TIMESTAMP_SEC,ENGINE_RPM,PROP_RPM,TPS,CHT_1,CHT_2,CHT_3,CHT_4,EGT_1,EGT_2,EGT_3,EGT_4,OIL_PRESS,OIL_TEMP,FUEL_FLOW,FUEL_RAIL_P,MAP,VIB_GEARBOX_RMS,BUS_VOLTAGE,BATTERY_CURRENT,FADEC_ACTIVE_LANE,ALTITUDE_FT,OAT_C,TAS_KNOTS,FLIGHT_PHASE,THEATER,DIAG_FAULT_ID,HEALTH_INDEX
1788497957.63,5153.2,2120.7,72.0,87.8,90.1,87.3,89.7,780.7,785.9,782.2,786.1,4.76,66.9,12.5,3.0,43.8,0.74,14.1,4.0,LANE_A,20000.0,-22.0,88.0,CRUISE_LOITER,LADAKH,0,1.0
1788497958.211,5136.7,2113.9,72.0,87.8,90.2,87.2,89.8,782.5,787.5,783.4,786.1,4.81,66.4,12.5,3.0,43.6,0.73,14.12,4.0,LANE_A,20000.0,-22.0,88.1,CRUISE_LOITER,LADAKH,0,1.0
1788497958.72,5152.7,2120.4,72.0,87.6,90.4,87.1,89.8,780.8,785.4,783.7,786.6,4.81,66.5,12.4,3.0,43.7,0.72,14.06,4.2,LANE_A,20000.0,-22.0,88.1,CRUISE_LOITER,LADAKH,0,1.0
1788497959.305,5148.3,2118.7,72.0,88.0,90.3,87.0,90.0,781.1,786.0,781.2,784.8,4.78,66.5,12.5,3.0,43.7,0.74,14.13,4.2,LANE_A,20000.0,-22.0,88.2,CRUISE_LOITER,LADAKH,0,1.0
1788497959.878,5169.5,2127.4,72.0,87.9,90.2,87.1,89.8,780.5,785.4,782.5,786.8,4.74,66.5,12.7,3.0,43.8,0.7,14.11,4.2,LANE_A,20000.0,-22.0,88.2,CRUISE_LOITER,LADAKH,0,1.0
1788497960.401,5132.9,2112.3,72.0,87.6,90.3,86.9,89.4,782.3,786.3,783.9,787.0,4.74,66.1,12.6,3.0,43.7,0.74,14.05,3.9,LANE_A,20000.0,-22.0,88.3,CRUISE_LOITER,LADAKH,0,1.0
1788497960.899,5148.6,2118.8,72.0,87.6,90.3,87.1,89.6,780.3,787.1,782.9,783.6,4.79,66.4,12.5,3.0,43.4,0.76,14.12,4.0,LANE_A,20000.0,-22.0,88.3,CRUISE_LOITER,LADAKH,0,1.0
1788497961.477,5170.0,2127.6,72.0,87.9,90.4,87.1,89.8,779.8,786.3,782.2,786.7,4.8,66.4,12.6,3.0,43.8,0.74,14.1,4.1,LANE_A,20000.0,-22.0,88.4,CRUISE_LOITER,LADAKH,0,1.0
1788497962.005,5129.5,2110.9,72.0,87.8,90.2,86.9,89.5,783.6,784.9,784.2,783.4,4.75,66.5,12.6,3.0,43.6,0.71,14.1,4.0,LANE_A,20000.0,-22.0,88.4,CRUISE_LOITER,LADAKH,0,1.0
1788497962.786,5146.6,2117.9,72.0,87.5,90.1,87.0,89.6,781.7,785.5,783.5,784.1,4.78,66.4,12.5,3.0,43.9,0.71,14.08,4.0,LANE_A,20000.0,-22.0,88.5,CRUISE_LOITER,LADAKH,0,1.0
1788497963.781,5161.4,2124.0,72.0,87.5,89.9,87.1,89.2,781.8,784.3,779.3,785.7,4.76,66.5,12.4,3.0,43.7,0.72,14.11,4.0,LANE_A,20000.0,-22.0,88.5,CRUISE_LOITER,LADAKH,0,1.0
1788497964.39,5157.0,2122.2,72.0,87.5,89.9,86.7,89.4,779.6,782.8,781.9,783.6,4.75,66.1,12.6,3.0,43.6,0.71,14.07,3.9,LANE_A,20000.0,-22.0,88.6,CRUISE_LOITER,LADAKH,0,1.0
1788497964.936,5150.6,2119.6,72.0,87.5,90.0,86.8,89.7,781.1,784.3,780.7,786.4,4.77,66.5,12.4,3.0,43.7,0.73,14.1,3.8,LANE_A,20000.0,-22.0,88.6,CRUISE_LOITER,LADAKH,0,1.0
1788497965.479,5133.6,2112.6,72.0,87.3,89.9,87.0,89.4,779.6,786.1,782.1,784.9,4.79,66.2,12.6,3.0,43.5,0.71,14.09,4.1,LANE_A,20000.0,-22.0,88.7,CRUISE_LOITER,LADAKH,0,1.0
1788497966.01,5165.8,2125.8,72.0,87.4,89.7,86.7,89.7,780.1,784.9,781.3,783.8,4.79,66.2,12.5,3.0,43.7,0.76,14.07,4.1,LANE_A,20000.0,-22.0,88.7,CRUISE_LOITER,LADAKH,0,1.0
1788497966.535,5147.6,2118.4,72.0,87.4,89.9,86.5,89.7,780.4,785.9,781.6,783.9,4.76,66.2,12.4,3.0,43.4,0.73,14.1,4.1,LANE_A,20000.0,-22.0,88.8,CRUISE_LOITER,LADAKH,0,1.0
1788497967.072,5173.0,2128.8,72.0,87.4,89.8,86.9,89.0,779.9,786.5,782.1,785.1,4.8,66.0,12.3,3.0,43.5,0.74,14.09,4.2,LANE_A,20000.0,-22.0,88.8,CRUISE_LOITER,LADAKH,0,1.0
1788497967.61,5157.3,2122.4,72.0,87.2,89.8,86.7,89.2,779.0,785.3,783.2,787.9,4.73,66.1,12.4,3.0,43.4,0.75,14.07,4.0,LANE_A,20000.0,-22.0,88.9,CRUISE_LOITER,LADAKH,0,1.0
1788497968.156,5147.5,2118.3,72.0,87.2,89.9,86.6,89.2,779.4,784.9,782.0,785.3,4.78,65.8,12.6,3.0,43.3,0.73,14.14,3.9,LANE_A,20000.0,-22.0,88.9,CRUISE_LOITER,LADAKH,0,1.0
1788497968.706,5147.1,2118.2,72.0,87.2,89.7,86.6,89.2,780.1,785.9,781.8,785.8,4.8,66.1,12.6,3.0,43.5,0.75,14.09,4.0,LANE_A,20000.0,-22.0,89.0,CRUISE_LOITER,LADAKH,0,1.0
1788497969.228,5148.0,2118.5,72.0,87.4,89.8,86.8,89.2,779.7,783.5,784.0,785.7,4.81,66.2,12.5,3.0,43.4,0.72,14.06,4.1,LANE_A,20000.0,-22.0,89.0,CRUISE_LOITER,LADAKH,0,1.0
1788497969.757,5167.1,2126.4,72.0,87.1,89.7,86.5,89.0,781.0,785.0,781.4,784.9,4.79,66.2,12.5,3.0,43.5,0.72,14.12,4.1,LANE_A,20000.0,-22.0,89.1,CRUISE_LOITER,LADAKH,0,1.0
1788497970.349,5126.5,2109.7,72.0,86.9,90.2,86.6,89.5,779.9,787.9,782.4,786.0,4.76,65.8,12.5,3.0,43.6,0.72,14.1,4.0,LANE_A,20000.0,-22.0,89.1,CRUISE_LOITER,LADAKH,1,0.99
1788497971.086,5154.6,2121.2,72.0,87.7,89.8,86.6,89.2,782.9,784.7,782.5,785.4,4.79,66.1,12.4,3.0,43.3,0.75,14.09,4.2,LANE_A,20000.0,-22.0,89.2,CRUISE_LOITER,LADAKH,2,0.98
1788497971.66,5137.3,2114.1,72.0,86.8,89.7,86.6,88.9,782.0,782.1,782.0,782.5,4.81,66.0,12.4,3.0,43.7,0.75,14.09,4.0,LANE_A,20000.0,-22.0,89.2,CRUISE_LOITER,LADAKH,3,0.98
1788497972.191,5158.1,2122.7,72.0,87.2,89.8,86.5,89.0,781.3,771.9,783.9,786.1,4.77,66.2,12.6,3.0,43.6,0.9,14.11,4.1,LANE_A,20000.0,-22.0,89.3,CRUISE_LOITER,LADAKH,3,0.94
1788497972.743,5150.4,2119.5,72.0,87.1,89.7,86.6,88.8,780.1,784.0,782.8,785.8,4.75,65.9,12.5,3.0,43.5,0.7,14.09,4.1,LANE_A,20000.0,-22.0,89.3,CRUISE_LOITER,LADAKH,0,1.0
1788497973.304,5146.8,2118.0,72.0,87.1,89.4,86.8,89.0,781.2,784.9,781.9,786.7,4.74,66.0,12.6,3.0,43.3,0.73,14.11,3.9,LANE_A,20000.0,-22.0,89.4,CRUISE_LOITER,LADAKH,0,1.0
1788497973.824,5142.9,2116.4,72.0,86.7,89.4,86.2,88.9,779.5,786.5,783.7,785.7,4.79,65.9,12.5,3.0,43.3,0.71,14.11,4.1,LANE_A,20000.0,-22.0,89.4,CRUISE_LOITER,LADAKH,0,1.0
1788497974.354,5145.6,2117.5,72.0,87.0,89.4,86.1,89.3,779.4,784.3,783.7,785.2,4.74,65.8,12.5,3.0,43.4,0.72,14.1,3.9,LANE_A,20000.0,-22.0,89.5,CRUISE_LOITER,LADAKH,0,1.0
1788497974.918,5171.2,2128.1,72.0,87.0,89.5,86.5,88.9,781.6,784.7,781.7,784.8,4.81,65.9,12.5,3.0,43.4,0.75,14.09,4.0,LANE_A,20000.0,-22.0,89.5,CRUISE_LOITER,LADAKH,0,1.0
1788497975.507,5140.7,2115.5,72.0,86.6,89.7,86.4,89.3,778.4,784.6,783.4,784.3,4.79,65.7,12.4,3.0,43.4,0.72,14.09,4.0,LANE_A,20000.0,-22.0,89.6,CRUISE_LOITER,LADAKH,0,1.0
1788497976.066,5162.2,2124.3,72.0,87.0,89.5,86.2,89.0,781.1,784.3,782.8,787.2,4.81,66.2,12.5,3.0,43.2,0.72,14.09,4.0,LANE_A,20000.0,-22.0,89.6,CRUISE_LOITER,LADAKH,0,1.0
1788497976.664,5162.2,2124.4,72.0,86.8,89.2,86.6,88.9,782.7,784.1,782.3,783.2,4.78,66.0,12.5,3.0,43.4,0.73,14.11,4.1,LANE_A,20000.0,-22.0,89.7,CRUISE_LOITER,LADAKH,0,1.0
1788497977.246,5169.7,2127.4,72.0,86.9,89.5,86.5,88.9,782.0,785.9,783.9,782.9,4.83,65.9,12.4,3.0,43.2,0.71,14.09,3.9,LANE_A,20000.0,-22.0,89.7,CRUISE_LOITER,LADAKH,0,1.0
1788497978.029,5143.9,2116.8,72.0,86.9,89.3,86.3,88.3,780.2,784.5,781.3,785.7,4.8,66.0,12.2,3.0,43.3,0.73,14.1,4.3,LANE_A,20000.0,-22.0,89.8,CRUISE_LOITER,LADAKH,0,1.0
1788497978.716,5148.6,2118.8,72.0,87.0,89.5,86.4,88.7,779.8,785.1,781.1,785.2,4.8,65.6,12.5,3.0,43.3,0.73,14.12,4.1,LANE_A,20000.0,-22.0,89.8,CRUISE_LOITER,LADAKH,0,1.0
1788497979.26,5167.5,2126.5,72.0,86.8,89.2,86.1,88.3,781.3,783.0,781.3,785.5,4.78,66.0,12.5,3.0,43.5,0.74,14.06,4.1,LANE_A,20000.0,-22.0,89.9,CRUISE_LOITER,LADAKH,0,1.0
1788497979.78,5172.8,2128.7,72.0,86.8,89.1,86.1,88.4,777.8,785.3,780.4,787.6,4.75,65.7,12.5,3.0,43.1,0.72,14.13,4.2,LANE_A,20000.0,-22.0,89.9,CRUISE_LOITER,LADAKH,0,1.0
1788497980.344,5151.5,2120.0,72.0,87.0,89.3,85.7,88.7,780.3,785.4,782.5,785.6,4.79,65.8,12.6,3.0,43.5,0.71,14.13,4.2,LANE_A,20000.0,-22.0,89.9,CRUISE_LOITER,LADAKH,0,1.0
1788497980.849,5159.2,2123.1,72.0,86.9,89.0,86.0,88.7,778.1,783.1,782.4,787.0,4.77,65.5,12.6,3.0,43.3,0.71,14.11,4.0,LANE_A,20000.0,-22.0,90.0,CRUISE_LOITER,LADAKH,0,1.0
1788497981.533,5166.5,2126.1,72.0,86.7,89.1,86.1,88.6,781.0,784.9,780.6,782.8,4.8,65.5,12.7,3.0,43.5,0.73,14.09,3.9,LANE_A,20000.0,-22.0,90.0,CRUISE_LOITER,LADAKH,0,1.0
1788497982.066,5159.7,2123.3,72.0,86.5,89.0,86.0,88.5,779.4,785.2,784.0,788.1,4.81,65.5,12.6,3.0,43.3,0.72,14.13,4.0,LANE_A,20000.0,-22.0,90.1,CRUISE_LOITER,LADAKH,0,1.0
1788497982.633,5162.3,2124.4,72.0,86.6,89.2,85.7,88.7,779.4,785.3,783.9,784.0,4.78,65.5,12.4,3.0,43.1,0.72,14.11,4.1,LANE_A,20000.0,-22.0,90.1,CRUISE_LOITER,LADAKH,0,1.0
1788497983.619,5152.7,2120.4,72.0,87.0,89.1,86.1,88.7,778.7,785.8,781.5,783.6,4.8,65.3,12.4,3.0,43.4,0.71,14.1,4.0,LANE_A,20000.0,-22.0,90.2,CRUISE_LOITER,LADAKH,0,1.0
1788497984.549,5180.4,2131.8,72.0,86.5,89.0,86.2,88.4,781.4,783.0,784.0,785.3,4.79,65.4,12.6,3.0,43.3,0.72,14.08,4.1,LANE_A,20000.0,-22.0,90.2,CRUISE_LOITER,LADAKH,0,1.0
1788497985.118,5159.5,2123.2,72.0,86.2,89.1,85.9,88.6,779.6,785.6,782.2,784.5,4.79,65.5,12.4,3.0,43.4,0.72,14.1,3.9,LANE_A,20000.0,-22.0,90.3,CRUISE_LOITER,LADAKH,0,1.0
1788497985.65,5156.1,2121.8,72.0,86.5,89.1,85.9,88.2,779.0,787.3,782.5,785.5,4.75,65.3,12.4,3.0,43.2,0.7,14.12,4.2,LANE_A,20000.0,-22.0,90.3,CRUISE_LOITER,LADAKH,0,1.0
1788497986.462,5163.5,2124.9,72.0,86.6,89.0,85.8,88.5,777.5,783.8,782.7,785.8,4.83,65.6,12.5,2.9,43.0,0.71,14.09,3.9,LANE_A,20000.0,-22.0,90.4,CRUISE_LOITER,LADAKH,0,1.0
1788497987.183,5159.6,2123.3,72.0,86.6,89.0,85.8,88.8,781.3,786.4,781.8,784.7,4.86,65.4,12.4,3.0,43.1,0.71,14.09,4.0,LANE_A,20000.0,-22.0,90.4,CRUISE_LOITER,LADAKH,0,1.0
1788497988.714,5148.8,2118.9,72.0,86.4,89.2,85.7,88.9,778.8,785.9,781.9,786.3,4.84,65.3,12.3,3.0,43.2,0.72,14.07,4.2,LANE_A,20000.0,-22.0,90.4,CRUISE_LOITER,LADAKH,0,1.0
1788497989.33,5172.6,2128.6,72.0,86.4,88.7,85.7,88.3,781.6,786.3,782.7,785.5,4.82,65.3,12.5,3.0,43.0,0.76,14.06,4.0,LANE_A,20000.0,-22.0,90.5,CRUISE_LOITER,LADAKH,0,1.0
1788497989.929,5158.5,2122.8,72.0,86.1,88.7,85.9,88.2,780.8,785.5,779.9,784.5,4.8,65.2,12.5,3.0,43.1,0.73,14.13,4.1,LANE_A,20000.0,-22.0,90.5,CRUISE_LOITER,LADAKH,0,1.0
1788497990.537,5176.7,2130.3,72.0,86.5,88.9,86.0,88.1,782.4,784.7,783.5,786.8,4.78,65.6,12.3,3.0,43.1,0.72,14.08,4.0,LANE_A,20000.0,-22.0,90.6,CRUISE_LOITER,LADAKH,0,1.0
1788497991.124,5149.6,2119.2,72.0,86.5,88.9,85.9,88.4,776.8,783.4,783.0,783.9,4.83,65.1,12.5,3.0,43.2,0.74,14.11,4.1,LANE_A,20000.0,-22.0,90.6,CRUISE_LOITER,LADAKH,0,1.0
1788497991.805,5156.5,2122.0,72.0,86.2,89.0,85.6,88.1,780.3,785.2,781.0,784.1,4.78,65.0,12.5,3.0,43.3,0.7,14.09,4.2,LANE_A,20000.0,-22.0,90.7,CRUISE_LOITER,LADAKH,0,1.0
1788497992.712,5174.6,2129.5,72.0,86.2,88.6,85.8,88.3,779.4,785.2,781.9,783.8,4.82,65.3,12.5,3.0,43.1,0.74,14.1,4.1,LANE_A,20000.0,-22.0,90.7,CRUISE_LOITER,LADAKH,0,1.0
1788497993.378,5185.2,2133.8,72.0,86.1,88.8,85.8,88.5,778.8,786.5,782.2,785.0,4.84,65.2,12.5,3.0,43.0,0.73,14.11,3.9,LANE_A,20000.0,-22.0,90.7,CRUISE_LOITER,LADAKH,0,1.0
1788497994.308,5142.5,2116.3,72.0,86.2,88.5,85.7,88.0,777.8,783.9,780.9,783.8,4.79,65.2,12.4,3.0,43.1,0.71,14.09,4.0,LANE_A,20000.0,-22.0,90.8,CRUISE_LOITER,LADAKH,0,1.0
1788497995.075,5137.7,2114.3,72.0,85.9,88.8,85.7,88.2,779.4,785.8,782.5,784.0,4.79,65.1,12.4,3.0,43.0,0.73,14.12,4.1,LANE_A,20000.0,-22.0,90.8,CRUISE_LOITER,LADAKH,0,1.0
1788497995.776,5168.3,2126.9,72.0,86.1,88.7,85.6,88.1,779.8,786.1,780.3,784.4,4.82,65.2,12.5,3.0,42.8,0.72,14.12,3.9,LANE_A,20000.0,-22.0,90.9,CRUISE_LOITER,LADAKH,0,1.0
1788497996.364,5176.7,2130.3,72.0,85.8,88.6,85.3,88.1,779.7,783.4,783.8,784.0,4.78,65.3,12.6,3.0,43.1,0.71,14.07,4.1,LANE_A,20000.0,-22.0,90.9,CRUISE_LOITER,LADAKH,0,1.0
1788497999.834,5159.9,2123.4,72.0,86.3,88.7,85.6,88.2,780.5,784.0,780.9,784.7,4.78,64.8,12.4,3.0,43.1,0.75,14.1,4.1,LANE_A,20000.0,-22.0,90.9,CRUISE_LOITER,LADAKH,0,1.0
1788498000.536,5154.1,2121.0,72.0,85.9,88.7,85.7,88.2,780.1,784.6,783.0,784.2,4.83,65.0,12.3,3.0,43.0,0.74,14.08,4.0,LANE_A,20000.0,-22.0,91.0,CRUISE_LOITER,LADAKH,0,1.0
1788498001.176,5178.1,2130.9,72.0,86.1,88.6,85.5,88.1,780.0,785.7,780.5,781.8,4.81,65.0,12.5,3.0,42.8,0.74,14.12,4.3,LANE_A,20000.0,-22.0,91.0,CRUISE_LOITER,LADAKH,0,1.0
1788498001.69,5167.1,2126.4,72.0,85.9,88.5,85.9,87.9,780.0,783.1,781.5,785.3,4.76,65.1,12.4,3.0,43.2,0.72,14.12,4.0,LANE_A,20000.0,-22.0,91.1,CRUISE_LOITER,LADAKH,0,1.0
1788498002.258,5140.3,2115.3,72.0,85.8,88.4,85.2,88.0,779.3,784.7,783.6,783.2,4.78,64.9,12.5,3.0,43.0,0.74,14.12,3.9,LANE_A,20000.0,-22.0,91.1,CRUISE_LOITER,LADAKH,0,1.0
1788498002.793,5167.8,2126.7,72.0,85.9,88.2,85.4,87.8,779.6,785.5,781.4,783.0,4.85,64.8,12.3,3.0,43.1,0.7,14.09,3.9,LANE_A,20000.0,-22.0,91.1,CRUISE_LOITER,LADAKH,0,1.0
1788498003.306,5161.5,2124.1,72.0,85.9,88.5,85.4,88.0,778.8,784.7,781.8,786.4,4.81,64.7,12.4,3.0,42.9,0.72,14.1,3.9,LANE_A,20000.0,-22.0,91.2,CRUISE_LOITER,LADAKH,0,1.0
1788498003.899,5172.2,2128.5,72.0,86.2,88.5,85.6,88.0,781.0,785.6,780.6,784.5,4.78,64.9,12.6,3.0,42.8,0.69,14.09,4.0,LANE_A,20000.0,-22.0,91.2,CRUISE_LOITER,LADAKH,0,1.0
1788498004.546,5167.7,2126.6,72.0,85.9,88.5,85.4,87.7,777.8,783.4,781.7,786.3,4.83,64.7,12.4,3.0,43.0,0.73,14.11,4.0,LANE_A,20000.0,-22.0,91.3,CRUISE_LOITER,LADAKH,0,1.0
1788498005.836,5186.0,2134.2,72.0,86.0,88.1,85.0,87.6,779.4,783.3,782.7,785.0,4.8,64.8,12.3,3.0,42.9,0.72,14.09,4.0,LANE_A,20000.0,-22.0,91.3,CRUISE_LOITER,LADAKH,0,1.0
1788498008.726,5169.9,2127.5,72.0,85.8,88.3,85.6,87.6,777.8,785.5,780.4,783.3,4.76,64.7,12.4,3.0,42.7,0.71,14.06,4.0,LANE_A,20000.0,-22.0,91.3,CRUISE_LOITER,LADAKH,0,1.0
1788498010.309,5162.9,2124.7,72.0,85.7,88.3,85.3,87.6,780.3,784.8,782.4,785.8,4.84,64.7,12.4,3.0,43.0,0.69,14.12,3.9,LANE_A,20000.0,-22.0,91.4,CRUISE_LOITER,LADAKH,0,1.0
1788498010.858,5175.3,2129.7,72.0,85.9,88.5,85.4,87.3,779.1,786.6,782.6,785.9,4.82,64.5,12.3,3.0,42.9,0.7,14.07,4.0,LANE_A,20000.0,-22.0,91.4,CRUISE_LOITER,LADAKH,0,1.0
1788498011.397,5158.6,2122.9,72.0,86.2,87.9,85.4,88.0,781.5,783.8,783.1,784.7,4.77,64.9,12.2,3.0,42.8,0.73,14.08,4.1,LANE_A,20000.0,-22.0,91.4,CRUISE_LOITER,LADAKH,0,1.0
1788498011.95,5171.1,2128.0,72.0,85.5,88.0,85.6,88.1,779.6,784.8,781.0,785.5,4.8,64.7,12.4,3.0,42.8,0.71,14.09,3.9,LANE_A,20000.0,-22.0,91.5,CRUISE_LOITER,LADAKH,0,1.0
1788498012.503,5167.2,2126.4,72.0,85.9,88.2,85.2,87.7,777.6,783.3,781.0,783.9,4.78,64.6,12.5,3.0,42.7,0.72,14.11,4.1,LANE_A,20000.0,-22.0,91.5,CRUISE_LOITER,LADAKH,0,1.0
1788498013.059,5165.7,2125.8,72.0,85.6,88.0,85.2,87.8,777.0,784.3,782.9,784.7,4.82,64.7,12.3,3.0,42.8,0.74,14.12,3.9,LANE_A,20000.0,-22.0,91.6,CRUISE_LOITER,LADAKH,0,1.0
1788498013.609,5165.6,2125.8,72.0,85.5,88.4,85.1,87.6,781.4,784.2,780.2,784.8,4.79,64.7,12.4,3.0,42.8,0.72,14.07,4.1,LANE_A,20000.0,-22.0,91.6,CRUISE_LOITER,LADAKH,0,1.0
1788498014.152,5142.3,2116.2,72.0,85.8,88.2,85.1,87.8,779.8,784.4,779.7,785.6,4.85,64.7,12.5,3.0,42.9,0.71,14.08,3.9,LANE_A,20000.0,-22.0,91.6,CRUISE_LOITER,LADAKH,0,1.0
1788498014.754,5173.9,2129.2,72.0,85.6,88.2,85.1,88.0,781.1,781.6,780.3,784.1,4.79,64.3,12.4,3.0,42.9,0.72,14.09,4.1,LANE_A,20000.0,-22.0,91.7,CRUISE_LOITER,LADAKH,0,1.0
1788498015.296,5182.3,2132.7,72.0,85.9,88.2,85.1,87.9,777.2,786.9,779.1,781.8,4.81,64.5,12.2,3.0,42.8,0.72,14.06,4.0,LANE_A,20000.0,-22.0,91.7,CRUISE_LOITER,LADAKH,0,1.0
1788498015.845,5151.0,2119.7,72.0,85.5,87.8,85.0,87.6,780.0,786.2,781.3,782.6,4.81,64.6,12.2,3.0,42.6,0.76,14.07,4.1,LANE_A,20000.0,-22.0,91.7,CRUISE_LOITER,LADAKH,0,1.0
1788498016.408,5190.2,2135.9,72.0,85.7,87.8,84.6,87.6,779.7,785.1,778.0,784.4,4.83,64.5,12.3,3.0,42.5,0.73,14.09,4.2,LANE_A,20000.0,-22.0,91.8,CRUISE_LOITER,LADAKH,0,1.0
1788498016.995,5169.8,2127.5,72.0,85.2,89.8,84.8,87.6,781.4,786.1,783.0,784.4,4.83,65.0,12.3,3.0,42.8,0.76,14.09,4.0,LANE_A,20000.0,-22.0,91.8,CRUISE_LOITER,LADAKH,1,0.97
1788498017.541,5169.1,2127.2,72.0,85.6,93.2,85.0,88.3,779.6,787.3,782.4,784.9,4.85,65.7,12.5,3.0,42.8,0.73,14.1,4.0,LANE_A,20000.0,-22.0,91.8,CRUISE_LOITER,LADAKH,1,0.91
1788498018.087,5197.8,2139.0,72.0,85.4,96.2,84.9,88.0,778.2,789.0,783.1,785.5,4.79,66.6,12.3,3.0,42.7,0.72,14.11,4.0,LANE_A,20000.0,-22.0,91.9,CRUISE_LOITER,LADAKH,1,0.84
1788498018.643,5163.8,2125.0,72.0,85.1,100.0,85.2,88.4,780.8,792.4,783.1,787.6,4.8,67.4,12.3,3.0,42.9,0.72,14.05,4.0,LANE_A,20000.0,-22.0,91.9,CRUISE_LOITER,LADAKH,1,0.78
1788498019.207,5157.2,2122.3,72.0,85.3,102.7,85.1,88.9,779.1,795.4,781.6,782.9,4.8,68.1,12.4,3.0,42.9,0.69,14.11,3.9,LANE_A,20000.0,-22.0,91.9,CRUISE_LOITER,LADAKH,1,0.72
1788498019.768,5173.7,2129.1,72.0,85.3,106.4,84.8,89.0,780.5,795.2,781.9,784.4,4.8,69.3,12.5,3.0,42.6,0.72,14.1,4.0,LANE_A,20000.0,-22.0,91.9,CRUISE_LOITER,LADAKH,1,0.66
1788498020.32,5182.5,2132.7,72.0,85.2,109.5,84.8,89.7,778.5,798.7,780.5,783.8,4.82,70.0,12.3,3.0,42.5,0.75,14.07,3.9,LANE_A,20000.0,-22.0,92.0,CRUISE_LOITER,LADAKH,1,0.59
1788498020.89,5171.5,2128.2,72.0,85.6,113.1,85.0,89.6,779.2,799.5,783.0,784.9,4.84,70.9,12.3,3.0,42.7,0.71,14.1,4.0,LANE_A,20000.0,-22.0,92.0,CRUISE_LOITER,LADAKH,1,0.53
1788498021.445,5166.1,2126.0,72.0,85.1,115.9,84.8,90.2,779.2,801.5,782.4,783.0,4.83,71.9,12.3,3.0,42.4,0.7,14.07,4.1,LANE_A,20000.0,-22.0,92.0,CRUISE_LOITER,LADAKH,1,0.47
1788498022.0,5197.5,2138.9,72.0,85.3,119.3,84.9,90.7,778.1,805.5,782.9,785.5,4.77,72.8,12.4,3.0,42.5,0.73,14.09,4.0,LANE_A,20000.0,-22.0,92.1,CRUISE_LOITER,LADAKH,1,0.41
1788498022.547,5193.7,2137.3,72.0,85.2,122.4,84.7,91.0,780.3,803.9,779.1,784.9,4.82,73.6,12.2,3.0,42.7,0.73,14.15,4.1,LANE_A,20000.0,-22.0,92.1,CRUISE_LOITER,LADAKH,1,0.34
1788498023.111,5195.4,2138.0,72.0,85.1,126.1,84.9,91.2,779.6,809.0,782.8,784.4,4.82,74.3,12.3,3.0,42.7,0.7,14.07,4.0,LANE_A,20000.0,-22.0,92.1,CRUISE_LOITER,LADAKH,1,0.28
1788498023.651,5163.9,2125.1,72.0,85.2,127.9,84.8,91.2,776.4,807.6,780.7,785.1,4.84,74.8,12.3,3.0,42.6,0.73,14.12,4.1,LANE_A,20000.0,-22.0,92.2,CRUISE_LOITER,LADAKH,1,0.25
1788498024.199,5182.4,2132.7,72.0,85.3,127.7,84.5,91.5,779.9,810.9,781.6,784.0,4.83,74.8,12.2,3.0,42.4,0.71,14.11,4.2,LANE_A,20000.0,-22.0,92.2,CRUISE_LOITER,LADAKH,1,0.25
1788498024.755,5179.6,2131.5,72.0,85.2,127.9,84.8,91.2,778.6,807.5,779.9,784.2,4.75,74.5,12.3,3.0,42.6,0.71,14.08,4.1,LANE_A,20000.0,-22.0,92.2,CRUISE_LOITER,LADAKH,1,0.25
1788498025.324,5157.5,2122.4,72.0,85.2,127.5,84.6,91.3,781.9,809.2,782.6,786.6,4.82,74.9,12.3,3.0,42.5,0.7,14.14,4.1,LANE_A,20000.0,-22.0,92.2,CRUISE_LOITER,LADAKH,1,0.25
1788498025.876,5173.0,2128.8,72.0,85.0,127.5,84.8,91.0,777.7,806.9,781.6,784.6,4.9,74.5,12.4,3.0,42.5,0.74,14.05,4.1,LANE_A,20000.0,-22.0,92.3,CRUISE_LOITER,LADAKH,1,0.25
1788498026.417,5162.4,2124.5,72.0,85.1,127.7,84.8,91.2,778.2,809.0,781.9,784.0,4.86,74.6,12.3,3.0,42.5,0.75,14.11,3.9,LANE_A,20000.0,-22.0,92.3,CRUISE_LOITER,LADAKH,1,0.25
1788498026.964,5157.9,2122.6,72.0,85.0,127.7,84.7,91.2,779.0,810.0,780.2,785.7,4.82,74.5,12.3,3.0,42.4,0.73,14.14,4.2,LANE_A,20000.0,-22.0,92.3,CRUISE_LOITER,LADAKH,1,0.25
1788498027.514,5162.8,2124.6,72.0,84.7,127.8,84.6,91.1,779.4,809.8,782.1,784.8,4.86,74.7,12.4,3.0,42.5,0.68,14.09,4.0,LANE_A,20000.0,-22.0,92.3,CRUISE_LOITER,LADAKH,1,0.25
1788498028.074,5185.8,2134.1,72.0,85.3,127.3,84.6,91.0,778.6,809.2,781.9,786.2,4.83,74.5,12.2,3.0,42.4,0.73,14.11,4.1,LANE_A,20000.0,-22.0,92.4,CRUISE_LOITER,LADAKH,1,0.25
1788498028.619,5205.5,2142.2,72.0,85.1,127.4,84.5,91.1,779.6,807.1,782.1,782.8,4.81,74.3,12.2,3.0,42.4,0.71,14.06,4.2,LANE_A,20000.0,-22.0,92.4,CRUISE_LOITER,LADAKH,1,0.25
1788498029.171,5154.0,2121.0,72.0,84.8,127.6,84.4,91.0,779.9,808.2,783.3,783.1,4.81,74.2,12.3,3.0,42.3,0.74,14.12,4.1,LANE_A,20000.0,-22.0,92.4,CRUISE_LOITER,LADAKH,1,0.25
1788498030.028,5169.7,2127.4,72.0,85.1,127.4,84.4,90.9,778.4,806.8,782.0,784.7,4.83,74.6,12.1,3.0,42.5,0.74,14.12,4.0,LANE_A,20000.0,-22.0,92.4,CRUISE_LOITER,LADAKH,1,0.25
1788498030.588,5171.6,2128.2,72.0,85.1,127.3,84.3,91.0,778.5,808.9,782.5,784.2,4.82,74.5,12.3,3.0,42.5,0.72,14.07,4.3,LANE_A,20000.0,-22.0,92.5,CRUISE_LOITER,LADAKH,1,0.25
1788498031.138,5186.7,2134.4,72.0,85.2,127.7,84.5,91.0,777.9,806.8,780.5,786.3,4.82,74.2,12.2,3.0,42.2,0.72,14.11,4.1,LANE_A,20000.0,-22.0,92.5,CRUISE_LOITER,LADAKH,1,0.25
1788498031.689,5153.9,2120.9,72.0,84.9,127.2,84.2,90.7,779.9,807.9,782.1,785.4,4.83,74.2,12.3,3.0,42.5,0.71,14.13,4.0,LANE_A,20000.0,-22.0,92.5,CRUISE_LOITER,LADAKH,1,0.25
1788498032.221,5184.8,2133.7,72.0,84.6,127.2,84.6,90.7,779.1,808.1,780.8,784.4,4.83,74.5,12.2,3.0,42.5,0.74,14.14,4.1,LANE_A,20000.0,-22.0,92.5,CRUISE_LOITER,LADAKH,1,0.25
1788498032.771,5170.3,2127.7,72.0,84.9,127.4,84.5,90.9,779.0,808.9,782.7,782.2,4.8,74.6,12.2,3.0,42.5,0.7,14.11,4.0,LANE_A,20000.0,-22.0,92.5,CRUISE_LOITER,LADAKH,1,0.25
1788498033.323,5179.3,2131.4,72.0,84.7,127.6,84.2,90.8,778.5,809.0,781.0,783.1,4.81,74.2,12.4,3.0,42.5,0.73,14.07,4.0,LANE_A,20000.0,-22.0,92.6,CRUISE_LOITER,LADAKH,1,0.25
1788498033.878,5175.1,2129.7,72.0,84.7,127.2,84.2,90.6,778.4,808.0,780.6,785.8,4.77,74.4,12.2,3.0,42.4,0.72,14.12,4.0,LANE_A,20000.0,-22.0,92.6,CRUISE_LOITER,LADAKH,1,0.25
1788498034.445,5165.5,2125.7,72.0,84.7,127.6,84.2,90.8,780.1,808.3,781.5,784.5,4.81,74.3,12.3,3.0,42.2,0.74,14.08,3.9,LANE_A,20000.0,-22.0,92.6,CRUISE_LOITER,LADAKH,1,0.25
1788498035.05,5196.0,2138.3,72.0,84.7,127.5,84.2,91.1,780.9,807.1,782.2,783.9,4.8,74.3,12.1,3.0,42.4,0.72,14.12,4.1,LANE_A,20000.0,-22.0,92.6,CRUISE_LOITER,LADAKH,1,0.25
1788498035.587,5180.8,2132.0,72.0,84.8,127.0,84.4,90.8,780.0,809.2,781.8,782.7,4.82,74.2,12.3,3.0,42.3,0.72,14.05,4.1,LANE_A,20000.0,-22.0,92.6,CRUISE_LOITER,LADAKH,1,0.25
1788498036.144,5182.2,2132.6,72.0,84.6,127.3,84.8,90.9,778.2,808.2,783.7,783.6,4.89,74.3,12.2,3.0,42.1,0.71,14.07,3.9,LANE_A,20000.0,-22.0,92.7,CRUISE_LOITER,LADAKH,1,0.25
1788498036.7,5175.0,2129.6,72.0,84.8,127.3,84.0,90.9,779.2,809.2,780.6,785.4,4.79,74.2,12.3,3.0,42.3,0.74,14.1,4.1,LANE_A,20000.0,-22.0,92.7,CRUISE_LOITER,LADAKH,1,0.25
1788498037.25,5166.5,2126.1,72.0,85.0,127.1,84.2,90.5,778.4,805.9,782.0,784.8,4.83,74.2,12.3,3.0,42.1,0.72,14.11,4.1,LANE_A,20000.0,-22.0,92.7,CRUISE_LOITER,LADAKH,1,0.25
1788498037.793,5186.9,2134.5,72.0,84.6,126.9,84.0,90.9,780.8,807.5,780.4,782.8,4.83,74.2,12.2,3.0,42.2,0.7,14.08,4.1,LANE_A,20000.0,-22.0,92.7,CRUISE_LOITER,LADAKH,1,0.25
1788498038.35,5169.6,2127.4,72.0,84.7,127.3,84.4,90.6,778.3,806.5,779.5,783.3,4.85,74.2,12.2,3.0,42.3,0.71,14.09,4.1,LANE_A,20000.0,-22.0,92.7,CRUISE_LOITER,LADAKH,1,0.25
1788498038.898,5179.5,2131.5,72.0,84.8,127.1,83.8,90.6,777.9,810.2,780.4,785.5,4.8,74.3,12.2,3.0,42.1,0.72,14.09,3.8,LANE_A,20000.0,-22.0,92.7,CRUISE_LOITER,LADAKH,1,0.25
1788498039.44,5199.6,2139.8,72.0,84.7,127.2,84.0,90.6,778.0,808.9,782.0,782.9,4.88,74.2,12.3,3.0,42.3,0.72,14.05,4.1,LANE_A,20000.0,-22.0,92.8,CRUISE_LOITER,LADAKH,1,0.25
1788498039.987,5192.8,2137.0,72.0,84.2,126.9,84.2,90.5,779.2,807.8,781.0,783.2,4.86,74.4,12.2,3.0,42.3,0.75,14.08,3.9,LANE_A,20000.0,-22.0,92.8,CRUISE_LOITER,LADAKH,1,0.25
1788498040.539,5184.8,2133.7,72.0,84.5,127.2,84.0,90.3,778.5,808.4,782.0,783.9,4.85,73.6,12.2,3.0,42.1,0.72,14.11,4.0,LANE_A,20000.0,-22.0,92.8,CRUISE_LOITER,LADAKH,1,0.25
1788498041.079,5186.1,2134.2,72.0,84.3,126.7,83.9,90.3,780.2,809.5,780.7,783.2,4.85,74.2,12.1,3.0,42.1,0.71,14.05,3.9,LANE_A,20000.0,-22.0,92.8,CRUISE_LOITER,LADAKH,1,0.25
1788498041.612,5177.3,2130.6,72.0,84.5,126.9,83.9,90.7,777.2,808.1,780.3,782.1,4.81,74.1,12.1,3.0,42.4,0.74,14.13,4.0,LANE_A,20000.0,-22.0,92.8,CRUISE_LOITER,LADAKH,1,0.25
1788498042.154,5198.4,2139.3,72.0,84.4,127.2,84.1,90.7,780.5,809.5,780.9,783.0,4.83,74.1,12.1,3.0,42.3,0.72,14.1,4.0,LANE_A,20000.0,-22.0,92.8,CRUISE_LOITER,LADAKH,1,0.25
1788498042.697,5183.4,2133.1,72.0,84.5,126.8,84.0,90.3,777.2,806.6,781.2,784.6,4.79,73.9,12.3,3.0,42.3,0.73,14.09,4.0,LANE_A,20000.0,-22.0,92.8,CRUISE_LOITER,LADAKH,1,0.25
1788498043.252,5175.2,2129.7,72.0,84.2,127.3,84.3,90.3,781.2,805.7,780.6,785.0,4.79,73.9,12.2,3.0,42.1,0.73,14.12,4.0,LANE_A,20000.0,-22.0,92.9,CRUISE_LOITER,LADAKH,1,0.25
1788498043.81,5169.9,2127.5,72.0,84.2,127.1,84.2,90.5,779.5,807.4,781.2,782.6,4.82,73.9,12.1,3.0,42.3,0.7,14.1,4.1,LANE_A,20000.0,-22.0,92.9,CRUISE_LOITER,LADAKH,1,0.25
1788498044.376,5193.8,2137.4,72.0,84.5,126.6,83.7,90.7,778.1,808.8,781.7,782.6,4.82,74.2,12.3,3.0,42.2,0.73,14.12,3.9,LANE_A,20000.0,-22.0,92.9,CRUISE_LOITER,LADAKH,1,0.25
1788498044.902,5178.8,2131.2,72.0,84.8,127.1,83.7,90.1,778.1,808.9,779.3,785.6,4.8,74.0,12.1,3.0,42.3,0.72,14.14,3.8,LANE_A,20000.0,-22.0,92.9,CRUISE_LOITER,LADAKH,1,0.25
1788498045.459,5182.7,2132.8,72.0,84.7,127.0,83.9,90.7,778.1,808.1,779.8,783.5,4.84,73.8,12.3,3.0,42.0,0.73,14.1,4.0,LANE_A,20000.0,-22.0,92.9,CRUISE_LOITER,LADAKH,1,0.25
1788498046.013,5177.5,2130.7,72.0,84.5,126.7,83.8,90.4,776.4,805.5,783.0,784.3,4.8,73.8,12.3,3.0,42.0,0.74,14.06,4.0,LANE_A,20000.0,-22.0,92.9,CRUISE_LOITER,LADAKH,1,0.25
1788498046.574,5167.4,2126.5,72.0,84.5,126.7,84.0,90.2,779.4,809.9,780.5,783.5,4.85,73.8,12.3,3.0,42.2,0.73,14.08,4.2,LANE_A,20000.0,-22.0,92.9,CRUISE_LOITER,LADAKH,1,0.25
1788498047.128,5186.9,2134.5,72.0,84.1,127.0,84.0,90.5,778.1,807.9,780.2,785.3,4.85,73.9,12.3,3.0,42.1,0.72,14.09,4.1,LANE_A,20000.0,-22.0,92.9,CRUISE_LOITER,LADAKH,1,0.25
1788498047.675,5178.7,2131.1,72.0,84.4,126.8,83.5,89.9,778.8,809.8,781.5,784.6,4.84,73.6,12.1,3.0,42.1,0.73,14.12,4.0,LANE_A,20000.0,-22.0,92.9,CRUISE_LOITER,LADAKH,1,0.25
1788498048.222,5181.1,2132.1,72.0,84.0,126.5,83.8,90.3,778.6,810.5,780.8,784.3,4.82,73.9,12.3,3.0,42.0,0.71,14.12,4.0,LANE_A,20000.0,-22.0,92.9,CRUISE_LOITER,LADAKH,1,0.25
1788498048.765,5197.5,2138.9,72.0,84.2,126.7,83.9,90.3,778.8,808.4,782.0,783.3,4.88,74.0,12.1,3.0,42.1,0.74,14.08,4.0,LANE_A,20000.0,-22.0,93.0,CRUISE_LOITER,LADAKH,1,0.25
1788498049.318,5179.8,2131.6,72.0,84.4,126.6,83.9,89.7,776.7,807.7,779.3,784.0,4.88,73.9,12.1,3.0,41.8,0.72,14.12,4.1,LANE_A,20000.0,-22.0,93.0,CRUISE_LOITER,LADAKH,1,0.25
1788498049.857,5202.7,2141.0,72.0,84.2,126.7,84.2,90.3,779.4,806.4,781.5,784.6,4.86,73.9,12.0,3.0,42.2,0.72,14.12,4.1,LANE_A,20000.0,-22.0,93.0,CRUISE_LOITER,LADAKH,1,0.25
1788498050.416,5176.5,2130.2,72.0,84.2,126.5,84.0,90.2,778.2,807.8,780.3,784.1,4.85,73.7,12.1,3.0,41.8,0.71,14.08,4.2,LANE_A,20000.0,-22.0,93.0,CRUISE_LOITER,LADAKH,1,0.25
1788498050.964,5171.6,2128.2,72.0,83.8,126.8,83.7,90.1,780.1,807.0,779.9,783.4,4.85,73.8,12.1,3.0,42.1,0.75,14.1,3.9,LANE_A,20000.0,-22.0,93.0,CRUISE_LOITER,LADAKH,1,0.25
1788498051.53,5203.6,2141.4,72.0,84.3,126.5,83.7,90.5,777.5,807.9,782.3,783.3,4.87,73.6,12.3,3.0,41.8,0.72,14.09,4.1,LANE_A,20000.0,-22.0,93.0,CRUISE_LOITER,LADAKH,1,0.25
1788498052.124,5190.2,2135.9,72.0,84.2,126.5,83.8,90.1,779.2,809.0,779.8,783.7,4.82,73.6,12.1,3.0,42.1,0.72,14.08,4.0,LANE_A,20000.0,-22.0,93.0,CRUISE_LOITER,LADAKH,1,0.25
1788498052.754,5176.7,2130.3,72.0,84.3,126.8,83.7,90.5,777.6,808.0,781.3,785.0,4.81,73.8,12.2,3.0,42.0,0.71,14.1,3.9,LANE_A,20000.0,-22.0,93.0,CRUISE_LOITER,LADAKH,1,0.25
1788498053.342,5183.6,2133.2,72.0,84.2,126.5,83.6,90.5,779.6,806.8,781.0,781.8,4.86,73.8,12.2,3.0,42.0,0.73,14.09,4.0,LANE_A,20000.0,-22.0,93.0,CRUISE_LOITER,LADAKH,1,0.25
1788498053.923,5165.2,2125.6,72.0,83.9,126.6,83.4,89.9,780.5,809.2,781.0,783.9,4.86,73.5,12.3,3.0,41.8,0.73,14.08,4.0,LANE_A,20000.0,-22.0,93.0,CRUISE_LOITER,LADAKH,1,0.25
1788498054.507,5196.3,2138.4,72.0,83.9,126.5,83.5,90.3,779.0,808.8,780.0,783.9,4.87,73.7,12.2,3.0,41.8,0.75,14.08,4.1,LANE_A,20000.0,-22.0,93.0,CRUISE_LOITER,LADAKH,1,0.25
1788498055.188,5185.8,2134.1,72.0,84.2,126.8,83.3,90.2,779.4,806.1,780.3,783.1,4.87,73.8,12.3,3.0,41.8,0.71,14.11,4.0,LANE_A,20000.0,-22.0,93.0,CRUISE_LOITER,LADAKH,1,0.25
1788498055.742,5184.9,2133.7,72.0,84.3,126.6,83.6,90.0,777.5,807.8,779.6,784.5,4.78,73.6,12.0,3.0,41.8,0.71,14.1,3.9,LANE_A,20000.0,-22.0,93.0,CRUISE_LOITER,LADAKH,1,0.25
1788498056.347,5204.7,2141.9,72.0,84.1,126.5,83.6,90.1,779.0,811.0,782.3,781.2,4.79,73.4,12.2,3.0,41.9,0.73,14.09,4.0,LANE_A,20000.0,-22.0,93.0,CRUISE_LOITER,LADAKH,1,0.25
1788498056.845,5187.3,2134.7,72.0,84.2,126.5,83.5,90.0,781.2,806.0,780.4,780.8,4.85,73.8,12.2,3.0,41.7,0.7,14.09,4.0,LANE_A,20000.0,-22.0,93.0,CRUISE_LOITER,LADAKH,1,0.25
1788498057.351,5192.6,2136.9,72.0,84.0,126.6,83.6,90.0,780.0,808.1,781.7,783.5,4.81,73.6,12.2,3.0,42.0,0.72,14.12,3.9,LANE_A,20000.0,-22.0,93.0,CRUISE_LOITER,LADAKH,1,0.25
1788498057.857,5197.8,2139.0,72.0,83.8,126.4,83.6,89.8,777.7,807.0,782.3,781.1,4.86,73.4,12.2,3.0,41.9,0.74,14.14,3.9,LANE_A,20000.0,-22.0,93.0,CRUISE_LOITER,LADAKH,1,0.25
1788498058.34,5167.2,2126.4,72.0,83.8,86.6,83.2,86.3,778.0,783.5,780.4,785.5,4.86,62.9,12.2,3.0,42.1,0.73,14.12,4.0,LANE_A,20000.0,-22.0,93.0,CRUISE_LOITER,LADAKH,0,1.0
1788498058.852,5202.4,2140.9,72.0,84.2,86.8,83.3,86.1,778.1,782.1,781.8,781.5,4.87,63.0,12.1,3.0,41.8,0.74,14.08,4.2,LANE_A,20000.0,-22.0,93.0,CRUISE_LOITER,LADAKH,0,1.0
1788498059.359,5192.5,2136.8,72.0,84.0,86.3,83.7,86.1,776.8,782.9,778.3,782.6,4.84,62.9,12.3,3.0,41.8,0.7,14.1,4.0,LANE_A,20000.0,-22.0,93.0,CRUISE_LOITER,LADAKH,0,1.0
1788498059.865,5177.0,2130.4,72.0,84.1,86.6,83.4,85.6,777.7,782.3,779.8,784.1,4.81,63.0,12.1,3.0,41.8,0.71,14.11,4.0,LANE_A,20000.0,-22.0,93.0,CRUISE_LOITER,LADAKH,0,1.0
1788498060.942,5187.7,2134.9,72.0,84.0,86.0,83.4,86.0,776.8,783.9,781.2,786.0,4.83,62.8,12.2,3.0,41.6,0.71,14.1,4.1,LANE_A,20000.0,-22.0,93.0,CRUISE_LOITER,LADAKH,0,1.0
1788498061.521,5192.6,2136.9,72.0,83.8,86.4,83.5,85.8,778.0,782.3,780.9,783.9,4.85,63.1,12.1,3.0,42.0,0.72,14.1,4.0,LANE_A,20000.0,-22.0,93.0,CRUISE_LOITER,LADAKH,0,1.0
1788498062.087,5185.5,2133.9,72.0,84.3,86.4,83.4,86.0,777.8,783.1,779.6,783.2,4.83,63.0,12.1,3.0,41.8,0.71,14.1,4.2,LANE_A,20000.0,-22.0,93.0,CRUISE_LOITER,LADAKH,0,1.0
1788498062.917,5218.3,2147.5,72.0,83.9,86.5,83.1,85.8,778.5,781.9,780.8,784.4,4.8,63.0,12.1,3.0,41.8,0.72,14.12,4.1,LANE_A,20000.0,-22.0,93.0,CRUISE_LOITER,LADAKH,0,1.0
1788498063.691,5191.5,2136.4,72.0,84.0,86.5,83.4,85.6,779.2,783.9,779.7,785.0,4.85,62.8,12.2,3.0,41.8,0.72,14.11,4.0,LANE_A,20000.0,-22.0,93.0,CRUISE_LOITER,LADAKH,0,1.0
1788498065.301,5186.4,2134.3,72.0,83.8,86.2,83.2,86.2,779.1,784.1,778.5,781.1,4.86,63.0,12.1,3.0,41.8,0.74,14.08,4.0,LANE_A,20000.0,-22.0,93.0,CRUISE_LOITER,LADAKH,0,1.0
1788498065.915,5182.9,2132.9,72.0,84.0,86.2,83.6,85.7,776.4,783.5,779.9,784.2,4.88,62.6,12.2,3.0,41.8,0.75,14.12,4.0,LANE_A,20000.0,-22.0,93.0,CRUISE_LOITER,LADAKH,0,1.0
1788498066.477,5188.9,2135.3,72.0,83.9,86.2,83.3,86.0,778.9,783.9,779.9,784.0,4.81,62.8,12.1,3.0,42.0,0.74,14.12,4.0,LANE_A,20000.0,-22.0,93.0,CRUISE_LOITER,LADAKH,0,1.0
1788498067.045,5172.0,2128.4,72.0,84.2,86.1,83.7,86.0,777.4,782.7,779.7,784.4,4.84,62.7,12.2,3.0,41.9,0.7,14.1,3.9,LANE_A,20000.0,-22.0,92.9,CRUISE_LOITER,LADAKH,0,1.0
1788498067.6,5192.9,2137.0,72.0,83.6,86.2,83.5,85.8,778.2,784.3,781.8,780.7,4.88,62.7,12.1,3.0,41.9,0.73,14.11,4.2,LANE_A,20000.0,-22.0,92.9,CRUISE_LOITER,LADAKH,0,1.0
1788498068.175,5192.8,2137.0,72.0,84.2,86.4,83.6,86.0,777.0,781.1,779.8,785.4,4.88,63.0,12.2,3.0,41.6,0.74,14.1,4.0,LANE_A,20000.0,-22.0,92.9,CRUISE_LOITER,LADAKH,0,1.0
1788498068.74,5198.8,2139.4,72.0,83.9,86.3,83.3,85.5,779.7,781.0,781.6,785.4,4.85,62.8,12.1,3.0,41.7,0.71,14.13,4.1,LANE_A,20000.0,-22.0,92.9,CRUISE_LOITER,LADAKH,0,1.0
1788498069.303,5190.4,2136.0,72.0,83.7,86.4,83.2,85.6,778.2,783.8,780.0,781.7,4.88,62.8,12.1,3.0,41.6,0.72,14.13,4.0,LANE_A,20000.0,-22.0,92.9,CRUISE_LOITER,LADAKH,0,1.0
1788498069.868,5186.7,2134.4,72.0,83.7,86.1,83.3,85.5,779.5,782.0,782.2,782.8,4.84,62.8,12.1,3.0,41.7,0.75,14.11,4.1,LANE_A,20000.0,-22.0,92.9,CRUISE_LOITER,LADAKH,0,1.0
1788498070.468,5184.5,2133.6,72.0,84.1,86.2,83.3,85.7,779.2,782.7,779.5,782.0,4.82,62.5,12.2,3.0,41.7,0.74,14.13,4.0,LANE_A,20000.0,-22.0,92.9,CRUISE_LOITER,LADAKH,0,1.0
1788498071.045,5170.0,2127.6,72.0,84.0,86.0,83.4,85.7,777.8,781.9,780.1,783.9,4.86,62.8,12.2,3.0,41.8,0.74,14.06,4.0,LANE_A,20000.0,-22.0,92.9,CRUISE_LOITER,LADAKH,0,1.0
1788498071.619,5182.8,2132.8,72.0,83.5,86.0,83.0,85.8,775.2,784.8,780.1,782.4,4.82,62.5,12.0,3.0,41.6,0.73,14.1,4.1,LANE_A,20000.0,-22.0,92.9,CRUISE_LOITER,LADAKH,0,1.0
1788498072.184,5192.9,2137.0,72.0,83.5,86.1,82.9,85.7,779.6,783.6,781.3,781.8,4.87,62.7,12.1,3.0,41.8,0.72,14.07,3.9,LANE_A,20000.0,-22.0,92.9,CRUISE_LOITER,LADAKH,0,1.0
1788498072.753,5189.9,2135.8,72.0,83.7,86.1,83.1,85.6,778.0,783.7,781.5,783.8,4.83,62.6,12.2,3.0,41.5,0.71,14.1,3.9,LANE_A,20000.0,-22.0,92.8,CRUISE_LOITER,LADAKH,0,1.0
1788498073.357,5196.9,2138.7,72.0,83.5,86.2,83.2,85.6,777.3,783.4,781.4,783.9,4.87,62.4,12.1,3.0,41.5,0.75,14.12,4.1,LANE_A,20000.0,-22.0,92.8,CRUISE_LOITER,LADAKH,0,1.0
1788498073.972,5189.9,2135.8,72.0,83.5,86.5,83.4,85.4,778.2,782.1,782.1,783.8,4.87,62.8,12.2,3.0,41.5,0.72,14.1,4.0,LANE_A,20000.0,-22.0,92.8,CRUISE_LOITER,LADAKH,0,1.0
1788498074.663,5169.0,2127.2,72.0,83.8,86.3,82.8,85.7,778.0,784.5,780.5,782.7,4.87,62.7,12.1,3.0,41.8,0.73,14.11,3.8,LANE_A,20000.0,-22.0,92.8,CRUISE_LOITER,LADAKH,0,1.0
1788498075.248,5203.9,2141.5,72.0,83.8,86.2,82.9,85.6,777.6,785.2,778.0,782.4,4.83,62.5,12.2,3.0,41.8,0.73,14.13,4.0,LANE_A,20000.0,-22.0,92.8,CRUISE_LOITER,LADAKH,0,1.0
1788498075.832,5200.9,2140.3,72.0,83.8,85.7,83.5,85.3,778.7,781.7,780.7,782.9,4.82,62.9,12.2,3.0,41.3,0.71,14.1,4.1,LANE_A,20000.0,-22.0,92.8,CRUISE_LOITER,LADAKH,0,1.0
1788498076.417,5183.9,2133.3,72.0,83.6,85.8,82.8,85.6,779.5,784.1,782.0,783.3,4.91,62.6,12.1,3.0,41.4,0.71,14.1,4.1,LANE_A,20000.0,-22.0,92.8,CRUISE_LOITER,LADAKH,0,1.0
1788498077.02,5181.8,2132.4,72.0,83.7,86.1,83.1,85.5,777.5,782.8,782.3,781.6,4.83,62.6,12.2,3.0,41.4,0.73,14.07,4.2,LANE_A,20000.0,-22.0,92.7,CRUISE_LOITER,LADAKH,0,1.0
1788498077.625,5173.1,2128.9,72.0,83.4,86.3,83.0,85.6,777.8,783.7,778.8,783.7,4.84,62.4,12.2,3.0,41.5,0.75,14.09,3.9,LANE_A,20000.0,-22.0,92.7,CRUISE_LOITER,LADAKH,0,1.0
1788498078.237,5184.3,2133.5,72.0,83.6,86.1,83.2,85.0,779.8,783.6,779.5,782.9,4.83,62.7,11.9,3.0,41.6,0.72,14.1,4.0,LANE_A,20000.0,-22.0,92.7,CRUISE_LOITER,LADAKH,0,1.0
1788498078.859,5183.0,2132.9,72.0,83.5,86.1,83.0,85.6,777.4,784.6,780.4,782.1,4.84,62.7,12.1,3.0,41.4,0.73,14.12,4.0,LANE_A,20000.0,-22.0,92.7,CRUISE_LOITER,LADAKH,0,1.0
1788498079.519,5209.8,2144.0,72.0,83.2,86.0,82.9,85.8,776.8,786.0,778.3,781.7,4.83,62.5,11.9,3.0,41.6,0.73,14.12,4.0,LANE_A,20000.0,-22.0,92.7,CRUISE_LOITER,LADAKH,0,1.0
1788498080.172,5189.1,2135.4,72.0,83.5,86.3,82.7,85.6,780.3,783.8,779.2,783.1,4.8,62.6,12.0,3.0,41.6,0.72,14.06,3.9,LANE_A,20000.0,-22.0,92.7,CRUISE_LOITER,LADAKH,0,1.0
1788498080.786,5185.5,2134.0,72.0,83.6,85.9,82.9,85.3,781.4,784.7,780.1,781.4,4.85,62.4,12.1,3.0,41.5,0.72,14.12,4.1,LANE_A,20000.0,-22.0,92.6,CRUISE_LOITER,LADAKH,0,1.0
1788498081.489,5206.3,2142.5,72.0,83.5,85.9,82.8,85.5,776.5,784.0,778.6,783.0,4.86,62.5,12.1,3.0,41.5,0.73,14.08,4.1,LANE_A,20000.0,-22.0,92.6,CRUISE_LOITER,LADAKH,0,1.0
1788498082.153,5199.5,2139.7,72.0,83.6,85.8,82.7,85.8,778.3,781.6,779.4,782.8,4.88,62.5,12.1,3.0,41.6,0.73,14.08,3.9,LANE_A,20000.0,-22.0,92.6,CRUISE_LOITER,LADAKH,0,1.0
1788498082.893,5180.6,2131.9,72.0,83.5,85.8,82.9,85.5,777.6,784.1,778.4,783.0,4.88,62.2,11.9,2.9,41.6,0.71,14.07,4.0,LANE_A,20000.0,-22.0,92.6,CRUISE_LOITER,LADAKH,0,1.0
1788498083.614,5179.8,2131.6,72.0,83.5,86.1,83.0,85.7,778.7,784.3,781.7,783.5,4.9,62.4,12.0,3.0,41.3,0.71,14.09,3.9,LANE_A,20000.0,-22.0,92.6,CRUISE_LOITER,LADAKH,0,1.0
1788498084.319,5204.3,2141.7,72.0,83.2,85.5,82.8,85.8,778.0,784.3,780.1,784.3,4.89,62.7,12.2,3.0,41.4,0.73,14.1,3.9,LANE_A,20000.0,-22.0,92.5,CRUISE_LOITER,LADAKH,0,1.0
1788498085.035,5215.7,2146.4,72.0,83.2,85.9,83.3,85.4,777.9,785.0,781.7,783.1,4.83,62.4,12.1,3.0,41.3,0.73,14.08,4.2,LANE_A,20000.0,-22.0,92.5,CRUISE_LOITER,LADAKH,0,1.0
1788498085.619,5203.8,2141.5,72.0,83.6,85.8,82.9,85.6,778.4,783.5,778.8,781.0,4.83,62.1,12.0,3.0,41.3,0.73,14.11,4.0,LANE_A,20000.0,-22.0,92.5,CRUISE_LOITER,LADAKH,0,1.0
1788498086.183,5191.1,2136.3,72.0,83.3,86.0,82.9,85.4,777.7,783.2,778.8,782.8,4.86,62.4,12.0,3.0,41.4,0.73,14.11,4.2,LANE_A,20000.0,-22.0,92.5,CRUISE_LOITER,LADAKH,0,1.0
1788498086.728,5166.0,2125.9,72.0,83.1,85.9,82.8,85.2,775.6,782.3,780.7,783.3,4.87,62.2,11.9,3.0,41.5,0.72,14.12,4.1,LANE_A,20000.0,-22.0,92.5,CRUISE_LOITER,LADAKH,0,1.0
1788498087.264,5188.7,2135.3,72.0,83.4,85.8,82.8,85.4,776.4,781.2,780.4,782.8,4.84,62.5,11.9,3.0,41.3,0.73,14.12,4.0,LANE_A,20000.0,-22.0,92.4,CRUISE_LOITER,LADAKH,0,1.0
1788498087.834,5189.6,2135.6,72.0,83.2,86.0,82.8,85.2,774.0,784.2,778.4,784.7,4.85,62.4,12.1,3.0,41.3,0.75,14.1,4.1,LANE_A,20000.0,-22.0,92.4,CRUISE_LOITER,LADAKH,0,1.0
1788498088.391,5196.2,2138.4,72.0,83.2,85.9,82.8,85.3,780.4,783.4,780.2,783.8,4.84,62.4,12.1,3.0,41.4,0.74,14.1,3.8,LANE_A,20000.0,-22.0,92.4,CRUISE_LOITER,LADAKH,0,1.0
1788498088.977,5207.6,2143.0,72.0,83.4,85.6,82.8,85.4,778.2,784.3,780.5,784.9,4.79,62.4,12.1,3.0,41.5,0.72,14.11,4.0,LANE_A,20000.0,-22.0,92.4,CRUISE_LOITER,LADAKH,0,1.0
1788498089.582,5189.5,2135.6,72.0,83.3,85.5,83.2,85.4,776.9,783.2,779.9,782.2,4.8,62.4,12.0,3.0,41.3,0.75,14.14,3.9,LANE_A,20000.0,-22.0,92.3,CRUISE_LOITER,LADAKH,0,1.0
1788498090.167,5204.5,2141.8,72.0,83.0,86.0,82.9,85.4,779.5,784.6,779.7,783.9,4.82,62.5,12.0,3.0,41.4,0.71,14.05,4.0,LANE_A,20000.0,-22.0,92.3,CRUISE_LOITER,LADAKH,0,1.0
1788498090.782,5189.6,2135.6,72.0,83.3,85.7,82.6,85.3,778.8,783.6,779.4,783.4,4.84,62.5,12.0,3.0,41.4,0.74,14.06,3.9,LANE_A,20000.0,-22.0,92.3,CRUISE_LOITER,LADAKH,0,1.0
1788498091.341,5174.0,2129.2,72.0,83.3,85.7,82.7,85.0,779.5,779.7,780.8,782.0,4.83,62.1,11.9,3.0,41.4,0.75,14.09,4.0,LANE_A,20000.0,-22.0,92.3,CRUISE_LOITER,LADAKH,0,1.0
1788498091.886,5203.3,2141.3,72.0,83.2,85.9,82.6,85.1,776.5,780.9,781.4,781.2,4.81,62.2,12.0,3.0,41.2,0.74,14.09,4.0,LANE_A,20000.0,-22.0,92.2,CRUISE_LOITER,LADAKH,0,1.0
1788498092.467,5190.6,2136.1,72.0,83.3,85.4,82.8,85.0,778.2,784.8,780.6,783.1,4.86,62.3,11.9,3.0,41.2,0.72,14.1,4.0,LANE_A,20000.0,-22.0,92.2,CRUISE_LOITER,LADAKH,0,1.0
1788498093.057,5177.4,2130.6,72.0,83.6,85.7,82.8,85.4,778.4,784.6,780.5,782.4,4.83,62.4,12.1,3.0,41.2,0.74,14.05,3.9,LANE_A,20000.0,-22.0,92.2,CRUISE_LOITER,LADAKH,0,1.0
1788498093.704,5195.3,2138.0,72.0,83.4,85.5,82.4,85.3,778.3,782.8,777.3,783.4,4.87,62.2,12.0,3.0,41.2,0.72,14.14,3.9,LANE_A,20000.0,-22.0,92.2,CRUISE_LOITER,LADAKH,0,1.0
1788498094.333,5173.7,2129.1,72.0,83.2,85.6,82.6,85.2,777.2,783.2,780.3,784.6,4.81,62.2,12.1,3.0,41.1,0.73,14.12,4.0,LANE_A,20000.0,-22.0,92.1,CRUISE_LOITER,LADAKH,0,1.0
1788498095.078,5191.5,2136.4,72.0,83.3,85.7,82.9,85.1,777.8,781.3,780.3,783.2,4.83,62.1,11.9,3.0,41.3,0.73,14.1,3.9,LANE_A,20000.0,-22.0,92.1,CRUISE_LOITER,LADAKH,0,1.0
1788498095.711,5203.7,2141.4,72.0,83.3,85.6,82.8,85.1,779.4,784.1,780.9,782.7,4.88,62.0,12.0,3.0,41.5,0.73,14.14,3.9,LANE_A,20000.0,-22.0,92.1,CRUISE_LOITER,LADAKH,0,1.0
1788498096.325,5206.5,2142.6,72.0,83.1,85.8,82.6,85.2,779.7,779.4,779.0,782.4,4.85,62.4,12.1,3.0,41.2,0.72,14.1,4.2,LANE_A,20000.0,-22.0,92.0,CRUISE_LOITER,LADAKH,0,1.0
1788498096.941,5196.5,2138.5,72.0,83.1,85.8,82.9,85.2,778.7,781.2,782.0,784.7,4.86,62.1,12.2,3.0,41.1,0.72,14.09,4.2,LANE_A,20000.0,-22.0,92.0,CRUISE_LOITER,LADAKH,0,1.0
1788498097.481,5192.2,2136.7,72.0,83.3,85.6,82.8,84.9,779.2,785.6,781.2,782.3,4.85,62.2,12.0,3.0,41.1,0.72,14.1,4.0,LANE_A,20000.0,-22.0,92.0,CRUISE_LOITER,LADAKH,0,1.0
1788498098.036,5205.5,2142.2,72.0,82.8,85.4,82.6,85.3,777.0,781.1,778.0,783.9,4.85,62.1,12.0,3.0,41.4,0.74,14.08,4.0,LANE_A,20000.0,-22.0,92.0,CRUISE_LOITER,LADAKH,0,1.0
1788498098.587,5191.3,2136.3,72.0,82.8,85.7,82.7,85.1,777.2,781.1,781.0,782.2,4.91,62.2,12.0,3.0,41.1,0.74,14.07,4.0,LANE_A,20000.0,-22.0,91.9,CRUISE_LOITER,LADAKH,0,1.0
1788498099.152,5197.7,2139.0,72.0,83.2,85.6,82.8,85.0,779.7,784.6,780.1,782.2,4.85,62.2,12.0,3.0,41.0,0.73,14.09,4.0,LANE_A,20000.0,-22.0,91.9,CRUISE_LOITER,LADAKH,0,1.0
1788498099.711,5202.5,2140.9,72.0,83.1,85.6,82.5,85.2,777.6,783.8,781.4,782.9,4.89,62.1,12.1,3.0,41.2,0.74,14.1,4.1,LANE_A,20000.0,-22.0,91.9,CRUISE_LOITER,LADAKH,0,1.0
1788498100.293,5192.0,2136.6,72.0,83.2,85.5,82.6,85.1,781.1,784.8,780.1,784.1,4.86,62.0,11.9,3.0,41.0,0.75,14.09,4.0,LANE_A,20000.0,-22.0,91.8,CRUISE_LOITER,LADAKH,0,1.0
1788498100.834,5183.0,2132.9,72.0,83.1,85.5,82.4,85.2,777.9,781.5,781.8,782.1,4.83,61.8,12.0,3.0,41.1,0.76,14.07,4.0,LANE_A,20000.0,-22.0,91.8,CRUISE_LOITER,LADAKH,0,1.0
1788498101.384,5185.3,2133.9,72.0,83.1,85.4,82.6,85.2,778.8,783.5,781.0,783.2,4.91,62.1,12.0,3.0,41.2,0.71,14.13,4.1,LANE_A,20000.0,-22.0,91.8,CRUISE_LOITER,LADAKH,0,1.0
1788498101.932,5177.7,2130.7,72.0,82.8,85.7,82.8,84.9,777.9,781.8,779.0,781.9,4.85,62.0,12.0,3.0,41.1,0.7,14.08,4.1,LANE_A,20000.0,-22.0,91.7,CRUISE_LOITER,LADAKH,0,1.0
1788498102.477,5209.2,2143.7,72.0,83.1,85.5,82.5,85.2,778.9,781.7,780.5,781.9,4.83,62.1,12.2,3.0,41.0,0.71,14.1,4.2,LANE_A,20000.0,-22.0,91.7,CRUISE_LOITER,LADAKH,0,1.0
1788498103.056,5199.0,2139.5,72.0,83.3,85.4,82.5,85.1,778.1,784.5,780.2,782.5,4.91,62.2,12.1,3.0,41.1,0.73,14.12,3.8,LANE_A,20000.0,-22.0,91.7,CRUISE_LOITER,LADAKH,0,1.0
1788498103.68,5196.3,2138.4,72.0,83.0,85.4,82.7,84.9,780.3,781.3,778.3,782.8,4.85,62.0,11.9,3.0,40.8,0.7,14.08,4.1,LANE_A,20000.0,-22.0,91.6,CRUISE_LOITER,LADAKH,0,1.0
1788498104.267,5184.2,2133.4,72.0,83.1,85.8,82.5,84.9,777.7,782.5,782.1,783.3,4.88,62.0,12.0,3.0,40.9,0.72,14.08,3.9,LANE_A,20000.0,-22.0,91.6,CRUISE_LOITER,LADAKH,0,1.0
1788498104.863,5194.5,2137.7,72.0,83.2,85.2,82.7,84.8,776.8,781.8,777.7,783.6,4.83,62.3,12.1,3.0,41.1,0.72,14.13,4.2,LANE_A,20000.0,-22.0,91.6,CRUISE_LOITER,LADAKH,0,1.0
1788498105.471,5194.9,2137.8,72.0,82.8,85.9,82.2,85.0,777.3,783.2,780.0,782.0,4.85,62.1,12.0,3.0,41.0,0.76,14.11,3.9,LANE_A,20000.0,-22.0,91.5,CRUISE_LOITER,LADAKH,0,1.0
1788498106.035,5179.8,2131.6,72.0,83.2,85.5,82.4,85.3,778.4,783.6,779.7,783.6,4.86,62.2,11.9,3.0,41.0,0.73,14.1,3.9,LANE_A,20000.0,-22.0,91.5,CRUISE_LOITER,LADAKH,0,1.0
1788498106.589,5171.3,2128.1,72.0,82.8,85.4,82.5,84.8,778.5,781.3,781.8,783.6,4.82,62.0,11.9,3.0,41.1,0.74,14.09,3.8,LANE_A,20000.0,-22.0,91.5,CRUISE_LOITER,LADAKH,0,1.0
1788498107.141,5187.8,2134.9,72.0,83.0,85.8,82.6,84.9,778.7,785.0,779.6,782.4,4.88,62.0,11.9,3.0,41.2,0.72,14.12,4.2,LANE_A,20000.0,-22.0,91.4,CRUISE_LOITER,LADAKH,0,1.0
1788498107.684,5187.4,2134.7,72.0,82.7,85.6,82.5,84.6,776.1,783.6,780.6,785.7,4.89,61.9,11.9,3.0,40.8,0.71,14.11,3.8,LANE_A,20000.0,-22.0,91.4,CRUISE_LOITER,LADAKH,0,1.0
1788498108.223,5206.8,2142.7,72.0,82.9,85.7,82.6,85.3,775.8,783.5,782.6,783.2,4.81,62.0,12.0,3.0,40.9,0.75,14.06,4.2,LANE_A,20000.0,-22.0,91.3,CRUISE_LOITER,LADAKH,0,1.0
1788498108.77,5183.3,2133.0,72.0,82.9,85.4,82.5,84.9,778.5,783.3,779.2,781.7,4.84,62.0,11.7,3.0,41.1,0.73,14.08,4.1,LANE_A,20000.0,-22.0,91.3,CRUISE_LOITER,LADAKH,0,1.0
1788498109.312,5186.2,2134.2,72.0,83.2,85.5,82.2,85.1,777.8,781.4,781.3,783.9,4.84,61.6,11.9,3.0,40.8,0.73,14.11,4.0,LANE_A,20000.0,-22.0,91.3,CRUISE_LOITER,LADAKH,0,1.0
1788498109.871,5208.4,2143.4,72.0,83.1,85.8,82.2,85.0,777.8,780.2,778.6,784.1,4.85,62.0,11.9,3.0,40.9,0.73,14.1,3.8,LANE_A,20000.0,-22.0,91.2,CRUISE_LOITER,LADAKH,0,1.0
1788498110.408,5205.9,2142.4,72.0,82.9,85.3,82.5,84.8,777.9,783.8,779.9,784.1,4.86,62.1,12.0,3.0,41.0,0.74,14.11,4.0,LANE_A,20000.0,-22.0,91.2,CRUISE_LOITER,LADAKH,0,1.0
1788498110.945,5177.0,2130.4,72.0,82.8,85.4,82.3,85.0,777.6,781.4,779.5,784.8,4.86,62.0,11.9,3.0,41.1,0.74,14.09,4.0,LANE_A,20000.0,-22.0,91.2,CRUISE_LOITER,LADAKH,0,1.0
1788498111.509,5192.7,2136.9,72.0,83.0,85.3,82.6,84.7,777.2,782.2,780.8,782.6,4.83,62.0,12.1,3.0,41.0,0.74,14.1,4.0,LANE_A,20000.0,-22.0,91.1,CRUISE_LOITER,LADAKH,0,1.0
1788498112.038,5190.5,2136.0,72.0,82.6,85.2,82.5,85.0,778.7,783.4,779.2,783.4,4.85,61.8,12.0,3.0,41.1,0.73,14.13,4.1,LANE_A,20000.0,-22.0,91.1,CRUISE_LOITER,LADAKH,0,1.0
1788498112.586,5198.7,2139.4,72.0,82.8,85.2,82.2,84.8,778.7,781.7,779.7,782.9,4.92,61.6,12.0,3.0,40.9,0.71,14.11,3.9,LANE_A,20000.0,-22.0,91.0,CRUISE_LOITER,LADAKH,0,1.0
1788498113.133,5196.5,2138.5,72.0,82.8,85.5,82.3,84.5,779.9,782.2,781.4,783.6,4.87,61.9,11.9,3.0,40.7,0.74,14.13,4.1,LANE_A,20000.0,-22.0,91.0,CRUISE_LOITER,LADAKH,0,1.0
1788498113.674,5175.7,2129.9,72.0,82.9,85.5,82.4,84.7,778.5,781.3,780.7,784.8,4.83,61.9,12.0,3.0,41.0,0.73,14.09,4.2,LANE_A,20000.0,-22.0,91.0,CRUISE_LOITER,LADAKH,0,1.0
1788498114.213,5200.1,2140.0,72.0,83.0,85.3,82.3,85.2,778.1,782.8,781.1,784.8,4.87,61.8,11.9,3.0,40.9,0.74,14.1,4.1,LANE_A,20000.0,-22.0,90.9,CRUISE_LOITER,LADAKH,0,1.0
1788498114.888,5161.5,2124.1,72.0,83.0,85.6,82.5,84.7,779.8,782.9,780.7,784.4,4.88,62.0,11.9,3.0,40.7,0.72,14.08,3.9,LANE_A,20000.0,-22.0,90.9,CRUISE_LOITER,LADAKH,0,1.0
1788498115.507,5195.9,2138.2,72.0,82.8,85.5,82.4,84.6,776.8,783.9,779.3,781.8,4.85,62.0,11.8,3.0,40.9,0.71,14.12,3.9,LANE_A,20000.0,-22.0,90.8,CRUISE_LOITER,LADAKH,0,1.0
1788498116.092,5183.2,2133.0,72.0,83.0,85.6,82.1,84.7,779.5,783.2,780.5,782.5,4.9,61.9,11.9,3.0,41.0,0.71,14.09,4.0,LANE_A,20000.0,-22.0,90.8,CRUISE_LOITER,LADAKH,0,1.0
1788498116.676,5190.1,2135.8,72.0,82.7,85.4,82.3,84.8,777.5,783.3,781.1,783.7,4.82,61.9,12.0,3.0,40.7,0.72,14.08,3.8,LANE_A,20000.0,-22.0,90.7,CRUISE_LOITER,LADAKH,0,1.0
1788498117.28,5195.2,2137.9,72.0,83.2,85.5,82.2,85.2,776.3,782.2,779.3,783.6,4.81,61.8,11.9,3.0,40.7,0.74,14.08,3.9,LANE_A,20000.0,-22.0,90.7,CRUISE_LOITER,LADAKH,0,1.0
1788498117.858,5182.7,2132.8,72.0,82.9,85.5,82.7,84.8,777.2,784.2,779.6,784.2,4.83,61.6,11.9,3.0,40.8,0.72,14.11,4.0,LANE_A,20000.0,-22.0,90.7,CRUISE_LOITER,LADAKH,0,1.0
1788498118.464,5199.9,2139.9,72.0,82.8,85.2,82.2,85.0,776.8,782.0,779.1,783.6,4.86,61.8,11.8,3.0,40.9,0.72,14.1,4.0,LANE_A,20000.0,-22.0,90.6,CRUISE_LOITER,LADAKH,0,1.0
1788498119.021,5191.0,2136.2,72.0,82.8,85.6,82.4,84.7,777.6,782.4,779.2,780.8,4.86,61.8,11.7,3.0,40.8,0.73,14.09,4.1,LANE_A,20000.0,-22.0,90.6,CRUISE_LOITER,LADAKH,0,1.0
1788498119.568,5181.8,2132.4,72.0,82.4,85.1,82.3,84.7,778.7,785.4,780.0,782.7,4.85,61.6,11.9,3.0,40.8,0.77,14.1,4.0,LANE_A,20000.0,-22.0,90.5,CRUISE_LOITER,LADAKH,0,1.0
1788498120.117,5201.3,2140.4,72.0,82.5,85.5,82.3,84.8,777.5,782.9,779.6,780.8,4.81,61.8,11.8,3.0,40.6,0.7,14.1,4.0,LANE_A,20000.0,-22.0,90.5,CRUISE_LOITER,LADAKH,0,1.0
1788498120.67,5203.8,2141.5,72.0,83.0,85.4,82.1,85.0,777.8,783.9,783.4,781.3,4.88,61.8,12.0,3.0,40.8,0.71,14.1,4.0,LANE_A,20000.0,-22.0,90.4,CRUISE_LOITER,LADAKH,0,1.0
1788498121.206,5200.2,2140.0,72.0,82.7,85.2,82.2,84.6,778.6,782.6,779.0,784.3,4.85,61.8,11.9,3.0,40.6,0.72,14.08,4.0,LANE_A,20000.0,-22.0,90.4,CRUISE_LOITER,LADAKH,0,1.0
1788498121.776,5202.6,2141.0,72.0,82.7,85.1,82.5,85.0,777.5,782.0,778.0,781.1,4.85,61.7,11.9,3.0,40.7,0.71,14.11,4.0,LANE_A,20000.0,-22.0,90.4,CRUISE_LOITER,LADAKH,0,1.0
1788498122.319,5174.2,2129.3,72.0,82.3,85.0,82.5,84.5,776.4,781.0,778.7,782.4,4.87,62.1,11.9,3.0,40.8,0.7,14.1,4.1,LANE_A,20000.0,-22.0,90.3,CRUISE_LOITER,LADAKH,0,1.0
1788498122.866,5205.5,2142.2,72.0,82.9,85.1,82.5,84.6,779.1,783.5,779.0,783.6,4.82,61.5,11.9,3.0,40.8,0.73,14.11,4.0,LANE_A,20000.0,-22.0,90.3,CRUISE_LOITER,LADAKH,0,1.0
1788498123.419,5189.3,2135.5,72.0,82.6,85.1,81.9,84.6,777.4,780.5,780.2,782.1,4.87,61.7,11.8,3.0,40.6,0.72,14.1,4.2,LANE_A,20000.0,-22.0,90.2,CRUISE_LOITER,LADAKH,0,1.0
1788498123.956,5188.7,2135.3,72.0,82.8,85.0,82.4,85.0,776.7,783.2,780.9,782.8,4.92,61.9,11.7,3.0,40.6,0.73,14.13,4.0,LANE_A,20000.0,-22.0,90.2,CRUISE_LOITER,LADAKH,0,1.0
1788498124.499,5184.5,2133.5,72.0,82.6,85.5,82.6,84.4,779.0,782.1,781.8,785.1,4.93,61.6,11.9,3.0,40.5,0.7,14.09,4.1,LANE_A,20000.0,-22.0,90.1,CRUISE_LOITER,LADAKH,0,1.0
1788498125.043,5178.8,2131.2,72.0,82.9,85.1,82.1,84.8,778.7,783.5,781.4,780.8,4.88,61.5,11.9,3.0,40.5,0.73,14.09,4.3,LANE_A,20000.0,-22.0,90.1,CRUISE_LOITER,LADAKH,0,1.0
1788498125.568,5174.8,2129.5,72.0,82.7,85.4,82.0,85.0,777.9,783.1,781.2,784.2,4.87,61.8,11.9,3.0,40.7,0.72,14.1,4.1,LANE_A,20000.0,-22.0,90.0,CRUISE_LOITER,LADAKH,0,1.0
1788498126.095,5172.8,2128.7,72.0,82.5,85.2,82.1,84.6,778.8,781.3,780.8,781.2,4.88,61.7,11.9,3.0,40.6,0.72,14.1,3.8,LANE_A,20000.0,-22.0,90.0,CRUISE_LOITER,LADAKH,0,1.0
1788498126.933,5190.8,2136.1,72.0,82.7,85.0,82.5,84.6,778.2,782.4,781.4,784.1,4.84,61.4,11.8,3.0,40.7,0.74,14.08,4.2,LANE_A,20000.0,-22.0,90.0,CRUISE_LOITER,LADAKH,0,1.0
1788498127.533,5188.2,2135.1,72.0,82.5,85.0,82.2,84.7,779.1,783.0,779.8,783.6,4.86,61.8,11.7,3.0,40.7,0.72,14.1,3.9,LANE_A,20000.0,-22.0,89.9,CRUISE_LOITER,LADAKH,0,1.0
1788498128.108,5195.7,2138.1,72.0,82.3,85.2,82.1,84.7,778.7,783.0,778.1,782.2,4.84,61.5,11.7,3.0,40.4,0.72,14.09,4.0,LANE_A,20000.0,-22.0,89.9,CRUISE_LOITER,LADAKH,0,1.0
1788498128.686,5201.9,2140.7,72.0,82.5,85.3,81.9,84.8,777.6,783.0,779.7,782.4,4.89,61.8,11.7,3.0,40.6,0.73,14.1,4.0,LANE_A,20000.0,-22.0,89.8,CRUISE_LOITER,LADAKH,0,1.0
1788498129.29,5202.8,2141.1,72.0,82.8,85.2,82.2,84.4,778.8,784.0,779.1,782.7,4.88,61.8,11.7,3.0,40.6,0.71,14.09,3.9,LANE_A,20000.0,-22.0,89.8,CRUISE_LOITER,LADAKH,0,1.0
1788498129.883,5197.1,2138.7,72.0,82.5,85.1,82.1,84.4,778.6,784.9,780.5,785.1,4.88,61.6,11.7,3.0,40.5,0.72,14.11,4.0,LANE_A,20000.0,-22.0,89.7,CRUISE_LOITER,LADAKH,0,1.0
1788498130.512,5205.4,2142.1,72.0,82.7,85.0,82.2,84.3,776.7,781.9,780.4,781.9,4.84,61.4,11.8,3.0,40.5,0.72,14.1,4.0,LANE_A,20000.0,-22.0,89.7,CRUISE_LOITER,LADAKH,0,1.0
1788498131.089,5175.4,2129.8,72.0,82.6,85.2,82.0,84.7,776.9,784.1,782.1,781.4,4.89,61.8,11.8,3.0,40.3,0.73,14.09,3.9,LANE_A,20000.0,-22.0,89.6,CRUISE_LOITER,LADAKH,0,1.0
1788498131.675,5187.7,2134.9,72.0,82.7,85.3,82.2,84.5,777.6,783.4,778.2,782.5,4.86,61.9,11.7,3.0,40.4,0.73,14.1,4.0,LANE_A,20000.0,-22.0,89.6,CRUISE_LOITER,LADAKH,0,1.0
1788498132.27,5203.8,2141.5,72.0,82.5,84.8,82.0,84.5,778.1,784.9,779.3,782.5,4.87,61.8,11.7,3.0,40.4,0.73,14.06,4.2,LANE_A,20000.0,-22.0,89.5,CRUISE_LOITER,LADAKH,0,1.0
1788498132.851,5179.5,2131.5,72.0,82.3,85.1,82.3,84.3,779.5,782.1,777.1,783.4,4.91,61.4,11.7,3.0,40.6,0.74,14.11,4.1,LANE_A,20000.0,-22.0,89.5,CRUISE_LOITER,LADAKH,0,1.0
1788498133.468,5172.9,2128.8,72.0,82.6,84.8,81.9,84.4,776.7,782.4,780.9,783.6,4.86,61.6,11.6,3.0,40.4,0.74,14.1,4.0,LANE_A,20000.0,-22.0,89.4,CRUISE_LOITER,LADAKH,0,1.0
1788498134.065,5172.7,2128.7,72.0,82.5,85.3,82.2,84.5,780.1,784.8,776.8,782.5,4.89,61.5,11.8,3.0,40.6,0.71,14.09,4.1,LANE_A,20000.0,-22.0,89.4,CRUISE_LOITER,LADAKH,0,1.0
1788498134.811,5184.7,2133.6,72.0,82.6,85.4,82.1,84.6,776.9,779.6,779.4,782.9,4.81,61.6,11.8,3.0,40.4,0.74,14.1,4.0,LANE_A,20000.0,-22.0,89.3,CRUISE_LOITER,LADAKH,0,1.0
1788498135.411,5208.1,2143.2,72.0,82.9,84.9,82.1,84.6,776.5,784.2,779.3,781.1,4.92,61.7,11.9,3.0,40.5,0.76,14.1,4.0,LANE_A,20000.0,-22.0,89.3,CRUISE_LOITER,LADAKH,0,1.0
1788498136.003,5192.7,2136.9,72.0,82.5,85.3,81.8,84.2,778.0,784.3,781.7,783.2,4.89,61.6,11.8,3.0,40.5,0.72,14.12,4.0,LANE_A,20000.0,-22.0,89.2,CRUISE_LOITER,LADAKH,0,1.0
1788498136.577,5183.1,2133.0,72.0,82.7,85.0,81.8,84.5,778.1,783.4,778.3,784.7,4.88,61.1,11.7,3.0,40.3,0.73,14.06,4.1,LANE_A,20000.0,-22.0,89.2,CRUISE_LOITER,LADAKH,0,1.0
1788498137.167,5184.0,2133.3,72.0,82.7,85.2,82.1,84.4,776.4,784.5,777.1,783.1,4.84,61.6,11.8,3.0,40.4,0.76,14.09,4.0,LANE_A,20000.0,-22.0,89.1,CRUISE_LOITER,LADAKH,0,1.0
1788498137.773,5194.9,2137.8,72.0,82.7,84.9,82.3,84.5,779.6,781.2,779.1,784.4,4.85,61.6,12.0,3.0,40.2,0.72,14.08,4.2,LANE_A,20000.0,-22.0,89.1,CRUISE_LOITER,LADAKH,0,1.0
1788498138.399,5179.1,2131.3,72.0,82.4,84.9,81.9,84.6,778.7,782.8,779.7,781.9,4.86,61.5,11.6,3.0,40.3,0.76,14.1,4.0,LANE_A,20000.0,-22.0,89.1,CRUISE_LOITER,LADAKH,0,1.0
1788498138.98,5180.9,2132.0,72.0,82.6,85.1,82.2,84.6,778.0,781.5,779.9,783.2,4.87,61.5,11.8,3.0,40.4,0.72,14.1,3.9,LANE_A,20000.0,-22.0,89.0,CRUISE_LOITER,LADAKH,0,1.0
1788498139.588,5185.2,2133.8,72.0,82.4,84.8,82.1,84.5,781.1,782.1,780.3,782.2,4.88,61.5,11.9,3.0,40.3,0.72,14.13,4.0,LANE_A,20000.0,-22.0,89.0,CRUISE_LOITER,LADAKH,0,1.0
1788498140.177,5172.4,2128.6,72.0,82.6,85.1,82.0,84.6,777.3,785.2,778.7,781.2,4.89,61.4,11.6,3.0,40.6,0.7,14.11,4.0,LANE_A,20000.0,-22.0,88.9,CRUISE_LOITER,LADAKH,0,1.0
1788498140.766,5182.8,2132.8,72.0,82.5,84.9,82.1,84.6,778.0,783.2,782.5,780.4,4.87,61.3,11.7,3.0,40.5,0.74,14.12,3.9,LANE_A,20000.0,-22.0,88.9,CRUISE_LOITER,LADAKH,0,1.0
1788498141.411,5176.9,2130.4,72.0,82.7,85.2,82.1,84.5,777.5,782.6,778.9,781.9,4.87,61.4,11.9,3.0,40.5,0.74,14.11,4.1,LANE_A,20000.0,-22.0,88.8,CRUISE_LOITER,LADAKH,0,1.0
1788498142.009,5192.8,2137.0,72.0,82.4,85.0,81.9,84.8,779.2,780.7,778.3,783.0,4.87,61.4,11.8,3.0,40.4,0.72,14.03,3.9,LANE_A,20000.0,-22.0,88.8,CRUISE_LOITER,LADAKH,0,1.0
1788498142.594,5186.6,2134.4,72.0,83.0,85.0,82.1,84.7,778.5,784.0,780.9,782.0,4.79,61.5,11.8,3.0,40.1,0.74,14.11,3.9,LANE_A,20000.0,-22.0,88.7,CRUISE_LOITER,LADAKH,0,1.0
1788498143.178,5180.7,2132.0,72.0,82.5,84.8,82.1,84.5,778.5,780.9,780.5,782.8,4.87,61.5,11.8,3.0,40.4,0.75,14.12,4.0,LANE_A,20000.0,-22.0,88.7,CRUISE_LOITER,LADAKH,0,1.0
1788498143.745,5190.9,2136.2,72.0,82.5,84.8,82.2,84.6,778.7,782.4,778.6,783.2,4.83,61.5,11.8,3.0,40.2,0.7,14.12,3.9,LANE_A,20000.0,-22.0,88.6,CRUISE_LOITER,LADAKH,0,1.0
1788498144.349,5159.3,2123.2,72.0,82.7,84.7,81.8,84.4,777.8,782.7,779.7,782.2,4.81,61.3,11.8,3.0,40.4,0.72,14.1,4.1,LANE_A,20000.0,-22.0,88.6,CRUISE_LOITER,LADAKH,0,1.0
1788498144.955,5184.8,2133.7,72.0,82.4,85.0,81.7,84.6,778.0,782.8,778.8,782.9,4.86,61.3,11.8,3.0,40.4,0.74,14.09,4.0,LANE_A,20000.0,-22.0,88.5,CRUISE_LOITER,LADAKH,0,1.0
1788498145.561,5176.2,2130.1,72.0,82.7,85.2,82.1,84.7,780.0,784.0,780.2,781.5,4.82,61.4,11.7,3.0,40.3,0.72,14.11,4.0,LANE_A,20000.0,-22.0,88.5,CRUISE_LOITER,LADAKH,0,1.0
1788498146.143,5168.8,2127.1,72.0,82.5,85.3,81.8,84.7,780.1,782.6,779.1,783.9,4.86,61.4,11.8,3.0,40.3,0.74,14.08,3.9,LANE_A,20000.0,-22.0,88.4,CRUISE_LOITER,LADAKH,0,1.0
1788498146.737,5166.9,2126.3,72.0,82.5,85.2,82.2,84.3,777.8,782.7,779.2,783.1,4.88,61.4,11.8,3.0,40.2,0.7,14.08,3.9,LANE_A,20000.0,-22.0,88.4,CRUISE_LOITER,LADAKH,0,1.0
1788498147.351,5175.4,2129.8,72.0,82.5,85.0,81.8,84.4,781.2,783.4,777.2,781.7,4.86,61.0,11.8,3.0,40.2,0.73,14.09,4.1,LANE_A,20000.0,-22.0,88.3,CRUISE_LOITER,LADAKH,0,1.0
1788498147.928,5176.2,2130.1,72.0,82.2,85.0,81.9,84.7,778.8,782.1,780.2,783.4,4.83,61.6,11.7,3.0,40.5,0.74,14.12,4.0,LANE_A,20000.0,-22.0,88.3,CRUISE_LOITER,LADAKH,0,1.0
1788498148.506,5178.0,2130.9,72.0,82.2,84.5,81.8,84.4,777.1,782.1,780.3,781.9,4.87,61.3,11.7,3.0,40.3,0.71,14.13,4.0,LANE_A,20000.0,-22.0,88.2,CRUISE_LOITER,LADAKH,0,1.0
1788498149.07,5188.5,2135.2,72.0,82.2,85.3,81.9,84.7,779.2,782.4,780.3,782.0,4.87,61.4,11.7,3.0,40.6,0.72,14.12,4.0,LANE_A,20000.0,-22.0,88.2,CRUISE_LOITER,LADAKH,0,1.0
1788498149.664,5179.2,2131.4,72.0,82.5,85.2,82.0,84.5,777.7,782.4,779.8,782.5,4.87,61.2,11.7,3.0,40.4,0.71,14.09,4.1,LANE_A,20000.0,-22.0,88.1,CRUISE_LOITER,LADAKH,0,1.0
1788498150.243,5178.9,2131.2,72.0,82.6,84.7,81.9,84.2,777.4,784.3,778.5,783.8,4.83,61.3,11.7,3.0,40.2,0.72,14.06,3.9,LANE_A,20000.0,-22.0,88.1,CRUISE_LOITER,LADAKH,0,1.0
1788498150.826,5180.5,2131.9,72.0,82.6,85.3,82.0,84.4,776.8,782.8,779.3,781.5,4.88,61.4,11.7,3.0,40.2,0.71,14.12,4.0,LANE_A,20000.0,-22.0,88.0,CRUISE_LOITER,LADAKH,0,1.0
1788498151.412,5163.0,2124.7,72.0,82.6,84.9,81.7,84.5,777.9,782.0,779.8,781.8,4.85,61.5,11.7,3.0,40.2,0.72,14.09,4.0,LANE_A,20000.0,-22.0,88.0,CRUISE_LOITER,LADAKH,0,1.0
1788498151.994,5170.5,2127.8,72.0,82.6,84.7,81.9,84.2,778.6,781.9,779.6,782.5,4.87,61.5,11.7,3.0,40.2,0.72,14.1,3.9,LANE_A,20000.0,-22.0,87.9,CRUISE_LOITER,LADAKH,0,1.0
1788498152.592,5182.1,2132.5,72.0,82.3,85.1,81.9,84.3,777.3,783.9,779.7,782.3,4.79,61.3,11.8,3.0,40.2,0.75,14.07,4.0,LANE_A,20000.0,-22.0,87.9,CRUISE_LOITER,LADAKH,0,1.0
1788498153.191,5179.0,2131.3,72.0,82.6,84.7,82.0,84.4,777.1,780.6,780.4,782.8,4.88,61.3,11.7,3.0,40.2,0.72,14.09,4.1,LANE_A,20000.0,-22.0,87.8,CRUISE_LOITER,LADAKH,0,1.0
1788498153.728,5178.0,2130.9,72.0,82.5,84.7,81.9,84.4,777.8,784.1,780.2,782.9,4.86,61.4,11.6,3.0,40.2,0.71,14.1,3.9,LANE_A,20000.0,-22.0,87.8,CRUISE_LOITER,LADAKH,0,1.0
1788498154.303,5163.1,2124.7,72.0,82.5,85.5,81.7,84.2,778.4,781.8,781.3,781.5,4.87,61.0,11.7,3.0,40.3,0.74,14.13,4.1,LANE_A,20000.0,-22.0,87.7,CRUISE_LOITER,LADAKH,0,1.0
1788498155.08,5177.8,2130.8,72.0,82.6,84.9,81.9,84.4,777.1,780.6,780.5,783.1,4.89,61.1,11.6,3.0,40.3,0.71,14.11,4.1,LANE_A,20000.0,-22.0,87.7,CRUISE_LOITER,LADAKH,0,1.0
1788498155.668,5174.7,2129.5,72.0,82.2,84.9,81.8,84.3,779.7,783.1,779.1,781.6,4.83,61.1,11.7,3.0,40.3,0.75,14.09,4.1,LANE_A,20000.0,-22.0,87.6,CRUISE_LOITER,LADAKH,0,1.0
1788498156.259,5174.4,2129.4,72.0,82.3,84.8,82.1,84.1,778.9,781.0,779.6,783.1,4.87,61.2,11.6,3.0,40.1,0.73,14.07,3.9,LANE_A,20000.0,-22.0,87.6,CRUISE_LOITER,LADAKH,0,1.0
1788498156.836,5173.1,2128.9,72.0,82.3,85.0,81.9,84.3,779.1,781.4,781.2,782.3,4.9,61.5,11.5,3.0,40.3,0.72,14.15,3.9,LANE_A,20000.0,-22.0,87.5,CRUISE_LOITER,LADAKH,0,1.0
1788498157.394,5177.7,2130.8,72.0,82.4,85.0,81.9,84.4,778.3,782.5,780.3,781.9,4.86,61.4,11.7,3.0,39.9,0.74,14.07,4.1,LANE_A,20000.0,-22.0,87.5,CRUISE_LOITER,LADAKH,0,1.0
1788498157.967,5169.1,2127.2,72.0,82.0,85.2,82.0,84.2,779.1,784.1,779.6,783.0,4.87,61.5,11.5,3.0,40.0,0.72,14.1,3.9,LANE_A,20000.0,-22.0,87.4,CRUISE_LOITER,LADAKH,0,1.0
1788498158.506,5163.1,2124.7,72.0,82.5,84.8,82.0,84.3,778.6,781.6,779.8,780.6,4.85,61.2,11.6,3.0,40.4,0.73,14.15,4.0,LANE_A,20000.0,-22.0,87.4,CRUISE_LOITER,LADAKH,0,1.0
1788498159.081,5198.4,2139.3,72.0,82.2,84.7,81.5,84.5,775.0,781.3,779.7,782.0,4.83,61.2,11.4,3.0,40.4,0.75,14.11,4.0,LANE_A,20000.0,-22.0,87.3,CRUISE_LOITER,LADAKH,0,1.0
1788498159.648,5175.2,2129.7,72.0,82.0,84.8,81.8,84.2,777.0,781.0,780.5,780.7,4.86,61.1,11.7,3.0,40.2,0.7,14.11,3.9,LANE_A,20000.0,-22.0,87.3,CRUISE_LOITER,LADAKH,0,1.0
1788498160.232,5166.0,2125.9,72.0,82.4,84.5,81.8,84.4,779.0,782.1,778.9,784.8,4.89,61.3,11.6,3.0,40.2,0.73,14.11,4.0,LANE_A,20000.0,-22.0,87.2,CRUISE_LOITER,LADAKH,0,1.0
1788498160.797,5168.3,2126.9,72.0,82.2,84.8,81.9,84.4,776.6,782.6,779.1,782.7,4.92,61.6,11.6,3.0,40.1,0.76,14.08,3.8,LANE_A,20000.0,-22.0,87.2,CRUISE_LOITER,LADAKH,0,1.0
1788498161.361,5168.3,2126.9,72.0,82.3,84.9,81.8,84.4,778.2,783.5,783.0,782.8,4.84,61.2,11.7,3.0,40.0,0.72,14.11,4.0,LANE_A,20000.0,-22.0,87.1,CRUISE_LOITER,LADAKH,0,1.0
1788498161.925,5175.0,2129.6,72.0,82.4,85.1,81.6,84.3,776.7,783.9,777.6,782.2,4.85,61.3,11.8,3.0,40.0,0.72,14.14,4.1,LANE_A,20000.0,-22.0,87.1,CRUISE_LOITER,LADAKH,0,1.0
1788498162.506,5176.7,2130.3,72.0,82.2,84.8,82.0,84.6,777.1,782.7,780.6,783.0,4.82,61.0,11.7,3.0,39.8,0.69,14.11,3.9,LANE_A,20000.0,-22.0,87.0,CRUISE_LOITER,LADAKH,0,1.0
1788498163.075,5187.9,2135.0,72.0,82.2,84.6,81.8,84.1,777.7,780.9,779.5,784.7,4.89,61.1,11.7,3.0,39.8,0.72,14.13,4.1,LANE_A,20000.0,-22.0,87.0,CRUISE_LOITER,LADAKH,0,1.0
1788498163.664,5175.0,2129.6,72.0,82.5,84.8,81.6,84.4,776.7,782.9,779.5,783.1,4.87,61.4,11.7,3.0,40.2,0.71,14.07,4.1,LANE_A,20000.0,-22.0,86.9,CRUISE_LOITER,LADAKH,0,1.0
1788498164.265,5180.3,2131.8,72.0,82.2,84.6,81.8,84.5,778.6,780.5,777.9,782.7,4.87,61.5,11.6,3.0,40.3,0.7,14.14,3.9,LANE_A,20000.0,-22.0,86.9,CRUISE_LOITER,LADAKH,0,1.0
1788498164.844,5161.3,2124.0,72.0,82.3,84.8,81.8,84.2,777.1,779.0,777.7,783.4,4.84,61.1,11.9,3.0,39.8,0.72,14.11,3.9,LANE_A,20000.0,-22.0,86.8,CRUISE_LOITER,LADAKH,0,1.0
1788498165.437,5176.9,2130.4,72.0,82.2,85.0,81.8,84.1,777.8,785.1,776.8,781.6,4.84,61.1,11.6,3.0,40.0,0.72,14.08,4.0,LANE_A,20000.0,-22.0,86.8,CRUISE_LOITER,LADAKH,0,1.0
1788498166.009,5178.7,2131.1,72.0,82.1,84.2,81.7,83.8,778.9,780.7,777.7,783.1,4.82,60.9,11.6,3.0,40.1,0.72,14.12,4.1,LANE_A,20000.0,-22.0,86.7,CRUISE_LOITER,LADAKH,0,1.0
1788498166.595,5171.9,2128.4,72.0,82.7,84.8,82.0,84.3,777.3,783.2,777.4,782.9,4.83,61.1,11.5,3.0,40.0,0.72,14.1,4.1,LANE_A,20000.0,-22.0,86.7,CRUISE_LOITER,LADAKH,0,1.0
1788498167.161,5169.6,2127.4,72.0,82.2,84.8,82.1,84.0,777.9,783.2,780.4,783.5,4.83,61.0,11.6,3.0,40.1,0.73,14.11,4.0,LANE_A,20000.0,-22.0,86.6,CRUISE_LOITER,LADAKH,0,1.0
1788498167.752,5168.1,2126.8,72.0,82.4,84.7,81.8,84.1,776.2,782.8,778.4,782.6,4.79,61.3,11.6,3.0,39.8,0.73,14.07,4.0,LANE_A,20000.0,-22.0,86.6,CRUISE_LOITER,LADAKH,0,1.0
1788498168.335,5176.7,2130.3,72.0,81.9,84.9,81.8,84.0,778.0,781.7,782.8,781.7,4.87,61.2,11.7,3.0,39.7,0.71,14.1,4.0,LANE_A,20000.0,-22.0,86.5,CRUISE_LOITER,LADAKH,0,1.0
1788498168.935,5187.5,2134.8,72.0,82.2,84.9,81.8,84.2,779.3,782.4,779.7,780.0,4.85,61.3,11.7,3.0,39.8,0.72,14.08,4.2,LANE_A,20000.0,-22.0,86.5,CRUISE_LOITER,LADAKH,0,1.0
1788498169.559,5183.6,2133.2,72.0,82.1,84.6,81.7,84.2,778.1,783.7,779.6,784.3,4.82,61.0,11.6,3.0,40.0,0.7,14.08,4.0,LANE_A,20000.0,-22.0,86.4,CRUISE_LOITER,LADAKH,0,1.0
1788498170.172,5162.8,2124.6,72.0,82.1,84.6,81.4,84.2,778.1,782.0,778.6,783.8,4.85,61.0,11.7,3.0,40.1,0.74,14.13,4.0,LANE_A,20000.0,-22.0,86.4,CRUISE_LOITER,LADAKH,0,1.0
1788498170.761,5157.9,2122.6,72.0,82.5,84.4,81.8,84.0,779.3,783.0,778.4,781.0,4.88,61.2,11.6,3.0,40.1,0.73,14.1,4.1,LANE_A,20000.0,-22.0,86.3,CRUISE_LOITER,LADAKH,0,1.0
1788498171.344,5167.0,2126.3,72.0,81.9,84.6,81.6,84.2,778.9,781.2,779.9,781.1,4.89,61.2,11.6,3.0,39.9,0.74,14.11,4.0,LANE_A,20000.0,-22.0,86.3,CRUISE_LOITER,LADAKH,0,1.0
1788498171.875,5165.1,2125.6,72.0,82.5,84.9,81.2,84.0,777.4,782.5,779.8,782.1,4.86,61.0,11.6,3.0,39.9,0.73,14.1,4.0,LANE_A,20000.0,-22.0,86.2,CRUISE_LOITER,LADAKH,0,1.0
1788498172.435,5154.8,2121.3,72.0,82.1,84.7,81.6,84.1,774.5,783.6,778.8,780.3,4.86,61.1,11.6,3.0,40.0,0.73,14.14,4.2,LANE_A,20000.0,-22.0,86.2,CRUISE_LOITER,LADAKH,0,1.0
1788498172.978,5155.5,2121.6,72.0,81.9,84.5,81.5,84.2,778.6,782.8,778.6,783.8,4.89,61.0,11.6,3.0,40.0,0.72,14.12,4.1,LANE_A,20000.0,-22.0,86.2,CRUISE_LOITER,LADAKH,0,1.0
1788498173.631,5175.7,2129.9,72.0,82.3,84.6,81.7,84.0,779.2,783.5,777.3,782.2,4.91,61.2,11.5,3.0,39.8,0.71,14.11,3.9,LANE_A,20000.0,-22.0,86.1,CRUISE_LOITER,LADAKH,0,1.0
1788498174.244,5189.9,2135.8,72.0,82.1,84.8,81.9,84.0,777.3,782.0,781.4,783.1,4.86,60.9,11.6,3.0,40.0,0.7,14.1,4.0,LANE_A,20000.0,-22.0,86.1,CRUISE_LOITER,LADAKH,0,1.0
1788498175.065,5169.9,2127.5,72.0,82.3,84.7,82.1,84.1,779.2,781.0,779.7,782.1,4.9,60.9,11.6,3.0,39.9,0.75,14.12,4.0,LANE_A,20000.0,-22.0,86.0,CRUISE_LOITER,LADAKH,0,1.0
1788498175.627,5174.1,2129.3,72.0,82.0,84.6,81.8,83.9,776.4,781.7,781.9,781.9,4.91,61.1,11.5,3.0,39.7,0.71,14.14,4.1,LANE_A,20000.0,-22.0,86.0,CRUISE_LOITER,LADAKH,0,1.0
1788498176.174,5184.7,2133.6,72.0,82.0,84.6,81.5,84.0,777.2,786.1,779.5,782.6,4.8,61.0,11.5,3.0,40.0,0.74,14.13,4.1,LANE_A,20000.0,-22.0,85.9,CRUISE_LOITER,LADAKH,0,1.0
1788498176.739,5157.0,2122.2,72.0,81.6,84.5,81.8,84.0,777.4,782.8,780.2,784.7,4.87,60.9,11.5,3.0,40.0,0.73,14.07,4.1,LANE_A,20000.0,-22.0,85.9,CRUISE_LOITER,LADAKH,0,1.0
1788498177.301,5179.8,2131.6,72.0,82.1,84.8,81.6,84.2,779.2,781.1,780.0,783.1,4.87,61.3,11.7,3.0,39.8,0.74,14.13,4.0,LANE_A,20000.0,-22.0,85.8,CRUISE_LOITER,LADAKH,0,1.0
1788498177.844,5162.5,2124.5,72.0,82.3,84.4,81.6,83.8,778.0,784.0,777.2,782.0,4.83,61.1,11.6,3.0,39.8,0.71,14.05,4.0,LANE_A,20000.0,-22.0,85.8,CRUISE_LOITER,LADAKH,0,1.0
1788498178.418,5152.3,2120.3,72.0,82.2,84.6,81.6,84.1,777.6,782.6,778.6,784.3,4.86,61.4,11.5,3.0,40.0,0.71,14.1,4.1,LANE_A,20000.0,-22.0,85.7,CRUISE_LOITER,LADAKH,0,1.0
1788498178.976,5134.0,2112.7,72.0,82.1,84.7,81.6,84.2,776.8,782.7,778.4,783.2,4.85,60.9,11.5,3.0,39.9,0.75,14.07,3.9,LANE_A,20000.0,-22.0,85.7,CRUISE_LOITER,LADAKH,0,1.0
1788498179.546,5162.9,2124.6,72.0,82.2,84.6,81.7,84.3,775.9,782.8,778.9,783.3,4.86,61.0,11.6,3.0,39.9,0.72,14.1,4.0,LANE_A,20000.0,-22.0,85.7,CRUISE_LOITER,LADAKH,0,1.0
1788498180.118,5178.7,2131.2,72.0,82.0,84.8,81.3,84.3,778.5,783.6,780.2,784.3,4.88,60.8,11.5,3.0,39.8,0.73,14.1,3.9,LANE_A,20000.0,-22.0,85.6,CRUISE_LOITER,LADAKH,0,1.0
1788498180.644,5177.3,2130.6,72.0,81.8,84.7,81.5,84.0,777.3,783.3,781.2,782.4,4.84,61.0,11.6,3.0,39.9,0.71,14.08,4.1,LANE_A,20000.0,-22.0,85.6,CRUISE_LOITER,LADAKH,0,1.0
1788498181.182,5164.7,2125.4,72.0,82.2,84.6,81.6,83.9,777.8,782.0,781.1,780.9,4.9,60.6,11.4,3.0,39.7,0.71,14.08,3.9,LANE_A,20000.0,-22.0,85.5,CRUISE_LOITER,LADAKH,0,1.0
1788498181.749,5162.1,2124.3,72.0,82.0,84.7,81.6,84.2,779.8,783.8,781.2,781.9,4.86,60.9,11.5,3.0,39.6,0.71,14.1,4.0,LANE_A,20000.0,-22.0,85.5,CRUISE_LOITER,LADAKH,0,1.0
1788498182.315,5165.7,2125.8,72.0,82.3,84.9,81.4,84.1,777.8,783.2,780.9,784.5,4.89,60.9,11.5,3.0,39.7,0.74,14.1,3.9,LANE_A,20000.0,-22.0,85.4,CRUISE_LOITER,LADAKH,0,1.0
1788498182.874,5179.3,2131.4,72.0,82.3,84.2,81.8,84.0,777.6,783.8,779.1,783.0,4.85,61.0,11.5,3.0,39.8,0.7,14.07,4.0,LANE_A,20000.0,-22.0,85.4,CRUISE_LOITER,LADAKH,0,1.0
1788498183.449,5158.5,2122.8,72.0,82.1,84.5,81.5,84.0,778.4,783.2,779.2,783.2,4.83,61.0,11.6,3.0,39.7,0.73,14.11,4.0,LANE_A,20000.0,-22.0,85.4,CRUISE_LOITER,LADAKH,0,1.0
1788498184.047,5169.4,2127.3,72.0,82.2,84.7,81.7,83.6,778.9,781.2,779.3,781.6,4.8,61.0,11.3,3.0,39.9,0.71,14.11,4.0,LANE_A,20000.0,-22.0,85.3,CRUISE_LOITER,LADAKH,0,1.0
1788498184.641,5145.6,2117.5,72.0,82.0,84.4,81.8,84.4,778.5,782.8,779.4,783.1,4.89,60.9,11.6,3.0,39.8,0.73,14.08,3.9,LANE_A,20000.0,-22.0,85.3,CRUISE_LOITER,LADAKH,0,1.0
1788498185.221,5164.2,2125.2,72.0,82.0,84.7,81.2,84.1,778.9,781.5,779.8,782.5,4.84,61.3,11.8,3.0,39.8,0.72,14.08,4.1,LANE_A,20000.0,-22.0,85.2,CRUISE_LOITER,LADAKH,0,1.0
1788498185.798,5152.0,2120.1,72.0,82.1,84.4,81.5,84.0,777.6,784.4,779.8,781.6,4.84,61.2,11.6,3.0,39.8,0.76,14.1,3.8,LANE_A,20000.0,-22.0,85.2,CRUISE_LOITER,LADAKH,0,1.0
1788498186.399,5146.4,2117.9,72.0,82.1,84.3,81.3,84.1,779.8,784.2,780.9,780.9,4.89,60.8,11.6,3.0,39.8,0.7,14.09,4.0,LANE_A,20000.0,-22.0,85.1,CRUISE_LOITER,LADAKH,0,1.0
1788498186.985,5157.5,2122.4,72.0,82.0,84.6,81.5,84.0,776.8,783.4,780.0,783.9,4.87,60.8,11.6,3.0,39.7,0.73,14.12,3.9,LANE_A,20000.0,-22.0,85.1,CRUISE_LOITER,LADAKH,0,1.0
1788498187.567,5170.9,2127.9,72.0,82.1,84.6,81.4,84.0,774.9,782.7,779.8,782.4,4.85,60.8,11.5,3.0,39.7,0.72,14.09,4.1,LANE_A,20000.0,-22.0,85.1,CRUISE_LOITER,LADAKH,0,1.0
1788498188.145,5153.7,2120.9,72.0,81.8,84.6,81.5,83.9,780.9,783.5,778.6,783.8,4.83,60.6,11.6,3.0,39.8,0.74,14.09,4.0,LANE_A,20000.0,-22.0,85.0,CRUISE_LOITER,LADAKH,0,1.0
1788498188.724,5179.6,2131.5,72.0,81.9,84.9,81.4,84.3,776.5,782.0,778.5,783.3,4.83,61.1,11.6,3.0,39.5,0.74,14.08,4.1,LANE_A,20000.0,-22.0,85.0,CRUISE_LOITER,LADAKH,0,1.0
1788498189.278,5176.7,2130.3,72.0,82.2,84.6,81.4,83.8,778.5,781.0,777.6,784.1,4.86,60.8,11.5,3.0,39.6,0.72,14.1,4.1,LANE_A,20000.0,-22.0,84.9,CRUISE_LOITER,LADAKH,0,1.0
1788498189.867,5155.6,2121.7,72.0,82.1,84.5,81.3,84.0,776.9,781.3,779.3,780.7,4.81,61.3,11.5,3.0,39.6,0.71,14.11,3.9,LANE_A,20000.0,-22.0,84.9,CRUISE_LOITER,LADAKH,0,1.0
1788498190.476,5177.3,2130.6,72.0,81.9,84.4,81.3,84.0,776.6,783.6,779.5,784.9,4.85,61.0,11.4,3.0,39.8,0.76,14.08,3.9,LANE_A,20000.0,-22.0,84.9,CRUISE_LOITER,LADAKH,0,1.0
1788498191.052,5137.7,2114.3,72.0,82.2,84.7,81.3,83.5,777.2,782.9,780.8,784.1,4.88,61.2,11.5,3.0,39.6,0.71,14.11,3.9,LANE_A,20000.0,-22.0,84.8,CRUISE_LOITER,LADAKH,0,1.0
1788498191.651,5159.4,2123.2,72.0,82.0,84.3,81.6,84.0,777.8,784.2,780.3,782.8,4.87,60.8,11.5,3.0,39.6,0.71,14.1,3.9,LANE_A,20000.0,-22.0,84.8,CRUISE_LOITER,LADAKH,0,1.0
1788498192.224,5167.0,2126.3,72.0,82.4,84.4,81.4,83.9,776.4,783.7,777.0,781.8,4.85,60.8,11.4,3.0,39.6,0.7,14.08,4.0,LANE_A,20000.0,-22.0,84.7,CRUISE_LOITER,LADAKH,0,1.0
1788498192.808,5156.3,2121.9,72.0,82.2,84.9,81.1,83.9,777.7,781.9,781.0,782.3,4.84,61.0,11.5,3.0,39.5,0.72,14.1,4.0,LANE_A,20000.0,-22.0,84.7,CRUISE_LOITER,LADAKH,0,1.0
1788498193.402,5155.6,2121.6,72.0,81.8,84.7,81.6,83.8,776.4,781.5,779.2,783.1,4.84,61.0,11.5,3.0,39.5,0.73,14.12,4.0,LANE_A,20000.0,-22.0,84.7,CRUISE_LOITER,LADAKH,0,1.0
1788498193.972,5159.5,2123.2,72.0,82.0,84.0,81.4,84.0,779.5,783.0,779.6,781.6,4.85,60.9,11.5,3.0,39.8,0.74,14.12,3.9,LANE_A,20000.0,-22.0,84.6,CRUISE_LOITER,LADAKH,0,1.0
1788498194.566,5164.0,2125.1,72.0,81.6,84.2,81.4,84.2,777.8,784.2,780.3,780.6,4.87,61.0,11.6,3.0,39.8,0.73,14.12,4.0,LANE_A,20000.0,-22.0,84.6,CRUISE_LOITER,LADAKH,0,1.0
1788498195.427,5144.1,2116.9,72.0,82.0,84.0,81.3,84.0,776.5,782.6,776.8,785.9,4.9,60.2,11.6,3.0,39.6,0.72,14.09,4.0,LANE_A,20000.0,-22.0,84.6,CRUISE_LOITER,LADAKH,0,1.0
1788498196.0,5165.5,2125.7,72.0,81.9,84.2,81.4,83.6,778.3,782.9,780.6,782.1,4.82,61.0,11.6,3.0,39.8,0.72,14.12,4.0,LANE_A,20000.0,-22.0,84.5,CRUISE_LOITER,LADAKH,0,1.0
1788498196.586,5142.7,2116.3,72.0,82.0,84.7,81.2,83.8,778.0,783.9,778.2,779.6,4.86,60.8,11.6,3.0,39.6,0.73,14.08,4.0,LANE_A,20000.0,-22.0,84.5,CRUISE_LOITER,LADAKH,0,1.0
1788498197.177,5154.7,2121.3,72.0,81.8,84.2,81.3,83.9,778.0,782.3,779.8,784.0,4.88,60.9,11.4,3.0,39.5,0.73,14.11,3.9,LANE_A,20000.0,-22.0,84.5,CRUISE_LOITER,LADAKH,0,1.0
1788498197.771,5168.9,2127.1,72.0,82.0,84.6,81.3,83.8,778.7,782.9,779.4,780.4,4.88,61.0,11.6,3.0,39.7,0.7,14.09,4.1,LANE_A,20000.0,-22.0,84.4,CRUISE_LOITER,LADAKH,0,1.0
1788498198.375,5155.2,2121.5,72.0,81.7,84.2,81.2,83.8,777.9,784.0,778.9,781.9,4.85,61.0,11.4,3.0,39.7,0.74,14.09,4.1,LANE_A,20000.0,-22.0,84.4,CRUISE_LOITER,LADAKH,0,1.0
1788498198.957,5140.8,2115.6,72.0,81.9,84.2,81.5,83.9,777.5,782.2,778.6,781.5,4.89,60.9,11.4,3.0,39.9,0.75,14.08,4.0,LANE_A,20000.0,-22.0,84.3,CRUISE_LOITER,LADAKH,0,1.0
1788498199.538,5174.0,2129.2,72.0,82.1,84.2,81.3,84.1,778.4,783.3,781.4,782.9,4.88,60.8,11.4,3.0,39.6,0.71,14.13,4.0,LANE_A,20000.0,-22.0,84.3,CRUISE_LOITER,LADAKH,0,1.0
1788498200.127,5162.3,2124.4,72.0,81.8,84.5,81.6,83.8,776.9,781.8,777.9,782.1,4.85,60.9,11.5,3.0,39.4,0.72,14.08,4.0,LANE_A,20000.0,-22.0,84.3,CRUISE_LOITER,LADAKH,0,1.0
1788498200.697,5146.9,2118.1,72.0,81.9,84.4,81.5,83.9,776.7,783.8,778.9,780.7,4.82,61.0,11.6,3.0,39.4,0.71,14.1,3.9,LANE_A,20000.0,-22.0,84.2,CRUISE_LOITER,LADAKH,0,1.0
1788498201.276,5152.0,2120.2,72.0,82.0,84.2,81.2,83.8,779.6,783.7,780.1,782.0,4.88,60.7,11.4,3.0,39.6,0.67,14.09,3.9,LANE_A,20000.0,-22.0,84.2,CRUISE_LOITER,LADAKH,0,1.0
1788498201.853,5164.7,2125.4,72.0,82.0,84.1,81.5,83.8,777.5,780.2,780.3,782.8,4.89,60.5,11.3,3.0,39.5,0.71,14.09,4.0,LANE_A,20000.0,-22.0,84.2,CRUISE_LOITER,LADAKH,0,1.0
1788498202.448,5167.8,2126.7,72.0,81.8,84.6,81.2,83.8,775.1,784.5,780.9,783.2,4.84,60.7,11.5,3.0,39.6,0.73,14.09,3.9,LANE_A,20000.0,-22.0,84.2,CRUISE_LOITER,LADAKH,0,1.0
1788498203.057,5145.7,2117.6,72.0,81.7,84.3,80.9,83.8,778.6,783.0,781.0,783.6,4.88,60.8,11.6,3.0,39.5,0.71,14.09,4.2,LANE_A,20000.0,-22.0,84.1,CRUISE_LOITER,LADAKH,0,1.0
1788498203.644,5155.7,2121.7,72.0,82.0,84.3,81.2,83.7,778.9,783.0,778.0,783.5,4.83,60.7,11.4,3.0,39.4,0.72,14.11,4.0,LANE_A,20000.0,-22.0,84.1,CRUISE_LOITER,LADAKH,0,1.0
1788498204.228,5148.0,2118.5,72.0,82.0,84.6,81.5,83.6,777.7,781.9,780.2,781.8,4.86,60.6,11.5,3.0,39.7,0.71,14.07,3.9,LANE_A,20000.0,-22.0,84.1,CRUISE_LOITER,LADAKH,0,1.0
1788498204.828,5160.3,2123.6,72.0,82.0,84.3,81.4,84.1,776.2,782.7,779.0,783.1,4.88,60.7,11.4,3.0,39.5,0.73,14.07,4.0,LANE_A,20000.0,-22.0,84.0,CRUISE_LOITER,LADAKH,0,1.0
1788498205.46,5151.7,2120.0,72.0,81.9,84.0,81.7,84.0,777.3,784.5,781.0,782.5,4.89,60.7,11.5,3.0,39.6,0.72,14.11,4.0,LANE_A,20000.0,-22.0,84.0,CRUISE_LOITER,LADAKH,0,1.0
1788498206.057,5141.1,2115.7,72.0,81.6,84.1,81.5,83.7,778.6,784.2,780.4,782.2,4.86,60.5,11.4,3.0,39.5,0.74,14.08,4.1,LANE_A,20000.0,-22.0,84.0,CRUISE_LOITER,LADAKH,0,1.0
1788498206.63,5161.2,2124.0,72.0,81.9,84.4,81.1,83.9,778.5,784.7,778.5,782.4,4.85,60.5,11.3,3.0,39.5,0.73,14.11,3.8,LANE_A,20000.0,-22.0,83.9,CRUISE_LOITER,LADAKH,0,1.0
1788498207.209,5141.2,2115.7,72.0,81.7,84.7,81.4,83.9,778.2,782.5,779.1,785.2,4.9,60.6,11.5,3.0,39.5,0.73,14.12,4.0,LANE_A,20000.0,-22.0,83.9,CRUISE_LOITER,LADAKH,0,1.0
1788498207.812,5145.0,2117.3,72.0,81.9,84.3,81.1,83.8,778.6,781.6,779.4,784.4,4.84,60.9,11.3,3.0,39.9,0.73,14.08,4.0,LANE_A,20000.0,-22.0,83.9,CRUISE_LOITER,LADAKH,0,1.0
1788498208.389,5146.3,2117.8,72.0,81.8,84.3,81.2,83.6,778.4,781.0,779.3,783.0,4.82,60.6,11.6,3.0,39.5,0.74,14.09,4.0,LANE_A,20000.0,-22.0,83.9,CRUISE_LOITER,LADAKH,0,1.0
1788498209.0,5146.9,2118.1,72.0,81.6,84.4,81.4,83.6,778.2,782.6,780.1,782.6,4.86,60.5,11.4,3.0,39.5,0.69,14.07,4.1,LANE_A,20000.0,-22.0,83.8,CRUISE_LOITER,LADAKH,0,1.0
1788498209.593,5136.6,2113.8,72.0,81.5,84.5,81.4,83.7,778.4,783.2,777.4,785.4,4.84,60.6,11.4,3.0,39.4,0.7,14.13,4.0,LANE_A,20000.0,-22.0,83.8,CRUISE_LOITER,LADAKH,0,1.0
1788498210.183,5129.0,2110.7,72.0,81.5,84.5,81.1,84.0,778.4,783.9,780.0,781.7,4.84,60.8,11.3,3.0,39.4,0.71,14.09,4.0,LANE_A,20000.0,-22.0,83.8,CRUISE_LOITER,LADAKH,0,1.0
1788498210.768,5142.7,2116.3,72.0,81.7,84.5,80.8,83.8,777.5,782.5,779.4,784.9,4.81,60.7,11.4,3.0,39.4,0.73,14.11,4.0,LANE_A,20000.0,-22.0,83.7,CRUISE_LOITER,LADAKH,0,1.0
1788498211.356,5145.1,2117.3,72.0,81.7,84.1,81.1,83.4,777.5,784.7,780.8,783.9,4.88,60.5,11.3,3.0,39.3,0.72,14.07,3.9,LANE_A,20000.0,-22.0,83.7,CRUISE_LOITER,LADAKH,0,1.0
1788498211.927,5132.8,2112.3,72.0,81.7,84.2,81.4,83.9,777.2,785.2,779.5,781.2,4.85,60.5,11.4,3.0,39.5,0.71,14.09,4.1,LANE_A,20000.0,-22.0,83.7,CRUISE_LOITER,LADAKH,0,1.0
1788498212.517,5142.0,2116.0,72.0,81.8,84.3,80.9,83.2,781.2,784.7,781.8,782.8,4.8,60.6,11.4,3.0,39.4,0.74,14.09,4.0,LANE_A,20000.0,-22.0,83.7,CRUISE_LOITER,LADAKH,0,1.0
1788498213.109,5141.7,2115.9,72.0,81.9,84.5,81.4,83.7,778.0,784.1,779.1,781.3,4.89,60.5,11.4,3.0,39.4,0.74,14.1,4.1,LANE_A,20000.0,-22.0,83.6,CRUISE_LOITER,LADAKH,0,1.0
1788498213.679,5134.1,2112.8,72.0,81.6,84.3,81.2,83.7,777.3,782.7,780.3,782.6,4.85,60.5,11.4,3.0,39.3,0.72,14.12,4.0,LANE_A,20000.0,-22.0,83.6,CRUISE_LOITER,LADAKH,0,1.0
1788498214.255,5157.4,2122.4,72.0,82.1,84.0,81.2,83.6,778.7,783.1,780.9,783.9,4.87,60.6,11.3,3.0,39.4,0.72,14.09,4.1,LANE_A,20000.0,-22.0,83.6,CRUISE_LOITER,LADAKH,0,1.0
1788498215.164,5152.7,2120.5,72.0,81.4,84.2,81.3,83.4,778.8,782.3,779.8,783.1,4.84,60.4,11.2,3.0,39.5,0.74,14.09,4.0,LANE_A,20000.0,-22.0,83.6,CRUISE_LOITER,LADAKH,0,1.0
1788498215.74,5139.2,2114.9,72.0,81.7,84.3,81.0,83.7,777.4,784.8,779.1,784.6,4.9,60.6,11.5,3.0,39.4,0.72,14.15,4.1,LANE_A,20000.0,-22.0,83.5,CRUISE_LOITER,LADAKH,0,1.0
1788498216.375,5165.9,2125.9,72.0,81.5,84.2,81.2,83.6,777.5,782.2,778.2,781.8,4.9,60.3,11.4,3.0,39.4,0.7,14.08,4.0,LANE_A,20000.0,-22.0,83.5,CRUISE_LOITER,LADAKH,0,1.0
1788498216.947,5149.6,2119.2,72.0,81.8,84.2,80.9,83.7,775.8,782.3,781.4,783.4,4.88,60.3,11.3,3.0,39.3,0.7,14.06,4.0,LANE_A,20000.0,-22.0,83.5,CRUISE_LOITER,LADAKH,0,1.0
1788498217.524,5140.7,2115.5,72.0,81.9,84.1,81.3,83.5,777.9,781.1,781.5,782.7,4.89,60.4,11.4,3.0,39.2,0.7,14.15,3.9,LANE_A,20000.0,-22.0,83.5,CRUISE_LOITER,LADAKH,0,1.0
1788498218.114,5141.1,2115.7,72.0,81.8,83.8,81.0,83.5,778.7,782.6,780.9,780.5,4.85,60.4,11.4,3.0,39.4,0.71,14.12,4.1,LANE_A,20000.0,-22.0,83.5,CRUISE_LOITER,LADAKH,0,1.0
1788498218.711,5136.2,2113.7,72.0,81.5,84.2,81.0,83.4,778.4,785.4,780.5,782.1,4.86,60.5,11.2,3.0,39.3,0.7,14.14,4.0,LANE_A,20000.0,-22.0,83.4,CRUISE_LOITER,LADAKH,0,1.0
1788498219.341,5151.5,2120.0,72.0,81.3,84.2,81.0,83.5,777.3,781.7,778.7,781.0,4.85,60.3,11.5,3.0,39.4,0.72,14.08,4.2,LANE_A,20000.0,-22.0,83.4,CRUISE_LOITER,LADAKH,0,1.0
1788498219.938,5142.9,2116.4,72.0,81.4,84.0,81.1,83.6,777.8,782.7,778.7,782.2,4.82,60.4,11.5,3.0,39.4,0.72,14.12,4.1,LANE_A,20000.0,-22.0,83.4,CRUISE_LOITER,LADAKH,0,1.0
1788498220.535,5133.3,2112.5,72.0,81.9,84.3,81.1,83.9,777.0,781.9,782.2,783.6,4.81,60.2,11.5,3.0,39.3,0.74,14.16,4.0,LANE_A,20000.0,-22.0,83.4,CRUISE_LOITER,LADAKH,0,1.0
1788498221.136,5137.5,2114.2,72.0,81.4,84.3,81.1,83.8,776.0,781.9,781.1,783.4,4.85,60.5,11.4,3.0,39.5,0.73,14.12,4.1,LANE_A,20000.0,-22.0,83.4,CRUISE_LOITER,LADAKH,0,1.0
1788498221.715,5158.5,2122.9,72.0,81.4,83.7,81.2,83.4,778.6,781.9,778.6,782.9,4.92,60.7,11.4,3.0,39.4,0.7,14.12,4.2,LANE_A,20000.0,-22.0,83.3,CRUISE_LOITER,LADAKH,0,1.0
1788498222.317,5130.7,2111.4,72.0,81.6,83.9,80.8,83.7,778.5,782.3,780.5,782.2,4.9,60.6,11.4,3.0,39.5,0.72,14.1,4.1,LANE_A,20000.0,-22.0,83.3,CRUISE_LOITER,LADAKH,0,1.0
1788498222.916,5148.4,2118.7,72.0,81.6,84.0,81.0,83.3,778.1,784.7,779.0,783.0,4.88,60.2,11.5,3.0,39.4,0.73,14.12,3.7,LANE_A,20000.0,-22.0,83.3,CRUISE_LOITER,LADAKH,0,1.0
1788498223.493,5172.9,2128.8,72.0,81.6,83.9,80.7,83.4,777.6,782.0,781.2,785.6,4.81,60.5,11.3,3.0,39.2,0.71,14.09,3.9,LANE_A,20000.0,-22.0,83.3,CRUISE_LOITER,LADAKH,0,1.0
1788498224.407,5152.2,2120.3,72.0,81.6,84.0,81.2,83.6,778.4,782.1,779.0,782.9,4.89,60.5,11.3,3.0,39.3,0.72,14.09,4.2,LANE_A,20000.0,-22.0,83.3,CRUISE_LOITER,LADAKH,0,1.0
1788498224.995,5138.0,2114.4,72.0,81.6,84.3,80.9,83.5,777.7,783.2,779.4,783.6,4.88,60.2,11.4,3.0,39.3,0.72,14.13,4.0,LANE_A,20000.0,-22.0,83.3,CRUISE_LOITER,LADAKH,0,1.0
1788498225.575,5168.6,2127.0,72.0,81.5,84.0,81.2,83.6,778.8,784.6,779.8,782.1,4.84,60.3,11.5,3.0,39.3,0.71,14.09,4.0,LANE_A,20000.0,-22.0,83.2,CRUISE_LOITER,LADAKH,0,1.0
1788498226.164,5128.8,2110.6,72.0,81.6,83.8,81.0,83.6,778.1,782.6,778.8,784.5,4.87,60.2,11.4,3.0,39.1,0.75,14.11,4.0,LANE_A,20000.0,-22.0,83.2,CRUISE_LOITER,LADAKH,0,1.0
1788498226.772,5136.8,2113.9,72.0,81.3,83.7,81.3,83.6,777.5,781.8,778.5,781.9,4.84,60.3,11.4,3.0,39.1,0.68,14.11,4.1,LANE_A,20000.0,-22.0,83.2,CRUISE_LOITER,LADAKH,0,1.0
1788498227.37,5139.6,2115.0,72.0,81.4,84.0,81.1,83.4,779.2,782.0,778.3,781.6,4.83,60.7,11.4,3.0,39.1,0.73,14.1,4.0,LANE_A,20000.0,-22.0,83.2,CRUISE_LOITER,LADAKH,0,1.0
1788498227.963,5144.6,2117.1,72.0,81.4,84.0,80.9,83.7,779.2,783.5,779.4,783.1,4.8,60.3,11.5,3.0,39.1,0.71,14.07,4.0,LANE_A,20000.0,-22.0,83.2,CRUISE_LOITER,LADAKH,0,1.0
1788498228.567,5146.1,2117.7,72.0,81.4,83.6,80.8,83.2,779.6,784.5,779.7,783.8,4.89,60.4,11.4,3.0,39.3,0.71,14.1,4.0,LANE_A,20000.0,-22.0,83.2,CRUISE_LOITER,LADAKH,0,1.0
1788498229.185,5138.9,2114.8,72.0,81.3,84.1,80.9,83.7,777.3,781.9,779.4,782.5,4.84,60.3,11.4,3.0,39.3,0.71,14.1,4.1,LANE_A,20000.0,-22.0,83.2,CRUISE_LOITER,LADAKH,0,1.0
1788498229.762,5158.2,2122.7,72.0,81.5,83.9,81.0,83.3,777.5,782.1,780.3,781.9,4.85,60.1,11.4,3.0,39.4,0.74,14.12,4.0,LANE_A,20000.0,-22.0,83.1,CRUISE_LOITER,LADAKH,0,1.0
1788498230.321,5131.1,2111.6,72.0,81.5,84.3,80.8,83.5,777.6,783.5,778.9,782.5,4.84,60.2,11.3,3.0,39.4,0.75,14.11,4.1,LANE_A,20000.0,-22.0,83.1,CRUISE_LOITER,LADAKH,0,1.0
1788498230.909,5138.6,2114.7,72.0,81.3,83.9,80.9,83.3,777.7,783.4,780.7,785.0,4.82,60.1,11.2,3.0,39.3,0.74,14.08,4.0,LANE_A,20000.0,-22.0,83.1,CRUISE_LOITER,LADAKH,0,1.0
1788498231.487,5152.6,2120.4,72.0,81.4,83.8,80.9,83.5,778.5,784.2,780.7,786.0,4.86,60.3,11.3,3.0,39.1,0.73,14.13,4.0,LANE_A,20000.0,-22.0,83.1,CRUISE_LOITER,LADAKH,0,1.0
1788498232.078,5133.0,2112.3,72.0,81.1,84.0,80.9,83.4,778.3,781.6,781.2,784.7,4.82,60.0,11.3,3.0,39.2,0.73,14.1,4.0,LANE_A,20000.0,-22.0,83.1,CRUISE_LOITER,LADAKH,0,1.0
1788498232.722,5146.8,2118.0,72.0,81.2,83.8,80.8,83.2,778.8,783.0,780.1,784.0,4.85,60.1,11.3,3.0,39.1,0.73,14.08,4.0,LANE_A,20000.0,-22.0,83.1,CRUISE_LOITER,LADAKH,0,1.0
1788498233.328,5129.7,2111.0,72.0,81.3,83.7,80.6,83.4,779.5,784.2,781.0,781.9,4.75,60.4,11.4,3.0,39.2,0.71,14.08,4.1,LANE_A,20000.0,-22.0,83.1,CRUISE_LOITER,LADAKH,0,1.0
1788498233.917,5142.2,2116.1,72.0,81.4,83.7,80.7,83.7,778.6,783.1,778.9,784.0,4.85,60.2,11.4,3.0,39.3,0.73,14.11,4.1,LANE_A,20000.0,-22.0,83.1,CRUISE_LOITER,LADAKH,0,1.0
1788498234.497,5122.1,2107.9,72.0,81.4,83.8,80.8,83.5,779.2,782.5,781.0,783.5,4.88,59.9,11.3,3.0,39.0,0.7,14.1,4.1,LANE_A,20000.0,-22.0,83.1,CRUISE_LOITER,LADAKH,0,1.0
1788498235.455,5150.9,2119.7,72.0,81.2,83.7,80.6,83.3,779.1,782.8,780.2,782.4,4.88,60.2,11.4,3.0,39.0,0.72,14.09,4.0,LANE_A,20000.0,-22.0,83.1,CRUISE_LOITER,LADAKH,0,1.0
1788498236.028,5152.3,2120.3,72.0,81.3,83.6,80.9,83.3,779.8,782.4,779.4,783.6,4.91,60.0,11.3,3.0,39.3,0.7,14.13,4.1,LANE_A,20000.0,-22.0,83.1,CRUISE_LOITER,LADAKH,0,1.0
1788498236.601,5151.2,2119.8,72.0,81.2,83.9,81.0,83.0,778.6,782.4,779.4,783.6,4.87,60.0,11.4,3.0,39.2,0.75,14.13,4.0,LANE_A,20000.0,-22.0,83.0,CRUISE_LOITER,LADAKH,0,1.0
1788498237.18,5147.7,2118.4,72.0,81.2,83.7,80.8,83.2,777.8,783.9,780.8,783.4,4.85,60.2,11.4,3.0,39.1,0.72,14.11,4.1,LANE_A,20000.0,-22.0,83.0,CRUISE_LOITER,LADAKH,0,1.0
1788498237.767,5138.3,2114.5,72.0,81.1,84.0,80.8,83.4,779.5,784.2,780.0,782.8,4.86,60.0,11.3,3.0,39.1,0.7,14.12,4.0,LANE_A,20000.0,-22.0,83.0,CRUISE_LOITER,LADAKH,0,1.0
1788498238.343,5142.4,2116.2,72.0,80.9,83.7,80.6,83.3,777.8,782.3,782.1,780.2,4.89,60.2,11.3,3.0,39.2,0.72,14.06,3.9,LANE_A,20000.0,-22.0,83.0,CRUISE_LOITER,LADAKH,0,1.0
1788498238.935,5127.9,2110.2,72.0,81.2,83.6,80.8,83.1,776.0,782.8,780.0,783.4,4.84,60.1,11.4,3.0,38.8,0.7,14.08,4.0,LANE_A,20000.0,-22.0,83.0,CRUISE_LOITER,LADAKH,0,1.0
1788498239.544,5140.7,2115.5,72.0,81.1,83.5,80.8,83.0,777.8,780.4,781.8,783.4,4.85,60.0,11.3,3.0,39.2,0.73,14.1,4.1,LANE_A,20000.0,-22.0,83.0,CRUISE_LOITER,LADAKH,0,1.0
1788498240.137,5138.2,2114.5,72.0,81.0,83.5,80.6,83.4,777.6,785.3,778.7,783.0,4.89,60.1,11.4,3.0,39.2,0.74,14.12,4.1,LANE_A,20000.0,-22.0,83.0,CRUISE_LOITER,LADAKH,0,1.0
1788498240.732,5137.2,2114.1,72.0,81.2,83.8,80.7,83.5,779.1,781.9,778.3,783.4,4.91,59.9,11.3,3.0,39.2,0.71,14.07,4.1,LANE_A,20000.0,-22.0,83.0,CRUISE_LOITER,LADAKH,0,1.0
1788498241.336,5142.5,2116.2,72.0,81.3,84.0,80.9,83.2,776.6,781.6,779.2,784.7,4.87,60.0,11.3,3.0,39.0,0.71,14.11,4.2,LANE_A,20000.0,-22.0,83.0,CRUISE_LOITER,LADAKH,0,1.0
1788498241.945,5114.4,2104.7,72.0,81.1,83.8,80.6,83.1,779.1,782.8,777.8,783.8,4.84,60.0,11.4,3.0,39.2,0.73,14.08,4.0,LANE_A,20000.0,-22.0,83.0,CRUISE_LOITER,LADAKH,0,1.0
1788498242.538,5120.1,2107.0,72.0,81.0,83.6,80.3,83.1,776.7,783.9,779.2,781.9,4.86,60.0,11.4,3.0,39.1,0.72,14.12,4.1,LANE_A,20000.0,-22.0,83.0,CRUISE_LOITER,LADAKH,0,1.0
1788498243.128,5146.0,2117.7,72.0,81.2,83.9,80.7,83.0,777.5,786.6,781.0,782.0,4.84,60.1,11.1,3.0,39.3,0.73,14.05,3.9,LANE_A,20000.0,-22.0,83.0,CRUISE_LOITER,LADAKH,0,1.0
1788498243.733,5141.4,2115.8,72.0,81.1,83.7,80.7,83.0,777.4,783.9,781.5,782.3,4.9,60.2,11.2,3.0,39.3,0.71,14.07,4.0,LANE_A,20000.0,-22.0,83.0,CRUISE_LOITER,LADAKH,0,1.0
1788498244.338,5127.1,2109.9,72.0,81.3,83.7,80.7,83.1,779.3,784.9,780.0,785.1,4.83,60.2,11.4,3.0,39.1,0.71,14.13,3.8,LANE_A,20000.0,-22.0,83.0,CRUISE_LOITER,LADAKH,0,1.0
1788498244.914,5132.6,2112.2,72.0,81.0,83.3,80.5,83.2,780.8,781.0,779.4,782.5,4.86,60.1,11.3,3.0,39.1,0.72,14.08,4.0,LANE_A,20000.0,-22.0,83.0,CRUISE_LOITER,LADAKH,0,1.0
1788498245.519,5128.3,2110.4,72.0,81.0,83.6,80.5,83.4,777.3,784.2,779.7,784.3,4.88,59.6,11.2,3.0,38.9,0.73,14.1,4.0,LANE_A,20000.0,-22.0,83.0,CRUISE_LOITER,LADAKH,0,1.0
1788498246.124,5138.1,2114.5,72.0,81.0,83.7,80.6,82.9,775.6,784.1,780.6,783.9,4.87,59.8,11.2,3.0,39.1,0.7,14.11,4.0,LANE_A,20000.0,-22.0,83.0,CRUISE_LOITER,LADAKH,0,1.0
1788498246.724,5147.2,2118.2,72.0,81.0,83.5,80.1,82.8,778.7,783.9,780.3,784.0,4.87,59.9,11.4,3.0,38.9,0.72,14.12,4.0,LANE_A,20000.0,-22.0,83.0,CRUISE_LOITER,LADAKH,0,1.0
1788498247.303,5140.0,2115.2,72.0,81.1,83.6,80.8,83.0,779.2,782.4,783.2,782.0,4.88,59.9,11.3,3.0,39.1,0.7,14.09,4.1,LANE_A,20000.0,-22.0,83.0,CRUISE_LOITER,LADAKH,0,1.0
1788498247.895,5132.9,2112.3,72.0,81.1,83.8,80.4,82.8,779.9,783.0,779.3,783.7,4.81,60.0,11.3,3.0,39.1,0.71,14.1,4.2,LANE_A,20000.0,-22.0,83.0,CRUISE_LOITER,LADAKH,0,1.0
1788498248.511,5146.0,2117.7,72.0,81.2,83.5,80.6,83.1,777.6,782.3,779.3,782.8,4.84,59.9,11.3,3.0,39.1,0.73,14.09,4.1,LANE_A,20000.0,-22.0,83.0,CRUISE_LOITER,LADAKH,0,1.0
1788498249.091,5154.9,2121.4,72.0,80.8,83.7,80.7,83.1,778.9,784.5,781.1,785.9,4.89,59.8,11.2,3.0,39.1,0.71,14.09,4.2,LANE_A,20000.0,-22.0,83.0,CRUISE_LOITER,LADAKH,0,1.0
1788498249.654,5160.8,2123.8,72.0,81.2,83.2,80.7,82.9,777.0,782.9,780.7,785.1,4.83,59.6,11.3,3.0,39.3,0.73,14.06,4.2,LANE_A,20000.0,-22.0,83.0,CRUISE_LOITER,LADAKH,0,1.0
1788498250.222,5117.1,2105.8,72.0,81.1,83.4,80.8,82.9,778.7,780.6,781.7,782.6,4.86,59.9,11.2,3.0,39.0,0.73,14.08,3.9,LANE_A,20000.0,-22.0,83.0,CRUISE_LOITER,LADAKH,0,1.0
1788498250.804,5131.1,2111.5,72.0,81.2,83.7,80.9,83.0,778.3,784.9,781.7,784.3,4.79,59.8,11.2,3.0,39.0,0.72,14.1,4.0,LANE_A,20000.0,-22.0,83.0,CRUISE_LOITER,LADAKH,0,1.0
1788498251.392,5132.9,2112.3,72.0,80.7,83.2,80.4,82.7,779.4,782.6,780.0,782.7,4.85,60.1,11.1,3.0,39.0,0.71,14.08,4.2,LANE_A,20000.0,-22.0,83.0,CRUISE_LOITER,LADAKH,0,1.0
1788498252.003,5133.7,2112.6,72.0,80.7,83.3,80.4,82.8,778.2,782.9,780.3,783.2,4.8,59.9,11.3,3.0,38.9,0.7,14.09,4.0,LANE_A,20000.0,-22.0,83.0,CRUISE_LOITER,LADAKH,0,1.0
1788498252.598,5134.9,2113.1,72.0,80.7,83.3,80.6,83.3,777.4,782.2,779.4,784.2,4.85,59.8,11.2,3.0,38.9,0.74,14.14,4.1,LANE_A,20000.0,-22.0,83.0,CRUISE_LOITER,LADAKH,0,1.0
1788498253.179,5123.9,2108.6,72.0,81.1,83.4,80.2,83.0,776.5,783.5,780.0,782.1,4.84,59.8,11.3,3.0,39.0,0.72,14.1,4.0,LANE_A,20000.0,-22.0,83.1,CRUISE_LOITER,LADAKH,0,1.0
1788498253.765,5127.4,2110.0,72.0,80.8,83.3,80.3,82.9,779.4,783.8,782.3,785.3,4.9,60.1,11.2,3.0,38.9,0.74,14.09,4.1,LANE_A,20000.0,-22.0,83.1,CRUISE_LOITER,LADAKH,0,1.0
1788498254.357,5114.7,2104.8,72.0,81.2,83.6,80.3,83.0,778.4,782.1,780.8,782.2,4.85,59.8,11.2,3.0,39.2,0.71,14.13,4.0,LANE_A,20000.0,-22.0,83.1,CRUISE_LOITER,LADAKH,0,1.0
1788498255.352,5151.5,2120.0,72.0,81.1,83.2,80.2,82.8,777.3,784.6,782.0,783.6,4.83,59.7,11.3,3.0,39.0,0.72,14.12,4.1,LANE_A,20000.0,-22.0,83.1,CRUISE_LOITER,LADAKH,0,1.0
1788498255.925,5142.9,2116.4,72.0,80.6,83.4,80.1,83.0,777.5,784.7,780.8,783.6,4.88,59.8,11.3,3.0,39.0,0.69,14.08,4.1,LANE_A,20000.0,-22.0,83.1,CRUISE_LOITER,LADAKH,0,1.0
1788498256.527,5125.8,2109.4,72.0,80.8,83.4,80.5,83.0,778.3,783.9,779.5,782.3,4.88,59.7,11.1,3.0,39.1,0.73,14.14,4.1,LANE_A,20000.0,-22.0,83.1,CRUISE_LOITER,LADAKH,0,1.0
1788498257.101,5127.3,2110.0,72.0,80.5,83.5,80.4,82.4,775.9,784.3,780.2,785.5,4.87,59.9,11.2,3.0,39.1,0.74,14.14,3.9,LANE_A,20000.0,-22.0,83.1,CRUISE_LOITER,LADAKH,0,1.0
1788498257.706,5121.5,2107.6,72.0,80.9,83.2,80.2,83.0,777.2,782.1,779.6,783.2,4.9,59.9,11.2,3.0,38.8,0.72,14.1,3.9,LANE_A,20000.0,-22.0,83.1,CRUISE_LOITER,LADAKH,0,1.0
1788498258.284,5130.9,2111.5,72.0,80.8,83.4,80.3,82.5,777.6,782.4,779.9,783.0,4.87,59.6,11.2,3.0,38.9,0.71,14.1,4.2,LANE_A,20000.0,-22.0,83.1,CRUISE_LOITER,LADAKH,0,1.0
1788498258.876,5145.7,2117.6,72.0,80.5,83.4,80.3,82.5,779.9,784.3,779.4,784.0,4.85,59.8,11.2,3.0,39.0,0.72,14.13,4.0,LANE_A,20000.0,-22.0,83.1,CRUISE_LOITER,LADAKH,0,1.0
1788498259.466,5135.5,2113.4,72.0,80.8,83.3,80.2,82.7,780.2,783.4,779.2,783.0,4.88,59.8,11.3,3.0,39.1,0.74,14.11,4.0,LANE_A,20000.0,-22.0,83.2,CRUISE_LOITER,LADAKH,0,1.0
1788498260.075,5117.8,2106.1,72.0,80.8,83.3,80.2,82.9,777.9,783.1,782.2,782.0,4.84,59.6,11.2,3.0,39.0,0.71,14.14,4.0,LANE_A,20000.0,-22.0,83.2,CRUISE_LOITER,LADAKH,0,1.0
1788498260.667,5127.2,2110.0,72.0,80.6,83.1,80.0,82.5,776.9,781.8,779.5,785.3,4.87,59.5,11.2,3.0,39.0,0.73,14.11,4.2,LANE_A,20000.0,-22.0,83.2,CRUISE_LOITER,LADAKH,0,1.0
1788498261.241,5126.8,2109.8,72.0,80.8,83.5,80.3,82.6,778.1,784.8,779.7,784.2,4.84,59.5,11.3,3.0,39.0,0.72,14.08,4.1,LANE_A,20000.0,-22.0,83.2,CRUISE_LOITER,LADAKH,0,1.0
1788498261.84,5139.6,2115.1,72.0,80.5,82.9,80.1,82.3,776.3,781.3,779.3,785.7,4.84,59.6,11.1,3.0,38.8,0.73,14.09,4.0,LANE_A,20000.0,-22.0,83.2,CRUISE_LOITER,LADAKH,0,1.0
1788498262.441,5127.7,2110.2,72.0,80.7,83.1,80.4,82.5,779.9,785.2,780.0,780.0,4.82,59.6,11.2,3.0,38.9,0.71,14.08,3.9,LANE_A,20000.0,-22.0,83.2,CRUISE_LOITER,LADAKH,0,1.0
1788498263.014,5139.1,2114.9,72.0,80.8,83.1,79.8,82.4,779.7,782.6,779.7,782.8,4.87,59.6,11.4,3.0,39.0,0.73,14.1,4.1,LANE_A,20000.0,-22.0,83.2,CRUISE_LOITER,LADAKH,0,1.0
1788498263.62,5112.1,2103.8,72.0,80.7,83.3,79.8,82.9,777.0,782.7,782.8,783.8,4.86,59.9,11.2,3.0,39.0,0.7,14.1,4.0,LANE_A,20000.0,-22.0,83.3,CRUISE_LOITER,LADAKH,0,1.0
1788498264.222,5122.8,2108.1,72.0,80.7,82.9,80.2,82.5,777.2,782.3,779.5,784.2,4.85,59.7,11.2,3.0,38.9,0.74,14.12,4.1,LANE_A,20000.0,-22.0,83.3,CRUISE_LOITER,LADAKH,0,1.0
1788498264.801,5111.4,2103.5,72.0,80.5,83.3,79.9,82.8,779.3,782.4,780.9,783.2,4.92,59.6,11.3,3.0,39.1,0.72,14.1,3.9,LANE_A,20000.0,-22.0,83.3,CRUISE_LOITER,LADAKH,0,1.0
1788498265.447,5130.6,2111.3,72.0,80.7,83.2,79.9,82.7,777.8,782.6,779.6,782.6,4.86,59.6,11.2,3.0,38.8,0.72,14.12,4.1,LANE_A,20000.0,-22.0,83.3,CRUISE_LOITER,LADAKH,0,1.0
1788498266.027,5131.3,2111.6,72.0,80.3,83.5,79.9,82.2,776.9,784.8,778.6,784.3,4.79,59.5,11.1,3.0,38.6,0.73,14.09,4.1,LANE_A,20000.0,-22.0,83.3,CRUISE_LOITER,LADAKH,0,1.0
1788498266.615,5126.1,2109.5,72.0,80.5,83.2,80.3,82.5,780.1,781.6,781.1,783.2,4.84,59.5,11.3,3.0,38.9,0.72,14.07,4.2,LANE_A,20000.0,-22.0,83.3,CRUISE_LOITER,LADAKH,0,1.0
1788498267.187,5134.4,2112.9,72.0,80.6,82.8,80.1,82.8,777.1,783.0,779.2,784.9,4.89,59.6,11.1,3.0,39.0,0.72,14.13,3.9,LANE_A,20000.0,-22.0,83.4,CRUISE_LOITER,LADAKH,0,1.0
1788498267.757,5111.8,2103.6,72.0,80.4,83.3,80.1,82.8,777.5,783.0,781.3,782.1,4.88,59.4,11.2,3.0,39.0,0.73,14.08,4.0,LANE_A,20000.0,-22.0,83.4,CRUISE_LOITER,LADAKH,0,1.0
1788498268.352,5131.5,2111.7,72.0,80.3,83.1,79.8,82.4,780.9,785.0,780.0,779.9,4.82,59.7,11.2,3.0,38.8,0.73,14.11,4.1,LANE_A,20000.0,-22.0,83.4,CRUISE_LOITER,LADAKH,0,1.0
1788498268.96,5098.6,2098.2,72.0,80.6,82.8,80.3,82.7,779.5,783.0,780.4,784.0,4.9,59.7,11.2,3.0,39.0,0.69,14.1,3.8,LANE_A,20000.0,-22.0,83.4,CRUISE_LOITER,LADAKH,0,1.0
1788498269.555,5130.5,2111.3,72.0,80.7,83.1,79.9,82.3,780.2,782.1,781.5,784.3,4.85,59.7,11.2,3.0,39.1,0.71,14.07,4.2,LANE_A,20000.0,-22.0,83.4,CRUISE_LOITER,LADAKH,0,1.0
1788498270.145,5128.4,2110.4,72.0,80.8,82.8,80.4,82.8,777.8,783.9,779.6,783.0,4.84,59.6,11.2,3.0,39.0,0.74,14.08,4.0,LANE_A,20000.0,-22.0,83.5,CRUISE_LOITER,LADAKH,0,1.0
1788498270.745,5126.7,2109.8,72.0,80.4,83.0,79.8,82.4,776.4,785.2,780.5,784.8,4.88,59.6,11.1,3.0,38.7,0.71,14.1,3.8,LANE_A,20000.0,-22.0,83.5,CRUISE_LOITER,LADAKH,0,1.0
1788498271.337,5122.6,2108.1,72.0,80.4,82.7,80.0,82.1,777.3,782.8,780.8,783.5,4.89,59.4,11.1,3.0,39.0,0.73,14.1,3.8,LANE_A,20000.0,-22.0,83.5,CRUISE_LOITER,LADAKH,0,1.0
1788498271.931,5118.0,2106.2,72.0,80.4,82.8,80.0,82.5,778.7,783.5,781.4,784.4,4.87,59.5,11.2,3.0,38.7,0.74,14.17,4.0,LANE_A,20000.0,-22.0,83.5,CRUISE_LOITER,LADAKH,0,1.0
1788498272.514,5142.2,2116.1,72.0,80.3,83.1,80.1,82.5,780.3,783.1,782.2,783.5,4.87,59.4,11.1,3.0,39.0,0.71,14.1,3.8,LANE_A,20000.0,-22.0,83.5,CRUISE_LOITER,LADAKH,0,1.0
1788498273.091,5132.4,2112.1,72.0,80.5,82.7,79.8,82.3,780.2,784.0,780.7,784.5,4.86,59.3,11.2,3.0,39.0,0.72,14.11,4.0,LANE_A,20000.0,-22.0,83.6,CRUISE_LOITER,LADAKH,0,1.0
1788498273.693,5120.2,2107.1,72.0,80.2,82.6,79.8,82.6,779.9,785.4,779.9,783.5,4.82,59.4,11.2,3.0,38.6,0.72,14.07,4.2,LANE_A,20000.0,-22.0,83.6,CRUISE_LOITER,LADAKH,0,1.0
1788498274.277,5105.0,2100.8,72.0,80.6,82.9,79.8,82.3,780.1,783.7,780.7,784.1,4.89,59.2,11.3,3.0,38.8,0.74,14.1,4.1,LANE_A,20000.0,-22.0,83.6,CRUISE_LOITER,LADAKH,0,1.0
1788498275.244,5128.0,2110.3,72.0,80.4,83.2,79.8,82.2,779.7,781.9,778.6,782.3,4.87,59.3,11.3,3.0,39.0,0.73,14.09,4.2,LANE_A,20000.0,-22.0,83.6,CRUISE_LOITER,LADAKH,0,1.0
1788498275.849,5123.1,2108.3,72.0,80.3,83.0,79.9,82.4,778.3,783.5,781.5,784.1,4.89,59.4,11.2,3.0,39.0,0.7,14.13,3.9,LANE_A,20000.0,-22.0,83.7,CRUISE_LOITER,LADAKH,0,1.0
1788498276.421,5122.9,2108.2,72.0,80.4,82.9,79.9,82.4,780.0,782.8,781.0,784.8,4.83,59.4,11.1,3.0,39.0,0.74,14.1,4.0,LANE_A,20000.0,-22.0,83.7,CRUISE_LOITER,LADAKH,0,1.0
1788498277.023,5117.0,2105.8,72.0,80.3,82.5,79.8,82.0,778.4,784.0,781.9,780.9,4.84,59.2,11.0,3.0,38.5,0.74,14.09,4.0,LANE_A,20000.0,-22.0,83.7,CRUISE_LOITER,LADAKH,0,1.0
1788498277.593,5102.9,2100.0,72.0,80.7,82.7,80.0,82.5,779.1,781.9,778.6,784.1,4.85,59.3,11.2,3.0,38.9,0.72,14.09,3.8,LANE_A,20000.0,-22.0,83.7,CRUISE_LOITER,LADAKH,0,1.0
1788498278.181,5108.5,2102.2,72.0,80.3,82.8,79.7,82.0,776.8,786.2,779.8,785.0,4.86,59.1,11.1,3.0,38.9,0.74,14.07,4.0,LANE_A,20000.0,-22.0,83.8,CRUISE_LOITER,LADAKH,0,1.0
1788498278.755,5104.4,2100.6,72.0,80.2,82.7,79.8,82.2,779.2,783.4,780.1,783.1,4.85,59.2,11.1,3.0,38.8,0.71,14.11,4.1,LANE_A,20000.0,-22.0,83.8,CRUISE_LOITER,LADAKH,0,1.0
1788498279.341,5123.1,2108.3,72.0,80.4,82.5,79.4,81.8,779.0,785.2,779.2,783.1,4.91,59.2,11.2,3.0,38.7,0.7,14.07,4.1,LANE_A,20000.0,-22.0,83.8,CRUISE_LOITER,LADAKH,0,1.0
1788498279.93,5140.2,2115.3,72.0,80.2,83.0,79.9,82.3,777.4,784.6,780.9,784.3,4.87,59.2,11.2,3.0,38.9,0.72,14.11,3.9,LANE_A,20000.0,-22.0,83.8,CRUISE_LOITER,LADAKH,0,1.0
1788498280.549,5117.7,2106.0,72.0,80.3,82.7,79.8,82.4,776.9,785.1,779.5,783.6,4.89,59.3,11.2,3.0,38.7,0.72,14.09,4.2,LANE_A,20000.0,-22.0,83.9,CRUISE_LOITER,LADAKH,0,1.0
1788498281.128,5131.7,2111.8,72.0,80.0,82.8,79.9,82.4,778.0,783.7,780.8,784.0,4.83,59.1,11.2,3.0,38.7,0.71,14.08,3.8,LANE_A,20000.0,-22.0,83.9,CRUISE_LOITER,LADAKH,0,1.0
1788498281.715,5110.4,2103.1,72.0,80.1,82.4,79.7,82.1,778.4,783.3,781.8,783.9,4.84,59.2,11.1,3.0,38.7,0.73,14.13,4.0,LANE_A,20000.0,-22.0,83.9,CRUISE_LOITER,LADAKH,0,1.0
1788498282.301,5121.5,2107.6,72.0,80.1,82.4,79.5,82.3,778.8,785.2,780.6,785.2,4.89,59.2,11.1,3.0,38.7,0.72,14.07,4.0,LANE_A,20000.0,-22.0,84.0,CRUISE_LOITER,LADAKH,0,1.0
1788498282.878,5104.5,2100.6,72.0,80.0,82.4,79.9,82.0,779.5,782.7,778.9,782.8,4.84,59.2,11.2,3.0,38.8,0.72,14.1,4.0,LANE_A,20000.0,-22.0,84.0,CRUISE_LOITER,LADAKH,0,1.0
1788498283.456,5129.2,2110.8,72.0,80.2,82.4,79.9,82.2,778.4,782.5,782.6,784.8,4.92,59.1,11.1,3.0,38.7,0.72,14.07,4.1,LANE_A,20000.0,-22.0,84.0,CRUISE_LOITER,LADAKH,0,1.0
1788498284.036,5122.5,2108.0,72.0,80.0,82.5,79.5,82.4,777.4,784.4,781.1,783.2,4.86,59.0,11.2,3.0,38.9,0.75,14.1,4.2,LANE_A,20000.0,-22.0,84.0,CRUISE_LOITER,LADAKH,0,1.0
1788498284.618,5121.3,2107.5,72.0,79.8,82.9,79.8,82.1,778.8,783.4,780.8,785.0,4.93,59.2,11.3,3.0,38.7,0.71,14.1,4.1,LANE_A,20000.0,-22.0,84.1,CRUISE_LOITER,LADAKH,0,1.0
1788498285.203,5107.1,2101.7,72.0,79.8,82.4,79.7,82.2,777.9,781.9,779.6,785.4,4.86,59.1,11.2,3.0,39.0,0.72,14.1,4.0,LANE_A,20000.0,-22.0,84.1,CRUISE_LOITER,LADAKH,0,1.0
1788498285.825,5104.6,2100.6,72.0,80.3,82.2,79.7,82.1,779.3,784.6,780.8,783.3,4.88,59.0,11.2,3.0,38.9,0.71,14.12,4.1,LANE_A,20000.0,-22.0,84.1,CRUISE_LOITER,LADAKH,0,1.0
1788498286.409,5111.4,2103.5,72.0,79.6,82.5,79.8,82.1,779.2,783.8,781.3,784.4,4.87,58.7,11.2,3.0,39.2,0.7,14.09,4.0,LANE_A,20000.0,-22.0,84.2,CRUISE_LOITER,LADAKH,0,1.0
1788498287.0,5116.4,2105.5,72.0,79.8,82.1,79.5,81.9,780.2,787.5,779.8,781.6,4.91,59.1,11.1,3.0,38.9,0.71,14.05,4.1,LANE_A,20000.0,-22.0,84.2,CRUISE_LOITER,LADAKH,0,1.0
1788498287.585,5130.7,2111.4,72.0,79.5,82.6,79.6,81.9,779.1,783.9,781.3,782.8,4.89,59.2,11.1,3.0,38.8,0.7,14.1,4.0,LANE_A,20000.0,-22.0,84.2,CRUISE_LOITER,LADAKH,0,1.0
1788498288.178,5127.8,2110.2,72.0,80.3,82.6,79.5,81.8,778.7,782.1,780.0,783.6,4.85,58.9,11.2,3.0,38.7,0.73,14.1,4.1,LANE_A,20000.0,-22.0,84.3,CRUISE_LOITER,LADAKH,0,1.0
1788498288.796,5106.8,2101.6,72.0,80.4,82.4,79.5,81.8,777.2,784.1,780.8,784.0,4.84,58.9,11.3,3.0,38.6,0.73,14.09,4.0,LANE_A,20000.0,-22.0,84.3,CRUISE_LOITER,LADAKH,0,1.0
1788498289.381,5094.5,2096.5,72.0,80.1,82.4,79.6,82.4,778.3,785.0,781.2,781.5,4.9,59.1,11.3,3.0,38.9,0.72,14.1,4.0,LANE_A,20000.0,-22.0,84.3,CRUISE_LOITER,LADAKH,0,1.0
1788498289.979,5104.7,2100.7,72.0,79.7,82.4,79.4,82.2,779.8,785.2,780.3,783.7,4.9,59.0,11.0,3.0,38.8,0.73,14.07,4.2,LANE_A,20000.0,-22.0,84.4,CRUISE_LOITER,LADAKH,0,1.0
1788498290.564,5123.4,2108.4,72.0,79.4,82.6,79.0,81.9,777.1,782.5,780.8,782.2,4.86,58.9,11.1,3.0,38.9,0.73,14.11,3.9,LANE_A,20000.0,-22.0,84.4,CRUISE_LOITER,LADAKH,0,1.0
1788498291.142,5113.2,2104.2,72.0,79.8,82.3,79.3,81.8,779.0,782.3,780.6,784.7,4.79,58.9,11.1,3.0,38.6,0.72,14.08,4.2,LANE_A,20000.0,-22.0,84.4,CRUISE_LOITER,LADAKH,0,1.0
1788498291.727,5102.2,2099.7,72.0,80.0,82.2,79.4,81.8,779.3,785.3,779.0,786.3,4.85,59.1,11.1,3.0,38.6,0.72,14.11,4.0,LANE_A,20000.0,-22.0,84.5,CRUISE_LOITER,LADAKH,0,1.0
1788498292.311,5111.8,2103.6,72.0,80.0,82.5,79.3,81.8,779.6,784.4,781.4,786.2,4.91,58.9,11.1,3.0,38.7,0.71,14.11,4.2,LANE_A,20000.0,-22.0,84.5,CRUISE_LOITER,LADAKH,0,1.0
1788498292.889,5109.6,2102.7,72.0,79.9,82.3,79.5,82.1,777.0,784.0,780.2,785.3,4.86,59.0,11.1,3.0,38.8,0.73,14.1,3.9,LANE_A,20000.0,-22.0,84.5,CRUISE_LOITER,LADAKH,0,1.0
1788498293.484,5113.2,2104.2,72.0,80.0,82.4,79.5,81.8,778.8,785.0,782.0,784.3,4.87,58.7,11.1,3.0,38.6,0.71,14.11,4.0,LANE_A,20000.0,-22.0,84.6,CRUISE_LOITER,LADAKH,0,1.0
1788498294.057,5116.7,2105.6,72.0,79.8,82.6,79.4,81.5,778.1,784.3,784.4,784.1,4.86,59.0,11.1,3.0,38.8,0.75,14.09,4.2,LANE_A,20000.0,-22.0,84.6,CRUISE_LOITER,LADAKH,0,1.0
1788498294.643,5153.1,2120.6,72.0,80.0,82.1,79.6,81.6,783.1,785.9,783.9,787.7,4.84,58.5,11.2,3.0,39.0,0.7,14.12,4.1,LANE_A,20000.0,-22.0,84.7,CRUISE_LOITER,LADAKH,0,1.0
1788498295.628,5108.9,2102.4,72.0,79.8,82.5,79.5,81.8,780.0,784.4,780.3,785.1,4.88,58.6,11.3,3.0,38.7,0.73,14.11,4.1,LANE_A,20000.0,-22.0,84.7,CRUISE_LOITER,LADAKH,0,1.0
1788498296.211,5113.1,2104.2,72.0,79.9,82.4,79.4,81.8,779.8,784.2,782.0,784.0,4.87,58.9,11.2,3.0,38.7,0.73,14.12,3.9,LANE_A,20000.0,-22.0,84.7,CRUISE_LOITER,LADAKH,0,1.0
1788498296.797,5102.6,2099.8,72.0,80.0,82.3,79.1,81.7,782.6,784.6,782.4,784.4,4.81,58.9,11.2,3.0,38.6,0.69,14.07,3.9,LANE_A,20000.0,-22.0,84.8,CRUISE_LOITER,LADAKH,0,1.0
1788498297.399,5108.5,2102.3,72.0,80.1,82.2,79.2,81.4,777.9,782.9,782.8,782.1,4.85,58.8,11.1,3.0,38.9,0.73,14.08,4.1,LANE_A,20000.0,-22.0,84.8,CRUISE_LOITER,LADAKH,0,1.0
1788498297.983,5116.8,2105.7,72.0,79.6,81.8,79.2,81.6,779.9,783.6,780.6,782.7,4.85,58.8,11.1,3.0,38.8,0.69,14.08,4.0,LANE_A,20000.0,-22.0,84.8,CRUISE_LOITER,LADAKH,0,1.0
1788498298.582,5134.6,2113.0,72.0,79.4,82.0,79.1,81.5,782.0,785.5,782.3,782.1,4.88,58.8,11.1,3.0,38.7,0.71,14.09,4.1,LANE_A,20000.0,-22.0,84.9,CRUISE_LOITER,LADAKH,0,1.0
1788498299.165,5128.2,2110.4,72.0,79.4,81.9,79.4,81.7,777.3,784.5,781.1,783.8,4.88,58.9,11.1,3.0,38.6,0.73,14.09,3.9,LANE_A,20000.0,-22.0,84.9,CRUISE_LOITER,LADAKH,0,1.0
1788498299.768,5088.3,2093.9,72.0,79.7,82.3,79.0,81.7,777.8,785.5,781.2,781.6,4.87,58.7,11.1,3.0,38.8,0.68,14.12,4.0,LANE_A,20000.0,-22.0,85.0,CRUISE_LOITER,LADAKH,0,1.0
1788498300.362,5122.1,2107.9,72.0,79.6,82.4,78.9,81.9,781.1,785.5,780.9,782.6,4.9,58.6,11.3,3.0,38.8,0.72,14.08,4.0,LANE_A,20000.0,-22.0,85.0,CRUISE_LOITER,LADAKH,0,1.0
1788498300.902,5119.9,2107.0,72.0,79.5,82.3,79.4,81.9,777.7,784.1,781.0,783.1,4.84,58.6,11.1,3.0,38.9,0.69,14.08,4.0,LANE_A,20000.0,-22.0,85.0,CRUISE_LOITER,LADAKH,0,1.0
1788498301.479,5098.4,2098.1,72.0,79.7,82.2,79.3,81.7,779.2,784.2,780.4,782.5,4.93,58.7,11.1,3.0,38.6,0.72,14.1,4.0,LANE_A,20000.0,-22.0,85.1,CRUISE_LOITER,LADAKH,0,1.0
1788498302.072,5139.8,2115.1,72.0,79.4,81.9,78.9,81.6,779.6,782.9,780.5,784.7,4.88,58.8,11.2,3.0,38.6,0.74,14.12,4.2,LANE_A,20000.0,-22.0,85.1,CRUISE_LOITER,LADAKH,0,1.0
1788498302.64,5106.4,2101.4,72.0,79.6,82.4,79.1,81.5,780.6,785.4,780.5,782.9,4.84,58.7,11.0,3.0,38.6,0.71,14.07,4.1,LANE_A,20000.0,-22.0,85.2,CRUISE_LOITER,LADAKH,0,1.0
1788498303.207,5107.8,2102.0,72.0,79.6,82.4,79.2,81.4,779.3,785.7,780.2,783.5,4.88,58.6,11.0,3.0,38.7,0.72,14.1,4.0,LANE_A,20000.0,-22.0,85.2,CRUISE_LOITER,LADAKH,0,1.0
1788498303.797,5125.3,2109.2,72.0,79.9,82.1,78.8,81.3,777.2,783.9,779.2,783.2,4.86,58.8,11.0,3.0,38.9,0.71,14.09,4.0,LANE_A,20000.0,-22.0,85.2,CRUISE_LOITER,LADAKH,0,1.0
1788498304.384,5135.6,2113.4,72.0,79.7,82.1,78.9,81.7,778.4,782.7,780.6,783.9,4.86,58.5,11.0,3.0,38.8,0.73,14.1,4.0,LANE_A,20000.0,-22.0,85.3,CRUISE_LOITER,LADAKH,0,1.0
1788498304.975,5108.7,2102.4,72.0,79.7,82.3,79.2,81.7,779.8,782.8,783.1,785.3,4.85,58.7,11.1,3.0,38.7,0.71,14.08,4.0,LANE_A,20000.0,-22.0,85.3,CRUISE_LOITER,LADAKH,0,1.0
1788498305.557,5112.0,2103.7,72.0,79.4,82.1,78.9,81.4,778.2,784.8,780.1,784.5,4.89,58.4,11.0,3.0,38.6,0.72,14.11,4.2,LANE_A,20000.0,-22.0,85.4,CRUISE_LOITER,LADAKH,0,1.0
1788498306.151,5096.7,2097.4,72.0,79.6,81.9,79.0,81.5,779.0,783.1,781.1,784.9,4.89,58.5,11.2,3.0,38.6,0.68,14.08,4.1,LANE_A,20000.0,-22.0,85.4,CRUISE_LOITER,LADAKH,0,1.0
1788498306.756,5100.4,2098.9,72.0,79.5,82.1,78.9,81.1,779.0,785.9,782.3,784.4,4.91,58.8,11.1,3.0,38.7,0.7,14.09,4.0,LANE_A,20000.0,-22.0,85.5,CRUISE_LOITER,LADAKH,0,1.0
1788498307.324,5106.6,2101.5,72.0,79.5,81.8,78.6,81.3,780.1,783.4,780.9,783.1,4.88,58.5,11.2,3.0,38.7,0.7,14.09,4.0,LANE_A,20000.0,-22.0,85.5,CRUISE_LOITER,LADAKH,0,1.0
1788498307.902,5114.9,2104.9,72.0,79.3,82.0,78.5,81.5,779.5,784.0,779.0,783.4,4.84,58.6,11.2,3.0,38.6,0.69,14.1,3.9,LANE_A,20000.0,-22.0,85.5,CRUISE_LOITER,LADAKH,0,1.0
1788498308.503,5095.1,2096.8,72.0,79.6,81.8,78.9,81.5,779.3,783.5,781.5,786.1,4.88,58.5,11.2,3.0,38.7,0.69,14.12,3.9,LANE_A,20000.0,-22.0,85.6,CRUISE_LOITER,LADAKH,0,1.0
1788498309.12,5119.7,2106.9,72.0,79.5,81.9,79.0,81.2,780.8,785.1,780.8,785.0,4.83,58.6,11.0,3.0,38.6,0.72,14.12,4.0,LANE_A,20000.0,-22.0,85.6,CRUISE_LOITER,LADAKH,0,1.0
1788498309.712,5105.5,2101.0,72.0,79.4,81.8,78.7,81.3,780.5,782.5,782.1,782.3,4.85,58.4,11.2,3.0,38.7,0.71,14.08,4.0,LANE_A,20000.0,-22.0,85.7,CRUISE_LOITER,LADAKH,0,1.0
1788498310.322,5112.5,2103.9,72.0,79.4,82.1,78.8,81.3,777.4,785.5,780.0,784.9,4.89,58.4,11.1,3.0,38.7,0.74,14.14,4.0,LANE_A,20000.0,-22.0,85.7,CRUISE_LOITER,LADAKH,0,1.0
1788498310.896,5110.4,2103.0,72.0,79.3,81.7,78.9,81.0,779.2,785.9,779.5,783.7,4.88,58.4,11.0,3.0,38.8,0.69,14.1,4.0,LANE_A,20000.0,-22.0,85.8,CRUISE_LOITER,LADAKH,0,1.0
1788498311.486,5131.0,2111.5,72.0,79.6,81.6,78.8,81.6,781.5,784.0,781.6,783.2,4.9,58.5,11.1,3.0,38.9,0.7,14.12,4.0,LANE_A,20000.0,-22.0,85.8,CRUISE_LOITER,LADAKH,0,1.0
1788498312.061,5128.8,2110.6,72.0,79.2,81.8,79.0,81.2,776.4,785.6,779.6,783.8,4.9,58.4,11.1,3.0,38.8,0.73,14.09,3.9,LANE_A,20000.0,-22.0,85.9,CRUISE_LOITER,LADAKH,0,1.0
1788498312.63,5129.8,2111.0,72.0,79.6,82.0,78.6,81.5,779.1,781.9,782.2,783.0,4.85,58.5,11.1,3.0,38.8,0.69,14.1,3.9,LANE_A,20000.0,-22.0,85.9,CRUISE_LOITER,LADAKH,0,1.0
1788498313.224,5118.2,2106.3,72.0,79.3,81.7,78.8,81.5,780.9,784.7,780.4,782.6,4.89,58.5,11.2,3.0,38.8,0.7,14.09,4.0,LANE_A,20000.0,-22.0,85.9,CRUISE_LOITER,LADAKH,0,1.0
1788498313.83,5106.2,2101.3,72.0,79.2,81.5,78.7,81.5,778.9,784.5,781.6,784.3,4.89,58.4,11.3,3.0,38.9,0.7,14.11,4.1,LANE_A,20000.0,-22.0,86.0,CRUISE_LOITER,LADAKH,0,1.0
1788498314.39,5094.1,2096.3,72.0,79.5,81.7,79.0,81.4,779.7,783.8,780.6,783.8,4.88,58.3,11.1,3.0,38.6,0.7,14.09,4.0,LANE_A,20000.0,-22.0,86.0,CRUISE_LOITER,LADAKH,0,1.0
1788498315.394,5104.8,2100.7,72.0,79.2,82.0,78.4,81.2,781.0,784.3,780.2,785.9,4.87,58.1,11.1,3.0,38.7,0.73,14.13,4.1,LANE_A,20000.0,-22.0,86.1,CRUISE_LOITER,LADAKH,0,1.0
1788498315.989,5107.8,2102.0,72.0,79.4,81.7,78.9,81.3,778.2,785.8,781.4,785.2,4.89,58.4,11.1,3.0,38.5,0.7,14.08,4.0,LANE_A,20000.0,-22.0,86.1,CRUISE_LOITER,LADAKH,0,1.0
1788498316.572,5106.8,2101.6,72.0,79.0,81.9,78.7,81.2,778.4,784.7,781.9,786.8,4.9,58.1,11.0,3.0,38.7,0.72,14.12,4.2,LANE_A,20000.0,-22.0,86.2,CRUISE_LOITER,LADAKH,0,1.0
1788498317.158,5123.4,2108.4,72.0,79.2,81.5,78.9,81.1,780.3,784.8,782.5,787.2,4.91,58.5,11.2,3.0,38.6,0.72,14.11,4.0,LANE_A,20000.0,-22.0,86.2,CRUISE_LOITER,LADAKH,0,1.0
1788498317.763,5119.3,2106.7,72.0,79.0,82.0,78.7,81.4,780.6,784.6,780.1,784.1,4.89,58.4,11.1,3.0,38.7,0.7,14.1,4.0,LANE_A,20000.0,-22.0,86.3,CRUISE_LOITER,LADAKH,0,1.0
1788498318.365,5104.2,2100.5,72.0,79.4,81.5,78.6,81.4,779.2,784.6,782.2,783.6,4.81,58.3,11.3,3.0,38.5,0.7,14.11,4.0,LANE_A,20000.0,-22.0,86.3,CRUISE_LOITER,LADAKH,0,1.0
1788498318.943,5120.6,2107.2,72.0,79.0,81.8,78.7,81.1,779.8,785.1,782.2,785.8,4.95,58.3,11.1,3.0,38.7,0.73,14.09,4.1,LANE_A,20000.0,-22.0,86.4,CRUISE_LOITER,LADAKH,0,1.0
1788498319.532,5098.2,2098.0,72.0,78.8,81.6,78.9,81.4,781.3,782.8,781.7,786.0,4.83,58.2,11.0,3.0,38.7,0.71,14.12,4.2,LANE_A,20000.0,-22.0,86.4,CRUISE_LOITER,LADAKH,0,1.0
1788498320.129,5115.0,2104.9,72.0,79.4,81.7,78.9,80.9,778.9,783.9,781.9,782.0,4.86,58.6,11.1,3.0,38.6,0.73,14.09,4.0,LANE_A,20000.0,-22.0,86.5,CRUISE_LOITER,LADAKH,0,1.0
1788498320.729,5101.2,2099.3,72.0,78.8,81.7,78.8,81.3,778.2,785.4,782.3,784.2,4.85,58.0,11.1,3.0,38.3,0.72,14.09,4.1,LANE_A,20000.0,-22.0,86.5,CRUISE_LOITER,LADAKH,0,1.0
1788498321.335,5121.8,2107.8,72.0,79.2,81.2,78.5,80.8,780.5,782.1,780.1,783.0,4.86,58.2,11.2,3.0,38.7,0.74,14.11,4.1,LANE_A,20000.0,-22.0,86.6,CRUISE_LOITER,LADAKH,0,1.0
1788498321.916,5098.9,2098.3,72.0,79.1,81.7,78.8,81.2,777.7,785.5,781.5,785.8,4.92,58.1,11.1,3.0,38.6,0.73,14.14,4.0,LANE_A,20000.0,-22.0,86.6,CRUISE_LOITER,LADAKH,0,1.0
1788498322.515,5106.0,2101.2,72.0,79.0,82.1,78.5,80.8,779.0,781.7,781.8,785.2,4.91,58.3,11.0,3.0,38.9,0.69,14.11,4.1,LANE_A,20000.0,-22.0,86.7,CRUISE_LOITER,LADAKH,0,1.0
1788498323.417,5091.0,2095.0,72.0,79.0,81.5,78.7,80.8,778.4,785.0,780.5,784.6,4.88,57.9,10.9,3.0,38.7,0.74,14.08,4.1,LANE_A,20000.0,-22.0,86.7,CRUISE_LOITER,LADAKH,0,1.0
1788498324.063,5107.2,2101.7,72.0,79.2,81.6,78.6,81.1,782.0,784.7,781.5,784.1,4.89,58.3,11.1,3.0,38.6,0.71,14.09,4.0,LANE_A,20000.0,-22.0,86.7,CRUISE_LOITER,LADAKH,0,1.0
1788498324.675,5119.3,2106.7,72.0,79.1,81.4,78.5,81.2,781.1,784.7,780.2,785.6,4.88,58.3,11.2,3.0,38.4,0.73,14.09,4.0,LANE_A,20000.0,-22.0,86.8,CRUISE_LOITER,LADAKH,0,1.0
1788498325.26,5109.1,2102.5,72.0,79.1,81.7,78.4,81.2,778.0,784.2,781.9,783.4,4.9,58.2,10.9,3.0,38.6,0.71,14.11,4.1,LANE_A,20000.0,-22.0,86.8,CRUISE_LOITER,LADAKH,0,1.0
1788498325.86,5130.5,2111.3,72.0,78.8,81.3,78.3,81.1,781.4,783.2,778.4,783.7,4.83,58.0,11.1,3.0,38.5,0.75,14.11,4.0,LANE_A,20000.0,-22.0,86.9,CRUISE_LOITER,LADAKH,0,1.0
1788498326.443,5102.9,2100.0,72.0,79.0,81.5,78.7,80.9,777.7,786.0,779.9,783.4,4.86,58.4,11.0,3.0,38.5,0.74,14.09,4.1,LANE_A,20000.0,-22.0,86.9,CRUISE_LOITER,LADAKH,0,1.0
1788498327.013,5098.5,2098.1,72.0,78.9,81.7,78.3,81.0,780.1,782.6,779.5,785.1,4.95,58.2,11.1,3.0,38.9,0.71,14.06,3.9,LANE_A,20000.0,-22.0,87.0,CRUISE_LOITER,LADAKH,0,1.0
1788498327.605,5120.9,2107.4,72.0,79.2,81.1,78.5,80.6,780.0,783.7,782.5,786.3,4.88,58.2,11.1,3.0,38.8,0.71,14.14,4.2,LANE_A,20000.0,-22.0,87.0,CRUISE_LOITER,LADAKH,0,1.0
1788498328.222,5117.4,2105.9,72.0,79.0,81.5,78.6,81.0,778.9,783.1,782.5,786.4,4.87,58.1,11.1,3.0,38.7,0.73,14.12,3.9,LANE_A,20000.0,-22.0,87.1,CRUISE_LOITER,LADAKH,0,1.0
1788498328.803,5119.0,2106.6,72.0,78.9,81.6,78.1,81.1,779.7,784.2,780.6,784.1,4.96,58.1,11.1,3.0,38.8,0.73,14.12,4.0,LANE_A,20000.0,-22.0,87.1,CRUISE_LOITER,LADAKH,0,1.0
1788498329.398,5112.4,2103.9,72.0,79.3,81.4,78.3,80.9,778.9,784.0,783.4,783.3,4.92,58.0,11.1,3.0,38.6,0.74,14.12,4.1,LANE_A,20000.0,-22.0,87.2,CRUISE_LOITER,LADAKH,0,1.0
1788498329.981,5117.0,2105.7,72.0,78.8,81.2,78.4,80.7,780.5,786.1,780.3,782.0,4.86,58.3,11.2,3.0,38.4,0.72,14.14,4.1,LANE_A,20000.0,-22.0,87.2,CRUISE_LOITER,LADAKH,0,1.0
1788498330.556,5105.6,2101.1,72.0,78.7,81.4,78.3,80.7,779.8,783.3,782.9,786.1,4.92,58.3,11.0,3.0,38.6,0.7,14.1,4.0,LANE_A,20000.0,-22.0,87.3,CRUISE_LOITER,LADAKH,0,1.0
1788498331.136,5108.8,2102.4,72.0,78.8,81.3,78.5,80.7,779.7,785.7,782.6,782.7,4.91,58.3,11.2,3.0,38.9,0.72,14.14,4.2,LANE_A,20000.0,-22.0,87.3,CRUISE_LOITER,LADAKH,0,1.0
1788498331.713,5111.9,2103.7,72.0,79.0,81.3,78.5,81.0,780.1,783.8,782.9,786.5,4.88,58.2,11.1,3.0,38.5,0.71,14.1,4.0,LANE_A,20000.0,-22.0,87.4,CRUISE_LOITER,LADAKH,0,1.0
1788498332.309,5104.4,2100.6,72.0,78.8,81.3,78.4,80.7,781.0,784.8,781.8,782.6,4.91,58.1,11.1,3.0,38.6,0.7,14.09,3.9,LANE_A,20000.0,-22.0,87.4,CRUISE_LOITER,LADAKH,0,1.0
1788498332.897,5083.0,2091.8,72.0,79.0,81.5,78.1,80.8,778.8,782.0,781.5,784.1,4.9,57.9,11.1,3.0,38.4,0.71,14.12,4.1,LANE_A,20000.0,-22.0,87.5,CRUISE_LOITER,LADAKH,0,1.0
1788498333.475,5104.2,2100.5,72.0,78.8,81.5,77.8,80.7,779.7,784.1,782.0,784.8,4.88,58.0,11.1,3.0,38.6,0.73,14.1,4.2,LANE_A,20000.0,-22.0,87.5,CRUISE_LOITER,LADAKH,0,1.0
1788498334.18,5130.0,2111.1,72.0,78.8,81.3,77.9,81.1,780.5,783.5,781.6,783.6,4.87,58.2,11.1,3.0,38.5,0.72,14.09,4.0,LANE_A,20000.0,-22.0,87.6,CRUISE_LOITER,LADAKH,0,1.0
1788498335.306,5116.1,2105.4,72.0,78.5,81.1,78.2,80.7,778.0,784.7,780.3,783.4,4.86,58.3,11.1,3.0,38.7,0.73,14.09,4.1,LANE_A,20000.0,-22.0,87.6,CRUISE_LOITER,LADAKH,0,1.0
1788498335.89,5098.3,2098.1,72.0,78.8,81.0,78.4,80.9,781.0,785.5,783.1,784.6,4.89,58.1,11.0,3.0,38.7,0.71,14.07,4.1,LANE_A,20000.0,-22.0,87.7,CRUISE_LOITER,LADAKH,0,1.0
1788498336.511,5112.8,2104.0,72.0,78.5,81.3,78.1,80.8,780.4,783.7,783.2,783.6,4.88,57.7,11.1,3.0,38.7,0.72,14.1,4.1,LANE_A,20000.0,-22.0,87.7,CRUISE_LOITER,LADAKH,0,1.0
1788498337.124,5111.3,2103.4,72.0,78.9,81.4,77.8,80.9,779.1,783.5,783.9,784.2,4.87,58.2,11.2,3.0,38.6,0.73,14.1,3.9,LANE_A,20000.0,-22.0,87.8,CRUISE_LOITER,LADAKH,0,1.0
1788498337.705,5108.5,2102.3,72.0,78.6,81.3,78.2,80.7,779.8,785.2,781.0,782.8,4.87,58.1,11.1,3.0,38.5,0.7,14.11,4.0,LANE_A,20000.0,-22.0,87.8,CRUISE_LOITER,LADAKH,0,1.0
1788498338.305,5111.5,2103.5,72.0,78.7,81.2,78.5,80.7,779.7,783.3,783.2,784.7,4.91,58.5,11.0,3.0,38.5,0.7,14.07,4.0,LANE_A,20000.0,-22.0,87.9,CRUISE_LOITER,LADAKH,0,1.0
1788498338.904,5134.3,2112.9,72.0,79.1,81.3,78.4,80.4,779.3,784.5,782.5,783.5,4.88,58.0,11.0,3.0,38.5,0.73,14.07,4.0,LANE_A,20000.0,-22.0,87.9,CRUISE_LOITER,LADAKH,0,1.0
1788498339.504,5112.2,2103.8,72.0,78.7,81.2,78.2,81.0,779.1,783.0,781.4,784.9,4.93,57.8,11.0,3.0,38.6,0.71,14.1,3.9,LANE_A,20000.0,-22.0,88.0,CRUISE_LOITER,LADAKH,0,1.0
1788498340.124,5109.7,2102.8,72.0,78.5,81.4,77.9,81.0,779.1,782.6,781.4,785.3,4.9,58.0,11.1,3.0,38.5,0.75,14.1,4.2,LANE_A,20000.0,-22.0,88.0,CRUISE_LOITER,LADAKH,0,1.0
1788498340.744,5104.4,2100.6,72.0,78.8,81.0,77.9,80.5,780.3,785.5,781.7,783.1,4.86,58.1,11.2,3.0,38.6,0.73,14.13,4.0,LANE_A,20000.0,-22.0,88.1,CRUISE_LOITER,LADAKH,0,1.0
1788498341.36,5116.4,2105.5,72.0,78.7,81.0,78.1,80.5,779.9,783.7,781.0,783.1,4.87,58.0,11.1,3.0,38.4,0.71,14.11,4.0,LANE_A,20000.0,-22.0,88.1,CRUISE_LOITER,LADAKH,0,1.0
1788498341.959,5121.0,2107.4,72.0,78.4,81.3,78.3,80.7,779.8,784.4,780.3,786.4,4.88,57.9,10.9,3.0,38.6,0.71,14.1,3.8,LANE_A,20000.0,-22.0,88.2,CRUISE_LOITER,LADAKH,0,1.0
1788498342.569,5113.5,2104.3,72.0,78.4,81.3,78.1,80.3,780.2,785.0,783.2,785.8,4.87,57.8,11.2,3.0,38.3,0.72,14.12,4.0,LANE_A,20000.0,-22.0,88.2,CRUISE_LOITER,LADAKH,0,1.0
1788498343.18,5104.6,2100.7,72.0,78.5,81.3,77.9,80.7,779.5,785.7,779.5,786.0,4.87,57.9,11.2,3.0,38.4,0.72,14.09,4.1,LANE_A,20000.0,-22.0,88.3,CRUISE_LOITER,LADAKH,0,1.0
1788498343.814,5111.0,2103.3,72.0,78.7,81.2,78.2,80.6,779.1,785.5,781.6,784.1,4.85,58.0,11.2,3.0,38.6,0.69,14.08,4.0,LANE_A,20000.0,-22.0,88.3,CRUISE_LOITER,LADAKH,0,1.0
1788498344.443,5131.1,2111.6,72.0,78.3,80.8,78.2,80.5,779.5,786.2,780.4,784.6,4.83,58.1,11.0,3.0,38.8,0.72,14.11,4.1,LANE_A,20000.0,-22.0,88.4,CRUISE_LOITER,LADAKH,0,1.0
1788498345.045,5129.5,2110.9,72.0,78.7,81.1,77.9,80.8,779.2,785.8,782.8,785.9,4.9,58.0,11.0,3.0,38.6,0.7,14.1,4.3,LANE_A,20000.0,-22.0,88.4,CRUISE_LOITER,LADAKH,0,1.0
1788498345.682,5110.0,2102.9,72.0,78.6,80.7,78.0,80.7,779.8,783.5,782.5,785.2,4.84,57.6,11.0,3.0,38.5,0.7,14.1,4.2,LANE_A,20000.0,-22.0,88.5,CRUISE_LOITER,LADAKH,0,1.0
1788498346.267,5095.2,2096.8,72.0,78.3,81.2,77.8,80.4,780.6,786.2,783.2,786.0,4.93,57.5,11.0,3.0,38.4,0.72,14.08,4.1,LANE_A,20000.0,-22.0,88.5,CRUISE_LOITER,LADAKH,0,1.0
1788498346.876,5108.5,2102.3,72.0,78.8,80.9,77.9,80.4,781.5,785.7,780.7,783.4,4.9,58.0,11.1,3.0,38.7,0.71,14.1,4.2,LANE_A,20000.0,-22.0,88.6,CRUISE_LOITER,LADAKH,0,1.0
1788498347.483,5111.0,2103.3,72.0,78.5,81.2,78.0,80.8,780.6,784.4,781.5,786.4,4.84,57.7,11.0,3.0,38.7,0.73,14.1,4.0,LANE_A,20000.0,-22.0,88.6,CRUISE_LOITER,LADAKH,0,1.0
1788498348.077,5111.7,2103.6,72.0,78.2,80.9,78.0,80.6,779.1,785.4,784.3,785.0,4.87,57.9,11.1,3.0,38.5,0.72,14.09,4.1,LANE_A,20000.0,-22.0,88.7,CRUISE_LOITER,LADAKH,0,1.0
1788498348.7,5098.4,2098.1,72.0,78.3,80.8,77.9,80.2,779.3,786.1,781.0,784.4,4.86,58.0,11.1,3.0,38.7,0.73,14.12,4.0,LANE_A,20000.0,-22.0,88.7,CRUISE_LOITER,LADAKH,0,1.0
1788498349.3,5132.6,2112.2,72.0,78.3,81.0,77.9,80.5,779.3,785.9,782.1,785.7,4.91,57.7,11.0,3.0,38.7,0.69,14.1,4.0,LANE_A,20000.0,-22.0,88.8,CRUISE_LOITER,LADAKH,0,1.0
1788498349.965,5114.9,2104.9,72.0,78.3,81.3,77.7,80.2,780.5,786.4,783.4,783.3,4.9,57.7,11.1,2.9,38.5,0.73,14.09,3.9,LANE_A,20000.0,-22.0,88.8,CRUISE_LOITER,LADAKH,0,1.0
1788498350.577,5098.7,2098.2,72.0,78.4,80.8,77.7,80.1,779.9,786.4,781.3,784.3,4.84,57.9,11.0,3.0,38.7,0.75,14.14,4.0,LANE_A,20000.0,-22.0,88.9,CRUISE_LOITER,LADAKH,0,1.0
1788498351.184,5105.8,2101.2,72.0,78.4,81.0,77.8,80.4,779.1,787.0,779.8,783.3,4.9,57.7,10.8,3.0,38.7,0.7,14.1,4.1,LANE_A,20000.0,-22.0,88.9,CRUISE_LOITER,LADAKH,0,1.0
1788498351.784,5101.8,2099.5,72.0,78.3,81.0,77.7,80.5,779.0,784.9,783.1,784.9,4.85,57.9,11.1,3.0,38.7,0.71,14.1,4.0,LANE_A,20000.0,-22.0,89.0,CRUISE_LOITER,LADAKH,0,1.0
1788498352.417,5109.2,2102.6,72.0,78.4,81.0,77.9,80.4,781.0,785.1,782.8,785.3,4.84,57.6,11.0,3.0,38.7,0.72,14.1,4.2,LANE_A,20000.0,-22.0,89.0,CRUISE_LOITER,LADAKH,0,1.0
1788498353.02,5111.6,2103.5,72.0,78.1,80.7,77.8,80.3,780.7,783.9,782.3,785.1,4.93,57.8,11.2,3.0,38.5,0.72,14.13,4.2,LANE_A,20000.0,-22.0,89.1,CRUISE_LOITER,LADAKH,0,1.0
1788498353.629,5111.2,2103.4,72.0,78.4,81.0,78.0,80.6,778.8,785.5,780.5,784.5,4.89,57.7,11.0,3.0,38.6,0.73,14.09,4.2,LANE_A,20000.0,-22.0,89.1,CRUISE_LOITER,LADAKH,0,1.0
1788498354.258,5099.7,2098.6,72.0,78.5,81.1,78.0,80.6,781.2,786.0,778.9,783.9,4.92,57.6,11.2,3.0,38.4,0.71,14.07,4.2,LANE_A,20000.0,-22.0,89.2,CRUISE_LOITER,LADAKH,0,1.0
1788498355.438,5108.3,2102.2,72.0,78.5,81.0,77.6,80.6,781.8,784.7,781.3,783.7,4.78,57.9,11.1,3.1,38.6,0.72,14.09,4.1,LANE_A,20000.0,-22.0,89.2,CRUISE_LOITER,LADAKH,0,1.0
1788498356.054,5106.6,2101.5,72.0,78.5,80.8,77.9,80.3,780.3,784.7,782.2,782.3,4.93,58.0,11.2,3.0,38.9,0.71,14.13,4.0,LANE_A,20000.0,-22.0,89.3,CRUISE_LOITER,LADAKH,0,1.0
1788498356.679,5117.0,2105.8,72.0,78.4,80.8,77.9,80.2,779.9,786.0,782.1,786.1,4.88,57.7,10.9,3.0,38.6,0.7,14.08,4.2,LANE_A,20000.0,-22.0,89.3,CRUISE_LOITER,LADAKH,0,1.0
1788498357.287,5125.4,2109.2,72.0,78.2,81.0,77.8,80.4,780.4,781.7,782.1,784.9,4.88,57.6,11.1,3.0,38.9,0.74,14.08,4.1,LANE_A,20000.0,-22.0,89.4,CRUISE_LOITER,LADAKH,0,1.0
1788498357.872,5115.1,2105.0,72.0,78.2,81.1,77.9,80.7,781.3,784.4,782.9,784.3,4.91,57.6,11.0,3.0,38.7,0.71,14.09,4.1,LANE_A,20000.0,-22.0,89.4,CRUISE_LOITER,LADAKH,0,1.0
1788498358.522,5104.4,2100.6,72.0,78.3,80.9,77.8,80.5,779.7,784.5,778.5,787.2,4.88,57.4,11.1,3.0,38.6,0.73,14.07,4.0,LANE_A,20000.0,-22.0,89.5,CRUISE_LOITER,LADAKH,0,1.0
1788498359.136,5110.1,2102.9,72.0,78.4,80.5,77.7,80.7,778.8,782.7,781.5,786.8,4.88,57.9,11.0,3.0,38.8,0.73,14.11,4.1,LANE_A,20000.0,-22.0,89.5,CRUISE_LOITER,LADAKH,0,1.0
1788498359.722,5110.1,2102.9,72.0,78.4,80.8,77.8,80.3,779.7,784.4,782.0,785.8,4.99,57.6,11.1,3.0,38.5,0.72,14.1,4.0,LANE_A,20000.0,-22.0,89.6,CRUISE_LOITER,LADAKH,0,1.0
1788498360.37,5108.7,2102.3,72.0,78.2,81.0,78.1,80.2,781.0,785.1,779.9,783.7,4.91,57.6,11.1,3.0,38.8,0.7,14.14,4.1,LANE_A,20000.0,-22.0,89.6,CRUISE_LOITER,LADAKH,0,1.0
1788498360.945,5098.0,2097.9,72.0,78.1,80.7,78.2,80.1,780.7,784.7,780.9,784.4,4.95,57.6,11.1,3.0,38.8,0.73,14.07,4.1,LANE_A,20000.0,-22.0,89.7,CRUISE_LOITER,LADAKH,0,1.0
1788498361.595,5103.4,2100.2,72.0,78.5,81.1,78.0,80.3,779.9,785.3,781.5,785.8,4.94,57.7,11.0,3.0,38.6,0.72,14.11,4.0,LANE_A,20000.0,-22.0,89.7,CRUISE_LOITER,LADAKH,0,1.0
1788498362.265,5124.0,2108.6,72.0,78.4,80.8,77.7,80.4,779.6,784.5,781.6,783.8,4.9,57.4,11.1,3.0,38.6,0.69,14.1,4.0,LANE_A,20000.0,-22.0,89.7,CRUISE_LOITER,LADAKH,0,1.0
1788498362.861,5135.5,2113.4,72.0,78.3,80.7,77.9,80.2,781.1,786.5,781.4,784.8,4.89,57.5,11.1,3.0,38.7,0.69,14.1,4.0,LANE_A,20000.0,-22.0,89.8,CRUISE_LOITER,LADAKH,0,1.0
1788498363.551,5119.0,2106.6,72.0,78.3,80.5,77.7,80.3,781.6,786.6,781.9,785.0,4.87,57.4,10.9,3.0,38.6,0.7,14.13,4.2,LANE_A,20000.0,-22.0,89.8,CRUISE_LOITER,LADAKH,0,1.0
1788498364.101,5108.5,2102.3,72.0,78.3,80.5,77.6,80.3,776.9,786.4,783.9,784.5,4.86,57.5,11.1,3.0,38.5,0.73,14.1,4.0,LANE_A,20000.0,-22.0,89.9,CRUISE_LOITER,LADAKH,0,1.0
1788498364.69,5098.3,2098.1,72.0,78.1,80.7,77.8,79.9,780.9,785.6,781.8,784.9,4.91,57.5,11.1,3.0,38.5,0.73,14.11,4.0,LANE_A,20000.0,-22.0,89.9,CRUISE_LOITER,LADAKH,0,1.0
1788498365.319,5096.7,2097.4,72.0,78.2,81.0,77.5,80.3,779.1,786.0,781.5,785.8,4.86,57.5,11.2,3.0,38.6,0.72,14.07,4.2,LANE_A,20000.0,-22.0,90.0,CRUISE_LOITER,LADAKH,0,1.0
1788498365.935,5096.4,2097.3,72.0,78.1,80.6,77.6,80.1,778.3,783.5,781.8,786.8,4.89,57.4,11.1,3.0,38.8,0.71,14.11,4.1,LANE_A,20000.0,-22.0,90.0,CRUISE_LOITER,LADAKH,0,1.0
1788498366.54,5124.4,2108.8,72.0,78.4,81.0,77.7,80.4,779.2,783.9,783.2,786.0,4.92,57.8,11.1,3.0,38.7,0.71,14.08,4.2,LANE_A,20000.0,-22.0,90.1,CRUISE_LOITER,LADAKH,0,1.0
1788498367.167,5115.7,2105.2,72.0,78.5,80.6,78.0,79.9,779.4,786.6,781.0,784.6,4.9,57.4,11.1,3.0,38.6,0.73,14.12,4.2,LANE_A,20000.0,-22.0,90.1,CRUISE_LOITER,LADAKH,0,1.0
1788498367.784,5120.6,2107.2,72.0,78.2,80.8,77.7,80.4,779.9,785.9,781.8,786.2,4.92,57.3,11.1,3.0,38.8,0.73,14.08,3.9,LANE_A,20000.0,-22.0,90.2,CRUISE_LOITER,LADAKH,0,1.0
1788498368.395,5102.6,2099.8,72.0,78.4,80.6,77.8,80.1,781.0,786.9,782.3,784.5,4.9,57.8,11.0,3.0,38.5,0.7,14.11,4.2,LANE_A,20000.0,-22.0,90.2,CRUISE_LOITER,LADAKH,0,1.0
1788498369.088,5113.7,2104.4,72.0,78.0,80.5,77.5,79.9,779.6,784.8,782.5,785.7,4.91,57.6,11.1,3.0,38.7,0.71,14.07,4.2,LANE_A,20000.0,-22.0,90.3,CRUISE_LOITER,LADAKH,0,1.0
1788498369.692,5086.7,2093.3,72.0,78.1,80.8,77.6,80.4,779.9,782.2,781.3,784.9,4.93,57.7,11.1,3.0,38.5,0.7,14.09,4.1,LANE_A,20000.0,-22.0,90.3,CRUISE_LOITER,LADAKH,0,1.0
1788498370.289,5092.5,2095.7,72.0,78.1,80.5,77.7,80.2,781.7,787.2,781.7,784.8,4.88,57.5,11.1,3.0,38.5,0.7,14.08,4.1,LANE_A,20000.0,-22.0,90.3,CRUISE_LOITER,LADAKH,0,1.0
1788498370.897,5097.2,2097.6,72.0,78.5,80.3,77.7,80.1,779.5,785.2,782.5,783.8,4.93,57.6,11.1,3.0,38.5,0.7,14.1,4.0,LANE_A,20000.0,-22.0,90.4,CRUISE_LOITER,LADAKH,0,1.0
1788498371.495,5123.5,2108.4,72.0,78.4,80.4,77.6,80.4,781.6,785.7,783.2,783.9,4.89,57.3,11.0,3.0,38.6,0.71,14.09,4.1,LANE_A,20000.0,-22.0,90.4,CRUISE_LOITER,LADAKH,0,1.0
1788498372.136,5124.2,2108.7,72.0,78.2,80.5,77.3,80.3,781.3,785.0,778.9,784.9,4.87,57.5,11.1,3.0,38.9,0.73,14.1,4.1,LANE_A,20000.0,-22.0,90.5,CRUISE_LOITER,LADAKH,0,1.0
1788498372.723,5099.5,2098.5,72.0,78.0,81.0,77.8,80.0,781.4,785.3,780.9,785.2,4.9,57.5,11.0,3.0,38.5,0.71,14.1,4.0,LANE_A,20000.0,-22.0,90.5,CRUISE_LOITER,LADAKH,0,1.0
1788498373.338,5106.2,2101.3,72.0,78.3,80.7,77.8,80.3,780.6,786.1,780.8,786.6,4.92,57.5,11.1,3.0,38.7,0.72,14.11,4.0,LANE_A,20000.0,-22.0,90.6,CRUISE_LOITER,LADAKH,0,1.0
1788498373.953,5106.2,2101.3,72.0,78.1,80.9,77.4,80.0,779.1,785.1,780.8,783.4,4.89,57.4,11.1,3.0,38.6,0.71,14.1,4.1,LANE_A,20000.0,-22.0,90.6,CRUISE_LOITER,LADAKH,0,1.0
1788498374.564,5096.5,2097.3,72.0,78.2,80.6,77.6,80.4,781.1,785.0,781.8,785.5,4.92,57.7,11.1,3.0,38.5,0.72,14.14,4.1,LANE_A,20000.0,-22.0,90.6,CRUISE_LOITER,LADAKH,0,1.0
1788498375.787,5109.8,2102.8,72.0,78.1,80.7,77.6,80.2,781.9,786.1,781.2,785.4,4.91,57.5,11.1,3.0,38.7,0.71,14.06,4.1,LANE_A,20000.0,-22.0,90.7,CRUISE_LOITER,LADAKH,0,1.0
1788498376.351,5102.8,2099.9,72.0,78.1,80.9,77.8,80.2,780.8,785.5,782.2,785.4,4.89,57.5,11.0,3.0,38.4,0.71,14.14,4.1,LANE_A,20000.0,-22.0,90.7,CRUISE_LOITER,LADAKH,0,1.0
1788498376.961,5123.3,2108.4,72.0,78.2,80.5,78.0,80.5,780.7,788.1,785.5,784.2,4.9,57.4,11.1,3.0,38.5,0.69,14.09,4.0,LANE_A,20000.0,-22.0,90.8,CRUISE_LOITER,LADAKH,0,1.0
1788498377.554,5125.8,2109.4,72.0,78.3,80.6,78.1,80.2,779.8,784.6,781.5,783.0,4.93,57.5,11.1,3.0,38.5,0.73,14.09,4.2,LANE_A,20000.0,-22.0,90.8,CRUISE_LOITER,LADAKH,0,1.0
1788498378.153,5119.2,2106.7,72.0,78.0,80.5,77.9,80.1,782.9,785.8,783.5,784.2,4.9,57.5,11.1,3.0,38.6,0.71,14.12,4.1,LANE_A,20000.0,-22.0,90.9,CRUISE_LOITER,LADAKH,0,1.0
1788498378.746,5126.7,2109.8,72.0,78.0,80.5,77.6,79.9,781.6,785.0,781.6,786.8,4.88,57.3,11.1,3.0,38.8,0.71,14.07,4.0,LANE_A,20000.0,-22.0,90.9,CRUISE_LOITER,LADAKH,0,1.0
1788498379.374,5117.6,2106.0,72.0,78.3,80.4,77.5,79.9,780.5,785.8,784.2,784.2,4.88,57.4,11.1,3.0,38.6,0.73,14.1,4.1,LANE_A,20000.0,-22.0,90.9,CRUISE_LOITER,LADAKH,0,1.0
1788498379.996,5092.7,2095.7,72.0,78.0,80.6,77.8,79.9,780.5,784.2,781.4,785.0,4.89,57.6,11.0,3.0,38.6,0.72,14.08,4.2,LANE_A,20000.0,-22.0,91.0,CRUISE_LOITER,LADAKH,0,1.0
1788498380.632,5115.4,2105.1,72.0,78.0,80.4,77.8,79.9,780.5,785.3,781.4,782.1,4.87,57.3,11.2,3.0,38.6,0.69,14.08,4.2,LANE_A,20000.0,-22.0,91.0,CRUISE_LOITER,LADAKH,0,1.0
1788498381.263,5120.4,2107.2,72.0,78.4,80.3,77.2,80.2,778.7,785.8,781.8,786.9,4.87,57.2,11.1,3.0,38.6,0.71,14.13,4.1,LANE_A,20000.0,-22.0,91.1,CRUISE_LOITER,LADAKH,0,1.0
1788498381.867,5116.5,2105.5,72.0,78.0,80.6,78.0,80.2,779.2,788.0,784.0,786.7,4.84,57.3,11.1,3.0,38.6,0.71,14.11,4.1,LANE_A,20000.0,-22.0,91.1,CRUISE_LOITER,LADAKH,0,1.0
1788498382.483,5132.9,2112.3,72.0,78.2,80.7,77.4,80.2,780.5,785.0,781.2,784.3,4.87,57.5,11.1,3.0,38.8,0.73,14.08,4.0,LANE_A,20000.0,-22.0,91.1,CRUISE_LOITER,LADAKH,0,1.0
1788498383.085,5116.1,2105.4,72.0,78.2,80.4,77.8,80.2,779.9,787.0,781.7,785.6,4.9,57.4,11.1,3.0,38.8,0.73,14.11,4.2,LANE_A,20000.0,-22.0,91.2,CRUISE_LOITER,LADAKH,0,1.0
1788498383.691,5119.5,2106.8,72.0,77.6,80.7,77.6,79.9,781.1,786.6,783.4,784.3,4.91,57.5,11.2,3.0,38.6,0.75,14.12,4.2,LANE_A,20000.0,-22.0,91.2,CRUISE_LOITER,LADAKH,0,1.0
1788498384.274,5106.3,2101.4,72.0,78.2,80.9,77.8,80.0,779.8,784.7,781.6,786.3,4.88,57.5,11.0,3.0,38.6,0.72,14.1,4.3,LANE_A,20000.0,-22.0,91.2,CRUISE_LOITER,LADAKH,0,1.0
1788498384.865,5129.4,2110.9,72.0,77.9,80.8,77.6,79.8,779.7,786.4,783.4,784.1,4.87,57.5,11.1,3.0,38.8,0.71,14.09,4.2,LANE_A,20000.0,-22.0,91.3,CRUISE_LOITER,LADAKH,0,1.0
1788498385.482,5116.4,2105.5,72.0,77.7,80.2,77.5,79.8,778.0,787.4,783.2,787.0,4.9,57.2,10.9,3.0,38.6,0.74,14.09,3.9,LANE_A,20000.0,-22.0,91.3,CRUISE_LOITER,LADAKH,0,1.0
1788498386.067,5129.8,2111.0,72.0,78.2,80.5,77.6,80.3,778.1,782.8,782.6,784.2,4.92,57.2,11.1,3.0,38.6,0.73,14.07,4.1,LANE_A,20000.0,-22.0,91.4,CRUISE_LOITER,LADAKH,0,1.0
1788498386.659,5125.0,2109.0,72.0,78.0,80.5,77.8,79.8,782.5,785.6,784.9,784.9,4.91,57.3,11.1,3.0,38.6,0.73,14.12,4.1,LANE_A,20000.0,-22.0,91.4,CRUISE_LOITER,LADAKH,0,1.0
1788498387.275,5111.6,2103.5,72.0,78.1,80.6,77.3,80.1,782.2,786.6,783.3,785.7,4.88,57.5,11.1,3.0,38.6,0.71,14.11,3.9,LANE_A,20000.0,-22.0,91.4,CRUISE_LOITER,LADAKH,0,1.0
1788498387.878,5104.3,2100.5,72.0,78.2,80.8,77.6,80.3,777.6,785.4,782.6,785.5,4.85,57.3,10.9,3.0,38.8,0.7,14.08,4.1,LANE_A,20000.0,-22.0,91.5,CRUISE_LOITER,LADAKH,0,1.0
1788498388.48,5126.2,2109.5,72.0,78.0,80.6,77.8,80.2,779.3,786.1,781.3,785.0,4.86,57.4,11.1,3.0,38.8,0.73,14.13,4.1,LANE_A,20000.0,-22.0,91.5,CRUISE_LOITER,LADAKH,0,1.0
1788498389.076,5108.5,2102.3,72.0,78.0,80.6,77.7,80.2,776.5,786.1,781.8,785.8,4.88,57.5,11.0,3.0,39.0,0.73,14.12,4.2,LANE_A,20000.0,-22.0,91.5,CRUISE_LOITER,LADAKH,0,1.0
1788498389.689,5133.7,2112.6,72.0,78.0,80.5,77.3,80.0,781.5,785.1,782.6,785.9,4.92,57.4,10.9,3.0,38.8,0.71,14.12,4.2,LANE_A,20000.0,-22.0,91.6,CRUISE_LOITER,LADAKH,0,1.0
1788498390.295,5134.9,2113.1,72.0,77.7,80.7,77.6,80.2,782.7,786.7,781.2,787.0,4.86,57.7,11.0,3.0,38.8,0.72,14.15,4.2,LANE_A,20000.0,-22.0,91.6,CRUISE_LOITER,LADAKH,0,1.0
1788498390.876,5099.0,2098.3,72.0,78.0,80.1,77.4,80.1,780.2,785.4,783.7,788.0,4.88,57.3,10.9,3.0,38.8,0.71,14.08,3.9,LANE_A,20000.0,-22.0,91.6,CRUISE_LOITER,LADAKH,0,1.0
1788498391.479,5109.7,2102.8,72.0,78.0,80.4,77.6,80.0,780.9,789.0,781.6,786.1,4.83,57.5,11.0,3.0,38.8,0.71,14.08,4.1,LANE_A,20000.0,-22.0,91.7,CRUISE_LOITER,LADAKH,0,1.0
1788498392.1,5127.6,2110.1,72.0,77.7,80.5,77.7,79.8,779.2,784.8,785.5,786.4,4.9,57.3,11.1,3.0,38.9,0.72,14.1,4.2,LANE_A,20000.0,-22.0,91.7,CRUISE_LOITER,LADAKH,0,1.0
1788498392.719,5132.7,2112.2,72.0,78.5,80.9,77.6,80.3,779.6,786.0,782.1,784.6,4.88,57.2,11.1,3.0,38.7,0.7,14.1,4.2,LANE_A,20000.0,-22.0,91.7,CRUISE_LOITER,LADAKH,0,1.0
1788498393.335,5120.6,2107.2,72.0,78.0,80.4,77.5,79.4,782.4,784.3,782.3,783.5,4.88,57.5,11.1,3.0,38.7,0.72,14.08,4.3,LANE_A,20000.0,-22.0,91.8,CRUISE_LOITER,LADAKH,0,1.0
1788498393.923,5128.3,2110.4,72.0,78.4,80.3,77.4,79.8,779.1,786.2,783.5,781.5,4.89,57.6,11.1,3.0,38.8,0.71,14.13,4.1,LANE_A,20000.0,-22.0,91.8,CRUISE_LOITER,LADAKH,0,1.0
1788498394.482,5129.2,2110.8,72.0,78.2,80.8,77.5,79.9,778.1,782.9,784.7,787.0,4.83,57.5,11.2,3.0,38.8,0.73,14.1,4.2,LANE_A,20000.0,-22.0,91.8,CRUISE_LOITER,LADAKH,0,1.0
1788498395.639,5120.0,2107.0,72.0,78.2,80.7,77.7,80.1,780.2,787.3,781.7,785.0,4.9,57.4,11.0,3.0,38.6,0.71,14.12,4.2,LANE_A,20000.0,-22.0,91.9,CRUISE_LOITER,LADAKH,0,1.0
1788498396.204,5125.0,2109.0,72.0,77.9,80.3,77.1,80.3,780.2,785.2,781.9,786.5,4.82,57.4,11.1,3.0,38.6,0.72,14.11,4.0,LANE_A,20000.0,-22.0,91.9,CRUISE_LOITER,LADAKH,0,1.0
1788498396.791,5126.9,2109.8,72.0,78.0,80.3,77.4,80.2,780.1,784.6,783.7,786.9,4.92,57.5,11.2,3.0,38.5,0.72,14.09,4.1,LANE_A,20000.0,-22.0,91.9,CRUISE_LOITER,LADAKH,0,1.0
1788498397.372,5091.8,2095.4,72.0,78.0,80.8,77.5,79.8,782.3,786.2,782.1,785.5,4.88,57.6,11.0,3.0,38.7,0.73,14.09,4.1,LANE_A,20000.0,-22.0,92.0,CRUISE_LOITER,LADAKH,0,1.0
1788498397.956,5117.3,2105.9,72.0,78.1,80.3,77.3,80.0,780.6,787.6,783.2,786.1,4.91,57.6,11.1,3.0,38.6,0.72,14.1,4.0,LANE_A,20000.0,-22.0,92.0,CRUISE_LOITER,LADAKH,0,1.0
1788498398.554,5108.6,2102.3,72.0,77.8,80.7,77.7,79.7,781.3,786.5,783.3,785.4,4.84,57.5,11.0,3.0,38.8,0.7,14.12,4.2,LANE_A,20000.0,-22.0,92.0,CRUISE_LOITER,LADAKH,0,1.0
1788498399.138,5112.4,2103.9,72.0,78.0,80.6,77.4,80.3,781.5,787.7,780.8,785.1,4.87,57.5,11.0,3.0,38.7,0.73,14.08,4.2,LANE_A,20000.0,-22.0,92.1,CRUISE_LOITER,LADAKH,0,1.0
1788498399.738,5119.7,2106.9,72.0,78.1,80.5,77.4,80.1,779.5,786.6,782.7,785.4,4.89,57.4,11.2,3.0,38.6,0.72,14.1,4.2,LANE_A,20000.0,-22.0,92.1,CRUISE_LOITER,LADAKH,0,1.0
1788498400.33,5108.5,2102.3,72.0,77.9,80.7,77.5,80.1,782.7,784.4,782.5,785.5,4.87,57.4,11.1,3.0,38.8,0.72,14.06,4.1,LANE_A,20000.0,-22.0,92.1,CRUISE_LOITER,LADAKH,0,1.0
1788498400.898,5109.7,2102.7,72.0,78.0,80.1,77.7,80.1,780.4,784.5,784.5,786.0,4.87,57.5,11.1,3.0,38.8,0.71,14.06,4.1,LANE_A,20000.0,-22.0,92.1,CRUISE_LOITER,LADAKH,0,1.0
1788498401.482,5149.8,2119.3,72.0,78.2,80.7,77.5,80.0,779.7,783.9,784.3,787.1,4.91,57.7,11.2,3.0,38.8,0.73,14.07,4.1,LANE_A,20000.0,-22.0,92.2,CRUISE_LOITER,LADAKH,0,1.0
1788498402.059,5138.2,2114.5,72.0,78.3,80.5,77.8,79.9,781.0,785.4,782.0,784.3,4.88,57.4,11.2,3.0,38.6,0.73,14.12,4.3,LANE_A,20000.0,-22.0,92.2,CRUISE_LOITER,LADAKH,0,1.0
1788498402.659,5133.7,2112.6,72.0,78.2,80.8,77.6,80.2,782.1,785.4,780.9,784.8,4.83,57.4,11.0,3.0,38.6,0.72,14.12,4.0,LANE_A,20000.0,-22.0,92.2,CRUISE_LOITER,LADAKH,0,1.0
1788498403.23,5121.6,2107.6,72.0,78.0,80.3,77.3,80.2,778.5,785.5,783.5,784.9,4.89,57.4,11.1,3.0,38.7,0.7,14.1,4.2,LANE_A,20000.0,-22.0,92.3,CRUISE_LOITER,LADAKH,0,1.0
1788498403.811,5086.7,2093.3,72.0,77.7,80.9,77.4,80.2,780.8,786.9,782.7,785.1,4.88,57.3,11.0,3.0,38.5,0.71,14.09,4.2,LANE_A,20000.0,-22.0,92.3,CRUISE_LOITER,LADAKH,0,1.0
1788498404.396,5112.7,2104.0,72.0,77.8,80.4,77.5,79.7,781.6,784.9,781.6,785.6,4.87,57.6,11.1,3.0,38.7,0.74,14.09,4.1,LANE_A,20000.0,-22.0,92.3,CRUISE_LOITER,LADAKH,0,1.0
1788498404.983,5144.4,2117.1,72.0,78.0,80.2,77.5,80.0,778.1,784.9,782.4,785.2,4.88,57.5,11.0,3.0,38.9,0.75,14.06,4.1,LANE_A,20000.0,-22.0,92.3,CRUISE_LOITER,LADAKH,0,1.0
1788498405.58,5115.6,2105.2,72.0,77.6,80.6,77.4,79.8,781.5,785.8,781.8,785.1,4.95,57.6,11.1,3.0,38.9,0.7,14.09,4.1,LANE_A,20000.0,-22.0,92.4,CRUISE_LOITER,LADAKH,0,1.0
1788498406.173,5128.2,2110.4,72.0,78.3,80.8,77.3,80.2,780.6,786.2,784.2,785.7,4.83,57.5,11.1,3.0,38.8,0.72,14.11,4.2,LANE_A,20000.0,-22.0,92.4,CRUISE_LOITER,LADAKH,0,1.0
1788498406.78,5141.2,2115.7,72.0,78.1,80.7,77.4,80.0,780.6,786.9,784.0,787.0,4.86,57.5,11.2,3.0,38.9,0.71,14.11,4.1,LANE_A,20000.0,-22.0,92.4,CRUISE_LOITER,LADAKH,0,1.0
1788498407.355,5119.6,2106.8,72.0,78.0,80.5,77.1,80.1,781.5,787.2,781.9,787.1,4.82,57.7,11.0,3.0,38.9,0.71,14.12,4.0,LANE_A,20000.0,-22.0,92.4,CRUISE_LOITER,LADAKH,0,1.0
1788498407.946,5139.4,2115.0,72.0,78.3,80.3,77.3,79.9,782.4,784.4,782.8,785.1,4.86,57.2,11.1,3.0,38.6,0.71,14.12,4.0,LANE_A,20000.0,-22.0,92.4,CRUISE_LOITER,LADAKH,0,1.0
1788498408.578,5136.0,2113.6,72.0,77.8,80.6,77.6,79.9,779.5,785.2,784.8,784.5,4.92,57.7,11.1,3.0,38.5,0.72,14.12,4.0,LANE_A,20000.0,-22.0,92.5,CRUISE_LOITER,LADAKH,0,1.0
1788498409.176,5109.2,2102.5,72.0,77.6,80.4,77.7,79.9,779.6,785.6,783.9,784.0,4.9,57.5,11.1,3.0,38.7,0.72,14.08,4.2,LANE_A,20000.0,-22.0,92.5,CRUISE_LOITER,LADAKH,0,1.0
1788498409.751,5120.1,2107.0,72.0,78.2,80.3,77.7,80.4,780.1,787.6,779.2,784.2,4.89,57.4,11.1,3.0,38.6,0.71,14.1,4.1,LANE_A,20000.0,-22.0,92.5,CRUISE_LOITER,LADAKH,0,1.0
1788498410.349,5130.5,2111.3,72.0,77.8,80.4,77.6,79.6,781.0,785.1,781.6,786.0,4.89,57.4,11.1,3.0,38.8,0.7,14.09,4.0,LANE_A,20000.0,-22.0,92.5,CRUISE_LOITER,LADAKH,0,1.0
1788498410.943,5138.5,2114.6,72.0,78.3,80.7,77.5,80.0,778.2,786.8,783.9,784.9,4.89,57.4,11.0,3.0,38.7,0.7,14.13,4.2,LANE_A,20000.0,-22.0,92.6,CRUISE_LOITER,LADAKH,0,1.0
1788498411.556,5117.8,2106.1,72.0,77.7,80.7,77.4,80.4,781.9,786.0,785.1,783.9,4.89,57.6,11.1,3.0,38.9,0.72,14.1,4.1,LANE_A,20000.0,-22.0,92.6,CRUISE_LOITER,LADAKH,0,1.0
1788498412.143,5129.2,2110.8,72.0,77.9,80.7,77.7,80.1,781.4,784.9,781.9,783.4,4.92,57.7,11.1,3.0,38.7,0.71,14.1,4.0,LANE_A,20000.0,-22.0,92.6,CRUISE_LOITER,LADAKH,0,1.0
1788498412.712,5133.5,2112.5,72.0,78.1,80.5,77.6,80.2,782.0,785.2,783.8,783.9,4.89,57.4,10.9,3.0,38.8,0.72,14.08,4.0,LANE_A,20000.0,-22.0,92.6,CRUISE_LOITER,LADAKH,0,1.0
1788498413.281,5134.8,2113.1,72.0,77.8,80.7,77.7,80.2,779.3,786.4,783.5,786.7,4.91,57.5,11.0,3.0,38.8,0.73,14.08,4.1,LANE_A,20000.0,-22.0,92.6,CRUISE_LOITER,LADAKH,0,1.0
1788498413.872,5114.4,2104.7,72.0,78.1,80.5,77.8,80.1,780.7,786.6,782.4,784.2,4.91,57.8,11.2,2.9,38.6,0.71,14.11,4.0,LANE_A,20000.0,-22.0,92.7,CRUISE_LOITER,LADAKH,0,1.0
1788498414.434,5121.8,2107.8,72.0,78.1,80.5,77.5,79.7,781.2,785.7,782.0,786.9,4.88,57.4,10.9,3.0,38.7,0.71,14.11,3.9,LANE_A,20000.0,-22.0,92.7,CRUISE_LOITER,LADAKH,0,1.0
1788498415.614,5125.7,2109.3,72.0,77.9,80.5,77.6,80.0,777.7,788.8,781.7,785.9,4.88,57.5,11.2,3.0,38.9,0.73,14.12,4.0,LANE_A,20000.0,-22.0,92.7,CRUISE_LOITER,LADAKH,0,1.0
1788498416.21,5126.1,2109.5,72.0,77.9,80.5,77.5,80.2,783.2,786.1,782.1,785.4,4.88,57.7,11.2,3.0,38.7,0.71,14.08,4.1,LANE_A,20000.0,-22.0,92.7,CRUISE_LOITER,LADAKH,0,1.0
1788498416.798,5118.2,2106.2,72.0,78.3,80.5,77.8,80.0,781.1,785.9,782.5,786.5,4.88,57.6,11.1,3.0,38.7,0.71,14.09,4.1,LANE_A,20000.0,-22.0,92.7,CRUISE_LOITER,LADAKH,0,1.0
1788498417.393,5122.9,2108.2,72.0,78.1,80.8,77.7,80.3,781.5,785.3,785.0,785.1,4.95,57.5,11.2,3.0,38.8,0.72,14.1,4.3,LANE_A,20000.0,-22.0,92.7,CRUISE_LOITER,LADAKH,0,1.0
1788498417.992,5118.0,2106.2,72.0,78.1,80.4,77.7,80.2,780.9,786.9,785.3,787.0,4.85,57.7,11.0,3.0,38.8,0.71,14.1,4.0,LANE_A,20000.0,-22.0,92.8,CRUISE_LOITER,LADAKH,0,1.0
1788498418.58,5146.3,2117.8,72.0,78.0,80.3,77.5,80.0,781.4,785.7,779.8,789.1,4.9,57.8,11.2,3.0,38.8,0.73,14.12,4.2,LANE_A,20000.0,-22.0,92.8,CRUISE_LOITER,LADAKH,0,1.0
1788498419.193,5111.2,2103.4,72.0,78.2,80.8,77.9,80.2,780.3,784.6,781.6,787.4,4.88,57.6,11.1,3.0,38.8,0.72,14.1,4.1,LANE_A,20000.0,-22.0,92.8,CRUISE_LOITER,LADAKH,0,1.0
1788498419.779,5118.2,2106.3,72.0,78.4,80.7,77.7,80.1,779.1,786.7,783.2,783.4,4.89,57.5,11.1,3.0,38.9,0.69,14.15,4.1,LANE_A,20000.0,-22.0,92.8,CRUISE_LOITER,LADAKH,0,1.0
1788498420.361,5136.8,2113.9,72.0,78.2,80.5,77.5,80.0,781.7,786.1,781.6,786.1,4.89,57.7,11.0,3.0,38.6,0.71,14.1,4.2,LANE_A,20000.0,-22.0,92.8,CRUISE_LOITER,LADAKH,0,1.0
1788498420.926,5116.3,2105.5,72.0,78.3,80.7,77.6,80.2,782.5,785.7,782.8,785.9,4.94,57.4,11.1,3.0,38.7,0.72,14.05,4.0,LANE_A,20000.0,-22.0,92.8,CRUISE_LOITER,LADAKH,0,1.0
1788498421.497,5135.9,2113.6,72.0,78.1,80.9,77.2,80.0,782.0,786.0,781.9,785.8,4.93,57.5,11.0,3.0,38.9,0.72,14.08,4.0,LANE_A,20000.0,-22.0,92.8,CRUISE_LOITER,LADAKH,0,1.0
1788498422.113,5126.8,2109.8,72.0,78.1,80.5,77.8,80.1,780.7,785.8,783.8,786.3,4.93,57.6,11.2,3.0,38.8,0.74,14.09,4.0,LANE_A,20000.0,-22.0,92.9,CRUISE_LOITER,LADAKH,0,1.0
1788498422.69,5123.0,2108.2,72.0,77.9,80.8,77.5,80.2,780.1,785.8,783.0,784.9,4.92,57.3,11.1,3.0,39.0,0.72,14.12,3.9,LANE_A,20000.0,-22.0,92.9,CRUISE_LOITER,LADAKH,0,1.0
1788498423.283,5119.7,2106.9,72.0,78.2,80.7,77.8,80.3,780.7,788.0,784.4,787.9,4.88,57.5,11.3,3.0,38.7,0.73,14.09,4.1,LANE_A,20000.0,-22.0,92.9,CRUISE_LOITER,LADAKH,0,1.0
1788498423.87,5126.2,2109.5,72.0,77.7,80.4,77.6,80.3,780.0,786.4,783.2,785.6,4.9,57.6,11.1,3.0,38.9,0.7,14.13,4.1,LANE_A,20000.0,-22.0,92.9,CRUISE_LOITER,LADAKH,0,1.0
1788498424.451,5125.2,2109.1,72.0,78.2,80.6,77.8,80.1,782.3,788.6,784.4,785.9,4.88,57.6,11.1,3.0,38.9,0.71,14.11,4.1,LANE_A,20000.0,-22.0,92.9,CRUISE_LOITER,LADAKH,0,1.0
1788498425.385,5135.3,2113.3,72.0,78.2,80.7,77.3,80.2,781.3,784.9,780.0,785.4,4.95,57.5,11.2,3.0,38.5,0.71,14.11,4.0,LANE_A,20000.0,-22.0,92.9,CRUISE_LOITER,LADAKH,0,1.0
1788498425.973,5121.8,2107.7,72.0,78.2,80.9,77.4,80.3,781.0,787.8,781.8,786.0,4.89,57.5,11.1,3.0,38.7,0.72,14.1,4.1,LANE_A,20000.0,-22.0,92.9,CRUISE_LOITER,LADAKH,0,1.0
1788498426.55,5133.6,2112.6,72.0,78.0,80.6,77.5,80.1,777.5,786.2,781.7,785.1,4.9,57.6,11.2,3.0,38.8,0.71,14.09,4.1,LANE_A,20000.0,-22.0,92.9,CRUISE_LOITER,LADAKH,0,1.0
1788498427.145,5137.6,2114.3,72.0,77.8,80.7,77.9,80.3,781.4,785.3,783.8,785.5,4.9,57.6,11.1,3.0,38.7,0.73,14.1,4.2,LANE_A,20000.0,-22.0,92.9,CRUISE_LOITER,LADAKH,0,1.0
1788498427.715,5147.3,2118.2,72.0,78.3,80.6,77.4,80.3,780.0,787.4,786.2,785.3,4.89,57.3,11.1,3.0,39.0,0.73,14.08,4.3,LANE_A,20000.0,-22.0,92.9,CRUISE_LOITER,LADAKH,0,1.0
1788498428.298,5140.8,2115.5,72.0,78.2,80.8,77.6,80.4,782.0,786.6,783.1,786.3,4.85,57.5,11.1,3.0,39.0,0.72,14.06,4.0,LANE_A,20000.0,-22.0,92.9,CRUISE_LOITER,LADAKH,0,1.0
1788498428.866,5146.5,2117.9,72.0,78.1,80.6,78.1,80.1,780.5,785.8,782.3,785.4,4.9,57.7,11.2,3.0,38.9,0.73,14.1,4.1,LANE_A,20000.0,-22.0,93.0,CRUISE_LOITER,LADAKH,0,1.0
1788498429.449,5133.8,2112.7,72.0,78.0,80.6,77.6,79.9,780.0,787.9,783.5,784.4,4.92,57.5,11.1,3.0,38.7,0.69,14.11,4.1,LANE_A,20000.0,-22.0,93.0,CRUISE_LOITER,LADAKH,0,1.0
1788498430.053,5143.8,2116.8,72.0,78.6,80.4,77.8,80.2,779.1,786.9,782.5,785.6,4.89,57.8,11.1,3.0,39.0,0.72,14.05,4.1,LANE_A,20000.0,-22.0,93.0,CRUISE_LOITER,LADAKH,0,1.0
1788498430.64,5128.3,2110.4,72.0,78.0,80.6,78.0,80.1,779.8,785.6,782.2,785.0,4.87,57.8,11.2,3.0,38.7,0.77,14.1,4.2,LANE_A,20000.0,-22.0,93.0,CRUISE_LOITER,LADAKH,0,1.0
1788498431.21,5127.2,2110.0,72.0,78.3,80.9,78.0,80.3,781.5,786.0,784.1,787.1,4.91,57.6,11.3,3.0,39.0,0.73,14.11,3.9,LANE_A,20000.0,-22.0,93.0,CRUISE_LOITER,LADAKH,0,1.0
1788498431.785,5129.9,2111.1,72.0,78.0,81.0,77.7,80.3,783.4,786.5,781.4,787.5,4.88,57.9,11.2,3.0,38.9,0.73,14.13,4.3,LANE_A,20000.0,-22.0,93.0,CRUISE_LOITER,LADAKH,0,1.0
1788498432.39,5122.8,2108.1,72.0,78.0,80.7,77.7,80.1,782.5,786.4,782.0,788.1,4.87,57.9,11.1,3.0,38.9,0.73,14.09,4.2,LANE_A,20000.0,-22.0,93.0,CRUISE_LOITER,LADAKH,0,1.0
1788498432.963,5126.6,2109.7,72.0,78.6,80.9,77.9,80.2,781.8,786.3,781.9,786.2,4.93,57.9,11.2,3.0,38.9,0.74,14.09,3.9,LANE_A,20000.0,-22.0,93.0,CRUISE_LOITER,LADAKH,0,1.0
1788498433.554,5112.0,2103.7,72.0,78.2,81.1,78.0,80.5,780.3,785.7,782.6,785.6,4.91,57.6,11.1,3.0,38.8,0.71,14.1,4.1,LANE_A,20000.0,-22.0,93.0,CRUISE_LOITER,LADAKH,0,1.0
1788498434.128,5127.8,2110.2,72.0,78.3,80.7,78.2,80.0,781.8,785.2,784.0,785.3,4.88,57.8,11.2,3.0,39.1,0.67,14.1,4.2,LANE_A,20000.0,-22.0,93.0,CRUISE_LOITER,LADAKH,0,1.0
1788498434.694,5147.1,2118.1,72.0,78.2,80.6,77.7,80.4,780.8,785.8,781.8,786.0,4.86,57.7,11.2,3.0,38.9,0.74,14.1,4.2,LANE_A,20000.0,-22.0,93.0,CRUISE_LOITER,LADAKH,0,1.0
1788498435.933,5126.7,2109.8,72.0,78.3,81.0,77.8,80.2,780.2,785.6,783.5,785.0,4.87,57.8,11.1,3.0,38.9,0.72,14.09,4.0,LANE_A,20000.0,-22.0,93.0,CRUISE_LOITER,LADAKH,0,1.0
1788498436.511,5132.8,2112.3,72.0,78.3,80.7,77.9,80.1,780.8,785.9,782.0,785.2,4.9,57.8,11.2,3.0,38.8,0.71,14.12,4.1,LANE_A,20000.0,-22.0,93.0,CRUISE_LOITER,LADAKH,0,1.0
1788498437.1,5123.1,2108.3,72.0,78.4,80.8,77.5,80.3,783.2,783.4,782.9,786.0,4.89,57.7,11.2,3.0,38.9,0.72,14.09,4.2,LANE_A,20000.0,-22.0,93.0,CRUISE_LOITER,LADAKH,0,1.0
1788498437.674,5132.2,2112.0,72.0,78.7,80.7,77.8,80.3,780.9,785.5,783.2,785.8,4.87,58.0,11.1,3.0,39.0,0.72,14.09,4.0,LANE_A,20000.0,-22.0,93.0,CRUISE_LOITER,LADAKH,0,1.0
1788498438.259,5136.6,2113.8,72.0,78.5,80.9,78.3,80.5,781.2,787.4,782.2,786.4,4.88,57.9,11.1,3.0,38.8,0.72,14.11,4.1,LANE_A,20000.0,-22.0,93.0,CRUISE_LOITER,LADAKH,0,1.0
1788498438.827,5131.8,2111.9,72.0,78.5,80.8,77.9,80.2,781.0,784.5,784.8,784.8,4.93,57.6,11.1,3.0,38.8,0.7,14.13,4.1,LANE_A,20000.0,-22.0,93.0,CRUISE_LOITER,LADAKH,0,1.0
1788498439.442,5124.5,2108.9,72.0,78.5,80.8,77.9,80.5,782.4,787.2,784.6,784.3,4.9,57.9,11.2,3.0,39.1,0.72,14.11,4.0,LANE_A,20000.0,-22.0,93.0,CRUISE_LOITER,LADAKH,0,1.0
1788498440.008,5124.2,2108.7,72.0,78.5,80.8,77.9,80.3,780.4,787.3,785.9,786.4,4.91,57.8,11.1,3.0,38.7,0.74,14.12,4.2,LANE_A,20000.0,-22.0,93.0,CRUISE_LOITER,LADAKH,0,1.0
1788498440.586,5147.7,2118.4,72.0,78.4,81.0,77.8,80.3,781.3,788.7,783.5,786.4,4.88,58.2,11.1,3.0,38.8,0.74,14.1,4.1,LANE_A,20000.0,-22.0,93.0,CRUISE_LOITER,LADAKH,0,1.0
1788498441.174,5157.7,2122.5,72.0,78.6,81.1,78.2,80.3,782.0,786.8,783.2,785.8,4.91,57.8,11.2,3.0,38.8,0.71,14.08,4.1,LANE_A,20000.0,-22.0,93.0,CRUISE_LOITER,LADAKH,0,1.0
1788498441.765,5141.0,2115.7,72.0,78.7,81.2,78.0,80.4,781.2,787.4,782.6,784.5,4.87,58.1,11.2,3.0,38.7,0.73,14.09,4.1,LANE_A,20000.0,-22.0,93.0,CRUISE_LOITER,LADAKH,0,1.0
1788498442.34,5137.9,2114.4,72.0,78.4,80.9,77.8,80.2,781.4,787.2,783.6,786.8,4.89,57.9,11.2,3.0,38.8,0.73,14.08,4.1,LANE_A,20000.0,-22.0,93.0,CRUISE_LOITER,LADAKH,0,1.0
1788498442.928,5122.5,2108.0,72.0,78.6,80.8,77.8,80.3,781.1,785.3,785.1,785.7,4.89,57.9,11.1,3.0,39.0,0.72,14.09,4.1,LANE_A,20000.0,-22.0,93.0,CRUISE_LOITER,LADAKH,0,1.0
1788498443.515,5138.1,2114.5,72.0,78.1,81.0,78.0,80.3,782.7,785.4,783.8,786.4,4.92,57.9,11.2,3.0,39.0,0.71,14.11,4.1,LANE_A,20000.0,-22.0,93.0,CRUISE_LOITER,LADAKH,0,1.0
1788498444.122,5124.2,2108.7,72.0,78.4,80.9,78.0,80.7,779.6,786.9,785.0,785.7,4.88,58.1,11.2,3.0,38.8,0.73,14.11,4.2,LANE_A,20000.0,-22.0,93.0,CRUISE_LOITER,LADAKH,0,1.0
1788498444.71,5155.5,2121.6,72.0,78.7,81.1,77.9,80.4,781.2,784.5,783.6,785.6,4.85,58.1,11.1,3.0,39.1,0.69,14.1,4.0,LANE_A,20000.0,-22.0,93.0,CRUISE_LOITER,LADAKH,0,1.0
1788498445.288,5137.5,2114.2,72.0,78.4,81.0,77.9,80.5,782.5,786.3,785.1,785.0,4.87,58.0,11.2,3.0,38.9,0.72,14.07,4.2,LANE_A,20000.0,-22.0,93.0,CRUISE_LOITER,LADAKH,0,1.0
1788498446.039,5142.5,2116.3,72.0,78.5,81.2,78.1,80.9,781.2,786.6,784.1,785.1,4.96,58.0,11.2,3.0,38.9,0.71,14.11,4.2,LANE_A,20000.0,-22.0,92.9,CRUISE_LOITER,LADAKH,0,1.0
1788498446.624,5147.7,2118.4,72.0,78.4,81.1,77.8,80.4,780.6,785.0,783.2,785.1,4.89,57.9,11.1,3.0,39.0,0.73,14.11,4.1,LANE_A,20000.0,-22.0,92.9,CRUISE_LOITER,LADAKH,0,1.0
1788498447.227,5143.6,2116.7,72.0,78.5,80.7,78.0,80.4,779.9,789.7,781.0,786.3,4.89,58.0,11.1,3.0,39.1,0.69,14.11,4.1,LANE_A,20000.0,-22.0,92.9,CRUISE_LOITER,LADAKH,0,1.0
1788498447.809,5134.1,2112.8,72.0,78.8,81.0,78.4,80.4,779.9,785.2,781.8,784.4,4.87,57.8,11.2,3.0,39.0,0.71,14.09,4.2,LANE_A,20000.0,-22.0,92.9,CRUISE_LOITER,LADAKH,0,1.0
1788498448.538,5149.5,2119.1,72.0,78.7,81.2,78.1,80.5,782.0,784.8,784.3,787.8,4.89,58.0,11.2,3.0,38.9,0.71,14.09,4.1,LANE_A,20000.0,-22.0,92.9,CRUISE_LOITER,LADAKH,0,1.0
1788498449.189,5140.6,2115.5,72.0,79.0,81.3,78.2,80.7,781.8,786.0,783.6,785.4,4.89,58.1,11.2,3.0,38.8,0.74,14.13,4.1,LANE_A,20000.0,-22.0,92.9,CRUISE_LOITER,LADAKH,0,1.0
1788498449.788,5145.8,2117.6,72.0,78.4,81.5,78.0,80.6,783.4,784.2,783.4,786.0,4.88,58.2,11.2,3.0,39.0,0.71,14.07,4.2,LANE_A,20000.0,-22.0,92.9,CRUISE_LOITER,LADAKH,0,1.0
1788498450.356,5146.9,2118.1,72.0,78.8,81.2,77.7,80.8,783.5,785.6,780.6,784.5,4.89,57.9,11.4,3.0,39.0,0.73,14.09,3.9,LANE_A,20000.0,-22.0,92.9,CRUISE_LOITER,LADAKH,0,1.0
1788498450.968,5131.8,2111.9,72.0,78.2,81.1,77.8,80.6,783.3,786.0,784.5,785.6,4.89,57.9,11.1,3.0,38.8,0.72,14.12,4.0,LANE_A,20000.0,-22.0,92.9,CRUISE_LOITER,LADAKH,0,1.0
1788498451.583,5145.6,2117.5,72.0,78.8,81.0,78.1,80.7,782.7,785.4,782.8,784.2,4.95,57.9,11.2,3.0,39.2,0.72,14.09,4.2,LANE_A,20000.0,-22.0,92.9,CRUISE_LOITER,LADAKH,0,1.0
1788498452.288,5131.5,2111.7,72.0,79.0,81.2,78.0,80.7,783.3,787.4,785.2,786.8,4.91,58.0,11.3,3.0,39.1,0.75,14.12,4.0,LANE_A,20000.0,-22.0,92.8,CRUISE_LOITER,LADAKH,0,1.0
1788498452.878,5152.6,2120.4,72.0,78.8,81.3,77.9,80.7,780.6,786.6,783.6,785.7,4.89,57.9,11.2,3.0,39.0,0.73,14.09,4.1,LANE_A,20000.0,-22.0,92.8,CRUISE_LOITER,LADAKH,0,1.0
1788498453.476,5148.3,2118.7,72.0,78.8,80.9,78.4,81.0,782.7,786.9,784.1,786.7,4.87,58.2,11.2,3.0,39.0,0.72,14.08,4.1,LANE_A,20000.0,-22.0,92.8,CRUISE_LOITER,LADAKH,0,1.0
1788498454.126,5142.4,2116.2,72.0,78.9,81.4,78.4,80.8,781.8,787.6,782.9,785.8,4.87,57.9,11.2,3.0,39.0,0.73,14.08,4.1,LANE_A,20000.0,-22.0,92.8,CRUISE_LOITER,LADAKH,0,1.0
1788498454.719,5160.0,2123.5,72.0,78.7,81.2,78.2,80.6,779.4,786.3,783.4,785.8,4.89,58.3,11.3,3.0,39.2,0.7,14.13,4.1,LANE_A,20000.0,-22.0,92.8,CRUISE_LOITER,LADAKH,0,1.0
1788498456.05,5159.7,2123.3,72.0,78.7,81.4,78.2,80.7,781.3,784.6,784.0,785.4,4.87,58.1,11.2,3.0,39.0,0.72,14.13,4.2,LANE_A,20000.0,-22.0,92.8,CRUISE_LOITER,LADAKH,0,1.0
1788498456.659,5143.6,2116.7,72.0,78.8,81.3,78.7,80.5,784.5,785.9,782.8,786.6,4.88,58.3,11.2,3.0,39.0,0.72,14.1,3.9,LANE_A,20000.0,-22.0,92.8,CRUISE_LOITER,LADAKH,0,1.0
1788498457.272,5154.6,2121.2,72.0,78.7,81.3,78.3,80.8,779.8,786.5,780.6,787.9,4.89,58.5,11.3,3.0,39.1,0.69,14.08,4.0,LANE_A,20000.0,-22.0,92.8,CRUISE_LOITER,LADAKH,0,1.0
1788498457.884,5137.1,2114.0,72.0,78.6,81.5,78.2,80.7,781.2,787.4,781.7,785.6,4.89,58.2,11.2,3.0,38.9,0.73,14.07,4.1,LANE_A,20000.0,-22.0,92.7,CRUISE_LOITER,LADAKH,0,1.0
1788498458.462,5143.0,2116.5,72.0,78.8,81.4,78.2,81.0,779.9,787.4,783.0,784.4,4.91,58.4,11.3,3.0,39.0,0.73,14.07,4.1,LANE_A,20000.0,-22.0,92.7,CRUISE_LOITER,LADAKH,0,1.0
1788498459.063,5149.7,2119.2,72.0,78.7,81.4,78.3,80.9,780.7,785.5,782.8,788.0,4.91,58.1,11.1,3.0,38.9,0.72,14.09,3.8,LANE_A,20000.0,-22.0,92.7,CRUISE_LOITER,LADAKH,0,1.0
1788498459.672,5151.0,2119.7,72.0,78.9,81.6,78.2,80.7,781.3,784.7,783.0,785.4,4.9,58.1,11.2,3.0,38.9,0.71,14.07,4.1,LANE_A,20000.0,-22.0,92.7,CRUISE_LOITER,LADAKH,0,1.0
1788498460.261,5146.9,2118.1,72.0,79.0,81.4,78.6,80.7,779.8,786.5,784.4,785.9,4.86,58.3,11.2,3.0,39.0,0.74,14.08,4.2,LANE_A,20000.0,-22.0,92.7,CRUISE_LOITER,LADAKH,0,1.0
1788498460.845,5141.8,2116.0,72.0,79.2,81.1,78.2,80.8,782.1,784.7,785.9,786.8,4.89,58.0,11.3,3.0,39.2,0.72,14.09,4.0,LANE_A,20000.0,-22.0,92.7,CRUISE_LOITER,LADAKH,0,1.0
1788498461.445,5169.5,2127.4,72.0,78.8,81.4,78.5,81.1,782.9,784.2,782.3,785.0,4.8,58.1,11.2,3.0,39.4,0.72,14.09,4.1,LANE_A,20000.0,-22.0,92.6,CRUISE_LOITER,LADAKH,0,1.0
1788498462.034,5148.2,2118.6,72.0,78.9,81.4,78.6,80.9,781.8,784.5,784.2,785.8,4.86,58.6,11.2,3.0,39.3,0.69,14.12,4.0,LANE_A,20000.0,-22.0,92.6,CRUISE_LOITER,LADAKH,0,1.0
1788498462.627,5149.0,2118.9,72.0,78.7,81.7,78.3,81.0,781.8,786.0,784.6,787.5,4.88,58.2,11.1,3.0,39.0,0.71,14.08,4.1,LANE_A,20000.0,-22.0,92.6,CRUISE_LOITER,LADAKH,0,1.0
1788498463.243,5156.6,2122.1,72.0,79.2,81.5,78.3,81.1,781.5,789.2,785.2,784.6,4.85,58.4,11.2,3.0,39.0,0.73,14.11,4.1,LANE_A,20000.0,-22.0,92.6,CRUISE_LOITER,LADAKH,0,1.0
1788498463.836,5140.4,2115.4,72.0,79.0,81.3,78.8,80.9,779.9,784.7,784.3,785.4,4.91,58.3,11.1,3.0,39.3,0.73,14.1,4.1,LANE_A,20000.0,-22.0,92.6,CRUISE_LOITER,LADAKH,0,1.0
1788498464.488,5125.9,2109.4,72.0,78.8,81.7,78.6,81.0,780.0,787.4,782.6,786.0,4.94,58.5,11.1,3.0,38.9,0.71,14.08,4.2,LANE_A,20000.0,-22.0,92.5,CRUISE_LOITER,LADAKH,0,1.0
1788498465.092,5156.8,2122.1,72.0,78.8,81.6,78.7,80.9,783.3,786.9,783.4,785.6,4.85,58.3,11.2,3.0,39.1,0.72,14.12,4.2,LANE_A,20000.0,-22.0,92.5,CRUISE_LOITER,LADAKH,0,1.0
1788498465.686,5139.2,2114.9,72.0,79.1,81.4,78.5,81.1,782.3,787.7,784.1,785.6,4.89,58.0,11.3,3.0,39.3,0.71,14.07,4.0,LANE_A,20000.0,-22.0,92.5,CRUISE_LOITER,LADAKH,0,1.0
1788498466.317,5150.4,2119.5,72.0,78.9,81.2,78.4,81.1,781.2,786.3,784.8,786.8,4.98,58.5,11.2,3.0,39.1,0.73,14.12,4.1,LANE_A,20000.0,-22.0,92.5,CRUISE_LOITER,LADAKH,0,1.0
1788498466.96,5149.8,2119.3,72.0,79.3,81.7,78.3,81.3,781.0,787.9,781.9,786.1,4.88,58.2,11.3,3.0,39.0,0.74,14.08,4.2,LANE_A,20000.0,-22.0,92.4,CRUISE_LOITER,LADAKH,0,1.0
1788498467.56,5140.9,2115.6,72.0,79.0,81.8,78.6,81.0,782.4,786.0,784.4,786.3,4.87,58.4,11.2,3.0,39.1,0.72,14.11,4.2,LANE_A,20000.0,-22.0,92.4,CRUISE_LOITER,LADAKH,0,1.0
1788498468.162,5157.6,2122.5,72.0,79.2,81.7,78.8,81.2,782.4,786.4,783.4,786.0,4.89,58.4,11.1,3.0,39.1,0.72,14.1,4.0,LANE_A,20000.0,-22.0,92.4,CRUISE_LOITER,LADAKH,0,1.0
1788498468.764,5153.2,2120.7,72.0,79.0,81.3,78.5,81.3,781.4,785.8,782.9,787.4,4.88,58.6,11.1,3.0,39.3,0.72,14.12,4.0,LANE_A,20000.0,-22.0,92.4,CRUISE_LOITER,LADAKH,0,1.0
1788498469.384,5135.5,2113.4,72.0,79.2,81.6,78.6,81.0,781.2,786.9,783.4,783.5,4.88,58.4,11.3,3.0,39.2,0.72,14.12,4.0,LANE_A,20000.0,-22.0,92.3,CRUISE_LOITER,LADAKH,0,1.0
1788498469.995,5161.6,2124.1,72.0,79.3,81.8,78.4,81.1,780.9,786.6,784.5,786.2,4.84,58.6,11.2,3.0,39.1,0.74,14.08,4.0,LANE_A,20000.0,-22.0,92.3,CRUISE_LOITER,LADAKH,0,1.0
1788498470.61,5139.1,2114.9,72.0,79.0,81.8,78.7,81.1,783.0,787.4,784.2,786.2,4.88,58.5,11.2,3.0,39.3,0.72,14.04,4.4,LANE_A,20000.0,-22.0,92.3,CRUISE_LOITER,LADAKH,0,1.0
1788498471.221,5167.1,2126.4,72.0,79.2,81.7,79.0,81.2,781.8,786.2,784.2,786.4,4.88,58.4,11.2,3.0,39.1,0.71,14.1,4.2,LANE_A,20000.0,-22.0,92.3,CRUISE_LOITER,LADAKH,0,1.0
1788498471.851,5139.9,2115.2,72.0,79.1,81.7,78.9,81.3,782.8,787.0,782.2,787.6,4.91,58.6,11.4,3.0,39.3,0.74,14.12,4.2,LANE_A,20000.0,-22.0,92.2,CRUISE_LOITER,LADAKH,0,1.0
1788498472.462,5148.7,2118.8,72.0,79.2,81.5,78.7,81.0,780.7,784.2,784.8,784.0,4.9,58.6,11.3,3.0,39.4,0.69,14.13,4.1,LANE_A,20000.0,-22.0,92.2,CRUISE_LOITER,LADAKH,0,1.0
1788498473.083,5136.6,2113.8,72.0,79.1,82.1,78.6,81.3,781.4,787.0,782.8,787.5,4.93,58.5,11.4,3.0,39.2,0.71,14.1,4.3,LANE_A,20000.0,-22.0,92.2,CRUISE_LOITER,LADAKH,0,1.0
1788498473.673,5160.2,2123.6,72.0,79.4,81.8,79.2,81.0,784.2,787.7,783.4,786.1,4.91,58.7,11.4,3.0,39.0,0.74,14.11,4.3,LANE_A,20000.0,-22.0,92.2,CRUISE_LOITER,LADAKH,0,1.0
1788498474.373,5147.8,2118.4,72.0,79.3,81.8,78.7,81.2,782.2,788.3,783.8,785.0,4.83,58.9,11.3,3.0,39.2,0.76,14.12,4.1,LANE_A,20000.0,-22.0,92.1,CRUISE_LOITER,LADAKH,0,1.0
1788498475.78,5147.4,2118.3,72.0,79.4,81.9,79.0,81.4,781.4,786.7,784.3,788.9,4.86,58.3,11.4,3.0,39.1,0.72,14.09,4.0,LANE_A,20000.0,-22.0,92.1,CRUISE_LOITER,LADAKH,0,1.0
1788498476.345,5160.8,2123.8,72.0,79.2,81.6,78.9,81.3,781.0,785.4,783.5,788.0,4.9,58.7,11.5,3.0,39.2,0.74,14.15,4.1,LANE_A,20000.0,-22.0,92.1,CRUISE_LOITER,LADAKH,0,1.0
1788498476.934,5161.3,2124.0,72.0,79.5,81.7,79.1,81.0,781.9,787.0,782.1,785.9,4.86,58.6,11.2,3.0,39.4,0.71,14.11,4.0,LANE_A,20000.0,-22.0,92.1,CRUISE_LOITER,LADAKH,0,1.0
1788498477.458,5156.6,2122.1,72.0,79.5,82.0,79.0,81.6,782.6,786.7,784.2,786.9,4.91,58.9,11.2,3.0,39.2,0.71,14.11,4.0,LANE_A,20000.0,-22.0,92.0,CRUISE_LOITER,LADAKH,0,1.0
1788498477.994,5154.4,2121.2,72.0,79.6,81.6,78.6,81.3,783.2,788.4,785.0,788.2,4.92,58.8,11.3,3.0,39.2,0.74,14.09,4.3,LANE_A,20000.0,-22.0,92.0,CRUISE_LOITER,LADAKH,0,1.0
1788498478.542,5167.3,2126.5,72.0,79.5,81.8,78.8,81.3,782.3,787.3,783.6,787.2,4.92,58.8,11.3,3.0,39.1,0.73,14.09,4.0,LANE_A,20000.0,-22.0,92.0,CRUISE_LOITER,LADAKH,0,1.0
1788498479.094,5165.5,2125.7,72.0,79.3,82.3,79.0,81.5,785.7,787.2,783.6,787.6,4.81,58.7,11.4,3.0,39.4,0.72,14.07,4.0,LANE_A,20000.0,-22.0,91.9,CRUISE_LOITER,LADAKH,0,1.0
1788498479.623,5147.4,2118.3,72.0,79.5,82.0,78.9,81.6,782.2,788.4,782.0,786.4,4.9,58.7,11.3,3.0,39.3,0.72,14.09,4.0,LANE_A,20000.0,-22.0,91.9,CRUISE_LOITER,LADAKH,0,1.0
1788498480.158,5163.3,2124.8,72.0,79.4,82.1,78.7,81.5,780.6,787.2,784.0,786.7,4.89,58.8,11.4,3.0,39.2,0.71,14.08,4.1,LANE_A,20000.0,-22.0,91.9,CRUISE_LOITER,LADAKH,0,1.0
1788498480.698,5153.1,2120.6,72.0,79.5,81.8,79.3,81.6,781.5,787.2,783.0,786.7,4.89,58.8,11.3,3.0,39.4,0.74,14.06,4.0,LANE_A,20000.0,-22.0,91.8,CRUISE_LOITER,LADAKH,0,1.0
1788498481.217,5146.5,2117.9,72.0,79.6,81.6,79.2,81.6,782.0,784.2,784.7,786.4,4.86,58.7,11.2,3.0,39.1,0.74,14.11,4.1,LANE_A,20000.0,-22.0,91.8,CRUISE_LOITER,LADAKH,0,1.0
1788498481.743,5147.5,2118.3,72.0,79.6,82.0,79.3,81.4,781.7,787.7,783.7,786.3,4.87,58.9,11.3,3.0,39.1,0.73,14.11,4.1,LANE_A,20000.0,-22.0,91.8,CRUISE_LOITER,LADAKH,0,1.0
1788498482.246,5153.2,2120.6,72.0,79.3,82.2,79.1,81.7,782.6,789.1,783.7,786.1,4.85,59.0,11.4,3.0,39.5,0.7,14.11,3.9,LANE_A,20000.0,-22.0,91.7,CRUISE_LOITER,LADAKH,0,1.0
1788498482.788,5169.2,2127.2,72.0,79.9,82.3,79.2,81.7,780.8,787.6,781.2,787.7,4.91,58.9,11.2,3.0,39.3,0.76,14.09,3.9,LANE_A,20000.0,-22.0,91.7,CRUISE_LOITER,LADAKH,0,1.0
1788498483.312,5153.7,2120.9,72.0,79.8,82.2,78.9,81.8,781.5,783.9,782.8,786.3,4.89,59.0,11.2,3.0,39.2,0.71,14.07,4.1,LANE_A,20000.0,-22.0,91.7,CRUISE_LOITER,LADAKH,0,1.0
1788498483.835,5146.0,2117.7,72.0,79.6,82.2,79.2,81.2,779.8,786.2,784.6,787.4,4.94,59.0,11.3,3.0,39.2,0.72,14.09,4.2,LANE_A,20000.0,-22.0,91.6,CRUISE_LOITER,LADAKH,0,1.0
1788498484.361,5157.3,2122.3,72.0,79.9,82.5,79.4,81.8,780.7,787.4,786.4,786.2,4.88,59.2,11.4,3.0,39.3,0.72,14.08,4.3,LANE_A,20000.0,-22.0,91.6,CRUISE_LOITER,LADAKH,0,1.0
1788498484.884,5167.3,2126.4,72.0,79.9,82.3,79.3,81.8,783.9,787.1,782.2,786.8,4.91,58.9,11.4,3.0,39.4,0.74,14.12,4.2,LANE_A,20000.0,-22.0,91.6,CRUISE_LOITER,LADAKH,0,1.0
1788498485.409,5160.0,2123.4,72.0,80.0,82.1,78.8,81.7,782.6,788.3,783.1,785.9,4.89,59.0,11.4,3.0,39.4,0.73,14.11,4.2,LANE_A,20000.0,-22.0,91.5,CRUISE_LOITER,LADAKH,0,1.0
1788498485.935,5160.0,2123.4,72.0,79.5,82.0,79.4,81.6,780.6,787.3,783.6,787.4,4.87,58.7,11.5,3.0,39.4,0.7,14.11,4.0,LANE_A,20000.0,-22.0,91.5,CRUISE_LOITER,LADAKH,0,1.0
1788498486.461,5153.1,2120.6,72.0,79.6,82.2,79.1,81.9,781.0,786.0,782.0,785.3,4.9,59.2,11.3,3.0,39.4,0.71,14.1,4.3,LANE_A,20000.0,-22.0,91.5,CRUISE_LOITER,LADAKH,0,1.0
1788498486.985,5180.8,2132.0,72.0,79.8,82.5,79.3,81.9,780.8,787.0,783.0,786.3,4.92,59.2,11.4,3.0,39.5,0.71,14.09,4.2,LANE_A,20000.0,-22.0,91.4,CRUISE_LOITER,LADAKH,0,1.0
1788498487.506,5159.0,2123.1,72.0,79.9,82.1,79.5,82.0,781.4,785.3,785.4,786.0,4.92,59.1,11.2,3.0,39.3,0.74,14.1,4.1,LANE_A,20000.0,-22.0,91.4,CRUISE_LOITER,LADAKH,0,1.0
1788498488.049,5154.6,2121.2,72.0,79.7,82.2,79.4,81.9,781.7,784.7,786.2,787.8,4.89,59.0,11.2,3.0,39.3,0.73,14.09,4.2,LANE_A,20000.0,-22.0,91.4,CRUISE_LOITER,LADAKH,0,1.0
1788498488.582,5161.6,2124.1,72.0,80.1,82.5,79.3,81.9,779.1,787.9,782.9,786.6,4.86,59.3,11.4,3.0,39.3,0.73,14.12,3.9,LANE_A,20000.0,-22.0,91.3,CRUISE_LOITER,LADAKH,0,1.0
1788498489.105,5118.0,2106.2,72.0,79.8,82.2,79.5,81.5,782.4,786.4,784.3,788.0,4.86,59.0,11.4,3.0,39.5,0.74,14.13,4.2,LANE_A,20000.0,-22.0,91.3,CRUISE_LOITER,LADAKH,0,1.0
1788498489.634,5153.1,2120.6,72.0,80.0,82.6,79.4,81.8,782.6,786.2,783.9,787.4,4.87,59.1,11.3,3.0,39.4,0.71,14.09,4.2,LANE_A,20000.0,-22.0,91.2,CRUISE_LOITER,LADAKH,0,1.0
1788498490.145,5162.4,2124.5,72.0,79.9,82.6,79.7,81.9,781.8,785.1,783.2,788.0,4.92,59.2,11.4,3.0,39.4,0.72,14.1,4.1,LANE_A,20000.0,-22.0,91.2,CRUISE_LOITER,LADAKH,0,1.0
1788498490.671,5163.1,2124.7,72.0,79.9,82.3,79.4,82.0,780.7,786.9,784.1,789.4,4.88,59.5,11.3,3.0,39.4,0.74,14.13,4.0,LANE_A,20000.0,-22.0,91.2,CRUISE_LOITER,LADAKH,0,1.0
1788498491.191,5148.4,2118.7,72.0,79.9,82.9,79.5,81.9,781.5,787.2,783.7,785.6,4.92,59.7,11.3,3.0,39.6,0.71,14.12,4.1,LANE_A,20000.0,-22.0,91.1,CRUISE_LOITER,LADAKH,0,1.0
1788498491.729,5173.2,2128.9,72.0,80.0,82.3,79.5,81.8,782.5,787.0,782.7,785.0,4.88,59.3,11.5,3.0,39.6,0.71,14.08,4.2,LANE_A,20000.0,-22.0,91.1,CRUISE_LOITER,LADAKH,0,1.0
1788498492.247,5150.5,2119.5,72.0,79.9,82.3,79.5,82.2,781.8,787.6,784.4,785.9,4.9,59.3,11.4,3.0,39.2,0.74,14.1,4.2,LANE_A,20000.0,-22.0,91.0,CRUISE_LOITER,LADAKH,0,1.0
1788498492.779,5172.5,2128.6,72.0,79.6,82.5,79.7,82.2,781.9,788.1,784.3,786.6,4.9,59.2,11.5,3.0,39.3,0.72,14.1,4.2,LANE_A,20000.0,-22.0,91.0,CRUISE_LOITER,LADAKH,0,1.0
1788498493.288,5179.8,2131.6,72.0,80.0,82.2,79.8,81.9,782.7,786.9,781.1,787.6,4.85,59.4,11.3,3.0,39.3,0.74,14.1,4.0,LANE_A,20000.0,-22.0,91.0,CRUISE_LOITER,LADAKH,0,1.0
1788498493.817,5149.2,2119.0,72.0,80.4,82.8,79.5,82.6,783.8,785.2,782.9,786.2,4.85,59.3,11.5,3.0,39.6,0.71,14.08,4.0,LANE_A,20000.0,-22.0,90.9,CRUISE_LOITER,LADAKH,0,1.0
1788498494.345,5163.2,2124.8,72.0,80.4,82.6,79.3,82.2,782.0,786.6,783.5,786.3,4.93,59.3,11.3,3.0,39.4,0.75,14.08,4.0,LANE_A,20000.0,-22.0,90.9,CRUISE_LOITER,LADAKH,0,1.0
1788498495.493,5174.1,2129.2,72.0,79.7,82.5,79.5,82.3,779.2,788.0,783.4,786.7,4.93,59.7,11.3,3.0,39.5,0.71,14.13,4.2,LANE_A,20000.0,-22.0,90.8,CRUISE_LOITER,LADAKH,0,1.0
1788498496.001,5156.5,2122.0,72.0,80.3,83.0,79.6,82.5,780.3,787.9,783.6,786.1,4.88,59.4,11.3,3.0,39.3,0.74,14.09,4.0,LANE_A,20000.0,-22.0,90.8,CRUISE_LOITER,LADAKH,0,1.0
1788498496.525,5182.2,2132.6,72.0,80.3,82.9,80.0,81.8,781.1,786.4,783.1,785.8,4.9,59.8,11.3,3.0,39.4,0.71,14.13,4.1,LANE_A,20000.0,-22.0,90.8,CRUISE_LOITER,LADAKH,0,1.0
1788498497.042,5163.5,2124.9,72.0,80.3,83.0,79.8,82.6,782.9,786.9,783.4,785.9,4.9,59.5,11.4,3.0,39.3,0.71,14.09,4.1,LANE_A,20000.0,-22.0,90.7,CRUISE_LOITER,LADAKH,0,1.0
1788498497.566,5170.2,2127.7,72.0,80.1,82.7,79.8,82.3,781.9,785.7,780.8,786.4,4.91,59.2,11.4,3.0,39.5,0.73,14.07,4.1,LANE_A,20000.0,-22.0,90.7,CRUISE_LOITER,LADAKH,0,1.0
1788498498.092,5170.2,2127.6,72.0,80.3,82.9,79.6,82.4,782.0,786.1,783.4,785.9,4.91,59.3,11.4,3.0,39.4,0.69,14.06,4.2,LANE_A,20000.0,-22.0,90.6,CRUISE_LOITER,LADAKH,0,1.0
1788498498.619,5171.9,2128.3,72.0,80.2,82.5,79.7,82.3,781.5,787.8,784.0,788.7,4.88,59.6,11.5,3.0,39.3,0.73,14.09,4.3,LANE_A,20000.0,-22.0,90.6,CRUISE_LOITER,LADAKH,0,1.0
1788498499.157,5152.2,2120.2,72.0,80.7,82.9,80.1,82.8,779.6,783.0,782.6,786.1,4.9,59.6,11.4,3.0,39.2,0.73,14.1,4.1,LANE_A,20000.0,-22.0,90.5,CRUISE_LOITER,LADAKH,0,1.0
1788498499.673,5180.6,2132.0,72.0,80.5,82.8,80.2,82.6,782.4,785.9,785.8,786.0,4.86,59.8,11.4,3.0,39.6,0.73,14.08,4.0,LANE_A,20000.0,-22.0,90.5,CRUISE_LOITER,LADAKH,0,1.0
1788498500.191,5157.4,2122.4,72.0,80.3,82.9,79.7,82.5,781.5,786.5,784.5,784.6,4.85,59.6,11.4,3.0,39.4,0.73,14.11,4.1,LANE_A,20000.0,-22.0,90.5,CRUISE_LOITER,LADAKH,0,1.0
1788498500.712,5162.6,2124.5,72.0,80.5,82.8,80.0,82.4,782.0,786.5,784.4,787.4,4.9,59.9,11.4,3.0,39.5,0.74,14.08,4.0,LANE_A,20000.0,-22.0,90.4,CRUISE_LOITER,LADAKH,0,1.0
1788498501.233,5159.6,2123.3,72.0,80.6,83.0,79.5,82.4,781.9,786.5,784.5,789.4,4.9,59.6,11.4,3.0,39.5,0.73,14.11,4.1,LANE_A,20000.0,-22.0,90.4,CRUISE_LOITER,LADAKH,0,1.0
1788498501.76,5193.9,2137.4,72.0,80.4,83.2,80.1,82.8,780.1,784.7,784.4,788.7,4.85,59.7,11.3,3.0,39.5,0.71,14.11,4.0,LANE_A,20000.0,-22.0,90.3,CRUISE_LOITER,LADAKH,0,1.0
1788498502.28,5173.3,2128.9,72.0,80.3,82.9,79.9,82.5,783.0,786.2,782.5,787.7,4.84,59.8,11.4,3.0,39.7,0.72,14.1,4.2,LANE_A,20000.0,-22.0,90.3,CRUISE_LOITER,LADAKH,0,1.0
1788498502.804,5172.2,2128.5,72.0,80.6,82.7,80.4,82.6,782.5,787.4,785.5,787.8,4.94,59.9,11.4,3.0,39.5,0.71,14.11,4.1,LANE_A,20000.0,-22.0,90.2,CRUISE_LOITER,LADAKH,0,1.0
1788498503.322,5179.0,2131.3,72.0,80.5,82.9,80.1,82.7,780.9,787.4,783.1,787.7,4.9,59.7,11.4,3.0,39.8,0.73,14.08,4.1,LANE_A,20000.0,-22.0,90.2,CRUISE_LOITER,LADAKH,0,1.0
1788498503.844,5179.9,2131.7,72.0,80.9,83.1,80.0,82.6,781.6,786.6,785.6,788.1,4.88,59.9,11.4,3.0,39.4,0.72,14.1,4.2,LANE_A,20000.0,-22.0,90.2,CRUISE_LOITER,LADAKH,0,1.0
1788498504.358,5161.6,2124.1,72.0,80.7,83.1,80.2,82.5,782.7,787.6,783.9,787.7,4.88,59.7,11.5,3.0,39.8,0.73,14.11,4.2,LANE_A,20000.0,-22.0,90.1,CRUISE_LOITER,LADAKH,0,1.0
1788498504.884,5186.5,2134.4,72.0,80.6,83.2,80.0,82.7,783.9,787.0,784.4,785.6,4.9,59.8,11.3,3.0,39.5,0.72,14.13,4.0,LANE_A,20000.0,-22.0,90.1,CRUISE_LOITER,LADAKH,0,1.0
1788498505.391,5180.7,2132.0,72.0,80.7,82.9,80.1,82.6,783.3,787.0,784.7,787.0,4.86,59.9,11.5,3.0,39.5,0.72,14.09,4.0,LANE_A,20000.0,-22.0,90.0,CRUISE_LOITER,LADAKH,0,1.0
1788498505.911,5163.3,2124.8,72.0,81.0,83.1,80.2,82.9,781.2,785.6,783.9,786.0,4.87,59.9,11.5,3.0,39.5,0.73,14.11,4.0,LANE_A,20000.0,-22.0,90.0,CRUISE_LOITER,LADAKH,0,1.0
1788498506.423,5162.6,2124.5,72.0,80.7,83.2,80.3,82.6,780.3,787.3,784.0,785.9,4.84,60.1,11.4,3.0,39.6,0.71,14.08,4.2,LANE_A,20000.0,-22.0,89.9,CRUISE_LOITER,LADAKH,0,1.0
1788498506.943,5175.3,2129.8,72.0,80.8,83.3,80.5,82.8,784.4,786.6,783.8,786.5,4.87,59.7,11.3,3.0,39.5,0.73,14.13,4.0,LANE_A,20000.0,-22.0,89.9,CRUISE_LOITER,LADAKH,0,1.0
1788498507.455,5161.1,2123.9,72.0,80.7,83.2,80.3,82.8,782.4,787.8,784.6,786.7,4.9,60.3,11.4,3.0,39.6,0.71,14.14,4.1,LANE_A,20000.0,-22.0,89.8,CRUISE_LOITER,LADAKH,0,1.0
1788498507.969,5177.4,2130.6,72.0,80.9,83.2,80.4,82.5,782.6,785.9,786.4,786.2,4.85,59.9,11.4,3.0,39.4,0.71,14.1,4.0,LANE_A,20000.0,-22.0,89.8,CRUISE_LOITER,LADAKH,0,1.0
1788498508.487,5160.6,2123.7,72.0,81.0,83.0,80.5,83.0,779.2,787.3,783.0,787.2,4.94,60.1,11.5,3.0,39.7,0.75,14.12,4.2,LANE_A,20000.0,-22.0,89.7,CRUISE_LOITER,LADAKH,0,1.0
1788498509.009,5157.7,2122.5,72.0,80.9,83.4,80.3,83.0,781.8,788.0,784.4,788.9,4.93,60.1,11.4,3.0,39.6,0.72,14.11,4.1,LANE_A,20000.0,-22.0,89.7,CRUISE_LOITER,LADAKH,0,1.0
1788498509.516,5180.4,2131.8,72.0,81.1,83.5,80.5,82.7,782.2,787.5,782.6,787.3,4.86,60.0,11.4,3.0,39.6,0.75,14.12,4.1,LANE_A,20000.0,-22.0,89.6,CRUISE_LOITER,LADAKH,0,1.0
1788498510.034,5170.6,2127.8,72.0,81.2,83.3,80.4,82.8,782.0,787.7,780.7,787.9,4.85,60.1,11.4,3.0,39.6,0.74,14.1,4.0,LANE_A,20000.0,-22.0,89.6,CRUISE_LOITER,LADAKH,0,1.0
1788498510.554,5149.3,2119.1,72.0,80.8,83.4,80.5,82.9,781.2,785.1,784.2,787.9,4.89,60.1,11.4,2.9,39.6,0.7,14.08,4.1,LANE_A,20000.0,-22.0,89.5,CRUISE_LOITER,LADAKH,0,1.0
1788498511.085,5185.2,2133.8,72.0,80.8,83.5,80.7,82.8,780.5,785.5,784.4,786.3,4.86,60.1,11.5,3.0,39.8,0.74,14.1,4.1,LANE_A,20000.0,-22.0,89.5,CRUISE_LOITER,LADAKH,0,1.0
1788498511.601,5180.8,2132.0,72.0,81.3,83.7,80.2,82.8,782.0,787.2,786.2,786.8,4.85,60.3,11.5,3.0,39.7,0.71,14.11,4.1,LANE_A,20000.0,-22.0,89.5,CRUISE_LOITER,LADAKH,0,1.0
1788498512.109,5174.5,2129.4,72.0,81.2,83.4,80.7,83.0,782.3,784.5,783.9,786.9,4.9,60.1,11.5,3.0,39.5,0.72,14.09,4.1,LANE_A,20000.0,-22.0,89.4,CRUISE_LOITER,LADAKH,0,1.0
1788498512.644,5194.8,2137.8,72.0,81.2,83.7,80.5,83.2,780.4,787.0,785.2,785.5,4.86,60.1,11.6,3.0,39.9,0.74,14.09,4.1,LANE_A,20000.0,-22.0,89.4,CRUISE_LOITER,LADAKH,0,1.0
1788498513.175,5164.3,2125.2,72.0,81.1,83.9,80.9,82.7,783.1,785.6,783.1,786.6,4.97,60.2,11.4,3.0,39.6,0.72,14.09,4.2,LANE_A,20000.0,-22.0,89.3,CRUISE_LOITER,LADAKH,0,1.0
1788498513.698,5159.2,2123.1,72.0,81.3,83.7,80.6,83.1,782.3,787.2,783.2,786.5,4.92,60.0,11.4,3.0,39.5,0.7,14.08,4.2,LANE_A,20000.0,-22.0,89.3,CRUISE_LOITER,LADAKH,0,1.0
1788498514.217,5166.4,2126.1,72.0,81.3,83.5,80.7,82.9,782.4,785.8,786.0,785.5,4.86,60.4,11.4,3.0,39.8,0.71,14.07,4.3,LANE_A,20000.0,-22.0,89.2,CRUISE_LOITER,LADAKH,0,1.0
1788498514.722,5185.3,2133.8,72.0,81.2,83.6,80.8,83.5,779.9,788.0,783.5,786.9,4.84,60.3,11.4,3.0,39.8,0.72,14.09,4.2,LANE_A,20000.0,-22.0,89.2,CRUISE_LOITER,LADAKH,0,1.0
1788498516.118,5180.5,2131.9,72.0,81.3,83.5,80.8,83.0,781.5,787.4,782.6,786.4,4.92,60.4,11.4,3.0,39.7,0.73,14.09,4.1,LANE_A,20000.0,-22.0,89.1,CRUISE_LOITER,LADAKH,0,1.0
1788498516.635,5159.9,2123.4,72.0,81.3,83.6,80.7,83.7,782.0,786.2,784.0,787.5,4.84,60.3,11.5,3.0,39.8,0.7,14.11,4.2,LANE_A,20000.0,-22.0,89.1,CRUISE_LOITER,LADAKH,0,1.0
1788498517.147,5171.6,2128.2,72.0,81.3,83.7,80.7,83.6,781.9,786.9,786.4,787.1,4.87,60.8,11.5,3.0,39.5,0.74,14.09,4.2,LANE_A,20000.0,-22.0,89.0,CRUISE_LOITER,LADAKH,0,1.0
1788498517.658,5167.3,2126.5,72.0,81.3,84.0,80.9,83.3,782.7,786.1,782.4,785.8,4.87,60.6,11.5,3.0,39.8,0.74,14.09,4.0,LANE_A,20000.0,-22.0,89.0,CRUISE_LOITER,LADAKH,0,1.0
1788498518.186,5180.2,2131.8,72.0,81.2,83.8,80.9,83.2,782.1,787.1,785.5,787.5,4.89,60.5,11.3,3.0,39.8,0.71,14.12,4.2,LANE_A,20000.0,-22.0,88.9,CRUISE_LOITER,LADAKH,0,1.0
1788498518.693,5149.7,2119.2,72.0,81.2,83.8,80.9,83.1,782.2,785.8,785.5,788.3,4.91,60.6,11.6,3.0,39.8,0.73,14.11,4.1,LANE_A,20000.0,-22.0,88.9,CRUISE_LOITER,LADAKH,0,1.0
1788498519.215,5190.5,2136.0,72.0,81.4,84.0,80.7,83.6,783.3,788.5,781.2,786.3,4.88,60.3,11.5,3.0,39.8,0.72,14.09,4.2,LANE_A,20000.0,-22.0,88.8,CRUISE_LOITER,LADAKH,0,1.0
1788498519.735,5197.3,2138.8,72.0,81.6,83.7,81.0,83.2,783.3,786.9,783.1,785.4,4.84,60.4,11.5,3.0,39.7,0.75,14.11,4.2,LANE_A,20000.0,-22.0,88.8,CRUISE_LOITER,LADAKH,0,1.0
1788498520.252,5189.4,2135.6,72.0,81.2,84.0,80.8,83.4,781.1,785.3,784.3,786.6,4.89,60.8,11.5,3.0,39.6,0.69,14.12,4.2,LANE_A,20000.0,-22.0,88.7,CRUISE_LOITER,LADAKH,0,1.0
1788498520.763,5172.4,2128.6,72.0,81.3,84.0,80.9,83.5,783.1,786.1,784.7,789.7,4.84,60.6,11.6,3.0,39.6,0.74,14.1,4.1,LANE_A,20000.0,-22.0,88.7,CRUISE_LOITER,LADAKH,0,1.0
1788498521.292,5176.6,2130.3,72.0,81.5,84.4,81.2,83.6,781.9,786.9,784.3,789.2,4.87,60.8,11.3,3.0,39.7,0.72,14.09,4.1,LANE_A,20000.0,-22.0,88.6,CRUISE_LOITER,LADAKH,0,1.0
1788498521.819,5185.4,2133.9,72.0,81.9,84.0,81.1,83.6,779.7,786.5,783.1,784.6,4.84,60.7,11.6,3.0,40.0,0.72,14.06,4.0,LANE_A,20000.0,-22.0,88.6,CRUISE_LOITER,LADAKH,0,1.0
1788498522.325,5168.8,2127.1,72.0,81.9,83.9,80.9,83.8,782.3,787.4,783.0,785.3,4.9,60.6,11.5,3.0,39.9,0.7,14.09,4.1,LANE_A,20000.0,-22.0,88.5,CRUISE_LOITER,LADAKH,0,1.0
1788498522.841,5171.2,2128.1,72.0,81.5,84.1,81.1,83.5,781.0,786.6,783.0,787.8,4.89,60.6,11.6,3.0,39.7,0.74,14.1,4.2,LANE_A,20000.0,-22.0,88.5,CRUISE_LOITER,LADAKH,0,1.0
1788498523.367,5166.7,2126.2,72.0,81.7,84.3,81.0,83.8,782.9,788.9,784.0,788.0,4.87,60.5,11.5,3.0,39.8,0.72,14.08,4.3,LANE_A,20000.0,-22.0,88.4,CRUISE_LOITER,LADAKH,0,1.0
1788498523.877,5173.8,2129.2,72.0,82.0,83.8,81.2,83.7,781.5,788.1,785.4,787.5,4.87,60.9,11.5,3.0,39.7,0.73,14.09,4.1,LANE_A,20000.0,-22.0,88.4,CRUISE_LOITER,LADAKH,0,1.0
1788498524.401,5189.6,2135.6,72.0,81.8,84.2,81.3,83.3,782.6,785.8,784.2,786.9,4.9,60.4,11.4,3.0,39.8,0.72,14.1,4.1,LANE_A,20000.0,-22.0,88.3,CRUISE_LOITER,LADAKH,0,1.0
1788498524.915,5189.4,2135.5,72.0,81.6,84.4,81.3,84.0,781.1,788.0,785.5,784.9,4.87,60.7,11.4,3.0,40.0,0.74,14.11,4.0,LANE_A,20000.0,-22.0,88.3,CRUISE_LOITER,LADAKH,0,1.0
1788498525.441,5179.4,2131.4,72.0,82.2,84.3,81.5,83.7,782.5,785.8,783.9,787.8,4.87,60.8,11.4,3.0,39.8,0.76,14.11,4.1,LANE_A,20000.0,-22.0,88.2,CRUISE_LOITER,LADAKH,0,1.0
1788498525.967,5172.5,2128.6,72.0,81.6,84.0,81.4,83.8,783.1,787.9,782.8,786.1,4.88,61.1,11.5,3.0,39.9,0.69,14.13,4.1,LANE_A,20000.0,-22.0,88.2,CRUISE_LOITER,LADAKH,0,1.0
1788498526.485,5191.0,2136.2,72.0,82.0,84.0,81.2,83.7,782.1,787.6,785.2,787.4,4.91,60.8,11.5,3.0,40.0,0.71,14.08,4.3,LANE_A,20000.0,-22.0,88.1,CRUISE_LOITER,LADAKH,0,1.0
1788498526.995,5186.8,2134.5,72.0,81.7,84.2,81.3,84.0,782.7,786.6,783.8,788.3,4.84,60.7,11.5,3.0,39.8,0.73,14.1,4.2,LANE_A,20000.0,-22.0,88.1,CRUISE_LOITER,LADAKH,0,1.0
1788498527.501,5177.6,2130.7,72.0,81.5,84.4,81.2,84.1,781.0,788.0,786.4,786.6,4.88,60.9,11.5,3.0,39.8,0.7,14.11,4.1,LANE_A,20000.0,-22.0,88.0,CRUISE_LOITER,LADAKH,0,1.0
1788498528.016,5160.6,2123.7,72.0,81.7,84.7,81.4,84.0,781.9,784.5,784.5,787.1,4.88,60.8,11.6,3.0,39.8,0.71,14.11,4.0,LANE_A,20000.0,-22.0,88.0,CRUISE_LOITER,LADAKH,0,1.0
1788498528.544,5186.3,2134.3,72.0,82.0,84.5,81.0,83.9,783.6,783.1,785.5,786.6,4.86,61.1,11.5,3.0,39.8,0.75,14.06,4.2,LANE_A,20000.0,-22.0,87.9,CRUISE_LOITER,LADAKH,0,1.0
1788498529.056,5187.0,2134.6,72.0,82.3,84.4,81.8,84.0,782.3,786.3,784.8,787.4,4.95,61.3,11.6,3.0,39.9,0.72,14.09,4.2,LANE_A,20000.0,-22.0,87.9,CRUISE_LOITER,LADAKH,0,1.0
1788498529.578,5174.9,2129.6,72.0,81.8,84.3,81.5,84.1,781.2,786.8,781.5,788.4,4.87,61.4,11.5,3.0,40.0,0.74,14.1,4.2,LANE_A,20000.0,-22.0,87.8,CRUISE_LOITER,LADAKH,0,1.0
1788498530.094,5193.8,2137.4,72.0,82.2,84.7,81.4,84.2,779.8,786.9,784.4,786.8,4.85,60.8,11.5,3.0,40.0,0.72,14.11,4.1,LANE_A,20000.0,-22.0,87.8,CRUISE_LOITER,LADAKH,0,1.0
1788498530.611,5186.3,2134.3,72.0,81.9,84.5,81.5,83.7,781.1,787.6,784.6,785.5,4.84,61.0,11.4,3.0,40.1,0.73,14.09,4.0,LANE_A,20000.0,-22.0,87.7,CRUISE_LOITER,LADAKH,0,1.0
1788498531.123,5180.9,2132.1,72.0,81.9,84.8,81.4,84.1,780.0,787.2,784.6,787.5,4.88,61.0,11.6,3.0,39.8,0.74,14.12,4.0,LANE_A,20000.0,-22.0,87.7,CRUISE_LOITER,LADAKH,0,1.0
1788498531.63,5164.4,2125.3,72.0,82.5,84.7,81.4,83.9,782.5,790.4,783.8,788.3,4.9,60.9,11.6,3.0,39.9,0.76,14.1,4.3,LANE_A,20000.0,-22.0,87.6,CRUISE_LOITER,LADAKH,0,1.0
1788498532.14,5167.9,2126.7,72.0,82.2,84.5,81.5,84.2,782.1,785.7,784.2,785.2,4.88,61.2,11.6,3.0,40.1,0.7,14.11,4.2,LANE_A,20000.0,-22.0,87.6,CRUISE_LOITER,LADAKH,0,1.0
1788498532.667,5176.0,2130.0,72.0,82.2,84.5,81.8,84.0,780.9,789.0,782.5,787.5,4.88,61.4,11.4,3.0,40.0,0.73,14.09,4.0,LANE_A,20000.0,-22.0,87.5,CRUISE_LOITER,LADAKH,0,1.0
1788498533.174,5174.0,2129.2,72.0,81.9,84.4,82.1,84.2,782.3,787.3,782.6,786.3,4.9,61.1,11.6,3.0,40.0,0.72,14.16,4.2,LANE_A,20000.0,-22.0,87.5,CRUISE_LOITER,LADAKH,0,1.0
1788498533.697,5161.7,2124.2,72.0,82.1,84.8,81.7,84.5,782.3,786.4,783.7,787.4,4.87,61.1,11.5,3.0,40.0,0.73,14.06,4.1,LANE_A,20000.0,-22.0,87.4,CRUISE_LOITER,LADAKH,0,1.0
1788498534.216,5165.7,2125.8,72.0,82.3,84.7,81.7,84.2,780.7,787.0,785.4,788.7,4.83,61.2,11.7,3.0,40.0,0.72,14.1,4.1,LANE_A,20000.0,-22.0,87.4,CRUISE_LOITER,LADAKH,0,1.0
1788498534.725,5175.4,2129.8,72.0,82.2,84.6,81.7,84.2,781.6,784.7,783.4,785.9,4.89,61.3,11.6,3.0,40.1,0.73,14.13,4.0,LANE_A,20000.0,-22.0,87.3,CRUISE_LOITER,LADAKH,0,1.0
1788498535.801,5168.5,2126.9,72.0,82.0,84.9,81.7,84.5,780.4,789.2,783.6,784.4,4.87,61.5,11.6,3.0,40.1,0.74,14.13,4.1,LANE_A,20000.0,-22.0,87.3,CRUISE_LOITER,LADAKH,0,1.0
1788498536.322,5173.0,2128.8,72.0,82.8,85.2,81.8,84.4,782.7,786.5,783.1,788.0,4.89,61.4,11.6,3.0,40.2,0.75,14.1,4.2,LANE_A,20000.0,-22.0,87.2,CRUISE_LOITER,LADAKH,0,1.0
1788498536.845,5163.4,2124.8,72.0,82.3,84.8,82.2,84.5,780.6,787.5,783.6,786.0,4.78,61.6,11.8,3.0,40.0,0.73,14.08,4.0,LANE_A,20000.0,-22.0,87.2,CRUISE_LOITER,LADAKH,0,1.0
1788498537.347,5190.1,2135.8,72.0,82.2,84.6,81.6,84.4,782.7,787.9,783.3,787.0,4.89,61.2,11.8,3.0,40.0,0.74,14.11,4.2,LANE_A,20000.0,-22.0,87.1,CRUISE_LOITER,LADAKH,0,1.0
1788498537.87,5175.6,2129.9,72.0,82.4,85.1,82.0,84.3,781.3,786.3,784.8,784.9,4.89,61.6,11.7,3.0,40.1,0.71,14.09,4.2,LANE_A,20000.0,-22.0,87.1,CRUISE_LOITER,LADAKH,0,1.0
1788498538.389,5176.4,2130.2,72.0,82.4,85.2,81.8,84.6,783.0,786.1,783.0,788.3,4.89,61.5,11.6,3.0,40.1,0.7,14.09,4.1,LANE_A,20000.0,-22.0,87.0,CRUISE_LOITER,LADAKH,0,1.0
1788498538.897,5174.8,2129.5,72.0,82.6,85.1,82.0,84.7,782.9,786.8,784.6,785.5,4.87,61.4,11.7,3.0,40.2,0.69,14.12,4.3,LANE_A,20000.0,-22.0,87.0,CRUISE_LOITER,LADAKH,0,1.0
1788498539.406,5189.2,2135.5,72.0,82.3,85.0,82.1,84.5,782.8,787.8,783.8,785.7,4.87,61.8,11.6,3.0,40.1,0.72,14.09,4.1,LANE_A,20000.0,-22.0,86.9,CRUISE_LOITER,LADAKH,0,1.0
1788498539.921,5175.4,2129.8,72.0,82.8,85.0,82.1,84.5,780.8,788.2,784.8,787.0,4.9,61.7,11.7,3.0,39.8,0.73,14.08,4.0,LANE_A,20000.0,-22.0,86.9,CRUISE_LOITER,LADAKH,0,1.0
1788498540.442,5187.0,2134.6,72.0,82.4,85.4,82.2,84.7,781.1,787.8,782.9,785.7,4.8,61.5,11.5,3.0,40.1,0.72,14.14,4.0,LANE_A,20000.0,-22.0,86.8,CRUISE_LOITER,LADAKH,0,1.0
1788498540.971,5168.8,2127.1,72.0,82.6,85.0,81.9,84.8,780.2,787.1,783.6,787.1,4.89,61.8,11.6,3.0,40.3,0.73,14.08,4.2,LANE_A,20000.0,-22.0,86.8,CRUISE_LOITER,LADAKH,0,1.0
1788498541.492,5195.1,2137.9,72.0,82.7,85.2,82.1,84.5,782.1,788.8,782.8,788.3,4.83,61.6,11.6,3.0,40.0,0.76,14.09,4.2,LANE_A,20000.0,-22.0,86.7,CRUISE_LOITER,LADAKH,0,1.0
1788498542.006,5161.3,2124.0,72.0,82.9,85.3,82.2,84.8,780.5,786.0,781.8,789.6,4.87,61.5,11.7,3.0,40.2,0.72,14.12,4.2,LANE_A,20000.0,-22.0,86.7,CRUISE_LOITER,LADAKH,0,1.0
1788498542.526,5160.1,2123.5,72.0,82.6,85.1,82.0,84.8,781.3,788.2,782.4,784.4,4.88,61.4,11.7,3.0,40.3,0.71,14.07,4.1,LANE_A,20000.0,-22.0,86.6,CRUISE_LOITER,LADAKH,0,1.0
1788498543.049,5184.7,2133.6,72.0,82.7,85.3,82.0,85.0,781.1,786.6,784.4,784.6,4.9,61.5,11.6,3.0,40.2,0.75,14.08,4.1,LANE_A,20000.0,-22.0,86.6,CRUISE_LOITER,LADAKH,0,1.0
1788498543.561,5186.5,2134.4,72.0,82.7,85.6,82.2,84.8,783.8,789.7,784.4,787.2,4.85,61.8,11.6,3.0,40.2,0.72,14.07,4.3,LANE_A,20000.0,-22.0,86.5,CRUISE_LOITER,LADAKH,0,1.0
1788498544.081,5185.0,2133.8,72.0,82.8,85.3,82.1,84.6,779.5,786.8,783.8,789.2,4.88,61.8,11.6,3.0,40.1,0.72,14.13,4.1,LANE_A,20000.0,-22.0,86.5,CRUISE_LOITER,LADAKH,0,1.0
1788498544.595,5173.0,2128.8,72.0,82.8,85.8,82.4,84.9,779.4,785.6,783.7,785.7,4.91,61.8,11.6,3.0,40.5,0.73,14.13,4.0,LANE_A,20000.0,-22.0,86.4,CRUISE_LOITER,LADAKH,0,1.0
1788498545.114,5183.4,2133.1,72.0,82.8,85.4,82.3,85.2,780.8,786.3,783.6,788.6,4.87,61.8,11.6,3.0,40.1,0.73,14.1,4.0,LANE_A,20000.0,-22.0,86.4,CRUISE_LOITER,LADAKH,0,1.0
1788498545.625,5154.0,2121.0,72.0,82.8,85.5,82.5,84.8,783.3,786.0,784.8,786.4,4.83,61.7,11.6,3.0,40.2,0.69,14.11,4.1,LANE_A,20000.0,-22.0,86.4,CRUISE_LOITER,LADAKH,0,1.0
1788498546.143,5166.7,2126.2,72.0,83.0,86.1,82.3,84.8,779.2,785.6,783.4,785.5,4.89,61.9,11.7,3.0,40.2,0.7,14.09,4.1,LANE_A,20000.0,-22.0,86.3,CRUISE_LOITER,LADAKH,0,1.0
1788498546.652,5184.3,2133.5,72.0,82.7,85.5,82.3,85.1,780.9,786.0,782.6,787.1,4.87,61.7,11.7,3.0,40.2,0.71,14.1,4.2,LANE_A,20000.0,-22.0,86.3,CRUISE_LOITER,LADAKH,0,1.0
1788498547.185,5181.2,2132.2,72.0,83.0,85.5,82.7,84.9,783.4,787.7,784.8,787.1,4.85,62.0,11.7,3.0,40.2,0.74,14.12,4.1,LANE_A,20000.0,-22.0,86.2,CRUISE_LOITER,LADAKH,0,1.0
1788498547.699,5186.0,2134.2,72.0,82.8,85.3,82.7,85.3,781.3,787.9,785.2,786.7,4.88,61.8,11.6,3.0,40.1,0.73,14.1,4.1,LANE_A,20000.0,-22.0,86.2,CRUISE_LOITER,LADAKH,0,1.0
1788498548.219,5202.1,2140.8,72.0,83.1,85.3,82.7,85.1,781.2,786.5,782.3,786.4,4.92,62.0,11.8,3.0,40.3,0.71,14.09,4.2,LANE_A,20000.0,-22.0,86.1,CRUISE_LOITER,LADAKH,0,1.0
1788498548.74,5187.9,2134.9,72.0,83.3,85.4,82.8,85.0,780.9,788.5,783.2,784.5,4.86,62.1,11.9,3.0,40.3,0.73,14.11,4.1,LANE_A,20000.0,-22.0,86.1,CRUISE_LOITER,LADAKH,0,1.0
1788498549.258,5201.8,2140.6,72.0,83.2,85.7,82.7,85.2,780.5,788.7,785.2,785.6,4.89,61.7,11.5,3.0,40.5,0.72,14.12,4.1,LANE_A,20000.0,-22.0,86.0,CRUISE_LOITER,LADAKH,0,1.0
1788498549.787,5180.4,2131.9,72.0,83.4,85.6,82.8,84.7,784.1,786.6,782.8,787.5,4.89,62.0,11.6,3.0,40.2,0.73,14.12,4.0,LANE_A,20000.0,-22.0,86.0,CRUISE_LOITER,LADAKH,0,1.0
1788498550.306,5205.3,2142.1,72.0,83.1,85.8,82.9,85.1,782.2,785.9,782.7,786.0,4.88,62.2,11.6,3.0,40.5,0.74,14.1,4.1,LANE_A,20000.0,-22.0,85.9,CRUISE_LOITER,LADAKH,0,1.0
1788498550.815,5170.3,2127.7,72.0,83.2,85.6,82.7,85.7,783.0,787.8,785.0,785.5,4.82,62.2,11.7,3.0,40.3,0.73,14.12,4.1,LANE_A,20000.0,-22.0,85.9,CRUISE_LOITER,LADAKH,0,1.0
1788498551.344,5183.1,2133.0,72.0,83.2,85.9,82.9,85.1,780.2,787.3,784.6,782.7,4.81,62.2,11.7,3.0,40.1,0.73,14.08,4.3,LANE_A,20000.0,-22.0,85.8,CRUISE_LOITER,LADAKH,0,1.0
1788498551.856,5174.4,2129.4,72.0,83.4,85.6,82.8,85.4,784.6,787.6,783.8,787.0,4.85,62.1,11.7,3.0,40.6,0.73,14.09,4.0,LANE_A,20000.0,-22.0,85.8,CRUISE_LOITER,LADAKH,0,1.0
1788498552.373,5174.1,2129.3,72.0,83.5,85.7,82.8,85.3,782.4,787.1,783.9,785.3,4.86,62.1,11.7,3.0,40.1,0.73,14.11,4.1,LANE_A,20000.0,-22.0,85.8,CRUISE_LOITER,LADAKH,0,1.0
1788498552.886,5165.1,2125.6,72.0,83.5,85.7,83.0,85.8,780.2,787.5,784.5,786.3,4.87,62.1,11.7,3.0,40.2,0.72,14.09,4.2,LANE_A,20000.0,-22.0,85.7,CRUISE_LOITER,LADAKH,0,1.0
1788498553.396,5183.4,2133.1,72.0,83.4,85.6,82.9,85.6,780.3,787.5,783.4,785.5,4.87,62.3,11.7,3.0,40.2,0.71,14.13,4.2,LANE_A,20000.0,-22.0,85.7,CRUISE_LOITER,LADAKH,0,1.0
1788498553.908,5169.0,2127.2,72.0,83.2,85.9,82.8,85.2,781.5,786.6,782.3,785.8,4.85,62.2,11.6,3.0,40.4,0.72,14.09,4.1,LANE_A,20000.0,-22.0,85.6,CRUISE_LOITER,LADAKH,0,1.0
1788498554.419,5183.6,2133.2,72.0,83.2,85.7,83.2,85.8,782.0,786.1,787.2,787.5,4.86,62.1,11.8,3.0,40.4,0.73,14.11,4.1,LANE_A,20000.0,-22.0,85.6,CRUISE_LOITER,LADAKH,0,1.0
1788498555.515,5157.7,2122.5,72.0,83.4,86.0,83.0,85.2,782.4,786.9,785.1,788.0,4.82,62.4,11.6,3.0,40.5,0.75,14.09,4.2,LANE_A,20000.0,-22.0,85.5,CRUISE_LOITER,LADAKH,0,1.0
1788498556.041,5166.8,2126.3,72.0,83.3,86.1,82.7,85.5,780.2,786.7,783.7,785.3,4.83,62.5,11.7,3.0,40.3,0.72,14.1,4.0,LANE_A,20000.0,-22.0,85.5,CRUISE_LOITER,LADAKH,0,1.0
1788498556.569,5159.2,2123.1,72.0,83.5,86.0,83.0,85.6,781.7,786.2,783.5,787.3,4.84,62.2,11.6,3.0,40.6,0.73,14.08,4.0,LANE_A,20000.0,-22.0,85.4,CRUISE_LOITER,LADAKH,0,1.0
1788498557.088,5171.6,2128.2,72.0,83.2,86.1,83.3,85.4,783.5,785.7,785.5,787.5,4.82,62.2,11.7,3.0,40.1,0.71,14.11,4.1,LANE_A,20000.0,-22.0,85.4,CRUISE_LOITER,LADAKH,0,1.0
1788498557.6,5188.5,2135.2,72.0,83.8,86.3,82.9,85.3,780.9,786.5,783.0,786.5,4.84,62.1,11.7,3.0,40.3,0.71,14.11,4.0,LANE_A,20000.0,-22.0,85.4,CRUISE_LOITER,LADAKH,0,1.0
1788498558.113,5184.3,2133.5,72.0,83.5,86.1,82.9,85.8,780.7,786.1,782.8,786.1,4.82,62.4,11.8,3.0,40.5,0.74,14.12,4.3,LANE_A,20000.0,-22.0,85.3,CRUISE_LOITER,LADAKH,0,1.0
1788498558.627,5173.7,2129.1,72.0,83.3,86.3,83.2,85.5,783.4,786.5,784.4,786.5,4.88,62.7,11.6,3.0,40.4,0.72,14.1,4.0,LANE_A,20000.0,-22.0,85.3,CRUISE_LOITER,LADAKH,0,1.0
1788498559.149,5191.8,2136.5,72.0,83.3,86.2,83.7,85.8,781.7,787.9,785.0,786.0,4.8,62.6,11.7,3.0,40.4,0.71,14.13,4.3,LANE_A,20000.0,-22.0,85.2,CRUISE_LOITER,LADAKH,0,1.0
1788498559.65,5196.2,2138.4,72.0,83.4,86.3,83.5,85.7,781.0,787.2,782.9,785.7,4.87,62.7,11.8,3.0,40.3,0.75,14.1,4.0,LANE_A,20000.0,-22.0,85.2,CRUISE_LOITER,LADAKH,0,1.0
1788498560.163,5187.1,2134.6,72.0,83.9,86.0,83.2,85.7,780.7,786.5,783.0,788.0,4.85,62.3,11.6,3.0,40.6,0.71,14.09,4.0,LANE_A,20000.0,-22.0,85.2,CRUISE_LOITER,LADAKH,0,1.0
1788498560.675,5180.6,2132.0,72.0,83.8,86.2,83.3,85.8,780.8,788.0,784.6,786.6,4.79,62.6,11.8,3.0,40.5,0.72,14.1,4.1,LANE_A,20000.0,-22.0,85.1,CRUISE_LOITER,LADAKH,0,1.0
1788498561.196,5180.1,2131.7,72.0,83.8,86.5,83.1,85.7,780.7,784.8,782.8,786.7,4.92,62.6,11.6,3.0,40.7,0.73,14.12,4.1,LANE_A,20000.0,-22.0,85.1,CRUISE_LOITER,LADAKH,0,1.0
1788498561.708,5201.4,2140.5,72.0,83.7,86.7,83.3,85.8,781.8,786.4,783.7,784.7,4.83,62.6,11.6,3.0,40.5,0.72,14.1,4.2,LANE_A,20000.0,-22.0,85.0,CRUISE_LOITER,LADAKH,0,1.0
1788498562.225,5192.9,2137.0,72.0,83.6,86.5,83.3,86.1,781.6,787.8,782.4,788.9,4.85,62.7,11.8,3.0,40.6,0.69,14.1,4.0,LANE_A,20000.0,-22.0,85.0,CRUISE_LOITER,LADAKH,0,1.0
1788498562.74,5185.1,2133.8,72.0,84.0,86.6,83.4,85.9,782.0,786.5,782.5,786.3,4.81,62.5,11.7,3.0,40.4,0.72,14.09,4.2,LANE_A,20000.0,-22.0,85.0,CRUISE_LOITER,LADAKH,0,1.0
1788498563.254,5172.1,2128.4,72.0,83.8,86.5,83.6,85.9,782.2,786.8,783.9,786.9,4.83,62.8,11.7,3.0,40.5,0.73,14.1,4.3,LANE_A,20000.0,-22.0,84.9,CRUISE_LOITER,LADAKH,0,1.0
1788498563.768,5175.7,2129.9,72.0,84.0,86.5,83.5,86.2,780.0,787.5,783.9,787.5,4.82,62.8,11.8,3.0,40.5,0.74,14.08,4.2,LANE_A,20000.0,-22.0,84.9,CRUISE_LOITER,LADAKH,0,1.0
1788498564.287,5178.4,2131.0,72.0,83.9,86.6,83.2,85.9,781.8,787.2,785.1,788.4,4.85,62.8,11.7,3.0,40.6,0.72,14.11,4.1,LANE_A,20000.0,-22.0,84.8,CRUISE_LOITER,LADAKH,0,1.0
1788498564.811,5198.3,2139.2,72.0,83.9,86.6,83.9,85.8,780.2,788.3,783.6,786.1,4.89,62.8,11.7,3.0,40.5,0.7,14.12,4.2,LANE_A,20000.0,-22.0,84.8,CRUISE_LOITER,LADAKH,0,1.0
1788498565.312,5181.1,2132.2,72.0,84.2,86.5,83.3,86.2,783.2,784.8,784.4,787.0,4.82,62.8,11.7,3.0,40.5,0.73,14.13,4.2,LANE_A,20000.0,-22.0,84.8,CRUISE_LOITER,LADAKH,0,1.0
1788498565.826,5196.8,2138.6,72.0,84.4,86.8,83.6,86.0,780.4,785.2,784.3,788.6,4.83,62.9,11.8,3.0,40.7,0.7,14.13,4.2,LANE_A,20000.0,-22.0,84.7,CRUISE_LOITER,LADAKH,0,1.0
1788498566.347,5190.3,2135.9,72.0,84.0,86.8,84.0,85.7,781.8,786.1,782.8,787.5,4.83,62.9,11.8,3.0,40.6,0.73,14.12,4.2,LANE_A,20000.0,-22.0,84.7,CRUISE_LOITER,LADAKH,0,1.0
1788498566.861,5196.1,2138.3,72.0,84.0,86.5,83.3,86.2,782.6,789.2,781.4,788.2,4.86,63.0,11.8,3.0,40.9,0.72,14.06,4.1,LANE_A,20000.0,-22.0,84.6,CRUISE_LOITER,LADAKH,0,1.0
1788498567.374,5181.4,2132.3,72.0,83.8,86.8,83.8,85.9,781.9,786.9,782.8,785.4,4.85,62.8,11.8,3.0,40.7,0.71,14.09,4.2,LANE_A,20000.0,-22.0,84.6,CRUISE_LOITER,LADAKH,0,1.0
1788498567.888,5196.2,2138.3,72.0,84.1,86.6,83.3,86.0,783.2,785.6,784.4,784.7,4.83,63.0,11.7,3.0,40.7,0.74,14.06,4.0,LANE_A,20000.0,-22.0,84.6,CRUISE_LOITER,LADAKH,0,1.0
1788498568.398,5187.2,2134.7,72.0,84.4,86.6,84.0,86.1,780.6,786.7,784.4,787.3,4.88,63.0,11.8,3.0,40.6,0.72,14.1,4.3,LANE_A,20000.0,-22.0,84.5,CRUISE_LOITER,LADAKH,0,1.0
1788498568.912,5177.6,2130.7,72.0,84.2,86.5,83.7,86.0,783.5,787.9,782.9,785.8,4.86,63.0,11.7,3.0,40.6,0.72,14.11,4.1,LANE_A,20000.0,-22.0,84.5,CRUISE_LOITER,LADAKH,0,1.0
1788498569.429,5184.3,2133.5,72.0,84.1,86.7,83.5,86.2,782.2,786.5,785.4,786.4,4.84,63.0,11.8,3.0,40.6,0.72,14.11,4.1,LANE_A,20000.0,-22.0,84.5,CRUISE_LOITER,LADAKH,0,1.0
1788498569.948,5183.2,2133.0,72.0,84.5,86.7,83.9,86.2,782.5,785.3,783.4,784.1,4.83,62.7,11.9,3.0,40.6,0.74,14.08,4.1,LANE_A,20000.0,-22.0,84.4,CRUISE_LOITER,LADAKH,0,1.0
1788498570.462,5202.9,2141.1,72.0,84.2,87.2,83.8,86.2,780.9,787.5,784.4,787.6,4.81,63.4,11.8,3.0,40.5,0.73,14.12,4.1,LANE_A,20000.0,-22.0,84.4,CRUISE_LOITER,LADAKH,0,1.0
1788498570.988,5172.2,2128.5,72.0,84.4,87.1,83.7,86.4,780.2,787.3,783.6,787.1,4.83,63.1,11.9,3.0,40.6,0.73,14.08,4.2,LANE_A,20000.0,-22.0,84.4,CRUISE_LOITER,LADAKH,0,1.0
1788498571.494,5201.2,2140.4,72.0,84.7,86.7,84.0,86.4,782.5,787.4,784.1,787.5,4.85,63.2,11.9,3.0,40.7,0.73,14.1,4.0,LANE_A,20000.0,-22.0,84.3,CRUISE_LOITER,LADAKH,0,1.0
1788498572.01,5188.3,2135.1,72.0,84.4,87.2,83.8,86.3,779.0,785.9,781.6,787.3,4.83,62.9,11.9,3.0,40.7,0.73,14.11,4.1,LANE_A,20000.0,-22.0,84.3,CRUISE_LOITER,LADAKH,0,1.0
1788498572.525,5192.0,2136.6,72.0,84.6,86.9,83.6,86.5,780.9,788.4,785.6,785.6,4.82,63.0,11.8,3.0,40.8,0.75,14.12,4.1,LANE_A,20000.0,-22.0,84.3,CRUISE_LOITER,LADAKH,0,1.0
1788498573.027,5179.5,2131.5,72.0,84.4,87.4,84.3,86.7,782.6,786.4,783.0,786.8,4.81,63.0,11.7,3.0,40.8,0.74,14.1,4.1,LANE_A,20000.0,-22.0,84.2,CRUISE_LOITER,LADAKH,0,1.0
1788498573.538,5178.8,2131.2,72.0,84.2,86.9,83.5,86.5,781.5,786.5,781.3,788.0,4.88,63.4,11.8,3.0,40.6,0.73,14.11,3.9,LANE_A,20000.0,-22.0,84.2,CRUISE_LOITER,LADAKH,0,1.0
1788498574.059,5186.3,2134.3,72.0,84.4,87.0,84.2,86.6,779.9,787.4,783.2,787.9,4.85,63.1,11.7,3.0,40.5,0.71,14.11,4.3,LANE_A,20000.0,-22.0,84.2,CRUISE_LOITER,LADAKH,0,1.0
1788498574.561,5192.2,2136.7,72.0,84.4,87.3,84.1,86.4,780.7,786.9,782.9,786.1,4.8,63.4,11.8,3.0,40.8,0.74,14.12,4.2,LANE_A,20000.0,-22.0,84.1,CRUISE_LOITER,LADAKH,0,1.0
1788498575.644,5196.5,2138.5,72.0,84.6,86.9,84.4,86.8,779.6,788.1,783.7,786.7,4.89,63.3,11.7,3.0,40.8,0.71,14.1,4.0,LANE_A,20000.0,-22.0,84.1,CRUISE_LOITER,LADAKH,0,1.0
1788498576.155,5178.1,2130.9,72.0,84.7,87.0,83.9,86.5,782.6,786.8,781.8,787.7,4.8,63.2,11.9,3.0,40.6,0.76,14.14,4.2,LANE_A,20000.0,-22.0,84.1,CRUISE_LOITER,LADAKH,0,1.0
1788498576.668,5184.0,2133.3,72.0,84.7,86.9,84.1,86.7,782.9,783.2,785.3,788.1,4.86,63.4,11.8,3.0,40.7,0.73,14.09,4.1,LANE_A,20000.0,-22.0,84.0,CRUISE_LOITER,LADAKH,0,1.0
1788498577.197,5171.7,2128.3,72.0,84.7,87.0,83.9,86.4,780.4,785.9,785.7,787.3,4.82,63.4,11.8,3.0,40.8,0.71,14.1,4.3,LANE_A,20000.0,-22.0,84.0,CRUISE_LOITER,LADAKH,0,1.0
1788498577.715,5212.0,2144.9,72.0,84.8,87.3,84.0,86.8,782.1,785.2,783.8,787.6,4.8,63.6,11.7,3.0,40.8,0.73,14.08,4.2,LANE_A,20000.0,-22.0,84.0,CRUISE_LOITER,LADAKH,0,1.0
1788498578.225,5182.1,2132.6,72.0,84.3,87.5,84.3,86.7,783.5,788.6,783.0,787.5,4.91,63.4,11.9,3.0,40.7,0.75,14.1,4.2,LANE_A,20000.0,-22.0,83.9,CRUISE_LOITER,LADAKH,0,1.0
1788498578.735,5180.0,2131.7,72.0,84.7,87.0,84.0,86.9,782.7,787.9,786.2,785.8,4.85,63.3,11.8,3.0,41.0,0.73,14.11,4.0,LANE_A,20000.0,-22.0,83.9,CRUISE_LOITER,LADAKH,0,1.0
1788498579.244,5210.1,2144.1,72.0,84.9,87.4,84.8,87.0,780.9,787.8,782.7,787.0,4.87,63.5,11.8,3.0,40.9,0.72,14.11,4.0,LANE_A,20000.0,-22.0,83.9,CRUISE_LOITER,LADAKH,0,1.0
1788498579.775,5185.1,2133.8,72.0,84.8,87.3,84.4,87.0,781.3,785.0,784.0,787.5,4.85,63.3,11.8,3.0,40.8,0.71,14.13,4.1,LANE_A,20000.0,-22.0,83.9,CRUISE_LOITER,LADAKH,0,1.0
1788498580.285,5200.3,2140.1,72.0,84.8,87.5,84.5,87.0,781.7,787.4,782.0,787.8,4.82,63.6,11.8,3.0,40.6,0.75,14.13,4.2,LANE_A,20000.0,-22.0,83.8,CRUISE_LOITER,LADAKH,0,1.0
1788498580.806,5204.1,2141.6,72.0,84.8,87.4,84.3,87.1,782.2,786.3,783.3,788.0,4.83,64.0,11.8,3.0,40.8,0.71,14.1,4.1,LANE_A,20000.0,-22.0,83.8,CRUISE_LOITER,LADAKH,0,1.0
1788498581.324,5186.6,2134.4,72.0,84.6,87.5,84.4,86.9,783.8,784.9,783.8,786.1,4.86,63.4,11.8,3.0,41.0,0.74,14.05,4.2,LANE_A,20000.0,-22.0,83.8,CRUISE_LOITER,LADAKH,0,1.0
1788498581.842,5189.9,2135.8,72.0,84.8,87.8,84.3,86.9,779.6,786.9,784.4,785.7,4.77,63.5,11.7,3.0,40.8,0.73,14.12,4.1,LANE_A,20000.0,-22.0,83.8,CRUISE_LOITER,LADAKH,0,1.0
1788498582.36,5189.5,2135.6,72.0,84.7,87.3,84.5,86.8,781.9,786.7,784.3,785.7,4.82,63.5,11.9,3.0,40.7,0.72,14.09,4.2,LANE_A,20000.0,-22.0,83.7,CRUISE_LOITER,LADAKH,0,1.0
1788498582.877,5201.4,2140.5,72.0,84.8,87.5,84.5,87.0,781.3,786.2,784.3,784.0,4.87,63.8,11.9,3.0,40.6,0.71,14.1,4.1,LANE_A,20000.0,-22.0,83.7,CRUISE_LOITER,LADAKH,0,1.0
1788498583.398,5188.5,2135.2,72.0,84.8,87.1,84.6,86.7,781.2,787.6,782.7,786.5,4.84,63.9,11.9,3.1,40.9,0.72,14.14,4.1,LANE_A,20000.0,-22.0,83.7,CRUISE_LOITER,LADAKH,0,1.0
1788498583.903,5194.8,2137.8,72.0,85.2,87.7,84.7,86.9,780.3,788.2,783.2,786.4,4.86,63.7,11.8,3.0,40.9,0.72,14.11,4.1,LANE_A,20000.0,-22.0,83.6,CRUISE_LOITER,LADAKH,0,1.0
1788498584.729,5199.3,2139.6,72.0,85.2,87.5,84.6,87.2,782.1,787.7,782.2,789.6,4.82,63.8,11.9,3.0,41.1,0.72,14.1,4.2,LANE_A,20000.0,-22.0,83.6,CRUISE_LOITER,LADAKH,0,1.0
1788498585.24,5205.6,2142.2,72.0,85.1,87.4,84.5,87.2,781.8,785.7,783.3,786.8,4.83,63.6,11.9,3.0,41.0,0.71,14.09,4.1,LANE_A,20000.0,-22.0,83.6,CRUISE_LOITER,LADAKH,0,1.0
1788498585.761,5177.7,2130.7,72.0,85.0,87.6,84.7,86.9,780.1,786.1,784.2,787.0,4.83,64.0,11.9,3.0,40.8,0.77,14.15,4.1,LANE_A,20000.0,-22.0,83.6,CRUISE_LOITER,LADAKH,0,1.0
1788498586.266,5202.6,2141.0,72.0,85.1,87.9,84.6,86.8,780.9,787.3,783.7,787.3,4.8,64.0,11.8,3.0,41.0,0.75,14.1,4.2,LANE_A,20000.0,-22.0,83.6,CRUISE_LOITER,LADAKH,0,1.0
1788498586.791,5183.6,2133.2,72.0,85.1,87.7,84.9,86.9,781.4,787.4,780.8,785.9,4.78,63.7,12.0,3.0,41.2,0.74,14.09,4.1,LANE_A,20000.0,-22.0,83.5,CRUISE_LOITER,LADAKH,0,1.0
1788498587.309,5159.2,2123.1,72.0,85.4,87.7,84.6,87.0,781.2,789.4,784.6,786.2,4.83,64.1,12.0,3.0,41.3,0.71,14.06,4.1,LANE_A,20000.0,-22.0,83.5,CRUISE_LOITER,LADAKH,0,1.0
1788498587.822,5206.7,2142.7,72.0,85.0,87.7,84.6,87.3,783.4,788.9,784.2,786.7,4.81,63.7,11.9,3.0,40.9,0.71,14.08,4.0,LANE_A,20000.0,-22.0,83.5,CRUISE_LOITER,LADAKH,0,1.0
1788498588.333,5175.7,2129.9,72.0,85.3,87.9,84.5,87.2,781.8,786.8,783.5,788.1,4.81,64.0,11.8,3.0,41.0,0.73,14.09,4.0,LANE_A,20000.0,-22.0,83.5,CRUISE_LOITER,LADAKH,0,1.0
1788498588.849,5203.6,2141.4,72.0,85.2,87.3,84.6,86.8,782.7,784.5,783.9,784.9,4.87,64.2,12.0,3.0,41.1,0.74,14.1,4.1,LANE_A,20000.0,-22.0,83.4,CRUISE_LOITER,LADAKH,0,1.0
1788498589.362,5179.8,2131.6,72.0,85.2,88.0,84.6,87.6,783.5,786.6,783.4,787.1,4.83,64.0,11.8,3.0,41.2,0.71,14.06,4.2,LANE_A,20000.0,-22.0,83.4,CRUISE_LOITER,LADAKH,0,1.0
1788498589.89,5187.8,2134.9,72.0,85.2,88.0,84.9,87.3,782.5,787.5,783.4,784.5,4.8,64.0,11.9,3.0,41.0,0.73,14.1,4.0,LANE_A,20000.0,-22.0,83.4,CRUISE_LOITER,LADAKH,0,1.0
1788498590.413,5201.7,2140.6,72.0,85.1,88.2,84.6,87.2,783.3,786.0,782.4,784.9,4.83,64.0,12.0,3.0,40.9,0.72,14.1,4.0,LANE_A,20000.0,-22.0,83.4,CRUISE_LOITER,LADAKH,0,1.0
1788498590.924,5180.9,2132.1,72.0,85.4,87.7,84.7,87.4,779.5,786.6,783.0,785.0,4.82,63.9,12.0,3.0,41.1,0.73,14.1,4.2,LANE_A,20000.0,-22.0,83.4,CRUISE_LOITER,LADAKH,0,1.0
1788498591.435,5184.3,2133.5,72.0,85.3,87.7,84.8,86.9,781.6,788.7,783.7,787.7,4.77,63.8,11.9,3.0,41.2,0.74,14.09,4.2,LANE_A,20000.0,-22.0,83.3,CRUISE_LOITER,LADAKH,0,1.0
1788498591.97,5195.4,2138.0,72.0,85.2,87.4,85.0,87.4,782.4,786.4,784.2,787.5,4.83,63.8,11.9,3.0,41.0,0.73,14.1,4.2,LANE_A,20000.0,-22.0,83.3,CRUISE_LOITER,LADAKH,0,1.0
1788498592.486,5222.6,2149.2,72.0,85.2,87.9,84.8,87.0,782.9,786.9,783.6,788.0,4.87,63.8,11.8,3.0,40.9,0.74,14.08,4.3,LANE_A,20000.0,-22.0,83.3,CRUISE_LOITER,LADAKH,0,1.0
1788498593.013,5181.3,2132.2,72.0,85.6,87.6,85.3,87.3,781.0,786.1,783.4,786.2,4.82,64.0,11.8,3.0,41.3,0.73,14.06,4.2,LANE_A,20000.0,-22.0,83.3,CRUISE_LOITER,LADAKH,0,1.0
1788498593.529,5192.4,2136.8,72.0,85.3,88.2,85.1,87.7,780.3,787.9,785.6,787.0,4.82,64.3,12.0,3.0,41.0,0.72,14.05,4.0,LANE_A,20000.0,-22.0,83.3,CRUISE_LOITER,LADAKH,0,1.0
1788498594.044,5167.3,2126.5,72.0,85.8,87.9,84.8,87.3,782.9,787.2,782.3,788.6,4.77,64.3,12.0,3.0,41.3,0.74,14.08,4.2,LANE_A,20000.0,-22.0,83.3,CRUISE_LOITER,LADAKH,0,1.0
1788498594.566,5184.2,2133.4,72.0,85.5,87.9,85.0,87.9,780.3,785.2,783.3,786.0,4.8,64.2,11.8,3.0,41.1,0.74,14.11,4.1,LANE_A,20000.0,-22.0,83.2,CRUISE_LOITER,LADAKH,0,1.0
1788498595.645,5206.1,2142.4,72.0,85.5,88.1,85.5,87.5,779.7,786.8,785.1,786.2,4.84,64.1,12.0,3.0,41.2,0.73,14.11,4.1,LANE_A,20000.0,-22.0,83.2,CRUISE_LOITER,LADAKH,0,1.0
1788498596.16,5186.3,2134.3,72.0,85.7,88.1,85.1,87.8,781.5,786.3,781.4,786.6,4.8,64.3,11.9,3.0,41.1,0.75,14.09,4.1,LANE_A,20000.0,-22.0,83.2,CRUISE_LOITER,LADAKH,0,1.0
1788498596.68,5202.5,2140.9,72.0,85.6,88.5,85.0,87.3,782.1,786.1,783.8,788.6,4.79,64.4,12.0,3.0,41.2,0.72,14.09,4.2,LANE_A,20000.0,-22.0,83.2,CRUISE_LOITER,LADAKH,0,1.0
1788498597.182,5201.2,2140.4,72.0,85.5,88.6,84.8,87.3,781.7,788.3,785.6,788.1,4.82,64.5,12.1,3.0,41.0,0.74,14.08,4.1,LANE_A,20000.0,-22.0,83.2,CRUISE_LOITER,LADAKH,0,1.0
1788498597.707,5185.4,2133.9,72.0,85.5,88.4,84.9,88.0,782.1,787.8,784.0,784.1,4.83,64.5,11.9,3.0,41.2,0.74,14.1,4.1,LANE_A,20000.0,-22.0,83.2,CRUISE_LOITER,LADAKH,0,1.0
1788498598.212,5197.0,2138.7,72.0,85.3,87.9,85.5,87.9,782.2,787.8,784.7,787.5,4.82,64.3,11.9,3.0,41.2,0.72,14.08,4.0,LANE_A,20000.0,-22.0,83.2,CRUISE_LOITER,LADAKH,0,1.0
1788498598.73,5182.1,2132.6,72.0,86.0,88.2,85.2,87.5,780.1,787.0,783.4,787.1,4.86,64.3,12.2,3.0,41.3,0.7,14.11,4.0,LANE_A,20000.0,-22.0,83.2,CRUISE_LOITER,LADAKH,0,1.0
1788498599.241,5170.0,2127.6,72.0,85.5,88.1,85.2,87.3,781.4,786.8,781.3,789.5,4.77,64.4,11.9,3.0,41.0,0.71,14.11,4.0,LANE_A,20000.0,-22.0,83.1,CRUISE_LOITER,LADAKH,0,1.0
1788498599.767,5192.3,2136.7,72.0,85.8,88.4,85.3,87.6,783.6,788.0,782.7,785.5,4.79,64.0,11.9,3.0,41.3,0.72,14.07,4.0,LANE_A,20000.0,-22.0,83.1,CRUISE_LOITER,LADAKH,0,1.0
1788498600.283,5198.2,2139.2,72.0,85.5,88.4,85.0,87.8,780.1,786.7,784.3,785.7,4.81,64.6,11.9,3.0,41.5,0.73,14.06,4.2,LANE_A,20000.0,-22.0,83.1,CRUISE_LOITER,LADAKH,0,1.0
1788498600.799,5188.8,2135.3,72.0,85.7,88.1,85.5,87.5,783.5,786.5,784.4,785.3,4.79,64.4,12.0,3.0,41.2,0.72,14.06,4.1,LANE_A,20000.0,-22.0,83.1,CRUISE_LOITER,LADAKH,0,1.0
1788498601.314,5164.6,2125.3,72.0,85.7,88.5,85.3,87.7,780.4,785.6,784.9,786.6,4.86,64.5,11.9,3.0,41.3,0.74,14.1,3.9,LANE_A,20000.0,-22.0,83.1,CRUISE_LOITER,LADAKH,0,1.0
1788498601.827,5191.3,2136.3,72.0,86.2,88.4,85.4,88.0,780.9,788.0,785.5,786.0,4.88,64.4,12.0,3.0,41.1,0.73,14.1,4.0,LANE_A,20000.0,-22.0,83.1,CRUISE_LOITER,LADAKH,0,1.0
1788498602.34,5205.4,2142.1,72.0,86.0,88.3,85.2,87.7,781.9,787.3,784.5,786.3,4.84,64.2,11.9,3.0,41.4,0.72,14.09,4.1,LANE_A,20000.0,-22.0,83.1,CRUISE_LOITER,LADAKH,0,1.0
1788498602.859,5176.4,2130.2,72.0,85.8,88.4,85.3,87.8,782.0,785.6,782.9,787.9,4.77,64.3,11.9,3.0,41.2,0.74,14.09,4.1,LANE_A,20000.0,-22.0,83.1,CRUISE_LOITER,LADAKH,0,1.0
1788498603.379,5190.7,2136.1,72.0,85.8,88.6,85.5,87.9,781.6,786.8,784.8,785.8,4.8,64.4,11.9,3.0,41.1,0.73,14.09,4.3,LANE_A,20000.0,-22.0,83.1,CRUISE_LOITER,LADAKH,0,1.0
1788498603.904,5165.1,2125.6,72.0,85.9,88.4,85.4,88.0,781.8,786.9,784.5,786.3,4.82,64.7,12.0,3.0,41.4,0.75,14.08,4.0,LANE_A,20000.0,-22.0,83.1,CRUISE_LOITER,LADAKH,0,1.0
1788498604.419,5189.0,2135.4,72.0,85.9,88.5,85.2,87.9,782.8,788.0,784.5,787.5,4.83,64.5,11.9,3.0,41.5,0.74,14.1,4.1,LANE_A,20000.0,-22.0,83.0,CRUISE_LOITER,LADAKH,0,1.0
1788498604.935,5182.9,2132.9,72.0,85.7,88.6,85.7,88.0,780.8,785.4,785.8,786.1,4.84,64.7,11.9,3.0,41.5,0.73,14.08,4.1,LANE_A,20000.0,-22.0,83.0,CRUISE_LOITER,LADAKH,0,1.0
1788498605.452,5167.1,2126.4,72.0,85.8,88.3,85.5,88.0,781.5,787.5,782.2,786.6,4.84,64.3,12.0,3.0,41.4,0.72,14.12,3.9,LANE_A,20000.0,-22.0,83.0,CRUISE_LOITER,LADAKH,0,1.0
1788498605.969,5202.5,2140.9,72.0,85.9,88.7,85.1,88.0,781.2,787.2,784.3,786.0,4.82,64.7,11.9,3.0,41.2,0.72,14.12,3.9,LANE_A,20000.0,-22.0,83.0,CRUISE_LOITER,LADAKH,0,1.0
1788498606.486,5205.1,2142.0,72.0,86.1,88.8,85.4,88.0,781.1,786.8,783.8,784.8,4.82,64.7,12.0,3.0,41.6,0.74,14.13,4.2,LANE_A,20000.0,-22.0,83.0,CRUISE_LOITER,LADAKH,0,1.0
1788498606.995,5166.1,2126.0,72.0,85.9,88.8,85.6,88.0,781.0,786.4,783.3,785.5,4.77,64.5,12.0,3.0,41.6,0.73,14.12,4.2,LANE_A,20000.0,-22.0,83.0,CRUISE_LOITER,LADAKH,0,1.0
1788498607.518,5211.1,2144.5,72.0,86.3,88.6,85.7,88.1,781.3,787.0,784.0,785.9,4.8,64.9,12.0,3.0,41.5,0.74,14.08,4.2,LANE_A,20000.0,-22.0,83.0,CRUISE_LOITER,LADAKH,0,1.0
1788498608.03,5180.9,2132.1,72.0,86.1,88.6,85.6,88.1,780.6,785.2,786.0,785.2,4.83,64.6,12.0,3.0,41.5,0.72,14.09,4.1,LANE_A,20000.0,-22.0,83.0,CRUISE_LOITER,LADAKH,0,1.0
1788498608.55,5187.0,2134.6,72.0,86.0,88.5,85.3,88.3,782.4,787.3,784.3,789.8,4.8,64.8,12.2,3.0,41.5,0.72,14.1,4.0,LANE_A,20000.0,-22.0,83.0,CRUISE_LOITER,LADAKH,0,1.0
1788498609.067,5182.0,2132.5,72.0,85.9,88.6,85.8,87.8,782.4,784.2,781.8,785.3,4.77,65.0,12.0,3.0,41.4,0.72,14.08,3.9,LANE_A,20000.0,-22.0,83.0,CRUISE_LOITER,LADAKH,0,1.0
1788498609.573,5209.3,2143.7,72.0,86.0,89.1,85.7,88.3,780.0,785.8,783.5,785.0,4.8,64.8,11.8,3.0,41.4,0.72,14.09,4.0,LANE_A,20000.0,-22.0,83.0,CRUISE_LOITER,LADAKH,0,1.0
1788498610.101,5179.1,2131.3,72.0,86.1,88.4,85.8,88.3,781.9,787.1,784.9,788.1,4.82,64.8,12.1,3.0,41.6,0.73,14.11,4.1,LANE_A,20000.0,-22.0,83.0,CRUISE_LOITER,LADAKH,0,1.0
1788498610.62,5162.0,2124.3,72.0,86.1,88.7,85.6,88.3,781.2,786.4,783.2,785.9,4.83,64.8,12.2,3.0,41.4,0.72,14.11,4.0,LANE_A,20000.0,-22.0,83.0,CRUISE_LOITER,LADAKH,0,1.0
1788498611.126,5182.8,2132.8,72.0,86.2,88.8,85.6,88.1,782.0,786.0,782.2,789.0,4.79,64.7,12.1,3.0,41.8,0.73,14.13,4.1,LANE_A,20000.0,-22.0,83.0,CRUISE_LOITER,LADAKH,0,1.0
1788498611.648,5177.1,2130.5,72.0,86.1,88.7,85.5,88.2,782.7,787.0,783.2,785.5,4.81,64.9,12.1,3.0,41.5,0.71,14.07,3.9,LANE_A,20000.0,-22.0,83.0,CRUISE_LOITER,LADAKH,0,1.0
1788498612.175,5218.8,2147.7,72.0,86.1,88.3,85.5,88.3,782.9,787.8,784.2,786.1,4.82,64.9,11.9,3.0,41.6,0.75,14.11,4.1,LANE_A,20000.0,-22.0,83.0,CRUISE_LOITER,LADAKH,0,1.0
1788498612.688,5165.2,2125.6,72.0,86.3,89.0,85.7,88.0,784.3,789.2,780.8,786.3,4.79,64.7,12.0,3.0,41.5,0.72,14.04,4.0,LANE_A,20000.0,-22.0,83.0,CRUISE_LOITER,LADAKH,0,1.0
1788498613.206,5155.0,2121.4,72.0,86.3,88.8,85.7,88.3,781.6,787.4,785.4,786.4,4.86,64.8,12.1,3.0,41.9,0.69,14.1,4.1,LANE_A,20000.0,-22.0,83.0,CRUISE_LOITER,LADAKH,0,1.0
1788498613.725,5179.8,2131.6,72.0,86.5,88.8,85.5,87.9,780.5,786.5,781.6,786.4,4.83,65.0,12.1,3.0,41.4,0.71,14.09,4.1,LANE_A,20000.0,-22.0,83.0,CRUISE_LOITER,LADAKH,0,1.0
1788498614.245,5178.9,2131.2,72.0,86.2,88.8,85.5,88.4,781.7,785.0,783.7,785.3,4.77,64.8,12.1,3.0,41.8,0.73,14.07,4.1,LANE_A,20000.0,-22.0,83.0,CRUISE_LOITER,LADAKH,0,1.0
1788498614.767,5208.4,2143.4,72.0,86.0,88.9,85.6,88.1,781.1,785.7,784.6,786.7,4.78,64.7,12.0,3.0,41.6,0.72,14.08,4.1,LANE_A,20000.0,-22.0,83.0,CRUISE_LOITER,LADAKH,0,1.0
1788498615.833,5195.2,2137.9,72.0,86.3,88.7,85.5,88.2,779.5,788.0,785.0,784.8,4.82,64.8,11.9,3.0,41.5,0.75,14.09,4.1,LANE_A,20000.0,-22.0,83.0,CRUISE_LOITER,LADAKH,0,1.0
1788498616.356,5173.1,2128.9,72.0,86.6,88.8,85.7,88.3,784.3,788.6,782.1,788.0,4.82,64.9,11.9,3.0,41.6,0.71,14.07,4.0,LANE_A,20000.0,-22.0,83.0,CRUISE_LOITER,LADAKH,0,1.0
1788498616.861,5185.5,2134.0,72.0,86.3,88.7,85.7,88.3,782.6,786.5,783.0,788.1,4.83,65.0,12.2,3.0,41.9,0.71,14.08,4.0,LANE_A,20000.0,-22.0,83.0,CRUISE_LOITER,LADAKH,0,1.0
1788498617.383,5169.3,2127.3,72.0,86.5,88.7,85.7,88.4,780.6,787.2,784.4,787.8,4.78,65.1,12.1,3.0,41.7,0.75,14.05,4.2,LANE_A,20000.0,-22.0,83.0,CRUISE_LOITER,LADAKH,0,1.0
1788498617.902,5185.8,2134.1,72.0,86.1,88.8,86.2,88.4,782.4,786.8,784.2,786.6,4.78,64.9,12.2,3.0,41.9,0.72,14.15,4.1,LANE_A,20000.0,-22.0,83.0,CRUISE_LOITER,LADAKH,0,1.0
1788498618.421,5180.3,2131.8,72.0,86.3,88.9,85.9,88.3,780.8,786.9,783.6,787.1,4.8,65.0,12.0,3.0,41.8,0.73,14.1,3.9,LANE_A,20000.0,-22.0,83.0,CRUISE_LOITER,LADAKH,0,1.0
1788498618.94,5174.3,2129.4,72.0,86.6,89.1,86.1,88.6,782.9,785.4,782.3,785.7,4.78,65.3,12.1,3.0,42.0,0.71,14.15,4.2,LANE_A,20000.0,-22.0,83.0,CRUISE_LOITER,LADAKH,0,1.0
1788498619.445,5176.9,2130.4,72.0,86.2,89.3,86.0,88.6,781.7,787.2,784.2,786.9,4.8,65.3,12.2,3.0,41.7,0.7,14.12,4.2,LANE_A,20000.0,-22.0,83.1,CRUISE_LOITER,LADAKH,0,1.0
1788498619.959,5205.8,2142.3,72.0,86.6,88.9,86.1,88.3,782.0,787.3,782.4,787.7,4.85,65.1,12.1,3.0,41.7,0.74,14.12,4.2,LANE_A,20000.0,-22.0,83.1,CRUISE_LOITER,LADAKH,0,1.0
1788498620.462,5193.2,2137.1,72.0,86.4,89.1,86.2,88.5,781.1,785.4,781.6,787.7,4.77,65.4,12.0,3.0,41.7,0.75,14.09,4.1,LANE_A,20000.0,-22.0,83.1,CRUISE_LOITER,LADAKH,0,1.0
1788498620.982,5198.1,2139.1,72.0,86.9,88.9,86.0,88.7,782.1,787.7,784.7,787.1,4.79,64.9,12.2,3.0,41.7,0.72,14.1,4.4,LANE_A,20000.0,-22.0,83.1,CRUISE_LOITER,LADAKH,0,1.0
1788498621.492,5176.6,2130.3,72.0,86.6,88.8,85.9,88.8,779.3,785.8,783.4,786.2,4.8,65.2,11.9,3.0,41.7,0.74,14.1,4.2,LANE_A,20000.0,-22.0,83.1,CRUISE_LOITER,LADAKH,0,1.0
1788498622.019,5174.5,2129.4,72.0,86.1,88.9,85.9,88.3,782.4,784.8,782.2,787.0,4.82,65.3,12.0,3.0,42.0,0.7,14.07,4.2,LANE_A,20000.0,-22.0,83.1,CRUISE_LOITER,LADAKH,0,1.0
1788498622.534,5167.6,2126.6,72.0,86.8,89.2,85.8,88.7,781.0,787.1,784.8,787.9,4.83,65.4,12.1,3.0,41.8,0.72,14.12,4.2,LANE_A,20000.0,-22.0,83.1,CRUISE_LOITER,LADAKH,0,1.0
1788498623.052,5211.7,2144.7,72.0,86.5,88.9,85.7,88.5,781.4,784.3,784.6,785.8,4.83,65.0,12.2,3.0,41.9,0.72,14.09,4.0,LANE_A,20000.0,-22.0,83.1,CRUISE_LOITER,LADAKH,0,1.0
1788498623.578,5183.1,2133.0,72.0,86.6,89.1,86.0,88.5,781.5,786.3,783.5,785.0,4.79,65.3,12.0,3.0,42.1,0.75,14.11,4.0,LANE_A,20000.0,-22.0,83.1,CRUISE_LOITER,LADAKH,0,1.0
1788498624.091,5175.2,2129.7,72.0,86.4,89.2,86.3,88.7,781.3,787.3,784.2,787.9,4.78,65.1,12.0,3.0,41.9,0.71,14.11,4.1,LANE_A,20000.0,-22.0,83.1,CRUISE_LOITER,LADAKH,0,1.0
1788498624.606,5171.8,2128.3,72.0,86.7,89.0,86.0,88.8,781.9,785.0,784.7,786.1,4.81,65.3,12.1,3.0,41.8,0.74,14.07,4.0,LANE_A,20000.0,-22.0,83.1,CRUISE_LOITER,LADAKH,0,1.0
1788498625.124,5166.6,2126.2,72.0,86.7,89.0,86.3,88.7,780.7,787.2,784.1,787.2,4.79,65.3,12.0,3.0,41.7,0.73,14.1,4.2,LANE_A,20000.0,-22.0,83.2,CRUISE_LOITER,LADAKH,0,1.0
1788498625.638,5192.7,2136.9,72.0,86.4,89.0,86.0,88.9,783.4,784.4,785.9,787.9,4.8,65.3,12.2,3.0,41.8,0.73,14.12,4.0,LANE_A,20000.0,-22.0,83.2,CRUISE_LOITER,LADAKH,0,1.0
1788498626.147,5185.0,2133.7,72.0,86.5,89.2,86.2,88.3,781.1,787.2,781.4,785.9,4.79,65.5,12.1,3.0,41.9,0.72,14.1,3.9,LANE_A,20000.0,-22.0,83.2,CRUISE_LOITER,LADAKH,0,1.0
1788498626.675,5184.6,2133.6,72.0,86.6,89.2,86.5,88.7,779.6,784.5,782.0,787.9,4.86,65.4,12.1,3.0,42.0,0.72,14.1,4.2,LANE_A,20000.0,-22.0,83.2,CRUISE_LOITER,LADAKH,0,1.0
1788498627.19,5177.3,2130.6,72.0,86.7,89.2,86.1,88.4,780.6,786.0,781.4,786.2,4.8,65.4,12.2,3.0,42.1,0.73,14.12,4.0,LANE_A,20000.0,-22.0,83.2,CRUISE_LOITER,LADAKH,0,1.0
1788498627.719,5175.1,2129.7,72.0,86.8,89.4,86.0,88.6,780.7,787.9,783.1,786.9,4.83,65.4,12.2,3.0,42.1,0.71,14.11,4.1,LANE_A,20000.0,-22.0,83.2,CRUISE_LOITER,LADAKH,0,1.0
1788498628.234,5161.7,2124.1,72.0,86.7,89.1,86.2,88.7,783.8,787.7,783.5,784.3,4.81,65.4,12.1,3.0,41.8,0.73,14.11,4.2,LANE_A,20000.0,-22.0,83.2,CRUISE_LOITER,LADAKH,0,1.0
1788498628.746,5196.7,2138.5,72.0,87.0,89.4,86.2,88.9,781.1,788.1,783.0,786.9,4.84,65.2,12.0,3.0,42.1,0.71,14.11,4.2,LANE_A,20000.0,-22.0,83.3,CRUISE_LOITER,LADAKH,0,1.0
1788498629.258,5158.6,2122.9,72.0,86.8,89.0,86.3,88.4,782.2,787.2,782.5,785.7,4.8,65.3,12.1,3.0,42.1,0.72,14.11,4.0,LANE_A,20000.0,-22.0,83.3,CRUISE_LOITER,LADAKH,0,1.0
1788498629.769,5165.1,2125.6,72.0,86.9,89.2,86.2,89.0,781.7,785.1,784.6,786.1,4.84,65.6,12.1,3.0,42.0,0.74,14.09,4.0,LANE_A,20000.0,-22.0,83.3,CRUISE_LOITER,LADAKH,0,1.0
1788498630.282,5175.8,2130.0,72.0,86.9,89.3,86.0,88.9,782.1,784.9,784.2,787.2,4.82,65.3,12.1,3.0,42.1,0.76,14.06,4.0,LANE_A,20000.0,-22.0,83.3,CRUISE_LOITER,LADAKH,0,1.0
1788498630.805,5179.4,2131.4,72.0,86.7,89.2,86.4,88.6,780.9,786.3,783.0,786.9,4.82,65.6,12.0,3.0,42.0,0.7,14.11,4.0,LANE_A,20000.0,-22.0,83.3,CRUISE_LOITER,LADAKH,0,1.0
1788498631.323,5187.5,2134.8,72.0,87.0,88.9,86.1,88.9,783.0,787.8,783.8,784.3,4.81,65.3,12.3,3.0,42.0,0.72,14.1,4.1,LANE_A,20000.0,-22.0,83.3,CRUISE_LOITER,LADAKH,0,1.0
1788498631.838,5169.8,2127.5,72.0,86.8,89.4,86.3,88.9,783.1,786.5,781.0,785.3,4.8,65.5,12.2,3.0,41.9,0.75,14.07,4.1,LANE_A,20000.0,-22.0,83.4,CRUISE_LOITER,LADAKH,0,1.0
1788498632.35,5188.3,2135.1,72.0,86.8,89.2,86.5,88.9,782.4,787.8,782.8,788.2,4.82,65.3,12.2,3.0,41.9,0.74,14.1,4.3,LANE_A,20000.0,-22.0,83.4,CRUISE_LOITER,LADAKH,0,1.0
1788498632.864,5187.4,2134.7,72.0,87.1,89.2,86.4,88.8,781.9,786.2,783.4,787.9,4.82,65.7,12.2,3.0,41.9,0.72,14.09,4.0,LANE_A,20000.0,-22.0,83.4,CRUISE_LOITER,LADAKH,0,1.0
1788498633.374,5186.1,2134.2,72.0,86.9,89.4,86.5,88.9,779.0,788.6,783.4,787.0,4.77,65.3,12.2,3.0,42.1,0.73,14.11,4.1,LANE_A,20000.0,-22.0,83.4,CRUISE_LOITER,LADAKH,0,1.0
1788498633.878,5174.5,2129.4,72.0,87.0,89.3,86.4,88.9,781.4,786.0,783.2,786.3,4.78,65.5,12.1,3.0,42.0,0.74,14.13,4.0,LANE_A,20000.0,-22.0,83.4,CRUISE_LOITER,LADAKH,0,1.0
1788498634.412,5173.8,2129.2,72.0,86.7,89.5,86.8,88.8,783.5,785.6,783.3,785.0,4.79,65.6,12.2,3.0,42.0,0.73,14.08,4.0,LANE_A,20000.0,-22.0,83.5,CRUISE_LOITER,LADAKH,0,1.0
1788498635.464,5173.9,2129.2,72.0,86.9,89.3,86.4,88.8,780.7,787.7,782.9,786.7,4.79,65.5,12.2,3.0,42.0,0.72,14.07,4.1,LANE_A,20000.0,-22.0,83.5,CRUISE_LOITER,LADAKH,0,1.0
1788498635.983,5189.0,2135.4,72.0,86.8,89.4,86.3,89.2,782.5,785.8,782.3,786.6,4.81,65.7,12.4,3.0,42.1,0.74,14.08,4.0,LANE_A,20000.0,-22.0,83.5,CRUISE_LOITER,LADAKH,0,1.0
1788498636.503,5210.4,2144.2,72.0,87.0,89.6,86.3,89.3,781.8,785.6,784.3,789.5,4.78,65.6,12.4,3.0,42.1,0.73,14.11,4.2,LANE_A,20000.0,-22.0,83.5,CRUISE_LOITER,LADAKH,0,1.0
1788498637.012,5181.4,2132.3,72.0,87.0,89.4,86.3,88.8,782.3,787.5,785.2,783.8,4.89,65.9,12.1,3.0,42.2,0.72,14.1,4.0,LANE_A,20000.0,-22.0,83.6,CRUISE_LOITER,LADAKH,0,1.0
1788498637.537,5154.2,2121.1,72.0,87.1,89.5,86.0,88.6,782.3,786.7,782.4,787.1,4.82,65.6,12.2,3.0,42.1,0.73,14.07,4.2,LANE_A,20000.0,-22.0,83.6,CRUISE_LOITER,LADAKH,0,1.0
1788498638.051,5180.6,2131.9,72.0,87.0,89.6,86.3,89.0,782.4,785.4,784.1,786.6,4.78,65.5,12.2,3.0,42.3,0.72,14.13,4.3,LANE_A,20000.0,-22.0,83.6,CRUISE_LOITER,LADAKH,0,1.0
1788498638.572,5185.6,2134.0,72.0,87.5,89.7,86.2,88.8,783.1,784.6,783.5,785.8,4.74,65.8,12.2,3.0,42.1,0.72,14.09,3.9,LANE_A,20000.0,-22.0,83.6,CRUISE_LOITER,LADAKH,0,1.0
1788498639.084,5197.5,2138.9,72.0,86.7,89.5,86.7,89.0,780.0,785.6,781.5,785.3,4.79,65.7,12.3,3.0,42.2,0.7,14.13,4.0,LANE_A,20000.0,-22.0,83.6,CRUISE_LOITER,LADAKH,0,1.0
1788498639.597,5165.5,2125.7,72.0,86.8,89.9,86.8,89.0,780.5,787.0,783.8,787.9,4.8,65.7,12.1,3.0,42.3,0.71,14.11,4.1,LANE_A,20000.0,-22.0,83.7,CRUISE_LOITER,LADAKH,0,1.0
1788498640.101,5166.2,2126.0,72.0,87.1,89.6,86.5,89.5,782.4,787.1,783.7,787.0,4.76,65.5,12.2,3.0,42.1,0.74,14.08,4.1,LANE_A,20000.0,-22.0,83.7,CRUISE_LOITER,LADAKH,0,1.0
1788498640.62,5182.7,2132.8,72.0,86.9,90.0,86.3,89.3,779.5,786.4,783.6,784.6,4.79,65.5,12.3,3.0,42.3,0.72,14.08,4.1,LANE_A,20000.0,-22.0,83.7,CRUISE_LOITER,LADAKH,0,1.0
1788498641.139,5181.5,2132.3,72.0,87.3,89.8,86.7,89.2,782.6,787.9,783.1,787.4,4.81,65.5,12.3,3.0,42.2,0.72,14.1,4.1,LANE_A,20000.0,-22.0,83.7,CRUISE_LOITER,LADAKH,0,1.0
1788498641.643,5190.8,2136.1,72.0,86.7,89.5,86.7,88.6,782.0,788.1,782.7,786.6,4.77,65.8,12.2,3.0,42.3,0.69,14.12,4.0,LANE_A,20000.0,-22.0,83.8,CRUISE_LOITER,LADAKH,0,1.0
1788498642.162,5189.0,2135.4,72.0,86.6,89.7,86.4,89.0,784.0,787.1,786.1,787.0,4.82,65.7,12.3,3.0,42.6,0.73,14.09,4.3,LANE_A,20000.0,-22.0,83.8,CRUISE_LOITER,LADAKH,0,1.0
1788498642.675,5177.8,2130.8,72.0,87.0,89.6,86.9,89.2,782.7,787.4,782.8,784.9,4.79,65.7,12.2,3.0,42.5,0.76,14.11,4.0,LANE_A,20000.0,-22.0,83.8,CRUISE_LOITER,LADAKH,0,1.0
1788498643.196,5166.8,2126.3,72.0,87.1,89.5,86.6,89.0,782.0,786.1,783.8,784.6,4.78,65.6,12.2,3.0,42.4,0.7,14.08,4.1,LANE_A,20000.0,-22.0,83.9,CRUISE_LOITER,LADAKH,0,1.0
1788498643.701,5161.4,2124.0,72.0,87.1,89.2,86.6,89.3,780.1,784.4,785.8,785.5,4.78,65.6,12.3,3.0,42.5,0.74,14.08,4.2,LANE_A,20000.0,-22.0,83.9,CRUISE_LOITER,LADAKH,0,1.0
1788498644.219,5163.0,2124.7,72.0,86.8,89.4,86.7,89.1,782.9,784.6,783.7,786.8,4.77,65.9,12.3,3.0,42.5,0.72,14.11,4.0,LANE_A,20000.0,-22.0,83.9,CRUISE_LOITER,LADAKH,0,1.0
1788498644.728,5162.0,2124.3,72.0,87.1,89.7,86.2,89.0,779.6,786.0,784.0,786.9,4.83,65.7,12.3,3.0,42.2,0.71,14.11,4.0,LANE_A,20000.0,-22.0,83.9,CRUISE_LOITER,LADAKH,0,1.0
1788498645.24,5156.7,2122.1,72.0,87.4,89.9,86.8,89.2,780.5,784.6,781.0,786.3,4.8,65.8,12.4,3.0,42.5,0.74,14.1,4.0,LANE_A,20000.0,-22.0,84.0,CRUISE_LOITER,LADAKH,0,1.0
1788498645.765,5156.6,2122.0,72.0,87.4,89.8,86.5,89.3,780.5,787.4,783.8,786.8,4.74,65.7,12.2,3.0,42.4,0.73,14.1,4.0,LANE_A,20000.0,-22.0,84.0,CRUISE_LOITER,LADAKH,0,1.0
1788498646.278,5172.1,2128.4,72.0,87.3,89.9,86.3,88.6,781.7,788.0,782.8,785.9,4.78,65.8,12.3,3.0,42.5,0.73,14.09,4.1,LANE_A,20000.0,-22.0,84.0,CRUISE_LOITER,LADAKH,0,1.0
1788498646.806,5189.1,2135.4,72.0,87.4,89.7,86.8,89.5,778.9,786.1,783.4,786.3,4.81,66.0,12.3,3.0,42.4,0.74,14.09,4.0,LANE_A,20000.0,-22.0,84.1,CRUISE_LOITER,LADAKH,0,1.0
1788498647.321,5168.8,2127.1,72.0,87.3,89.8,86.7,89.2,781.8,785.9,783.8,784.9,4.82,65.7,12.3,3.0,42.5,0.71,14.1,4.0,LANE_A,20000.0,-22.0,84.1,CRUISE_LOITER,LADAKH,0,1.0
1788498647.829,5189.2,2135.5,72.0,87.1,89.7,86.8,89.5,780.8,787.1,784.5,784.4,4.83,65.9,12.3,3.0,42.4,0.7,14.08,4.1,LANE_A,20000.0,-22.0,84.1,CRUISE_LOITER,LADAKH,0,1.0
1788498648.347,5172.4,2128.6,72.0,87.0,89.8,86.8,89.4,782.7,785.6,782.2,785.9,4.86,65.8,12.4,3.0,42.4,0.76,14.08,4.1,LANE_A,20000.0,-22.0,84.2,CRUISE_LOITER,LADAKH,0,1.0
1788498648.857,5160.0,2123.5,72.0,87.0,89.7,86.7,89.3,778.7,788.7,784.6,785.7,4.81,65.9,12.3,3.0,42.3,0.7,14.12,4.0,LANE_A,20000.0,-22.0,84.2,CRUISE_LOITER,LADAKH,0,1.0
1788498649.373,5166.2,2126.0,72.0,87.5,89.8,86.8,89.1,781.8,784.5,782.9,785.0,4.82,66.1,12.3,3.0,42.3,0.74,14.1,3.8,LANE_A,20000.0,-22.0,84.2,CRUISE_LOITER,LADAKH,0,1.0
1788498649.876,5165.2,2125.6,72.0,87.2,89.6,86.6,89.3,782.2,788.0,782.9,786.2,4.77,65.8,12.3,3.0,42.4,0.73,14.12,3.9,LANE_A,20000.0,-22.0,84.3,CRUISE_LOITER,LADAKH,0,1.0
1788498650.394,5175.2,2129.7,72.0,87.2,89.9,87.0,89.2,782.5,786.4,784.9,787.5,4.82,65.7,12.3,3.0,42.6,0.7,14.08,4.2,LANE_A,20000.0,-22.0,84.3,CRUISE_LOITER,LADAKH,0,1.0
1788498650.927,5177.6,2130.7,72.0,87.3,89.7,86.7,89.1,780.3,787.5,783.0,786.0,4.86,65.7,12.3,3.0,42.7,0.73,14.09,4.2,LANE_A,20000.0,-22.0,84.3,CRUISE_LOITER,LADAKH,0,1.0
1788498651.445,5163.0,2124.7,72.0,87.2,89.8,86.9,89.1,781.2,786.8,782.6,784.1,4.76,65.9,12.2,3.0,42.7,0.68,14.07,4.0,LANE_A,20000.0,-22.0,84.4,CRUISE_LOITER,LADAKH,0,1.0
1788498651.952,5161.3,2124.0,72.0,87.2,89.8,86.9,89.5,780.4,786.5,783.1,787.4,4.84,65.8,12.2,3.0,42.6,0.7,14.12,4.0,LANE_A,20000.0,-22.0,84.4,CRUISE_LOITER,LADAKH,0,1.0
1788498652.477,5175.5,2129.9,72.0,87.1,89.8,86.7,89.4,779.7,788.7,783.4,787.3,4.77,65.8,12.3,3.0,42.8,0.73,14.06,4.2,LANE_A,20000.0,-22.0,84.4,CRUISE_LOITER,LADAKH,0,1.0
1788498652.99,5174.3,2129.4,72.0,87.5,89.5,86.7,89.3,782.2,786.2,782.2,787.2,4.75,65.9,12.4,3.0,42.5,0.73,14.1,4.1,LANE_A,20000.0,-22.0,84.5,CRUISE_LOITER,LADAKH,0,1.0
1788498653.815,5157.8,2122.5,72.0,87.3,90.0,86.8,89.5,781.5,787.6,783.2,785.6,4.75,66.1,12.3,3.0,42.5,0.7,14.09,4.5,LANE_A,20000.0,-22.0,84.5,CRUISE_LOITER,LADAKH,0,1.0
1788498654.329,5171.1,2128.0,72.0,87.4,89.9,86.8,88.8,782.1,787.5,783.2,784.9,4.77,65.9,12.3,3.0,42.8,0.71,14.12,4.1,LANE_A,20000.0,-22.0,84.5,CRUISE_LOITER,LADAKH,0,1.0
1788498654.847,5149.6,2119.2,72.0,87.0,89.6,87.1,89.3,781.3,787.5,782.9,786.5,4.78,65.9,12.4,3.0,42.5,0.73,14.08,4.2,LANE_A,20000.0,-22.0,84.6,CRUISE_LOITER,LADAKH,0,1.0
1788498655.904,5160.1,2123.5,72.0,87.2,89.7,86.6,89.6,781.8,785.4,782.7,785.4,4.8,65.9,12.2,3.0,42.4,0.73,14.12,4.1,LANE_A,20000.0,-22.0,84.6,CRUISE_LOITER,LADAKH,0,1.0
1788498656.41,5154.8,2121.3,72.0,87.3,89.9,86.7,89.2,780.2,785.0,783.2,787.0,4.76,66.1,12.4,3.0,42.6,0.72,14.11,4.0,LANE_A,20000.0,-22.0,84.6,CRUISE_LOITER,LADAKH,0,1.0
1788498656.925,5164.4,2125.3,72.0,87.3,89.8,86.5,89.4,781.0,786.4,782.0,788.1,4.77,66.1,12.3,3.0,42.6,0.72,14.07,4.2,LANE_A,20000.0,-22.0,84.7,CRUISE_LOITER,LADAKH,0,1.0
1788498657.454,5188.5,2135.2,72.0,87.6,89.8,86.9,89.6,780.6,784.1,782.6,786.2,4.8,66.1,12.3,3.0,42.8,0.72,14.09,4.0,LANE_A,20000.0,-22.0,84.7,CRUISE_LOITER,LADAKH,0,1.0
1788498657.966,5173.8,2129.1,72.0,87.8,90.1,87.1,89.2,779.8,787.3,783.4,784.9,4.79,65.8,12.3,3.0,42.7,0.74,14.13,4.1,LANE_A,20000.0,-22.0,84.8,CRUISE_LOITER,LADAKH,0,1.0
1788498658.482,5168.7,2127.0,72.0,87.3,89.9,87.0,89.5,780.2,787.1,785.0,786.9,4.88,66.1,12.3,3.0,42.8,0.7,14.11,4.0,LANE_A,20000.0,-22.0,84.8,CRUISE_LOITER,LADAKH,0,1.0
1788498658.992,5164.6,2125.3,72.0,87.6,89.5,86.8,89.4,783.3,785.3,783.5,788.0,4.78,66.0,12.3,3.0,42.9,0.72,14.09,4.0,LANE_A,20000.0,-22.0,84.8,CRUISE_LOITER,LADAKH,0,1.0
1788498659.508,5187.5,2134.8,72.0,87.3,89.9,87.0,89.4,782.3,787.0,782.5,787.1,4.8,66.2,12.2,3.0,42.6,0.69,14.11,4.1,LANE_A,20000.0,-22.0,84.9,CRUISE_LOITER,LADAKH,0,1.0
1788498660.028,5159.1,2123.1,72.0,87.7,89.9,86.9,89.5,778.8,786.0,781.6,788.3,4.83,65.8,12.4,3.0,42.8,0.71,14.13,4.0,LANE_A,20000.0,-22.0,84.9,CRUISE_LOITER,LADAKH,0,1.0
1788498660.541,5189.3,2135.5,72.0,87.3,90.0,87.0,89.3,781.2,784.7,781.5,786.5,4.8,66.2,12.4,3.0,42.8,0.75,14.1,4.2,LANE_A,20000.0,-22.0,84.9,CRUISE_LOITER,LADAKH,0,1.0
1788498661.044,5175.8,2130.0,72.0,87.4,90.2,86.8,89.4,780.7,787.2,781.2,786.1,4.79,66.0,12.3,3.0,42.8,0.72,14.11,4.2,LANE_A,20000.0,-22.0,85.0,CRUISE_LOITER,LADAKH,0,1.0
1788498661.548,5173.5,2129.0,72.0,87.7,90.0,87.1,89.0,781.6,785.2,783.2,786.0,4.79,66.0,12.4,3.0,42.6,0.71,14.1,4.1,LANE_A,20000.0,-22.0,85.0,CRUISE_LOITER,LADAKH,0,1.0
1788498662.074,5178.8,2131.2,72.0,87.5,89.8,86.9,89.5,780.1,786.6,783.9,785.3,4.86,66.3,12.4,3.0,42.8,0.72,14.11,4.0,LANE_A,20000.0,-22.0,85.1,CRUISE_LOITER,LADAKH,0,1.0
1788498662.58,5180.7,2132.0,72.0,87.3,90.0,87.0,89.3,779.3,785.5,783.7,786.1,4.82,66.2,12.3,3.0,42.8,0.71,14.09,4.2,LANE_A,20000.0,-22.0,85.1,CRUISE_LOITER,LADAKH,0,1.0
1788498663.096,5168.3,2126.9,72.0,87.6,89.9,87.0,89.7,779.0,788.5,783.5,787.5,4.77,66.2,12.3,3.0,42.9,0.71,14.12,4.0,LANE_A,20000.0,-22.0,85.2,CRUISE_LOITER,LADAKH,0,1.0
1788498663.631,5151.2,2119.8,72.0,87.6,89.8,87.1,89.3,783.1,784.9,783.8,786.8,4.8,66.0,12.4,3.0,42.9,0.75,14.1,4.1,LANE_A,20000.0,-22.0,85.2,CRUISE_LOITER,LADAKH,0,1.0
1788498664.135,5174.4,2129.4,72.0,87.0,90.5,87.0,89.0,782.4,786.7,783.4,785.7,4.76,66.1,12.3,3.0,42.8,0.73,14.1,4.1,LANE_A,20000.0,-22.0,85.2,CRUISE_LOITER,LADAKH,0,1.0
1788498664.658,5171.6,2128.2,72.0,87.7,90.0,87.0,89.6,781.0,786.3,783.3,784.6,4.74,66.3,12.3,2.9,43.1,0.72,14.08,4.1,LANE_A,20000.0,-22.0,85.3,CRUISE_LOITER,LADAKH,0,1.0
1788498665.167,5179.6,2131.5,72.0,87.3,90.2,86.7,89.3,780.9,785.1,781.8,786.9,4.72,66.1,12.4,3.0,43.2,0.71,14.08,4.0,LANE_A,20000.0,-22.0,85.3,CRUISE_LOITER,LADAKH,0,1.0
1788498665.678,5171.4,2128.2,72.0,87.5,90.2,86.6,89.8,778.5,786.8,782.9,786.7,4.79,66.4,12.5,3.0,42.8,0.72,14.09,4.2,LANE_A,20000.0,-22.0,85.4,CRUISE_LOITER,LADAKH,0,1.0
1788498666.191,5170.8,2127.9,72.0,87.6,89.8,86.9,89.5,779.1,787.7,783.7,784.6,4.81,66.3,12.4,3.0,42.9,0.72,14.09,4.0,LANE_A,20000.0,-22.0,85.4,CRUISE_LOITER,LADAKH,0,1.0
1788498666.715,5160.2,2123.5,72.0,87.6,90.2,86.9,89.9,780.5,786.6,783.2,785.8,4.81,66.2,12.3,3.0,42.9,0.72,14.09,4.3,LANE_A,20000.0,-22.0,85.4,CRUISE_LOITER,LADAKH,0,1.0
1788498667.244,5173.9,2129.2,72.0,87.5,89.9,87.0,89.5,780.6,787.9,782.9,787.0,4.8,66.1,12.5,3.0,42.9,0.77,14.13,4.0,LANE_A,20000.0,-22.0,85.5,CRUISE_LOITER,LADAKH,0,1.0
1788498667.763,5192.9,2137.0,72.0,87.7,89.9,86.9,89.6,784.4,787.3,782.1,785.9,4.76,66.1,12.5,3.0,42.9,0.72,14.09,4.2,LANE_A,20000.0,-22.0,85.5,CRUISE_LOITER,LADAKH,0,1.0
1788498668.27,5184.9,2133.7,72.0,87.3,90.1,87.0,89.4,781.6,788.5,784.8,785.3,4.77,66.4,12.2,3.0,42.9,0.74,14.12,4.0,LANE_A,20000.0,-22.0,85.6,CRUISE_LOITER,LADAKH,0,1.0
1788498668.801,5169.2,2127.3,72.0,87.5,90.1,86.9,89.8,782.4,786.7,781.8,787.5,4.79,66.2,12.6,3.0,42.9,0.72,14.11,4.2,LANE_A,20000.0,-22.0,85.6,CRUISE_LOITER,LADAKH,0,1.0
1788498669.317,5142.1,2116.1,72.0,87.2,89.9,87.1,89.6,780.8,784.8,783.5,786.7,4.77,66.3,12.3,3.0,43.0,0.7,14.09,4.1,LANE_A,20000.0,-22.0,85.7,CRUISE_LOITER,LADAKH,0,1.0
1788498669.829,5162.3,2124.4,72.0,87.5,90.0,87.0,89.6,780.0,784.7,782.5,783.9,4.77,66.2,12.4,3.0,42.9,0.73,14.11,4.0,LANE_A,20000.0,-22.0,85.7,CRUISE_LOITER,LADAKH,0,1.0
1788498670.341,5152.6,2120.4,72.0,87.2,90.0,87.1,89.6,781.6,785.1,785.0,787.6,4.77,66.1,12.4,3.0,42.9,0.7,14.11,4.1,LANE_A,20000.0,-22.0,85.8,CRUISE_LOITER,LADAKH,0,1.0
1788498670.859,5142.2,2116.1,72.0,87.5,89.9,86.9,89.7,783.2,786.5,783.0,784.9,4.79,66.5,12.4,3.0,43.1,0.71,14.11,4.1,LANE_A,20000.0,-22.0,85.8,CRUISE_LOITER,LADAKH,0,1.0
1788498671.379,5176.5,2130.2,72.0,87.6,90.0,87.0,89.8,783.3,786.4,784.0,787.0,4.83,66.3,12.5,3.0,43.2,0.71,14.13,4.1,LANE_A,20000.0,-22.0,85.8,CRUISE_LOITER,LADAKH,0,1.0
1788498671.885,5169.1,2127.2,72.0,87.8,90.0,87.1,89.7,781.5,786.1,782.3,788.5,4.79,66.2,12.4,3.0,42.9,0.72,14.11,4.2,LANE_A,20000.0,-22.0,85.9,CRUISE_LOITER,LADAKH,0,1.0
1788498672.405,5158.2,2122.7,72.0,87.5,89.9,87.3,89.5,780.5,784.6,784.2,785.1,4.8,66.3,12.4,3.0,43.0,0.71,14.09,4.1,LANE_A,20000.0,-22.0,85.9,CRUISE_LOITER,LADAKH,0,1.0
1788498672.932,5153.4,2120.7,72.0,87.7,90.2,87.3,89.7,782.5,787.0,782.0,785.1,4.75,66.4,12.5,3.0,43.2,0.73,14.13,4.1,LANE_A,20000.0,-22.0,86.0,CRUISE_LOITER,LADAKH,0,1.0
1788498673.44,5189.3,2135.5,72.0,87.7,89.9,87.0,89.6,780.3,787.8,783.5,784.5,4.77,66.2,12.6,3.0,43.2,0.72,14.1,4.3,LANE_A,20000.0,-22.0,86.0,CRUISE_LOITER,LADAKH,0,1.0
1788498673.952,5164.5,2125.3,72.0,88.0,90.0,87.0,89.6,781.8,785.3,782.6,788.0,4.76,66.3,12.4,3.0,43.3,0.72,14.06,4.1,LANE_A,20000.0,-22.0,86.1,CRUISE_LOITER,LADAKH,0,1.0
1788498674.464,5163.5,2124.9,72.0,87.5,90.2,87.1,89.4,783.2,785.9,785.0,784.3,4.79,66.5,12.5,3.0,43.1,0.73,14.11,3.9,LANE_A,20000.0,-22.0,86.1,CRUISE_LOITER,LADAKH,0,1.0
1788498675.514,5135.4,2113.3,72.0,87.6,90.2,86.8,89.4,780.9,786.8,783.7,786.2,4.79,66.5,12.3,3.0,43.2,0.72,14.1,4.1,LANE_A,20000.0,-22.0,86.2,CRUISE_LOITER,LADAKH,0,1.0
1788498676.029,5151.0,2119.7,72.0,87.8,90.1,86.9,89.8,780.2,788.8,783.1,786.2,4.76,66.2,12.5,3.0,43.3,0.72,14.1,4.0,LANE_A,20000.0,-22.0,86.2,CRUISE_LOITER,LADAKH,0,1.0
1788498676.555,5173.4,2129.0,72.0,87.8,90.3,87.2,89.4,780.4,785.9,783.9,787.3,4.79,66.4,12.3,3.0,43.3,0.72,14.09,4.0,LANE_A,20000.0,-22.0,86.3,CRUISE_LOITER,LADAKH,0,1.0
1788498677.066,5148.8,2118.8,72.0,87.7,90.0,87.0,89.8,782.2,786.4,781.8,785.9,4.81,66.3,12.5,3.0,43.4,0.7,14.12,4.1,LANE_A,20000.0,-22.0,86.3,CRUISE_LOITER,LADAKH,0,1.0
1788498677.591,5171.3,2128.1,72.0,87.8,90.1,87.3,89.9,779.8,786.7,783.9,785.6,4.79,66.2,12.4,3.0,43.1,0.71,14.1,4.1,LANE_A,20000.0,-22.0,86.3,CRUISE_LOITER,LADAKH,0,1.0
1788498678.102,5137.2,2114.1,72.0,87.9,89.9,87.2,89.5,778.6,785.1,783.9,786.2,4.76,66.5,12.4,3.0,43.5,0.71,14.12,4.1,LANE_A,20000.0,-22.0,86.4,CRUISE_LOITER,LADAKH,0,1.0
1788498678.607,5166.3,2126.1,72.0,87.5,89.9,87.0,89.5,781.1,787.3,784.6,784.0,4.8,66.6,12.5,3.0,43.1,0.73,14.08,4.1,LANE_A,20000.0,-22.0,86.4,CRUISE_LOITER,LADAKH,0,1.0
1788498679.13,5172.8,2128.7,72.0,87.6,90.2,87.0,89.4,781.4,785.2,784.4,785.7,4.79,66.4,12.5,3.0,43.2,0.71,14.13,3.9,LANE_A,20000.0,-22.0,86.5,CRUISE_LOITER,LADAKH,0,1.0
1788498679.641,5152.9,2120.6,72.0,87.5,90.0,87.3,89.5,779.9,787.0,781.9,783.5,4.79,66.3,12.4,3.0,43.2,0.74,14.11,4.0,LANE_A,20000.0,-22.0,86.5,CRUISE_LOITER,LADAKH,0,1.0
1788498680.159,5170.4,2127.7,72.0,87.7,89.8,87.0,89.5,781.1,786.0,783.4,784.8,4.77,66.4,12.5,3.0,43.3,0.73,14.09,4.2,LANE_A,20000.0,-22.0,86.6,CRUISE_LOITER,LADAKH,0,1.0
1788498680.675,5158.4,2122.8,72.0,87.4,89.9,87.0,89.5,781.6,786.6,782.6,783.1,4.8,66.4,12.4,3.0,43.3,0.73,14.09,4.4,LANE_A,20000.0,-22.0,86.6,CRUISE_LOITER,LADAKH,0,1.0
1788498681.177,5163.5,2124.9,72.0,87.6,90.0,87.0,89.9,781.1,786.1,782.0,785.4,4.74,66.5,12.4,3.0,43.3,0.74,14.1,4.2,LANE_A,20000.0,-22.0,86.7,CRUISE_LOITER,LADAKH,0,1.0
1788498681.692,5177.4,2130.6,72.0,87.5,90.2,87.3,89.5,778.3,786.0,783.2,785.0,4.78,66.2,12.4,3.0,43.4,0.74,14.12,3.9,LANE_A,20000.0,-22.0,86.7,CRUISE_LOITER,LADAKH,0,1.0
1788498682.212,5149.6,2119.2,72.0,87.5,90.3,87.0,89.4,780.0,783.2,782.5,785.1,4.77,66.5,12.3,3.0,43.5,0.68,14.09,4.0,LANE_A,20000.0,-22.0,86.8,CRUISE_LOITER,LADAKH,0,1.0
1788498682.72,5165.4,2125.7,72.0,87.7,90.0,87.3,89.8,781.7,786.0,782.6,784.5,4.8,66.5,12.4,3.0,43.2,0.74,14.13,4.0,LANE_A,20000.0,-22.0,86.8,CRUISE_LOITER,LADAKH,0,1.0
1788498683.246,5151.5,2119.9,72.0,87.5,90.0,87.1,89.1,781.3,785.4,783.5,785.9,4.79,66.5,12.6,3.0,43.3,0.73,14.1,4.2,LANE_A,20000.0,-22.0,86.9,CRUISE_LOITER,LADAKH,0,1.0
1788498683.763,5162.6,2124.5,72.0,87.8,90.3,87.1,89.7,781.1,784.4,782.8,785.5,4.76,66.7,12.4,3.0,43.5,0.71,14.11,4.2,LANE_A,20000.0,-22.0,86.9,CRUISE_LOITER,LADAKH,0,1.0
1788498684.269,5144.7,2117.1,72.0,87.5,90.2,87.1,89.8,779.1,784.2,783.5,783.8,4.7,66.7,12.4,3.0,43.4,0.72,14.1,4.1,LANE_A,20000.0,-22.0,87.0,CRUISE_LOITER,LADAKH,0,1.0
1788498684.791,5120.9,2107.4,72.0,87.7,89.8,86.9,89.9,779.9,786.0,782.6,784.1,4.71,66.3,12.5,3.0,43.2,0.71,14.08,4.0,LANE_A,20000.0,-22.0,87.0,CRUISE_LOITER,LADAKH,0,1.0
1788498685.308,5160.8,2123.8,72.0,87.6,90.2,87.0,89.9,780.6,785.9,783.7,786.2,4.9,66.6,12.6,3.0,43.4,0.71,14.1,4.0,LANE_A,20000.0,-22.0,87.1,CRUISE_LOITER,LADAKH,0,1.0
1788498685.821,5183.8,2133.3,72.0,88.0,90.2,87.3,89.9,781.4,786.7,783.1,787.8,4.75,66.2,12.4,3.0,43.5,0.74,14.08,4.1,LANE_A,20000.0,-22.0,87.1,CRUISE_LOITER,LADAKH,0,1.0
1788498686.342,5172.4,2128.5,72.0,87.9,90.0,87.1,89.6,779.4,787.3,782.0,783.9,4.79,66.4,12.6,3.0,43.4,0.75,14.05,4.0,LANE_A,20000.0,-22.0,87.2,CRUISE_LOITER,LADAKH,0,1.0
1788498686.852,5152.1,2120.2,72.0,87.5,90.2,87.5,90.0,779.3,788.8,784.0,786.2,4.77,66.3,12.6,3.0,43.5,0.75,14.1,4.2,LANE_A,20000.0,-22.0,87.2,CRUISE_LOITER,LADAKH,0,1.0
1788498687.356,5157.2,2122.3,72.0,87.7,90.1,87.1,89.7,783.3,786.4,783.3,784.1,4.8,66.4,12.5,3.0,43.6,0.72,14.08,3.9,LANE_A,20000.0,-22.0,87.3,CRUISE_LOITER,LADAKH,0,1.0
1788498687.877,5152.0,2120.2,72.0,87.3,90.2,87.3,90.0,783.2,786.8,784.5,787.4,4.8,66.7,12.6,3.0,43.6,0.73,14.09,4.1,LANE_A,20000.0,-22.0,87.3,CRUISE_LOITER,LADAKH,0,1.0
1788498688.39,5144.5,2117.1,72.0,87.9,90.3,87.2,89.5,781.5,785.6,782.4,783.9,4.75,66.3,12.5,3.0,43.5,0.72,14.11,4.1,LANE_A,20000.0,-22.0,87.4,CRUISE_LOITER,LADAKH,0,1.0
1788498688.902,5140.8,2115.5,72.0,88.0,90.3,87.1,89.9,780.6,784.8,783.7,786.3,4.78,66.5,12.4,3.0,43.7,0.74,14.09,3.9,LANE_A,20000.0,-22.0,87.4,CRUISE_LOITER,LADAKH,0,1.0
1788498689.42,5142.9,2116.4,72.0,87.9,90.4,87.4,89.6,779.7,786.4,782.7,786.2,4.81,66.6,12.5,3.0,43.7,0.73,14.07,4.1,LANE_A,20000.0,-22.0,87.5,CRUISE_LOITER,LADAKH,0,1.0
1788498689.934,5153.3,2120.7,72.0,87.6,90.3,87.5,89.7,781.0,785.8,782.7,784.6,4.75,66.6,12.6,3.0,43.4,0.73,14.1,4.0,LANE_A,20000.0,-22.0,87.5,CRUISE_LOITER,LADAKH,0,1.0
1788498690.443,5150.2,2119.4,72.0,87.6,90.2,87.3,89.8,780.8,787.2,780.4,785.3,4.75,66.4,12.4,3.1,43.6,0.74,14.11,4.0,LANE_A,20000.0,-22.0,87.6,CRUISE_LOITER,LADAKH,0,1.0
1788498690.965,5161.4,2124.0,72.0,87.5,90.0,87.4,89.7,780.4,785.4,782.3,785.4,4.76,66.7,12.6,3.0,43.6,0.72,14.08,4.2,LANE_A,20000.0,-22.0,87.6,CRUISE_LOITER,LADAKH,0,1.0
1788498691.47,5149.7,2119.2,72.0,87.8,90.2,87.3,89.8,778.5,785.7,782.5,785.6,4.81,66.8,12.6,3.0,43.5,0.72,14.12,4.0,LANE_A,20000.0,-22.0,87.7,CRUISE_LOITER,LADAKH,0,1.0
1788498691.992,5158.6,2122.9,72.0,87.7,90.2,87.0,89.6,778.8,785.2,781.8,786.4,4.77,66.5,12.5,3.0,43.6,0.71,14.13,4.0,LANE_A,20000.0,-22.0,87.7,CRUISE_LOITER,LADAKH,0,1.0
1788498692.503,5149.5,2119.1,72.0,87.6,90.4,87.0,89.7,779.5,786.6,782.0,785.9,4.74,66.7,12.3,3.0,43.7,0.72,14.07,4.2,LANE_A,20000.0,-22.0,87.8,CRUISE_LOITER,LADAKH,0,1.0
1788498693.026,5132.6,2112.2,72.0,87.8,90.2,87.3,90.1,779.2,784.9,781.6,785.0,4.8,67.0,12.6,3.0,43.6,0.74,14.11,4.0,LANE_A,20000.0,-22.0,87.8,CRUISE_LOITER,LADAKH,0,1.0
1788498693.541,5153.8,2120.9,72.0,87.8,90.4,87.1,89.8,781.2,786.0,780.9,783.9,4.79,66.5,12.4,3.0,43.6,0.74,14.1,4.2,LANE_A,20000.0,-22.0,87.9,CRUISE_LOITER,LADAKH,0,1.0
1788498694.047,5142.6,2116.3,72.0,88.1,90.2,87.5,89.9,781.9,785.6,784.0,783.7,4.79,66.8,12.7,3.0,43.6,0.73,14.12,4.2,LANE_A,20000.0,-22.0,87.9,CRUISE_LOITER,LADAKH,0,1.0
1788498694.575,5148.7,2118.8,72.0,87.6,90.0,87.4,89.5,781.9,786.4,783.0,786.5,4.75,66.7,12.6,3.0,43.8,0.7,14.1,4.2,LANE_A,20000.0,-22.0,88.0,CRUISE_LOITER,LADAKH,0,1.0
1788498695.646,5156.4,2122.0,72.0,87.8,90.0,87.4,89.8,780.1,785.0,781.0,784.9,4.79,66.7,12.3,3.0,43.7,0.72,14.08,4.0,LANE_A,20000.0,-22.0,88.0,CRUISE_LOITER,LADAKH,0,1.0
1788498696.161,5143.5,2116.7,72.0,87.9,90.0,87.2,89.9,779.0,787.5,782.1,787.9,4.81,66.6,12.5,3.0,43.7,0.72,14.12,4.2,LANE_A,20000.0,-22.0,88.1,CRUISE_LOITER,LADAKH,0,1.0
1788498696.675,5152.9,2120.5,72.0,88.0,90.3,87.4,89.9,779.4,784.4,780.4,785.0,4.79,66.8,12.6,3.0,43.8,0.74,14.11,4.1,LANE_A,20000.0,-22.0,88.1,CRUISE_LOITER,LADAKH,0,1.0
1788498697.184,5160.6,2123.7,72.0,87.8,90.7,86.9,89.6,780.4,783.8,781.8,787.0,4.76,66.6,12.5,3.0,44.0,0.72,14.12,4.2,LANE_A,20000.0,-22.0,88.2,CRUISE_LOITER,LADAKH,0,1.0
1788498697.689,5145.6,2117.5,72.0,87.8,90.4,87.5,90.0,780.8,784.7,783.9,786.0,4.8,66.7,12.5,3.0,43.8,0.73,14.1,4.0,LANE_A,20000.0,-22.0,88.2,CRUISE_LOITER,LADAKH,0,1.0
1788498698.205,5165.8,2125.8,72.0,88.0,90.4,87.3,90.2,782.4,786.2,781.8,787.6,4.78,66.6,12.6,3.0,44.0,0.7,14.1,4.1,LANE_A,20000.0,-22.0,88.3,CRUISE_LOITER,LADAKH,0,1.0
1788498698.73,5149.9,2119.3,72.0,87.7,90.4,87.6,89.8,777.7,784.6,782.3,785.7,4.75,66.8,12.6,3.0,43.7,0.71,14.1,4.0,LANE_A,20000.0,-22.0,88.3,CRUISE_LOITER,LADAKH,0,1.0
1788498699.229,5155.6,2121.6,72.0,87.8,90.3,87.5,89.9,780.1,787.1,783.1,784.6,4.79,66.7,12.6,3.0,44.0,0.7,14.1,3.9,LANE_A,20000.0,-22.0,88.4,CRUISE_LOITER,LADAKH,0,1.0
1788498699.747,5148.0,2118.5,72.0,87.7,90.0,87.4,89.8,781.0,786.0,782.5,786.5,4.75,66.9,12.4,3.0,43.9,0.72,14.13,4.1,LANE_A,20000.0,-22.0,88.4,CRUISE_LOITER,LADAKH,0,1.0
1788498700.286,5152.9,2120.5,72.0,87.9,90.2,87.1,89.5,778.5,786.9,781.6,785.0,4.76,66.6,12.4,3.0,44.0,0.73,14.12,3.9,LANE_A,20000.0,-22.0,88.5,CRUISE_LOITER,LADAKH,0,1.0
1788498700.801,5127.0,2109.9,72.0,87.8,90.5,87.3,89.8,778.1,785.2,781.3,785.5,4.79,66.6,12.5,3.0,43.7,0.74,14.08,4.1,LANE_A,20000.0,-22.0,88.5,CRUISE_LOITER,LADAKH,0,1.0
1788498701.327,5136.2,2113.7,72.0,87.8,90.4,87.8,89.7,779.5,784.1,783.4,786.0,4.78,66.8,12.6,3.0,43.9,0.72,14.08,4.1,LANE_A,20000.0,-22.0,88.6,CRUISE_LOITER,LADAKH,0,1.0
1788498701.84,5132.1,2112.0,72.0,87.8,90.3,87.2,89.6,781.3,786.2,784.1,785.7,4.75,66.7,12.7,3.0,43.9,0.72,14.07,4.0,LANE_A,20000.0,-22.0,88.6,CRUISE_LOITER,LADAKH,0,1.0
1788498702.357,5155.5,2121.6,72.0,88.0,90.6,87.4,89.9,778.8,784.9,783.2,783.8,4.75,66.5,12.7,3.0,44.1,0.74,14.06,4.0,LANE_A,20000.0,-22.0,88.7,CRUISE_LOITER,LADAKH,0,1.0
1788498702.87,5144.0,2116.9,72.0,87.7,90.4,87.1,90.0,782.4,786.0,781.2,785.8,4.77,66.7,12.4,3.0,43.8,0.74,14.09,4.1,LANE_A,20000.0,-22.0,88.7,CRUISE_LOITER,LADAKH,0,1.0
1788498703.387,5128.5,2110.5,72.0,87.9,90.6,87.3,90.1,779.0,786.9,779.7,785.4,4.77,66.8,12.6,3.0,44.0,0.7,14.09,4.2,LANE_A,20000.0,-22.0,88.8,CRUISE_LOITER,LADAKH,0,1.0
1788498703.907,5162.3,2124.4,72.0,88.3,90.4,87.6,90.2,780.3,784.0,783.2,784.9,4.81,66.7,12.5,3.0,44.1,0.74,14.1,3.9,LANE_A,20000.0,-22.0,88.8,CRUISE_LOITER,LADAKH,0,1.0
1788498704.41,5121.9,2107.8,72.0,87.8,90.1,87.5,89.9,778.1,784.6,780.2,785.0,4.8,66.6,12.7,3.0,43.9,0.72,14.11,3.9,LANE_A,20000.0,-22.0,88.9,CRUISE_LOITER,LADAKH,0,1.0
1788498704.929,5149.8,2119.2,72.0,88.1,90.5,87.4,90.2,780.4,784.9,783.4,785.0,4.77,67.1,12.6,3.0,44.1,0.74,14.12,4.2,LANE_A,20000.0,-22.0,88.9,CRUISE_LOITER,LADAKH,0,1.0
1788498705.453,5153.6,2120.8,72.0,87.7,90.3,87.3,89.8,782.1,784.9,781.9,786.9,4.7,66.8,12.6,3.0,44.1,0.71,14.1,4.0,LANE_A,20000.0,-22.0,89.0,CRUISE_LOITER,LADAKH,0,1.0
1788498705.969,5155.3,2121.5,72.0,88.0,90.0,87.2,89.9,780.8,786.7,782.7,785.4,4.74,66.9,12.7,3.0,44.3,0.75,14.11,4.2,LANE_A,20000.0,-22.0,89.0,CRUISE_LOITER,LADAKH,0,1.0
1788498706.474,5122.4,2108.0,72.0,87.7,90.2,87.4,89.8,781.2,786.2,782.3,784.2,4.75,67.0,12.6,3.1,44.2,0.71,14.08,4.1,LANE_A,20000.0,-22.0,89.1,CRUISE_LOITER,LADAKH,0,1.0
1788498706.984,5155.6,2121.6,72.0,88.0,90.6,87.7,90.3,782.3,783.8,781.8,785.4,4.76,66.7,12.7,3.0,44.1,0.73,14.1,4.0,LANE_A,20000.0,-22.0,89.1,CRUISE_LOITER,LADAKH,0,1.0
1788498707.506,5132.2,2112.0,72.0,87.8,90.6,87.3,90.2,780.4,786.2,783.3,786.0,4.75,66.7,12.7,3.0,44.0,0.69,14.11,4.2,LANE_A,20000.0,-22.0,89.2,CRUISE_LOITER,LADAKH,0,1.0
1788498708.022,5155.6,2121.7,72.0,88.1,90.7,87.5,89.8,781.3,785.3,782.7,784.9,4.72,66.8,12.8,3.0,44.1,0.74,14.12,4.1,LANE_A,20000.0,-22.0,89.2,CRUISE_LOITER,LADAKH,0,1.0
1788498708.534,5151.9,2120.1,72.0,88.2,90.5,87.4,90.2,780.6,785.3,779.9,783.7,4.74,66.8,12.6,3.0,44.2,0.75,14.1,4.3,LANE_A,20000.0,-22.0,89.3,CRUISE_LOITER,LADAKH,0,1.0
1788498709.054,5155.2,2121.5,72.0,87.8,90.3,87.7,89.8,779.5,784.2,784.1,787.3,4.76,66.7,12.6,3.0,44.2,0.71,14.11,4.2,LANE_A,20000.0,-22.0,89.3,CRUISE_LOITER,LADAKH,0,1.0
1788498709.555,5152.6,2120.4,72.0,88.0,90.5,87.8,89.8,782.2,784.9,782.3,784.7,4.74,66.6,12.6,2.9,44.2,0.72,14.1,4.0,LANE_A,20000.0,-22.0,89.4,CRUISE_LOITER,LADAKH,0,1.0
1788498710.086,5134.4,2112.9,72.0,87.9,90.8,87.5,89.9,780.5,783.8,783.3,784.4,4.77,66.8,12.6,3.0,44.1,0.75,14.1,4.0,LANE_A,20000.0,-22.0,89.4,CRUISE_LOITER,LADAKH,0,1.0
1788498710.602,5133.5,2112.5,72.0,88.0,90.7,87.7,90.1,780.4,786.4,783.4,785.5,4.79,67.0,12.7,3.0,44.1,0.73,14.12,4.1,LANE_A,20000.0,-22.0,89.4,CRUISE_LOITER,LADAKH,0,1.0
1788498711.124,5128.1,2110.3,72.0,88.5,90.5,87.1,90.2,781.6,787.9,782.4,785.3,4.75,66.6,12.7,3.0,44.1,0.71,14.1,3.9,LANE_A,20000.0,-22.0,89.5,CRUISE_LOITER,LADAKH,0,1.0
1788498711.645,5151.6,2120.0,72.0,88.0,90.5,87.5,89.8,780.6,786.9,782.9,783.8,4.76,66.6,12.7,3.0,44.2,0.73,14.09,4.0,LANE_A,20000.0,-22.0,89.5,CRUISE_LOITER,LADAKH,0,1.0
1788498712.162,5136.8,2113.9,72.0,88.1,90.5,87.6,89.8,777.1,784.6,781.3,785.9,4.72,67.0,12.7,3.0,44.2,0.74,14.09,4.2,LANE_A,20000.0,-22.0,89.6,CRUISE_LOITER,LADAKH,0,1.0
1788498712.674,5150.0,2119.3,72.0,88.1,90.4,87.7,90.4,780.1,784.9,783.9,787.3,4.77,67.0,12.8,3.0,44.4,0.71,14.09,3.9,LANE_A,20000.0,-22.0,89.6,CRUISE_LOITER,LADAKH,0,1.0
1788498713.192,5141.6,2115.9,72.0,87.7,90.6,87.8,90.0,781.8,785.6,781.2,783.6,4.75,67.2,12.7,3.0,44.4,0.74,14.07,4.0,LANE_A,20000.0,-22.0,89.7,CRUISE_LOITER,LADAKH,0,1.0
1788498713.708,5132.8,2112.3,72.0,88.0,90.5,87.6,89.9,782.8,785.1,785.1,784.2,4.78,66.8,12.6,3.0,44.2,0.69,14.11,4.2,LANE_A,20000.0,-22.0,89.7,CRUISE_LOITER,LADAKH,0,1.0
1788498714.218,5133.0,2112.4,72.0,88.3,90.8,87.4,89.9,780.9,785.9,781.3,786.4,4.75,66.9,12.8,3.0,44.4,0.73,14.11,4.0,LANE_A,20000.0,-22.0,89.8,CRUISE_LOITER,LADAKH,0,1.0
1788498714.74,5112.8,2104.0,72.0,87.9,90.4,87.5,90.0,779.9,786.6,782.6,785.0,4.76,66.8,12.7,3.0,44.4,0.74,14.12,3.9,LANE_A,20000.0,-22.0,89.8,CRUISE_LOITER,LADAKH,0,1.0
1788498715.805,5148.4,2118.7,72.0,88.0,90.5,87.6,89.9,780.6,783.9,784.3,784.7,4.69,66.8,12.8,3.0,44.2,0.72,14.09,4.1,LANE_A,20000.0,-22.0,89.9,CRUISE_LOITER,LADAKH,0,1.0
1788498716.31,5138.8,2114.7,72.0,87.8,90.5,87.5,90.2,781.4,785.0,782.3,786.6,4.83,66.7,12.6,3.0,44.2,0.69,14.11,3.9,LANE_A,20000.0,-22.0,89.9,CRUISE_LOITER,LADAKH,0,1.0
1788498716.83,5151.8,2120.1,72.0,88.2,90.8,87.3,89.4,781.0,784.6,783.8,782.4,4.82,67.0,12.8,3.0,44.6,0.71,14.11,4.0,LANE_A,20000.0,-22.0,90.0,CRUISE_LOITER,LADAKH,0,1.0
1788498717.334,5124.6,2108.9,72.0,88.2,90.3,87.5,90.2,779.2,787.1,781.5,784.9,4.77,67.2,12.8,3.0,44.4,0.74,14.04,4.1,LANE_A,20000.0,-22.0,90.0,CRUISE_LOITER,LADAKH,0,1.0
1788498717.854,5141.6,2115.9,72.0,88.1,90.6,87.5,90.3,780.4,786.3,782.5,786.2,4.73,66.9,12.8,3.0,44.5,0.71,14.09,4.1,LANE_A,20000.0,-22.0,90.1,CRUISE_LOITER,LADAKH,0,1.0
1788498718.368,5133.4,2112.5,72.0,88.2,90.7,87.6,89.9,779.6,784.4,783.4,783.7,4.73,66.8,12.7,3.0,44.4,0.72,14.08,4.1,LANE_A,20000.0,-22.0,90.1,CRUISE_LOITER,LADAKH,0,1.0
1788498718.881,5138.2,2114.5,72.0,88.1,90.4,87.5,90.0,782.0,785.1,782.3,788.0,4.71,66.9,12.7,3.0,44.4,0.71,14.1,3.9,LANE_A,20000.0,-22.0,90.1,CRUISE_LOITER,LADAKH,0,1.0
1788498719.397,5128.9,2110.6,72.0,88.1,90.7,87.6,90.0,781.7,786.8,783.8,785.6,4.76,67.0,12.7,3.0,44.5,0.73,14.09,4.0,LANE_A,20000.0,-22.0,90.2,CRUISE_LOITER,LADAKH,0,1.0
1788498720.2,5137.1,2114.0,72.0,88.0,90.6,87.5,90.1,781.5,786.3,781.5,786.2,4.75,67.0,12.6,3.0,44.5,0.74,14.09,4.0,LANE_A,20000.0,-22.0,90.2,CRUISE_LOITER,LADAKH,0,1.0
1788498720.713,5139.2,2114.9,72.0,87.9,90.6,87.7,90.1,779.2,786.6,781.9,786.0,4.81,67.1,12.7,3.0,44.4,0.72,14.11,4.1,LANE_A,20000.0,-22.0,90.3,CRUISE_LOITER,LADAKH,0,1.0
1788498721.215,5155.1,2121.4,72.0,88.3,90.5,87.9,89.5,779.6,784.7,782.0,785.7,4.79,66.9,12.8,3.0,44.6,0.75,14.12,4.3,LANE_A,20000.0,-22.0,90.3,CRUISE_LOITER,LADAKH,0,1.0
1788498721.723,5134.6,2113.0,72.0,88.1,90.5,87.5,89.9,778.9,785.1,781.7,785.1,4.78,67.0,12.9,3.0,44.5,0.72,14.08,4.0,LANE_A,20000.0,-22.0,90.4,CRUISE_LOITER,LADAKH,0,1.0
1788498722.264,5136.3,2113.7,72.0,88.3,90.4,87.6,90.3,780.8,784.0,780.8,784.8,4.76,66.8,12.7,3.0,44.4,0.75,14.09,4.1,LANE_A,20000.0,-22.0,90.4,CRUISE_LOITER,LADAKH,0,1.0
1788498722.783,5151.5,2119.9,72.0,88.1,90.2,87.7,90.3,779.4,783.1,782.5,784.7,4.76,67.3,12.8,3.0,44.6,0.71,14.11,4.1,LANE_A,20000.0,-22.0,90.5,CRUISE_LOITER,LADAKH,0,1.0
1788498723.301,5118.1,2106.2,72.0,88.0,90.5,87.7,90.3,781.3,783.9,783.7,785.1,4.79,67.1,12.7,3.0,44.6,0.72,14.1,4.1,LANE_A,20000.0,-22.0,90.5,CRUISE_LOITER,LADAKH,0,1.0
1788498723.828,5151.9,2120.1,72.0,88.4,90.6,87.6,89.9,780.1,785.0,784.2,786.9,4.75,66.8,12.7,3.0,44.5,0.73,14.12,4.0,LANE_A,20000.0,-22.0,90.5,CRUISE_LOITER,LADAKH,0,1.0
1788498724.332,5153.4,2120.7,72.0,88.4,90.7,87.7,90.2,781.8,785.6,783.9,784.6,4.78,67.2,12.8,3.0,44.7,0.71,14.1,4.1,LANE_A,20000.0,-22.0,90.6,CRUISE_LOITER,LADAKH,0,1.0
1788498724.838,5130.1,2111.1,72.0,88.2,91.0,87.4,90.2,781.4,784.0,782.4,786.0,4.76,67.2,12.8,3.0,44.6,0.71,14.08,3.9,LANE_A,20000.0,-22.0,90.6,CRUISE_LOITER,LADAKH,0,1.0
1788498725.365,5132.9,2112.3,72.0,88.2,90.8,87.1,90.2,780.0,787.4,782.9,787.5,4.73,67.1,12.6,3.0,44.8,0.72,14.08,4.1,LANE_A,20000.0,-22.0,90.7,CRUISE_LOITER,LADAKH,0,1.0
1788498725.88,5140.2,2115.3,72.0,88.3,90.3,87.6,90.2,781.7,785.7,780.8,786.7,4.76,67.0,12.7,3.0,44.7,0.76,14.09,4.1,LANE_A,20000.0,-22.0,90.7,CRUISE_LOITER,LADAKH,0,1.0
1788498726.398,5147.1,2118.2,72.0,87.9,91.0,87.3,90.3,780.8,783.0,782.9,786.1,4.76,67.1,12.8,3.0,44.7,0.75,14.12,4.2,LANE_A,20000.0,-22.0,90.8,CRUISE_LOITER,LADAKH,0,1.0
1788498726.904,5131.8,2111.9,72.0,88.2,90.6,87.6,90.3,781.3,784.8,781.9,787.1,4.74,67.2,12.7,3.0,44.8,0.72,14.12,3.9,LANE_A,20000.0,-22.0,90.8,CRUISE_LOITER,LADAKH,0,1.0
1788498727.428,5112.5,2103.9,72.0,88.1,90.7,87.6,90.5,780.4,786.7,784.6,785.3,4.75,67.1,12.8,3.0,44.4,0.71,14.11,4.2,LANE_A,20000.0,-22.0,90.8,CRUISE_LOITER,LADAKH,0,1.0
1788498727.954,5118.2,2106.3,72.0,88.1,90.6,88.0,90.2,779.5,784.0,781.8,784.7,4.69,66.9,12.8,3.0,44.7,0.7,14.11,4.1,LANE_A,20000.0,-22.0,90.9,CRUISE_LOITER,LADAKH,0,1.0
1788498728.471,5139.1,2114.8,72.0,88.1,90.9,87.5,90.0,779.0,784.9,783.7,786.1,4.72,67.0,12.7,3.0,44.7,0.72,14.08,4.2,LANE_A,20000.0,-22.0,90.9,CRUISE_LOITER,LADAKH,0,1.0
1788498729.008,5126.2,2109.5,72.0,88.4,90.8,87.5,90.3,779.7,785.0,782.8,785.2,4.76,67.4,12.8,3.0,44.6,0.75,14.09,3.9,LANE_A,20000.0,-22.0,91.0,CRUISE_LOITER,LADAKH,0,1.0
1788498729.519,5146.5,2117.9,72.0,88.5,90.5,88.0,90.1,779.9,784.0,780.6,784.6,4.74,67.1,12.8,3.0,44.5,0.73,14.08,4.1,LANE_A,20000.0,-22.0,91.0,CRUISE_LOITER,LADAKH,0,1.0
1788498730.032,5121.1,2107.5,72.0,88.5,90.9,87.9,90.0,779.5,786.0,781.7,783.2,4.76,67.1,12.8,3.0,44.8,0.7,14.06,4.0,LANE_A,20000.0,-22.0,91.0,CRUISE_LOITER,LADAKH,0,1.0
1788498730.551,5136.7,2113.9,72.0,88.3,90.9,87.8,90.1,781.3,783.7,781.8,785.4,4.75,67.4,12.7,3.0,44.8,0.71,14.12,4.2,LANE_A,20000.0,-22.0,91.1,CRUISE_LOITER,LADAKH,0,1.0
1788498731.067,5154.3,2121.1,72.0,88.3,90.7,87.7,90.2,780.7,785.3,781.5,783.2,4.76,67.3,12.8,3.0,44.7,0.74,14.14,4.0,LANE_A,20000.0,-22.0,91.1,CRUISE_LOITER,LADAKH,0,1.0
1788498731.577,5136.8,2113.9,72.0,88.3,90.8,87.7,90.0,781.6,784.3,780.7,784.5,4.79,67.3,12.7,3.0,44.8,0.74,14.11,3.9,LANE_A,20000.0,-22.0,91.2,CRUISE_LOITER,LADAKH,0,1.0
1788498732.108,5134.0,2112.8,72.0,88.3,90.5,87.8,90.6,780.1,785.2,783.1,783.7,4.71,67.2,12.8,3.0,44.8,0.71,14.1,3.9,LANE_A,20000.0,-22.0,91.2,CRUISE_LOITER,LADAKH,0,1.0
1788498732.622,5127.2,2110.0,72.0,88.3,90.9,88.0,90.2,778.1,784.9,782.4,784.4,4.71,67.3,12.9,3.0,44.9,0.72,14.12,4.0,LANE_A,20000.0,-22.0,91.2,CRUISE_LOITER,LADAKH,0,1.0
1788498733.15,5128.0,2110.3,72.0,88.2,90.5,87.9,90.2,781.2,783.5,782.2,785.0,4.74,67.2,12.7,3.0,45.0,0.71,14.09,4.1,LANE_A,20000.0,-22.0,91.3,CRUISE_LOITER,LADAKH,0,1.0
1788498733.667,5122.4,2108.0,72.0,88.1,90.5,87.6,90.4,781.9,783.4,783.2,785.1,4.77,67.3,12.8,3.0,44.9,0.7,14.1,4.0,LANE_A,20000.0,-22.0,91.3,CRUISE_LOITER,LADAKH,0,1.0
1788498734.184,5137.4,2114.1,72.0,88.0,90.7,87.7,90.6,778.9,783.2,782.3,785.9,4.68,67.2,12.9,3.0,44.9,0.74,14.07,4.1,LANE_A,20000.0,-22.0,91.3,CRUISE_LOITER,LADAKH,0,1.0
1788498734.707,5129.2,2110.8,72.0,88.1,90.8,87.5,90.4,780.1,786.7,782.5,784.7,4.73,67.0,12.8,3.0,45.0,0.74,14.12,4.1,LANE_A,20000.0,-22.0,91.4,CRUISE_LOITER,LADAKH,0,1.0
1788498735.936,5118.3,2106.3,72.0,88.4,90.8,87.7,90.2,779.1,786.3,784.3,785.5,4.73,67.4,12.8,3.0,44.8,0.71,14.12,4.1,LANE_A,20000.0,-22.0,91.4,CRUISE_LOITER,LADAKH,0,1.0
1788498736.466,5132.2,2112.0,72.0,88.2,90.6,87.8,90.3,781.4,785.6,783.5,787.0,4.75,67.2,12.9,3.0,44.9,0.71,14.1,4.2,LANE_A,20000.0,-22.0,91.5,CRUISE_LOITER,LADAKH,0,1.0
1788498736.987,5112.1,2103.8,72.0,88.5,91.0,88.1,90.3,780.5,786.2,780.8,784.1,4.76,67.4,12.8,3.0,45.1,0.7,14.12,4.1,LANE_A,20000.0,-22.0,91.5,CRUISE_LOITER,LADAKH,0,1.0
1788498737.504,5132.4,2112.1,72.0,88.0,90.8,87.7,90.6,780.7,785.1,783.4,785.3,4.79,67.4,12.8,3.0,44.9,0.72,14.09,4.0,LANE_A,20000.0,-22.0,91.5,CRUISE_LOITER,LADAKH,0,1.0
1788498738.03,5142.3,2116.2,72.0,88.8,90.9,88.1,90.4,778.0,785.8,779.9,784.5,4.76,67.2,12.8,3.0,45.1,0.75,14.07,4.1,LANE_A,20000.0,-22.0,91.6,CRUISE_LOITER,LADAKH,0,1.0
1788498738.552,5133.7,2112.7,72.0,88.5,90.9,87.9,90.3,779.7,783.3,782.2,785.0,4.72,67.4,12.8,3.0,45.1,0.71,14.12,3.9,LANE_A,20000.0,-22.0,91.6,CRUISE_LOITER,LADAKH,0,1.0
1788498739.074,5124.9,2109.0,72.0,88.3,91.2,87.6,90.8,778.9,784.7,780.5,784.5,4.7,67.4,12.8,3.0,44.9,0.72,14.12,4.0,LANE_A,20000.0,-22.0,91.6,CRUISE_LOITER,LADAKH,0,1.0
1788498739.596,5115.9,2105.3,72.0,88.5,90.9,88.0,90.4,779.1,783.7,780.8,783.5,4.76,67.4,12.8,3.0,44.8,0.73,14.11,4.0,LANE_A,20000.0,-22.0,91.7,CRUISE_LOITER,LADAKH,0,1.0
1788498740.097,5129.6,2110.9,72.0,88.2,90.9,88.3,90.8,779.1,785.0,780.9,784.4,4.72,67.3,12.9,3.0,45.1,0.73,14.08,4.1,LANE_A,20000.0,-22.0,91.7,CRUISE_LOITER,LADAKH,0,1.0
1788498740.626,5138.8,2114.7,72.0,88.4,91.2,88.0,90.5,779.1,786.0,782.1,784.5,4.73,67.4,12.8,3.0,45.0,0.71,14.12,3.9,LANE_A,20000.0,-22.0,91.7,CRUISE_LOITER,LADAKH,0,1.0
1788498741.143,5109.4,2102.6,72.0,88.4,90.6,87.9,90.3,781.4,784.6,782.1,782.9,4.73,67.5,12.9,3.0,45.1,0.72,14.11,4.0,LANE_A,20000.0,-22.0,91.8,CRUISE_LOITER,LADAKH,0,1.0
1788498741.665,5103.1,2100.0,72.0,88.7,91.0,87.8,90.6,781.7,786.0,783.9,784.8,4.75,67.6,12.8,3.0,45.2,0.73,14.09,3.9,LANE_A,20000.0,-22.0,91.8,CRUISE_LOITER,LADAKH,0,1.0
1788498742.195,5118.9,2106.5,72.0,88.3,90.9,88.1,90.7,779.5,784.7,781.4,784.7,4.68,67.4,12.8,3.0,45.0,0.73,14.11,4.1,LANE_A,20000.0,-22.0,91.8,CRUISE_LOITER,LADAKH,0,1.0
1788498742.718,5114.2,2104.6,72.0,88.2,91.3,87.9,90.4,781.1,786.2,781.4,785.9,4.69,67.4,13.0,3.0,45.1,0.73,14.08,4.3,LANE_A,20000.0,-22.0,91.9,CRUISE_LOITER,LADAKH,0,1.0
1788498743.23,5127.0,2109.9,72.0,88.7,91.2,88.0,90.5,779.8,782.4,782.1,785.2,4.74,67.5,13.0,3.0,45.2,0.7,14.11,4.0,LANE_A,20000.0,-22.0,91.9,CRUISE_LOITER,LADAKH,0,1.0
1788498743.734,5121.1,2107.4,72.0,88.8,90.8,87.9,90.6,780.8,784.7,782.5,786.8,4.75,67.3,12.9,3.0,45.2,0.71,14.09,4.1,LANE_A,20000.0,-22.0,91.9,CRUISE_LOITER,LADAKH,0,1.0
1788498744.246,5114.2,2104.6,72.0,88.4,91.1,88.0,90.5,781.2,783.3,783.2,785.7,4.74,67.5,12.9,3.0,45.5,0.71,14.11,4.0,LANE_A,20000.0,-22.0,92.0,CRUISE_LOITER,LADAKH,0,1.0
1788498744.761,5106.9,2101.6,72.0,88.6,90.9,88.0,90.4,778.9,784.6,782.2,784.4,4.75,67.3,12.9,3.0,45.0,0.73,14.11,4.1,LANE_A,20000.0,-22.0,92.0,CRUISE_LOITER,LADAKH,0,1.0
1788498745.269,5124.5,2108.8,72.0,88.3,91.0,88.0,90.6,780.8,784.5,782.6,784.8,4.76,67.4,12.8,3.0,45.1,0.71,14.1,4.0,LANE_A,20000.0,-22.0,92.0,CRUISE_LOITER,LADAKH,0,1.0
1788498745.793,5118.0,2106.2,72.0,88.7,91.0,88.0,90.6,781.0,786.8,782.6,784.6,4.74,67.3,12.8,3.0,45.2,0.72,14.06,4.1,LANE_A,20000.0,-22.0,92.0,CRUISE_LOITER,LADAKH,0,1.0
1788498746.295,5107.7,2102.0,72.0,88.4,91.2,88.1,90.3,781.2,784.1,782.2,785.1,4.72,67.7,13.1,3.0,45.1,0.71,14.12,4.1,LANE_A,20000.0,-22.0,92.1,CRUISE_LOITER,LADAKH,0,1.0
1788498746.824,5120.7,2107.3,72.0,88.6,90.8,88.3,90.4,781.3,787.1,782.2,785.1,4.77,67.5,12.8,3.0,45.2,0.71,14.11,4.0,LANE_A,20000.0,-22.0,92.1,CRUISE_LOITER,LADAKH,0,1.0
1788498747.335,5120.2,2107.1,72.0,88.7,91.2,88.1,90.5,779.1,784.3,781.9,783.7,4.74,67.7,13.0,3.0,45.2,0.72,14.06,4.1,LANE_A,20000.0,-22.0,92.1,CRUISE_LOITER,LADAKH,0,1.0
1788498747.862,5124.9,2109.0,72.0,88.4,91.3,87.9,90.6,777.7,783.8,780.6,782.2,4.73,67.9,12.8,3.0,45.1,0.72,14.11,4.0,LANE_A,20000.0,-22.0,92.2,CRUISE_LOITER,LADAKH,0,1.0
1788498748.365,5128.0,2110.3,72.0,88.5,91.0,88.3,90.4,780.7,783.9,783.9,783.9,4.71,67.5,12.9,3.0,45.0,0.72,14.09,4.0,LANE_A,20000.0,-22.0,92.2,CRUISE_LOITER,LADAKH,0,1.0
1788498748.888,5091.6,2095.3,72.0,88.3,91.0,88.1,90.8,781.8,784.0,781.9,785.3,4.68,67.8,13.1,3.0,45.2,0.72,14.11,4.1,LANE_A,20000.0,-22.0,92.2,CRUISE_LOITER,LADAKH,0,1.0
1788498749.403,5123.5,2108.4,72.0,88.3,91.5,87.8,90.6,781.4,783.1,781.8,785.1,4.74,67.7,12.8,3.0,45.3,0.7,14.07,4.0,LANE_A,20000.0,-22.0,92.2,CRUISE_LOITER,LADAKH,0,1.0
1788498749.915,5137.2,2114.1,72.0,88.8,91.2,87.8,90.5,779.6,787.3,781.7,787.7,4.77,67.8,12.8,3.0,45.3,0.71,14.1,4.0,LANE_A,20000.0,-22.0,92.3,CRUISE_LOITER,LADAKH,0,1.0
1788498750.436,5143.2,2116.6,72.0,88.4,90.8,88.5,91.0,781.8,783.7,780.7,782.8,4.76,67.7,12.9,3.0,45.3,0.7,14.1,4.0,LANE_A,20000.0,-22.0,92.3,CRUISE_LOITER,LADAKH,0,1.0
1788498750.954,5094.8,2096.6,72.0,88.5,91.2,88.3,90.6,779.4,785.2,781.2,785.6,4.73,67.8,12.9,3.0,45.5,0.72,14.11,4.1,LANE_A,20000.0,-22.0,92.3,CRUISE_LOITER,LADAKH,0,1.0
1788498751.46,5144.1,2116.9,72.0,88.6,91.3,88.3,90.6,779.8,783.3,780.3,785.2,4.75,67.6,12.9,3.0,45.4,0.72,14.07,4.1,LANE_A,20000.0,-22.0,92.3,CRUISE_LOITER,LADAKH,0,1.0
1788498751.983,5135.5,2113.4,72.0,88.5,91.4,87.9,90.6,781.1,783.4,782.1,784.2,4.69,67.5,13.0,3.0,45.2,0.73,14.1,4.0,LANE_A,20000.0,-22.0,92.4,CRUISE_LOITER,LADAKH,0,1.0
1788498752.5,5142.6,2116.3,72.0,88.7,91.3,88.2,90.8,780.2,785.5,782.2,785.7,4.73,67.5,12.9,3.0,45.4,0.7,14.15,4.0,LANE_A,20000.0,-22.0,92.4,CRUISE_LOITER,LADAKH,0,1.0
1788498753.029,5129.5,2110.9,72.0,88.7,90.8,88.2,90.6,778.9,783.8,781.1,785.4,4.72,67.8,12.9,3.0,45.2,0.7,14.12,4.0,LANE_A,20000.0,-22.0,92.4,CRUISE_LOITER,LADAKH,0,1.0
1788498753.547,5130.1,2111.1,72.0,88.7,91.1,88.4,91.0,777.6,785.0,779.9,785.1,4.73,67.5,12.9,3.0,45.5,0.73,14.08,4.2,LANE_A,20000.0,-22.0,92.4,CRUISE_LOITER,LADAKH,0,1.0
1788498754.089,5103.4,2100.1,72.0,88.8,91.5,88.4,90.5,779.5,785.8,780.5,785.9,4.75,67.9,13.0,3.0,45.4,0.72,14.14,4.1,LANE_A,20000.0,-22.0,92.5,CRUISE_LOITER,LADAKH,0,1.0
1788498754.593,5128.5,2110.5,72.0,88.5,91.5,88.3,90.8,780.9,782.1,780.8,783.8,4.78,67.9,12.9,3.0,45.4,0.74,14.1,4.1,LANE_A,20000.0,-22.0,92.5,CRUISE_LOITER,LADAKH,0,1.0
1788498755.711,5125.7,2109.3,72.0,88.9,90.7,88.0,90.8,781.3,784.5,784.6,785.3,4.77,67.9,13.0,3.0,45.4,0.74,14.1,4.1,LANE_A,20000.0,-22.0,92.5,CRUISE_LOITER,LADAKH,0,1.0
1788498756.226,5111.7,2103.6,72.0,88.6,91.3,88.4,90.7,778.7,787.2,782.3,786.7,4.74,67.9,12.9,3.0,45.5,0.7,14.07,4.0,LANE_A,20000.0,-22.0,92.5,CRUISE_LOITER,LADAKH,0,1.0
1788498756.734,5096.2,2097.2,72.0,88.9,91.4,88.4,90.8,780.2,785.2,780.1,784.1,4.76,67.6,13.0,3.0,45.6,0.7,14.1,4.1,LANE_A,20000.0,-22.0,92.6,CRUISE_LOITER,LADAKH,0,1.0
1788498757.265,5098.1,2098.0,72.0,88.7,91.4,88.5,90.8,779.8,785.7,784.9,783.9,4.76,67.9,13.1,3.0,45.4,0.73,14.1,3.9,LANE_A,20000.0,-22.0,92.6,CRUISE_LOITER,LADAKH,0,1.0
1788498757.774,5118.9,2106.5,72.0,88.8,91.2,88.3,90.8,778.4,786.5,781.6,783.9,4.73,67.9,13.1,3.0,45.6,0.72,14.13,4.0,LANE_A,20000.0,-22.0,92.6,CRUISE_LOITER,LADAKH,0,1.0
1788498758.294,5109.6,2102.7,72.0,89.1,91.4,88.1,90.7,780.4,786.3,782.7,785.7,4.75,67.8,13.0,3.0,45.6,0.7,14.09,4.0,LANE_A,20000.0,-22.0,92.6,CRUISE_LOITER,LADAKH,0,1.0
1788498758.849,5137.4,2114.2,72.0,89.0,91.3,88.5,90.8,779.1,785.2,781.7,786.0,4.73,67.7,13.1,3.0,45.7,0.71,14.07,4.0,LANE_A,20000.0,-22.0,92.6,CRUISE_LOITER,LADAKH,0,1.0
1788498759.383,5123.7,2108.5,72.0,88.6,91.4,88.5,90.7,780.0,784.3,781.0,786.5,4.71,68.1,12.8,3.0,45.7,0.7,14.09,4.0,LANE_A,20000.0,-22.0,92.6,CRUISE_LOITER,LADAKH,0,1.0
1788498759.913,5116.1,2105.4,72.0,88.8,91.2,88.2,90.5,779.9,785.0,783.8,783.5,4.77,67.8,13.0,3.0,45.6,0.71,14.11,4.2,LANE_A,20000.0,-22.0,92.7,CRUISE_LOITER,LADAKH,0,1.0
1788498760.453,5111.0,2103.3,72.0,89.2,91.3,88.5,90.8,779.4,785.5,781.6,783.7,4.72,67.6,12.9,3.0,45.7,0.69,14.12,4.1,LANE_A,20000.0,-22.0,92.7,CRUISE_LOITER,LADAKH,0,1.0
1788498761.009,5129.3,2110.8,72.0,89.0,91.4,88.5,90.9,782.7,784.0,783.9,783.2,4.8,67.9,13.0,3.0,45.6,0.72,14.12,4.0,LANE_A,20000.0,-22.0,92.7,CRUISE_LOITER,LADAKH,0,1.0
1788498761.552,5120.9,2107.4,72.0,89.3,91.0,88.5,91.1,781.1,785.7,782.3,783.0,4.74,67.8,12.9,3.0,45.6,0.73,14.13,4.2,LANE_A,20000.0,-22.0,92.7,CRUISE_LOITER,LADAKH,0,1.0
1788498762.088,5106.2,2101.3,72.0,89.0,91.6,88.1,90.8,779.3,783.0,783.4,783.0,4.73,68.0,13.1,3.0,45.7,0.69,14.14,4.2,LANE_A,20000.0,-22.0,92.7,CRUISE_LOITER,LADAKH,0,1.0
1788498762.638,5142.2,2116.1,72.0,88.9,91.5,88.5,90.5,777.3,782.4,781.6,786.7,4.69,67.9,13.0,3.0,45.7,0.72,14.13,4.1,LANE_A,20000.0,-22.0,92.8,CRUISE_LOITER,LADAKH,0,1.0
1788498763.204,5111.2,2103.4,72.0,88.8,91.2,88.2,91.0,779.9,783.4,782.0,785.0,4.74,68.0,12.9,3.0,45.8,0.7,14.09,4.2,LANE_A,20000.0,-22.0,92.8,CRUISE_LOITER,LADAKH,0,1.0
1788498763.751,5112.3,2103.8,72.0,89.3,91.5,88.5,90.9,780.6,787.2,780.9,785.5,4.72,68.0,12.8,3.0,45.7,0.72,14.09,3.8,LANE_A,20000.0,-22.0,92.8,CRUISE_LOITER,LADAKH,0,1.0
1788498764.279,5115.7,2105.2,72.0,88.7,91.1,88.2,90.7,779.9,785.4,779.7,783.7,4.74,68.1,13.1,3.0,45.6,0.69,14.09,4.0,LANE_A,20000.0,-22.0,92.8,CRUISE_LOITER,LADAKH,0,1.0
1788498764.808,5104.5,2100.6,72.0,89.0,91.8,88.4,90.9,782.5,784.7,782.3,785.2,4.71,67.9,13.0,3.0,45.6,0.75,14.06,3.9,LANE_A,20000.0,-22.0,92.8,CRUISE_LOITER,LADAKH,0,1.0
1788498765.352,5112.1,2103.8,72.0,89.0,91.5,88.3,90.7,779.0,783.9,784.2,782.4,4.75,68.2,13.1,3.0,45.8,0.71,14.11,4.0,LANE_A,20000.0,-22.0,92.8,CRUISE_LOITER,LADAKH,0,1.0
1788498765.889,5107.5,2101.9,72.0,89.2,91.7,88.3,91.1,780.1,783.4,781.1,782.9,4.73,67.8,12.9,3.0,45.8,0.71,14.09,4.1,LANE_A,20000.0,-22.0,92.8,CRUISE_LOITER,LADAKH,0,1.0
1788498766.438,5118.3,2106.3,72.0,88.9,91.5,88.2,91.0,778.5,786.3,782.5,784.6,4.7,67.8,13.0,3.0,45.5,0.72,14.09,4.0,LANE_A,20000.0,-22.0,92.8,CRUISE_LOITER,LADAKH,0,1.0
1788498766.955,5109.0,2102.5,72.0,89.0,91.6,88.6,90.7,779.9,784.8,781.6,782.9,4.78,68.2,12.9,3.0,45.6,0.71,14.09,4.1,LANE_A,20000.0,-22.0,92.9,CRUISE_LOITER,LADAKH,0,1.0
1788498767.481,5130.2,2111.2,72.0,89.1,91.4,88.5,91.0,779.7,784.5,780.5,785.9,4.73,67.9,13.1,3.0,45.9,0.73,14.09,4.1,LANE_A,20000.0,-22.0,92.9,CRUISE_LOITER,LADAKH,0,1.0
1788498768.018,5101.9,2099.5,72.0,89.1,91.6,88.4,91.1,780.0,784.2,782.3,785.2,4.73,68.1,13.0,3.0,45.8,0.74,14.12,4.0,LANE_A,20000.0,-22.0,92.9,CRUISE_LOITER,LADAKH,0,1.0
1788498768.534,5106.0,2101.2,72.0,89.1,91.6,88.4,91.1,778.3,783.2,782.0,782.3,4.78,67.8,13.0,3.0,45.8,0.72,14.13,4.0,LANE_A,20000.0,-22.0,92.9,CRUISE_LOITER,LADAKH,0,1.0
1788498769.047,5120.1,2107.0,72.0,89.1,91.3,88.3,91.0,779.1,784.8,781.2,784.8,4.76,68.4,13.0,3.0,45.9,0.72,14.11,3.9,LANE_A,20000.0,-22.0,92.9,CRUISE_LOITER,LADAKH,0,1.0
1788498769.567,5134.6,2113.0,72.0,89.0,91.9,88.9,91.2,777.6,785.6,782.4,785.9,4.74,68.0,13.1,3.0,45.9,0.7,14.07,4.0,LANE_A,20000.0,-22.0,92.9,CRUISE_LOITER,LADAKH,0,1.0
1788498770.087,5117.4,2105.9,72.0,88.9,91.6,88.4,91.4,779.2,783.8,782.3,784.0,4.72,68.2,12.8,3.0,45.9,0.69,14.1,4.0,LANE_A,20000.0,-22.0,92.9,CRUISE_LOITER,LADAKH,0,1.0
1788498770.594,5131.1,2111.6,72.0,89.0,91.5,88.5,91.6,779.6,783.1,779.8,784.3,4.73,68.2,13.1,3.0,45.8,0.72,14.13,4.0,LANE_A,20000.0,-22.0,92.9,CRUISE_LOITER,LADAKH,0,1.0
1788498771.106,5135.5,2113.4,72.0,89.4,91.6,88.3,91.2,777.5,785.9,781.6,784.5,4.72,68.4,13.0,3.0,46.1,0.71,14.12,4.0,LANE_A,20000.0,-22.0,92.9,CRUISE_LOITER,LADAKH,0,1.0
1788498771.622,5123.2,2108.3,72.0,89.0,91.8,88.7,90.8,782.3,785.9,782.0,785.6,4.72,68.3,13.0,3.0,45.9,0.71,14.1,3.8,LANE_A,20000.0,-22.0,92.9,CRUISE_LOITER,LADAKH,0,1.0
1788498772.143,5110.1,2102.9,72.0,89.2,91.5,88.9,91.1,781.2,783.5,781.5,785.3,4.74,68.1,13.2,3.0,45.9,0.73,14.12,4.0,LANE_A,20000.0,-22.0,93.0,CRUISE_LOITER,LADAKH,0,1.0
1788498772.656,5113.8,2104.4,72.0,89.3,91.7,88.6,91.3,779.3,784.2,781.9,784.9,4.72,67.8,13.1,3.0,46.0,0.71,14.1,4.1,LANE_A,20000.0,-22.0,93.0,CRUISE_LOITER,LADAKH,0,1.0
1788498773.165,5132.7,2112.2,72.0,89.4,91.7,88.7,91.4,779.9,783.7,782.4,783.8,4.72,68.3,12.9,3.0,46.1,0.73,14.11,4.0,LANE_A,20000.0,-22.0,93.0,CRUISE_LOITER,LADAKH,0,1.0
1788498773.689,5122.6,2108.1,72.0,88.8,91.9,88.7,91.3,778.1,786.4,782.7,784.9,4.73,68.0,13.0,3.0,46.0,0.69,14.1,3.9,LANE_A,20000.0,-22.0,93.0,CRUISE_LOITER,LADAKH,0,1.0
1788498774.215,5122.3,2107.9,72.0,89.3,91.9,88.5,91.2,781.0,784.2,781.0,784.9,4.71,68.5,13.2,3.0,46.1,0.71,14.13,4.0,LANE_A,20000.0,-22.0,93.0,CRUISE_LOITER,LADAKH,0,1.0
1788498774.762,5111.2,2103.4,72.0,89.1,91.8,88.7,91.5,780.3,784.7,780.0,784.0,4.77,68.4,13.1,3.0,46.0,0.7,14.09,3.9,LANE_A,20000.0,-22.0,93.0,CRUISE_LOITER,LADAKH,0,1.0
1788498776.204,5110.5,2103.1,72.0,89.4,92.0,88.8,91.4,777.2,783.9,781.2,786.0,4.7,68.3,13.1,3.0,46.0,0.72,14.13,3.9,LANE_A,20000.0,-22.0,93.0,CRUISE_LOITER,LADAKH,0,1.0
1788498776.871,5107.8,2102.0,72.0,89.4,91.9,88.9,91.5,778.0,786.6,780.9,784.8,4.78,68.5,13.0,3.0,45.9,0.73,14.08,4.1,LANE_A,20000.0,-22.0,93.0,CRUISE_LOITER,LADAKH,0,1.0
1788498777.602,5122.4,2108.0,72.0,89.4,91.8,88.9,91.2,780.5,782.0,781.1,784.3,4.66,68.3,13.2,3.0,46.1,0.72,14.08,4.1,LANE_A,20000.0,-22.0,93.0,CRUISE_LOITER,LADAKH,0,1.0
1788498778.239,5121.0,2107.4,72.0,89.4,92.0,88.6,91.5,778.8,784.2,780.8,783.6,4.8,68.2,13.1,3.0,46.1,0.72,14.11,3.9,LANE_A,20000.0,-22.0,93.0,CRUISE_LOITER,LADAKH,0,1.0
1788498778.853,5115.5,2105.1,72.0,89.4,91.9,88.9,91.4,780.2,785.8,781.5,785.9,4.69,68.7,13.1,3.0,46.1,0.73,14.11,3.9,LANE_A,20000.0,-22.0,93.0,CRUISE_LOITER,LADAKH,0,1.0
1788498779.494,5116.1,2105.4,72.0,89.4,91.9,89.2,91.4,778.0,783.4,782.0,785.5,4.69,68.5,13.1,3.0,46.1,0.71,14.11,4.1,LANE_A,20000.0,-22.0,93.0,CRUISE_LOITER,LADAKH,0,1.0
1788498780.088,5102.7,2099.9,72.0,89.3,92.2,88.9,91.2,777.3,783.9,781.8,782.5,4.73,68.3,13.1,3.0,46.1,0.72,14.12,4.0,LANE_A,20000.0,-22.0,93.0,CRUISE_LOITER,LADAKH,0,1.0
1788498780.663,5116.0,2105.4,72.0,89.4,92.1,89.0,91.2,781.3,783.8,779.4,785.6,4.7,68.7,13.2,3.0,46.1,0.72,14.08,3.9,LANE_A,20000.0,-22.0,93.0,CRUISE_LOITER,LADAKH,0,1.0
1788498781.239,5095.2,2096.8,72.0,89.6,91.7,88.7,91.5,778.7,784.4,781.9,782.4,4.63,68.4,13.2,3.0,46.2,0.71,14.07,3.9,LANE_A,20000.0,-22.0,93.0,CRUISE_LOITER,LADAKH,0,1.0
1788498781.854,5092.0,2095.5,72.0,89.5,91.7,88.9,91.4,778.9,785.0,782.7,783.7,4.73,68.6,13.1,3.0,46.2,0.73,14.07,4.1,LANE_A,20000.0,-22.0,93.0,CRUISE_LOITER,LADAKH,0,1.0
1788498782.451,5113.2,2104.2,72.0,89.4,91.8,89.2,91.4,779.2,783.2,781.7,784.0,4.69,68.3,13.1,3.0,46.1,0.71,14.09,3.9,LANE_A,20000.0,-22.0,93.0,CRUISE_LOITER,LADAKH,0,1.0
1788498783.063,5117.8,2106.1,72.0,89.6,92.2,89.2,91.6,779.2,782.4,780.1,785.3,4.73,68.7,13.1,3.0,46.1,0.7,14.08,4.1,LANE_A,20000.0,-22.0,93.0,CRUISE_LOITER,LADAKH,0,1.0
1788498783.648,5105.3,2100.9,72.0,89.6,92.0,88.9,91.4,779.8,783.2,780.0,784.7,4.74,68.5,13.1,3.0,46.2,0.72,14.09,4.2,LANE_A,20000.0,-22.0,93.0,CRUISE_LOITER,LADAKH,0,1.0
1788498784.254,5116.6,2105.6,72.0,89.8,92.2,89.0,91.6,776.9,784.6,783.3,781.4,4.77,68.4,13.0,3.0,46.1,0.73,14.13,4.0,LANE_A,20000.0,-22.0,93.0,CRUISE_LOITER,LADAKH,0,1.0
1788498784.85,5094.6,2096.5,72.0,89.4,91.8,89.0,91.5,779.7,786.8,782.4,783.3,4.69,68.7,13.1,3.0,46.3,0.71,14.09,4.0,LANE_A,20000.0,-22.0,93.0,CRUISE_LOITER,LADAKH,0,1.0
1788498785.434,5115.1,2105.0,72.0,89.6,91.7,89.0,91.7,780.0,786.1,782.1,784.4,4.72,68.7,13.2,3.0,46.3,0.74,14.09,4.1,LANE_A,20000.0,-22.0,93.0,CRUISE_LOITER,LADAKH,0,1.0
1788498786.04,5120.1,2107.0,72.0,90.0,91.9,89.4,91.7,778.7,784.9,783.0,784.4,4.66,68.7,13.1,3.0,46.4,0.71,14.09,4.0,LANE_A,20000.0,-22.0,93.0,CRUISE_LOITER,LADAKH,0,1.0
1788498786.616,5108.6,2102.3,72.0,89.4,92.0,89.3,91.9,779.1,787.7,780.1,785.8,4.71,68.5,13.2,3.0,46.4,0.72,14.09,4.1,LANE_A,20000.0,-22.0,93.0,CRUISE_LOITER,LADAKH,0,1.0
1788498787.221,5111.3,2103.4,72.0,89.5,92.1,89.2,91.7,781.4,783.4,781.7,783.2,4.75,68.8,13.1,3.0,46.4,0.72,14.08,4.0,LANE_A,20000.0,-22.0,93.0,CRUISE_LOITER,LADAKH,0,1.0
1788498787.833,5116.8,2105.7,72.0,89.9,92.1,89.2,91.6,778.3,783.7,780.6,783.3,4.7,68.6,13.2,3.0,46.4,0.73,14.08,4.0,LANE_A,20000.0,-22.0,93.0,CRUISE_LOITER,LADAKH,0,1.0
1788498788.417,5110.9,2103.3,72.0,89.7,92.2,89.1,91.4,778.0,784.2,781.0,785.5,4.76,68.6,13.1,3.0,46.2,0.7,14.12,4.1,LANE_A,20000.0,-22.0,93.0,CRUISE_LOITER,LADAKH,0,1.0
1788498788.983,5112.1,2103.7,72.0,89.8,92.3,89.2,91.7,779.4,784.9,782.5,784.2,4.73,68.8,13.1,3.0,46.5,0.71,14.08,4.2,LANE_A,20000.0,-22.0,93.0,CRUISE_LOITER,LADAKH,0,1.0
1788498789.577,5092.7,2095.8,72.0,89.5,92.2,89.3,92.1,779.3,785.5,781.6,785.1,4.73,68.7,13.1,3.0,46.4,0.73,14.12,4.1,LANE_A,20000.0,-22.0,92.9,CRUISE_LOITER,LADAKH,0,1.0
1788498790.168,5093.6,2096.1,72.0,89.4,92.1,89.1,91.7,779.5,785.1,783.0,782.6,4.73,68.6,12.9,3.0,46.4,0.7,14.09,4.2,LANE_A,20000.0,-22.0,92.9,CRUISE_LOITER,LADAKH,0,1.0
1788498790.763,5109.2,2102.6,72.0,89.7,92.3,89.3,91.4,779.5,785.7,781.4,786.3,4.69,69.1,13.1,3.0,46.3,0.71,14.09,3.9,LANE_A,20000.0,-22.0,92.9,CRUISE_LOITER,LADAKH,0,1.0
1788498791.37,5103.7,2100.3,72.0,89.5,92.0,89.4,91.7,777.6,784.8,780.8,784.2,4.69,68.8,13.1,3.0,46.4,0.73,14.14,3.8,LANE_A,20000.0,-22.0,92.9,CRUISE_LOITER,LADAKH,0,1.0
1788498791.967,5122.1,2107.9,72.0,89.7,92.3,89.4,91.8,780.8,784.8,781.3,787.5,4.74,68.8,13.2,3.0,46.5,0.71,14.1,3.9,LANE_A,20000.0,-22.0,92.9,CRUISE_LOITER,LADAKH,0,1.0
1788498792.565,5111.8,2103.6,72.0,90.0,92.3,89.4,91.6,779.3,785.1,782.1,784.1,4.69,68.8,13.1,3.0,46.3,0.73,14.11,4.1,LANE_A,20000.0,-22.0,92.9,CRUISE_LOITER,LADAKH,0,1.0
1788498793.177,5132.8,2112.2,72.0,89.7,92.2,89.3,91.8,779.0,783.0,781.4,786.9,4.76,68.6,13.1,3.0,46.4,0.73,14.11,4.1,LANE_A,20000.0,-22.0,92.9,CRUISE_LOITER,LADAKH,0,1.0
1788498793.757,5109.1,2102.5,72.0,90.0,92.3,89.5,92.0,777.9,785.6,780.6,786.4,4.74,68.9,13.2,3.0,46.5,0.7,14.1,3.8,LANE_A,20000.0,-22.0,92.9,CRUISE_LOITER,LADAKH,0,1.0
1788498794.355,5124.3,2108.8,72.0,89.7,92.4,89.4,92.0,778.1,787.1,782.0,785.1,4.7,68.8,13.2,3.0,46.4,0.69,14.11,4.1,LANE_A,20000.0,-22.0,92.9,CRUISE_LOITER,LADAKH,0,1.0
1788498795.211,5092.3,2095.6,72.0,89.8,92.3,89.2,92.1,779.8,782.1,783.7,784.4,4.72,68.9,13.2,3.0,46.3,0.7,14.07,4.1,LANE_A,20000.0,-22.0,92.9,CRUISE_LOITER,LADAKH,0,1.0
1788498796.396,5111.4,2103.5,72.0,90.0,92.3,89.5,91.7,778.9,785.0,782.4,782.7,4.67,69.2,13.2,3.0,46.3,0.71,14.06,4.0,LANE_A,20000.0,-22.0,92.9,CRUISE_LOITER,LADAKH,0,1.0
1788498797.013,5113.2,2104.2,72.0,89.8,92.3,89.3,92.3,779.1,785.9,780.2,783.7,4.74,69.0,13.0,3.0,46.5,0.71,14.12,3.9,LANE_A,20000.0,-22.0,92.8,CRUISE_LOITER,LADAKH,0,1.0
1788498797.586,5100.6,2099.0,72.0,90.2,92.5,89.1,92.0,777.7,785.0,780.6,786.9,4.72,68.9,13.1,3.0,46.3,0.72,14.1,4.0,LANE_A,20000.0,-22.0,92.8,CRUISE_LOITER,LADAKH,0,1.0
1788498798.19,5126.9,2109.8,72.0,90.2,92.6,89.7,91.7,779.9,783.1,779.5,784.1,4.72,69.0,13.2,3.0,46.5,0.71,14.1,4.2,LANE_A,20000.0,-22.0,92.8,CRUISE_LOITER,LADAKH,0,1.0
1788498798.786,5112.8,2104.0,72.0,90.0,92.3,89.6,91.8,780.0,785.7,781.3,782.8,4.69,69.1,13.2,3.0,46.8,0.72,14.06,4.0,LANE_A,20000.0,-22.0,92.8,CRUISE_LOITER,LADAKH,0,1.0
1788498799.362,5109.7,2102.8,72.0,90.2,92.7,89.4,92.1,778.2,785.5,781.9,785.1,4.74,69.0,13.2,3.0,46.6,0.71,14.09,4.1,LANE_A,20000.0,-22.0,92.8,CRUISE_LOITER,LADAKH,0,1.0
1788498799.949,5114.6,2104.8,72.0,90.1,92.4,89.7,92.0,778.5,786.2,780.5,782.7,4.67,69.1,13.3,3.0,46.7,0.72,14.14,3.9,LANE_A,20000.0,-22.0,92.8,CRUISE_LOITER,LADAKH,0,1.0
1788498800.545,5092.2,2095.6,72.0,90.1,92.9,89.7,92.0,779.2,783.6,779.0,784.9,4.77,68.8,13.3,3.0,46.6,0.71,14.1,4.0,LANE_A,20000.0,-22.0,92.8,CRUISE_LOITER,LADAKH,0,1.0
1788498801.472,5121.6,2107.7,72.0,90.1,92.4,89.5,91.9,778.9,785.4,779.9,785.3,4.7,69.1,13.2,3.0,46.5,0.69,14.09,4.0,LANE_A,20000.0,-22.0,92.7,CRUISE_LOITER,LADAKH,0,1.0
1788498802.073,5106.4,2101.4,72.0,90.2,93.0,89.9,92.0,778.9,784.2,781.4,786.9,4.72,69.2,13.4,3.0,46.7,0.72,14.1,4.0,LANE_A,20000.0,-22.0,92.7,CRUISE_LOITER,LADAKH,0,1.0
1788498802.646,5136.1,2113.6,72.0,90.1,92.7,89.8,91.8,779.9,785.3,782.5,783.8,4.69,69.3,13.1,3.0,46.5,0.71,14.06,4.1,LANE_A,20000.0,-22.0,92.7,CRUISE_LOITER,LADAKH,0,1.0
1788498803.224,5103.7,2100.3,72.0,90.0,92.8,89.7,92.3,780.7,784.0,781.8,783.7,4.67,69.1,13.2,3.0,46.6,0.73,14.1,4.1,LANE_A,20000.0,-22.0,92.7,CRUISE_LOITER,LADAKH,0,1.0
1788498803.85,5108.4,2102.2,72.0,89.9,92.7,89.7,92.3,779.4,784.2,779.2,785.2,4.72,69.1,13.4,3.0,46.6,0.74,14.1,4.0,LANE_A,20000.0,-22.0,92.7,CRUISE_LOITER,LADAKH,0,1.0
1788498804.433,5138.8,2114.7,72.0,90.3,92.2,89.8,92.2,778.0,784.9,780.2,784.7,4.75,69.3,13.2,3.0,46.7,0.75,14.09,4.1,LANE_A,20000.0,-22.0,92.7,CRUISE_LOITER,LADAKH,0,1.0
1788498805.034,5121.0,2107.4,72.0,90.4,92.5,89.5,92.0,778.9,784.1,781.3,783.6,4.72,69.3,13.3,3.0,46.7,0.71,14.1,4.1,LANE_A,20000.0,-22.0,92.6,CRUISE_LOITER,LADAKH,0,1.0
1788498805.633,5118.3,2106.3,72.0,90.3,92.9,89.7,92.6,778.5,783.7,781.8,784.4,4.69,69.2,13.4,3.0,46.8,0.71,14.09,4.0,LANE_A,20000.0,-22.0,92.6,CRUISE_LOITER,LADAKH,0,1.0
1788498806.267,5101.5,2099.4,72.0,90.4,92.6,89.9,92.1,780.9,783.5,780.1,783.3,4.74,69.3,13.1,3.0,46.6,0.73,14.12,3.9,LANE_A,20000.0,-22.0,92.6,CRUISE_LOITER,LADAKH,0,1.0
1788498806.866,5121.8,2107.7,72.0,90.5,92.9,89.8,92.4,781.0,783.4,779.8,783.2,4.72,69.2,13.3,3.0,46.6,0.7,14.1,4.0,LANE_A,20000.0,-22.0,92.6,CRUISE_LOITER,LADAKH,0,1.0
1788498807.448,5094.8,2096.6,72.0,90.5,93.0,89.8,92.4,778.5,785.6,782.4,784.9,4.75,69.3,13.3,3.0,46.8,0.71,14.1,4.0,LANE_A,20000.0,-22.0,92.6,CRUISE_LOITER,LADAKH,0,1.0
1788498808.057,5102.8,2099.9,72.0,90.1,92.8,89.9,92.4,777.2,783.5,781.0,785.1,4.67,69.3,13.4,3.0,46.9,0.73,14.07,4.1,LANE_A,20000.0,-22.0,92.5,CRUISE_LOITER,LADAKH,0,1.0
1788498808.668,5100.9,2099.1,72.0,90.5,92.6,89.5,92.5,780.1,784.1,782.1,785.1,4.69,69.0,13.3,3.0,46.6,0.7,14.09,4.0,LANE_A,20000.0,-22.0,92.5,CRUISE_LOITER,LADAKH,0,1.0
1788498809.278,5105.9,2101.2,72.0,90.7,93.0,89.8,92.7,779.9,783.3,781.4,783.6,4.75,69.5,13.4,3.0,46.8,0.72,14.11,4.0,LANE_A,20000.0,-22.0,92.5,CRUISE_LOITER,LADAKH,0,1.0
1788498809.874,5108.5,2102.3,72.0,90.4,93.1,90.0,92.5,779.3,784.5,781.6,782.9,4.74,69.4,13.2,3.0,46.7,0.71,14.13,3.8,LANE_A,20000.0,-22.0,92.5,CRUISE_LOITER,LADAKH,0,1.0
1788498810.469,5110.9,2103.3,72.0,90.6,92.8,90.0,92.6,779.4,785.0,778.4,785.9,4.66,69.5,13.4,3.0,46.7,0.69,14.09,4.0,LANE_A,20000.0,-22.0,92.5,CRUISE_LOITER,LADAKH,0,1.0
1788498811.075,5116.6,2105.6,72.0,90.4,92.9,89.7,92.2,778.4,783.3,781.4,783.7,4.69,69.6,13.4,3.0,46.8,0.72,14.12,4.0,LANE_A,20000.0,-22.0,92.4,CRUISE_LOITER,LADAKH,0,1.0
1788498811.663,5115.6,2105.2,72.0,90.7,93.0,89.9,92.8,778.7,784.8,781.1,784.7,4.69,69.3,13.3,3.0,46.9,0.71,14.12,3.9,LANE_A,20000.0,-22.0,92.4,CRUISE_LOITER,LADAKH,0,1.0
1788498812.262,5097.7,2097.8,72.0,90.5,93.1,90.1,92.5,778.5,783.9,779.6,784.9,4.72,69.5,13.2,3.0,47.0,0.71,14.12,4.1,LANE_A,20000.0,-22.0,92.4,CRUISE_LOITER,LADAKH,0,1.0
1788498812.884,5126.6,2109.7,72.0,90.7,93.0,89.9,92.1,781.0,782.4,778.9,783.3,4.69,69.2,13.4,3.0,46.7,0.73,14.11,3.9,LANE_A,20000.0,-22.0,92.4,CRUISE_LOITER,LADAKH,0,1.0
1788498813.466,5097.7,2097.8,72.0,90.7,93.3,90.1,92.5,779.4,782.7,782.8,783.3,4.71,69.8,13.4,3.0,46.9,0.7,14.1,4.1,LANE_A,20000.0,-22.0,92.3,CRUISE_LOITER,LADAKH,0,1.0
1788498814.063,5105.7,2101.1,72.0,90.5,93.3,90.0,92.3,780.2,783.6,782.3,784.4,4.71,69.7,13.3,3.0,46.9,0.72,14.09,4.0,LANE_A,20000.0,-22.0,92.3,CRUISE_LOITER,LADAKH,0,1.0
1788498814.713,5117.8,2106.1,72.0,90.6,93.3,90.2,92.7,778.9,783.1,780.5,784.8,4.7,69.5,13.4,3.0,46.9,0.71,14.1,3.9,LANE_A,20000.0,-22.0,92.3,CRUISE_LOITER,LADAKH,0,1.0
1788498816.125,5085.1,2092.6,72.0,90.9,93.0,90.0,92.5,778.6,785.1,782.4,784.0,4.75,69.8,13.4,3.0,47.0,0.74,14.08,3.9,LANE_A,20000.0,-22.0,92.3,CRUISE_LOITER,LADAKH,0,1.0
1788498816.734,5122.5,2108.0,72.0,90.5,93.1,90.2,92.7,779.7,787.0,780.1,785.0,4.69,69.7,13.4,3.0,46.9,0.71,14.1,4.0,LANE_A,20000.0,-22.0,92.2,CRUISE_LOITER,LADAKH,0,1.0
1788498817.364,5097.6,2097.8,72.0,90.9,93.0,90.6,92.8,780.3,783.2,783.1,785.1,4.75,69.7,13.3,3.0,47.0,0.72,14.1,3.8,LANE_A,20000.0,-22.0,92.2,CRUISE_LOITER,LADAKH,0,1.0
1788498817.987,5120.0,2107.0,72.0,91.0,93.2,90.4,92.5,780.2,783.6,780.5,783.4,4.65,69.6,13.4,3.0,47.1,0.72,14.13,4.0,LANE_A,20000.0,-22.0,92.2,CRUISE_LOITER,LADAKH,0,1.0
1788498818.606,5101.4,2099.4,72.0,90.8,93.2,90.2,92.5,780.6,784.6,780.1,786.3,4.7,69.8,13.2,3.0,46.7,0.72,14.11,3.9,LANE_A,20000.0,-22.0,92.1,CRUISE_LOITER,LADAKH,0,1.0
1788498819.216,5128.2,2110.4,72.0,90.8,93.5,90.4,92.9,781.1,785.5,780.4,784.6,4.73,69.7,13.4,3.0,47.0,0.72,14.14,3.9,LANE_A,20000.0,-22.0,92.1,CRUISE_LOITER,LADAKH,0,1.0
1788498819.83,5091.3,2095.2,72.0,91.0,93.2,90.2,93.0,779.5,784.4,782.3,785.1,4.7,69.8,13.3,3.0,47.0,0.72,14.08,3.9,LANE_A,20000.0,-22.0,92.1,CRUISE_LOITER,LADAKH,0,1.0
1788498820.427,5104.8,2100.7,72.0,90.8,93.1,90.3,92.9,777.6,785.0,778.2,783.7,4.7,69.9,13.3,3.0,46.9,0.72,14.06,4.0,LANE_A,20000.0,-22.0,92.1,CRUISE_LOITER,LADAKH,0,1.0
1788498821.021,5100.8,2099.1,72.0,90.9,92.9,90.2,92.7,780.5,785.7,780.5,786.4,4.7,69.7,13.4,3.0,47.1,0.71,14.12,4.0,LANE_A,20000.0,-22.0,92.0,CRUISE_LOITER,LADAKH,0,1.0
1788498821.614,5125.8,2109.4,72.0,90.8,93.1,90.8,92.6,780.5,785.0,780.6,783.3,4.72,69.7,13.4,3.0,47.0,0.71,14.09,3.8,LANE_A,20000.0,-22.0,92.0,CRUISE_LOITER,LADAKH,0,1.0
1788498822.214,5113.0,2104.1,72.0,90.9,93.7,90.4,93.1,776.4,785.7,779.5,782.8,4.73,69.9,13.4,3.0,47.0,0.71,14.12,3.9,LANE_A,20000.0,-22.0,92.0,CRUISE_LOITER,LADAKH,0,1.0
1788498822.82,5110.0,2102.9,72.0,90.9,93.3,90.2,93.1,778.4,784.7,779.5,784.0,4.78,69.8,13.2,3.0,47.0,0.72,14.12,4.0,LANE_A,20000.0,-22.0,91.9,CRUISE_LOITER,LADAKH,0,1.0
1788498823.418,5117.5,2106.0,72.0,90.8,93.5,90.7,93.0,778.6,786.5,781.6,781.8,4.71,69.9,13.4,3.0,46.8,0.69,14.12,3.8,LANE_A,20000.0,-22.0,91.9,CRUISE_LOITER,LADAKH,0,1.0
1788498824.024,5086.7,2093.3,72.0,91.0,93.4,90.2,92.8,779.5,785.4,780.7,784.9,4.71,70.1,13.4,3.0,47.1,0.71,14.07,4.0,LANE_A,20000.0,-22.0,91.9,CRUISE_LOITER,LADAKH,0,1.0
1788498824.627,5104.7,2100.7,72.0,91.3,93.6,90.8,93.2,779.2,783.3,781.3,784.0,4.69,70.3,13.3,3.0,47.3,0.72,14.08,3.9,LANE_A,20000.0,-22.0,91.8,CRUISE_LOITER,LADAKH,0,1.0
1788498825.259,5116.3,2105.5,72.0,90.9,93.3,90.7,92.8,778.9,784.8,783.6,783.7,4.7,69.9,13.5,3.0,47.0,0.72,14.09,3.9,LANE_A,20000.0,-22.0,91.8,CRUISE_LOITER,LADAKH,0,1.0
1788498825.87,5125.6,2109.3,72.0,91.0,93.5,90.8,93.0,781.5,784.4,781.2,785.1,4.68,70.0,13.4,3.0,47.2,0.72,14.07,4.0,LANE_A,20000.0,-22.0,91.8,CRUISE_LOITER,LADAKH,0,1.0
1788498826.491,5101.0,2099.2,72.0,91.0,93.6,90.7,93.2,780.3,785.2,782.0,783.8,4.7,70.0,13.4,3.0,47.2,0.73,14.1,4.0,LANE_A,20000.0,-22.0,91.7,CRUISE_LOITER,LADAKH,0,1.0
1788498827.081,5093.7,2096.2,72.0,91.0,93.5,90.5,93.3,777.3,783.5,782.3,785.4,4.72,69.7,13.5,3.0,47.3,0.72,14.1,3.9,LANE_A,20000.0,-22.0,91.7,CRUISE_LOITER,LADAKH,0,1.0
1788498827.657,5115.5,2105.1,72.0,91.0,93.3,91.0,93.1,779.3,784.0,780.8,783.0,4.66,70.1,13.3,3.0,47.2,0.72,14.07,4.0,LANE_A,20000.0,-22.0,91.7,CRUISE_LOITER,LADAKH,0,1.0
1788498828.271,5098.0,2097.9,72.0,91.2,93.8,90.6,93.0,780.8,785.7,782.4,782.4,4.71,70.4,13.4,3.0,47.0,0.71,14.11,4.0,LANE_A,20000.0,-22.0,91.6,CRUISE_LOITER,LADAKH,0,1.0
1788498828.848,5098.5,2098.2,72.0,91.0,93.8,90.7,93.2,777.0,784.2,781.5,783.8,4.72,70.2,13.5,3.0,47.2,0.71,14.1,4.0,LANE_A,20000.0,-22.0,91.6,CRUISE_LOITER,LADAKH,0,1.0
1788498829.458,5128.1,2110.3,72.0,91.3,93.7,90.6,93.3,781.3,783.2,781.5,784.3,4.76,70.1,13.5,3.0,47.2,0.7,14.09,3.9,LANE_A,20000.0,-22.0,91.6,CRUISE_LOITER,LADAKH,0,1.0
1788498830.035,5126.5,2109.7,72.0,91.4,93.6,90.9,93.1,778.2,782.7,781.2,783.4,4.7,70.5,13.5,3.0,47.3,0.69,14.1,4.0,LANE_A,20000.0,-22.0,91.5,CRUISE_LOITER,LADAKH,0,1.0
1788498830.63,5116.1,2105.4,72.0,91.5,93.9,90.6,93.5,779.7,783.5,780.9,783.2,4.72,70.3,13.5,3.0,47.3,0.71,14.1,4.0,LANE_A,20000.0,-22.0,91.5,CRUISE_LOITER,LADAKH,0,1.0
1788498831.235,5108.9,2102.4,72.0,91.2,94.0,90.7,93.3,780.2,783.0,779.1,784.8,4.69,70.3,13.5,3.0,47.3,0.73,14.13,4.0,LANE_A,20000.0,-22.0,91.5,CRUISE_LOITER,LADAKH,0,1.0
1788498831.838,5109.6,2102.7,72.0,91.4,93.8,90.9,93.3,779.5,783.1,783.9,785.3,4.72,70.2,13.5,3.0,47.3,0.7,14.09,4.0,LANE_A,20000.0,-22.0,91.4,CRUISE_LOITER,LADAKH,0,1.0
1788498832.43,5107.7,2101.9,72.0,91.4,94.1,90.9,93.2,777.7,785.4,778.4,784.1,4.72,70.5,13.5,3.0,47.3,0.72,14.1,3.9,LANE_A,20000.0,-22.0,91.4,CRUISE_LOITER,LADAKH,0,1.0
1788498833.032,5092.6,2095.7,72.0,91.5,94.1,91.3,93.3,777.7,783.2,781.2,784.3,4.66,70.3,13.4,3.0,47.3,0.7,14.11,3.8,LANE_A,20000.0,-22.0,91.4,CRUISE_LOITER,LADAKH,0,1.0
1788498833.609,5111.6,2103.5,72.0,91.4,93.8,90.9,93.3,779.0,785.1,780.4,784.4,4.71,70.3,13.4,3.0,47.4,0.74,14.12,3.9,LANE_A,20000.0,-22.0,91.3,CRUISE_LOITER,LADAKH,0,1.0
1788498834.192,5108.5,2102.2,72.0,91.6,94.2,91.1,93.6,779.2,787.2,780.9,783.5,4.7,70.7,13.4,3.0,47.1,0.73,14.07,3.8,LANE_A,20000.0,-22.0,91.3,CRUISE_LOITER,LADAKH,0,1.0
1788498834.778,5100.3,2098.9,72.0,91.5,94.3,91.1,93.5,781.3,784.0,781.1,780.9,4.69,70.3,13.3,3.0,47.5,0.71,14.08,4.0,LANE_A,20000.0,-22.0,91.3,CRUISE_LOITER,LADAKH,0,1.0
1788498836.24,5109.5,2102.7,72.0,91.5,93.9,91.4,93.4,783.4,784.4,779.4,782.5,4.7,70.3,13.3,3.0,47.6,0.72,14.11,4.2,LANE_A,20000.0,-22.0,91.2,CRUISE_LOITER,LADAKH,0,1.0
1788498836.855,5113.2,2104.2,72.0,91.3,94.0,91.0,93.6,779.6,787.1,783.0,784.5,4.71,70.4,13.4,3.0,47.5,0.72,14.1,4.1,LANE_A,20000.0,-22.0,91.2,CRUISE_LOITER,LADAKH,0,1.0
1788498837.451,5110.7,2103.2,72.0,91.7,93.8,90.9,93.7,779.9,783.0,779.8,783.4,4.68,70.5,13.4,3.0,47.4,0.73,14.1,4.1,LANE_A,20000.0,-22.0,91.1,CRUISE_LOITER,LADAKH,0,1.0
1788498838.058,5116.3,2105.5,72.0,91.3,94.0,91.0,93.6,776.7,785.1,780.5,785.6,4.66,70.3,13.5,3.0,47.5,0.71,14.09,4.1,LANE_A,20000.0,-22.0,91.1,CRUISE_LOITER,LADAKH,0,1.0
1788498838.66,5129.3,2110.8,72.0,91.5,94.0,91.0,93.6,779.3,784.4,782.0,783.0,4.62,70.5,13.5,3.0,47.5,0.71,14.12,3.9,LANE_A,20000.0,-22.0,91.1,CRUISE_LOITER,LADAKH,0,1.0
1788498839.282,5115.3,2105.1,72.0,91.5,94.2,91.4,94.0,779.0,783.9,781.8,782.7,4.71,70.5,13.4,3.0,47.3,0.71,14.13,4.1,LANE_A,20000.0,-22.0,91.0,CRUISE_LOITER,LADAKH,0,1.0
1788498839.879,5108.7,2102.4,72.0,91.5,94.3,91.1,93.6,780.8,785.1,780.4,783.2,4.67,70.7,13.3,3.0,47.5,0.73,14.1,3.9,LANE_A,20000.0,-22.0,91.0,CRUISE_LOITER,LADAKH,0,1.0
1788498840.478,5091.8,2095.4,72.0,91.7,94.5,91.2,93.3,777.1,785.1,781.9,784.8,4.71,70.8,13.4,3.0,47.5,0.72,14.09,4.0,LANE_A,20000.0,-22.0,90.9,CRUISE_LOITER,LADAKH,0,1.0
1788498841.063,5106.5,2101.5,72.0,91.7,94.5,91.3,93.6,779.8,787.1,780.8,784.6,4.65,70.7,13.5,3.0,47.6,0.72,14.12,3.9,LANE_A,20000.0,-22.0,90.9,CRUISE_LOITER,LADAKH,0,1.0
1788498841.658,5124.7,2108.9,72.0,91.9,94.1,91.1,93.9,777.2,784.7,782.2,783.8,4.71,70.7,13.3,3.0,47.4,0.72,14.08,3.6,LANE_A,20000.0,-22.0,90.9,CRUISE_LOITER,LADAKH,0,1.0
1788498842.246,5104.9,2100.8,72.0,91.6,94.2,91.6,93.8,779.0,784.5,782.1,785.0,4.68,70.6,13.4,3.0,47.5,0.7,14.14,3.9,LANE_A,20000.0,-22.0,90.8,CRUISE_LOITER,LADAKH,0,1.0
1788498842.862,5127.3,2110.0,72.0,91.8,94.5,91.2,94.0,781.3,783.4,781.2,782.7,4.7,70.8,13.5,3.0,47.4,0.73,14.12,4.2,LANE_A,20000.0,-22.0,90.8,CRUISE_LOITER,LADAKH,0,1.0
1788498843.464,5114.4,2104.7,72.0,92.1,94.3,91.2,93.8,778.6,784.5,781.6,783.7,4.74,70.6,13.5,3.0,47.6,0.75,14.12,4.0,LANE_A,20000.0,-22.0,90.7,CRUISE_LOITER,LADAKH,0,1.0
1788498844.043,5120.9,2107.4,72.0,91.9,94.1,91.5,93.8,780.0,782.9,781.9,784.5,4.69,70.7,13.6,3.0,47.6,0.73,14.11,3.9,LANE_A,20000.0,-22.0,90.7,CRUISE_LOITER,LADAKH,0,1.0
1788498844.634,5106.5,2101.4,72.0,91.8,94.2,91.6,93.8,779.9,785.7,780.0,785.1,4.66,70.8,13.6,3.0,47.5,0.72,14.12,4.0,LANE_A,20000.0,-22.0,90.6,CRUISE_LOITER,LADAKH,0,1.0
1788498845.219,5126.2,2109.5,72.0,92.0,94.5,91.2,94.1,778.4,784.9,780.9,784.0,4.66,70.7,13.6,3.0,47.5,0.73,14.1,4.0,LANE_A,20000.0,-22.0,90.6,CRUISE_LOITER,LADAKH,0,1.0
1788498845.825,5116.4,2105.5,72.0,92.3,94.5,91.2,93.9,780.4,783.8,782.9,783.6,4.72,70.9,13.6,3.0,47.5,0.72,14.1,4.0,LANE_A,20000.0,-22.0,90.6,CRUISE_LOITER,LADAKH,0,1.0
1788498846.425,5133.0,2112.4,72.0,91.9,94.4,91.7,94.0,779.2,786.0,782.9,784.2,4.73,71.1,13.5,3.0,47.5,0.73,14.1,3.9,LANE_A,20000.0,-22.0,90.5,CRUISE_LOITER,LADAKH,0,1.0
1788498847.021,5089.9,2094.6,72.0,92.2,94.2,91.9,94.0,777.7,783.6,780.4,785.6,4.66,71.0,13.4,3.0,47.5,0.71,14.08,4.0,LANE_A,20000.0,-22.0,90.5,CRUISE_LOITER,LADAKH,0,1.0
1788498847.628,5119.6,2106.8,72.0,92.2,94.8,91.8,94.2,777.1,784.6,781.1,784.3,4.69,71.1,13.6,3.0,47.4,0.72,14.12,3.9,LANE_A,20000.0,-22.0,90.4,CRUISE_LOITER,LADAKH,0,1.0
1788498848.225,5116.6,2105.6,72.0,92.1,94.8,91.1,93.9,778.4,783.5,780.5,784.0,4.71,71.1,13.6,3.0,47.6,0.7,14.11,3.9,LANE_A,20000.0,-22.0,90.4,CRUISE_LOITER,LADAKH,0,1.0
1788498848.893,5111.2,2103.4,72.0,92.1,94.6,91.8,94.1,780.6,785.0,780.7,784.8,4.62,71.0,13.5,3.0,47.6,0.7,14.1,4.2,LANE_A,20000.0,-22.0,90.3,CRUISE_LOITER,LADAKH,0,1.0
1788498849.491,5128.8,2110.6,72.0,92.0,94.5,91.7,94.0,776.9,782.0,779.6,785.4,4.7,70.8,13.6,3.0,47.5,0.72,14.1,4.0,LANE_A,20000.0,-22.0,90.3,CRUISE_LOITER,LADAKH,0,1.0
1788498850.112,5136.6,2113.8,72.0,92.6,94.5,91.7,94.2,776.3,782.6,780.4,785.3,4.66,70.8,13.6,3.0,47.7,0.72,14.1,4.1,LANE_A,20000.0,-22.0,90.3,CRUISE_LOITER,LADAKH,0,1.0
1788498850.715,5096.0,2097.1,72.0,92.2,94.9,91.8,94.1,780.4,784.1,780.9,784.2,4.69,71.2,13.6,3.0,47.7,0.72,14.11,4.1,LANE_A,20000.0,-22.0,90.2,CRUISE_LOITER,LADAKH,0,1.0
1788498851.289,5123.9,2108.6,72.0,92.1,94.9,91.7,94.2,778.5,782.5,779.4,784.3,4.71,71.4,13.4,3.0,47.5,0.68,14.07,3.8,LANE_A,20000.0,-22.0,90.2,CRUISE_LOITER,LADAKH,0,1.0
1788498851.908,5109.3,2102.6,72.0,91.8,94.5,92.1,94.3,777.0,784.9,781.0,784.9,4.7,71.1,13.6,3.0,47.9,0.72,14.07,4.0,LANE_A,20000.0,-22.0,90.1,CRUISE_LOITER,LADAKH,0,1.0
1788498852.51,5115.7,2105.2,72.0,92.3,94.7,91.7,94.0,780.4,784.3,783.4,784.1,4.67,71.2,13.6,3.0,47.6,0.72,14.09,3.9,LANE_A,20000.0,-22.0,90.1,CRUISE_LOITER,LADAKH,0,1.0
1788498853.09,5115.0,2105.0,72.0,92.6,94.7,92.1,94.4,779.7,784.1,781.4,783.5,4.66,71.1,13.5,3.0,47.6,0.71,14.11,4.1,LANE_A,20000.0,-22.0,90.0,CRUISE_LOITER,LADAKH,0,1.0
1788498853.692,5134.8,2113.1,72.0,92.2,94.6,91.9,94.7,778.5,782.2,781.3,783.8,4.66,70.9,13.4,3.0,47.9,0.69,14.11,3.9,LANE_A,20000.0,-22.0,90.0,CRUISE_LOITER,LADAKH,0,1.0
1788498854.315,5095.8,2097.0,72.0,92.6,94.6,92.1,94.3,778.8,783.0,778.6,784.9,4.63,71.0,13.5,3.0,47.7,0.73,14.1,4.0,LANE_A,20000.0,-22.0,89.9,CRUISE_LOITER,LADAKH,0,1.0
1788498854.898,5126.1,2109.5,72.0,92.5,94.9,92.0,94.3,779.8,784.3,780.3,783.6,4.69,71.2,13.6,3.0,47.7,0.7,14.1,3.9,LANE_A,20000.0,-22.0,89.9,CRUISE_LOITER,LADAKH,0,1.0
1788498856.271,5139.3,2114.9,72.0,92.2,94.9,92.0,94.6,778.4,784.0,780.0,785.2,4.68,71.2,13.4,3.0,47.5,0.72,14.09,4.0,LANE_A,20000.0,-22.0,89.8,CRUISE_LOITER,LADAKH,0,1.0
1788498856.841,5117.0,2105.7,72.0,92.2,95.0,91.7,94.4,778.9,783.5,781.6,783.9,4.71,71.3,13.7,3.0,47.6,0.74,14.11,4.1,LANE_A,20000.0,-22.0,89.8,CRUISE_LOITER,LADAKH,0,1.0
1788498857.394,5118.9,2106.5,72.0,92.5,94.9,91.9,94.5,778.9,784.5,779.2,784.5,4.67,71.2,13.5,3.0,48.0,0.74,14.1,3.9,LANE_A,20000.0,-22.0,89.8,CRUISE_LOITER,LADAKH,0,1.0
1788498857.973,5089.9,2094.6,72.0,92.3,95.1,92.3,94.2,777.0,784.5,781.3,782.6,4.68,71.3,13.5,3.0,47.9,0.74,14.13,4.0,LANE_A,20000.0,-22.0,89.7,CRUISE_LOITER,LADAKH,0,1.0
1788498858.53,5122.0,2107.8,72.0,92.7,95.4,92.3,94.7,781.9,785.4,782.0,785.7,4.72,71.5,13.7,3.0,48.0,0.75,14.1,4.0,LANE_A,20000.0,-22.0,89.7,CRUISE_LOITER,LADAKH,0,1.0
1788498859.084,5126.9,2109.8,72.0,92.2,95.4,92.2,94.4,778.0,783.7,781.1,783.6,4.71,71.3,13.6,3.0,47.9,0.7,14.07,4.2,LANE_A,20000.0,-22.0,89.6,CRUISE_LOITER,LADAKH,0,1.0
1788498859.651,5120.8,2107.3,72.0,93.0,94.9,92.0,94.3,778.3,784.7,780.8,783.8,4.7,71.7,13.6,3.0,47.9,0.71,14.15,4.1,LANE_A,20000.0,-22.0,89.6,CRUISE_LOITER,LADAKH,0,1.0
1788498860.206,5097.5,2097.8,72.0,92.8,95.3,92.4,94.9,779.7,782.3,781.2,786.2,4.64,71.4,13.6,3.0,47.8,0.72,14.11,3.9,LANE_A,20000.0,-22.0,89.5,CRUISE_LOITER,LADAKH,0,1.0
1788498860.744,5111.6,2103.5,72.0,93.0,95.5,92.2,94.7,778.6,784.1,779.8,784.3,4.67,71.6,13.5,3.0,47.9,0.72,14.09,3.9,LANE_A,20000.0,-22.0,89.5,CRUISE_LOITER,LADAKH,0,1.0
1788498861.295,5114.5,2104.7,72.0,92.9,95.2,92.3,94.6,778.5,785.4,779.5,782.2,4.71,71.5,13.6,3.0,47.6,0.72,14.12,4.0,LANE_A,20000.0,-22.0,89.4,CRUISE_LOITER,LADAKH,0,1.0
1788498861.879,5109.8,2102.8,72.0,92.7,95.5,92.5,94.8,778.5,784.0,781.8,785.2,4.74,71.7,13.6,3.0,47.9,0.71,14.13,4.1,LANE_A,20000.0,-22.0,89.4,CRUISE_LOITER,LADAKH,0,1.0
1788498862.499,5109.5,2102.7,72.0,92.8,95.2,92.5,94.5,778.5,786.0,782.7,784.5,4.66,71.7,13.5,3.0,48.1,0.72,14.11,4.2,LANE_A,20000.0,-22.0,89.3,CRUISE_LOITER,LADAKH,0,1.0
1788498863.098,5108.1,2102.1,72.0,92.8,95.3,92.3,94.7,779.5,785.6,780.3,784.2,4.67,71.5,13.5,3.0,47.9,0.74,14.07,3.9,LANE_A,20000.0,-22.0,89.3,CRUISE_LOITER,LADAKH,0,1.0
1788498863.71,5113.3,2104.3,72.0,92.6,95.3,92.4,94.8,779.3,782.9,781.4,786.0,4.69,71.4,13.7,3.0,47.9,0.73,14.12,4.2,LANE_A,20000.0,-22.0,89.2,CRUISE_LOITER,LADAKH,0,1.0
1788498864.28,5114.9,2104.9,72.0,92.8,95.2,92.3,95.2,778.1,783.4,781.0,785.3,4.64,71.5,13.7,3.0,48.0,0.72,14.07,3.9,LANE_A,20000.0,-22.0,89.2,CRUISE_LOITER,LADAKH,0,1.0
1788498864.877,5088.9,2094.2,72.0,93.0,95.3,92.7,94.8,779.4,785.6,780.8,784.5,4.7,71.6,13.5,3.0,47.9,0.72,14.11,4.0,LANE_A,20000.0,-22.0,89.1,CRUISE_LOITER,LADAKH,0,1.0
1788498865.472,5124.5,2108.8,72.0,92.9,95.4,92.4,94.9,778.9,784.6,781.1,782.7,4.67,71.8,13.6,3.0,48.1,0.73,14.07,4.0,LANE_A,20000.0,-22.0,89.1,CRUISE_LOITER,LADAKH,0,1.0
1788498866.036,5108.1,2102.1,72.0,93.0,95.2,92.3,95.0,780.3,783.0,781.5,786.9,4.69,71.9,13.6,3.0,47.8,0.72,14.1,3.9,LANE_A,20000.0,-22.0,89.0,CRUISE_LOITER,LADAKH,0,1.0
1788498866.632,5122.3,2107.9,72.0,93.4,95.8,92.3,95.2,782.1,783.8,779.9,785.4,4.69,72.0,13.7,3.0,48.0,0.71,14.08,3.9,LANE_A,20000.0,-22.0,89.0,CRUISE_LOITER,LADAKH,0,1.0
1788498867.208,5106.2,2101.3,72.0,93.2,95.7,92.5,95.1,778.4,782.7,782.1,784.4,4.71,72.0,13.7,3.0,47.9,0.68,14.08,3.9,LANE_A,20000.0,-22.0,88.9,CRUISE_LOITER,LADAKH,0,1.0
1788498867.784,5103.7,2100.3,72.0,93.1,95.7,92.7,94.9,779.9,783.6,778.3,784.5,4.76,71.7,13.6,3.0,48.1,0.72,14.1,4.2,LANE_A,20000.0,-22.0,88.9,CRUISE_LOITER,LADAKH,0,1.0
1788498868.35,5125.6,2109.3,72.0,93.2,95.8,92.8,95.2,781.5,783.9,780.4,785.2,4.69,71.7,13.8,3.0,48.1,0.7,14.07,4.1,LANE_A,20000.0,-22.0,88.8,CRUISE_LOITER,LADAKH,0,1.0
1788498868.923,5130.0,2111.1,72.0,93.0,95.6,92.4,95.2,779.8,783.7,780.3,784.4,4.65,72.0,13.6,3.0,48.0,0.7,14.08,4.1,LANE_A,20000.0,-22.0,88.8,CRUISE_LOITER,LADAKH,0,1.0
1788498869.504,5111.9,2103.7,72.0,93.1,95.5,92.5,95.4,780.7,782.3,779.5,782.6,4.66,72.0,13.7,3.0,48.2,0.7,14.13,4.0,LANE_A,20000.0,-22.0,88.7,CRUISE_LOITER,LADAKH,0,1.0
1788498870.069,5146.1,2117.8,72.0,93.2,95.5,92.7,95.4,780.5,784.7,781.6,784.5,4.68,72.0,13.7,3.0,48.0,0.69,14.12,4.0,LANE_A,20000.0,-22.0,88.7,CRUISE_LOITER,LADAKH,0,1.0
1788498870.689,5137.3,2114.1,72.0,93.2,96.0,92.9,95.2,778.9,783.5,781.7,783.5,4.68,72.0,13.6,3.0,48.0,0.74,14.08,4.1,LANE_A,20000.0,-22.0,88.6,CRUISE_LOITER,LADAKH,0,1.0
1788498871.268,5126.9,2109.8,72.0,93.0,95.8,93.1,95.4,779.6,784.8,784.4,785.1,4.68,72.2,13.8,3.0,48.1,0.71,14.12,4.1,LANE_A,20000.0,-22.0,88.6,CRUISE_LOITER,LADAKH,0,1.0
1788498871.852,5101.8,2099.5,72.0,93.4,96.0,93.0,95.5,780.0,783.2,780.8,786.0,4.69,72.0,13.6,3.0,47.9,0.73,14.1,3.7,LANE_A,20000.0,-22.0,88.5,CRUISE_LOITER,LADAKH,0,1.0
1788498872.449,5124.0,2108.7,72.0,93.2,95.8,93.1,95.4,779.9,782.2,780.4,783.5,4.73,72.4,13.6,3.0,48.1,0.71,14.11,4.0,LANE_A,20000.0,-22.0,88.5,CRUISE_LOITER,LADAKH,0,1.0
1788498873.033,5107.3,2101.8,72.0,93.1,96.1,93.1,95.5,781.1,785.1,780.6,784.0,4.63,72.2,13.8,3.0,47.9,0.7,14.11,3.9,LANE_A,20000.0,-22.0,88.4,CRUISE_LOITER,LADAKH,0,1.0
1788498873.631,5126.3,2109.6,72.0,93.5,96.0,93.1,95.3,778.4,785.7,781.0,783.0,4.65,72.0,13.7,3.0,48.2,0.72,14.11,4.0,LANE_A,20000.0,-22.0,88.4,CRUISE_LOITER,LADAKH,0,1.0
1788498874.229,5120.8,2107.3,72.0,93.7,96.1,92.8,95.5,778.3,780.9,780.0,784.2,4.66,72.2,13.7,3.0,48.2,0.72,14.11,4.1,LANE_A,20000.0,-22.0,88.3,CRUISE_LOITER,LADAKH,0,1.0
1788498874.809,5120.6,2107.3,72.0,93.3,96.4,92.9,95.6,778.4,783.1,781.3,782.8,4.65,72.1,13.7,3.0,48.1,0.74,14.13,4.0,LANE_A,20000.0,-22.0,88.3,CRUISE_LOITER,LADAKH,0,1.0
1788498876.202,5110.7,2103.2,72.0,93.5,96.0,93.1,95.4,777.3,785.5,782.1,781.8,4.71,72.0,13.7,3.0,48.0,0.71,14.12,4.0,LANE_A,20000.0,-22.0,88.2,CRUISE_LOITER,LADAKH,0,1.0
1788498876.798,5125.7,2109.3,72.0,93.6,96.1,93.2,95.8,778.8,782.8,779.3,783.9,4.61,72.3,13.7,3.0,48.1,0.74,14.13,4.0,LANE_A,20000.0,-22.0,88.2,CRUISE_LOITER,LADAKH,0,1.0
1788498877.381,5104.4,2100.6,72.0,93.6,95.9,93.2,95.7,780.1,783.1,782.0,785.6,4.66,72.5,13.7,3.0,48.1,0.73,14.09,4.0,LANE_A,20000.0,-22.0,88.1,CRUISE_LOITER,LADAKH,0,1.0
1788498877.953,5106.8,2101.6,72.0,93.8,96.3,93.3,95.8,778.6,781.4,780.5,782.8,4.7,72.3,13.9,3.0,48.2,0.75,14.09,3.9,LANE_A,20000.0,-22.0,88.1,CRUISE_LOITER,LADAKH,0,1.0
1788498878.526,5134.5,2113.0,72.0,93.5,96.3,93.4,95.7,778.5,785.0,778.6,782.8,4.69,72.4,13.7,3.0,48.4,0.73,14.12,4.0,LANE_A,20000.0,-22.0,88.0,CRUISE_LOITER,LADAKH,0,1.0
1788498879.107,5133.2,2112.4,72.0,93.8,96.4,93.2,95.8,777.8,786.3,781.8,784.4,4.64,72.3,13.7,3.0,48.1,0.73,14.08,4.0,LANE_A,20000.0,-22.0,88.0,CRUISE_LOITER,LADAKH,0,1.0
1788498879.693,5126.9,2109.8,72.0,93.5,96.4,93.2,95.6,779.3,784.0,781.6,783.1,4.65,72.4,13.7,3.0,48.2,0.71,14.1,4.0,LANE_A,20000.0,-22.0,87.9,CRUISE_LOITER,LADAKH,0,1.0
1788498880.299,5100.7,2099.0,72.0,93.6,96.2,93.3,95.7,780.5,784.3,780.3,782.7,4.66,72.4,13.6,3.0,48.2,0.69,14.13,4.0,LANE_A,20000.0,-22.0,87.9,CRUISE_LOITER,LADAKH,0,1.0
1788498880.881,5142.5,2116.3,72.0,93.5,96.0,93.2,95.5,778.4,784.9,781.8,783.8,4.69,72.6,13.5,3.0,48.2,0.72,14.11,4.0,LANE_A,20000.0,-22.0,87.8,CRUISE_LOITER,LADAKH,0,1.0
1788498881.464,5120.2,2107.1,72.0,93.6,96.6,93.4,95.7,780.1,782.7,782.6,782.9,4.64,72.5,13.8,3.0,48.1,0.74,14.13,4.0,LANE_A,20000.0,-22.0,87.8,CRUISE_LOITER,LADAKH,0,1.0
1788498882.057,5130.0,2111.1,72.0,93.8,96.5,93.4,95.5,779.9,783.1,783.7,783.5,4.68,72.2,13.8,3.0,48.3,0.7,14.07,4.0,LANE_A,20000.0,-22.0,87.7,CRUISE_LOITER,LADAKH,0,1.0
1788498882.653,5134.6,2113.0,72.0,93.8,96.2,93.5,96.1,778.5,783.8,780.7,782.8,4.7,72.3,13.7,3.0,48.2,0.73,14.09,4.2,LANE_A,20000.0,-22.0,87.7,CRUISE_LOITER,LADAKH,0,1.0
1788498883.259,5120.3,2107.1,72.0,93.9,96.5,93.4,95.8,778.6,785.4,780.3,782.1,4.63,72.3,13.6,3.0,48.1,0.72,14.11,4.0,LANE_A,20000.0,-22.0,87.6,CRUISE_LOITER,LADAKH,0,1.0
1788498883.844,5125.8,2109.4,72.0,93.9,96.2,93.2,96.0,780.4,784.3,782.7,783.9,4.65,72.4,13.8,3.0,48.2,0.73,14.1,3.9,LANE_A,20000.0,-22.0,87.6,CRUISE_LOITER,LADAKH,0,1.0
1788498884.441,5135.6,2113.4,72.0,94.2,96.6,93.5,96.1,779.7,784.1,780.0,782.6,4.66,72.5,13.7,3.0,48.5,0.71,14.11,3.9,LANE_A,20000.0,-22.0,87.5,CRUISE_LOITER,LADAKH,0,1.0
1788498885.005,5133.4,2112.5,72.0,94.0,96.4,93.5,96.2,778.3,785.2,781.3,786.1,4.62,72.7,13.7,3.0,48.4,0.7,14.08,4.0,LANE_A,20000.0,-22.0,87.5,CRUISE_LOITER,LADAKH,0,1.0
1788498885.59,5129.2,2110.8,72.0,93.9,96.7,93.4,96.0,780.3,783.1,781.9,782.0,4.63,72.8,13.8,3.0,48.3,0.71,14.1,4.0,LANE_A,20000.0,-22.0,87.4,CRUISE_LOITER,LADAKH,0,1.0
1788498886.194,5144.1,2116.9,72.0,94.0,96.7,93.7,95.7,780.8,783.0,780.9,783.9,4.68,72.6,13.7,3.0,48.3,0.7,14.12,3.9,LANE_A,20000.0,-22.0,87.4,CRUISE_LOITER,LADAKH,0,1.0
1788498886.807,5128.6,2110.5,72.0,94.1,96.7,93.6,96.2,777.4,784.0,781.0,784.2,4.67,73.0,13.6,3.0,48.3,0.73,14.11,4.1,LANE_A,20000.0,-22.0,87.3,CRUISE_LOITER,LADAKH,0,1.0
1788498887.408,5142.1,2116.1,72.0,94.2,96.9,93.5,96.2,780.0,786.4,779.9,785.8,4.65,72.9,13.7,3.0,48.5,0.72,14.07,4.1,LANE_A,20000.0,-22.0,87.3,CRUISE_LOITER,LADAKH,0,1.0
1788498887.982,5101.5,2099.4,72.0,94.3,96.5,93.6,96.0,779.0,785.1,783.6,786.4,4.66,72.6,13.7,3.0,48.4,0.71,14.09,4.0,LANE_A,20000.0,-22.0,87.2,CRUISE_LOITER,LADAKH,0,1.0
1788498888.572,5128.5,2110.5,72.0,93.8,96.6,93.8,96.5,777.5,784.5,778.6,782.6,4.67,72.8,13.9,3.0,48.4,0.72,14.09,3.9,LANE_A,20000.0,-22.0,87.2,CRUISE_LOITER,LADAKH,0,1.0
1788498889.176,5131.8,2111.8,72.0,94.5,96.6,93.7,96.2,782.2,784.9,781.2,787.2,4.74,72.8,13.7,3.0,48.5,0.7,14.11,3.9,LANE_A,20000.0,-22.0,87.1,CRUISE_LOITER,LADAKH,0,1.0
1788498889.781,5109.4,2102.6,72.0,94.1,96.7,93.9,96.2,781.4,783.6,780.0,783.7,4.64,72.7,13.7,3.0,48.3,0.72,14.12,4.2,LANE_A,20000.0,-22.0,87.1,CRUISE_LOITER,LADAKH,0,1.0
1788498890.355,5137.2,2114.1,72.0,94.0,96.7,93.7,96.0,780.5,786.7,779.7,784.7,4.7,72.9,13.7,3.0,48.5,0.74,14.09,4.0,LANE_A,20000.0,-22.0,87.0,CRUISE_LOITER,LADAKH,0,1.0
1788498890.955,5118.7,2106.4,72.0,94.2,96.5,93.5,96.1,779.9,784.5,780.0,783.2,4.67,72.7,13.7,3.0,48.5,0.73,14.07,3.9,LANE_A,20000.0,-22.0,87.0,CRUISE_LOITER,LADAKH,0,1.0
1788498891.518,5143.5,2116.7,72.0,94.2,96.5,93.9,96.6,777.2,783.5,781.8,782.6,4.66,72.8,13.8,3.0,48.5,0.72,14.1,4.0,LANE_A,20000.0,-22.0,86.9,CRUISE_LOITER,LADAKH,0,1.0
1788498892.114,5122.3,2107.9,72.0,94.3,97.0,94.0,96.3,779.5,784.2,781.4,785.4,4.66,72.8,13.9,3.0,48.7,0.71,14.11,4.0,LANE_A,20000.0,-22.0,86.9,CRUISE_LOITER,LADAKH,0,1.0
1788498892.684,5124.2,2108.7,72.0,94.5,97.0,93.7,96.2,779.7,783.9,781.0,785.0,4.7,72.9,13.6,3.0,48.5,0.72,14.09,4.1,LANE_A,20000.0,-22.0,86.9,CRUISE_LOITER,LADAKH,0,1.0
1788498893.28,5134.0,2112.8,72.0,94.2,96.8,93.9,96.5,778.5,784.4,780.5,783.0,4.65,73.1,13.7,3.0,48.5,0.74,14.09,4.1,LANE_A,20000.0,-22.0,86.8,CRUISE_LOITER,LADAKH,0,1.0
1788498893.864,5112.3,2103.8,72.0,94.5,96.7,93.7,96.4,779.1,784.9,781.9,785.8,4.64,73.1,13.8,3.0,48.4,0.73,14.13,4.2,LANE_A,20000.0,-22.0,86.8,CRUISE_LOITER,LADAKH,0,1.0
1788498894.458,5131.2,2111.6,72.0,94.7,97.1,94.0,96.2,780.0,782.9,781.1,784.6,4.68,73.4,13.7,3.0,48.4,0.71,14.13,3.9,LANE_A,20000.0,-22.0,86.7,CRUISE_LOITER,LADAKH,0,1.0
1788498895.791,5120.0,2107.0,72.0,94.5,96.8,94.1,96.2,780.1,783.2,781.2,783.4,4.63,73.0,13.7,3.0,48.6,0.72,14.09,4.0,LANE_A,20000.0,-22.0,86.7,CRUISE_LOITER,LADAKH,0,1.0
1788498896.372,5121.6,2107.7,72.0,94.7,96.7,94.3,96.8,778.3,784.6,781.4,784.7,4.65,73.3,13.7,3.0,48.3,0.68,14.1,4.0,LANE_A,20000.0,-22.0,86.6,CRUISE_LOITER,LADAKH,0,1.0
1788498896.961,5091.2,2095.1,72.0,94.6,97.4,94.1,96.8,778.2,784.3,781.6,783.5,4.69,73.3,13.7,3.0,48.5,0.72,14.08,4.1,LANE_A,20000.0,-22.0,86.6,CRUISE_LOITER,LADAKH,0,1.0
1788498897.526,5120.6,2107.2,72.0,94.7,97.2,94.0,96.6,777.9,784.5,782.8,785.4,4.65,73.3,13.8,3.0,48.6,0.75,14.11,4.1,LANE_A,20000.0,-22.0,86.5,CRUISE_LOITER,LADAKH,0,1.0
1788498898.103,5137.8,2114.3,72.0,94.5,97.2,94.4,96.9,780.2,784.5,780.7,786.6,4.64,73.2,13.7,3.0,48.4,0.7,14.09,4.0,LANE_A,20000.0,-22.0,86.5,CRUISE_LOITER,LADAKH,0,1.0
1788498898.69,5133.2,2112.4,72.0,94.9,97.1,94.1,96.5,778.0,786.1,782.1,784.9,4.59,73.4,13.7,3.0,48.2,0.74,14.09,4.0,LANE_A,20000.0,-22.0,86.4,CRUISE_LOITER,LADAKH,0,1.0
1788498899.302,5139.5,2115.0,72.0,94.5,96.7,94.0,96.8,778.5,784.9,781.3,783.7,4.64,73.3,13.8,3.0,48.6,0.71,14.11,3.9,LANE_A,20000.0,-22.0,86.4,CRUISE_LOITER,LADAKH,0,1.0
1788498900.215,5121.5,2107.6,72.0,94.5,97.4,94.1,96.7,778.7,783.8,781.3,785.8,4.61,73.1,13.8,3.0,48.6,0.73,14.08,4.0,LANE_A,20000.0,-22.0,86.3,CRUISE_LOITER,LADAKH,0,1.0
1788498900.81,5116.7,2105.6,72.0,94.9,97.2,94.4,96.6,777.2,784.0,781.4,785.6,4.71,73.2,13.8,3.0,48.3,0.71,14.09,4.1,LANE_A,20000.0,-22.0,86.3,CRUISE_LOITER,LADAKH,0,1.0
1788498901.379,5151.5,2120.0,72.0,94.5,97.3,94.4,96.8,780.9,784.6,783.0,785.2,4.65,73.2,13.7,3.0,48.6,0.7,14.1,3.9,LANE_A,20000.0,-22.0,86.2,CRUISE_LOITER,LADAKH,0,1.0
1788498902.032,5132.9,2112.3,72.0,94.7,97.3,94.4,96.7,778.3,784.7,780.5,782.7,4.67,73.6,13.8,3.0,48.6,0.71,14.13,3.9,LANE_A,20000.0,-22.0,86.2,CRUISE_LOITER,LADAKH,0,1.0
1788498902.606,5103.9,2100.4,72.0,94.8,97.5,94.8,97.0,779.5,783.8,780.6,785.8,4.67,73.3,13.7,3.0,48.7,0.71,14.08,3.8,LANE_A,20000.0,-22.0,86.1,CRUISE_LOITER,LADAKH,0,1.0
1788498903.173,5130.3,2111.2,72.0,94.8,97.3,94.6,96.7,780.1,784.4,779.8,781.8,4.66,73.1,13.7,3.0,48.7,0.72,14.12,3.9,LANE_A,20000.0,-22.0,86.1,CRUISE_LOITER,LADAKH,0,1.0
1788498903.755,5144.7,2117.1,72.0,95.0,97.6,94.0,97.0,781.2,783.2,782.9,782.3,4.71,73.5,13.7,3.0,48.6,0.72,14.06,3.7,LANE_A,20000.0,-22.0,86.0,CRUISE_LOITER,LADAKH,0,1.0
1788498904.335,5159.2,2123.1,72.0,95.0,97.4,94.6,97.1,778.4,782.2,780.0,784.7,4.7,73.3,13.8,3.0,48.6,0.69,14.13,4.0,LANE_A,20000.0,-22.0,86.0,CRUISE_LOITER,LADAKH,0,1.0
1788498904.903,5128.7,2110.6,72.0,95.2,97.5,94.5,97.1,778.8,785.4,782.2,785.2,4.64,73.4,13.8,3.0,48.6,0.72,14.08,4.0,LANE_A,20000.0,-22.0,86.0,CRUISE_LOITER,LADAKH,0,1.0
1788498905.498,5150.0,2119.3,72.0,94.7,97.6,94.4,96.9,777.6,785.1,780.5,783.5,4.68,73.5,13.9,3.0,48.5,0.73,14.09,3.9,LANE_A,20000.0,-22.0,85.9,CRUISE_LOITER,LADAKH,0,1.0
1788498906.145,5134.1,2112.8,72.0,95.0,97.5,94.6,97.1,778.0,784.4,781.9,781.2,4.61,73.8,13.7,3.0,48.5,0.71,14.11,4.0,LANE_A,20000.0,-22.0,85.9,CRUISE_LOITER,LADAKH,0,1.0
1788498906.732,5125.7,2109.4,72.0,95.1,97.6,94.5,97.2,780.5,784.5,781.6,785.1,4.63,73.4,13.9,3.0,48.6,0.72,14.15,4.1,LANE_A,20000.0,-22.0,85.8,CRUISE_LOITER,LADAKH,0,1.0
1788498907.328,5116.2,2105.4,72.0,95.1,97.5,94.7,97.3,780.5,784.8,781.1,785.6,4.66,73.7,13.7,3.0,48.9,0.72,14.1,4.0,LANE_A,20000.0,-22.0,85.8,CRUISE_LOITER,LADAKH,0,1.0
1788498907.922,5137.0,2114.0,72.0,95.1,97.7,94.5,97.2,780.4,783.6,782.5,786.3,4.63,73.8,13.8,3.0,48.6,0.74,14.11,4.1,LANE_A,20000.0,-22.0,85.7,CRUISE_LOITER,LADAKH,0,1.0
1788498908.515,5120.1,2107.0,72.0,95.0,97.5,94.6,97.0,780.2,784.6,783.2,785.7,4.63,74.0,13.8,3.0,48.6,0.76,14.08,3.7,LANE_A,20000.0,-22.0,85.7,CRUISE_LOITER,LADAKH,0,1.0
1788498909.089,5140.3,2115.4,72.0,95.2,97.5,94.7,97.4,779.4,783.1,782.0,783.5,4.66,73.8,13.8,3.0,48.8,0.73,14.08,4.1,LANE_A,20000.0,-22.0,85.6,CRUISE_LOITER,LADAKH,0,1.0
1788498909.682,5125.3,2109.2,72.0,95.4,97.8,94.7,97.0,777.0,782.9,782.4,785.0,4.63,73.7,13.9,3.0,48.9,0.73,14.12,4.0,LANE_A,20000.0,-22.0,85.6,CRUISE_LOITER,LADAKH,0,1.0
1788498910.274,5139.8,2115.2,72.0,95.2,97.9,94.6,97.5,781.2,783.3,781.2,785.2,4.65,73.7,14.0,3.0,48.9,0.73,14.09,4.1,LANE_A,20000.0,-22.0,85.6,CRUISE_LOITER,LADAKH,0,1.0
1788498910.871,5126.4,2109.6,72.0,95.1,97.9,94.8,96.9,778.6,784.3,782.0,782.4,4.62,73.5,13.9,3.0,48.7,0.73,14.11,4.1,LANE_A,20000.0,-22.0,85.5,CRUISE_LOITER,LADAKH,0,1.0
1788498911.464,5141.6,2115.9,72.0,95.1,97.5,94.8,97.6,778.6,783.9,782.8,784.0,4.66,73.9,13.9,3.0,48.6,0.71,14.09,4.1,LANE_A,20000.0,-22.0,85.5,CRUISE_LOITER,LADAKH,0,1.0
1788498912.04,5135.8,2113.5,72.0,95.2,97.9,94.7,97.2,778.0,785.4,783.7,783.6,4.72,73.7,13.8,3.0,48.6,0.74,14.14,4.1,LANE_A,20000.0,-22.0,85.4,CRUISE_LOITER,LADAKH,0,1.0
1788498912.627,5119.9,2107.0,72.0,95.4,98.0,94.8,97.3,779.1,785.1,780.1,783.8,4.68,73.7,13.9,3.0,48.8,0.73,14.08,3.9,LANE_A,20000.0,-22.0,85.4,CRUISE_LOITER,LADAKH,0,1.0
1788498913.205,5125.4,2109.2,72.0,95.6,98.0,94.6,97.3,780.1,782.6,782.0,783.4,4.64,74.2,13.8,3.0,48.5,0.72,14.12,4.0,LANE_A,20000.0,-22.0,85.3,CRUISE_LOITER,LADAKH,0,1.0
1788498913.785,5166.8,2126.2,72.0,95.3,98.0,94.7,97.5,780.9,784.7,783.3,785.6,4.67,73.9,13.8,3.0,48.8,0.74,14.1,4.1,LANE_A,20000.0,-22.0,85.3,CRUISE_LOITER,LADAKH,0,1.0
1788498914.371,5145.3,2117.4,72.0,95.5,97.8,94.7,97.3,780.6,784.7,783.1,785.9,4.64,74.0,13.8,3.0,48.8,0.7,14.09,4.0,LANE_A,20000.0,-22.0,85.3,CRUISE_LOITER,LADAKH,0,1.0
1788498915.347,5138.9,2114.8,72.0,95.5,98.0,95.3,97.6,777.0,783.9,781.3,786.8,4.64,74.0,13.8,3.0,48.6,0.74,14.11,4.0,LANE_A,20000.0,-22.0,85.2,CRUISE_LOITER,LADAKH,0,1.0
1788498916.385,5130.3,2111.2,72.0,95.7,98.1,95.2,97.4,777.5,786.0,779.0,784.3,4.64,73.9,13.9,3.0,48.6,0.72,14.11,4.1,LANE_A,20000.0,-22.0,85.2,CRUISE_LOITER,LADAKH,0,1.0
1788498917.053,5156.0,2121.8,72.0,95.5,98.3,95.1,97.4,778.6,783.4,782.0,784.8,4.65,74.0,13.8,3.0,48.6,0.72,14.14,4.2,LANE_A,20000.0,-22.0,85.1,CRUISE_LOITER,LADAKH,0,1.0
1788498917.626,5139.0,2114.8,72.0,95.4,97.8,95.3,97.4,780.2,786.5,782.9,785.8,4.66,73.9,13.8,3.0,48.9,0.71,14.08,4.0,LANE_A,20000.0,-22.0,85.1,CRUISE_LOITER,LADAKH,0,1.0
1788498918.229,5122.5,2108.0,72.0,95.6,98.2,95.3,97.6,782.0,783.6,779.5,783.3,4.66,74.1,13.9,3.0,48.9,0.71,14.11,4.0,LANE_A,20000.0,-22.0,85.0,CRUISE_LOITER,LADAKH,0,1.0
1788498918.815,5125.4,2109.2,72.0,95.8,98.0,95.0,97.5,778.2,783.0,780.9,784.9,4.64,74.0,13.8,3.0,48.8,0.73,14.08,4.0,LANE_A,20000.0,-22.0,85.0,CRUISE_LOITER,LADAKH,0,1.0
1788498919.403,5139.4,2115.0,72.0,95.7,98.1,95.1,97.9,782.4,784.5,782.7,785.0,4.63,74.0,13.8,3.0,48.8,0.72,14.12,4.0,LANE_A,20000.0,-22.0,85.0,CRUISE_LOITER,LADAKH,0,1.0
1788498919.996,5126.7,2109.7,72.0,95.3,98.3,95.2,97.8,780.0,787.1,784.4,786.1,4.69,74.1,13.8,3.0,48.9,0.7,14.08,4.0,LANE_A,20000.0,-22.0,84.9,CRUISE_LOITER,LADAKH,0,1.0
1788498920.584,5167.8,2126.7,72.0,95.5,98.0,95.0,97.7,779.5,784.0,781.9,784.0,4.63,74.1,13.9,3.0,48.9,0.71,14.07,4.1,LANE_A,20000.0,-22.0,84.9,CRUISE_LOITER,LADAKH,0,1.0
1788498921.164,5140.0,2115.2,72.0,95.8,98.5,95.0,97.8,776.5,786.0,780.2,785.6,4.68,74.2,13.9,3.0,48.8,0.7,14.07,4.0,LANE_A,20000.0,-22.0,84.8,CRUISE_LOITER,LADAKH,0,1.0
1788498921.744,5135.8,2113.5,72.0,95.7,98.2,95.4,97.6,779.3,783.5,782.2,784.7,4.65,74.2,13.9,3.0,49.0,0.73,14.09,3.9,LANE_A,20000.0,-22.0,84.8,CRUISE_LOITER,LADAKH,0,1.0
1788498922.341,5157.3,2122.3,72.0,95.6,98.6,95.0,97.8,781.7,784.2,779.6,783.1,4.61,74.3,14.2,3.0,48.8,0.73,14.1,3.8,LANE_A,20000.0,-22.0,84.8,CRUISE_LOITER,LADAKH,0,1.0
1788498922.93,5133.3,2112.5,72.0,95.6,98.5,95.3,98.1,780.1,784.9,781.5,785.2,4.61,73.9,13.9,3.0,48.8,0.73,14.1,4.0,LANE_A,20000.0,-22.0,84.7,CRUISE_LOITER,LADAKH,0,1.0
1788498923.509,5137.1,2114.0,72.0,95.8,98.7,95.6,98.1,779.5,784.5,782.8,785.8,4.62,74.2,13.9,3.0,49.0,0.72,14.15,4.0,LANE_A,20000.0,-22.0,84.7,CRUISE_LOITER,LADAKH,0,1.0
1788498924.094,5123.6,2108.5,72.0,96.0,98.4,95.2,97.8,778.9,784.5,781.2,784.0,4.59,74.4,14.0,3.0,49.0,0.74,14.11,4.1,LANE_A,20000.0,-22.0,84.7,CRUISE_LOITER,LADAKH,0,1.0
1788498924.669,5148.0,2118.5,72.0,96.0,98.4,95.6,97.7,778.8,784.1,782.6,783.4,4.62,74.3,13.9,3.0,49.1,0.73,14.07,4.1,LANE_A,20000.0,-22.0,84.6,CRUISE_LOITER,LADAKH,0,1.0
1788498925.25,5127.3,2110.0,72.0,96.2,98.6,95.2,98.1,778.2,785.1,782.9,784.8,4.68,74.3,13.8,3.0,49.1,0.7,14.15,4.0,LANE_A,20000.0,-22.0,84.6,CRUISE_LOITER,LADAKH,0,1.0
1788498925.84,5138.4,2114.6,72.0,96.0,98.7,95.5,98.0,777.9,785.4,781.4,784.5,4.67,74.1,13.8,3.0,49.0,0.71,14.1,4.0,LANE_A,20000.0,-22.0,84.5,CRUISE_LOITER,LADAKH,0,1.0
1788498926.451,5163.0,2124.7,72.0,96.1,98.6,95.4,98.1,780.0,782.1,782.0,783.6,4.69,74.3,14.0,3.0,48.8,0.75,14.15,4.0,LANE_A,20000.0,-22.0,84.5,CRUISE_LOITER,LADAKH,0,1.0
1788498927.039,5145.3,2117.4,72.0,96.0,98.5,95.7,98.2,780.3,784.4,783.8,783.6,4.67,74.3,14.0,3.0,48.8,0.71,14.11,4.1,LANE_A,20000.0,-22.0,84.5,CRUISE_LOITER,LADAKH,0,1.0
1788498927.642,5118.8,2106.5,72.0,96.1,98.6,95.7,98.3,781.3,785.1,780.5,784.0,4.63,74.2,14.0,3.0,49.3,0.73,14.07,4.0,LANE_A,20000.0,-22.0,84.4,CRUISE_LOITER,LADAKH,0,1.0
1788498928.226,5143.1,2116.5,72.0,96.1,98.2,95.5,98.0,780.2,783.4,780.7,785.1,4.66,74.6,13.9,3.0,48.9,0.73,14.07,4.0,LANE_A,20000.0,-22.0,84.4,CRUISE_LOITER,LADAKH,0,1.0
1788498928.798,5145.8,2117.6,72.0,96.2,98.4,95.5,98.0,779.4,785.0,780.1,784.4,4.58,74.6,13.9,3.0,49.0,0.72,14.12,3.8,LANE_A,20000.0,-22.0,84.4,CRUISE_LOITER,LADAKH,0,1.0
1788498929.399,5148.4,2118.7,72.0,96.2,98.7,95.6,97.7,778.7,786.3,779.7,784.6,4.65,74.3,13.8,3.0,49.0,0.71,14.07,4.0,LANE_A,20000.0,-22.0,84.3,CRUISE_LOITER,LADAKH,0,1.0
1788498929.985,5144.7,2117.2,72.0,96.5,98.7,95.6,98.2,780.6,783.6,781.6,782.9,4.63,74.6,13.9,3.0,48.9,0.72,14.09,3.7,LANE_A,20000.0,-22.0,84.3,CRUISE_LOITER,LADAKH,0,1.0
1788498930.563,5158.6,2122.9,72.0,96.3,98.9,95.8,97.9,778.6,785.8,783.4,785.4,4.62,74.3,13.8,3.0,49.1,0.71,14.08,4.1,LANE_A,20000.0,-22.0,84.3,CRUISE_LOITER,LADAKH,0,1.0
1788498931.165,5127.2,2110.0,72.0,96.5,98.8,95.8,98.0,781.3,783.9,781.9,784.8,4.64,74.4,13.8,3.0,48.8,0.73,14.1,4.2,LANE_A,20000.0,-22.0,84.2,CRUISE_LOITER,LADAKH,0,1.0
1788498931.755,5122.3,2107.9,72.0,96.3,98.9,95.5,98.1,780.4,785.2,782.2,786.0,4.67,74.5,13.9,3.0,48.9,0.71,14.11,4.0,LANE_A,20000.0,-22.0,84.2,CRUISE_LOITER,LADAKH,0,1.0
1788498932.348,5142.8,2116.4,72.0,96.0,98.6,95.9,98.3,777.9,785.6,783.0,785.2,4.65,74.7,14.1,3.0,48.9,0.74,14.08,4.0,LANE_A,20000.0,-22.0,84.2,CRUISE_LOITER,LADAKH,0,1.0
1788498932.929,5154.7,2121.3,72.0,96.4,98.4,95.6,98.2,779.0,785.5,782.5,784.3,4.64,74.3,13.9,3.0,49.1,0.74,14.1,4.0,LANE_A,20000.0,-22.0,84.1,CRUISE_LOITER,LADAKH,0,1.0
1788498933.511,5141.5,2115.8,72.0,96.1,98.7,95.8,98.5,781.0,784.9,781.5,786.4,4.67,74.6,14.0,3.0,49.1,0.74,14.15,4.0,LANE_A,20000.0,-22.0,84.1,CRUISE_LOITER,LADAKH,0,1.0
1788498934.091,5152.6,2120.4,72.0,96.3,98.8,95.9,98.3,778.8,785.1,782.4,784.1,4.66,74.8,14.0,3.0,48.9,0.73,14.09,3.9,LANE_A,20000.0,-22.0,84.1,CRUISE_LOITER,LADAKH,0,1.0
1788498934.732,5153.7,2120.9,72.0,96.2,98.9,95.8,98.4,781.1,782.5,780.0,785.4,4.65,74.8,13.9,3.0,49.1,0.73,14.1,4.0,LANE_A,20000.0,-22.0,84.0,CRUISE_LOITER,LADAKH,0,1.0
1788498936.057,5142.7,2116.4,72.0,96.5,98.9,95.7,98.8,780.2,785.0,780.5,786.2,4.61,74.7,13.8,3.0,49.0,0.72,14.1,4.0,LANE_A,20000.0,-22.0,84.0,CRUISE_LOITER,LADAKH,0,1.0
1788498936.591,5145.0,2117.3,72.0,96.3,99.0,96.0,98.2,779.8,782.5,781.4,785.0,4.68,74.8,13.9,3.0,49.0,0.71,14.08,3.8,LANE_A,20000.0,-22.0,84.0,CRUISE_LOITER,LADAKH,0,1.0
1788498937.169,5145.0,2117.3,72.0,96.6,98.5,96.1,98.2,779.5,786.5,780.0,784.9,4.67,74.6,13.9,3.0,49.0,0.73,14.08,4.0,LANE_A,20000.0,-22.0,84.0,CRUISE_LOITER,LADAKH,0,1.0
1788498937.725,5127.6,2110.1,72.0,96.4,98.8,95.8,98.5,781.4,785.1,780.9,785.6,4.67,74.9,14.0,3.0,49.3,0.72,14.09,4.0,LANE_A,20000.0,-22.0,83.9,CRUISE_LOITER,LADAKH,0,1.0
1788498938.315,5140.2,2115.3,72.0,96.0,98.7,95.7,98.8,779.7,784.0,784.9,785.2,4.66,74.7,13.9,3.0,49.1,0.74,14.11,3.9,LANE_A,20000.0,-22.0,83.9,CRUISE_LOITER,LADAKH,0,1.0
1788498938.881,5161.8,2124.2,72.0,96.3,99.3,96.0,98.5,779.8,782.9,779.7,784.0,4.71,75.0,14.0,3.0,49.0,0.71,14.08,4.1,LANE_A,20000.0,-22.0,83.9,CRUISE_LOITER,LADAKH,0,1.0
1788498939.473,5149.4,2119.1,72.0,96.4,98.9,96.2,98.3,779.0,784.9,780.0,785.9,4.63,74.9,14.0,3.0,48.9,0.71,14.1,4.0,LANE_A,20000.0,-22.0,83.8,CRUISE_LOITER,LADAKH,0,1.0
1788498940.052,5158.0,2122.6,72.0,96.5,99.2,96.1,98.3,778.4,785.3,780.1,783.2,4.64,74.9,14.0,3.0,49.1,0.75,14.1,4.1,LANE_A,20000.0,-22.0,83.8,CRUISE_LOITER,LADAKH,0,1.0
1788498940.629,5134.0,2112.7,72.0,96.7,98.7,96.0,98.5,780.2,783.5,781.0,783.5,4.68,75.0,14.0,3.0,49.2,0.74,14.07,3.9,LANE_A,20000.0,-22.0,83.8,CRUISE_LOITER,LADAKH,0,1.0
1788498941.224,5143.8,2116.8,72.0,96.4,99.1,95.8,98.5,781.7,784.2,782.1,784.9,4.66,74.8,13.9,3.0,49.3,0.72,14.09,4.0,LANE_A,20000.0,-22.0,83.8,CRUISE_LOITER,LADAKH,0,1.0
1788498941.809,5156.1,2121.8,72.0,96.5,99.3,96.0,98.6,781.2,785.0,781.8,785.4,4.65,74.9,14.1,3.0,49.2,0.72,14.09,3.9,LANE_A,20000.0,-22.0,83.7,CRUISE_LOITER,LADAKH,0,1.0
1788498942.381,5135.2,2113.3,72.0,96.7,99.0,96.1,98.5,778.4,782.5,780.1,785.3,4.6,74.9,13.9,3.0,48.9,0.73,14.11,4.0,LANE_A,20000.0,-22.0,83.7,CRUISE_LOITER,LADAKH,0,1.0
1788498942.968,5165.7,2125.8,72.0,96.5,99.4,96.3,98.5,781.0,785.9,779.8,784.0,4.67,74.8,13.9,3.0,49.1,0.74,14.09,4.0,LANE_A,20000.0,-22.0,83.7,CRUISE_LOITER,LADAKH,0,1.0
1788498943.546,5136.9,2114.0,72.0,96.7,99.3,96.0,98.7,780.4,784.5,782.3,784.9,4.68,74.9,14.2,3.0,49.0,0.71,14.07,4.0,LANE_A,20000.0,-22.0,83.7,CRUISE_LOITER,LADAKH,0,1.0
1788498944.127,5143.3,2116.6,72.0,96.9,99.4,95.9,98.8,778.0,784.0,781.3,786.3,4.62,75.0,14.1,3.0,49.3,0.72,14.09,4.1,LANE_A,20000.0,-22.0,83.6,CRUISE_LOITER,LADAKH,0,1.0
1788498944.699,5150.5,2119.5,72.0,96.8,99.1,96.3,98.7,779.8,786.8,781.5,782.5,4.64,75.1,14.0,3.0,49.2,0.72,14.11,4.1,LANE_A,20000.0,-22.0,83.6,CRUISE_LOITER,LADAKH,0,1.0
1788498945.263,5144.5,2117.1,72.0,97.0,99.3,96.0,98.6,780.7,783.7,780.8,783.8,4.65,75.0,13.9,3.0,49.3,0.71,14.08,4.1,LANE_A,20000.0,-22.0,83.6,CRUISE_LOITER,LADAKH,0,1.0
1788498945.835,5147.2,2118.2,72.0,97.1,99.0,96.3,99.0,779.1,784.5,781.5,785.5,4.63,75.2,13.9,3.0,49.3,0.72,14.07,4.0,LANE_A,20000.0,-22.0,83.6,CRUISE_LOITER,LADAKH,0,1.0
1788498946.417,5142.9,2116.4,72.0,96.8,99.2,96.3,98.8,779.9,783.3,781.0,782.8,4.6,75.0,13.9,3.0,49.2,0.74,14.08,4.0,LANE_A,20000.0,-22.0,83.5,CRUISE_LOITER,LADAKH,0,1.0
1788498947.02,5146.9,2118.1,72.0,96.6,99.4,96.4,99.0,779.6,783.5,783.0,786.4,4.65,75.1,14.1,3.0,48.9,0.73,14.12,3.9,LANE_A,20000.0,-22.0,83.5,CRUISE_LOITER,LADAKH,0,1.0
1788498947.606,5174.4,2129.4,72.0,96.7,99.5,96.3,98.9,780.0,785.6,780.8,782.5,4.66,75.4,14.0,3.0,49.1,0.75,14.1,4.1,LANE_A,20000.0,-22.0,83.5,CRUISE_LOITER,LADAKH,0,1.0
1788498948.186,5154.0,2121.0,72.0,96.8,99.3,96.2,98.8,780.8,781.3,781.7,785.8,4.63,75.1,14.0,3.0,49.2,0.73,14.1,4.0,LANE_A,20000.0,-22.0,83.5,CRUISE_LOITER,LADAKH,0,1.0
1788498948.785,5163.4,2124.9,72.0,96.9,99.5,96.3,99.0,778.8,783.7,782.9,784.8,4.59,75.1,14.1,3.0,49.1,0.72,14.09,4.1,LANE_A,20000.0,-22.0,83.5,CRUISE_LOITER,LADAKH,0,1.0
1788498949.355,5144.2,2116.9,72.0,96.8,99.6,96.5,98.7,778.0,786.6,782.3,784.2,4.64,75.2,14.1,3.0,49.2,0.69,14.09,4.1,LANE_A,20000.0,-22.0,83.4,CRUISE_LOITER,LADAKH,0,1.0
1788498949.939,5152.8,2120.5,72.0,96.8,99.6,96.2,98.9,779.6,784.6,783.1,784.2,4.67,75.2,14.0,3.0,49.2,0.73,14.08,4.0,LANE_A,20000.0,-22.0,83.4,CRUISE_LOITER,LADAKH,0,1.0
1788498950.516,5158.6,2122.9,72.0,96.8,99.7,96.3,98.9,778.9,784.0,781.5,786.3,4.68,75.3,14.1,3.0,49.1,0.74,14.1,4.1,LANE_A,20000.0,-22.0,83.4,CRUISE_LOITER,LADAKH,0,1.0
1788498951.119,5155.6,2121.6,72.0,97.0,99.6,96.4,98.8,779.9,784.1,782.5,788.3,4.62,75.1,13.9,3.0,49.1,0.71,14.11,3.9,LANE_A,20000.0,-22.0,83.4,CRUISE_LOITER,LADAKH,0,1.0
1788498951.703,5169.3,2127.3,72.0,97.1,99.8,96.2,98.8,780.5,785.6,780.2,784.3,4.62,75.3,14.0,3.0,49.2,0.7,14.09,4.1,LANE_A,20000.0,-22.0,83.4,CRUISE_LOITER,LADAKH,0,1.0
1788498952.288,5138.0,2114.4,72.0,97.1,99.4,96.0,98.7,780.4,783.0,783.6,784.1,4.71,75.4,14.1,3.0,49.1,0.74,14.11,4.0,LANE_A,20000.0,-22.0,83.3,CRUISE_LOITER,LADAKH,0,1.0
1788498952.891,5140.0,2115.2,72.0,96.9,99.4,96.3,98.8,780.1,784.3,780.6,785.3,4.64,75.2,14.0,3.0,49.1,0.74,14.13,3.9,LANE_A,20000.0,-22.0,83.3,CRUISE_LOITER,LADAKH,0,1.0
1788498953.454,5154.1,2121.0,72.0,97.1,99.7,96.7,99.1,780.2,785.1,780.7,783.5,4.67,75.0,14.1,3.0,49.2,0.73,14.09,4.0,LANE_A,20000.0,-22.0,83.3,CRUISE_LOITER,LADAKH,0,1.0
1788498954.046,5157.2,2122.3,72.0,97.2,99.4,96.6,99.1,781.1,784.9,782.1,785.4,4.69,75.1,14.0,3.0,49.3,0.71,14.1,4.0,LANE_A,20000.0,-22.0,83.3,CRUISE_LOITER,LADAKH,0,1.0
1788498954.651,5176.0,2130.0,72.0,97.1,99.6,97.0,99.1,777.8,782.2,780.9,783.7,4.64,75.2,14.1,3.0,49.5,0.72,14.11,3.9,LANE_A,20000.0,-22.0,83.3,CRUISE_LOITER,LADAKH,0,1.0
1788498955.995,5148.7,2118.8,72.0,96.9,99.7,96.7,99.1,780.0,786.9,783.9,784.1,4.62,75.1,14.2,3.0,49.2,0.71,14.15,4.1,LANE_A,20000.0,-22.0,83.3,CRUISE_LOITER,LADAKH,0,1.0
1788498956.575,5159.6,2123.3,72.0,97.0,99.8,96.5,98.9,779.9,784.5,780.2,785.4,4.66,75.2,14.0,3.0,49.3,0.74,14.07,4.1,LANE_A,20000.0,-22.0,83.2,CRUISE_LOITER,LADAKH,0,1.0
1788498957.157,5150.9,2119.7,72.0,97.3,99.7,96.4,99.1,780.3,784.8,782.1,785.1,4.61,75.4,14.1,3.0,49.2,0.75,14.1,4.1,LANE_A,20000.0,-22.0,83.2,CRUISE_LOITER,LADAKH,0,1.0
1788498957.765,5144.8,2117.2,72.0,97.3,100.1,96.5,99.3,779.1,786.9,782.8,785.2,4.66,75.6,14.1,3.0,49.3,0.72,14.09,4.0,LANE_A,20000.0,-22.0,83.2,CRUISE_LOITER,LADAKH,0,1.0
1788498958.354,5143.4,2116.6,72.0,97.2,99.5,96.6,99.4,780.7,784.9,781.8,784.5,4.67,75.5,14.1,3.0,49.5,0.71,14.12,3.9,LANE_A,20000.0,-22.0,83.2,CRUISE_LOITER,LADAKH,0,1.0
1788498958.941,5166.9,2126.3,72.0,97.0,99.7,96.9,99.2,780.9,783.7,781.4,784.2,4.73,75.3,14.2,3.0,49.3,0.73,14.1,3.9,LANE_A,20000.0,-22.0,83.2,CRUISE_LOITER,LADAKH,0,1.0
1788498959.521,5168.3,2126.9,72.0,97.5,99.6,96.6,99.1,778.6,785.3,782.6,784.3,4.62,75.5,14.0,3.0,49.2,0.75,14.1,4.0,LANE_A,20000.0,-22.0,83.2,CRUISE_LOITER,LADAKH,0,1.0
1788498960.128,5148.7,2118.8,72.0,97.3,99.5,96.9,99.3,779.3,785.9,779.9,786.2,4.64,75.3,14.0,3.0,49.3,0.72,14.1,4.0,LANE_A,20000.0,-22.0,83.2,CRUISE_LOITER,LADAKH,0,1.0
1788498960.711,5156.4,2122.0,72.0,97.2,99.6,96.8,99.2,779.1,785.6,781.4,783.5,4.67,75.2,14.1,3.0,49.3,0.74,14.12,4.0,LANE_A,20000.0,-22.0,83.1,CRUISE_LOITER,LADAKH,0,1.0
1788498961.329,5160.8,2123.8,72.0,97.2,100.0,96.5,99.3,779.9,784.2,782.4,788.0,4.63,75.5,14.1,3.0,49.4,0.71,14.12,4.1,LANE_A,20000.0,-22.0,83.1,CRUISE_LOITER,LADAKH,0,1.0
1788498961.904,5157.8,2122.6,72.0,97.2,99.4,96.9,99.0,778.5,783.6,780.6,786.2,4.66,75.4,14.0,3.0,49.3,0.71,14.11,4.0,LANE_A,20000.0,-22.0,83.1,CRUISE_LOITER,LADAKH,0,1.0
1788498962.479,5153.6,2120.8,72.0,97.1,100.1,96.7,99.5,781.4,784.8,782.5,781.4,4.59,75.3,14.1,3.0,49.5,0.69,14.09,3.9,LANE_A,20000.0,-22.0,83.1,CRUISE_LOITER,LADAKH,0,1.0
1788498963.093,5183.5,2133.1,72.0,97.5,99.9,96.5,99.3,778.2,785.3,781.8,784.9,4.69,75.5,14.0,3.0,49.3,0.71,14.11,4.0,LANE_A,20000.0,-22.0,83.1,CRUISE_LOITER,LADAKH,0,1.0
1788498963.668,5156.9,2122.2,72.0,97.5,99.6,97.1,99.4,780.1,784.5,781.9,782.7,4.66,75.9,14.0,3.0,49.3,0.74,14.07,4.0,LANE_A,20000.0,-22.0,83.1,CRUISE_LOITER,LADAKH,0,1.0
1788498964.265,5156.7,2122.1,72.0,97.5,100.0,97.0,99.5,779.6,787.0,781.8,784.5,4.64,75.6,14.1,3.0,49.4,0.73,14.1,4.1,LANE_A,20000.0,-22.0,83.1,CRUISE_LOITER,LADAKH,0,1.0
1788498964.837,5168.3,2126.9,72.0,97.4,99.8,96.8,99.3,778.6,785.2,781.5,784.9,4.64,75.7,14.0,3.0,49.3,0.72,14.08,3.9,LANE_A,20000.0,-22.0,83.1,CRUISE_LOITER,LADAKH,0,1.0
1788498965.411,5143.8,2116.8,72.0,97.6,99.7,96.8,99.5,781.3,784.1,783.4,782.4,4.63,75.6,14.0,3.0,49.4,0.73,14.13,4.0,LANE_A,20000.0,-22.0,83.1,CRUISE_LOITER,LADAKH,0,1.0
1788498965.988,5157.6,2122.5,72.0,97.4,99.6,96.7,99.5,781.5,785.4,781.6,783.9,4.63,75.4,14.1,3.0,49.1,0.7,14.09,4.0,LANE_A,20000.0,-22.0,83.1,CRUISE_LOITER,LADAKH,0,1.0
1788498966.537,5172.8,2128.7,72.0,97.1,99.9,96.8,98.9,777.9,785.9,784.2,783.7,4.62,75.7,14.1,3.0,49.5,0.76,14.08,4.0,LANE_A,20000.0,-22.0,83.0,CRUISE_LOITER,LADAKH,0,1.0
1788498967.128,5169.1,2127.2,72.0,97.6,99.8,96.9,99.5,781.0,785.6,782.2,785.6,4.66,75.9,14.0,3.0,49.2,0.74,14.13,3.9,LANE_A,20000.0,-22.0,83.0,CRUISE_LOITER,LADAKH,0,1.0
1788498967.709,5173.5,2129.0,72.0,97.8,99.7,96.9,99.2,781.2,785.0,779.5,785.5,4.66,75.7,14.2,3.0,49.3,0.72,14.07,4.0,LANE_A,20000.0,-22.0,83.0,CRUISE_LOITER,LADAKH,0,1.0
1788498968.327,5163.3,2124.8,72.0,97.7,100.1,96.9,99.2,780.4,785.4,783.1,785.5,4.62,75.7,14.0,3.0,49.4,0.73,14.14,4.0,LANE_A,20000.0,-22.0,83.0,CRUISE_LOITER,LADAKH,0,1.0
1788498968.916,5167.9,2126.7,72.0,97.5,99.6,96.7,99.6,781.0,785.1,782.0,785.8,4.63,75.6,14.2,3.0,49.3,0.71,14.1,4.0,LANE_A,20000.0,-22.0,83.0,CRUISE_LOITER,LADAKH,0,1.0
1788498969.504,5159.2,2123.1,72.0,97.3,99.6,96.9,99.2,779.4,785.9,781.8,784.4,4.66,75.5,14.2,3.0,49.6,0.74,14.1,4.2,LANE_A,20000.0,-22.0,83.0,CRUISE_LOITER,LADAKH,0,1.0
1788498970.081,5148.1,2118.6,72.0,97.5,99.9,97.1,99.3,780.5,783.6,784.1,782.1,4.6,75.9,14.1,3.0,49.5,0.72,14.11,4.0,LANE_A,20000.0,-22.0,83.0,CRUISE_LOITER,LADAKH,0,1.0
1788498970.652,5149.9,2119.3,72.0,97.5,99.7,97.1,99.7,782.2,785.5,781.7,783.9,4.63,75.5,14.2,3.0,49.4,0.72,14.13,4.0,LANE_A,20000.0,-22.0,83.0,CRUISE_LOITER,LADAKH,0,1.0
1788498971.25,5166.0,2125.9,72.0,97.5,99.8,97.1,99.5,780.8,784.6,782.8,784.1,4.69,75.4,14.2,3.0,49.4,0.7,14.1,3.9,LANE_A,20000.0,-22.0,83.0,CRUISE_LOITER,LADAKH,0,1.0
1788498971.834,5135.0,2113.2,72.0,97.7,100.0,97.2,99.2,779.0,783.4,782.8,785.0,4.69,75.8,14.1,3.0,49.4,0.73,14.12,3.9,LANE_A,20000.0,-22.0,83.0,CRUISE_LOITER,LADAKH,0,1.0
1788498972.401,5169.1,2127.2,72.0,97.2,99.8,96.9,99.3,780.1,785.8,781.3,787.8,4.63,75.8,14.1,3.0,49.4,0.72,14.14,4.0,LANE_A,20000.0,-22.0,83.0,CRUISE_LOITER,LADAKH,0,1.0
1788498972.983,5146.9,2118.0,72.0,97.1,99.8,97.1,99.7,782.1,784.3,782.7,783.9,4.63,75.5,14.0,3.0,49.4,0.72,14.07,3.8,LANE_A,20000.0,-22.0,83.0,CRUISE_LOITER,LADAKH,0,1.0
1788498973.555,5153.8,2120.9,72.0,97.9,100.2,97.1,99.6,780.0,786.0,780.6,787.4,4.66,75.8,14.2,3.0,49.6,0.72,14.09,4.2,LANE_A,20000.0,-22.0,83.0,CRUISE_LOITER,LADAKH,0,1.0
1788498974.121,5151.4,2119.9,72.0,97.6,99.9,97.2,99.6,779.1,783.9,782.7,783.9,4.63,75.9,14.1,3.0,49.6,0.71,14.08,4.0,LANE_A,20000.0,-22.0,83.0,CRUISE_LOITER,LADAKH,0,1.0
1788498974.687,5155.0,2121.4,72.0,97.7,100.2,97.1,99.7,780.1,785.0,780.1,786.2,4.64,75.7,14.2,3.0,49.4,0.69,14.12,4.3,LANE_A,20000.0,-22.0,83.0,CRUISE_LOITER,LADAKH,0,1.0
1788498976.063,5170.9,2127.9,72.0,97.6,100.2,97.3,99.7,781.8,784.8,781.9,785.0,4.62,75.6,14.0,3.0,49.5,0.72,14.14,4.1,LANE_A,20000.0,-22.0,83.0,CRUISE_LOITER,LADAKH,0,1.0
1788498976.637,5159.8,2123.4,72.0,97.8,100.1,97.3,99.7,776.9,785.8,783.2,784.1,4.63,75.6,14.1,3.0,49.4,0.71,14.14,3.9,LANE_A,20000.0,-22.0,83.0,CRUISE_LOITER,LADAKH,0,1.0
1788498977.228,5175.1,2129.7,72.0,97.4,100.0,96.9,99.7,778.5,783.2,782.9,785.2,4.6,75.7,14.1,3.0,49.2,0.74,14.1,4.1,LANE_A,20000.0,-22.0,83.0,CRUISE_LOITER,LADAKH,0,1.0
1788498977.841,5168.7,2127.0,72.0,97.6,100.3,97.0,99.6,779.5,785.0,780.7,785.9,4.67,75.7,14.2,3.0,49.5,0.71,14.09,4.1,LANE_A,20000.0,-22.0,83.0,CRUISE_LOITER,LADAKH,0,1.0
1788498978.447,5160.7,2123.8,72.0,97.5,100.1,97.4,99.4,779.8,784.4,782.8,784.8,4.68,75.5,14.1,3.0,49.5,0.71,14.09,4.1,LANE_A,20000.0,-22.0,83.0,CRUISE_LOITER,LADAKH,0,1.0
1788498979.035,5167.1,2126.4,72.0,97.5,100.3,97.4,99.6,779.4,785.7,781.6,782.7,4.66,75.7,14.1,3.0,49.4,0.72,14.08,4.0,LANE_A,20000.0,-22.0,83.0,CRUISE_LOITER,LADAKH,0,1.0
1788498979.634,5170.0,2127.6,72.0,97.6,100.5,97.1,99.6,782.5,786.3,782.8,784.7,4.66,75.8,14.1,3.0,49.7,0.72,14.11,4.1,LANE_A,20000.0,-22.0,83.0,CRUISE_LOITER,LADAKH,0,1.0
1788498980.231,5176.1,2130.1,72.0,97.9,100.1,97.2,99.8,780.2,784.1,778.3,782.8,4.71,75.7,14.2,3.0,49.2,0.7,14.1,3.9,LANE_A,20000.0,-22.0,83.0,CRUISE_LOITER,LADAKH,0,1.0
1788498980.814,5174.0,2129.2,72.0,97.9,100.0,97.0,99.6,782.0,784.8,782.5,783.3,4.68,75.8,13.9,3.0,49.3,0.72,14.09,3.9,LANE_A,20000.0,-22.0,83.0,CRUISE_LOITER,LADAKH,0,1.0
1788498981.401,5174.3,2129.3,72.0,97.8,100.0,97.3,99.9,780.4,783.5,780.3,785.2,4.61,75.7,14.1,3.0,49.5,0.7,14.09,3.9,LANE_A,20000.0,-22.0,83.0,CRUISE_LOITER,LADAKH,0,1.0
1788498982.013,5165.5,2125.7,72.0,97.6,100.1,97.1,99.5,779.2,784.6,783.4,786.1,4.64,75.5,14.2,3.0,49.5,0.74,14.1,3.9,LANE_A,20000.0,-22.0,83.0,CRUISE_LOITER,LADAKH,0,1.0
1788498982.579,5160.6,2123.7,72.0,97.8,100.2,97.3,99.8,779.4,784.8,782.2,785.0,4.63,75.9,14.1,3.0,49.5,0.7,14.12,3.9,LANE_A,20000.0,-22.0,83.0,CRUISE_LOITER,LADAKH,0,1.0
1788498983.156,5161.1,2123.9,72.0,97.5,100.3,97.0,99.6,779.8,782.7,781.1,783.0,4.62,76.2,14.3,3.0,49.3,0.69,14.07,4.0,LANE_A,20000.0,-22.0,83.0,CRUISE_LOITER,LADAKH,0,1.0
1788498983.749,5150.0,2119.3,72.0,97.6,100.1,97.0,99.8,781.8,784.9,782.2,786.0,4.69,75.7,14.1,3.0,49.2,0.71,14.1,4.0,LANE_A,20000.0,-22.0,83.0,CRUISE_LOITER,LADAKH,0,1.0
1788498984.354,5170.5,2127.8,72.0,97.6,100.0,97.2,99.7,779.9,786.7,782.8,784.2,4.68,75.9,14.1,3.0,49.4,0.72,14.11,3.9,LANE_A,20000.0,-22.0,83.1,CRUISE_LOITER,LADAKH,0,1.0
1788498984.923,5171.7,2128.3,72.0,97.7,99.9,97.0,99.6,778.1,785.5,783.1,786.5,4.63,75.8,14.3,3.0,49.6,0.72,14.04,4.1,LANE_A,20000.0,-22.0,83.1,CRUISE_LOITER,LADAKH,0,1.0
1788498985.529,5181.4,2132.3,72.0,97.5,100.3,97.2,99.7,780.3,784.9,782.3,786.1,4.67,76.0,14.2,3.0,49.5,0.73,14.11,3.9,LANE_A,20000.0,-22.0,83.1,CRUISE_LOITER,LADAKH,0,1.0
1788498986.109,5159.4,2123.2,72.0,97.6,100.2,97.1,99.1,778.6,786.3,780.8,787.6,4.71,75.8,14.2,3.0,49.4,0.72,14.08,4.1,LANE_A,20000.0,-22.0,83.1,CRUISE_LOITER,LADAKH,0,1.0
1788498986.699,5169.2,2127.2,72.0,97.9,100.5,97.3,99.7,779.1,786.4,783.0,785.4,4.65,76.1,14.0,3.0,49.5,0.73,14.13,3.9,LANE_A,20000.0,-22.0,83.1,CRUISE_LOITER,LADAKH,0,1.0
1788498987.293,5150.3,2119.5,72.0,97.8,100.3,97.4,100.2,780.2,786.1,780.0,785.6,4.66,76.0,14.1,3.0,49.5,0.74,14.09,4.0,LANE_A,20000.0,-22.0,83.1,CRUISE_LOITER,LADAKH,0,1.0
1788498987.922,5157.8,2122.5,72.0,97.8,100.5,97.3,99.6,781.0,783.8,781.9,785.5,4.64,75.8,14.1,3.0,49.5,0.72,14.09,4.0,LANE_A,20000.0,-22.0,83.1,CRUISE_LOITER,LADAKH,0,1.0
1788498988.502,5162.3,2124.4,72.0,97.7,100.1,97.2,99.7,779.8,785.7,782.2,786.0,4.68,75.9,14.2,3.0,49.5,0.73,14.1,3.8,LANE_A,20000.0,-22.0,83.1,CRUISE_LOITER,LADAKH,0,1.0
1788498989.089,5173.7,2129.1,72.0,97.5,100.2,97.0,99.9,780.7,786.8,782.5,786.2,4.64,75.7,14.1,3.0,49.6,0.71,14.11,4.0,LANE_A,20000.0,-22.0,83.1,CRUISE_LOITER,LADAKH,0,1.0
1788498989.66,5169.5,2127.4,72.0,97.7,100.2,97.0,99.6,778.8,785.0,782.1,785.7,4.7,76.1,14.1,3.0,49.4,0.74,14.13,4.0,LANE_A,20000.0,-22.0,83.1,CRUISE_LOITER,LADAKH,0,1.0
1788498990.236,5169.7,2127.4,72.0,97.5,100.4,97.1,99.9,777.8,786.1,781.0,787.5,4.66,75.7,14.1,3.0,49.5,0.74,14.08,3.9,LANE_A,20000.0,-22.0,83.2,CRUISE_LOITER,LADAKH,0,1.0
1788498990.827,5163.5,2124.9,72.0,97.5,100.2,97.2,99.8,779.8,786.0,781.1,785.5,4.68,75.9,14.1,3.0,49.4,0.73,14.1,3.9,LANE_A,20000.0,-22.0,83.2,CRUISE_LOITER,LADAKH,0,1.0
1788498991.416,5188.1,2135.0,72.0,98.2,100.2,97.6,99.9,781.1,784.2,780.0,785.2,4.61,75.9,14.2,3.0,49.5,0.7,14.1,3.9,LANE_A,20000.0,-22.0,83.2,CRUISE_LOITER,LADAKH,0,1.0
1788498991.994,5145.5,2117.5,72.0,97.9,100.3,97.1,99.8,781.8,785.7,782.4,784.4,4.62,76.2,14.2,3.0,49.3,0.73,14.13,4.2,LANE_A,20000.0,-22.0,83.2,CRUISE_LOITER,LADAKH,0,1.0
1788498992.581,5179.7,2131.6,72.0,97.8,100.6,97.4,100.0,780.9,786.2,783.5,783.3,4.63,76.2,14.2,3.0,49.7,0.71,14.11,4.1,LANE_A,20000.0,-22.0,83.2,CRUISE_LOITER,LADAKH,0,1.0
1788498993.155,5153.5,2120.8,72.0,97.9,100.4,96.9,99.9,779.8,784.5,781.5,784.2,4.66,75.9,14.3,3.0,49.4,0.73,14.11,4.2,LANE_A,20000.0,-22.0,83.2,CRUISE_LOITER,LADAKH,0,1.0
1788498993.747,5138.5,2114.6,72.0,98.0,100.3,97.1,99.8,780.5,782.9,781.2,785.9,4.62,76.0,14.1,3.0,49.4,0.74,14.09,4.1,LANE_A,20000.0,-22.0,83.2,CRUISE_LOITER,LADAKH,0,1.0
1788498994.335,5162.9,2124.7,72.0,97.6,100.4,97.3,99.8,778.1,785.6,784.0,786.4,4.63,76.0,14.2,3.0,49.6,0.72,14.11,4.0,LANE_A,20000.0,-22.0,83.3,CRUISE_LOITER,LADAKH,0,1.0
1788498995.996,5179.7,2131.6,72.0,97.8,100.3,97.5,99.9,780.6,784.9,782.5,785.1,4.64,76.1,14.3,3.0,49.5,0.71,14.14,4.1,LANE_A,20000.0,-22.0,83.3,CRUISE_LOITER,LADAKH,0,1.0
1788498996.586,5179.8,2131.6,72.0,97.9,100.2,97.2,99.8,779.7,784.7,783.9,783.8,4.63,76.0,14.1,3.0,49.4,0.72,14.14,3.9,LANE_A,20000.0,-22.0,83.3,CRUISE_LOITER,LADAKH,0,1.0
1788498997.187,5165.5,2125.7,72.0,97.9,100.4,97.4,99.9,780.4,787.1,782.6,784.4,4.67,76.0,14.2,3.0,49.7,0.73,14.09,4.1,LANE_A,20000.0,-22.0,83.3,CRUISE_LOITER,LADAKH,0,1.0
1788498997.779,5180.3,2131.8,72.0,97.9,100.4,97.2,99.5,778.6,785.1,781.4,786.1,4.61,75.9,14.4,3.0,49.5,0.74,14.1,3.8,LANE_A,20000.0,-22.0,83.3,CRUISE_LOITER,LADAKH,0,1.0
1788498998.405,5186.1,2134.2,72.0,97.8,100.2,97.7,99.9,781.6,785.3,781.6,785.3,4.62,76.1,14.2,3.0,49.7,0.71,14.13,4.1,LANE_A,20000.0,-22.0,83.3,CRUISE_LOITER,LADAKH,0,1.0
1788498998.984,5178.4,2131.0,72.0,97.6,100.0,97.1,100.0,783.2,786.1,783.5,784.1,4.64,76.2,14.2,3.0,49.6,0.74,14.13,4.1,LANE_A,20000.0,-22.0,83.4,CRUISE_LOITER,LADAKH,0,1.0
1788498999.562,5183.8,2133.2,72.0,97.8,100.3,97.1,99.8,782.0,784.8,783.0,784.7,4.6,76.0,14.1,3.0,49.3,0.71,14.08,4.0,LANE_A,20000.0,-22.0,83.4,CRUISE_LOITER,LADAKH,0,1.0
1788499000.23,5188.6,2135.2,72.0,97.7,100.0,97.2,99.6,779.9,784.2,783.5,784.6,4.65,76.0,14.1,3.0,49.7,0.73,14.1,4.3,LANE_A,20000.0,-22.0,83.4,CRUISE_LOITER,LADAKH,8,1.0
1788499000.817,5153.4,2120.7,72.0,97.9,100.0,97.5,99.8,779.0,786.7,783.7,786.5,4.62,76.1,14.1,3.0,49.7,0.75,14.09,3.8,LANE_A,20000.0,-22.0,83.4,CRUISE_LOITER,LADAKH,0,1.0
1788499001.386,5176.6,2130.3,72.0,97.6,100.5,97.3,99.8,779.2,784.5,781.9,785.0,4.62,76.0,14.1,3.0,49.6,0.7,14.09,4.0,LANE_A,20000.0,-22.0,83.4,CRUISE_LOITER,LADAKH,0,1.0
1788499001.976,5169.3,2127.3,72.0,97.6,100.4,97.6,99.8,781.2,783.9,781.0,786.1,4.61,75.7,14.2,3.0,49.5,0.7,14.11,4.2,LANE_A,20000.0,-22.0,83.5,CRUISE_LOITER,LADAKH,0,1.0
1788499002.596,5194.9,2137.8,72.0,97.9,100.5,97.2,99.9,782.1,785.6,782.3,785.8,4.62,76.0,14.3,3.0,49.6,0.74,14.11,4.0,LANE_A,20000.0,-22.0,83.5,CRUISE_LOITER,LADAKH,0,1.0
1788499003.188,5175.3,2129.7,72.0,97.6,100.5,97.0,100.1,782.5,785.4,782.2,786.2,4.67,76.2,14.1,3.0,49.6,0.72,14.07,4.1,LANE_A,20000.0,-22.0,83.5,CRUISE_LOITER,LADAKH,0,1.0
1788499003.781,5186.9,2134.5,72.0,97.5,100.4,97.3,99.9,778.2,786.2,782.1,783.9,4.62,76.2,14.1,3.0,49.4,0.72,14.11,3.9,LANE_A,20000.0,-22.0,83.5,CRUISE_LOITER,LADAKH,0,1.0
1788499004.369,5169.1,2127.2,72.0,97.6,100.2,97.4,99.9,780.6,784.8,784.6,787.0,4.65,75.9,14.2,3.0,49.7,0.71,14.09,4.1,LANE_A,20000.0,-22.0,83.5,CRUISE_LOITER,LADAKH,0,1.0
1788499004.968,5169.0,2127.2,72.0,97.6,100.4,97.1,100.0,778.7,786.1,782.4,785.3,4.62,76.0,14.1,3.0,49.4,0.73,14.08,4.2,LANE_A,20000.0,-22.0,83.6,CRUISE_LOITER,LADAKH,0,1.0
1788499005.53,5181.5,2132.3,72.0,97.8,100.3,97.4,99.9,781.4,784.8,780.9,783.9,4.64,75.9,14.1,3.0,49.6,0.71,14.11,4.0,LANE_A,20000.0,-22.0,83.6,CRUISE_LOITER,LADAKH,0,1.0
1788499006.1,5164.4,2125.3,72.0,97.7,100.4,97.0,100.0,779.5,786.4,783.3,787.5,4.59,76.2,14.0,3.0,49.8,0.73,14.1,4.0,LANE_A,20000.0,-22.0,83.6,CRUISE_LOITER,LADAKH,0,1.0
1788499006.706,5186.0,2134.1,72.0,97.9,100.2,97.5,99.9,781.2,785.8,782.7,786.5,4.66,76.1,14.2,3.0,49.5,0.72,14.08,4.1,LANE_A,20000.0,-22.0,83.6,CRUISE_LOITER,LADAKH,0,1.0
1788499007.304,5186.8,2134.5,72.0,97.7,100.3,97.4,100.0,778.9,786.6,781.4,785.0,4.67,76.1,14.1,3.0,49.7,0.72,14.09,4.0,LANE_A,20000.0,-22.0,83.7,CRUISE_LOITER,LADAKH,0,1.0
1788499007.899,5168.9,2127.1,72.0,97.9,100.5,97.3,99.5,780.9,786.7,782.9,787.1,4.62,76.1,14.1,3.0,49.4,0.73,14.11,4.0,LANE_A,20000.0,-22.0,83.7,CRUISE_LOITER,LADAKH,0,1.0
1788499008.49,5169.9,2127.5,72.0,98.0,100.4,97.3,99.7,778.9,785.0,782.5,784.2,4.63,76.0,14.0,3.0,49.7,0.72,14.11,4.0,LANE_A,20000.0,-22.0,83.7,CRUISE_LOITER,LADAKH,0,1.0
1788499009.067,5173.6,2129.0,72.0,97.8,100.2,97.1,100.1,780.0,786.9,782.5,787.0,4.64,76.2,14.3,3.0,49.2,0.74,14.09,4.1,LANE_A,20000.0,-22.0,83.7,CRUISE_LOITER,LADAKH,0,1.0
1788499009.728,5204.3,2141.7,72.0,97.8,100.0,97.0,99.8,781.9,786.2,782.3,785.2,4.59,75.8,14.2,3.0,49.4,0.71,14.08,4.1,LANE_A,20000.0,-22.0,83.8,CRUISE_LOITER,LADAKH,0,1.0
1788499010.321,5162.4,2124.4,72.0,98.1,99.9,97.3,99.9,782.5,784.0,783.5,783.9,4.67,76.1,14.2,3.0,49.5,0.7,14.11,4.1,LANE_A,20000.0,-22.0,83.8,CRUISE_LOITER,LADAKH,0,1.0
1788499010.923,5182.4,2132.7,72.0,98.0,100.2,97.1,99.9,782.7,785.9,785.3,785.3,4.57,76.0,14.0,3.0,49.7,0.7,14.1,4.0,LANE_A,20000.0,-22.0,83.8,CRUISE_LOITER,LADAKH,0,1.0
1788499011.496,5167.4,2126.5,72.0,97.9,100.5,97.2,99.5,779.0,787.7,783.6,785.7,4.61,76.1,14.1,3.0,49.7,0.73,14.11,3.9,LANE_A,20000.0,-22.0,83.8,CRUISE_LOITER,LADAKH,0,1.0
1788499012.093,5164.0,2125.1,72.0,97.8,100.2,97.5,99.8,781.6,786.8,782.0,787.4,4.65,76.2,14.1,3.0,49.7,0.74,14.11,4.0,LANE_A,20000.0,-22.0,83.9,CRUISE_LOITER,LADAKH,0,1.0
1788499012.647,5179.8,2131.6,72.0,98.0,100.4,97.1,99.8,781.9,785.4,782.0,784.2,4.69,76.3,14.2,3.0,49.7,0.73,14.11,3.9,LANE_A,20000.0,-22.0,83.9,CRUISE_LOITER,LADAKH,0,1.0
1788499013.236,5182.3,2132.6,72.0,98.0,100.4,97.5,99.7,781.4,787.7,784.4,785.1,4.6,76.1,14.2,3.0,49.4,0.7,14.07,4.0,LANE_A,20000.0,-22.0,83.9,CRUISE_LOITER,LADAKH,0,1.0
1788499013.801,5159.2,2123.1,72.0,97.7,100.2,97.4,99.7,780.7,783.8,782.0,785.3,4.64,76.3,14.0,3.0,49.7,0.72,14.09,4.2,LANE_A,20000.0,-22.0,84.0,CRUISE_LOITER,LADAKH,0,1.0
1788499014.414,5182.9,2132.9,72.0,98.0,100.3,97.3,100.0,781.7,788.5,781.1,786.7,4.68,76.0,14.2,3.0,49.7,0.72,14.12,4.2,LANE_A,20000.0,-22.0,84.0,CRUISE_LOITER,LADAKH,0,1.0
1788499015.007,5195.0,2137.9,72.0,98.0,100.2,97.5,99.9,780.5,784.5,783.9,787.0,4.61,76.0,14.2,3.0,49.5,0.72,14.1,4.0,LANE_A,20000.0,-22.0,84.0,CRUISE_LOITER,LADAKH,0,1.0
1788499016.381,5181.4,2132.3,72.0,97.5,100.2,97.2,100.0,782.3,783.6,784.8,782.6,4.66,75.9,14.3,3.0,49.7,0.74,14.1,4.2,LANE_A,20000.0,-22.0,84.1,CRUISE_LOITER,LADAKH,0,1.0
1788499016.989,5187.2,2134.7,72.0,97.6,100.5,97.3,99.9,780.8,786.0,782.9,785.6,4.6,75.8,14.0,3.0,49.5,0.75,14.09,4.0,LANE_A,20000.0,-22.0,84.1,CRUISE_LOITER,LADAKH,0,1.0
1788499017.555,5194.6,2137.7,72.0,98.1,100.2,97.4,100.0,778.1,786.4,782.4,786.3,4.62,75.8,14.2,3.0,49.7,0.72,14.1,3.9,LANE_A,20000.0,-22.0,84.1,CRUISE_LOITER,LADAKH,0,1.0
1788499018.128,5154.3,2121.1,72.0,97.9,100.2,97.5,99.5,782.3,788.9,782.4,787.4,4.64,76.0,14.2,3.0,49.7,0.74,14.1,4.2,LANE_A,20000.0,-22.0,84.1,CRUISE_LOITER,LADAKH,0,1.0
1788499018.704,5180.0,2131.7,72.0,97.8,100.3,97.3,99.7,782.1,786.1,782.7,786.0,4.62,75.9,14.3,3.0,49.9,0.73,14.1,4.3,LANE_A,20000.0,-22.0,84.2,CRUISE_LOITER,LADAKH,0,1.0
1788499019.296,5200.5,2140.1,72.0,97.5,100.5,97.0,99.8,780.3,785.7,783.3,785.1,4.64,76.2,14.2,3.0,49.6,0.72,14.08,4.1,LANE_A,20000.0,-22.0,84.2,CRUISE_LOITER,LADAKH,0,1.0
1788499019.883,5186.4,2134.3,72.0,97.8,100.3,97.2,99.6,780.9,783.9,782.4,784.1,4.63,75.9,14.2,3.0,49.6,0.72,14.12,3.9,LANE_A,20000.0,-22.0,84.2,CRUISE_LOITER,LADAKH,0,1.0
1788499020.456,5170.6,2127.8,72.0,97.7,100.2,97.5,99.7,781.6,785.5,783.5,786.1,4.68,76.2,14.3,3.0,49.5,0.73,14.1,4.0,LANE_A,20000.0,-22.0,84.3,CRUISE_LOITER,LADAKH,0,1.0
1788499021.046,5153.9,2120.9,72.0,97.9,100.6,97.5,99.8,782.3,786.9,781.1,784.4,4.61,76.1,14.2,3.0,49.6,0.73,14.1,3.9,LANE_A,20000.0,-22.0,84.3,CRUISE_LOITER,LADAKH,0,1.0
1788499021.647,5207.1,2142.8,72.0,97.8,100.3,97.2,99.6,779.9,784.7,782.3,786.9,4.66,75.9,14.2,3.0,49.6,0.75,14.09,3.9,LANE_A,20000.0,-22.0,84.3,CRUISE_LOITER,LADAKH,0,1.0
1788499022.215,5176.7,2130.3,72.0,97.6,100.4,97.1,99.9,782.4,786.0,781.7,784.9,4.63,75.9,14.1,3.0,49.8,0.73,14.12,4.0,LANE_A,20000.0,-22.0,84.4,CRUISE_LOITER,LADAKH,0,1.0
1788499022.783,5197.7,2139.0,72.0,97.6,100.2,97.3,99.5,781.9,785.1,781.9,785.5,4.61,76.2,14.1,3.0,49.4,0.74,14.12,4.1,LANE_A,20000.0,-22.0,84.4,CRUISE_LOITER,LADAKH,0,1.0
1788499023.357,5176.6,2130.3,72.0,98.0,100.4,97.2,99.7,783.2,785.8,782.5,785.2,4.63,76.0,14.0,3.0,49.7,0.74,14.09,3.9,LANE_A,20000.0,-22.0,84.4,CRUISE_LOITER,LADAKH,0,1.0
1788499023.948,5195.6,2138.1,72.0,97.8,100.3,97.1,99.8,780.9,784.4,782.1,785.2,4.69,76.4,14.1,3.0,49.5,0.77,14.1,4.0,LANE_A,20000.0,-22.0,84.5,CRUISE_LOITER,LADAKH,0,1.0
1788499024.559,5178.9,2131.2,72.0,97.8,100.3,97.2,99.6,780.0,784.7,783.0,784.0,4.63,76.0,14.1,3.0,49.5,0.7,14.06,4.1,LANE_A,20000.0,-22.0,84.5,CRUISE_LOITER,LADAKH,0,1.0
1788499025.161,5181.4,2132.3,72.0,98.0,100.1,97.3,99.3,780.6,785.4,784.2,785.7,4.61,76.0,14.1,3.0,49.6,0.71,14.11,4.0,LANE_A,20000.0,-22.0,84.6,CRUISE_LOITER,LADAKH,0,1.0
1788499025.757,5178.3,2131.0,72.0,97.7,100.4,97.3,99.6,780.7,786.1,784.4,787.1,4.63,76.0,14.1,3.0,49.5,0.73,14.13,4.1,LANE_A,20000.0,-22.0,84.6,CRUISE_LOITER,LADAKH,0,1.0
1788499026.333,5176.0,2130.0,72.0,97.9,100.5,97.2,99.8,779.5,786.3,782.5,785.0,4.65,75.8,14.1,3.0,49.5,0.71,14.09,4.0,LANE_A,20000.0,-22.0,84.6,CRUISE_LOITER,LADAKH,0,1.0
1788499026.894,5184.8,2133.7,72.0,97.6,100.3,97.5,99.7,782.3,784.3,783.0,786.0,4.66,76.2,14.1,3.0,49.6,0.72,14.12,4.0,LANE_A,20000.0,-22.0,84.7,CRUISE_LOITER,LADAKH,0,1.0
1788499027.465,5187.8,2134.9,72.0,97.6,100.1,97.6,99.7,781.2,785.2,783.6,786.9,4.67,76.2,14.1,3.0,49.5,0.75,14.1,4.0,LANE_A,20000.0,-22.0,84.7,CRUISE_LOITER,LADAKH,0,1.0
1788499028.022,5187.6,2134.8,72.0,97.5,100.3,97.2,99.7,782.0,786.7,782.5,786.4,4.69,76.1,14.1,3.0,49.7,0.72,14.13,4.1,LANE_A,20000.0,-22.0,84.7,CRUISE_LOITER,LADAKH,0,1.0
1788499028.601,5199.0,2139.5,72.0,97.8,99.9,97.3,99.8,779.6,785.2,781.6,788.0,4.68,75.9,14.1,3.0,49.6,0.72,14.13,4.1,LANE_A,20000.0,-22.0,84.8,CRUISE_LOITER,LADAKH,0,1.0
1788499029.191,5203.5,2141.3,72.0,97.5,100.1,97.4,99.7,780.4,786.5,782.4,785.0,4.66,76.1,14.2,3.0,49.5,0.74,14.09,4.1,LANE_A,20000.0,-22.0,84.8,CRUISE_LOITER,LADAKH,0,1.0
1788499029.786,5180.8,2132.0,72.0,98.0,99.9,97.3,99.7,783.0,787.4,784.5,784.8,4.64,75.9,14.4,3.0,49.5,0.71,14.1,4.0,LANE_A,20000.0,-22.0,84.9,CRUISE_LOITER,LADAKH,0,1.0
1788499030.354,5201.5,2140.5,72.0,97.7,100.1,97.2,99.7,781.3,785.0,782.2,787.6,4.68,75.7,14.3,3.0,49.4,0.74,14.09,4.1,LANE_A,20000.0,-22.0,84.9,CRUISE_LOITER,LADAKH,0,1.0
1788499030.93,5202.1,2140.8,72.0,98.0,100.0,97.0,99.5,779.1,785.3,782.4,784.9,4.65,76.1,14.2,3.0,49.8,0.75,14.08,4.0,LANE_A,20000.0,-22.0,84.9,CRUISE_LOITER,LADAKH,0,1.0
1788499031.551,5179.2,2131.4,72.0,97.6,100.4,97.1,99.5,780.0,785.8,781.4,787.7,4.66,75.7,14.1,3.0,49.7,0.75,14.09,3.9,LANE_A,20000.0,-22.0,85.0,CRUISE_LOITER,LADAKH,0,1.0
1788499032.131,5177.7,2130.8,72.0,98.0,100.0,97.0,99.9,782.3,786.7,782.3,785.2,4.67,76.0,14.2,3.0,49.6,0.74,14.08,4.2,LANE_A,20000.0,-22.0,85.0,CRUISE_LOITER,LADAKH,0,1.0
1788499032.704,5177.1,2130.5,72.0,97.4,99.8,96.9,99.5,780.8,787.1,783.1,786.5,4.62,76.1,14.2,3.0,49.4,0.71,14.09,4.2,LANE_A,20000.0,-22.0,85.1,CRUISE_LOITER,LADAKH,0,1.0
1788499033.288,5200.0,2139.9,72.0,97.6,100.6,96.8,99.5,781.8,787.8,782.8,786.7,4.67,75.9,14.2,3.0,49.6,0.74,14.12,4.1,LANE_A,20000.0,-22.0,85.1,CRUISE_LOITER,LADAKH,0,1.0
1788499033.894,5191.4,2136.4,72.0,97.8,100.3,97.3,99.6,783.0,785.0,783.8,785.4,4.66,75.8,14.2,3.0,49.7,0.73,14.1,4.1,LANE_A,20000.0,-22.0,85.1,CRUISE_LOITER,LADAKH,0,1.0
1788499034.472,5180.7,2132.0,72.0,97.9,100.2,96.8,99.5,779.9,785.6,784.0,785.1,4.65,76.0,14.1,3.0,49.6,0.73,14.1,4.0,LANE_A,20000.0,-22.0,85.2,CRUISE_LOITER,LADAKH,0,1.0
1788499035.067,5192.6,2136.9,72.0,98.1,100.2,97.1,99.5,780.6,786.8,782.7,786.6,4.66,75.8,14.2,3.0,49.7,0.71,14.08,4.1,LANE_A,20000.0,-22.0,85.2,CRUISE_LOITER,LADAKH,0,1.0
1788499036.407,5182.7,2132.8,72.0,97.6,100.1,97.2,99.5,780.5,785.7,783.2,786.2,4.63,76.0,14.2,3.0,49.8,0.71,14.09,4.0,LANE_A,20000.0,-22.0,85.3,CRUISE_LOITER,LADAKH,0,1.0
1788499036.989,5178.3,2131.0,72.0,97.8,99.7,97.0,99.6,783.2,786.8,783.8,783.7,4.62,76.0,14.2,3.0,49.6,0.73,14.1,4.1,LANE_A,20000.0,-22.0,85.3,CRUISE_LOITER,LADAKH,0,1.0
1788499037.631,5207.8,2143.1,72.0,97.9,100.0,97.0,100.0,780.2,785.8,784.9,786.8,4.55,76.1,14.2,3.0,49.7,0.72,14.08,4.1,LANE_A,20000.0,-22.0,85.3,CRUISE_LOITER,LADAKH,0,1.0
1788499038.214,5192.3,2136.8,72.0,97.9,100.1,97.1,99.9,782.0,786.8,783.5,786.1,4.67,76.0,14.2,3.0,49.5,0.74,14.08,4.0,LANE_A,20000.0,-22.0,85.4,CRUISE_LOITER,LADAKH,0,1.0
1788499038.817,5165.4,2125.7,72.0,97.7,100.1,97.2,99.7,780.7,786.1,783.8,785.2,4.67,75.8,14.3,3.0,49.3,0.75,14.06,4.2,LANE_A,20000.0,-22.0,85.4,CRUISE_LOITER,LADAKH,0,1.0
1788499039.403,5200.2,2140.0,72.0,97.4,100.2,97.2,99.7,779.7,787.0,783.0,786.5,4.65,76.0,14.1,3.0,49.6,0.71,14.09,3.9,LANE_A,20000.0,-22.0,85.5,CRUISE_LOITER,LADAKH,0,1.0
1788499040.014,5175.4,2129.8,72.0,97.4,99.9,97.2,99.5,781.6,787.0,782.9,787.5,4.64,75.7,14.2,3.0,49.5,0.76,14.08,4.2,LANE_A,20000.0,-22.0,85.5,CRUISE_LOITER,LADAKH,0,1.0
1788499040.586,5198.8,2139.4,72.0,97.5,100.2,97.3,99.5,781.3,787.3,784.4,785.2,4.68,75.8,14.3,3.0,49.7,0.7,14.09,4.0,LANE_A,20000.0,-22.0,85.6,CRUISE_LOITER,LADAKH,0,1.0
1788499041.177,5170.0,2127.6,72.0,97.8,100.1,97.2,99.5,782.6,786.2,783.0,786.3,4.68,75.8,14.2,3.0,49.6,0.73,14.09,4.1,LANE_A,20000.0,-22.0,85.6,CRUISE_LOITER,LADAKH,0,1.0
1788499041.747,5191.8,2136.6,72.0,97.3,100.1,97.1,99.4,780.3,786.4,784.4,786.4,4.62,76.0,14.1,3.0,49.5,0.75,14.12,4.0,LANE_A,20000.0,-22.0,85.6,CRUISE_LOITER,LADAKH,0,1.0
1788499042.33,5193.1,2137.1,72.0,97.6,99.9,97.0,99.6,782.1,786.2,784.3,787.8,4.7,76.0,14.3,3.0,49.6,0.73,14.11,4.0,LANE_A,20000.0,-22.0,85.7,CRUISE_LOITER,LADAKH,0,1.0
1788499042.907,5196.3,2138.4,72.0,97.4,99.8,97.3,99.5,780.9,788.2,782.9,786.3,4.64,75.7,14.1,3.0,49.6,0.74,14.11,4.0,LANE_A,20000.0,-22.0,85.7,CRUISE_LOITER,LADAKH,0,1.0
1788499043.498,5183.5,2133.1,72.0,97.3,100.1,96.9,99.5,782.6,786.3,782.6,785.7,4.68,75.8,14.3,3.0,49.6,0.73,14.08,4.1,LANE_A,20000.0,-22.0,85.8,CRUISE_LOITER,LADAKH,0,1.0
1788499044.094,5165.3,2125.6,72.0,97.7,99.7,97.5,99.5,783.6,788.9,781.5,786.4,4.66,75.8,14.2,3.0,49.5,0.74,14.07,4.0,LANE_A,20000.0,-22.0,85.8,CRUISE_LOITER,LADAKH,0,1.0
1788499044.708,5187.2,2134.6,72.0,97.4,100.2,97.0,99.6,780.6,786.9,783.5,785.3,4.68,75.8,14.2,3.0,49.7,0.73,14.1,4.2,LANE_A,20000.0,-22.0,85.9,CRUISE_LOITER,LADAKH,0,1.0
1788499045.291,5176.1,2130.1,72.0,97.6,99.9,97.1,99.2,781.5,785.5,783.1,786.2,4.69,75.8,14.2,3.0,49.6,0.74,14.07,4.1,LANE_A,20000.0,-22.0,85.9,CRUISE_LOITER,LADAKH,0,1.0
1788499045.871,5189.4,2135.6,72.0,97.4,100.1,96.6,100.0,781.2,786.8,782.5,787.5,4.6,75.7,14.2,3.0,49.6,0.73,14.1,4.2,LANE_A,20000.0,-22.0,86.0,CRUISE_LOITER,LADAKH,0,1.0
1788499046.514,5185.7,2134.0,72.0,97.2,99.8,96.8,99.4,781.2,786.5,782.3,786.8,4.63,75.7,14.2,3.0,49.7,0.73,14.11,4.0,LANE_A,20000.0,-22.0,86.0,CRUISE_LOITER,LADAKH,0,1.0
1788499047.125,5180.3,2131.8,72.0,97.7,100.0,97.0,99.9,781.9,786.6,781.8,785.2,4.68,75.8,14.3,3.0,49.8,0.71,14.14,4.1,LANE_A,20000.0,-22.0,86.1,CRUISE_LOITER,LADAKH,0,1.0
1788499047.718,5215.7,2146.4,72.0,97.3,100.1,97.1,99.5,781.8,785.0,781.1,787.3,4.67,75.6,14.0,3.0,49.6,0.74,14.1,4.0,LANE_A,20000.0,-22.0,86.1,CRUISE_LOITER,LADAKH,0,1.0
1788499048.291,5163.6,2124.9,72.0,97.1,99.8,97.0,99.5,783.6,784.5,780.6,786.8,4.66,75.8,14.2,3.0,49.7,0.73,14.12,4.1,LANE_A,20000.0,-22.0,86.1,CRUISE_LOITER,LADAKH,0,1.0
1788499048.87,5165.6,2125.8,72.0,97.6,100.0,96.7,99.5,780.2,786.2,783.2,787.2,4.61,75.6,14.2,3.0,49.7,0.75,14.14,4.1,LANE_A,20000.0,-22.0,86.2,CRUISE_LOITER,LADAKH,0,1.0
1788499049.431,5190.1,2135.9,72.0,97.2,99.7,96.9,99.3,778.2,786.8,782.8,786.4,4.62,75.8,14.2,3.0,49.6,0.75,14.09,4.0,LANE_A,20000.0,-22.0,86.2,CRUISE_LOITER,LADAKH,0,1.0
1788499050.02,5182.5,2132.7,72.0,97.5,99.6,96.8,99.2,781.1,784.8,783.5,787.0,4.69,75.7,14.2,3.0,49.5,0.72,14.06,4.0,LANE_A,20000.0,-22.0,86.3,CRUISE_LOITER,LADAKH,0,1.0
1788499050.642,5196.7,2138.6,72.0,97.1,100.0,96.7,99.2,779.9,787.8,782.2,785.2,4.65,75.8,14.3,3.0,49.5,0.74,14.1,4.2,LANE_A,20000.0,-22.0,86.3,CRUISE_LOITER,LADAKH,0,1.0
1788499051.215,5190.1,2135.8,72.0,97.5,99.9,96.8,99.3,779.0,787.2,783.9,786.3,4.72,75.8,14.3,3.0,49.5,0.74,14.1,4.1,LANE_A,20000.0,-22.0,86.4,CRUISE_LOITER,LADAKH,0,1.0
1788499051.802,5190.6,2136.0,72.0,97.5,99.9,96.8,99.2,781.0,786.4,782.0,785.2,4.7,75.8,14.2,3.0,49.8,0.74,14.09,4.0,LANE_A,20000.0,-22.0,86.4,CRUISE_LOITER,LADAKH,0,1.0
1788499052.389,5187.3,2134.7,72.0,97.6,100.1,96.7,99.5,781.9,784.9,785.3,785.3,4.64,75.7,14.1,3.0,49.6,0.72,14.13,4.0,LANE_A,20000.0,-22.0,86.5,CRUISE_LOITER,LADAKH,0,1.0
1788499052.976,5184.0,2133.3,72.0,97.3,99.6,96.8,99.3,780.5,784.4,784.3,786.4,4.62,75.8,14.1,3.0,49.7,0.74,14.12,4.1,LANE_A,20000.0,-22.0,86.5,CRUISE_LOITER,LADAKH,0,1.0
1788499053.537,5189.0,2135.4,72.0,97.6,99.9,97.2,99.4,780.2,787.1,783.5,787.2,4.66,75.7,14.4,3.0,49.7,0.71,14.1,4.0,LANE_A,20000.0,-22.0,86.6,CRUISE_LOITER,LADAKH,0,1.0
1788499054.142,5188.4,2135.1,72.0,97.4,99.7,96.6,99.4,780.7,784.8,784.7,786.6,4.63,75.5,14.3,3.0,49.5,0.69,14.1,4.0,LANE_A,20000.0,-22.0,86.6,CRUISE_LOITER,LADAKH,0,1.0
1788499054.731,5170.8,2127.9,72.0,97.5,99.6,96.9,99.5,780.1,787.7,785.0,789.0,4.65,75.5,14.1,3.0,49.6,0.73,14.12,4.1,LANE_A,20000.0,-22.0,86.7,CRUISE_LOITER,LADAKH,0,1.0
1788499056.093,5192.7,2136.9,72.0,97.4,99.7,96.9,99.3,780.1,787.7,783.7,785.5,4.64,75.4,14.3,3.0,49.4,0.69,14.11,4.1,LANE_A,20000.0,-22.0,86.7,CRUISE_LOITER,LADAKH,0,1.0
1788499056.685,5192.4,2136.8,72.0,97.2,99.9,96.3,99.2,781.3,784.9,783.3,787.9,4.63,75.7,14.2,3.0,49.6,0.71,14.11,4.0,LANE_A,20000.0,-22.0,86.8,CRUISE_LOITER,LADAKH,0,1.0
1788499057.27,5208.0,2143.2,72.0,97.4,99.8,96.6,99.4,782.5,788.3,784.8,785.7,4.65,75.4,14.2,3.0,49.5,0.7,14.11,4.2,LANE_A,20000.0,-22.0,86.8,CRUISE_LOITER,LADAKH,0,1.0
1788499057.844,5195.7,2138.1,72.0,96.8,99.7,96.8,99.2,781.8,784.8,782.8,786.3,4.61,75.7,14.3,3.0,49.3,0.71,14.09,4.2,LANE_A,20000.0,-22.0,86.9,CRUISE_LOITER,LADAKH,0,1.0
1788499058.424,5214.8,2146.0,72.0,97.2,99.6,96.8,99.3,781.5,787.7,782.1,786.6,4.67,75.5,14.2,3.0,49.6,0.71,14.1,4.1,LANE_A,20000.0,-22.0,86.9,CRUISE_LOITER,LADAKH,0,1.0
1788499059.012,5180.7,2132.0,72.0,97.0,100.1,96.3,99.6,778.0,785.9,783.1,785.8,4.61,75.6,14.2,3.0,49.7,0.72,14.1,4.0,LANE_A,20000.0,-22.0,87.0,CRUISE_LOITER,LADAKH,0,1.0
1788499059.587,5190.3,2135.9,72.0,97.3,99.7,96.5,99.0,779.9,785.7,783.0,783.8,4.68,75.4,14.1,3.0,49.5,0.75,14.09,4.0,LANE_A,20000.0,-22.0,87.0,CRUISE_LOITER,LADAKH,0,1.0
1788499060.183,5200.9,2140.3,72.0,97.2,99.6,96.9,99.3,780.7,787.8,781.7,787.4,4.68,75.6,14.1,3.0,49.4,0.73,14.11,4.0,LANE_A,20000.0,-22.0,87.1,CRUISE_LOITER,LADAKH,0,1.0
1788499060.754,5183.5,2133.1,72.0,97.1,99.8,96.8,99.3,780.4,789.0,781.6,786.8,4.65,75.7,14.2,3.0,49.6,0.76,14.13,4.1,LANE_A,20000.0,-22.0,87.1,CRUISE_LOITER,LADAKH,0,1.0
1788499061.365,5191.7,2136.5,72.0,97.1,99.3,96.7,99.1,780.8,787.8,782.5,787.1,4.72,75.6,14.1,3.0,49.5,0.74,14.09,3.9,LANE_A,20000.0,-22.0,87.2,CRUISE_LOITER,LADAKH,0,1.0
1788499061.945,5197.2,2138.8,72.0,97.3,99.8,96.6,99.2,780.6,788.1,784.6,785.6,4.64,75.4,14.4,3.0,49.7,0.72,14.12,4.2,LANE_A,20000.0,-22.0,87.2,CRUISE_LOITER,LADAKH,0,1.0
1788499062.546,5188.6,2135.2,72.0,97.1,99.8,96.9,98.9,780.0,786.5,782.6,786.9,4.6,75.3,14.1,3.0,49.5,0.74,14.09,4.2,LANE_A,20000.0,-22.0,87.3,CRUISE_LOITER,LADAKH,0,1.0
1788499063.131,5214.6,2145.9,72.0,97.2,99.7,96.7,99.1,781.0,786.7,785.1,787.0,4.69,75.5,14.2,3.0,49.5,0.72,14.05,4.0,LANE_A,20000.0,-22.0,87.3,CRUISE_LOITER,LADAKH,0,1.0
1788499063.72,5198.5,2139.3,72.0,96.9,99.7,96.3,98.8,780.6,786.8,783.1,787.3,4.74,75.4,14.3,3.0,49.7,0.73,14.1,4.0,LANE_A,20000.0,-22.0,87.4,CRUISE_LOITER,LADAKH,0,1.0
1788499064.332,5197.7,2139.0,72.0,97.0,99.7,96.6,99.3,784.1,785.1,782.0,786.0,4.7,75.5,14.3,3.0,49.5,0.73,14.1,4.1,LANE_A,20000.0,-22.0,87.4,CRUISE_LOITER,LADAKH,0,1.0
1788499064.928,5222.3,2149.1,72.0,97.0,99.4,96.4,99.1,781.9,786.4,784.0,786.0,4.68,75.2,14.3,3.0,49.5,0.73,14.08,4.0,LANE_A,20000.0,-22.0,87.5,CRUISE_LOITER,LADAKH,0,1.0
1788499065.516,5189.4,2135.6,72.0,97.0,99.6,96.3,98.8,782.6,786.1,784.1,786.5,4.66,75.6,14.2,3.0,49.6,0.75,14.09,4.0,LANE_A,20000.0,-22.0,87.5,CRUISE_LOITER,LADAKH,0,1.0
1788499066.12,5171.8,2128.3,72.0,96.8,99.9,96.7,99.1,779.1,786.2,785.5,787.3,4.67,75.3,14.2,3.0,49.6,0.73,14.13,4.1,LANE_A,20000.0,-22.0,87.6,CRUISE_LOITER,LADAKH,0,1.0
1788499066.718,5216.6,2146.8,72.0,97.2,99.4,96.7,99.1,780.9,786.5,784.7,788.3,4.71,75.3,14.2,3.0,49.5,0.73,14.11,4.0,LANE_A,20000.0,-22.0,87.6,CRUISE_LOITER,LADAKH,0,1.0
1788499067.32,5194.2,2137.6,72.0,97.2,99.6,96.5,98.8,783.6,784.3,784.1,786.2,4.68,75.3,14.2,3.0,49.4,0.71,14.09,4.1,LANE_A,20000.0,-22.0,87.7,CRUISE_LOITER,LADAKH,0,1.0
1788499067.915,5209.7,2143.9,72.0,97.0,99.3,96.6,99.0,783.1,786.2,783.8,788.0,4.73,75.6,14.2,3.0,49.4,0.72,14.09,4.0,LANE_A,20000.0,-22.0,87.7,CRUISE_LOITER,LADAKH,0,1.0
1788499068.498,5179.5,2131.5,72.0,97.0,99.7,96.6,99.3,782.0,784.4,783.5,788.2,4.62,75.1,14.1,3.0,49.8,0.7,14.1,4.0,LANE_A,20000.0,-22.0,87.8,CRUISE_LOITER,LADAKH,0,1.0
1788499069.098,5207.3,2142.9,72.0,96.7,99.4,96.4,98.8,780.9,789.0,785.2,785.4,4.64,75.3,14.2,3.0,49.6,0.72,14.09,4.0,LANE_A,20000.0,-22.0,87.8,CRUISE_LOITER,LADAKH,0,1.0
1788499069.734,5174.5,2129.4,72.0,97.0,99.9,96.6,99.1,780.4,788.1,783.3,783.2,4.67,75.2,14.2,3.0,49.6,0.74,14.07,4.1,LANE_A,20000.0,-22.0,87.9,CRUISE_LOITER,LADAKH,0,1.0
1788499070.286,5189.9,2135.8,72.0,96.8,99.6,96.2,99.0,783.2,788.8,782.8,785.4,4.7,75.2,14.2,3.0,49.2,0.72,14.12,4.1,LANE_A,20000.0,-22.0,87.9,CRUISE_LOITER,LADAKH,0,1.0
1788499070.879,5183.1,2132.9,72.0,96.9,99.7,96.5,99.1,784.8,785.7,783.6,786.6,4.65,75.3,14.2,3.0,49.6,0.72,14.13,4.0,LANE_A,20000.0,-22.0,88.0,CRUISE_LOITER,LADAKH,0,1.0
1788499071.474,5173.6,2129.1,72.0,97.2,99.5,96.2,98.9,781.0,785.9,783.5,786.9,4.68,75.4,14.2,3.0,49.5,0.74,14.11,3.9,LANE_A,20000.0,-22.0,88.0,CRUISE_LOITER,LADAKH,0,1.0
1788499072.047,5197.9,2139.0,72.0,96.8,99.5,96.5,98.9,780.8,784.0,783.9,785.2,4.68,75.1,14.3,3.0,49.7,0.71,14.08,3.9,LANE_A,20000.0,-22.0,88.1,CRUISE_LOITER,LADAKH,0,1.0
1788499072.608,5175.8,2129.9,72.0,96.9,99.4,96.5,99.0,781.3,787.5,783.4,785.6,4.65,75.3,14.0,3.0,49.5,0.71,14.1,4.1,LANE_A,20000.0,-22.0,88.1,CRUISE_LOITER,LADAKH,0,1.0
1788499073.184,5196.4,2138.4,72.0,96.8,99.3,96.3,99.1,780.5,787.7,782.9,785.0,4.68,75.1,14.3,3.0,49.6,0.71,14.11,3.9,LANE_A,20000.0,-22.0,88.2,CRUISE_LOITER,LADAKH,0,1.0
1788499073.831,5199.2,2139.6,72.0,96.8,99.2,96.4,98.8,782.3,784.6,783.0,785.1,4.7,75.2,14.3,3.0,49.4,0.71,14.1,3.9,LANE_A,20000.0,-22.0,88.2,CRUISE_LOITER,LADAKH,0,1.0
1788499074.405,5218.1,2147.4,72.0,96.8,99.5,96.3,98.6,783.0,787.2,785.4,784.5,4.68,75.3,14.3,3.0,49.5,0.73,14.13,3.9,LANE_A,20000.0,-22.0,88.3,CRUISE_LOITER,LADAKH,0,1.0
1788499074.994,5188.6,2135.2,72.0,96.7,99.1,96.4,98.6,782.7,787.6,783.6,786.4,4.66,75.4,14.2,3.0,49.7,0.73,14.1,4.1,LANE_A,20000.0,-22.0,88.3,CRUISE_LOITER,LADAKH,0,1.0
1788499076.342,5192.0,2136.6,72.0,96.7,99.3,96.3,99.1,783.9,786.5,784.4,783.6,4.64,75.0,14.2,3.0,49.4,0.75,14.1,4.1,LANE_A,20000.0,-22.0,88.4,CRUISE_LOITER,LADAKH,0,1.0
1788499076.929,5186.0,2134.2,72.0,96.7,99.5,96.3,98.7,780.6,786.3,785.6,788.6,4.61,75.2,14.3,3.0,49.5,0.72,14.1,4.2,LANE_A,20000.0,-22.0,88.4,CRUISE_LOITER,LADAKH,0,1.0
1788499077.497,5189.6,2135.6,72.0,96.6,99.1,96.3,98.7,780.3,786.6,782.2,787.4,4.66,75.2,14.3,3.0,49.3,0.74,14.08,4.0,LANE_A,20000.0,-22.0,88.5,CRUISE_LOITER,LADAKH,0,1.0
1788499078.109,5215.6,2146.3,72.0,96.6,99.2,96.3,98.9,782.0,783.4,784.5,786.3,4.66,75.1,14.2,3.0,49.4,0.74,14.11,4.1,LANE_A,20000.0,-22.0,88.5,CRUISE_LOITER,LADAKH,0,1.0
1788499078.718,5167.9,2126.7,72.0,96.7,99.2,96.4,99.0,780.9,788.4,784.4,785.2,4.67,75.2,14.3,3.0,49.6,0.74,14.09,4.1,LANE_A,20000.0,-22.0,88.6,CRUISE_LOITER,LADAKH,0,1.0
1788499079.295,5179.4,2131.5,72.0,96.4,99.0,96.2,98.4,782.6,787.9,786.3,787.1,4.66,75.2,14.2,3.0,49.5,0.72,14.12,4.0,LANE_A,20000.0,-22.0,88.6,CRUISE_LOITER,LADAKH,0,1.0
1788499079.879,5172.9,2128.8,72.0,96.4,99.3,96.0,98.8,784.3,787.4,784.4,786.2,4.64,75.2,14.3,3.0,49.5,0.73,14.13,3.9,LANE_A,20000.0,-22.0,88.7,CRUISE_LOITER,LADAKH,0,1.0
1788499080.483,5210.4,2144.2,72.0,96.4,99.1,95.8,98.7,782.9,787.9,784.9,786.0,4.66,75.1,14.3,3.0,49.4,0.74,14.14,4.1,LANE_A,20000.0,-22.0,88.7,CRUISE_LOITER,LADAKH,0,1.0
1788499081.061,5185.5,2134.0,72.0,96.6,99.2,95.8,99.1,784.9,786.9,784.8,787.2,4.7,75.2,14.2,3.0,49.6,0.72,14.09,3.8,LANE_A,20000.0,-22.0,88.7,CRUISE_LOITER,LADAKH,0,1.0
1788499081.632,5224.2,2149.9,72.0,96.7,99.2,96.0,98.8,782.7,785.8,781.8,788.4,4.69,74.8,14.2,3.0,49.5,0.73,14.08,4.1,LANE_A,20000.0,-22.0,88.8,CRUISE_LOITER,LADAKH,0,1.0
1788499082.204,5212.9,2145.2,72.0,96.7,98.8,96.2,98.8,782.0,787.8,785.3,786.6,4.68,75.0,14.2,3.0,49.5,0.71,14.1,3.9,LANE_A,20000.0,-22.0,88.8,CRUISE_LOITER,LADAKH,0,1.0
1788499082.788,5179.5,2131.5,72.0,96.5,99.1,96.1,98.4,781.4,784.7,783.9,787.8,4.72,75.2,14.3,3.0,49.4,0.72,14.11,4.0,LANE_A,20000.0,-22.0,88.9,CRUISE_LOITER,LADAKH,0,1.0
1788499083.355,5190.2,2135.9,72.0,96.5,98.8,96.0,98.8,782.2,785.0,781.6,783.6,4.64,75.0,14.2,3.0,49.2,0.76,14.07,4.0,LANE_A,20000.0,-22.0,88.9,CRUISE_LOITER,LADAKH,0,1.0
1788499083.939,5192.9,2137.0,72.0,96.7,99.1,96.2,98.5,781.1,785.9,782.5,786.2,4.68,74.8,14.2,3.0,49.6,0.72,14.12,4.2,LANE_A,20000.0,-22.0,89.0,CRUISE_LOITER,LADAKH,0,1.0
1788499084.543,5176.5,2130.3,72.0,96.3,98.7,96.0,98.7,782.1,787.7,783.4,788.0,4.66,75.0,14.1,3.0,49.5,0.72,14.11,4.0,LANE_A,20000.0,-22.0,89.0,CRUISE_LOITER,LADAKH,0,1.0
1788499085.153,5190.7,2136.1,72.0,96.6,99.3,95.9,98.6,783.6,785.5,784.0,788.0,4.75,74.7,14.2,3.0,49.6,0.72,14.08,4.1,LANE_A,20000.0,-22.0,89.1,CRUISE_LOITER,LADAKH,0,1.0
1788499085.76,5182.0,2132.5,72.0,96.4,99.0,96.2,98.7,781.4,786.2,784.8,787.3,4.66,75.1,14.2,3.0,49.5,0.72,14.09,4.0,LANE_A,20000.0,-22.0,89.1,CRUISE_LOITER,LADAKH,0,1.0
1788499086.342,5197.1,2138.7,72.0,96.5,99.0,96.1,98.4,783.2,785.9,784.8,786.2,4.63,74.9,14.0,3.0,49.4,0.75,14.09,4.2,LANE_A,20000.0,-22.0,89.2,CRUISE_LOITER,LADAKH,0,1.0
1788499086.893,5196.5,2138.5,72.0,96.4,99.2,95.6,98.2,782.7,788.3,782.0,786.6,4.69,75.0,14.0,3.0,49.4,0.71,14.08,4.1,LANE_A,20000.0,-22.0,89.2,CRUISE_LOITER,LADAKH,0,1.0
1788499087.479,5170.5,2127.8,72.0,96.7,98.9,95.7,98.9,781.1,787.0,784.4,785.8,4.61,75.0,14.3,3.0,49.6,0.76,14.11,4.0,LANE_A,20000.0,-22.0,89.3,CRUISE_LOITER,LADAKH,0,1.0
1788499088.065,5174.7,2129.5,72.0,96.5,99.4,95.9,98.5,782.5,787.4,785.0,786.7,4.66,75.2,14.1,3.0,49.5,0.74,14.08,3.9,LANE_A,20000.0,-22.0,89.3,CRUISE_LOITER,LADAKH,0,1.0
1788499088.662,5207.1,2142.8,72.0,96.7,98.7,96.0,98.1,782.7,784.0,783.2,786.4,4.65,75.0,14.1,3.0,49.2,0.72,14.07,4.1,LANE_A,20000.0,-22.0,89.4,CRUISE_LOITER,LADAKH,0,1.0
1788499089.25,5174.0,2129.2,72.0,96.6,99.0,95.8,98.5,781.4,786.9,782.9,790.0,4.65,74.9,14.3,3.0,49.2,0.72,14.1,4.0,LANE_A,20000.0,-22.0,89.4,CRUISE_LOITER,LADAKH,0,1.0
1788499089.839,5181.9,2132.5,72.0,96.6,98.6,95.9,98.4,785.1,788.9,783.4,786.5,4.61,75.2,14.2,3.0,49.5,0.74,14.1,4.3,LANE_A,20000.0,-22.0,89.5,CRUISE_LOITER,LADAKH,0,1.0
1788499090.417,5180.6,2131.9,72.0,96.5,99.0,96.0,98.2,782.0,785.7,782.8,786.6,4.66,74.9,14.2,3.0,49.1,0.73,14.1,4.1,LANE_A,20000.0,-22.0,89.5,CRUISE_LOITER,LADAKH,0,1.0
1788499091.0,5213.3,2145.4,72.0,96.2,98.9,95.9,98.5,783.2,787.5,783.2,786.3,4.65,75.3,14.1,3.0,49.5,0.71,14.12,4.1,LANE_A,20000.0,-22.0,89.6,CRUISE_LOITER,LADAKH,0,1.0
1788499091.584,5203.8,2141.5,72.0,96.5,98.8,95.8,98.2,780.8,787.9,784.4,787.2,4.69,74.9,14.2,3.0,49.5,0.7,14.12,4.2,LANE_A,20000.0,-22.0,89.6,CRUISE_LOITER,LADAKH,0,1.0
1788499092.161,5187.1,2134.6,72.0,96.2,99.1,95.8,98.0,782.8,784.0,783.9,787.6,4.67,74.7,14.2,3.0,49.4,0.74,14.09,4.1,LANE_A,20000.0,-22.0,89.7,CRUISE_LOITER,LADAKH,0,1.0
1788499092.754,5175.8,2130.0,72.0,96.4,98.7,95.7,98.2,781.7,785.6,783.1,785.1,4.67,74.8,14.1,3.0,49.4,0.72,14.11,3.9,LANE_A,20000.0,-22.0,89.7,CRUISE_LOITER,LADAKH,0,1.0
1788499093.34,5212.2,2144.9,72.0,96.2,98.9,95.8,98.3,783.2,786.0,786.0,786.4,4.64,74.9,14.2,3.0,49.5,0.73,14.09,4.2,LANE_A,20000.0,-22.0,89.8,CRUISE_LOITER,LADAKH,0,1.0
1788499094.215,5174.2,2129.3,72.0,96.0,98.9,95.9,98.4,781.2,789.2,783.1,788.7,4.69,74.7,14.2,3.0,49.5,0.73,14.05,4.0,LANE_A,20000.0,-22.0,89.8,CRUISE_LOITER,LADAKH,0,1.0
1788499094.81,5189.2,2135.5,72.0,96.5,98.9,95.8,98.0,783.5,785.6,783.7,788.7,4.64,74.8,14.1,3.0,49.4,0.72,14.07,4.2,LANE_A,20000.0,-22.0,89.9,CRUISE_LOITER,LADAKH,0,1.0
1788499096.187,5171.9,2128.4,72.0,96.2,98.8,95.8,97.8,782.7,785.6,782.9,787.4,4.65,74.8,14.1,3.0,49.4,0.74,14.1,4.0,LANE_A,20000.0,-22.0,89.9,CRUISE_LOITER,LADAKH,0,1.0
1788499096.779,5207.4,2142.9,72.0,96.3,98.7,95.5,98.1,782.5,787.0,783.9,787.7,4.7,75.0,14.2,3.0,49.6,0.74,14.12,4.0,LANE_A,20000.0,-22.0,89.9,CRUISE_LOITER,LADAKH,0,1.0
1788499097.37,5187.6,2134.8,72.0,96.4,98.9,95.5,98.3,782.3,789.0,785.6,787.6,4.64,74.8,14.2,3.0,49.5,0.72,14.1,4.1,LANE_A,20000.0,-22.0,90.0,CRUISE_LOITER,LADAKH,0,1.0
1788499097.959,5199.3,2139.6,72.0,96.1,98.6,95.8,98.2,781.7,787.1,784.4,787.3,4.63,74.9,14.2,3.0,49.3,0.74,14.09,3.9,LANE_A,20000.0,-22.0,90.0,CRUISE_LOITER,LADAKH,0,1.0
1788499098.537,5184.4,2133.5,72.0,96.1,98.6,95.7,98.2,782.3,786.2,782.1,786.1,4.69,74.5,14.2,3.0,49.5,0.75,14.14,4.0,LANE_A,20000.0,-22.0,90.1,CRUISE_LOITER,LADAKH,0,1.0
1788499099.129,5195.0,2137.9,72.0,95.9,98.7,95.7,98.1,781.7,785.7,783.0,787.0,4.66,74.8,14.1,3.0,49.5,0.71,14.13,4.1,LANE_A,20000.0,-22.0,90.1,CRUISE_LOITER,LADAKH,0,1.0
1788499099.723,5188.3,2135.1,72.0,96.1,98.8,95.8,98.2,781.1,788.4,784.7,787.4,4.64,74.8,14.2,3.0,49.4,0.73,14.09,4.1,LANE_A,20000.0,-22.0,90.2,CRUISE_LOITER,LADAKH,0,1.0
1788499100.316,5190.6,2136.1,72.0,96.3,98.8,95.5,98.3,782.1,788.7,783.5,784.8,4.66,74.6,14.1,3.0,49.4,0.73,14.1,3.9,LANE_A,20000.0,-22.0,90.2,CRUISE_LOITER,LADAKH,0,1.0
1788499100.905,5189.7,2135.7,72.0,96.2,98.7,95.7,97.9,786.1,786.2,783.3,788.4,4.69,74.7,14.2,3.0,49.4,0.73,14.12,4.2,LANE_A,20000.0,-22.0,90.3,CRUISE_LOITER,LADAKH,0,1.0
1788499101.477,5188.0,2135.0,72.0,96.1,98.8,95.6,98.0,782.1,785.8,782.8,786.9,4.66,74.5,14.1,3.0,49.5,0.72,14.11,3.8,LANE_A,20000.0,-22.0,90.3,CRUISE_LOITER,LADAKH,0,1.0
1788499102.065,5175.0,2129.6,72.0,95.9,98.7,95.7,98.0,782.6,787.6,784.5,787.6,4.68,75.0,14.1,3.0,49.2,0.75,14.06,4.1,LANE_A,20000.0,-22.0,90.4,CRUISE_LOITER,LADAKH,0,1.0
1788499102.637,5207.3,2142.9,72.0,96.2,98.7,95.5,98.1,782.8,787.9,783.6,787.8,4.71,74.2,14.2,3.0,49.3,0.73,14.13,4.0,LANE_A,20000.0,-22.0,90.4,CRUISE_LOITER,LADAKH,0,1.0
1788499103.229,5201.0,2140.3,72.0,96.2,98.4,95.4,98.0,783.1,786.0,783.8,789.0,4.61,74.6,14.3,3.0,49.2,0.74,14.1,4.0,LANE_A,20000.0,-22.0,90.4,CRUISE_LOITER,LADAKH,0,1.0
1788499103.828,5192.4,2136.8,72.0,95.8,98.2,95.6,98.0,782.2,787.9,783.4,788.3,4.64,74.3,14.1,3.0,49.3,0.75,14.1,3.9,LANE_A,20000.0,-22.0,90.5,CRUISE_LOITER,LADAKH,0,1.0
1788499104.41,5174.3,2129.3,72.0,95.6,98.2,95.5,97.9,781.0,788.1,784.3,786.9,4.66,74.5,14.2,3.0,49.3,0.73,14.11,4.2,LANE_A,20000.0,-22.0,90.5,CRUISE_LOITER,LADAKH,0,1.0
1788499104.995,5172.1,2128.4,72.0,96.0,98.5,95.7,98.0,781.1,789.2,785.8,787.7,4.66,74.5,14.1,3.0,49.1,0.74,14.09,3.9,LANE_A,20000.0,-22.0,90.6,CRUISE_LOITER,LADAKH,0,1.0
1788499105.573,5175.7,2129.9,72.0,96.2,98.3,95.8,98.1,783.1,787.7,783.9,787.5,4.67,74.5,14.3,3.0,49.2,0.74,14.09,4.0,LANE_A,20000.0,-22.0,90.6,CRUISE_LOITER,LADAKH,0,1.0
1788499106.174,5178.4,2131.0,72.0,95.9,98.5,95.4,98.1,783.0,787.2,785.6,787.3,4.67,74.6,14.2,3.0,49.4,0.74,14.11,4.1,LANE_A,20000.0,-22.0,90.7,CRUISE_LOITER,LADAKH,0,1.0
1788499106.754,5178.4,2131.0,72.0,95.7,98.5,95.8,98.1,782.8,787.3,784.1,787.3,4.68,74.7,14.0,3.0,49.1,0.74,14.07,4.1,LANE_A,20000.0,-22.0,90.7,CRUISE_LOITER,LADAKH,0,1.0
1788499107.355,5173.7,2129.1,72.0,96.1,98.5,95.3,98.2,782.1,788.6,785.6,787.4,4.66,74.7,14.2,3.0,49.1,0.75,14.11,4.0,LANE_A,20000.0,-22.0,90.7,CRUISE_LOITER,LADAKH,0,1.0
1788499107.918,5180.7,2132.0,72.0,95.8,98.3,95.2,97.9,779.6,788.6,786.8,789.5,4.67,74.5,14.1,3.0,49.4,0.74,14.11,3.8,LANE_A,20000.0,-22.0,90.8,CRUISE_LOITER,LADAKH,0,1.0
1788499108.503,5192.7,2136.9,72.0,96.0,98.2,95.1,97.9,781.3,786.0,783.4,786.0,4.69,74.3,14.2,3.0,49.4,0.73,14.1,4.0,LANE_A,20000.0,-22.0,90.8,CRUISE_LOITER,LADAKH,0,1.0
1788499109.083,5183.8,2133.2,72.0,95.5,98.2,95.5,97.8,782.0,786.8,785.0,786.4,4.68,74.3,14.2,3.0,49.4,0.74,14.11,4.0,LANE_A,20000.0,-22.0,90.9,CRUISE_LOITER,LADAKH,0,1.0
1788499109.67,5179.4,2131.5,72.0,96.0,98.2,95.3,97.9,783.5,788.2,784.4,786.0,4.69,74.5,14.3,3.0,49.1,0.74,14.12,4.1,LANE_A,20000.0,-22.0,90.9,CRUISE_LOITER,LADAKH,0,1.0
1788499110.264,5192.8,2137.0,72.0,96.0,98.5,95.2,98.0,780.9,788.1,786.8,788.5,4.69,74.3,14.1,3.0,49.2,0.75,14.07,4.1,LANE_A,20000.0,-22.0,90.9,CRUISE_LOITER,LADAKH,0,1.0
1788499110.888,5167.6,2126.6,72.0,95.9,98.3,95.2,97.5,781.4,785.8,785.1,789.3,4.65,74.4,14.1,3.0,49.3,0.71,14.11,4.2,LANE_A,20000.0,-22.0,91.0,CRUISE_LOITER,LADAKH,0,1.0
1788499111.488,5198.5,2139.3,72.0,95.6,98.5,95.3,97.8,781.6,786.0,783.3,788.4,4.71,74.3,14.2,3.0,49.3,0.72,14.11,4.0,LANE_A,20000.0,-22.0,91.0,CRUISE_LOITER,LADAKH,0,1.0
1788499112.063,5183.5,2133.1,72.0,96.0,98.2,95.5,97.9,782.5,786.7,784.3,786.3,4.66,74.6,14.0,3.0,49.1,0.74,14.08,4.0,LANE_A,20000.0,-22.0,91.1,CRUISE_LOITER,LADAKH,0,1.0
1788499112.649,5205.7,2142.2,72.0,95.8,98.6,95.4,98.1,783.0,784.5,783.5,785.8,4.61,74.3,14.0,3.0,49.2,0.73,14.11,4.0,LANE_A,20000.0,-22.0,91.1,CRUISE_LOITER,LADAKH,0,1.0
1788499113.223,5143.6,2116.7,72.0,95.4,98.5,95.4,98.1,780.5,785.5,785.7,787.4,4.69,74.2,14.1,3.0,49.3,0.76,14.06,4.0,LANE_A,20000.0,-22.0,91.1,CRUISE_LOITER,LADAKH,0,1.0
1788499113.825,5193.8,2137.4,72.0,95.7,98.2,95.5,97.6,783.4,786.8,783.8,788.1,4.65,74.2,14.2,3.0,49.1,0.7,14.11,4.0,LANE_A,20000.0,-22.0,91.2,CRUISE_LOITER,LADAKH,0,1.0
1788499114.42,5183.2,2133.0,72.0,95.7,98.1,95.1,97.7,782.0,788.8,786.1,787.5,4.65,74.5,14.1,3.0,49.2,0.75,14.07,4.1,LANE_A,20000.0,-22.0,91.2,CRUISE_LOITER,LADAKH,0,1.0
1788499115.001,5166.2,2126.0,72.0,95.5,98.0,95.1,97.8,784.2,788.9,785.4,785.9,4.63,74.4,14.0,3.0,49.3,0.73,14.09,4.2,LANE_A,20000.0,-22.0,91.3,CRUISE_LOITER,LADAKH,0,1.0
1788499116.541,5164.1,2125.1,72.0,95.9,98.2,95.2,97.5,780.9,785.8,784.9,785.8,4.7,74.2,14.4,3.0,49.3,0.73,14.14,4.1,LANE_A,20000.0,-22.0,91.3,CRUISE_LOITER,LADAKH,0,1.0
1788499117.094,5184.8,2133.7,72.0,95.4,98.0,94.8,97.6,784.2,789.3,785.5,785.0,4.66,74.3,14.2,3.0,49.0,0.72,14.1,4.2,LANE_A,20000.0,-22.0,91.3,CRUISE_LOITER,LADAKH,0,1.0
1788499117.703,5187.5,2134.8,72.0,95.5,97.8,95.3,97.7,781.6,790.1,785.2,787.3,4.63,74.2,14.2,3.0,49.4,0.74,14.06,4.1,LANE_A,20000.0,-22.0,91.4,CRUISE_LOITER,LADAKH,0,1.0
1788499118.329,5184.8,2133.7,72.0,95.5,98.3,95.4,97.7,783.3,790.1,783.8,787.2,4.64,74.3,14.2,3.0,49.2,0.73,14.11,4.0,LANE_A,20000.0,-22.0,91.4,CRUISE_LOITER,LADAKH,0,1.0
1788499118.919,5179.2,2131.3,72.0,95.4,98.4,95.1,97.5,784.3,788.4,784.2,788.7,4.68,74.2,14.2,3.0,49.2,0.75,14.07,4.2,LANE_A,20000.0,-22.0,91.4,CRUISE_LOITER,LADAKH,0,1.0
1788499119.541,5184.4,2133.5,72.0,95.8,97.9,95.6,97.5,781.8,788.9,785.6,786.2,4.67,74.2,14.0,3.0,49.0,0.73,14.09,4.2,LANE_A,20000.0,-22.0,91.5,CRUISE_LOITER,LADAKH,0,1.0
1788499120.165,5194.5,2137.7,72.0,95.5,98.1,95.0,97.7,783.3,788.3,784.1,787.4,4.67,74.0,14.0,3.0,49.3,0.73,14.12,4.0,LANE_A,20000.0,-22.0,91.5,CRUISE_LOITER,LADAKH,0,1.0
1788499120.764,5182.2,2132.6,72.0,95.8,98.0,94.9,97.4,782.9,786.6,784.7,787.0,4.67,74.0,14.1,3.0,49.3,0.7,14.1,4.0,LANE_A,20000.0,-22.0,91.6,CRUISE_LOITER,LADAKH,0,1.0
1788499121.402,5192.9,2137.0,72.0,95.4,98.3,94.9,97.2,782.8,786.3,787.0,787.8,4.65,74.4,13.8,3.0,49.0,0.74,14.09,4.1,LANE_A,20000.0,-22.0,91.6,CRUISE_LOITER,LADAKH,0,1.0
1788499122.004,5171.7,2128.3,72.0,95.4,97.8,94.9,97.6,780.4,787.5,786.1,787.0,4.7,73.9,14.1,3.0,49.2,0.75,14.08,4.2,LANE_A,20000.0,-22.0,91.6,CRUISE_LOITER,LADAKH,0,1.0
1788499122.594,5179.6,2131.5,72.0,95.2,97.9,94.8,97.3,781.8,791.4,784.3,788.6,4.69,73.9,14.1,3.0,49.2,0.74,14.12,4.0,LANE_A,20000.0,-22.0,91.7,CRUISE_LOITER,LADAKH,0,1.0
1788499123.206,5186.4,2134.3,72.0,95.3,98.1,94.9,97.4,781.1,787.7,785.2,785.9,4.71,74.1,14.1,3.0,49.1,0.74,14.1,4.0,LANE_A,20000.0,-22.0,91.7,CRUISE_LOITER,LADAKH,0,1.0
1788499123.803,5158.7,2122.9,72.0,95.5,98.1,95.0,97.3,782.3,787.4,785.9,786.3,4.6,73.8,14.0,3.0,49.3,0.72,14.1,4.2,LANE_A,20000.0,-22.0,91.7,CRUISE_LOITER,LADAKH,0,1.0
1788499124.393,5191.5,2136.4,72.0,95.5,97.9,95.1,97.7,781.9,787.8,785.9,788.8,4.68,74.3,14.0,3.0,49.3,0.74,14.12,4.2,LANE_A,20000.0,-22.0,91.8,CRUISE_LOITER,LADAKH,0,1.0
1788499125.017,5187.9,2134.9,72.0,95.3,97.8,94.9,97.2,783.0,789.8,784.3,788.6,4.69,74.0,14.2,3.0,49.2,0.74,14.08,4.0,LANE_A,20000.0,-22.0,91.8,CRUISE_LOITER,LADAKH,0,1.0
1788499125.63,5182.6,2132.8,72.0,95.4,97.9,95.0,97.5,783.9,788.0,785.6,788.3,4.67,74.1,14.1,3.0,49.0,0.74,14.09,4.2,LANE_A,20000.0,-22.0,91.8,CRUISE_LOITER,LADAKH,0,1.0
1788499126.229,5147.9,2118.5,72.0,95.4,98.0,94.8,97.5,780.6,786.2,784.5,785.6,4.66,74.0,14.0,3.0,49.2,0.7,14.09,4.2,LANE_A,20000.0,-22.0,91.9,CRUISE_LOITER,LADAKH,0,1.0
1788499126.859,5169.3,2127.3,72.0,95.5,97.9,94.9,97.5,781.3,787.3,784.5,785.5,4.69,74.1,14.2,3.0,49.2,0.72,14.09,4.0,LANE_A,20000.0,-22.0,91.9,CRUISE_LOITER,LADAKH,0,1.0
1788499127.452,5158.7,2122.9,72.0,95.5,97.8,94.5,97.2,783.1,786.3,784.7,788.0,4.67,73.9,14.1,3.0,49.3,0.76,14.1,4.2,LANE_A,20000.0,-22.0,91.9,CRUISE_LOITER,LADAKH,0,1.0
1788499128.063,5173.8,2129.1,72.0,95.5,97.8,94.8,97.4,783.7,787.4,786.2,787.7,4.64,74.2,14.1,3.0,49.1,0.72,14.11,4.0,LANE_A,20000.0,-22.0,91.9,CRUISE_LOITER,LADAKH,0,1.0
1788499128.655,5182.7,2132.8,72.0,95.6,97.7,94.6,97.4,778.4,786.7,786.9,788.2,4.66,74.0,14.1,3.0,49.3,0.72,14.09,4.0,LANE_A,20000.0,-22.0,92.0,CRUISE_LOITER,LADAKH,0,1.0
1788499129.272,5177.1,2130.5,72.0,95.6,97.6,95.1,97.3,780.4,788.1,785.0,788.4,4.67,73.9,14.1,3.0,49.2,0.74,14.07,4.1,LANE_A,20000.0,-22.0,92.0,CRUISE_LOITER,LADAKH,0,1.0
1788499129.878,5166.1,2126.0,72.0,94.9,98.0,94.5,96.9,784.4,785.4,784.6,786.4,4.75,74.2,14.1,3.0,49.1,0.73,14.15,3.9,LANE_A,20000.0,-22.0,92.0,CRUISE_LOITER,LADAKH,0,1.0
1788499130.485,5181.0,2132.1,72.0,95.4,97.6,94.9,97.3,785.4,788.9,783.6,785.5,4.65,74.1,14.1,3.0,49.1,0.73,14.09,4.2,LANE_A,20000.0,-22.0,92.1,CRUISE_LOITER,LADAKH,0,1.0
1788499131.104,5178.0,2130.8,72.0,95.1,97.7,95.2,97.2,782.5,789.4,785.2,788.5,4.7,73.8,14.2,3.0,49.2,0.71,14.12,4.0,LANE_A,20000.0,-22.0,92.1,CRUISE_LOITER,LADAKH,0,1.0
1788499131.704,5181.6,2132.3,72.0,95.1,98.0,94.8,97.5,781.1,787.8,782.9,789.4,4.7,73.7,14.1,3.0,49.2,0.74,14.06,4.0,LANE_A,20000.0,-22.0,92.1,CRUISE_LOITER,LADAKH,0,1.0
1788499132.307,5186.2,2134.2,72.0,95.4,97.8,94.6,97.3,784.2,786.9,783.6,788.6,4.66,73.7,14.1,3.0,49.1,0.72,14.09,4.0,LANE_A,20000.0,-22.0,92.2,CRUISE_LOITER,LADAKH,0,1.0
1788499132.895,5176.7,2130.3,72.0,95.0,97.6,94.9,97.4,779.9,787.4,784.8,787.0,4.74,73.8,14.2,3.0,49.0,0.76,14.12,4.1,LANE_A,20000.0,-22.0,92.2,CRUISE_LOITER,LADAKH,0,1.0
1788499133.518,5176.3,2130.2,72.0,95.4,97.5,94.6,97.3,781.2,787.3,784.9,788.1,4.71,73.9,14.0,3.0,48.9,0.72,14.1,4.3,LANE_A,20000.0,-22.0,92.2,CRUISE_LOITER,LADAKH,0,1.0
1788499134.132,5177.4,2130.6,72.0,95.3,97.4,94.6,97.5,781.3,789.0,785.1,786.6,4.7,73.8,14.1,3.0,49.0,0.72,14.1,4.3,LANE_A,20000.0,-22.0,92.2,CRUISE_LOITER,LADAKH,0,1.0
1788499134.764,5189.9,2135.8,72.0,95.0,97.5,94.5,97.5,782.1,787.8,785.2,788.1,4.64,73.8,14.2,3.0,49.1,0.74,14.13,4.1,LANE_A,20000.0,-22.0,92.3,CRUISE_LOITER,LADAKH,0,1.0
1788499136.183,5184.1,2133.4,72.0,95.0,97.7,95.0,97.1,782.6,787.3,784.2,789.7,4.67,73.9,14.1,3.0,49.1,0.73,14.1,4.0,LANE_A,20000.0,-22.0,92.3,CRUISE_LOITER,LADAKH,0,1.0
1788499136.771,5164.7,2125.4,72.0,95.3,97.9,94.5,97.1,785.2,787.4,783.5,788.0,4.74,73.7,14.0,3.0,48.9,0.77,14.07,4.2,LANE_A,20000.0,-22.0,92.3,CRUISE_LOITER,LADAKH,0,1.0
1788499137.347,5177.2,2130.5,72.0,95.2,97.5,94.7,97.1,783.8,786.1,784.8,787.6,4.69,73.6,14.2,3.0,49.1,0.71,14.1,3.9,LANE_A,20000.0,-22.0,92.3,CRUISE_LOITER,LADAKH,0,1.0
1788499137.976,5166.4,2126.1,72.0,95.1,97.5,94.5,97.2,783.9,786.8,783.5,786.8,4.65,73.8,14.0,3.0,49.1,0.73,14.1,4.0,LANE_A,20000.0,-22.0,92.4,CRUISE_LOITER,LADAKH,0,1.0
1788499138.591,5169.7,2127.4,72.0,95.0,97.7,94.8,97.1,783.3,788.1,786.0,788.0,4.67,74.1,14.2,3.0,49.0,0.72,14.1,4.1,LANE_A,20000.0,-22.0,92.4,CRUISE_LOITER,LADAKH,0,1.0
1788499139.232,5178.1,2130.9,72.0,95.0,97.2,94.5,97.0,782.6,786.5,786.1,788.3,4.68,73.7,14.1,3.0,48.9,0.71,14.06,3.9,LANE_A,20000.0,-22.0,92.4,CRUISE_LOITER,LADAKH,0,1.0
1788499139.83,5168.2,2126.8,72.0,94.7,97.7,94.4,97.0,781.5,787.6,784.1,786.2,4.67,73.6,14.0,3.0,49.2,0.7,14.12,4.1,LANE_A,20000.0,-22.0,92.4,CRUISE_LOITER,LADAKH,0,1.0
1788499140.441,5191.0,2136.2,72.0,94.8,97.5,94.4,97.3,785.4,787.1,785.4,787.0,4.72,73.8,14.1,3.0,49.0,0.74,14.12,4.1,LANE_A,20000.0,-22.0,92.5,CRUISE_LOITER,LADAKH,0,1.0
1788499141.053,5176.9,2130.4,72.0,95.1,96.8,94.4,97.0,782.4,791.0,784.7,786.5,4.72,73.8,14.2,3.0,49.2,0.73,14.1,4.0,LANE_A,20000.0,-22.0,92.5,CRUISE_LOITER,LADAKH,0,1.0
1788499141.664,5168.9,2127.1,72.0,95.0,97.5,94.3,97.0,782.1,786.4,785.3,788.1,4.68,73.6,14.1,3.0,48.8,0.71,14.1,4.2,LANE_A,20000.0,-22.0,92.5,CRUISE_LOITER,LADAKH,0,1.0
1788499142.264,5176.3,2130.2,72.0,94.9,97.8,94.4,97.1,782.0,787.7,784.2,788.9,4.7,73.6,14.1,3.0,49.0,0.71,14.13,4.1,LANE_A,20000.0,-22.0,92.5,CRUISE_LOITER,LADAKH,0,1.0
1788499142.872,5202.6,2141.0,72.0,94.9,97.1,94.8,96.8,782.3,787.4,783.5,789.0,4.65,73.8,14.0,3.0,49.0,0.71,14.14,4.2,LANE_A,20000.0,-22.0,92.5,CRUISE_LOITER,LADAKH,0,1.0
1788499143.465,5193.1,2137.1,72.0,94.8,97.5,94.3,97.1,783.6,786.9,783.5,787.1,4.64,73.7,14.1,3.0,48.8,0.73,14.13,3.9,LANE_A,20000.0,-22.0,92.6,CRUISE_LOITER,LADAKH,0,1.0
1788499144.07,5180.7,2132.0,72.0,95.2,97.5,94.3,97.0,784.0,789.5,784.3,787.9,4.69,73.7,14.0,3.0,49.0,0.73,14.04,4.1,LANE_A,20000.0,-22.0,92.6,CRUISE_LOITER,LADAKH,0,1.0
1788499144.685,5178.1,2130.9,72.0,94.6,97.6,94.5,97.3,783.8,787.9,786.6,789.6,4.68,73.7,14.0,3.0,48.9,0.76,14.09,4.1,LANE_A,20000.0,-22.0,92.6,CRUISE_LOITER,LADAKH,0,1.0
1788499145.318,5174.4,2129.4,72.0,94.9,97.3,94.5,96.5,781.9,789.7,782.9,786.5,4.69,73.8,14.0,3.0,48.9,0.7,14.1,4.1,LANE_A,20000.0,-22.0,92.6,CRUISE_LOITER,LADAKH,0,1.0
1788499145.926,5158.5,2122.8,72.0,95.0,97.5,94.2,96.9,784.2,788.8,786.6,787.9,4.66,73.7,14.1,3.0,49.1,0.72,14.1,4.0,LANE_A,20000.0,-22.0,92.6,CRUISE_LOITER,LADAKH,0,1.0
1788499146.529,5150.1,2119.4,72.0,94.7,97.0,94.5,96.9,781.3,787.8,785.5,786.1,4.7,73.6,14.1,3.0,49.1,0.75,14.12,3.9,LANE_A,20000.0,-22.0,92.7,CRUISE_LOITER,LADAKH,0,1.0
1788499147.124,5180.0,2131.7,72.0,95.0,97.3,94.1,96.7,780.9,787.7,784.4,788.1,4.64,73.7,13.9,3.0,48.8,0.7,14.11,4.2,LANE_A,20000.0,-22.0,92.7,CRUISE_LOITER,LADAKH,0,1.0
1788499147.736,5162.8,2124.6,72.0,95.0,97.2,94.4,96.9,785.1,786.5,786.2,784.5,4.67,73.8,14.1,3.0,49.0,0.72,14.11,4.1,LANE_A,20000.0,-22.0,92.7,CRUISE_LOITER,LADAKH,0,1.0
1788499148.327,5169.9,2127.5,72.0,94.8,97.1,94.4,96.7,781.6,789.9,786.8,788.2,4.66,73.8,14.1,3.0,49.0,0.74,14.1,3.9,LANE_A,20000.0,-22.0,92.7,CRUISE_LOITER,LADAKH,0,1.0
1788499148.998,5169.7,2127.5,72.0,94.5,97.0,94.5,96.7,782.4,788.5,784.4,788.3,4.65,73.4,14.0,3.0,48.9,0.72,14.04,4.3,LANE_A,20000.0,-22.0,92.7,CRUISE_LOITER,LADAKH,0,1.0
1788499149.626,5166.5,2126.1,72.0,95.0,97.3,94.2,96.5,784.9,786.8,783.4,789.0,4.67,73.9,14.1,3.0,49.0,0.73,14.09,4.0,LANE_A,20000.0,-22.0,92.7,CRUISE_LOITER,LADAKH,0,1.0
1788499150.246,5167.1,2126.4,72.0,94.9,97.3,94.0,96.7,783.7,787.8,785.6,787.6,4.68,73.5,14.0,3.0,48.8,0.73,14.1,4.2,LANE_A,20000.0,-22.0,92.8,CRUISE_LOITER,LADAKH,0,1.0
1788499150.878,5185.9,2134.1,72.0,94.3,97.3,94.3,96.9,781.8,788.8,784.6,788.4,4.67,73.5,14.0,3.0,48.8,0.73,14.09,4.0,LANE_A,20000.0,-22.0,92.8,CRUISE_LOITER,LADAKH,0,1.0
1788499151.539,5169.1,2127.2,72.0,94.5,97.4,94.3,96.8,783.8,788.6,786.0,786.6,4.67,73.5,14.1,3.0,48.9,0.74,14.1,4.1,LANE_A,20000.0,-22.0,92.8,CRUISE_LOITER,LADAKH,0,1.0
1788499152.163,5182.1,2132.6,72.0,94.9,97.4,94.3,97.0,782.9,785.7,784.5,789.3,4.7,73.5,13.9,3.0,49.0,0.71,14.13,4.2,LANE_A,20000.0,-22.0,92.8,CRUISE_LOITER,LADAKH,0,1.0
1788499152.8,5191.6,2136.5,72.0,94.9,97.1,94.4,96.4,781.4,788.4,785.0,787.9,4.65,73.2,14.1,3.0,48.7,0.72,14.12,4.0,LANE_A,20000.0,-22.0,92.8,CRUISE_LOITER,LADAKH,0,1.0
1788499153.441,5183.3,2133.1,72.0,94.6,97.2,94.2,96.6,785.2,786.2,782.9,787.3,4.62,73.3,14.0,3.0,49.0,0.72,14.09,4.3,LANE_A,20000.0,-22.0,92.8,CRUISE_LOITER,LADAKH,0,1.0
1788499154.076,5185.5,2134.0,72.0,95.0,97.2,94.0,96.8,784.4,787.4,782.8,789.9,4.75,73.6,14.0,3.0,48.8,0.76,14.11,4.1,LANE_A,20000.0,-22.0,92.8,CRUISE_LOITER,LADAKH,0,1.0
1788499154.768,5162.8,2124.6,72.0,94.5,97.0,94.1,96.6,782.1,783.9,784.3,789.8,4.71,73.2,14.1,3.0,48.9,0.73,14.1,4.2,LANE_A,20000.0,-22.0,92.9,CRUISE_LOITER,LADAKH,0,1.0
1788499156.475,5159.5,2123.3,72.0,94.7,97.3,94.4,96.5,782.0,787.8,784.9,788.4,4.69,73.5,14.0,3.0,48.8,0.71,14.14,4.0,LANE_A,20000.0,-22.0,92.9,CRUISE_LOITER,LADAKH,0,1.0
1788499157.017,5171.6,2128.2,72.0,94.6,97.0,93.9,96.5,783.7,786.1,787.1,786.6,4.67,73.3,14.0,3.0,48.8,0.72,14.13,4.0,LANE_A,20000.0,-22.0,92.9,CRUISE_LOITER,LADAKH,0,1.0
1788499157.543,5158.5,2122.8,72.0,94.7,96.9,94.1,96.5,782.2,788.6,784.7,789.4,4.69,73.4,14.0,3.0,48.8,0.71,14.07,4.2,LANE_A,20000.0,-22.0,92.9,CRUISE_LOITER,LADAKH,0,1.0
1788499158.065,5182.7,2132.8,72.0,94.3,97.7,93.9,96.4,783.8,787.7,784.4,786.3,4.7,73.4,14.0,3.0,48.9,0.71,14.09,4.0,LANE_A,20000.0,-22.0,92.9,CRUISE_LOITER,LADAKH,0,1.0
1788499158.594,5186.2,2134.2,72.0,94.5,97.3,94.1,96.6,783.2,787.4,783.2,788.1,4.69,73.4,14.0,3.0,49.0,0.72,14.11,3.9,LANE_A,20000.0,-22.0,92.9,CRUISE_LOITER,LADAKH,0,1.0
1788499159.124,5168.3,2126.9,72.0,94.7,97.0,94.3,96.4,783.4,788.9,786.0,788.5,4.68,73.4,14.2,3.1,48.9,0.73,14.11,4.0,LANE_A,20000.0,-22.0,92.9,CRUISE_LOITER,LADAKH,0,1.0
1788499159.646,5172.5,2128.6,72.0,94.7,97.0,94.2,96.5,781.6,786.0,784.2,787.1,4.68,73.4,14.0,3.0,48.9,0.72,14.11,4.1,LANE_A,20000.0,-22.0,92.9,CRUISE_LOITER,LADAKH,0,1.0
1788499160.163,5181.7,2132.4,72.0,94.6,97.1,94.1,96.6,782.8,790.1,785.4,788.7,4.66,73.4,14.0,3.0,48.9,0.75,14.1,4.3,LANE_A,20000.0,-22.0,92.9,CRUISE_LOITER,LADAKH,0,1.0
1788499160.679,5159.6,2123.3,72.0,94.4,97.1,94.0,96.3,783.0,789.2,784.6,786.4,4.68,73.3,14.0,3.0,48.6,0.73,14.1,3.9,LANE_A,20000.0,-22.0,92.9,CRUISE_LOITER,LADAKH,0,1.0
1788499161.207,5166.4,2126.1,72.0,94.6,97.4,93.8,96.5,783.0,788.4,785.0,787.3,4.68,73.4,14.1,3.0,48.9,0.73,14.06,4.2,LANE_A,20000.0,-22.0,93.0,CRUISE_LOITER,LADAKH,0,1.0
1788499161.726,5166.2,2126.0,72.0,94.7,96.9,94.3,96.6,781.2,789.2,784.7,789.4,4.67,73.0,14.0,3.0,48.8,0.73,14.1,4.2,LANE_A,20000.0,-22.0,93.0,CRUISE_LOITER,LADAKH,0,1.0
1788499162.249,5184.2,2133.4,72.0,94.4,97.1,94.3,96.6,782.5,786.8,783.3,787.2,4.66,73.4,14.2,3.0,48.5,0.72,14.09,4.0,LANE_A,20000.0,-22.0,93.0,CRUISE_LOITER,LADAKH,0,1.0
1788499162.763,5149.4,2119.1,72.0,94.6,96.9,93.9,96.5,782.4,786.9,785.0,786.0,4.69,73.1,13.9,3.0,48.8,0.74,14.14,4.0,LANE_A,20000.0,-22.0,93.0,CRUISE_LOITER,LADAKH,0,1.0
1788499163.282,5168.6,2127.0,72.0,94.7,97.0,93.9,96.2,783.4,787.5,785.6,787.4,4.73,73.2,13.9,3.0,48.7,0.72,14.11,4.2,LANE_A,20000.0,-22.0,93.0,CRUISE_LOITER,LADAKH,0,1.0
1788499163.798,5158.1,2122.7,72.0,94.4,96.8,93.9,96.2,783.7,789.9,786.4,787.4,4.68,73.2,13.9,3.0,48.7,0.7,14.07,4.2,LANE_A,20000.0,-22.0,93.0,CRUISE_LOITER,LADAKH,0,1.0
1788499164.324,5162.4,2124.4,72.0,94.4,97.0,93.8,96.8,782.6,787.1,784.2,786.5,4.69,73.3,14.0,3.0,48.7,0.7,14.12,4.2,LANE_A,20000.0,-22.0,93.0,CRUISE_LOITER,LADAKH,0,1.0
1788499164.839,5156.2,2121.9,72.0,94.5,96.8,93.9,96.4,783.5,787.0,785.3,787.4,4.7,73.3,14.0,3.0,49.1,0.71,14.11,4.1,LANE_A,20000.0,-22.0,93.0,CRUISE_LOITER,LADAKH,0,1.0
1788499165.342,5171.4,2128.2,72.0,94.5,97.0,93.9,96.6,783.2,787.3,785.3,788.2,4.68,73.1,13.8,3.0,48.7,0.74,14.13,4.1,LANE_A,20000.0,-22.0,93.0,CRUISE_LOITER,LADAKH,0,1.0
1788499165.863,5162.0,2124.3,72.0,94.2,97.1,94.0,96.3,785.1,788.1,784.9,787.0,4.64,73.1,14.0,3.0,48.7,0.71,14.1,4.2,LANE_A,20000.0,-22.0,93.0,CRUISE_LOITER,LADAKH,0,1.0
1788499166.395,5160.6,2123.7,72.0,94.6,96.7,94.0,96.6,783.1,789.3,784.9,789.1,4.7,73.6,14.0,3.0,48.6,0.71,14.11,4.0,LANE_A,20000.0,-22.0,93.0,CRUISE_LOITER,LADAKH,0,1.0
1788499166.924,5162.7,2124.6,72.0,94.3,96.7,93.8,96.1,785.0,787.9,784.0,789.2,4.72,73.2,14.0,3.0,48.5,0.72,14.12,4.2,LANE_A,20000.0,-22.0,93.0,CRUISE_LOITER,LADAKH,0,1.0
1788499167.454,5176.9,2130.4,72.0,94.2,96.9,93.7,96.2,782.3,788.8,786.1,789.5,4.75,73.1,13.9,3.0,48.4,0.71,14.08,4.1,LANE_A,20000.0,-22.0,93.0,CRUISE_LOITER,LADAKH,0,1.0
1788499167.962,5146.8,2118.0,72.0,94.1,96.8,93.8,96.3,782.7,788.3,786.2,787.3,4.7,73.0,14.1,3.0,48.8,0.72,14.11,4.1,LANE_A,20000.0,-22.0,93.0,CRUISE_LOITER,LADAKH,0,1.0
1788499168.491,5197.9,2139.1,72.0,94.5,96.9,94.0,96.5,783.5,788.3,787.1,787.5,4.72,73.5,13.9,3.0,48.7,0.73,14.08,4.2,LANE_A,20000.0,-22.0,93.0,CRUISE_LOITER,LADAKH,0,1.0
1788499168.996,5166.1,2126.0,72.0,94.3,97.0,94.0,96.3,783.0,787.8,781.3,786.8,4.71,73.2,14.0,3.0,48.7,0.73,14.06,4.1,LANE_A,20000.0,-22.0,93.0,CRUISE_LOITER,LADAKH,0,1.0
1788499169.523,5169.4,2127.3,72.0,94.2,97.2,93.8,96.1,782.4,786.5,784.9,787.7,4.68,73.1,14.1,3.0,48.5,0.72,14.1,4.1,LANE_A,20000.0,-22.0,93.0,CRUISE_LOITER,LADAKH,0,1.0
1788499170.053,5167.3,2126.4,72.0,94.5,96.7,94.0,96.6,783.6,788.4,786.2,788.0,4.73,73.3,14.0,3.0,48.5,0.72,14.07,4.1,LANE_A,20000.0,-22.0,93.0,CRUISE_LOITER,LADAKH,0,1.0
1788499170.576,5177.1,2130.5,72.0,94.3,96.9,93.5,96.2,782.7,788.4,785.8,789.0,4.73,72.6,13.9,3.0,48.7,0.75,14.11,4.2,LANE_A,20000.0,-22.0,93.0,CRUISE_LOITER,LADAKH,0,1.0
1788499171.104,5158.6,2122.9,72.0,94.4,96.7,93.8,95.9,780.5,788.1,785.0,789.1,4.72,73.0,14.1,3.0,48.8,0.73,14.13,4.2,LANE_A,20000.0,-22.0,93.0,CRUISE_LOITER,LADAKH,0,1.0
1788499171.622,5159.9,2123.4,72.0,94.3,96.8,94.1,96.5,782.6,788.8,786.0,789.2,4.65,72.9,14.1,3.0,48.7,0.72,14.08,4.1,LANE_A,20000.0,-22.0,93.0,CRUISE_LOITER,LADAKH,0,1.0
1788499172.138,5164.2,2125.2,72.0,94.3,96.8,93.8,96.4,784.0,787.9,784.8,787.0,4.69,73.1,13.9,3.0,48.4,0.71,14.08,4.0,LANE_A,20000.0,-22.0,93.0,CRUISE_LOITER,LADAKH,0,1.0
1788499172.663,5162.4,2124.4,72.0,94.4,96.6,93.8,96.3,781.8,788.7,785.6,789.0,4.65,73.1,13.9,3.0,48.6,0.7,14.11,4.1,LANE_A,20000.0,-22.0,93.0,CRUISE_LOITER,LADAKH,0,1.0
1788499173.187,5155.0,2121.4,72.0,94.3,96.9,93.8,96.1,783.9,789.4,785.1,787.3,4.66,73.0,14.0,3.0,48.9,0.71,14.1,4.3,LANE_A,20000.0,-22.0,93.0,CRUISE_LOITER,LADAKH,0,1.0
1788499173.717,5161.2,2123.9,72.0,94.0,96.5,93.7,96.1,784.9,790.1,783.7,786.8,4.69,73.0,14.0,3.0,48.6,0.75,14.08,3.9,LANE_A,20000.0,-22.0,93.0,CRUISE_LOITER,LADAKH,0,1.0
1788499174.238,5154.7,2121.3,72.0,94.2,96.6,93.3,96.1,782.9,788.6,784.6,788.7,4.7,72.8,13.8,3.0,48.5,0.71,14.12,4.3,LANE_A,20000.0,-22.0,93.0,CRUISE_LOITER,LADAKH,0,1.0
1788499174.743,5140.8,2115.5,72.0,94.1,96.8,93.6,95.7,783.1,788.0,785.8,789.3,4.68,73.2,13.9,3.0,48.5,0.74,14.11,4.2,LANE_A,20000.0,-22.0,93.0,CRUISE_LOITER,LADAKH,0,1.0
1788499175.274,5150.4,2119.5,72.0,94.4,96.4,93.9,96.4,782.9,789.9,782.2,788.6,4.65,73.0,14.0,3.0,48.9,0.72,14.12,4.1,LANE_A,20000.0,-22.0,93.0,CRUISE_LOITER,LADAKH,0,1.0
1788499176.506,5155.3,2121.5,72.0,94.0,96.7,94.0,96.1,784.0,787.2,785.8,787.7,4.68,73.0,13.8,3.0,48.4,0.73,14.09,4.2,LANE_A,20000.0,-22.0,93.0,CRUISE_LOITER,LADAKH,0,1.0
1788499177.028,5156.1,2121.9,72.0,94.3,96.5,93.6,96.0,783.6,789.0,784.7,789.0,4.71,73.1,14.0,3.0,48.5,0.72,14.08,4.1,LANE_A,20000.0,-22.0,92.9,CRUISE_LOITER,LADAKH,0,1.0
1788499177.536,5152.4,2120.3,72.0,94.0,96.1,93.9,96.1,780.5,788.8,783.9,789.8,4.7,72.9,13.8,3.0,48.5,0.76,14.12,4.2,LANE_A,20000.0,-22.0,92.9,CRUISE_LOITER,LADAKH,0,1.0
1788499178.062,5151.1,2119.8,72.0,94.0,96.5,93.3,96.0,783.1,788.1,785.4,788.2,4.72,73.3,13.9,3.0,48.5,0.71,14.08,4.1,LANE_A,20000.0,-22.0,92.9,CRUISE_LOITER,LADAKH,0,1.0
1788499178.575,5143.9,2116.8,72.0,94.5,96.5,93.3,96.0,783.6,787.9,784.1,787.2,4.72,72.8,13.8,3.0,48.5,0.7,14.11,4.1,LANE_A,20000.0,-22.0,92.9,CRUISE_LOITER,LADAKH,0,1.0
1788499179.099,5165.6,2125.8,72.0,94.1,96.6,93.4,95.9,783.4,788.0,787.2,787.8,4.69,73.1,13.8,3.0,48.8,0.69,14.1,4.3,LANE_A,20000.0,-22.0,92.9,CRUISE_LOITER,LADAKH,0,1.0
1788499179.598,5147.8,2118.4,72.0,94.4,96.3,93.8,95.9,782.2,788.6,784.3,788.3,4.71,72.8,13.9,3.0,48.5,0.75,14.09,4.1,LANE_A,20000.0,-22.0,92.9,CRUISE_LOITER,LADAKH,0,1.0
1788499180.122,5164.1,2125.1,72.0,93.7,96.8,93.6,96.2,781.7,787.6,784.6,790.6,4.69,73.0,14.0,3.0,48.5,0.71,14.09,4.0,LANE_A,20000.0,-22.0,92.9,CRUISE_LOITER,LADAKH,0,1.0
1788499180.63,5155.1,2121.4,72.0,94.5,96.7,93.5,96.3,783.9,789.6,784.3,786.3,4.67,73.0,13.9,3.0,48.5,0.75,14.12,4.1,LANE_A,20000.0,-22.0,92.9,CRUISE_LOITER,LADAKH,0,1.0
1788499181.151,5164.7,2125.4,72.0,94.1,96.2,93.2,95.8,781.8,788.3,784.0,787.0,4.7,72.9,13.9,3.0,48.7,0.74,14.15,4.1,LANE_A,20000.0,-22.0,92.9,CRUISE_LOITER,LADAKH,0,1.0
1788499181.653,5143.7,2116.7,72.0,94.1,96.8,93.7,96.2,782.6,787.3,785.8,788.2,4.68,73.0,13.9,3.0,48.4,0.72,14.11,4.1,LANE_A,20000.0,-22.0,92.9,CRUISE_LOITER,LADAKH,0,1.0
1788499182.167,5145.9,2117.7,72.0,94.2,96.5,93.7,96.3,782.1,788.5,784.1,789.0,4.67,73.0,13.9,3.0,48.5,0.74,14.14,4.1,LANE_A,20000.0,-22.0,92.8,CRUISE_LOITER,LADAKH,0,1.0
1788499182.687,5165.8,2125.9,72.0,94.2,96.9,93.5,95.6,784.1,789.4,785.3,789.5,4.7,73.1,13.8,3.0,48.5,0.72,14.12,4.3,LANE_A,20000.0,-22.0,92.8,CRUISE_LOITER,LADAKH,0,1.0
1788499183.238,5157.5,2122.4,72.0,94.0,97.1,93.5,96.3,783.6,787.2,783.3,787.3,4.66,72.6,14.0,3.0,48.3,0.7,14.13,4.3,LANE_A,20000.0,-22.0,92.8,CRUISE_LOITER,LADAKH,0,1.0
1788499183.749,5155.3,2121.5,72.0,94.2,96.7,93.2,95.8,783.4,787.6,783.7,788.6,4.7,72.7,13.7,3.0,48.5,0.73,14.1,4.3,LANE_A,20000.0,-22.0,92.8,CRUISE_LOITER,LADAKH,0,1.0
1788499184.26,5145.3,2117.4,72.0,94.5,96.5,93.2,96.0,783.9,788.1,782.6,783.5,4.7,72.9,13.9,3.0,48.5,0.72,14.11,4.2,LANE_A,20000.0,-22.0,92.8,CRUISE_LOITER,LADAKH,0,1.0
1788499185.078,5166.4,2126.1,72.0,94.3,96.7,93.3,95.8,783.7,786.2,785.0,788.2,4.68,72.9,13.8,3.0,48.5,0.73,14.06,4.1,LANE_A,20000.0,-22.0,92.8,CRUISE_LOITER,LADAKH,0,1.0
1788499185.59,5143.7,2116.8,72.0,93.7,96.5,93.3,96.1,784.6,787.8,786.2,789.8,4.7,72.9,13.8,3.0,48.5,0.71,14.12,4.0,LANE_A,20000.0,-22.0,92.8,CRUISE_LOITER,LADAKH,0,1.0
1788499186.13,5162.9,2124.7,72.0,94.1,96.7,93.5,95.9,783.2,786.6,785.4,789.5,4.69,72.8,13.9,3.0,48.5,0.71,14.12,4.1,LANE_A,20000.0,-22.0,92.7,CRUISE_LOITER,LADAKH,0,1.0
1788499186.639,5160.8,2123.8,72.0,94.2,96.3,93.2,96.1,783.0,788.6,785.4,787.7,4.66,72.9,13.9,3.0,48.6,0.75,14.11,4.0,LANE_A,20000.0,-22.0,92.7,CRUISE_LOITER,LADAKH,0,1.0
1788499187.163,5176.0,2130.0,72.0,93.7,96.4,93.2,96.2,781.6,789.1,783.6,790.1,4.67,72.9,13.9,3.0,48.5,0.73,14.09,4.2,LANE_A,20000.0,-22.0,92.7,CRUISE_LOITER,LADAKH,0,1.0
1788499187.685,5151.6,2120.0,72.0,94.0,96.5,93.7,95.8,783.2,789.5,784.2,789.7,4.67,72.7,13.8,3.0,48.3,0.71,14.1,4.3,LANE_A,20000.0,-22.0,92.7,CRUISE_LOITER,LADAKH,0,1.0
1788499188.209,5153.8,2120.9,72.0,93.6,96.3,93.5,96.0,782.5,786.4,784.3,786.4,4.67,72.8,13.8,3.0,48.4,0.7,14.09,4.1,LANE_A,20000.0,-22.0,92.7,CRUISE_LOITER,LADAKH,0,1.0
1788499188.713,5158.7,2122.9,72.0,93.7,96.1,93.3,96.0,783.1,786.7,785.2,786.8,4.7,72.9,13.8,3.0,48.5,0.75,14.05,4.0,LANE_A,20000.0,-22.0,92.7,CRUISE_LOITER,LADAKH,0,1.0
1788499189.238,5159.8,2123.4,72.0,93.7,96.3,93.2,95.8,783.3,790.6,786.2,787.3,4.67,72.9,13.8,3.0,48.3,0.74,14.1,4.1,LANE_A,20000.0,-22.0,92.6,CRUISE_LOITER,LADAKH,0,1.0
1788499189.764,5158.6,2122.9,72.0,93.8,96.2,93.4,95.9,782.2,786.5,783.0,788.6,4.64,72.7,13.9,3.0,48.4,0.69,14.13,4.1,LANE_A,20000.0,-22.0,92.6,CRUISE_LOITER,LADAKH,0,1.0
1788499190.29,5160.0,2123.5,72.0,93.9,96.5,93.6,95.7,783.3,787.8,786.2,789.7,4.67,72.6,13.8,3.0,48.7,0.74,14.12,4.2,LANE_A,20000.0,-22.0,92.6,CRUISE_LOITER,LADAKH,0,1.0
1788499190.878,5160.8,2123.8,72.0,93.6,96.3,93.1,95.8,783.2,786.0,784.8,787.6,4.64,72.8,14.0,3.0,48.4,0.7,14.09,4.0,LANE_A,20000.0,-22.0,92.6,CRUISE_LOITER,LADAKH,0,1.0
1788499191.555,5159.9,2123.4,72.0,93.8,96.4,93.2,95.5,785.4,787.9,784.3,785.8,4.72,72.6,13.9,3.0,48.2,0.74,14.09,4.1,LANE_A,20000.0,-22.0,92.6,CRUISE_LOITER,LADAKH,0,1.0
1788499192.164,5163.5,2124.9,72.0,93.8,96.7,93.2,96.0,784.3,788.4,784.9,786.3,4.69,72.7,13.8,3.0,48.5,0.71,14.07,4.1,LANE_A,20000.0,-22.0,92.5,CRUISE_LOITER,LADAKH,0,1.0
1788499192.821,5149.7,2119.2,72.0,93.7,96.3,93.2,95.9,783.8,787.7,785.5,789.6,4.71,72.6,13.8,3.0,48.4,0.72,14.08,4.1,LANE_A,20000.0,-22.0,92.5,CRUISE_LOITER,LADAKH,0,1.0
1788499193.427,5179.5,2131.5,72.0,93.8,96.2,93.3,95.7,783.4,788.0,786.0,785.9,4.66,72.7,13.8,3.0,48.4,0.69,14.11,4.2,LANE_A,20000.0,-22.0,92.5,CRUISE_LOITER,LADAKH,0,1.0
1788499194.015,5162.3,2124.4,72.0,93.8,96.1,93.1,95.9,783.0,787.0,784.7,789.0,4.67,72.7,13.9,3.0,48.5,0.73,14.12,4.1,LANE_A,20000.0,-22.0,92.5,CRUISE_LOITER,LADAKH,0,1.0
1788499194.655,5164.9,2125.5,72.0,94.0,96.2,93.4,95.8,783.6,787.2,783.5,789.4,4.68,72.7,13.7,3.0,48.4,0.73,14.13,4.2,LANE_A,20000.0,-22.0,92.5,CRUISE_LOITER,LADAKH,0,1.0
1788499195.276,5155.3,2121.5,72.0,94.1,96.5,93.2,95.6,783.4,789.4,783.2,787.1,4.69,72.6,13.9,3.0,48.4,0.71,14.1,3.9,LANE_A,20000.0,-22.0,92.4,CRUISE_LOITER,LADAKH,0,1.0
1788499196.682,5167.7,2126.6,72.0,93.8,96.2,93.5,95.6,781.8,787.9,784.7,787.4,4.75,72.6,13.9,3.0,48.3,0.71,14.11,4.0,LANE_A,20000.0,-22.0,92.4,CRUISE_LOITER,LADAKH,0,1.0
1788499197.279,5160.8,2123.8,72.0,94.0,96.4,93.5,95.9,782.1,785.3,785.3,788.6,4.76,72.5,13.8,3.0,48.4,0.73,14.12,4.2,LANE_A,20000.0,-22.0,92.4,CRUISE_LOITER,LADAKH,0,1.0
1788499197.905,5144.0,2116.9,72.0,94.0,96.1,93.3,95.9,782.2,788.4,784.1,788.7,4.68,72.7,13.8,3.0,48.1,0.71,14.1,4.3,LANE_A,20000.0,-22.0,92.4,CRUISE_LOITER,LADAKH,0,1.0
1788499198.512,5133.1,2112.4,72.0,94.0,96.0,93.2,95.9,783.2,787.4,785.0,789.9,4.67,72.8,13.8,3.0,48.3,0.71,14.12,4.1,LANE_A,20000.0,-22.0,92.3,CRUISE_LOITER,LADAKH,0,1.0
1788499199.122,5159.6,2123.3,72.0,93.9,96.4,93.2,96.0,781.2,788.1,785.7,788.4,4.64,72.8,13.8,3.0,48.3,0.72,14.11,4.3,LANE_A,20000.0,-22.0,92.3,CRUISE_LOITER,LADAKH,0,1.0
1788499199.737,5158.4,2122.8,72.0,93.9,95.9,93.3,95.9,781.7,788.3,785.3,790.7,4.69,72.7,13.8,3.0,48.4,0.74,14.08,4.0,LANE_A,20000.0,-22.0,92.3,CRUISE_LOITER,LADAKH,0,1.0
1788499200.335,5136.8,2113.9,72.0,93.5,96.2,93.2,95.5,784.1,787.8,783.9,789.0,4.65,72.8,13.7,3.0,48.3,0.73,14.13,4.0,LANE_A,20000.0,-22.0,92.3,CRUISE_LOITER,LADAKH,0,1.0
1788499200.959,5156.0,2121.8,72.0,93.4,96.0,93.3,95.8,781.9,788.7,783.3,788.6,4.68,73.2,13.8,3.0,48.2,0.74,14.09,4.1,LANE_A,20000.0,-22.0,92.2,CRUISE_LOITER,LADAKH,0,1.0
1788499201.57,5158.1,2122.7,72.0,93.7,96.2,93.2,95.9,783.1,788.9,785.4,787.6,4.66,72.7,13.8,3.0,48.5,0.73,14.11,4.1,LANE_A,20000.0,-22.0,92.2,CRUISE_LOITER,LADAKH,0,1.0
1788499202.195,5155.7,2121.7,72.0,93.5,96.0,93.1,95.9,783.5,787.8,784.4,788.5,4.67,72.6,13.8,3.0,48.3,0.74,14.11,4.2,LANE_A,20000.0,-22.0,92.2,CRUISE_LOITER,LADAKH,0,1.0
1788499202.824,5143.5,2116.7,72.0,93.6,96.1,93.1,95.7,782.8,789.1,783.3,788.5,4.62,72.4,13.7,3.0,48.4,0.73,14.11,4.3,LANE_A,20000.0,-22.0,92.2,CRUISE_LOITER,LADAKH,0,1.0
1788499203.446,5135.5,2113.4,72.0,93.5,96.5,93.2,95.8,783.5,788.6,783.8,787.4,4.69,72.5,13.8,3.0,48.2,0.77,14.1,4.0,LANE_A,20000.0,-22.0,92.1,CRUISE_LOITER,LADAKH,0,1.0
1788499204.068,5160.0,2123.5,72.0,93.6,96.0,93.0,95.7,784.1,788.1,785.4,787.8,4.66,72.8,13.9,3.0,48.1,0.74,14.1,4.1,LANE_A,20000.0,-22.0,92.1,CRUISE_LOITER,LADAKH,0,1.0
1788499204.689,5121.2,2107.5,72.0,93.8,96.0,93.6,95.7,782.3,787.2,783.1,788.9,4.64,72.7,13.9,3.0,48.3,0.76,14.09,4.0,LANE_A,20000.0,-22.0,92.1,CRUISE_LOITER,LADAKH,0,1.0
1788499205.313,5144.1,2116.9,72.0,93.7,95.9,93.0,95.8,782.4,790.5,787.2,788.9,4.67,72.6,13.8,3.0,48.2,0.7,14.12,4.1,LANE_A,20000.0,-22.0,92.0,CRUISE_LOITER,LADAKH,0,1.0
1788499205.94,5119.1,2106.6,72.0,93.7,96.0,92.9,95.7,781.8,787.5,783.8,787.0,4.73,72.6,13.6,3.0,48.0,0.71,14.1,4.1,LANE_A,20000.0,-22.0,92.0,CRUISE_LOITER,LADAKH,0,1.0
1788499206.546,5152.8,2120.5,72.0,93.4,96.5,92.8,95.6,784.5,790.1,784.6,788.6,4.72,72.7,13.8,3.0,48.2,0.75,14.09,4.2,LANE_A,20000.0,-22.0,92.0,CRUISE_LOITER,LADAKH,0,1.0
1788499207.151,5156.9,2122.2,72.0,93.7,96.1,93.0,95.5,782.9,787.7,785.8,787.6,4.71,72.2,13.7,3.0,48.0,0.7,14.1,4.2,LANE_A,20000.0,-22.0,92.0,CRUISE_LOITER,LADAKH,0,1.0
1788499207.743,5129.3,2110.8,72.0,94.1,96.1,92.8,95.8,785.9,789.9,785.9,788.3,4.65,72.5,13.7,3.0,48.1,0.74,14.1,4.1,LANE_A,20000.0,-22.0,91.9,CRUISE_LOITER,LADAKH,0,1.0
1788499208.358,5163.4,2124.9,72.0,93.7,96.1,93.1,95.6,781.5,789.1,787.1,788.5,4.7,72.7,13.6,3.0,48.0,0.72,14.13,4.1,LANE_A,20000.0,-22.0,91.9,CRUISE_LOITER,LADAKH,0,1.0
1788499208.972,5150.2,2119.4,72.0,93.7,96.1,93.3,95.4,783.8,785.7,784.4,788.0,4.68,72.7,13.6,3.0,48.1,0.74,14.06,4.3,LANE_A,20000.0,-22.0,91.9,CRUISE_LOITER,LADAKH,0,1.0
1788499209.582,5154.8,2121.3,72.0,93.6,95.8,93.0,95.4,782.7,787.3,785.4,791.3,4.69,72.5,13.7,3.0,48.0,0.7,14.11,4.2,LANE_A,20000.0,-22.0,91.8,CRUISE_LOITER,LADAKH,0,1.0
1788499210.201,5164.0,2125.1,72.0,93.7,96.1,93.1,95.9,782.0,787.3,785.1,788.2,4.75,72.6,13.8,3.0,48.2,0.7,14.13,4.0,LANE_A,20000.0,-22.0,91.8,CRUISE_LOITER,LADAKH,0,1.0
1788499210.795,5141.9,2116.0,72.0,93.6,96.2,93.2,95.6,782.4,788.2,784.8,791.0,4.74,72.5,13.7,3.0,48.4,0.69,14.05,4.0,LANE_A,20000.0,-22.0,91.8,CRUISE_LOITER,LADAKH,0,1.0
1788499211.37,5151.1,2119.8,72.0,93.5,95.9,93.2,95.6,784.9,791.7,782.6,787.5,4.72,72.4,13.7,3.0,48.1,0.72,14.08,4.2,LANE_A,20000.0,-22.0,91.7,CRUISE_LOITER,LADAKH,0,1.0
1788499211.97,5146.5,2117.9,72.0,93.2,96.0,93.5,95.6,784.7,786.4,787.2,788.0,4.67,72.4,13.8,3.0,47.7,0.69,14.1,4.2,LANE_A,20000.0,-22.0,91.7,CRUISE_LOITER,LADAKH,0,1.0
1788499212.559,5140.9,2115.6,72.0,93.6,96.4,93.3,95.4,783.2,789.4,784.9,787.7,4.69,72.5,13.7,3.0,48.2,0.71,14.11,3.8,LANE_A,20000.0,-22.0,91.7,CRUISE_LOITER,LADAKH,0,1.0
1788499213.164,5128.7,2110.6,72.0,93.5,96.1,93.1,95.7,782.3,787.6,786.2,788.3,4.68,72.4,13.8,3.0,48.0,0.72,14.13,4.2,LANE_A,20000.0,-22.0,91.6,CRUISE_LOITER,LADAKH,0,1.0
1788499213.767,5143.0,2116.5,72.0,93.7,96.1,93.1,95.6,782.4,788.0,783.5,787.8,4.69,72.6,13.7,3.0,47.9,0.71,14.07,4.3,LANE_A,20000.0,-22.0,91.6,CRUISE_LOITER,LADAKH,0,1.0
1788499214.37,5153.0,2120.6,72.0,93.7,96.0,93.0,95.5,783.1,788.3,785.6,788.4,4.72,72.1,13.7,3.0,48.2,0.73,14.1,4.0,LANE_A,20000.0,-22.0,91.6,CRUISE_LOITER,LADAKH,0,1.0
1788499214.941,5136.7,2113.9,72.0,93.3,96.3,92.9,95.7,783.8,787.9,784.9,788.4,4.7,72.3,13.7,3.0,48.0,0.71,14.07,4.0,LANE_A,20000.0,-22.0,91.5,CRUISE_LOITER,LADAKH,0,1.0
1788499216.253,5157.1,2122.3,72.0,93.6,96.3,93.0,95.4,784.5,788.3,787.3,788.1,4.66,72.4,13.8,3.0,47.9,0.72,14.15,4.3,LANE_A,20000.0,-22.0,91.5,CRUISE_LOITER,LADAKH,0,1.0
1788499216.856,5140.0,2115.2,72.0,93.5,96.3,92.9,95.6,782.6,789.6,785.7,789.0,4.71,72.4,13.7,3.0,48.0,0.73,14.06,4.2,LANE_A,20000.0,-22.0,91.4,CRUISE_LOITER,LADAKH,0,1.0
1788499217.459,5130.5,2111.3,72.0,93.5,95.8,93.2,95.7,784.9,786.6,785.7,789.0,4.7,72.5,13.6,3.0,48.3,0.71,14.1,4.2,LANE_A,20000.0,-22.0,91.4,CRUISE_LOITER,LADAKH,0,1.0
1788499218.065,5141.5,2115.9,72.0,93.6,95.8,93.3,95.8,783.0,787.4,786.0,790.0,4.67,72.4,13.6,3.0,47.9,0.71,14.09,4.1,LANE_A,20000.0,-22.0,91.4,CRUISE_LOITER,LADAKH,0,1.0
1788499218.663,5135.0,2113.2,72.0,93.4,96.0,93.1,95.3,784.6,787.2,784.6,788.0,4.75,72.1,13.7,3.0,47.9,0.72,14.1,4.1,LANE_A,20000.0,-22.0,91.3,CRUISE_LOITER,LADAKH,0,1.0
1788499219.259,5153.1,2120.6,72.0,93.5,95.8,93.0,95.3,783.0,791.0,785.5,789.3,4.68,72.4,13.8,3.0,48.0,0.72,14.09,4.3,LANE_A,20000.0,-22.0,91.3,CRUISE_LOITER,LADAKH,0,1.0
1788499219.867,5158.2,2122.7,72.0,93.5,96.3,93.0,95.5,783.3,788.1,785.3,787.6,4.71,72.4,13.6,3.0,47.8,0.71,14.13,4.2,LANE_A,20000.0,-22.0,91.3,CRUISE_LOITER,LADAKH,0,1.0
1788499220.515,5135.9,2113.5,72.0,93.7,95.9,93.2,95.6,783.6,788.1,784.2,789.4,4.67,72.3,13.7,3.0,48.0,0.67,14.12,4.2,LANE_A,20000.0,-22.0,91.2,CRUISE_LOITER,LADAKH,0,1.0
1788499221.134,5152.0,2120.2,72.0,93.3,95.9,92.7,95.2,780.9,788.3,786.3,787.8,4.67,72.4,13.5,3.0,48.1,0.74,14.1,4.1,LANE_A,20000.0,-22.0,91.2,CRUISE_LOITER,LADAKH,0,1.0
1788499221.757,5126.9,2109.9,72.0,93.2,95.7,92.9,95.2,784.5,786.0,786.8,788.5,4.68,72.2,13.7,3.0,48.0,0.72,14.08,4.0,LANE_A,20000.0,-22.0,91.1,CRUISE_LOITER,LADAKH,0,1.0
1788499222.37,5148.9,2118.9,72.0,93.5,96.1,93.0,95.3,780.2,788.2,785.6,788.9,4.74,72.4,13.7,3.0,47.9,0.74,14.1,4.0,LANE_A,20000.0,-22.0,91.1,CRUISE_LOITER,LADAKH,0,1.0
1788499222.974,5139.4,2115.0,72.0,93.7,95.9,93.2,95.3,781.5,788.4,784.8,787.6,4.65,72.6,13.7,3.0,47.9,0.74,14.1,4.1,LANE_A,20000.0,-22.0,91.1,CRUISE_LOITER,LADAKH,0,1.0
1788499223.582,5148.4,2118.7,72.0,93.6,96.0,92.9,95.5,784.6,786.8,784.8,789.5,4.66,72.0,13.7,3.0,47.8,0.74,14.1,4.1,LANE_A,20000.0,-22.0,91.0,CRUISE_LOITER,LADAKH,0,1.0
1788499224.185,5149.9,2119.3,72.0,93.4,95.9,93.2,95.5,785.0,788.4,785.1,786.9,4.71,72.0,13.7,3.0,48.0,0.74,14.08,4.1,LANE_A,20000.0,-22.0,91.0,CRUISE_LOITER,LADAKH,0,1.0
1788499224.799,5136.1,2113.6,72.0,93.4,95.9,92.9,95.5,781.7,788.3,787.8,788.6,4.7,72.6,13.7,3.0,47.7,0.73,14.08,4.1,LANE_A,20000.0,-22.0,91.0,CRUISE_LOITER,LADAKH,0,1.0
1788499225.375,5156.6,2122.1,72.0,93.3,95.9,92.9,95.3,783.7,789.4,783.8,789.8,4.7,72.0,13.7,3.0,48.0,0.71,14.13,4.2,LANE_A,20000.0,-22.0,90.9,CRUISE_LOITER,LADAKH,0,1.0
1788499225.961,5140.7,2115.5,72.0,93.2,95.7,92.5,95.6,782.3,789.9,785.3,788.0,4.68,72.2,13.6,3.0,47.9,0.71,14.14,4.1,LANE_A,20000.0,-22.0,90.9,CRUISE_LOITER,LADAKH,0,1.0
1788499226.55,5134.7,2113.1,72.0,93.4,95.7,93.0,95.3,783.8,788.8,785.6,791.1,4.66,72.2,13.7,3.0,48.0,0.7,14.09,3.9,LANE_A,20000.0,-22.0,90.8,CRUISE_LOITER,LADAKH,0,1.0
1788499227.155,5125.8,2109.4,72.0,93.2,95.7,93.0,95.2,783.9,790.8,785.0,787.5,4.65,72.6,13.7,3.0,47.9,0.71,14.12,4.2,LANE_A,20000.0,-22.0,90.8,CRUISE_LOITER,LADAKH,0,1.0
1788499227.764,5127.1,2109.9,72.0,93.5,95.8,92.8,95.6,783.6,788.4,785.7,788.0,4.72,72.1,13.7,3.0,47.9,0.73,14.12,4.2,LANE_A,20000.0,-22.0,90.7,CRUISE_LOITER,LADAKH,0,1.0
1788499228.373,5123.6,2108.5,72.0,93.5,95.8,92.7,95.8,784.8,787.9,783.8,788.7,4.72,72.2,13.6,3.0,47.8,0.72,14.1,4.0,LANE_A,20000.0,-22.0,90.7,CRUISE_LOITER,LADAKH,0,1.0
1788499228.995,5140.8,2115.6,72.0,93.4,95.9,92.9,95.2,782.1,788.8,785.4,791.1,4.67,72.2,13.7,3.0,48.0,0.73,14.08,4.1,LANE_A,20000.0,-22.0,90.7,CRUISE_LOITER,LADAKH,0,1.0
1788499229.598,5146.3,2117.8,72.0,93.0,95.9,92.9,95.4,784.0,789.4,786.9,788.9,4.71,72.4,13.7,3.0,47.9,0.71,14.07,4.1,LANE_A,20000.0,-22.0,90.6,CRUISE_LOITER,LADAKH,0,1.0
1788499230.204,5125.5,2109.2,72.0,93.4,96.4,93.0,95.6,784.2,787.2,784.7,786.8,4.66,72.2,13.6,3.0,47.7,0.73,14.1,4.2,LANE_A,20000.0,-22.0,90.6,CRUISE_LOITER,LADAKH,0,1.0
1788499230.805,5126.1,2109.5,72.0,93.5,95.9,92.8,95.2,783.0,786.0,785.8,789.5,4.69,72.2,13.7,3.0,48.0,0.72,14.05,4.0,LANE_A,20000.0,-22.0,90.5,CRUISE_LOITER,LADAKH,0,1.0
1788499231.404,5136.1,2113.6,72.0,93.4,95.8,92.8,95.4,784.9,788.2,785.6,787.6,4.68,72.0,13.6,3.0,47.8,0.7,14.1,4.1,LANE_A,20000.0,-22.0,90.5,CRUISE_LOITER,LADAKH,0,1.0
1788499232.022,5130.7,2111.4,72.0,93.4,95.9,93.2,95.6,782.8,788.9,784.1,789.1,4.7,72.2,13.5,3.0,47.7,0.73,14.09,4.0,LANE_A,20000.0,-22.0,90.4,CRUISE_LOITER,LADAKH,0,1.0
1788499232.623,5125.8,2109.4,72.0,93.3,95.9,92.6,95.3,785.8,786.4,786.4,786.5,4.67,72.2,13.7,3.0,47.8,0.72,14.09,4.0,LANE_A,20000.0,-22.0,90.4,CRUISE_LOITER,LADAKH,0,1.0
1788499233.229,5153.9,2120.9,72.0,93.4,96.1,92.7,95.5,781.8,786.7,785.4,788.0,4.62,72.2,13.5,3.0,47.7,0.71,14.12,4.1,LANE_A,20000.0,-22.0,90.4,CRUISE_LOITER,LADAKH,0,1.0
1788499233.835,5118.0,2106.2,72.0,93.3,96.2,93.0,95.6,781.2,786.4,783.1,790.1,4.71,72.3,13.6,3.0,47.9,0.7,14.09,4.3,LANE_A,20000.0,-22.0,90.3,CRUISE_LOITER,LADAKH,0,1.0
1788499234.429,5136.5,2113.8,72.0,93.3,95.7,93.0,95.5,783.0,787.2,785.3,789.3,4.73,72.3,13.6,3.0,47.8,0.72,14.07,4.0,LANE_A,20000.0,-22.0,90.3,CRUISE_LOITER,LADAKH,0,1.0
1788499235.046,5127.9,2110.2,72.0,93.3,96.2,92.8,95.4,781.9,785.6,785.7,787.2,4.67,72.2,13.5,3.0,47.8,0.72,14.09,4.1,LANE_A,20000.0,-22.0,90.2,CRUISE_LOITER,LADAKH,0,1.0
1788499236.315,5145.4,2117.4,72.0,93.3,96.0,92.8,95.2,782.6,788.0,786.0,788.2,4.67,72.3,13.5,3.0,47.8,0.7,14.1,4.1,LANE_A,20000.0,-22.0,90.2,CRUISE_LOITER,LADAKH,0,1.0
1788499236.925,5125.4,2109.2,72.0,93.2,95.8,92.8,95.3,783.3,790.2,785.9,786.0,4.73,72.3,13.7,3.0,47.7,0.73,14.13,4.0,LANE_A,20000.0,-22.0,90.1,CRUISE_LOITER,LADAKH,0,1.0
1788499237.535,5122.6,2108.1,72.0,93.1,95.7,92.5,95.3,784.8,790.8,786.3,786.6,4.68,72.2,13.7,3.0,47.8,0.71,14.08,4.3,LANE_A,20000.0,-22.0,90.1,CRUISE_LOITER,LADAKH,0,1.0
1788499238.108,5138.3,2114.5,72.0,93.2,95.7,93.0,95.7,784.3,787.6,784.8,788.9,4.62,72.2,13.7,3.0,47.8,0.71,14.1,4.1,LANE_A,20000.0,-22.0,90.0,CRUISE_LOITER,LADAKH,0,1.0
1788499238.709,5151.0,2119.8,72.0,93.2,95.7,92.9,95.5,782.0,785.6,785.0,786.9,4.63,72.0,13.6,3.0,47.7,0.7,14.07,4.1,LANE_A,20000.0,-22.0,90.0,CRUISE_LOITER,LADAKH,0,1.0
1788499239.3,5124.4,2108.8,72.0,93.5,96.1,92.9,95.1,783.0,789.3,785.2,785.9,4.65,72.2,13.6,3.0,47.6,0.72,14.1,4.1,LANE_A,20000.0,-22.0,90.0,CRUISE_LOITER,LADAKH,0,1.0
1788499239.885,5127.0,2109.9,72.0,93.4,95.7,92.8,95.4,784.9,788.6,784.1,787.4,4.69,72.1,13.7,3.0,47.8,0.71,14.09,4.2,LANE_A,20000.0,-22.0,89.9,CRUISE_LOITER,LADAKH,0,1.0
1788499240.506,5114.2,2104.6,72.0,93.4,96.1,92.7,95.4,782.5,791.5,786.3,787.4,4.67,72.3,13.6,3.0,47.7,0.71,14.11,4.2,LANE_A,20000.0,-22.0,89.9,CRUISE_LOITER,LADAKH,0,1.0
1788499241.088,5132.0,2111.9,72.0,93.4,96.3,92.9,95.5,782.4,786.3,785.9,787.7,4.7,72.0,13.5,3.0,47.6,0.72,14.08,4.1,LANE_A,20000.0,-22.0,89.8,CRUISE_LOITER,LADAKH,0,1.0
1788499241.701,5121.9,2107.8,72.0,93.4,95.7,93.1,95.2,782.0,787.6,784.8,790.5,4.73,72.1,13.6,3.0,47.7,0.71,14.1,4.1,LANE_A,20000.0,-22.0,89.8,CRUISE_LOITER,LADAKH,0,1.0
1788499242.299,5119.7,2106.9,72.0,93.2,95.7,92.5,95.1,783.3,787.9,785.8,789.1,4.69,72.2,13.6,3.0,47.8,0.73,14.11,4.1,LANE_A,20000.0,-22.0,89.7,CRUISE_LOITER,LADAKH,0,1.0
1788499242.873,5152.2,2120.2,72.0,93.2,95.8,93.2,95.3,784.9,788.1,784.8,790.5,4.67,72.2,13.6,3.0,47.4,0.72,14.12,4.3,LANE_A,20000.0,-22.0,89.7,CRUISE_LOITER,LADAKH,0,1.0
1788499243.467,5124.7,2108.9,72.0,93.6,95.8,92.6,95.3,784.6,790.6,786.5,789.1,4.71,72.0,13.8,3.0,47.6,0.71,14.05,4.2,LANE_A,20000.0,-22.0,89.6,CRUISE_LOITER,LADAKH,0,1.0
1788499244.09,5127.9,2110.2,72.0,93.2,95.5,92.9,95.5,785.0,787.3,786.3,787.7,4.7,72.1,13.4,3.0,47.6,0.71,14.12,4.2,LANE_A,20000.0,-22.0,89.6,CRUISE_LOITER,LADAKH,0,1.0
1788499244.697,5140.2,2115.3,72.0,93.3,95.7,93.0,95.3,783.0,786.6,786.6,788.3,4.64,72.1,13.5,3.0,47.6,0.71,14.08,4.1,LANE_A,20000.0,-22.0,89.5,CRUISE_LOITER,LADAKH,0,1.0
1788499245.348,5138.5,2114.6,72.0,93.3,95.8,92.6,95.4,783.8,789.9,785.6,786.2,4.64,71.9,13.4,3.0,47.7,0.7,14.12,4.1,LANE_A,20000.0,-22.0,89.5,CRUISE_LOITER,LADAKH,0,1.0
1788499245.997,5108.8,2102.4,72.0,93.3,95.5,92.7,95.0,782.4,788.7,786.4,787.0,4.65,72.1,13.4,3.0,47.6,0.7,14.08,4.3,LANE_A,20000.0,-22.0,89.4,CRUISE_LOITER,LADAKH,0,1.0
1788499246.637,5134.9,2113.1,72.0,93.3,95.5,92.5,95.2,781.9,788.4,786.3,790.8,4.65,72.1,13.6,3.0,47.5,0.73,14.14,4.0,LANE_A,20000.0,-22.0,89.4,CRUISE_LOITER,LADAKH,0,1.0
1788499247.278,5122.5,2108.0,72.0,93.3,95.6,92.8,95.1,784.7,788.5,785.0,788.5,4.68,72.2,13.5,3.0,47.6,0.69,14.12,4.0,LANE_A,20000.0,-22.0,89.3,CRUISE_LOITER,LADAKH,0,1.0
1788499247.918,5106.1,2101.3,72.0,93.5,95.9,92.7,95.5,782.9,791.8,782.8,790.4,4.63,72.0,13.6,3.0,47.8,0.73,14.11,4.1,LANE_A,20000.0,-22.0,89.3,CRUISE_LOITER,LADAKH,0,1.0
1788499248.561,5127.1,2109.9,72.0,93.1,96.2,92.9,95.4,784.4,788.1,785.9,789.1,4.69,72.2,13.5,3.0,47.7,0.73,14.13,4.1,LANE_A,20000.0,-22.0,89.2,CRUISE_LOITER,LADAKH,0,1.0
1788499249.201,5106.6,2101.5,72.0,93.4,95.8,92.7,95.2,784.3,789.2,783.9,789.3,4.7,72.2,13.6,3.0,47.8,0.7,14.11,4.1,LANE_A,20000.0,-22.0,89.2,CRUISE_LOITER,LADAKH,0,1.0
1788499249.84,5144.8,2117.2,72.0,93.7,95.7,93.0,95.3,782.9,788.7,784.3,789.7,4.67,71.9,13.6,3.0,47.5,0.73,14.07,4.1,LANE_A,20000.0,-22.0,89.1,CRUISE_LOITER,LADAKH,0,1.0
1788499250.469,5133.5,2112.6,72.0,93.1,95.8,92.8,95.3,783.0,790.0,786.4,790.1,4.7,71.9,13.5,3.0,47.5,0.7,14.08,4.1,LANE_A,20000.0,-22.0,89.1,CRUISE_LOITER,LADAKH,0,1.0
1788499251.102,5123.0,2108.2,72.0,93.5,95.6,92.8,95.4,782.6,785.8,786.0,787.9,4.68,72.0,13.5,3.0,47.7,0.71,14.07,4.2,LANE_A,20000.0,-22.0,89.0,CRUISE_LOITER,LADAKH,0,1.0
1788499251.753,5134.4,2112.9,72.0,93.1,95.6,92.5,95.3,783.3,788.5,785.2,790.0,4.74,71.8,13.5,3.0,47.5,0.68,14.1,4.1,LANE_A,20000.0,-22.0,89.0,CRUISE_LOITER,LADAKH,0,1.0
1788499252.434,5138.1,2114.4,72.0,93.3,95.8,92.9,95.4,783.1,788.5,786.4,789.0,4.69,71.9,13.6,3.0,47.4,0.74,14.12,4.1,LANE_A,20000.0,-22.0,88.9,CRUISE_LOITER,LADAKH,0,1.0
1788499253.078,5136.3,2113.7,72.0,93.3,95.8,92.6,95.3,786.3,787.5,783.2,790.7,4.74,71.8,13.6,3.0,47.5,0.69,14.12,4.1,LANE_A,20000.0,-22.0,88.9,CRUISE_LOITER,LADAKH,0,1.0
1788499253.849,5112.6,2104.0,72.0,93.0,96.7,93.0,95.3,783.9,788.0,785.1,787.1,4.7,72.2,13.6,3.0,47.8,0.71,14.06,4.0,LANE_A,20000.0,-22.0,88.9,CRUISE_LOITER,LADAKH,1,0.98
1788499254.45,5137.7,2114.3,72.0,92.9,100.2,92.6,95.5,782.2,791.6,786.2,787.9,4.75,73.0,13.5,3.0,47.4,0.71,14.07,4.3,LANE_A,20000.0,-22.0,88.8,CRUISE_LOITER,LADAKH,1,0.92
1788499255.091,5125.6,2109.3,72.0,93.0,95.4,92.7,95.2,782.8,790.5,785.2,788.1,4.71,72.0,13.5,3.0,47.3,0.7,14.05,4.1,LANE_A,20000.0,-22.0,88.8,CRUISE_LOITER,LADAKH,0,1.0
1788499255.765,5121.5,2107.6,72.0,92.9,95.6,92.6,95.3,782.5,787.8,784.0,788.3,4.71,72.0,13.5,3.0,47.5,0.71,14.12,4.1,LANE_A,20000.0,-22.0,88.7,CRUISE_LOITER,LADAKH,0,1.0
1788499256.391,5124.3,2108.8,72.0,93.3,95.8,92.6,95.0,785.6,787.5,784.1,788.1,4.67,72.0,13.7,3.0,47.5,0.71,14.11,4.0,LANE_A,20000.0,-22.0,88.7,CRUISE_LOITER,LADAKH,0,1.0
1788499257.008,5127.8,2110.2,72.0,93.4,95.5,93.0,95.3,780.9,785.4,784.4,791.0,4.7,72.1,13.5,3.0,47.5,0.71,14.07,4.2,LANE_A,20000.0,-22.0,88.6,CRUISE_LOITER,LADAKH,0,1.0
1788499257.612,5136.0,2113.6,72.0,93.4,95.9,92.7,95.1,784.0,787.9,783.9,790.3,4.74,71.8,13.5,3.0,47.6,0.72,14.09,4.0,LANE_A,20000.0,-22.0,88.6,CRUISE_LOITER,LADAKH,0,1.0
1788499258.199,5108.4,2102.2,72.0,93.2,95.6,92.8,95.1,782.9,787.7,785.6,788.1,4.66,71.8,13.5,3.0,47.3,0.72,14.1,4.1,LANE_A,20000.0,-22.0,88.5,CRUISE_LOITER,LADAKH,0,1.0
1788499258.791,5120.1,2107.0,72.0,93.1,95.5,92.6,95.2,783.4,785.2,783.2,786.5,4.72,71.8,13.4,3.0,47.3,0.72,14.08,4.2,LANE_A,20000.0,-22.0,88.5,CRUISE_LOITER,LADAKH,0,1.0
1788499259.424,5119.6,2106.8,72.0,93.2,95.6,92.5,95.0,783.9,787.2,786.4,788.6,4.68,71.7,13.5,3.0,47.3,0.72,14.11,4.1,LANE_A,20000.0,-22.0,88.4,CRUISE_LOITER,LADAKH,0,1.0
1788499260.103,5113.7,2104.4,72.0,93.0,95.6,92.3,95.4,783.4,787.9,784.2,788.9,4.63,71.9,13.4,3.0,47.4,0.73,14.1,4.0,LANE_A,20000.0,-22.0,88.4,CRUISE_LOITER,LADAKH,0,1.0
1788499260.752,5123.9,2108.6,72.0,92.5,95.8,92.7,95.1,785.5,789.0,786.6,789.6,4.7,71.9,13.4,3.0,47.3,0.73,14.09,4.1,LANE_A,20000.0,-22.0,88.3,CRUISE_LOITER,LADAKH,0,1.0
1788499261.415,5123.1,2108.3,72.0,93.0,95.6,92.3,94.9,784.5,788.3,787.5,786.2,4.74,72.2,13.6,3.0,47.3,0.71,14.12,4.0,LANE_A,20000.0,-22.0,88.3,CRUISE_LOITER,LADAKH,0,1.0
1788499262.066,5128.2,2110.4,72.0,93.0,96.0,92.7,95.2,782.3,790.3,786.6,789.8,4.68,71.8,13.6,3.0,47.3,0.7,14.12,4.0,LANE_A,20000.0,-22.0,88.2,CRUISE_LOITER,LADAKH,0,1.0
1788499262.731,5115.7,2105.2,72.0,93.1,95.5,92.6,94.8,784.5,788.9,784.9,785.2,4.7,71.9,13.6,3.0,47.4,0.7,14.1,4.3,LANE_A,20000.0,-22.0,88.2,CRUISE_LOITER,LADAKH,0,1.0
1788499263.385,5102.3,2099.7,72.0,93.2,95.5,92.8,95.0,782.5,788.7,785.6,786.9,4.67,72.1,13.4,3.0,47.5,0.74,14.11,4.2,LANE_A,20000.0,-22.0,88.1,CRUISE_LOITER,LADAKH,0,1.0
1788499263.999,5115.6,2105.2,72.0,92.8,95.5,92.3,95.1,785.3,790.7,784.2,786.7,4.69,71.9,13.3,3.0,47.4,0.7,14.09,4.0,LANE_A,20000.0,-22.0,88.1,CRUISE_LOITER,LADAKH,0,1.0
1788499264.684,5114.4,2104.7,72.0,93.2,95.8,92.7,94.8,785.3,787.2,787.1,788.9,4.64,71.9,13.6,3.0,47.2,0.69,14.08,4.2,LANE_A,20000.0,-22.0,88.0,CRUISE_LOITER,LADAKH,0,1.0
1788499265.314,5130.6,2111.4,72.0,92.5,95.8,92.8,95.1,786.1,790.0,785.9,789.2,4.67,71.9,13.5,3.0,47.1,0.72,14.11,4.2,LANE_A,20000.0,-22.0,88.0,CRUISE_LOITER,LADAKH,0,1.0
1788499265.95,5126.9,2109.8,72.0,93.3,95.3,92.4,95.0,784.9,789.1,785.9,788.4,4.72,71.7,13.3,3.0,47.1,0.71,14.1,4.1,LANE_A,20000.0,-22.0,87.9,CRUISE_LOITER,LADAKH,0,1.0
1788499266.589,5123.8,2108.6,72.0,93.2,95.5,92.5,94.9,783.8,788.7,784.8,788.2,4.7,71.8,13.5,3.0,47.3,0.73,14.09,4.2,LANE_A,20000.0,-22.0,87.9,CRUISE_LOITER,LADAKH,0,1.0
1788499267.249,5103.5,2100.2,72.0,93.1,95.8,92.4,95.2,783.6,788.6,786.2,788.1,4.67,72.0,13.4,3.0,47.2,0.72,14.06,4.2,LANE_A,20000.0,-22.0,87.8,CRUISE_LOITER,LADAKH,0,1.0
1788499267.864,5121.3,2107.5,72.0,93.2,95.5,92.7,95.2,783.9,788.5,787.0,789.8,4.66,71.9,13.4,3.0,47.3,0.72,14.1,4.0,LANE_A,20000.0,-22.0,87.8,CRUISE_LOITER,LADAKH,0,1.0
1788499268.514,5138.9,2114.8,72.0,93.2,95.7,92.7,95.0,785.5,789.3,784.7,787.7,4.67,72.0,13.3,3.0,47.1,0.71,14.11,4.1,LANE_A,20000.0,-22.0,87.7,CRUISE_LOITER,LADAKH,0,1.0
1788499269.165,5127.2,2109.9,72.0,93.0,95.7,92.3,95.3,783.6,790.2,784.4,790.1,4.65,72.1,13.4,3.0,47.3,0.72,14.09,4.1,LANE_A,20000.0,-22.0,87.7,CRUISE_LOITER,LADAKH,0,1.0
1788499269.81,5114.4,2104.7,72.0,93.0,95.6,92.8,94.8,782.5,789.6,787.2,786.8,4.67,71.8,13.5,3.0,47.0,0.72,14.12,4.1,LANE_A,20000.0,-22.0,87.6,CRUISE_LOITER,LADAKH,0,1.0
1788499270.452,5126.7,2109.7,72.0,93.1,95.6,92.4,95.3,783.8,787.5,786.4,788.9,4.67,72.1,13.4,3.0,47.2,0.72,14.12,4.1,LANE_A,20000.0,-22.0,87.6,CRUISE_LOITER,LADAKH,0,1.0
1788499271.107,5096.3,2097.3,72.0,93.1,95.8,92.5,95.0,780.1,790.2,783.0,787.0,4.7,72.1,13.4,3.0,47.2,0.71,14.09,4.0,LANE_A,20000.0,-22.0,87.5,CRUISE_LOITER,LADAKH,0,1.0
1788499271.75,5117.6,2106.0,72.0,92.8,95.7,92.7,95.1,783.1,788.7,787.9,787.6,4.69,71.9,13.6,3.0,47.1,0.71,14.13,4.1,LANE_A,20000.0,-22.0,87.5,CRUISE_LOITER,LADAKH,0,1.0
1788499272.38,5114.2,2104.6,72.0,93.1,95.6,92.6,95.0,782.4,789.1,785.1,788.2,4.67,71.5,13.5,3.0,47.1,0.73,14.11,4.1,LANE_A,20000.0,-22.0,87.4,CRUISE_LOITER,LADAKH,0,1.0
1788499273.058,5129.2,2110.8,72.0,93.2,95.4,92.5,95.3,784.0,787.5,785.1,788.1,4.67,71.7,13.5,3.0,47.2,0.74,14.09,4.0,LANE_A,20000.0,-22.0,87.4,CRUISE_LOITER,LADAKH,0,1.0
1788499273.69,5127.4,2110.0,72.0,93.0,95.3,92.5,94.8,785.3,790.5,787.7,789.4,4.71,71.7,13.5,3.0,47.1,0.73,14.14,4.2,LANE_A,20000.0,-22.0,87.3,CRUISE_LOITER,LADAKH,0,1.0
1788499274.364,5130.3,2111.2,72.0,93.2,95.6,92.2,95.0,785.4,788.0,786.1,788.8,4.67,71.9,13.2,3.0,47.1,0.73,14.09,4.3,LANE_A,20000.0,-22.0,87.3,CRUISE_LOITER,LADAKH,0,1.0
1788499275.013,5123.6,2108.5,72.0,93.1,95.5,92.9,95.4,783.6,788.6,786.9,786.9,4.67,71.8,13.5,3.0,47.2,0.71,14.14,4.0,LANE_A,20000.0,-22.0,87.2,CRUISE_LOITER,LADAKH,0,1.0
1788499275.675,5127.8,2110.2,72.0,93.1,95.4,92.3,95.0,782.7,791.1,784.7,787.9,4.71,72.0,13.4,3.0,47.2,0.7,14.12,4.2,LANE_A,20000.0,-22.0,87.2,CRUISE_LOITER,LADAKH,0,1.0
1788499276.314,5115.8,2105.3,72.0,93.1,95.8,92.5,95.0,785.1,786.9,785.8,785.6,4.7,71.8,13.4,3.0,47.0,0.72,14.09,4.0,LANE_A,20000.0,-22.0,87.1,CRUISE_LOITER,LADAKH,0,1.0
1788499276.97,5109.4,2102.6,72.0,92.8,95.7,92.3,95.0,782.3,788.5,783.7,787.8,4.67,71.7,13.4,3.0,47.2,0.73,14.1,4.3,LANE_A,20000.0,-22.0,87.1,CRUISE_LOITER,LADAKH,0,1.0
1788499277.627,5130.5,2111.3,72.0,93.0,95.7,92.6,94.9,783.8,788.2,785.0,788.6,4.72,71.5,13.5,3.0,46.9,0.7,14.1,4.2,LANE_A,20000.0,-22.0,87.0,CRUISE_LOITER,LADAKH,0,1.0
1788499278.315,5135.1,2113.2,72.0,93.1,95.6,92.5,95.2,783.1,787.2,786.1,788.3,4.73,71.5,13.4,3.0,47.3,0.7,14.1,4.1,LANE_A,20000.0,-22.0,87.0,CRUISE_LOITER,LADAKH,0,1.0
1788499278.952,5099.4,2098.5,72.0,92.8,95.7,92.5,95.0,782.9,789.1,786.0,789.7,4.62,71.7,13.3,3.0,47.1,0.69,14.08,4.2,LANE_A,20000.0,-22.0,86.9,CRUISE_LOITER,LADAKH,0,1.0
1788499279.587,5112.9,2104.1,72.0,93.0,95.6,92.5,95.2,782.3,789.6,782.1,787.6,4.67,71.8,13.5,3.0,46.9,0.71,14.11,4.2,LANE_A,20000.0,-22.0,86.9,CRUISE_LOITER,LADAKH,0,1.0
1788499280.226,5105.2,2100.9,72.0,93.0,95.6,92.5,95.0,783.6,787.4,784.1,788.2,4.7,71.6,13.4,3.0,47.3,0.73,14.13,4.2,LANE_A,20000.0,-22.0,86.8,CRUISE_LOITER,LADAKH,0,1.0
1788499280.868,5101.9,2099.5,72.0,92.9,95.6,92.8,94.7,783.1,788.4,784.0,786.0,4.67,71.8,13.4,3.0,46.9,0.73,14.1,3.9,LANE_A,20000.0,-22.0,86.8,CRUISE_LOITER,LADAKH,0,1.0
1788499281.504,5125.4,2109.2,72.0,92.7,95.5,92.1,95.2,782.6,787.8,784.4,789.1,4.71,71.9,13.4,3.0,47.2,0.72,14.08,4.1,LANE_A,20000.0,-22.0,86.7,CRUISE_LOITER,LADAKH,0,1.0
1788499282.498,5124.6,2108.9,72.0,93.3,95.6,92.8,95.0,782.2,789.1,784.7,789.3,4.67,71.8,13.4,3.0,47.2,0.73,14.1,4.1,LANE_A,20000.0,-22.0,86.7,CRUISE_LOITER,LADAKH,0,1.0
1788499283.144,5101.8,2099.5,72.0,93.1,95.3,92.4,94.8,784.2,788.3,783.4,786.3,4.67,71.8,13.4,3.0,47.0,0.72,14.1,4.1,LANE_A,20000.0,-22.0,86.6,CRUISE_LOITER,LADAKH,0,1.0
1788499283.801,5137.0,2114.0,72.0,93.2,95.2,92.7,94.8,783.6,787.0,786.1,787.5,4.71,71.6,13.3,3.0,47.0,0.7,14.08,4.0,LANE_A,20000.0,-22.0,86.6,CRUISE_LOITER,LADAKH,0,1.0
1788499284.46,5120.3,2107.1,72.0,92.8,95.4,92.4,94.7,783.1,790.1,784.6,788.0,4.65,71.8,13.1,3.0,47.0,0.72,14.07,4.1,LANE_A,20000.0,-22.0,86.5,CRUISE_LOITER,LADAKH,0,1.0
1788499285.142,5131.6,2111.8,72.0,92.6,95.2,92.5,94.7,781.1,787.5,784.7,788.8,4.63,71.6,13.5,3.0,47.0,0.72,14.11,4.3,LANE_A,20000.0,-22.0,86.5,CRUISE_LOITER,LADAKH,0,1.0
1788499285.763,5117.4,2105.9,72.0,92.9,95.4,92.4,94.8,781.8,789.7,783.7,786.0,4.63,71.5,13.4,3.0,47.1,0.69,14.09,4.2,LANE_A,20000.0,-22.0,86.4,CRUISE_LOITER,LADAKH,0,1.0
1788499286.389,5130.8,2111.4,72.0,92.9,95.5,92.5,95.2,785.9,789.2,785.6,788.7,4.7,71.7,13.3,3.0,46.8,0.69,14.12,4.1,LANE_A,20000.0,-22.0,86.4,CRUISE_LOITER,LADAKH,0,1.0
1788499287.047,5123.1,2108.3,72.0,93.3,95.6,92.5,94.8,782.7,788.5,785.0,788.8,4.62,72.0,13.2,3.0,47.2,0.73,14.11,4.1,LANE_A,20000.0,-22.0,86.3,CRUISE_LOITER,LADAKH,0,1.0
1788499287.704,5101.3,2099.3,72.0,92.9,95.8,92.5,94.9,783.3,787.9,783.6,791.6,4.69,71.4,13.4,3.0,46.8,0.73,14.1,4.2,LANE_A,20000.0,-22.0,86.3,CRUISE_LOITER,LADAKH,0,1.0
1788499288.349,5126.5,2109.7,72.0,92.9,95.1,92.6,95.0,783.8,789.6,785.3,788.6,4.69,71.5,13.3,3.0,47.0,0.71,14.1,3.9,LANE_A,20000.0,-22.0,86.2,CRUISE_LOITER,LADAKH,0,1.0
1788499288.96,5115.0,2104.9,72.0,93.1,95.2,92.4,94.6,783.5,787.2,785.9,787.4,4.68,71.5,13.4,3.0,46.9,0.69,14.08,4.2,LANE_A,20000.0,-22.0,86.2,CRUISE_LOITER,LADAKH,0,1.0
1788499289.608,5104.8,2100.8,72.0,92.8,95.3,92.4,95.3,783.6,789.3,787.5,786.9,4.68,71.8,13.3,3.0,47.0,0.72,14.07,4.2,LANE_A,20000.0,-22.0,86.2,CRUISE_LOITER,LADAKH,0,1.0
1788499290.248,5124.5,2108.9,72.0,92.9,95.7,92.2,95.0,782.7,786.5,787.5,789.4,4.72,71.7,13.4,3.0,46.8,0.72,14.1,4.1,LANE_A,20000.0,-22.0,86.1,CRUISE_LOITER,LADAKH,0,1.0
1788499290.888,5105.3,2100.9,72.0,92.9,95.4,92.7,94.8,780.6,787.1,784.4,789.4,4.67,71.4,13.3,3.0,46.9,0.69,14.1,4.0,LANE_A,20000.0,-22.0,86.1,CRUISE_LOITER,LADAKH,0,1.0
1788499291.541,5106.2,2101.3,72.0,92.9,95.4,92.3,95.2,783.9,788.5,784.4,788.9,4.69,71.7,13.3,3.0,46.8,0.72,14.1,4.0,LANE_A,20000.0,-22.0,86.0,CRUISE_LOITER,LADAKH,0,1.0
1788499292.191,5116.9,2105.7,72.0,92.6,95.2,92.6,94.5,787.1,787.0,786.7,787.4,4.67,71.6,13.3,3.0,47.1,0.71,14.09,4.2,LANE_A,20000.0,-22.0,86.0,CRUISE_LOITER,LADAKH,0,1.0
1788499292.817,5093.5,2096.1,72.0,93.0,95.7,92.4,94.8,782.7,787.5,786.3,790.0,4.69,71.1,13.3,3.0,46.8,0.7,14.13,4.0,LANE_A,20000.0,-22.0,85.9,CRUISE_LOITER,LADAKH,0,1.0
1788499293.449,5107.6,2101.9,72.0,92.9,95.5,92.5,94.7,783.4,789.4,785.8,788.9,4.68,71.6,13.4,3.0,46.8,0.73,14.08,4.0,LANE_A,20000.0,-22.0,85.9,CRUISE_LOITER,LADAKH,0,1.0
1788499294.112,5113.2,2104.2,72.0,93.0,95.3,92.3,94.8,783.8,787.8,786.3,789.0,4.69,71.6,13.3,3.0,47.0,0.73,14.12,4.1,LANE_A,20000.0,-22.0,85.8,CRUISE_LOITER,LADAKH,0,1.0
1788499294.824,5094.2,2096.4,72.0,92.9,95.2,92.4,94.7,783.3,785.2,784.6,787.2,4.67,71.8,13.3,3.0,46.9,0.72,14.07,4.0,LANE_A,20000.0,-22.0,85.8,CRUISE_LOITER,LADAKH,0,1.0
1788499295.562,5138.5,2114.6,72.0,93.0,95.2,92.6,94.8,783.0,788.1,784.2,788.9,4.65,71.6,13.4,3.0,46.8,0.72,14.05,4.2,LANE_A,20000.0,-22.0,85.7,CRUISE_LOITER,LADAKH,0,1.0
1788499296.187,5125.8,2109.4,72.0,93.1,95.5,92.7,95.0,782.9,787.8,785.1,788.8,4.73,71.4,13.2,3.0,46.8,0.72,14.1,4.3,LANE_A,20000.0,-22.0,85.7,CRUISE_LOITER,LADAKH,0,1.0
1788499296.854,5120.8,2107.3,72.0,92.9,95.5,92.4,94.7,782.6,787.9,785.9,788.5,4.72,71.7,13.2,3.0,46.7,0.7,14.09,4.1,LANE_A,20000.0,-22.0,85.7,CRUISE_LOITER,LADAKH,0,1.0
1788499297.499,5098.9,2098.3,72.0,92.9,95.3,92.6,95.0,784.7,788.5,784.4,788.0,4.72,71.4,13.4,3.0,46.8,0.72,14.06,4.1,LANE_A,20000.0,-22.0,85.6,CRUISE_LOITER,LADAKH,0,1.0
1788499298.146,5108.2,2102.2,72.0,93.0,95.5,92.4,95.1,782.1,788.1,787.4,786.7,4.68,71.4,13.3,3.0,46.4,0.73,14.09,4.3,LANE_A,20000.0,-22.0,85.6,CRUISE_LOITER,LADAKH,0,1.0
1788499298.872,5125.5,2109.2,72.0,93.0,95.3,92.4,95.0,783.9,787.0,782.3,786.6,4.62,71.6,13.3,3.0,47.0,0.73,14.12,4.2,LANE_A,20000.0,-22.0,85.5,CRUISE_LOITER,LADAKH,0,1.0
1788499299.478,5091.4,2095.2,72.0,92.6,95.1,92.6,94.8,782.5,787.4,787.8,788.3,4.7,71.5,13.3,3.0,46.6,0.71,14.12,4.0,LANE_A,20000.0,-22.0,85.5,CRUISE_LOITER,LADAKH,0,1.0
1788499300.085,5127.6,2110.1,72.0,92.7,95.4,92.4,95.2,782.5,787.0,785.0,787.0,4.71,71.3,13.3,3.0,46.6,0.74,14.1,4.2,LANE_A,20000.0,-22.0,85.4,CRUISE_LOITER,LADAKH,0,1.0
1788499300.726,5096.8,2097.4,72.0,92.8,95.5,92.2,94.7,785.0,789.6,784.1,787.0,4.66,71.5,13.2,3.0,46.7,0.71,14.09,4.1,LANE_A,20000.0,-22.0,85.4,CRUISE_LOITER,LADAKH,0,1.0
1788499301.378,5093.9,2096.3,72.0,92.7,95.5,92.1,94.7,781.9,786.6,784.3,789.8,4.68,71.3,13.3,3.0,46.8,0.7,14.1,4.2,LANE_A,20000.0,-22.0,85.3,CRUISE_LOITER,LADAKH,0,1.0
1788499302.028,5118.9,2106.6,72.0,93.1,95.5,92.2,94.8,781.5,788.5,784.9,788.8,4.66,71.4,13.3,3.0,46.5,0.68,14.12,4.2,LANE_A,20000.0,-22.0,85.3,CRUISE_LOITER,LADAKH,0,1.0
1788499302.666,5106.7,2101.5,72.0,92.7,95.0,92.3,94.9,781.4,790.5,783.6,789.6,4.72,71.6,13.2,3.0,46.9,0.71,14.09,4.1,LANE_A,20000.0,-22.0,85.3,CRUISE_LOITER,LADAKH,0,1.0
1788499303.317,5113.9,2104.5,72.0,92.9,95.2,92.2,94.5,782.9,787.9,785.3,788.2,4.71,71.3,13.2,3.0,47.0,0.73,14.12,4.2,LANE_A,20000.0,-22.0,85.2,CRUISE_LOITER,LADAKH,0,1.0
1788499303.959,5130.7,2111.4,72.0,93.0,95.3,92.2,95.0,784.6,786.7,786.5,787.9,4.66,71.6,13.2,3.0,46.7,0.72,14.08,4.1,LANE_A,20000.0,-22.0,85.2,CRUISE_LOITER,LADAKH,0,1.0
1788499304.616,5119.7,2106.9,72.0,93.0,95.2,92.2,94.8,784.4,788.3,785.8,790.2,4.71,71.4,13.3,3.0,46.9,0.71,14.09,4.0,LANE_A,20000.0,-22.0,85.1,CRUISE_LOITER,LADAKH,0,1.0
1788499305.253,5104.4,2100.6,72.0,92.8,95.5,92.2,94.8,783.7,788.4,786.9,790.0,4.67,71.4,13.1,3.0,46.4,0.69,14.12,4.0,LANE_A,20000.0,-22.0,85.1,CRUISE_LOITER,LADAKH,0,1.0
1788499305.891,5118.4,2106.3,72.0,93.0,95.3,92.0,94.9,781.7,787.6,783.1,788.1,4.69,71.3,13.3,3.0,46.5,0.71,14.08,4.1,LANE_A,20000.0,-22.0,85.1,CRUISE_LOITER,LADAKH,0,1.0
1788499306.525,5099.6,2098.6,72.0,93.0,95.4,92.3,95.0,783.0,788.2,786.3,786.9,4.64,71.5,13.1,3.0,46.7,0.74,14.07,4.1,LANE_A,20000.0,-22.0,85.0,CRUISE_LOITER,LADAKH,0,1.0
1788499307.165,5099.4,2098.5,72.0,92.7,94.8,92.2,95.0,781.8,787.6,785.6,788.6,4.7,71.5,13.3,3.0,46.6,0.7,14.11,4.0,LANE_A,20000.0,-22.0,85.0,CRUISE_LOITER,LADAKH,0,1.0
1788499307.78,5099.2,2098.4,72.0,92.7,95.4,92.0,94.4,784.0,789.2,783.8,790.0,4.7,71.5,13.2,2.9,46.6,0.75,14.11,4.0,LANE_A,20000.0,-22.0,84.9,CRUISE_LOITER,LADAKH,0,1.0
1788499308.422,5124.7,2108.9,72.0,92.8,95.3,92.0,94.6,783.3,785.3,785.8,789.1,4.69,71.2,13.4,3.0,46.5,0.71,14.14,4.0,LANE_A,20000.0,-22.0,84.9,CRUISE_LOITER,LADAKH,0,1.0
1788499309.057,5118.2,2106.3,72.0,92.5,95.0,92.3,94.5,781.9,787.6,785.7,787.8,4.63,71.3,13.4,3.0,46.8,0.73,14.11,4.0,LANE_A,20000.0,-22.0,84.9,CRUISE_LOITER,LADAKH,0,1.0
1788499309.992,5121.4,2107.6,72.0,92.7,95.3,92.5,94.5,784.3,789.5,788.7,788.9,4.68,71.3,13.2,3.0,46.7,0.7,14.14,4.1,LANE_A,20000.0,-22.0,84.8,CRUISE_LOITER,LADAKH,0,1.0
1788499310.685,5102.6,2099.8,72.0,92.8,95.6,92.3,95.0,784.9,786.6,785.4,788.5,4.73,71.3,13.2,3.0,46.5,0.72,14.06,4.3,LANE_A,20000.0,-22.0,84.8,CRUISE_LOITER,LADAKH,0,1.0
1788499311.403,5101.7,2099.5,72.0,92.7,95.3,92.4,94.8,782.3,787.0,784.7,790.1,4.69,71.3,13.3,3.0,46.6,0.71,14.1,4.0,LANE_A,20000.0,-22.0,84.7,CRUISE_LOITER,LADAKH,0,1.0
1788499312.322,5120.1,2107.0,72.0,92.6,95.0,92.0,94.7,783.5,787.8,784.6,788.7,4.64,71.4,13.2,3.0,46.5,0.72,14.09,4.0,LANE_A,20000.0,-22.0,84.7,CRUISE_LOITER,LADAKH,0,1.0
1788499313.172,5112.8,2104.1,72.0,92.4,94.9,92.2,94.7,783.3,789.2,785.8,787.8,4.7,71.1,13.4,3.0,46.6,0.72,14.16,4.1,LANE_A,20000.0,-22.0,84.7,CRUISE_LOITER,LADAKH,0,1.0
1788499313.912,5108.8,2102.4,72.0,93.0,95.1,92.0,94.6,783.0,788.3,783.8,788.1,4.66,71.5,13.3,3.0,46.5,0.68,14.12,4.2,LANE_A,20000.0,-22.0,84.6,CRUISE_LOITER,LADAKH,0,1.0
1788499314.669,5101.2,2099.3,72.0,92.8,95.3,92.3,94.8,783.5,788.1,786.8,788.8,4.69,71.5,13.4,3.0,46.5,0.73,14.13,4.1,LANE_A,20000.0,-22.0,84.6,CRUISE_LOITER,LADAKH,0,1.0
1788499315.622,5112.1,2103.7,72.0,92.5,95.3,91.8,94.5,783.2,787.8,784.4,787.1,4.74,71.4,13.2,3.0,46.5,0.7,14.1,4.1,LANE_A,20000.0,-22.0,84.6,CRUISE_LOITER,LADAKH,0,1.0
1788499316.343,5107.1,2101.7,72.0,92.4,95.0,92.3,94.8,784.4,786.7,787.3,786.1,4.71,71.2,13.3,3.0,46.3,0.72,14.08,4.1,LANE_A,20000.0,-22.0,84.5,CRUISE_LOITER,LADAKH,0,1.0
1788499317.026,5082.8,2091.7,72.0,93.0,95.2,92.2,94.7,784.2,787.8,785.4,788.4,4.65,71.3,13.2,3.0,46.7,0.71,14.13,4.1,LANE_A,20000.0,-22.0,84.5,CRUISE_LOITER,LADAKH,0,1.0
1788499317.711,5129.0,2110.7,72.0,92.7,95.2,91.9,94.6,783.3,786.5,784.4,787.5,4.68,71.2,13.2,3.0,46.4,0.72,14.09,4.1,LANE_A,20000.0,-22.0,84.5,CRUISE_LOITER,LADAKH,0,1.0
1788499318.401,5100.3,2098.9,72.0,92.6,95.2,92.5,94.4,782.2,788.7,784.2,788.2,4.59,71.2,13.2,3.0,46.5,0.71,14.11,4.2,LANE_A,20000.0,-22.0,84.4,CRUISE_LOITER,LADAKH,0,1.0
1788499319.081,5108.9,2102.4,72.0,92.6,95.2,91.9,95.0,783.1,787.0,785.1,786.4,4.66,71.4,13.3,3.0,46.4,0.71,14.09,4.0,LANE_A,20000.0,-22.0,84.4,CRUISE_LOITER,LADAKH,0,1.0
1788499319.748,5120.3,2107.1,72.0,92.7,95.0,92.0,94.8,783.4,789.3,782.7,786.7,4.67,71.5,13.2,3.0,46.4,0.72,14.08,4.2,LANE_A,20000.0,-22.0,84.3,CRUISE_LOITER,LADAKH,0,1.0
1788499320.429,5119.2,2106.7,72.0,92.7,95.2,91.9,94.8,782.9,787.3,785.5,786.8,4.69,71.2,13.3,3.0,46.5,0.71,14.1,3.9,LANE_A,20000.0,-22.0,84.3,CRUISE_LOITER,LADAKH,0,1.0
1788499321.095,5109.7,2102.8,72.0,92.5,95.3,92.0,94.8,784.8,788.0,785.1,787.4,4.65,71.3,13.0,3.0,46.4,0.71,14.11,4.0,LANE_A,20000.0,-22.0,84.3,CRUISE_LOITER,LADAKH,0,1.0
1788499321.762,5124.2,2108.7,72.0,92.8,95.2,92.0,94.7,782.7,787.1,787.0,788.1,4.69,71.3,13.1,3.0,46.5,0.72,14.13,4.0,LANE_A,20000.0,-22.0,84.2,CRUISE_LOITER,LADAKH,0,1.0
1788499322.449,5111.3,2103.4,72.0,92.4,95.0,92.2,94.7,783.5,788.5,787.3,787.6,4.69,71.0,13.1,3.0,46.4,0.71,14.09,4.2,LANE_A,20000.0,-22.0,84.2,CRUISE_LOITER,LADAKH,0,1.0
1788499323.156,5116.8,2105.7,72.0,93.0,95.1,92.1,94.7,785.1,787.7,786.3,789.1,4.67,71.0,13.1,3.0,46.3,0.71,14.09,3.9,LANE_A,20000.0,-22.0,84.2,CRUISE_LOITER,LADAKH,0,1.0
1788499323.845,5107.2,2101.7,72.0,93.0,95.2,92.0,95.0,782.7,787.4,786.2,789.4,4.64,71.2,13.3,3.0,46.3,0.7,14.1,4.0,LANE_A,20000.0,-22.0,84.1,CRUISE_LOITER,LADAKH,0,1.0
1788499324.549,5098.5,2098.2,72.0,92.9,94.8,91.9,94.6,783.3,787.1,784.3,788.3,4.64,71.1,13.1,3.0,46.4,0.73,14.1,4.0,LANE_A,20000.0,-22.0,84.1,CRUISE_LOITER,LADAKH,0,1.0
1788499325.25,5108.5,2102.3,72.0,92.6,95.0,92.1,94.3,781.5,788.2,784.5,787.9,4.65,71.1,13.2,3.0,46.5,0.72,14.08,3.9,LANE_A,20000.0,-22.0,84.1,CRUISE_LOITER,LADAKH,0,1.0
1788499325.936,5112.1,2103.8,72.0,92.6,94.8,91.9,94.3,782.7,787.7,784.8,788.5,4.7,71.2,13.2,3.0,46.3,0.7,14.11,4.2,LANE_A,20000.0,-22.0,84.1,CRUISE_LOITER,LADAKH,0,1.0
1788499326.65,5100.7,2099.0,72.0,92.9,95.1,91.9,94.3,781.7,787.4,784.6,788.3,4.61,71.2,13.2,3.0,46.6,0.69,14.11,4.0,LANE_A,20000.0,-22.0,84.0,CRUISE_LOITER,LADAKH,0,1.0
1788499327.335,5117.5,2106.0,72.0,92.8,94.9,92.0,94.5,783.0,788.9,785.3,788.4,4.69,71.1,13.1,3.0,46.4,0.71,14.09,4.1,LANE_A,20000.0,-22.0,84.0,CRUISE_LOITER,LADAKH,0,1.0
1788499328.017,5108.6,2102.3,72.0,92.5,94.8,92.1,94.6,783.4,787.2,784.7,787.5,4.65,71.2,13.2,3.0,46.3,0.71,14.13,4.0,LANE_A,20000.0,-22.0,84.0,CRUISE_LOITER,LADAKH,0,1.0
1788499328.7,5124.9,2109.0,72.0,92.7,95.0,91.8,94.3,782.7,787.2,786.1,789.2,4.65,71.0,13.2,3.0,46.3,0.73,14.1,4.3,LANE_A,20000.0,-22.0,83.9,CRUISE_LOITER,LADAKH,0,1.0
1788499329.4,5114.4,2104.7,72.0,92.9,95.0,91.7,94.7,782.6,788.1,784.5,786.8,4.71,71.2,13.3,3.0,46.6,0.73,14.08,3.9,LANE_A,20000.0,-22.0,83.9,CRUISE_LOITER,LADAKH,0,1.0
1788499330.14,5106.3,2101.4,72.0,92.2,95.0,92.2,94.4,784.8,787.9,785.6,789.2,4.64,71.0,13.2,3.0,46.4,0.72,14.09,4.1,LANE_A,20000.0,-22.0,83.9,CRUISE_LOITER,LADAKH,0,1.0
1788499330.802,5111.6,2103.5,72.0,92.2,94.8,92.4,94.3,785.1,788.4,785.5,788.6,4.67,71.2,13.2,3.0,46.1,0.71,14.11,4.2,LANE_A,20000.0,-22.0,83.9,CRUISE_LOITER,LADAKH,0,1.0
1788499331.529,5105.6,2101.1,72.0,92.6,94.8,91.9,94.5,783.0,785.8,785.0,789.2,4.69,71.2,13.0,3.0,46.4,0.72,14.14,4.3,LANE_A,20000.0,-22.0,83.8,CRUISE_LOITER,LADAKH,0,1.0
1788499332.24,5115.3,2105.1,72.0,92.0,95.0,91.9,94.4,782.1,788.7,785.8,785.7,4.65,71.0,13.1,3.0,46.2,0.7,14.08,4.0,LANE_A,20000.0,-22.0,83.8,CRUISE_LOITER,LADAKH,0,1.0
1788499332.898,5120.1,2107.0,72.0,92.3,95.0,91.7,94.1,784.2,789.9,784.8,786.6,4.68,71.1,13.2,3.0,46.2,0.71,14.1,4.2,LANE_A,20000.0,-22.0,83.8,CRUISE_LOITER,LADAKH,0,1.0
1788499333.585,5097.4,2097.7,72.0,92.2,95.1,92.0,94.7,782.8,787.7,785.2,788.0,4.72,71.2,13.2,3.0,46.3,0.72,14.11,4.2,LANE_A,20000.0,-22.0,83.7,CRUISE_LOITER,LADAKH,0,1.0
1788499334.259,5128.8,2110.6,72.0,92.4,95.0,92.1,94.3,781.9,786.3,783.7,788.0,4.68,71.1,13.3,3.0,46.1,0.71,14.05,4.0,LANE_A,20000.0,-22.0,83.7,CRUISE_LOITER,LADAKH,0,1.0
1788499334.93,5106.0,2101.3,72.0,92.2,95.0,91.8,94.3,783.8,786.6,784.3,788.5,4.67,71.2,12.9,3.0,46.2,0.73,14.09,4.3,LANE_A,20000.0,-22.0,83.7,CRUISE_LOITER,LADAKH,0,1.0
1788499335.657,5083.8,2092.1,72.0,92.6,94.9,91.8,94.6,782.4,788.2,785.3,789.9,4.66,71.2,13.1,3.0,46.4,0.7,14.08,4.2,LANE_A,20000.0,-22.0,83.7,CRUISE_LOITER,LADAKH,0,1.0
1788499336.328,5124.1,2108.7,72.0,92.4,94.8,91.8,94.4,783.1,788.8,784.4,787.3,4.67,71.0,13.2,3.0,46.2,0.72,14.1,4.1,LANE_A,20000.0,-22.0,83.6,CRUISE_LOITER,LADAKH,0,1.0
1788499337.007,5115.7,2105.2,72.0,92.6,94.8,92.1,94.7,784.5,789.2,786.2,785.1,4.68,70.9,13.0,3.0,46.3,0.74,14.06,4.3,LANE_A,20000.0,-22.0,83.6,CRUISE_LOITER,LADAKH,0,1.0
1788499337.696,5132.4,2112.1,72.0,92.3,95.2,91.9,94.2,782.8,785.7,785.8,788.6,4.62,70.9,13.0,3.0,46.2,0.73,14.09,4.2,LANE_A,20000.0,-22.0,83.6,CRUISE_LOITER,LADAKH,0,1.0
1788499338.381,5126.1,2109.5,72.0,92.3,94.8,91.7,94.2,782.8,789.6,785.4,788.1,4.67,71.0,13.2,3.0,46.0,0.73,14.1,4.1,LANE_A,20000.0,-22.0,83.6,CRUISE_LOITER,LADAKH,0,1.0
1788499339.057,5118.3,2106.3,72.0,92.5,94.9,91.7,94.4,783.5,788.6,786.0,788.3,4.68,71.3,13.1,3.0,46.0,0.72,14.08,4.0,LANE_A,20000.0,-22.0,83.5,CRUISE_LOITER,LADAKH,0,1.0
1788499339.759,5099.7,2098.6,72.0,92.3,95.0,92.1,94.0,784.6,788.5,782.9,788.1,4.73,71.1,13.0,3.0,46.0,0.71,14.09,4.2,LANE_A,20000.0,-22.0,83.5,CRUISE_LOITER,LADAKH,0,1.0
1788499340.518,5113.4,2104.3,72.0,92.3,95.0,91.5,94.4,782.4,788.6,783.8,787.9,4.72,71.1,13.2,3.0,46.2,0.72,14.08,4.0,LANE_A,20000.0,-22.0,83.5,CRUISE_LOITER,LADAKH,0,1.0
1788499341.214,5101.2,2099.2,72.0,92.4,94.5,92.0,94.1,781.5,788.2,783.3,791.1,4.72,70.8,13.1,3.0,46.2,0.71,14.09,4.1,LANE_A,20000.0,-22.0,83.5,CRUISE_LOITER,LADAKH,0,1.0
1788499341.923,5130.3,2111.2,72.0,92.4,95.1,91.8,94.1,782.0,787.3,784.0,788.0,4.71,71.0,13.2,3.0,46.1,0.72,14.06,4.2,LANE_A,20000.0,-22.0,83.5,CRUISE_LOITER,LADAKH,0,1.0
1788499342.632,5119.5,2106.8,72.0,92.2,94.8,92.0,94.4,781.9,787.8,786.2,789.1,4.78,70.8,13.1,3.0,46.0,0.7,14.11,4.2,LANE_A,20000.0,-22.0,83.4,CRUISE_LOITER,LADAKH,0,1.0
1788499343.324,5108.4,2102.2,72.0,92.0,94.9,92.1,94.5,780.7,787.5,786.6,788.6,4.66,70.9,13.1,3.0,46.0,0.69,14.12,4.2,LANE_A,20000.0,-22.0,83.4,CRUISE_LOITER,LADAKH,0,1.0
1788499343.988,5127.3,2110.0,72.0,92.6,94.7,91.8,94.2,781.7,787.7,785.5,786.3,4.75,70.8,12.9,3.0,45.9,0.74,14.12,4.4,LANE_A,20000.0,-22.0,83.4,CRUISE_LOITER,LADAKH,0,1.0
1788499344.685,5132.1,2112.0,72.0,92.5,94.7,91.8,94.1,782.8,787.9,784.2,787.6,4.72,70.7,13.1,3.0,46.1,0.73,14.11,4.0,LANE_A,20000.0,-22.0,83.4,CRUISE_LOITER,LADAKH,0,1.0
1788499345.363,5128.7,2110.6,72.0,92.2,94.6,91.6,94.2,785.4,789.2,787.3,787.3,4.69,70.9,13.1,3.0,46.0,0.71,14.12,4.2,LANE_A,20000.0,-22.0,83.4,CRUISE_LOITER,LADAKH,0,1.0
1788499346.05,5111.4,2103.4,72.0,92.4,94.8,92.0,94.6,782.0,786.9,784.4,785.8,4.69,70.7,13.1,3.0,45.9,0.7,14.11,4.1,LANE_A,20000.0,-22.0,83.3,CRUISE_LOITER,LADAKH,0,1.0
1788499346.73,5092.5,2095.7,72.0,91.9,94.7,91.9,94.1,781.8,789.3,784.0,788.4,4.73,70.5,13.2,3.0,46.0,0.72,14.11,4.1,LANE_A,20000.0,-22.0,83.3,CRUISE_LOITER,LADAKH,0,1.0
1788499347.386,5095.3,2096.8,72.0,92.4,94.9,91.5,94.3,781.1,786.0,784.0,787.6,4.7,70.8,13.0,3.0,46.0,0.71,14.11,4.1,LANE_A,20000.0,-22.0,83.3,CRUISE_LOITER,LADAKH,0,1.0
1788499348.102,5095.8,2097.0,72.0,92.0,94.6,91.8,94.0,783.0,788.1,783.9,787.0,4.67,70.7,13.1,3.0,45.9,0.7,14.09,4.1,LANE_A,20000.0,-22.0,83.3,CRUISE_LOITER,LADAKH,0,1.0
1788499348.809,5102.6,2099.8,72.0,92.3,94.8,92.0,94.0,779.7,787.6,785.1,787.5,4.73,70.8,13.0,3.0,46.2,0.71,14.1,4.1,LANE_A,20000.0,-22.0,83.3,CRUISE_LOITER,LADAKH,0,1.0
1788499349.497,5132.4,2112.1,72.0,92.0,94.7,91.6,94.2,782.3,787.8,783.5,784.8,4.68,70.6,13.1,3.0,45.8,0.7,14.07,4.0,LANE_A,20000.0,-22.0,83.3,CRUISE_LOITER,LADAKH,0,1.0
1788499350.165,5121.9,2107.8,72.0,92.1,94.9,91.2,94.2,781.4,789.2,786.1,787.4,4.65,70.8,13.1,3.0,45.9,0.69,14.12,4.0,LANE_A,20000.0,-22.0,83.2,CRUISE_LOITER,LADAKH,0,1.0
1788499350.85,5120.9,2107.4,72.0,92.1,94.6,91.4,94.4,782.8,788.5,784.2,785.7,4.68,70.5,13.2,3.0,45.7,0.7,14.12,4.3,LANE_A,20000.0,-22.0,83.2,CRUISE_LOITER,LADAKH,0,1.0
1788499351.491,5107.7,2101.9,72.0,91.8,94.6,91.6,93.9,782.2,789.5,785.0,788.4,4.7,70.8,13.0,3.0,46.1,0.73,14.07,4.1,LANE_A,20000.0,-22.0,83.2,CRUISE_LOITER,LADAKH,0,1.0
1788499352.143,5112.9,2104.1,72.0,92.4,94.6,91.5,94.2,783.0,787.0,786.0,786.9,4.71,70.6,12.9,3.0,45.9,0.72,14.09,4.1,LANE_A,20000.0,-22.0,83.2,CRUISE_LOITER,LADAKH,0,1.0
1788499352.808,5103.4,2100.2,72.0,92.3,95.0,91.5,94.4,784.6,787.9,783.4,785.5,4.7,70.4,13.1,3.0,46.0,0.71,14.09,4.0,LANE_A,20000.0,-22.0,83.2,CRUISE_LOITER,LADAKH,0,1.0
1788499353.467,5100.6,2099.0,72.0,92.0,94.5,91.6,94.2,781.0,787.0,786.8,788.4,4.69,70.8,13.0,3.0,45.9,0.72,14.09,4.1,LANE_A,20000.0,-22.0,83.2,CRUISE_LOITER,LADAKH,0,1.0
1788499354.121,5112.6,2104.0,72.0,92.0,94.6,91.5,94.1,785.4,789.6,785.0,785.2,4.65,70.8,13.2,3.0,45.9,0.72,14.13,3.9,LANE_A,20000.0,-22.0,83.2,CRUISE_LOITER,LADAKH,0,1.0
1788499354.745,5094.6,2096.6,72.0,92.0,94.3,91.8,94.2,781.4,786.7,783.1,788.2,4.72,70.9,13.0,3.0,45.9,0.71,14.1,4.5,LANE_A,20000.0,-22.0,83.1,CRUISE_LOITER,LADAKH,0,1.0
1788499355.395,5083.1,2091.8,72.0,91.7,94.4,91.8,94.1,783.1,788.2,782.6,786.1,4.67,70.4,13.1,3.0,45.8,0.73,14.1,4.0,LANE_A,20000.0,-22.0,83.1,CRUISE_LOITER,LADAKH,0,1.0
1788499356.112,5115.8,2105.3,72.0,91.8,94.7,91.8,94.2,781.3,785.7,784.9,786.0,4.69,70.7,13.1,3.0,45.8,0.71,14.09,4.0,LANE_A,20000.0,-22.0,83.1,CRUISE_LOITER,LADAKH,0,1.0
1788499356.772,5106.7,2101.5,72.0,91.4,94.7,91.4,94.0,782.3,787.9,784.9,789.7,4.69,70.4,13.0,3.0,45.8,0.71,14.09,4.2,LANE_A,20000.0,-22.0,83.1,CRUISE_LOITER,LADAKH,0,1.0
1788499357.42,5102.2,2099.7,72.0,91.7,94.4,91.6,94.0,782.5,787.8,786.4,788.7,4.71,70.6,13.0,3.0,45.8,0.7,14.12,4.1,LANE_A,20000.0,-22.0,83.1,CRUISE_LOITER,LADAKH,0,1.0
1788499358.068,5111.6,2103.5,72.0,92.0,94.7,91.4,94.2,783.2,787.4,785.6,787.0,4.72,70.6,13.0,3.0,45.9,0.71,14.09,4.2,LANE_A,20000.0,-22.0,83.1,CRUISE_LOITER,LADAKH,0,1.0
1788499358.759,5091.6,2095.3,72.0,92.1,94.4,91.2,93.9,781.3,786.8,785.0,789.7,4.67,70.8,13.1,3.0,45.9,0.73,14.11,4.2,LANE_A,20000.0,-22.0,83.1,CRUISE_LOITER,LADAKH,0,1.0
1788499359.403,5114.9,2104.9,72.0,91.9,94.4,91.2,94.0,782.6,789.6,782.9,788.7,4.68,70.3,13.0,3.0,45.8,0.69,14.09,4.0,LANE_A,20000.0,-22.0,83.1,CRUISE_LOITER,LADAKH,0,1.0
1788499360.117,5100.9,2099.1,72.0,92.0,94.3,91.5,94.1,781.5,786.7,785.9,788.4,4.72,70.5,13.1,3.0,45.9,0.72,14.07,4.1,LANE_A,20000.0,-22.0,83.1,CRUISE_LOITER,LADAKH,0,1.0
1788499360.785,5108.5,2102.3,72.0,92.1,94.7,91.6,93.5,781.3,787.8,785.6,786.3,4.66,70.5,13.1,3.0,45.8,0.74,14.09,4.1,LANE_A,20000.0,-22.0,83.1,CRUISE_LOITER,LADAKH,0,1.0
1788499361.479,5098.4,2098.1,72.0,91.7,94.5,91.7,93.9,783.4,787.8,786.1,788.2,4.71,70.7,13.1,3.0,46.0,0.72,14.1,4.3,LANE_A,20000.0,-22.0,83.1,CRUISE_LOITER,LADAKH,0,1.0
1788499362.151,5104.3,2100.6,72.0,91.8,94.2,91.3,93.9,782.5,787.9,785.1,788.0,4.68,70.8,13.0,3.0,45.6,0.73,14.12,4.2,LANE_A,20000.0,-22.0,83.0,CRUISE_LOITER,LADAKH,0,1.0
1788499362.852,5123.6,2108.5,72.0,91.9,94.2,91.3,93.7,783.2,784.8,785.1,787.9,4.7,70.5,12.9,3.0,45.6,0.69,14.05,4.1,LANE_A,20000.0,-22.0,83.0,CRUISE_LOITER,LADAKH,0,1.0
1788499363.565,5128.8,2110.6,72.0,91.8,94.4,91.2,93.9,782.6,787.0,786.5,788.0,4.72,70.7,12.9,3.0,45.7,0.71,14.1,4.2,LANE_A,20000.0,-22.0,83.0,CRUISE_LOITER,LADAKH,0,1.0
1788499364.238,5114.1,2104.6,72.0,91.7,94.5,91.3,93.6,781.2,786.8,783.3,788.6,4.61,70.5,13.0,3.0,45.7,0.72,14.11,4.3,LANE_A,20000.0,-22.0,83.0,CRUISE_LOITER,LADAKH,0,1.0
1788499364.917,5137.7,2114.3,72.0,91.8,94.3,91.3,93.8,783.6,788.0,784.9,789.0,4.72,70.5,12.9,3.0,45.9,0.73,14.09,4.0,LANE_A,20000.0,-22.0,83.0,CRUISE_LOITER,LADAKH,0,1.0
1788499365.584,5106.2,2101.3,72.0,92.0,94.5,91.2,93.4,782.1,788.2,784.0,786.6,4.69,70.2,13.1,3.0,45.8,0.72,14.1,4.1,LANE_A,20000.0,-22.0,83.0,CRUISE_LOITER,LADAKH,0,1.0
1788499366.244,5109.3,2102.6,72.0,92.3,94.2,91.2,93.6,782.2,788.0,783.8,785.1,4.63,70.6,13.1,3.0,45.7,0.73,14.09,4.2,LANE_A,20000.0,-22.0,83.0,CRUISE_LOITER,LADAKH,0,1.0
1788499366.959,5100.3,2098.9,72.0,91.8,94.3,91.2,93.9,782.5,786.4,782.5,789.0,4.7,70.3,12.8,3.0,45.6,0.74,14.13,4.2,LANE_A,20000.0,-22.0,83.0,CRUISE_LOITER,LADAKH,0,1.0
1788499367.642,5110.2,2103.0,72.0,91.9,94.3,91.4,93.6,783.9,785.6,784.1,784.8,4.74,70.4,13.0,3.0,45.5,0.7,14.09,4.0,LANE_A,20000.0,-22.0,83.0,CRUISE_LOITER,LADAKH,0,1.0
1788499368.319,5111.1,2103.3,72.0,91.7,94.1,91.1,93.7,782.5,788.6,785.1,787.9,4.71,70.4,12.9,3.0,45.6,0.66,14.13,4.0,LANE_A,20000.0,-22.0,83.0,CRUISE_LOITER,LADAKH,0,1.0
1788499368.952,5124.5,2108.8,72.0,91.8,94.5,91.2,93.6,779.6,785.2,784.6,789.2,4.7,70.4,12.9,3.0,45.8,0.72,14.09,4.1,LANE_A,20000.0,-22.0,83.0,CRUISE_LOITER,LADAKH,0,1.0
1788499369.644,5099.6,2098.6,72.0,91.7,94.3,91.1,93.8,780.4,789.0,784.2,787.6,4.73,70.2,13.0,3.0,45.8,0.71,14.07,4.2,LANE_A,20000.0,-22.0,83.0,CRUISE_LOITER,LADAKH,0,1.0
1788499370.276,5125.8,2109.4,72.0,91.7,94.5,91.1,94.2,780.6,787.2,783.9,786.5,4.69,70.4,13.0,3.0,45.5,0.69,14.06,4.2,LANE_A,20000.0,-22.0,83.0,CRUISE_LOITER,LADAKH,0,1.0
1788499370.949,5108.6,2102.3,72.0,91.8,94.2,91.3,93.8,780.1,787.2,782.9,787.7,4.66,70.2,13.0,3.0,45.6,0.72,14.11,4.1,LANE_A,20000.0,-22.0,83.0,CRUISE_LOITER,LADAKH,0,1.0
1788499371.588,5117.7,2106.0,72.0,91.6,94.2,91.0,94.1,781.5,790.2,783.6,785.9,4.69,70.3,13.0,3.0,45.7,0.73,14.13,4.1,LANE_A,20000.0,-22.0,83.0,CRUISE_LOITER,LADAKH,0,1.0
1788499372.255,5122.5,2108.0,72.0,91.6,93.9,91.1,93.4,783.8,786.8,784.6,786.9,4.74,70.0,12.9,2.9,45.4,0.72,14.11,4.0,LANE_A,20000.0,-22.0,83.0,CRUISE_LOITER,LADAKH,0,1.0
1788499372.875,5131.5,2111.7,72.0,91.5,94.2,91.0,93.5,782.3,787.8,785.8,785.2,4.75,70.3,12.9,3.0,45.6,0.73,14.11,4.2,LANE_A,20000.0,-22.0,83.0,CRUISE_LOITER,LADAKH,0,1.0
1788499373.519,5097.5,2097.7,72.0,91.8,94.1,91.2,93.6,784.9,787.6,786.0,787.2,4.68,70.4,13.0,3.0,45.6,0.69,14.08,4.1,LANE_A,20000.0,-22.0,83.0,CRUISE_LOITER,LADAKH,0,1.0
1788499374.231,5114.1,2104.6,72.0,91.3,95.2,90.8,93.5,783.2,788.5,784.3,787.7,4.76,70.2,13.0,3.0,45.6,0.7,14.11,4.0,LANE_A,20000.0,-22.0,83.0,CRUISE_LOITER,LADAKH,1,0.98
1788499374.862,5090.2,2094.7,72.0,91.7,98.5,91.1,94.2,782.1,790.4,783.9,788.1,4.65,71.2,13.2,3.0,45.5,0.69,14.09,4.1,LANE_A,20000.0,-22.0,83.0,CRUISE_LOITER,LADAKH,1,0.92
1788499375.506,5118.0,2106.2,72.0,91.7,94.0,90.9,93.7,781.7,788.1,784.5,786.5,4.71,70.2,13.0,3.0,45.3,0.72,14.13,4.0,LANE_A,20000.0,-22.0,83.0,CRUISE_LOITER,LADAKH,0,1.0
1788499376.098,5113.3,2104.2,72.0,91.7,94.0,90.9,93.8,782.6,786.6,784.0,787.5,4.65,70.2,13.1,3.0,45.4,0.75,14.06,4.2,LANE_A,20000.0,-22.0,83.0,CRUISE_LOITER,LADAKH,0,1.0
1788499376.693,5108.5,2102.3,72.0,91.6,94.1,91.0,93.5,782.1,786.2,782.9,788.0,4.74,70.4,12.8,3.0,45.5,0.71,14.06,4.0,LANE_A,20000.0,-22.0,83.0,CRUISE_LOITER,LADAKH,0,1.0
1788499377.313,5111.9,2103.7,72.0,91.4,93.9,91.0,93.6,781.8,786.6,785.2,787.1,4.64,69.8,13.0,3.0,45.4,0.7,14.09,3.9,LANE_A,20000.0,-22.0,83.0,CRUISE_LOITER,LADAKH,0,1.0
1788499377.893,5116.9,2105.7,72.0,91.4,94.1,90.8,93.5,780.9,788.2,784.8,790.2,4.67,70.1,12.9,3.0,45.6,0.72,14.07,4.0,LANE_A,20000.0,-22.0,83.0,CRUISE_LOITER,LADAKH,0,1.0
1788499378.528,5135.5,2113.4,72.0,91.4,94.1,90.8,93.4,780.5,784.4,783.0,785.6,4.71,69.9,13.0,3.0,45.4,0.7,14.13,4.1,LANE_A,20000.0,-22.0,83.0,CRUISE_LOITER,LADAKH,0,1.0
1788499379.153,5101.9,2099.6,72.0,91.7,94.0,91.1,93.6,783.3,786.5,784.7,786.1,4.69,70.3,12.9,3.0,45.4,0.71,14.09,4.2,LANE_A,20000.0,-22.0,83.0,CRUISE_LOITER,LADAKH,0,1.0
1788499379.763,5122.1,2107.8,72.0,91.6,93.7,91.3,93.1,782.2,786.2,784.5,785.8,4.74,70.0,13.0,3.0,45.3,0.73,14.09,4.1,LANE_A,20000.0,-22.0,83.0,CRUISE_LOITER,LADAKH,0,1.0
1788499380.374,5103.5,2100.2,72.0,91.3,93.7,91.1,93.2,783.4,786.6,785.1,786.5,4.71,70.1,13.0,3.0,45.4,0.72,14.08,3.9,LANE_A,20000.0,-22.0,83.1,CRUISE_LOITER,LADAKH,0,1.0
1788499380.97,5131.9,2111.9,72.0,91.3,93.7,90.8,93.4,781.3,786.2,785.4,789.2,4.65,70.1,12.8,3.0,45.5,0.7,14.14,4.0,LANE_A,20000.0,-22.0,83.1,CRUISE_LOITER,LADAKH,0,1.0
1788499381.587,5123.4,2108.4,72.0,91.6,94.0,90.9,93.6,784.6,788.1,784.8,788.1,4.71,70.0,12.9,3.0,45.4,0.72,14.08,4.1,LANE_A,20000.0,-22.0,83.1,CRUISE_LOITER,LADAKH,0,1.0
1788499382.214,5115.3,2105.1,72.0,91.1,93.9,90.7,93.5,782.3,789.2,784.9,786.7,4.69,70.1,12.9,3.0,45.2,0.72,14.1,4.1,LANE_A,20000.0,-22.0,83.1,CRUISE_LOITER,LADAKH,0,1.0
1788499382.831,5120.8,2107.3,72.0,91.3,93.8,90.7,93.5,782.8,785.4,783.9,787.3,4.67,70.2,12.9,3.0,45.3,0.71,14.12,4.0,LANE_A,20000.0,-22.0,83.1,CRUISE_LOITER,LADAKH,0,1.0
1788499383.458,5127.1,2109.9,72.0,91.5,93.9,90.4,93.4,781.5,787.6,783.3,787.5,4.72,70.2,12.9,3.0,45.5,0.73,14.12,3.8,LANE_A,20000.0,-22.0,83.1,CRUISE_LOITER,LADAKH,0,1.0
1788499384.094,5107.3,2101.8,72.0,91.1,93.8,90.8,93.2,781.2,787.9,782.6,791.0,4.73,69.7,12.9,3.0,45.3,0.69,14.12,4.2,LANE_A,20000.0,-22.0,83.1,CRUISE_LOITER,LADAKH,0,1.0
1788499384.708,5117.1,2105.8,72.0,91.1,93.8,90.7,93.2,782.5,788.1,785.9,787.0,4.71,70.0,13.1,3.0,45.4,0.73,14.09,4.0,LANE_A,20000.0,-22.0,83.1,CRUISE_LOITER,LADAKH,0,1.0
1788499385.333,5115.8,2105.3,72.0,91.6,93.8,90.7,93.5,780.0,788.7,784.0,788.6,4.76,70.0,13.0,3.0,45.4,0.68,14.07,4.2,LANE_A,20000.0,-22.0,83.1,CRUISE_LOITER,LADAKH,0,1.0
1788499385.97,5094.2,2096.4,72.0,91.3,93.6,90.5,93.4,782.7,785.2,784.6,788.7,4.69,69.8,13.0,3.0,45.4,0.72,14.1,4.0,LANE_A,20000.0,-22.0,83.1,CRUISE_LOITER,LADAKH,0,1.0
1788499386.618,5097.1,2097.6,72.0,91.0,93.8,90.6,93.3,783.8,786.8,784.9,786.4,4.72,70.0,13.0,3.0,45.3,0.72,14.15,4.1,LANE_A,20000.0,-22.0,83.2,CRUISE_LOITER,LADAKH,0,1.0
1788499387.283,5123.6,2108.5,72.0,91.5,93.5,90.8,93.4,783.9,785.7,784.0,787.0,4.68,70.2,12.9,3.0,45.4,0.73,14.11,4.0,LANE_A,20000.0,-22.0,83.2,CRUISE_LOITER,LADAKH,0,1.0
1788499387.945,5114.1,2104.6,72.0,91.2,94.2,90.6,93.3,782.8,787.0,784.5,785.6,4.71,69.8,12.9,3.0,45.4,0.74,14.05,4.3,LANE_A,20000.0,-22.0,83.2,CRUISE_LOITER,LADAKH,0,1.0
1788499388.587,5112.5,2103.9,72.0,91.1,93.8,90.7,93.2,783.0,786.5,781.5,788.0,4.73,69.8,12.8,3.0,45.4,0.72,14.09,4.2,LANE_A,20000.0,-22.0,83.2,CRUISE_LOITER,LADAKH,0,1.0
1788499389.212,5102.9,2100.0,72.0,91.2,93.5,90.5,93.1,781.4,785.0,784.8,789.0,4.75,69.9,12.8,3.0,45.2,0.74,14.14,4.0,LANE_A,20000.0,-22.0,83.2,CRUISE_LOITER,LADAKH,0,1.0
1788499389.898,5104.4,2100.6,72.0,90.9,93.8,90.9,93.4,782.3,786.4,784.0,789.9,4.72,69.9,13.0,3.0,45.4,0.71,14.11,4.1,LANE_A,20000.0,-22.0,83.2,CRUISE_LOITER,LADAKH,0,1.0
1788499390.566,5121.3,2107.5,72.0,91.5,93.3,90.5,93.2,783.9,785.0,782.9,786.3,4.74,69.8,12.8,3.0,45.5,0.72,14.08,4.2,LANE_A,20000.0,-22.0,83.2,CRUISE_LOITER,LADAKH,0,1.0
1788499391.217,5117.2,2105.9,72.0,90.8,93.6,90.8,92.8,782.5,786.3,784.4,787.3,4.7,69.5,12.8,3.0,45.1,0.7,14.11,4.1,LANE_A,20000.0,-22.0,83.3,CRUISE_LOITER,LADAKH,0,1.0
1788499392.214,5114.8,2104.9,72.0,91.1,93.8,90.6,93.1,782.1,788.3,785.0,786.8,4.69,69.5,12.9,3.0,45.2,0.71,14.07,4.0,LANE_A,20000.0,-22.0,83.3,CRUISE_LOITER,LADAKH,0,1.0
1788499392.86,5109.2,2102.6,72.0,91.0,93.4,90.4,92.8,782.8,786.2,783.1,787.8,4.74,69.5,12.9,3.0,45.1,0.73,14.14,4.1,LANE_A,20000.0,-22.0,83.3,CRUISE_LOITER,LADAKH,0,1.0
1788499393.536,5144.1,2116.9,72.0,91.1,93.8,90.4,93.0,783.9,787.8,784.6,787.0,4.74,69.4,12.8,3.0,45.2,0.7,14.08,3.9,LANE_A,20000.0,-22.0,83.3,CRUISE_LOITER,LADAKH,0,1.0
1788499394.205,5136.4,2113.8,72.0,91.1,93.6,90.3,92.9,782.4,788.3,783.5,786.4,4.7,69.4,12.8,3.0,45.1,0.71,14.13,4.0,LANE_A,20000.0,-22.0,83.3,CRUISE_LOITER,LADAKH,0,1.0
1788499394.845,5145.5,2117.5,72.0,90.9,93.4,90.7,93.2,780.8,785.1,783.2,786.7,4.69,69.5,13.0,3.0,45.0,0.7,14.1,4.0,LANE_A,20000.0,-22.0,83.3,CRUISE_LOITER,LADAKH,0,1.0
1788499395.554,5111.0,2103.3,72.0,90.9,93.4,90.6,93.2,780.2,786.9,785.3,785.1,4.73,69.4,13.0,3.0,45.1,0.71,14.09,4.2,LANE_A,20000.0,-22.0,83.4,CRUISE_LOITER,LADAKH,0,1.0
1788499396.189,5128.8,2110.6,72.0,90.8,93.7,90.3,92.8,783.2,785.9,783.1,787.6,4.69,69.4,12.8,3.0,45.0,0.72,14.1,4.1,LANE_A,20000.0,-22.0,83.4,CRUISE_LOITER,LADAKH,0,1.0
1788499396.811,5110.9,2103.2,72.0,90.9,93.6,90.6,93.0,781.6,786.4,783.9,786.5,4.73,69.6,12.8,3.0,45.1,0.75,14.09,4.3,LANE_A,20000.0,-22.0,83.4,CRUISE_LOITER,LADAKH,0,1.0
1788499397.457,5131.7,2111.8,72.0,90.6,93.5,90.3,92.8,781.2,787.1,785.4,787.1,4.76,69.5,12.9,3.0,45.1,0.73,14.08,4.3,LANE_A,20000.0,-22.0,83.4,CRUISE_LOITER,LADAKH,0,1.0
1788499398.092,5116.2,2105.4,72.0,90.9,93.5,90.2,92.7,780.4,786.9,782.9,789.4,4.75,69.4,12.9,3.0,45.1,0.71,14.11,4.1,LANE_A,20000.0,-22.0,83.4,CRUISE_LOITER,LADAKH,0,1.0
1788499398.792,5109.4,2102.6,72.0,90.8,93.1,90.1,92.8,781.0,786.6,784.8,786.8,4.75,69.3,12.8,3.0,45.3,0.73,14.1,4.3,LANE_A,20000.0,-22.0,83.5,CRUISE_LOITER,LADAKH,0,1.0
1788499399.438,5132.2,2112.0,72.0,91.0,93.5,90.2,92.8,784.0,785.2,785.2,788.3,4.72,69.6,12.8,3.0,45.4,0.7,14.1,4.0,LANE_A,20000.0,-22.0,83.5,CRUISE_LOITER,LADAKH,0,1.0
1788499400.075,5146.6,2118.0,72.0,90.9,93.6,90.0,92.7,782.1,786.1,786.0,787.2,4.71,69.4,12.8,3.0,45.2,0.71,14.1,4.3,LANE_A,20000.0,-22.0,83.5,CRUISE_LOITER,LADAKH,0,1.0
1788499400.749,5126.8,2109.8,72.0,90.4,93.1,90.2,92.9,781.5,786.2,784.2,785.5,4.7,69.5,12.8,3.0,45.2,0.69,14.11,4.0,LANE_A,20000.0,-22.0,83.5,CRUISE_LOITER,LADAKH,0,1.0
1788499401.393,5112.9,2104.1,72.0,90.6,93.5,90.2,92.7,782.5,787.1,784.9,786.9,4.73,69.1,12.9,3.0,45.1,0.73,14.08,4.0,LANE_A,20000.0,-22.0,83.5,CRUISE_LOITER,LADAKH,0,1.0
1788499402.061,5128.2,2110.4,72.0,90.9,93.2,90.0,92.7,780.6,786.6,783.6,788.0,4.66,69.2,12.9,3.0,45.0,0.71,14.13,4.1,LANE_A,20000.0,-22.0,83.6,CRUISE_LOITER,LADAKH,0,1.0
1788499402.688,5124.1,2108.7,72.0,90.7,93.3,90.2,92.7,782.8,785.6,783.8,787.6,4.67,69.2,12.7,3.0,45.0,0.72,14.09,4.2,LANE_A,20000.0,-22.0,83.6,CRUISE_LOITER,LADAKH,0,1.0
1788499403.326,5125.1,2109.1,72.0,90.7,93.3,90.0,92.7,781.9,787.7,783.7,788.0,4.69,69.5,12.8,3.0,45.1,0.73,14.1,4.0,LANE_A,20000.0,-22.0,83.6,CRUISE_LOITER,LADAKH,0,1.0
1788499403.966,5111.0,2103.3,72.0,90.6,93.1,89.9,92.8,781.3,787.7,783.7,787.3,4.72,69.3,12.8,3.0,44.9,0.71,14.11,4.1,LANE_A,20000.0,-22.0,83.6,CRUISE_LOITER,LADAKH,0,1.0
1788499404.608,5124.1,2108.7,72.0,90.7,92.8,90.2,92.7,781.8,788.9,781.5,787.2,4.79,69.4,12.7,3.0,45.1,0.71,14.07,4.0,LANE_A,20000.0,-22.0,83.7,CRUISE_LOITER,LADAKH,0,1.0
1788499405.266,5138.1,2114.4,72.0,90.6,92.8,90.3,92.7,783.3,786.3,783.5,786.8,4.73,69.2,12.9,3.0,45.1,0.69,14.14,4.0,LANE_A,20000.0,-22.0,83.7,CRUISE_LOITER,LADAKH,0,1.0
1788499405.928,5117.0,2105.8,72.0,90.7,93.1,89.9,92.5,781.0,789.9,783.9,787.3,4.73,69.0,12.8,3.0,44.8,0.72,14.07,4.0,LANE_A,20000.0,-22.0,83.7,CRUISE_LOITER,LADAKH,0,1.0
1788499406.548,5124.8,2109.0,72.0,90.7,93.4,90.4,92.3,780.8,787.9,783.9,786.8,4.72,69.2,12.6,3.0,45.0,0.7,14.06,4.1,LANE_A,20000.0,-22.0,83.7,CRUISE_LOITER,LADAKH,0,1.0
1788499407.188,5129.8,2111.0,72.0,90.6,93.1,89.7,92.7,781.0,785.0,782.8,786.4,4.72,69.2,13.0,3.0,44.9,0.72,14.1,4.0,LANE_A,20000.0,-22.0,83.8,CRUISE_LOITER,LADAKH,0,1.0
1788499407.796,5123.8,2108.6,72.0,90.5,93.1,90.1,92.5,781.4,785.8,784.1,787.6,4.76,69.2,12.7,3.0,44.8,0.7,14.09,4.1,LANE_A,20000.0,-22.0,83.8,CRUISE_LOITER,LADAKH,0,1.0
1788499408.444,5136.4,2113.7,72.0,90.1,93.1,89.8,92.2,781.1,786.9,783.6,786.2,4.68,69.0,12.7,3.0,44.9,0.69,14.09,4.2,LANE_A,20000.0,-22.0,83.8,CRUISE_LOITER,LADAKH,0,1.0
1788499409.087,5107.0,2101.6,72.0,90.7,93.2,90.2,92.7,781.0,787.6,785.0,787.5,4.72,69.2,12.7,3.0,44.9,0.71,14.11,4.0,LANE_A,20000.0,-22.0,83.8,CRUISE_LOITER,LADAKH,0,1.0
1788499409.725,5108.0,2102.0,72.0,90.3,92.7,90.0,92.1,780.0,788.0,785.9,787.0,4.74,68.8,12.8,3.0,45.0,0.72,14.09,4.1,LANE_A,20000.0,-22.0,83.9,CRUISE_LOITER,LADAKH,0,1.0
1788499410.37,5099.0,2098.4,72.0,90.3,92.6,89.5,92.6,784.1,788.3,784.4,787.6,4.71,69.0,12.8,3.0,44.8,0.72,14.11,4.1,LANE_A,20000.0,-22.0,83.9,CRUISE_LOITER,LADAKH,0,1.0
1788499411.005,5116.9,2105.7,72.0,90.5,93.0,90.1,92.3,780.5,784.6,785.1,785.7,4.68,69.1,12.9,3.0,44.9,0.71,14.1,4.1,LANE_A,20000.0,-22.0,83.9,CRUISE_LOITER,LADAKH,0,1.0
1788499411.658,5132.2,2112.0,72.0,90.5,92.8,90.0,92.5,780.9,788.0,783.2,787.2,4.71,69.0,12.8,3.0,45.0,0.72,14.1,4.1,LANE_A,20000.0,-22.0,84.0,CRUISE_LOITER,LADAKH,0,1.0
1788499412.307,5107.8,2102.0,72.0,90.3,93.2,90.1,92.4,780.1,787.3,783.3,787.9,4.68,69.2,12.9,3.0,44.8,0.72,14.13,4.1,LANE_A,20000.0,-22.0,84.0,CRUISE_LOITER,LADAKH,0,1.0
1788499412.927,5139.0,2114.8,72.0,90.2,92.9,89.8,92.6,782.4,787.8,783.9,784.9,4.68,69.0,12.9,3.0,45.1,0.74,14.12,3.9,LANE_A,20000.0,-22.0,84.0,CRUISE_LOITER,LADAKH,0,1.0
1788499413.555,5122.7,2108.1,72.0,90.4,92.8,90.0,92.3,782.1,786.0,784.2,785.3,4.75,69.0,12.7,3.0,44.7,0.73,14.11,4.2,LANE_A,20000.0,-22.0,84.0,CRUISE_LOITER,LADAKH,0,1.0
1788499414.209,5106.2,2101.3,72.0,90.7,92.7,89.8,92.0,782.5,788.1,784.6,788.6,4.73,69.0,12.8,3.0,44.6,0.74,14.13,4.1,LANE_A,20000.0,-22.0,84.1,CRUISE_LOITER,LADAKH,0,1.0
1788499414.822,5151.1,2119.8,72.0,90.1,92.8,89.5,92.1,780.9,787.6,784.7,788.8,4.73,69.0,12.8,3.0,44.8,0.7,14.12,4.0,LANE_A,20000.0,-22.0,84.1,CRUISE_LOITER,LADAKH,0,1.0
1788499415.534,5108.8,2102.4,72.0,90.5,92.5,89.6,92.1,781.9,787.2,786.2,787.1,4.69,68.7,12.9,3.0,44.9,0.73,14.1,4.1,LANE_A,20000.0,-22.0,84.1,CRUISE_LOITER,LADAKH,0,1.0
1788499416.205,5114.8,2104.9,72.0,90.0,92.8,89.6,92.1,781.3,786.7,785.4,785.3,4.73,68.9,12.9,3.0,44.6,0.69,14.11,4.0,LANE_A,20000.0,-22.0,84.2,CRUISE_LOITER,LADAKH,0,1.0
1788499416.849,5136.4,2113.8,72.0,90.0,92.7,89.6,92.1,783.0,789.7,782.4,785.2,4.73,68.8,12.9,3.0,44.6,0.73,14.14,4.2,LANE_A,20000.0,-22.0,84.2,CRUISE_LOITER,LADAKH,0,1.0
1788499417.505,5122.5,2108.0,72.0,90.6,92.5,89.6,92.2,779.8,788.7,783.7,787.4,4.7,69.0,12.9,3.0,44.9,0.74,14.05,4.0,LANE_A,20000.0,-22.0,84.2,CRUISE_LOITER,LADAKH,0,1.0
1788499418.157,5117.8,2106.1,72.0,90.0,92.7,89.5,92.2,783.6,784.5,783.5,786.4,4.71,69.1,12.8,3.0,44.5,0.73,14.09,3.9,LANE_A,20000.0,-22.0,84.3,CRUISE_LOITER,LADAKH,0,1.0
1788499418.811,5127.3,2110.0,72.0,90.2,92.6,89.3,92.0,781.6,786.7,783.5,788.1,4.69,68.6,12.8,3.0,44.9,0.73,14.09,4.1,LANE_A,20000.0,-22.0,84.3,CRUISE_LOITER,LADAKH,0,1.0
1788499419.441,5134.0,2112.8,72.0,90.2,92.8,89.8,92.1,781.7,786.8,782.4,785.9,4.72,68.5,12.8,3.0,44.7,0.72,14.1,4.0,LANE_A,20000.0,-22.0,84.3,CRUISE_LOITER,LADAKH,0,1.0
1788499420.079,5140.7,2115.5,72.0,89.9,92.2,89.5,92.0,784.9,788.4,784.0,785.5,4.73,68.7,12.8,3.0,44.8,0.73,14.07,3.8,LANE_A,20000.0,-22.0,84.4,CRUISE_LOITER,LADAKH,0,1.0
1788499420.71,5115.6,2105.2,72.0,90.1,92.6,89.3,92.1,781.2,786.1,785.2,785.1,4.71,68.8,12.7,3.0,44.7,0.7,14.13,4.1,LANE_A,20000.0,-22.0,84.4,CRUISE_LOITER,LADAKH,0,1.0
1788499421.366,5130.8,2111.5,72.0,90.1,92.4,89.7,91.9,780.5,786.5,782.7,787.8,4.69,68.5,12.9,3.0,44.9,0.7,14.1,4.0,LANE_A,20000.0,-22.0,84.4,CRUISE_LOITER,LADAKH,0,1.0
1788499421.998,5116.8,2105.7,72.0,90.0,92.3,89.5,91.8,781.0,787.1,783.9,789.3,4.71,68.7,12.6,3.0,44.8,0.74,14.08,4.2,LANE_A,20000.0,-22.0,84.5,CRUISE_LOITER,LADAKH,0,1.0
1788499422.645,5127.9,2110.3,72.0,89.7,92.8,89.2,92.3,782.0,787.9,785.0,785.0,4.75,68.7,12.7,3.0,44.8,0.71,14.11,4.1,LANE_A,20000.0,-22.0,84.5,CRUISE_LOITER,LADAKH,0,1.0
1788499423.324,5134.7,2113.0,72.0,90.0,92.9,89.5,91.6,783.2,787.3,783.4,786.6,4.73,68.8,12.7,3.0,44.6,0.69,14.1,3.9,LANE_A,20000.0,-22.0,84.5,CRUISE_LOITER,LADAKH,1,0.99
1788499423.964,5137.0,2114.0,72.0,89.8,96.3,89.5,92.6,783.8,789.6,784.7,785.4,4.77,69.5,12.8,3.0,44.7,0.71,14.1,4.1,LANE_A,20000.0,-22.0,84.6,CRUISE_LOITER,LADAKH,1,0.93
1788499424.603,5126.8,2109.8,72.0,89.7,99.5,89.4,92.3,782.3,792.1,784.2,788.0,4.76,70.3,12.7,3.0,44.7,0.74,14.12,4.0,LANE_A,20000.0,-22.0,84.6,CRUISE_LOITER,LADAKH,1,0.87
1788499425.245,5136.5,2113.8,72.0,89.8,102.6,89.1,92.9,781.0,791.4,784.3,785.8,4.72,71.4,12.8,3.0,44.5,0.71,14.11,4.1,LANE_A,20000.0,-22.0,84.7,CRUISE_LOITER,LADAKH,1,0.81
1788499425.926,5135.3,2113.3,72.0,89.9,106.3,89.2,93.2,783.6,795.5,783.7,788.3,4.75,71.9,12.7,3.0,44.7,0.69,14.1,4.1,LANE_A,20000.0,-22.0,84.7,CRUISE_LOITER,LADAKH,1,0.74
1788499426.547,5130.7,2111.4,72.0,89.7,109.2,89.1,93.3,781.7,796.8,784.7,787.3,4.76,72.9,12.8,3.0,44.5,0.75,14.1,4.2,LANE_A,20000.0,-22.0,84.7,CRUISE_LOITER,LADAKH,1,0.68
1788499427.208,5136.8,2113.9,72.0,90.0,92.4,89.0,91.9,782.5,785.4,781.5,787.0,4.8,68.3,12.6,3.0,44.5,0.72,14.11,4.0,LANE_A,20000.0,-22.0,84.8,CRUISE_LOITER,LADAKH,2,1.0
1788499427.863,5128.0,2110.3,72.0,91.3,92.2,89.4,92.0,791.2,786.8,784.1,787.6,4.73,68.4,12.5,3.0,44.6,0.78,14.1,3.9,LANE_A,20000.0,-22.0,84.8,CRUISE_LOITER,LADAKH,2,0.95
1788499428.514,5094.6,2096.5,72.0,92.5,92.2,89.3,91.6,796.0,788.0,783.7,786.3,4.73,68.3,12.1,3.0,44.4,0.79,14.07,3.9,LANE_A,20000.0,-22.0,84.8,CRUISE_LOITER,LADAKH,2,0.9
1788499429.152,5108.2,2102.1,72.0,93.7,92.3,89.2,91.4,805.0,788.5,782.2,786.8,4.73,68.3,12.0,3.0,44.7,0.86,14.1,4.2,LANE_A,20000.0,-22.0,84.9,CRUISE_LOITER,LADAKH,2,0.85
1788499429.804,5114.3,2104.7,72.0,95.7,91.9,88.8,92.0,812.1,786.9,782.4,787.5,4.75,68.6,11.9,3.0,44.4,0.91,14.08,4.1,LANE_A,20000.0,-22.0,84.9,CRUISE_LOITER,LADAKH,2,0.8
1788499430.421,5110.8,2103.2,72.0,96.6,92.0,89.4,91.7,819.8,787.7,783.0,787.0,4.74,68.2,11.5,3.0,44.5,0.95,14.13,3.9,LANE_A,20000.0,-22.0,85.0,CRUISE_LOITER,LADAKH,2,0.75
1788499431.022,5106.0,2101.2,72.0,97.9,92.3,89.3,91.7,829.0,786.6,784.1,786.8,4.73,68.4,11.3,3.0,44.4,1.0,14.08,4.1,LANE_A,20000.0,-22.0,85.0,CRUISE_LOITER,LADAKH,2,0.7
1788499431.667,5084.7,2092.5,72.0,99.0,92.1,89.2,91.4,835.5,785.1,783.0,786.7,4.7,68.4,11.0,3.0,44.3,1.02,14.08,4.0,LANE_A,20000.0,-22.0,85.0,CRUISE_LOITER,LADAKH,2,0.65
1788499432.383,5069.8,2086.3,72.0,100.2,91.8,89.3,91.4,843.9,787.4,783.2,789.3,4.73,68.3,10.9,3.0,44.5,1.11,14.12,4.1,LANE_A,20000.0,-22.0,85.1,CRUISE_LOITER,LADAKH,2,0.6
1788499433.033,5092.9,2095.8,72.0,101.4,92.1,88.8,91.6,851.5,788.0,783.8,787.0,4.73,68.2,10.6,3.0,44.4,1.13,14.08,4.2,LANE_A,20000.0,-22.0,85.1,CRUISE_LOITER,LADAKH,2,0.55
1788499433.719,5051.1,2078.6,72.0,102.9,91.9,89.1,91.4,857.9,787.1,783.6,785.5,4.78,68.3,10.3,3.0,44.4,1.18,14.06,3.9,LANE_A,20000.0,-22.0,85.2,CRUISE_LOITER,LADAKH,2,0.5
1788499434.359,5053.5,2079.6,72.0,104.3,92.0,88.7,91.4,867.4,785.4,781.7,787.5,4.75,68.0,10.1,3.0,44.5,1.24,14.09,4.1,LANE_A,20000.0,-22.0,85.2,CRUISE_LOITER,LADAKH,2,0.45
1788499435.002,5062.4,2083.3,72.0,105.3,92.1,89.2,91.5,874.0,787.3,783.6,786.2,4.74,68.2,9.9,3.0,44.5,1.27,14.12,4.2,LANE_A,20000.0,-22.0,85.2,CRUISE_LOITER,LADAKH,2,0.4
1788499435.683,5087.5,2093.6,72.0,105.0,91.9,88.5,91.2,871.8,785.9,784.1,788.2,4.75,68.1,9.8,3.0,44.5,1.29,14.14,4.0,LANE_A,20000.0,-22.0,85.3,CRUISE_LOITER,LADAKH,2,0.4
1788499436.33,5049.1,2077.8,72.0,105.4,92.1,89.0,91.4,872.8,785.1,787.2,783.9,4.74,68.2,9.9,3.0,44.6,1.28,14.09,4.1,LANE_A,20000.0,-22.0,85.3,CRUISE_LOITER,LADAKH,2,0.4
1788499436.98,5060.9,2082.7,72.0,105.5,92.0,88.6,91.1,872.5,785.5,783.3,786.7,4.75,68.1,9.9,3.0,44.6,1.29,14.1,4.0,LANE_A,20000.0,-22.0,85.4,CRUISE_LOITER,LADAKH,2,0.4
1788499437.651,5052.5,2079.2,72.0,105.7,92.0,88.9,91.3,872.4,788.3,783.2,786.3,4.72,68.0,9.9,3.0,44.3,1.28,14.11,4.0,LANE_A,20000.0,-22.0,85.4,CRUISE_LOITER,LADAKH,2,0.4
1788499438.314,5045.9,2076.5,72.0,105.3,91.7,88.7,91.4,872.4,785.8,782.1,787.2,4.7,68.0,9.8,3.0,44.3,1.29,14.11,4.1,LANE_A,20000.0,-22.0,85.5,CRUISE_LOITER,LADAKH,2,0.4
1788499438.999,5077.0,2089.3,72.0,105.1,91.8,88.8,91.3,873.3,787.5,784.1,785.4,4.8,68.2,10.0,3.0,44.4,1.26,14.11,4.0,LANE_A,20000.0,-22.0,85.5,CRUISE_LOITER,LADAKH,2,0.4
1788499439.634,5037.2,2072.9,72.0,105.0,91.5,89.1,91.5,872.1,787.0,784.8,784.9,4.76,68.0,9.9,3.0,44.4,1.27,14.13,4.2,LANE_A,20000.0,-22.0,85.5,CRUISE_LOITER,LADAKH,2,0.4
1788499440.292,5052.5,2079.2,72.0,105.4,91.6,88.7,91.3,873.2,786.0,783.0,787.9,4.74,68.1,9.9,3.0,44.4,1.28,14.08,4.2,LANE_A,20000.0,-22.0,85.6,CRUISE_LOITER,LADAKH,2,0.4
1788499440.918,5039.4,2073.8,72.0,105.3,91.9,89.0,90.8,874.2,786.1,780.3,785.3,4.74,68.0,9.8,3.0,44.2,1.27,14.14,4.2,LANE_A,20000.0,-22.0,85.6,CRUISE_LOITER,LADAKH,2,0.4
1788499441.567,5035.3,2072.1,72.0,105.2,91.5,88.6,91.4,873.4,785.1,784.0,784.6,4.76,68.0,9.9,3.0,44.4,1.27,14.05,4.1,LANE_A,20000.0,-22.0,85.7,CRUISE_LOITER,LADAKH,2,0.4
1788499442.227,5040.0,2074.1,72.0,105.3,91.6,89.0,91.0,872.4,786.4,784.4,783.9,4.75,68.0,9.8,3.0,44.5,1.28,14.09,3.8,LANE_A,20000.0,-22.0,85.7,CRUISE_LOITER,LADAKH,2,0.4
1788499442.879,5067.9,2085.6,72.0,105.0,91.7,88.8,90.8,872.8,785.0,784.1,784.5,4.76,67.5,10.0,3.0,44.5,1.27,14.11,4.0,LANE_A,20000.0,-22.0,85.8,CRUISE_LOITER,LADAKH,2,0.4
1788499443.508,5036.7,2072.7,72.0,105.2,91.4,88.6,91.1,873.2,785.0,783.8,784.0,4.77,67.7,9.8,3.0,44.3,1.27,14.09,4.0,LANE_A,20000.0,-22.0,85.8,CRUISE_LOITER,LADAKH,2,0.4
1788499444.143,5070.4,2086.6,72.0,105.1,91.5,88.8,91.2,871.4,786.1,783.6,784.5,4.78,67.8,9.8,3.0,44.3,1.27,14.12,4.1,LANE_A,20000.0,-22.0,85.9,CRUISE_LOITER,LADAKH,2,0.4
1788499444.771,5024.6,2067.7,72.0,104.9,91.4,88.5,90.9,873.2,786.0,782.8,786.9,4.71,67.9,9.8,3.0,44.1,1.29,14.08,4.0,LANE_A,20000.0,-22.0,85.9,CRUISE_LOITER,LADAKH,2,0.4
1788499445.433,5053.2,2079.5,72.0,105.1,91.6,88.5,91.0,874.1,786.1,784.0,786.5,4.75,67.6,9.8,3.0,44.4,1.25,14.08,4.0,LANE_A,20000.0,-22.0,85.9,CRUISE_LOITER,LADAKH,2,0.4
1788499446.066,5058.7,2081.8,72.0,105.0,91.3,88.6,91.5,875.5,785.5,784.8,786.9,4.7,67.6,9.8,3.0,44.4,1.24,14.1,3.9,LANE_A,20000.0,-22.0,86.0,CRUISE_LOITER,LADAKH,2,0.4
1788499446.686,5060.8,2082.6,72.0,104.8,91.6,88.7,91.1,874.9,787.1,781.5,786.9,4.79,67.8,9.8,3.0,44.2,1.27,14.12,4.2,LANE_A,20000.0,-22.0,86.0,CRUISE_LOITER,LADAKH,2,0.4
1788499447.36,5085.3,2092.7,72.0,105.0,91.0,88.2,91.2,871.6,788.2,783.3,785.0,4.72,67.8,9.8,3.0,44.2,1.3,14.09,4.0,LANE_A,20000.0,-22.0,86.1,CRUISE_LOITER,LADAKH,2,0.4
1788499447.987,5062.9,2083.5,72.0,105.0,91.3,88.6,90.7,871.7,787.8,781.6,786.9,4.77,67.7,9.9,3.0,44.4,1.29,14.09,4.2,LANE_A,20000.0,-22.0,86.1,CRUISE_LOITER,LADAKH,2,0.4
1788499448.633,5078.4,2089.9,72.0,104.8,91.6,88.2,91.0,870.4,784.4,783.2,786.2,4.73,67.3,9.9,3.0,44.0,1.28,14.1,4.0,LANE_A,20000.0,-22.0,86.2,CRUISE_LOITER,LADAKH,2,0.4
1788499449.267,5065.6,2084.6,72.0,105.0,91.2,88.1,90.7,874.0,786.1,779.7,787.9,4.73,67.9,9.9,3.0,44.0,1.27,14.1,4.0,LANE_A,20000.0,-22.0,86.2,CRUISE_LOITER,LADAKH,2,0.4
1788499449.9,5062.0,2083.1,72.0,104.7,91.4,88.4,90.7,870.9,787.1,783.5,786.9,4.72,67.3,9.8,3.0,44.3,1.27,14.1,4.1,LANE_A,20000.0,-22.0,86.3,CRUISE_LOITER,LADAKH,2,0.4
1788499450.564,5059.9,2082.3,72.0,104.8,91.3,88.3,90.8,874.1,786.0,782.9,787.5,4.74,67.5,9.9,3.0,44.1,1.26,14.12,4.1,LANE_A,20000.0,-22.0,86.3,CRUISE_LOITER,LADAKH,2,0.4
1788499451.193,5030.6,2070.2,72.0,104.6,91.3,88.1,90.8,872.0,785.6,782.3,785.6,4.78,67.8,10.0,3.0,44.3,1.27,14.07,4.0,LANE_A,20000.0,-22.0,86.4,CRUISE_LOITER,LADAKH,2,0.4
1788499451.843,5000.8,2057.9,72.0,104.7,91.6,88.3,90.3,872.6,787.0,784.4,787.6,4.73,67.6,9.9,3.0,44.2,1.28,14.11,4.1,LANE_A,20000.0,-22.0,86.4,CRUISE_LOITER,LADAKH,2,0.4
1788499452.479,5078.7,2090.0,72.0,104.5,91.3,88.0,90.6,873.6,785.5,783.6,789.4,4.77,67.4,9.8,3.0,44.1,1.28,14.05,4.1,LANE_A,20000.0,-22.0,86.5,CRUISE_LOITER,LADAKH,2,0.4
1788499453.086,5027.0,2068.7,72.0,104.9,91.2,88.4,90.5,872.6,786.9,781.1,785.6,4.74,67.3,9.8,3.0,44.0,1.26,14.11,3.9,LANE_A,20000.0,-22.0,86.5,CRUISE_LOITER,LADAKH,2,0.4
1788499453.686,5054.5,2080.0,72.0,104.6,91.2,88.1,90.4,874.3,786.5,785.7,786.0,4.78,67.5,9.8,3.0,44.0,1.29,14.07,4.1,LANE_A,20000.0,-22.0,86.6,CRUISE_LOITER,LADAKH,2,0.4
1788499454.279,5051.9,2079.0,72.0,104.4,91.5,88.1,90.9,872.3,783.9,782.9,786.7,4.7,67.4,9.8,3.0,43.9,1.26,14.09,4.0,LANE_A,20000.0,-22.0,86.6,CRUISE_LOITER,LADAKH,2,0.4
1788499454.901,5048.8,2077.7,72.0,104.8,91.1,88.2,90.5,873.8,786.1,782.6,782.8,4.74,67.2,9.9,3.0,43.9,1.27,14.09,4.0,LANE_A,20000.0,-22.0,86.7,CRUISE_LOITER,LADAKH,2,0.4
1788499455.574,5047.0,2077.0,72.0,104.2,91.4,88.0,90.2,873.6,786.5,782.2,787.7,4.77,67.2,9.9,3.0,44.0,1.27,14.07,4.0,LANE_A,20000.0,-22.0,86.7,CRUISE_LOITER,LADAKH,2,0.4
1788499456.199,5050.5,2078.4,72.0,104.4,91.0,87.8,90.6,874.8,785.6,783.5,787.6,4.77,67.2,9.9,3.0,44.2,1.26,14.08,4.1,LANE_A,20000.0,-22.0,86.7,CRUISE_LOITER,LADAKH,2,0.4
1788499456.87,5058.8,2081.8,72.0,104.5,91.2,88.0,90.5,871.2,787.0,782.8,785.0,4.75,67.4,9.9,3.0,44.2,1.28,14.09,4.1,LANE_A,20000.0,-22.0,86.8,CRUISE_LOITER,LADAKH,2,0.4
1788499457.503,5056.9,2081.0,72.0,104.2,90.8,88.0,90.2,874.8,785.7,781.1,784.5,4.77,67.2,9.8,3.0,44.2,1.25,14.11,4.1,LANE_A,20000.0,-22.0,86.8,CRUISE_LOITER,LADAKH,2,0.4
1788499458.141,5054.9,2080.2,72.0,104.7,91.0,87.7,90.2,873.4,786.8,782.4,785.9,4.73,67.4,9.9,3.0,44.0,1.25,14.09,4.0,LANE_A,20000.0,-22.0,86.9,CRUISE_LOITER,LADAKH,2,0.4
1788499458.754,5049.9,2078.1,72.0,104.5,91.1,87.9,90.3,872.7,783.8,784.3,785.1,4.75,67.1,9.9,3.0,44.0,1.28,14.11,4.1,LANE_A,20000.0,-22.0,86.9,CRUISE_LOITER,LADAKH,2,0.4
1788499459.429,5059.5,2082.1,72.0,104.4,90.8,87.7,90.5,874.2,787.1,783.4,786.5,4.76,67.1,9.8,3.0,44.1,1.26,14.07,4.3,LANE_A,20000.0,-22.0,87.0,CRUISE_LOITER,LADAKH,2,0.4
1788499460.041,5046.4,2076.7,72.0,104.6,90.9,87.8,90.6,872.8,785.2,782.8,785.1,4.76,66.8,9.9,3.0,44.1,1.26,14.08,4.1,LANE_A,20000.0,-22.0,87.0,CRUISE_LOITER,LADAKH,2,0.4
1788499460.668,5081.2,2091.0,72.0,104.5,90.9,87.8,90.5,873.8,786.1,783.7,786.5,4.77,66.9,9.9,3.0,43.9,1.26,14.11,4.0,LANE_A,20000.0,-22.0,87.1,CRUISE_LOITER,LADAKH,2,0.4
1788499461.31,5068.1,2085.6,72.0,104.5,90.7,88.4,90.4,873.5,785.8,782.9,783.3,4.78,67.3,9.8,3.0,44.0,1.26,14.08,4.1,LANE_A,20000.0,-22.0,87.1,CRUISE_LOITER,LADAKH,2,0.4
1788499461.947,5055.8,2080.6,72.0,104.1,90.8,87.8,90.5,873.3,783.7,783.0,786.3,4.79,67.0,9.7,3.0,43.9,1.27,14.09,4.0,LANE_A,20000.0,-22.0,87.2,CRUISE_LOITER,LADAKH,2,0.4
1788499462.617,5056.8,2081.0,72.0,104.4,90.7,87.6,90.0,872.5,785.6,784.0,785.0,4.78,66.8,9.9,3.0,43.8,1.25,14.1,4.3,LANE_A,20000.0,-22.0,87.2,CRUISE_LOITER,LADAKH,2,0.4
1788499463.351,5073.0,2087.7,72.0,104.2,91.0,87.9,90.4,873.3,786.0,783.6,787.9,4.8,66.9,9.7,3.0,43.8,1.25,14.11,4.1,LANE_A,20000.0,-22.0,87.3,CRUISE_LOITER,LADAKH,2,0.4
1788499464.081,5070.7,2086.7,72.0,104.2,90.8,87.8,90.0,871.1,785.2,785.4,784.8,4.81,67.0,9.9,3.0,44.0,1.28,14.08,3.9,LANE_A,20000.0,-22.0,87.3,CRUISE_LOITER,LADAKH,2,0.4
1788499464.802,5046.7,2076.8,72.0,104.1,90.5,87.7,90.3,872.5,786.0,783.8,785.9,4.74,66.9,9.9,3.0,43.8,1.29,14.14,4.2,LANE_A,20000.0,-22.0,87.4,CRUISE_LOITER,LADAKH,2,0.4
1788499465.522,5061.2,2082.8,72.0,104.2,90.5,87.8,90.2,872.0,787.1,783.1,785.8,4.81,67.2,9.7,3.0,43.9,1.26,14.13,4.2,LANE_A,20000.0,-22.0,87.4,CRUISE_LOITER,LADAKH,2,0.4
1788499466.234,5048.7,2077.7,72.0,104.5,90.3,87.8,89.9,873.9,787.5,782.1,785.9,4.72,67.0,9.8,3.0,43.8,1.26,14.11,4.2,LANE_A,20000.0,-22.0,87.5,CRUISE_LOITER,LADAKH,2,0.4
1788499466.961,5064.5,2084.2,72.0,104.0,90.3,87.4,90.1,874.8,786.6,782.1,787.0,4.78,66.8,9.8,3.0,44.0,1.26,14.08,4.2,LANE_A,20000.0,-22.0,87.5,CRUISE_LOITER,LADAKH,2,0.4
1788499467.671,5065.2,2084.4,72.0,104.0,90.2,87.6,90.2,873.7,785.9,782.0,786.0,4.8,66.6,9.8,3.0,43.9,1.26,14.13,4.2,LANE_A,20000.0,-22.0,87.6,CRUISE_LOITER,LADAKH,2,0.4
1788499468.372,5087.5,2093.6,72.0,104.1,90.7,87.6,90.2,871.2,786.3,783.4,786.5,4.83,66.7,9.8,3.0,44.0,1.26,14.09,4.1,LANE_A,20000.0,-22.0,87.6,CRUISE_LOITER,LADAKH,2,0.4
1788499469.099,5062.8,2083.5,72.0,104.0,90.4,88.0,90.1,873.0,784.5,782.4,785.7,4.79,66.7,9.7,3.0,43.7,1.26,14.1,4.1,LANE_A,20000.0,-22.0,87.7,CRUISE_LOITER,LADAKH,2,0.4
1788499469.809,5078.8,2090.0,72.0,104.0,90.5,87.5,90.0,873.1,786.5,782.7,784.2,4.79,66.7,9.8,3.0,43.7,1.25,14.13,4.0,LANE_A,20000.0,-22.0,87.7,CRUISE_LOITER,LADAKH,2,0.4
1788499470.614,5036.7,2072.7,72.0,104.1,90.3,87.4,89.8,872.5,785.1,783.2,785.2,4.8,66.5,9.9,3.0,43.6,1.25,14.11,4.0,LANE_A,20000.0,-22.0,87.8,CRUISE_LOITER,LADAKH,2,0.4
1788499471.278,5023.6,2067.3,72.0,104.1,90.3,87.3,90.0,873.3,784.4,782.1,786.3,4.74,66.9,9.8,3.0,43.6,1.28,14.12,4.0,LANE_A,20000.0,-22.0,87.8,CRUISE_LOITER,LADAKH,2,0.4
1788499471.946,5097.5,2097.7,72.0,103.7,90.2,87.4,89.8,874.0,785.9,782.6,783.1,4.79,66.7,9.8,3.0,43.9,1.27,14.06,4.2,LANE_A,20000.0,-22.0,87.9,CRUISE_LOITER,LADAKH,2,0.4
1788499472.598,5072.6,2087.5,72.0,103.8,90.3,87.5,89.9,874.3,785.0,785.3,786.6,4.75,66.5,9.8,3.0,43.6,1.28,14.09,4.0,LANE_A,20000.0,-22.0,87.9,CRUISE_LOITER,LADAKH,2,0.4
1788499473.262,5072.5,2087.4,72.0,103.9,90.3,87.3,89.9,871.6,785.1,781.4,785.5,4.75,66.9,9.8,3.0,43.7,1.27,14.07,4.1,LANE_A,20000.0,-22.0,88.0,CRUISE_LOITER,LADAKH,2,0.4
1788499473.897,5061.1,2082.8,72.0,103.7,90.2,87.4,89.7,875.8,784.8,783.5,786.2,4.77,66.5,9.9,3.0,43.8,1.25,14.12,4.1,LANE_A,20000.0,-22.0,88.0,CRUISE_LOITER,LADAKH,2,0.4
1788499474.604,5087.8,2093.7,72.0,103.8,90.0,87.2,90.0,874.1,786.2,783.2,786.4,4.75,66.5,9.8,3.0,43.6,1.26,14.08,4.1,LANE_A,20000.0,-22.0,88.1,CRUISE_LOITER,LADAKH,2,0.4
1788499475.233,5077.3,2089.4,72.0,103.6,90.0,87.4,89.7,873.8,785.9,782.0,787.7,4.77,66.6,9.8,3.0,43.7,1.26,14.08,4.0,LANE_A,20000.0,-22.0,88.1,CRUISE_LOITER,LADAKH,2,0.4
1788499475.94,5046.7,2076.8,72.0,103.4,90.0,87.3,89.8,872.9,786.9,781.4,786.5,4.73,66.5,9.7,3.0,43.8,1.3,14.07,4.1,LANE_A,20000.0,-22.0,88.2,CRUISE_LOITER,LADAKH,2,0.4
1788499476.594,5077.2,2089.4,72.0,103.3,90.2,87.0,89.8,872.0,785.3,780.6,786.7,4.75,66.5,9.8,3.0,43.8,1.26,14.11,4.1,LANE_A,20000.0,-22.0,88.2,CRUISE_LOITER,LADAKH,2,0.4
1788499477.286,5091.1,2095.1,72.0,103.9,90.1,87.0,89.6,873.1,786.3,782.1,784.7,4.79,66.7,9.8,3.0,43.7,1.28,14.1,4.1,LANE_A,20000.0,-22.0,88.3,CRUISE_LOITER,LADAKH,2,0.4
1788499478.018,5068.2,2085.7,72.0,103.9,89.9,86.9,89.4,873.5,788.4,781.9,785.4,4.76,66.6,9.8,3.0,43.6,1.28,14.11,4.0,LANE_A,20000.0,-22.0,88.3,CRUISE_LOITER,LADAKH,2,0.4
1788499478.789,5052.3,2079.1,72.0,103.4,90.4,86.8,89.6,873.8,785.4,783.2,784.8,4.8,66.4,9.7,3.0,43.6,1.27,14.08,4.1,LANE_A,20000.0,-22.0,88.4,CRUISE_LOITER,LADAKH,2,0.4
1788499479.553,5075.9,2088.8,72.0,103.5,90.2,86.8,89.4,872.6,784.2,784.0,786.1,4.78,66.8,9.8,3.0,43.7,1.24,14.15,4.0,LANE_A,20000.0,-22.0,88.4,CRUISE_LOITER,LADAKH,2,0.4
1788499480.271,5056.9,2081.0,72.0,103.3,90.0,87.1,89.8,872.2,785.8,783.7,786.3,4.77,66.3,9.7,3.0,43.6,1.28,14.11,4.1,LANE_A,20000.0,-22.0,88.5,CRUISE_LOITER,LADAKH,2,0.4
1788499481.009,5068.7,2085.9,72.0,103.5,89.9,87.2,89.2,872.2,785.1,784.5,786.0,4.81,66.6,9.8,3.0,43.5,1.26,14.1,4.2,LANE_A,20000.0,-22.0,88.5,CRUISE_LOITER,LADAKH,2,0.4
1788499481.752,5085.5,2092.8,72.0,103.3,90.0,86.8,89.2,872.3,784.3,781.6,785.0,4.7,66.4,9.9,3.0,43.6,1.28,14.1,4.0,LANE_A,20000.0,-22.0,88.6,CRUISE_LOITER,LADAKH,2,0.4
1788499482.446,5084.2,2092.3,72.0,103.3,89.8,86.8,89.5,871.2,784.3,781.2,784.9,4.8,66.3,9.8,3.0,43.5,1.26,14.11,4.0,LANE_A,20000.0,-22.0,88.6,CRUISE_LOITER,LADAKH,2,0.4
1788499483.159,5099.2,2098.4,72.0,103.5,90.2,87.0,89.0,870.8,787.4,782.7,787.2,4.77,66.5,9.7,3.0,43.5,1.3,14.11,4.0,LANE_A,20000.0,-22.0,88.7,CRUISE_LOITER,LADAKH,2,0.4
1788499483.867,5062.0,2083.1,72.0,103.6,89.6,86.7,89.4,874.5,785.9,783.0,786.3,4.77,66.3,9.9,3.0,43.4,1.28,14.1,4.0,LANE_A,20000.0,-22.0,88.7,CRUISE_LOITER,LADAKH,2,0.4
1788499484.575,5044.8,2076.0,72.0,103.3,89.9,86.8,89.6,871.7,783.9,782.8,784.9,4.79,66.2,9.8,3.0,43.5,1.27,14.07,4.1,LANE_A,20000.0,-22.0,88.8,CRUISE_LOITER,LADAKH,2,0.4
1788499485.238,5065.2,2084.4,72.0,103.4,89.7,86.8,89.6,870.7,787.1,784.0,784.5,4.81,66.2,9.8,3.0,43.7,1.25,14.09,4.0,LANE_A,20000.0,-22.0,88.8,CRUISE_LOITER,LADAKH,2,0.4
1788499485.912,5070.8,2086.7,72.0,103.3,89.7,87.0,89.7,872.5,786.7,782.2,784.6,4.82,66.2,9.7,3.0,43.5,1.24,14.12,4.0,LANE_A,20000.0,-22.0,88.9,CRUISE_LOITER,LADAKH,2,0.4
1788499486.611,5056.0,2080.7,72.0,103.2,89.6,86.6,89.3,871.9,786.5,782.8,782.8,4.77,66.4,9.9,3.0,43.5,1.26,14.08,4.1,LANE_A,20000.0,-22.0,88.9,CRUISE_LOITER,LADAKH,2,0.4
1788499487.334,5090.1,2094.7,72.0,103.1,89.6,87.0,89.2,873.8,786.3,781.9,786.0,4.79,66.1,9.7,3.0,43.5,1.28,14.08,3.9,LANE_A,20000.0,-22.0,89.0,CRUISE_LOITER,LADAKH,2,0.4
1788499488.065,5081.5,2091.2,72.0,103.2,89.8,86.8,89.0,871.0,784.3,782.5,786.4,4.83,66.1,9.6,3.0,43.6,1.28,14.08,4.0,LANE_A,20000.0,-22.0,89.0,CRUISE_LOITER,LADAKH,2,0.4
1788499488.781,5077.7,2089.6,72.0,103.3,89.8,86.7,89.2,872.1,786.0,780.8,782.8,4.86,66.0,9.7,3.0,43.6,1.29,14.12,4.1,LANE_A,20000.0,-22.0,89.1,CRUISE_LOITER,LADAKH,2,0.4
1788499489.493,5089.9,2094.6,72.0,103.2,89.8,86.5,89.1,873.6,786.8,783.4,786.5,4.78,66.1,9.8,3.0,43.4,1.27,14.11,4.0,LANE_A,20000.0,-22.0,89.1,CRUISE_LOITER,LADAKH,2,0.4
1788499490.224,5008.8,2061.2,72.0,102.9,89.7,86.6,89.2,872.2,788.3,781.3,785.7,4.81,66.0,9.8,3.0,43.4,1.27,14.1,4.2,LANE_A,20000.0,-22.0,89.2,CRUISE_LOITER,LADAKH,2,0.4
1788499490.952,5073.5,2087.9,72.0,103.2,89.8,86.9,89.2,872.8,787.2,784.4,782.8,4.83,65.8,9.6,3.0,43.5,1.28,14.07,3.8,LANE_A,20000.0,-22.0,89.2,CRUISE_LOITER,LADAKH,2,0.4
1788499491.624,5081.3,2091.1,72.0,102.7,89.5,86.8,89.2,869.6,786.4,782.0,785.1,4.76,66.0,9.7,3.0,43.5,1.26,14.13,4.0,LANE_A,20000.0,-22.0,89.3,CRUISE_LOITER,LADAKH,2,0.4
1788499492.311,5088.1,2093.9,72.0,102.8,89.5,86.5,88.8,874.7,785.1,782.6,786.1,4.72,66.0,9.7,3.0,43.3,1.28,14.09,4.1,LANE_A,20000.0,-22.0,89.3,CRUISE_LOITER,LADAKH,2,0.4
1788499493.009,5110.5,2103.1,72.0,103.0,89.6,86.7,89.1,871.7,785.2,782.3,783.4,4.83,66.0,9.7,3.0,43.1,1.25,14.08,3.9,LANE_A,20000.0,-22.0,89.4,CRUISE_LOITER,LADAKH,2,0.4
1788499493.75,5102.5,2099.8,72.0,102.9,89.7,86.2,89.0,871.5,784.7,782.5,785.2,4.79,65.8,9.8,3.0,43.5,1.27,14.09,3.9,LANE_A,20000.0,-22.0,89.4,CRUISE_LOITER,LADAKH,2,0.4
1788499494.44,5062.4,2083.3,72.0,102.8,89.5,86.3,88.8,872.3,788.5,783.0,784.6,4.76,65.7,9.7,3.0,43.4,1.27,14.12,4.0,LANE_A,20000.0,-22.0,89.5,CRUISE_LOITER,LADAKH,2,0.4
1788499495.108,5044.1,2075.8,72.0,103.0,89.6,86.5,88.9,871.6,784.2,779.3,787.5,4.79,65.8,9.7,3.0,43.2,1.28,14.11,4.2,LANE_A,20000.0,-22.0,89.5,CRUISE_LOITER,LADAKH,2,0.4
1788499495.905,5055.1,2080.3,72.0,102.7,89.4,86.1,88.8,872.3,786.3,780.1,783.8,4.74,65.6,9.6,3.0,43.1,1.28,14.09,4.1,LANE_A,20000.0,-22.0,89.6,CRUISE_LOITER,LADAKH,2,0.4
1788499496.569,5087.5,2093.6,72.0,102.9,89.3,86.4,89.3,874.5,785.6,782.1,785.4,4.76,65.5,9.7,3.0,43.4,1.28,14.11,4.1,LANE_A,20000.0,-22.0,89.6,CRUISE_LOITER,LADAKH,2,0.4
1788499497.242,5077.3,2089.4,72.0,102.9,88.9,86.2,88.6,870.1,784.2,782.6,786.1,4.84,65.6,9.7,3.0,43.3,1.28,14.06,4.0,LANE_A,20000.0,-22.0,89.7,CRUISE_LOITER,LADAKH,2,0.4
1788499497.925,5110.7,2103.2,72.0,102.8,89.5,86.1,88.8,870.8,787.5,781.6,784.8,4.8,65.8,9.9,3.0,43.4,1.29,14.09,4.0,LANE_A,20000.0,-22.0,89.7,CRUISE_LOITER,LADAKH,2,0.4
1788499498.62,5104.7,2100.7,72.0,102.8,89.2,86.2,88.5,872.4,784.7,782.1,784.1,4.83,65.7,9.7,3.0,43.4,1.27,14.11,4.1,LANE_A,20000.0,-22.0,89.7,CRUISE_LOITER,LADAKH,2,0.4
1788499499.344,5092.1,2095.5,72.0,102.7,89.3,86.3,88.8,870.2,787.4,781.8,784.7,4.79,65.8,9.8,3.0,43.2,1.3,14.1,4.0,LANE_A,20000.0,-22.0,89.8,CRUISE_LOITER,LADAKH,2,0.4
1788499500.037,5072.3,2087.4,72.0,102.9,89.0,86.6,88.8,873.3,786.1,779.4,785.3,4.79,65.7,9.8,3.0,43.2,1.28,14.12,3.9,LANE_A,20000.0,-22.0,89.8,CRUISE_LOITER,LADAKH,2,0.4
1788499500.756,5057.2,2081.2,72.0,102.5,89.0,86.2,88.7,872.5,784.3,780.8,783.8,4.84,65.3,9.7,3.0,43.2,1.26,14.09,4.1,LANE_A,20000.0,-22.0,89.9,CRUISE_LOITER,LADAKH,2,0.4
1788499501.461,5090.8,2095.0,72.0,102.5,89.3,86.3,88.8,873.0,786.1,781.6,784.6,4.8,65.4,9.7,3.0,43.2,1.28,14.11,4.1,LANE_A,20000.0,-22.0,89.9,CRUISE_LOITER,LADAKH,2,0.4
1788499502.529,5067.9,2085.6,72.0,102.7,89.3,86.2,88.4,871.8,785.0,783.2,785.4,4.82,65.7,9.7,3.0,43.1,1.27,14.11,3.9,LANE_A,20000.0,-22.0,90.0,CRUISE_LOITER,LADAKH,2,0.4
1788499503.325,5056.1,2080.7,72.0,102.6,88.8,85.9,88.8,872.9,785.3,782.7,785.8,4.8,65.7,9.8,3.0,43.4,1.25,14.14,4.1,LANE_A,20000.0,-22.0,90.0,CRUISE_LOITER,LADAKH,2,0.4
1788499504.061,5070.4,2086.6,72.0,102.8,89.1,86.0,88.5,871.6,785.8,781.6,782.3,4.82,65.6,9.7,3.0,43.3,1.27,14.1,4.0,LANE_A,20000.0,-22.0,90.1,CRUISE_LOITER,LADAKH,2,0.4
1788499504.789,5061.0,2082.7,72.0,102.4,89.1,86.0,88.4,870.8,784.6,783.5,787.0,4.71,65.4,9.7,3.0,43.3,1.28,14.11,4.1,LANE_A,20000.0,-22.0,90.1,CRUISE_LOITER,LADAKH,2,0.4
1788499505.531,5090.7,2094.9,72.0,102.3,89.1,86.1,88.3,869.3,784.3,782.6,782.4,4.74,65.2,9.7,3.0,43.2,1.28,14.1,3.9,LANE_A,20000.0,-22.0,90.2,CRUISE_LOITER,LADAKH,2,0.4
1788499506.26,5084.2,2092.3,72.0,102.7,89.2,85.8,88.8,871.6,785.0,783.3,787.6,4.77,65.5,9.7,3.0,43.2,1.3,14.07,4.0,LANE_A,20000.0,-22.0,90.2,CRUISE_LOITER,LADAKH,2,0.4
1788499506.961,5100.2,2098.8,72.0,102.7,89.2,86.2,88.7,873.6,786.3,782.6,784.1,4.79,65.6,9.7,3.0,43.0,1.25,14.08,3.9,LANE_A,20000.0,-22.0,90.3,CRUISE_LOITER,LADAKH,2,0.4
1788499507.685,5112.1,2103.7,72.0,102.6,89.0,85.8,88.7,873.9,787.5,782.6,783.8,4.75,65.5,9.8,3.0,43.2,1.25,14.11,4.1,LANE_A,20000.0,-22.0,90.3,CRUISE_LOITER,LADAKH,2,0.4
1788499508.357,5106.7,2101.5,72.0,102.4,89.0,85.9,88.5,873.2,783.2,784.3,783.5,4.79,65.4,9.7,3.0,42.9,1.25,14.11,4.0,LANE_A,20000.0,-22.0,90.3,CRUISE_LOITER,LADAKH,2,0.4
1788499509.055,5065.8,2084.7,72.0,102.3,88.8,85.6,88.2,869.4,784.5,782.1,785.4,4.76,65.2,9.7,3.0,42.9,1.3,14.09,4.0,LANE_A,20000.0,-22.0,90.4,CRUISE_LOITER,LADAKH,2,0.4
1788499509.793,5141.1,2115.7,72.0,102.1,88.9,86.1,88.4,871.5,786.9,782.0,784.4,4.82,65.5,9.7,3.0,43.0,1.26,14.1,3.9,LANE_A,20000.0,-22.0,90.4,CRUISE_LOITER,LADAKH,2,0.4
1788499510.523,5075.1,2088.5,72.0,102.4,88.8,86.0,88.0,871.3,784.9,781.3,785.0,4.83,65.2,9.7,3.0,43.1,1.28,14.1,3.9,LANE_A,20000.0,-22.0,90.5,CRUISE_LOITER,LADAKH,2,0.4
1788499511.234,5154.0,2121.0,72.0,101.9,88.7,85.8,88.3,872.1,785.0,785.1,786.9,4.78,65.3,9.7,3.0,42.9,1.29,14.1,4.1,LANE_A,20000.0,-22.0,90.5,CRUISE_LOITER,LADAKH,2,0.4
1788499511.958,5106.5,2101.4,72.0,102.2,88.8,86.2,88.5,872.6,784.8,782.2,786.4,4.87,65.4,9.8,3.0,43.1,1.28,14.04,3.9,LANE_A,20000.0,-22.0,90.6,CRUISE_LOITER,LADAKH,2,0.4
1788499512.697,5075.7,2088.8,72.0,102.4,88.6,86.0,88.2,872.8,783.9,782.8,784.8,4.82,65.2,9.7,3.0,42.9,1.27,14.11,4.3,LANE_A,20000.0,-22.0,90.6,CRUISE_LOITER,LADAKH,2,0.4
1788499513.427,5074.1,2088.1,72.0,102.0,88.7,85.7,88.5,872.0,785.1,781.3,784.2,4.83,65.5,9.7,3.0,43.0,1.25,14.1,4.1,LANE_A,20000.0,-22.0,90.6,CRUISE_LOITER,LADAKH,2,0.4
1788499514.148,5101.9,2099.5,72.0,102.0,88.6,85.6,88.1,873.0,785.9,781.8,786.0,4.82,65.2,9.7,3.0,43.1,1.29,14.11,3.9,LANE_A,20000.0,-22.0,90.7,CRUISE_LOITER,LADAKH,2,0.4
1788499514.88,5079.6,2090.4,72.0,102.3,88.8,85.7,88.2,871.6,784.3,781.7,783.2,4.83,65.1,9.7,3.0,43.3,1.26,14.08,4.1,LANE_A,20000.0,-22.0,90.7,CRUISE_LOITER,LADAKH,2,0.4
1788499515.749,5094.1,2096.3,72.0,102.2,88.7,85.7,88.1,871.5,784.6,783.3,783.7,4.79,64.9,9.6,3.0,42.8,1.25,14.12,4.1,LANE_A,20000.0,-22.0,90.8,CRUISE_LOITER,LADAKH,2,0.4
1788499516.489,5118.2,2106.3,72.0,102.2,88.5,85.7,88.3,872.4,785.2,781.0,784.3,4.84,65.0,9.6,3.0,43.1,1.28,14.08,4.2,LANE_A,20000.0,-22.0,90.8,CRUISE_LOITER,LADAKH,2,0.4
1788499517.228,5094.1,2096.3,72.0,102.2,88.7,85.5,87.8,873.3,785.3,783.5,786.2,4.81,65.3,9.8,3.0,43.1,1.29,14.1,4.0,LANE_A,20000.0,-22.0,90.9,CRUISE_LOITER,LADAKH,2,0.4
1788499517.947,5068.8,2085.9,72.0,102.1,88.6,85.8,88.2,872.7,784.0,782.2,785.0,4.79,65.1,9.7,3.0,43.0,1.29,14.11,4.0,LANE_A,20000.0,-22.0,90.9,CRUISE_LOITER,LADAKH,2,0.4
1788499518.705,5064.7,2084.2,72.0,102.0,88.7,85.7,88.1,871.8,783.6,781.2,784.6,4.77,65.0,9.7,3.0,43.1,1.25,14.12,4.0,LANE_A,20000.0,-22.0,90.9,CRUISE_LOITER,LADAKH,2,0.4
1788499519.456,5102.4,2099.8,72.0,101.9,88.9,85.9,87.7,872.0,785.4,782.0,783.1,4.79,65.2,9.8,3.0,43.1,1.28,14.12,3.9,LANE_A,20000.0,-22.0,91.0,CRUISE_LOITER,LADAKH,2,0.4
1788499520.18,5093.2,2096.0,72.0,102.0,88.7,85.6,88.0,873.2,786.1,781.6,785.9,4.79,65.0,9.6,3.0,42.8,1.28,14.06,4.2,LANE_A,20000.0,-22.0,91.0,CRUISE_LOITER,LADAKH,2,0.4
1788499520.9,5072.1,2087.3,72.0,101.9,88.5,85.4,88.2,871.1,783.8,780.9,784.9,4.75,65.2,9.8,3.0,43.4,1.25,14.07,4.1,LANE_A,20000.0,-22.0,91.1,CRUISE_LOITER,LADAKH,2,0.4
1788499521.633,5062.9,2083.5,72.0,101.8,88.6,85.3,87.8,873.6,784.8,781.8,783.5,4.78,65.1,9.7,3.0,43.1,1.29,14.1,4.0,LANE_A,20000.0,-22.0,91.1,CRUISE_LOITER,LADAKH,2,0.4
1788499522.345,5101.4,2099.3,72.0,101.7,88.6,85.3,88.3,868.9,784.8,781.1,785.7,4.81,65.2,9.6,3.0,42.8,1.28,14.08,3.8,LANE_A,20000.0,-22.0,91.1,CRUISE_LOITER,LADAKH,2,0.4
1788499523.048,5106.5,2101.4,72.0,101.8,88.1,85.4,87.8,873.8,783.2,782.7,784.7,4.79,64.9,9.6,3.0,42.8,1.28,14.09,4.2,LANE_A,20000.0,-22.0,91.2,CRUISE_LOITER,LADAKH,2,0.4
1788499523.783,5103.3,2100.1,72.0,102.0,88.6,85.5,88.2,871.9,785.9,782.3,785.2,4.82,64.7,9.7,3.0,42.7,1.29,14.08,4.1,LANE_A,20000.0,-22.0,91.2,CRUISE_LOITER,LADAKH,2,0.4
1788499524.511,5155.2,2121.5,72.0,101.9,88.5,85.3,88.2,870.9,783.9,781.4,784.0,4.87,64.8,9.6,3.0,43.0,1.29,14.1,4.0,LANE_A,20000.0,-22.0,91.2,CRUISE_LOITER,LADAKH,2,0.4
1788499525.233,5083.1,2091.8,72.0,101.7,88.2,85.5,87.8,874.2,786.7,781.8,786.3,4.81,64.6,9.7,3.0,42.9,1.3,14.11,4.0,LANE_A,20000.0,-22.0,91.3,CRUISE_LOITER,LADAKH,2,0.4
1788499525.974,5085.8,2092.9,72.0,101.7,88.5,85.3,87.7,871.4,783.2,783.5,786.8,4.85,64.8,9.6,3.0,42.7,1.28,14.11,4.1,LANE_A,20000.0,-22.0,91.3,CRUISE_LOITER,LADAKH,2,0.4
1788499526.654,5108.8,2102.4,72.0,101.7,88.1,85.2,87.8,872.4,784.1,780.7,787.8,4.82,64.8,9.7,3.0,43.1,1.25,14.09,3.9,LANE_A,20000.0,-22.0,91.4,CRUISE_LOITER,LADAKH,2,0.4
1788499527.338,5096.9,2097.5,72.0,102.1,88.0,85.3,87.6,872.9,784.4,781.4,785.0,4.81,65.0,9.7,3.0,43.0,1.31,14.11,4.0,LANE_A,20000.0,-22.0,91.4,CRUISE_LOITER,LADAKH,2,0.4
1788499528.025,5090.1,2094.7,72.0,101.5,88.2,85.2,87.8,872.1,783.6,781.4,784.9,4.76,64.6,9.6,3.0,43.0,1.28,14.11,4.1,LANE_A,20000.0,-22.0,91.4,CRUISE_LOITER,LADAKH,2,0.4
1788499528.712,5103.3,2100.1,72.0,101.6,87.9,85.1,87.8,870.2,784.0,781.2,785.6,4.82,64.7,9.6,3.0,42.9,1.25,14.06,4.2,LANE_A,20000.0,-22.0,91.5,CRUISE_LOITER,LADAKH,2,0.4
1788499529.452,5095.8,2097.0,72.0,101.5,88.1,84.9,87.8,871.6,784.0,783.3,783.9,4.77,64.6,9.7,3.0,42.8,1.29,14.12,4.1,LANE_A,20000.0,-22.0,91.5,CRUISE_LOITER,LADAKH,2,0.4
1788499530.168,5102.7,2099.9,72.0,101.8,88.0,85.0,87.7,870.0,785.2,782.1,785.1,4.82,64.5,9.6,3.0,42.9,1.28,14.09,4.1,LANE_A,20000.0,-22.0,91.5,CRUISE_LOITER,LADAKH,2,0.4
1788499530.896,5051.1,2078.6,72.0,101.6,88.2,85.0,87.6,871.0,785.1,781.0,785.2,4.72,64.6,9.7,3.0,42.9,1.27,14.11,4.2,LANE_A,20000.0,-22.0,91.6,CRUISE_LOITER,LADAKH,2,0.4
1788499531.629,5079.2,2090.2,72.0,101.6,88.2,85.4,87.4,872.4,782.4,782.5,783.9,4.8,64.7,9.7,3.0,42.6,1.27,14.09,3.9,LANE_A,20000.0,-22.0,91.6,CRUISE_LOITER,LADAKH,2,0.4
1788499532.347,5098.7,2098.2,72.0,101.3,88.1,84.9,87.7,871.8,783.4,783.8,784.9,4.81,64.6,9.6,3.0,42.7,1.27,14.08,4.1,LANE_A,20000.0,-22.0,91.6,CRUISE_LOITER,LADAKH,2,0.4
1788499533.067,5086.7,2093.3,72.0,101.5,88.2,85.0,87.4,872.8,784.5,781.3,786.1,4.81,64.6,9.6,3.0,42.9,1.24,14.1,4.1,LANE_A,20000.0,-22.0,91.7,CRUISE_LOITER,LADAKH,2,0.4
1788499533.819,5081.7,2091.2,72.0,101.2,88.3,84.6,87.2,871.0,786.6,782.8,786.2,4.79,64.2,9.6,3.0,42.6,1.28,14.06,4.1,LANE_A,20000.0,-22.0,91.7,CRUISE_LOITER,LADAKH,2,0.4
1788499534.567,5069.7,2086.3,72.0,101.7,88.1,85.2,87.3,873.0,784.8,781.5,786.4,4.81,64.8,9.6,3.0,42.9,1.28,14.1,4.2,LANE_A,20000.0,-22.0,91.7,CRUISE_LOITER,LADAKH,2,0.4
1788499535.315,5102.7,2099.9,72.0,101.5,88.2,85.0,87.5,868.3,786.2,782.7,784.9,4.84,64.2,9.7,3.0,42.9,1.27,14.09,4.0,LANE_A,20000.0,-22.0,91.8,CRUISE_LOITER,LADAKH,2,0.4
1788499536.269,5099.4,2098.5,72.0,101.4,87.9,84.9,87.7,873.4,783.7,783.6,783.3,4.78,64.4,9.6,3.0,42.8,1.32,14.07,4.2,LANE_A,20000.0,-22.0,91.8,CRUISE_LOITER,LADAKH,2,0.4
1788499537.029,5074.4,2088.2,72.0,101.6,88.0,85.0,87.4,871.7,784.8,780.1,784.9,4.83,64.4,9.7,3.0,42.6,1.28,14.18,4.0,LANE_A,20000.0,-22.0,91.8,CRUISE_LOITER,LADAKH,2,0.4
1788499537.785,5095.5,2096.9,72.0,101.2,87.7,85.0,87.5,870.8,785.2,781.5,784.0,4.77,64.5,9.6,3.0,42.6,1.26,14.07,3.9,LANE_A,20000.0,-22.0,91.9,CRUISE_LOITER,LADAKH,2,0.4
1788499538.47,5065.7,2084.7,72.0,101.3,87.9,84.8,87.5,871.6,786.0,784.0,784.8,4.81,64.2,9.7,3.0,42.6,1.29,14.1,3.9,LANE_A,20000.0,-22.0,91.9,CRUISE_LOITER,LADAKH,2,0.4
1788499539.174,5099.5,2098.6,72.0,101.3,87.9,85.0,87.2,869.5,784.1,780.3,785.1,4.82,64.5,9.6,3.0,42.7,1.29,14.07,4.0,LANE_A,20000.0,-22.0,91.9,CRUISE_LOITER,LADAKH,2,0.4
1788499539.926,5085.0,2092.6,72.0,101.5,88.2,85.0,87.5,872.0,782.7,779.5,783.3,4.85,64.4,9.6,3.0,42.8,1.27,14.09,3.9,LANE_A,20000.0,-22.0,92.0,CRUISE_LOITER,LADAKH,2,0.4
1788499540.621,5100.1,2098.8,72.0,101.4,87.9,85.0,87.3,871.7,785.9,781.4,786.5,4.84,64.3,9.7,3.0,42.5,1.28,14.13,4.0,LANE_A,20000.0,-22.0,92.0,CRUISE_LOITER,LADAKH,2,0.4
1788499541.338,5107.5,2101.9,72.0,101.3,87.7,85.1,87.0,872.6,784.7,781.9,782.4,4.76,64.2,9.6,3.0,42.4,1.26,14.09,4.1,LANE_A,20000.0,-22.0,92.0,CRUISE_LOITER,LADAKH,2,0.4
1788499542.077,5101.4,2099.3,72.0,101.0,87.9,85.0,87.0,873.4,782.8,782.0,783.5,4.84,64.1,9.6,3.0,42.5,1.27,14.09,3.9,LANE_A,20000.0,-22.0,92.1,CRUISE_LOITER,LADAKH,2,0.4
1788499542.842,5099.9,2098.7,72.0,101.1,87.8,85.0,87.4,872.9,783.1,781.2,786.0,4.89,64.1,9.6,3.0,42.8,1.26,14.09,3.8,LANE_A,20000.0,-22.0,92.1,CRUISE_LOITER,LADAKH,2,0.4
1788499543.572,5087.0,2093.4,72.0,101.3,87.8,84.6,87.3,870.7,784.3,780.3,785.5,4.83,64.3,9.6,3.0,42.7,1.29,14.09,4.0,LANE_A,20000.0,-22.0,92.1,CRUISE_LOITER,LADAKH,2,0.4
1788499544.3,5109.4,2102.6,72.0,101.3,87.5,84.9,87.3,872.5,784.3,782.4,782.6,4.86,64.5,9.8,3.0,42.4,1.28,14.12,4.1,LANE_A,20000.0,-22.0,92.1,CRUISE_LOITER,LADAKH,2,0.4
1788499545.045,5127.7,2110.2,72.0,101.1,87.8,84.8,87.1,871.5,782.5,781.2,787.4,4.83,64.2,9.6,3.0,42.4,1.25,14.1,4.0,LANE_A,20000.0,-22.0,92.2,CRUISE_LOITER,LADAKH,2,0.4
1788499545.764,5076.8,2089.2,72.0,100.9,87.8,84.5,87.0,869.6,785.3,781.4,783.1,4.78,64.2,9.5,3.0,42.6,1.28,14.07,3.9,LANE_A,20000.0,-22.0,92.2,CRUISE_LOITER,LADAKH,2,0.4
1788499546.486,5130.3,2111.2,72.0,101.0,87.8,84.4,87.3,873.0,785.0,779.7,785.9,4.83,64.2,9.6,3.0,42.5,1.28,14.15,4.0,LANE_A,20000.0,-22.0,92.2,CRUISE_LOITER,LADAKH,2,0.4
1788499547.201,5093.5,2096.1,72.0,101.3,87.5,84.7,87.1,872.1,782.4,780.3,785.8,4.87,63.8,9.7,3.0,42.7,1.29,14.12,4.2,LANE_A,20000.0,-22.0,92.3,CRUISE_LOITER,LADAKH,2,0.4
1788499547.898,5101.2,2099.3,72.0,101.3,87.5,84.9,87.0,870.9,785.8,781.1,784.4,4.83,64.1,9.5,3.0,42.6,1.26,14.11,4.1,LANE_A,20000.0,-22.0,92.3,CRUISE_LOITER,LADAKH,2,0.4
1788499548.601,5077.6,2089.5,72.0,101.3,87.8,84.8,87.2,871.2,784.5,780.3,784.2,4.83,64.2,9.6,3.0,42.3,1.27,14.1,4.2,LANE_A,20000.0,-22.0,92.3,CRUISE_LOITER,LADAKH,2,0.4
1788499549.324,5094.5,2096.5,72.0,100.9,87.8,84.7,87.1,872.5,785.4,781.5,783.2,4.84,64.2,9.5,3.0,42.4,1.27,14.09,4.0,LANE_A,20000.0,-22.0,92.3,CRUISE_LOITER,LADAKH,2,0.4
1788499550.052,5093.1,2095.9,72.0,101.1,87.3,84.3,87.4,872.0,784.1,782.8,785.2,4.8,64.0,9.4,3.0,42.6,1.27,14.13,3.9,LANE_A,20000.0,-22.0,92.4,CRUISE_LOITER,LADAKH,2,0.4
1788499550.781,5107.3,2101.8,72.0,100.9,87.6,84.6,87.1,870.1,783.9,780.6,784.8,4.83,63.9,9.5,3.0,42.3,1.27,14.09,4.1,LANE_A,20000.0,-22.0,92.4,CRUISE_LOITER,LADAKH,2,0.4
1788499551.499,5079.3,2090.2,72.0,100.9,87.5,84.3,87.0,873.1,781.8,782.8,785.2,4.76,63.9,9.6,3.1,42.4,1.3,14.09,4.1,LANE_A,20000.0,-22.0,92.4,CRUISE_LOITER,LADAKH,2,0.4
1788499552.242,5126.6,2109.7,72.0,100.8,87.2,84.6,86.9,870.1,783.0,781.7,784.3,4.81,64.1,9.6,3.0,42.5,1.26,14.15,4.1,LANE_A,20000.0,-22.0,92.4,CRUISE_LOITER,LADAKH,2,0.4
1788499552.96,5092.2,2095.6,72.0,100.8,87.6,84.4,86.8,873.3,784.1,781.9,784.5,4.84,64.0,9.7,3.0,42.3,1.27,14.09,3.9,LANE_A,20000.0,-22.0,92.4,CRUISE_LOITER,LADAKH,2,0.4
1788499553.733,5043.8,2075.6,72.0,101.1,87.4,84.4,86.9,871.6,783.2,781.0,783.7,4.84,64.0,9.7,3.0,42.4,1.27,14.14,4.0,LANE_A,20000.0,-22.0,92.5,CRUISE_LOITER,LADAKH,2,0.4
1788499554.48,5086.4,2093.2,72.0,101.0,87.3,84.1,87.0,872.2,784.5,780.5,783.0,4.77,63.9,9.5,3.0,42.6,1.26,14.11,4.1,LANE_A,20000.0,-22.0,92.5,CRUISE_LOITER,LADAKH,2,0.4
1788499555.199,5117.9,2106.1,72.0,101.0,87.3,84.5,87.0,870.4,782.7,781.6,782.0,4.84,64.1,9.6,3.0,42.2,1.29,14.08,4.0,LANE_A,20000.0,-22.0,92.5,CRUISE_LOITER,LADAKH,2,0.4
1788499556.203,5102.9,2100.0,72.0,101.0,87.5,84.1,86.5,872.3,782.8,781.0,784.8,4.85,64.1,9.6,3.0,42.4,1.26,14.1,4.0,LANE_A,20000.0,-22.0,92.5,CRUISE_LOITER,LADAKH,2,0.4
1788499556.953,5103.1,2100.0,72.0,100.8,87.1,84.3,86.8,873.2,785.1,781.4,782.2,4.84,63.9,9.6,3.0,42.2,1.28,14.1,4.0,LANE_A,20000.0,-22.0,92.6,CRUISE_LOITER,LADAKH,2,0.4
1788499557.702,5101.1,2099.2,72.0,100.9,87.4,84.6,87.1,871.9,783.3,781.7,784.0,4.86,64.0,9.4,3.0,42.4,1.29,14.12,4.0,LANE_A,20000.0,-22.0,92.6,CRUISE_LOITER,LADAKH,2,0.4
1788499558.453,5107.0,2101.6,72.0,100.8,87.3,84.2,86.7,871.5,785.2,780.1,783.3,4.83,63.9,9.7,3.0,42.4,1.28,14.1,4.2,LANE_A,20000.0,-22.0,92.6,CRUISE_LOITER,LADAKH,2,0.4
1788499559.177,5084.1,2092.2,72.0,100.9,87.2,84.2,86.8,871.4,785.2,778.9,782.9,4.83,64.0,9.6,3.0,42.1,1.28,14.08,4.1,LANE_A,20000.0,-22.0,92.6,CRUISE_LOITER,LADAKH,2,0.4
1788499559.88,5100.0,2098.8,72.0,101.0,87.3,84.1,86.9,871.6,783.2,782.2,786.4,4.87,63.6,9.6,3.0,42.4,1.25,14.11,4.2,LANE_A,20000.0,-22.0,92.6,CRUISE_LOITER,LADAKH,2,0.4
1788499560.604,5076.2,2089.0,72.0,100.5,87.0,84.3,86.7,870.6,785.0,780.5,783.4,4.89,64.1,9.6,3.0,42.2,1.26,14.12,3.8,LANE_A,20000.0,-22.0,92.7,CRUISE_LOITER,LADAKH,2,0.4
1788499561.34,5095.2,2096.8,72.0,100.5,87.3,84.3,86.5,869.9,785.2,780.9,784.0,4.83,63.5,9.6,3.0,42.3,1.27,14.09,4.2,LANE_A,20000.0,-22.0,92.7,CRUISE_LOITER,LADAKH,2,0.4
1788499562.055,5119.2,2106.7,72.0,100.2,87.5,84.3,86.6,871.6,782.2,780.5,783.2,4.84,63.8,9.5,3.0,42.4,1.28,14.11,4.1,LANE_A,20000.0,-22.0,92.7,CRUISE_LOITER,LADAKH,2,0.4
1788499562.782,5105.3,2100.9,72.0,100.6,87.2,84.2,87.0,871.5,785.6,779.6,786.8,4.83,63.7,9.5,3.0,42.5,1.28,14.1,4.1,LANE_A,20000.0,-22.0,92.7,CRUISE_LOITER,LADAKH,2,0.4
1788499563.482,5118.5,2106.4,72.0,100.7,87.2,84.1,86.5,868.9,783.5,784.3,781.6,4.77,64.0,9.5,3.0,42.3,1.29,14.06,3.9,LANE_A,20000.0,-22.0,92.7,CRUISE_LOITER,LADAKH,2,0.4
1788499564.188,5107.0,2101.6,72.0,100.8,87.3,83.7,86.7,870.9,782.5,779.6,784.7,4.85,63.5,9.4,3.0,42.3,1.27,14.11,4.0,LANE_A,20000.0,-22.0,92.7,CRUISE_LOITER,LADAKH,2,0.4
1788499564.85,5099.7,2098.6,72.0,100.6,87.0,84.3,86.3,871.5,783.8,782.6,785.8,4.81,63.4,9.6,3.0,42.4,1.29,14.08,3.9,LANE_A,20000.0,-22.0,92.8,CRUISE_LOITER,LADAKH,2,0.4
1788499565.6,5085.1,2092.6,72.0,100.6,87.4,84.2,86.6,868.0,783.8,785.1,781.8,4.84,63.8,9.6,3.0,42.2,1.28,14.12,4.1,LANE_A,20000.0,-22.0,92.8,CRUISE_LOITER,LADAKH,2,0.4
1788499566.336,5097.0,2097.5,72.0,100.4,87.2,84.3,87.0,873.5,783.3,778.8,784.8,4.82,63.5,9.5,3.0,42.1,1.29,14.11,4.0,LANE_A,20000.0,-22.0,92.8,CRUISE_LOITER,LADAKH,2,0.4
1788499567.052,5115.9,2105.3,72.0,100.7,86.9,84.2,86.7,869.2,783.8,781.5,785.0,4.86,63.8,9.5,3.0,42.2,1.25,14.11,3.9,LANE_A,20000.0,-22.0,92.8,CRUISE_LOITER,LADAKH,2,0.4
1788499567.761,5105.9,2101.2,72.0,100.6,87.1,84.2,86.5,871.6,784.4,782.6,783.7,4.87,63.7,9.6,3.0,41.9,1.27,14.13,4.1,LANE_A,20000.0,-22.0,92.8,CRUISE_LOITER,LADAKH,2,0.4
1788499568.495,5084.7,2092.5,72.0,100.8,87.1,84.3,86.7,869.9,783.5,782.9,784.1,4.79,63.6,9.5,3.0,42.1,1.27,14.07,3.9,LANE_A,20000.0,-22.0,92.8,CRUISE_LOITER,LADAKH,2,0.4
1788499569.23,5072.6,2087.5,72.0,100.8,86.8,84.0,86.5,872.0,784.4,781.4,785.4,4.85,63.6,9.6,3.0,42.1,1.3,14.12,4.0,LANE_A,20000.0,-22.0,92.8,CRUISE_LOITER,LADAKH,2,0.4
1788499569.951,5126.7,2109.8,72.0,100.5,87.0,84.0,86.5,868.6,783.6,781.4,782.7,4.85,63.6,9.5,3.0,42.2,1.28,14.07,3.8,LANE_A,20000.0,-22.0,92.9,CRUISE_LOITER,LADAKH,2,0.4
1788499570.698,5069.9,2086.4,72.0,100.3,87.0,83.9,86.5,872.3,782.9,780.6,784.8,4.81,63.7,9.6,3.0,42.3,1.27,14.09,3.8,LANE_A,20000.0,-22.0,92.9,CRUISE_LOITER,LADAKH,2,0.4
1788499571.477,5079.1,2090.2,72.0,100.3,87.1,84.0,86.3,872.6,782.8,782.0,784.5,4.85,63.4,9.6,3.0,42.0,1.25,14.11,3.9,LANE_A,20000.0,-22.0,92.9,CRUISE_LOITER,LADAKH,2,0.4
1788499572.174,5110.7,2103.2,72.0,100.3,87.0,83.9,86.8,868.9,784.3,781.8,784.8,4.85,63.5,9.6,3.0,42.4,1.3,14.1,4.0,LANE_A,20000.0,-22.0,92.9,CRUISE_LOITER,LADAKH,2,0.4
1788499572.884,5105.7,2101.1,72.0,100.5,86.7,83.7,86.2,869.6,785.5,780.7,785.1,4.83,63.6,9.5,3.0,41.8,1.29,14.11,4.0,LANE_A,20000.0,-22.0,92.9,CRUISE_LOITER,LADAKH,2,0.4
1788499573.578,5116.7,2105.6,72.0,100.2,87.2,83.8,86.3,873.0,781.0,779.8,784.5,4.9,63.5,9.4,3.0,42.3,1.26,14.08,4.0,LANE_A,20000.0,-22.0,92.9,CRUISE_LOITER,LADAKH,2,0.4
1788499574.314,5086.4,2093.2,72.0,100.6,86.9,84.0,86.2,868.8,783.8,780.1,782.4,4.86,63.8,9.6,3.0,42.0,1.27,14.08,4.1,LANE_A,20000.0,-22.0,92.9,CRUISE_LOITER,LADAKH,2,0.4
1788499575.037,5083.7,2092.1,72.0,100.3,86.7,83.8,86.2,873.4,783.8,781.5,783.6,4.8,63.5,9.5,3.0,42.3,1.28,14.09,4.0,LANE_A,20000.0,-22.0,92.9,CRUISE_LOITER,LADAKH,2,0.4
1788499576.008,5107.8,2102.0,72.0,100.2,86.7,84.0,86.1,871.4,785.5,780.0,784.3,4.8,63.6,9.6,3.0,42.1,1.32,14.12,3.8,LANE_A,20000.0,-22.0,92.9,CRUISE_LOITER,LADAKH,2,0.4
1788499576.724,5111.1,2103.3,72.0,100.1,87.0,84.2,86.2,869.0,784.2,783.0,782.1,4.81,63.3,9.5,3.0,42.2,1.27,14.12,4.0,LANE_A,20000.0,-22.0,92.9,CRUISE_LOITER,LADAKH,2,0.4
1788499577.42,5110.0,2102.9,72.0,100.1,87.0,83.7,86.3,871.4,782.0,780.1,784.7,4.89,63.4,9.4,3.0,42.1,1.26,14.11,4.0,LANE_A,20000.0,-22.0,92.9,CRUISE_LOITER,LADAKH,2,0.4
1788499578.144,5144.3,2117.0,72.0,100.4,86.6,83.5,86.2,871.0,784.7,781.6,783.0,4.87,63.4,9.4,3.0,42.2,1.28,14.11,3.9,LANE_A,20000.0,-22.0,93.0,CRUISE_LOITER,LADAKH,2,0.4
1788499578.883,5093.1,2095.9,72.0,100.3,86.7,83.6,86.1,869.9,781.4,781.8,785.1,4.82,63.1,9.6,3.0,42.1,1.3,14.11,4.0,LANE_A,20000.0,-22.0,93.0,CRUISE_LOITER,LADAKH,2,0.4
1788499579.694,5092.7,2095.8,72.0,100.2,86.5,83.8,86.1,869.6,783.0,780.9,782.8,4.89,63.5,9.5,3.0,42.0,1.28,14.11,4.1,LANE_A,20000.0,-22.0,93.0,CRUISE_LOITER,LADAKH,2,0.4
1788499580.403,5099.5,2098.6,72.0,100.4,86.7,83.5,86.0,870.7,782.7,782.2,782.8,4.87,63.2,9.5,3.0,41.8,1.27,14.12,4.0,LANE_A,20000.0,-22.0,93.0,CRUISE_LOITER,LADAKH,2,0.4
1788499581.122,5116.0,2105.3,72.0,100.0,86.5,83.8,86.3,870.6,783.6,781.0,781.3,4.82,63.4,9.6,3.0,42.1,1.27,14.1,4.2,LANE_A,20000.0,-22.0,93.0,CRUISE_LOITER,LADAKH,2,0.4
1788499581.858,5092.8,2095.8,72.0,100.0,86.6,83.9,86.5,870.4,785.4,780.8,784.8,4.87,63.2,9.6,3.0,42.0,1.28,14.09,3.9,LANE_A,20000.0,-22.0,93.0,CRUISE_LOITER,LADAKH,2,0.4
1788499582.594,5099.2,2098.4,72.0,100.1,86.6,83.7,86.0,871.8,782.0,782.2,781.3,4.87,63.1,9.4,3.0,41.9,1.27,14.1,4.2,LANE_A,20000.0,-22.0,93.0,CRUISE_LOITER,LADAKH,2,0.4
1788499583.338,5110.9,2103.3,72.0,99.9,86.7,83.8,86.1,871.3,784.9,782.5,783.0,4.83,63.1,9.5,3.0,42.2,1.28,14.11,4.0,LANE_A,20000.0,-22.0,93.0,CRUISE_LOITER,LADAKH,2,0.4
1788499584.025,5091.0,2095.1,72.0,100.1,86.3,83.5,86.4,870.0,783.4,781.9,784.2,4.87,63.5,9.5,3.0,42.0,1.25,14.12,4.2,LANE_A,20000.0,-22.0,93.0,CRUISE_LOITER,LADAKH,2,0.4
1788499584.723,5148.4,2118.7,72.0,100.1,86.6,83.5,86.1,871.3,784.4,782.7,784.3,4.81,63.3,9.5,3.0,42.2,1.3,14.1,4.0,LANE_A,20000.0,-22.0,93.0,CRUISE_LOITER,LADAKH,2,0.4
1788499585.447,5109.6,2102.7,72.0,100.2,86.3,83.3,86.1,870.9,785.5,780.3,783.2,4.8,63.0,9.5,3.0,42.0,1.28,14.1,4.0,LANE_A,20000.0,-22.0,93.0,CRUISE_LOITER,LADAKH,2,0.4
1788499586.165,5103.6,2100.2,72.0,100.5,86.6,83.8,86.2,869.7,784.0,781.0,784.4,4.79,63.2,9.6,3.0,41.8,1.25,14.12,4.0,LANE_A,20000.0,-22.0,93.0,CRUISE_LOITER,LADAKH,2,0.4
1788499586.857,5094.4,2096.5,72.0,100.3,86.3,83.4,86.1,873.2,785.2,782.7,782.1,4.81,62.7,9.4,3.0,42.1,1.29,14.07,4.2,LANE_A,20000.0,-22.0,93.0,CRUISE_LOITER,LADAKH,2,0.4
1788499587.536,5111.2,2103.4,72.0,99.8,86.2,83.6,86.3,870.8,783.7,781.2,784.0,4.84,63.2,9.6,2.9,41.6,1.29,14.09,3.9,LANE_A,20000.0,-22.0,93.0,CRUISE_LOITER,LADAKH,2,0.4
1788499588.146,5097.9,2097.9,72.0,100.0,86.5,83.5,86.2,869.4,785.8,780.9,782.9,4.85,63.0,9.6,3.0,41.9,1.29,14.09,4.0,LANE_A,20000.0,-22.0,93.0,CRUISE_LOITER,LADAKH,2,0.4
1788499588.794,5099.9,2098.7,72.0,100.3,86.1,83.6,86.0,869.2,786.4,780.4,782.3,4.8,63.1,9.5,3.0,41.9,1.29,14.12,3.8,LANE_A,20000.0,-22.0,93.0,CRUISE_LOITER,LADAKH,2,0.4
1788499589.455,5095.2,2096.8,72.0,99.7,86.3,83.3,85.8,870.2,783.7,780.4,782.7,4.85,63.2,9.5,3.0,41.8,1.28,14.1,4.2,LANE_A,20000.0,-22.0,93.0,CRUISE_LOITER,LADAKH,2,0.4
1788499590.108,5082.5,2091.6,72.0,100.1,86.3,83.4,85.9,871.5,784.3,780.3,782.1,4.89,62.9,9.6,3.0,42.0,1.28,14.13,3.9,LANE_A,20000.0,-22.0,93.0,CRUISE_LOITER,LADAKH,2,0.4
1788499590.737,5096.1,2097.2,72.0,100.1,86.3,83.4,85.9,870.4,784.1,781.4,783.4,4.85,63.0,9.5,3.0,41.8,1.31,14.1,4.0,LANE_A,20000.0,-22.0,93.0,CRUISE_LOITER,LADAKH,2,0.4
1788499591.387,5111.8,2103.6,72.0,99.8,86.4,83.3,86.2,872.6,783.1,782.0,782.5,4.81,62.9,9.4,3.0,41.7,1.26,14.1,4.0,LANE_A,20000.0,-22.0,93.0,CRUISE_LOITER,LADAKH,2,0.4
1788499592.046,5105.6,2101.1,72.0,100.0,86.7,83.3,85.8,869.8,781.4,780.8,783.8,4.86,63.2,9.5,3.0,41.7,1.27,14.12,4.0,LANE_A,20000.0,-22.0,93.0,CRUISE_LOITER,LADAKH,2,0.4
1788499592.771,5076.1,2088.9,72.0,99.6,86.8,83.2,85.8,871.2,782.8,781.0,781.9,4.81,62.9,9.5,3.0,42.1,1.28,14.07,4.0,LANE_A,20000.0,-22.0,93.0,CRUISE_LOITER,LADAKH,2,0.4
1788499593.488,5099.5,2098.6,72.0,99.7,86.2,83.3,85.8,870.2,785.2,781.2,783.9,4.86,62.8,9.5,3.0,41.9,1.26,14.06,4.2,LANE_A,20000.0,-22.0,93.0,CRUISE_LOITER,LADAKH,2,0.4
1788499594.219,5088.7,2094.1,72.0,99.9,86.5,83.3,86.2,870.8,783.8,780.2,782.2,4.84,62.8,9.6,3.0,41.8,1.25,14.11,3.9,LANE_A,20000.0,-22.0,93.0,CRUISE_LOITER,LADAKH,2,0.4
1788499594.957,5123.7,2108.5,72.0,99.8,86.3,83.4,86.0,870.7,783.5,780.7,782.9,4.85,63.0,9.4,3.0,41.7,1.27,14.08,4.1,LANE_A,20000.0,-22.0,93.0,CRUISE_LOITER,LADAKH,2,0.4
1788499595.972,5139.3,2114.9,72.0,100.0,86.5,83.3,85.8,870.4,784.8,780.8,783.2,4.84,63.0,9.3,3.0,41.8,1.28,14.11,4.0,LANE_A,20000.0,-22.0,93.0,CRUISE_LOITER,LADAKH,2,0.4
1788499596.702,5087.5,2093.6,72.0,99.6,86.3,83.5,86.2,869.6,783.3,782.2,783.3,4.86,62.5,9.4,3.0,41.6,1.29,14.11,3.9,LANE_A,20000.0,-22.0,93.0,CRUISE_LOITER,LADAKH,2,0.4
1788499597.403,5114.3,2104.7,72.0,100.0,86.5,83.3,85.6,870.8,785.2,780.4,785.0,4.88,62.9,9.5,3.0,41.6,1.27,14.1,4.1,LANE_A,20000.0,-22.0,93.0,CRUISE_LOITER,LADAKH,2,0.4
1788499598.106,5079.1,2090.2,72.0,99.7,86.5,83.1,85.6,871.6,783.9,779.8,782.7,4.86,63.0,9.5,3.0,41.7,1.29,14.07,4.1,LANE_A,20000.0,-22.0,92.9,CRUISE_LOITER,LADAKH,2,0.4
1788499598.824,5112.7,2104.0,72.0,99.8,86.2,83.5,85.7,871.1,784.0,782.4,782.1,4.89,62.8,9.5,3.0,41.7,1.28,14.15,4.2,LANE_A,20000.0,-22.0,92.9,CRUISE_LOITER,LADAKH,2,0.4
1788499599.53,5133.1,2112.4,72.0,99.8,86.4,83.3,85.9,869.9,781.9,781.0,782.4,4.78,62.8,9.4,3.0,41.8,1.29,14.1,4.0,LANE_A,20000.0,-22.0,92.9,CRUISE_LOITER,LADAKH,2,0.4
1788499600.258,5104.4,2100.6,72.0,99.5,86.2,83.1,85.5,871.8,782.3,780.7,784.5,4.87,62.8,9.4,3.0,41.6,1.28,14.11,4.0,LANE_A,20000.0,-22.0,92.9,CRUISE_LOITER,LADAKH,2,0.4
1788499600.975,5135.4,2113.3,72.0,99.6,86.4,83.6,85.7,870.5,783.7,781.1,782.6,4.86,62.7,9.4,3.0,41.6,1.27,14.1,4.0,LANE_A,20000.0,-22.0,92.9,CRUISE_LOITER,LADAKH,2,0.4
1788499601.69,5117.9,2106.1,72.0,99.7,86.2,83.1,85.9,871.3,781.0,780.8,784.6,4.84,63.0,9.4,3.0,41.6,1.29,14.11,3.9,LANE_A,20000.0,-22.0,92.9,CRUISE_LOITER,LADAKH,2,0.4
1788499602.397,5117.0,2105.8,72.0,99.5,85.9,83.3,85.9,871.4,783.9,780.6,784.0,4.81,62.5,9.5,3.0,41.6,1.29,14.07,3.8,LANE_A,20000.0,-22.0,92.9,CRUISE_LOITER,LADAKH,2,0.4
1788499603.088,5108.2,2102.1,72.0,99.8,86.1,83.0,85.8,871.8,784.6,779.0,783.4,4.79,62.9,9.4,3.0,41.5,1.29,14.09,4.0,LANE_A,20000.0,-22.0,92.9,CRUISE_LOITER,LADAKH,2,0.4
1788499603.79,5092.6,2095.7,72.0,100.2,85.7,83.0,85.4,871.4,783.1,780.8,783.7,4.78,62.9,9.4,3.0,41.7,1.27,14.09,4.0,LANE_A,20000.0,-22.0,92.9,CRUISE_LOITER,LADAKH,2,0.4
1788499604.513,5120.4,2107.2,72.0,99.9,85.9,83.0,85.5,870.2,782.3,778.0,783.7,4.85,62.8,9.4,3.0,41.7,1.27,14.1,3.9,LANE_A,20000.0,-22.0,92.9,CRUISE_LOITER,LADAKH,2,0.4
1788499605.235,5130.7,2111.4,72.0,99.7,86.1,83.1,85.6,871.3,785.0,777.7,783.0,4.84,62.5,9.6,3.0,41.5,1.29,14.1,4.2,LANE_A,20000.0,-22.0,92.8,CRUISE_LOITER,LADAKH,2,0.4
1788499605.946,5104.3,2100.5,72.0,99.6,86.1,83.1,85.9,870.3,785.3,779.2,783.5,4.82,62.9,9.5,3.0,41.4,1.32,14.13,3.9,LANE_A,20000.0,-22.0,92.8,CRUISE_LOITER,LADAKH,2,0.4
1788499606.667,5113.4,2104.3,72.0,99.8,86.1,83.4,85.5,870.1,783.0,779.8,783.2,4.86,62.6,9.3,3.0,41.6,1.27,14.08,4.0,LANE_A,20000.0,-22.0,92.8,CRUISE_LOITER,LADAKH,2,0.4
1788499607.368,5106.4,2101.4,72.0,99.6,86.5,83.2,85.4,870.5,783.5,782.8,782.6,4.86,62.6,9.4,3.0,41.5,1.26,14.09,4.1,LANE_A,20000.0,-22.0,92.8,CRUISE_LOITER,LADAKH,2,0.4
1788499608.122,5124.6,2108.9,72.0,99.8,86.1,83.2,85.6,870.3,783.6,780.5,784.4,4.87,62.8,9.3,3.0,41.6,1.26,14.09,4.0,LANE_A,20000.0,-22.0,92.8,CRUISE_LOITER,LADAKH,2,0.4
1788499608.841,5100.6,2099.0,72.0,99.5,86.2,83.3,85.7,871.5,784.2,779.9,782.4,4.84,62.5,9.5,3.0,41.7,1.29,14.11,4.0,LANE_A,20000.0,-22.0,92.8,CRUISE_LOITER,LADAKH,2,0.4
1788499609.559,5094.2,2096.4,72.0,99.4,86.0,83.3,85.5,870.4,784.6,781.9,781.8,4.85,62.6,9.3,3.0,41.6,1.27,14.11,4.0,LANE_A,20000.0,-22.0,92.8,CRUISE_LOITER,LADAKH,2,0.4
1788499610.422,5104.7,2100.7,72.0,99.4,86.3,82.7,85.6,870.4,781.9,779.5,781.1,4.81,62.5,9.4,3.0,41.7,1.25,14.11,4.1,LANE_A,20000.0,-22.0,92.8,CRUISE_LOITER,LADAKH,2,0.4
1788499610.997,5129.5,2110.9,72.0,99.3,86.2,83.1,85.5,869.0,782.5,781.4,782.7,4.85,62.7,9.4,3.0,41.5,1.26,14.14,3.9,LANE_A,20000.0,-22.0,92.7,CRUISE_LOITER,LADAKH,2,0.4
1788499611.557,5120.4,2107.2,72.0,99.6,86.3,83.0,85.5,870.6,783.2,780.0,783.2,4.86,62.4,9.5,3.0,41.4,1.27,14.1,3.9,LANE_A,20000.0,-22.0,92.7,CRUISE_LOITER,LADAKH,2,0.4
1788499612.118,5124.6,2108.9,72.0,99.6,85.9,83.0,85.6,870.2,783.1,777.9,784.0,4.88,62.8,9.4,3.0,41.7,1.27,14.08,4.0,LANE_A,20000.0,-22.0,92.7,CRUISE_LOITER,LADAKH,2,0.4
1788499612.651,5127.8,2110.2,72.0,99.7,85.9,82.9,85.2,869.5,781.1,780.9,784.0,4.85,62.7,9.4,3.0,41.3,1.25,14.11,4.0,LANE_A,20000.0,-22.0,92.7,CRUISE_LOITER,LADAKH,2,0.4
1788499613.179,5097.4,2097.7,72.0,99.5,86.2,83.0,85.5,870.1,782.3,782.5,785.8,4.88,62.5,9.3,3.0,41.2,1.28,14.08,4.1,LANE_A,20000.0,-22.0,92.7,CRUISE_LOITER,LADAKH,2,0.4
1788499613.72,5110.3,2103.0,72.0,99.4,86.0,83.0,85.4,869.1,784.1,780.9,781.5,4.82,62.4,9.4,3.0,41.4,1.27,14.1,4.0,LANE_A,20000.0,-22.0,92.6,CRUISE_LOITER,LADAKH,2,0.4
1788499614.249,5082.3,2091.5,72.0,99.5,86.0,82.6,85.5,873.2,783.5,780.9,785.9,4.85,62.7,9.5,3.0,41.2,1.29,14.09,4.0,LANE_A,20000.0,-22.0,92.6,CRUISE_LOITER,LADAKH,2,0.4
1788499614.786,5118.1,2106.2,72.0,99.2,85.7,82.9,85.6,871.1,781.8,779.1,780.4,4.86,62.3,9.3,3.0,41.4,1.26,14.14,4.2,LANE_A,20000.0,-22.0,92.6,CRUISE_LOITER,LADAKH,2,0.4
1788499615.317,5099.8,2098.7,72.0,99.6,85.8,83.0,85.2,869.9,784.2,779.5,782.1,4.84,62.4,9.3,3.0,41.4,1.3,14.08,4.0,LANE_A,20000.0,-22.0,92.6,CRUISE_LOITER,LADAKH,2,0.4
1788499616.117,5114.2,2104.6,72.0,99.4,85.9,82.8,85.4,871.1,782.9,777.9,784.8,4.86,62.3,9.4,3.0,41.3,1.28,14.08,3.9,LANE_A,20000.0,-22.0,92.6,CRUISE_LOITER,LADAKH,2,0.4
1788499616.987,5105.1,2100.9,72.0,99.7,85.6,82.9,85.4,870.5,782.9,780.4,782.6,4.82,62.2,9.5,3.0,41.2,1.25,14.09,4.1,LANE_A,20000.0,-22.0,92.6,CRUISE_LOITER,LADAKH,2,0.4
1788499617.504,5087.0,2093.4,72.0,99.2,85.9,83.2,85.5,869.4,785.8,781.3,781.9,4.82,62.4,9.3,3.0,41.5,1.27,14.13,3.9,LANE_A,20000.0,-22.0,92.5,CRUISE_LOITER,LADAKH,2,0.4
1788499618.025,5093.1,2095.9,72.0,98.9,85.8,82.8,85.4,872.1,780.9,779.2,785.6,4.85,62.3,9.5,3.0,41.5,1.28,14.11,4.1,LANE_A,20000.0,-22.0,92.5,CRUISE_LOITER,LADAKH,2,0.4
1788499618.557,5129.3,2110.8,72.0,99.5,85.9,82.9,85.2,871.7,783.2,780.3,783.8,4.88,62.5,9.5,3.0,41.4,1.25,14.08,4.1,LANE_A,20000.0,-22.0,92.5,CRUISE_LOITER,LADAKH,2,0.4
1788499619.084,5117.7,2106.0,72.0,99.3,85.8,83.1,85.3,871.5,783.7,779.5,784.6,4.81,62.3,9.4,3.0,41.2,1.28,14.09,4.0,LANE_A,20000.0,-22.0,92.5,CRUISE_LOITER,LADAKH,2,0.4
1788499619.614,5096.2,2097.2,72.0,99.3,85.7,82.7,85.5,869.6,783.8,780.2,781.7,4.82,62.5,9.3,3.0,41.5,1.28,14.08,4.1,LANE_A,20000.0,-22.0,92.4,CRUISE_LOITER,LADAKH,2,0.4
1788499620.165,5140.3,2115.3,72.0,99.3,86.0,82.8,85.2,869.9,783.3,781.6,783.8,4.82,62.3,9.4,3.0,41.4,1.25,14.09,4.0,LANE_A,20000.0,-22.0,92.4,CRUISE_LOITER,LADAKH,2,0.4
1788499620.713,5108.9,2102.4,72.0,99.5,85.6,82.6,85.5,870.2,782.0,780.1,784.6,4.79,62.5,9.3,3.0,41.3,1.29,14.1,3.9,LANE_A,20000.0,-22.0,92.4,CRUISE_LOITER,LADAKH,2,0.4
1788499621.269,5081.9,2091.3,72.0,99.2,85.9,82.5,85.4,871.4,784.2,780.4,780.4,4.89,62.3,9.4,3.0,41.2,1.26,14.11,4.0,LANE_A,20000.0,-22.0,92.4,CRUISE_LOITER,LADAKH,2,0.4
1788499621.802,5087.5,2093.6,72.0,99.2,85.5,82.5,85.3,873.5,783.6,781.2,784.2,4.88,62.6,9.4,3.0,41.3,1.27,14.1,4.1,LANE_A,20000.0,-22.0,92.3,CRUISE_LOITER,LADAKH,2,0.4
1788499622.332,5086.1,2093.0,72.0,99.4,85.8,82.8,85.1,870.1,784.3,781.2,781.7,4.81,62.5,9.4,3.0,41.3,1.27,14.11,4.0,LANE_A,20000.0,-22.0,92.3,CRUISE_LOITER,LADAKH,2,0.4
1788499622.887,5062.8,2083.5,72.0,99.6,86.0,82.7,85.6,871.0,783.6,779.8,785.4,4.85,62.4,9.4,3.0,41.4,1.26,14.11,3.9,LANE_A,20000.0,-22.0,92.3,CRUISE_LOITER,LADAKH,2,0.4
1788499623.386,5131.7,2111.8,72.0,99.4,85.9,82.5,85.5,871.4,783.9,779.1,783.7,4.9,62.4,9.3,3.0,41.3,1.28,14.12,4.0,LANE_A,20000.0,-22.0,92.3,CRUISE_LOITER,LADAKH,2,0.4
1788499623.999,5096.6,2097.4,72.0,99.4,85.9,82.9,85.5,871.3,782.4,781.8,781.9,4.83,62.3,9.4,3.0,41.4,1.3,14.09,3.9,LANE_A,20000.0,-22.0,92.2,CRUISE_LOITER,LADAKH,2,0.4
1788499624.683,5115.2,2105.0,72.0,99.1,85.7,82.5,85.3,870.2,782.3,780.7,782.4,4.88,62.2,9.4,3.0,41.3,1.28,14.09,4.0,LANE_A,20000.0,-22.0,92.2,CRUISE_LOITER,LADAKH,2,0.4
1788499625.199,5115.3,2105.1,72.0,99.3,85.8,82.8,85.0,873.3,784.4,779.9,784.2,4.82,62.5,9.3,3.0,41.1,1.3,14.11,4.1,LANE_A,20000.0,-22.0,92.2,CRUISE_LOITER,LADAKH,2,0.4
1788499625.706,5115.3,2105.1,72.0,99.3,85.8,82.5,85.2,870.3,780.7,781.1,783.3,4.88,62.5,9.3,3.0,41.1,1.27,14.09,3.9,LANE_A,20000.0,-22.0,92.2,CRUISE_LOITER,LADAKH,2,0.4
1788499626.212,5084.6,2092.4,72.0,99.3,85.8,82.7,85.3,869.0,782.5,781.0,782.8,4.89,62.3,9.2,3.0,41.3,1.3,14.13,3.9,LANE_A,20000.0,-22.0,92.1,CRUISE_LOITER,LADAKH,2,0.4
1788499626.721,5066.0,2084.8,72.0,99.1,85.6,82.7,85.0,870.1,782.7,782.1,783.3,4.82,62.3,9.3,3.0,41.4,1.3,14.11,4.1,LANE_A,20000.0,-22.0,92.1,CRUISE_LOITER,LADAKH,2,0.4
1788499627.234,5130.7,2111.4,72.0,98.9,85.7,82.6,85.0,870.7,782.8,780.4,783.7,4.87,62.2,9.4,3.0,41.4,1.27,14.08,4.0,LANE_A,20000.0,-22.0,92.1,CRUISE_LOITER,LADAKH,2,0.4
1788499627.746,5104.7,2100.7,72.0,99.1,85.5,82.7,85.2,870.5,783.9,780.5,781.0,4.85,62.2,9.3,3.0,41.1,1.27,14.12,3.9,LANE_A,20000.0,-22.0,92.1,CRUISE_LOITER,LADAKH,2,0.4
1788499628.264,5107.4,2101.8,72.0,99.1,85.8,82.5,85.0,869.5,783.4,779.4,783.2,4.86,62.2,9.3,3.0,41.3,1.26,14.1,4.0,LANE_A,20000.0,-22.0,92.0,CRUISE_LOITER,LADAKH,2,0.4
1788499628.785,5121.8,2107.7,72.0,99.2,85.8,82.5,85.0,869.9,784.6,778.9,784.1,4.87,62.4,9.3,3.0,41.3,1.28,14.08,4.1,LANE_A,20000.0,-22.0,92.0,CRUISE_LOITER,LADAKH,2,0.4
1788499629.29,5091.0,2095.1,72.0,99.2,85.6,82.6,85.2,869.9,785.6,779.9,783.3,4.81,62.3,9.3,3.0,41.2,1.27,14.12,3.8,LANE_A,20000.0,-22.0,92.0,CRUISE_LOITER,LADAKH,2,0.4
1788499629.81,5114.3,2104.7,72.0,99.1,85.5,82.7,84.9,869.7,783.8,781.5,783.0,4.85,62.0,9.3,3.0,41.0,1.28,14.13,4.1,LANE_A,20000.0,-22.0,91.9,CRUISE_LOITER,LADAKH,2,0.4
1788499630.323,5111.5,2103.5,72.0,98.8,85.4,82.5,85.2,869.4,784.1,778.9,784.3,4.87,61.9,9.3,3.0,41.2,1.27,14.08,4.0,LANE_A,20000.0,-22.0,91.9,CRUISE_LOITER,LADAKH,2,0.4
1788499630.827,5084.9,2092.6,72.0,98.9,85.9,82.8,85.2,869.1,783.6,781.6,784.3,4.89,62.2,9.3,3.0,41.1,1.28,14.1,4.1,LANE_A,20000.0,-22.0,91.9,CRUISE_LOITER,LADAKH,2,0.4
1788499631.345,5088.6,2094.1,72.0,99.2,85.5,82.5,85.1,870.2,784.5,781.2,784.0,4.82,62.2,9.3,3.0,41.1,1.28,14.09,4.0,LANE_A,20000.0,-22.0,91.8,CRUISE_LOITER,LADAKH,2,0.4
1788499631.859,5115.3,2105.1,72.0,99.4,85.8,82.3,84.8,869.1,784.3,781.6,782.9,4.86,62.1,9.3,3.0,41.0,1.26,14.09,3.9,LANE_A,20000.0,-22.0,91.8,CRUISE_LOITER,LADAKH,2,0.4
1788499632.392,5097.8,2097.9,72.0,99.0,85.5,82.7,85.2,867.1,781.7,782.2,780.9,4.92,62.2,9.4,3.0,41.1,1.26,14.12,4.1,LANE_A,20000.0,-22.0,91.8,CRUISE_LOITER,LADAKH,2,0.4
1788499632.921,5083.5,2092.0,72.0,99.0,86.0,82.8,84.9,869.0,782.9,780.5,783.4,4.91,61.9,9.3,3.0,41.1,1.26,14.09,3.9,LANE_A,20000.0,-22.0,91.7,CRUISE_LOITER,LADAKH,2,0.4
1788499633.446,5106.2,2101.3,72.0,99.2,85.6,82.4,85.3,869.4,783.2,781.4,785.1,4.84,62.1,9.4,3.0,41.1,1.29,14.12,4.2,LANE_A,20000.0,-22.0,91.7,CRUISE_LOITER,LADAKH,2,0.4
1788499633.962,5097.0,2097.5,72.0,99.3,85.6,82.5,85.1,868.8,782.2,780.8,784.6,4.84,62.0,9.3,3.0,41.0,1.28,14.13,4.1,LANE_A,20000.0,-22.0,91.7,CRUISE_LOITER,LADAKH,2,0.4
1788499634.477,5081.9,2091.3,72.0,98.9,85.4,82.5,85.2,869.8,783.3,777.7,784.4,4.89,61.9,9.3,3.0,41.1,1.27,14.09,3.9,LANE_A,20000.0,-22.0,91.6,CRUISE_LOITER,LADAKH,2,0.4
1788499634.99,5131.0,2111.5,72.0,98.8,85.7,82.8,85.0,871.5,781.8,781.3,785.2,4.83,61.9,9.2,3.0,41.0,1.27,14.1,4.0,LANE_A,20000.0,-22.0,91.6,CRUISE_LOITER,LADAKH,2,0.4
1788499635.517,5115.7,2105.2,72.0,99.1,85.4,82.7,85.0,871.7,783.6,783.0,779.7,4.85,62.0,9.4,3.0,41.1,1.27,14.08,4.2,LANE_A,20000.0,-22.0,91.6,CRUISE_LOITER,LADAKH,2,0.4
1788499636.358,5095.9,2097.1,72.0,99.0,85.5,82.5,84.9,872.0,784.1,780.9,780.8,4.9,62.0,9.4,3.0,40.9,1.27,14.12,4.1,LANE_A,20000.0,-22.0,91.5,CRUISE_LOITER,LADAKH,2,0.4
1788499636.877,5115.1,2105.0,72.0,99.1,85.6,82.6,85.3,869.3,782.7,778.6,781.1,4.85,62.2,9.2,3.0,40.9,1.28,14.1,4.2,LANE_A,20000.0,-22.0,91.5,CRUISE_LOITER,LADAKH,2,0.4
1788499637.394,5121.2,2107.5,72.0,98.5,85.5,82.7,84.8,869.0,781.5,777.9,783.0,4.88,62.0,9.2,3.0,41.1,1.29,14.07,4.0,LANE_A,20000.0,-22.0,91.5,CRUISE_LOITER,LADAKH,2,0.4
1788499637.927,5122.0,2107.8,72.0,98.9,85.7,82.5,85.2,870.2,784.6,780.1,784.2,4.89,62.0,9.3,3.0,41.0,1.27,14.11,4.1,LANE_A,20000.0,-22.0,91.4,CRUISE_LOITER,LADAKH,2,0.4
1788499638.438,5137.1,2114.0,72.0,98.6,85.7,82.6,85.1,868.9,783.1,779.4,784.0,4.85,61.9,9.2,3.0,41.0,1.29,14.08,3.8,LANE_A,20000.0,-22.0,91.4,CRUISE_LOITER,LADAKH,2,0.4
1788499638.952,5101.8,2099.5,72.0,99.2,85.4,82.6,85.0,866.7,782.9,779.1,783.0,4.92,62.0,9.3,3.0,40.9,1.28,14.12,3.9,LANE_A,20000.0,-22.0,91.4,CRUISE_LOITER,LADAKH,2,0.4
1788499639.451,5094.2,2096.4,72.0,98.8,85.3,82.6,84.7,868.1,782.4,778.8,780.9,4.87,62.0,9.3,3.0,40.8,1.26,14.1,3.8,LANE_A,20000.0,-22.0,91.3,CRUISE_LOITER,LADAKH,2,0.4
1788499639.981,5134.0,2112.8,72.0,99.3,85.6,82.2,84.6,869.3,782.1,780.7,784.2,4.84,62.1,9.3,3.0,40.9,1.28,14.09,4.0,LANE_A,20000.0,-22.0,91.3,CRUISE_LOITER,LADAKH,2,0.4
1788499640.486,5083.4,2091.9,72.0,99.1,85.4,82.9,84.9,867.4,785.5,778.0,783.9,4.93,61.9,9.4,3.0,41.1,1.29,14.11,4.1,LANE_A,20000.0,-22.0,91.2,CRUISE_LOITER,LADAKH,2,0.4
1788499640.995,5089.7,2094.5,72.0,99.2,85.3,82.5,84.9,869.1,781.5,780.2,783.6,4.82,62.0,9.2,3.0,40.8,1.27,14.1,4.0,LANE_A,20000.0,-22.0,91.2,CRUISE_LOITER,LADAKH,2,0.4
1788499641.517,5080.0,2090.5,72.0,99.0,85.5,82.4,85.2,871.5,781.1,781.3,781.7,4.91,61.9,9.3,3.0,40.8,1.29,14.13,3.9,LANE_A,20000.0,-22.0,91.2,CRUISE_LOITER,LADAKH,2,0.4
1788499642.037,5092.3,2095.6,72.0,98.9,85.2,82.4,84.9,869.4,781.5,777.5,783.8,4.86,61.8,9.4,3.0,40.7,1.24,14.09,4.0,LANE_A,20000.0,-22.0,91.1,CRUISE_LOITER,LADAKH,2,0.4
1788499642.565,5109.9,2102.8,72.0,98.8,85.6,82.6,84.9,870.7,784.8,780.3,781.5,4.87,61.9,9.3,3.0,40.9,1.27,14.09,3.9,LANE_A,20000.0,-22.0,91.1,CRUISE_LOITER,LADAKH,2,0.4
1788499643.098,5089.7,2094.5,72.0,98.9,85.4,82.6,84.6,871.6,783.0,780.6,784.5,4.83,61.7,9.2,3.0,40.8,1.25,14.07,4.1,LANE_A,20000.0,-22.0,91.0,CRUISE_LOITER,LADAKH,2,0.4
1788499643.607,5136.3,2113.7,72.0,98.8,85.4,82.4,85.1,869.0,782.3,779.4,784.2,4.85,62.1,9.3,3.0,40.7,1.29,14.11,4.0,LANE_A,20000.0,-22.0,91.0,CRUISE_LOITER,LADAKH,2,0.4
1788499644.13,5085.5,2092.8,72.0,99.3,85.4,82.3,84.8,869.3,783.7,780.2,782.1,4.9,61.5,9.3,3.0,40.8,1.25,14.1,4.0,LANE_A,20000.0,-22.0,91.0,CRUISE_LOITER,LADAKH,2,0.4
1788499644.647,5102.2,2099.7,72.0,98.6,85.3,82.2,84.6,868.3,782.3,779.3,782.7,4.86,61.8,9.3,3.0,40.9,1.28,14.1,3.9,LANE_A,20000.0,-22.0,90.9,CRUISE_LOITER,LADAKH,2,0.4
1788499645.171,5152.4,2120.3,72.0,98.8,85.3,82.5,85.0,872.7,782.3,780.8,781.9,4.89,61.8,9.2,3.0,41.2,1.29,14.1,4.1,LANE_A,20000.0,-22.0,90.9,CRUISE_LOITER,LADAKH,2,0.4
1788499645.677,5113.8,2104.4,72.0,99.0,85.7,82.4,84.9,868.1,782.9,779.8,781.3,4.83,61.6,9.2,3.0,41.0,1.28,14.1,3.7,LANE_A,20000.0,-22.0,90.8,CRUISE_LOITER,LADAKH,2,0.4
1788499646.207,5101.2,2099.3,72.0,98.7,85.1,82.3,84.7,868.6,782.9,780.4,783.4,4.86,61.9,9.4,3.0,40.9,1.26,14.12,3.9,LANE_A,20000.0,-22.0,90.8,CRUISE_LOITER,LADAKH,2,0.4
1788499646.749,5077.0,2089.3,72.0,99.0,85.3,82.4,84.8,869.6,781.8,778.2,783.5,4.87,62.0,9.2,3.0,41.0,1.26,14.1,4.2,LANE_A,20000.0,-22.0,90.8,CRUISE_LOITER,LADAKH,2,0.4
1788499647.287,5107.6,2101.9,72.0,98.6,85.2,82.2,84.8,870.5,781.2,780.6,785.6,4.89,62.0,9.2,3.0,41.0,1.26,14.08,4.1,LANE_A,20000.0,-22.0,90.7,CRUISE_LOITER,LADAKH,2,0.4
1788499647.823,5120.2,2107.1,72.0,98.7,85.4,82.1,84.8,867.5,781.9,778.9,784.1,4.82,61.8,9.4,3.0,40.5,1.27,14.08,4.1,LANE_A,20000.0,-22.0,90.7,CRUISE_LOITER,LADAKH,2,0.4
1788499648.341,5073.0,2087.7,72.0,99.0,85.0,82.4,85.0,870.5,782.4,779.0,782.6,4.83,61.6,9.3,3.0,40.8,1.29,14.09,4.1,LANE_A,20000.0,-22.0,90.6,CRUISE_LOITER,LADAKH,2,0.4
1788499648.874,5091.7,2095.3,72.0,98.9,85.5,82.0,84.8,869.7,784.1,777.4,783.5,4.84,61.8,9.3,3.0,40.6,1.27,14.09,3.9,LANE_A,20000.0,-22.0,90.6,CRUISE_LOITER,LADAKH,2,0.4
1788499649.407,5097.4,2097.7,72.0,98.5,85.4,82.4,84.9,869.5,782.1,780.0,782.6,4.92,62.0,9.3,3.0,40.8,1.28,14.13,4.0,LANE_A,20000.0,-22.0,90.5,CRUISE_LOITER,LADAKH,2,0.4
1788499649.957,5115.5,2105.1,72.0,98.7,85.4,82.0,84.9,870.7,783.9,779.3,781.7,4.84,61.7,9.1,3.0,40.8,1.27,14.12,4.0,LANE_A,20000.0,-22.0,90.5,CRUISE_LOITER,LADAKH,2,0.4
1788499650.494,5107.6,2101.9,72.0,99.2,85.2,82.5,84.6,868.4,782.6,780.2,781.3,4.84,61.8,9.3,3.0,40.9,1.26,14.09,4.1,LANE_A,20000.0,-22.0,90.5,CRUISE_LOITER,LADAKH,2,0.4
1788499651.02,5086.6,2093.3,72.0,98.6,85.0,82.2,84.8,868.6,783.7,781.2,780.6,4.85,61.7,9.2,3.0,40.8,1.29,14.09,3.9,LANE_A,20000.0,-22.0,90.4,CRUISE_LOITER,LADAKH,2,0.4
1788499651.557,5092.0,2095.5,72.0,98.8,85.3,82.4,84.8,870.7,783.0,778.7,782.9,4.86,61.5,9.3,3.0,40.7,1.29,14.13,4.0,LANE_A,20000.0,-22.0,90.4,CRUISE_LOITER,LADAKH,2,0.4
1788499652.102,5115.7,2105.2,72.0,98.9,85.0,82.3,84.7,867.6,784.4,782.8,783.1,4.85,61.8,9.3,3.0,40.4,1.29,14.09,4.0,LANE_A,20000.0,-22.0,90.3,CRUISE_LOITER,LADAKH,2,0.4
1788499652.613,5110.8,2103.2,72.0,98.5,84.9,82.2,84.8,871.4,781.9,780.0,783.4,4.79,61.8,9.2,3.0,40.7,1.28,14.09,4.2,LANE_A,20000.0,-22.0,90.3,CRUISE_LOITER,LADAKH,2,0.4
1788499653.135,5097.8,2097.9,72.0,98.5,85.2,82.2,84.4,870.8,784.8,779.4,781.6,4.86,61.8,9.3,3.0,40.5,1.29,14.07,4.1,LANE_A,20000.0,-22.0,90.2,CRUISE_LOITER,LADAKH,2,0.4
1788499653.671,5127.5,2110.1,72.0,99.0,85.2,82.2,84.7,867.7,783.6,781.2,783.2,4.85,61.6,9.1,3.0,40.6,1.27,14.09,4.1,LANE_A,20000.0,-22.0,90.2,CRUISE_LOITER,LADAKH,2,0.4
1788499654.199,5123.9,2108.6,72.0,98.8,85.2,82.3,84.9,868.7,783.3,777.7,782.2,4.86,61.7,9.2,3.0,40.6,1.27,14.11,4.2,LANE_A,20000.0,-22.0,90.1,CRUISE_LOITER,LADAKH,2,0.4
1788499654.981,5085.5,2092.8,72.0,98.5,85.4,81.8,84.8,870.2,782.5,780.3,784.4,4.82,62.0,9.3,3.0,40.7,1.26,14.07,4.0,LANE_A,20000.0,-22.0,90.1,CRUISE_LOITER,LADAKH,2,0.4
1788499656.575,5119.1,2106.6,72.0,98.7,85.2,82.2,84.9,869.1,782.1,779.2,784.6,4.85,61.8,9.3,3.0,40.6,1.28,14.09,4.1,LANE_A,20000.0,-22.0,90.1,CRUISE_LOITER,LADAKH,2,0.4
1788499657.281,5104.5,2100.6,72.0,98.7,85.2,82.2,84.7,870.3,782.5,778.7,783.6,4.86,61.4,9.1,3.0,40.6,1.29,14.11,3.9,LANE_A,20000.0,-22.0,90.0,CRUISE_LOITER,LADAKH,2,0.4
1788499658.001,5113.9,2104.5,72.0,98.7,85.0,82.1,84.5,871.1,781.5,779.3,784.9,4.91,61.9,9.3,3.0,40.5,1.31,14.06,4.1,LANE_A,20000.0,-22.0,90.0,CRUISE_LOITER,LADAKH,2,0.4
1788499658.674,5099.1,2098.4,72.0,98.5,85.5,82.2,84.5,870.0,782.7,782.0,782.9,4.88,61.5,9.1,3.0,40.7,1.28,14.11,4.0,LANE_A,20000.0,-22.0,89.9,CRUISE_LOITER,LADAKH,2,0.4
1788499659.366,5113.2,2104.2,72.0,98.7,85.3,82.2,84.8,868.2,783.2,779.5,782.9,4.83,61.8,9.2,3.0,40.5,1.27,14.11,4.0,LANE_A,20000.0,-22.0,89.9,CRUISE_LOITER,LADAKH,2,0.4
1788499660.143,5105.5,2101.0,72.0,98.8,85.1,82.2,84.5,870.3,783.2,779.3,785.1,4.84,61.6,9.3,3.0,40.5,1.31,14.11,4.1,LANE_A,20000.0,-22.0,89.8,CRUISE_LOITER,LADAKH,2,0.4
1788499660.86,5087.7,2093.7,72.0,98.4,85.2,82.2,84.6,872.4,784.4,780.4,783.6,4.86,61.7,9.2,3.0,40.3,1.27,14.09,3.9,LANE_A,20000.0,-22.0,89.8,CRUISE_LOITER,LADAKH,2,0.4
1788499661.42,5097.2,2097.6,72.0,98.5,85.1,82.1,84.3,871.4,781.0,779.3,781.3,4.82,61.9,9.2,3.0,40.5,1.27,14.12,4.1,LANE_A,20000.0,-22.0,89.7,CRUISE_LOITER,LADAKH,2,0.4
1788499661.951,5097.8,2097.9,72.0,98.8,85.5,81.9,84.3,870.0,783.9,779.0,784.9,4.87,61.9,9.2,3.0,40.6,1.25,14.1,3.8,LANE_A,20000.0,-22.0,89.7,CRUISE_LOITER,LADAKH,2,0.4
1788499662.506,5101.3,2099.3,72.0,98.5,85.2,82.2,84.6,869.9,785.1,782.2,784.1,4.87,61.6,9.3,3.0,40.7,1.28,14.1,4.1,LANE_A,20000.0,-22.0,89.6,CRUISE_LOITER,LADAKH,2,0.4
1788499663.038,5105.4,2101.0,72.0,98.5,85.3,82.1,84.7,870.9,781.0,780.5,785.4,4.86,61.7,9.2,3.0,40.5,1.25,14.11,3.9,LANE_A,20000.0,-22.0,89.6,CRUISE_LOITER,LADAKH,2,0.4
1788499663.589,5080.2,2090.6,72.0,98.8,85.1,81.9,84.5,868.3,779.9,779.7,783.4,4.89,61.6,9.2,3.0,40.5,1.28,14.1,3.9,LANE_A,20000.0,-22.0,89.5,CRUISE_LOITER,LADAKH,2,0.4
1788499664.121,5079.7,2090.4,72.0,98.6,85.0,82.4,85.1,870.5,782.2,778.8,782.5,4.89,61.6,9.2,3.1,40.4,1.29,14.09,4.0,LANE_A,20000.0,-22.0,89.5,CRUISE_LOITER,LADAKH,2,0.4
1788499664.75,5081.2,2091.0,72.0,98.7,85.1,82.0,84.5,870.9,783.4,778.6,782.9,4.86,61.7,9.2,3.0,40.7,1.27,14.09,3.9,LANE_A,20000.0,-22.0,89.5,CRUISE_LOITER,LADAKH,2,0.4
1788499666.057,5116.0,2105.3,72.0,98.5,85.0,81.8,84.7,869.3,781.9,780.2,781.2,4.87,61.4,9.2,3.0,40.6,1.27,14.08,4.1,LANE_A,20000.0,-22.0,89.4,CRUISE_LOITER,LADAKH,2,0.4
1788499666.937,5066.8,2085.1,72.0,98.8,85.3,82.2,84.4,870.9,783.0,778.3,780.9,4.85,61.4,9.3,3.0,40.4,1.27,14.09,4.0,LANE_A,20000.0,-22.0,89.4,CRUISE_LOITER,LADAKH,2,0.4
1788499667.781,5088.0,2093.8,72.0,98.7,85.2,82.0,84.6,869.1,785.4,780.5,783.5,4.85,61.5,9.2,3.0,40.4,1.26,14.09,4.0,LANE_A,20000.0,-22.0,89.3,CRUISE_LOITER,LADAKH,2,0.4
1788499668.376,5092.5,2095.7,72.0,98.6,85.0,81.9,85.0,869.4,780.8,781.0,781.6,4.89,61.6,9.2,3.0,40.4,1.27,14.11,4.1,LANE_A,20000.0,-22.0,89.3,CRUISE_LOITER,LADAKH,2,0.4
1788499668.912,5106.2,2101.3,72.0,98.4,85.3,81.8,84.5,868.8,783.2,778.5,783.5,4.84,61.6,9.2,3.0,40.5,1.27,14.08,4.1,LANE_A,20000.0,-22.0,89.2,CRUISE_LOITER,LADAKH,2,0.4
1788499669.47,5091.8,2095.4,72.0,98.7,84.9,81.8,84.8,869.9,781.4,778.2,782.5,4.89,61.5,9.2,3.0,40.4,1.28,14.13,4.0,LANE_A,20000.0,-22.0,89.2,CRUISE_LOITER,LADAKH,2,0.4
1788499670.017,5089.6,2094.5,72.0,98.5,85.0,81.7,84.3,867.7,784.0,780.4,780.5,4.87,61.5,9.3,3.0,40.6,1.25,14.1,4.0,LANE_A,20000.0,-22.0,89.1,CRUISE_LOITER,LADAKH,2,0.4
1788499670.555,5067.0,2085.2,72.0,98.5,85.0,82.0,84.5,870.0,782.3,778.8,782.8,4.84,61.6,9.2,3.0,40.5,1.29,14.08,4.0,LANE_A,20000.0,-22.0,89.1,CRUISE_LOITER,LADAKH,2,0.4
1788499671.096,5114.9,2104.9,72.0,98.5,85.4,82.0,84.2,868.9,783.3,780.5,782.4,4.85,61.5,9.2,3.0,40.3,1.27,14.14,3.9,LANE_A,20000.0,-22.0,89.0,CRUISE_LOITER,LADAKH,2,0.4
1788499671.625,5108.1,2102.1,72.0,98.5,85.1,82.1,84.6,868.5,781.4,778.8,784.5,4.88,61.5,9.2,3.0,40.5,1.29,14.1,4.0,LANE_A,20000.0,-22.0,89.0,CRUISE_LOITER,LADAKH,2,0.4
1788499672.136,5062.1,2083.2,72.0,98.4,85.1,82.2,84.5,870.1,780.8,779.4,783.0,4.88,61.6,9.2,3.0,40.7,1.27,14.12,4.1,LANE_A,20000.0,-22.0,88.9,CRUISE_LOITER,LADAKH,2,0.4
1788499672.659,5061.4,2082.9,72.0,98.7,85.2,81.9,84.5,869.6,782.1,780.4,784.7,4.91,61.4,9.3,3.0,40.8,1.29,14.08,3.8,LANE_A,20000.0,-22.0,88.9,CRUISE_LOITER,LADAKH,2,0.4
1788499673.191,5130.5,2111.3,72.0,98.1,84.9,82.0,84.6,869.7,783.6,780.0,782.4,4.83,61.4,9.1,3.0,40.6,1.29,14.12,4.1,LANE_A,20000.0,-22.0,88.8,CRUISE_LOITER,LADAKH,2,0.4
1788499673.712,5044.8,2076.0,72.0,98.9,85.1,82.1,84.5,869.5,783.9,781.3,784.1,4.84,61.2,9.1,3.0,40.2,1.27,14.07,4.1,LANE_A,20000.0,-22.0,88.8,CRUISE_LOITER,LADAKH,2,0.4
1788499674.228,5123.2,2108.3,72.0,98.4,85.0,82.1,84.8,868.6,781.5,779.2,781.2,4.85,61.6,9.3,3.0,40.3,1.28,14.14,4.0,LANE_A,20000.0,-22.0,88.7,CRUISE_LOITER,LADAKH,2,0.4
1788499674.738,5081.6,2091.2,72.0,98.7,84.7,82.3,84.5,867.4,783.5,777.3,782.9,4.9,61.5,9.2,3.0,40.3,1.27,14.08,4.0,LANE_A,20000.0,-22.0,88.7,CRUISE_LOITER,LADAKH,2,0.4
1788499675.252,5103.5,2100.2,72.0,98.7,85.1,82.1,84.3,870.6,782.6,778.9,782.9,4.86,61.6,9.1,3.0,40.6,1.3,14.09,3.9,LANE_A,20000.0,-22.0,88.6,CRUISE_LOITER,LADAKH,2,0.4
1788499676.197,5078.1,2089.8,72.0,98.6,84.8,81.8,84.2,869.6,782.9,780.9,783.9,4.82,61.5,9.2,3.0,40.2,1.29,14.1,4.0,LANE_A,20000.0,-22.0,88.6,CRUISE_LOITER,LADAKH,2,0.4
1788499676.752,5085.4,2092.8,72.0,98.3,84.9,81.9,84.2,867.6,783.7,781.2,783.2,4.88,61.5,9.2,3.0,40.2,1.25,14.1,3.9,LANE_A,20000.0,-22.0,88.5,CRUISE_LOITER,LADAKH,2,0.4
1788499677.278,5041.6,2074.7,72.0,98.3,85.2,82.0,84.6,871.6,782.1,780.2,784.8,4.81,61.5,9.2,3.0,40.5,1.28,14.11,4.0,LANE_A,20000.0,-22.0,88.5,CRUISE_LOITER,LADAKH,2,0.4
1788499677.819,5108.3,2102.2,72.0,98.6,85.0,82.2,84.4,868.9,785.2,778.1,782.2,4.88,61.1,9.1,3.0,40.3,1.28,14.1,4.0,LANE_A,20000.0,-22.0,88.4,CRUISE_LOITER,LADAKH,2,0.4
1788499678.334,5077.5,2089.5,72.0,98.7,85.1,81.9,84.4,870.2,784.7,780.4,784.8,4.88,61.5,9.2,3.0,40.4,1.27,14.1,3.8,LANE_A,20000.0,-22.0,88.4,CRUISE_LOITER,LADAKH,2,0.4
1788499678.885,5096.4,2097.3,72.0,98.5,85.1,81.6,84.5,868.9,783.0,777.9,783.4,4.85,61.2,9.1,3.0,40.1,1.28,14.12,4.1,LANE_A,20000.0,-22.0,88.3,CRUISE_LOITER,LADAKH,2,0.4
1788499679.429,5095.0,2096.7,72.0,98.7,84.9,81.8,84.5,870.3,780.3,779.3,784.7,4.87,61.4,9.2,3.0,40.4,1.26,14.11,3.9,LANE_A,20000.0,-22.0,88.3,CRUISE_LOITER,LADAKH,2,0.4
1788499679.952,5086.8,2093.3,72.0,98.4,84.9,81.8,84.8,870.8,782.9,778.1,781.8,4.86,61.3,9.1,3.0,40.5,1.27,14.11,4.0,LANE_A,20000.0,-22.0,88.2,CRUISE_LOITER,LADAKH,2,0.4
1788499680.473,5100.7,2099.1,72.0,98.4,84.7,82.1,84.5,871.1,783.2,779.5,782.8,4.88,61.3,9.2,3.0,40.1,1.28,14.11,4.0,LANE_A,20000.0,-22.0,88.2,CRUISE_LOITER,LADAKH,2,0.4
1788499680.99,5063.4,2083.7,72.0,98.5,85.4,81.7,84.4,869.9,784.5,781.3,782.6,4.9,61.5,9.2,3.0,40.6,1.28,14.11,4.1,LANE_A,20000.0,-22.0,88.1,CRUISE_LOITER,LADAKH,2,0.4
1788499681.504,5115.4,2105.1,72.0,98.5,84.8,82.0,84.5,868.8,784.0,780.4,781.9,4.84,61.3,9.2,3.0,40.3,1.28,14.1,3.8,LANE_A,20000.0,-22.0,88.1,CRUISE_LOITER,LADAKH,2,0.4
1788499682.017,5114.0,2104.5,72.0,98.2,85.0,81.7,84.4,870.0,782.5,779.1,783.2,4.85,61.2,9.2,3.0,40.1,1.26,14.07,3.9,LANE_A,20000.0,-22.0,88.0,CRUISE_LOITER,LADAKH,2,0.4
1788499682.543,5082.5,2091.6,72.0,98.4,85.0,82.2,84.6,869.6,782.9,781.0,783.4,4.9,61.4,9.2,3.0,40.4,1.28,14.1,4.0,LANE_A,20000.0,-22.0,88.0,CRUISE_LOITER,LADAKH,2,0.4
1788499683.064,5089.7,2094.5,72.0,98.4,85.2,81.8,84.1,868.8,783.3,779.0,782.9,4.9,61.3,9.0,3.0,40.0,1.25,14.13,4.0,LANE_A,20000.0,-22.0,87.9,CRUISE_LOITER,LADAKH,2,0.4
1788499683.565,5091.5,2095.3,72.0,98.3,85.0,82.2,84.3,870.1,783.2,778.8,783.0,4.81,61.2,9.2,3.0,40.1,1.28,14.11,4.1,LANE_A,20000.0,-22.0,87.9,CRUISE_LOITER,LADAKH,2,0.4
1788499684.094,5088.5,2094.0,72.0,98.2,85.0,82.0,84.3,867.3,780.5,777.6,782.3,4.81,61.2,9.2,3.0,40.2,1.27,14.12,4.0,LANE_A,20000.0,-22.0,87.8,CRUISE_LOITER,LADAKH,2,0.4
1788499684.6,5091.3,2095.2,72.0,98.5,84.8,82.0,84.4,869.2,782.2,781.0,785.0,4.87,61.4,9.2,3.0,40.4,1.28,14.13,3.9,LANE_A,20000.0,-22.0,87.8,CRUISE_LOITER,LADAKH,2,0.4
1788499685.123,5098.0,2097.9,72.0,98.5,85.1,82.0,84.5,870.3,781.9,781.0,782.5,4.86,61.3,9.0,3.0,40.4,1.26,14.11,4.1,LANE_A,20000.0,-22.0,87.7,CRUISE_LOITER,LADAKH,2,0.4
1788499685.643,5124.2,2108.7,72.0,98.2,85.1,81.8,84.6,869.6,784.0,779.6,783.1,4.9,61.2,9.2,3.0,40.4,1.27,14.12,4.0,LANE_A,20000.0,-22.0,87.7,CRUISE_LOITER,LADAKH,2,0.4
1788499686.17,5106.8,2101.6,72.0,98.1,84.8,82.2,84.3,869.5,780.1,779.3,781.8,4.87,61.2,9.1,3.0,40.3,1.28,14.12,4.0,LANE_A,20000.0,-22.0,87.6,CRUISE_LOITER,LADAKH,2,0.4
1788499686.686,5058.9,2081.9,72.0,98.2,84.6,82.4,84.5,869.3,782.0,779.8,783.2,4.84,61.2,9.1,3.0,40.2,1.27,14.08,3.9,LANE_A,20000.0,-22.0,87.6,CRUISE_LOITER,LADAKH,2,0.4
1788499687.228,5098.6,2098.2,72.0,98.8,84.8,82.0,84.6,870.4,781.9,780.7,783.1,4.87,61.0,9.1,3.0,40.3,1.26,14.11,4.0,LANE_A,20000.0,-22.0,87.5,CRUISE_LOITER,LADAKH,2,0.4
1788499687.736,5086.8,2093.3,72.0,98.2,85.3,81.9,84.3,870.2,782.0,780.8,781.7,4.82,61.2,9.1,3.0,40.2,1.28,14.12,4.1,LANE_A,20000.0,-22.0,87.5,CRUISE_LOITER,LADAKH,2,0.4
1788499688.246,5099.0,2098.4,72.0,98.4,84.8,81.8,84.3,869.2,781.3,780.7,782.4,4.91,61.2,9.1,3.0,40.0,1.3,14.08,4.0,LANE_A,20000.0,-22.0,87.4,CRUISE_LOITER,LADAKH,2,0.4
1788499688.761,5090.7,2094.9,72.0,98.4,85.1,81.6,84.1,868.5,782.3,777.9,782.1,4.88,61.4,9.1,3.0,40.0,1.29,14.11,4.1,LANE_A,20000.0,-22.0,87.4,CRUISE_LOITER,LADAKH,2,0.4
1788499689.28,5093.7,2096.2,72.0,98.3,85.0,81.7,84.3,870.0,783.2,779.5,783.7,4.87,61.4,9.2,3.0,40.2,1.24,14.12,3.9,LANE_A,20000.0,-22.0,87.3,CRUISE_LOITER,LADAKH,2,0.4
1788499689.805,5136.4,2113.7,72.0,98.3,85.1,81.8,84.4,870.7,782.6,779.9,782.1,4.89,61.0,9.1,3.0,40.1,1.28,14.1,4.1,LANE_A,20000.0,-22.0,87.3,CRUISE_LOITER,LADAKH,2,0.4
1788499690.323,5092.4,2095.6,72.0,98.3,84.8,81.6,84.4,869.7,781.5,780.4,781.4,4.82,61.5,9.1,3.0,40.0,1.29,14.1,4.0,LANE_A,20000.0,-22.0,87.2,CRUISE_LOITER,LADAKH,2,0.4
1788499690.863,5074.4,2088.2,72.0,98.2,84.7,81.8,84.3,870.4,783.9,780.0,782.9,4.84,60.9,9.1,3.0,40.2,1.27,14.08,4.1,LANE_A,20000.0,-22.0,87.2,CRUISE_LOITER,LADAKH,2,0.4
1788499691.395,5090.4,2094.8,72.0,98.3,85.0,82.0,84.4,869.2,780.6,779.6,784.5,4.92,61.1,9.1,3.0,40.1,1.29,14.08,4.0,LANE_A,20000.0,-22.0,87.1,CRUISE_LOITER,LADAKH,2,0.4
1788499691.911,5075.9,2088.8,72.0,98.5,85.0,81.5,84.2,870.3,783.1,778.5,782.7,4.82,61.3,9.1,3.0,40.0,1.27,14.08,4.0,LANE_A,20000.0,-22.0,87.1,CRUISE_LOITER,LADAKH,2,0.4
1788499692.427,5099.0,2098.4,72.0,98.2,84.8,81.9,84.0,870.1,782.2,780.8,783.9,4.86,61.2,9.2,3.0,40.2,1.28,14.06,4.0,LANE_A,20000.0,-22.0,87.0,CRUISE_LOITER,LADAKH,2,0.4
1788499692.942,5054.1,2079.9,72.0,98.5,85.2,82.0,84.3,872.0,782.9,780.8,780.8,4.9,61.0,9.1,3.0,40.0,1.27,14.1,4.1,LANE_A,20000.0,-22.0,87.0,CRUISE_LOITER,LADAKH,2,0.4
1788499693.46,5109.2,2102.6,72.0,98.5,84.8,81.8,84.1,868.8,783.5,778.0,783.2,4.81,61.0,9.0,3.0,40.1,1.26,14.12,4.1,LANE_A,20000.0,-22.0,86.9,CRUISE_LOITER,LADAKH,2,0.4
1788499693.995,5086.1,2093.0,72.0,98.5,85.1,81.9,84.5,869.7,781.4,779.3,779.7,4.85,61.4,9.0,3.0,39.9,1.24,14.06,3.9,LANE_A,20000.0,-22.0,86.9,CRUISE_LOITER,LADAKH,2,0.4
1788499694.513,5084.6,2092.4,72.0,98.3,84.9,82.0,84.1,870.3,783.0,780.3,783.2,4.91,61.0,9.0,3.0,40.0,1.3,14.08,4.0,LANE_A,20000.0,-22.0,86.8,CRUISE_LOITER,LADAKH,2,0.4
1788499695.059,5070.5,2086.6,72.0,98.5,84.8,81.9,84.5,869.9,781.8,779.6,779.7,4.86,61.4,9.1,3.0,39.9,1.28,14.1,3.9,LANE_A,20000.0,-22.0,86.8,CRUISE_LOITER,LADAKH,2,0.4
1788499695.929,5086.0,2093.0,72.0,98.0,85.0,82.0,84.2,868.8,782.0,780.3,783.9,4.86,61.0,9.1,3.0,39.9,1.27,14.1,4.2,LANE_A,20000.0,-22.0,86.7,CRUISE_LOITER,LADAKH,2,0.4
1788499696.433,5098.9,2098.3,72.0,98.1,84.4,81.6,84.3,868.7,783.0,780.4,782.9,4.88,61.2,9.1,3.0,39.8,1.28,14.09,4.0,LANE_A,20000.0,-22.0,86.7,CRUISE_LOITER,LADAKH,2,0.4
1788499696.949,5106.6,2101.5,72.0,98.2,84.4,81.7,84.1,871.1,782.5,777.5,783.2,4.89,61.2,9.1,3.0,40.1,1.27,14.1,4.0,LANE_A,20000.0,-22.0,86.6,CRUISE_LOITER,LADAKH,2,0.4
1788499697.485,5111.3,2103.4,72.0,97.8,84.7,81.7,84.2,869.7,784.1,779.5,782.0,4.84,60.9,9.2,3.0,40.0,1.27,14.08,3.9,LANE_A,20000.0,-22.0,86.6,CRUISE_LOITER,LADAKH,2,0.4
1788499698.014,5081.5,2091.2,72.0,98.0,84.8,81.8,84.6,870.0,781.8,778.3,780.8,4.86,61.1,9.1,3.0,40.0,1.25,14.08,3.8,LANE_A,20000.0,-22.0,86.5,CRUISE_LOITER,LADAKH,2,0.4
1788499698.555,5065.2,2084.4,72.0,98.1,84.8,81.7,84.0,869.3,781.2,780.3,782.8,4.86,60.8,9.0,3.0,40.1,1.27,14.11,4.1,LANE_A,20000.0,-22.0,86.5,CRUISE_LOITER,LADAKH,2,0.4
1788499699.086,5100.9,2099.1,72.0,98.2,84.7,82.0,84.3,868.9,784.3,781.3,783.8,4.83,61.1,9.0,3.0,39.9,1.25,14.11,4.0,LANE_A,20000.0,-22.0,86.4,CRUISE_LOITER,LADAKH,2,0.4
1788499699.625,5090.4,2094.8,72.0,98.1,84.8,81.9,84.5,868.9,782.7,780.4,782.2,4.87,61.1,9.1,3.0,40.0,1.27,14.1,3.9,LANE_A,20000.0,-22.0,86.4,CRUISE_LOITER,LADAKH,2,0.4
1788499700.465,5083.7,2092.1,72.0,98.3,84.8,82.2,84.2,868.6,783.9,778.3,782.5,4.86,60.9,9.1,3.0,40.2,1.29,14.1,4.0,LANE_A,20000.0,-22.0,86.4,CRUISE_LOITER,LADAKH,2,0.4
1788499701.0,5084.2,2092.3,72.0,98.3,85.0,81.4,84.1,870.0,784.9,778.9,784.3,4.85,61.2,9.1,3.0,40.1,1.29,14.08,4.0,LANE_A,20000.0,-22.0,86.3,CRUISE_LOITER,LADAKH,2,0.4
1788499701.523,5112.9,2104.1,72.0,98.2,84.6,81.7,84.2,867.7,779.8,779.4,782.4,4.9,61.1,9.1,3.0,40.0,1.28,14.11,4.1,LANE_A,20000.0,-22.0,86.3,CRUISE_LOITER,LADAKH,2,0.4
1788499702.044,5056.7,2080.9,72.0,98.3,84.6,81.6,84.4,868.6,784.8,779.7,785.0,4.93,61.2,9.1,3.0,40.0,1.26,14.09,4.0,LANE_A,20000.0,-22.0,86.2,CRUISE_LOITER,LADAKH,2,0.4
1788499702.573,5036.6,2072.7,72.0,98.2,84.6,81.7,84.5,869.2,783.6,780.0,781.8,4.9,61.5,9.1,3.0,39.8,1.26,14.08,4.0,LANE_A,20000.0,-22.0,86.2,CRUISE_LOITER,LADAKH,2,0.4
1788499703.12,5057.0,2081.1,72.0,98.0,84.6,81.7,84.2,869.1,785.3,778.6,782.3,4.87,61.0,9.0,3.0,39.9,1.29,14.1,4.2,LANE_A,20000.0,-22.0,86.1,CRUISE_LOITER,LADAKH,2,0.4
1788499703.652,5105.0,2100.8,72.0,98.1,84.9,81.6,84.2,871.1,782.8,780.7,783.1,4.82,61.1,9.1,3.0,40.0,1.25,14.09,4.2,LANE_A,20000.0,-22.0,86.1,CRUISE_LOITER,LADAKH,2,0.4
1788499704.182,5044.3,2075.8,72.0,98.5,84.7,81.6,84.2,871.5,782.6,781.8,782.2,4.89,61.0,8.9,3.0,39.9,1.25,14.13,4.0,LANE_A,20000.0,-22.0,86.0,CRUISE_LOITER,LADAKH,2,0.4
1788499704.707,5082.1,2091.4,72.0,98.1,84.8,81.6,84.0,870.4,784.5,780.4,783.2,4.85,60.9,9.1,3.0,40.1,1.29,14.13,4.0,LANE_A,20000.0,-22.0,86.0,CRUISE_LOITER,LADAKH,2,0.4
1788499705.221,5087.1,2093.5,72.0,97.8,84.6,81.8,84.4,868.8,783.5,779.7,781.3,4.86,61.2,9.0,3.0,39.6,1.29,14.12,4.0,LANE_A,20000.0,-22.0,85.9,CRUISE_LOITER,LADAKH,2,0.4
1788499705.741,5076.5,2089.1,72.0,98.4,84.8,81.6,84.4,870.9,782.5,780.2,782.8,4.91,61.2,9.0,3.0,39.8,1.27,14.09,3.9,LANE_A,20000.0,-22.0,85.9,CRUISE_LOITER,LADAKH,2,0.4
1788499706.262,5066.5,2085.0,72.0,98.3,84.7,81.6,84.2,871.9,783.5,781.3,783.2,4.87,61.2,9.2,3.0,39.9,1.27,14.1,4.1,LANE_A,20000.0,-22.0,85.8,CRUISE_LOITER,LADAKH,2,0.4
1788499706.779,5071.0,2086.8,72.0,98.0,84.3,81.6,84.4,868.5,779.0,779.2,781.8,4.87,61.0,9.1,3.0,39.8,1.28,14.13,4.1,LANE_A,20000.0,-22.0,85.8,CRUISE_LOITER,LADAKH,2,0.4
1788499707.318,5066.2,2084.9,72.0,98.1,84.7,81.8,84.0,868.6,782.6,778.2,782.0,4.87,60.9,9.0,3.0,39.9,1.3,14.1,4.0,LANE_A,20000.0,-22.0,85.8,CRUISE_LOITER,LADAKH,2,0.4
1788499707.835,5057.9,2081.4,72.0,98.0,84.8,81.7,84.0,867.9,782.1,778.9,782.5,4.87,60.8,9.1,3.0,39.7,1.26,14.13,3.9,LANE_A,20000.0,-22.0,85.7,CRUISE_LOITER,LADAKH,2,0.4
1788499708.385,5083.6,2092.0,72.0,98.3,84.6,81.6,84.1,870.4,781.2,777.1,784.0,4.91,61.1,9.1,3.0,40.0,1.27,14.06,4.0,LANE_A,20000.0,-22.0,85.7,CRUISE_LOITER,LADAKH,2,0.4
1788499708.911,5101.9,2099.5,72.0,98.1,84.6,81.7,84.2,867.8,783.0,779.9,783.1,4.9,61.1,9.0,3.0,40.0,1.24,14.08,4.0,LANE_A,20000.0,-22.0,85.6,CRUISE_LOITER,LADAKH,2,0.4
1788499709.449,5111.5,2103.5,72.0,98.1,84.7,81.6,83.9,869.1,780.6,781.8,785.1,4.85,61.0,9.0,3.0,40.0,1.27,14.08,4.1,LANE_A,20000.0,-22.0,85.6,CRUISE_LOITER,LADAKH,2,0.4
1788499710.003,5075.1,2088.5,72.0,98.3,84.5,81.5,84.1,870.0,782.5,779.6,782.9,4.89,61.1,9.0,3.0,40.1,1.27,14.09,3.8,LANE_A,20000.0,-22.0,85.5,CRUISE_LOITER,LADAKH,2,0.4
1788499710.523,5122.3,2107.9,72.0,98.0,84.7,81.5,84.2,871.4,783.8,779.2,783.3,4.89,61.1,9.0,3.0,39.6,1.28,14.12,4.0,LANE_A,20000.0,-22.0,85.5,CRUISE_LOITER,LADAKH,2,0.4
1788499711.047,5080.8,2090.9,72.0,98.0,84.4,81.6,84.0,870.2,783.3,778.7,783.4,4.93,61.1,9.0,3.0,39.8,1.26,14.13,4.1,LANE_A,20000.0,-22.0,85.4,CRUISE_LOITER,LADAKH,2,0.4
1788499711.61,5060.7,2082.6,72.0,98.3,84.7,81.4,83.7,868.1,783.3,781.8,782.4,4.85,60.8,9.1,3.0,39.8,1.25,14.09,4.1,LANE_A,20000.0,-22.0,85.4,CRUISE_LOITER,LADAKH,2,0.4
1788499712.131,5087.2,2093.5,72.0,98.0,84.4,81.4,83.7,871.4,781.2,780.3,781.5,4.83,61.0,8.9,3.0,39.7,1.28,14.05,4.0,LANE_A,20000.0,-22.0,85.4,CRUISE_LOITER,LADAKH,2,0.4
1788499712.651,5053.9,2079.8,72.0,98.3,84.5,81.6,84.0,871.1,782.9,777.5,781.8,4.81,60.9,9.0,3.0,39.8,1.25,14.07,4.0,LANE_A,20000.0,-22.0,85.3,CRUISE_LOITER,LADAKH,2,0.4
1788499713.181,5095.7,2097.0,72.0,98.1,84.5,81.5,84.2,869.6,783.4,779.3,781.8,4.89,60.9,9.0,3.0,39.8,1.29,14.11,4.0,LANE_A,20000.0,-22.0,85.3,CRUISE_LOITER,LADAKH,2,0.4
1788499713.716,5103.4,2100.2,72.0,98.2,84.6,81.7,84.3,868.8,782.5,780.5,781.2,4.87,61.0,9.0,3.0,39.9,1.26,14.1,4.0,LANE_A,20000.0,-22.0,85.2,CRUISE_LOITER,LADAKH,2,0.4
1788499714.235,5065.6,2084.6,72.0,98.2,84.8,81.5,84.0,867.7,783.4,779.6,783.2,4.87,60.8,9.1,3.0,39.6,1.28,14.13,4.2,LANE_A,20000.0,-22.0,85.2,CRUISE_LOITER,LADAKH,2,0.4
1788499714.767,5033.5,2071.4,72.0,98.3,84.5,81.6,84.1,871.2,781.4,780.6,783.2,4.86,60.7,9.0,3.0,39.9,1.29,14.12,4.2,LANE_A,20000.0,-22.0,85.2,CRUISE_LOITER,LADAKH,2,0.4
1788499715.298,5100.6,2099.0,72.0,98.1,84.6,81.6,84.2,870.1,785.0,780.0,781.1,4.86,60.8,9.0,3.0,39.7,1.28,14.1,4.0,LANE_A,20000.0,-22.0,85.1,CRUISE_LOITER,LADAKH,2,0.4
1788499716.235,5075.0,2088.5,72.0,98.2,84.5,81.7,84.2,873.6,784.5,779.7,783.1,4.88,60.8,8.9,3.0,39.6,1.27,14.09,4.0,LANE_A,20000.0,-22.0,85.1,CRUISE_LOITER,LADAKH,2,0.4
1788499716.75,5092.6,2095.7,72.0,98.2,84.5,81.5,84.0,870.6,781.8,778.5,783.1,4.83,61.0,8.9,3.0,39.7,1.28,14.1,3.9,LANE_A,20000.0,-22.0,85.0,CRUISE_LOITER,LADAKH,2,0.4
1788499717.263,5050.5,2078.4,72.0,97.8,84.6,81.7,84.2,872.4,781.6,780.1,783.6,4.88,61.0,9.0,3.0,39.8,1.25,14.11,4.0,LANE_A,20000.0,-22.0,85.0,CRUISE_LOITER,LADAKH,2,0.4
1788499717.792,5068.1,2085.6,72.0,97.7,84.5,81.2,84.0,870.2,784.0,780.9,785.2,4.85,60.9,9.0,3.0,39.6,1.27,14.09,4.1,LANE_A,20000.0,-22.0,85.0,CRUISE_LOITER,LADAKH,2,0.4
1788499718.307,5079.3,2090.2,72.0,97.7,84.6,81.5,84.0,871.3,784.2,777.6,783.4,4.83,60.7,9.0,3.0,39.9,1.29,14.09,4.0,LANE_A,20000.0,-22.0,84.9,CRUISE_LOITER,LADAKH,2,0.4
1788499718.821,5080.5,2090.7,72.0,98.0,84.3,81.7,83.8,870.7,782.6,779.8,781.3,4.82,61.0,8.9,3.0,39.8,1.29,14.13,4.0,LANE_A,20000.0,-22.0,84.9,CRUISE_LOITER,LADAKH,2,0.4
1788499719.336,5078.2,2089.8,72.0,97.9,84.5,81.5,84.0,871.4,784.5,779.9,782.6,4.9,60.8,9.0,3.0,39.9,1.26,14.11,4.0,LANE_A,20000.0,-22.0,84.8,CRUISE_LOITER,LADAKH,2,0.4
1788499719.857,5056.2,2080.7,72.0,98.0,84.5,81.6,83.8,868.4,782.3,778.7,782.4,4.8,60.9,8.9,3.0,39.8,1.27,14.12,4.0,LANE_A,20000.0,-22.0,84.8,CRUISE_LOITER,LADAKH,2,0.4
1788499720.373,5077.5,2089.5,72.0,98.1,84.5,81.2,83.7,868.4,783.0,780.8,782.2,4.88,60.6,8.9,3.0,39.7,1.25,14.09,4.0,LANE_A,20000.0,-22.0,84.8,CRUISE_LOITER,LADAKH,2,0.4
1788499720.89,5081.8,2091.3,72.0,97.7,84.7,81.6,84.2,869.9,781.5,779.4,784.5,4.87,60.9,9.0,3.0,39.5,1.27,14.14,4.0,LANE_A,20000.0,-22.0,84.7,CRUISE_LOITER,LADAKH,2,0.4
1788499721.401,5076.5,2089.1,72.0,97.9,84.4,81.3,84.0,867.6,782.7,780.8,782.2,4.87,60.9,8.9,3.0,39.8,1.28,14.11,3.9,LANE_A,20000.0,-22.0,84.7,CRUISE_LOITER,LADAKH,2,0.4
1788499721.921,5064.4,2084.1,72.0,97.8,84.5,81.4,84.1,868.4,782.8,780.6,781.4,4.89,60.7,9.0,3.0,39.6,1.27,14.1,3.8,LANE_A,20000.0,-22.0,84.6,CRUISE_LOITER,LADAKH,2,0.4
1788499722.432,5082.6,2091.6,72.0,97.9,84.6,81.2,84.2,866.9,782.6,778.1,782.2,4.89,60.6,9.0,3.0,39.8,1.27,14.09,3.9,LANE_A,20000.0,-22.0,84.6,CRUISE_LOITER,LADAKH,2,0.4
1788499722.946,5083.1,2091.8,72.0,97.7,84.7,81.3,83.7,870.5,784.1,781.4,782.4,4.88,60.8,9.0,3.0,39.5,1.29,14.1,4.0,LANE_A,20000.0,-22.0,84.6,CRUISE_LOITER,LADAKH,2,0.4
1788499723.474,5042.2,2075.0,72.0,98.0,84.4,81.2,84.1,869.0,785.2,778.7,783.6,4.82,60.6,9.0,3.0,39.6,1.24,14.12,4.0,LANE_A,20000.0,-22.0,84.5,CRUISE_LOITER,LADAKH,2,0.4
1788499723.985,5095.3,2096.8,72.0,97.8,84.4,81.2,83.6,868.3,782.0,777.8,785.5,4.81,61.0,8.9,3.0,39.8,1.27,14.09,4.1,LANE_A,20000.0,-22.0,84.5,CRUISE_LOITER,LADAKH,2,0.4
1788499724.511,5094.5,2096.5,72.0,98.0,84.4,81.7,84.2,869.8,781.6,782.5,783.0,4.85,60.5,9.0,3.0,39.5,1.28,14.1,3.8,LANE_A,20000.0,-22.0,84.5,CRUISE_LOITER,LADAKH,2,0.4
1788499725.033,5073.7,2087.9,72.0,98.0,84.0,81.2,84.1,870.0,781.0,777.9,784.2,4.85,60.8,9.1,3.0,39.6,1.28,14.13,4.1,LANE_A,20000.0,-22.0,84.4,CRUISE_LOITER,LADAKH,2,0.4
1788499725.548,5042.5,2075.1,72.0,97.6,84.7,81.5,84.0,870.8,783.8,776.9,781.4,4.85,60.8,8.9,3.0,39.5,1.25,14.06,3.8,LANE_A,20000.0,-22.0,84.4,CRUISE_LOITER,LADAKH,2,0.4
1788499726.078,5085.0,2092.6,72.0,97.6,84.8,81.8,84.1,873.6,782.1,780.8,784.0,4.85,60.3,8.9,3.0,39.6,1.26,14.09,4.1,LANE_A,20000.0,-22.0,84.4,CRUISE_LOITER,LADAKH,2,0.4
1788499726.592,5067.5,2085.4,72.0,97.8,84.4,81.5,84.0,869.8,783.8,779.3,784.5,4.95,60.8,9.0,3.0,39.5,1.27,14.09,4.1,LANE_A,20000.0,-22.0,84.3,CRUISE_LOITER,LADAKH,2,0.4
1788499727.112,5093.4,2096.0,72.0,97.9,84.6,81.0,84.0,870.8,781.1,778.6,784.0,4.88,60.8,9.0,3.0,39.7,1.3,14.07,3.9,LANE_A,20000.0,-22.0,84.3,CRUISE_LOITER,LADAKH,2,0.4
1788499727.639,5092.3,2095.6,72.0,98.0,84.4,81.5,83.9,870.3,782.5,778.0,783.3,4.83,60.7,9.0,3.0,39.5,1.28,14.07,4.0,LANE_A,20000.0,-22.0,84.3,CRUISE_LOITER,LADAKH,2,0.4
1788499728.147,5081.3,2091.1,72.0,97.8,84.4,81.5,83.9,870.1,782.5,780.3,783.5,4.87,60.4,9.0,3.0,39.3,1.26,14.1,3.9,LANE_A,20000.0,-22.0,84.2,CRUISE_LOITER,LADAKH,2,0.4
1788499728.675,5073.9,2088.0,72.0,97.6,84.2,81.6,83.8,869.9,783.0,780.0,783.9,4.82,60.6,8.9,3.0,39.5,1.28,14.09,3.9,LANE_A,20000.0,-22.0,84.2,CRUISE_LOITER,LADAKH,2,0.4
1788499729.179,5059.8,2082.2,72.0,98.0,84.5,81.4,84.2,872.7,784.4,779.3,781.5,4.85,60.5,8.9,3.0,39.5,1.26,14.1,4.1,LANE_A,20000.0,-22.0,84.2,CRUISE_LOITER,LADAKH,2,0.4
1788499729.709,5100.4,2098.9,72.0,97.9,84.0,81.5,83.9,870.5,783.1,780.1,782.4,4.82,60.8,9.0,3.0,39.6,1.28,14.08,3.9,LANE_A,20000.0,-22.0,84.1,CRUISE_LOITER,LADAKH,2,0.4
1788499730.221,5058.9,2081.9,72.0,98.2,84.4,81.3,83.7,868.4,781.4,780.6,782.6,4.88,60.8,8.9,3.0,39.7,1.27,14.09,3.9,LANE_A,20000.0,-22.0,84.1,CRUISE_LOITER,LADAKH,2,0.4
1788499730.739,5084.2,2092.3,72.0,97.9,84.7,81.6,84.5,870.6,779.9,779.6,784.6,4.89,60.5,8.8,2.9,39.5,1.25,14.1,4.0,LANE_A,20000.0,-22.0,84.1,CRUISE_LOITER,LADAKH,2,0.4
1788499731.248,5057.0,2081.1,72.0,97.7,84.4,81.2,83.6,870.1,783.4,778.3,782.2,4.88,60.5,8.9,3.0,39.5,1.26,14.15,4.0,LANE_A,20000.0,-22.0,84.0,CRUISE_LOITER,LADAKH,2,0.4
1788499731.766,5054.3,2080.0,72.0,97.8,84.5,81.3,83.7,869.5,784.5,778.1,780.2,4.87,60.8,8.9,3.0,39.8,1.26,14.11,4.1,LANE_A,20000.0,-22.0,84.0,CRUISE_LOITER,LADAKH,2,0.4
1788499732.276,5046.7,2076.8,72.0,97.5,84.7,81.7,84.0,868.4,781.1,780.3,781.2,4.86,60.4,9.0,3.0,39.5,1.25,14.09,4.0,LANE_A,20000.0,-22.0,84.0,CRUISE_LOITER,LADAKH,2,0.4
1788499732.791,5065.3,2084.5,72.0,97.8,84.2,81.3,83.6,870.0,783.1,780.8,783.5,4.84,60.7,8.8,3.0,39.6,1.28,14.09,3.9,LANE_A,20000.0,-22.0,83.9,CRUISE_LOITER,LADAKH,2,0.4
1788499733.308,5112.0,2103.7,72.0,97.9,84.4,81.2,83.7,870.8,782.5,779.1,783.4,4.85,60.7,8.8,3.0,39.4,1.28,14.1,3.9,LANE_A,20000.0,-22.0,83.9,CRUISE_LOITER,LADAKH,2,0.4
1788499733.826,5083.8,2092.1,72.0,98.0,84.3,81.2,84.0,868.8,782.9,781.3,781.2,4.85,60.5,9.0,3.0,39.3,1.27,14.1,4.2,LANE_A,20000.0,-22.0,83.9,CRUISE_LOITER,LADAKH,2,0.4
1788499734.344,5065.4,2084.5,72.0,98.0,84.3,81.5,83.4,868.8,783.0,780.8,782.4,4.84,60.6,8.9,3.0,39.5,1.27,14.12,4.2,LANE_A,20000.0,-22.0,83.9,CRUISE_LOITER,LADAKH,2,0.4
1788499734.854,5052.6,2079.3,72.0,97.9,84.0,81.1,84.0,870.4,783.8,779.2,783.0,4.88,60.5,8.9,3.0,39.4,1.31,14.13,4.1,LANE_A,20000.0,-22.0,83.8,CRUISE_LOITER,LADAKH,2,0.4
1788499735.368,5069.2,2086.1,72.0,97.5,84.0,81.1,83.8,869.3,781.9,779.1,784.3,4.86,60.5,8.8,3.0,39.6,1.28,14.1,4.1,LANE_A,20000.0,-22.0,83.8,CRUISE_LOITER,LADAKH,2,0.4
1788499736.263,5031.4,2070.5,72.0,97.9,84.2,81.2,84.0,869.4,781.2,780.7,783.3,4.87,60.6,8.9,3.0,39.5,1.28,14.11,3.8,LANE_A,20000.0,-22.0,83.8,CRUISE_LOITER,LADAKH,2,0.4
1788499736.775,5082.7,2091.6,72.0,97.7,84.1,81.5,83.7,869.4,783.6,780.2,784.3,4.82,60.6,8.9,3.0,39.5,1.25,14.12,4.1,LANE_A,20000.0,-22.0,83.8,CRUISE_LOITER,LADAKH,2,0.4
1788499737.286,5090.4,2094.8,72.0,97.7,84.3,81.3,83.9,869.5,781.5,780.3,780.4,4.87,60.7,9.0,3.0,39.3,1.27,14.08,4.1,LANE_A,20000.0,-22.0,83.7,CRUISE_LOITER,LADAKH,2,0.4
1788499737.83,5088.5,2094.0,72.0,97.9,84.0,81.1,83.6,871.1,780.1,780.6,782.8,4.89,60.6,8.9,3.0,39.6,1.3,14.11,4.1,LANE_A,20000.0,-22.0,83.7,CRUISE_LOITER,LADAKH,2,0.4
1788499738.344,5120.8,2107.3,72.0,97.8,83.9,81.3,83.9,869.8,782.7,782.0,784.7,4.88,60.8,8.9,3.0,39.2,1.28,14.12,4.1,LANE_A,20000.0,-22.0,83.7,CRUISE_LOITER,LADAKH,2,0.4
1788499738.867,5066.0,2084.8,72.0,97.4,84.1,81.0,83.4,869.8,783.3,780.2,784.2,4.89,60.5,8.9,3.0,39.5,1.24,14.14,4.0,LANE_A,20000.0,-22.0,83.6,CRUISE_LOITER,LADAKH,2,0.4
1788499739.413,5031.1,2070.4,72.0,97.4,84.0,81.0,83.8,869.6,783.2,779.7,783.5,4.84,60.5,8.9,3.0,39.3,1.27,14.1,4.1,LANE_A,20000.0,-22.0,83.6,CRUISE_LOITER,LADAKH,2,0.4
1788499739.925,5113.0,2104.1,72.0,97.5,84.3,81.3,83.5,869.5,782.0,777.6,781.9,4.89,60.2,9.0,3.0,39.4,1.27,14.1,4.0,LANE_A,20000.0,-22.0,83.6,CRUISE_LOITER,LADAKH,2,0.4
1788499740.443,5049.0,2077.8,72.0,97.4,84.1,81.0,83.4,868.0,782.9,780.4,783.8,4.9,60.5,8.9,3.0,39.4,1.25,14.08,4.1,LANE_A,20000.0,-22.0,83.6,CRUISE_LOITER,LADAKH,2,0.4
1788499740.962,5072.0,2087.2,72.0,97.8,84.2,81.1,83.7,868.3,784.1,780.3,781.3,4.9,60.4,9.0,3.0,39.3,1.3,14.15,4.0,LANE_A,20000.0,-22.0,83.6,CRUISE_LOITER,LADAKH,2,0.4
1788499741.475,5049.5,2078.0,72.0,97.7,84.3,81.3,83.8,871.6,784.2,781.9,784.6,4.85,60.4,8.9,3.0,39.4,1.28,14.09,3.9,LANE_A,20000.0,-22.0,83.5,CRUISE_LOITER,LADAKH,2,0.4
1788499741.998,5044.2,2075.8,72.0,98.2,83.8,81.1,83.8,868.4,784.0,779.3,784.9,4.83,60.4,9.0,3.0,39.4,1.28,14.1,4.0,LANE_A,20000.0,-22.0,83.5,CRUISE_LOITER,LADAKH,2,0.4
1788499742.503,5054.3,2080.0,72.0,97.7,84.2,81.2,83.5,871.1,781.5,777.9,782.3,4.84,60.6,9.0,3.0,39.5,1.3,14.11,3.9,LANE_A,20000.0,-22.0,83.5,CRUISE_LOITER,LADAKH,2,0.4
1788499743.034,5018.9,2065.4,72.0,97.5,84.2,81.2,84.1,868.9,782.4,781.3,782.7,4.85,60.5,8.9,3.0,39.2,1.27,14.1,4.1,LANE_A,20000.0,-22.0,83.5,CRUISE_LOITER,LADAKH,2,0.4
1788499743.563,5062.3,2083.3,72.0,97.6,84.0,80.8,83.3,867.0,783.0,780.6,783.8,4.83,60.3,9.0,3.0,39.2,1.28,14.06,4.1,LANE_A,20000.0,-22.0,83.4,CRUISE_LOITER,LADAKH,2,0.4
1788499744.097,5042.9,2075.3,72.0,97.5,84.1,80.8,83.7,870.1,783.3,780.3,783.9,4.89,60.5,8.9,3.0,39.1,1.29,14.1,4.0,LANE_A,20000.0,-22.0,83.4,CRUISE_LOITER,LADAKH,2,0.4
1788499744.621,5018.1,2065.1,72.0,97.5,84.0,81.3,83.4,869.8,781.1,779.2,782.8,4.87,60.4,8.9,3.0,39.4,1.27,14.1,4.0,LANE_A,20000.0,-22.0,83.4,CRUISE_LOITER,LADAKH,2,0.4
1788499745.136,5031.7,2070.7,72.0,97.4,84.2,80.8,83.8,868.2,782.7,780.2,783.8,4.85,60.5,8.9,3.0,39.3,1.27,14.12,3.9,LANE_A,20000.0,-22.0,83.4,CRUISE_LOITER,LADAKH,2,0.4
1788499745.648,5071.6,2087.1,72.0,97.7,84.0,81.0,83.7,869.8,783.1,780.8,782.7,4.79,60.3,8.8,3.0,39.3,1.27,14.09,4.0,LANE_A,20000.0,-22.0,83.4,CRUISE_LOITER,LADAKH,2,0.4
1788499746.167,5067.7,2085.5,72.0,97.5,83.9,81.4,83.7,869.4,783.4,780.1,782.5,4.82,60.3,8.9,3.0,39.2,1.3,14.11,4.1,LANE_A,20000.0,-22.0,83.3,CRUISE_LOITER,LADAKH,2,0.4
1788499746.675,5069.1,2086.0,72.0,97.5,84.1,81.1,83.6,871.2,785.9,779.9,784.2,4.87,60.6,9.0,3.0,39.3,1.29,14.11,4.0,LANE_A,20000.0,-22.0,83.3,CRUISE_LOITER,LADAKH,2,0.4
1788499747.195,5049.8,2078.1,72.0,97.6,84.1,81.4,83.4,868.7,781.7,780.1,782.0,4.85,60.5,8.7,3.0,39.3,1.27,14.1,4.0,LANE_A,20000.0,-22.0,83.3,CRUISE_LOITER,LADAKH,2,0.4
1788499747.704,5101.9,2099.5,72.0,97.3,83.8,81.1,83.6,868.9,782.5,778.6,782.6,4.86,60.3,8.8,3.0,39.3,1.26,14.09,3.9,LANE_A,20000.0,-22.0,83.3,CRUISE_LOITER,LADAKH,2,0.4
1788499748.24,5048.0,2077.4,72.0,97.3,83.6,81.2,83.3,869.7,782.0,779.1,784.5,4.91,60.2,8.8,3.0,39.5,1.27,14.08,4.0,LANE_A,20000.0,-22.0,83.3,CRUISE_LOITER,LADAKH,2,0.4
1788499748.751,5071.5,2087.0,72.0,97.6,83.8,80.9,83.2,869.1,783.0,779.3,782.6,4.83,60.5,8.8,3.0,39.1,1.28,14.08,4.0,LANE_A,20000.0,-22.0,83.3,CRUISE_LOITER,LADAKH,2,0.4
1788499749.261,5056.3,2080.8,72.0,97.6,84.1,81.0,83.2,867.4,782.0,782.0,783.2,4.85,60.4,8.9,3.0,39.3,1.24,14.11,3.9,LANE_A,20000.0,-22.0,83.2,CRUISE_LOITER,LADAKH,2,0.4
1788499749.787,5072.9,2087.6,72.0,97.3,83.9,81.2,83.7,870.9,782.6,781.7,781.8,4.84,60.2,8.8,3.0,39.2,1.27,14.09,4.1,LANE_A,20000.0,-22.0,83.2,CRUISE_LOITER,LADAKH,2,0.4
1788499750.298,5066.1,2084.8,72.0,97.6,84.1,80.9,83.1,869.8,781.8,781.2,782.6,4.84,60.0,8.9,3.0,39.3,1.28,14.09,4.0,LANE_A,20000.0,-22.0,83.2,CRUISE_LOITER,LADAKH,2,0.4
1788499750.808,5044.0,2075.7,72.0,97.4,84.1,81.1,83.4,872.0,781.8,782.0,781.8,4.88,60.2,8.8,3.0,39.4,1.28,14.07,4.1,LANE_A,20000.0,-22.0,83.2,CRUISE_LOITER,LADAKH,2,0.4
1788499751.33,5042.3,2075.0,72.0,97.4,83.9,81.2,83.6,867.5,783.9,779.0,782.6,4.88,60.4,8.9,3.0,39.4,1.28,14.13,3.8,LANE_A,20000.0,-22.0,83.2,CRUISE_LOITER,LADAKH,2,0.4
1788499751.837,5062.6,2083.4,72.0,97.2,83.9,81.0,83.8,868.4,784.4,779.8,781.4,4.87,60.4,8.8,3.0,39.2,1.28,14.11,4.1,LANE_A,20000.0,-22.0,83.2,CRUISE_LOITER,LADAKH,2,0.4
1788499752.361,5058.9,2081.9,72.0,97.4,83.7,80.7,83.3,870.3,783.2,777.7,783.4,4.85,60.3,8.9,3.0,39.2,1.26,14.1,3.9,LANE_A,20000.0,-22.0,83.2,CRUISE_LOITER,LADAKH,2,0.4
1788499752.873,5050.8,2078.5,72.0,97.4,84.2,80.9,83.3,870.1,784.5,780.8,781.3,4.83,60.2,8.9,3.0,39.2,1.27,14.11,3.9,LANE_A,20000.0,-22.0,83.1,CRUISE_LOITER,LADAKH,2,0.4
1788499753.391,5025.6,2068.1,72.0,97.3,84.4,81.2,83.2,869.5,782.0,779.6,782.9,4.89,60.6,8.8,3.0,39.2,1.28,14.12,3.9,LANE_A,20000.0,-22.0,83.1,CRUISE_LOITER,LADAKH,2,0.4
1788499753.918,5047.0,2077.0,72.0,97.3,83.8,81.3,83.1,871.3,783.5,781.0,781.3,4.82,60.3,8.8,3.0,39.2,1.29,14.11,3.9,LANE_A,20000.0,-22.0,83.1,CRUISE_LOITER,LADAKH,2,0.4
1788499754.45,5078.9,2090.1,72.0,97.6,84.0,81.0,83.5,869.7,782.9,778.9,782.2,4.87,60.1,8.9,3.0,39.3,1.26,14.1,3.9,LANE_A,20000.0,-22.0,83.1,CRUISE_LOITER,LADAKH,2,0.4
1788499755.044,5164.3,2125.2,72.0,81.2,83.5,81.2,83.3,778.1,779.9,779.6,783.2,4.8,60.4,11.4,3.0,39.3,0.82,14.08,3.9,LANE_A,20000.0,-22.0,83.1,CRUISE_LOITER,LADAKH,5,0.98
1788499755.596,5151.8,2120.1,72.0,81.3,83.9,80.8,83.4,777.7,783.8,780.3,782.5,4.85,61.7,11.4,3.0,39.5,1.07,14.08,4.1,LANE_A,20000.0,-22.0,83.1,CRUISE_LOITER,LADAKH,5,0.94
1788499756.149,5132.0,2111.9,72.0,81.5,84.0,81.8,83.6,777.8,781.5,784.5,783.7,4.86,60.1,11.3,3.0,39.2,0.75,14.12,4.1,LANE_A,20000.0,-22.0,83.1,CRUISE_LOITER,LADAKH,6,0.98
1788499756.675,5132.3,2112.1,72.0,81.2,83.6,83.1,83.1,777.5,785.0,792.5,783.4,4.83,60.1,11.3,3.0,39.2,0.76,14.08,4.0,LANE_A,20000.0,-22.0,83.1,CRUISE_LOITER,LADAKH,6,0.94
1788499757.211,5128.9,2110.7,72.0,81.1,84.0,84.8,83.4,778.8,782.7,798.6,782.4,4.84,60.3,11.2,3.0,39.1,0.76,14.09,3.9,LANE_A,20000.0,-22.0,83.1,CRUISE_LOITER,LADAKH,6,0.9
1788499757.782,5132.2,2112.0,72.0,81.5,84.0,80.7,83.6,778.1,782.3,782.0,782.4,4.83,60.2,11.3,3.0,39.3,0.73,13.95,3.1,LANE_A,20000.0,-22.0,83.1,CRUISE_LOITER,LADAKH,7,0.97
1788499758.315,5112.9,2104.1,72.0,81.4,83.9,80.9,83.6,775.7,779.4,776.8,778.1,4.84,60.1,11.7,3.0,39.8,0.71,14.08,4.0,LANE_A,20000.0,-22.0,83.1,CRUISE_LOITER,LADAKH,8,0.97
1788499758.837,5118.0,2106.2,72.0,81.4,83.6,80.8,83.3,770.5,775.1,772.9,776.0,4.88,60.1,11.9,3.0,40.7,0.74,14.1,4.0,LANE_A,20000.0,-22.0,83.0,CRUISE_LOITER,LADAKH,8,0.94
1788499759.402,5126.5,2109.7,72.0,81.2,83.8,80.5,83.2,768.0,772.1,770.1,772.1,4.87,60.2,12.1,3.0,41.5,0.72,14.08,4.2,LANE_A,20000.0,-22.0,83.0,CRUISE_LOITER,LADAKH,8,0.92
1788499759.948,5127.8,2110.2,72.0,81.3,83.9,80.6,83.2,763.5,769.0,764.0,767.8,4.83,60.2,12.4,3.0,42.4,0.73,14.09,4.0,LANE_A,20000.0,-22.0,83.0,CRUISE_LOITER,LADAKH,8,0.89
1788499760.529,5120.4,2107.2,72.0,81.1,83.5,80.9,83.2,760.0,765.0,760.4,764.4,4.92,60.0,12.6,3.0,43.1,0.72,14.1,4.1,LANE_A,20000.0,-22.0,83.0,CRUISE_LOITER,LADAKH,8,0.86
1788499761.074,5111.2,2103.4,72.0,81.0,83.7,80.8,83.1,755.7,760.5,759.4,761.9,4.89,60.1,13.0,3.0,43.7,0.72,14.06,4.0,LANE_A,20000.0,-22.0,83.0,CRUISE_LOITER,LADAKH,8,0.83
1788499761.612,5089.8,2094.6,72.0,81.3,83.5,80.8,83.1,751.5,756.9,755.2,758.0,4.86,59.9,13.2,3.0,44.6,0.69,14.12,4.1,LANE_A,20000.0,-22.0,83.0,CRUISE_LOITER,LADAKH,8,0.8
1788499762.146,5095.6,2097.0,72.0,81.1,83.5,80.4,83.4,748.6,754.8,750.6,754.8,4.89,60.2,13.4,3.0,45.4,0.73,14.1,4.1,LANE_A,20000.0,-22.0,83.0,CRUISE_LOITER,LADAKH,8,0.77
1788499762.682,5093.0,2095.9,72.0,81.0,83.4,81.1,83.3,744.3,747.2,744.7,749.8,4.82,60.0,13.7,3.0,46.3,0.73,14.12,4.0,LANE_A,20000.0,-22.0,83.0,CRUISE_LOITER,LADAKH,8,0.74
1788499763.227,5113.5,2104.3,72.0,81.0,83.5,80.9,83.0,740.5,746.5,739.7,745.7,4.85,60.1,14.0,3.0,47.0,0.72,14.11,3.9,LANE_A,20000.0,-22.0,83.0,CRUISE_LOITER,LADAKH,8,0.71
1788499763.778,5110.7,2103.2,72.0,81.1,83.6,80.8,82.8,738.1,742.5,739.2,742.0,4.89,59.9,14.3,3.0,47.8,0.73,14.12,4.0,LANE_A,20000.0,-22.0,83.0,CRUISE_LOITER,LADAKH,8,0.68
1788499764.304,5071.3,2087.0,72.0,81.0,83.6,80.6,83.2,734.2,738.6,734.3,738.8,4.85,60.0,14.5,3.0,48.5,0.72,14.1,3.9,LANE_A,20000.0,-22.0,83.0,CRUISE_LOITER,LADAKH,8,0.65
1788499764.837,5089.4,2094.4,72.0,81.3,83.5,80.5,83.2,732.3,739.3,738.0,736.5,4.79,59.8,14.5,3.0,48.7,0.71,14.11,4.0,LANE_A,20000.0,-22.0,83.0,CRUISE_LOITER,LADAKH,8,0.65
1788499765.351,5060.8,2082.6,72.0,81.6,83.4,80.7,83.1,733.7,737.3,735.4,739.2,4.87,59.9,14.5,3.0,48.6,0.73,14.12,4.1,LANE_A,20000.0,-22.0,83.0,CRUISE_LOITER,LADAKH,8,0.65
1788499765.86,5089.9,2094.6,72.0,81.0,83.8,80.8,82.9,733.3,738.6,733.1,738.7,4.88,59.8,14.5,3.0,48.9,0.72,14.1,4.1,LANE_A,20000.0,-22.0,83.0,CRUISE_LOITER,LADAKH,8,0.65
1788499766.407,5067.4,2085.3,72.0,81.2,83.3,80.7,83.2,733.8,738.6,735.8,739.6,4.86,60.1,14.6,3.0,48.7,0.73,14.13,4.1,LANE_A,20000.0,-22.0,83.0,CRUISE_LOITER,LADAKH,8,0.65
1788499766.925,5061.4,2082.9,72.0,81.2,83.7,80.3,83.2,734.1,739.2,738.0,738.1,4.86,59.6,14.5,3.0,48.6,0.72,14.1,4.0,LANE_A,20000.0,-22.0,83.0,CRUISE_LOITER,LADAKH,8,0.65
1788499767.429,5092.8,2095.8,72.0,80.9,83.6,80.5,83.2,732.7,739.6,734.0,737.6,4.85,59.8,14.5,3.0,48.7,0.73,14.1,4.0,LANE_A,20000.0,-22.0,83.0,CRUISE_LOITER,LADAKH,8,0.65
1788499767.946,5084.2,2092.3,72.0,80.9,83.5,80.7,83.0,733.7,738.1,733.5,738.1,4.84,60.0,14.4,3.0,48.5,0.71,14.11,4.0,LANE_A,20000.0,-22.0,83.0,CRUISE_LOITER,LADAKH,8,0.65
1788499768.475,5089.6,2094.5,72.0,81.2,83.4,80.4,83.1,733.0,736.9,734.4,736.6,4.9,59.9,14.4,3.0,48.5,0.73,14.09,4.0,LANE_A,20000.0,-22.0,83.0,CRUISE_LOITER,LADAKH,8,0.65
1788499769.0,5083.0,2091.8,72.0,81.2,83.2,80.6,83.0,732.1,738.4,737.5,738.0,4.86,60.2,14.5,3.0,48.7,0.7,14.1,3.9,LANE_A,20000.0,-22.0,83.0,CRUISE_LOITER,LADAKH,8,0.65
1788499769.526,5066.7,2085.1,72.0,80.8,83.9,80.5,82.6,732.8,734.6,734.1,739.5,4.89,59.8,14.3,3.0,48.7,0.71,14.13,4.2,LANE_A,20000.0,-22.0,83.0,CRUISE_LOITER,LADAKH,8,0.65
1788499770.035,5099.1,2098.4,72.0,80.8,83.2,80.2,83.0,732.6,738.2,731.8,738.8,4.84,59.9,14.6,3.0,48.5,0.76,14.11,4.1,LANE_A,20000.0,-22.0,83.0,CRUISE_LOITER,LADAKH,8,0.65
1788499770.557,5082.3,2091.5,72.0,80.9,83.7,80.6,82.9,732.2,737.4,733.6,736.2,4.87,59.7,14.5,3.0,48.6,0.75,14.16,4.0,LANE_A,20000.0,-22.0,83.0,CRUISE_LOITER,LADAKH,8,0.65
1788499771.07,5081.9,2091.3,72.0,80.7,83.4,80.5,83.1,730.8,738.5,736.5,737.3,4.87,60.0,14.4,3.0,48.5,0.72,14.12,3.9,LANE_A,20000.0,-22.0,83.0,CRUISE_LOITER,LADAKH,8,0.65
1788499771.59,5065.7,2084.7,72.0,81.0,83.3,80.5,83.0,732.3,738.5,734.8,737.2,4.89,59.9,14.4,3.0,48.6,0.71,14.06,4.0,LANE_A,20000.0,-22.0,83.0,CRUISE_LOITER,LADAKH,8,0.65
1788499772.103,5084.8,2092.5,72.0,80.8,83.5,80.2,82.8,733.8,739.0,735.6,737.8,4.85,59.7,14.5,3.0,48.5,0.74,14.11,4.1,LANE_A,20000.0,-22.0,83.0,CRUISE_LOITER,LADAKH,8,0.65
1788499772.665,5096.0,2097.1,72.0,80.8,83.5,80.2,83.0,733.6,738.9,735.5,739.1,4.9,59.8,14.5,3.0,48.5,0.73,14.08,3.9,LANE_A,20000.0,-22.0,83.0,CRUISE_LOITER,LADAKH,8,0.65
1788499773.203,5078.8,2090.0,72.0,81.0,83.3,80.6,82.7,732.0,736.8,736.6,736.7,4.84,59.6,14.6,3.0,48.5,0.68,14.11,3.9,LANE_A,20000.0,-22.0,83.0,CRUISE_LOITER,LADAKH,8,0.65
1788499773.727,5081.9,2091.3,72.0,80.9,83.3,80.4,82.9,734.7,736.4,736.0,739.6,4.85,59.8,14.5,3.0,48.5,0.74,14.09,3.9,LANE_A,20000.0,-22.0,83.1,CRUISE_LOITER,LADAKH,8,0.65
1788499774.249,5091.3,2095.2,72.0,81.0,83.5,80.2,83.0,732.4,737.3,734.6,738.0,4.82,59.8,14.6,3.0,48.6,0.73,14.13,4.1,LANE_A,20000.0,-22.0,83.1,CRUISE_LOITER,LADAKH,8,0.65
1788499774.798,5078.9,2090.1,72.0,80.9,83.5,80.5,82.7,732.9,738.7,735.7,737.5,4.89,59.7,14.4,3.0,48.7,0.7,14.08,3.9,LANE_A,20000.0,-22.0,83.1,CRUISE_LOITER,LADAKH,8,0.65
1788499775.679,5078.1,2089.8,72.0,80.8,83.4,80.5,82.6,731.3,737.6,735.1,740.3,4.88,59.7,14.4,3.0,48.5,0.73,14.09,3.9,LANE_A,20000.0,-22.0,83.1,CRUISE_LOITER,LADAKH,8,0.65
1788499776.221,5079.2,2090.2,72.0,81.0,83.4,80.4,82.9,733.3,738.3,737.6,737.6,4.85,60.0,14.5,3.0,48.6,0.73,14.14,4.0,LANE_A,20000.0,-22.0,83.1,CRUISE_LOITER,LADAKH,8,0.65
1788499776.738,5061.7,2083.0,72.0,80.6,83.7,80.7,82.9,734.1,739.5,736.6,738.2,4.85,59.8,14.5,3.0,48.2,0.75,14.11,4.1,LANE_A,20000.0,-22.0,83.1,CRUISE_LOITER,LADAKH,8,0.65
1788499777.267,5096.2,2097.2,72.0,81.2,83.3,80.3,82.8,732.9,737.1,734.8,737.6,4.85,59.7,14.4,3.0,48.4,0.72,14.11,4.0,LANE_A,20000.0,-22.0,83.1,CRUISE_LOITER,LADAKH,8,0.65
1788499777.798,5080.3,2090.7,72.0,80.6,83.3,80.5,82.8,732.1,740.2,737.1,736.7,4.93,59.6,14.4,3.0,48.4,0.72,14.12,4.0,LANE_A,20000.0,-22.0,83.1,CRUISE_LOITER,LADAKH,8,0.65
1788499778.322,5086.0,2093.0,72.0,80.8,83.6,80.2,82.8,733.2,738.5,734.5,738.4,4.87,59.7,14.3,3.0,48.5,0.73,14.1,4.0,LANE_A,20000.0,-22.0,83.1,CRUISE_LOITER,LADAKH,8,0.65
1788499778.84,5044.8,2076.0,72.0,81.1,83.2,80.4,82.7,733.1,737.8,734.4,739.7,4.89,59.8,14.5,3.0,48.2,0.74,14.09,3.9,LANE_A,20000.0,-22.0,83.1,CRUISE_LOITER,LADAKH,8,0.65
1788499779.376,5065.6,2084.6,72.0,80.7,83.3,80.3,82.8,734.6,736.5,734.3,739.8,4.89,59.9,14.3,3.0,48.4,0.72,14.07,4.0,LANE_A,20000.0,-22.0,83.1,CRUISE_LOITER,LADAKH,8,0.65
1788499779.89,5063.0,2083.5,72.0,80.5,83.5,80.0,82.8,733.4,739.0,735.5,736.8,4.78,59.8,14.6,3.0,48.4,0.72,14.09,4.0,LANE_A,20000.0,-22.0,83.2,CRUISE_LOITER,LADAKH,8,0.65
1788499780.427,5066.6,2085.0,72.0,80.6,83.5,80.1,82.8,733.1,738.2,735.6,737.8,4.88,59.7,14.5,3.0,48.5,0.73,14.15,4.0,LANE_A,20000.0,-22.0,83.2,CRUISE_LOITER,LADAKH,8,0.65
1788499780.943,5068.5,2085.8,72.0,80.6,83.1,80.3,82.7,735.6,739.8,735.9,739.3,4.86,59.7,14.5,3.0,48.6,0.71,14.09,4.1,LANE_A,20000.0,-22.0,83.2,CRUISE_LOITER,LADAKH,8,0.65
1788499781.466,5071.7,2087.1,72.0,81.0,83.5,80.2,82.4,731.4,737.5,733.5,738.1,4.84,59.7,14.5,3.0,48.5,0.73,14.1,4.1,LANE_A,20000.0,-22.0,83.2,CRUISE_LOITER,LADAKH,8,0.65
1788499781.986,5090.3,2094.8,72.0,81.0,83.2,80.2,82.6,731.8,738.1,735.4,738.9,4.85,59.8,14.5,3.0,48.4,0.7,14.1,3.9,LANE_A,20000.0,-22.0,83.2,CRUISE_LOITER,LADAKH,8,0.65
1788499782.494,5083.2,2091.9,72.0,80.5,83.0,80.2,82.4,733.2,738.5,735.9,738.6,4.87,59.7,14.4,3.0,48.6,0.72,14.1,4.1,LANE_A,20000.0,-22.0,83.2,CRUISE_LOITER,LADAKH,8,0.65
1788499783.011,5070.5,2086.6,72.0,80.6,83.1,80.4,82.4,734.3,738.4,735.5,738.3,4.85,59.7,14.3,3.0,48.4,0.7,14.07,4.0,LANE_A,20000.0,-22.0,83.2,CRUISE_LOITER,LADAKH,8,0.65
1788499783.537,5069.4,2086.2,72.0,80.4,83.0,80.1,82.6,734.0,737.8,736.1,739.4,4.87,59.8,14.4,3.0,48.5,0.7,14.12,4.1,LANE_A,20000.0,-22.0,83.3,CRUISE_LOITER,LADAKH,8,0.65
1788499784.059,5078.0,2089.7,72.0,80.5,83.4,80.1,82.2,735.5,738.6,733.0,737.2,4.87,59.4,14.4,3.0,48.5,0.69,14.08,4.0,LANE_A,20000.0,-22.0,83.3,CRUISE_LOITER,LADAKH,8,0.65
1788499784.577,5079.8,2090.5,72.0,80.3,83.0,80.0,82.5,732.5,737.5,735.7,738.4,4.86,59.3,14.4,3.0,48.5,0.7,14.12,4.1,LANE_A,20000.0,-22.0,83.3,CRUISE_LOITER,LADAKH,8,0.65
1788499785.083,5047.4,2077.1,72.0,80.6,83.2,80.3,82.4,732.5,738.3,734.5,738.1,4.84,59.5,14.3,3.0,48.5,0.72,14.1,3.9,LANE_A,20000.0,-22.0,83.3,CRUISE_LOITER,LADAKH,8,0.65
1788499785.601,5059.4,2082.1,72.0,80.8,82.9,80.0,82.3,732.1,738.5,736.3,738.2,4.89,59.7,14.3,3.0,48.5,0.75,14.13,4.1,LANE_A,20000.0,-22.0,83.3,CRUISE_LOITER,LADAKH,8,0.65
1788499786.149,5054.9,2080.2,72.0,80.5,83.0,80.1,82.6,732.4,738.3,735.2,738.7,4.85,59.7,14.5,3.0,48.5,0.69,14.11,4.0,LANE_A,20000.0,-22.0,83.3,CRUISE_LOITER,LADAKH,8,0.65
1788499786.671,5084.8,2092.5,72.0,80.8,83.1,79.9,82.9,732.4,738.0,735.9,738.2,4.86,59.6,14.5,3.0,48.3,0.76,14.09,4.1,LANE_A,20000.0,-22.0,83.4,CRUISE_LOITER,LADAKH,8,0.65
1788499787.182,5070.2,2086.5,72.0,80.6,82.9,80.2,82.5,734.9,738.6,734.6,737.3,4.85,59.3,14.5,3.0,48.5,0.74,14.11,4.0,LANE_A,20000.0,-22.0,83.4,CRUISE_LOITER,LADAKH,8,0.65
1788499787.7,5067.5,2085.4,72.0,80.1,83.1,80.1,82.5,734.6,738.7,735.6,736.7,4.93,59.4,14.5,3.0,48.5,0.73,14.09,4.0,LANE_A,20000.0,-22.0,83.4,CRUISE_LOITER,LADAKH,8,0.65
1788499788.229,5071.0,2086.8,72.0,80.4,83.0,80.0,82.4,734.6,738.2,736.6,738.9,4.82,59.8,14.3,3.0,48.2,0.71,14.1,4.0,LANE_A,20000.0,-22.0,83.4,CRUISE_LOITER,LADAKH,8,0.65
1788499788.746,5076.7,2089.2,72.0,80.4,83.0,79.7,82.4,733.8,737.7,735.4,737.5,4.91,59.3,14.4,3.0,48.3,0.72,14.11,3.9,LANE_A,20000.0,-22.0,83.4,CRUISE_LOITER,LADAKH,8,0.65
1788499789.264,5068.7,2085.9,72.0,80.5,82.9,79.7,82.4,734.2,738.7,733.8,740.1,4.85,59.6,14.5,3.0,48.3,0.71,14.09,4.1,LANE_A,20000.0,-22.0,83.5,CRUISE_LOITER,LADAKH,8,0.65
1788499789.777,5089.8,2094.6,72.0,80.4,83.2,80.4,82.5,734.7,738.5,737.2,740.4,4.91,59.5,14.4,3.0,48.4,0.71,14.07,4.0,LANE_A,20000.0,-22.0,83.5,CRUISE_LOITER,LADAKH,8,0.65
1788499790.32,5063.4,2083.7,72.0,80.5,82.9,80.3,82.1,734.5,738.8,735.9,738.2,4.94,59.3,14.3,3.0,48.2,0.7,14.07,4.0,LANE_A,20000.0,-22.0,83.5,CRUISE_LOITER,LADAKH,8,0.65
1788499790.841,5061.1,2082.8,72.0,80.5,82.9,80.4,82.8,735.4,738.1,737.0,736.3,4.83,59.4,14.4,3.0,48.4,0.72,14.1,4.0,LANE_A,20000.0,-22.0,83.5,CRUISE_LOITER,LADAKH,8,0.65
1788499791.352,5083.6,2092.0,72.0,80.6,83.0,79.8,82.5,735.9,737.3,736.9,738.4,4.9,59.0,14.3,3.0,48.2,0.72,14.09,4.0,LANE_A,20000.0,-22.0,83.6,CRUISE_LOITER,LADAKH,8,0.65
1788499791.865,5056.9,2081.0,72.0,80.3,82.8,79.8,82.3,733.1,738.8,736.3,737.4,4.87,59.1,14.4,3.0,48.3,0.72,14.12,4.0,LANE_A,20000.0,-22.0,83.6,CRUISE_LOITER,LADAKH,8,0.65
1788499792.391,5064.0,2084.0,72.0,80.2,82.7,79.9,82.6,734.3,738.8,732.6,738.8,4.89,59.1,14.5,3.0,48.2,0.72,14.08,4.0,LANE_A,20000.0,-22.0,83.6,CRUISE_LOITER,LADAKH,8,0.65
1788499792.902,5043.4,2075.5,72.0,80.4,82.8,79.6,82.4,734.9,740.2,735.4,739.2,4.83,59.2,14.4,3.0,48.2,0.7,14.1,4.1,LANE_A,20000.0,-22.0,83.6,CRUISE_LOITER,LADAKH,8,0.65
1788499793.409,5051.5,2078.8,72.0,80.1,82.7,79.9,82.5,732.9,737.6,737.9,738.4,4.9,59.3,14.6,3.0,48.3,0.72,14.11,4.0,LANE_A,20000.0,-22.0,83.6,CRUISE_LOITER,LADAKH,8,0.65
1788499793.925,5069.0,2086.0,72.0,80.2,82.5,79.8,82.6,733.5,738.2,736.6,740.7,4.88,59.3,14.4,3.0,48.5,0.74,14.14,4.0,LANE_A,20000.0,-22.0,83.7,CRUISE_LOITER,LADAKH,8,0.65
1788499794.439,5067.0,2085.2,72.0,80.6,82.8,80.2,82.4,732.5,738.6,734.3,737.2,4.89,59.5,14.4,3.0,48.3,0.71,14.07,3.9,LANE_A,20000.0,-22.0,83.7,CRUISE_LOITER,LADAKH,8,0.65
1788499794.96,5070.7,2086.7,72.0,80.3,82.9,79.8,82.0,733.6,739.0,737.6,738.0,4.91,59.4,14.6,3.0,48.5,0.7,14.07,4.1,LANE_A,20000.0,-22.0,83.7,CRUISE_LOITER,LADAKH,8,0.65
1788499795.469,5076.0,2088.9,72.0,80.0,82.9,79.8,82.5,733.6,741.0,735.2,738.0,4.87,59.4,14.4,3.0,48.5,0.69,14.08,4.0,LANE_A,20000.0,-22.0,83.8,CRUISE_LOITER,LADAKH,8,0.65
1788499796.059,5073.5,2087.9,72.0,80.2,82.9,79.8,82.4,733.4,737.0,735.5,738.5,4.89,59.3,14.4,3.0,48.2,0.75,14.05,4.0,LANE_A,20000.0,-22.0,83.8,CRUISE_LOITER,LADAKH,8,0.65
1788499796.573,5059.1,2081.9,72.0,80.4,82.7,79.7,82.0,732.9,738.5,737.0,740.1,4.85,59.4,14.4,3.0,48.1,0.73,14.09,4.3,LANE_A,20000.0,-22.0,83.8,CRUISE_LOITER,LADAKH,8,0.65
1788499797.092,5066.4,2084.9,72.0,80.3,82.8,79.5,82.1,734.2,740.5,735.7,737.3,4.84,59.5,14.2,3.0,48.2,0.73,14.11,4.0,LANE_A,20000.0,-22.0,83.8,CRUISE_LOITER,LADAKH,8,0.65
1788499797.603,5061.3,2082.8,72.0,80.3,82.6,79.6,81.9,734.2,739.8,734.9,737.5,4.86,59.1,14.4,3.0,48.4,0.74,14.11,4.0,LANE_A,20000.0,-22.0,83.9,CRUISE_LOITER,LADAKH,8,0.65
1788499798.112,5077.6,2089.5,72.0,80.0,82.7,79.6,82.3,733.3,737.6,734.4,738.0,4.87,59.0,14.3,3.0,48.2,0.71,14.09,4.1,LANE_A,20000.0,-22.0,83.9,CRUISE_LOITER,LADAKH,8,0.65
1788499798.618,5096.1,2097.2,72.0,80.3,82.3,79.5,82.0,734.7,737.5,736.4,738.1,4.86,59.3,14.2,3.0,48.3,0.73,14.1,4.1,LANE_A,20000.0,-22.0,83.9,CRUISE_LOITER,LADAKH,8,0.65
1788499799.133,5052.7,2079.3,72.0,80.2,82.3,79.5,81.9,735.0,740.0,737.1,739.9,4.83,59.2,14.4,3.0,48.4,0.73,14.13,4.0,LANE_A,20000.0,-22.0,83.9,CRUISE_LOITER,LADAKH,8,0.65
1788499799.661,5058.9,2081.9,72.0,80.0,82.7,79.4,82.0,731.5,739.0,735.1,739.1,4.85,59.1,14.3,3.0,48.4,0.73,14.09,3.9,LANE_A,20000.0,-22.0,84.0,CRUISE_LOITER,LADAKH,8,0.65
1788499800.181,5072.7,2087.5,72.0,80.0,82.4,79.9,82.1,732.2,737.7,735.3,737.8,4.85,59.3,14.4,3.0,48.3,0.73,14.07,4.1,LANE_A,20000.0,-22.0,84.0,CRUISE_LOITER,LADAKH,8,0.65
1788499800.696,5053.1,2079.5,72.0,79.9,82.4,79.7,82.0,734.2,737.7,736.8,738.3,4.82,59.2,14.4,3.0,48.1,0.73,14.1,4.0,LANE_A,20000.0,-22.0,84.0,CRUISE_LOITER,LADAKH,8,0.65
1788499801.206,5065.9,2084.7,72.0,80.1,82.3,79.6,82.2,733.3,737.8,736.2,737.1,4.8,58.8,14.4,3.0,48.3,0.72,14.11,3.9,LANE_A,20000.0,-22.0,84.1,CRUISE_LOITER,LADAKH,8,0.65
1788499801.713,5063.6,2083.8,72.0,79.8,82.8,79.5,81.9,734.0,738.6,734.7,738.1,4.85,59.0,14.4,3.0,48.3,0.72,14.11,4.1,LANE_A,20000.0,-22.0,84.1,CRUISE_LOITER,LADAKH,8,0.65
1788499802.241,5062.9,2083.5,72.0,80.1,82.5,79.9,81.8,734.4,741.5,738.3,738.7,4.88,59.2,14.5,3.0,48.3,0.73,14.1,4.0,LANE_A,20000.0,-22.0,84.1,CRUISE_LOITER,LADAKH,8,0.65
1788499802.76,5067.9,2085.6,72.0,79.8,82.5,79.5,82.0,734.8,740.0,732.5,738.0,4.82,59.3,14.4,3.0,48.2,0.71,14.11,4.1,LANE_A,20000.0,-22.0,84.2,CRUISE_LOITER,LADAKH,8,0.65
1788499803.269,5055.3,2080.4,72.0,79.9,82.6,79.7,82.2,735.7,739.3,735.5,739.7,4.88,59.3,14.4,3.0,48.3,0.71,14.09,4.0,LANE_A,20000.0,-22.0,84.2,CRUISE_LOITER,LADAKH,8,0.65
1788499803.783,5053.4,2079.6,72.0,79.7,82.4,79.5,82.0,733.2,740.4,734.6,737.7,4.88,59.2,14.4,3.0,48.2,0.73,14.07,3.9,LANE_A,20000.0,-22.0,84.2,CRUISE_LOITER,LADAKH,8,0.65
1788499804.293,5079.6,2090.4,72.0,79.9,82.6,79.6,81.9,731.3,738.4,737.0,738.4,4.88,58.9,14.4,3.0,48.3,0.75,14.12,4.1,LANE_A,20000.0,-22.0,84.3,CRUISE_LOITER,LADAKH,8,0.65
1788499804.815,5074.7,2088.4,72.0,79.8,82.5,79.3,81.5,733.0,742.1,736.9,740.1,4.85,59.0,14.3,3.0,48.4,0.72,14.09,4.1,LANE_A,20000.0,-22.0,84.3,CRUISE_LOITER,LADAKH,8,0.65
1788499805.327,5066.4,2084.9,72.0,80.2,82.5,79.4,81.7,734.5,740.8,738.2,740.1,4.82,59.0,14.4,3.0,48.4,0.72,14.09,4.1,LANE_A,20000.0,-22.0,84.3,CRUISE_LOITER,LADAKH,8,0.65
1788499805.854,5066.1,2084.8,72.0,79.9,82.5,79.4,82.2,733.5,736.7,734.2,738.6,4.88,59.0,14.4,3.0,48.3,0.69,14.08,4.2,LANE_A,20000.0,-22.0,84.4,CRUISE_LOITER,LADAKH,8,0.65
1788499806.396,5057.6,2081.3,72.0,79.9,82.4,79.7,82.0,734.0,739.3,735.9,738.6,4.85,58.7,14.4,3.0,48.4,0.72,14.1,4.1,LANE_A,20000.0,-22.0,84.4,CRUISE_LOITER,LADAKH,8,0.65
1788499806.922,5047.5,2077.2,72.0,79.9,82.7,79.2,82.0,733.1,739.4,738.0,739.8,4.9,58.9,14.4,3.0,48.3,0.73,14.11,4.0,LANE_A,20000.0,-22.0,84.4,CRUISE_LOITER,LADAKH,8,0.65
1788499807.447,5055.4,2080.4,72.0,80.0,82.6,79.3,81.9,732.2,740.1,734.6,737.5,4.88,59.2,14.4,3.0,48.2,0.69,14.13,3.9,LANE_A,20000.0,-22.0,84.5,CRUISE_LOITER,LADAKH,8,0.65
1788499807.981,5030.5,2070.2,72.0,79.6,82.3,79.2,81.6,734.0,738.1,736.1,739.5,4.87,58.9,14.4,3.0,48.3,0.73,14.09,4.1,LANE_A,20000.0,-22.0,84.5,CRUISE_LOITER,LADAKH,8,0.65
1788499808.507,5059.1,2081.9,72.0,79.8,82.3,79.4,82.0,732.8,739.4,736.6,739.5,4.91,58.7,14.4,3.0,48.4,0.69,14.08,4.0,LANE_A,20000.0,-22.0,84.5,CRUISE_LOITER,LADAKH,8,0.65
1788499809.021,5053.2,2079.5,72.0,80.1,82.4,79.2,81.9,736.1,738.4,734.3,738.5,4.91,59.0,14.4,3.0,48.3,0.72,14.1,4.2,LANE_A,20000.0,-22.0,84.6,CRUISE_LOITER,LADAKH,8,0.65
1788499809.534,5088.8,2094.2,72.0,79.6,82.3,79.4,81.7,734.3,738.7,736.0,735.4,4.89,59.1,14.3,3.0,48.1,0.72,14.09,4.0,LANE_A,20000.0,-22.0,84.6,CRUISE_LOITER,LADAKH,8,0.65
1788499810.065,5067.6,2085.4,72.0,80.0,82.1,79.9,81.9,735.9,739.9,737.5,737.6,4.87,59.0,14.4,3.0,48.1,0.73,14.11,4.0,LANE_A,20000.0,-22.0,84.6,CRUISE_LOITER,LADAKH,8,0.65
1788499810.589,5044.7,2076.0,72.0,80.0,82.4,79.0,82.0,733.5,738.5,734.0,737.1,4.89,58.8,14.4,3.0,48.1,0.73,14.09,4.1,LANE_A,20000.0,-22.0,84.7,CRUISE_LOITER,LADAKH,8,0.65
1788499811.106,5070.3,2086.5,72.0,79.9,82.4,79.1,82.0,734.0,739.8,737.8,740.1,4.9,58.9,14.3,3.0,48.2,0.71,14.11,3.9,LANE_A,20000.0,-22.0,84.7,CRUISE_LOITER,LADAKH,8,0.65
1788499811.619,5068.8,2085.9,72.0,79.9,82.2,79.1,81.6,733.9,739.7,736.3,738.6,4.91,58.6,14.4,3.0,48.2,0.71,14.1,4.0,LANE_A,20000.0,-22.0,84.8,CRUISE_LOITER,LADAKH,8,0.65
1788499812.137,5033.3,2071.3,72.0,79.8,82.0,79.1,81.6,732.9,737.2,735.4,740.1,4.88,59.0,14.3,3.0,48.2,0.72,14.08,4.0,LANE_A,20000.0,-22.0,84.8,CRUISE_LOITER,LADAKH,8,0.65
1788499812.659,5059.2,2082.0,72.0,79.7,81.8,78.8,81.7,732.8,738.5,736.4,739.7,4.86,58.8,14.3,3.0,48.2,0.75,14.14,4.2,LANE_A,20000.0,-22.0,84.8,CRUISE_LOITER,LADAKH,8,0.65
1788499813.202,5051.1,2078.6,72.0,79.6,82.0,79.0,81.6,733.3,738.6,733.7,739.1,4.89,58.7,14.2,3.0,48.3,0.71,14.1,3.9,LANE_A,20000.0,-22.0,84.9,CRUISE_LOITER,LADAKH,8,0.65
1788499813.74,5060.9,2082.7,72.0,79.9,82.1,79.0,81.9,734.9,737.4,735.9,739.0,4.87,58.7,14.3,3.0,48.5,0.73,14.11,4.1,LANE_A,20000.0,-22.0,84.9,CRUISE_LOITER,LADAKH,8,0.65
1788499814.287,5073.5,2087.9,72.0,79.5,82.0,79.0,81.4,732.2,739.2,735.2,738.7,4.82,58.8,14.5,3.0,48.2,0.7,14.09,4.2,LANE_A,20000.0,-22.0,85.0,CRUISE_LOITER,LADAKH,8,0.65
1788499814.803,5062.7,2083.4,72.0,79.5,82.3,79.1,81.8,733.4,738.9,738.3,738.6,4.86,58.8,14.4,3.0,48.2,0.72,14.11,4.2,LANE_A,20000.0,-22.0,85.0,CRUISE_LOITER,LADAKH,8,0.65
1788499815.315,5036.6,2072.7,72.0,79.5,82.2,78.9,81.4,734.3,736.1,735.6,738.2,4.86,58.7,14.2,3.0,48.2,0.73,14.1,4.1,LANE_A,20000.0,-22.0,85.0,CRUISE_LOITER,LADAKH,8,0.65
1788499815.935,5041.4,2074.7,72.0,79.4,82.1,79.2,81.7,731.6,737.3,739.0,738.5,4.8,58.5,14.3,3.0,48.1,0.73,14.12,3.9,LANE_A,20000.0,-22.0,85.1,CRUISE_LOITER,LADAKH,8,0.65
1788499816.451,5061.1,2082.8,72.0,79.6,82.3,79.3,81.6,733.8,739.4,733.2,740.6,4.88,58.9,14.3,3.0,48.4,0.72,14.12,4.1,LANE_A,20000.0,-22.0,85.1,CRUISE_LOITER,LADAKH,8,0.65
1788499816.956,5059.8,2082.2,72.0,79.3,82.2,79.1,81.7,733.2,737.7,735.0,739.9,4.84,58.9,14.3,3.0,48.3,0.72,14.11,4.1,LANE_A,20000.0,-22.0,85.2,CRUISE_LOITER,LADAKH,8,0.65
1788499817.476,5056.2,2080.7,72.0,79.4,82.0,79.0,81.6,732.6,740.9,737.4,738.1,4.88,58.4,14.3,3.0,48.3,0.74,14.09,3.9,LANE_A,20000.0,-22.0,85.2,CRUISE_LOITER,LADAKH,8,0.65
1788499817.977,5053.6,2079.7,72.0,79.4,82.2,79.1,81.5,732.4,737.9,736.1,738.2,4.87,58.7,14.2,3.0,48.0,0.72,14.09,3.9,LANE_A,20000.0,-22.0,85.2,CRUISE_LOITER,LADAKH,8,0.65
1788499818.498,5083.0,2091.8,72.0,79.3,82.3,78.9,81.8,734.4,739.5,734.8,736.6,4.88,58.6,14.3,3.0,48.3,0.71,14.08,4.0,LANE_A,20000.0,-22.0,85.3,CRUISE_LOITER,LADAKH,8,0.65
1788499819.019,5070.6,2086.7,72.0,79.5,82.2,79.1,81.7,734.6,740.1,736.6,739.7,4.91,58.7,14.3,3.0,48.1,0.72,14.09,4.0,LANE_A,20000.0,-22.0,85.3,CRUISE_LOITER,LADAKH,8,0.65
1788499819.52,5060.3,2082.4,72.0,79.4,81.8,79.1,81.7,735.4,738.5,735.7,741.1,4.83,58.7,14.3,3.0,48.1,0.71,14.08,4.1,LANE_A,20000.0,-22.0,85.4,CRUISE_LOITER,LADAKH,8,0.65
1788499820.049,5067.6,2085.4,72.0,79.5,82.0,79.0,81.2,733.6,739.9,738.1,738.3,4.86,58.6,14.4,3.0,48.2,0.71,14.07,3.9,LANE_A,20000.0,-22.0,85.4,CRUISE_LOITER,LADAKH,8,0.65
1788499820.58,5045.6,2076.4,72.0,79.7,82.3,79.0,81.3,732.9,737.5,738.1,737.8,4.92,58.6,14.3,3.0,48.3,0.71,14.07,4.1,LANE_A,20000.0,-22.0,85.4,CRUISE_LOITER,LADAKH,8,0.65
1788499821.093,5056.5,2080.9,72.0,79.5,81.9,78.8,81.3,736.0,740.5,736.8,739.1,4.84,59.0,14.4,3.0,48.3,0.72,14.13,4.1,LANE_A,20000.0,-22.0,85.5,CRUISE_LOITER,LADAKH,8,0.65
1788499821.63,5071.9,2087.2,72.0,79.5,81.9,79.0,81.3,733.3,738.4,734.2,738.9,4.89,58.7,14.3,3.0,48.2,0.72,14.09,3.8,LANE_A,20000.0,-22.0,85.5,CRUISE_LOITER,LADAKH,8,0.65
1788499822.148,5032.3,2070.9,72.0,79.3,81.9,78.9,81.3,733.0,738.3,737.0,739.9,4.88,58.4,14.3,3.0,48.2,0.72,14.11,4.2,LANE_A,20000.0,-22.0,85.6,CRUISE_LOITER,LADAKH,8,0.65
1788499822.682,5052.9,2079.4,72.0,79.1,81.7,78.9,81.6,733.5,738.5,736.8,738.2,4.86,58.5,14.3,3.0,48.1,0.74,14.1,4.0,LANE_A,20000.0,-22.0,85.6,CRUISE_LOITER,LADAKH,8,0.65
1788499823.219,5051.8,2078.9,72.0,79.3,81.5,79.0,81.3,734.9,738.3,735.2,738.6,4.85,58.6,14.4,3.0,48.0,0.7,14.08,4.0,LANE_A,20000.0,-22.0,85.7,CRUISE_LOITER,LADAKH,8,0.65
1788499823.741,5090.3,2094.8,72.0,79.5,81.7,78.8,81.1,732.9,741.3,736.7,737.7,4.87,58.6,14.3,3.0,48.4,0.7,14.13,4.1,LANE_A,20000.0,-22.0,85.7,CRUISE_LOITER,LADAKH,8,0.65
1788499824.268,5046.1,2076.6,72.0,79.0,81.7,78.6,81.4,734.1,739.5,736.9,740.0,4.85,58.8,14.1,3.0,48.1,0.71,14.08,4.1,LANE_A,20000.0,-22.0,85.8,CRUISE_LOITER,LADAKH,8,0.65
1788499824.796,5070.3,2086.5,72.0,79.3,81.9,78.8,81.4,734.8,738.1,737.3,739.6,4.86,58.4,14.2,3.0,48.2,0.74,14.12,3.9,LANE_A,20000.0,-22.0,85.8,CRUISE_LOITER,LADAKH,8,0.65
1788499825.309,5039.7,2074.0,72.0,79.4,82.0,79.1,81.3,733.7,739.6,736.3,739.5,4.9,58.5,14.3,3.0,48.0,0.72,14.09,4.1,LANE_A,20000.0,-22.0,85.8,CRUISE_LOITER,LADAKH,8,0.65
1788499825.833,5056.6,2080.9,72.0,79.2,81.8,78.6,81.4,733.7,738.7,735.6,739.5,4.93,58.4,14.4,3.0,48.1,0.72,14.09,4.1,LANE_A,20000.0,-22.0,85.9,CRUISE_LOITER,LADAKH,8,0.65
1788499826.359,5051.2,2078.7,72.0,79.4,81.5,78.9,81.2,735.8,739.0,736.6,739.1,4.87,58.6,14.3,3.0,48.0,0.73,14.13,4.1,LANE_A,20000.0,-22.0,85.9,CRUISE_LOITER,LADAKH,8,0.65
1788499826.888,5072.6,2087.5,72.0,79.1,81.8,78.9,81.2,732.8,737.6,735.0,739.4,4.86,58.4,14.3,3.0,48.2,0.72,14.09,3.8,LANE_A,20000.0,-22.0,86.0,CRUISE_LOITER,LADAKH,8,0.65
1788499827.423,5065.6,2084.6,72.0,79.2,82.0,78.8,81.5,733.3,738.0,735.3,739.5,4.87,58.4,14.3,3.0,48.1,0.7,14.11,4.2,LANE_A,20000.0,-22.0,86.0,CRUISE_LOITER,LADAKH,8,0.65
1788499827.936,5063.3,2083.7,72.0,79.4,81.9,78.7,81.0,733.2,739.4,735.9,738.4,4.86,58.1,14.1,3.0,48.4,0.71,14.07,4.2,LANE_A,20000.0,-22.0,86.1,CRUISE_LOITER,LADAKH,8,0.65
1788499828.443,5044.0,2075.7,72.0,79.6,81.9,78.4,81.4,735.0,740.0,735.0,740.0,4.9,58.2,14.3,3.0,48.1,0.73,14.11,4.1,LANE_A,20000.0,-22.0,86.1,CRUISE_LOITER,LADAKH,8,0.65
1788499828.965,5045.8,2076.5,72.0,79.3,81.7,78.5,81.3,737.1,739.5,735.5,738.3,4.87,58.3,14.3,3.0,48.1,0.71,14.11,4.1,LANE_A,20000.0,-22.0,86.2,CRUISE_LOITER,LADAKH,8,0.65
1788499829.484,5057.0,2081.1,72.0,79.1,81.5,78.3,80.8,733.6,738.3,735.7,738.2,4.92,58.3,14.2,3.0,48.1,0.71,14.12,4.0,LANE_A,20000.0,-22.0,86.2,CRUISE_LOITER,LADAKH,8,0.65
1788499830.01,5070.8,2086.7,72.0,79.3,81.7,78.5,81.3,735.3,739.0,735.6,739.2,4.83,58.1,14.2,3.0,48.0,0.72,14.07,4.2,LANE_A,20000.0,-22.0,86.3,CRUISE_LOITER,LADAKH,8,0.65
1788499830.519,5055.4,2080.4,72.0,79.1,81.5,78.6,81.4,733.5,738.4,736.0,739.6,4.88,58.1,14.3,3.0,48.1,0.73,14.1,4.0,LANE_A,20000.0,-22.0,86.3,CRUISE_LOITER,LADAKH,8,0.65
1788499831.043,5059.6,2082.1,72.0,79.3,81.6,78.9,81.3,734.2,737.5,735.3,739.2,4.88,58.4,14.2,3.0,48.5,0.7,14.06,3.9,LANE_A,20000.0,-22.0,86.4,CRUISE_LOITER,LADAKH,8,0.65
1788499831.564,5075.5,2088.7,72.0,79.3,81.9,78.8,81.0,734.5,737.7,738.9,741.7,4.92,58.1,14.4,3.0,48.0,0.73,14.09,4.2,LANE_A,20000.0,-22.0,86.4,CRUISE_LOITER,LADAKH,8,0.65
1788499832.086,5050.9,2078.6,72.0,79.3,82.0,78.8,81.5,733.7,740.0,734.5,740.5,4.88,58.2,14.3,3.0,48.2,0.72,14.12,4.1,LANE_A,20000.0,-22.0,86.4,CRUISE_LOITER,LADAKH,8,0.65
1788499832.603,5069.3,2086.1,72.0,79.2,81.5,78.4,81.2,736.0,739.3,736.2,739.2,4.86,58.1,14.4,3.0,48.1,0.71,14.12,4.0,LANE_A,20000.0,-22.0,86.5,CRUISE_LOITER,LADAKH,8,0.65
1788499833.111,5068.9,2086.0,72.0,79.4,81.5,78.4,81.1,735.0,738.9,735.4,739.0,4.87,58.1,14.2,3.0,48.1,0.72,14.11,4.1,LANE_A,20000.0,-22.0,86.5,CRUISE_LOITER,LADAKH,8,0.65
1788499833.633,5041.9,2074.9,72.0,79.3,81.6,78.5,81.2,734.8,739.1,736.9,739.0,4.88,58.6,14.4,3.0,48.2,0.72,14.11,4.1,LANE_A,20000.0,-22.0,86.6,CRUISE_LOITER,LADAKH,8,0.65
1788499834.149,5050.8,2078.5,72.0,79.1,81.6,78.6,81.0,735.9,740.8,737.6,738.5,4.88,58.1,14.3,3.0,48.2,0.73,14.09,4.3,LANE_A,20000.0,-22.0,86.6,CRUISE_LOITER,LADAKH,8,0.65
1788499834.663,5054.5,2080.0,72.0,79.0,81.3,78.8,80.9,736.6,741.8,736.3,738.5,4.86,58.3,14.3,3.0,48.1,0.72,14.1,4.2,LANE_A,20000.0,-22.0,86.7,CRUISE_LOITER,LADAKH,8,0.65
1788499835.178,5066.8,2085.1,72.0,79.1,81.5,78.6,80.9,733.7,740.8,735.0,738.3,4.89,58.3,14.3,3.0,48.3,0.72,14.12,4.0,LANE_A,20000.0,-22.0,86.7,CRUISE_LOITER,LADAKH,8,0.65
1788499835.888,5043.0,2075.3,72.0,79.0,81.3,78.5,81.0,733.8,738.5,734.6,740.7,4.9,58.1,14.3,3.0,48.2,0.75,14.05,4.2,LANE_A,20000.0,-22.0,86.8,CRUISE_LOITER,LADAKH,8,0.65
1788499836.407,5080.5,2090.7,72.0,79.2,81.2,78.6,80.8,733.0,737.5,736.6,739.8,4.84,58.1,14.3,3.0,48.0,0.73,14.08,4.0,LANE_A,20000.0,-22.0,86.8,CRUISE_LOITER,LADAKH,8,0.65
1788499836.933,5045.1,2076.2,72.0,79.1,81.1,78.3,80.9,733.3,739.9,736.6,738.8,4.86,58.1,14.1,3.0,48.0,0.7,14.1,4.0,LANE_A,20000.0,-22.0,86.9,CRUISE_LOITER,LADAKH,8,0.65
1788499837.462,5039.7,2074.0,72.0,79.0,81.7,78.4,81.0,732.9,741.1,737.6,738.5,4.85,58.2,14.2,3.0,48.2,0.72,14.11,4.1,LANE_A,20000.0,-22.0,86.9,CRUISE_LOITER,LADAKH,8,0.65
1788499837.987,5050.5,2078.4,72.0,78.8,81.3,78.5,81.1,733.8,739.1,737.9,739.9,4.88,58.5,14.3,3.0,48.2,0.72,14.1,4.1,LANE_A,20000.0,-22.0,87.0,CRUISE_LOITER,LADAKH,8,0.65
1788499838.497,5037.3,2073.0,72.0,79.3,81.2,78.4,80.8,734.8,737.4,734.9,741.2,4.89,58.1,14.3,3.0,48.1,0.69,14.11,4.2,LANE_A,20000.0,-22.0,87.0,CRUISE_LOITER,LADAKH,8,0.65
1788499839.027,5056.1,2080.7,72.0,78.8,81.6,78.4,81.5,734.9,739.3,736.8,740.0,4.97,58.0,14.3,3.0,48.4,0.72,14.11,3.9,LANE_A,20000.0,-22.0,87.1,CRUISE_LOITER,LADAKH,8,0.65
1788499839.545,5045.8,2076.5,72.0,78.4,81.5,78.4,81.0,736.2,739.0,737.0,740.2,4.87,58.0,14.4,3.0,48.3,0.72,14.14,4.0,LANE_A,20000.0,-22.0,87.1,CRUISE_LOITER,LADAKH,8,0.65
1788499840.058,5070.0,2086.4,72.0,78.9,81.2,78.1,80.6,735.8,738.7,735.6,739.6,4.89,58.2,14.2,3.0,48.1,0.73,14.13,4.1,LANE_A,20000.0,-22.0,87.2,CRUISE_LOITER,LADAKH,8,0.65
1788499840.575,5041.9,2074.9,72.0,78.8,81.5,78.2,80.6,735.3,742.0,736.1,740.0,4.89,58.1,14.2,3.0,48.2,0.69,14.1,4.1,LANE_A,20000.0,-22.0,87.2,CRUISE_LOITER,LADAKH,8,0.65
1788499841.085,5051.7,2078.9,72.0,78.8,81.2,78.5,81.0,732.8,741.1,734.4,738.0,4.88,58.1,14.3,3.0,47.9,0.73,14.12,4.1,LANE_A,20000.0,-22.0,87.3,CRUISE_LOITER,LADAKH,8,0.65
1788499841.612,5044.2,2075.8,72.0,79.2,81.8,78.4,80.8,731.9,741.5,736.6,740.5,4.89,58.2,14.2,3.0,48.3,0.73,14.08,4.1,LANE_A,20000.0,-22.0,87.3,CRUISE_LOITER,LADAKH,8,0.65
1788499842.133,5052.4,2079.2,72.0,78.4,81.3,78.2,80.9,732.9,740.2,734.5,738.7,4.87,57.9,14.2,3.0,48.0,0.7,14.1,4.0,LANE_A,20000.0,-22.0,87.4,CRUISE_LOITER,LADAKH,8,0.65
1788499842.644,5044.1,2075.8,72.0,78.6,81.5,78.6,80.8,735.1,737.8,736.7,739.7,4.83,58.1,14.3,3.0,48.3,0.71,14.07,4.1,LANE_A,20000.0,-22.0,87.4,CRUISE_LOITER,LADAKH,8,0.65
1788499843.158,5043.9,2075.7,72.0,78.5,81.3,78.4,80.9,737.0,739.6,736.2,739.2,4.87,58.0,14.3,3.0,48.0,0.73,14.08,3.8,LANE_A,20000.0,-22.0,87.5,CRUISE_LOITER,LADAKH,8,0.65
1788499843.692,5050.9,2078.6,72.0,78.6,81.1,78.5,80.9,737.1,740.6,735.9,739.9,4.88,58.0,14.4,3.0,48.1,0.73,14.06,4.1,LANE_A,20000.0,-22.0,87.5,CRUISE_LOITER,LADAKH,8,0.65
1788499844.218,5048.3,2077.5,72.0,78.8,81.3,78.3,81.0,736.4,739.2,737.8,737.5,4.9,58.2,14.3,3.0,48.0,0.71,14.1,4.0,LANE_A,20000.0,-22.0,87.6,CRUISE_LOITER,LADAKH,8,0.65
1788499844.775,5066.2,2084.9,72.0,78.7,81.3,78.4,80.7,733.0,739.3,738.1,739.7,4.87,58.0,14.2,3.0,48.3,0.72,14.12,4.1,LANE_A,20000.0,-22.0,87.6,CRUISE_LOITER,LADAKH,8,0.65
1788499845.302,5049.5,2078.0,72.0,78.6,81.2,78.4,80.9,734.0,741.9,737.3,741.2,4.89,58.2,14.2,3.0,48.1,0.73,14.11,4.1,LANE_A,20000.0,-22.0,87.7,CRUISE_LOITER,LADAKH,8,0.65
1788499845.823,5045.4,2076.3,72.0,78.8,81.3,78.4,80.7,732.2,741.0,733.6,738.2,4.84,58.0,14.3,2.9,48.2,0.72,14.11,4.1,LANE_A,20000.0,-22.0,87.7,CRUISE_LOITER,LADAKH,8,0.65
1788499846.391,5035.8,2072.3,72.0,78.8,81.1,78.2,80.8,734.5,741.6,736.9,740.5,4.88,58.0,14.3,3.0,48.2,0.72,14.1,4.0,LANE_A,20000.0,-22.0,87.8,CRUISE_LOITER,LADAKH,8,0.65
1788499846.908,5069.6,2086.3,72.0,78.7,81.1,78.0,81.1,734.2,740.8,736.9,739.8,4.9,58.2,14.4,3.0,48.1,0.71,14.1,4.0,LANE_A,20000.0,-22.0,87.8,CRUISE_LOITER,LADAKH,8,0.65
1788499847.425,5062.6,2083.4,72.0,78.7,81.4,78.2,80.4,735.8,740.6,735.6,742.1,4.9,57.9,14.1,3.0,48.3,0.73,14.09,4.0,LANE_A,20000.0,-22.0,87.9,CRUISE_LOITER,LADAKH,8,0.65
1788499847.947,5067.9,2085.6,72.0,78.8,81.0,78.1,80.9,733.3,739.6,736.1,738.7,4.87,58.0,14.1,3.0,48.0,0.72,14.12,4.0,LANE_A,20000.0,-22.0,87.9,CRUISE_LOITER,LADAKH,8,0.65
1788499848.463,5053.2,2079.5,72.0,78.4,80.9,78.3,80.6,735.5,740.7,734.6,738.3,4.91,58.1,14.3,3.0,48.2,0.73,14.07,4.0,LANE_A,20000.0,-22.0,88.0,CRUISE_LOITER,LADAKH,8,0.65
1788499848.99,5060.3,2082.4,72.0,78.3,81.1,78.1,80.9,734.2,738.5,735.2,738.5,4.87,57.6,14.2,3.0,48.1,0.72,14.11,4.2,LANE_A,20000.0,-22.0,88.0,CRUISE_LOITER,LADAKH,8,0.65
1788499849.501,5056.1,2080.7,72.0,78.7,81.0,78.2,80.8,737.5,740.0,736.9,738.6,4.85,57.9,14.4,3.0,48.2,0.7,14.07,4.1,LANE_A,20000.0,-22.0,88.1,CRUISE_LOITER,LADAKH,8,0.65
1788499850.014,5063.8,2083.9,72.0,78.9,81.1,77.9,80.6,733.1,741.5,735.0,741.3,4.87,57.8,14.3,3.0,48.1,0.71,14.08,4.1,LANE_A,20000.0,-22.0,88.1,CRUISE_LOITER,LADAKH,8,0.65
1788499850.818,5063.8,2083.9,72.0,78.5,80.8,78.0,80.6,736.3,737.2,738.0,739.7,4.88,57.7,14.3,3.0,48.3,0.74,14.1,4.1,LANE_A,20000.0,-22.0,88.2,CRUISE_LOITER,LADAKH,8,0.65
1788499851.338,5049.2,2077.9,72.0,78.5,81.0,77.8,80.5,736.3,740.7,737.4,740.4,4.92,57.8,14.2,3.0,48.1,0.71,14.08,4.2,LANE_A,20000.0,-22.0,88.2,CRUISE_LOITER,LADAKH,8,0.65
1788499851.88,5070.9,2086.8,72.0,78.7,81.1,78.3,80.9,734.8,738.8,735.7,737.9,4.88,57.8,14.2,3.0,48.1,0.72,14.09,4.2,LANE_A,20000.0,-22.0,88.3,CRUISE_LOITER,LADAKH,8,0.65
1788499852.412,5061.0,2082.7,72.0,78.7,81.1,78.0,80.5,733.6,740.0,735.8,737.4,4.86,57.9,14.2,3.0,48.0,0.72,14.09,4.0,LANE_A,20000.0,-22.0,88.3,CRUISE_LOITER,LADAKH,8,0.65
1788499852.931,5053.6,2079.7,72.0,78.5,81.2,78.2,80.7,734.6,740.5,735.8,740.0,4.86,58.0,14.3,3.0,48.1,0.69,14.1,4.0,LANE_A,20000.0,-22.0,88.4,CRUISE_LOITER,LADAKH,8,0.65
1788499853.456,5056.4,2080.8,72.0,78.3,81.0,78.3,80.7,734.7,739.4,735.5,741.0,4.92,58.1,14.2,3.0,48.1,0.71,14.09,4.0,LANE_A,20000.0,-22.0,88.4,CRUISE_LOITER,LADAKH,8,0.65
1788499853.978,5046.1,2076.6,72.0,78.5,81.3,78.1,80.4,732.9,738.8,736.5,736.7,4.88,57.7,14.4,3.0,48.4,0.7,14.07,4.1,LANE_A,20000.0,-22.0,88.5,CRUISE_LOITER,LADAKH,8,0.65
1788499854.495,5063.6,2083.8,72.0,78.3,81.0,77.8,80.5,734.6,741.8,736.3,738.7,4.89,57.9,14.3,3.0,48.1,0.73,14.11,4.1,LANE_A,20000.0,-22.0,88.5,CRUISE_LOITER,LADAKH,8,0.65
1788499855.01,5054.1,2079.9,72.0,78.7,81.2,78.2,80.8,735.7,738.8,736.9,739.9,4.82,57.8,14.2,3.0,47.8,0.72,14.06,4.2,LANE_A,20000.0,-22.0,88.6,CRUISE_LOITER,LADAKH,8,0.65
1788499855.523,5049.5,2078.0,72.0,78.2,81.3,78.3,80.6,735.2,740.0,739.2,741.3,4.81,57.8,14.2,3.0,48.0,0.72,14.1,3.9,LANE_A,20000.0,-22.0,88.6,CRUISE_LOITER,LADAKH,8,0.65
1788499856.208,5077.7,2089.6,72.0,78.3,80.9,78.2,80.3,733.8,740.0,735.1,738.2,4.91,57.8,14.2,3.0,48.0,0.73,14.09,4.1,LANE_A,20000.0,-22.0,88.7,CRUISE_LOITER,LADAKH,8,0.65
1788499856.741,5055.1,2080.3,72.0,79.0,81.0,77.8,80.4,734.0,738.5,738.5,738.0,4.89,57.9,14.3,3.0,48.2,0.7,14.09,4.1,LANE_A,20000.0,-22.0,88.7,CRUISE_LOITER,LADAKH,8,0.65
1788499857.245,5057.8,2081.4,72.0,78.8,81.0,77.9,80.8,733.7,743.2,736.2,740.0,4.84,57.7,14.2,3.0,48.2,0.74,14.14,4.1,LANE_A,20000.0,-22.0,88.8,CRUISE_LOITER,LADAKH,8,0.65
1788499857.765,5060.2,2082.4,72.0,78.5,81.2,77.8,80.3,734.3,739.8,737.4,741.2,4.9,57.5,14.3,3.0,47.9,0.71,14.1,4.1,LANE_A,20000.0,-22.0,88.8,CRUISE_LOITER,LADAKH,8,0.65
1788499858.272,5062.4,2083.3,72.0,78.2,81.1,77.9,80.3,734.1,739.7,736.9,739.9,4.89,57.9,14.2,3.0,48.1,0.73,14.1,4.1,LANE_A,20000.0,-22.0,88.9,CRUISE_LOITER,LADAKH,8,0.65
1788499858.8,5049.0,2077.8,72.0,78.6,80.8,77.9,80.2,735.5,739.7,736.6,739.8,4.93,57.7,14.3,3.0,48.2,0.7,14.05,3.9,LANE_A,20000.0,-22.0,88.9,CRUISE_LOITER,LADAKH,8,0.65
1788499859.32,5078.3,2089.8,72.0,78.6,81.3,77.9,80.3,736.9,739.3,738.5,740.1,4.92,57.8,14.3,3.0,48.2,0.71,14.09,4.1,LANE_A,20000.0,-22.0,89.0,CRUISE_LOITER,LADAKH,8,0.65
1788499859.83,5057.3,2081.2,72.0,78.5,81.0,78.0,80.6,736.9,740.9,736.6,740.0,4.9,57.9,14.2,3.0,48.3,0.71,14.13,4.2,LANE_A,20000.0,-22.0,89.0,CRUISE_LOITER,LADAKH,8,0.65
1788499860.349,5053.7,2079.7,72.0,78.4,81.1,77.7,80.0,735.4,739.7,738.2,738.7,4.86,57.5,14.3,3.0,48.1,0.73,14.06,4.1,LANE_A,20000.0,-22.0,89.1,CRUISE_LOITER,LADAKH,8,0.65
1788499860.876,5063.5,2083.7,72.0,78.5,80.7,77.9,80.7,734.4,736.7,736.1,740.9,4.89,57.7,14.2,3.0,48.0,0.73,14.14,4.0,LANE_A,20000.0,-22.0,89.1,CRUISE_LOITER,LADAKH,8,0.65
1788499861.383,5038.2,2073.3,72.0,78.4,80.8,77.9,80.1,734.0,741.4,735.4,738.6,4.89,57.4,14.2,3.0,48.1,0.71,14.1,4.0,LANE_A,20000.0,-22.0,89.2,CRUISE_LOITER,LADAKH,8,0.65
1788499861.9,5059.9,2082.3,72.0,78.4,80.7,77.7,80.3,734.5,741.4,736.9,740.6,4.89,57.9,14.3,3.0,48.3,0.71,14.09,4.0,LANE_A,20000.0,-22.0,89.2,CRUISE_LOITER,LADAKH,8,0.65
1788499862.446,5040.9,2074.4,72.0,78.3,81.1,77.9,80.5,736.3,738.0,736.1,739.6,4.9,57.7,14.2,3.0,48.3,0.71,14.14,4.0,LANE_A,20000.0,-22.0,89.3,CRUISE_LOITER,LADAKH,8,0.65
1788499862.975,5060.1,2082.3,72.0,78.4,80.5,78.0,80.2,735.4,742.0,735.9,739.7,4.92,57.6,14.2,3.0,48.0,0.71,14.08,4.0,LANE_A,20000.0,-22.0,89.3,CRUISE_LOITER,LADAKH,8,0.65
1788499863.502,5065.9,2084.7,72.0,78.5,80.9,77.9,80.4,733.8,740.5,736.4,739.6,4.9,57.7,14.2,3.0,48.0,0.71,14.09,3.9,LANE_A,20000.0,-22.0,89.4,CRUISE_LOITER,LADAKH,8,0.65
1788499864.012,5059.2,2082.0,72.0,78.5,80.7,78.0,80.4,734.8,741.1,737.3,736.9,4.88,57.7,14.2,3.0,48.0,0.74,14.1,3.9,LANE_A,20000.0,-22.0,89.4,CRUISE_LOITER,LADAKH,8,0.65
1788499864.54,5062.3,2083.3,72.0,78.1,80.6,78.1,80.2,737.2,740.1,735.8,741.1,4.89,57.7,14.3,3.0,48.1,0.71,14.14,4.1,LANE_A,20000.0,-22.0,89.4,CRUISE_LOITER,LADAKH,8,0.65
1788499865.054,5086.2,2093.1,72.0,78.6,80.5,78.0,80.6,734.6,738.7,737.8,740.4,4.88,57.6,14.2,3.0,48.2,0.71,14.06,4.0,LANE_A,20000.0,-22.0,89.5,CRUISE_LOITER,LADAKH,8,0.65
1788499865.583,5053.7,2079.7,72.0,78.2,80.8,77.5,80.3,737.8,739.9,733.7,738.2,4.91,57.6,14.3,3.0,48.1,0.73,14.1,3.9,LANE_A,20000.0,-22.0,89.5,CRUISE_LOITER,LADAKH,8,0.65
1788499866.113,5053.1,2079.5,72.0,78.1,81.1,77.7,80.4,733.0,739.5,737.8,740.0,4.84,57.9,14.2,3.0,48.1,0.71,14.11,4.2,LANE_A,20000.0,-22.0,89.6,CRUISE_LOITER,LADAKH,8,0.65
1788499866.655,5067.5,2085.4,72.0,78.3,81.2,78.1,80.3,734.3,740.8,734.5,741.2,4.92,57.8,14.1,3.0,48.2,0.73,14.09,3.9,LANE_A,20000.0,-22.0,89.6,CRUISE_LOITER,LADAKH,8,0.65
1788499867.182,5065.5,2084.6,72.0,78.2,80.9,77.5,80.1,734.3,738.0,737.8,739.9,4.84,57.6,14.3,3.0,48.2,0.73,14.11,4.1,LANE_A,20000.0,-22.0,89.7,CRUISE_LOITER,LADAKH,8,0.65
1788499867.707,5036.7,2072.7,72.0,78.4,80.7,77.7,80.2,734.0,738.1,737.8,739.5,4.81,57.6,14.3,3.0,48.1,0.73,14.1,4.0,LANE_A,20000.0,-22.0,89.7,CRUISE_LOITER,LADAKH,8,0.65
1788499868.229,5042.0,2074.9,72.0,78.2,80.8,78.0,80.2,735.3,739.0,737.4,739.3,4.93,57.9,14.2,3.0,48.1,0.72,14.12,4.1,LANE_A,20000.0,-22.0,89.8,CRUISE_LOITER,LADAKH,8,0.65
1788499868.785,5043.4,2075.5,72.0,78.2,80.8,77.8,80.3,733.6,741.3,737.7,742.2,4.91,57.7,14.2,3.0,48.0,0.7,14.08,4.1,LANE_A,20000.0,-22.0,89.8,CRUISE_LOITER,LADAKH,8,0.65
1788499869.317,5074.3,2088.2,72.0,78.6,80.8,77.7,80.2,734.0,741.2,737.0,741.2,4.93,57.6,14.3,3.0,48.1,0.71,14.1,4.0,LANE_A,20000.0,-22.0,89.9,CRUISE_LOITER,LADAKH,8,0.65
1788499869.86,5062.4,2083.3,72.0,78.6,80.7,77.7,80.4,737.1,740.5,734.9,737.7,4.88,57.7,14.2,3.0,48.0,0.72,14.08,4.0,LANE_A,20000.0,-22.0,89.9,CRUISE_LOITER,LADAKH,8,0.65
1788499870.377,5065.2,2084.4,72.0,78.2,80.6,77.8,80.2,736.2,740.5,739.2,738.4,4.91,57.6,14.3,3.0,48.1,0.73,14.08,4.0,LANE_A,20000.0,-22.0,90.0,CRUISE_LOITER,LADAKH,8,0.65
1788499870.953,5064.5,2084.2,72.0,78.5,80.7,77.9,80.1,734.1,737.5,737.3,740.3,4.9,57.5,14.3,3.0,48.2,0.71,14.09,3.9,LANE_A,20000.0,-22.0,90.0,CRUISE_LOITER,LADAKH,8,0.65
1788499871.493,5054.7,2080.1,72.0,78.2,80.5,77.7,80.1,736.5,741.5,735.6,740.5,4.9,57.6,14.3,3.0,48.1,0.74,14.1,4.0,LANE_A,20000.0,-22.0,90.1,CRUISE_LOITER,LADAKH,8,0.65
1788499872.028,5058.7,2081.8,72.0,78.0,80.6,78.0,80.2,735.5,739.6,737.7,740.5,4.88,57.6,14.3,3.0,48.0,0.73,14.09,4.1,LANE_A,20000.0,-22.0,90.1,CRUISE_LOITER,LADAKH,8,0.65
1788499872.551,5039.2,2073.7,72.0,77.9,80.5,77.6,80.5,735.1,738.7,734.1,739.7,4.9,57.5,14.2,3.0,48.2,0.74,14.12,4.3,LANE_A,20000.0,-22.0,90.1,CRUISE_LOITER,LADAKH,8,0.65
1788499873.067,5058.6,2081.7,72.0,78.0,80.7,77.6,80.4,735.1,740.6,737.9,741.5,4.88,57.2,14.2,3.0,48.0,0.72,14.09,4.0,LANE_A,20000.0,-22.0,90.2,CRUISE_LOITER,LADAKH,8,0.65
1788499873.569,5049.9,2078.1,72.0,78.3,80.5,77.9,80.5,737.3,741.0,737.4,739.3,4.91,57.7,14.4,3.0,48.1,0.73,14.09,4.1,LANE_A,20000.0,-22.0,90.2,CRUISE_LOITER,LADAKH,8,0.65
1788499874.089,5065.2,2084.4,72.0,78.4,80.5,78.0,80.3,736.5,742.3,736.5,738.0,4.9,57.6,14.3,3.0,48.1,0.72,14.14,4.3,LANE_A,20000.0,-22.0,90.3,CRUISE_LOITER,LADAKH,8,0.65
1788499874.605,5061.3,2082.8,72.0,78.1,80.7,77.8,79.9,735.5,740.2,738.1,741.0,4.86,57.6,14.2,3.0,48.1,0.69,14.12,4.1,LANE_A,20000.0,-22.0,90.3,CRUISE_LOITER,LADAKH,8,0.65
1788499875.123,5063.4,2083.7,72.0,78.0,80.8,77.8,80.0,736.5,740.5,736.8,740.7,4.83,57.5,14.1,3.0,48.2,0.73,14.08,4.1,LANE_A,20000.0,-22.0,90.4,CRUISE_LOITER,LADAKH,8,0.65
1788499875.856,5052.5,2079.2,72.0,78.3,80.6,77.7,80.2,734.2,739.7,738.2,740.8,4.88,57.5,14.3,3.0,48.1,0.7,14.11,4.2,LANE_A,20000.0,-22.0,90.4,CRUISE_LOITER,LADAKH,8,0.65
1788499876.371,5069.2,2086.1,72.0,78.1,80.6,77.6,80.4,735.4,741.3,736.2,741.0,4.9,57.2,14.2,3.0,48.1,0.72,14.08,4.1,LANE_A,20000.0,-22.0,90.5,CRUISE_LOITER,LADAKH,8,0.65
1788499876.89,5064.4,2084.1,72.0,78.1,80.6,77.5,80.1,734.7,740.2,737.4,740.3,4.9,57.0,14.2,3.0,48.1,0.7,14.09,4.0,LANE_A,20000.0,-22.0,90.5,CRUISE_LOITER,LADAKH,8,0.65
1788499877.419,5049.0,2077.8,72.0,78.0,80.9,77.3,80.5,733.1,740.5,739.1,740.6,4.86,57.4,14.3,3.0,48.3,0.73,14.11,4.0,LANE_A,20000.0,-22.0,90.5,CRUISE_LOITER,LADAKH,8,0.65
1788499877.939,5078.1,2089.8,72.0,78.2,80.8,77.7,79.9,733.9,739.5,734.9,739.4,4.89,57.4,14.3,3.0,48.1,0.7,14.13,4.0,LANE_A,20000.0,-22.0,90.6,CRUISE_LOITER,LADAKH,8,0.65
1788499878.454,5044.1,2075.8,72.0,78.1,80.8,77.4,79.7,733.0,739.7,737.6,739.7,4.88,57.6,14.3,3.0,48.1,0.69,14.1,4.0,LANE_A,20000.0,-22.0,90.6,CRUISE_LOITER,LADAKH,8,0.65
1788499878.968,5051.5,2078.8,72.0,78.0,80.5,77.6,79.8,736.3,740.8,738.2,740.1,4.84,57.7,14.2,3.0,48.4,0.7,14.07,4.0,LANE_A,20000.0,-22.0,90.7,CRUISE_LOITER,LADAKH,8,0.65
1788499879.483,5049.2,2077.9,72.0,78.1,80.5,77.7,79.9,734.1,740.5,737.2,742.4,4.89,57.5,14.3,3.0,48.2,0.7,14.12,4.2,LANE_A,20000.0,-22.0,90.7,CRUISE_LOITER,LADAKH,8,0.65
1788499880.011,5076.7,2089.2,72.0,78.4,80.5,77.6,80.0,734.9,739.1,737.2,742.4,4.88,57.5,14.3,3.0,48.2,0.72,14.12,4.0,LANE_A,20000.0,-22.0,90.8,CRUISE_LOITER,LADAKH,8,0.65
1788499880.523,5056.2,2080.7,72.0,77.6,80.6,77.6,80.2,736.6,740.4,739.4,740.9,4.89,57.4,14.3,3.0,48.1,0.72,14.11,4.0,LANE_A,20000.0,-22.0,90.8,CRUISE_LOITER,LADAKH,8,0.65
1788499881.038,5041.6,2074.7,72.0,78.2,80.4,77.4,80.0,734.7,741.9,738.0,737.6,4.86,57.6,14.1,3.0,48.1,0.72,14.09,4.1,LANE_A,20000.0,-22.0,90.8,CRUISE_LOITER,LADAKH,8,0.65
1788499881.554,5074.9,2088.4,72.0,78.3,80.5,77.6,80.1,735.0,742.0,737.0,740.9,4.87,57.4,14.2,3.0,48.1,0.72,14.1,4.1,LANE_A,20000.0,-22.0,90.9,CRUISE_LOITER,LADAKH,8,0.65
1788499882.067,5063.3,2083.7,72.0,78.3,80.8,77.8,79.9,735.4,742.1,737.9,740.1,4.89,57.5,14.4,3.0,48.2,0.7,14.09,4.1,LANE_A,20000.0,-22.0,90.9,CRUISE_LOITER,LADAKH,8,0.65
1788499882.579,5059.5,2082.1,72.0,78.0,80.5,77.3,80.0,736.9,739.6,737.4,739.9,4.91,57.6,14.3,3.0,48.2,0.69,14.11,4.0,LANE_A,20000.0,-22.0,91.0,CRUISE_LOITER,LADAKH,8,0.65
1788499883.102,5063.4,2083.7,72.0,78.2,80.8,77.6,79.9,737.9,740.0,738.0,739.6,4.86,57.4,14.3,3.0,48.3,0.71,14.11,4.1,LANE_A,20000.0,-22.0,91.0,CRUISE_LOITER,LADAKH,8,0.65
1788499883.627,5055.5,2080.5,72.0,78.1,80.5,77.4,80.3,734.2,740.0,735.8,739.4,4.87,57.4,14.3,3.0,48.3,0.74,14.07,4.2,LANE_A,20000.0,-22.0,91.0,CRUISE_LOITER,LADAKH,8,0.65
1788499884.17,5062.8,2083.5,72.0,78.1,80.6,77.5,80.2,734.0,740.2,737.5,741.6,4.85,57.6,14.4,3.0,48.2,0.7,14.08,4.1,LANE_A,20000.0,-22.0,91.1,CRUISE_LOITER,LADAKH,8,0.65
1788499884.719,5063.6,2083.8,72.0,78.2,80.2,77.4,80.2,736.5,739.8,735.1,740.6,4.86,57.4,14.3,3.0,47.9,0.73,14.12,4.0,LANE_A,20000.0,-22.0,91.1,CRUISE_LOITER,LADAKH,8,0.65
1788499885.243,5058.6,2081.7,72.0,78.1,80.2,77.7,80.0,737.9,739.8,737.0,741.5,4.89,57.7,14.2,3.0,48.1,0.71,14.09,4.0,LANE_A,20000.0,-22.0,91.2,CRUISE_LOITER,LADAKH,8,0.65
1788499885.769,5060.5,2082.5,72.0,78.4,80.7,77.5,80.0,736.2,739.2,737.8,741.4,4.92,57.5,14.3,3.0,48.1,0.72,14.08,4.1,LANE_A,20000.0,-22.0,91.2,CRUISE_LOITER,LADAKH,8,0.65
1788499886.313,5049.3,2077.9,72.0,77.9,80.7,77.2,80.4,735.1,739.6,737.7,740.6,4.95,57.3,14.2,3.0,48.2,0.68,14.06,4.1,LANE_A,20000.0,-22.0,91.2,CRUISE_LOITER,LADAKH,8,0.65
1788499886.832,5054.3,2080.0,72.0,78.4,80.4,77.5,80.3,734.7,739.4,737.5,741.0,4.9,57.7,14.2,3.0,48.4,0.71,14.09,4.1,LANE_A,20000.0,-22.0,91.3,CRUISE_LOITER,LADAKH,8,0.65
1788499887.354,5062.2,2083.2,72.0,78.2,80.7,77.5,80.1,736.1,742.1,736.9,741.6,4.87,57.3,14.4,3.0,48.1,0.69,14.08,4.0,LANE_A,20000.0,-22.0,91.3,CRUISE_LOITER,LADAKH,8,0.65
1788499887.863,5051.1,2078.6,72.0,78.2,80.6,77.2,79.9,736.0,738.4,737.6,740.2,4.85,57.5,14.3,3.0,48.2,0.74,14.12,4.0,LANE_A,20000.0,-22.0,91.3,CRUISE_LOITER,LADAKH,8,0.65
1788499888.42,5061.4,2082.9,72.0,77.9,80.8,77.3,79.9,736.1,741.0,735.4,740.8,4.88,57.6,14.3,3.0,48.1,0.72,14.09,4.0,LANE_A,20000.0,-22.0,91.4,CRUISE_LOITER,LADAKH,8,0.65
1788499888.952,5072.4,2087.4,72.0,78.2,80.4,77.7,80.2,737.3,740.1,737.2,741.6,4.9,57.5,14.3,3.0,48.0,0.72,14.1,4.2,LANE_A,20000.0,-22.0,91.4,CRUISE_LOITER,LADAKH,8,0.65
1788499889.472,5059.7,2082.2,72.0,78.0,80.9,77.4,80.2,736.9,738.9,736.4,741.9,4.86,57.6,14.4,3.0,48.2,0.72,14.15,4.0,LANE_A,20000.0,-22.0,91.5,CRUISE_LOITER,LADAKH,8,0.65
1788499889.983,5096.5,2097.3,72.0,77.7,80.4,77.1,80.3,734.1,740.3,738.8,740.3,4.86,57.5,14.4,3.0,48.3,0.74,14.12,4.0,LANE_A,20000.0,-22.0,91.5,CRUISE_LOITER,LADAKH,8,0.65
1788499890.5,5065.4,2084.5,72.0,78.2,80.4,77.6,80.2,734.9,739.6,736.1,741.4,4.91,57.7,14.2,3.0,48.1,0.71,14.12,4.2,LANE_A,20000.0,-22.0,91.5,CRUISE_LOITER,LADAKH,8,0.65
1788499891.02,5084.0,2092.2,72.0,78.0,80.3,77.4,80.2,734.6,742.2,738.3,742.9,4.89,57.5,14.3,3.0,48.2,0.72,14.1,4.0,LANE_A,20000.0,-22.0,91.6,CRUISE_LOITER,LADAKH,8,0.65
1788499891.537,5066.3,2084.9,72.0,77.9,80.5,77.7,80.2,735.6,741.1,735.9,739.6,4.87,57.4,14.3,3.0,48.1,0.71,14.07,4.1,LANE_A,20000.0,-22.0,91.6,CRUISE_LOITER,LADAKH,8,0.65
1788499892.044,5060.6,2082.6,72.0,77.8,80.3,77.5,79.9,738.5,738.8,737.8,743.3,4.89,57.7,14.2,3.0,48.3,0.73,14.13,4.0,LANE_A,20000.0,-22.0,91.6,CRUISE_LOITER,LADAKH,8,0.65
1788499892.554,5077.8,2089.6,72.0,77.6,80.7,77.5,79.8,736.6,741.7,736.9,738.5,4.9,57.5,14.3,3.0,48.1,0.72,14.08,3.9,LANE_A,20000.0,-22.0,91.7,CRUISE_LOITER,LADAKH,8,0.65
1788499893.083,5077.4,2089.5,72.0,78.2,80.6,77.2,80.3,734.4,740.7,736.7,741.3,4.91,57.5,14.2,3.0,48.1,0.69,14.12,4.1,LANE_A,20000.0,-22.0,91.7,CRUISE_LOITER,LADAKH,8,0.65
1788499893.593,5061.0,2082.7,72.0,78.1,80.7,77.4,79.8,736.9,741.0,738.4,739.4,4.9,57.5,14.2,3.0,48.2,0.69,14.08,4.1,LANE_A,20000.0,-22.0,91.7,CRUISE_LOITER,LADAKH,8,0.65
1788499894.111,5058.6,2081.7,72.0,78.1,80.4,77.8,79.8,735.3,740.5,738.2,740.9,4.89,57.5,14.2,3.0,48.1,0.72,14.11,4.2,LANE_A,20000.0,-22.0,91.8,CRUISE_LOITER,LADAKH,8,0.65
1788499894.624,5043.5,2075.5,72.0,77.8,80.4,77.7,80.0,736.4,739.5,736.3,737.7,4.92,57.3,14.4,3.0,48.1,0.73,14.09,4.2,LANE_A,20000.0,-22.0,91.8,CRUISE_LOITER,LADAKH,8,0.65
1788499895.13,5066.3,2084.9,72.0,78.5,80.4,77.9,80.0,735.9,741.8,737.0,739.1,4.86,57.4,14.2,3.0,48.2,0.73,14.1,4.0,LANE_A,20000.0,-22.0,91.8,CRUISE_LOITER,LADAKH,8,0.65
1788499895.945,5073.2,2087.7,72.0,77.8,80.4,77.6,80.0,735.4,742.5,738.1,741.9,4.85,57.6,14.2,3.0,48.4,0.73,14.12,4.1,LANE_A,20000.0,-22.0,91.9,CRUISE_LOITER,LADAKH,8,0.65
1788499896.479,5062.7,2083.4,72.0,78.3,80.5,77.6,79.9,737.4,741.2,737.9,740.8,4.91,57.2,14.2,3.0,48.2,0.75,14.09,4.2,LANE_A,20000.0,-22.0,91.9,CRUISE_LOITER,LADAKH,8,0.65
1788499897.02,5068.7,2085.9,72.0,77.9,80.5,77.3,79.8,734.6,740.8,736.4,740.0,4.86,57.4,14.3,3.0,48.1,0.73,14.08,4.1,LANE_A,20000.0,-22.0,91.9,CRUISE_LOITER,LADAKH,8,0.65
1788499897.544,5057.5,2081.3,72.0,77.9,80.6,77.7,80.1,734.3,739.8,738.1,741.3,4.88,57.3,14.4,3.0,48.1,0.71,14.11,4.0,LANE_A,20000.0,-22.0,92.0,CRUISE_LOITER,LADAKH,8,0.65
1788499898.073,5061.3,2082.8,72.0,78.3,80.5,77.3,80.2,734.9,740.9,738.1,739.9,4.82,57.6,14.4,3.0,48.2,0.7,14.09,3.9,LANE_A,20000.0,-22.0,92.0,CRUISE_LOITER,LADAKH,8,0.65
1788499898.604,5058.0,2081.5,72.0,78.1,80.6,77.1,80.0,733.9,741.6,739.2,742.5,4.83,57.7,14.2,3.0,48.3,0.72,14.07,4.0,LANE_A,20000.0,-22.0,92.0,CRUISE_LOITER,LADAKH,8,0.65
1788499899.14,5052.4,2079.2,72.0,78.0,80.9,77.6,80.1,733.3,741.2,739.2,741.0,4.95,57.6,14.3,3.0,48.2,0.7,14.08,4.1,LANE_A,20000.0,-22.0,92.0,CRUISE_LOITER,LADAKH,8,0.65
1788499899.669,5076.4,2089.1,72.0,78.1,80.5,77.3,80.0,736.0,740.4,738.9,740.1,4.9,57.6,14.2,3.0,48.2,0.75,14.12,4.0,LANE_A,20000.0,-22.0,92.1,CRUISE_LOITER,LADAKH,8,0.65
1788499900.221,5083.9,2092.1,72.0,78.3,80.5,77.5,79.6,734.9,743.1,735.1,739.0,4.9,57.6,14.2,3.0,48.0,0.73,14.12,4.1,LANE_A,20000.0,-22.0,92.1,CRUISE_LOITER,LADAKH,8,0.65
1788499900.736,5063.0,2083.5,72.0,78.2,80.5,77.6,79.9,736.1,742.5,736.6,740.9,4.89,57.5,14.3,3.0,48.1,0.7,14.13,4.0,LANE_A,20000.0,-22.0,92.1,CRUISE_LOITER,LADAKH,8,0.65
1788499901.249,5051.7,2078.9,72.0,78.0,80.7,77.7,80.1,737.5,743.3,738.5,739.9,4.86,57.4,14.3,3.0,48.2,0.72,14.09,4.0,LANE_A,20000.0,-22.0,92.2,CRUISE_LOITER,LADAKH,8,0.65
1788499901.758,5076.3,2089.0,72.0,78.2,80.5,77.5,80.1,736.3,741.6,737.2,740.8,4.92,57.5,14.3,3.0,48.3,0.71,14.09,4.0,LANE_A,20000.0,-22.0,92.2,CRUISE_LOITER,LADAKH,8,0.65
1788499902.296,5069.3,2086.1,72.0,78.0,80.7,77.5,79.9,735.8,740.6,738.9,741.7,4.89,58.0,14.2,3.0,48.2,0.73,14.11,3.9,LANE_A,20000.0,-22.0,92.2,CRUISE_LOITER,LADAKH,8,0.65
1788499902.807,5061.4,2082.9,72.0,78.2,80.5,77.8,79.8,734.2,739.9,740.1,739.5,4.87,57.6,14.1,3.0,48.2,0.68,14.09,4.1,LANE_A,20000.0,-22.0,92.2,CRUISE_LOITER,LADAKH,8,0.65
1788499903.323,5079.4,2090.3,72.0,78.1,80.6,77.3,80.2,736.1,740.7,736.5,739.9,4.94,57.6,14.2,3.0,48.2,0.74,14.12,4.1,LANE_A,20000.0,-22.0,92.3,CRUISE_LOITER,LADAKH,8,0.65
1788499903.849,5053.6,2079.7,72.0,78.2,80.5,77.3,79.8,736.6,739.7,738.5,739.8,4.85,57.5,14.3,3.0,48.3,0.73,14.08,3.9,LANE_A,20000.0,-22.0,92.3,CRUISE_LOITER,LADAKH,8,0.65
1788499904.395,5058.1,2081.5,72.0,78.4,80.5,77.6,80.2,735.0,741.1,737.7,738.3,4.9,57.3,14.3,3.0,48.1,0.73,14.1,4.1,LANE_A,20000.0,-22.0,92.3,CRUISE_LOITER,LADAKH,8,0.65
1788499904.932,5062.5,2083.3,72.0,78.1,80.7,77.6,80.0,735.4,739.9,738.6,743.5,4.88,57.6,14.2,3.0,48.3,0.68,14.07,4.2,LANE_A,20000.0,-22.0,92.3,CRUISE_LOITER,LADAKH,8,0.65
1788499905.462,5046.8,2076.9,72.0,78.0,80.6,77.6,80.2,733.9,741.4,738.1,741.1,4.91,57.6,14.3,3.0,48.2,0.72,14.1,4.1,LANE_A,20000.0,-22.0,92.4,CRUISE_LOITER,LADAKH,8,0.65
1788499905.997,5053.2,2079.5,72.0,77.8,80.6,77.8,80.1,734.7,740.7,736.1,741.5,4.89,57.4,14.4,3.0,48.1,0.71,14.09,4.2,LANE_A,20000.0,-22.0,92.4,CRUISE_LOITER,LADAKH,8,0.65
1788499906.527,5047.6,2077.2,72.0,78.0,80.3,77.7,80.3,736.1,740.1,737.6,740.5,4.93,57.5,14.3,3.0,48.2,0.74,14.12,4.2,LANE_A,20000.0,-22.0,92.4,CRUISE_LOITER,LADAKH,8,0.65
1788499907.094,5119.2,2106.7,72.0,78.0,80.9,77.5,80.1,780.5,785.7,783.0,784.5,4.89,57.7,11.1,3.0,38.6,0.71,14.07,3.6,LANE_A,20000.0,-22.0,92.4,CRUISE_LOITER,LADAKH,7,0.99
1788499907.614,5124.5,2108.8,72.0,77.8,80.6,77.6,80.3,779.7,785.8,781.4,786.9,4.9,57.6,11.2,3.0,38.5,0.72,13.88,2.4,LANE_A,20000.0,-22.0,92.5,CRUISE_LOITER,LADAKH,7,0.96
1788499908.134,5107.8,2102.0,72.0,78.3,80.3,77.8,80.0,778.1,785.7,782.8,787.5,4.87,57.2,11.1,3.0,38.8,0.7,13.76,1.2,LANE_A,20000.0,-22.0,92.5,CRUISE_LOITER,LADAKH,7,0.92
1788499908.682,5099.5,2098.6,72.0,77.9,80.6,77.4,80.0,780.9,787.1,780.7,783.3,4.95,57.7,11.1,3.0,38.7,0.73,13.61,-0.2,LANE_A,20000.0,-22.0,92.5,CRUISE_LOITER,LADAKH,7,0.89
1788499909.187,5110.3,2103.0,72.0,77.6,79.9,77.6,79.9,782.4,786.7,781.5,787.1,4.91,57.5,11.3,3.0,38.5,0.73,13.45,-1.5,LANE_A,20000.0,-22.0,92.5,CRUISE_LOITER,LADAKH,7,0.86
1788499909.711,5091.6,2095.3,72.0,78.0,80.3,77.5,80.0,781.6,784.9,784.0,785.3,4.87,57.5,11.2,3.0,38.8,0.71,13.29,-2.8,LANE_A,20000.0,-22.0,92.6,CRUISE_LOITER,LADAKH,7,0.82
1788499910.253,5099.6,2098.6,72.0,77.9,80.7,77.4,80.0,780.4,786.5,784.0,784.2,4.87,57.3,11.1,3.0,38.8,0.73,13.13,-3.9,LANE_A,20000.0,-22.0,92.6,CRUISE_LOITER,LADAKH,7,0.79
1788499910.793,5076.8,2089.2,72.0,78.0,80.3,77.6,80.3,781.5,784.6,782.2,782.9,4.9,57.5,11.1,3.0,38.8,0.72,12.95,-5.3,LANE_A,20000.0,-22.0,92.6,CRUISE_LOITER,LADAKH,7,0.76
1788499911.317,5099.1,2098.4,72.0,78.0,80.6,77.6,80.0,781.5,786.5,781.2,785.3,4.89,57.8,11.2,3.0,38.8,0.73,12.81,-6.9,LANE_A,20000.0,-22.0,92.6,CRUISE_LOITER,LADAKH,7,0.72
1788499911.86,5106.8,2101.6,72.0,78.3,80.6,77.7,80.2,782.5,786.2,782.3,786.1,4.89,57.5,11.2,3.0,38.7,0.73,12.68,-7.9,LANE_A,20000.0,-22.0,92.6,CRUISE_LOITER,LADAKH,7,0.69
1788499912.377,5099.4,2098.5,72.0,77.8,80.6,77.7,80.2,782.6,786.1,783.4,785.9,4.94,57.3,11.1,3.0,38.8,0.74,12.47,-9.4,LANE_A,20000.0,-22.0,92.6,CRUISE_LOITER,LADAKH,7,0.66
1788499912.905,5081.6,2091.2,72.0,78.2,80.6,77.5,80.6,780.1,786.6,783.9,786.4,4.86,57.9,11.2,3.0,38.6,0.74,12.37,-10.6,LANE_A,20000.0,-22.0,92.7,CRUISE_LOITER,LADAKH,7,0.62
1788499913.434,5116.4,2105.5,72.0,78.0,80.7,77.6,79.9,779.7,783.7,782.8,786.0,4.89,57.5,11.2,3.0,38.9,0.72,12.25,-11.6,LANE_A,20000.0,-22.0,92.7,CRUISE_LOITER,LADAKH,7,0.6
1788499913.955,5093.1,2095.9,72.0,78.0,81.0,77.5,80.0,781.1,784.8,784.9,784.5,4.91,57.5,11.1,3.0,38.6,0.76,12.27,-11.4,LANE_A,20000.0,-22.0,92.7,CRUISE_LOITER,LADAKH,7,0.6
1788499914.466,5074.8,2088.4,72.0,78.2,80.7,77.8,80.1,782.0,785.2,784.1,786.4,4.89,57.4,11.1,3.0,38.6,0.7,12.22,-11.2,LANE_A,20000.0,-22.0,92.7,CRUISE_LOITER,LADAKH,7,0.6
1788499914.995,5077.2,2089.4,72.0,77.9,80.7,77.6,80.3,779.6,786.5,783.2,787.2,4.84,57.4,11.0,3.0,38.8,0.7,12.27,-11.3,LANE_A,20000.0,-22.0,92.7,CRUISE_LOITER,LADAKH,7,0.6
1788499915.51,5112.7,2104.0,72.0,78.1,80.6,77.5,79.9,781.3,785.8,782.0,784.2,4.92,57.5,11.1,3.0,39.0,0.73,12.28,-11.5,LANE_A,20000.0,-22.0,92.8,CRUISE_LOITER,LADAKH,7,0.6
1788499916.048,5094.0,2096.3,72.0,78.4,80.7,77.3,80.0,780.5,785.5,782.4,784.0,4.91,57.6,11.0,3.0,38.7,0.74,12.28,-11.5,LANE_A,20000.0,-22.0,92.8,CRUISE_LOITER,LADAKH,7,0.6
1788499916.564,5101.3,2099.3,72.0,77.7,80.6,77.8,80.0,779.4,786.3,783.3,785.0,4.92,57.6,11.2,3.0,39.0,0.73,12.25,-11.3,LANE_A,20000.0,-22.0,92.8,CRUISE_LOITER,LADAKH,7,0.6
1788499917.077,5074.7,2088.4,72.0,78.1,80.6,77.7,80.1,778.8,784.2,781.3,787.7,4.91,57.7,11.2,3.0,38.8,0.71,12.28,-11.2,LANE_A,20000.0,-22.0,92.8,CRUISE_LOITER,LADAKH,7,0.6
1788499917.595,5088.1,2093.9,72.0,78.2,80.5,77.9,80.2,780.8,787.0,783.7,786.1,4.94,58.0,11.2,3.0,38.7,0.73,12.24,-11.4,LANE_A,20000.0,-22.0,92.8,CRUISE_LOITER,LADAKH,7,0.6
1788499918.114,5086.5,2093.2,72.0,78.2,80.6,77.5,80.2,779.9,784.8,781.3,785.0,4.92,57.5,11.1,3.0,38.8,0.72,12.24,-11.4,LANE_A,20000.0,-22.0,92.8,CRUISE_LOITER,LADAKH,7,0.6
1788499918.623,5107.5,2101.9,72.0,78.2,80.8,77.8,80.1,781.2,785.9,782.5,786.2,4.87,57.6,11.2,3.0,38.8,0.73,12.26,-11.4,LANE_A,20000.0,-22.0,92.8,CRUISE_LOITER,LADAKH,7,0.6
1788499919.154,5096.6,2097.4,72.0,78.2,80.6,77.6,80.5,779.9,784.6,784.0,785.4,4.89,57.7,11.1,3.0,38.6,0.71,12.26,-11.5,LANE_A,20000.0,-22.0,92.8,CRUISE_LOITER,LADAKH,7,0.6
1788499919.69,5091.7,2095.3,72.0,78.2,80.7,77.5,80.2,779.4,787.5,783.6,787.0,4.9,57.6,11.1,3.0,38.6,0.73,12.24,-11.4,LANE_A,20000.0,-22.0,92.9,CRUISE_LOITER,LADAKH,7,0.6
1788499920.254,5094.5,2096.5,72.0,78.2,80.5,77.8,80.2,784.6,783.5,784.0,783.6,4.89,57.5,11.2,3.0,38.7,0.7,12.28,-11.4,LANE_A,20000.0,-22.0,92.9,CRUISE_LOITER,LADAKH,7,0.6
1788499920.804,5100.9,2099.1,72.0,78.0,80.7,77.5,80.0,778.6,785.1,782.3,785.0,4.85,57.5,11.1,3.0,38.7,0.73,12.26,-11.3,LANE_A,20000.0,-22.0,92.9,CRUISE_LOITER,LADAKH,7,0.6
1788499921.341,5094.9,2096.7,72.0,78.6,80.6,77.7,80.2,781.5,785.5,782.6,786.2,4.89,58.0,11.2,3.0,38.6,0.67,12.23,-11.3,LANE_A,20000.0,-22.0,92.9,CRUISE_LOITER,LADAKH,7,0.6
1788499921.846,5102.1,2099.6,72.0,78.3,80.5,77.9,80.0,781.0,785.1,782.7,787.5,4.91,57.6,11.1,3.0,38.7,0.73,12.23,-11.3,LANE_A,20000.0,-22.0,92.9,CRUISE_LOITER,LADAKH,7,0.6
1788499922.38,5102.8,2099.9,72.0,78.4,80.5,77.7,80.2,781.0,787.0,785.5,785.6,4.9,57.6,11.1,3.0,38.9,0.76,12.21,-11.3,LANE_A,20000.0,-22.0,92.9,CRUISE_LOITER,LADAKH,7,0.6
1788499922.897,5100.5,2099.0,72.0,78.2,80.7,77.9,80.6,778.3,786.3,784.0,785.4,4.89,57.5,11.2,3.0,38.9,0.74,12.28,-11.4,LANE_A,20000.0,-22.0,92.9,CRUISE_LOITER,LADAKH,7,0.6
1788499923.443,5124.7,2108.9,72.0,78.0,81.6,77.6,80.4,781.0,785.5,782.6,787.4,4.88,57.8,11.1,3.0,38.8,0.71,14.11,4.2,LANE_A,20000.0,-22.0,92.9,CRUISE_LOITER,LADAKH,1,0.99
1788499923.948,5143.0,2116.5,72.0,78.3,84.7,77.3,80.3,780.5,788.6,781.6,786.4,4.9,58.8,11.3,3.0,38.9,0.69,14.09,4.0,LANE_A,20000.0,-22.0,92.9,CRUISE_LOITER,LADAKH,1,0.93
1788499924.475,5123.6,2108.5,72.0,78.0,88.0,77.5,80.8,781.4,792.5,781.1,785.8,4.85,59.8,11.1,3.0,38.6,0.72,14.1,4.1,LANE_A,20000.0,-22.0,92.9,CRUISE_LOITER,LADAKH,1,0.86
1788499924.988,5112.6,2103.9,72.0,78.3,91.3,77.5,81.2,780.8,792.8,782.7,785.2,4.91,60.8,11.1,3.0,39.0,0.7,14.08,4.0,LANE_A,20000.0,-22.0,93.0,CRUISE_LOITER,LADAKH,1,0.8
1788499925.5,5140.3,2115.3,72.0,78.1,94.8,77.6,81.5,782.1,794.3,783.0,786.2,4.88,61.1,11.0,3.0,38.7,0.7,14.11,4.3,LANE_A,20000.0,-22.0,93.0,CRUISE_LOITER,LADAKH,1,0.74
1788499926.016,5120.4,2107.1,72.0,78.3,97.7,77.3,81.9,779.8,797.1,782.4,785.8,4.89,62.5,11.3,3.0,38.9,0.71,14.1,4.1,LANE_A,20000.0,-22.0,93.0,CRUISE_LOITER,LADAKH,1,0.68
1788499926.522,5118.2,2106.3,72.0,78.3,101.2,78.0,82.2,780.5,798.5,783.6,786.6,4.9,63.1,11.0,3.0,38.9,0.73,14.1,4.2,LANE_A,20000.0,-22.0,93.0,CRUISE_LOITER,LADAKH,1,0.61
1788499927.047,5140.0,2115.2,72.0,77.8,104.9,77.7,82.8,781.6,798.9,783.7,783.6,4.88,63.7,11.2,3.0,38.8,0.71,14.08,4.1,LANE_A,20000.0,-22.0,93.0,CRUISE_LOITER,LADAKH,1,0.55
1788499927.85,5118.1,2106.2,72.0,78.5,108.3,77.8,83.0,779.0,802.7,782.5,785.2,4.85,64.7,11.2,3.0,38.7,0.71,14.14,4.0,LANE_A,20000.0,-22.0,93.0,CRUISE_LOITER,LADAKH,1,0.49
1788499928.357,5131.8,2111.9,72.0,78.2,111.4,77.6,83.5,781.1,807.1,781.5,785.0,4.93,65.7,11.2,3.0,38.7,0.71,14.08,4.3,LANE_A,20000.0,-22.0,93.0,CRUISE_LOITER,LADAKH,1,0.43
1788499928.877,5129.3,2110.8,72.0,78.6,114.7,77.5,83.6,781.6,805.2,781.5,785.8,4.89,66.7,11.2,3.0,38.7,0.73,14.07,4.1,LANE_A,20000.0,-22.0,93.0,CRUISE_LOITER,LADAKH,1,0.36
1788499929.389,5126.7,2109.7,72.0,78.1,117.8,77.9,84.0,780.5,808.0,782.5,787.1,4.91,67.7,11.1,3.0,38.9,0.69,14.06,4.3,LANE_A,20000.0,-22.0,93.0,CRUISE_LOITER,LADAKH,1,0.3
1788499929.898,5138.5,2114.6,72.0,78.0,120.3,77.7,84.4,781.1,811.4,783.1,786.4,4.92,68.3,11.3,3.0,38.8,0.75,14.11,4.1,LANE_A,20000.0,-22.0,93.0,CRUISE_LOITER,LADAKH,1,0.25
1788499930.408,5123.2,2108.3,72.0,78.4,120.7,77.8,84.7,780.4,810.6,783.0,787.0,4.89,68.1,11.3,3.0,38.8,0.74,14.12,4.1,LANE_A,20000.0,-22.0,93.0,CRUISE_LOITER,LADAKH,1,0.25
1788499930.922,5128.2,2110.4,72.0,78.2,120.8,77.9,84.5,779.2,811.6,783.1,786.3,4.88,68.3,11.2,3.0,38.8,0.71,14.11,4.1,LANE_A,20000.0,-22.0,93.0,CRUISE_LOITER,LADAKH,1,0.25
1788499931.454,5132.5,2112.1,72.0,78.6,121.1,77.6,84.3,778.2,811.3,780.6,788.0,4.92,68.1,11.2,3.0,39.0,0.7,14.05,3.9,LANE_A,20000.0,-22.0,93.0,CRUISE_LOITER,LADAKH,1,0.25
1788499931.959,5119.6,2106.8,72.0,78.5,120.4,77.7,84.0,781.9,811.3,783.5,787.0,4.91,68.3,11.2,3.0,38.8,0.71,14.11,4.1,LANE_A,20000.0,-22.0,93.0,CRUISE_LOITER,LADAKH,1,0.25
1788499932.487,5126.0,2109.4,72.0,78.2,120.7,78.0,84.3,782.0,810.2,781.2,787.5,4.9,68.2,11.1,3.0,39.0,0.72,14.12,4.1,LANE_A,20000.0,-22.0,93.0,CRUISE_LOITER,LADAKH,1,0.25
1788499933.003,5134.9,2113.1,72.0,78.5,121.1,78.0,84.2,782.3,810.8,784.9,787.7,4.94,68.1,11.2,3.0,39.0,0.72,14.09,4.2,LANE_A,20000.0,-22.0,93.0,CRUISE_LOITER,LADAKH,1,0.25
1788499933.508,5134.6,2113.0,72.0,78.3,120.8,78.2,84.6,780.8,812.0,781.3,787.8,4.89,68.3,11.3,3.0,39.1,0.72,14.12,3.9,LANE_A,20000.0,-22.0,93.0,CRUISE_LOITER,LADAKH,1,0.25
1788499934.023,5135.7,2113.5,72.0,78.4,120.7,77.8,84.5,780.3,809.2,783.6,785.7,4.88,68.1,11.0,3.0,38.8,0.71,14.09,4.1,LANE_A,20000.0,-22.0,93.0,CRUISE_LOITER,LADAKH,1,0.25
1788499934.563,5158.0,2122.6,72.0,78.3,121.1,77.9,84.6,782.3,809.3,782.8,785.2,4.86,68.1,11.2,3.0,38.8,0.7,14.09,4.2,LANE_A,20000.0,-22.0,93.0,CRUISE_LOITER,LADAKH,1,0.25
1788499935.078,5134.7,2113.0,72.0,78.7,121.1,77.9,84.3,781.6,809.8,784.1,787.8,4.91,68.5,11.1,3.0,38.9,0.71,14.09,4.1,LANE_A,20000.0,-22.0,93.0,CRUISE_LOITER,LADAKH,1,0.25
1788499935.593,5142.6,2116.3,72.0,78.2,120.9,77.9,84.3,779.5,809.9,782.3,786.9,4.93,68.2,11.1,3.0,38.8,0.74,14.09,4.1,LANE_A,20000.0,-22.0,93.0,CRUISE_LOITER,LADAKH,1,0.25
1788499936.141,5136.8,2113.9,72.0,78.1,121.0,78.1,84.3,778.4,809.7,781.9,784.6,4.93,68.2,11.2,3.0,39.0,0.71,14.09,4.2,LANE_A,20000.0,-22.0,93.0,CRUISE_LOITER,LADAKH,1,0.25
1788499936.652,5138.3,2114.5,72.0,78.8,121.0,78.1,84.3,782.7,813.1,784.7,786.6,4.88,68.4,11.3,3.0,39.1,0.69,14.09,4.1,LANE_A,20000.0,-22.0,93.0,CRUISE_LOITER,LADAKH,1,0.25
1788499937.159,5123.5,2108.4,72.0,78.4,120.8,78.0,84.6,781.4,809.8,783.2,786.9,4.95,68.6,11.1,3.0,39.0,0.73,14.12,4.1,LANE_A,20000.0,-22.0,93.0,CRUISE_LOITER,LADAKH,1,0.25
1788499937.682,5166.7,2126.2,72.0,78.5,120.8,77.9,84.6,780.3,810.9,783.1,786.9,4.84,68.2,11.2,3.0,39.2,0.72,14.1,3.9,LANE_A,20000.0,-22.0,93.0,CRUISE_LOITER,LADAKH,1,0.25
1788499938.201,5129.0,2110.7,72.0,78.6,121.0,78.0,84.7,781.5,811.8,781.0,785.1,4.86,68.4,11.1,3.0,39.0,0.73,14.07,4.1,LANE_A,20000.0,-22.0,93.0,CRUISE_LOITER,LADAKH,1,0.25
1788499938.713,5162.2,2124.4,72.0,78.5,121.2,78.2,84.6,782.7,811.5,782.9,788.0,4.92,68.5,11.1,3.0,39.0,0.71,14.1,4.0,LANE_A,20000.0,-22.0,93.0,CRUISE_LOITER,LADAKH,1,0.25
1788499939.224,5128.0,2110.3,72.0,78.5,121.0,78.0,84.7,778.9,809.0,781.4,784.5,4.85,68.5,11.2,3.0,38.9,0.71,14.07,4.3,LANE_A,20000.0,-22.0,93.0,CRUISE_LOITER,LADAKH,1,0.25
1788499939.744,5128.6,2110.5,72.0,78.8,121.2,77.8,84.6,781.3,811.6,783.7,786.6,4.9,68.4,11.1,3.0,38.9,0.71,14.08,4.0,LANE_A,20000.0,-22.0,92.9,CRUISE_LOITER,LADAKH,1,0.25
1788499940.264,5144.0,2116.9,72.0,78.7,121.0,78.0,84.8,780.0,810.8,782.5,786.8,4.93,68.5,11.1,3.0,39.0,0.72,14.11,4.2,LANE_A,20000.0,-22.0,92.9,CRUISE_LOITER,LADAKH,1,0.25
1788499940.783,5154.9,2121.4,72.0,79.0,121.4,78.0,84.8,780.0,810.6,783.8,786.8,4.89,68.6,11.3,3.0,38.9,0.71,14.1,4.0,LANE_A,20000.0,-22.0,92.9,CRUISE_LOITER,LADAKH,1,0.25
1788499941.309,5146.5,2117.9,72.0,78.4,121.3,78.2,84.2,782.2,809.8,785.7,786.7,4.91,68.4,11.2,3.0,39.0,0.68,14.1,4.2,LANE_A,20000.0,-22.0,92.9,CRUISE_LOITER,LADAKH,1,0.25
1788499941.839,5129.3,2110.8,72.0,78.8,121.4,78.1,84.4,780.1,812.1,782.7,785.1,4.86,68.7,11.1,3.0,39.1,0.7,14.11,4.0,LANE_A,20000.0,-22.0,92.9,CRUISE_LOITER,LADAKH,1,0.25
1788499942.377,5143.3,2116.6,72.0,78.6,121.3,78.3,84.5,779.6,811.7,782.4,786.4,4.86,68.8,11.3,3.0,39.0,0.7,14.09,4.0,LANE_A,20000.0,-22.0,92.9,CRUISE_LOITER,LADAKH,1,0.25
1788499942.936,5135.0,2113.2,72.0,79.0,121.0,78.1,85.0,782.6,809.1,780.4,787.4,4.94,68.4,11.4,3.0,39.2,0.72,14.09,4.3,LANE_A,20000.0,-22.0,92.9,CRUISE_LOITER,LADAKH,1,0.25
1788499943.448,5136.7,2113.9,72.0,78.8,120.8,78.3,84.3,780.6,807.8,784.8,786.2,4.85,68.4,11.2,3.0,38.9,0.75,14.07,4.1,LANE_A,20000.0,-22.0,92.9,CRUISE_LOITER,LADAKH,1,0.25
1788499943.978,5138.5,2114.6,72.0,79.0,121.2,78.1,84.6,780.3,809.8,782.1,786.2,4.94,68.6,11.2,3.0,38.9,0.71,14.1,4.1,LANE_A,20000.0,-22.0,92.9,CRUISE_LOITER,LADAKH,1,0.25
1788499944.508,5140.7,2115.5,72.0,78.5,121.0,77.8,84.6,782.1,810.6,783.3,784.6,4.9,68.7,11.1,3.0,38.7,0.72,14.1,4.2,LANE_A,20000.0,-22.0,92.9,CRUISE_LOITER,LADAKH,1,0.25
1788499945.032,5144.6,2117.1,72.0,78.9,121.3,78.4,84.4,781.3,810.1,783.0,783.1,4.9,68.6,11.2,3.0,39.0,0.7,14.09,4.0,LANE_A,20000.0,-22.0,92.9,CRUISE_LOITER,LADAKH,1,0.25
1788499945.539,5144.6,2117.1,72.0,78.5,121.3,78.2,84.7,780.9,810.6,783.7,786.4,4.9,68.7,11.1,3.0,39.1,0.72,14.11,4.3,LANE_A,20000.0,-22.0,92.8,CRUISE_LOITER,LADAKH,1,0.25
1788499946.059,5133.3,2112.5,72.0,78.7,121.1,78.4,84.5,782.2,810.5,784.1,787.5,4.86,68.5,11.3,3.0,39.0,0.68,14.12,4.0,LANE_A,20000.0,-22.0,92.8,CRUISE_LOITER,LADAKH,1,0.25
1788499946.606,5141.9,2116.0,72.0,78.6,121.1,78.5,84.8,782.3,808.8,783.6,785.1,4.93,68.5,11.3,3.0,39.0,0.73,14.11,3.9,LANE_A,20000.0,-22.0,92.8,CRUISE_LOITER,LADAKH,1,0.25
1788499947.122,5133.1,2112.4,72.0,79.0,121.7,77.9,85.2,781.0,808.1,783.3,787.2,4.87,68.5,11.2,3.0,39.1,0.73,14.11,4.1,LANE_A,20000.0,-22.0,92.8,CRUISE_LOITER,LADAKH,1,0.25
1788499947.634,5140.9,2115.6,72.0,78.5,121.4,78.4,84.6,780.6,809.8,783.2,789.0,4.92,68.5,11.0,3.0,39.1,0.74,14.09,4.1,LANE_A,20000.0,-22.0,92.8,CRUISE_LOITER,LADAKH,1,0.25
1788499948.149,5134.4,2112.9,72.0,78.8,121.3,78.1,84.8,780.5,812.7,784.9,785.0,4.86,68.7,11.2,3.0,39.1,0.71,14.09,4.2,LANE_A,20000.0,-22.0,92.8,CRUISE_LOITER,LADAKH,1,0.25
1788499948.681,5150.3,2119.5,72.0,78.6,121.3,78.3,84.9,780.7,809.9,782.1,783.3,4.86,68.7,11.2,3.0,39.0,0.72,14.1,4.1,LANE_A,20000.0,-22.0,92.8,CRUISE_LOITER,LADAKH,1,0.25
1788499949.188,5136.6,2113.8,72.0,78.7,121.3,78.3,84.7,783.5,810.6,786.2,785.0,4.94,68.8,11.2,3.0,39.0,0.71,14.1,4.1,LANE_A,20000.0,-22.0,92.7,CRUISE_LOITER,LADAKH,1,0.25
1788499949.709,5137.6,2114.3,72.0,79.0,121.5,78.3,84.8,781.9,809.0,786.0,788.0,4.89,69.0,11.3,3.0,39.0,0.7,14.11,4.0,LANE_A,20000.0,-22.0,92.7,CRUISE_LOITER,LADAKH,1,0.25
1788499950.227,5149.6,2119.2,72.0,78.8,121.2,78.4,84.7,781.0,812.1,782.9,784.6,4.88,68.8,11.3,3.0,38.9,0.75,14.1,3.9,LANE_A,20000.0,-22.0,92.7,CRUISE_LOITER,LADAKH,1,0.25
1788499950.732,5127.0,2109.9,72.0,78.9,121.5,78.1,84.7,781.2,810.4,783.2,787.3,4.96,68.6,11.3,2.9,39.1,0.73,14.08,3.9,LANE_A,20000.0,-22.0,92.7,CRUISE_LOITER,LADAKH,1,0.25
1788499951.259,5143.2,2116.5,72.0,78.3,121.2,78.4,84.9,782.5,809.2,783.6,785.6,4.88,68.5,11.4,3.0,39.0,0.75,14.09,4.2,LANE_A,20000.0,-22.0,92.7,CRUISE_LOITER,LADAKH,1,0.25
1788499951.77,5141.2,2115.7,72.0,79.3,121.5,78.2,84.6,781.2,808.6,784.7,786.8,4.89,68.8,11.0,3.0,39.0,0.72,14.1,4.0,LANE_A,20000.0,-22.0,92.7,CRUISE_LOITER,LADAKH,1,0.25
1788499952.29,5135.7,2113.5,72.0,78.9,121.2,78.2,84.6,779.7,812.0,783.2,785.7,4.9,68.6,11.2,3.0,39.0,0.71,14.11,4.0,LANE_A,20000.0,-22.0,92.6,CRUISE_LOITER,LADAKH,1,0.25
1788499952.826,5151.8,2120.1,72.0,78.9,121.6,78.5,84.8,783.4,811.4,783.9,785.9,4.91,68.9,11.2,3.0,39.1,0.74,14.08,4.4,LANE_A,20000.0,-22.0,92.6,CRUISE_LOITER,LADAKH,1,0.25
1788499953.338,5135.1,2113.2,72.0,79.2,121.6,78.7,84.6,781.5,810.2,781.3,787.2,4.92,68.7,11.3,3.0,39.2,0.73,14.12,4.2,LANE_A,20000.0,-22.0,92.6,CRUISE_LOITER,LADAKH,1,0.25
1788499953.844,5150.0,2119.3,72.0,78.7,121.2,78.3,84.9,782.8,809.1,781.9,785.3,4.89,68.8,11.3,3.0,39.0,0.71,14.1,4.0,LANE_A,20000.0,-22.0,92.6,CRUISE_LOITER,LADAKH,1,0.25
1788499954.372,5135.0,2113.2,72.0,78.9,121.6,78.5,85.0,782.8,810.5,783.2,785.3,4.9,69.0,11.2,3.0,39.1,0.73,14.11,4.0,LANE_A,20000.0,-22.0,92.6,CRUISE_LOITER,LADAKH,1,0.25
1788499954.893,5140.3,2115.3,72.0,79.2,121.4,78.3,85.0,780.8,811.5,782.1,787.2,4.89,69.0,11.1,3.0,39.2,0.74,14.07,4.1,LANE_A,20000.0,-22.0,92.5,CRUISE_LOITER,LADAKH,1,0.25
1788499955.408,5132.6,2112.2,72.0,79.0,121.4,78.1,85.1,782.1,808.0,783.5,788.8,4.89,68.7,11.3,3.0,39.2,0.72,14.13,4.2,LANE_A,20000.0,-22.0,92.5,CRUISE_LOITER,LADAKH,1,0.25
1788499955.995,5164.8,2125.4,72.0,78.8,121.2,78.3,84.9,780.4,811.9,784.2,786.5,4.86,68.7,11.2,3.0,39.0,0.71,14.13,4.3,LANE_A,20000.0,-22.0,92.5,CRUISE_LOITER,LADAKH,1,0.25
1788499956.502,5152.8,2120.5,72.0,79.2,121.1,78.4,85.0,781.7,808.6,782.5,787.9,4.91,68.9,11.1,3.0,39.1,0.74,14.07,4.0,LANE_A,20000.0,-22.0,92.5,CRUISE_LOITER,LADAKH,1,0.25
1788499957.025,5166.6,2126.2,72.0,78.9,121.4,78.5,85.0,779.8,808.8,782.8,788.0,4.91,68.8,11.2,3.0,39.0,0.71,14.08,4.2,LANE_A,20000.0,-22.0,92.5,CRUISE_LOITER,LADAKH,1,0.25
1788499957.534,5155.3,2121.5,72.0,79.1,121.7,78.7,84.7,782.9,811.5,782.4,788.8,4.91,69.0,11.3,3.0,39.1,0.74,14.13,4.2,LANE_A,20000.0,-22.0,92.4,CRUISE_LOITER,LADAKH,1,0.25
1788499958.054,5150.3,2119.5,72.0,78.9,122.0,78.7,85.1,781.1,810.5,784.0,783.5,4.9,69.2,11.4,3.0,39.0,0.72,14.04,4.2,LANE_A,20000.0,-22.0,92.4,CRUISE_LOITER,LADAKH,1,0.25
1788499958.576,5148.3,2118.6,72.0,79.0,121.6,78.7,85.4,782.4,810.6,784.8,785.3,4.85,68.9,11.3,3.0,39.0,0.7,14.1,4.3,LANE_A,20000.0,-22.0,92.4,CRUISE_LOITER,LADAKH,1,0.25
1788499959.092,5147.1,2118.2,72.0,79.1,121.5,78.8,85.1,780.0,809.2,782.6,787.8,4.87,68.7,11.2,3.0,39.1,0.72,14.11,4.1,LANE_A,20000.0,-22.0,92.4,CRUISE_LOITER,LADAKH,1,0.25
1788499959.599,5144.3,2117.0,72.0,79.0,121.9,78.8,85.2,780.2,811.5,783.7,787.9,4.89,68.9,11.2,3.0,39.1,0.73,14.08,4.1,LANE_A,20000.0,-22.0,92.3,CRUISE_LOITER,LADAKH,1,0.25
1788499960.118,5164.5,2125.3,72.0,78.9,121.6,78.5,85.4,779.1,809.1,782.4,786.5,4.91,69.2,11.3,3.0,39.4,0.7,14.09,4.2,LANE_A,20000.0,-22.0,92.3,CRUISE_LOITER,LADAKH,1,0.25
1788499960.634,5138.7,2114.7,72.0,79.6,121.8,79.0,85.2,784.2,810.4,784.7,786.9,4.94,69.1,11.2,3.0,39.2,0.73,14.12,4.1,LANE_A,20000.0,-22.0,92.3,CRUISE_LOITER,LADAKH,1,0.25
1788499961.16,5164.1,2125.1,72.0,79.3,121.6,78.5,85.1,781.2,808.5,783.0,786.0,4.91,69.0,11.4,3.0,39.2,0.71,14.1,4.2,LANE_A,20000.0,-22.0,92.3,CRUISE_LOITER,LADAKH,1,0.25
1788499961.686,5144.3,2117.0,72.0,79.2,121.8,78.5,85.2,782.5,810.7,783.1,786.7,4.87,69.0,11.4,3.0,39.0,0.73,14.12,4.2,LANE_A,20000.0,-22.0,92.2,CRUISE_LOITER,LADAKH,1,0.25
1788499962.211,5134.9,2113.1,72.0,79.5,121.5,79.2,85.3,780.7,812.6,783.2,787.4,4.9,69.2,11.2,3.0,39.1,0.73,14.12,4.2,LANE_A,20000.0,-22.0,92.2,CRUISE_LOITER,LADAKH,1,0.25
1788499962.717,5136.9,2114.0,72.0,79.5,121.3,78.9,85.3,779.1,808.6,784.1,787.9,4.93,68.9,11.3,3.0,39.3,0.7,14.11,4.0,LANE_A,20000.0,-22.0,92.2,CRUISE_LOITER,LADAKH,1,0.25
1788499963.239,5156.8,2122.1,72.0,79.5,122.0,78.8,85.4,781.9,811.3,783.6,790.6,4.86,69.2,11.3,3.0,39.1,0.73,14.08,4.0,LANE_A,20000.0,-22.0,92.1,CRUISE_LOITER,LADAKH,1,0.25
1788499963.741,5154.5,2121.2,72.0,79.2,121.8,78.8,85.6,781.8,812.8,783.4,785.7,4.88,69.0,11.4,3.0,39.3,0.71,14.09,4.3,LANE_A,20000.0,-22.0,92.1,CRUISE_LOITER,LADAKH,1,0.25
1788499964.271,5153.7,2120.9,72.0,79.5,122.0,78.5,85.0,782.0,808.6,784.5,787.4,4.84,69.5,11.3,3.0,39.2,0.73,14.12,4.3,LANE_A,20000.0,-22.0,92.1,CRUISE_LOITER,LADAKH,1,0.25
1788499964.809,5164.6,2125.3,72.0,79.7,121.4,78.8,85.7,779.8,809.9,781.9,786.2,4.94,69.3,11.2,3.0,39.1,0.71,14.09,4.1,LANE_A,20000.0,-22.0,92.1,CRUISE_LOITER,LADAKH,1,0.25
1788499965.333,5154.7,2121.3,72.0,79.4,121.9,78.9,85.5,783.0,810.0,784.6,784.6,4.94,68.9,11.3,3.0,39.0,0.71,14.09,4.1,LANE_A,20000.0,-22.0,92.0,CRUISE_LOITER,LADAKH,1,0.25
1788499965.882,5154.3,2121.1,72.0,79.6,121.8,78.9,85.1,782.9,810.1,782.5,784.8,4.89,69.1,11.2,3.0,39.1,0.72,14.1,4.2,LANE_A,20000.0,-22.0,92.0,CRUISE_LOITER,LADAKH,1,0.25
1788499966.412,5159.3,2123.2,72.0,79.6,121.9,79.3,85.1,783.4,810.7,783.9,787.4,4.93,69.4,11.2,3.0,39.1,0.72,14.11,3.8,LANE_A,20000.0,-22.0,92.0,CRUISE_LOITER,LADAKH,1,0.25
1788499966.946,5169.4,2127.3,72.0,79.3,122.0,79.3,85.6,783.3,811.0,783.7,787.8,4.88,69.1,11.5,3.0,39.3,0.72,14.11,4.0,LANE_A,20000.0,-22.0,91.9,CRUISE_LOITER,LADAKH,1,0.25
1788499967.463,5158.9,2123.0,72.0,79.7,121.8,78.9,85.3,781.4,812.3,785.1,787.0,4.91,69.3,11.4,3.0,39.5,0.72,14.08,4.1,LANE_A,20000.0,-22.0,91.9,CRUISE_LOITER,LADAKH,1,0.25
1788499967.996,5156.6,2122.1,72.0,79.7,122.1,78.8,85.5,783.3,811.0,782.1,786.9,4.87,69.6,11.4,3.0,39.2,0.71,14.09,4.4,LANE_A,20000.0,-22.0,91.9,CRUISE_LOITER,LADAKH,1,0.25
1788499968.541,5179.2,2131.3,72.0,79.5,122.3,79.1,85.5,780.4,812.2,782.4,787.8,4.81,69.2,11.2,3.0,39.1,0.73,14.07,4.1,LANE_A,20000.0,-22.0,91.8,CRUISE_LOITER,LADAKH,1,0.25
1788499969.056,5175.3,2129.8,72.0,79.6,122.1,79.0,85.7,780.9,811.9,782.5,787.0,4.88,69.2,11.4,3.0,39.3,0.71,14.11,4.3,LANE_A,20000.0,-22.0,91.8,CRUISE_LOITER,LADAKH,1,0.25
1788499969.573,5173.8,2129.1,72.0,79.6,121.8,78.8,85.7,779.5,812.2,784.3,786.6,4.85,69.3,11.4,3.0,39.2,0.7,14.13,4.2,LANE_A,20000.0,-22.0,91.8,CRUISE_LOITER,LADAKH,1,0.25
1788499970.105,5140.1,2115.3,72.0,79.7,121.8,79.2,86.0,780.9,811.2,783.4,788.5,4.88,69.3,11.3,3.0,39.1,0.7,14.12,4.3,LANE_A,20000.0,-22.0,91.7,CRUISE_LOITER,LADAKH,1,0.25
1788499970.632,5145.6,2117.5,72.0,79.7,122.2,79.2,85.4,780.3,810.2,782.4,786.0,4.86,69.7,11.2,3.0,39.2,0.72,14.12,4.1,LANE_A,20000.0,-22.0,91.7,CRUISE_LOITER,LADAKH,1,0.25
1788499971.149,5180.4,2131.9,72.0,79.8,122.1,79.1,85.5,782.9,811.3,783.7,787.3,4.87,69.4,11.3,3.0,39.5,0.72,14.12,4.0,LANE_A,20000.0,-22.0,91.7,CRUISE_LOITER,LADAKH,1,0.25
1788499971.675,5171.4,2128.1,72.0,79.9,122.2,79.3,85.4,782.4,813.1,783.8,786.1,4.92,69.4,11.4,3.0,39.2,0.71,14.09,4.2,LANE_A,20000.0,-22.0,91.6,CRUISE_LOITER,LADAKH,1,0.25
1788499972.188,5147.1,2118.1,72.0,79.8,122.2,79.4,85.5,780.9,809.6,780.7,783.9,4.89,69.6,11.4,3.0,39.3,0.71,14.1,4.2,LANE_A,20000.0,-22.0,91.6,CRUISE_LOITER,LADAKH,1,0.25
1788499972.702,5190.4,2136.0,72.0,80.0,122.6,79.4,85.6,782.7,809.9,785.2,784.6,4.89,69.6,11.3,3.0,39.2,0.73,14.1,4.4,LANE_A,20000.0,-22.0,91.6,CRUISE_LOITER,LADAKH,1,0.25
1788499973.22,5153.6,2120.8,72.0,79.7,122.3,79.2,85.9,781.6,810.5,782.4,786.9,4.88,69.5,11.5,3.0,39.5,0.74,14.11,4.2,LANE_A,20000.0,-22.0,91.5,CRUISE_LOITER,LADAKH,1,0.25
1788499973.736,5175.3,2129.8,72.0,80.0,122.4,79.4,85.7,783.2,810.1,785.2,788.2,4.93,69.3,11.4,3.0,39.4,0.7,14.12,4.2,LANE_A,20000.0,-22.0,91.5,CRUISE_LOITER,LADAKH,1,0.25
1788499974.257,5137.9,2114.4,72.0,79.8,122.6,79.3,86.2,780.3,811.5,783.5,785.9,4.86,69.7,11.3,3.0,39.2,0.72,14.13,4.3,LANE_A,20000.0,-22.0,91.5,CRUISE_LOITER,LADAKH,1,0.25
1788499974.768,5165.1,2125.5,72.0,79.8,122.2,79.5,85.8,781.2,811.5,783.7,785.2,4.89,69.5,11.5,3.0,39.3,0.74,14.06,4.0,LANE_A,20000.0,-22.0,91.4,CRUISE_LOITER,LADAKH,1,0.25
1788499975.279,5177.7,2130.7,72.0,79.7,122.1,79.2,85.8,780.9,813.0,782.6,787.9,4.89,69.6,11.4,3.0,39.3,0.72,14.09,4.0,LANE_A,20000.0,-22.0,91.4,CRUISE_LOITER,LADAKH,1,0.25
1788499975.899,5155.3,2121.5,72.0,79.5,122.3,79.2,85.9,783.2,811.8,784.6,787.5,4.88,69.5,11.3,3.0,39.4,0.72,14.08,4.2,LANE_A,20000.0,-22.0,91.4,CRUISE_LOITER,LADAKH,1,0.25
1788499976.414,5170.9,2128.0,72.0,80.0,122.7,79.3,86.1,780.8,809.7,783.6,785.3,4.92,69.4,11.4,3.0,39.3,0.74,14.11,4.1,LANE_A,20000.0,-22.0,91.3,CRUISE_LOITER,LADAKH,1,0.25
1788499976.935,5146.5,2117.9,72.0,79.6,122.4,79.3,85.6,782.0,811.2,784.5,787.3,4.88,69.8,11.4,3.0,39.3,0.71,14.14,4.1,LANE_A,20000.0,-22.0,91.3,CRUISE_LOITER,LADAKH,1,0.25
1788499977.46,5159.2,2123.1,72.0,79.8,122.4,79.4,86.0,778.8,813.1,784.3,786.4,4.95,69.4,11.3,3.0,39.3,0.71,14.1,3.9,LANE_A,20000.0,-22.0,91.2,CRUISE_LOITER,LADAKH,1,0.25
1788499977.985,5178.2,2130.9,72.0,80.3,122.2,79.2,85.7,783.2,809.5,783.5,786.6,4.85,69.6,11.4,3.0,39.4,0.73,14.12,4.2,LANE_A,20000.0,-22.0,91.2,CRUISE_LOITER,LADAKH,1,0.25
1788499978.505,5149.3,2119.0,72.0,79.9,122.6,79.9,86.0,781.1,810.8,785.5,785.7,4.85,69.7,11.3,3.0,39.3,0.72,14.09,4.2,LANE_A,20000.0,-22.0,91.2,CRUISE_LOITER,LADAKH,1,0.25
1788499979.025,5144.7,2117.2,72.0,80.3,122.4,79.7,86.2,779.1,809.6,784.6,788.7,4.89,69.6,11.2,3.0,39.4,0.72,14.11,4.1,LANE_A,20000.0,-22.0,91.1,CRUISE_LOITER,LADAKH,1,0.25
1788499979.548,5154.8,2121.3,72.0,79.7,122.6,79.3,86.2,780.0,809.7,780.8,787.1,4.87,69.6,11.2,3.0,39.4,0.71,14.13,4.2,LANE_A,20000.0,-22.0,91.1,CRUISE_LOITER,LADAKH,1,0.25
1788499980.064,5150.4,2119.5,72.0,80.1,122.5,79.4,85.8,783.1,812.2,783.5,786.5,4.91,69.5,11.3,3.0,39.4,0.75,14.11,4.3,LANE_A,20000.0,-22.0,91.1,CRUISE_LOITER,LADAKH,1,0.25
1788499980.587,5139.8,2115.1,72.0,80.2,122.6,79.7,86.2,782.0,810.4,782.2,785.9,4.9,69.8,11.2,3.0,39.5,0.73,14.1,4.1,LANE_A,20000.0,-22.0,91.0,CRUISE_LOITER,LADAKH,1,0.25
1788499981.105,5170.7,2127.9,72.0,80.0,122.5,79.6,85.9,783.0,813.3,785.2,783.7,4.88,69.6,11.4,3.0,39.5,0.73,14.08,4.0,LANE_A,20000.0,-22.0,91.0,CRUISE_LOITER,LADAKH,1,0.25
1788499981.613,5153.7,2120.9,72.0,80.4,122.8,79.5,86.3,781.9,808.3,784.0,784.8,4.83,69.8,11.4,3.0,39.6,0.71,14.11,4.2,LANE_A,20000.0,-22.0,90.9,CRUISE_LOITER,LADAKH,1,0.25
1788499982.128,5154.2,2121.1,72.0,80.2,122.5,79.8,86.2,780.4,809.9,781.9,786.2,4.89,69.8,11.3,3.0,39.4,0.74,14.09,4.2,LANE_A,20000.0,-22.0,90.9,CRUISE_LOITER,LADAKH,1,0.25
1788499982.647,5167.0,2126.3,72.0,80.5,123.0,79.7,86.2,784.2,811.5,784.4,788.3,4.88,70.1,11.4,3.0,39.5,0.75,14.11,4.1,LANE_A,20000.0,-22.0,90.9,CRUISE_LOITER,LADAKH,1,0.25
1788499983.166,5154.5,2121.2,72.0,80.3,122.9,79.5,86.0,781.2,808.8,784.0,789.7,4.86,70.1,11.5,3.0,39.2,0.71,14.14,4.1,LANE_A,20000.0,-22.0,90.8,CRUISE_LOITER,LADAKH,1,0.25
1788499983.676,5159.9,2123.4,72.0,80.1,122.5,79.9,85.9,782.0,812.3,783.3,787.0,4.89,69.9,11.3,3.0,39.5,0.72,14.1,4.1,LANE_A,20000.0,-22.0,90.8,CRUISE_LOITER,LADAKH,1,0.25
1788499984.187,5166.8,2126.2,72.0,80.2,122.7,79.8,86.5,781.5,810.9,783.2,788.3,4.87,70.1,11.3,3.0,39.5,0.74,14.1,4.0,LANE_A,20000.0,-22.0,90.7,CRUISE_LOITER,LADAKH,1,0.25
1788499984.702,5146.3,2117.8,72.0,80.0,122.5,79.7,86.2,781.6,811.5,782.5,786.8,4.94,70.0,11.4,3.0,39.5,0.73,14.07,4.0,LANE_A,20000.0,-22.0,90.7,CRUISE_LOITER,LADAKH,1,0.25
1788499985.219,5164.4,2125.3,72.0,80.6,123.0,79.9,86.0,781.0,810.8,783.2,786.5,4.89,70.0,11.2,3.0,39.6,0.73,14.11,4.2,LANE_A,20000.0,-22.0,90.6,CRUISE_LOITER,LADAKH,1,0.25
1788499985.736,5182.6,2132.8,72.0,80.3,122.9,80.0,86.5,781.3,809.6,784.8,787.3,4.83,70.3,11.5,3.0,39.3,0.74,14.13,4.1,LANE_A,20000.0,-22.0,90.6,CRUISE_LOITER,LADAKH,1,0.25
1788499986.278,5169.1,2127.2,72.0,80.4,123.1,79.9,86.4,783.5,809.4,782.3,788.4,4.95,70.0,11.4,3.0,39.3,0.72,14.1,4.1,LANE_A,20000.0,-22.0,90.6,CRUISE_LOITER,LADAKH,1,0.25
1788499986.798,5147.0,2118.1,72.0,80.5,123.0,79.6,86.7,781.7,811.8,784.1,784.6,4.89,70.3,11.3,3.0,39.5,0.72,14.1,4.0,LANE_A,20000.0,-22.0,90.5,CRUISE_LOITER,LADAKH,1,0.25
1788499987.338,5170.4,2127.7,72.0,80.5,123.1,79.8,86.3,782.0,809.6,782.6,786.8,4.92,69.9,11.3,3.0,39.4,0.73,14.12,4.2,LANE_A,20000.0,-22.0,90.5,CRUISE_LOITER,LADAKH,1,0.25
1788499987.854,5182.1,2132.5,72.0,80.6,122.9,80.0,86.5,781.2,811.8,784.8,789.3,4.9,70.2,11.4,3.0,39.4,0.71,14.1,4.2,LANE_A,20000.0,-22.0,90.4,CRUISE_LOITER,LADAKH,1,0.25
1788499988.374,5169.6,2127.4,72.0,80.7,123.3,79.8,86.4,782.1,810.7,784.2,786.3,4.88,70.1,11.3,3.0,39.6,0.76,14.12,4.2,LANE_A,20000.0,-22.0,90.4,CRUISE_LOITER,LADAKH,1,0.25
1788499988.878,5149.0,2118.9,72.0,80.5,122.8,80.2,86.7,782.0,812.0,783.5,788.5,4.85,69.9,11.3,3.0,39.5,0.71,14.11,4.2,LANE_A,20000.0,-22.0,90.3,CRUISE_LOITER,LADAKH,1,0.25
1788499989.397,5179.4,2131.4,72.0,80.5,123.3,80.0,86.6,783.2,811.8,783.9,786.8,4.85,70.2,11.4,3.0,39.6,0.71,14.11,4.1,LANE_A,20000.0,-22.0,90.3,CRUISE_LOITER,LADAKH,1,0.25
1788499989.919,5180.8,2132.0,72.0,81.0,123.2,80.1,86.5,780.1,810.9,782.6,788.7,4.93,69.9,11.3,3.0,39.6,0.71,14.11,4.1,LANE_A,20000.0,-22.0,90.3,CRUISE_LOITER,LADAKH,1,0.25
1788499990.431,5179.6,2131.5,72.0,80.4,123.2,80.0,86.4,781.3,812.2,783.1,786.2,4.9,70.1,11.5,3.0,39.6,0.71,14.13,4.2,LANE_A,20000.0,-22.0,90.2,CRUISE_LOITER,LADAKH,1,0.25
1788499990.945,5166.9,2126.3,72.0,80.6,122.8,80.0,86.7,781.8,811.1,783.6,789.1,4.81,70.3,11.4,3.0,39.7,0.72,14.11,4.1,LANE_A,20000.0,-22.0,90.2,CRUISE_LOITER,LADAKH,1,0.25
1788499991.47,5174.0,2129.2,72.0,80.7,123.3,80.3,86.7,784.3,811.7,782.9,786.7,4.93,70.5,11.3,3.0,39.6,0.73,14.14,4.1,LANE_A,20000.0,-22.0,90.1,CRUISE_LOITER,LADAKH,1,0.25
1788499991.971,5168.1,2126.8,72.0,80.7,123.4,80.2,86.3,781.2,811.5,784.1,786.2,4.95,70.5,11.5,3.0,39.4,0.73,14.11,4.1,LANE_A,20000.0,-22.0,90.1,CRUISE_LOITER,LADAKH,1,0.25
1788499992.493,5149.2,2119.0,72.0,80.8,123.4,80.0,86.7,779.6,808.5,784.1,786.7,4.87,70.4,11.3,3.0,39.5,0.72,14.14,4.2,LANE_A,20000.0,-22.0,90.0,CRUISE_LOITER,LADAKH,1,0.25
1788499993.002,5165.7,2125.8,72.0,80.6,123.6,80.5,87.0,783.3,810.8,783.9,787.3,4.9,70.7,11.4,3.0,39.6,0.72,14.11,4.0,LANE_A,20000.0,-22.0,90.0,CRUISE_LOITER,LADAKH,1,0.25
1788499993.514,5185.7,2134.0,72.0,80.4,123.2,80.1,86.6,782.5,810.1,784.4,786.2,4.87,70.2,11.4,3.0,39.5,0.71,14.09,4.2,LANE_A,20000.0,-22.0,89.9,CRUISE_LOITER,LADAKH,1,0.25
1788499994.041,5156.4,2122.0,72.0,80.6,123.3,80.1,86.7,782.1,809.0,782.7,787.8,4.93,70.4,11.6,3.0,39.7,0.73,14.08,4.1,LANE_A,20000.0,-22.0,89.9,CRUISE_LOITER,LADAKH,1,0.25
1788499994.552,5165.7,2125.8,72.0,80.8,123.5,80.5,87.0,781.5,809.1,782.7,787.8,4.9,70.4,11.4,3.0,39.5,0.73,14.13,4.0,LANE_A,20000.0,-22.0,89.8,CRUISE_LOITER,LADAKH,1,0.25
1788499995.071,5183.7,2133.2,72.0,80.8,123.5,80.3,86.7,781.5,812.0,782.1,785.1,4.86,70.7,11.3,3.0,39.5,0.73,14.1,4.0,LANE_A,20000.0,-22.0,89.8,CRUISE_LOITER,LADAKH,1,0.25
1788499995.584,5185.1,2133.8,72.0,80.8,123.3,80.5,87.0,783.2,807.9,784.8,786.0,4.86,70.4,11.5,3.0,39.5,0.7,14.12,4.2,LANE_A,20000.0,-22.0,89.7,CRUISE_LOITER,LADAKH,1,0.25
1788499996.254,5178.2,2130.9,72.0,81.0,123.2,80.5,86.6,782.1,809.8,780.5,786.2,4.86,70.7,11.5,3.0,39.6,0.72,14.09,4.1,LANE_A,20000.0,-22.0,89.7,CRUISE_LOITER,LADAKH,1,0.25
1788499996.765,5186.3,2134.3,72.0,80.9,123.7,80.6,87.1,782.8,812.0,782.7,786.1,4.87,70.6,11.4,3.0,39.5,0.71,14.05,4.1,LANE_A,20000.0,-22.0,89.7,CRUISE_LOITER,LADAKH,1,0.25
1788499997.271,5165.4,2125.7,72.0,80.9,123.6,80.2,86.8,782.7,813.5,783.1,788.2,4.88,70.5,11.3,3.0,39.6,0.74,14.06,4.0,LANE_A,20000.0,-22.0,89.6,CRUISE_LOITER,LADAKH,1,0.25
1788499997.791,5159.9,2123.4,72.0,80.8,123.5,80.5,87.1,782.0,809.1,784.1,786.8,4.92,70.5,11.4,3.0,39.8,0.73,14.07,4.2,LANE_A,20000.0,-22.0,89.6,CRUISE_LOITER,LADAKH,1,0.25
1788499998.309,5170.4,2127.7,72.0,80.6,123.6,80.7,87.0,782.5,811.3,783.1,787.6,4.88,70.7,11.4,3.0,39.8,0.75,14.08,4.1,LANE_A,20000.0,-22.0,89.5,CRUISE_LOITER,LADAKH,1,0.25
1788499998.821,5176.0,2130.0,72.0,81.2,123.7,80.6,86.9,781.5,808.1,782.7,785.6,4.89,70.7,11.4,3.0,39.8,0.72,14.11,4.1,LANE_A,20000.0,-22.0,89.5,CRUISE_LOITER,LADAKH,1,0.25
1788499999.341,5158.9,2123.0,72.0,80.8,123.4,80.4,86.9,782.1,810.9,782.5,787.0,4.85,70.8,11.6,3.0,39.8,0.74,14.1,4.2,LANE_A,20000.0,-22.0,89.4,CRUISE_LOITER,LADAKH,1,0.25
1788499999.855,5166.3,2126.0,72.0,81.3,123.9,80.5,87.1,781.2,808.4,782.7,786.4,4.87,70.5,11.6,3.0,39.6,0.75,14.09,4.2,LANE_A,20000.0,-22.0,89.4,CRUISE_LOITER,LADAKH,1,0.25
1788500000.372,5168.9,2127.1,72.0,81.2,123.6,80.4,87.3,782.6,812.3,782.6,787.2,4.87,70.9,11.6,3.0,39.9,0.72,14.12,4.1,LANE_A,20000.0,-22.0,89.3,CRUISE_LOITER,LADAKH,1,0.25
1788500000.889,5157.5,2122.4,72.0,81.5,123.5,80.6,87.1,781.6,811.6,785.8,787.6,4.9,70.8,11.4,3.0,39.8,0.73,14.11,4.1,LANE_A,20000.0,-22.0,89.3,CRUISE_LOITER,LADAKH,1,0.25
1788500001.403,5209.9,2144.0,72.0,80.8,123.4,80.4,86.9,782.5,811.8,782.0,785.9,4.85,70.8,11.5,3.0,39.6,0.73,14.08,4.1,LANE_A,20000.0,-22.0,89.2,CRUISE_LOITER,LADAKH,1,0.25
1788500001.918,5164.5,2125.3,72.0,81.3,123.6,80.7,87.3,781.6,814.6,785.1,787.7,4.92,70.7,11.5,3.0,39.9,0.74,14.11,4.1,LANE_A,20000.0,-22.0,89.2,CRUISE_LOITER,LADAKH,1,0.25
1788500002.46,5179.9,2131.6,72.0,81.2,123.9,80.6,87.3,782.4,811.1,783.1,784.8,4.89,70.7,11.6,3.0,39.6,0.76,14.08,4.0,LANE_A,20000.0,-22.0,89.1,CRUISE_LOITER,LADAKH,1,0.25
1788500002.979,5161.4,2124.0,72.0,81.2,123.7,80.5,87.2,782.5,811.4,785.7,788.0,4.83,71.2,11.5,3.0,39.7,0.73,14.1,4.1,LANE_A,20000.0,-22.0,89.1,CRUISE_LOITER,LADAKH,1,0.25
1788500003.504,5143.2,2116.5,72.0,81.4,123.4,81.2,87.3,780.0,808.5,783.3,785.2,4.86,70.9,11.6,3.0,39.8,0.73,14.08,4.2,LANE_A,20000.0,-22.0,89.0,CRUISE_LOITER,LADAKH,1,0.25
1788500004.037,5187.2,2134.7,72.0,81.2,123.6,81.0,87.1,781.2,810.1,784.5,783.7,4.9,71.1,11.4,3.0,39.7,0.72,14.1,4.2,LANE_A,20000.0,-22.0,89.0,CRUISE_LOITER,LADAKH,1,0.25
1788500004.563,5178.8,2131.2,72.0,81.3,124.0,80.7,87.6,781.3,812.2,782.8,786.9,4.83,71.0,11.4,3.0,39.5,0.73,14.11,4.1,LANE_A,20000.0,-22.0,88.9,CRUISE_LOITER,LADAKH,1,0.25
1788500005.08,5199.2,2139.6,72.0,81.4,123.8,81.0,87.5,780.9,809.7,783.8,786.4,4.87,70.9,11.3,3.0,40.0,0.73,14.11,4.2,LANE_A,20000.0,-22.0,88.9,CRUISE_LOITER,LADAKH,1,0.25
1788500005.617,5188.8,2135.3,72.0,81.5,124.0,80.6,87.3,781.4,809.5,784.8,788.8,4.9,70.8,11.6,3.0,39.7,0.75,14.11,4.1,LANE_A,20000.0,-22.0,88.8,CRUISE_LOITER,LADAKH,1,0.25
1788500006.126,5185.9,2134.1,72.0,81.3,123.8,81.1,87.5,781.2,811.0,783.6,787.4,4.91,71.2,11.5,3.0,39.8,0.74,14.09,4.2,LANE_A,20000.0,-22.0,88.8,CRUISE_LOITER,LADAKH,1,0.25
1788500006.945,5171.9,2128.4,72.0,81.3,123.8,81.1,87.6,781.3,809.7,784.6,787.3,4.86,71.1,11.5,3.0,39.8,0.73,14.1,4.1,LANE_A,20000.0,-22.0,88.7,CRUISE_LOITER,LADAKH,1,0.25
1788500007.48,5165.8,2125.8,72.0,81.2,124.5,81.2,87.7,782.1,811.6,784.7,785.5,4.79,71.3,11.6,3.0,39.8,0.72,14.09,4.3,LANE_A,20000.0,-22.0,88.7,CRUISE_LOITER,LADAKH,1,0.25
1788500007.986,5176.5,2130.3,72.0,81.9,123.8,81.0,87.6,780.8,809.8,783.6,787.3,4.91,71.0,11.3,3.0,39.8,0.73,14.12,4.2,LANE_A,20000.0,-22.0,88.6,CRUISE_LOITER,LADAKH,1,0.25
1788500008.522,5172.0,2128.4,72.0,81.4,123.8,80.6,87.8,784.2,812.2,785.2,786.3,4.83,71.0,11.5,3.0,39.7,0.73,14.07,4.3,LANE_A,20000.0,-22.0,88.6,CRUISE_LOITER,LADAKH,1,0.25
1788500009.034,5162.6,2124.5,72.0,81.8,124.3,81.2,87.5,781.1,811.3,783.1,787.4,4.91,71.2,11.4,3.0,39.9,0.73,14.11,4.2,LANE_A,20000.0,-22.0,88.5,CRUISE_LOITER,LADAKH,1,0.25
1788500009.543,5178.9,2131.3,72.0,81.6,124.4,81.0,87.5,780.8,811.2,784.6,785.5,4.85,71.2,11.7,3.0,39.7,0.74,14.11,4.2,LANE_A,20000.0,-22.0,88.5,CRUISE_LOITER,LADAKH,1,0.25
1788500010.071,5159.9,2123.4,72.0,81.6,124.0,81.6,87.6,782.0,810.5,783.8,783.9,4.82,71.3,11.6,3.0,39.8,0.74,14.12,4.1,LANE_A,20000.0,-22.0,88.4,CRUISE_LOITER,LADAKH,1,0.25
1788500010.596,5182.1,2132.5,72.0,81.8,124.2,81.3,88.0,781.1,809.7,783.1,786.6,4.85,71.2,11.6,3.0,39.7,0.73,14.09,4.3,LANE_A,20000.0,-22.0,88.4,CRUISE_LOITER,LADAKH,1,0.25
1788500011.118,5189.5,2135.6,72.0,81.8,124.3,81.3,87.9,781.6,809.1,782.5,785.8,4.81,71.2,11.4,3.0,39.7,0.73,14.09,4.3,LANE_A,20000.0,-22.0,88.3,CRUISE_LOITER,LADAKH,1,0.25
1788500011.64,5179.9,2131.7,72.0,81.6,124.4,81.2,87.8,783.1,813.6,782.2,787.5,4.9,71.5,11.7,3.0,39.8,0.72,14.09,3.9,LANE_A,20000.0,-22.0,88.3,CRUISE_LOITER,LADAKH,1,0.25
1788500012.165,5184.0,2133.3,72.0,82.0,124.4,81.2,87.9,781.0,809.9,783.5,786.2,4.88,71.2,11.4,3.0,39.8,0.7,14.09,4.2,LANE_A,20000.0,-22.0,88.2,CRUISE_LOITER,LADAKH,1,0.25
1788500012.687,5152.7,2120.4,72.0,81.7,124.4,81.4,87.5,782.1,813.1,785.6,787.3,4.79,71.4,11.4,3.0,39.7,0.75,14.11,4.0,LANE_A,20000.0,-22.0,88.2,CRUISE_LOITER,LADAKH,1,0.25
1788500013.203,5173.0,2128.8,72.0,81.7,124.3,81.3,87.7,783.0,809.5,784.9,786.6,4.91,71.4,11.6,3.0,40.0,0.7,14.1,4.1,LANE_A,20000.0,-22.0,88.1,CRUISE_LOITER,LADAKH,1,0.25
1788500013.718,5195.0,2137.8,72.0,81.4,124.3,81.4,88.0,780.4,810.3,782.8,786.0,4.83,71.4,11.5,3.0,39.8,0.72,14.1,4.0,LANE_A,20000.0,-22.0,88.1,CRUISE_LOITER,LADAKH,1,0.25
1788500014.218,5152.4,2120.3,72.0,82.0,124.3,81.2,88.1,782.1,809.9,784.5,786.8,4.86,71.4,11.6,3.0,40.0,0.69,14.11,4.1,LANE_A,20000.0,-22.0,88.0,CRUISE_LOITER,LADAKH,1,0.25
1788500014.745,5175.2,2129.7,72.0,81.7,124.4,81.5,87.8,783.1,811.1,783.1,787.3,4.79,71.5,11.4,3.0,40.0,0.72,14.11,4.2,LANE_A,20000.0,-22.0,88.0,CRUISE_LOITER,LADAKH,1,0.25
1788500015.259,5166.9,2126.3,72.0,81.7,124.5,81.6,88.0,781.4,811.7,785.4,786.1,4.82,71.5,11.6,3.0,39.8,0.71,14.1,4.2,LANE_A,20000.0,-22.0,87.9,CRUISE_LOITER,LADAKH,1,0.25
1788500015.917,5175.9,2130.0,72.0,82.1,124.3,81.1,87.8,783.8,812.0,784.5,787.3,4.85,71.4,11.6,3.0,39.9,0.72,14.13,4.2,LANE_A,20000.0,-22.0,87.9,CRUISE_LOITER,LADAKH,1,0.25
1788500016.426,5189.8,2135.7,72.0,81.8,124.2,81.5,88.2,782.1,810.7,784.4,786.3,4.85,71.5,11.5,3.0,40.1,0.73,14.06,4.1,LANE_A,20000.0,-22.0,87.8,CRUISE_LOITER,LADAKH,1,0.25
1788500016.949,5170.2,2127.7,72.0,81.9,124.8,81.3,87.9,783.8,809.2,782.2,787.7,4.86,71.7,11.6,3.0,40.0,0.74,14.12,4.0,LANE_A,20000.0,-22.0,87.8,CRUISE_LOITER,LADAKH,1,0.25
1788500017.471,5158.2,2122.7,72.0,82.0,124.5,81.6,88.3,782.9,809.4,781.4,788.1,4.87,71.4,11.5,3.0,39.8,0.74,14.1,4.2,LANE_A,20000.0,-22.0,87.7,CRUISE_LOITER,LADAKH,1,0.25
1788500017.993,5189.9,2135.8,72.0,82.1,124.6,81.6,88.2,783.5,811.2,782.7,788.1,4.92,71.4,11.7,3.0,39.8,0.75,14.08,4.0,LANE_A,20000.0,-22.0,87.7,CRUISE_LOITER,LADAKH,1,0.25
1788500018.515,5201.8,2140.6,72.0,82.1,124.6,81.5,88.1,781.1,810.8,784.7,788.5,4.87,71.5,11.6,3.0,39.8,0.75,14.06,4.0,LANE_A,20000.0,-22.0,87.6,CRUISE_LOITER,LADAKH,1,0.25
1788500019.034,5180.4,2131.9,72.0,81.9,124.7,81.5,87.8,784.8,810.0,784.0,786.3,4.81,71.8,11.5,3.0,39.8,0.73,14.13,4.1,LANE_A,20000.0,-22.0,87.6,CRUISE_LOITER,LADAKH,1,0.25
1788500019.547,5199.6,2139.7,72.0,82.3,124.5,81.9,88.1,781.2,811.1,784.4,787.3,4.92,71.9,11.5,3.0,39.8,0.73,14.1,4.3,LANE_A,20000.0,-22.0,87.5,CRUISE_LOITER,LADAKH,1,0.25
1788500020.067,5173.9,2129.2,72.0,82.0,124.3,81.7,88.4,782.7,811.4,784.7,788.4,4.92,71.8,11.5,3.0,39.8,0.75,14.06,4.2,LANE_A,20000.0,-22.0,87.5,CRUISE_LOITER,LADAKH,1,0.25
1788500020.581,5174.5,2129.4,72.0,82.3,124.5,81.9,88.2,781.2,810.8,786.2,787.5,4.75,71.4,11.7,3.0,40.0,0.72,14.11,4.3,LANE_A,20000.0,-22.0,87.4,CRUISE_LOITER,LADAKH,1,0.25
1788500021.092,5171.0,2128.0,72.0,82.5,124.6,82.0,88.2,783.1,811.3,784.5,787.6,4.85,71.8,11.5,3.0,39.9,0.73,14.09,4.1,LANE_A,20000.0,-22.0,87.4,CRUISE_LOITER,LADAKH,1,0.25
1788500021.604,5173.1,2128.8,72.0,82.4,125.0,81.6,88.3,781.5,811.7,784.8,786.5,4.87,71.9,11.4,3.0,40.1,0.72,14.08,4.3,LANE_A,20000.0,-22.0,87.3,CRUISE_LOITER,LADAKH,1,0.25
1788500022.119,5177.8,2130.8,72.0,82.3,124.9,81.9,88.4,781.9,811.8,784.5,786.2,4.91,71.8,11.6,3.0,40.0,0.73,14.12,4.1,LANE_A,20000.0,-22.0,87.3,CRUISE_LOITER,LADAKH,1,0.25
1788500022.626,5176.3,2130.2,72.0,82.1,124.8,81.7,88.4,783.3,812.5,784.6,787.2,4.85,71.9,11.6,3.0,39.8,0.71,14.08,4.0,LANE_A,20000.0,-22.0,87.2,CRUISE_LOITER,LADAKH,1,0.25
1788500023.147,5193.1,2137.1,72.0,82.6,124.6,81.7,88.5,781.6,811.8,784.0,785.0,4.86,71.9,11.5,3.0,40.2,0.74,14.1,4.2,LANE_A,20000.0,-22.0,87.2,CRUISE_LOITER,LADAKH,1,0.25
1788500023.646,5190.1,2135.8,72.0,82.3,124.9,81.8,88.4,781.6,811.0,782.5,787.4,4.89,71.9,11.5,3.0,40.0,0.72,14.09,4.1,LANE_A,20000.0,-22.0,87.1,CRUISE_LOITER,LADAKH,1,0.25
1788500024.171,5165.4,2125.7,72.0,82.6,124.8,81.7,88.6,779.4,811.2,784.7,785.8,4.94,71.7,11.5,3.0,39.9,0.74,14.08,3.9,LANE_A,20000.0,-22.0,87.1,CRUISE_LOITER,LADAKH,1,0.25
1788500024.689,5182.6,2132.7,72.0,82.4,124.9,81.7,88.5,782.2,813.3,784.1,788.8,4.88,72.1,11.6,3.0,40.1,0.72,14.1,3.9,LANE_A,20000.0,-22.0,87.0,CRUISE_LOITER,LADAKH,1,0.25
1788500025.202,5190.1,2135.9,72.0,83.0,125.0,81.9,88.6,782.0,811.7,785.3,786.0,4.85,71.8,11.5,3.0,40.1,0.71,14.11,4.3,LANE_A,20000.0,-22.0,87.0,CRUISE_LOITER,LADAKH,1,0.25
1788500025.744,5193.5,2137.2,72.0,82.4,124.8,81.9,88.6,781.3,810.1,784.6,787.1,4.87,72.1,11.7,3.0,40.1,0.71,14.1,4.0,LANE_A,20000.0,-22.0,86.9,CRUISE_LOITER,LADAKH,1,0.25
1788500026.273,5176.8,2130.4,72.0,82.6,125.1,82.4,88.7,782.1,811.8,785.4,786.3,4.86,71.9,11.5,3.0,39.9,0.69,14.09,4.1,LANE_A,20000.0,-22.0,86.9,CRUISE_LOITER,LADAKH,1,0.25
1788500026.804,5192.9,2137.0,72.0,82.9,125.0,81.9,88.5,783.1,813.4,785.6,785.7,4.84,72.1,11.6,3.0,40.1,0.74,14.09,4.2,LANE_A,20000.0,-22.0,86.8,CRUISE_LOITER,LADAKH,1,0.25
1788500027.328,5185.9,2134.1,72.0,82.6,125.1,82.2,89.0,779.9,812.2,784.4,788.6,4.85,71.8,11.7,3.0,40.2,0.72,14.09,4.2,LANE_A,20000.0,-22.0,86.8,CRUISE_LOITER,LADAKH,1,0.25
1788500027.844,5199.4,2139.7,72.0,82.5,124.9,82.2,88.5,781.6,810.8,782.1,787.4,4.86,72.2,11.8,3.0,40.0,0.72,14.09,4.0,LANE_A,20000.0,-22.0,86.8,CRUISE_LOITER,LADAKH,1,0.25
1788500028.357,5167.4,2126.5,72.0,82.7,125.4,82.2,88.5,783.0,814.0,783.9,787.5,4.85,72.1,11.6,3.0,40.2,0.73,14.07,4.0,LANE_A,20000.0,-22.0,86.7,CRUISE_LOITER,LADAKH,1,0.25
1788500028.875,5178.5,2131.1,72.0,82.8,125.3,82.3,89.0,780.4,810.8,784.4,786.6,4.86,72.6,11.6,3.0,40.0,0.73,14.13,4.4,LANE_A,20000.0,-22.0,86.7,CRUISE_LOITER,LADAKH,1,0.25
1788500029.39,5177.4,2130.6,72.0,82.8,125.3,82.0,88.7,781.2,810.3,783.0,785.5,4.87,72.3,11.7,3.0,40.1,0.73,14.12,4.2,LANE_A,20000.0,-22.0,86.6,CRUISE_LOITER,LADAKH,1,0.25
1788500029.913,5192.1,2136.7,72.0,82.8,125.2,82.3,88.9,780.0,812.7,783.6,785.6,4.84,72.5,11.5,3.0,40.1,0.73,14.1,4.2,LANE_A,20000.0,-22.0,86.6,CRUISE_LOITER,LADAKH,1,0.25
1788500030.434,5172.2,2128.5,72.0,82.8,125.2,82.0,88.9,784.0,812.4,785.3,789.3,4.83,72.1,11.7,3.0,40.1,0.72,14.1,4.1,LANE_A,20000.0,-22.0,86.5,CRUISE_LOITER,LADAKH,1,0.25
1788500030.976,5169.4,2127.3,72.0,82.9,125.3,82.4,89.0,780.4,812.1,783.3,788.2,4.87,72.3,11.7,3.0,40.2,0.72,14.09,4.3,LANE_A,20000.0,-22.0,86.5,CRUISE_LOITER,LADAKH,1,0.25
1788500031.499,5194.1,2137.5,72.0,83.0,125.5,82.3,88.9,783.5,811.4,785.0,788.1,4.84,72.2,11.6,3.0,40.2,0.71,14.08,4.0,LANE_A,20000.0,-22.0,86.4,CRUISE_LOITER,LADAKH,1,0.25
1788500032.029,5180.3,2131.8,72.0,83.3,125.5,82.5,89.0,783.1,812.1,785.4,788.2,4.8,72.3,11.6,3.0,40.2,0.72,14.1,4.0,LANE_A,20000.0,-22.0,86.4,CRUISE_LOITER,LADAKH,1,0.25
1788500032.669,5179.7,2131.5,72.0,82.9,125.3,82.5,88.5,781.2,810.3,784.1,787.0,4.85,72.4,11.7,3.0,40.2,0.74,14.09,4.2,LANE_A,20000.0,-22.0,86.3,CRUISE_LOITER,LADAKH,1,0.25
1788500033.337,5177.8,2130.8,72.0,83.1,125.7,82.3,89.1,782.3,810.0,784.8,784.4,4.89,72.6,11.6,3.0,40.1,0.75,14.07,4.2,LANE_A,20000.0,-22.0,86.3,CRUISE_LOITER,LADAKH,1,0.25
1788500034.039,5181.9,2132.5,72.0,83.2,125.2,82.6,89.2,780.4,812.4,783.4,786.7,4.85,72.4,11.6,3.0,40.3,0.75,14.09,4.1,LANE_A,20000.0,-22.0,86.2,CRUISE_LOITER,LADAKH,1,0.25
1788500034.674,5179.0,2131.3,72.0,82.8,125.4,82.7,89.1,781.1,812.7,784.3,787.2,4.87,72.6,11.6,3.0,40.2,0.68,14.11,4.1,LANE_A,20000.0,-22.0,86.2,CRUISE_LOITER,LADAKH,1,0.25
1788500035.34,5184.0,2133.4,72.0,83.2,125.6,82.6,89.2,780.9,811.0,783.8,785.7,4.87,72.5,11.6,3.0,40.4,0.73,14.11,3.9,LANE_A,20000.0,-22.0,86.1,CRUISE_LOITER,LADAKH,1,0.25
1788500036.251,5199.7,2139.8,72.0,83.2,125.5,82.4,89.1,780.8,809.8,783.9,785.4,4.9,72.5,11.6,3.0,40.1,0.72,14.06,4.0,LANE_A,20000.0,-22.0,86.1,CRUISE_LOITER,LADAKH,1,0.25
1788500036.909,5172.0,2128.4,72.0,82.9,125.9,82.9,89.3,780.9,812.0,784.1,786.0,4.82,72.6,11.7,3.0,40.2,0.74,14.11,3.9,LANE_A,20000.0,-22.0,86.0,CRUISE_LOITER,LADAKH,1,0.25
1788500037.575,5190.9,2136.2,72.0,83.1,125.9,82.6,89.0,781.1,811.8,785.5,788.5,4.85,72.5,11.6,3.0,40.3,0.74,14.12,4.2,LANE_A,20000.0,-22.0,86.0,CRUISE_LOITER,LADAKH,1,0.25
1788500038.185,5181.1,2132.1,72.0,83.4,125.5,82.8,89.2,780.9,809.2,784.8,787.0,4.85,72.2,11.6,3.0,40.3,0.73,14.1,4.2,LANE_A,20000.0,-22.0,85.9,CRUISE_LOITER,LADAKH,1,0.25
1788500038.808,5195.7,2138.2,72.0,83.3,125.6,82.9,89.4,781.9,813.1,784.7,787.7,4.88,72.7,11.6,3.0,40.2,0.74,14.12,4.2,LANE_A,20000.0,-22.0,85.9,CRUISE_LOITER,LADAKH,1,0.25
1788500039.442,5190.0,2135.8,72.0,83.1,125.8,82.7,89.3,782.0,809.6,783.2,784.2,4.81,72.7,11.6,3.0,40.4,0.74,14.14,4.1,LANE_A,20000.0,-22.0,85.9,CRUISE_LOITER,LADAKH,1,0.25
1788500040.074,5199.1,2139.6,72.0,83.2,125.8,82.8,89.4,784.0,811.3,785.6,786.0,4.81,72.7,11.7,3.0,40.3,0.69,14.07,4.1,LANE_A,20000.0,-22.0,85.8,CRUISE_LOITER,LADAKH,1,0.25
1788500040.711,5187.9,2134.9,72.0,83.4,125.7,82.8,89.2,781.0,810.4,783.7,788.2,4.83,72.6,11.7,3.0,40.2,0.72,14.08,4.1,LANE_A,20000.0,-22.0,85.8,CRUISE_LOITER,LADAKH,1,0.25
1788500041.343,5175.3,2129.8,72.0,83.3,125.8,82.9,89.4,782.8,810.5,784.3,787.9,4.85,72.7,11.7,3.0,40.4,0.71,14.11,4.2,LANE_A,20000.0,-22.0,85.7,CRUISE_LOITER,LADAKH,1,0.25
1788500041.954,5202.4,2140.9,72.0,83.6,126.1,82.8,89.2,780.0,813.9,784.1,786.6,4.84,72.6,11.6,3.0,40.4,0.7,14.08,4.3,LANE_A,20000.0,-22.0,85.7,CRUISE_LOITER,LADAKH,1,0.25
1788500042.592,5199.7,2139.8,72.0,83.5,125.9,83.1,89.5,782.0,812.4,787.0,786.9,4.83,72.7,11.6,3.0,40.3,0.73,14.11,4.3,LANE_A,20000.0,-22.0,85.6,CRUISE_LOITER,LADAKH,1,0.25
1788500043.239,5188.5,2135.2,72.0,83.3,125.9,83.0,89.4,781.0,811.3,784.7,785.9,4.85,73.0,11.5,3.0,40.4,0.73,14.11,4.1,LANE_A,20000.0,-22.0,85.6,CRUISE_LOITER,LADAKH,1,0.25
1788500043.868,5198.5,2139.3,72.0,83.5,126.0,83.0,89.2,780.7,811.0,786.2,785.3,4.85,72.9,11.7,3.0,40.4,0.69,14.1,4.0,LANE_A,20000.0,-22.0,85.5,CRUISE_LOITER,LADAKH,1,0.25
1788500044.466,5204.1,2141.6,72.0,83.6,126.1,83.2,89.5,784.0,811.5,785.4,787.4,4.85,72.9,11.7,3.0,40.4,0.72,14.11,4.1,LANE_A,20000.0,-22.0,85.5,CRUISE_LOITER,LADAKH,1,0.25
1788500045.091,5181.5,2132.3,72.0,83.5,126.3,83.0,89.8,783.4,811.1,785.2,785.4,4.83,72.9,11.8,3.0,40.6,0.72,14.13,4.1,LANE_A,20000.0,-22.0,85.5,CRUISE_LOITER,LADAKH,1,0.25
1788500045.745,5186.6,2134.4,72.0,83.8,126.1,83.2,89.5,782.0,809.3,784.9,787.3,4.85,73.2,11.7,3.0,40.3,0.74,14.08,4.1,LANE_A,20000.0,-22.0,85.4,CRUISE_LOITER,LADAKH,1,0.25
1788500046.394,5176.8,2130.3,72.0,83.2,126.2,83.1,89.8,781.0,811.1,785.0,785.8,4.84,73.0,11.6,3.0,40.4,0.73,14.13,4.0,LANE_A,20000.0,-22.0,85.4,CRUISE_LOITER,LADAKH,1,0.25
1788500047.013,5204.0,2141.6,72.0,83.5,126.2,83.0,89.6,781.6,811.0,784.3,786.0,4.83,73.2,11.7,3.0,40.3,0.74,14.11,4.1,LANE_A,20000.0,-22.0,85.3,CRUISE_LOITER,LADAKH,1,0.25
1788500047.63,5155.5,2121.6,72.0,83.6,126.1,83.0,89.3,783.8,812.5,784.7,785.5,4.85,73.0,11.8,3.0,40.4,0.71,14.11,4.2,LANE_A,20000.0,-22.0,85.3,CRUISE_LOITER,LADAKH,1,0.25
1788500048.275,5195.0,2137.9,72.0,83.3,126.2,83.4,89.5,780.5,809.5,784.4,788.0,4.84,72.7,11.7,3.0,40.3,0.74,14.12,4.0,LANE_A,20000.0,-22.0,85.2,CRUISE_LOITER,LADAKH,1,0.25
1788500048.911,5184.3,2133.4,72.0,83.8,126.3,83.1,89.9,781.0,811.0,785.3,787.8,4.82,73.1,11.6,3.0,40.4,0.75,14.1,4.1,LANE_A,20000.0,-22.0,85.2,CRUISE_LOITER,LADAKH,1,0.25
1788500049.513,5181.4,2132.3,72.0,83.9,126.4,83.1,89.8,781.0,811.8,784.1,787.0,4.87,73.1,11.7,3.0,40.5,0.74,14.07,4.2,LANE_A,20000.0,-22.0,85.2,CRUISE_LOITER,LADAKH,1,0.25
1788500050.175,5194.9,2137.8,72.0,83.8,126.2,83.1,89.9,781.0,810.7,783.9,784.0,4.85,73.3,11.8,3.0,40.3,0.72,14.07,4.0,LANE_A,20000.0,-22.0,85.1,CRUISE_LOITER,LADAKH,1,0.25
1788500050.764,5208.3,2143.3,72.0,83.8,125.9,83.3,90.1,781.8,812.8,782.5,787.7,4.88,73.3,11.8,3.0,40.6,0.7,14.09,4.0,LANE_A,20000.0,-22.0,85.1,CRUISE_LOITER,LADAKH,1,0.25
1788500051.373,5180.0,2131.7,72.0,83.7,126.2,83.4,89.8,783.4,808.7,782.6,788.3,4.84,73.1,11.8,3.0,40.5,0.73,14.1,4.2,LANE_A,20000.0,-22.0,85.0,CRUISE_LOITER,LADAKH,1,0.25
1788500052.048,5189.4,2135.6,72.0,83.6,126.3,83.2,89.8,783.2,812.4,782.5,788.3,4.87,73.3,11.8,3.0,40.5,0.74,14.07,4.0,LANE_A,20000.0,-22.0,85.0,CRUISE_LOITER,LADAKH,1,0.25
1788500052.687,5183.3,2133.1,72.0,83.6,126.0,83.2,90.0,780.3,809.4,781.8,787.8,4.87,73.1,11.8,3.0,40.7,0.73,14.14,4.1,LANE_A,20000.0,-22.0,85.0,CRUISE_LOITER,LADAKH,1,0.25
1788500053.3,5168.9,2127.1,72.0,84.1,126.7,83.6,89.6,781.2,811.0,784.1,788.5,4.9,73.5,11.8,3.0,40.5,0.73,14.13,3.9,LANE_A,20000.0,-22.0,84.9,CRUISE_LOITER,LADAKH,1,0.25
1788500053.949,5161.3,2124.0,72.0,83.9,126.4,83.5,89.8,782.6,811.3,783.8,787.7,4.8,73.2,11.6,3.0,40.5,0.73,14.12,4.0,LANE_A,20000.0,-22.0,84.9,CRUISE_LOITER,LADAKH,1,0.25
1788500054.57,5194.0,2137.4,72.0,83.8,126.7,83.3,90.0,780.3,810.3,783.9,785.8,4.89,73.2,11.8,3.0,40.5,0.72,14.07,4.0,LANE_A,20000.0,-22.0,84.8,CRUISE_LOITER,LADAKH,1,0.25
1788500055.235,5183.7,2133.2,72.0,83.9,126.5,83.7,89.9,780.2,812.8,783.6,787.0,4.8,73.3,11.7,3.0,40.5,0.72,14.09,4.2,LANE_A,20000.0,-22.0,84.8,CRUISE_LOITER,LADAKH,1,0.25
1788500056.209,5176.9,2130.4,72.0,84.0,126.5,83.6,90.1,780.8,813.2,783.0,786.9,4.87,73.2,11.8,3.0,40.4,0.76,14.1,4.1,LANE_A,20000.0,-22.0,84.8,CRUISE_LOITER,LADAKH,1,0.25
1788500056.875,5195.0,2137.9,72.0,83.8,126.5,83.8,90.0,782.7,808.6,785.1,783.6,4.86,73.6,11.8,3.0,40.7,0.7,14.09,4.2,LANE_A,20000.0,-22.0,84.7,CRUISE_LOITER,LADAKH,1,0.25
1788500057.596,5189.9,2135.7,72.0,84.0,126.8,83.7,90.1,784.4,812.2,784.2,788.2,4.77,73.2,11.9,3.0,40.6,0.76,14.1,4.0,LANE_A,20000.0,-22.0,84.7,CRUISE_LOITER,LADAKH,1,0.25
1788500058.272,5169.8,2127.5,72.0,84.2,126.5,83.7,90.1,785.4,811.3,785.1,787.2,4.86,73.3,11.7,3.0,40.9,0.73,14.1,4.2,LANE_A,20000.0,-22.0,84.7,CRUISE_LOITER,LADAKH,1,0.25
1788500058.944,5190.1,2135.8,72.0,83.8,126.8,83.8,90.2,780.1,811.0,784.7,786.0,4.82,73.5,11.7,3.0,40.6,0.73,14.09,4.2,LANE_A,20000.0,-22.0,84.6,CRUISE_LOITER,LADAKH,1,0.25
1788500059.643,5189.5,2135.6,72.0,84.4,126.5,83.9,90.3,781.0,809.3,782.7,788.0,4.81,73.7,11.8,3.0,40.7,0.73,14.14,4.2,LANE_A,20000.0,-22.0,84.6,CRUISE_LOITER,LADAKH,1,0.25
1788500060.279,5193.5,2137.2,72.0,84.3,126.5,83.8,90.5,780.8,810.4,783.8,788.3,4.8,73.6,11.7,3.0,40.5,0.75,14.12,4.1,LANE_A,20000.0,-22.0,84.5,CRUISE_LOITER,LADAKH,1,0.25
1788500060.928,5187.5,2134.8,72.0,84.2,126.7,83.7,90.2,781.7,811.0,785.0,787.6,4.88,73.4,11.7,3.0,40.6,0.71,14.08,4.2,LANE_A,20000.0,-22.0,84.5,CRUISE_LOITER,LADAKH,1,0.25
1788500061.599,5169.7,2127.5,72.0,83.9,126.5,83.8,90.6,781.5,810.8,782.8,786.8,4.84,73.5,11.8,3.0,40.5,0.74,14.1,4.2,LANE_A,20000.0,-22.0,84.5,CRUISE_LOITER,LADAKH,1,0.25
1788500062.288,5191.7,2136.5,72.0,84.3,126.6,84.0,90.2,780.5,812.1,784.1,786.2,4.82,73.3,11.8,3.0,40.8,0.72,14.12,4.0,LANE_A,20000.0,-22.0,84.4,CRUISE_LOITER,LADAKH,1,0.25
1788500062.979,5178.5,2131.1,72.0,84.8,126.8,83.7,90.4,780.2,811.2,784.6,786.4,4.83,73.6,11.7,3.0,40.4,0.71,14.11,4.3,LANE_A,20000.0,-22.0,84.4,CRUISE_LOITER,LADAKH,1,0.25
1788500063.686,5203.1,2141.2,72.0,84.2,126.3,83.8,90.5,782.7,811.4,785.2,787.5,4.8,73.7,11.7,3.0,40.7,0.74,14.13,4.2,LANE_A,20000.0,-22.0,84.4,CRUISE_LOITER,LADAKH,1,0.25
1788500064.377,5181.7,2132.4,72.0,84.5,127.1,83.8,90.1,779.6,811.2,784.4,786.2,4.81,73.9,11.8,3.0,40.5,0.74,14.12,4.1,LANE_A,20000.0,-22.0,84.3,CRUISE_LOITER,LADAKH,1,0.25
1788500065.055,5191.5,2136.4,72.0,84.3,126.7,83.9,90.7,781.7,812.0,783.8,785.8,4.86,73.6,11.8,3.0,40.5,0.75,14.08,4.2,LANE_A,20000.0,-22.0,84.3,CRUISE_LOITER,LADAKH,1,0.25
1788500065.771,5182.4,2132.7,72.0,84.8,127.3,83.8,90.2,784.8,811.8,782.1,785.3,4.86,73.8,11.8,3.0,40.8,0.74,14.1,4.0,LANE_A,20000.0,-22.0,84.3,CRUISE_LOITER,LADAKH,1,0.25
1788500066.467,5190.5,2136.0,72.0,84.4,127.0,84.2,90.5,782.9,809.7,783.8,788.1,4.83,73.8,11.8,3.0,40.8,0.7,14.08,4.2,LANE_A,20000.0,-22.0,84.2,CRUISE_LOITER,LADAKH,1,0.25
1788500067.146,5195.7,2138.1,72.0,84.2,127.0,84.1,90.4,782.2,812.4,782.5,787.7,4.88,74.0,11.8,3.0,40.7,0.72,14.08,4.1,LANE_A,20000.0,-22.0,84.2,CRUISE_LOITER,LADAKH,1,0.25
1788500067.848,5176.6,2130.3,72.0,84.5,127.2,83.8,90.3,781.9,810.6,781.6,788.0,4.89,73.8,11.8,3.0,40.8,0.73,14.13,4.1,LANE_A,20000.0,-22.0,84.2,CRUISE_LOITER,LADAKH,1,0.25
1788500068.561,5178.0,2130.9,72.0,84.4,127.1,84.0,90.7,782.2,810.6,783.5,785.4,4.8,73.8,11.8,3.0,40.7,0.73,14.09,4.1,LANE_A,20000.0,-22.0,84.1,CRUISE_LOITER,LADAKH,1,0.25
1788500069.264,5174.0,2129.2,72.0,84.4,127.4,84.0,90.8,780.7,811.9,783.5,785.8,4.8,73.6,11.8,3.0,40.8,0.76,14.05,4.2,LANE_A,20000.0,-22.0,84.1,CRUISE_LOITER,LADAKH,1,0.25
1788500069.967,5199.8,2139.8,72.0,84.8,127.0,84.3,90.6,783.2,808.8,783.9,786.1,4.85,73.7,11.8,3.0,40.8,0.7,14.1,4.1,LANE_A,20000.0,-22.0,84.1,CRUISE_LOITER,LADAKH,1,0.25
1788500070.673,5201.4,2140.5,72.0,84.6,126.9,84.4,90.2,781.0,811.6,785.6,787.0,4.85,73.8,11.8,3.0,40.7,0.71,14.07,4.0,LANE_A,20000.0,-22.0,84.0,CRUISE_LOITER,LADAKH,1,0.25
1788500071.356,5196.0,2138.3,72.0,84.7,127.0,84.1,90.3,782.7,808.9,785.1,786.8,4.83,73.9,11.9,3.0,40.6,0.73,14.1,4.2,LANE_A,20000.0,-22.0,84.0,CRUISE_LOITER,LADAKH,1,0.25
1788500072.046,5203.8,2141.5,72.0,84.7,127.5,84.4,90.8,782.7,811.9,784.9,787.5,4.87,73.9,11.7,3.0,40.7,0.72,14.06,4.2,LANE_A,20000.0,-22.0,84.0,CRUISE_LOITER,LADAKH,1,0.25
1788500072.724,5188.2,2135.1,72.0,84.8,127.1,83.8,90.7,779.1,813.5,783.0,785.4,4.81,73.9,11.9,3.0,40.8,0.71,14.1,4.2,LANE_A,20000.0,-22.0,84.0,CRUISE_LOITER,LADAKH,1,0.25
1788500073.41,5178.3,2131.0,72.0,84.9,127.1,84.2,90.6,782.0,811.7,784.1,786.5,4.82,73.9,11.9,3.0,40.8,0.74,14.13,3.9,LANE_A,20000.0,-22.0,83.9,CRUISE_LOITER,LADAKH,1,0.25
1788500074.099,5195.5,2138.1,72.0,84.8,127.2,84.1,90.8,780.9,810.4,783.4,787.0,4.81,74.1,12.0,3.0,40.8,0.72,14.11,4.2,LANE_A,20000.0,-22.0,83.9,CRUISE_LOITER,LADAKH,1,0.25
1788500074.816,5197.7,2139.0,72.0,84.8,127.3,84.1,90.9,780.7,811.9,784.7,787.9,4.79,74.0,11.8,3.0,41.0,0.73,14.14,4.0,LANE_A,20000.0,-22.0,83.9,CRUISE_LOITER,LADAKH,1,0.25
1788500075.508,5194.8,2137.8,72.0,84.7,127.2,84.6,91.0,780.7,811.0,782.6,787.3,4.79,73.9,11.8,3.0,41.0,0.73,14.11,4.1,LANE_A,20000.0,-22.0,83.8,CRUISE_LOITER,LADAKH,1,0.25
1788500076.59,5194.5,2137.6,72.0,84.8,127.3,84.3,90.5,781.1,810.6,781.4,787.1,4.84,74.4,11.8,3.0,40.8,0.74,14.07,4.1,LANE_A,20000.0,-22.0,83.8,CRUISE_LOITER,LADAKH,1,0.25
1788500077.303,5201.4,2140.5,72.0,85.0,127.1,84.5,91.0,783.7,810.7,784.0,785.9,4.83,74.1,12.0,3.0,40.7,0.71,14.07,4.3,LANE_A,20000.0,-22.0,83.8,CRUISE_LOITER,LADAKH,1,0.25
1788500078.023,5203.2,2141.2,72.0,84.8,127.3,84.2,90.9,780.3,812.3,784.7,786.9,4.82,74.1,11.9,3.0,40.8,0.75,14.11,4.1,LANE_A,20000.0,-22.0,83.8,CRUISE_LOITER,LADAKH,1,0.25
1788500078.697,5176.1,2130.1,72.0,85.0,127.3,84.6,91.0,783.6,812.2,783.8,787.0,4.8,74.6,11.8,3.0,40.7,0.75,14.07,4.1,LANE_A,20000.0,-22.0,83.7,CRUISE_LOITER,LADAKH,1,0.25
1788500079.412,5205.8,2142.3,72.0,85.0,127.6,84.8,90.9,782.9,810.3,785.1,786.0,4.81,74.2,11.9,3.0,40.8,0.72,14.11,4.0,LANE_A,20000.0,-22.0,83.7,CRUISE_LOITER,LADAKH,1,0.25
1788500080.114,5200.6,2140.2,72.0,84.8,127.4,84.6,91.0,781.9,809.7,784.4,786.7,4.83,74.3,11.8,3.0,40.9,0.72,14.1,4.1,LANE_A,20000.0,-22.0,83.7,CRUISE_LOITER,LADAKH,1,0.25
1788500080.799,5183.3,2133.0,72.0,85.0,127.6,84.5,90.6,781.7,811.1,781.6,786.0,4.82,74.4,12.0,3.0,41.0,0.72,14.12,4.2,LANE_A,20000.0,-22.0,83.7,CRUISE_LOITER,LADAKH,1,0.25
1788500081.514,5192.3,2136.7,72.0,84.9,127.5,84.5,91.0,782.0,811.9,784.6,788.4,4.8,74.1,11.9,3.0,41.0,0.71,14.12,4.2,LANE_A,20000.0,-22.0,83.6,CRUISE_LOITER,LADAKH,1,0.25
1788500082.249,5181.3,2132.2,72.0,85.1,127.4,84.8,91.2,784.9,812.5,784.2,785.8,4.83,74.1,11.8,3.0,40.9,0.72,14.15,4.0,LANE_A,20000.0,-22.0,83.6,CRUISE_LOITER,LADAKH,1,0.25
1788500082.991,5187.1,2134.6,72.0,85.0,127.6,84.6,90.9,781.5,809.6,783.4,787.3,4.81,74.2,12.0,3.0,40.9,0.73,14.1,4.0,LANE_A,20000.0,-22.0,83.6,CRUISE_LOITER,LADAKH,1,0.25
1788500083.855,5189.6,2135.6,72.0,85.3,127.9,84.8,91.0,784.7,810.2,785.9,785.6,4.83,74.5,11.8,3.0,41.1,0.72,14.09,4.0,LANE_A,20000.0,-22.0,83.6,CRUISE_LOITER,LADAKH,1,0.25
1788500084.515,5186.9,2134.5,72.0,84.9,128.0,84.7,91.1,781.8,811.2,783.3,786.2,4.84,74.3,12.0,3.0,41.0,0.74,14.1,4.1,LANE_A,20000.0,-22.0,83.5,CRUISE_LOITER,LADAKH,1,0.25
1788500085.134,5189.1,2135.4,72.0,85.0,127.8,84.8,91.5,781.3,810.9,781.8,787.4,4.86,74.8,11.7,3.0,40.8,0.7,14.13,4.1,LANE_A,20000.0,-22.0,83.5,CRUISE_LOITER,LADAKH,1,0.25
1788500085.748,5189.9,2135.7,72.0,85.1,127.8,84.8,91.2,783.3,811.5,783.0,786.4,4.8,74.2,11.8,3.0,41.0,0.74,14.1,3.9,LANE_A,20000.0,-22.0,83.5,CRUISE_LOITER,LADAKH,1,0.25
1788500086.319,5216.0,2146.5,72.0,84.9,127.8,84.8,91.1,782.6,811.5,782.2,786.6,4.87,74.4,11.9,3.0,40.8,0.72,14.1,4.2,LANE_A,20000.0,-22.0,83.5,CRUISE_LOITER,LADAKH,1,0.25
1788500086.883,5196.7,2138.6,72.0,85.2,127.6,84.8,91.2,784.1,810.5,785.2,787.1,4.83,74.5,11.9,3.0,40.9,0.71,14.11,4.0,LANE_A,20000.0,-22.0,83.5,CRUISE_LOITER,LADAKH,1,0.25
1788500087.453,5179.3,2131.4,72.0,85.4,127.7,84.6,91.0,783.0,809.3,785.4,786.5,4.84,74.3,12.0,3.0,41.0,0.71,14.11,4.2,LANE_A,20000.0,-22.0,83.4,CRUISE_LOITER,LADAKH,1,0.25
1788500087.994,5215.0,2146.1,72.0,85.4,127.8,84.8,91.1,781.7,812.8,782.6,787.8,4.8,74.5,11.9,3.0,40.9,0.72,14.12,4.2,LANE_A,20000.0,-22.0,83.4,CRUISE_LOITER,LADAKH,1,0.25
1788500088.525,5212.9,2145.2,72.0,85.0,128.0,85.0,91.6,780.2,810.3,785.0,785.9,4.83,74.9,11.9,3.0,41.0,0.76,14.11,4.1,LANE_A,20000.0,-22.0,83.4,CRUISE_LOITER,LADAKH,1,0.25
1788500089.092,5198.8,2139.4,72.0,85.8,127.6,85.0,91.2,782.1,810.8,784.3,789.2,4.74,74.6,11.8,3.0,41.1,0.73,14.07,4.2,LANE_A,20000.0,-22.0,83.4,CRUISE_LOITER,LADAKH,1,0.25
1788500089.659,5197.4,2138.8,72.0,85.5,127.6,85.2,91.3,781.9,812.2,783.3,786.6,4.88,74.5,12.0,3.0,41.1,0.75,14.11,4.0,LANE_A,20000.0,-22.0,83.4,CRUISE_LOITER,LADAKH,1,0.25
1788500090.232,5198.2,2139.2,72.0,85.3,127.8,84.9,91.3,783.7,811.6,784.0,786.5,4.79,74.5,11.8,3.0,41.3,0.78,14.1,3.9,LANE_A,20000.0,-22.0,83.3,CRUISE_LOITER,LADAKH,1,0.25
1788500090.815,5198.2,2139.2,72.0,85.4,127.8,85.0,91.3,780.8,810.7,784.0,786.9,4.77,74.6,11.9,3.0,41.1,0.74,14.1,4.1,LANE_A,20000.0,-22.0,83.3,CRUISE_LOITER,LADAKH,1,0.25
1788500091.398,5204.2,2141.7,72.0,85.2,128.2,85.2,91.6,780.4,810.5,784.8,786.7,4.76,74.7,11.9,3.0,40.9,0.72,14.1,4.1,LANE_A,20000.0,-22.0,83.3,CRUISE_LOITER,LADAKH,1,0.25
1788500091.975,5194.8,2137.8,72.0,85.5,128.0,84.7,91.6,782.6,811.0,781.1,786.9,4.84,74.5,11.9,3.0,41.3,0.72,14.1,4.4,LANE_A,20000.0,-22.0,83.3,CRUISE_LOITER,LADAKH,1,0.25
1788500092.516,5180.7,2132.0,72.0,85.4,127.9,84.9,91.3,781.2,811.1,783.6,785.6,4.88,74.9,11.9,3.0,41.2,0.75,14.09,4.2,LANE_A,20000.0,-22.0,83.3,CRUISE_LOITER,LADAKH,1,0.25
1788500093.072,5189.8,2135.7,72.0,85.7,128.0,84.9,91.3,780.4,810.7,782.4,788.6,4.82,74.6,12.0,3.0,41.0,0.74,14.09,4.1,LANE_A,20000.0,-22.0,83.3,CRUISE_LOITER,LADAKH,1,0.25
1788500093.637,5191.5,2136.4,72.0,85.8,128.2,85.0,91.1,782.1,812.6,784.5,787.7,4.79,74.7,12.0,3.0,41.2,0.75,14.09,4.1,LANE_A,20000.0,-22.0,83.2,CRUISE_LOITER,LADAKH,1,0.25
1788500094.186,5211.2,2144.5,72.0,85.6,127.8,85.1,91.4,782.1,811.3,782.5,785.8,4.84,74.5,12.0,3.0,41.1,0.75,14.1,4.2,LANE_A,20000.0,-22.0,83.2,CRUISE_LOITER,LADAKH,1,0.25
1788500094.766,5196.3,2138.4,72.0,85.7,127.9,84.8,91.5,780.0,810.3,783.5,789.4,4.85,74.8,11.8,3.0,41.2,0.71,14.09,4.0,LANE_A,20000.0,-22.0,83.2,CRUISE_LOITER,LADAKH,1,0.25
1788500095.327,5212.2,2145.0,72.0,85.7,128.4,85.2,91.7,783.0,810.0,781.8,784.2,4.85,74.5,11.9,3.0,41.4,0.74,14.08,4.0,LANE_A,20000.0,-22.0,83.2,CRUISE_LOITER,LADAKH,1,0.25
1788500096.427,5177.1,2130.5,72.0,85.6,128.6,85.2,91.6,782.5,814.1,783.2,787.6,4.81,74.8,12.0,3.0,41.3,0.74,14.08,3.9,LANE_A,20000.0,-22.0,83.2,CRUISE_LOITER,LADAKH,1,0.25
1788500096.973,5186.8,2134.5,72.0,85.4,128.3,85.2,91.5,781.4,811.7,783.9,786.6,4.78,74.6,12.1,3.0,41.3,0.74,14.11,4.2,LANE_A,20000.0,-22.0,83.2,CRUISE_LOITER,LADAKH,1,0.25
1788500097.515,5180.8,2132.0,72.0,85.8,128.0,85.4,91.6,781.6,810.7,783.5,784.6,4.84,74.7,12.1,3.0,41.1,0.73,14.12,4.2,LANE_A,20000.0,-22.0,83.2,CRUISE_LOITER,LADAKH,1,0.25
1788500098.07,5206.8,2142.7,72.0,85.7,128.3,84.9,91.9,781.3,811.6,785.4,787.0,4.83,75.0,11.9,3.0,41.5,0.73,14.1,4.1,LANE_A,20000.0,-22.0,83.1,CRUISE_LOITER,LADAKH,1,0.25
1788500098.808,5184.0,2133.3,72.0,85.4,127.9,85.2,91.6,780.7,810.1,781.4,787.3,4.83,75.0,12.0,3.0,41.4,0.7,14.1,4.0,LANE_A,20000.0,-22.0,83.1,CRUISE_LOITER,LADAKH,1,0.25
1788500099.448,5181.1,2132.1,72.0,85.9,128.1,85.5,91.6,783.6,811.8,783.3,787.2,4.89,74.7,11.9,3.0,41.4,0.73,14.1,4.2,LANE_A,20000.0,-22.0,83.1,CRUISE_LOITER,LADAKH,1,0.25
1788500100.044,5210.7,2144.3,72.0,85.7,128.1,85.0,92.0,781.9,810.5,786.2,787.1,4.79,74.8,11.9,3.0,41.2,0.72,14.1,3.9,LANE_A,20000.0,-22.0,83.1,CRUISE_LOITER,LADAKH,1,0.25
1788500100.616,5175.6,2129.9,72.0,85.8,128.2,85.4,91.8,780.4,812.0,784.3,786.9,4.77,74.8,11.9,3.0,41.4,0.72,14.11,4.2,LANE_A,20000.0,-22.0,83.1,CRUISE_LOITER,LADAKH,1,0.25
