TIMESTAMP_SEC,ENGINE_RPM,PROP_RPM,TPS,CHT_1,CHT_2,CHT_3,CHT_4,EGT_1,EGT_2,EGT_3,EGT_4,OIL_PRESS,OIL_TEMP,FUEL_FLOW,FUEL_RAIL_P,MAP,VIB_GEARBOX_RMS,BUS_VOLTAGE,BATTERY_CURRENT,FADEC_ACTIVE_LANE,ALTITUDE_FT,OAT_C,TAS_KNOTS,FLIGHT_PHASE,THEATER,DIAG_FAULT_ID,HEALTH_INDEX
1788419951.649,5167.7,2126.6,72.0,87.6,90.6,87.5,90.0,781.5,784.5,782.6,787.6,4.81,66.8,12.4,3.0,43.5,0.73,14.11,4.0,LANE_A,20000.0,-22.0,88.0,CRUISE_LOITER,LADAKH,0,1.0
1788419952.135,5157.0,2122.2,72.0,87.8,90.3,87.2,89.7,779.5,786.8,781.8,785.7,4.8,66.4,12.6,3.0,43.5,0.74,14.11,3.9,LANE_A,20000.0,-22.0,88.1,CRUISE_LOITER,LADAKH,0,1.0
1788419952.648,5138.1,2114.4,72.0,87.7,90.1,87.5,89.6,779.2,784.4,783.9,786.6,4.67,66.9,12.5,3.0,43.8,0.73,14.04,4.1,LANE_A,20000.0,-22.0,88.1,CRUISE_LOITER,LADAKH,0,1.0
1788419953.173,5149.3,2119.1,72.0,87.5,90.3,87.0,89.5,780.8,786.9,780.5,787.2,4.78,66.8,12.5,3.0,43.8,0.73,14.11,4.1,LANE_A,20000.0,-22.0,88.2,CRUISE_LOITER,LADAKH,0,1.0
1788419953.929,5160.3,2123.6,72.0,87.6,90.2,86.8,89.8,778.5,785.7,782.8,786.1,4.78,66.4,12.4,3.0,43.6,0.7,14.12,4.1,LANE_A,20000.0,-22.0,88.2,CRUISE_LOITER,LADAKH,0,1.0
1788419954.432,5143.7,2116.7,72.0,87.4,90.2,87.2,89.6,780.9,783.8,781.3,787.8,4.76,66.1,12.5,3.0,43.5,0.72,14.14,4.2,LANE_A,20000.0,-22.0,88.3,CRUISE_LOITER,LADAKH,0,1.0
1788419954.93,5158.8,2123.0,72.0,87.6,90.2,87.3,89.7,782.1,785.7,783.0,786.3,4.76,66.5,12.6,3.0,43.7,0.71,14.13,4.2,LANE_A,20000.0,-22.0,88.3,CRUISE_LOITER,LADAKH,0,1.0
1788419955.447,5129.4,2110.9,72.0,87.7,89.9,87.3,89.4,782.6,785.3,782.0,785.4,4.79,66.5,12.6,3.0,43.7,0.71,14.13,4.2,LANE_A,20000.0,-22.0,88.4,CRUISE_LOITER,LADAKH,0,1.0
1788419956.064,5147.7,2118.4,72.0,87.4,90.0,87.0,89.4,782.1,785.9,781.5,785.4,4.78,66.4,12.5,3.0,43.8,0.74,14.12,4.0,LANE_A,20000.0,-22.0,88.4,CRUISE_LOITER,LADAKH,0,1.0
1788419956.585,5133.8,2112.7,72.0,87.3,89.7,87.2,89.8,780.0,786.3,782.7,785.6,4.74,66.3,12.5,3.0,43.5,0.73,14.12,4.1,LANE_A,20000.0,-22.0,88.5,CRUISE_LOITER,LADAKH,0,1.0
1788419957.094,5156.3,2121.9,72.0,88.0,90.2,87.2,89.5,780.0,787.8,781.7,785.4,4.82,66.5,12.5,3.0,43.7,0.71,14.09,4.1,LANE_A,20000.0,-22.0,88.5,CRUISE_LOITER,LADAKH,0,1.0
1788419957.777,5147.0,2118.1,72.0,87.6,89.9,86.7,89.4,778.5,785.3,784.0,783.9,4.74,66.1,12.6,3.0,43.5,0.74,14.11,4.2,LANE_A,20000.0,-22.0,88.6,CRUISE_LOITER,LADAKH,0,1.0
1788419958.297,5145.9,2117.7,72.0,87.5,89.8,86.9,89.2,778.0,784.1,783.2,784.8,4.81,66.3,12.4,3.0,43.5,0.71,14.11,4.2,LANE_A,20000.0,-22.0,88.6,CRUISE_LOITER,LADAKH,0,1.0
1788419958.807,5144.5,2117.1,72.0,87.3,89.6,86.9,89.4,778.9,785.5,781.5,784.8,4.78,66.2,12.6,3.0,43.7,0.72,14.09,4.0,LANE_A,20000.0,-22.0,88.7,CRUISE_LOITER,LADAKH,0,1.0
1788419959.296,5174.9,2129.6,72.0,87.5,89.6,87.0,89.4,781.0,786.5,779.8,787.1,4.77,66.2,12.4,3.0,43.6,0.74,14.09,3.9,LANE_A,20000.0,-22.0,88.7,CRUISE_LOITER,LADAKH,0,1.0
1788419959.799,5158.0,2122.7,72.0,87.3,90.0,86.6,89.2,779.2,787.3,780.3,787.3,4.8,66.3,12.4,3.0,43.6,0.73,14.11,4.2,LANE_A,20000.0,-22.0,88.8,CRUISE_LOITER,LADAKH,0,1.0
1788419960.318,5159.7,2123.3,72.0,87.1,89.7,86.9,89.2,780.1,783.8,781.5,786.2,4.81,66.3,12.4,3.0,43.5,0.7,14.11,3.9,LANE_A,20000.0,-22.0,88.8,CRUISE_LOITER,LADAKH,0,1.0
1788419960.819,5152.2,2120.3,72.0,87.4,89.7,86.8,89.3,778.9,782.8,781.3,786.2,4.8,66.4,12.4,3.0,43.4,0.72,14.07,4.1,LANE_A,20000.0,-22.0,88.9,CRUISE_LOITER,LADAKH,0,1.0
1788419961.326,5160.9,2123.8,72.0,87.5,89.5,86.8,89.2,781.6,785.1,781.2,786.3,4.72,66.3,12.5,3.0,43.6,0.71,14.1,4.0,LANE_A,20000.0,-22.0,88.9,CRUISE_LOITER,LADAKH,0,1.0
1788419961.836,5159.8,2123.4,72.0,87.2,89.6,86.9,89.5,782.1,785.0,781.5,784.5,4.76,66.1,12.6,3.0,43.4,0.74,14.15,4.2,LANE_A,20000.0,-22.0,89.0,CRUISE_LOITER,LADAKH,0,1.0
1788419962.346,5152.6,2120.4,72.0,87.5,89.6,86.5,89.1,780.7,786.2,785.2,786.1,4.86,66.0,12.6,3.0,43.5,0.73,14.12,4.1,LANE_A,20000.0,-22.0,89.0,CRUISE_LOITER,LADAKH,0,1.0
1788419962.937,5168.5,2127.0,72.0,87.3,89.8,86.6,88.8,778.5,785.1,780.6,785.1,4.77,66.0,12.3,3.0,43.2,0.71,14.11,4.0,LANE_A,20000.0,-22.0,89.1,CRUISE_LOITER,LADAKH,0,1.0
1788419963.508,5159.6,2123.3,72.0,87.0,89.8,86.8,89.0,782.0,786.6,782.7,785.3,4.8,66.1,12.4,3.0,43.5,0.73,14.11,4.0,LANE_A,20000.0,-22.0,89.1,CRUISE_LOITER,LADAKH,0,1.0
1788419964.271,5157.5,2122.4,72.0,87.2,90.0,86.6,89.2,779.5,786.6,783.0,786.7,4.76,66.2,12.4,3.0,43.3,0.73,14.1,4.2,LANE_A,20000.0,-22.0,89.2,CRUISE_LOITER,LADAKH,0,1.0
1788419965.817,5177.6,2130.7,72.0,87.0,89.4,86.4,89.0,782.3,786.9,784.2,785.9,4.76,66.0,12.3,3.0,43.5,0.72,14.13,4.1,LANE_A,20000.0,-22.0,89.2,CRUISE_LOITER,LADAKH,0,1.0
1788419966.327,5157.1,2122.2,72.0,87.2,89.1,86.8,88.8,781.4,782.2,783.7,785.7,4.7,65.9,12.5,3.0,43.4,0.72,14.1,4.0,LANE_A,20000.0,-22.0,89.3,CRUISE_LOITER,LADAKH,0,1.0
1788419966.837,5165.3,2125.6,72.0,86.9,89.4,86.9,89.2,782.4,785.2,783.7,787.7,4.82,65.7,12.4,3.0,43.5,0.72,14.07,4.0,LANE_A,20000.0,-22.0,89.3,CRUISE_LOITER,LADAKH,0,1.0
1788419967.36,5159.1,2123.1,72.0,87.2,89.8,86.3,88.8,779.8,785.4,780.1,784.7,4.77,65.9,12.3,3.0,43.4,0.72,14.07,4.1,LANE_A,20000.0,-22.0,89.4,CRUISE_LOITER,LADAKH,0,1.0
1788419967.882,5157.1,2122.2,72.0,87.2,89.2,86.5,88.8,779.2,785.8,781.2,784.8,4.8,65.8,12.4,3.0,43.6,0.72,14.08,4.0,LANE_A,20000.0,-22.0,89.4,CRUISE_LOITER,LADAKH,0,1.0
1788419969.075,5166.4,2126.1,72.0,87.0,89.4,86.5,89.0,779.0,785.9,782.1,785.2,4.79,65.9,12.5,3.0,43.3,0.74,14.1,4.3,LANE_A,20000.0,-22.0,89.5,CRUISE_LOITER,LADAKH,0,1.0
1788419969.572,5153.7,2120.9,72.0,86.8,89.4,86.5,88.9,782.8,785.4,782.9,784.3,4.79,65.9,12.5,3.0,43.4,0.7,14.1,3.9,LANE_A,20000.0,-22.0,89.5,CRUISE_LOITER,LADAKH,0,1.0
1788419970.329,5170.7,2127.9,72.0,86.6,89.2,86.3,88.8,780.4,787.3,782.8,784.7,4.84,65.6,12.7,3.0,43.4,0.76,14.11,4.0,LANE_A,20000.0,-22.0,89.6,CRUISE_LOITER,LADAKH,0,1.0
1788419970.823,5170.0,2127.6,72.0,86.7,89.6,86.2,88.7,779.5,785.2,783.5,784.6,4.8,65.8,12.5,3.0,43.3,0.73,14.09,4.2,LANE_A,20000.0,-22.0,89.6,CRUISE_LOITER,LADAKH,0,1.0
1788419971.333,5142.6,2116.3,72.0,86.8,89.5,86.0,88.9,778.2,782.5,782.2,783.4,4.82,65.8,12.7,3.0,43.5,0.7,14.12,4.1,LANE_A,20000.0,-22.0,89.7,CRUISE_LOITER,LADAKH,0,1.0
1788419971.838,5163.7,2125.0,72.0,86.9,89.3,86.3,88.6,780.2,785.3,781.2,784.1,4.79,66.1,12.3,3.0,43.5,0.72,14.11,4.0,LANE_A,20000.0,-22.0,89.7,CRUISE_LOITER,LADAKH,0,1.0
1788419972.349,5164.8,2125.4,72.0,86.7,89.2,86.5,88.7,781.4,787.0,781.4,784.6,4.72,65.9,12.6,3.0,43.6,0.71,14.06,4.2,LANE_A,20000.0,-22.0,89.8,CRUISE_LOITER,LADAKH,0,1.0
1788419972.856,5156.2,2121.9,72.0,86.6,89.0,86.4,88.5,779.9,784.0,782.1,785.0,4.76,65.9,12.4,3.0,43.2,0.73,14.1,4.2,LANE_A,20000.0,-22.0,89.8,CRUISE_LOITER,LADAKH,0,1.0
1788419973.365,5142.7,2116.3,72.0,86.8,89.5,86.4,88.7,781.4,785.6,781.9,785.6,4.77,65.9,12.6,3.0,43.2,0.71,14.11,3.9,LANE_A,20000.0,-22.0,89.9,CRUISE_LOITER,LADAKH,0,1.0
1788419973.873,5171.4,2128.2,72.0,86.7,89.5,86.0,88.6,779.2,785.6,782.5,787.0,4.8,65.7,12.4,3.0,43.3,0.71,14.06,4.0,LANE_A,20000.0,-22.0,89.9,CRUISE_LOITER,LADAKH,0,1.0
1788419974.381,5150.7,2119.6,72.0,86.3,89.1,86.2,88.5,781.3,783.7,780.9,784.9,4.83,65.6,12.5,3.0,43.1,0.72,14.08,4.0,LANE_A,20000.0,-22.0,89.9,CRUISE_LOITER,LADAKH,0,1.0
1788419974.891,5162.5,2124.5,72.0,86.5,88.7,86.3,88.8,780.5,784.6,783.5,785.5,4.8,65.8,12.4,3.0,43.3,0.73,14.07,4.0,LANE_A,20000.0,-22.0,90.0,CRUISE_LOITER,LADAKH,0,1.0
1788419975.399,5169.0,2127.2,72.0,86.7,88.8,86.2,89.0,779.3,784.0,782.0,785.2,4.77,65.5,12.5,3.0,43.4,0.73,14.13,4.0,LANE_A,20000.0,-22.0,90.0,CRUISE_LOITER,LADAKH,0,1.0
1788419975.909,5153.5,2120.8,72.0,86.8,89.2,85.9,88.6,778.9,785.7,783.2,785.1,4.78,65.6,12.5,3.0,43.1,0.74,14.12,4.2,LANE_A,20000.0,-22.0,90.1,CRUISE_LOITER,LADAKH,0,1.0
1788419976.415,5157.5,2122.4,72.0,86.4,89.0,86.0,88.8,780.2,785.7,780.7,785.9,4.78,65.5,12.4,3.0,43.2,0.75,14.12,4.0,LANE_A,20000.0,-22.0,90.1,CRUISE_LOITER,LADAKH,0,1.0
1788419976.927,5156.9,2122.2,72.0,86.3,89.0,86.2,88.3,780.1,785.3,781.9,785.0,4.76,65.7,12.5,3.0,42.9,0.71,14.1,4.1,LANE_A,20000.0,-22.0,90.2,CRUISE_LOITER,LADAKH,0,1.0
1788419977.429,5158.5,2122.8,72.0,86.8,89.0,85.8,88.5,781.6,784.0,782.2,784.5,4.75,65.4,12.5,3.0,43.1,0.73,14.09,4.0,LANE_A,20000.0,-22.0,90.2,CRUISE_LOITER,LADAKH,0,1.0
1788419977.938,5152.2,2120.3,72.0,86.5,88.9,86.2,88.5,780.7,784.1,783.0,785.9,4.82,65.4,12.5,3.0,43.1,0.73,14.11,4.1,LANE_A,20000.0,-22.0,90.3,CRUISE_LOITER,LADAKH,0,1.0
1788419978.449,5138.5,2114.6,72.0,86.6,88.7,85.8,88.5,780.0,784.0,781.7,785.1,4.73,65.5,12.5,3.0,43.1,0.73,14.09,4.0,LANE_A,20000.0,-22.0,90.3,CRUISE_LOITER,LADAKH,0,1.0
1788419978.956,5157.9,2122.6,72.0,86.6,88.7,86.1,88.5,779.4,783.1,783.8,785.2,4.77,65.5,12.6,3.0,43.3,0.75,14.11,4.0,LANE_A,20000.0,-22.0,90.4,CRUISE_LOITER,LADAKH,0,1.0
1788419979.464,5139.9,2115.2,72.0,86.5,89.0,85.9,88.4,780.6,784.3,782.9,785.7,4.8,64.9,12.5,3.0,43.0,0.7,14.1,4.0,LANE_A,20000.0,-22.0,90.4,CRUISE_LOITER,LADAKH,0,1.0
1788419979.972,5179.0,2131.3,72.0,86.4,88.8,85.8,88.3,779.4,783.8,779.8,786.1,4.78,65.3,12.5,3.0,43.0,0.7,14.11,4.0,LANE_A,20000.0,-22.0,90.4,CRUISE_LOITER,LADAKH,0,1.0
1788419980.472,5170.4,2127.7,72.0,86.2,88.7,86.2,88.3,779.8,782.3,782.3,783.3,4.83,65.3,12.5,3.0,43.4,0.72,14.1,4.0,LANE_A,20000.0,-22.0,90.5,CRUISE_LOITER,LADAKH,0,1.0
1788419980.99,5164.4,2125.3,72.0,86.0,88.8,85.7,87.9,782.1,786.3,782.9,785.9,4.76,65.2,12.4,3.0,43.0,0.71,14.11,4.0,LANE_A,20000.0,-22.0,90.5,CRUISE_LOITER,LADAKH,0,1.0
1788419981.498,5169.9,2127.5,72.0,86.4,88.6,85.9,87.8,781.1,784.2,782.0,786.5,4.74,65.4,12.4,3.0,43.0,0.72,14.1,4.2,LANE_A,20000.0,-22.0,90.6,CRUISE_LOITER,LADAKH,0,1.0
1788419982.01,5171.0,2128.0,72.0,86.2,88.7,85.6,88.4,781.0,783.1,781.5,785.3,4.79,65.4,12.5,3.0,43.1,0.72,14.11,4.1,LANE_A,20000.0,-22.0,90.6,CRUISE_LOITER,LADAKH,0,1.0
1788419982.518,5159.5,2123.3,72.0,86.3,88.8,85.8,87.9,781.0,785.0,782.0,785.4,4.8,65.3,12.4,3.0,43.0,0.74,14.13,4.2,LANE_A,20000.0,-22.0,90.7,CRUISE_LOITER,LADAKH,0,1.0
1788419983.023,5157.6,2122.5,72.0,86.0,88.6,85.7,88.1,779.4,787.1,782.7,785.6,4.83,65.1,12.4,3.0,43.0,0.73,14.09,4.0,LANE_A,20000.0,-22.0,90.7,CRUISE_LOITER,LADAKH,0,1.0
1788419983.533,5142.7,2116.3,72.0,86.3,88.7,85.8,88.2,780.4,787.0,780.6,784.0,4.8,65.3,12.6,3.0,43.0,0.73,14.09,4.1,LANE_A,20000.0,-22.0,90.7,CRUISE_LOITER,LADAKH,0,1.0
1788419984.041,5170.1,2127.6,72.0,86.2,88.6,85.5,88.2,781.1,786.4,781.6,784.7,4.77,65.4,12.4,3.0,43.1,0.74,14.1,4.2,LANE_A,20000.0,-22.0,90.8,CRUISE_LOITER,LADAKH,0,1.0
1788419984.545,5172.6,2128.7,72.0,86.4,88.6,85.9,88.0,779.7,783.6,781.5,786.3,4.78,64.9,12.4,3.0,42.8,0.73,14.11,4.1,LANE_A,20000.0,-22.0,90.8,CRUISE_LOITER,LADAKH,0,1.0
1788419985.057,5169.0,2127.2,72.0,86.3,88.6,85.5,88.0,780.1,785.8,781.6,785.3,4.79,65.2,12.4,3.0,43.0,0.72,14.09,4.0,LANE_A,20000.0,-22.0,90.9,CRUISE_LOITER,LADAKH,0,1.0
1788419985.563,5170.3,2127.7,72.0,86.1,88.5,85.6,88.0,780.3,784.0,780.8,786.5,4.82,64.8,12.4,3.0,43.1,0.73,14.09,4.0,LANE_A,20000.0,-22.0,90.9,CRUISE_LOITER,LADAKH,0,1.0
1788419986.063,5174.6,2129.5,72.0,86.3,88.6,85.9,88.2,780.0,784.6,782.1,785.9,4.81,65.1,12.3,3.0,43.0,0.71,14.1,3.9,LANE_A,20000.0,-22.0,90.9,CRUISE_LOITER,LADAKH,0,1.0
1788419986.577,5158.1,2122.7,72.0,86.3,88.6,85.6,88.1,780.0,783.6,783.6,785.9,4.79,65.0,12.3,3.0,43.2,0.72,14.07,4.0,LANE_A,20000.0,-22.0,91.0,CRUISE_LOITER,LADAKH,0,1.0
1788419987.088,5186.6,2134.4,72.0,85.9,88.5,85.5,88.1,779.8,783.1,783.4,784.0,4.81,65.0,12.3,3.0,42.9,0.73,14.1,3.9,LANE_A,20000.0,-22.0,91.0,CRUISE_LOITER,LADAKH,0,1.0
1788419987.599,5153.8,2120.9,72.0,85.8,88.4,85.7,87.7,778.9,784.5,780.7,785.1,4.78,64.9,12.3,3.0,43.1,0.72,14.08,4.1,LANE_A,20000.0,-22.0,91.1,CRUISE_LOITER,LADAKH,0,1.0
1788419988.095,5156.5,2122.0,72.0,86.2,88.5,85.7,88.1,778.7,785.0,779.5,782.8,4.82,65.0,12.5,3.0,43.0,0.7,14.09,4.0,LANE_A,20000.0,-22.0,91.1,CRUISE_LOITER,LADAKH,0,1.0
1788419988.615,5166.4,2126.1,72.0,86.0,88.0,85.3,87.8,779.7,782.5,780.8,784.2,4.78,64.8,12.4,3.0,43.1,0.75,14.12,4.1,LANE_A,20000.0,-22.0,91.1,CRUISE_LOITER,LADAKH,0,1.0
1788419989.122,5182.3,2132.6,72.0,85.7,88.3,85.5,87.9,779.9,784.8,782.2,784.9,4.83,64.9,12.3,3.0,42.7,0.72,14.08,4.0,LANE_A,20000.0,-22.0,91.2,CRUISE_LOITER,LADAKH,0,1.0
1788419989.623,5175.0,2129.6,72.0,86.1,88.3,85.7,88.0,779.8,784.6,782.3,784.9,4.82,64.7,12.6,3.0,42.8,0.75,14.09,4.1,LANE_A,20000.0,-22.0,91.2,CRUISE_LOITER,LADAKH,0,1.0
1788419990.138,5166.8,2126.2,72.0,86.1,88.5,85.2,87.8,780.5,787.4,780.7,784.2,4.84,65.2,12.4,3.0,42.7,0.75,14.07,4.1,LANE_A,20000.0,-22.0,91.3,CRUISE_LOITER,LADAKH,0,1.0
1788419990.668,5160.0,2123.5,72.0,85.9,88.4,85.2,87.7,778.3,785.8,781.9,786.4,4.82,64.7,12.4,3.0,42.7,0.71,14.03,4.0,LANE_A,20000.0,-22.0,91.3,CRUISE_LOITER,LADAKH,0,1.0
1788419991.175,5163.3,2124.8,72.0,85.8,88.1,85.6,88.0,779.4,785.7,780.7,786.4,4.85,64.6,12.5,3.0,42.6,0.72,14.11,3.9,LANE_A,20000.0,-22.0,91.3,CRUISE_LOITER,LADAKH,0,1.0
1788419991.686,5166.9,2126.3,72.0,85.9,88.2,85.2,87.7,780.1,786.6,780.2,784.7,4.82,64.7,12.5,3.0,42.9,0.73,14.11,4.0,LANE_A,20000.0,-22.0,91.4,CRUISE_LOITER,LADAKH,0,1.0
1788419992.182,5186.8,2134.5,72.0,85.8,88.5,85.4,87.8,780.2,786.5,782.2,784.6,4.8,64.8,12.4,3.0,42.5,0.72,14.1,3.8,LANE_A,20000.0,-22.0,91.4,CRUISE_LOITER,LADAKH,0,1.0
1788419992.697,5164.2,2125.2,72.0,85.8,88.0,85.5,87.7,780.4,782.8,784.2,786.9,4.79,64.8,12.4,3.0,42.9,0.74,14.11,4.0,LANE_A,20000.0,-22.0,91.4,CRUISE_LOITER,LADAKH,0,1.0
1788419993.205,5161.3,2124.0,72.0,85.6,88.0,85.2,87.7,780.7,783.0,781.1,784.4,4.83,65.0,12.3,3.0,42.5,0.73,14.14,4.2,LANE_A,20000.0,-22.0,91.5,CRUISE_LOITER,LADAKH,0,1.0
1788419993.712,5163.7,2125.0,72.0,85.5,88.2,85.0,87.7,782.4,783.7,781.1,784.5,4.79,64.6,12.5,3.0,42.7,0.73,14.1,4.0,LANE_A,20000.0,-22.0,91.5,CRUISE_LOITER,LADAKH,0,1.0
1788419994.219,5156.4,2122.0,72.0,85.7,88.2,85.4,87.5,780.6,786.1,783.1,785.7,4.82,64.5,12.5,3.0,42.8,0.74,14.1,4.1,LANE_A,20000.0,-22.0,91.6,CRUISE_LOITER,LADAKH,0,1.0
1788419994.729,5175.2,2129.7,72.0,85.8,88.0,85.2,87.6,778.9,785.4,781.5,782.7,4.8,64.6,12.5,3.0,42.8,0.73,14.03,4.0,LANE_A,20000.0,-22.0,91.6,CRUISE_LOITER,LADAKH,0,1.0
1788419995.235,5181.9,2132.5,72.0,85.8,88.2,85.0,87.8,780.4,785.8,781.9,784.6,4.79,64.5,12.4,3.0,42.7,0.72,14.09,4.2,LANE_A,20000.0,-22.0,91.6,CRUISE_LOITER,LADAKH,0,1.0
1788419995.742,5172.2,2128.5,72.0,85.6,88.3,85.2,87.6,780.5,784.5,781.9,786.4,4.76,64.5,12.4,3.0,42.9,0.71,14.09,3.9,LANE_A,20000.0,-22.0,91.7,CRUISE_LOITER,LADAKH,0,1.0
1788419996.248,5175.0,2129.6,72.0,85.5,88.3,85.2,87.7,779.4,783.1,780.3,783.2,4.8,64.6,12.3,3.0,42.9,0.7,14.11,4.1,LANE_A,20000.0,-22.0,91.7,CRUISE_LOITER,LADAKH,0,1.0
1788419996.756,5164.0,2125.1,72.0,85.6,87.8,85.1,87.3,782.5,784.9,782.5,786.6,4.77,64.8,12.4,3.1,42.5,0.72,14.09,4.0,LANE_A,20000.0,-22.0,91.7,CRUISE_LOITER,LADAKH,0,1.0
1788419997.265,5170.6,2127.8,72.0,85.5,87.9,85.0,87.5,777.8,783.1,781.7,783.4,4.82,64.4,12.4,3.0,42.5,0.71,14.09,4.0,LANE_A,20000.0,-22.0,91.8,CRUISE_LOITER,LADAKH,0,1.0
1788419997.772,5153.5,2120.8,72.0,85.4,88.2,85.0,87.4,779.6,785.2,779.7,783.7,4.81,64.5,12.4,3.0,42.7,0.75,14.08,4.0,LANE_A,20000.0,-22.0,91.8,CRUISE_LOITER,LADAKH,0,1.0
1788419998.266,5167.7,2126.6,72.0,85.8,88.2,84.9,87.7,781.8,787.5,783.4,786.2,4.77,64.3,12.2,3.0,42.5,0.74,14.08,4.0,LANE_A,20000.0,-22.0,91.8,CRUISE_LOITER,LADAKH,0,1.0
1788419998.773,5204.0,2141.6,72.0,85.4,87.8,84.9,87.5,780.9,785.7,781.4,784.9,4.82,64.5,12.3,3.0,43.0,0.71,14.11,4.2,LANE_A,20000.0,-22.0,91.9,CRUISE_LOITER,LADAKH,0,1.0
1788419999.289,5163.2,2124.8,72.0,85.4,87.8,85.1,87.3,781.0,785.0,781.1,784.2,4.75,64.3,12.3,3.0,42.6,0.72,14.08,4.1,LANE_A,20000.0,-22.0,91.9,CRUISE_LOITER,LADAKH,0,1.0
1788419999.8,5141.9,2116.0,72.0,85.6,88.0,84.9,87.5,778.9,785.2,781.5,783.8,4.82,64.3,12.4,3.0,42.6,0.74,14.11,4.1,LANE_A,20000.0,-22.0,91.9,CRUISE_LOITER,LADAKH,0,1.0
1788420000.306,5187.8,2134.9,72.0,85.3,87.9,85.1,87.3,779.2,782.0,781.9,784.4,4.82,64.4,12.3,3.0,42.6,0.73,14.12,4.1,LANE_A,20000.0,-22.0,91.9,CRUISE_LOITER,LADAKH,0,1.0
1788420000.812,5172.2,2128.5,72.0,85.4,87.5,84.7,87.2,779.5,785.8,781.9,786.3,4.84,64.3,12.3,3.0,42.6,0.71,14.08,4.1,LANE_A,20000.0,-22.0,92.0,CRUISE_LOITER,LADAKH,0,1.0
1788420001.321,5177.8,2130.8,72.0,85.4,87.9,84.6,87.4,778.6,785.9,781.3,783.4,4.87,64.4,12.4,3.0,42.6,0.74,14.1,4.2,LANE_A,20000.0,-22.0,92.0,CRUISE_LOITER,LADAKH,0,1.0
1788420001.83,5161.3,2124.0,72.0,85.4,88.0,84.5,87.4,778.3,784.8,783.5,784.7,4.82,64.3,12.3,3.0,42.6,0.73,14.11,4.0,LANE_A,20000.0,-22.0,92.0,CRUISE_LOITER,LADAKH,0,1.0
1788420002.324,5167.7,2126.6,72.0,85.4,87.5,84.9,87.3,779.7,782.7,782.2,784.5,4.81,64.2,12.4,3.0,42.5,0.72,14.08,4.0,LANE_A,20000.0,-22.0,92.1,CRUISE_LOITER,LADAKH,0,1.0
1788420002.84,5182.4,2132.7,72.0,85.5,87.7,84.7,87.1,779.2,783.3,782.2,784.6,4.83,64.4,12.2,3.0,42.7,0.72,14.13,4.0,LANE_A,20000.0,-22.0,92.1,CRUISE_LOITER,LADAKH,0,1.0
1788420003.346,5168.6,2127.0,72.0,85.1,87.7,84.4,87.0,776.5,782.4,779.5,786.6,4.79,64.6,12.2,3.0,42.8,0.73,14.08,3.9,LANE_A,20000.0,-22.0,92.1,CRUISE_LOITER,LADAKH,0,1.0
1788420003.856,5190.8,2136.1,72.0,85.0,88.0,84.7,87.2,782.2,784.9,779.2,783.8,4.8,64.1,12.3,3.0,42.5,0.76,14.11,4.1,LANE_A,20000.0,-22.0,92.2,CRUISE_LOITER,LADAKH,0,1.0
1788420004.364,5200.3,2140.1,72.0,85.1,87.9,84.9,87.1,778.7,785.9,782.2,784.3,4.79,64.4,12.2,3.0,42.6,0.71,14.13,4.2,LANE_A,20000.0,-22.0,92.2,CRUISE_LOITER,LADAKH,0,1.0
1788420004.867,5166.7,2126.2,72.0,85.2,87.8,84.5,87.4,778.8,785.7,782.4,785.0,4.84,64.3,12.3,3.0,42.6,0.75,14.1,4.0,LANE_A,20000.0,-22.0,92.2,CRUISE_LOITER,LADAKH,0,1.0
1788420005.366,5166.2,2126.0,72.0,85.1,87.8,84.8,87.1,779.3,784.3,779.8,783.0,4.86,64.0,12.2,3.0,42.4,0.7,14.07,4.0,LANE_A,20000.0,-22.0,92.2,CRUISE_LOITER,LADAKH,0,1.0
1788420005.885,5174.6,2129.5,72.0,85.0,87.6,84.6,87.4,778.7,782.7,781.4,782.4,4.75,64.3,12.1,3.0,42.5,0.72,14.1,3.9,LANE_A,20000.0,-22.0,92.3,CRUISE_LOITER,LADAKH,0,1.0
1788420006.393,5174.2,2129.3,72.0,85.2,87.6,84.6,87.0,779.8,785.0,782.5,782.1,4.82,64.3,12.2,3.0,42.5,0.77,14.12,3.9,LANE_A,20000.0,-22.0,92.3,CRUISE_LOITER,LADAKH,0,1.0
1788420006.9,5174.5,2129.4,72.0,85.2,87.6,84.4,87.0,779.0,783.0,781.6,785.5,4.81,64.0,12.3,3.0,42.5,0.74,14.09,4.1,LANE_A,20000.0,-22.0,92.3,CRUISE_LOITER,LADAKH,0,1.0
1788420007.409,5185.0,2133.7,72.0,85.1,87.6,84.7,87.2,778.3,783.9,782.1,785.1,4.79,64.2,12.3,3.0,42.4,0.71,14.1,4.0,LANE_A,20000.0,-22.0,92.3,CRUISE_LOITER,LADAKH,0,1.0
1788420007.917,5172.8,2128.7,72.0,85.0,87.5,84.3,87.1,778.3,784.0,779.9,785.7,4.82,64.1,12.4,3.0,42.7,0.69,14.11,4.1,LANE_A,20000.0,-22.0,92.4,CRUISE_LOITER,LADAKH,0,1.0
1788420008.423,5174.6,2129.5,72.0,85.4,87.5,84.5,87.0,780.9,786.2,780.3,784.5,4.82,64.0,12.2,3.0,42.6,0.73,14.12,4.0,LANE_A,20000.0,-22.0,92.4,CRUISE_LOITER,LADAKH,0,1.0
1788420008.921,5170.9,2127.9,72.0,85.7,87.7,84.5,87.4,777.8,785.7,782.0,783.6,4.78,64.1,12.3,3.0,42.4,0.73,14.08,4.1,LANE_A,20000.0,-22.0,92.4,CRUISE_LOITER,LADAKH,0,1.0
1788420009.439,5179.3,2131.4,72.0,84.6,87.3,84.7,87.0,780.2,783.2,781.1,783.8,4.83,64.2,12.3,3.0,42.3,0.72,14.1,4.2,LANE_A,20000.0,-22.0,92.4,CRUISE_LOITER,LADAKH,0,1.0
1788420009.946,5177.2,2130.5,72.0,85.0,87.6,84.3,87.1,781.1,785.8,781.1,783.5,4.81,63.9,12.2,3.0,42.4,0.74,14.1,4.2,LANE_A,20000.0,-22.0,92.5,CRUISE_LOITER,LADAKH,0,1.0
1788420010.451,5180.4,2131.8,72.0,84.9,87.5,84.4,87.2,779.2,782.7,781.3,784.8,4.84,63.7,12.2,3.0,42.4,0.73,14.08,4.0,LANE_A,20000.0,-22.0,92.5,CRUISE_LOITER,LADAKH,0,1.0
1788420011.0,5187.7,2134.9,72.0,84.7,87.3,84.4,86.7,781.6,784.3,780.7,784.6,4.83,64.1,12.3,3.0,42.6,0.74,14.11,4.1,LANE_A,20000.0,-22.0,92.5,CRUISE_LOITER,LADAKH,0,1.0
1788420011.508,5152.8,2120.5,72.0,85.0,87.4,84.6,87.0,779.3,786.8,780.1,785.0,4.81,63.9,12.2,3.0,42.5,0.76,14.13,4.1,LANE_A,20000.0,-22.0,92.5,CRUISE_LOITER,LADAKH,0,1.0
1788420012.016,5176.4,2130.2,72.0,84.9,87.6,84.4,86.9,779.1,783.6,782.6,784.5,4.78,63.9,12.4,3.0,42.5,0.75,14.12,3.9,LANE_A,20000.0,-22.0,92.5,CRUISE_LOITER,LADAKH,0,1.0
1788420012.523,5214.0,2145.7,72.0,85.1,87.3,84.1,87.0,777.8,784.5,781.8,784.2,4.81,63.9,12.3,3.0,42.5,0.73,14.09,4.0,LANE_A,20000.0,-22.0,92.6,CRUISE_LOITER,LADAKH,0,1.0
1788420013.033,5156.0,2121.8,72.0,85.0,87.3,84.5,86.6,779.6,785.8,778.8,784.1,4.82,64.2,12.4,3.0,42.2,0.71,14.12,4.1,LANE_A,20000.0,-22.0,92.6,CRUISE_LOITER,LADAKH,0,1.0
1788420013.541,5168.1,2126.8,72.0,84.7,87.1,84.4,86.3,781.8,783.3,781.6,784.7,4.83,63.9,12.3,3.0,42.4,0.74,14.1,4.0,LANE_A,20000.0,-22.0,92.6,CRUISE_LOITER,LADAKH,0,1.0
1788420014.045,5168.6,2127.0,72.0,84.9,87.3,84.2,86.8,778.3,784.3,780.8,784.9,4.79,63.9,12.3,3.0,42.5,0.7,14.11,4.0,LANE_A,20000.0,-22.0,92.6,CRUISE_LOITER,LADAKH,0,1.0
1788420014.551,5168.2,2126.8,72.0,85.0,87.4,84.1,86.9,779.5,783.7,779.5,784.1,4.85,63.8,12.1,3.0,42.2,0.7,14.1,3.8,LANE_A,20000.0,-22.0,92.6,CRUISE_LOITER,LADAKH,0,1.0
1788420015.058,5191.4,2136.4,72.0,84.8,87.3,84.3,86.6,780.9,784.9,782.1,784.8,4.81,63.6,12.2,3.0,42.2,0.72,14.09,4.0,LANE_A,20000.0,-22.0,92.7,CRUISE_LOITER,LADAKH,0,1.0
1788420015.556,5169.5,2127.4,72.0,84.7,87.2,84.2,86.8,781.5,783.2,781.5,783.3,4.85,63.8,12.3,3.0,42.4,0.71,14.1,4.0,LANE_A,20000.0,-22.0,92.7,CRUISE_LOITER,LADAKH,0,1.0
1788420016.073,5184.5,2133.5,72.0,84.5,87.3,84.0,86.5,776.6,784.4,781.5,783.3,4.78,63.6,12.2,3.0,42.2,0.73,14.07,4.0,LANE_A,20000.0,-22.0,92.7,CRUISE_LOITER,LADAKH,0,1.0
1788420016.581,5173.5,2129.0,72.0,84.8,87.2,84.2,86.1,778.2,784.8,781.3,782.8,4.86,63.8,12.0,3.0,42.4,0.72,14.12,4.0,LANE_A,20000.0,-22.0,92.7,CRUISE_LOITER,LADAKH,0,1.0
1788420017.088,5196.0,2138.3,72.0,84.9,86.9,84.3,87.1,779.2,784.0,781.6,784.0,4.84,63.5,12.3,3.0,42.4,0.74,14.07,4.2,LANE_A,20000.0,-22.0,92.7,CRUISE_LOITER,LADAKH,0,1.0
1788420017.599,5171.2,2128.1,72.0,84.8,87.2,83.9,86.7,779.5,782.7,781.7,785.2,4.8,63.6,12.3,3.0,42.4,0.75,14.13,4.1,LANE_A,20000.0,-22.0,92.7,CRUISE_LOITER,LADAKH,0,1.0
1788420018.105,5185.8,2134.1,72.0,84.8,87.2,84.1,86.5,779.7,785.8,780.4,785.2,4.87,63.9,12.3,3.0,42.3,0.72,14.09,4.1,LANE_A,20000.0,-22.0,92.8,CRUISE_LOITER,LADAKH,0,1.0
1788420018.602,5215.9,2146.5,72.0,84.4,87.2,84.3,87.1,780.6,782.4,783.4,784.9,4.82,63.5,12.2,3.0,42.1,0.72,14.1,3.8,LANE_A,20000.0,-22.0,92.8,CRUISE_LOITER,LADAKH,0,1.0
1788420019.125,5184.9,2133.7,72.0,84.6,87.2,84.1,86.4,780.5,783.6,782.1,783.3,4.87,63.5,12.2,3.0,42.3,0.76,14.1,3.9,LANE_A,20000.0,-22.0,92.8,CRUISE_LOITER,LADAKH,0,1.0
1788420019.631,5210.2,2144.1,72.0,84.7,87.0,84.0,86.6,778.1,782.8,782.1,783.8,4.78,63.6,12.2,3.0,42.3,0.73,14.11,4.2,LANE_A,20000.0,-22.0,92.8,CRUISE_LOITER,LADAKH,0,1.0
1788420020.13,5183.3,2133.0,72.0,84.5,86.9,83.9,86.5,778.9,784.9,781.2,784.9,4.84,63.5,12.2,3.0,42.4,0.72,14.1,4.1,LANE_A,20000.0,-22.0,92.8,CRUISE_LOITER,LADAKH,0,1.0
1788420020.647,5189.1,2135.4,72.0,84.4,87.0,83.7,86.5,778.5,786.2,782.3,784.9,4.79,63.8,12.2,3.0,42.0,0.75,14.1,3.9,LANE_A,20000.0,-22.0,92.8,CRUISE_LOITER,LADAKH,0,1.0
1788420021.154,5178.3,2131.0,72.0,84.8,87.1,84.1,86.3,778.4,786.7,781.0,783.7,4.85,63.6,12.2,3.0,42.3,0.71,14.09,3.9,LANE_A,20000.0,-22.0,92.8,CRUISE_LOITER,LADAKH,0,1.0
1788420021.667,5182.8,2132.8,72.0,84.3,86.9,84.2,86.6,778.9,785.9,781.3,784.0,4.85,63.5,12.3,3.0,42.2,0.73,14.1,3.9,LANE_A,20000.0,-22.0,92.9,CRUISE_LOITER,LADAKH,0,1.0
1788420022.173,5176.4,2130.2,72.0,84.6,86.6,84.0,86.5,778.6,785.0,780.3,784.8,4.82,63.6,12.1,3.0,42.2,0.73,14.1,3.9,LANE_A,20000.0,-22.0,92.9,CRUISE_LOITER,LADAKH,0,1.0
1788420022.683,5194.2,2137.5,72.0,84.2,86.9,83.9,86.4,779.0,782.8,782.8,783.5,4.84,63.5,12.2,3.0,42.2,0.71,14.1,4.0,LANE_A,20000.0,-22.0,92.9,CRUISE_LOITER,LADAKH,0,1.0
1788420023.191,5186.8,2134.5,72.0,84.5,86.7,84.0,86.4,776.8,784.5,780.7,784.1,4.83,63.7,12.2,3.0,42.3,0.74,14.06,4.1,LANE_A,20000.0,-22.0,92.9,CRUISE_LOITER,LADAKH,0,1.0
1788420023.695,5190.3,2135.9,72.0,84.2,86.6,83.8,86.3,780.3,783.4,779.1,785.1,4.83,63.5,12.2,3.0,42.2,0.74,14.16,4.1,LANE_A,20000.0,-22.0,92.9,CRUISE_LOITER,LADAKH,0,1.0
1788420024.205,5171.4,2128.1,72.0,84.4,86.8,83.7,86.1,777.0,785.4,778.8,783.4,4.85,63.6,12.2,3.0,42.0,0.71,14.05,4.1,LANE_A,20000.0,-22.0,92.9,CRUISE_LOITER,LADAKH,0,1.0
1788420024.713,5170.7,2127.9,72.0,84.3,87.2,83.9,86.2,779.6,783.6,779.1,785.6,4.82,63.4,12.3,3.0,42.0,0.71,14.12,4.0,LANE_A,20000.0,-22.0,92.9,CRUISE_LOITER,LADAKH,0,1.0
1788420025.21,5177.2,2130.5,72.0,84.7,86.7,83.5,86.1,779.8,782.3,780.6,785.5,4.79,63.5,12.2,3.0,42.0,0.74,14.08,4.1,LANE_A,20000.0,-22.0,92.9,CRUISE_LOITER,LADAKH,0,1.0
1788420025.726,5155.5,2121.6,72.0,84.6,86.7,83.9,86.6,779.0,783.1,780.9,783.8,4.86,63.1,12.3,3.0,42.0,0.73,14.07,3.9,LANE_A,20000.0,-22.0,92.9,CRUISE_LOITER,LADAKH,0,1.0
1788420026.235,5167.6,2126.6,72.0,84.3,86.8,83.8,86.4,779.9,782.1,779.9,784.8,4.83,63.5,12.1,3.0,41.9,0.71,14.12,3.9,LANE_A,20000.0,-22.0,92.9,CRUISE_LOITER,LADAKH,0,1.0
1788420026.743,5196.8,2138.6,72.0,84.1,86.8,84.0,86.6,780.4,783.2,780.1,783.7,4.8,63.2,12.2,3.0,42.0,0.74,14.12,4.1,LANE_A,20000.0,-22.0,93.0,CRUISE_LOITER,LADAKH,0,1.0
1788420027.24,5183.1,2133.0,72.0,83.9,86.5,84.0,86.3,779.1,785.9,782.3,784.4,4.82,63.2,12.2,3.0,42.0,0.69,14.06,3.8,LANE_A,20000.0,-22.0,93.0,CRUISE_LOITER,LADAKH,0,1.0
1788420027.747,5196.6,2138.5,72.0,84.1,86.9,83.8,86.0,780.4,782.1,781.1,783.4,4.81,63.5,12.2,3.0,42.1,0.73,14.11,3.9,LANE_A,20000.0,-22.0,93.0,CRUISE_LOITER,LADAKH,0,1.0
1788420028.266,5182.5,2132.7,72.0,84.4,86.5,84.0,86.3,779.4,785.0,781.4,782.6,4.83,63.3,12.2,3.0,42.1,0.73,14.07,4.2,LANE_A,20000.0,-22.0,93.0,CRUISE_LOITER,LADAKH,0,1.0
1788420028.778,5171.1,2128.0,72.0,84.2,86.4,83.7,86.2,781.3,785.8,780.7,783.3,4.85,63.0,12.2,3.0,42.0,0.71,14.09,4.0,LANE_A,20000.0,-22.0,93.0,CRUISE_LOITER,LADAKH,0,1.0
1788420029.282,5177.3,2130.6,72.0,84.1,86.4,83.9,85.9,780.7,783.1,781.3,783.0,4.85,63.1,12.4,3.0,41.8,0.72,14.13,4.0,LANE_A,20000.0,-22.0,93.0,CRUISE_LOITER,LADAKH,0,1.0
1788420029.788,5192.1,2136.7,72.0,84.4,86.9,83.8,86.0,779.0,784.2,781.2,784.6,4.76,63.2,12.1,3.0,42.1,0.74,14.08,4.0,LANE_A,20000.0,-22.0,93.0,CRUISE_LOITER,LADAKH,0,1.0
1788420030.297,5188.2,2135.1,72.0,84.0,86.6,83.7,86.0,778.3,781.9,782.9,784.5,4.84,63.1,12.2,3.0,41.9,0.72,14.14,4.2,LANE_A,20000.0,-22.0,93.0,CRUISE_LOITER,LADAKH,0,1.0
1788420030.862,5165.8,2125.8,72.0,84.2,86.6,83.7,86.2,779.7,783.8,780.5,782.7,4.85,63.0,12.2,3.0,42.2,0.73,14.07,4.0,LANE_A,20000.0,-22.0,93.0,CRUISE_LOITER,LADAKH,0,1.0
1788420031.361,5167.9,2126.7,72.0,84.1,86.7,84.0,86.2,779.0,785.2,781.7,785.3,4.84,63.3,12.2,3.0,41.9,0.72,14.12,4.0,LANE_A,20000.0,-22.0,93.0,CRUISE_LOITER,LADAKH,0,1.0
1788420031.866,5192.3,2136.8,72.0,83.8,86.9,83.9,86.1,778.9,783.2,781.1,786.2,4.87,63.0,12.2,3.0,41.8,0.71,14.07,4.1,LANE_A,20000.0,-22.0,93.0,CRUISE_LOITER,LADAKH,0,1.0
1788420032.373,5193.2,2137.1,72.0,84.3,86.4,83.7,85.8,778.6,782.3,780.3,782.9,4.88,63.4,12.2,3.0,42.2,0.7,14.07,4.2,LANE_A,20000.0,-22.0,93.0,CRUISE_LOITER,LADAKH,0,1.0
1788420032.894,5156.4,2122.0,72.0,84.3,86.2,83.8,86.0,779.6,781.9,780.4,784.2,4.82,63.1,12.2,3.0,41.9,0.71,14.1,3.9,LANE_A,20000.0,-22.0,93.0,CRUISE_LOITER,LADAKH,0,1.0
1788420033.39,5180.8,2132.0,72.0,84.1,86.2,83.6,86.0,779.8,782.0,781.3,784.0,4.83,62.9,12.1,3.0,42.0,0.77,14.11,4.2,LANE_A,20000.0,-22.0,93.0,CRUISE_LOITER,LADAKH,0,1.0
1788420033.907,5193.0,2137.0,72.0,83.9,86.2,83.8,85.9,778.2,782.8,778.5,783.2,4.83,63.1,12.2,3.0,42.2,0.75,14.1,4.2,LANE_A,20000.0,-22.0,93.0,CRUISE_LOITER,LADAKH,0,1.0
1788420034.416,5172.5,2128.6,72.0,84.2,86.1,83.3,86.0,777.3,782.6,781.4,783.2,4.77,62.9,12.2,3.0,41.9,0.73,14.09,3.9,LANE_A,20000.0,-22.0,93.0,CRUISE_LOITER,LADAKH,0,1.0
1788420034.927,5197.8,2139.0,72.0,83.9,86.5,83.4,86.3,782.3,784.6,780.3,782.5,4.82,63.1,12.2,3.0,41.8,0.71,14.12,4.1,LANE_A,20000.0,-22.0,93.0,CRUISE_LOITER,LADAKH,0,1.0
1788420035.436,5173.3,2128.9,72.0,84.2,86.4,83.7,85.9,780.2,784.0,781.4,783.6,4.82,62.9,12.1,3.0,42.0,0.72,14.1,4.0,LANE_A,20000.0,-22.0,93.0,CRUISE_LOITER,LADAKH,0,1.0
1788420035.943,5154.8,2121.3,72.0,83.9,86.2,83.5,86.1,778.7,783.5,779.1,784.2,4.82,63.0,12.0,3.0,41.8,0.73,14.1,3.9,LANE_A,20000.0,-22.0,93.0,CRUISE_LOITER,LADAKH,0,1.0
1788420036.443,5178.5,2131.1,72.0,84.0,86.7,83.3,85.9,779.8,784.6,780.9,785.0,4.85,62.7,12.2,3.0,41.9,0.75,14.13,4.1,LANE_A,20000.0,-22.0,93.0,CRUISE_LOITER,LADAKH,0,1.0
1788420036.953,5201.5,2140.5,72.0,83.6,86.4,83.4,85.9,776.6,785.5,780.6,781.5,4.81,63.1,12.2,3.0,41.8,0.73,14.07,4.1,LANE_A,20000.0,-22.0,93.0,CRUISE_LOITER,LADAKH,0,1.0
1788420037.473,5175.4,2129.8,72.0,84.0,86.4,83.4,85.8,778.1,782.9,780.2,784.1,4.83,63.1,12.1,3.0,41.7,0.7,14.12,4.0,LANE_A,20000.0,-22.0,93.0,CRUISE_LOITER,LADAKH,0,1.0
1788420037.979,5192.4,2136.8,72.0,83.9,86.6,83.6,85.8,778.9,783.8,778.8,785.5,4.84,63.1,12.2,3.0,41.7,0.73,14.09,4.0,LANE_A,20000.0,-22.0,93.0,CRUISE_LOITER,LADAKH,0,1.0
1788420038.479,5191.6,2136.5,72.0,83.9,86.7,83.2,86.2,780.2,784.3,780.4,783.6,4.83,63.2,12.1,3.0,41.9,0.73,14.09,4.1,LANE_A,20000.0,-22.0,93.0,CRUISE_LOITER,LADAKH,0,1.0
1788420038.996,5196.2,2138.4,72.0,83.5,86.6,83.5,86.0,778.6,786.2,780.5,784.7,4.77,62.9,12.1,3.0,41.6,0.73,14.09,4.0,LANE_A,20000.0,-22.0,93.0,CRUISE_LOITER,LADAKH,0,1.0
1788420039.5,5195.1,2137.9,72.0,83.5,86.7,83.5,86.2,778.4,782.7,779.8,783.7,4.84,62.6,12.2,3.0,41.7,0.73,14.08,4.1,LANE_A,20000.0,-22.0,93.0,CRUISE_LOITER,LADAKH,0,1.0
1788420040.008,5179.7,2131.6,72.0,83.8,86.5,83.3,85.8,781.3,780.7,779.0,783.3,4.85,62.9,12.1,3.0,41.8,0.71,14.13,3.8,LANE_A,20000.0,-22.0,93.0,CRUISE_LOITER,LADAKH,0,1.0
1788420040.517,5177.0,2130.4,72.0,83.6,86.3,83.4,85.6,779.5,783.8,781.7,786.0,4.82,62.7,12.1,3.0,41.8,0.74,14.09,4.1,LANE_A,20000.0,-22.0,93.0,CRUISE_LOITER,LADAKH,0,1.0
1788420041.024,5176.4,2130.2,72.0,84.0,86.3,83.3,85.5,777.6,782.4,781.5,784.2,4.84,62.8,12.2,3.0,41.5,0.72,14.07,3.9,LANE_A,20000.0,-22.0,93.0,CRUISE_LOITER,LADAKH,0,1.0
1788420041.531,5189.1,2135.4,72.0,83.7,86.2,83.2,85.9,777.9,783.4,781.4,781.4,4.86,62.8,12.2,3.0,41.5,0.72,14.08,4.0,LANE_A,20000.0,-22.0,92.9,CRUISE_LOITER,LADAKH,0,1.0
1788420042.038,5178.3,2131.0,72.0,83.6,86.3,83.7,85.7,778.5,784.6,781.9,784.2,4.77,62.8,12.2,3.0,41.5,0.72,14.06,3.9,LANE_A,20000.0,-22.0,92.9,CRUISE_LOITER,LADAKH,0,1.0
1788420042.546,5196.3,2138.4,72.0,83.8,86.3,83.3,86.1,779.9,783.0,778.8,783.3,4.84,63.1,12.1,3.0,41.6,0.72,14.14,4.0,LANE_A,20000.0,-22.0,92.9,CRUISE_LOITER,LADAKH,0,1.0
1788420043.044,5209.3,2143.8,72.0,83.8,86.2,83.2,86.0,778.4,784.1,779.2,782.7,4.82,62.7,12.0,3.0,41.5,0.72,14.1,4.1,LANE_A,20000.0,-22.0,92.9,CRUISE_LOITER,LADAKH,0,1.0
1788420043.563,5190.9,2136.2,72.0,83.5,86.3,82.8,85.6,779.9,783.1,781.0,783.1,4.87,62.8,12.2,3.0,41.9,0.75,14.11,4.1,LANE_A,20000.0,-22.0,92.9,CRUISE_LOITER,LADAKH,0,1.0
1788420044.07,5183.9,2133.3,72.0,83.4,86.1,83.0,85.6,779.0,783.2,781.9,784.4,4.83,62.5,12.2,3.0,41.6,0.72,14.07,4.0,LANE_A,20000.0,-22.0,92.9,CRUISE_LOITER,LADAKH,0,1.0
1788420044.568,5166.5,2126.1,72.0,83.9,86.5,83.3,85.6,779.8,783.4,781.3,782.8,4.9,62.6,12.2,3.0,41.5,0.75,14.05,4.0,LANE_A,20000.0,-22.0,92.9,CRUISE_LOITER,LADAKH,0,1.0
1788420045.074,5180.6,2131.9,72.0,83.9,86.2,83.3,85.6,779.4,785.1,779.7,782.7,4.86,62.8,12.0,3.0,41.8,0.76,14.1,4.2,LANE_A,20000.0,-22.0,92.9,CRUISE_LOITER,LADAKH,0,1.0
1788420045.594,5172.1,2128.4,72.0,84.1,86.4,83.2,85.6,779.7,784.3,781.1,782.6,4.84,62.6,12.1,3.0,41.7,0.71,14.13,4.0,LANE_A,20000.0,-22.0,92.9,CRUISE_LOITER,LADAKH,0,1.0
1788420046.103,5197.3,2138.8,72.0,83.6,86.2,82.9,85.6,779.0,783.4,779.8,782.6,4.82,62.8,11.9,3.0,41.4,0.73,14.1,4.0,LANE_A,20000.0,-22.0,92.9,CRUISE_LOITER,LADAKH,0,1.0
1788420046.61,5191.4,2136.4,72.0,83.5,85.9,83.1,85.2,777.6,782.9,781.0,783.8,4.88,62.8,12.1,3.0,41.4,0.72,14.11,3.9,LANE_A,20000.0,-22.0,92.8,CRUISE_LOITER,LADAKH,0,1.0
1788420047.119,5175.6,2129.9,72.0,83.6,85.9,83.3,85.5,779.9,781.1,779.0,784.3,4.92,62.5,12.1,3.0,41.6,0.73,14.07,4.1,LANE_A,20000.0,-22.0,92.8,CRUISE_LOITER,LADAKH,0,1.0
1788420047.625,5191.3,2136.3,72.0,83.9,86.3,83.1,85.5,779.2,784.8,778.8,781.4,4.8,62.7,12.1,3.0,41.6,0.75,14.11,4.0,LANE_A,20000.0,-22.0,92.8,CRUISE_LOITER,LADAKH,0,1.0
1788420048.122,5161.4,2124.0,72.0,83.8,86.3,83.2,85.7,779.8,783.3,780.8,781.4,4.88,62.7,12.0,3.0,41.7,0.74,14.13,4.0,LANE_A,20000.0,-22.0,92.8,CRUISE_LOITER,LADAKH,0,1.0
1788420048.638,5191.1,2136.2,72.0,83.6,86.3,82.8,85.6,781.0,780.5,783.2,783.5,4.89,62.7,12.2,3.0,41.6,0.7,14.11,4.0,LANE_A,20000.0,-22.0,92.8,CRUISE_LOITER,LADAKH,0,1.0
1788420049.148,5210.9,2144.4,72.0,83.7,86.4,82.7,85.6,780.4,783.1,778.5,782.3,4.85,62.8,12.1,3.0,41.6,0.72,14.09,4.0,LANE_A,20000.0,-22.0,92.8,CRUISE_LOITER,LADAKH,0,1.0
1788420049.657,5178.0,2130.9,72.0,83.7,86.0,83.2,85.7,778.9,781.0,780.7,784.2,4.84,62.9,12.1,3.0,41.6,0.72,14.1,4.2,LANE_A,20000.0,-22.0,92.8,CRUISE_LOITER,LADAKH,0,1.0
1788420050.169,5204.7,2141.9,72.0,83.4,86.0,83.2,85.6,778.8,783.0,780.1,784.3,4.89,62.8,12.0,3.0,41.4,0.72,14.12,4.1,LANE_A,20000.0,-22.0,92.7,CRUISE_LOITER,LADAKH,0,1.0
1788420050.741,5191.0,2136.2,72.0,83.3,86.1,83.0,85.6,777.0,781.0,781.4,783.0,4.88,62.5,12.2,3.0,41.4,0.73,14.08,4.1,LANE_A,20000.0,-22.0,92.7,CRUISE_LOITER,LADAKH,0,1.0
1788420051.243,5190.9,2136.2,72.0,83.8,85.9,83.0,85.5,779.3,784.6,779.5,784.2,4.82,62.8,12.0,3.0,41.5,0.72,14.08,4.2,LANE_A,20000.0,-22.0,92.7,CRUISE_LOITER,LADAKH,0,1.0
1788420051.757,5193.6,2137.3,72.0,83.7,86.3,83.1,85.3,777.7,782.5,778.8,782.6,4.86,62.8,12.2,3.0,41.5,0.75,14.09,4.1,LANE_A,20000.0,-22.0,92.7,CRUISE_LOITER,LADAKH,0,1.0
1788420052.265,5183.5,2133.1,72.0,83.8,86.3,83.1,85.9,779.1,781.5,779.5,783.1,4.89,62.7,11.9,3.0,41.5,0.72,14.13,4.1,LANE_A,20000.0,-22.0,92.7,CRUISE_LOITER,LADAKH,0,1.0
1788420052.772,5188.9,2135.4,72.0,83.3,85.9,83.2,86.0,779.4,784.8,782.6,783.3,4.81,62.6,12.0,3.0,41.4,0.72,14.1,4.0,LANE_A,20000.0,-22.0,92.7,CRUISE_LOITER,LADAKH,0,1.0
1788420053.277,5206.3,2142.5,72.0,83.4,85.6,83.0,85.4,779.1,783.4,781.1,783.6,4.86,62.6,12.0,3.0,41.6,0.74,14.09,4.1,LANE_A,20000.0,-22.0,92.6,CRUISE_LOITER,LADAKH,0,1.0
1788420053.786,5176.3,2130.1,72.0,83.5,85.7,83.1,85.4,779.9,782.5,780.0,783.9,4.87,62.8,12.2,3.0,41.5,0.72,14.1,4.1,LANE_A,20000.0,-22.0,92.6,CRUISE_LOITER,LADAKH,0,1.0
1788420054.29,5187.5,2134.8,72.0,83.5,85.8,83.1,85.6,777.4,781.7,779.8,784.1,4.78,62.6,12.0,3.0,41.3,0.72,14.12,3.9,LANE_A,20000.0,-22.0,92.6,CRUISE_LOITER,LADAKH,0,1.0
1788420054.798,5207.7,2143.1,72.0,83.6,86.1,83.0,85.2,778.1,781.6,781.4,783.8,4.82,62.5,12.0,3.0,41.3,0.74,14.12,4.0,LANE_A,20000.0,-22.0,92.6,CRUISE_LOITER,LADAKH,0,1.0
1788420055.304,5178.8,2131.2,72.0,83.4,86.0,82.9,85.7,778.8,783.4,780.6,784.2,4.85,62.7,12.0,3.0,41.5,0.72,14.11,3.8,LANE_A,20000.0,-22.0,92.6,CRUISE_LOITER,LADAKH,0,1.0
1788420055.814,5191.8,2136.6,72.0,83.3,86.5,82.6,85.2,780.8,783.6,781.4,783.1,4.88,62.6,11.9,3.0,41.3,0.73,14.1,4.1,LANE_A,20000.0,-22.0,92.5,CRUISE_LOITER,LADAKH,0,1.0
1788420056.306,5194.3,2137.6,72.0,83.7,86.0,82.9,85.7,776.6,786.2,780.8,783.2,4.85,62.4,12.1,3.0,41.4,0.72,14.1,4.0,LANE_A,20000.0,-22.0,92.5,CRUISE_LOITER,LADAKH,0,1.0
1788420056.827,5193.5,2137.2,72.0,83.5,85.8,82.5,85.4,778.8,784.2,781.5,781.7,4.82,62.6,12.1,3.0,41.5,0.72,14.12,4.2,LANE_A,20000.0,-22.0,92.5,CRUISE_LOITER,LADAKH,0,1.0
1788420057.336,5168.8,2127.1,72.0,83.3,85.8,82.7,85.3,779.8,783.0,781.2,782.0,4.82,62.6,12.1,3.0,41.4,0.74,14.1,4.1,LANE_A,20000.0,-22.0,92.5,CRUISE_LOITER,LADAKH,0,1.0
1788420057.834,5167.4,2126.5,72.0,83.3,85.8,83.0,85.5,778.5,784.9,781.5,782.4,4.83,62.1,11.9,3.0,41.5,0.7,14.1,4.2,LANE_A,20000.0,-22.0,92.5,CRUISE_LOITER,LADAKH,0,1.0
1788420058.352,5194.4,2137.6,72.0,83.3,85.8,82.6,85.2,778.6,780.7,780.7,784.4,4.82,62.3,12.1,3.0,41.5,0.72,14.1,3.8,LANE_A,20000.0,-22.0,92.4,CRUISE_LOITER,LADAKH,0,1.0
1788420058.86,5178.7,2131.2,72.0,83.2,85.7,82.9,85.4,777.9,782.6,778.9,782.4,4.88,62.4,12.1,3.0,41.3,0.74,14.11,3.7,LANE_A,20000.0,-22.0,92.4,CRUISE_LOITER,LADAKH,0,1.0
1788420059.369,5196.1,2138.3,72.0,83.4,86.0,82.7,85.2,779.0,785.0,776.8,784.4,4.85,62.2,12.1,3.0,41.3,0.73,14.1,3.9,LANE_A,20000.0,-22.0,92.4,CRUISE_LOITER,LADAKH,0,1.0
1788420059.865,5199.2,2139.6,72.0,83.3,85.9,83.0,85.3,777.6,783.3,779.9,783.5,4.86,62.3,12.1,3.0,41.4,0.71,14.12,4.0,LANE_A,20000.0,-22.0,92.4,CRUISE_LOITER,LADAKH,0,1.0
1788420060.386,5188.3,2135.1,72.0,83.2,85.8,82.6,85.1,778.0,782.9,778.9,782.7,4.82,62.5,12.1,3.0,41.3,0.73,14.11,4.0,LANE_A,20000.0,-22.0,92.3,CRUISE_LOITER,LADAKH,0,1.0
1788420060.894,5190.6,2136.0,72.0,83.4,85.6,82.5,85.4,777.0,782.9,780.5,783.5,4.81,62.3,12.1,3.0,41.1,0.74,14.11,4.0,LANE_A,20000.0,-22.0,92.3,CRUISE_LOITER,LADAKH,0,1.0
1788420061.398,5189.2,2135.5,72.0,83.0,85.9,82.9,85.2,780.1,783.9,778.8,782.9,4.84,62.4,12.0,3.0,41.4,0.74,14.11,4.0,LANE_A,20000.0,-22.0,92.3,CRUISE_LOITER,LADAKH,0,1.0
1788420061.897,5187.4,2134.7,72.0,83.2,86.1,82.7,85.0,777.9,784.1,778.4,784.3,4.83,62.2,12.0,3.0,41.2,0.73,14.11,4.2,LANE_A,20000.0,-22.0,92.3,CRUISE_LOITER,LADAKH,0,1.0
1788420062.414,5171.1,2128.0,72.0,83.0,85.8,82.7,85.3,779.4,786.5,780.5,782.7,4.79,62.1,12.0,3.0,41.3,0.7,14.08,3.9,LANE_A,20000.0,-22.0,92.2,CRUISE_LOITER,LADAKH,0,1.0
1788420062.921,5168.1,2126.8,72.0,83.5,85.7,82.8,85.3,777.6,782.2,779.1,782.5,4.91,62.4,11.9,3.0,41.1,0.72,14.07,4.0,LANE_A,20000.0,-22.0,92.2,CRUISE_LOITER,LADAKH,0,1.0
1788420063.433,5205.2,2142.1,72.0,83.3,85.8,82.7,85.2,777.4,784.9,780.9,782.5,4.81,62.3,12.0,3.0,41.1,0.74,14.11,4.1,LANE_A,20000.0,-22.0,92.2,CRUISE_LOITER,LADAKH,0,1.0
1788420063.937,5190.6,2136.0,72.0,83.0,85.8,82.5,85.0,779.2,783.5,780.8,783.6,4.81,62.4,12.1,3.0,41.3,0.72,14.09,4.1,LANE_A,20000.0,-22.0,92.2,CRUISE_LOITER,LADAKH,0,1.0
1788420064.447,5203.3,2141.3,72.0,83.3,85.6,82.5,85.5,776.5,783.5,780.8,784.0,4.89,62.6,12.1,3.0,41.4,0.75,14.1,3.9,LANE_A,20000.0,-22.0,92.1,CRUISE_LOITER,LADAKH,0,1.0
1788420064.956,5205.2,2142.1,72.0,83.3,85.8,82.7,84.8,777.2,786.5,778.8,784.1,4.82,62.4,12.1,3.0,41.3,0.72,14.1,4.0,LANE_A,20000.0,-22.0,92.1,CRUISE_LOITER,LADAKH,0,1.0
1788420065.462,5217.4,2147.1,72.0,83.3,85.5,83.1,85.7,778.0,783.8,778.7,783.5,4.9,62.1,12.1,3.0,41.3,0.73,14.08,3.8,LANE_A,20000.0,-22.0,92.1,CRUISE_LOITER,LADAKH,0,1.0
1788420065.971,5177.1,2130.5,72.0,83.0,85.4,82.3,85.5,776.5,783.8,781.1,782.3,4.85,62.5,12.1,3.0,41.1,0.74,14.12,4.1,LANE_A,20000.0,-22.0,92.0,CRUISE_LOITER,LADAKH,0,1.0
1788420066.479,5186.7,2134.4,72.0,83.1,85.6,82.5,85.5,779.5,782.2,781.6,781.5,4.91,62.2,12.0,3.0,41.1,0.7,14.09,4.0,LANE_A,20000.0,-22.0,92.0,CRUISE_LOITER,LADAKH,0,1.0
1788420066.987,5188.6,2135.2,72.0,83.1,85.5,82.4,85.5,777.3,782.9,779.8,783.5,4.84,62.3,12.0,3.0,41.1,0.69,14.1,4.1,LANE_A,20000.0,-22.0,92.0,CRUISE_LOITER,LADAKH,0,1.0
1788420067.495,5182.2,2132.6,72.0,83.3,85.6,82.6,85.2,781.1,782.2,779.5,784.5,4.84,62.0,11.9,3.0,41.1,0.74,14.08,4.0,LANE_A,20000.0,-22.0,92.0,CRUISE_LOITER,LADAKH,0,1.0
1788420067.995,5172.5,2128.6,72.0,83.1,85.8,82.8,85.0,778.6,785.6,781.4,783.8,4.83,62.0,12.0,3.0,41.0,0.73,14.07,3.8,LANE_A,20000.0,-22.0,91.9,CRUISE_LOITER,LADAKH,0,1.0
1788420068.513,5212.4,2145.0,72.0,83.2,85.5,82.5,84.8,777.8,782.7,781.5,782.3,4.85,62.0,12.0,3.0,41.1,0.73,14.14,4.1,LANE_A,20000.0,-22.0,91.9,CRUISE_LOITER,LADAKH,0,1.0
1788420069.021,5178.6,2131.1,72.0,83.2,85.7,82.7,85.1,778.5,783.1,778.2,783.5,4.8,62.2,12.2,3.0,41.2,0.72,14.11,4.1,LANE_A,20000.0,-22.0,91.9,CRUISE_LOITER,LADAKH,0,1.0
1788420069.528,5212.0,2144.9,72.0,83.1,85.3,82.5,85.3,778.6,783.6,779.2,784.0,4.84,62.0,12.0,3.0,41.1,0.72,14.09,4.0,LANE_A,20000.0,-22.0,91.8,CRUISE_LOITER,LADAKH,0,1.0
1788420070.029,5221.5,2148.8,72.0,83.2,85.5,82.6,84.9,776.5,784.6,779.3,783.0,4.85,62.0,11.9,3.0,41.2,0.73,14.11,4.0,LANE_A,20000.0,-22.0,91.8,CRUISE_LOITER,LADAKH,0,1.0
1788420070.545,5191.6,2136.5,72.0,83.0,85.3,82.7,85.0,779.4,784.0,779.7,782.8,4.84,62.3,11.9,3.0,41.2,0.75,14.1,4.0,LANE_A,20000.0,-22.0,91.8,CRUISE_LOITER,LADAKH,0,1.0
1788420071.154,5194.9,2137.8,72.0,83.2,85.6,82.3,84.6,778.3,785.7,778.1,782.8,4.87,62.1,11.9,3.0,41.0,0.73,14.09,4.0,LANE_A,20000.0,-22.0,91.7,CRUISE_LOITER,LADAKH,0,1.0
1788420071.663,5174.7,2129.5,72.0,83.1,85.5,82.8,84.9,780.4,783.5,779.2,783.6,4.84,61.8,12.0,3.0,41.1,0.74,14.08,4.0,LANE_A,20000.0,-22.0,91.7,CRUISE_LOITER,LADAKH,0,1.0
1788420072.394,5196.9,2138.6,72.0,83.2,85.5,82.2,84.9,777.9,783.7,779.0,782.1,4.8,61.6,11.9,3.0,41.1,0.72,14.14,4.1,LANE_A,20000.0,-22.0,91.7,CRUISE_LOITER,LADAKH,0,1.0
1788420072.902,5188.2,2135.1,72.0,82.9,85.6,82.6,85.3,777.9,783.3,781.6,781.0,4.88,61.9,12.1,3.0,41.1,0.72,14.14,4.0,LANE_A,20000.0,-22.0,91.6,CRUISE_LOITER,LADAKH,0,1.0
1788420073.41,5182.6,2132.7,72.0,82.8,85.5,82.2,84.9,777.0,784.0,779.3,783.3,4.84,62.0,12.0,3.0,40.8,0.7,14.12,4.0,LANE_A,20000.0,-22.0,91.6,CRUISE_LOITER,LADAKH,0,1.0
1788420073.919,5196.8,2138.6,72.0,83.0,85.4,82.4,84.9,779.7,782.4,782.1,783.3,4.86,61.9,12.0,3.0,41.1,0.73,14.12,3.8,LANE_A,20000.0,-22.0,91.6,CRUISE_LOITER,LADAKH,0,1.0
1788420074.415,5198.6,2139.4,72.0,82.9,85.5,82.3,85.0,779.0,782.6,779.2,782.7,4.91,62.2,11.8,3.0,41.0,0.7,14.12,4.0,LANE_A,20000.0,-22.0,91.5,CRUISE_LOITER,LADAKH,0,1.0
1788420074.933,5193.6,2137.3,72.0,82.8,85.8,82.6,85.1,777.8,783.1,778.7,784.9,4.83,62.0,11.9,3.0,41.2,0.74,14.1,3.9,LANE_A,20000.0,-22.0,91.5,CRUISE_LOITER,LADAKH,0,1.0
1788420075.43,5187.0,2134.6,72.0,82.9,85.7,82.4,84.9,777.1,783.0,778.0,780.8,4.9,62.0,11.8,3.0,40.9,0.69,14.06,4.1,LANE_A,20000.0,-22.0,91.5,CRUISE_LOITER,LADAKH,0,1.0
1788420075.936,5192.2,2136.7,72.0,83.3,85.4,82.7,85.1,777.8,782.5,778.6,782.7,4.86,61.8,11.9,3.0,40.8,0.73,14.09,4.0,LANE_A,20000.0,-22.0,91.4,CRUISE_LOITER,LADAKH,0,1.0
1788420076.444,5194.2,2137.5,72.0,82.8,85.5,82.2,85.0,778.8,783.2,779.9,781.5,4.89,61.5,12.0,3.0,40.9,0.72,14.08,4.2,LANE_A,20000.0,-22.0,91.4,CRUISE_LOITER,LADAKH,0,1.0
1788420076.962,5197.4,2138.8,72.0,83.0,85.4,82.5,84.9,779.1,781.4,778.0,784.1,4.79,62.2,11.9,3.0,41.2,0.71,14.11,4.1,LANE_A,20000.0,-22.0,91.3,CRUISE_LOITER,LADAKH,0,1.0
1788420077.468,5177.0,2130.5,72.0,82.9,86.0,82.4,84.9,778.3,783.1,778.6,783.6,4.9,62.1,11.9,3.0,41.0,0.72,14.1,3.9,LANE_A,20000.0,-22.0,91.3,CRUISE_LOITER,LADAKH,0,1.0
1788420077.98,5186.7,2134.4,72.0,82.9,85.2,82.7,85.1,780.2,785.3,776.7,781.6,4.83,61.9,11.9,3.0,41.0,0.73,14.11,3.9,LANE_A,20000.0,-22.0,91.3,CRUISE_LOITER,LADAKH,0,1.0
1788420078.486,5193.7,2137.3,72.0,82.9,85.5,82.5,84.8,779.0,783.6,781.4,783.6,4.93,62.1,11.9,3.0,41.1,0.73,14.09,4.0,LANE_A,20000.0,-22.0,91.2,CRUISE_LOITER,LADAKH,0,1.0
1788420078.994,5185.7,2134.1,72.0,82.9,85.5,82.6,84.9,776.8,782.1,781.1,784.4,4.85,61.8,11.8,3.0,40.7,0.74,14.09,4.2,LANE_A,20000.0,-22.0,91.2,CRUISE_LOITER,LADAKH,0,1.0
1788420079.497,5191.0,2136.2,72.0,82.8,85.4,82.3,84.8,777.1,782.7,779.5,782.7,4.87,61.9,11.9,3.0,40.9,0.71,14.12,4.1,LANE_A,20000.0,-22.0,91.2,CRUISE_LOITER,LADAKH,0,1.0
1788420080.006,5180.9,2132.0,72.0,82.9,85.1,82.3,85.0,778.6,782.9,779.8,783.6,4.86,61.7,11.9,3.0,40.9,0.73,14.1,4.0,LANE_A,20000.0,-22.0,91.1,CRUISE_LOITER,LADAKH,0,1.0
1788420080.516,5186.6,2134.4,72.0,82.7,85.3,82.6,85.0,777.5,783.6,779.0,784.4,4.83,61.8,11.9,3.0,40.9,0.73,14.09,4.0,LANE_A,20000.0,-22.0,91.1,CRUISE_LOITER,LADAKH,0,1.0
1788420081.026,5176.1,2130.1,72.0,82.8,85.7,82.7,84.9,777.7,782.0,779.8,781.8,4.84,61.9,11.9,3.0,40.9,0.75,14.11,4.0,LANE_A,20000.0,-22.0,91.0,CRUISE_LOITER,LADAKH,0,1.0
1788420081.533,5181.9,2132.4,72.0,82.5,85.7,82.4,84.8,777.5,783.7,778.5,782.3,4.85,61.6,11.9,3.0,40.9,0.74,14.08,4.2,LANE_A,20000.0,-22.0,91.0,CRUISE_LOITER,LADAKH,0,1.0
1788420082.032,5191.3,2136.3,72.0,82.8,85.2,82.5,84.8,778.4,784.4,778.9,784.4,4.8,61.9,11.8,3.0,40.9,0.75,14.05,4.1,LANE_A,20000.0,-22.0,91.0,CRUISE_LOITER,LADAKH,0,1.0
1788420082.542,5188.3,2135.1,72.0,83.0,85.4,82.8,85.3,776.3,782.2,781.1,782.7,4.86,61.8,12.0,3.0,40.9,0.72,14.1,4.0,LANE_A,20000.0,-22.0,90.9,CRUISE_LOITER,LADAKH,0,1.0
1788420083.047,5182.7,2132.8,72.0,82.7,85.0,82.4,84.8,777.3,782.4,779.0,781.4,4.88,62.1,11.9,3.0,40.9,0.71,14.15,4.0,LANE_A,20000.0,-22.0,90.9,CRUISE_LOITER,LADAKH,0,1.0
1788420083.566,5189.3,2135.5,72.0,82.8,85.4,82.2,84.9,776.1,782.2,779.1,783.4,4.84,61.8,11.9,3.0,40.7,0.75,14.09,4.0,LANE_A,20000.0,-22.0,90.8,CRUISE_LOITER,LADAKH,0,1.0
1788420084.076,5203.8,2141.5,72.0,83.1,85.3,82.0,84.7,776.2,783.7,780.5,782.0,4.81,61.8,11.8,3.0,40.7,0.73,14.11,4.2,LANE_A,20000.0,-22.0,90.8,CRUISE_LOITER,LADAKH,0,1.0
1788420084.587,5190.8,2136.1,72.0,82.8,85.5,82.7,84.7,776.8,780.8,780.1,783.0,4.84,61.9,12.0,3.0,41.0,0.75,14.1,4.0,LANE_A,20000.0,-22.0,90.7,CRUISE_LOITER,LADAKH,0,1.0
1788420085.094,5177.7,2130.8,72.0,82.7,85.4,82.3,84.7,777.2,782.8,779.0,782.5,4.83,61.8,11.8,3.0,40.7,0.74,14.1,3.9,LANE_A,20000.0,-22.0,90.7,CRUISE_LOITER,LADAKH,0,1.0
1788420085.597,5203.8,2141.5,72.0,82.9,85.5,82.3,84.8,777.5,785.5,780.3,783.2,4.83,61.9,11.9,3.0,40.7,0.74,14.12,4.0,LANE_A,20000.0,-22.0,90.7,CRUISE_LOITER,LADAKH,0,1.0
1788420086.106,5162.9,2124.7,72.0,82.7,85.3,82.1,84.9,776.0,784.1,780.9,782.2,4.85,61.8,11.9,3.0,40.6,0.73,14.12,4.0,LANE_A,20000.0,-22.0,90.6,CRUISE_LOITER,LADAKH,0,1.0
1788420086.615,5184.5,2133.5,72.0,82.4,85.4,82.4,84.7,778.4,781.4,780.3,784.5,4.93,62.2,11.9,3.0,40.9,0.69,14.08,4.0,LANE_A,20000.0,-22.0,90.6,CRUISE_LOITER,LADAKH,0,1.0
1788420087.12,5208.5,2143.4,72.0,83.2,85.2,82.5,84.5,777.3,781.0,781.0,784.5,4.86,61.8,11.8,3.0,40.9,0.73,14.09,4.0,LANE_A,20000.0,-22.0,90.5,CRUISE_LOITER,LADAKH,0,1.0
1788420087.626,5196.2,2138.4,72.0,82.9,85.0,82.2,85.0,776.9,784.7,781.3,782.2,4.89,61.9,11.9,3.0,40.6,0.73,14.09,4.1,LANE_A,20000.0,-22.0,90.5,CRUISE_LOITER,LADAKH,0,1.0
1788420088.135,5184.7,2133.6,72.0,82.5,85.4,82.3,84.8,777.2,785.5,779.1,785.6,4.8,61.5,11.8,3.0,40.6,0.73,14.08,4.2,LANE_A,20000.0,-22.0,90.4,CRUISE_LOITER,LADAKH,0,1.0
1788420088.644,5196.2,2138.4,72.0,82.7,85.5,82.3,84.7,780.6,782.9,780.5,783.7,4.84,61.5,11.9,3.0,40.7,0.71,14.12,4.0,LANE_A,20000.0,-22.0,90.4,CRUISE_LOITER,LADAKH,0,1.0
1788420089.155,5166.6,2126.2,72.0,82.8,85.3,82.3,85.1,780.0,782.5,779.0,783.5,4.86,61.8,11.8,3.0,40.5,0.74,14.09,4.1,LANE_A,20000.0,-22.0,90.4,CRUISE_LOITER,LADAKH,0,1.0
1788420089.661,5205.2,2142.0,72.0,82.7,85.2,82.6,84.7,777.8,782.6,780.3,784.1,4.86,61.9,11.9,3.0,40.7,0.7,14.09,4.0,LANE_A,20000.0,-22.0,90.3,CRUISE_LOITER,LADAKH,0,1.0
1788420090.156,5194.8,2137.8,72.0,82.4,85.1,82.5,84.4,776.6,783.5,779.9,784.4,4.86,62.0,11.9,3.0,40.6,0.71,14.1,4.0,LANE_A,20000.0,-22.0,90.3,CRUISE_LOITER,LADAKH,0,1.0
1788420090.786,5180.3,2131.8,72.0,82.8,85.2,82.3,84.5,776.6,781.9,776.6,785.3,4.83,61.8,11.9,3.0,40.9,0.74,14.1,4.0,LANE_A,20000.0,-22.0,90.2,CRUISE_LOITER,LADAKH,0,1.0
1788420091.283,5193.8,2137.4,72.0,82.5,85.0,82.1,84.7,776.9,781.6,781.1,782.4,4.88,61.6,11.8,3.0,40.6,0.72,14.12,4.1,LANE_A,20000.0,-22.0,90.2,CRUISE_LOITER,LADAKH,0,1.0
1788420091.792,5188.9,2135.3,72.0,82.8,85.3,82.5,84.6,778.6,782.2,778.0,781.5,4.87,61.6,11.8,3.0,40.8,0.73,14.1,3.9,LANE_A,20000.0,-22.0,90.1,CRUISE_LOITER,LADAKH,0,1.0
1788420092.311,5181.4,2132.3,72.0,83.0,85.3,82.2,84.9,779.8,782.8,778.8,783.1,4.84,61.7,11.9,3.0,40.6,0.71,14.11,4.1,LANE_A,20000.0,-22.0,90.1,CRUISE_LOITER,LADAKH,0,1.0
1788420092.819,5185.2,2133.8,72.0,82.5,85.2,82.3,84.7,777.5,783.5,779.5,782.9,4.85,61.6,11.8,3.0,40.6,0.75,14.12,4.1,LANE_A,20000.0,-22.0,90.0,CRUISE_LOITER,LADAKH,0,1.0
1788420093.326,5181.6,2132.3,72.0,82.8,85.2,82.0,84.9,779.4,784.1,779.4,783.5,4.86,61.8,12.0,3.0,40.7,0.76,14.12,3.8,LANE_A,20000.0,-22.0,90.0,CRUISE_LOITER,LADAKH,0,1.0
1788420093.82,5207.2,2142.9,72.0,82.8,85.4,82.2,84.8,777.7,782.7,780.0,781.9,4.84,61.5,11.9,3.0,40.5,0.74,14.09,4.1,LANE_A,20000.0,-22.0,90.0,CRUISE_LOITER,LADAKH,0,1.0
1788420094.339,5197.5,2138.9,72.0,82.9,85.1,82.3,84.9,777.2,784.3,780.6,783.4,4.81,61.6,11.9,3.0,40.7,0.74,14.11,4.0,LANE_A,20000.0,-22.0,89.9,CRUISE_LOITER,LADAKH,0,1.0
1788420094.851,5192.0,2136.6,72.0,82.8,85.0,82.4,84.7,777.7,781.4,779.3,781.1,4.83,61.5,11.8,3.0,40.8,0.7,14.1,3.8,LANE_A,20000.0,-22.0,89.9,CRUISE_LOITER,LADAKH,0,1.0
1788420095.346,5204.9,2142.0,72.0,82.6,85.0,82.1,84.6,776.0,783.9,779.9,781.7,4.87,61.8,11.9,3.0,40.7,0.72,14.11,4.1,LANE_A,20000.0,-22.0,89.8,CRUISE_LOITER,LADAKH,0,1.0
1788420095.862,5192.2,2136.7,72.0,82.7,85.1,82.2,84.7,779.4,781.8,781.2,783.2,4.87,61.5,11.7,3.0,40.7,0.73,14.11,4.0,LANE_A,20000.0,-22.0,89.8,CRUISE_LOITER,LADAKH,0,1.0
1788420096.362,5190.6,2136.1,72.0,82.8,85.3,81.9,84.5,775.0,784.4,779.2,783.0,4.84,61.5,11.8,3.0,40.4,0.74,14.09,3.9,LANE_A,20000.0,-22.0,89.7,CRUISE_LOITER,LADAKH,0,1.0
1788420096.882,5199.4,2139.7,72.0,82.5,85.2,82.3,84.6,777.7,782.3,779.9,783.6,4.89,61.5,11.8,3.0,40.5,0.72,14.12,4.0,LANE_A,20000.0,-22.0,89.7,CRUISE_LOITER,LADAKH,0,1.0
1788420097.386,5173.6,2129.0,72.0,82.7,85.3,82.1,84.7,778.6,782.7,779.2,783.7,4.85,61.6,11.9,3.0,40.5,0.71,14.08,4.0,LANE_A,20000.0,-22.0,89.6,CRUISE_LOITER,LADAKH,0,1.0
1788420097.884,5166.9,2126.3,72.0,82.8,85.2,82.0,84.5,776.9,784.2,777.3,781.5,4.85,61.7,11.8,3.0,40.4,0.7,14.07,4.1,LANE_A,20000.0,-22.0,89.6,CRUISE_LOITER,LADAKH,0,1.0
1788420098.401,5171.2,2128.1,72.0,82.5,85.0,82.1,84.5,779.0,781.4,780.2,783.6,4.84,61.9,11.8,3.0,40.7,0.72,14.11,4.0,LANE_A,20000.0,-22.0,89.5,CRUISE_LOITER,LADAKH,0,1.0
1788420098.911,5196.5,2138.5,72.0,82.6,85.5,82.4,84.9,778.5,784.2,777.2,781.9,4.84,61.6,11.8,3.0,40.4,0.71,14.13,3.8,LANE_A,20000.0,-22.0,89.5,CRUISE_LOITER,LADAKH,0,1.0
1788420099.423,5197.7,2139.0,72.0,82.8,84.9,81.8,84.8,780.4,782.0,779.8,782.5,4.91,61.5,11.8,3.0,40.5,0.73,14.11,3.9,LANE_A,20000.0,-22.0,89.4,CRUISE_LOITER,LADAKH,0,1.0
1788420099.927,5202.7,2141.0,72.0,82.3,85.2,82.3,84.5,777.0,781.6,782.0,782.6,4.83,61.6,11.8,3.0,40.5,0.75,14.1,4.1,LANE_A,20000.0,-22.0,89.4,CRUISE_LOITER,LADAKH,0,1.0
1788420100.432,5188.8,2135.3,72.0,82.8,84.8,82.1,84.4,776.4,783.2,778.7,782.4,4.85,61.3,11.8,3.0,40.4,0.73,14.09,4.1,LANE_A,20000.0,-22.0,89.3,CRUISE_LOITER,LADAKH,0,1.0
1788420100.938,5160.2,2123.5,72.0,82.7,85.0,82.3,84.5,778.1,781.3,778.5,784.9,4.79,61.4,11.7,3.0,40.5,0.74,14.09,4.0,LANE_A,20000.0,-22.0,89.3,CRUISE_LOITER,LADAKH,0,1.0
1788420101.446,5182.7,2132.8,72.0,82.7,85.2,82.1,84.8,777.2,783.1,779.2,783.3,4.86,61.6,11.8,3.0,40.4,0.72,14.11,3.9,LANE_A,20000.0,-22.0,89.2,CRUISE_LOITER,LADAKH,0,1.0
1788420101.946,5172.0,2128.4,72.0,82.5,85.2,81.8,84.6,778.4,783.2,778.9,782.7,4.83,61.3,11.9,3.0,40.4,0.72,14.14,4.0,LANE_A,20000.0,-22.0,89.2,CRUISE_LOITER,LADAKH,0,1.0
1788420102.467,5185.1,2133.8,72.0,82.6,84.6,82.0,84.4,775.6,784.6,779.5,781.0,4.88,61.3,11.7,3.0,40.3,0.7,14.1,4.0,LANE_A,20000.0,-22.0,89.1,CRUISE_LOITER,LADAKH,0,1.0
1788420102.973,5193.0,2137.0,72.0,82.5,85.2,82.1,84.9,777.4,781.5,780.0,781.8,4.82,61.6,11.7,3.0,40.6,0.73,14.08,4.1,LANE_A,20000.0,-22.0,89.1,CRUISE_LOITER,LADAKH,0,1.0
1788420103.479,5188.4,2135.1,72.0,82.8,85.1,82.2,84.1,776.7,784.2,779.1,781.5,4.89,61.4,11.8,3.0,40.6,0.71,14.08,3.9,LANE_A,20000.0,-22.0,89.1,CRUISE_LOITER,LADAKH,0,1.0
1788420103.99,5193.8,2137.4,72.0,82.6,84.9,82.1,84.4,777.6,782.8,781.1,781.8,4.85,61.2,11.8,3.0,40.3,0.72,14.09,3.9,LANE_A,20000.0,-22.0,89.0,CRUISE_LOITER,LADAKH,0,1.0
1788420104.495,5176.5,2130.3,72.0,82.4,85.1,82.3,84.6,778.5,781.6,777.0,784.8,4.87,61.5,11.7,3.0,40.4,0.73,14.07,4.0,LANE_A,20000.0,-22.0,89.0,CRUISE_LOITER,LADAKH,0,1.0
1788420105.005,5183.3,2133.0,72.0,82.4,84.9,82.1,84.5,778.8,783.4,780.6,783.1,4.86,61.3,11.8,3.0,40.5,0.73,14.12,4.0,LANE_A,20000.0,-22.0,88.9,CRUISE_LOITER,LADAKH,0,1.0
1788420105.512,5164.2,2125.2,72.0,82.6,85.0,82.4,84.5,779.7,781.4,782.1,781.1,4.87,61.7,11.7,3.0,40.4,0.72,14.1,4.0,LANE_A,20000.0,-22.0,88.9,CRUISE_LOITER,LADAKH,0,1.0
1788420106.014,5158.7,2122.9,72.0,82.4,84.9,81.8,84.7,779.3,783.0,777.9,781.8,4.85,61.5,11.8,3.0,40.3,0.72,14.14,4.0,LANE_A,20000.0,-22.0,88.8,CRUISE_LOITER,LADAKH,0,1.0
1788420106.533,5177.6,2130.7,72.0,82.9,84.9,82.1,84.4,778.8,782.5,778.9,783.0,4.89,61.4,11.7,3.0,40.4,0.74,14.08,4.1,LANE_A,20000.0,-22.0,88.8,CRUISE_LOITER,LADAKH,0,1.0
1788420107.038,5182.7,2132.8,72.0,82.3,84.8,82.0,84.5,778.9,782.9,780.4,784.5,4.87,61.7,11.7,3.0,40.2,0.72,14.11,3.9,LANE_A,20000.0,-22.0,88.7,CRUISE_LOITER,LADAKH,0,1.0
1788420107.537,5194.6,2137.7,72.0,82.4,85.2,81.9,84.5,777.2,783.2,780.7,782.8,4.89,61.4,11.7,3.0,40.2,0.72,14.11,4.1,LANE_A,20000.0,-22.0,88.7,CRUISE_LOITER,LADAKH,0,1.0
1788420108.054,5170.4,2127.7,72.0,82.6,84.9,81.7,84.6,776.7,782.4,779.7,783.8,4.91,61.4,11.8,3.0,40.5,0.72,14.09,4.1,LANE_A,20000.0,-22.0,88.6,CRUISE_LOITER,LADAKH,0,1.0
1788420108.564,5183.7,2133.2,72.0,82.9,85.0,81.9,84.7,777.2,782.0,779.9,783.5,4.88,61.5,11.7,3.0,40.2,0.71,14.08,3.8,LANE_A,20000.0,-22.0,88.6,CRUISE_LOITER,LADAKH,0,1.0
1788420109.08,5179.7,2131.6,72.0,82.5,85.2,81.7,84.5,776.8,784.4,781.5,783.4,4.85,61.3,11.6,3.0,40.5,0.73,14.1,3.9,LANE_A,20000.0,-22.0,88.5,CRUISE_LOITER,LADAKH,0,1.0
1788420109.589,5177.4,2130.6,72.0,82.4,84.7,82.2,84.5,777.0,783.6,780.8,783.4,4.91,61.7,11.8,3.0,40.2,0.73,14.13,3.8,LANE_A,20000.0,-22.0,88.5,CRUISE_LOITER,LADAKH,0,1.0
1788420110.096,5181.2,2132.2,72.0,82.3,85.0,82.1,84.7,775.9,782.0,779.9,782.2,4.92,61.3,11.6,3.0,40.1,0.71,14.06,3.9,LANE_A,20000.0,-22.0,88.4,CRUISE_LOITER,LADAKH,0,1.0
1788420110.752,5190.4,2136.0,72.0,82.7,84.6,81.9,84.6,777.5,781.7,779.9,780.7,4.83,61.2,11.7,3.0,40.3,0.74,14.09,4.0,LANE_A,20000.0,-22.0,88.4,CRUISE_LOITER,LADAKH,0,1.0
1788420111.233,5180.8,2132.0,72.0,82.3,85.0,81.9,84.3,777.6,783.7,778.5,782.3,4.85,61.4,11.5,3.1,40.4,0.72,14.06,4.2,LANE_A,20000.0,-22.0,88.3,CRUISE_LOITER,LADAKH,0,1.0
1788420111.748,5190.7,2136.1,72.0,82.3,85.1,82.2,84.5,777.9,782.9,778.7,779.7,4.92,61.2,11.6,3.0,40.1,0.73,14.11,4.0,LANE_A,20000.0,-22.0,88.3,CRUISE_LOITER,LADAKH,0,1.0
1788420112.259,5171.2,2128.1,72.0,82.4,84.9,81.9,84.1,779.5,781.3,780.1,783.9,4.88,61.6,11.7,3.0,40.4,0.72,14.08,4.0,LANE_A,20000.0,-22.0,88.2,CRUISE_LOITER,LADAKH,0,1.0
1788420112.766,5178.3,2131.0,72.0,82.3,84.8,81.9,84.2,778.4,781.2,779.6,782.3,4.87,61.3,11.6,3.0,40.2,0.74,14.09,3.8,LANE_A,20000.0,-22.0,88.2,CRUISE_LOITER,LADAKH,0,1.0
1788420113.273,5177.7,2130.8,72.0,82.7,85.2,81.9,84.3,777.2,784.6,780.2,782.2,4.83,61.4,11.6,3.0,40.2,0.71,14.12,3.9,LANE_A,20000.0,-22.0,88.1,CRUISE_LOITER,LADAKH,0,1.0
1788420113.781,5165.7,2125.8,72.0,82.7,85.1,81.9,84.8,777.5,780.9,780.4,781.6,4.8,61.5,11.7,3.0,40.1,0.74,14.09,3.9,LANE_A,20000.0,-22.0,88.1,CRUISE_LOITER,LADAKH,0,1.0
1788420114.29,5181.6,2132.4,72.0,82.0,85.0,82.1,84.0,777.9,783.7,780.3,782.4,4.9,61.3,11.7,3.0,40.2,0.73,14.12,3.7,LANE_A,20000.0,-22.0,88.0,CRUISE_LOITER,LADAKH,0,1.0
1788420114.8,5174.6,2129.5,72.0,82.2,85.0,81.9,84.3,779.3,782.6,780.3,784.0,4.88,61.6,11.7,3.0,40.3,0.74,14.1,4.0,LANE_A,20000.0,-22.0,88.0,CRUISE_LOITER,LADAKH,0,1.0
1788420115.306,5172.3,2128.5,72.0,82.5,84.7,81.7,84.5,778.0,782.4,780.0,782.5,4.87,61.2,11.8,3.0,40.2,0.73,14.13,4.0,LANE_A,20000.0,-22.0,87.9,CRUISE_LOITER,LADAKH,0,1.0
1788420115.817,5183.4,2133.1,72.0,82.2,85.0,82.0,84.2,777.6,782.5,779.7,782.0,4.88,61.2,11.7,3.0,40.1,0.75,14.11,4.0,LANE_A,20000.0,-22.0,87.9,CRUISE_LOITER,LADAKH,0,1.0
1788420116.323,5185.8,2134.1,72.0,82.3,84.8,81.5,84.4,777.6,784.8,780.2,782.8,4.87,61.2,11.7,3.0,40.2,0.73,14.09,4.0,LANE_A,20000.0,-22.0,87.8,CRUISE_LOITER,LADAKH,0,1.0
1788420116.829,5191.9,2136.6,72.0,82.1,84.9,82.0,84.4,777.7,784.1,778.5,782.2,4.85,61.5,11.6,3.0,40.3,0.76,14.1,4.0,LANE_A,20000.0,-22.0,87.8,CRUISE_LOITER,LADAKH,0,1.0
1788420117.325,5170.3,2127.7,72.0,82.4,85.0,81.9,84.4,777.6,782.9,781.0,782.6,4.83,61.4,11.7,3.0,40.3,0.72,14.12,4.0,LANE_A,20000.0,-22.0,87.7,CRUISE_LOITER,LADAKH,0,1.0
1788420117.841,5179.3,2131.4,72.0,82.5,85.0,81.9,84.1,776.8,784.0,780.0,781.5,4.85,61.4,11.7,3.0,39.9,0.72,14.1,3.9,LANE_A,20000.0,-22.0,87.7,CRUISE_LOITER,LADAKH,0,1.0
1788420118.345,5191.3,2136.3,72.0,82.2,85.2,81.6,84.5,777.0,781.8,777.1,783.3,4.9,61.3,11.6,3.0,40.1,0.7,14.1,3.9,LANE_A,20000.0,-22.0,87.6,CRUISE_LOITER,LADAKH,0,1.0
1788420118.853,5171.4,2128.2,72.0,82.4,84.6,81.9,84.3,778.3,783.3,780.0,783.2,4.84,61.0,11.6,3.0,40.1,0.72,14.09,4.1,LANE_A,20000.0,-22.0,87.6,CRUISE_LOITER,LADAKH,0,1.0
1788420119.36,5166.9,2126.3,72.0,82.2,85.3,81.8,84.6,779.0,784.5,780.9,782.3,4.86,61.4,11.6,3.0,40.4,0.71,14.1,3.8,LANE_A,20000.0,-22.0,87.5,CRUISE_LOITER,LADAKH,0,1.0
1788420119.867,5179.0,2131.3,72.0,82.4,84.9,82.0,84.4,776.9,781.8,778.3,783.0,4.87,61.2,11.5,3.0,40.0,0.73,14.12,4.0,LANE_A,20000.0,-22.0,87.5,CRUISE_LOITER,LADAKH,0,1.0
1788420120.374,5195.5,2138.1,72.0,82.4,85.0,81.8,84.3,776.9,782.7,780.0,782.7,4.87,61.2,11.7,3.0,40.3,0.73,14.1,4.1,LANE_A,20000.0,-22.0,87.4,CRUISE_LOITER,LADAKH,0,1.0
1788420120.883,5167.6,2126.6,72.0,82.6,84.9,81.8,84.6,777.6,780.7,778.9,783.8,4.88,61.3,11.8,3.0,40.2,0.72,14.1,4.1,LANE_A,20000.0,-22.0,87.4,CRUISE_LOITER,LADAKH,0,1.0
1788420121.379,5187.9,2134.9,72.0,82.2,84.5,81.7,84.5,779.1,781.2,781.9,784.7,4.9,61.3,11.7,3.0,40.1,0.75,14.13,3.8,LANE_A,20000.0,-22.0,87.3,CRUISE_LOITER,LADAKH,0,1.0
1788420121.897,5177.0,2130.4,72.0,81.8,84.8,81.8,84.7,777.8,780.1,780.0,782.1,4.88,61.4,11.7,3.0,40.0,0.75,14.13,4.2,LANE_A,20000.0,-22.0,87.3,CRUISE_LOITER,LADAKH,0,1.0
1788420122.404,5161.8,2124.2,72.0,82.0,84.9,82.0,84.1,777.9,783.1,781.3,779.5,4.83,61.1,11.8,3.0,40.0,0.71,14.09,4.0,LANE_A,20000.0,-22.0,87.2,CRUISE_LOITER,LADAKH,0,1.0
1788420122.913,5165.2,2125.6,72.0,82.4,84.7,81.9,84.5,776.7,781.6,778.4,782.0,4.85,61.0,11.6,3.0,40.1,0.74,14.14,4.0,LANE_A,20000.0,-22.0,87.2,CRUISE_LOITER,LADAKH,0,1.0
1788420123.422,5169.3,2127.3,72.0,82.4,84.6,82.0,84.4,778.4,782.0,779.3,783.6,4.84,61.4,11.8,3.0,40.4,0.75,14.11,4.1,LANE_A,20000.0,-22.0,87.1,CRUISE_LOITER,LADAKH,0,1.0
1788420123.93,5194.3,2137.6,72.0,82.2,84.9,81.9,84.5,774.9,781.4,780.1,784.5,4.89,61.3,11.7,3.0,40.0,0.73,14.08,4.0,LANE_A,20000.0,-22.0,87.1,CRUISE_LOITER,LADAKH,0,1.0
1788420124.439,5148.9,2118.9,72.0,82.4,84.9,82.0,84.5,776.8,780.0,779.2,783.5,4.79,61.2,11.7,3.0,40.0,0.73,14.09,3.9,LANE_A,20000.0,-22.0,87.0,CRUISE_LOITER,LADAKH,0,1.0
1788420124.945,5179.2,2131.4,72.0,82.3,84.9,81.7,84.2,778.8,782.0,779.5,783.3,4.86,61.2,11.6,3.0,40.1,0.72,14.11,4.1,LANE_A,20000.0,-22.0,87.0,CRUISE_LOITER,LADAKH,0,1.0
1788420125.454,5177.0,2130.5,72.0,81.9,84.6,81.5,83.9,780.3,782.7,781.3,782.8,4.86,61.2,11.6,3.0,40.0,0.75,14.08,3.8,LANE_A,20000.0,-22.0,86.9,CRUISE_LOITER,LADAKH,0,1.0
1788420125.948,5173.5,2129.0,72.0,82.4,84.6,81.8,84.3,776.5,783.4,781.2,782.7,4.88,61.3,11.6,3.0,40.2,0.72,14.11,4.0,LANE_A,20000.0,-22.0,86.9,CRUISE_LOITER,LADAKH,0,1.0
1788420126.468,5177.2,2130.6,72.0,82.3,84.7,81.9,84.4,779.0,779.6,779.5,782.3,4.83,61.2,11.6,3.0,40.2,0.73,14.1,4.0,LANE_A,20000.0,-22.0,86.8,CRUISE_LOITER,LADAKH,0,1.0
1788420126.968,5161.2,2123.9,72.0,82.4,84.6,81.9,84.2,776.6,783.7,779.9,783.2,4.89,61.2,11.6,3.0,40.1,0.73,14.13,4.0,LANE_A,20000.0,-22.0,86.8,CRUISE_LOITER,LADAKH,0,1.0
1788420127.483,5187.5,2134.8,72.0,82.3,84.7,81.8,84.4,776.3,783.2,783.3,780.5,4.88,61.1,11.7,3.0,39.8,0.71,14.1,4.2,LANE_A,20000.0,-22.0,86.7,CRUISE_LOITER,LADAKH,0,1.0
1788420127.991,5170.3,2127.7,72.0,81.8,84.7,81.7,84.5,779.2,781.5,779.5,782.4,4.9,61.1,11.5,3.0,40.0,0.71,14.09,4.2,LANE_A,20000.0,-22.0,86.7,CRUISE_LOITER,LADAKH,0,1.0
1788420128.501,5174.8,2129.5,72.0,82.3,84.8,81.8,84.2,776.6,782.1,780.1,781.3,4.8,61.4,11.6,3.0,40.1,0.73,14.09,3.9,LANE_A,20000.0,-22.0,86.6,CRUISE_LOITER,LADAKH,0,1.0
1788420129.009,5155.2,2121.5,72.0,82.2,84.5,81.8,84.2,777.7,782.9,779.1,784.1,4.88,61.2,11.6,3.0,39.9,0.73,14.1,4.1,LANE_A,20000.0,-22.0,86.6,CRUISE_LOITER,LADAKH,0,1.0
1788420129.519,5187.0,2134.6,72.0,82.3,84.8,81.8,84.0,776.8,781.9,781.9,783.4,4.85,61.0,11.7,3.0,40.0,0.71,14.08,4.0,LANE_A,20000.0,-22.0,86.5,CRUISE_LOITER,LADAKH,0,1.0
1788420130.029,5164.1,2125.1,72.0,82.3,84.6,81.7,84.5,777.4,781.8,780.5,782.7,4.84,61.3,11.6,3.0,39.8,0.72,14.07,4.1,LANE_A,20000.0,-22.0,86.5,CRUISE_LOITER,LADAKH,0,1.0
1788420130.532,5169.5,2127.3,72.0,82.3,84.9,82.1,84.3,777.3,782.9,779.0,780.0,4.87,61.0,11.7,3.0,39.9,0.73,14.05,3.9,LANE_A,20000.0,-22.0,86.4,CRUISE_LOITER,LADAKH,0,1.0
1788420131.181,5129.2,2110.8,72.0,82.1,85.1,81.6,84.3,777.9,782.7,779.4,781.6,4.81,61.1,11.6,3.0,40.0,0.73,14.11,4.0,LANE_A,20000.0,-22.0,86.4,CRUISE_LOITER,LADAKH,0,1.0
1788420131.69,5192.7,2136.9,72.0,82.2,84.6,81.8,84.1,777.1,780.7,779.7,782.1,4.88,61.2,11.6,3.0,39.8,0.73,14.11,4.0,LANE_A,20000.0,-22.0,86.3,CRUISE_LOITER,LADAKH,0,1.0
1788420132.186,5157.9,2122.6,72.0,82.2,84.8,81.7,84.1,778.0,782.0,778.6,782.9,4.83,61.1,11.6,3.0,39.7,0.72,14.13,3.9,LANE_A,20000.0,-22.0,86.3,CRUISE_LOITER,LADAKH,0,1.0
1788420132.705,5171.3,2128.1,72.0,82.3,84.5,81.7,84.2,778.3,783.2,779.3,783.5,4.84,61.3,11.8,3.0,39.9,0.73,14.11,4.0,LANE_A,20000.0,-22.0,86.2,CRUISE_LOITER,LADAKH,0,1.0
1788420133.204,5149.9,2119.3,72.0,82.2,84.5,81.6,84.2,778.5,784.2,780.7,782.5,4.82,61.2,11.7,3.0,40.2,0.71,14.11,3.9,LANE_A,20000.0,-22.0,86.2,CRUISE_LOITER,LADAKH,0,1.0
1788420133.713,5165.3,2125.6,72.0,82.5,85.0,81.8,84.3,778.3,781.6,779.8,783.6,4.85,61.1,11.6,3.0,40.0,0.73,14.11,3.8,LANE_A,20000.0,-22.0,86.2,CRUISE_LOITER,LADAKH,0,1.0
1788420134.234,5172.7,2128.7,72.0,81.9,84.7,81.8,83.9,777.3,781.4,779.8,781.9,4.85,60.8,11.5,3.0,39.9,0.71,14.09,4.0,LANE_A,20000.0,-22.0,86.1,CRUISE_LOITER,LADAKH,0,1.0
1788420134.729,5203.2,2141.2,72.0,82.4,84.7,81.4,83.9,776.3,782.8,780.9,781.9,4.84,61.4,11.6,3.0,39.8,0.7,14.09,3.9,LANE_A,20000.0,-22.0,86.1,CRUISE_LOITER,LADAKH,0,1.0
1788420135.249,5158.4,2122.8,72.0,82.2,85.0,81.8,84.3,777.7,781.8,779.5,781.3,4.9,61.3,11.6,3.0,39.8,0.71,14.08,4.2,LANE_A,20000.0,-22.0,86.0,CRUISE_LOITER,LADAKH,0,1.0
1788420135.757,5164.5,2125.3,72.0,82.3,84.5,81.5,84.2,779.2,782.4,781.1,782.8,4.84,61.0,11.6,3.0,39.8,0.73,14.09,3.9,LANE_A,20000.0,-22.0,86.0,CRUISE_LOITER,LADAKH,0,1.0
1788420136.266,5173.2,2128.9,72.0,82.4,84.8,81.7,84.1,776.9,784.8,780.4,783.4,4.87,60.7,11.6,3.0,39.7,0.73,14.12,3.9,LANE_A,20000.0,-22.0,85.9,CRUISE_LOITER,LADAKH,0,1.0
1788420136.773,5177.6,2130.7,72.0,82.2,84.6,81.7,84.3,778.3,783.5,779.9,783.5,4.89,61.0,11.6,3.0,39.8,0.69,14.13,3.9,LANE_A,20000.0,-22.0,85.9,CRUISE_LOITER,LADAKH,0,1.0
1788420137.281,5182.3,2132.6,72.0,82.2,84.4,81.7,83.8,778.5,781.2,777.3,782.8,4.89,60.9,11.6,3.0,39.8,0.74,14.12,4.0,LANE_A,20000.0,-22.0,85.8,CRUISE_LOITER,LADAKH,0,1.0
1788420137.79,5163.7,2125.0,72.0,82.3,84.8,81.6,84.0,778.4,782.5,780.3,781.5,4.93,61.1,11.5,3.0,39.8,0.72,14.07,4.0,LANE_A,20000.0,-22.0,85.8,CRUISE_LOITER,LADAKH,0,1.0
1788420138.298,5177.9,2130.8,72.0,82.2,84.5,81.6,84.1,778.0,783.9,779.1,780.5,4.89,60.8,11.6,3.0,39.8,0.71,14.13,3.9,LANE_A,20000.0,-22.0,85.7,CRUISE_LOITER,LADAKH,0,1.0
1788420138.809,5161.9,2124.2,72.0,82.0,84.5,81.6,84.0,776.5,782.4,777.9,782.7,4.89,60.9,11.7,3.0,39.7,0.73,14.11,3.8,LANE_A,20000.0,-22.0,85.7,CRUISE_LOITER,LADAKH,0,1.0
1788420139.303,5168.3,2126.9,72.0,81.9,84.3,81.6,84.1,776.7,783.9,780.1,782.6,4.94,61.1,11.6,3.0,39.8,0.71,14.1,4.0,LANE_A,20000.0,-22.0,85.7,CRUISE_LOITER,LADAKH,0,1.0
1788420139.824,5183.6,2133.2,72.0,82.2,84.6,81.6,83.9,778.8,781.1,780.0,781.3,4.87,60.9,11.6,3.0,39.9,0.73,14.09,4.0,LANE_A,20000.0,-22.0,85.6,CRUISE_LOITER,LADAKH,0,1.0
1788420140.333,5179.0,2131.3,72.0,82.2,84.5,81.7,84.0,778.5,782.5,777.8,783.2,4.89,61.2,11.6,3.0,39.7,0.73,14.12,4.0,LANE_A,20000.0,-22.0,85.6,CRUISE_LOITER,LADAKH,0,1.0
1788420140.838,5142.2,2116.1,72.0,82.2,84.6,81.9,84.1,777.3,781.9,778.7,781.8,4.89,60.9,11.5,3.0,39.9,0.72,14.07,4.1,LANE_A,20000.0,-22.0,85.5,CRUISE_LOITER,LADAKH,0,1.0
1788420141.349,5168.2,2126.8,72.0,82.2,84.4,81.7,84.3,778.0,781.2,781.4,783.5,4.94,61.1,11.6,3.0,39.7,0.75,14.11,4.1,LANE_A,20000.0,-22.0,85.5,CRUISE_LOITER,LADAKH,0,1.0
1788420141.855,5158.2,2122.7,72.0,82.3,84.5,81.6,84.2,777.4,781.8,777.4,781.8,4.89,61.1,11.6,3.0,39.8,0.7,14.1,3.7,LANE_A,20000.0,-22.0,85.4,CRUISE_LOITER,LADAKH,0,1.0
1788420142.364,5163.4,2124.8,72.0,82.1,84.8,81.8,84.1,777.7,784.2,780.9,783.2,4.9,60.8,11.6,3.0,39.7,0.74,14.1,4.0,LANE_A,20000.0,-22.0,85.4,CRUISE_LOITER,LADAKH,0,1.0
1788420142.868,5176.5,2130.2,72.0,82.0,84.3,81.5,84.0,775.8,782.5,780.5,783.9,4.85,61.2,11.6,3.0,39.7,0.71,14.11,4.0,LANE_A,20000.0,-22.0,85.4,CRUISE_LOITER,LADAKH,0,1.0
1788420143.379,5141.4,2115.8,72.0,82.0,84.5,81.6,84.0,776.9,782.3,779.6,783.4,4.84,60.8,11.5,3.0,39.5,0.73,14.14,4.1,LANE_A,20000.0,-22.0,85.3,CRUISE_LOITER,LADAKH,0,1.0
1788420143.875,5145.0,2117.3,72.0,81.9,84.7,81.6,83.8,775.9,783.2,778.9,783.8,4.95,61.3,11.5,3.0,39.8,0.71,14.07,4.0,LANE_A,20000.0,-22.0,85.3,CRUISE_LOITER,LADAKH,0,1.0
1788420144.395,5165.9,2125.9,72.0,82.3,84.4,81.9,84.2,778.1,781.7,779.8,783.5,4.86,61.0,11.6,3.0,39.9,0.74,14.08,3.9,LANE_A,20000.0,-22.0,85.2,CRUISE_LOITER,LADAKH,0,1.0
1788420144.903,5172.2,2128.5,72.0,81.8,84.9,81.8,84.2,776.9,784.6,781.1,782.4,4.87,61.0,11.5,3.0,39.7,0.69,14.07,4.0,LANE_A,20000.0,-22.0,85.2,CRUISE_LOITER,LADAKH,0,1.0
1788420145.408,5163.7,2125.0,72.0,81.9,84.7,81.6,83.7,776.5,781.2,779.8,783.1,4.87,60.8,11.7,3.0,39.7,0.73,14.09,4.2,LANE_A,20000.0,-22.0,85.1,CRUISE_LOITER,LADAKH,0,1.0
1788420145.907,5138.1,2114.5,72.0,82.0,84.4,81.8,84.2,779.6,783.8,780.8,782.3,4.8,61.1,11.5,3.0,39.6,0.74,14.14,4.0,LANE_A,20000.0,-22.0,85.1,CRUISE_LOITER,LADAKH,0,1.0
1788420146.428,5159.1,2123.1,72.0,82.0,84.8,81.7,83.8,777.4,782.6,779.3,782.5,4.88,60.9,11.5,3.0,39.8,0.7,14.13,4.0,LANE_A,20000.0,-22.0,85.1,CRUISE_LOITER,LADAKH,0,1.0
1788420146.936,5176.4,2130.2,72.0,82.2,84.8,81.4,84.3,777.9,785.0,780.8,781.8,4.84,60.8,11.6,3.0,39.6,0.74,14.12,3.9,LANE_A,20000.0,-22.0,85.0,CRUISE_LOITER,LADAKH,0,1.0
1788420147.442,5138.9,2114.8,72.0,82.2,84.5,81.5,83.9,777.9,780.9,778.9,784.2,4.83,60.8,11.4,3.0,39.8,0.72,14.11,3.9,LANE_A,20000.0,-22.0,85.0,CRUISE_LOITER,LADAKH,0,1.0
1788420147.951,5168.6,2127.0,72.0,82.0,84.8,81.6,83.9,777.3,783.4,780.2,781.8,4.88,61.1,11.4,3.0,39.7,0.73,14.12,4.0,LANE_A,20000.0,-22.0,84.9,CRUISE_LOITER,LADAKH,0,1.0
1788420148.445,5170.2,2127.7,72.0,82.0,84.5,81.6,84.0,778.1,783.0,779.8,783.2,4.88,60.9,11.4,3.0,39.8,0.72,14.08,4.1,LANE_A,20000.0,-22.0,84.9,CRUISE_LOITER,LADAKH,0,1.0
1788420148.966,5170.2,2127.6,72.0,81.9,84.2,81.8,83.8,779.0,781.0,779.0,783.9,4.83,61.1,11.5,3.0,39.6,0.72,14.09,4.0,LANE_A,20000.0,-22.0,84.9,CRUISE_LOITER,LADAKH,0,1.0
1788420149.474,5168.4,2126.9,72.0,81.9,84.4,81.5,84.1,774.9,783.1,778.9,783.9,4.86,60.9,11.5,3.0,39.6,0.73,14.11,4.2,LANE_A,20000.0,-22.0,84.8,CRUISE_LOITER,LADAKH,0,1.0
1788420149.983,5156.2,2121.9,72.0,82.1,84.7,81.7,84.2,778.3,786.5,780.5,782.2,4.87,61.0,11.5,3.0,39.8,0.71,14.11,4.1,LANE_A,20000.0,-22.0,84.8,CRUISE_LOITER,LADAKH,0,1.0
1788420150.49,5149.5,2119.1,72.0,81.6,84.5,81.4,83.8,777.7,781.9,778.7,781.6,4.91,60.6,11.5,3.0,39.5,0.7,14.12,4.0,LANE_A,20000.0,-22.0,84.7,CRUISE_LOITER,LADAKH,0,1.0
1788420151.15,5153.8,2120.9,72.0,81.8,84.6,81.3,84.2,778.5,782.2,780.2,782.4,4.84,60.6,11.5,3.0,39.7,0.73,14.12,3.9,LANE_A,20000.0,-22.0,84.7,CRUISE_LOITER,LADAKH,0,1.0
1788420151.652,5150.0,2119.4,72.0,81.9,84.3,81.3,83.4,778.1,784.0,779.2,783.8,4.88,60.8,11.4,3.0,39.5,0.71,14.11,4.2,LANE_A,20000.0,-22.0,84.7,CRUISE_LOITER,LADAKH,0,1.0
1788420152.166,5155.3,2121.5,72.0,81.8,84.4,81.3,83.8,776.4,782.3,780.7,782.9,4.89,61.0,11.5,3.0,39.7,0.7,14.1,4.0,LANE_A,20000.0,-22.0,84.6,CRUISE_LOITER,LADAKH,0,1.0
1788420152.675,5168.3,2126.9,72.0,82.0,84.6,81.5,84.0,777.0,780.0,780.2,782.8,4.88,60.5,11.6,3.0,39.8,0.73,14.1,4.0,LANE_A,20000.0,-22.0,84.6,CRUISE_LOITER,LADAKH,0,1.0
1788420153.184,5190.1,2135.8,72.0,82.0,84.5,81.7,83.5,779.1,782.7,779.8,783.0,4.91,60.7,11.5,3.0,39.4,0.69,14.12,4.1,LANE_A,20000.0,-22.0,84.6,CRUISE_LOITER,LADAKH,0,1.0
1788420153.69,5133.1,2112.4,72.0,82.0,84.4,81.3,84.0,777.3,781.2,779.6,781.1,4.87,60.7,11.5,3.0,39.9,0.73,14.11,4.1,LANE_A,20000.0,-22.0,84.5,CRUISE_LOITER,LADAKH,0,1.0
1788420154.2,5151.4,2119.9,72.0,81.9,84.6,81.2,84.1,776.8,782.9,781.2,781.8,4.86,60.7,11.5,3.0,39.5,0.74,14.07,3.9,LANE_A,20000.0,-22.0,84.5,CRUISE_LOITER,LADAKH,0,1.0
1788420154.703,5151.9,2120.1,72.0,81.9,84.5,81.7,84.0,777.1,781.9,778.5,782.1,4.87,61.0,11.5,3.0,39.7,0.71,14.06,4.0,LANE_A,20000.0,-22.0,84.5,CRUISE_LOITER,LADAKH,0,1.0
1788420155.213,5155.9,2121.8,72.0,82.0,84.4,81.3,84.0,776.8,781.2,780.1,784.1,4.88,60.9,11.4,3.0,39.6,0.72,14.1,4.0,LANE_A,20000.0,-22.0,84.4,CRUISE_LOITER,LADAKH,0,1.0
1788420155.721,5151.9,2120.1,72.0,81.7,84.4,81.4,83.5,778.8,782.1,780.7,782.9,4.84,60.8,11.6,3.0,39.7,0.74,14.11,3.8,LANE_A,20000.0,-22.0,84.4,CRUISE_LOITER,LADAKH,0,1.0
1788420156.23,5153.8,2120.9,72.0,82.1,84.5,81.1,83.7,775.8,784.0,778.7,783.9,4.89,60.9,11.4,3.0,39.8,0.72,14.05,4.0,LANE_A,20000.0,-22.0,84.3,CRUISE_LOITER,LADAKH,0,1.0
1788420156.735,5166.9,2126.3,72.0,81.9,84.2,81.7,83.9,775.7,782.6,779.3,781.2,4.88,61.0,11.4,3.0,39.5,0.72,14.14,3.9,LANE_A,20000.0,-22.0,84.3,CRUISE_LOITER,LADAKH,0,1.0
1788420157.242,5150.4,2119.5,72.0,81.9,84.2,81.4,84.0,778.7,781.5,778.1,782.9,4.84,60.7,11.5,3.0,39.5,0.72,14.07,4.0,LANE_A,20000.0,-22.0,84.3,CRUISE_LOITER,LADAKH,0,1.0
1788420157.751,5164.2,2125.2,72.0,81.9,84.1,81.3,83.9,776.5,782.4,781.6,782.9,4.86,60.7,11.6,3.0,39.4,0.69,14.1,4.0,LANE_A,20000.0,-22.0,84.2,CRUISE_LOITER,LADAKH,0,1.0
1788420158.262,5176.1,2130.1,72.0,82.3,84.4,81.2,84.2,776.6,784.0,778.2,783.5,4.87,60.8,11.6,3.0,39.6,0.7,14.08,4.1,LANE_A,20000.0,-22.0,84.2,CRUISE_LOITER,LADAKH,0,1.0
1788420158.769,5158.4,2122.8,72.0,81.8,84.5,81.3,84.0,775.4,782.7,779.4,783.9,4.84,60.9,11.5,3.0,39.3,0.71,14.1,4.0,LANE_A,20000.0,-22.0,84.2,CRUISE_LOITER,LADAKH,0,1.0
1788420159.276,5165.1,2125.5,72.0,82.2,84.5,81.3,84.0,779.0,781.1,781.2,783.0,4.87,60.6,11.4,3.0,39.6,0.73,14.09,4.0,LANE_A,20000.0,-22.0,84.2,CRUISE_LOITER,LADAKH,0,1.0
1788420159.785,5146.8,2118.0,72.0,81.8,84.5,81.2,84.1,777.8,782.9,779.0,784.4,4.84,60.6,11.5,3.0,39.6,0.72,14.13,4.0,LANE_A,20000.0,-22.0,84.1,CRUISE_LOITER,LADAKH,0,1.0
1788420160.284,5157.8,2122.5,72.0,81.6,84.2,81.3,83.7,777.6,783.4,779.8,781.0,4.86,60.5,11.4,3.0,39.5,0.69,14.15,4.0,LANE_A,20000.0,-22.0,84.1,CRUISE_LOITER,LADAKH,0,1.0
1788420160.8,5150.2,2119.4,72.0,81.3,84.3,81.4,84.0,777.0,782.8,779.5,783.9,4.83,60.8,11.5,3.0,39.4,0.73,14.11,4.1,LANE_A,20000.0,-22.0,84.1,CRUISE_LOITER,LADAKH,0,1.0
1788420161.312,5144.0,2116.9,72.0,82.1,84.7,81.0,83.6,777.4,782.8,782.6,782.0,4.87,60.9,11.5,3.0,39.5,0.71,14.09,4.0,LANE_A,20000.0,-22.0,84.0,CRUISE_LOITER,LADAKH,0,1.0
1788420161.818,5164.0,2125.1,72.0,82.0,84.5,81.3,83.7,776.8,784.2,780.3,782.1,4.85,60.8,11.4,3.0,39.5,0.71,14.11,4.0,LANE_A,20000.0,-22.0,84.0,CRUISE_LOITER,LADAKH,0,1.0
1788420162.325,5163.8,2125.0,72.0,81.9,84.5,81.2,83.6,776.7,780.6,780.7,783.3,4.88,60.4,11.3,3.0,39.5,0.7,14.12,4.0,LANE_A,20000.0,-22.0,84.0,CRUISE_LOITER,LADAKH,0,1.0
1788420162.836,5147.8,2118.4,72.0,81.6,84.0,81.2,84.2,776.1,780.7,780.8,781.1,4.88,60.7,11.4,3.0,39.4,0.74,14.08,4.2,LANE_A,20000.0,-22.0,83.9,CRUISE_LOITER,LADAKH,0,1.0
1788420163.344,5126.0,2109.5,72.0,81.7,84.5,81.3,83.7,779.3,785.4,779.0,782.4,4.85,60.6,11.4,3.0,39.4,0.73,14.11,4.0,LANE_A,20000.0,-22.0,83.9,CRUISE_LOITER,LADAKH,0,1.0
1788420163.841,5163.2,2124.8,72.0,81.8,84.3,81.3,83.7,778.8,781.6,782.1,782.4,4.83,60.8,11.4,3.0,39.5,0.74,14.1,4.0,LANE_A,20000.0,-22.0,83.9,CRUISE_LOITER,LADAKH,0,1.0
1788420164.358,5151.1,2119.8,72.0,81.7,84.5,81.3,84.1,778.9,782.4,780.1,782.5,4.9,60.8,11.6,3.0,39.6,0.7,14.09,4.1,LANE_A,20000.0,-22.0,83.9,CRUISE_LOITER,LADAKH,0,1.0
1788420164.867,5159.6,2123.3,72.0,81.5,84.4,81.5,83.6,776.8,782.7,780.1,782.6,4.81,60.6,11.2,3.0,39.6,0.73,14.15,3.9,LANE_A,20000.0,-22.0,83.8,CRUISE_LOITER,LADAKH,0,1.0
1788420165.374,5146.7,2118.0,72.0,81.8,84.1,81.4,83.8,776.6,785.1,780.7,783.7,4.89,60.6,11.4,3.0,39.5,0.71,14.08,4.0,LANE_A,20000.0,-22.0,83.8,CRUISE_LOITER,LADAKH,0,1.0
1788420165.881,5147.5,2118.3,72.0,81.4,84.0,81.3,83.7,776.4,783.4,781.2,783.7,4.89,60.5,11.5,3.0,39.5,0.69,14.09,3.9,LANE_A,20000.0,-22.0,83.8,CRUISE_LOITER,LADAKH,0,1.0
1788420166.386,5162.9,2124.6,72.0,81.2,84.4,81.2,83.9,778.2,785.8,780.7,784.7,4.87,60.4,11.4,3.0,39.6,0.71,14.12,4.1,LANE_A,20000.0,-22.0,83.7,CRUISE_LOITER,LADAKH,0,1.0
1788420166.893,5160.4,2123.6,72.0,81.7,84.2,80.9,83.6,778.5,785.1,781.3,782.5,4.88,60.7,11.5,3.0,39.2,0.73,14.1,4.0,LANE_A,20000.0,-22.0,83.7,CRUISE_LOITER,LADAKH,0,1.0
1788420167.391,5152.9,2120.5,72.0,81.6,84.6,80.7,83.9,777.5,784.2,782.0,783.2,4.87,60.7,11.4,3.0,39.4,0.74,14.1,4.0,LANE_A,20000.0,-22.0,83.7,CRUISE_LOITER,LADAKH,0,1.0
1788420167.908,5145.5,2117.5,72.0,81.7,84.4,81.3,84.1,776.4,781.8,780.4,782.8,4.85,60.8,11.5,3.0,39.4,0.7,14.07,3.9,LANE_A,20000.0,-22.0,83.7,CRUISE_LOITER,LADAKH,0,1.0
1788420168.404,5119.8,2106.9,72.0,81.6,84.4,81.1,83.6,777.0,782.4,778.4,783.2,4.85,60.4,11.5,3.0,39.5,0.72,14.11,4.0,LANE_A,20000.0,-22.0,83.6,CRUISE_LOITER,LADAKH,0,1.0
1788420168.921,5166.2,2126.0,72.0,82.0,84.2,81.1,83.8,776.4,784.9,779.1,782.3,4.87,60.3,11.4,3.0,39.4,0.72,14.13,4.2,LANE_A,20000.0,-22.0,83.6,CRUISE_LOITER,LADAKH,0,1.0
1788420169.428,5135.5,2113.4,72.0,81.2,84.0,81.2,83.7,778.4,781.7,781.7,781.7,4.84,60.3,11.3,3.0,39.4,0.7,14.08,4.0,LANE_A,20000.0,-22.0,83.6,CRUISE_LOITER,LADAKH,0,1.0
1788420169.937,5154.5,2121.2,72.0,81.5,84.3,81.4,84.2,776.9,782.6,778.4,781.4,4.92,60.7,11.5,3.0,39.5,0.72,14.1,4.0,LANE_A,20000.0,-22.0,83.6,CRUISE_LOITER,LADAKH,0,1.0
1788420170.442,5154.6,2121.2,72.0,81.6,84.0,80.9,84.0,776.9,782.2,781.4,784.6,4.92,60.7,11.4,3.0,39.4,0.7,14.1,4.2,LANE_A,20000.0,-22.0,83.5,CRUISE_LOITER,LADAKH,0,1.0
1788420171.118,5159.0,2123.1,72.0,81.5,84.2,81.0,83.6,778.9,781.3,780.3,783.9,4.82,60.4,11.4,3.0,39.5,0.71,14.11,3.9,LANE_A,20000.0,-22.0,83.5,CRUISE_LOITER,LADAKH,0,1.0
1788420171.624,5158.7,2122.9,72.0,81.7,83.9,81.2,83.5,777.6,780.8,778.8,782.0,4.86,60.5,11.5,3.0,39.5,0.74,14.09,3.9,LANE_A,20000.0,-22.0,83.5,CRUISE_LOITER,LADAKH,0,1.0
1788420172.131,5147.6,2118.3,72.0,81.6,84.2,81.4,83.8,777.1,784.3,780.7,782.4,4.83,60.1,11.4,3.0,39.3,0.71,14.11,4.0,LANE_A,20000.0,-22.0,83.5,CRUISE_LOITER,LADAKH,0,1.0
1788420172.637,5139.6,2115.1,72.0,81.4,84.1,81.0,84.0,779.2,784.0,780.1,785.2,4.83,60.3,11.5,3.0,39.2,0.7,14.11,4.1,LANE_A,20000.0,-22.0,83.5,CRUISE_LOITER,LADAKH,0,1.0
1788420173.361,5174.8,2129.5,72.0,81.7,84.2,81.0,83.4,777.4,784.1,779.0,784.5,4.88,60.2,11.2,3.0,39.2,0.72,14.11,4.0,LANE_A,20000.0,-22.0,83.4,CRUISE_LOITER,LADAKH,0,1.0
1788420173.87,5162.6,2124.5,72.0,81.6,83.8,81.0,83.5,777.9,783.6,780.9,782.4,4.84,60.5,11.4,3.0,39.3,0.7,14.08,3.9,LANE_A,20000.0,-22.0,83.4,CRUISE_LOITER,LADAKH,0,1.0
1788420174.368,5140.9,2115.6,72.0,81.5,84.0,80.9,83.5,777.0,781.3,779.0,782.9,4.83,60.4,11.5,3.0,39.4,0.73,14.12,3.9,LANE_A,20000.0,-22.0,83.4,CRUISE_LOITER,LADAKH,0,1.0
1788420174.876,5154.9,2121.3,72.0,81.3,84.2,81.2,83.8,776.8,783.9,778.6,782.5,4.84,60.3,11.4,3.0,39.4,0.73,14.12,4.0,LANE_A,20000.0,-22.0,83.4,CRUISE_LOITER,LADAKH,0,1.0
1788420175.383,5119.1,2106.6,72.0,81.6,84.3,81.0,83.2,776.4,782.8,779.3,784.4,4.84,60.3,11.3,3.0,39.5,0.73,14.13,4.1,LANE_A,20000.0,-22.0,83.4,CRUISE_LOITER,LADAKH,0,1.0
1788420175.892,5146.5,2117.9,72.0,81.7,84.2,81.5,83.4,780.6,784.1,779.9,783.4,4.82,60.4,11.3,3.0,39.4,0.71,14.07,4.1,LANE_A,20000.0,-22.0,83.3,CRUISE_LOITER,LADAKH,0,1.0
1788420176.408,5148.5,2118.7,72.0,81.6,83.8,81.3,83.8,778.1,782.1,777.7,783.1,4.91,60.3,11.4,3.0,39.4,0.73,14.11,4.0,LANE_A,20000.0,-22.0,83.3,CRUISE_LOITER,LADAKH,0,1.0
1788420176.922,5135.2,2113.3,72.0,81.3,84.1,81.2,83.3,779.0,782.3,780.0,781.9,4.85,60.4,11.4,3.0,39.5,0.69,14.12,4.0,LANE_A,20000.0,-22.0,83.3,CRUISE_LOITER,LADAKH,0,1.0
1788420177.432,5146.1,2117.7,72.0,81.7,84.1,80.9,83.6,778.5,783.1,780.9,784.9,4.86,60.3,11.2,3.0,39.5,0.69,14.13,4.0,LANE_A,20000.0,-22.0,83.3,CRUISE_LOITER,LADAKH,0,1.0
1788420177.924,5146.8,2118.0,72.0,81.6,84.0,81.2,83.3,779.2,783.1,780.7,783.7,4.86,60.2,11.3,3.0,39.2,0.76,14.08,4.1,LANE_A,20000.0,-22.0,83.3,CRUISE_LOITER,LADAKH,0,1.0
1788420178.443,5137.4,2114.1,72.0,81.6,83.9,81.0,83.3,777.5,780.1,781.0,783.8,4.9,60.5,11.5,3.0,39.2,0.72,14.08,4.1,LANE_A,20000.0,-22.0,83.3,CRUISE_LOITER,LADAKH,0,1.0
1788420178.952,5150.3,2119.5,72.0,81.1,84.0,81.0,83.5,775.8,783.5,780.2,784.4,4.85,60.6,11.4,3.0,39.4,0.71,14.13,4.1,LANE_A,20000.0,-22.0,83.2,CRUISE_LOITER,LADAKH,0,1.0
1788420179.457,5134.9,2113.1,72.0,81.6,84.0,80.9,83.1,775.2,780.7,779.6,783.1,4.84,60.4,11.4,3.0,39.3,0.72,14.08,4.0,LANE_A,20000.0,-22.0,83.2,CRUISE_LOITER,LADAKH,0,1.0
1788420179.967,5163.7,2125.0,72.0,81.5,83.9,81.0,83.2,780.0,783.2,781.2,784.5,4.89,60.2,11.2,3.0,39.5,0.72,14.11,4.0,LANE_A,20000.0,-22.0,83.2,CRUISE_LOITER,LADAKH,0,1.0
1788420180.476,5139.2,2114.9,72.0,81.6,84.2,81.0,83.6,776.1,782.2,778.0,783.6,4.82,60.2,11.3,3.0,39.2,0.74,14.11,4.0,LANE_A,20000.0,-22.0,83.2,CRUISE_LOITER,LADAKH,0,1.0
1788420180.981,5133.3,2112.5,72.0,81.2,83.8,80.8,83.7,779.0,781.8,779.1,783.0,4.84,60.3,11.2,3.0,39.2,0.72,14.08,4.0,LANE_A,20000.0,-22.0,83.2,CRUISE_LOITER,LADAKH,0,1.0
1788420181.49,5116.5,2105.6,72.0,81.4,83.9,81.3,83.5,777.7,783.8,778.9,783.4,4.87,60.2,11.4,3.0,39.1,0.75,14.12,4.2,LANE_A,20000.0,-22.0,83.2,CRUISE_LOITER,LADAKH,0,1.0
1788420181.999,5145.4,2117.4,72.0,81.3,84.0,80.9,83.9,778.8,782.2,780.4,783.2,4.87,60.4,11.5,3.0,39.2,0.73,14.11,4.0,LANE_A,20000.0,-22.0,83.2,CRUISE_LOITER,LADAKH,0,1.0
1788420182.505,5155.7,2121.7,72.0,81.4,83.8,80.8,83.1,777.1,783.5,778.8,783.9,4.94,60.1,11.3,3.0,39.4,0.71,14.09,4.1,LANE_A,20000.0,-22.0,83.1,CRUISE_LOITER,LADAKH,0,1.0
1788420183.013,5123.1,2108.3,72.0,81.5,84.0,81.2,83.5,779.2,783.1,781.0,784.0,4.89,60.5,11.4,3.0,39.4,0.71,14.09,3.8,LANE_A,20000.0,-22.0,83.1,CRUISE_LOITER,LADAKH,0,1.0
1788420183.52,5144.6,2117.1,72.0,81.2,83.9,80.6,83.3,778.2,782.6,779.4,783.2,4.83,60.3,11.3,3.1,39.2,0.72,14.13,4.0,LANE_A,20000.0,-22.0,83.1,CRUISE_LOITER,LADAKH,0,1.0
1788420184.028,5152.4,2120.3,72.0,81.2,83.7,80.7,83.2,776.3,781.1,778.7,784.7,4.84,60.6,11.4,3.0,39.1,0.7,14.12,3.9,LANE_A,20000.0,-22.0,83.1,CRUISE_LOITER,LADAKH,0,1.0
1788420184.536,5127.5,2110.1,72.0,81.3,83.8,81.0,83.5,780.1,782.4,779.7,784.6,4.86,60.4,11.3,3.0,39.2,0.72,14.09,4.2,LANE_A,20000.0,-22.0,83.1,CRUISE_LOITER,LADAKH,0,1.0
1788420185.044,5132.3,2112.0,72.0,81.5,84.0,81.2,83.5,779.0,782.0,780.5,782.8,4.9,60.2,11.4,3.0,39.2,0.69,14.09,4.0,LANE_A,20000.0,-22.0,83.1,CRUISE_LOITER,LADAKH,0,1.0
1788420185.551,5127.1,2109.9,72.0,81.1,83.7,80.8,83.5,776.9,783.8,780.5,784.1,4.84,60.3,11.2,3.1,39.1,0.7,14.06,4.1,LANE_A,20000.0,-22.0,83.1,CRUISE_LOITER,LADAKH,0,1.0
1788420186.048,5126.0,2109.5,72.0,81.3,83.9,80.8,83.6,777.9,783.7,778.5,784.8,4.86,60.4,11.4,3.0,39.1,0.72,14.11,4.0,LANE_A,20000.0,-22.0,83.1,CRUISE_LOITER,LADAKH,0,1.0
1788420186.56,5153.9,2120.9,72.0,81.5,83.9,80.5,83.3,778.7,781.3,781.4,783.6,4.83,59.9,11.4,3.0,39.1,0.73,14.07,4.0,LANE_A,20000.0,-22.0,83.1,CRUISE_LOITER,LADAKH,0,1.0
1788420187.077,5122.8,2108.2,72.0,81.5,83.5,80.3,83.5,777.4,784.1,781.6,784.2,4.87,60.2,11.3,3.0,39.4,0.73,14.12,3.9,LANE_A,20000.0,-22.0,83.1,CRUISE_LOITER,LADAKH,0,1.0
1788420187.585,5162.2,2124.4,72.0,81.3,83.8,80.7,83.2,778.5,785.0,780.1,783.8,4.89,60.3,11.5,3.0,39.1,0.71,14.1,4.1,LANE_A,20000.0,-22.0,83.1,CRUISE_LOITER,LADAKH,0,1.0
1788420188.095,5144.1,2116.9,72.0,81.4,83.8,80.6,83.3,779.6,782.2,778.6,784.9,4.83,60.4,11.2,3.0,39.0,0.74,14.13,4.0,LANE_A,20000.0,-22.0,83.0,CRUISE_LOITER,LADAKH,0,1.0
1788420188.594,5135.1,2113.2,72.0,80.9,83.7,80.9,83.5,780.0,784.3,776.7,784.2,4.91,60.0,11.4,3.0,39.2,0.74,14.11,4.0,LANE_A,20000.0,-22.0,83.0,CRUISE_LOITER,LADAKH,0,1.0
1788420189.099,5120.3,2107.1,72.0,81.2,83.5,81.0,83.4,778.9,782.9,780.8,783.4,4.84,60.5,11.2,3.0,39.1,0.68,14.11,4.1,LANE_A,20000.0,-22.0,83.0,CRUISE_LOITER,LADAKH,0,1.0
1788420189.611,5128.0,2110.3,72.0,81.4,83.7,81.0,83.1,778.2,782.5,781.0,782.7,4.84,60.1,11.3,3.0,39.0,0.73,14.1,3.9,LANE_A,20000.0,-22.0,83.0,CRUISE_LOITER,LADAKH,0,1.0
1788420190.126,5124.5,2108.9,72.0,81.1,83.5,80.9,82.9,776.3,781.5,780.4,783.6,4.83,60.2,11.3,3.0,39.2,0.71,14.09,4.0,LANE_A,20000.0,-22.0,83.0,CRUISE_LOITER,LADAKH,0,1.0
1788420190.838,5143.9,2116.8,72.0,81.3,84.0,80.2,83.2,777.5,783.1,779.1,782.4,4.87,60.1,11.4,3.0,39.1,0.71,14.08,4.0,LANE_A,20000.0,-22.0,83.0,CRUISE_LOITER,LADAKH,0,1.0
1788420191.318,5135.5,2113.4,72.0,81.0,84.0,80.5,83.5,776.9,782.9,783.2,781.5,4.84,59.9,11.2,3.0,39.1,0.71,14.11,4.0,LANE_A,20000.0,-22.0,83.0,CRUISE_LOITER,LADAKH,0,1.0
1788420191.836,5117.2,2105.9,72.0,81.1,83.7,80.8,83.5,777.4,782.1,778.8,781.0,4.86,60.1,11.2,3.0,39.2,0.73,14.1,4.0,LANE_A,20000.0,-22.0,83.0,CRUISE_LOITER,LADAKH,0,1.0
1788420192.34,5124.2,2108.7,72.0,81.0,83.9,80.7,83.5,778.1,781.9,778.8,781.8,4.9,59.8,11.3,3.0,39.2,0.72,14.13,4.0,LANE_A,20000.0,-22.0,83.0,CRUISE_LOITER,LADAKH,0,1.0
1788420192.85,5150.4,2119.5,72.0,81.3,83.7,80.9,83.1,777.9,784.9,780.2,783.9,4.88,59.9,11.3,3.0,39.3,0.72,14.12,4.1,LANE_A,20000.0,-22.0,83.0,CRUISE_LOITER,LADAKH,0,1.0
1788420193.356,5136.7,2113.9,72.0,81.3,83.5,80.6,82.7,777.0,781.7,779.9,783.9,4.85,59.8,11.4,3.0,39.1,0.71,14.14,4.1,LANE_A,20000.0,-22.0,83.0,CRUISE_LOITER,LADAKH,0,1.0
1788420193.853,5130.7,2111.4,72.0,81.0,83.5,80.7,83.2,778.6,784.3,780.6,782.3,4.85,60.1,11.3,3.0,39.1,0.73,14.05,4.0,LANE_A,20000.0,-22.0,83.0,CRUISE_LOITER,LADAKH,0,1.0
1788420194.373,5123.7,2108.5,72.0,81.4,83.8,80.7,83.3,780.3,784.2,782.3,784.3,4.88,59.7,11.3,3.0,39.1,0.71,14.09,3.8,LANE_A,20000.0,-22.0,83.0,CRUISE_LOITER,LADAKH,0,1.0
1788420194.872,5121.6,2107.6,72.0,81.0,83.7,80.4,82.7,779.0,781.3,780.9,784.3,4.84,60.1,11.3,3.0,38.9,0.7,14.06,4.1,LANE_A,20000.0,-22.0,83.0,CRUISE_LOITER,LADAKH,0,1.0
1788420195.392,5137.7,2114.3,72.0,81.0,83.4,80.5,83.0,777.3,782.2,780.1,783.2,4.9,60.0,11.3,3.0,39.1,0.7,14.11,4.0,LANE_A,20000.0,-22.0,83.0,CRUISE_LOITER,LADAKH,0,1.0
1788420195.899,5126.1,2109.5,72.0,80.8,83.5,80.4,83.1,777.0,782.4,779.7,783.4,4.79,59.9,11.2,3.0,39.2,0.73,14.1,3.9,LANE_A,20000.0,-22.0,83.0,CRUISE_LOITER,LADAKH,0,1.0
1788420196.407,5149.0,2118.9,72.0,81.0,83.7,80.7,83.2,777.0,784.9,779.7,783.9,4.83,59.9,11.3,3.0,39.0,0.71,14.1,4.0,LANE_A,20000.0,-22.0,83.0,CRUISE_LOITER,LADAKH,0,1.0
1788420196.917,5141.3,2115.8,72.0,80.8,83.2,80.7,83.2,777.2,782.9,779.1,781.3,4.82,59.8,11.2,3.0,38.8,0.71,14.12,4.0,LANE_A,20000.0,-22.0,83.0,CRUISE_LOITER,LADAKH,0,1.0
1788420197.422,5133.3,2112.4,72.0,81.1,83.2,80.4,83.2,775.3,781.3,780.5,780.2,4.86,60.2,11.3,3.0,39.1,0.72,14.1,4.0,LANE_A,20000.0,-22.0,83.0,CRUISE_LOITER,LADAKH,0,1.0
1788420197.931,5126.2,2109.5,72.0,81.0,83.6,80.4,83.1,777.1,784.5,780.3,780.9,4.83,59.7,11.4,3.0,39.1,0.72,14.11,4.0,LANE_A,20000.0,-22.0,83.0,CRUISE_LOITER,LADAKH,0,1.0
1788420198.44,5123.9,2108.6,72.0,80.9,83.5,80.5,83.1,777.0,781.2,779.2,783.0,4.9,60.0,11.3,3.0,39.1,0.73,14.05,4.1,LANE_A,20000.0,-22.0,83.0,CRUISE_LOITER,LADAKH,0,1.0
1788420198.937,5132.9,2112.3,72.0,81.1,83.5,80.5,82.8,775.8,784.4,779.5,781.7,4.87,59.8,11.4,3.0,39.1,0.73,14.09,4.1,LANE_A,20000.0,-22.0,83.0,CRUISE_LOITER,LADAKH,0,1.0
1788420199.449,5119.1,2106.6,72.0,80.9,83.4,80.4,82.9,777.4,782.0,779.9,784.9,4.87,59.9,11.4,3.0,39.1,0.74,14.11,3.9,LANE_A,20000.0,-22.0,83.0,CRUISE_LOITER,LADAKH,0,1.0
1788420199.963,5127.8,2110.2,72.0,81.0,83.3,80.6,83.2,778.7,783.1,780.7,781.8,4.82,59.7,11.2,3.0,38.8,0.76,14.13,4.1,LANE_A,20000.0,-22.0,83.0,CRUISE_LOITER,LADAKH,0,1.0
1788420200.47,5123.1,2108.3,72.0,80.9,83.4,80.5,82.8,777.9,783.6,779.8,784.0,4.84,60.0,11.2,3.0,38.9,0.74,14.08,4.1,LANE_A,20000.0,-22.0,83.0,CRUISE_LOITER,LADAKH,0,1.0
1788420200.977,5146.5,2117.9,72.0,80.9,83.2,80.5,83.1,777.1,783.4,779.3,782.2,4.86,59.8,11.2,3.0,38.8,0.72,14.09,4.2,LANE_A,20000.0,-22.0,83.0,CRUISE_LOITER,LADAKH,0,1.0
1788420201.485,5138.5,2114.6,72.0,81.2,83.5,80.3,82.6,778.5,783.9,780.1,785.2,4.86,59.9,11.3,3.0,39.0,0.72,14.09,4.0,LANE_A,20000.0,-22.0,83.0,CRUISE_LOITER,LADAKH,0,1.0
1788420201.992,5122.9,2108.2,72.0,81.0,83.4,80.5,83.1,777.8,784.6,780.2,783.2,4.84,59.6,11.1,3.0,39.2,0.72,14.08,4.1,LANE_A,20000.0,-22.0,83.0,CRUISE_LOITER,LADAKH,0,1.0
1788420202.502,5150.1,2119.4,72.0,80.9,83.6,80.7,82.9,778.8,784.1,779.3,783.8,4.86,60.0,11.2,3.0,39.0,0.71,14.11,4.0,LANE_A,20000.0,-22.0,83.1,CRUISE_LOITER,LADAKH,0,1.0
1788420203.009,5135.7,2113.4,72.0,81.1,83.3,80.4,82.7,779.9,782.7,780.9,783.8,4.87,59.8,11.4,3.0,38.7,0.75,14.12,4.1,LANE_A,20000.0,-22.0,83.1,CRUISE_LOITER,LADAKH,0,1.0
1788420203.515,5151.1,2119.8,72.0,80.8,83.3,80.2,82.5,780.3,782.7,780.3,782.2,4.89,59.8,11.1,3.0,39.0,0.73,14.1,4.0,LANE_A,20000.0,-22.0,83.1,CRUISE_LOITER,LADAKH,0,1.0
1788420204.023,5126.5,2109.7,72.0,80.8,83.4,80.6,82.8,779.8,785.6,778.1,783.2,4.85,59.8,11.3,3.0,39.0,0.71,14.08,4.1,LANE_A,20000.0,-22.0,83.1,CRUISE_LOITER,LADAKH,0,1.0
1788420204.53,5121.6,2107.7,72.0,81.0,83.0,80.4,82.8,778.2,783.3,783.0,782.6,4.85,59.6,11.0,3.0,39.0,0.73,14.13,3.9,LANE_A,20000.0,-22.0,83.1,CRUISE_LOITER,LADAKH,0,1.0
1788420205.042,5122.1,2107.9,72.0,80.8,83.3,80.5,82.9,777.1,784.8,781.0,784.2,4.92,60.0,11.3,3.0,39.0,0.7,14.11,4.1,LANE_A,20000.0,-22.0,83.1,CRUISE_LOITER,LADAKH,0,1.0
1788420205.55,5130.9,2111.5,72.0,80.9,83.3,80.0,82.4,779.2,783.2,780.5,783.5,4.9,59.8,11.4,3.0,38.8,0.72,14.11,4.1,LANE_A,20000.0,-22.0,83.1,CRUISE_LOITER,LADAKH,0,1.0
1788420206.058,5124.2,2108.7,72.0,81.1,83.4,80.1,82.6,778.1,783.7,780.9,780.5,4.85,59.6,11.2,3.0,38.7,0.7,14.11,4.2,LANE_A,20000.0,-22.0,83.1,CRUISE_LOITER,LADAKH,0,1.0
1788420206.563,5115.7,2105.2,72.0,81.0,83.0,80.2,82.6,779.0,783.8,779.7,783.7,4.83,59.8,11.2,3.0,39.1,0.7,14.08,4.0,LANE_A,20000.0,-22.0,83.1,CRUISE_LOITER,LADAKH,0,1.0
1788420207.071,5127.5,2110.1,72.0,80.8,82.9,80.3,82.6,777.1,785.7,779.7,781.2,4.87,59.7,11.1,3.0,38.9,0.68,14.08,3.9,LANE_A,20000.0,-22.0,83.1,CRUISE_LOITER,LADAKH,0,1.0
1788420207.571,5136.9,2114.0,72.0,80.9,83.4,80.2,82.9,780.0,784.3,779.6,783.5,4.89,59.6,11.1,3.0,39.1,0.74,14.11,4.0,LANE_A,20000.0,-22.0,83.2,CRUISE_LOITER,LADAKH,0,1.0
1788420208.09,5114.7,2104.8,72.0,80.8,83.1,80.3,82.7,779.3,782.4,781.4,784.0,4.87,59.5,11.1,3.0,39.0,0.73,14.1,4.0,LANE_A,20000.0,-22.0,83.2,CRUISE_LOITER,LADAKH,0,1.0
1788420208.598,5133.8,2112.7,72.0,80.8,82.8,80.4,82.6,779.6,784.1,781.9,782.6,4.9,59.6,11.2,3.0,39.0,0.71,14.06,4.1,LANE_A,20000.0,-22.0,83.2,CRUISE_LOITER,LADAKH,0,1.0
1788420209.098,5108.0,2102.1,72.0,80.6,83.1,80.0,83.0,777.5,783.7,780.4,783.5,4.85,59.7,11.2,3.0,39.1,0.71,14.08,4.1,LANE_A,20000.0,-22.0,83.2,CRUISE_LOITER,LADAKH,0,1.0
1788420209.617,5132.1,2112.0,72.0,80.7,82.8,80.0,83.0,777.6,783.1,779.5,781.1,4.85,59.8,11.2,3.0,39.0,0.75,14.11,3.9,LANE_A,20000.0,-22.0,83.2,CRUISE_LOITER,LADAKH,0,1.0
1788420210.123,5125.8,2109.4,72.0,80.6,83.2,80.2,82.6,779.0,782.6,779.9,781.9,4.81,59.5,11.4,3.0,39.0,0.74,14.09,4.1,LANE_A,20000.0,-22.0,83.2,CRUISE_LOITER,LADAKH,0,1.0
1788420210.631,5140.2,2115.3,72.0,80.6,82.8,80.3,82.9,777.6,783.2,779.6,781.4,4.92,59.5,11.2,3.0,39.0,0.69,14.1,3.9,LANE_A,20000.0,-22.0,83.2,CRUISE_LOITER,LADAKH,0,1.0
1788420211.338,5130.8,2111.4,72.0,80.5,82.8,80.1,83.0,779.1,782.0,780.1,783.4,4.87,59.5,11.0,3.0,39.0,0.7,14.11,4.1,LANE_A,20000.0,-22.0,83.3,CRUISE_LOITER,LADAKH,0,1.0
1788420211.844,5125.1,2109.1,72.0,80.9,83.0,80.3,82.8,778.2,782.8,780.7,783.5,4.88,59.5,11.3,3.0,38.9,0.71,14.08,4.1,LANE_A,20000.0,-22.0,83.3,CRUISE_LOITER,LADAKH,0,1.0
1788420212.352,5117.2,2105.8,72.0,80.6,83.4,79.8,82.3,779.4,782.0,780.9,781.6,4.87,59.4,11.1,3.0,38.7,0.72,14.1,4.4,LANE_A,20000.0,-22.0,83.3,CRUISE_LOITER,LADAKH,0,1.0
1788420212.858,5120.5,2107.2,72.0,80.6,83.2,80.0,82.7,777.1,782.1,782.2,783.9,4.94,59.7,11.3,3.0,38.7,0.73,14.1,4.2,LANE_A,20000.0,-22.0,83.3,CRUISE_LOITER,LADAKH,0,1.0
1788420213.373,5113.8,2104.5,72.0,80.6,83.1,80.0,82.7,779.5,784.1,780.6,783.2,4.81,59.5,11.3,3.0,39.0,0.73,14.1,4.1,LANE_A,20000.0,-22.0,83.3,CRUISE_LOITER,LADAKH,0,1.0
1788420213.878,5120.5,2107.2,72.0,80.5,83.1,80.2,82.8,778.2,784.9,780.5,782.8,4.85,59.6,11.2,3.0,39.0,0.71,14.13,4.0,LANE_A,20000.0,-22.0,83.3,CRUISE_LOITER,LADAKH,0,1.0
1788420214.387,5116.8,2105.7,72.0,80.3,83.0,79.9,82.5,778.3,785.4,781.1,783.1,4.84,59.6,11.2,3.0,39.0,0.71,14.09,4.0,LANE_A,20000.0,-22.0,83.4,CRUISE_LOITER,LADAKH,0,1.0
1788420214.894,5110.5,2103.1,72.0,80.2,82.9,80.1,82.4,775.8,781.5,780.9,785.6,4.87,59.9,11.3,3.0,38.9,0.71,14.13,4.0,LANE_A,20000.0,-22.0,83.4,CRUISE_LOITER,LADAKH,0,1.0
1788420215.403,5115.4,2105.1,72.0,80.6,82.9,80.4,82.5,778.4,784.2,782.0,784.7,4.85,59.4,11.2,3.0,38.9,0.7,14.07,4.0,LANE_A,20000.0,-22.0,83.4,CRUISE_LOITER,LADAKH,0,1.0
1788420215.898,5091.0,2095.0,72.0,80.3,82.8,79.8,82.4,778.2,783.5,779.8,782.6,4.83,59.5,11.1,3.0,38.9,0.73,14.1,4.2,LANE_A,20000.0,-22.0,83.4,CRUISE_LOITER,LADAKH,0,1.0
1788420216.42,5127.4,2110.0,72.0,80.5,83.2,79.9,82.5,777.9,784.5,781.1,784.1,4.89,59.3,11.2,3.0,38.8,0.71,14.09,4.0,LANE_A,20000.0,-22.0,83.4,CRUISE_LOITER,LADAKH,0,1.0
1788420216.926,5109.2,2102.6,72.0,80.1,82.8,79.7,82.6,777.5,785.3,779.2,784.3,4.9,59.8,11.1,3.0,38.9,0.72,14.12,4.1,LANE_A,20000.0,-22.0,83.5,CRUISE_LOITER,LADAKH,0,1.0
1788420217.436,5109.0,2102.5,72.0,80.6,83.3,79.9,82.6,776.7,782.9,778.8,784.4,4.93,59.4,11.1,3.0,38.9,0.7,14.1,4.1,LANE_A,20000.0,-22.0,83.5,CRUISE_LOITER,LADAKH,0,1.0
1788420217.94,5089.6,2094.5,72.0,80.2,82.7,80.1,82.6,778.2,783.0,782.8,782.9,4.83,59.6,11.2,3.0,38.9,0.71,14.14,4.0,LANE_A,20000.0,-22.0,83.5,CRUISE_LOITER,LADAKH,0,1.0
1788420218.448,5123.1,2108.3,72.0,80.3,83.0,79.8,82.5,778.0,782.7,782.4,783.6,4.84,59.3,11.2,3.0,38.9,0.71,14.09,4.1,LANE_A,20000.0,-22.0,83.5,CRUISE_LOITER,LADAKH,0,1.0
1788420218.955,5130.4,2111.3,72.0,80.2,83.0,79.7,82.3,778.9,783.6,779.4,784.5,4.88,59.4,11.0,3.0,38.9,0.71,14.09,4.0,LANE_A,20000.0,-22.0,83.5,CRUISE_LOITER,LADAKH,0,1.0
1788420219.454,5128.0,2110.3,72.0,80.7,82.9,79.9,82.6,779.4,783.2,780.7,783.1,4.83,59.3,11.1,3.0,38.7,0.74,14.09,4.0,LANE_A,20000.0,-22.0,83.6,CRUISE_LOITER,LADAKH,0,1.0
1788420219.969,5149.3,2119.1,72.0,80.2,82.7,80.2,82.5,778.1,784.3,779.3,785.0,4.87,59.5,11.1,3.0,38.7,0.73,14.09,4.2,LANE_A,20000.0,-22.0,83.6,CRUISE_LOITER,LADAKH,0,1.0
1788420220.479,5134.4,2112.9,72.0,80.3,83.0,79.2,82.2,775.5,784.2,781.9,783.0,4.84,59.4,11.2,3.0,38.7,0.76,14.12,4.1,LANE_A,20000.0,-22.0,83.6,CRUISE_LOITER,LADAKH,0,1.0
1788420220.989,5107.1,2101.7,72.0,80.7,83.2,80.0,82.5,779.2,784.7,779.3,783.8,4.86,59.4,11.2,3.0,38.9,0.72,14.12,4.0,LANE_A,20000.0,-22.0,83.6,CRUISE_LOITER,LADAKH,0,1.0
1788420221.496,5130.8,2111.4,72.0,80.4,82.6,79.7,82.3,777.2,784.8,780.6,782.8,4.89,59.5,11.2,3.0,38.9,0.7,14.12,4.0,LANE_A,20000.0,-22.0,83.7,CRUISE_LOITER,LADAKH,0,1.0
1788420221.992,5122.5,2108.0,72.0,80.2,83.1,80.0,82.3,776.6,783.8,781.0,781.9,4.88,59.0,11.4,3.0,38.9,0.7,14.11,4.0,LANE_A,20000.0,-22.0,83.7,CRUISE_LOITER,LADAKH,0,1.0
1788420222.512,5119.2,2106.7,72.0,80.2,83.0,79.8,82.1,778.5,783.9,780.2,783.2,4.91,59.4,11.3,3.0,38.9,0.72,14.08,4.0,LANE_A,20000.0,-22.0,83.7,CRUISE_LOITER,LADAKH,0,1.0
1788420223.009,5124.5,2108.9,72.0,80.6,82.6,79.6,82.0,780.4,784.6,780.8,782.7,4.83,59.3,11.2,3.0,38.8,0.71,14.12,4.2,LANE_A,20000.0,-22.0,83.7,CRUISE_LOITER,LADAKH,0,1.0
1788420223.533,5121.4,2107.6,72.0,80.0,82.5,80.2,82.1,779.8,784.1,777.6,783.0,4.88,59.1,11.2,3.0,38.9,0.73,14.12,4.2,LANE_A,20000.0,-22.0,83.8,CRUISE_LOITER,LADAKH,0,1.0
1788420224.041,5139.5,2115.0,72.0,80.4,82.5,80.0,82.0,778.6,782.3,779.6,785.0,4.87,59.2,11.2,3.0,38.9,0.69,14.1,3.9,LANE_A,20000.0,-22.0,83.8,CRUISE_LOITER,LADAKH,0,1.0
1788420224.55,5109.4,2102.6,72.0,79.9,82.6,79.9,82.3,777.8,784.6,781.7,783.4,4.85,59.3,11.1,3.0,39.0,0.71,14.11,4.2,LANE_A,20000.0,-22.0,83.8,CRUISE_LOITER,LADAKH,0,1.0
1788420225.06,5132.7,2112.2,72.0,80.3,82.5,79.7,82.2,779.5,784.8,780.9,781.1,4.82,59.0,11.0,3.0,38.6,0.73,14.07,3.9,LANE_A,20000.0,-22.0,83.8,CRUISE_LOITER,LADAKH,0,1.0
1788420225.566,5108.1,2102.1,72.0,80.1,82.6,79.9,82.2,777.6,782.6,781.5,783.3,4.91,59.2,11.1,3.0,38.7,0.7,14.08,4.1,LANE_A,20000.0,-22.0,83.9,CRUISE_LOITER,LADAKH,0,1.0
1788420226.078,5116.4,2105.5,72.0,80.1,82.7,79.3,82.5,779.4,784.5,780.9,783.9,4.85,59.0,11.2,3.0,38.9,0.72,14.14,4.0,LANE_A,20000.0,-22.0,83.9,CRUISE_LOITER,LADAKH,0,1.0
1788420226.587,5103.2,2100.1,72.0,80.0,82.8,79.5,82.0,780.5,783.4,782.4,785.3,4.81,59.4,11.1,3.0,38.9,0.71,14.08,4.2,LANE_A,20000.0,-22.0,83.9,CRUISE_LOITER,LADAKH,0,1.0
1788420227.093,5121.0,2107.4,72.0,80.2,82.4,79.5,82.0,778.0,784.1,781.4,782.8,4.89,59.1,11.3,3.0,38.8,0.71,14.1,3.9,LANE_A,20000.0,-22.0,84.0,CRUISE_LOITER,LADAKH,0,1.0
1788420227.59,5117.5,2106.0,72.0,80.3,82.5,79.4,82.5,780.0,783.1,780.2,783.8,4.88,59.0,11.2,3.0,38.8,0.68,14.12,4.0,LANE_A,20000.0,-22.0,84.0,CRUISE_LOITER,LADAKH,0,1.0
1788420228.108,5123.9,2108.6,72.0,80.3,82.6,79.3,82.0,778.0,785.0,782.8,781.5,4.8,59.1,11.1,3.0,38.9,0.72,14.1,4.2,LANE_A,20000.0,-22.0,84.0,CRUISE_LOITER,LADAKH,0,1.0
1788420228.614,5115.4,2105.1,72.0,80.0,82.3,79.7,81.9,778.4,783.1,780.8,783.7,4.88,58.9,11.2,3.0,38.7,0.72,14.09,4.0,LANE_A,20000.0,-22.0,84.0,CRUISE_LOITER,LADAKH,0,1.0
1788420229.121,5116.6,2105.6,72.0,80.3,82.4,79.5,81.6,780.6,781.1,780.1,783.2,4.9,59.3,11.2,3.0,38.7,0.72,14.08,4.1,LANE_A,20000.0,-22.0,84.1,CRUISE_LOITER,LADAKH,0,1.0
1788420229.631,5122.1,2107.9,72.0,80.1,82.7,79.3,82.1,779.6,782.7,781.2,786.2,4.85,59.1,11.1,3.0,38.7,0.71,14.13,3.9,LANE_A,20000.0,-22.0,84.1,CRUISE_LOITER,LADAKH,0,1.0
1788420230.133,5126.0,2109.5,72.0,79.9,83.0,79.4,82.0,779.6,785.2,781.0,782.0,4.83,59.3,11.2,3.0,38.7,0.72,14.11,4.1,LANE_A,20000.0,-22.0,84.1,CRUISE_LOITER,LADAKH,0,1.0
1788420230.644,5134.1,2112.8,72.0,80.0,82.4,79.6,81.7,778.5,784.5,780.8,782.9,4.89,59.0,11.1,3.0,39.0,0.71,14.13,3.9,LANE_A,20000.0,-22.0,84.2,CRUISE_LOITER,LADAKH,0,1.0
1788420231.361,5122.1,2107.9,72.0,80.0,82.7,79.7,82.1,780.0,783.9,781.1,784.7,4.82,58.9,11.1,3.0,38.6,0.73,14.1,4.1,LANE_A,20000.0,-22.0,84.2,CRUISE_LOITER,LADAKH,0,1.0
1788420231.869,5109.9,2102.9,72.0,80.0,82.5,79.7,82.0,776.2,786.6,779.2,781.5,4.86,59.0,11.2,3.0,38.8,0.73,14.12,3.9,LANE_A,20000.0,-22.0,84.2,CRUISE_LOITER,LADAKH,0,1.0
1788420232.377,5116.6,2105.6,72.0,80.0,82.3,79.8,82.0,779.4,785.2,781.1,784.1,4.92,59.1,11.0,3.0,39.0,0.68,14.07,4.2,LANE_A,20000.0,-22.0,84.3,CRUISE_LOITER,LADAKH,0,1.0
1788420232.875,5132.5,2112.1,72.0,79.7,82.3,79.7,81.9,779.9,783.7,780.1,786.5,4.86,59.2,11.1,3.0,38.8,0.73,14.1,4.0,LANE_A,20000.0,-22.0,84.3,CRUISE_LOITER,LADAKH,0,1.0
1788420233.393,5117.3,2105.9,72.0,80.2,82.3,79.1,82.2,778.9,783.0,779.9,786.3,4.83,59.3,11.2,3.0,38.9,0.72,14.1,4.2,LANE_A,20000.0,-22.0,84.3,CRUISE_LOITER,LADAKH,0,1.0
1788420233.902,5122.9,2108.2,72.0,80.1,82.3,79.2,82.1,778.5,785.3,779.2,783.6,4.9,58.8,11.1,3.0,38.8,0.7,14.15,4.0,LANE_A,20000.0,-22.0,84.4,CRUISE_LOITER,LADAKH,0,1.0
1788420234.41,5129.0,2110.7,72.0,80.1,82.5,79.6,81.9,779.0,783.4,780.6,782.4,4.86,58.9,11.2,3.0,38.7,0.71,14.11,4.1,LANE_A,20000.0,-22.0,84.4,CRUISE_LOITER,LADAKH,0,1.0
1788420234.918,5115.3,2105.0,72.0,80.2,82.5,79.5,82.0,777.7,782.9,781.3,784.3,4.83,59.1,11.0,3.0,38.8,0.7,14.08,4.0,LANE_A,20000.0,-22.0,84.4,CRUISE_LOITER,LADAKH,0,1.0
1788420235.421,5128.5,2110.5,72.0,79.8,82.5,79.2,81.9,779.2,781.9,782.0,786.2,4.85,59.1,11.1,3.0,38.9,0.71,14.09,3.9,LANE_A,20000.0,-22.0,84.5,CRUISE_LOITER,LADAKH,0,1.0
1788420235.929,5121.9,2107.8,72.0,79.7,82.5,79.5,82.1,777.3,782.1,780.9,783.8,4.9,59.1,11.1,3.0,38.8,0.73,14.12,4.2,LANE_A,20000.0,-22.0,84.5,CRUISE_LOITER,LADAKH,0,1.0
1788420236.428,5115.8,2105.3,72.0,79.8,82.2,79.5,82.2,777.2,785.2,781.9,784.7,4.85,59.0,11.1,3.0,38.8,0.72,14.09,4.2,LANE_A,20000.0,-22.0,84.5,CRUISE_LOITER,LADAKH,0,1.0
1788420236.942,5108.2,2102.1,72.0,79.8,82.5,79.6,81.7,779.2,782.5,782.3,784.3,4.9,58.9,11.1,3.0,38.8,0.71,14.11,3.9,LANE_A,20000.0,-22.0,84.6,CRUISE_LOITER,LADAKH,0,1.0
1788420237.44,5112.9,2104.1,72.0,80.2,82.5,78.8,82.0,778.8,783.6,780.7,783.0,4.92,59.0,11.1,3.0,38.9,0.68,14.07,4.0,LANE_A,20000.0,-22.0,84.6,CRUISE_LOITER,LADAKH,0,1.0
1788420237.957,5137.4,2114.2,72.0,79.9,82.4,79.3,81.9,777.4,784.6,780.6,784.3,4.87,59.0,11.2,3.0,38.9,0.73,14.11,4.1,LANE_A,20000.0,-22.0,84.7,CRUISE_LOITER,LADAKH,0,1.0
1788420238.456,5128.6,2110.5,72.0,79.5,82.6,79.3,81.8,777.9,781.1,781.8,785.3,4.85,58.6,11.2,3.0,39.0,0.73,14.14,4.2,LANE_A,20000.0,-22.0,84.7,CRUISE_LOITER,LADAKH,0,1.0
1788420238.967,5103.0,2100.0,72.0,79.8,82.5,79.0,81.8,779.7,784.1,781.6,784.7,4.97,58.6,11.2,3.0,38.8,0.72,14.1,4.1,LANE_A,20000.0,-22.0,84.7,CRUISE_LOITER,LADAKH,0,1.0
1788420239.483,5116.7,2105.6,72.0,79.7,82.4,79.0,81.6,779.5,783.5,781.3,784.8,4.87,59.1,11.1,3.0,38.7,0.72,14.08,4.0,LANE_A,20000.0,-22.0,84.8,CRUISE_LOITER,LADAKH,0,1.0
1788420239.995,5123.5,2108.4,72.0,79.2,82.2,79.6,81.7,778.7,783.8,780.4,783.5,4.94,58.7,11.1,3.0,39.1,0.72,14.09,4.0,LANE_A,20000.0,-22.0,84.8,CRUISE_LOITER,LADAKH,0,1.0
1788420240.499,5125.6,2109.3,72.0,79.6,82.5,79.4,82.0,778.2,783.7,781.5,785.2,4.87,58.8,11.1,3.0,39.0,0.71,14.12,4.1,LANE_A,20000.0,-22.0,84.8,CRUISE_LOITER,LADAKH,0,1.0
1788420241.009,5109.7,2102.7,72.0,79.5,82.2,79.1,81.3,780.8,785.0,781.1,781.7,4.87,58.7,11.1,3.0,38.5,0.71,14.1,4.1,LANE_A,20000.0,-22.0,84.9,CRUISE_LOITER,LADAKH,0,1.0
1788420241.516,5127.2,2110.0,72.0,79.8,82.3,79.0,81.9,778.9,784.1,779.8,785.3,4.94,58.9,11.1,3.0,38.8,0.69,14.12,4.2,LANE_A,20000.0,-22.0,84.9,CRUISE_LOITER,LADAKH,0,1.0
1788420242.023,5102.2,2099.7,72.0,79.7,82.2,79.1,81.4,779.1,783.6,782.2,784.5,4.83,58.8,11.0,3.0,38.9,0.69,14.08,4.1,LANE_A,20000.0,-22.0,85.0,CRUISE_LOITER,LADAKH,0,1.0
1788420242.53,5093.8,2096.2,72.0,79.7,82.1,79.0,81.7,779.5,783.4,780.4,783.0,4.88,58.5,11.1,3.0,38.6,0.73,14.09,4.1,LANE_A,20000.0,-22.0,85.0,CRUISE_LOITER,LADAKH,0,1.0
1788420243.04,5119.0,2106.6,72.0,79.6,82.5,79.3,81.8,777.6,782.7,780.7,785.1,4.9,58.5,11.1,3.0,38.8,0.72,14.07,4.0,LANE_A,20000.0,-22.0,85.0,CRUISE_LOITER,LADAKH,0,1.0
1788420243.548,5121.6,2107.7,72.0,79.3,82.1,78.9,82.0,776.8,782.7,780.5,783.6,4.87,59.0,11.1,3.0,38.7,0.71,14.14,4.0,LANE_A,20000.0,-22.0,85.1,CRUISE_LOITER,LADAKH,0,1.0
1788420244.053,5127.2,2110.0,72.0,79.8,82.1,79.2,81.7,778.7,783.5,779.5,783.1,4.88,58.8,11.2,3.0,38.6,0.71,14.1,4.1,LANE_A,20000.0,-22.0,85.1,CRUISE_LOITER,LADAKH,0,1.0
1788420244.56,5129.7,2111.0,72.0,79.7,82.1,79.3,81.5,778.8,783.4,780.6,782.2,4.88,58.7,11.2,3.0,38.7,0.71,14.1,4.0,LANE_A,20000.0,-22.0,85.2,CRUISE_LOITER,LADAKH,0,1.0
1788420245.068,5129.2,2110.8,72.0,79.8,82.2,79.0,81.6,779.2,784.8,777.8,783.9,4.91,58.8,11.2,3.0,38.6,0.69,14.13,4.1,LANE_A,20000.0,-22.0,85.2,CRUISE_LOITER,LADAKH,0,1.0
1788420245.577,5121.6,2107.7,72.0,79.6,82.0,79.4,81.4,778.0,784.9,777.9,784.9,4.84,58.5,11.1,3.0,38.6,0.72,14.08,4.0,LANE_A,20000.0,-22.0,85.2,CRUISE_LOITER,LADAKH,0,1.0
1788420246.084,5115.3,2105.1,72.0,79.4,82.0,79.2,81.3,779.4,784.0,781.5,784.7,4.83,58.4,11.0,3.0,38.6,0.72,14.11,4.1,LANE_A,20000.0,-22.0,85.3,CRUISE_LOITER,LADAKH,0,1.0
1788420246.592,5129.6,2110.9,72.0,79.4,82.0,78.8,81.6,780.4,784.3,782.9,782.3,4.88,58.9,11.1,3.0,38.7,0.7,14.07,4.1,LANE_A,20000.0,-22.0,85.3,CRUISE_LOITER,LADAKH,0,1.0
1788420247.104,5107.5,2101.8,72.0,79.6,81.8,79.0,81.3,778.4,784.4,780.7,785.1,4.86,58.5,11.3,3.0,38.7,0.73,14.06,4.3,LANE_A,20000.0,-22.0,85.4,CRUISE_LOITER,LADAKH,0,1.0
1788420247.612,5118.3,2106.3,72.0,79.7,82.1,79.1,81.6,780.3,784.2,780.6,784.3,4.88,58.6,11.0,3.0,38.7,0.72,14.07,4.0,LANE_A,20000.0,-22.0,85.4,CRUISE_LOITER,LADAKH,0,1.0
1788420248.118,5105.4,2101.0,72.0,79.6,82.0,78.9,81.3,776.0,783.8,779.3,783.2,4.85,58.6,11.2,3.0,38.7,0.72,14.13,4.2,LANE_A,20000.0,-22.0,85.5,CRUISE_LOITER,LADAKH,0,1.0
1788420248.624,5107.5,2101.9,72.0,79.4,82.0,79.0,81.2,779.3,783.5,779.6,785.2,4.87,58.5,11.2,3.0,38.8,0.73,14.07,4.1,LANE_A,20000.0,-22.0,85.5,CRUISE_LOITER,LADAKH,0,1.0
1788420249.134,5110.3,2103.0,72.0,79.2,81.6,78.7,81.9,781.2,787.1,780.7,785.2,4.9,58.7,11.2,3.0,38.6,0.7,14.12,4.0,LANE_A,20000.0,-22.0,85.5,CRUISE_LOITER,LADAKH,0,1.0
1788420249.643,5105.8,2101.2,72.0,79.3,82.2,79.1,81.7,779.3,784.1,783.2,783.0,4.88,58.5,11.3,3.0,38.6,0.73,14.11,4.1,LANE_A,20000.0,-22.0,85.6,CRUISE_LOITER,LADAKH,0,1.0
1788420250.153,5111.7,2103.6,72.0,79.8,81.4,79.1,81.5,777.5,782.6,781.8,783.5,4.89,58.5,11.0,3.0,38.8,0.71,14.04,4.0,LANE_A,20000.0,-22.0,85.6,CRUISE_LOITER,LADAKH,0,1.0
1788420250.661,5119.6,2106.8,72.0,79.0,81.5,79.0,81.4,780.6,782.9,783.0,784.9,4.82,58.3,11.1,3.0,38.7,0.73,14.12,4.2,LANE_A,20000.0,-22.0,85.7,CRUISE_LOITER,LADAKH,0,1.0
1788420251.412,5111.8,2103.6,72.0,79.5,81.8,78.9,81.6,780.7,783.0,782.5,785.3,4.87,58.3,11.0,3.0,38.7,0.72,14.12,4.0,LANE_A,20000.0,-22.0,85.7,CRUISE_LOITER,LADAKH,0,1.0
1788420251.919,5121.0,2107.4,72.0,79.5,81.8,79.1,81.5,777.5,782.8,782.1,783.2,4.89,58.3,11.0,3.0,38.9,0.72,14.07,4.2,LANE_A,20000.0,-22.0,85.8,CRUISE_LOITER,LADAKH,0,1.0
1788420252.426,5105.9,2101.2,72.0,79.4,82.2,78.7,81.3,777.4,785.2,779.5,784.4,4.81,58.1,11.1,3.0,38.6,0.69,14.1,4.1,LANE_A,20000.0,-22.0,85.8,CRUISE_LOITER,LADAKH,0,1.0
1788420252.93,5102.5,2099.8,72.0,79.6,81.7,79.0,81.5,780.5,784.7,781.2,783.0,4.88,58.5,11.1,3.0,38.4,0.71,14.12,4.0,LANE_A,20000.0,-22.0,85.9,CRUISE_LOITER,LADAKH,0,1.0
1788420253.44,5131.7,2111.8,72.0,79.2,81.6,78.9,81.3,776.6,782.3,781.6,784.5,4.91,58.6,11.1,3.0,38.8,0.69,14.06,4.0,LANE_A,20000.0,-22.0,85.9,CRUISE_LOITER,LADAKH,0,1.0
1788420253.936,5093.9,2096.3,72.0,79.3,81.9,78.8,81.0,778.1,784.9,779.9,783.3,4.9,58.3,11.2,3.0,38.6,0.72,14.12,4.1,LANE_A,20000.0,-22.0,85.9,CRUISE_LOITER,LADAKH,0,1.0
1788420254.443,5113.9,2104.5,72.0,79.2,81.6,78.8,81.1,779.8,784.5,781.0,782.2,4.92,58.2,11.1,3.0,38.7,0.71,14.09,4.1,LANE_A,20000.0,-22.0,86.0,CRUISE_LOITER,LADAKH,0,1.0
1788420254.965,5119.2,2106.7,72.0,79.4,81.8,78.6,81.5,778.8,782.0,782.5,783.3,4.87,58.3,11.0,3.0,38.8,0.71,14.11,4.0,LANE_A,20000.0,-22.0,86.0,CRUISE_LOITER,LADAKH,0,1.0
1788420255.462,5131.1,2111.6,72.0,79.4,81.8,78.6,81.3,780.7,783.8,781.1,786.5,4.9,58.5,11.2,3.0,38.5,0.71,14.13,3.9,LANE_A,20000.0,-22.0,86.1,CRUISE_LOITER,LADAKH,0,1.0
1788420255.968,5127.6,2110.1,72.0,79.4,81.7,78.7,81.3,779.2,784.0,781.7,783.7,4.87,58.4,11.1,3.0,38.6,0.71,14.1,4.1,LANE_A,20000.0,-22.0,86.1,CRUISE_LOITER,LADAKH,0,1.0
1788420256.476,5135.9,2113.5,72.0,79.0,81.7,78.9,81.3,778.1,783.9,781.8,784.6,4.88,58.6,11.1,3.0,38.6,0.72,14.1,4.1,LANE_A,20000.0,-22.0,86.2,CRUISE_LOITER,LADAKH,0,1.0
1788420256.994,5123.0,2108.2,72.0,79.2,81.7,78.6,81.0,779.4,783.6,779.7,784.4,4.95,58.2,11.1,3.0,38.7,0.73,14.06,4.1,LANE_A,20000.0,-22.0,86.2,CRUISE_LOITER,LADAKH,0,1.0
1788420257.498,5102.2,2099.7,72.0,78.8,81.9,78.2,81.2,777.6,785.8,780.3,785.6,4.92,58.5,11.2,3.0,38.6,0.69,14.08,4.1,LANE_A,20000.0,-22.0,86.3,CRUISE_LOITER,LADAKH,0,1.0
1788420257.998,5120.8,2107.3,72.0,79.1,81.8,78.7,81.3,780.0,782.7,782.8,785.9,4.83,58.5,11.0,3.0,38.7,0.73,14.07,4.1,LANE_A,20000.0,-22.0,86.3,CRUISE_LOITER,LADAKH,0,1.0
1788420258.518,5137.8,2114.3,72.0,79.3,81.7,78.8,81.1,778.6,784.7,781.3,783.4,4.85,58.6,11.2,3.0,38.6,0.71,14.07,4.1,LANE_A,20000.0,-22.0,86.4,CRUISE_LOITER,LADAKH,0,1.0
1788420259.027,5080.7,2090.8,72.0,79.2,81.8,78.6,81.4,779.8,783.1,781.0,787.3,4.87,58.3,11.1,3.0,38.8,0.7,14.1,4.1,LANE_A,20000.0,-22.0,86.4,CRUISE_LOITER,LADAKH,0,1.0
1788420259.535,5120.8,2107.3,72.0,79.3,81.7,78.7,81.0,779.2,783.0,781.2,783.3,4.88,58.4,11.2,3.0,38.5,0.73,14.1,4.0,LANE_A,20000.0,-22.0,86.5,CRUISE_LOITER,LADAKH,0,1.0
1788420260.043,5110.0,2102.9,72.0,79.0,81.6,78.8,80.9,780.5,782.9,780.0,784.1,4.89,58.0,11.1,3.0,38.8,0.7,14.11,4.1,LANE_A,20000.0,-22.0,86.5,CRUISE_LOITER,LADAKH,0,1.0
1788420260.553,5093.0,2095.9,72.0,79.3,81.7,79.0,80.8,777.7,784.8,781.0,784.0,4.85,58.5,11.1,3.0,38.7,0.71,14.14,4.1,LANE_A,20000.0,-22.0,86.6,CRUISE_LOITER,LADAKH,0,1.0
1788420261.06,5115.4,2105.1,72.0,79.2,81.6,78.3,81.0,780.0,783.8,780.0,782.9,4.85,58.5,11.3,3.0,38.6,0.71,14.09,4.1,LANE_A,20000.0,-22.0,86.6,CRUISE_LOITER,LADAKH,0,1.0
1788420261.567,5109.3,2102.6,72.0,79.0,81.6,78.6,81.0,778.1,785.0,780.4,784.2,4.85,58.4,11.1,3.0,38.4,0.7,14.1,4.1,LANE_A,20000.0,-22.0,86.7,CRUISE_LOITER,LADAKH,0,1.0
1788420262.076,5110.0,2102.9,72.0,79.0,81.8,78.3,81.2,780.4,785.2,779.5,784.3,4.84,58.4,11.0,3.0,38.5,0.68,14.07,4.2,LANE_A,20000.0,-22.0,86.7,CRUISE_LOITER,LADAKH,0,1.0
1788420262.572,5104.0,2100.4,72.0,79.2,81.3,78.5,80.7,779.5,784.1,782.3,785.0,4.91,58.2,11.1,3.0,38.6,0.72,14.15,4.1,LANE_A,20000.0,-22.0,86.7,CRUISE_LOITER,LADAKH,0,1.0
1788420263.092,5104.3,2100.5,72.0,78.8,81.6,78.6,81.1,779.4,785.2,781.8,785.9,4.89,58.0,11.1,3.0,38.5,0.66,14.11,4.0,LANE_A,20000.0,-22.0,86.8,CRUISE_LOITER,LADAKH,0,1.0
1788420263.604,5097.2,2097.6,72.0,78.8,81.7,78.5,81.2,779.7,782.7,779.2,785.6,4.87,58.1,11.2,3.0,38.8,0.72,14.13,4.0,LANE_A,20000.0,-22.0,86.8,CRUISE_LOITER,LADAKH,0,1.0
1788420264.109,5107.6,2101.9,72.0,79.0,81.7,78.2,80.9,779.6,786.1,780.2,784.4,4.92,58.0,11.0,3.0,38.8,0.72,14.06,4.0,LANE_A,20000.0,-22.0,86.9,CRUISE_LOITER,LADAKH,0,1.0
1788420264.616,5109.0,2102.5,72.0,79.1,81.6,78.3,81.3,778.5,786.7,782.1,784.8,4.84,58.2,11.1,3.0,38.5,0.71,14.12,4.0,LANE_A,20000.0,-22.0,86.9,CRUISE_LOITER,LADAKH,0,1.0
1788420265.123,5101.8,2099.5,72.0,78.7,81.3,78.1,81.2,780.7,785.6,780.9,783.2,4.86,58.0,10.9,3.0,38.7,0.71,14.09,4.1,LANE_A,20000.0,-22.0,87.0,CRUISE_LOITER,LADAKH,0,1.0
1788420265.635,5142.5,2116.3,72.0,79.1,81.5,78.1,80.9,777.6,785.8,781.8,784.4,4.89,58.4,11.1,3.0,38.8,0.71,14.08,3.7,LANE_A,20000.0,-22.0,87.0,CRUISE_LOITER,LADAKH,0,1.0
1788420266.144,5109.3,2102.6,72.0,78.8,81.4,78.2,80.8,777.8,785.1,780.5,784.5,4.89,58.3,11.1,3.0,38.7,0.71,14.07,4.1,LANE_A,20000.0,-22.0,87.1,CRUISE_LOITER,LADAKH,0,1.0
1788420266.651,5090.4,2094.8,72.0,78.7,81.6,78.2,81.2,777.6,781.9,779.5,786.3,4.81,58.2,11.1,3.0,38.6,0.69,14.11,3.9,LANE_A,20000.0,-22.0,87.1,CRUISE_LOITER,LADAKH,0,1.0
1788420267.158,5112.8,2104.0,72.0,78.8,81.5,78.6,80.8,777.9,785.8,780.0,785.4,4.83,58.0,11.1,3.0,38.6,0.71,14.09,4.1,LANE_A,20000.0,-22.0,87.2,CRUISE_LOITER,LADAKH,0,1.0
1788420267.666,5105.5,2101.0,72.0,78.8,81.4,78.2,80.9,778.0,785.6,781.0,783.8,4.88,58.2,11.0,3.0,38.7,0.7,14.07,4.0,LANE_A,20000.0,-22.0,87.2,CRUISE_LOITER,LADAKH,0,1.0
1788420268.174,5100.4,2098.9,72.0,79.0,81.3,78.5,80.8,780.7,785.0,778.6,786.8,4.9,58.1,11.1,3.0,38.8,0.7,14.1,4.0,LANE_A,20000.0,-22.0,87.3,CRUISE_LOITER,LADAKH,0,1.0
1788420268.671,5117.8,2106.1,72.0,78.8,81.3,78.5,80.8,778.9,785.6,781.5,784.0,4.84,58.1,11.1,3.0,38.4,0.73,14.11,4.0,LANE_A,20000.0,-22.0,87.3,CRUISE_LOITER,LADAKH,0,1.0
1788420269.189,5084.9,2092.6,72.0,78.4,81.5,78.3,80.8,778.7,786.3,779.6,783.8,4.88,58.0,11.0,3.0,38.6,0.7,14.14,3.9,LANE_A,20000.0,-22.0,87.4,CRUISE_LOITER,LADAKH,0,1.0
1788420269.698,5081.8,2091.3,72.0,78.8,81.2,78.3,80.9,777.2,784.6,780.7,784.8,4.9,58.0,11.0,3.0,38.5,0.7,14.08,4.0,LANE_A,20000.0,-22.0,87.4,CRUISE_LOITER,LADAKH,0,1.0
1788420270.203,5123.5,2108.4,72.0,78.6,81.6,78.3,80.8,779.3,785.0,780.6,785.9,4.86,58.2,11.0,3.0,38.7,0.72,14.07,3.9,LANE_A,20000.0,-22.0,87.5,CRUISE_LOITER,LADAKH,0,1.0
1788420270.978,5102.5,2099.8,72.0,78.9,81.3,78.4,80.4,778.4,787.4,783.1,781.6,4.88,57.9,11.2,3.0,38.8,0.72,14.09,4.1,LANE_A,20000.0,-22.0,87.5,CRUISE_LOITER,LADAKH,0,1.0
1788420271.472,5096.5,2097.3,72.0,78.9,81.2,78.0,80.8,779.7,784.0,781.3,784.7,4.85,58.0,11.1,3.0,38.6,0.71,14.11,4.0,LANE_A,20000.0,-22.0,87.6,CRUISE_LOITER,LADAKH,0,1.0
1788420271.978,5111.0,2103.3,72.0,78.9,81.4,78.1,80.7,779.8,785.4,781.9,784.4,4.89,58.0,10.9,3.0,38.5,0.7,14.08,4.0,LANE_A,20000.0,-22.0,87.6,CRUISE_LOITER,LADAKH,0,1.0
1788420272.486,5101.4,2099.3,72.0,78.6,81.2,78.5,81.1,777.7,786.2,781.4,784.6,4.87,58.0,11.1,3.0,38.7,0.68,14.06,3.9,LANE_A,20000.0,-22.0,87.7,CRUISE_LOITER,LADAKH,0,1.0
1788420272.984,5123.4,2108.4,72.0,78.5,81.4,78.3,80.8,779.9,784.5,782.7,786.4,4.89,58.0,11.1,3.0,38.8,0.74,14.09,4.1,LANE_A,20000.0,-22.0,87.7,CRUISE_LOITER,LADAKH,0,1.0
1788420273.5,5125.6,2109.3,72.0,79.0,81.7,78.4,81.0,778.2,785.8,782.6,786.6,4.86,58.0,11.2,3.0,38.6,0.73,14.11,4.0,LANE_A,20000.0,-22.0,87.8,CRUISE_LOITER,LADAKH,0,1.0
1788420274.008,5112.5,2103.9,72.0,78.6,81.2,77.9,80.9,778.3,783.8,782.9,786.9,4.91,58.1,11.2,2.9,38.8,0.75,14.08,4.1,LANE_A,20000.0,-22.0,87.8,CRUISE_LOITER,LADAKH,0,1.0
1788420274.739,5113.9,2104.5,72.0,78.6,81.3,78.2,80.6,779.3,785.4,779.7,784.8,4.9,57.9,10.9,3.0,38.8,0.74,14.11,4.1,LANE_A,20000.0,-22.0,87.9,CRUISE_LOITER,LADAKH,0,1.0
1788420275.249,5107.1,2101.7,72.0,78.3,81.3,78.2,80.6,777.5,785.8,782.9,785.6,4.91,57.8,11.1,3.0,38.5,0.71,14.11,4.0,LANE_A,20000.0,-22.0,87.9,CRUISE_LOITER,LADAKH,0,1.0
1788420275.755,5088.5,2094.0,72.0,78.8,81.5,78.1,80.7,779.8,785.0,780.5,785.0,4.85,58.1,10.9,3.0,38.5,0.71,14.08,3.9,LANE_A,20000.0,-22.0,88.0,CRUISE_LOITER,LADAKH,0,1.0
1788420276.266,5114.4,2104.7,72.0,78.8,81.1,78.2,80.7,777.8,785.6,783.0,787.1,4.88,57.9,11.1,3.0,38.4,0.72,14.11,3.9,LANE_A,20000.0,-22.0,88.0,CRUISE_LOITER,LADAKH,0,1.0
1788420276.771,5119.1,2106.6,72.0,78.8,81.2,78.4,80.8,780.2,784.1,782.4,785.1,4.88,57.7,11.1,3.0,38.7,0.72,14.13,4.0,LANE_A,20000.0,-22.0,88.1,CRUISE_LOITER,LADAKH,0,1.0
1788420277.268,5097.9,2097.9,72.0,79.0,81.1,78.2,80.8,780.8,783.6,782.4,782.7,4.87,57.9,11.2,3.0,38.8,0.71,14.12,4.0,LANE_A,20000.0,-22.0,88.1,CRUISE_LOITER,LADAKH,0,1.0
1788420277.783,5107.1,2101.7,72.0,78.8,81.3,78.4,80.5,779.5,784.4,782.3,784.1,4.83,57.9,11.0,3.0,38.7,0.71,14.08,4.2,LANE_A,20000.0,-22.0,88.2,CRUISE_LOITER,LADAKH,0,1.0
1788420278.295,5092.8,2095.8,72.0,78.4,81.1,78.1,80.6,780.6,785.7,781.2,785.7,4.87,58.2,11.0,3.0,38.8,0.72,14.09,3.9,LANE_A,20000.0,-22.0,88.2,CRUISE_LOITER,LADAKH,0,1.0
1788420278.799,5125.8,2109.4,72.0,78.7,81.3,78.0,80.5,778.1,785.0,782.8,786.4,4.92,57.9,11.0,3.0,38.5,0.71,14.1,4.1,LANE_A,20000.0,-22.0,88.3,CRUISE_LOITER,LADAKH,0,1.0
1788420279.31,5089.6,2094.5,72.0,78.6,81.0,78.0,80.5,778.5,785.5,782.4,785.4,4.9,58.0,11.2,3.0,38.7,0.7,14.11,4.2,LANE_A,20000.0,-22.0,88.3,CRUISE_LOITER,LADAKH,0,1.0
1788420279.817,5106.3,2101.4,72.0,78.8,81.2,78.1,80.5,779.0,783.4,783.8,783.8,4.85,57.8,11.0,3.0,38.5,0.72,14.08,4.2,LANE_A,20000.0,-22.0,88.4,CRUISE_LOITER,LADAKH,0,1.0
1788420280.328,5135.9,2113.5,72.0,78.6,81.2,78.1,80.6,781.7,787.3,783.5,783.2,4.88,57.9,11.0,3.0,38.7,0.73,14.13,4.1,LANE_A,20000.0,-22.0,88.4,CRUISE_LOITER,LADAKH,0,1.0
1788420280.836,5109.0,2102.4,72.0,78.5,81.3,78.1,80.6,780.3,783.6,781.6,783.3,4.83,57.7,11.1,3.0,38.5,0.69,14.09,4.1,LANE_A,20000.0,-22.0,88.5,CRUISE_LOITER,LADAKH,0,1.0
1788420281.344,5120.1,2107.0,72.0,78.5,81.0,78.2,80.5,778.3,784.1,782.3,784.8,4.87,57.9,11.2,3.0,38.5,0.73,14.09,4.0,LANE_A,20000.0,-22.0,88.5,CRUISE_LOITER,LADAKH,0,1.0
1788420281.849,5099.1,2098.4,72.0,78.5,81.1,78.0,80.6,778.7,784.7,783.2,784.8,4.91,57.8,11.1,3.0,38.7,0.74,14.09,4.1,LANE_A,20000.0,-22.0,88.6,CRUISE_LOITER,LADAKH,0,1.0
1788420282.356,5132.6,2112.2,72.0,78.8,81.0,78.2,80.3,780.9,786.3,780.7,785.5,4.86,58.0,11.0,3.0,38.7,0.72,14.05,4.0,LANE_A,20000.0,-22.0,88.6,CRUISE_LOITER,LADAKH,0,1.0
1788420282.856,5113.3,2104.2,72.0,78.2,81.0,78.0,80.6,778.7,784.8,782.2,786.1,4.85,57.7,11.1,3.0,38.6,0.69,14.13,3.9,LANE_A,20000.0,-22.0,88.7,CRUISE_LOITER,LADAKH,0,1.0
1788420283.373,5116.6,2105.6,72.0,78.5,81.3,78.0,80.2,778.8,783.8,780.9,784.0,4.92,57.8,11.0,3.0,38.8,0.74,14.1,4.1,LANE_A,20000.0,-22.0,88.7,CRUISE_LOITER,LADAKH,0,1.0
1788420283.882,5132.3,2112.1,72.0,78.8,80.9,77.8,80.5,778.0,784.6,782.5,781.5,4.83,58.0,11.0,3.0,38.7,0.7,14.16,4.2,LANE_A,20000.0,-22.0,88.8,CRUISE_LOITER,LADAKH,0,1.0
1788420284.38,5106.6,2101.5,72.0,78.4,81.2,78.2,80.3,779.1,786.2,782.4,785.1,4.84,57.9,11.2,3.0,38.5,0.71,14.11,4.1,LANE_A,20000.0,-22.0,88.8,CRUISE_LOITER,LADAKH,0,1.0
1788420284.897,5120.6,2107.2,72.0,78.3,80.6,78.1,80.7,780.2,785.6,782.2,783.5,4.82,58.0,11.0,3.0,38.5,0.71,14.1,4.2,LANE_A,20000.0,-22.0,88.9,CRUISE_LOITER,LADAKH,0,1.0
1788420285.402,5091.4,2095.2,72.0,78.4,81.1,77.9,80.6,779.0,785.2,780.2,786.9,4.91,57.8,11.1,3.0,38.8,0.7,14.1,4.0,LANE_A,20000.0,-22.0,88.9,CRUISE_LOITER,LADAKH,0,1.0
1788420285.913,5104.7,2100.7,72.0,78.3,81.0,78.2,80.1,777.8,785.6,781.1,785.3,4.87,57.6,11.0,3.0,38.6,0.7,14.11,3.9,LANE_A,20000.0,-22.0,89.0,CRUISE_LOITER,LADAKH,0,1.0
1788420286.419,5094.7,2096.6,72.0,79.0,80.8,77.6,80.4,781.0,784.3,780.9,785.5,4.88,57.9,11.0,3.0,38.6,0.72,14.08,4.1,LANE_A,20000.0,-22.0,89.0,CRUISE_LOITER,LADAKH,0,1.0
1788420286.927,5119.4,2106.8,72.0,78.3,81.0,77.6,80.3,781.0,785.6,782.6,784.1,4.86,57.8,11.0,3.0,38.9,0.71,14.1,4.2,LANE_A,20000.0,-22.0,89.1,CRUISE_LOITER,LADAKH,0,1.0
1788420287.435,5101.4,2099.3,72.0,78.1,80.8,78.1,80.4,778.3,785.8,782.0,785.7,4.91,57.7,11.0,3.0,38.6,0.71,14.09,4.1,LANE_A,20000.0,-22.0,89.1,CRUISE_LOITER,LADAKH,0,1.0
1788420287.945,5110.1,2102.9,72.0,78.6,80.9,78.0,80.6,779.2,784.1,779.9,785.2,4.94,58.0,11.0,3.0,38.5,0.72,14.11,4.0,LANE_A,20000.0,-22.0,89.2,CRUISE_LOITER,LADAKH,0,1.0
1788420288.452,5102.3,2099.7,72.0,78.4,81.0,77.8,80.4,778.9,784.2,781.8,785.5,4.92,57.5,11.0,3.0,38.6,0.73,14.11,4.1,LANE_A,20000.0,-22.0,89.2,CRUISE_LOITER,LADAKH,0,1.0
1788420288.963,5114.1,2104.6,72.0,78.3,81.1,77.8,80.5,780.6,784.7,780.1,784.2,4.87,57.6,11.2,3.0,38.6,0.72,14.1,4.0,LANE_A,20000.0,-22.0,89.3,CRUISE_LOITER,LADAKH,0,1.0
1788420289.471,5109.7,2102.7,72.0,78.4,80.8,78.1,80.4,779.1,785.5,781.3,782.6,4.86,57.7,11.0,3.0,38.4,0.71,14.11,3.9,LANE_A,20000.0,-22.0,89.3,CRUISE_LOITER,LADAKH,0,1.0
1788420289.98,5106.0,2101.2,72.0,78.6,80.9,77.8,80.1,779.0,785.0,784.3,786.1,4.93,57.6,11.2,3.0,38.6,0.72,14.08,4.0,LANE_A,20000.0,-22.0,89.4,CRUISE_LOITER,LADAKH,0,1.0
1788420290.476,5122.6,2108.0,72.0,78.2,81.0,77.8,80.7,780.0,784.2,782.5,784.1,4.83,57.6,11.2,3.0,38.5,0.71,14.12,4.1,LANE_A,20000.0,-22.0,89.4,CRUISE_LOITER,LADAKH,0,1.0
1788420291.266,5122.7,2108.1,72.0,78.3,81.0,78.0,80.1,780.9,784.7,783.0,786.0,4.9,57.6,11.0,3.0,38.4,0.73,14.1,4.1,LANE_A,20000.0,-22.0,89.5,CRUISE_LOITER,LADAKH,0,1.0
1788420291.772,5118.4,2106.3,72.0,78.2,80.8,77.6,80.1,782.1,785.1,782.0,785.4,4.92,57.6,11.1,3.0,38.7,0.74,14.11,4.0,LANE_A,20000.0,-22.0,89.5,CRUISE_LOITER,LADAKH,0,1.0
1788420292.278,5133.9,2112.7,72.0,78.5,80.9,77.7,80.0,780.0,784.0,781.5,783.2,4.89,57.4,11.1,3.0,38.6,0.73,14.13,3.9,LANE_A,20000.0,-22.0,89.6,CRUISE_LOITER,LADAKH,0,1.0
1788420292.785,5121.5,2107.6,72.0,78.1,80.8,77.8,80.2,778.2,787.0,780.6,784.7,4.89,57.8,11.0,3.0,38.6,0.73,14.07,3.9,LANE_A,20000.0,-22.0,89.6,CRUISE_LOITER,LADAKH,0,1.0
1788420293.301,5120.1,2107.0,72.0,78.2,81.0,77.9,80.3,777.4,784.3,783.9,785.0,4.87,57.9,11.0,3.0,38.8,0.72,14.09,4.2,LANE_A,20000.0,-22.0,89.7,CRUISE_LOITER,LADAKH,0,1.0
1788420293.796,5124.4,2108.8,72.0,78.2,81.1,77.7,80.3,782.5,784.5,780.9,783.6,4.92,57.6,11.2,3.0,38.6,0.71,14.1,4.1,LANE_A,20000.0,-22.0,89.7,CRUISE_LOITER,LADAKH,0,1.0
1788420294.312,5112.3,2103.8,72.0,78.4,80.7,77.3,80.3,779.5,784.0,781.4,784.0,4.87,57.6,11.0,3.0,38.3,0.72,14.11,4.1,LANE_A,20000.0,-22.0,89.7,CRUISE_LOITER,LADAKH,0,1.0
1788420294.821,5118.9,2106.6,72.0,78.6,80.8,77.6,80.4,781.6,785.7,780.5,785.3,4.93,57.5,11.0,3.0,38.4,0.72,14.09,4.0,LANE_A,20000.0,-22.0,89.8,CRUISE_LOITER,LADAKH,0,1.0
1788420295.329,5115.9,2105.3,72.0,78.2,80.8,78.1,80.2,779.6,786.0,779.2,785.0,4.87,57.6,10.9,3.0,38.7,0.69,14.08,4.1,LANE_A,20000.0,-22.0,89.8,CRUISE_LOITER,LADAKH,0,1.0
1788420295.838,5131.7,2111.8,72.0,78.5,80.8,77.9,80.3,780.3,785.1,781.2,783.5,4.89,57.4,10.9,3.0,38.6,0.71,14.1,4.1,LANE_A,20000.0,-22.0,89.9,CRUISE_LOITER,LADAKH,0,1.0
1788420296.345,5132.8,2112.3,72.0,77.9,80.8,77.4,80.3,778.5,784.8,782.6,784.1,4.92,57.8,11.3,3.0,38.7,0.74,14.13,4.3,LANE_A,20000.0,-22.0,89.9,CRUISE_LOITER,LADAKH,0,1.0
1788420296.851,5116.8,2105.7,72.0,78.0,80.8,77.5,80.0,779.8,787.7,781.2,786.3,4.86,57.7,11.0,3.0,38.7,0.71,14.09,4.0,LANE_A,20000.0,-22.0,90.0,CRUISE_LOITER,LADAKH,0,1.0
1788420297.347,5087.6,2093.7,72.0,78.3,80.8,77.9,80.9,779.0,784.4,783.8,783.7,4.87,57.9,11.1,3.0,38.8,0.71,14.1,4.0,LANE_A,20000.0,-22.0,90.0,CRUISE_LOITER,LADAKH,0,1.0
1788420297.866,5082.6,2091.6,72.0,78.2,80.4,77.4,79.9,778.8,783.6,783.2,784.6,4.88,57.5,11.0,3.0,38.6,0.72,14.12,3.9,LANE_A,20000.0,-22.0,90.1,CRUISE_LOITER,LADAKH,0,1.0
1788420298.373,5127.0,2109.9,72.0,78.2,80.6,77.7,80.3,780.0,784.1,782.8,781.8,4.91,57.8,11.2,3.0,38.4,0.73,14.1,4.2,LANE_A,20000.0,-22.0,90.1,CRUISE_LOITER,LADAKH,0,1.0
1788420298.881,5106.0,2101.2,72.0,77.9,80.7,78.2,80.3,781.2,784.5,782.4,786.8,4.89,57.9,10.9,3.0,38.8,0.71,14.09,4.2,LANE_A,20000.0,-22.0,90.2,CRUISE_LOITER,LADAKH,0,1.0
1788420299.376,5124.1,2108.7,72.0,78.3,80.5,78.3,80.3,781.1,786.1,779.9,782.0,4.95,57.7,11.1,3.0,38.7,0.73,14.08,4.0,LANE_A,20000.0,-22.0,90.2,CRUISE_LOITER,LADAKH,0,1.0
1788420299.894,5112.2,2103.8,72.0,78.1,80.7,77.1,80.0,779.7,785.5,783.7,785.0,4.92,57.7,11.1,3.0,38.5,0.71,14.11,3.9,LANE_A,20000.0,-22.0,90.3,CRUISE_LOITER,LADAKH,0,1.0
1788420300.399,5105.2,2100.9,72.0,78.0,81.1,77.6,80.6,781.2,786.5,783.7,785.6,4.88,57.5,11.0,3.0,38.6,0.72,14.12,4.2,LANE_A,20000.0,-22.0,90.3,CRUISE_LOITER,LADAKH,0,1.0
1788420300.907,5119.2,2106.7,72.0,78.3,80.8,77.8,80.3,779.3,786.6,782.7,786.1,4.88,57.7,11.0,3.0,38.6,0.72,14.12,4.2,LANE_A,20000.0,-22.0,90.3,CRUISE_LOITER,LADAKH,0,1.0
1788420301.416,5112.4,2103.9,72.0,78.0,80.6,77.6,80.0,778.9,784.0,779.7,783.4,4.88,57.6,11.1,3.0,38.5,0.72,14.16,4.1,LANE_A,20000.0,-22.0,90.4,CRUISE_LOITER,LADAKH,0,1.0
1788420301.926,5121.2,2107.5,72.0,78.5,80.6,77.6,80.3,780.9,785.0,781.9,785.5,4.89,57.8,10.9,3.0,38.7,0.71,14.12,4.1,LANE_A,20000.0,-22.0,90.4,CRUISE_LOITER,LADAKH,0,1.0
1788420302.431,5122.2,2107.9,72.0,78.0,80.9,77.9,80.2,780.0,786.7,784.6,783.6,4.89,57.5,11.1,3.0,38.6,0.74,14.1,4.0,LANE_A,20000.0,-22.0,90.5,CRUISE_LOITER,LADAKH,0,1.0
1788420302.935,5098.0,2097.9,72.0,78.4,80.8,77.9,80.0,778.7,785.2,778.6,785.0,4.89,57.6,11.0,3.0,38.6,0.72,14.08,4.0,LANE_A,20000.0,-22.0,90.5,CRUISE_LOITER,LADAKH,0,1.0
1788420303.442,5134.9,2113.1,72.0,78.1,81.0,77.6,80.1,781.3,784.1,783.0,785.0,4.9,57.4,11.0,3.0,38.8,0.71,14.12,4.1,LANE_A,20000.0,-22.0,90.6,CRUISE_LOITER,LADAKH,0,1.0
1788420303.951,5124.5,2108.9,72.0,78.1,80.6,77.5,80.1,778.9,785.8,783.0,784.0,4.85,57.4,11.1,3.0,38.5,0.71,14.11,4.0,LANE_A,20000.0,-22.0,90.6,CRUISE_LOITER,LADAKH,0,1.0
1788420304.456,5125.9,2109.4,72.0,78.1,80.5,77.4,80.4,780.3,787.1,780.4,786.7,4.88,57.4,11.2,3.0,38.7,0.71,14.09,4.1,LANE_A,20000.0,-22.0,90.6,CRUISE_LOITER,LADAKH,0,1.0
1788420304.956,5093.6,2096.1,72.0,78.3,80.5,77.1,80.1,780.8,784.7,783.5,786.8,4.89,57.7,11.1,3.0,38.6,0.73,14.09,4.1,LANE_A,20000.0,-22.0,90.7,CRUISE_LOITER,LADAKH,0,1.0
1788420305.472,5124.5,2108.8,72.0,78.2,80.3,77.7,80.1,780.2,786.1,780.4,786.5,4.91,57.2,11.1,3.0,38.7,0.7,14.15,4.2,LANE_A,20000.0,-22.0,90.7,CRUISE_LOITER,LADAKH,0,1.0
1788420305.992,5094.4,2096.5,72.0,78.0,80.7,77.6,80.3,781.5,786.1,785.0,785.1,4.87,57.6,11.1,3.0,38.7,0.72,14.12,4.2,LANE_A,20000.0,-22.0,90.8,CRUISE_LOITER,LADAKH,0,1.0
1788420306.565,5118.9,2106.5,72.0,78.2,81.0,77.6,80.0,779.0,786.0,780.6,786.4,4.92,57.6,11.1,3.0,38.7,0.7,14.09,4.2,LANE_A,20000.0,-22.0,90.8,CRUISE_LOITER,LADAKH,0,1.0
1788420307.071,5114.9,2104.9,72.0,78.2,80.8,77.8,80.2,780.8,784.3,783.4,786.2,4.9,57.6,11.2,3.0,38.6,0.71,14.08,4.2,LANE_A,20000.0,-22.0,90.9,CRUISE_LOITER,LADAKH,0,1.0
1788420307.578,5072.9,2087.6,72.0,78.0,80.7,77.5,79.8,778.9,785.4,783.0,786.0,4.88,57.4,11.1,3.0,38.8,0.71,14.11,4.2,LANE_A,20000.0,-22.0,90.9,CRUISE_LOITER,LADAKH,0,1.0
1788420308.078,5110.2,2102.9,72.0,78.0,80.6,77.4,80.0,780.0,785.0,782.2,783.4,4.94,57.4,10.9,3.0,38.8,0.69,14.09,4.1,LANE_A,20000.0,-22.0,90.9,CRUISE_LOITER,LADAKH,0,1.0
1788420308.596,5108.3,2102.2,72.0,77.7,80.3,77.4,80.0,781.4,783.2,780.4,785.7,4.87,57.8,11.0,3.0,38.7,0.7,14.09,4.1,LANE_A,20000.0,-22.0,91.0,CRUISE_LOITER,LADAKH,0,1.0
1788420309.106,5118.4,2106.4,72.0,78.2,80.6,77.4,80.1,780.3,786.8,782.8,783.9,4.88,57.6,10.9,3.0,38.9,0.71,14.1,4.2,LANE_A,20000.0,-22.0,91.0,CRUISE_LOITER,LADAKH,0,1.0
1788420309.613,5124.4,2108.8,72.0,78.1,80.3,77.8,80.3,780.9,786.9,783.7,786.0,4.85,57.6,11.0,3.0,38.9,0.72,14.1,4.3,LANE_A,20000.0,-22.0,91.1,CRUISE_LOITER,LADAKH,0,1.0
1788420310.123,5113.2,2104.2,72.0,78.5,80.6,77.4,80.2,779.5,784.9,781.8,786.2,4.91,57.5,11.1,3.0,38.7,0.73,14.11,4.0,LANE_A,20000.0,-22.0,91.1,CRUISE_LOITER,LADAKH,0,1.0
1788420310.63,5115.1,2105.0,72.0,78.0,80.7,77.4,80.0,780.2,786.1,781.4,784.7,4.87,57.6,11.0,3.0,38.4,0.72,14.08,3.9,LANE_A,20000.0,-22.0,91.1,CRUISE_LOITER,LADAKH,0,1.0
1788420311.414,5090.5,2094.9,72.0,78.1,80.8,77.8,80.1,780.9,784.9,784.0,784.5,4.86,57.7,10.9,3.0,38.8,0.7,14.12,4.0,LANE_A,20000.0,-22.0,91.2,CRUISE_LOITER,LADAKH,0,1.0
1788420311.921,5096.3,2097.3,72.0,77.8,80.6,77.6,79.8,781.6,785.3,781.5,785.6,4.82,57.6,11.0,3.0,38.7,0.74,14.12,4.1,LANE_A,20000.0,-22.0,91.2,CRUISE_LOITER,LADAKH,0,1.0
1788420312.415,5108.3,2102.2,72.0,77.9,80.8,77.5,80.4,781.4,784.5,780.5,784.3,4.91,57.4,11.1,3.0,38.7,0.74,14.09,4.1,LANE_A,20000.0,-22.0,91.2,CRUISE_LOITER,LADAKH,0,1.0
1788420312.924,5109.1,2102.5,72.0,78.1,80.5,77.4,80.1,779.9,785.2,781.4,784.9,4.92,57.5,11.0,3.0,38.5,0.73,14.11,4.2,LANE_A,20000.0,-22.0,91.3,CRUISE_LOITER,LADAKH,0,1.0
1788420313.443,5124.0,2108.6,72.0,78.1,80.5,77.8,79.9,779.2,785.1,783.4,785.4,4.86,57.5,11.0,3.0,38.5,0.72,14.07,4.0,LANE_A,20000.0,-22.0,91.3,CRUISE_LOITER,LADAKH,0,1.0
1788420313.942,5138.7,2114.7,72.0,78.1,80.7,77.7,80.1,781.1,786.8,784.0,784.7,4.87,57.7,11.2,3.0,38.4,0.71,14.1,4.0,LANE_A,20000.0,-22.0,91.4,CRUISE_LOITER,LADAKH,0,1.0
1788420314.461,5110.2,2102.9,72.0,78.0,80.5,77.3,80.2,781.2,786.0,783.8,784.2,4.95,57.5,11.1,3.0,38.7,0.72,14.08,4.2,LANE_A,20000.0,-22.0,91.4,CRUISE_LOITER,LADAKH,0,1.0
1788420314.97,5108.7,2102.3,72.0,78.0,80.4,77.5,79.9,779.6,784.5,782.1,786.1,4.89,57.2,11.1,3.0,38.7,0.71,14.1,4.2,LANE_A,20000.0,-22.0,91.4,CRUISE_LOITER,LADAKH,0,1.0
1788420315.475,5119.6,2106.8,72.0,78.1,80.4,77.3,79.9,779.6,784.5,782.8,785.0,4.91,57.2,11.1,3.0,38.6,0.69,14.08,4.0,LANE_A,20000.0,-22.0,91.5,CRUISE_LOITER,LADAKH,0,1.0
1788420315.984,5105.8,2101.1,72.0,78.1,80.6,77.8,79.9,780.8,786.6,781.1,785.9,4.87,57.3,11.1,3.0,38.7,0.72,14.12,4.0,LANE_A,20000.0,-22.0,91.5,CRUISE_LOITER,LADAKH,0,1.0
1788420316.492,5113.6,2104.4,72.0,78.1,80.5,77.8,79.8,782.2,784.4,780.1,784.5,4.9,57.8,11.1,3.0,38.5,0.74,14.1,4.0,LANE_A,20000.0,-22.0,91.5,CRUISE_LOITER,LADAKH,0,1.0
1788420316.994,5119.7,2106.9,72.0,78.1,80.7,77.4,80.1,780.8,785.2,784.0,785.1,4.89,57.5,11.1,3.0,38.7,0.71,14.08,4.1,LANE_A,20000.0,-22.0,91.6,CRUISE_LOITER,LADAKH,0,1.0
1788420317.504,5125.3,2109.2,72.0,78.2,80.7,77.5,80.4,779.4,787.3,781.6,784.7,4.86,57.4,11.1,3.0,38.8,0.72,14.06,4.0,LANE_A,20000.0,-22.0,91.6,CRUISE_LOITER,LADAKH,0,1.0
1788420318.007,5105.6,2101.1,72.0,78.0,80.3,77.4,79.9,779.1,784.4,782.3,786.5,4.88,57.4,11.1,3.0,38.7,0.72,14.09,4.1,LANE_A,20000.0,-22.0,91.6,CRUISE_LOITER,LADAKH,0,1.0
1788420318.514,5120.4,2107.2,72.0,78.0,80.3,77.2,79.9,780.5,787.7,781.5,784.6,4.92,57.4,11.2,3.0,38.7,0.72,14.09,4.1,LANE_A,20000.0,-22.0,91.7,CRUISE_LOITER,LADAKH,0,1.0
1788420319.027,5095.9,2097.1,72.0,78.0,80.5,77.8,80.0,779.8,783.8,782.2,785.1,4.87,57.6,11.1,3.0,38.7,0.71,14.07,4.1,LANE_A,20000.0,-22.0,91.7,CRUISE_LOITER,LADAKH,0,1.0
1788420319.534,5109.5,2102.7,72.0,78.1,80.6,77.8,79.8,778.8,786.2,781.6,788.6,4.95,57.3,11.1,3.0,38.7,0.72,14.1,4.1,LANE_A,20000.0,-22.0,91.7,CRUISE_LOITER,LADAKH,0,1.0
1788420320.045,5112.5,2103.9,72.0,77.7,80.6,77.5,80.0,781.1,787.3,783.0,784.5,4.9,57.3,10.9,3.0,38.9,0.74,14.11,4.0,LANE_A,20000.0,-22.0,91.8,CRUISE_LOITER,LADAKH,0,1.0
1788420320.553,5116.2,2105.4,72.0,78.1,80.6,77.5,80.1,780.0,787.1,781.5,784.9,4.87,57.5,11.0,3.0,38.8,0.69,14.1,4.2,LANE_A,20000.0,-22.0,91.8,CRUISE_LOITER,LADAKH,0,1.0
1788420321.06,5132.5,2112.1,72.0,78.0,80.7,77.8,80.1,778.9,785.8,782.8,786.6,4.88,57.5,11.1,3.0,38.7,0.72,14.09,4.2,LANE_A,20000.0,-22.0,91.8,CRUISE_LOITER,LADAKH,0,1.0
1788420321.558,5105.7,2101.1,72.0,78.1,80.3,77.4,80.3,778.4,783.8,781.3,783.5,4.92,57.3,11.2,3.0,38.7,0.72,14.12,4.2,LANE_A,20000.0,-22.0,91.9,CRUISE_LOITER,LADAKH,0,1.0
1788420322.076,5117.3,2105.9,72.0,78.1,80.4,77.8,79.9,781.4,784.5,784.0,785.5,4.83,57.4,11.1,3.0,38.5,0.72,14.14,4.1,LANE_A,20000.0,-22.0,91.9,CRUISE_LOITER,LADAKH,0,1.0
1788420322.584,5106.1,2101.3,72.0,77.8,80.3,77.5,80.0,780.2,787.0,781.8,786.5,4.95,57.3,11.2,3.0,38.6,0.7,14.08,4.0,LANE_A,20000.0,-22.0,91.9,CRUISE_LOITER,LADAKH,0,1.0
1788420323.094,5128.6,2110.5,72.0,78.2,80.3,77.8,80.1,780.7,786.4,783.6,785.1,4.89,57.6,11.1,3.0,38.7,0.72,14.06,4.1,LANE_A,20000.0,-22.0,92.0,CRUISE_LOITER,LADAKH,0,1.0
1788420323.589,5104.8,2100.7,72.0,78.1,80.8,77.6,80.0,779.6,785.4,784.5,787.4,4.92,57.5,10.9,3.0,38.7,0.72,14.15,4.1,LANE_A,20000.0,-22.0,92.0,CRUISE_LOITER,LADAKH,0,1.0
1788420324.107,5118.5,2106.4,72.0,77.8,80.3,77.5,79.8,782.1,786.7,782.9,784.2,4.86,57.5,11.0,3.0,38.7,0.7,14.08,4.2,LANE_A,20000.0,-22.0,92.0,CRUISE_LOITER,LADAKH,0,1.0
1788420324.614,5117.7,2106.1,72.0,77.8,80.3,77.5,80.0,783.0,786.3,781.0,788.4,4.85,57.6,11.1,3.0,38.6,0.7,14.09,4.0,LANE_A,20000.0,-22.0,92.1,CRUISE_LOITER,LADAKH,0,1.0
1788420325.127,5131.0,2111.5,72.0,77.7,80.5,77.4,80.0,779.5,784.5,784.1,784.8,4.89,57.5,11.1,3.0,38.5,0.71,14.1,4.1,LANE_A,20000.0,-22.0,92.1,CRUISE_LOITER,LADAKH,0,1.0
1788420325.632,5088.7,2094.1,72.0,78.0,80.4,77.2,80.0,780.2,784.4,784.1,787.5,4.92,57.4,11.3,3.0,38.7,0.73,14.07,4.0,LANE_A,20000.0,-22.0,92.1,CRUISE_LOITER,LADAKH,0,1.0
1788420326.143,5120.8,2107.3,72.0,78.2,80.6,77.7,79.8,780.7,786.1,781.6,784.9,4.82,57.4,11.0,3.0,38.8,0.71,14.09,4.0,LANE_A,20000.0,-22.0,92.1,CRUISE_LOITER,LADAKH,0,1.0
1788420326.65,5110.6,2103.1,72.0,77.9,80.7,77.8,79.9,779.4,783.3,782.5,785.9,4.9,57.4,11.2,3.0,38.8,0.71,14.12,4.1,LANE_A,20000.0,-22.0,92.2,CRUISE_LOITER,LADAKH,0,1.0
1788420327.157,5132.5,2112.2,72.0,77.8,80.6,77.3,80.2,781.3,784.7,784.1,785.6,4.92,57.5,11.1,3.0,38.8,0.73,14.11,4.0,LANE_A,20000.0,-22.0,92.2,CRUISE_LOITER,LADAKH,0,1.0
1788420327.655,5139.0,2114.8,72.0,78.0,80.3,77.5,80.1,778.2,786.1,783.8,786.6,4.85,57.4,11.1,3.0,38.8,0.72,14.12,4.2,LANE_A,20000.0,-22.0,92.2,CRUISE_LOITER,LADAKH,0,1.0
1788420328.176,5130.2,2111.2,72.0,77.7,80.6,77.6,80.0,781.0,785.9,780.3,786.1,4.83,57.2,11.2,3.0,38.8,0.71,14.12,4.2,LANE_A,20000.0,-22.0,92.3,CRUISE_LOITER,LADAKH,0,1.0
1788420328.682,5129.1,2110.7,72.0,78.3,80.9,77.3,79.9,780.1,787.8,784.2,786.7,4.95,57.5,11.0,3.0,38.9,0.75,14.09,4.0,LANE_A,20000.0,-22.0,92.3,CRUISE_LOITER,LADAKH,0,1.0
1788420329.188,5125.5,2109.2,72.0,78.1,80.4,77.3,80.2,781.0,785.3,784.2,785.4,4.88,57.3,11.0,2.9,38.8,0.7,14.06,4.3,LANE_A,20000.0,-22.0,92.3,CRUISE_LOITER,LADAKH,0,1.0
1788420329.698,5121.4,2107.6,72.0,77.8,80.4,77.3,79.9,779.0,787.4,783.9,783.9,4.88,57.1,11.0,3.0,38.7,0.74,14.1,4.1,LANE_A,20000.0,-22.0,92.3,CRUISE_LOITER,LADAKH,0,1.0
1788420330.21,5120.9,2107.4,72.0,78.1,80.5,77.3,80.0,779.9,785.5,783.0,784.9,4.89,57.7,11.2,3.0,38.9,0.72,14.1,4.0,LANE_A,20000.0,-22.0,92.4,CRUISE_LOITER,LADAKH,0,1.0
1788420330.704,5125.3,2109.2,72.0,78.3,80.7,77.6,79.9,781.5,786.9,782.6,785.5,4.89,57.6,11.1,3.0,38.6,0.71,14.07,4.0,LANE_A,20000.0,-22.0,92.4,CRUISE_LOITER,LADAKH,0,1.0
1788420331.51,5130.7,2111.4,72.0,78.3,80.7,77.5,80.1,781.4,785.6,783.2,786.5,4.89,57.5,11.2,3.0,38.6,0.71,14.08,4.0,LANE_A,20000.0,-22.0,92.4,CRUISE_LOITER,LADAKH,0,1.0
1788420332.02,5135.8,2113.5,72.0,77.9,80.4,77.4,80.1,779.3,786.4,782.8,786.1,4.91,57.6,11.1,3.0,38.4,0.72,14.09,4.2,LANE_A,20000.0,-22.0,92.4,CRUISE_LOITER,LADAKH,0,1.0
1788420332.526,5126.5,2109.7,72.0,78.1,80.4,77.6,80.2,779.5,783.5,784.6,785.3,4.94,57.5,11.1,3.0,38.7,0.72,14.08,3.9,LANE_A,20000.0,-22.0,92.4,CRUISE_LOITER,LADAKH,0,1.0
1788420333.027,5146.4,2117.8,72.0,78.0,80.5,77.8,80.2,781.0,784.7,783.1,785.9,4.87,57.3,11.0,3.0,38.8,0.73,14.09,4.2,LANE_A,20000.0,-22.0,92.5,CRUISE_LOITER,LADAKH,0,1.0
1788420333.546,5122.8,2108.1,72.0,78.2,80.6,77.7,80.2,779.0,786.0,779.1,786.4,4.81,57.6,11.1,3.0,38.8,0.72,14.08,4.1,LANE_A,20000.0,-22.0,92.5,CRUISE_LOITER,LADAKH,0,1.0
1788420334.052,5105.9,2101.2,72.0,78.1,80.5,77.4,80.2,778.5,786.4,782.8,786.0,4.87,57.4,11.1,3.0,38.7,0.72,14.1,4.1,LANE_A,20000.0,-22.0,92.5,CRUISE_LOITER,LADAKH,0,1.0
1788420334.551,5126.0,2109.5,72.0,78.0,80.4,77.8,80.2,781.1,785.4,781.8,787.7,4.87,57.5,11.2,3.0,39.0,0.73,14.11,4.1,LANE_A,20000.0,-22.0,92.5,CRUISE_LOITER,LADAKH,0,1.0
1788420335.058,5131.4,2111.7,72.0,77.7,80.3,77.9,80.2,779.8,784.9,783.2,786.7,4.91,57.5,11.1,3.0,38.9,0.71,14.06,4.0,LANE_A,20000.0,-22.0,92.6,CRUISE_LOITER,LADAKH,0,1.0
1788420335.574,5125.1,2109.1,72.0,78.0,80.8,77.7,79.8,783.8,785.3,781.9,785.2,4.88,57.5,11.1,3.0,38.8,0.73,14.09,4.1,LANE_A,20000.0,-22.0,92.6,CRUISE_LOITER,LADAKH,0,1.0
1788420336.083,5136.2,2113.7,72.0,78.1,80.7,77.8,80.2,781.2,784.9,781.7,785.8,4.87,57.5,11.2,3.0,38.5,0.72,14.11,4.1,LANE_A,20000.0,-22.0,92.6,CRUISE_LOITER,LADAKH,0,1.0
1788420336.585,5126.9,2109.8,72.0,78.0,80.5,77.7,80.1,780.5,786.4,781.4,784.6,4.89,57.6,11.1,3.0,38.8,0.69,14.09,4.2,LANE_A,20000.0,-22.0,92.6,CRUISE_LOITER,LADAKH,0,1.0
1788420337.094,5120.5,2107.2,72.0,78.2,80.6,77.7,80.2,781.5,786.9,781.5,785.5,4.85,57.5,11.1,3.0,38.7,0.71,14.09,4.0,LANE_A,20000.0,-22.0,92.6,CRUISE_LOITER,LADAKH,0,1.0
1788420337.604,5112.7,2104.0,72.0,78.1,80.4,77.7,80.4,781.5,786.6,784.1,785.4,4.9,57.2,11.2,3.0,38.6,0.71,14.09,4.1,LANE_A,20000.0,-22.0,92.7,CRUISE_LOITER,LADAKH,0,1.0
1788420338.11,5124.1,2108.7,72.0,77.9,80.6,77.4,80.2,780.9,784.0,783.3,785.2,4.88,57.5,11.2,3.0,38.9,0.71,14.12,4.0,LANE_A,20000.0,-22.0,92.7,CRUISE_LOITER,LADAKH,0,1.0
1788420338.619,5118.0,2106.2,72.0,78.2,80.5,77.6,80.2,781.6,788.8,781.6,784.6,4.86,57.5,11.1,3.0,38.8,0.73,14.09,4.2,LANE_A,20000.0,-22.0,92.7,CRUISE_LOITER,LADAKH,0,1.0
1788420339.124,5121.5,2107.6,72.0,78.5,80.6,77.2,79.9,779.4,783.9,782.4,787.6,4.96,57.5,11.2,3.0,38.6,0.72,14.08,4.1,LANE_A,20000.0,-22.0,92.7,CRUISE_LOITER,LADAKH,0,1.0
1788420339.623,5140.6,2115.5,72.0,78.0,80.4,77.6,80.0,780.1,785.4,784.4,786.8,4.88,57.5,11.1,3.0,38.9,0.72,14.1,4.1,LANE_A,20000.0,-22.0,92.7,CRUISE_LOITER,LADAKH,0,1.0
1788420340.14,5108.8,2102.4,72.0,78.2,80.6,77.6,79.8,779.2,785.2,782.7,785.3,4.94,57.4,11.1,3.0,38.8,0.69,14.11,4.1,LANE_A,20000.0,-22.0,92.7,CRUISE_LOITER,LADAKH,0,1.0
1788420340.649,5125.9,2109.4,72.0,78.1,80.5,77.6,80.1,783.0,785.4,787.0,785.4,4.88,57.5,11.0,3.0,38.7,0.7,14.05,4.2,LANE_A,20000.0,-22.0,92.8,CRUISE_LOITER,LADAKH,0,1.0
1788420341.157,5125.8,2109.4,72.0,78.1,80.6,77.8,79.9,782.5,786.0,781.9,785.2,4.83,57.8,11.0,3.0,38.9,0.72,14.12,4.1,LANE_A,20000.0,-22.0,92.8,CRUISE_LOITER,LADAKH,0,1.0
1788420341.667,5142.9,2116.4,72.0,78.0,80.8,77.9,80.2,780.9,784.3,782.8,788.3,4.92,57.5,11.2,3.0,39.0,0.69,14.11,4.0,LANE_A,20000.0,-22.0,92.8,CRUISE_LOITER,LADAKH,0,1.0
1788420342.165,5137.5,2114.2,72.0,78.0,80.4,77.7,80.1,782.8,784.6,783.8,785.6,4.89,57.6,11.2,3.0,38.8,0.71,14.07,4.1,LANE_A,20000.0,-22.0,92.8,CRUISE_LOITER,LADAKH,0,1.0
1788420342.683,5130.5,2111.3,72.0,78.0,80.8,77.6,80.0,781.5,785.5,785.3,787.5,4.89,57.6,11.0,3.0,38.6,0.7,14.09,4.1,LANE_A,20000.0,-22.0,92.8,CRUISE_LOITER,LADAKH,0,1.0
1788420343.188,5140.2,2115.3,72.0,78.0,80.7,77.3,80.0,780.2,787.2,782.2,784.3,4.86,57.3,11.2,3.0,38.8,0.7,14.12,4.2,LANE_A,20000.0,-22.0,92.8,CRUISE_LOITER,LADAKH,0,1.0
1788420343.695,5126.9,2109.8,72.0,78.2,80.3,77.6,80.3,781.0,788.0,781.5,784.3,4.91,57.4,11.1,3.0,38.9,0.7,14.11,4.1,LANE_A,20000.0,-22.0,92.8,CRUISE_LOITER,LADAKH,0,1.0
1788420344.206,5110.4,2103.1,72.0,78.3,80.8,77.2,80.7,779.5,784.8,783.1,786.4,4.84,57.9,11.1,3.0,38.9,0.69,14.09,4.3,LANE_A,20000.0,-22.0,92.9,CRUISE_LOITER,LADAKH,0,1.0
1788420344.714,5126.7,2109.8,72.0,77.9,80.9,77.7,80.1,780.3,786.3,783.5,787.4,4.84,57.7,11.1,3.0,38.9,0.7,14.08,4.2,LANE_A,20000.0,-22.0,92.9,CRUISE_LOITER,LADAKH,0,1.0
1788420345.221,5130.1,2111.2,72.0,78.3,80.7,77.6,80.2,778.8,784.6,780.1,786.8,4.94,57.5,11.2,3.0,38.7,0.73,14.11,4.2,LANE_A,20000.0,-22.0,92.9,CRUISE_LOITER,LADAKH,0,1.0
1788420345.721,5105.0,2100.8,72.0,78.1,80.5,77.4,80.4,780.4,784.4,784.6,787.1,4.95,57.8,11.1,3.0,38.7,0.73,14.13,4.2,LANE_A,20000.0,-22.0,92.9,CRUISE_LOITER,LADAKH,0,1.0
1788420346.238,5125.9,2109.4,72.0,78.2,80.9,77.5,80.2,781.0,786.0,783.8,786.5,4.92,57.6,11.2,3.0,38.9,0.71,14.1,4.2,LANE_A,20000.0,-22.0,92.9,CRUISE_LOITER,LADAKH,0,1.0
1788420346.746,5119.0,2106.6,72.0,78.3,80.8,77.8,80.2,782.3,785.7,783.4,784.8,4.85,57.5,11.2,3.0,38.7,0.71,14.12,4.1,LANE_A,20000.0,-22.0,92.9,CRUISE_LOITER,LADAKH,0,1.0
1788420347.253,5110.5,2103.1,72.0,78.3,80.6,78.0,80.2,782.3,787.1,783.3,787.4,4.89,57.7,11.2,3.0,38.8,0.69,14.07,3.9,LANE_A,20000.0,-22.0,92.9,CRUISE_LOITER,LADAKH,0,1.0
1788420347.763,5132.7,2112.2,72.0,78.2,80.4,77.5,80.2,778.4,785.5,784.0,786.4,4.86,58.0,11.0,3.0,38.9,0.71,14.1,4.0,LANE_A,20000.0,-22.0,92.9,CRUISE_LOITER,LADAKH,0,1.0
1788420348.268,5141.4,2115.8,72.0,78.2,80.9,77.5,80.2,781.5,785.9,783.0,785.5,4.95,57.6,11.0,3.0,38.7,0.71,14.1,4.2,LANE_A,20000.0,-22.0,92.9,CRUISE_LOITER,LADAKH,0,1.0
1788420348.779,5133.8,2112.7,72.0,77.9,80.6,77.7,80.1,780.5,785.5,783.7,785.3,4.89,57.7,11.2,3.0,38.7,0.72,14.13,4.2,LANE_A,20000.0,-22.0,92.9,CRUISE_LOITER,LADAKH,0,1.0
1788420349.288,5146.4,2117.9,72.0,78.1,80.7,77.8,80.1,779.7,785.4,784.1,786.7,4.88,57.6,11.2,3.0,39.1,0.73,14.08,4.1,LANE_A,20000.0,-22.0,92.9,CRUISE_LOITER,LADAKH,0,1.0
1788420349.796,5129.1,2110.7,72.0,78.4,80.6,77.9,80.1,782.1,785.4,782.9,786.1,4.88,57.7,11.2,3.0,38.7,0.7,14.09,3.8,LANE_A,20000.0,-22.0,93.0,CRUISE_LOITER,LADAKH,0,1.0
1788420350.307,5103.2,2100.1,72.0,78.1,80.8,78.0,80.0,782.2,784.7,781.8,784.4,4.87,57.6,11.2,3.0,38.8,0.72,14.09,4.2,LANE_A,20000.0,-22.0,93.0,CRUISE_LOITER,LADAKH,0,1.0
1788420351.099,5123.3,2108.4,72.0,78.6,80.8,78.0,80.2,781.9,784.2,782.2,787.4,4.91,57.6,11.1,3.0,39.0,0.72,14.07,4.1,LANE_A,20000.0,-22.0,93.0,CRUISE_LOITER,LADAKH,0,1.0
1788420351.61,5144.4,2117.0,72.0,78.1,80.7,77.8,80.0,780.6,784.5,783.6,785.7,4.93,57.7,11.2,3.0,38.9,0.72,14.1,4.1,LANE_A,20000.0,-22.0,93.0,CRUISE_LOITER,LADAKH,0,1.0
1788420352.118,5131.1,2111.6,72.0,78.3,80.8,77.7,80.4,780.3,784.3,785.1,785.3,4.9,57.6,11.1,3.0,38.7,0.72,14.08,4.1,LANE_A,20000.0,-22.0,93.0,CRUISE_LOITER,LADAKH,0,1.0
1788420352.625,5135.2,2113.3,72.0,78.1,81.1,77.7,80.1,781.4,784.6,783.4,785.1,4.89,57.8,11.2,3.0,38.8,0.71,14.09,4.1,LANE_A,20000.0,-22.0,93.0,CRUISE_LOITER,LADAKH,0,1.0
1788420353.133,5132.5,2112.1,72.0,78.0,80.8,77.9,80.5,779.4,786.2,782.7,787.3,4.84,57.4,11.1,3.0,38.9,0.73,14.11,4.0,LANE_A,20000.0,-22.0,93.0,CRUISE_LOITER,LADAKH,0,1.0
1788420353.641,5153.5,2120.8,72.0,78.4,80.5,77.6,80.2,782.1,788.1,781.4,787.7,4.88,57.8,11.1,3.0,38.8,0.74,14.1,4.0,LANE_A,20000.0,-22.0,93.0,CRUISE_LOITER,LADAKH,0,1.0
1788420354.153,5123.6,2108.5,72.0,78.3,80.7,77.7,80.2,779.9,785.0,782.9,785.4,4.87,57.7,11.1,3.0,39.0,0.7,14.13,4.0,LANE_A,20000.0,-22.0,93.0,CRUISE_LOITER,LADAKH,0,1.0
1788420354.658,5139.7,2115.1,72.0,78.5,80.6,77.8,80.3,782.1,786.5,782.8,786.4,4.88,57.7,11.2,3.0,38.9,0.73,14.08,4.0,LANE_A,20000.0,-22.0,93.0,CRUISE_LOITER,LADAKH,0,1.0
1788420355.165,5134.4,2112.9,72.0,78.5,81.0,77.5,80.5,781.3,786.2,783.7,787.0,4.91,57.6,11.3,3.0,38.9,0.72,14.13,3.9,LANE_A,20000.0,-22.0,93.0,CRUISE_LOITER,LADAKH,0,1.0
1788420355.674,5151.6,2120.0,72.0,78.4,80.9,77.8,80.3,778.7,784.1,783.4,785.2,4.92,58.0,11.3,3.0,39.0,0.72,14.13,4.2,LANE_A,20000.0,-22.0,93.0,CRUISE_LOITER,LADAKH,0,1.0
1788420356.18,5136.2,2113.7,72.0,78.3,80.8,77.7,80.1,781.3,785.8,784.0,786.0,4.91,57.8,11.2,3.0,39.2,0.74,14.06,4.2,LANE_A,20000.0,-22.0,93.0,CRUISE_LOITER,LADAKH,0,1.0
1788420356.687,5112.8,2104.0,72.0,78.4,81.0,77.8,80.5,782.8,785.3,782.6,786.9,4.96,57.6,11.0,3.0,39.0,0.7,14.09,4.0,LANE_A,20000.0,-22.0,93.0,CRUISE_LOITER,LADAKH,0,1.0
1788420357.198,5141.8,2116.0,72.0,78.3,80.9,77.8,80.6,784.4,786.7,784.6,788.1,4.89,57.7,11.2,3.0,38.8,0.74,14.13,4.2,LANE_A,20000.0,-22.0,93.0,CRUISE_LOITER,LADAKH,0,1.0
1788420357.705,5137.7,2114.3,72.0,78.4,80.8,77.8,80.4,781.9,786.4,785.4,785.7,4.83,57.9,11.2,3.0,39.1,0.73,14.08,4.0,LANE_A,20000.0,-22.0,93.0,CRUISE_LOITER,LADAKH,0,1.0
1788420358.215,5122.5,2108.0,72.0,78.4,80.9,78.1,80.3,783.0,787.0,784.0,788.6,4.92,57.6,11.2,3.0,38.9,0.71,14.07,4.1,LANE_A,20000.0,-22.0,93.0,CRUISE_LOITER,LADAKH,0,1.0
1788420358.724,5153.0,2120.6,72.0,78.7,80.9,77.8,80.3,780.9,786.0,783.6,786.9,4.93,58.0,11.2,3.0,39.0,0.72,14.1,4.2,LANE_A,20000.0,-22.0,93.0,CRUISE_LOITER,LADAKH,0,1.0
1788420359.232,5136.6,2113.8,72.0,78.6,81.0,77.9,80.7,779.3,785.5,783.2,783.9,4.85,57.9,11.2,3.0,39.1,0.71,14.08,4.1,LANE_A,20000.0,-22.0,93.0,CRUISE_LOITER,LADAKH,0,1.0
1788420359.741,5138.4,2114.6,72.0,78.8,80.9,77.6,80.6,781.0,785.5,782.7,787.5,4.89,57.9,11.2,3.0,38.9,0.71,14.09,4.1,LANE_A,20000.0,-22.0,93.0,CRUISE_LOITER,LADAKH,0,1.0
1788420360.248,5124.5,2108.8,72.0,78.4,81.0,77.7,80.5,784.5,785.6,782.2,786.1,4.9,57.7,11.2,3.0,38.9,0.73,14.09,4.2,LANE_A,20000.0,-22.0,93.0,CRUISE_LOITER,LADAKH,0,1.0
1788420360.758,5124.7,2108.9,72.0,78.5,80.9,77.9,80.7,783.2,784.1,783.8,786.5,4.82,57.8,11.1,3.0,38.9,0.72,14.11,3.8,LANE_A,20000.0,-22.0,93.0,CRUISE_LOITER,LADAKH,0,1.0
1788420361.268,5160.6,2123.7,72.0,78.7,80.9,77.8,80.5,780.6,786.2,784.7,787.9,4.9,57.8,11.2,3.0,39.1,0.72,14.1,4.2,LANE_A,20000.0,-22.0,93.0,CRUISE_LOITER,LADAKH,0,1.0
1788420361.763,5139.3,2114.9,72.0,78.3,81.4,77.9,80.4,781.4,785.8,783.0,786.7,4.88,58.0,11.1,3.0,39.0,0.75,14.06,4.2,LANE_A,20000.0,-22.0,93.0,CRUISE_LOITER,LADAKH,0,1.0
1788420362.284,5119.6,2106.8,72.0,78.5,80.8,78.0,80.6,780.9,786.5,783.3,785.1,4.91,57.8,11.2,3.0,38.9,0.71,14.08,4.1,LANE_A,20000.0,-22.0,93.0,CRUISE_LOITER,LADAKH,0,1.0
1788420362.789,5137.0,2114.0,72.0,78.6,81.0,78.0,80.3,779.8,786.7,783.4,787.3,4.87,57.9,11.2,3.0,39.0,0.72,14.07,4.1,LANE_A,20000.0,-22.0,93.0,CRUISE_LOITER,LADAKH,0,1.0
1788420363.289,5141.3,2115.8,72.0,78.5,81.3,78.3,80.4,781.4,788.0,783.0,787.5,4.88,58.1,11.2,3.0,39.0,0.71,14.08,4.2,LANE_A,20000.0,-22.0,93.0,CRUISE_LOITER,LADAKH,0,1.0
1788420363.804,5150.2,2119.4,72.0,78.4,80.8,77.8,80.4,780.5,785.5,782.0,785.7,4.94,57.9,11.2,3.0,38.7,0.72,14.11,4.1,LANE_A,20000.0,-22.0,93.0,CRUISE_LOITER,LADAKH,0,1.0
1788420364.312,5120.0,2107.0,72.0,78.4,80.8,77.8,80.7,780.8,787.4,782.4,787.1,4.89,57.9,11.3,3.0,39.0,0.74,14.09,4.0,LANE_A,20000.0,-22.0,92.9,CRUISE_LOITER,LADAKH,0,1.0
1788420364.824,5154.7,2121.3,72.0,78.4,81.3,77.8,80.6,781.5,787.9,784.0,784.8,4.88,58.0,11.1,3.0,39.0,0.72,14.07,4.0,LANE_A,20000.0,-22.0,92.9,CRUISE_LOITER,LADAKH,0,1.0
1788420365.334,5142.0,2116.0,72.0,78.3,81.2,78.1,80.7,780.4,785.9,784.9,787.0,4.82,58.1,11.3,3.0,39.1,0.7,14.09,4.1,LANE_A,20000.0,-22.0,92.9,CRUISE_LOITER,LADAKH,0,1.0
1788420365.842,5152.6,2120.4,72.0,78.7,81.2,78.3,80.6,781.2,788.0,782.4,788.0,4.88,58.3,11.3,3.0,38.7,0.72,14.08,4.1,LANE_A,20000.0,-22.0,92.9,CRUISE_LOITER,LADAKH,0,1.0
1788420366.353,5133.3,2112.5,72.0,78.7,80.9,78.0,80.6,781.8,786.4,783.4,786.2,4.94,57.8,11.2,3.0,39.1,0.71,14.13,4.2,LANE_A,20000.0,-22.0,92.9,CRUISE_LOITER,LADAKH,0,1.0
1788420366.86,5147.4,2118.3,72.0,78.6,81.1,78.0,80.7,779.9,783.9,784.0,785.8,4.93,58.2,11.2,3.0,39.1,0.74,14.09,4.1,LANE_A,20000.0,-22.0,92.9,CRUISE_LOITER,LADAKH,0,1.0
1788420367.369,5152.9,2120.5,72.0,78.2,80.8,78.2,80.4,780.4,784.5,783.6,786.5,4.91,58.1,11.1,3.0,39.1,0.7,14.09,4.0,LANE_A,20000.0,-22.0,92.9,CRUISE_LOITER,LADAKH,0,1.0
1788420367.874,5153.5,2120.8,72.0,78.7,81.2,78.1,80.3,782.7,786.9,782.6,786.2,4.91,57.9,11.2,3.0,38.9,0.69,14.13,4.2,LANE_A,20000.0,-22.0,92.9,CRUISE_LOITER,LADAKH,0,1.0
1788420368.382,5138.3,2114.5,72.0,78.6,81.3,78.2,80.6,781.4,786.9,783.4,789.4,4.85,58.3,11.0,3.0,38.8,0.71,14.09,4.3,LANE_A,20000.0,-22.0,92.9,CRUISE_LOITER,LADAKH,0,1.0
1788420368.891,5111.0,2103.3,72.0,78.2,80.9,77.9,80.7,782.5,784.9,784.4,785.7,4.85,58.0,11.2,3.0,39.1,0.7,14.12,4.1,LANE_A,20000.0,-22.0,92.9,CRUISE_LOITER,LADAKH,0,1.0
1788420369.397,5117.3,2105.9,72.0,78.7,81.3,78.5,80.7,782.2,787.6,784.0,787.8,4.91,58.1,11.2,3.0,39.2,0.74,14.12,3.9,LANE_A,20000.0,-22.0,92.8,CRUISE_LOITER,LADAKH,0,1.0
1788420369.906,5149.1,2119.0,72.0,78.8,81.4,78.3,80.8,781.2,785.7,783.9,785.1,4.86,58.2,11.3,3.0,39.2,0.7,14.11,4.2,LANE_A,20000.0,-22.0,92.8,CRUISE_LOITER,LADAKH,0,1.0
1788420370.414,5136.8,2113.9,72.0,78.8,81.7,78.4,80.7,780.1,785.9,784.1,784.6,4.88,58.1,11.1,3.0,39.1,0.73,14.08,4.2,LANE_A,20000.0,-22.0,92.8,CRUISE_LOITER,LADAKH,0,1.0
1788420371.216,5137.0,2114.0,72.0,78.8,81.3,78.3,80.7,781.6,787.7,783.5,787.6,4.93,58.2,11.2,3.0,39.0,0.7,14.08,3.9,LANE_A,20000.0,-22.0,92.8,CRUISE_LOITER,LADAKH,0,1.0
1788420371.724,5158.7,2122.9,72.0,79.0,81.4,78.0,80.8,783.2,785.2,783.0,787.6,4.9,58.1,11.2,3.0,39.0,0.71,14.11,4.0,LANE_A,20000.0,-22.0,92.8,CRUISE_LOITER,LADAKH,0,1.0
1788420372.235,5165.9,2125.9,72.0,79.2,81.2,78.4,80.9,781.3,786.7,781.8,786.3,4.95,58.0,11.3,3.0,39.0,0.72,14.12,4.1,LANE_A,20000.0,-22.0,92.8,CRUISE_LOITER,LADAKH,0,1.0
1788420372.731,5125.5,2109.3,72.0,78.8,81.5,78.0,80.8,783.4,785.1,785.5,787.7,4.87,58.3,11.3,3.0,39.0,0.72,14.13,4.2,LANE_A,20000.0,-22.0,92.8,CRUISE_LOITER,LADAKH,0,1.0
1788420373.247,5123.4,2108.4,72.0,78.8,81.1,78.2,80.7,781.2,784.6,781.5,787.1,4.84,58.0,11.2,3.0,39.0,0.72,14.11,4.2,LANE_A,20000.0,-22.0,92.8,CRUISE_LOITER,LADAKH,0,1.0
1788420373.753,5150.6,2119.6,72.0,78.7,80.9,78.2,81.1,780.9,786.9,783.3,786.6,4.85,58.1,11.3,3.0,38.9,0.69,14.11,4.2,LANE_A,20000.0,-22.0,92.7,CRUISE_LOITER,LADAKH,0,1.0
1788420374.267,5140.3,2115.4,72.0,78.8,81.5,78.2,80.8,779.3,785.8,782.5,784.5,4.88,58.0,11.2,3.0,39.0,0.71,14.12,4.2,LANE_A,20000.0,-22.0,92.7,CRUISE_LOITER,LADAKH,0,1.0
1788420375.0,5151.7,2120.1,72.0,79.0,81.5,78.4,80.6,781.8,786.0,781.9,785.1,4.84,58.1,11.2,3.0,39.1,0.72,14.14,4.1,LANE_A,20000.0,-22.0,92.7,CRUISE_LOITER,LADAKH,0,1.0
1788420375.509,5148.9,2118.9,72.0,78.9,81.5,78.3,81.0,781.0,787.6,784.8,786.8,4.85,58.3,11.2,3.0,39.0,0.73,14.1,4.1,LANE_A,20000.0,-22.0,92.7,CRUISE_LOITER,LADAKH,0,1.0
1788420376.016,5156.5,2122.0,72.0,78.7,81.6,78.8,80.9,782.0,785.8,781.1,786.6,4.95,58.4,11.2,3.0,39.1,0.77,14.09,4.0,LANE_A,20000.0,-22.0,92.7,CRUISE_LOITER,LADAKH,0,1.0
1788420376.525,5148.3,2118.6,72.0,79.0,81.3,78.4,80.9,781.7,787.2,781.5,788.0,4.9,58.0,11.3,3.0,39.0,0.74,14.11,4.0,LANE_A,20000.0,-22.0,92.7,CRUISE_LOITER,LADAKH,0,1.0
1788420377.038,5141.1,2115.7,72.0,79.0,81.4,78.5,80.9,781.2,788.0,783.9,786.4,4.92,58.6,11.2,3.0,39.1,0.73,14.13,4.1,LANE_A,20000.0,-22.0,92.6,CRUISE_LOITER,LADAKH,0,1.0
1788420377.544,5147.2,2118.2,72.0,78.8,81.3,78.4,81.3,782.7,785.0,783.4,786.9,4.8,58.3,11.2,3.0,39.2,0.73,14.12,4.2,LANE_A,20000.0,-22.0,92.6,CRUISE_LOITER,LADAKH,0,1.0
1788420378.055,5115.7,2105.2,72.0,78.9,81.4,78.3,80.9,781.0,785.1,785.2,786.6,4.9,58.4,11.3,3.0,39.0,0.72,14.11,4.0,LANE_A,20000.0,-22.0,92.6,CRUISE_LOITER,LADAKH,0,1.0
1788420378.562,5122.7,2108.1,72.0,78.8,81.7,78.5,81.0,782.9,786.6,784.8,786.9,4.88,58.7,11.2,3.0,39.0,0.73,14.12,4.0,LANE_A,20000.0,-22.0,92.6,CRUISE_LOITER,LADAKH,0,1.0
1788420379.071,5146.0,2117.7,72.0,79.1,81.5,78.2,80.9,784.0,785.7,785.6,785.3,4.88,58.0,11.2,3.0,38.7,0.71,14.1,4.0,LANE_A,20000.0,-22.0,92.6,CRUISE_LOITER,LADAKH,0,1.0
1788420379.571,5151.5,2120.0,72.0,78.7,81.4,78.7,80.9,781.7,785.6,785.2,787.2,4.86,58.3,11.2,3.0,39.0,0.73,14.13,4.0,LANE_A,20000.0,-22.0,92.5,CRUISE_LOITER,LADAKH,0,1.0
1788420380.079,5161.3,2124.0,72.0,79.0,81.5,78.3,80.9,779.5,784.7,781.3,785.6,4.9,58.2,11.3,3.0,39.0,0.74,14.08,4.1,LANE_A,20000.0,-22.0,92.5,CRUISE_LOITER,LADAKH,0,1.0
1788420380.597,5150.3,2119.5,72.0,79.0,81.8,78.7,80.9,780.9,787.8,782.8,789.5,4.87,58.3,11.3,3.0,39.2,0.71,14.07,4.1,LANE_A,20000.0,-22.0,92.5,CRUISE_LOITER,LADAKH,0,1.0
1788420381.103,5138.6,2114.6,72.0,79.1,81.3,78.5,81.2,781.5,786.8,781.4,788.0,4.89,58.6,11.1,3.0,39.2,0.7,14.12,4.0,LANE_A,20000.0,-22.0,92.5,CRUISE_LOITER,LADAKH,0,1.0
1788420381.611,5144.6,2117.1,72.0,79.0,82.2,78.6,81.3,783.5,785.0,782.1,786.3,4.83,58.5,11.2,3.0,39.0,0.7,14.11,3.9,LANE_A,20000.0,-22.0,92.4,CRUISE_LOITER,LADAKH,0,1.0
1788420382.121,5148.5,2118.7,72.0,79.1,81.6,78.8,81.0,779.7,787.0,781.9,786.5,4.87,58.5,11.3,3.0,39.0,0.69,14.1,4.0,LANE_A,20000.0,-22.0,92.4,CRUISE_LOITER,LADAKH,0,1.0
1788420382.628,5175.1,2129.7,72.0,79.2,81.8,78.6,81.0,781.1,786.7,784.1,787.5,4.85,58.5,11.3,3.0,39.0,0.73,14.08,4.2,LANE_A,20000.0,-22.0,92.4,CRUISE_LOITER,LADAKH,0,1.0
1788420383.125,5143.0,2116.5,72.0,79.4,81.6,78.8,81.2,781.1,786.0,783.3,787.1,4.89,58.7,11.3,3.0,39.0,0.74,14.1,4.2,LANE_A,20000.0,-22.0,92.4,CRUISE_LOITER,LADAKH,0,1.0
1788420383.642,5144.7,2117.2,72.0,79.2,82.0,78.5,80.8,781.3,787.0,783.8,787.5,4.87,58.7,11.3,3.0,39.1,0.71,14.11,4.2,LANE_A,20000.0,-22.0,92.3,CRUISE_LOITER,LADAKH,0,1.0
1788420384.149,5147.9,2118.5,72.0,79.3,81.7,78.5,81.0,780.5,785.9,783.2,788.3,4.91,58.5,11.2,3.0,39.2,0.73,14.07,4.1,LANE_A,20000.0,-22.0,92.3,CRUISE_LOITER,LADAKH,0,1.0
1788420384.658,5155.0,2121.4,72.0,79.4,81.8,78.6,81.4,781.2,785.6,784.0,787.5,4.89,58.3,11.3,3.0,39.1,0.72,14.1,4.1,LANE_A,20000.0,-22.0,92.3,CRUISE_LOITER,LADAKH,0,1.0
1788420385.155,5160.7,2123.7,72.0,79.3,81.7,78.6,81.3,780.1,786.8,784.2,785.9,4.89,58.6,11.2,3.0,39.4,0.73,14.1,4.2,LANE_A,20000.0,-22.0,92.3,CRUISE_LOITER,LADAKH,0,1.0
1788420385.67,5153.0,2120.6,72.0,79.4,81.7,78.5,81.2,782.1,788.1,780.5,786.5,4.88,58.6,11.3,3.0,39.3,0.69,14.1,4.3,LANE_A,20000.0,-22.0,92.2,CRUISE_LOITER,LADAKH,0,1.0
1788420386.178,5145.6,2117.5,72.0,79.0,81.8,78.6,81.2,784.1,786.0,784.9,785.4,4.91,58.6,11.3,3.0,39.1,0.73,14.09,3.8,LANE_A,20000.0,-22.0,92.2,CRUISE_LOITER,LADAKH,0,1.0
1788420386.685,5141.6,2115.9,72.0,79.2,81.8,78.7,81.5,779.2,785.6,785.1,785.2,4.87,58.8,11.3,3.0,39.2,0.72,14.13,4.0,LANE_A,20000.0,-22.0,92.2,CRUISE_LOITER,LADAKH,0,1.0
1788420387.192,5169.6,2127.4,72.0,79.3,82.0,78.8,81.2,782.8,788.3,780.1,788.0,4.86,58.9,11.2,3.0,38.9,0.7,14.1,3.9,LANE_A,20000.0,-22.0,92.2,CRUISE_LOITER,LADAKH,0,1.0
1788420387.689,5149.2,2119.0,72.0,79.2,81.9,78.9,81.0,780.9,786.5,783.4,785.9,4.89,58.7,11.2,3.0,39.2,0.75,14.1,4.1,LANE_A,20000.0,-22.0,92.1,CRUISE_LOITER,LADAKH,0,1.0
1788420388.206,5167.3,2126.5,72.0,79.2,82.1,79.2,81.7,780.6,786.5,783.5,786.9,4.88,58.7,11.4,3.0,39.0,0.71,14.12,4.1,LANE_A,20000.0,-22.0,92.1,CRUISE_LOITER,LADAKH,0,1.0
1788420388.718,5159.3,2123.2,72.0,79.2,82.1,78.8,81.4,779.7,785.7,783.8,787.2,4.84,58.5,11.2,3.0,39.2,0.74,14.07,4.0,LANE_A,20000.0,-22.0,92.1,CRUISE_LOITER,LADAKH,0,1.0
1788420389.226,5170.9,2127.9,72.0,79.5,82.0,78.7,81.6,780.0,788.9,783.6,786.6,4.89,58.7,11.3,3.0,39.1,0.71,14.12,4.2,LANE_A,20000.0,-22.0,92.1,CRUISE_LOITER,LADAKH,0,1.0
1788420389.734,5153.6,2120.8,72.0,79.0,82.1,79.0,81.4,781.3,785.9,783.0,787.6,4.9,58.8,11.2,3.0,39.3,0.71,14.08,4.0,LANE_A,20000.0,-22.0,92.0,CRUISE_LOITER,LADAKH,0,1.0
1788420390.246,5158.3,2122.8,72.0,79.5,81.9,79.1,81.1,783.9,786.6,784.1,787.7,4.86,58.6,11.3,3.0,39.3,0.72,14.1,4.1,LANE_A,20000.0,-22.0,92.0,CRUISE_LOITER,LADAKH,0,1.0
1788420390.751,5153.2,2120.7,72.0,79.1,82.0,79.0,81.7,779.6,787.1,782.5,787.4,4.95,58.7,11.2,3.0,39.1,0.71,14.11,4.2,LANE_A,20000.0,-22.0,92.0,CRUISE_LOITER,LADAKH,0,1.0
1788420391.558,5146.5,2117.9,72.0,79.4,82.0,78.7,81.4,781.1,786.2,784.9,788.6,4.89,58.6,11.3,3.0,39.2,0.71,14.08,4.0,LANE_A,20000.0,-22.0,91.9,CRUISE_LOITER,LADAKH,0,1.0
1788420392.065,5145.4,2117.4,72.0,79.5,81.7,79.1,81.8,783.8,786.3,783.9,785.8,4.97,58.7,11.2,3.0,39.1,0.71,14.16,4.2,LANE_A,20000.0,-22.0,91.9,CRUISE_LOITER,LADAKH,0,1.0
1788420392.563,5156.9,2122.2,72.0,79.9,81.9,79.2,81.6,780.5,786.4,783.2,786.6,4.87,59.0,11.4,3.0,39.3,0.69,14.11,4.3,LANE_A,20000.0,-22.0,91.9,CRUISE_LOITER,LADAKH,0,1.0
1788420393.071,5149.0,2118.9,72.0,79.5,82.2,79.1,81.4,781.2,787.1,783.7,786.3,4.89,59.0,11.2,3.0,39.2,0.71,14.08,4.0,LANE_A,20000.0,-22.0,91.8,CRUISE_LOITER,LADAKH,0,1.0
1788420393.59,5156.5,2122.0,72.0,79.5,82.2,79.1,81.6,781.6,786.8,785.3,787.5,4.86,58.8,11.2,3.0,39.0,0.7,14.08,4.1,LANE_A,20000.0,-22.0,91.8,CRUISE_LOITER,LADAKH,0,1.0
1788420394.099,5157.2,2122.3,72.0,79.5,81.9,79.0,81.5,781.7,787.3,783.6,786.8,4.91,58.8,11.4,3.0,39.1,0.71,14.11,4.0,LANE_A,20000.0,-22.0,91.8,CRUISE_LOITER,LADAKH,0,1.0
1788420394.607,5144.2,2117.0,72.0,79.7,82.3,79.1,81.8,780.5,788.2,784.0,786.1,4.89,58.7,11.3,3.0,39.0,0.72,14.1,4.2,LANE_A,20000.0,-22.0,91.7,CRUISE_LOITER,LADAKH,0,1.0
1788420395.117,5143.6,2116.7,72.0,79.4,82.0,78.8,81.9,783.0,787.4,781.0,786.6,4.92,59.0,11.4,3.0,39.1,0.72,14.06,4.0,LANE_A,20000.0,-22.0,91.7,CRUISE_LOITER,LADAKH,0,1.0
1788420395.625,5153.6,2120.8,72.0,79.6,82.5,79.0,81.3,780.8,786.4,785.5,786.0,4.9,58.9,11.3,3.0,39.2,0.69,14.11,4.1,LANE_A,20000.0,-22.0,91.7,CRUISE_LOITER,LADAKH,0,1.0
1788420396.133,5162.7,2124.6,72.0,79.7,81.9,79.0,81.5,783.3,786.8,782.9,786.6,4.9,58.9,11.4,3.0,39.1,0.68,14.08,4.1,LANE_A,20000.0,-22.0,91.6,CRUISE_LOITER,LADAKH,0,1.0
1788420396.64,5144.0,2116.9,72.0,79.8,82.1,79.1,81.4,781.4,787.7,782.7,787.4,4.86,59.1,11.3,3.0,39.4,0.72,14.12,4.1,LANE_A,20000.0,-22.0,91.6,CRUISE_LOITER,LADAKH,0,1.0
1788420397.145,5176.6,2130.3,72.0,79.6,82.0,79.3,81.8,781.4,786.2,783.5,787.5,4.89,59.0,11.4,3.0,39.2,0.7,14.08,3.9,LANE_A,20000.0,-22.0,91.6,CRUISE_LOITER,LADAKH,0,1.0
1788420397.642,5157.6,2122.5,72.0,79.6,82.5,79.0,81.6,782.2,785.9,783.2,787.0,4.92,58.8,11.4,3.0,39.3,0.73,14.12,4.3,LANE_A,20000.0,-22.0,91.5,CRUISE_LOITER,LADAKH,0,1.0
1788420398.159,5153.8,2120.9,72.0,79.7,82.2,79.5,81.9,781.1,786.2,784.3,787.1,4.87,58.8,11.3,3.0,39.2,0.7,14.09,3.9,LANE_A,20000.0,-22.0,91.5,CRUISE_LOITER,LADAKH,0,1.0
1788420398.665,5152.9,2120.5,72.0,79.5,82.3,79.2,81.8,779.9,787.5,783.2,785.9,4.89,59.1,11.2,3.0,39.2,0.69,14.12,4.1,LANE_A,20000.0,-22.0,91.5,CRUISE_LOITER,LADAKH,0,1.0
1788420399.173,5137.3,2114.1,72.0,79.6,82.0,79.4,81.8,782.5,787.8,782.6,785.1,4.91,59.0,11.3,3.0,39.3,0.72,14.1,4.2,LANE_A,20000.0,-22.0,91.4,CRUISE_LOITER,LADAKH,0,1.0
1788420399.68,5185.1,2133.8,72.0,79.8,82.2,79.5,81.5,780.6,784.1,782.3,786.9,4.89,58.8,11.3,3.0,39.3,0.73,14.11,4.1,LANE_A,20000.0,-22.0,91.4,CRUISE_LOITER,LADAKH,0,1.0
1788420400.191,5165.9,2125.9,72.0,79.5,82.3,79.3,81.6,781.4,789.9,783.7,787.9,4.86,58.9,11.4,3.0,39.2,0.7,14.08,4.0,LANE_A,20000.0,-22.0,91.4,CRUISE_LOITER,LADAKH,0,1.0
1788420400.695,5167.3,2126.5,72.0,79.9,82.3,79.5,82.1,782.5,786.8,784.2,786.3,4.91,59.1,11.3,3.0,39.4,0.73,14.09,4.0,LANE_A,20000.0,-22.0,91.3,CRUISE_LOITER,LADAKH,0,1.0
1788420401.201,5147.2,2118.2,72.0,80.0,82.4,79.2,82.0,781.8,786.0,784.8,786.1,4.88,59.0,11.3,3.0,39.4,0.74,14.12,4.1,LANE_A,20000.0,-22.0,91.3,CRUISE_LOITER,LADAKH,0,1.0
1788420401.713,5158.2,2122.7,72.0,80.0,82.1,79.2,82.1,780.5,789.4,782.2,787.0,4.89,59.1,11.1,3.0,39.4,0.71,14.09,4.0,LANE_A,20000.0,-22.0,91.2,CRUISE_LOITER,LADAKH,0,1.0
1788420402.213,5162.1,2124.3,72.0,79.7,82.3,79.5,82.4,784.6,785.5,783.4,785.8,4.85,59.2,11.4,3.0,39.3,0.72,14.09,4.0,LANE_A,20000.0,-22.0,91.2,CRUISE_LOITER,LADAKH,0,1.0
1788420402.732,5164.1,2125.1,72.0,80.0,82.5,79.6,82.0,781.1,787.4,781.7,788.0,4.94,59.3,11.3,3.0,39.5,0.69,14.08,4.2,LANE_A,20000.0,-22.0,91.2,CRUISE_LOITER,LADAKH,0,1.0
1788420403.228,5146.1,2117.7,72.0,80.2,82.4,79.3,82.2,782.6,786.6,782.3,788.0,4.96,59.3,11.3,3.0,39.5,0.71,14.09,4.1,LANE_A,20000.0,-22.0,91.1,CRUISE_LOITER,LADAKH,0,1.0
1788420403.746,5156.7,2122.1,72.0,79.8,82.4,79.4,82.1,781.6,784.8,784.7,785.4,4.84,59.1,11.3,3.0,39.2,0.71,14.11,4.1,LANE_A,20000.0,-22.0,91.1,CRUISE_LOITER,LADAKH,0,1.0
1788420404.239,5153.3,2120.7,72.0,80.3,82.4,79.8,82.0,781.5,788.5,783.3,785.3,4.85,59.3,11.2,3.0,39.4,0.73,14.15,4.0,LANE_A,20000.0,-22.0,91.0,CRUISE_LOITER,LADAKH,0,1.0
1788420404.76,5153.9,2120.9,72.0,80.0,82.4,79.7,82.0,781.9,787.7,783.6,785.7,4.87,59.5,11.4,3.0,39.5,0.7,14.11,4.1,LANE_A,20000.0,-22.0,91.0,CRUISE_LOITER,LADAKH,0,1.0
1788420405.258,5182.5,2132.7,72.0,80.2,82.3,79.8,82.0,784.8,785.9,783.7,787.6,4.85,59.5,11.4,3.0,39.5,0.73,14.1,3.8,LANE_A,20000.0,-22.0,91.0,CRUISE_LOITER,LADAKH,0,1.0
1788420405.769,5162.5,2124.5,72.0,80.1,82.9,79.8,82.1,782.3,787.8,783.9,785.7,4.89,59.3,11.3,3.0,39.4,0.7,14.11,3.9,LANE_A,20000.0,-22.0,90.9,CRUISE_LOITER,LADAKH,0,1.0
1788420406.289,5160.2,2123.5,72.0,80.2,82.5,79.6,82.3,782.7,785.9,782.4,785.3,4.88,59.3,11.4,3.0,39.5,0.71,14.07,4.2,LANE_A,20000.0,-22.0,90.9,CRUISE_LOITER,LADAKH,0,1.0
1788420406.798,5188.1,2135.0,72.0,79.9,82.8,79.5,82.1,782.3,786.2,784.1,788.4,4.89,59.7,11.3,3.0,39.2,0.72,14.06,4.2,LANE_A,20000.0,-22.0,90.8,CRUISE_LOITER,LADAKH,0,1.0
1788420407.305,5174.4,2129.4,72.0,80.0,82.6,79.8,82.1,782.3,786.1,783.5,787.4,4.88,59.3,11.4,3.0,39.4,0.73,14.08,4.0,LANE_A,20000.0,-22.0,90.8,CRUISE_LOITER,LADAKH,0,1.0
1788420407.812,5163.4,2124.8,72.0,80.0,82.8,79.8,82.0,780.4,785.5,781.1,786.7,4.9,59.3,11.4,3.0,39.3,0.7,14.11,3.9,LANE_A,20000.0,-22.0,90.8,CRUISE_LOITER,LADAKH,0,1.0
1788420408.326,5148.6,2118.8,72.0,80.3,82.5,79.7,82.2,779.0,788.1,783.5,787.4,4.87,59.7,11.4,3.0,39.4,0.72,14.1,4.1,LANE_A,20000.0,-22.0,90.7,CRUISE_LOITER,LADAKH,0,1.0
1788420408.819,5159.3,2123.2,72.0,80.3,82.6,79.8,82.4,781.6,787.3,785.5,788.2,4.88,59.9,11.3,3.0,39.5,0.72,14.06,4.2,LANE_A,20000.0,-22.0,90.7,CRUISE_LOITER,LADAKH,0,1.0
1788420409.336,5169.5,2127.4,72.0,80.4,83.0,80.0,82.2,782.4,787.8,784.1,785.7,4.89,59.8,11.4,3.0,39.4,0.72,14.1,4.1,LANE_A,20000.0,-22.0,90.6,CRUISE_LOITER,LADAKH,0,1.0
1788420409.843,5183.8,2133.2,72.0,80.2,82.8,79.7,82.5,782.2,788.5,785.0,789.0,4.88,59.6,11.6,3.0,39.4,0.71,14.09,4.1,LANE_A,20000.0,-22.0,90.6,CRUISE_LOITER,LADAKH,0,1.0
1788420410.353,5156.9,2122.2,72.0,80.5,82.8,79.4,82.3,781.9,786.4,783.9,785.3,4.88,59.6,11.3,3.0,39.5,0.73,14.09,4.0,LANE_A,20000.0,-22.0,90.5,CRUISE_LOITER,LADAKH,0,1.0
1788420411.148,5153.4,2120.7,72.0,80.7,82.6,79.9,82.4,781.4,788.0,782.5,786.3,4.88,59.7,11.4,3.0,39.4,0.72,14.1,4.1,LANE_A,20000.0,-22.0,90.5,CRUISE_LOITER,LADAKH,0,1.0
1788420411.668,5150.9,2119.7,72.0,80.2,82.8,79.7,82.8,782.8,785.1,784.2,788.6,4.92,59.3,11.3,3.0,39.7,0.75,14.06,4.0,LANE_A,20000.0,-22.0,90.5,CRUISE_LOITER,LADAKH,0,1.0
1788420412.178,5188.8,2135.3,72.0,80.4,83.1,80.1,82.6,781.9,786.0,783.3,787.1,4.9,59.6,11.4,3.0,39.5,0.72,14.13,4.1,LANE_A,20000.0,-22.0,90.4,CRUISE_LOITER,LADAKH,0,1.0
1788420412.687,5160.8,2123.8,72.0,80.5,83.1,79.8,82.2,779.5,788.2,783.9,786.4,4.92,59.8,11.3,3.0,39.5,0.71,14.11,4.2,LANE_A,20000.0,-22.0,90.4,CRUISE_LOITER,LADAKH,0,1.0
1788420413.182,5183.4,2133.1,72.0,80.8,82.8,79.9,82.4,782.8,786.8,784.5,785.7,4.89,59.8,11.4,3.0,39.5,0.75,14.1,4.1,LANE_A,20000.0,-22.0,90.3,CRUISE_LOITER,LADAKH,0,1.0
1788420413.705,5181.1,2132.1,72.0,80.6,83.0,80.0,82.3,780.6,786.2,781.3,788.0,4.87,60.0,11.5,3.0,39.4,0.71,14.11,4.4,LANE_A,20000.0,-22.0,90.3,CRUISE_LOITER,LADAKH,0,1.0
1788420414.202,5187.6,2134.8,72.0,80.6,83.2,80.1,82.7,781.0,788.7,783.4,785.6,4.9,59.6,11.6,3.0,39.5,0.71,14.06,4.1,LANE_A,20000.0,-22.0,90.2,CRUISE_LOITER,LADAKH,0,1.0
1788420414.72,5205.0,2142.0,72.0,80.6,82.8,80.1,82.6,782.4,786.4,784.7,785.7,4.86,59.9,11.3,3.0,39.5,0.74,14.1,4.1,LANE_A,20000.0,-22.0,90.2,CRUISE_LOITER,LADAKH,0,1.0
1788420415.228,5184.3,2133.4,72.0,80.8,83.1,80.1,82.5,781.6,787.3,783.1,787.3,4.88,60.0,11.4,3.0,39.5,0.7,14.1,4.2,LANE_A,20000.0,-22.0,90.2,CRUISE_LOITER,LADAKH,0,1.0
1788420415.734,5179.0,2131.3,72.0,80.8,83.2,80.1,82.8,782.6,786.3,784.1,786.2,4.88,60.0,11.5,3.0,39.4,0.73,14.09,4.3,LANE_A,20000.0,-22.0,90.1,CRUISE_LOITER,LADAKH,0,1.0
1788420416.227,5159.5,2123.3,72.0,80.6,83.4,80.1,82.8,781.0,785.7,783.5,786.1,4.86,60.0,11.4,3.0,39.8,0.72,14.13,4.3,LANE_A,20000.0,-22.0,90.1,CRUISE_LOITER,LADAKH,0,1.0
1788420416.745,5172.7,2128.7,72.0,80.7,83.3,80.0,82.6,782.5,787.3,782.9,786.0,4.91,59.7,11.5,3.0,39.6,0.72,14.1,4.2,LANE_A,20000.0,-22.0,90.0,CRUISE_LOITER,LADAKH,0,1.0
1788420417.255,5147.2,2118.2,72.0,80.6,83.1,80.2,82.8,780.9,786.5,783.8,786.4,4.82,59.8,11.4,3.0,39.5,0.72,14.12,4.1,LANE_A,20000.0,-22.0,90.0,CRUISE_LOITER,LADAKH,0,1.0
1788420417.76,5187.8,2134.9,72.0,80.5,83.5,80.5,82.4,784.6,785.0,781.5,788.8,4.86,60.0,11.4,3.0,39.6,0.73,14.11,4.2,LANE_A,20000.0,-22.0,89.9,CRUISE_LOITER,LADAKH,0,1.0
1788420418.267,5153.1,2120.6,72.0,80.5,83.1,80.3,82.7,781.0,787.2,785.1,787.9,4.9,59.9,11.5,3.0,39.4,0.72,14.07,4.4,LANE_A,20000.0,-22.0,89.9,CRUISE_LOITER,LADAKH,0,1.0
1788420418.776,5156.8,2122.1,72.0,80.7,83.3,80.4,82.8,781.9,783.7,784.8,788.2,4.86,60.2,11.6,3.0,39.6,0.74,14.1,4.0,LANE_A,20000.0,-22.0,89.8,CRUISE_LOITER,LADAKH,0,1.0
1788420419.285,5182.8,2132.9,72.0,80.8,83.4,80.1,82.9,782.5,786.4,782.8,788.3,4.88,60.2,11.4,3.0,39.8,0.74,14.1,4.2,LANE_A,20000.0,-22.0,89.8,CRUISE_LOITER,LADAKH,0,1.0
1788420419.793,5191.0,2136.2,72.0,81.0,83.3,80.5,82.5,781.3,786.1,785.5,785.2,4.9,59.9,11.5,3.0,39.6,0.72,14.1,4.2,LANE_A,20000.0,-22.0,89.7,CRUISE_LOITER,LADAKH,0,1.0
1788420420.301,5154.3,2121.1,72.0,80.9,83.2,80.6,83.1,783.7,785.7,782.9,789.5,4.88,60.0,11.4,3.0,39.7,0.72,14.1,4.2,LANE_A,20000.0,-22.0,89.7,CRUISE_LOITER,LADAKH,0,1.0
1788420420.81,5175.9,2130.0,72.0,81.3,83.6,80.5,83.0,780.6,785.8,783.4,787.2,4.84,60.0,11.5,3.0,39.5,0.72,14.13,4.2,LANE_A,20000.0,-22.0,89.6,CRUISE_LOITER,LADAKH,0,1.0
1788420421.317,5165.9,2125.9,72.0,80.5,83.6,80.2,82.9,783.0,788.5,783.0,786.3,4.87,60.0,11.3,3.0,39.5,0.72,14.09,4.3,LANE_A,20000.0,-22.0,89.6,CRUISE_LOITER,LADAKH,0,1.0
1788420421.83,5155.1,2121.4,72.0,81.2,83.6,80.5,82.7,782.1,787.1,782.9,789.1,4.91,60.2,11.4,3.0,39.5,0.76,14.1,4.2,LANE_A,20000.0,-22.0,89.5,CRUISE_LOITER,LADAKH,0,1.0
1788420422.335,5161.6,2124.1,72.0,80.9,83.3,80.3,83.2,781.3,787.6,784.2,786.5,4.88,60.1,11.4,3.0,39.6,0.74,14.09,4.2,LANE_A,20000.0,-22.0,89.5,CRUISE_LOITER,LADAKH,0,1.0
1788420422.84,5188.6,2135.2,72.0,81.0,83.6,80.7,83.0,781.9,786.8,782.9,788.4,4.94,60.1,11.2,3.0,39.6,0.73,14.08,4.1,LANE_A,20000.0,-22.0,89.5,CRUISE_LOITER,LADAKH,0,1.0
1788420423.352,5155.4,2121.6,72.0,81.2,83.5,80.4,82.9,783.0,783.9,783.3,785.0,4.92,60.3,11.6,3.0,39.6,0.73,14.07,4.0,LANE_A,20000.0,-22.0,89.4,CRUISE_LOITER,LADAKH,0,1.0
1788420423.856,5156.1,2121.9,72.0,81.4,83.5,80.5,83.0,783.9,788.7,783.6,787.0,4.87,60.2,11.5,3.0,39.5,0.72,14.11,4.0,LANE_A,20000.0,-22.0,89.4,CRUISE_LOITER,LADAKH,0,1.0
1788420424.365,5172.8,2128.7,72.0,81.4,83.6,80.7,83.0,781.3,786.9,783.3,788.1,4.95,60.3,11.5,3.0,39.6,0.72,14.09,4.2,LANE_A,20000.0,-22.0,89.3,CRUISE_LOITER,LADAKH,0,1.0
1788420424.873,5162.2,2124.4,72.0,81.0,83.3,80.5,82.8,782.5,788.0,785.7,784.9,4.9,60.1,11.4,3.0,39.6,0.73,14.11,4.2,LANE_A,20000.0,-22.0,89.3,CRUISE_LOITER,LADAKH,0,1.0
1788420425.379,5165.3,2125.7,72.0,81.2,83.6,80.5,83.2,780.1,785.8,782.9,787.5,4.87,60.2,11.4,3.0,39.8,0.71,14.1,4.2,LANE_A,20000.0,-22.0,89.2,CRUISE_LOITER,LADAKH,0,1.0
1788420425.887,5181.5,2132.3,72.0,81.5,83.6,80.7,83.5,784.3,787.7,785.4,786.9,4.86,60.2,11.5,3.0,39.8,0.74,14.09,4.0,LANE_A,20000.0,-22.0,89.2,CRUISE_LOITER,LADAKH,0,1.0
1788420426.394,5182.4,2132.7,72.0,81.4,83.7,80.8,82.9,780.3,786.8,784.7,785.0,4.91,60.1,11.6,3.0,39.6,0.75,14.07,4.3,LANE_A,20000.0,-22.0,89.1,CRUISE_LOITER,LADAKH,0,1.0
1788420426.907,5177.7,2130.7,72.0,81.3,84.0,80.7,83.3,782.5,786.2,783.4,787.3,4.92,60.1,11.7,3.0,39.8,0.74,14.11,3.9,LANE_A,20000.0,-22.0,89.1,CRUISE_LOITER,LADAKH,0,1.0
1788420427.414,5164.4,2125.3,72.0,81.2,83.7,80.8,83.2,781.5,787.6,783.5,786.9,4.9,60.4,11.5,3.0,39.9,0.71,14.12,4.2,LANE_A,20000.0,-22.0,89.0,CRUISE_LOITER,LADAKH,0,1.0
1788420427.923,5160.4,2123.6,72.0,81.3,83.9,80.3,83.3,781.4,788.2,783.2,787.0,4.9,60.4,11.4,3.0,39.7,0.76,14.1,4.1,LANE_A,20000.0,-22.0,89.0,CRUISE_LOITER,LADAKH,0,1.0
1788420428.427,5180.8,2132.0,72.0,81.6,83.9,80.8,83.2,781.2,785.7,785.9,784.9,4.88,60.9,11.7,3.0,39.8,0.72,14.1,4.2,LANE_A,20000.0,-22.0,88.9,CRUISE_LOITER,LADAKH,0,1.0
1788420428.936,5173.8,2129.2,72.0,81.5,83.8,80.9,83.0,781.1,786.6,784.5,788.1,4.91,60.5,11.5,3.0,39.8,0.76,14.1,4.2,LANE_A,20000.0,-22.0,88.9,CRUISE_LOITER,LADAKH,0,1.0
1788420429.445,5173.6,2129.1,72.0,81.5,83.9,81.2,83.5,782.7,785.5,782.8,786.0,4.85,60.3,11.5,3.0,39.9,0.72,14.09,4.2,LANE_A,20000.0,-22.0,88.8,CRUISE_LOITER,LADAKH,0,1.0
1788420429.947,5171.2,2128.1,72.0,81.5,84.0,80.7,83.3,783.2,787.1,785.9,786.0,4.89,60.7,11.5,3.0,39.7,0.72,14.1,4.0,LANE_A,20000.0,-22.0,88.8,CRUISE_LOITER,LADAKH,0,1.0
1788420430.459,5182.1,2132.5,72.0,81.3,84.1,80.9,83.4,783.1,785.7,784.2,787.8,4.87,60.4,11.4,3.0,39.9,0.74,14.11,4.1,LANE_A,20000.0,-22.0,88.7,CRUISE_LOITER,LADAKH,0,1.0
1788420431.259,5174.9,2129.6,72.0,81.5,84.0,81.0,83.4,780.1,787.5,783.0,786.0,4.94,60.6,11.5,3.0,39.7,0.72,14.1,4.0,LANE_A,20000.0,-22.0,88.7,CRUISE_LOITER,LADAKH,0,1.0
1788420431.76,5164.7,2125.4,72.0,81.7,83.7,80.9,83.7,782.0,785.5,782.9,787.1,4.86,60.8,11.3,3.0,39.7,0.73,14.09,4.1,LANE_A,20000.0,-22.0,88.6,CRUISE_LOITER,LADAKH,0,1.0
1788420432.277,5173.1,2128.9,72.0,81.5,84.3,81.2,83.6,783.0,788.5,782.8,787.1,4.84,60.5,11.5,3.0,39.8,0.73,14.12,4.2,LANE_A,20000.0,-22.0,88.6,CRUISE_LOITER,LADAKH,0,1.0
1788420432.785,5165.8,2125.8,72.0,81.3,84.2,81.0,83.7,780.9,786.5,784.4,787.2,4.89,60.4,11.6,3.0,39.8,0.73,14.1,4.1,LANE_A,20000.0,-22.0,88.5,CRUISE_LOITER,LADAKH,0,1.0
1788420433.295,5164.5,2125.3,72.0,81.6,84.0,80.7,83.5,780.8,786.0,783.7,787.2,4.88,60.8,11.6,3.0,39.7,0.74,14.1,4.0,LANE_A,20000.0,-22.0,88.5,CRUISE_LOITER,LADAKH,0,1.0
1788420433.804,5143.1,2116.5,72.0,81.9,84.0,81.1,83.8,782.9,788.0,784.3,787.4,4.86,60.6,11.6,3.0,39.8,0.71,14.06,4.3,LANE_A,20000.0,-22.0,88.4,CRUISE_LOITER,LADAKH,0,1.0
1788420434.311,5171.0,2128.0,72.0,81.8,83.9,81.3,83.6,781.1,785.9,784.6,785.3,4.88,60.5,11.4,3.0,40.1,0.71,14.08,4.2,LANE_A,20000.0,-22.0,88.4,CRUISE_LOITER,LADAKH,0,1.0
1788420434.822,5197.8,2139.0,72.0,81.5,84.3,81.4,84.0,780.6,788.6,785.0,785.4,4.89,60.7,11.6,3.0,39.9,0.75,14.07,4.2,LANE_A,20000.0,-22.0,88.3,CRUISE_LOITER,LADAKH,0,1.0
1788420435.319,5177.3,2130.6,72.0,81.9,84.0,81.2,83.9,782.1,788.6,783.6,785.6,4.86,60.8,11.7,3.0,39.6,0.72,14.04,4.2,LANE_A,20000.0,-22.0,88.3,CRUISE_LOITER,LADAKH,0,1.0
1788420435.838,5161.3,2124.0,72.0,81.8,84.3,81.2,83.6,782.2,786.5,783.3,787.2,4.9,60.9,11.7,3.0,40.0,0.74,14.14,4.0,LANE_A,20000.0,-22.0,88.2,CRUISE_LOITER,LADAKH,0,1.0
1788420436.345,5210.3,2144.2,72.0,81.8,84.1,81.0,83.5,781.8,786.6,782.8,787.0,4.89,60.7,11.4,3.0,39.8,0.7,14.14,4.2,LANE_A,20000.0,-22.0,88.2,CRUISE_LOITER,LADAKH,0,1.0
1788420436.856,5155.5,2121.6,72.0,81.6,84.2,81.5,83.9,782.7,785.0,781.8,786.6,4.88,60.9,11.6,3.0,40.1,0.74,14.13,4.1,LANE_A,20000.0,-22.0,88.1,CRUISE_LOITER,LADAKH,0,1.0
1788420437.366,5182.0,2132.5,72.0,82.3,84.5,81.2,83.8,783.4,787.0,784.7,785.7,4.85,60.8,11.7,3.0,39.7,0.72,14.1,4.3,LANE_A,20000.0,-22.0,88.1,CRUISE_LOITER,LADAKH,0,1.0
1788420437.874,5199.3,2139.6,72.0,81.9,84.2,81.0,83.7,781.9,785.7,783.8,787.1,4.84,61.0,11.4,3.0,39.8,0.72,14.08,4.1,LANE_A,20000.0,-22.0,88.0,CRUISE_LOITER,LADAKH,0,1.0
1788420438.369,5165.7,2125.8,72.0,82.1,84.5,81.7,83.9,783.5,787.2,783.5,788.3,4.89,61.0,11.6,3.0,39.8,0.74,14.08,4.2,LANE_A,20000.0,-22.0,88.0,CRUISE_LOITER,LADAKH,0,1.0
1788420438.89,5169.3,2127.3,72.0,82.2,84.2,81.4,84.1,783.5,786.8,783.9,786.2,4.89,61.0,11.5,3.0,39.9,0.7,14.09,4.2,LANE_A,20000.0,-22.0,87.9,CRUISE_LOITER,LADAKH,0,1.0
1788420439.397,5176.7,2130.3,72.0,81.8,84.5,81.3,83.7,781.6,788.6,784.8,786.3,4.87,60.9,11.5,3.0,40.0,0.7,14.07,4.0,LANE_A,20000.0,-22.0,87.9,CRUISE_LOITER,LADAKH,0,1.0
1788420439.906,5190.4,2136.0,72.0,82.0,84.5,81.6,84.3,783.0,788.4,783.7,786.0,4.86,61.0,11.4,3.0,39.8,0.72,14.08,4.4,LANE_A,20000.0,-22.0,87.8,CRUISE_LOITER,LADAKH,0,1.0
1788420440.415,5164.5,2125.3,72.0,82.2,84.7,81.6,84.1,781.2,784.8,783.9,787.8,4.9,61.2,11.6,3.0,39.7,0.74,14.11,4.0,LANE_A,20000.0,-22.0,87.8,CRUISE_LOITER,LADAKH,0,1.0
1788420440.926,5186.3,2134.3,72.0,81.7,84.7,81.6,83.9,780.6,787.3,784.2,787.2,4.87,61.0,11.5,3.0,39.9,0.75,14.12,4.2,LANE_A,20000.0,-22.0,87.7,CRUISE_LOITER,LADAKH,0,1.0
1788420441.433,5170.7,2127.9,72.0,82.0,84.6,81.5,84.0,782.0,788.3,783.5,784.8,4.87,61.2,11.5,3.0,40.1,0.72,14.09,4.1,LANE_A,20000.0,-22.0,87.7,CRUISE_LOITER,LADAKH,0,1.0
1788420441.944,5182.5,2132.7,72.0,82.2,85.0,81.3,84.1,783.0,786.5,784.6,785.8,4.89,61.1,11.7,3.0,39.8,0.76,14.05,4.1,LANE_A,20000.0,-22.0,87.6,CRUISE_LOITER,LADAKH,0,1.0
1788420442.452,5142.4,2116.2,72.0,81.9,84.6,81.7,84.0,783.0,785.9,782.9,788.8,4.88,61.4,11.5,3.0,39.8,0.74,14.09,4.1,LANE_A,20000.0,-22.0,87.6,CRUISE_LOITER,LADAKH,0,1.0
1788420442.962,5198.6,2139.4,72.0,82.3,84.5,81.8,84.2,782.9,787.2,782.7,787.4,4.84,61.2,11.5,3.0,40.1,0.73,14.07,4.1,LANE_A,20000.0,-22.0,87.5,CRUISE_LOITER,LADAKH,0,1.0
1788420443.467,5174.3,2129.3,72.0,82.4,84.6,81.6,84.1,781.7,785.0,783.5,788.5,4.84,61.1,11.6,3.0,40.0,0.72,14.1,4.2,LANE_A,20000.0,-22.0,87.5,CRUISE_LOITER,LADAKH,0,1.0
1788420443.966,5160.2,2123.5,72.0,82.3,84.8,81.9,84.5,781.0,787.0,784.4,785.1,4.9,61.2,11.6,3.0,40.1,0.73,14.11,4.1,LANE_A,20000.0,-22.0,87.4,CRUISE_LOITER,LADAKH,0,1.0
1788420444.47,5189.2,2135.5,72.0,82.6,84.7,82.2,84.5,780.1,786.0,783.2,787.5,4.84,61.3,11.7,3.0,39.9,0.73,14.11,4.0,LANE_A,20000.0,-22.0,87.4,CRUISE_LOITER,LADAKH,0,1.0
1788420444.979,5190.7,2136.1,72.0,82.2,84.9,81.8,84.5,784.2,788.1,785.7,786.5,4.84,61.2,11.4,3.0,39.9,0.71,14.12,4.0,LANE_A,20000.0,-22.0,87.3,CRUISE_LOITER,LADAKH,0,1.0
1788420445.483,5176.4,2130.2,72.0,82.3,84.3,82.0,84.5,783.2,786.9,783.4,787.2,4.81,61.4,11.6,3.0,40.0,0.69,14.09,4.1,LANE_A,20000.0,-22.0,87.3,CRUISE_LOITER,LADAKH,0,1.0
1788420446.002,5214.5,2145.9,72.0,82.2,84.8,82.1,84.7,781.6,787.3,783.5,785.5,4.85,61.6,11.6,3.0,40.0,0.72,14.12,3.9,LANE_A,20000.0,-22.0,87.2,CRUISE_LOITER,LADAKH,0,1.0
1788420446.51,5214.3,2145.8,72.0,82.2,84.5,81.6,84.5,781.9,786.0,784.2,788.9,4.81,61.3,11.6,3.0,40.1,0.71,14.09,4.2,LANE_A,20000.0,-22.0,87.2,CRUISE_LOITER,LADAKH,0,1.0
1788420447.038,5182.8,2132.9,72.0,82.8,84.7,82.0,84.3,783.4,783.9,784.9,788.3,4.79,61.4,11.6,3.0,40.0,0.73,14.13,4.1,LANE_A,20000.0,-22.0,87.1,CRUISE_LOITER,LADAKH,0,1.0
1788420447.556,5173.7,2129.1,72.0,82.8,84.9,82.0,84.3,782.6,787.3,784.5,787.0,4.84,61.3,11.5,3.0,40.1,0.73,14.07,4.1,LANE_A,20000.0,-22.0,87.1,CRUISE_LOITER,LADAKH,0,1.0
1788420448.065,5185.9,2134.1,72.0,82.2,84.9,81.9,84.5,781.2,784.5,782.9,784.9,4.87,61.4,11.6,3.0,39.8,0.69,14.12,4.3,LANE_A,20000.0,-22.0,87.0,CRUISE_LOITER,LADAKH,0,1.0
1788420448.573,5174.1,2129.3,72.0,82.8,85.0,81.8,84.6,782.1,787.3,782.2,788.2,4.87,61.6,11.6,3.0,40.0,0.72,14.08,4.0,LANE_A,20000.0,-22.0,87.0,CRUISE_LOITER,LADAKH,0,1.0
1788420449.08,5176.6,2130.3,72.0,82.7,85.2,82.0,84.6,780.1,786.5,783.7,787.2,4.85,61.4,11.7,3.0,40.0,0.75,14.13,4.1,LANE_A,20000.0,-22.0,86.9,CRUISE_LOITER,LADAKH,0,1.0
1788420449.589,5198.2,2139.2,72.0,82.6,84.6,82.2,84.8,782.3,785.5,783.4,787.8,4.89,61.8,11.6,3.0,40.0,0.71,14.1,4.1,LANE_A,20000.0,-22.0,86.9,CRUISE_LOITER,LADAKH,0,1.0
1788420450.096,5186.0,2134.1,72.0,82.7,85.1,82.4,84.7,783.3,787.1,783.6,784.8,4.86,62.0,11.5,3.0,40.1,0.71,14.1,4.0,LANE_A,20000.0,-22.0,86.8,CRUISE_LOITER,LADAKH,0,1.0
1788420450.615,5200.2,2140.0,72.0,82.4,85.0,81.6,84.6,782.4,789.4,784.5,787.4,4.92,61.7,11.5,3.0,40.1,0.72,14.11,4.2,LANE_A,20000.0,-22.0,86.8,CRUISE_LOITER,LADAKH,0,1.0
1788420451.425,5191.0,2136.2,72.0,82.5,85.1,81.9,84.5,781.5,786.0,784.1,789.9,4.85,61.7,11.6,3.0,40.1,0.7,14.09,4.0,LANE_A,20000.0,-22.0,86.7,CRUISE_LOITER,LADAKH,0,1.0
1788420451.928,5182.1,2132.6,72.0,82.5,85.2,82.2,84.7,783.2,788.3,782.9,785.9,4.83,61.8,11.6,3.0,40.2,0.73,14.1,4.1,LANE_A,20000.0,-22.0,86.7,CRUISE_LOITER,LADAKH,0,1.0
1788420452.436,5174.9,2129.6,72.0,82.7,85.5,82.2,84.6,782.5,788.5,786.1,784.9,4.87,61.6,11.6,3.0,40.2,0.73,14.1,4.1,LANE_A,20000.0,-22.0,86.6,CRUISE_LOITER,LADAKH,0,1.0
1788420452.946,5194.4,2137.6,72.0,82.7,85.0,82.1,85.0,780.8,786.3,782.8,787.2,4.82,61.9,11.6,3.0,40.2,0.73,14.1,4.1,LANE_A,20000.0,-22.0,86.6,CRUISE_LOITER,LADAKH,0,1.0
1788420453.445,5181.8,2132.4,72.0,83.0,85.2,82.1,84.8,784.6,784.3,781.9,786.6,4.83,61.9,11.6,3.0,40.1,0.73,14.08,4.0,LANE_A,20000.0,-22.0,86.5,CRUISE_LOITER,LADAKH,0,1.0
1788420453.964,5181.2,2132.2,72.0,82.6,85.4,82.4,84.9,781.2,786.8,785.0,787.8,4.89,61.9,11.6,3.0,40.3,0.71,14.09,4.2,LANE_A,20000.0,-22.0,86.5,CRUISE_LOITER,LADAKH,0,1.0
1788420454.471,5154.2,2121.1,72.0,83.1,85.5,82.7,85.0,780.1,786.2,784.8,787.0,4.87,61.5,11.7,3.0,40.0,0.73,14.12,3.9,LANE_A,20000.0,-22.0,86.4,CRUISE_LOITER,LADAKH,0,1.0
1788420454.981,5191.0,2136.2,72.0,82.6,85.0,82.3,84.7,780.7,786.5,783.9,788.5,4.86,61.9,11.7,3.0,40.1,0.72,14.07,4.2,LANE_A,20000.0,-22.0,86.4,CRUISE_LOITER,LADAKH,0,1.0
1788420455.487,5174.3,2129.3,72.0,83.0,85.8,82.3,84.8,783.4,785.0,782.0,786.8,4.86,61.5,11.6,3.0,40.4,0.73,14.09,4.1,LANE_A,20000.0,-22.0,86.4,CRUISE_LOITER,LADAKH,0,1.0
1788420455.995,5191.1,2136.3,72.0,82.8,85.5,82.5,85.1,780.3,787.7,782.5,786.9,4.84,62.0,11.8,3.0,40.1,0.72,14.07,4.2,LANE_A,20000.0,-22.0,86.3,CRUISE_LOITER,LADAKH,0,1.0
1788420456.505,5149.4,2119.1,72.0,83.0,85.4,82.8,84.9,782.9,788.1,784.9,785.8,4.93,62.1,11.7,3.0,39.9,0.72,14.12,4.0,LANE_A,20000.0,-22.0,86.3,CRUISE_LOITER,LADAKH,0,1.0
1788420457.011,5199.4,2139.7,72.0,83.1,85.5,82.7,85.2,782.2,787.7,783.3,787.1,4.8,62.1,11.7,3.0,40.3,0.76,14.08,4.2,LANE_A,20000.0,-22.0,86.2,CRUISE_LOITER,LADAKH,0,1.0
1788420457.519,5169.6,2127.4,72.0,83.1,85.7,82.8,85.1,781.7,787.8,783.8,786.4,4.84,61.9,11.6,3.0,40.3,0.72,14.15,4.2,LANE_A,20000.0,-22.0,86.2,CRUISE_LOITER,LADAKH,0,1.0
1788420458.028,5187.3,2134.7,72.0,82.9,85.5,82.5,85.3,780.5,786.8,784.3,788.9,4.88,62.0,11.5,3.0,40.4,0.75,14.12,3.9,LANE_A,20000.0,-22.0,86.1,CRUISE_LOITER,LADAKH,0,1.0
1788420458.535,5174.9,2129.6,72.0,83.2,85.6,82.6,84.9,783.2,786.0,784.9,786.6,4.9,61.9,11.7,3.0,40.4,0.72,14.13,4.1,LANE_A,20000.0,-22.0,86.1,CRUISE_LOITER,LADAKH,0,1.0
1788420459.045,5174.7,2129.5,72.0,82.9,85.4,82.7,85.0,781.6,786.4,785.2,787.1,4.86,62.1,11.7,3.0,40.1,0.74,14.12,4.1,LANE_A,20000.0,-22.0,86.0,CRUISE_LOITER,LADAKH,0,1.0
1788420459.552,5173.5,2129.0,72.0,83.2,85.5,82.6,85.2,782.8,786.7,783.2,785.9,4.83,62.3,11.7,3.0,40.2,0.73,14.09,4.2,LANE_A,20000.0,-22.0,86.0,CRUISE_LOITER,LADAKH,0,1.0
1788420460.063,5198.9,2139.5,72.0,83.3,85.6,83.1,85.2,783.1,787.1,784.0,786.2,4.83,62.2,11.7,3.0,40.5,0.72,14.1,4.0,LANE_A,20000.0,-22.0,85.9,CRUISE_LOITER,LADAKH,0,1.0
1788420460.571,5182.9,2132.9,72.0,82.9,85.9,82.8,85.1,779.8,787.9,783.7,785.0,4.84,62.0,11.8,3.0,40.2,0.73,14.08,4.2,LANE_A,20000.0,-22.0,85.9,CRUISE_LOITER,LADAKH,0,1.0
1788420461.08,5187.3,2134.7,72.0,83.3,85.9,82.9,85.4,784.1,788.2,783.5,787.0,4.87,62.0,11.5,3.0,40.4,0.74,14.08,4.3,LANE_A,20000.0,-22.0,85.8,CRUISE_LOITER,LADAKH,0,1.0
1788420461.587,5184.9,2133.7,72.0,83.2,85.8,83.0,85.0,779.8,785.9,783.4,786.4,4.85,62.3,11.7,3.0,40.2,0.76,14.1,4.3,LANE_A,20000.0,-22.0,85.8,CRUISE_LOITER,LADAKH,0,1.0
1788420462.099,5169.3,2127.3,72.0,83.3,85.8,82.9,85.3,783.5,788.1,786.5,784.9,4.83,62.0,11.7,3.0,40.5,0.72,14.13,4.0,LANE_A,20000.0,-22.0,85.8,CRUISE_LOITER,LADAKH,0,1.0
1788420462.603,5198.9,2139.5,72.0,83.5,85.7,83.0,85.5,780.7,787.8,783.4,787.7,4.86,62.4,11.8,3.0,40.4,0.75,14.06,3.9,LANE_A,20000.0,-22.0,85.7,CRUISE_LOITER,LADAKH,0,1.0
1788420463.107,5191.3,2136.3,72.0,83.2,86.0,82.9,85.3,783.2,789.0,784.2,786.8,4.83,62.4,11.8,3.0,40.2,0.72,14.09,4.2,LANE_A,20000.0,-22.0,85.7,CRUISE_LOITER,LADAKH,0,1.0
1788420463.617,5215.5,2146.3,72.0,83.4,85.9,82.4,84.8,783.9,786.7,784.1,785.0,4.85,62.2,11.7,3.0,40.3,0.72,14.11,4.0,LANE_A,20000.0,-22.0,85.6,CRUISE_LOITER,LADAKH,0,1.0
1788420464.128,5185.7,2134.0,72.0,83.2,86.0,82.8,85.7,782.7,786.8,783.9,788.8,4.83,62.4,11.7,3.0,40.4,0.75,14.11,4.2,LANE_A,20000.0,-22.0,85.6,CRUISE_LOITER,LADAKH,0,1.0
1788420464.636,5161.7,2124.1,72.0,83.3,85.7,83.1,85.2,781.8,787.5,782.3,787.6,4.84,62.5,11.7,3.0,40.4,0.72,14.09,4.1,LANE_A,20000.0,-22.0,85.5,CRUISE_LOITER,LADAKH,0,1.0
1788420465.14,5177.3,2130.6,72.0,83.2,86.1,83.0,85.7,780.2,787.2,784.8,786.0,4.85,62.3,11.7,3.0,40.4,0.72,14.11,4.0,LANE_A,20000.0,-22.0,85.5,CRUISE_LOITER,LADAKH,0,1.0
1788420465.647,5183.6,2133.2,72.0,83.2,86.2,83.2,85.6,782.3,784.9,784.0,787.2,4.82,62.3,11.6,3.0,40.4,0.74,14.09,4.1,LANE_A,20000.0,-22.0,85.4,CRUISE_LOITER,LADAKH,0,1.0
1788420466.154,5198.1,2139.1,72.0,83.7,85.8,83.1,85.6,782.4,786.4,784.5,786.6,4.88,62.4,11.7,3.0,40.4,0.73,14.12,4.1,LANE_A,20000.0,-22.0,85.4,CRUISE_LOITER,LADAKH,0,1.0
1788420466.66,5195.1,2137.9,72.0,83.5,86.2,83.1,85.6,781.8,786.8,786.2,786.3,4.83,62.3,11.6,3.0,40.4,0.75,14.08,4.0,LANE_A,20000.0,-22.0,85.4,CRUISE_LOITER,LADAKH,0,1.0
1788420467.159,5192.3,2136.7,72.0,83.7,85.8,83.0,85.7,783.0,787.3,785.8,787.2,4.86,62.1,11.6,3.0,40.4,0.73,14.07,4.2,LANE_A,20000.0,-22.0,85.3,CRUISE_LOITER,LADAKH,0,1.0
1788420467.672,5178.0,2130.9,72.0,83.6,86.2,83.0,85.7,784.0,786.5,784.0,787.5,4.88,62.6,11.8,3.0,40.4,0.72,14.12,4.0,LANE_A,20000.0,-22.0,85.3,CRUISE_LOITER,LADAKH,0,1.0
1788420468.184,5168.4,2126.9,72.0,83.7,85.8,83.2,85.6,782.8,788.6,781.0,788.0,4.86,62.4,11.7,3.0,40.4,0.75,14.09,4.1,LANE_A,20000.0,-22.0,85.2,CRUISE_LOITER,LADAKH,0,1.0
1788420468.681,5203.2,2141.2,72.0,83.6,86.3,83.2,85.8,781.8,785.6,784.4,787.2,4.86,62.6,11.8,3.0,40.5,0.74,14.09,4.0,LANE_A,20000.0,-22.0,85.2,CRUISE_LOITER,LADAKH,0,1.0
1788420469.199,5181.6,2132.4,72.0,84.0,85.9,83.5,85.3,781.8,787.6,785.8,787.0,4.86,62.6,11.6,3.0,40.4,0.76,14.1,4.1,LANE_A,20000.0,-22.0,85.2,CRUISE_LOITER,LADAKH,0,1.0
1788420469.707,5218.8,2147.7,72.0,83.7,86.2,83.6,85.5,782.1,786.7,785.5,785.9,4.82,62.8,11.7,3.0,40.5,0.73,14.08,3.9,LANE_A,20000.0,-22.0,85.1,CRUISE_LOITER,LADAKH,0,1.0
1788420470.213,5187.7,2134.8,72.0,83.5,86.1,83.0,86.0,780.5,788.2,784.7,788.1,4.83,62.6,11.7,3.0,40.4,0.72,14.14,4.1,LANE_A,20000.0,-22.0,85.1,CRUISE_LOITER,LADAKH,0,1.0
1788420470.722,5189.5,2135.6,72.0,84.0,86.4,83.4,85.7,781.8,785.7,785.2,785.7,4.82,62.8,11.7,3.0,40.2,0.74,14.08,4.1,LANE_A,20000.0,-22.0,85.0,CRUISE_LOITER,LADAKH,0,1.0
1788420471.524,5170.1,2127.6,72.0,83.9,86.5,83.7,85.9,782.2,786.3,784.8,786.2,4.83,62.4,11.7,3.0,40.5,0.71,14.13,4.1,LANE_A,20000.0,-22.0,85.0,CRUISE_LOITER,LADAKH,0,1.0
1788420472.035,5170.0,2127.6,72.0,83.6,86.3,83.8,85.8,780.9,788.8,782.7,786.6,4.8,62.6,11.7,3.0,40.5,0.71,14.13,4.2,LANE_A,20000.0,-22.0,85.0,CRUISE_LOITER,LADAKH,0,1.0
1788420472.542,5177.6,2130.7,72.0,83.9,86.4,83.1,86.1,781.7,786.3,782.8,786.9,4.81,62.9,11.8,3.0,40.5,0.75,14.11,4.0,LANE_A,20000.0,-22.0,84.9,CRUISE_LOITER,LADAKH,0,1.0
1788420473.051,5179.6,2131.5,72.0,84.0,86.1,83.6,86.0,780.4,786.5,785.8,786.6,4.82,62.5,11.7,3.0,40.5,0.7,14.09,4.1,LANE_A,20000.0,-22.0,84.9,CRUISE_LOITER,LADAKH,0,1.0
1788420473.559,5183.5,2133.1,72.0,83.9,86.5,83.5,86.0,782.6,785.2,784.7,787.3,4.82,62.7,11.7,3.0,40.7,0.73,14.09,4.1,LANE_A,20000.0,-22.0,84.8,CRUISE_LOITER,LADAKH,0,1.0
1788420474.066,5199.7,2139.8,72.0,83.8,86.5,83.4,86.2,783.3,786.6,782.2,787.0,4.85,62.6,11.8,3.0,40.5,0.74,14.13,4.1,LANE_A,20000.0,-22.0,84.8,CRUISE_LOITER,LADAKH,0,1.0
1788420474.575,5198.4,2139.3,72.0,84.2,86.4,83.4,86.0,782.2,786.4,782.5,787.5,4.83,62.9,11.7,3.0,40.7,0.72,14.1,4.1,LANE_A,20000.0,-22.0,84.8,CRUISE_LOITER,LADAKH,0,1.0
1788420475.082,5192.0,2136.6,72.0,84.0,86.4,83.4,85.9,781.0,787.1,784.0,784.2,4.84,63.2,11.8,3.0,40.6,0.72,14.08,4.3,LANE_A,20000.0,-22.0,84.7,CRUISE_LOITER,LADAKH,0,1.0
1788420475.812,5187.1,2134.6,72.0,84.0,86.8,83.7,86.2,780.9,789.3,785.1,786.3,4.88,62.8,11.8,3.0,40.6,0.74,14.12,4.1,LANE_A,20000.0,-22.0,84.7,CRUISE_LOITER,LADAKH,0,1.0
1788420476.321,5198.7,2139.4,72.0,84.1,86.7,83.9,86.0,782.0,786.2,783.0,785.3,4.86,62.6,11.8,3.0,40.5,0.73,14.08,4.1,LANE_A,20000.0,-22.0,84.6,CRUISE_LOITER,LADAKH,0,1.0
1788420476.827,5180.5,2131.9,72.0,83.9,87.0,83.5,86.3,781.0,788.9,781.8,784.9,4.85,62.9,11.7,3.0,40.7,0.74,14.09,3.9,LANE_A,20000.0,-22.0,84.6,CRUISE_LOITER,LADAKH,0,1.0
1788420477.391,5201.1,2140.4,72.0,84.4,86.3,83.7,86.2,781.4,786.9,786.7,787.3,4.8,62.9,11.7,3.0,40.7,0.73,14.08,4.1,LANE_A,20000.0,-22.0,84.6,CRUISE_LOITER,LADAKH,0,1.0
1788420477.899,5181.8,2132.4,72.0,84.7,86.6,83.5,86.2,781.3,788.3,783.9,786.6,4.84,63.1,11.8,3.0,40.5,0.73,14.11,4.2,LANE_A,20000.0,-22.0,84.5,CRUISE_LOITER,LADAKH,0,1.0
1788420478.402,5167.6,2126.6,72.0,84.2,86.6,83.8,86.2,779.5,787.8,784.7,786.5,4.87,63.0,11.8,3.0,40.7,0.76,14.12,4.3,LANE_A,20000.0,-22.0,84.5,CRUISE_LOITER,LADAKH,0,1.0
1788420478.913,5196.0,2138.3,72.0,84.2,86.7,83.5,86.2,781.2,788.1,784.0,787.1,4.86,63.0,11.7,3.0,40.7,0.75,14.09,4.2,LANE_A,20000.0,-22.0,84.5,CRUISE_LOITER,LADAKH,0,1.0
1788420479.418,5182.9,2132.9,72.0,84.4,87.0,83.6,86.6,784.3,787.0,782.8,787.6,4.86,62.9,11.7,3.0,40.5,0.73,14.12,4.0,LANE_A,20000.0,-22.0,84.4,CRUISE_LOITER,LADAKH,0,1.0
1788420479.926,5184.6,2133.6,72.0,84.0,86.9,84.0,86.6,780.7,787.1,781.6,785.5,4.82,62.9,11.9,3.0,40.7,0.73,14.1,4.2,LANE_A,20000.0,-22.0,84.4,CRUISE_LOITER,LADAKH,0,1.0
1788420480.435,5186.0,2134.2,72.0,84.3,86.6,83.8,86.5,780.5,786.4,782.7,784.8,4.86,63.2,11.7,3.0,40.7,0.73,14.08,3.9,LANE_A,20000.0,-22.0,84.4,CRUISE_LOITER,LADAKH,0,1.0
1788420480.942,5207.6,2143.0,72.0,84.2,87.0,83.8,86.5,783.5,788.6,784.1,786.8,4.83,63.1,11.8,3.0,40.8,0.73,14.11,4.0,LANE_A,20000.0,-22.0,84.3,CRUISE_LOITER,LADAKH,0,1.0
1788420481.451,5204.6,2141.8,72.0,84.4,87.1,84.2,86.5,780.0,786.6,785.0,787.3,4.9,63.4,11.8,3.0,40.8,0.73,14.12,3.9,LANE_A,20000.0,-22.0,84.3,CRUISE_LOITER,LADAKH,0,1.0
1788420481.959,5195.2,2137.9,72.0,84.6,86.8,84.1,86.6,782.6,786.1,783.9,786.5,4.8,63.1,11.6,3.0,40.4,0.73,14.1,4.1,LANE_A,20000.0,-22.0,84.3,CRUISE_LOITER,LADAKH,0,1.0
1788420482.47,5178.3,2131.0,72.0,84.3,86.8,83.8,86.5,783.5,787.5,783.8,788.2,4.84,63.1,11.7,3.0,40.8,0.73,14.13,4.0,LANE_A,20000.0,-22.0,84.2,CRUISE_LOITER,LADAKH,0,1.0
1788420482.966,5195.0,2137.8,72.0,84.5,86.9,84.1,86.6,784.4,788.5,784.4,788.4,4.81,63.2,11.8,3.0,40.7,0.75,14.08,4.0,LANE_A,20000.0,-22.0,84.2,CRUISE_LOITER,LADAKH,0,1.0
1788420483.485,5197.6,2138.9,72.0,84.8,87.0,84.0,86.4,779.8,787.6,784.9,788.2,4.82,63.2,11.8,3.0,40.7,0.73,14.08,4.1,LANE_A,20000.0,-22.0,84.2,CRUISE_LOITER,LADAKH,0,1.0
1788420483.982,5189.5,2135.6,72.0,84.3,87.0,84.0,86.7,780.4,788.7,782.4,788.1,4.82,63.3,11.8,3.0,40.9,0.72,14.1,4.0,LANE_A,20000.0,-22.0,84.1,CRUISE_LOITER,LADAKH,0,1.0
1788420484.5,5198.6,2139.4,72.0,84.7,86.8,84.1,86.7,780.5,788.2,783.1,788.8,4.86,63.2,11.7,3.0,40.9,0.72,14.1,4.0,LANE_A,20000.0,-22.0,84.1,CRUISE_LOITER,LADAKH,0,1.0
1788420485.007,5193.2,2137.1,72.0,84.3,87.2,84.2,86.8,782.1,786.1,783.2,785.2,4.84,63.4,11.8,3.0,40.7,0.74,14.08,4.2,LANE_A,20000.0,-22.0,84.1,CRUISE_LOITER,LADAKH,0,1.0
1788420485.514,5181.1,2132.1,72.0,84.6,87.1,84.1,86.4,779.6,787.8,785.4,789.6,4.85,63.2,11.8,3.0,40.7,0.74,14.11,4.1,LANE_A,20000.0,-22.0,84.0,CRUISE_LOITER,LADAKH,0,1.0
1788420486.024,5201.2,2140.4,72.0,84.7,87.0,84.1,86.8,783.5,786.0,784.3,788.9,4.79,63.3,11.8,3.0,40.4,0.74,14.09,4.0,LANE_A,20000.0,-22.0,84.0,CRUISE_LOITER,LADAKH,0,1.0
1788420486.532,5175.1,2129.7,72.0,84.9,87.4,84.0,86.6,783.9,787.2,783.7,788.0,4.83,63.5,11.7,3.0,40.4,0.71,14.09,4.0,LANE_A,20000.0,-22.0,84.0,CRUISE_LOITER,LADAKH,0,1.0
1788420487.04,5183.4,2133.1,72.0,84.8,87.3,84.7,86.9,781.4,785.8,783.7,785.5,4.86,63.6,11.8,3.0,40.9,0.74,14.09,4.1,LANE_A,20000.0,-22.0,83.9,CRUISE_LOITER,LADAKH,0,1.0
1788420487.555,5200.2,2140.0,72.0,84.5,87.0,84.4,87.0,780.4,787.8,784.5,785.4,4.76,63.6,11.8,3.0,41.0,0.71,14.13,4.1,LANE_A,20000.0,-22.0,83.9,CRUISE_LOITER,LADAKH,0,1.0
1788420488.058,5192.6,2136.9,72.0,84.8,87.2,84.1,86.9,783.1,786.0,783.5,784.8,4.81,63.3,12.0,3.0,40.8,0.73,14.07,4.1,LANE_A,20000.0,-22.0,83.9,CRUISE_LOITER,LADAKH,0,1.0
1788420488.562,5198.3,2139.2,72.0,84.8,87.3,84.7,86.4,782.7,787.0,784.7,787.3,4.85,63.8,11.8,3.0,40.8,0.74,14.11,4.3,LANE_A,20000.0,-22.0,83.9,CRUISE_LOITER,LADAKH,0,1.0
1788420489.072,5192.1,2136.7,72.0,84.8,87.3,84.3,86.5,781.6,786.9,784.9,787.8,4.84,63.6,11.7,3.0,40.7,0.73,14.11,4.0,LANE_A,20000.0,-22.0,83.8,CRUISE_LOITER,LADAKH,0,1.0
1788420489.578,5175.5,2129.9,72.0,84.8,87.2,84.4,86.6,781.5,785.6,783.3,788.6,4.76,63.8,11.8,3.0,40.8,0.71,14.09,4.2,LANE_A,20000.0,-22.0,83.8,CRUISE_LOITER,LADAKH,0,1.0
1788420490.086,5202.2,2140.8,72.0,84.9,87.3,84.4,87.0,782.2,785.0,783.6,786.8,4.84,63.7,11.8,3.0,41.0,0.73,14.14,4.1,LANE_A,20000.0,-22.0,83.8,CRUISE_LOITER,LADAKH,0,1.0
1788420490.591,5205.2,2142.1,72.0,85.0,87.3,84.5,87.3,782.4,789.2,783.3,788.5,4.83,63.8,11.7,3.0,40.9,0.72,14.09,4.1,LANE_A,20000.0,-22.0,83.8,CRUISE_LOITER,LADAKH,0,1.0
1788420491.401,5209.0,2143.6,72.0,84.8,87.5,84.6,86.8,784.1,787.2,783.5,787.8,4.81,63.8,11.9,3.0,41.0,0.73,14.12,4.1,LANE_A,20000.0,-22.0,83.7,CRUISE_LOITER,LADAKH,0,1.0
1788420491.916,5187.9,2135.0,72.0,85.2,87.4,84.5,86.7,781.0,786.8,782.2,786.4,4.86,63.7,11.9,3.0,40.8,0.73,14.09,4.2,LANE_A,20000.0,-22.0,83.7,CRUISE_LOITER,LADAKH,0,1.0
1788420492.426,5168.4,2126.9,72.0,85.0,87.3,84.5,86.9,781.0,787.4,784.3,787.4,4.82,63.7,11.9,3.0,40.8,0.72,14.1,4.1,LANE_A,20000.0,-22.0,83.7,CRUISE_LOITER,LADAKH,0,1.0
1788420492.934,5204.2,2141.6,72.0,84.8,87.7,84.1,86.9,782.1,785.8,783.0,787.8,4.83,63.8,12.0,3.0,40.8,0.72,14.12,4.0,LANE_A,20000.0,-22.0,83.6,CRUISE_LOITER,LADAKH,0,1.0
1788420493.439,5190.0,2135.8,72.0,85.0,87.8,84.7,87.0,781.3,786.0,784.1,787.7,4.76,63.7,11.8,3.0,41.1,0.71,14.1,3.9,LANE_A,20000.0,-22.0,83.6,CRUISE_LOITER,LADAKH,0,1.0
1788420493.937,5202.6,2141.0,72.0,84.9,87.8,84.5,87.1,783.0,786.4,784.1,786.6,4.83,63.9,11.9,3.0,41.2,0.73,14.08,3.9,LANE_A,20000.0,-22.0,83.6,CRUISE_LOITER,LADAKH,0,1.0
1788420494.455,5178.1,2130.9,72.0,85.1,87.7,84.5,86.5,782.2,789.5,781.5,789.0,4.79,63.9,11.9,3.0,40.9,0.73,14.08,4.2,LANE_A,20000.0,-22.0,83.6,CRUISE_LOITER,LADAKH,0,1.0
1788420494.963,5195.8,2138.2,72.0,85.0,87.8,84.4,87.0,782.1,787.8,781.8,787.5,4.83,63.8,11.8,3.0,41.0,0.75,14.14,3.9,LANE_A,20000.0,-22.0,83.6,CRUISE_LOITER,LADAKH,0,1.0
1788420495.47,5175.2,2129.7,72.0,85.2,87.5,84.5,87.1,782.8,785.6,782.2,785.2,4.81,64.0,11.7,3.0,41.0,0.74,14.09,4.0,LANE_A,20000.0,-22.0,83.5,CRUISE_LOITER,LADAKH,0,1.0
1788420495.979,5182.4,2132.7,72.0,85.2,87.4,84.5,86.9,783.1,786.6,782.2,786.3,4.82,63.9,11.8,3.0,41.1,0.68,14.09,4.0,LANE_A,20000.0,-22.0,83.5,CRUISE_LOITER,LADAKH,0,1.0
1788420496.487,5185.0,2133.7,72.0,85.0,87.9,84.9,86.9,783.0,788.6,784.7,788.8,4.83,64.2,11.9,3.0,41.1,0.73,14.08,4.1,LANE_A,20000.0,-22.0,83.5,CRUISE_LOITER,LADAKH,0,1.0
1788420496.994,5176.1,2130.1,72.0,85.2,87.8,84.7,87.2,781.6,787.5,784.9,785.2,4.86,63.8,11.7,3.0,41.0,0.74,14.09,4.1,LANE_A,20000.0,-22.0,83.5,CRUISE_LOITER,LADAKH,0,1.0
1788420497.503,5195.5,2138.1,72.0,85.0,87.4,84.7,87.4,781.0,785.2,786.3,785.5,4.89,64.0,11.8,3.0,40.9,0.73,14.11,4.1,LANE_A,20000.0,-22.0,83.4,CRUISE_LOITER,LADAKH,0,1.0
1788420498.011,5171.0,2128.0,72.0,85.2,87.7,84.9,87.2,780.2,787.2,784.0,785.6,4.83,64.0,11.8,3.0,41.2,0.74,14.09,4.0,LANE_A,20000.0,-22.0,83.4,CRUISE_LOITER,LADAKH,0,1.0
1788420498.515,5188.5,2135.2,72.0,85.7,87.8,84.7,87.1,781.4,786.8,782.9,786.9,4.83,64.2,11.9,3.0,41.1,0.75,14.11,4.0,LANE_A,20000.0,-22.0,83.4,CRUISE_LOITER,LADAKH,0,1.0
1788420499.024,5207.2,2142.9,72.0,85.7,88.1,84.9,87.5,780.9,787.4,782.5,786.8,4.85,63.7,12.0,3.0,41.0,0.71,14.11,4.0,LANE_A,20000.0,-22.0,83.4,CRUISE_LOITER,LADAKH,0,1.0
1788420499.518,5181.9,2132.5,72.0,85.2,87.9,85.0,87.7,778.9,786.8,783.3,785.3,4.86,64.0,11.8,3.0,41.1,0.73,14.13,4.2,LANE_A,20000.0,-22.0,83.4,CRUISE_LOITER,LADAKH,0,1.0
1788420500.039,5177.3,2130.6,72.0,85.3,87.7,85.0,87.2,783.2,785.0,785.2,785.4,4.83,64.1,11.9,3.0,41.2,0.7,14.12,4.2,LANE_A,20000.0,-22.0,83.3,CRUISE_LOITER,LADAKH,0,1.0
1788420500.544,5194.9,2137.8,72.0,85.5,88.0,84.7,87.3,783.4,790.9,783.6,788.0,4.83,63.9,11.9,3.0,41.0,0.73,14.09,4.0,LANE_A,20000.0,-22.0,83.3,CRUISE_LOITER,LADAKH,0,1.0
1788420501.05,5188.1,2135.0,72.0,85.1,88.2,84.9,87.6,781.4,784.6,782.6,788.0,4.84,64.0,11.7,3.0,41.1,0.73,14.14,4.3,LANE_A,20000.0,-22.0,83.3,CRUISE_LOITER,LADAKH,0,1.0
1788420501.557,5197.2,2138.8,72.0,85.3,88.1,85.0,87.7,782.6,784.2,782.3,786.2,4.83,64.2,12.0,3.0,41.2,0.75,14.13,4.1,LANE_A,20000.0,-22.0,83.3,CRUISE_LOITER,LADAKH,0,1.0
1788420502.068,5190.5,2136.0,72.0,85.2,87.9,84.7,87.7,781.6,787.7,783.8,786.2,4.79,64.1,11.9,3.0,41.0,0.72,14.08,4.0,LANE_A,20000.0,-22.0,83.3,CRUISE_LOITER,LADAKH,0,1.0
1788420502.578,5209.2,2143.7,72.0,85.5,88.2,84.9,87.4,784.8,785.8,786.7,787.6,4.84,64.2,11.9,3.0,41.0,0.73,14.11,4.1,LANE_A,20000.0,-22.0,83.3,CRUISE_LOITER,LADAKH,0,1.0
1788420503.083,5178.0,2130.9,72.0,85.6,88.2,84.8,87.7,780.4,786.4,783.3,786.2,4.82,64.2,12.0,3.0,41.1,0.76,14.12,4.3,LANE_A,20000.0,-22.0,83.2,CRUISE_LOITER,LADAKH,0,1.0
1788420503.591,5203.0,2141.2,72.0,85.8,88.1,85.1,87.4,782.9,785.8,784.3,786.4,4.83,64.2,11.9,3.0,41.1,0.73,14.08,4.3,LANE_A,20000.0,-22.0,83.2,CRUISE_LOITER,LADAKH,0,1.0
1788420504.1,5199.8,2139.8,72.0,85.6,87.9,85.2,87.4,782.0,788.1,785.0,787.5,4.77,64.1,11.9,3.0,41.2,0.73,14.11,4.3,LANE_A,20000.0,-22.0,83.2,CRUISE_LOITER,LADAKH,0,1.0
1788420504.61,5178.2,2131.0,72.0,85.5,87.7,84.9,87.8,782.6,786.5,781.9,789.0,4.83,64.4,12.0,3.0,41.4,0.71,14.07,4.1,LANE_A,20000.0,-22.0,83.2,CRUISE_LOITER,LADAKH,0,1.0
1788420505.117,5212.0,2144.9,72.0,85.7,88.4,85.1,87.7,780.8,786.4,784.0,787.4,4.82,64.3,12.0,3.0,41.2,0.76,14.12,4.1,LANE_A,20000.0,-22.0,83.2,CRUISE_LOITER,LADAKH,0,1.0
1788420505.615,5190.6,2136.1,72.0,85.2,88.2,85.4,87.6,779.9,785.9,784.4,787.0,4.81,64.1,11.9,3.0,41.1,0.72,14.11,3.9,LANE_A,20000.0,-22.0,83.2,CRUISE_LOITER,LADAKH,0,1.0
1788420506.132,5190.4,2136.0,72.0,85.5,88.2,85.2,87.8,782.2,787.0,784.7,787.1,4.82,64.6,12.0,3.0,41.2,0.75,14.09,4.2,LANE_A,20000.0,-22.0,83.2,CRUISE_LOITER,LADAKH,0,1.0
1788420506.64,5182.5,2132.7,72.0,85.9,88.0,85.2,87.6,781.1,787.3,782.0,789.5,4.84,64.3,12.0,3.0,41.1,0.71,14.12,4.2,LANE_A,20000.0,-22.0,83.2,CRUISE_LOITER,LADAKH,0,1.0
1788420507.145,5194.6,2137.7,72.0,85.9,88.0,85.2,87.7,781.5,785.0,783.8,786.5,4.79,64.2,11.9,3.0,41.2,0.74,14.12,4.3,LANE_A,20000.0,-22.0,83.1,CRUISE_LOITER,LADAKH,0,1.0
1788420507.653,5184.4,2133.5,72.0,85.7,88.3,85.2,87.8,780.6,787.6,783.2,787.2,4.81,64.3,11.8,3.0,41.2,0.73,14.12,4.2,LANE_A,20000.0,-22.0,83.1,CRUISE_LOITER,LADAKH,0,1.0
1788420508.158,5191.4,2136.4,72.0,85.4,88.4,85.3,87.8,781.6,788.6,783.3,785.4,4.84,64.5,12.0,3.0,41.3,0.72,14.11,4.0,LANE_A,20000.0,-22.0,83.1,CRUISE_LOITER,LADAKH,0,1.0
1788420508.669,5171.0,2128.0,72.0,85.9,88.4,84.9,87.8,780.5,786.8,783.8,785.1,4.88,64.1,12.0,3.0,41.5,0.75,14.1,4.0,LANE_A,20000.0,-22.0,83.1,CRUISE_LOITER,LADAKH,0,1.0
1788420509.182,5195.8,2138.2,72.0,86.0,88.0,85.2,88.1,781.7,787.2,783.2,787.8,4.83,64.4,11.9,3.0,41.3,0.72,14.12,4.2,LANE_A,20000.0,-22.0,83.1,CRUISE_LOITER,LADAKH,0,1.0
1788420509.681,5181.2,2132.2,72.0,85.7,88.3,85.5,87.7,781.5,786.3,783.5,787.8,4.81,64.5,11.9,3.0,41.3,0.72,14.1,4.2,LANE_A,20000.0,-22.0,83.1,CRUISE_LOITER,LADAKH,0,1.0
1788420510.19,5191.4,2136.4,72.0,85.9,88.2,85.2,87.7,784.5,784.7,784.8,785.2,4.87,64.4,11.8,3.0,41.4,0.72,14.1,4.1,LANE_A,20000.0,-22.0,83.1,CRUISE_LOITER,LADAKH,0,1.0
1788420510.697,5202.5,2140.9,72.0,86.0,88.4,85.8,88.0,783.0,786.5,783.6,786.1,4.82,64.5,11.8,3.0,41.5,0.68,14.08,4.2,LANE_A,20000.0,-22.0,83.1,CRUISE_LOITER,LADAKH,0,1.0
1788420511.516,5195.3,2138.0,72.0,85.8,88.4,85.3,87.8,780.7,787.8,784.1,785.2,4.84,64.4,12.0,3.0,41.2,0.74,14.1,4.3,LANE_A,20000.0,-22.0,83.1,CRUISE_LOITER,LADAKH,0,1.0
1788420512.025,5179.1,2131.3,72.0,85.8,88.5,85.2,87.8,782.7,785.0,782.1,785.7,4.83,64.4,11.9,3.0,41.3,0.7,14.06,4.2,LANE_A,20000.0,-22.0,83.1,CRUISE_LOITER,LADAKH,0,1.0
1788420512.53,5166.3,2126.1,72.0,85.8,88.3,85.2,88.0,780.5,786.6,784.0,785.6,4.8,64.5,11.8,3.0,41.1,0.73,14.12,4.2,LANE_A,20000.0,-22.0,83.0,CRUISE_LOITER,LADAKH,0,1.0
1788420513.039,5176.4,2130.2,72.0,86.2,88.6,85.7,87.5,784.5,786.8,784.8,786.0,4.8,64.6,12.0,3.0,41.5,0.71,14.13,4.0,LANE_A,20000.0,-22.0,83.0,CRUISE_LOITER,LADAKH,0,1.0
1788420513.546,5180.4,2131.9,72.0,86.3,88.6,85.5,88.3,782.1,786.0,783.5,787.4,4.86,64.4,12.0,3.0,41.2,0.72,14.11,4.2,LANE_A,20000.0,-22.0,83.0,CRUISE_LOITER,LADAKH,0,1.0
1788420514.056,5198.4,2139.3,72.0,86.1,88.6,85.1,87.9,780.2,785.4,782.0,787.0,4.81,64.5,11.9,3.0,41.6,0.73,14.1,4.0,LANE_A,20000.0,-22.0,83.0,CRUISE_LOITER,LADAKH,0,1.0
1788420514.562,5175.8,2129.9,72.0,86.0,88.6,85.5,88.2,781.7,786.2,783.7,786.3,4.83,64.8,12.0,3.0,41.5,0.71,14.11,4.0,LANE_A,20000.0,-22.0,83.0,CRUISE_LOITER,LADAKH,0,1.0
1788420515.066,5184.0,2133.3,72.0,86.1,88.4,85.5,87.5,782.3,785.6,783.1,785.9,4.77,64.7,12.0,3.0,41.2,0.74,14.11,3.9,LANE_A,20000.0,-22.0,83.0,CRUISE_LOITER,LADAKH,0,1.0
1788420515.573,5187.1,2134.6,72.0,86.3,88.7,85.1,88.3,780.3,788.6,783.3,787.3,4.76,64.8,12.1,3.0,41.5,0.73,14.08,4.0,LANE_A,20000.0,-22.0,83.0,CRUISE_LOITER,LADAKH,0,1.0
1788420516.084,5179.0,2131.3,72.0,86.0,88.6,85.6,87.9,782.0,788.0,783.0,784.4,4.77,64.5,11.9,3.0,41.5,0.76,14.1,4.1,LANE_A,20000.0,-22.0,83.0,CRUISE_LOITER,LADAKH,0,1.0
1788420516.594,5178.1,2130.9,72.0,86.3,88.6,85.6,88.0,783.0,787.7,783.5,786.3,4.83,64.6,12.1,3.0,41.5,0.73,14.11,4.1,LANE_A,20000.0,-22.0,83.0,CRUISE_LOITER,LADAKH,0,1.0
1788420517.1,5175.4,2129.8,72.0,86.2,88.8,85.4,88.3,781.6,788.0,782.9,785.7,4.83,64.8,12.1,3.0,41.3,0.71,14.09,4.1,LANE_A,20000.0,-22.0,83.0,CRUISE_LOITER,LADAKH,0,1.0
1788420517.608,5200.1,2140.0,72.0,86.4,88.9,85.6,87.7,780.3,788.2,782.8,786.4,4.84,64.8,12.2,3.0,41.6,0.74,14.1,4.1,LANE_A,20000.0,-22.0,83.0,CRUISE_LOITER,LADAKH,0,1.0
1788420518.117,5183.2,2133.0,72.0,86.2,88.9,85.7,88.0,780.1,785.1,782.1,786.5,4.75,65.0,11.9,3.0,41.5,0.72,14.09,4.3,LANE_A,20000.0,-22.0,83.0,CRUISE_LOITER,LADAKH,0,1.0
1788420518.625,5207.5,2143.0,72.0,86.0,88.5,86.0,88.5,782.7,786.7,782.4,786.1,4.85,64.7,12.0,3.0,41.7,0.74,14.1,4.3,LANE_A,20000.0,-22.0,83.0,CRUISE_LOITER,LADAKH,0,1.0
1788420519.134,5175.8,2130.0,72.0,86.2,88.5,85.7,88.2,782.4,787.5,783.8,786.4,4.82,64.7,12.0,3.0,41.5,0.7,14.07,4.1,LANE_A,20000.0,-22.0,83.0,CRUISE_LOITER,LADAKH,0,1.0
1788420519.638,5191.0,2136.2,72.0,86.2,88.8,85.7,88.2,781.8,785.0,785.0,786.8,4.77,64.7,12.0,3.0,41.6,0.74,14.1,4.2,LANE_A,20000.0,-22.0,83.0,CRUISE_LOITER,LADAKH,0,1.0
1788420520.139,5189.7,2135.7,72.0,86.2,88.9,85.6,88.1,782.6,785.5,784.5,787.6,4.8,64.6,12.1,3.0,41.6,0.71,14.09,4.1,LANE_A,20000.0,-22.0,83.0,CRUISE_LOITER,LADAKH,0,1.0
1788420520.658,5193.8,2137.4,72.0,86.1,88.6,86.1,88.0,781.6,787.2,783.3,788.2,4.78,64.8,11.9,3.0,41.5,0.7,14.1,4.1,LANE_A,20000.0,-22.0,83.0,CRUISE_LOITER,LADAKH,0,1.0
1788420521.167,5194.7,2137.7,72.0,86.3,88.8,85.6,88.1,780.6,788.0,784.0,786.3,4.78,65.0,11.9,3.0,41.5,0.72,14.1,4.0,LANE_A,20000.0,-22.0,83.0,CRUISE_LOITER,LADAKH,0,1.0
1788420521.671,5187.8,2134.9,72.0,86.5,88.6,85.9,88.1,778.2,786.8,784.1,784.9,4.81,65.0,12.0,3.0,41.8,0.75,14.13,4.0,LANE_A,20000.0,-22.0,83.0,CRUISE_LOITER,LADAKH,0,1.0
1788420522.18,5192.9,2137.0,72.0,86.2,89.1,85.7,88.1,782.5,784.5,783.0,786.7,4.77,64.9,12.0,3.0,41.8,0.72,14.11,4.2,LANE_A,20000.0,-22.0,83.0,CRUISE_LOITER,LADAKH,0,1.0
1788420522.688,5177.8,2130.8,72.0,86.2,88.9,85.8,88.3,781.8,787.6,784.1,785.5,4.85,64.7,12.0,3.0,41.6,0.72,14.13,4.1,LANE_A,20000.0,-22.0,83.0,CRUISE_LOITER,LADAKH,0,1.0
1788420523.196,5183.2,2133.0,72.0,86.2,89.1,86.1,88.3,784.3,786.8,782.8,787.2,4.81,64.8,12.1,3.0,41.7,0.75,14.09,4.1,LANE_A,20000.0,-22.0,83.0,CRUISE_LOITER,LADAKH,0,1.0
1788420523.704,5176.0,2130.0,72.0,86.2,89.0,85.5,88.3,780.8,786.5,783.9,786.0,4.85,65.0,12.0,3.0,41.6,0.73,14.11,4.0,LANE_A,20000.0,-22.0,83.0,CRUISE_LOITER,LADAKH,0,1.0
1788420524.211,5191.2,2136.3,72.0,86.6,88.9,86.0,88.3,781.4,785.7,784.2,787.6,4.81,65.0,12.0,3.0,41.8,0.73,14.09,4.1,LANE_A,20000.0,-22.0,83.0,CRUISE_LOITER,LADAKH,0,1.0
1788420524.72,5151.8,2120.1,72.0,86.8,88.9,85.5,88.7,781.7,786.4,783.7,786.6,4.81,65.1,12.2,3.0,41.7,0.72,14.11,4.1,LANE_A,20000.0,-22.0,83.0,CRUISE_LOITER,LADAKH,0,1.0
1788420525.229,5178.6,2131.1,72.0,86.2,89.1,85.6,88.7,780.4,788.9,784.6,785.9,4.8,65.0,12.1,3.0,41.7,0.73,14.08,4.1,LANE_A,20000.0,-22.0,83.0,CRUISE_LOITER,LADAKH,0,1.0
