TIMESTAMP_SEC,ENGINE_RPM,PROP_RPM,TPS,CHT_1,CHT_2,CHT_3,CHT_4,EGT_1,EGT_2,EGT_3,EGT_4,OIL_PRESS,OIL_TEMP,FUEL_FLOW,FUEL_RAIL_P,MAP,VIB_GEARBOX_RMS,BUS_VOLTAGE,BATTERY_CURRENT,FADEC_ACTIVE_LANE,ALTITUDE_FT,OAT_C,TAS_KNOTS,FLIGHT_PHASE,THEATER,DIAG_FAULT_ID,HEALTH_INDEX
1788614147.548,5128.9,2110.6,72.0,87.6,90.5,87.4,89.8,781.2,785.0,782.1,784.4,4.79,66.7,12.4,3.0,43.8,0.74,14.11,4.1,LANE_A,20000.0,-22.0,88.0,CRUISE_LOITER,LADAKH,0,1.0
1788614148.242,5148.3,2118.7,72.0,87.7,90.4,87.3,89.8,780.4,785.5,783.0,784.7,4.77,66.3,12.5,3.0,43.6,0.74,14.1,3.9,LANE_A,20000.0,-22.0,88.1,CRUISE_LOITER,LADAKH,0,1.0
1788614148.78,5140.5,2115.4,72.0,87.5,90.2,87.4,89.8,779.7,785.0,780.8,786.0,4.82,66.4,12.5,3.0,43.9,0.72,14.11,4.0,LANE_A,20000.0,-22.0,88.1,CRUISE_LOITER,LADAKH,0,1.0
1788614149.383,5133.3,2112.5,72.0,87.6,90.4,87.0,89.8,781.3,784.5,783.4,786.0,4.78,66.7,12.5,3.0,43.9,0.72,14.1,4.0,LANE_A,20000.0,-22.0,88.2,CRUISE_LOITER,LADAKH,0,1.0
1788614150.041,5152.3,2120.3,72.0,87.4,90.1,87.2,89.8,780.6,784.5,782.4,786.9,4.74,66.5,12.8,3.0,43.5,0.72,14.1,4.0,LANE_A,20000.0,-22.0,88.2,CRUISE_LOITER,LADAKH,0,1.0
1788614150.608,5155.0,2121.4,72.0,87.8,90.0,87.4,89.7,782.3,786.2,783.5,786.9,4.75,66.7,12.6,3.0,43.7,0.72,14.13,4.3,LANE_A,20000.0,-22.0,88.3,CRUISE_LOITER,LADAKH,0,1.0
1788614151.205,5169.0,2127.2,72.0,87.7,89.7,87.2,89.8,781.0,787.0,781.9,784.5,4.83,66.4,12.6,3.0,43.7,0.7,14.09,4.1,LANE_A,20000.0,-22.0,88.3,CRUISE_LOITER,LADAKH,0,1.0
1788614151.77,5118.0,2106.2,72.0,87.7,90.0,87.1,89.4,780.6,787.2,782.0,782.9,4.78,66.5,12.4,3.0,43.4,0.71,14.09,4.1,LANE_A,20000.0,-22.0,88.4,CRUISE_LOITER,LADAKH,0,1.0
1788614152.385,5165.5,2125.7,72.0,87.5,90.1,86.8,89.5,781.0,787.1,783.3,786.0,4.77,66.5,12.6,3.0,43.7,0.7,14.09,4.0,LANE_A,20000.0,-22.0,88.4,CRUISE_LOITER,LADAKH,0,1.0
1788614152.933,5159.7,2123.3,72.0,87.8,89.7,87.0,89.3,782.5,785.6,783.7,786.1,4.73,66.5,12.6,3.0,43.6,0.74,14.12,4.0,LANE_A,20000.0,-22.0,88.5,CRUISE_LOITER,LADAKH,0,1.0
1788614153.445,5138.2,2114.5,72.0,87.8,90.1,87.3,89.3,781.1,786.9,780.6,784.9,4.76,66.5,12.4,3.0,43.6,0.73,14.11,4.0,LANE_A,20000.0,-22.0,88.5,CRUISE_LOITER,LADAKH,0,1.0
1788614153.972,5172.1,2128.4,72.0,87.4,89.7,87.0,89.9,782.2,785.6,784.2,786.9,4.8,66.2,12.4,3.0,43.5,0.72,14.07,3.9,LANE_A,20000.0,-22.0,88.6,CRUISE_LOITER,LADAKH,0,1.0
1788614155.035,5159.9,2123.4,72.0,87.3,90.3,86.5,89.4,781.5,786.0,782.2,785.9,4.75,66.5,12.5,3.0,43.7,0.71,14.09,4.0,LANE_A,20000.0,-22.0,88.6,CRUISE_LOITER,LADAKH,0,1.0
1788614155.58,5154.0,2121.0,72.0,87.6,89.9,87.0,89.3,780.9,787.1,782.5,784.7,4.81,66.2,12.5,3.0,43.3,0.74,14.11,4.0,LANE_A,20000.0,-22.0,88.7,CRUISE_LOITER,LADAKH,0,1.0
1788614156.203,5156.9,2122.2,72.0,87.3,89.9,86.7,89.1,780.6,785.7,782.7,785.2,4.8,66.2,12.6,3.0,43.5,0.72,14.11,4.2,LANE_A,20000.0,-22.0,88.7,CRUISE_LOITER,LADAKH,0,1.0
1788614156.747,5147.3,2118.2,72.0,87.5,89.8,87.0,89.5,779.9,784.8,783.7,788.0,4.77,66.2,12.6,3.0,43.5,0.72,14.09,3.9,LANE_A,20000.0,-22.0,88.8,CRUISE_LOITER,LADAKH,0,1.0
1788614157.304,5150.7,2119.6,72.0,87.6,89.8,86.9,89.0,779.8,784.8,782.2,786.3,4.76,65.9,12.7,3.0,43.5,0.74,14.13,4.0,LANE_A,20000.0,-22.0,88.8,CRUISE_LOITER,LADAKH,0,1.0
1788614157.864,5161.1,2123.9,72.0,87.1,89.9,87.1,88.9,781.6,785.3,781.9,784.1,4.75,66.3,12.6,3.0,43.6,0.7,14.12,4.0,LANE_A,20000.0,-22.0,88.9,CRUISE_LOITER,LADAKH,0,1.0
1788614158.556,5153.7,2120.8,72.0,87.1,90.0,86.6,89.3,779.6,784.0,782.0,784.5,4.78,66.2,12.4,3.0,43.5,0.7,14.1,4.0,LANE_A,20000.0,-22.0,88.9,CRUISE_LOITER,LADAKH,0,1.0
1788614159.093,5158.6,2122.9,72.0,87.3,89.7,86.7,89.5,779.9,784.2,781.6,783.7,4.74,66.0,12.4,3.0,43.5,0.69,14.13,4.0,LANE_A,20000.0,-19.0,89.0,CRUISE_LOITER,LADAKH,0,1.0
1788614159.663,5171.2,2128.1,72.0,86.9,89.9,87.0,89.5,780.9,782.9,780.6,784.9,4.76,66.2,12.6,3.0,43.4,0.73,14.1,4.2,LANE_A,20000.0,-19.0,89.0,CRUISE_LOITER,LADAKH,0,1.0
1788614160.221,5161.7,2124.1,72.0,87.2,89.7,86.6,89.1,782.2,784.8,781.9,785.2,4.75,65.9,12.5,3.0,43.4,0.71,14.14,4.0,LANE_A,20000.0,-19.0,89.1,CRUISE_LOITER,LADAKH,0,1.0
1788614160.788,5153.6,2120.8,72.0,87.0,89.7,86.7,89.2,780.7,785.7,783.0,783.4,4.8,66.0,12.3,3.0,43.5,0.73,14.12,4.2,LANE_A,20000.0,-19.0,89.1,CRUISE_LOITER,LADAKH,0,1.0
1788614161.369,5164.7,2125.4,72.0,87.1,89.7,86.6,89.0,779.8,783.3,781.1,786.2,4.74,66.0,12.4,3.0,43.5,0.73,14.08,4.2,LANE_A,20000.0,-19.0,89.2,CRUISE_LOITER,LADAKH,0,1.0
1788614161.952,5162.8,2124.6,72.0,87.1,89.4,86.5,89.2,780.7,783.7,782.4,784.6,4.75,65.9,12.5,3.0,43.6,0.71,14.09,4.1,LANE_A,20000.0,-11.0,89.2,CRUISE_LOITER,LADAKH,0,1.0
1788614162.514,5153.9,2121.0,72.0,87.1,90.0,86.3,89.0,782.3,784.4,784.3,786.6,4.84,65.8,12.5,3.0,43.5,0.7,14.11,4.0,LANE_A,20000.0,-11.0,89.3,CRUISE_LOITER,LADAKH,0,1.0
1788614163.111,5147.0,2118.1,72.0,86.9,89.3,86.2,88.9,780.2,786.2,784.3,783.6,4.76,66.1,12.4,3.0,43.3,0.69,14.13,4.2,LANE_A,20000.0,-11.0,89.3,CRUISE_LOITER,LADAKH,0,1.0
1788614163.733,5166.5,2126.1,72.0,86.7,89.2,86.2,89.1,780.9,782.8,781.8,785.4,4.8,66.0,12.7,3.0,43.5,0.71,14.1,4.1,LANE_A,20000.0,-11.0,89.4,CRUISE_LOITER,LADAKH,0,1.0
1788614164.324,5161.9,2124.2,72.0,86.6,89.4,86.5,89.0,780.1,784.5,779.8,785.5,4.82,66.0,12.7,3.0,43.6,0.71,14.12,4.0,LANE_A,20000.0,-11.0,89.4,CRUISE_LOITER,LADAKH,0,1.0
1788614164.899,5164.5,2125.3,72.0,87.2,89.4,86.3,88.8,783.0,786.6,781.0,782.9,4.79,66.1,12.5,3.0,43.3,0.74,14.12,4.0,LANE_A,20000.0,-11.0,89.5,CRUISE_LOITER,LADAKH,0,1.0
1788614165.481,5151.3,2119.9,72.0,86.8,89.4,86.5,89.2,780.2,784.4,782.3,787.2,4.83,65.9,12.4,3.0,43.3,0.74,14.13,3.9,LANE_A,20000.0,-11.0,89.5,CRUISE_LOITER,LADAKH,0,1.0
1788614166.033,5162.4,2124.4,72.0,86.9,89.5,86.2,89.0,780.4,784.1,782.3,786.5,4.79,65.9,12.6,3.0,43.1,0.71,14.1,3.8,LANE_A,20000.0,-11.0,89.6,CRUISE_LOITER,LADAKH,0,1.0
1788614166.557,5174.5,2129.4,72.0,86.8,89.3,86.2,89.0,781.3,785.9,783.9,784.1,4.77,65.7,12.6,3.0,43.2,0.71,14.11,4.0,LANE_A,20000.0,-11.0,89.6,CRUISE_LOITER,LADAKH,0,1.0
1788614167.1,5183.5,2133.1,72.0,86.7,89.4,86.1,88.5,778.6,785.4,783.1,785.6,4.82,65.7,12.4,3.0,43.2,0.71,14.11,4.0,LANE_A,20000.0,-11.0,89.7,CRUISE_LOITER,LADAKH,0,1.0
1788614167.644,5140.0,2115.2,72.0,87.0,89.5,86.3,88.7,781.6,784.7,781.7,786.8,4.81,65.8,12.6,3.0,43.4,0.71,14.15,4.0,LANE_A,20000.0,-11.0,89.7,CRUISE_LOITER,LADAKH,0,1.0
1788614168.315,5159.4,2123.2,72.0,86.8,91.3,86.5,88.8,780.4,784.9,782.0,783.5,4.77,66.3,12.5,3.0,43.4,0.72,14.1,4.0,LANE_A,20000.0,-11.0,89.8,CRUISE_LOITER,LADAKH,1,0.96
1788614168.871,5181.7,2132.4,72.0,86.6,94.7,86.6,89.3,780.3,789.0,780.6,787.3,4.79,67.0,12.6,3.0,43.4,0.71,14.08,4.0,LANE_A,20000.0,-11.0,89.8,CRUISE_LOITER,LADAKH,1,0.9
1788614169.425,5160.1,2123.5,72.0,86.7,97.9,86.1,89.6,780.1,790.5,781.6,784.9,4.78,68.0,12.5,3.0,43.2,0.71,14.07,4.1,LANE_A,20000.0,-11.0,89.9,CRUISE_LOITER,LADAKH,1,0.84
1788614170.153,5164.0,2125.1,72.0,86.9,101.0,86.0,89.7,778.1,792.9,783.7,784.8,4.79,68.7,12.6,3.0,43.3,0.72,14.1,4.2,LANE_A,20000.0,-11.0,89.9,CRUISE_LOITER,LADAKH,1,0.77
1788614170.73,5150.3,2119.5,72.0,87.0,104.6,86.0,90.2,779.8,795.9,782.3,783.9,4.81,69.5,12.5,3.0,43.4,0.7,14.13,4.2,LANE_A,20000.0,-11.0,89.9,CRUISE_LOITER,LADAKH,1,0.71
1788614171.465,5170.5,2127.8,72.0,86.8,107.9,85.9,90.6,779.4,795.4,781.7,784.8,4.79,70.7,12.4,3.0,43.2,0.72,14.1,3.9,LANE_A,20000.0,-11.0,90.0,CRUISE_LOITER,LADAKH,1,0.65
1788614172.09,5158.4,2122.8,72.0,86.3,111.1,85.8,90.7,781.4,798.0,782.5,785.7,4.74,71.2,12.5,3.0,43.2,0.71,14.09,4.1,LANE_A,20000.0,-11.0,90.0,CRUISE_LOITER,LADAKH,1,0.59
1788614172.93,5168.2,2126.8,72.0,86.6,114.3,86.0,91.3,780.3,798.1,780.7,783.3,4.76,71.9,12.5,3.0,43.3,0.74,14.12,4.0,LANE_A,20000.0,-11.0,90.1,CRUISE_LOITER,LADAKH,1,0.52
1788614173.56,5169.0,2127.2,72.0,86.8,117.8,86.0,91.4,779.0,800.7,782.2,784.6,4.79,72.7,12.4,3.0,43.2,0.71,14.1,3.9,LANE_A,20000.0,-11.0,90.1,CRUISE_LOITER,LADAKH,1,0.46
1788614174.13,5146.3,2117.8,72.0,86.5,120.8,86.2,91.9,781.5,803.9,783.5,785.7,4.82,74.3,12.5,3.0,43.2,0.72,14.1,4.0,LANE_A,20000.0,-11.0,90.2,CRUISE_LOITER,LADAKH,1,0.4
1788614174.743,5172.8,2128.7,72.0,87.5,89.2,86.0,88.4,785.3,785.1,782.4,785.5,4.78,65.5,12.3,3.0,43.1,0.78,14.08,4.2,LANE_A,20000.0,-11.0,90.2,CRUISE_LOITER,LADAKH,2,0.96
1788614175.626,5159.3,2123.2,72.0,89.0,88.8,86.1,88.5,793.5,786.3,782.7,784.7,4.79,65.3,12.1,3.0,43.4,0.8,14.12,4.2,LANE_A,20000.0,-11.0,90.3,CRUISE_LOITER,LADAKH,2,0.91
1788614176.489,5128.8,2110.6,72.0,90.0,88.9,86.2,88.5,802.1,786.6,780.5,782.6,4.83,65.5,11.8,3.0,43.4,0.83,14.08,4.0,LANE_A,20000.0,-11.0,90.3,CRUISE_LOITER,LADAKH,2,0.86
1788614177.121,5141.8,2116.0,72.0,91.4,89.2,86.0,88.7,809.5,784.2,781.9,786.0,4.79,65.5,11.6,3.0,43.0,0.9,14.11,4.0,LANE_A,20000.0,-11.0,90.4,CRUISE_LOITER,LADAKH,2,0.81
1788614177.819,5159.6,2123.3,72.0,92.9,88.9,85.7,88.4,815.8,787.0,781.1,785.7,4.83,65.2,11.4,3.0,42.9,0.95,14.06,4.0,LANE_A,20000.0,-11.0,90.4,CRUISE_LOITER,LADAKH,2,0.76
1788614178.447,5131.2,2111.6,72.0,94.2,88.6,85.8,88.8,824.0,787.1,784.1,785.4,4.7,65.4,11.2,3.0,43.1,0.99,14.11,4.1,LANE_A,20000.0,-11.0,90.4,CRUISE_LOITER,LADAKH,2,0.71
1788614179.124,5107.0,2101.6,72.0,95.2,88.7,85.9,88.6,832.9,786.4,780.2,786.4,4.82,65.3,10.9,3.0,43.2,1.05,14.08,4.0,LANE_A,20000.0,-11.0,90.5,CRUISE_LOITER,LADAKH,2,0.66
1788614179.83,5115.0,2104.9,72.0,96.5,88.6,86.1,88.3,838.8,785.2,783.5,783.6,4.78,65.6,10.6,3.0,43.3,1.08,14.12,3.9,LANE_A,20000.0,-11.0,90.5,CRUISE_LOITER,LADAKH,2,0.61
1788614180.46,5106.0,2101.2,72.0,98.1,88.9,86.2,88.5,848.6,786.6,781.9,784.9,4.82,65.0,10.5,3.0,43.2,1.12,14.09,4.1,LANE_A,20000.0,-11.0,90.6,CRUISE_LOITER,LADAKH,2,0.56
1788614181.111,5143.2,2116.5,72.0,86.6,89.0,85.9,88.2,780.9,778.0,782.4,784.3,4.78,65.1,12.5,3.0,43.2,0.81,14.08,3.9,LANE_A,20000.0,-11.0,90.6,CRUISE_LOITER,LADAKH,3,0.96
1788614181.719,5144.6,2117.1,72.0,86.1,88.6,85.7,88.1,779.3,766.5,778.1,785.8,4.77,65.0,12.4,3.0,43.1,0.94,14.08,4.0,LANE_A,20000.0,-11.0,90.7,CRUISE_LOITER,LADAKH,3,0.92
1788614182.262,5163.6,2124.9,72.0,86.5,88.3,85.8,88.2,778.6,757.8,781.2,784.0,4.83,65.3,12.5,3.0,42.9,1.04,14.12,4.1,LANE_A,20000.0,-11.0,90.7,CRUISE_LOITER,LADAKH,3,0.87
1788614182.873,5163.9,2125.1,72.0,86.6,89.1,86.2,88.5,780.9,785.4,782.5,785.6,4.65,66.8,12.4,3.0,42.7,0.76,14.13,4.0,LANE_A,20000.0,-11.0,90.7,CRUISE_LOITER,LADAKH,4,0.96
1788614183.451,5142.1,2116.1,72.0,87.5,90.1,87.2,89.3,779.8,780.7,780.4,782.9,4.39,69.0,12.4,3.0,43.1,0.78,14.1,4.2,LANE_A,20000.0,-11.0,90.8,CRUISE_LOITER,LADAKH,4,0.89
1788614184.18,5153.3,2120.7,72.0,88.2,91.0,87.9,90.9,777.4,784.3,784.5,784.7,4.12,71.1,12.3,3.0,42.8,0.84,14.07,4.1,LANE_A,20000.0,-11.0,90.8,CRUISE_LOITER,LADAKH,4,0.82
1788614184.782,5153.8,2120.9,72.0,88.9,91.9,88.9,91.5,778.2,785.8,781.5,783.9,3.83,73.5,12.4,3.0,42.9,0.95,14.09,4.2,LANE_A,20000.0,-11.0,90.9,CRUISE_LOITER,LADAKH,4,0.74
1788614185.535,5160.2,2123.5,72.0,86.3,88.4,85.5,87.8,779.0,785.2,780.9,786.7,4.78,65.2,12.4,3.0,43.2,0.92,14.1,4.0,LANE_A,20000.0,-11.0,90.9,CRUISE_LOITER,LADAKH,5,0.97
1788614186.309,5169.9,2127.5,72.0,86.1,88.4,85.7,88.1,778.6,785.8,783.7,784.8,4.79,66.4,12.4,3.0,43.6,1.2,14.1,4.2,LANE_A,20000.0,-11.0,90.9,CRUISE_LOITER,LADAKH,5,0.92
1788614187.157,5156.4,2122.0,72.0,86.0,88.6,85.5,88.1,780.7,786.3,779.1,785.8,4.84,66.9,12.4,3.0,43.6,1.46,14.11,4.1,LANE_A,20000.0,-11.0,91.0,CRUISE_LOITER,LADAKH,5,0.88
1788614187.969,5171.6,2128.2,72.0,85.8,88.3,87.2,88.1,779.7,784.6,790.8,783.8,4.83,65.0,12.4,3.0,42.9,0.77,14.07,4.1,LANE_A,20000.0,-11.0,91.0,CRUISE_LOITER,LADAKH,6,0.96
1788614188.81,5160.4,2123.6,72.0,86.1,88.2,88.4,88.1,781.0,786.0,798.1,785.7,4.8,65.0,12.3,3.0,42.9,0.8,14.1,4.0,LANE_A,20000.0,-11.0,91.1,CRUISE_LOITER,LADAKH,6,0.93
1788614189.797,5168.6,2127.0,72.0,86.1,88.5,85.6,88.0,780.0,785.0,781.2,784.3,4.86,64.6,12.4,3.0,43.0,0.73,13.93,3.1,LANE_A,20000.0,-11.0,91.1,CRUISE_LOITER,LADAKH,7,0.98
1788614190.455,5156.8,2122.1,72.0,85.7,88.6,85.3,87.8,779.5,785.0,780.6,786.9,4.75,65.0,12.4,3.0,42.8,0.73,13.82,1.8,LANE_A,20000.0,-11.0,91.1,CRUISE_LOITER,LADAKH,7,0.94
1788614191.034,5173.4,2129.0,72.0,85.9,88.3,85.6,88.1,779.8,785.4,783.8,785.0,4.77,65.2,12.5,3.0,42.9,0.74,13.69,0.5,LANE_A,20000.0,-11.0,91.2,CRUISE_LOITER,LADAKH,7,0.91
1788614193.79,5201.5,2140.5,72.0,85.8,88.3,85.4,87.8,779.6,783.6,780.5,782.8,4.81,65.0,12.3,3.0,43.0,0.73,14.09,3.9,LANE_A,20000.0,-11.0,91.2,CRUISE_LOITER,LADAKH,8,0.99
1788614194.452,5150.6,2119.6,72.0,86.2,88.5,85.4,87.6,775.2,779.3,776.6,779.8,4.8,64.7,12.8,3.0,44.1,0.72,14.09,4.0,LANE_A,20000.0,-11.0,91.3,CRUISE_LOITER,LADAKH,8,0.96
1788614195.15,5164.8,2125.4,72.0,85.5,88.2,85.2,88.0,772.4,775.6,774.1,777.5,4.84,64.8,13.1,3.0,44.9,0.74,14.11,4.2,LANE_A,20000.0,-11.0,91.3,CRUISE_LOITER,LADAKH,8,0.93
1788614196.007,5133.9,2112.7,72.0,86.0,88.0,85.2,87.6,766.5,772.2,769.3,774.2,4.82,64.8,13.2,3.0,45.5,0.72,14.09,4.2,LANE_A,20000.0,-11.0,91.3,CRUISE_LOITER,LADAKH,8,0.9
1788614196.728,5156.2,2121.9,72.0,86.1,88.4,85.5,88.1,762.0,769.7,763.7,766.9,4.8,64.6,13.7,3.0,46.4,0.71,14.12,4.2,LANE_A,20000.0,-11.0,91.4,CRUISE_LOITER,LADAKH,8,0.87
1788614197.498,5149.6,2119.2,72.0,85.8,88.1,85.0,87.5,760.5,765.2,762.1,765.2,4.79,64.8,13.7,3.0,47.0,0.72,14.07,3.9,LANE_A,20000.0,-11.0,91.4,CRUISE_LOITER,LADAKH,8,0.85
1788614198.261,5140.6,2115.5,72.0,85.7,88.1,85.1,87.7,756.8,761.5,757.5,760.1,4.79,64.9,14.2,3.0,47.6,0.73,14.12,4.2,LANE_A,20000.0,-11.0,91.4,CRUISE_LOITER,LADAKH,8,0.82
1788614198.938,5155.7,2121.7,72.0,85.7,88.1,85.0,87.6,751.2,756.9,752.3,758.9,4.83,64.4,14.3,3.0,48.5,0.71,14.12,3.9,LANE_A,20000.0,-11.0,91.5,CRUISE_LOITER,LADAKH,8,0.79
1788614199.683,5162.8,2124.6,72.0,85.9,88.0,85.3,87.6,780.6,785.1,782.4,786.3,4.8,64.7,12.5,3.0,42.7,0.72,13.99,2.9,LANE_A,20000.0,-11.0,91.5,CRUISE_LOITER,LADAKH,7,0.97
1788614200.218,5196.4,2138.4,72.0,85.7,88.0,85.0,87.8,777.7,786.5,781.0,785.0,4.86,64.4,12.4,3.0,42.8,0.73,13.81,1.6,LANE_A,20000.0,-11.0,91.6,CRUISE_LOITER,LADAKH,7,0.94
1788614200.85,5161.2,2124.0,72.0,85.7,88.1,85.2,87.3,778.1,785.2,782.1,782.9,4.85,65.0,12.3,3.0,43.1,0.82,14.08,4.0,LANE_A,20000.0,-11.0,91.6,CRUISE_LOITER,LADAKH,5,0.98
1788614201.423,5153.4,2120.7,72.0,85.7,88.3,85.1,87.5,780.1,786.1,782.2,784.3,4.84,65.6,12.4,3.0,43.1,1.06,14.12,4.1,LANE_A,20000.0,-11.0,91.6,CRUISE_LOITER,LADAKH,5,0.94
1788614201.987,5155.6,2121.6,72.0,85.5,87.9,85.2,87.7,779.6,785.0,782.7,785.8,4.85,66.3,12.3,3.0,43.5,1.37,14.08,4.1,LANE_A,20000.0,-11.0,91.7,CRUISE_LOITER,LADAKH,5,0.9
1788614202.671,5160.5,2123.7,72.0,86.8,88.8,85.8,88.6,782.3,785.0,780.8,782.8,4.58,67.1,12.3,3.0,43.0,0.79,14.07,4.0,LANE_A,20000.0,-11.0,91.7,CRUISE_LOITER,LADAKH,4,0.93
1788614203.343,5170.6,2127.8,72.0,87.5,89.7,86.7,89.5,779.9,782.3,780.2,786.3,4.29,69.0,12.3,3.0,42.7,0.85,14.1,4.1,LANE_A,20000.0,-11.0,91.7,CRUISE_LOITER,LADAKH,4,0.86
1788614205.304,5153.2,2120.7,72.0,86.7,88.0,84.8,87.7,789.9,786.3,785.2,783.6,4.82,64.6,12.0,3.0,42.7,0.77,14.11,4.1,LANE_A,20000.0,-11.0,91.8,CRUISE_LOITER,LADAKH,2,0.95
1788614206.873,5172.0,2128.4,72.0,85.8,87.8,85.1,87.4,781.1,772.8,779.9,785.1,4.8,64.4,12.4,3.0,42.6,0.83,14.1,3.9,LANE_A,20000.0,-11.0,91.8,CRUISE_LOITER,LADAKH,3,0.96
1788614207.464,5154.0,2121.0,72.0,85.4,88.1,84.9,87.9,778.6,766.9,781.4,784.6,4.77,64.8,12.3,3.0,42.8,0.95,14.11,4.2,LANE_A,20000.0,-11.0,91.8,CRUISE_LOITER,LADAKH,3,0.91
1788614208.033,5119.3,2106.7,72.0,85.5,87.9,85.0,87.7,779.3,755.3,783.0,784.9,4.85,64.5,12.4,3.0,42.6,1.08,14.1,4.0,LANE_A,20000.0,-11.0,91.9,CRUISE_LOITER,LADAKH,3,0.87
1788614208.597,5146.2,2117.8,72.0,85.2,88.0,84.9,87.3,778.8,744.2,779.2,785.6,4.77,64.5,12.3,3.0,42.6,1.22,14.08,4.2,LANE_A,20000.0,-11.0,91.9,CRUISE_LOITER,LADAKH,3,0.82
1788614209.163,5117.1,2105.8,72.0,85.2,87.8,84.8,87.4,780.9,733.6,783.1,785.5,4.76,64.3,12.3,3.0,42.7,1.3,14.12,4.0,LANE_A,20000.0,-11.0,91.9,CRUISE_LOITER,LADAKH,3,0.78
1788614209.747,5141.9,2116.0,72.0,85.7,88.0,84.9,87.4,779.8,724.1,780.3,783.7,4.78,64.4,12.4,3.0,42.6,1.43,14.09,3.9,LANE_A,20000.0,-11.0,91.9,CRUISE_LOITER,LADAKH,3,0.73
1788614210.361,5137.5,2114.2,72.0,85.4,87.8,84.7,87.7,780.0,713.8,783.5,785.2,4.84,64.2,12.3,3.0,42.9,1.55,14.09,4.1,LANE_A,20000.0,-11.0,92.0,CRUISE_LOITER,LADAKH,3,0.68
1788614210.992,4993.3,2054.9,72.0,85.3,88.1,84.8,87.3,779.9,701.1,780.6,783.7,4.84,64.3,12.4,3.0,42.7,1.67,14.12,4.1,LANE_A,20000.0,-11.0,92.0,CRUISE_LOITER,LADAKH,3,0.64
1788614211.602,5172.2,2128.5,72.0,85.5,87.6,84.5,87.7,780.4,693.2,780.0,784.0,4.81,64.7,12.2,3.0,42.7,1.79,14.07,4.0,LANE_A,20000.0,-11.0,92.0,CRUISE_LOITER,LADAKH,3,0.59
1788614212.206,5143.6,2116.7,72.0,85.4,87.9,84.7,87.0,781.2,682.1,781.7,786.0,4.83,64.4,12.3,3.0,42.9,1.92,14.12,4.1,LANE_A,20000.0,-11.0,92.1,CRUISE_LOITER,LADAKH,3,0.55
1788614212.838,5130.7,2111.4,72.0,85.3,87.5,84.6,87.1,780.4,669.6,781.4,784.1,4.87,64.3,12.3,3.0,42.9,2.06,14.12,4.0,LANE_A,20000.0,-11.0,92.1,CRUISE_LOITER,LADAKH,3,0.5
1788614213.495,5173.0,2128.8,72.0,85.5,87.5,84.7,87.1,780.2,660.4,782.2,784.4,4.82,64.2,12.3,3.0,42.4,2.14,14.12,3.9,LANE_A,20000.0,-11.0,92.1,CRUISE_LOITER,LADAKH,3,0.45
1788614214.132,5215.4,2146.3,72.0,85.3,87.6,84.6,86.9,779.5,660.5,779.8,785.1,4.87,64.0,12.4,3.0,42.5,2.15,14.1,4.0,LANE_A,20000.0,-11.0,92.2,CRUISE_LOITER,LADAKH,3,0.45
1788614214.774,5125.3,2109.2,72.0,85.0,87.6,84.7,87.5,779.8,659.8,780.7,784.5,4.83,64.2,12.2,3.0,42.5,2.17,14.11,4.0,LANE_A,20000.0,-11.0,92.2,CRUISE_LOITER,LADAKH,3,0.45
1788614215.44,4906.2,2019.0,72.0,85.0,87.9,84.5,87.3,781.1,661.1,781.5,782.6,4.88,64.2,12.4,3.0,42.4,2.15,14.11,4.1,LANE_A,20000.0,-11.0,92.2,CRUISE_LOITER,LADAKH,3,0.45
1788614216.119,5194.8,2137.8,72.0,85.1,87.8,84.7,87.5,780.7,658.7,781.0,782.4,4.84,64.1,12.3,3.0,42.6,2.18,14.11,4.0,LANE_A,20000.0,-11.0,92.2,CRUISE_LOITER,LADAKH,3,0.45
1788614216.763,5107.0,2101.6,72.0,85.3,87.3,84.6,87.4,778.9,657.4,781.1,785.9,4.83,64.0,12.4,3.0,42.7,2.14,14.09,4.0,LANE_A,20000.0,-11.0,92.3,CRUISE_LOITER,LADAKH,3,0.45
1788614217.495,5171.6,2128.2,72.0,85.3,87.8,84.6,87.0,779.5,784.6,781.6,785.6,4.79,64.1,12.2,3.0,42.8,0.79,14.1,4.0,LANE_A,20000.0,-11.0,92.3,CRUISE_LOITER,LADAKH,5,0.99
1788614218.118,5176.4,2130.2,72.0,85.0,87.5,84.4,86.9,778.8,783.3,781.8,786.1,4.81,65.0,12.2,3.0,43.0,1.03,14.11,4.1,LANE_A,20000.0,-11.0,92.3,CRUISE_LOITER,LADAKH,5,0.95
1788614218.682,5162.5,2124.5,72.0,85.0,87.6,84.5,87.2,779.5,785.2,781.7,784.1,4.84,65.7,12.4,3.0,43.3,1.29,14.07,4.0,LANE_A,20000.0,-11.0,92.3,CRUISE_LOITER,LADAKH,5,0.91
1788614219.252,5151.0,2119.8,72.0,85.1,87.6,84.3,87.3,779.1,783.5,781.0,783.5,4.79,65.9,12.4,3.0,43.1,1.54,14.11,4.2,LANE_A,20000.0,-11.0,92.4,CRUISE_LOITER,LADAKH,5,0.87
1788614219.857,5160.6,2123.7,72.0,85.2,87.4,84.5,87.2,775.6,786.1,780.9,783.9,4.79,67.2,12.3,3.0,43.7,1.8,14.13,4.1,LANE_A,20000.0,-11.0,92.4,CRUISE_LOITER,LADAKH,5,0.83
1788614220.447,5152.4,2120.3,72.0,85.2,87.7,84.6,87.2,780.2,784.6,780.9,785.1,4.85,67.6,12.4,3.0,44.1,2.06,14.12,4.1,LANE_A,20000.0,-11.0,92.4,CRUISE_LOITER,LADAKH,5,0.78
1788614221.022,5155.8,2121.7,72.0,85.0,87.6,84.5,87.1,778.0,783.9,780.3,784.1,4.92,68.4,12.3,3.0,44.4,2.31,14.08,4.1,LANE_A,20000.0,-11.0,92.4,CRUISE_LOITER,LADAKH,5,0.74
1788614221.582,5114.4,2104.7,72.0,84.9,87.3,84.7,86.7,780.8,782.7,779.9,785.3,4.85,68.9,12.3,3.0,44.4,2.6,14.06,4.0,LANE_A,20000.0,-11.0,92.5,CRUISE_LOITER,LADAKH,5,0.7
1788614222.152,5113.9,2104.5,72.0,85.0,87.5,84.4,86.9,781.0,784.2,780.9,785.0,4.81,69.6,12.3,3.0,44.9,2.86,14.08,4.1,LANE_A,20000.0,-11.0,92.5,CRUISE_LOITER,LADAKH,5,0.66
1788614222.737,5107.3,2101.8,72.0,84.8,87.7,84.2,86.8,781.9,781.9,779.9,782.7,4.83,70.4,12.4,3.0,44.9,3.08,14.07,4.1,LANE_A,20000.0,-11.0,92.5,CRUISE_LOITER,LADAKH,5,0.62
1788614223.316,5126.6,2109.7,72.0,85.1,87.2,84.2,87.2,778.5,783.9,781.4,784.4,4.8,71.3,12.3,3.0,45.2,3.36,14.05,4.0,LANE_A,20000.0,-11.0,92.5,CRUISE_LOITER,LADAKH,5,0.58
1788614223.911,5123.8,2108.6,72.0,84.9,87.2,83.8,86.7,779.6,785.0,783.5,783.0,4.8,71.8,12.4,3.0,45.4,3.62,14.08,4.0,LANE_A,20000.0,-11.0,92.5,CRUISE_LOITER,LADAKH,5,0.53
1788614224.522,5109.7,2102.8,72.0,84.7,87.1,84.5,87.1,780.0,782.8,781.3,785.1,4.84,72.4,12.2,3.0,45.7,3.82,14.1,4.1,LANE_A,20000.0,-11.0,92.6,CRUISE_LOITER,LADAKH,5,0.5
1788614225.142,5111.8,2103.6,72.0,84.8,87.5,84.4,87.0,777.5,781.9,778.4,783.0,4.83,72.1,12.4,3.0,45.6,3.82,14.11,4.0,LANE_A,20000.0,-11.0,92.6,CRUISE_LOITER,LADAKH,5,0.5
1788614225.787,5126.5,2109.7,72.0,84.9,87.1,84.5,86.8,778.1,783.8,780.8,783.6,4.86,72.3,12.3,3.0,45.6,3.83,14.11,4.0,LANE_A,20000.0,-11.0,92.6,CRUISE_LOITER,LADAKH,5,0.5
1788614226.406,5139.7,2115.1,72.0,84.6,87.2,84.5,86.6,779.7,781.6,779.6,783.6,4.75,72.3,12.2,3.0,45.7,3.81,14.11,4.0,LANE_A,20000.0,-11.0,92.6,CRUISE_LOITER,LADAKH,5,0.5
1788614227.02,5094.7,2096.6,72.0,84.8,87.5,84.3,86.7,777.4,785.3,779.5,783.9,4.81,71.9,12.3,3.0,45.7,3.82,14.15,4.2,LANE_A,20000.0,-11.0,92.6,CRUISE_LOITER,LADAKH,5,0.5
1788614227.664,5104.0,2100.4,72.0,84.6,87.4,84.4,86.5,780.0,785.0,781.3,785.6,4.86,72.3,12.3,3.0,45.8,3.79,14.13,4.0,LANE_A,20000.0,-11.0,92.7,CRUISE_LOITER,LADAKH,5,0.5
1788614228.321,5090.5,2094.9,72.0,84.5,87.2,84.4,86.8,778.8,785.7,780.7,784.7,4.85,72.2,12.3,3.0,45.6,3.81,14.07,4.2,LANE_A,20000.0,-11.0,92.7,CRUISE_LOITER,LADAKH,5,0.5
1788614228.986,5118.7,2106.5,72.0,84.8,87.0,84.4,86.8,777.2,783.1,781.3,781.9,4.83,72.0,12.2,3.0,45.6,3.83,14.07,4.1,LANE_A,20000.0,-11.0,92.7,CRUISE_LOITER,LADAKH,5,0.5
1788614229.647,5107.5,2101.9,72.0,84.7,87.2,84.0,86.8,781.3,782.1,781.9,784.9,4.8,72.4,12.3,3.0,45.5,3.83,14.08,4.2,LANE_A,20000.0,-11.0,92.7,CRUISE_LOITER,LADAKH,5,0.5
1788614230.329,5074.1,2088.1,72.0,84.5,87.1,84.3,86.5,777.4,784.0,782.1,783.0,4.84,71.7,12.2,3.0,45.7,3.83,14.09,4.0,LANE_A,20000.0,-11.0,92.7,CRUISE_LOITER,LADAKH,5,0.5
1788614230.985,5121.4,2107.6,72.0,84.5,87.2,84.5,87.0,778.1,783.5,781.1,785.5,4.8,72.1,12.3,3.0,45.5,3.85,14.11,4.1,LANE_A,20000.0,-11.0,92.7,CRUISE_LOITER,LADAKH,5,0.5
1788614231.654,5120.3,2107.1,72.0,84.3,87.1,84.0,86.3,780.1,785.9,780.6,783.1,4.8,72.3,12.2,3.0,45.6,3.83,14.09,3.9,LANE_A,20000.0,-11.0,92.8,CRUISE_LOITER,LADAKH,5,0.5
1788614232.312,5117.7,2106.0,72.0,84.8,87.0,84.0,86.6,780.5,782.7,780.9,781.5,4.81,72.2,12.3,3.0,45.6,3.81,14.13,4.0,LANE_A,20000.0,-11.0,92.8,CRUISE_LOITER,LADAKH,5,0.5
1788614232.959,5130.2,2111.2,72.0,84.7,87.3,83.9,86.6,779.4,784.0,780.4,784.2,4.79,72.2,12.2,3.0,45.5,3.84,14.13,4.0,LANE_A,20000.0,-11.0,92.8,CRUISE_LOITER,LADAKH,5,0.5
1788614233.616,5124.0,2108.6,72.0,84.6,86.7,84.4,86.5,778.5,781.7,781.3,784.7,4.82,72.0,12.2,3.0,45.7,3.84,14.09,4.0,LANE_A,20000.0,-11.0,92.8,CRUISE_LOITER,LADAKH,5,0.5
1788614234.284,5116.2,2105.4,72.0,84.7,86.8,84.0,86.5,780.0,783.5,779.4,781.8,4.84,72.2,12.2,3.0,45.7,3.82,14.12,4.0,LANE_A,20000.0,-11.0,92.8,CRUISE_LOITER,LADAKH,5,0.5
1788614234.933,5106.3,2101.4,72.0,84.5,86.8,84.3,86.5,779.2,784.4,779.8,784.9,4.82,72.0,12.2,3.0,45.5,3.83,14.1,4.1,LANE_A,20000.0,-11.0,92.8,CRUISE_LOITER,LADAKH,5,0.5
1788614235.588,5103.1,2100.0,72.0,84.4,87.0,83.9,86.5,777.7,784.9,781.8,782.1,4.85,72.1,12.1,3.0,45.7,3.84,14.12,4.0,LANE_A,20000.0,-11.0,92.8,CRUISE_LOITER,LADAKH,5,0.5
1788614236.265,5103.7,2100.3,72.0,84.1,86.8,84.0,86.6,778.8,784.1,782.3,783.8,4.88,72.0,12.1,3.0,45.5,3.87,14.06,3.9,LANE_A,20000.0,-11.0,92.9,CRUISE_LOITER,LADAKH,5,0.5
1788614236.919,5102.1,2099.6,72.0,84.6,86.8,84.0,86.3,780.0,783.8,779.5,782.3,4.82,72.2,12.2,3.0,45.5,3.8,14.12,4.0,LANE_A,20000.0,-11.0,92.9,CRUISE_LOITER,LADAKH,5,0.5
1788614237.599,5096.0,2097.1,72.0,84.8,87.0,84.0,86.5,779.8,783.3,777.9,784.3,4.85,72.1,12.3,3.0,45.8,3.82,14.11,3.9,LANE_A,20000.0,-11.0,92.9,CRUISE_LOITER,LADAKH,5,0.5
1788614238.263,5087.2,2093.5,72.0,84.5,86.8,84.2,86.2,779.8,785.5,781.7,784.4,4.82,71.8,12.3,3.0,45.5,3.83,14.09,4.1,LANE_A,20000.0,-11.0,92.9,CRUISE_LOITER,LADAKH,5,0.5
1788614238.93,5143.5,2116.7,72.0,84.5,87.0,84.1,86.2,779.6,786.3,780.1,780.5,4.83,71.7,12.2,3.0,45.5,3.87,14.09,4.0,LANE_A,20000.0,-11.0,92.9,CRUISE_LOITER,LADAKH,5,0.5
1788614239.633,5110.4,2103.0,72.0,84.1,87.2,83.6,86.5,781.2,783.1,782.5,783.6,4.87,71.8,12.2,3.0,45.4,3.83,14.08,4.2,LANE_A,20000.0,-11.0,92.9,CRUISE_LOITER,LADAKH,5,0.5
1788614240.283,5123.1,2108.3,72.0,84.2,86.8,83.8,86.6,777.8,785.5,781.7,784.5,4.8,72.1,12.4,3.0,45.4,3.82,14.11,4.2,LANE_A,20000.0,-11.0,92.9,CRUISE_LOITER,LADAKH,5,0.5
1788614240.967,5106.1,2101.3,72.0,84.3,87.0,84.0,86.7,776.5,784.8,779.0,785.2,4.82,71.9,12.2,3.0,45.5,3.79,14.06,4.0,LANE_A,20000.0,-11.0,92.9,CRUISE_LOITER,LADAKH,5,0.5
1788614241.636,5113.9,2104.5,72.0,84.4,86.6,83.8,86.2,780.3,784.8,782.1,783.5,4.8,72.1,12.4,3.0,45.4,3.82,14.08,4.1,LANE_A,20000.0,-11.0,92.9,CRUISE_LOITER,LADAKH,5,0.5
1788614242.357,5128.9,2110.7,72.0,84.4,86.9,83.7,86.3,781.7,783.8,780.0,784.3,4.83,72.0,12.2,3.0,45.5,3.8,14.08,4.0,LANE_A,20000.0,-11.0,92.9,CRUISE_LOITER,LADAKH,5,0.5
1788614243.011,5123.7,2108.5,72.0,84.2,86.7,83.7,86.5,777.8,784.2,781.9,783.3,4.87,71.8,12.2,3.0,45.3,3.84,14.11,4.0,LANE_A,20000.0,-11.0,93.0,CRUISE_LOITER,LADAKH,5,0.5
1788614243.713,5124.2,2108.7,72.0,83.9,86.7,83.5,86.5,780.1,784.8,781.8,784.5,4.88,71.6,12.3,3.0,45.3,3.82,14.11,4.1,LANE_A,20000.0,-11.0,93.0,CRUISE_LOITER,LADAKH,5,0.5
1788614244.378,5171.7,2128.3,72.0,84.3,86.8,83.9,86.2,778.4,783.7,780.3,784.3,4.81,64.0,12.2,3.0,42.1,0.95,14.1,3.9,LANE_A,20000.0,-11.0,93.0,CRUISE_LOITER,LADAKH,5,0.96
1788614245.062,5186.5,2134.4,72.0,84.6,86.5,83.3,86.1,776.4,783.4,781.7,782.0,4.85,64.8,12.2,3.0,42.3,1.22,14.09,4.0,LANE_A,20000.0,-11.0,93.0,CRUISE_LOITER,LADAKH,5,0.92
1788614245.755,5181.1,2132.1,72.0,83.7,86.5,83.5,86.3,781.0,784.1,780.5,782.1,4.84,65.2,12.2,3.0,42.6,1.47,14.09,4.0,LANE_A,20000.0,-11.0,93.0,CRUISE_LOITER,LADAKH,5,0.88
1788614246.455,5152.9,2120.5,72.0,84.3,86.7,83.5,85.9,781.7,782.1,781.5,784.3,4.84,66.1,12.2,3.0,43.3,1.72,14.14,4.0,LANE_A,20000.0,-11.0,93.0,CRUISE_LOITER,LADAKH,5,0.84
1788614247.108,5171.2,2128.1,72.0,84.2,86.8,83.7,86.0,777.3,784.7,779.5,782.1,4.87,66.8,12.3,3.0,43.4,1.98,14.1,4.2,LANE_A,20000.0,-11.0,93.0,CRUISE_LOITER,LADAKH,5,0.8
1788614247.784,5170.4,2127.7,72.0,84.4,86.5,83.7,86.1,780.0,783.0,780.1,783.1,4.88,67.3,12.2,3.0,43.9,2.25,14.09,4.0,LANE_A,20000.0,-11.0,93.0,CRUISE_LOITER,LADAKH,5,0.75
1788614248.443,5152.6,2120.4,72.0,84.2,86.7,83.2,86.5,778.1,782.6,778.9,785.3,4.82,68.0,12.2,3.0,44.0,2.51,14.1,4.1,LANE_A,20000.0,-11.0,93.0,CRUISE_LOITER,LADAKH,5,0.71
1788614249.176,5134.3,2112.9,72.0,84.0,86.7,83.7,86.2,777.4,783.8,780.2,782.0,4.87,68.5,12.3,3.0,44.1,2.79,14.11,4.1,LANE_A,20000.0,-11.0,93.0,CRUISE_LOITER,LADAKH,5,0.67
1788614249.828,5164.0,2125.1,72.0,84.0,86.8,83.7,86.1,778.4,784.8,782.9,784.5,4.82,69.4,12.2,3.0,44.5,3.04,14.13,4.0,LANE_A,20000.0,-11.0,93.0,CRUISE_LOITER,LADAKH,5,0.63
1788614250.522,5137.5,2114.2,72.0,84.2,86.3,83.8,86.0,779.7,780.6,781.1,782.7,4.83,70.1,12.3,3.0,44.8,3.32,14.08,3.9,LANE_A,20000.0,-11.0,93.0,CRUISE_LOITER,LADAKH,5,0.59
1788614251.199,5128.4,2110.5,72.0,84.0,86.0,83.2,86.0,778.7,783.4,780.6,782.0,4.87,70.6,12.2,3.0,45.1,3.53,14.13,4.2,LANE_A,20000.0,-11.0,93.0,CRUISE_LOITER,LADAKH,5,0.55
1788614251.903,5101.2,2099.3,72.0,83.8,86.2,83.5,86.3,779.8,784.7,779.8,784.5,4.87,71.4,12.1,3.0,45.0,3.81,14.11,4.0,LANE_A,20000.0,-11.0,93.0,CRUISE_LOITER,LADAKH,5,0.5
1788614252.579,5121.9,2107.8,72.0,84.0,86.7,83.7,86.0,778.3,785.4,779.9,783.6,4.91,71.5,12.2,3.0,45.2,3.84,14.05,4.0,LANE_A,20000.0,-11.0,93.0,CRUISE_LOITER,LADAKH,5,0.5
1788614253.254,5114.3,2104.7,72.0,83.9,86.6,83.5,86.2,778.9,782.0,783.5,784.6,4.82,71.5,12.2,3.0,45.3,3.81,14.06,4.0,LANE_A,20000.0,-11.0,93.0,CRUISE_LOITER,LADAKH,5,0.5
1788614253.888,5119.9,2107.0,72.0,84.1,86.5,84.0,86.0,778.5,783.0,780.7,784.4,4.8,71.8,12.0,3.0,45.3,3.82,14.1,3.9,LANE_A,20000.0,-11.0,93.0,CRUISE_LOITER,LADAKH,5,0.5
1788614254.634,5144.6,2117.1,72.0,84.0,86.6,83.7,86.0,778.4,783.0,781.0,784.0,4.78,71.6,12.1,3.0,45.3,3.82,14.08,4.1,LANE_A,20000.0,-11.0,93.0,CRUISE_LOITER,LADAKH,5,0.5
1788614255.274,5135.6,2113.4,72.0,84.1,86.3,83.5,85.9,777.3,781.8,780.9,783.9,4.86,71.6,12.1,3.0,45.3,3.81,14.1,4.0,LANE_A,20000.0,-11.0,93.0,CRUISE_LOITER,LADAKH,5,0.5
1788614255.976,5133.9,2112.7,72.0,84.1,86.5,83.4,85.9,778.8,785.3,779.9,785.6,4.9,71.2,12.1,3.0,45.0,3.86,14.08,4.1,LANE_A,20000.0,-11.0,93.0,CRUISE_LOITER,LADAKH,5,0.5
1788614256.661,5123.0,2108.2,72.0,83.8,86.2,83.2,85.7,779.0,784.4,780.5,782.1,4.88,71.3,12.1,3.0,45.5,3.83,14.07,4.2,LANE_A,20000.0,-11.0,93.0,CRUISE_LOITER,LADAKH,5,0.5
1788614257.307,5094.9,2096.7,72.0,84.0,86.1,83.5,86.1,777.8,784.0,780.8,783.7,4.86,71.6,12.3,3.0,45.3,3.83,14.08,3.9,LANE_A,20000.0,-11.0,93.0,CRUISE_LOITER,LADAKH,5,0.5
1788614257.883,5108.4,2102.2,72.0,83.7,86.5,83.0,86.1,780.1,783.9,780.5,783.1,4.8,71.1,12.0,3.0,45.4,3.83,14.08,3.9,LANE_A,20000.0,-11.0,93.0,CRUISE_LOITER,LADAKH,5,0.5
1788614258.463,5119.4,2106.7,72.0,84.1,86.3,83.1,85.5,776.8,782.9,779.6,785.2,4.84,71.3,12.1,3.0,45.3,3.83,14.14,3.9,LANE_A,20000.0,-11.0,93.0,CRUISE_LOITER,LADAKH,5,0.5
1788614259.051,5112.3,2103.8,72.0,84.0,86.7,83.1,86.0,778.1,785.8,779.0,784.9,4.8,71.4,12.2,3.0,45.3,3.83,14.11,4.0,LANE_A,20000.0,-11.0,93.0,CRUISE_LOITER,LADAKH,5,0.5
1788614259.636,5118.3,2106.3,72.0,83.5,86.4,83.1,85.8,775.7,782.7,782.8,784.3,4.86,71.3,12.2,3.0,45.2,3.83,14.07,4.1,LANE_A,20000.0,-11.0,93.0,CRUISE_LOITER,LADAKH,5,0.5
1788614260.202,5107.0,2101.6,72.0,84.0,86.3,83.5,85.9,778.1,782.4,780.8,784.1,4.88,71.6,12.2,3.0,45.3,3.8,14.12,4.0,LANE_A,20000.0,-11.0,93.0,CRUISE_LOITER,LADAKH,5,0.5
1788614260.781,5124.9,2109.0,72.0,83.7,86.2,82.9,85.5,780.6,784.9,780.0,783.0,4.84,71.3,12.0,3.0,44.9,3.83,14.1,3.8,LANE_A,20000.0,-11.0,93.0,CRUISE_LOITER,LADAKH,5,0.5
1788614261.378,5089.7,2094.5,72.0,83.7,86.3,83.1,85.7,778.5,782.2,781.5,781.6,4.82,71.2,12.0,3.0,45.2,3.82,14.08,3.9,LANE_A,20000.0,-11.0,93.0,CRUISE_LOITER,LADAKH,5,0.5
1788614261.973,5087.3,2093.5,72.0,83.6,86.3,83.4,86.1,777.0,783.0,781.0,783.5,4.83,71.5,12.2,3.0,45.1,3.81,14.1,3.8,LANE_A,20000.0,-11.0,92.9,CRUISE_LOITER,LADAKH,5,0.5
1788614262.524,5158.6,2122.9,72.0,83.8,86.1,83.0,85.8,780.0,781.0,782.6,784.9,4.85,71.3,12.2,3.0,45.2,3.85,14.1,4.0,LANE_A,20000.0,-11.0,92.9,CRUISE_LOITER,LADAKH,5,0.5
1788614263.052,5107.1,2101.7,72.0,83.7,86.0,83.2,85.9,781.7,785.0,781.3,782.7,4.82,71.3,12.1,3.0,45.0,3.83,14.09,4.0,LANE_A,20000.0,-11.0,92.9,CRUISE_LOITER,LADAKH,5,0.5
1788614263.592,5106.6,2101.5,72.0,83.8,86.1,83.2,85.8,777.4,785.2,781.5,784.3,4.85,71.3,12.1,3.0,45.2,3.81,14.12,4.2,LANE_A,20000.0,-11.0,92.9,CRUISE_LOITER,LADAKH,5,0.5
1788614264.194,5119.8,2106.9,72.0,83.5,86.1,83.6,86.0,780.9,782.1,778.9,783.6,4.85,71.2,12.0,3.0,45.1,3.85,14.11,4.0,LANE_A,20000.0,-11.0,92.9,CRUISE_LOITER,LADAKH,5,0.5
1788614264.759,5106.7,2101.5,72.0,83.6,86.4,83.0,85.5,778.6,784.4,779.7,782.7,4.85,71.3,12.1,3.0,45.0,3.82,14.09,4.2,LANE_A,20000.0,-11.0,92.9,CRUISE_LOITER,LADAKH,5,0.5
1788614265.342,5105.7,2101.1,72.0,83.8,86.0,82.9,85.7,778.2,784.6,779.2,784.1,4.84,71.2,12.1,3.0,45.0,3.82,14.1,3.9,LANE_A,20000.0,-11.0,92.9,CRUISE_LOITER,LADAKH,5,0.5
1788614265.94,5152.9,2120.5,72.0,83.7,86.1,83.1,85.5,778.2,783.5,779.0,783.0,4.85,71.4,12.1,3.0,45.1,3.83,14.09,4.0,LANE_A,20000.0,-11.0,92.9,CRUISE_LOITER,LADAKH,5,0.5
1788614266.503,5109.5,2102.7,72.0,83.5,86.1,83.3,85.8,778.8,785.3,778.3,785.7,4.86,71.0,12.2,3.0,44.9,3.81,14.07,3.9,LANE_A,20000.0,-11.0,92.9,CRUISE_LOITER,LADAKH,5,0.5
1788614267.09,5102.4,2099.8,72.0,83.6,86.2,83.4,85.4,778.7,782.7,779.8,784.6,4.8,70.9,12.1,3.0,45.1,3.82,14.08,4.0,LANE_A,20000.0,-11.0,92.9,CRUISE_LOITER,LADAKH,5,0.5
1788614267.681,5107.9,2102.0,72.0,83.7,86.3,83.0,85.6,780.3,784.1,781.7,783.5,4.88,71.2,12.1,3.0,45.0,3.82,14.08,4.0,LANE_A,20000.0,-11.0,92.8,CRUISE_LOITER,LADAKH,5,0.5
1788614268.294,5122.7,2108.1,72.0,83.6,85.9,83.1,85.6,779.5,782.6,780.5,785.1,4.86,71.4,12.3,3.0,45.0,3.85,14.1,3.8,LANE_A,20000.0,-11.0,92.8,CRUISE_LOITER,LADAKH,5,0.5
1788614268.891,5119.9,2107.0,72.0,83.9,86.4,83.3,85.5,779.0,782.5,777.5,784.9,4.84,71.3,12.2,3.0,45.1,3.8,14.11,4.0,LANE_A,20000.0,-11.0,92.8,CRUISE_LOITER,LADAKH,5,0.5
1788614269.542,5126.3,2109.6,72.0,83.4,86.2,83.2,85.7,777.4,785.0,781.6,783.6,4.86,71.4,11.8,3.0,44.9,3.81,14.08,4.2,LANE_A,20000.0,-11.0,92.8,CRUISE_LOITER,LADAKH,5,0.5
1788614270.165,5142.4,2116.2,72.0,83.6,86.1,83.1,85.6,778.6,783.7,780.0,784.9,4.86,71.5,12.0,3.0,44.6,3.83,14.12,4.0,LANE_A,20000.0,-11.0,92.8,CRUISE_LOITER,LADAKH,5,0.5
1788614270.806,5110.8,2103.2,72.0,83.8,86.1,83.2,85.8,779.4,783.9,778.8,785.0,4.83,71.0,12.1,3.0,45.0,3.82,14.1,3.8,LANE_A,20000.0,-11.0,92.8,CRUISE_LOITER,LADAKH,5,0.5
1788614271.443,5109.7,2102.8,72.0,83.4,86.1,83.1,85.6,781.0,782.4,779.2,781.6,4.86,71.0,12.1,3.0,45.1,3.84,14.1,4.0,LANE_A,20000.0,-11.0,92.8,CRUISE_LOITER,LADAKH,5,0.5
1788614272.118,5134.1,2112.8,72.0,83.5,86.0,83.2,85.4,779.8,783.8,782.0,782.1,4.88,71.1,12.2,3.0,44.6,3.82,14.13,4.1,LANE_A,20000.0,-11.0,92.7,CRUISE_LOITER,LADAKH,5,0.5
1788614272.765,5128.5,2110.5,72.0,83.6,85.8,83.0,85.6,777.7,782.2,780.9,783.4,4.85,71.3,12.1,3.0,45.0,3.85,14.11,4.0,LANE_A,20000.0,-11.0,92.7,CRUISE_LOITER,LADAKH,5,0.5
1788614273.422,5116.7,2105.6,72.0,83.3,86.4,83.2,85.3,779.2,782.9,780.2,783.2,4.8,70.9,12.0,3.0,44.9,3.83,14.1,3.8,LANE_A,20000.0,-11.0,92.7,CRUISE_LOITER,LADAKH,5,0.5
1788614274.088,5103.4,2100.2,72.0,83.4,86.0,82.9,85.3,776.4,783.9,778.5,782.6,4.81,71.3,12.0,3.0,44.9,3.82,14.12,4.2,LANE_A,20000.0,-11.0,92.7,CRUISE_LOITER,LADAKH,5,0.5
1788614274.752,5141.0,2115.6,72.0,83.7,86.1,83.0,85.5,778.1,784.3,781.0,783.4,4.91,70.8,12.2,3.0,44.9,3.81,14.1,4.1,LANE_A,20000.0,-11.0,92.7,CRUISE_LOITER,LADAKH,5,0.5
1788614275.397,5120.9,2107.4,72.0,83.6,86.2,82.7,85.6,779.0,782.6,781.4,782.7,4.88,70.8,12.1,3.0,44.8,3.83,14.13,3.9,LANE_A,20000.0,-11.0,92.7,CRUISE_LOITER,LADAKH,5,0.5
1788614276.044,5118.9,2106.5,72.0,83.5,86.0,83.0,85.4,779.7,786.4,778.6,784.6,4.82,71.0,12.0,3.0,44.8,3.85,14.1,4.0,LANE_A,20000.0,-11.0,92.6,CRUISE_LOITER,LADAKH,5,0.5
1788614276.699,5114.6,2104.8,72.0,83.5,85.9,82.8,85.5,779.0,782.4,779.6,783.4,4.85,71.0,12.2,3.0,44.8,3.81,14.12,4.1,LANE_A,20000.0,-11.0,92.6,CRUISE_LOITER,LADAKH,5,0.5
1788614277.353,5108.5,2102.3,72.0,83.7,85.7,82.7,85.5,780.6,785.0,780.0,782.4,4.9,71.1,11.9,3.0,45.0,3.84,14.08,4.0,LANE_A,20000.0,-11.0,92.6,CRUISE_LOITER,LADAKH,5,0.5
1788614278.005,5104.8,2100.7,72.0,83.5,86.0,83.2,85.3,778.4,785.4,779.7,782.6,4.89,71.1,12.0,3.0,44.9,3.81,14.06,3.9,LANE_A,20000.0,-11.0,92.6,CRUISE_LOITER,LADAKH,5,0.5
1788614278.651,5143.3,2116.6,72.0,83.5,85.7,82.6,85.2,779.3,783.8,780.5,784.2,4.81,71.1,12.0,3.0,44.9,3.83,14.11,3.9,LANE_A,20000.0,-11.0,92.6,CRUISE_LOITER,LADAKH,5,0.5
1788614279.309,5133.1,2112.4,72.0,83.2,85.9,82.9,85.7,776.3,784.3,781.4,785.1,4.87,71.0,12.0,3.0,44.9,3.82,14.07,4.1,LANE_A,20000.0,-11.0,92.5,CRUISE_LOITER,LADAKH,5,0.5
1788614279.964,5106.4,2101.4,72.0,83.3,86.1,83.1,85.5,778.0,782.6,779.2,784.0,4.89,71.0,12.1,3.0,44.8,3.85,14.09,4.2,LANE_A,20000.0,-11.0,92.5,CRUISE_LOITER,LADAKH,5,0.5
1788614280.631,5130.4,2111.3,72.0,83.2,86.0,82.9,85.3,778.0,784.1,780.2,783.2,4.84,71.0,12.1,3.0,44.7,3.83,14.1,4.0,LANE_A,20000.0,-11.0,92.5,CRUISE_LOITER,LADAKH,5,0.5
1788614281.293,5116.8,2105.7,72.0,83.4,85.7,82.7,85.3,776.9,783.9,778.2,782.3,4.84,70.6,12.1,3.0,44.7,3.82,14.13,3.9,LANE_A,20000.0,-11.0,92.5,CRUISE_LOITER,LADAKH,5,0.5
1788614281.945,5127.4,2110.0,72.0,83.2,85.6,82.8,85.2,780.4,784.4,780.1,784.7,4.85,70.9,11.9,3.0,44.9,3.8,14.08,4.0,LANE_A,20000.0,-11.0,92.5,CRUISE_LOITER,LADAKH,5,0.5
1788614282.6,5126.6,2109.7,72.0,83.3,85.4,82.7,85.5,777.3,782.7,778.8,781.6,4.84,70.9,12.1,3.0,45.0,3.81,14.12,4.2,LANE_A,20000.0,-11.0,92.4,CRUISE_LOITER,LADAKH,5,0.5
1788614283.247,5095.3,2096.8,72.0,83.4,86.0,82.8,85.4,778.1,782.9,779.5,781.3,4.85,70.7,11.9,3.0,45.0,3.84,14.1,4.2,LANE_A,20000.0,-11.0,92.4,CRUISE_LOITER,LADAKH,5,0.5
1788614283.897,5133.5,2112.6,72.0,83.1,86.0,82.9,85.2,776.6,784.1,779.4,782.1,4.87,70.8,12.0,3.0,44.6,3.84,14.1,4.0,LANE_A,20000.0,-11.0,92.4,CRUISE_LOITER,LADAKH,5,0.5
1788614284.673,5114.5,2104.7,72.0,83.1,85.8,82.8,85.5,778.6,781.3,779.6,782.3,4.86,70.8,12.1,3.0,44.6,3.84,14.09,4.1,LANE_A,20000.0,-11.0,92.4,CRUISE_LOITER,LADAKH,5,0.5
1788614285.34,5115.8,2105.3,72.0,83.0,85.7,82.8,85.3,778.1,782.8,781.3,784.8,4.9,70.8,12.1,3.0,44.9,3.83,14.14,3.9,LANE_A,20000.0,-11.0,92.3,CRUISE_LOITER,LADAKH,5,0.5
1788614285.989,5113.0,2104.1,72.0,83.4,85.5,83.0,85.5,778.0,780.3,781.9,782.4,4.89,70.8,12.1,3.0,44.6,3.81,14.12,4.1,LANE_A,20000.0,-11.0,92.3,CRUISE_LOITER,LADAKH,5,0.5
1788614286.643,5123.6,2108.5,72.0,83.2,85.6,82.5,85.0,780.6,783.9,777.7,783.8,4.91,70.6,12.0,3.0,44.7,3.83,14.1,3.9,LANE_A,20000.0,-11.0,92.3,CRUISE_LOITER,LADAKH,5,0.5
1788614287.66,5124.6,2108.9,72.0,83.0,85.6,82.8,85.5,779.4,785.8,780.5,782.6,4.86,70.9,11.8,3.0,45.0,3.84,14.11,4.1,LANE_A,20000.0,-11.0,92.3,CRUISE_LOITER,LADAKH,5,0.5
1788614288.277,5116.5,2105.6,72.0,83.5,86.0,82.5,85.4,780.4,782.4,779.7,782.8,4.91,70.7,12.1,3.0,44.6,3.8,14.12,4.0,LANE_A,20000.0,-11.0,92.2,CRUISE_LOITER,LADAKH,5,0.5
1788614288.888,5117.6,2106.0,72.0,83.3,85.8,82.7,85.0,778.9,784.1,779.2,785.0,4.84,70.8,11.9,3.0,44.9,3.82,14.12,4.1,LANE_A,20000.0,-11.0,92.2,CRUISE_LOITER,LADAKH,5,0.5
1788614289.525,5140.6,2115.5,72.0,83.3,85.8,82.6,85.2,779.2,781.7,780.5,783.0,4.93,70.8,12.0,3.0,44.6,3.82,14.12,3.9,LANE_A,20000.0,-11.0,92.2,CRUISE_LOITER,LADAKH,5,0.5
1788614290.144,5114.2,2104.6,72.0,83.2,86.0,82.8,85.4,777.4,783.5,780.4,782.1,4.85,70.7,12.1,3.0,44.5,3.82,14.12,4.1,LANE_A,20000.0,-11.0,92.2,CRUISE_LOITER,LADAKH,5,0.5
1788614290.771,5105.3,2100.9,72.0,83.1,86.1,82.9,85.1,777.3,784.0,780.0,786.8,4.83,70.9,11.8,3.0,44.7,3.81,14.1,4.1,LANE_A,20000.0,-11.0,92.1,CRUISE_LOITER,LADAKH,5,0.5
1788614291.411,5129.0,2110.7,72.0,83.2,85.8,82.7,85.5,779.6,784.4,779.1,786.0,4.85,70.9,12.0,3.0,44.5,3.82,14.11,4.1,LANE_A,20000.0,-11.0,92.1,CRUISE_LOITER,LADAKH,5,0.5
1788614292.071,5096.9,2097.5,72.0,83.2,85.9,82.6,84.9,779.6,782.1,781.2,781.8,4.86,70.7,11.8,3.0,44.8,3.82,14.1,4.1,LANE_A,20000.0,-11.0,92.1,CRUISE_LOITER,LADAKH,5,0.5
1788614292.793,5129.4,2110.9,72.0,83.4,85.6,82.7,85.3,779.5,783.8,780.2,783.0,4.82,70.5,12.0,3.0,44.8,3.8,14.13,4.0,LANE_A,20000.0,-11.0,92.0,CRUISE_LOITER,LADAKH,5,0.5
1788614293.459,5099.4,2098.5,72.0,83.3,86.1,82.3,85.0,777.9,783.0,781.4,783.0,4.82,70.8,11.9,3.0,44.6,3.82,14.14,4.1,LANE_A,20000.0,-11.0,92.0,CRUISE_LOITER,LADAKH,5,0.5
1788614294.158,5106.9,2101.6,72.0,83.2,85.7,82.6,84.9,776.8,781.4,779.8,782.0,4.85,70.7,11.9,3.0,44.5,3.84,14.09,3.8,LANE_A,20000.0,-11.0,92.0,CRUISE_LOITER,LADAKH,5,0.5
1788614294.815,5122.8,2108.1,72.0,83.1,85.9,82.4,85.2,778.5,782.6,781.2,783.5,4.89,70.3,11.9,3.0,44.7,3.83,14.11,4.0,LANE_A,20000.0,-11.0,92.0,CRUISE_LOITER,LADAKH,5,0.5
1788614295.503,5114.1,2104.6,72.0,83.1,85.7,82.5,85.3,777.6,782.3,780.4,781.0,4.86,70.8,12.0,3.0,44.6,3.81,14.1,4.2,LANE_A,20000.0,-11.0,91.9,CRUISE_LOITER,LADAKH,5,0.5
1788614296.153,5120.3,2107.1,72.0,83.1,85.6,82.7,85.0,778.9,783.6,779.0,783.3,4.84,70.2,12.0,3.0,44.4,3.83,14.09,4.0,LANE_A,20000.0,-11.0,91.9,CRUISE_LOITER,LADAKH,5,0.5
1788614296.884,5110.6,2103.1,72.0,83.3,85.7,82.7,84.8,777.0,784.3,780.5,781.9,4.85,70.7,12.1,3.0,44.4,3.83,14.09,4.1,LANE_A,20000.0,-11.0,91.9,CRUISE_LOITER,LADAKH,5,0.5
1788614297.557,5123.2,2108.3,72.0,83.0,85.8,82.6,85.0,777.9,782.8,779.6,782.8,4.85,70.6,12.0,3.0,44.6,3.83,14.12,4.0,LANE_A,20000.0,-11.0,91.8,CRUISE_LOITER,LADAKH,5,0.5
1788614298.238,5100.1,2098.8,72.0,82.8,85.5,82.2,85.2,775.8,783.1,781.6,782.9,4.86,70.4,11.9,3.0,44.5,3.81,14.11,4.1,LANE_A,20000.0,-11.0,91.8,CRUISE_LOITER,LADAKH,5,0.5
1788614298.893,5138.6,2114.7,72.0,83.0,85.5,82.6,85.0,776.7,783.9,781.1,784.2,4.82,70.4,11.9,3.0,44.4,3.82,14.13,3.9,LANE_A,20000.0,-11.0,91.8,CRUISE_LOITER,LADAKH,5,0.5
1788614299.599,5109.1,2102.5,72.0,83.1,85.8,82.4,85.2,779.5,783.7,778.9,781.8,4.84,70.4,11.8,3.0,44.5,3.82,14.11,3.9,LANE_A,20000.0,-11.0,91.7,CRUISE_LOITER,LADAKH,5,0.5
1788614300.266,5131.0,2111.5,72.0,82.9,85.3,82.4,85.0,777.2,782.7,778.7,783.2,4.83,70.4,12.0,3.0,44.3,3.81,14.1,4.2,LANE_A,20000.0,-11.0,91.7,CRUISE_LOITER,LADAKH,5,0.5
1788614300.953,5123.8,2108.6,72.0,83.5,85.6,82.2,84.7,778.6,781.9,779.2,784.6,4.88,70.5,12.0,3.0,44.5,3.8,14.1,4.1,LANE_A,20000.0,-11.0,91.7,CRUISE_LOITER,LADAKH,5,0.5
1788614301.624,5101.5,2099.4,72.0,83.0,85.6,82.8,85.0,778.1,782.0,778.7,784.7,4.84,70.5,12.0,3.0,44.4,3.84,14.1,3.9,LANE_A,20000.0,-11.0,91.6,CRUISE_LOITER,LADAKH,5,0.5
1788614302.347,5133.3,2112.5,72.0,83.3,85.6,82.5,84.6,779.7,784.3,779.2,783.2,4.91,70.5,12.0,3.0,44.4,3.81,14.12,4.1,LANE_A,20000.0,-11.0,91.6,CRUISE_LOITER,LADAKH,5,0.5
1788614303.001,5134.6,2113.0,72.0,82.8,85.8,82.4,84.9,778.0,782.4,780.0,783.5,4.87,70.6,11.9,3.0,44.4,3.85,14.08,3.9,LANE_A,20000.0,-11.0,91.6,CRUISE_LOITER,LADAKH,5,0.5
1788614303.679,5121.1,2107.4,72.0,83.0,85.4,82.4,85.1,777.0,783.7,781.0,783.5,4.86,70.4,11.8,3.0,44.4,3.84,14.07,4.1,LANE_A,20000.0,-11.0,91.5,CRUISE_LOITER,LADAKH,5,0.5
1788614304.46,5144.5,2117.1,72.0,83.0,85.4,82.3,84.8,778.6,782.8,780.5,782.2,4.87,70.4,11.9,3.0,44.4,3.84,14.1,4.0,LANE_A,20000.0,-11.0,91.5,CRUISE_LOITER,LADAKH,5,0.5
1788614305.11,5163.4,2124.9,72.0,83.0,85.3,82.2,85.3,779.7,785.4,780.3,785.7,4.85,70.5,11.8,3.0,44.3,3.82,14.1,4.1,LANE_A,20000.0,-11.0,91.5,CRUISE_LOITER,LADAKH,5,0.5
1788614305.781,5113.7,2104.4,74.0,83.0,85.4,82.3,84.7,779.0,782.4,779.5,782.7,4.9,70.8,11.9,3.0,44.3,3.8,14.14,4.0,LANE_A,20000.0,-11.0,91.4,CRUISE_LOITER,LADAKH,5,0.5
1788614306.435,5103.3,2100.1,74.0,83.0,85.5,82.2,84.8,777.8,781.7,780.7,782.6,4.85,70.5,11.9,3.0,44.5,3.84,14.1,4.0,LANE_A,20000.0,23.0,91.4,CRUISE_LOITER,LADAKH,5,0.5
1788614307.119,5118.5,2106.4,74.0,83.0,85.5,82.4,85.2,778.9,784.3,781.2,784.5,4.87,70.5,12.0,3.0,44.5,3.83,14.1,4.2,LANE_A,20000.0,23.0,91.3,CRUISE_LOITER,LADAKH,5,0.5
1788614307.785,5130.7,2111.4,74.0,83.0,85.3,82.6,84.9,779.2,783.1,779.4,783.6,4.84,70.4,12.0,3.0,44.3,3.82,14.1,4.0,LANE_A,20000.0,23.0,91.3,CRUISE_LOITER,LADAKH,5,0.5
1788614308.43,5114.4,2104.7,74.0,83.0,85.3,82.3,85.1,778.5,783.8,782.4,783.2,4.83,70.5,12.0,3.0,44.4,3.82,14.11,3.9,LANE_A,20000.0,23.0,91.3,CRUISE_LOITER,LADAKH,5,0.5
1788614309.144,5123.2,2108.3,74.0,82.8,85.5,82.5,84.9,777.9,783.3,779.7,782.1,4.83,70.6,12.0,3.0,44.3,3.82,14.1,3.9,LANE_A,20000.0,23.0,91.2,CRUISE_LOITER,LADAKH,5,0.5
1788614309.822,5125.3,2109.2,74.0,83.1,85.4,82.4,84.7,778.5,783.7,780.4,781.9,4.86,70.3,11.9,3.0,44.3,3.83,14.08,4.0,LANE_A,20000.0,23.0,91.2,CRUISE_LOITER,LADAKH,5,0.5
1788614310.51,5101.1,2099.2,74.0,82.9,85.5,82.4,84.9,778.5,783.8,780.4,783.4,4.89,70.4,12.0,3.0,44.3,3.81,14.09,4.0,LANE_A,20000.0,23.0,91.2,CRUISE_LOITER,LADAKH,5,0.5
1788614311.196,5105.3,2100.9,74.0,82.7,85.6,82.1,84.7,779.7,783.0,779.3,782.5,4.93,70.2,12.0,3.0,44.5,3.8,14.1,4.0,LANE_A,20000.0,23.0,91.1,CRUISE_LOITER,LADAKH,5,0.5
1788614311.877,5143.4,2116.6,74.0,82.8,85.2,82.5,84.7,776.3,786.0,778.8,782.5,4.88,70.4,12.1,3.0,44.4,3.82,14.1,4.0,LANE_A,20000.0,23.0,91.1,CRUISE_LOITER,LADAKH,5,0.5
1788614312.564,5109.4,2102.6,74.0,82.7,85.5,82.5,84.9,776.3,783.1,778.9,785.1,4.82,70.5,12.0,3.0,44.4,3.81,14.1,4.1,LANE_A,20000.0,23.0,91.0,CRUISE_LOITER,LADAKH,5,0.5
1788614313.231,5117.0,2105.8,74.0,82.8,85.2,82.4,85.0,777.2,782.6,781.4,784.6,4.86,70.2,11.8,3.0,44.4,3.84,14.13,3.9,LANE_A,20000.0,23.0,91.0,CRUISE_LOITER,LADAKH,5,0.5
1788614313.881,5124.2,2108.7,74.0,83.0,85.8,82.2,84.9,777.0,784.0,779.2,783.1,4.87,70.7,12.0,3.0,44.3,3.81,14.12,4.2,LANE_A,20000.0,23.0,91.0,CRUISE_LOITER,LADAKH,5,0.5
1788614314.596,5112.9,2104.1,74.0,83.0,85.4,82.6,85.1,780.1,782.9,780.4,779.5,4.86,70.3,11.9,3.0,44.1,3.82,14.09,4.0,LANE_A,20000.0,23.0,90.9,CRUISE_LOITER,LADAKH,5,0.5
1788614315.292,5093.4,2096.0,74.0,83.0,85.4,82.3,84.8,778.5,782.8,782.7,782.2,4.87,70.3,11.7,3.0,44.0,3.82,14.06,3.9,LANE_A,20000.0,23.0,90.9,CRUISE_LOITER,LADAKH,5,0.5
1788614315.974,5140.6,2115.5,74.0,83.0,84.8,82.8,84.6,778.4,782.9,780.9,782.6,4.88,70.4,11.8,3.0,44.2,3.83,14.11,4.0,LANE_A,20000.0,23.0,90.8,CRUISE_LOITER,LADAKH,5,0.5
1788614316.66,5125.4,2109.2,74.0,82.9,85.2,82.6,84.8,776.5,784.0,779.1,782.5,4.84,70.3,11.8,3.0,44.1,3.83,14.1,4.0,LANE_A,20000.0,23.0,90.8,CRUISE_LOITER,LADAKH,5,0.5
1788614317.314,5111.0,2103.3,74.0,83.0,85.2,82.3,84.7,778.2,783.2,779.2,781.8,4.88,70.6,11.9,3.0,44.1,3.83,14.11,4.0,LANE_A,20000.0,23.0,90.7,CRUISE_LOITER,LADAKH,5,0.5
1788614317.998,5111.7,2103.6,74.0,82.8,85.6,82.3,84.8,777.0,782.5,777.6,781.8,4.87,70.2,11.9,3.0,44.3,3.85,14.09,3.8,LANE_A,20000.0,23.0,90.7,CRUISE_LOITER,LADAKH,5,0.5
1788614318.668,5135.0,2113.2,74.0,83.0,85.5,82.6,84.5,778.6,782.8,780.1,784.6,4.86,70.2,11.8,3.0,44.2,3.82,14.13,3.9,LANE_A,20000.0,23.0,90.7,CRUISE_LOITER,LADAKH,5,0.5
1788614319.333,5117.5,2106.0,74.0,83.1,85.3,82.2,85.0,777.8,782.0,780.7,782.7,4.8,70.3,11.7,3.0,44.2,3.82,14.09,4.0,LANE_A,20000.0,28.0,90.6,CRUISE_LOITER,LADAKH,5,0.5
1788614320.041,5005.5,2059.9,74.0,128.9,131.5,128.7,131.0,787.5,793.6,789.4,793.3,3.99,124.0,17.3,3.0,71.6,3.81,14.08,4.0,LANE_A,4500.0,44.0,99.1,CRUISE_LOITER,THAR_DESERT,5,0.5
1788614320.712,5001.6,2058.3,74.0,129.2,131.5,128.3,130.8,787.9,792.3,791.4,792.8,3.95,123.5,17.1,3.0,71.6,3.81,14.12,4.0,LANE_A,4500.0,44.0,99.1,CRUISE_LOITER,THAR_DESERT,5,0.5
1788614321.419,5003.3,2059.0,74.0,129.0,131.3,128.2,131.3,788.5,793.7,791.2,793.4,4.03,123.3,17.2,3.0,71.7,3.81,14.08,4.0,LANE_A,4500.0,44.0,99.0,CRUISE_LOITER,THAR_DESERT,5,0.5
1788614322.071,4981.3,2049.9,74.0,128.9,131.6,128.3,131.3,786.3,794.4,789.1,791.5,4.0,123.5,17.2,3.0,71.6,3.78,14.11,4.2,LANE_A,4500.0,44.0,98.9,CRUISE_LOITER,THAR_DESERT,5,0.5
1788614322.789,5033.8,2071.5,74.0,129.0,131.5,128.9,130.9,787.7,792.3,790.4,793.1,4.01,123.3,17.1,3.0,71.7,3.81,14.12,4.2,LANE_A,4500.0,44.0,98.8,CRUISE_LOITER,THAR_DESERT,5,0.5
1788614323.486,4998.5,2057.0,74.0,129.0,131.6,128.5,130.9,790.0,793.4,790.0,790.1,4.03,123.7,17.0,3.0,71.6,3.81,14.1,3.9,LANE_A,4500.0,44.0,98.8,CRUISE_LOITER,THAR_DESERT,5,0.5
1788614324.31,4993.7,2055.0,74.0,128.9,131.8,128.3,130.8,787.3,793.5,790.0,792.0,3.99,123.5,17.2,3.0,71.4,3.8,14.12,4.1,LANE_A,4500.0,44.0,98.7,CRUISE_LOITER,THAR_DESERT,5,0.5
1788614324.971,5005.4,2059.8,74.0,129.2,131.7,128.7,131.0,788.5,792.3,789.3,795.2,4.0,123.5,17.2,3.0,71.8,3.8,14.11,4.1,LANE_A,4500.0,44.0,98.6,CRUISE_LOITER,THAR_DESERT,5,0.5
1788614325.64,5029.1,2069.6,74.0,128.9,131.6,128.6,131.1,788.8,792.8,790.1,791.6,4.03,123.4,17.2,3.0,71.5,3.81,14.1,3.9,LANE_A,4500.0,44.0,98.6,CRUISE_LOITER,THAR_DESERT,5,0.5
1788614326.311,5035.5,2072.2,74.0,129.0,131.9,129.0,130.7,789.0,793.9,789.6,795.4,4.06,123.3,17.2,3.0,71.6,3.82,14.13,4.0,LANE_A,4500.0,44.0,98.5,CRUISE_LOITER,THAR_DESERT,5,0.5
1788614326.975,4999.9,2057.6,74.0,129.1,131.6,128.4,130.9,788.6,791.8,790.3,790.3,4.02,123.7,17.1,3.0,71.6,3.8,14.1,4.2,LANE_A,4500.0,44.0,98.4,CRUISE_LOITER,THAR_DESERT,5,0.5
1788614327.645,5020.2,2065.9,74.0,128.8,131.7,128.4,131.3,787.2,792.0,789.2,792.2,4.03,123.7,17.1,3.0,71.8,3.83,14.07,4.0,LANE_A,4500.0,44.0,98.3,CRUISE_LOITER,THAR_DESERT,5,0.5
1788614328.303,4995.2,2055.6,74.0,129.0,131.8,128.3,131.3,786.8,790.9,789.4,792.8,4.03,123.6,17.2,3.0,71.7,3.83,14.1,4.1,LANE_A,4500.0,44.0,98.3,CRUISE_LOITER,THAR_DESERT,5,0.5
1788614328.993,4992.6,2054.6,74.0,128.9,131.3,128.7,131.4,787.1,790.5,790.5,791.9,4.04,123.7,17.3,3.0,71.6,3.81,14.11,4.0,LANE_A,4500.0,44.0,98.2,CRUISE_LOITER,THAR_DESERT,5,0.5
1788614329.671,5003.1,2058.9,74.0,128.8,131.8,128.2,130.9,789.5,794.0,789.2,790.7,4.04,123.4,17.1,3.0,71.5,3.82,14.06,4.0,LANE_A,4500.0,44.0,98.1,CRUISE_LOITER,THAR_DESERT,5,0.5
1788614330.345,4991.3,2054.0,74.0,128.9,131.5,128.5,131.3,784.5,792.4,790.7,793.8,4.05,123.3,17.2,3.0,71.6,3.84,14.14,4.2,LANE_A,4500.0,44.0,98.1,CRUISE_LOITER,THAR_DESERT,5,0.5
1788614331.008,5015.0,2063.8,74.0,129.1,131.6,128.3,131.2,787.3,791.8,790.7,794.9,4.01,123.3,17.1,3.0,71.5,3.81,14.07,4.1,LANE_A,4500.0,44.0,98.0,CRUISE_LOITER,THAR_DESERT,5,0.5
1788614331.66,5035.9,2072.4,74.0,129.0,131.8,128.4,131.0,789.6,791.7,791.9,792.2,4.0,123.5,17.2,3.0,71.5,3.82,14.08,4.1,LANE_A,4500.0,44.0,97.9,CRUISE_LOITER,THAR_DESERT,5,0.5
1788614332.322,4991.4,2054.1,74.0,129.1,131.5,128.3,131.2,787.5,790.7,790.1,794.0,3.97,123.7,16.9,3.0,71.6,3.8,14.1,4.2,LANE_A,4500.0,44.0,97.8,CRUISE_LOITER,THAR_DESERT,5,0.5
1788614332.968,4997.4,2056.5,74.0,129.2,131.2,128.7,131.2,789.4,791.7,788.6,792.6,4.0,123.5,17.1,3.0,71.6,3.8,14.08,4.0,LANE_A,4500.0,44.0,97.8,CRUISE_LOITER,THAR_DESERT,5,0.5
1788614333.687,5007.4,2060.7,74.0,128.8,131.7,128.2,130.7,786.2,791.9,788.5,794.2,3.98,123.4,17.2,3.0,71.5,3.82,14.09,4.1,LANE_A,4500.0,44.0,97.7,CRUISE_LOITER,THAR_DESERT,5,0.5
1788614334.349,5009.5,2061.5,74.0,129.1,131.4,128.4,131.0,789.6,793.8,790.1,794.2,3.98,123.5,17.2,3.0,71.5,3.81,14.12,4.1,LANE_A,4500.0,44.0,97.6,CRUISE_LOITER,THAR_DESERT,5,0.5
1788614335.038,4991.7,2054.2,74.0,129.0,131.5,128.6,130.9,787.4,793.9,789.3,792.9,4.04,123.5,17.2,3.0,71.6,3.81,14.14,4.2,LANE_A,4500.0,44.0,97.5,CRUISE_LOITER,THAR_DESERT,5,0.5
1788614335.701,5015.7,2064.1,74.0,129.2,131.4,128.2,131.1,786.2,793.0,790.4,794.1,3.99,123.5,17.2,3.0,71.5,3.81,14.09,4.0,LANE_A,4500.0,44.0,97.5,CRUISE_LOITER,THAR_DESERT,5,0.5
1788614336.406,5021.7,2066.5,74.0,128.9,131.6,128.4,130.9,788.9,792.0,791.5,792.7,4.0,123.5,17.1,3.0,71.7,3.8,14.07,4.0,LANE_A,4500.0,44.0,97.4,CRUISE_LOITER,THAR_DESERT,5,0.5
1788614337.101,4985.4,2051.6,74.0,129.1,131.5,128.7,130.7,787.9,793.9,789.8,795.1,4.0,123.6,17.0,3.0,71.4,3.84,14.08,3.9,LANE_A,4500.0,44.0,97.3,CRUISE_LOITER,THAR_DESERT,5,0.5
1788614337.774,4998.4,2057.0,74.0,128.9,131.5,128.6,131.2,788.0,795.5,791.3,793.5,4.0,123.6,17.1,3.0,71.4,3.81,14.08,4.0,LANE_A,4500.0,44.0,97.2,CRUISE_LOITER,THAR_DESERT,5,0.5
1788614338.428,4987.2,2052.3,74.0,128.8,131.5,128.5,131.2,787.6,794.4,789.2,791.9,4.03,123.4,17.0,3.0,71.4,3.81,14.13,4.2,LANE_A,4500.0,44.0,97.1,CRUISE_LOITER,THAR_DESERT,5,0.5
1788614339.121,5003.8,2059.2,74.0,128.9,131.5,128.2,130.9,788.2,791.5,789.6,792.0,4.07,123.4,17.1,3.0,71.5,3.81,14.11,4.1,LANE_A,4500.0,44.0,97.1,CRUISE_LOITER,THAR_DESERT,5,0.5
1788614339.787,5022.2,2066.7,74.0,129.0,131.6,128.4,131.1,788.7,795.2,788.8,793.9,4.0,123.5,17.1,3.0,71.3,3.81,14.07,3.9,LANE_A,4500.0,44.0,97.0,CRUISE_LOITER,THAR_DESERT,5,0.5
1788614340.488,4996.2,2056.0,74.0,129.0,131.8,128.3,131.1,789.0,793.5,789.7,795.0,3.94,123.4,17.1,3.0,71.6,3.83,14.12,4.0,LANE_A,4500.0,44.0,96.9,CRUISE_LOITER,THAR_DESERT,5,0.5
1788614341.154,5046.1,2076.6,74.0,128.6,131.4,128.5,130.8,784.7,791.7,787.3,793.2,4.03,123.5,17.1,3.0,71.7,3.81,14.08,4.1,LANE_A,4500.0,44.0,96.8,CRUISE_LOITER,THAR_DESERT,5,0.5
1788614341.858,4982.1,2050.2,74.0,128.8,131.4,128.4,131.2,788.5,794.2,788.7,791.6,3.99,123.5,17.1,3.0,71.6,3.8,14.09,4.0,LANE_A,4500.0,44.0,96.8,CRUISE_LOITER,THAR_DESERT,5,0.5
1788614342.514,4977.2,2048.2,74.0,129.0,131.7,128.6,130.9,786.9,792.4,790.0,793.1,3.96,123.5,17.0,3.0,71.4,3.81,14.08,4.1,LANE_A,4500.0,44.0,96.7,CRUISE_LOITER,THAR_DESERT,5,0.5
1788614343.225,5021.2,2066.3,74.0,129.1,131.5,128.4,131.3,789.0,793.3,792.5,792.8,4.04,123.4,17.2,3.0,71.4,3.8,14.08,4.1,LANE_A,4500.0,44.0,96.6,CRUISE_LOITER,THAR_DESERT,5,0.5
1788614343.908,5008.1,2060.9,74.0,128.6,131.4,128.5,131.1,786.7,791.0,790.4,792.5,3.96,123.5,17.1,3.0,71.5,3.81,14.13,4.0,LANE_A,4500.0,44.0,96.5,CRUISE_LOITER,THAR_DESERT,5,0.5
1788614344.793,4995.0,2055.6,74.0,128.8,131.8,128.9,130.6,789.1,794.4,790.5,792.4,3.95,123.5,17.1,3.0,71.5,3.81,14.09,4.1,LANE_A,4500.0,44.0,96.4,CRUISE_LOITER,THAR_DESERT,5,0.5
1788614345.451,5025.5,2068.1,74.0,128.8,131.5,128.6,131.1,787.1,795.5,790.8,792.3,4.02,123.7,17.1,3.0,71.4,3.79,14.13,4.1,LANE_A,4500.0,44.0,96.4,CRUISE_LOITER,THAR_DESERT,5,0.5
1788614346.117,5004.7,2059.5,74.0,129.0,131.6,128.4,131.2,789.0,792.5,790.9,793.4,3.97,123.0,17.1,3.0,71.3,3.79,14.1,4.0,LANE_A,4500.0,44.0,96.3,CRUISE_LOITER,THAR_DESERT,5,0.5
1788614346.775,4998.8,2057.1,74.0,129.2,131.6,128.6,130.9,785.9,793.2,790.2,793.6,4.04,123.5,17.2,3.0,71.5,3.8,14.1,4.1,LANE_A,4500.0,44.0,96.2,CRUISE_LOITER,THAR_DESERT,5,0.5
1788614347.452,5003.4,2059.0,74.0,129.1,131.4,128.5,130.7,787.7,792.2,789.2,792.1,4.05,123.3,17.1,3.0,71.2,3.82,14.12,4.0,LANE_A,4500.0,44.0,96.1,CRUISE_LOITER,THAR_DESERT,5,0.5
1788614348.119,4988.9,2053.0,74.0,128.8,131.6,128.3,131.0,787.1,793.7,790.7,793.5,4.01,123.5,17.0,3.0,71.3,3.81,14.12,4.2,LANE_A,4500.0,44.0,96.0,CRUISE_LOITER,THAR_DESERT,5,0.5
1788614348.776,5003.8,2059.2,74.0,129.3,131.4,128.4,131.1,789.2,793.0,789.6,793.2,4.04,123.7,17.1,3.0,71.5,3.8,14.14,4.1,LANE_A,4500.0,44.0,96.0,CRUISE_LOITER,THAR_DESERT,5,0.5
1788614349.428,4992.8,2054.7,74.0,128.8,131.9,128.6,130.8,786.4,791.8,788.8,791.0,4.0,123.4,17.2,3.0,71.3,3.82,14.14,4.1,LANE_A,4500.0,44.0,95.9,CRUISE_LOITER,THAR_DESERT,5,0.5
1788614350.094,5006.3,2060.2,74.0,129.1,131.4,128.4,130.9,788.8,791.7,790.2,791.5,4.01,123.7,17.1,3.0,71.4,3.83,14.09,4.0,LANE_A,4500.0,44.0,95.8,CRUISE_LOITER,THAR_DESERT,5,0.5
1788614350.745,5012.3,2062.7,74.0,128.9,131.5,128.5,131.1,786.8,791.4,787.4,792.1,4.01,123.3,17.0,3.0,71.3,3.81,14.11,4.2,LANE_A,4500.0,44.0,95.7,CRUISE_LOITER,THAR_DESERT,5,0.5
1788614351.4,4995.1,2055.6,74.0,129.0,131.1,128.3,130.8,788.6,791.8,790.6,792.3,3.94,123.3,17.1,3.0,71.2,3.82,14.08,4.0,LANE_A,4500.0,44.0,95.7,CRUISE_LOITER,THAR_DESERT,5,0.5
1788614352.047,5003.7,2059.1,74.0,128.8,131.2,128.0,130.8,788.4,793.8,791.3,791.1,3.98,123.5,17.0,3.0,71.5,3.79,14.1,4.0,LANE_A,4500.0,44.0,95.6,CRUISE_LOITER,THAR_DESERT,5,0.5
1788614352.76,5019.3,2065.6,74.0,129.1,131.5,128.4,131.0,789.0,793.3,790.6,792.7,4.04,123.6,17.2,3.0,71.4,3.84,14.12,3.9,LANE_A,4500.0,44.0,95.5,CRUISE_LOITER,THAR_DESERT,5,0.5
1788614353.457,4985.4,2051.6,74.0,129.2,131.4,128.5,130.5,786.6,791.0,792.5,791.3,4.03,123.7,17.0,3.0,71.5,3.81,14.1,4.0,LANE_A,4500.0,44.0,95.4,CRUISE_LOITER,THAR_DESERT,5,0.5
1788614354.133,4995.5,2055.8,74.0,129.2,130.9,128.6,131.3,787.8,792.0,789.0,793.2,4.03,123.3,17.1,3.0,71.5,3.82,14.03,4.1,LANE_A,4500.0,44.0,95.3,CRUISE_LOITER,THAR_DESERT,5,0.5
1788614354.809,5033.0,2071.2,74.0,129.0,131.5,128.4,130.8,788.8,793.9,791.4,793.9,4.05,123.5,17.0,3.0,71.2,3.78,14.1,3.8,LANE_A,4500.0,44.0,95.3,CRUISE_LOITER,THAR_DESERT,5,0.5
1788614355.507,5001.0,2058.0,74.0,128.9,131.7,128.6,131.0,787.6,792.7,790.7,793.9,3.99,123.5,17.0,3.0,71.2,3.8,14.1,4.0,LANE_A,4500.0,44.0,95.2,CRUISE_LOITER,THAR_DESERT,5,0.5
1788614356.177,5030.1,2070.0,74.0,128.6,131.4,128.5,130.7,788.8,795.1,790.3,793.2,4.01,123.6,17.2,3.0,71.4,3.8,14.12,4.2,LANE_A,4500.0,44.0,95.1,CRUISE_LOITER,THAR_DESERT,5,0.5
1788614356.849,5012.1,2062.6,74.0,129.0,131.8,129.0,131.1,787.0,792.6,789.6,793.7,4.04,123.5,17.0,3.0,71.3,3.82,14.09,4.0,LANE_A,4500.0,44.0,95.0,CRUISE_LOITER,THAR_DESERT,5,0.5
1788614357.515,4986.3,2052.0,74.0,128.6,131.4,128.4,130.9,785.5,795.9,790.7,791.7,3.98,123.5,17.1,3.0,71.4,3.8,14.07,4.3,LANE_A,4500.0,44.0,94.9,CRUISE_LOITER,THAR_DESERT,5,0.5
1788614358.205,5007.9,2060.9,74.0,129.1,131.4,128.6,130.8,788.7,791.9,790.6,792.6,3.99,123.4,17.1,3.0,71.3,3.81,14.12,4.0,LANE_A,4500.0,44.0,94.9,CRUISE_LOITER,THAR_DESERT,5,0.5
1788614358.878,4993.8,2055.1,74.0,128.9,131.4,128.4,131.1,786.0,791.4,789.6,792.4,3.98,123.4,17.0,3.0,71.2,3.81,14.07,4.2,LANE_A,4500.0,44.0,94.8,CRUISE_LOITER,THAR_DESERT,5,0.5
1788614359.55,5000.2,2057.7,74.0,128.9,131.7,128.6,130.9,788.1,792.4,789.6,792.0,4.01,123.5,17.0,3.0,71.2,3.79,14.1,4.0,LANE_A,4500.0,44.0,94.7,CRUISE_LOITER,THAR_DESERT,5,0.5
1788614360.151,5035.5,2072.2,74.0,128.8,131.7,128.4,131.2,788.9,792.4,791.0,792.5,4.05,123.6,17.1,3.0,71.2,3.81,14.12,4.2,LANE_A,4500.0,44.0,94.6,CRUISE_LOITER,THAR_DESERT,5,0.5
1788614360.766,4984.1,2051.1,74.0,129.0,131.4,128.2,131.0,785.6,796.0,789.3,791.9,3.99,123.5,17.2,3.0,71.1,3.81,14.12,4.2,LANE_A,4500.0,44.0,94.5,CRUISE_LOITER,THAR_DESERT,5,0.5
1788614361.408,5018.2,2065.1,74.0,128.8,131.6,128.5,131.0,786.6,792.9,789.1,793.5,4.07,123.6,17.1,3.0,71.2,3.81,14.08,4.0,LANE_A,4500.0,44.0,94.5,CRUISE_LOITER,THAR_DESERT,5,0.5
1788614362.032,4984.1,2051.1,74.0,129.0,131.8,128.3,130.7,788.0,793.3,788.4,793.0,3.99,123.5,17.1,3.0,71.3,3.79,14.12,4.1,LANE_A,4500.0,44.0,94.4,CRUISE_LOITER,THAR_DESERT,5,0.5
1788614362.659,5008.5,2061.1,74.0,128.8,131.6,128.8,131.0,788.4,791.7,789.1,791.8,4.01,123.6,17.1,3.0,71.0,3.81,14.07,4.0,LANE_A,4500.0,44.0,94.3,CRUISE_LOITER,THAR_DESERT,5,0.5
1788614363.313,5020.9,2066.2,74.0,129.0,131.6,128.5,131.3,788.0,792.8,788.4,791.1,4.04,123.8,17.1,3.0,71.0,3.82,14.1,4.0,LANE_A,4500.0,44.0,94.2,CRUISE_LOITER,THAR_DESERT,5,0.5
1788614363.96,5003.7,2059.1,74.0,129.3,131.5,128.4,130.8,788.6,792.1,788.8,792.3,4.04,123.7,16.8,3.0,71.2,3.8,14.13,4.0,LANE_A,4500.0,44.0,94.1,CRUISE_LOITER,THAR_DESERT,5,0.5
1788614364.827,5003.6,2059.1,74.0,128.8,131.3,128.4,130.9,789.5,793.0,789.7,792.7,3.98,123.5,17.0,3.0,71.0,3.8,14.07,3.9,LANE_A,4500.0,44.0,94.1,CRUISE_LOITER,THAR_DESERT,5,0.5
1788614365.485,5002.7,2058.7,74.0,129.3,131.3,128.6,131.1,788.5,793.2,788.0,793.9,3.95,123.4,17.0,3.0,71.2,3.83,14.07,4.3,LANE_A,4500.0,44.0,94.0,CRUISE_LOITER,THAR_DESERT,5,0.5
1788614366.172,5015.9,2064.2,74.0,129.3,131.2,128.6,130.9,787.6,792.3,786.6,793.6,4.04,123.8,16.9,3.0,71.3,3.84,14.11,4.2,LANE_A,4500.0,44.0,93.9,CRUISE_LOITER,THAR_DESERT,5,0.5
1788614366.843,5007.2,2060.6,74.0,129.0,131.3,128.3,131.2,788.5,792.9,793.1,793.0,3.95,123.4,17.0,3.0,71.2,3.8,14.09,4.1,LANE_A,4500.0,44.0,93.8,CRUISE_LOITER,THAR_DESERT,5,0.5
1788614367.496,4998.2,2056.9,74.0,129.0,131.7,128.8,130.5,788.3,791.5,789.3,792.1,4.01,123.4,17.0,3.0,71.1,3.82,14.09,4.1,LANE_A,4500.0,44.0,93.7,CRUISE_LOITER,THAR_DESERT,5,0.5
1788614368.163,4995.4,2055.7,74.0,128.8,131.5,128.4,131.1,785.0,792.4,790.5,793.5,4.02,123.3,16.9,3.0,71.1,3.81,14.11,4.1,LANE_A,4500.0,44.0,93.7,CRUISE_LOITER,THAR_DESERT,5,0.5
1788614368.802,4975.4,2047.5,74.0,129.0,131.4,128.4,131.0,789.4,792.0,789.9,792.1,4.02,123.5,17.1,3.0,71.0,3.83,14.1,4.2,LANE_A,4500.0,44.0,93.6,CRUISE_LOITER,THAR_DESERT,5,0.5
1788614369.478,4996.4,2056.1,74.0,128.9,131.5,128.4,131.1,788.2,791.8,790.7,790.6,3.99,123.6,17.1,3.0,71.1,3.81,14.09,4.0,LANE_A,4500.0,44.0,93.5,CRUISE_LOITER,THAR_DESERT,5,0.5
1788614370.123,5000.3,2057.7,74.0,129.0,131.3,128.5,131.1,788.7,792.5,789.3,794.2,3.99,123.4,17.1,3.0,71.1,3.84,14.11,4.1,LANE_A,4500.0,44.0,93.4,CRUISE_LOITER,THAR_DESERT,5,0.5
1788614370.787,5033.1,2071.2,74.0,129.3,131.2,128.6,131.1,788.0,793.9,791.9,794.0,4.02,123.4,17.0,3.0,71.0,3.8,14.11,4.0,LANE_A,4500.0,44.0,93.3,CRUISE_LOITER,THAR_DESERT,5,0.5
1788614371.463,5016.1,2064.2,74.0,129.0,131.1,128.6,131.1,788.4,790.7,788.4,791.6,3.95,123.5,16.9,3.0,71.1,3.8,14.12,4.2,LANE_A,4500.0,44.0,93.3,CRUISE_LOITER,THAR_DESERT,5,0.5
1788614372.128,4998.8,2057.1,74.0,129.0,131.2,128.3,130.8,787.7,792.6,787.1,794.1,4.04,123.5,17.1,3.0,71.1,3.82,14.11,4.1,LANE_A,4500.0,44.0,93.2,CRUISE_LOITER,THAR_DESERT,5,0.5
1788614372.804,4978.0,2048.6,74.0,128.9,131.5,128.2,131.1,789.1,794.2,792.4,793.7,4.04,123.5,17.1,3.0,71.1,3.81,14.1,4.0,LANE_A,4500.0,44.0,93.1,CRUISE_LOITER,THAR_DESERT,5,0.5
1788614373.47,4996.2,2056.0,74.0,129.0,131.6,128.6,130.9,786.8,792.9,790.4,792.8,4.01,123.5,17.0,3.0,71.1,3.82,14.1,3.9,LANE_A,4500.0,44.0,93.0,CRUISE_LOITER,THAR_DESERT,5,0.5
1788614374.137,5001.2,2058.1,74.0,128.9,131.5,128.3,130.6,789.6,792.2,789.9,792.4,4.02,123.3,17.0,3.0,70.9,3.82,14.1,4.1,LANE_A,4500.0,44.0,93.0,CRUISE_LOITER,THAR_DESERT,5,0.5
1788614374.865,5000.7,2057.9,74.0,129.2,131.7,128.5,131.2,789.3,791.7,789.9,793.9,4.02,123.5,17.1,3.0,71.0,3.82,14.07,4.1,LANE_A,4500.0,44.0,92.9,CRUISE_LOITER,THAR_DESERT,5,0.5
1788614375.542,5025.7,2068.2,74.0,128.8,131.6,128.3,131.1,787.6,791.6,790.8,793.2,4.06,123.5,17.0,3.0,71.1,3.81,14.1,4.1,LANE_A,4500.0,44.0,92.8,CRUISE_LOITER,THAR_DESERT,5,0.5
1788614376.194,4985.9,2051.8,74.0,129.3,131.4,128.3,130.9,787.4,792.9,789.3,791.5,4.04,123.6,17.1,3.0,71.1,3.8,14.13,3.9,LANE_A,4500.0,44.0,92.7,CRUISE_LOITER,THAR_DESERT,5,0.5
1788614376.821,5018.0,2065.0,74.0,128.8,131.3,128.4,131.1,788.4,793.4,789.5,793.3,4.0,123.4,17.0,3.0,71.0,3.81,14.08,4.2,LANE_A,4500.0,44.0,92.6,CRUISE_LOITER,THAR_DESERT,5,0.5
1788614377.426,4991.3,2054.0,74.0,129.1,131.4,128.7,130.9,787.9,794.6,790.0,793.9,3.96,123.5,17.0,3.0,71.0,3.79,14.1,4.1,LANE_A,4500.0,44.0,92.6,CRUISE_LOITER,THAR_DESERT,5,0.5
1788614378.002,4994.1,2055.2,74.0,128.7,131.6,128.8,131.1,787.6,792.7,790.8,792.7,4.01,123.5,17.0,3.0,70.8,3.77,14.1,4.1,LANE_A,4500.0,44.0,92.5,CRUISE_LOITER,THAR_DESERT,5,0.5
1788614378.609,4983.3,2050.7,74.0,129.0,131.5,128.2,130.9,787.4,794.8,788.7,793.9,3.95,123.4,16.9,3.0,71.0,3.82,14.14,3.9,LANE_A,4500.0,44.0,92.4,CRUISE_LOITER,THAR_DESERT,5,0.5
1788614379.235,4995.4,2055.7,74.0,129.0,131.6,128.6,130.9,785.5,792.4,790.3,792.9,3.98,123.6,17.0,3.0,71.0,3.79,14.09,4.0,LANE_A,4500.0,44.0,92.3,CRUISE_LOITER,THAR_DESERT,5,0.5
1788614379.878,4983.9,2051.0,74.0,128.7,131.4,128.7,131.0,787.1,791.8,791.4,792.3,3.99,123.6,17.1,3.0,70.9,3.8,14.11,4.2,LANE_A,4500.0,44.0,92.3,CRUISE_LOITER,THAR_DESERT,5,0.5
1788614380.493,4987.4,2052.4,74.0,129.4,131.6,128.3,130.9,789.7,793.4,789.0,792.2,4.02,123.3,16.9,3.0,70.8,3.81,14.06,4.0,LANE_A,4500.0,44.0,92.2,CRUISE_LOITER,THAR_DESERT,5,0.5
1788614381.456,5007.9,2060.9,74.0,128.9,131.7,128.7,130.6,788.0,794.0,791.1,794.9,4.0,123.5,16.9,3.0,71.1,3.8,14.11,4.1,LANE_A,4500.0,44.0,92.1,CRUISE_LOITER,THAR_DESERT,5,0.5
1788614382.07,4997.3,2056.5,74.0,128.9,131.6,128.8,130.8,788.7,791.9,789.4,791.3,4.06,123.7,16.9,3.0,70.9,3.79,14.12,4.2,LANE_A,4500.0,44.0,92.0,CRUISE_LOITER,THAR_DESERT,5,0.5
1788614382.719,5022.7,2067.0,74.0,128.9,131.7,128.3,130.9,789.5,792.9,792.1,791.8,4.03,123.5,17.1,3.0,71.1,3.81,14.09,3.9,LANE_A,4500.0,44.0,92.0,CRUISE_LOITER,THAR_DESERT,5,0.5
1788614383.373,4993.4,2054.9,74.0,129.1,131.6,128.2,131.3,786.1,792.2,789.9,793.7,3.96,123.4,16.9,3.0,71.1,3.81,14.1,4.1,LANE_A,4500.0,44.0,91.9,CRUISE_LOITER,THAR_DESERT,5,0.5
1788614384.068,4963.4,2042.6,74.0,129.1,131.7,128.6,131.2,786.2,794.0,791.0,792.3,4.01,123.5,17.0,3.0,71.0,3.79,14.08,3.9,LANE_A,4500.0,44.0,91.8,CRUISE_LOITER,THAR_DESERT,5,0.5
1788614384.982,4980.3,2049.5,74.0,128.9,131.4,128.3,130.7,789.1,793.6,788.6,791.0,4.01,123.5,17.0,3.0,70.8,3.8,14.08,4.1,LANE_A,4500.0,44.0,91.7,CRUISE_LOITER,THAR_DESERT,5,0.5
1788614385.641,5008.8,2061.2,74.0,129.0,131.4,128.3,131.0,790.6,790.9,788.8,792.8,3.95,123.5,16.9,3.0,70.9,3.82,14.1,4.1,LANE_A,4500.0,44.0,91.7,CRUISE_LOITER,THAR_DESERT,5,0.5
1788614386.313,4994.2,2055.2,74.0,129.1,131.5,128.4,131.0,787.3,795.0,790.2,791.8,4.05,123.5,16.9,3.0,70.8,3.82,14.12,3.9,LANE_A,4500.0,44.0,91.6,CRUISE_LOITER,THAR_DESERT,5,0.5
1788614386.964,5016.2,2064.3,74.0,129.1,131.6,128.5,130.5,787.7,793.3,788.7,795.5,4.01,123.5,16.9,3.0,70.7,3.82,14.13,3.8,LANE_A,4500.0,44.0,91.5,CRUISE_LOITER,THAR_DESERT,5,0.5
1788614387.62,5007.6,2060.7,74.0,128.8,131.5,128.8,130.9,787.4,792.8,789.5,792.6,3.99,123.3,16.9,3.0,71.0,3.8,14.11,4.2,LANE_A,4500.0,44.0,91.5,CRUISE_LOITER,THAR_DESERT,5,0.5
1788614388.285,4969.9,2045.2,74.0,128.9,131.6,128.8,131.0,786.3,791.5,789.4,793.2,4.0,123.5,16.9,3.0,71.0,3.84,14.09,4.0,LANE_A,4500.0,44.0,91.4,CRUISE_LOITER,THAR_DESERT,5,0.5
1788614388.962,4972.8,2046.4,74.0,129.0,131.7,128.5,131.0,787.5,790.9,789.4,791.3,4.05,123.6,17.0,3.0,70.9,3.84,14.11,4.0,LANE_A,4500.0,44.0,91.3,CRUISE_LOITER,THAR_DESERT,5,0.5
1788614389.627,5004.4,2059.4,74.0,129.1,131.9,128.3,130.8,787.4,792.6,790.0,793.0,3.96,123.5,16.9,3.0,70.8,3.78,14.1,4.2,LANE_A,4500.0,44.0,91.2,CRUISE_LOITER,THAR_DESERT,5,0.5
1788614390.266,4997.7,2056.7,74.0,128.8,131.5,128.6,130.9,788.0,793.0,790.2,792.7,4.02,123.7,16.9,3.0,71.2,3.81,14.11,4.2,LANE_A,4500.0,44.0,91.2,CRUISE_LOITER,THAR_DESERT,5,0.5
1788614390.793,4996.8,2056.3,74.0,128.9,131.7,128.6,131.1,787.6,791.8,789.6,794.3,3.98,123.5,16.9,3.0,70.8,3.83,14.08,4.1,LANE_A,4500.0,44.0,91.1,CRUISE_LOITER,THAR_DESERT,5,0.5
1788614391.328,4996.4,2056.1,74.0,128.9,131.2,128.7,131.2,790.4,793.0,788.1,792.4,3.99,123.5,16.9,3.1,71.0,3.78,14.09,4.0,LANE_A,4500.0,44.0,91.0,CRUISE_LOITER,THAR_DESERT,5,0.5
1788614391.851,4979.9,2049.3,74.0,128.9,131.6,128.4,131.1,787.5,792.7,790.3,794.0,4.03,123.3,17.1,3.0,71.1,3.8,14.12,4.0,LANE_A,4500.0,44.0,91.0,CRUISE_LOITER,THAR_DESERT,5,0.5
1788614392.389,4982.9,2050.6,74.0,128.9,131.4,128.3,130.9,787.3,792.6,792.7,791.9,4.02,123.5,16.9,3.0,70.7,3.8,14.11,4.0,LANE_A,4500.0,44.0,90.9,CRUISE_LOITER,THAR_DESERT,5,0.5
1788614392.928,4974.9,2047.3,74.0,129.3,131.7,128.5,131.1,789.4,791.4,788.4,791.0,3.97,123.5,16.9,3.0,70.9,3.84,14.1,4.0,LANE_A,4500.0,44.0,90.8,CRUISE_LOITER,THAR_DESERT,5,0.5
1788614393.541,5000.0,2057.6,74.0,129.1,131.1,128.5,130.9,788.4,794.6,790.7,794.1,4.03,123.6,16.9,3.0,70.8,3.82,14.07,4.2,LANE_A,4500.0,44.0,90.8,CRUISE_LOITER,THAR_DESERT,5,0.5
1788614394.078,5005.6,2059.9,74.0,128.9,131.7,128.3,131.1,788.9,791.0,790.3,791.3,4.04,123.7,16.8,3.0,70.9,3.82,14.12,3.9,LANE_A,4500.0,44.0,90.7,CRUISE_LOITER,THAR_DESERT,5,0.5
1788614394.639,4966.5,2043.8,74.0,128.9,131.8,128.5,131.1,789.2,791.5,788.9,793.5,4.01,123.7,16.9,3.0,70.8,3.83,14.12,4.1,LANE_A,4500.0,44.0,90.6,CRUISE_LOITER,THAR_DESERT,5,0.5
1788614395.197,4990.1,2053.5,74.0,129.3,131.2,128.3,131.0,787.6,794.3,790.2,795.2,3.96,123.4,17.0,3.0,70.8,3.82,14.11,4.0,LANE_A,4500.0,44.0,90.6,CRUISE_LOITER,THAR_DESERT,5,0.5
1788614395.775,4991.4,2054.1,74.0,129.0,131.6,128.6,130.9,787.4,792.9,791.1,791.6,4.01,123.5,16.9,3.0,70.6,3.81,14.07,4.1,LANE_A,4500.0,44.0,90.5,CRUISE_LOITER,THAR_DESERT,5,0.5
1788614396.359,5011.8,2062.5,74.0,129.1,131.5,128.7,131.6,787.9,792.8,791.4,794.1,3.99,123.4,17.0,3.0,70.7,3.81,14.1,3.9,LANE_A,4500.0,44.0,90.4,CRUISE_LOITER,THAR_DESERT,5,0.5
1788614396.943,5003.9,2059.2,74.0,129.1,131.4,128.2,131.0,788.9,793.1,788.3,793.6,3.99,123.5,17.1,3.0,70.6,3.81,14.06,4.1,LANE_A,4500.0,44.0,90.4,CRUISE_LOITER,THAR_DESERT,5,0.5
1788614397.509,5003.6,2059.1,74.0,129.0,131.3,128.6,131.1,787.0,794.0,787.0,795.0,3.97,123.6,16.9,3.0,70.9,3.8,14.08,4.0,LANE_A,4500.0,44.0,90.3,CRUISE_LOITER,THAR_DESERT,5,0.5
1788614398.084,4994.3,2055.3,74.0,128.8,131.8,128.9,131.1,787.0,793.9,791.0,792.9,4.04,123.5,17.1,3.0,70.7,3.82,14.11,4.1,LANE_A,4500.0,44.0,90.2,CRUISE_LOITER,THAR_DESERT,5,0.5
1788614398.684,4961.5,2041.8,74.0,128.7,131.7,128.5,131.1,787.2,793.6,790.2,790.9,3.99,123.5,16.8,3.0,70.6,3.8,14.1,4.2,LANE_A,4500.0,44.0,90.2,CRUISE_LOITER,THAR_DESERT,5,0.5
1788614399.286,4999.4,2057.4,74.0,128.8,131.5,128.5,131.1,787.3,793.2,789.1,792.6,4.03,123.7,16.9,3.0,70.7,3.82,14.09,4.0,LANE_A,4500.0,44.0,90.1,CRUISE_LOITER,THAR_DESERT,5,0.5
1788614399.918,4977.0,2048.1,74.0,129.1,131.5,128.8,130.8,789.7,795.1,787.8,792.9,3.98,123.5,16.9,3.0,70.9,3.83,14.08,3.9,LANE_A,4500.0,44.0,90.0,CRUISE_LOITER,THAR_DESERT,5,0.5
1788614400.59,5004.7,2059.5,74.0,128.9,131.9,128.4,131.2,785.5,794.2,789.8,793.6,4.0,123.5,16.8,3.0,70.7,3.82,14.11,4.0,LANE_A,4500.0,44.0,90.0,CRUISE_LOITER,THAR_DESERT,5,0.5
1788614401.207,4974.1,2047.0,74.0,128.9,132.1,128.4,131.0,788.3,792.2,789.2,794.5,4.04,123.5,16.9,3.0,70.6,3.81,14.09,4.1,LANE_A,4500.0,44.0,89.9,CRUISE_LOITER,THAR_DESERT,5,0.5
1788614401.832,5028.5,2069.3,74.0,129.2,131.5,128.6,131.2,788.8,793.6,787.8,795.2,4.03,123.6,16.8,3.0,70.7,3.81,14.1,4.1,LANE_A,4500.0,44.0,89.9,CRUISE_LOITER,THAR_DESERT,5,0.5
1788614402.486,4993.3,2054.9,74.0,129.0,131.4,128.5,131.1,786.4,792.0,790.4,794.5,4.05,123.5,16.8,3.0,70.4,3.81,14.1,4.1,LANE_A,4500.0,44.0,89.8,CRUISE_LOITER,THAR_DESERT,5,0.5
1788614403.207,4996.9,2056.3,74.0,128.9,131.6,128.4,131.0,788.4,792.8,789.4,792.9,3.99,123.5,16.8,3.0,70.7,3.8,14.07,4.0,LANE_A,4500.0,44.0,89.7,CRUISE_LOITER,THAR_DESERT,5,0.5
1788614403.866,4981.4,2050.0,74.0,128.8,131.8,128.7,131.2,787.3,791.7,791.0,794.7,3.97,123.5,16.9,3.0,70.5,3.84,14.07,4.0,LANE_A,4500.0,44.0,89.7,CRUISE_LOITER,THAR_DESERT,5,0.5
1788614404.83,4966.4,2043.8,74.0,128.8,131.7,128.5,131.0,787.1,794.5,790.6,793.7,4.01,123.5,16.9,3.0,70.6,3.84,14.11,4.1,LANE_A,4500.0,44.0,89.6,CRUISE_LOITER,THAR_DESERT,5,0.5
1788614405.48,5005.8,2060.0,74.0,129.2,131.6,128.7,131.3,786.7,792.8,789.3,792.9,3.97,123.7,16.9,3.0,70.7,3.81,14.07,4.1,LANE_A,4500.0,44.0,89.6,CRUISE_LOITER,THAR_DESERT,5,0.5
1788614406.102,4952.8,2038.2,74.0,129.1,131.5,128.4,131.0,787.0,791.4,789.8,794.0,4.01,123.3,16.9,3.0,70.6,3.82,14.12,4.0,LANE_A,4500.0,44.0,89.5,CRUISE_LOITER,THAR_DESERT,5,0.5
1788614406.754,4974.2,2047.0,74.0,128.9,131.6,128.6,130.9,788.5,790.9,790.0,793.6,3.98,123.5,16.8,3.0,70.8,3.8,14.12,4.0,LANE_A,4500.0,44.0,89.4,CRUISE_LOITER,THAR_DESERT,5,0.5
1788614407.407,4976.1,2047.8,74.0,129.2,131.4,128.6,130.8,789.0,791.0,789.1,796.0,3.96,123.6,17.0,3.0,70.5,3.83,14.09,4.1,LANE_A,4500.0,44.0,89.4,CRUISE_LOITER,THAR_DESERT,5,0.5
1788614408.076,4965.4,2043.4,74.0,129.0,131.6,128.4,131.1,789.4,794.2,789.2,793.6,4.01,123.5,16.8,3.0,70.5,3.83,14.12,4.1,LANE_A,4500.0,44.0,89.3,CRUISE_LOITER,THAR_DESERT,5,0.5
1788614408.736,4985.8,2051.8,74.0,129.0,131.4,128.4,131.1,787.9,794.8,792.7,794.1,3.97,123.5,16.9,3.0,70.5,3.81,14.13,4.0,LANE_A,4500.0,44.0,89.3,CRUISE_LOITER,THAR_DESERT,5,0.5
1788614409.416,4959.8,2041.1,74.0,128.8,131.3,128.6,131.1,787.4,793.9,789.2,791.6,3.96,123.5,16.9,3.0,70.6,3.79,14.11,4.1,LANE_A,4500.0,44.0,89.2,CRUISE_LOITER,THAR_DESERT,5,0.5
1788614410.075,4995.1,2055.6,74.0,129.1,131.7,128.7,131.1,789.3,792.6,791.3,793.5,3.98,123.4,16.9,3.0,70.5,3.81,14.13,4.0,LANE_A,4500.0,44.0,89.2,CRUISE_LOITER,THAR_DESERT,5,0.5
1788614410.719,4993.2,2054.8,74.0,129.1,131.6,128.6,131.1,789.0,792.3,786.9,793.6,4.0,123.4,16.8,3.0,70.7,3.78,14.11,4.1,LANE_A,4500.0,44.0,89.1,CRUISE_LOITER,THAR_DESERT,5,0.5
1788614411.346,5000.4,2057.8,74.0,129.0,131.4,128.5,131.1,787.1,793.0,790.1,791.5,3.99,123.5,17.0,3.0,70.7,3.79,14.08,4.0,LANE_A,4500.0,44.0,89.1,CRUISE_LOITER,THAR_DESERT,5,0.5
1788614412.026,4996.0,2056.0,74.0,128.8,131.6,128.4,131.1,790.7,794.1,790.7,793.0,4.05,123.6,17.0,3.0,70.5,3.81,14.11,3.8,LANE_A,4500.0,44.0,89.0,CRUISE_LOITER,THAR_DESERT,5,0.5
1788614412.707,4966.6,2043.9,74.0,128.4,131.1,128.6,131.2,788.7,793.0,790.4,791.5,3.98,123.4,16.8,3.0,70.6,3.82,14.07,4.2,LANE_A,4500.0,44.0,88.9,CRUISE_LOITER,THAR_DESERT,5,0.5
1788614413.394,4965.4,2043.4,74.0,128.9,131.3,128.5,131.2,788.1,793.9,791.4,791.9,3.98,123.4,16.9,3.0,70.5,3.79,14.12,4.0,LANE_A,4500.0,44.0,88.9,CRUISE_LOITER,THAR_DESERT,5,0.5
1788614414.112,4989.2,2053.2,74.0,129.0,131.4,128.7,131.0,787.3,791.9,790.2,791.7,3.96,123.5,16.7,3.0,70.6,3.8,14.11,4.1,LANE_A,4500.0,44.0,88.8,CRUISE_LOITER,THAR_DESERT,5,0.5
1788614414.788,4981.1,2049.8,74.0,128.9,131.8,128.4,131.1,789.2,790.8,789.9,792.9,4.01,123.5,16.8,3.0,70.6,3.81,14.07,4.1,LANE_A,4500.0,44.0,88.8,CRUISE_LOITER,THAR_DESERT,5,0.5
1788614415.409,4982.3,2050.3,74.0,129.3,131.2,128.5,130.7,788.9,792.3,791.8,790.8,4.03,123.3,17.0,3.0,70.5,3.8,14.1,4.0,LANE_A,4500.0,44.0,88.7,CRUISE_LOITER,THAR_DESERT,5,0.5
1788614416.033,4973.9,2046.9,74.0,128.6,131.5,128.4,131.0,788.3,792.4,789.1,792.5,4.01,123.7,16.8,3.0,70.7,3.81,14.12,4.1,LANE_A,4500.0,44.0,88.7,CRUISE_LOITER,THAR_DESERT,5,0.5
1788614416.635,4969.5,2045.1,74.0,129.2,131.8,128.4,131.1,788.4,792.0,791.2,795.0,3.99,123.6,16.9,3.0,70.5,3.81,14.11,4.2,LANE_A,4500.0,44.0,88.6,CRUISE_LOITER,THAR_DESERT,5,0.5
1788614417.269,4972.3,2046.2,74.0,129.0,131.5,128.6,131.3,788.8,794.3,789.9,792.4,4.0,123.3,16.9,3.0,70.5,3.8,14.09,4.3,LANE_A,4500.0,44.0,88.6,CRUISE_LOITER,THAR_DESERT,5,0.5
1788614417.92,4974.1,2047.0,74.0,128.6,131.3,128.5,131.0,787.5,793.9,789.9,794.0,4.0,123.3,16.8,3.0,70.4,3.81,14.06,4.0,LANE_A,4500.0,44.0,88.5,CRUISE_LOITER,THAR_DESERT,5,0.5
1788614418.563,4967.7,2044.3,74.0,128.9,131.3,128.8,131.1,787.2,792.2,791.0,792.9,4.04,123.3,16.9,3.0,70.5,3.82,14.1,4.2,LANE_A,4500.0,44.0,88.5,CRUISE_LOITER,THAR_DESERT,5,0.5
1788614419.184,5020.1,2065.9,74.0,129.2,131.4,128.4,130.9,791.1,791.8,789.4,792.8,3.99,123.8,16.8,3.0,70.3,3.83,14.08,4.0,LANE_A,4500.0,44.0,88.5,CRUISE_LOITER,THAR_DESERT,5,0.5
1788614419.83,5020.8,2066.2,74.0,129.0,131.6,128.6,130.9,787.6,790.7,790.7,791.2,4.03,123.5,16.9,3.0,70.6,3.81,14.1,4.2,LANE_A,4500.0,44.0,88.4,CRUISE_LOITER,THAR_DESERT,5,0.5
1788614420.491,4965.4,2043.4,74.0,128.9,131.7,128.5,130.9,787.7,793.3,790.1,792.7,3.99,123.5,16.8,3.0,70.5,3.84,14.06,4.2,LANE_A,4500.0,44.0,88.4,CRUISE_LOITER,THAR_DESERT,5,0.5
1788614421.172,4989.1,2053.1,74.0,128.9,131.4,128.2,130.9,788.1,794.4,789.3,792.2,4.0,123.2,16.8,3.0,70.4,3.83,14.14,4.1,LANE_A,4500.0,44.0,88.3,CRUISE_LOITER,THAR_DESERT,5,0.5
1788614421.849,4993.5,2054.9,74.0,129.4,131.1,128.8,131.0,788.1,794.0,788.6,792.3,3.98,123.4,16.9,3.0,70.2,3.82,14.12,4.1,LANE_A,4500.0,44.0,88.3,CRUISE_LOITER,THAR_DESERT,5,0.5
1788614422.539,4968.9,2044.8,74.0,128.8,131.7,128.7,130.9,789.0,794.2,793.1,794.1,4.01,123.4,16.8,3.0,70.6,3.79,14.11,4.1,LANE_A,4500.0,44.0,88.2,CRUISE_LOITER,THAR_DESERT,5,0.5
1788614423.211,4987.1,2052.3,74.0,128.9,131.6,128.4,131.0,787.3,794.5,789.0,793.6,4.02,123.6,16.8,3.0,70.2,3.81,14.09,4.0,LANE_A,4500.0,44.0,88.2,CRUISE_LOITER,THAR_DESERT,5,0.5
1788614423.886,4986.0,2051.9,74.0,128.9,131.3,128.1,130.7,788.4,793.3,790.6,793.5,3.95,123.5,17.0,3.0,70.4,3.81,14.09,4.2,LANE_A,4500.0,44.0,88.1,CRUISE_LOITER,THAR_DESERT,5,0.5
1788614424.843,4943.6,2034.4,74.0,129.5,131.8,128.6,131.1,788.4,794.0,793.2,792.9,4.01,123.5,16.9,3.0,70.3,3.81,14.09,4.1,LANE_A,4500.0,44.0,88.1,CRUISE_LOITER,THAR_DESERT,5,0.5
1788614425.524,4963.3,2042.5,74.0,129.1,131.5,128.7,131.0,790.6,791.8,790.0,793.0,3.97,123.2,16.8,3.0,70.3,3.82,14.11,4.0,LANE_A,4500.0,44.0,88.1,CRUISE_LOITER,THAR_DESERT,5,0.5
1788614426.19,4981.8,2050.1,74.0,128.6,131.4,128.8,130.9,789.2,792.6,791.0,793.2,3.98,123.3,16.8,3.0,70.5,3.81,14.08,3.9,LANE_A,4500.0,44.0,88.0,CRUISE_LOITER,THAR_DESERT,5,0.5
1788614426.87,5011.6,2062.4,74.0,129.0,131.6,128.3,130.8,787.2,791.6,790.7,793.2,4.01,123.5,16.8,3.0,70.3,3.79,14.08,4.0,LANE_A,4500.0,44.0,88.0,CRUISE_LOITER,THAR_DESERT,5,0.5
1788614427.555,4992.0,2054.3,74.0,129.2,131.3,128.3,130.8,788.0,793.0,787.3,791.5,3.94,123.4,16.9,3.0,70.2,3.8,14.13,4.0,LANE_A,4500.0,44.0,88.0,CRUISE_LOITER,THAR_DESERT,5,0.5
1788614428.236,4977.9,2048.5,74.0,128.9,131.7,128.4,131.0,788.6,791.2,792.4,790.9,4.01,123.3,16.7,3.0,70.3,3.82,14.07,4.0,LANE_A,4500.0,44.0,87.9,CRUISE_LOITER,THAR_DESERT,5,0.5
1788614428.891,4992.8,2054.7,74.0,129.0,131.3,128.6,131.0,788.3,793.3,789.2,795.3,3.98,123.5,16.9,3.0,70.2,3.81,14.1,4.2,LANE_A,4500.0,44.0,87.9,CRUISE_LOITER,THAR_DESERT,5,0.5
1788614429.562,4984.2,2051.1,74.0,129.4,131.4,128.3,130.7,788.1,792.2,790.9,794.0,3.94,123.6,16.8,3.0,70.1,3.8,14.11,4.0,LANE_A,4500.0,44.0,87.8,CRUISE_LOITER,THAR_DESERT,5,0.5
1788614430.243,4980.9,2049.8,74.0,129.0,131.6,128.4,131.1,790.8,792.1,790.8,794.6,3.97,123.5,16.9,3.0,70.2,3.81,14.09,4.1,LANE_A,4500.0,44.0,87.8,CRUISE_LOITER,THAR_DESERT,5,0.5
1788614430.882,4983.7,2050.9,74.0,128.9,131.4,128.5,131.2,788.7,793.6,788.5,794.9,4.03,123.5,16.7,3.0,70.2,3.83,14.12,4.3,LANE_A,4500.0,44.0,87.8,CRUISE_LOITER,THAR_DESERT,5,0.5
1788614431.477,4973.7,2046.8,74.0,129.0,131.6,128.7,131.0,788.5,791.0,789.6,790.7,4.01,123.4,16.8,3.0,70.2,3.84,14.11,4.0,LANE_A,4500.0,44.0,87.7,CRUISE_LOITER,THAR_DESERT,5,0.5
1788614431.986,4972.8,2046.4,74.0,129.0,131.5,128.6,131.5,786.1,793.9,789.2,791.9,3.99,123.5,16.8,3.0,70.1,3.81,14.1,3.9,LANE_A,4500.0,44.0,87.7,CRUISE_LOITER,THAR_DESERT,5,0.5
1788614432.509,4977.1,2048.2,74.0,128.9,131.5,128.7,131.1,787.4,792.1,791.4,794.5,4.01,123.5,16.8,3.0,70.2,3.8,14.12,4.1,LANE_A,4500.0,44.0,87.7,CRUISE_LOITER,THAR_DESERT,5,0.5
1788614433.043,4970.9,2045.6,74.0,129.3,131.7,128.9,131.0,789.9,791.3,791.2,794.6,3.94,123.5,16.7,3.0,70.2,3.8,14.13,4.2,LANE_A,4500.0,44.0,87.6,CRUISE_LOITER,THAR_DESERT,5,0.5
1788614433.561,4977.9,2048.5,74.0,129.2,131.7,128.2,130.9,787.9,792.9,790.3,794.7,4.01,123.5,16.6,3.0,70.3,3.83,14.11,4.1,LANE_A,4500.0,44.0,87.6,CRUISE_LOITER,THAR_DESERT,5,0.5
1788614434.13,4985.4,2051.6,74.0,129.1,131.5,128.6,130.9,786.4,792.2,790.2,793.9,4.0,123.7,16.8,3.0,70.3,3.8,14.09,4.0,LANE_A,4500.0,44.0,87.6,CRUISE_LOITER,THAR_DESERT,5,0.5
1788614434.712,4983.8,2050.9,74.0,129.0,131.4,128.3,131.0,787.9,794.5,788.8,791.5,3.96,123.7,16.9,3.0,70.2,3.82,14.11,4.2,LANE_A,4500.0,44.0,87.5,CRUISE_LOITER,THAR_DESERT,5,0.5
1788614435.269,4974.8,2047.2,74.0,129.1,131.8,128.5,130.9,789.1,792.3,792.4,794.6,3.96,123.5,16.8,3.0,70.3,3.83,14.1,4.0,LANE_A,4500.0,44.0,87.5,CRUISE_LOITER,THAR_DESERT,5,0.5
1788614435.858,4971.6,2045.9,74.0,128.9,131.6,128.6,131.0,789.0,793.5,791.1,791.8,4.0,123.5,16.7,3.0,70.0,3.81,14.1,4.0,LANE_A,4500.0,44.0,87.5,CRUISE_LOITER,THAR_DESERT,5,0.5
1788614436.424,4979.2,2049.1,74.0,129.0,131.5,128.5,130.7,785.6,793.9,789.4,795.0,4.06,123.5,16.6,3.0,70.0,3.77,14.11,4.1,LANE_A,4500.0,44.0,87.5,CRUISE_LOITER,THAR_DESERT,5,0.5
1788614437.021,4980.8,2049.7,74.0,128.9,131.7,128.5,130.7,788.2,794.0,789.5,794.0,3.99,123.4,16.7,3.0,70.2,3.81,14.1,4.1,LANE_A,4500.0,44.0,87.4,CRUISE_LOITER,THAR_DESERT,5,0.5
1788614437.579,4975.4,2047.5,74.0,128.9,131.3,128.6,131.0,788.4,792.0,789.0,794.4,4.01,123.3,16.8,3.0,70.3,3.78,14.12,4.0,LANE_A,4500.0,44.0,87.4,CRUISE_LOITER,THAR_DESERT,5,0.5
1788614438.154,4957.7,2040.2,74.0,129.2,131.2,128.7,131.2,788.5,794.5,788.6,794.2,4.01,123.5,16.7,3.0,70.0,3.8,14.09,4.1,LANE_A,4500.0,44.0,87.4,CRUISE_LOITER,THAR_DESERT,5,0.5
1788614438.729,4996.9,2056.3,74.0,128.7,131.2,128.6,130.9,788.3,793.5,790.2,794.5,4.05,123.6,16.8,3.0,70.3,3.8,14.08,4.2,LANE_A,4500.0,44.0,87.4,CRUISE_LOITER,THAR_DESERT,5,0.5
1788614439.294,4970.6,2045.5,74.0,129.0,131.4,128.5,130.8,788.7,792.5,793.5,792.6,4.03,123.5,16.8,3.0,70.0,3.81,14.1,4.1,LANE_A,4500.0,44.0,87.3,CRUISE_LOITER,THAR_DESERT,5,0.5
1788614439.91,5002.0,2058.4,74.0,128.7,131.2,128.6,131.1,787.5,793.1,790.8,792.0,3.97,123.7,16.8,3.0,70.2,3.78,14.12,4.0,LANE_A,4500.0,44.0,87.3,CRUISE_LOITER,THAR_DESERT,5,0.5
1788614440.488,4975.7,2047.6,74.0,129.3,131.2,128.4,131.1,788.4,794.0,790.2,794.4,4.01,123.6,16.7,3.0,70.2,3.79,14.06,4.0,LANE_A,4500.0,44.0,87.3,CRUISE_LOITER,THAR_DESERT,5,0.5
1788614441.065,4949.1,2036.7,74.0,128.9,131.5,128.5,131.0,789.7,793.0,791.0,792.2,4.03,123.6,16.7,3.0,70.1,3.82,14.11,4.2,LANE_A,4500.0,44.0,87.3,CRUISE_LOITER,THAR_DESERT,5,0.5
1788614441.616,5004.1,2059.3,74.0,129.0,131.1,128.6,131.2,790.2,794.1,789.4,794.5,3.97,123.3,16.8,3.0,69.9,3.81,14.1,4.2,LANE_A,4500.0,44.0,87.3,CRUISE_LOITER,THAR_DESERT,5,0.5
1788614442.153,4960.1,2041.2,74.0,128.8,131.3,128.5,130.8,786.5,792.4,789.5,795.8,4.03,123.7,16.8,3.0,69.8,3.81,14.11,4.1,LANE_A,4500.0,44.0,87.2,CRUISE_LOITER,THAR_DESERT,5,0.5
1788614442.719,4951.4,2037.6,74.0,129.2,131.3,129.1,131.1,789.4,791.8,789.5,793.7,4.02,123.3,16.8,3.0,70.0,3.81,14.08,4.1,LANE_A,4500.0,44.0,87.2,CRUISE_LOITER,THAR_DESERT,5,0.5
1788614443.294,4984.1,2051.1,74.0,128.9,131.6,128.3,131.2,788.2,792.9,792.0,793.4,4.01,123.4,16.8,3.0,70.2,3.81,14.16,4.2,LANE_A,4500.0,44.0,87.2,CRUISE_LOITER,THAR_DESERT,5,0.5
1788614443.867,4957.9,2040.3,74.0,129.0,131.6,128.7,131.0,789.3,793.4,789.8,792.6,4.0,123.4,16.7,3.0,70.0,3.81,14.11,4.2,LANE_A,4500.0,44.0,87.2,CRUISE_LOITER,THAR_DESERT,5,0.5
1788614444.762,4966.6,2043.9,74.0,129.1,131.7,128.7,130.7,789.8,795.5,789.9,792.5,3.98,123.2,16.8,3.0,69.9,3.79,14.13,4.1,LANE_A,4500.0,44.0,87.2,CRUISE_LOITER,THAR_DESERT,5,0.5
1788614445.375,4967.2,2044.1,74.0,128.8,131.6,128.6,130.9,788.5,792.3,791.7,793.8,3.99,123.6,16.7,3.0,70.0,3.82,14.1,4.1,LANE_A,4500.0,44.0,87.1,CRUISE_LOITER,THAR_DESERT,5,0.5
1788614445.953,4981.2,2049.9,74.0,128.8,131.6,128.6,131.0,784.6,794.4,791.1,793.2,3.97,123.6,16.6,3.0,70.0,3.81,14.1,4.0,LANE_A,4500.0,44.0,87.1,CRUISE_LOITER,THAR_DESERT,5,0.5
1788614446.513,4988.0,2052.7,74.0,129.0,131.4,128.7,131.2,789.0,794.5,792.2,792.1,4.01,123.7,16.7,3.0,70.0,3.79,14.11,3.9,LANE_A,4500.0,44.0,87.1,CRUISE_LOITER,THAR_DESERT,5,0.5
1788614447.092,4937.7,2032.0,74.0,128.7,131.4,128.4,130.9,786.0,793.9,790.6,791.9,4.0,123.7,16.9,3.0,69.8,3.84,14.09,4.1,LANE_A,4500.0,44.0,87.1,CRUISE_LOITER,THAR_DESERT,5,0.5
1788614447.646,4979.2,2049.1,74.0,129.2,131.3,128.6,131.2,786.4,793.0,791.7,794.3,4.03,123.5,16.6,3.0,69.7,3.85,14.07,4.1,LANE_A,4500.0,44.0,87.1,CRUISE_LOITER,THAR_DESERT,5,0.5
1788614448.221,4958.5,2040.5,74.0,129.3,131.7,128.4,130.7,788.6,791.3,789.3,793.4,3.96,123.3,16.8,3.0,70.2,3.8,14.12,4.0,LANE_A,4500.0,44.0,87.1,CRUISE_LOITER,THAR_DESERT,5,0.5
1788614448.784,4971.3,2045.8,74.0,128.6,131.4,128.2,131.0,789.6,792.9,791.0,794.1,4.03,123.4,16.6,3.0,70.0,3.81,14.15,4.1,LANE_A,4500.0,44.0,87.1,CRUISE_LOITER,THAR_DESERT,5,0.5
1788614449.35,4949.3,2036.7,74.0,129.1,131.5,128.5,131.1,787.6,792.5,791.0,794.4,4.02,123.4,16.8,3.0,70.1,3.79,14.11,4.0,LANE_A,4500.0,44.0,87.1,CRUISE_LOITER,THAR_DESERT,5,0.5
1788614449.911,4967.9,2044.4,74.0,129.4,131.7,128.3,130.8,788.8,793.7,792.0,794.0,3.97,123.3,16.8,3.0,70.1,3.78,14.11,4.2,LANE_A,4500.0,44.0,87.1,CRUISE_LOITER,THAR_DESERT,5,0.5
1788614450.48,4976.3,2047.9,74.0,129.3,131.5,128.3,130.8,789.2,790.4,789.8,794.0,3.96,123.3,16.7,3.0,69.9,3.8,14.09,3.9,LANE_A,4500.0,44.0,87.0,CRUISE_LOITER,THAR_DESERT,5,0.5
1788614451.046,4930.4,2029.0,74.0,128.8,131.6,128.4,131.2,788.5,792.5,790.2,792.1,3.97,123.5,16.7,3.0,69.8,3.83,14.09,4.0,LANE_A,4500.0,44.0,87.0,CRUISE_LOITER,THAR_DESERT,5,0.5
1788614451.625,4975.4,2047.5,74.0,129.1,131.5,128.5,130.9,786.5,794.4,789.8,793.2,3.98,123.5,16.6,3.0,69.9,3.81,14.11,4.1,LANE_A,4500.0,44.0,87.0,CRUISE_LOITER,THAR_DESERT,5,0.5
1788614452.175,4961.1,2041.6,74.0,129.1,131.3,128.5,131.5,787.4,791.8,792.1,792.0,3.94,123.4,16.8,3.0,69.9,3.78,14.09,3.9,LANE_A,4500.0,44.0,87.0,CRUISE_LOITER,THAR_DESERT,5,0.5
1788614452.797,4970.5,2045.5,74.0,129.2,131.5,128.4,130.8,787.6,794.4,789.9,793.8,4.01,123.5,16.8,3.0,70.2,3.81,14.08,3.9,LANE_A,4500.0,44.0,87.0,CRUISE_LOITER,THAR_DESERT,5,0.5
1788614453.534,4972.1,2046.1,74.0,129.0,131.5,128.4,131.0,789.8,794.1,791.6,794.8,4.01,123.8,16.7,3.0,69.8,3.83,14.12,4.1,LANE_A,4500.0,44.0,87.0,CRUISE_LOITER,THAR_DESERT,5,0.5
1788614454.235,4967.3,2044.2,74.0,129.1,131.5,128.7,130.9,788.9,792.9,788.6,793.7,3.99,123.8,16.8,3.0,69.8,3.79,14.1,4.0,LANE_A,4500.0,44.0,87.0,CRUISE_LOITER,THAR_DESERT,5,0.5
1788614454.948,4997.5,2056.6,74.0,129.1,131.3,128.5,131.2,789.8,793.1,789.4,793.0,3.99,123.3,16.7,3.0,69.8,3.78,14.08,4.0,LANE_A,4500.0,44.0,87.0,CRUISE_LOITER,THAR_DESERT,5,0.5
1788614455.66,4988.4,2052.8,74.0,128.9,131.4,128.5,131.3,787.5,793.4,790.6,793.3,3.97,123.5,16.7,3.0,70.0,3.81,14.07,4.3,LANE_A,4500.0,44.0,87.0,CRUISE_LOITER,THAR_DESERT,5,0.5
1788614456.422,4961.0,2041.6,74.0,129.0,131.2,128.7,131.2,787.7,794.7,790.9,795.1,3.98,123.4,16.6,3.0,70.0,3.8,14.1,4.2,LANE_A,4500.0,44.0,87.0,CRUISE_LOITER,THAR_DESERT,5,0.5
1788614457.133,4980.4,2049.5,74.0,128.7,131.2,128.3,130.9,790.5,794.1,789.5,789.9,3.93,123.5,16.6,3.0,69.8,3.8,14.11,4.2,LANE_A,4500.0,44.0,87.0,CRUISE_LOITER,THAR_DESERT,5,0.5
1788614457.835,4973.3,2046.6,74.0,129.0,131.4,128.4,130.8,789.8,792.8,789.9,794.3,3.99,123.5,16.6,3.0,69.8,3.82,14.08,4.0,LANE_A,4500.0,44.0,87.0,CRUISE_LOITER,THAR_DESERT,5,0.5
1788614458.536,4978.6,2048.8,74.0,129.0,131.4,128.4,131.0,788.6,794.4,789.6,792.7,3.97,123.2,16.7,3.0,69.7,3.82,14.08,4.0,LANE_A,4500.0,44.0,87.0,CRUISE_LOITER,THAR_DESERT,5,0.5
1788614459.238,4952.1,2037.9,74.0,129.0,131.3,128.8,131.0,789.1,793.2,790.2,794.2,3.96,123.3,16.7,3.0,69.9,3.8,14.08,4.2,LANE_A,4500.0,44.0,87.0,CRUISE_LOITER,THAR_DESERT,5,0.5
1788614459.961,4958.3,2040.5,74.0,129.2,131.4,128.6,131.0,787.7,794.0,790.4,792.5,3.96,123.4,16.7,3.0,69.5,3.81,14.08,4.0,LANE_A,4500.0,44.0,87.0,CRUISE_LOITER,THAR_DESERT,5,0.5
1788614460.752,4963.4,2042.6,74.0,129.0,131.6,128.3,131.2,788.6,792.9,789.7,795.3,3.98,123.5,16.6,3.0,70.0,3.78,14.08,4.0,LANE_A,4500.0,44.0,87.0,CRUISE_LOITER,THAR_DESERT,5,0.5
1788614461.524,4983.2,2050.7,74.0,129.3,131.4,128.7,131.3,789.7,794.8,793.1,792.5,3.98,123.8,16.7,3.0,69.8,3.8,14.11,4.2,LANE_A,4500.0,44.0,87.0,CRUISE_LOITER,THAR_DESERT,5,0.5
1788614462.32,4968.4,2044.6,74.0,128.9,131.4,128.8,131.1,787.1,791.9,794.9,794.2,3.92,123.8,16.6,3.0,69.7,3.8,14.06,4.2,LANE_A,4500.0,44.0,87.0,CRUISE_LOITER,THAR_DESERT,5,0.5
1788614463.037,4960.6,2041.4,74.0,128.8,131.2,128.4,130.8,789.0,794.4,790.6,797.7,3.96,123.3,16.7,3.0,69.8,3.81,14.08,4.0,LANE_A,4500.0,44.0,87.0,CRUISE_LOITER,THAR_DESERT,5,0.5
1788614463.747,4964.9,2043.2,74.0,129.2,131.4,128.4,130.9,789.3,792.3,789.1,791.8,4.04,123.5,16.8,3.0,69.8,3.79,14.13,4.0,LANE_A,4500.0,44.0,87.0,CRUISE_LOITER,THAR_DESERT,5,0.5
1788614465.174,4948.5,2036.4,74.0,128.8,131.6,128.5,131.0,787.6,793.2,791.6,793.3,4.02,123.4,16.6,3.0,69.6,3.77,14.06,3.9,LANE_A,4500.0,44.0,87.0,CRUISE_LOITER,THAR_DESERT,5,0.5
1788614466.125,4959.4,2040.9,74.0,129.0,131.7,128.5,131.1,786.2,793.2,792.0,794.5,4.01,123.5,16.6,3.0,69.9,3.81,14.11,4.0,LANE_A,4500.0,44.0,87.0,CRUISE_LOITER,THAR_DESERT,5,0.5
1788614466.687,4970.7,2045.6,74.0,128.9,131.6,128.4,130.9,789.2,793.2,791.2,790.0,3.97,123.4,16.6,3.0,69.5,3.81,14.09,4.3,LANE_A,4500.0,44.0,87.1,CRUISE_LOITER,THAR_DESERT,5,0.5
1788614467.263,4954.2,2038.8,74.0,129.1,131.6,128.6,131.2,791.2,792.5,793.7,792.6,3.99,123.5,16.8,3.0,69.8,3.78,14.11,4.1,LANE_A,4500.0,44.0,87.1,CRUISE_LOITER,THAR_DESERT,5,0.5
1788614468.205,4940.6,2033.2,74.0,129.2,131.2,128.6,130.9,789.7,792.5,790.3,793.7,3.96,123.4,16.6,3.0,69.7,3.79,14.08,4.0,LANE_A,4500.0,44.0,87.1,CRUISE_LOITER,THAR_DESERT,5,0.5
1788614468.747,4981.6,2050.0,74.0,129.2,131.7,128.3,131.1,789.7,795.0,791.6,794.7,3.95,123.3,16.7,3.0,69.7,3.81,14.11,4.0,LANE_A,4500.0,44.0,87.1,CRUISE_LOITER,THAR_DESERT,5,0.5
1788614469.503,4978.6,2048.8,74.0,129.2,131.5,128.5,131.1,788.3,793.0,791.5,793.8,3.93,123.3,16.7,3.0,69.7,3.78,14.09,4.0,LANE_A,4500.0,44.0,87.1,CRUISE_LOITER,THAR_DESERT,5,0.5
1788614470.106,4945.3,2035.1,74.0,129.2,131.5,128.6,130.8,789.4,794.0,788.4,793.1,3.99,123.5,16.6,3.0,69.8,3.82,14.1,3.9,LANE_A,4500.0,44.0,87.1,CRUISE_LOITER,THAR_DESERT,5,0.5
1788614470.848,4965.6,2043.5,74.0,129.1,131.5,128.3,130.9,790.4,793.1,792.6,793.3,3.98,123.5,16.8,3.0,69.6,3.81,14.12,4.0,LANE_A,4500.0,44.0,87.1,CRUISE_LOITER,THAR_DESERT,5,0.5
1788614472.37,4978.1,2048.6,74.0,129.3,131.4,128.5,131.0,789.5,793.6,791.2,792.3,4.02,123.4,16.7,3.0,69.6,3.81,14.08,3.9,LANE_A,4500.0,44.0,87.1,CRUISE_LOITER,THAR_DESERT,5,0.5
1788614473.034,4956.0,2039.5,74.0,128.9,131.7,129.0,130.7,788.0,793.1,792.1,795.3,3.95,123.5,16.7,3.0,69.7,3.83,14.08,4.2,LANE_A,4500.0,44.0,87.2,CRUISE_LOITER,THAR_DESERT,5,0.5
1788614473.575,4981.7,2050.1,74.0,129.2,131.7,128.7,130.9,787.6,793.4,791.1,795.2,4.01,123.6,16.6,3.0,69.8,3.81,14.09,4.0,LANE_A,4500.0,44.0,87.2,CRUISE_LOITER,THAR_DESERT,5,0.5
1788614474.159,4957.1,2040.0,74.0,128.9,131.7,128.2,131.2,787.6,794.5,790.6,792.7,3.96,123.5,16.6,3.0,69.6,3.83,14.12,4.0,LANE_A,4500.0,44.0,87.2,CRUISE_LOITER,THAR_DESERT,5,0.5
1788614474.745,4967.1,2044.1,74.0,128.9,131.2,128.5,130.7,787.5,792.3,788.4,794.4,3.99,123.4,16.7,3.0,69.7,3.8,14.06,4.1,LANE_A,4500.0,44.0,87.2,CRUISE_LOITER,THAR_DESERT,5,0.5
1788614475.326,4945.9,2035.3,74.0,128.9,131.1,128.7,130.6,790.0,794.8,790.9,794.2,3.99,123.3,16.6,3.0,69.6,3.79,14.09,4.1,LANE_A,4500.0,44.0,87.2,CRUISE_LOITER,THAR_DESERT,5,0.5
1788614476.249,4974.6,2047.2,74.0,128.8,131.7,128.3,130.9,789.4,794.2,792.0,794.6,3.99,123.6,16.7,3.0,69.6,3.79,14.05,4.1,LANE_A,4500.0,44.0,87.2,CRUISE_LOITER,THAR_DESERT,5,0.5
1788614476.83,4960.7,2041.4,74.0,129.1,131.7,128.7,131.2,788.6,793.6,788.8,794.1,3.98,123.5,16.7,3.0,69.4,3.8,14.1,4.3,LANE_A,4500.0,44.0,87.3,CRUISE_LOITER,THAR_DESERT,5,0.5
1788614477.375,4941.0,2033.3,74.0,129.1,131.8,128.5,130.9,788.9,792.0,792.5,792.8,3.95,123.8,16.7,3.0,69.6,3.82,14.11,4.0,LANE_A,4500.0,44.0,87.3,CRUISE_LOITER,THAR_DESERT,5,0.5
1788614478.032,4987.6,2052.5,74.0,129.0,131.4,128.7,131.0,790.0,792.6,791.1,794.4,4.03,123.3,16.7,3.0,69.9,3.81,14.11,4.2,LANE_A,4500.0,44.0,87.3,CRUISE_LOITER,THAR_DESERT,5,0.5
1788614478.626,4974.3,2047.0,74.0,128.8,131.4,128.6,130.9,790.8,794.3,791.6,794.0,3.97,123.5,16.7,3.0,69.7,3.81,14.12,4.1,LANE_A,4500.0,44.0,87.3,CRUISE_LOITER,THAR_DESERT,5,0.5
1788614479.182,4940.1,2033.0,74.0,128.8,131.5,128.5,130.7,787.9,794.5,790.6,794.5,4.03,123.9,16.6,3.0,69.4,3.82,14.14,4.2,LANE_A,4500.0,44.0,87.4,CRUISE_LOITER,THAR_DESERT,5,0.5
1788614479.733,4977.0,2048.1,74.0,129.1,131.2,128.4,131.0,789.1,791.9,791.8,793.5,3.96,123.3,16.4,3.0,69.7,3.77,14.11,4.1,LANE_A,4500.0,44.0,87.4,CRUISE_LOITER,THAR_DESERT,5,0.5
1788614480.319,4957.9,2040.3,74.0,129.0,131.4,128.5,130.7,789.8,792.9,790.0,792.3,3.97,123.4,16.6,3.0,69.5,3.81,14.12,4.0,LANE_A,4500.0,44.0,87.4,CRUISE_LOITER,THAR_DESERT,5,0.5
1788614480.887,4970.4,2045.4,74.0,129.0,131.6,128.3,130.9,788.5,793.9,788.2,794.2,3.98,123.3,16.6,3.0,69.6,3.81,14.14,4.0,LANE_A,4500.0,44.0,87.4,CRUISE_LOITER,THAR_DESERT,5,0.5
1788614481.455,4962.0,2042.0,74.0,129.0,131.6,128.5,130.6,789.3,793.0,788.2,794.2,4.02,123.5,16.5,3.0,69.6,3.83,14.12,4.1,LANE_A,4500.0,44.0,87.5,CRUISE_LOITER,THAR_DESERT,5,0.5
1788614482.026,4935.0,2030.9,74.0,129.1,131.6,128.7,131.0,789.2,794.0,790.0,794.3,4.02,123.4,16.6,3.0,69.5,3.8,14.11,4.2,LANE_A,4500.0,44.0,87.5,CRUISE_LOITER,THAR_DESERT,5,0.5
1788614482.592,4953.5,2038.5,74.0,128.9,131.3,128.7,130.8,790.1,793.0,791.7,791.2,3.91,123.5,16.5,3.0,69.7,3.79,14.11,4.0,LANE_A,4500.0,44.0,87.5,CRUISE_LOITER,THAR_DESERT,5,0.5
1788614483.187,4958.9,2040.7,74.0,129.0,131.4,128.7,131.1,787.9,792.6,788.8,793.6,4.0,123.5,16.6,3.0,69.4,3.79,14.08,4.2,LANE_A,4500.0,44.0,87.5,CRUISE_LOITER,THAR_DESERT,5,0.5
1788614483.765,4954.5,2038.9,74.0,128.9,131.5,128.7,130.7,790.8,796.9,790.7,793.7,4.02,123.5,16.6,3.0,69.4,3.81,14.1,4.1,LANE_A,4500.0,44.0,87.6,CRUISE_LOITER,THAR_DESERT,5,0.5
1788614484.737,4955.0,2039.1,74.0,129.3,131.7,128.6,130.9,788.6,797.9,791.3,794.8,4.01,123.4,16.5,3.0,69.2,3.77,14.14,4.4,LANE_A,4500.0,44.0,87.6,CRUISE_LOITER,THAR_DESERT,5,0.5
1788614485.282,4966.1,2043.7,74.0,129.0,131.9,128.6,130.9,787.2,795.0,788.9,793.2,3.97,123.3,16.6,3.0,69.4,3.81,14.07,4.0,LANE_A,4500.0,44.0,87.6,CRUISE_LOITER,THAR_DESERT,5,0.5
1788614485.816,4970.5,2045.5,74.0,128.8,131.6,128.5,131.2,790.5,792.5,791.1,793.5,4.01,123.4,16.4,3.0,69.3,3.79,14.1,4.0,LANE_A,4500.0,44.0,87.7,CRUISE_LOITER,THAR_DESERT,5,0.5
1788614486.347,4950.7,2037.3,74.0,129.0,131.5,128.8,131.1,790.0,795.0,788.9,793.8,3.99,123.5,16.7,3.0,69.5,3.82,14.11,4.2,LANE_A,4500.0,44.0,87.7,CRUISE_LOITER,THAR_DESERT,5,0.5
1788614486.921,4968.6,2044.7,74.0,128.9,131.6,128.6,130.9,790.9,794.6,791.6,794.4,3.93,123.2,16.4,3.0,69.5,3.81,14.07,4.2,LANE_A,4500.0,44.0,87.7,CRUISE_LOITER,THAR_DESERT,5,0.5
1788614487.474,4959.2,2040.8,74.0,128.9,131.5,128.4,130.7,789.7,793.9,790.3,794.5,3.98,123.3,16.6,3.0,69.4,3.81,14.08,4.1,LANE_A,4500.0,44.0,87.8,CRUISE_LOITER,THAR_DESERT,5,0.5
1788614488.041,4964.6,2043.0,74.0,129.0,131.5,128.5,131.0,789.8,795.3,791.9,795.0,3.98,123.4,16.5,3.0,69.5,3.81,14.07,4.2,LANE_A,4500.0,44.0,87.8,CRUISE_LOITER,THAR_DESERT,5,0.5
1788614488.621,4974.7,2047.2,74.0,128.7,131.4,128.5,131.0,788.3,793.7,790.4,794.7,4.01,123.0,16.6,3.0,69.4,3.77,14.13,4.0,LANE_A,4500.0,44.0,87.8,CRUISE_LOITER,THAR_DESERT,5,0.5
1788614489.181,4950.3,2037.2,74.0,129.1,131.4,128.5,131.1,791.6,793.2,789.6,793.5,4.01,123.4,16.6,3.0,69.4,3.78,14.11,4.2,LANE_A,4500.0,44.0,87.9,CRUISE_LOITER,THAR_DESERT,5,0.5
1788614489.726,4959.2,2040.8,74.0,128.9,131.6,128.8,131.1,786.5,796.8,791.2,793.2,4.02,123.3,16.6,3.0,69.3,3.81,14.07,4.2,LANE_A,4500.0,44.0,87.9,CRUISE_LOITER,THAR_DESERT,5,0.5
1788614490.306,4975.3,2047.4,74.0,128.9,131.4,128.4,131.1,788.1,792.5,791.8,796.1,3.97,123.0,16.6,3.0,69.4,3.81,14.06,4.1,LANE_A,4500.0,44.0,87.9,CRUISE_LOITER,THAR_DESERT,5,0.5
1788614490.888,4948.3,2036.3,74.0,129.2,131.6,128.6,130.8,790.3,796.5,789.9,794.6,3.95,123.2,16.5,3.0,69.2,3.83,14.12,4.1,LANE_A,4500.0,44.0,88.0,CRUISE_LOITER,THAR_DESERT,5,0.5
1788614491.453,4969.7,2045.1,74.0,129.2,131.3,128.6,131.4,790.7,795.2,790.6,794.2,4.02,123.5,16.5,3.0,69.4,3.8,14.09,4.0,LANE_A,4500.0,44.0,88.0,CRUISE_LOITER,THAR_DESERT,5,0.5
1788614492.024,4940.7,2033.2,74.0,128.6,131.6,128.5,130.7,790.8,793.3,789.4,794.5,3.99,123.5,16.6,3.0,69.4,3.77,14.09,4.0,LANE_A,4500.0,44.0,88.0,CRUISE_LOITER,THAR_DESERT,5,0.5
1788614492.593,4930.5,2029.0,74.0,128.9,131.5,128.5,130.9,788.4,794.8,791.8,794.8,4.04,123.1,16.5,3.0,69.2,3.8,14.1,4.1,LANE_A,4500.0,44.0,88.1,CRUISE_LOITER,THAR_DESERT,5,0.5
1788614493.165,4935.5,2031.1,74.0,129.1,131.5,128.4,130.9,789.6,793.9,789.4,793.4,3.99,123.3,16.5,3.0,69.3,3.79,14.11,4.3,LANE_A,4500.0,44.0,88.1,CRUISE_LOITER,THAR_DESERT,5,0.5
1788614493.714,4966.8,2044.0,74.0,129.2,131.6,128.4,131.0,789.4,794.7,791.1,793.5,4.04,122.9,16.5,3.0,69.5,3.8,14.11,4.3,LANE_A,4500.0,44.0,88.2,CRUISE_LOITER,THAR_DESERT,5,0.5
1788614494.253,4952.8,2038.2,74.0,128.8,131.7,128.5,131.1,788.3,794.3,790.5,793.7,4.0,123.2,16.6,3.0,69.3,3.8,14.1,4.2,LANE_A,4500.0,44.0,88.2,CRUISE_LOITER,THAR_DESERT,5,0.5
1788614494.791,4971.3,2045.8,74.0,129.4,131.7,128.4,130.4,789.0,792.5,793.2,795.1,4.01,122.9,16.6,3.0,69.3,3.83,14.11,4.1,LANE_A,4500.0,44.0,88.3,CRUISE_LOITER,THAR_DESERT,5,0.5
1788614495.349,4959.4,2040.9,74.0,129.1,131.6,128.6,130.7,787.0,793.9,789.5,792.8,3.96,123.1,16.8,3.0,69.4,3.81,14.11,4.1,LANE_A,4500.0,44.0,88.3,CRUISE_LOITER,THAR_DESERT,5,0.5
1788614495.906,4953.5,2038.5,74.0,128.7,131.7,128.2,131.0,787.9,792.1,791.1,795.2,4.0,123.1,16.4,3.0,69.0,3.8,14.1,4.0,LANE_A,4500.0,44.0,88.3,CRUISE_LOITER,THAR_DESERT,5,0.5
1788614496.438,4941.3,2033.5,74.0,128.9,131.4,128.2,131.0,788.4,795.8,792.4,795.4,3.98,123.0,16.6,3.0,69.1,3.79,14.09,4.1,LANE_A,4500.0,44.0,88.4,CRUISE_LOITER,THAR_DESERT,5,0.5
1788614496.998,4968.3,2044.6,74.0,128.9,131.7,128.7,130.7,788.3,796.6,790.9,794.6,3.97,122.9,16.6,3.0,69.0,3.8,14.06,4.2,LANE_A,4500.0,44.0,88.4,CRUISE_LOITER,THAR_DESERT,5,0.5
1788614497.562,4972.6,2046.3,74.0,129.1,131.7,128.5,130.9,790.3,794.2,792.5,796.0,3.98,123.0,16.7,3.0,69.2,3.83,14.14,4.1,LANE_A,4500.0,44.0,88.5,CRUISE_LOITER,THAR_DESERT,5,0.5
1788614498.116,4968.2,2044.5,74.0,129.1,131.3,128.6,130.9,788.1,794.0,789.3,794.8,3.99,123.0,16.5,3.0,69.3,3.81,14.1,4.1,LANE_A,4500.0,44.0,88.5,CRUISE_LOITER,THAR_DESERT,5,0.5
1788614498.663,4946.3,2035.5,74.0,128.9,131.3,128.4,131.0,790.4,793.3,792.5,797.4,3.98,123.1,16.5,3.0,69.2,3.81,14.1,4.3,LANE_A,4500.0,44.0,88.6,CRUISE_LOITER,THAR_DESERT,5,0.5
1788614499.218,4947.3,2035.9,74.0,129.0,131.4,128.2,131.1,788.3,795.9,791.6,792.6,4.03,123.1,16.6,3.0,69.1,3.81,14.11,4.1,LANE_A,4500.0,44.0,88.6,CRUISE_LOITER,THAR_DESERT,5,0.5
1788614499.755,4956.1,2039.5,74.0,128.9,131.4,128.4,131.2,791.9,794.3,789.2,794.2,4.05,122.8,16.6,3.0,69.2,3.81,14.09,4.1,LANE_A,4500.0,44.0,88.7,CRUISE_LOITER,THAR_DESERT,5,0.5
1788614500.294,4951.0,2037.4,74.0,128.9,131.4,128.3,131.1,788.7,793.8,790.0,796.4,4.02,122.9,16.6,3.0,69.2,3.79,14.12,4.1,LANE_A,4500.0,44.0,88.7,CRUISE_LOITER,THAR_DESERT,5,0.5
1788614500.864,4962.9,2042.3,74.0,129.1,131.6,128.4,131.1,789.2,792.9,792.2,792.7,3.99,122.8,16.6,3.0,69.1,3.79,14.09,3.9,LANE_A,4500.0,44.0,88.8,CRUISE_LOITER,THAR_DESERT,5,0.5
1788614501.436,4954.6,2038.9,74.0,129.1,131.3,128.4,131.0,789.8,794.9,791.5,793.7,4.03,123.0,16.7,3.0,69.3,3.82,14.11,4.0,LANE_A,4500.0,44.0,88.8,CRUISE_LOITER,THAR_DESERT,5,0.5
1788614501.975,4958.3,2040.5,74.0,129.2,131.1,128.3,131.0,788.3,791.7,790.3,796.4,3.98,122.6,16.5,3.0,69.2,3.8,14.11,4.1,LANE_A,4500.0,44.0,88.9,CRUISE_LOITER,THAR_DESERT,5,0.5
1788614502.528,4961.8,2041.9,74.0,129.1,131.7,129.0,130.9,788.5,794.8,793.1,793.4,3.96,122.5,16.5,3.0,69.1,3.77,14.1,4.1,LANE_A,4500.0,44.0,88.9,CRUISE_LOITER,THAR_DESERT,5,0.5
1788614503.089,4969.4,2045.0,74.0,128.7,131.4,128.4,131.1,788.6,794.6,792.4,791.8,3.98,123.0,16.6,3.1,69.2,3.79,14.12,4.0,LANE_A,4500.0,44.0,89.0,CRUISE_LOITER,THAR_DESERT,5,0.5
1788614503.622,4963.6,2042.6,74.0,128.9,131.7,128.3,131.0,788.4,796.4,788.4,792.7,3.98,123.0,16.6,3.0,69.0,3.82,14.06,4.0,LANE_A,4500.0,44.0,89.0,CRUISE_LOITER,THAR_DESERT,5,0.5
1788614504.177,4969.6,2045.1,74.0,128.8,131.1,128.7,131.1,789.9,795.3,792.2,794.9,4.0,122.8,16.6,3.0,69.1,3.81,14.07,4.1,LANE_A,4500.0,44.0,89.1,CRUISE_LOITER,THAR_DESERT,5,0.5
1788614505.154,4948.7,2036.5,74.0,129.2,131.5,128.3,131.0,791.9,794.2,791.0,795.7,4.03,123.0,16.5,3.0,69.1,3.82,14.09,4.3,LANE_A,4500.0,44.0,89.1,CRUISE_LOITER,THAR_DESERT,5,0.5
1788614505.694,4980.6,2049.6,74.0,128.8,131.1,128.4,130.9,788.8,794.4,790.2,794.0,3.93,122.7,16.7,3.0,69.0,3.81,14.13,4.1,LANE_A,4500.0,44.0,89.2,CRUISE_LOITER,THAR_DESERT,5,0.5
1788614506.25,4947.4,2036.0,74.0,129.2,131.5,128.4,131.2,788.9,794.6,793.0,794.5,3.98,122.9,16.5,3.0,69.2,3.78,14.07,4.1,LANE_A,4500.0,44.0,89.2,CRUISE_LOITER,THAR_DESERT,5,0.5
1788614506.787,4943.6,2034.4,74.0,128.8,131.6,128.6,131.0,789.4,793.2,793.8,792.5,4.03,122.6,16.4,3.0,69.1,3.81,14.11,4.1,LANE_A,4500.0,44.0,89.3,CRUISE_LOITER,THAR_DESERT,5,0.5
1788614507.339,4937.5,2031.9,74.0,128.7,131.5,128.7,131.2,790.7,795.7,793.3,793.0,4.01,122.6,16.4,3.0,69.1,3.82,14.1,4.0,LANE_A,4500.0,44.0,89.4,CRUISE_LOITER,THAR_DESERT,5,0.5
1788614507.898,4925.3,2026.9,74.0,129.3,131.6,128.5,130.8,788.6,796.0,789.3,793.3,3.98,122.5,16.6,3.0,69.0,3.79,14.08,4.0,LANE_A,4500.0,44.0,89.4,CRUISE_LOITER,THAR_DESERT,5,0.5
1788614508.466,4940.5,2033.1,74.0,128.6,131.2,128.5,130.8,790.1,794.2,789.6,795.4,4.04,122.8,16.6,3.0,69.2,3.81,14.07,4.1,LANE_A,4500.0,44.0,89.5,CRUISE_LOITER,THAR_DESERT,5,0.5
1788614509.014,4970.3,2045.4,74.0,129.0,131.2,128.8,130.8,788.4,795.4,791.1,794.4,4.0,122.5,16.5,3.0,69.0,3.79,14.11,4.0,LANE_A,4500.0,44.0,89.5,CRUISE_LOITER,THAR_DESERT,5,0.5
1788614509.531,4981.4,2050.0,74.0,129.0,131.8,128.4,130.8,790.4,792.8,793.5,793.5,4.0,122.2,16.4,3.0,69.0,3.81,14.09,4.2,LANE_A,4500.0,44.0,89.6,CRUISE_LOITER,THAR_DESERT,5,0.5
1788614510.073,4939.3,2032.6,74.0,129.2,131.5,128.5,131.2,789.7,796.7,791.9,795.9,4.01,122.3,16.5,3.0,69.0,3.79,14.1,4.0,LANE_A,4500.0,44.0,89.6,CRUISE_LOITER,THAR_DESERT,5,0.5
1788614510.639,4964.2,2042.9,74.0,129.2,131.2,128.4,130.7,790.7,795.5,791.3,794.2,4.01,122.3,16.5,3.0,69.2,3.81,14.1,4.2,LANE_A,4500.0,44.0,89.7,CRUISE_LOITER,THAR_DESERT,5,0.5
1788614511.188,4970.9,2045.6,74.0,129.0,131.5,128.1,131.0,789.9,796.1,790.8,793.4,4.05,122.6,16.7,3.0,69.1,3.8,14.1,4.2,LANE_A,4500.0,44.0,89.8,CRUISE_LOITER,THAR_DESERT,5,0.5
1788614511.75,4947.5,2036.0,74.0,129.0,131.4,128.4,131.2,787.8,794.7,790.7,793.2,4.05,122.4,16.5,3.0,68.9,3.81,14.1,4.0,LANE_A,4500.0,44.0,89.8,CRUISE_LOITER,THAR_DESERT,5,0.5
1788614512.306,4940.6,2033.2,74.0,128.8,131.2,128.8,131.1,788.7,793.2,793.4,795.2,4.05,122.7,16.6,3.0,69.0,3.81,14.13,4.1,LANE_A,4500.0,44.0,89.9,CRUISE_LOITER,THAR_DESERT,5,0.5
1788614512.859,4930.4,2029.0,74.0,128.9,131.6,128.7,130.6,789.1,794.1,792.6,795.2,4.08,122.7,16.5,3.0,69.1,3.79,14.12,4.2,LANE_A,4500.0,44.0,89.9,CRUISE_LOITER,THAR_DESERT,5,0.5
1788614513.4,4953.9,2038.6,74.0,128.9,131.6,128.4,131.0,790.7,793.2,788.9,796.2,4.02,122.7,16.5,3.0,68.9,3.81,14.11,4.2,LANE_A,4500.0,44.0,90.0,CRUISE_LOITER,THAR_DESERT,5,0.5
1788614513.956,4957.4,2040.1,74.0,129.0,131.6,128.3,130.8,789.9,793.8,790.1,793.1,4.01,122.5,16.4,3.0,69.0,3.8,14.12,4.2,LANE_A,4500.0,44.0,90.1,CRUISE_LOITER,THAR_DESERT,5,0.5
1788614514.501,4953.0,2038.3,74.0,129.3,131.6,128.2,130.9,789.3,795.7,790.2,796.6,3.94,122.3,16.6,3.0,68.8,3.78,14.12,4.0,LANE_A,4500.0,44.0,90.1,CRUISE_LOITER,THAR_DESERT,5,0.5
1788614515.031,4956.1,2039.5,74.0,129.1,131.4,128.5,130.9,787.8,791.2,791.0,796.0,3.98,122.4,16.5,3.0,68.9,3.79,14.12,4.0,LANE_A,4500.0,44.0,90.2,CRUISE_LOITER,THAR_DESERT,5,0.5
1788614515.565,4932.6,2029.9,74.0,128.6,131.7,128.6,131.0,789.0,793.5,791.6,796.0,3.99,122.2,16.5,3.0,69.0,3.81,14.1,4.0,LANE_A,4500.0,44.0,90.3,CRUISE_LOITER,THAR_DESERT,5,0.5
1788614516.095,4964.9,2043.2,74.0,129.2,131.4,128.8,131.1,791.0,793.8,792.7,792.3,3.95,122.6,16.5,3.0,68.8,3.79,14.11,3.9,LANE_A,4500.0,44.0,90.3,CRUISE_LOITER,THAR_DESERT,5,0.5
1788614516.644,4967.4,2044.2,74.0,128.7,131.6,128.4,131.2,788.2,793.0,792.2,794.4,4.02,122.5,16.4,3.0,69.0,3.79,14.12,4.2,LANE_A,4500.0,44.0,90.4,CRUISE_LOITER,THAR_DESERT,5,0.5
1788614517.205,4961.7,2041.9,74.0,129.2,131.6,128.3,131.2,790.9,796.5,790.0,793.2,4.05,122.4,16.5,3.0,68.9,3.8,14.08,4.0,LANE_A,4500.0,44.0,90.5,CRUISE_LOITER,THAR_DESERT,5,0.5
1788614517.734,4950.1,2037.1,74.0,128.9,131.4,128.2,131.0,789.6,794.1,791.2,793.6,4.0,122.0,16.4,3.0,69.0,3.81,14.03,4.3,LANE_A,4500.0,44.0,90.5,CRUISE_LOITER,THAR_DESERT,5,0.5
1788614518.268,4940.9,2033.3,74.0,129.0,131.3,128.3,131.3,788.3,795.3,792.0,795.3,4.03,122.4,16.5,3.0,68.9,3.78,14.11,4.4,LANE_A,4500.0,44.0,90.6,CRUISE_LOITER,THAR_DESERT,5,0.5
1788614518.814,4947.4,2036.0,74.0,129.1,131.4,128.4,130.9,787.2,795.1,792.5,794.9,4.02,122.3,16.5,3.0,69.1,3.79,14.12,4.3,LANE_A,4500.0,44.0,90.7,CRUISE_LOITER,THAR_DESERT,5,0.5
1788614519.389,4945.4,2035.1,74.0,129.0,131.7,128.5,130.8,788.8,794.5,792.0,795.7,3.97,122.5,16.6,3.0,68.8,3.79,14.13,3.9,LANE_A,4500.0,44.0,90.7,CRUISE_LOITER,THAR_DESERT,5,0.5
1788614519.942,4961.5,2041.8,74.0,129.1,131.5,128.6,130.8,788.7,795.0,792.4,794.8,4.04,122.2,16.5,3.0,68.8,3.79,14.1,4.1,LANE_A,4500.0,44.0,90.8,CRUISE_LOITER,THAR_DESERT,5,0.5
1788614520.498,4948.9,2036.6,74.0,128.8,131.6,128.3,131.2,789.0,793.5,792.0,792.2,3.98,122.4,16.5,3.0,68.8,3.81,14.1,4.2,LANE_A,4500.0,44.0,90.9,CRUISE_LOITER,THAR_DESERT,5,0.5
1788614521.04,4938.2,2032.2,74.0,129.1,131.6,128.4,131.3,790.9,794.1,790.7,793.7,3.99,122.4,16.5,3.0,68.9,3.78,14.1,4.0,LANE_A,4500.0,44.0,90.9,CRUISE_LOITER,THAR_DESERT,5,0.5
1788614521.583,4946.1,2035.4,74.0,128.8,131.8,128.6,131.0,791.8,793.4,789.6,793.0,3.99,122.3,16.6,3.0,68.8,3.79,14.07,4.2,LANE_A,4500.0,44.0,91.0,CRUISE_LOITER,THAR_DESERT,5,0.5
1788614522.121,4954.2,2038.8,74.0,129.0,131.3,128.4,131.0,788.8,793.1,792.5,794.8,4.0,122.0,16.5,3.0,69.0,3.78,14.07,4.2,LANE_A,4500.0,44.0,91.1,CRUISE_LOITER,THAR_DESERT,5,0.5
1788614522.671,4927.4,2027.7,74.0,128.8,131.5,128.6,131.0,789.9,794.1,791.8,794.2,3.98,122.2,16.6,3.0,68.8,3.81,14.08,4.1,LANE_A,4500.0,44.0,91.1,CRUISE_LOITER,THAR_DESERT,5,0.5
1788614523.232,4971.9,2046.0,74.0,129.0,131.5,128.7,130.8,790.0,795.5,792.1,794.0,4.0,122.2,16.5,3.0,68.6,3.8,14.11,4.2,LANE_A,4500.0,44.0,91.2,CRUISE_LOITER,THAR_DESERT,5,0.5
1788614523.784,4990.6,2053.7,74.0,128.9,131.4,128.6,131.2,789.7,793.9,791.4,796.4,4.0,122.2,16.6,3.0,68.9,3.8,14.09,4.0,LANE_A,4500.0,44.0,91.3,CRUISE_LOITER,THAR_DESERT,5,0.5
1788614524.836,4912.8,2021.7,74.0,129.4,131.5,128.6,131.1,788.1,795.0,790.9,794.4,3.98,122.2,16.7,3.0,68.7,3.8,14.14,4.0,LANE_A,4500.0,44.0,91.4,CRUISE_LOITER,THAR_DESERT,5,0.5
1788614525.393,4953.1,2038.3,74.0,128.8,131.4,128.5,130.9,789.8,795.5,794.1,794.0,4.03,122.1,16.4,3.0,69.0,3.79,14.14,4.1,LANE_A,4500.0,44.0,91.4,CRUISE_LOITER,THAR_DESERT,5,0.5
1788614525.939,4945.5,2035.2,74.0,129.1,131.4,128.7,130.8,792.1,795.2,793.7,795.6,3.99,121.8,16.5,3.0,68.6,3.8,14.1,4.1,LANE_A,4500.0,44.0,91.5,CRUISE_LOITER,THAR_DESERT,5,0.5
1788614526.505,4933.6,2030.3,74.0,128.9,131.3,128.2,131.0,789.2,793.9,790.4,794.0,4.03,121.9,16.5,3.0,68.9,3.81,14.06,4.3,LANE_A,4500.0,44.0,91.6,CRUISE_LOITER,THAR_DESERT,5,0.5
1788614527.036,4947.9,2036.2,74.0,129.2,131.2,128.4,131.2,790.0,795.5,792.6,793.4,3.99,122.2,16.5,3.0,68.9,3.82,14.1,4.1,LANE_A,4500.0,44.0,91.6,CRUISE_LOITER,THAR_DESERT,5,0.5
1788614527.587,4961.0,2041.6,74.0,129.1,131.4,128.6,130.9,789.9,794.1,791.7,794.3,4.03,122.1,16.4,3.0,68.7,3.8,14.11,4.4,LANE_A,4500.0,44.0,91.7,CRUISE_LOITER,THAR_DESERT,5,0.5
1788614528.134,4925.6,2027.0,74.0,128.8,131.5,128.7,131.1,790.0,791.9,792.7,793.2,4.0,122.1,16.5,3.0,68.9,3.82,14.13,4.1,LANE_A,4500.0,44.0,91.8,CRUISE_LOITER,THAR_DESERT,5,0.5
1788614528.716,4967.6,2044.3,74.0,128.9,131.3,128.4,130.8,790.7,796.7,793.2,794.1,4.03,122.0,16.5,3.0,68.7,3.79,14.09,4.1,LANE_A,4500.0,44.0,91.9,CRUISE_LOITER,THAR_DESERT,5,0.5
1788614529.264,4968.7,2044.7,74.0,128.9,131.3,128.8,131.2,790.5,797.3,792.5,795.8,4.01,122.0,16.5,3.0,68.7,3.8,14.09,4.1,LANE_A,4500.0,44.0,91.9,CRUISE_LOITER,THAR_DESERT,5,0.5
1788614529.809,4954.1,2038.7,74.0,129.0,131.3,128.4,130.9,790.4,795.6,792.2,793.6,4.02,121.5,16.5,3.0,68.7,3.79,14.11,4.1,LANE_A,4500.0,44.0,92.0,CRUISE_LOITER,THAR_DESERT,5,0.5
1788614530.361,4939.9,2032.9,74.0,128.9,131.7,128.3,131.2,790.7,796.9,791.8,794.4,4.02,121.9,16.5,3.0,68.5,3.79,14.08,4.0,LANE_A,4500.0,44.0,92.1,CRUISE_LOITER,THAR_DESERT,5,0.5
1788614530.893,4941.5,2033.5,74.0,129.0,131.4,128.4,130.8,790.5,796.8,792.1,794.2,4.06,121.8,16.4,3.0,69.0,3.83,14.08,4.2,LANE_A,4500.0,44.0,92.2,CRUISE_LOITER,THAR_DESERT,5,0.5
1788614531.446,4928.4,2028.1,74.0,129.2,131.7,128.9,131.2,790.4,795.3,790.4,793.9,4.04,121.6,16.5,3.0,68.8,3.81,14.08,4.1,LANE_A,4500.0,44.0,92.2,CRUISE_LOITER,THAR_DESERT,5,0.5
1788614532.005,4935.9,2031.2,74.0,128.9,131.5,128.3,130.9,790.4,797.2,791.9,796.4,4.06,121.9,16.4,3.0,68.6,3.81,14.06,4.1,LANE_A,4500.0,44.0,92.3,CRUISE_LOITER,THAR_DESERT,5,0.5
1788614532.568,4971.9,2046.0,74.0,128.9,131.7,128.6,131.1,789.4,795.3,791.5,795.4,3.97,122.1,16.5,3.0,68.8,3.8,14.12,4.1,LANE_A,4500.0,44.0,92.4,CRUISE_LOITER,THAR_DESERT,5,0.5
1788614533.118,4963.1,2042.4,74.0,129.0,131.1,128.3,131.2,789.8,792.5,793.0,796.3,4.05,121.8,16.5,3.0,68.6,3.83,14.12,4.1,LANE_A,4500.0,44.0,92.5,CRUISE_LOITER,THAR_DESERT,5,0.5
1788614533.663,4958.9,2040.7,74.0,128.9,131.6,128.5,130.8,790.6,795.7,791.2,794.0,4.01,121.7,16.5,3.0,68.7,3.81,14.09,4.2,LANE_A,4500.0,44.0,92.5,CRUISE_LOITER,THAR_DESERT,5,0.5
1788614534.216,4972.6,2046.3,74.0,128.9,131.5,128.4,131.1,787.7,793.7,792.8,796.1,4.03,121.7,16.6,3.0,68.7,3.81,14.11,4.0,LANE_A,4500.0,44.0,92.6,CRUISE_LOITER,THAR_DESERT,5,0.5
1788614534.785,4940.6,2033.2,74.0,128.6,131.6,128.7,130.9,791.0,794.6,790.7,793.4,4.04,121.7,16.5,3.0,68.7,3.82,14.11,4.2,LANE_A,4500.0,44.0,92.7,CRUISE_LOITER,THAR_DESERT,5,0.5
1788614535.344,4952.2,2037.9,74.0,128.8,131.3,128.6,130.9,791.0,795.1,790.6,795.9,4.01,121.5,16.4,3.0,68.7,3.8,14.1,4.0,LANE_A,4500.0,44.0,92.8,CRUISE_LOITER,THAR_DESERT,5,0.5
1788614535.878,4968.8,2044.8,74.0,128.8,131.6,128.8,131.2,792.1,793.8,791.3,795.1,3.95,121.7,16.4,3.0,68.7,3.81,14.1,4.0,LANE_A,4500.0,44.0,92.8,CRUISE_LOITER,THAR_DESERT,5,0.5
1788614536.411,4965.6,2043.5,74.0,129.1,131.7,128.2,131.2,792.5,796.8,791.1,795.0,4.03,121.5,16.5,3.0,68.5,3.82,14.11,4.2,LANE_A,4500.0,44.0,92.9,CRUISE_LOITER,THAR_DESERT,5,0.5
1788614536.941,4959.5,2040.9,74.0,129.2,131.3,128.7,131.1,791.1,794.8,791.6,794.1,3.97,121.8,16.4,3.0,68.4,3.81,14.05,4.1,LANE_A,4500.0,44.0,93.0,CRUISE_LOITER,THAR_DESERT,5,0.5
1788614537.469,4948.7,2036.5,74.0,129.0,131.6,128.6,131.2,792.3,795.8,791.2,796.4,3.97,121.7,16.5,3.0,68.7,3.8,14.08,4.1,LANE_A,4500.0,44.0,93.1,CRUISE_LOITER,THAR_DESERT,5,0.5
1788614537.996,4961.0,2041.6,74.0,129.0,131.4,128.3,131.4,788.8,794.8,791.8,794.7,4.0,121.8,16.6,3.0,68.7,3.79,14.11,4.2,LANE_A,4500.0,44.0,93.2,CRUISE_LOITER,THAR_DESERT,5,0.5
1788614538.539,4957.4,2040.1,74.0,128.8,131.7,128.7,130.8,790.7,794.7,791.6,796.2,4.0,121.4,16.6,3.0,68.6,3.79,14.06,4.0,LANE_A,4500.0,44.0,93.2,CRUISE_LOITER,THAR_DESERT,5,0.5
1788614539.085,4920.3,2024.8,74.0,128.8,131.2,128.3,130.9,789.2,796.8,791.4,796.6,4.01,121.8,16.6,3.0,68.5,3.81,14.09,4.1,LANE_A,4500.0,44.0,93.3,CRUISE_LOITER,THAR_DESERT,5,0.5
1788614539.619,4931.0,2029.2,74.0,129.2,131.8,128.5,131.1,790.3,793.9,791.8,792.5,3.97,121.3,16.5,3.0,68.8,3.79,14.1,4.1,LANE_A,4500.0,44.0,93.4,CRUISE_LOITER,THAR_DESERT,5,0.5
1788614540.173,4955.8,2039.4,74.0,128.8,131.7,128.6,131.2,791.2,793.5,790.9,794.1,4.04,121.7,16.6,3.0,68.5,3.82,14.1,4.0,LANE_A,4500.0,44.0,93.5,CRUISE_LOITER,THAR_DESERT,5,0.5
1788614540.714,4931.9,2029.6,74.0,129.2,131.8,128.7,131.0,788.9,793.3,793.1,796.4,3.98,121.6,16.6,3.0,68.5,3.79,14.1,4.1,LANE_A,4500.0,44.0,93.5,CRUISE_LOITER,THAR_DESERT,5,0.5
1788614541.251,4948.2,2036.3,74.0,128.8,131.4,128.5,131.1,790.3,795.1,793.7,796.8,4.02,121.5,16.4,3.0,68.6,3.79,14.12,4.1,LANE_A,4500.0,44.0,93.6,CRUISE_LOITER,THAR_DESERT,5,0.5
1788614541.788,4954.1,2038.7,74.0,129.1,131.4,128.7,131.1,788.6,794.7,790.1,793.1,3.99,121.7,16.4,3.0,68.8,3.81,14.09,4.0,LANE_A,4500.0,44.0,93.7,CRUISE_LOITER,THAR_DESERT,5,0.5
1788614542.338,4957.6,2040.2,74.0,128.8,131.7,128.6,131.2,790.8,793.2,793.3,795.1,4.05,121.4,16.4,3.0,68.6,3.8,14.1,4.1,LANE_A,4500.0,44.0,93.8,CRUISE_LOITER,THAR_DESERT,5,0.5
1788614542.971,4966.6,2043.9,74.0,128.8,131.1,128.2,130.9,790.9,796.1,789.8,794.7,4.01,121.2,16.4,3.0,68.5,3.8,14.1,4.1,LANE_A,4500.0,44.0,93.9,CRUISE_LOITER,THAR_DESERT,5,0.5
1788614543.597,4939.4,2032.7,74.0,128.8,131.5,128.4,130.8,788.1,795.3,791.6,793.6,4.03,121.3,16.5,3.0,68.7,3.81,14.06,4.0,LANE_A,4500.0,44.0,93.9,CRUISE_LOITER,THAR_DESERT,5,0.5
1788614544.161,4953.2,2038.4,74.0,128.9,131.8,128.5,131.1,792.0,793.8,792.8,793.1,4.06,121.4,16.4,3.0,68.4,3.8,14.12,4.1,LANE_A,4500.0,44.0,94.0,CRUISE_LOITER,THAR_DESERT,5,0.5
1788614545.247,4975.1,2047.4,74.0,128.8,131.6,128.7,130.9,789.5,795.1,790.5,795.2,4.01,121.3,16.5,3.0,68.4,3.8,14.1,4.1,LANE_A,4500.0,44.0,94.1,CRUISE_LOITER,THAR_DESERT,5,0.5
1788614545.752,4948.1,2036.3,74.0,129.1,131.2,128.3,131.1,789.2,793.8,792.2,795.4,4.03,121.2,16.4,3.0,68.6,3.8,14.11,4.2,LANE_A,4500.0,44.0,94.2,CRUISE_LOITER,THAR_DESERT,5,0.5
1788614546.28,4971.2,2045.8,74.0,129.4,131.7,128.2,130.5,789.7,795.7,791.3,796.5,3.99,121.0,16.6,3.0,68.7,3.83,14.09,4.2,LANE_A,4500.0,44.0,94.3,CRUISE_LOITER,THAR_DESERT,5,0.5
1788614546.898,4931.1,2029.3,74.0,129.1,131.2,128.3,131.1,792.1,796.4,791.1,794.8,4.0,121.3,16.6,3.0,68.7,3.82,14.11,4.0,LANE_A,4500.0,44.0,94.3,CRUISE_LOITER,THAR_DESERT,5,0.5
1788614547.4,4938.3,2032.2,74.0,129.1,131.6,128.4,130.9,791.2,794.6,790.6,795.6,4.08,121.6,16.5,3.0,68.7,3.8,14.13,4.2,LANE_A,4500.0,44.0,94.4,CRUISE_LOITER,THAR_DESERT,5,0.5
1788614547.908,4953.5,2038.5,74.0,129.2,131.7,128.3,131.1,791.2,794.6,792.9,796.2,4.04,121.1,16.5,3.0,68.5,3.79,14.1,4.1,LANE_A,4500.0,44.0,94.5,CRUISE_LOITER,THAR_DESERT,5,0.5
1788614548.417,4921.1,2025.1,74.0,128.8,131.4,128.4,131.2,789.3,795.7,793.2,797.3,4.07,121.3,16.5,3.0,68.6,3.79,14.11,4.2,LANE_A,4500.0,44.0,94.6,CRUISE_LOITER,THAR_DESERT,5,0.5
1788614548.926,4956.6,2039.8,74.0,128.9,131.8,128.5,131.2,792.1,794.1,792.3,794.9,3.99,121.1,16.5,3.0,68.5,3.83,14.08,4.0,LANE_A,4500.0,44.0,94.7,CRUISE_LOITER,THAR_DESERT,5,0.5
1788614549.434,4963.9,2042.8,74.0,128.8,131.7,128.4,130.9,789.8,794.2,789.9,795.1,4.03,121.3,16.3,3.0,68.4,3.81,14.09,4.1,LANE_A,4500.0,44.0,94.7,CRUISE_LOITER,THAR_DESERT,5,0.5
