TIMESTAMP_SEC,ENGINE_RPM,PROP_RPM,TPS,CHT_1,CHT_2,CHT_3,CHT_4,EGT_1,EGT_2,EGT_3,EGT_4,OIL_PRESS,OIL_TEMP,FUEL_FLOW,FUEL_RAIL_P,MAP,VIB_GEARBOX_RMS,BUS_VOLTAGE,BATTERY_CURRENT,FADEC_ACTIVE_LANE,ALTITUDE_FT,OAT_C,TAS_KNOTS,FLIGHT_PHASE,THEATER,DIAG_FAULT_ID,HEALTH_INDEX
1788361007.384,5157.4,2122.4,72.0,87.9,90.1,87.2,89.8,781.5,785.6,783.2,785.0,4.69,66.6,12.7,3.0,43.7,0.7,14.12,4.1,LANE_A,20000.0,-22.0,88.0,CRUISE_LOITER,LADAKH,0,1.0
1788361007.89,5169.9,2127.5,72.0,87.9,90.0,87.2,90.2,779.5,783.7,781.7,784.5,4.77,66.5,12.7,3.0,43.7,0.73,14.13,4.0,LANE_A,20000.0,-22.0,88.1,CRUISE_LOITER,LADAKH,0,1.0
1788361008.398,5156.1,2121.9,72.0,87.6,90.2,87.3,90.0,781.9,785.6,781.2,783.5,4.83,66.8,12.4,3.0,43.8,0.72,14.11,4.1,LANE_A,20000.0,-22.0,88.1,CRUISE_LOITER,LADAKH,0,1.0
1788361009.095,5140.7,2115.5,72.0,87.7,90.4,87.3,89.9,781.1,783.8,781.5,787.6,4.77,66.6,12.4,3.0,43.6,0.7,14.11,4.2,LANE_A,20000.0,-22.0,88.2,CRUISE_LOITER,LADAKH,0,1.0
1788361009.592,5154.8,2121.3,72.0,87.7,90.0,87.0,89.7,778.4,786.2,783.2,786.4,4.76,66.5,12.5,3.0,43.8,0.74,14.09,3.9,LANE_A,20000.0,-22.0,88.2,CRUISE_LOITER,LADAKH,0,1.0
1788361010.099,5158.9,2123.0,72.0,87.9,90.1,87.2,89.9,779.0,786.4,781.3,785.4,4.74,66.7,12.5,3.0,43.8,0.74,14.12,4.1,LANE_A,20000.0,-22.0,88.3,CRUISE_LOITER,LADAKH,0,1.0
1788361010.605,5129.6,2110.9,72.0,87.5,90.4,87.3,89.5,780.5,785.8,781.3,786.5,4.8,66.5,12.4,3.0,43.7,0.73,14.1,4.0,LANE_A,20000.0,-22.0,88.3,CRUISE_LOITER,LADAKH,0,1.0
1788361011.112,5147.7,2118.4,72.0,87.6,90.0,86.6,89.8,782.5,786.6,783.4,784.8,4.74,66.4,12.5,3.0,43.6,0.73,14.1,3.9,LANE_A,20000.0,-22.0,88.4,CRUISE_LOITER,LADAKH,0,1.0
1788361011.619,5151.6,2120.0,72.0,87.5,90.3,87.0,89.4,781.8,786.3,781.9,785.8,4.79,66.5,12.5,3.0,43.8,0.72,14.09,4.1,LANE_A,20000.0,-22.0,88.4,CRUISE_LOITER,LADAKH,0,1.0
1788361012.129,5146.9,2118.1,72.0,87.5,90.0,86.8,89.6,780.7,783.2,783.4,783.9,4.75,66.4,12.5,3.0,43.6,0.72,14.06,4.0,LANE_A,20000.0,-22.0,88.5,CRUISE_LOITER,LADAKH,0,1.0
1788361012.651,5152.4,2120.3,72.0,87.7,90.1,86.7,89.6,782.3,783.6,781.1,784.0,4.8,66.4,12.4,3.0,43.5,0.72,14.05,4.1,LANE_A,20000.0,-22.0,88.5,CRUISE_LOITER,LADAKH,0,1.0
1788361013.242,5146.0,2117.7,72.0,87.3,90.1,86.5,89.5,781.1,784.0,781.9,782.6,4.79,66.2,12.6,3.0,43.6,0.75,14.1,4.1,LANE_A,20000.0,-22.0,88.6,CRUISE_LOITER,LADAKH,0,1.0
1788361013.754,5183.9,2133.3,72.0,87.6,90.1,87.1,89.1,780.9,786.0,782.8,783.7,4.85,66.3,12.6,3.0,43.5,0.71,14.1,3.9,LANE_A,20000.0,-22.0,88.6,CRUISE_LOITER,LADAKH,0,1.0
1788361014.267,5170.9,2128.0,72.0,87.9,89.8,87.0,89.3,780.8,787.0,781.9,784.6,4.71,66.1,12.6,3.0,43.7,0.73,14.09,4.1,LANE_A,20000.0,-22.0,88.7,CRUISE_LOITER,LADAKH,0,1.0
1788361014.895,5155.9,2121.8,72.0,87.6,89.9,86.9,89.5,779.5,786.2,781.5,788.4,4.79,66.1,12.5,3.0,43.6,0.73,14.07,4.2,LANE_A,20000.0,-22.0,88.7,CRUISE_LOITER,LADAKH,0,1.0
1788361015.46,5156.4,2122.0,72.0,87.4,89.9,86.9,89.4,780.5,784.3,784.5,784.1,4.79,66.1,12.7,3.0,43.7,0.73,14.08,3.9,LANE_A,20000.0,-22.0,88.8,CRUISE_LOITER,LADAKH,0,1.0
1788361015.98,5132.8,2112.2,72.0,87.5,89.8,86.7,89.1,780.9,785.5,783.4,787.0,4.78,66.2,12.6,3.0,43.5,0.69,14.13,4.2,LANE_A,20000.0,-22.0,88.8,CRUISE_LOITER,LADAKH,0,1.0
1788361016.463,5164.0,2125.1,72.0,87.3,89.8,87.0,89.5,779.6,784.8,784.2,783.6,4.79,66.1,12.7,3.0,43.3,0.69,14.1,4.0,LANE_A,20000.0,-22.0,88.9,CRUISE_LOITER,LADAKH,0,1.0
1788361016.97,5156.1,2121.8,72.0,86.9,89.5,86.6,89.4,782.1,786.3,782.2,783.7,4.76,66.1,12.5,3.0,43.8,0.73,14.12,4.1,LANE_A,20000.0,-22.0,88.9,CRUISE_LOITER,LADAKH,0,1.0
1788361017.478,5159.6,2123.3,72.0,87.5,89.8,86.8,89.2,778.9,783.9,784.3,787.0,4.79,66.0,12.6,3.0,43.5,0.71,14.09,4.0,LANE_A,20000.0,-22.0,89.0,CRUISE_LOITER,LADAKH,0,1.0
1788361017.99,5156.7,2122.1,72.0,86.9,90.1,86.7,89.3,779.8,784.5,783.3,786.1,4.73,66.4,12.4,3.0,43.7,0.7,14.07,4.1,LANE_A,20000.0,-22.0,89.0,CRUISE_LOITER,LADAKH,0,1.0
1788361018.498,5128.2,2110.4,72.0,87.5,89.8,86.4,89.2,779.7,785.8,783.0,784.5,4.79,65.9,12.5,3.0,43.6,0.71,14.12,4.1,LANE_A,20000.0,-22.0,89.1,CRUISE_LOITER,LADAKH,0,1.0
1788361019.009,5155.3,2121.5,72.0,87.0,89.7,86.8,89.4,780.4,785.8,782.4,785.8,4.77,66.3,12.5,3.0,43.6,0.72,14.07,4.0,LANE_A,20000.0,-22.0,89.1,CRUISE_LOITER,LADAKH,0,1.0
1788361019.517,5160.7,2123.7,72.0,86.7,89.8,86.7,89.4,781.8,785.4,782.6,784.8,4.8,66.2,12.5,3.0,43.6,0.72,14.1,4.1,LANE_A,20000.0,-22.0,89.2,CRUISE_LOITER,LADAKH,0,1.0
1788361020.06,5126.0,2109.5,72.0,87.2,89.5,86.5,88.9,780.2,785.7,781.1,784.8,4.76,65.9,12.5,3.0,43.4,0.71,14.1,4.2,LANE_A,20000.0,-22.0,89.2,CRUISE_LOITER,LADAKH,0,1.0
1788361020.54,5172.7,2128.7,72.0,87.2,89.2,86.5,89.1,779.9,783.1,782.4,784.7,4.78,66.2,12.5,3.0,43.2,0.73,14.09,3.8,LANE_A,20000.0,-22.0,89.3,CRUISE_LOITER,LADAKH,0,1.0
1788361021.071,5128.4,2110.4,72.0,87.0,89.2,86.5,89.2,780.0,785.6,782.5,787.2,4.75,65.8,12.3,3.0,43.4,0.75,14.11,4.0,LANE_A,20000.0,-22.0,89.3,CRUISE_LOITER,LADAKH,0,1.0
1788361021.745,5156.6,2122.1,72.0,86.8,89.7,86.2,89.0,781.1,785.8,781.4,784.3,4.79,66.1,12.6,3.0,43.5,0.72,14.11,4.0,LANE_A,20000.0,-22.0,89.4,CRUISE_LOITER,LADAKH,0,1.0
1788361022.347,5166.4,2126.1,72.0,87.0,89.6,86.6,89.0,783.0,785.8,783.9,788.9,4.75,65.7,12.4,3.0,43.5,0.73,14.09,4.1,LANE_A,20000.0,-22.0,89.4,CRUISE_LOITER,LADAKH,0,1.0
1788361023.167,5170.5,2127.8,72.0,87.0,89.6,86.3,89.0,779.8,788.0,783.0,785.7,4.8,65.9,12.7,3.0,43.4,0.72,14.1,4.0,LANE_A,20000.0,-22.0,89.5,CRUISE_LOITER,LADAKH,0,1.0
1788361023.689,5145.8,2117.6,72.0,87.1,89.5,86.4,89.0,781.7,785.1,782.2,787.1,4.82,65.7,12.5,3.0,43.5,0.7,14.13,4.1,LANE_A,20000.0,-22.0,89.5,CRUISE_LOITER,LADAKH,0,1.0
1788361025.244,5152.1,2120.2,72.0,86.7,89.3,86.6,89.0,779.0,786.2,782.5,786.4,4.74,65.9,12.6,3.0,43.4,0.72,14.05,4.2,LANE_A,20000.0,-22.0,89.6,CRUISE_LOITER,LADAKH,0,1.0
1788361025.737,5161.6,2124.1,72.0,86.5,89.6,86.6,88.9,780.7,785.3,782.0,784.9,4.77,65.9,12.5,3.0,43.5,0.74,14.09,4.0,LANE_A,20000.0,-22.0,89.6,CRUISE_LOITER,LADAKH,0,1.0
1788361026.251,5165.8,2125.9,72.0,87.1,89.6,86.6,88.8,779.3,786.3,783.0,786.0,4.78,65.9,12.6,3.0,43.4,0.72,14.08,4.0,LANE_A,20000.0,-22.0,89.7,CRUISE_LOITER,LADAKH,0,1.0
1788361026.778,5151.8,2120.1,72.0,86.9,89.2,86.3,89.1,779.1,786.6,781.8,784.6,4.82,65.7,12.4,3.0,43.3,0.73,14.1,3.9,LANE_A,20000.0,-22.0,89.7,CRUISE_LOITER,LADAKH,0,1.0
1788361027.313,5164.2,2125.2,72.0,86.3,89.2,86.2,88.8,779.0,785.4,782.8,785.8,4.81,65.9,12.4,3.0,43.4,0.71,14.11,3.9,LANE_A,20000.0,-22.0,89.8,CRUISE_LOITER,LADAKH,0,1.0
1788361027.88,5196.5,2138.5,72.0,86.7,89.3,86.1,89.0,780.8,782.8,783.6,782.9,4.81,65.6,12.4,3.0,43.3,0.7,14.06,3.8,LANE_A,20000.0,-22.0,89.8,CRUISE_LOITER,LADAKH,0,1.0
1788361029.269,5153.2,2120.7,72.0,87.0,89.5,86.2,88.8,780.3,783.5,782.8,783.5,4.75,65.5,12.5,3.0,43.4,0.73,14.1,4.0,LANE_A,20000.0,-22.0,89.9,CRUISE_LOITER,LADAKH,0,1.0
1788361029.762,5167.6,2126.6,72.0,86.8,89.2,86.5,88.8,779.3,785.4,780.6,786.3,4.79,65.4,12.5,3.0,43.4,0.72,14.11,4.0,LANE_A,20000.0,-22.0,89.9,CRUISE_LOITER,LADAKH,0,1.0
1788361030.268,5163.6,2124.9,72.0,86.8,88.7,86.3,88.6,778.7,785.1,781.4,787.1,4.8,65.7,12.4,3.0,43.3,0.72,14.09,4.0,LANE_A,20000.0,-22.0,89.9,CRUISE_LOITER,LADAKH,0,1.0
1788361030.774,5164.2,2125.2,72.0,86.4,89.1,86.1,88.7,779.2,784.3,781.5,782.1,4.8,65.6,12.4,3.0,43.2,0.73,14.08,3.9,LANE_A,20000.0,-22.0,90.0,CRUISE_LOITER,LADAKH,0,1.0
1788361031.282,5158.3,2122.8,72.0,86.7,89.2,85.8,88.4,779.1,785.4,781.0,786.7,4.75,65.6,12.4,3.0,43.0,0.71,14.1,4.1,LANE_A,20000.0,-22.0,90.0,CRUISE_LOITER,LADAKH,0,1.0
1788361031.79,5164.1,2125.2,72.0,86.7,89.3,85.9,88.8,779.9,784.9,782.3,784.4,4.76,65.7,12.3,3.0,43.4,0.7,14.07,3.9,LANE_A,20000.0,-22.0,90.1,CRUISE_LOITER,LADAKH,0,1.0
1788361032.3,5174.3,2129.3,72.0,86.3,89.3,86.2,88.8,779.4,785.7,783.5,786.4,4.83,65.5,12.3,3.0,43.1,0.73,14.06,4.0,LANE_A,20000.0,-22.0,90.1,CRUISE_LOITER,LADAKH,0,1.0
1788361033.073,5165.8,2125.8,72.0,86.3,89.1,86.2,88.9,780.0,785.7,783.4,783.7,4.75,65.6,12.5,3.0,43.3,0.74,14.09,3.9,LANE_A,20000.0,-22.0,90.2,CRUISE_LOITER,LADAKH,0,1.0
1788361033.568,5172.4,2128.6,72.0,86.3,88.9,85.9,88.7,781.3,786.9,781.3,785.2,4.81,65.6,12.5,3.0,43.4,0.71,14.1,4.1,LANE_A,20000.0,-22.0,90.2,CRUISE_LOITER,LADAKH,0,1.0
1788361034.082,5163.8,2125.0,72.0,86.8,89.2,85.8,88.7,781.4,784.2,782.9,784.3,4.74,65.4,12.4,3.0,43.2,0.72,14.08,4.1,LANE_A,20000.0,-22.0,90.3,CRUISE_LOITER,LADAKH,0,1.0
1788361034.61,5174.3,2129.3,72.0,86.5,88.9,85.8,88.1,780.2,785.7,782.2,785.6,4.75,65.7,12.5,3.0,43.1,0.74,14.08,4.1,LANE_A,20000.0,-22.0,90.3,CRUISE_LOITER,LADAKH,0,1.0
1788361035.107,5151.2,2119.8,72.0,86.2,89.2,86.1,88.6,779.0,786.8,779.8,785.7,4.77,65.2,12.4,3.0,42.8,0.73,14.13,4.0,LANE_A,20000.0,-22.0,90.4,CRUISE_LOITER,LADAKH,0,1.0
1788361035.617,5153.9,2120.9,72.0,86.5,89.1,85.9,88.3,777.1,784.9,781.4,784.6,4.75,65.5,12.3,3.0,43.0,0.74,14.1,4.2,LANE_A,20000.0,-22.0,90.4,CRUISE_LOITER,LADAKH,0,1.0
1788361036.124,5157.1,2122.3,72.0,86.4,89.0,85.8,88.5,780.5,783.2,782.7,785.8,4.79,65.4,12.5,3.0,43.3,0.72,14.09,4.1,LANE_A,20000.0,-22.0,90.4,CRUISE_LOITER,LADAKH,0,1.0
1788361036.633,5161.7,2124.2,72.0,86.4,89.1,85.8,88.4,776.4,784.3,781.3,784.2,4.82,65.4,12.3,3.0,43.3,0.71,14.09,4.1,LANE_A,20000.0,-22.0,90.5,CRUISE_LOITER,LADAKH,0,1.0
1788361037.14,5160.8,2123.8,72.0,86.2,89.1,85.6,88.5,779.1,785.8,784.4,784.8,4.85,65.1,12.4,3.0,43.0,0.74,14.08,4.0,LANE_A,20000.0,-22.0,90.5,CRUISE_LOITER,LADAKH,0,1.0
1788361037.66,5187.4,2134.7,72.0,86.2,89.1,86.0,88.3,780.8,784.8,783.0,783.8,4.79,65.4,12.4,3.0,43.3,0.71,14.12,3.9,LANE_A,20000.0,-22.0,90.6,CRUISE_LOITER,LADAKH,0,1.0
1788361038.161,5169.4,2127.3,72.0,86.4,88.6,85.8,88.2,777.1,784.1,781.1,784.8,4.83,65.2,12.4,3.0,43.1,0.72,14.11,4.0,LANE_A,20000.0,-22.0,90.6,CRUISE_LOITER,LADAKH,0,1.0
1788361038.666,5154.1,2121.0,72.0,86.0,88.5,85.9,88.3,781.2,785.0,781.2,785.9,4.79,65.2,12.4,3.0,43.1,0.72,14.08,4.1,LANE_A,20000.0,-22.0,90.7,CRUISE_LOITER,LADAKH,0,1.0
1788361039.176,5157.8,2122.6,72.0,86.3,88.7,85.9,88.3,777.8,784.9,780.7,782.0,4.78,65.2,12.5,3.0,43.0,0.71,14.14,4.0,LANE_A,20000.0,-22.0,90.7,CRUISE_LOITER,LADAKH,0,1.0
1788361039.682,5168.9,2127.1,72.0,86.3,88.5,85.8,88.3,778.9,784.6,780.2,783.4,4.78,65.3,12.4,3.0,43.1,0.71,14.06,4.0,LANE_A,20000.0,-22.0,90.7,CRUISE_LOITER,LADAKH,0,1.0
1788361040.193,5154.9,2121.4,72.0,86.1,88.9,85.5,88.6,781.2,785.5,780.0,784.6,4.78,65.0,12.4,3.0,43.1,0.71,14.06,3.9,LANE_A,20000.0,-22.0,90.8,CRUISE_LOITER,LADAKH,0,1.0
1788361040.702,5182.2,2132.6,72.0,86.3,88.8,85.5,88.3,779.2,784.5,782.3,784.7,4.83,65.3,12.3,3.0,43.0,0.72,14.08,4.0,LANE_A,20000.0,-22.0,90.8,CRUISE_LOITER,LADAKH,0,1.0
1788361041.209,5175.2,2129.7,72.0,86.3,88.5,85.5,88.2,779.1,785.4,782.6,785.9,4.81,65.0,12.5,3.0,42.9,0.74,14.08,4.1,LANE_A,20000.0,-22.0,90.9,CRUISE_LOITER,LADAKH,0,1.0
1788361041.724,5157.5,2122.4,72.0,86.0,88.8,85.5,88.2,779.9,784.0,782.0,783.6,4.83,65.2,12.4,3.0,43.0,0.7,14.1,3.9,LANE_A,20000.0,-22.0,90.9,CRUISE_LOITER,LADAKH,0,1.0
1788361042.225,5150.8,2119.7,72.0,86.1,88.4,85.5,87.9,779.1,782.6,779.0,785.0,4.78,65.1,12.3,3.0,43.2,0.72,14.08,3.9,LANE_A,20000.0,-22.0,90.9,CRUISE_LOITER,LADAKH,0,1.0
1788361042.732,5175.6,2129.9,72.0,86.1,88.4,85.4,87.9,780.9,785.0,782.3,784.3,4.79,65.1,12.4,3.0,43.0,0.73,14.11,4.0,LANE_A,20000.0,-22.0,91.0,CRUISE_LOITER,LADAKH,0,1.0
1788361043.251,5165.7,2125.8,72.0,86.2,88.5,85.7,88.1,779.9,785.0,782.5,783.6,4.8,65.1,12.4,3.0,42.9,0.72,14.08,4.1,LANE_A,20000.0,-22.0,91.0,CRUISE_LOITER,LADAKH,0,1.0
1788361043.75,5161.2,2124.0,72.0,85.9,88.3,85.4,87.9,780.3,784.1,780.9,784.3,4.84,64.7,12.4,3.0,42.9,0.73,14.12,4.2,LANE_A,20000.0,-22.0,91.1,CRUISE_LOITER,LADAKH,0,1.0
1788361044.266,5166.5,2126.1,72.0,85.6,88.6,85.4,88.0,778.7,786.4,779.4,783.4,4.76,64.8,12.5,3.0,42.9,0.71,14.09,3.9,LANE_A,20000.0,-22.0,91.1,CRUISE_LOITER,LADAKH,0,1.0
1788361044.774,5163.6,2124.9,72.0,86.0,88.3,85.5,87.9,777.5,781.4,780.6,784.4,4.79,64.7,12.4,3.0,43.0,0.71,14.12,4.1,LANE_A,20000.0,-22.0,91.1,CRUISE_LOITER,LADAKH,0,1.0
1788361045.28,5161.7,2124.2,72.0,85.9,88.8,85.7,87.8,778.7,783.9,784.3,787.0,4.79,65.0,12.4,3.0,43.0,0.71,14.11,4.0,LANE_A,20000.0,-22.0,91.2,CRUISE_LOITER,LADAKH,0,1.0
1788361045.786,5162.3,2124.4,72.0,85.8,88.8,85.6,87.6,780.6,785.3,782.2,784.7,4.81,65.1,12.4,3.0,43.0,0.71,14.09,3.9,LANE_A,20000.0,-22.0,91.2,CRUISE_LOITER,LADAKH,0,1.0
1788361046.303,5151.9,2120.1,72.0,86.2,88.4,85.4,88.1,780.0,785.7,780.3,783.5,4.82,65.0,12.5,3.0,42.9,0.73,14.12,4.1,LANE_A,20000.0,-22.0,91.3,CRUISE_LOITER,LADAKH,0,1.0
1788361046.856,5166.1,2126.0,72.0,85.8,88.1,85.7,88.0,778.9,784.0,782.5,784.4,4.81,64.7,12.3,3.0,43.0,0.75,14.1,4.1,LANE_A,20000.0,-22.0,91.3,CRUISE_LOITER,LADAKH,0,1.0
1788361047.358,5168.4,2126.9,72.0,86.1,88.2,85.2,87.9,780.0,783.7,782.0,784.8,4.82,64.7,12.3,3.0,42.8,0.71,14.11,4.1,LANE_A,20000.0,-22.0,91.3,CRUISE_LOITER,LADAKH,0,1.0
1788361047.865,5176.3,2130.2,72.0,85.7,88.1,85.2,87.5,779.8,784.3,781.3,783.7,4.79,64.9,12.4,3.0,42.7,0.73,14.11,4.0,LANE_A,20000.0,-22.0,91.4,CRUISE_LOITER,LADAKH,0,1.0
1788361048.372,5168.9,2127.1,72.0,85.9,88.4,85.4,88.0,780.1,784.3,781.2,784.7,4.8,64.6,12.4,3.0,42.7,0.74,14.09,4.0,LANE_A,20000.0,-22.0,91.4,CRUISE_LOITER,LADAKH,0,1.0
1788361048.852,5170.1,2127.6,72.0,85.8,88.2,85.3,87.8,780.9,785.8,780.5,785.1,4.75,64.8,12.4,3.0,42.6,0.74,14.1,4.1,LANE_A,20000.0,-22.0,91.4,CRUISE_LOITER,LADAKH,0,1.0
1788361049.362,5139.6,2115.1,72.0,85.4,88.1,85.7,87.8,778.6,785.9,781.8,785.8,4.78,64.4,12.3,3.0,42.7,0.71,14.1,3.9,LANE_A,20000.0,-22.0,91.5,CRUISE_LOITER,LADAKH,0,1.0
1788361049.81,5188.5,2135.2,72.0,85.5,88.2,85.0,87.4,778.2,784.9,784.7,782.8,4.77,64.6,12.3,3.0,42.7,0.73,14.09,3.9,LANE_A,20000.0,-22.0,91.5,CRUISE_LOITER,LADAKH,0,1.0
1788361050.314,5160.3,2123.6,72.0,85.9,87.8,85.1,87.5,780.8,787.2,783.6,786.2,4.82,64.8,12.5,3.0,43.0,0.7,14.11,4.1,LANE_A,20000.0,-22.0,91.6,CRUISE_LOITER,LADAKH,0,1.0
1788361050.838,5174.4,2129.4,72.0,85.4,88.2,85.2,87.4,778.9,784.9,780.4,783.8,4.8,64.8,12.5,3.0,42.7,0.72,14.11,3.7,LANE_A,20000.0,-22.0,91.6,CRUISE_LOITER,LADAKH,0,1.0
1788361051.352,5179.8,2131.6,72.0,85.8,88.0,85.0,87.2,780.2,785.4,782.0,785.0,4.78,64.4,12.4,3.0,43.0,0.71,14.09,4.1,LANE_A,20000.0,-22.0,91.6,CRUISE_LOITER,LADAKH,0,1.0
1788361051.851,5175.6,2129.9,72.0,85.8,87.9,85.2,87.6,779.6,784.8,780.1,785.1,4.86,64.8,12.3,3.0,42.9,0.75,14.1,4.0,LANE_A,20000.0,-22.0,91.7,CRUISE_LOITER,LADAKH,0,1.0
1788361052.358,5175.8,2130.0,72.0,85.7,87.8,85.0,88.0,776.1,783.7,782.2,785.7,4.86,64.5,12.5,3.0,43.0,0.72,14.08,4.0,LANE_A,20000.0,-22.0,91.7,CRUISE_LOITER,LADAKH,0,1.0
1788361052.866,5183.4,2133.1,72.0,85.2,87.8,84.6,87.7,776.6,782.0,782.0,784.1,4.75,64.4,12.5,3.0,42.6,0.72,14.11,3.9,LANE_A,20000.0,-22.0,91.7,CRUISE_LOITER,LADAKH,0,1.0
1788361053.377,5164.1,2125.1,72.0,85.3,88.2,85.1,87.4,781.1,788.6,782.3,783.9,4.79,64.6,12.4,3.0,42.8,0.71,14.11,4.1,LANE_A,20000.0,-22.0,91.8,CRUISE_LOITER,LADAKH,0,1.0
1788361053.885,5170.9,2127.9,72.0,85.5,87.8,85.1,87.5,779.4,784.8,784.5,785.8,4.82,64.2,12.5,3.0,42.9,0.73,14.1,3.9,LANE_A,20000.0,-22.0,91.8,CRUISE_LOITER,LADAKH,0,1.0
1788361054.392,5187.5,2134.8,72.0,85.5,90.5,84.8,87.7,776.6,786.8,782.4,784.0,4.84,65.1,12.4,3.0,42.7,0.74,14.1,4.1,LANE_A,20000.0,-22.0,91.8,CRUISE_LOITER,LADAKH,1,0.96
1788361054.888,5161.1,2123.9,72.0,85.1,93.5,85.0,88.1,778.0,787.6,783.5,783.1,4.86,66.0,12.3,3.0,42.8,0.7,14.09,4.0,LANE_A,20000.0,-22.0,91.9,CRUISE_LOITER,LADAKH,1,0.89
1788361055.401,5174.7,2129.5,72.0,85.2,97.1,84.6,88.2,779.0,792.2,780.8,784.5,4.81,66.5,12.4,3.0,42.6,0.72,14.07,4.0,LANE_A,20000.0,-22.0,91.9,CRUISE_LOITER,LADAKH,1,0.83
1788361055.923,5162.0,2124.3,72.0,85.3,100.1,84.8,88.7,780.9,793.1,780.8,785.1,4.78,67.6,12.4,3.0,42.7,0.73,14.11,4.0,LANE_A,20000.0,-22.0,91.9,CRUISE_LOITER,LADAKH,1,0.77
1788361056.434,5167.3,2126.5,72.0,85.5,103.5,84.9,89.0,778.5,794.1,782.3,786.2,4.84,68.8,12.4,3.0,42.7,0.73,14.1,4.3,LANE_A,20000.0,-22.0,91.9,CRUISE_LOITER,LADAKH,1,0.71
1788361056.94,5181.7,2132.4,72.0,85.5,106.8,84.4,89.1,779.6,796.2,781.0,784.7,4.82,69.7,12.3,3.0,42.8,0.72,14.11,4.1,LANE_A,20000.0,-22.0,92.0,CRUISE_LOITER,LADAKH,1,0.64
1788361057.449,5164.3,2125.2,72.0,85.5,110.1,84.7,89.5,780.4,796.9,783.9,783.1,4.84,70.0,12.5,3.0,42.5,0.72,14.12,4.0,LANE_A,20000.0,-22.0,92.0,CRUISE_LOITER,LADAKH,1,0.58
1788361057.948,5176.5,2130.2,72.0,85.3,113.2,85.1,89.8,779.8,800.2,782.1,782.7,4.84,71.0,12.3,3.0,42.8,0.72,14.09,3.9,LANE_A,20000.0,-22.0,92.0,CRUISE_LOITER,LADAKH,1,0.52
1788361058.461,5173.6,2129.0,72.0,85.5,116.9,84.7,90.4,779.5,801.7,779.6,783.7,4.84,72.0,12.3,3.0,42.6,0.72,14.07,4.0,LANE_A,20000.0,-22.0,92.1,CRUISE_LOITER,LADAKH,1,0.46
1788361058.976,5172.3,2128.5,72.0,85.4,120.3,84.7,90.5,778.0,803.4,783.2,785.7,4.88,72.8,12.3,3.0,42.5,0.76,14.09,3.9,LANE_A,20000.0,-22.0,92.1,CRUISE_LOITER,LADAKH,1,0.39
1788361059.51,5149.2,2119.0,72.0,85.7,87.7,84.7,87.3,784.6,785.4,780.9,784.8,4.83,64.2,12.2,3.0,42.6,0.76,14.14,3.9,LANE_A,20000.0,-22.0,92.1,CRUISE_LOITER,LADAKH,2,0.97
1788361060.026,5152.6,2120.4,72.0,87.3,87.6,84.7,87.1,791.3,784.3,779.9,784.8,4.82,64.2,11.9,3.0,42.7,0.79,14.13,4.0,LANE_A,20000.0,-22.0,92.2,CRUISE_LOITER,LADAKH,2,0.92
1788361060.531,5157.5,2122.4,72.0,88.6,87.7,84.7,87.0,800.4,782.5,781.4,785.4,4.82,64.2,11.7,3.0,42.7,0.82,14.1,4.1,LANE_A,20000.0,-22.0,92.2,CRUISE_LOITER,LADAKH,2,0.87
1788361061.047,5145.0,2117.3,72.0,89.9,87.2,84.4,87.2,806.7,784.8,782.2,783.7,4.86,64.1,11.4,3.0,42.5,0.9,14.1,4.1,LANE_A,20000.0,-22.0,92.2,CRUISE_LOITER,LADAKH,2,0.82
1788361061.554,5164.8,2125.4,72.0,91.3,87.7,84.5,87.4,813.6,784.2,782.5,782.5,4.84,64.1,11.3,3.0,42.4,0.93,14.1,4.0,LANE_A,20000.0,-22.0,92.2,CRUISE_LOITER,LADAKH,2,0.77
1788361062.074,5144.4,2117.0,72.0,92.3,87.5,84.5,86.9,823.5,784.3,780.4,783.8,4.82,63.8,11.1,3.0,42.5,0.97,14.12,4.1,LANE_A,20000.0,-22.0,92.3,CRUISE_LOITER,LADAKH,2,0.72
1788361062.571,5167.1,2126.4,72.0,94.2,87.4,84.6,86.9,829.5,783.3,780.4,781.9,4.82,63.9,10.9,3.0,42.5,1.05,14.11,4.1,LANE_A,20000.0,-22.0,92.3,CRUISE_LOITER,LADAKH,2,0.67
1788361063.089,5119.2,2106.7,72.0,95.3,87.9,84.5,87.1,836.8,786.3,780.4,784.9,4.83,63.9,10.7,3.0,42.4,1.09,14.14,4.0,LANE_A,20000.0,-22.0,92.3,CRUISE_LOITER,LADAKH,2,0.62
1788361063.591,5120.0,2107.0,72.0,96.7,87.4,84.5,87.2,847.2,781.8,781.3,784.0,4.82,63.7,10.3,3.0,42.5,1.1,14.12,4.1,LANE_A,20000.0,-22.0,92.3,CRUISE_LOITER,LADAKH,2,0.57
1788361064.103,5135.5,2113.4,72.0,97.7,87.6,84.4,87.2,853.6,784.1,780.0,784.9,4.85,64.0,10.2,3.0,42.5,1.15,14.12,3.9,LANE_A,20000.0,-22.0,92.4,CRUISE_LOITER,LADAKH,2,0.52
1788361064.62,5099.8,2098.7,72.0,99.0,87.6,84.6,86.8,860.3,785.3,782.4,785.6,4.85,63.8,9.8,3.0,42.4,1.22,14.1,4.1,LANE_A,20000.0,-22.0,92.4,CRUISE_LOITER,LADAKH,2,0.47
1788361065.122,5104.4,2100.6,72.0,100.1,87.3,84.6,86.9,868.5,782.0,782.7,783.3,4.8,63.8,9.7,3.0,42.6,1.26,14.1,4.0,LANE_A,20000.0,-22.0,92.4,CRUISE_LOITER,LADAKH,2,0.42
1788361065.635,5110.1,2102.9,72.0,101.2,87.6,84.7,86.7,872.2,784.0,781.0,784.4,4.81,64.3,9.5,3.0,42.5,1.29,14.1,4.2,LANE_A,20000.0,-22.0,92.4,CRUISE_LOITER,LADAKH,2,0.4
1788361066.139,5110.2,2103.0,72.0,101.1,87.5,84.3,86.8,871.7,788.0,780.6,784.0,4.82,64.2,9.5,3.0,42.3,1.27,14.09,4.0,LANE_A,20000.0,-22.0,92.5,CRUISE_LOITER,LADAKH,2,0.4
1788361066.67,5097.7,2097.8,72.0,101.0,87.7,84.8,86.9,870.4,785.0,780.5,784.3,4.82,64.0,9.5,3.0,42.1,1.3,14.1,4.0,LANE_A,20000.0,-22.0,92.5,CRUISE_LOITER,LADAKH,2,0.4
1788361067.194,5165.3,2125.6,72.0,84.8,87.2,84.2,86.9,779.9,774.4,782.5,784.7,4.85,63.9,12.3,3.0,42.1,0.84,14.08,4.3,LANE_A,20000.0,-22.0,92.5,CRUISE_LOITER,LADAKH,3,0.96
1788361067.705,5145.2,2117.4,72.0,84.8,87.5,84.4,86.8,778.9,764.9,780.5,782.9,4.87,64.1,12.1,3.0,42.4,0.96,14.11,4.0,LANE_A,20000.0,-22.0,92.5,CRUISE_LOITER,LADAKH,3,0.91
1788361068.215,5153.2,2120.7,72.0,85.0,87.4,84.2,86.8,777.0,751.0,782.6,782.9,4.9,63.8,12.3,3.0,42.6,1.1,14.07,3.9,LANE_A,20000.0,-22.0,92.5,CRUISE_LOITER,LADAKH,3,0.87
1788361068.721,5143.2,2116.5,72.0,85.1,87.4,84.2,86.8,780.5,744.4,780.4,784.3,4.79,64.0,12.1,3.0,42.4,1.19,14.11,4.1,LANE_A,20000.0,-22.0,92.6,CRUISE_LOITER,LADAKH,3,0.82
1788361069.236,5109.3,2102.6,72.0,84.7,87.2,84.2,86.7,780.5,732.7,782.5,784.6,4.82,63.7,12.2,3.0,42.5,1.31,14.13,3.8,LANE_A,20000.0,-22.0,92.6,CRUISE_LOITER,LADAKH,3,0.78
1788361069.738,5153.1,2120.6,72.0,84.7,87.3,84.6,86.8,779.8,723.6,781.8,785.1,4.81,63.7,12.2,3.0,42.5,1.41,14.1,3.9,LANE_A,20000.0,-22.0,92.6,CRUISE_LOITER,LADAKH,3,0.73
1788361070.253,5180.1,2131.7,72.0,85.1,88.0,84.6,87.3,780.4,784.0,784.1,784.7,4.67,65.6,12.1,3.0,42.1,0.75,14.1,3.9,LANE_A,20000.0,-22.0,92.6,CRUISE_LOITER,LADAKH,4,0.95
1788361070.77,5168.4,2126.9,72.0,86.0,88.7,85.9,88.6,780.0,786.9,781.0,783.4,4.42,67.9,12.2,3.0,42.3,0.81,14.09,4.1,LANE_A,20000.0,-22.0,92.6,CRUISE_LOITER,LADAKH,4,0.88
1788361071.271,5156.2,2121.9,72.0,87.0,89.8,86.7,89.1,780.2,783.8,780.6,784.9,4.11,70.2,12.3,3.0,42.3,0.88,14.12,3.9,LANE_A,20000.0,-22.0,92.7,CRUISE_LOITER,LADAKH,4,0.81
1788361071.778,5150.3,2119.5,72.0,87.6,90.6,87.6,90.5,777.7,786.3,781.7,784.3,3.85,72.3,12.3,3.0,42.4,0.92,14.06,4.1,LANE_A,20000.0,-22.0,92.7,CRUISE_LOITER,LADAKH,4,0.74
1788361072.289,5163.1,2124.7,72.0,88.5,91.4,88.0,90.8,780.7,782.3,782.6,785.4,3.57,74.9,12.1,3.0,42.3,0.93,14.1,4.0,LANE_A,20000.0,-22.0,92.7,CRUISE_LOITER,LADAKH,4,0.67
1788361072.806,5170.8,2127.9,72.0,89.4,92.3,88.7,92.0,779.8,784.4,781.4,783.4,3.35,76.9,12.3,3.0,42.2,1.03,14.09,4.1,LANE_A,20000.0,-22.0,92.7,CRUISE_LOITER,LADAKH,4,0.6
1788361073.331,5130.4,2111.3,72.0,90.5,93.5,89.5,93.0,778.6,785.0,780.6,782.5,3.07,79.4,12.3,3.0,42.4,1.03,14.11,4.1,LANE_A,20000.0,-22.0,92.7,CRUISE_LOITER,LADAKH,4,0.53
1788361073.831,5133.3,2112.5,72.0,91.1,94.3,90.7,93.8,778.3,783.6,781.1,784.1,2.82,81.7,12.3,3.0,42.4,1.12,14.11,4.1,LANE_A,20000.0,-22.0,92.7,CRUISE_LOITER,LADAKH,4,0.45
1788361074.338,5125.8,2109.4,72.0,92.0,95.2,91.1,94.6,779.9,785.8,781.4,782.8,2.55,84.0,12.3,3.0,42.3,1.13,14.09,4.0,LANE_A,20000.0,-22.0,92.8,CRUISE_LOITER,LADAKH,4,0.38
1788361074.873,5190.4,2136.0,72.0,84.8,87.0,83.8,86.9,779.8,781.6,779.0,785.5,4.81,64.1,12.1,3.0,42.6,0.91,14.12,4.0,LANE_A,20000.0,-22.0,92.8,CRUISE_LOITER,LADAKH,5,0.97
1788361075.372,5179.7,2131.6,72.0,84.5,86.8,84.2,86.5,781.2,784.8,780.3,785.9,4.78,64.7,12.3,3.0,42.8,1.16,14.12,4.0,LANE_A,20000.0,-22.0,92.8,CRUISE_LOITER,LADAKH,5,0.93
1788361075.889,5157.8,2122.6,72.0,85.0,87.2,84.0,86.5,776.6,783.2,781.4,783.2,4.81,65.5,12.2,3.0,43.3,1.43,14.1,4.0,LANE_A,20000.0,-22.0,92.8,CRUISE_LOITER,LADAKH,5,0.89
1788361076.405,5153.0,2120.6,72.0,84.6,87.1,84.1,86.5,778.3,783.2,783.7,782.2,4.84,66.3,12.3,3.0,43.1,1.68,14.12,3.8,LANE_A,20000.0,-22.0,92.8,CRUISE_LOITER,LADAKH,5,0.85
1788361076.921,5148.8,2118.8,72.0,84.2,86.9,83.7,86.2,780.6,784.5,780.1,783.1,4.83,66.9,12.3,3.0,43.6,1.95,14.13,4.0,LANE_A,20000.0,-22.0,92.8,CRUISE_LOITER,LADAKH,5,0.8
1788361077.422,5148.8,2118.8,72.0,84.7,87.0,84.0,86.6,778.1,784.1,780.4,784.4,4.83,67.5,12.2,3.0,44.0,2.19,14.1,4.0,LANE_A,20000.0,-22.0,92.8,CRUISE_LOITER,LADAKH,5,0.76
1788361077.932,5124.0,2108.6,72.0,84.4,87.0,84.1,86.6,776.2,783.6,779.4,783.8,4.77,68.1,12.3,3.0,43.9,2.46,14.1,4.2,LANE_A,20000.0,-22.0,92.9,CRUISE_LOITER,LADAKH,5,0.72
1788361078.451,5145.6,2117.5,72.0,84.6,87.0,83.8,86.5,778.0,783.8,780.3,784.5,4.84,69.1,12.2,3.0,44.4,2.73,14.06,4.1,LANE_A,20000.0,-22.0,92.9,CRUISE_LOITER,LADAKH,5,0.68
1788361078.968,5130.7,2111.4,72.0,84.5,86.5,83.9,86.7,777.8,784.0,783.0,784.4,4.83,69.3,12.2,3.0,44.9,2.96,14.1,4.0,LANE_A,20000.0,-22.0,92.9,CRUISE_LOITER,LADAKH,5,0.64
1788361079.474,5137.8,2114.3,72.0,84.6,87.0,83.5,86.5,779.7,784.8,779.6,784.8,4.85,70.2,12.3,3.0,45.1,3.2,14.1,4.0,LANE_A,20000.0,-22.0,92.9,CRUISE_LOITER,LADAKH,5,0.6
1788361079.994,5108.0,2102.1,72.0,84.4,86.9,83.8,86.3,779.6,785.2,780.0,783.7,4.88,71.2,12.2,3.0,45.0,3.5,14.13,4.0,LANE_A,20000.0,-22.0,92.9,CRUISE_LOITER,LADAKH,5,0.55
1788361080.501,5131.9,2111.9,72.0,84.2,87.4,84.2,86.2,779.7,786.2,782.1,784.6,4.83,71.6,12.2,3.0,45.7,3.77,14.1,4.1,LANE_A,20000.0,-22.0,92.9,CRUISE_LOITER,LADAKH,5,0.51
1788361081.002,5111.6,2103.5,72.0,84.6,86.9,84.3,86.5,777.8,783.9,780.6,784.9,4.81,72.2,12.4,3.0,45.5,3.81,14.11,4.2,LANE_A,20000.0,-22.0,92.9,CRUISE_LOITER,LADAKH,5,0.5
1788361081.505,5118.7,2106.5,72.0,84.0,86.7,83.9,86.5,778.5,784.9,781.3,785.3,4.83,72.0,12.2,3.0,45.6,3.82,14.08,4.2,LANE_A,20000.0,-22.0,92.9,CRUISE_LOITER,LADAKH,5,0.5
1788361082.015,5093.4,2096.0,72.0,84.3,87.1,83.8,86.4,779.9,783.3,780.4,782.2,4.84,71.9,12.3,3.0,45.5,3.82,14.09,4.1,LANE_A,20000.0,-22.0,92.9,CRUISE_LOITER,LADAKH,5,0.5
1788361082.533,5094.4,2096.5,72.0,84.3,86.9,83.7,86.0,778.7,783.3,782.1,784.3,4.83,71.9,12.3,3.0,45.5,3.83,14.1,4.0,LANE_A,20000.0,-22.0,92.9,CRUISE_LOITER,LADAKH,5,0.5
1788361083.042,5107.7,2101.9,72.0,84.4,86.5,83.9,86.3,778.4,785.5,781.1,785.3,4.8,71.8,12.1,3.0,45.5,3.83,14.06,3.9,LANE_A,20000.0,-22.0,93.0,CRUISE_LOITER,LADAKH,5,0.5
1788361083.54,5099.6,2098.6,72.0,84.4,86.8,84.1,86.4,776.5,785.5,778.3,786.1,4.89,71.8,12.2,3.0,45.5,3.83,14.04,4.2,LANE_A,20000.0,-22.0,93.0,CRUISE_LOITER,LADAKH,5,0.5
1788361084.05,5100.0,2098.8,72.0,84.4,86.9,84.0,86.2,777.6,783.8,781.4,783.8,4.83,71.9,12.2,3.0,45.2,3.82,14.04,4.0,LANE_A,20000.0,-22.0,93.0,CRUISE_LOITER,LADAKH,5,0.5
1788361084.554,5107.3,2101.8,72.0,84.0,86.6,83.8,86.2,779.4,783.4,783.2,784.0,4.84,71.8,12.2,3.0,45.3,3.81,14.1,3.9,LANE_A,20000.0,-22.0,93.0,CRUISE_LOITER,LADAKH,5,0.5
1788361085.074,5124.6,2108.9,72.0,84.4,86.5,83.5,85.6,778.2,784.2,780.8,784.3,4.87,71.8,12.2,3.0,45.6,3.83,14.08,4.1,LANE_A,20000.0,-22.0,93.0,CRUISE_LOITER,LADAKH,5,0.5
1788361085.583,5136.1,2113.6,72.0,84.0,86.8,83.7,86.0,777.9,784.1,781.2,782.3,4.91,71.8,12.1,3.0,45.3,3.79,14.09,4.0,LANE_A,20000.0,-22.0,93.0,CRUISE_LOITER,LADAKH,5,0.5
1788361086.082,5118.6,2106.4,72.0,84.3,86.7,83.7,86.6,777.4,784.5,780.3,784.1,4.87,71.8,12.2,3.0,45.3,3.84,14.09,4.1,LANE_A,20000.0,-22.0,93.0,CRUISE_LOITER,LADAKH,5,0.5
1788361086.611,5092.3,2095.6,72.0,84.0,86.4,83.5,86.2,779.3,782.5,780.1,783.0,4.82,71.7,12.2,3.0,45.4,3.81,14.11,3.9,LANE_A,20000.0,-22.0,93.0,CRUISE_LOITER,LADAKH,5,0.5
1788361087.119,5100.9,2099.1,72.0,84.1,86.9,83.0,86.4,777.8,784.8,778.1,783.8,4.83,72.0,12.1,3.0,45.4,3.81,14.11,4.0,LANE_A,20000.0,-22.0,93.0,CRUISE_LOITER,LADAKH,5,0.5
1788361087.629,5092.2,2095.6,72.0,84.1,86.5,83.6,86.2,776.8,784.9,782.1,783.6,4.8,71.6,12.1,3.0,45.5,3.84,14.09,3.9,LANE_A,20000.0,-22.0,93.0,CRUISE_LOITER,LADAKH,5,0.5
1788361088.13,5138.6,2114.7,72.0,83.9,86.4,83.5,85.9,778.0,781.9,781.1,785.9,4.82,71.8,12.4,3.0,45.4,3.81,14.12,4.2,LANE_A,20000.0,-22.0,93.0,CRUISE_LOITER,LADAKH,5,0.5
1788361088.649,5143.1,2116.5,72.0,84.1,86.7,83.8,85.7,778.7,781.0,780.9,782.8,4.82,72.0,12.3,3.0,45.2,3.83,14.11,4.1,LANE_A,20000.0,-22.0,93.0,CRUISE_LOITER,LADAKH,5,0.5
1788361089.146,5094.7,2096.6,72.0,84.1,86.6,83.5,86.2,779.6,784.2,778.2,783.4,4.85,71.7,12.1,3.0,45.4,3.84,14.09,4.0,LANE_A,20000.0,-22.0,93.0,CRUISE_LOITER,LADAKH,5,0.5
1788361089.661,5153.2,2120.7,72.0,83.9,86.4,83.3,85.8,778.2,783.2,779.4,784.5,4.83,71.8,12.2,3.0,45.4,3.85,14.12,4.0,LANE_A,20000.0,-22.0,93.0,CRUISE_LOITER,LADAKH,5,0.5
1788361090.184,5118.8,2106.5,72.0,84.2,86.6,83.4,86.0,775.4,786.4,781.5,783.8,4.86,71.6,12.0,3.0,45.2,3.83,14.12,4.0,LANE_A,20000.0,-22.0,93.0,CRUISE_LOITER,LADAKH,5,0.5
1788361090.683,5096.8,2097.4,72.0,83.9,86.5,83.4,85.9,781.5,783.4,781.3,781.8,4.79,71.5,12.2,3.0,45.4,3.84,14.11,4.1,LANE_A,20000.0,-22.0,93.0,CRUISE_LOITER,LADAKH,5,0.5
1788361091.2,5131.9,2111.9,72.0,84.2,86.3,83.2,85.8,778.4,783.5,779.4,783.9,4.84,71.9,12.3,3.0,45.3,3.81,14.12,4.0,LANE_A,20000.0,-22.0,93.0,CRUISE_LOITER,LADAKH,5,0.5
1788361091.71,5120.1,2107.0,72.0,84.3,86.5,83.2,85.8,780.2,783.7,781.7,783.2,4.87,71.4,12.2,3.0,45.1,3.82,14.13,4.1,LANE_A,20000.0,-22.0,93.0,CRUISE_LOITER,LADAKH,5,0.5
1788361092.207,5145.0,2117.3,72.0,83.7,86.4,83.6,85.7,779.9,782.2,781.5,785.1,4.8,71.7,12.2,3.0,45.0,3.82,14.06,3.9,LANE_A,20000.0,-22.0,93.0,CRUISE_LOITER,LADAKH,5,0.5
1788361092.718,5132.0,2111.9,72.0,83.8,86.1,83.5,85.8,779.4,784.7,778.9,784.4,4.81,71.3,12.1,3.0,45.2,3.84,14.09,4.0,LANE_A,20000.0,-22.0,93.0,CRUISE_LOITER,LADAKH,5,0.5
1788361093.222,5124.8,2109.0,72.0,84.0,85.9,83.4,86.0,776.5,782.3,780.1,784.1,4.82,71.7,12.1,3.0,45.3,3.83,14.12,4.0,LANE_A,20000.0,-22.0,93.0,CRUISE_LOITER,LADAKH,5,0.5
1788361093.74,5140.0,2115.2,72.0,83.8,86.4,83.2,85.9,779.8,784.1,777.8,781.5,4.82,71.5,12.1,3.0,45.2,3.82,14.1,4.1,LANE_A,20000.0,-22.0,93.0,CRUISE_LOITER,LADAKH,5,0.5
1788361094.241,5105.4,2101.0,72.0,84.0,86.5,83.4,86.1,777.1,785.9,781.4,784.0,4.81,71.3,12.1,3.0,45.4,3.85,14.11,4.0,LANE_A,20000.0,-22.0,93.0,CRUISE_LOITER,LADAKH,5,0.5
1788361094.744,5118.4,2106.3,72.0,83.8,86.2,83.0,86.3,779.4,783.9,782.6,784.7,4.87,71.6,12.2,3.0,45.3,3.84,14.13,3.9,LANE_A,20000.0,-22.0,93.0,CRUISE_LOITER,LADAKH,5,0.5
1788361095.258,5098.7,2098.2,72.0,83.8,86.2,83.5,85.9,778.9,782.0,780.5,783.6,4.86,71.3,12.1,3.0,45.2,3.84,14.08,4.0,LANE_A,20000.0,-22.0,93.0,CRUISE_LOITER,LADAKH,5,0.5
1788361095.766,5107.1,2101.7,72.0,83.8,86.5,83.4,85.9,778.6,785.9,781.9,783.8,4.84,71.5,12.2,3.0,45.1,3.83,14.13,4.0,LANE_A,20000.0,-22.0,93.0,CRUISE_LOITER,LADAKH,5,0.5
1788361096.273,5132.7,2112.2,72.0,83.6,86.4,83.5,85.8,779.6,786.5,781.2,782.6,4.87,71.5,12.2,3.0,45.4,3.84,14.09,3.9,LANE_A,20000.0,-22.0,93.0,CRUISE_LOITER,LADAKH,5,0.5
1788361096.78,5126.8,2109.8,72.0,83.8,86.3,83.3,85.6,778.8,783.5,778.9,784.2,4.86,71.0,12.2,3.0,45.0,3.82,14.1,3.8,LANE_A,20000.0,-22.0,93.0,CRUISE_LOITER,LADAKH,5,0.5
1788361097.294,5091.2,2095.1,72.0,83.7,85.9,83.0,85.8,779.4,782.6,781.4,785.5,4.8,71.5,12.1,3.0,45.2,3.83,14.11,4.0,LANE_A,20000.0,-22.0,93.0,CRUISE_LOITER,LADAKH,5,0.5
1788361097.808,5146.7,2118.0,72.0,84.1,86.0,83.3,85.6,780.3,782.9,783.2,783.5,4.84,71.6,12.1,3.0,45.0,3.84,14.11,4.0,LANE_A,20000.0,-22.0,92.9,CRUISE_LOITER,LADAKH,5,0.5
1788361098.311,5129.5,2110.9,72.0,83.9,86.4,83.4,85.9,778.2,781.4,781.5,782.8,4.85,71.4,12.1,3.0,45.1,3.85,14.13,4.1,LANE_A,20000.0,-22.0,92.9,CRUISE_LOITER,LADAKH,5,0.5
1788361098.822,5109.7,2102.8,72.0,84.0,86.4,83.2,85.8,779.4,781.6,780.1,782.8,4.86,71.2,12.2,3.0,45.1,3.82,14.13,4.1,LANE_A,20000.0,-22.0,92.9,CRUISE_LOITER,LADAKH,5,0.5
1788361099.341,5128.8,2110.6,72.0,83.4,85.8,83.1,85.7,777.3,785.0,781.1,783.1,4.86,71.2,12.1,3.0,45.1,3.83,14.12,4.0,LANE_A,20000.0,-22.0,92.9,CRUISE_LOITER,LADAKH,5,0.5
1788361099.84,5123.0,2108.2,72.0,83.7,86.2,83.3,85.6,780.9,781.8,780.8,781.9,4.85,71.2,12.0,3.0,45.1,3.82,14.15,4.2,LANE_A,20000.0,-22.0,92.9,CRUISE_LOITER,LADAKH,5,0.5
1788361100.383,5181.6,2132.3,72.0,83.8,86.0,84.0,85.7,776.6,783.4,783.0,783.9,4.88,63.0,12.2,3.0,41.6,0.76,14.1,4.0,LANE_A,20000.0,-22.0,92.9,CRUISE_LOITER,LADAKH,6,0.97
1788361100.892,5186.2,2134.2,72.0,83.6,86.1,85.5,86.0,778.2,781.4,794.1,784.1,4.84,63.0,12.0,3.0,41.6,0.76,14.08,3.9,LANE_A,20000.0,-22.0,92.9,CRUISE_LOITER,LADAKH,6,0.94
1788361101.407,5180.5,2131.9,72.0,83.7,86.0,87.6,85.6,777.6,784.5,801.9,784.5,4.88,62.6,12.1,3.0,41.6,0.81,14.1,4.1,LANE_A,20000.0,-22.0,92.9,CRUISE_LOITER,LADAKH,6,0.9
1788361102.213,5152.5,2120.4,72.0,83.5,86.2,88.8,85.5,777.3,784.5,810.2,783.4,4.83,62.7,12.0,2.9,41.4,0.85,14.12,4.0,LANE_A,20000.0,-22.0,92.9,CRUISE_LOITER,LADAKH,6,0.86
1788361102.731,5168.4,2126.9,72.0,83.5,86.2,90.4,85.8,777.2,784.4,819.6,784.5,4.89,62.8,12.1,3.0,41.6,0.88,14.1,4.0,LANE_A,20000.0,-22.0,92.9,CRUISE_LOITER,LADAKH,6,0.82
1788361103.26,5175.9,2130.0,72.0,83.7,86.2,83.5,85.7,780.7,784.0,780.6,784.1,4.86,62.7,12.1,3.0,41.8,0.7,14.03,3.5,LANE_A,20000.0,-22.0,92.8,CRUISE_LOITER,LADAKH,7,0.99
1788361103.77,5192.5,2136.8,72.0,83.8,86.2,83.0,85.6,777.5,785.7,781.4,783.8,4.88,62.7,12.2,3.0,41.5,0.7,13.86,2.4,LANE_A,20000.0,-22.0,92.8,CRUISE_LOITER,LADAKH,7,0.95
1788361104.27,5176.0,2130.0,72.0,83.2,86.0,83.0,85.9,778.2,783.4,777.8,783.6,4.85,62.8,12.0,3.0,41.5,0.74,13.71,0.9,LANE_A,20000.0,-22.0,92.8,CRUISE_LOITER,LADAKH,7,0.92
1788361104.787,5170.9,2127.9,72.0,83.5,86.1,83.1,85.5,776.4,783.3,777.5,782.6,4.84,63.0,12.2,3.0,41.4,0.73,13.61,-0.4,LANE_A,20000.0,-22.0,92.8,CRUISE_LOITER,LADAKH,7,0.89
1788361105.289,5155.7,2121.7,72.0,83.5,86.2,83.2,85.5,780.4,782.9,782.8,782.5,4.87,62.8,12.1,3.0,41.8,0.71,13.41,-1.5,LANE_A,20000.0,-22.0,92.8,CRUISE_LOITER,LADAKH,7,0.85
1788361105.804,5189.7,2135.7,72.0,83.5,86.0,82.8,85.4,778.5,784.0,781.6,786.1,4.88,62.8,12.1,3.0,41.5,0.73,13.29,-3.1,LANE_A,20000.0,-22.0,92.8,CRUISE_LOITER,LADAKH,7,0.82
1788361106.312,5178.5,2131.1,72.0,83.5,85.9,83.2,85.6,778.5,783.5,781.5,782.2,4.87,62.9,12.0,3.0,41.8,0.71,14.08,4.2,LANE_A,20000.0,-22.0,92.8,CRUISE_LOITER,LADAKH,8,1.0
1788361106.85,5199.5,2139.7,72.0,83.6,86.3,82.8,85.6,774.8,779.0,776.7,779.9,4.85,62.8,12.2,3.0,42.1,0.73,14.12,4.1,LANE_A,20000.0,-22.0,92.7,CRUISE_LOITER,LADAKH,8,0.97
1788361107.351,5206.3,2142.5,72.0,83.4,86.3,83.3,85.5,769.2,774.8,772.9,776.1,4.91,62.6,12.6,3.0,43.1,0.72,14.13,4.0,LANE_A,20000.0,-22.0,92.7,CRUISE_LOITER,LADAKH,8,0.94
1788361107.863,5165.1,2125.6,72.0,83.5,85.6,83.1,85.4,767.0,772.9,768.2,770.5,4.85,62.5,12.9,3.0,43.9,0.73,14.06,4.2,LANE_A,20000.0,-22.0,92.7,CRUISE_LOITER,LADAKH,8,0.91
1788361108.372,5194.0,2137.4,72.0,83.3,86.3,83.0,85.6,762.8,769.1,764.5,767.6,4.87,62.6,13.0,3.0,44.7,0.74,14.08,4.1,LANE_A,20000.0,-22.0,92.7,CRUISE_LOITER,LADAKH,8,0.88
1788361108.901,5146.9,2118.1,72.0,83.6,85.9,83.1,85.4,759.3,764.7,758.6,766.4,4.84,62.7,13.3,3.0,45.5,0.72,14.13,4.0,LANE_A,20000.0,-22.0,92.7,CRUISE_LOITER,LADAKH,8,0.85
1788361109.418,5174.0,2129.2,72.0,83.4,85.8,83.0,85.4,757.5,760.9,758.3,759.8,4.85,62.6,13.6,3.0,46.2,0.72,14.13,3.9,LANE_A,20000.0,-22.0,92.7,CRUISE_LOITER,LADAKH,8,0.82
1788361109.917,5171.2,2128.1,72.0,83.2,86.1,82.8,85.5,752.0,756.8,755.0,757.4,4.85,62.2,13.9,3.0,47.2,0.73,14.11,4.2,LANE_A,20000.0,-22.0,92.6,CRUISE_LOITER,LADAKH,8,0.79
1788361110.43,5164.2,2125.2,72.0,83.5,86.0,82.6,85.6,749.5,752.9,749.0,752.2,4.82,62.6,14.2,3.0,47.9,0.72,14.11,4.0,LANE_A,20000.0,-22.0,92.6,CRUISE_LOITER,LADAKH,8,0.76
1788361110.938,5145.0,2117.3,72.0,83.4,85.9,83.0,85.4,744.5,747.7,747.2,749.6,4.86,62.4,14.4,3.0,48.5,0.74,14.11,3.9,LANE_A,20000.0,-22.0,92.6,CRUISE_LOITER,LADAKH,8,0.73
1788361111.455,5147.1,2118.1,72.0,83.4,85.7,83.1,85.4,740.1,744.3,744.0,746.6,4.88,62.5,14.7,3.0,49.6,0.73,14.07,3.9,LANE_A,20000.0,-22.0,92.6,CRUISE_LOITER,LADAKH,8,0.71
1788361111.966,5131.3,2111.6,72.0,83.4,85.8,82.7,85.3,738.1,740.4,739.6,741.8,4.86,62.5,15.0,3.0,50.1,0.73,14.09,3.9,LANE_A,20000.0,-22.0,92.6,CRUISE_LOITER,LADAKH,8,0.68
1788361112.486,5181.3,2132.2,72.0,83.4,86.0,82.7,85.3,780.0,783.1,779.5,786.1,4.86,62.6,12.0,3.0,41.7,0.73,13.98,2.9,LANE_A,20000.0,-22.0,92.5,CRUISE_LOITER,LADAKH,7,0.97
1788361112.99,5185.6,2134.0,72.0,83.2,86.0,82.9,85.2,777.4,782.7,778.6,782.4,4.82,62.5,12.0,3.0,41.5,0.74,13.82,1.8,LANE_A,20000.0,-22.0,92.5,CRUISE_LOITER,LADAKH,7,0.94
1788361113.52,5172.7,2128.7,72.0,83.3,85.9,82.6,85.2,777.0,784.1,781.4,784.7,4.86,62.5,12.1,3.0,41.6,0.72,13.69,0.5,LANE_A,20000.0,-22.0,92.5,CRUISE_LOITER,LADAKH,7,0.91
1788361114.031,5171.7,2128.3,72.0,83.3,85.9,82.9,85.7,777.3,785.2,781.1,783.6,4.83,62.5,11.9,3.0,41.2,0.75,13.5,-1.0,LANE_A,20000.0,-22.0,92.5,CRUISE_LOITER,LADAKH,7,0.87
1788361114.568,5205.5,2142.2,72.0,83.5,85.8,84.4,85.5,778.6,782.8,788.3,782.0,4.85,62.6,12.1,3.0,41.4,0.73,14.09,4.1,LANE_A,20000.0,-22.0,92.5,CRUISE_LOITER,LADAKH,6,0.97
1788361115.081,5175.0,2129.6,72.0,83.4,86.2,85.8,85.4,779.3,782.5,795.1,783.0,4.87,62.6,12.1,3.0,41.2,0.78,14.1,4.3,LANE_A,20000.0,-22.0,92.4,CRUISE_LOITER,LADAKH,6,0.93
1788361115.592,5162.3,2124.4,72.0,83.0,85.7,87.4,85.4,778.7,781.6,800.4,782.3,4.81,62.4,11.9,3.0,41.3,0.82,14.11,4.2,LANE_A,20000.0,-22.0,92.4,CRUISE_LOITER,LADAKH,6,0.89
1788361116.103,5191.7,2136.5,72.0,83.4,85.7,82.5,85.4,776.6,782.6,780.1,781.5,4.89,63.3,12.0,3.0,41.7,0.99,14.12,3.8,LANE_A,20000.0,-22.0,92.4,CRUISE_LOITER,LADAKH,5,0.96
1788361116.621,5170.4,2127.7,72.0,83.3,85.5,83.0,85.5,778.2,782.7,780.4,780.0,4.88,63.6,11.8,3.0,41.7,1.25,14.09,4.0,LANE_A,20000.0,-22.0,92.4,CRUISE_LOITER,LADAKH,5,0.92
1788361117.129,5174.2,2129.3,72.0,83.4,85.8,82.8,85.1,777.4,782.3,779.1,781.9,4.83,64.3,12.1,3.0,42.1,1.51,14.11,3.9,LANE_A,20000.0,-22.0,92.3,CRUISE_LOITER,LADAKH,5,0.88
1788361117.631,5155.8,2121.7,72.0,83.4,85.5,82.7,85.2,777.1,783.5,780.3,783.1,4.84,65.4,12.0,3.0,42.4,1.77,14.12,4.2,LANE_A,20000.0,-22.0,92.3,CRUISE_LOITER,LADAKH,5,0.83
1788361118.145,5169.3,2127.3,72.0,83.5,85.7,82.8,85.5,778.9,782.1,782.3,783.3,4.84,66.0,12.0,3.0,42.7,1.98,14.09,3.9,LANE_A,20000.0,-22.0,92.3,CRUISE_LOITER,LADAKH,5,0.79
1788361118.668,5189.3,2135.5,72.0,83.5,85.7,82.8,85.1,779.9,781.3,780.3,781.1,4.85,62.4,12.1,3.0,41.4,0.71,14.1,3.8,LANE_A,20000.0,-22.0,92.3,CRUISE_LOITER,LADAKH,0,1.0
1788361119.189,5186.8,2134.5,72.0,83.4,85.8,82.7,84.9,776.0,786.0,780.5,784.2,4.88,62.3,11.9,3.0,41.4,0.71,14.11,3.8,LANE_A,20000.0,-22.0,92.2,CRUISE_LOITER,LADAKH,0,1.0
1788361119.701,5202.0,2140.8,72.0,83.5,85.6,82.7,85.3,780.0,783.4,778.6,784.2,4.85,62.1,11.9,3.0,41.4,0.71,14.07,3.9,LANE_A,20000.0,-22.0,92.2,CRUISE_LOITER,LADAKH,0,1.0
1788361120.201,5197.2,2138.7,72.0,83.3,85.8,82.9,85.1,780.2,783.3,779.1,781.5,4.81,62.2,12.0,3.0,41.2,0.75,14.09,4.0,LANE_A,20000.0,-22.0,92.2,CRUISE_LOITER,LADAKH,0,1.0
1788361120.719,5186.2,2134.2,72.0,83.4,85.6,82.5,85.1,776.8,784.3,781.9,783.5,4.87,62.1,11.9,3.0,41.3,0.73,14.07,4.0,LANE_A,20000.0,-22.0,92.2,CRUISE_LOITER,LADAKH,0,1.0
1788361121.229,5161.7,2124.2,72.0,83.2,85.6,82.7,85.1,777.8,782.8,780.4,782.6,4.85,62.2,12.0,3.0,41.3,0.74,14.1,3.9,LANE_A,20000.0,-22.0,92.1,CRUISE_LOITER,LADAKH,0,1.0
1788361121.735,5199.1,2139.5,72.0,83.2,85.6,82.4,85.2,777.8,784.1,781.5,782.6,4.83,62.2,11.9,3.0,41.2,0.73,14.1,4.1,LANE_A,20000.0,-22.0,92.1,CRUISE_LOITER,LADAKH,0,1.0
1788361122.248,5191.2,2136.3,72.0,82.9,85.8,82.5,85.1,779.9,785.3,782.1,781.4,4.82,62.2,11.9,3.0,41.1,0.72,14.12,4.0,LANE_A,20000.0,-22.0,92.1,CRUISE_LOITER,LADAKH,0,1.0
1788361122.756,5176.7,2130.3,72.0,83.6,86.2,82.8,85.1,776.7,781.9,778.1,782.8,4.86,62.1,12.1,3.0,41.3,0.71,14.15,4.0,LANE_A,20000.0,-22.0,92.0,CRUISE_LOITER,LADAKH,0,1.0
1788361123.266,5204.9,2141.9,72.0,83.4,85.7,82.3,84.9,777.8,784.5,779.6,782.9,4.85,62.1,12.0,3.0,41.3,0.73,14.08,4.2,LANE_A,20000.0,-22.0,92.0,CRUISE_LOITER,LADAKH,0,1.0
1788361123.772,5191.8,2136.5,72.0,83.2,85.6,82.7,85.4,778.4,782.4,781.4,781.5,4.85,62.1,11.9,3.0,41.0,0.73,14.09,3.9,LANE_A,20000.0,-22.0,92.0,CRUISE_LOITER,LADAKH,0,1.0
1788361124.292,5189.0,2135.4,72.0,83.3,85.8,82.7,85.0,776.5,783.1,781.0,784.8,4.83,62.4,12.0,3.0,41.1,0.71,14.11,4.1,LANE_A,20000.0,-22.0,92.0,CRUISE_LOITER,LADAKH,0,1.0
1788361124.792,5178.2,2130.9,72.0,82.8,85.6,82.5,85.4,777.1,782.5,779.0,781.0,4.93,62.2,11.9,3.0,41.0,0.72,14.1,4.2,LANE_A,20000.0,-22.0,91.9,CRUISE_LOITER,LADAKH,0,1.0
1788361125.302,5182.5,2132.7,72.0,83.1,85.5,82.7,85.5,777.5,781.2,781.3,783.3,4.84,61.8,11.9,3.0,40.8,0.7,14.13,4.2,LANE_A,20000.0,-22.0,91.9,CRUISE_LOITER,LADAKH,0,1.0
1788361125.815,5181.4,2132.3,72.0,83.2,85.7,82.6,85.0,778.2,781.2,780.4,783.9,4.86,62.2,11.9,3.0,41.1,0.73,14.12,4.1,LANE_A,20000.0,-22.0,91.9,CRUISE_LOITER,LADAKH,0,1.0
1788361126.324,5187.4,2134.7,72.0,83.0,85.9,82.4,85.1,776.9,783.4,782.2,783.4,4.87,62.0,12.1,3.0,41.0,0.74,14.1,4.1,LANE_A,20000.0,-22.0,91.8,CRUISE_LOITER,LADAKH,0,1.0
1788361126.844,5194.7,2137.8,72.0,83.0,85.4,82.7,85.1,775.3,784.0,781.8,783.1,4.89,62.5,12.0,3.0,41.0,0.72,14.08,3.8,LANE_A,20000.0,-22.0,91.8,CRUISE_LOITER,LADAKH,0,1.0
1788361127.349,5172.6,2128.7,72.0,83.2,85.6,82.6,84.9,776.6,783.8,781.8,783.4,4.81,62.0,11.8,3.0,41.0,0.71,14.12,4.1,LANE_A,20000.0,-22.0,91.8,CRUISE_LOITER,LADAKH,0,1.0
1788361127.861,5195.8,2138.2,72.0,83.2,85.3,82.8,84.7,778.1,783.5,780.2,784.0,4.86,61.8,12.0,3.0,41.0,0.72,14.07,4.1,LANE_A,20000.0,-22.0,91.7,CRUISE_LOITER,LADAKH,0,1.0
1788361128.381,5195.6,2138.1,72.0,83.1,85.3,82.7,84.9,777.8,781.5,780.1,783.6,4.87,61.9,11.9,3.0,41.3,0.71,14.11,4.0,LANE_A,20000.0,-22.0,91.7,CRUISE_LOITER,LADAKH,0,1.0
1788361128.883,5211.9,2144.8,72.0,83.1,85.5,82.5,85.0,775.6,781.4,778.6,783.1,4.85,62.0,12.0,3.0,41.1,0.71,14.09,4.0,LANE_A,20000.0,-22.0,91.7,CRUISE_LOITER,LADAKH,0,1.0
1788361129.4,5181.8,2132.4,72.0,83.1,85.7,82.2,85.1,778.5,781.3,778.5,783.9,4.85,62.2,11.9,3.0,41.0,0.7,14.08,4.0,LANE_A,20000.0,-22.0,91.6,CRUISE_LOITER,LADAKH,0,1.0
1788361129.904,5185.7,2134.0,72.0,82.9,85.4,82.7,85.0,777.1,781.6,781.0,782.9,4.89,62.1,12.0,3.0,41.0,0.73,14.08,4.0,LANE_A,20000.0,-22.0,91.6,CRUISE_LOITER,LADAKH,0,1.0
1788361130.409,5221.0,2148.6,72.0,82.9,86.0,82.6,84.9,777.2,783.5,780.0,782.1,4.85,61.9,11.9,3.0,41.0,0.73,14.09,4.0,LANE_A,20000.0,-22.0,91.6,CRUISE_LOITER,LADAKH,0,1.0
1788361130.918,5182.7,2132.8,72.0,82.9,85.8,82.4,85.0,776.4,783.6,779.3,783.2,4.86,62.1,11.9,3.0,41.0,0.74,14.11,4.0,LANE_A,20000.0,-22.0,91.5,CRUISE_LOITER,LADAKH,0,1.0
1788361131.435,5190.2,2135.9,72.0,82.9,85.7,82.6,84.8,779.0,780.5,778.4,783.0,4.88,62.1,11.9,3.0,41.2,0.72,14.1,4.1,LANE_A,20000.0,-22.0,91.5,CRUISE_LOITER,LADAKH,0,1.0
1788361131.934,5174.8,2129.5,72.0,82.9,85.5,82.2,84.6,776.2,782.6,780.8,782.9,4.86,62.3,12.1,3.0,40.9,0.75,14.13,4.0,LANE_A,20000.0,-22.0,91.5,CRUISE_LOITER,LADAKH,0,1.0
1788361132.455,5200.1,2140.0,72.0,83.2,85.5,82.4,85.1,779.2,783.2,780.0,782.5,4.88,61.9,12.1,3.0,41.1,0.72,14.11,3.9,LANE_A,20000.0,-22.0,91.4,CRUISE_LOITER,LADAKH,0,1.0
1788361132.956,5168.4,2126.9,72.0,83.0,85.8,82.5,85.0,777.6,783.8,779.5,784.5,4.85,62.3,11.9,3.0,41.1,0.72,14.1,3.9,LANE_A,20000.0,-22.0,91.4,CRUISE_LOITER,LADAKH,0,1.0
1788361133.475,5188.5,2135.2,72.0,83.2,85.6,82.2,84.9,778.5,783.4,781.6,782.0,4.82,62.0,11.9,3.0,40.8,0.73,14.08,4.0,LANE_A,20000.0,-22.0,91.3,CRUISE_LOITER,LADAKH,0,1.0
1788361133.984,5179.6,2131.5,72.0,83.2,85.4,82.4,84.9,780.2,784.0,781.5,782.8,4.84,61.9,11.9,3.0,40.9,0.72,14.12,4.0,LANE_A,20000.0,-22.0,91.3,CRUISE_LOITER,LADAKH,0,1.0
1788361134.507,5196.4,2138.4,72.0,83.2,85.6,82.3,85.0,779.1,780.9,781.2,782.5,4.89,62.6,11.9,3.0,41.3,0.99,14.07,3.9,LANE_A,20000.0,-22.0,91.3,CRUISE_LOITER,LADAKH,5,0.96
1788361135.025,5175.5,2129.8,72.0,83.0,85.6,82.1,84.9,777.5,782.8,780.9,784.7,4.86,63.5,11.8,3.0,41.5,1.26,14.09,4.0,LANE_A,20000.0,-22.0,91.2,CRUISE_LOITER,LADAKH,5,0.92
1788361135.537,5193.4,2137.2,72.0,82.6,85.5,82.3,84.6,776.8,784.5,780.5,784.0,4.86,64.0,11.7,3.0,41.8,1.51,14.1,3.9,LANE_A,20000.0,-22.0,91.2,CRUISE_LOITER,LADAKH,5,0.88
1788361136.048,5154.9,2121.4,72.0,83.1,85.3,82.4,84.8,776.7,783.6,779.3,783.3,4.8,64.7,12.0,3.0,42.0,1.73,14.1,4.0,LANE_A,20000.0,-22.0,91.2,CRUISE_LOITER,LADAKH,5,0.83
1788361136.553,5152.8,2120.5,72.0,82.7,85.6,82.4,84.7,775.3,782.5,780.7,782.0,4.83,65.5,11.8,3.0,42.4,2.0,14.07,4.0,LANE_A,20000.0,-22.0,91.1,CRUISE_LOITER,LADAKH,5,0.79
1788361137.073,5144.0,2116.9,72.0,82.4,85.5,82.4,85.0,777.6,783.3,779.5,783.3,4.83,66.0,12.0,3.0,42.6,2.26,14.09,4.2,LANE_A,20000.0,-22.0,91.1,CRUISE_LOITER,LADAKH,5,0.75
1788361137.582,5148.8,2118.8,72.0,83.2,85.5,82.4,85.0,777.0,784.4,780.3,783.2,4.82,67.0,11.8,3.0,42.8,2.54,14.13,3.8,LANE_A,20000.0,-22.0,91.0,CRUISE_LOITER,LADAKH,5,0.71
1788361138.09,5128.2,2110.4,72.0,82.6,85.5,82.3,84.7,780.2,784.2,780.3,782.4,4.88,67.6,12.0,3.0,43.3,2.8,14.11,3.9,LANE_A,20000.0,-22.0,91.0,CRUISE_LOITER,LADAKH,5,0.67
1788361138.598,5134.3,2112.9,72.0,82.9,85.4,82.1,84.8,774.6,780.2,779.8,783.5,4.86,68.1,11.9,3.0,43.3,3.04,14.12,4.2,LANE_A,20000.0,-22.0,91.0,CRUISE_LOITER,LADAKH,5,0.63
1788361139.104,5107.1,2101.7,72.0,82.4,85.4,82.6,84.5,777.6,782.1,781.3,783.2,4.82,69.1,11.8,3.0,43.6,3.3,14.13,4.1,LANE_A,20000.0,-22.0,90.9,CRUISE_LOITER,LADAKH,5,0.58
1788361139.614,5089.9,2094.6,72.0,82.8,85.2,82.2,84.7,777.0,780.8,777.9,784.2,4.87,69.7,11.8,3.0,43.8,3.58,14.12,4.0,LANE_A,20000.0,-22.0,90.9,CRUISE_LOITER,LADAKH,5,0.54
1788361140.137,5124.8,2109.0,72.0,82.8,85.7,82.9,85.0,777.9,783.5,781.0,782.9,4.83,70.5,11.8,3.0,44.0,3.83,14.11,4.0,LANE_A,20000.0,-22.0,90.8,CRUISE_LOITER,LADAKH,5,0.5
1788361140.647,5093.2,2096.0,72.0,82.9,85.3,82.4,84.8,779.2,781.8,780.9,783.0,4.91,70.4,11.8,3.0,44.4,3.83,14.07,4.0,LANE_A,20000.0,-22.0,90.8,CRUISE_LOITER,LADAKH,5,0.5
1788361141.152,5105.7,2101.1,72.0,82.8,85.3,82.3,84.7,776.1,781.4,778.6,782.2,4.89,70.3,11.8,3.0,44.2,3.81,14.08,4.0,LANE_A,20000.0,-22.0,90.7,CRUISE_LOITER,LADAKH,5,0.5
1788361141.661,5106.6,2101.5,72.0,82.9,85.3,82.5,85.0,780.6,784.5,780.4,783.7,4.83,70.3,11.9,3.0,44.3,3.85,14.11,3.9,LANE_A,20000.0,-22.0,90.7,CRUISE_LOITER,LADAKH,5,0.5
1788361142.178,5140.3,2115.3,72.0,83.0,85.5,82.4,84.8,780.3,784.4,778.8,783.6,4.85,70.5,12.0,2.9,44.2,3.82,14.11,4.1,LANE_A,20000.0,-22.0,90.7,CRUISE_LOITER,LADAKH,5,0.5
1788361142.672,5106.3,2101.4,72.0,83.0,85.4,82.3,84.9,775.4,783.3,779.8,782.1,4.8,70.5,11.9,3.0,44.1,3.84,14.09,4.0,LANE_A,20000.0,-22.0,90.6,CRUISE_LOITER,LADAKH,5,0.5
1788361143.179,5102.6,2099.8,72.0,82.7,85.5,82.1,84.8,778.5,783.1,779.7,782.9,4.89,70.1,11.8,3.0,44.1,3.81,14.12,4.2,LANE_A,20000.0,-22.0,90.6,CRUISE_LOITER,LADAKH,5,0.5
1788361143.69,5106.0,2101.2,72.0,82.7,85.4,82.6,84.5,779.1,782.2,781.0,783.0,4.86,70.3,12.0,3.0,44.2,3.83,14.13,4.2,LANE_A,20000.0,-22.0,90.5,CRUISE_LOITER,LADAKH,5,0.5
1788361144.197,5111.9,2103.7,72.0,82.9,85.5,82.3,85.0,777.2,781.1,779.8,784.7,4.85,70.4,11.9,3.0,44.1,3.81,14.1,3.9,LANE_A,20000.0,-22.0,90.5,CRUISE_LOITER,LADAKH,5,0.5
1788361144.718,5097.0,2097.5,72.0,82.9,85.0,82.4,85.1,778.5,783.7,780.8,783.5,4.79,70.0,12.0,3.0,43.9,3.83,14.11,3.9,LANE_A,20000.0,-22.0,90.4,CRUISE_LOITER,LADAKH,5,0.5
1788361145.232,5098.2,2098.0,72.0,82.9,85.4,82.3,84.9,779.0,783.7,779.3,783.2,4.93,70.1,11.8,3.0,43.9,3.82,14.09,3.9,LANE_A,20000.0,-22.0,90.4,CRUISE_LOITER,LADAKH,5,0.5
1788361145.763,5093.4,2096.0,72.0,82.8,85.5,82.5,85.2,777.2,784.2,780.0,785.2,4.85,70.2,11.9,3.0,44.0,3.84,14.1,4.0,LANE_A,20000.0,-22.0,90.4,CRUISE_LOITER,LADAKH,5,0.5
1788361146.275,5117.1,2105.8,72.0,82.9,85.3,82.2,85.0,778.8,784.7,780.0,782.2,4.85,70.2,11.9,3.0,44.5,3.83,14.08,3.9,LANE_A,20000.0,-22.0,90.3,CRUISE_LOITER,LADAKH,5,0.5
1788361146.797,5119.5,2106.8,72.0,82.8,85.1,82.1,84.8,776.8,784.3,778.5,785.0,4.88,70.0,12.0,3.0,44.1,3.85,14.11,4.1,LANE_A,20000.0,-22.0,90.3,CRUISE_LOITER,LADAKH,5,0.5
1788361147.306,5122.2,2107.9,72.0,82.6,85.2,82.0,84.5,779.9,785.0,779.5,781.9,4.89,70.0,11.9,3.0,44.1,3.83,14.08,4.0,LANE_A,20000.0,-22.0,90.2,CRUISE_LOITER,LADAKH,5,0.5
1788361147.817,5116.4,2105.5,72.0,82.5,85.3,82.0,84.7,777.0,782.0,777.2,783.8,4.9,69.8,11.8,3.0,43.8,3.83,14.11,3.9,LANE_A,20000.0,-22.0,90.2,CRUISE_LOITER,LADAKH,5,0.5
1788361148.32,5132.1,2112.0,72.0,82.7,85.1,81.9,84.8,778.6,783.0,780.8,782.6,4.85,70.1,11.7,3.0,44.0,3.81,14.07,4.1,LANE_A,20000.0,-22.0,90.1,CRUISE_LOITER,LADAKH,5,0.5
1788361148.841,5104.8,2100.7,72.0,82.5,85.5,82.0,84.9,778.2,783.4,779.9,782.5,4.88,70.2,11.8,3.0,44.1,3.81,14.1,4.0,LANE_A,20000.0,-22.0,90.1,CRUISE_LOITER,LADAKH,5,0.5
1788361149.351,5094.5,2096.5,72.0,82.8,85.3,82.1,84.9,776.2,780.9,778.0,783.7,4.89,70.3,11.9,3.0,43.8,3.83,14.11,4.0,LANE_A,20000.0,-22.0,90.0,CRUISE_LOITER,LADAKH,5,0.5
1788361149.865,5118.6,2106.4,72.0,82.6,85.3,82.1,84.6,776.6,784.4,780.3,781.3,4.87,70.3,11.8,3.0,44.1,3.86,14.08,4.0,LANE_A,20000.0,-22.0,90.0,CRUISE_LOITER,LADAKH,5,0.5
1788361150.613,5129.7,2111.0,72.0,82.9,85.3,82.2,84.8,778.3,782.7,778.5,783.6,4.83,70.2,11.9,3.0,43.8,3.83,14.08,4.2,LANE_A,20000.0,-22.0,90.0,CRUISE_LOITER,LADAKH,5,0.5
1788361151.485,5107.7,2101.9,72.0,82.6,85.0,82.1,84.7,776.2,781.4,778.2,783.7,4.88,69.9,11.8,3.0,44.1,3.83,14.09,4.2,LANE_A,20000.0,-22.0,89.9,CRUISE_LOITER,LADAKH,5,0.5
1788361152.025,5112.0,2103.7,72.0,82.8,84.9,82.2,84.7,778.1,781.5,780.5,784.0,4.81,70.0,11.8,3.0,44.1,3.83,14.09,3.9,LANE_A,20000.0,-22.0,89.9,CRUISE_LOITER,LADAKH,5,0.5
1788361152.566,5110.1,2102.9,72.0,82.4,85.1,82.1,84.9,776.3,784.4,779.8,783.3,4.92,70.2,11.8,3.0,43.9,3.82,14.09,3.9,LANE_A,20000.0,-22.0,89.8,CRUISE_LOITER,LADAKH,5,0.5
1788361153.383,5136.5,2113.8,72.0,82.7,85.3,82.1,84.6,779.7,783.3,777.2,782.7,4.86,70.2,11.9,3.0,44.0,3.83,14.12,4.1,LANE_A,20000.0,-22.0,89.8,CRUISE_LOITER,LADAKH,5,0.5
1788361154.118,5163.4,2124.9,72.0,82.8,85.4,81.7,84.6,779.7,781.9,778.6,781.1,4.78,70.1,11.8,3.0,44.3,3.81,14.1,3.9,LANE_A,20000.0,-22.0,89.7,CRUISE_LOITER,LADAKH,5,0.5
1788361154.696,5093.2,2096.0,72.0,82.5,85.3,82.0,84.9,778.6,783.5,780.9,783.9,4.85,70.0,11.8,3.0,44.0,3.81,14.11,3.9,LANE_A,20000.0,-22.0,89.7,CRUISE_LOITER,LADAKH,5,0.5
1788361155.224,5123.4,2108.4,72.0,82.6,85.3,81.7,84.7,777.8,783.0,778.8,784.8,4.88,69.9,11.8,3.0,44.0,3.79,14.1,4.2,LANE_A,20000.0,-22.0,89.6,CRUISE_LOITER,LADAKH,5,0.5
1788361155.737,5125.2,2109.1,72.0,82.8,85.1,82.2,85.0,778.1,782.1,780.1,783.9,4.82,70.0,11.8,3.0,44.1,3.84,14.12,4.1,LANE_A,20000.0,-22.0,89.6,CRUISE_LOITER,LADAKH,5,0.5
1788361156.256,5108.6,2102.3,72.0,82.4,85.1,82.3,84.6,777.2,783.0,779.2,782.0,4.83,70.2,11.7,3.0,44.1,3.84,14.12,4.1,LANE_A,20000.0,-22.0,89.5,CRUISE_LOITER,LADAKH,5,0.5
1788361156.789,5106.9,2101.6,72.0,82.8,85.1,82.0,84.3,776.9,781.7,780.1,783.3,4.88,70.3,11.9,3.0,43.7,3.81,14.07,3.9,LANE_A,20000.0,-22.0,89.5,CRUISE_LOITER,LADAKH,5,0.5
1788361157.314,5096.5,2097.3,72.0,82.8,85.1,82.1,84.6,778.5,782.5,778.2,783.7,4.86,69.9,11.8,3.0,43.8,3.82,14.07,4.2,LANE_A,20000.0,-22.0,89.4,CRUISE_LOITER,LADAKH,5,0.5
1788361157.85,5117.5,2106.0,72.0,82.3,85.2,82.3,84.7,778.7,782.9,780.8,782.1,4.87,70.4,11.8,3.0,43.8,3.85,14.07,3.9,LANE_A,20000.0,-22.0,89.4,CRUISE_LOITER,LADAKH,5,0.5
1788361158.375,5112.5,2103.9,72.0,82.6,85.1,82.3,84.5,778.3,784.0,778.5,783.6,4.83,69.9,11.7,3.0,44.0,3.81,14.1,4.0,LANE_A,20000.0,-22.0,89.3,CRUISE_LOITER,LADAKH,5,0.5
1788361158.907,5077.3,2089.4,72.0,82.4,85.3,82.4,84.6,776.1,783.8,781.0,785.6,4.86,70.0,11.8,3.0,43.8,3.82,14.12,3.9,LANE_A,20000.0,-22.0,89.3,CRUISE_LOITER,LADAKH,5,0.5
1788361159.423,5113.2,2104.2,72.0,82.7,85.3,82.3,84.8,779.2,783.5,778.1,781.6,4.85,69.7,11.8,3.0,43.8,3.82,14.09,4.0,LANE_A,20000.0,-22.0,89.2,CRUISE_LOITER,LADAKH,5,0.5
1788361159.936,5106.9,2101.6,72.0,82.4,84.9,81.9,84.4,778.9,782.7,781.0,783.0,4.88,69.8,11.8,3.0,44.1,3.84,14.1,3.9,LANE_A,20000.0,-22.0,89.2,CRUISE_LOITER,LADAKH,5,0.5
1788361160.452,5127.3,2110.0,72.0,82.5,85.2,81.8,84.5,775.7,783.1,779.5,782.8,4.84,70.1,11.8,3.0,43.8,3.84,14.08,4.2,LANE_A,20000.0,-22.0,89.1,CRUISE_LOITER,LADAKH,5,0.5
1788361160.964,5111.9,2103.7,72.0,82.3,85.0,82.2,84.4,777.8,786.3,777.6,783.6,4.88,70.1,11.8,3.0,43.7,3.86,14.14,3.9,LANE_A,20000.0,-22.0,89.1,CRUISE_LOITER,LADAKH,5,0.5
1788361161.48,5096.9,2097.5,72.0,82.5,84.7,82.0,84.6,779.5,785.0,781.1,780.7,4.85,70.2,11.8,3.0,43.9,3.84,14.08,4.0,LANE_A,20000.0,-22.0,89.1,CRUISE_LOITER,LADAKH,5,0.5
1788361161.985,5107.0,2101.6,72.0,82.5,84.8,82.0,84.4,778.3,783.2,780.8,783.2,4.9,69.8,11.7,3.0,43.7,3.8,14.09,4.1,LANE_A,20000.0,-22.0,89.0,CRUISE_LOITER,LADAKH,5,0.5
1788361162.501,5125.8,2109.4,72.0,82.7,85.1,81.8,84.7,777.2,782.0,781.0,783.1,4.83,70.0,11.6,3.0,43.8,3.79,14.13,4.1,LANE_A,20000.0,-22.0,89.0,CRUISE_LOITER,LADAKH,5,0.5
1788361163.027,5131.2,2111.6,72.0,82.7,84.7,82.2,84.6,779.4,781.8,778.5,782.7,4.88,69.9,11.8,3.0,44.1,3.85,14.13,4.1,LANE_A,20000.0,-22.0,88.9,CRUISE_LOITER,LADAKH,5,0.5
1788361163.565,5138.9,2114.8,72.0,82.5,85.1,82.1,84.6,779.4,784.2,777.8,784.3,4.87,70.3,11.8,3.0,43.9,3.83,14.06,4.1,LANE_A,20000.0,-22.0,88.9,CRUISE_LOITER,LADAKH,5,0.5
1788361164.102,5113.2,2104.2,72.0,82.4,85.1,82.1,84.4,776.8,782.6,780.6,783.4,4.86,69.8,11.8,3.0,43.7,3.83,14.11,3.8,LANE_A,20000.0,-22.0,88.8,CRUISE_LOITER,LADAKH,5,0.5
1788361164.614,5138.7,2114.7,72.0,82.4,84.8,81.9,84.2,778.7,783.5,779.8,782.8,4.84,69.9,11.8,3.0,43.7,3.84,14.13,4.0,LANE_A,20000.0,-22.0,88.8,CRUISE_LOITER,LADAKH,5,0.5
1788361165.137,5130.8,2111.4,72.0,82.3,85.1,82.0,84.6,776.5,782.1,780.6,783.9,4.85,69.7,11.8,3.0,43.9,3.82,14.11,4.0,LANE_A,20000.0,-22.0,88.7,CRUISE_LOITER,LADAKH,5,0.5
1788361165.655,5089.4,2094.4,72.0,82.2,85.5,81.9,84.5,778.1,783.1,778.8,783.7,4.88,70.1,11.8,3.0,43.9,3.82,14.1,3.9,LANE_A,20000.0,-22.0,88.7,CRUISE_LOITER,LADAKH,5,0.5
1788361166.18,5102.7,2099.9,72.0,82.5,84.9,82.0,84.4,778.1,782.0,778.2,784.1,4.97,70.0,11.7,3.0,43.9,3.83,14.06,4.1,LANE_A,20000.0,-22.0,88.6,CRUISE_LOITER,LADAKH,5,0.5
1788361166.747,5082.1,2091.4,72.0,82.5,85.0,82.2,84.5,776.9,784.2,780.1,782.9,4.93,69.9,11.8,3.0,43.6,3.82,14.11,3.8,LANE_A,20000.0,-22.0,88.6,CRUISE_LOITER,LADAKH,5,0.5
1788361167.278,5124.4,2108.8,72.0,82.3,85.0,82.0,84.5,777.8,784.5,778.9,785.8,4.92,70.1,11.8,3.0,43.8,3.84,14.09,4.3,LANE_A,20000.0,-22.0,88.5,CRUISE_LOITER,LADAKH,5,0.5
1788361167.791,5108.8,2102.4,72.0,82.6,85.1,81.8,84.5,780.4,781.6,781.1,783.1,4.86,70.3,11.8,3.0,43.9,3.84,14.08,4.0,LANE_A,20000.0,-22.0,88.5,CRUISE_LOITER,LADAKH,5,0.5
1788361168.318,5096.6,2097.4,72.0,82.2,84.9,82.0,84.4,776.4,782.7,781.0,783.6,4.85,69.7,11.8,3.0,43.8,3.82,14.12,4.0,LANE_A,20000.0,-22.0,88.4,CRUISE_LOITER,LADAKH,5,0.5
1788361168.825,5112.3,2103.8,72.0,82.9,85.1,82.1,84.5,777.0,782.9,779.0,783.1,4.87,69.9,11.7,3.0,43.8,3.83,14.1,4.0,LANE_A,20000.0,-22.0,88.4,CRUISE_LOITER,LADAKH,5,0.5
1788361169.338,5123.6,2108.5,72.0,82.4,85.4,82.4,84.3,779.4,785.1,780.7,785.5,4.86,69.7,11.6,3.0,43.7,3.82,14.13,4.0,LANE_A,20000.0,-22.0,88.3,CRUISE_LOITER,LADAKH,5,0.5
1788361169.84,5080.8,2090.9,72.0,82.3,85.0,82.0,84.3,777.5,782.6,779.9,782.5,4.87,69.8,11.8,3.0,43.5,3.83,14.1,4.0,LANE_A,20000.0,-22.0,88.3,CRUISE_LOITER,LADAKH,5,0.5
1788361170.358,5095.9,2097.1,72.0,82.4,85.0,81.9,84.7,778.4,783.0,777.9,781.9,4.83,70.0,11.6,3.0,43.6,3.83,14.1,4.2,LANE_A,20000.0,-22.0,88.2,CRUISE_LOITER,LADAKH,5,0.5
1788361170.871,5113.8,2104.4,72.0,82.1,85.3,82.1,84.5,777.0,783.1,779.0,785.1,4.86,70.0,11.7,3.0,43.6,3.84,14.09,4.1,LANE_A,20000.0,-22.0,88.2,CRUISE_LOITER,LADAKH,5,0.5
1788361171.384,5128.7,2110.6,72.0,82.4,85.0,82.2,84.3,777.0,783.6,780.0,782.3,4.85,70.0,11.7,3.0,43.7,3.84,14.09,4.0,LANE_A,20000.0,-22.0,88.1,CRUISE_LOITER,LADAKH,5,0.5
1788361171.907,5078.0,2089.7,72.0,82.4,84.8,82.0,84.4,778.1,780.3,779.8,782.9,4.85,70.0,11.7,3.0,43.7,3.81,14.11,3.9,LANE_A,20000.0,-22.0,88.1,CRUISE_LOITER,LADAKH,5,0.5
1788361172.419,5095.8,2097.0,72.0,82.3,84.9,82.1,84.0,777.3,782.8,779.1,783.8,4.9,69.9,11.6,3.0,43.8,3.85,14.09,4.0,LANE_A,20000.0,-22.0,88.0,CRUISE_LOITER,LADAKH,5,0.5
1788361172.931,5115.6,2105.2,72.0,82.2,85.1,81.8,84.4,777.5,783.2,780.1,783.0,4.86,69.5,11.6,3.0,43.6,3.81,14.09,3.9,LANE_A,20000.0,-22.0,88.0,CRUISE_LOITER,LADAKH,5,0.5
1788361173.445,5104.1,2100.5,72.0,82.2,85.2,81.7,84.3,779.6,783.4,778.1,784.0,4.87,69.8,11.8,3.0,43.7,3.82,14.1,4.0,LANE_A,20000.0,-22.0,87.9,CRUISE_LOITER,LADAKH,5,0.5
1788361173.965,5128.5,2110.5,72.0,82.0,84.7,82.0,84.5,779.2,780.9,779.6,782.0,4.85,69.6,11.7,3.0,43.7,3.83,14.08,4.0,LANE_A,20000.0,-22.0,87.9,CRUISE_LOITER,LADAKH,5,0.5
1788361174.469,5111.0,2103.3,72.0,82.3,84.7,81.8,84.4,778.0,782.6,780.1,781.5,4.86,69.8,11.8,3.0,43.7,3.83,14.11,4.1,LANE_A,20000.0,-22.0,87.8,CRUISE_LOITER,LADAKH,5,0.5
1788361175.264,5106.4,2101.4,72.0,82.4,84.8,81.8,84.3,778.8,781.9,780.0,782.6,4.83,70.0,11.8,3.0,43.6,3.83,14.05,4.0,LANE_A,20000.0,-22.0,87.8,CRUISE_LOITER,LADAKH,5,0.5
1788361175.785,5113.3,2104.2,72.0,82.2,84.7,81.9,84.7,776.4,782.2,779.8,782.0,4.9,69.7,11.8,3.0,43.7,3.82,14.09,4.0,LANE_A,20000.0,-22.0,87.7,CRUISE_LOITER,LADAKH,5,0.5
1788361176.295,5108.5,2102.3,72.0,82.1,84.5,81.5,84.4,776.8,781.1,779.4,783.3,4.83,69.7,11.7,3.0,43.4,3.81,14.11,3.8,LANE_A,20000.0,-22.0,87.7,CRUISE_LOITER,LADAKH,5,0.5
1788361176.818,5113.9,2104.5,72.0,82.4,84.9,81.7,84.7,777.3,780.9,781.4,781.6,4.87,70.1,11.7,3.0,43.6,3.81,14.08,4.0,LANE_A,20000.0,-22.0,87.6,CRUISE_LOITER,LADAKH,5,0.5
1788361177.337,5121.5,2107.6,72.0,82.4,84.8,81.7,84.4,777.7,782.0,779.3,782.4,4.85,69.7,11.6,3.0,43.5,3.84,14.08,4.0,LANE_A,20000.0,-22.0,87.6,CRUISE_LOITER,LADAKH,5,0.5
1788361177.853,5090.6,2094.9,72.0,82.5,84.8,81.8,84.1,778.2,783.1,779.3,783.7,4.87,69.9,11.7,3.0,43.5,3.82,14.11,4.0,LANE_A,20000.0,-22.0,87.5,CRUISE_LOITER,LADAKH,5,0.5
1788361178.361,5112.6,2104.0,72.0,82.6,85.0,81.9,84.4,777.3,782.5,779.6,781.4,4.87,70.0,11.6,3.0,43.6,3.83,14.11,4.0,LANE_A,20000.0,-22.0,87.5,CRUISE_LOITER,LADAKH,5,0.5
1788361178.877,5087.3,2093.5,72.0,82.3,85.0,81.6,84.4,777.4,781.6,780.0,783.2,4.82,69.7,11.7,3.0,43.5,3.83,14.13,4.0,LANE_A,20000.0,-22.0,87.4,CRUISE_LOITER,LADAKH,5,0.5
1788361179.38,5065.4,2084.5,72.0,82.6,84.9,81.8,84.2,775.4,782.4,777.4,782.4,4.87,69.8,11.7,3.0,43.4,3.81,14.1,4.1,LANE_A,20000.0,-22.0,87.4,CRUISE_LOITER,LADAKH,5,0.5
1788361179.906,5114.0,2104.5,72.0,82.4,85.2,81.6,84.4,776.6,782.1,779.4,781.0,4.82,69.7,11.7,3.0,43.5,3.82,14.05,3.8,LANE_A,20000.0,-22.0,87.3,CRUISE_LOITER,LADAKH,5,0.5
1788361180.434,5108.6,2102.3,72.0,82.6,84.6,82.1,84.3,776.8,782.4,781.5,782.4,4.86,69.8,11.7,3.0,43.6,3.79,14.1,4.0,LANE_A,20000.0,-22.0,87.3,CRUISE_LOITER,LADAKH,5,0.5
1788361180.979,5104.8,2100.7,72.0,82.5,84.7,81.9,84.4,777.4,783.7,779.7,782.6,4.85,69.7,11.7,3.0,43.5,3.86,14.12,4.1,LANE_A,20000.0,-22.0,87.2,CRUISE_LOITER,LADAKH,5,0.5
1788361181.514,5113.3,2104.2,72.0,82.6,84.8,81.9,84.1,776.1,783.0,778.6,782.9,4.89,69.7,11.6,3.0,43.2,3.84,14.08,4.1,LANE_A,20000.0,-22.0,87.2,CRUISE_LOITER,LADAKH,5,0.5
1788361182.029,5103.9,2100.4,72.0,82.2,84.6,82.0,84.3,777.1,781.2,779.1,782.3,4.87,69.8,11.6,3.0,43.6,3.81,14.14,4.1,LANE_A,20000.0,-22.0,87.1,CRUISE_LOITER,LADAKH,5,0.5
1788361182.539,5086.0,2093.0,72.0,82.1,84.9,81.6,84.6,778.2,782.4,780.8,782.3,4.82,69.3,11.8,3.0,43.5,3.84,14.12,4.4,LANE_A,20000.0,-22.0,87.1,CRUISE_LOITER,LADAKH,5,0.5
1788361183.06,5087.1,2093.5,72.0,82.0,84.8,82.0,84.2,777.1,781.6,780.9,783.3,4.84,69.9,11.7,3.0,43.8,3.79,14.07,4.0,LANE_A,20000.0,-22.0,87.0,CRUISE_LOITER,LADAKH,5,0.5
1788361183.589,5098.2,2098.0,72.0,82.2,84.6,81.8,84.2,776.9,782.3,779.6,781.8,4.88,69.8,11.6,3.0,43.3,3.84,14.09,4.0,LANE_A,20000.0,-22.0,87.0,CRUISE_LOITER,LADAKH,5,0.5
1788361184.117,5109.5,2102.7,72.0,82.6,84.8,81.8,84.4,779.0,782.2,778.8,782.6,4.82,69.8,11.6,3.0,43.6,3.82,14.05,4.0,LANE_A,20000.0,-22.0,86.9,CRUISE_LOITER,LADAKH,5,0.5
1788361184.631,5110.5,2103.1,72.0,82.4,84.9,81.9,84.2,778.0,782.1,777.4,782.3,4.79,69.7,11.6,3.0,43.7,3.81,14.12,4.0,LANE_A,20000.0,-22.0,86.9,CRUISE_LOITER,LADAKH,5,0.5
1788361185.156,5136.0,2113.6,72.0,82.1,85.2,82.0,84.4,778.9,783.4,780.3,783.0,4.88,69.5,11.6,3.0,43.4,3.84,14.12,4.2,LANE_A,20000.0,-22.0,86.8,CRUISE_LOITER,LADAKH,5,0.5
1788361185.665,5101.1,2099.2,72.0,82.3,84.9,81.7,84.1,777.9,780.7,779.4,783.1,4.89,69.9,11.6,3.0,43.4,3.83,14.12,4.0,LANE_A,20000.0,-22.0,86.8,CRUISE_LOITER,LADAKH,5,0.5
1788361186.18,5084.5,2092.4,72.0,82.3,84.6,81.7,84.3,776.1,783.4,778.4,783.2,4.89,69.5,11.5,3.0,43.5,3.82,14.13,3.8,LANE_A,20000.0,-22.0,86.7,CRUISE_LOITER,LADAKH,5,0.5
1788361186.761,5091.2,2095.1,72.0,82.4,84.8,81.7,84.3,777.1,782.9,780.6,784.7,4.87,69.9,11.6,3.0,43.3,3.8,14.11,4.0,LANE_A,20000.0,-22.0,86.7,CRUISE_LOITER,LADAKH,5,0.5
1788361187.279,5122.2,2107.9,72.0,82.3,84.8,81.7,84.0,776.4,783.0,778.4,781.1,4.85,69.4,11.6,3.0,43.6,3.84,14.06,4.1,LANE_A,20000.0,-22.0,86.6,CRUISE_LOITER,LADAKH,5,0.5
1788361187.798,5103.4,2100.2,72.0,82.1,84.9,81.9,83.8,778.1,780.2,777.1,782.2,4.85,69.7,11.5,3.0,43.5,3.83,14.1,3.9,LANE_A,20000.0,-22.0,86.6,CRUISE_LOITER,LADAKH,5,0.5
1788361188.303,5112.3,2103.8,72.0,82.3,85.0,81.8,84.3,777.3,782.5,778.3,782.8,4.83,69.9,11.6,3.0,43.6,3.83,14.08,4.1,LANE_A,20000.0,-22.0,86.5,CRUISE_LOITER,LADAKH,5,0.5
1788361188.816,5112.7,2104.0,72.0,82.3,84.9,82.0,84.1,777.5,783.0,782.1,782.9,4.85,69.8,11.6,3.0,43.4,3.82,14.11,4.0,LANE_A,20000.0,-22.0,86.5,CRUISE_LOITER,LADAKH,5,0.5
1788361189.324,5101.4,2099.3,72.0,82.3,84.5,81.5,84.2,776.9,783.8,780.5,781.1,4.85,69.6,11.7,3.0,43.5,3.81,14.09,4.0,LANE_A,20000.0,-22.0,86.4,CRUISE_LOITER,LADAKH,5,0.5
1788361189.834,5106.0,2101.2,72.0,82.3,84.7,81.6,84.5,779.2,782.7,779.5,781.7,4.84,69.7,11.6,3.0,43.2,3.81,14.09,4.1,LANE_A,20000.0,-22.0,86.4,CRUISE_LOITER,LADAKH,5,0.5
1788361190.343,5125.3,2109.2,72.0,82.3,84.6,82.0,84.4,777.5,783.5,778.9,782.7,4.84,69.7,11.6,3.0,43.4,3.83,14.12,3.8,LANE_A,20000.0,-22.0,86.3,CRUISE_LOITER,LADAKH,5,0.5
1788361190.869,5099.1,2098.4,72.0,82.3,84.7,81.6,84.5,777.6,785.0,779.1,781.3,4.85,69.6,11.5,3.0,43.4,3.82,14.11,4.2,LANE_A,20000.0,-22.0,86.3,CRUISE_LOITER,LADAKH,5,0.5
1788361191.38,5094.0,2096.3,72.0,82.3,84.8,81.6,83.8,778.2,782.5,776.1,780.6,4.9,69.7,11.7,3.0,43.2,3.82,14.1,4.1,LANE_A,20000.0,-22.0,86.2,CRUISE_LOITER,LADAKH,5,0.5
1788361191.885,5112.8,2104.0,72.0,82.5,84.9,81.8,84.3,778.7,780.3,775.7,782.3,4.86,69.5,11.6,3.0,43.3,3.82,14.1,4.0,LANE_A,20000.0,-22.0,86.2,CRUISE_LOITER,LADAKH,5,0.5
1788361192.408,5105.9,2101.2,72.0,82.2,84.4,81.8,84.2,778.3,782.0,783.2,782.2,4.86,69.5,11.6,3.0,43.4,3.82,14.13,3.9,LANE_A,20000.0,-22.0,86.2,CRUISE_LOITER,LADAKH,5,0.5
1788361192.922,5115.5,2105.1,72.0,82.4,84.5,81.9,84.5,777.7,784.2,781.7,784.9,4.86,69.4,11.7,3.0,43.4,3.82,14.12,3.8,LANE_A,20000.0,-22.0,86.1,CRUISE_LOITER,LADAKH,5,0.5
1788361193.432,5090.3,2094.8,72.0,82.2,84.8,81.6,84.2,779.5,780.1,782.3,783.9,4.85,70.1,11.5,3.0,43.3,3.83,14.08,4.0,LANE_A,20000.0,-22.0,86.1,CRUISE_LOITER,LADAKH,5,0.5
1788361193.953,5120.3,2107.1,72.0,82.3,84.8,81.9,84.2,778.0,785.5,779.8,781.8,4.83,69.5,11.4,3.0,43.2,3.81,14.1,3.9,LANE_A,20000.0,-22.0,86.0,CRUISE_LOITER,LADAKH,5,0.5
1788361194.464,5117.9,2106.1,72.0,82.3,84.8,81.6,84.2,779.1,784.5,778.7,781.6,4.89,69.7,11.6,3.0,43.2,3.82,14.12,4.0,LANE_A,20000.0,-22.0,86.0,CRUISE_LOITER,LADAKH,5,0.5
1788361194.967,5100.3,2098.9,72.0,81.8,84.3,81.7,84.1,778.1,779.7,777.6,782.0,4.85,69.5,11.6,3.0,43.3,3.81,14.09,4.0,LANE_A,20000.0,-22.0,85.9,CRUISE_LOITER,LADAKH,5,0.5
1788361195.489,5093.3,2096.0,72.0,82.2,84.6,81.5,83.9,777.5,784.0,777.7,779.5,4.87,69.5,11.7,3.0,43.2,3.82,14.12,4.0,LANE_A,20000.0,-22.0,85.9,CRUISE_LOITER,LADAKH,5,0.5
1788361195.993,5080.5,2090.7,72.0,82.3,84.5,81.3,84.5,778.8,783.1,777.8,782.4,4.84,69.6,11.7,3.0,43.1,3.84,14.1,4.1,LANE_A,20000.0,-22.0,85.8,CRUISE_LOITER,LADAKH,5,0.5
1788361196.507,5104.2,2100.5,72.0,82.4,84.5,81.7,84.2,777.2,781.6,779.6,784.7,4.86,69.6,11.6,3.0,43.3,3.85,14.08,4.0,LANE_A,20000.0,-22.0,85.8,CRUISE_LOITER,LADAKH,5,0.5
1788361197.014,5077.0,2089.3,72.0,82.2,84.9,81.8,84.0,776.3,782.3,779.9,782.1,4.89,69.5,11.6,3.0,43.4,3.83,14.14,4.1,LANE_A,20000.0,-22.0,85.7,CRUISE_LOITER,LADAKH,5,0.5
1788361197.531,5080.6,2090.8,72.0,82.0,84.5,81.9,84.1,779.6,782.4,778.8,783.6,4.89,69.3,11.7,3.0,43.6,3.83,14.11,4.0,LANE_A,20000.0,-22.0,85.7,CRUISE_LOITER,LADAKH,5,0.5
1788361198.045,5091.0,2095.1,72.0,82.3,84.7,81.7,84.5,779.2,781.5,780.4,782.9,4.83,69.8,11.8,3.0,43.1,3.83,14.12,4.0,LANE_A,20000.0,-22.0,85.7,CRUISE_LOITER,LADAKH,5,0.5
1788361198.564,5084.6,2092.4,72.0,82.3,84.8,81.6,84.0,779.5,783.6,779.0,782.7,4.87,69.6,11.6,3.0,43.2,3.81,14.11,3.8,LANE_A,20000.0,-22.0,85.6,CRUISE_LOITER,LADAKH,5,0.5
1788361199.075,5107.1,2101.7,72.0,81.8,84.8,81.4,84.0,778.0,782.9,779.4,783.8,4.9,69.6,11.7,3.0,43.4,3.82,14.11,4.0,LANE_A,20000.0,-22.0,85.6,CRUISE_LOITER,LADAKH,5,0.5
1788361199.585,5131.8,2111.9,72.0,82.2,84.4,81.8,83.8,777.9,784.1,779.2,781.8,4.9,69.7,11.5,3.0,43.2,3.81,14.1,3.9,LANE_A,20000.0,-22.0,85.5,CRUISE_LOITER,LADAKH,5,0.5
1788361200.092,5089.5,2094.4,72.0,82.3,84.6,81.5,84.3,777.7,783.7,777.8,782.2,4.86,69.5,11.6,3.0,43.0,3.83,14.09,4.2,LANE_A,20000.0,-22.0,85.5,CRUISE_LOITER,LADAKH,5,0.5
1788361200.611,5088.1,2093.9,72.0,82.3,84.5,81.8,84.0,779.6,782.2,780.1,782.8,4.87,69.5,11.6,3.0,43.1,3.83,14.08,4.1,LANE_A,20000.0,-22.0,85.4,CRUISE_LOITER,LADAKH,5,0.5
1788361201.128,5104.6,2100.7,72.0,82.2,84.8,81.6,84.3,778.1,781.1,779.7,781.6,4.83,69.4,11.5,3.0,43.1,3.82,14.08,4.0,LANE_A,20000.0,-22.0,85.4,CRUISE_LOITER,LADAKH,5,0.5
1788361201.644,5103.8,2100.3,72.0,81.9,84.6,81.8,83.9,778.3,782.7,778.8,780.7,4.83,69.4,11.6,3.0,43.1,3.82,14.11,4.0,LANE_A,20000.0,-22.0,85.4,CRUISE_LOITER,LADAKH,5,0.5
1788361202.153,5088.9,2094.2,72.0,82.0,84.7,81.7,84.2,777.9,781.1,781.8,784.2,4.84,69.8,11.5,3.0,43.4,3.81,14.1,4.0,LANE_A,20000.0,-22.0,85.3,CRUISE_LOITER,LADAKH,5,0.5
1788361202.668,5092.6,2095.7,72.0,82.0,84.3,81.7,84.1,777.9,782.1,777.9,781.7,4.92,69.1,11.5,3.0,43.2,3.82,14.07,3.8,LANE_A,20000.0,-22.0,85.3,CRUISE_LOITER,LADAKH,5,0.5
1788361203.186,5085.9,2093.0,72.0,82.2,84.4,81.6,83.9,777.0,782.3,780.4,782.5,4.85,69.6,11.6,3.0,43.0,3.85,14.11,4.0,LANE_A,20000.0,-22.0,85.2,CRUISE_LOITER,LADAKH,5,0.5
1788361203.704,5096.0,2097.1,72.0,81.9,84.9,81.5,84.0,778.5,782.9,778.9,782.9,4.82,69.6,11.6,3.0,43.3,3.83,14.1,3.9,LANE_A,20000.0,-22.0,85.2,CRUISE_LOITER,LADAKH,5,0.5
1788361204.221,5107.6,2101.9,72.0,81.8,84.6,81.7,84.0,777.0,782.7,779.6,783.9,4.89,69.4,11.6,3.0,43.1,3.8,14.1,4.0,LANE_A,20000.0,-22.0,85.1,CRUISE_LOITER,LADAKH,5,0.5
1788361204.729,5099.2,2098.4,72.0,82.0,84.5,81.8,84.1,778.7,781.4,777.9,783.7,4.9,69.5,11.5,3.0,43.2,3.83,14.07,4.1,LANE_A,20000.0,-22.0,85.1,CRUISE_LOITER,LADAKH,5,0.5
1788361205.246,5086.3,2093.1,72.0,81.7,84.5,81.6,84.0,776.5,782.8,781.9,782.0,4.87,69.0,11.5,3.0,43.0,3.86,14.09,4.0,LANE_A,20000.0,-22.0,85.1,CRUISE_LOITER,LADAKH,5,0.5
1788361205.757,5099.6,2098.6,72.0,82.3,84.8,81.4,84.3,777.8,782.8,777.8,781.5,4.88,69.3,11.6,3.0,43.4,3.83,14.11,4.0,LANE_A,20000.0,-22.0,85.0,CRUISE_LOITER,LADAKH,5,0.5
1788361206.267,5091.1,2095.1,72.0,82.0,84.5,81.6,84.1,776.5,781.4,781.5,782.4,4.91,69.3,11.4,3.0,42.8,3.82,14.12,4.0,LANE_A,20000.0,-22.0,85.0,CRUISE_LOITER,LADAKH,5,0.5
1788361206.928,5091.9,2095.4,72.0,82.0,84.6,81.5,84.4,776.6,782.7,781.3,782.7,4.86,69.6,11.5,3.0,43.1,3.83,14.08,4.0,LANE_A,20000.0,-22.0,84.9,CRUISE_LOITER,LADAKH,5,0.5
1788361207.435,5090.1,2094.7,72.0,81.8,84.4,81.5,84.1,778.7,784.2,780.5,782.9,4.86,69.6,11.5,3.0,43.0,3.83,14.09,4.0,LANE_A,20000.0,-22.0,84.9,CRUISE_LOITER,LADAKH,5,0.5
1788361207.956,5121.8,2107.7,72.0,81.7,84.6,81.6,83.9,777.2,782.4,780.5,783.9,4.92,69.4,11.5,3.0,43.0,3.8,14.09,4.2,LANE_A,20000.0,-22.0,84.9,CRUISE_LOITER,LADAKH,5,0.5
1788361208.46,5083.0,2091.8,72.0,82.0,84.5,81.6,84.1,776.9,782.4,780.1,784.0,4.85,69.2,11.4,3.0,43.2,3.82,14.1,3.9,LANE_A,20000.0,-22.0,84.8,CRUISE_LOITER,LADAKH,5,0.5
1788361208.974,5118.0,2106.2,72.0,82.0,84.4,81.6,84.1,779.6,783.5,780.9,781.1,4.88,69.1,11.5,3.0,43.1,3.83,14.1,3.8,LANE_A,20000.0,-22.0,84.8,CRUISE_LOITER,LADAKH,5,0.5
1788361209.493,5096.9,2097.5,72.0,82.1,84.4,81.7,84.2,779.2,782.0,778.8,783.0,4.9,69.3,11.4,3.0,43.3,3.83,14.11,3.9,LANE_A,20000.0,-22.0,84.7,CRUISE_LOITER,LADAKH,5,0.5
1788361210.002,5106.9,2101.6,72.0,81.9,84.7,81.1,84.1,779.7,784.0,778.8,781.0,4.89,69.7,11.5,3.0,43.0,3.84,14.06,3.9,LANE_A,20000.0,-22.0,84.7,CRUISE_LOITER,LADAKH,5,0.5
1788361210.521,5104.6,2100.7,72.0,81.8,84.4,81.6,84.0,776.5,783.2,779.2,782.9,4.9,69.5,11.7,3.0,42.9,3.81,14.13,4.1,LANE_A,20000.0,-22.0,84.7,CRUISE_LOITER,LADAKH,5,0.5
1788361211.032,5088.9,2094.2,72.0,81.7,84.6,81.4,83.9,778.3,783.4,780.4,783.7,4.87,69.0,11.7,3.0,43.0,3.82,14.12,3.9,LANE_A,20000.0,-22.0,84.6,CRUISE_LOITER,LADAKH,5,0.5
1788361211.55,5087.3,2093.5,72.0,81.9,84.6,81.2,84.1,778.0,782.8,777.0,784.0,4.86,69.4,11.6,3.0,42.9,3.81,14.08,4.0,LANE_A,20000.0,-22.0,84.6,CRUISE_LOITER,LADAKH,5,0.5
1788361212.061,5072.4,2087.4,72.0,81.8,84.5,81.3,84.3,777.5,784.3,780.1,784.3,4.91,69.1,11.6,3.0,42.9,3.82,14.13,4.0,LANE_A,20000.0,-22.0,84.6,CRUISE_LOITER,LADAKH,5,0.5
1788361212.572,5041.6,2074.7,72.0,82.1,84.5,81.3,84.1,778.4,785.3,777.8,783.5,4.86,69.5,11.4,3.0,43.0,3.84,14.11,4.1,LANE_A,20000.0,-22.0,84.5,CRUISE_LOITER,LADAKH,5,0.5
1788361213.081,5105.9,2101.2,72.0,81.9,84.3,81.5,83.8,776.2,782.3,781.5,784.2,4.84,69.4,11.5,3.0,43.0,3.85,14.09,3.8,LANE_A,20000.0,-22.0,84.5,CRUISE_LOITER,LADAKH,5,0.5
1788361213.602,5096.0,2097.1,72.0,81.7,84.6,81.4,83.8,776.6,784.3,779.1,783.6,4.86,69.2,11.4,3.0,43.0,3.81,14.15,4.0,LANE_A,20000.0,-22.0,84.5,CRUISE_LOITER,LADAKH,5,0.5
1788361214.114,5076.6,2089.1,72.0,82.0,84.1,81.5,84.2,778.7,781.9,777.6,782.6,4.87,69.0,11.4,3.0,43.0,3.82,14.09,4.1,LANE_A,20000.0,-22.0,84.4,CRUISE_LOITER,LADAKH,5,0.5
1788361214.627,5095.2,2096.8,72.0,81.5,84.6,81.5,84.1,778.6,781.9,779.8,783.2,4.85,69.0,11.5,3.0,42.8,3.81,14.1,4.0,LANE_A,20000.0,-22.0,84.4,CRUISE_LOITER,LADAKH,5,0.5
1788361215.143,5079.6,2090.4,72.0,82.0,84.4,81.2,83.7,778.7,783.2,780.0,782.0,4.84,69.3,11.4,3.0,43.1,3.84,14.07,4.1,LANE_A,20000.0,-22.0,84.3,CRUISE_LOITER,LADAKH,5,0.5
1788361215.665,5074.4,2088.2,72.0,82.0,84.5,81.2,83.7,776.4,784.3,780.5,782.9,4.86,69.4,11.4,3.0,42.8,3.8,14.13,4.0,LANE_A,20000.0,-22.0,84.3,CRUISE_LOITER,LADAKH,5,0.5
1788361216.17,5084.2,2092.3,72.0,81.7,84.7,81.5,83.9,777.7,781.4,779.2,781.1,4.87,69.3,11.4,3.0,43.2,3.83,14.13,4.1,LANE_A,20000.0,-22.0,84.3,CRUISE_LOITER,LADAKH,5,0.5
1788361216.692,5093.8,2096.2,72.0,81.6,84.4,81.3,84.0,776.1,782.3,778.9,784.1,4.86,69.2,11.5,3.0,42.8,3.84,14.11,4.0,LANE_A,20000.0,-22.0,84.2,CRUISE_LOITER,LADAKH,5,0.5
1788361217.207,5074.1,2088.1,72.0,81.7,84.3,81.6,84.0,779.4,784.4,779.9,783.4,4.9,69.2,11.5,3.0,43.0,3.84,14.11,4.0,LANE_A,20000.0,-22.0,84.2,CRUISE_LOITER,LADAKH,5,0.5
1788361217.712,5107.3,2101.8,72.0,82.0,84.2,81.5,84.1,781.0,781.2,780.8,782.5,4.87,69.3,11.5,3.0,42.8,3.85,14.1,4.1,LANE_A,20000.0,-22.0,84.2,CRUISE_LOITER,LADAKH,5,0.5
1788361218.221,5060.7,2082.6,72.0,82.0,84.3,81.3,83.7,778.3,782.8,780.2,782.9,4.88,69.2,11.4,3.0,42.9,3.81,14.11,4.1,LANE_A,20000.0,-22.0,84.2,CRUISE_LOITER,LADAKH,5,0.5
1788361218.742,5056.5,2080.9,72.0,81.8,84.6,81.3,84.1,778.2,784.0,781.6,783.4,4.87,69.3,11.5,3.0,42.9,3.83,14.09,4.1,LANE_A,20000.0,-22.0,84.1,CRUISE_LOITER,LADAKH,5,0.5
1788361219.261,5098.6,2098.2,72.0,82.2,84.3,81.4,83.7,777.6,783.4,778.9,785.1,4.84,68.9,11.6,3.0,42.6,3.82,14.09,3.9,LANE_A,20000.0,-22.0,84.1,CRUISE_LOITER,LADAKH,5,0.5
1788361219.772,5080.1,2090.6,72.0,82.0,84.5,81.3,83.8,777.3,782.9,779.7,781.6,4.86,69.3,11.5,3.0,42.8,3.79,14.11,3.9,LANE_A,20000.0,-22.0,84.1,CRUISE_LOITER,LADAKH,5,0.5
1788361220.277,5097.5,2097.7,72.0,81.8,84.5,81.1,84.0,779.9,781.2,780.0,782.3,4.83,69.5,11.4,3.0,43.1,3.83,14.08,4.0,LANE_A,20000.0,-22.0,84.0,CRUISE_LOITER,LADAKH,5,0.5
1788361220.786,5086.0,2093.0,72.0,81.8,84.4,81.3,83.7,776.1,782.9,778.3,781.7,4.83,69.2,11.5,3.0,42.9,3.85,14.11,4.1,LANE_A,20000.0,-22.0,84.0,CRUISE_LOITER,LADAKH,5,0.5
1788361221.306,5085.4,2092.8,72.0,81.9,84.4,81.4,83.7,779.1,782.0,778.8,781.8,4.88,69.2,11.4,3.0,43.0,3.79,14.11,4.1,LANE_A,20000.0,-22.0,84.0,CRUISE_LOITER,LADAKH,5,0.5
1788361221.813,5090.9,2095.0,72.0,81.7,84.2,81.6,83.8,777.4,785.5,779.4,780.8,4.83,69.2,11.4,3.0,42.9,3.81,14.12,4.1,LANE_A,20000.0,-22.0,83.9,CRUISE_LOITER,LADAKH,5,0.5
1788361222.325,5083.8,2092.1,72.0,81.9,84.3,81.7,83.4,778.6,782.0,780.8,783.2,4.87,69.2,11.4,3.0,42.8,3.84,14.08,4.0,LANE_A,20000.0,-22.0,83.9,CRUISE_LOITER,LADAKH,5,0.5
1788361222.844,5089.1,2094.3,72.0,81.8,84.0,81.1,83.8,778.3,783.6,781.3,780.8,4.89,69.2,11.5,3.0,42.8,3.82,14.11,4.1,LANE_A,20000.0,-22.0,83.9,CRUISE_LOITER,LADAKH,5,0.5
1788361223.356,5068.5,2085.8,72.0,81.7,84.5,81.3,83.5,778.4,782.1,782.0,781.9,4.85,69.2,11.4,3.0,42.9,3.82,14.1,4.2,LANE_A,20000.0,-22.0,83.9,CRUISE_LOITER,LADAKH,5,0.5
1788361223.87,5078.5,2089.9,72.0,81.9,84.1,81.1,84.0,776.4,783.3,780.5,783.1,4.87,69.0,11.4,3.0,42.8,3.81,14.07,4.1,LANE_A,20000.0,-22.0,83.8,CRUISE_LOITER,LADAKH,5,0.5
1788361224.384,5090.6,2094.9,72.0,81.9,84.1,81.0,83.6,779.3,782.3,780.6,781.6,4.82,69.0,11.4,3.0,42.7,3.82,14.07,4.0,LANE_A,20000.0,-22.0,83.8,CRUISE_LOITER,LADAKH,5,0.5
1788361224.9,5069.3,2086.1,72.0,81.9,84.2,81.1,83.6,777.7,785.7,779.2,783.7,4.89,69.0,11.5,3.0,43.0,3.8,14.1,4.1,LANE_A,20000.0,-22.0,83.8,CRUISE_LOITER,LADAKH,5,0.5
1788361225.402,5101.7,2099.5,72.0,81.5,84.0,81.2,83.6,778.7,783.2,779.8,783.3,4.85,69.0,11.4,3.0,42.9,3.84,14.11,4.1,LANE_A,20000.0,-22.0,83.7,CRUISE_LOITER,LADAKH,5,0.5
1788361225.916,5096.9,2097.5,72.0,81.8,83.9,81.3,83.6,776.0,781.6,778.7,784.4,4.88,69.3,11.4,3.0,42.8,3.83,14.1,4.1,LANE_A,20000.0,-22.0,83.7,CRUISE_LOITER,LADAKH,5,0.5
1788361226.591,5075.3,2088.6,72.0,81.8,84.2,81.2,83.7,778.4,783.6,779.4,782.6,4.81,69.1,11.5,3.0,42.8,3.83,14.1,4.1,LANE_A,20000.0,-22.0,83.7,CRUISE_LOITER,LADAKH,5,0.5
1788361227.095,5094.6,2096.5,72.0,81.5,84.2,81.3,83.6,776.2,780.9,780.3,783.6,4.85,68.7,11.4,3.0,42.8,3.82,14.11,4.0,LANE_A,20000.0,-22.0,83.7,CRUISE_LOITER,LADAKH,5,0.5
1788361227.608,5066.0,2084.8,72.0,81.8,84.2,81.0,84.0,779.2,782.0,778.3,783.7,4.88,68.9,11.3,3.0,43.0,3.82,14.11,4.0,LANE_A,20000.0,-22.0,83.6,CRUISE_LOITER,LADAKH,5,0.5
1788361228.127,5076.5,2089.1,72.0,81.4,84.2,80.9,83.7,778.6,782.0,781.6,780.9,4.84,68.7,11.4,3.0,42.7,3.81,14.1,4.1,LANE_A,20000.0,-22.0,83.6,CRUISE_LOITER,LADAKH,5,0.5
1788361228.637,5069.0,2086.0,72.0,81.9,84.1,81.0,83.6,779.3,782.4,779.6,783.1,4.82,69.0,11.4,3.0,42.9,3.84,14.1,3.9,LANE_A,20000.0,-22.0,83.6,CRUISE_LOITER,LADAKH,5,0.5
1788361229.154,5073.1,2087.7,72.0,81.5,84.1,81.3,83.6,779.6,783.0,779.6,782.6,4.84,69.1,11.3,3.0,42.8,3.81,14.12,4.1,LANE_A,20000.0,-22.0,83.6,CRUISE_LOITER,LADAKH,5,0.5
1788361229.669,5091.4,2095.2,72.0,81.4,84.0,81.2,83.9,777.7,783.2,780.4,784.5,4.85,68.7,11.4,3.0,42.8,3.83,14.1,3.9,LANE_A,20000.0,-22.0,83.5,CRUISE_LOITER,LADAKH,5,0.5
1788361230.187,5102.7,2099.9,72.0,81.9,84.2,81.2,84.0,777.8,783.5,779.0,783.5,4.86,68.8,11.4,3.0,42.8,3.84,14.06,4.0,LANE_A,20000.0,-22.0,83.5,CRUISE_LOITER,LADAKH,5,0.5
1788361230.704,5067.1,2085.2,72.0,81.6,84.4,80.7,83.9,777.4,782.7,779.1,783.6,4.87,69.0,11.4,3.0,42.8,3.83,14.09,3.9,LANE_A,20000.0,-22.0,83.5,CRUISE_LOITER,LADAKH,5,0.5
1788361231.215,5069.1,2086.0,72.0,81.8,83.8,81.3,83.6,777.6,781.6,779.7,782.5,4.86,68.9,11.3,3.0,42.9,3.83,14.1,4.0,LANE_A,20000.0,-22.0,83.5,CRUISE_LOITER,LADAKH,5,0.5
1788361231.736,5051.6,2078.8,72.0,81.4,83.9,81.1,83.5,778.4,781.6,779.3,782.9,4.87,69.0,11.4,3.0,42.6,3.83,14.12,4.1,LANE_A,20000.0,-22.0,83.5,CRUISE_LOITER,LADAKH,5,0.5
1788361232.244,5074.5,2088.3,72.0,81.5,84.5,81.2,83.7,778.8,783.0,777.4,784.4,4.91,69.0,11.5,3.0,42.8,3.84,14.08,4.1,LANE_A,20000.0,-22.0,83.4,CRUISE_LOITER,LADAKH,5,0.5
1788361232.768,5063.7,2083.8,72.0,81.7,84.0,81.1,83.2,777.3,781.3,780.0,781.9,4.79,69.0,11.4,3.0,42.5,3.82,14.1,3.8,LANE_A,20000.0,-22.0,83.4,CRUISE_LOITER,LADAKH,5,0.5
1788361233.275,5085.9,2093.0,72.0,81.6,84.3,80.9,83.5,778.5,783.2,780.6,783.9,4.9,68.9,11.4,3.0,42.7,3.82,14.1,4.0,LANE_A,20000.0,-22.0,83.4,CRUISE_LOITER,LADAKH,5,0.5
1788361233.792,5065.2,2084.4,72.0,81.3,84.2,81.0,83.4,776.0,781.9,779.9,782.3,4.85,68.9,11.3,3.0,43.0,3.81,14.12,3.9,LANE_A,20000.0,-22.0,83.4,CRUISE_LOITER,LADAKH,5,0.5
1788361234.296,5064.8,2084.3,72.0,81.7,83.8,81.0,84.2,779.3,783.1,779.8,780.4,4.84,68.9,11.4,3.0,42.6,3.81,14.13,4.2,LANE_A,20000.0,-22.0,83.4,CRUISE_LOITER,LADAKH,5,0.5
1788361234.818,5102.5,2099.8,72.0,81.7,84.1,81.1,83.5,778.8,783.6,780.1,783.5,4.88,68.9,11.3,3.0,42.8,3.85,14.08,3.9,LANE_A,20000.0,-22.0,83.3,CRUISE_LOITER,LADAKH,5,0.5
1788361235.321,5071.5,2087.0,72.0,81.4,84.0,80.9,83.1,778.1,781.1,778.3,783.5,4.87,68.9,11.3,3.0,42.8,3.81,14.15,4.2,LANE_A,20000.0,-22.0,83.3,CRUISE_LOITER,LADAKH,5,0.5
1788361235.839,5100.5,2099.0,72.0,81.5,84.0,80.8,83.7,776.5,782.1,781.3,782.1,4.91,68.9,11.4,3.0,42.5,3.83,14.09,4.0,LANE_A,20000.0,-22.0,83.3,CRUISE_LOITER,LADAKH,5,0.5
1788361236.343,5074.9,2088.4,72.0,81.1,83.6,81.2,83.5,778.9,783.5,778.8,783.5,4.82,68.7,11.3,3.0,42.8,3.84,14.11,4.0,LANE_A,20000.0,-22.0,83.3,CRUISE_LOITER,LADAKH,5,0.5
1788361236.854,5074.8,2088.4,72.0,81.3,84.2,81.2,83.5,777.6,785.3,778.8,783.1,4.88,69.0,11.3,3.0,42.6,3.81,14.13,4.1,LANE_A,20000.0,-22.0,83.3,CRUISE_LOITER,LADAKH,5,0.5
1788361237.375,5063.0,2083.5,72.0,81.8,83.9,81.3,83.7,777.0,783.1,780.7,780.6,4.87,68.4,11.4,3.0,42.5,3.83,14.09,3.9,LANE_A,20000.0,-22.0,83.3,CRUISE_LOITER,LADAKH,5,0.5
1788361237.878,5047.7,2077.2,72.0,81.6,83.6,80.9,83.8,777.5,783.9,780.1,781.0,4.89,69.2,11.3,3.0,42.8,3.81,14.09,4.0,LANE_A,20000.0,-22.0,83.2,CRUISE_LOITER,LADAKH,5,0.5
1788361238.393,5066.1,2084.8,72.0,81.5,83.9,80.7,83.8,777.8,785.2,782.9,783.6,4.85,69.0,11.2,3.0,42.8,3.8,14.09,3.9,LANE_A,20000.0,-22.0,83.2,CRUISE_LOITER,LADAKH,5,0.5
1788361238.912,5032.0,2070.8,72.0,81.3,83.9,80.8,83.5,776.5,782.9,779.3,784.2,4.85,68.8,11.3,3.0,42.7,3.8,14.09,4.0,LANE_A,20000.0,-22.0,83.2,CRUISE_LOITER,LADAKH,5,0.5
1788361239.426,5087.9,2093.8,72.0,81.3,83.6,80.8,83.6,777.0,783.0,780.3,783.5,4.95,68.8,11.3,3.0,42.5,3.83,14.11,4.1,LANE_A,20000.0,-22.0,83.2,CRUISE_LOITER,LADAKH,5,0.5
1788361239.943,5062.4,2083.3,72.0,81.4,84.1,81.0,83.6,777.4,781.0,779.4,782.9,4.82,68.6,11.3,3.0,42.5,3.81,14.11,4.1,LANE_A,20000.0,-22.0,83.2,CRUISE_LOITER,LADAKH,5,0.5
1788361240.46,5056.0,2080.7,72.0,81.3,83.8,81.1,83.2,777.9,783.8,780.5,782.2,4.91,68.4,11.2,3.0,42.8,3.85,14.09,3.9,LANE_A,20000.0,-22.0,83.2,CRUISE_LOITER,LADAKH,5,0.5
1788361240.972,5061.1,2082.8,72.0,81.6,83.8,80.7,83.1,777.6,782.3,778.9,781.0,4.87,68.9,11.3,3.0,42.8,3.84,14.12,4.1,LANE_A,20000.0,-22.0,83.2,CRUISE_LOITER,LADAKH,5,0.5
1788361241.485,5059.3,2082.0,72.0,81.4,84.1,80.7,83.3,778.0,783.0,780.7,783.1,4.88,68.5,11.3,3.0,42.7,3.79,14.09,3.9,LANE_A,20000.0,-22.0,83.1,CRUISE_LOITER,LADAKH,5,0.5
1788361241.992,5039.2,2073.7,72.0,81.6,83.8,81.0,83.7,776.8,785.0,780.2,784.2,4.91,68.8,11.3,3.0,42.5,3.8,14.1,4.2,LANE_A,20000.0,-22.0,83.1,CRUISE_LOITER,LADAKH,5,0.5
1788361242.5,5052.4,2079.2,72.0,81.6,83.7,80.8,83.3,776.9,783.5,779.5,783.6,4.86,68.7,11.4,3.0,42.6,3.82,14.13,4.0,LANE_A,20000.0,-22.0,83.1,CRUISE_LOITER,LADAKH,5,0.5
1788361243.022,5068.0,2085.6,72.0,81.3,83.9,80.6,83.5,780.6,782.6,777.8,779.7,4.86,68.8,11.2,3.0,42.6,3.84,14.11,4.0,LANE_A,20000.0,-22.0,83.1,CRUISE_LOITER,LADAKH,5,0.5
1788361243.559,5061.0,2082.7,72.0,81.0,83.6,80.5,83.1,777.5,783.5,779.9,783.2,4.85,68.4,11.3,2.9,42.6,3.82,14.08,4.1,LANE_A,20000.0,-22.0,83.1,CRUISE_LOITER,LADAKH,5,0.5
1788361244.085,5063.8,2083.9,72.0,81.5,83.8,80.8,83.2,779.3,782.6,781.9,785.6,4.84,68.6,11.3,3.0,42.5,3.81,14.08,4.0,LANE_A,20000.0,-22.0,83.1,CRUISE_LOITER,LADAKH,5,0.5
1788361244.612,5085.0,2092.6,72.0,81.5,83.7,81.1,83.1,780.1,781.9,781.0,784.9,4.88,68.8,11.4,3.0,42.5,3.84,14.13,3.8,LANE_A,20000.0,-22.0,83.1,CRUISE_LOITER,LADAKH,5,0.5
1788361245.122,5099.2,2098.4,72.0,81.3,83.8,80.8,83.2,779.9,782.9,778.9,783.1,4.85,68.7,11.2,3.0,42.5,3.83,14.09,4.0,LANE_A,20000.0,-22.0,83.1,CRUISE_LOITER,LADAKH,5,0.5
1788361245.639,5056.6,2080.9,72.0,81.3,83.8,80.8,83.2,779.3,782.8,777.7,782.9,4.86,68.5,11.4,3.0,42.3,3.84,14.11,4.2,LANE_A,20000.0,-22.0,83.1,CRUISE_LOITER,LADAKH,5,0.5
1788361246.149,5080.5,2090.7,72.0,81.3,84.0,80.7,83.2,776.3,782.5,779.2,783.5,4.83,68.7,11.3,3.0,42.5,3.82,14.09,4.1,LANE_A,20000.0,-22.0,83.1,CRUISE_LOITER,LADAKH,5,0.5
1788361247.152,5069.8,2086.3,72.0,81.4,83.6,80.6,83.2,780.1,781.1,782.6,783.1,4.86,68.6,11.3,3.0,42.8,3.8,14.07,3.9,LANE_A,20000.0,-22.0,83.1,CRUISE_LOITER,LADAKH,5,0.5
1788361247.664,5055.0,2080.2,72.0,81.0,83.9,80.8,83.2,778.4,783.2,779.5,781.0,4.84,68.6,11.4,3.0,42.5,3.79,14.11,4.1,LANE_A,20000.0,-22.0,83.0,CRUISE_LOITER,LADAKH,5,0.5
1788361248.181,5061.5,2082.9,72.0,81.2,83.8,80.6,83.2,777.6,783.7,779.9,782.1,4.87,68.5,11.2,3.0,42.5,3.85,14.08,3.9,LANE_A,20000.0,-22.0,83.0,CRUISE_LOITER,LADAKH,5,0.5
1788361248.689,5085.3,2092.7,72.0,81.2,83.9,80.7,83.0,778.5,782.2,781.3,783.2,4.89,68.3,11.3,3.0,42.4,3.84,14.12,3.9,LANE_A,20000.0,-22.0,83.0,CRUISE_LOITER,LADAKH,5,0.5
1788361249.211,5052.3,2079.1,72.0,81.3,83.5,80.4,83.5,778.3,784.6,780.1,781.9,4.91,68.7,11.3,3.0,42.6,3.81,14.09,3.9,LANE_A,20000.0,-22.0,83.0,CRUISE_LOITER,LADAKH,5,0.5
1788361249.733,5059.7,2082.2,72.0,81.2,83.6,80.9,83.1,778.6,783.5,779.4,783.3,4.88,68.5,11.4,3.0,42.5,3.82,14.12,4.2,LANE_A,20000.0,-22.0,83.0,CRUISE_LOITER,LADAKH,5,0.5
1788361250.247,5078.1,2089.8,72.0,80.9,83.7,80.5,83.1,775.4,783.1,780.0,784.1,4.85,68.5,11.3,3.0,42.6,3.81,14.12,4.0,LANE_A,20000.0,-22.0,83.0,CRUISE_LOITER,LADAKH,5,0.5
1788361250.758,5078.8,2090.0,72.0,81.2,83.7,80.5,83.3,776.7,783.1,780.4,783.2,4.9,68.7,11.3,3.0,42.5,3.81,14.1,4.1,LANE_A,20000.0,-22.0,83.0,CRUISE_LOITER,LADAKH,5,0.5
1788361251.274,5077.7,2089.6,72.0,81.5,83.4,80.7,83.4,778.8,783.9,778.0,783.8,4.84,68.6,11.4,3.0,42.5,3.8,14.09,3.9,LANE_A,20000.0,-22.0,83.0,CRUISE_LOITER,LADAKH,5,0.5
1788361251.79,5066.3,2084.9,72.0,81.0,83.4,80.5,83.2,777.7,783.8,782.3,785.6,4.9,68.5,11.2,3.0,42.5,3.82,14.09,4.1,LANE_A,20000.0,-22.0,83.0,CRUISE_LOITER,LADAKH,5,0.5
1788361252.303,5070.1,2086.5,72.0,81.0,83.6,80.6,83.1,775.8,782.8,781.4,781.6,4.88,68.5,11.4,3.0,42.5,3.79,14.09,4.0,LANE_A,20000.0,-22.0,83.0,CRUISE_LOITER,LADAKH,5,0.5
1788361252.816,5059.4,2082.1,72.0,81.0,83.6,80.7,83.1,778.4,782.3,780.0,783.2,4.9,68.4,11.4,3.0,42.4,3.81,14.11,4.0,LANE_A,20000.0,-22.0,83.0,CRUISE_LOITER,LADAKH,5,0.5
1788361253.334,5079.8,2090.5,72.0,81.1,83.7,80.5,83.3,778.5,780.8,781.4,782.2,4.88,68.5,11.3,3.0,42.6,3.79,14.1,4.0,LANE_A,20000.0,-22.0,83.0,CRUISE_LOITER,LADAKH,5,0.5
1788361253.84,5055.8,2080.6,72.0,81.3,83.6,80.6,83.0,776.8,783.0,779.6,781.8,4.8,68.6,11.2,3.0,42.6,3.83,14.08,3.9,LANE_A,20000.0,-22.0,83.0,CRUISE_LOITER,LADAKH,5,0.5
1788361254.36,5062.2,2083.2,72.0,80.8,83.7,80.8,82.9,777.0,784.9,779.2,783.7,4.87,68.5,11.3,3.0,42.6,3.81,14.1,4.0,LANE_A,20000.0,-22.0,83.0,CRUISE_LOITER,LADAKH,5,0.5
1788361254.865,5065.0,2084.4,72.0,80.9,83.4,80.3,83.2,778.7,783.2,781.5,782.7,4.84,68.5,11.2,3.0,42.4,3.83,14.1,4.0,LANE_A,20000.0,-22.0,83.0,CRUISE_LOITER,LADAKH,5,0.5
1788361255.384,5044.8,2076.0,72.0,81.2,83.5,80.4,82.7,778.6,785.5,779.9,784.6,4.85,68.2,11.3,3.0,42.3,3.84,14.09,3.9,LANE_A,20000.0,-22.0,83.0,CRUISE_LOITER,LADAKH,5,0.5
1788361255.891,5028.0,2069.1,72.0,81.0,83.5,80.5,83.0,778.8,784.5,778.1,781.7,4.8,68.2,11.1,3.0,42.6,3.82,14.12,4.2,LANE_A,20000.0,-22.0,83.0,CRUISE_LOITER,LADAKH,5,0.5
1788361256.413,5050.3,2078.3,72.0,80.9,83.6,80.4,83.0,779.2,782.2,780.0,784.3,4.88,68.4,11.2,3.0,42.3,3.83,14.11,4.0,LANE_A,20000.0,-22.0,83.0,CRUISE_LOITER,LADAKH,5,0.5
1788361256.922,5052.3,2079.1,72.0,81.1,83.3,80.5,83.0,779.0,784.2,778.1,782.0,4.83,68.8,11.4,3.0,42.3,3.81,14.08,4.1,LANE_A,20000.0,-22.0,83.0,CRUISE_LOITER,LADAKH,5,0.5
1788361257.437,5029.6,2069.8,72.0,80.9,83.3,80.5,82.8,779.2,782.1,778.5,782.3,4.9,68.3,11.4,3.0,42.5,3.81,14.11,3.9,LANE_A,20000.0,-22.0,83.0,CRUISE_LOITER,LADAKH,5,0.5
1788361257.949,5058.2,2081.6,72.0,80.9,83.7,80.5,83.2,778.3,783.5,782.3,782.7,4.9,68.3,11.3,3.0,42.5,3.82,14.11,4.0,LANE_A,20000.0,-22.0,83.0,CRUISE_LOITER,LADAKH,5,0.5
1788361258.46,5080.0,2090.5,72.0,81.0,83.2,80.7,83.1,779.0,781.4,779.3,784.4,4.9,68.5,11.3,3.0,42.5,3.8,14.1,4.0,LANE_A,20000.0,-22.0,83.0,CRUISE_LOITER,LADAKH,5,0.5
1788361258.965,5059.3,2082.0,72.0,81.1,83.4,80.3,83.0,777.0,783.3,780.5,782.5,4.88,68.4,11.4,3.0,42.5,3.81,14.09,4.1,LANE_A,20000.0,-22.0,83.0,CRUISE_LOITER,LADAKH,5,0.5
1788361259.486,5069.8,2086.3,72.0,80.7,83.3,80.5,82.9,777.7,781.9,779.6,782.2,4.87,68.4,11.1,3.0,42.5,3.82,14.08,3.9,LANE_A,20000.0,-22.0,83.0,CRUISE_LOITER,LADAKH,5,0.5
1788361260.007,5063.8,2083.9,72.0,81.2,83.3,80.7,83.1,779.2,784.8,779.6,783.0,4.85,68.4,11.2,3.0,42.5,3.83,14.09,3.9,LANE_A,20000.0,-22.0,83.0,CRUISE_LOITER,LADAKH,5,0.5
1788361260.523,5053.1,2079.5,72.0,80.7,83.2,80.6,82.8,778.9,782.0,781.9,784.0,4.89,68.6,11.2,3.0,42.5,3.82,14.09,3.9,LANE_A,20000.0,-22.0,83.0,CRUISE_LOITER,LADAKH,5,0.5
1788361261.036,5054.0,2079.8,72.0,81.0,83.4,80.5,82.6,779.2,783.4,780.2,780.8,4.86,68.6,11.1,3.0,42.3,3.82,14.07,4.0,LANE_A,20000.0,-22.0,83.0,CRUISE_LOITER,LADAKH,5,0.5
1788361261.55,5041.4,2074.7,72.0,81.0,83.3,80.4,82.6,777.6,783.0,779.7,781.0,4.85,68.1,11.2,3.0,42.2,3.81,14.13,3.9,LANE_A,20000.0,-22.0,83.0,CRUISE_LOITER,LADAKH,5,0.5
1788361262.076,5053.4,2079.6,72.0,80.7,83.5,80.1,82.9,779.6,783.0,779.3,782.5,4.86,68.5,11.2,3.0,42.2,3.83,14.12,4.0,LANE_A,20000.0,-22.0,83.1,CRUISE_LOITER,LADAKH,5,0.5
1788361262.586,5054.9,2080.2,72.0,80.8,83.5,80.1,82.6,779.0,783.2,779.5,782.7,4.88,68.2,11.3,3.0,42.6,3.82,14.09,4.0,LANE_A,20000.0,-22.0,83.1,CRUISE_LOITER,LADAKH,5,0.5
1788361263.108,5047.8,2077.3,72.0,81.0,83.5,80.2,82.8,779.2,781.5,781.0,784.4,4.91,68.1,11.3,3.0,42.5,3.82,14.11,4.1,LANE_A,20000.0,-22.0,83.1,CRUISE_LOITER,LADAKH,5,0.5
1788361263.614,5076.5,2089.1,72.0,80.7,83.0,80.4,83.0,775.7,784.6,778.7,783.5,4.88,68.3,11.3,3.0,42.5,3.83,14.07,3.9,LANE_A,20000.0,-22.0,83.1,CRUISE_LOITER,LADAKH,5,0.5
1788361264.127,5071.8,2087.2,72.0,80.7,83.8,80.3,82.9,778.3,784.1,781.0,782.2,4.84,68.3,11.3,3.0,42.3,3.81,14.11,4.1,LANE_A,20000.0,-22.0,83.1,CRUISE_LOITER,LADAKH,5,0.5
1788361264.644,5056.8,2081.0,72.0,80.7,83.2,80.5,82.8,777.0,783.0,779.6,782.6,4.83,68.4,11.3,3.0,42.2,3.81,14.06,4.1,LANE_A,20000.0,-22.0,83.1,CRUISE_LOITER,LADAKH,5,0.5
1788361265.154,5058.4,2081.6,72.0,80.8,83.3,80.3,82.7,779.4,783.0,781.6,785.2,4.86,68.3,11.4,3.0,42.5,3.83,14.1,4.0,LANE_A,20000.0,-22.0,83.1,CRUISE_LOITER,LADAKH,5,0.5
1788361265.659,5047.9,2077.3,72.0,80.9,83.1,80.4,82.7,777.9,783.7,779.9,783.6,4.86,68.2,11.3,3.0,42.3,3.82,14.12,3.9,LANE_A,20000.0,-22.0,83.1,CRUISE_LOITER,LADAKH,5,0.5
1788361266.18,5082.2,2091.4,72.0,80.8,83.4,80.6,83.0,778.8,782.6,781.0,781.9,4.88,68.2,11.2,3.0,42.2,3.81,14.07,4.1,LANE_A,20000.0,-22.0,83.1,CRUISE_LOITER,LADAKH,5,0.5
1788361266.923,5047.7,2077.2,72.0,80.8,83.2,80.4,82.6,776.5,783.0,782.0,782.2,4.82,68.0,11.2,3.0,42.2,3.81,14.08,3.9,LANE_A,20000.0,-22.0,83.1,CRUISE_LOITER,LADAKH,5,0.5
1788361267.433,5068.4,2085.8,72.0,80.5,83.2,80.0,82.5,776.7,783.1,780.4,782.0,4.85,68.3,11.2,3.0,42.4,3.83,14.09,4.0,LANE_A,20000.0,-22.0,83.2,CRUISE_LOITER,LADAKH,5,0.5
1788361267.939,5036.5,2072.6,72.0,81.2,83.5,80.3,82.7,779.9,783.0,779.6,782.8,4.85,68.2,11.2,3.0,42.1,3.83,14.08,4.1,LANE_A,20000.0,-22.0,83.2,CRUISE_LOITER,LADAKH,5,0.5
1788361268.458,5048.3,2077.5,72.0,80.9,83.4,80.2,82.6,775.8,783.7,780.3,780.7,4.9,68.1,11.2,3.0,42.5,3.82,14.11,4.0,LANE_A,20000.0,-22.0,83.2,CRUISE_LOITER,LADAKH,5,0.5
1788361268.979,5026.9,2068.7,72.0,80.7,83.2,80.3,82.2,779.0,783.3,778.3,784.4,4.85,68.3,11.2,3.0,42.4,3.85,14.1,4.0,LANE_A,20000.0,-22.0,83.2,CRUISE_LOITER,LADAKH,5,0.5
1788361269.495,5048.7,2077.7,72.0,80.6,83.0,80.1,82.7,778.5,785.0,779.8,784.6,4.83,68.0,11.2,3.0,42.3,3.83,14.1,4.0,LANE_A,20000.0,-22.0,83.2,CRUISE_LOITER,LADAKH,5,0.5
1788361270.005,5062.8,2083.5,72.0,80.7,83.0,80.2,82.5,777.4,782.8,780.1,784.8,4.9,68.3,11.3,3.0,42.1,3.8,14.12,4.2,LANE_A,20000.0,-22.0,83.2,CRUISE_LOITER,LADAKH,5,0.5
1788361270.518,5072.0,2087.2,72.0,80.5,83.4,80.2,82.6,780.0,782.5,779.1,784.0,4.92,68.1,11.2,3.0,42.3,3.81,14.12,3.9,LANE_A,20000.0,-22.0,83.2,CRUISE_LOITER,LADAKH,5,0.5
1788361271.038,5040.7,2074.4,72.0,80.4,83.4,80.4,82.8,777.9,783.9,780.1,781.8,4.89,68.1,11.2,3.0,42.4,3.81,14.12,4.0,LANE_A,20000.0,-22.0,83.3,CRUISE_LOITER,LADAKH,5,0.5
1788361271.56,5082.9,2091.7,72.0,80.6,83.1,79.9,82.8,779.4,782.5,781.6,783.3,4.87,68.1,11.3,3.0,42.5,3.8,14.1,4.1,LANE_A,20000.0,-22.0,83.3,CRUISE_LOITER,LADAKH,5,0.5
1788361272.072,5029.1,2069.6,72.0,80.7,83.2,79.8,82.6,777.8,782.9,778.8,784.1,4.81,68.0,11.3,3.0,42.4,3.82,14.1,4.0,LANE_A,20000.0,-22.0,83.3,CRUISE_LOITER,LADAKH,5,0.5
1788361272.593,5030.7,2070.2,72.0,80.6,83.3,80.5,82.5,779.5,783.2,779.6,782.8,4.84,68.1,11.3,3.0,42.3,3.8,14.12,4.1,LANE_A,20000.0,-22.0,83.3,CRUISE_LOITER,LADAKH,5,0.5
1788361273.11,5052.1,2079.1,72.0,80.3,83.0,80.3,82.5,778.5,780.7,780.3,783.9,4.85,67.8,11.2,3.0,42.3,3.81,14.09,4.1,LANE_A,20000.0,-22.0,83.3,CRUISE_LOITER,LADAKH,5,0.5
1788361273.618,5054.0,2079.8,72.0,80.6,82.9,80.2,82.5,779.2,783.1,780.2,784.5,4.81,67.9,11.3,3.0,42.2,3.81,14.09,4.0,LANE_A,20000.0,-22.0,83.3,CRUISE_LOITER,LADAKH,5,0.5
1788361274.128,5048.1,2077.4,72.0,80.8,83.2,80.4,82.8,779.1,784.6,781.5,785.0,4.81,68.2,11.2,3.0,42.2,3.82,14.09,3.9,LANE_A,20000.0,-22.0,83.4,CRUISE_LOITER,LADAKH,5,0.5
1788361274.652,5067.0,2085.2,72.0,80.5,83.1,79.8,82.9,780.2,783.1,780.5,784.0,4.89,68.0,11.2,3.0,42.3,3.83,14.11,4.0,LANE_A,20000.0,-22.0,83.4,CRUISE_LOITER,LADAKH,5,0.5
1788361275.167,5059.3,2082.0,72.0,80.5,83.0,80.2,82.6,779.8,782.9,780.3,784.0,4.9,67.9,11.3,3.0,42.4,3.83,14.11,4.0,LANE_A,20000.0,-22.0,83.4,CRUISE_LOITER,LADAKH,5,0.5
1788361275.674,5045.7,2076.4,72.0,80.7,83.0,80.0,82.3,776.3,782.0,778.8,783.9,4.87,68.0,11.2,3.0,42.2,3.83,14.11,4.1,LANE_A,20000.0,-22.0,83.4,CRUISE_LOITER,LADAKH,5,0.5
1788361276.189,5044.4,2075.9,72.0,81.0,83.0,79.9,82.2,777.2,784.4,782.3,783.0,4.89,68.0,11.2,3.0,42.6,3.82,14.1,3.9,LANE_A,20000.0,-22.0,83.4,CRUISE_LOITER,LADAKH,5,0.5
1788361276.699,5044.9,2076.1,72.0,80.4,83.1,80.0,82.7,778.8,783.0,780.2,785.0,4.87,68.0,11.1,3.0,42.2,3.83,14.14,4.0,LANE_A,20000.0,-22.0,83.5,CRUISE_LOITER,LADAKH,5,0.5
1788361277.227,5076.9,2089.3,72.0,80.3,82.8,79.9,82.9,779.3,784.2,780.2,783.3,4.85,67.8,11.2,3.0,42.2,3.83,14.1,4.0,LANE_A,20000.0,-22.0,83.5,CRUISE_LOITER,LADAKH,5,0.5
1788361277.734,5060.7,2082.6,72.0,80.7,83.2,79.6,82.6,777.6,785.4,781.2,783.8,4.87,68.0,11.2,3.0,42.4,3.84,14.11,4.1,LANE_A,20000.0,-22.0,83.5,CRUISE_LOITER,LADAKH,5,0.5
1788361278.259,5072.6,2087.5,72.0,80.6,83.2,79.8,82.4,777.4,784.8,779.8,783.5,4.86,67.7,11.3,3.0,42.2,3.81,14.09,4.0,LANE_A,20000.0,-22.0,83.5,CRUISE_LOITER,LADAKH,5,0.5
1788361278.772,5066.5,2085.0,72.0,80.0,83.0,79.7,82.2,780.9,780.2,780.6,783.4,4.88,67.9,11.2,3.0,42.4,3.82,14.14,4.0,LANE_A,20000.0,-22.0,83.5,CRUISE_LOITER,LADAKH,5,0.5
1788361279.281,5071.6,2087.1,72.0,80.5,82.7,80.3,82.3,780.5,782.6,780.1,782.1,4.82,68.0,11.2,3.0,42.5,3.81,14.07,4.0,LANE_A,20000.0,-22.0,83.6,CRUISE_LOITER,LADAKH,5,0.5
1788361279.797,5056.5,2080.9,72.0,80.3,82.8,79.9,82.3,778.7,782.4,780.1,783.6,4.85,67.7,11.2,3.0,42.2,3.82,14.14,4.0,LANE_A,20000.0,-22.0,83.6,CRUISE_LOITER,LADAKH,5,0.5
1788361280.311,5089.3,2094.4,72.0,80.1,82.4,79.6,82.1,777.5,783.3,779.4,783.9,4.9,67.7,11.2,3.0,42.3,3.79,14.14,3.8,LANE_A,20000.0,-22.0,83.6,CRUISE_LOITER,LADAKH,5,0.5
1788361280.827,5050.7,2078.5,72.0,80.3,82.9,79.7,82.4,780.0,783.0,779.7,783.6,4.93,67.9,11.2,3.0,42.1,3.81,14.12,4.1,LANE_A,20000.0,-22.0,83.6,CRUISE_LOITER,LADAKH,5,0.5
1788361281.343,5039.4,2073.8,72.0,80.3,82.9,79.9,82.3,779.6,782.1,780.6,781.9,4.88,67.7,11.3,3.0,42.3,3.81,14.11,3.9,LANE_A,20000.0,-22.0,83.7,CRUISE_LOITER,LADAKH,5,0.5
1788361281.856,5047.0,2077.0,72.0,80.2,82.8,80.1,82.3,779.7,783.3,781.4,783.6,4.89,67.8,11.2,3.0,42.1,3.85,14.09,4.0,LANE_A,20000.0,-22.0,83.7,CRUISE_LOITER,LADAKH,5,0.5
1788361282.371,5054.3,2080.0,72.0,80.2,82.5,79.9,82.6,778.9,785.4,781.2,783.9,4.89,67.9,11.2,3.0,42.5,3.82,14.12,4.0,LANE_A,20000.0,-22.0,83.7,CRUISE_LOITER,LADAKH,5,0.5
1788361282.881,5055.7,2080.5,72.0,80.5,82.7,79.7,82.0,778.2,783.6,780.0,783.3,4.85,67.7,11.3,3.0,42.1,3.82,14.09,4.0,LANE_A,20000.0,-22.0,83.7,CRUISE_LOITER,LADAKH,5,0.5
1788361283.397,5037.3,2073.0,72.0,80.6,82.8,79.9,82.3,780.4,784.5,779.9,781.2,4.85,68.1,11.2,3.0,42.2,3.8,14.09,4.2,LANE_A,20000.0,-22.0,83.8,CRUISE_LOITER,LADAKH,5,0.5
1788361283.907,5013.1,2063.0,72.0,79.9,82.7,79.9,82.4,779.5,785.1,782.6,782.7,4.85,67.8,11.2,3.0,42.4,3.82,14.07,4.1,LANE_A,20000.0,-22.0,83.8,CRUISE_LOITER,LADAKH,5,0.5
1788361284.43,5040.3,2074.2,72.0,80.1,82.7,79.8,81.9,778.2,781.9,779.1,782.8,4.88,67.5,11.1,3.0,42.5,3.84,14.12,3.9,LANE_A,20000.0,-22.0,83.8,CRUISE_LOITER,LADAKH,5,0.5
1788361284.945,5077.4,2089.5,72.0,80.5,82.6,79.5,82.1,778.5,784.3,782.0,783.7,4.89,67.9,11.2,3.0,42.1,3.82,14.11,4.2,LANE_A,20000.0,-22.0,83.8,CRUISE_LOITER,LADAKH,5,0.5
1788361285.459,5063.3,2083.7,72.0,80.1,82.9,79.7,82.1,778.7,783.8,779.7,784.4,4.89,67.8,11.2,3.0,42.1,3.82,14.1,4.1,LANE_A,20000.0,-22.0,83.9,CRUISE_LOITER,LADAKH,5,0.5
1788361285.973,5015.3,2063.9,72.0,80.2,82.4,79.7,81.9,778.2,784.3,778.2,783.9,4.84,67.6,11.1,3.0,42.4,3.82,14.13,4.1,LANE_A,20000.0,-22.0,83.9,CRUISE_LOITER,LADAKH,5,0.5
1788361286.768,5024.2,2067.6,72.0,79.8,82.9,79.6,81.9,778.5,786.5,782.5,784.1,4.89,67.7,11.1,3.0,42.1,3.83,14.06,4.1,LANE_A,20000.0,-22.0,83.9,CRUISE_LOITER,LADAKH,5,0.5
1788361287.273,5056.2,2080.7,72.0,80.0,82.7,79.6,82.2,778.3,782.7,781.2,784.3,4.85,67.6,11.2,3.0,42.0,3.84,14.12,4.1,LANE_A,20000.0,-22.0,84.0,CRUISE_LOITER,LADAKH,5,0.5
1788361287.786,5085.2,2092.7,72.0,80.1,82.4,79.5,82.0,778.5,783.1,781.0,784.5,4.82,67.6,11.2,3.0,42.2,3.81,14.15,4.1,LANE_A,20000.0,-22.0,84.0,CRUISE_LOITER,LADAKH,5,0.5
1788361288.3,5062.5,2083.3,72.0,80.5,82.6,79.7,82.0,778.3,783.4,781.5,785.8,4.88,67.7,11.2,3.0,42.3,3.81,14.08,4.0,LANE_A,20000.0,-22.0,84.0,CRUISE_LOITER,LADAKH,5,0.5
1788361288.822,5028.1,2069.2,72.0,80.0,82.8,79.7,82.2,778.4,782.1,780.2,786.1,4.88,67.5,11.2,3.0,42.1,3.83,14.08,4.2,LANE_A,20000.0,-22.0,84.0,CRUISE_LOITER,LADAKH,5,0.5
1788361289.335,5044.9,2076.1,72.0,80.1,82.5,79.7,82.2,777.9,784.3,782.4,784.1,4.84,67.6,11.1,3.0,42.4,3.81,14.1,4.0,LANE_A,20000.0,-22.0,84.1,CRUISE_LOITER,LADAKH,5,0.5
1788361289.851,5025.9,2068.3,72.0,80.0,82.6,79.8,81.9,779.4,782.8,780.8,782.9,4.89,67.6,11.2,3.0,42.2,3.81,14.11,4.1,LANE_A,20000.0,-22.0,84.1,CRUISE_LOITER,LADAKH,5,0.5
1788361290.357,5033.5,2071.4,72.0,79.8,82.5,79.6,81.9,780.8,781.8,779.0,783.0,4.92,67.5,11.2,3.0,42.3,3.81,14.09,3.9,LANE_A,20000.0,-22.0,84.1,CRUISE_LOITER,LADAKH,5,0.5
1788361290.882,5045.1,2076.2,72.0,80.1,82.4,79.5,82.0,778.5,782.6,781.4,784.3,4.88,68.0,11.1,3.0,42.0,3.81,14.1,4.0,LANE_A,20000.0,-22.0,84.2,CRUISE_LOITER,LADAKH,5,0.5
1788361291.399,5079.0,2090.1,72.0,79.8,82.7,79.2,82.1,780.1,784.3,779.4,784.5,4.8,67.6,11.3,3.0,42.1,3.82,14.11,4.0,LANE_A,20000.0,-22.0,84.2,CRUISE_LOITER,LADAKH,5,0.5
1788361291.925,5036.2,2072.5,72.0,80.0,82.6,79.6,81.9,779.8,782.5,781.0,782.5,4.93,67.1,11.1,3.0,42.3,3.82,14.12,4.0,LANE_A,20000.0,-22.0,84.2,CRUISE_LOITER,LADAKH,5,0.5
1788361292.45,5052.5,2079.2,72.0,79.8,82.5,79.7,81.8,781.4,782.9,782.7,784.4,4.89,67.5,11.1,3.0,42.3,3.8,14.13,4.2,LANE_A,20000.0,-22.0,84.3,CRUISE_LOITER,LADAKH,5,0.5
1788361292.957,5038.9,2073.6,72.0,80.0,82.6,79.5,81.9,777.9,783.9,780.1,784.2,4.9,67.7,11.1,3.0,42.1,3.81,14.11,4.0,LANE_A,20000.0,-22.0,84.3,CRUISE_LOITER,LADAKH,5,0.5
1788361293.476,5054.2,2079.9,72.0,79.8,82.5,79.5,81.9,778.6,781.5,782.9,785.9,4.9,67.3,11.2,3.0,42.3,3.84,14.12,4.3,LANE_A,20000.0,-22.0,84.3,CRUISE_LOITER,LADAKH,5,0.5
1788361293.998,5064.4,2084.1,72.0,80.1,82.3,79.6,82.1,777.4,782.6,780.2,784.3,4.9,67.6,11.2,3.0,42.1,3.82,14.1,3.9,LANE_A,20000.0,-22.0,84.4,CRUISE_LOITER,LADAKH,5,0.5
1788361294.512,5028.9,2069.5,72.0,79.8,82.2,79.5,82.0,779.4,783.8,778.8,784.8,4.87,67.5,11.1,3.0,42.2,3.81,14.12,4.4,LANE_A,20000.0,-22.0,84.4,CRUISE_LOITER,LADAKH,5,0.5
1788361295.028,5040.8,2074.4,72.0,79.8,82.1,79.4,82.1,779.2,782.6,779.9,784.0,4.88,67.3,11.0,3.0,42.5,3.81,14.09,4.2,LANE_A,20000.0,-22.0,84.4,CRUISE_LOITER,LADAKH,5,0.5
1788361295.621,5053.8,2079.8,72.0,79.9,82.3,79.5,82.0,779.4,784.0,781.7,784.8,4.86,67.3,11.1,3.0,42.1,3.81,14.1,3.9,LANE_A,20000.0,-22.0,84.5,CRUISE_LOITER,LADAKH,5,0.5
1788361296.134,5073.8,2088.0,72.0,80.1,82.5,79.2,82.0,779.2,784.7,779.6,782.0,4.88,67.5,11.0,3.0,42.0,3.82,14.13,4.0,LANE_A,20000.0,-22.0,84.5,CRUISE_LOITER,LADAKH,5,0.5
1788361296.643,5006.9,2060.5,72.0,80.2,82.4,79.6,82.1,779.6,783.7,781.5,783.9,4.88,67.3,11.2,3.0,42.4,3.83,14.1,4.1,LANE_A,20000.0,-22.0,84.5,CRUISE_LOITER,LADAKH,5,0.5
1788361297.16,5051.1,2078.6,72.0,79.7,82.3,79.5,81.7,778.6,783.2,778.2,784.0,4.86,67.5,11.0,3.0,42.2,3.8,14.11,4.0,LANE_A,20000.0,-22.0,84.6,CRUISE_LOITER,LADAKH,5,0.5
1788361297.663,5078.3,2089.8,72.0,79.5,82.4,79.1,81.7,782.2,786.8,779.5,783.2,4.91,67.4,11.3,3.0,42.3,3.82,14.08,4.2,LANE_A,20000.0,-22.0,84.6,CRUISE_LOITER,LADAKH,5,0.5
1788361298.17,5050.7,2078.5,72.0,79.7,82.5,79.3,81.7,778.8,783.8,783.2,784.0,4.91,67.2,11.2,3.0,42.2,3.8,14.06,4.0,LANE_A,20000.0,-22.0,84.7,CRUISE_LOITER,LADAKH,5,0.5
1788361298.677,5047.4,2077.1,72.0,80.0,82.2,79.5,81.8,778.9,784.1,782.0,783.7,4.85,67.2,11.1,3.0,42.2,3.8,14.11,3.9,LANE_A,20000.0,-22.0,84.7,CRUISE_LOITER,LADAKH,5,0.5
1788361299.185,5050.6,2078.4,72.0,80.0,82.1,79.0,82.0,778.7,782.5,782.1,786.1,4.85,67.4,11.1,3.0,42.1,3.82,14.11,4.2,LANE_A,20000.0,-22.0,84.7,CRUISE_LOITER,LADAKH,5,0.5
1788361299.7,5035.9,2072.4,72.0,79.9,82.5,79.3,81.8,781.2,785.4,778.9,783.9,4.9,67.3,11.0,3.0,42.1,3.82,14.11,4.0,LANE_A,20000.0,-22.0,84.8,CRUISE_LOITER,LADAKH,5,0.5
1788361300.206,5062.2,2083.2,72.0,79.8,82.2,79.4,81.6,777.7,782.5,782.4,783.9,4.9,67.2,11.1,3.0,42.2,3.79,14.12,4.2,LANE_A,20000.0,-22.0,84.8,CRUISE_LOITER,LADAKH,5,0.5
1788361300.717,5051.2,2078.7,72.0,79.3,82.2,79.1,81.7,780.3,782.8,782.9,783.8,4.89,67.2,11.3,3.0,42.1,3.8,14.12,4.0,LANE_A,20000.0,-22.0,84.8,CRUISE_LOITER,LADAKH,5,0.5
1788361301.217,5041.9,2074.9,72.0,79.3,82.1,79.1,81.5,778.8,782.0,781.8,784.4,4.86,67.5,11.1,3.0,42.1,3.82,14.09,4.2,LANE_A,20000.0,-22.0,84.9,CRUISE_LOITER,LADAKH,5,0.5
1788361301.731,5034.4,2071.8,72.0,79.6,82.3,79.2,81.6,779.6,785.3,780.3,783.7,4.85,67.3,11.1,3.0,42.2,3.83,14.12,3.9,LANE_A,20000.0,-22.0,84.9,CRUISE_LOITER,LADAKH,5,0.5
1788361302.241,5053.9,2079.8,72.0,79.8,81.9,79.5,81.4,779.6,780.4,780.0,781.5,4.89,67.1,11.1,3.0,42.3,3.82,14.12,4.2,LANE_A,20000.0,-22.0,85.0,CRUISE_LOITER,LADAKH,5,0.5
1788361302.747,5067.7,2085.5,72.0,79.5,82.1,79.4,81.5,778.4,784.0,781.8,783.0,4.83,67.4,11.1,3.0,42.1,3.8,14.12,4.1,LANE_A,20000.0,-22.0,85.0,CRUISE_LOITER,LADAKH,5,0.5
1788361303.249,5015.0,2063.8,72.0,79.7,82.2,79.2,81.7,779.9,783.1,783.5,784.3,4.87,67.0,11.2,3.0,42.2,3.8,14.11,4.2,LANE_A,20000.0,-22.0,85.0,CRUISE_LOITER,LADAKH,5,0.5
1788361303.78,5047.0,2077.0,72.0,79.5,82.4,78.9,81.7,778.5,783.4,781.0,784.4,4.88,67.4,11.2,3.0,41.9,3.83,14.11,3.9,LANE_A,20000.0,-22.0,85.1,CRUISE_LOITER,LADAKH,5,0.5
1788361304.31,5023.3,2067.2,72.0,79.3,82.3,79.2,81.4,777.6,783.3,781.8,782.5,4.84,67.0,11.2,3.0,41.9,3.82,14.1,4.0,LANE_A,20000.0,-22.0,85.1,CRUISE_LOITER,LADAKH,5,0.5
1788361304.837,5043.8,2075.6,72.0,79.5,82.2,79.4,81.4,781.6,783.7,781.0,784.9,4.85,67.2,11.2,3.0,42.1,3.83,14.11,4.0,LANE_A,20000.0,-22.0,85.2,CRUISE_LOITER,LADAKH,5,0.5
1788361305.366,5007.2,2060.6,72.0,79.7,81.8,79.0,81.6,780.1,785.0,782.1,782.7,4.91,67.2,11.1,3.0,41.9,3.82,14.09,4.1,LANE_A,20000.0,-22.0,85.2,CRUISE_LOITER,LADAKH,5,0.5
1788361305.907,5045.6,2076.4,72.0,79.3,82.0,79.0,81.6,778.4,783.6,781.8,784.2,4.88,67.0,11.2,3.0,42.0,3.81,14.14,4.1,LANE_A,20000.0,-22.0,85.2,CRUISE_LOITER,LADAKH,5,0.5
1788361306.421,5070.2,2086.5,72.0,79.6,82.0,79.1,81.3,779.5,784.8,781.0,783.5,4.81,66.9,10.9,3.0,42.1,3.8,14.1,4.1,LANE_A,20000.0,-22.0,85.3,CRUISE_LOITER,LADAKH,5,0.5
1788361307.258,5046.5,2076.7,72.0,79.6,82.2,79.0,81.5,779.7,783.8,778.3,785.0,4.88,67.7,11.2,3.0,42.0,3.81,14.12,4.0,LANE_A,20000.0,-22.0,85.3,CRUISE_LOITER,LADAKH,5,0.5
1788361307.781,5055.4,2080.4,72.0,79.5,82.2,78.9,81.3,777.9,780.5,782.5,784.4,4.88,67.4,11.1,3.0,42.1,3.81,14.07,4.0,LANE_A,20000.0,-22.0,85.4,CRUISE_LOITER,LADAKH,5,0.5
1788361308.297,5034.2,2071.7,72.0,79.5,81.8,78.8,81.3,777.3,785.0,780.9,785.6,4.86,66.9,11.0,3.0,42.1,3.8,14.08,4.0,LANE_A,20000.0,-22.0,85.4,CRUISE_LOITER,LADAKH,5,0.5
1788361308.815,5049.4,2077.9,72.0,79.6,81.8,78.9,81.4,779.2,784.8,779.0,782.8,4.86,66.9,11.0,3.0,42.1,3.82,14.09,3.9,LANE_A,20000.0,-22.0,85.5,CRUISE_LOITER,LADAKH,5,0.5
1788361309.324,5054.2,2079.9,72.0,79.8,81.7,79.0,81.6,778.6,783.8,782.4,783.6,4.91,67.3,11.1,3.0,42.0,3.82,14.13,4.0,LANE_A,20000.0,-22.0,85.5,CRUISE_LOITER,LADAKH,5,0.5
1788361309.84,5039.6,2073.9,72.0,79.5,82.0,78.7,81.5,780.4,783.4,781.1,785.1,4.88,67.1,11.0,3.0,42.1,3.81,14.1,4.0,LANE_A,20000.0,-22.0,85.5,CRUISE_LOITER,LADAKH,5,0.5
1788361310.351,5038.5,2073.5,72.0,79.2,82.0,78.5,81.7,777.7,785.2,781.1,784.6,4.91,66.9,11.1,3.0,41.9,3.8,14.11,3.9,LANE_A,20000.0,-22.0,85.6,CRUISE_LOITER,LADAKH,5,0.5
1788361310.866,5076.5,2089.1,72.0,79.4,81.8,78.7,81.3,779.0,783.8,780.6,785.0,4.81,66.9,11.2,3.0,42.1,3.8,14.07,4.1,LANE_A,20000.0,-22.0,85.6,CRUISE_LOITER,LADAKH,5,0.5
1788361311.385,5039.6,2073.9,72.0,79.3,81.9,78.6,81.3,778.2,785.4,781.4,784.7,4.86,67.2,11.1,3.0,42.1,3.8,14.11,4.2,LANE_A,20000.0,-22.0,85.7,CRUISE_LOITER,LADAKH,5,0.5
1788361311.899,5041.5,2074.7,72.0,79.1,81.8,79.0,81.5,778.3,786.0,779.9,784.7,4.88,66.7,11.0,3.0,41.8,3.81,14.11,4.1,LANE_A,20000.0,-22.0,85.7,CRUISE_LOITER,LADAKH,5,0.5
1788361312.403,5024.9,2067.9,72.0,79.5,82.1,78.9,81.2,781.0,785.9,781.6,785.1,4.84,66.8,11.1,3.0,42.3,3.82,14.08,4.2,LANE_A,20000.0,-22.0,85.8,CRUISE_LOITER,LADAKH,5,0.5
1788361312.922,5054.9,2080.2,72.0,79.0,82.0,78.6,81.7,779.6,783.2,781.7,784.7,4.85,66.7,11.2,3.0,42.1,3.81,14.1,4.1,LANE_A,20000.0,-22.0,85.8,CRUISE_LOITER,LADAKH,5,0.5
1788361313.446,5032.6,2071.0,72.0,79.4,81.7,78.7,81.5,779.9,783.1,779.4,785.4,4.95,66.9,11.1,3.0,42.1,3.8,14.11,4.0,LANE_A,20000.0,-22.0,85.9,CRUISE_LOITER,LADAKH,5,0.5
1788361313.963,5050.9,2078.6,72.0,79.2,81.9,78.9,81.3,777.9,785.0,781.9,783.8,4.9,67.0,11.2,3.0,42.1,3.79,14.08,3.9,LANE_A,20000.0,-22.0,85.9,CRUISE_LOITER,LADAKH,5,0.5
1788361314.476,5038.4,2073.4,72.0,79.2,81.8,78.9,81.4,778.2,782.1,781.1,783.4,4.94,66.8,11.0,3.0,42.0,3.84,14.1,3.9,LANE_A,20000.0,-22.0,85.9,CRUISE_LOITER,LADAKH,5,0.5
1788361314.987,5063.7,2083.8,72.0,79.4,81.7,78.8,81.3,779.8,785.2,780.3,783.6,4.88,66.8,11.1,3.0,42.0,3.83,14.09,4.1,LANE_A,20000.0,-22.0,86.0,CRUISE_LOITER,LADAKH,5,0.5
1788361315.512,5046.1,2076.6,72.0,79.1,81.6,78.8,81.0,781.4,782.3,780.1,784.3,4.87,66.9,11.0,3.0,42.1,3.81,14.13,4.0,LANE_A,20000.0,-22.0,86.0,CRUISE_LOITER,LADAKH,5,0.5
1788361316.043,5074.0,2088.1,72.0,79.5,82.0,78.9,81.4,779.2,782.6,780.2,783.5,4.87,66.7,11.1,3.0,41.9,3.79,14.11,4.0,LANE_A,20000.0,-22.0,86.1,CRUISE_LOITER,LADAKH,5,0.5
1788361316.579,5044.3,2075.8,72.0,79.1,81.7,78.6,81.7,777.6,784.8,781.5,782.4,4.85,66.9,11.1,3.0,41.8,3.83,14.09,4.0,LANE_A,20000.0,-22.0,86.1,CRUISE_LOITER,LADAKH,5,0.5
1788361317.092,5044.1,2075.8,72.0,79.2,81.7,78.6,81.5,777.7,783.2,784.1,783.2,4.9,66.9,11.1,3.0,42.1,3.8,14.11,4.2,LANE_A,20000.0,-22.0,86.2,CRUISE_LOITER,LADAKH,5,0.5
1788361317.603,5044.4,2075.9,72.0,79.1,81.7,78.7,81.1,779.5,783.2,782.1,784.1,4.89,66.8,11.1,3.0,42.0,3.82,14.09,4.1,LANE_A,20000.0,-22.0,86.2,CRUISE_LOITER,LADAKH,5,0.5
1788361318.138,5040.5,2074.3,72.0,79.2,81.7,78.9,80.9,779.1,784.8,780.8,785.4,4.84,66.8,11.1,3.0,42.1,3.84,14.12,4.0,LANE_A,20000.0,-22.0,86.3,CRUISE_LOITER,LADAKH,5,0.5
1788361318.682,5022.1,2066.7,72.0,79.3,81.5,78.6,80.8,782.2,784.0,781.5,785.2,4.89,66.8,11.0,3.0,42.2,3.8,14.08,4.1,LANE_A,20000.0,-22.0,86.3,CRUISE_LOITER,LADAKH,5,0.5
1788361319.21,5029.3,2069.7,72.0,79.0,81.4,78.4,81.1,779.0,784.3,780.7,784.6,4.85,66.8,11.1,3.0,42.2,3.81,14.12,4.1,LANE_A,20000.0,-22.0,86.4,CRUISE_LOITER,LADAKH,5,0.5
1788361319.734,5045.6,2076.4,72.0,78.8,81.8,78.9,81.2,778.0,783.9,782.2,781.2,4.84,67.1,11.1,3.0,41.8,3.79,14.11,4.0,LANE_A,20000.0,-22.0,86.4,CRUISE_LOITER,LADAKH,5,0.5
1788361320.245,5037.1,2072.9,72.0,79.4,81.6,78.7,81.2,779.3,783.1,780.1,783.6,4.91,66.7,11.2,3.0,42.0,3.81,14.09,4.1,LANE_A,20000.0,-22.0,86.5,CRUISE_LOITER,LADAKH,5,0.5
1788361320.755,5058.1,2081.5,72.0,79.2,81.6,78.6,80.9,781.0,783.5,782.4,785.7,4.88,66.9,11.1,3.0,42.1,3.82,14.08,4.0,LANE_A,20000.0,-22.0,86.5,CRUISE_LOITER,LADAKH,5,0.5
1788361321.293,5056.5,2080.9,72.0,79.2,81.6,78.6,81.1,777.5,783.3,781.5,784.8,4.9,66.8,11.1,3.0,42.1,3.83,14.07,4.0,LANE_A,20000.0,-22.0,86.6,CRUISE_LOITER,LADAKH,5,0.5
1788361321.81,5043.9,2075.7,72.0,79.2,81.8,78.5,81.1,779.7,784.6,780.3,786.0,4.84,66.8,11.1,3.0,42.0,3.82,14.09,4.0,LANE_A,20000.0,-22.0,86.6,CRUISE_LOITER,LADAKH,5,0.5
1788361322.32,5042.1,2074.9,72.0,79.0,81.9,78.6,80.9,779.1,785.4,782.8,782.8,4.9,66.8,11.1,3.0,42.2,3.8,14.1,4.0,LANE_A,20000.0,-22.0,86.7,CRUISE_LOITER,LADAKH,5,0.5
1788361322.844,5080.6,2090.8,72.0,78.8,81.2,78.7,80.9,779.4,782.3,780.8,784.5,4.88,66.7,11.0,3.0,42.1,3.85,14.12,3.9,LANE_A,20000.0,-22.0,86.7,CRUISE_LOITER,LADAKH,5,0.5
1788361323.371,5025.1,2067.9,72.0,79.2,81.5,78.7,81.1,779.6,781.6,781.1,782.2,4.87,66.6,11.0,3.0,42.0,3.81,14.07,4.3,LANE_A,20000.0,-22.0,86.7,CRUISE_LOITER,LADAKH,5,0.5
1788361324.099,5021.0,2066.3,72.0,78.8,81.4,78.3,80.9,781.6,784.2,779.3,784.2,4.87,66.5,11.2,3.0,42.1,3.82,14.11,3.8,LANE_A,20000.0,-22.0,86.8,CRUISE_LOITER,LADAKH,5,0.5
1788361324.924,5032.2,2070.9,72.0,78.7,81.8,78.5,80.9,778.4,784.3,780.2,784.0,4.95,66.8,11.0,3.0,42.2,3.83,14.12,3.9,LANE_A,20000.0,-22.0,86.8,CRUISE_LOITER,LADAKH,5,0.5
1788361325.579,5029.5,2069.8,72.0,79.0,81.7,78.5,81.1,780.4,783.5,782.5,784.0,4.87,66.6,11.2,3.0,41.9,3.83,14.1,4.0,LANE_A,20000.0,-22.0,86.9,CRUISE_LOITER,LADAKH,5,0.5
1788361327.035,5001.3,2058.1,72.0,78.8,81.6,78.3,80.8,777.7,782.7,782.4,784.8,4.93,66.9,11.1,3.0,41.9,3.81,14.09,4.1,LANE_A,20000.0,-22.0,86.9,CRUISE_LOITER,LADAKH,5,0.5
1788361327.649,5025.9,2068.3,72.0,78.9,81.6,78.7,81.0,778.6,786.5,780.8,784.7,4.91,66.7,11.2,3.0,42.1,3.85,14.11,4.0,LANE_A,20000.0,-22.0,87.0,CRUISE_LOITER,LADAKH,5,0.5
1788361328.242,5035.2,2072.1,72.0,78.9,81.6,78.1,80.8,777.6,785.3,781.7,782.6,4.84,66.5,10.9,3.0,42.2,3.83,14.08,4.0,LANE_A,20000.0,-22.0,87.0,CRUISE_LOITER,LADAKH,5,0.5
1788361328.866,5048.4,2077.5,72.0,79.2,81.4,78.3,81.0,780.2,783.6,782.2,785.5,4.89,66.7,11.0,3.0,42.2,3.81,14.1,4.0,LANE_A,20000.0,-22.0,87.1,CRUISE_LOITER,LADAKH,5,0.5
1788361329.625,5030.1,2070.0,72.0,79.0,81.3,78.5,81.0,781.0,783.8,781.4,783.6,4.87,66.8,11.1,3.0,42.1,3.82,14.1,4.1,LANE_A,20000.0,-22.0,87.1,CRUISE_LOITER,LADAKH,5,0.5
1788361330.186,5034.2,2071.7,72.0,78.5,81.4,78.3,80.6,778.7,784.2,780.7,783.4,4.9,66.9,11.1,3.0,42.1,3.84,14.1,4.2,LANE_A,20000.0,-22.0,87.2,CRUISE_LOITER,LADAKH,5,0.5
1788361330.711,5045.1,2076.2,72.0,78.9,81.5,78.5,80.5,781.2,784.1,780.8,786.1,4.91,66.5,11.0,3.0,42.2,3.81,14.11,4.2,LANE_A,20000.0,-22.0,87.2,CRUISE_LOITER,LADAKH,5,0.5
1788361331.233,5058.7,2081.8,72.0,78.6,81.5,78.1,80.5,780.7,784.6,781.0,784.0,4.89,66.7,11.1,3.0,42.0,3.83,14.14,3.9,LANE_A,20000.0,-22.0,87.3,CRUISE_LOITER,LADAKH,5,0.5
1788361331.741,5034.9,2072.0,72.0,78.7,81.5,78.2,80.9,777.1,783.9,781.3,783.2,4.9,67.0,11.2,3.0,42.0,3.82,14.1,4.1,LANE_A,20000.0,-22.0,87.3,CRUISE_LOITER,LADAKH,5,0.5
1788361332.27,5060.7,2082.6,72.0,79.1,81.4,77.9,80.5,778.0,784.5,781.7,784.2,4.85,66.6,11.1,3.0,42.0,3.79,14.12,3.9,LANE_A,20000.0,-22.0,87.4,CRUISE_LOITER,LADAKH,5,0.5
1788361332.788,5058.8,2081.8,72.0,78.9,81.4,78.5,80.7,779.5,784.4,781.5,784.9,4.85,66.5,11.1,3.0,42.1,3.82,14.11,4.1,LANE_A,20000.0,-22.0,87.4,CRUISE_LOITER,LADAKH,5,0.5
1788361333.308,5004.9,2059.6,72.0,78.8,81.4,78.2,80.8,779.4,785.8,779.9,784.4,4.88,66.7,11.2,3.0,42.2,3.79,14.11,4.0,LANE_A,20000.0,-22.0,87.5,CRUISE_LOITER,LADAKH,5,0.5
1788361333.824,5045.2,2076.2,72.0,78.8,81.4,78.3,80.7,779.3,782.9,782.4,786.0,4.9,66.5,11.1,3.0,41.8,3.81,14.15,4.1,LANE_A,20000.0,-22.0,87.5,CRUISE_LOITER,LADAKH,5,0.5
1788361334.327,5010.0,2061.7,72.0,79.0,81.4,78.4,80.9,780.0,784.8,779.6,785.2,4.88,66.6,11.1,3.0,42.0,3.82,14.12,4.1,LANE_A,20000.0,-22.0,87.6,CRUISE_LOITER,LADAKH,5,0.5
1788361334.849,5038.7,2073.5,72.0,78.7,81.6,78.6,80.8,779.2,782.1,782.7,784.5,4.84,66.4,11.1,3.0,42.2,3.8,14.09,3.9,LANE_A,20000.0,-22.0,87.6,CRUISE_LOITER,LADAKH,5,0.5
1788361335.377,5043.7,2075.6,72.0,78.7,81.3,78.2,81.0,778.3,783.8,780.7,784.9,4.91,66.3,11.2,3.0,42.0,3.85,14.11,4.0,LANE_A,20000.0,-22.0,87.7,CRUISE_LOITER,LADAKH,5,0.5
1788361335.891,5051.5,2078.8,72.0,78.7,81.3,78.4,80.9,776.8,786.0,782.9,782.7,4.89,66.6,10.9,3.0,42.0,3.81,14.1,3.7,LANE_A,20000.0,-22.0,87.7,CRUISE_LOITER,LADAKH,5,0.5
1788361336.424,5059.5,2082.1,72.0,78.6,81.5,78.1,80.6,780.0,784.0,780.5,784.3,4.89,66.5,11.1,3.0,42.0,3.82,14.13,4.0,LANE_A,20000.0,-22.0,87.8,CRUISE_LOITER,LADAKH,5,0.5
1788361336.939,5049.7,2078.1,72.0,78.8,81.5,78.3,80.5,779.4,786.2,782.1,785.5,4.87,66.4,11.1,3.0,42.0,3.81,14.1,4.0,LANE_A,20000.0,-22.0,87.8,CRUISE_LOITER,LADAKH,5,0.5
1788361337.448,5021.8,2066.6,72.0,78.8,81.0,78.2,80.6,779.9,784.7,782.4,785.3,4.86,66.3,11.2,3.0,42.0,3.8,14.14,4.0,LANE_A,20000.0,-22.0,87.9,CRUISE_LOITER,LADAKH,5,0.5
1788361337.981,5031.6,2070.6,72.0,78.6,80.9,78.5,80.9,778.0,785.2,781.8,786.9,4.86,66.5,11.0,3.0,42.0,3.81,14.1,4.0,LANE_A,20000.0,-22.0,87.9,CRUISE_LOITER,LADAKH,5,0.5
1788361338.489,5007.9,2060.9,72.0,78.8,81.2,78.4,80.5,780.0,784.6,784.3,785.6,4.88,66.6,11.2,3.0,42.0,3.8,14.12,4.2,LANE_A,20000.0,-22.0,88.0,CRUISE_LOITER,LADAKH,5,0.5
1788361339.014,5034.1,2071.6,72.0,78.8,80.8,78.4,80.5,780.1,784.0,781.8,786.2,4.9,66.6,11.1,3.0,41.9,3.83,14.14,3.9,LANE_A,20000.0,-22.0,88.0,CRUISE_LOITER,LADAKH,5,0.5
1788361339.543,5016.5,2064.4,72.0,78.4,81.5,78.0,80.4,778.2,785.8,781.9,783.0,4.88,66.7,10.9,3.0,41.9,3.82,14.1,4.0,LANE_A,20000.0,-22.0,88.1,CRUISE_LOITER,LADAKH,5,0.5
1788361340.06,5021.0,2066.3,72.0,78.2,81.3,78.1,80.7,781.0,782.8,780.6,782.9,4.9,66.3,11.0,3.0,42.1,3.82,14.09,4.1,LANE_A,20000.0,-22.0,88.1,CRUISE_LOITER,LADAKH,5,0.5
1788361340.589,5024.9,2067.9,72.0,78.4,81.1,78.1,80.7,780.4,785.8,780.4,785.6,4.88,66.5,11.1,3.0,41.9,3.79,14.08,4.1,LANE_A,20000.0,-22.0,88.2,CRUISE_LOITER,LADAKH,5,0.5
1788361341.101,5033.1,2071.2,72.0,78.6,81.3,78.2,80.9,779.2,783.6,782.5,782.6,4.87,66.4,11.1,3.0,42.2,3.82,14.11,4.1,LANE_A,20000.0,-22.0,88.2,CRUISE_LOITER,LADAKH,5,0.5
1788361341.632,5065.5,2084.6,72.0,78.7,81.0,78.3,80.3,780.5,785.9,782.6,783.6,4.93,66.5,11.1,3.0,42.0,3.82,14.1,4.1,LANE_A,20000.0,-22.0,88.3,CRUISE_LOITER,LADAKH,5,0.5
1788361342.155,5052.0,2079.0,72.0,78.6,81.3,78.2,80.5,777.8,784.8,782.0,782.9,4.92,66.1,11.1,3.0,42.2,3.84,14.1,4.3,LANE_A,20000.0,-22.0,88.3,CRUISE_LOITER,LADAKH,5,0.5
1788361342.675,5029.1,2069.6,72.0,78.7,81.1,77.9,80.7,778.8,784.8,783.3,785.9,4.86,66.1,11.1,3.0,42.0,3.83,14.09,4.1,LANE_A,20000.0,-22.0,88.4,CRUISE_LOITER,LADAKH,5,0.5
1788361343.198,5001.9,2058.4,72.0,78.4,81.1,78.1,80.4,781.7,784.3,779.7,785.7,4.9,65.9,11.1,3.0,41.8,3.82,14.11,4.2,LANE_A,20000.0,-22.0,88.4,CRUISE_LOITER,LADAKH,5,0.5
1788361343.715,5028.9,2069.5,72.0,78.6,80.7,78.0,80.3,780.3,782.5,780.5,784.2,4.9,66.1,11.0,3.0,41.9,3.82,14.08,4.0,LANE_A,20000.0,-22.0,88.5,CRUISE_LOITER,LADAKH,5,0.5
1788361344.233,5048.8,2077.7,72.0,78.3,81.3,78.1,80.4,778.5,782.5,780.9,785.5,4.82,66.2,11.3,3.0,42.1,3.83,14.13,4.3,LANE_A,20000.0,-22.0,88.5,CRUISE_LOITER,LADAKH,5,0.5
1788361344.742,5029.7,2069.8,72.0,78.7,81.0,78.4,80.5,778.6,786.9,782.0,783.9,4.94,66.7,11.1,3.0,42.0,3.83,14.11,4.2,LANE_A,20000.0,-22.0,88.6,CRUISE_LOITER,LADAKH,5,0.5
1788361345.298,5026.3,2068.4,72.0,78.5,81.1,78.0,80.5,778.3,785.7,781.3,787.3,4.83,66.2,11.2,3.0,41.9,3.82,14.1,4.1,LANE_A,20000.0,-22.0,88.6,CRUISE_LOITER,LADAKH,5,0.5
1788361345.849,5004.4,2059.4,72.0,78.3,80.8,78.2,80.5,778.9,784.4,779.8,784.1,4.84,66.5,11.1,3.0,41.8,3.79,14.1,4.1,LANE_A,20000.0,-22.0,88.7,CRUISE_LOITER,LADAKH,5,0.5
1788361346.363,5042.2,2075.0,72.0,78.6,81.3,77.7,80.4,778.5,784.9,781.7,784.5,4.9,66.4,11.2,3.0,41.9,3.82,14.1,3.9,LANE_A,20000.0,-22.0,88.7,CRUISE_LOITER,LADAKH,5,0.5
1788361347.271,5021.0,2066.3,72.0,78.5,81.2,77.9,80.7,779.8,783.7,783.8,785.0,4.91,66.2,11.1,3.0,41.9,3.81,14.1,4.2,LANE_A,20000.0,-22.0,88.8,CRUISE_LOITER,LADAKH,5,0.5
1788361347.794,5045.7,2076.4,72.0,78.8,81.2,77.9,80.4,778.5,787.5,783.0,784.2,4.91,66.6,11.0,3.0,41.8,3.81,14.12,4.0,LANE_A,20000.0,-22.0,88.8,CRUISE_LOITER,LADAKH,5,0.5
1788361348.313,5021.3,2066.4,72.0,78.4,81.1,77.8,80.6,780.7,785.1,780.9,786.5,4.85,66.2,11.1,3.0,41.9,3.82,14.09,4.1,LANE_A,20000.0,-22.0,88.9,CRUISE_LOITER,LADAKH,5,0.5
1788361348.826,5023.5,2067.3,72.0,78.5,80.9,78.0,80.2,778.7,783.5,780.4,785.8,4.86,66.3,11.1,3.0,42.0,3.8,14.13,4.1,LANE_A,20000.0,-22.0,88.9,CRUISE_LOITER,LADAKH,5,0.5
1788361349.354,5027.4,2068.9,72.0,78.5,81.1,78.0,80.6,778.6,783.6,784.2,784.0,4.86,66.0,10.9,3.0,42.1,3.81,14.11,4.0,LANE_A,20000.0,-22.0,89.0,CRUISE_LOITER,LADAKH,5,0.5
1788361349.869,5044.2,2075.8,72.0,78.4,80.9,78.1,80.2,778.0,784.8,783.9,785.7,4.85,66.1,11.1,3.0,41.9,3.83,14.08,4.2,LANE_A,20000.0,-22.0,89.0,CRUISE_LOITER,LADAKH,5,0.5
1788361350.382,5014.3,2063.5,72.0,78.4,81.0,77.6,80.8,779.0,786.0,781.9,784.0,4.87,66.0,11.0,3.0,42.0,3.79,14.11,4.0,LANE_A,20000.0,-22.0,89.1,CRUISE_LOITER,LADAKH,5,0.5
1788361350.901,5012.6,2062.8,72.0,78.5,80.7,78.1,80.5,779.8,785.9,779.1,784.4,4.86,66.4,11.1,3.0,42.1,3.8,14.12,4.1,LANE_A,20000.0,-22.0,89.1,CRUISE_LOITER,LADAKH,5,0.5
1788361351.407,5043.4,2075.5,72.0,78.5,80.8,77.9,80.5,781.5,783.6,782.5,784.8,4.89,66.1,11.0,3.0,42.0,3.83,14.07,3.9,LANE_A,20000.0,-22.0,89.2,CRUISE_LOITER,LADAKH,5,0.5
1788361351.939,5040.0,2074.1,72.0,78.5,81.0,77.8,80.5,781.9,785.2,781.5,782.7,4.88,66.3,11.0,3.0,42.0,3.81,14.1,4.0,LANE_A,20000.0,-22.0,89.2,CRUISE_LOITER,LADAKH,5,0.5
1788361352.449,5043.2,2075.4,72.0,78.2,80.8,77.9,80.1,778.9,785.2,779.9,786.4,4.94,66.3,11.1,3.0,42.0,3.81,14.1,4.1,LANE_A,20000.0,-22.0,89.3,CRUISE_LOITER,LADAKH,5,0.5
1788361352.974,5044.9,2076.1,72.0,78.2,80.9,77.9,79.9,782.3,784.7,781.7,783.7,4.94,66.1,11.0,3.0,42.0,3.83,14.07,4.0,LANE_A,20000.0,-22.0,89.3,CRUISE_LOITER,LADAKH,5,0.5
1788361353.499,5031.9,2070.7,72.0,78.3,81.0,78.2,80.5,780.1,785.7,781.8,786.7,4.9,66.1,11.1,3.0,42.0,3.77,14.11,4.1,LANE_A,20000.0,-22.0,89.4,CRUISE_LOITER,LADAKH,5,0.5
1788361354.015,5032.8,2071.1,72.0,78.2,80.9,77.9,80.3,780.3,783.3,781.4,786.2,4.9,66.2,11.2,3.0,42.2,3.83,14.14,4.1,LANE_A,20000.0,-22.0,89.4,CRUISE_LOITER,LADAKH,5,0.5
1788361354.519,5052.5,2079.2,72.0,78.5,80.9,78.3,80.1,779.0,784.0,783.6,784.4,4.83,66.1,11.1,3.0,42.1,3.85,14.11,4.0,LANE_A,20000.0,-22.0,89.5,CRUISE_LOITER,LADAKH,5,0.5
1788361355.037,5041.6,2074.7,72.0,78.2,80.5,77.5,80.5,779.6,785.2,780.9,785.4,4.88,66.4,11.1,3.0,42.0,3.81,14.12,4.0,LANE_A,20000.0,-22.0,89.5,CRUISE_LOITER,LADAKH,5,0.5
1788361355.55,5022.9,2067.0,72.0,78.2,80.8,77.6,80.2,780.6,782.7,780.7,785.0,4.92,66.0,11.2,3.0,41.9,3.78,14.08,4.0,LANE_A,20000.0,-22.0,89.6,CRUISE_LOITER,LADAKH,5,0.5
1788361356.051,5044.2,2075.8,72.0,78.5,80.9,78.0,80.4,781.4,783.3,783.2,783.4,4.87,66.2,11.0,3.0,42.2,3.83,14.14,4.3,LANE_A,20000.0,-22.0,89.6,CRUISE_LOITER,LADAKH,5,0.5
1788361356.574,5044.0,2075.7,72.0,78.3,80.7,77.8,80.3,780.7,783.5,782.3,785.1,4.88,66.1,11.0,3.0,42.1,3.81,14.1,4.2,LANE_A,20000.0,-22.0,89.7,CRUISE_LOITER,LADAKH,5,0.5
1788361357.079,5023.7,2067.4,72.0,78.4,80.7,78.1,80.3,779.7,785.6,781.2,783.5,4.87,66.2,11.0,3.0,42.0,3.83,14.07,4.2,LANE_A,20000.0,-22.0,89.7,CRUISE_LOITER,LADAKH,5,0.5
1788361357.608,5018.7,2065.3,72.0,78.4,81.0,77.7,80.1,778.6,785.0,781.4,786.5,4.84,66.0,10.9,3.0,42.1,3.82,14.11,4.0,LANE_A,20000.0,-22.0,89.7,CRUISE_LOITER,LADAKH,5,0.5
1788361358.112,5038.1,2073.3,72.0,78.3,81.0,78.2,80.5,780.1,783.3,784.0,785.5,4.92,66.1,11.0,3.0,41.9,3.84,14.08,4.2,LANE_A,20000.0,-22.0,89.8,CRUISE_LOITER,LADAKH,5,0.5
1788361358.642,5019.0,2065.4,72.0,78.3,81.0,77.8,80.3,779.5,785.4,782.8,784.7,4.91,66.3,11.1,3.0,41.9,3.81,14.1,4.2,LANE_A,20000.0,-22.0,89.8,CRUISE_LOITER,LADAKH,5,0.5
1788361359.157,5023.3,2067.2,72.0,78.0,81.0,77.9,80.1,779.9,786.0,782.3,784.5,4.9,66.2,11.0,3.0,42.1,3.82,14.1,3.9,LANE_A,20000.0,-22.0,89.9,CRUISE_LOITER,LADAKH,5,0.5
1788361359.672,5048.2,2077.4,72.0,78.3,80.8,77.5,80.3,779.0,783.8,783.3,785.9,4.86,66.3,11.2,3.0,41.7,3.83,14.1,4.1,LANE_A,20000.0,-22.0,89.9,CRUISE_LOITER,LADAKH,5,0.5
1788361360.203,5075.0,2088.5,72.0,78.3,80.9,77.7,80.4,781.5,786.6,781.8,785.6,4.88,65.8,11.1,3.0,42.1,3.82,14.1,4.2,LANE_A,20000.0,-22.0,90.0,CRUISE_LOITER,LADAKH,5,0.5
1788361360.702,5043.2,2075.4,72.0,78.7,80.7,77.9,79.9,778.5,785.8,781.6,785.0,4.94,66.2,11.1,3.0,42.0,3.81,14.06,4.2,LANE_A,20000.0,-22.0,90.0,CRUISE_LOITER,LADAKH,5,0.5
1788361361.239,5029.2,2069.6,72.0,78.2,80.6,77.7,80.3,780.8,783.5,782.6,784.3,4.88,66.3,11.1,3.0,42.0,3.8,14.12,4.0,LANE_A,20000.0,-22.0,90.1,CRUISE_LOITER,LADAKH,5,0.5
1788361361.755,5035.9,2072.4,72.0,78.0,80.9,77.9,80.2,779.0,784.0,781.4,784.7,4.87,66.1,11.1,3.0,42.1,3.82,14.12,4.1,LANE_A,20000.0,-22.0,90.1,CRUISE_LOITER,LADAKH,5,0.5
1788361362.268,5046.4,2076.7,72.0,78.2,80.9,77.8,80.0,780.9,782.8,781.9,784.4,4.9,66.0,11.2,3.0,42.1,3.83,14.07,4.1,LANE_A,20000.0,-22.0,90.2,CRUISE_LOITER,LADAKH,5,0.5
1788361362.783,5058.2,2081.6,72.0,77.9,80.3,77.8,79.8,780.6,786.6,782.9,784.3,4.91,66.2,11.2,3.0,42.2,3.8,14.11,4.0,LANE_A,20000.0,-22.0,90.2,CRUISE_LOITER,LADAKH,5,0.5
1788361363.309,5015.0,2063.8,72.0,78.2,80.8,77.7,80.2,779.9,785.7,783.0,786.3,4.89,66.1,11.1,3.0,42.0,3.84,14.07,4.1,LANE_A,20000.0,-22.0,90.3,CRUISE_LOITER,LADAKH,5,0.5
1788361363.827,5025.3,2068.0,72.0,78.2,80.3,77.6,80.2,779.7,783.8,781.7,785.1,4.88,65.8,11.1,3.0,42.2,3.8,14.09,4.2,LANE_A,20000.0,-22.0,90.3,CRUISE_LOITER,LADAKH,5,0.5
1788361364.337,5058.4,2081.6,72.0,78.2,80.7,77.6,80.2,782.2,784.6,781.5,783.7,4.85,66.2,11.1,3.0,41.9,3.84,14.09,3.9,LANE_A,20000.0,-22.0,90.3,CRUISE_LOITER,LADAKH,5,0.5
1788361364.855,5060.0,2082.3,72.0,78.1,80.6,77.7,80.0,781.6,783.9,782.2,786.3,4.91,66.0,11.0,3.0,42.0,3.83,14.12,4.2,LANE_A,20000.0,-22.0,90.4,CRUISE_LOITER,LADAKH,5,0.5
1788361365.365,5040.4,2074.2,72.0,78.4,80.8,77.7,80.3,781.6,786.4,783.4,783.9,4.86,66.0,11.2,3.0,42.2,3.82,14.13,4.1,LANE_A,20000.0,-22.0,90.4,CRUISE_LOITER,LADAKH,5,0.5
1788361365.899,5019.8,2065.8,72.0,78.0,80.8,77.7,80.1,780.0,784.1,781.2,786.8,4.9,65.8,11.0,3.0,42.1,3.83,14.1,4.0,LANE_A,20000.0,-22.0,90.5,CRUISE_LOITER,LADAKH,5,0.5
1788361366.444,5053.5,2079.6,72.0,78.1,80.6,78.0,79.9,778.8,787.4,781.9,783.9,4.92,66.0,11.0,3.0,42.1,3.82,14.08,4.1,LANE_A,20000.0,-22.0,90.5,CRUISE_LOITER,LADAKH,5,0.5
1788361367.394,5049.0,2077.8,72.0,78.0,80.5,77.4,80.0,778.7,783.7,782.4,786.1,4.89,66.0,11.2,3.0,42.1,3.82,14.1,4.2,LANE_A,20000.0,-22.0,90.6,CRUISE_LOITER,LADAKH,5,0.5
1788361367.934,5029.6,2069.8,72.0,78.3,80.8,77.5,80.2,781.2,786.6,781.8,784.8,4.91,66.0,11.1,3.0,42.1,3.82,14.09,4.0,LANE_A,20000.0,-22.0,90.6,CRUISE_LOITER,LADAKH,5,0.5
1788361368.439,5034.1,2071.6,72.0,78.4,80.4,77.9,80.2,779.6,784.3,779.8,787.7,4.86,66.0,11.0,3.0,41.9,3.81,14.14,4.0,LANE_A,20000.0,-22.0,90.6,CRUISE_LOITER,LADAKH,5,0.5
1788361368.971,5032.4,2070.9,72.0,78.0,80.7,77.5,80.2,781.0,784.8,781.9,785.3,4.85,66.0,11.0,3.0,42.1,3.8,14.07,4.2,LANE_A,20000.0,-22.0,90.7,CRUISE_LOITER,LADAKH,5,0.5
1788361369.5,5045.5,2076.3,72.0,78.0,80.7,77.8,79.9,780.1,786.7,783.7,786.3,4.87,66.0,11.1,3.0,42.1,3.83,14.09,4.1,LANE_A,20000.0,-22.0,90.7,CRUISE_LOITER,LADAKH,5,0.5
1788361370.038,5041.3,2074.6,72.0,77.8,80.5,77.6,80.1,778.5,785.8,783.4,786.6,4.88,66.2,11.1,3.0,41.9,3.8,14.15,4.0,LANE_A,20000.0,-22.0,90.8,CRUISE_LOITER,LADAKH,5,0.5
1788361370.567,5034.6,2071.9,72.0,77.8,80.8,77.5,79.9,782.1,784.7,783.7,786.3,4.87,66.2,11.1,3.0,42.2,3.84,14.08,4.3,LANE_A,20000.0,-22.0,90.8,CRUISE_LOITER,LADAKH,5,0.5
1788361371.117,5066.0,2084.8,72.0,78.4,80.2,77.5,79.7,781.5,785.1,782.1,784.3,4.92,66.1,11.0,3.0,42.2,3.83,14.09,4.2,LANE_A,20000.0,-22.0,90.9,CRUISE_LOITER,LADAKH,5,0.5
1788361371.651,5060.7,2082.6,72.0,78.1,80.6,77.6,79.9,779.4,786.6,781.8,784.2,4.9,66.1,11.2,3.0,42.1,3.82,14.11,4.0,LANE_A,20000.0,-22.0,90.9,CRUISE_LOITER,LADAKH,5,0.5
1788361372.181,5053.1,2079.5,72.0,78.3,80.5,77.6,80.0,779.9,785.1,783.0,786.1,4.88,65.9,10.9,3.0,42.1,3.83,14.1,4.0,LANE_A,20000.0,-22.0,90.9,CRUISE_LOITER,LADAKH,5,0.5
1788361372.692,5065.7,2084.7,72.0,78.2,80.5,77.6,80.1,780.1,784.9,784.0,784.6,4.88,66.1,10.9,3.0,42.0,3.82,14.08,3.9,LANE_A,20000.0,-22.0,91.0,CRUISE_LOITER,LADAKH,5,0.5
1788361373.205,5041.0,2074.5,72.0,77.9,80.6,77.6,80.1,779.7,785.2,783.1,785.8,4.87,65.8,11.1,3.0,42.2,3.83,14.12,4.1,LANE_A,20000.0,-22.0,91.0,CRUISE_LOITER,LADAKH,5,0.5
1788361373.727,5036.1,2072.5,72.0,78.1,80.5,77.4,80.6,782.4,787.1,783.1,786.4,4.88,66.1,11.0,3.0,41.9,3.84,14.11,4.1,LANE_A,20000.0,-22.0,91.1,CRUISE_LOITER,LADAKH,5,0.5
1788361374.234,5016.7,2064.5,72.0,78.3,80.7,78.0,80.2,780.4,783.7,780.9,786.2,4.86,66.0,11.0,3.0,41.8,3.81,14.15,4.2,LANE_A,20000.0,-22.0,91.1,CRUISE_LOITER,LADAKH,5,0.5
1788361374.764,5041.8,2074.8,72.0,78.2,80.8,77.6,80.1,779.8,785.3,782.0,786.1,4.93,66.2,11.1,3.0,42.1,3.79,14.11,4.0,LANE_A,20000.0,-22.0,91.1,CRUISE_LOITER,LADAKH,5,0.5
1788361375.277,5029.9,2069.9,72.0,78.2,80.6,77.2,79.6,780.8,783.8,782.1,785.9,4.93,65.8,11.1,3.0,42.3,3.83,14.09,4.0,LANE_A,20000.0,-22.0,91.2,CRUISE_LOITER,LADAKH,5,0.5
1788361375.789,5060.4,2082.5,72.0,77.8,80.4,77.8,79.9,781.1,784.5,783.0,788.1,4.9,66.1,11.0,3.0,41.8,3.82,14.11,4.2,LANE_A,20000.0,-22.0,91.2,CRUISE_LOITER,LADAKH,5,0.5
1788361376.305,5059.5,2082.1,72.0,78.2,80.4,77.5,80.3,780.0,785.0,780.5,784.8,4.91,66.0,11.0,3.0,42.2,3.82,14.07,4.2,LANE_A,20000.0,-22.0,91.2,CRUISE_LOITER,LADAKH,5,0.5
1788361376.825,5030.3,2070.1,72.0,78.5,80.5,77.4,80.0,781.5,784.7,784.1,784.5,4.91,65.9,11.1,3.0,41.9,3.81,14.12,3.9,LANE_A,20000.0,-22.0,91.3,CRUISE_LOITER,LADAKH,5,0.5
1788361377.354,5042.5,2075.1,72.0,78.2,80.5,77.2,79.7,778.9,783.6,780.6,786.3,4.89,65.9,11.1,3.0,42.1,3.8,14.12,3.9,LANE_A,20000.0,-22.0,91.3,CRUISE_LOITER,LADAKH,5,0.5
1788361377.879,5008.1,2060.9,72.0,78.2,80.5,77.4,80.1,781.2,786.6,782.4,786.0,4.89,65.7,11.1,3.0,41.9,3.81,14.12,4.1,LANE_A,20000.0,-22.0,91.4,CRUISE_LOITER,LADAKH,5,0.5
1788361378.402,5050.9,2078.6,72.0,78.0,80.4,77.5,79.8,779.0,788.1,782.4,784.2,4.87,66.0,11.1,3.0,42.0,3.81,14.14,4.0,LANE_A,20000.0,-22.0,91.4,CRUISE_LOITER,LADAKH,5,0.5
1788361378.918,5089.8,2094.6,72.0,77.9,80.4,77.3,80.2,779.7,785.2,782.6,786.9,4.88,66.0,11.2,3.0,42.1,3.79,14.11,4.2,LANE_A,20000.0,-22.0,91.4,CRUISE_LOITER,LADAKH,5,0.5
1788361379.439,5064.9,2084.3,72.0,77.9,80.8,77.4,79.8,782.1,785.1,782.0,783.4,4.92,65.9,11.1,3.0,42.0,3.82,14.09,4.0,LANE_A,20000.0,-22.0,91.5,CRUISE_LOITER,LADAKH,5,0.5
1788361379.948,5051.4,2078.8,72.0,77.9,80.6,77.4,80.1,780.9,786.5,783.5,784.5,4.9,66.2,11.1,3.0,41.9,3.81,14.09,4.0,LANE_A,20000.0,-22.0,91.5,CRUISE_LOITER,LADAKH,5,0.5
1788361380.461,5028.9,2069.5,72.0,78.1,80.5,77.6,80.3,781.6,784.9,782.1,786.1,4.9,65.8,10.9,3.0,42.1,3.8,14.13,4.2,LANE_A,20000.0,-22.0,91.5,CRUISE_LOITER,LADAKH,5,0.5
1788361380.991,5058.6,2081.7,72.0,78.0,80.5,77.7,80.0,778.8,784.9,782.7,785.5,4.93,66.0,11.1,3.0,42.1,3.81,14.09,4.2,LANE_A,20000.0,-22.0,91.6,CRUISE_LOITER,LADAKH,5,0.5
1788361381.508,5063.8,2083.9,72.0,78.2,80.5,77.8,79.9,781.5,785.2,782.8,784.9,4.96,66.1,11.2,3.0,41.9,3.85,14.07,4.0,LANE_A,20000.0,-22.0,91.6,CRUISE_LOITER,LADAKH,5,0.5
1788361382.032,5058.3,2081.6,72.0,77.8,80.6,77.5,79.9,780.9,786.9,783.4,786.9,4.91,65.9,11.0,3.0,42.0,3.81,14.13,3.9,LANE_A,20000.0,-22.0,91.6,CRUISE_LOITER,LADAKH,5,0.5
1788361382.546,5041.4,2074.7,72.0,77.8,80.1,77.5,79.8,779.4,787.2,781.0,785.5,4.88,66.0,11.0,3.0,42.2,3.85,14.11,4.1,LANE_A,20000.0,-22.0,91.7,CRUISE_LOITER,LADAKH,5,0.5
1788361383.065,5072.7,2087.5,72.0,78.3,80.7,77.6,79.7,781.4,785.6,783.0,786.5,4.89,65.8,11.1,3.0,42.0,3.83,14.09,4.0,LANE_A,20000.0,-22.0,91.7,CRUISE_LOITER,LADAKH,5,0.5
1788361383.589,5019.5,2065.6,72.0,78.1,80.5,77.8,79.8,777.3,784.9,781.0,786.8,4.88,66.0,11.1,3.0,42.1,3.83,14.14,3.9,LANE_A,20000.0,-22.0,91.7,CRUISE_LOITER,LADAKH,5,0.5
1788361384.097,5049.7,2078.1,72.0,78.2,80.5,77.8,80.0,781.0,786.3,782.5,783.9,4.9,65.9,11.1,3.0,42.2,3.81,14.07,4.1,LANE_A,20000.0,-22.0,91.8,CRUISE_LOITER,LADAKH,5,0.5
1788361384.62,5058.0,2081.5,72.0,78.1,80.4,77.7,80.1,782.0,786.4,784.2,786.4,4.9,65.8,11.1,3.0,42.1,3.8,14.13,3.9,LANE_A,20000.0,-22.0,91.8,CRUISE_LOITER,LADAKH,5,0.5
1788361385.135,5039.2,2073.7,72.0,78.1,80.5,77.4,80.3,780.0,786.4,783.9,787.4,4.9,65.9,11.2,3.0,42.1,3.84,14.12,4.2,LANE_A,20000.0,-22.0,91.8,CRUISE_LOITER,LADAKH,5,0.5
1788361385.637,5082.7,2091.6,72.0,77.8,80.7,77.6,80.2,781.3,787.7,782.2,785.7,4.92,65.7,11.0,3.0,42.0,3.8,14.1,4.1,LANE_A,20000.0,-22.0,91.9,CRUISE_LOITER,LADAKH,5,0.5
1788361386.154,5048.4,2077.5,72.0,78.5,80.5,77.3,80.1,781.5,787.1,783.7,788.6,4.9,66.0,11.2,3.0,42.0,3.83,14.09,4.0,LANE_A,20000.0,-22.0,91.9,CRUISE_LOITER,LADAKH,5,0.5
1788361386.979,5043.6,2075.6,72.0,78.0,80.7,77.3,79.9,779.5,784.0,783.0,784.7,4.9,66.0,11.1,3.0,42.1,3.83,14.08,4.1,LANE_A,20000.0,-22.0,91.9,CRUISE_LOITER,LADAKH,5,0.5
1788361387.497,5075.2,2088.6,72.0,77.6,80.5,77.5,80.1,782.6,785.7,781.7,786.8,4.91,66.1,11.2,3.0,42.1,3.83,14.1,4.2,LANE_A,20000.0,-22.0,92.0,CRUISE_LOITER,LADAKH,5,0.5
1788361388.005,5060.4,2082.5,72.0,78.0,80.9,77.5,80.2,780.0,783.0,780.6,786.4,4.84,65.9,11.2,3.0,42.2,3.81,14.13,4.0,LANE_A,20000.0,-22.0,92.0,CRUISE_LOITER,LADAKH,5,0.5
1788361388.508,5012.0,2062.6,72.0,78.1,80.6,77.6,80.0,782.0,784.9,781.1,784.0,4.92,66.1,11.1,3.0,42.3,3.82,14.11,4.2,LANE_A,20000.0,-22.0,92.0,CRUISE_LOITER,LADAKH,5,0.5
1788361389.013,5049.0,2077.8,72.0,77.8,80.2,77.3,80.0,778.2,785.3,782.3,787.5,4.88,65.9,11.0,3.0,41.9,3.82,14.13,4.1,LANE_A,20000.0,-22.0,92.1,CRUISE_LOITER,LADAKH,5,0.5
1788361389.529,5073.5,2087.9,72.0,78.0,80.3,77.4,80.5,778.8,786.0,782.2,784.5,4.91,65.9,11.1,3.0,42.0,3.82,14.1,4.2,LANE_A,20000.0,-22.0,92.1,CRUISE_LOITER,LADAKH,5,0.5
1788361390.036,5037.5,2073.0,72.0,78.0,80.9,77.6,80.0,778.9,783.8,781.9,785.2,4.86,66.0,11.1,3.0,42.3,3.78,14.09,4.3,LANE_A,20000.0,-22.0,92.1,CRUISE_LOITER,LADAKH,5,0.5
1788361390.55,5066.0,2084.8,72.0,77.8,80.3,77.3,80.1,781.4,784.9,781.7,785.3,4.87,65.9,11.1,3.0,42.1,3.82,14.11,4.1,LANE_A,20000.0,-22.0,92.1,CRUISE_LOITER,LADAKH,5,0.5
1788361391.067,5071.0,2086.8,72.0,78.1,80.4,77.2,80.1,779.9,785.0,783.8,788.2,4.88,66.1,11.1,3.0,42.2,3.83,14.08,4.1,LANE_A,20000.0,-22.0,92.2,CRUISE_LOITER,LADAKH,5,0.5
1788361391.596,5051.6,2078.8,72.0,78.2,80.5,77.3,80.2,780.1,785.0,781.2,786.2,4.87,65.8,11.2,3.0,42.3,3.8,14.12,4.0,LANE_A,20000.0,-22.0,92.2,CRUISE_LOITER,LADAKH,5,0.5
1788361392.113,5041.5,2074.7,72.0,77.8,80.7,77.2,80.1,780.3,785.9,782.6,787.3,4.79,65.9,11.1,3.0,42.0,3.83,14.11,4.2,LANE_A,20000.0,-22.0,92.2,CRUISE_LOITER,LADAKH,5,0.5
1788361392.632,5046.7,2076.8,72.0,77.8,80.7,77.8,80.1,780.7,787.0,785.0,785.5,4.86,66.0,11.2,3.0,42.4,3.82,14.1,4.1,LANE_A,20000.0,-22.0,92.3,CRUISE_LOITER,LADAKH,5,0.5
1788361393.16,5057.5,2081.3,72.0,78.0,80.6,77.4,80.2,782.2,785.3,782.8,783.9,4.9,65.9,11.1,3.0,42.0,3.83,14.09,4.0,LANE_A,20000.0,-22.0,92.3,CRUISE_LOITER,LADAKH,5,0.5
1788361393.669,5046.3,2076.7,72.0,78.2,80.7,77.3,79.9,782.0,784.6,781.1,786.1,4.84,66.1,11.1,3.0,42.0,3.82,14.1,4.0,LANE_A,20000.0,-22.0,92.3,CRUISE_LOITER,LADAKH,5,0.5
1788361394.193,5043.6,2075.6,72.0,77.8,80.5,77.4,80.1,780.6,785.8,782.0,787.2,4.9,66.1,11.1,3.0,42.2,3.82,14.11,4.1,LANE_A,20000.0,-22.0,92.3,CRUISE_LOITER,LADAKH,5,0.5
1788361394.73,5064.9,2084.3,72.0,78.1,80.6,77.4,80.2,780.0,785.7,781.3,784.5,4.88,66.1,11.2,3.0,42.0,3.78,14.12,4.1,LANE_A,20000.0,-22.0,92.4,CRUISE_LOITER,LADAKH,5,0.5
1788361395.238,5062.4,2083.3,72.0,78.1,80.8,77.5,80.1,780.1,785.4,782.8,784.9,4.92,66.1,11.1,3.0,42.1,3.81,14.07,4.3,LANE_A,20000.0,-22.0,92.4,CRUISE_LOITER,LADAKH,5,0.5
1788361395.754,5030.8,2070.3,72.0,77.8,80.3,77.6,79.9,781.3,785.6,781.1,783.7,4.93,65.7,10.9,3.0,41.9,3.83,14.06,4.2,LANE_A,20000.0,-22.0,92.4,CRUISE_LOITER,LADAKH,5,0.5
1788361396.279,5069.6,2086.3,72.0,78.1,80.6,77.6,79.8,779.7,786.5,783.0,785.9,4.88,65.9,11.1,3.0,42.3,3.83,14.1,4.2,LANE_A,20000.0,-22.0,92.4,CRUISE_LOITER,LADAKH,5,0.5
1788361396.803,5029.5,2069.8,72.0,78.1,80.4,77.6,80.0,780.5,785.7,782.0,784.8,4.9,65.9,11.1,3.0,42.2,3.82,14.09,3.9,LANE_A,20000.0,-22.0,92.4,CRUISE_LOITER,LADAKH,5,0.5
1788361397.302,5061.3,2082.8,72.0,78.1,80.6,77.7,79.8,779.4,785.3,782.5,785.7,4.9,65.8,11.0,3.0,42.0,3.83,14.1,4.1,LANE_A,20000.0,-22.0,92.5,CRUISE_LOITER,LADAKH,5,0.5
1788361397.827,5070.8,2086.7,72.0,78.0,80.5,77.4,79.9,778.9,787.6,781.5,784.2,4.88,66.1,11.3,3.0,42.1,3.81,14.1,4.1,LANE_A,20000.0,-22.0,92.5,CRUISE_LOITER,LADAKH,5,0.5
1788361398.332,5069.3,2086.1,72.0,78.0,80.7,77.7,79.9,780.3,786.4,782.0,785.6,4.89,66.2,11.1,3.0,42.3,3.83,14.1,4.1,LANE_A,20000.0,-22.0,92.5,CRUISE_LOITER,LADAKH,5,0.5
1788361398.846,5066.5,2085.0,72.0,78.0,80.5,77.6,80.2,782.0,786.1,780.4,784.4,4.9,66.0,11.1,3.0,42.1,3.83,14.12,3.9,LANE_A,20000.0,-22.0,92.5,CRUISE_LOITER,LADAKH,5,0.5
1788361399.378,5063.6,2083.8,72.0,78.2,80.8,77.6,80.2,782.1,785.0,783.1,786.2,4.87,66.1,11.2,3.0,42.2,3.81,14.1,4.2,LANE_A,20000.0,-22.0,92.6,CRUISE_LOITER,LADAKH,5,0.5
1788361399.898,5062.3,2083.3,72.0,78.1,80.6,77.6,80.1,781.1,786.7,781.9,785.8,4.93,66.0,11.2,3.0,41.9,3.79,14.1,4.2,LANE_A,20000.0,-22.0,92.6,CRUISE_LOITER,LADAKH,5,0.5
1788361400.4,5069.3,2086.1,72.0,78.2,80.3,77.7,80.0,779.6,783.1,786.6,784.5,4.89,65.9,11.1,3.0,42.2,3.83,14.1,3.9,LANE_A,20000.0,-22.0,92.6,CRUISE_LOITER,LADAKH,5,0.5
1788361400.921,5026.1,2068.4,72.0,78.2,80.6,77.4,79.9,782.4,783.4,783.8,783.9,4.93,66.2,11.1,3.0,42.1,3.82,14.05,4.1,LANE_A,20000.0,-22.0,92.6,CRUISE_LOITER,LADAKH,5,0.5
1788361401.429,5055.9,2080.6,72.0,77.9,80.6,77.4,79.9,780.6,785.4,784.2,787.3,4.85,66.0,11.2,3.0,42.3,3.8,14.06,4.2,LANE_A,20000.0,-22.0,92.6,CRUISE_LOITER,LADAKH,5,0.5
1788361401.955,5056.2,2080.7,72.0,78.0,80.5,77.7,80.2,781.8,786.4,783.3,786.0,4.87,65.9,11.1,3.0,42.0,3.83,14.08,4.1,LANE_A,20000.0,-22.0,92.7,CRUISE_LOITER,LADAKH,5,0.5
1788361402.472,5067.9,2085.6,72.0,78.0,80.1,77.7,80.0,780.2,785.6,783.3,788.3,4.86,66.1,11.1,3.0,42.0,3.81,14.11,4.2,LANE_A,20000.0,-22.0,92.7,CRUISE_LOITER,LADAKH,5,0.5
1788361402.999,5020.5,2066.0,72.0,78.1,80.5,77.5,80.2,781.5,787.3,783.6,786.6,4.94,66.3,11.2,3.0,42.1,3.8,14.14,4.1,LANE_A,20000.0,-22.0,92.7,CRUISE_LOITER,LADAKH,5,0.5
1788361403.527,5041.6,2074.7,72.0,78.4,80.5,77.9,80.3,780.5,783.6,782.8,786.6,4.92,66.1,11.0,3.0,42.2,3.83,14.15,4.0,LANE_A,20000.0,-22.0,92.7,CRUISE_LOITER,LADAKH,5,0.5
1788361404.05,5032.1,2070.8,72.0,78.0,80.5,77.4,80.1,780.8,785.9,780.2,784.9,4.92,65.9,11.0,3.0,42.3,3.81,14.09,4.1,LANE_A,20000.0,-22.0,92.7,CRUISE_LOITER,LADAKH,5,0.5
1788361404.581,5083.9,2092.1,72.0,78.0,80.8,77.6,80.1,781.9,785.2,783.9,786.1,4.94,66.0,11.1,3.0,42.3,3.81,14.1,4.1,LANE_A,20000.0,-22.0,92.7,CRUISE_LOITER,LADAKH,5,0.5
1788361405.106,5046.6,2076.8,72.0,78.4,80.4,77.8,80.1,781.7,786.1,784.6,787.1,4.91,66.0,11.2,3.0,42.3,3.84,14.1,4.0,LANE_A,20000.0,-22.0,92.8,CRUISE_LOITER,LADAKH,5,0.5
1788361405.619,5071.2,2086.9,72.0,78.2,80.8,77.6,80.3,779.6,787.9,782.6,786.1,4.96,65.8,11.1,3.0,42.1,3.84,14.06,4.0,LANE_A,20000.0,-22.0,92.8,CRUISE_LOITER,LADAKH,5,0.5
1788361406.139,5052.4,2079.2,72.0,78.1,80.5,77.5,80.1,781.3,785.5,783.3,785.8,4.9,66.1,11.1,3.0,42.5,3.82,14.12,4.1,LANE_A,20000.0,-22.0,92.8,CRUISE_LOITER,LADAKH,5,0.5
1788361407.434,5057.5,2081.3,72.0,78.0,80.7,77.6,80.3,780.0,784.9,783.0,786.2,4.91,65.9,11.2,3.0,42.1,3.83,14.12,4.1,LANE_A,20000.0,-22.0,92.8,CRUISE_LOITER,LADAKH,5,0.5
1788361407.948,5064.4,2084.1,72.0,78.1,80.4,77.6,80.0,780.5,786.1,783.5,784.8,4.89,66.4,11.2,3.0,42.4,3.79,14.06,4.2,LANE_A,20000.0,-22.0,92.8,CRUISE_LOITER,LADAKH,5,0.5
1788361408.467,5071.2,2086.9,72.0,78.0,80.6,77.5,80.2,781.8,785.9,783.7,785.7,4.95,66.1,11.2,3.0,42.2,3.81,14.1,4.1,LANE_A,20000.0,-22.0,92.8,CRUISE_LOITER,LADAKH,5,0.5
1788361408.979,5067.6,2085.4,72.0,78.1,80.7,77.3,80.5,780.6,785.0,783.9,786.5,4.89,66.3,11.3,3.0,42.0,3.8,14.12,4.2,LANE_A,20000.0,-22.0,92.8,CRUISE_LOITER,LADAKH,5,0.5
1788361409.503,5052.8,2079.3,72.0,78.1,80.8,77.4,80.2,777.6,785.1,784.0,787.1,4.87,66.3,11.2,3.0,42.0,3.81,14.12,4.0,LANE_A,20000.0,-22.0,92.9,CRUISE_LOITER,LADAKH,5,0.5
1788361410.032,5067.9,2085.6,72.0,78.0,80.4,77.7,80.3,782.4,786.4,784.0,785.4,4.88,66.1,11.1,3.0,42.3,3.81,14.1,4.1,LANE_A,20000.0,-22.0,92.9,CRUISE_LOITER,LADAKH,5,0.5
1788361410.554,5059.0,2081.9,72.0,78.2,80.6,77.7,80.2,781.1,785.6,782.8,785.7,4.85,66.2,11.2,3.0,42.4,3.84,14.12,4.0,LANE_A,20000.0,-22.0,92.9,CRUISE_LOITER,LADAKH,5,0.5
1788361411.081,5070.6,2086.7,72.0,77.8,80.7,77.4,79.9,778.7,786.0,783.1,786.7,4.85,66.2,11.2,3.0,42.2,3.8,14.08,4.1,LANE_A,20000.0,-22.0,92.9,CRUISE_LOITER,LADAKH,5,0.5
1788361411.588,5048.6,2077.6,72.0,78.1,80.5,77.8,80.3,782.7,785.5,781.9,785.1,4.95,66.2,11.2,3.0,42.1,3.83,14.1,4.2,LANE_A,20000.0,-22.0,92.9,CRUISE_LOITER,LADAKH,5,0.5
1788361412.119,5064.8,2084.3,72.0,78.0,81.2,77.5,80.2,778.1,787.0,783.3,786.0,4.89,66.2,11.1,3.0,42.3,3.85,14.15,3.8,LANE_A,20000.0,-22.0,92.9,CRUISE_LOITER,LADAKH,5,0.5
1788361412.622,5033.9,2071.6,72.0,78.4,80.7,77.7,80.2,781.2,786.6,782.9,788.1,4.91,66.3,11.2,3.0,42.4,3.81,14.08,4.0,LANE_A,20000.0,-22.0,92.9,CRUISE_LOITER,LADAKH,5,0.5
1788361413.145,5091.6,2095.3,72.0,77.8,80.8,77.5,80.0,778.9,785.5,783.0,786.9,4.91,66.2,11.2,3.0,42.3,3.82,14.09,4.1,LANE_A,20000.0,-22.0,92.9,CRUISE_LOITER,LADAKH,5,0.5
1788361413.667,5080.7,2090.8,72.0,78.1,80.7,77.4,80.1,780.5,786.5,783.7,787.0,4.9,66.5,11.2,3.0,42.3,3.81,14.1,4.1,LANE_A,20000.0,-22.0,92.9,CRUISE_LOITER,LADAKH,5,0.5
1788361414.189,5078.7,2090.0,72.0,78.4,80.7,77.5,80.4,780.6,787.1,781.1,785.4,4.91,66.0,11.2,3.0,42.2,3.83,14.1,4.2,LANE_A,20000.0,-22.0,92.9,CRUISE_LOITER,LADAKH,5,0.5
1788361414.709,5033.4,2071.4,72.0,78.0,80.5,77.6,80.1,778.3,784.3,783.0,786.7,4.96,66.2,11.1,3.0,42.1,3.81,14.1,4.0,LANE_A,20000.0,-22.0,92.9,CRUISE_LOITER,LADAKH,5,0.5
1788361415.235,5069.0,2086.0,72.0,78.2,80.9,77.6,80.4,779.8,787.7,784.0,785.5,4.92,66.2,11.0,3.0,42.2,3.82,14.12,4.1,LANE_A,20000.0,-22.0,93.0,CRUISE_LOITER,LADAKH,5,0.5
1788361415.767,5072.1,2087.3,72.0,78.5,80.3,77.9,80.1,781.4,785.8,784.3,787.9,4.91,66.2,11.1,3.0,42.2,3.82,14.11,4.1,LANE_A,20000.0,-22.0,93.0,CRUISE_LOITER,LADAKH,5,0.5
1788361416.31,5057.7,2081.4,72.0,78.2,80.9,78.2,80.1,781.3,783.6,783.8,785.1,4.92,66.1,11.1,3.0,42.3,3.83,14.08,4.2,LANE_A,20000.0,-22.0,93.0,CRUISE_LOITER,LADAKH,5,0.5
1788361416.83,5040.5,2074.3,72.0,78.2,81.0,77.4,80.2,778.4,786.9,783.3,788.0,4.92,66.0,11.0,3.0,42.4,3.82,14.14,3.9,LANE_A,20000.0,-22.0,93.0,CRUISE_LOITER,LADAKH,5,0.5
1788361417.354,5041.5,2074.7,72.0,78.3,81.0,77.8,80.2,781.9,786.8,780.9,788.4,4.9,66.3,11.2,3.0,42.2,3.82,14.06,4.2,LANE_A,20000.0,-22.0,93.0,CRUISE_LOITER,LADAKH,5,0.5
1788361417.868,5074.7,2088.4,72.0,78.3,80.6,77.7,80.2,781.2,784.4,781.3,786.9,4.92,66.2,11.2,3.0,42.0,3.83,14.11,4.1,LANE_A,20000.0,-22.0,93.0,CRUISE_LOITER,LADAKH,5,0.5
1788361418.397,5064.9,2084.3,72.0,77.9,80.7,77.7,80.2,781.5,785.1,783.1,787.1,4.89,66.2,11.2,3.0,42.4,3.8,14.1,4.2,LANE_A,20000.0,-22.0,93.0,CRUISE_LOITER,LADAKH,5,0.5
1788361418.907,5049.7,2078.1,72.0,78.3,80.5,77.6,80.0,780.5,785.4,782.9,785.5,4.88,66.3,11.2,3.0,42.6,3.81,14.11,4.2,LANE_A,20000.0,-22.0,93.0,CRUISE_LOITER,LADAKH,5,0.5
1788361419.425,5066.0,2084.8,72.0,77.7,80.4,77.8,80.4,779.6,787.6,783.6,785.7,4.93,66.2,11.1,3.0,42.2,3.81,14.12,4.1,LANE_A,20000.0,-22.0,93.0,CRUISE_LOITER,LADAKH,5,0.5
1788361419.946,5063.9,2083.9,72.0,78.5,80.8,77.6,80.4,781.6,784.0,784.4,785.0,4.92,66.2,11.1,3.0,42.4,3.79,14.1,4.1,LANE_A,20000.0,-22.0,93.0,CRUISE_LOITER,LADAKH,5,0.5
1788361420.46,5066.9,2085.1,72.0,78.3,80.8,77.9,80.3,783.3,785.9,783.7,784.8,4.92,66.2,11.2,3.0,42.3,3.81,14.12,4.2,LANE_A,20000.0,-22.0,93.0,CRUISE_LOITER,LADAKH,5,0.5
1788361420.972,5078.1,2089.8,72.0,78.3,80.7,77.8,80.2,782.5,786.3,783.2,786.4,4.89,66.2,11.1,3.0,42.3,3.8,14.08,4.1,LANE_A,20000.0,-22.0,93.0,CRUISE_LOITER,LADAKH,5,0.5
1788361421.508,5036.2,2072.5,72.0,78.5,80.9,77.7,80.5,780.5,784.2,783.5,787.5,4.94,66.7,11.1,3.0,42.3,3.81,14.1,4.0,LANE_A,20000.0,-22.0,93.0,CRUISE_LOITER,LADAKH,5,0.5
1788361422.027,5064.2,2084.0,72.0,78.6,80.7,78.1,80.0,779.1,785.8,782.7,785.2,4.88,66.6,11.2,3.0,42.2,3.82,14.12,4.2,LANE_A,20000.0,-22.0,93.0,CRUISE_LOITER,LADAKH,5,0.5
1788361422.558,5075.5,2088.7,72.0,78.5,81.0,77.8,80.4,784.0,784.7,783.7,785.0,4.86,66.5,11.2,3.0,42.3,3.8,14.12,4.1,LANE_A,20000.0,-22.0,93.0,CRUISE_LOITER,LADAKH,5,0.5
1788361423.089,5079.7,2090.4,72.0,78.5,80.8,77.7,80.2,781.2,787.2,782.9,784.4,4.93,66.5,11.3,3.0,42.2,3.81,14.14,4.0,LANE_A,20000.0,-22.0,93.0,CRUISE_LOITER,LADAKH,5,0.5
1788361423.616,5059.6,2082.1,72.0,78.7,80.7,77.7,80.5,782.2,786.2,783.9,787.9,4.86,66.4,11.2,3.0,42.2,3.78,14.06,4.1,LANE_A,20000.0,-22.0,93.0,CRUISE_LOITER,LADAKH,5,0.5
1788361424.201,5061.3,2082.8,72.0,78.5,81.0,77.8,80.4,781.2,786.5,785.3,786.5,4.89,66.1,11.2,3.0,42.2,3.81,14.09,4.1,LANE_A,20000.0,-22.0,93.0,CRUISE_LOITER,LADAKH,5,0.5
1788361424.716,5067.5,2085.4,72.0,78.2,80.9,78.0,80.2,781.3,786.6,783.4,785.7,4.92,66.5,11.3,3.0,42.4,3.82,14.09,3.9,LANE_A,20000.0,-22.0,93.0,CRUISE_LOITER,LADAKH,5,0.5
1788361425.23,5083.3,2091.9,72.0,78.8,80.7,78.2,80.3,779.7,786.8,784.0,785.2,4.86,66.1,11.2,3.0,42.2,3.83,14.12,4.2,LANE_A,20000.0,-22.0,93.0,CRUISE_LOITER,LADAKH,5,0.5
1788361425.751,5055.6,2080.5,72.0,78.2,80.8,78.3,80.6,780.9,785.5,782.0,785.9,4.94,66.1,11.1,3.0,42.4,3.81,14.06,3.9,LANE_A,20000.0,-22.0,93.0,CRUISE_LOITER,LADAKH,5,0.5
1788361426.277,5059.1,2081.9,72.0,78.8,81.0,77.8,80.2,782.3,786.3,780.0,786.2,4.88,66.3,11.2,3.0,42.3,3.83,14.11,3.9,LANE_A,20000.0,-22.0,93.0,CRUISE_LOITER,LADAKH,5,0.5
1788361427.239,5069.6,2086.3,72.0,78.8,81.0,77.8,80.7,781.4,786.1,783.3,784.6,4.91,66.4,11.2,3.0,42.4,3.82,14.07,4.2,LANE_A,20000.0,-22.0,93.0,CRUISE_LOITER,LADAKH,5,0.5
1788361427.762,5073.3,2087.8,72.0,78.6,81.0,77.8,80.5,779.5,786.7,784.4,788.2,4.93,66.4,11.3,3.0,42.4,3.8,14.06,3.9,LANE_A,20000.0,-22.0,93.0,CRUISE_LOITER,LADAKH,5,0.5
1788361428.28,5053.6,2079.7,72.0,78.6,81.2,77.7,80.4,781.9,787.1,782.7,783.8,4.91,66.5,11.3,3.0,42.4,3.83,14.09,4.2,LANE_A,20000.0,-22.0,93.0,CRUISE_LOITER,LADAKH,5,0.5
1788361428.803,5077.5,2089.5,72.0,78.6,81.0,77.6,80.4,781.6,786.1,782.3,787.8,4.93,66.9,11.2,3.0,42.2,3.81,14.11,4.2,LANE_A,20000.0,-22.0,93.0,CRUISE_LOITER,LADAKH,5,0.5
1788361429.33,5090.8,2095.0,72.0,78.7,80.8,78.2,80.5,781.9,785.7,782.4,785.9,4.9,66.7,11.2,3.0,42.3,3.8,14.11,4.0,LANE_A,20000.0,-22.0,93.0,CRUISE_LOITER,LADAKH,5,0.5
1788361429.842,5100.3,2098.9,72.0,78.6,81.0,78.3,80.7,781.1,786.1,781.8,785.4,4.88,66.4,11.3,3.0,42.2,3.85,14.13,4.0,LANE_A,20000.0,-22.0,93.0,CRUISE_LOITER,LADAKH,5,0.5
1788361430.366,5039.3,2073.8,72.0,78.3,81.0,78.1,80.6,780.8,784.5,784.0,787.1,4.86,66.3,11.2,3.0,42.3,3.84,14.08,4.0,LANE_A,20000.0,-22.0,92.9,CRUISE_LOITER,LADAKH,5,0.5
1788361430.891,5092.6,2095.7,72.0,78.3,80.9,78.1,80.7,782.4,785.6,785.1,786.5,4.92,66.8,11.2,3.0,42.4,3.82,14.1,4.2,LANE_A,20000.0,-22.0,92.9,CRUISE_LOITER,LADAKH,5,0.5
1788361431.407,5044.0,2075.7,72.0,78.6,81.0,78.2,80.5,780.4,786.7,783.1,785.0,4.86,66.8,11.2,3.0,42.6,3.81,14.11,4.0,LANE_A,20000.0,-22.0,92.9,CRUISE_LOITER,LADAKH,5,0.5
1788361431.917,5076.8,2089.2,72.0,78.6,80.8,78.1,80.4,782.3,787.9,783.2,786.9,4.89,66.0,11.2,3.0,42.2,3.82,14.11,4.1,LANE_A,20000.0,-22.0,92.9,CRUISE_LOITER,LADAKH,5,0.5
1788361432.438,5036.7,2072.7,72.0,79.0,81.2,78.3,80.7,779.6,787.2,780.9,785.9,4.86,66.5,11.1,3.0,42.3,3.83,14.06,4.2,LANE_A,20000.0,-22.0,92.9,CRUISE_LOITER,LADAKH,5,0.5
1788361432.953,5051.7,2078.9,72.0,78.7,81.3,78.1,80.5,782.2,786.5,783.4,786.0,4.86,66.6,11.3,3.0,42.4,3.79,14.08,4.1,LANE_A,20000.0,-22.0,92.9,CRUISE_LOITER,LADAKH,5,0.5
1788361433.474,5091.2,2095.1,72.0,78.7,80.9,78.0,80.3,784.3,786.6,783.2,787.1,4.89,66.7,11.3,3.0,42.2,3.82,14.1,4.0,LANE_A,20000.0,-22.0,92.9,CRUISE_LOITER,LADAKH,5,0.5
1788361434.003,5059.9,2082.3,72.0,78.6,81.0,78.0,80.4,781.4,786.3,784.1,786.5,4.88,66.7,11.2,3.0,42.5,3.84,14.08,4.2,LANE_A,20000.0,-22.0,92.9,CRUISE_LOITER,LADAKH,5,0.5
1788361434.52,5102.3,2099.7,72.0,78.7,81.3,78.3,80.4,780.1,786.5,784.9,785.7,4.89,66.5,11.2,3.0,42.5,3.83,14.1,4.2,LANE_A,20000.0,-22.0,92.9,CRUISE_LOITER,LADAKH,5,0.5
1788361435.051,5055.9,2080.6,72.0,78.5,81.7,78.3,80.7,779.3,785.0,781.5,785.6,4.97,66.5,11.2,3.0,42.4,3.83,14.14,4.2,LANE_A,20000.0,-22.0,92.9,CRUISE_LOITER,LADAKH,5,0.5
1788361435.577,5043.6,2075.6,72.0,78.6,81.3,78.3,80.5,780.9,787.4,782.3,787.2,4.89,66.4,11.3,3.0,42.5,3.8,14.14,4.2,LANE_A,20000.0,-22.0,92.8,CRUISE_LOITER,LADAKH,5,0.5
1788361436.108,5047.6,2077.2,72.0,78.7,81.3,78.3,81.1,780.6,786.7,781.9,788.0,4.88,66.6,11.2,3.0,42.5,3.81,14.1,4.3,LANE_A,20000.0,-22.0,92.8,CRUISE_LOITER,LADAKH,5,0.5
1788361436.612,5068.2,2085.7,72.0,78.8,81.2,78.0,81.0,781.5,784.9,784.1,786.6,4.9,66.7,11.2,3.0,42.5,3.84,14.11,4.0,LANE_A,20000.0,-22.0,92.8,CRUISE_LOITER,LADAKH,5,0.5
1788361437.144,5063.8,2083.9,72.0,78.7,81.1,78.4,80.9,783.2,786.0,783.4,785.3,4.89,66.6,11.3,3.0,42.5,3.8,14.1,4.3,LANE_A,20000.0,-22.0,92.8,CRUISE_LOITER,LADAKH,5,0.5
1788361437.674,5080.2,2090.6,72.0,78.4,81.3,78.2,80.4,780.4,785.6,783.3,786.9,4.92,66.7,11.1,3.0,42.5,3.8,14.1,4.3,LANE_A,20000.0,-22.0,92.8,CRUISE_LOITER,LADAKH,5,0.5
1788361438.185,5079.4,2090.3,72.0,78.8,81.3,78.1,80.8,781.5,785.6,783.4,786.2,4.9,66.6,11.2,3.0,42.4,3.83,14.07,4.1,LANE_A,20000.0,-22.0,92.8,CRUISE_LOITER,LADAKH,5,0.5
1788361438.718,5103.6,2100.2,72.0,78.7,81.2,78.3,81.0,781.4,784.7,784.1,785.1,4.86,66.6,11.1,3.0,42.4,3.82,14.11,4.1,LANE_A,20000.0,-22.0,92.8,CRUISE_LOITER,LADAKH,5,0.5
1788361439.27,5068.6,2085.8,72.0,79.3,81.6,78.2,80.4,780.1,788.0,783.0,788.0,4.94,66.9,11.2,3.0,42.4,3.81,14.1,4.2,LANE_A,20000.0,-22.0,92.8,CRUISE_LOITER,LADAKH,5,0.5
1788361439.791,5082.3,2091.5,72.0,79.0,81.3,78.5,80.9,781.4,784.2,782.0,787.3,4.9,66.8,11.3,3.0,42.4,3.81,14.07,4.0,LANE_A,20000.0,-22.0,92.7,CRUISE_LOITER,LADAKH,5,0.5
1788361440.333,5077.5,2089.5,72.0,78.7,81.0,78.2,80.7,782.5,787.3,784.0,787.1,4.85,66.4,11.0,3.0,42.7,3.82,14.11,4.1,LANE_A,20000.0,-22.0,92.7,CRUISE_LOITER,LADAKH,5,0.5
1788361440.854,5079.9,2090.5,72.0,79.0,81.6,78.4,80.9,782.0,787.7,782.8,785.8,4.93,66.6,11.2,3.0,42.4,3.84,14.09,4.0,LANE_A,20000.0,-22.0,92.7,CRUISE_LOITER,LADAKH,5,0.5
1788361441.383,5065.5,2084.6,72.0,79.0,81.5,78.1,80.8,781.7,785.7,783.3,786.9,4.85,66.6,11.2,3.0,42.4,3.83,14.07,4.0,LANE_A,20000.0,-22.0,92.7,CRUISE_LOITER,LADAKH,5,0.5
1788361441.895,5064.2,2084.0,72.0,78.8,81.2,78.4,81.0,782.9,785.1,782.5,785.0,4.9,66.8,11.3,3.0,42.5,3.81,14.11,4.3,LANE_A,20000.0,-22.0,92.7,CRUISE_LOITER,LADAKH,5,0.5
1788361442.398,5086.7,2093.3,72.0,79.2,81.4,78.5,80.9,782.0,785.5,783.3,788.9,4.9,66.9,11.2,3.0,42.4,3.82,14.1,4.0,LANE_A,20000.0,-22.0,92.7,CRUISE_LOITER,LADAKH,5,0.5
1788361442.923,5085.6,2092.8,72.0,78.6,81.2,78.5,80.9,780.5,787.6,783.2,784.9,4.89,66.9,11.2,3.0,42.7,3.82,14.08,3.9,LANE_A,20000.0,-22.0,92.6,CRUISE_LOITER,LADAKH,5,0.5
1788361443.426,5075.0,2088.5,72.0,79.0,81.5,78.5,81.0,779.1,787.5,783.6,789.0,4.93,66.8,11.2,3.0,42.4,3.82,14.1,4.1,LANE_A,20000.0,-22.0,92.6,CRUISE_LOITER,LADAKH,5,0.5
1788361443.952,5072.3,2087.4,72.0,78.9,81.4,78.4,80.9,781.5,785.0,781.9,786.5,4.85,67.1,11.2,3.0,42.5,3.81,14.12,4.1,LANE_A,20000.0,-22.0,92.6,CRUISE_LOITER,LADAKH,5,0.5
1788361444.466,5113.6,2104.4,72.0,79.2,81.3,78.3,81.0,779.8,786.9,784.3,788.0,4.8,67.2,11.2,3.0,42.5,3.81,14.09,4.0,LANE_A,20000.0,-22.0,92.6,CRUISE_LOITER,LADAKH,5,0.5
1788361444.994,5089.1,2094.3,72.0,79.1,81.0,78.5,81.2,782.1,787.2,783.0,785.3,4.92,67.0,11.2,3.0,42.4,3.82,14.09,4.0,LANE_A,20000.0,-22.0,92.6,CRUISE_LOITER,LADAKH,5,0.5
1788361445.539,5085.2,2092.7,72.0,79.1,81.3,78.6,80.8,779.8,787.2,783.8,784.4,4.85,66.8,11.2,3.0,42.3,3.81,14.11,4.1,LANE_A,20000.0,-22.0,92.5,CRUISE_LOITER,LADAKH,5,0.5
1788361446.077,5082.9,2091.7,72.0,79.0,81.5,78.3,81.3,781.7,789.6,783.9,784.7,4.9,66.8,11.3,3.0,42.6,3.82,14.07,4.1,LANE_A,20000.0,-22.0,92.5,CRUISE_LOITER,LADAKH,5,0.5
1788361446.597,5069.3,2086.1,72.0,79.3,81.4,78.7,81.1,780.0,786.7,782.7,787.8,4.92,67.2,11.2,3.0,42.3,3.83,14.08,4.0,LANE_A,20000.0,-22.0,92.5,CRUISE_LOITER,LADAKH,5,0.5
1788361447.71,5074.0,2088.1,72.0,79.2,81.5,78.5,81.0,781.4,787.2,782.2,785.2,4.86,67.0,11.3,3.0,42.5,3.81,14.1,4.0,LANE_A,20000.0,-22.0,92.5,CRUISE_LOITER,LADAKH,5,0.5
1788361448.231,5072.0,2087.2,72.0,79.0,81.3,78.6,81.1,780.4,784.4,781.0,786.6,4.9,67.0,11.1,3.0,42.5,3.81,14.12,4.0,LANE_A,20000.0,-22.0,92.4,CRUISE_LOITER,LADAKH,5,0.5
1788361448.761,5086.1,2093.0,72.0,79.4,81.6,78.3,81.1,781.9,785.9,783.5,787.5,4.9,66.8,11.3,3.0,42.5,3.84,14.11,4.1,LANE_A,20000.0,-22.0,92.4,CRUISE_LOITER,LADAKH,5,0.5
1788361449.278,5066.4,2084.9,72.0,78.8,81.6,78.5,81.1,781.7,786.8,783.1,787.3,4.87,67.0,11.3,3.0,42.8,3.81,14.11,4.1,LANE_A,20000.0,-22.0,92.4,CRUISE_LOITER,LADAKH,5,0.5
1788361449.81,5103.3,2100.1,72.0,79.0,81.7,78.6,81.5,780.4,786.6,781.9,786.2,4.92,66.9,11.4,3.0,42.7,3.82,14.12,4.2,LANE_A,20000.0,-22.0,92.4,CRUISE_LOITER,LADAKH,5,0.5
1788361450.326,5078.8,2090.0,72.0,79.2,81.6,78.7,81.1,782.2,785.3,783.6,787.8,4.92,67.0,11.3,3.0,42.7,3.81,14.09,4.2,LANE_A,20000.0,-22.0,92.3,CRUISE_LOITER,LADAKH,5,0.5
1788361450.866,5083.3,2091.9,72.0,79.4,81.7,78.7,81.1,779.9,786.6,783.4,787.7,4.9,66.9,11.3,3.0,42.6,3.8,14.09,4.2,LANE_A,20000.0,-22.0,92.3,CRUISE_LOITER,LADAKH,5,0.5
1788361451.382,5081.9,2091.3,72.0,79.4,81.9,78.8,80.9,783.4,787.1,783.6,786.0,4.92,66.9,11.2,3.0,42.4,3.83,14.1,4.2,LANE_A,20000.0,-22.0,92.3,CRUISE_LOITER,LADAKH,5,0.5
1788361451.91,5063.7,2083.8,72.0,79.2,81.6,78.8,81.1,782.0,784.9,785.3,787.1,4.86,67.0,11.3,3.0,42.5,3.82,14.11,4.3,LANE_A,20000.0,-22.0,92.3,CRUISE_LOITER,LADAKH,5,0.5
1788361452.43,5090.6,2094.9,72.0,79.0,81.9,79.1,81.2,780.5,784.7,781.4,786.3,4.87,67.1,11.3,3.0,42.8,3.83,14.12,4.1,LANE_A,20000.0,-22.0,92.2,CRUISE_LOITER,LADAKH,5,0.5
1788361452.935,5082.7,2091.6,72.0,79.3,82.0,78.8,81.2,780.3,785.7,782.5,788.5,4.9,66.8,11.3,3.0,42.6,3.83,14.14,4.1,LANE_A,20000.0,-22.0,92.2,CRUISE_LOITER,LADAKH,5,0.5
1788361453.471,5094.5,2096.5,72.0,79.3,81.7,78.6,81.1,781.3,786.7,783.4,786.4,4.87,67.0,11.2,3.0,42.6,3.82,14.12,4.2,LANE_A,20000.0,-22.0,92.2,CRUISE_LOITER,LADAKH,5,0.5
1788361453.993,5075.1,2088.5,72.0,79.0,82.1,78.7,80.6,783.3,786.0,785.1,789.6,4.92,67.2,11.2,3.0,42.7,3.83,14.07,4.3,LANE_A,20000.0,-22.0,92.2,CRUISE_LOITER,LADAKH,5,0.5
1788361454.551,5078.7,2090.0,72.0,79.3,81.9,78.9,81.4,779.3,784.7,783.7,787.3,4.92,67.2,11.3,3.0,42.6,3.84,14.09,3.9,LANE_A,20000.0,-22.0,92.1,CRUISE_LOITER,LADAKH,5,0.5
1788361455.099,5118.2,2106.3,72.0,79.2,81.9,78.8,81.4,782.4,786.9,785.6,786.8,4.85,67.2,11.2,3.0,42.7,3.84,14.11,4.0,LANE_A,20000.0,-22.0,92.1,CRUISE_LOITER,LADAKH,5,0.5
1788361455.646,5094.6,2096.5,72.0,79.1,81.6,78.8,81.5,782.6,786.9,783.3,786.2,4.85,67.4,11.2,3.0,42.5,3.82,14.09,4.2,LANE_A,20000.0,-22.0,92.1,CRUISE_LOITER,LADAKH,5,0.5
1788361456.166,5099.4,2098.5,72.0,79.4,81.9,79.0,81.5,780.4,788.8,783.7,785.0,4.87,67.4,11.2,3.0,42.4,3.83,14.1,4.1,LANE_A,20000.0,-22.0,92.1,CRUISE_LOITER,LADAKH,5,0.5
1788361456.667,5084.9,2092.6,72.0,79.5,82.0,78.8,81.4,782.8,786.5,782.7,785.3,4.9,67.1,11.3,3.0,42.5,3.83,14.08,4.0,LANE_A,20000.0,-22.0,92.0,CRUISE_LOITER,LADAKH,5,0.5
1788361457.178,5073.1,2087.7,72.0,79.4,81.6,79.0,81.3,781.1,788.0,783.8,786.0,4.95,67.2,11.3,3.0,42.6,3.83,14.1,3.9,LANE_A,20000.0,-22.0,92.0,CRUISE_LOITER,LADAKH,5,0.5
1788361457.691,5092.2,2095.6,72.0,79.3,82.0,79.1,81.2,783.0,786.5,785.0,786.5,4.87,67.1,11.3,3.0,42.6,3.83,14.08,4.0,LANE_A,20000.0,-22.0,92.0,CRUISE_LOITER,LADAKH,5,0.5
1788361458.207,5093.4,2096.0,72.0,79.5,82.1,78.9,81.6,781.1,785.1,784.7,786.1,4.83,67.3,11.3,3.0,42.4,3.84,14.12,4.3,LANE_A,20000.0,-22.0,91.9,CRUISE_LOITER,LADAKH,5,0.5
1788361458.707,5093.5,2096.1,72.0,79.6,81.9,78.8,81.6,781.7,786.6,783.6,787.9,4.88,67.4,11.3,3.0,42.5,3.81,14.09,4.1,LANE_A,20000.0,-22.0,91.9,CRUISE_LOITER,LADAKH,5,0.5
1788361459.222,5091.7,2095.3,72.0,79.7,81.8,79.1,81.6,782.0,784.6,783.7,785.6,4.88,67.0,11.3,3.0,42.6,3.83,14.1,3.9,LANE_A,20000.0,-22.0,91.9,CRUISE_LOITER,LADAKH,5,0.5
1788361459.726,5102.0,2099.6,72.0,79.6,82.5,78.8,81.6,781.5,787.1,784.2,786.8,4.8,67.1,11.3,3.0,42.5,3.8,14.05,4.1,LANE_A,20000.0,-22.0,91.8,CRUISE_LOITER,LADAKH,5,0.5
1788361460.237,5040.5,2074.3,72.0,79.2,82.4,79.3,81.4,784.2,787.2,782.8,784.4,4.89,67.4,11.2,3.0,42.6,3.79,14.06,4.0,LANE_A,20000.0,-22.0,91.8,CRUISE_LOITER,LADAKH,5,0.5
1788361460.743,5089.7,2094.5,72.0,79.5,82.2,79.3,81.7,782.8,785.5,785.2,788.5,4.85,67.4,11.4,3.0,42.5,3.81,14.12,4.1,LANE_A,20000.0,-22.0,91.8,CRUISE_LOITER,LADAKH,5,0.5
1788361461.249,5084.5,2092.4,72.0,79.5,82.2,78.9,81.7,780.0,786.2,781.1,785.7,4.89,67.4,11.2,3.0,42.8,3.85,14.11,4.2,LANE_A,20000.0,-22.0,91.7,CRUISE_LOITER,LADAKH,5,0.5
1788361461.763,5073.1,2087.7,72.0,79.7,82.3,79.1,81.9,781.6,786.5,782.3,786.2,4.85,67.6,11.2,3.0,42.7,3.81,14.1,4.1,LANE_A,20000.0,-22.0,91.7,CRUISE_LOITER,LADAKH,5,0.5
1788361462.277,5090.4,2094.8,72.0,79.9,81.9,79.3,81.5,780.4,788.8,784.1,786.8,4.83,67.3,11.4,3.0,42.6,3.82,14.07,4.0,LANE_A,20000.0,-22.0,91.7,CRUISE_LOITER,LADAKH,5,0.5
1788361462.78,5087.7,2093.7,72.0,79.8,82.0,79.3,81.7,782.0,785.3,779.6,786.8,4.91,67.4,11.4,3.0,42.6,3.83,14.09,4.0,LANE_A,20000.0,-22.0,91.6,CRUISE_LOITER,LADAKH,5,0.5
1788361463.288,5086.9,2093.4,72.0,79.6,82.2,79.0,81.8,782.4,787.2,782.2,786.2,4.88,67.5,11.2,3.0,42.9,3.81,14.05,4.3,LANE_A,20000.0,-22.0,91.6,CRUISE_LOITER,LADAKH,5,0.5
1788361463.799,5090.5,2094.9,72.0,79.5,82.2,79.3,81.8,781.0,784.9,782.7,787.2,4.88,67.5,11.3,3.0,42.4,3.82,14.09,4.0,LANE_A,20000.0,-22.0,91.6,CRUISE_LOITER,LADAKH,5,0.5
1788361464.304,5105.4,2101.0,72.0,79.7,82.0,79.2,81.8,782.7,785.4,784.8,786.7,4.87,67.3,11.4,3.0,42.7,3.85,14.13,4.2,LANE_A,20000.0,-22.0,91.5,CRUISE_LOITER,LADAKH,5,0.5
1788361464.812,5053.0,2079.4,72.0,79.7,82.4,79.4,81.6,780.0,787.4,783.1,785.0,4.89,67.7,11.3,3.0,42.7,3.82,14.06,3.9,LANE_A,20000.0,-22.0,91.5,CRUISE_LOITER,LADAKH,5,0.5
1788361465.317,5099.7,2098.6,72.0,79.9,82.2,79.2,81.9,781.8,785.5,782.9,786.3,4.92,67.6,11.3,3.0,42.9,3.81,14.11,4.1,LANE_A,20000.0,-22.0,91.5,CRUISE_LOITER,LADAKH,5,0.5
1788361465.828,5094.0,2096.3,72.0,79.8,82.4,79.1,81.6,784.2,785.3,784.4,786.4,4.89,67.5,11.5,3.0,42.8,3.84,14.09,4.2,LANE_A,20000.0,-22.0,91.4,CRUISE_LOITER,LADAKH,5,0.5
1788361466.333,5087.2,2093.5,72.0,79.6,82.3,79.4,82.1,782.4,786.9,784.9,786.3,4.86,67.5,11.3,3.0,42.5,3.83,14.09,4.1,LANE_A,20000.0,-22.0,91.4,CRUISE_LOITER,LADAKH,5,0.5
1788361467.246,5097.5,2097.7,72.0,79.8,82.4,79.2,81.8,781.6,789.0,782.6,786.9,4.88,67.6,11.3,3.0,42.6,3.85,14.11,4.1,LANE_A,20000.0,-22.0,91.4,CRUISE_LOITER,LADAKH,5,0.5
1788361467.752,5112.6,2104.0,72.0,80.0,82.7,79.5,81.8,781.7,786.7,784.9,786.0,4.87,67.6,11.3,3.0,42.8,3.83,14.11,3.9,LANE_A,20000.0,-22.0,91.3,CRUISE_LOITER,LADAKH,5,0.5
1788361468.269,5116.4,2105.5,72.0,80.0,82.5,79.5,81.9,783.2,786.4,784.7,786.8,4.83,67.7,11.3,3.0,42.7,3.83,14.1,4.1,LANE_A,20000.0,-22.0,91.3,CRUISE_LOITER,LADAKH,5,0.5
1788361468.776,5087.2,2093.5,72.0,79.8,82.4,79.5,82.0,783.6,787.1,783.9,784.7,4.9,67.6,11.4,3.0,42.8,3.84,14.11,4.1,LANE_A,20000.0,-22.0,91.2,CRUISE_LOITER,LADAKH,5,0.5
1788361469.278,5102.3,2099.7,72.0,79.9,82.2,79.3,82.2,780.8,786.4,783.4,786.6,4.91,67.8,11.3,3.0,42.9,3.79,14.09,4.0,LANE_A,20000.0,-22.0,91.2,CRUISE_LOITER,LADAKH,5,0.5
1788361469.793,5119.3,2106.7,72.0,79.6,82.0,79.3,81.8,779.5,785.5,785.2,784.3,4.93,68.0,11.3,3.0,42.9,3.83,14.1,4.2,LANE_A,20000.0,-22.0,91.2,CRUISE_LOITER,LADAKH,5,0.5
1788361470.292,5118.5,2106.4,72.0,79.8,82.0,79.5,82.0,781.4,787.5,784.8,784.7,4.87,67.6,11.4,3.0,43.0,3.82,14.07,4.1,LANE_A,20000.0,-22.0,91.1,CRUISE_LOITER,LADAKH,5,0.5
1788361470.803,5124.6,2108.9,72.0,80.3,82.4,79.4,81.9,782.2,786.6,783.1,786.3,4.92,68.0,11.3,3.0,42.8,3.81,14.14,4.1,LANE_A,20000.0,-22.0,91.1,CRUISE_LOITER,LADAKH,5,0.5
1788361471.321,5084.2,2092.3,72.0,80.3,82.9,79.5,82.2,782.8,788.7,783.8,787.8,4.88,67.7,11.4,3.0,42.8,3.83,14.08,4.1,LANE_A,20000.0,-22.0,91.0,CRUISE_LOITER,LADAKH,5,0.5
1788361471.829,5109.8,2102.8,72.0,79.9,82.7,79.6,82.2,782.1,787.1,784.7,788.2,4.85,67.8,11.5,3.0,42.9,3.83,14.11,4.2,LANE_A,20000.0,-22.0,91.0,CRUISE_LOITER,LADAKH,5,0.5
1788361472.33,5086.1,2093.0,72.0,80.0,82.4,79.7,81.8,780.5,786.5,786.1,786.2,4.84,67.9,11.3,3.0,42.8,3.82,14.11,4.1,LANE_A,20000.0,-22.0,91.0,CRUISE_LOITER,LADAKH,5,0.5
1788361472.848,5095.3,2096.8,72.0,80.2,82.7,79.4,81.8,782.3,787.9,782.0,787.0,4.91,67.9,11.4,3.0,42.6,3.82,14.08,4.1,LANE_A,20000.0,-22.0,90.9,CRUISE_LOITER,LADAKH,5,0.5
1788361473.344,5094.7,2096.6,72.0,80.3,82.7,79.9,81.9,781.6,788.8,781.0,787.0,4.93,67.8,11.4,3.0,42.7,3.82,14.11,4.1,LANE_A,20000.0,-22.0,90.9,CRUISE_LOITER,LADAKH,5,0.5
1788361473.854,5091.7,2095.3,72.0,80.0,82.8,79.7,82.4,782.6,787.4,782.1,786.7,4.84,67.8,11.3,3.0,42.8,3.84,14.14,4.2,LANE_A,20000.0,-22.0,90.8,CRUISE_LOITER,LADAKH,5,0.5
1788361474.443,5075.9,2088.8,72.0,80.4,82.6,79.5,82.0,778.0,787.7,784.3,788.0,4.84,67.9,11.3,3.0,42.8,3.83,14.11,4.2,LANE_A,20000.0,-22.0,90.8,CRUISE_LOITER,LADAKH,5,0.5
1788361474.987,5053.2,2079.5,72.0,80.4,82.9,79.7,82.2,782.0,785.1,784.7,787.8,4.89,67.8,11.4,3.0,42.7,3.83,14.08,4.1,LANE_A,20000.0,-22.0,90.8,CRUISE_LOITER,LADAKH,5,0.5
1788361475.543,5077.6,2089.5,72.0,80.0,82.9,79.8,82.2,780.9,785.5,784.5,787.8,4.89,67.9,11.4,3.0,42.6,3.86,14.11,4.2,LANE_A,20000.0,-22.0,90.7,CRUISE_LOITER,LADAKH,5,0.5
1788361476.055,5090.4,2094.8,72.0,80.2,82.7,80.0,82.1,780.7,789.0,783.5,784.6,4.87,68.2,11.4,3.0,42.9,3.85,14.1,4.0,LANE_A,20000.0,-22.0,90.7,CRUISE_LOITER,LADAKH,5,0.5
1788361476.552,5076.6,2089.1,72.0,80.4,82.5,79.8,82.2,782.4,789.0,783.8,787.3,4.88,68.1,11.3,3.0,42.8,3.77,14.14,4.1,LANE_A,20000.0,-22.0,90.6,CRUISE_LOITER,LADAKH,5,0.5
1788361477.057,5073.9,2088.0,72.0,80.3,83.2,79.6,82.4,779.4,787.4,782.6,787.0,4.89,68.5,11.4,3.0,43.0,3.83,14.07,4.1,LANE_A,20000.0,-22.0,90.6,CRUISE_LOITER,LADAKH,5,0.5
