TIMESTAMP_SEC,ENGINE_RPM,PROP_RPM,TPS,CHT_1,CHT_2,CHT_3,CHT_4,EGT_1,EGT_2,EGT_3,EGT_4,OIL_PRESS,OIL_TEMP,FUEL_FLOW,FUEL_RAIL_P,MAP,VIB_GEARBOX_RMS,BUS_VOLTAGE,BATTERY_CURRENT,FADEC_ACTIVE_LANE,ALTITUDE_FT,OAT_C,TAS_KNOTS,FLIGHT_PHASE,THEATER,DIAG_FAULT_ID,HEALTH_INDEX
1788418840.957,5159.7,2123.3,72.0,87.5,90.1,87.3,90.0,778.6,784.1,782.8,784.4,4.7,66.6,12.6,3.0,43.7,0.74,14.11,4.1,LANE_A,20000.0,-22.0,88.0,CRUISE_LOITER,LADAKH,0,1.0
1788418841.645,5158.4,2122.8,72.0,88.0,90.2,87.0,89.8,782.7,786.6,782.4,787.5,4.74,66.8,12.5,3.0,43.8,0.75,14.14,4.1,LANE_A,20000.0,-22.0,88.1,CRUISE_LOITER,LADAKH,0,1.0
1788418842.163,5171.6,2128.3,72.0,87.7,90.2,87.2,89.5,779.9,785.8,782.5,786.1,4.72,66.8,12.5,3.0,43.5,0.71,14.08,4.1,LANE_A,20000.0,-22.0,88.1,CRUISE_LOITER,LADAKH,0,1.0
1788418842.686,5157.1,2122.2,72.0,87.8,90.1,87.0,89.3,780.9,785.7,785.4,784.1,4.79,66.7,12.6,3.0,43.6,0.73,14.11,4.1,LANE_A,20000.0,-22.0,88.2,CRUISE_LOITER,LADAKH,0,1.0
1788418843.211,5131.1,2111.6,72.0,87.5,90.1,87.2,89.4,782.4,785.9,783.6,785.9,4.73,66.4,12.6,3.0,43.8,0.76,14.1,4.1,LANE_A,20000.0,-22.0,88.2,CRUISE_LOITER,LADAKH,0,1.0
1788418843.794,5152.4,2120.3,72.0,87.4,90.5,87.3,89.5,782.5,786.7,784.2,786.3,4.82,66.5,12.5,3.0,44.0,0.75,14.11,4.1,LANE_A,20000.0,-22.0,88.3,CRUISE_LOITER,LADAKH,0,1.0
1788418844.309,5151.2,2119.9,72.0,88.0,89.9,87.1,89.5,779.9,785.5,783.3,783.8,4.76,66.2,12.5,3.0,43.7,0.73,14.07,4.1,LANE_A,20000.0,-22.0,88.3,CRUISE_LOITER,LADAKH,0,1.0
1788418844.807,5147.9,2118.5,72.0,87.6,90.1,87.0,89.6,779.8,785.0,782.6,783.3,4.76,66.5,12.8,3.0,43.6,0.74,14.08,4.1,LANE_A,20000.0,-22.0,88.4,CRUISE_LOITER,LADAKH,0,1.0
1788418845.43,5143.1,2116.5,72.0,87.8,90.3,87.0,89.5,781.0,783.2,782.0,783.9,4.8,66.7,12.5,3.0,43.7,0.72,14.1,3.9,LANE_A,20000.0,-22.0,88.4,CRUISE_LOITER,LADAKH,0,1.0
1788418845.93,5180.3,2131.8,72.0,87.7,89.8,87.0,89.5,782.1,785.4,780.8,784.3,4.84,66.3,12.5,3.0,43.7,0.74,14.07,4.1,LANE_A,20000.0,-22.0,88.5,CRUISE_LOITER,LADAKH,0,1.0
1788418846.497,5145.8,2117.6,72.0,87.5,89.9,86.8,89.4,780.2,784.7,781.9,786.2,4.76,66.4,12.5,3.0,43.8,0.75,14.12,4.0,LANE_A,20000.0,-22.0,88.5,CRUISE_LOITER,LADAKH,0,1.0
1788418847.316,5141.4,2115.8,72.0,87.7,90.2,86.8,89.6,779.2,784.2,781.9,784.1,4.79,66.5,12.5,3.0,43.8,0.72,14.12,4.0,LANE_A,20000.0,-22.0,88.6,CRUISE_LOITER,LADAKH,0,1.0
1788418847.863,5176.2,2130.1,72.0,87.5,90.3,87.0,89.2,780.0,785.0,783.7,785.5,4.79,66.2,12.6,3.0,43.8,0.75,14.09,4.1,LANE_A,20000.0,-22.0,88.6,CRUISE_LOITER,LADAKH,0,1.0
1788418848.523,5127.6,2110.1,72.0,87.7,90.2,86.8,89.4,782.7,782.4,780.1,784.6,4.8,66.5,12.6,3.0,43.5,0.72,14.1,4.0,LANE_A,20000.0,-22.0,88.7,CRUISE_LOITER,LADAKH,0,1.0
1788418849.037,5152.6,2120.4,72.0,87.4,89.9,86.9,89.4,780.1,784.4,783.5,783.1,4.75,66.1,12.4,3.0,43.5,0.72,14.08,4.0,LANE_A,20000.0,-22.0,88.7,CRUISE_LOITER,LADAKH,0,1.0
1788418849.54,5148.0,2118.5,72.0,87.2,90.0,86.8,89.4,780.0,783.3,781.5,785.9,4.81,66.0,12.4,3.0,43.6,0.76,14.08,4.0,LANE_A,20000.0,-22.0,88.8,CRUISE_LOITER,LADAKH,0,1.0
1788418850.056,5168.4,2126.9,72.0,87.1,89.5,87.2,89.2,778.5,784.6,781.2,784.8,4.79,66.3,12.5,3.0,43.5,0.73,14.09,4.0,LANE_A,20000.0,-22.0,88.8,CRUISE_LOITER,LADAKH,0,1.0
1788418850.57,5156.8,2122.1,72.0,87.5,89.8,87.0,89.7,780.3,784.1,782.6,788.4,4.82,66.3,12.5,3.0,43.4,0.73,14.12,4.1,LANE_A,20000.0,-22.0,88.9,CRUISE_LOITER,LADAKH,0,1.0
1788418851.073,5141.0,2115.6,72.0,87.4,90.1,86.4,89.4,781.8,784.1,782.2,786.0,4.82,66.2,12.6,3.0,43.4,0.74,14.08,3.9,LANE_A,20000.0,-22.0,88.9,CRUISE_LOITER,LADAKH,0,1.0
1788418851.584,5145.1,2117.3,72.0,87.2,89.8,86.6,88.9,781.2,785.0,779.5,786.0,4.8,66.2,12.4,3.0,43.4,0.71,14.09,4.2,LANE_A,20000.0,-22.0,89.0,CRUISE_LOITER,LADAKH,0,1.0
1788418852.101,5142.6,2116.3,72.0,87.5,89.7,86.8,89.1,781.4,785.6,782.8,784.2,4.78,66.0,12.7,3.0,43.6,0.72,14.12,3.9,LANE_A,20000.0,-22.0,89.0,CRUISE_LOITER,LADAKH,0,1.0
1788418852.602,5153.0,2120.6,72.0,87.3,89.4,87.0,89.1,781.0,786.3,783.2,787.5,4.84,66.0,12.5,3.0,43.5,0.71,14.11,4.1,LANE_A,20000.0,-22.0,89.1,CRUISE_LOITER,LADAKH,0,1.0
1788418853.137,5153.2,2120.7,72.0,87.1,89.6,86.7,89.2,782.5,785.9,782.4,783.9,4.78,66.1,12.4,3.0,43.4,0.73,14.08,3.9,LANE_A,20000.0,-22.0,89.1,CRUISE_LOITER,LADAKH,0,1.0
1788418853.662,5157.2,2122.3,72.0,87.2,89.8,86.3,88.9,781.6,785.8,783.4,788.4,4.81,65.6,12.4,3.0,43.4,0.74,14.11,4.1,LANE_A,20000.0,-22.0,89.2,CRUISE_LOITER,LADAKH,0,1.0
1788418854.183,5158.9,2123.0,72.0,86.5,89.4,86.8,88.9,782.0,784.0,782.8,787.1,4.78,66.1,12.5,3.0,43.4,0.7,14.09,4.0,LANE_A,20000.0,-22.0,89.2,CRUISE_LOITER,LADAKH,0,1.0
1788418854.704,5162.8,2124.6,72.0,87.2,89.5,86.4,89.0,780.2,787.5,781.8,786.4,4.75,66.1,12.5,3.0,43.3,0.73,14.1,4.1,LANE_A,20000.0,-22.0,89.3,CRUISE_LOITER,LADAKH,0,1.0
1788418855.233,5164.5,2125.3,72.0,86.9,89.1,86.5,88.8,780.7,785.1,781.7,786.3,4.83,65.9,12.6,3.0,43.5,0.74,14.08,4.1,LANE_A,20000.0,-22.0,89.3,CRUISE_LOITER,LADAKH,0,1.0
1788418855.75,5157.6,2122.5,72.0,87.1,89.6,86.3,88.7,779.6,784.2,781.7,785.0,4.77,65.8,12.4,3.0,43.5,0.72,14.11,4.1,LANE_A,20000.0,-22.0,89.4,CRUISE_LOITER,LADAKH,0,1.0
1788418856.318,5153.1,2120.6,72.0,87.0,89.6,86.4,88.9,780.2,786.4,780.7,785.6,4.79,65.7,12.5,3.0,43.4,0.73,14.1,4.0,LANE_A,20000.0,-22.0,89.4,CRUISE_LOITER,LADAKH,0,1.0
1788418856.863,5154.2,2121.1,72.0,86.8,89.4,86.6,89.2,780.5,784.6,783.5,786.0,4.85,66.0,12.3,3.0,43.5,0.72,14.07,4.0,LANE_A,20000.0,-22.0,89.5,CRUISE_LOITER,LADAKH,0,1.0
1788418857.449,5155.6,2121.6,72.0,86.7,89.4,86.3,89.3,781.0,787.5,780.9,785.0,4.73,66.0,12.6,3.0,43.4,0.76,14.08,4.1,LANE_A,20000.0,-22.0,89.5,CRUISE_LOITER,LADAKH,0,1.0
1788418858.028,5137.4,2114.2,72.0,87.1,89.7,86.3,88.8,779.6,785.3,780.8,785.6,4.81,65.9,12.6,3.0,43.3,0.71,14.08,4.0,LANE_A,20000.0,-22.0,89.6,CRUISE_LOITER,LADAKH,0,1.0
1788418858.749,5170.1,2127.6,72.0,86.8,89.3,86.4,88.9,778.8,786.4,782.5,785.3,4.72,65.6,12.5,3.0,43.5,0.75,14.13,4.1,LANE_A,20000.0,-22.0,89.6,CRUISE_LOITER,LADAKH,0,1.0
1788418859.266,5148.7,2118.8,72.0,86.8,89.4,86.3,88.7,780.9,787.1,782.2,787.4,4.82,65.7,12.5,3.0,43.5,0.73,14.13,4.0,LANE_A,20000.0,-22.0,89.7,CRUISE_LOITER,LADAKH,0,1.0
1788418859.813,5154.1,2121.0,72.0,87.0,89.3,86.3,88.7,777.6,784.4,783.3,785.8,4.79,65.8,12.5,3.0,43.1,0.74,14.08,4.0,LANE_A,20000.0,-22.0,89.7,CRUISE_LOITER,LADAKH,0,1.0
1788418860.403,5156.6,2122.1,72.0,87.0,89.1,86.0,88.8,778.9,786.3,782.2,786.2,4.72,65.7,12.5,3.0,43.1,0.73,14.07,4.1,LANE_A,20000.0,-22.0,89.8,CRUISE_LOITER,LADAKH,0,1.0
1788418860.941,5138.0,2114.4,72.0,86.6,89.6,86.5,88.9,780.0,785.2,784.6,785.3,4.75,65.4,12.4,3.0,43.3,0.68,14.07,3.9,LANE_A,20000.0,-22.0,89.8,CRUISE_LOITER,LADAKH,0,1.0
1788418861.73,5165.2,2125.6,72.0,86.3,89.3,86.4,88.7,780.3,785.1,783.7,784.1,4.77,65.4,12.6,3.0,43.4,0.71,14.09,4.0,LANE_A,20000.0,-22.0,89.9,CRUISE_LOITER,LADAKH,0,1.0
1788418862.346,5151.1,2119.8,72.0,86.8,89.2,86.2,88.6,779.5,784.4,783.0,787.0,4.86,65.4,12.4,3.0,43.4,0.73,14.09,4.0,LANE_A,20000.0,-22.0,89.9,CRUISE_LOITER,LADAKH,0,1.0
1788418863.14,5144.7,2117.2,72.0,86.7,89.2,86.2,88.4,781.0,784.8,781.8,784.3,4.75,65.7,12.5,3.0,43.1,0.72,14.11,4.0,LANE_A,20000.0,-22.0,89.9,CRUISE_LOITER,LADAKH,0,1.0
1788418863.755,5162.7,2124.6,72.0,86.6,89.5,86.4,88.4,779.7,785.3,784.0,784.4,4.77,65.5,12.4,3.0,43.3,0.72,14.09,4.1,LANE_A,20000.0,-22.0,90.0,CRUISE_LOITER,LADAKH,0,1.0
1788418864.567,5153.0,2120.6,72.0,86.5,89.1,86.1,88.5,780.5,785.8,781.2,785.0,4.74,65.6,12.4,3.0,43.2,0.74,14.09,4.0,LANE_A,20000.0,-22.0,90.0,CRUISE_LOITER,LADAKH,0,1.0
1788418865.22,5162.9,2124.6,72.0,86.5,88.9,85.8,88.4,780.7,785.6,781.2,784.7,4.84,65.4,12.5,3.0,43.1,0.76,14.11,4.1,LANE_A,20000.0,-22.0,90.1,CRUISE_LOITER,LADAKH,0,1.0
1788418865.759,5166.2,2126.0,72.0,87.1,88.9,86.0,88.9,778.0,785.3,781.0,784.1,4.81,65.5,12.3,3.0,43.3,0.73,14.12,4.0,LANE_A,20000.0,-22.0,90.1,CRUISE_LOITER,LADAKH,0,1.0
1788418866.322,5175.2,2129.7,72.0,86.5,89.0,86.0,88.6,780.3,785.6,783.0,785.3,4.81,65.7,12.5,3.0,43.2,0.74,14.1,4.1,LANE_A,20000.0,-22.0,90.2,CRUISE_LOITER,LADAKH,0,1.0
1788418866.975,5174.7,2129.5,72.0,86.4,89.0,86.0,88.6,780.6,785.0,782.3,786.2,4.8,65.3,12.3,3.0,43.2,0.72,14.08,4.2,LANE_A,20000.0,-22.0,90.2,CRUISE_LOITER,LADAKH,0,1.0
1788418867.577,5164.5,2125.3,72.0,86.5,88.7,86.1,88.6,779.7,784.8,781.9,786.3,4.78,65.5,12.5,3.0,43.3,0.74,14.1,4.2,LANE_A,20000.0,-22.0,90.3,CRUISE_LOITER,LADAKH,0,1.0
1788418868.084,5173.6,2129.1,72.0,86.3,88.7,86.0,88.6,779.0,785.9,781.9,785.0,4.72,65.6,12.5,3.0,43.1,0.69,14.09,4.1,LANE_A,20000.0,-22.0,90.3,CRUISE_LOITER,LADAKH,0,1.0
1788418868.591,5181.6,2132.3,72.0,86.5,89.0,86.0,88.4,781.7,782.8,781.7,783.0,4.8,65.1,12.5,3.0,43.2,0.73,14.1,4.0,LANE_A,20000.0,-22.0,90.4,CRUISE_LOITER,LADAKH,0,1.0
1788418869.099,5139.1,2114.9,72.0,86.6,89.0,86.2,88.7,780.7,786.6,781.1,783.7,4.84,65.3,12.3,3.0,43.2,0.73,14.13,4.1,LANE_A,20000.0,-22.0,90.4,CRUISE_LOITER,LADAKH,0,1.0
1788418869.612,5157.2,2122.3,72.0,86.3,88.9,85.8,88.4,779.4,785.5,781.4,783.2,4.76,65.2,12.5,3.0,43.0,0.7,14.07,4.0,LANE_A,20000.0,-22.0,90.4,CRUISE_LOITER,LADAKH,0,1.0
1788418870.174,5162.4,2124.4,72.0,86.4,88.7,86.0,88.4,779.5,784.5,778.9,785.0,4.73,65.3,12.4,3.0,43.1,0.75,14.1,4.1,LANE_A,20000.0,-22.0,90.5,CRUISE_LOITER,LADAKH,0,1.0
1788418870.672,5167.6,2126.6,72.0,86.2,88.9,85.7,88.6,779.6,786.1,782.7,785.2,4.81,65.3,12.3,3.0,43.3,0.75,14.13,4.1,LANE_A,20000.0,-22.0,90.5,CRUISE_LOITER,LADAKH,0,1.0
1788418871.247,5152.6,2120.4,72.0,86.3,88.8,85.8,88.3,781.2,783.8,779.7,786.0,4.79,65.2,12.5,3.0,43.5,0.73,14.07,4.0,LANE_A,20000.0,-22.0,90.6,CRUISE_LOITER,LADAKH,0,1.0
1788418871.876,5169.6,2127.4,72.0,86.0,88.7,86.0,88.3,777.9,786.3,783.1,783.8,4.77,65.2,12.5,3.0,43.0,0.74,14.13,4.2,LANE_A,20000.0,-22.0,90.6,CRUISE_LOITER,LADAKH,0,1.0
1788418872.681,5181.8,2132.4,72.0,86.2,88.9,85.8,88.2,780.9,786.8,783.0,785.6,4.8,65.2,12.4,3.0,43.0,0.73,14.09,4.1,LANE_A,20000.0,-22.0,90.7,CRUISE_LOITER,LADAKH,0,1.0
1788418873.343,5148.9,2118.9,72.0,86.3,88.5,85.6,88.2,780.2,783.7,781.2,785.7,4.81,65.1,12.3,3.0,43.0,0.72,14.12,4.0,LANE_A,20000.0,-22.0,90.7,CRUISE_LOITER,LADAKH,0,1.0
1788418874.125,5164.6,2125.4,72.0,86.4,88.7,85.8,88.0,777.7,784.6,781.8,784.6,4.83,65.3,12.4,3.0,43.2,0.75,14.12,4.2,LANE_A,20000.0,-22.0,90.7,CRUISE_LOITER,LADAKH,0,1.0
1788418874.882,5156.0,2121.8,72.0,86.4,88.9,86.0,88.0,780.2,785.6,784.4,784.1,4.81,65.1,12.4,3.0,43.1,0.69,14.1,4.0,LANE_A,20000.0,-22.0,90.8,CRUISE_LOITER,LADAKH,0,1.0
1788418875.762,5156.6,2122.0,72.0,86.1,88.5,85.6,87.9,778.9,784.2,781.2,785.9,4.82,65.2,12.5,3.0,43.1,0.7,14.09,4.0,LANE_A,20000.0,-22.0,90.8,CRUISE_LOITER,LADAKH,0,1.0
1788418876.39,5149.5,2119.1,72.0,86.2,90.4,85.6,88.3,781.0,785.6,781.2,783.6,4.81,65.2,12.4,3.0,42.9,0.74,14.11,4.2,LANE_A,20000.0,-22.0,90.9,CRUISE_LOITER,LADAKH,1,0.97
1788418878.933,5193.1,2137.1,72.0,85.9,93.2,85.8,88.6,780.2,787.8,781.2,787.1,4.83,66.2,12.3,3.0,43.0,0.71,14.09,4.0,LANE_A,20000.0,-22.0,90.9,CRUISE_LOITER,LADAKH,1,0.91
1788418879.582,5184.0,2133.3,72.0,85.9,96.7,85.6,88.8,782.0,788.2,782.8,785.5,4.79,67.1,12.3,3.0,43.1,0.73,14.1,4.1,LANE_A,20000.0,-22.0,90.9,CRUISE_LOITER,LADAKH,1,0.85
1788418880.125,5151.2,2119.8,72.0,86.1,99.9,85.7,89.1,780.4,791.3,781.7,787.1,4.81,68.1,12.3,3.0,42.8,0.72,14.1,4.0,LANE_A,20000.0,-22.0,91.0,CRUISE_LOITER,LADAKH,1,0.79
1788418880.657,5166.4,2126.1,72.0,85.9,103.6,85.6,89.4,779.9,793.4,779.5,784.6,4.81,68.7,12.3,3.0,42.8,0.71,14.11,4.0,LANE_A,20000.0,-22.0,91.0,CRUISE_LOITER,LADAKH,1,0.73
1788418881.205,5170.9,2127.9,72.0,85.8,106.6,85.5,89.3,780.7,795.4,779.8,782.9,4.74,69.9,12.4,3.0,43.0,0.73,14.13,4.0,LANE_A,20000.0,-22.0,91.1,CRUISE_LOITER,LADAKH,1,0.66
1788418881.767,5179.7,2131.6,72.0,85.7,109.8,85.5,89.9,781.6,797.1,783.2,784.2,4.85,70.5,12.4,3.0,42.8,0.71,14.09,4.0,LANE_A,20000.0,-22.0,91.1,CRUISE_LOITER,LADAKH,1,0.6
1788418882.39,5182.6,2132.8,72.0,86.0,113.0,85.5,90.3,778.5,800.3,781.6,785.9,4.8,71.4,12.4,3.0,42.7,0.74,14.06,4.1,LANE_A,20000.0,-22.0,91.1,CRUISE_LOITER,LADAKH,1,0.54
1788418882.959,5161.8,2124.2,72.0,86.0,116.6,85.3,90.5,778.9,801.0,783.3,784.2,4.78,72.3,12.4,3.0,42.8,0.71,14.07,4.2,LANE_A,20000.0,-22.0,91.2,CRUISE_LOITER,LADAKH,1,0.48
1788418883.581,5148.1,2118.5,72.0,86.1,119.6,85.4,91.2,781.7,803.2,781.3,785.2,4.81,73.2,12.2,3.0,42.9,0.72,14.1,3.9,LANE_A,20000.0,-22.0,91.2,CRUISE_LOITER,LADAKH,1,0.41
1788418885.282,5161.5,2124.1,72.0,86.2,122.8,85.5,91.5,780.0,807.4,781.6,784.8,4.8,74.3,12.2,3.0,42.8,0.72,14.1,4.0,LANE_A,20000.0,-22.0,91.3,CRUISE_LOITER,LADAKH,1,0.35
1788418886.146,5163.9,2125.1,72.0,85.6,126.4,85.1,91.7,777.2,807.4,781.2,785.3,4.76,74.6,12.4,3.0,42.7,0.72,14.09,4.0,LANE_A,20000.0,-22.0,91.3,CRUISE_LOITER,LADAKH,1,0.29
1788418886.662,5168.9,2127.1,72.0,85.8,128.3,85.2,91.6,779.6,810.7,783.2,784.7,4.82,75.1,12.3,3.0,42.9,0.72,14.08,4.0,LANE_A,20000.0,-22.0,91.3,CRUISE_LOITER,LADAKH,1,0.25
1788418887.178,5169.8,2127.5,72.0,86.0,128.4,85.2,91.5,778.7,809.2,781.6,784.2,4.83,75.1,12.4,3.0,42.8,0.72,14.12,3.9,LANE_A,20000.0,-22.0,91.4,CRUISE_LOITER,LADAKH,1,0.25
1788418887.706,5170.1,2127.6,72.0,85.9,128.4,85.2,91.8,778.0,809.7,781.2,784.6,4.79,75.2,12.3,3.0,42.7,0.72,14.06,4.0,LANE_A,20000.0,-22.0,91.4,CRUISE_LOITER,LADAKH,1,0.25
1788418888.231,5177.9,2130.8,72.0,85.7,128.4,85.3,91.8,780.3,808.1,780.7,786.0,4.81,75.3,12.4,3.0,43.0,0.71,14.08,3.9,LANE_A,20000.0,-22.0,91.4,CRUISE_LOITER,LADAKH,1,0.25
1788418888.739,5162.9,2124.6,72.0,85.9,128.3,85.2,91.7,779.8,809.1,782.4,787.4,4.79,75.2,12.4,3.0,42.9,0.73,14.11,4.0,LANE_A,20000.0,-22.0,91.5,CRUISE_LOITER,LADAKH,1,0.25
1788418889.261,5167.0,2126.4,72.0,85.7,128.1,85.3,91.6,778.0,808.0,781.5,784.4,4.8,75.1,12.3,3.0,42.6,0.74,14.09,4.1,LANE_A,20000.0,-22.0,91.5,CRUISE_LOITER,LADAKH,1,0.25
1788418889.769,5179.1,2131.3,72.0,85.5,128.2,85.2,91.5,778.4,809.2,784.3,784.7,4.82,75.4,12.4,3.0,42.9,0.75,14.1,4.0,LANE_A,20000.0,-22.0,91.6,CRUISE_LOITER,LADAKH,1,0.25
1788418890.291,5182.3,2132.6,72.0,85.8,128.2,85.0,91.4,779.2,808.4,781.6,786.2,4.79,75.2,12.5,3.0,42.7,0.73,14.12,4.1,LANE_A,20000.0,-22.0,91.6,CRUISE_LOITER,LADAKH,1,0.25
1788418890.823,5186.2,2134.2,72.0,85.8,128.2,85.0,91.7,779.4,810.1,781.9,783.7,4.81,74.9,12.4,3.0,42.8,0.69,14.1,4.0,LANE_A,20000.0,-22.0,91.6,CRUISE_LOITER,LADAKH,1,0.25
1788418891.345,5146.8,2118.0,72.0,85.5,128.2,85.2,91.8,779.2,808.4,783.0,783.8,4.8,75.0,12.4,3.0,42.8,0.73,14.11,4.1,LANE_A,20000.0,-22.0,91.7,CRUISE_LOITER,LADAKH,1,0.25
1788418891.871,5175.1,2129.7,72.0,86.0,127.9,85.0,91.7,780.3,808.1,781.3,782.5,4.77,75.0,12.4,3.0,42.7,0.73,14.08,3.9,LANE_A,20000.0,-22.0,91.7,CRUISE_LOITER,LADAKH,1,0.25
1788418892.388,5184.6,2133.6,72.0,85.4,128.0,85.1,91.8,780.1,808.2,780.7,786.0,4.83,75.1,12.3,3.0,42.5,0.72,14.1,4.2,LANE_A,20000.0,-22.0,91.7,CRUISE_LOITER,LADAKH,1,0.25
1788418892.915,5175.1,2129.7,72.0,85.2,127.7,85.2,91.5,780.0,809.6,781.8,784.4,4.84,75.3,12.2,3.0,42.7,0.73,14.12,4.0,LANE_A,20000.0,-22.0,91.8,CRUISE_LOITER,LADAKH,1,0.25
1788418893.42,5158.6,2122.9,72.0,85.6,127.8,85.2,91.5,779.6,808.7,782.1,785.5,4.8,74.9,12.4,3.0,42.5,0.71,14.09,3.8,LANE_A,20000.0,-22.0,91.8,CRUISE_LOITER,LADAKH,1,0.25
1788418893.955,5164.8,2125.4,72.0,85.5,128.1,85.0,91.6,777.8,807.0,781.6,785.1,4.84,75.0,12.4,3.0,42.8,0.74,14.1,3.8,LANE_A,20000.0,-22.0,91.8,CRUISE_LOITER,LADAKH,1,0.25
1788418894.476,5175.4,2129.8,72.0,85.5,127.8,84.7,91.5,779.2,809.0,782.2,784.3,4.82,74.9,12.3,3.0,42.5,0.74,14.11,3.9,LANE_A,20000.0,-22.0,91.9,CRUISE_LOITER,LADAKH,1,0.25
1788418895.0,5168.0,2126.8,72.0,85.5,128.4,84.8,91.4,777.5,808.5,780.6,785.7,4.78,75.0,12.4,3.0,42.5,0.73,14.12,4.2,LANE_A,20000.0,-22.0,91.9,CRUISE_LOITER,LADAKH,1,0.25
1788418895.526,5182.7,2132.8,72.0,85.4,127.6,85.2,91.3,781.4,808.8,781.4,783.9,4.82,74.9,12.3,3.0,42.7,0.71,14.09,4.1,LANE_A,20000.0,-22.0,91.9,CRUISE_LOITER,LADAKH,1,0.25
1788418896.046,5168.2,2126.8,72.0,85.3,127.9,84.8,91.6,776.9,810.0,779.0,784.7,4.84,74.8,12.2,3.0,42.7,0.72,14.09,4.1,LANE_A,20000.0,-22.0,91.9,CRUISE_LOITER,LADAKH,1,0.25
1788418896.59,5192.5,2136.8,72.0,85.4,127.9,84.8,91.5,780.1,808.0,779.5,785.0,4.83,74.9,12.3,3.0,42.7,0.71,14.1,4.1,LANE_A,20000.0,-22.0,92.0,CRUISE_LOITER,LADAKH,1,0.25
1788418897.131,5177.6,2130.7,72.0,85.0,127.8,84.7,91.4,779.2,806.8,782.5,783.5,4.86,75.1,12.4,3.0,42.5,0.72,14.16,4.2,LANE_A,20000.0,-22.0,92.0,CRUISE_LOITER,LADAKH,1,0.25
1788418897.686,5177.9,2130.8,72.0,85.4,127.7,84.9,91.4,778.0,808.6,782.2,782.7,4.81,74.9,12.3,3.0,42.9,0.73,14.08,4.0,LANE_A,20000.0,-22.0,92.0,CRUISE_LOITER,LADAKH,1,0.25
1788418898.213,5173.7,2129.1,72.0,85.5,127.7,84.6,91.3,779.1,808.6,780.5,785.9,4.77,74.8,12.4,3.0,42.6,0.72,14.09,3.9,LANE_A,20000.0,-22.0,92.1,CRUISE_LOITER,LADAKH,1,0.25
1788418898.739,5178.3,2131.0,72.0,85.3,127.8,84.4,91.5,778.8,808.4,778.7,783.3,4.81,74.9,12.2,3.0,42.5,0.72,14.1,4.1,LANE_A,20000.0,-22.0,92.1,CRUISE_LOITER,LADAKH,1,0.25
1788418899.263,5178.5,2131.0,72.0,85.1,127.9,84.5,91.2,779.6,809.6,780.9,784.6,4.83,74.5,12.2,3.0,42.5,0.72,14.07,4.0,LANE_A,20000.0,-22.0,92.1,CRUISE_LOITER,LADAKH,1,0.25
1788418899.79,5161.4,2124.0,72.0,85.6,127.8,84.9,91.1,779.4,810.0,782.3,785.4,4.84,74.8,12.4,3.0,42.4,0.76,14.08,4.0,LANE_A,20000.0,-22.0,92.2,CRUISE_LOITER,LADAKH,1,0.25
1788418900.321,5187.9,2134.9,72.0,85.4,127.7,84.5,91.1,779.0,810.3,781.2,786.3,4.81,74.6,12.3,3.0,42.5,0.7,14.12,3.9,LANE_A,20000.0,-22.0,92.2,CRUISE_LOITER,LADAKH,1,0.25
1788418900.841,5190.5,2136.0,72.0,85.0,127.7,84.6,91.5,780.0,810.9,778.8,783.3,4.79,74.4,12.4,3.0,42.2,0.69,14.03,4.0,LANE_A,20000.0,-22.0,92.2,CRUISE_LOITER,LADAKH,1,0.25
1788418901.356,5170.6,2127.8,72.0,85.0,127.7,84.6,91.3,779.2,812.3,782.5,782.7,4.83,74.6,12.4,3.0,42.4,0.73,14.1,3.9,LANE_A,20000.0,-22.0,92.2,CRUISE_LOITER,LADAKH,1,0.25
1788418901.881,5195.1,2137.9,72.0,85.0,127.6,84.6,91.1,778.5,810.0,782.8,783.2,4.77,74.7,12.4,3.0,42.5,0.74,14.14,4.0,LANE_A,20000.0,-22.0,92.3,CRUISE_LOITER,LADAKH,1,0.25
1788418902.411,5199.1,2139.6,72.0,85.3,127.4,84.2,91.2,778.9,807.8,780.7,784.1,4.79,74.8,12.3,3.0,42.5,0.74,14.1,3.9,LANE_A,20000.0,-22.0,92.3,CRUISE_LOITER,LADAKH,1,0.25
1788418903.343,5193.3,2137.2,72.0,85.2,127.5,84.7,91.3,778.2,807.8,780.3,785.5,4.85,74.5,12.4,3.0,42.5,0.71,14.11,4.0,LANE_A,20000.0,-22.0,92.3,CRUISE_LOITER,LADAKH,1,0.25
1788418903.89,5173.6,2129.1,72.0,85.2,127.4,84.4,90.9,778.2,807.7,780.1,782.9,4.85,74.3,12.4,3.0,42.4,0.71,14.11,4.1,LANE_A,20000.0,-22.0,92.3,CRUISE_LOITER,LADAKH,1,0.25
1788418904.425,5185.6,2134.0,72.0,85.0,127.5,84.6,91.0,780.3,807.1,780.5,784.0,4.81,74.5,12.4,3.0,42.5,0.71,14.08,4.0,LANE_A,20000.0,-22.0,92.4,CRUISE_LOITER,LADAKH,1,0.25
1788418904.977,5175.6,2129.9,72.0,85.0,127.4,84.6,90.8,781.9,810.3,781.7,783.4,4.81,74.3,12.2,3.0,42.4,0.74,14.1,4.1,LANE_A,20000.0,-22.0,92.4,CRUISE_LOITER,LADAKH,1,0.25
1788418905.505,5157.2,2122.3,72.0,85.1,127.7,84.5,91.6,780.9,810.1,781.0,784.2,4.81,74.7,12.2,3.0,42.4,0.74,14.1,3.9,LANE_A,20000.0,-22.0,92.4,CRUISE_LOITER,LADAKH,1,0.25
1788418906.032,5212.1,2144.9,72.0,85.0,127.6,84.4,91.0,780.8,808.2,781.7,783.4,4.83,74.6,12.3,3.0,42.4,0.73,14.09,3.9,LANE_A,20000.0,-22.0,92.4,CRUISE_LOITER,LADAKH,1,0.25
1788418906.571,5173.5,2129.0,72.0,84.8,127.7,84.2,91.3,777.6,807.5,779.4,783.1,4.85,74.4,12.4,3.0,42.4,0.73,14.11,4.0,LANE_A,20000.0,-22.0,92.5,CRUISE_LOITER,LADAKH,1,0.25
1788418907.098,5206.6,2142.6,72.0,85.3,127.7,84.1,90.7,779.9,806.3,779.9,784.7,4.86,74.3,12.3,3.0,42.4,0.7,14.05,4.0,LANE_A,20000.0,-22.0,92.5,CRUISE_LOITER,LADAKH,1,0.25
1788418907.622,5162.3,2124.4,72.0,85.2,127.3,84.2,91.0,779.8,810.2,781.9,782.4,4.79,74.6,12.4,3.0,42.4,0.7,14.12,3.9,LANE_A,20000.0,-22.0,92.5,CRUISE_LOITER,LADAKH,1,0.25
1788418908.16,5182.6,2132.8,72.0,85.0,127.4,84.3,90.8,779.9,809.7,781.3,784.1,4.87,74.5,12.5,3.0,42.2,0.75,14.1,4.0,LANE_A,20000.0,-22.0,92.5,CRUISE_LOITER,LADAKH,1,0.25
1788418908.713,5161.8,2124.2,72.0,84.9,127.5,84.5,90.6,777.7,807.0,783.3,786.3,4.79,74.3,12.4,3.0,42.4,0.73,14.1,3.9,LANE_A,20000.0,-22.0,92.5,CRUISE_LOITER,LADAKH,1,0.25
1788418909.26,5191.6,2136.4,72.0,84.5,127.3,84.5,91.0,777.6,808.6,779.9,784.0,4.8,74.3,12.2,3.0,42.3,0.74,14.08,4.1,LANE_A,20000.0,-22.0,92.6,CRUISE_LOITER,LADAKH,1,0.25
1788418909.798,5180.4,2131.8,72.0,84.8,127.7,84.3,90.8,777.5,807.0,782.6,784.0,4.85,74.5,12.3,3.0,42.6,0.71,14.11,4.1,LANE_A,20000.0,-22.0,92.6,CRUISE_LOITER,LADAKH,1,0.25
1788418910.334,5173.1,2128.9,72.0,84.8,127.4,84.3,90.8,778.2,806.7,780.9,783.3,4.81,74.2,12.1,3.0,42.1,0.72,14.12,3.9,LANE_A,20000.0,-22.0,92.6,CRUISE_LOITER,LADAKH,1,0.25
1788418910.86,5176.9,2130.4,72.0,84.9,127.0,84.3,90.9,779.9,809.0,780.5,784.3,4.85,74.2,12.2,3.0,42.3,0.71,14.11,3.9,LANE_A,20000.0,-22.0,92.6,CRUISE_LOITER,LADAKH,1,0.25
1788418911.397,5180.9,2132.1,72.0,84.7,127.2,83.9,90.8,777.9,807.3,780.0,784.0,4.85,74.3,12.3,3.0,42.3,0.73,14.07,4.0,LANE_A,20000.0,-22.0,92.6,CRUISE_LOITER,LADAKH,1,0.25
1788418911.949,5181.6,2132.4,72.0,84.8,127.3,84.1,90.6,780.8,806.5,782.3,785.7,4.78,74.3,12.2,3.0,42.5,0.74,14.1,4.1,LANE_A,20000.0,-22.0,92.7,CRUISE_LOITER,LADAKH,1,0.25
1788418912.465,5172.4,2128.6,72.0,84.6,127.1,84.4,90.5,780.0,809.5,780.8,783.7,4.82,74.2,12.2,3.0,42.2,0.73,14.08,4.0,LANE_A,20000.0,-22.0,92.7,CRUISE_LOITER,LADAKH,1,0.25
1788418913.03,5163.8,2125.0,72.0,84.5,127.3,83.9,90.7,780.0,808.2,780.4,786.0,4.81,74.0,12.1,3.0,42.2,0.74,14.1,4.0,LANE_A,20000.0,-22.0,92.7,CRUISE_LOITER,LADAKH,1,0.25
1788418913.564,5160.0,2123.4,72.0,84.8,127.0,84.2,90.8,778.0,810.5,779.6,783.9,4.88,74.1,12.3,3.0,42.2,0.71,14.14,4.1,LANE_A,20000.0,-22.0,92.7,CRUISE_LOITER,LADAKH,1,0.25
1788418914.082,5177.8,2130.8,72.0,84.6,127.3,84.2,90.7,780.4,809.0,780.3,783.6,4.79,74.4,12.2,3.0,42.2,0.73,14.07,4.0,LANE_A,20000.0,-22.0,92.7,CRUISE_LOITER,LADAKH,1,0.25
1788418914.604,5180.4,2131.9,72.0,84.8,126.9,84.1,90.4,779.4,808.2,782.1,783.3,4.83,73.7,12.2,3.0,42.3,0.7,14.15,3.9,LANE_A,20000.0,-22.0,92.7,CRUISE_LOITER,LADAKH,1,0.25
1788418915.121,5194.3,2137.6,72.0,84.6,127.0,84.4,90.7,777.9,807.2,780.6,784.9,4.88,74.0,12.2,3.0,42.1,0.71,14.1,4.1,LANE_A,20000.0,-22.0,92.8,CRUISE_LOITER,LADAKH,1,0.25
1788418915.638,5181.4,2132.3,72.0,84.3,127.1,84.2,90.6,780.0,808.8,782.4,783.5,4.78,74.0,12.3,3.0,41.9,0.74,14.13,4.2,LANE_A,20000.0,-22.0,92.8,CRUISE_LOITER,LADAKH,1,0.25
1788418916.153,5181.8,2132.4,72.0,84.6,127.2,84.1,90.5,779.4,808.6,782.4,783.1,4.85,74.2,12.2,3.0,42.1,0.73,14.07,4.0,LANE_A,20000.0,-22.0,92.8,CRUISE_LOITER,LADAKH,1,0.25
1788418916.669,5183.3,2133.0,72.0,84.4,126.9,84.0,90.5,778.4,809.7,780.0,783.8,4.86,74.2,12.2,3.0,42.1,0.74,14.11,4.1,LANE_A,20000.0,-22.0,92.8,CRUISE_LOITER,LADAKH,1,0.25
1788418917.191,5178.2,2131.0,72.0,84.4,127.1,84.2,90.5,779.2,807.4,781.2,784.2,4.84,73.9,12.2,3.0,42.1,0.75,14.06,3.9,LANE_A,20000.0,-22.0,92.8,CRUISE_LOITER,LADAKH,1,0.25
1788418917.766,5169.2,2127.2,72.0,84.3,127.0,84.0,90.5,778.9,806.6,781.4,784.6,4.85,74.3,12.3,3.0,42.1,0.72,14.08,4.0,LANE_A,20000.0,-22.0,92.8,CRUISE_LOITER,LADAKH,1,0.25
1788418918.284,5200.9,2140.3,72.0,84.4,127.3,84.1,90.7,777.4,805.7,780.6,782.8,4.78,74.2,12.2,3.0,42.1,0.71,14.11,4.0,LANE_A,20000.0,-22.0,92.8,CRUISE_LOITER,LADAKH,1,0.25
1788418918.808,5197.3,2138.8,72.0,84.5,126.9,83.9,90.5,777.5,807.4,780.8,785.2,4.84,74.3,12.2,3.0,42.3,0.73,14.09,4.0,LANE_A,20000.0,-22.0,92.9,CRUISE_LOITER,LADAKH,1,0.25
1788418919.33,5171.5,2128.2,72.0,84.5,127.0,83.6,90.3,780.6,806.1,783.4,782.2,4.82,74.2,12.3,3.0,42.1,0.74,14.11,3.9,LANE_A,20000.0,-22.0,92.9,CRUISE_LOITER,LADAKH,1,0.25
1788418919.854,5186.6,2134.4,72.0,84.1,127.0,83.7,90.2,778.7,809.5,780.8,784.9,4.84,73.8,12.3,3.0,42.1,0.69,14.09,4.2,LANE_A,20000.0,-22.0,92.9,CRUISE_LOITER,LADAKH,1,0.25
1788418920.375,5175.9,2130.0,72.0,84.7,126.8,83.9,90.7,779.6,806.9,782.5,783.0,4.88,74.0,12.2,3.0,42.1,0.72,14.12,4.2,LANE_A,20000.0,-22.0,92.9,CRUISE_LOITER,LADAKH,1,0.25
1788418920.903,5203.1,2141.2,72.0,84.1,126.9,83.8,90.4,779.9,807.5,780.7,783.9,4.79,74.0,12.2,3.0,42.2,0.71,14.06,4.1,LANE_A,20000.0,-22.0,92.9,CRUISE_LOITER,LADAKH,1,0.25
1788418921.427,5194.3,2137.6,72.0,84.0,126.7,83.9,90.4,777.8,808.8,783.5,784.7,4.85,74.0,12.1,3.0,42.3,0.72,14.07,4.1,LANE_A,20000.0,-22.0,92.9,CRUISE_LOITER,LADAKH,1,0.25
1788418921.966,5191.8,2136.5,72.0,83.9,127.0,83.8,90.6,778.5,809.2,780.0,784.8,4.84,73.6,12.3,3.0,42.3,0.72,14.15,4.2,LANE_A,20000.0,-22.0,92.9,CRUISE_LOITER,LADAKH,1,0.25
1788418922.495,5175.5,2129.8,72.0,84.6,126.8,84.1,90.4,778.6,808.0,781.4,785.0,4.85,73.8,12.3,3.0,41.9,0.73,14.1,4.0,LANE_A,20000.0,-22.0,92.9,CRUISE_LOITER,LADAKH,1,0.25
1788418923.018,5175.9,2130.0,72.0,84.5,127.0,83.9,90.3,779.6,808.2,778.8,783.6,4.86,74.0,12.2,3.0,42.1,0.73,14.08,4.0,LANE_A,20000.0,-22.0,92.9,CRUISE_LOITER,LADAKH,1,0.25
1788418923.549,5184.4,2133.5,72.0,84.3,127.2,83.8,90.5,779.1,808.1,779.7,785.1,4.8,74.1,12.2,3.0,41.9,0.72,14.08,4.1,LANE_A,20000.0,-22.0,92.9,CRUISE_LOITER,LADAKH,1,0.25
1788418924.084,5181.2,2132.2,72.0,83.8,126.4,83.7,90.3,779.2,809.8,781.5,783.2,4.82,73.8,12.2,3.0,42.0,0.74,14.07,3.9,LANE_A,20000.0,-22.0,93.0,CRUISE_LOITER,LADAKH,1,0.25
1788418924.642,5179.1,2131.3,72.0,84.2,126.5,84.2,90.3,778.8,807.4,780.8,784.8,4.88,73.5,12.2,3.0,42.0,0.73,14.1,4.0,LANE_A,20000.0,-22.0,93.0,CRUISE_LOITER,LADAKH,1,0.25
1788418925.172,5196.9,2138.7,72.0,84.5,126.7,83.8,90.3,779.6,809.2,782.2,782.4,4.82,73.9,12.2,3.0,42.0,0.72,14.1,4.0,LANE_A,20000.0,-22.0,93.0,CRUISE_LOITER,LADAKH,1,0.25
1788418925.712,5182.1,2132.6,72.0,84.3,126.8,83.7,89.8,779.4,805.7,780.9,782.0,4.83,73.8,12.2,3.0,42.0,0.73,14.12,4.1,LANE_A,20000.0,-22.0,93.0,CRUISE_LOITER,LADAKH,1,0.25
1788418926.225,5182.0,2132.5,72.0,84.1,126.8,83.3,90.3,779.9,809.4,778.9,786.3,4.85,73.5,12.0,3.0,42.0,0.73,14.09,3.9,LANE_A,20000.0,-22.0,93.0,CRUISE_LOITER,LADAKH,1,0.25
1788418926.762,5188.4,2135.2,72.0,84.2,126.7,83.8,90.4,778.6,807.3,784.2,782.9,4.77,73.8,12.1,3.0,42.1,0.73,14.06,3.9,LANE_A,20000.0,-22.0,93.0,CRUISE_LOITER,LADAKH,1,0.25
1788418927.289,5192.4,2136.8,72.0,84.2,126.8,83.8,90.3,777.4,807.3,782.6,784.5,4.83,73.9,12.2,3.0,41.9,0.74,14.1,4.1,LANE_A,20000.0,-22.0,93.0,CRUISE_LOITER,LADAKH,1,0.25
1788418927.827,5188.9,2135.3,72.0,84.0,126.6,83.7,90.1,780.8,808.8,781.0,784.9,4.85,73.6,12.2,3.0,42.0,0.71,14.11,4.1,LANE_A,20000.0,-22.0,93.0,CRUISE_LOITER,LADAKH,1,0.25
1788418928.354,5192.6,2136.9,72.0,84.0,126.7,83.9,90.1,778.0,810.8,780.0,784.9,4.82,73.9,12.2,3.0,41.9,0.75,14.11,4.0,LANE_A,20000.0,-22.0,93.0,CRUISE_LOITER,LADAKH,1,0.25
1788418928.887,5204.3,2141.7,72.0,84.3,126.7,83.7,90.0,781.0,808.7,782.5,782.3,4.86,73.7,12.2,3.0,42.0,0.72,14.06,4.0,LANE_A,20000.0,-22.0,93.0,CRUISE_LOITER,LADAKH,1,0.25
1788418929.407,5187.9,2134.9,72.0,84.4,126.5,83.4,90.3,778.6,808.1,780.8,783.2,4.86,73.6,12.2,3.0,41.8,0.74,14.09,3.9,LANE_A,20000.0,-22.0,93.0,CRUISE_LOITER,LADAKH,1,0.25
1788418929.949,5173.5,2129.0,72.0,84.1,126.4,83.3,90.2,776.9,809.2,781.4,782.8,4.89,73.5,12.1,3.0,41.7,0.71,14.09,4.1,LANE_A,20000.0,-22.0,93.0,CRUISE_LOITER,LADAKH,1,0.25
1788418930.469,5205.0,2142.0,72.0,84.3,126.7,83.7,90.1,778.3,806.3,781.0,785.0,4.83,73.5,12.3,3.0,41.9,0.73,14.1,4.1,LANE_A,20000.0,-22.0,93.0,CRUISE_LOITER,LADAKH,1,0.25
1788418931.001,5188.1,2135.0,72.0,83.9,126.5,83.5,89.7,778.2,806.6,778.4,783.8,4.86,73.5,12.2,3.0,41.9,0.73,14.11,4.1,LANE_A,20000.0,-22.0,93.0,CRUISE_LOITER,LADAKH,1,0.25
1788418931.537,5179.7,2131.6,72.0,83.8,126.4,83.6,90.2,775.8,808.4,780.8,781.7,4.84,73.8,12.1,3.0,41.8,0.71,14.08,4.1,LANE_A,20000.0,-22.0,93.0,CRUISE_LOITER,LADAKH,1,0.25
1788418932.055,5206.5,2142.6,72.0,84.0,126.4,83.5,89.8,777.5,806.9,781.7,783.0,4.84,73.5,12.1,3.0,42.0,0.73,14.11,4.0,LANE_A,20000.0,-22.0,93.0,CRUISE_LOITER,LADAKH,1,0.25
1788418932.615,5188.2,2135.1,72.0,84.3,126.6,83.5,90.1,780.9,807.3,782.5,782.1,4.85,73.3,12.2,3.0,41.9,0.72,14.11,4.0,LANE_A,20000.0,-22.0,93.0,CRUISE_LOITER,LADAKH,1,0.25
1788418933.143,5183.8,2133.3,72.0,84.0,126.2,83.7,90.1,781.1,806.4,780.2,782.1,4.83,73.6,12.3,3.0,42.0,0.74,14.11,3.9,LANE_A,20000.0,-22.0,93.0,CRUISE_LOITER,LADAKH,1,0.25
1788418933.665,5187.4,2134.7,72.0,84.0,126.3,83.7,89.9,778.0,808.4,781.3,783.5,4.82,73.5,12.1,3.0,41.6,0.73,14.06,3.9,LANE_A,20000.0,-22.0,93.0,CRUISE_LOITER,LADAKH,1,0.25
1788418934.177,5192.4,2136.8,72.0,84.1,126.4,83.4,89.6,776.2,805.8,780.1,784.5,4.85,73.4,12.2,3.0,41.8,0.72,14.1,4.0,LANE_A,20000.0,-22.0,93.0,CRUISE_LOITER,LADAKH,1,0.25
1788418934.71,5198.5,2139.3,72.0,83.9,126.7,83.2,89.8,778.8,807.2,780.6,782.5,4.79,73.4,12.0,3.0,42.0,0.72,14.09,3.8,LANE_A,20000.0,-22.0,93.0,CRUISE_LOITER,LADAKH,1,0.25
1788418935.234,5177.6,2130.7,72.0,83.8,126.4,83.4,90.1,779.2,805.9,780.0,783.9,4.85,73.4,12.0,3.0,42.1,0.74,14.14,4.0,LANE_A,20000.0,-22.0,93.0,CRUISE_LOITER,LADAKH,1,0.25
1788418935.763,5171.0,2128.0,72.0,84.2,126.5,83.4,89.9,779.5,806.2,781.2,782.9,4.79,73.5,12.1,3.0,41.6,0.73,14.09,4.1,LANE_A,20000.0,-22.0,93.0,CRUISE_LOITER,LADAKH,1,0.25
1788418936.279,5196.9,2138.6,72.0,83.8,126.1,83.5,89.8,781.6,806.6,778.6,784.3,4.86,73.3,12.2,3.0,41.7,0.68,14.13,4.2,LANE_A,20000.0,-22.0,93.0,CRUISE_LOITER,LADAKH,1,0.25
1788418936.797,5172.6,2128.7,72.0,84.0,126.4,83.6,89.6,780.2,805.8,779.7,784.0,4.81,73.3,12.1,3.0,41.9,0.71,14.1,3.9,LANE_A,20000.0,-22.0,93.0,CRUISE_LOITER,LADAKH,1,0.25
1788418937.305,5201.4,2140.5,72.0,84.1,126.4,83.5,89.9,777.6,807.9,782.7,781.9,4.85,73.4,12.1,3.0,41.7,0.73,14.1,3.8,LANE_A,20000.0,-22.0,93.0,CRUISE_LOITER,LADAKH,1,0.25
1788418937.93,5182.3,2132.6,72.0,83.9,126.2,83.3,89.7,776.2,805.5,782.8,784.3,4.81,73.2,12.1,3.0,41.9,0.72,14.1,4.1,LANE_A,20000.0,-22.0,93.0,CRUISE_LOITER,LADAKH,1,0.25
1788418938.449,5186.6,2134.4,72.0,83.8,126.2,82.9,89.6,778.4,807.0,779.1,782.6,4.85,73.6,12.1,3.0,41.8,0.73,14.12,3.9,LANE_A,20000.0,-22.0,93.0,CRUISE_LOITER,LADAKH,1,0.25
1788418938.96,5189.3,2135.5,72.0,84.0,126.3,83.3,90.0,776.8,809.7,781.7,784.8,4.81,73.4,12.2,3.0,41.7,0.73,14.11,4.0,LANE_A,20000.0,-22.0,93.0,CRUISE_LOITER,LADAKH,1,0.25
1788418939.471,5182.2,2132.6,72.0,83.6,126.6,83.3,89.6,779.4,807.7,782.2,783.6,4.89,73.3,12.2,3.0,41.6,0.74,14.11,4.1,LANE_A,20000.0,-22.0,92.9,CRUISE_LOITER,LADAKH,1,0.25
1788418940.0,5185.1,2133.8,72.0,83.9,126.2,83.3,89.9,777.6,807.7,782.6,784.7,4.87,73.4,12.1,3.0,41.7,0.73,14.09,4.0,LANE_A,20000.0,-22.0,92.9,CRUISE_LOITER,LADAKH,1,0.25
1788418940.515,5190.2,2135.9,72.0,83.8,126.7,83.2,89.8,775.8,807.5,779.9,784.5,4.89,73.0,12.1,3.0,41.6,0.72,14.08,4.0,LANE_A,20000.0,-22.0,92.9,CRUISE_LOITER,LADAKH,1,0.25
1788418941.025,5193.7,2137.3,72.0,83.9,126.1,83.8,89.8,779.3,808.2,778.4,784.5,4.86,73.6,12.1,3.0,41.9,0.72,14.09,4.2,LANE_A,20000.0,-22.0,92.9,CRUISE_LOITER,LADAKH,1,0.25
1788418941.551,5181.0,2132.1,72.0,83.6,126.0,83.3,89.4,779.3,808.1,779.8,782.0,4.85,73.2,12.1,3.0,41.7,0.71,14.1,3.9,LANE_A,20000.0,-22.0,92.9,CRUISE_LOITER,LADAKH,1,0.25
1788418942.062,5190.9,2136.2,72.0,83.4,126.4,83.1,89.7,778.7,808.4,780.7,781.5,4.85,73.2,12.2,3.0,41.9,0.74,14.09,4.2,LANE_A,20000.0,-22.0,92.9,CRUISE_LOITER,LADAKH,1,0.25
1788418942.583,5176.4,2130.2,72.0,83.6,125.7,83.2,89.6,778.5,809.0,781.4,784.5,4.88,73.2,12.0,3.0,41.6,0.73,14.13,4.1,LANE_A,20000.0,-22.0,92.9,CRUISE_LOITER,LADAKH,1,0.25
1788418943.099,5206.8,2142.7,72.0,83.6,126.0,83.3,89.5,778.3,807.3,780.8,783.5,4.81,73.0,12.0,3.0,41.7,0.75,14.11,4.2,LANE_A,20000.0,-22.0,92.9,CRUISE_LOITER,LADAKH,1,0.25
1788418943.607,5157.2,2122.3,72.0,83.5,126.1,83.0,89.9,779.9,807.5,781.8,785.4,4.86,73.2,12.2,3.0,41.7,0.72,14.11,4.0,LANE_A,20000.0,-22.0,92.9,CRUISE_LOITER,LADAKH,1,0.25
1788418944.119,5192.1,2136.6,72.0,83.6,126.2,83.0,89.4,778.2,807.0,779.8,783.9,4.8,73.1,12.0,3.0,41.5,0.73,14.12,4.0,LANE_A,20000.0,-22.0,92.9,CRUISE_LOITER,LADAKH,1,0.25
1788418944.64,5200.8,2140.3,72.0,83.8,126.1,83.0,89.6,777.6,808.2,781.0,783.1,4.85,73.1,12.1,3.0,41.6,0.71,14.05,4.0,LANE_A,20000.0,-22.0,92.8,CRUISE_LOITER,LADAKH,1,0.25
1788418945.15,5196.8,2138.6,72.0,83.7,126.0,82.9,89.5,779.5,806.6,778.9,783.5,4.81,73.1,12.0,3.0,41.6,0.73,14.1,4.0,LANE_A,20000.0,-22.0,92.8,CRUISE_LOITER,LADAKH,1,0.25
1788418945.676,5198.3,2139.2,72.0,83.4,126.3,82.8,89.7,778.2,805.0,778.9,783.9,4.85,73.2,12.1,3.0,41.5,0.73,14.12,4.0,LANE_A,20000.0,-22.0,92.8,CRUISE_LOITER,LADAKH,1,0.25
1788418946.204,5181.3,2132.2,72.0,83.7,126.2,82.9,89.4,775.5,808.7,782.1,784.0,4.86,73.1,12.1,3.0,41.5,0.7,14.1,4.0,LANE_A,20000.0,-22.0,92.8,CRUISE_LOITER,LADAKH,1,0.25
1788418946.716,5201.3,2140.5,72.0,83.3,126.1,82.9,89.6,779.1,808.0,778.0,783.3,4.87,73.2,12.1,3.0,41.7,0.74,14.1,4.0,LANE_A,20000.0,-22.0,92.8,CRUISE_LOITER,LADAKH,1,0.25
1788418947.239,5191.3,2136.4,72.0,83.7,126.1,83.0,89.7,778.0,808.2,779.1,782.7,4.85,73.2,12.2,3.0,41.7,0.73,14.09,3.9,LANE_A,20000.0,-22.0,92.8,CRUISE_LOITER,LADAKH,1,0.25
1788418947.76,5193.1,2137.1,72.0,83.7,126.0,83.3,89.6,778.0,808.2,781.8,782.8,4.85,73.3,12.2,3.0,41.5,0.75,14.09,4.0,LANE_A,20000.0,-22.0,92.8,CRUISE_LOITER,LADAKH,1,0.25
1788418948.287,5191.7,2136.5,72.0,83.5,126.0,83.0,89.3,777.1,806.4,778.2,782.5,4.83,72.9,12.2,3.0,41.5,0.73,14.09,3.9,LANE_A,20000.0,-22.0,92.7,CRUISE_LOITER,LADAKH,1,0.25
1788418948.808,5175.5,2129.8,72.0,83.6,126.0,82.8,89.8,778.3,809.8,780.2,785.8,4.86,73.0,12.1,3.0,41.3,0.72,14.1,4.1,LANE_A,20000.0,-22.0,92.7,CRUISE_LOITER,LADAKH,1,0.25
1788418949.327,5191.0,2136.2,72.0,83.7,125.9,83.3,89.6,774.4,806.4,780.7,784.0,4.86,73.3,12.0,3.0,41.6,0.7,14.11,3.9,LANE_A,20000.0,-22.0,92.7,CRUISE_LOITER,LADAKH,1,0.25
1788418949.844,5172.8,2128.7,72.0,83.4,126.0,83.0,89.4,779.0,806.2,779.8,783.2,4.88,73.1,12.1,3.0,41.6,0.72,14.11,4.0,LANE_A,20000.0,-22.0,92.7,CRUISE_LOITER,LADAKH,1,0.25
1788418950.366,5171.4,2128.1,72.0,83.5,126.2,83.1,89.4,776.6,805.3,781.2,783.3,4.81,73.1,12.0,3.0,41.3,0.72,14.1,4.1,LANE_A,20000.0,-22.0,92.7,CRUISE_LOITER,LADAKH,1,0.25
1788418950.882,5188.8,2135.3,72.0,83.3,125.7,83.2,89.4,778.3,807.7,780.0,780.6,4.87,73.1,12.3,3.0,41.4,0.7,14.12,4.0,LANE_A,20000.0,-22.0,92.7,CRUISE_LOITER,LADAKH,1,0.25
1788418951.401,5193.0,2137.1,72.0,83.7,125.9,83.4,89.3,778.6,807.2,779.2,782.9,4.84,73.2,12.0,3.0,41.5,0.74,14.1,4.2,LANE_A,20000.0,-22.0,92.6,CRUISE_LOITER,LADAKH,1,0.25
1788418951.921,5182.8,2132.9,72.0,83.7,126.1,82.9,89.2,778.7,806.4,780.5,783.1,4.81,73.2,12.1,3.0,41.3,0.73,14.12,4.1,LANE_A,20000.0,-22.0,92.6,CRUISE_LOITER,LADAKH,1,0.25
1788418952.429,5170.5,2127.8,72.0,83.2,125.9,83.1,89.6,778.2,811.4,782.8,780.2,4.85,73.1,12.0,3.0,41.5,0.75,14.1,4.1,LANE_A,20000.0,-22.0,92.6,CRUISE_LOITER,LADAKH,1,0.25
1788418952.939,5207.8,2143.1,72.0,83.6,125.8,83.2,89.3,778.7,807.0,780.8,785.7,4.88,73.0,12.1,3.0,41.5,0.73,14.09,4.0,LANE_A,20000.0,-22.0,92.6,CRUISE_LOITER,LADAKH,1,0.25
1788418953.456,5210.0,2144.0,72.0,83.5,126.0,83.0,89.6,779.0,809.3,780.0,782.6,4.81,72.9,11.8,3.0,41.4,0.73,14.09,4.0,LANE_A,20000.0,-22.0,92.6,CRUISE_LOITER,LADAKH,1,0.25
1788418953.979,5199.4,2139.7,72.0,83.6,125.8,83.0,89.5,777.5,811.0,778.8,783.0,4.82,72.9,12.0,3.0,41.4,0.74,14.11,4.1,LANE_A,20000.0,-22.0,92.5,CRUISE_LOITER,LADAKH,1,0.25
1788418954.501,5201.9,2140.7,72.0,83.2,126.2,83.3,89.5,776.4,807.8,780.2,782.4,4.88,73.1,12.0,3.0,41.4,0.74,14.09,4.2,LANE_A,20000.0,-22.0,92.5,CRUISE_LOITER,LADAKH,1,0.25
1788418955.025,5195.0,2137.9,72.0,83.5,125.8,83.0,89.4,778.5,808.6,780.3,784.7,4.88,72.7,11.9,3.0,41.2,0.71,14.1,3.9,LANE_A,20000.0,-22.0,92.5,CRUISE_LOITER,LADAKH,1,0.25
1788418955.541,5199.3,2139.6,72.0,83.3,125.8,82.9,89.4,777.8,805.3,781.0,781.7,4.9,72.6,11.8,3.0,41.4,0.74,14.14,4.0,LANE_A,20000.0,-22.0,92.5,CRUISE_LOITER,LADAKH,1,0.25
1788418956.067,5222.7,2149.3,72.0,83.2,126.0,83.1,89.6,775.5,806.5,780.6,784.7,4.78,73.1,12.1,3.0,41.4,0.74,14.1,4.2,LANE_A,20000.0,-22.0,92.5,CRUISE_LOITER,LADAKH,1,0.25
1788418956.589,5184.3,2133.4,72.0,83.5,125.8,83.0,89.1,779.5,806.7,778.2,782.0,4.8,72.8,11.9,3.0,41.5,0.78,14.11,4.0,LANE_A,20000.0,-22.0,92.4,CRUISE_LOITER,LADAKH,1,0.25
1788418957.107,5176.9,2130.4,72.0,83.3,125.6,82.8,89.2,777.1,806.2,780.9,782.5,4.84,72.9,11.9,3.0,41.3,0.7,14.1,4.1,LANE_A,20000.0,-22.0,92.4,CRUISE_LOITER,LADAKH,1,0.25
1788418957.758,5208.0,2143.2,72.0,83.2,125.8,82.6,89.5,778.0,806.1,780.9,783.3,4.89,72.7,12.1,3.0,41.3,0.71,14.09,3.9,LANE_A,20000.0,-22.0,92.4,CRUISE_LOITER,LADAKH,1,0.25
1788418958.27,5173.5,2129.0,72.0,83.4,125.3,83.0,89.3,779.0,809.0,780.1,785.8,4.86,72.9,12.0,3.0,41.3,0.75,14.12,4.0,LANE_A,20000.0,-22.0,92.4,CRUISE_LOITER,LADAKH,1,0.25
1788418958.787,5197.6,2138.9,72.0,83.5,125.9,82.9,89.3,777.2,806.2,780.0,783.5,4.82,72.7,12.2,3.0,41.5,0.71,14.13,4.0,LANE_A,20000.0,-22.0,92.3,CRUISE_LOITER,LADAKH,1,0.25
1788418959.293,5191.6,2136.5,72.0,83.3,125.8,82.6,89.3,777.1,805.3,780.2,781.8,4.87,72.7,12.0,3.0,41.3,0.73,14.11,4.0,LANE_A,20000.0,-22.0,92.3,CRUISE_LOITER,LADAKH,1,0.25
1788418959.822,5194.3,2137.6,72.0,83.4,126.1,82.8,88.9,777.7,808.5,779.6,783.1,4.88,73.0,11.9,3.0,41.4,0.72,14.1,4.1,LANE_A,20000.0,-22.0,92.3,CRUISE_LOITER,LADAKH,1,0.25
1788418960.331,5188.8,2135.3,72.0,83.3,125.7,83.0,88.9,780.6,807.2,778.1,783.6,4.86,72.8,12.0,3.0,41.3,0.7,14.1,3.9,LANE_A,20000.0,-22.0,92.3,CRUISE_LOITER,LADAKH,1,0.25
1788418960.844,5196.5,2138.5,72.0,83.0,125.8,82.6,89.2,778.8,805.3,780.5,782.0,4.86,72.8,12.0,3.0,41.1,0.74,14.09,4.1,LANE_A,20000.0,-22.0,92.2,CRUISE_LOITER,LADAKH,1,0.25
1788418961.367,5185.3,2133.9,72.0,83.0,125.9,82.7,89.2,777.9,805.8,781.9,784.9,4.82,72.8,12.0,3.0,41.2,0.76,14.12,3.9,LANE_A,20000.0,-22.0,92.2,CRUISE_LOITER,LADAKH,1,0.25
1788418961.886,5192.5,2136.8,72.0,83.3,125.7,82.8,89.3,775.9,806.7,781.1,784.2,4.87,72.8,11.9,3.0,41.4,0.72,14.1,4.0,LANE_A,20000.0,-22.0,92.2,CRUISE_LOITER,LADAKH,1,0.25
1788418962.396,5206.6,2142.6,72.0,83.3,125.7,82.6,89.4,778.5,805.3,779.6,783.2,4.85,72.6,11.9,3.0,41.3,0.73,14.1,4.1,LANE_A,20000.0,-22.0,92.2,CRUISE_LOITER,LADAKH,1,0.25
1788418962.906,5199.9,2139.9,72.0,83.1,125.9,82.8,89.0,778.0,805.4,780.2,782.0,4.87,72.6,11.9,3.0,41.1,0.71,14.09,4.0,LANE_A,20000.0,-22.0,92.1,CRUISE_LOITER,LADAKH,1,0.25
1788418963.438,5160.4,2123.6,72.0,83.2,125.6,82.7,89.1,779.2,807.6,779.7,783.8,4.86,72.8,12.0,3.0,41.0,0.7,14.12,4.0,LANE_A,20000.0,-22.0,92.1,CRUISE_LOITER,LADAKH,1,0.25
1788418963.959,5192.1,2136.7,72.0,82.7,125.5,83.0,89.1,777.7,808.3,779.5,784.1,4.87,72.5,11.9,3.0,41.0,0.74,14.1,3.8,LANE_A,20000.0,-22.0,92.1,CRUISE_LOITER,LADAKH,1,0.25
1788418964.477,5210.3,2144.2,72.0,83.1,126.0,82.5,89.0,776.5,807.1,780.4,783.0,4.84,72.5,12.2,3.0,41.1,0.73,14.1,4.0,LANE_A,20000.0,-22.0,92.0,CRUISE_LOITER,LADAKH,1,0.25
1788418964.995,5204.4,2141.7,72.0,83.2,125.7,82.6,89.2,777.4,807.2,778.3,784.4,4.83,72.8,11.9,3.0,41.3,0.73,14.09,3.8,LANE_A,20000.0,-22.0,92.0,CRUISE_LOITER,LADAKH,1,0.25
1788418965.513,5170.5,2127.8,72.0,83.5,125.5,82.9,89.1,777.8,808.5,779.7,782.1,4.8,72.7,12.1,3.0,41.3,0.72,14.07,4.1,LANE_A,20000.0,-22.0,92.0,CRUISE_LOITER,LADAKH,1,0.25
1788418966.03,5204.9,2141.9,72.0,82.8,125.7,82.6,89.5,778.5,806.8,781.1,785.1,4.86,72.9,12.0,3.0,41.1,0.74,14.11,4.1,LANE_A,20000.0,-22.0,92.0,CRUISE_LOITER,LADAKH,1,0.25
1788418966.558,5193.3,2137.2,72.0,82.8,125.7,82.7,89.2,778.1,805.8,778.3,783.6,4.86,72.7,11.9,3.0,41.1,0.72,14.1,4.2,LANE_A,20000.0,-22.0,91.9,CRUISE_LOITER,LADAKH,1,0.25
1788418967.079,5191.1,2136.2,72.0,83.2,125.6,83.0,89.1,778.9,807.9,781.0,782.3,4.83,72.7,11.9,3.0,41.1,0.72,14.1,4.2,LANE_A,20000.0,-22.0,91.9,CRUISE_LOITER,LADAKH,1,0.25
1788418967.594,5193.1,2137.1,72.0,83.1,125.8,82.5,89.0,776.6,807.1,779.7,783.6,4.87,72.4,12.0,3.0,41.0,0.73,14.09,3.9,LANE_A,20000.0,-22.0,91.9,CRUISE_LOITER,LADAKH,1,0.25
1788418968.115,5185.0,2133.8,72.0,83.3,125.9,82.5,89.1,778.7,806.8,780.9,782.2,4.85,72.6,11.9,3.0,41.1,0.7,14.08,3.9,LANE_A,20000.0,-22.0,91.8,CRUISE_LOITER,LADAKH,1,0.25
1788418968.637,5170.1,2127.6,72.0,82.8,125.5,82.7,89.0,778.3,807.9,779.4,780.9,4.88,72.9,12.0,3.0,41.0,0.73,14.13,3.9,LANE_A,20000.0,-22.0,91.8,CRUISE_LOITER,LADAKH,1,0.25
1788418969.152,5199.2,2139.6,72.0,83.1,125.4,82.8,89.0,776.6,805.3,778.7,781.3,4.84,72.8,11.8,3.0,41.2,0.74,14.08,3.9,LANE_A,20000.0,-22.0,91.8,CRUISE_LOITER,LADAKH,1,0.25
1788418969.661,5186.9,2134.5,72.0,82.7,125.6,82.6,89.2,779.2,804.1,779.4,784.4,4.87,72.7,12.0,3.0,41.1,0.72,14.11,3.9,LANE_A,20000.0,-22.0,91.7,CRUISE_LOITER,LADAKH,1,0.25
1788418970.185,5183.4,2133.1,72.0,83.0,125.6,82.5,89.2,777.7,806.0,779.6,782.4,4.85,72.5,11.8,3.0,41.3,0.74,14.09,4.0,LANE_A,20000.0,-22.0,91.7,CRUISE_LOITER,LADAKH,1,0.25
1788418970.706,5174.7,2129.5,72.0,83.0,125.5,82.5,88.8,779.6,808.6,778.9,783.4,4.81,72.5,12.0,3.0,41.2,0.72,14.13,3.9,LANE_A,20000.0,-22.0,91.7,CRUISE_LOITER,LADAKH,1,0.25
1788418971.225,5172.1,2128.5,72.0,82.8,125.5,83.0,89.2,778.3,806.1,779.3,783.0,4.85,72.5,11.9,3.0,40.9,0.72,14.07,4.1,LANE_A,20000.0,-22.0,91.6,CRUISE_LOITER,LADAKH,1,0.25
1788418971.752,5180.2,2131.8,72.0,83.3,125.5,82.3,88.7,777.7,807.2,779.5,784.6,4.83,72.8,12.0,3.0,40.9,0.72,14.12,4.1,LANE_A,20000.0,-22.0,91.6,CRUISE_LOITER,LADAKH,1,0.25
1788418972.305,5187.1,2134.6,72.0,83.1,125.5,82.8,89.1,778.3,806.4,780.2,783.3,4.85,72.3,11.9,3.0,40.8,0.71,14.09,4.0,LANE_A,20000.0,-22.0,91.6,CRUISE_LOITER,LADAKH,1,0.25
1788418972.829,5163.5,2124.9,72.0,82.9,125.6,82.7,89.0,778.3,806.5,781.2,783.6,4.9,72.5,11.8,3.0,41.1,0.74,14.01,3.9,LANE_A,20000.0,-22.0,91.5,CRUISE_LOITER,LADAKH,1,0.25
1788418973.359,5195.3,2138.0,72.0,83.0,125.5,82.4,88.8,777.1,808.5,778.1,782.9,4.81,72.3,11.9,3.0,41.2,0.72,14.09,4.1,LANE_A,20000.0,-22.0,91.5,CRUISE_LOITER,LADAKH,1,0.25
1788418973.875,5185.5,2133.9,72.0,83.0,125.5,82.7,88.7,776.6,806.5,780.2,783.0,4.86,72.3,11.9,3.0,41.0,0.7,14.11,4.1,LANE_A,20000.0,-22.0,91.5,CRUISE_LOITER,LADAKH,1,0.25
1788418974.387,5185.9,2134.1,72.0,83.2,125.5,82.5,88.8,779.2,804.6,781.1,783.6,4.81,72.3,11.9,3.0,41.0,0.71,14.11,3.9,LANE_A,20000.0,-22.0,91.4,CRUISE_LOITER,LADAKH,1,0.25
1788418974.921,5191.2,2136.3,72.0,82.6,125.4,82.3,88.8,777.1,806.6,778.7,783.6,4.85,72.5,12.0,3.0,40.9,0.74,14.14,4.0,LANE_A,20000.0,-22.0,91.4,CRUISE_LOITER,LADAKH,1,0.25
1788418975.445,5188.8,2135.3,72.0,82.6,125.2,82.3,88.8,777.7,807.0,780.2,782.8,4.88,72.7,11.9,3.0,40.9,0.72,14.13,4.0,LANE_A,20000.0,-22.0,91.3,CRUISE_LOITER,LADAKH,1,0.25
1788418975.998,5207.3,2142.9,72.0,83.0,125.3,82.1,89.0,775.2,808.7,780.5,781.5,4.8,72.5,12.1,3.0,41.0,0.71,14.11,4.1,LANE_A,20000.0,-22.0,91.3,CRUISE_LOITER,LADAKH,1,0.25
1788418976.508,5170.5,2127.8,72.0,83.2,125.5,82.9,89.2,777.9,805.7,780.7,782.5,4.76,72.3,11.8,3.0,41.0,0.73,14.08,4.0,LANE_A,20000.0,-22.0,91.3,CRUISE_LOITER,LADAKH,1,0.25
1788418977.028,5199.7,2139.8,72.0,83.1,125.6,82.5,89.1,778.9,806.1,779.0,781.6,4.83,72.7,11.9,3.0,40.8,0.72,14.1,4.0,LANE_A,20000.0,-22.0,91.2,CRUISE_LOITER,LADAKH,1,0.25
1788418977.575,5205.7,2142.3,72.0,82.8,125.3,82.2,89.0,778.9,806.1,779.3,781.8,4.86,72.6,11.9,3.0,40.7,0.72,14.07,4.2,LANE_A,20000.0,-22.0,91.2,CRUISE_LOITER,LADAKH,1,0.25
1788418978.273,5178.8,2131.2,72.0,82.8,125.4,82.5,89.1,779.4,807.6,778.6,784.9,4.86,72.7,11.9,3.0,40.8,0.74,14.11,4.0,LANE_A,20000.0,-22.0,91.2,CRUISE_LOITER,LADAKH,1,0.25
1788418978.795,5184.4,2133.5,72.0,82.9,125.2,82.9,88.8,779.3,808.7,780.8,783.1,4.82,72.3,11.8,3.0,40.8,0.71,14.1,4.0,LANE_A,20000.0,-22.0,91.1,CRUISE_LOITER,LADAKH,1,0.25
1788418979.332,5201.2,2140.4,72.0,82.7,125.4,82.5,88.6,777.1,807.9,780.7,783.4,4.85,72.5,11.8,3.0,40.9,0.73,14.08,4.2,LANE_A,20000.0,-22.0,91.1,CRUISE_LOITER,LADAKH,1,0.25
1788418979.897,5192.9,2137.0,72.0,82.7,125.6,82.3,88.8,778.0,806.8,779.0,783.3,4.86,72.2,11.9,3.0,41.0,0.73,14.1,4.0,LANE_A,20000.0,-22.0,91.0,CRUISE_LOITER,LADAKH,1,0.25
1788418980.41,5199.4,2139.7,72.0,83.1,125.6,82.3,88.5,776.6,806.1,781.7,783.9,4.89,72.5,12.0,3.0,40.7,0.71,14.13,3.9,LANE_A,20000.0,-22.0,91.0,CRUISE_LOITER,LADAKH,1,0.25
1788418981.233,5204.8,2141.9,72.0,82.6,125.3,82.3,88.6,777.6,807.7,778.5,784.0,4.86,72.3,11.8,3.0,40.9,0.73,14.09,3.8,LANE_A,20000.0,-22.0,91.0,CRUISE_LOITER,LADAKH,1,0.25
1788418981.76,5190.7,2136.1,72.0,82.8,125.3,82.5,88.8,778.1,807.7,778.0,783.5,4.85,72.5,11.9,3.0,40.9,0.71,14.1,4.2,LANE_A,20000.0,-22.0,90.9,CRUISE_LOITER,LADAKH,1,0.25
1788418982.267,5191.1,2136.3,72.0,82.8,125.4,82.4,89.0,778.5,805.6,780.4,782.5,4.88,72.6,11.9,3.0,40.8,0.72,14.11,4.0,LANE_A,20000.0,-22.0,90.9,CRUISE_LOITER,LADAKH,1,0.25
1788418982.795,5181.6,2132.3,72.0,82.8,125.4,82.5,88.7,776.7,806.5,780.1,781.3,4.84,72.2,11.8,3.0,41.0,0.72,14.07,4.0,LANE_A,20000.0,-22.0,90.8,CRUISE_LOITER,LADAKH,1,0.25
1788418983.312,5196.5,2138.5,72.0,82.6,125.5,82.5,89.1,779.6,804.1,780.3,782.1,4.84,72.3,11.8,3.0,40.8,0.72,14.09,4.1,LANE_A,20000.0,-22.0,90.8,CRUISE_LOITER,LADAKH,1,0.25
1788418983.837,5196.1,2138.3,72.0,82.8,125.2,82.4,88.8,777.0,807.2,780.1,783.7,4.81,72.4,11.8,3.0,40.5,0.75,14.08,4.0,LANE_A,20000.0,-22.0,90.7,CRUISE_LOITER,LADAKH,1,0.25
1788418984.35,5190.6,2136.1,72.0,82.6,125.5,81.9,89.0,777.8,806.8,779.9,783.0,4.84,72.2,11.8,3.0,40.8,0.73,14.09,4.0,LANE_A,20000.0,-22.0,90.7,CRUISE_LOITER,LADAKH,1,0.25
1788418984.875,5183.5,2133.1,72.0,82.8,125.2,82.1,88.6,776.0,806.3,780.6,785.2,4.86,72.2,11.8,3.0,40.9,0.71,14.1,4.0,LANE_A,20000.0,-22.0,90.7,CRUISE_LOITER,LADAKH,1,0.25
1788418985.389,5193.5,2137.3,72.0,82.7,125.5,82.0,88.8,779.7,805.8,778.5,783.3,4.86,72.2,11.9,3.0,40.8,0.69,14.1,4.1,LANE_A,20000.0,-22.0,90.6,CRUISE_LOITER,LADAKH,1,0.25
1788418985.9,5196.8,2138.6,72.0,82.8,125.0,82.1,88.8,779.2,805.9,780.8,782.4,4.89,72.1,11.9,3.0,40.6,0.74,14.11,3.9,LANE_A,20000.0,-22.0,90.6,CRUISE_LOITER,LADAKH,1,0.25
1788418986.417,5202.1,2140.8,72.0,82.6,125.1,82.3,88.4,777.6,808.1,781.4,783.6,4.84,72.2,11.8,3.0,40.9,0.72,14.08,4.0,LANE_A,20000.0,-22.0,90.5,CRUISE_LOITER,LADAKH,1,0.25
1788418986.928,5183.7,2133.2,72.0,82.7,125.1,82.2,88.9,780.6,808.6,777.1,783.6,4.87,72.2,11.9,3.0,41.0,0.74,14.11,4.1,LANE_A,20000.0,-22.0,90.5,CRUISE_LOITER,LADAKH,1,0.25
1788418987.45,5178.5,2131.1,72.0,82.9,125.5,82.3,88.9,776.9,806.6,779.9,782.7,4.84,72.5,11.7,3.0,40.9,0.75,14.1,4.0,LANE_A,20000.0,-22.0,90.4,CRUISE_LOITER,LADAKH,1,0.25
1788418987.969,5183.5,2133.1,72.0,82.5,124.8,82.0,88.5,777.8,806.3,779.5,783.2,4.85,72.2,11.8,3.0,40.7,0.72,14.11,3.9,LANE_A,20000.0,-22.0,90.4,CRUISE_LOITER,LADAKH,1,0.25
1788418988.494,5196.0,2138.3,72.0,82.6,125.3,82.1,88.8,779.8,805.7,781.6,782.4,4.85,72.0,11.8,3.0,40.7,0.73,14.11,4.0,LANE_A,20000.0,-22.0,90.4,CRUISE_LOITER,LADAKH,1,0.25
1788418989.008,5168.6,2127.0,72.0,82.9,125.0,82.2,88.6,780.2,808.1,780.4,783.5,4.87,72.2,11.8,3.0,40.9,0.71,14.09,4.0,LANE_A,20000.0,-22.0,90.3,CRUISE_LOITER,LADAKH,1,0.25
1788418989.524,5182.6,2132.7,72.0,82.6,125.2,82.2,88.9,779.8,807.8,779.4,781.5,4.85,72.3,11.9,3.0,40.7,0.71,14.09,3.9,LANE_A,20000.0,-22.0,90.3,CRUISE_LOITER,LADAKH,1,0.25
1788418990.049,5178.2,2130.9,72.0,82.6,125.2,82.2,88.8,777.3,808.3,780.6,784.1,4.94,72.0,11.8,3.0,40.6,0.72,14.08,4.1,LANE_A,20000.0,-22.0,90.2,CRUISE_LOITER,LADAKH,1,0.25
1788418990.558,5171.7,2128.3,72.0,82.8,125.6,82.2,88.5,775.7,805.7,780.2,781.9,4.86,72.2,11.9,3.0,40.8,0.72,14.13,4.1,LANE_A,20000.0,-22.0,90.2,CRUISE_LOITER,LADAKH,1,0.25
1788418991.085,5191.5,2136.4,72.0,82.7,125.7,81.9,88.8,778.9,806.0,779.1,785.1,4.85,71.9,11.9,3.0,40.7,0.76,14.05,4.1,LANE_A,20000.0,-22.0,90.1,CRUISE_LOITER,LADAKH,1,0.25
1788418991.587,5190.5,2136.0,72.0,82.4,125.2,82.4,88.6,777.7,806.8,778.6,782.2,4.83,72.1,11.8,3.0,40.5,0.7,14.1,4.0,LANE_A,20000.0,-22.0,90.1,CRUISE_LOITER,LADAKH,1,0.25
1788418992.107,5195.0,2137.9,72.0,82.7,125.1,82.2,88.4,779.0,805.9,780.0,782.4,4.84,72.2,12.0,3.0,40.9,0.74,14.11,4.1,LANE_A,20000.0,-22.0,90.0,CRUISE_LOITER,LADAKH,1,0.25
1788418992.63,5182.3,2132.6,72.0,82.5,125.3,82.6,88.8,778.1,806.2,780.6,779.6,4.88,72.2,12.0,3.0,40.7,0.73,14.09,4.2,LANE_A,20000.0,-22.0,90.0,CRUISE_LOITER,LADAKH,1,0.25
1788418993.145,5193.9,2137.4,72.0,82.9,125.1,82.2,88.4,778.3,805.0,780.9,783.2,4.82,72.3,11.9,3.0,40.5,0.76,14.06,4.0,LANE_A,20000.0,-22.0,90.0,CRUISE_LOITER,LADAKH,1,0.25
1788418993.652,5185.5,2134.0,72.0,82.6,125.3,81.9,88.7,775.5,808.7,779.1,785.5,4.85,72.2,11.8,3.0,40.6,0.74,14.09,3.9,LANE_A,20000.0,-22.0,89.9,CRUISE_LOITER,LADAKH,1,0.25
1788418994.158,5167.8,2126.7,72.0,82.4,125.2,82.3,88.6,779.1,807.6,779.1,782.6,4.84,72.1,11.8,3.0,40.8,0.76,14.11,4.0,LANE_A,20000.0,-22.0,89.9,CRUISE_LOITER,LADAKH,1,0.25
1788418994.667,5185.2,2133.8,72.0,82.8,125.1,81.9,88.7,777.4,804.4,779.5,781.7,4.87,72.2,11.9,3.0,40.7,0.74,14.09,3.7,LANE_A,20000.0,-22.0,89.8,CRUISE_LOITER,LADAKH,1,0.25
1788418995.177,5179.6,2131.5,72.0,82.6,125.3,82.0,88.5,777.8,807.0,781.3,783.4,4.87,72.5,11.9,3.0,40.4,0.71,14.09,3.8,LANE_A,20000.0,-22.0,89.8,CRUISE_LOITER,LADAKH,1,0.25
1788418995.686,5189.3,2135.5,72.0,82.6,125.3,81.7,88.4,778.6,806.4,780.6,781.3,4.84,72.2,11.8,3.0,40.5,0.72,14.09,4.2,LANE_A,20000.0,-22.0,89.7,CRUISE_LOITER,LADAKH,1,0.25
1788418996.194,5154.4,2121.2,72.0,82.6,125.0,82.2,88.8,775.9,807.2,779.0,784.1,4.86,72.1,11.7,3.0,40.7,0.72,14.09,4.0,LANE_A,20000.0,-22.0,89.7,CRUISE_LOITER,LADAKH,1,0.25
1788418996.713,5170.5,2127.8,72.0,82.6,125.2,81.9,88.6,778.6,805.3,781.5,782.1,4.85,71.8,11.8,3.0,40.5,0.74,14.1,3.8,LANE_A,20000.0,-22.0,89.6,CRUISE_LOITER,LADAKH,1,0.25
1788418997.21,5187.3,2134.7,72.0,82.7,125.2,82.2,88.6,779.6,807.6,779.9,780.9,4.86,71.8,11.9,3.0,40.2,0.74,14.11,4.0,LANE_A,20000.0,-22.0,89.6,CRUISE_LOITER,LADAKH,1,0.25
1788418997.965,5180.0,2131.7,72.0,82.7,125.2,82.1,88.7,778.1,805.7,779.1,782.8,4.85,72.5,11.9,3.0,40.7,0.74,14.11,4.0,LANE_A,20000.0,-22.0,89.5,CRUISE_LOITER,LADAKH,1,0.25
1788418998.559,5175.4,2129.8,72.0,82.6,125.3,82.3,88.6,778.1,805.1,781.6,784.1,4.86,72.2,12.0,3.0,40.4,0.73,14.09,4.0,LANE_A,20000.0,-22.0,89.5,CRUISE_LOITER,LADAKH,1,0.25
1788418999.129,5205.0,2142.0,72.0,82.4,124.8,82.1,88.8,779.1,808.1,780.1,784.5,4.86,72.3,11.8,3.0,40.5,0.73,14.07,4.0,LANE_A,20000.0,-22.0,89.4,CRUISE_LOITER,LADAKH,1,0.25
1788418999.705,5161.9,2124.2,72.0,82.6,125.3,82.1,88.6,778.2,805.8,781.4,781.3,4.84,72.4,11.8,3.0,40.6,0.7,14.09,3.9,LANE_A,20000.0,-22.0,89.4,CRUISE_LOITER,LADAKH,1,0.25
1788419000.302,5159.5,2123.2,72.0,82.2,125.0,82.0,88.5,778.9,809.2,778.1,782.8,4.84,71.9,11.8,3.0,40.6,0.7,14.12,4.2,LANE_A,20000.0,-22.0,89.3,CRUISE_LOITER,LADAKH,1,0.25
1788419000.921,5194.7,2137.7,72.0,82.5,125.1,82.2,88.4,777.8,808.1,781.1,782.7,4.83,72.0,11.9,3.0,40.6,0.73,14.06,4.0,LANE_A,20000.0,-22.0,89.3,CRUISE_LOITER,LADAKH,1,0.25
1788419001.629,5170.5,2127.8,72.0,82.7,125.2,82.1,88.8,775.4,805.5,779.9,781.3,4.87,72.2,11.9,3.0,40.3,0.73,14.1,3.9,LANE_A,20000.0,-22.0,89.2,CRUISE_LOITER,LADAKH,1,0.25
1788419002.318,5166.5,2126.1,72.0,82.7,125.0,82.1,88.8,777.2,807.9,779.3,782.0,4.82,71.9,11.7,3.0,40.6,0.71,14.12,4.1,LANE_A,20000.0,-22.0,89.2,CRUISE_LOITER,LADAKH,1,0.25
1788419003.123,5185.8,2134.1,72.0,82.5,125.0,82.1,88.5,778.5,807.1,778.2,785.3,4.86,72.1,11.8,3.0,40.3,0.71,14.1,3.8,LANE_A,20000.0,-22.0,89.1,CRUISE_LOITER,LADAKH,1,0.25
1788419003.735,5158.5,2122.9,72.0,82.5,125.0,82.1,88.5,777.9,804.4,778.6,782.4,4.89,72.0,11.8,3.0,40.5,0.75,14.09,4.1,LANE_A,20000.0,-22.0,89.1,CRUISE_LOITER,LADAKH,1,0.25
1788419004.344,5195.0,2137.9,72.0,82.9,125.1,82.1,88.9,778.9,807.3,779.0,782.8,4.85,71.7,11.9,3.0,40.5,0.75,14.13,4.2,LANE_A,20000.0,-22.0,89.1,CRUISE_LOITER,LADAKH,1,0.25
1788419004.969,5173.0,2128.8,72.0,82.6,124.9,81.9,88.6,776.6,807.5,778.9,784.8,4.89,72.1,11.9,3.0,40.5,0.73,14.05,3.9,LANE_A,20000.0,-22.0,89.0,CRUISE_LOITER,LADAKH,1,0.25
1788419005.586,5180.2,2131.8,72.0,82.8,124.9,82.1,88.5,778.3,806.8,780.6,782.5,4.85,72.1,11.8,3.0,40.5,0.72,14.07,4.0,LANE_A,20000.0,-22.0,89.0,CRUISE_LOITER,LADAKH,1,0.25
1788419006.208,5179.8,2131.6,72.0,82.7,125.0,81.9,88.6,777.2,806.8,780.4,781.1,4.78,72.2,11.8,3.0,40.6,0.71,14.11,4.1,LANE_A,20000.0,-22.0,88.9,CRUISE_LOITER,LADAKH,1,0.25
1788419006.836,5189.6,2135.6,72.0,82.6,124.8,82.3,88.7,776.5,804.9,778.7,781.2,4.83,71.8,11.6,3.1,40.5,0.73,14.09,4.0,LANE_A,20000.0,-22.0,88.9,CRUISE_LOITER,LADAKH,1,0.25
1788419007.467,5181.4,2132.3,72.0,82.5,125.1,82.1,88.8,776.6,806.9,777.0,784.2,4.93,72.3,11.8,3.0,40.4,0.75,14.09,4.2,LANE_A,20000.0,-22.0,88.8,CRUISE_LOITER,LADAKH,1,0.25
1788419008.106,5170.2,2127.7,72.0,82.7,125.0,82.2,88.5,781.2,808.0,779.9,783.0,4.91,72.0,11.8,3.0,40.4,0.73,14.13,4.0,LANE_A,20000.0,-22.0,88.8,CRUISE_LOITER,LADAKH,1,0.25
1788419008.771,5163.6,2124.9,72.0,82.5,124.8,81.8,88.3,778.0,808.8,780.4,784.0,4.84,72.1,11.8,3.0,40.4,0.7,14.1,4.1,LANE_A,20000.0,-22.0,88.7,CRUISE_LOITER,LADAKH,1,0.25
1788419009.363,5198.9,2139.5,72.0,82.2,125.0,82.0,88.7,778.5,809.3,780.5,784.3,4.86,71.9,11.7,3.0,40.6,0.72,14.09,3.9,LANE_A,20000.0,-22.0,88.7,CRUISE_LOITER,LADAKH,1,0.25
1788419009.916,5215.9,2146.5,72.0,82.7,124.9,82.0,88.2,776.7,805.8,777.6,783.8,4.82,71.9,11.7,3.0,40.5,0.74,14.11,4.2,LANE_A,20000.0,-22.0,88.6,CRUISE_LOITER,LADAKH,1,0.25
1788419010.511,5189.0,2135.4,72.0,82.5,125.0,82.0,88.4,778.1,808.0,781.2,783.3,4.88,71.8,11.8,3.0,40.3,0.73,14.06,4.1,LANE_A,20000.0,-22.0,88.6,CRUISE_LOITER,LADAKH,1,0.25
1788419011.049,5165.9,2125.9,72.0,82.4,124.8,81.8,88.9,779.5,805.7,779.5,782.2,4.87,72.2,11.8,3.0,40.4,0.73,14.09,4.1,LANE_A,20000.0,-22.0,88.5,CRUISE_LOITER,LADAKH,1,0.25
1788419011.584,5194.3,2137.6,72.0,82.9,124.8,81.8,88.4,777.3,805.5,778.0,782.0,4.88,72.0,11.8,3.0,40.1,0.73,14.08,3.9,LANE_A,20000.0,-22.0,88.5,CRUISE_LOITER,LADAKH,1,0.25
1788419012.124,5184.9,2133.7,72.0,82.4,125.0,82.1,88.4,779.7,805.9,780.9,782.0,4.89,72.3,11.6,3.0,40.3,0.72,14.1,4.1,LANE_A,20000.0,-22.0,88.4,CRUISE_LOITER,LADAKH,1,0.25
1788419012.687,5183.6,2133.2,72.0,82.8,125.1,82.3,88.5,778.1,805.2,781.4,784.3,4.88,71.9,11.8,3.0,40.4,0.73,14.07,3.8,LANE_A,20000.0,-22.0,88.4,CRUISE_LOITER,LADAKH,1,0.25
1788419013.263,5190.2,2135.9,72.0,82.8,124.9,81.7,88.7,777.9,806.8,778.7,783.5,4.87,71.8,11.7,3.0,40.3,0.71,14.08,4.0,LANE_A,20000.0,-22.0,88.3,CRUISE_LOITER,LADAKH,1,0.25
1788419013.804,5161.8,2124.2,72.0,82.4,125.0,81.7,88.5,777.2,806.2,778.7,782.4,4.85,72.0,11.7,3.0,40.3,0.7,14.11,4.0,LANE_A,20000.0,-22.0,88.3,CRUISE_LOITER,LADAKH,1,0.25
1788419014.659,5176.6,2130.3,72.0,82.2,124.8,82.0,88.2,776.7,806.3,780.2,781.0,4.87,72.0,11.6,3.0,40.3,0.73,14.1,4.0,LANE_A,20000.0,-22.0,88.2,CRUISE_LOITER,LADAKH,1,0.25
1788419015.622,5193.3,2137.2,72.0,82.3,125.0,81.9,88.5,776.7,805.4,781.2,783.6,4.82,72.1,11.7,3.0,40.1,0.73,14.07,4.1,LANE_A,20000.0,-22.0,88.2,CRUISE_LOITER,LADAKH,1,0.25
1788419016.375,5180.5,2131.9,72.0,82.3,125.2,81.5,88.3,778.9,806.0,779.6,782.5,4.85,71.8,11.8,3.0,40.3,0.72,14.08,4.1,LANE_A,20000.0,-22.0,88.1,CRUISE_LOITER,LADAKH,1,0.25
1788419017.035,5179.5,2131.5,72.0,82.2,124.7,81.9,88.6,778.5,808.0,781.0,783.5,4.9,71.9,11.7,3.0,40.2,0.74,14.1,4.0,LANE_A,20000.0,-22.0,88.1,CRUISE_LOITER,LADAKH,1,0.25
1788419018.192,5185.8,2134.1,72.0,82.5,124.5,81.9,88.4,779.4,805.5,779.2,781.8,4.9,71.9,11.7,3.0,40.5,0.74,14.1,4.0,LANE_A,20000.0,-22.0,88.0,CRUISE_LOITER,LADAKH,1,0.25
1788419018.983,5166.5,2126.1,72.0,82.2,125.3,82.1,88.3,776.4,806.8,778.5,782.7,4.85,71.8,11.8,3.0,40.1,0.72,14.09,4.1,LANE_A,20000.0,-22.0,88.0,CRUISE_LOITER,LADAKH,1,0.25
1788419019.828,5179.8,2131.6,72.0,82.6,124.8,81.9,88.3,779.0,805.5,779.8,781.9,4.85,72.1,11.6,3.0,40.2,0.72,14.1,4.0,LANE_A,20000.0,-22.0,87.9,CRUISE_LOITER,LADAKH,1,0.25
1788419021.046,5142.5,2116.3,72.0,82.4,125.0,81.7,88.4,778.4,807.5,779.4,782.8,4.86,71.9,11.6,3.0,40.0,0.73,14.09,4.0,LANE_A,20000.0,-22.0,87.9,CRUISE_LOITER,LADAKH,1,0.25
1788419022.021,5177.6,2130.7,72.0,82.7,124.8,81.7,88.5,778.4,806.6,779.9,781.9,4.84,71.8,11.8,3.0,40.1,0.7,14.12,4.1,LANE_A,20000.0,-22.0,87.8,CRUISE_LOITER,LADAKH,1,0.25
1788419022.728,5168.0,2126.8,72.0,82.2,124.7,81.7,88.3,774.9,806.1,779.9,782.3,4.87,71.9,11.7,3.0,40.0,0.73,14.11,4.0,LANE_A,20000.0,-22.0,87.8,CRUISE_LOITER,LADAKH,1,0.25
1788419023.395,5161.0,2123.9,72.0,82.4,124.8,82.0,88.2,776.5,807.1,779.9,781.5,4.89,72.0,11.6,3.0,40.5,0.73,14.08,4.2,LANE_A,20000.0,-22.0,87.7,CRUISE_LOITER,LADAKH,1,0.25
1788419023.975,5197.8,2139.0,72.0,82.4,124.8,81.9,88.3,776.9,808.5,780.0,783.4,4.89,71.9,11.8,3.0,40.2,0.73,14.08,3.9,LANE_A,20000.0,-22.0,87.7,CRUISE_LOITER,LADAKH,1,0.25
1788419024.532,5155.8,2121.7,72.0,82.3,125.1,82.0,88.3,777.6,807.1,781.0,782.8,4.88,71.8,11.7,3.0,40.2,0.73,14.13,4.0,LANE_A,20000.0,-22.0,87.6,CRUISE_LOITER,LADAKH,1,0.25
1788419025.103,5167.5,2126.5,72.0,82.6,124.5,81.8,88.7,777.4,805.6,779.6,783.2,4.86,71.8,11.7,3.0,40.2,0.73,14.09,4.0,LANE_A,20000.0,-22.0,87.6,CRUISE_LOITER,LADAKH,1,0.25
1788419025.634,5179.7,2131.6,72.0,82.2,124.8,82.1,88.2,776.8,807.7,779.1,784.2,4.87,71.9,11.7,3.0,40.3,0.72,14.11,4.0,LANE_A,20000.0,-22.0,87.5,CRUISE_LOITER,LADAKH,1,0.25
1788419026.177,5162.0,2124.3,72.0,82.7,124.8,82.4,88.4,776.0,806.6,779.2,783.2,4.89,71.6,11.8,3.0,40.0,0.71,14.08,4.0,LANE_A,20000.0,-22.0,87.5,CRUISE_LOITER,LADAKH,1,0.25
1788419026.706,5176.0,2130.1,72.0,82.0,125.0,81.6,88.5,776.8,807.0,780.6,784.0,4.87,71.9,11.6,3.0,40.3,0.74,14.09,4.1,LANE_A,20000.0,-22.0,87.4,CRUISE_LOITER,LADAKH,1,0.25
1788419027.236,5200.5,2140.1,72.0,82.3,125.1,82.0,88.4,776.1,804.1,781.0,785.4,4.88,71.7,11.5,3.0,40.1,0.74,14.1,4.0,LANE_A,20000.0,-22.0,87.4,CRUISE_LOITER,LADAKH,1,0.25
1788419027.785,5185.1,2133.8,72.0,82.4,124.7,81.9,88.2,776.7,805.9,778.5,783.7,4.87,71.4,11.7,3.0,40.1,0.73,14.1,3.9,LANE_A,20000.0,-22.0,87.3,CRUISE_LOITER,LADAKH,1,0.25
1788419028.333,5154.2,2121.1,72.0,82.3,124.7,81.9,88.5,776.2,807.7,778.6,781.9,4.86,71.4,11.6,3.0,40.1,0.73,14.12,4.0,LANE_A,20000.0,-22.0,87.3,CRUISE_LOITER,LADAKH,1,0.25
1788419028.872,5146.1,2117.7,72.0,82.3,124.7,81.9,88.3,779.6,807.1,780.0,781.5,4.81,71.8,11.8,3.0,40.0,0.76,14.11,4.1,LANE_A,20000.0,-22.0,87.2,CRUISE_LOITER,LADAKH,1,0.25
1788419029.398,5198.3,2139.2,72.0,82.4,124.8,81.6,88.4,776.4,804.7,779.2,782.8,4.84,71.8,11.8,3.0,40.1,0.73,14.11,4.0,LANE_A,20000.0,-22.0,87.2,CRUISE_LOITER,LADAKH,1,0.25
1788419029.92,5190.3,2135.9,72.0,82.2,124.9,81.9,88.4,776.8,806.8,777.8,784.5,4.9,71.8,11.7,3.0,39.9,0.73,14.07,4.0,LANE_A,20000.0,-22.0,87.1,CRUISE_LOITER,LADAKH,1,0.25
1788419030.455,5173.9,2129.2,72.0,81.7,124.6,81.4,88.5,777.2,808.3,778.6,783.3,4.87,71.8,11.8,3.0,40.3,0.76,14.12,3.9,LANE_A,20000.0,-22.0,87.1,CRUISE_LOITER,LADAKH,1,0.25
1788419030.973,5166.8,2126.3,72.0,82.4,124.9,81.8,88.5,777.3,804.2,779.1,782.4,4.82,71.7,11.6,3.0,40.0,0.75,14.08,3.8,LANE_A,20000.0,-22.0,87.0,CRUISE_LOITER,LADAKH,1,0.25
1788419031.506,5171.5,2128.2,72.0,82.1,124.7,81.8,88.4,777.8,806.4,778.7,783.4,4.86,71.5,11.7,3.0,40.1,0.75,14.11,4.1,LANE_A,20000.0,-22.0,87.0,CRUISE_LOITER,LADAKH,1,0.25
1788419032.018,5147.3,2118.2,72.0,82.0,125.0,81.9,88.0,777.1,806.8,779.2,783.2,4.87,71.7,11.7,3.0,40.2,0.72,14.09,4.0,LANE_A,20000.0,-22.0,86.9,CRUISE_LOITER,LADAKH,1,0.25
1788419032.555,5179.5,2131.5,72.0,82.2,124.9,82.2,88.2,778.6,806.9,781.7,782.7,4.86,71.7,11.7,3.0,40.0,0.73,14.12,3.9,LANE_A,20000.0,-22.0,86.9,CRUISE_LOITER,LADAKH,1,0.25
1788419033.092,5169.2,2127.2,72.0,82.2,125.0,81.6,88.3,777.2,805.9,779.6,782.4,4.86,71.7,11.6,3.0,40.1,0.74,14.08,4.0,LANE_A,20000.0,-22.0,86.8,CRUISE_LOITER,LADAKH,1,0.25
1788419033.622,5174.0,2129.2,72.0,82.1,124.9,81.7,88.2,778.3,805.7,778.5,781.0,4.9,71.9,11.7,3.0,40.0,0.75,14.07,4.0,LANE_A,20000.0,-22.0,86.8,CRUISE_LOITER,LADAKH,1,0.25
1788419034.141,5155.4,2121.5,72.0,82.4,124.7,81.4,88.4,775.9,805.9,780.1,783.6,4.88,71.3,11.6,3.0,40.0,0.72,14.11,4.1,LANE_A,20000.0,-22.0,86.7,CRUISE_LOITER,LADAKH,1,0.25
1788419034.655,5184.6,2133.6,72.0,82.2,125.1,81.9,88.0,779.3,805.7,779.2,783.0,4.83,72.0,11.5,3.0,40.2,0.75,14.07,4.0,LANE_A,20000.0,-22.0,86.7,CRUISE_LOITER,LADAKH,1,0.25
1788419035.194,5184.9,2133.7,72.0,82.3,124.8,81.6,87.8,777.1,807.9,778.2,782.5,4.83,71.6,11.6,3.0,39.9,0.71,14.13,4.0,LANE_A,20000.0,-22.0,86.6,CRUISE_LOITER,LADAKH,1,0.25
1788419035.705,5160.7,2123.7,72.0,82.2,124.7,81.6,88.3,776.1,807.1,779.6,783.3,4.89,71.8,11.7,3.0,40.1,0.71,14.1,4.0,LANE_A,20000.0,-22.0,86.6,CRUISE_LOITER,LADAKH,1,0.25
1788419036.218,5169.9,2127.5,72.0,82.3,124.6,81.7,88.2,779.2,805.5,780.0,781.1,4.85,71.4,11.6,3.0,40.0,0.72,14.09,3.8,LANE_A,20000.0,-22.0,86.5,CRUISE_LOITER,LADAKH,1,0.25
1788419036.747,5180.4,2131.9,72.0,82.3,125.0,82.0,88.4,776.4,806.2,779.1,783.3,4.85,71.4,11.6,3.0,40.0,0.72,14.12,4.0,LANE_A,20000.0,-22.0,86.5,CRUISE_LOITER,LADAKH,1,0.25
1788419037.261,5175.7,2129.9,72.0,82.0,124.4,81.5,88.3,777.5,807.4,779.9,783.8,4.85,71.6,11.5,3.0,40.0,0.72,14.08,4.0,LANE_A,20000.0,-22.0,86.4,CRUISE_LOITER,LADAKH,1,0.25
1788419038.046,5192.4,2136.8,72.0,82.2,124.8,81.8,88.2,777.0,805.2,778.5,781.6,4.89,71.5,11.7,3.0,40.1,0.74,14.11,4.2,LANE_A,20000.0,-22.0,86.4,CRUISE_LOITER,LADAKH,1,0.25
1788419038.607,5166.7,2126.2,72.0,82.4,124.9,82.0,88.4,776.5,805.2,779.3,784.6,4.86,71.5,11.4,3.0,39.8,0.73,14.12,4.3,LANE_A,20000.0,-22.0,86.3,CRUISE_LOITER,LADAKH,1,0.25
1788419039.138,5160.2,2123.5,72.0,82.3,124.9,81.7,87.9,779.5,806.5,781.9,782.2,4.87,71.4,11.6,3.0,39.9,0.73,14.1,3.9,LANE_A,20000.0,-22.0,86.3,CRUISE_LOITER,LADAKH,1,0.25
1788419039.66,5210.1,2144.1,72.0,82.1,124.8,82.0,88.1,779.9,807.3,779.0,786.5,4.91,71.5,11.6,3.0,39.9,0.74,14.13,4.0,LANE_A,20000.0,-22.0,86.2,CRUISE_LOITER,LADAKH,1,0.25
1788419040.196,5159.0,2123.0,72.0,82.0,124.8,81.7,88.2,777.5,807.7,780.8,785.0,4.89,71.8,11.5,3.0,39.9,0.72,14.13,4.0,LANE_A,20000.0,-22.0,86.2,CRUISE_LOITER,LADAKH,1,0.25
1788419040.74,5182.3,2132.6,72.0,82.4,124.9,82.2,88.4,781.1,807.5,779.2,781.9,4.9,71.9,11.7,3.0,39.8,0.73,14.13,4.0,LANE_A,20000.0,-22.0,86.2,CRUISE_LOITER,LADAKH,1,0.25
1788419041.252,5162.0,2124.3,72.0,82.3,124.6,81.7,88.1,777.7,807.4,779.8,782.5,4.85,71.5,11.6,3.0,40.0,0.71,14.08,4.0,LANE_A,20000.0,-22.0,86.1,CRUISE_LOITER,LADAKH,1,0.25
1788419041.775,5165.1,2125.6,72.0,82.3,124.3,81.8,88.3,777.5,806.6,781.6,781.5,4.77,71.4,11.5,3.0,39.9,0.72,14.13,3.9,LANE_A,20000.0,-22.0,86.1,CRUISE_LOITER,LADAKH,1,0.25
1788419042.297,5174.6,2129.5,72.0,82.4,124.7,81.5,88.2,775.8,807.3,780.4,779.8,4.82,71.3,11.6,3.0,40.0,0.72,14.09,4.0,LANE_A,20000.0,-22.0,86.0,CRUISE_LOITER,LADAKH,1,0.25
1788419042.807,5168.8,2127.1,72.0,82.1,124.7,81.4,88.1,777.6,805.6,778.0,782.4,4.85,71.3,11.5,3.0,39.9,0.7,14.09,4.0,LANE_A,20000.0,-22.0,86.0,CRUISE_LOITER,LADAKH,1,0.25
1788419043.329,5184.6,2133.6,72.0,82.1,124.9,81.7,88.4,777.2,806.0,782.5,783.3,4.87,71.6,11.5,3.0,40.0,0.72,14.11,4.1,LANE_A,20000.0,-22.0,85.9,CRUISE_LOITER,LADAKH,1,0.25
1788419043.869,5162.6,2124.5,72.0,82.0,124.7,81.7,88.3,779.5,807.6,777.2,784.1,4.85,71.8,11.5,3.0,40.0,0.73,14.11,3.8,LANE_A,20000.0,-22.0,85.9,CRUISE_LOITER,LADAKH,1,0.25
1788419044.408,5168.7,2127.0,72.0,82.2,124.8,81.4,88.2,778.0,806.4,778.8,782.6,4.87,71.5,11.7,3.0,39.8,0.74,14.12,4.0,LANE_A,20000.0,-22.0,85.8,CRUISE_LOITER,LADAKH,1,0.25
1788419044.944,5181.2,2132.2,72.0,81.9,124.6,81.6,87.9,780.1,806.2,779.5,782.6,4.88,71.5,11.6,3.0,40.0,0.7,14.09,4.1,LANE_A,20000.0,-22.0,85.8,CRUISE_LOITER,LADAKH,1,0.25
1788419045.51,5178.0,2130.8,72.0,82.1,124.8,81.8,88.5,777.3,806.3,780.1,781.9,4.88,71.6,11.8,3.0,39.8,0.74,14.09,3.9,LANE_A,20000.0,-22.0,85.7,CRUISE_LOITER,LADAKH,1,0.25
1788419046.041,5176.8,2130.4,72.0,82.0,124.4,81.8,88.5,777.2,806.5,780.4,784.1,4.89,71.5,11.5,3.0,39.9,0.72,14.12,4.2,LANE_A,20000.0,-22.0,85.7,CRUISE_LOITER,LADAKH,1,0.25
1788419046.569,5144.4,2117.0,72.0,82.1,124.8,81.4,88.0,776.7,808.1,781.0,783.6,4.9,71.4,11.6,3.0,39.8,0.72,14.08,3.9,LANE_A,20000.0,-22.0,85.7,CRUISE_LOITER,LADAKH,1,0.25
1788419047.085,5156.4,2122.0,72.0,82.1,124.6,81.7,88.3,777.9,805.0,780.0,783.2,4.85,71.3,11.5,3.0,39.9,0.72,14.13,3.9,LANE_A,20000.0,-22.0,85.6,CRUISE_LOITER,LADAKH,1,0.25
1788419047.61,5155.8,2121.7,72.0,82.2,124.8,81.7,88.1,777.3,805.4,780.1,782.3,4.89,71.1,11.5,3.0,39.7,0.74,14.11,4.0,LANE_A,20000.0,-22.0,85.6,CRUISE_LOITER,LADAKH,1,0.25
1788419048.138,5170.4,2127.7,72.0,82.0,124.8,81.8,87.9,778.2,807.3,780.3,785.8,4.9,71.6,11.6,3.0,39.7,0.74,14.07,4.1,LANE_A,20000.0,-22.0,85.5,CRUISE_LOITER,LADAKH,1,0.25
1788419048.658,5162.8,2124.6,72.0,82.2,124.6,81.7,87.8,777.5,806.3,780.7,783.1,4.86,71.5,11.4,3.0,39.7,0.73,14.12,3.9,LANE_A,20000.0,-22.0,85.5,CRUISE_LOITER,LADAKH,1,0.25
1788419049.182,5155.3,2121.5,72.0,82.0,124.4,81.2,87.9,777.7,805.1,779.5,781.3,4.86,71.5,11.6,3.0,39.9,0.72,14.12,4.0,LANE_A,20000.0,-22.0,85.4,CRUISE_LOITER,LADAKH,1,0.25
1788419049.705,5157.0,2122.2,72.0,82.3,124.7,82.1,88.1,775.4,808.0,780.4,782.2,4.88,71.5,11.4,3.0,39.5,0.73,14.07,4.0,LANE_A,20000.0,-22.0,85.4,CRUISE_LOITER,LADAKH,1,0.25
1788419050.235,5146.4,2117.9,72.0,82.3,124.8,81.4,88.2,778.6,805.3,780.8,784.4,4.84,71.6,11.6,3.0,39.6,0.72,14.13,3.9,LANE_A,20000.0,-22.0,85.4,CRUISE_LOITER,LADAKH,1,0.25
1788419050.745,5158.2,2122.7,72.0,82.1,124.4,81.7,88.0,776.9,805.7,779.0,786.1,4.86,71.5,11.5,3.0,39.8,0.73,14.06,4.0,LANE_A,20000.0,-22.0,85.3,CRUISE_LOITER,LADAKH,1,0.25
1788419051.276,5163.6,2124.9,72.0,82.0,124.5,81.6,88.1,778.0,807.5,779.8,782.2,4.89,71.6,11.5,3.0,39.6,0.73,14.12,3.9,LANE_A,20000.0,-22.0,85.3,CRUISE_LOITER,LADAKH,1,0.25
1788419051.799,5158.7,2122.9,72.0,82.0,124.3,81.5,87.5,777.7,807.1,781.5,782.5,4.85,71.5,11.6,3.0,39.7,0.73,14.11,4.0,LANE_A,20000.0,-22.0,85.2,CRUISE_LOITER,LADAKH,1,0.25
1788419052.322,5146.1,2117.7,72.0,82.2,124.7,81.6,88.3,778.9,807.0,778.0,783.6,4.87,71.8,11.6,3.0,39.6,0.73,14.11,4.0,LANE_A,20000.0,-22.0,85.2,CRUISE_LOITER,LADAKH,1,0.25
1788419052.838,5136.4,2113.7,72.0,82.2,124.4,81.5,88.2,776.5,807.1,778.8,782.1,4.89,71.5,11.6,3.0,39.6,0.75,14.12,4.0,LANE_A,20000.0,-22.0,85.1,CRUISE_LOITER,LADAKH,1,0.25
1788419053.342,5125.6,2109.3,72.0,82.1,124.4,81.7,88.1,776.9,809.3,777.6,783.2,4.91,71.5,11.5,3.0,39.8,0.73,14.14,4.0,LANE_A,20000.0,-22.0,85.1,CRUISE_LOITER,LADAKH,1,0.25
1788419053.872,5158.0,2122.6,72.0,82.1,124.7,81.7,87.9,778.3,806.2,780.7,782.3,4.86,71.4,11.4,3.0,39.7,0.72,14.11,4.0,LANE_A,20000.0,-22.0,85.1,CRUISE_LOITER,LADAKH,1,0.25
1788419054.393,5179.4,2131.5,72.0,82.2,124.3,81.4,88.0,776.8,808.0,780.1,782.2,4.87,71.4,11.5,3.0,39.6,0.71,14.13,3.9,LANE_A,20000.0,-22.0,85.0,CRUISE_LOITER,LADAKH,1,0.25
1788419054.913,5159.8,2123.4,72.0,81.9,124.8,81.5,88.2,776.5,807.0,781.2,781.1,4.83,71.4,11.4,3.0,39.7,0.7,14.14,4.1,LANE_A,20000.0,-22.0,85.0,CRUISE_LOITER,LADAKH,1,0.25
1788419055.432,5168.3,2126.9,72.0,82.2,124.6,81.1,88.0,776.8,808.0,781.3,781.6,4.91,71.4,11.8,3.0,39.7,0.74,14.1,4.0,LANE_A,20000.0,-22.0,84.9,CRUISE_LOITER,LADAKH,1,0.25
1788419055.95,5157.7,2122.5,72.0,81.9,124.7,81.5,87.8,776.5,808.3,779.1,784.4,4.83,71.6,11.5,3.0,39.6,0.73,14.09,3.8,LANE_A,20000.0,-22.0,84.9,CRUISE_LOITER,LADAKH,1,0.25
1788419056.472,5145.7,2117.6,72.0,81.8,124.5,81.8,87.9,777.4,805.9,779.8,782.9,4.89,71.4,11.4,3.0,39.6,0.7,14.09,4.1,LANE_A,20000.0,-22.0,84.9,CRUISE_LOITER,LADAKH,1,0.25
1788419056.995,5157.5,2122.4,72.0,81.7,125.0,81.5,88.1,778.9,806.9,780.2,782.6,4.9,71.3,11.6,3.0,39.9,0.72,14.1,3.9,LANE_A,20000.0,-22.0,84.8,CRUISE_LOITER,LADAKH,1,0.25
1788419057.515,5165.2,2125.6,72.0,81.8,124.7,81.4,87.7,777.3,805.5,778.4,781.1,4.85,71.2,11.5,3.0,39.6,0.72,14.08,4.0,LANE_A,20000.0,-22.0,84.8,CRUISE_LOITER,LADAKH,1,0.25
1788419058.314,5131.4,2111.7,72.0,82.1,124.3,81.6,88.0,778.7,807.3,779.3,783.1,4.84,71.4,11.4,3.0,39.6,0.7,14.09,4.1,LANE_A,20000.0,-22.0,84.7,CRUISE_LOITER,LADAKH,1,0.25
1788419058.827,5148.3,2118.6,72.0,81.8,124.3,81.4,88.1,775.3,806.5,777.4,784.8,4.84,71.4,11.4,3.0,39.6,0.77,14.11,4.1,LANE_A,20000.0,-22.0,84.7,CRUISE_LOITER,LADAKH,1,0.25
1788419059.344,5141.8,2116.0,72.0,81.8,124.3,81.4,87.8,775.9,808.0,780.0,781.6,4.81,71.3,11.5,3.0,39.7,0.69,14.09,4.0,LANE_A,20000.0,-22.0,84.7,CRUISE_LOITER,LADAKH,1,0.25
1788419059.866,5162.4,2124.4,72.0,82.1,124.2,81.6,87.9,776.5,806.0,780.7,783.4,4.87,71.4,11.4,3.0,39.7,0.74,14.09,4.1,LANE_A,20000.0,-22.0,84.6,CRUISE_LOITER,LADAKH,1,0.25
1788419060.389,5162.4,2124.5,72.0,82.1,124.1,81.4,88.1,778.8,807.6,781.1,783.3,4.88,71.2,11.4,3.0,39.6,0.72,14.08,4.0,LANE_A,20000.0,-22.0,84.6,CRUISE_LOITER,LADAKH,1,0.25
1788419060.907,5143.1,2116.5,72.0,82.1,124.6,81.3,88.2,778.0,806.0,780.9,783.1,4.92,71.2,11.4,3.0,39.5,0.73,14.09,3.9,LANE_A,20000.0,-22.0,84.6,CRUISE_LOITER,LADAKH,1,0.25
1788419061.433,5165.2,2125.6,72.0,82.5,124.9,81.2,88.1,775.3,807.0,779.3,784.9,4.92,71.2,11.4,3.0,39.5,0.75,14.11,3.9,LANE_A,20000.0,-22.0,84.5,CRUISE_LOITER,LADAKH,1,0.25
1788419061.95,5132.2,2112.0,72.0,81.9,124.6,81.5,88.0,777.8,806.5,779.8,783.0,4.87,71.3,11.6,3.0,39.5,0.7,14.09,4.0,LANE_A,20000.0,-22.0,84.5,CRUISE_LOITER,LADAKH,1,0.25
1788419062.477,5158.3,2122.8,72.0,82.0,124.5,81.9,88.2,778.0,805.4,779.1,781.2,4.82,71.3,11.4,3.0,39.6,0.74,14.08,4.1,LANE_A,20000.0,-22.0,84.5,CRUISE_LOITER,LADAKH,1,0.25
1788419063.02,5179.1,2131.3,72.0,81.9,124.2,81.7,88.0,779.6,806.7,781.1,783.9,4.84,71.4,11.4,3.0,39.4,0.73,14.09,4.0,LANE_A,20000.0,-22.0,84.4,CRUISE_LOITER,LADAKH,1,0.25
1788419063.535,5164.2,2125.2,72.0,81.8,124.2,81.4,88.0,776.4,807.8,778.0,784.3,4.88,71.2,11.6,3.0,39.6,0.74,14.09,3.9,LANE_A,20000.0,-22.0,84.4,CRUISE_LOITER,LADAKH,1,0.25
1788419064.069,5168.5,2127.0,72.0,81.9,124.9,81.6,87.7,778.6,808.3,779.7,782.8,4.86,71.1,11.4,3.0,39.6,0.72,14.08,4.1,LANE_A,20000.0,-22.0,84.3,CRUISE_LOITER,LADAKH,1,0.25
1788419064.588,5175.2,2129.7,72.0,81.9,124.5,81.0,87.8,779.0,805.5,778.8,781.8,4.89,71.3,11.5,3.0,39.7,0.74,14.1,4.0,LANE_A,20000.0,-22.0,84.3,CRUISE_LOITER,LADAKH,1,0.25
1788419065.112,5126.4,2109.6,72.0,81.8,124.3,81.6,87.9,777.4,806.9,781.3,783.0,4.86,71.1,11.5,3.0,39.7,0.69,14.11,4.0,LANE_A,20000.0,-22.0,84.3,CRUISE_LOITER,LADAKH,1,0.25
1788419065.627,5151.3,2119.9,72.0,81.9,124.5,81.5,87.6,776.1,807.2,780.5,781.6,4.85,71.2,11.6,3.0,39.6,0.72,14.1,4.0,LANE_A,20000.0,-22.0,84.2,CRUISE_LOITER,LADAKH,1,0.25
1788419066.447,5162.1,2124.3,72.0,82.1,124.4,81.4,87.9,777.7,808.2,778.9,782.9,4.83,71.2,11.5,3.0,39.6,0.74,14.08,4.0,LANE_A,20000.0,-22.0,84.2,CRUISE_LOITER,LADAKH,1,0.25
1788419067.006,5175.5,2129.8,72.0,81.5,124.5,81.4,87.9,778.8,808.7,780.9,784.7,4.88,71.2,11.3,3.0,39.6,0.72,14.09,4.0,LANE_A,20000.0,-22.0,84.2,CRUISE_LOITER,LADAKH,1,0.25
1788419067.534,5176.6,2130.3,72.0,82.1,124.7,81.5,88.1,778.4,805.2,779.7,781.9,4.91,71.2,11.4,3.0,39.6,0.72,14.07,3.9,LANE_A,20000.0,-22.0,84.2,CRUISE_LOITER,LADAKH,1,0.25
1788419068.047,5149.6,2119.2,72.0,82.0,124.5,81.5,87.9,778.1,807.9,779.7,783.2,4.83,71.1,11.5,3.0,39.5,0.74,14.1,4.1,LANE_A,20000.0,-22.0,84.1,CRUISE_LOITER,LADAKH,1,0.25
1788419068.577,5142.5,2116.3,72.0,81.8,124.2,81.4,87.9,778.4,805.3,780.8,782.5,4.81,71.3,11.4,3.0,39.6,0.72,14.14,4.0,LANE_A,20000.0,-22.0,84.1,CRUISE_LOITER,LADAKH,1,0.25
1788419069.103,5162.0,2124.3,72.0,81.9,124.3,81.2,87.9,777.7,808.1,778.3,780.7,4.86,71.2,11.3,3.0,39.5,0.73,14.09,3.8,LANE_A,20000.0,-22.0,84.1,CRUISE_LOITER,LADAKH,1,0.25
1788419069.61,5146.6,2118.0,72.0,81.8,124.2,81.5,87.5,776.8,808.6,778.0,782.8,4.89,71.3,11.4,3.0,39.7,0.71,14.1,4.0,LANE_A,20000.0,-22.0,84.0,CRUISE_LOITER,LADAKH,1,0.25
1788419070.131,5148.7,2118.8,72.0,81.9,124.5,80.9,87.8,774.9,807.2,780.2,781.6,4.86,71.4,11.5,3.0,39.4,0.72,14.11,4.1,LANE_A,20000.0,-22.0,84.0,CRUISE_LOITER,LADAKH,1,0.25
1788419070.645,5150.1,2119.4,72.0,81.7,124.3,81.5,87.7,778.1,806.5,779.1,782.2,4.82,71.2,11.3,3.0,39.5,0.71,14.12,4.0,LANE_A,20000.0,-22.0,84.0,CRUISE_LOITER,LADAKH,1,0.25
1788419071.189,5139.1,2114.8,72.0,81.3,124.1,81.3,87.7,775.9,805.4,780.5,782.7,4.84,71.1,11.5,3.0,39.4,0.72,14.11,4.2,LANE_A,20000.0,-22.0,83.9,CRUISE_LOITER,LADAKH,1,0.25
1788419071.731,5145.9,2117.7,72.0,81.8,124.7,81.0,87.8,776.0,808.9,779.5,783.8,4.87,71.0,11.4,3.0,39.5,0.74,14.07,3.9,LANE_A,20000.0,-22.0,83.9,CRUISE_LOITER,LADAKH,1,0.25
1788419072.275,5166.9,2126.3,72.0,81.8,124.1,81.2,87.9,778.3,804.9,781.2,782.5,4.85,71.3,11.4,3.0,39.6,0.72,14.12,4.0,LANE_A,20000.0,-22.0,83.9,CRUISE_LOITER,LADAKH,1,0.25
1788419072.823,5143.3,2116.6,72.0,82.1,124.2,81.5,88.1,780.3,805.9,780.5,783.9,4.88,71.0,11.4,3.0,39.5,0.72,14.09,4.0,LANE_A,20000.0,-22.0,83.9,CRUISE_LOITER,LADAKH,1,0.25
1788419073.373,5149.1,2119.0,72.0,81.7,124.3,81.2,87.4,776.6,807.9,781.4,782.3,4.9,71.0,11.6,3.0,39.5,0.73,14.12,4.0,LANE_A,20000.0,-22.0,83.8,CRUISE_LOITER,LADAKH,1,0.25
1788419073.916,5167.0,2126.4,72.0,81.8,124.5,81.2,87.4,777.6,806.4,779.4,785.7,4.89,70.8,11.4,3.0,39.6,0.73,14.09,3.9,LANE_A,20000.0,-22.0,83.8,CRUISE_LOITER,LADAKH,1,0.25
1788419074.436,5152.5,2120.4,72.0,81.6,124.1,81.1,87.7,775.8,806.4,778.7,780.4,4.92,71.0,11.5,3.0,39.4,0.76,14.12,3.9,LANE_A,20000.0,-22.0,83.8,CRUISE_LOITER,LADAKH,1,0.25
1788419074.946,5173.6,2129.1,72.0,81.7,124.4,81.2,87.8,777.3,808.6,780.3,783.9,4.84,70.8,11.5,3.0,39.5,0.74,14.1,4.0,LANE_A,20000.0,-22.0,83.7,CRUISE_LOITER,LADAKH,1,0.25
1788419075.483,5145.8,2117.6,72.0,82.0,124.4,81.2,87.5,778.4,808.2,781.3,781.8,4.89,71.0,11.4,3.0,39.4,0.76,14.11,4.1,LANE_A,20000.0,-22.0,83.7,CRUISE_LOITER,LADAKH,1,0.25
1788419076.01,5153.3,2120.7,72.0,81.3,124.2,80.8,87.8,777.4,807.3,779.3,783.1,4.87,71.3,11.5,3.0,39.5,0.76,14.08,4.1,LANE_A,20000.0,-22.0,83.7,CRUISE_LOITER,LADAKH,1,0.25
1788419076.536,5123.9,2108.6,72.0,81.7,124.2,80.9,87.8,774.5,808.1,779.8,782.4,4.91,70.9,11.5,3.0,39.3,0.71,14.12,4.0,LANE_A,20000.0,-22.0,83.7,CRUISE_LOITER,LADAKH,1,0.25
1788419077.07,5140.8,2115.6,72.0,81.9,124.2,81.0,87.7,778.4,806.4,780.1,782.4,4.85,71.1,11.3,3.0,39.5,0.74,14.1,4.0,LANE_A,20000.0,-22.0,83.6,CRUISE_LOITER,LADAKH,1,0.25
1788419077.593,5146.9,2118.1,72.0,82.0,124.1,81.2,87.3,779.9,807.4,778.5,782.9,4.86,71.2,11.5,3.0,39.6,0.71,14.13,4.0,LANE_A,20000.0,-22.0,83.6,CRUISE_LOITER,LADAKH,1,0.25
1788419078.5,5151.8,2120.1,72.0,81.4,124.2,81.4,87.5,777.1,807.4,782.6,783.5,4.87,71.0,11.3,3.0,39.5,0.69,14.1,4.0,LANE_A,20000.0,-22.0,83.6,CRUISE_LOITER,LADAKH,1,0.25
1788419079.04,5156.9,2122.2,72.0,81.3,124.2,81.3,87.8,777.0,806.7,779.5,782.0,4.88,71.0,11.3,3.0,39.5,0.76,14.07,4.0,LANE_A,20000.0,-22.0,83.6,CRUISE_LOITER,LADAKH,1,0.25
1788419079.602,5155.9,2121.8,72.0,81.6,124.4,81.1,87.8,777.3,806.4,777.9,783.7,4.85,70.8,11.2,3.0,39.5,0.73,14.1,4.0,LANE_A,20000.0,-22.0,83.5,CRUISE_LOITER,LADAKH,1,0.25
1788419080.152,5143.7,2116.7,72.0,81.5,124.1,81.0,87.5,779.2,807.5,778.6,780.8,4.85,71.0,11.6,3.0,39.2,0.72,14.09,4.0,LANE_A,20000.0,-22.0,83.5,CRUISE_LOITER,LADAKH,1,0.25
1788419080.692,5148.5,2118.7,72.0,81.2,124.0,81.3,87.4,778.2,807.2,780.9,784.2,4.84,70.7,11.6,3.0,39.5,0.72,14.12,3.9,LANE_A,20000.0,-22.0,83.5,CRUISE_LOITER,LADAKH,1,0.25
1788419081.246,5148.9,2118.9,72.0,81.9,124.2,81.2,87.3,777.5,806.2,779.5,782.5,4.82,71.2,11.3,3.0,39.3,0.74,14.07,4.0,LANE_A,20000.0,-22.0,83.5,CRUISE_LOITER,LADAKH,1,0.25
1788419081.79,5143.4,2116.6,72.0,81.6,124.0,81.0,87.7,778.9,807.2,780.6,783.2,4.88,71.0,11.5,3.0,39.4,0.74,14.11,4.0,LANE_A,20000.0,-22.0,83.5,CRUISE_LOITER,LADAKH,1,0.25
1788419082.321,5127.2,2109.9,72.0,81.6,124.2,81.1,87.6,779.0,805.3,780.0,783.0,4.86,71.0,11.3,3.0,39.3,0.7,14.07,4.0,LANE_A,20000.0,-22.0,83.4,CRUISE_LOITER,LADAKH,1,0.25
1788419082.843,5145.8,2117.6,72.0,81.8,123.9,80.8,87.7,776.1,807.7,779.6,782.3,4.84,70.8,11.4,3.0,39.5,0.72,14.14,4.0,LANE_A,20000.0,-22.0,83.4,CRUISE_LOITER,LADAKH,1,0.25
1788419083.369,5138.6,2114.7,72.0,81.3,124.0,80.8,87.5,776.8,807.0,779.9,782.6,4.91,71.2,11.4,3.0,39.5,0.72,14.08,4.0,LANE_A,20000.0,-22.0,83.4,CRUISE_LOITER,LADAKH,1,0.25
1788419083.908,5150.4,2119.5,72.0,81.2,124.2,81.2,87.2,776.8,805.8,781.2,786.2,4.84,70.8,11.5,3.0,39.3,0.71,14.14,4.2,LANE_A,20000.0,-22.0,83.4,CRUISE_LOITER,LADAKH,1,0.25
1788419084.428,5149.3,2119.0,72.0,81.8,123.9,81.0,87.4,778.6,806.0,780.1,783.3,4.84,70.9,11.4,3.0,39.3,0.74,14.09,4.0,LANE_A,20000.0,-22.0,83.4,CRUISE_LOITER,LADAKH,1,0.25
1788419084.948,5129.3,2110.8,72.0,81.4,124.1,80.9,87.6,777.1,810.0,779.4,782.8,4.86,71.0,11.4,3.0,39.4,0.73,14.1,4.0,LANE_A,20000.0,-22.0,83.3,CRUISE_LOITER,LADAKH,1,0.25
1788419085.481,5153.0,2120.6,72.0,81.8,123.8,81.3,87.3,776.8,807.0,779.6,782.5,4.89,70.8,11.3,3.0,39.3,0.71,14.08,3.9,LANE_A,20000.0,-22.0,83.3,CRUISE_LOITER,LADAKH,1,0.25
1788419085.998,5142.7,2116.4,72.0,81.7,124.2,80.9,87.6,774.8,807.2,779.0,783.5,4.84,70.9,11.3,3.0,39.3,0.71,14.1,3.9,LANE_A,20000.0,-22.0,83.3,CRUISE_LOITER,LADAKH,1,0.25
1788419086.523,5156.0,2121.8,72.0,81.2,123.8,81.1,87.4,779.6,804.9,780.0,783.2,4.92,70.7,11.2,3.0,39.4,0.73,14.07,4.1,LANE_A,20000.0,-22.0,83.3,CRUISE_LOITER,LADAKH,1,0.25
1788419087.027,5152.7,2120.5,72.0,81.5,123.9,81.0,87.8,776.1,806.3,781.2,783.3,4.9,70.9,11.4,3.0,39.3,0.72,14.09,4.1,LANE_A,20000.0,-22.0,83.3,CRUISE_LOITER,LADAKH,1,0.25
1788419087.573,5154.1,2121.0,72.0,81.3,123.9,80.9,87.4,779.3,805.8,780.6,782.9,4.87,70.8,11.4,3.0,39.1,0.71,14.08,3.9,LANE_A,20000.0,-22.0,83.3,CRUISE_LOITER,LADAKH,1,0.25
1788419088.076,5153.1,2120.6,72.0,81.8,124.1,81.0,87.4,778.4,806.4,781.7,782.9,4.8,70.7,11.3,3.0,39.2,0.72,14.1,4.0,LANE_A,20000.0,-22.0,83.2,CRUISE_LOITER,LADAKH,1,0.25
1788419088.604,5151.3,2119.9,72.0,81.5,124.0,80.9,87.3,777.4,806.5,779.8,782.8,4.85,70.6,11.3,3.0,39.3,0.73,14.11,4.0,LANE_A,20000.0,-22.0,83.2,CRUISE_LOITER,LADAKH,1,0.25
1788419089.116,5141.7,2115.9,72.0,81.6,124.1,81.0,87.6,775.0,806.1,778.7,784.1,4.9,70.6,11.3,3.0,39.2,0.7,14.09,4.0,LANE_A,20000.0,-22.0,83.2,CRUISE_LOITER,LADAKH,1,0.25
1788419089.633,5124.2,2108.7,72.0,81.5,123.9,80.9,87.8,778.1,807.0,779.1,781.4,4.92,70.7,11.4,3.0,39.5,0.72,14.1,4.1,LANE_A,20000.0,-22.0,83.2,CRUISE_LOITER,LADAKH,1,0.25
1788419090.15,5132.9,2112.3,72.0,81.6,123.6,80.8,87.4,780.2,809.1,777.7,782.2,4.85,70.9,11.4,3.0,39.1,0.73,14.11,4.0,LANE_A,20000.0,-22.0,83.2,CRUISE_LOITER,LADAKH,1,0.25
1788419090.68,5175.4,2129.8,72.0,81.8,123.9,80.9,87.3,778.5,807.9,782.0,784.6,4.86,71.1,11.4,3.0,39.1,0.73,14.12,4.1,LANE_A,20000.0,-22.0,83.2,CRUISE_LOITER,LADAKH,1,0.25
1788419091.194,5139.0,2114.8,72.0,81.2,124.3,81.0,87.1,778.4,806.4,780.0,783.1,4.86,70.7,11.4,3.0,39.3,0.73,14.1,4.1,LANE_A,20000.0,-22.0,83.2,CRUISE_LOITER,LADAKH,1,0.25
1788419091.701,5143.4,2116.6,72.0,81.3,124.0,80.9,87.7,779.6,807.9,780.6,783.3,4.88,70.8,11.4,3.0,39.1,0.72,14.1,3.9,LANE_A,20000.0,-22.0,83.1,CRUISE_LOITER,LADAKH,1,0.25
1788419092.234,5134.5,2113.0,72.0,82.0,123.8,80.8,87.5,779.4,807.0,780.2,783.0,4.89,70.5,11.4,3.0,39.1,0.72,14.1,4.1,LANE_A,20000.0,-22.0,83.1,CRUISE_LOITER,LADAKH,1,0.25
1788419092.755,5133.3,2112.5,72.0,81.2,123.8,80.9,87.6,777.9,807.2,779.7,782.3,4.91,70.8,11.3,3.0,39.4,0.73,14.09,4.2,LANE_A,20000.0,-22.0,83.1,CRUISE_LOITER,LADAKH,1,0.25
1788419093.282,5133.4,2112.5,72.0,81.3,124.0,80.7,87.5,777.3,806.7,778.5,783.9,4.89,70.8,11.3,3.0,39.3,0.71,14.11,4.0,LANE_A,20000.0,-22.0,83.1,CRUISE_LOITER,LADAKH,1,0.25
1788419093.815,5131.0,2111.5,72.0,81.1,123.8,81.0,86.9,779.0,806.9,781.4,782.9,4.88,70.5,11.3,3.0,39.2,0.71,14.1,4.0,LANE_A,20000.0,-22.0,83.1,CRUISE_LOITER,LADAKH,1,0.25
1788419094.334,5137.7,2114.3,72.0,81.3,123.7,80.8,87.6,779.4,807.4,781.3,784.6,4.84,70.9,11.3,3.0,39.2,0.71,14.12,4.2,LANE_A,20000.0,-22.0,83.1,CRUISE_LOITER,LADAKH,1,0.25
1788419094.868,5126.8,2109.8,72.0,81.3,123.9,80.7,87.5,776.6,807.2,777.2,782.4,4.85,70.8,11.3,3.0,39.3,0.74,14.11,4.1,LANE_A,20000.0,-22.0,83.1,CRUISE_LOITER,LADAKH,1,0.25
1788419095.396,5107.9,2102.0,72.0,81.5,124.2,80.9,87.1,779.8,809.2,780.8,782.4,4.81,71.0,11.3,3.0,39.2,0.73,14.08,3.9,LANE_A,20000.0,-22.0,83.1,CRUISE_LOITER,LADAKH,1,0.25
1788419095.911,5139.0,2114.8,72.0,81.4,123.9,80.8,87.0,777.7,807.8,780.3,782.0,4.87,70.8,11.2,3.0,38.9,0.72,14.13,4.1,LANE_A,20000.0,-22.0,83.1,CRUISE_LOITER,LADAKH,1,0.25
1788419096.415,5165.0,2125.5,72.0,81.3,123.7,80.7,87.3,776.5,806.6,780.1,782.7,4.82,71.0,11.4,3.0,39.0,0.71,14.1,4.0,LANE_A,20000.0,-22.0,83.1,CRUISE_LOITER,LADAKH,1,0.25
1788419096.95,5148.9,2118.9,72.0,81.2,123.7,80.8,87.6,778.2,804.9,781.4,783.2,4.87,70.6,11.3,3.0,39.1,0.76,14.08,4.0,LANE_A,20000.0,-22.0,83.1,CRUISE_LOITER,LADAKH,1,0.25
1788419097.47,5134.6,2113.0,72.0,81.5,124.0,80.6,87.3,778.8,806.6,781.8,782.4,4.81,70.4,11.4,3.0,39.2,0.72,14.1,3.9,LANE_A,20000.0,-22.0,83.0,CRUISE_LOITER,LADAKH,1,0.25
1788419098.331,5141.7,2115.9,72.0,81.3,123.5,81.0,87.2,778.6,807.3,781.0,783.0,4.86,70.7,11.4,3.0,39.1,0.7,14.1,4.2,LANE_A,20000.0,-22.0,83.0,CRUISE_LOITER,LADAKH,1,0.25
1788419098.853,5146.5,2117.9,72.0,81.0,123.9,80.7,87.1,775.5,806.7,778.3,780.6,4.84,70.7,11.2,3.0,39.1,0.69,14.06,4.0,LANE_A,20000.0,-22.0,83.0,CRUISE_LOITER,LADAKH,1,0.25
1788419099.374,5142.6,2116.3,72.0,81.1,123.9,80.9,87.1,779.3,807.8,782.2,783.7,4.84,70.5,11.2,3.0,39.2,0.72,14.07,4.2,LANE_A,20000.0,-22.0,83.0,CRUISE_LOITER,LADAKH,1,0.25
1788419099.897,5122.8,2108.1,72.0,81.1,123.6,80.7,87.3,778.7,806.3,778.3,784.5,4.86,70.5,11.2,3.0,39.3,0.76,14.12,4.1,LANE_A,20000.0,-22.0,83.0,CRUISE_LOITER,LADAKH,1,0.25
1788419100.411,5118.9,2106.5,72.0,81.6,123.9,80.7,87.0,776.9,805.5,781.3,783.1,4.86,70.5,11.3,3.0,39.2,0.72,14.11,4.0,LANE_A,20000.0,-22.0,83.0,CRUISE_LOITER,LADAKH,1,0.25
1788419100.938,5128.5,2110.5,72.0,81.0,123.7,80.7,87.3,777.2,807.5,782.8,780.7,4.81,70.2,11.4,3.0,39.1,0.69,14.1,4.0,LANE_A,20000.0,-22.0,83.0,CRUISE_LOITER,LADAKH,1,0.25
1788419101.456,5127.9,2110.3,72.0,81.2,123.7,80.7,86.9,778.7,805.7,780.7,784.4,4.87,70.5,11.4,3.0,39.1,0.75,14.08,4.1,LANE_A,20000.0,-22.0,83.0,CRUISE_LOITER,LADAKH,1,0.25
1788419101.966,5123.8,2108.6,72.0,81.1,123.6,80.3,87.5,780.1,808.0,777.5,785.0,4.89,70.3,11.4,3.0,38.9,0.72,14.09,3.9,LANE_A,20000.0,-22.0,83.0,CRUISE_LOITER,LADAKH,1,0.25
1788419102.485,5148.6,2118.8,72.0,81.2,123.6,80.8,87.0,778.2,805.4,780.7,781.5,4.84,70.8,11.5,3.0,39.0,0.72,14.07,4.2,LANE_A,20000.0,-22.0,83.0,CRUISE_LOITER,LADAKH,1,0.25
1788419103.005,5122.5,2108.0,72.0,80.8,123.3,80.5,87.0,778.4,807.3,782.1,783.5,4.9,70.6,11.3,3.0,39.1,0.7,14.08,4.1,LANE_A,20000.0,-22.0,83.0,CRUISE_LOITER,LADAKH,1,0.25
1788419103.52,5145.6,2117.5,72.0,81.2,123.5,80.4,86.8,775.8,807.5,780.3,783.5,4.87,70.2,11.2,3.0,39.1,0.73,14.13,4.1,LANE_A,20000.0,-22.0,83.0,CRUISE_LOITER,LADAKH,1,0.25
1788419104.029,5140.2,2115.3,72.0,81.1,123.8,80.4,87.0,777.1,809.9,779.5,781.1,4.87,70.3,11.3,3.0,39.1,0.71,14.11,3.9,LANE_A,20000.0,-22.0,83.0,CRUISE_LOITER,LADAKH,1,0.25
1788419104.552,5127.5,2110.1,72.0,81.0,123.7,80.7,87.0,779.4,810.0,779.8,783.4,4.84,70.5,11.2,3.0,39.1,0.72,14.1,3.9,LANE_A,20000.0,-22.0,83.0,CRUISE_LOITER,LADAKH,1,0.25
1788419105.067,5133.3,2112.4,72.0,81.1,123.2,80.8,87.2,778.6,805.9,777.5,783.7,4.87,70.6,11.3,3.0,39.1,0.73,14.06,3.9,LANE_A,20000.0,-22.0,83.0,CRUISE_LOITER,LADAKH,1,0.25
1788419105.597,5146.0,2117.7,72.0,81.2,123.5,80.8,87.2,778.7,808.1,779.3,782.7,4.9,70.5,11.2,3.0,39.1,0.71,14.09,3.9,LANE_A,20000.0,-22.0,83.0,CRUISE_LOITER,LADAKH,1,0.25
1788419106.111,5148.3,2118.7,72.0,81.1,123.7,80.5,87.0,775.6,806.9,781.4,781.3,4.89,70.5,11.4,3.0,39.0,0.74,14.11,4.0,LANE_A,20000.0,-22.0,83.0,CRUISE_LOITER,LADAKH,1,0.25
1788419106.626,5151.1,2119.8,72.0,81.1,123.9,80.6,87.0,778.5,806.4,780.9,781.8,4.81,70.4,11.2,3.0,39.1,0.73,14.11,4.0,LANE_A,20000.0,-22.0,83.0,CRUISE_LOITER,LADAKH,1,0.25
1788419107.159,5131.4,2111.7,72.0,81.2,123.9,80.4,87.2,778.4,805.5,781.8,783.7,4.83,70.5,11.2,3.0,39.0,0.73,14.07,3.9,LANE_A,20000.0,-22.0,83.0,CRUISE_LOITER,LADAKH,1,0.25
1788419107.68,5155.7,2121.7,72.0,81.3,123.3,80.3,87.1,776.9,808.7,781.4,783.1,4.88,70.7,11.2,3.0,39.1,0.73,14.08,4.1,LANE_A,20000.0,-22.0,83.0,CRUISE_LOITER,LADAKH,1,0.25
1788419108.201,5138.3,2114.5,72.0,81.1,123.5,80.4,87.2,777.8,807.0,779.3,783.8,4.85,70.3,11.2,3.0,39.0,0.71,14.08,4.2,LANE_A,20000.0,-22.0,83.0,CRUISE_LOITER,LADAKH,1,0.25
1788419108.724,5134.3,2112.9,72.0,81.2,123.7,80.1,86.8,779.4,807.6,781.1,784.5,4.84,70.3,11.2,3.0,39.0,0.69,14.1,3.9,LANE_A,20000.0,-22.0,83.0,CRUISE_LOITER,LADAKH,1,0.25
1788419109.243,5135.2,2113.2,72.0,81.3,123.0,80.6,87.0,777.4,806.9,780.0,783.0,4.86,70.4,11.3,3.0,39.0,0.69,14.07,4.0,LANE_A,20000.0,-22.0,83.0,CRUISE_LOITER,LADAKH,1,0.25
1788419109.755,5139.9,2115.2,72.0,80.9,123.3,80.5,87.3,779.7,803.7,781.1,783.0,4.85,70.4,11.2,3.0,39.0,0.71,14.09,4.1,LANE_A,20000.0,-22.0,83.0,CRUISE_LOITER,LADAKH,1,0.25
1788419110.268,5126.6,2109.7,72.0,80.8,123.5,80.4,86.6,779.0,805.5,776.9,781.4,4.88,70.7,11.2,3.0,39.0,0.71,14.08,4.0,LANE_A,20000.0,-22.0,83.0,CRUISE_LOITER,LADAKH,1,0.25
1788419110.777,5126.8,2109.8,72.0,81.0,123.6,80.8,86.8,777.7,807.1,782.6,782.8,4.9,70.6,11.2,3.0,39.0,0.7,14.12,4.0,LANE_A,20000.0,-22.0,83.0,CRUISE_LOITER,LADAKH,1,0.25
1788419111.302,5160.1,2123.5,72.0,81.1,123.5,80.1,86.6,779.7,806.8,781.6,784.0,4.85,70.4,11.2,3.0,38.9,0.72,14.09,4.0,LANE_A,20000.0,-22.0,83.0,CRUISE_LOITER,LADAKH,1,0.25
1788419111.808,5123.1,2108.3,72.0,80.6,123.4,80.5,86.8,778.5,809.9,780.3,781.5,4.9,70.5,11.2,3.0,39.0,0.72,14.12,4.0,LANE_A,20000.0,-22.0,83.0,CRUISE_LOITER,LADAKH,1,0.25
1788419112.332,5131.8,2111.9,72.0,80.8,123.2,80.4,86.8,776.3,808.3,780.0,782.9,4.93,70.4,11.2,3.0,39.0,0.73,14.12,4.0,LANE_A,20000.0,-22.0,83.1,CRUISE_LOITER,LADAKH,1,0.25
1788419112.853,5135.7,2113.5,72.0,81.0,123.7,80.4,86.8,777.2,806.8,781.9,784.9,4.82,70.3,11.2,3.0,38.9,0.73,14.08,4.1,LANE_A,20000.0,-22.0,83.1,CRUISE_LOITER,LADAKH,1,0.25
1788419113.368,5116.4,2105.5,72.0,81.1,123.4,80.4,86.9,779.1,806.2,781.8,781.5,4.91,70.1,11.3,3.0,39.0,0.74,14.12,4.0,LANE_A,20000.0,-22.0,83.1,CRUISE_LOITER,LADAKH,1,0.25
1788419113.933,5135.1,2113.2,72.0,81.0,123.2,80.3,87.3,777.2,806.9,782.5,782.3,4.89,70.2,11.2,3.0,39.2,0.74,14.09,4.0,LANE_A,20000.0,-22.0,83.1,CRUISE_LOITER,LADAKH,1,0.25
1788419114.446,5144.0,2116.9,72.0,81.0,123.3,80.0,86.8,778.2,809.5,781.8,781.8,4.94,70.3,11.2,3.0,39.1,0.73,14.07,4.0,LANE_A,20000.0,-22.0,83.1,CRUISE_LOITER,LADAKH,1,0.25
1788419114.975,5128.5,2110.5,72.0,80.4,123.2,80.0,86.6,778.6,808.3,779.2,783.0,4.87,70.3,11.2,3.0,39.0,0.71,14.07,4.0,LANE_A,20000.0,-22.0,83.1,CRUISE_LOITER,LADAKH,1,0.25
1788419115.494,5129.7,2111.0,72.0,80.8,123.3,80.3,86.4,780.1,807.7,779.9,781.3,4.87,70.2,11.3,3.0,39.0,0.69,14.09,4.1,LANE_A,20000.0,-22.0,83.1,CRUISE_LOITER,LADAKH,1,0.25
1788419116.019,5139.1,2114.9,72.0,80.8,123.0,80.0,86.7,779.6,806.4,781.4,784.2,4.86,70.4,11.3,3.0,39.2,0.73,14.08,3.9,LANE_A,20000.0,-22.0,83.1,CRUISE_LOITER,LADAKH,1,0.25
1788419116.539,5124.4,2108.8,72.0,80.9,123.2,80.4,86.5,779.8,807.5,779.8,782.2,4.88,70.2,11.2,3.0,39.1,0.73,14.08,3.8,LANE_A,20000.0,-22.0,83.1,CRUISE_LOITER,LADAKH,1,0.25
1788419117.05,5131.6,2111.8,72.0,80.5,123.4,80.5,86.9,780.5,806.7,779.1,781.9,4.84,69.9,11.2,3.0,38.9,0.74,14.08,4.0,LANE_A,20000.0,-22.0,83.1,CRUISE_LOITER,LADAKH,1,0.25
1788419117.573,5156.2,2121.9,72.0,80.9,122.9,80.5,86.8,776.9,806.7,782.5,785.2,4.86,70.1,11.2,3.0,39.0,0.71,14.11,4.1,LANE_A,20000.0,-22.0,83.2,CRUISE_LOITER,LADAKH,1,0.25
1788419118.512,5122.2,2107.9,72.0,80.8,123.2,80.4,86.8,777.4,805.7,778.7,784.1,4.9,70.1,11.2,3.0,39.1,0.68,14.1,4.0,LANE_A,20000.0,-22.0,83.2,CRUISE_LOITER,LADAKH,1,0.25
1788419119.034,5109.6,2102.7,72.0,81.0,123.2,80.3,86.8,777.7,807.4,779.7,784.3,4.83,70.3,11.2,3.0,38.8,0.7,14.14,4.1,LANE_A,20000.0,-22.0,83.2,CRUISE_LOITER,LADAKH,1,0.25
1788419119.547,5138.7,2114.7,72.0,80.5,123.3,80.2,86.6,780.4,808.0,778.9,784.4,4.86,70.2,11.3,3.0,39.0,0.7,14.13,4.0,LANE_A,20000.0,-22.0,83.2,CRUISE_LOITER,LADAKH,1,0.25
1788419120.055,5143.0,2116.5,72.0,80.9,122.9,80.1,86.7,776.1,804.9,782.2,783.8,4.83,70.3,11.2,3.0,39.2,0.7,14.1,3.9,LANE_A,20000.0,-22.0,83.2,CRUISE_LOITER,LADAKH,1,0.25
1788419120.59,5129.6,2110.9,72.0,80.5,123.3,80.2,86.7,778.2,810.1,780.7,782.6,4.85,70.1,11.2,3.0,38.9,0.73,14.13,4.1,LANE_A,20000.0,-22.0,83.2,CRUISE_LOITER,LADAKH,1,0.25
1788419121.11,5121.2,2107.5,72.0,80.7,123.0,80.0,86.6,778.9,805.6,779.6,782.8,4.82,70.2,11.2,3.0,38.9,0.73,14.12,4.2,LANE_A,20000.0,-22.0,83.2,CRUISE_LOITER,LADAKH,1,0.25
1788419121.643,5089.7,2094.5,72.0,81.0,122.9,80.3,86.7,777.8,807.6,780.0,782.0,4.84,69.9,11.1,3.0,38.7,0.73,14.08,4.2,LANE_A,20000.0,-22.0,83.3,CRUISE_LOITER,LADAKH,1,0.25
1788419122.185,5107.6,2101.9,72.0,80.7,123.2,79.8,86.7,777.6,808.3,777.5,783.3,4.82,70.1,11.2,3.0,38.9,0.71,14.09,4.2,LANE_A,20000.0,-22.0,83.3,CRUISE_LOITER,LADAKH,1,0.25
1788419122.703,5123.7,2108.5,72.0,80.5,123.3,80.2,86.5,776.6,807.1,780.8,785.8,4.88,69.9,11.3,3.0,38.8,0.73,14.09,3.9,LANE_A,20000.0,-22.0,83.3,CRUISE_LOITER,LADAKH,1,0.25
1788419123.22,5142.0,2116.1,72.0,80.1,123.1,80.0,86.8,778.4,806.8,781.8,783.1,4.88,70.2,11.3,3.0,38.9,0.7,14.11,3.9,LANE_A,20000.0,-22.0,83.3,CRUISE_LOITER,LADAKH,1,0.25
1788419123.746,5112.6,2103.9,72.0,80.1,123.1,80.1,86.5,778.4,807.5,779.4,783.1,4.9,70.4,11.2,3.0,39.0,0.74,14.09,4.2,LANE_A,20000.0,-22.0,83.3,CRUISE_LOITER,LADAKH,1,0.25
1788419124.272,5117.0,2105.8,72.0,80.9,123.4,80.3,86.6,778.8,807.2,779.6,783.2,4.84,70.0,11.1,3.0,38.8,0.7,14.08,4.1,LANE_A,20000.0,-22.0,83.3,CRUISE_LOITER,LADAKH,1,0.25
1788419124.803,5125.2,2109.1,72.0,80.8,123.0,80.0,86.3,781.7,806.8,780.9,783.8,4.83,69.9,11.2,3.0,39.0,0.7,14.09,4.2,LANE_A,20000.0,-22.0,83.4,CRUISE_LOITER,LADAKH,1,0.25
1788419125.327,5122.9,2108.2,72.0,80.6,122.6,80.2,86.6,777.9,807.9,781.7,782.2,4.86,70.3,11.2,3.0,38.9,0.74,14.1,4.0,LANE_A,20000.0,-22.0,83.4,CRUISE_LOITER,LADAKH,1,0.25
1788419125.829,5126.2,2109.6,72.0,80.5,123.1,79.7,86.5,778.5,807.9,781.8,782.2,4.91,70.1,11.2,3.0,39.1,0.7,14.11,4.0,LANE_A,20000.0,-22.0,83.4,CRUISE_LOITER,LADAKH,1,0.25
1788419126.341,5108.9,2102.4,72.0,80.4,123.1,80.0,86.6,776.7,808.9,780.4,783.1,4.97,70.0,11.2,3.0,38.8,0.72,14.11,4.0,LANE_A,20000.0,-22.0,83.4,CRUISE_LOITER,LADAKH,1,0.25
1788419126.847,5117.8,2106.1,72.0,80.9,123.0,79.9,86.5,779.5,806.6,783.2,781.0,4.87,69.9,11.2,3.0,38.8,0.71,14.12,4.0,LANE_A,20000.0,-22.0,83.4,CRUISE_LOITER,LADAKH,1,0.25
1788419127.355,5138.7,2114.7,72.0,80.3,123.1,80.1,86.2,779.1,806.3,781.9,783.0,4.86,69.9,11.1,3.0,38.8,0.71,14.1,3.9,LANE_A,20000.0,-22.0,83.5,CRUISE_LOITER,LADAKH,1,0.25
1788419127.861,5111.6,2103.6,72.0,80.7,122.9,80.0,86.0,777.2,808.5,779.8,783.4,4.86,69.9,11.3,3.0,38.8,0.72,14.08,4.0,LANE_A,20000.0,-22.0,83.5,CRUISE_LOITER,LADAKH,1,0.25
1788419128.38,5111.8,2103.6,72.0,80.2,123.0,80.3,86.2,776.4,806.0,779.8,785.3,4.88,69.7,11.2,3.0,39.1,0.71,14.12,4.1,LANE_A,20000.0,-22.0,83.5,CRUISE_LOITER,LADAKH,1,0.25
1788419128.879,5130.3,2111.2,72.0,80.6,122.9,79.8,86.3,779.8,807.4,780.3,781.7,4.87,69.8,11.1,3.0,38.8,0.69,14.08,4.0,LANE_A,20000.0,-22.0,83.5,CRUISE_LOITER,LADAKH,1,0.25
1788419129.386,5121.5,2107.6,72.0,80.1,122.9,80.2,86.2,777.1,808.7,781.3,784.0,4.83,69.7,11.1,3.0,38.9,0.74,14.12,4.1,LANE_A,20000.0,-22.0,83.5,CRUISE_LOITER,LADAKH,1,0.25
1788419129.907,5128.5,2110.5,72.0,80.4,123.0,80.0,86.5,778.0,808.2,780.3,784.2,4.83,70.1,11.1,3.0,39.0,0.73,14.11,3.9,LANE_A,20000.0,-22.0,83.6,CRUISE_LOITER,LADAKH,1,0.25
1788419130.433,5116.1,2105.4,72.0,80.6,122.7,79.8,86.7,779.7,809.1,779.8,784.2,4.87,69.8,11.1,3.0,38.5,0.71,14.13,4.2,LANE_A,20000.0,-22.0,83.6,CRUISE_LOITER,LADAKH,1,0.25
1788419130.96,5105.0,2100.8,72.0,80.2,122.9,80.1,86.4,777.5,809.5,780.2,782.0,4.82,69.7,11.1,3.0,38.9,0.68,14.09,4.1,LANE_A,20000.0,-22.0,83.6,CRUISE_LOITER,LADAKH,1,0.25
1788419131.482,5087.0,2093.4,72.0,80.2,122.8,79.8,86.0,777.5,809.9,783.3,786.8,4.84,69.9,11.1,3.0,39.0,0.73,14.11,4.2,LANE_A,20000.0,-22.0,83.6,CRUISE_LOITER,LADAKH,1,0.25
1788419132.004,5132.1,2112.0,72.0,80.1,123.0,79.7,86.3,779.5,806.5,780.2,787.1,4.93,69.6,11.2,3.0,38.8,0.74,14.12,4.2,LANE_A,20000.0,-22.0,83.7,CRUISE_LOITER,LADAKH,1,0.25
1788419132.522,5121.4,2107.6,72.0,80.3,122.9,80.0,86.6,780.6,806.1,780.3,784.2,4.92,69.8,11.1,3.0,39.0,0.71,14.1,4.1,LANE_A,20000.0,-22.0,83.7,CRUISE_LOITER,LADAKH,1,0.25
1788419133.04,5137.6,2114.2,72.0,80.7,122.9,79.5,86.1,778.8,807.5,781.3,782.7,4.84,69.9,11.2,3.0,38.8,0.73,14.09,4.0,LANE_A,20000.0,-22.0,83.7,CRUISE_LOITER,LADAKH,1,0.25
1788419133.55,5111.3,2103.4,72.0,80.2,122.5,79.7,86.1,777.5,807.9,779.2,784.5,4.88,69.7,11.1,3.0,38.9,0.74,14.11,3.9,LANE_A,20000.0,-22.0,83.7,CRUISE_LOITER,LADAKH,1,0.25
1788419134.066,5118.6,2106.4,72.0,80.4,122.9,79.8,86.6,779.6,808.6,781.1,780.9,4.8,69.7,11.2,3.0,38.9,0.71,14.12,4.0,LANE_A,20000.0,-22.0,83.8,CRUISE_LOITER,LADAKH,1,0.25
1788419134.588,5106.4,2101.4,72.0,80.1,122.8,79.9,86.5,778.2,806.0,781.3,783.1,4.79,69.9,11.2,3.0,38.8,0.71,14.11,4.2,LANE_A,20000.0,-22.0,83.8,CRUISE_LOITER,LADAKH,1,0.25
1788419135.111,5103.5,2100.2,72.0,80.1,122.6,79.5,86.1,780.1,810.0,780.4,782.3,4.89,69.8,11.1,3.0,39.0,0.71,14.08,4.2,LANE_A,20000.0,-22.0,83.8,CRUISE_LOITER,LADAKH,1,0.25
1788419135.626,5131.1,2111.6,72.0,80.3,122.4,80.0,86.0,777.5,809.1,781.6,784.1,4.89,69.7,11.1,3.0,38.9,0.73,14.09,4.0,LANE_A,20000.0,-22.0,83.8,CRUISE_LOITER,LADAKH,1,0.25
1788419136.131,5137.5,2114.2,72.0,80.1,122.6,79.6,86.3,778.4,807.1,780.7,782.8,4.87,69.4,11.1,3.0,38.8,0.71,14.07,4.1,LANE_A,20000.0,-22.0,83.9,CRUISE_LOITER,LADAKH,1,0.25
1788419136.666,5111.2,2103.4,72.0,80.1,122.7,79.6,86.0,779.2,808.0,779.8,784.7,4.9,69.8,11.0,3.0,38.8,0.7,14.1,4.1,LANE_A,20000.0,-22.0,83.9,CRUISE_LOITER,LADAKH,1,0.25
1788419137.187,5141.7,2115.9,72.0,79.9,122.2,79.9,86.1,777.4,806.3,780.4,782.7,4.84,69.8,11.3,3.0,38.9,0.71,14.11,4.1,LANE_A,20000.0,-22.0,83.9,CRUISE_LOITER,LADAKH,1,0.25
1788419138.1,5136.1,2113.6,72.0,79.7,122.6,79.5,86.1,779.3,809.0,781.4,783.6,4.87,69.8,11.2,3.0,38.9,0.73,14.12,4.1,LANE_A,20000.0,-22.0,84.0,CRUISE_LOITER,LADAKH,1,0.25
1788419138.61,5124.6,2108.9,72.0,80.1,122.7,79.6,85.7,777.8,806.7,779.5,784.3,4.86,69.6,11.2,3.0,39.0,0.76,14.06,4.0,LANE_A,20000.0,-22.0,84.0,CRUISE_LOITER,LADAKH,1,0.25
1788419139.128,5118.3,2106.3,72.0,80.2,122.8,79.6,86.1,777.7,809.4,779.9,784.5,4.87,69.5,11.1,3.0,38.8,0.7,14.1,4.0,LANE_A,20000.0,-22.0,84.0,CRUISE_LOITER,LADAKH,1,0.25
1788419139.65,5115.2,2105.0,72.0,80.1,122.5,79.5,85.9,778.2,807.7,778.9,784.2,4.93,69.2,11.1,3.0,38.7,0.76,14.1,4.0,LANE_A,20000.0,-22.0,84.0,CRUISE_LOITER,LADAKH,1,0.25
1788419140.172,5109.6,2102.7,72.0,80.2,122.7,79.6,86.2,776.7,808.4,780.3,786.6,4.86,69.7,11.2,3.0,38.9,0.72,14.08,4.0,LANE_A,20000.0,-22.0,84.1,CRUISE_LOITER,LADAKH,1,0.25
1788419140.691,5106.5,2101.4,72.0,80.2,122.3,79.5,86.3,776.6,808.7,781.1,784.3,4.91,69.7,11.4,3.0,38.7,0.73,14.11,3.8,LANE_A,20000.0,-22.0,84.1,CRUISE_LOITER,LADAKH,1,0.25
1788419141.202,5130.7,2111.4,72.0,80.1,122.6,79.1,86.1,779.9,808.6,780.8,784.3,4.9,69.9,11.1,3.0,38.6,0.72,14.14,3.9,LANE_A,20000.0,-22.0,84.1,CRUISE_LOITER,LADAKH,1,0.25
1788419141.715,5111.4,2103.4,72.0,80.0,122.2,79.5,86.1,777.6,808.7,781.9,781.0,4.91,69.5,11.1,3.0,38.8,0.71,14.09,3.8,LANE_A,20000.0,-22.0,84.2,CRUISE_LOITER,LADAKH,1,0.25
1788419142.23,5127.5,2110.1,72.0,80.1,122.5,79.8,86.0,777.4,807.2,781.0,782.7,4.91,69.5,11.2,3.0,38.8,0.74,14.11,4.0,LANE_A,20000.0,-22.0,84.2,CRUISE_LOITER,LADAKH,1,0.25
1788419142.762,5102.6,2099.8,72.0,79.8,122.7,79.7,85.9,779.2,805.4,782.0,788.3,4.85,69.5,11.1,3.0,38.6,0.72,14.08,4.1,LANE_A,20000.0,-22.0,84.2,CRUISE_LOITER,LADAKH,1,0.25
1788419143.279,5127.3,2110.0,72.0,80.1,122.3,79.5,85.9,778.7,806.8,779.0,783.4,4.8,69.6,11.2,3.0,38.8,0.71,14.09,3.9,LANE_A,20000.0,-22.0,84.3,CRUISE_LOITER,LADAKH,1,0.25
1788419143.785,5123.9,2108.6,72.0,79.7,122.7,79.4,85.8,779.6,807.0,781.5,784.4,4.83,69.5,11.2,3.0,39.0,0.7,14.1,4.0,LANE_A,20000.0,-22.0,84.3,CRUISE_LOITER,LADAKH,1,0.25
1788419144.304,5115.3,2105.1,72.0,80.0,122.4,79.8,85.8,778.6,806.8,780.0,782.9,4.87,69.5,11.2,3.0,38.9,0.72,14.11,4.2,LANE_A,20000.0,-22.0,84.3,CRUISE_LOITER,LADAKH,1,0.25
1788419144.824,5122.3,2107.9,72.0,79.7,122.4,79.4,85.7,777.7,808.3,781.9,782.9,4.86,69.3,11.1,3.0,38.7,0.71,14.07,4.2,LANE_A,20000.0,-22.0,84.4,CRUISE_LOITER,LADAKH,1,0.25
1788419145.632,5118.3,2106.3,72.0,80.2,122.3,79.4,85.5,777.7,808.3,780.3,783.9,4.83,69.8,11.1,3.0,38.8,0.72,14.11,4.2,LANE_A,20000.0,-22.0,84.4,CRUISE_LOITER,LADAKH,1,0.25
1788419146.15,5127.1,2109.9,72.0,80.0,122.5,79.3,85.8,778.0,807.7,780.8,783.7,4.9,69.6,11.2,3.0,38.9,0.74,14.1,4.0,LANE_A,20000.0,-22.0,84.4,CRUISE_LOITER,LADAKH,1,0.25
1788419146.662,5106.6,2101.5,72.0,79.8,122.2,79.2,85.8,776.8,809.5,783.4,780.7,4.89,69.3,11.2,3.0,38.8,0.7,14.1,3.9,LANE_A,20000.0,-22.0,84.5,CRUISE_LOITER,LADAKH,1,0.25
1788419147.171,5098.5,2098.1,72.0,79.5,122.3,79.2,85.8,777.2,805.9,779.1,782.6,4.86,69.5,11.2,3.0,38.6,0.71,14.12,4.0,LANE_A,20000.0,-22.0,84.5,CRUISE_LOITER,LADAKH,1,0.25
1788419147.687,5119.4,2106.7,72.0,79.6,122.6,79.3,86.0,778.6,808.0,780.7,784.7,4.84,69.4,11.1,3.0,38.6,0.7,14.13,4.1,LANE_A,20000.0,-22.0,84.5,CRUISE_LOITER,LADAKH,1,0.25
1788419148.203,5102.8,2099.9,72.0,79.5,122.4,79.0,85.7,777.0,809.1,778.0,783.0,4.85,69.4,11.1,3.0,38.8,0.72,14.08,4.2,LANE_A,20000.0,-22.0,84.6,CRUISE_LOITER,LADAKH,1,0.25
1788419148.72,5125.2,2109.1,72.0,79.9,122.2,79.4,85.7,780.7,810.0,781.1,785.4,4.87,69.4,11.1,3.0,38.7,0.72,14.1,4.1,LANE_A,20000.0,-22.0,84.6,CRUISE_LOITER,LADAKH,1,0.25
1788419149.239,5138.0,2114.4,72.0,80.0,122.4,79.3,85.7,780.0,806.3,781.6,783.7,4.82,69.4,10.9,3.0,38.6,0.67,14.08,4.0,LANE_A,20000.0,-22.0,84.7,CRUISE_LOITER,LADAKH,1,0.25
1788419149.754,5114.1,2104.6,72.0,79.8,122.4,79.3,85.8,778.1,808.2,779.9,783.1,4.89,69.4,11.2,3.0,38.7,0.72,14.12,3.9,LANE_A,20000.0,-22.0,84.7,CRUISE_LOITER,LADAKH,1,0.25
1788419150.27,5113.0,2104.1,72.0,79.7,122.3,79.2,85.6,779.9,806.6,779.0,784.7,4.87,69.3,11.1,3.0,38.7,0.72,14.12,4.1,LANE_A,20000.0,-22.0,84.7,CRUISE_LOITER,LADAKH,1,0.25
1788419150.801,5090.6,2094.9,72.0,79.7,122.1,79.4,86.1,778.4,809.2,780.9,784.4,4.85,69.2,11.0,3.0,38.8,0.7,14.09,4.2,LANE_A,20000.0,-22.0,84.8,CRUISE_LOITER,LADAKH,1,0.25
1788419151.313,5106.1,2101.3,72.0,79.9,122.0,79.5,85.8,778.8,806.2,779.6,783.7,4.85,69.5,11.1,3.0,38.8,0.71,14.1,4.1,LANE_A,20000.0,-22.0,84.8,CRUISE_LOITER,LADAKH,1,0.25
1788419151.831,5094.7,2096.6,72.0,79.9,122.4,79.4,85.8,779.7,810.8,780.8,783.2,4.89,69.4,11.2,3.0,38.8,0.71,14.09,4.1,LANE_A,20000.0,-22.0,84.8,CRUISE_LOITER,LADAKH,1,0.25
1788419152.349,5125.2,2109.1,72.0,79.6,122.5,79.2,85.5,779.8,807.5,782.7,785.0,4.97,69.1,11.1,3.0,38.8,0.68,14.08,4.0,LANE_A,20000.0,-22.0,84.9,CRUISE_LOITER,LADAKH,1,0.25
1788419152.857,5113.7,2104.4,72.0,80.0,122.1,79.1,85.8,777.7,807.4,781.2,783.3,4.86,69.2,11.2,3.0,38.8,0.72,14.08,4.0,LANE_A,20000.0,-22.0,84.9,CRUISE_LOITER,LADAKH,1,0.25
1788419153.377,5117.5,2106.0,72.0,79.9,122.2,78.7,85.5,778.8,808.0,782.2,782.0,4.87,69.1,11.1,3.0,38.7,0.7,14.1,4.2,LANE_A,20000.0,-22.0,85.0,CRUISE_LOITER,LADAKH,1,0.25
1788419153.892,5114.0,2104.5,72.0,79.6,122.0,79.5,86.1,779.9,806.9,781.0,784.2,4.89,69.2,11.0,3.0,39.0,0.74,14.1,3.9,LANE_A,20000.0,-22.0,85.0,CRUISE_LOITER,LADAKH,1,0.25
1788419154.414,5100.1,2098.8,72.0,79.5,122.4,78.9,85.6,779.4,805.7,782.8,784.7,4.83,69.1,11.1,3.0,38.7,0.71,14.1,3.9,LANE_A,20000.0,-22.0,85.0,CRUISE_LOITER,LADAKH,1,0.25
1788419154.919,5118.8,2106.5,72.0,79.6,122.3,78.8,85.6,778.0,808.5,780.8,783.3,4.86,69.4,11.1,3.0,38.9,0.7,14.07,4.3,LANE_A,20000.0,-22.0,85.1,CRUISE_LOITER,LADAKH,1,0.25
1788419155.441,5121.6,2107.7,72.0,79.1,122.0,79.1,85.4,779.4,808.2,782.3,783.8,4.82,68.9,11.1,3.0,38.8,0.72,14.08,4.0,LANE_A,20000.0,-22.0,85.1,CRUISE_LOITER,LADAKH,1,0.25
1788419155.947,5120.4,2107.2,72.0,79.8,121.9,79.1,85.2,777.9,807.4,781.7,785.8,4.91,69.2,11.1,3.0,38.8,0.73,14.09,4.0,LANE_A,20000.0,-22.0,85.2,CRUISE_LOITER,LADAKH,1,0.25
1788419156.468,5123.9,2108.6,72.0,79.7,122.2,79.0,85.8,781.6,808.2,780.5,784.3,4.88,69.1,11.1,3.0,38.6,0.73,14.11,4.0,LANE_A,20000.0,-22.0,85.2,CRUISE_LOITER,LADAKH,1,0.25
1788419157.001,5119.5,2106.8,72.0,79.2,122.2,78.9,85.7,779.4,808.7,783.0,784.8,4.88,69.5,11.2,3.0,38.7,0.73,14.09,4.0,LANE_A,20000.0,-22.0,85.2,CRUISE_LOITER,LADAKH,1,0.25
1788419157.509,5109.0,2102.5,72.0,79.8,121.9,78.7,85.5,778.4,808.7,780.1,784.4,4.87,69.2,11.1,3.0,38.8,0.71,14.09,4.0,LANE_A,20000.0,-22.0,85.3,CRUISE_LOITER,LADAKH,1,0.25
1788419158.413,5107.8,2102.0,72.0,79.5,122.0,78.7,85.7,780.1,806.7,782.0,782.2,4.83,69.1,11.1,3.0,38.5,0.73,14.11,4.1,LANE_A,20000.0,-22.0,85.3,CRUISE_LOITER,LADAKH,1,0.25
1788419158.929,5110.3,2103.0,72.0,79.5,122.0,79.1,85.4,778.7,809.2,781.6,783.9,4.87,69.0,11.0,3.0,38.7,0.72,14.09,4.1,LANE_A,20000.0,-22.0,85.4,CRUISE_LOITER,LADAKH,1,0.25
1788419159.443,5133.1,2112.4,72.0,79.3,121.6,79.1,85.4,779.2,806.7,779.3,783.8,4.84,69.1,11.1,3.0,38.7,0.72,14.1,4.1,LANE_A,20000.0,-22.0,85.4,CRUISE_LOITER,LADAKH,1,0.25
1788419159.958,5107.2,2101.7,72.0,80.0,122.0,79.0,85.6,780.9,809.7,780.2,784.4,4.91,68.9,11.2,3.0,38.5,0.76,14.1,3.9,LANE_A,20000.0,-22.0,85.5,CRUISE_LOITER,LADAKH,1,0.25
1788419160.473,5126.1,2109.5,72.0,79.6,122.1,78.9,85.9,777.7,807.8,779.4,783.1,4.86,69.4,11.1,3.0,38.7,0.71,14.11,4.0,LANE_A,20000.0,-22.0,85.5,CRUISE_LOITER,LADAKH,1,0.25
1788419160.985,5127.0,2109.9,72.0,79.2,121.9,79.0,85.4,779.0,806.9,780.6,782.8,4.87,69.3,11.1,3.0,38.5,0.72,14.06,4.2,LANE_A,20000.0,-22.0,85.5,CRUISE_LOITER,LADAKH,1,0.25
1788419161.507,5093.2,2096.0,72.0,79.2,121.7,78.8,85.8,778.7,809.6,783.5,784.4,4.95,68.9,11.2,3.0,38.9,0.72,14.09,4.1,LANE_A,20000.0,-22.0,85.6,CRUISE_LOITER,LADAKH,1,0.25
1788419162.033,5091.3,2095.2,72.0,79.4,122.0,79.0,85.1,778.8,809.1,780.9,783.6,4.84,69.4,11.2,3.0,38.7,0.71,14.1,3.9,LANE_A,20000.0,-22.0,85.6,CRUISE_LOITER,LADAKH,1,0.25
1788419162.545,5126.9,2109.8,72.0,79.3,122.0,78.7,85.4,780.1,807.3,781.2,784.5,4.88,69.0,11.0,3.0,38.7,0.74,14.11,4.0,LANE_A,20000.0,-22.0,85.7,CRUISE_LOITER,LADAKH,1,0.25
1788419163.061,5116.7,2105.6,72.0,79.6,121.6,78.7,85.5,779.7,808.6,778.3,783.2,4.91,68.9,11.0,3.0,38.8,0.73,14.11,4.1,LANE_A,20000.0,-22.0,85.7,CRUISE_LOITER,LADAKH,1,0.25
1788419163.573,5092.1,2095.5,72.0,79.5,122.0,78.6,85.0,778.4,809.3,781.3,783.0,4.9,69.2,11.1,3.0,38.8,0.71,14.1,3.9,LANE_A,20000.0,-22.0,85.8,CRUISE_LOITER,LADAKH,1,0.25
1788419164.091,5120.4,2107.2,72.0,79.5,121.8,79.1,85.7,777.9,809.0,779.5,783.6,4.85,69.0,11.2,3.0,38.7,0.71,14.03,4.3,LANE_A,20000.0,-22.0,85.8,CRUISE_LOITER,LADAKH,1,0.25
1788419164.606,5126.6,2109.7,72.0,79.4,121.8,78.6,85.3,779.9,809.3,782.0,781.3,4.85,68.9,11.1,3.0,38.7,0.71,14.12,4.0,LANE_A,20000.0,-22.0,85.9,CRUISE_LOITER,LADAKH,1,0.25
1788419165.13,5098.0,2098.0,72.0,79.3,121.9,78.7,85.5,779.9,807.1,778.1,783.4,4.9,68.7,11.2,3.0,38.7,0.71,14.1,4.1,LANE_A,20000.0,-22.0,85.9,CRUISE_LOITER,LADAKH,1,0.25
1788419165.643,5108.8,2102.4,72.0,79.5,121.7,78.9,85.2,778.6,808.1,783.2,782.7,4.92,68.9,11.1,3.0,38.9,0.72,14.1,4.2,LANE_A,20000.0,-22.0,85.9,CRUISE_LOITER,LADAKH,1,0.25
1788419166.156,5089.6,2094.5,72.0,79.4,121.8,78.8,85.3,779.4,807.2,781.7,783.8,4.9,68.9,11.3,3.0,38.9,0.72,14.08,3.9,LANE_A,20000.0,-22.0,86.0,CRUISE_LOITER,LADAKH,1,0.25
1788419166.684,5102.6,2099.9,72.0,78.9,121.6,78.7,85.2,776.8,808.9,781.1,786.2,4.84,69.0,10.9,3.0,38.9,0.72,14.1,4.0,LANE_A,20000.0,-22.0,86.0,CRUISE_LOITER,LADAKH,1,0.25
1788419167.199,5110.1,2102.9,72.0,79.4,121.8,78.4,85.2,778.5,805.5,782.7,782.6,4.89,68.8,11.1,3.0,38.7,0.7,14.1,3.9,LANE_A,20000.0,-22.0,86.1,CRUISE_LOITER,LADAKH,1,0.25
1788419167.715,5112.0,2103.7,72.0,78.7,121.8,78.6,85.2,780.2,807.7,783.4,784.1,4.85,69.1,11.1,3.0,38.6,0.7,14.09,4.1,LANE_A,20000.0,-22.0,86.1,CRUISE_LOITER,LADAKH,1,0.25
1788419168.23,5110.3,2103.0,72.0,79.5,121.3,78.6,85.3,779.4,807.3,781.2,786.3,4.88,68.9,11.2,3.0,38.4,0.7,14.05,4.1,LANE_A,20000.0,-22.0,86.2,CRUISE_LOITER,LADAKH,1,0.25
1788419168.734,5098.2,2098.0,72.0,79.5,121.6,78.7,85.4,779.0,809.7,782.5,783.1,4.87,68.7,11.1,3.0,38.6,0.72,14.11,4.0,LANE_A,20000.0,-22.0,86.2,CRUISE_LOITER,LADAKH,1,0.25
1788419169.258,5090.7,2094.9,72.0,79.0,121.6,79.0,85.0,778.2,807.0,782.9,785.3,4.81,68.8,11.0,3.0,38.6,0.72,14.12,4.1,LANE_A,20000.0,-22.0,86.3,CRUISE_LOITER,LADAKH,1,0.25
1788419169.79,5103.2,2100.1,72.0,79.1,121.7,78.8,85.2,779.6,808.1,780.8,782.8,4.9,68.9,11.1,3.0,38.8,0.73,14.08,3.9,LANE_A,20000.0,-22.0,86.3,CRUISE_LOITER,LADAKH,1,0.25
1788419170.335,5106.2,2101.3,72.0,79.4,121.6,78.8,85.0,779.4,805.7,780.0,786.3,4.87,68.7,11.0,3.0,38.7,0.76,14.09,4.1,LANE_A,20000.0,-22.0,86.4,CRUISE_LOITER,LADAKH,1,0.25
1788419170.875,5117.0,2105.7,72.0,78.8,121.6,78.2,84.5,779.1,808.5,781.4,782.4,4.92,69.0,11.1,3.0,38.7,0.73,14.09,4.1,LANE_A,20000.0,-22.0,86.4,CRUISE_LOITER,LADAKH,1,0.25
1788419171.454,5094.2,2096.4,72.0,79.3,121.4,78.6,85.1,777.8,809.1,781.5,784.2,4.89,68.7,11.1,3.0,38.9,0.72,14.09,4.1,LANE_A,20000.0,-22.0,86.5,CRUISE_LOITER,LADAKH,1,0.25
1788419171.976,5108.1,2102.1,72.0,79.2,121.7,78.7,85.3,779.9,807.1,783.6,782.4,4.91,68.8,11.1,3.0,38.6,0.72,14.11,4.0,LANE_A,20000.0,-22.0,86.5,CRUISE_LOITER,LADAKH,1,0.25
1788419172.483,5124.3,2108.8,72.0,79.2,121.4,78.4,85.0,780.6,807.1,781.8,783.3,4.88,68.8,11.0,3.0,38.8,0.71,14.1,3.9,LANE_A,20000.0,-22.0,86.6,CRUISE_LOITER,LADAKH,1,0.25
1788419172.998,5125.2,2109.1,72.0,79.0,121.4,78.8,84.9,779.6,810.4,782.0,783.6,4.89,68.5,11.2,3.0,38.6,0.72,14.06,4.1,LANE_A,20000.0,-22.0,86.6,CRUISE_LOITER,LADAKH,1,0.25
1788419173.539,5118.0,2106.2,72.0,78.8,121.6,78.7,85.1,779.7,811.0,781.4,785.4,4.89,68.8,11.0,3.0,38.6,0.72,14.09,4.0,LANE_A,20000.0,-22.0,86.7,CRUISE_LOITER,LADAKH,1,0.25
1788419174.059,5112.8,2104.0,72.0,79.0,121.9,78.4,85.3,779.0,808.5,782.0,784.7,4.9,68.9,11.0,3.0,38.7,0.7,14.12,4.1,LANE_A,20000.0,-22.0,86.7,CRUISE_LOITER,LADAKH,1,0.25
1788419174.571,5118.7,2106.5,72.0,79.2,121.6,78.8,85.2,778.6,808.4,781.1,784.9,4.93,68.7,11.2,3.0,38.6,0.72,14.11,4.0,LANE_A,20000.0,-22.0,86.7,CRUISE_LOITER,LADAKH,1,0.25
1788419175.102,5114.0,2104.5,72.0,78.9,121.7,78.5,84.9,779.0,806.0,780.4,784.8,4.94,68.8,11.3,3.0,38.6,0.71,14.1,4.1,LANE_A,20000.0,-22.0,86.8,CRUISE_LOITER,LADAKH,1,0.25
1788419175.616,5094.1,2096.3,72.0,79.0,121.7,78.6,85.0,779.2,808.0,783.5,784.8,4.87,68.5,11.2,3.0,38.6,0.73,14.12,4.2,LANE_A,20000.0,-22.0,86.8,CRUISE_LOITER,LADAKH,1,0.25
1788419176.12,5101.2,2099.2,72.0,78.9,121.5,78.9,85.3,780.8,808.7,782.2,787.1,4.89,68.8,11.2,3.0,38.4,0.72,14.12,4.0,LANE_A,20000.0,-22.0,86.9,CRUISE_LOITER,LADAKH,1,0.25
1788419176.642,5112.0,2103.7,72.0,79.2,121.4,78.6,85.0,778.9,809.3,779.2,786.6,4.88,68.8,11.1,3.0,38.6,0.7,14.12,4.0,LANE_A,20000.0,-22.0,86.9,CRUISE_LOITER,LADAKH,1,0.25
1788419177.17,5113.2,2104.2,72.0,79.2,121.3,78.2,84.8,779.7,809.2,783.1,783.1,4.92,68.6,11.0,3.0,38.8,0.7,14.11,4.2,LANE_A,20000.0,-22.0,87.0,CRUISE_LOITER,LADAKH,1,0.25
1788419177.941,5116.5,2105.5,72.0,78.9,121.7,78.2,84.7,778.0,808.8,779.1,786.4,4.86,68.6,11.1,3.0,38.6,0.75,14.13,4.0,LANE_A,20000.0,-22.0,87.0,CRUISE_LOITER,LADAKH,1,0.25
1788419178.656,5106.3,2101.3,72.0,78.7,121.1,78.4,85.2,780.0,808.3,781.3,784.8,4.91,68.7,11.1,3.0,38.7,0.71,14.1,4.0,LANE_A,20000.0,-22.0,87.1,CRUISE_LOITER,LADAKH,1,0.25
1788419179.172,5087.6,2093.6,72.0,78.4,121.4,78.2,85.0,778.2,807.6,781.4,784.2,4.89,68.4,11.1,3.0,38.5,0.73,14.11,4.1,LANE_A,20000.0,-22.0,87.1,CRUISE_LOITER,LADAKH,1,0.25
1788419179.676,5112.8,2104.0,72.0,79.2,121.7,78.4,84.9,779.5,807.8,779.7,783.5,4.9,68.6,11.2,3.0,38.5,0.7,14.06,4.2,LANE_A,20000.0,-22.0,87.2,CRUISE_LOITER,LADAKH,1,0.25
1788419180.195,5105.8,2101.2,72.0,79.1,121.2,78.1,84.6,778.6,808.1,781.0,783.0,4.88,68.7,11.1,3.0,38.5,0.72,14.11,4.0,LANE_A,20000.0,-22.0,87.2,CRUISE_LOITER,LADAKH,1,0.25
1788419180.717,5104.4,2100.6,72.0,78.9,121.2,78.3,84.8,779.5,807.9,783.2,783.8,4.87,68.6,11.2,3.0,38.7,0.74,14.07,4.2,LANE_A,20000.0,-22.0,87.3,CRUISE_LOITER,LADAKH,1,0.25
1788419181.235,5103.7,2100.3,72.0,79.1,121.4,78.4,84.9,779.6,808.7,782.1,783.3,4.91,68.7,11.0,3.0,38.6,0.71,14.13,4.1,LANE_A,20000.0,-22.0,87.3,CRUISE_LOITER,LADAKH,1,0.25
1788419181.739,5094.0,2096.3,72.0,78.9,121.0,78.3,85.1,778.8,810.0,781.1,784.2,4.92,68.9,11.1,3.0,38.5,0.7,14.1,4.0,LANE_A,20000.0,-22.0,87.4,CRUISE_LOITER,LADAKH,1,0.25
1788419182.267,5109.5,2102.7,72.0,78.8,121.4,78.3,84.9,778.8,808.2,779.7,786.0,4.9,68.5,11.2,3.0,38.7,0.72,14.12,4.0,LANE_A,20000.0,-22.0,87.4,CRUISE_LOITER,LADAKH,1,0.25
1788419182.774,5100.1,2098.8,72.0,78.8,121.2,78.7,84.8,779.7,810.2,782.0,785.1,4.87,68.6,11.1,3.0,38.6,0.71,14.08,4.0,LANE_A,20000.0,-22.0,87.5,CRUISE_LOITER,LADAKH,1,0.25
1788419183.291,5114.7,2104.8,72.0,78.9,121.5,78.3,84.8,779.1,809.2,780.8,783.4,4.86,68.5,11.1,3.0,38.8,0.69,14.11,3.9,LANE_A,20000.0,-22.0,87.5,CRUISE_LOITER,LADAKH,1,0.25
1788419183.803,5101.4,2099.3,72.0,78.7,121.1,78.5,84.8,780.8,809.0,784.6,784.9,4.86,68.6,11.1,3.0,38.7,0.71,14.1,4.0,LANE_A,20000.0,-22.0,87.6,CRUISE_LOITER,LADAKH,1,0.25
1788419184.324,5103.8,2100.3,72.0,78.8,121.2,78.4,84.9,780.4,807.8,781.1,783.3,4.87,68.6,11.2,3.0,38.5,0.72,14.08,4.1,LANE_A,20000.0,-22.0,87.6,CRUISE_LOITER,LADAKH,1,0.25
1788419184.838,5081.2,2091.0,72.0,78.8,121.5,78.4,85.0,781.1,810.1,782.3,784.2,4.88,68.5,11.0,3.0,38.6,0.72,14.08,4.1,LANE_A,20000.0,-22.0,87.7,CRUISE_LOITER,LADAKH,1,0.25
1788419185.356,5102.8,2099.9,72.0,78.7,121.0,78.4,85.2,779.2,807.8,780.8,786.1,4.93,68.6,11.0,3.0,38.7,0.73,14.09,3.9,LANE_A,20000.0,-22.0,87.7,CRUISE_LOITER,LADAKH,1,0.25
1788419185.88,5123.8,2108.6,72.0,78.9,120.9,78.8,84.3,781.2,807.9,781.7,783.9,4.89,68.7,11.2,3.0,38.9,0.71,14.13,4.2,LANE_A,20000.0,-22.0,87.8,CRUISE_LOITER,LADAKH,1,0.25
1788419186.39,5100.1,2098.8,72.0,79.2,121.1,78.2,84.8,782.3,809.0,782.8,782.7,4.84,68.6,10.9,3.0,38.6,0.71,14.08,4.2,LANE_A,20000.0,-22.0,87.8,CRUISE_LOITER,LADAKH,1,0.25
1788419186.902,5076.2,2089.0,72.0,78.7,121.1,78.5,84.7,778.5,810.3,780.7,781.7,4.89,68.2,11.1,3.0,38.5,0.72,14.08,4.2,LANE_A,20000.0,-22.0,87.9,CRUISE_LOITER,LADAKH,1,0.25
1788419187.428,5100.7,2099.1,72.0,78.7,121.3,78.5,84.5,779.7,808.0,782.4,781.8,4.86,68.6,11.1,3.0,38.5,0.7,14.1,4.1,LANE_A,20000.0,-22.0,87.9,CRUISE_LOITER,LADAKH,1,0.25
1788419187.946,5121.7,2107.7,72.0,78.5,121.3,78.3,84.5,778.6,807.9,782.1,784.3,4.87,68.6,11.1,3.0,38.4,0.7,14.07,4.0,LANE_A,20000.0,-22.0,88.0,CRUISE_LOITER,LADAKH,1,0.25
1788419188.455,5104.0,2100.4,72.0,78.9,121.4,78.0,84.5,779.1,809.6,782.8,785.6,4.82,68.3,11.0,3.0,38.5,0.71,14.13,4.0,LANE_A,20000.0,-22.0,88.0,CRUISE_LOITER,LADAKH,1,0.25
1788419188.969,5112.4,2103.9,72.0,78.9,121.3,78.1,84.7,780.2,809.6,781.7,786.7,4.91,68.4,11.1,3.0,38.6,0.71,14.08,4.0,LANE_A,20000.0,-22.0,88.1,CRUISE_LOITER,LADAKH,1,0.25
1788419189.488,5105.7,2101.1,72.0,78.8,121.0,78.5,84.8,780.2,811.0,782.0,783.3,4.88,68.5,11.0,3.0,38.6,0.71,14.07,4.0,LANE_A,20000.0,-22.0,88.1,CRUISE_LOITER,LADAKH,1,0.25
1788419189.994,5119.7,2106.9,72.0,78.7,120.8,78.1,84.8,781.6,806.7,781.7,785.2,4.88,68.3,11.0,3.0,38.8,0.71,14.12,3.9,LANE_A,20000.0,-22.0,88.2,CRUISE_LOITER,LADAKH,1,0.25
1788419190.505,5117.7,2106.1,72.0,78.8,120.9,78.5,84.8,781.2,807.0,780.9,786.8,4.86,68.6,11.0,3.0,38.5,0.76,14.09,4.2,LANE_A,20000.0,-22.0,88.2,CRUISE_LOITER,LADAKH,1,0.25
1788419191.028,5098.6,2098.2,72.0,78.7,121.2,78.1,84.5,780.3,809.3,783.5,784.4,4.92,68.5,11.1,3.0,38.6,0.7,14.11,4.1,LANE_A,20000.0,-22.0,88.3,CRUISE_LOITER,LADAKH,1,0.25
1788419191.532,5105.3,2101.0,72.0,78.5,121.3,78.0,84.5,779.9,810.1,780.6,785.9,4.88,68.2,11.1,3.0,38.8,0.73,14.13,4.2,LANE_A,20000.0,-22.0,88.3,CRUISE_LOITER,LADAKH,1,0.25
1788419192.059,5119.7,2106.9,72.0,78.2,121.0,78.2,84.5,780.4,808.6,783.2,785.3,4.89,68.2,11.0,3.0,38.6,0.7,14.1,4.1,LANE_A,20000.0,-22.0,88.4,CRUISE_LOITER,LADAKH,1,0.25
1788419192.586,5127.4,2110.1,72.0,78.3,121.1,78.0,84.9,777.8,809.1,780.3,784.5,4.85,68.4,11.2,3.0,38.6,0.7,14.09,4.1,LANE_A,20000.0,-22.0,88.4,CRUISE_LOITER,LADAKH,1,0.25
1788419193.088,5115.2,2105.0,72.0,79.2,121.3,78.1,84.6,780.2,808.5,781.0,784.5,4.88,68.3,11.0,3.0,38.5,0.71,14.1,4.1,LANE_A,20000.0,-22.0,88.5,CRUISE_LOITER,LADAKH,1,0.25
1788419193.622,5102.0,2099.6,72.0,78.5,121.0,78.4,84.4,779.0,807.8,781.6,784.9,4.87,68.5,11.1,3.0,38.8,0.72,14.1,3.9,LANE_A,20000.0,-22.0,88.5,CRUISE_LOITER,LADAKH,1,0.25
1788419194.142,5106.8,2101.6,72.0,78.9,121.1,78.3,84.8,778.3,810.9,780.7,784.3,4.91,68.7,11.1,3.0,38.7,0.7,14.13,4.0,LANE_A,20000.0,-22.0,88.6,CRUISE_LOITER,LADAKH,1,0.25
1788419194.664,5103.0,2100.0,72.0,78.6,120.8,78.1,84.2,779.9,806.8,779.7,788.3,4.93,68.1,10.8,3.0,38.6,0.74,14.07,4.1,LANE_A,20000.0,-22.0,88.6,CRUISE_LOITER,LADAKH,1,0.25
1788419195.178,5101.6,2099.4,72.0,78.4,121.0,78.0,84.3,779.8,809.7,780.5,786.1,4.88,68.3,11.0,3.0,38.5,0.72,14.11,4.0,LANE_A,20000.0,-22.0,88.7,CRUISE_LOITER,LADAKH,1,0.25
1788419195.701,5113.7,2104.4,72.0,78.3,121.2,78.0,84.8,780.1,810.9,781.4,783.6,4.88,68.0,11.0,3.0,38.6,0.72,14.1,4.1,LANE_A,20000.0,-22.0,88.7,CRUISE_LOITER,LADAKH,1,0.25
1788419196.217,5114.3,2104.6,72.0,78.6,121.1,78.1,84.6,780.0,807.8,783.0,783.6,4.89,68.6,11.1,3.0,38.8,0.71,14.1,4.0,LANE_A,20000.0,-22.0,88.8,CRUISE_LOITER,LADAKH,1,0.25
1788419196.727,5127.2,2110.0,72.0,78.7,121.1,78.0,84.5,779.1,809.5,783.1,784.0,4.87,68.4,11.1,3.0,38.7,0.7,14.12,4.1,LANE_A,20000.0,-22.0,88.8,CRUISE_LOITER,LADAKH,1,0.25
1788419197.257,5109.0,2102.5,72.0,78.7,120.9,77.7,84.3,780.1,808.5,781.5,783.4,4.9,68.1,11.2,3.0,38.9,0.74,14.04,4.1,LANE_A,20000.0,-22.0,88.9,CRUISE_LOITER,LADAKH,1,0.25
1788419198.194,5112.1,2103.7,72.0,78.6,120.8,77.9,84.6,780.1,808.4,782.8,785.0,4.89,68.2,11.1,3.0,38.4,0.72,14.12,4.1,LANE_A,20000.0,-22.0,88.9,CRUISE_LOITER,LADAKH,1,0.25
1788419198.719,5096.5,2097.3,72.0,78.3,120.9,77.7,84.3,780.2,807.9,783.6,785.0,4.88,68.2,11.1,3.0,38.8,0.71,14.08,4.3,LANE_A,20000.0,-22.0,89.0,CRUISE_LOITER,LADAKH,1,0.25
1788419199.23,5109.9,2102.8,72.0,78.7,120.7,78.0,84.6,779.8,808.9,781.3,785.5,4.93,68.2,11.2,3.0,38.6,0.73,14.05,3.8,LANE_A,20000.0,-22.0,89.0,CRUISE_LOITER,LADAKH,1,0.25
1788419199.758,5099.5,2098.6,72.0,78.2,121.2,78.2,85.0,780.0,811.3,780.9,785.0,4.89,68.1,11.0,3.0,38.5,0.73,14.08,4.1,LANE_A,20000.0,-22.0,89.1,CRUISE_LOITER,LADAKH,1,0.25
1788419200.268,5127.7,2110.1,72.0,78.5,120.8,78.1,84.5,779.0,808.4,782.2,782.9,4.81,68.1,11.1,3.0,38.7,0.73,14.12,3.9,LANE_A,20000.0,-22.0,89.1,CRUISE_LOITER,LADAKH,1,0.25
1788419200.785,5114.3,2104.7,72.0,78.5,121.0,78.0,84.7,780.4,808.4,782.2,785.3,4.88,68.3,10.9,3.0,38.6,0.74,14.08,4.2,LANE_A,20000.0,-22.0,89.2,CRUISE_LOITER,LADAKH,1,0.25
1788419201.292,5114.6,2104.8,72.0,78.2,120.9,77.8,84.5,778.2,808.0,782.6,784.9,4.97,68.3,11.1,3.0,38.5,0.69,14.09,4.1,LANE_A,20000.0,-22.0,89.2,CRUISE_LOITER,LADAKH,1,0.25
1788419201.824,5100.9,2099.2,72.0,78.2,121.3,78.0,84.4,779.5,809.3,781.3,784.4,4.88,68.4,11.2,3.0,38.8,0.7,14.13,4.0,LANE_A,20000.0,-22.0,89.3,CRUISE_LOITER,LADAKH,1,0.25
1788419202.328,5096.7,2097.4,72.0,78.2,120.6,77.8,84.3,779.5,807.9,779.6,783.5,4.91,68.2,11.2,3.0,38.5,0.7,14.1,4.1,LANE_A,20000.0,-22.0,89.3,CRUISE_LOITER,LADAKH,1,0.25
1788419202.842,5121.4,2107.6,72.0,78.5,121.0,78.2,84.6,780.4,807.7,782.4,786.8,4.91,68.4,11.1,3.0,38.5,0.72,14.08,4.1,LANE_A,20000.0,-22.0,89.4,CRUISE_LOITER,LADAKH,1,0.25
1788419203.364,5089.2,2094.3,72.0,78.2,120.8,77.9,84.0,777.9,809.8,781.5,784.3,4.87,68.1,11.1,3.0,38.6,0.71,14.08,4.1,LANE_A,20000.0,-22.0,89.4,CRUISE_LOITER,LADAKH,1,0.25
1788419203.883,5123.8,2108.6,72.0,78.6,121.0,78.2,84.5,779.8,808.9,783.5,784.7,4.91,68.2,11.2,3.0,38.7,0.74,14.07,3.9,LANE_A,20000.0,-22.0,89.5,CRUISE_LOITER,LADAKH,1,0.25
1788419204.407,5118.1,2106.2,72.0,78.3,120.8,78.0,84.5,779.1,810.5,782.8,783.6,4.89,68.0,11.1,3.0,38.7,0.7,14.1,4.1,LANE_A,20000.0,-22.0,89.5,CRUISE_LOITER,LADAKH,1,0.25
1788419204.918,5110.7,2103.2,72.0,78.5,120.9,77.7,84.5,780.4,808.8,782.3,784.0,4.91,68.3,11.1,3.0,38.6,0.7,14.08,4.1,LANE_A,20000.0,-22.0,89.6,CRUISE_LOITER,LADAKH,1,0.25
1788419205.433,5131.3,2111.6,72.0,78.7,120.8,77.8,84.4,780.5,811.1,783.1,787.4,4.9,68.0,11.1,3.0,38.7,0.73,14.07,4.0,LANE_A,20000.0,-22.0,89.6,CRUISE_LOITER,LADAKH,1,0.25
1788419205.954,5112.0,2103.7,72.0,78.4,120.8,78.0,84.4,780.8,810.0,783.1,786.6,4.88,68.0,11.2,3.0,38.8,0.71,14.09,4.0,LANE_A,20000.0,-22.0,89.7,CRUISE_LOITER,LADAKH,1,0.25
1788419206.465,5103.0,2100.0,72.0,78.0,120.8,77.9,84.4,779.6,810.0,779.5,785.1,4.89,68.1,11.0,3.0,38.6,0.7,14.08,4.0,LANE_A,20000.0,-22.0,89.7,CRUISE_LOITER,LADAKH,1,0.25
1788419206.985,5131.1,2111.6,72.0,78.2,120.9,77.9,84.3,779.7,809.4,782.4,784.1,4.87,68.1,11.1,3.0,38.7,0.73,14.08,3.9,LANE_A,20000.0,-22.0,89.7,CRUISE_LOITER,LADAKH,1,0.25
1788419207.506,5124.5,2108.9,72.0,78.3,121.0,78.0,84.3,780.5,808.9,781.3,784.5,4.88,68.2,11.0,3.0,38.7,0.7,14.08,4.1,LANE_A,20000.0,-22.0,89.8,CRUISE_LOITER,LADAKH,1,0.25
1788419208.028,5110.2,2103.0,72.0,78.5,121.0,77.7,84.4,781.6,808.0,781.3,784.6,4.86,68.1,11.1,3.0,38.3,0.71,14.06,4.2,LANE_A,20000.0,-22.0,89.8,CRUISE_LOITER,LADAKH,1,0.25
1788419208.545,5128.7,2110.6,72.0,78.3,120.6,77.3,84.4,778.7,808.7,780.7,784.8,4.88,67.9,11.0,3.0,38.8,0.73,14.08,4.0,LANE_A,20000.0,-22.0,89.9,CRUISE_LOITER,LADAKH,1,0.25
1788419209.061,5127.5,2110.1,72.0,78.0,120.3,77.9,84.2,781.9,809.9,783.5,783.8,4.91,68.2,11.2,3.0,38.7,0.72,14.09,4.1,LANE_A,20000.0,-22.0,89.9,CRUISE_LOITER,LADAKH,1,0.25
1788419209.581,5095.0,2096.7,72.0,78.4,121.2,77.7,84.5,780.3,810.2,783.5,785.2,4.94,68.4,11.1,3.0,38.6,0.72,14.09,4.2,LANE_A,20000.0,-22.0,90.0,CRUISE_LOITER,LADAKH,1,0.25
1788419210.093,5106.3,2101.3,72.0,78.2,121.0,78.1,84.3,782.1,811.6,783.4,785.8,4.87,68.0,11.1,3.0,38.7,0.72,14.09,4.0,LANE_A,20000.0,-22.0,90.0,CRUISE_LOITER,LADAKH,1,0.25
1788419210.609,5097.7,2097.8,72.0,78.1,120.7,77.9,84.2,779.7,812.7,780.7,786.5,4.87,68.1,10.9,3.0,38.4,0.72,14.09,4.0,LANE_A,20000.0,-22.0,90.1,CRUISE_LOITER,LADAKH,1,0.25
1788419211.116,5103.9,2100.4,72.0,78.1,120.8,78.0,84.2,778.9,807.5,782.7,783.8,4.9,68.1,11.2,3.0,38.5,0.72,14.09,4.4,LANE_A,20000.0,-22.0,90.1,CRUISE_LOITER,LADAKH,1,0.25
1788419211.645,5106.7,2101.5,72.0,78.0,120.9,77.8,84.2,782.7,808.3,781.1,783.2,4.88,68.1,11.2,3.0,38.7,0.72,14.1,4.0,LANE_A,20000.0,-22.0,90.2,CRUISE_LOITER,LADAKH,1,0.25
1788419212.163,5109.9,2102.8,72.0,78.4,120.6,77.8,84.7,779.7,808.9,783.0,785.3,4.93,68.1,11.1,3.0,38.7,0.72,14.09,4.0,LANE_A,20000.0,-22.0,90.2,CRUISE_LOITER,LADAKH,1,0.25
1788419212.671,5106.6,2101.5,72.0,78.3,120.8,77.5,84.0,781.8,808.7,783.5,784.9,4.82,68.2,11.2,3.0,38.5,0.71,14.09,4.2,LANE_A,20000.0,-22.0,90.3,CRUISE_LOITER,LADAKH,1,0.25
1788419213.187,5108.6,2102.3,72.0,78.2,120.7,77.6,84.0,779.7,809.9,782.2,786.1,4.9,68.3,11.1,3.0,38.8,0.7,14.1,4.1,LANE_A,20000.0,-22.0,90.3,CRUISE_LOITER,LADAKH,1,0.25
1788419213.717,5111.8,2103.6,72.0,78.3,120.5,77.8,84.5,778.5,808.3,782.5,785.4,4.87,68.1,11.1,3.0,38.6,0.72,14.11,4.1,LANE_A,20000.0,-22.0,90.3,CRUISE_LOITER,LADAKH,1,0.25
1788419214.232,5124.9,2109.0,72.0,78.4,120.9,77.6,84.0,779.7,811.7,782.3,785.2,4.87,68.1,11.1,3.0,38.8,0.7,14.08,4.0,LANE_A,20000.0,-22.0,90.4,CRUISE_LOITER,LADAKH,1,0.25
1788419214.741,5104.5,2100.6,72.0,78.0,120.7,77.5,84.2,780.4,808.4,779.4,784.9,4.81,68.1,11.1,3.0,38.7,0.71,14.11,4.0,LANE_A,20000.0,-22.0,90.4,CRUISE_LOITER,LADAKH,1,0.25
1788419215.253,5108.4,2102.2,72.0,78.2,120.8,77.8,84.2,780.3,809.0,782.1,785.8,4.88,68.0,11.2,3.0,38.6,0.72,14.11,4.2,LANE_A,20000.0,-22.0,90.5,CRUISE_LOITER,LADAKH,1,0.25
1788419215.789,5114.1,2104.6,72.0,78.3,120.8,77.5,84.0,781.5,811.1,782.6,784.5,4.89,68.4,11.0,3.0,38.6,0.76,14.1,4.0,LANE_A,20000.0,-22.0,90.5,CRUISE_LOITER,LADAKH,1,0.25
1788419216.292,5109.4,2102.7,72.0,78.0,120.7,77.4,84.0,780.9,810.1,781.0,785.8,4.91,68.0,11.1,3.0,38.6,0.7,14.12,4.2,LANE_A,20000.0,-22.0,90.6,CRUISE_LOITER,LADAKH,1,0.25
1788419216.807,5087.7,2093.7,72.0,78.0,120.9,77.9,84.3,782.1,809.9,781.8,783.8,4.84,67.8,10.9,3.0,38.7,0.71,14.14,4.1,LANE_A,20000.0,-22.0,90.6,CRUISE_LOITER,LADAKH,1,0.25
1788419217.32,5118.5,2106.4,72.0,78.3,121.0,77.5,84.1,780.6,809.5,781.1,788.1,4.91,68.1,11.0,3.0,38.6,0.69,14.1,4.1,LANE_A,20000.0,-22.0,90.6,CRUISE_LOITER,LADAKH,1,0.25
1788419218.361,5129.6,2111.0,72.0,78.3,120.6,77.9,83.7,778.9,809.9,781.6,785.9,4.9,68.3,11.0,3.0,38.8,0.71,14.09,4.1,LANE_A,20000.0,-22.0,90.7,CRUISE_LOITER,LADAKH,1,0.25
1788419218.875,5125.9,2109.4,72.0,78.1,120.6,77.5,84.2,780.8,808.5,780.2,785.5,4.88,68.2,11.2,3.0,38.4,0.69,14.12,4.2,LANE_A,20000.0,-22.0,90.7,CRUISE_LOITER,LADAKH,1,0.25
1788419219.38,5127.5,2110.1,72.0,78.0,120.5,77.6,84.3,779.7,811.8,778.9,786.4,4.9,68.1,11.1,3.0,38.7,0.74,14.09,4.0,LANE_A,20000.0,-22.0,90.8,CRUISE_LOITER,LADAKH,1,0.25
1788419219.894,5119.9,2107.0,72.0,77.9,120.9,77.7,84.2,780.7,809.5,780.1,785.3,4.89,68.1,11.1,3.0,38.8,0.72,14.09,4.3,LANE_A,20000.0,-22.0,90.8,CRUISE_LOITER,LADAKH,1,0.25
1788419220.415,5122.6,2108.1,72.0,77.8,120.7,77.6,83.8,780.5,809.3,782.5,786.7,4.93,67.9,10.9,3.0,38.7,0.7,14.11,4.1,LANE_A,20000.0,-22.0,90.9,CRUISE_LOITER,LADAKH,1,0.25
1788419220.928,5088.6,2094.1,72.0,78.2,120.3,77.3,84.3,782.0,809.4,782.4,785.2,4.91,68.1,11.1,3.0,38.7,0.68,14.1,4.2,LANE_A,20000.0,-22.0,90.9,CRUISE_LOITER,LADAKH,1,0.25
1788419221.454,5098.2,2098.0,72.0,78.0,120.6,77.5,83.9,781.5,807.9,781.6,783.5,4.9,67.8,11.1,3.0,38.7,0.71,14.07,4.1,LANE_A,20000.0,-22.0,90.9,CRUISE_LOITER,LADAKH,1,0.25
1788419221.961,5116.9,2105.7,72.0,78.2,120.7,77.8,84.1,779.1,809.9,783.2,783.3,4.95,68.3,11.0,3.0,38.8,0.73,14.15,4.1,LANE_A,20000.0,-22.0,91.0,CRUISE_LOITER,LADAKH,1,0.25
1788419222.476,5098.5,2098.1,72.0,78.1,120.5,77.6,84.1,779.9,807.9,782.6,785.6,4.87,68.0,11.2,3.0,38.6,0.67,14.12,4.1,LANE_A,20000.0,-22.0,91.0,CRUISE_LOITER,LADAKH,1,0.25
1788419223.0,5103.5,2100.2,72.0,78.0,120.8,77.2,84.1,781.0,809.5,782.4,784.2,4.94,68.1,11.0,3.0,38.5,0.71,14.11,4.0,LANE_A,20000.0,-22.0,91.1,CRUISE_LOITER,LADAKH,1,0.25
1788419223.508,5125.0,2109.0,72.0,78.1,120.7,77.9,84.0,781.8,811.6,783.6,784.2,4.91,67.8,11.1,3.0,38.6,0.68,14.1,4.1,LANE_A,20000.0,-22.0,91.1,CRUISE_LOITER,LADAKH,1,0.25
1788419224.032,5097.6,2097.8,72.0,78.2,120.5,77.6,84.2,780.1,809.9,781.5,786.9,4.9,67.9,11.1,3.0,38.5,0.71,14.09,4.2,LANE_A,20000.0,-22.0,91.1,CRUISE_LOITER,LADAKH,1,0.25
1788419224.554,5106.0,2101.2,72.0,78.2,120.7,78.0,84.2,780.8,808.2,780.9,783.9,4.9,68.1,11.1,3.0,38.7,0.72,14.07,4.2,LANE_A,20000.0,-22.0,91.2,CRUISE_LOITER,LADAKH,1,0.25
1788419225.058,5133.1,2112.4,72.0,78.0,120.5,77.5,84.2,780.3,808.7,782.9,784.2,4.87,67.9,11.0,3.0,38.4,0.74,14.1,4.2,LANE_A,20000.0,-22.0,91.2,CRUISE_LOITER,LADAKH,1,0.25
1788419225.577,5122.2,2107.9,72.0,78.2,120.5,77.5,84.1,779.2,811.1,781.7,784.1,4.91,68.0,11.2,3.0,38.8,0.73,14.09,4.2,LANE_A,20000.0,-22.0,91.2,CRUISE_LOITER,LADAKH,1,0.25
1788419226.41,5113.9,2104.5,72.0,77.9,120.6,77.4,83.8,779.2,811.3,782.1,788.0,4.96,68.0,11.1,3.0,38.8,0.7,14.11,4.1,LANE_A,20000.0,-22.0,91.3,CRUISE_LOITER,LADAKH,1,0.25
1788419226.93,5100.1,2098.8,72.0,78.2,120.4,77.7,83.5,778.9,810.0,783.4,782.8,4.81,68.1,11.1,3.0,38.8,0.71,14.13,4.0,LANE_A,20000.0,-22.0,91.3,CRUISE_LOITER,LADAKH,1,0.25
1788419227.445,5106.5,2101.4,72.0,77.9,120.4,77.6,84.1,781.5,810.0,781.7,785.5,4.89,68.0,11.2,3.0,38.6,0.74,14.09,4.1,LANE_A,20000.0,-22.0,91.4,CRUISE_LOITER,LADAKH,1,0.25
1788419227.958,5100.9,2099.1,72.0,77.7,120.4,77.3,84.0,782.4,810.0,780.9,785.6,4.87,68.0,11.1,3.0,38.7,0.71,14.1,4.0,LANE_A,20000.0,-22.0,91.4,CRUISE_LOITER,LADAKH,1,0.25
1788419228.496,5133.5,2112.5,72.0,78.0,120.5,78.0,84.2,780.8,809.7,782.8,784.3,4.88,67.9,11.0,3.0,38.8,0.71,14.12,4.1,LANE_A,20000.0,-22.0,91.4,CRUISE_LOITER,LADAKH,1,0.25
1788419228.996,5114.3,2104.7,72.0,78.0,120.6,77.6,84.1,777.5,807.5,782.2,784.1,4.89,67.9,11.1,3.0,38.8,0.71,14.09,4.1,LANE_A,20000.0,-22.0,91.5,CRUISE_LOITER,LADAKH,1,0.25
1788419229.517,5120.5,2107.2,72.0,78.2,120.5,77.9,84.2,778.9,810.4,782.1,786.0,4.92,68.1,11.1,3.0,38.7,0.7,14.09,4.1,LANE_A,20000.0,-22.0,91.5,CRUISE_LOITER,LADAKH,1,0.25
1788419230.027,5095.9,2097.1,72.0,78.3,120.4,77.4,84.2,780.5,811.9,782.5,787.2,4.84,67.9,11.2,3.0,38.8,0.7,14.11,4.0,LANE_A,20000.0,-22.0,91.5,CRUISE_LOITER,LADAKH,1,0.25
1788419230.537,5109.4,2102.6,72.0,78.2,120.4,77.5,84.0,779.1,809.4,782.8,785.0,4.91,68.0,11.0,3.0,38.5,0.71,14.13,4.1,LANE_A,20000.0,-22.0,91.6,CRUISE_LOITER,LADAKH,1,0.25
1788419231.065,5105.2,2100.9,72.0,78.0,120.8,77.6,84.0,780.0,808.7,784.8,784.3,4.89,67.8,11.2,3.0,38.7,0.72,14.11,4.1,LANE_A,20000.0,-22.0,91.6,CRUISE_LOITER,LADAKH,1,0.25
1788419231.588,5115.6,2105.2,72.0,78.1,120.3,77.4,84.1,781.5,808.9,782.8,785.6,4.9,68.0,11.1,3.0,38.5,0.73,14.07,4.3,LANE_A,20000.0,-22.0,91.6,CRUISE_LOITER,LADAKH,1,0.25
1788419232.112,5149.7,2119.2,72.0,78.1,120.5,77.6,83.8,780.0,809.8,782.2,785.5,4.89,68.2,11.2,3.0,38.7,0.72,14.08,4.1,LANE_A,20000.0,-22.0,91.7,CRUISE_LOITER,LADAKH,1,0.25
1788419232.625,5096.6,2097.4,72.0,78.0,120.3,77.6,83.9,781.9,807.5,782.5,787.0,4.87,68.0,11.1,3.0,38.6,0.74,14.06,4.1,LANE_A,20000.0,-22.0,91.7,CRUISE_LOITER,LADAKH,1,0.25
1788419233.146,5125.2,2109.1,72.0,78.2,120.5,77.5,84.0,781.1,810.7,781.8,785.3,4.86,67.7,11.0,3.0,38.7,0.72,14.07,4.1,LANE_A,20000.0,-22.0,91.7,CRUISE_LOITER,LADAKH,1,0.25
1788419233.69,5129.7,2111.0,72.0,78.0,120.6,77.6,83.8,780.9,808.3,782.4,783.2,4.86,68.1,11.0,3.0,38.8,0.71,14.1,3.9,LANE_A,20000.0,-22.0,91.8,CRUISE_LOITER,LADAKH,1,0.25
1788419234.201,5078.0,2089.7,72.0,77.8,120.5,77.4,84.2,781.9,809.6,783.0,787.1,4.86,67.7,11.0,3.0,38.6,0.73,14.1,4.2,LANE_A,20000.0,-22.0,91.8,CRUISE_LOITER,LADAKH,1,0.25
1788419234.714,5092.6,2095.7,72.0,77.8,120.0,77.5,83.8,780.6,807.9,781.0,787.4,4.86,68.0,10.9,3.0,38.6,0.74,14.09,4.0,LANE_A,20000.0,-22.0,91.8,CRUISE_LOITER,LADAKH,1,0.25
1788419235.226,5103.2,2100.1,72.0,77.9,120.4,77.4,84.2,781.1,809.3,780.7,785.5,4.93,67.9,11.0,3.0,38.8,0.72,14.1,4.2,LANE_A,20000.0,-22.0,91.9,CRUISE_LOITER,LADAKH,1,0.25
1788419235.74,5128.7,2110.6,72.0,77.8,120.8,77.6,83.8,779.8,809.5,782.5,786.4,4.89,68.0,11.2,3.0,38.6,0.72,14.1,4.2,LANE_A,20000.0,-22.0,91.9,CRUISE_LOITER,LADAKH,1,0.25
1788419236.266,5131.2,2111.6,72.0,78.1,120.5,77.5,83.8,779.1,807.9,783.6,787.8,4.91,67.9,11.1,3.0,38.6,0.7,14.11,4.0,LANE_A,20000.0,-22.0,91.9,CRUISE_LOITER,LADAKH,1,0.25
1788419236.779,5121.3,2107.5,72.0,77.9,120.3,77.7,83.8,780.7,810.8,782.8,782.8,4.88,68.1,11.1,3.0,38.6,0.7,14.13,4.2,LANE_A,20000.0,-22.0,92.0,CRUISE_LOITER,LADAKH,1,0.25
1788419237.297,5109.4,2102.6,72.0,78.1,120.4,77.5,84.0,780.8,808.9,784.3,787.2,4.89,67.9,10.9,3.0,38.9,0.71,14.09,4.1,LANE_A,20000.0,-22.0,92.0,CRUISE_LOITER,LADAKH,1,0.25
1788419238.297,5119.4,2106.7,72.0,78.2,120.5,77.3,84.0,780.2,808.1,783.7,785.4,4.91,68.1,11.0,3.0,38.5,0.72,14.08,4.2,LANE_A,20000.0,-22.0,92.0,CRUISE_LOITER,LADAKH,1,0.25
1788419238.817,5104.3,2100.5,72.0,77.9,120.3,77.3,83.8,782.0,809.7,780.4,784.5,4.91,67.7,11.1,3.0,38.7,0.71,14.09,4.1,LANE_A,20000.0,-22.0,92.1,CRUISE_LOITER,LADAKH,1,0.25
1788419239.331,5104.7,2100.7,72.0,77.9,120.2,77.5,84.0,780.6,810.2,782.0,785.4,4.88,68.1,11.1,3.0,38.5,0.72,14.15,4.1,LANE_A,20000.0,-22.0,92.1,CRUISE_LOITER,LADAKH,1,0.25
1788419239.839,5114.4,2104.7,72.0,78.0,120.9,77.6,83.9,781.4,810.8,781.8,784.0,4.89,67.9,11.0,3.0,38.8,0.73,14.09,4.0,LANE_A,20000.0,-22.0,92.1,CRUISE_LOITER,LADAKH,1,0.25
1788419240.358,5112.3,2103.8,72.0,77.9,120.0,77.3,84.0,780.1,810.5,780.2,786.8,4.87,67.8,11.1,3.0,38.6,0.73,14.09,4.2,LANE_A,20000.0,-22.0,92.1,CRUISE_LOITER,LADAKH,1,0.25
1788419240.863,5116.7,2105.6,72.0,78.0,120.5,77.5,83.8,783.0,810.0,783.3,785.2,4.91,67.6,11.2,3.0,38.5,0.71,14.08,4.1,LANE_A,20000.0,-22.0,92.2,CRUISE_LOITER,LADAKH,1,0.25
1788419241.386,5115.3,2105.1,72.0,77.7,120.4,77.6,83.8,782.4,808.4,784.0,786.8,4.93,67.8,11.2,3.0,38.6,0.73,14.11,4.3,LANE_A,20000.0,-22.0,92.2,CRUISE_LOITER,LADAKH,1,0.25
1788419241.901,5136.0,2113.6,72.0,78.1,120.6,77.6,83.9,781.0,808.4,784.9,782.3,4.86,67.7,11.1,3.0,38.6,0.71,14.11,4.2,LANE_A,20000.0,-22.0,92.2,CRUISE_LOITER,LADAKH,1,0.25
1788419242.421,5090.1,2094.7,72.0,77.8,120.7,77.4,83.8,780.7,810.1,782.2,786.6,4.88,68.0,11.0,3.0,38.6,0.69,14.1,4.2,LANE_A,20000.0,-22.0,92.3,CRUISE_LOITER,LADAKH,1,0.25
1788419242.929,5115.2,2105.0,72.0,78.3,120.3,77.5,84.3,781.2,811.2,781.8,786.3,4.89,67.9,11.1,3.0,38.6,0.71,14.1,4.0,LANE_A,20000.0,-22.0,92.3,CRUISE_LOITER,LADAKH,1,0.25
1788419243.447,5103.9,2100.4,72.0,78.1,120.3,77.5,84.1,781.8,808.1,784.3,782.9,4.91,68.1,11.1,3.0,38.9,0.73,14.06,4.0,LANE_A,20000.0,-22.0,92.3,CRUISE_LOITER,LADAKH,1,0.25
1788419243.975,5121.6,2107.6,72.0,77.9,120.7,77.6,84.0,782.1,810.8,783.9,784.5,4.88,67.9,11.2,3.0,38.7,0.72,14.1,4.0,LANE_A,20000.0,-22.0,92.3,CRUISE_LOITER,LADAKH,1,0.25
1788419244.494,5109.0,2102.4,72.0,78.1,120.3,77.5,84.0,779.6,812.5,781.0,785.7,4.88,68.0,11.0,3.0,38.6,0.74,14.11,4.2,LANE_A,20000.0,-22.0,92.4,CRUISE_LOITER,LADAKH,1,0.25
1788419244.999,5151.6,2120.0,72.0,78.0,120.6,77.4,83.7,783.4,810.1,782.7,785.7,4.93,67.9,11.2,3.0,38.9,0.7,14.07,4.1,LANE_A,20000.0,-22.0,92.4,CRUISE_LOITER,LADAKH,1,0.25
1788419245.528,5121.2,2107.5,72.0,78.1,120.3,77.8,84.0,779.7,809.2,783.2,787.1,4.89,68.0,11.0,3.0,38.7,0.72,14.14,4.0,LANE_A,20000.0,-22.0,92.4,CRUISE_LOITER,LADAKH,1,0.25
1788419246.044,5122.7,2108.1,72.0,77.8,120.8,77.7,84.0,780.9,810.2,782.0,786.7,4.86,67.8,11.2,3.0,38.8,0.71,14.09,4.1,LANE_A,20000.0,-22.0,92.4,CRUISE_LOITER,LADAKH,1,0.25
1788419246.555,5124.1,2108.7,72.0,78.3,120.5,77.5,84.0,780.3,809.9,785.7,789.0,4.88,67.8,11.0,3.0,38.5,0.68,14.09,4.0,LANE_A,20000.0,-22.0,92.4,CRUISE_LOITER,LADAKH,1,0.25
1788419247.082,5138.3,2114.5,72.0,77.9,120.3,77.4,84.3,781.6,809.0,781.1,786.2,4.88,67.9,11.2,3.0,38.7,0.7,14.11,4.1,LANE_A,20000.0,-22.0,92.5,CRUISE_LOITER,LADAKH,1,0.25
1788419247.611,5132.9,2112.3,72.0,77.9,120.4,77.5,84.2,780.2,809.7,783.5,785.4,4.92,67.8,11.1,3.0,38.7,0.7,14.13,4.1,LANE_A,20000.0,-22.0,92.5,CRUISE_LOITER,LADAKH,1,0.25
1788419248.132,5131.4,2111.7,72.0,77.9,120.6,77.4,84.1,782.7,809.5,783.5,786.2,4.86,68.0,11.2,3.0,38.8,0.71,14.11,4.1,LANE_A,20000.0,-22.0,92.5,CRUISE_LOITER,LADAKH,1,0.25
1788419248.655,5146.8,2118.0,72.0,78.2,120.7,77.8,83.8,782.9,811.2,780.5,788.1,4.92,67.6,11.2,3.0,38.5,0.71,14.11,3.8,LANE_A,20000.0,-22.0,92.5,CRUISE_LOITER,LADAKH,1,0.25
1788419249.167,5104.1,2100.5,72.0,78.1,121.0,77.7,84.0,778.2,808.9,784.2,785.8,4.88,67.9,11.2,3.0,38.6,0.69,14.1,4.1,LANE_A,20000.0,-22.0,92.6,CRUISE_LOITER,LADAKH,1,0.25
1788419249.674,5133.4,2112.5,72.0,77.9,120.4,77.5,84.2,781.7,808.2,781.9,783.9,4.9,68.0,11.2,3.0,38.8,0.71,14.12,4.1,LANE_A,20000.0,-22.0,92.6,CRUISE_LOITER,LADAKH,1,0.25
1788419250.193,5122.6,2108.1,72.0,78.3,120.5,77.5,84.0,781.0,811.4,782.9,785.2,4.88,68.1,11.2,3.0,38.5,0.72,14.08,3.9,LANE_A,20000.0,-22.0,92.6,CRUISE_LOITER,LADAKH,1,0.25
1788419250.71,5128.0,2110.3,72.0,78.2,120.5,77.6,84.3,781.1,808.7,785.6,783.9,4.82,67.9,11.2,3.0,38.6,0.69,14.06,4.0,LANE_A,20000.0,-22.0,92.6,CRUISE_LOITER,LADAKH,1,0.25
1788419251.228,5129.3,2110.8,72.0,78.0,120.7,77.7,83.9,780.2,808.8,782.5,785.7,4.91,68.0,11.2,3.0,38.6,0.71,14.1,4.1,LANE_A,20000.0,-22.0,92.6,CRUISE_LOITER,LADAKH,1,0.25
1788419251.739,5106.6,2101.5,72.0,78.2,120.5,77.5,84.1,779.3,808.5,781.6,787.1,4.89,68.0,11.2,3.0,38.7,0.71,14.08,4.1,LANE_A,20000.0,-22.0,92.7,CRUISE_LOITER,LADAKH,1,0.25
1788419252.256,5116.6,2105.6,72.0,78.2,120.3,77.5,84.3,781.6,810.7,782.3,785.8,4.88,68.3,11.2,3.0,38.6,0.71,14.08,4.1,LANE_A,20000.0,-22.0,92.7,CRUISE_LOITER,LADAKH,1,0.25
1788419252.783,5114.2,2104.6,72.0,78.1,120.5,77.6,84.0,781.5,810.3,782.0,784.1,4.88,68.0,11.1,3.0,38.9,0.72,14.09,4.3,LANE_A,20000.0,-22.0,92.7,CRUISE_LOITER,LADAKH,1,0.25
1788419253.309,5096.4,2097.3,72.0,78.1,120.5,77.5,84.0,778.2,811.5,784.2,786.0,4.86,67.9,11.3,3.0,38.7,0.69,14.1,4.3,LANE_A,20000.0,-22.0,92.7,CRUISE_LOITER,LADAKH,1,0.25
1788419253.825,5119.7,2106.9,72.0,78.2,120.7,77.6,83.8,779.6,811.0,783.3,787.4,4.88,68.0,11.0,3.0,38.7,0.72,14.13,4.2,LANE_A,20000.0,-22.0,92.7,CRUISE_LOITER,LADAKH,1,0.25
1788419254.341,5133.4,2112.5,72.0,77.7,120.6,77.9,84.0,780.4,809.1,781.6,785.0,4.89,68.0,11.2,3.0,38.8,0.7,14.11,4.2,LANE_A,20000.0,-22.0,92.7,CRUISE_LOITER,LADAKH,1,0.25
1788419254.872,5102.2,2099.7,72.0,78.1,120.5,77.6,83.8,777.4,811.1,783.4,785.5,4.91,68.2,11.2,3.0,39.0,0.72,14.12,4.2,LANE_A,20000.0,-22.0,92.8,CRUISE_LOITER,LADAKH,1,0.25
1788419255.381,5128.2,2110.4,72.0,78.1,120.3,77.8,84.2,781.2,809.8,781.0,787.2,4.89,68.0,11.1,3.0,38.8,0.71,14.1,4.1,LANE_A,20000.0,-22.0,92.8,CRUISE_LOITER,LADAKH,1,0.25
1788419255.888,5146.2,2117.8,72.0,78.1,120.7,77.8,84.4,782.6,810.2,783.6,786.2,4.85,67.9,11.2,3.0,38.8,0.7,14.11,4.1,LANE_A,20000.0,-22.0,92.8,CRUISE_LOITER,LADAKH,1,0.25
1788419256.402,5129.8,2111.0,72.0,78.1,120.3,77.5,83.8,780.5,811.4,784.2,786.2,4.92,67.9,11.1,3.0,38.8,0.71,14.09,4.0,LANE_A,20000.0,-22.0,92.8,CRUISE_LOITER,LADAKH,1,0.25
1788419256.91,5113.1,2104.1,72.0,78.1,120.6,77.6,84.1,781.3,811.2,781.1,785.9,4.86,68.0,11.0,3.0,38.9,0.73,14.12,4.0,LANE_A,20000.0,-22.0,92.8,CRUISE_LOITER,LADAKH,1,0.25
1788419257.429,5113.9,2104.5,72.0,78.1,120.8,77.7,84.2,780.9,809.7,781.3,784.4,4.94,68.4,11.1,3.0,38.7,0.71,14.11,4.2,LANE_A,20000.0,-22.0,92.8,CRUISE_LOITER,LADAKH,1,0.25
1788419258.452,5162.5,2124.5,72.0,78.0,120.7,77.8,83.7,781.9,809.2,784.4,785.5,4.85,68.1,11.1,3.0,38.8,0.73,14.11,4.0,LANE_A,20000.0,-22.0,92.8,CRUISE_LOITER,LADAKH,1,0.25
1788419258.964,5139.0,2114.8,72.0,78.1,120.6,77.6,84.0,781.6,807.2,781.0,784.8,4.93,68.0,11.1,3.0,38.7,0.69,14.13,4.1,LANE_A,20000.0,-22.0,92.9,CRUISE_LOITER,LADAKH,1,0.25
1788419259.477,5121.8,2107.7,72.0,78.1,120.6,77.6,84.2,781.9,810.0,782.0,786.9,4.92,68.3,11.2,3.0,38.8,0.69,14.1,4.1,LANE_A,20000.0,-22.0,92.9,CRUISE_LOITER,LADAKH,1,0.25
1788419259.999,5122.6,2108.1,72.0,78.0,120.7,77.7,84.0,781.4,808.6,782.4,788.0,4.87,67.9,11.1,3.0,38.7,0.7,14.1,4.2,LANE_A,20000.0,-22.0,92.9,CRUISE_LOITER,LADAKH,1,0.25
1788419260.522,5134.4,2112.9,72.0,78.2,120.7,77.8,84.3,782.0,810.7,784.2,786.5,4.91,68.1,11.3,3.0,38.7,0.71,14.11,4.0,LANE_A,20000.0,-22.0,92.9,CRUISE_LOITER,LADAKH,1,0.25
1788419261.036,5121.1,2107.4,72.0,78.2,120.9,77.7,84.5,781.8,810.1,783.6,788.8,4.88,68.1,11.3,3.0,39.1,0.71,14.1,4.1,LANE_A,20000.0,-22.0,92.9,CRUISE_LOITER,LADAKH,1,0.25
1788419261.551,5152.3,2120.3,72.0,78.0,120.5,77.6,84.3,778.5,809.1,782.6,785.0,4.9,68.1,11.2,3.0,38.8,0.72,14.07,4.2,LANE_A,20000.0,-22.0,92.9,CRUISE_LOITER,LADAKH,1,0.25
1788419262.082,5128.8,2110.6,72.0,78.2,120.7,77.5,84.2,782.7,811.9,782.6,783.7,4.9,68.3,11.1,3.0,38.8,0.7,14.1,4.0,LANE_A,20000.0,-22.0,92.9,CRUISE_LOITER,LADAKH,1,0.25
1788419262.6,5137.3,2114.1,72.0,77.9,120.8,77.6,84.1,781.4,810.0,783.2,786.7,4.88,68.3,11.2,3.0,38.8,0.7,14.09,4.1,LANE_A,20000.0,-22.0,92.9,CRUISE_LOITER,LADAKH,1,0.25
1788419263.128,5120.5,2107.2,72.0,78.4,120.8,78.0,84.1,782.7,809.7,781.3,783.3,4.9,68.3,11.3,3.0,38.9,0.73,14.08,4.3,LANE_A,20000.0,-22.0,92.9,CRUISE_LOITER,LADAKH,1,0.25
1788419263.647,5144.3,2117.0,72.0,77.9,121.0,77.7,84.1,780.4,811.2,781.8,785.6,4.92,68.0,11.1,3.0,38.7,0.72,14.13,4.2,LANE_A,20000.0,-22.0,92.9,CRUISE_LOITER,LADAKH,1,0.25
1788419264.167,5121.7,2107.7,72.0,78.1,120.8,77.5,83.9,780.3,808.4,785.4,784.6,4.93,68.0,11.3,3.0,38.9,0.72,14.09,4.0,LANE_A,20000.0,-22.0,92.9,CRUISE_LOITER,LADAKH,1,0.25
1788419264.674,5141.2,2115.7,72.0,78.1,120.8,77.6,84.2,782.0,808.1,782.8,785.0,4.95,68.2,11.1,3.0,38.9,0.71,14.12,4.1,LANE_A,20000.0,-22.0,93.0,CRUISE_LOITER,LADAKH,1,0.25
1788419265.194,5110.3,2103.0,72.0,78.6,121.1,77.8,84.1,780.3,810.9,780.8,785.5,4.87,68.2,11.1,3.0,38.9,0.74,14.06,4.1,LANE_A,20000.0,-22.0,93.0,CRUISE_LOITER,LADAKH,1,0.25
1788419265.714,5144.8,2117.2,72.0,77.9,121.1,78.0,84.4,781.9,809.1,784.6,785.5,4.89,68.0,11.1,3.0,38.8,0.72,14.11,4.1,LANE_A,20000.0,-22.0,93.0,CRUISE_LOITER,LADAKH,1,0.25
1788419266.223,5155.3,2121.5,72.0,78.2,120.9,77.8,84.5,781.1,807.4,784.5,784.9,4.95,68.3,11.1,3.0,38.6,0.72,14.12,4.1,LANE_A,20000.0,-22.0,93.0,CRUISE_LOITER,LADAKH,1,0.25
1788419266.735,5147.6,2118.3,72.0,78.2,120.7,77.6,84.2,782.6,808.9,784.3,786.7,4.87,67.9,11.2,3.0,39.0,0.72,14.11,4.0,LANE_A,20000.0,-22.0,93.0,CRUISE_LOITER,LADAKH,1,0.25
1788419267.267,5136.1,2113.6,72.0,78.4,120.6,77.9,84.1,781.8,807.5,782.4,787.9,4.86,68.3,11.0,3.0,38.9,0.73,14.1,4.1,LANE_A,20000.0,-22.0,93.0,CRUISE_LOITER,LADAKH,1,0.25
1788419267.772,5137.8,2114.3,72.0,78.2,120.8,77.8,84.0,781.7,811.1,783.3,789.0,4.89,68.0,11.3,3.0,38.7,0.72,14.07,4.0,LANE_A,20000.0,-22.0,93.0,CRUISE_LOITER,LADAKH,1,0.25
1788419268.299,5149.3,2119.1,72.0,78.3,120.6,78.0,84.5,782.1,811.5,782.6,786.6,4.89,68.1,11.1,3.0,38.9,0.74,14.09,4.0,LANE_A,20000.0,-22.0,93.0,CRUISE_LOITER,LADAKH,1,0.25
1788419268.818,5140.6,2115.5,72.0,78.1,120.6,77.8,84.8,780.8,809.8,785.2,785.7,4.91,68.2,11.3,3.0,39.1,0.74,14.09,4.1,LANE_A,20000.0,-22.0,93.0,CRUISE_LOITER,LADAKH,1,0.25
1788419269.333,5134.2,2112.9,72.0,78.4,120.9,77.9,84.4,782.2,808.9,782.3,785.7,4.88,68.0,11.1,3.0,38.8,0.73,14.09,4.2,LANE_A,20000.0,-22.0,93.0,CRUISE_LOITER,LADAKH,1,0.25
1788419269.843,5126.6,2109.7,72.0,78.4,120.7,77.9,84.3,781.1,809.0,784.2,784.2,4.92,68.2,11.2,3.0,39.0,0.72,14.07,4.0,LANE_A,20000.0,-22.0,93.0,CRUISE_LOITER,LADAKH,1,0.25
1788419270.357,5134.3,2112.9,72.0,78.5,120.9,77.7,84.2,780.9,809.1,782.9,784.6,4.87,68.4,11.0,3.0,39.0,0.71,14.12,4.2,LANE_A,20000.0,-22.0,93.0,CRUISE_LOITER,LADAKH,1,0.25
1788419270.873,5140.0,2115.2,72.0,78.2,120.9,77.7,84.4,783.4,809.5,782.8,786.1,4.9,68.3,11.0,3.0,38.8,0.7,14.09,4.1,LANE_A,20000.0,-22.0,93.0,CRUISE_LOITER,LADAKH,1,0.25
1788419271.394,5131.2,2111.6,72.0,78.3,120.9,77.8,84.5,779.9,810.1,781.5,786.4,4.94,68.2,11.1,3.0,38.8,0.7,14.12,4.1,LANE_A,20000.0,-22.0,93.0,CRUISE_LOITER,LADAKH,1,0.25
1788419271.903,5124.4,2108.8,72.0,78.0,121.0,78.0,84.3,782.5,809.8,783.0,784.4,4.9,68.4,10.9,3.0,38.9,0.74,14.11,4.0,LANE_A,20000.0,-22.0,93.0,CRUISE_LOITER,LADAKH,1,0.25
1788419272.422,5152.1,2120.2,72.0,78.5,121.2,78.0,84.6,779.8,810.7,781.9,784.8,4.89,68.7,11.1,3.0,39.1,0.72,14.12,4.1,LANE_A,20000.0,-22.0,93.0,CRUISE_LOITER,LADAKH,1,0.25
1788419272.953,5120.0,2107.0,72.0,78.3,120.7,77.8,84.5,781.0,811.7,783.1,785.1,4.92,68.2,11.0,3.0,38.9,0.72,14.07,4.2,LANE_A,20000.0,-22.0,93.0,CRUISE_LOITER,LADAKH,1,0.25
1788419273.475,5138.4,2114.6,72.0,78.3,121.1,77.8,84.3,779.5,813.0,785.5,786.5,4.89,68.3,11.1,3.0,38.7,0.73,14.1,4.2,LANE_A,20000.0,-22.0,93.0,CRUISE_LOITER,LADAKH,1,0.25
1788419273.991,5133.7,2112.6,72.0,78.4,120.8,77.9,84.3,779.8,811.4,783.8,785.9,4.88,68.0,11.2,3.0,38.7,0.73,14.13,4.3,LANE_A,20000.0,-22.0,93.0,CRUISE_LOITER,LADAKH,1,0.25
1788419274.512,5133.6,2112.6,72.0,78.3,120.9,77.9,84.7,783.3,810.5,781.9,784.8,4.86,68.2,11.1,3.0,38.9,0.72,14.09,4.1,LANE_A,20000.0,-22.0,93.0,CRUISE_LOITER,LADAKH,1,0.25
1788419275.033,5154.0,2121.0,72.0,78.3,120.9,77.9,84.4,780.1,810.3,785.1,785.7,4.9,68.2,11.2,3.0,39.0,0.71,14.08,4.0,LANE_A,20000.0,-22.0,93.0,CRUISE_LOITER,LADAKH,1,0.25
1788419275.556,5115.6,2105.2,72.0,78.4,121.0,78.1,84.5,781.9,811.0,782.9,784.8,4.91,68.4,11.2,3.0,39.0,0.72,14.09,4.2,LANE_A,20000.0,-22.0,93.0,CRUISE_LOITER,LADAKH,1,0.25
1788419276.068,5147.2,2118.2,72.0,78.4,120.8,77.6,84.7,779.8,811.5,787.0,787.1,4.93,68.4,11.2,3.0,38.9,0.76,14.11,4.2,LANE_A,20000.0,-22.0,93.0,CRUISE_LOITER,LADAKH,1,0.25
1788419276.585,5126.4,2109.6,72.0,78.4,121.2,77.8,84.4,782.1,811.4,783.6,785.5,4.88,68.2,11.1,3.0,38.9,0.74,14.08,4.0,LANE_A,20000.0,-22.0,93.0,CRUISE_LOITER,LADAKH,1,0.25
1788419277.108,5144.7,2117.2,72.0,78.4,121.0,77.9,84.3,781.3,809.9,781.3,787.0,4.87,68.6,11.2,3.0,39.1,0.73,14.12,4.0,LANE_A,20000.0,-22.0,93.0,CRUISE_LOITER,LADAKH,1,0.25
1788419277.617,5120.4,2107.2,72.0,78.3,121.0,78.0,84.3,781.4,810.6,785.3,787.4,4.91,68.5,11.3,3.0,38.9,0.7,14.12,4.3,LANE_A,20000.0,-22.0,93.0,CRUISE_LOITER,LADAKH,1,0.25
1788419278.704,5142.6,2116.3,72.0,78.5,121.0,78.0,84.5,781.1,807.6,784.9,786.7,4.91,68.4,11.2,3.0,39.0,0.71,14.09,4.1,LANE_A,20000.0,-22.0,93.0,CRUISE_LOITER,LADAKH,1,0.25
1788419279.221,5135.9,2113.5,72.0,78.6,121.1,77.9,84.5,782.8,810.4,781.5,786.7,4.89,68.4,11.1,3.0,39.0,0.75,14.05,4.2,LANE_A,20000.0,-22.0,93.0,CRUISE_LOITER,LADAKH,1,0.25
1788419279.74,5127.2,2110.0,72.0,78.5,121.2,78.2,84.4,781.4,808.9,783.5,786.1,4.87,68.3,11.3,3.0,39.1,0.73,14.11,4.0,LANE_A,20000.0,-22.0,92.9,CRUISE_LOITER,LADAKH,1,0.25
1788419280.245,5141.1,2115.7,72.0,78.2,120.9,78.1,84.4,783.4,809.6,784.4,786.5,4.89,68.5,11.2,3.0,38.7,0.71,14.12,4.1,LANE_A,20000.0,-22.0,92.9,CRUISE_LOITER,LADAKH,1,0.25
1788419280.76,5133.6,2112.6,72.0,78.7,121.1,78.2,84.8,779.9,811.0,783.7,787.2,4.84,68.5,11.1,3.0,39.0,0.7,14.13,4.1,LANE_A,20000.0,-22.0,92.9,CRUISE_LOITER,LADAKH,1,0.25
1788419281.288,5129.7,2111.0,72.0,78.5,120.9,78.3,84.6,780.7,811.8,783.5,787.6,4.88,68.4,11.3,3.0,38.9,0.73,14.07,4.0,LANE_A,20000.0,-22.0,92.9,CRUISE_LOITER,LADAKH,1,0.25
1788419281.805,5179.7,2131.5,72.0,78.4,121.4,78.0,84.5,780.6,812.8,784.5,786.8,4.91,68.6,11.1,3.0,39.0,0.72,14.07,4.2,LANE_A,20000.0,-22.0,92.9,CRUISE_LOITER,LADAKH,1,0.25
1788419282.313,5129.6,2110.9,72.0,78.9,121.2,78.6,84.5,780.1,812.2,782.5,786.4,4.89,68.6,11.2,3.0,39.1,0.72,14.1,4.2,LANE_A,20000.0,-22.0,92.9,CRUISE_LOITER,LADAKH,1,0.25
1788419282.826,5137.7,2114.3,72.0,79.0,121.2,78.3,84.9,781.0,812.7,783.4,785.7,4.86,68.6,11.1,3.0,39.0,0.73,14.08,4.3,LANE_A,20000.0,-22.0,92.9,CRUISE_LOITER,LADAKH,1,0.25
1788419283.349,5130.8,2111.4,72.0,78.5,121.0,78.4,84.7,782.3,809.8,783.4,786.9,4.84,68.5,11.1,3.0,38.8,0.7,14.07,4.2,LANE_A,20000.0,-22.0,92.9,CRUISE_LOITER,LADAKH,1,0.25
1788419283.869,5145.5,2117.5,72.0,78.3,120.9,77.9,84.7,781.1,810.1,783.1,787.3,4.89,68.4,11.2,3.0,39.0,0.71,14.1,4.2,LANE_A,20000.0,-22.0,92.9,CRUISE_LOITER,LADAKH,1,0.25
1788419284.39,5147.5,2118.3,72.0,78.5,121.3,78.1,84.5,780.3,810.9,784.8,786.7,4.92,68.6,11.2,3.0,39.1,0.74,14.12,4.1,LANE_A,20000.0,-22.0,92.9,CRUISE_LOITER,LADAKH,1,0.25
1788419284.914,5129.4,2110.9,72.0,78.8,121.5,78.1,85.0,781.5,811.1,784.4,787.0,4.89,68.4,11.2,3.0,39.0,0.72,14.1,4.1,LANE_A,20000.0,-22.0,92.8,CRUISE_LOITER,LADAKH,1,0.25
1788419285.434,5134.4,2112.9,72.0,78.7,121.7,78.5,84.6,781.6,809.9,783.2,787.1,4.89,68.5,11.3,3.0,39.0,0.7,14.08,4.1,LANE_A,20000.0,-22.0,92.8,CRUISE_LOITER,LADAKH,1,0.25
1788419285.948,5134.6,2113.0,72.0,78.6,121.2,78.4,84.6,780.8,812.1,783.6,785.9,4.9,68.4,11.2,3.0,39.1,0.73,14.11,4.0,LANE_A,20000.0,-22.0,92.8,CRUISE_LOITER,LADAKH,1,0.25
1788419286.466,5136.8,2113.9,72.0,78.6,121.1,78.0,84.7,781.3,810.5,785.0,786.7,4.83,68.7,11.1,3.0,38.9,0.73,14.12,4.1,LANE_A,20000.0,-22.0,92.8,CRUISE_LOITER,LADAKH,1,0.25
1788419286.986,5131.1,2111.6,72.0,78.6,121.4,78.2,85.0,784.0,810.5,783.3,783.8,4.87,68.8,11.3,3.0,39.1,0.73,14.1,3.9,LANE_A,20000.0,-22.0,92.8,CRUISE_LOITER,LADAKH,1,0.25
1788419287.502,5147.1,2118.2,72.0,78.8,121.2,78.0,84.8,782.9,810.0,782.1,787.6,4.93,68.5,11.3,3.0,39.1,0.72,14.13,4.0,LANE_A,20000.0,-22.0,92.8,CRUISE_LOITER,LADAKH,1,0.25
1788419288.021,5147.1,2118.1,72.0,78.9,121.6,78.3,84.8,781.2,810.5,784.4,785.2,4.96,68.9,11.4,3.0,38.9,0.7,14.12,4.0,LANE_A,20000.0,-22.0,92.8,CRUISE_LOITER,LADAKH,1,0.25
1788419288.538,5153.5,2120.8,72.0,78.9,121.3,78.5,84.5,782.9,810.6,781.8,784.2,4.93,68.7,11.3,3.0,39.0,0.73,14.12,4.1,LANE_A,20000.0,-22.0,92.8,CRUISE_LOITER,LADAKH,1,0.25
1788419289.071,5140.4,2115.4,72.0,78.6,121.6,78.3,84.8,781.4,812.2,782.1,786.6,4.9,69.0,11.3,3.0,38.9,0.7,14.14,4.2,LANE_A,20000.0,-22.0,92.7,CRUISE_LOITER,LADAKH,1,0.25
1788419289.583,5143.7,2116.7,72.0,78.8,121.4,78.2,84.8,780.4,809.3,781.9,785.9,4.9,68.7,11.2,3.0,39.1,0.71,14.08,4.2,LANE_A,20000.0,-22.0,92.7,CRUISE_LOITER,LADAKH,1,0.25
1788419290.112,5152.7,2120.5,72.0,79.0,121.4,78.1,84.8,780.7,807.4,784.6,788.3,4.91,68.7,11.2,3.0,39.0,0.71,14.08,4.1,LANE_A,20000.0,-22.0,92.7,CRUISE_LOITER,LADAKH,1,0.25
1788419290.621,5170.4,2127.7,72.0,78.9,121.4,78.7,84.5,781.3,811.2,784.5,787.0,4.99,68.8,11.1,3.0,39.2,0.72,14.1,4.1,LANE_A,20000.0,-22.0,92.7,CRUISE_LOITER,LADAKH,1,0.25
1788419291.142,5155.2,2121.5,72.0,79.1,121.3,78.7,85.0,780.2,810.3,783.3,786.8,4.94,68.7,11.2,3.0,39.1,0.7,14.15,4.1,LANE_A,20000.0,-22.0,92.7,CRUISE_LOITER,LADAKH,1,0.25
1788419291.657,5159.1,2123.1,72.0,78.9,121.3,78.4,84.8,781.4,808.9,784.1,787.7,4.94,69.0,11.3,3.0,39.1,0.71,14.11,4.3,LANE_A,20000.0,-22.0,92.7,CRUISE_LOITER,LADAKH,1,0.25
1788419292.177,5133.2,2112.4,72.0,79.1,121.7,78.3,84.9,779.5,809.4,782.7,787.9,4.9,68.7,11.3,3.0,39.2,0.71,14.11,4.2,LANE_A,20000.0,-22.0,92.6,CRUISE_LOITER,LADAKH,1,0.25
1788419292.705,5151.0,2119.8,72.0,79.2,121.7,78.5,85.0,778.8,812.8,784.0,785.5,4.95,68.9,11.2,3.0,39.2,0.7,14.1,4.0,LANE_A,20000.0,-22.0,92.6,CRUISE_LOITER,LADAKH,1,0.25
1788419293.228,5153.0,2120.6,72.0,78.7,121.4,78.3,85.3,782.7,809.2,782.8,784.5,4.93,68.7,11.3,3.0,39.0,0.69,14.08,4.2,LANE_A,20000.0,-22.0,92.6,CRUISE_LOITER,LADAKH,1,0.25
1788419293.754,5162.1,2124.3,72.0,78.9,121.4,78.3,85.0,780.7,810.1,784.6,787.6,4.89,68.7,11.2,3.0,39.0,0.71,14.11,4.1,LANE_A,20000.0,-22.0,92.6,CRUISE_LOITER,LADAKH,1,0.25
1788419294.262,5145.5,2117.5,72.0,79.0,121.2,78.2,85.1,781.0,809.2,784.3,785.4,4.88,68.9,11.3,3.0,38.9,0.71,14.1,4.0,LANE_A,20000.0,-22.0,92.6,CRUISE_LOITER,LADAKH,1,0.25
1788419294.786,5142.4,2116.2,72.0,79.1,121.5,78.8,85.2,781.8,810.7,784.2,788.3,4.89,68.9,11.3,3.0,39.0,0.71,14.09,4.1,LANE_A,20000.0,-22.0,92.5,CRUISE_LOITER,LADAKH,1,0.25
1788419295.304,5142.8,2116.4,72.0,79.0,121.4,78.5,84.9,781.5,811.8,782.2,785.5,4.88,68.8,11.2,3.0,39.1,0.73,14.11,4.1,LANE_A,20000.0,-22.0,92.5,CRUISE_LOITER,LADAKH,1,0.25
1788419295.83,5149.3,2119.0,72.0,79.1,121.7,78.6,84.8,780.9,812.3,784.7,787.4,4.89,68.8,11.2,3.0,39.2,0.7,14.1,3.9,LANE_A,20000.0,-22.0,92.5,CRUISE_LOITER,LADAKH,1,0.25
1788419296.339,5146.1,2117.7,72.0,78.9,121.8,78.8,85.0,783.1,809.1,782.9,786.5,4.96,68.5,11.3,3.0,39.2,0.71,14.13,4.1,LANE_A,20000.0,-22.0,92.5,CRUISE_LOITER,LADAKH,1,0.25
1788419296.844,5172.0,2128.4,72.0,78.8,121.7,78.8,84.8,782.4,810.6,782.5,788.5,4.9,69.0,11.4,3.0,38.9,0.72,14.16,4.1,LANE_A,20000.0,-22.0,92.4,CRUISE_LOITER,LADAKH,1,0.25
1788419297.383,5164.0,2125.1,72.0,78.8,121.7,78.6,85.0,781.6,810.8,783.6,787.7,4.9,68.9,11.4,3.0,39.0,0.74,14.12,4.3,LANE_A,20000.0,-22.0,92.4,CRUISE_LOITER,LADAKH,1,0.25
1788419298.457,5154.5,2121.2,72.0,79.0,121.7,78.7,85.2,781.2,810.4,781.9,787.1,4.87,68.9,11.2,3.0,39.3,0.73,14.11,4.1,LANE_A,20000.0,-22.0,92.4,CRUISE_LOITER,LADAKH,1,0.25
1788419298.999,5163.2,2124.8,72.0,79.0,121.8,78.5,85.5,779.0,810.3,784.3,785.5,4.82,68.8,11.2,3.0,39.2,0.72,14.08,4.1,LANE_A,20000.0,-22.0,92.4,CRUISE_LOITER,LADAKH,1,0.25
1788419299.51,5171.5,2128.2,72.0,78.9,121.9,78.6,85.2,783.0,810.7,782.7,785.6,4.88,69.1,11.1,3.0,38.9,0.71,14.09,4.0,LANE_A,20000.0,-22.0,92.3,CRUISE_LOITER,LADAKH,1,0.25
1788419300.038,5159.6,2123.3,72.0,79.1,121.9,78.9,85.2,782.0,810.6,783.4,785.9,4.86,69.0,11.3,3.0,39.1,0.72,14.11,4.2,LANE_A,20000.0,-22.0,92.3,CRUISE_LOITER,LADAKH,1,0.25
1788419300.555,5156.6,2122.1,72.0,79.1,121.7,78.7,85.4,781.8,810.4,783.3,786.7,4.92,68.8,11.2,3.0,39.3,0.72,14.11,4.0,LANE_A,20000.0,-22.0,92.3,CRUISE_LOITER,LADAKH,1,0.25
1788419301.068,5137.3,2114.1,72.0,79.3,121.8,79.1,85.4,780.8,812.4,781.6,787.3,4.93,68.9,11.3,3.0,39.3,0.74,14.11,4.0,LANE_A,20000.0,-22.0,92.3,CRUISE_LOITER,LADAKH,1,0.25
1788419301.582,5152.7,2120.5,72.0,79.2,121.6,78.3,85.6,780.7,810.4,784.9,786.1,4.89,69.2,11.2,3.0,39.2,0.73,14.1,4.2,LANE_A,20000.0,-22.0,92.2,CRUISE_LOITER,LADAKH,1,0.25
1788419302.094,5140.6,2115.5,72.0,79.4,122.0,78.9,85.3,780.1,811.8,782.7,787.8,4.89,69.4,11.3,3.0,39.0,0.73,14.09,4.1,LANE_A,20000.0,-22.0,92.2,CRUISE_LOITER,LADAKH,1,0.25
1788419302.627,5126.0,2109.5,72.0,79.3,121.8,78.8,85.2,781.3,810.4,784.8,785.5,4.93,69.2,11.2,3.0,39.2,0.72,14.13,4.2,LANE_A,20000.0,-22.0,92.2,CRUISE_LOITER,LADAKH,1,0.25
1788419303.145,5149.9,2119.3,72.0,79.6,121.7,78.7,85.5,778.8,809.8,784.1,785.2,4.89,69.2,11.2,3.0,39.4,0.72,14.09,4.1,LANE_A,20000.0,-22.0,92.2,CRUISE_LOITER,LADAKH,1,0.25
1788419303.649,5162.2,2124.3,72.0,79.4,121.9,79.0,85.3,782.1,809.6,785.5,785.9,4.9,68.9,11.2,3.0,39.4,0.72,14.09,4.1,LANE_A,20000.0,-22.0,92.1,CRUISE_LOITER,LADAKH,1,0.25
1788419304.168,5165.9,2125.9,72.0,79.2,122.1,79.1,85.0,780.3,810.6,783.0,785.2,4.9,69.3,11.2,3.0,39.4,0.73,14.09,4.2,LANE_A,20000.0,-22.0,92.1,CRUISE_LOITER,LADAKH,1,0.25
1788419304.698,5140.3,2115.3,72.0,79.2,121.7,79.0,85.1,779.6,811.2,784.7,788.1,4.83,69.1,11.2,3.0,38.9,0.73,14.09,4.2,LANE_A,20000.0,-22.0,92.1,CRUISE_LOITER,LADAKH,1,0.25
1788419305.213,5122.9,2108.2,72.0,79.4,121.8,78.8,85.6,780.3,811.1,782.7,783.6,4.87,69.0,11.4,3.0,39.2,0.71,14.12,4.0,LANE_A,20000.0,-22.0,92.1,CRUISE_LOITER,LADAKH,1,0.25
1788419305.732,5147.2,2118.2,72.0,79.5,121.4,78.6,85.1,781.6,811.5,783.3,787.0,4.87,69.1,11.2,3.0,39.1,0.72,14.1,4.1,LANE_A,20000.0,-22.0,92.0,CRUISE_LOITER,LADAKH,1,0.25
1788419306.239,5146.0,2117.7,72.0,79.3,121.5,79.0,85.5,780.2,810.4,783.2,786.6,4.88,69.4,11.4,3.0,39.2,0.73,14.08,4.1,LANE_A,20000.0,-22.0,92.0,CRUISE_LOITER,LADAKH,1,0.25
1788419306.767,5158.6,2122.9,72.0,79.1,122.0,78.8,85.8,780.6,810.6,784.1,787.7,4.87,69.2,11.2,3.0,39.3,0.74,14.08,4.1,LANE_A,20000.0,-22.0,92.0,CRUISE_LOITER,LADAKH,1,0.25
1788419307.283,5151.2,2119.8,72.0,79.5,121.8,79.1,85.4,780.2,812.7,784.5,786.2,4.9,69.6,11.2,3.0,39.3,0.74,14.1,4.0,LANE_A,20000.0,-22.0,91.9,CRUISE_LOITER,LADAKH,1,0.25
1788419307.793,5164.5,2125.3,72.0,79.6,122.1,79.0,85.4,780.7,811.3,782.0,787.0,4.9,69.0,11.3,3.1,39.2,0.73,14.07,4.0,LANE_A,20000.0,-22.0,91.9,CRUISE_LOITER,LADAKH,1,0.25
1788419308.315,5147.1,2118.1,72.0,79.7,122.0,79.3,85.4,782.9,812.7,784.4,785.7,4.93,69.4,11.3,3.0,39.3,0.73,14.11,4.1,LANE_A,20000.0,-22.0,91.9,CRUISE_LOITER,LADAKH,1,0.25
1788419308.829,5156.4,2122.0,72.0,79.5,121.9,78.7,85.7,780.7,813.4,781.8,788.4,4.87,69.5,11.3,3.0,39.4,0.71,14.07,4.0,LANE_A,20000.0,-22.0,91.8,CRUISE_LOITER,LADAKH,1,0.25
1788419309.34,5169.1,2127.2,72.0,79.7,121.8,79.0,85.5,779.5,810.3,781.0,786.8,4.92,69.3,11.2,3.0,39.1,0.73,14.1,4.3,LANE_A,20000.0,-22.0,91.8,CRUISE_LOITER,LADAKH,1,0.25
1788419309.86,5146.5,2117.9,72.0,79.5,121.5,79.0,85.6,781.3,810.3,783.4,788.1,4.87,69.6,11.3,3.0,39.3,0.72,14.12,4.0,LANE_A,20000.0,-22.0,91.8,CRUISE_LOITER,LADAKH,1,0.25
1788419310.699,5137.6,2114.2,72.0,79.8,122.0,79.4,85.3,779.7,811.9,785.1,786.3,4.91,69.3,11.3,3.0,39.2,0.73,14.1,3.8,LANE_A,20000.0,-22.0,91.7,CRUISE_LOITER,LADAKH,1,0.25
1788419311.214,5158.6,2122.9,72.0,79.6,122.1,79.2,85.7,782.2,810.9,782.4,785.7,4.9,69.6,11.3,3.0,39.3,0.73,14.07,4.1,LANE_A,20000.0,-22.0,91.7,CRUISE_LOITER,LADAKH,1,0.25
1788419311.729,5157.6,2122.5,72.0,79.6,122.4,79.3,85.7,781.9,810.5,784.9,786.2,4.88,69.3,11.3,3.0,39.2,0.72,14.09,3.9,LANE_A,20000.0,-22.0,91.7,CRUISE_LOITER,LADAKH,1,0.25
1788419312.244,5170.7,2127.9,72.0,79.6,122.1,79.0,85.8,781.6,810.7,783.4,785.0,4.94,69.2,11.4,3.0,39.5,0.71,14.09,4.2,LANE_A,20000.0,-22.0,91.6,CRUISE_LOITER,LADAKH,1,0.25
1788419312.769,5170.0,2127.6,72.0,79.7,122.4,79.0,85.4,781.3,808.2,786.0,787.6,4.91,69.3,11.4,3.0,39.4,0.72,14.09,4.2,LANE_A,20000.0,-22.0,91.6,CRUISE_LOITER,LADAKH,1,0.25
1788419313.277,5163.1,2124.8,72.0,79.9,121.9,79.1,85.6,779.0,810.7,782.6,787.6,4.89,69.5,11.2,3.0,39.4,0.72,14.09,4.0,LANE_A,20000.0,-22.0,91.6,CRUISE_LOITER,LADAKH,1,0.25
1788419313.787,5147.0,2118.1,72.0,79.4,121.9,79.3,85.8,779.6,809.6,782.7,785.6,4.89,69.7,11.3,3.0,39.4,0.72,14.07,4.3,LANE_A,20000.0,-22.0,91.5,CRUISE_LOITER,LADAKH,1,0.25
1788419314.311,5147.1,2118.1,72.0,79.8,122.1,79.2,85.6,781.4,813.0,781.2,787.0,4.93,69.6,11.4,3.0,39.3,0.75,14.09,4.2,LANE_A,20000.0,-22.0,91.5,CRUISE_LOITER,LADAKH,1,0.25
1788419314.832,5160.1,2123.5,72.0,79.7,122.3,79.1,85.7,781.3,810.9,782.9,786.2,4.92,69.8,11.2,3.0,39.4,0.74,14.09,4.0,LANE_A,20000.0,-22.0,91.5,CRUISE_LOITER,LADAKH,1,0.25
1788419315.337,5140.1,2115.3,72.0,79.7,122.2,79.5,85.8,781.5,810.0,783.0,786.2,4.88,69.6,11.2,3.0,39.3,0.76,14.04,4.3,LANE_A,20000.0,-22.0,91.4,CRUISE_LOITER,LADAKH,1,0.25
1788419315.86,5165.2,2125.6,72.0,79.8,122.7,79.0,85.7,781.4,809.4,782.6,787.9,4.9,69.6,11.3,3.0,39.4,0.71,14.08,4.1,LANE_A,20000.0,-22.0,91.4,CRUISE_LOITER,LADAKH,1,0.25
1788419316.385,5155.3,2121.5,72.0,79.8,122.2,79.3,85.9,781.8,811.3,782.1,786.8,4.88,69.4,11.3,3.0,39.4,0.74,14.08,4.0,LANE_A,20000.0,-22.0,91.4,CRUISE_LOITER,LADAKH,1,0.25
1788419316.905,5157.8,2122.5,72.0,79.7,122.4,79.3,85.6,783.0,810.4,785.1,785.0,4.85,69.7,11.4,3.0,39.4,0.72,14.09,4.2,LANE_A,20000.0,-22.0,91.3,CRUISE_LOITER,LADAKH,1,0.25
1788419317.42,5159.6,2123.3,72.0,80.1,122.5,79.5,85.8,780.5,809.7,783.5,787.3,4.91,69.8,11.4,3.0,39.6,0.7,14.07,4.2,LANE_A,20000.0,-22.0,91.3,CRUISE_LOITER,LADAKH,1,0.25
1788419318.507,5162.0,2124.3,72.0,79.8,122.2,79.3,85.8,782.5,809.0,783.6,786.9,4.85,69.7,11.3,3.0,39.2,0.74,14.1,4.2,LANE_A,20000.0,-22.0,91.2,CRUISE_LOITER,LADAKH,1,0.25
1788419319.01,5164.0,2125.1,72.0,79.8,122.7,79.6,86.0,780.9,809.3,784.7,785.5,4.94,69.9,11.2,3.0,39.2,0.7,14.09,4.1,LANE_A,20000.0,-22.0,91.2,CRUISE_LOITER,LADAKH,1,0.25
1788419319.532,5168.9,2127.1,72.0,79.8,122.4,79.5,85.7,781.7,810.0,784.4,786.8,4.95,69.6,11.3,3.0,39.5,0.73,14.09,4.2,LANE_A,20000.0,-22.0,91.2,CRUISE_LOITER,LADAKH,1,0.25
1788419320.039,5175.1,2129.7,72.0,79.7,122.3,79.6,86.1,780.8,810.5,784.8,788.5,4.88,69.8,11.4,3.0,39.3,0.74,14.12,4.2,LANE_A,20000.0,-22.0,91.1,CRUISE_LOITER,LADAKH,1,0.25
1788419320.571,5157.6,2122.5,72.0,80.1,122.5,79.8,85.8,782.3,811.6,784.3,785.4,4.92,69.8,11.2,3.0,39.5,0.71,14.1,4.3,LANE_A,20000.0,-22.0,91.1,CRUISE_LOITER,LADAKH,1,0.25
1788419321.085,5172.6,2128.6,72.0,80.0,122.2,79.5,86.1,781.4,809.2,783.9,789.4,4.82,69.6,11.5,3.0,39.4,0.74,14.07,4.3,LANE_A,20000.0,-22.0,91.0,CRUISE_LOITER,LADAKH,1,0.25
1788419321.603,5167.8,2126.7,72.0,80.2,122.6,79.6,86.1,780.6,810.3,783.9,785.6,4.89,69.8,11.3,3.0,39.3,0.71,14.09,4.2,LANE_A,20000.0,-22.0,91.0,CRUISE_LOITER,LADAKH,1,0.25
1788419322.115,5162.4,2124.5,72.0,80.1,122.3,79.8,85.9,782.1,809.9,783.0,788.9,4.82,69.7,11.3,3.0,39.5,0.75,14.1,4.0,LANE_A,20000.0,-22.0,91.0,CRUISE_LOITER,LADAKH,1,0.25
1788419322.63,5177.4,2130.6,72.0,80.3,122.8,79.6,86.5,780.4,810.0,784.3,787.5,4.89,69.8,11.5,3.0,39.5,0.73,14.07,4.1,LANE_A,20000.0,-22.0,90.9,CRUISE_LOITER,LADAKH,1,0.25
1788419323.154,5168.1,2126.8,72.0,80.1,122.5,79.6,86.2,780.1,810.4,782.5,785.9,4.82,69.8,11.4,3.0,39.2,0.71,14.11,4.1,LANE_A,20000.0,-22.0,90.9,CRUISE_LOITER,LADAKH,1,0.25
1788419323.665,5162.9,2124.7,72.0,80.0,122.2,79.6,86.1,781.3,811.1,783.5,784.5,4.86,70.0,11.4,3.0,39.4,0.71,14.11,4.1,LANE_A,20000.0,-22.0,90.8,CRUISE_LOITER,LADAKH,1,0.25
1788419324.173,5160.7,2123.7,72.0,80.0,122.4,79.9,86.4,781.8,810.6,783.9,786.9,4.86,69.8,11.4,3.0,39.3,0.71,14.13,4.1,LANE_A,20000.0,-22.0,90.8,CRUISE_LOITER,LADAKH,1,0.25
1788419324.707,5167.7,2126.6,72.0,80.2,122.7,79.7,85.9,783.3,810.5,784.8,785.3,4.87,69.9,11.3,3.0,39.3,0.75,14.12,4.2,LANE_A,20000.0,-22.0,90.8,CRUISE_LOITER,LADAKH,1,0.25
1788419325.229,5168.0,2126.7,72.0,80.2,122.4,79.8,86.4,782.9,810.8,782.5,787.3,4.89,70.1,11.3,3.0,39.6,0.72,14.1,4.2,LANE_A,20000.0,-22.0,90.7,CRUISE_LOITER,LADAKH,1,0.25
1788419325.745,5196.2,2138.3,72.0,80.4,123.1,79.8,86.1,781.2,810.4,783.5,787.5,4.87,69.8,11.3,3.0,39.5,0.71,14.1,4.1,LANE_A,20000.0,-22.0,90.7,CRUISE_LOITER,LADAKH,1,0.25
1788419326.266,5147.0,2118.1,72.0,80.3,122.9,79.7,86.5,779.3,810.9,782.1,785.9,4.87,70.2,11.4,3.0,39.5,0.72,14.09,4.3,LANE_A,20000.0,-22.0,90.6,CRUISE_LOITER,LADAKH,1,0.25
1788419326.781,5176.6,2130.3,72.0,80.4,123.0,79.7,86.0,781.5,811.0,783.3,785.4,4.88,70.2,11.3,3.0,39.4,0.75,14.1,4.0,LANE_A,20000.0,-22.0,90.6,CRUISE_LOITER,LADAKH,1,0.25
1788419327.313,5175.9,2130.0,72.0,80.4,122.7,80.1,86.3,782.4,811.8,784.4,787.6,4.91,70.1,11.3,3.0,39.4,0.71,14.13,4.1,LANE_A,20000.0,-22.0,90.5,CRUISE_LOITER,LADAKH,1,0.25
1788419327.824,5172.0,2128.4,72.0,80.4,122.9,79.9,86.3,782.0,808.8,785.0,787.8,4.89,70.1,11.4,3.0,39.5,0.75,14.09,4.0,LANE_A,20000.0,-22.0,90.5,CRUISE_LOITER,LADAKH,1,0.25
1788419328.354,5153.2,2120.7,72.0,80.4,122.8,80.0,86.2,781.5,811.7,784.2,787.7,4.91,70.1,11.5,3.0,39.3,0.71,14.12,4.0,LANE_A,20000.0,-22.0,90.5,CRUISE_LOITER,LADAKH,1,0.25
1788419328.857,5180.5,2131.9,72.0,80.5,122.8,80.1,86.4,781.4,811.3,782.0,786.1,4.88,70.2,11.4,3.0,39.4,0.7,14.08,4.2,LANE_A,20000.0,-22.0,90.4,CRUISE_LOITER,LADAKH,1,0.25
1788419329.373,5157.4,2122.4,72.0,80.5,122.9,80.0,86.6,781.1,813.0,782.4,786.7,4.88,70.2,11.4,3.0,39.7,0.73,14.09,4.2,LANE_A,20000.0,-22.0,90.4,CRUISE_LOITER,LADAKH,1,0.25
1788419329.89,5129.2,2110.8,72.0,80.2,123.1,80.0,86.7,783.3,811.0,783.8,788.1,4.88,70.3,11.5,3.0,39.4,0.71,14.11,4.0,LANE_A,20000.0,-22.0,90.3,CRUISE_LOITER,LADAKH,1,0.25
1788419330.403,5145.4,2117.4,72.0,80.3,122.7,80.2,86.5,780.8,812.1,783.1,786.0,4.83,70.2,11.6,3.0,39.4,0.72,14.1,4.0,LANE_A,20000.0,-22.0,90.3,CRUISE_LOITER,LADAKH,1,0.25
1788419330.923,5157.9,2122.6,72.0,80.7,123.1,80.3,86.3,781.7,810.6,782.9,785.8,4.88,70.5,11.5,3.0,39.3,0.74,14.1,4.2,LANE_A,20000.0,-22.0,90.2,CRUISE_LOITER,LADAKH,1,0.25
1788419331.457,5170.4,2127.7,72.0,80.3,123.1,79.9,87.1,779.5,810.6,784.6,787.9,4.86,70.6,11.4,3.0,39.5,0.73,14.11,4.1,LANE_A,20000.0,-22.0,90.2,CRUISE_LOITER,LADAKH,1,0.25
1788419331.963,5166.5,2126.1,72.0,80.5,123.3,80.1,86.5,780.5,811.1,782.1,786.5,4.91,70.2,11.4,3.0,39.7,0.71,14.13,3.9,LANE_A,20000.0,-22.0,90.2,CRUISE_LOITER,LADAKH,1,0.25
1788419332.482,5162.4,2124.4,72.0,80.5,123.3,80.2,86.5,780.2,809.7,785.0,788.1,4.91,70.4,11.4,3.0,39.8,0.71,14.09,4.1,LANE_A,20000.0,-22.0,90.1,CRUISE_LOITER,LADAKH,1,0.25
1788419333.016,5149.0,2118.9,72.0,80.8,123.1,80.2,86.6,780.6,811.7,784.5,785.4,4.85,70.3,11.3,3.0,39.5,0.73,14.09,4.2,LANE_A,20000.0,-22.0,90.1,CRUISE_LOITER,LADAKH,1,0.25
1788419333.531,5174.4,2129.4,72.0,80.5,123.1,80.1,86.7,782.7,810.2,782.4,784.8,4.89,70.2,11.3,3.0,39.6,0.71,14.06,4.1,LANE_A,20000.0,-22.0,90.0,CRUISE_LOITER,LADAKH,1,0.25
1788419334.095,5157.2,2122.3,72.0,80.3,123.2,80.2,86.5,780.7,809.1,785.2,788.8,4.94,70.3,11.5,3.0,39.4,0.78,14.1,4.1,LANE_A,20000.0,-22.0,90.0,CRUISE_LOITER,LADAKH,1,0.25
1788419334.652,5177.3,2130.6,72.0,80.7,123.1,80.1,86.7,782.2,811.7,784.3,788.6,4.83,70.2,11.4,3.0,39.5,0.72,14.1,4.0,LANE_A,20000.0,-22.0,89.9,CRUISE_LOITER,LADAKH,1,0.25
1788419335.212,5169.4,2127.3,72.0,80.7,123.5,80.5,86.8,781.8,810.8,783.9,787.5,4.89,70.5,11.4,3.0,39.5,0.74,14.08,4.1,LANE_A,20000.0,-22.0,89.9,CRUISE_LOITER,LADAKH,1,0.25
1788419335.768,5159.7,2123.3,72.0,80.9,123.1,80.3,86.9,780.0,810.6,784.9,785.3,4.89,70.3,11.5,3.0,39.5,0.71,14.13,4.1,LANE_A,20000.0,-22.0,89.8,CRUISE_LOITER,LADAKH,1,0.25
1788419336.332,5150.8,2119.7,72.0,80.9,123.3,80.0,86.5,784.6,810.6,784.0,787.0,4.87,70.4,11.6,3.0,39.6,0.71,14.11,4.3,LANE_A,20000.0,-22.0,89.8,CRUISE_LOITER,LADAKH,1,0.25
1788419336.883,5173.8,2129.1,72.0,80.7,123.3,80.5,86.9,780.2,811.0,782.5,786.8,4.86,70.3,11.5,3.0,39.7,0.72,14.1,4.0,LANE_A,20000.0,-22.0,89.7,CRUISE_LOITER,LADAKH,1,0.25
1788419337.429,5174.4,2129.4,72.0,80.7,123.5,80.5,86.9,783.0,811.9,785.5,787.5,4.89,70.4,11.4,3.0,39.7,0.73,14.06,3.9,LANE_A,20000.0,-22.0,89.7,CRUISE_LOITER,LADAKH,1,0.25
1788419338.768,5162.0,2124.3,72.0,81.0,123.4,80.1,86.9,781.0,810.4,783.0,786.3,4.89,70.6,11.4,3.0,39.8,0.75,14.11,4.2,LANE_A,20000.0,-22.0,89.6,CRUISE_LOITER,LADAKH,1,0.25
1788419339.302,5177.8,2130.8,72.0,80.7,123.3,80.6,86.7,782.3,812.3,784.3,787.1,4.89,70.6,11.3,3.0,39.6,0.74,14.1,4.1,LANE_A,20000.0,-22.0,89.6,CRUISE_LOITER,LADAKH,1,0.25
1788419339.834,5185.7,2134.1,72.0,80.9,123.6,80.6,86.9,781.9,810.0,785.3,784.5,4.94,70.5,11.5,3.0,39.5,0.73,14.12,4.2,LANE_A,20000.0,-22.0,89.5,CRUISE_LOITER,LADAKH,1,0.25
1788419340.375,5164.7,2125.4,72.0,81.0,123.8,80.6,86.9,780.7,811.5,784.2,786.9,4.87,70.5,11.4,3.0,39.7,0.72,14.09,4.0,LANE_A,20000.0,-22.0,89.5,CRUISE_LOITER,LADAKH,1,0.25
1788419340.901,5157.0,2122.2,72.0,80.7,123.7,80.2,87.2,783.3,811.3,781.5,787.9,4.84,70.8,11.4,3.0,39.6,0.73,14.13,4.1,LANE_A,20000.0,-22.0,89.5,CRUISE_LOITER,LADAKH,1,0.25
1788419341.442,5158.6,2122.9,72.0,81.2,123.6,80.8,87.3,782.0,810.4,783.2,786.2,4.91,70.8,11.6,3.0,39.6,0.71,14.09,4.1,LANE_A,20000.0,-22.0,89.4,CRUISE_LOITER,LADAKH,1,0.25
1788419341.971,5150.1,2119.4,72.0,81.2,123.3,80.8,87.1,780.1,809.0,784.8,785.8,4.89,70.6,11.3,3.0,39.9,0.71,14.15,4.0,LANE_A,20000.0,-22.0,89.4,CRUISE_LOITER,LADAKH,1,0.25
1788419342.485,5200.1,2140.0,72.0,81.2,123.5,80.4,87.0,780.7,809.7,786.5,788.0,4.87,70.6,11.5,3.0,39.6,0.73,14.12,4.0,LANE_A,20000.0,-22.0,89.3,CRUISE_LOITER,LADAKH,1,0.25
1788419343.036,5170.0,2127.6,72.0,81.2,123.5,80.3,87.0,781.5,808.6,783.3,786.2,4.86,70.6,11.5,3.0,39.7,0.75,14.1,3.9,LANE_A,20000.0,-22.0,89.3,CRUISE_LOITER,LADAKH,1,0.25
1788419343.602,5156.3,2121.9,72.0,81.2,124.0,80.5,86.8,782.0,810.7,784.3,787.3,4.88,70.8,11.5,3.0,39.8,0.71,14.14,4.2,LANE_A,20000.0,-22.0,89.2,CRUISE_LOITER,LADAKH,1,0.25
1788419344.14,5202.1,2140.8,72.0,81.1,124.2,80.8,87.1,781.7,809.2,784.1,785.6,4.85,71.0,11.5,3.0,39.9,0.71,14.09,4.1,LANE_A,20000.0,-22.0,89.2,CRUISE_LOITER,LADAKH,1,0.25
1788419344.669,5173.4,2129.0,72.0,81.1,123.8,80.8,87.0,781.3,808.2,782.8,784.3,4.91,70.9,11.5,3.0,39.7,0.7,14.1,4.0,LANE_A,20000.0,-22.0,89.1,CRUISE_LOITER,LADAKH,1,0.25
1788419345.197,5167.9,2126.7,72.0,81.0,123.7,80.7,87.6,782.5,810.6,784.0,787.4,4.86,71.2,11.5,3.0,39.8,0.72,14.12,4.2,LANE_A,20000.0,-22.0,89.1,CRUISE_LOITER,LADAKH,1,0.25
1788419345.73,5177.5,2130.7,72.0,81.2,123.8,80.8,87.1,781.7,810.0,780.0,786.2,4.86,70.8,11.6,3.0,39.6,0.73,14.11,4.0,LANE_A,20000.0,-22.0,89.0,CRUISE_LOITER,LADAKH,1,0.25
1788419346.265,5181.1,2132.1,72.0,81.0,123.5,80.5,87.2,780.4,812.1,786.1,787.2,4.83,70.8,11.5,3.0,39.7,0.7,14.11,4.4,LANE_A,20000.0,-22.0,89.0,CRUISE_LOITER,LADAKH,1,0.25
1788419346.774,5179.2,2131.4,72.0,81.3,124.3,80.7,87.4,783.1,811.0,784.5,786.2,4.88,71.0,11.5,3.0,39.6,0.73,14.08,4.2,LANE_A,20000.0,-22.0,88.9,CRUISE_LOITER,LADAKH,1,0.25
1788419347.303,5198.3,2139.2,72.0,81.5,123.8,80.9,87.8,780.5,810.3,785.2,785.8,4.86,70.9,11.5,3.0,39.6,0.73,14.09,4.0,LANE_A,20000.0,-22.0,88.9,CRUISE_LOITER,LADAKH,1,0.25
1788419347.808,5183.6,2133.2,72.0,81.2,124.0,81.0,87.4,781.9,811.9,784.1,786.7,4.84,71.1,11.4,3.0,39.8,0.73,14.11,4.2,LANE_A,20000.0,-22.0,88.8,CRUISE_LOITER,LADAKH,1,0.25
1788419348.323,5169.3,2127.3,72.0,81.3,123.8,80.9,87.6,781.6,808.1,783.9,788.9,4.91,71.2,11.5,3.0,39.5,0.72,14.13,4.0,LANE_A,20000.0,-22.0,88.8,CRUISE_LOITER,LADAKH,1,0.25
1788419348.836,5172.0,2128.4,72.0,81.5,123.8,80.8,87.3,781.4,810.7,782.8,788.0,4.87,71.2,11.4,3.0,39.9,0.68,14.11,4.0,LANE_A,20000.0,-22.0,88.7,CRUISE_LOITER,LADAKH,1,0.25
1788419349.35,5190.2,2135.9,72.0,81.6,124.1,80.8,87.5,780.3,813.4,783.4,785.6,4.87,71.0,11.4,3.0,39.7,0.72,14.13,4.1,LANE_A,20000.0,-22.0,88.7,CRUISE_LOITER,LADAKH,1,0.25
1788419349.867,5169.5,2127.4,72.0,81.5,124.3,81.1,87.2,781.1,811.2,785.5,787.2,4.89,71.0,11.5,3.0,39.9,0.73,14.1,4.1,LANE_A,20000.0,-22.0,88.6,CRUISE_LOITER,LADAKH,1,0.25
1788419350.376,5164.1,2125.1,72.0,81.8,123.9,81.1,87.4,782.2,810.4,786.8,786.0,4.86,70.9,11.6,3.0,39.7,0.72,14.1,4.0,LANE_A,20000.0,-22.0,88.6,CRUISE_LOITER,LADAKH,1,0.25
1788419350.882,5167.7,2126.6,72.0,81.5,124.1,81.3,87.8,780.8,813.7,783.0,788.9,4.87,71.1,11.6,3.0,39.9,0.73,14.11,4.0,LANE_A,20000.0,-22.0,88.5,CRUISE_LOITER,LADAKH,1,0.25
1788419351.396,5172.0,2128.4,72.0,81.8,124.6,81.2,87.5,783.0,811.4,786.5,785.4,4.81,71.1,11.6,3.0,39.7,0.72,14.11,4.2,LANE_A,20000.0,-22.0,88.5,CRUISE_LOITER,LADAKH,1,0.25
1788419351.905,5174.6,2129.5,72.0,81.4,124.2,81.2,87.6,781.1,810.1,784.9,786.9,4.92,71.0,11.5,3.0,39.9,0.72,14.13,4.1,LANE_A,20000.0,-22.0,88.4,CRUISE_LOITER,LADAKH,1,0.25
1788419352.424,5192.6,2136.9,72.0,82.0,124.1,81.1,87.7,781.3,810.6,783.7,785.0,4.89,71.4,11.5,3.0,39.9,0.71,14.09,4.1,LANE_A,20000.0,-22.0,88.4,CRUISE_LOITER,LADAKH,1,0.25
1788419352.947,5162.9,2124.6,72.0,81.3,124.1,81.3,87.8,781.9,810.5,784.9,788.8,4.9,71.0,11.6,3.0,39.7,0.72,14.08,4.0,LANE_A,20000.0,-22.0,88.3,CRUISE_LOITER,LADAKH,1,0.25
1788419353.479,5194.6,2137.7,72.0,81.6,124.4,81.4,87.9,780.9,812.3,783.8,788.0,4.82,71.2,11.5,3.0,39.9,0.73,14.1,4.0,LANE_A,20000.0,-22.0,88.3,CRUISE_LOITER,LADAKH,1,0.25
1788419353.995,5184.0,2133.4,72.0,81.9,124.1,81.2,87.6,782.4,811.3,783.9,788.2,4.85,71.3,11.7,3.0,40.0,0.72,14.12,4.2,LANE_A,20000.0,-22.0,88.2,CRUISE_LOITER,LADAKH,1,0.25
1788419354.531,5197.1,2138.7,72.0,81.9,124.2,81.5,87.6,781.6,812.4,784.5,788.1,4.87,71.2,11.6,3.0,40.0,0.74,14.1,4.0,LANE_A,20000.0,-22.0,88.2,CRUISE_LOITER,LADAKH,1,0.25
1788419355.047,5178.3,2131.0,72.0,82.1,124.4,81.1,87.7,783.3,812.0,782.5,787.0,4.89,71.2,11.5,3.0,40.0,0.73,14.08,4.2,LANE_A,20000.0,-22.0,88.1,CRUISE_LOITER,LADAKH,1,0.25
1788419355.574,5201.2,2140.4,72.0,82.0,124.5,81.4,88.4,782.3,811.9,783.9,786.9,4.83,71.5,11.5,3.0,39.7,0.72,14.1,4.1,LANE_A,20000.0,-22.0,88.1,CRUISE_LOITER,LADAKH,1,0.25
1788419356.099,5163.9,2125.1,72.0,82.0,124.3,81.5,88.1,781.6,811.5,784.8,787.5,4.84,71.5,11.5,3.0,40.1,0.72,14.09,4.2,LANE_A,20000.0,-22.0,88.0,CRUISE_LOITER,LADAKH,1,0.25
1788419356.626,5188.0,2135.0,72.0,81.8,124.5,81.5,88.3,779.4,808.7,782.3,787.6,4.86,71.5,11.5,3.0,40.0,0.72,14.09,4.3,LANE_A,20000.0,-22.0,88.0,CRUISE_LOITER,LADAKH,1,0.25
1788419357.128,5149.4,2119.1,72.0,82.0,124.5,81.1,87.8,783.1,809.7,783.1,789.0,4.82,71.6,11.6,3.0,39.8,0.75,14.11,4.2,LANE_A,20000.0,-22.0,87.9,CRUISE_LOITER,LADAKH,1,0.25
1788419357.654,5174.5,2129.4,72.0,81.9,124.6,81.3,88.2,779.8,809.6,786.1,787.0,4.91,71.7,11.6,3.0,39.9,0.73,14.11,4.1,LANE_A,20000.0,-22.0,87.9,CRUISE_LOITER,LADAKH,1,0.25
1788419358.735,5185.4,2133.9,72.0,81.8,124.2,81.4,88.3,783.3,812.3,784.4,787.4,4.85,71.6,11.7,3.0,39.9,0.73,14.09,4.3,LANE_A,20000.0,-22.0,87.8,CRUISE_LOITER,LADAKH,1,0.25
1788419359.238,5189.8,2135.7,72.0,82.0,124.6,81.4,88.1,782.9,811.7,785.0,787.4,4.85,71.6,11.6,3.0,40.0,0.73,14.08,4.1,LANE_A,20000.0,-22.0,87.8,CRUISE_LOITER,LADAKH,1,0.25
1788419359.76,5185.0,2133.7,72.0,82.1,124.6,81.5,87.8,783.7,811.5,784.0,786.2,4.93,71.6,11.5,3.0,39.9,0.71,14.1,4.0,LANE_A,20000.0,-22.0,87.7,CRUISE_LOITER,LADAKH,1,0.25
1788419360.276,5171.4,2128.2,72.0,82.2,124.7,81.8,88.5,783.6,810.6,785.8,786.5,4.91,71.3,11.5,3.0,39.9,0.72,14.13,4.1,LANE_A,20000.0,-22.0,87.7,CRUISE_LOITER,LADAKH,1,0.25
1788419360.794,5176.5,2130.3,72.0,82.3,124.8,81.8,88.4,784.8,812.7,784.3,787.4,4.87,71.9,11.4,3.0,40.0,0.73,14.1,4.0,LANE_A,20000.0,-22.0,87.6,CRUISE_LOITER,LADAKH,1,0.25
1788419361.303,5165.5,2125.7,72.0,82.7,124.9,81.6,87.8,782.5,811.7,784.0,788.7,4.89,71.6,11.6,3.0,39.9,0.74,14.08,4.0,LANE_A,20000.0,-22.0,87.6,CRUISE_LOITER,LADAKH,1,0.25
1788419361.833,5186.5,2134.3,72.0,81.9,124.5,81.4,88.5,782.6,810.1,781.8,787.1,4.9,71.8,11.5,3.0,39.9,0.73,14.09,4.2,LANE_A,20000.0,-22.0,87.5,CRUISE_LOITER,LADAKH,1,0.25
1788419362.35,5172.5,2128.6,72.0,82.4,124.5,82.0,88.1,779.7,809.4,783.5,788.5,4.88,72.0,11.4,3.0,40.0,0.72,14.13,4.2,LANE_A,20000.0,-22.0,87.5,CRUISE_LOITER,LADAKH,1,0.25
1788419362.88,5193.3,2137.2,72.0,82.5,124.7,81.6,88.3,780.6,808.4,783.2,787.9,4.79,71.7,11.6,3.0,39.9,0.7,14.15,4.1,LANE_A,20000.0,-22.0,87.4,CRUISE_LOITER,LADAKH,1,0.25
1788419363.402,5199.7,2139.8,72.0,82.4,124.7,81.9,88.5,782.5,809.1,782.9,785.1,4.91,71.9,11.5,3.0,40.0,0.71,14.12,4.0,LANE_A,20000.0,-22.0,87.4,CRUISE_LOITER,LADAKH,1,0.25
1788419363.925,5180.3,2131.8,72.0,82.3,124.7,81.7,88.4,781.2,812.1,783.2,787.6,4.87,71.8,11.6,3.0,40.0,0.73,14.1,4.1,LANE_A,20000.0,-22.0,87.3,CRUISE_LOITER,LADAKH,1,0.25
1788419364.435,5181.2,2132.2,72.0,82.7,124.8,81.7,88.1,781.0,810.6,784.7,786.8,4.88,71.7,11.5,3.0,40.2,0.74,14.15,4.0,LANE_A,20000.0,-22.0,87.3,CRUISE_LOITER,LADAKH,1,0.25
1788419364.952,5173.1,2128.9,72.0,82.6,124.7,82.0,88.4,780.5,810.2,783.8,787.0,4.88,71.9,11.7,3.0,39.9,0.76,14.1,4.0,LANE_A,20000.0,-22.0,87.2,CRUISE_LOITER,LADAKH,1,0.25
1788419365.488,5182.8,2132.8,72.0,82.0,124.7,81.9,88.6,781.7,808.5,783.3,786.6,4.87,72.0,11.7,3.0,40.1,0.73,14.1,4.2,LANE_A,20000.0,-22.0,87.2,CRUISE_LOITER,LADAKH,1,0.25
1788419365.996,5193.6,2137.3,72.0,82.5,125.1,81.8,88.6,782.0,812.7,783.5,786.5,4.91,71.9,11.6,3.0,40.1,0.72,14.1,4.2,LANE_A,20000.0,-22.0,87.1,CRUISE_LOITER,LADAKH,1,0.25
1788419366.52,5192.2,2136.7,72.0,82.1,124.8,82.0,88.4,780.7,810.7,786.3,785.5,4.87,72.1,11.5,3.0,40.0,0.72,14.09,4.0,LANE_A,20000.0,-22.0,87.1,CRUISE_LOITER,LADAKH,1,0.25
1788419367.049,5166.5,2126.1,72.0,82.6,124.9,82.0,88.7,782.6,810.7,784.2,786.5,4.9,72.0,11.6,3.0,40.2,0.69,14.13,3.9,LANE_A,20000.0,-22.0,87.0,CRUISE_LOITER,LADAKH,1,0.25
1788419367.561,5176.3,2130.2,72.0,82.9,124.8,81.7,88.5,781.8,809.7,785.1,786.7,4.83,71.9,11.6,3.0,40.0,0.73,14.07,4.1,LANE_A,20000.0,-22.0,87.0,CRUISE_LOITER,LADAKH,1,0.25
1788419368.08,5181.2,2132.2,72.0,82.5,125.1,82.1,88.6,781.0,811.4,784.6,786.9,4.87,72.0,11.4,3.0,40.1,0.74,14.1,4.2,LANE_A,20000.0,-22.0,86.9,CRUISE_LOITER,LADAKH,1,0.25
1788419368.618,5184.3,2133.5,72.0,82.7,125.4,82.2,88.5,781.0,809.9,785.7,785.0,4.92,72.1,11.6,3.0,39.9,0.73,14.08,4.1,LANE_A,20000.0,-22.0,86.9,CRUISE_LOITER,LADAKH,1,0.25
1788419369.13,5166.1,2126.0,72.0,82.5,125.4,82.3,88.7,783.0,808.8,785.7,789.3,4.87,71.6,11.6,3.0,40.0,0.74,14.13,4.2,LANE_A,20000.0,-22.0,86.8,CRUISE_LOITER,LADAKH,1,0.25
1788419369.664,5194.2,2137.5,72.0,82.8,125.4,82.2,88.6,783.2,811.0,782.5,784.2,4.83,72.1,11.7,3.0,40.1,0.74,14.11,4.0,LANE_A,20000.0,-22.0,86.8,CRUISE_LOITER,LADAKH,1,0.25
1788419370.186,5192.0,2136.6,72.0,82.4,125.2,82.2,88.5,782.3,810.4,784.8,789.3,4.84,71.9,11.8,3.0,40.2,0.72,14.11,4.2,LANE_A,20000.0,-22.0,86.7,CRUISE_LOITER,LADAKH,1,0.25
1788419370.712,5189.4,2135.5,72.0,82.5,125.4,82.0,88.8,784.2,810.1,784.4,789.0,4.95,72.3,11.6,3.0,40.0,0.72,14.11,4.2,LANE_A,20000.0,-22.0,86.7,CRUISE_LOITER,LADAKH,1,0.25
1788419371.228,5188.8,2135.3,72.0,82.7,125.3,82.2,88.6,782.4,813.7,785.5,788.6,4.86,72.0,11.6,3.0,40.2,0.74,14.07,4.1,LANE_A,20000.0,-22.0,86.6,CRUISE_LOITER,LADAKH,1,0.25
1788419371.743,5182.6,2132.8,72.0,82.7,125.3,82.0,88.8,781.2,811.2,785.9,786.9,4.89,72.5,11.4,3.0,40.2,0.74,14.09,4.0,LANE_A,20000.0,-22.0,86.6,CRUISE_LOITER,LADAKH,1,0.25
1788419372.261,5170.4,2127.7,72.0,82.8,125.0,82.3,88.5,780.9,809.8,783.2,787.5,4.94,72.5,11.6,3.0,40.1,0.72,14.12,4.1,LANE_A,20000.0,-22.0,86.5,CRUISE_LOITER,LADAKH,1,0.25
1788419372.777,5170.6,2127.8,72.0,82.8,125.1,82.6,88.6,780.6,810.9,782.7,789.5,4.9,72.2,11.5,3.0,40.0,0.73,14.1,3.9,LANE_A,20000.0,-22.0,86.5,CRUISE_LOITER,LADAKH,1,0.25
1788419373.285,5192.6,2136.9,72.0,82.8,125.2,82.3,88.6,781.9,810.2,783.4,787.2,4.88,72.3,11.7,3.0,40.2,0.73,14.09,4.2,LANE_A,20000.0,-22.0,86.4,CRUISE_LOITER,LADAKH,1,0.25
1788419373.811,5182.2,2132.6,72.0,83.2,125.6,82.4,88.9,780.0,811.7,786.5,788.1,4.88,72.4,11.7,3.0,40.0,0.72,14.11,4.0,LANE_A,20000.0,-22.0,86.4,CRUISE_LOITER,LADAKH,1,0.25
1788419374.333,5172.8,2128.7,72.0,82.6,125.6,82.2,89.0,781.8,811.1,784.0,787.1,4.84,72.5,11.5,3.0,40.1,0.72,14.1,4.2,LANE_A,20000.0,-22.0,86.4,CRUISE_LOITER,LADAKH,1,0.25
1788419374.852,5171.6,2128.2,72.0,83.1,125.5,82.4,89.0,781.6,809.5,783.6,786.4,4.86,72.4,11.6,3.0,40.1,0.71,14.09,4.0,LANE_A,20000.0,-22.0,86.3,CRUISE_LOITER,LADAKH,1,0.25
1788419375.363,5182.2,2132.6,72.0,82.8,125.4,82.7,88.3,781.8,810.4,784.4,786.0,4.84,72.6,11.6,3.0,40.1,0.7,14.1,4.0,LANE_A,20000.0,-22.0,86.3,CRUISE_LOITER,LADAKH,1,0.25
1788419375.884,5206.6,2142.6,72.0,83.1,125.7,82.3,88.8,783.0,810.6,782.9,789.4,4.82,72.5,11.7,3.0,40.2,0.72,14.14,4.3,LANE_A,20000.0,-22.0,86.2,CRUISE_LOITER,LADAKH,1,0.25
1788419376.411,5178.6,2131.1,72.0,83.0,125.6,82.7,89.2,781.3,811.0,782.7,785.6,4.89,72.4,11.8,3.0,40.1,0.72,14.1,4.1,LANE_A,20000.0,-22.0,86.2,CRUISE_LOITER,LADAKH,1,0.25
1788419376.932,5184.1,2133.4,72.0,83.2,125.5,82.7,89.0,780.2,811.0,783.8,786.5,4.91,72.5,11.6,3.0,40.2,0.75,14.1,4.2,LANE_A,20000.0,-22.0,86.1,CRUISE_LOITER,LADAKH,1,0.25
1788419377.453,5179.7,2131.5,72.0,83.1,125.7,82.7,89.3,782.2,812.2,782.9,788.1,4.86,72.5,11.6,3.0,40.3,0.72,14.09,4.1,LANE_A,20000.0,-22.0,86.1,CRUISE_LOITER,LADAKH,1,0.25
1788419378.486,5148.7,2118.8,72.0,83.1,125.9,82.7,89.1,782.3,810.3,783.3,786.6,4.86,72.5,11.8,3.0,40.3,0.73,14.07,4.2,LANE_A,20000.0,-22.0,86.0,CRUISE_LOITER,LADAKH,1,0.25
1788419379.005,5179.8,2131.6,72.0,83.0,125.9,82.4,89.0,783.1,813.5,782.0,786.4,4.83,72.5,11.7,3.0,40.1,0.72,14.09,4.1,LANE_A,20000.0,-22.0,86.0,CRUISE_LOITER,LADAKH,1,0.25
1788419379.527,5176.8,2130.4,72.0,83.2,125.8,82.8,89.0,784.0,810.0,785.1,789.8,4.89,72.5,11.6,3.0,40.1,0.72,14.11,4.1,LANE_A,20000.0,-22.0,85.9,CRUISE_LOITER,LADAKH,1,0.25
1788419380.034,5186.3,2134.3,72.0,83.0,125.6,82.5,89.1,780.7,811.6,783.8,786.6,4.86,72.9,11.6,3.0,40.1,0.71,14.11,4.1,LANE_A,20000.0,-22.0,85.9,CRUISE_LOITER,LADAKH,1,0.25
1788419380.578,5195.1,2137.9,72.0,83.2,126.0,82.9,89.3,782.1,811.1,785.7,787.6,4.84,72.5,11.9,3.0,40.5,0.74,14.1,4.0,LANE_A,20000.0,-22.0,85.8,CRUISE_LOITER,LADAKH,1,0.25
1788419381.089,5182.4,2132.7,72.0,83.5,126.0,83.1,89.4,780.1,810.4,784.3,789.1,4.88,72.8,11.6,3.0,40.3,0.72,14.1,4.2,LANE_A,20000.0,-22.0,85.8,CRUISE_LOITER,LADAKH,1,0.25
1788419381.601,5178.6,2131.1,72.0,83.5,125.6,83.1,89.4,783.2,811.8,784.6,786.4,4.84,72.8,11.7,3.0,40.4,0.73,14.11,4.0,LANE_A,20000.0,-22.0,85.8,CRUISE_LOITER,LADAKH,1,0.25
1788419382.106,5196.1,2138.3,72.0,83.3,126.2,82.9,89.3,784.3,808.8,784.7,786.8,4.83,72.7,11.8,3.0,40.4,0.73,14.07,4.1,LANE_A,20000.0,-22.0,85.7,CRUISE_LOITER,LADAKH,1,0.25
1788419382.628,5193.9,2137.4,72.0,83.3,126.1,82.6,89.2,779.1,811.1,785.7,786.8,4.86,72.5,11.9,3.0,40.4,0.73,14.08,4.1,LANE_A,20000.0,-22.0,85.7,CRUISE_LOITER,LADAKH,1,0.25
1788419383.148,5184.6,2133.6,72.0,83.4,125.8,82.8,89.3,781.8,813.0,784.8,788.2,4.86,72.7,11.6,3.0,40.4,0.72,14.06,4.1,LANE_A,20000.0,-22.0,85.6,CRUISE_LOITER,LADAKH,1,0.25
1788419383.666,5185.8,2134.1,72.0,83.7,126.2,83.2,89.7,780.2,809.3,784.6,786.7,4.86,72.8,11.7,3.0,40.5,0.75,14.1,3.9,LANE_A,20000.0,-22.0,85.6,CRUISE_LOITER,LADAKH,1,0.25
1788419384.187,5182.6,2132.8,72.0,83.3,126.1,83.0,89.1,780.0,810.7,783.9,786.9,4.86,72.4,11.6,3.0,40.7,0.73,14.1,4.0,LANE_A,20000.0,-22.0,85.5,CRUISE_LOITER,LADAKH,1,0.25
1788419384.693,5203.8,2141.5,72.0,83.3,126.1,83.1,89.3,783.0,809.6,783.3,788.2,4.86,72.8,11.8,3.0,40.6,0.74,14.12,4.1,LANE_A,20000.0,-22.0,85.5,CRUISE_LOITER,LADAKH,1,0.25
1788419385.205,5190.0,2135.8,72.0,83.6,125.9,82.9,89.7,782.7,809.5,786.4,784.9,4.87,72.8,11.6,3.0,40.3,0.74,14.07,4.2,LANE_A,20000.0,-22.0,85.4,CRUISE_LOITER,LADAKH,1,0.25
1788419385.723,5174.6,2129.5,72.0,83.2,126.1,83.2,89.4,782.0,811.7,786.0,787.4,4.84,73.1,11.7,3.0,40.3,0.74,14.12,4.0,LANE_A,20000.0,-22.0,85.4,CRUISE_LOITER,LADAKH,1,0.25
1788419386.238,5189.9,2135.8,72.0,83.5,126.0,83.3,89.5,782.1,809.1,783.0,787.2,4.82,72.8,11.7,3.0,40.4,0.73,14.08,4.1,LANE_A,20000.0,-22.0,85.4,CRUISE_LOITER,LADAKH,1,0.25
1788419386.747,5197.8,2139.0,72.0,83.7,126.4,83.1,89.6,781.5,810.8,781.6,787.3,4.85,73.1,11.7,3.0,40.3,0.73,14.12,4.1,LANE_A,20000.0,-22.0,85.3,CRUISE_LOITER,LADAKH,1,0.25
1788419387.269,5197.1,2138.7,72.0,83.6,126.7,83.2,89.5,782.2,810.3,783.1,787.5,4.84,73.0,11.7,3.0,40.5,0.71,14.11,4.2,LANE_A,20000.0,-22.0,85.3,CRUISE_LOITER,LADAKH,1,0.25
1788419387.796,5176.7,2130.3,72.0,83.4,126.0,83.1,90.0,781.8,812.2,783.1,787.6,4.81,72.9,11.7,3.0,40.5,0.72,14.12,4.0,LANE_A,20000.0,-22.0,85.2,CRUISE_LOITER,LADAKH,1,0.25
1788419388.312,5157.9,2122.6,72.0,83.7,126.1,83.3,89.9,781.7,811.5,785.2,785.8,4.85,73.1,11.6,3.0,40.5,0.72,14.1,4.2,LANE_A,20000.0,-22.0,85.2,CRUISE_LOITER,LADAKH,1,0.25
1788419388.839,5202.9,2141.1,72.0,84.0,126.4,83.5,89.5,783.0,809.6,780.1,788.8,4.87,73.0,11.7,3.0,40.4,0.71,14.07,4.2,LANE_A,20000.0,-22.0,85.2,CRUISE_LOITER,LADAKH,1,0.25
1788419389.362,5188.0,2135.0,72.0,83.8,126.2,83.2,89.9,780.6,810.0,783.7,785.0,4.85,73.1,11.8,3.0,40.7,0.71,14.09,4.1,LANE_A,20000.0,-22.0,85.1,CRUISE_LOITER,LADAKH,1,0.25
1788419389.87,5180.7,2132.0,72.0,83.7,126.5,83.5,89.7,782.2,811.0,783.0,787.9,4.84,72.9,11.6,3.0,40.4,0.7,14.08,4.2,LANE_A,20000.0,-22.0,85.1,CRUISE_LOITER,LADAKH,1,0.25
1788419390.383,5198.2,2139.2,72.0,83.7,126.5,83.4,89.6,781.8,811.0,786.2,788.2,4.81,73.2,11.7,3.0,40.4,0.76,14.09,4.1,LANE_A,20000.0,-22.0,85.0,CRUISE_LOITER,LADAKH,1,0.25
1788419390.914,5173.6,2129.0,72.0,83.9,126.5,83.4,90.2,784.1,811.8,783.2,786.6,4.88,73.1,11.7,3.0,40.5,0.73,14.1,4.2,LANE_A,20000.0,-22.0,85.0,CRUISE_LOITER,LADAKH,1,0.25
1788419391.436,5177.4,2130.6,72.0,83.7,126.2,83.0,89.9,782.9,810.6,786.0,788.0,4.83,73.0,11.8,3.0,40.3,0.7,14.09,4.1,LANE_A,20000.0,-22.0,85.0,CRUISE_LOITER,LADAKH,1,0.25
1788419391.944,5179.7,2131.6,72.0,84.0,126.3,83.3,89.9,781.5,810.4,783.6,785.4,4.84,73.2,11.8,3.0,40.5,0.75,14.14,4.2,LANE_A,20000.0,-22.0,84.9,CRUISE_LOITER,LADAKH,1,0.25
1788419392.464,5200.2,2140.0,72.0,83.7,126.4,83.5,90.0,781.9,811.4,784.0,785.1,4.85,73.8,11.7,3.0,40.6,0.71,14.1,4.0,LANE_A,20000.0,-22.0,84.9,CRUISE_LOITER,LADAKH,1,0.25
1788419392.974,5213.6,2145.5,72.0,83.7,126.5,83.4,90.2,781.0,811.6,784.2,785.8,4.87,73.2,11.7,3.0,40.5,0.73,14.11,4.0,LANE_A,20000.0,-22.0,84.8,CRUISE_LOITER,LADAKH,1,0.25
1788419393.498,5171.1,2128.0,72.0,84.4,126.4,83.6,89.9,781.3,810.7,783.5,787.2,4.84,73.0,11.8,3.0,40.8,0.72,14.11,4.1,LANE_A,20000.0,-22.0,84.8,CRUISE_LOITER,LADAKH,1,0.25
1788419394.001,5191.1,2136.2,72.0,84.1,126.6,83.7,90.0,781.9,813.2,783.7,786.8,4.85,73.6,11.8,3.0,40.5,0.73,14.1,4.2,LANE_A,20000.0,-22.0,84.8,CRUISE_LOITER,LADAKH,1,0.25
1788419394.522,5185.6,2134.0,72.0,84.0,126.5,83.8,90.2,780.1,810.9,784.1,789.4,4.82,73.3,11.7,3.0,40.5,0.73,14.11,4.4,LANE_A,20000.0,-22.0,84.7,CRUISE_LOITER,LADAKH,1,0.25
1788419395.348,5191.1,2136.2,72.0,84.2,126.4,83.7,89.8,781.4,809.9,784.5,787.6,4.82,73.5,11.9,3.0,40.7,0.7,14.1,4.0,LANE_A,20000.0,-22.0,84.7,CRUISE_LOITER,LADAKH,1,0.25
1788419395.863,5174.8,2129.5,72.0,83.9,126.8,83.3,89.9,782.3,812.3,784.7,786.5,4.8,73.2,11.7,3.0,40.5,0.71,14.12,4.0,LANE_A,20000.0,-22.0,84.6,CRUISE_LOITER,LADAKH,1,0.25
1788419396.377,5200.5,2140.1,72.0,84.1,126.7,83.5,90.5,779.9,807.7,784.4,787.9,4.83,73.5,11.7,3.0,40.5,0.71,14.08,4.1,LANE_A,20000.0,-22.0,84.6,CRUISE_LOITER,LADAKH,1,0.25
1788419396.9,5188.9,2135.3,72.0,84.3,126.5,84.1,90.2,782.5,810.4,784.0,786.4,4.83,73.4,11.7,3.0,40.6,0.73,14.14,4.0,LANE_A,20000.0,-22.0,84.6,CRUISE_LOITER,LADAKH,1,0.25
1788419397.418,5206.0,2142.4,72.0,84.3,126.8,83.8,90.2,781.4,811.8,782.8,787.0,4.78,73.5,11.8,3.0,40.5,0.72,14.14,4.1,LANE_A,20000.0,-22.0,84.5,CRUISE_LOITER,LADAKH,1,0.25
1788419398.479,5210.1,2144.1,72.0,84.5,127.2,83.9,90.1,783.0,811.0,784.9,786.2,4.87,73.4,11.7,3.0,40.6,0.72,14.1,4.1,LANE_A,20000.0,-22.0,84.5,CRUISE_LOITER,LADAKH,1,0.25
1788419398.999,5194.8,2137.8,72.0,84.4,126.7,84.0,90.3,780.5,810.6,785.1,786.4,4.87,73.4,11.8,3.0,40.7,0.71,14.11,4.1,LANE_A,20000.0,-22.0,84.5,CRUISE_LOITER,LADAKH,1,0.25
1788419399.513,5188.0,2135.0,72.0,84.2,126.9,83.8,90.2,783.6,811.4,784.4,786.4,4.8,73.4,11.8,3.0,40.5,0.74,14.13,4.2,LANE_A,20000.0,-22.0,84.4,CRUISE_LOITER,LADAKH,1,0.25
1788419400.04,5186.1,2134.2,72.0,84.5,126.9,83.9,90.5,782.8,809.9,783.5,785.9,4.81,73.8,11.7,3.0,40.7,0.73,14.07,4.1,LANE_A,20000.0,-22.0,84.4,CRUISE_LOITER,LADAKH,1,0.25
1788419400.549,5191.1,2136.2,72.0,84.2,126.9,83.7,90.1,781.0,811.2,783.6,785.6,4.84,73.4,11.7,3.0,40.9,0.73,14.1,3.9,LANE_A,20000.0,-22.0,84.4,CRUISE_LOITER,LADAKH,1,0.25
1788419401.059,5201.3,2140.4,72.0,84.4,126.8,83.9,90.5,781.6,813.5,783.6,787.9,4.88,73.5,11.7,3.0,40.8,0.7,14.08,4.1,LANE_A,20000.0,-22.0,84.3,CRUISE_LOITER,LADAKH,1,0.25
1788419401.593,5193.1,2137.1,72.0,84.4,127.0,84.0,90.4,782.5,812.9,783.3,788.3,4.84,73.4,11.7,3.0,40.8,0.73,14.16,4.2,LANE_A,20000.0,-22.0,84.3,CRUISE_LOITER,LADAKH,1,0.25
1788419402.099,5203.3,2141.3,72.0,84.5,126.9,83.9,90.2,783.4,809.4,783.0,786.0,4.88,73.7,11.8,3.0,40.5,0.74,14.05,4.3,LANE_A,20000.0,-22.0,84.3,CRUISE_LOITER,LADAKH,1,0.25
1788419402.632,5185.6,2134.0,72.0,84.5,127.0,83.9,90.7,781.5,812.5,786.1,786.2,4.84,74.2,11.8,3.0,40.7,0.72,14.12,4.1,LANE_A,20000.0,-22.0,84.2,CRUISE_LOITER,LADAKH,1,0.25
1788419403.154,5198.5,2139.3,72.0,84.8,127.1,84.0,90.4,782.5,810.1,783.4,787.5,4.9,73.4,11.8,3.0,40.7,0.75,14.09,4.1,LANE_A,20000.0,-22.0,84.2,CRUISE_LOITER,LADAKH,1,0.25
1788419403.674,5180.8,2132.0,72.0,84.7,126.6,84.0,90.6,780.6,808.4,783.0,787.1,4.83,73.5,11.8,3.0,40.9,0.74,14.08,4.1,LANE_A,20000.0,-22.0,84.2,CRUISE_LOITER,LADAKH,1,0.25
1788419404.187,5189.7,2135.7,72.0,84.5,126.8,84.2,90.4,782.6,812.7,783.8,787.7,4.83,74.1,11.7,3.0,41.0,0.73,14.09,4.1,LANE_A,20000.0,-22.0,84.1,CRUISE_LOITER,LADAKH,1,0.25
1788419404.697,5160.2,2123.5,72.0,85.0,127.4,84.1,90.7,782.5,810.7,782.9,787.0,4.81,73.9,11.8,3.0,40.5,0.72,14.11,4.0,LANE_A,20000.0,-22.0,84.1,CRUISE_LOITER,LADAKH,1,0.25
1788419405.214,5184.1,2133.4,72.0,84.5,127.5,84.1,90.8,782.1,809.2,785.6,788.5,4.85,73.8,11.9,3.0,40.9,0.74,14.12,4.0,LANE_A,20000.0,-22.0,84.1,CRUISE_LOITER,LADAKH,1,0.25
1788419405.732,5181.0,2132.1,72.0,84.7,126.8,84.2,90.5,785.4,812.7,783.7,787.1,4.89,73.8,11.7,3.0,40.7,0.73,14.13,4.2,LANE_A,20000.0,-22.0,84.0,CRUISE_LOITER,LADAKH,1,0.25
1788419406.259,5180.4,2131.8,72.0,84.9,127.2,84.3,90.8,783.5,812.9,783.7,786.0,4.84,73.9,11.9,3.0,40.9,0.76,14.1,4.2,LANE_A,20000.0,-22.0,84.0,CRUISE_LOITER,LADAKH,1,0.25
1788419406.777,5194.1,2137.5,72.0,84.7,127.3,84.2,90.7,781.9,813.0,785.0,786.8,4.86,74.0,11.7,3.0,40.9,0.77,14.12,4.1,LANE_A,20000.0,-22.0,84.0,CRUISE_LOITER,LADAKH,1,0.25
1788419407.293,5189.2,2135.5,72.0,85.0,127.1,84.3,90.8,781.7,812.0,784.4,787.1,4.86,74.0,11.9,3.0,40.7,0.73,14.11,4.2,LANE_A,20000.0,-22.0,83.9,CRUISE_LOITER,LADAKH,1,0.25
1788419407.811,5196.5,2138.5,72.0,84.9,127.4,84.4,90.9,781.6,812.3,781.9,787.0,4.84,74.1,11.9,3.0,40.7,0.72,14.07,4.2,LANE_A,20000.0,-22.0,83.9,CRUISE_LOITER,LADAKH,1,0.25
1788419408.326,5195.2,2137.9,72.0,84.7,127.1,84.4,90.4,782.5,811.1,786.3,785.8,4.86,74.2,11.8,3.0,40.9,0.74,14.1,4.1,LANE_A,20000.0,-22.0,83.9,CRUISE_LOITER,LADAKH,1,0.25
1788419408.846,5188.0,2135.0,72.0,85.0,127.6,83.8,90.8,783.3,811.7,786.7,785.5,4.85,74.0,11.9,3.0,41.0,0.72,14.1,4.1,LANE_A,20000.0,-22.0,83.9,CRUISE_LOITER,LADAKH,1,0.25
1788419409.355,5204.5,2141.8,72.0,84.8,127.4,84.5,90.7,780.5,812.5,783.2,787.6,4.84,74.0,12.0,3.0,41.0,0.7,14.11,4.0,LANE_A,20000.0,-22.0,83.8,CRUISE_LOITER,LADAKH,1,0.25
1788419409.878,5199.0,2139.5,72.0,84.9,127.7,84.0,90.7,782.2,810.7,784.1,787.6,4.82,74.1,11.8,3.0,40.8,0.71,14.14,4.2,LANE_A,20000.0,-22.0,83.8,CRUISE_LOITER,LADAKH,1,0.25
1788419410.388,5164.6,2125.3,72.0,84.9,127.4,84.1,91.2,781.1,809.2,784.2,786.4,4.82,73.9,11.9,3.0,40.9,0.73,14.12,4.2,LANE_A,20000.0,-22.0,83.8,CRUISE_LOITER,LADAKH,1,0.25
1788419410.908,5193.2,2137.1,72.0,84.7,127.3,84.4,91.0,781.8,809.3,782.0,786.3,4.81,74.0,11.8,3.0,40.9,0.72,14.13,4.0,LANE_A,20000.0,-22.0,83.8,CRUISE_LOITER,LADAKH,1,0.25
1788419411.44,5197.6,2138.9,72.0,84.7,127.2,84.2,91.0,785.2,811.2,785.0,788.3,4.8,74.2,11.9,3.0,41.0,0.73,14.14,4.2,LANE_A,20000.0,-22.0,83.7,CRUISE_LOITER,LADAKH,1,0.25
1788419411.963,5170.2,2127.6,72.0,85.2,127.7,84.4,91.1,781.7,812.2,784.2,786.7,4.88,73.9,11.9,3.0,40.8,0.73,14.1,4.1,LANE_A,20000.0,-22.0,83.7,CRUISE_LOITER,LADAKH,1,0.25
1788419412.468,5203.5,2141.4,72.0,84.8,127.3,84.2,90.8,779.7,809.8,785.1,786.8,4.85,74.2,11.9,3.0,40.9,0.75,14.08,4.2,LANE_A,20000.0,-22.0,83.7,CRUISE_LOITER,LADAKH,1,0.25
1788419412.994,5191.3,2136.3,72.0,85.3,127.5,84.3,91.1,782.2,812.0,783.1,787.1,4.85,74.1,11.9,3.0,40.9,0.72,14.08,4.2,LANE_A,20000.0,-22.0,83.6,CRUISE_LOITER,LADAKH,1,0.25
1788419413.512,5173.5,2129.0,72.0,84.9,127.4,85.0,90.9,781.6,810.8,784.4,787.2,4.83,74.1,11.8,3.0,40.8,0.74,14.09,4.1,LANE_A,20000.0,-22.0,83.6,CRUISE_LOITER,LADAKH,1,0.25
1788419414.029,5189.4,2135.6,72.0,85.1,127.7,84.5,91.3,780.9,811.8,784.9,786.3,4.84,74.5,11.8,3.0,40.9,0.71,14.05,4.1,LANE_A,20000.0,-22.0,83.6,CRUISE_LOITER,LADAKH,1,0.25
1788419414.549,5203.7,2141.4,72.0,85.1,127.5,84.7,91.0,783.2,810.6,782.7,786.7,4.81,74.1,11.9,3.0,40.9,0.72,14.09,4.1,LANE_A,20000.0,-22.0,83.6,CRUISE_LOITER,LADAKH,1,0.25
1788419415.068,5200.7,2140.2,72.0,85.0,127.5,84.5,91.1,783.0,809.2,782.2,787.3,4.82,74.5,12.0,3.0,41.1,0.73,14.07,4.0,LANE_A,20000.0,-22.0,83.6,CRUISE_LOITER,LADAKH,1,0.25
1788419415.599,5187.1,2134.6,72.0,85.2,127.6,84.7,91.0,781.4,813.0,784.9,787.3,4.79,74.3,12.0,3.0,41.1,0.74,14.09,4.1,LANE_A,20000.0,-22.0,83.5,CRUISE_LOITER,LADAKH,1,0.25
1788419416.114,5190.8,2136.1,72.0,85.6,127.4,84.4,91.1,779.5,810.1,782.8,786.0,4.84,74.5,11.8,3.0,41.0,0.72,14.08,4.1,LANE_A,20000.0,-22.0,83.5,CRUISE_LOITER,LADAKH,1,0.25
1788419416.622,5165.7,2125.8,72.0,85.0,127.8,84.6,91.4,781.1,809.0,782.7,786.4,4.82,74.3,11.8,3.0,41.2,0.73,14.11,4.2,LANE_A,20000.0,-22.0,83.5,CRUISE_LOITER,LADAKH,1,0.25
1788419417.146,5186.1,2134.2,72.0,85.1,127.7,84.9,91.1,782.7,810.0,784.2,787.5,4.8,74.4,11.8,3.0,41.0,0.72,14.12,4.0,LANE_A,20000.0,-22.0,83.5,CRUISE_LOITER,LADAKH,1,0.25
1788419417.661,5182.0,2132.5,72.0,84.7,127.6,84.6,91.3,782.0,810.5,785.7,787.3,4.86,74.6,12.0,3.0,41.0,0.75,14.12,4.1,LANE_A,20000.0,-22.0,83.4,CRUISE_LOITER,LADAKH,1,0.25
1788419418.754,5192.8,2137.0,72.0,85.4,127.7,84.5,91.3,781.7,810.6,782.8,786.9,4.89,74.3,11.9,3.0,41.0,0.74,14.12,4.2,LANE_A,20000.0,-22.0,83.4,CRUISE_LOITER,LADAKH,1,0.25
1788419419.28,5199.0,2139.5,72.0,85.1,127.7,84.8,91.5,781.2,812.5,783.9,784.4,4.83,74.5,11.9,3.0,40.8,0.74,14.11,4.2,LANE_A,20000.0,-22.0,83.4,CRUISE_LOITER,LADAKH,1,0.25
1788419419.799,5180.0,2131.7,72.0,85.5,127.9,84.6,91.0,780.2,812.6,781.4,786.5,4.88,74.6,11.9,3.0,40.9,0.72,14.11,4.1,LANE_A,20000.0,-22.0,83.4,CRUISE_LOITER,LADAKH,1,0.25
1788419420.313,5167.4,2126.5,72.0,85.5,127.6,84.9,91.7,781.5,809.5,784.4,784.5,4.78,74.3,11.8,3.0,41.2,0.73,14.1,4.1,LANE_A,20000.0,-22.0,83.4,CRUISE_LOITER,LADAKH,1,0.25
1788419420.835,5187.7,2134.9,72.0,85.5,127.8,85.0,91.7,780.8,809.0,782.7,786.5,4.84,74.6,12.1,3.0,41.0,0.75,14.09,4.1,LANE_A,20000.0,-22.0,83.3,CRUISE_LOITER,LADAKH,1,0.25
1788419421.35,5166.9,2126.3,72.0,85.3,127.8,84.8,91.2,780.2,810.9,783.5,786.0,4.8,74.5,11.9,3.0,41.1,0.75,14.08,4.1,LANE_A,20000.0,-22.0,83.3,CRUISE_LOITER,LADAKH,1,0.25
1788419421.86,5197.4,2138.8,72.0,85.6,128.3,85.2,91.6,780.7,811.7,783.1,788.1,4.84,74.6,11.9,3.0,41.1,0.75,14.11,4.2,LANE_A,20000.0,-22.0,83.3,CRUISE_LOITER,LADAKH,1,0.25
1788419422.38,5176.1,2130.1,72.0,85.5,127.7,85.1,91.7,782.3,810.3,784.1,786.4,4.84,74.7,11.9,3.0,41.1,0.74,14.09,4.2,LANE_A,20000.0,-22.0,83.3,CRUISE_LOITER,LADAKH,1,0.25
1788419422.917,5203.3,2141.3,72.0,85.3,128.4,85.0,91.3,779.3,811.4,781.7,785.5,4.84,74.9,11.8,3.0,41.1,0.73,14.1,4.0,LANE_A,20000.0,-22.0,83.3,CRUISE_LOITER,LADAKH,1,0.25
1788419423.425,5204.1,2141.6,72.0,85.5,127.8,84.8,91.5,784.2,811.0,785.8,786.8,4.84,74.7,11.9,3.0,41.0,0.73,14.1,4.1,LANE_A,20000.0,-22.0,83.3,CRUISE_LOITER,LADAKH,1,0.25
1788419423.948,5190.0,2135.8,72.0,85.4,128.2,85.2,91.6,781.0,811.2,782.9,785.5,4.79,74.6,11.9,3.0,41.1,0.74,14.08,4.3,LANE_A,20000.0,-22.0,83.2,CRUISE_LOITER,LADAKH,1,0.25
1788419424.469,5194.7,2137.7,72.0,85.4,128.1,85.0,91.4,782.3,810.6,782.5,786.6,4.83,74.6,12.0,3.0,41.5,0.71,14.12,4.2,LANE_A,20000.0,-22.0,83.2,CRUISE_LOITER,LADAKH,1,0.25
1788419424.989,5173.1,2128.9,72.0,85.7,128.2,85.0,91.7,780.5,808.0,783.8,786.5,4.8,74.7,11.9,3.0,41.2,0.74,14.12,4.2,LANE_A,20000.0,-22.0,83.2,CRUISE_LOITER,LADAKH,1,0.25
1788419425.503,5203.1,2141.2,72.0,85.6,128.1,85.2,91.7,780.1,810.6,783.0,785.7,4.81,74.8,12.0,3.0,41.1,0.74,14.08,4.1,LANE_A,20000.0,-22.0,83.2,CRUISE_LOITER,LADAKH,1,0.25
1788419426.026,5182.0,2132.5,72.0,85.8,127.8,84.9,91.7,780.4,810.5,785.3,787.3,4.86,75.1,11.9,3.0,41.1,0.72,14.11,4.2,LANE_A,20000.0,-22.0,83.2,CRUISE_LOITER,LADAKH,1,0.25
1788419426.547,5191.4,2136.4,72.0,85.5,128.2,85.1,91.2,782.7,812.2,782.9,786.2,4.84,74.8,11.9,3.0,41.1,0.71,14.15,4.2,LANE_A,20000.0,-22.0,83.2,CRUISE_LOITER,LADAKH,1,0.25
1788419427.057,5183.1,2133.0,72.0,85.6,128.2,85.4,91.7,781.4,811.3,784.3,787.7,4.82,74.8,11.9,3.0,41.2,0.71,14.11,3.9,LANE_A,20000.0,-22.0,83.2,CRUISE_LOITER,LADAKH,1,0.25
1788419427.578,5197.7,2139.0,72.0,86.0,128.4,85.2,91.7,781.7,811.5,784.2,787.3,4.79,75.0,11.9,3.0,41.5,0.73,14.11,3.9,LANE_A,20000.0,-22.0,83.2,CRUISE_LOITER,LADAKH,1,0.25
1788419428.102,5199.6,2139.7,72.0,86.0,128.2,84.8,91.7,780.2,812.2,784.9,785.9,4.79,74.9,11.9,3.0,41.3,0.74,14.06,4.0,LANE_A,20000.0,-22.0,83.1,CRUISE_LOITER,LADAKH,1,0.25
1788419428.618,5183.2,2133.0,72.0,85.7,128.5,85.2,91.6,782.4,810.4,783.5,784.4,4.83,74.9,11.9,3.0,41.4,0.69,14.12,4.2,LANE_A,20000.0,-22.0,83.1,CRUISE_LOITER,LADAKH,1,0.25
1788419429.124,5200.9,2140.3,72.0,85.8,128.2,85.6,91.7,782.7,812.2,782.4,785.3,4.86,74.8,12.0,3.0,41.4,0.75,14.1,4.0,LANE_A,20000.0,-22.0,83.1,CRUISE_LOITER,LADAKH,1,0.25
1788419429.659,5192.6,2136.9,72.0,85.7,128.0,85.2,91.7,780.9,813.5,784.2,788.5,4.81,74.9,12.1,3.0,41.1,0.71,14.11,4.2,LANE_A,20000.0,-22.0,83.1,CRUISE_LOITER,LADAKH,1,0.25
1788419430.172,5196.8,2138.6,72.0,85.9,128.3,85.4,91.6,782.3,810.0,784.4,788.1,4.78,75.0,12.0,3.0,41.4,0.71,14.11,4.2,LANE_A,20000.0,-22.0,83.1,CRUISE_LOITER,LADAKH,1,0.25
1788419430.695,5171.2,2128.1,72.0,85.9,128.2,85.5,92.0,783.4,811.1,781.7,786.2,4.8,75.0,11.9,3.0,41.4,0.7,14.11,4.1,LANE_A,20000.0,-22.0,83.1,CRUISE_LOITER,LADAKH,1,0.25
1788419431.216,5182.8,2132.8,72.0,86.0,128.3,85.5,92.3,781.4,810.1,781.6,787.8,4.8,74.8,11.9,3.0,41.4,0.75,14.08,4.0,LANE_A,20000.0,-22.0,83.1,CRUISE_LOITER,LADAKH,1,0.25
1788419431.724,5187.6,2134.8,72.0,85.9,128.5,85.3,91.8,782.6,808.8,782.8,786.0,4.89,75.2,11.9,3.0,41.3,0.72,14.06,4.0,LANE_A,20000.0,-22.0,83.1,CRUISE_LOITER,LADAKH,1,0.25
1788419432.243,5188.3,2135.1,72.0,85.9,128.4,85.4,91.8,780.7,810.8,784.8,788.9,4.78,75.1,12.0,3.0,41.4,0.69,14.11,4.0,LANE_A,20000.0,-22.0,83.1,CRUISE_LOITER,LADAKH,1,0.25
1788419432.765,5187.2,2134.7,72.0,86.0,128.6,85.3,92.1,780.9,811.3,783.1,786.8,4.82,74.8,11.9,3.0,41.3,0.72,14.08,4.1,LANE_A,20000.0,-22.0,83.1,CRUISE_LOITER,LADAKH,1,0.25
1788419433.292,5205.8,2142.3,72.0,86.0,128.2,85.7,92.0,782.4,812.8,781.8,786.3,4.83,74.9,11.9,3.0,41.2,0.71,14.09,4.2,LANE_A,20000.0,-22.0,83.0,CRUISE_LOITER,LADAKH,1,0.25
1788419433.8,5195.0,2137.8,72.0,85.7,128.5,85.4,91.9,781.6,812.0,784.9,787.5,4.82,75.0,12.1,3.0,41.5,0.7,14.11,4.2,LANE_A,20000.0,-22.0,83.0,CRUISE_LOITER,LADAKH,1,0.25
1788419434.314,5177.9,2130.8,72.0,85.9,128.6,85.4,92.3,780.3,808.5,783.9,785.8,4.8,75.0,11.9,3.0,41.4,0.75,14.07,4.0,LANE_A,20000.0,-22.0,83.0,CRUISE_LOITER,LADAKH,1,0.25
1788419434.83,5184.0,2133.3,72.0,86.1,128.7,85.8,92.3,780.7,809.2,781.9,786.5,4.8,74.7,11.9,3.0,41.4,0.73,14.09,4.2,LANE_A,20000.0,-22.0,83.0,CRUISE_LOITER,LADAKH,1,0.25
1788419435.335,5164.3,2125.2,72.0,86.0,128.3,85.6,92.3,781.8,810.8,786.0,789.3,4.82,75.0,11.9,3.0,41.6,0.73,14.11,4.1,LANE_A,20000.0,-22.0,83.0,CRUISE_LOITER,LADAKH,1,0.25
1788419435.862,5202.2,2140.8,72.0,86.1,128.5,85.3,92.0,782.4,812.9,782.7,787.6,4.83,75.2,12.1,3.0,41.5,0.73,14.09,4.1,LANE_A,20000.0,-22.0,83.0,CRUISE_LOITER,LADAKH,1,0.25
1788419436.383,5203.5,2141.4,72.0,86.3,128.5,85.6,92.1,782.6,810.5,782.2,785.5,4.87,75.5,12.0,3.0,41.6,0.74,14.12,4.1,LANE_A,20000.0,-22.0,83.0,CRUISE_LOITER,LADAKH,1,0.25
1788419436.893,5201.5,2140.5,72.0,85.9,128.9,85.5,92.1,780.4,810.0,783.4,789.6,4.82,74.9,12.0,3.0,41.7,0.72,14.08,4.0,LANE_A,20000.0,-22.0,83.0,CRUISE_LOITER,LADAKH,1,0.25
1788419437.415,5194.6,2137.7,72.0,86.0,128.7,85.6,92.2,780.8,809.5,784.6,786.7,4.81,74.9,12.1,3.0,41.2,0.71,14.09,4.0,LANE_A,20000.0,-22.0,83.0,CRUISE_LOITER,LADAKH,1,0.25
1788419438.545,5184.6,2133.6,72.0,85.7,128.2,85.6,91.9,780.3,810.2,783.9,787.8,4.82,75.4,12.0,3.0,41.3,0.72,14.11,4.0,LANE_A,20000.0,-22.0,83.0,CRUISE_LOITER,LADAKH,1,0.25
1788419439.072,5165.6,2125.8,72.0,86.2,128.6,85.5,92.1,782.7,812.9,785.2,786.4,4.8,75.6,12.1,3.0,41.4,0.71,14.12,4.2,LANE_A,20000.0,-22.0,83.0,CRUISE_LOITER,LADAKH,1,0.25
1788419439.58,5168.7,2127.0,72.0,86.0,128.9,85.7,92.0,782.3,812.3,786.0,785.8,4.82,74.9,11.9,3.1,41.6,0.7,14.1,4.0,LANE_A,20000.0,-22.0,83.0,CRUISE_LOITER,LADAKH,1,0.25
1788419440.098,5183.5,2133.1,72.0,86.1,128.8,85.6,92.1,783.2,811.9,783.1,787.2,4.84,75.4,12.0,3.0,41.5,0.71,14.1,4.2,LANE_A,20000.0,-22.0,83.0,CRUISE_LOITER,LADAKH,1,0.25
1788419440.616,5187.8,2134.9,72.0,86.3,129.0,85.6,92.4,781.6,813.7,784.5,785.0,4.79,74.9,12.1,3.0,41.6,0.74,14.11,4.0,LANE_A,20000.0,-22.0,83.0,CRUISE_LOITER,LADAKH,1,0.25
1788419441.135,5186.8,2134.5,72.0,86.2,128.4,85.5,92.2,780.5,810.3,783.6,790.1,4.81,75.4,12.0,3.0,41.5,0.73,14.11,4.2,LANE_A,20000.0,-22.0,83.0,CRUISE_LOITER,LADAKH,1,0.25
1788419441.653,5191.4,2136.4,72.0,86.2,128.6,85.6,92.0,783.0,810.3,781.7,787.8,4.83,75.5,12.0,3.0,41.5,0.73,14.08,4.0,LANE_A,20000.0,-22.0,83.0,CRUISE_LOITER,LADAKH,1,0.25
1788419442.159,5175.5,2129.8,72.0,86.1,128.7,85.4,92.3,782.3,812.6,784.1,786.9,4.76,75.6,12.1,3.0,41.6,0.69,14.09,3.9,LANE_A,20000.0,-22.0,83.0,CRUISE_LOITER,LADAKH,1,0.25
1788419442.681,5190.4,2136.0,72.0,86.3,129.0,85.6,92.4,780.9,810.3,784.0,785.8,4.81,75.5,12.2,3.0,41.7,0.73,14.11,3.9,LANE_A,20000.0,-22.0,83.0,CRUISE_LOITER,LADAKH,1,0.25
1788419443.203,5181.6,2132.4,72.0,86.2,128.7,85.7,92.2,778.5,809.5,785.5,787.9,4.78,75.4,12.0,3.0,41.5,0.74,14.11,4.2,LANE_A,20000.0,-22.0,83.0,CRUISE_LOITER,LADAKH,1,0.25
1788419443.723,5168.9,2127.1,72.0,86.5,128.8,85.7,92.1,779.9,810.5,784.3,786.7,4.84,75.4,12.0,3.0,41.6,0.74,14.07,4.3,LANE_A,20000.0,-22.0,83.0,CRUISE_LOITER,LADAKH,1,0.25
1788419444.232,5184.6,2133.6,72.0,86.2,128.7,85.5,92.1,779.9,811.4,784.3,784.9,4.81,75.3,12.1,3.0,41.6,0.72,14.13,3.9,LANE_A,20000.0,-22.0,83.0,CRUISE_LOITER,LADAKH,1,0.25
1788419444.759,5148.6,2118.8,72.0,86.4,128.6,85.9,92.1,780.0,811.6,783.2,786.4,4.77,75.2,12.1,3.0,41.6,0.72,14.12,4.0,LANE_A,20000.0,-22.0,83.0,CRUISE_LOITER,LADAKH,1,0.25
1788419445.301,5177.9,2130.8,72.0,86.8,128.7,85.9,92.5,781.9,810.8,784.1,786.6,4.82,75.5,12.0,3.0,41.7,0.71,14.1,4.1,LANE_A,20000.0,-22.0,83.0,CRUISE_LOITER,LADAKH,1,0.25
1788419445.81,5182.6,2132.7,72.0,86.4,128.5,86.0,92.6,783.5,810.7,784.0,787.9,4.79,75.6,12.2,3.0,41.7,0.74,14.08,4.0,LANE_A,20000.0,-22.0,83.0,CRUISE_LOITER,LADAKH,1,0.25
1788419446.351,5187.5,2134.8,72.0,86.6,128.8,85.7,92.6,780.5,811.7,781.9,784.7,4.76,75.6,12.1,3.0,41.8,0.71,14.11,4.0,LANE_A,20000.0,-22.0,83.0,CRUISE_LOITER,LADAKH,1,0.25
1788419446.88,5178.2,2131.0,72.0,86.5,128.9,85.8,92.4,783.0,810.5,783.6,786.1,4.78,75.5,12.1,3.0,41.7,0.72,14.08,3.9,LANE_A,20000.0,-22.0,83.0,CRUISE_LOITER,LADAKH,1,0.25
1788419447.398,5184.0,2133.3,72.0,86.4,129.0,85.7,92.5,780.6,814.1,781.8,787.9,4.84,75.8,11.9,3.0,41.8,0.73,14.07,4.3,LANE_A,20000.0,-22.0,83.0,CRUISE_LOITER,LADAKH,1,0.25
1788419447.915,5197.3,2138.8,72.0,86.4,128.8,86.3,92.3,780.8,808.7,783.9,787.6,4.76,75.6,12.1,3.0,41.7,0.73,14.13,4.0,LANE_A,20000.0,-22.0,83.0,CRUISE_LOITER,LADAKH,1,0.25
1788419448.423,5186.2,2134.2,72.0,86.4,129.1,86.3,92.5,782.4,809.6,783.2,788.9,4.87,75.7,12.1,3.0,41.9,0.75,14.09,4.2,LANE_A,20000.0,-22.0,83.1,CRUISE_LOITER,LADAKH,1,0.25
1788419448.95,5181.8,2132.4,72.0,86.6,128.5,86.1,92.8,781.9,810.0,782.2,786.5,4.82,75.7,12.2,3.0,41.8,0.69,14.09,4.2,LANE_A,20000.0,-22.0,83.1,CRUISE_LOITER,LADAKH,1,0.25
1788419449.465,5187.9,2135.0,72.0,86.5,129.0,85.8,92.5,782.1,810.8,782.6,785.4,4.82,75.5,12.2,3.0,41.5,0.73,14.09,4.2,LANE_A,20000.0,-22.0,83.1,CRUISE_LOITER,LADAKH,1,0.25
1788419449.98,5221.3,2148.7,72.0,86.4,128.8,86.3,92.9,779.6,811.3,782.2,786.8,4.82,75.7,12.1,3.0,41.7,0.75,14.1,4.0,LANE_A,20000.0,-22.0,83.1,CRUISE_LOITER,LADAKH,1,0.25
1788419450.491,5210.9,2144.4,72.0,86.5,129.0,86.2,92.9,780.0,809.4,784.6,786.5,4.82,75.6,12.2,3.0,41.9,0.71,14.1,4.2,LANE_A,20000.0,-22.0,83.1,CRUISE_LOITER,LADAKH,1,0.25
1788419451.005,5186.5,2134.4,72.0,86.5,129.1,86.2,92.5,779.1,809.8,783.6,787.4,4.76,75.4,12.1,3.0,41.8,0.71,14.12,4.2,LANE_A,20000.0,-22.0,83.1,CRUISE_LOITER,LADAKH,1,0.25
1788419451.512,5198.6,2139.3,72.0,86.7,128.9,86.3,92.4,782.7,809.8,783.2,785.9,4.79,75.7,12.0,3.0,41.9,0.72,14.11,4.2,LANE_A,20000.0,-22.0,83.1,CRUISE_LOITER,LADAKH,1,0.25
1788419452.029,5178.4,2131.0,72.0,87.3,129.2,86.0,92.8,779.5,809.1,783.9,787.3,4.75,76.0,12.0,3.0,41.9,0.73,14.11,4.2,LANE_A,20000.0,-22.0,83.1,CRUISE_LOITER,LADAKH,1,0.25
1788419452.542,5205.6,2142.2,72.0,86.8,129.1,86.4,92.4,779.5,811.8,783.8,786.5,4.84,75.8,12.1,3.0,41.8,0.73,14.09,4.2,LANE_A,20000.0,-22.0,83.1,CRUISE_LOITER,LADAKH,1,0.25
1788419453.052,5172.6,2128.7,72.0,86.9,128.9,86.0,92.4,781.5,811.1,784.4,789.4,4.77,76.0,12.1,3.0,41.9,0.74,14.09,4.0,LANE_A,20000.0,-22.0,83.1,CRUISE_LOITER,LADAKH,1,0.25
1788419453.585,5161.9,2124.2,72.0,86.7,129.3,86.0,92.6,783.4,808.9,785.2,784.9,4.84,75.6,12.2,3.0,42.0,0.74,14.09,4.1,LANE_A,20000.0,-22.0,83.1,CRUISE_LOITER,LADAKH,1,0.25
1788419454.098,5181.7,2132.4,72.0,86.4,129.2,85.8,92.6,782.4,809.9,783.7,787.4,4.77,75.8,12.2,3.0,41.9,0.73,14.13,4.0,LANE_A,20000.0,-22.0,83.2,CRUISE_LOITER,LADAKH,1,0.25
1788419454.619,5192.5,2136.8,72.0,86.9,129.4,86.3,92.6,780.5,811.2,782.7,785.3,4.76,76.0,12.2,3.0,42.0,0.7,14.12,4.1,LANE_A,20000.0,-22.0,83.2,CRUISE_LOITER,LADAKH,1,0.25
1788419455.134,5183.3,2133.0,72.0,86.7,128.8,86.2,92.5,782.5,810.4,782.8,787.2,4.8,75.7,12.0,3.0,41.9,0.72,14.11,4.0,LANE_A,20000.0,-22.0,83.2,CRUISE_LOITER,LADAKH,1,0.25
1788419455.65,5191.3,2136.3,72.0,86.7,129.0,86.1,92.4,779.5,811.9,784.0,784.6,4.72,75.6,12.2,3.0,41.9,0.77,14.14,4.1,LANE_A,20000.0,-22.0,83.2,CRUISE_LOITER,LADAKH,1,0.25
1788419456.162,5188.7,2135.3,72.0,87.0,129.4,86.1,92.6,780.6,810.1,784.3,787.1,4.85,75.7,12.1,3.0,41.9,0.72,14.09,4.0,LANE_A,20000.0,-22.0,83.2,CRUISE_LOITER,LADAKH,1,0.25
1788419456.69,5188.5,2135.2,72.0,86.6,129.1,86.3,92.3,780.1,809.4,784.7,786.0,4.8,76.0,12.1,3.0,41.9,0.71,14.11,4.3,LANE_A,20000.0,-22.0,83.2,CRUISE_LOITER,LADAKH,1,0.25
1788419457.216,5189.7,2135.7,72.0,86.9,129.3,86.3,92.6,782.2,809.8,783.6,788.2,4.8,75.7,12.2,3.0,41.9,0.69,14.09,4.2,LANE_A,20000.0,-22.0,83.2,CRUISE_LOITER,LADAKH,1,0.25
1788419457.735,5184.6,2133.6,72.0,86.9,129.4,86.3,93.1,779.9,811.8,783.2,787.7,4.81,75.8,12.1,3.0,41.8,0.71,14.09,3.8,LANE_A,20000.0,-22.0,83.3,CRUISE_LOITER,LADAKH,1,0.25
1788419458.858,5181.8,2132.4,72.0,87.1,129.3,86.2,92.4,781.4,808.0,784.9,788.2,4.75,75.9,12.1,3.0,42.0,0.73,14.08,4.1,LANE_A,20000.0,-22.0,83.3,CRUISE_LOITER,LADAKH,1,0.25
1788419459.38,5165.5,2125.7,72.0,86.9,129.2,86.1,92.3,780.3,810.6,784.4,785.7,4.78,76.0,12.1,3.0,42.1,0.72,14.1,4.1,LANE_A,20000.0,-22.0,83.3,CRUISE_LOITER,LADAKH,1,0.25
1788419459.893,5164.9,2125.5,72.0,86.8,129.6,86.3,92.8,782.8,811.3,783.2,786.8,4.78,75.9,12.1,3.0,42.0,0.7,14.09,4.0,LANE_A,20000.0,-22.0,83.3,CRUISE_LOITER,LADAKH,1,0.25
1788419460.417,5197.2,2138.8,72.0,87.0,129.3,86.0,93.0,783.6,811.1,784.2,786.3,4.82,76.0,12.1,3.0,42.0,0.73,14.08,4.1,LANE_A,20000.0,-22.0,83.3,CRUISE_LOITER,LADAKH,1,0.25
1788419460.937,5179.4,2131.5,72.0,86.7,129.5,86.4,93.0,780.9,809.3,785.2,787.2,4.79,75.9,12.2,3.0,42.1,0.72,14.08,4.2,LANE_A,20000.0,-22.0,83.3,CRUISE_LOITER,LADAKH,1,0.25
1788419461.47,5184.3,2133.5,72.0,86.9,129.4,86.5,92.7,782.5,809.7,782.5,787.3,4.81,75.9,12.1,3.0,42.0,0.72,14.1,4.0,LANE_A,20000.0,-22.0,83.4,CRUISE_LOITER,LADAKH,1,0.25
1788419461.985,5161.1,2123.9,72.0,86.9,129.5,86.2,93.0,781.8,810.1,783.0,788.0,4.78,75.8,12.1,3.0,42.3,0.71,14.13,4.2,LANE_A,20000.0,-22.0,83.4,CRUISE_LOITER,LADAKH,1,0.25
1788419462.502,5168.6,2127.0,72.0,86.6,129.4,85.9,92.7,781.1,810.8,783.8,786.5,4.84,76.3,12.2,3.0,41.8,0.73,14.12,4.0,LANE_A,20000.0,-22.0,83.4,CRUISE_LOITER,LADAKH,1,0.25
1788419463.024,5160.9,2123.8,72.0,87.0,129.1,86.4,92.8,781.0,809.7,786.6,787.8,4.8,75.8,12.1,3.0,42.0,0.7,14.08,4.1,LANE_A,20000.0,-22.0,83.4,CRUISE_LOITER,LADAKH,1,0.25
1788419463.556,5172.0,2128.4,72.0,86.8,129.4,86.6,92.9,779.6,811.0,782.9,786.5,4.79,76.0,12.1,3.0,42.0,0.74,14.12,4.1,LANE_A,20000.0,-22.0,83.4,CRUISE_LOITER,LADAKH,1,0.25
1788419464.067,5182.3,2132.6,72.0,86.9,129.4,86.5,92.9,781.0,807.9,782.9,788.2,4.86,76.3,12.1,3.0,42.0,0.72,14.09,4.0,LANE_A,20000.0,-22.0,83.5,CRUISE_LOITER,LADAKH,1,0.25
1788419464.592,5163.7,2125.0,72.0,87.0,129.1,86.5,93.0,782.5,811.1,781.1,787.0,4.8,76.1,12.2,3.0,42.1,0.71,14.09,4.2,LANE_A,20000.0,-22.0,83.5,CRUISE_LOITER,LADAKH,1,0.25
1788419465.102,5179.1,2131.3,72.0,87.5,129.5,86.5,92.5,781.4,811.9,781.1,787.2,4.76,75.9,12.1,3.0,42.1,0.73,14.1,3.9,LANE_A,20000.0,-22.0,83.5,CRUISE_LOITER,LADAKH,1,0.25
1788419465.618,5175.9,2130.0,72.0,87.2,129.8,86.2,92.8,781.0,811.9,783.8,785.5,4.86,76.0,12.1,3.0,42.0,0.71,14.09,4.0,LANE_A,20000.0,-22.0,83.5,CRUISE_LOITER,LADAKH,1,0.25
1788419466.14,5181.2,2132.2,72.0,86.9,129.5,86.6,92.8,782.0,809.8,781.4,786.9,4.82,76.0,12.2,3.0,42.2,0.72,14.09,4.1,LANE_A,20000.0,-22.0,83.6,CRUISE_LOITER,LADAKH,1,0.25
1788419466.654,5203.7,2141.5,72.0,87.0,129.2,86.5,93.0,782.7,811.1,783.0,789.6,4.78,76.3,12.2,3.0,42.1,0.73,14.06,4.2,LANE_A,20000.0,-22.0,83.6,CRUISE_LOITER,LADAKH,1,0.25
1788419467.166,5189.9,2135.7,72.0,87.1,129.7,86.5,93.0,783.5,811.7,782.9,786.4,4.78,76.1,12.3,3.0,42.0,0.74,14.08,4.1,LANE_A,20000.0,-22.0,83.6,CRUISE_LOITER,LADAKH,1,0.25
1788419467.685,5186.8,2134.5,72.0,87.2,129.6,86.5,92.8,780.7,810.8,782.7,786.1,4.78,76.2,12.3,3.0,42.3,0.72,14.12,4.0,LANE_A,20000.0,-22.0,83.6,CRUISE_LOITER,LADAKH,1,0.25
1788419468.224,5168.0,2126.7,72.0,87.1,129.5,86.5,93.0,781.9,809.8,783.3,784.5,4.78,76.1,12.1,3.0,42.2,0.72,14.11,4.3,LANE_A,20000.0,-22.0,83.6,CRUISE_LOITER,LADAKH,1,0.25
1788419468.753,5194.3,2137.6,72.0,87.1,129.3,86.4,92.8,781.0,809.5,783.9,786.6,4.85,76.0,12.1,3.0,42.3,0.73,14.12,4.0,LANE_A,20000.0,-22.0,83.7,CRUISE_LOITER,LADAKH,1,0.25
1788419469.266,5200.1,2140.0,72.0,87.1,129.7,86.8,92.9,779.6,810.5,784.0,786.7,4.81,76.3,12.3,3.0,42.4,0.71,14.09,4.1,LANE_A,20000.0,-22.0,83.7,CRUISE_LOITER,LADAKH,1,0.25
1788419469.786,5186.9,2134.5,72.0,87.0,129.6,86.6,92.9,780.5,809.0,783.8,785.7,4.77,76.1,12.1,3.0,42.3,0.73,14.08,4.2,LANE_A,20000.0,-22.0,83.7,CRUISE_LOITER,LADAKH,1,0.25
1788419470.307,5172.3,2128.5,72.0,87.2,129.4,86.7,93.0,780.7,811.2,785.8,786.8,4.81,76.0,12.1,3.0,42.2,0.72,14.1,3.9,LANE_A,20000.0,-22.0,83.7,CRUISE_LOITER,LADAKH,1,0.25
1788419470.821,5181.2,2132.2,72.0,87.3,129.5,86.9,92.9,781.1,811.5,782.7,787.5,4.79,76.3,12.3,3.0,42.4,0.73,14.1,4.2,LANE_A,20000.0,-22.0,83.8,CRUISE_LOITER,LADAKH,1,0.25
1788419471.331,5156.0,2121.8,72.0,87.1,129.5,86.2,93.0,782.5,810.7,782.5,786.7,4.8,76.3,12.1,3.0,42.1,0.72,14.09,4.1,LANE_A,20000.0,-22.0,83.8,CRUISE_LOITER,LADAKH,1,0.25
1788419471.858,5177.1,2130.5,72.0,87.0,129.5,86.5,93.1,781.4,811.1,785.6,788.3,4.84,76.4,12.2,3.0,42.5,0.73,14.1,4.1,LANE_A,20000.0,-22.0,83.8,CRUISE_LOITER,LADAKH,1,0.25
1788419472.372,5157.3,2122.4,72.0,86.9,129.6,86.5,93.1,778.7,811.3,782.5,785.3,4.83,76.3,12.3,3.0,42.4,0.73,14.09,4.0,LANE_A,20000.0,-22.0,83.9,CRUISE_LOITER,LADAKH,1,0.25
1788419472.904,5174.9,2129.6,72.0,87.2,129.7,87.0,93.0,782.0,806.9,785.0,787.8,4.81,76.5,12.2,3.0,42.3,0.7,14.1,4.2,LANE_A,20000.0,-22.0,83.9,CRUISE_LOITER,LADAKH,1,0.25
1788419473.432,5170.0,2127.6,72.0,87.2,129.6,86.9,93.0,781.3,811.4,782.2,786.5,4.82,76.4,12.3,3.0,42.4,0.73,14.09,4.2,LANE_A,20000.0,-22.0,83.9,CRUISE_LOITER,LADAKH,1,0.25
1788419473.949,5190.3,2135.9,72.0,87.2,129.5,86.5,93.2,780.8,809.5,780.9,787.2,4.77,76.1,12.2,3.0,42.4,0.72,14.09,4.1,LANE_A,20000.0,-22.0,83.9,CRUISE_LOITER,LADAKH,1,0.25
1788419474.469,5165.9,2125.9,72.0,87.0,129.4,86.8,93.0,781.7,809.4,782.3,782.5,4.84,76.2,12.2,3.0,42.6,0.72,14.11,4.1,LANE_A,20000.0,-22.0,84.0,CRUISE_LOITER,LADAKH,1,0.25
1788419474.981,5196.0,2138.3,72.0,87.0,129.5,86.7,93.2,781.0,811.3,783.5,786.2,4.76,76.1,12.4,3.0,42.4,0.71,14.07,4.0,LANE_A,20000.0,-22.0,84.0,CRUISE_LOITER,LADAKH,1,0.25
1788419475.826,5184.7,2133.6,72.0,87.4,129.8,86.7,93.5,780.1,811.1,781.9,785.8,4.8,76.2,12.2,3.0,42.5,0.74,14.14,4.1,LANE_A,20000.0,-22.0,84.0,CRUISE_LOITER,LADAKH,1,0.25
1788419476.339,5168.3,2126.9,72.0,87.3,129.7,86.5,93.1,781.7,808.4,782.8,787.5,4.81,76.2,12.2,3.0,42.4,0.71,14.09,4.2,LANE_A,20000.0,-22.0,84.1,CRUISE_LOITER,LADAKH,1,0.25
1788419476.863,5159.0,2123.0,72.0,87.0,129.8,86.6,93.2,782.4,810.6,782.4,786.1,4.78,76.3,12.3,3.0,42.4,0.76,14.11,3.9,LANE_A,20000.0,-22.0,84.1,CRUISE_LOITER,LADAKH,1,0.25
1788419477.391,5186.8,2134.5,72.0,86.9,129.8,86.7,93.1,783.6,810.0,784.5,784.9,4.71,76.4,12.3,3.0,42.5,0.74,14.1,4.0,LANE_A,20000.0,-22.0,84.1,CRUISE_LOITER,LADAKH,1,0.25
1788419478.522,5165.6,2125.7,72.0,87.0,129.9,86.8,93.1,781.6,810.1,783.0,786.8,4.8,76.4,12.2,3.0,42.4,0.72,14.12,4.0,LANE_A,20000.0,-22.0,84.2,CRUISE_LOITER,LADAKH,1,0.25
1788419479.045,5172.5,2128.6,72.0,86.9,129.7,86.8,93.1,782.1,811.8,784.8,786.1,4.78,76.4,12.4,3.0,42.5,0.75,14.1,4.1,LANE_A,20000.0,-22.0,84.2,CRUISE_LOITER,LADAKH,1,0.25
1788419479.56,5191.2,2136.3,72.0,87.2,129.8,86.8,93.5,781.6,810.4,784.6,786.1,4.85,76.3,12.1,3.0,42.6,0.74,14.1,4.0,LANE_A,20000.0,-22.0,84.2,CRUISE_LOITER,LADAKH,1,0.25
1788419480.084,5171.7,2128.3,72.0,87.2,129.5,86.7,93.2,779.4,810.7,782.8,785.6,4.79,76.4,12.3,3.0,42.8,0.72,14.13,4.1,LANE_A,20000.0,-22.0,84.3,CRUISE_LOITER,LADAKH,1,0.25
1788419480.602,5161.5,2124.1,72.0,87.1,129.4,86.8,93.0,780.3,809.0,783.0,785.5,4.79,76.3,12.2,3.0,42.7,0.73,14.12,4.0,LANE_A,20000.0,-22.0,84.3,CRUISE_LOITER,LADAKH,1,0.25
1788419481.115,5173.4,2129.0,72.0,87.2,129.4,86.9,93.1,782.2,809.2,781.1,784.8,4.83,76.4,12.2,3.0,42.5,0.71,14.11,4.1,LANE_A,20000.0,-22.0,84.3,CRUISE_LOITER,LADAKH,1,0.25
1788419481.629,5177.2,2130.6,72.0,87.3,129.7,87.1,93.6,781.3,811.2,781.5,786.4,4.83,76.2,12.2,3.0,42.6,0.72,14.08,4.1,LANE_A,20000.0,-22.0,84.4,CRUISE_LOITER,LADAKH,1,0.25
1788419482.153,5153.3,2120.7,72.0,87.4,130.1,86.5,93.2,781.3,808.0,782.1,785.9,4.81,76.2,12.4,3.0,42.7,0.74,14.14,4.1,LANE_A,20000.0,-22.0,84.4,CRUISE_LOITER,LADAKH,1,0.25
1788419482.683,5160.4,2123.6,72.0,87.3,129.6,87.0,93.3,781.8,813.2,784.0,786.2,4.76,76.4,12.3,3.0,42.8,0.71,14.11,4.2,LANE_A,20000.0,-22.0,84.4,CRUISE_LOITER,LADAKH,1,0.25
1788419483.208,5140.8,2115.5,72.0,87.2,129.7,86.7,93.1,781.6,812.4,784.2,786.6,4.79,76.7,12.3,3.0,42.7,0.73,14.12,4.1,LANE_A,20000.0,-22.0,84.5,CRUISE_LOITER,LADAKH,1,0.25
1788419483.719,5184.5,2133.5,72.0,87.3,130.0,86.6,92.9,780.2,810.4,782.9,785.6,4.83,76.7,12.4,3.0,42.7,0.74,14.11,4.1,LANE_A,20000.0,-22.0,84.5,CRUISE_LOITER,LADAKH,1,0.25
1788419484.244,5178.9,2131.3,72.0,87.3,129.6,86.6,93.3,783.1,809.7,783.1,785.7,4.81,76.4,12.5,3.0,42.5,0.75,14.08,3.9,LANE_A,20000.0,-22.0,84.5,CRUISE_LOITER,LADAKH,1,0.25
1788419484.755,5180.1,2131.7,72.0,87.1,129.9,86.9,93.3,781.6,810.4,784.1,784.2,4.79,76.5,12.3,3.0,42.7,0.72,14.12,4.2,LANE_A,20000.0,-22.0,84.6,CRUISE_LOITER,LADAKH,1,0.25
1788419485.273,5181.6,2132.4,72.0,87.4,130.2,86.5,93.3,779.0,810.7,783.6,787.1,4.77,76.3,12.4,3.0,42.8,0.73,14.07,4.0,LANE_A,20000.0,-22.0,84.6,CRUISE_LOITER,LADAKH,1,0.25
1788419485.794,5161.9,2124.2,72.0,87.2,129.9,86.5,93.4,781.4,810.5,783.9,787.2,4.84,76.2,12.2,3.0,42.6,0.72,14.1,4.2,LANE_A,20000.0,-22.0,84.6,CRUISE_LOITER,LADAKH,1,0.25
1788419486.334,5184.7,2133.6,72.0,87.2,129.7,86.7,93.3,781.5,810.1,785.7,787.4,4.78,76.5,12.2,3.0,42.5,0.73,14.1,4.4,LANE_A,20000.0,-22.0,84.7,CRUISE_LOITER,LADAKH,1,0.25
1788419486.858,5168.3,2126.9,72.0,87.9,129.5,87.0,93.5,782.2,810.2,781.6,787.7,4.79,76.4,12.3,3.0,42.8,0.72,14.07,3.9,LANE_A,20000.0,-22.0,84.7,CRUISE_LOITER,LADAKH,1,0.25
1788419487.393,5178.5,2131.1,72.0,87.5,129.8,86.5,93.5,782.0,809.9,783.1,785.5,4.83,76.4,12.4,3.0,42.4,0.7,14.1,4.1,LANE_A,20000.0,-22.0,84.8,CRUISE_LOITER,LADAKH,1,0.25
1788419487.908,5173.1,2128.8,72.0,87.3,130.1,86.9,93.6,780.0,811.3,782.4,785.8,4.77,76.4,12.2,3.0,42.6,0.73,14.11,4.0,LANE_A,20000.0,-22.0,84.8,CRUISE_LOITER,LADAKH,1,0.25
1788419488.423,5179.4,2131.4,72.0,87.5,129.8,87.1,93.5,782.2,809.7,782.7,785.0,4.78,76.5,12.4,3.0,42.7,0.72,14.08,4.0,LANE_A,20000.0,-22.0,84.8,CRUISE_LOITER,LADAKH,1,0.25
1788419488.952,5165.4,2125.7,72.0,87.5,129.9,86.9,93.3,780.1,812.4,782.3,786.4,4.74,76.6,12.3,3.0,42.7,0.69,14.08,4.1,LANE_A,20000.0,-22.0,84.9,CRUISE_LOITER,LADAKH,1,0.25
1788419489.471,5167.9,2126.7,72.0,87.7,130.1,86.8,93.4,780.7,810.2,783.5,787.7,4.79,76.7,12.4,3.0,42.6,0.71,14.09,4.0,LANE_A,20000.0,-22.0,84.9,CRUISE_LOITER,LADAKH,1,0.25
1788419490.01,5180.7,2132.0,72.0,87.7,130.3,86.7,93.4,781.1,809.6,783.9,785.4,4.77,76.5,12.3,3.0,42.8,0.73,14.08,4.1,LANE_A,20000.0,-22.0,84.9,CRUISE_LOITER,LADAKH,1,0.25
1788419490.523,5162.2,2124.4,72.0,87.2,129.8,87.1,93.3,781.4,810.7,782.5,786.2,4.76,76.5,12.3,3.0,42.9,0.71,14.12,4.1,LANE_A,20000.0,-22.0,85.0,CRUISE_LOITER,LADAKH,1,0.25
1788419491.061,5158.2,2122.7,72.0,87.6,129.7,86.9,93.0,781.9,809.6,781.5,785.7,4.76,76.3,12.3,3.0,43.0,0.72,14.12,4.2,LANE_A,20000.0,-22.0,85.0,CRUISE_LOITER,LADAKH,1,0.25
1788419491.587,5170.3,2127.7,72.0,87.2,129.9,86.8,93.8,782.2,811.2,784.3,785.5,4.71,76.7,12.3,3.0,42.9,0.73,14.11,4.0,LANE_A,20000.0,-22.0,85.1,CRUISE_LOITER,LADAKH,1,0.25
1788419492.103,5175.3,2129.8,72.0,87.3,129.7,86.8,93.1,782.4,809.2,782.0,784.1,4.81,76.3,12.4,3.0,42.9,0.74,14.11,4.0,LANE_A,20000.0,-22.0,85.1,CRUISE_LOITER,LADAKH,1,0.25
1788419492.621,5165.0,2125.5,72.0,87.6,130.3,86.9,93.6,779.9,810.3,784.5,786.8,4.76,76.6,12.4,3.0,42.8,0.73,14.1,4.2,LANE_A,20000.0,-22.0,85.2,CRUISE_LOITER,LADAKH,1,0.25
1788419493.136,5175.4,2129.8,72.0,87.5,130.0,86.8,93.6,781.6,809.5,782.6,785.5,4.79,76.5,12.4,3.0,43.1,0.73,14.09,4.1,LANE_A,20000.0,-22.0,85.2,CRUISE_LOITER,LADAKH,1,0.25
1788419493.648,5172.8,2128.7,72.0,87.6,130.2,87.1,93.5,782.4,809.4,781.6,786.9,4.76,76.8,12.3,3.0,42.9,0.71,14.08,3.9,LANE_A,20000.0,-22.0,85.2,CRUISE_LOITER,LADAKH,1,0.25
1788419494.165,5150.5,2119.5,72.0,87.6,130.2,86.7,93.6,781.6,811.6,784.6,785.9,4.77,76.7,12.3,3.0,42.9,0.72,14.12,4.1,LANE_A,20000.0,-22.0,85.3,CRUISE_LOITER,LADAKH,1,0.25
1788419494.686,5176.4,2130.2,72.0,87.5,130.0,86.9,93.2,782.9,811.9,782.7,787.5,4.78,76.7,12.3,3.0,43.0,0.73,14.1,3.9,LANE_A,20000.0,-22.0,85.3,CRUISE_LOITER,LADAKH,1,0.25
1788419495.207,5161.6,2124.1,72.0,87.4,129.9,86.9,93.5,780.5,810.6,784.7,787.4,4.7,76.7,12.4,3.0,42.9,0.74,14.1,4.0,LANE_A,20000.0,-22.0,85.4,CRUISE_LOITER,LADAKH,1,0.25
1788419495.72,5180.5,2131.9,72.0,87.4,130.4,87.0,93.5,781.6,813.0,783.0,785.0,4.81,76.8,12.3,3.0,42.7,0.75,14.09,4.0,LANE_A,20000.0,-22.0,85.4,CRUISE_LOITER,LADAKH,1,0.25
1788419496.247,5167.6,2126.6,72.0,87.6,129.8,86.7,93.1,781.4,811.3,782.0,784.3,4.77,76.7,12.3,3.0,43.1,0.72,14.07,4.2,LANE_A,20000.0,-22.0,85.4,CRUISE_LOITER,LADAKH,1,0.25
1788419496.773,5159.8,2123.4,72.0,87.5,130.3,87.1,93.7,781.8,808.7,784.4,788.1,4.77,76.7,12.4,3.0,43.1,0.71,14.11,4.0,LANE_A,20000.0,-22.0,85.5,CRUISE_LOITER,LADAKH,1,0.25
1788419497.286,5157.0,2122.2,72.0,87.5,129.8,86.8,93.3,779.1,809.1,782.5,785.2,4.81,77.0,12.3,3.0,43.2,0.72,14.11,4.0,LANE_A,20000.0,-22.0,85.5,CRUISE_LOITER,LADAKH,1,0.25
1788419497.796,5186.1,2134.2,72.0,87.7,129.7,86.8,93.7,780.8,810.1,781.8,786.5,4.87,76.8,12.4,3.0,43.1,0.75,14.09,4.1,LANE_A,20000.0,-22.0,85.6,CRUISE_LOITER,LADAKH,1,0.25
1788419498.904,5166.7,2126.2,72.0,87.3,129.9,87.0,93.5,781.3,809.2,781.6,787.1,4.74,76.7,12.6,3.0,43.0,0.74,14.11,4.0,LANE_A,20000.0,-22.0,85.6,CRUISE_LOITER,LADAKH,1,0.25
1788419499.426,5177.3,2130.6,72.0,87.6,130.2,87.2,93.5,779.4,809.4,783.3,787.4,4.83,76.8,12.4,3.0,43.0,0.73,14.08,4.0,LANE_A,20000.0,-22.0,85.7,CRUISE_LOITER,LADAKH,1,0.25
1788419499.943,5181.7,2132.4,72.0,87.1,130.2,87.2,93.5,781.6,807.9,782.8,785.5,4.76,76.8,12.4,3.0,42.9,0.73,14.12,4.2,LANE_A,20000.0,-22.0,85.7,CRUISE_LOITER,LADAKH,1,0.25
1788419500.458,5169.5,2127.3,72.0,87.6,130.3,87.4,93.5,781.1,809.5,781.4,782.8,4.83,76.5,12.5,3.0,43.0,0.75,14.1,4.2,LANE_A,20000.0,-22.0,85.8,CRUISE_LOITER,LADAKH,1,0.25
1788419500.98,5174.4,2129.4,72.0,87.2,130.0,86.9,93.3,783.2,809.0,782.8,785.6,4.79,76.8,12.4,3.0,43.0,0.69,14.08,4.1,LANE_A,20000.0,-22.0,85.8,CRUISE_LOITER,LADAKH,1,0.25
1788419501.489,5164.0,2125.1,72.0,87.3,130.3,87.1,93.5,782.2,811.4,783.1,784.3,4.73,77.0,12.4,3.0,43.2,0.74,14.1,4.1,LANE_A,20000.0,-22.0,85.8,CRUISE_LOITER,LADAKH,1,0.25
1788419502.01,5146.2,2117.8,72.0,87.5,130.1,87.1,93.3,782.6,809.0,781.5,788.1,4.76,77.0,12.4,3.0,43.1,0.72,14.12,4.1,LANE_A,20000.0,-22.0,85.9,CRUISE_LOITER,LADAKH,1,0.25
1788419502.53,5166.3,2126.1,72.0,87.7,130.4,87.2,93.9,782.2,808.6,782.4,782.4,4.78,76.7,12.3,3.0,43.3,0.71,14.09,4.2,LANE_A,20000.0,-22.0,85.9,CRUISE_LOITER,LADAKH,1,0.25
1788419503.048,5167.0,2126.4,72.0,87.8,130.0,87.0,93.7,781.0,807.7,784.5,784.2,4.78,76.9,12.4,3.0,43.1,0.72,14.1,4.1,LANE_A,20000.0,-22.0,86.0,CRUISE_LOITER,LADAKH,1,0.25
1788419503.564,5146.7,2118.0,72.0,87.5,130.2,87.2,93.6,781.7,809.8,784.2,783.4,4.73,76.6,12.3,3.0,42.9,0.69,14.08,4.1,LANE_A,20000.0,-22.0,86.0,CRUISE_LOITER,LADAKH,1,0.25
1788419504.087,5158.0,2122.6,72.0,87.6,130.4,86.9,93.4,782.5,808.2,780.3,784.5,4.78,76.8,12.4,3.0,43.3,0.69,14.11,4.0,LANE_A,20000.0,-22.0,86.1,CRUISE_LOITER,LADAKH,1,0.25
1788419504.596,5149.2,2119.0,72.0,87.6,130.0,87.0,93.4,779.4,810.0,782.6,786.5,4.78,76.8,12.4,3.0,43.3,0.66,14.12,4.1,LANE_A,20000.0,-22.0,86.1,CRUISE_LOITER,LADAKH,1,0.25
1788419505.129,5171.9,2128.3,72.0,87.8,130.0,87.2,93.3,780.5,811.6,781.7,784.7,4.84,76.8,12.4,3.0,43.2,0.73,14.1,4.2,LANE_A,20000.0,-22.0,86.2,CRUISE_LOITER,LADAKH,1,0.25
1788419505.639,5156.8,2122.1,72.0,87.7,130.2,87.3,93.8,781.3,807.7,781.5,786.2,4.8,76.9,12.2,3.0,43.2,0.73,14.09,4.2,LANE_A,20000.0,-22.0,86.2,CRUISE_LOITER,LADAKH,1,0.25
1788419506.167,5163.7,2125.0,72.0,87.4,130.2,87.0,93.7,781.4,811.2,783.2,786.5,4.71,76.8,12.5,3.0,43.4,0.7,14.11,4.2,LANE_A,20000.0,-22.0,86.3,CRUISE_LOITER,LADAKH,1,0.25
1788419506.681,5161.1,2123.9,72.0,87.7,130.0,87.1,93.8,781.1,809.0,783.1,785.4,4.73,76.8,12.5,3.0,43.1,0.71,14.13,4.0,LANE_A,20000.0,-22.0,86.3,CRUISE_LOITER,LADAKH,1,0.25
1788419507.198,5188.7,2135.3,72.0,88.0,130.2,87.2,93.9,780.8,811.3,784.1,786.4,4.78,76.7,12.4,3.0,43.1,0.71,14.13,4.0,LANE_A,20000.0,-22.0,86.3,CRUISE_LOITER,LADAKH,1,0.25
1788419507.707,5144.4,2117.0,72.0,87.8,130.4,87.1,93.3,781.6,810.3,781.8,785.2,4.75,77.1,12.3,3.0,43.3,0.73,14.13,4.0,LANE_A,20000.0,-22.0,86.4,CRUISE_LOITER,LADAKH,1,0.25
1788419508.234,5135.1,2113.2,72.0,87.9,130.4,86.9,93.4,778.4,810.5,780.4,787.2,4.75,76.8,12.5,3.0,43.3,0.71,14.08,3.9,LANE_A,20000.0,-22.0,86.4,CRUISE_LOITER,LADAKH,1,0.25
1788419508.758,5162.6,2124.5,72.0,87.6,130.3,86.8,93.6,781.8,809.3,783.4,786.5,4.82,76.9,12.4,3.0,43.3,0.72,14.1,4.1,LANE_A,20000.0,-22.0,86.5,CRUISE_LOITER,LADAKH,1,0.25
1788419509.272,5188.4,2135.1,72.0,87.7,130.0,86.8,93.8,779.8,809.7,781.0,787.9,4.8,77.1,12.3,3.0,43.6,0.73,14.12,4.0,LANE_A,20000.0,-22.0,86.5,CRUISE_LOITER,LADAKH,1,0.25
1788419509.793,5156.8,2122.1,72.0,87.8,130.1,87.1,93.7,780.1,808.7,783.8,785.7,4.81,77.0,12.5,3.0,43.2,0.73,14.11,4.0,LANE_A,20000.0,-22.0,86.6,CRUISE_LOITER,LADAKH,1,0.25
1788419510.311,5136.9,2113.9,72.0,87.9,130.0,87.0,93.5,781.2,810.5,782.1,785.0,4.79,76.8,12.5,3.0,43.3,0.73,14.09,4.0,LANE_A,20000.0,-22.0,86.6,CRUISE_LOITER,LADAKH,1,0.25
1788419510.822,5186.7,2134.4,72.0,87.7,130.0,87.2,93.5,781.9,812.6,783.7,786.6,4.75,76.9,12.5,3.0,43.4,0.71,14.1,4.0,LANE_A,20000.0,-22.0,86.7,CRUISE_LOITER,LADAKH,1,0.25
1788419511.343,5154.3,2121.1,72.0,87.5,130.0,87.1,93.4,779.7,808.4,782.9,785.2,4.8,77.0,12.5,3.0,43.2,0.73,14.14,4.0,LANE_A,20000.0,-22.0,86.7,CRUISE_LOITER,LADAKH,1,0.25
1788419511.86,5145.2,2117.4,72.0,87.7,130.2,87.3,93.6,780.7,807.7,782.8,786.3,4.76,76.7,12.4,3.0,43.2,0.73,14.09,4.1,LANE_A,20000.0,-22.0,86.8,CRUISE_LOITER,LADAKH,1,0.25
1788419512.375,5155.3,2121.5,72.0,87.6,129.7,87.1,93.6,780.6,809.0,784.5,785.3,4.78,77.1,12.3,3.0,43.6,0.71,14.12,4.0,LANE_A,20000.0,-22.0,86.8,CRUISE_LOITER,LADAKH,1,0.25
1788419512.888,5175.2,2129.7,72.0,87.9,130.4,87.0,93.6,779.1,811.7,784.1,787.3,4.73,76.9,12.5,3.0,43.3,0.73,14.1,4.2,LANE_A,20000.0,-22.0,86.9,CRUISE_LOITER,LADAKH,1,0.25
1788419513.405,5168.7,2127.0,72.0,87.9,129.8,87.0,93.4,780.6,807.0,780.9,786.3,4.79,77.0,12.6,3.0,43.3,0.73,14.09,4.2,LANE_A,20000.0,-22.0,86.9,CRUISE_LOITER,LADAKH,1,0.25
1788419513.919,5161.3,2124.0,72.0,87.4,130.2,87.3,93.7,781.7,812.7,783.1,785.7,4.78,77.3,12.6,3.0,43.2,0.71,14.12,3.9,LANE_A,20000.0,-22.0,87.0,CRUISE_LOITER,LADAKH,1,0.25
1788419514.432,5144.1,2116.9,72.0,87.6,130.2,87.4,93.9,779.6,810.3,780.8,788.2,4.8,77.1,12.6,3.0,43.5,0.73,14.09,4.1,LANE_A,20000.0,-22.0,87.0,CRUISE_LOITER,LADAKH,1,0.25
1788419514.946,5139.0,2114.8,72.0,87.7,130.2,87.2,93.8,780.5,808.2,783.4,784.6,4.75,77.1,12.4,3.0,43.3,0.71,14.09,4.2,LANE_A,20000.0,-22.0,87.1,CRUISE_LOITER,LADAKH,1,0.25
1788419515.468,5142.0,2116.0,72.0,87.7,130.5,87.3,93.9,780.5,810.6,783.5,784.9,4.78,77.1,12.3,3.0,43.5,0.72,14.13,4.0,LANE_A,20000.0,-22.0,87.1,CRUISE_LOITER,LADAKH,1,0.25
1788419515.996,5159.8,2123.4,72.0,87.8,130.0,87.5,93.8,779.2,810.3,781.7,783.1,4.81,76.9,12.5,3.0,43.6,0.73,14.1,4.0,LANE_A,20000.0,-22.0,87.2,CRUISE_LOITER,LADAKH,1,0.25
1788419516.503,5145.0,2117.3,72.0,87.8,130.4,87.4,93.9,781.0,809.1,782.4,786.5,4.78,76.9,12.6,3.0,43.6,0.72,14.12,4.2,LANE_A,20000.0,-22.0,87.2,CRUISE_LOITER,LADAKH,1,0.25
1788419517.023,5165.7,2125.8,72.0,87.7,130.1,87.1,93.6,779.5,809.5,785.0,785.2,4.77,77.0,12.5,3.0,43.5,0.72,14.07,4.2,LANE_A,20000.0,-22.0,87.3,CRUISE_LOITER,LADAKH,1,0.25
1788419517.53,5170.9,2128.0,72.0,88.1,130.2,87.4,93.4,779.9,809.2,784.2,784.5,4.82,77.0,12.7,3.0,43.6,0.75,14.11,4.0,LANE_A,20000.0,-22.0,87.3,CRUISE_LOITER,LADAKH,1,0.25
1788419518.683,5151.4,2119.9,72.0,87.7,130.2,87.1,93.6,780.2,811.7,780.0,785.1,4.78,77.2,12.5,2.9,43.6,0.73,14.11,4.0,LANE_A,20000.0,-22.0,87.4,CRUISE_LOITER,LADAKH,1,0.25
1788419519.198,5157.8,2122.5,72.0,87.8,130.0,87.3,93.6,782.9,809.0,783.6,783.5,4.73,76.8,12.5,3.0,43.6,0.69,14.09,4.0,LANE_A,20000.0,-22.0,87.4,CRUISE_LOITER,LADAKH,1,0.25
1788419519.719,5151.7,2120.0,72.0,87.2,130.4,87.2,93.7,781.0,808.6,783.6,786.4,4.76,77.2,12.6,3.0,43.5,0.71,14.1,4.0,LANE_A,20000.0,-22.0,87.5,CRUISE_LOITER,LADAKH,1,0.25
1788419520.24,5167.1,2126.4,72.0,87.9,130.0,87.2,94.0,782.4,812.2,783.4,786.4,4.8,77.1,12.6,3.0,43.6,0.7,14.11,4.1,LANE_A,20000.0,-22.0,87.5,CRUISE_LOITER,LADAKH,1,0.25
1788419520.756,5138.0,2114.4,72.0,87.8,130.5,87.4,93.7,779.6,809.0,780.0,784.5,4.77,77.1,12.4,3.0,43.7,0.72,14.1,4.2,LANE_A,20000.0,-22.0,87.6,CRUISE_LOITER,LADAKH,1,0.25
1788419521.27,5157.9,2122.6,72.0,87.7,130.2,87.4,93.6,780.9,809.5,782.5,785.7,4.75,77.1,12.5,3.0,43.6,0.72,14.1,3.9,LANE_A,20000.0,-22.0,87.6,CRUISE_LOITER,LADAKH,1,0.25
1788419521.788,5158.1,2122.7,72.0,87.8,130.3,87.6,93.9,781.0,808.6,783.8,783.0,4.74,77.1,12.5,3.0,43.6,0.74,14.08,4.0,LANE_A,20000.0,-22.0,87.7,CRUISE_LOITER,LADAKH,1,0.25
1788419522.31,5129.9,2111.1,72.0,87.8,130.3,87.5,93.6,780.0,810.3,783.9,785.8,4.8,77.4,12.4,3.0,43.8,0.74,14.07,3.9,LANE_A,20000.0,-22.0,87.7,CRUISE_LOITER,LADAKH,1,0.25
1788419522.821,5160.6,2123.7,72.0,87.5,130.2,87.0,93.8,782.0,812.1,782.2,783.2,4.71,77.0,12.6,3.0,43.7,0.74,14.06,4.1,LANE_A,20000.0,-22.0,87.8,CRUISE_LOITER,LADAKH,1,0.25
1788419523.339,5155.6,2121.7,72.0,87.8,130.4,87.4,93.8,779.2,809.2,780.8,787.5,4.82,77.0,12.6,3.0,43.4,0.73,14.08,4.0,LANE_A,20000.0,-22.0,87.8,CRUISE_LOITER,LADAKH,1,0.25
1788419523.86,5153.1,2120.6,72.0,87.4,130.3,87.0,93.6,781.1,808.5,784.0,786.3,4.75,77.2,12.6,3.0,43.6,0.72,14.12,3.8,LANE_A,20000.0,-22.0,87.9,CRUISE_LOITER,LADAKH,1,0.25
1788419524.374,5147.2,2118.2,72.0,87.9,130.4,87.4,94.1,780.6,807.8,782.1,785.4,4.78,77.2,12.8,3.0,43.6,0.73,14.11,4.1,LANE_A,20000.0,-22.0,87.9,CRUISE_LOITER,LADAKH,1,0.25
1788419524.878,5132.4,2112.1,72.0,87.9,130.4,87.4,94.0,784.1,807.1,784.0,785.1,4.78,77.0,12.5,3.0,43.5,0.73,14.1,4.2,LANE_A,20000.0,-22.0,88.0,CRUISE_LOITER,LADAKH,1,0.25
1788419525.405,5138.2,2114.5,72.0,87.5,130.2,87.1,93.6,779.5,809.2,781.8,785.1,4.81,77.2,12.6,3.0,43.8,0.73,14.11,4.2,LANE_A,20000.0,-22.0,88.0,CRUISE_LOITER,LADAKH,1,0.25
1788419525.919,5131.6,2111.8,72.0,87.8,130.8,87.3,93.7,780.2,808.5,784.7,783.3,4.77,77.1,12.5,3.0,43.8,0.71,14.1,4.1,LANE_A,20000.0,-22.0,88.1,CRUISE_LOITER,LADAKH,1,0.25
1788419526.437,5139.3,2114.9,72.0,87.5,130.1,87.2,94.0,781.1,813.0,782.9,785.6,4.79,77.1,12.5,3.0,43.9,0.71,14.11,4.0,LANE_A,20000.0,-22.0,88.1,CRUISE_LOITER,LADAKH,1,0.25
1788419526.948,5154.0,2121.0,72.0,88.0,130.2,87.3,93.8,780.9,809.6,782.8,786.6,4.78,77.0,12.5,3.0,43.8,0.71,14.11,4.2,LANE_A,20000.0,-22.0,88.2,CRUISE_LOITER,LADAKH,1,0.25
1788419527.474,5131.0,2111.5,72.0,87.7,130.2,87.3,94.0,780.9,809.4,781.8,784.5,4.74,77.3,12.6,3.0,43.8,0.72,14.08,4.0,LANE_A,20000.0,-22.0,88.2,CRUISE_LOITER,LADAKH,1,0.25
1788419527.993,5161.5,2124.1,72.0,87.9,130.6,87.2,94.1,782.6,812.6,784.8,785.3,4.77,77.2,12.8,3.0,43.9,0.73,14.11,4.0,LANE_A,20000.0,-22.0,88.3,CRUISE_LOITER,LADAKH,1,0.25
1788419528.509,5168.3,2126.9,72.0,87.6,130.3,87.1,93.7,779.3,810.4,783.1,785.6,4.76,77.3,12.5,3.0,44.0,0.74,14.1,4.0,LANE_A,20000.0,-22.0,88.3,CRUISE_LOITER,LADAKH,1,0.25
1788419529.024,5158.7,2122.9,72.0,87.9,130.4,87.5,93.9,780.4,810.8,782.1,784.9,4.75,77.2,12.7,3.0,43.9,0.7,14.1,4.2,LANE_A,20000.0,-22.0,88.4,CRUISE_LOITER,LADAKH,1,0.25
1788419529.528,5165.3,2125.7,72.0,88.1,130.5,87.5,94.1,780.9,811.6,783.8,786.3,4.77,77.1,12.6,3.0,43.8,0.74,14.11,4.2,LANE_A,20000.0,-22.0,88.4,CRUISE_LOITER,LADAKH,1,0.25
1788419530.059,5142.7,2116.3,72.0,87.7,130.4,87.0,93.9,781.2,809.8,784.2,784.2,4.76,77.2,12.7,3.0,43.9,0.73,14.1,4.0,LANE_A,20000.0,-22.0,88.5,CRUISE_LOITER,LADAKH,1,0.25
1788419530.574,5157.1,2122.3,72.0,88.2,130.7,87.5,93.5,780.4,810.3,785.0,786.7,4.77,77.4,12.6,3.0,44.0,0.72,14.11,3.9,LANE_A,20000.0,-22.0,88.5,CRUISE_LOITER,LADAKH,1,0.25
1788419531.097,5141.4,2115.8,72.0,87.8,130.1,87.4,94.0,782.1,809.9,784.4,785.5,4.79,77.1,12.6,3.0,44.0,0.74,14.1,4.1,LANE_A,20000.0,-22.0,88.6,CRUISE_LOITER,LADAKH,1,0.25
1788419531.603,5118.3,2106.3,72.0,87.8,130.0,87.6,93.7,780.1,810.7,781.2,786.3,4.74,77.2,12.6,3.0,44.0,0.74,14.11,4.0,LANE_A,20000.0,-22.0,88.6,CRUISE_LOITER,LADAKH,1,0.25
1788419532.134,5158.5,2122.8,72.0,88.0,130.5,87.5,93.9,780.3,809.5,783.3,783.0,4.8,77.0,12.7,3.0,44.0,0.73,14.13,4.2,LANE_A,20000.0,-22.0,88.7,CRUISE_LOITER,LADAKH,1,0.25
1788419532.655,5151.6,2120.0,72.0,87.6,130.6,87.2,93.7,779.3,806.2,782.4,785.1,4.82,77.4,12.7,3.0,43.9,0.71,14.08,3.9,LANE_A,20000.0,-22.0,88.7,CRUISE_LOITER,LADAKH,1,0.25
1788419533.168,5139.9,2115.2,72.0,87.9,130.5,87.5,94.2,780.6,808.5,782.2,787.6,4.78,77.4,12.4,3.0,43.9,0.7,14.08,3.9,LANE_A,20000.0,-22.0,88.8,CRUISE_LOITER,LADAKH,1,0.25
1788419533.672,5141.9,2116.0,72.0,87.8,130.3,87.5,93.3,782.0,809.1,785.3,787.7,4.78,77.3,12.8,3.0,43.9,0.72,14.11,4.1,LANE_A,20000.0,-22.0,88.8,CRUISE_LOITER,LADAKH,1,0.25
1788419534.187,5136.3,2113.7,72.0,87.7,130.3,87.2,94.2,779.6,810.8,781.0,786.8,4.75,77.4,12.5,3.0,44.1,0.73,14.09,4.2,LANE_A,20000.0,-22.0,88.9,CRUISE_LOITER,LADAKH,1,0.25
1788419534.705,5140.3,2115.3,72.0,88.2,130.3,87.5,94.0,782.4,809.7,782.8,786.2,4.79,77.4,12.8,3.0,44.1,0.72,14.09,4.1,LANE_A,20000.0,-22.0,88.9,CRUISE_LOITER,LADAKH,1,0.25
1788419535.213,5149.4,2119.1,72.0,88.3,130.3,87.4,93.8,780.8,809.2,782.9,784.8,4.76,77.3,12.7,3.0,44.0,0.72,14.07,4.1,LANE_A,20000.0,-22.0,89.0,CRUISE_LOITER,LADAKH,1,0.25
1788419535.732,5138.7,2114.7,72.0,87.7,130.3,87.4,93.8,779.5,809.2,781.4,785.5,4.77,77.3,12.6,3.0,44.0,0.71,14.13,4.0,LANE_A,20000.0,-22.0,89.0,CRUISE_LOITER,LADAKH,1,0.25
1788419536.251,5136.9,2113.9,72.0,88.0,130.5,87.2,93.9,781.2,809.9,781.7,784.6,4.85,77.3,12.6,3.0,44.1,0.73,14.11,3.8,LANE_A,20000.0,-22.0,89.1,CRUISE_LOITER,LADAKH,1,0.25
1788419536.763,5133.2,2112.4,72.0,88.0,130.4,87.5,94.0,779.5,810.7,782.5,787.8,4.73,77.4,12.7,3.0,44.3,0.74,14.09,4.0,LANE_A,20000.0,-22.0,89.1,CRUISE_LOITER,LADAKH,1,0.25
1788419537.288,5143.6,2116.7,72.0,88.0,130.6,87.6,93.9,780.0,810.6,783.1,784.6,4.77,77.3,12.6,3.0,44.0,0.74,14.1,3.9,LANE_A,20000.0,-22.0,89.2,CRUISE_LOITER,LADAKH,1,0.25
1788419537.805,5118.4,2106.3,72.0,87.9,130.4,87.5,93.7,780.3,807.9,783.3,784.4,4.71,77.2,12.7,3.0,44.1,0.73,14.07,4.1,LANE_A,20000.0,-22.0,89.2,CRUISE_LOITER,LADAKH,1,0.25
1788419538.949,5140.8,2115.6,72.0,87.9,130.4,87.3,94.5,780.9,811.1,782.0,785.2,4.76,77.4,12.6,3.0,44.3,0.76,14.13,4.0,LANE_A,20000.0,-22.0,89.3,CRUISE_LOITER,LADAKH,1,0.25
1788419539.46,5149.5,2119.1,72.0,88.0,130.4,87.4,93.8,780.9,810.0,782.9,785.1,4.7,77.1,12.6,3.0,44.2,0.73,14.1,4.0,LANE_A,20000.0,-22.0,89.3,CRUISE_LOITER,LADAKH,1,0.25
1788419539.977,5139.8,2115.1,72.0,88.0,130.4,87.6,93.7,781.7,809.4,781.2,786.4,4.77,77.1,12.6,3.0,44.3,0.72,14.13,4.0,LANE_A,20000.0,-22.0,89.4,CRUISE_LOITER,LADAKH,1,0.25
1788419540.484,5123.5,2108.5,72.0,87.9,130.0,87.7,93.9,779.1,809.9,781.4,785.0,4.72,77.4,12.6,3.0,44.1,0.73,14.11,4.1,LANE_A,20000.0,-22.0,89.4,CRUISE_LOITER,LADAKH,1,0.25
1788419541.003,5137.6,2114.2,72.0,87.8,130.1,87.2,94.4,780.8,810.2,781.0,785.5,4.81,77.4,12.6,3.0,44.2,0.72,14.12,4.0,LANE_A,20000.0,-22.0,89.4,CRUISE_LOITER,LADAKH,1,0.25
1788419541.523,5133.4,2112.5,72.0,87.9,130.2,87.7,94.0,782.9,808.8,781.5,785.2,4.77,77.7,12.7,3.0,44.2,0.74,14.12,4.0,LANE_A,20000.0,-22.0,89.5,CRUISE_LOITER,LADAKH,1,0.25
1788419542.047,5138.9,2114.8,72.0,87.8,130.4,87.4,94.0,779.9,809.2,782.5,785.5,4.76,77.5,12.8,3.0,44.2,0.72,14.14,4.0,LANE_A,20000.0,-22.0,89.5,CRUISE_LOITER,LADAKH,1,0.25
1788419542.565,5156.3,2121.9,72.0,88.1,130.3,87.6,93.8,780.0,809.4,783.5,784.1,4.76,77.3,12.8,3.0,44.2,0.72,14.1,4.0,LANE_A,20000.0,-22.0,89.6,CRUISE_LOITER,LADAKH,1,0.25
1788419543.071,5128.9,2110.7,72.0,88.2,130.6,87.2,93.8,779.6,810.9,784.1,785.7,4.72,77.5,12.8,3.0,44.1,0.73,14.09,3.8,LANE_A,20000.0,-22.0,89.6,CRUISE_LOITER,LADAKH,1,0.25
1788419543.599,5153.6,2120.8,72.0,88.4,130.7,87.8,94.4,780.2,809.1,783.2,784.2,4.78,77.5,12.7,3.0,44.4,0.73,14.08,4.0,LANE_A,20000.0,-22.0,89.7,CRUISE_LOITER,LADAKH,1,0.25
1788419544.111,5144.2,2116.9,72.0,87.9,130.5,87.4,93.7,782.5,809.7,782.1,783.1,4.84,77.5,12.7,3.0,44.3,0.7,14.12,4.1,LANE_A,20000.0,-22.0,89.7,CRUISE_LOITER,LADAKH,1,0.25
1788419544.637,5129.8,2111.0,72.0,88.0,130.4,87.7,94.1,779.8,809.8,781.0,784.8,4.75,77.5,12.7,3.0,44.2,0.71,14.12,4.2,LANE_A,20000.0,-22.0,89.8,CRUISE_LOITER,LADAKH,1,0.25
1788419545.152,5128.4,2110.5,72.0,88.3,130.2,87.7,94.0,780.1,809.1,784.8,783.8,4.78,77.3,12.6,3.0,44.3,0.74,14.1,4.1,LANE_A,20000.0,-22.0,89.8,CRUISE_LOITER,LADAKH,1,0.25
1788419545.68,5172.5,2128.6,72.0,88.0,130.7,87.2,93.5,780.4,810.9,784.5,785.0,4.8,77.4,12.6,3.0,44.3,0.7,14.12,4.0,LANE_A,20000.0,-22.0,89.9,CRUISE_LOITER,LADAKH,1,0.25
1788419546.189,5147.0,2118.1,72.0,87.7,130.5,87.9,93.7,778.3,810.5,782.0,784.0,4.81,77.7,12.8,3.0,44.2,0.68,14.11,4.0,LANE_A,20000.0,-22.0,89.9,CRUISE_LOITER,LADAKH,1,0.25
1788419546.705,5156.3,2121.9,72.0,88.4,130.5,87.7,94.0,780.1,811.4,782.5,785.3,4.81,77.3,12.6,3.0,44.3,0.72,14.09,4.2,LANE_A,20000.0,-22.0,90.0,CRUISE_LOITER,LADAKH,1,0.25
1788419547.223,5120.7,2107.3,72.0,87.8,130.9,87.4,94.3,778.8,805.9,784.2,785.2,4.71,77.6,12.8,3.0,44.1,0.7,14.1,4.0,LANE_A,20000.0,-22.0,90.0,CRUISE_LOITER,LADAKH,1,0.25
1788419547.75,5146.8,2118.0,72.0,87.9,130.7,87.6,94.0,781.5,808.7,783.1,785.9,4.75,77.5,12.7,3.0,44.4,0.72,14.1,4.0,LANE_A,20000.0,-22.0,90.1,CRUISE_LOITER,LADAKH,1,0.25
1788419548.266,5158.9,2123.0,72.0,88.3,130.7,87.5,94.3,781.4,809.3,782.9,786.0,4.72,77.5,12.7,3.0,44.3,0.72,14.08,4.0,LANE_A,20000.0,-22.0,90.1,CRUISE_LOITER,LADAKH,1,0.25
1788419548.775,5123.1,2108.3,72.0,88.0,130.8,87.7,94.0,779.7,811.2,782.9,783.4,4.75,77.5,12.8,3.0,44.5,0.71,14.13,4.0,LANE_A,20000.0,-22.0,90.1,CRUISE_LOITER,LADAKH,1,0.25
1788419549.3,5157.5,2122.4,72.0,87.8,130.6,87.7,94.0,781.1,808.5,782.9,783.7,4.76,77.5,12.8,3.0,44.5,0.69,14.09,4.1,LANE_A,20000.0,-22.0,90.2,CRUISE_LOITER,LADAKH,1,0.25
1788419549.821,5133.0,2112.3,72.0,88.0,130.8,87.5,94.0,781.3,809.5,780.5,786.5,4.7,77.4,12.7,3.0,44.3,0.7,14.09,4.0,LANE_A,20000.0,-22.0,90.2,CRUISE_LOITER,LADAKH,1,0.25
1788419550.34,5129.8,2111.0,72.0,88.3,130.9,87.3,94.1,778.1,810.1,782.4,788.2,4.73,77.8,12.9,3.0,44.6,0.73,14.09,4.0,LANE_A,20000.0,-22.0,90.3,CRUISE_LOITER,LADAKH,1,0.25
1788419550.86,5121.4,2107.6,72.0,88.3,130.8,87.4,94.0,780.7,809.1,783.1,785.3,4.75,77.5,12.6,3.0,44.6,0.72,14.09,3.9,LANE_A,20000.0,-22.0,90.3,CRUISE_LOITER,LADAKH,1,0.25
1788419551.381,5132.6,2112.2,72.0,88.0,130.3,87.4,93.9,778.9,810.1,781.5,785.8,4.75,77.4,12.7,3.0,44.5,0.72,14.09,4.0,LANE_A,20000.0,-22.0,90.4,CRUISE_LOITER,LADAKH,1,0.25
1788419551.906,5125.9,2109.4,72.0,87.9,130.5,87.6,94.3,778.9,808.4,783.6,783.2,4.74,77.4,12.6,3.0,44.3,0.69,14.11,3.9,LANE_A,20000.0,-22.0,90.4,CRUISE_LOITER,LADAKH,1,0.25
1788419552.415,5150.9,2119.7,72.0,88.1,130.2,87.5,93.9,781.0,808.9,782.5,786.3,4.77,77.5,12.7,3.0,44.5,0.69,14.11,4.1,LANE_A,20000.0,-22.0,90.5,CRUISE_LOITER,LADAKH,1,0.25
1788419552.94,5130.9,2111.5,72.0,87.9,130.6,87.7,94.1,781.8,809.1,782.2,786.3,4.85,77.6,12.8,3.0,44.6,0.7,14.09,4.0,LANE_A,20000.0,-22.0,90.5,CRUISE_LOITER,LADAKH,1,0.25
1788419553.461,5158.2,2122.7,72.0,87.9,130.2,87.5,94.2,780.2,808.7,782.7,784.5,4.75,77.8,12.8,3.0,44.6,0.7,14.12,4.0,LANE_A,20000.0,-22.0,90.5,CRUISE_LOITER,LADAKH,1,0.25
1788419553.983,5119.8,2106.9,72.0,88.4,130.6,87.5,94.0,780.2,808.3,781.0,786.2,4.75,77.5,12.7,3.0,44.6,0.72,14.11,3.9,LANE_A,20000.0,-22.0,90.6,CRUISE_LOITER,LADAKH,1,0.25
1788419554.494,5131.7,2111.8,72.0,88.1,130.5,87.8,94.3,780.2,807.5,782.4,784.1,4.68,77.2,12.7,3.0,44.3,0.74,14.12,3.9,LANE_A,20000.0,-22.0,90.6,CRUISE_LOITER,LADAKH,1,0.25
1788419555.008,5135.8,2113.5,72.0,88.0,130.6,87.2,94.2,779.7,810.9,781.5,784.0,4.75,77.5,12.7,3.0,44.7,0.73,14.11,4.0,LANE_A,20000.0,-22.0,90.7,CRUISE_LOITER,LADAKH,1,0.25
1788419555.53,5117.8,2106.1,72.0,88.1,130.9,87.6,94.0,779.1,808.7,780.5,787.8,4.74,77.7,12.7,3.0,44.6,0.72,14.11,4.0,LANE_A,20000.0,-22.0,90.7,CRUISE_LOITER,LADAKH,1,0.25
1788419556.05,5124.7,2108.9,72.0,88.2,130.5,87.2,93.9,780.3,808.9,782.4,784.0,4.73,77.6,12.7,3.0,44.5,0.74,14.12,4.1,LANE_A,20000.0,-22.0,90.8,CRUISE_LOITER,LADAKH,1,0.25
1788419556.567,5130.5,2111.3,72.0,88.1,130.5,87.4,94.0,779.0,810.0,782.4,782.4,4.74,77.5,12.7,3.0,44.7,0.72,14.09,4.1,LANE_A,20000.0,-22.0,90.8,CRUISE_LOITER,LADAKH,1,0.25
1788419557.087,5119.3,2106.7,72.0,88.4,130.7,87.7,94.2,780.6,809.0,780.5,785.1,4.75,77.6,12.7,3.0,44.5,0.72,14.08,4.1,LANE_A,20000.0,-22.0,90.8,CRUISE_LOITER,LADAKH,1,0.25
1788419557.609,5126.6,2109.7,72.0,88.0,130.9,88.0,94.0,781.5,808.5,781.6,785.8,4.73,77.3,12.8,3.0,44.5,0.72,14.1,4.1,LANE_A,20000.0,-22.0,90.9,CRUISE_LOITER,LADAKH,1,0.25
1788419558.689,5117.7,2106.1,72.0,88.3,130.5,87.7,94.0,780.9,807.4,783.2,785.2,4.71,77.6,12.9,3.0,44.8,0.71,14.06,4.1,LANE_A,20000.0,-22.0,90.9,CRUISE_LOITER,LADAKH,1,0.25
1788419559.199,5127.3,2110.0,72.0,88.4,130.5,87.7,94.2,780.4,809.0,780.9,785.0,4.76,77.6,12.7,3.0,44.9,0.71,14.13,4.0,LANE_A,20000.0,-22.0,91.0,CRUISE_LOITER,LADAKH,1,0.25
1788419559.706,5144.4,2117.1,72.0,88.0,130.6,87.7,94.2,780.0,810.8,783.4,783.2,4.75,77.8,12.8,3.0,44.7,0.71,14.15,4.2,LANE_A,20000.0,-22.0,91.0,CRUISE_LOITER,LADAKH,1,0.25
1788419560.223,5124.3,2108.8,72.0,88.5,130.9,87.9,94.2,781.6,807.4,780.8,785.5,4.72,77.7,12.8,3.0,44.6,0.71,14.09,4.2,LANE_A,20000.0,-22.0,91.0,CRUISE_LOITER,LADAKH,1,0.25
1788419560.736,5139.9,2115.2,72.0,88.2,130.9,87.7,94.1,777.9,806.6,781.0,784.4,4.72,77.6,12.7,3.0,44.7,0.72,14.11,4.1,LANE_A,20000.0,-22.0,91.1,CRUISE_LOITER,LADAKH,1,0.25
1788419561.246,5130.3,2111.2,72.0,88.2,130.6,87.7,94.2,780.5,810.0,782.9,784.6,4.77,77.8,12.8,3.0,44.8,0.72,14.06,3.9,LANE_A,20000.0,-22.0,91.1,CRUISE_LOITER,LADAKH,1,0.25
1788419562.11,5128.2,2110.4,72.0,88.2,131.2,87.9,94.0,778.6,810.2,779.4,787.1,4.69,77.8,12.8,3.0,44.8,0.73,14.1,4.0,LANE_A,20000.0,-22.0,91.2,CRUISE_LOITER,LADAKH,1,0.25
1788419562.62,5127.0,2109.9,72.0,88.0,130.8,87.8,94.3,781.6,810.4,782.3,787.1,4.67,77.8,12.8,3.0,45.0,0.71,14.12,4.1,LANE_A,20000.0,-22.0,91.2,CRUISE_LOITER,LADAKH,1,0.25
1788419563.147,5132.1,2112.0,72.0,88.3,130.6,87.8,94.1,779.2,806.1,780.9,786.3,4.73,77.8,12.8,3.0,44.8,0.72,14.12,4.1,LANE_A,20000.0,-22.0,91.2,CRUISE_LOITER,LADAKH,1,0.25
1788419563.666,5148.1,2118.6,72.0,88.5,130.6,87.9,94.2,779.3,810.7,780.3,784.0,4.73,78.0,12.7,3.0,44.9,0.73,14.07,4.1,LANE_A,20000.0,-22.0,91.3,CRUISE_LOITER,LADAKH,1,0.25
1788419564.174,5135.7,2113.5,72.0,88.3,130.8,87.7,94.3,780.8,808.8,781.7,785.0,4.75,77.8,12.8,3.0,44.7,0.72,14.09,4.1,LANE_A,20000.0,-22.0,91.3,CRUISE_LOITER,LADAKH,1,0.25
1788419564.693,5135.6,2113.4,72.0,88.4,131.2,87.8,94.1,780.0,808.0,782.4,785.0,4.76,78.0,12.8,3.0,44.8,0.7,14.1,4.1,LANE_A,20000.0,-22.0,91.3,CRUISE_LOITER,LADAKH,1,0.25
1788419565.214,5130.8,2111.4,72.0,88.1,130.9,87.8,94.5,783.0,812.6,783.4,783.7,4.75,77.9,12.7,3.0,45.0,0.73,14.13,4.1,LANE_A,20000.0,-22.0,91.4,CRUISE_LOITER,LADAKH,1,0.25
1788419565.73,5108.8,2102.4,72.0,88.5,130.8,88.1,94.3,779.1,806.9,782.8,785.1,4.77,77.9,12.8,3.0,44.9,0.7,14.12,4.0,LANE_A,20000.0,-22.0,91.4,CRUISE_LOITER,LADAKH,1,0.25
1788419566.232,5107.7,2101.9,72.0,88.2,130.7,87.8,94.4,780.9,810.2,781.3,787.3,4.77,77.8,12.9,3.0,44.9,0.73,14.07,4.0,LANE_A,20000.0,-22.0,91.5,CRUISE_LOITER,LADAKH,1,0.25
1788419566.748,5134.6,2113.0,72.0,88.4,130.8,87.9,94.3,781.2,808.5,780.7,784.4,4.8,77.8,12.8,3.0,44.8,0.71,14.11,3.9,LANE_A,20000.0,-22.0,91.5,CRUISE_LOITER,LADAKH,1,0.25
1788419567.274,5147.2,2118.2,72.0,88.1,130.8,87.5,94.5,780.4,807.8,782.2,787.8,4.73,77.9,12.9,3.0,45.0,0.71,14.1,4.1,LANE_A,20000.0,-22.0,91.5,CRUISE_LOITER,LADAKH,1,0.25
1788419567.781,5139.8,2115.1,72.0,88.5,130.8,87.8,93.9,780.3,808.6,782.4,784.4,4.69,77.9,12.9,3.0,44.9,0.72,14.09,4.2,LANE_A,20000.0,-22.0,91.6,CRUISE_LOITER,LADAKH,1,0.25
1788419568.299,5141.4,2115.8,72.0,88.5,130.8,88.0,94.4,781.2,809.6,781.7,784.9,4.77,77.6,12.8,3.0,44.8,0.71,14.08,4.2,LANE_A,20000.0,-22.0,91.6,CRUISE_LOITER,LADAKH,1,0.25
1788419568.813,5120.4,2107.1,72.0,88.7,130.8,87.9,94.5,782.0,808.2,784.4,786.3,4.74,77.9,12.9,3.0,45.0,0.74,14.11,4.0,LANE_A,20000.0,-22.0,91.6,CRUISE_LOITER,LADAKH,1,0.25
1788419569.338,5112.5,2103.9,72.0,88.3,130.9,87.8,94.4,780.9,808.3,784.3,786.2,4.76,77.8,12.9,3.0,45.2,0.7,14.1,4.0,LANE_A,20000.0,-22.0,91.7,CRUISE_LOITER,LADAKH,1,0.25
1788419569.855,5131.5,2111.7,72.0,88.2,130.6,87.8,94.2,781.4,810.0,782.2,785.8,4.7,77.9,13.0,3.0,45.2,0.71,14.09,4.1,LANE_A,20000.0,-22.0,91.7,CRUISE_LOITER,LADAKH,1,0.25
1788419570.383,5134.8,2113.1,72.0,88.3,131.0,88.0,94.7,781.9,812.4,782.6,783.5,4.78,78.0,12.9,3.0,45.0,0.71,14.1,4.0,LANE_A,20000.0,-22.0,91.7,CRUISE_LOITER,LADAKH,1,0.25
1788419570.893,5151.0,2119.7,72.0,88.3,130.8,87.5,94.3,778.9,810.7,781.5,785.3,4.73,77.9,12.8,3.0,45.1,0.69,14.09,4.0,LANE_A,20000.0,-22.0,91.8,CRUISE_LOITER,LADAKH,1,0.25
1788419571.405,5120.2,2107.1,72.0,88.5,130.9,87.9,94.4,783.2,808.5,782.4,784.5,4.75,77.9,12.8,3.0,45.0,0.74,14.14,3.9,LANE_A,20000.0,-22.0,91.8,CRUISE_LOITER,LADAKH,1,0.25
1788419571.934,5128.1,2110.3,72.0,88.4,130.9,87.9,94.2,780.2,809.3,781.3,786.0,4.83,77.7,12.9,3.0,45.4,0.73,14.16,4.1,LANE_A,20000.0,-22.0,91.8,CRUISE_LOITER,LADAKH,1,0.25
1788419572.44,5113.8,2104.5,72.0,88.6,130.5,88.0,94.4,781.0,809.3,782.7,785.1,4.72,78.0,12.9,3.0,45.1,0.74,14.06,4.1,LANE_A,20000.0,-22.0,91.9,CRUISE_LOITER,LADAKH,1,0.25
1788419572.964,5135.0,2113.2,72.0,88.5,130.9,88.2,94.6,780.2,809.8,782.5,786.0,4.72,78.0,12.9,3.0,45.3,0.71,14.13,4.0,LANE_A,20000.0,-22.0,91.9,CRUISE_LOITER,LADAKH,1,0.25
1788419573.482,5107.6,2101.9,72.0,88.6,131.1,88.1,94.5,780.4,808.2,782.2,787.4,4.73,77.8,12.8,3.0,45.1,0.72,14.11,4.0,LANE_A,20000.0,-22.0,91.9,CRUISE_LOITER,LADAKH,1,0.25
1788419573.988,5133.6,2112.6,72.0,88.7,130.9,88.0,94.7,779.6,808.7,784.4,782.7,4.76,77.8,13.0,3.0,45.2,0.72,14.1,4.2,LANE_A,20000.0,-22.0,92.0,CRUISE_LOITER,LADAKH,1,0.25
1788419574.518,5134.6,2113.0,72.0,88.4,130.9,88.2,94.6,778.9,808.5,782.0,784.0,4.75,78.0,13.0,3.0,45.0,0.73,14.09,4.1,LANE_A,20000.0,-22.0,92.0,CRUISE_LOITER,LADAKH,1,0.25
1788419575.037,5130.5,2111.3,72.0,88.5,131.3,88.4,94.3,779.3,810.4,781.6,787.6,4.72,78.0,13.0,3.0,45.3,0.73,14.07,4.0,LANE_A,20000.0,-22.0,92.0,CRUISE_LOITER,LADAKH,1,0.25
1788419575.559,5131.3,2111.6,72.0,88.3,131.2,88.1,94.5,783.0,810.2,784.2,784.3,4.72,77.9,12.9,3.0,45.1,0.74,14.09,4.1,LANE_A,20000.0,-22.0,92.0,CRUISE_LOITER,LADAKH,1,0.25
1788419576.063,5134.2,2112.8,72.0,88.4,131.1,88.1,94.6,780.5,810.0,783.1,785.0,4.75,78.0,12.9,3.0,45.1,0.72,14.1,4.0,LANE_A,20000.0,-22.0,92.1,CRUISE_LOITER,LADAKH,1,0.25
1788419576.584,5109.4,2102.6,72.0,88.6,131.3,87.9,94.7,780.8,809.1,783.2,785.9,4.82,78.0,13.0,3.0,45.0,0.75,14.07,4.0,LANE_A,20000.0,-22.0,92.1,CRUISE_LOITER,LADAKH,1,0.25
1788419577.096,5115.3,2105.1,72.0,88.9,131.2,88.0,94.5,777.0,808.3,783.7,786.1,4.79,77.8,12.8,3.0,45.1,0.71,14.11,4.0,LANE_A,20000.0,-22.0,92.1,CRUISE_LOITER,LADAKH,1,0.25
1788419577.603,5094.9,2096.7,72.0,88.9,131.2,88.2,94.5,779.6,810.1,780.0,786.5,4.74,78.5,12.8,3.0,45.2,0.72,14.14,4.0,LANE_A,20000.0,-22.0,92.2,CRUISE_LOITER,LADAKH,1,0.25
1788419578.778,5128.1,2110.3,72.0,88.5,131.2,88.0,94.8,780.1,809.8,782.6,786.4,4.76,78.2,12.9,3.0,45.3,0.72,14.11,4.0,LANE_A,20000.0,-22.0,92.2,CRUISE_LOITER,LADAKH,1,0.25
1788419579.297,5137.7,2114.3,72.0,89.0,131.3,88.6,94.5,779.4,809.9,781.3,783.4,4.77,78.0,13.0,3.0,45.2,0.69,14.09,4.2,LANE_A,20000.0,-22.0,92.2,CRUISE_LOITER,LADAKH,1,0.25
1788419579.802,5118.1,2106.2,72.0,88.5,131.2,88.3,94.8,779.9,807.0,781.9,782.8,4.73,78.2,12.8,3.0,45.0,0.71,14.09,4.0,LANE_A,20000.0,-22.0,92.2,CRUISE_LOITER,LADAKH,1,0.25
1788419580.318,5128.3,2110.4,72.0,88.5,131.5,88.2,94.5,781.9,810.7,780.1,782.9,4.71,78.2,12.8,3.0,45.3,0.71,14.1,4.1,LANE_A,20000.0,-22.0,92.3,CRUISE_LOITER,LADAKH,1,0.25
1788419580.829,5121.2,2107.5,72.0,88.5,131.3,88.2,94.9,782.2,807.4,782.8,785.8,4.71,78.2,12.9,3.0,45.2,0.71,14.09,4.0,LANE_A,20000.0,-22.0,92.3,CRUISE_LOITER,LADAKH,1,0.25
1788419581.359,5116.4,2105.5,72.0,88.7,131.3,88.3,94.8,779.8,809.8,779.4,785.5,4.79,78.0,12.9,3.0,45.5,0.72,14.12,3.9,LANE_A,20000.0,-22.0,92.3,CRUISE_LOITER,LADAKH,1,0.25
1788419581.872,5113.1,2104.2,72.0,88.7,131.0,88.2,94.5,781.0,809.5,782.5,783.9,4.74,78.2,12.9,3.0,45.3,0.73,14.09,3.9,LANE_A,20000.0,-22.0,92.3,CRUISE_LOITER,LADAKH,1,0.25
1788419582.39,5128.2,2110.4,72.0,88.5,131.0,88.2,94.8,781.2,806.2,784.7,783.1,4.71,78.0,12.9,3.0,45.2,0.72,14.11,4.0,LANE_A,20000.0,-22.0,92.4,CRUISE_LOITER,LADAKH,1,0.25
1788419582.904,5097.1,2097.6,72.0,89.2,131.1,88.3,94.7,778.8,808.9,781.2,786.0,4.74,78.2,12.9,3.0,45.2,0.71,14.08,4.1,LANE_A,20000.0,-22.0,92.4,CRUISE_LOITER,LADAKH,1,0.25
1788419583.427,5110.6,2103.1,72.0,88.6,131.2,87.9,94.8,779.8,809.5,782.4,785.3,4.71,78.5,12.9,3.0,45.5,0.69,14.14,4.0,LANE_A,20000.0,-22.0,92.4,CRUISE_LOITER,LADAKH,1,0.25
1788419583.944,5132.4,2112.1,72.0,88.6,131.1,88.5,94.5,779.2,808.5,782.2,785.1,4.75,78.4,12.9,3.0,45.2,0.72,14.1,4.0,LANE_A,20000.0,-22.0,92.4,CRUISE_LOITER,LADAKH,1,0.25
1788419584.468,5117.8,2106.1,72.0,88.7,131.2,88.1,94.6,778.8,808.5,780.2,786.6,4.7,78.1,13.1,3.0,45.5,0.74,14.09,3.9,LANE_A,20000.0,-22.0,92.5,CRUISE_LOITER,LADAKH,1,0.25
1788419584.975,5118.0,2106.2,72.0,88.6,130.9,88.5,94.6,780.0,807.2,782.6,786.3,4.75,78.3,13.0,3.0,45.4,0.7,14.09,4.0,LANE_A,20000.0,-22.0,92.5,CRUISE_LOITER,LADAKH,1,0.25
1788419585.49,5097.6,2097.8,72.0,88.6,131.1,88.2,94.7,779.1,807.6,782.3,785.4,4.74,78.6,13.1,3.0,45.4,0.71,14.09,4.1,LANE_A,20000.0,-22.0,92.5,CRUISE_LOITER,LADAKH,1,0.25
1788419586.014,5136.7,2113.9,72.0,88.6,131.2,88.5,94.9,779.2,808.7,780.0,782.3,4.71,78.2,13.0,3.0,45.5,0.73,14.08,4.1,LANE_A,20000.0,-22.0,92.5,CRUISE_LOITER,LADAKH,1,0.25
1788419586.52,5127.8,2110.2,72.0,89.0,131.2,88.3,94.7,781.4,807.4,782.3,785.7,4.72,77.9,12.9,3.0,45.7,0.71,14.08,4.2,LANE_A,20000.0,-22.0,92.6,CRUISE_LOITER,LADAKH,1,0.25
1788419587.044,5117.2,2105.8,72.0,88.9,131.2,88.2,94.9,779.4,807.7,783.8,784.0,4.74,78.3,13.0,3.0,45.8,0.73,14.09,4.0,LANE_A,20000.0,-22.0,92.6,CRUISE_LOITER,LADAKH,1,0.25
1788419587.561,5134.7,2113.0,72.0,88.8,131.1,88.3,94.2,778.8,807.3,783.2,786.5,4.76,78.4,12.9,3.0,45.5,0.7,14.12,4.0,LANE_A,20000.0,-22.0,92.6,CRUISE_LOITER,LADAKH,1,0.25
1788419588.075,5119.6,2106.8,72.0,88.3,131.2,88.3,94.8,779.1,807.9,781.6,783.3,4.74,78.5,13.0,3.0,45.7,0.72,14.14,4.0,LANE_A,20000.0,-22.0,92.6,CRUISE_LOITER,LADAKH,1,0.25
1788419588.599,5120.0,2107.0,72.0,88.8,131.5,88.0,94.8,781.1,808.9,781.4,784.3,4.73,78.2,13.1,3.0,45.5,0.75,14.11,4.0,LANE_A,20000.0,-22.0,92.6,CRUISE_LOITER,LADAKH,1,0.25
1788419589.124,5116.2,2105.4,72.0,89.0,131.1,88.5,94.7,779.8,808.4,780.0,785.2,4.7,78.4,13.1,3.0,45.5,0.69,14.09,4.1,LANE_A,20000.0,-22.0,92.6,CRUISE_LOITER,LADAKH,1,0.25
1788419589.634,5117.8,2106.1,72.0,88.9,131.3,88.3,94.8,778.9,809.6,783.4,783.5,4.71,78.4,13.0,3.0,45.6,0.72,14.09,4.0,LANE_A,20000.0,-22.0,92.7,CRUISE_LOITER,LADAKH,1,0.25
1788419590.181,5131.0,2111.5,72.0,88.7,131.3,88.3,94.9,781.8,807.7,781.6,784.4,4.76,78.5,12.9,3.0,45.7,0.7,14.11,4.1,LANE_A,20000.0,-22.0,92.7,CRUISE_LOITER,LADAKH,1,0.25
1788419590.698,5101.3,2099.3,72.0,88.8,131.2,88.0,95.1,779.7,806.4,782.7,785.0,4.75,78.5,13.0,3.0,45.8,0.73,14.11,4.0,LANE_A,20000.0,-22.0,92.7,CRUISE_LOITER,LADAKH,1,0.25
1788419591.217,5122.3,2108.0,72.0,88.7,131.4,88.7,94.8,780.5,809.7,780.8,784.5,4.76,78.5,13.1,3.0,45.6,0.72,14.09,3.9,LANE_A,20000.0,-22.0,92.7,CRUISE_LOITER,LADAKH,1,0.25
1788419591.737,5133.7,2112.6,72.0,89.0,131.4,88.3,94.9,779.1,807.5,782.2,787.6,4.75,78.4,13.1,3.0,45.6,0.72,14.13,4.0,LANE_A,20000.0,-22.0,92.7,CRUISE_LOITER,LADAKH,1,0.25
1788419592.331,5129.7,2111.0,72.0,89.2,131.4,88.6,95.0,781.2,807.6,779.4,784.0,4.76,78.4,13.0,3.0,45.6,0.73,14.11,4.1,LANE_A,20000.0,-22.0,92.8,CRUISE_LOITER,LADAKH,1,0.25
1788419592.842,5121.4,2107.6,72.0,89.0,131.4,88.2,94.9,780.5,810.2,782.5,785.4,4.73,78.4,12.9,3.0,45.7,0.7,14.12,4.1,LANE_A,20000.0,-22.0,92.8,CRUISE_LOITER,LADAKH,1,0.25
1788419593.343,5119.5,2106.8,72.0,89.0,131.6,88.6,94.9,779.4,808.2,780.6,782.3,4.76,78.4,13.0,3.0,45.7,0.72,14.09,4.1,LANE_A,20000.0,-22.0,92.8,CRUISE_LOITER,LADAKH,1,0.25
1788419593.856,5114.6,2104.8,72.0,89.2,131.4,88.9,94.9,780.7,808.0,783.7,782.5,4.64,78.2,12.9,3.0,45.7,0.74,14.08,4.1,LANE_A,20000.0,-22.0,92.8,CRUISE_LOITER,LADAKH,1,0.25
1788419594.36,5128.5,2110.5,72.0,89.3,131.8,88.5,95.2,778.2,809.3,780.5,784.6,4.73,78.3,13.0,3.0,45.9,0.74,14.12,3.9,LANE_A,20000.0,-22.0,92.8,CRUISE_LOITER,LADAKH,1,0.25
1788419594.866,5106.4,2101.4,72.0,89.2,131.4,88.3,94.8,779.0,809.8,781.1,782.2,4.73,78.3,12.9,3.0,46.1,0.71,14.1,4.0,LANE_A,20000.0,-22.0,92.8,CRUISE_LOITER,LADAKH,1,0.25
