TIMESTAMP_SEC,ENGINE_RPM,PROP_RPM,TPS,CHT_1,CHT_2,CHT_3,CHT_4,EGT_1,EGT_2,EGT_3,EGT_4,OIL_PRESS,OIL_TEMP,FUEL_FLOW,FUEL_RAIL_P,MAP,VIB_GEARBOX_RMS,BUS_VOLTAGE,BATTERY_CURRENT,FADEC_ACTIVE_LANE,ALTITUDE_FT,OAT_C,TAS_KNOTS,FLIGHT_PHASE,THEATER,DIAG_FAULT_ID,HEALTH_INDEX
1788420536.809,5141.6,2115.9,72.0,87.8,90.3,87.2,89.5,780.8,786.0,781.9,787.0,4.76,66.5,12.5,3.0,43.8,0.71,14.1,3.9,LANE_A,20000.0,-22.0,88.0,CRUISE_LOITER,LADAKH,0,1.0
1788420537.331,5134.4,2112.9,72.0,87.7,90.3,87.3,89.7,782.2,787.3,783.4,786.6,4.72,66.6,12.6,3.0,43.8,0.73,14.12,4.1,LANE_A,20000.0,-22.0,88.1,CRUISE_LOITER,LADAKH,0,1.0
1788420537.826,5175.9,2130.0,72.0,87.6,90.1,86.9,89.3,780.3,785.7,782.2,785.8,4.73,66.4,12.6,3.0,43.5,0.73,14.08,4.2,LANE_A,20000.0,-22.0,88.1,CRUISE_LOITER,LADAKH,0,1.0
1788420538.491,5152.2,2120.3,72.0,87.8,90.3,87.2,89.8,780.1,784.1,783.3,785.0,4.8,66.5,12.5,3.0,43.7,0.74,14.1,4.0,LANE_A,20000.0,-22.0,88.2,CRUISE_LOITER,LADAKH,0,1.0
1788420539.118,5144.0,2116.9,72.0,87.6,90.1,87.1,89.6,780.0,785.9,781.5,786.0,4.73,66.1,12.6,3.0,43.7,0.73,14.08,4.1,LANE_A,20000.0,-22.0,88.2,CRUISE_LOITER,LADAKH,0,1.0
1788420539.623,5171.7,2128.3,72.0,87.8,90.2,87.3,89.8,779.6,786.5,782.6,784.4,4.77,66.6,12.6,3.0,43.8,0.71,14.11,3.9,LANE_A,20000.0,-22.0,88.3,CRUISE_LOITER,LADAKH,0,1.0
1788420540.12,5149.5,2119.1,72.0,87.5,90.1,87.2,89.6,780.1,785.2,782.1,786.7,4.76,66.5,12.4,3.0,43.6,0.73,14.05,4.0,LANE_A,20000.0,-22.0,88.3,CRUISE_LOITER,LADAKH,0,1.0
1788420540.627,5144.4,2117.0,72.0,87.3,89.9,87.3,89.9,779.3,785.0,782.5,783.1,4.77,66.4,12.3,3.0,43.7,0.71,14.11,4.1,LANE_A,20000.0,-22.0,88.4,CRUISE_LOITER,LADAKH,0,1.0
1788420541.263,5132.2,2112.0,72.0,87.7,90.0,86.8,89.5,780.2,785.0,783.1,788.6,4.76,66.2,12.6,3.0,43.8,0.73,14.09,4.1,LANE_A,20000.0,-22.0,88.4,CRUISE_LOITER,LADAKH,0,1.0
1788420541.769,5157.9,2122.6,72.0,87.7,90.4,87.4,89.4,781.8,785.3,783.7,786.6,4.78,66.5,12.5,3.0,43.4,0.75,14.12,4.2,LANE_A,20000.0,-22.0,88.5,CRUISE_LOITER,LADAKH,0,1.0
1788420542.45,5157.1,2122.3,72.0,87.6,89.9,86.6,89.8,779.3,785.6,783.3,786.0,4.79,66.3,12.6,3.0,43.8,0.72,14.09,3.9,LANE_A,20000.0,-22.0,88.5,CRUISE_LOITER,LADAKH,0,1.0
1788420542.96,5151.7,2120.0,72.0,87.5,90.0,86.7,89.5,779.8,784.0,780.8,785.8,4.77,66.3,12.4,3.0,43.6,0.71,14.1,3.9,LANE_A,20000.0,-22.0,88.6,CRUISE_LOITER,LADAKH,0,1.0
1788420543.477,5170.4,2127.7,72.0,87.5,89.9,87.0,89.6,780.4,784.5,783.4,786.8,4.78,66.1,12.5,3.0,43.7,0.72,14.09,4.0,LANE_A,20000.0,-22.0,88.6,CRUISE_LOITER,LADAKH,0,1.0
1788420543.967,5154.6,2121.2,72.0,87.4,90.2,87.0,89.6,781.9,785.7,783.5,784.1,4.81,66.3,12.4,3.0,43.5,0.72,14.1,3.9,LANE_A,20000.0,-22.0,88.7,CRUISE_LOITER,LADAKH,0,1.0
1788420544.471,5167.8,2126.7,72.0,87.4,89.8,86.9,89.4,780.9,783.8,782.5,784.1,4.82,66.2,12.5,3.0,43.5,0.71,14.09,4.2,LANE_A,20000.0,-22.0,88.7,CRUISE_LOITER,LADAKH,0,1.0
1788420544.999,5144.3,2117.0,72.0,87.1,90.0,86.4,89.2,779.3,783.8,779.9,786.2,4.81,66.2,12.5,3.0,43.7,0.73,14.11,4.1,LANE_A,20000.0,-22.0,88.8,CRUISE_LOITER,LADAKH,0,1.0
1788420545.492,5161.9,2124.2,72.0,87.4,89.9,86.6,89.5,779.4,785.1,782.9,783.5,4.8,66.2,12.6,3.0,43.6,0.69,14.09,3.8,LANE_A,20000.0,-22.0,88.8,CRUISE_LOITER,LADAKH,0,1.0
1788420546.014,5159.5,2123.3,72.0,87.8,89.8,86.5,89.5,779.6,786.6,782.6,787.4,4.75,66.1,12.6,3.0,43.5,0.69,14.07,4.1,LANE_A,20000.0,-22.0,88.9,CRUISE_LOITER,LADAKH,0,1.0
1788420546.523,5164.7,2125.4,72.0,87.1,90.0,86.8,89.2,777.2,784.5,781.3,786.3,4.75,66.1,12.6,3.0,43.6,0.69,14.07,3.9,LANE_A,20000.0,-22.0,88.9,CRUISE_LOITER,LADAKH,0,1.0
1788420547.032,5139.0,2114.8,72.0,87.0,89.8,87.0,89.6,781.6,785.9,783.9,784.9,4.79,66.3,12.6,3.0,43.4,0.73,14.14,4.2,LANE_A,20000.0,-22.0,89.0,CRUISE_LOITER,LADAKH,0,1.0
1788420547.537,5148.9,2118.9,72.0,87.3,89.8,86.7,89.3,781.0,785.0,782.3,786.4,4.78,66.1,12.6,3.0,43.7,0.72,14.07,4.1,LANE_A,20000.0,-22.0,89.0,CRUISE_LOITER,LADAKH,0,1.0
1788420548.049,5149.5,2119.1,72.0,87.2,89.6,86.8,89.3,781.0,785.5,783.2,786.7,4.77,66.2,12.5,3.0,43.5,0.75,14.08,4.1,LANE_A,20000.0,-22.0,89.1,CRUISE_LOITER,LADAKH,0,1.0
1788420548.545,5171.5,2128.2,72.0,86.9,89.6,86.8,89.2,780.1,786.6,784.4,786.4,4.76,65.8,12.5,3.0,43.5,0.73,14.12,4.3,LANE_A,20000.0,-22.0,89.1,CRUISE_LOITER,LADAKH,0,1.0
1788420549.063,5135.9,2113.5,72.0,87.0,89.3,86.5,89.0,781.1,785.0,783.4,787.2,4.77,66.0,12.6,3.0,43.4,0.72,14.09,3.9,LANE_A,20000.0,-22.0,89.2,CRUISE_LOITER,LADAKH,0,1.0
1788420549.569,5173.8,2129.1,72.0,87.0,89.6,86.8,89.3,777.3,785.9,780.2,784.1,4.77,65.8,12.5,3.0,43.5,0.73,14.1,4.2,LANE_A,20000.0,-22.0,89.2,CRUISE_LOITER,LADAKH,0,1.0
1788420550.082,5161.9,2124.2,72.0,87.1,89.6,86.5,88.8,782.2,786.5,781.7,786.2,4.79,65.6,12.5,3.0,43.2,0.71,14.1,4.0,LANE_A,20000.0,-22.0,89.3,CRUISE_LOITER,LADAKH,0,1.0
1788420550.584,5164.8,2125.4,72.0,86.8,89.5,86.7,89.2,780.8,785.4,783.6,785.6,4.79,65.6,12.5,3.0,43.5,0.72,14.1,4.1,LANE_A,20000.0,-22.0,89.3,CRUISE_LOITER,LADAKH,0,1.0
1788420551.09,5162.1,2124.3,72.0,86.9,89.4,86.8,88.9,778.6,783.6,783.1,786.2,4.8,65.6,12.5,3.0,43.5,0.72,14.14,4.2,LANE_A,20000.0,-22.0,89.4,CRUISE_LOITER,LADAKH,0,1.0
1788420551.672,5161.5,2124.1,72.0,86.8,89.4,86.5,89.3,781.0,785.5,781.4,784.4,4.83,65.8,12.6,3.0,43.3,0.72,14.05,4.1,LANE_A,20000.0,-22.0,89.4,CRUISE_LOITER,LADAKH,0,1.0
1788420552.372,5157.1,2122.2,72.0,86.7,89.3,86.5,89.0,781.5,785.1,782.3,784.8,4.78,65.8,12.5,3.0,43.6,0.74,14.12,4.2,LANE_A,20000.0,-22.0,89.5,CRUISE_LOITER,LADAKH,0,1.0
1788420552.962,5146.0,2117.7,72.0,86.8,89.5,86.5,89.1,779.9,783.5,785.1,785.8,4.79,65.7,12.6,3.0,43.4,0.74,14.08,4.1,LANE_A,20000.0,-22.0,89.5,CRUISE_LOITER,LADAKH,0,1.0
1788420554.457,5160.4,2123.6,72.0,87.1,89.2,86.4,88.8,780.9,786.0,783.9,785.1,4.79,65.8,12.5,3.0,43.5,0.71,14.11,4.0,LANE_A,20000.0,-22.0,89.6,CRUISE_LOITER,LADAKH,0,1.0
1788420554.978,5166.5,2126.1,72.0,87.0,89.5,86.0,89.0,780.6,783.1,781.5,785.5,4.73,65.9,12.5,3.0,43.4,0.74,14.07,4.2,LANE_A,20000.0,-22.0,89.6,CRUISE_LOITER,LADAKH,0,1.0
1788420555.488,5161.0,2123.9,72.0,86.5,89.4,86.2,88.8,781.8,785.2,781.8,785.3,4.81,65.9,12.4,3.0,43.1,0.72,14.09,3.9,LANE_A,20000.0,-22.0,89.7,CRUISE_LOITER,LADAKH,0,1.0
1788420556.238,5151.8,2120.1,72.0,87.0,89.6,86.4,88.7,781.5,784.1,780.1,784.8,4.79,65.7,12.4,3.0,43.5,0.7,14.06,4.0,LANE_A,20000.0,-22.0,89.7,CRUISE_LOITER,LADAKH,0,1.0
1788420557.425,5161.8,2124.2,72.0,86.7,89.2,86.5,88.4,781.2,785.2,782.4,785.3,4.81,65.4,12.2,3.0,43.2,0.74,14.11,4.0,LANE_A,20000.0,-22.0,89.8,CRUISE_LOITER,LADAKH,0,1.0
1788420557.932,5158.7,2122.9,72.0,87.2,89.1,86.1,88.9,780.2,782.4,781.0,784.3,4.75,65.7,12.6,3.0,43.6,0.7,14.08,4.2,LANE_A,20000.0,-22.0,89.8,CRUISE_LOITER,LADAKH,0,1.0
1788420558.433,5160.6,2123.7,72.0,86.5,89.3,86.3,88.8,778.3,787.3,781.5,786.4,4.72,65.7,12.5,3.0,43.4,0.73,14.06,4.1,LANE_A,20000.0,-22.0,89.9,CRUISE_LOITER,LADAKH,0,1.0
1788420558.95,5154.9,2121.4,72.0,86.6,89.3,86.3,88.6,779.5,784.7,782.9,784.4,4.75,65.5,12.5,3.0,43.4,0.74,14.11,4.1,LANE_A,20000.0,-22.0,89.9,CRUISE_LOITER,LADAKH,0,1.0
1788420559.458,5165.6,2125.8,72.0,86.6,89.2,86.3,88.7,779.5,787.1,782.0,786.1,4.81,65.6,12.5,3.0,43.0,0.75,14.09,4.1,LANE_A,20000.0,-22.0,89.9,CRUISE_LOITER,LADAKH,0,1.0
1788420559.964,5168.2,2126.8,72.0,86.5,89.1,86.2,88.6,780.5,786.0,781.6,784.9,4.77,65.6,12.4,3.0,43.1,0.71,14.07,4.0,LANE_A,20000.0,-22.0,90.0,CRUISE_LOITER,LADAKH,0,1.0
1788420560.472,5162.1,2124.3,72.0,86.4,89.0,86.1,88.5,780.2,783.3,782.2,785.5,4.78,65.6,12.4,3.0,43.3,0.75,14.11,4.0,LANE_A,20000.0,-22.0,90.0,CRUISE_LOITER,LADAKH,0,1.0
1788420560.985,5174.6,2129.5,72.0,86.4,89.1,86.0,88.5,781.5,783.6,782.8,784.3,4.76,65.8,12.4,3.0,43.1,0.74,14.09,3.9,LANE_A,20000.0,-22.0,90.1,CRUISE_LOITER,LADAKH,0,1.0
1788420561.528,5185.8,2134.1,72.0,87.0,89.1,86.2,88.5,778.4,783.6,781.0,782.7,4.74,65.4,12.6,3.0,43.2,0.7,14.15,4.0,LANE_A,20000.0,-22.0,90.1,CRUISE_LOITER,LADAKH,0,1.0
1788420562.035,5164.6,2125.3,72.0,86.3,89.2,85.8,88.3,779.2,784.4,783.5,784.5,4.81,65.7,12.6,3.0,43.1,0.73,14.05,4.1,LANE_A,20000.0,-22.0,90.2,CRUISE_LOITER,LADAKH,0,1.0
1788420562.54,5152.0,2120.2,72.0,86.3,89.0,85.7,88.8,780.5,783.7,782.6,785.9,4.82,65.4,12.4,3.0,43.2,0.75,14.1,4.1,LANE_A,20000.0,-22.0,90.2,CRUISE_LOITER,LADAKH,0,1.0
1788420563.056,5139.5,2115.0,72.0,86.7,89.0,86.1,88.2,781.0,784.4,781.9,785.4,4.83,65.5,12.6,3.0,43.2,0.73,14.13,4.1,LANE_A,20000.0,-22.0,90.3,CRUISE_LOITER,LADAKH,0,1.0
1788420563.561,5156.5,2122.0,72.0,86.5,88.7,85.7,88.5,780.0,784.3,781.5,785.2,4.77,65.5,12.4,3.0,43.3,0.7,14.06,4.1,LANE_A,20000.0,-22.0,90.3,CRUISE_LOITER,LADAKH,0,1.0
1788420564.073,5167.7,2126.6,72.0,86.6,88.8,86.0,88.4,779.8,782.7,781.5,785.2,4.78,65.3,12.4,3.0,43.3,0.7,14.1,4.0,LANE_A,20000.0,-22.0,90.4,CRUISE_LOITER,LADAKH,0,1.0
1788420564.577,5171.0,2128.0,72.0,86.3,88.9,85.6,88.0,780.4,786.1,781.7,784.6,4.84,65.3,12.4,3.0,43.2,0.74,14.11,4.2,LANE_A,20000.0,-22.0,90.4,CRUISE_LOITER,LADAKH,0,1.0
1788420565.076,5146.2,2117.8,72.0,86.6,89.0,86.1,88.4,779.4,785.6,781.6,782.9,4.76,65.4,12.6,3.0,43.3,0.73,14.1,4.0,LANE_A,20000.0,-22.0,90.4,CRUISE_LOITER,LADAKH,0,1.0
1788420565.595,5162.8,2124.6,72.0,86.5,89.1,85.8,88.3,780.8,787.7,783.2,783.2,4.83,65.3,12.5,3.0,43.1,0.74,14.05,4.2,LANE_A,20000.0,-22.0,90.5,CRUISE_LOITER,LADAKH,0,1.0
1788420566.107,5157.1,2122.3,72.0,86.2,88.9,85.8,88.3,781.0,784.5,782.1,783.8,4.79,65.5,12.4,3.0,43.0,0.71,14.1,4.0,LANE_A,20000.0,-22.0,90.5,CRUISE_LOITER,LADAKH,0,1.0
1788420566.61,5141.1,2115.7,72.0,86.4,88.6,85.7,88.4,782.4,784.0,781.8,785.1,4.77,65.4,12.4,3.0,43.1,0.72,14.11,3.9,LANE_A,20000.0,-22.0,90.6,CRUISE_LOITER,LADAKH,0,1.0
1788420567.122,5161.2,2124.0,72.0,85.9,88.8,86.1,88.2,781.7,782.7,782.2,786.8,4.79,65.3,12.6,3.0,43.1,0.72,14.14,3.9,LANE_A,20000.0,-22.0,90.6,CRUISE_LOITER,LADAKH,0,1.0
1788420567.627,5176.6,2130.3,72.0,86.2,88.8,85.6,88.2,780.8,783.1,783.6,785.0,4.81,65.1,12.5,3.0,42.9,0.71,14.12,4.2,LANE_A,20000.0,-22.0,90.7,CRUISE_LOITER,LADAKH,0,1.0
1788420568.138,5169.5,2127.4,72.0,86.1,88.7,85.7,87.9,780.7,784.6,780.4,785.8,4.81,65.3,12.3,3.0,43.0,0.73,14.09,4.1,LANE_A,20000.0,-22.0,90.7,CRUISE_LOITER,LADAKH,0,1.0
1788420568.643,5181.4,2132.3,72.0,86.4,88.7,85.7,88.0,781.0,785.6,782.3,785.8,4.77,65.2,12.6,3.0,42.9,0.73,14.08,3.9,LANE_A,20000.0,-22.0,90.7,CRUISE_LOITER,LADAKH,0,1.0
1788420569.153,5163.7,2125.0,72.0,86.2,88.8,85.6,88.2,778.9,783.2,783.4,785.5,4.82,65.5,12.5,3.0,43.0,0.71,14.13,3.9,LANE_A,20000.0,-22.0,90.8,CRUISE_LOITER,LADAKH,0,1.0
1788420569.663,5173.0,2128.8,72.0,85.9,88.6,85.5,88.1,781.8,787.0,781.7,783.4,4.78,65.2,12.4,3.0,43.1,0.73,14.09,4.0,LANE_A,20000.0,-22.0,90.8,CRUISE_LOITER,LADAKH,0,1.0
1788420570.169,5171.9,2128.4,72.0,86.1,88.9,85.7,88.4,780.8,784.7,779.4,782.9,4.78,64.8,12.6,3.0,43.2,0.75,14.06,3.8,LANE_A,20000.0,-22.0,90.9,CRUISE_LOITER,LADAKH,0,1.0
1788420570.676,5147.4,2118.3,72.0,85.7,88.9,85.5,88.3,782.0,785.5,783.2,785.1,4.83,65.1,12.5,3.0,42.8,0.72,14.14,4.0,LANE_A,20000.0,-22.0,90.9,CRUISE_LOITER,LADAKH,0,1.0
1788420571.183,5167.7,2126.6,72.0,86.0,88.6,85.5,88.2,779.4,787.5,785.1,786.6,4.8,65.2,12.4,3.0,42.9,0.73,14.12,4.0,LANE_A,20000.0,-22.0,90.9,CRUISE_LOITER,LADAKH,0,1.0
1788420571.69,5187.6,2134.8,72.0,86.0,88.5,85.8,88.1,779.2,783.2,780.5,785.6,4.73,65.0,12.4,3.0,43.0,0.75,14.1,4.1,LANE_A,20000.0,-22.0,91.0,CRUISE_LOITER,LADAKH,0,1.0
1788420572.189,5183.7,2133.2,72.0,85.9,88.4,85.6,87.9,780.2,785.4,782.0,784.6,4.78,65.3,12.5,3.0,42.9,0.7,14.11,4.2,LANE_A,20000.0,-22.0,91.0,CRUISE_LOITER,LADAKH,0,1.0
1788420572.705,5161.4,2124.0,72.0,85.5,88.4,85.5,87.8,778.8,782.9,782.2,783.3,4.83,65.0,12.3,3.0,42.9,0.76,14.08,4.0,LANE_A,20000.0,-22.0,91.1,CRUISE_LOITER,LADAKH,0,1.0
1788420573.215,5196.5,2138.5,72.0,86.0,88.7,85.3,87.8,781.4,785.2,781.7,783.1,4.79,65.0,12.3,3.0,42.8,0.72,14.07,3.9,LANE_A,20000.0,-22.0,91.1,CRUISE_LOITER,LADAKH,0,1.0
1788420573.723,5174.4,2129.4,72.0,85.8,88.2,85.2,88.1,781.1,783.6,783.4,786.3,4.8,64.8,12.3,3.0,42.9,0.74,14.09,4.0,LANE_A,20000.0,-22.0,91.1,CRUISE_LOITER,LADAKH,0,1.0
1788420574.235,5161.4,2124.0,72.0,85.9,88.5,85.4,87.7,778.5,785.1,782.1,786.9,4.76,64.9,12.3,3.0,43.1,0.69,14.12,4.2,LANE_A,20000.0,-22.0,91.2,CRUISE_LOITER,LADAKH,0,1.0
1788420574.74,5162.4,2124.5,72.0,85.9,88.3,85.5,88.0,781.3,784.2,783.1,784.1,4.82,64.8,12.5,3.0,43.0,0.74,14.11,3.9,LANE_A,20000.0,-22.0,91.2,CRUISE_LOITER,LADAKH,0,1.0
1788420575.251,5165.9,2125.9,72.0,85.8,88.3,85.3,87.8,779.0,785.0,781.9,786.7,4.76,64.7,12.4,3.0,42.9,0.73,14.09,4.0,LANE_A,20000.0,-22.0,91.3,CRUISE_LOITER,LADAKH,0,1.0
1788420575.8,5181.3,2132.2,72.0,85.8,88.3,85.0,87.8,777.5,784.9,784.9,784.5,4.8,64.9,12.3,3.0,42.8,0.74,14.13,4.0,LANE_A,20000.0,-22.0,91.3,CRUISE_LOITER,LADAKH,0,1.0
1788420576.298,5150.0,2119.4,72.0,85.6,88.3,85.1,87.9,780.1,783.4,780.9,784.7,4.82,65.0,12.3,3.0,42.8,0.72,14.07,4.0,LANE_A,20000.0,-22.0,91.3,CRUISE_LOITER,LADAKH,0,1.0
1788420576.802,5153.2,2120.7,72.0,85.9,88.6,85.5,87.8,779.5,784.0,780.6,785.3,4.76,64.9,12.4,3.0,42.8,0.7,14.11,3.9,LANE_A,20000.0,-22.0,91.4,CRUISE_LOITER,LADAKH,0,1.0
1788420577.325,5174.9,2129.6,72.0,85.8,88.2,85.1,87.8,780.9,785.3,784.3,784.9,4.86,64.7,12.3,3.0,42.7,0.73,14.11,4.0,LANE_A,20000.0,-22.0,91.4,CRUISE_LOITER,LADAKH,0,1.0
1788420577.843,5170.3,2127.7,72.0,85.8,88.5,85.3,87.9,778.2,784.6,783.1,786.8,4.86,64.6,12.3,3.0,42.6,0.72,14.09,4.1,LANE_A,20000.0,-22.0,91.4,CRUISE_LOITER,LADAKH,0,1.0
1788420578.346,5155.9,2121.8,72.0,85.7,88.4,84.9,87.6,779.0,786.1,780.3,782.8,4.79,64.6,12.4,3.0,42.8,0.73,14.12,4.2,LANE_A,20000.0,-22.0,91.5,CRUISE_LOITER,LADAKH,0,1.0
1788420578.853,5173.3,2128.9,72.0,85.7,88.3,84.9,87.9,779.4,786.7,781.2,786.8,4.76,64.6,12.5,3.0,42.7,0.7,14.15,4.0,LANE_A,20000.0,-22.0,91.5,CRUISE_LOITER,LADAKH,0,1.0
1788420579.716,5159.0,2123.0,72.0,85.8,88.4,85.2,87.2,779.4,784.0,781.3,785.0,4.83,64.8,12.3,3.0,42.6,0.73,14.07,3.9,LANE_A,20000.0,-22.0,91.6,CRUISE_LOITER,LADAKH,0,1.0
1788420580.434,5181.8,2132.4,72.0,85.7,88.2,85.3,87.5,779.0,784.3,783.1,787.1,4.84,64.4,12.4,3.0,42.7,0.73,14.08,3.8,LANE_A,20000.0,-22.0,91.6,CRUISE_LOITER,LADAKH,0,1.0
1788420580.943,5170.5,2127.8,72.0,85.4,88.4,85.3,87.8,779.7,784.8,781.2,784.9,4.87,64.6,12.5,3.0,42.8,0.71,14.08,4.1,LANE_A,20000.0,-22.0,91.6,CRUISE_LOITER,LADAKH,0,1.0
1788420581.621,5176.7,2130.3,72.0,85.7,88.0,85.3,87.4,778.9,786.2,781.2,781.8,4.86,64.8,12.4,3.0,43.0,0.72,14.07,3.9,LANE_A,20000.0,-22.0,91.7,CRUISE_LOITER,LADAKH,0,1.0
1788420582.129,5170.6,2127.8,72.0,85.6,88.1,85.3,87.4,778.0,786.3,784.0,783.4,4.85,64.8,12.3,3.0,42.6,0.72,14.1,4.1,LANE_A,20000.0,-22.0,91.7,CRUISE_LOITER,LADAKH,0,1.0
1788420582.634,5160.8,2123.8,72.0,85.4,87.9,85.2,87.4,779.3,785.8,780.9,783.7,4.86,64.5,12.3,3.0,42.6,0.7,14.1,4.0,LANE_A,20000.0,-22.0,91.7,CRUISE_LOITER,LADAKH,0,1.0
1788420583.143,5192.6,2136.9,72.0,85.8,88.1,85.3,87.7,779.6,788.2,781.1,784.3,4.78,64.7,12.4,3.0,42.8,0.74,14.12,4.0,LANE_A,20000.0,-22.0,91.8,CRUISE_LOITER,LADAKH,0,1.0
1788420583.693,5159.7,2123.3,72.0,85.5,88.0,85.1,87.4,779.1,784.0,782.8,784.6,4.77,64.3,12.3,3.0,42.7,0.71,14.1,4.1,LANE_A,20000.0,-22.0,91.8,CRUISE_LOITER,LADAKH,0,1.0
1788420584.227,5194.8,2137.8,72.0,85.5,87.8,85.1,87.3,776.4,784.2,782.1,784.0,4.81,64.5,12.3,3.0,42.7,0.72,14.1,3.9,LANE_A,20000.0,-22.0,91.8,CRUISE_LOITER,LADAKH,0,1.0
1788420584.73,5163.0,2124.7,72.0,85.5,88.0,85.1,87.4,779.0,785.4,779.1,786.9,4.8,64.5,12.3,3.0,42.7,0.71,14.08,3.9,LANE_A,20000.0,-22.0,91.9,CRUISE_LOITER,LADAKH,0,1.0
1788420585.281,5176.7,2130.3,72.0,85.2,88.2,85.1,87.3,777.5,784.4,781.1,785.4,4.8,64.5,12.3,3.0,42.7,0.71,14.1,3.9,LANE_A,20000.0,-22.0,91.9,CRUISE_LOITER,LADAKH,0,1.0
1788420585.783,5169.2,2127.2,72.0,85.3,87.8,85.0,87.5,780.5,783.5,779.5,786.8,4.8,64.5,12.2,3.0,42.7,0.74,14.11,4.0,LANE_A,20000.0,-22.0,91.9,CRUISE_LOITER,LADAKH,0,1.0
1788420586.28,5166.4,2126.1,72.0,85.3,87.8,84.8,87.6,779.5,785.1,782.2,783.4,4.84,64.0,12.3,3.0,42.5,0.71,14.13,4.1,LANE_A,20000.0,-22.0,91.9,CRUISE_LOITER,LADAKH,0,1.0
1788420586.795,5172.9,2128.8,72.0,85.3,87.6,84.8,87.3,780.9,785.1,781.1,785.5,4.79,64.5,12.4,3.0,42.7,0.73,14.12,4.0,LANE_A,20000.0,-22.0,92.0,CRUISE_LOITER,LADAKH,0,1.0
1788420587.304,5158.2,2122.7,72.0,85.2,87.5,85.0,87.2,780.6,785.3,781.2,784.3,4.82,64.2,12.4,3.0,42.5,0.72,14.1,4.1,LANE_A,20000.0,-22.0,92.0,CRUISE_LOITER,LADAKH,0,1.0
1788420587.809,5178.1,2130.9,72.0,85.2,87.8,85.1,86.9,780.7,785.1,781.5,786.7,4.87,64.5,12.5,3.0,42.6,0.73,14.09,3.9,LANE_A,20000.0,-22.0,92.0,CRUISE_LOITER,LADAKH,0,1.0
1788420588.322,5185.7,2134.0,72.0,85.3,87.5,84.7,87.3,778.8,782.8,782.2,785.1,4.83,64.3,12.2,3.0,42.7,0.74,14.09,4.0,LANE_A,20000.0,-22.0,92.1,CRUISE_LOITER,LADAKH,0,1.0
1788420588.824,5179.9,2131.7,72.0,85.1,87.9,84.9,87.2,779.4,784.9,780.4,785.2,4.82,64.5,12.4,3.0,42.7,0.72,14.11,4.0,LANE_A,20000.0,-22.0,92.1,CRUISE_LOITER,LADAKH,0,1.0
1788420589.332,5169.0,2127.2,72.0,85.3,87.7,84.5,87.0,779.5,785.6,784.0,783.5,4.81,64.4,12.1,3.0,42.5,0.71,14.12,3.9,LANE_A,20000.0,-22.0,92.1,CRUISE_LOITER,LADAKH,0,1.0
1788420589.842,5174.5,2129.4,72.0,85.3,87.7,84.8,87.1,779.8,784.3,782.0,784.3,4.8,64.3,12.6,3.0,42.5,0.7,14.07,4.0,LANE_A,20000.0,-22.0,92.2,CRUISE_LOITER,LADAKH,0,1.0
1788420590.349,5175.7,2129.9,72.0,85.1,87.9,84.4,87.2,778.4,785.3,782.2,782.8,4.8,64.3,12.3,3.0,42.6,0.73,14.11,4.0,LANE_A,20000.0,-22.0,92.2,CRUISE_LOITER,LADAKH,0,1.0
1788420590.856,5194.9,2137.8,72.0,85.5,87.5,84.8,87.2,779.5,784.4,781.0,783.4,4.86,64.2,12.3,3.0,42.5,0.73,14.09,4.0,LANE_A,20000.0,-22.0,92.2,CRUISE_LOITER,LADAKH,0,1.0
1788420591.37,5172.1,2128.4,72.0,85.3,87.5,84.8,87.1,779.3,785.1,780.3,785.7,4.8,64.2,12.3,3.0,42.7,0.7,14.09,4.1,LANE_A,20000.0,-22.0,92.2,CRUISE_LOITER,LADAKH,0,1.0
1788420591.869,5186.4,2134.3,72.0,85.0,87.6,84.6,87.1,778.6,785.2,781.5,785.2,4.85,64.0,12.3,3.0,42.6,0.75,14.06,4.2,LANE_A,20000.0,-22.0,92.3,CRUISE_LOITER,LADAKH,0,1.0
1788420592.379,5161.7,2124.2,72.0,85.3,87.7,85.0,87.2,780.2,784.2,782.2,782.1,4.84,64.4,12.4,3.0,42.6,0.72,14.14,4.1,LANE_A,20000.0,-22.0,92.3,CRUISE_LOITER,LADAKH,0,1.0
1788420592.887,5176.6,2130.3,72.0,85.2,87.7,84.4,87.1,782.3,782.8,781.1,785.8,4.89,64.0,12.3,3.0,42.4,0.71,14.08,4.1,LANE_A,20000.0,-22.0,92.3,CRUISE_LOITER,LADAKH,0,1.0
1788420593.396,5166.6,2126.2,72.0,85.1,87.8,84.3,86.8,777.1,784.4,782.3,784.0,4.81,63.9,12.2,3.0,42.5,0.74,14.12,4.0,LANE_A,20000.0,-22.0,92.3,CRUISE_LOITER,LADAKH,0,1.0
1788420593.903,5174.9,2129.6,72.0,85.0,87.7,84.5,87.1,780.1,784.6,782.8,784.1,4.84,63.7,12.3,3.0,42.5,0.73,14.09,4.0,LANE_A,20000.0,-22.0,92.4,CRUISE_LOITER,LADAKH,0,1.0
1788420594.413,5193.0,2137.0,72.0,85.0,87.5,84.3,87.0,778.1,784.7,781.8,784.7,4.84,64.0,12.5,3.0,42.5,0.75,14.1,4.0,LANE_A,20000.0,-22.0,92.4,CRUISE_LOITER,LADAKH,0,1.0
1788420594.919,5186.2,2134.2,72.0,85.3,87.6,84.2,86.9,778.8,785.5,780.2,786.9,4.81,64.0,12.2,3.0,42.5,0.73,14.08,4.0,LANE_A,20000.0,-22.0,92.4,CRUISE_LOITER,LADAKH,0,1.0
1788420595.426,5183.3,2133.1,72.0,85.3,87.4,84.4,86.8,779.2,785.9,783.0,784.9,4.84,63.9,12.4,3.0,42.6,0.7,14.12,3.9,LANE_A,20000.0,-22.0,92.4,CRUISE_LOITER,LADAKH,0,1.0
1788420595.97,5177.8,2130.8,72.0,84.9,87.4,84.8,87.0,778.5,784.7,781.5,781.5,4.83,64.2,12.3,3.0,42.2,0.72,14.13,4.1,LANE_A,20000.0,-22.0,92.5,CRUISE_LOITER,LADAKH,0,1.0
1788420596.475,5176.5,2130.3,72.0,85.0,87.6,84.4,87.1,779.8,784.4,779.3,783.5,4.83,63.8,12.2,3.0,42.3,0.71,14.12,3.9,LANE_A,20000.0,-22.0,92.5,CRUISE_LOITER,LADAKH,0,1.0
1788420596.982,5173.1,2128.9,72.0,84.7,87.4,84.5,86.7,779.9,784.9,780.8,783.6,4.89,64.1,12.4,3.0,42.3,0.73,14.1,4.1,LANE_A,20000.0,-22.0,92.5,CRUISE_LOITER,LADAKH,0,1.0
1788420597.49,5185.8,2134.1,72.0,85.0,87.3,84.0,86.8,777.6,784.0,780.0,783.4,4.82,64.0,12.2,3.0,42.4,0.75,14.12,4.0,LANE_A,20000.0,-22.0,92.5,CRUISE_LOITER,LADAKH,0,1.0
1788420597.997,5198.3,2139.2,72.0,84.8,87.3,84.6,86.8,779.5,785.3,779.9,783.5,4.83,63.7,12.3,3.0,42.4,0.74,14.12,4.0,LANE_A,20000.0,-22.0,92.5,CRUISE_LOITER,LADAKH,0,1.0
1788420598.503,5180.2,2131.8,72.0,84.8,87.1,84.5,87.0,779.3,784.8,780.6,781.0,4.82,63.9,12.2,3.0,42.3,0.72,14.08,3.9,LANE_A,20000.0,-22.0,92.6,CRUISE_LOITER,LADAKH,0,1.0
1788420599.009,5179.9,2131.6,72.0,84.8,87.1,84.4,86.6,777.6,783.9,779.6,783.6,4.86,63.7,12.3,3.0,42.3,0.73,14.09,4.1,LANE_A,20000.0,-22.0,92.6,CRUISE_LOITER,LADAKH,0,1.0
1788420599.518,5187.9,2134.9,72.0,84.8,87.5,84.6,86.7,777.9,786.0,780.3,785.1,4.84,63.7,12.5,3.0,42.4,0.76,14.1,4.1,LANE_A,20000.0,-22.0,92.6,CRUISE_LOITER,LADAKH,0,1.0
1788420600.024,5199.5,2139.7,72.0,84.8,87.3,84.2,86.9,780.3,785.0,780.5,784.2,4.85,63.7,12.3,3.0,42.3,0.76,14.08,4.1,LANE_A,20000.0,-22.0,92.6,CRUISE_LOITER,LADAKH,0,1.0
1788420600.532,5187.7,2134.9,72.0,84.9,87.5,84.1,86.5,778.2,783.8,781.9,784.0,4.82,63.8,12.3,3.0,42.1,0.71,14.11,4.0,LANE_A,20000.0,-22.0,92.6,CRUISE_LOITER,LADAKH,0,1.0
1788420601.042,5160.5,2123.7,72.0,84.7,87.2,84.0,86.8,779.7,783.9,779.7,781.1,4.85,63.7,12.3,3.0,42.4,0.71,14.11,4.1,LANE_A,20000.0,-22.0,92.7,CRUISE_LOITER,LADAKH,0,1.0
1788420601.54,5169.5,2127.4,72.0,84.7,87.3,84.4,86.8,777.9,784.0,780.3,786.2,4.87,63.5,12.3,3.0,42.2,0.73,14.08,4.0,LANE_A,20000.0,-22.0,92.7,CRUISE_LOITER,LADAKH,0,1.0
1788420602.061,5186.2,2134.2,72.0,84.6,87.1,84.0,86.8,777.5,783.9,780.5,783.6,4.85,63.7,12.2,3.0,42.3,0.72,14.1,4.1,LANE_A,20000.0,-22.0,92.7,CRUISE_LOITER,LADAKH,0,1.0
1788420602.569,5176.8,2130.4,72.0,84.4,87.3,84.4,86.8,779.2,783.8,782.3,783.9,4.84,63.6,12.2,3.0,42.5,0.71,14.07,4.1,LANE_A,20000.0,-22.0,92.7,CRUISE_LOITER,LADAKH,0,1.0
1788420603.075,5173.5,2129.0,72.0,85.1,87.1,84.3,86.6,779.6,781.4,779.6,785.5,4.84,63.8,12.3,3.0,42.5,0.75,14.14,3.9,LANE_A,20000.0,-22.0,92.7,CRUISE_LOITER,LADAKH,0,1.0
1788420603.581,5195.6,2138.1,72.0,84.4,87.2,84.2,86.7,780.1,784.5,782.5,783.9,4.8,63.9,12.2,3.0,41.9,0.72,14.07,4.0,LANE_A,20000.0,-22.0,92.7,CRUISE_LOITER,LADAKH,0,1.0
1788420604.088,5185.1,2133.8,72.0,84.5,87.2,84.3,86.7,776.3,783.8,779.6,783.3,4.82,63.5,12.3,3.0,42.1,0.76,14.04,4.1,LANE_A,20000.0,-22.0,92.8,CRUISE_LOITER,LADAKH,0,1.0
1788420604.597,5204.1,2141.6,72.0,84.5,87.4,84.1,86.8,778.6,783.8,779.9,784.9,4.79,63.9,12.2,3.0,42.0,0.71,14.13,3.9,LANE_A,20000.0,-22.0,92.8,CRUISE_LOITER,LADAKH,0,1.0
1788420605.105,5196.5,2138.5,72.0,84.9,87.0,84.1,86.3,779.0,784.5,781.9,785.1,4.85,63.7,12.1,3.0,42.1,0.73,14.1,4.1,LANE_A,20000.0,-22.0,92.8,CRUISE_LOITER,LADAKH,0,1.0
1788420605.613,5186.7,2134.4,72.0,84.5,87.0,84.1,86.5,779.3,782.8,782.0,784.2,4.86,63.6,12.1,3.0,42.3,0.71,14.1,4.0,LANE_A,20000.0,-22.0,92.8,CRUISE_LOITER,LADAKH,0,1.0
1788420606.123,5164.8,2125.4,72.0,84.5,87.3,84.0,86.8,780.9,782.9,780.4,782.8,4.85,63.4,12.4,3.0,42.5,0.73,14.07,4.1,LANE_A,20000.0,-22.0,92.8,CRUISE_LOITER,LADAKH,0,1.0
1788420606.628,5193.3,2137.2,72.0,84.5,87.1,84.1,86.2,779.1,784.0,778.4,782.6,4.82,63.4,12.2,3.0,42.1,0.75,14.1,3.9,LANE_A,20000.0,-22.0,92.8,CRUISE_LOITER,LADAKH,0,1.0
1788420607.139,5188.1,2135.0,72.0,84.7,86.9,84.1,86.7,778.7,784.1,780.2,781.8,4.83,63.5,12.1,3.0,42.0,0.73,14.11,4.1,LANE_A,20000.0,-22.0,92.8,CRUISE_LOITER,LADAKH,0,1.0
1788420607.644,5146.7,2118.0,72.0,84.2,87.0,84.1,86.4,778.1,784.2,780.7,781.9,4.89,63.3,12.2,3.0,42.1,0.75,14.12,4.0,LANE_A,20000.0,-22.0,92.9,CRUISE_LOITER,LADAKH,0,1.0
1788420608.15,5181.6,2132.4,72.0,84.2,86.9,84.2,86.3,777.4,785.4,782.3,782.7,4.82,63.8,12.1,3.0,42.3,0.71,14.09,4.0,LANE_A,20000.0,-22.0,92.9,CRUISE_LOITER,LADAKH,0,1.0
1788420608.659,5180.5,2131.9,72.0,84.4,86.5,83.8,86.3,780.8,783.7,780.4,784.1,4.87,63.7,12.2,3.0,42.2,0.73,14.07,4.1,LANE_A,20000.0,-22.0,92.9,CRUISE_LOITER,LADAKH,0,1.0
1788420609.167,5181.8,2132.4,72.0,84.6,87.0,84.1,86.9,779.0,781.9,779.2,784.0,4.86,63.4,12.2,3.0,42.0,0.75,14.09,3.9,LANE_A,20000.0,-22.0,92.9,CRUISE_LOITER,LADAKH,0,1.0
1788420609.674,5188.0,2135.0,72.0,84.1,87.2,84.1,86.4,779.3,785.9,781.7,785.0,4.82,63.4,12.2,3.0,42.1,0.72,14.09,3.8,LANE_A,20000.0,-22.0,92.9,CRUISE_LOITER,LADAKH,0,1.0
1788420610.182,5169.0,2127.1,72.0,84.4,86.9,84.0,86.6,777.5,783.0,780.6,783.4,4.82,63.4,12.2,3.0,41.9,0.74,14.09,4.0,LANE_A,20000.0,-22.0,92.9,CRUISE_LOITER,LADAKH,0,1.0
1788420610.679,5192.2,2136.7,72.0,84.4,86.7,83.5,86.3,779.3,784.0,780.9,783.9,4.81,63.5,12.2,3.0,42.1,0.74,14.1,4.0,LANE_A,20000.0,-22.0,92.9,CRUISE_LOITER,LADAKH,0,1.0
1788420611.195,5169.3,2127.3,72.0,84.1,86.9,83.7,86.2,779.9,783.2,780.2,783.7,4.8,63.4,12.2,3.0,42.1,0.73,14.11,4.1,LANE_A,20000.0,-22.0,92.9,CRUISE_LOITER,LADAKH,0,1.0
1788420611.703,5197.5,2138.9,72.0,84.3,86.7,83.9,86.3,780.3,784.3,781.1,785.3,4.79,63.3,12.3,3.0,42.2,0.73,14.1,4.0,LANE_A,20000.0,-22.0,92.9,CRUISE_LOITER,LADAKH,0,1.0
1788420612.208,5180.0,2131.7,72.0,84.5,86.7,83.7,86.1,779.5,784.2,779.1,785.1,4.84,63.0,12.2,3.0,42.1,0.71,14.08,4.2,LANE_A,20000.0,-22.0,92.9,CRUISE_LOITER,LADAKH,0,1.0
1788420612.719,5201.0,2140.3,72.0,84.7,86.7,83.8,86.4,779.9,784.3,782.4,783.4,4.85,63.4,12.2,3.0,42.2,0.72,14.08,3.9,LANE_A,20000.0,-22.0,93.0,CRUISE_LOITER,LADAKH,0,1.0
1788420613.223,5188.3,2135.1,72.0,84.4,86.5,83.7,86.2,778.9,782.7,782.4,781.6,4.8,63.2,12.3,3.0,41.8,0.72,14.1,4.1,LANE_A,20000.0,-22.0,93.0,CRUISE_LOITER,LADAKH,0,1.0
1788420613.734,5199.9,2139.9,72.0,84.3,87.0,83.8,86.4,778.5,785.3,780.3,782.5,4.85,63.2,12.2,3.0,42.0,0.71,14.1,4.0,LANE_A,20000.0,-22.0,93.0,CRUISE_LOITER,LADAKH,0,1.0
1788420614.242,5193.7,2137.3,72.0,84.5,86.7,84.2,86.1,778.6,784.2,782.0,784.3,4.86,63.3,12.1,3.0,41.8,0.71,14.1,3.9,LANE_A,20000.0,-22.0,93.0,CRUISE_LOITER,LADAKH,0,1.0
1788420614.749,5185.9,2134.1,72.0,84.2,86.7,84.1,86.4,779.3,782.0,781.9,783.2,4.83,63.4,12.1,3.0,42.1,0.73,14.09,4.0,LANE_A,20000.0,-22.0,93.0,CRUISE_LOITER,LADAKH,0,1.0
1788420615.258,5197.1,2138.7,72.0,84.4,86.5,83.5,86.0,777.1,784.8,781.8,783.1,4.84,63.3,12.2,3.0,42.0,0.74,14.12,3.9,LANE_A,20000.0,-22.0,93.0,CRUISE_LOITER,LADAKH,0,1.0
1788420615.844,5183.0,2132.9,72.0,84.4,86.7,83.8,86.4,778.3,785.0,781.1,784.8,4.86,63.3,12.1,3.0,42.2,0.74,14.08,4.1,LANE_A,20000.0,-22.0,93.0,CRUISE_LOITER,LADAKH,0,1.0
1788420616.34,5194.1,2137.5,72.0,84.1,86.5,83.4,86.0,779.1,784.5,780.2,783.7,4.89,63.1,12.2,3.0,42.0,0.74,14.09,4.2,LANE_A,20000.0,-22.0,93.0,CRUISE_LOITER,LADAKH,0,1.0
1788420616.848,5190.1,2135.8,72.0,84.0,86.6,83.8,86.2,777.0,785.3,779.5,784.2,4.84,63.1,12.2,3.0,42.0,0.73,14.12,4.1,LANE_A,20000.0,-22.0,93.0,CRUISE_LOITER,LADAKH,0,1.0
1788420617.353,5172.4,2128.6,72.0,84.5,86.8,83.4,86.0,778.5,783.2,778.5,783.9,4.83,63.2,12.1,3.0,42.0,0.71,14.1,4.1,LANE_A,20000.0,-22.0,93.0,CRUISE_LOITER,LADAKH,0,1.0
1788420617.862,5181.4,2132.3,72.0,83.8,86.7,83.7,86.3,778.6,784.3,783.5,782.7,4.84,63.0,12.2,3.0,42.1,0.74,14.1,4.2,LANE_A,20000.0,-22.0,93.0,CRUISE_LOITER,LADAKH,0,1.0
1788420618.369,5190.2,2135.9,72.0,84.0,86.7,83.5,86.1,778.8,783.6,779.9,785.4,4.78,63.2,12.2,3.0,41.9,0.72,14.1,4.0,LANE_A,20000.0,-22.0,93.0,CRUISE_LOITER,LADAKH,0,1.0
1788420618.876,5183.7,2133.2,72.0,84.2,86.6,83.6,86.1,778.5,782.5,782.1,782.9,4.85,63.0,12.2,3.0,41.8,0.71,14.1,4.0,LANE_A,20000.0,-22.0,93.0,CRUISE_LOITER,LADAKH,0,1.0
1788420619.383,5192.6,2136.9,72.0,83.9,86.5,83.6,86.1,778.0,784.3,780.8,782.4,4.83,63.1,12.2,3.0,41.8,0.73,14.1,4.1,LANE_A,20000.0,-22.0,93.0,CRUISE_LOITER,LADAKH,0,1.0
1788420619.887,5172.8,2128.7,72.0,84.1,86.3,83.5,86.2,780.5,783.1,781.4,784.5,4.81,63.1,12.2,3.0,41.8,0.72,14.11,4.0,LANE_A,20000.0,-22.0,93.0,CRUISE_LOITER,LADAKH,0,1.0
1788420620.393,5179.1,2131.3,72.0,83.8,86.7,83.3,86.0,776.1,783.1,780.6,785.0,4.84,63.3,12.1,3.0,42.0,0.74,14.09,4.0,LANE_A,20000.0,-22.0,93.0,CRUISE_LOITER,LADAKH,0,1.0
1788420620.906,5198.8,2139.4,72.0,83.7,86.3,83.5,85.7,777.8,782.7,781.4,783.8,4.82,63.1,12.2,3.0,41.9,0.7,14.11,3.9,LANE_A,20000.0,-22.0,93.0,CRUISE_LOITER,LADAKH,0,1.0
1788420621.416,5208.8,2143.5,72.0,83.9,87.0,83.4,86.1,778.7,784.4,783.5,784.3,4.87,63.1,12.3,3.0,41.7,0.73,14.07,3.9,LANE_A,20000.0,-22.0,93.0,CRUISE_LOITER,LADAKH,0,1.0
1788420621.925,5199.1,2139.5,72.0,84.0,86.6,83.4,85.9,777.9,782.6,780.0,784.1,4.87,63.0,12.2,3.0,41.9,0.74,14.1,4.2,LANE_A,20000.0,-22.0,93.0,CRUISE_LOITER,LADAKH,0,1.0
1788420622.432,5184.8,2133.6,72.0,84.0,86.5,83.2,86.0,779.6,783.7,780.0,783.3,4.86,63.4,12.1,3.0,41.9,0.74,14.1,3.8,LANE_A,20000.0,-22.0,93.0,CRUISE_LOITER,LADAKH,0,1.0
1788420622.925,5206.9,2142.8,72.0,83.8,86.8,83.3,86.0,779.5,784.1,778.2,782.4,4.82,62.9,12.1,3.0,41.8,0.72,14.12,4.0,LANE_A,20000.0,-22.0,93.0,CRUISE_LOITER,LADAKH,0,1.0
1788420623.442,5184.5,2133.5,72.0,84.2,86.3,83.2,86.0,776.7,786.9,782.1,782.1,4.85,62.9,12.1,3.0,41.5,0.73,14.1,4.0,LANE_A,20000.0,-22.0,93.0,CRUISE_LOITER,LADAKH,0,1.0
1788420623.95,5190.9,2136.2,72.0,83.9,86.2,83.8,85.9,780.0,785.9,779.4,783.8,4.83,63.1,12.1,3.0,41.9,0.74,14.07,4.2,LANE_A,20000.0,-22.0,93.0,CRUISE_LOITER,LADAKH,0,1.0
1788420624.463,5196.6,2138.5,72.0,83.9,86.5,83.1,85.6,778.9,784.5,782.4,783.0,4.89,62.9,12.3,3.0,41.7,0.72,14.08,3.9,LANE_A,20000.0,-22.0,93.0,CRUISE_LOITER,LADAKH,0,1.0
1788420624.973,5186.9,2134.5,72.0,84.0,86.7,83.5,85.7,779.7,782.3,781.3,782.8,4.82,63.1,12.2,3.0,41.7,0.73,14.1,4.0,LANE_A,20000.0,-22.0,93.0,CRUISE_LOITER,LADAKH,0,1.0
1788420625.481,5173.4,2129.0,72.0,84.0,86.3,83.6,85.8,777.4,783.3,781.2,783.4,4.85,62.9,12.2,3.0,42.0,0.7,14.12,4.0,LANE_A,20000.0,-22.0,93.0,CRUISE_LOITER,LADAKH,0,1.0
1788420625.988,5215.9,2146.4,72.0,84.0,86.5,83.1,85.7,777.4,783.1,781.1,783.5,4.82,63.2,12.1,3.0,41.6,0.72,14.08,4.0,LANE_A,20000.0,-22.0,93.0,CRUISE_LOITER,LADAKH,0,1.0
1788420626.496,5189.6,2135.6,72.0,83.8,86.4,83.5,86.0,780.8,783.4,779.5,785.2,4.82,63.1,12.1,3.0,41.7,0.72,14.11,4.0,LANE_A,20000.0,-22.0,93.0,CRUISE_LOITER,LADAKH,0,1.0
1788420627.001,5201.6,2140.6,72.0,83.8,86.5,83.5,85.5,779.2,782.9,779.6,785.0,4.82,62.8,12.1,3.0,41.9,0.72,14.13,3.8,LANE_A,20000.0,-22.0,93.0,CRUISE_LOITER,LADAKH,0,1.0
1788420627.51,5195.9,2138.2,72.0,83.6,86.5,83.0,85.7,780.4,782.5,782.4,785.1,4.84,62.9,12.2,3.0,41.8,0.75,14.1,4.1,LANE_A,20000.0,-22.0,92.9,CRUISE_LOITER,LADAKH,0,1.0
1788420628.016,5197.0,2138.7,72.0,83.8,86.0,83.1,85.6,779.2,783.1,780.1,782.9,4.87,62.6,12.1,3.0,41.6,0.71,14.11,4.0,LANE_A,20000.0,-22.0,92.9,CRUISE_LOITER,LADAKH,0,1.0
1788420628.525,5190.7,2136.1,72.0,83.7,86.5,82.8,85.6,779.2,782.9,779.4,784.5,4.85,62.8,12.2,3.0,41.8,0.72,14.08,4.0,LANE_A,20000.0,-22.0,92.9,CRUISE_LOITER,LADAKH,0,1.0
1788420629.021,5183.2,2133.0,72.0,84.0,86.2,83.1,85.5,778.6,782.3,780.6,783.1,4.83,62.7,12.2,3.0,41.8,0.75,14.09,4.0,LANE_A,20000.0,-22.0,92.9,CRUISE_LOITER,LADAKH,0,1.0
1788420629.538,5176.6,2130.3,72.0,84.1,86.2,83.0,85.5,779.2,782.4,781.8,783.8,4.82,62.7,12.3,3.0,41.7,0.72,14.06,4.0,LANE_A,20000.0,-22.0,92.9,CRUISE_LOITER,LADAKH,0,1.0
1788420630.047,5216.8,2146.8,72.0,83.8,86.0,83.0,85.8,777.8,781.3,780.4,784.4,4.85,62.8,12.1,3.0,41.4,0.73,14.1,4.1,LANE_A,20000.0,-22.0,92.9,CRUISE_LOITER,LADAKH,0,1.0
1788420630.557,5173.1,2128.9,72.0,83.8,86.2,83.2,85.7,778.8,784.0,779.6,783.7,4.86,62.8,12.1,3.0,41.7,0.72,14.12,4.0,LANE_A,20000.0,-22.0,92.9,CRUISE_LOITER,LADAKH,0,1.0
1788420631.066,5163.6,2124.9,72.0,84.0,86.2,83.3,85.5,779.3,783.5,780.9,782.7,4.84,62.8,12.2,3.0,41.5,0.7,14.1,4.2,LANE_A,20000.0,-22.0,92.9,CRUISE_LOITER,LADAKH,0,1.0
1788420631.564,5178.4,2131.0,72.0,83.7,85.8,83.6,85.5,779.9,783.2,781.0,782.4,4.88,62.9,12.2,3.0,41.6,0.75,14.09,4.1,LANE_A,20000.0,-22.0,92.9,CRUISE_LOITER,LADAKH,0,1.0
1788420632.079,5177.6,2130.7,72.0,83.6,86.1,83.1,85.3,778.6,787.0,780.6,783.4,4.82,62.5,12.0,3.0,41.7,0.73,14.12,4.1,LANE_A,20000.0,-22.0,92.9,CRUISE_LOITER,LADAKH,0,1.0
1788420632.59,5196.5,2138.5,72.0,83.7,86.3,83.2,85.4,779.4,782.8,780.5,785.2,4.85,62.8,12.1,3.0,41.7,0.71,14.13,4.0,LANE_A,20000.0,-22.0,92.8,CRUISE_LOITER,LADAKH,0,1.0
1788420633.083,5208.4,2143.4,72.0,83.6,86.1,83.3,85.8,777.3,782.0,782.0,784.4,4.83,62.9,12.1,3.0,41.6,0.74,14.05,4.0,LANE_A,20000.0,-22.0,92.8,CRUISE_LOITER,LADAKH,0,1.0
1788420633.603,5190.9,2136.2,72.0,83.7,86.0,83.1,85.5,777.4,782.5,780.3,783.0,4.85,62.6,12.0,3.0,41.5,0.75,14.07,3.8,LANE_A,20000.0,-22.0,92.8,CRUISE_LOITER,LADAKH,0,1.0
1788420634.114,5169.0,2127.2,72.0,83.5,86.2,83.4,85.6,777.6,781.7,780.9,782.9,4.84,62.6,12.2,3.0,41.6,0.71,14.09,3.8,LANE_A,20000.0,-22.0,92.8,CRUISE_LOITER,LADAKH,0,1.0
1788420634.621,5182.0,2132.5,72.0,83.6,85.9,83.1,85.9,778.2,783.8,779.7,783.6,4.83,62.6,12.0,3.0,41.5,0.73,14.13,4.2,LANE_A,20000.0,-22.0,92.8,CRUISE_LOITER,LADAKH,0,1.0
1788420635.119,5205.9,2142.4,72.0,83.6,85.9,83.2,85.8,778.6,783.9,782.1,782.8,4.86,62.8,11.9,3.0,41.5,0.7,14.12,3.8,LANE_A,20000.0,-22.0,92.8,CRUISE_LOITER,LADAKH,0,1.0
1788420635.639,5196.5,2138.5,72.0,83.5,86.0,83.0,85.4,777.8,781.5,780.1,785.0,4.87,62.3,11.9,3.0,41.3,0.71,14.09,4.0,LANE_A,20000.0,-22.0,92.8,CRUISE_LOITER,LADAKH,0,1.0
1788420636.219,5182.1,2132.6,72.0,83.8,85.9,83.0,85.6,778.5,782.1,779.5,784.8,4.85,62.6,12.0,3.0,41.8,0.72,14.11,4.0,LANE_A,20000.0,-22.0,92.7,CRUISE_LOITER,LADAKH,0,1.0
1788420636.727,5195.8,2138.2,72.0,83.5,85.8,83.4,85.5,779.0,784.5,782.6,780.7,4.87,62.4,12.1,3.0,41.5,0.74,14.08,4.0,LANE_A,20000.0,-22.0,92.7,CRUISE_LOITER,LADAKH,0,1.0
1788420637.236,5208.3,2143.3,72.0,83.6,86.1,83.1,85.5,779.2,781.9,779.5,783.6,4.87,62.5,12.0,3.0,41.5,0.73,14.07,3.9,LANE_A,20000.0,-22.0,92.7,CRUISE_LOITER,LADAKH,0,1.0
1788420637.745,5201.0,2140.3,72.0,83.6,85.9,83.3,85.2,780.5,783.9,778.5,785.8,4.86,62.9,12.0,3.0,41.6,0.7,14.08,4.0,LANE_A,20000.0,-22.0,92.7,CRUISE_LOITER,LADAKH,0,1.0
1788420638.251,5213.7,2145.6,72.0,83.3,86.0,83.1,85.5,780.8,781.5,780.9,783.5,4.84,62.7,12.1,3.0,41.6,0.73,14.1,3.9,LANE_A,20000.0,-22.0,92.7,CRUISE_LOITER,LADAKH,0,1.0
1788420638.758,5192.3,2136.7,72.0,83.5,86.0,83.2,85.6,779.4,783.9,780.5,784.5,4.88,62.5,12.1,3.0,41.4,0.73,14.12,3.9,LANE_A,20000.0,-22.0,92.7,CRUISE_LOITER,LADAKH,0,1.0
1788420639.267,5188.0,2135.0,72.0,83.5,86.0,82.7,85.3,777.5,781.9,781.8,784.4,4.85,62.5,11.9,3.0,41.4,0.74,14.07,3.9,LANE_A,20000.0,-22.0,92.6,CRUISE_LOITER,LADAKH,0,1.0
1788420639.779,5183.9,2133.3,72.0,83.6,85.8,82.3,85.2,777.8,784.9,781.0,781.2,4.87,62.7,12.0,3.0,41.5,0.72,14.11,4.1,LANE_A,20000.0,-22.0,92.6,CRUISE_LOITER,LADAKH,0,1.0
1788420640.287,5165.6,2125.8,72.0,83.5,85.8,83.0,85.4,776.9,782.4,780.6,782.4,4.84,62.4,12.1,3.0,41.5,0.75,14.14,4.0,LANE_A,20000.0,-22.0,92.6,CRUISE_LOITER,LADAKH,0,1.0
1788420640.798,5184.2,2133.4,72.0,83.4,86.2,82.9,85.2,777.3,784.8,780.6,781.3,4.86,62.1,12.0,3.0,41.4,0.75,14.11,4.1,LANE_A,20000.0,-22.0,92.6,CRUISE_LOITER,LADAKH,0,1.0
1788420641.303,5205.7,2142.3,72.0,83.4,85.8,82.9,85.3,779.3,784.5,780.6,783.7,4.92,62.2,12.0,3.0,41.4,0.71,14.09,4.2,LANE_A,20000.0,-22.0,92.6,CRUISE_LOITER,LADAKH,0,1.0
1788420641.815,5176.7,2130.3,72.0,83.3,85.4,82.8,85.4,776.7,781.1,781.9,784.5,4.87,62.4,12.0,3.0,41.4,0.74,14.06,4.1,LANE_A,20000.0,-22.0,92.5,CRUISE_LOITER,LADAKH,0,1.0
1788420642.324,5189.7,2135.7,72.0,83.2,85.6,82.7,85.8,778.4,782.6,782.5,783.6,4.86,62.3,12.0,3.0,41.5,0.75,14.12,3.8,LANE_A,20000.0,-22.0,92.5,CRUISE_LOITER,LADAKH,0,1.0
1788420642.832,5184.2,2133.4,72.0,83.3,85.9,83.0,85.4,776.7,783.0,781.5,781.8,4.83,62.4,12.0,3.0,41.2,0.72,14.1,3.8,LANE_A,20000.0,-22.0,92.5,CRUISE_LOITER,LADAKH,0,1.0
1788420643.346,5202.9,2141.1,72.0,83.6,85.6,82.7,85.2,778.5,782.9,780.7,785.0,4.81,62.3,12.1,3.0,41.5,0.76,14.14,4.1,LANE_A,20000.0,-22.0,92.5,CRUISE_LOITER,LADAKH,0,1.0
1788420643.851,5194.3,2137.6,72.0,83.3,85.9,83.0,85.5,775.8,783.4,781.0,783.8,4.86,62.5,12.1,3.0,41.5,0.73,14.1,4.1,LANE_A,20000.0,-22.0,92.5,CRUISE_LOITER,LADAKH,0,1.0
1788420644.591,5188.6,2135.2,72.0,83.3,85.7,82.8,85.5,776.7,782.4,780.7,782.2,4.84,62.2,12.0,3.0,41.1,0.72,14.1,3.9,LANE_A,20000.0,-22.0,92.4,CRUISE_LOITER,LADAKH,0,1.0
1788420645.107,5182.9,2132.9,72.0,83.6,85.9,82.6,85.1,779.3,780.8,779.7,782.2,4.86,62.2,12.0,3.0,41.4,0.72,14.11,3.9,LANE_A,20000.0,-22.0,92.4,CRUISE_LOITER,LADAKH,0,1.0
1788420645.615,5200.2,2140.0,72.0,83.4,86.0,82.7,85.2,780.4,780.7,779.2,784.0,4.83,62.2,12.2,3.0,41.2,0.75,14.12,3.9,LANE_A,20000.0,-22.0,92.4,CRUISE_LOITER,LADAKH,0,1.0
1788420646.129,5181.5,2132.3,72.0,83.3,85.9,83.0,85.4,779.5,782.9,780.0,785.4,4.87,62.4,12.0,3.0,41.4,0.72,14.1,4.2,LANE_A,20000.0,-22.0,92.4,CRUISE_LOITER,LADAKH,0,1.0
1788420646.638,5184.0,2133.3,72.0,83.2,85.7,82.8,85.3,776.0,782.4,782.4,782.1,4.81,62.2,12.0,3.0,41.1,0.71,14.08,4.1,LANE_A,20000.0,-22.0,92.3,CRUISE_LOITER,LADAKH,0,1.0
1788420647.143,5177.0,2130.4,72.0,83.3,85.7,82.6,85.4,776.7,783.6,779.9,781.0,4.78,62.4,12.0,3.0,41.4,0.75,14.13,4.0,LANE_A,20000.0,-22.0,92.3,CRUISE_LOITER,LADAKH,0,1.0
1788420647.652,5185.7,2134.0,72.0,83.2,85.7,82.8,85.2,777.6,783.9,781.6,783.7,4.81,62.3,12.1,3.0,41.2,0.72,14.09,4.0,LANE_A,20000.0,-22.0,92.3,CRUISE_LOITER,LADAKH,0,1.0
1788420648.158,5213.0,2145.3,72.0,83.2,85.8,82.6,85.1,780.2,781.0,780.6,782.1,4.79,62.3,11.9,3.0,41.3,0.69,14.1,3.8,LANE_A,20000.0,-22.0,92.3,CRUISE_LOITER,LADAKH,0,1.0
1788420648.663,5177.5,2130.7,72.0,83.4,85.7,82.5,85.3,779.4,785.6,779.9,781.9,4.86,62.1,12.0,3.0,41.3,0.73,14.08,4.0,LANE_A,20000.0,-22.0,92.2,CRUISE_LOITER,LADAKH,0,1.0
1788420649.172,5195.8,2138.2,72.0,83.1,85.4,82.8,85.5,776.7,783.6,782.7,783.8,4.81,62.4,11.9,3.0,41.1,0.72,14.11,4.0,LANE_A,20000.0,-22.0,92.2,CRUISE_LOITER,LADAKH,0,1.0
1788420649.667,5202.4,2140.9,72.0,83.0,85.5,82.5,85.2,777.4,785.1,781.3,782.6,4.85,62.3,12.0,3.0,41.2,0.74,14.14,4.1,LANE_A,20000.0,-22.0,92.2,CRUISE_LOITER,LADAKH,0,1.0
1788420650.184,5195.8,2138.2,72.0,83.2,85.8,82.8,85.2,778.1,783.9,780.7,782.7,4.86,62.4,12.0,3.0,41.2,0.73,14.1,4.0,LANE_A,20000.0,-22.0,92.2,CRUISE_LOITER,LADAKH,0,1.0
1788420650.691,5178.7,2131.1,72.0,82.8,85.8,83.1,84.7,778.0,784.7,782.3,784.6,4.84,62.2,12.2,3.0,41.1,0.72,14.11,4.1,LANE_A,20000.0,-22.0,92.1,CRUISE_LOITER,LADAKH,0,1.0
1788420651.2,5206.2,2142.5,72.0,82.8,86.3,82.4,85.0,778.5,782.8,780.6,782.7,4.87,62.2,11.9,3.0,41.4,0.73,14.09,3.9,LANE_A,20000.0,-22.0,92.1,CRUISE_LOITER,LADAKH,0,1.0
1788420651.702,5189.4,2135.6,72.0,83.0,85.8,82.7,85.3,777.3,784.3,781.6,784.8,4.85,62.0,12.1,3.0,41.2,0.7,14.12,4.0,LANE_A,20000.0,-22.0,92.1,CRUISE_LOITER,LADAKH,0,1.0
1788420652.208,5207.1,2142.8,72.0,82.9,85.6,82.4,85.3,777.4,784.3,781.5,783.1,4.84,62.2,11.9,3.0,41.2,0.74,14.11,3.9,LANE_A,20000.0,-22.0,92.0,CRUISE_LOITER,LADAKH,0,1.0
1788420652.725,5182.9,2132.9,72.0,83.2,85.7,82.6,84.9,778.3,783.6,779.8,783.5,4.89,62.1,12.1,3.0,41.3,0.73,14.06,4.1,LANE_A,20000.0,-22.0,92.0,CRUISE_LOITER,LADAKH,0,1.0
1788420653.229,5183.7,2133.2,72.0,83.5,85.7,82.6,85.0,777.0,783.0,781.0,783.6,4.86,62.0,11.8,3.0,41.3,0.74,14.1,4.0,LANE_A,20000.0,-22.0,92.0,CRUISE_LOITER,LADAKH,0,1.0
1788420653.736,5189.6,2135.6,72.0,83.1,85.6,82.8,85.3,777.5,785.1,780.5,781.8,4.82,62.3,11.9,3.0,41.0,0.72,14.1,4.1,LANE_A,20000.0,-22.0,92.0,CRUISE_LOITER,LADAKH,0,1.0
1788420654.246,5195.9,2138.2,72.0,83.0,85.7,82.5,84.8,778.3,784.1,779.4,782.7,4.86,62.1,12.1,3.0,41.2,0.73,14.11,3.9,LANE_A,20000.0,-22.0,91.9,CRUISE_LOITER,LADAKH,0,1.0
1788420654.753,5192.3,2136.8,72.0,83.2,85.5,82.8,85.2,778.8,785.4,778.8,780.8,4.85,62.0,12.1,3.0,41.2,0.74,14.13,4.1,LANE_A,20000.0,-22.0,91.9,CRUISE_LOITER,LADAKH,0,1.0
1788420655.263,5183.4,2133.1,72.0,82.9,85.6,82.5,85.0,778.4,783.0,782.5,784.4,4.84,62.0,12.0,3.0,41.1,0.72,14.11,3.9,LANE_A,20000.0,-22.0,91.9,CRUISE_LOITER,LADAKH,0,1.0
1788420655.896,5203.9,2141.5,72.0,83.4,85.5,82.7,85.4,778.9,784.4,779.5,784.3,4.86,61.9,11.8,3.0,41.1,0.72,14.11,4.0,LANE_A,20000.0,-22.0,91.8,CRUISE_LOITER,LADAKH,0,1.0
1788420656.388,5197.3,2138.8,72.0,83.2,85.6,82.4,85.1,778.8,784.2,779.2,784.3,4.82,61.9,12.1,3.0,41.1,0.73,14.04,3.9,LANE_A,20000.0,-22.0,91.8,CRUISE_LOITER,LADAKH,0,1.0
1788420656.893,5194.2,2137.5,72.0,83.3,85.5,82.6,85.0,777.8,784.1,781.6,783.1,4.85,62.1,12.1,3.0,41.2,0.71,14.07,4.1,LANE_A,20000.0,-22.0,91.8,CRUISE_LOITER,LADAKH,0,1.0
1788420657.4,5171.9,2128.3,72.0,82.8,85.8,82.6,85.2,776.8,782.9,780.5,782.4,4.87,62.3,12.0,3.0,41.1,0.74,14.1,4.1,LANE_A,20000.0,-22.0,91.7,CRUISE_LOITER,LADAKH,0,1.0
1788420657.907,5198.2,2139.2,72.0,83.0,85.5,82.6,85.1,778.5,782.4,778.1,782.3,4.9,62.0,11.9,3.0,41.1,0.73,14.14,4.0,LANE_A,20000.0,-22.0,91.7,CRUISE_LOITER,LADAKH,0,1.0
1788420658.413,5200.8,2140.2,72.0,82.9,85.5,82.4,85.0,775.5,782.5,779.5,784.5,4.85,62.1,11.9,3.0,41.1,0.72,14.13,3.9,LANE_A,20000.0,-22.0,91.7,CRUISE_LOITER,LADAKH,0,1.0
1788420658.921,5189.7,2135.7,72.0,82.7,85.5,82.7,84.7,778.3,784.4,779.0,782.9,4.87,62.2,12.0,3.0,40.9,0.74,14.07,4.0,LANE_A,20000.0,-22.0,91.6,CRUISE_LOITER,LADAKH,0,1.0
1788420659.429,5212.7,2145.1,72.0,83.2,85.5,82.7,84.7,777.1,782.9,779.9,782.1,4.86,61.9,12.0,3.0,41.0,0.75,14.08,4.2,LANE_A,20000.0,-22.0,91.6,CRUISE_LOITER,LADAKH,0,1.0
1788420659.937,5194.7,2137.7,72.0,82.8,85.3,82.5,85.0,778.6,783.0,778.2,783.1,4.84,62.0,11.9,3.0,40.8,0.74,14.12,3.9,LANE_A,20000.0,-22.0,91.6,CRUISE_LOITER,LADAKH,0,1.0
1788420660.443,5218.5,2147.5,72.0,82.6,85.5,82.3,85.0,777.8,781.8,779.6,782.5,4.83,61.9,12.0,3.0,41.2,0.74,14.12,4.1,LANE_A,20000.0,-22.0,91.5,CRUISE_LOITER,LADAKH,0,1.0
1788420660.952,5188.3,2135.1,72.0,83.2,85.3,82.4,85.4,777.4,782.1,781.5,783.4,4.86,62.1,11.9,3.0,41.0,0.74,14.11,4.1,LANE_A,20000.0,-22.0,91.5,CRUISE_LOITER,LADAKH,0,1.0
1788420661.455,5193.2,2137.1,72.0,82.9,85.2,82.5,85.0,778.4,783.9,779.3,783.0,4.86,62.0,11.9,3.0,41.1,0.71,14.1,4.0,LANE_A,20000.0,-22.0,91.5,CRUISE_LOITER,LADAKH,0,1.0
1788420661.963,5193.0,2137.0,72.0,82.5,85.3,82.6,84.9,779.6,782.4,779.7,782.5,4.84,61.9,11.9,3.0,41.2,0.74,14.08,3.8,LANE_A,20000.0,-22.0,91.4,CRUISE_LOITER,LADAKH,0,1.0
1788420662.473,5210.3,2144.1,72.0,83.1,85.4,82.5,84.9,776.5,783.9,781.2,782.8,4.83,61.9,11.9,3.0,41.1,0.74,14.11,4.0,LANE_A,20000.0,-22.0,91.4,CRUISE_LOITER,LADAKH,0,1.0
1788420662.983,5198.3,2139.2,72.0,83.1,85.6,82.4,85.2,778.9,781.2,779.9,781.6,4.8,62.0,11.9,3.0,41.0,0.74,14.1,4.1,LANE_A,20000.0,-22.0,91.3,CRUISE_LOITER,LADAKH,0,1.0
1788420663.493,5180.8,2132.0,72.0,83.0,85.5,82.7,84.8,776.0,781.9,780.2,783.2,4.83,61.9,11.9,3.0,40.9,0.71,14.12,4.1,LANE_A,20000.0,-22.0,91.3,CRUISE_LOITER,LADAKH,0,1.0
1788420663.992,5217.1,2147.0,72.0,83.1,85.3,82.3,84.8,778.5,784.2,779.5,782.4,4.81,62.0,11.9,3.0,40.8,0.71,14.12,4.0,LANE_A,20000.0,-22.0,91.3,CRUISE_LOITER,LADAKH,0,1.0
1788420664.511,5198.2,2139.2,72.0,82.9,85.6,82.4,85.0,775.6,785.0,780.1,782.4,4.9,62.1,11.9,3.0,41.1,0.73,14.09,4.0,LANE_A,20000.0,-22.0,91.2,CRUISE_LOITER,LADAKH,0,1.0
1788420665.018,5191.8,2136.5,72.0,83.1,85.4,82.5,84.8,779.0,782.9,781.1,785.9,4.88,61.7,11.8,3.0,40.8,0.74,14.09,4.0,LANE_A,20000.0,-22.0,91.2,CRUISE_LOITER,LADAKH,0,1.0
1788420665.527,5192.3,2136.8,72.0,83.0,85.3,82.2,84.7,778.8,784.0,781.4,779.6,4.84,62.1,12.0,3.0,40.8,0.72,14.08,4.0,LANE_A,20000.0,-22.0,91.2,CRUISE_LOITER,LADAKH,0,1.0
1788420666.035,5192.1,2136.7,72.0,82.9,85.5,82.6,84.9,777.0,783.1,782.2,782.1,4.83,61.9,11.9,3.0,40.9,0.77,14.12,4.0,LANE_A,20000.0,-22.0,91.1,CRUISE_LOITER,LADAKH,0,1.0
1788420666.541,5186.1,2134.2,72.0,82.9,85.5,82.4,84.8,778.8,783.8,777.7,780.7,4.88,61.9,11.9,3.0,41.0,0.72,14.1,4.0,LANE_A,20000.0,-22.0,91.1,CRUISE_LOITER,LADAKH,0,1.0
1788420667.051,5188.9,2135.4,72.0,83.0,85.4,82.5,84.8,777.9,784.3,780.0,782.0,4.88,61.8,11.9,3.0,40.8,0.74,14.09,4.1,LANE_A,20000.0,-22.0,91.0,CRUISE_LOITER,LADAKH,0,1.0
1788420667.556,5199.1,2139.6,72.0,82.9,85.1,82.5,84.9,776.0,781.1,778.8,782.5,4.86,62.0,11.9,3.0,40.8,0.75,14.08,4.1,LANE_A,20000.0,-22.0,91.0,CRUISE_LOITER,LADAKH,0,1.0
1788420668.064,5190.5,2136.0,72.0,82.8,85.2,82.1,84.9,774.9,783.1,779.3,781.0,4.88,61.8,11.8,3.0,41.0,0.73,14.12,3.7,LANE_A,20000.0,-22.0,91.0,CRUISE_LOITER,LADAKH,0,1.0
1788420668.571,5187.7,2134.9,72.0,82.8,85.4,82.1,84.9,777.7,782.5,779.9,782.0,4.87,61.9,12.0,3.0,40.7,0.72,14.11,4.1,LANE_A,20000.0,-22.0,90.9,CRUISE_LOITER,LADAKH,0,1.0
1788420669.081,5183.3,2133.0,72.0,82.9,85.3,82.6,84.8,778.0,783.0,779.3,782.6,4.9,61.7,11.8,3.0,40.7,0.74,14.1,4.1,LANE_A,20000.0,-22.0,90.9,CRUISE_LOITER,LADAKH,0,1.0
1788420669.587,5191.6,2136.5,72.0,82.5,85.6,82.1,85.2,779.4,782.2,778.9,780.2,4.85,62.0,11.8,3.0,40.8,0.74,14.07,4.0,LANE_A,20000.0,-22.0,90.8,CRUISE_LOITER,LADAKH,0,1.0
1788420670.094,5180.5,2131.9,72.0,83.0,85.6,82.3,84.8,777.3,780.6,779.7,782.9,4.8,61.9,11.9,3.0,40.8,0.75,14.11,4.1,LANE_A,20000.0,-22.0,90.8,CRUISE_LOITER,LADAKH,0,1.0
1788420670.592,5189.9,2135.8,72.0,82.9,85.5,82.4,84.7,775.5,781.7,780.4,782.0,4.83,62.0,11.8,3.0,40.8,0.73,14.1,4.0,LANE_A,20000.0,-22.0,90.7,CRUISE_LOITER,LADAKH,0,1.0
1788420671.109,5182.8,2132.8,72.0,82.8,85.5,82.3,84.9,776.3,784.5,780.0,785.7,4.86,61.9,11.8,3.0,40.8,0.74,14.11,4.1,LANE_A,20000.0,-22.0,90.7,CRUISE_LOITER,LADAKH,0,1.0
1788420671.617,5191.6,2136.5,72.0,82.8,85.2,81.9,84.9,777.7,781.6,780.8,782.2,4.85,61.8,11.9,3.0,40.8,0.73,14.11,4.0,LANE_A,20000.0,-22.0,90.7,CRUISE_LOITER,LADAKH,0,1.0
1788420672.118,5214.7,2146.0,72.0,82.7,85.1,82.4,84.5,780.0,783.9,780.4,782.7,4.82,61.7,11.9,3.0,40.7,0.73,14.1,4.0,LANE_A,20000.0,-22.0,90.6,CRUISE_LOITER,LADAKH,0,1.0
1788420672.636,5214.2,2145.7,72.0,83.2,85.3,82.4,84.7,778.8,783.5,781.2,780.9,4.88,62.1,11.8,3.0,40.8,0.7,14.1,3.9,LANE_A,20000.0,-22.0,90.6,CRUISE_LOITER,LADAKH,0,1.0
1788420673.142,5169.0,2127.2,72.0,82.7,85.6,82.1,85.0,780.0,784.8,779.4,781.1,4.89,61.7,11.7,3.0,41.0,0.7,14.08,4.0,LANE_A,20000.0,-22.0,90.5,CRUISE_LOITER,LADAKH,0,1.0
1788420673.65,5179.2,2131.4,72.0,82.7,85.2,82.2,84.7,778.9,781.1,779.4,784.8,4.9,61.8,11.8,3.0,40.8,0.76,14.1,4.0,LANE_A,20000.0,-22.0,90.5,CRUISE_LOITER,LADAKH,0,1.0
1788420674.159,5203.8,2141.5,72.0,83.0,85.2,82.3,84.8,779.2,782.5,779.9,783.4,4.87,61.7,11.9,3.0,40.6,0.74,14.06,4.1,LANE_A,20000.0,-22.0,90.4,CRUISE_LOITER,LADAKH,0,1.0
1788420674.665,5175.2,2129.7,72.0,82.5,85.2,82.2,84.7,776.4,783.5,778.8,782.6,4.9,61.6,11.7,3.0,40.8,0.69,14.14,3.9,LANE_A,20000.0,-22.0,90.4,CRUISE_LOITER,LADAKH,0,1.0
1788420675.172,5198.8,2139.4,72.0,82.7,85.0,82.3,84.7,778.0,782.8,780.2,782.4,4.9,61.7,11.9,3.0,40.6,0.73,14.1,4.0,LANE_A,20000.0,-22.0,90.4,CRUISE_LOITER,LADAKH,0,1.0
1788420675.68,5184.5,2133.5,72.0,82.7,85.0,82.0,85.0,777.9,782.4,780.4,782.7,4.87,61.7,11.9,3.0,41.0,0.74,14.11,4.0,LANE_A,20000.0,-22.0,90.3,CRUISE_LOITER,LADAKH,0,1.0
1788420676.315,5193.5,2137.3,72.0,82.7,85.2,82.2,84.8,776.1,784.9,779.3,783.8,4.9,61.9,11.9,3.0,40.6,0.73,14.12,3.9,LANE_A,20000.0,-22.0,90.3,CRUISE_LOITER,LADAKH,0,1.0
1788420676.82,5205.9,2142.3,72.0,82.5,85.5,82.5,84.6,778.3,783.7,779.7,783.8,4.88,61.9,11.9,3.0,40.6,0.72,14.12,4.0,LANE_A,20000.0,-22.0,90.2,CRUISE_LOITER,LADAKH,0,1.0
1788420677.328,5190.4,2135.9,72.0,82.7,85.2,82.1,84.8,776.5,782.8,780.2,784.1,4.88,61.7,11.8,3.0,40.7,0.72,14.11,4.0,LANE_A,20000.0,-22.0,90.2,CRUISE_LOITER,LADAKH,0,1.0
1788420677.837,5191.5,2136.4,72.0,82.8,85.0,82.3,84.8,774.6,781.6,778.0,782.7,4.88,61.7,11.9,3.0,40.8,0.73,14.06,4.2,LANE_A,20000.0,-22.0,90.1,CRUISE_LOITER,LADAKH,0,1.0
1788420678.341,5194.3,2137.6,72.0,82.7,85.1,81.9,84.6,777.5,783.6,779.7,778.7,4.87,61.5,11.9,3.0,40.7,0.72,14.09,3.9,LANE_A,20000.0,-22.0,90.1,CRUISE_LOITER,LADAKH,0,1.0
1788420678.85,5200.0,2139.9,72.0,82.6,85.2,82.3,84.7,777.4,782.7,781.7,781.8,4.87,61.6,11.8,3.0,40.6,0.72,14.09,4.0,LANE_A,20000.0,-22.0,90.0,CRUISE_LOITER,LADAKH,0,1.0
1788420679.358,5202.6,2141.0,72.0,82.6,85.0,82.1,84.5,777.1,783.0,778.4,783.7,4.91,61.5,11.9,3.0,40.7,0.75,14.06,3.9,LANE_A,20000.0,-22.0,90.0,CRUISE_LOITER,LADAKH,0,1.0
1788420679.865,5177.0,2130.5,72.0,82.6,85.2,82.1,84.5,777.1,782.6,778.2,781.5,4.84,61.7,11.9,3.0,40.7,0.71,14.08,4.0,LANE_A,20000.0,-22.0,90.0,CRUISE_LOITER,LADAKH,0,1.0
1788420680.378,5218.3,2147.4,72.0,82.4,84.9,82.2,84.5,779.2,782.9,779.4,782.5,4.86,61.5,11.9,3.0,40.6,0.74,14.14,4.2,LANE_A,20000.0,-22.0,89.9,CRUISE_LOITER,LADAKH,0,1.0
1788420680.884,5194.6,2137.7,72.0,82.2,85.1,82.4,84.4,775.1,784.3,780.0,781.6,4.85,61.5,11.8,3.0,40.6,0.7,14.11,4.1,LANE_A,20000.0,-22.0,89.9,CRUISE_LOITER,LADAKH,0,1.0
1788420681.392,5176.6,2130.3,72.0,82.8,85.3,82.0,84.4,778.9,783.9,781.0,782.7,4.85,61.5,11.6,3.0,40.4,0.74,14.08,3.9,LANE_A,20000.0,-22.0,89.8,CRUISE_LOITER,LADAKH,0,1.0
1788420681.899,5195.1,2137.9,72.0,82.3,85.0,82.0,84.7,778.0,784.1,778.5,782.9,4.88,61.7,11.9,3.0,40.5,0.73,14.1,3.9,LANE_A,20000.0,-22.0,89.8,CRUISE_LOITER,LADAKH,0,1.0
1788420682.405,5195.5,2138.1,72.0,82.6,85.1,82.1,84.3,775.4,782.0,779.1,780.9,4.8,61.5,11.9,3.0,40.6,0.73,14.11,4.0,LANE_A,20000.0,-22.0,89.7,CRUISE_LOITER,LADAKH,0,1.0
1788420682.912,5190.5,2136.0,72.0,82.5,84.8,82.2,84.6,777.8,782.6,778.5,784.5,4.88,61.8,11.9,3.0,40.6,0.71,14.15,4.1,LANE_A,20000.0,-22.0,89.7,CRUISE_LOITER,LADAKH,0,1.0
1788420683.42,5190.0,2135.8,72.0,82.7,85.2,82.0,84.6,779.7,782.0,781.3,782.2,4.9,61.6,11.8,3.0,40.6,0.73,14.09,3.9,LANE_A,20000.0,-22.0,89.6,CRUISE_LOITER,LADAKH,0,1.0
1788420683.93,5180.5,2131.9,72.0,82.5,85.0,82.4,84.5,777.9,780.9,780.6,781.7,4.84,61.6,11.8,3.0,40.6,0.74,14.06,3.9,LANE_A,20000.0,-22.0,89.6,CRUISE_LOITER,LADAKH,0,1.0
1788420684.436,5177.2,2130.5,72.0,82.5,85.1,82.1,84.8,777.7,783.7,779.8,782.2,4.91,61.5,11.9,3.0,40.8,0.73,14.09,4.1,LANE_A,20000.0,-22.0,89.5,CRUISE_LOITER,LADAKH,0,1.0
1788420684.944,5181.8,2132.4,72.0,82.4,85.1,82.4,84.4,778.4,781.1,779.0,784.2,4.87,61.5,11.8,3.0,40.4,0.73,14.12,4.1,LANE_A,20000.0,-22.0,89.5,CRUISE_LOITER,LADAKH,0,1.0
1788420685.45,5185.6,2134.0,72.0,82.6,85.1,82.7,84.5,777.9,782.2,781.5,782.5,4.86,61.4,11.8,3.0,40.6,0.71,14.13,4.1,LANE_A,20000.0,-22.0,89.4,CRUISE_LOITER,LADAKH,0,1.0
1788420685.958,5183.9,2133.3,72.0,82.5,84.8,82.4,84.2,778.0,782.0,782.2,782.6,4.83,61.3,11.8,3.0,40.3,0.73,14.11,4.1,LANE_A,20000.0,-22.0,89.4,CRUISE_LOITER,LADAKH,0,1.0
1788420686.467,5196.1,2138.3,72.0,82.6,84.8,81.9,84.6,778.3,784.0,780.4,780.8,4.85,61.7,11.9,3.0,40.4,0.73,14.09,4.0,LANE_A,20000.0,-22.0,89.3,CRUISE_LOITER,LADAKH,0,1.0
1788420686.974,5197.0,2138.7,72.0,82.6,85.3,82.0,84.6,779.5,785.1,779.9,783.2,4.82,61.6,11.9,3.0,40.5,0.72,14.07,4.0,LANE_A,20000.0,-22.0,89.3,CRUISE_LOITER,LADAKH,0,1.0
1788420687.481,5173.9,2129.2,72.0,82.6,85.4,81.9,84.5,778.6,781.2,778.3,782.9,4.91,61.5,11.8,3.0,40.5,0.72,14.12,3.8,LANE_A,20000.0,-22.0,89.2,CRUISE_LOITER,LADAKH,0,1.0
1788420687.994,5173.7,2129.1,72.0,82.6,85.1,82.4,84.7,778.3,783.8,780.7,780.7,4.88,61.4,11.7,3.0,40.7,0.71,14.11,4.1,LANE_A,20000.0,-22.0,89.2,CRUISE_LOITER,LADAKH,0,1.0
1788420688.502,5181.7,2132.4,72.0,82.9,85.1,81.9,84.6,776.7,784.9,780.9,782.8,4.87,61.4,11.7,3.0,40.4,0.73,14.11,4.0,LANE_A,20000.0,-22.0,89.1,CRUISE_LOITER,LADAKH,0,1.0
1788420689.006,5193.3,2137.2,72.0,82.4,85.3,82.2,84.3,777.9,783.0,780.9,782.8,4.86,61.3,11.9,3.0,40.5,0.72,14.08,3.8,LANE_A,20000.0,-22.0,89.1,CRUISE_LOITER,LADAKH,0,1.0
1788420689.512,5174.7,2129.5,72.0,82.5,85.2,82.0,84.7,778.8,782.3,782.8,781.7,4.9,61.3,11.9,3.0,40.4,0.73,14.08,4.0,LANE_A,20000.0,-22.0,89.1,CRUISE_LOITER,LADAKH,0,1.0
1788420690.025,5196.4,2138.5,72.0,82.8,85.3,82.3,85.0,776.1,785.2,780.1,784.1,4.92,61.4,11.8,3.0,40.6,0.72,14.1,4.0,LANE_A,20000.0,-22.0,89.0,CRUISE_LOITER,LADAKH,0,1.0
1788420690.526,5163.8,2125.0,72.0,82.7,85.1,82.2,84.7,776.0,782.5,780.3,783.0,4.86,61.5,11.8,3.0,40.3,0.7,14.09,4.1,LANE_A,20000.0,-22.0,89.0,CRUISE_LOITER,LADAKH,0,1.0
1788420691.033,5178.8,2131.2,72.0,82.4,85.0,81.9,84.2,777.1,783.0,779.8,784.0,4.85,61.3,11.6,3.0,40.4,0.73,14.1,3.9,LANE_A,20000.0,-22.0,88.9,CRUISE_LOITER,LADAKH,0,1.0
1788420691.541,5176.6,2130.3,72.0,82.7,84.9,81.8,84.8,777.2,783.5,779.8,782.4,4.88,61.4,11.7,3.0,40.3,0.75,14.13,3.9,LANE_A,20000.0,-22.0,88.9,CRUISE_LOITER,LADAKH,0,1.0
1788420692.05,5165.4,2125.7,72.0,82.3,85.2,82.0,84.6,776.0,783.4,778.1,784.3,4.87,61.4,11.7,3.0,40.3,0.74,14.11,3.8,LANE_A,20000.0,-22.0,88.8,CRUISE_LOITER,LADAKH,0,1.0
1788420692.554,5176.7,2130.3,72.0,82.6,85.2,82.0,84.4,777.7,783.3,780.3,782.6,4.88,61.5,11.8,3.0,40.6,0.73,14.09,3.9,LANE_A,20000.0,-22.0,88.8,CRUISE_LOITER,LADAKH,0,1.0
1788420693.063,5171.6,2128.2,72.0,82.7,85.0,81.9,84.2,777.1,783.6,778.3,782.2,4.88,61.4,11.7,3.0,40.2,0.71,14.12,4.1,LANE_A,20000.0,-22.0,88.7,CRUISE_LOITER,LADAKH,0,1.0
1788420693.56,5192.0,2136.6,72.0,82.7,85.2,82.1,84.3,779.3,784.5,780.1,781.9,4.88,61.5,11.8,3.0,40.2,0.72,14.11,4.0,LANE_A,20000.0,-22.0,88.7,CRUISE_LOITER,LADAKH,0,1.0
1788420694.077,5184.0,2133.3,72.0,82.7,84.9,82.0,84.1,778.4,783.2,779.8,782.4,4.87,61.3,11.8,3.0,40.3,0.72,14.08,4.0,LANE_A,20000.0,-22.0,88.6,CRUISE_LOITER,LADAKH,0,1.0
1788420694.585,5162.1,2124.3,72.0,82.7,85.1,82.6,84.5,777.7,782.7,779.9,781.9,4.89,61.5,11.8,3.0,40.3,0.72,14.11,4.0,LANE_A,20000.0,-22.0,88.6,CRUISE_LOITER,LADAKH,0,1.0
1788420695.093,5181.5,2132.3,72.0,82.8,84.8,82.2,84.6,777.7,783.6,778.2,783.4,4.85,61.6,11.7,3.0,40.4,0.72,14.12,4.2,LANE_A,20000.0,-22.0,88.5,CRUISE_LOITER,LADAKH,0,1.0
1788420695.603,5195.8,2138.2,72.0,82.3,84.7,82.2,84.3,776.4,781.1,779.0,782.6,4.79,61.4,11.9,3.0,40.3,0.73,14.08,4.0,LANE_A,20000.0,-22.0,88.5,CRUISE_LOITER,LADAKH,0,1.0
1788420696.243,5185.2,2133.8,72.0,82.2,84.8,81.8,84.8,778.9,782.9,780.8,784.0,4.83,61.5,11.7,3.0,40.3,0.72,14.11,4.0,LANE_A,20000.0,-22.0,88.4,CRUISE_LOITER,LADAKH,0,1.0
1788420696.748,5171.8,2128.3,72.0,82.4,84.9,81.8,84.5,779.8,783.5,778.4,783.3,4.86,61.4,11.7,3.0,40.2,0.72,14.11,4.0,LANE_A,20000.0,-22.0,88.4,CRUISE_LOITER,LADAKH,0,1.0
1788420697.257,5184.4,2133.5,72.0,82.3,84.9,82.1,84.3,779.2,783.3,779.2,782.1,4.8,61.3,11.7,3.0,40.3,0.73,14.09,4.2,LANE_A,20000.0,-22.0,88.3,CRUISE_LOITER,LADAKH,0,1.0
1788420697.763,5199.3,2139.6,72.0,82.5,85.2,81.8,84.3,777.5,783.5,779.6,782.6,4.81,61.7,11.8,3.0,40.0,0.74,14.08,3.8,LANE_A,20000.0,-22.0,88.3,CRUISE_LOITER,LADAKH,0,1.0
1788420698.27,5189.3,2135.5,72.0,82.3,84.7,81.7,84.3,780.4,781.8,779.1,782.3,4.82,61.6,11.8,3.0,40.4,0.74,14.1,4.0,LANE_A,20000.0,-22.0,88.2,CRUISE_LOITER,LADAKH,0,1.0
1788420698.781,5183.3,2133.0,72.0,82.4,85.1,82.1,84.3,778.1,782.5,779.5,781.3,4.87,61.4,11.6,3.0,40.2,0.74,14.09,4.1,LANE_A,20000.0,-22.0,88.2,CRUISE_LOITER,LADAKH,0,1.0
1788420699.286,5180.8,2132.0,72.0,82.3,84.7,81.8,84.3,776.3,784.2,780.5,782.4,4.85,61.3,11.6,3.0,40.3,0.72,14.09,3.9,LANE_A,20000.0,-22.0,88.1,CRUISE_LOITER,LADAKH,0,1.0
1788420699.795,5179.8,2131.6,72.0,82.4,84.8,82.0,84.3,779.6,782.9,780.2,782.8,4.87,61.4,11.8,3.0,40.3,0.74,14.1,4.1,LANE_A,20000.0,-22.0,88.1,CRUISE_LOITER,LADAKH,0,1.0
1788420700.302,5184.2,2133.4,72.0,82.5,84.5,81.8,84.4,777.9,779.9,780.5,783.8,4.82,61.4,11.8,3.0,40.1,0.74,14.11,4.1,LANE_A,20000.0,-22.0,88.0,CRUISE_LOITER,LADAKH,0,1.0
1788420700.808,5181.1,2132.1,72.0,82.1,84.9,81.8,84.6,778.8,783.0,779.9,782.7,4.87,61.4,11.7,3.0,40.4,0.73,14.09,4.0,LANE_A,20000.0,-22.0,88.0,CRUISE_LOITER,LADAKH,0,1.0
1788420701.315,5177.9,2130.8,72.0,82.5,85.2,81.9,84.5,778.1,782.7,780.0,781.4,4.92,61.4,11.9,3.0,40.3,0.74,14.11,4.1,LANE_A,20000.0,-22.0,87.9,CRUISE_LOITER,LADAKH,0,1.0
1788420701.822,5170.0,2127.6,72.0,82.5,85.0,82.4,84.6,777.1,782.3,779.9,781.9,4.87,61.4,11.9,3.0,40.2,0.73,14.1,3.9,LANE_A,20000.0,-22.0,87.9,CRUISE_LOITER,LADAKH,0,1.0
1788420702.328,5174.8,2129.5,72.0,82.5,84.8,81.5,84.3,778.4,784.3,778.6,782.7,4.88,61.3,11.8,3.0,40.3,0.74,14.07,4.0,LANE_A,20000.0,-22.0,87.8,CRUISE_LOITER,LADAKH,0,1.0
1788420702.834,5174.4,2129.4,72.0,82.4,85.1,81.8,84.5,778.5,780.4,779.0,783.2,4.83,61.3,11.7,3.0,40.2,0.73,14.1,4.0,LANE_A,20000.0,-22.0,87.8,CRUISE_LOITER,LADAKH,0,1.0
1788420703.339,5160.3,2123.6,72.0,82.4,84.9,81.7,84.2,776.1,783.8,776.4,783.8,4.86,61.2,11.6,3.0,40.3,0.69,14.09,4.0,LANE_A,20000.0,-22.0,87.7,CRUISE_LOITER,LADAKH,0,1.0
1788420703.849,5173.7,2129.1,72.0,82.5,85.0,81.9,84.5,780.0,783.0,780.8,782.7,4.8,61.4,11.7,3.0,40.5,0.72,14.12,4.0,LANE_A,20000.0,-22.0,87.7,CRUISE_LOITER,LADAKH,0,1.0
1788420704.363,5163.9,2125.0,72.0,82.4,85.0,82.1,84.6,775.9,779.4,780.6,785.0,4.89,61.2,11.6,3.0,40.3,0.74,14.14,3.9,LANE_A,20000.0,-22.0,87.6,CRUISE_LOITER,LADAKH,0,1.0
1788420704.87,5178.6,2131.1,72.0,82.2,84.8,82.0,84.1,779.0,783.0,782.6,782.5,4.81,61.3,11.9,3.0,40.2,0.72,14.1,4.1,LANE_A,20000.0,-22.0,87.6,CRUISE_LOITER,LADAKH,0,1.0
1788420705.374,5193.7,2137.3,72.0,82.2,84.9,81.8,84.5,779.5,782.2,778.7,783.2,4.91,61.3,11.8,3.0,40.0,0.73,14.12,4.0,LANE_A,20000.0,-22.0,87.5,CRUISE_LOITER,LADAKH,0,1.0
1788420705.883,5154.1,2121.0,72.0,82.0,84.7,82.0,84.2,777.4,781.6,781.2,783.4,4.83,61.3,11.7,3.0,39.9,0.72,14.07,4.0,LANE_A,20000.0,-22.0,87.5,CRUISE_LOITER,LADAKH,0,1.0
1788420706.391,5169.0,2127.2,72.0,82.5,84.8,81.8,84.2,778.0,782.5,778.6,783.2,4.84,61.2,11.7,3.0,40.3,0.72,14.11,3.9,LANE_A,20000.0,-22.0,87.4,CRUISE_LOITER,LADAKH,0,1.0
1788420706.9,5182.4,2132.7,72.0,82.5,85.0,81.9,84.4,775.9,783.6,779.1,784.0,4.88,61.1,11.6,3.0,40.0,0.73,14.11,4.2,LANE_A,20000.0,-22.0,87.4,CRUISE_LOITER,LADAKH,0,1.0
1788420707.409,5166.0,2125.9,72.0,82.6,84.7,81.6,84.5,776.0,781.9,779.3,783.6,4.86,61.5,11.7,3.0,40.2,0.76,14.07,3.9,LANE_A,20000.0,-22.0,87.3,CRUISE_LOITER,LADAKH,0,1.0
1788420707.916,5191.3,2136.3,72.0,82.4,84.5,81.3,84.0,778.0,781.9,780.8,784.1,4.81,61.4,11.6,3.0,40.0,0.74,14.09,3.8,LANE_A,20000.0,-22.0,87.3,CRUISE_LOITER,LADAKH,0,1.0
1788420708.425,5181.5,2132.3,72.0,82.5,84.8,81.7,84.3,776.6,783.7,778.8,783.1,4.8,61.0,11.7,3.0,40.2,0.72,14.08,4.2,LANE_A,20000.0,-22.0,87.2,CRUISE_LOITER,LADAKH,0,1.0
1788420708.932,5198.3,2139.2,72.0,82.6,84.8,81.8,84.2,776.3,784.0,778.6,782.8,4.9,61.4,11.6,3.0,40.1,0.73,14.11,3.9,LANE_A,20000.0,-22.0,87.2,CRUISE_LOITER,LADAKH,0,1.0
1788420709.44,5160.4,2123.6,72.0,82.4,84.9,82.1,84.2,779.2,783.0,778.1,782.7,4.85,61.2,11.6,3.0,40.2,0.69,14.13,4.0,LANE_A,20000.0,-22.0,87.1,CRUISE_LOITER,LADAKH,0,1.0
1788420709.948,5172.0,2128.4,72.0,82.2,84.8,82.1,84.5,778.7,782.5,779.3,781.6,4.85,61.1,11.6,3.0,39.8,0.71,14.11,4.0,LANE_A,20000.0,-22.0,87.1,CRUISE_LOITER,LADAKH,0,1.0
1788420710.457,5160.4,2123.6,72.0,82.4,85.1,81.7,84.1,778.4,781.5,780.2,782.7,4.88,61.3,11.7,3.0,40.1,0.72,14.1,3.9,LANE_A,20000.0,-22.0,87.0,CRUISE_LOITER,LADAKH,0,1.0
1788420710.959,5160.4,2123.6,72.0,82.3,85.1,81.8,84.4,778.2,782.9,779.1,783.0,4.88,61.2,11.5,3.0,40.0,0.73,14.1,4.1,LANE_A,20000.0,-22.0,87.0,CRUISE_LOITER,LADAKH,0,1.0
1788420711.47,5182.9,2132.9,72.0,82.2,85.0,81.7,83.9,777.3,782.2,779.4,785.9,4.83,61.2,11.8,3.0,40.0,0.72,14.11,3.9,LANE_A,20000.0,-22.0,86.9,CRUISE_LOITER,LADAKH,0,1.0
1788420711.977,5138.0,2114.4,72.0,82.3,85.1,82.0,84.3,779.8,781.8,780.2,784.4,4.93,61.2,11.6,3.0,39.9,0.71,14.1,4.0,LANE_A,20000.0,-22.0,86.9,CRUISE_LOITER,LADAKH,0,1.0
1788420712.474,5161.9,2124.2,72.0,82.2,84.4,81.8,84.3,778.0,783.5,781.1,781.2,4.85,61.0,11.7,3.0,40.1,0.71,14.1,3.9,LANE_A,20000.0,-22.0,86.8,CRUISE_LOITER,LADAKH,0,1.0
1788420712.991,5171.9,2128.4,72.0,82.1,84.5,81.5,83.9,779.2,785.8,779.3,783.1,4.87,61.1,11.8,3.0,40.1,0.72,14.11,4.0,LANE_A,20000.0,-22.0,86.8,CRUISE_LOITER,LADAKH,0,1.0
1788420713.491,5169.8,2127.5,72.0,82.4,85.0,82.3,84.2,780.6,781.8,779.3,781.9,4.84,61.0,11.7,3.0,40.1,0.7,14.09,3.9,LANE_A,20000.0,-22.0,86.7,CRUISE_LOITER,LADAKH,0,1.0
1788420714.008,5178.2,2130.9,72.0,81.9,84.5,81.7,84.3,777.6,781.2,780.0,782.5,4.82,61.2,11.6,3.0,40.0,0.71,14.08,4.1,LANE_A,20000.0,-22.0,86.7,CRUISE_LOITER,LADAKH,0,1.0
1788420714.514,5154.1,2121.0,72.0,82.4,85.0,81.8,84.2,778.2,781.9,779.5,783.8,4.91,61.0,11.7,3.0,40.2,0.74,14.12,4.0,LANE_A,20000.0,-22.0,86.6,CRUISE_LOITER,LADAKH,0,1.0
1788420715.024,5164.2,2125.2,72.0,82.1,84.9,81.7,84.4,779.8,782.6,779.2,783.4,4.89,61.2,11.7,3.0,40.2,0.73,14.1,4.0,LANE_A,20000.0,-22.0,86.6,CRUISE_LOITER,LADAKH,0,1.0
1788420715.527,5191.3,2136.3,72.0,82.6,84.7,82.0,84.2,778.6,783.4,778.8,783.8,4.84,61.1,11.5,3.0,39.9,0.74,14.08,4.0,LANE_A,20000.0,-22.0,86.5,CRUISE_LOITER,LADAKH,0,1.0
1788420716.188,5166.5,2126.1,72.0,82.5,84.5,81.6,84.3,777.1,782.4,780.6,782.0,4.89,61.3,11.7,3.0,40.0,0.73,14.1,4.0,LANE_A,20000.0,-22.0,86.5,CRUISE_LOITER,LADAKH,0,1.0
1788420716.695,5173.8,2129.1,72.0,82.6,84.7,81.6,84.1,777.9,781.3,779.5,782.5,4.85,61.2,11.7,3.0,40.0,0.75,14.1,3.9,LANE_A,20000.0,-22.0,86.4,CRUISE_LOITER,LADAKH,0,1.0
1788420717.202,5191.2,2136.3,72.0,82.6,84.7,81.9,83.9,775.7,782.4,780.0,782.4,4.88,61.0,11.5,3.0,39.9,0.74,14.1,4.0,LANE_A,20000.0,-22.0,86.4,CRUISE_LOITER,LADAKH,0,1.0
1788420717.71,5166.3,2126.1,72.0,82.5,84.7,81.8,84.3,776.9,783.8,780.9,781.4,4.86,61.4,11.7,3.0,40.0,0.7,14.12,4.0,LANE_A,20000.0,-22.0,86.3,CRUISE_LOITER,LADAKH,0,1.0
1788420718.22,5187.8,2134.9,72.0,82.2,84.8,81.8,84.5,777.5,781.2,778.1,783.5,4.83,61.1,11.5,3.0,40.0,0.71,14.13,4.0,LANE_A,20000.0,-22.0,86.3,CRUISE_LOITER,LADAKH,0,1.0
1788420718.727,5180.5,2131.9,72.0,82.3,84.6,81.7,84.1,776.7,782.6,777.4,781.9,4.84,61.2,11.5,3.0,40.1,0.72,14.11,4.0,LANE_A,20000.0,-22.0,86.2,CRUISE_LOITER,LADAKH,0,1.0
1788420719.23,5170.0,2127.6,72.0,81.9,84.5,81.9,84.3,778.1,781.9,778.5,783.7,4.85,60.9,11.6,3.0,40.0,0.73,14.09,3.9,LANE_A,20000.0,-22.0,86.2,CRUISE_LOITER,LADAKH,0,1.0
1788420719.741,5164.2,2125.2,72.0,82.3,84.8,81.5,84.4,779.6,782.6,780.0,784.7,4.79,61.3,11.6,3.0,39.7,0.71,14.12,3.9,LANE_A,20000.0,-22.0,86.2,CRUISE_LOITER,LADAKH,0,1.0
1788420720.246,5166.6,2126.2,72.0,82.7,84.8,82.0,83.7,780.0,785.2,779.7,784.8,4.88,61.4,11.7,3.0,40.1,0.7,14.07,4.1,LANE_A,20000.0,-22.0,86.1,CRUISE_LOITER,LADAKH,0,1.0
1788420720.75,5167.8,2126.7,72.0,82.0,84.8,81.8,84.2,777.3,782.4,779.3,782.0,4.87,61.1,11.6,3.0,40.1,0.73,14.12,4.1,LANE_A,20000.0,-22.0,86.1,CRUISE_LOITER,LADAKH,0,1.0
1788420721.259,5129.7,2111.0,72.0,82.2,84.7,81.9,84.5,779.1,781.7,781.2,784.6,4.84,61.1,11.6,3.0,39.9,0.71,14.11,4.1,LANE_A,20000.0,-22.0,86.0,CRUISE_LOITER,LADAKH,0,1.0
1788420721.766,5194.3,2137.6,72.0,82.4,84.7,81.8,84.0,776.6,781.4,779.2,781.8,4.87,61.2,11.7,3.0,39.9,0.74,14.12,3.9,LANE_A,20000.0,-22.0,86.0,CRUISE_LOITER,LADAKH,0,1.0
1788420722.273,5163.2,2124.8,72.0,81.8,84.8,81.5,84.0,779.4,782.6,780.6,783.6,4.88,61.2,11.7,3.0,39.9,0.73,14.13,4.1,LANE_A,20000.0,-22.0,85.9,CRUISE_LOITER,LADAKH,0,1.0
1788420722.782,5171.8,2128.3,72.0,82.5,84.4,81.6,84.3,777.2,782.7,778.9,783.4,4.87,60.8,11.6,3.0,39.8,0.75,14.09,3.9,LANE_A,20000.0,-22.0,85.9,CRUISE_LOITER,LADAKH,0,1.0
1788420723.289,5175.1,2129.7,72.0,82.0,84.8,81.5,84.4,778.0,780.5,779.3,781.5,4.87,61.2,11.6,3.0,39.8,0.71,14.1,4.0,LANE_A,20000.0,-22.0,85.8,CRUISE_LOITER,LADAKH,0,1.0
1788420723.802,5172.2,2128.5,72.0,82.0,84.6,81.8,84.3,775.7,780.2,780.4,780.6,4.89,61.0,11.6,3.0,39.7,0.73,14.1,4.0,LANE_A,20000.0,-22.0,85.8,CRUISE_LOITER,LADAKH,0,1.0
1788420724.305,5166.8,2126.3,72.0,82.8,84.5,81.9,84.1,777.0,782.6,780.3,782.2,4.89,61.2,11.6,3.0,39.8,0.71,14.09,3.9,LANE_A,20000.0,-22.0,85.7,CRUISE_LOITER,LADAKH,0,1.0
1788420724.811,5163.5,2124.9,72.0,82.3,84.6,82.0,84.2,778.3,782.6,779.2,783.3,4.88,60.8,11.6,3.0,39.8,0.74,14.11,4.0,LANE_A,20000.0,-22.0,85.7,CRUISE_LOITER,LADAKH,0,1.0
1788420725.324,5164.4,2125.3,72.0,82.3,84.8,81.6,84.2,778.3,783.6,779.4,782.9,4.86,60.9,11.6,3.0,39.6,0.71,14.1,4.0,LANE_A,20000.0,-22.0,85.7,CRUISE_LOITER,LADAKH,0,1.0
1788420725.828,5176.3,2130.2,72.0,82.1,84.5,81.5,84.3,778.4,783.0,779.2,781.0,4.86,60.8,11.4,3.0,39.9,0.71,14.07,3.9,LANE_A,20000.0,-22.0,85.6,CRUISE_LOITER,LADAKH,0,1.0
1788420726.332,5163.5,2124.9,72.0,82.3,84.9,81.7,84.0,776.0,783.3,779.9,782.4,4.9,61.1,11.5,3.0,39.8,0.74,14.09,3.9,LANE_A,20000.0,-22.0,85.6,CRUISE_LOITER,LADAKH,0,1.0
1788420726.841,5179.2,2131.4,72.0,81.9,84.4,81.3,84.0,778.3,781.8,779.7,784.2,4.91,61.0,11.6,3.0,39.9,0.72,14.11,3.9,LANE_A,20000.0,-22.0,85.5,CRUISE_LOITER,LADAKH,0,1.0
1788420727.347,5188.8,2135.3,72.0,82.2,84.7,81.6,84.1,778.3,781.0,776.5,784.2,4.78,61.0,11.6,3.0,39.7,0.71,14.08,4.0,LANE_A,20000.0,-22.0,85.5,CRUISE_LOITER,LADAKH,0,1.0
1788420727.854,5129.5,2110.9,72.0,82.0,84.6,81.8,83.9,777.7,784.1,780.8,784.1,4.83,60.9,11.6,3.0,39.8,0.72,14.06,4.1,LANE_A,20000.0,-22.0,85.4,CRUISE_LOITER,LADAKH,0,1.0
1788420728.363,5157.9,2122.6,72.0,82.1,84.7,81.5,83.9,776.4,782.5,779.2,784.0,4.82,60.8,11.5,3.0,39.8,0.72,14.11,3.9,LANE_A,20000.0,-22.0,85.4,CRUISE_LOITER,LADAKH,0,1.0
1788420728.877,5152.2,2120.2,72.0,82.2,85.0,81.7,84.4,776.5,782.2,780.8,783.7,4.89,61.1,11.5,3.0,39.8,0.72,14.08,3.9,LANE_A,20000.0,-22.0,85.4,CRUISE_LOITER,LADAKH,0,1.0
1788420729.38,5169.7,2127.5,72.0,82.0,84.5,81.4,84.0,778.3,782.6,778.8,782.1,4.83,61.1,11.5,3.0,39.8,0.73,14.11,4.1,LANE_A,20000.0,-22.0,85.3,CRUISE_LOITER,LADAKH,0,1.0
1788420729.887,5181.8,2132.4,72.0,82.0,84.7,81.3,84.0,776.5,783.6,780.1,783.3,4.86,61.1,11.5,3.0,39.7,0.71,14.09,4.1,LANE_A,20000.0,-22.0,85.3,CRUISE_LOITER,LADAKH,0,1.0
1788420730.392,5178.4,2131.0,72.0,82.1,84.6,81.5,84.2,775.8,782.0,781.3,783.7,4.88,60.6,11.5,3.0,39.5,0.73,14.09,4.2,LANE_A,20000.0,-22.0,85.2,CRUISE_LOITER,LADAKH,0,1.0
1788420730.9,5177.1,2130.5,72.0,81.8,84.8,81.5,84.0,776.0,783.0,778.3,782.8,4.85,60.6,11.5,3.0,39.8,0.77,14.1,4.1,LANE_A,20000.0,-22.0,85.2,CRUISE_LOITER,LADAKH,0,1.0
1788420731.41,5177.4,2130.6,72.0,82.0,84.7,81.8,84.2,777.2,784.5,779.9,783.9,4.89,61.1,11.5,3.0,39.6,0.73,14.12,3.9,LANE_A,20000.0,-22.0,85.1,CRUISE_LOITER,LADAKH,0,1.0
1788420731.917,5172.5,2128.6,72.0,82.1,84.4,81.4,84.1,776.6,781.8,780.2,784.3,4.87,61.0,11.5,3.0,39.7,0.71,14.09,3.9,LANE_A,20000.0,-22.0,85.1,CRUISE_LOITER,LADAKH,0,1.0
1788420732.425,5167.0,2126.3,72.0,82.2,84.8,81.7,84.1,776.9,783.5,779.3,781.6,4.89,60.7,11.4,3.0,39.7,0.72,14.09,4.0,LANE_A,20000.0,-22.0,85.1,CRUISE_LOITER,LADAKH,0,1.0
1788420732.928,5181.9,2132.5,72.0,81.9,84.5,81.8,84.0,777.5,782.2,781.1,782.9,4.81,61.0,11.4,3.0,39.5,0.73,14.09,3.9,LANE_A,20000.0,-22.0,85.0,CRUISE_LOITER,LADAKH,0,1.0
1788420733.436,5172.8,2128.7,72.0,82.3,84.6,81.5,84.1,778.2,782.2,780.1,782.9,4.88,60.9,11.4,3.0,39.7,0.73,14.12,4.0,LANE_A,20000.0,-22.0,85.0,CRUISE_LOITER,LADAKH,0,1.0
1788420733.947,5169.0,2127.2,72.0,81.7,84.4,81.5,84.1,777.4,783.8,777.9,784.0,4.79,60.9,11.6,3.0,39.7,0.77,14.12,4.1,LANE_A,20000.0,-22.0,84.9,CRUISE_LOITER,LADAKH,0,1.0
1788420734.453,5163.9,2125.1,72.0,82.2,84.5,81.9,84.4,777.0,783.7,781.3,784.6,4.84,60.9,11.6,3.0,39.7,0.73,14.09,3.9,LANE_A,20000.0,-22.0,84.9,CRUISE_LOITER,LADAKH,0,1.0
1788420734.96,5187.4,2134.7,72.0,81.8,84.4,81.7,83.8,778.6,782.9,777.1,783.3,4.89,61.1,11.5,3.0,39.7,0.74,14.09,3.9,LANE_A,20000.0,-22.0,84.9,CRUISE_LOITER,LADAKH,0,1.0
1788420735.468,5155.3,2121.5,72.0,82.1,84.5,81.5,84.0,778.2,783.0,779.4,783.5,4.86,60.8,11.5,3.0,39.7,0.72,14.12,4.0,LANE_A,20000.0,-22.0,84.8,CRUISE_LOITER,LADAKH,0,1.0
1788420736.13,5157.4,2122.4,72.0,81.8,84.7,81.8,83.9,776.9,781.8,779.0,781.8,4.82,60.7,11.6,3.0,39.5,0.75,14.1,4.1,LANE_A,20000.0,-22.0,84.8,CRUISE_LOITER,LADAKH,0,1.0
1788420736.641,5154.8,2121.3,72.0,81.9,84.7,81.5,83.8,778.4,781.2,779.2,782.5,4.82,60.8,11.4,3.0,39.7,0.71,14.1,4.0,LANE_A,20000.0,-22.0,84.7,CRUISE_LOITER,LADAKH,0,1.0
1788420737.148,5159.0,2123.0,72.0,82.0,84.4,81.5,83.9,779.4,784.7,779.2,781.8,4.88,60.8,11.4,3.0,39.6,0.71,14.08,4.0,LANE_A,20000.0,-22.0,84.7,CRUISE_LOITER,LADAKH,0,1.0
1788420737.655,5145.3,2117.4,72.0,82.0,84.4,81.4,84.3,776.1,782.8,779.4,782.3,4.89,60.8,11.6,3.0,39.5,0.7,14.12,4.0,LANE_A,20000.0,-22.0,84.7,CRUISE_LOITER,LADAKH,0,1.0
1788420738.167,5176.8,2130.4,72.0,82.0,84.8,81.6,83.9,778.4,784.9,779.1,781.4,4.87,60.7,11.5,3.0,39.8,0.73,14.09,4.1,LANE_A,20000.0,-22.0,84.6,CRUISE_LOITER,LADAKH,0,1.0
1788420738.667,5178.4,2131.0,72.0,81.8,84.5,81.7,83.9,776.9,784.1,777.8,783.1,4.87,60.9,11.5,3.0,39.7,0.73,14.12,4.1,LANE_A,20000.0,-22.0,84.6,CRUISE_LOITER,LADAKH,0,1.0
1788420739.178,5165.1,2125.6,72.0,81.9,84.6,81.4,84.1,777.8,782.9,780.5,783.9,4.83,60.8,11.6,3.0,39.7,0.72,14.11,3.8,LANE_A,20000.0,-22.0,84.6,CRUISE_LOITER,LADAKH,0,1.0
1788420739.685,5178.3,2131.0,72.0,81.8,84.4,81.0,84.2,775.9,782.5,781.7,783.2,4.83,60.7,11.4,3.0,39.6,0.72,14.09,4.0,LANE_A,20000.0,-22.0,84.5,CRUISE_LOITER,LADAKH,0,1.0
1788420740.197,5159.7,2123.3,72.0,81.8,84.4,81.3,84.1,779.4,782.6,779.9,782.7,4.87,60.6,11.5,3.0,39.4,0.72,14.1,4.0,LANE_A,20000.0,-22.0,84.5,CRUISE_LOITER,LADAKH,0,1.0
1788420740.707,5144.5,2117.1,72.0,81.7,84.5,81.4,83.7,778.3,785.9,780.0,781.3,4.85,61.0,11.6,3.0,39.6,0.72,14.08,4.0,LANE_A,20000.0,-22.0,84.5,CRUISE_LOITER,LADAKH,0,1.0
1788420741.216,5153.6,2120.8,72.0,82.0,84.3,81.3,84.1,779.1,783.4,778.7,782.1,4.87,60.6,11.5,3.0,39.5,0.74,14.09,3.8,LANE_A,20000.0,-22.0,84.4,CRUISE_LOITER,LADAKH,0,1.0
1788420741.721,5169.6,2127.4,72.0,81.6,84.7,81.7,83.9,776.9,784.2,779.2,779.9,4.86,60.5,11.5,3.0,39.6,0.73,14.1,4.0,LANE_A,20000.0,-22.0,84.4,CRUISE_LOITER,LADAKH,0,1.0
1788420742.219,5151.4,2119.9,72.0,81.7,84.2,81.6,83.9,776.9,784.9,778.8,783.8,4.82,60.6,11.4,3.0,39.6,0.75,14.09,4.1,LANE_A,20000.0,-22.0,84.3,CRUISE_LOITER,LADAKH,0,1.0
1788420742.738,5149.6,2119.2,72.0,81.7,84.5,81.5,83.8,779.6,782.1,780.1,781.5,4.91,60.9,11.5,3.0,39.6,0.73,14.06,3.8,LANE_A,20000.0,-22.0,84.3,CRUISE_LOITER,LADAKH,0,1.0
1788420743.236,5168.4,2126.9,72.0,81.8,84.3,81.4,83.8,778.3,783.9,782.1,781.8,4.82,60.8,11.5,3.0,39.7,0.71,14.1,3.9,LANE_A,20000.0,-22.0,84.3,CRUISE_LOITER,LADAKH,0,1.0
1788420743.985,5161.4,2124.0,72.0,81.8,84.5,81.3,84.0,778.0,783.1,778.0,782.1,4.87,61.0,11.4,3.0,39.6,0.73,14.12,4.0,LANE_A,20000.0,-22.0,84.2,CRUISE_LOITER,LADAKH,0,1.0
1788420744.493,5147.2,2118.2,72.0,81.8,84.3,81.5,83.8,779.0,784.0,780.4,783.9,4.86,60.5,11.5,3.0,39.6,0.69,14.1,3.9,LANE_A,20000.0,-22.0,84.2,CRUISE_LOITER,LADAKH,0,1.0
1788420745.0,5158.9,2123.0,72.0,82.0,84.2,81.3,84.0,777.6,782.1,779.7,784.4,4.89,60.6,11.5,3.0,39.6,0.74,14.09,4.0,LANE_A,20000.0,-22.0,84.2,CRUISE_LOITER,LADAKH,0,1.0
1788420745.509,5146.2,2117.8,72.0,82.1,84.3,81.5,83.8,777.0,783.7,779.1,782.1,4.83,60.6,11.3,3.0,39.4,0.71,14.11,4.0,LANE_A,20000.0,-22.0,84.2,CRUISE_LOITER,LADAKH,0,1.0
1788420746.017,5171.5,2128.2,72.0,82.0,84.5,81.5,84.0,777.8,782.8,782.4,784.3,4.87,60.6,11.4,3.0,39.6,0.72,14.12,4.1,LANE_A,20000.0,-22.0,84.1,CRUISE_LOITER,LADAKH,0,1.0
1788420746.524,5154.4,2121.1,72.0,81.7,84.2,81.2,83.6,777.6,782.2,780.5,782.9,4.89,60.6,11.4,3.0,39.4,0.73,14.11,4.1,LANE_A,20000.0,-22.0,84.1,CRUISE_LOITER,LADAKH,0,1.0
1788420747.019,5148.2,2118.6,72.0,81.6,84.5,81.3,83.9,781.1,783.1,781.3,780.1,4.88,60.7,11.4,3.0,39.4,0.7,14.08,4.1,LANE_A,20000.0,-22.0,84.1,CRUISE_LOITER,LADAKH,0,1.0
1788420747.537,5163.1,2124.7,72.0,81.8,84.3,81.3,84.1,777.9,782.0,780.8,784.4,4.9,60.8,11.5,3.0,39.4,0.72,14.15,4.0,LANE_A,20000.0,-22.0,84.0,CRUISE_LOITER,LADAKH,0,1.0
1788420748.048,5161.7,2124.2,72.0,81.7,84.2,81.4,83.8,778.2,782.5,781.2,782.4,4.89,60.9,11.4,3.0,39.5,0.73,14.09,4.0,LANE_A,20000.0,-22.0,84.0,CRUISE_LOITER,LADAKH,0,1.0
1788420748.556,5139.1,2114.9,72.0,81.8,84.2,81.3,83.8,777.8,784.2,778.2,782.6,4.87,60.6,11.5,3.0,39.5,0.73,14.11,4.0,LANE_A,20000.0,-22.0,84.0,CRUISE_LOITER,LADAKH,0,1.0
1788420749.063,5145.6,2117.5,72.0,82.1,84.1,81.4,83.8,778.7,782.6,778.8,782.7,4.83,60.7,11.5,3.0,39.5,0.71,14.08,4.2,LANE_A,20000.0,-22.0,83.9,CRUISE_LOITER,LADAKH,0,1.0
1788420749.572,5152.0,2120.2,72.0,81.8,84.3,81.3,83.8,779.6,782.8,780.4,783.7,4.86,60.7,11.5,3.0,39.3,0.73,14.1,4.0,LANE_A,20000.0,-22.0,83.9,CRUISE_LOITER,LADAKH,0,1.0
1788420750.081,5166.4,2126.1,72.0,81.6,84.4,81.2,83.7,777.9,781.1,780.1,783.5,4.83,60.6,11.6,3.0,39.5,0.73,14.08,4.0,LANE_A,20000.0,-22.0,83.9,CRUISE_LOITER,LADAKH,0,1.0
1788420750.587,5147.3,2118.2,72.0,81.9,84.3,81.2,84.0,777.1,781.6,781.0,782.1,4.86,60.5,11.4,3.0,39.2,0.72,14.11,4.0,LANE_A,20000.0,-22.0,83.9,CRUISE_LOITER,LADAKH,0,1.0
1788420751.092,5151.2,2119.8,72.0,81.9,84.4,80.9,83.8,776.2,782.9,780.9,783.2,4.87,60.8,11.5,3.0,39.5,0.72,14.09,4.1,LANE_A,20000.0,-22.0,83.8,CRUISE_LOITER,LADAKH,0,1.0
1788420751.601,5162.0,2124.3,72.0,81.7,84.2,81.4,83.6,777.7,782.7,780.8,783.3,4.88,60.5,11.3,3.0,39.6,0.74,14.12,3.9,LANE_A,20000.0,-22.0,83.8,CRUISE_LOITER,LADAKH,0,1.0
1788420752.109,5144.6,2117.1,72.0,81.7,83.8,81.2,84.0,776.4,782.6,780.5,782.6,4.85,60.5,11.4,3.0,39.6,0.73,14.07,4.0,LANE_A,20000.0,-22.0,83.8,CRUISE_LOITER,LADAKH,0,1.0
1788420752.618,5144.1,2116.9,72.0,81.7,84.2,81.1,83.8,775.9,781.3,778.6,782.5,4.85,60.7,11.4,3.0,39.5,0.73,14.11,4.1,LANE_A,20000.0,-22.0,83.7,CRUISE_LOITER,LADAKH,0,1.0
1788420753.128,5146.6,2117.9,72.0,81.6,84.1,81.0,83.3,775.9,782.2,779.3,782.9,4.86,60.7,11.5,3.0,39.3,0.72,14.08,4.2,LANE_A,20000.0,-22.0,83.7,CRUISE_LOITER,LADAKH,0,1.0
1788420753.633,5139.2,2114.9,72.0,81.6,84.2,81.2,83.8,777.9,781.4,781.9,782.4,4.84,60.6,11.5,3.0,39.6,0.72,14.13,4.1,LANE_A,20000.0,-22.0,83.7,CRUISE_LOITER,LADAKH,0,1.0
1788420754.142,5150.4,2119.5,72.0,81.7,84.1,81.3,83.8,777.6,783.8,782.3,781.5,4.91,60.8,11.2,3.0,39.3,0.72,14.12,3.9,LANE_A,20000.0,-22.0,83.7,CRUISE_LOITER,LADAKH,0,1.0
1788420754.654,5155.3,2121.5,72.0,81.8,83.9,81.4,83.6,778.5,784.4,778.4,781.9,4.87,60.3,11.5,3.0,39.5,0.75,14.09,4.1,LANE_A,20000.0,-22.0,83.6,CRUISE_LOITER,LADAKH,0,1.0
1788420755.157,5149.5,2119.1,72.0,81.6,84.0,81.1,83.6,776.3,781.6,781.0,781.6,4.92,60.7,11.7,3.0,39.4,0.73,14.08,3.9,LANE_A,20000.0,-22.0,83.6,CRUISE_LOITER,LADAKH,0,1.0
1788420755.665,5163.4,2124.8,72.0,81.7,84.2,80.8,83.7,778.5,782.5,781.3,783.2,4.89,60.4,11.3,3.0,39.5,0.73,14.11,4.2,LANE_A,20000.0,-22.0,83.6,CRUISE_LOITER,LADAKH,0,1.0
1788420756.337,5168.4,2126.9,72.0,81.6,84.0,81.4,83.6,777.1,781.7,779.7,782.1,4.86,60.6,11.3,3.0,39.4,0.72,14.09,3.9,LANE_A,20000.0,-22.0,83.6,CRUISE_LOITER,LADAKH,0,1.0
1788420756.842,5153.0,2120.6,72.0,81.6,84.1,81.3,83.7,777.3,783.5,779.5,781.8,4.86,60.3,11.4,3.0,39.4,0.72,14.08,4.0,LANE_A,20000.0,-22.0,83.5,CRUISE_LOITER,LADAKH,0,1.0
1788420757.351,5166.8,2126.2,72.0,81.7,84.0,81.0,83.7,776.4,785.5,779.8,782.3,4.86,60.4,11.4,3.0,39.4,0.74,14.12,4.3,LANE_A,20000.0,-22.0,83.5,CRUISE_LOITER,LADAKH,0,1.0
1788420757.862,5150.7,2119.6,72.0,81.6,83.7,81.0,83.9,777.3,782.5,779.2,783.5,4.82,60.4,11.4,3.0,39.1,0.69,14.09,4.2,LANE_A,20000.0,-22.0,83.5,CRUISE_LOITER,LADAKH,0,1.0
1788420758.368,5156.6,2122.1,72.0,81.6,84.4,80.9,83.5,776.7,781.9,777.5,783.5,4.82,60.6,11.4,3.0,39.4,0.74,14.08,4.0,LANE_A,20000.0,-22.0,83.5,CRUISE_LOITER,LADAKH,0,1.0
1788420758.88,5152.7,2120.5,72.0,81.5,83.9,81.1,83.5,777.2,782.5,779.7,780.6,4.9,60.3,11.4,3.0,39.4,0.71,14.07,4.1,LANE_A,20000.0,-22.0,83.5,CRUISE_LOITER,LADAKH,0,1.0
1788420759.376,5139.3,2114.9,72.0,81.6,83.9,81.3,83.8,779.8,783.6,781.5,782.1,4.89,60.6,11.4,3.0,39.4,0.72,14.1,3.9,LANE_A,20000.0,-22.0,83.4,CRUISE_LOITER,LADAKH,0,1.0
1788420759.893,5136.4,2113.8,72.0,81.5,84.1,80.7,83.4,777.4,783.3,780.2,783.2,4.86,60.4,11.5,3.0,39.3,0.72,14.12,3.9,LANE_A,20000.0,-22.0,83.4,CRUISE_LOITER,LADAKH,0,1.0
1788420760.401,5136.5,2113.8,72.0,82.0,84.2,81.2,83.6,776.8,781.1,779.0,782.3,4.87,60.5,11.3,3.0,39.3,0.71,14.07,4.1,LANE_A,20000.0,-22.0,83.4,CRUISE_LOITER,LADAKH,0,1.0
1788420760.909,5138.9,2114.8,72.0,81.2,83.9,81.2,83.3,778.6,783.5,780.7,784.2,4.85,60.4,11.3,3.0,39.5,0.7,14.1,4.0,LANE_A,20000.0,-22.0,83.4,CRUISE_LOITER,LADAKH,0,1.0
1788420761.414,5125.3,2109.2,72.0,81.3,84.1,81.3,83.4,776.8,782.3,780.3,783.7,4.85,60.5,11.4,3.0,39.4,0.72,14.1,4.0,LANE_A,20000.0,-22.0,83.4,CRUISE_LOITER,LADAKH,0,1.0
1788420761.923,5138.4,2114.6,72.0,81.3,83.8,81.0,83.3,778.6,785.6,777.8,781.2,4.88,60.5,11.4,3.0,39.1,0.72,14.07,4.0,LANE_A,20000.0,-22.0,83.3,CRUISE_LOITER,LADAKH,0,1.0
1788420762.419,5145.5,2117.5,72.0,81.7,84.1,81.2,83.7,778.6,783.7,779.7,783.2,4.9,60.5,11.6,3.0,39.5,0.72,14.12,4.0,LANE_A,20000.0,-22.0,83.3,CRUISE_LOITER,LADAKH,0,1.0
1788420762.936,5150.0,2119.3,72.0,81.6,83.9,80.7,83.6,777.2,781.2,782.0,783.1,4.86,60.4,11.3,3.0,39.2,0.72,14.08,4.0,LANE_A,20000.0,-22.0,83.3,CRUISE_LOITER,LADAKH,0,1.0
1788420763.449,5125.2,2109.1,72.0,81.5,83.8,81.2,83.3,779.9,782.2,778.6,782.6,4.9,60.4,11.3,3.0,39.2,0.72,14.11,3.9,LANE_A,20000.0,-22.0,83.3,CRUISE_LOITER,LADAKH,0,1.0
1788420763.958,5165.1,2125.6,72.0,81.5,83.8,80.9,83.5,779.6,781.8,779.3,782.5,4.82,60.1,11.5,3.0,38.9,0.73,14.12,4.1,LANE_A,20000.0,-22.0,83.3,CRUISE_LOITER,LADAKH,0,1.0
1788420764.466,5142.9,2116.4,72.0,81.3,84.2,80.8,84.0,778.8,782.7,780.8,781.4,4.79,60.2,11.3,3.0,39.3,0.73,14.07,3.9,LANE_A,20000.0,-22.0,83.3,CRUISE_LOITER,LADAKH,0,1.0
1788420764.977,5115.4,2105.1,72.0,81.1,84.1,81.5,83.4,779.6,784.1,778.7,782.9,4.88,60.3,11.4,3.0,39.2,0.7,14.14,4.1,LANE_A,20000.0,-22.0,83.2,CRUISE_LOITER,LADAKH,0,1.0
1788420765.483,5128.9,2110.6,72.0,81.4,83.9,80.8,83.2,777.5,782.5,779.4,782.5,4.89,60.3,11.4,3.0,39.3,0.71,14.06,4.1,LANE_A,20000.0,-22.0,83.2,CRUISE_LOITER,LADAKH,0,1.0
1788420765.991,5146.1,2117.7,72.0,81.5,83.9,80.7,83.4,777.4,783.1,780.5,783.3,4.84,60.4,11.3,3.0,39.4,0.73,14.1,4.0,LANE_A,20000.0,-22.0,83.2,CRUISE_LOITER,LADAKH,0,1.0
1788420766.489,5124.7,2108.9,72.0,81.5,84.0,81.2,83.4,778.7,782.3,782.0,783.0,4.89,60.4,11.3,3.0,39.3,0.7,14.09,4.0,LANE_A,20000.0,-22.0,83.2,CRUISE_LOITER,LADAKH,0,1.0
1788420767.006,5166.4,2126.1,72.0,81.7,84.0,81.1,83.7,776.5,781.0,780.4,784.7,4.87,60.3,11.4,3.0,39.2,0.72,14.05,3.8,LANE_A,20000.0,-22.0,83.2,CRUISE_LOITER,LADAKH,0,1.0
1788420767.514,5130.3,2111.2,72.0,81.3,83.6,81.2,83.3,778.5,783.0,779.2,781.7,4.88,60.2,11.4,3.0,39.4,0.69,14.1,3.8,LANE_A,20000.0,-22.0,83.2,CRUISE_LOITER,LADAKH,0,1.0
1788420768.024,5145.3,2117.4,72.0,81.0,83.9,81.0,83.5,776.8,782.8,781.2,785.7,4.88,60.5,11.2,3.0,39.4,0.69,14.08,4.0,LANE_A,20000.0,-22.0,83.2,CRUISE_LOITER,LADAKH,0,1.0
1788420768.525,5137.2,2114.1,72.0,81.6,83.5,80.8,83.3,777.8,785.3,779.3,782.5,4.91,60.2,11.3,3.0,39.3,0.76,14.11,4.2,LANE_A,20000.0,-22.0,83.1,CRUISE_LOITER,LADAKH,0,1.0
1788420769.041,5134.9,2113.1,72.0,81.3,84.0,80.9,83.5,778.7,782.1,781.0,783.2,4.87,60.0,11.3,3.0,39.0,0.72,14.07,4.0,LANE_A,20000.0,-22.0,83.1,CRUISE_LOITER,LADAKH,0,1.0
1788420769.549,5135.3,2113.3,72.0,81.0,84.0,81.1,83.5,779.5,783.6,778.6,784.0,4.81,60.1,11.4,3.0,39.4,0.73,14.12,4.0,LANE_A,20000.0,-22.0,83.1,CRUISE_LOITER,LADAKH,0,1.0
1788420770.056,5137.9,2114.4,72.0,81.3,84.2,80.8,83.7,776.5,783.0,778.8,783.4,4.87,59.8,11.4,3.0,39.4,0.71,14.13,4.1,LANE_A,20000.0,-22.0,83.1,CRUISE_LOITER,LADAKH,0,1.0
1788420770.564,5144.2,2117.0,72.0,81.5,83.9,80.8,83.2,778.1,781.1,780.6,786.9,4.84,60.2,11.3,3.0,39.2,0.71,14.1,4.2,LANE_A,20000.0,-22.0,83.1,CRUISE_LOITER,LADAKH,0,1.0
1788420771.075,5143.5,2116.7,72.0,81.1,84.0,80.8,83.4,778.4,783.9,781.6,785.6,4.85,60.0,11.3,3.0,39.1,0.71,14.08,4.0,LANE_A,20000.0,-22.0,83.1,CRUISE_LOITER,LADAKH,0,1.0
1788420771.582,5164.1,2125.1,72.0,81.0,83.8,80.8,83.4,777.3,785.2,781.9,782.4,4.85,60.5,11.3,3.0,39.2,0.71,14.11,4.0,LANE_A,20000.0,-22.0,83.1,CRUISE_LOITER,LADAKH,0,1.0
1788420772.086,5143.4,2116.6,72.0,81.2,83.8,81.1,83.1,778.5,782.0,779.6,782.6,4.83,60.1,11.3,3.0,39.3,0.72,14.14,4.2,LANE_A,20000.0,-22.0,83.1,CRUISE_LOITER,LADAKH,0,1.0
1788420772.594,5137.7,2114.3,72.0,81.2,84.1,80.5,83.1,779.4,781.7,780.5,781.4,4.84,60.3,11.4,3.0,39.1,0.73,14.11,4.0,LANE_A,20000.0,-22.0,83.1,CRUISE_LOITER,LADAKH,0,1.0
1788420773.096,5124.5,2108.8,72.0,81.4,83.8,80.7,83.2,777.5,781.4,779.6,783.9,4.86,59.9,11.5,3.0,39.1,0.7,14.08,3.9,LANE_A,20000.0,-22.0,83.1,CRUISE_LOITER,LADAKH,0,1.0
1788420773.611,5136.8,2113.9,72.0,81.2,83.6,80.9,83.2,779.3,782.5,778.2,782.6,4.9,60.1,11.4,3.0,39.3,0.72,14.06,3.9,LANE_A,20000.0,-22.0,83.1,CRUISE_LOITER,LADAKH,0,1.0
1788420774.12,5128.8,2110.6,72.0,81.0,83.7,80.7,83.4,778.7,782.8,779.8,782.6,4.89,60.2,11.3,3.0,39.0,0.7,14.07,4.0,LANE_A,20000.0,-22.0,83.0,CRUISE_LOITER,LADAKH,0,1.0
1788420774.616,5144.3,2117.0,72.0,81.0,83.7,80.5,83.1,778.0,783.5,779.4,780.8,4.85,59.9,11.4,3.0,39.1,0.7,14.13,4.1,LANE_A,20000.0,-22.0,83.0,CRUISE_LOITER,LADAKH,0,1.0
1788420775.135,5127.4,2110.1,72.0,81.1,84.0,80.6,83.4,777.8,784.1,779.6,782.3,4.86,59.9,11.3,3.0,39.0,0.74,14.09,4.1,LANE_A,20000.0,-22.0,83.0,CRUISE_LOITER,LADAKH,0,1.0
1788420775.628,5146.3,2117.8,72.0,81.5,83.7,80.7,83.1,778.6,782.7,780.3,784.5,4.83,59.9,11.2,3.0,39.1,0.72,14.11,4.1,LANE_A,20000.0,-22.0,83.0,CRUISE_LOITER,LADAKH,0,1.0
1788420776.34,5130.2,2111.2,72.0,81.4,83.6,80.7,82.9,778.7,783.1,779.6,782.1,4.89,60.0,11.4,3.0,39.0,0.72,14.09,4.0,LANE_A,20000.0,-22.0,83.0,CRUISE_LOITER,LADAKH,0,1.0
1788420776.848,5123.4,2108.4,72.0,81.1,83.7,80.5,83.1,777.8,782.1,782.0,784.3,4.83,60.2,11.2,3.0,39.0,0.73,14.07,4.1,LANE_A,20000.0,-22.0,83.0,CRUISE_LOITER,LADAKH,0,1.0
1788420777.36,5129.4,2110.9,72.0,80.9,83.6,80.8,83.0,780.1,782.2,780.2,781.3,4.82,60.0,11.4,3.0,39.0,0.7,14.13,4.0,LANE_A,20000.0,-22.0,83.0,CRUISE_LOITER,LADAKH,0,1.0
1788420777.869,5149.6,2119.2,72.0,81.0,83.9,80.5,83.0,776.8,782.6,778.7,784.1,4.87,60.3,11.3,3.0,39.2,0.72,14.11,4.0,LANE_A,20000.0,-22.0,83.0,CRUISE_LOITER,LADAKH,0,1.0
1788420778.375,5124.7,2108.9,72.0,81.1,83.7,80.7,83.3,779.6,783.4,779.5,783.3,4.83,59.9,11.3,3.0,39.2,0.72,14.09,4.1,LANE_A,20000.0,-22.0,83.0,CRUISE_LOITER,LADAKH,0,1.0
1788420778.881,5141.7,2115.9,72.0,81.2,83.8,80.5,83.1,778.0,784.3,780.0,782.0,4.89,59.9,11.2,2.9,39.2,0.73,14.11,4.1,LANE_A,20000.0,-22.0,83.0,CRUISE_LOITER,LADAKH,0,1.0
1788420779.388,5138.5,2114.6,72.0,81.2,83.7,81.0,83.4,777.8,784.1,781.0,781.7,4.85,60.0,11.3,3.0,39.2,0.72,14.08,4.0,LANE_A,20000.0,-22.0,83.0,CRUISE_LOITER,LADAKH,0,1.0
1788420779.899,5144.3,2117.0,72.0,81.0,84.2,80.6,83.3,777.8,783.0,777.7,782.7,4.83,59.9,11.1,3.0,39.0,0.73,14.07,3.9,LANE_A,20000.0,-22.0,83.0,CRUISE_LOITER,LADAKH,0,1.0
1788420780.409,5131.6,2111.8,72.0,81.2,83.4,80.6,83.3,778.2,784.3,780.4,781.3,4.86,59.9,11.3,3.0,39.2,0.7,14.08,4.0,LANE_A,20000.0,-22.0,83.0,CRUISE_LOITER,LADAKH,0,1.0
1788420780.919,5117.6,2106.0,72.0,81.0,83.4,80.5,83.2,779.3,782.9,779.0,782.0,4.89,59.8,11.4,3.0,39.0,0.73,14.11,4.1,LANE_A,20000.0,-22.0,83.0,CRUISE_LOITER,LADAKH,0,1.0
1788420781.427,5119.8,2106.9,72.0,81.3,83.3,80.7,82.9,776.8,783.2,779.2,783.6,4.83,59.9,11.3,3.0,39.1,0.7,14.11,4.1,LANE_A,20000.0,-22.0,83.0,CRUISE_LOITER,LADAKH,0,1.0
1788420781.936,5156.0,2121.8,72.0,81.0,83.3,80.6,83.0,778.3,784.8,779.5,782.8,4.91,59.8,11.3,3.0,39.1,0.73,14.09,4.1,LANE_A,20000.0,-22.0,83.0,CRUISE_LOITER,LADAKH,0,1.0
1788420782.444,5148.4,2118.7,72.0,80.8,83.5,80.4,83.1,778.6,783.0,781.5,782.4,4.86,60.2,11.3,3.0,39.0,0.7,14.06,4.1,LANE_A,20000.0,-22.0,83.0,CRUISE_LOITER,LADAKH,0,1.0
1788420782.953,5139.9,2115.2,72.0,81.1,83.6,80.5,83.0,777.4,782.3,781.3,785.3,4.81,59.7,11.4,3.0,39.2,0.72,14.12,4.0,LANE_A,20000.0,-22.0,83.0,CRUISE_LOITER,LADAKH,0,1.0
1788420783.463,5135.4,2113.3,72.0,81.0,83.2,81.0,82.6,778.5,781.7,778.9,782.0,4.84,60.0,11.3,3.0,38.9,0.7,14.07,3.9,LANE_A,20000.0,-22.0,83.0,CRUISE_LOITER,LADAKH,0,1.0
1788420783.97,5139.4,2115.0,72.0,81.2,83.0,80.2,82.7,778.0,782.6,780.1,785.5,4.83,59.9,11.2,3.0,39.0,0.73,14.1,3.8,LANE_A,20000.0,-22.0,83.0,CRUISE_LOITER,LADAKH,0,1.0
1788420784.468,5130.2,2111.2,72.0,81.0,83.7,80.4,82.9,777.8,781.0,778.1,783.9,4.84,59.6,11.5,3.0,39.0,0.7,14.11,4.1,LANE_A,20000.0,-22.0,83.0,CRUISE_LOITER,LADAKH,0,1.0
1788420784.987,5142.5,2116.3,72.0,81.0,83.4,80.2,82.9,780.2,781.3,782.1,784.7,4.83,60.1,11.4,3.0,39.0,0.71,14.08,3.9,LANE_A,20000.0,-22.0,83.0,CRUISE_LOITER,LADAKH,0,1.0
1788420785.497,5147.3,2118.2,72.0,81.3,83.9,80.5,82.8,776.6,782.0,780.2,782.0,4.89,60.1,11.3,3.0,39.1,0.73,14.12,4.1,LANE_A,20000.0,-22.0,83.0,CRUISE_LOITER,LADAKH,0,1.0
1788420786.003,5144.6,2117.1,72.0,81.0,83.5,80.3,82.9,778.8,784.7,779.6,783.8,4.9,60.0,11.3,3.0,39.0,0.72,14.15,4.0,LANE_A,20000.0,-22.0,83.0,CRUISE_LOITER,LADAKH,0,1.0
1788420786.51,5138.2,2114.5,72.0,80.8,83.3,80.5,83.0,780.2,782.4,781.2,783.4,4.86,59.9,11.3,3.0,39.2,0.71,14.11,4.0,LANE_A,20000.0,-22.0,83.0,CRUISE_LOITER,LADAKH,0,1.0
1788420787.016,5130.7,2111.4,72.0,81.2,83.3,80.6,83.0,779.2,784.6,780.0,782.5,4.81,59.7,11.2,3.0,38.9,0.73,14.1,4.0,LANE_A,20000.0,-22.0,83.0,CRUISE_LOITER,LADAKH,0,1.0
1788420787.517,5132.6,2112.2,72.0,80.8,83.3,80.6,83.0,777.6,783.0,780.2,783.8,4.83,59.8,11.3,3.0,38.9,0.71,14.11,4.0,LANE_A,20000.0,-22.0,83.0,CRUISE_LOITER,LADAKH,0,1.0
1788420788.036,5113.8,2104.5,72.0,80.7,83.4,80.6,82.8,781.1,781.0,780.0,784.9,4.83,59.8,11.4,3.0,39.0,0.7,14.11,4.0,LANE_A,20000.0,-22.0,83.0,CRUISE_LOITER,LADAKH,0,1.0
1788420788.545,5132.6,2112.2,72.0,80.9,83.7,80.5,83.0,779.6,783.0,780.9,783.9,4.85,60.0,11.1,3.0,39.0,0.73,14.12,4.2,LANE_A,20000.0,-22.0,83.1,CRUISE_LOITER,LADAKH,0,1.0
1788420789.052,5139.1,2114.9,72.0,80.8,83.3,80.4,82.7,781.2,784.0,778.8,784.4,4.87,59.7,11.2,3.0,39.0,0.72,14.07,3.9,LANE_A,20000.0,-22.0,83.1,CRUISE_LOITER,LADAKH,0,1.0
1788420789.562,5141.8,2116.0,72.0,80.9,83.3,80.1,82.7,779.0,784.2,779.2,783.5,4.84,59.9,11.3,3.0,39.0,0.74,14.08,4.0,LANE_A,20000.0,-22.0,83.1,CRUISE_LOITER,LADAKH,0,1.0
1788420790.06,5152.7,2120.5,72.0,81.0,83.1,80.4,82.8,778.3,784.4,779.7,782.7,4.86,59.9,11.2,3.0,39.2,0.7,14.09,3.8,LANE_A,20000.0,-22.0,83.1,CRUISE_LOITER,LADAKH,0,1.0
1788420790.568,5127.5,2110.1,72.0,80.8,83.3,80.3,82.4,779.0,783.9,780.4,784.9,4.88,59.6,11.4,3.0,38.9,0.74,14.15,4.0,LANE_A,20000.0,-22.0,83.1,CRUISE_LOITER,LADAKH,0,1.0
1788420791.081,5123.6,2108.5,72.0,80.5,83.5,80.5,83.1,776.3,785.1,781.5,784.0,4.92,59.7,11.2,3.0,39.0,0.75,14.11,4.2,LANE_A,20000.0,-22.0,83.1,CRUISE_LOITER,LADAKH,0,1.0
1788420791.59,5135.5,2113.4,72.0,80.7,83.4,80.0,82.9,779.0,785.6,779.7,782.5,4.88,59.5,11.4,3.0,39.0,0.71,14.08,3.9,LANE_A,20000.0,-22.0,83.1,CRUISE_LOITER,LADAKH,0,1.0
1788420792.098,5112.4,2103.8,72.0,80.7,83.2,80.5,82.5,777.3,781.9,780.9,782.0,4.8,59.6,11.3,3.0,39.0,0.72,14.09,3.9,LANE_A,20000.0,-22.0,83.1,CRUISE_LOITER,LADAKH,0,1.0
1788420792.603,5123.7,2108.5,72.0,80.6,83.0,80.3,82.8,776.4,783.7,780.9,783.1,4.88,59.6,11.2,3.0,39.1,0.72,14.09,3.9,LANE_A,20000.0,-22.0,83.1,CRUISE_LOITER,LADAKH,0,1.0
1788420793.101,5140.9,2115.6,72.0,81.0,83.1,80.1,83.0,778.8,781.8,779.6,783.8,4.84,59.7,11.2,3.0,39.3,0.72,14.13,3.9,LANE_A,20000.0,-22.0,83.1,CRUISE_LOITER,LADAKH,0,1.0
1788420793.618,5121.9,2107.8,72.0,81.0,83.2,80.3,82.7,781.1,785.7,780.5,782.4,4.84,59.9,11.3,3.0,39.0,0.72,14.12,4.0,LANE_A,20000.0,-22.0,83.2,CRUISE_LOITER,LADAKH,0,1.0
1788420794.129,5143.9,2116.8,72.0,80.5,83.3,80.3,82.8,777.8,784.0,780.4,784.1,4.87,59.5,11.1,3.0,38.9,0.73,14.11,4.2,LANE_A,20000.0,-22.0,83.2,CRUISE_LOITER,LADAKH,0,1.0
1788420794.641,5126.0,2109.5,72.0,80.2,83.3,80.1,82.7,776.8,781.8,779.2,785.2,4.86,59.6,11.3,3.0,39.0,0.73,14.09,3.9,LANE_A,20000.0,-22.0,83.2,CRUISE_LOITER,LADAKH,0,1.0
1788420795.146,5143.5,2116.7,72.0,80.6,82.9,80.2,82.8,778.7,782.5,780.7,784.3,4.82,59.5,11.2,3.0,39.0,0.7,14.1,4.0,LANE_A,20000.0,-22.0,83.2,CRUISE_LOITER,LADAKH,0,1.0
1788420795.655,5134.9,2113.1,72.0,80.9,82.8,80.2,83.0,779.4,782.5,780.8,782.4,4.85,59.9,11.2,3.0,39.0,0.74,14.11,4.0,LANE_A,20000.0,-22.0,83.2,CRUISE_LOITER,LADAKH,0,1.0
1788420796.37,5128.2,2110.4,72.0,81.0,83.0,80.0,82.8,780.5,781.0,782.2,783.6,4.83,59.6,11.4,3.0,39.1,0.7,14.12,3.9,LANE_A,20000.0,-22.0,83.2,CRUISE_LOITER,LADAKH,0,1.0
1788420796.878,5101.5,2099.4,72.0,80.7,83.5,79.9,82.7,780.9,784.7,779.7,781.1,4.91,59.8,11.3,3.0,38.8,0.71,14.11,4.0,LANE_A,20000.0,-22.0,83.2,CRUISE_LOITER,LADAKH,0,1.0
1788420797.386,5117.6,2106.0,72.0,80.4,83.1,80.5,82.6,779.5,782.7,783.1,784.9,4.9,59.7,11.1,3.0,38.8,0.73,14.15,3.9,LANE_A,20000.0,-22.0,83.3,CRUISE_LOITER,LADAKH,0,1.0
1788420797.896,5118.5,2106.4,72.0,80.6,82.9,80.2,82.5,778.4,783.9,782.7,782.0,4.89,59.5,11.2,3.0,39.0,0.72,14.08,4.0,LANE_A,20000.0,-22.0,83.3,CRUISE_LOITER,LADAKH,0,1.0
1788420798.403,5108.3,2102.2,72.0,80.6,83.2,79.9,82.6,776.7,783.8,782.5,781.1,4.87,59.7,11.2,3.0,39.0,0.7,14.1,4.0,LANE_A,20000.0,-22.0,83.3,CRUISE_LOITER,LADAKH,0,1.0
1788420798.911,5130.7,2111.4,72.0,80.7,83.1,80.2,82.0,777.4,781.0,781.0,780.3,4.84,59.6,11.3,3.0,38.8,0.71,14.1,4.1,LANE_A,20000.0,-22.0,83.3,CRUISE_LOITER,LADAKH,0,1.0
1788420799.417,5136.8,2113.9,72.0,80.6,82.7,80.2,82.5,779.2,782.9,781.0,786.2,4.84,59.8,11.1,3.0,38.8,0.74,14.13,3.9,LANE_A,20000.0,-22.0,83.3,CRUISE_LOITER,LADAKH,0,1.0
1788420799.927,5121.7,2107.7,72.0,80.5,83.2,80.2,82.5,778.0,783.7,780.0,784.9,4.87,59.5,11.3,3.0,38.8,0.72,14.07,4.1,LANE_A,20000.0,-22.0,83.3,CRUISE_LOITER,LADAKH,0,1.0
1788420800.437,5119.4,2106.7,72.0,80.2,83.1,79.7,82.6,781.8,783.4,780.8,781.5,4.89,59.3,11.3,3.0,38.7,0.73,14.08,4.1,LANE_A,20000.0,-22.0,83.4,CRUISE_LOITER,LADAKH,0,1.0
1788420800.944,5126.9,2109.8,72.0,80.3,83.3,80.1,82.8,776.1,783.6,781.6,784.0,4.85,59.3,11.2,3.0,38.9,0.7,14.1,3.8,LANE_A,20000.0,-22.0,83.4,CRUISE_LOITER,LADAKH,0,1.0
1788420801.448,5123.0,2108.2,72.0,80.8,83.3,80.0,82.4,779.7,785.0,779.8,781.5,4.89,59.5,11.2,3.0,38.8,0.72,14.12,4.0,LANE_A,20000.0,-22.0,83.4,CRUISE_LOITER,LADAKH,0,1.0
1788420801.956,5122.0,2107.8,72.0,80.1,83.1,80.2,82.6,777.1,783.3,779.7,785.5,4.9,59.2,11.2,3.0,38.9,0.71,14.09,4.1,LANE_A,20000.0,-22.0,83.4,CRUISE_LOITER,LADAKH,0,1.0
1788420802.465,5137.6,2114.2,72.0,80.3,83.0,80.1,82.5,780.2,784.3,782.2,783.6,4.88,59.1,11.3,3.0,38.9,0.71,14.09,4.2,LANE_A,20000.0,-22.0,83.4,CRUISE_LOITER,LADAKH,0,1.0
1788420802.975,5143.5,2116.7,72.0,80.5,83.0,79.6,82.6,781.3,782.5,780.0,783.4,4.93,59.3,11.2,3.0,38.8,0.71,14.11,3.9,LANE_A,20000.0,-22.0,83.5,CRUISE_LOITER,LADAKH,0,1.0
1788420803.483,5119.2,2106.7,72.0,80.6,82.9,80.0,82.7,777.6,783.6,781.4,782.5,4.89,59.5,11.1,3.0,38.9,0.71,14.08,4.1,LANE_A,20000.0,-22.0,83.5,CRUISE_LOITER,LADAKH,0,1.0
1788420803.983,5126.6,2109.7,72.0,80.3,83.1,80.0,82.5,776.0,782.6,782.8,782.9,4.84,59.4,11.2,3.0,39.0,0.72,14.1,4.0,LANE_A,20000.0,-22.0,83.5,CRUISE_LOITER,LADAKH,0,1.0
1788420804.502,5118.8,2106.5,72.0,80.8,82.7,79.8,82.5,779.3,783.7,780.3,785.6,4.84,59.2,11.0,3.0,38.9,0.71,14.11,4.2,LANE_A,20000.0,-22.0,83.5,CRUISE_LOITER,LADAKH,0,1.0
1788420805.006,5137.1,2114.0,72.0,80.7,83.4,79.7,82.3,779.3,784.6,779.3,782.0,4.88,59.3,11.2,3.1,39.0,0.7,14.06,3.9,LANE_A,20000.0,-22.0,83.5,CRUISE_LOITER,LADAKH,0,1.0
1788420805.515,5136.1,2113.6,72.0,80.3,83.0,79.9,82.3,776.9,784.9,779.8,783.5,4.85,59.4,11.2,3.0,38.9,0.68,14.08,3.9,LANE_A,20000.0,-22.0,83.6,CRUISE_LOITER,LADAKH,0,1.0
1788420806.013,5099.4,2098.5,72.0,80.5,82.5,80.0,82.5,779.3,783.9,779.5,784.9,4.87,59.6,11.3,3.0,39.0,0.7,14.07,3.9,LANE_A,20000.0,-22.0,83.6,CRUISE_LOITER,LADAKH,0,1.0
1788420806.53,5117.5,2106.0,72.0,80.3,82.9,79.5,82.6,779.0,782.5,782.7,781.6,4.86,59.4,11.2,3.0,38.8,0.72,14.09,3.8,LANE_A,20000.0,-22.0,83.6,CRUISE_LOITER,LADAKH,0,1.0
1788420807.038,5120.9,2107.4,72.0,80.2,82.5,79.5,82.5,777.8,783.2,777.5,784.2,4.82,59.4,11.2,3.0,38.7,0.72,14.15,4.0,LANE_A,20000.0,-22.0,83.6,CRUISE_LOITER,LADAKH,0,1.0
1788420807.545,5128.7,2110.6,72.0,80.5,82.6,79.5,82.2,778.5,783.1,781.2,784.0,4.85,59.3,11.3,3.0,38.8,0.71,14.09,4.0,LANE_A,20000.0,-22.0,83.7,CRUISE_LOITER,LADAKH,0,1.0
1788420808.051,5123.4,2108.4,72.0,79.9,83.0,79.7,82.2,776.2,784.0,780.9,784.2,4.93,59.4,11.2,3.0,39.0,0.69,14.1,4.0,LANE_A,20000.0,-22.0,83.7,CRUISE_LOITER,LADAKH,0,1.0
1788420808.56,5128.0,2110.3,72.0,80.7,82.7,79.8,82.3,777.0,785.0,781.3,784.2,4.85,59.3,11.3,3.0,38.8,0.71,14.08,4.0,LANE_A,20000.0,-22.0,83.7,CRUISE_LOITER,LADAKH,0,1.0
1788420809.064,5136.5,2113.8,72.0,80.2,83.0,79.4,82.2,779.8,781.4,778.6,784.2,4.88,59.3,11.2,3.0,39.0,0.7,14.1,4.0,LANE_A,20000.0,-22.0,83.7,CRUISE_LOITER,LADAKH,0,1.0
1788420809.572,5105.4,2101.0,72.0,80.3,82.7,79.6,82.1,778.5,784.9,779.9,782.1,4.85,59.4,11.1,3.0,38.8,0.73,14.11,4.1,LANE_A,20000.0,-22.0,83.8,CRUISE_LOITER,LADAKH,0,1.0
1788420810.08,5137.1,2114.0,72.0,80.4,82.7,79.5,82.3,777.9,784.7,780.6,782.1,4.85,59.5,11.2,3.0,38.8,0.69,14.11,3.9,LANE_A,20000.0,-22.0,83.8,CRUISE_LOITER,LADAKH,0,1.0
1788420810.586,5122.1,2107.9,72.0,79.9,82.7,79.7,82.1,778.2,783.5,780.3,785.5,4.86,59.0,11.2,3.0,38.9,0.71,14.1,3.9,LANE_A,20000.0,-22.0,83.8,CRUISE_LOITER,LADAKH,0,1.0
1788420811.095,5106.2,2101.3,72.0,80.6,82.5,79.8,82.2,777.1,783.6,781.1,784.0,4.89,59.0,11.3,3.0,39.1,0.72,14.08,4.1,LANE_A,20000.0,-22.0,83.8,CRUISE_LOITER,LADAKH,0,1.0
1788420811.606,5119.3,2106.7,72.0,80.4,82.8,80.0,82.3,779.6,785.4,779.9,782.5,4.87,59.2,11.1,3.0,38.7,0.71,14.08,4.0,LANE_A,20000.0,-22.0,83.9,CRUISE_LOITER,LADAKH,0,1.0
1788420812.113,5114.6,2104.8,72.0,79.9,82.5,79.6,82.4,781.8,783.4,782.5,784.3,4.88,59.0,11.3,3.0,38.8,0.73,14.08,4.0,LANE_A,20000.0,-22.0,83.9,CRUISE_LOITER,LADAKH,0,1.0
1788420812.618,5102.7,2099.9,72.0,80.3,82.6,79.3,82.2,778.4,783.4,780.6,784.1,4.87,59.2,11.0,3.0,38.7,0.69,14.11,4.0,LANE_A,20000.0,-22.0,83.9,CRUISE_LOITER,LADAKH,0,1.0
1788420813.127,5142.7,2116.3,72.0,80.0,82.7,79.8,82.0,777.6,783.5,780.5,783.2,4.88,59.1,11.2,3.0,38.8,0.73,14.09,4.0,LANE_A,20000.0,-22.0,84.0,CRUISE_LOITER,LADAKH,0,1.0
1788420813.635,5117.3,2105.9,72.0,80.0,82.5,79.8,82.1,779.1,782.5,778.6,784.5,4.82,59.1,11.2,3.0,39.0,0.7,14.1,3.9,LANE_A,20000.0,-22.0,84.0,CRUISE_LOITER,LADAKH,0,1.0
1788420814.145,5112.8,2104.1,72.0,80.2,82.6,79.7,82.4,778.7,783.3,780.7,782.7,4.92,59.2,11.1,3.0,38.8,0.71,14.12,4.0,LANE_A,20000.0,-22.0,84.0,CRUISE_LOITER,LADAKH,0,1.0
1788420814.654,5107.3,2101.8,72.0,80.0,83.0,79.6,82.5,779.6,784.0,784.2,782.3,4.83,59.1,11.2,3.0,38.7,0.72,14.11,4.1,LANE_A,20000.0,-22.0,84.0,CRUISE_LOITER,LADAKH,0,1.0
1788420815.163,5117.3,2105.9,72.0,80.2,82.3,79.2,81.9,779.9,783.8,780.5,785.5,4.9,59.2,11.2,3.0,38.9,0.7,14.11,4.1,LANE_A,20000.0,-22.0,84.1,CRUISE_LOITER,LADAKH,0,1.0
1788420815.669,5124.5,2108.8,72.0,80.0,82.5,79.8,82.2,778.4,784.7,781.3,785.7,4.86,59.1,11.1,3.0,38.8,0.72,14.09,4.0,LANE_A,20000.0,-22.0,84.1,CRUISE_LOITER,LADAKH,0,1.0
1788420816.394,5122.4,2108.0,72.0,80.2,82.8,79.8,82.4,780.4,783.6,779.8,784.3,4.89,59.0,11.1,3.0,38.7,0.73,14.1,4.0,LANE_A,20000.0,-22.0,84.1,CRUISE_LOITER,LADAKH,0,1.0
1788420816.903,5110.5,2103.1,72.0,80.0,82.8,79.4,82.1,778.9,782.6,780.7,783.4,4.84,59.3,11.1,3.0,38.7,0.7,14.08,4.2,LANE_A,20000.0,-22.0,84.2,CRUISE_LOITER,LADAKH,0,1.0
1788420817.409,5110.9,2103.2,72.0,80.0,82.3,79.7,82.4,777.2,783.9,780.0,783.6,4.89,58.9,11.1,3.0,38.7,0.71,14.13,4.0,LANE_A,20000.0,-22.0,84.2,CRUISE_LOITER,LADAKH,0,1.0
1788420817.915,5114.8,2104.9,72.0,80.2,82.5,79.3,82.1,779.1,784.9,779.5,782.5,4.91,58.9,11.1,3.0,38.7,0.72,14.1,4.1,LANE_A,20000.0,-22.0,84.2,CRUISE_LOITER,LADAKH,0,1.0
1788420818.423,5102.1,2099.6,72.0,79.8,82.2,79.3,81.7,778.1,786.2,781.1,784.5,4.86,58.8,11.2,3.0,38.6,0.69,14.07,4.0,LANE_A,20000.0,-22.0,84.3,CRUISE_LOITER,LADAKH,0,1.0
1788420818.932,5109.7,2102.8,72.0,79.7,82.6,79.7,81.9,778.9,784.4,780.5,783.1,4.85,58.9,11.1,3.0,38.8,0.73,14.08,4.0,LANE_A,20000.0,-22.0,84.3,CRUISE_LOITER,LADAKH,0,1.0
1788420819.437,5091.6,2095.3,72.0,79.9,82.7,79.2,82.1,778.9,785.8,779.4,785.0,4.84,59.0,11.3,3.0,38.6,0.73,14.12,4.0,LANE_A,20000.0,-22.0,84.3,CRUISE_LOITER,LADAKH,0,1.0
1788420819.947,5104.7,2100.7,72.0,80.0,82.6,79.3,82.0,779.6,782.1,781.2,783.7,4.89,59.0,11.1,3.0,38.9,0.71,14.1,4.2,LANE_A,20000.0,-22.0,84.4,CRUISE_LOITER,LADAKH,0,1.0
1788420820.441,5132.0,2111.9,72.0,79.8,82.3,79.5,82.1,778.8,783.2,780.5,785.4,4.86,59.1,11.1,3.0,38.6,0.71,14.1,4.3,LANE_A,20000.0,-22.0,84.4,CRUISE_LOITER,LADAKH,0,1.0
1788420820.958,5114.7,2104.8,72.0,79.9,82.6,79.3,81.9,777.5,785.2,779.9,782.2,4.9,58.8,11.0,3.0,38.9,0.73,14.1,4.0,LANE_A,20000.0,-22.0,84.4,CRUISE_LOITER,LADAKH,0,1.0
1788420821.468,5104.5,2100.6,72.0,80.0,82.7,79.2,82.0,777.9,785.2,779.3,783.4,4.81,58.8,11.2,3.0,38.6,0.72,14.08,3.9,LANE_A,20000.0,-22.0,84.5,CRUISE_LOITER,LADAKH,0,1.0
1788420821.978,5095.6,2097.0,72.0,80.0,82.6,79.2,82.2,780.0,784.0,780.6,783.5,4.89,59.2,11.1,3.0,38.8,0.73,14.08,3.9,LANE_A,20000.0,-22.0,84.5,CRUISE_LOITER,LADAKH,0,1.0
1788420822.487,5123.5,2108.4,72.0,80.0,82.2,79.4,82.1,778.2,784.2,780.8,782.2,4.89,59.1,11.2,3.0,39.0,0.73,14.15,4.1,LANE_A,20000.0,-22.0,84.5,CRUISE_LOITER,LADAKH,0,1.0
1788420822.993,5122.1,2107.9,72.0,80.4,82.4,79.1,82.2,778.7,785.2,782.1,782.3,4.83,59.0,11.2,3.0,38.8,0.74,14.1,4.1,LANE_A,20000.0,-22.0,84.6,CRUISE_LOITER,LADAKH,0,1.0
1788420823.499,5124.7,2108.9,72.0,79.7,82.8,79.4,82.2,779.8,784.0,778.8,783.8,4.86,58.8,11.1,3.0,39.0,0.72,14.1,4.0,LANE_A,20000.0,-22.0,84.6,CRUISE_LOITER,LADAKH,0,1.0
1788420824.007,5126.0,2109.5,72.0,79.9,82.3,79.4,81.8,778.5,783.1,779.4,782.0,4.83,59.0,11.2,3.0,38.8,0.73,14.1,3.8,LANE_A,20000.0,-22.0,84.7,CRUISE_LOITER,LADAKH,0,1.0
1788420824.514,5113.1,2104.2,72.0,79.5,82.1,79.5,81.8,779.8,786.1,782.6,783.5,4.89,58.8,11.2,3.0,38.6,0.72,14.11,4.0,LANE_A,20000.0,-22.0,84.7,CRUISE_LOITER,LADAKH,0,1.0
1788420825.02,5125.7,2109.3,72.0,79.7,82.5,79.1,81.8,778.5,784.5,781.7,784.1,4.85,59.1,11.2,3.0,39.0,0.69,14.08,4.2,LANE_A,20000.0,-22.0,84.7,CRUISE_LOITER,LADAKH,0,1.0
1788420825.529,5130.8,2111.4,72.0,79.8,82.7,79.1,82.0,776.4,784.5,778.7,784.0,4.89,58.9,11.2,3.0,38.8,0.71,14.08,4.1,LANE_A,20000.0,-22.0,84.8,CRUISE_LOITER,LADAKH,0,1.0
1788420826.037,5089.9,2094.6,72.0,79.9,81.9,79.3,81.9,778.1,782.9,780.3,783.7,4.91,59.0,11.1,3.0,38.7,0.71,14.12,4.2,LANE_A,20000.0,-22.0,84.8,CRUISE_LOITER,LADAKH,0,1.0
1788420826.546,5105.3,2100.9,72.0,80.0,82.3,78.9,82.1,778.5,783.6,782.0,784.6,4.91,58.9,11.4,3.0,38.9,0.76,14.1,4.0,LANE_A,20000.0,-22.0,84.8,CRUISE_LOITER,LADAKH,0,1.0
1788420827.052,5121.5,2107.6,72.0,79.3,82.0,79.5,81.7,779.3,783.9,778.0,784.9,4.84,58.9,11.2,3.0,38.5,0.69,14.11,3.9,LANE_A,20000.0,-22.0,84.9,CRUISE_LOITER,LADAKH,0,1.0
1788420827.559,5118.8,2106.5,72.0,79.8,82.5,79.2,81.6,776.7,781.4,782.5,782.1,4.85,59.1,11.1,3.0,38.8,0.71,14.08,4.0,LANE_A,20000.0,-22.0,84.9,CRUISE_LOITER,LADAKH,0,1.0
1788420828.068,5087.1,2093.5,72.0,79.9,82.3,79.3,82.1,781.6,783.5,783.0,782.3,4.85,58.9,11.1,3.0,38.8,0.72,14.12,4.1,LANE_A,20000.0,-22.0,85.0,CRUISE_LOITER,LADAKH,0,1.0
1788420828.574,5129.3,2110.8,72.0,79.7,82.6,79.1,81.5,778.5,782.7,781.8,784.0,4.9,58.7,11.2,3.0,38.8,0.69,14.07,4.1,LANE_A,20000.0,-22.0,85.0,CRUISE_LOITER,LADAKH,0,1.0
1788420829.081,5126.9,2109.8,72.0,79.8,82.0,79.4,81.7,776.1,786.1,781.5,783.4,4.87,58.4,11.0,3.0,38.6,0.71,14.14,4.1,LANE_A,20000.0,-22.0,85.0,CRUISE_LOITER,LADAKH,0,1.0
1788420829.589,5106.6,2101.5,72.0,79.6,82.1,78.9,81.4,778.3,784.4,782.0,781.6,4.85,58.6,11.1,3.0,38.6,0.7,14.14,3.9,LANE_A,20000.0,-22.0,85.1,CRUISE_LOITER,LADAKH,0,1.0
1788420830.098,5112.4,2103.9,72.0,79.5,82.2,79.2,81.6,779.1,784.3,779.5,783.3,4.92,58.9,11.0,3.0,38.7,0.75,14.09,3.9,LANE_A,20000.0,-22.0,85.1,CRUISE_LOITER,LADAKH,0,1.0
1788420830.605,5132.0,2111.9,72.0,79.5,82.2,79.0,81.8,779.9,784.0,780.5,783.6,4.93,58.5,11.2,3.0,38.7,0.71,14.12,4.2,LANE_A,20000.0,-22.0,85.2,CRUISE_LOITER,LADAKH,0,1.0
1788420831.101,5105.7,2101.1,72.0,79.7,82.1,79.1,81.7,780.2,781.6,781.6,786.0,4.86,58.8,11.2,3.0,38.9,0.72,14.09,4.0,LANE_A,20000.0,-22.0,85.2,CRUISE_LOITER,LADAKH,0,1.0
1788420831.623,5099.7,2098.6,72.0,79.5,81.9,79.1,81.5,779.7,785.6,780.7,785.5,4.92,58.6,11.2,3.0,38.7,0.7,14.12,3.9,LANE_A,20000.0,-22.0,85.2,CRUISE_LOITER,LADAKH,0,1.0
1788420832.118,5130.1,2111.1,72.0,79.6,82.0,79.2,81.7,779.1,783.8,780.4,783.2,4.89,58.4,11.1,3.0,38.7,0.73,14.1,4.2,LANE_A,20000.0,-22.0,85.3,CRUISE_LOITER,LADAKH,0,1.0
1788420832.624,5108.8,2102.4,72.0,79.4,82.1,78.9,81.7,779.3,783.6,779.8,784.7,4.93,58.8,11.0,3.0,38.6,0.69,14.12,4.0,LANE_A,20000.0,-22.0,85.3,CRUISE_LOITER,LADAKH,0,1.0
1788420833.14,5095.4,2096.9,72.0,79.4,82.2,79.2,81.6,781.0,784.2,782.1,783.4,4.86,58.5,11.1,3.0,38.4,0.71,14.12,3.9,LANE_A,20000.0,-22.0,85.4,CRUISE_LOITER,LADAKH,0,1.0
1788420833.651,5111.7,2103.6,72.0,79.4,81.9,79.1,81.4,780.5,784.6,782.2,782.7,4.88,58.8,11.1,3.0,38.5,0.71,14.09,4.0,LANE_A,20000.0,-22.0,85.4,CRUISE_LOITER,LADAKH,0,1.0
1788420834.159,5124.9,2109.0,72.0,79.3,81.9,78.8,81.6,778.9,783.3,782.0,783.7,4.87,58.5,11.1,3.0,38.9,0.71,14.13,4.0,LANE_A,20000.0,-22.0,85.5,CRUISE_LOITER,LADAKH,0,1.0
1788420834.667,5093.8,2096.2,72.0,79.5,82.0,79.0,81.3,779.0,782.5,778.7,784.5,4.89,58.3,11.0,3.0,38.8,0.73,14.1,4.0,LANE_A,20000.0,-22.0,85.5,CRUISE_LOITER,LADAKH,0,1.0
1788420835.175,5112.2,2103.8,72.0,79.2,82.2,78.5,81.2,780.5,784.9,779.8,783.6,4.91,58.6,11.1,3.0,38.7,0.7,14.08,4.1,LANE_A,20000.0,-22.0,85.5,CRUISE_LOITER,LADAKH,0,1.0
1788420835.677,5124.7,2108.9,72.0,79.4,82.0,79.0,81.4,778.2,783.4,782.5,784.7,4.88,58.4,11.1,3.0,38.5,0.74,14.08,4.1,LANE_A,20000.0,-22.0,85.6,CRUISE_LOITER,LADAKH,0,1.0
1788420836.416,5120.5,2107.2,72.0,79.3,81.8,78.6,81.0,779.7,784.2,780.9,784.5,4.87,58.6,11.2,3.0,38.6,0.73,14.11,4.1,LANE_A,20000.0,-22.0,85.6,CRUISE_LOITER,LADAKH,0,1.0
1788420836.926,5110.3,2103.0,72.0,79.5,81.6,78.9,81.2,778.5,783.2,781.8,783.3,4.9,58.4,11.3,3.0,38.7,0.7,14.11,4.2,LANE_A,20000.0,-22.0,85.7,CRUISE_LOITER,LADAKH,0,1.0
1788420837.431,5104.0,2100.4,72.0,79.4,81.8,78.7,81.0,779.0,782.7,781.9,784.3,4.84,58.5,11.2,3.0,38.7,0.71,14.08,4.1,LANE_A,20000.0,-22.0,85.7,CRUISE_LOITER,LADAKH,0,1.0
1788420837.938,5113.1,2104.2,72.0,79.4,82.3,79.0,81.3,779.1,785.7,782.7,782.7,4.87,58.8,10.9,3.0,38.7,0.72,14.09,4.0,LANE_A,20000.0,-22.0,85.8,CRUISE_LOITER,LADAKH,0,1.0
1788420838.448,5128.7,2110.6,72.0,79.3,81.7,78.9,81.5,777.8,782.6,781.5,785.0,4.89,58.5,11.1,3.0,38.9,0.69,14.08,4.2,LANE_A,20000.0,-22.0,85.8,CRUISE_LOITER,LADAKH,0,1.0
1788420838.954,5109.4,2102.6,72.0,79.5,81.7,79.1,81.3,779.5,785.1,780.5,784.4,4.87,58.5,11.1,3.0,38.8,0.72,14.1,4.2,LANE_A,20000.0,-22.0,85.9,CRUISE_LOITER,LADAKH,0,1.0
1788420839.459,5114.9,2104.9,72.0,79.4,81.7,78.6,81.3,777.5,784.2,783.4,783.9,4.85,58.5,11.2,3.0,38.5,0.72,14.11,4.0,LANE_A,20000.0,-22.0,85.9,CRUISE_LOITER,LADAKH,0,1.0
1788420839.959,5104.3,2100.5,72.0,79.3,82.0,78.6,81.2,779.1,784.4,782.0,784.0,4.88,58.5,11.2,3.0,38.7,0.71,14.1,4.0,LANE_A,20000.0,-22.0,85.9,CRUISE_LOITER,LADAKH,0,1.0
1788420840.474,5123.6,2108.5,72.0,79.2,81.9,78.6,81.2,777.8,783.2,782.6,783.9,4.87,58.2,11.0,3.0,38.8,0.69,14.09,4.0,LANE_A,20000.0,-22.0,86.0,CRUISE_LOITER,LADAKH,0,1.0
1788420840.981,5106.1,2101.3,72.0,79.5,81.7,78.7,81.3,777.3,783.4,782.3,787.2,4.92,58.7,11.0,3.0,38.7,0.74,14.1,4.0,LANE_A,20000.0,-22.0,86.0,CRUISE_LOITER,LADAKH,0,1.0
1788420841.489,5093.7,2096.2,72.0,79.5,81.7,78.8,81.0,780.6,785.3,782.2,785.0,4.86,58.6,11.1,3.0,38.8,0.73,14.1,4.0,LANE_A,20000.0,-22.0,86.1,CRUISE_LOITER,LADAKH,0,1.0
1788420841.989,5111.5,2103.5,72.0,79.0,81.8,78.4,81.6,779.6,785.4,780.1,786.9,4.87,58.3,11.0,3.0,38.7,0.71,14.09,4.1,LANE_A,20000.0,-22.0,86.1,CRUISE_LOITER,LADAKH,0,1.0
1788420842.496,5096.7,2097.4,72.0,79.2,81.5,78.6,81.2,780.8,784.5,782.1,785.7,4.9,58.3,11.0,3.0,38.6,0.71,14.11,4.2,LANE_A,20000.0,-22.0,86.2,CRUISE_LOITER,LADAKH,0,1.0
1788420843.015,5080.8,2090.8,72.0,79.1,81.6,78.8,81.1,779.5,786.9,782.0,783.5,4.88,58.0,11.0,3.0,38.6,0.71,14.09,3.8,LANE_A,20000.0,-22.0,86.2,CRUISE_LOITER,LADAKH,0,1.0
1788420843.512,5122.4,2108.0,72.0,79.4,81.7,78.8,81.2,778.8,785.4,782.6,783.9,4.87,58.6,11.1,3.0,38.6,0.7,14.11,4.0,LANE_A,20000.0,-22.0,86.3,CRUISE_LOITER,LADAKH,0,1.0
1788420844.033,5111.7,2103.6,72.0,79.1,81.3,79.0,81.2,780.2,782.2,780.8,784.3,4.84,58.4,11.1,3.0,38.7,0.74,14.08,4.0,LANE_A,20000.0,-22.0,86.3,CRUISE_LOITER,LADAKH,0,1.0
1788420844.54,5122.3,2108.0,72.0,79.0,81.5,78.5,81.4,779.7,785.9,781.5,784.8,4.87,58.2,11.1,3.0,38.8,0.7,14.11,4.0,LANE_A,20000.0,-22.0,86.4,CRUISE_LOITER,LADAKH,0,1.0
1788420845.046,5108.8,2102.4,72.0,79.1,81.5,78.6,81.0,778.2,784.2,781.9,784.4,4.88,58.1,11.1,3.0,38.6,0.7,14.1,4.0,LANE_A,20000.0,-22.0,86.4,CRUISE_LOITER,LADAKH,0,1.0
1788420845.549,5128.2,2110.4,72.0,79.0,81.4,78.7,80.7,777.0,785.3,780.1,785.0,4.94,58.5,11.1,3.0,38.6,0.71,14.13,4.0,LANE_A,20000.0,-22.0,86.5,CRUISE_LOITER,LADAKH,0,1.0
1788420846.061,5109.4,2102.6,72.0,79.3,81.5,78.6,81.1,780.7,782.5,782.8,785.6,4.88,58.4,11.0,3.0,38.7,0.71,14.12,3.9,LANE_A,20000.0,-22.0,86.5,CRUISE_LOITER,LADAKH,0,1.0
1788420846.784,5092.2,2095.6,72.0,79.2,81.3,78.7,81.3,779.6,782.9,781.7,784.1,4.86,58.1,11.1,3.0,38.5,0.76,14.12,4.0,LANE_A,20000.0,-22.0,86.6,CRUISE_LOITER,LADAKH,0,1.0
1788420847.281,5116.7,2105.6,72.0,79.2,81.8,78.3,81.1,781.0,784.3,779.1,784.2,4.9,58.3,11.1,3.0,38.5,0.73,14.11,4.1,LANE_A,20000.0,-22.0,86.6,CRUISE_LOITER,LADAKH,0,1.0
1788420847.8,5096.1,2097.2,72.0,78.9,81.6,78.3,81.1,778.9,787.1,782.3,784.1,4.89,58.3,11.2,3.0,38.6,0.72,14.11,4.0,LANE_A,20000.0,-22.0,86.7,CRUISE_LOITER,LADAKH,0,1.0
1788420848.306,5122.3,2108.0,72.0,78.9,81.1,78.8,80.9,778.3,784.6,782.4,783.9,4.87,58.1,11.0,3.0,38.9,0.71,14.09,4.0,LANE_A,20000.0,-22.0,86.7,CRUISE_LOITER,LADAKH,0,1.0
1788420848.811,5085.4,2092.8,72.0,79.4,81.5,78.6,81.0,779.0,784.4,779.5,783.0,4.86,57.9,11.2,3.0,38.6,0.72,14.13,4.0,LANE_A,20000.0,-22.0,86.7,CRUISE_LOITER,LADAKH,0,1.0
1788420849.32,5115.9,2105.3,72.0,79.1,81.7,78.8,80.7,780.4,785.7,783.3,783.8,4.85,58.2,11.0,3.0,38.7,0.71,14.09,4.1,LANE_A,20000.0,-22.0,86.8,CRUISE_LOITER,LADAKH,0,1.0
1788420849.826,5098.8,2098.3,72.0,79.1,81.3,78.3,80.7,780.6,785.0,783.7,784.2,4.88,58.2,11.0,3.0,38.7,0.69,14.12,4.0,LANE_A,20000.0,-22.0,86.8,CRUISE_LOITER,LADAKH,0,1.0
1788420850.334,5093.6,2096.1,72.0,79.3,81.5,78.6,80.7,778.7,785.6,780.8,783.7,4.83,58.2,11.1,3.0,38.5,0.73,14.1,4.0,LANE_A,20000.0,-22.0,86.9,CRUISE_LOITER,LADAKH,0,1.0
1788420850.84,5112.4,2103.9,72.0,78.9,81.6,78.6,80.8,781.4,785.5,782.1,782.9,4.9,58.1,11.1,3.0,38.7,0.72,14.06,4.0,LANE_A,20000.0,-22.0,86.9,CRUISE_LOITER,LADAKH,0,1.0
1788420851.349,5110.2,2103.0,72.0,78.8,81.5,78.5,81.1,779.1,783.9,781.6,784.2,4.91,58.4,10.9,3.0,38.6,0.69,14.11,4.1,LANE_A,20000.0,-22.0,87.0,CRUISE_LOITER,LADAKH,0,1.0
1788420851.855,5101.9,2099.6,72.0,79.2,81.5,78.4,81.1,778.5,784.2,780.8,786.2,4.9,57.8,10.9,3.0,38.8,0.69,14.06,4.1,LANE_A,20000.0,-22.0,87.0,CRUISE_LOITER,LADAKH,0,1.0
1788420852.352,5084.2,2092.3,72.0,78.7,81.4,78.5,81.2,777.6,785.9,783.4,785.3,4.87,58.4,11.0,3.0,38.7,0.72,14.12,4.1,LANE_A,20000.0,-22.0,87.1,CRUISE_LOITER,LADAKH,0,1.0
1788420852.859,5107.0,2101.6,72.0,79.1,81.7,78.2,80.7,778.2,782.4,782.5,783.7,4.86,58.0,11.1,3.0,38.5,0.71,14.11,4.0,LANE_A,20000.0,-22.0,87.1,CRUISE_LOITER,LADAKH,0,1.0
1788420853.377,5093.5,2096.1,72.0,78.9,81.1,78.2,80.9,779.0,783.8,780.5,785.5,4.92,58.0,11.1,3.0,38.5,0.74,14.07,4.0,LANE_A,20000.0,-22.0,87.2,CRUISE_LOITER,LADAKH,0,1.0
1788420853.884,5103.2,2100.1,72.0,78.7,81.3,78.5,81.0,779.1,785.3,778.5,784.8,4.84,57.9,11.1,3.0,38.5,0.69,14.08,4.0,LANE_A,20000.0,-22.0,87.2,CRUISE_LOITER,LADAKH,0,1.0
1788420854.396,5098.0,2097.9,72.0,78.8,81.2,78.3,80.9,780.9,784.0,781.1,784.5,4.88,58.1,11.3,3.0,38.6,0.71,14.13,4.0,LANE_A,20000.0,-22.0,87.3,CRUISE_LOITER,LADAKH,0,1.0
1788420854.9,5116.8,2105.7,72.0,78.9,81.2,78.5,80.8,778.4,786.4,784.1,784.8,4.88,58.2,11.1,3.0,38.7,0.72,14.14,4.1,LANE_A,20000.0,-22.0,87.3,CRUISE_LOITER,LADAKH,0,1.0
1788420855.406,5117.4,2105.9,72.0,78.9,81.3,78.2,81.1,779.8,786.9,780.3,783.4,4.88,58.1,11.1,3.0,38.4,0.74,14.05,4.1,LANE_A,20000.0,-22.0,87.4,CRUISE_LOITER,LADAKH,0,1.0
1788420856.164,5123.2,2108.3,72.0,78.4,81.6,78.2,80.8,780.0,785.3,782.1,783.9,4.86,58.0,11.1,3.0,38.5,0.7,14.07,4.0,LANE_A,20000.0,-22.0,87.4,CRUISE_LOITER,LADAKH,0,1.0
1788420856.67,5098.5,2098.1,72.0,79.0,81.2,78.2,80.7,779.0,783.2,782.3,784.2,4.85,58.0,11.1,3.0,38.5,0.7,14.15,4.0,LANE_A,20000.0,-22.0,87.5,CRUISE_LOITER,LADAKH,0,1.0
1788420857.181,5096.2,2097.2,72.0,78.7,81.1,78.0,80.7,780.1,784.2,781.7,784.5,4.92,58.0,11.2,3.0,38.7,0.7,14.08,4.0,LANE_A,20000.0,-22.0,87.5,CRUISE_LOITER,LADAKH,0,1.0
1788420857.679,5113.1,2104.2,72.0,78.8,81.2,78.3,80.7,781.1,784.9,780.0,785.0,4.85,58.0,11.0,3.0,38.5,0.71,14.09,4.2,LANE_A,20000.0,-22.0,87.6,CRUISE_LOITER,LADAKH,0,1.0
1788420858.199,5102.4,2099.8,72.0,78.9,81.2,78.2,80.8,778.3,783.7,781.8,784.6,4.9,57.9,11.1,3.0,38.7,0.7,14.08,4.1,LANE_A,20000.0,-22.0,87.6,CRUISE_LOITER,LADAKH,0,1.0
1788420858.692,5100.6,2099.0,72.0,78.5,81.3,78.4,80.8,778.7,784.0,782.0,784.4,4.82,58.4,11.1,3.0,38.7,0.72,14.11,4.2,LANE_A,20000.0,-22.0,87.7,CRUISE_LOITER,LADAKH,0,1.0
1788420859.211,5127.7,2110.2,72.0,78.5,81.3,78.2,80.8,781.5,784.1,781.2,782.1,4.85,58.0,11.1,3.0,38.8,0.72,14.12,4.1,LANE_A,20000.0,-22.0,87.7,CRUISE_LOITER,LADAKH,0,1.0
1788420859.72,5122.6,2108.1,72.0,78.5,81.1,78.2,80.5,779.6,784.4,782.7,784.1,4.91,58.1,11.2,3.0,38.5,0.71,14.12,4.0,LANE_A,20000.0,-22.0,87.8,CRUISE_LOITER,LADAKH,0,1.0
1788420860.229,5115.0,2104.9,72.0,78.8,81.0,78.2,81.0,778.4,782.8,783.5,784.0,4.9,57.8,11.1,3.0,38.4,0.69,14.13,4.2,LANE_A,20000.0,-22.0,87.8,CRUISE_LOITER,LADAKH,0,1.0
1788420860.733,5110.8,2103.2,72.0,78.7,81.0,78.1,80.8,778.5,782.5,783.1,786.1,4.84,57.9,11.0,3.0,38.5,0.71,14.11,4.1,LANE_A,20000.0,-22.0,87.9,CRUISE_LOITER,LADAKH,0,1.0
1788420861.243,5107.5,2101.8,72.0,78.6,81.2,77.9,80.7,778.8,783.9,782.6,783.4,4.9,58.0,11.1,3.0,38.8,0.76,14.08,4.0,LANE_A,20000.0,-22.0,87.9,CRUISE_LOITER,LADAKH,0,1.0
1788420861.755,5096.9,2097.5,72.0,78.5,81.4,78.2,80.4,780.1,786.0,782.5,783.1,4.9,58.0,11.1,3.0,38.5,0.71,14.12,4.0,LANE_A,20000.0,-22.0,88.0,CRUISE_LOITER,LADAKH,0,1.0
1788420862.26,5114.4,2104.7,72.0,78.8,81.1,78.2,80.9,779.7,785.0,781.2,786.1,4.88,57.9,11.1,3.0,38.8,0.72,14.09,4.1,LANE_A,20000.0,-22.0,88.0,CRUISE_LOITER,LADAKH,0,1.0
1788420862.769,5116.9,2105.7,72.0,78.3,81.2,78.2,80.7,779.2,785.7,782.1,785.6,4.9,57.9,11.2,3.0,38.6,0.71,14.08,4.0,LANE_A,20000.0,-22.0,88.1,CRUISE_LOITER,LADAKH,0,1.0
1788420863.278,5106.5,2101.4,72.0,79.0,81.3,78.2,81.0,778.9,782.9,780.9,785.4,4.89,58.2,11.1,3.0,38.7,0.73,14.13,3.8,LANE_A,20000.0,-22.0,88.1,CRUISE_LOITER,LADAKH,0,1.0
1788420863.776,5111.0,2103.3,72.0,78.6,80.9,78.2,80.6,780.0,783.5,782.0,783.5,4.9,57.8,11.1,3.0,38.7,0.72,14.1,4.1,LANE_A,20000.0,-22.0,88.2,CRUISE_LOITER,LADAKH,0,1.0
1788420864.289,5129.0,2110.7,72.0,78.5,81.3,78.2,80.6,780.1,785.6,781.3,785.2,4.94,57.9,11.1,3.0,38.5,0.73,14.1,4.0,LANE_A,20000.0,-22.0,88.2,CRUISE_LOITER,LADAKH,0,1.0
1788420864.799,5101.7,2099.4,72.0,78.5,81.2,78.5,80.4,781.6,785.8,781.9,785.9,4.83,58.0,11.2,3.0,38.9,0.7,14.12,4.1,LANE_A,20000.0,-22.0,88.3,CRUISE_LOITER,LADAKH,0,1.0
1788420865.305,5107.8,2102.0,72.0,78.3,81.3,78.1,80.6,780.1,784.8,782.5,783.7,4.89,57.9,11.1,3.0,38.7,0.75,14.09,4.0,LANE_A,20000.0,-22.0,88.3,CRUISE_LOITER,LADAKH,0,1.0
1788420865.799,5101.9,2099.6,72.0,78.5,81.3,78.2,80.7,777.5,787.0,782.6,785.8,4.89,57.8,11.0,3.0,38.6,0.72,14.09,4.1,LANE_A,20000.0,-22.0,88.4,CRUISE_LOITER,LADAKH,0,1.0
1788420866.321,5102.2,2099.7,72.0,78.4,81.0,78.2,80.7,779.9,785.2,781.0,785.5,4.87,57.7,10.9,3.0,38.7,0.72,14.12,4.1,LANE_A,20000.0,-22.0,88.4,CRUISE_LOITER,LADAKH,0,1.0
1788420866.827,5107.2,2101.7,72.0,78.5,80.9,78.0,80.5,778.1,783.4,782.0,786.5,4.89,57.9,11.1,3.0,38.8,0.75,14.07,4.0,LANE_A,20000.0,-22.0,88.5,CRUISE_LOITER,LADAKH,0,1.0
1788420867.337,5128.2,2110.4,72.0,78.7,81.3,77.8,80.4,778.0,787.5,780.1,785.4,4.87,58.0,11.2,3.0,38.7,0.74,14.13,4.2,LANE_A,20000.0,-22.0,88.5,CRUISE_LOITER,LADAKH,0,1.0
1788420867.841,5122.3,2108.0,72.0,78.5,80.9,78.3,80.3,780.8,784.2,780.3,784.2,4.89,57.8,11.1,3.0,38.5,0.73,14.09,4.1,LANE_A,20000.0,-22.0,88.6,CRUISE_LOITER,LADAKH,0,1.0
1788420868.349,5110.3,2103.0,72.0,78.8,81.0,78.3,80.4,778.4,785.6,783.2,784.3,4.84,57.9,11.0,3.0,38.7,0.69,14.11,4.0,LANE_A,20000.0,-22.0,88.6,CRUISE_LOITER,LADAKH,0,1.0
1788420868.847,5107.6,2101.9,72.0,78.5,80.8,78.5,80.4,779.5,785.1,781.6,784.8,4.92,58.1,11.0,3.0,38.5,0.74,14.12,4.2,LANE_A,20000.0,-22.0,88.7,CRUISE_LOITER,LADAKH,0,1.0
1788420869.364,5105.0,2100.8,72.0,78.2,81.0,77.9,80.4,780.8,785.5,784.5,786.0,4.88,57.8,10.9,3.0,38.7,0.71,14.12,4.0,LANE_A,20000.0,-22.0,88.7,CRUISE_LOITER,LADAKH,0,1.0
1788420869.872,5103.7,2100.3,72.0,78.3,80.5,78.1,80.6,780.0,784.1,781.9,785.6,4.88,57.6,11.2,3.0,38.9,0.7,14.09,4.1,LANE_A,20000.0,-22.0,88.8,CRUISE_LOITER,LADAKH,0,1.0
1788420870.384,5078.1,2089.8,72.0,78.5,80.9,78.1,80.2,778.5,785.9,781.0,785.6,4.89,57.7,11.2,3.0,38.5,0.71,14.09,4.2,LANE_A,20000.0,-22.0,88.8,CRUISE_LOITER,LADAKH,0,1.0
1788420870.892,5123.7,2108.5,72.0,78.6,80.8,78.1,80.2,780.0,785.1,781.3,783.3,4.86,57.8,11.0,3.0,38.8,0.74,14.06,4.1,LANE_A,20000.0,-22.0,88.9,CRUISE_LOITER,LADAKH,0,1.0
1788420871.4,5066.9,2085.2,72.0,78.5,81.0,78.0,80.3,780.4,784.3,780.9,785.5,4.87,57.9,11.1,3.0,38.7,0.72,14.08,4.0,LANE_A,20000.0,-22.0,88.9,CRUISE_LOITER,LADAKH,0,1.0
1788420871.91,5106.1,2101.3,72.0,78.2,80.7,78.0,80.7,780.5,784.5,780.3,784.2,4.88,57.7,11.0,3.0,38.5,0.75,14.08,4.0,LANE_A,20000.0,-22.0,89.0,CRUISE_LOITER,LADAKH,0,1.0
1788420872.416,5087.6,2093.7,72.0,78.2,80.7,78.0,80.7,777.8,784.2,782.6,784.3,4.87,58.0,11.1,3.0,38.8,0.71,14.11,4.2,LANE_A,20000.0,-22.0,89.0,CRUISE_LOITER,LADAKH,0,1.0
1788420872.92,5094.3,2096.4,72.0,78.6,81.1,77.9,80.4,778.4,785.1,784.0,784.7,4.84,57.7,11.1,3.0,38.6,0.69,14.09,4.1,LANE_A,20000.0,-22.0,89.1,CRUISE_LOITER,LADAKH,0,1.0
1788420873.43,5140.0,2115.2,72.0,78.4,80.7,78.0,80.5,779.1,784.6,783.0,786.9,4.85,57.9,11.1,3.0,38.6,0.72,14.13,4.0,LANE_A,20000.0,-22.0,89.1,CRUISE_LOITER,LADAKH,0,1.0
1788420873.932,5113.7,2104.4,72.0,78.4,81.0,78.0,80.5,780.2,783.5,780.1,786.0,4.92,57.7,11.1,3.0,38.5,0.71,14.1,4.0,LANE_A,20000.0,-22.0,89.2,CRUISE_LOITER,LADAKH,0,1.0
1788420874.446,5123.8,2108.6,72.0,78.3,81.2,78.2,80.1,781.1,784.7,783.0,786.5,4.9,57.8,11.2,3.0,38.5,0.71,14.11,3.9,LANE_A,20000.0,-22.0,89.2,CRUISE_LOITER,LADAKH,0,1.0
1788420874.954,5123.9,2108.6,72.0,78.2,80.8,77.9,80.3,780.4,784.8,781.3,784.4,4.86,57.6,11.1,3.0,38.6,0.7,14.13,4.0,LANE_A,20000.0,-22.0,89.3,CRUISE_LOITER,LADAKH,0,1.0
1788420875.462,5124.4,2108.8,72.0,78.0,80.7,77.9,80.1,779.8,785.7,782.1,785.8,4.89,57.8,10.9,3.0,38.6,0.73,14.1,4.2,LANE_A,20000.0,-22.0,89.3,CRUISE_LOITER,LADAKH,0,1.0
1788420876.213,5091.6,2095.3,72.0,78.2,81.0,77.9,80.3,781.6,784.7,779.8,784.9,4.89,57.6,11.1,3.0,38.6,0.72,14.11,4.1,LANE_A,20000.0,-22.0,89.4,CRUISE_LOITER,LADAKH,0,1.0
1788420876.719,5117.9,2106.1,72.0,78.5,81.0,77.8,80.2,778.2,786.6,780.0,783.6,4.88,57.8,11.1,3.0,38.7,0.72,14.08,4.2,LANE_A,20000.0,-22.0,89.4,CRUISE_LOITER,LADAKH,0,1.0
1788420877.23,5112.1,2103.7,72.0,78.6,81.0,77.9,80.2,779.9,785.1,784.4,787.5,4.91,57.7,11.1,3.0,38.6,0.71,14.12,3.9,LANE_A,20000.0,-22.0,89.5,CRUISE_LOITER,LADAKH,0,1.0
1788420877.738,5128.2,2110.4,72.0,78.6,80.8,77.6,80.3,780.3,787.0,781.1,784.5,4.9,57.6,11.1,3.0,38.6,0.72,14.12,3.9,LANE_A,20000.0,-22.0,89.5,CRUISE_LOITER,LADAKH,0,1.0
1788420878.244,5100.1,2098.8,72.0,78.0,81.0,77.8,80.3,778.6,785.9,783.2,785.0,4.84,57.6,11.0,3.0,38.9,0.72,14.1,4.1,LANE_A,20000.0,-22.0,89.6,CRUISE_LOITER,LADAKH,0,1.0
1788420878.75,5125.6,2109.3,72.0,78.4,81.0,77.9,80.1,781.2,784.9,780.1,784.8,4.85,57.6,11.0,3.0,38.9,0.69,14.07,4.3,LANE_A,20000.0,-22.0,89.6,CRUISE_LOITER,LADAKH,0,1.0
1788420879.257,5123.2,2108.3,72.0,78.3,80.6,77.7,80.5,778.4,786.2,783.0,784.9,4.9,58.1,11.1,3.0,38.7,0.72,14.12,4.0,LANE_A,20000.0,-22.0,89.7,CRUISE_LOITER,LADAKH,0,1.0
1788420879.766,5111.3,2103.4,72.0,78.2,81.0,78.0,80.2,780.1,786.6,784.5,785.4,4.91,57.4,11.1,3.0,38.7,0.72,14.1,3.9,LANE_A,20000.0,-22.0,89.7,CRUISE_LOITER,LADAKH,0,1.0
1788420880.275,5122.3,2108.0,72.0,78.2,81.0,78.0,80.1,780.1,785.6,781.7,784.5,4.88,57.8,11.1,3.0,38.7,0.74,14.1,4.2,LANE_A,20000.0,-22.0,89.7,CRUISE_LOITER,LADAKH,0,1.0
1788420880.783,5115.7,2105.2,72.0,78.4,80.7,77.8,80.4,780.2,783.3,780.3,786.6,4.89,57.8,11.1,3.0,38.7,0.72,14.13,4.1,LANE_A,20000.0,-22.0,89.8,CRUISE_LOITER,LADAKH,0,1.0
1788420881.289,5116.5,2105.6,72.0,78.2,80.9,77.9,80.1,779.3,786.0,781.2,783.3,4.92,57.6,11.0,3.0,38.6,0.73,14.13,4.0,LANE_A,20000.0,-22.0,89.8,CRUISE_LOITER,LADAKH,0,1.0
1788420881.796,5110.4,2103.1,72.0,78.2,81.1,77.7,79.9,780.0,786.4,782.5,785.7,4.86,57.5,11.0,3.0,38.5,0.72,14.08,4.2,LANE_A,20000.0,-22.0,89.9,CRUISE_LOITER,LADAKH,0,1.0
1788420882.306,5118.3,2106.3,72.0,78.2,80.6,77.7,80.2,781.2,784.8,783.0,782.8,4.92,57.7,11.1,3.0,38.5,0.72,14.11,4.1,LANE_A,20000.0,-22.0,89.9,CRUISE_LOITER,LADAKH,0,1.0
1788420882.811,5122.9,2108.2,72.0,78.5,80.9,77.7,80.4,781.1,786.1,780.9,785.1,4.89,57.8,11.0,3.1,38.7,0.72,14.1,4.1,LANE_A,20000.0,-22.0,90.0,CRUISE_LOITER,LADAKH,0,1.0
1788420883.32,5117.9,2106.1,72.0,78.5,80.7,77.6,80.2,778.3,785.2,781.8,784.8,4.91,57.4,11.1,3.0,38.6,0.75,14.08,4.1,LANE_A,20000.0,-22.0,90.0,CRUISE_LOITER,LADAKH,0,1.0
1788420883.864,5117.0,2105.8,72.0,78.2,80.6,77.7,80.0,781.6,784.8,782.4,784.6,4.9,57.6,10.9,3.0,38.8,0.71,14.11,3.9,LANE_A,20000.0,-22.0,90.1,CRUISE_LOITER,LADAKH,0,1.0
1788420884.369,5113.9,2104.5,72.0,78.1,80.7,77.5,80.2,777.9,784.3,782.4,784.9,4.93,57.6,11.2,3.0,38.6,0.7,14.09,4.2,LANE_A,20000.0,-22.0,90.1,CRUISE_LOITER,LADAKH,0,1.0
1788420884.879,5104.9,2100.8,72.0,78.5,80.7,77.7,80.3,780.7,783.8,782.2,784.7,4.91,57.6,11.1,3.0,38.6,0.7,14.09,4.0,LANE_A,20000.0,-22.0,90.2,CRUISE_LOITER,LADAKH,0,1.0
1788420885.387,5096.2,2097.2,72.0,78.2,80.4,77.8,80.3,781.2,784.8,782.5,787.0,4.9,57.4,11.0,3.0,38.6,0.72,14.09,4.0,LANE_A,20000.0,-22.0,90.2,CRUISE_LOITER,LADAKH,0,1.0
1788420885.897,5105.6,2101.1,72.0,78.3,80.7,78.2,80.2,780.4,785.5,781.9,784.6,4.9,57.6,11.2,3.0,38.6,0.72,14.13,4.1,LANE_A,20000.0,-22.0,90.3,CRUISE_LOITER,LADAKH,0,1.0
1788420886.403,5114.4,2104.7,72.0,78.1,80.8,77.6,80.0,778.6,786.5,779.5,785.6,4.88,57.7,11.2,3.0,38.6,0.74,14.1,4.2,LANE_A,20000.0,-22.0,90.3,CRUISE_LOITER,LADAKH,0,1.0
1788420886.921,5134.6,2113.0,72.0,78.2,80.5,77.7,80.1,780.8,783.5,781.8,785.2,4.91,57.6,10.9,3.0,38.8,0.73,14.09,4.1,LANE_A,20000.0,-22.0,90.3,CRUISE_LOITER,LADAKH,0,1.0
1788420887.429,5122.5,2108.0,72.0,78.5,80.9,77.4,80.5,781.0,782.9,782.4,784.4,4.9,57.6,11.0,3.0,38.7,0.73,14.1,4.2,LANE_A,20000.0,-22.0,90.4,CRUISE_LOITER,LADAKH,0,1.0
1788420887.934,5095.2,2096.8,72.0,77.8,80.7,77.6,80.2,779.5,785.3,781.5,784.8,4.89,57.4,11.1,3.1,38.7,0.72,14.09,4.0,LANE_A,20000.0,-22.0,90.4,CRUISE_LOITER,LADAKH,0,1.0
1788420888.444,5133.1,2112.4,72.0,78.2,80.5,77.1,79.9,780.4,787.0,780.5,784.8,4.86,57.5,11.0,3.0,38.5,0.72,14.08,4.2,LANE_A,20000.0,-22.0,90.5,CRUISE_LOITER,LADAKH,0,1.0
1788420888.95,5117.6,2106.0,72.0,78.2,80.8,77.7,80.4,779.6,787.7,780.9,784.2,4.86,57.8,11.2,3.0,38.7,0.7,14.12,4.0,LANE_A,20000.0,-22.0,90.5,CRUISE_LOITER,LADAKH,0,1.0
1788420889.457,5104.3,2100.5,72.0,77.9,81.0,77.6,80.2,780.8,785.3,784.1,786.0,4.9,57.6,11.0,3.0,38.6,0.72,14.11,4.1,LANE_A,20000.0,-22.0,90.6,CRUISE_LOITER,LADAKH,0,1.0
1788420889.954,5120.9,2107.4,72.0,78.2,80.7,77.3,80.0,780.0,787.5,782.0,785.0,4.94,57.6,11.2,3.0,38.7,0.73,14.1,4.3,LANE_A,20000.0,-22.0,90.6,CRUISE_LOITER,LADAKH,0,1.0
1788420890.472,5106.3,2101.3,72.0,78.0,80.7,77.7,79.9,781.8,784.2,783.1,786.2,4.9,57.5,11.0,3.0,38.7,0.74,14.11,4.0,LANE_A,20000.0,-22.0,90.6,CRUISE_LOITER,LADAKH,0,1.0
1788420890.979,5100.8,2099.1,72.0,78.0,80.5,77.6,80.1,779.8,786.5,782.4,785.6,4.85,57.8,10.9,3.0,38.6,0.72,14.11,4.0,LANE_A,20000.0,-22.0,90.7,CRUISE_LOITER,LADAKH,0,1.0
1788420891.474,5129.2,2110.8,72.0,78.1,80.7,77.9,80.0,779.5,786.1,782.5,784.9,4.9,57.5,11.1,3.0,38.5,0.72,14.09,4.0,LANE_A,20000.0,-22.0,90.7,CRUISE_LOITER,LADAKH,0,1.0
1788420891.991,5113.4,2104.3,72.0,77.9,80.7,77.3,80.0,781.9,784.6,782.8,786.2,4.89,57.6,11.1,3.0,38.7,0.7,14.11,4.0,LANE_A,20000.0,-22.0,90.8,CRUISE_LOITER,LADAKH,0,1.0
1788420892.5,5101.3,2099.3,72.0,78.2,80.6,77.7,80.3,779.4,784.5,780.7,786.1,4.9,57.6,11.1,3.0,38.7,0.7,14.1,4.2,LANE_A,20000.0,-22.0,90.8,CRUISE_LOITER,LADAKH,0,1.0
1788420893.005,5141.0,2115.7,72.0,78.2,80.9,77.3,80.0,780.4,784.5,781.0,783.2,4.92,57.5,11.0,3.0,38.8,0.73,14.14,4.0,LANE_A,20000.0,-22.0,90.9,CRUISE_LOITER,LADAKH,0,1.0
1788420893.511,5121.9,2107.8,72.0,77.9,80.5,77.7,80.1,779.2,787.2,781.9,785.1,4.87,57.4,10.9,3.0,38.5,0.72,14.1,4.2,LANE_A,20000.0,-22.0,90.9,CRUISE_LOITER,LADAKH,0,1.0
1788420894.019,5101.1,2099.2,72.0,78.1,80.8,77.4,80.3,781.8,786.0,781.1,786.0,4.88,57.6,11.1,3.0,38.7,0.75,14.15,4.0,LANE_A,20000.0,-22.0,90.9,CRUISE_LOITER,LADAKH,0,1.0
1788420894.526,5112.3,2103.8,72.0,78.1,80.8,77.6,80.4,782.1,785.4,782.2,785.2,4.86,57.3,11.0,3.0,38.8,0.71,14.1,4.2,LANE_A,20000.0,-22.0,91.0,CRUISE_LOITER,LADAKH,0,1.0
1788420895.036,5101.8,2099.5,72.0,78.2,80.6,77.3,80.1,778.9,783.5,783.4,788.5,4.86,57.5,11.0,3.0,38.5,0.71,14.12,4.2,LANE_A,20000.0,-22.0,91.0,CRUISE_LOITER,LADAKH,0,1.0
1788420895.53,5085.0,2092.6,72.0,78.2,80.7,77.3,79.9,778.2,787.6,782.5,786.9,4.88,57.6,10.9,3.0,38.6,0.71,14.08,4.0,LANE_A,20000.0,-22.0,91.1,CRUISE_LOITER,LADAKH,0,1.0
1788420896.331,5117.2,2105.8,72.0,78.2,80.6,77.6,79.9,781.5,784.7,781.7,784.2,4.87,57.3,11.1,3.0,38.6,0.72,14.09,3.8,LANE_A,20000.0,-22.0,91.1,CRUISE_LOITER,LADAKH,0,1.0
1788420896.838,5123.1,2108.3,72.0,77.7,80.5,77.8,80.0,779.9,787.5,780.3,785.1,4.88,57.5,10.9,3.0,38.4,0.75,14.09,4.3,LANE_A,20000.0,-22.0,91.1,CRUISE_LOITER,LADAKH,0,1.0
1788420897.347,5101.7,2099.5,72.0,78.3,80.8,77.5,79.9,781.7,783.5,783.1,786.1,4.85,57.6,11.0,3.0,38.7,0.71,14.1,4.2,LANE_A,20000.0,-22.0,91.2,CRUISE_LOITER,LADAKH,0,1.0
1788420897.856,5095.1,2096.7,72.0,78.1,80.4,77.4,80.0,780.7,785.0,781.9,785.1,4.9,57.7,10.9,3.0,38.6,0.73,14.11,4.0,LANE_A,20000.0,-22.0,91.2,CRUISE_LOITER,LADAKH,0,1.0
1788420898.364,5100.3,2098.9,72.0,78.1,80.5,77.6,80.1,780.1,785.0,780.9,785.0,4.86,57.5,11.1,3.0,38.8,0.72,14.1,4.0,LANE_A,20000.0,-22.0,91.2,CRUISE_LOITER,LADAKH,0,1.0
1788420898.873,5097.5,2097.7,72.0,78.1,80.4,77.4,79.7,779.8,783.8,783.5,786.8,4.91,57.4,11.1,3.0,38.6,0.74,14.09,4.1,LANE_A,20000.0,-22.0,91.3,CRUISE_LOITER,LADAKH,0,1.0
1788420899.381,5112.8,2104.0,72.0,77.9,80.7,77.6,80.1,781.3,784.0,784.1,786.9,4.87,57.6,11.1,3.0,39.0,0.72,14.08,4.0,LANE_A,20000.0,-22.0,91.3,CRUISE_LOITER,LADAKH,0,1.0
1788420899.878,5112.5,2103.9,72.0,78.1,80.4,77.3,79.8,779.1,785.1,782.4,784.2,4.87,57.3,11.0,3.0,38.7,0.72,14.1,4.2,LANE_A,20000.0,-22.0,91.4,CRUISE_LOITER,LADAKH,0,1.0
1788420900.385,5129.0,2110.7,72.0,78.2,80.7,77.4,80.0,780.8,788.4,781.3,784.1,4.95,57.3,11.1,3.0,38.7,0.72,14.1,4.1,LANE_A,20000.0,-22.0,91.4,CRUISE_LOITER,LADAKH,0,1.0
1788420900.904,5124.1,2108.7,72.0,77.8,80.8,77.6,79.8,780.6,786.1,783.7,785.2,4.86,57.4,11.1,3.0,38.8,0.72,14.07,4.3,LANE_A,20000.0,-22.0,91.4,CRUISE_LOITER,LADAKH,0,1.0
1788420901.413,5123.5,2108.4,72.0,77.8,80.5,77.4,80.1,780.0,787.1,782.8,785.5,4.94,57.6,11.1,3.0,38.6,0.72,14.13,4.1,LANE_A,20000.0,-22.0,91.5,CRUISE_LOITER,LADAKH,0,1.0
1788420901.923,5101.3,2099.3,72.0,78.2,80.8,77.1,79.9,779.0,786.6,781.5,785.5,4.9,57.6,11.1,3.0,38.7,0.73,14.1,4.0,LANE_A,20000.0,-22.0,91.5,CRUISE_LOITER,LADAKH,0,1.0
1788420902.432,5121.8,2107.7,72.0,78.0,80.7,77.7,80.3,779.7,783.8,781.4,786.8,4.9,57.2,11.2,3.0,38.6,0.72,14.11,4.0,LANE_A,20000.0,-22.0,91.5,CRUISE_LOITER,LADAKH,0,1.0
1788420902.937,5125.4,2109.2,72.0,78.0,80.7,77.6,80.0,781.5,784.4,781.8,785.1,4.91,57.5,10.9,3.0,38.6,0.74,14.15,4.1,LANE_A,20000.0,-22.0,91.6,CRUISE_LOITER,LADAKH,0,1.0
1788420903.447,5107.5,2101.8,72.0,78.2,80.8,77.6,79.8,779.9,785.5,782.9,785.3,4.86,57.4,11.2,3.0,38.8,0.74,14.13,3.9,LANE_A,20000.0,-22.0,91.6,CRUISE_LOITER,LADAKH,0,1.0
1788420903.942,5101.5,2099.4,72.0,78.3,80.3,77.8,80.5,780.4,784.1,782.6,785.4,4.89,57.6,11.1,3.0,38.6,0.73,14.09,4.0,LANE_A,20000.0,-22.0,91.6,CRUISE_LOITER,LADAKH,0,1.0
1788420904.456,5126.4,2109.6,72.0,77.8,80.5,77.8,79.9,782.2,784.4,780.3,784.2,4.85,57.7,11.1,3.0,38.8,0.72,14.16,4.1,LANE_A,20000.0,-22.0,91.7,CRUISE_LOITER,LADAKH,0,1.0
1788420904.964,5108.4,2102.2,72.0,78.1,80.6,77.6,79.9,782.4,784.1,779.5,785.4,4.86,57.3,11.1,3.0,38.7,0.72,14.09,4.1,LANE_A,20000.0,-22.0,91.7,CRUISE_LOITER,LADAKH,0,1.0
1788420905.472,5141.0,2115.6,72.0,78.1,80.6,77.4,80.1,779.5,786.0,784.8,785.4,4.91,57.3,11.1,3.0,38.5,0.72,14.14,4.2,LANE_A,20000.0,-22.0,91.7,CRUISE_LOITER,LADAKH,0,1.0
1788420905.981,5114.6,2104.8,72.0,78.0,80.5,77.6,80.1,780.4,784.0,782.0,787.3,4.85,57.4,11.1,3.0,38.8,0.71,14.1,4.0,LANE_A,20000.0,-22.0,91.8,CRUISE_LOITER,LADAKH,0,1.0
1788420906.486,5128.5,2110.5,72.0,78.0,80.5,77.9,80.2,780.9,785.0,783.2,785.3,4.95,57.4,10.9,3.0,38.6,0.72,14.09,4.1,LANE_A,20000.0,-22.0,91.8,CRUISE_LOITER,LADAKH,0,1.0
1788420906.992,5114.9,2104.9,72.0,78.1,80.5,77.5,80.2,781.2,782.7,782.0,784.6,4.94,57.4,11.1,3.0,38.6,0.71,14.09,4.1,LANE_A,20000.0,-22.0,91.8,CRUISE_LOITER,LADAKH,0,1.0
1788420907.491,5130.3,2111.2,72.0,78.0,80.7,77.6,80.0,782.1,784.1,783.7,785.5,4.9,57.5,11.1,3.0,38.7,0.71,14.08,4.1,LANE_A,20000.0,-22.0,91.9,CRUISE_LOITER,LADAKH,0,1.0
1788420908.008,5113.5,2104.3,72.0,78.3,80.7,77.3,79.9,780.1,784.4,784.1,785.1,4.91,57.7,11.0,3.0,38.9,0.73,14.1,4.1,LANE_A,20000.0,-22.0,91.9,CRUISE_LOITER,LADAKH,0,1.0
1788420908.514,5143.4,2116.6,72.0,77.7,80.3,77.7,80.1,780.6,787.3,782.5,785.6,4.88,57.4,11.1,3.0,38.5,0.74,14.1,4.1,LANE_A,20000.0,-22.0,91.9,CRUISE_LOITER,LADAKH,0,1.0
1788420909.013,5110.8,2103.2,72.0,78.2,80.2,77.7,79.8,780.1,783.9,783.4,785.7,4.89,57.4,11.1,3.0,38.6,0.71,14.09,4.0,LANE_A,20000.0,-22.0,92.0,CRUISE_LOITER,LADAKH,0,1.0
1788420909.531,5106.9,2101.6,72.0,78.2,80.3,77.4,80.0,780.3,785.4,782.1,786.4,4.88,57.4,11.1,3.0,38.9,0.72,14.1,3.9,LANE_A,20000.0,-22.0,92.0,CRUISE_LOITER,LADAKH,0,1.0
1788420910.036,5126.0,2109.5,72.0,77.8,80.8,77.6,80.5,778.8,784.3,783.8,784.8,4.86,57.5,11.1,3.0,38.8,0.71,14.13,4.0,LANE_A,20000.0,-22.0,92.0,CRUISE_LOITER,LADAKH,0,1.0
1788420910.545,5129.6,2111.0,72.0,78.2,80.6,77.3,79.9,781.5,786.9,784.4,786.7,4.93,57.3,11.0,3.0,38.8,0.74,14.11,4.0,LANE_A,20000.0,-22.0,92.1,CRUISE_LOITER,LADAKH,0,1.0
1788420911.052,5107.6,2101.9,72.0,78.2,80.5,77.3,80.0,778.5,784.4,783.2,786.4,4.91,57.6,11.2,3.0,38.9,0.71,14.08,4.0,LANE_A,20000.0,-22.0,92.1,CRUISE_LOITER,LADAKH,0,1.0
1788420911.56,5115.4,2105.1,72.0,78.0,80.7,77.8,79.8,781.6,787.6,784.0,785.5,4.89,57.5,11.1,3.0,38.4,0.7,14.09,4.1,LANE_A,20000.0,-22.0,92.1,CRUISE_LOITER,LADAKH,0,1.0
1788420912.068,5123.1,2108.3,72.0,78.0,80.7,77.7,79.9,781.2,785.5,781.7,786.0,4.91,57.7,11.1,3.0,38.6,0.71,14.13,4.0,LANE_A,20000.0,-22.0,92.1,CRUISE_LOITER,LADAKH,0,1.0
1788420912.575,5112.5,2103.9,72.0,78.0,80.5,77.4,80.1,780.2,785.3,782.0,786.4,4.85,57.6,11.0,3.0,38.7,0.7,14.13,4.1,LANE_A,20000.0,-22.0,92.2,CRUISE_LOITER,LADAKH,0,1.0
1788420913.081,5119.4,2106.7,72.0,77.9,80.3,77.5,80.2,781.3,785.8,782.4,788.0,4.91,57.3,11.2,3.0,38.7,0.72,14.13,4.0,LANE_A,20000.0,-22.0,92.2,CRUISE_LOITER,LADAKH,0,1.0
1788420913.578,5125.2,2109.1,72.0,78.2,80.6,78.0,80.1,778.9,785.7,783.8,784.0,4.84,57.5,11.1,3.0,38.7,0.69,14.13,4.2,LANE_A,20000.0,-22.0,92.2,CRUISE_LOITER,LADAKH,0,1.0
1788420914.087,5133.8,2112.7,72.0,78.2,80.5,77.7,80.5,781.4,785.1,785.8,786.3,4.9,57.6,11.0,3.0,38.5,0.74,14.07,4.0,LANE_A,20000.0,-22.0,92.3,CRUISE_LOITER,LADAKH,0,1.0
1788420914.596,5120.6,2107.2,72.0,77.6,80.6,77.4,79.9,779.6,787.5,783.7,786.0,4.91,57.6,11.1,3.0,38.7,0.73,14.07,4.0,LANE_A,20000.0,-22.0,92.3,CRUISE_LOITER,LADAKH,0,1.0
1788420915.105,5104.6,2100.6,72.0,78.0,80.4,77.4,79.9,780.0,787.8,782.2,785.1,4.89,57.3,11.0,3.0,38.7,0.71,14.12,4.1,LANE_A,20000.0,-22.0,92.3,CRUISE_LOITER,LADAKH,0,1.0
1788420915.62,5114.8,2104.9,72.0,78.0,80.7,77.4,80.1,781.3,787.3,781.2,785.3,4.9,57.6,11.1,3.0,38.5,0.75,14.11,4.2,LANE_A,20000.0,-22.0,92.3,CRUISE_LOITER,LADAKH,0,1.0
1788420916.406,5133.3,2112.5,72.0,78.3,80.6,77.7,80.0,781.4,785.1,781.7,785.5,4.86,57.5,11.2,3.0,38.8,0.71,14.1,3.9,LANE_A,20000.0,-22.0,92.4,CRUISE_LOITER,LADAKH,0,1.0
1788420916.916,5127.2,2110.0,72.0,77.8,80.2,77.5,79.9,781.0,784.4,782.3,783.4,4.89,57.2,11.1,3.0,38.7,0.72,14.14,4.1,LANE_A,20000.0,-22.0,92.4,CRUISE_LOITER,LADAKH,0,1.0
1788420917.422,5127.2,2110.0,72.0,78.1,80.5,77.4,80.0,782.7,784.4,781.8,785.9,4.83,57.4,11.0,3.0,38.7,0.71,14.11,4.0,LANE_A,20000.0,-22.0,92.4,CRUISE_LOITER,LADAKH,0,1.0
1788420917.927,5136.0,2113.6,72.0,77.7,80.5,77.3,80.1,780.6,786.1,782.6,784.7,4.84,57.7,11.2,3.0,39.0,0.71,14.1,4.1,LANE_A,20000.0,-22.0,92.4,CRUISE_LOITER,LADAKH,0,1.0
1788420918.436,5137.3,2114.1,72.0,78.0,80.3,77.7,80.2,782.5,786.7,784.5,786.9,4.85,57.6,11.1,3.0,38.8,0.73,14.11,4.0,LANE_A,20000.0,-22.0,92.4,CRUISE_LOITER,LADAKH,0,1.0
1788420918.943,5115.2,2105.0,72.0,78.3,80.4,77.8,80.1,781.2,786.7,781.9,784.6,4.92,57.8,11.1,3.0,38.6,0.71,14.09,4.1,LANE_A,20000.0,-22.0,92.5,CRUISE_LOITER,LADAKH,0,1.0
1788420919.44,5134.6,2113.0,72.0,78.0,80.6,77.7,80.0,783.4,786.8,782.6,782.1,4.86,57.5,11.1,3.0,38.8,0.73,14.07,4.3,LANE_A,20000.0,-22.0,92.5,CRUISE_LOITER,LADAKH,0,1.0
1788420919.956,5115.0,2104.9,72.0,78.2,80.4,77.5,79.9,778.8,786.1,783.6,782.8,4.87,57.4,11.1,3.0,38.6,0.73,14.09,4.3,LANE_A,20000.0,-22.0,92.5,CRUISE_LOITER,LADAKH,0,1.0
1788420920.453,5122.0,2107.8,72.0,78.1,80.0,77.5,80.2,780.1,784.7,783.4,784.3,4.84,57.5,11.1,3.0,39.0,0.7,14.13,4.3,LANE_A,20000.0,-22.0,92.5,CRUISE_LOITER,LADAKH,0,1.0
1788420920.969,5145.4,2117.5,72.0,77.8,80.5,77.4,79.8,783.3,786.3,783.5,786.1,4.88,57.3,11.2,3.0,38.7,0.71,14.1,4.1,LANE_A,20000.0,-22.0,92.6,CRUISE_LOITER,LADAKH,0,1.0
1788420921.478,5134.1,2112.8,72.0,77.8,80.7,77.4,80.0,778.6,786.4,782.4,786.0,4.91,57.5,11.1,3.0,38.9,0.72,14.12,4.1,LANE_A,20000.0,-22.0,92.6,CRUISE_LOITER,LADAKH,0,1.0
1788420921.985,5128.8,2110.6,72.0,78.1,80.7,77.7,80.0,780.2,786.1,781.0,787.5,4.9,57.7,11.0,3.0,38.7,0.72,14.1,4.1,LANE_A,20000.0,-22.0,92.6,CRUISE_LOITER,LADAKH,0,1.0
1788420922.495,5121.6,2107.7,72.0,78.2,80.5,77.6,80.2,781.4,784.7,781.9,785.7,4.9,57.6,11.2,3.0,38.8,0.71,14.14,4.2,LANE_A,20000.0,-22.0,92.6,CRUISE_LOITER,LADAKH,0,1.0
1788420923.0,5115.0,2104.9,72.0,78.0,80.6,77.5,80.2,781.2,783.7,781.4,785.0,4.91,57.6,11.1,3.0,38.8,0.69,14.06,4.3,LANE_A,20000.0,-22.0,92.6,CRUISE_LOITER,LADAKH,0,1.0
1788420923.504,5118.5,2106.4,72.0,78.3,80.5,77.4,79.9,780.4,785.6,783.3,785.2,4.86,57.3,11.0,3.0,38.7,0.73,14.12,4.0,LANE_A,20000.0,-22.0,92.7,CRUISE_LOITER,LADAKH,0,1.0
1788420924.011,5136.3,2113.7,72.0,78.2,80.6,77.7,80.0,780.8,785.7,781.3,785.1,4.9,57.6,11.1,3.0,38.7,0.7,14.1,4.1,LANE_A,20000.0,-22.0,92.7,CRUISE_LOITER,LADAKH,0,1.0
1788420924.522,5128.9,2110.7,72.0,78.3,80.5,77.7,80.1,781.0,786.4,782.4,784.9,4.91,57.3,11.2,3.0,38.8,0.71,14.11,4.0,LANE_A,20000.0,-22.0,92.7,CRUISE_LOITER,LADAKH,0,1.0
1788420925.018,5144.5,2117.1,72.0,78.0,80.7,77.5,80.1,782.8,786.9,781.6,787.0,4.94,57.5,11.1,3.0,38.5,0.68,14.11,4.1,LANE_A,20000.0,-22.0,92.7,CRUISE_LOITER,LADAKH,0,1.0
1788420925.538,5127.1,2109.9,72.0,78.0,80.5,77.8,79.9,782.9,784.9,784.1,786.7,4.9,57.9,11.0,3.0,38.7,0.7,14.1,4.3,LANE_A,20000.0,-22.0,92.7,CRUISE_LOITER,LADAKH,0,1.0
1788420926.044,5109.5,2102.7,72.0,78.0,80.7,77.9,80.4,780.5,787.1,783.2,784.6,4.91,57.5,11.1,3.1,38.6,0.72,14.09,4.0,LANE_A,20000.0,-22.0,92.7,CRUISE_LOITER,LADAKH,0,1.0
1788420926.551,5129.2,2110.8,72.0,78.1,80.6,77.8,80.1,778.1,785.6,782.5,784.0,4.9,57.5,11.2,3.0,38.9,0.74,14.12,3.9,LANE_A,20000.0,-22.0,92.8,CRUISE_LOITER,LADAKH,0,1.0
1788420927.059,5135.7,2113.4,72.0,77.8,80.5,77.6,80.4,784.0,786.2,784.0,784.0,4.86,57.7,11.2,3.0,38.9,0.71,14.08,4.2,LANE_A,20000.0,-22.0,92.8,CRUISE_LOITER,LADAKH,0,1.0
1788420927.565,5131.0,2111.5,72.0,78.2,80.4,77.6,80.1,781.1,785.8,782.0,788.2,4.89,57.4,11.1,3.0,38.6,0.71,14.11,4.3,LANE_A,20000.0,-22.0,92.8,CRUISE_LOITER,LADAKH,0,1.0
1788420928.061,5122.8,2108.1,72.0,78.3,80.8,77.5,80.0,779.9,785.7,784.6,786.9,4.95,57.4,11.0,3.0,38.7,0.69,14.11,4.0,LANE_A,20000.0,-22.0,92.8,CRUISE_LOITER,LADAKH,0,1.0
1788420928.578,5135.4,2113.3,72.0,78.1,80.8,77.5,80.1,781.0,787.2,782.4,785.7,4.9,57.6,11.1,3.0,38.9,0.74,14.13,4.1,LANE_A,20000.0,-22.0,92.8,CRUISE_LOITER,LADAKH,0,1.0
1788420929.086,5137.0,2114.0,72.0,78.4,80.7,77.6,80.0,780.8,786.2,781.0,785.8,4.89,57.7,11.2,3.0,38.7,0.73,14.1,4.1,LANE_A,20000.0,-22.0,92.8,CRUISE_LOITER,LADAKH,0,1.0
1788420929.593,5130.9,2111.5,72.0,77.8,80.6,77.7,80.0,783.1,784.9,784.4,786.8,4.85,57.7,11.2,3.0,38.6,0.7,14.08,4.2,LANE_A,20000.0,-22.0,92.8,CRUISE_LOITER,LADAKH,0,1.0
1788420930.101,5101.2,2099.2,72.0,78.0,80.6,77.5,80.0,782.0,785.4,782.9,785.6,4.91,57.7,11.0,3.0,38.7,0.71,14.08,4.2,LANE_A,20000.0,-22.0,92.9,CRUISE_LOITER,LADAKH,0,1.0
1788420930.61,5127.1,2109.9,72.0,78.1,80.4,77.4,80.1,783.2,783.7,783.9,785.0,4.94,57.8,11.1,3.0,38.9,0.71,14.1,3.9,LANE_A,20000.0,-22.0,92.9,CRUISE_LOITER,LADAKH,0,1.0
1788420931.118,5117.2,2105.8,72.0,78.1,80.8,77.6,80.2,782.1,785.5,783.3,785.8,4.91,57.6,11.1,3.0,38.8,0.73,14.11,3.9,LANE_A,20000.0,-22.0,92.9,CRUISE_LOITER,LADAKH,0,1.0
1788420931.625,5135.3,2113.3,72.0,78.3,80.7,77.7,80.3,781.8,788.1,782.2,788.2,4.87,57.5,11.0,3.0,38.6,0.72,14.08,4.1,LANE_A,20000.0,-22.0,92.9,CRUISE_LOITER,LADAKH,0,1.0
1788420932.135,5113.0,2104.1,72.0,78.2,80.5,77.5,80.1,780.7,783.4,782.1,786.0,4.95,57.5,11.2,3.0,38.8,0.68,14.1,4.1,LANE_A,20000.0,-22.0,92.9,CRUISE_LOITER,LADAKH,0,1.0
1788420932.645,5122.7,2108.1,72.0,78.3,81.0,77.9,80.3,781.6,785.5,782.2,785.5,4.9,57.8,11.0,3.0,38.8,0.73,14.1,4.2,LANE_A,20000.0,-22.0,92.9,CRUISE_LOITER,LADAKH,0,1.0
1788420933.151,5129.8,2111.0,72.0,78.1,80.9,77.7,80.1,780.8,787.4,784.9,787.0,4.88,57.7,11.1,3.0,38.8,0.71,14.09,4.1,LANE_A,20000.0,-22.0,92.9,CRUISE_LOITER,LADAKH,0,1.0
1788420933.657,5126.6,2109.7,72.0,78.0,80.4,77.6,80.0,781.3,785.2,783.1,785.4,4.88,57.4,11.2,3.0,38.9,0.7,14.1,3.9,LANE_A,20000.0,-22.0,92.9,CRUISE_LOITER,LADAKH,0,1.0
1788420934.163,5125.3,2109.2,72.0,77.9,80.7,77.7,80.3,782.2,788.0,783.0,785.8,4.96,57.9,11.2,3.0,38.9,0.73,14.12,4.2,LANE_A,20000.0,-22.0,92.9,CRUISE_LOITER,LADAKH,0,1.0
1788420934.674,5125.1,2109.1,72.0,78.3,80.7,77.6,80.2,781.5,787.1,783.1,786.5,4.92,57.9,11.0,3.0,38.9,0.69,14.13,4.1,LANE_A,20000.0,-22.0,92.9,CRUISE_LOITER,LADAKH,0,1.0
1788420935.184,5148.3,2118.6,72.0,78.5,80.8,77.8,80.2,780.4,787.8,783.4,787.4,4.92,57.9,11.2,3.0,38.9,0.69,14.12,4.0,LANE_A,20000.0,-22.0,92.9,CRUISE_LOITER,LADAKH,0,1.0
1788420935.689,5118.8,2106.5,72.0,78.5,81.0,78.1,80.4,782.3,787.9,783.0,787.3,4.88,57.9,11.0,3.0,38.9,0.72,14.15,4.1,LANE_A,20000.0,-22.0,93.0,CRUISE_LOITER,LADAKH,0,1.0
1788420936.474,5121.7,2107.7,72.0,78.1,80.6,78.0,80.0,783.2,786.5,783.8,785.3,4.9,57.4,11.2,3.0,38.8,0.72,14.13,4.1,LANE_A,20000.0,-22.0,93.0,CRUISE_LOITER,LADAKH,0,1.0
1788420936.979,5129.3,2110.8,72.0,78.4,80.7,77.7,80.2,780.6,784.2,784.4,785.2,4.91,57.8,11.1,3.0,38.9,0.72,14.13,4.1,LANE_A,20000.0,-22.0,93.0,CRUISE_LOITER,LADAKH,0,1.0
1788420937.474,5146.5,2117.9,72.0,78.2,80.6,77.9,80.4,780.8,786.3,781.7,786.5,4.91,57.5,11.1,3.0,38.9,0.71,14.1,4.1,LANE_A,20000.0,-22.0,93.0,CRUISE_LOITER,LADAKH,0,1.0
1788420937.995,5139.0,2114.8,72.0,78.1,80.7,77.8,80.1,779.5,786.8,781.8,786.8,4.89,57.5,11.2,3.0,38.8,0.74,14.13,4.2,LANE_A,20000.0,-22.0,93.0,CRUISE_LOITER,LADAKH,0,1.0
1788420938.501,5131.2,2111.6,72.0,78.2,80.7,77.7,80.3,781.2,785.9,782.9,786.0,4.9,57.5,11.3,3.0,38.8,0.71,14.1,4.3,LANE_A,20000.0,-22.0,93.0,CRUISE_LOITER,LADAKH,0,1.0
1788420939.009,5142.5,2116.2,72.0,78.1,80.8,77.8,80.5,780.1,784.5,780.7,784.2,4.87,57.5,11.1,3.0,38.7,0.73,14.07,4.1,LANE_A,20000.0,-22.0,93.0,CRUISE_LOITER,LADAKH,0,1.0
1788420939.519,5118.5,2106.4,72.0,78.3,80.8,77.7,80.1,781.1,785.1,782.7,785.9,4.91,57.8,11.3,3.0,38.8,0.72,14.12,4.1,LANE_A,20000.0,-22.0,93.0,CRUISE_LOITER,LADAKH,0,1.0
1788420940.025,5127.2,2110.0,72.0,78.4,80.8,77.8,80.2,779.0,785.2,782.9,785.3,4.91,57.9,11.3,3.0,38.8,0.74,14.13,4.1,LANE_A,20000.0,-22.0,93.0,CRUISE_LOITER,LADAKH,0,1.0
1788420940.529,5130.3,2111.2,72.0,78.1,80.8,77.8,80.1,781.2,784.8,782.3,787.0,4.95,58.0,11.3,3.0,38.8,0.74,14.13,4.2,LANE_A,20000.0,-22.0,93.0,CRUISE_LOITER,LADAKH,0,1.0
1788420941.038,5143.0,2116.5,72.0,78.2,80.7,77.8,80.6,781.3,785.9,782.6,787.3,4.95,57.8,11.1,3.0,38.8,0.74,14.09,4.0,LANE_A,20000.0,-22.0,93.0,CRUISE_LOITER,LADAKH,0,1.0
1788420941.544,5139.4,2115.0,72.0,78.2,81.0,77.7,80.5,781.0,787.8,784.3,786.3,4.9,57.6,11.2,3.0,38.7,0.72,14.1,4.1,LANE_A,20000.0,-22.0,93.0,CRUISE_LOITER,LADAKH,0,1.0
1788420942.053,5138.7,2114.7,72.0,78.4,80.6,77.8,80.1,781.9,787.1,783.2,786.0,4.9,57.8,11.1,3.0,38.9,0.71,14.09,4.2,LANE_A,20000.0,-22.0,93.0,CRUISE_LOITER,LADAKH,0,1.0
1788420942.562,5141.1,2115.7,72.0,78.2,80.8,77.5,80.2,780.9,785.3,783.1,787.2,4.86,57.4,11.3,3.0,38.9,0.72,14.11,4.2,LANE_A,20000.0,-22.0,93.0,CRUISE_LOITER,LADAKH,0,1.0
1788420943.067,5130.8,2111.4,72.0,78.2,80.8,77.8,80.7,782.2,786.0,781.7,786.5,4.88,57.7,11.1,3.0,38.8,0.72,14.03,4.0,LANE_A,20000.0,-22.0,93.0,CRUISE_LOITER,LADAKH,0,1.0
1788420943.576,5135.6,2113.4,72.0,78.1,80.8,78.1,80.7,782.2,786.3,784.1,785.1,4.91,57.7,11.2,3.0,39.1,0.72,14.1,4.0,LANE_A,20000.0,-22.0,93.0,CRUISE_LOITER,LADAKH,0,1.0
1788420944.085,5134.4,2112.9,72.0,78.5,80.8,77.8,80.5,782.0,785.1,782.3,787.5,4.95,57.5,11.1,3.0,39.0,0.74,14.13,4.2,LANE_A,20000.0,-22.0,93.0,CRUISE_LOITER,LADAKH,0,1.0
1788420944.583,5136.6,2113.8,72.0,78.4,80.8,78.1,80.2,781.3,784.9,784.5,785.5,4.87,57.9,11.2,3.0,39.2,0.75,14.12,4.0,LANE_A,20000.0,-22.0,93.0,CRUISE_LOITER,LADAKH,0,1.0
1788420945.092,5164.2,2125.2,72.0,78.4,81.0,78.2,80.7,778.6,783.9,784.1,787.1,4.9,57.6,11.2,3.0,39.1,0.71,14.12,4.2,LANE_A,20000.0,-22.0,93.0,CRUISE_LOITER,LADAKH,0,1.0
1788420945.612,5142.4,2116.2,72.0,78.3,81.1,78.1,80.3,781.7,786.9,783.3,785.9,4.88,57.7,11.1,3.0,39.0,0.72,14.09,4.0,LANE_A,20000.0,-22.0,93.0,CRUISE_LOITER,LADAKH,0,1.0
1788420946.118,5127.5,2110.1,72.0,78.3,81.2,78.0,80.3,784.5,787.1,782.8,784.8,4.91,57.9,11.1,3.0,39.0,0.72,14.11,4.1,LANE_A,20000.0,-22.0,93.0,CRUISE_LOITER,LADAKH,0,1.0
1788420946.626,5159.2,2123.1,72.0,78.2,80.7,78.0,80.5,782.2,788.3,783.0,785.8,4.89,57.9,11.2,3.0,38.9,0.74,14.11,4.0,LANE_A,20000.0,-22.0,93.0,CRUISE_LOITER,LADAKH,0,1.0
1788420947.341,5147.2,2118.2,72.0,78.6,80.9,78.1,80.7,781.9,787.6,786.2,786.7,4.89,58.1,11.0,3.0,39.1,0.7,14.13,4.1,LANE_A,20000.0,-22.0,93.0,CRUISE_LOITER,LADAKH,0,1.0
1788420947.848,5137.7,2114.3,72.0,78.5,80.9,77.8,80.7,779.3,785.6,782.4,785.5,4.91,58.1,11.2,3.0,39.2,0.73,14.11,4.1,LANE_A,20000.0,-22.0,93.0,CRUISE_LOITER,LADAKH,0,1.0
1788420948.366,5133.4,2112.5,72.0,78.2,80.9,77.9,80.6,781.1,786.7,782.8,787.3,4.85,58.1,11.2,3.0,39.0,0.72,14.09,4.0,LANE_A,20000.0,-22.0,93.0,CRUISE_LOITER,LADAKH,0,1.0
1788420948.872,5152.4,2120.3,72.0,78.8,80.9,77.8,80.6,779.0,786.6,785.2,785.4,4.85,58.1,11.2,3.0,39.0,0.69,14.09,4.2,LANE_A,20000.0,-22.0,93.0,CRUISE_LOITER,LADAKH,0,1.0
1788420949.381,5147.0,2118.1,72.0,78.7,81.0,78.0,80.5,779.3,787.8,784.4,784.5,4.84,58.2,11.1,3.0,38.7,0.71,14.08,4.1,LANE_A,20000.0,-22.0,93.0,CRUISE_LOITER,LADAKH,0,1.0
1788420949.887,5149.8,2119.2,72.0,78.3,80.7,78.0,80.6,780.2,789.5,782.6,787.1,4.86,58.1,11.3,3.0,38.7,0.72,14.12,4.2,LANE_A,20000.0,-22.0,93.0,CRUISE_LOITER,LADAKH,0,1.0
1788420950.395,5134.5,2113.0,72.0,78.4,81.0,78.1,80.5,780.6,787.7,784.0,785.1,4.89,58.3,11.2,3.0,38.7,0.7,14.11,4.1,LANE_A,20000.0,-22.0,92.9,CRUISE_LOITER,LADAKH,0,1.0
1788420950.904,5128.0,2110.3,72.0,78.7,81.1,78.0,80.5,781.8,785.8,783.4,787.1,4.93,58.1,11.3,3.0,38.9,0.71,14.1,4.0,LANE_A,20000.0,-22.0,92.9,CRUISE_LOITER,LADAKH,0,1.0
1788420951.408,5151.7,2120.0,72.0,78.3,81.0,78.5,80.5,781.2,785.8,784.2,787.0,4.88,57.9,11.2,3.0,38.9,0.71,14.07,4.1,LANE_A,20000.0,-22.0,92.9,CRUISE_LOITER,LADAKH,0,1.0
1788420951.916,5129.7,2111.0,72.0,78.6,80.9,77.8,80.7,781.7,784.0,783.9,786.0,4.83,58.0,11.2,3.0,39.1,0.71,14.09,4.0,LANE_A,20000.0,-22.0,92.9,CRUISE_LOITER,LADAKH,0,1.0
1788420952.426,5138.4,2114.6,72.0,78.7,81.1,77.8,80.4,779.6,786.2,784.6,786.0,4.88,58.1,11.3,3.0,38.9,0.71,14.13,4.3,LANE_A,20000.0,-22.0,92.9,CRUISE_LOITER,LADAKH,0,1.0
1788420952.932,5126.8,2109.8,72.0,78.4,81.0,78.2,80.5,783.4,785.4,782.3,787.1,4.89,58.0,11.1,3.0,39.0,0.72,14.08,4.3,LANE_A,20000.0,-22.0,92.9,CRUISE_LOITER,LADAKH,0,1.0
1788420953.438,5134.0,2112.7,72.0,78.2,81.2,77.9,80.9,781.4,785.9,783.8,786.5,4.88,57.8,11.1,3.0,39.0,0.68,14.12,4.1,LANE_A,20000.0,-22.0,92.9,CRUISE_LOITER,LADAKH,0,1.0
1788420953.944,5153.7,2120.9,72.0,78.5,80.9,78.3,80.8,781.8,784.0,782.8,785.6,4.89,58.1,11.2,3.0,39.0,0.71,14.09,4.0,LANE_A,20000.0,-22.0,92.9,CRUISE_LOITER,LADAKH,0,1.0
1788420954.442,5117.5,2106.0,72.0,78.5,81.2,78.2,80.5,782.4,786.6,782.5,785.0,4.9,58.4,11.3,3.0,39.0,0.71,14.08,4.1,LANE_A,20000.0,-22.0,92.9,CRUISE_LOITER,LADAKH,0,1.0
1788420954.962,5126.6,2109.7,72.0,78.5,81.2,78.1,80.6,783.0,785.8,784.0,785.5,4.95,58.0,11.1,3.0,39.0,0.73,14.1,4.2,LANE_A,20000.0,-22.0,92.9,CRUISE_LOITER,LADAKH,0,1.0
1788420955.468,5141.3,2115.7,72.0,78.6,81.1,78.5,80.4,780.4,785.5,783.6,785.2,4.91,58.1,11.3,3.0,39.1,0.73,14.11,4.2,LANE_A,20000.0,-22.0,92.8,CRUISE_LOITER,LADAKH,0,1.0
1788420956.271,5158.1,2122.7,72.0,78.5,81.2,78.1,80.8,781.7,785.0,782.5,785.0,4.87,58.3,11.1,3.0,39.0,0.73,14.09,4.2,LANE_A,20000.0,-22.0,92.8,CRUISE_LOITER,LADAKH,0,1.0
1788420956.779,5159.0,2123.0,72.0,78.8,81.1,77.9,80.5,780.5,787.0,782.3,787.7,4.87,57.9,11.2,3.0,39.0,0.71,14.1,4.2,LANE_A,20000.0,-22.0,92.8,CRUISE_LOITER,LADAKH,0,1.0
1788420957.287,5137.0,2114.0,72.0,78.8,81.3,78.1,80.8,780.4,787.6,783.3,786.5,4.86,58.4,11.2,3.0,39.0,0.73,14.11,4.0,LANE_A,20000.0,-22.0,92.8,CRUISE_LOITER,LADAKH,0,1.0
1788420957.79,5135.4,2113.3,72.0,78.7,81.1,78.4,80.7,784.9,786.1,782.5,785.2,4.89,58.2,11.1,3.0,39.1,0.69,14.12,4.4,LANE_A,20000.0,-22.0,92.8,CRUISE_LOITER,LADAKH,0,1.0
1788420958.298,5126.5,2109.7,72.0,78.7,81.0,78.1,80.7,783.4,786.5,785.1,786.7,4.9,58.2,11.1,3.0,39.1,0.72,14.11,4.2,LANE_A,20000.0,-22.0,92.8,CRUISE_LOITER,LADAKH,0,1.0
1788420958.803,5144.7,2117.2,72.0,78.8,81.4,78.3,81.0,780.2,786.5,784.6,786.9,4.92,58.5,11.2,3.0,39.1,0.75,14.08,4.2,LANE_A,20000.0,-22.0,92.8,CRUISE_LOITER,LADAKH,0,1.0
1788420959.311,5137.8,2114.3,72.0,79.0,81.2,78.3,80.6,780.6,784.4,783.5,786.5,5.02,58.3,11.3,3.0,38.8,0.71,14.13,4.0,LANE_A,20000.0,-22.0,92.8,CRUISE_LOITER,LADAKH,0,1.0
1788420959.821,5132.6,2112.2,72.0,78.9,81.2,78.2,80.9,781.1,786.9,785.6,787.8,4.89,58.0,11.2,3.0,39.1,0.74,14.1,4.1,LANE_A,20000.0,-22.0,92.7,CRUISE_LOITER,LADAKH,0,1.0
1788420960.33,5152.0,2120.2,72.0,79.0,81.5,78.2,80.7,781.5,784.9,782.6,785.1,4.93,58.2,11.3,3.0,38.9,0.71,14.1,4.2,LANE_A,20000.0,-22.0,92.7,CRUISE_LOITER,LADAKH,0,1.0
1788420960.836,5151.0,2119.7,72.0,78.8,81.3,78.1,80.8,782.0,786.8,784.5,786.1,4.86,58.3,11.3,3.0,39.1,0.71,14.14,4.0,LANE_A,20000.0,-22.0,92.7,CRUISE_LOITER,LADAKH,0,1.0
1788420961.347,5146.5,2117.9,72.0,79.0,81.3,78.1,80.6,782.0,785.9,783.6,785.9,4.91,58.1,11.3,3.0,39.0,0.72,14.11,4.1,LANE_A,20000.0,-22.0,92.7,CRUISE_LOITER,LADAKH,0,1.0
1788420961.846,5163.4,2124.9,72.0,78.8,81.3,78.4,81.1,782.3,786.1,782.3,784.7,4.91,58.2,11.2,3.0,39.0,0.72,14.08,4.0,LANE_A,20000.0,-22.0,92.7,CRUISE_LOITER,LADAKH,0,1.0
1788420962.362,5158.4,2122.8,72.0,78.7,81.5,78.4,81.0,781.6,785.9,782.2,784.9,4.88,58.2,11.2,3.0,39.2,0.74,14.1,4.2,LANE_A,20000.0,-22.0,92.7,CRUISE_LOITER,LADAKH,0,1.0
1788420962.87,5142.0,2116.0,72.0,78.9,81.1,78.6,81.2,781.6,786.8,783.8,785.8,4.91,58.3,11.3,3.0,39.1,0.74,14.11,4.0,LANE_A,20000.0,-22.0,92.6,CRUISE_LOITER,LADAKH,0,1.0
1788420963.38,5161.8,2124.2,72.0,79.1,81.2,78.5,80.9,781.5,787.5,785.1,787.7,4.87,58.4,11.2,3.0,39.2,0.69,14.06,4.3,LANE_A,20000.0,-22.0,92.6,CRUISE_LOITER,LADAKH,0,1.0
1788420963.89,5131.7,2111.8,72.0,78.8,81.4,78.5,80.9,783.4,785.4,782.0,787.8,4.91,58.2,11.2,3.0,39.3,0.73,14.15,4.0,LANE_A,20000.0,-22.0,92.6,CRUISE_LOITER,LADAKH,0,1.0
1788420964.399,5127.1,2109.9,72.0,78.9,81.5,78.2,81.0,781.8,785.2,785.2,786.2,4.89,58.3,11.1,3.0,39.3,0.72,14.14,4.2,LANE_A,20000.0,-22.0,92.6,CRUISE_LOITER,LADAKH,0,1.0
1788420964.903,5140.7,2115.5,72.0,79.3,81.7,78.4,81.0,781.5,787.4,782.6,785.6,4.91,58.4,11.3,3.0,39.0,0.74,14.11,4.0,LANE_A,20000.0,-22.0,92.6,CRUISE_LOITER,LADAKH,0,1.0
1788420965.41,5152.2,2120.2,72.0,79.0,81.4,78.8,80.9,780.2,784.7,783.2,787.8,4.92,58.6,11.1,3.0,39.0,0.72,14.08,4.0,LANE_A,20000.0,-22.0,92.5,CRUISE_LOITER,LADAKH,0,1.0
1788420965.922,5145.2,2117.4,72.0,79.1,81.3,78.4,81.1,781.2,786.9,783.5,788.0,4.89,58.4,11.2,3.0,39.0,0.71,14.1,4.1,LANE_A,20000.0,-22.0,92.5,CRUISE_LOITER,LADAKH,0,1.0
1788420966.427,5128.3,2110.4,72.0,79.1,81.6,78.6,81.2,781.0,789.1,782.7,786.8,4.9,58.5,11.2,3.0,39.0,0.73,14.07,4.2,LANE_A,20000.0,-22.0,92.5,CRUISE_LOITER,LADAKH,0,1.0
1788420966.932,5158.8,2123.0,72.0,79.0,81.5,78.5,81.0,781.5,788.0,782.1,786.1,4.89,58.3,11.4,3.0,38.9,0.74,14.11,4.0,LANE_A,20000.0,-22.0,92.5,CRUISE_LOITER,LADAKH,0,1.0
1788420967.43,5140.8,2115.5,72.0,78.9,81.4,78.6,81.2,780.9,784.9,784.0,786.4,4.88,58.2,11.2,3.0,39.1,0.71,14.09,3.9,LANE_A,20000.0,-22.0,92.4,CRUISE_LOITER,LADAKH,0,1.0
1788420967.947,5133.0,2112.3,72.0,79.1,81.7,78.8,81.2,780.5,786.5,782.3,784.9,4.87,58.6,11.3,3.0,39.2,0.73,14.12,4.2,LANE_A,20000.0,-22.0,92.4,CRUISE_LOITER,LADAKH,0,1.0
1788420968.455,5140.5,2115.4,72.0,79.2,81.5,78.6,80.8,779.9,786.5,782.3,785.8,4.88,58.6,11.3,3.0,38.9,0.73,14.1,4.1,LANE_A,20000.0,-22.0,92.4,CRUISE_LOITER,LADAKH,0,1.0
1788420968.963,5161.8,2124.2,72.0,79.1,81.4,78.6,81.5,781.1,784.7,782.9,787.6,4.92,58.5,11.3,3.0,39.1,0.72,14.08,4.0,LANE_A,20000.0,-22.0,92.4,CRUISE_LOITER,LADAKH,0,1.0
1788420969.471,5152.9,2120.5,72.0,79.0,81.5,78.5,81.1,781.1,789.3,783.7,785.6,4.94,58.5,11.3,3.0,39.0,0.72,14.1,4.0,LANE_A,20000.0,-22.0,92.3,CRUISE_LOITER,LADAKH,0,1.0
1788420969.981,5153.8,2120.9,72.0,78.8,81.8,78.6,81.2,783.5,785.2,782.7,787.6,4.86,58.1,11.3,3.0,39.2,0.74,14.07,4.1,LANE_A,20000.0,-22.0,92.3,CRUISE_LOITER,LADAKH,0,1.0
1788420970.49,5140.7,2115.5,72.0,79.0,81.8,78.5,81.4,780.8,788.2,783.0,785.6,4.89,58.5,11.2,3.0,39.3,0.73,14.1,4.0,LANE_A,20000.0,-22.0,92.3,CRUISE_LOITER,LADAKH,0,1.0
1788420970.999,5138.4,2114.5,72.0,79.2,81.7,78.3,81.1,781.8,789.9,783.1,786.4,4.9,58.4,11.2,3.0,39.1,0.73,14.1,4.1,LANE_A,20000.0,-22.0,92.3,CRUISE_LOITER,LADAKH,0,1.0
1788420971.505,5141.8,2116.0,72.0,79.1,82.0,78.7,81.3,782.2,787.0,782.5,786.2,4.88,58.7,11.3,3.0,39.2,0.69,14.12,4.0,LANE_A,20000.0,-22.0,92.2,CRUISE_LOITER,LADAKH,0,1.0
1788420972.017,5156.3,2121.9,72.0,79.1,82.0,78.9,81.1,782.0,786.9,786.5,785.7,4.84,58.7,11.2,3.0,39.2,0.7,14.1,4.1,LANE_A,20000.0,-22.0,92.2,CRUISE_LOITER,LADAKH,0,1.0
1788420972.525,5140.0,2115.2,72.0,79.2,81.8,78.8,81.4,783.3,784.4,785.0,786.5,4.86,58.5,11.2,3.0,39.1,0.69,14.1,4.1,LANE_A,20000.0,-22.0,92.2,CRUISE_LOITER,LADAKH,0,1.0
1788420973.032,5163.3,2124.8,72.0,79.4,81.6,78.9,81.3,780.7,786.2,782.2,787.1,4.81,58.8,11.2,3.0,39.2,0.73,14.1,3.9,LANE_A,20000.0,-22.0,92.2,CRUISE_LOITER,LADAKH,0,1.0
1788420973.539,5134.3,2112.9,72.0,79.3,81.7,79.1,81.1,782.2,786.3,784.1,787.2,4.86,58.6,11.2,3.0,39.6,0.74,14.11,4.0,LANE_A,20000.0,-22.0,92.1,CRUISE_LOITER,LADAKH,0,1.0
1788420974.045,5142.3,2116.2,72.0,79.4,82.0,79.2,81.0,779.2,785.7,785.5,787.7,4.92,58.8,11.3,3.0,39.2,0.73,14.12,4.1,LANE_A,20000.0,-22.0,92.1,CRUISE_LOITER,LADAKH,0,1.0
1788420974.553,5153.8,2120.9,72.0,79.4,81.8,78.8,81.5,782.3,785.0,782.3,788.0,4.87,58.6,11.2,3.0,39.2,0.72,14.11,4.1,LANE_A,20000.0,-22.0,92.1,CRUISE_LOITER,LADAKH,0,1.0
1788420975.063,5141.9,2116.0,72.0,79.0,82.1,78.6,81.2,783.2,788.4,784.5,785.8,4.87,58.8,11.4,3.0,39.1,0.74,14.11,4.2,LANE_A,20000.0,-22.0,92.1,CRUISE_LOITER,LADAKH,0,1.0
1788420975.573,5141.0,2115.6,72.0,79.6,81.7,78.8,81.7,782.0,786.8,783.1,786.7,4.84,58.7,11.3,3.0,39.2,0.72,14.09,4.2,LANE_A,20000.0,-22.0,92.0,CRUISE_LOITER,LADAKH,0,1.0
1788420976.373,5159.5,2123.3,72.0,79.4,82.1,78.9,81.4,782.9,787.9,783.9,786.4,4.89,58.7,11.2,3.0,39.0,0.7,14.09,4.0,LANE_A,20000.0,-22.0,92.0,CRUISE_LOITER,LADAKH,0,1.0
1788420976.879,5139.1,2114.8,72.0,79.7,81.8,78.8,81.3,779.5,789.6,783.6,785.8,4.84,58.6,11.3,3.0,39.0,0.75,14.11,4.1,LANE_A,20000.0,-22.0,92.0,CRUISE_LOITER,LADAKH,0,1.0
1788420977.386,5176.9,2130.4,72.0,79.3,82.0,79.0,81.6,781.5,786.8,783.7,787.7,4.84,58.8,11.2,3.0,39.3,0.72,14.09,4.2,LANE_A,20000.0,-22.0,91.9,CRUISE_LOITER,LADAKH,0,1.0
1788420977.895,5142.4,2116.2,72.0,79.6,81.8,78.7,81.3,781.4,785.2,785.1,785.7,4.85,58.8,11.3,3.0,39.1,0.74,14.13,4.1,LANE_A,20000.0,-22.0,91.9,CRUISE_LOITER,LADAKH,0,1.0
1788420978.4,5167.1,2126.4,72.0,79.6,82.1,79.1,81.4,782.7,786.0,784.9,787.7,4.89,58.7,11.3,3.0,39.1,0.71,14.12,4.1,LANE_A,20000.0,-22.0,91.9,CRUISE_LOITER,LADAKH,0,1.0
1788420978.909,5155.8,2121.7,72.0,79.8,82.1,79.2,81.5,781.8,787.2,781.9,786.6,4.85,59.0,11.3,3.0,39.3,0.74,14.1,4.0,LANE_A,20000.0,-22.0,91.8,CRUISE_LOITER,LADAKH,0,1.0
1788420979.419,5154.6,2121.2,72.0,79.7,82.1,79.2,81.6,780.3,786.0,783.2,788.0,4.9,59.1,11.3,3.0,39.3,0.72,14.09,4.3,LANE_A,20000.0,-22.0,91.8,CRUISE_LOITER,LADAKH,0,1.0
1788420979.925,5146.7,2118.0,72.0,79.6,81.9,79.0,81.7,780.1,786.6,783.3,787.4,4.9,59.0,11.3,3.0,39.4,0.7,14.09,3.9,LANE_A,20000.0,-22.0,91.8,CRUISE_LOITER,LADAKH,0,1.0
1788420980.432,5167.0,2126.3,72.0,79.2,82.3,79.4,81.8,783.8,787.0,782.7,786.3,4.92,58.9,11.2,3.0,39.2,0.73,14.1,4.2,LANE_A,20000.0,-22.0,91.7,CRUISE_LOITER,LADAKH,0,1.0
1788420980.94,5165.2,2125.6,72.0,79.4,82.2,79.2,81.9,781.7,787.6,783.2,786.9,4.9,58.9,11.3,3.0,39.1,0.71,14.12,4.2,LANE_A,20000.0,-22.0,91.7,CRUISE_LOITER,LADAKH,0,1.0
1788420981.446,5162.4,2124.5,72.0,79.5,82.2,78.9,81.3,779.9,787.6,783.4,784.7,4.9,58.9,11.3,3.0,39.4,0.73,14.07,4.1,LANE_A,20000.0,-22.0,91.7,CRUISE_LOITER,LADAKH,0,1.0
1788420981.957,5164.3,2125.2,72.0,80.0,82.0,79.0,81.5,781.3,784.6,782.9,786.4,4.91,58.8,11.3,3.0,39.2,0.75,14.11,4.1,LANE_A,20000.0,-22.0,91.6,CRUISE_LOITER,LADAKH,0,1.0
1788420982.464,5161.6,2124.1,72.0,79.6,81.8,78.8,82.0,782.2,787.4,781.5,786.6,4.92,59.2,11.3,3.0,39.5,0.71,14.11,4.2,LANE_A,20000.0,-22.0,91.6,CRUISE_LOITER,LADAKH,0,1.0
1788420982.962,5129.3,2110.8,72.0,79.6,82.0,79.3,81.8,780.9,784.8,786.7,784.4,4.92,59.1,11.2,3.0,39.5,0.69,14.07,4.2,LANE_A,20000.0,-22.0,91.6,CRUISE_LOITER,LADAKH,0,1.0
1788420983.482,5140.6,2115.5,72.0,79.6,82.0,79.1,81.4,781.5,786.2,785.2,788.2,4.9,58.9,11.4,3.0,39.4,0.7,14.08,4.2,LANE_A,20000.0,-22.0,91.5,CRUISE_LOITER,LADAKH,0,1.0
1788420983.992,5168.7,2127.0,72.0,79.7,82.2,79.2,81.6,781.7,787.6,782.2,787.0,4.89,59.2,11.3,3.0,39.4,0.73,14.09,4.3,LANE_A,20000.0,-22.0,91.5,CRUISE_LOITER,LADAKH,0,1.0
1788420984.503,5153.2,2120.7,72.0,79.6,82.5,79.3,82.0,781.4,788.0,782.4,787.2,4.92,59.3,11.4,3.0,39.4,0.71,14.07,4.0,LANE_A,20000.0,-22.0,91.5,CRUISE_LOITER,LADAKH,0,1.0
1788420985.008,5172.5,2128.6,72.0,79.7,82.4,79.3,81.7,782.0,787.2,781.4,786.2,4.89,59.2,11.2,3.0,39.6,0.7,14.08,4.1,LANE_A,20000.0,-22.0,91.4,CRUISE_LOITER,LADAKH,0,1.0
1788420985.503,5175.1,2129.7,72.0,80.1,82.7,79.1,81.7,780.3,786.3,783.1,788.5,4.88,59.2,11.2,3.0,39.3,0.73,14.09,4.1,LANE_A,20000.0,-22.0,91.4,CRUISE_LOITER,LADAKH,0,1.0
1788420986.021,5151.1,2119.8,72.0,79.8,82.4,79.6,81.8,782.9,785.2,784.9,786.3,4.91,59.3,11.3,3.0,39.4,0.71,14.11,4.3,LANE_A,20000.0,-22.0,91.4,CRUISE_LOITER,LADAKH,0,1.0
1788420986.526,5174.5,2129.4,72.0,80.1,82.2,79.3,81.9,782.7,787.7,783.0,788.4,4.89,59.2,11.4,3.0,39.4,0.73,14.12,4.2,LANE_A,20000.0,-22.0,91.3,CRUISE_LOITER,LADAKH,0,1.0
1788420987.038,5165.5,2125.7,72.0,79.8,82.0,79.7,81.8,779.9,787.5,781.0,785.6,4.92,59.1,11.5,3.0,39.6,0.71,14.1,4.1,LANE_A,20000.0,-22.0,91.3,CRUISE_LOITER,LADAKH,0,1.0
1788420987.547,5158.4,2122.8,72.0,79.9,82.2,79.5,82.0,780.8,785.6,782.2,787.5,4.86,59.0,11.4,3.0,39.3,0.71,14.12,4.2,LANE_A,20000.0,-22.0,91.2,CRUISE_LOITER,LADAKH,0,1.0
1788420988.055,5168.3,2126.9,72.0,79.9,82.2,79.3,82.2,781.9,786.2,783.2,786.7,4.88,59.2,11.3,3.0,39.2,0.75,14.08,4.3,LANE_A,20000.0,-22.0,91.2,CRUISE_LOITER,LADAKH,0,1.0
1788420988.566,5167.9,2126.7,72.0,79.9,82.6,79.3,81.8,782.4,787.1,785.4,787.5,4.97,59.2,11.2,3.0,39.4,0.73,14.09,4.1,LANE_A,20000.0,-22.0,91.2,CRUISE_LOITER,LADAKH,0,1.0
1788420989.073,5153.0,2120.6,72.0,80.0,82.1,79.5,82.2,781.6,786.6,783.9,786.3,4.86,59.5,11.4,3.0,39.4,0.73,14.1,4.1,LANE_A,20000.0,-22.0,91.1,CRUISE_LOITER,LADAKH,0,1.0
1788420989.582,5161.6,2124.1,72.0,80.0,82.7,79.2,81.7,781.4,787.0,783.3,786.1,4.88,59.0,11.3,3.0,39.5,0.72,14.09,4.1,LANE_A,20000.0,-22.0,91.1,CRUISE_LOITER,LADAKH,0,1.0
1788420990.092,5150.9,2119.7,72.0,80.4,82.2,79.2,82.1,780.9,787.2,785.4,788.2,4.88,59.3,11.4,3.0,39.3,0.76,14.08,4.2,LANE_A,20000.0,-22.0,91.0,CRUISE_LOITER,LADAKH,0,1.0
1788420990.6,5167.3,2126.5,72.0,79.7,82.4,79.8,82.3,780.6,787.1,786.3,788.1,4.89,59.5,11.3,3.0,39.5,0.71,14.11,4.3,LANE_A,20000.0,-22.0,91.0,CRUISE_LOITER,LADAKH,0,1.0
1788420991.11,5169.3,2127.3,72.0,80.0,82.6,79.7,82.4,782.2,786.7,781.4,783.4,4.92,59.3,11.4,3.0,39.3,0.71,14.1,4.0,LANE_A,20000.0,-22.0,91.0,CRUISE_LOITER,LADAKH,0,1.0
1788420991.62,5174.2,2129.3,72.0,80.0,82.5,79.5,82.1,781.9,786.0,785.9,785.8,4.86,59.5,11.3,3.0,39.4,0.71,14.1,4.0,LANE_A,20000.0,-22.0,90.9,CRUISE_LOITER,LADAKH,0,1.0
1788420992.125,5193.0,2137.1,72.0,79.9,82.8,79.5,82.0,782.6,788.3,783.2,787.5,4.84,59.4,11.4,3.0,39.5,0.74,14.08,3.9,LANE_A,20000.0,-22.0,90.9,CRUISE_LOITER,LADAKH,0,1.0
1788420992.632,5170.1,2127.6,72.0,80.0,82.8,79.8,82.4,781.8,788.4,782.8,786.3,4.83,59.3,11.3,3.0,39.3,0.72,14.08,4.1,LANE_A,20000.0,-22.0,90.8,CRUISE_LOITER,LADAKH,0,1.0
1788420993.139,5148.2,2118.6,72.0,80.3,82.6,79.8,82.0,781.6,785.2,781.8,785.3,4.92,59.2,11.4,3.0,39.5,0.72,14.08,4.1,LANE_A,20000.0,-22.0,90.8,CRUISE_LOITER,LADAKH,0,1.0
1788420993.638,5158.5,2122.8,72.0,80.0,82.7,79.8,82.2,779.5,786.0,783.2,786.7,4.89,59.2,11.4,3.0,39.6,0.72,14.11,3.9,LANE_A,20000.0,-22.0,90.8,CRUISE_LOITER,LADAKH,0,1.0
1788420994.157,5150.2,2119.4,72.0,80.2,82.9,79.8,81.9,780.3,785.1,783.5,785.5,4.91,59.2,11.4,3.0,39.2,0.71,14.1,4.2,LANE_A,20000.0,-22.0,90.7,CRUISE_LOITER,LADAKH,0,1.0
1788420994.664,5159.4,2123.2,72.0,80.2,82.9,79.6,82.2,784.3,785.8,783.7,787.2,4.94,59.4,11.4,3.0,39.6,0.73,14.15,4.1,LANE_A,20000.0,-22.0,90.7,CRUISE_LOITER,LADAKH,0,1.0
1788420995.174,5150.3,2119.5,72.0,80.4,82.9,79.6,81.9,781.3,786.5,783.5,784.4,4.88,59.5,11.3,3.0,39.4,0.72,14.09,4.2,LANE_A,20000.0,-22.0,90.6,CRUISE_LOITER,LADAKH,0,1.0
1788420995.681,5153.4,2120.8,72.0,80.1,82.7,80.0,82.2,780.8,786.3,783.3,784.7,4.9,59.6,11.3,3.0,39.5,0.73,14.1,4.1,LANE_A,20000.0,-22.0,90.6,CRUISE_LOITER,LADAKH,0,1.0
1788420996.466,5159.4,2123.2,72.0,80.4,82.8,79.9,82.0,778.0,786.3,781.5,786.2,4.86,59.7,11.4,3.0,39.5,0.72,14.09,4.2,LANE_A,20000.0,-22.0,90.5,CRUISE_LOITER,LADAKH,0,1.0
1788420996.977,5174.4,2129.4,72.0,80.1,82.9,80.1,82.7,782.0,786.2,782.6,787.5,4.89,59.5,11.4,3.0,39.5,0.71,14.11,4.0,LANE_A,20000.0,-22.0,90.5,CRUISE_LOITER,LADAKH,0,1.0
1788420997.484,5160.5,2123.6,72.0,80.5,82.6,79.6,82.5,781.5,788.4,783.5,786.5,4.89,59.7,11.3,3.0,39.4,0.7,14.08,4.1,LANE_A,20000.0,-22.0,90.5,CRUISE_LOITER,LADAKH,0,1.0
1788420997.987,5178.9,2131.2,72.0,80.4,82.9,79.9,82.3,783.3,785.9,786.1,785.7,4.89,59.6,11.3,3.0,39.6,0.74,14.12,4.1,LANE_A,20000.0,-22.0,90.4,CRUISE_LOITER,LADAKH,0,1.0
1788420998.496,5154.4,2121.2,72.0,80.4,82.9,79.8,82.5,781.2,786.3,782.7,785.5,4.91,59.7,11.4,3.0,39.5,0.7,14.11,4.1,LANE_A,20000.0,-22.0,90.4,CRUISE_LOITER,LADAKH,0,1.0
1788420999.005,5179.5,2131.5,72.0,80.8,83.1,79.9,82.4,780.8,788.2,783.1,785.8,4.9,59.8,11.5,3.0,39.2,0.74,14.06,4.1,LANE_A,20000.0,-22.0,90.3,CRUISE_LOITER,LADAKH,0,1.0
1788420999.513,5159.7,2123.3,72.0,80.8,83.1,80.2,82.4,782.1,787.0,783.5,786.1,4.87,59.7,11.4,3.0,39.6,0.74,14.08,4.1,LANE_A,20000.0,-22.0,90.3,CRUISE_LOITER,LADAKH,0,1.0
1788421000.022,5187.1,2134.6,72.0,80.6,83.0,79.6,82.5,780.3,785.6,781.3,786.1,4.88,59.9,11.4,3.0,39.3,0.75,14.1,4.2,LANE_A,20000.0,-22.0,90.2,CRUISE_LOITER,LADAKH,0,1.0
1788421000.533,5156.7,2122.1,72.0,80.7,83.1,79.9,82.7,782.3,786.9,781.9,786.4,4.91,59.5,11.4,3.0,39.6,0.73,14.09,4.2,LANE_A,20000.0,-22.0,90.2,CRUISE_LOITER,LADAKH,0,1.0
1788421001.04,5175.6,2129.9,72.0,80.7,83.3,80.0,82.7,779.9,787.2,784.2,787.6,4.92,59.8,11.4,3.0,39.3,0.73,14.09,4.1,LANE_A,20000.0,-22.0,90.2,CRUISE_LOITER,LADAKH,0,1.0
1788421001.537,5164.1,2125.1,72.0,80.7,83.2,80.1,82.7,782.5,787.8,784.3,787.9,4.87,59.9,11.4,3.0,39.6,0.73,14.12,4.3,LANE_A,20000.0,-22.0,90.1,CRUISE_LOITER,LADAKH,0,1.0
1788421002.046,5183.2,2133.0,72.0,80.6,83.4,80.7,82.3,782.7,787.4,782.0,788.8,4.91,59.8,11.5,3.0,39.6,0.73,14.12,4.0,LANE_A,20000.0,-22.0,90.1,CRUISE_LOITER,LADAKH,0,1.0
1788421002.564,5178.8,2131.2,72.0,80.5,83.4,79.8,83.0,783.5,785.8,784.2,784.8,4.91,59.8,11.3,2.9,39.7,0.71,14.11,4.3,LANE_A,20000.0,-22.0,90.0,CRUISE_LOITER,LADAKH,0,1.0
1788421003.073,5169.4,2127.3,72.0,80.9,83.3,80.2,82.6,782.0,788.4,784.2,787.2,4.85,59.7,11.3,3.0,39.7,0.73,14.1,4.1,LANE_A,20000.0,-22.0,90.0,CRUISE_LOITER,LADAKH,0,1.0
1788421003.572,5155.8,2121.7,72.0,80.4,82.9,80.7,83.0,781.8,786.2,784.4,787.9,4.89,59.6,11.4,3.0,39.6,0.71,14.09,4.2,LANE_A,20000.0,-22.0,89.9,CRUISE_LOITER,LADAKH,0,1.0
1788421004.089,5158.3,2122.8,72.0,80.7,83.3,80.6,83.0,779.1,787.4,782.5,786.9,4.87,60.1,11.4,3.0,39.4,0.72,14.08,4.2,LANE_A,20000.0,-22.0,89.9,CRUISE_LOITER,LADAKH,0,1.0
1788421004.598,5158.3,2122.8,72.0,80.6,83.2,80.6,83.0,783.9,785.1,784.4,786.7,4.91,60.0,11.5,3.0,39.6,0.72,14.12,4.1,LANE_A,20000.0,-22.0,89.8,CRUISE_LOITER,LADAKH,0,1.0
1788421005.105,5160.5,2123.7,72.0,80.7,83.2,80.7,82.5,782.1,788.2,785.0,788.1,4.83,59.9,11.4,3.0,39.5,0.71,14.12,4.1,LANE_A,20000.0,-22.0,89.8,CRUISE_LOITER,LADAKH,0,1.0
1788421005.616,5138.0,2114.4,72.0,80.8,83.0,80.2,82.8,782.2,786.8,783.8,790.3,4.9,59.9,11.4,3.0,39.6,0.73,14.1,4.3,LANE_A,20000.0,-22.0,89.7,CRUISE_LOITER,LADAKH,0,1.0
1788421006.121,5146.8,2118.0,72.0,81.0,83.2,80.5,83.1,781.5,787.6,784.4,787.2,4.88,60.1,11.3,3.0,39.8,0.73,14.11,4.2,LANE_A,20000.0,-22.0,89.7,CRUISE_LOITER,LADAKH,0,1.0
1788421006.632,5169.5,2127.4,72.0,81.1,83.2,80.4,83.2,779.6,788.8,784.3,785.6,4.87,60.0,11.5,3.0,39.5,0.73,14.05,4.2,LANE_A,20000.0,-22.0,89.6,CRUISE_LOITER,LADAKH,0,1.0
1788421007.14,5168.1,2126.8,72.0,81.0,83.6,80.2,82.7,781.0,789.1,783.2,785.9,4.86,60.1,11.4,3.0,39.8,0.75,14.14,4.0,LANE_A,20000.0,-22.0,89.6,CRUISE_LOITER,LADAKH,0,1.0
1788421007.653,5178.8,2131.2,72.0,81.0,83.4,80.5,83.0,781.1,785.4,785.9,787.4,4.86,60.1,11.5,3.0,39.8,0.73,14.12,4.2,LANE_A,20000.0,-22.0,89.5,CRUISE_LOITER,LADAKH,0,1.0
1788421008.157,5184.6,2133.6,72.0,80.9,83.7,80.4,82.8,782.0,788.6,783.9,785.5,4.93,60.2,11.3,3.0,39.7,0.75,14.1,4.3,LANE_A,20000.0,-22.0,89.5,CRUISE_LOITER,LADAKH,0,1.0
1788421008.671,5156.4,2122.0,72.0,80.8,83.9,80.7,83.2,782.5,787.8,783.5,786.8,4.84,60.1,11.4,3.0,39.4,0.72,14.12,4.2,LANE_A,20000.0,-22.0,89.5,CRUISE_LOITER,LADAKH,0,1.0
1788421009.179,5187.2,2134.6,72.0,80.9,83.5,80.3,83.0,781.9,785.7,783.8,788.3,4.83,60.1,11.5,3.0,39.5,0.76,14.12,4.3,LANE_A,20000.0,-22.0,89.4,CRUISE_LOITER,LADAKH,0,1.0
1788421009.683,5192.1,2136.7,72.0,80.9,83.9,80.5,82.8,780.9,787.7,784.8,786.3,4.89,59.8,11.5,3.0,39.7,0.72,14.07,4.2,LANE_A,20000.0,-22.0,89.4,CRUISE_LOITER,LADAKH,0,1.0
1788421010.19,5166.8,2126.2,72.0,80.9,83.9,80.8,83.2,782.5,788.2,782.6,787.9,4.9,59.9,11.5,3.0,39.6,0.7,14.1,4.0,LANE_A,20000.0,-22.0,89.3,CRUISE_LOITER,LADAKH,0,1.0
1788421010.697,5176.4,2130.2,72.0,81.2,83.5,80.9,83.4,783.0,788.0,783.5,785.2,4.82,60.3,11.5,3.0,39.6,0.73,14.1,4.3,LANE_A,20000.0,-22.0,89.3,CRUISE_LOITER,LADAKH,0,1.0
1788421011.194,5148.6,2118.8,72.0,81.0,83.6,80.8,82.9,781.3,786.8,784.3,786.3,4.87,60.2,11.5,3.0,39.6,0.73,14.12,4.0,LANE_A,20000.0,-22.0,89.2,CRUISE_LOITER,LADAKH,0,1.0
1788421011.714,5163.6,2125.0,72.0,81.3,83.7,80.7,83.1,784.3,787.9,784.0,786.6,4.83,60.4,11.2,3.0,39.8,0.71,14.09,4.1,LANE_A,20000.0,-22.0,89.2,CRUISE_LOITER,LADAKH,0,1.0
1788421012.224,5167.4,2126.5,72.0,81.5,84.0,80.5,83.3,780.4,788.7,785.0,786.3,4.87,60.1,11.6,3.0,39.8,0.71,14.12,4.0,LANE_A,20000.0,-22.0,89.1,CRUISE_LOITER,LADAKH,0,1.0
1788421012.731,5166.3,2126.0,72.0,81.6,83.7,80.7,83.3,780.9,786.9,784.6,786.2,4.85,60.4,11.5,3.0,39.7,0.73,14.04,4.2,LANE_A,20000.0,-22.0,89.1,CRUISE_LOITER,LADAKH,0,1.0
1788421013.239,5198.2,2139.2,72.0,81.2,83.9,80.7,83.4,782.0,788.7,784.1,790.8,4.88,60.5,11.4,2.9,39.7,0.72,14.12,4.0,LANE_A,20000.0,-22.0,89.0,CRUISE_LOITER,LADAKH,0,1.0
1788421013.744,5159.0,2123.1,72.0,81.4,83.9,80.6,83.2,781.8,786.5,783.1,786.9,4.89,60.3,11.4,3.0,39.7,0.74,14.08,4.2,LANE_A,20000.0,-22.0,89.0,CRUISE_LOITER,LADAKH,0,1.0
1788421014.243,5175.3,2129.7,72.0,81.5,83.7,80.7,83.5,782.1,788.4,783.4,788.7,4.83,60.3,11.4,3.0,39.7,0.78,14.07,4.3,LANE_A,20000.0,-22.0,88.9,CRUISE_LOITER,LADAKH,0,1.0
1788421014.749,5162.5,2124.5,72.0,81.2,83.7,80.9,83.4,782.8,788.1,785.4,786.8,4.86,60.4,11.4,3.0,39.7,0.72,14.07,4.1,LANE_A,20000.0,-22.0,88.9,CRUISE_LOITER,LADAKH,0,1.0
1788421015.266,5176.9,2130.4,72.0,81.6,84.0,80.7,83.7,781.7,788.5,786.0,787.1,4.87,60.5,11.5,3.0,40.0,0.71,14.08,4.0,LANE_A,20000.0,-22.0,88.8,CRUISE_LOITER,LADAKH,0,1.0
1788421015.774,5177.7,2130.8,72.0,81.6,83.9,80.9,83.8,783.1,785.9,785.9,784.4,4.85,60.6,11.4,3.0,39.9,0.71,14.13,4.1,LANE_A,20000.0,-22.0,88.8,CRUISE_LOITER,LADAKH,0,1.0
1788421016.585,5176.5,2130.3,72.0,81.5,83.9,80.8,83.6,781.9,787.1,783.2,787.8,4.87,60.4,11.4,3.0,39.7,0.73,14.15,3.9,LANE_A,20000.0,-22.0,88.7,CRUISE_LOITER,LADAKH,0,1.0
1788421017.089,5198.5,2139.3,72.0,81.8,84.0,81.3,83.2,781.7,787.1,784.6,787.9,4.92,60.6,11.5,3.0,39.7,0.72,14.07,4.1,LANE_A,20000.0,-22.0,88.7,CRUISE_LOITER,LADAKH,0,1.0
1788421017.6,5180.9,2132.1,72.0,81.5,84.2,81.2,83.9,780.1,786.5,784.5,787.4,4.88,60.6,11.4,3.0,39.7,0.72,14.1,4.1,LANE_A,20000.0,-22.0,88.6,CRUISE_LOITER,LADAKH,0,1.0
1788421018.107,5164.9,2125.5,72.0,81.6,84.2,81.1,83.5,782.9,785.3,781.6,787.0,4.84,60.8,11.5,3.0,39.9,0.73,14.07,4.0,LANE_A,20000.0,-22.0,88.6,CRUISE_LOITER,LADAKH,0,1.0
1788421018.617,5188.3,2135.1,72.0,81.4,84.2,81.2,83.6,781.3,786.1,783.7,786.0,4.86,60.4,11.4,3.0,39.9,0.74,14.1,3.8,LANE_A,20000.0,-22.0,88.5,CRUISE_LOITER,LADAKH,0,1.0
1788421019.113,5183.2,2133.0,72.0,81.4,83.9,81.1,83.8,781.4,787.3,782.4,787.5,4.89,61.0,11.5,3.0,40.0,0.71,14.06,4.2,LANE_A,20000.0,-22.0,88.5,CRUISE_LOITER,LADAKH,0,1.0
1788421019.63,5172.2,2128.5,72.0,81.2,84.1,80.8,83.6,783.2,788.1,782.7,787.6,4.85,60.8,11.6,3.0,39.8,0.73,14.1,4.2,LANE_A,20000.0,-22.0,88.4,CRUISE_LOITER,LADAKH,0,1.0
1788421020.139,5181.1,2132.2,72.0,81.7,84.3,81.0,83.7,783.1,786.1,784.3,786.2,4.9,60.7,11.4,3.0,39.9,0.72,14.11,4.2,LANE_A,20000.0,-22.0,88.4,CRUISE_LOITER,LADAKH,0,1.0
1788421020.646,5188.0,2135.0,72.0,82.0,84.4,81.4,83.7,782.6,786.0,784.1,787.6,4.89,60.6,11.5,3.0,39.9,0.74,14.09,4.1,LANE_A,20000.0,-22.0,88.3,CRUISE_LOITER,LADAKH,0,1.0
1788421021.156,5175.9,2130.0,72.0,81.8,84.0,81.4,83.4,779.1,786.5,783.7,786.8,4.85,60.7,11.4,3.0,39.8,0.76,14.08,4.1,LANE_A,20000.0,-22.0,88.3,CRUISE_LOITER,LADAKH,0,1.0
1788421021.665,5186.7,2134.4,72.0,82.0,84.5,81.2,84.2,784.0,787.5,784.5,784.3,4.93,61.0,11.5,3.0,39.9,0.74,14.12,4.3,LANE_A,20000.0,-22.0,88.2,CRUISE_LOITER,LADAKH,0,1.0
1788421022.172,5181.2,2132.2,72.0,81.7,84.4,81.5,83.9,782.4,785.4,783.4,789.3,4.84,60.9,11.5,3.0,39.7,0.74,14.1,4.0,LANE_A,20000.0,-22.0,88.2,CRUISE_LOITER,LADAKH,0,1.0
1788421022.684,5167.4,2126.5,72.0,81.8,84.2,81.1,84.0,783.7,789.3,784.3,786.1,4.87,61.0,11.7,3.0,39.7,0.72,14.08,4.2,LANE_A,20000.0,-22.0,88.1,CRUISE_LOITER,LADAKH,0,1.0
1788421023.191,5180.2,2131.8,72.0,82.2,84.1,81.3,83.9,783.6,790.4,785.8,785.5,4.85,61.1,11.5,3.0,39.8,0.75,14.11,4.1,LANE_A,20000.0,-22.0,88.1,CRUISE_LOITER,LADAKH,0,1.0
1788421023.687,5183.6,2133.2,72.0,81.9,84.1,81.4,83.8,781.6,787.3,783.6,788.6,4.87,61.0,11.4,3.0,40.0,0.71,14.1,4.1,LANE_A,20000.0,-22.0,88.0,CRUISE_LOITER,LADAKH,0,1.0
1788421024.204,5178.2,2130.9,72.0,81.9,84.4,81.3,84.0,784.7,784.1,783.9,786.4,4.86,60.9,11.6,3.0,39.7,0.71,14.1,3.9,LANE_A,20000.0,-22.0,88.0,CRUISE_LOITER,LADAKH,0,1.0
1788421024.712,5185.0,2133.7,72.0,82.1,84.3,81.2,84.0,781.0,785.7,783.2,786.7,4.84,61.1,11.6,3.0,40.0,0.73,14.15,4.0,LANE_A,20000.0,-22.0,87.9,CRUISE_LOITER,LADAKH,0,1.0
1788421025.222,5176.3,2130.2,72.0,82.0,84.5,81.6,83.9,781.5,788.4,784.4,787.8,4.86,61.1,11.5,3.0,39.9,0.72,14.08,4.1,LANE_A,20000.0,-22.0,87.9,CRUISE_LOITER,LADAKH,0,1.0
1788421025.72,5177.9,2130.8,72.0,81.7,84.3,81.4,84.0,781.6,786.4,784.6,786.9,4.88,61.0,11.5,3.0,40.0,0.73,14.09,4.0,LANE_A,20000.0,-22.0,87.8,CRUISE_LOITER,LADAKH,0,1.0
1788421026.239,5164.6,2125.3,72.0,82.3,84.6,81.5,83.8,783.0,786.3,785.3,787.6,4.87,61.1,11.4,3.0,39.9,0.7,14.09,4.0,LANE_A,20000.0,-22.0,87.8,CRUISE_LOITER,LADAKH,0,1.0
1788421026.745,5187.5,2134.8,72.0,82.0,84.6,81.6,84.0,780.9,787.4,782.2,785.6,4.87,60.9,11.7,3.0,39.8,0.72,14.12,4.1,LANE_A,20000.0,-22.0,87.7,CRUISE_LOITER,LADAKH,0,1.0
1788421027.255,5190.1,2135.8,72.0,82.0,84.4,81.5,84.2,783.4,785.6,783.7,786.3,4.89,61.1,11.6,3.0,40.2,0.73,14.1,4.2,LANE_A,20000.0,-22.0,87.7,CRUISE_LOITER,LADAKH,0,1.0
1788421027.761,5173.0,2128.8,72.0,82.1,84.7,81.7,84.2,781.3,785.6,784.6,786.9,4.91,61.3,11.6,3.0,39.9,0.72,14.07,4.0,LANE_A,20000.0,-22.0,87.6,CRUISE_LOITER,LADAKH,0,1.0
1788421028.268,5182.2,2132.6,72.0,82.3,84.4,81.7,84.3,782.6,787.5,782.6,785.3,4.83,61.2,11.6,3.0,40.1,0.72,14.07,4.3,LANE_A,20000.0,-22.0,87.6,CRUISE_LOITER,LADAKH,0,1.0
1788421028.764,5190.0,2135.8,72.0,82.4,85.0,81.6,84.2,780.2,786.2,782.5,787.0,4.88,61.3,11.6,3.0,39.9,0.72,14.09,4.1,LANE_A,20000.0,-22.0,87.5,CRUISE_LOITER,LADAKH,0,1.0
1788421029.284,5177.8,2130.8,72.0,82.1,84.3,81.3,83.9,782.0,784.4,784.6,784.3,4.85,61.3,11.7,3.0,40.2,0.73,14.09,4.0,LANE_A,20000.0,-22.0,87.5,CRUISE_LOITER,LADAKH,0,1.0
1788421029.789,5189.4,2135.5,72.0,82.1,84.7,81.8,84.3,781.5,786.3,785.5,788.3,4.87,61.0,11.4,3.0,40.0,0.74,14.12,4.3,LANE_A,20000.0,-22.0,87.4,CRUISE_LOITER,LADAKH,0,1.0
1788421030.298,5185.7,2134.0,72.0,82.3,84.5,81.8,84.6,781.2,788.5,783.0,785.5,4.87,61.0,11.7,3.0,39.9,0.74,14.11,4.1,LANE_A,20000.0,-22.0,87.4,CRUISE_LOITER,LADAKH,0,1.0
1788421030.795,5197.6,2138.9,72.0,82.2,85.0,81.9,84.2,780.2,785.8,784.7,786.9,4.84,61.4,11.6,3.0,39.9,0.74,14.1,4.3,LANE_A,20000.0,-22.0,87.3,CRUISE_LOITER,LADAKH,0,1.0
1788421031.312,5182.3,2132.6,72.0,82.0,85.0,82.0,84.6,780.9,785.9,782.8,785.9,4.88,61.3,11.5,3.0,40.1,0.72,14.12,4.3,LANE_A,20000.0,-22.0,87.3,CRUISE_LOITER,LADAKH,0,1.0
1788421031.819,5173.7,2129.1,72.0,82.2,84.7,81.9,84.0,782.9,786.8,784.1,788.9,4.9,61.2,11.7,3.0,39.8,0.71,14.08,4.0,LANE_A,20000.0,-22.0,87.2,CRUISE_LOITER,LADAKH,0,1.0
1788421032.326,5180.3,2131.8,72.0,82.2,85.0,82.0,84.5,783.1,786.5,781.5,786.5,4.88,61.5,11.6,3.0,40.0,0.7,14.11,4.0,LANE_A,20000.0,-22.0,87.2,CRUISE_LOITER,LADAKH,0,1.0
1788421032.833,5195.6,2138.1,72.0,82.3,84.9,82.0,84.2,780.9,785.8,787.1,786.4,4.89,61.3,11.5,3.0,40.1,0.74,14.09,4.2,LANE_A,20000.0,-22.0,87.1,CRUISE_LOITER,LADAKH,0,1.0
1788421033.343,5168.5,2127.0,72.0,82.6,84.8,82.1,84.5,782.9,786.8,783.7,788.3,4.78,61.5,11.6,3.0,40.1,0.72,14.12,4.1,LANE_A,20000.0,-22.0,87.1,CRUISE_LOITER,LADAKH,0,1.0
1788421033.849,5180.7,2132.0,72.0,82.8,84.9,82.2,84.5,781.8,786.1,782.8,786.7,4.84,61.1,11.8,3.0,40.1,0.72,14.09,4.2,LANE_A,20000.0,-22.0,87.0,CRUISE_LOITER,LADAKH,0,1.0
1788421034.359,5170.8,2127.9,72.0,82.4,85.6,82.2,84.7,783.2,787.5,784.5,785.8,4.86,61.5,11.7,3.0,39.8,0.73,14.09,4.1,LANE_A,20000.0,-22.0,87.0,CRUISE_LOITER,LADAKH,0,1.0
1788421034.867,5180.0,2131.7,72.0,82.7,84.8,81.9,84.6,782.8,787.1,785.1,787.1,4.85,61.6,11.6,3.0,40.2,0.74,14.11,4.2,LANE_A,20000.0,-22.0,86.9,CRUISE_LOITER,LADAKH,0,1.0
1788421035.376,5175.5,2129.8,72.0,82.5,85.0,82.0,84.9,783.5,787.0,783.7,787.3,4.89,61.3,11.7,3.0,39.9,0.7,14.12,4.0,LANE_A,20000.0,-22.0,86.9,CRUISE_LOITER,LADAKH,0,1.0
1788421035.882,5182.2,2132.6,72.0,82.7,85.0,82.2,84.6,780.6,788.1,782.0,786.2,4.9,61.3,11.6,3.0,40.1,0.73,14.13,4.2,LANE_A,20000.0,-22.0,86.8,CRUISE_LOITER,LADAKH,0,1.0
1788421036.686,5188.1,2135.0,72.0,82.8,85.0,82.0,84.6,780.2,786.2,784.6,787.2,4.92,61.5,11.6,3.0,40.1,0.74,14.09,4.0,LANE_A,20000.0,-22.0,86.8,CRUISE_LOITER,LADAKH,0,1.0
1788421037.191,5211.4,2144.6,72.0,82.8,85.5,82.0,84.8,781.0,787.0,782.5,787.4,4.83,61.4,11.6,3.0,40.1,0.73,14.1,4.1,LANE_A,20000.0,-22.0,86.7,CRUISE_LOITER,LADAKH,0,1.0
1788421037.701,5199.2,2139.6,72.0,82.6,85.3,81.9,84.5,781.6,785.4,784.1,788.6,4.83,61.6,11.6,3.0,40.2,0.73,14.1,4.1,LANE_A,20000.0,-22.0,86.7,CRUISE_LOITER,LADAKH,0,1.0
1788421038.209,5187.3,2134.7,72.0,83.0,85.2,82.3,84.6,782.3,787.3,783.5,788.2,4.88,61.6,11.6,3.0,40.1,0.73,14.12,4.1,LANE_A,20000.0,-22.0,86.6,CRUISE_LOITER,LADAKH,0,1.0
1788421038.72,5193.0,2137.0,72.0,82.9,85.2,82.4,84.7,782.5,786.5,783.4,785.6,4.86,61.6,11.6,3.0,40.2,0.72,14.11,4.2,LANE_A,20000.0,-22.0,86.6,CRUISE_LOITER,LADAKH,0,1.0
1788421039.214,5186.7,2134.4,72.0,83.0,85.4,82.2,84.8,781.5,786.2,784.4,787.0,4.88,61.5,11.5,3.0,40.0,0.75,14.1,4.0,LANE_A,20000.0,-22.0,86.5,CRUISE_LOITER,LADAKH,0,1.0
1788421039.732,5167.9,2126.7,72.0,82.8,85.6,82.5,85.1,781.6,785.7,782.8,786.1,4.85,61.9,11.7,3.0,40.1,0.75,14.11,4.3,LANE_A,20000.0,-22.0,86.5,CRUISE_LOITER,LADAKH,0,1.0
1788421040.227,5174.4,2129.4,72.0,83.0,85.6,82.5,85.0,781.6,788.2,785.4,788.3,4.93,61.9,11.5,3.0,40.1,0.71,14.1,4.0,LANE_A,20000.0,-22.0,86.4,CRUISE_LOITER,LADAKH,0,1.0
1788421040.733,5178.6,2131.1,72.0,83.0,85.3,82.5,85.0,783.3,786.0,783.0,788.0,4.86,61.7,11.7,3.0,40.2,0.73,14.11,4.1,LANE_A,20000.0,-22.0,86.4,CRUISE_LOITER,LADAKH,0,1.0
1788421041.241,5176.9,2130.4,72.0,83.2,85.4,82.5,84.7,780.8,788.1,783.2,788.2,4.85,61.9,11.4,3.0,40.2,0.75,14.11,4.0,LANE_A,20000.0,-22.0,86.4,CRUISE_LOITER,LADAKH,0,1.0
1788421041.76,5194.0,2137.5,72.0,83.2,85.7,82.4,85.2,782.6,786.9,781.4,787.0,4.77,62.0,11.6,3.0,40.3,0.71,14.09,4.2,LANE_A,20000.0,-22.0,86.3,CRUISE_LOITER,LADAKH,0,1.0
1788421042.268,5188.3,2135.1,72.0,83.0,85.9,82.6,84.8,784.5,788.3,784.0,786.3,4.83,62.3,11.7,3.0,40.4,0.73,14.12,4.1,LANE_A,20000.0,-22.0,86.3,CRUISE_LOITER,LADAKH,0,1.0
1788421042.774,5215.2,2146.2,72.0,83.0,85.5,82.2,85.1,781.4,787.2,785.6,786.7,4.85,61.7,11.5,3.0,40.3,0.71,14.1,4.2,LANE_A,20000.0,-22.0,86.2,CRUISE_LOITER,LADAKH,0,1.0
1788421043.28,5189.4,2135.5,72.0,83.3,85.4,82.6,85.0,779.7,786.3,780.7,786.0,4.89,61.9,11.6,3.0,40.4,0.74,14.1,4.0,LANE_A,20000.0,-22.0,86.2,CRUISE_LOITER,LADAKH,0,1.0
1788421043.789,5183.5,2133.1,72.0,83.2,85.8,82.5,85.0,780.9,787.5,784.8,786.4,4.83,61.9,11.5,3.0,40.1,0.72,14.09,4.1,LANE_A,20000.0,-22.0,86.1,CRUISE_LOITER,LADAKH,0,1.0
1788421044.297,5188.3,2135.1,72.0,83.2,85.5,82.5,85.0,780.0,787.0,785.3,788.1,4.82,62.1,11.7,3.0,40.4,0.72,14.09,4.2,LANE_A,20000.0,-22.0,86.1,CRUISE_LOITER,LADAKH,0,1.0
1788421044.794,5175.2,2129.7,72.0,83.4,85.6,82.5,85.2,782.9,787.6,783.4,787.9,4.81,61.9,11.6,3.0,40.3,0.71,14.1,4.1,LANE_A,20000.0,-22.0,86.0,CRUISE_LOITER,LADAKH,0,1.0
1788421045.315,5190.7,2136.1,72.0,83.1,85.9,82.8,85.1,784.0,788.2,784.7,787.5,4.84,62.1,11.8,3.0,40.3,0.74,14.07,4.0,LANE_A,20000.0,-22.0,86.0,CRUISE_LOITER,LADAKH,0,1.0
1788421046.058,5170.1,2127.6,72.0,83.4,85.8,82.7,85.0,784.0,787.1,781.6,789.1,4.87,62.1,11.7,2.9,40.3,0.72,14.09,4.1,LANE_A,20000.0,-22.0,85.9,CRUISE_LOITER,LADAKH,0,1.0
1788421046.547,5169.4,2127.3,72.0,83.2,85.4,82.8,85.3,781.7,785.3,785.2,787.2,4.84,62.1,11.7,3.0,40.2,0.73,14.1,4.2,LANE_A,20000.0,-22.0,85.9,CRUISE_LOITER,LADAKH,0,1.0
1788421047.054,5210.2,2144.1,72.0,83.5,85.6,82.9,85.3,783.4,786.4,783.5,785.1,4.85,62.2,11.8,3.0,40.2,0.74,14.08,4.2,LANE_A,20000.0,-22.0,85.8,CRUISE_LOITER,LADAKH,0,1.0
1788421047.562,5185.8,2134.1,72.0,83.6,85.9,82.8,85.2,783.5,788.0,783.6,787.8,4.89,62.1,11.6,3.0,40.5,0.7,14.11,4.1,LANE_A,20000.0,-22.0,85.8,CRUISE_LOITER,LADAKH,0,1.0
1788421048.067,5177.9,2130.8,72.0,83.2,85.6,82.4,85.6,779.6,788.4,785.3,786.1,4.85,62.3,11.7,3.0,40.4,0.74,14.08,4.1,LANE_A,20000.0,-22.0,85.8,CRUISE_LOITER,LADAKH,0,1.0
1788421048.574,5197.4,2138.8,72.0,83.2,85.7,82.7,85.4,781.7,787.6,783.0,787.0,4.88,62.2,11.6,3.0,40.4,0.72,14.08,4.1,LANE_A,20000.0,-22.0,85.7,CRUISE_LOITER,LADAKH,0,1.0
1788421049.071,5200.0,2139.9,72.0,83.7,85.8,82.9,85.6,782.5,787.6,784.0,785.8,4.79,62.2,11.7,3.0,40.3,0.72,14.09,4.1,LANE_A,20000.0,-22.0,85.7,CRUISE_LOITER,LADAKH,0,1.0
1788421049.581,5201.9,2140.7,72.0,83.2,85.8,82.8,85.4,780.8,786.4,783.5,787.2,4.89,62.3,11.6,3.0,40.4,0.72,14.08,4.0,LANE_A,20000.0,-22.0,85.6,CRUISE_LOITER,LADAKH,0,1.0
1788421050.102,5216.9,2146.9,72.0,83.5,85.8,82.8,85.2,784.3,788.5,784.9,788.7,4.89,62.4,11.7,3.0,40.3,0.72,14.13,4.2,LANE_A,20000.0,-22.0,85.6,CRUISE_LOITER,LADAKH,0,1.0
1788421050.609,5194.7,2137.7,72.0,83.3,86.0,83.2,85.4,782.2,788.2,783.5,786.9,4.86,62.5,11.6,3.0,40.4,0.74,14.09,4.1,LANE_A,20000.0,-22.0,85.5,CRUISE_LOITER,LADAKH,0,1.0
1788421051.111,5185.9,2134.1,72.0,83.7,86.4,83.0,85.2,778.8,787.0,783.7,786.2,4.82,62.4,11.6,3.0,40.3,0.72,14.13,4.1,LANE_A,20000.0,-22.0,85.5,CRUISE_LOITER,LADAKH,0,1.0
1788421051.622,5196.5,2138.5,72.0,83.4,85.9,83.2,85.6,784.2,787.6,784.7,786.8,4.87,62.5,11.7,3.0,40.5,0.71,14.09,4.3,LANE_A,20000.0,-22.0,85.4,CRUISE_LOITER,LADAKH,0,1.0
1788421052.134,5183.9,2133.3,72.0,83.8,86.1,83.1,85.5,781.1,787.4,783.5,785.8,4.91,62.4,11.7,3.0,40.3,0.73,14.06,4.0,LANE_A,20000.0,-22.0,85.4,CRUISE_LOITER,LADAKH,0,1.0
1788421052.639,5170.8,2127.9,72.0,83.8,86.2,82.8,85.6,783.0,785.8,783.2,790.2,4.81,62.5,11.7,3.0,40.3,0.73,14.11,4.0,LANE_A,20000.0,-22.0,85.4,CRUISE_LOITER,LADAKH,0,1.0
1788421053.151,5183.3,2133.0,72.0,83.8,86.3,83.1,85.6,780.7,786.4,783.6,786.9,4.89,62.5,11.7,3.0,40.4,0.73,14.08,4.1,LANE_A,20000.0,-22.0,85.3,CRUISE_LOITER,LADAKH,0,1.0
1788421053.657,5154.0,2121.0,72.0,83.6,86.3,83.2,85.8,781.6,787.7,783.2,786.0,4.81,62.4,11.6,3.0,40.4,0.73,14.09,4.3,LANE_A,20000.0,-22.0,85.3,CRUISE_LOITER,LADAKH,0,1.0
1788421054.165,5174.4,2129.4,72.0,83.7,85.8,83.1,85.8,784.0,786.4,785.8,788.3,4.88,62.6,11.7,3.0,40.4,0.71,14.1,4.2,LANE_A,20000.0,-22.0,85.2,CRUISE_LOITER,LADAKH,0,1.0
1788421054.671,5162.3,2124.4,72.0,83.7,86.3,83.0,85.8,782.4,791.3,784.5,789.4,4.88,62.6,11.7,3.0,40.4,0.72,14.08,4.1,LANE_A,20000.0,-22.0,85.2,CRUISE_LOITER,LADAKH,0,1.0
1788421055.178,5200.2,2140.0,72.0,83.8,86.1,83.1,85.8,784.6,789.1,785.2,785.7,4.83,62.9,11.7,3.0,40.2,0.71,14.11,4.1,LANE_A,20000.0,-22.0,85.2,CRUISE_LOITER,LADAKH,0,1.0
1788421055.689,5166.3,2126.1,72.0,83.9,86.0,83.4,85.8,781.6,786.7,783.8,785.5,4.85,62.8,11.7,3.0,40.4,0.72,14.11,4.1,LANE_A,20000.0,-22.0,85.1,CRUISE_LOITER,LADAKH,0,1.0
1788421056.496,5177.3,2130.6,72.0,84.0,86.1,83.1,85.8,782.5,786.2,783.3,786.9,4.83,62.6,11.6,3.0,40.3,0.71,14.11,4.1,LANE_A,20000.0,-22.0,85.1,CRUISE_LOITER,LADAKH,0,1.0
1788421057.005,5195.6,2138.1,72.0,83.9,86.3,83.3,85.7,779.3,786.9,782.7,788.2,4.85,62.3,11.6,3.0,40.4,0.72,14.1,4.1,LANE_A,20000.0,-22.0,85.0,CRUISE_LOITER,LADAKH,0,1.0
1788421057.513,5184.5,2133.5,72.0,83.8,86.0,83.6,85.5,783.3,786.4,785.1,786.5,4.83,62.9,11.7,3.0,40.5,0.74,14.11,4.1,LANE_A,20000.0,-22.0,85.0,CRUISE_LOITER,LADAKH,0,1.0
1788421058.025,5184.5,2133.5,72.0,83.6,86.0,83.4,86.0,781.6,785.1,782.9,786.0,4.84,62.8,11.8,3.0,40.6,0.73,14.09,4.2,LANE_A,20000.0,-22.0,85.0,CRUISE_LOITER,LADAKH,0,1.0
1788421058.531,5195.8,2138.2,72.0,84.2,86.3,83.3,85.8,781.0,783.2,784.3,788.4,4.88,62.7,11.8,3.0,40.6,0.74,14.1,4.0,LANE_A,20000.0,-22.0,84.9,CRUISE_LOITER,LADAKH,0,1.0
1788421059.038,5192.0,2136.6,72.0,83.5,86.8,83.4,86.0,781.0,786.9,784.2,786.3,4.83,62.9,11.6,3.0,40.6,0.71,14.09,4.1,LANE_A,20000.0,-22.0,84.9,CRUISE_LOITER,LADAKH,0,1.0
1788421059.543,5197.7,2139.0,72.0,83.9,86.5,83.6,86.0,783.0,786.7,783.6,786.6,4.83,62.8,11.8,3.0,40.4,0.7,14.12,4.2,LANE_A,20000.0,-22.0,84.8,CRUISE_LOITER,LADAKH,0,1.0
1788421060.044,5175.3,2129.8,72.0,84.0,86.8,83.8,85.8,781.8,787.4,786.1,787.0,4.86,62.8,11.7,3.0,40.5,0.7,14.08,4.2,LANE_A,20000.0,-22.0,84.8,CRUISE_LOITER,LADAKH,0,1.0
1788421060.557,5185.3,2133.9,72.0,83.9,86.5,83.5,86.2,782.9,787.3,785.9,786.1,4.89,62.8,11.8,3.0,40.4,0.7,14.08,4.1,LANE_A,20000.0,-22.0,84.8,CRUISE_LOITER,LADAKH,0,1.0
1788421061.054,5189.8,2135.7,72.0,83.8,86.3,83.8,86.1,781.4,787.5,784.1,788.2,4.86,62.9,11.6,3.0,40.7,0.73,14.12,4.2,LANE_A,20000.0,-22.0,84.7,CRUISE_LOITER,LADAKH,0,1.0
1788421061.572,5193.5,2137.2,72.0,84.3,86.6,83.3,86.0,780.5,789.6,783.6,787.4,4.88,62.9,11.6,3.0,40.6,0.73,14.1,4.2,LANE_A,20000.0,-22.0,84.7,CRUISE_LOITER,LADAKH,0,1.0
1788421062.079,5197.2,2138.8,72.0,84.1,86.8,83.4,85.9,781.2,787.5,782.0,787.5,4.83,62.9,11.8,3.0,40.5,0.75,14.12,4.1,LANE_A,20000.0,-22.0,84.6,CRUISE_LOITER,LADAKH,0,1.0
1788421062.585,5190.0,2135.8,72.0,84.0,86.8,83.6,85.9,782.6,787.9,782.3,786.6,4.78,63.0,11.7,3.0,40.7,0.72,14.14,4.2,LANE_A,20000.0,-22.0,84.6,CRUISE_LOITER,LADAKH,0,1.0
1788421063.095,5203.4,2141.3,72.0,84.2,86.5,83.7,85.8,782.1,785.7,781.7,787.5,4.84,62.8,11.8,3.0,40.8,0.73,14.1,3.9,LANE_A,20000.0,-22.0,84.6,CRUISE_LOITER,LADAKH,0,1.0
1788421063.602,5180.3,2131.8,72.0,84.0,87.0,83.7,85.9,782.4,785.3,784.7,787.7,4.83,63.3,11.7,3.0,40.8,0.73,14.07,4.1,LANE_A,20000.0,-22.0,84.5,CRUISE_LOITER,LADAKH,0,1.0
1788421064.113,5188.4,2135.1,72.0,84.0,86.4,84.2,86.2,781.7,787.4,783.2,785.9,4.83,63.1,11.7,3.0,40.7,0.69,14.12,4.1,LANE_A,20000.0,-22.0,84.5,CRUISE_LOITER,LADAKH,0,1.0
1788421064.611,5177.1,2130.5,72.0,84.2,86.6,83.6,86.3,779.1,787.8,784.7,788.8,4.85,62.7,11.6,3.0,40.8,0.74,14.06,4.2,LANE_A,20000.0,-22.0,84.5,CRUISE_LOITER,LADAKH,0,1.0
1788421065.13,5193.7,2137.3,72.0,84.3,86.7,83.8,86.3,783.6,786.5,783.3,786.8,4.83,63.0,11.8,3.0,40.6,0.73,14.08,4.2,LANE_A,20000.0,-22.0,84.4,CRUISE_LOITER,LADAKH,0,1.0
1788421065.638,5193.5,2137.3,72.0,84.3,86.9,83.9,86.5,781.0,784.5,783.7,788.0,4.83,63.2,11.8,3.0,40.8,0.72,14.11,4.3,LANE_A,20000.0,-22.0,84.4,CRUISE_LOITER,LADAKH,0,1.0
1788421066.144,5176.3,2130.2,72.0,84.5,86.6,83.9,86.4,782.1,785.9,784.1,788.4,4.81,63.3,11.7,3.0,40.8,0.72,14.09,4.0,LANE_A,20000.0,-22.0,84.4,CRUISE_LOITER,LADAKH,0,1.0
1788421066.654,5169.3,2127.3,72.0,84.3,86.8,83.8,86.2,782.1,786.7,785.8,785.6,4.78,63.0,11.9,3.0,40.5,0.72,14.12,4.2,LANE_A,20000.0,-22.0,84.3,CRUISE_LOITER,LADAKH,0,1.0
1788421067.16,5180.9,2132.0,72.0,84.5,87.2,84.2,86.3,780.8,787.9,783.6,786.1,4.86,63.5,11.9,3.0,40.5,0.72,14.1,4.1,LANE_A,20000.0,-22.0,84.3,CRUISE_LOITER,LADAKH,0,1.0
1788421067.665,5183.2,2133.0,72.0,84.3,86.7,84.0,86.6,781.8,787.3,784.3,785.7,4.85,63.0,11.8,3.0,40.7,0.73,14.1,4.0,LANE_A,20000.0,-22.0,84.3,CRUISE_LOITER,LADAKH,0,1.0
1788421068.176,5195.8,2138.2,72.0,84.6,86.8,83.7,86.5,781.5,786.1,786.5,788.7,4.85,63.1,11.7,3.0,40.4,0.74,14.1,4.1,LANE_A,20000.0,-22.0,84.2,CRUISE_LOITER,LADAKH,0,1.0
1788421068.682,5174.0,2129.2,72.0,84.2,87.2,84.0,86.7,781.0,787.5,785.6,787.6,4.86,63.4,11.8,3.0,40.6,0.71,14.09,4.0,LANE_A,20000.0,-22.0,84.2,CRUISE_LOITER,LADAKH,0,1.0
1788421069.189,5180.4,2131.9,72.0,84.6,87.2,83.8,86.6,782.1,787.3,782.7,788.1,4.82,63.1,11.7,3.0,40.8,0.73,14.1,4.1,LANE_A,20000.0,-22.0,84.2,CRUISE_LOITER,LADAKH,0,1.0
1788421069.685,5217.1,2147.0,72.0,84.3,87.2,84.1,86.5,783.1,787.9,783.6,785.1,4.85,63.4,11.8,3.0,41.0,0.72,14.11,4.2,LANE_A,20000.0,-22.0,84.1,CRUISE_LOITER,LADAKH,0,1.0
1788421070.204,5203.2,2141.2,72.0,84.7,87.2,84.0,86.4,780.5,785.6,784.3,786.9,4.92,63.2,11.8,3.0,40.9,0.73,14.12,4.2,LANE_A,20000.0,-22.0,84.1,CRUISE_LOITER,LADAKH,0,1.0
1788421070.71,5196.9,2138.7,72.0,84.5,87.2,84.3,86.6,782.6,788.7,782.2,787.5,4.82,63.4,11.8,3.0,40.8,0.72,14.09,3.9,LANE_A,20000.0,-22.0,84.1,CRUISE_LOITER,LADAKH,0,1.0
1788421071.218,5180.1,2131.7,72.0,84.7,87.2,84.0,86.9,782.8,786.1,784.0,787.8,4.87,63.6,11.8,3.0,40.6,0.74,14.11,4.0,LANE_A,20000.0,-22.0,84.0,CRUISE_LOITER,LADAKH,0,1.0
1788421071.729,5191.4,2136.4,72.0,84.7,87.2,83.8,86.5,783.5,788.4,784.2,787.7,4.93,63.2,11.9,3.0,40.8,0.73,14.1,4.0,LANE_A,20000.0,-22.0,84.0,CRUISE_LOITER,LADAKH,0,1.0
1788421072.234,5201.4,2140.5,72.0,84.7,87.3,84.0,86.7,782.4,786.3,781.6,789.2,4.87,63.5,11.9,3.0,40.8,0.73,14.12,4.1,LANE_A,20000.0,-22.0,84.0,CRUISE_LOITER,LADAKH,0,1.0
1788421072.741,5207.2,2142.9,72.0,85.2,87.2,84.1,86.5,781.8,785.2,783.5,788.3,4.84,63.4,11.9,3.0,40.8,0.71,14.07,4.0,LANE_A,20000.0,-22.0,83.9,CRUISE_LOITER,LADAKH,0,1.0
1788421073.249,5200.4,2140.1,72.0,84.9,87.4,84.4,86.8,784.4,786.7,785.1,788.1,4.87,63.5,11.8,3.0,40.7,0.73,14.07,4.1,LANE_A,20000.0,-22.0,83.9,CRUISE_LOITER,LADAKH,0,1.0
1788421073.757,5173.6,2129.1,72.0,84.2,87.2,84.5,86.5,783.2,786.3,786.1,787.2,4.82,63.3,11.9,3.0,41.0,0.71,14.09,4.2,LANE_A,20000.0,-22.0,83.9,CRUISE_LOITER,LADAKH,0,1.0
1788421074.266,5193.5,2137.2,72.0,84.9,87.2,84.1,87.1,781.6,786.6,784.0,786.5,4.86,63.2,11.9,3.0,40.8,0.71,14.1,4.3,LANE_A,20000.0,-22.0,83.9,CRUISE_LOITER,LADAKH,0,1.0
1788421074.779,5204.6,2141.8,72.0,84.8,87.4,84.3,86.8,781.7,787.3,785.4,785.9,4.81,63.7,11.8,3.0,40.9,0.73,14.12,4.1,LANE_A,20000.0,-22.0,83.8,CRUISE_LOITER,LADAKH,0,1.0
1788421075.282,5196.8,2138.6,72.0,84.7,87.6,84.2,86.6,783.2,787.8,785.2,788.5,4.88,63.6,11.7,3.0,41.0,0.71,14.1,4.0,LANE_A,20000.0,-22.0,83.8,CRUISE_LOITER,LADAKH,0,1.0
1788421075.79,5211.1,2144.5,72.0,85.0,87.7,84.3,87.0,784.0,787.4,784.3,787.1,4.83,63.7,11.8,3.0,40.7,0.7,14.08,4.2,LANE_A,20000.0,-22.0,83.8,CRUISE_LOITER,LADAKH,0,1.0
1788421076.594,5197.5,2138.9,72.0,85.2,87.3,84.3,86.8,779.6,787.7,782.7,783.7,4.81,63.6,11.9,3.0,40.9,0.74,14.1,4.1,LANE_A,20000.0,-22.0,83.8,CRUISE_LOITER,LADAKH,0,1.0
1788421077.104,5181.1,2132.1,72.0,85.3,87.7,84.5,87.1,781.6,784.8,785.0,786.8,4.81,63.4,11.8,3.0,40.8,0.74,14.09,4.1,LANE_A,20000.0,-22.0,83.7,CRUISE_LOITER,LADAKH,0,1.0
1788421077.614,5211.2,2144.5,72.0,85.0,87.2,84.5,87.0,780.5,785.1,784.6,787.3,4.89,63.6,12.0,3.0,40.8,0.74,14.11,4.2,LANE_A,20000.0,-22.0,83.7,CRUISE_LOITER,LADAKH,0,1.0
1788421078.123,5199.1,2139.5,72.0,85.0,87.2,84.6,87.0,783.1,786.5,783.9,786.3,4.82,63.9,11.9,3.0,41.0,0.72,14.09,4.3,LANE_A,20000.0,-22.0,83.7,CRUISE_LOITER,LADAKH,0,1.0
1788421078.629,5200.2,2140.0,72.0,85.0,87.5,84.5,86.9,780.6,784.9,782.1,786.8,4.78,63.7,11.8,3.0,40.8,0.71,14.06,4.0,LANE_A,20000.0,-22.0,83.6,CRUISE_LOITER,LADAKH,0,1.0
1788421079.137,5194.5,2137.6,72.0,84.8,87.7,84.5,87.2,781.7,785.2,784.2,787.7,4.85,63.6,11.9,3.0,40.9,0.7,14.11,4.2,LANE_A,20000.0,-22.0,83.6,CRUISE_LOITER,LADAKH,0,1.0
1788421079.648,5178.9,2131.2,72.0,85.2,87.7,84.5,87.2,779.9,786.4,783.4,787.2,4.85,63.8,11.9,3.0,41.0,0.71,14.05,4.2,LANE_A,20000.0,-22.0,83.6,CRUISE_LOITER,LADAKH,0,1.0
1788421080.147,5176.4,2130.2,72.0,85.0,87.5,84.5,87.2,782.3,787.1,785.9,787.1,4.86,63.8,12.0,3.0,40.7,0.72,14.11,4.3,LANE_A,20000.0,-22.0,83.6,CRUISE_LOITER,LADAKH,0,1.0
1788421080.663,5195.0,2137.9,72.0,85.2,87.8,84.7,87.3,781.2,787.8,785.4,784.1,4.86,63.8,11.9,3.0,40.9,0.72,14.1,4.0,LANE_A,20000.0,-22.0,83.6,CRUISE_LOITER,LADAKH,0,1.0
1788421081.162,5181.2,2132.2,72.0,85.1,87.6,84.5,87.3,783.7,786.3,782.0,788.4,4.81,63.6,11.9,3.0,40.9,0.73,14.09,4.1,LANE_A,20000.0,-22.0,83.5,CRUISE_LOITER,LADAKH,0,1.0
1788421081.681,5190.1,2135.8,72.0,85.0,87.8,84.7,87.4,783.0,787.2,785.1,785.4,4.87,63.9,11.9,3.0,40.9,0.73,14.07,4.2,LANE_A,20000.0,-22.0,83.5,CRUISE_LOITER,LADAKH,0,1.0
1788421082.187,5186.7,2134.5,72.0,85.3,87.7,84.5,87.2,783.4,786.4,784.9,787.0,4.84,63.7,11.9,3.0,41.1,0.73,14.1,4.1,LANE_A,20000.0,-22.0,83.5,CRUISE_LOITER,LADAKH,0,1.0
1788421082.697,5174.0,2129.2,72.0,85.3,87.7,85.2,87.4,780.6,787.5,782.6,788.5,4.85,64.2,11.9,3.0,40.9,0.73,14.11,4.3,LANE_A,20000.0,-22.0,83.5,CRUISE_LOITER,LADAKH,0,1.0
1788421083.204,5195.8,2138.2,72.0,85.1,88.2,84.6,87.5,783.0,786.5,784.9,787.7,4.82,64.0,11.8,3.0,40.9,0.73,14.14,4.1,LANE_A,20000.0,-22.0,83.4,CRUISE_LOITER,LADAKH,0,1.0
1788421083.709,5178.3,2131.0,72.0,85.4,88.0,84.7,87.6,782.3,786.8,785.2,786.4,4.86,63.9,11.8,3.0,41.0,0.74,14.09,4.1,LANE_A,20000.0,-22.0,83.4,CRUISE_LOITER,LADAKH,0,1.0
1788421084.217,5185.1,2133.8,72.0,85.3,87.7,85.0,87.4,780.7,786.5,783.3,787.7,4.83,63.8,12.0,3.0,41.1,0.74,14.15,4.2,LANE_A,20000.0,-22.0,83.4,CRUISE_LOITER,LADAKH,0,1.0
1788421084.713,5190.5,2136.0,72.0,85.1,87.8,84.8,87.5,782.4,787.1,784.3,789.3,4.89,63.9,11.8,3.0,41.1,0.72,14.1,4.2,LANE_A,20000.0,-22.0,83.4,CRUISE_LOITER,LADAKH,0,1.0
1788421085.234,5180.1,2131.7,72.0,85.1,87.6,85.0,87.1,784.0,785.1,782.0,787.4,4.8,63.9,11.9,3.0,41.0,0.74,14.1,4.1,LANE_A,20000.0,-22.0,83.4,CRUISE_LOITER,LADAKH,0,1.0
1788421085.737,5208.3,2143.3,72.0,85.3,87.7,84.6,87.3,783.6,785.3,784.1,787.3,4.84,64.1,11.8,3.0,41.1,0.7,14.07,4.2,LANE_A,20000.0,-22.0,83.3,CRUISE_LOITER,LADAKH,0,1.0
1788421086.247,5176.2,2130.1,72.0,85.2,88.0,84.8,87.7,779.3,785.9,783.7,786.7,4.84,64.0,11.8,3.1,41.3,0.71,14.08,4.1,LANE_A,20000.0,-22.0,83.3,CRUISE_LOITER,LADAKH,0,1.0
1788421086.752,5197.9,2139.0,72.0,85.2,88.1,84.9,87.0,782.4,787.8,783.0,785.7,4.79,64.2,12.0,3.0,41.2,0.74,14.09,4.0,LANE_A,20000.0,-22.0,83.3,CRUISE_LOITER,LADAKH,0,1.0
1788421087.258,5195.4,2138.0,72.0,85.4,87.9,85.0,87.3,779.4,788.3,784.3,788.8,4.83,64.4,12.0,3.0,40.8,0.71,14.1,4.0,LANE_A,20000.0,-22.0,83.3,CRUISE_LOITER,LADAKH,0,1.0
1788421087.766,5197.5,2138.9,72.0,85.3,88.0,84.8,87.4,781.8,786.2,782.7,785.1,4.81,64.1,11.9,3.0,40.9,0.71,14.1,3.9,LANE_A,20000.0,-22.0,83.3,CRUISE_LOITER,LADAKH,0,1.0
1788421088.276,5184.1,2133.4,72.0,85.7,88.1,84.9,87.2,782.7,786.3,782.7,786.3,4.83,64.2,12.0,3.0,41.3,0.72,14.1,4.2,LANE_A,20000.0,-22.0,83.3,CRUISE_LOITER,LADAKH,0,1.0
1788421088.772,5204.0,2141.6,72.0,85.5,88.0,84.9,87.4,781.4,787.4,782.0,783.9,4.82,64.0,12.1,3.0,41.2,0.74,14.1,3.9,LANE_A,20000.0,-22.0,83.2,CRUISE_LOITER,LADAKH,0,1.0
1788421089.291,5191.4,2136.4,72.0,85.8,87.5,84.9,87.6,782.5,785.4,786.1,786.9,4.76,64.1,12.0,3.0,41.1,0.7,14.1,4.1,LANE_A,20000.0,-22.0,83.2,CRUISE_LOITER,LADAKH,0,1.0
1788421089.801,5192.3,2136.7,72.0,85.7,88.3,85.0,87.3,782.4,785.8,784.5,788.0,4.84,64.3,11.9,3.0,41.2,0.73,14.1,4.3,LANE_A,20000.0,-22.0,83.2,CRUISE_LOITER,LADAKH,0,1.0
1788421090.297,5183.8,2133.2,72.0,85.4,88.1,85.3,87.9,780.2,785.5,784.3,786.9,4.84,64.4,11.9,3.0,41.2,0.72,14.08,4.1,LANE_A,20000.0,-22.0,83.2,CRUISE_LOITER,LADAKH,0,1.0
1788421090.815,5178.4,2131.0,72.0,85.7,88.4,85.2,87.8,783.9,789.4,782.2,787.5,4.86,64.5,12.0,3.0,41.2,0.72,14.12,4.3,LANE_A,20000.0,-22.0,83.2,CRUISE_LOITER,LADAKH,0,1.0
1788421091.323,5173.4,2129.0,72.0,85.7,88.4,85.3,87.5,781.7,786.5,782.6,786.6,4.81,64.2,12.1,3.0,41.4,0.75,14.12,4.0,LANE_A,20000.0,-22.0,83.2,CRUISE_LOITER,LADAKH,0,1.0
1788421091.829,5189.4,2135.6,72.0,85.5,88.3,84.8,87.7,782.1,785.9,785.5,785.1,4.78,64.5,12.0,3.0,41.2,0.72,14.07,4.0,LANE_A,20000.0,-22.0,83.2,CRUISE_LOITER,LADAKH,0,1.0
1788421092.34,5194.1,2137.5,72.0,85.3,88.1,84.9,87.7,782.1,786.3,785.0,786.5,4.81,64.4,11.8,3.0,41.1,0.74,14.08,4.2,LANE_A,20000.0,-22.0,83.2,CRUISE_LOITER,LADAKH,0,1.0
1788421092.849,5194.5,2137.7,72.0,85.8,88.4,85.0,87.9,783.9,784.9,781.6,786.4,4.82,64.5,11.9,3.0,41.2,0.74,14.09,4.0,LANE_A,20000.0,-22.0,83.1,CRUISE_LOITER,LADAKH,0,1.0
1788421093.358,5174.6,2129.5,72.0,85.5,88.2,85.1,87.5,782.0,789.0,783.5,786.2,4.83,64.5,11.9,3.0,41.1,0.71,14.08,4.2,LANE_A,20000.0,-22.0,83.1,CRUISE_LOITER,LADAKH,0,1.0
1788421093.862,5181.5,2132.3,72.0,85.8,88.3,85.3,87.7,781.6,787.8,781.8,788.0,4.83,64.4,11.8,3.0,41.2,0.71,14.08,4.3,LANE_A,20000.0,-22.0,83.1,CRUISE_LOITER,LADAKH,0,1.0
1788421094.37,5187.2,2134.7,72.0,86.0,88.2,85.2,87.9,782.6,788.1,783.4,785.7,4.81,64.6,12.0,3.0,41.4,0.73,14.1,4.1,LANE_A,20000.0,-22.0,83.1,CRUISE_LOITER,LADAKH,0,1.0
1788421094.877,5176.0,2130.1,72.0,85.8,88.1,85.5,87.2,780.6,787.4,785.3,787.3,4.85,64.5,11.9,3.0,41.3,0.72,14.11,4.2,LANE_A,20000.0,-22.0,83.1,CRUISE_LOITER,LADAKH,0,1.0
1788421095.384,5216.4,2146.6,72.0,85.9,88.3,85.5,88.0,780.8,787.1,782.2,787.8,4.78,64.5,12.0,3.0,41.4,0.73,14.12,4.0,LANE_A,20000.0,-22.0,83.1,CRUISE_LOITER,LADAKH,0,1.0
1788421095.893,5191.0,2136.2,72.0,86.0,88.5,85.3,87.8,781.0,787.3,785.2,786.5,4.8,64.6,12.0,3.0,41.3,0.74,14.1,4.0,LANE_A,20000.0,-22.0,83.1,CRUISE_LOITER,LADAKH,0,1.0
1788421096.679,5180.9,2132.1,72.0,85.9,88.5,85.5,88.0,782.0,787.4,784.0,787.7,4.88,64.5,12.0,3.0,41.2,0.73,14.08,4.0,LANE_A,20000.0,-22.0,83.1,CRUISE_LOITER,LADAKH,0,1.0
1788421097.186,5187.4,2134.7,72.0,85.9,88.2,85.4,87.9,781.1,786.7,781.5,788.2,4.84,64.6,12.1,3.0,41.1,0.73,14.09,4.2,LANE_A,20000.0,-22.0,83.1,CRUISE_LOITER,LADAKH,0,1.0
1788421097.695,5189.1,2135.4,72.0,86.1,88.5,85.4,87.8,781.2,787.2,785.1,787.1,4.84,64.6,11.9,3.0,41.4,0.72,14.12,4.1,LANE_A,20000.0,-22.0,83.1,CRUISE_LOITER,LADAKH,0,1.0
1788421098.203,5192.1,2136.7,72.0,86.2,88.1,85.4,87.7,783.4,789.5,784.7,786.5,4.77,64.6,12.0,3.0,41.2,0.71,14.09,4.1,LANE_A,20000.0,-22.0,83.0,CRUISE_LOITER,LADAKH,0,1.0
1788421098.702,5190.8,2136.1,72.0,86.2,88.6,84.9,88.2,782.2,785.0,784.0,787.3,4.82,64.5,12.1,3.0,41.4,0.72,14.12,4.1,LANE_A,20000.0,-22.0,83.0,CRUISE_LOITER,LADAKH,0,1.0
1788421099.216,5173.9,2129.2,72.0,85.8,88.5,85.2,88.0,781.5,787.4,784.1,785.8,4.83,64.5,11.9,3.0,41.4,0.74,14.14,4.1,LANE_A,20000.0,-22.0,83.0,CRUISE_LOITER,LADAKH,0,1.0
1788421099.726,5180.1,2131.7,72.0,85.9,88.7,85.3,88.3,780.4,787.3,784.4,788.6,4.73,64.5,12.1,3.0,41.4,0.71,14.08,4.2,LANE_A,20000.0,-22.0,83.0,CRUISE_LOITER,LADAKH,0,1.0
1788421100.236,5195.4,2138.0,72.0,86.2,88.5,85.5,88.0,780.6,788.4,783.9,785.5,4.8,64.7,12.0,3.0,41.5,0.72,14.09,4.0,LANE_A,20000.0,-22.0,83.0,CRUISE_LOITER,LADAKH,0,1.0
1788421100.743,5184.5,2133.5,72.0,85.6,88.5,85.2,87.9,781.7,787.5,783.1,787.6,4.85,64.7,12.0,3.0,41.5,0.73,14.08,4.1,LANE_A,20000.0,-22.0,83.0,CRUISE_LOITER,LADAKH,0,1.0
1788421101.247,5181.2,2132.2,72.0,86.2,88.7,85.5,88.0,782.6,785.7,784.1,783.8,4.83,64.9,12.0,3.0,41.6,0.74,14.07,4.1,LANE_A,20000.0,-22.0,83.0,CRUISE_LOITER,LADAKH,0,1.0
1788421101.758,5185.2,2133.8,72.0,86.0,88.4,85.5,88.4,782.6,786.4,781.7,785.3,4.84,64.7,11.8,3.0,41.3,0.71,14.1,4.1,LANE_A,20000.0,-22.0,83.0,CRUISE_LOITER,LADAKH,0,1.0
1788421102.263,5195.9,2138.2,72.0,86.1,88.7,85.8,88.2,778.9,785.2,783.3,787.8,4.82,64.7,12.0,3.0,41.3,0.71,14.1,4.3,LANE_A,20000.0,-22.0,83.0,CRUISE_LOITER,LADAKH,0,1.0
1788421102.769,5187.6,2134.8,72.0,86.3,88.5,85.7,87.8,780.1,787.2,783.3,786.5,4.82,64.8,12.1,3.1,41.4,0.76,14.1,4.2,LANE_A,20000.0,-22.0,83.0,CRUISE_LOITER,LADAKH,0,1.0
1788421103.275,5197.3,2138.8,72.0,86.2,88.6,85.5,88.2,782.5,787.2,785.0,789.1,4.78,64.8,12.0,3.0,41.4,0.73,14.09,4.2,LANE_A,20000.0,-22.0,83.0,CRUISE_LOITER,LADAKH,0,1.0
1788421103.784,5197.9,2139.1,72.0,86.4,88.6,85.9,88.1,781.8,786.3,784.3,786.2,4.85,64.9,12.1,3.0,41.4,0.73,14.07,4.1,LANE_A,20000.0,-22.0,83.0,CRUISE_LOITER,LADAKH,0,1.0
1788421104.292,5170.7,2127.8,72.0,85.8,88.5,85.7,88.2,780.6,785.3,784.8,785.0,4.84,65.0,12.1,3.0,41.5,0.74,14.08,4.1,LANE_A,20000.0,-22.0,83.0,CRUISE_LOITER,LADAKH,0,1.0
1788421104.8,5181.3,2132.2,72.0,86.2,88.5,85.9,88.2,780.7,784.8,782.9,786.4,4.77,64.7,12.1,3.0,41.6,0.71,14.11,4.1,LANE_A,20000.0,-22.0,83.0,CRUISE_LOITER,LADAKH,0,1.0
1788421105.301,5206.3,2142.5,72.0,86.1,88.8,85.7,88.4,782.3,786.1,784.6,786.4,4.84,64.8,11.9,3.0,41.5,0.72,14.08,4.1,LANE_A,20000.0,-22.0,83.0,CRUISE_LOITER,LADAKH,0,1.0
1788421105.818,5176.6,2130.3,72.0,86.1,88.8,85.7,88.2,780.1,786.0,782.4,786.4,4.81,64.8,12.0,3.0,41.6,0.74,14.09,4.0,LANE_A,20000.0,-22.0,83.0,CRUISE_LOITER,LADAKH,0,1.0
1788421106.327,5195.4,2138.0,72.0,86.5,88.5,86.1,88.3,781.1,785.9,785.3,784.0,4.77,64.9,12.0,3.0,41.6,0.73,14.09,4.2,LANE_A,20000.0,-22.0,83.0,CRUISE_LOITER,LADAKH,0,1.0
1788421106.825,5187.4,2134.8,72.0,86.2,89.0,85.7,88.0,782.4,786.0,783.4,784.8,4.81,64.8,12.0,3.0,41.5,0.73,14.13,4.0,LANE_A,20000.0,-22.0,83.0,CRUISE_LOITER,LADAKH,0,1.0
1788421107.344,5207.1,2142.8,72.0,86.3,88.7,85.7,88.3,783.6,787.4,783.8,788.4,4.85,65.0,11.8,3.0,41.5,0.72,14.09,4.1,LANE_A,20000.0,-22.0,83.0,CRUISE_LOITER,LADAKH,0,1.0
1788421107.852,5198.8,2139.4,72.0,85.9,88.8,85.9,88.5,782.3,787.3,783.6,786.5,4.77,65.0,12.2,3.0,41.8,0.74,14.12,4.0,LANE_A,20000.0,-22.0,83.0,CRUISE_LOITER,LADAKH,0,1.0
1788421108.358,5176.9,2130.4,72.0,86.4,88.6,85.7,88.5,780.5,785.7,782.8,787.1,4.84,65.1,12.0,3.0,42.0,0.73,14.12,4.0,LANE_A,20000.0,-22.0,83.0,CRUISE_LOITER,LADAKH,0,1.0
1788421108.866,5191.9,2136.6,72.0,86.5,88.8,85.8,88.3,782.5,785.8,787.1,788.5,4.84,64.9,12.0,3.0,41.6,0.71,14.06,4.2,LANE_A,20000.0,-22.0,83.0,CRUISE_LOITER,LADAKH,0,1.0
1788421109.375,5165.4,2125.7,72.0,86.4,88.6,86.1,88.3,781.6,784.8,781.5,785.0,4.87,64.9,12.0,3.0,41.7,0.73,14.1,4.2,LANE_A,20000.0,-22.0,83.0,CRUISE_LOITER,LADAKH,0,1.0
1788421109.88,5184.1,2133.4,72.0,86.2,88.7,86.0,88.3,778.9,784.9,785.2,788.3,4.82,64.8,11.9,3.0,41.7,0.72,14.11,4.1,LANE_A,20000.0,-22.0,83.0,CRUISE_LOITER,LADAKH,0,1.0
1788421110.389,5180.1,2131.7,72.0,86.5,88.9,85.6,88.5,781.1,787.9,787.4,786.7,4.78,65.1,12.0,3.0,41.6,0.71,14.07,4.2,LANE_A,20000.0,-22.0,83.0,CRUISE_LOITER,LADAKH,0,1.0
1788421110.895,5189.6,2135.6,72.0,86.6,88.6,86.0,88.1,781.5,787.1,782.5,786.7,4.83,65.0,12.0,3.0,41.8,0.71,14.11,4.2,LANE_A,20000.0,-22.0,83.0,CRUISE_LOITER,LADAKH,0,1.0
1788421111.402,5195.4,2138.0,72.0,86.2,88.7,86.2,88.0,784.2,785.6,782.9,785.6,4.81,64.8,12.1,3.0,41.7,0.73,14.1,4.0,LANE_A,20000.0,-22.0,83.0,CRUISE_LOITER,LADAKH,0,1.0
1788421111.9,5186.0,2134.2,72.0,86.4,89.0,85.8,88.3,781.7,787.3,781.5,785.9,4.8,65.1,12.0,3.0,42.0,0.71,14.11,4.2,LANE_A,20000.0,-22.0,83.0,CRUISE_LOITER,LADAKH,0,1.0
1788421112.415,5174.3,2129.3,72.0,86.4,89.1,86.1,88.4,780.9,785.9,784.9,787.5,4.77,65.1,12.2,3.0,41.7,0.73,14.08,4.0,LANE_A,20000.0,-22.0,83.1,CRUISE_LOITER,LADAKH,0,1.0
1788421112.921,5170.9,2127.9,72.0,86.4,88.8,85.7,88.5,782.5,788.2,782.2,787.1,4.77,65.1,12.2,3.0,41.7,0.73,14.08,4.1,LANE_A,20000.0,-22.0,83.1,CRUISE_LOITER,LADAKH,0,1.0
1788421113.429,5182.4,2132.7,72.0,86.1,89.2,85.8,88.6,782.6,784.2,783.0,785.8,4.78,65.2,12.1,3.0,41.6,0.74,14.12,4.2,LANE_A,20000.0,-22.0,83.1,CRUISE_LOITER,LADAKH,0,1.0
1788421113.939,5173.4,2129.0,72.0,86.5,88.9,86.0,88.5,781.9,785.1,783.4,788.1,4.77,65.2,12.0,3.0,41.7,0.73,14.12,4.1,LANE_A,20000.0,-22.0,83.1,CRUISE_LOITER,LADAKH,0,1.0
1788421114.444,5186.4,2134.3,72.0,86.6,89.0,86.1,88.6,783.0,787.7,784.6,787.1,4.79,65.2,11.9,3.0,41.9,0.73,14.1,4.0,LANE_A,20000.0,-22.0,83.1,CRUISE_LOITER,LADAKH,0,1.0
1788421114.951,5192.0,2136.6,72.0,86.5,88.8,86.3,88.3,780.9,787.3,785.5,785.7,4.8,65.3,12.0,3.0,41.7,0.73,14.1,4.2,LANE_A,20000.0,-22.0,83.1,CRUISE_LOITER,LADAKH,0,1.0
1788421115.459,5159.2,2123.1,72.0,86.5,89.2,85.8,88.4,783.6,786.2,785.6,788.0,4.78,65.0,12.1,3.0,41.7,0.72,14.09,4.1,LANE_A,20000.0,-22.0,83.1,CRUISE_LOITER,LADAKH,0,1.0
1788421116.288,5183.1,2133.0,72.0,86.7,89.2,86.2,88.4,782.6,788.3,783.3,785.7,4.79,65.1,12.1,3.0,41.8,0.73,14.11,4.4,LANE_A,20000.0,-22.0,83.1,CRUISE_LOITER,LADAKH,0,1.0
1788421116.779,5180.7,2132.0,72.0,86.5,89.4,86.1,88.3,782.0,787.3,783.2,785.5,4.8,65.2,12.0,3.0,41.7,0.73,14.13,4.2,LANE_A,20000.0,-22.0,83.1,CRUISE_LOITER,LADAKH,0,1.0
1788421117.284,5194.8,2137.8,72.0,86.6,88.9,86.0,88.8,782.8,784.4,782.3,785.0,4.79,65.6,12.0,3.0,41.8,0.7,14.08,4.2,LANE_A,20000.0,-22.0,83.1,CRUISE_LOITER,LADAKH,0,1.0
1788421117.783,5175.1,2129.7,72.0,86.5,88.9,86.1,88.3,781.5,784.4,782.5,788.1,4.86,65.3,12.1,3.0,42.1,0.71,14.11,4.3,LANE_A,20000.0,-22.0,83.1,CRUISE_LOITER,LADAKH,0,1.0
1788421118.301,5177.4,2130.6,72.0,86.6,89.2,85.8,88.7,781.7,786.2,784.1,785.0,4.81,65.5,12.1,3.0,41.9,0.71,14.11,4.3,LANE_A,20000.0,-22.0,83.2,CRUISE_LOITER,LADAKH,0,1.0
1788421118.81,5158.7,2122.9,72.0,86.5,89.3,86.0,88.7,781.9,786.3,782.6,786.9,4.79,65.5,12.2,3.0,41.9,0.74,14.09,4.1,LANE_A,20000.0,-22.0,83.2,CRUISE_LOITER,LADAKH,0,1.0
1788421119.306,5178.7,2131.2,72.0,86.7,89.2,86.4,88.5,782.1,785.4,784.9,788.1,4.83,65.4,12.3,3.0,41.8,0.73,14.13,4.1,LANE_A,20000.0,-22.0,83.2,CRUISE_LOITER,LADAKH,0,1.0
1788421119.822,5187.7,2134.8,72.0,86.9,89.3,85.8,89.0,781.9,785.6,783.1,788.3,4.84,65.1,12.2,3.0,41.9,0.74,14.11,4.1,LANE_A,20000.0,-22.0,83.2,CRUISE_LOITER,LADAKH,0,1.0
1788421120.329,5162.0,2124.3,72.0,87.0,89.1,86.0,88.9,780.6,788.0,785.0,787.6,4.79,65.2,12.1,3.0,42.0,0.75,14.09,4.3,LANE_A,20000.0,-22.0,83.2,CRUISE_LOITER,LADAKH,0,1.0
1788421120.834,5188.4,2135.1,72.0,86.8,89.0,86.4,88.8,781.6,787.3,783.6,786.5,4.77,65.7,12.1,2.9,42.1,0.73,14.07,4.0,LANE_A,20000.0,-22.0,83.2,CRUISE_LOITER,LADAKH,0,1.0
1788421121.344,5198.1,2139.2,72.0,86.9,88.8,86.4,88.4,780.6,785.6,784.4,785.2,4.79,65.2,12.2,3.0,41.9,0.72,14.08,4.0,LANE_A,20000.0,-22.0,83.2,CRUISE_LOITER,LADAKH,0,1.0
1788421121.852,5189.9,2135.8,72.0,86.8,89.2,86.5,88.6,781.0,787.1,782.7,783.9,4.74,65.5,12.1,3.0,41.9,0.7,14.09,4.1,LANE_A,20000.0,-22.0,83.3,CRUISE_LOITER,LADAKH,0,1.0
1788421122.36,5178.8,2131.2,72.0,86.8,89.5,86.1,88.8,780.9,786.3,783.7,786.5,4.79,65.3,12.2,3.0,42.0,0.72,14.08,4.2,LANE_A,20000.0,-22.0,83.3,CRUISE_LOITER,LADAKH,0,1.0
1788421122.867,5178.7,2131.1,72.0,86.4,89.1,86.5,88.7,781.6,787.1,783.6,785.3,4.8,65.5,12.2,3.0,42.0,0.72,14.09,4.2,LANE_A,20000.0,-22.0,83.3,CRUISE_LOITER,LADAKH,0,1.0
1788421123.373,5170.8,2127.9,72.0,86.5,89.5,86.4,88.8,781.3,788.6,785.4,785.8,4.82,65.3,12.2,3.0,41.9,0.7,14.08,4.2,LANE_A,20000.0,-22.0,83.3,CRUISE_LOITER,LADAKH,0,1.0
1788421123.882,5198.8,2139.4,72.0,86.4,89.3,86.4,88.8,781.8,785.9,782.7,785.3,4.79,65.3,12.2,3.0,41.8,0.72,14.08,4.2,LANE_A,20000.0,-22.0,83.3,CRUISE_LOITER,LADAKH,0,1.0
1788421124.39,5184.9,2133.7,72.0,86.7,89.5,86.3,89.0,783.6,785.2,780.8,786.0,4.8,65.5,12.2,3.0,42.1,0.72,14.1,4.0,LANE_A,20000.0,-22.0,83.3,CRUISE_LOITER,LADAKH,0,1.0
1788421124.897,5197.3,2138.8,72.0,86.5,89.3,86.6,88.4,782.8,787.9,781.9,786.2,4.79,65.6,12.1,3.0,42.0,0.69,14.09,4.1,LANE_A,20000.0,-22.0,83.4,CRUISE_LOITER,LADAKH,0,1.0
1788421125.404,5180.3,2131.8,72.0,86.7,89.2,86.2,88.7,780.5,786.7,784.9,786.6,4.84,65.3,12.0,3.0,42.0,0.72,14.08,4.1,LANE_A,20000.0,-22.0,83.4,CRUISE_LOITER,LADAKH,0,1.0
1788421125.912,5192.3,2136.7,72.0,87.1,89.2,86.7,88.7,781.5,787.5,783.6,787.2,4.86,65.7,12.2,3.0,42.1,0.73,14.12,4.0,LANE_A,20000.0,-22.0,83.4,CRUISE_LOITER,LADAKH,0,1.0
1788421126.423,5181.7,2132.4,72.0,86.8,89.6,86.5,88.8,783.3,785.9,783.5,786.8,4.79,65.4,12.1,3.0,41.9,0.73,14.08,4.1,LANE_A,20000.0,-22.0,83.4,CRUISE_LOITER,LADAKH,0,1.0
1788421126.919,5174.0,2129.2,72.0,86.7,89.1,86.1,89.0,782.5,787.8,782.1,786.3,4.8,65.5,12.3,3.0,42.1,0.72,14.09,4.0,LANE_A,20000.0,-22.0,83.4,CRUISE_LOITER,LADAKH,0,1.0
1788421127.437,5189.5,2135.6,72.0,86.9,89.6,86.2,88.8,782.1,784.6,785.1,785.6,4.81,65.6,12.2,3.0,42.3,0.72,14.12,4.0,LANE_A,20000.0,-22.0,83.5,CRUISE_LOITER,LADAKH,0,1.0
1788421127.947,5181.5,2132.3,72.0,87.0,89.4,86.3,88.7,781.5,787.0,783.7,784.0,4.82,65.5,12.2,3.0,42.1,0.7,14.13,4.2,LANE_A,20000.0,-22.0,83.5,CRUISE_LOITER,LADAKH,0,1.0
1788421128.453,5190.5,2136.0,72.0,86.9,89.3,86.6,89.2,780.7,785.2,783.8,785.6,4.78,65.8,12.1,3.0,42.1,0.72,14.09,4.2,LANE_A,20000.0,-22.0,83.5,CRUISE_LOITER,LADAKH,0,1.0
1788421128.963,5168.7,2127.0,72.0,86.9,89.2,86.6,89.0,783.3,786.2,783.8,786.6,4.8,65.4,12.2,3.0,42.5,0.76,14.08,4.0,LANE_A,20000.0,-22.0,83.5,CRUISE_LOITER,LADAKH,0,1.0
1788421129.47,5165.3,2125.7,72.0,86.7,89.8,86.6,88.7,780.8,785.0,783.3,785.6,4.76,65.6,12.2,3.0,42.0,0.72,14.13,4.2,LANE_A,20000.0,-22.0,83.6,CRUISE_LOITER,LADAKH,0,1.0
1788421129.978,5184.5,2133.6,72.0,86.6,89.4,86.5,88.9,782.6,786.8,784.1,787.2,4.79,65.6,12.2,3.0,42.3,0.72,14.11,4.3,LANE_A,20000.0,-22.0,83.6,CRUISE_LOITER,LADAKH,0,1.0
1788421130.488,5185.5,2134.0,72.0,86.8,89.1,86.4,88.9,780.8,785.6,781.3,786.1,4.84,65.6,12.3,3.0,42.0,0.73,14.09,4.2,LANE_A,20000.0,-22.0,83.6,CRUISE_LOITER,LADAKH,0,1.0
1788421130.988,5179.5,2131.5,72.0,87.1,89.6,86.4,88.7,781.4,787.0,780.3,787.1,4.83,65.8,12.2,3.0,42.2,0.73,14.08,4.3,LANE_A,20000.0,-22.0,83.6,CRUISE_LOITER,LADAKH,0,1.0
1788421131.503,5178.1,2130.9,72.0,86.7,89.6,86.1,88.7,780.0,788.1,783.7,787.5,4.77,65.7,12.1,3.0,42.1,0.73,14.09,4.0,LANE_A,20000.0,-22.0,83.6,CRUISE_LOITER,LADAKH,0,1.0
1788421132.009,5175.8,2129.9,72.0,87.1,89.2,86.9,88.8,782.9,786.7,783.1,788.8,4.76,65.4,12.2,3.0,42.3,0.75,14.08,4.0,LANE_A,20000.0,-22.0,83.7,CRUISE_LOITER,LADAKH,0,1.0
1788421132.518,5194.4,2137.6,72.0,87.2,89.3,86.4,89.1,779.2,785.3,784.6,787.3,4.77,65.7,12.3,3.0,42.2,0.72,14.11,4.2,LANE_A,20000.0,-22.0,83.7,CRUISE_LOITER,LADAKH,0,1.0
1788421133.024,5172.3,2128.5,72.0,86.7,89.4,86.4,89.0,780.5,787.0,784.3,786.7,4.78,65.8,12.2,3.0,42.2,0.7,14.11,4.2,LANE_A,20000.0,-22.0,83.7,CRUISE_LOITER,LADAKH,0,1.0
1788421133.535,5174.4,2129.4,72.0,87.1,89.7,86.7,89.1,781.0,783.7,783.8,788.6,4.75,65.7,12.2,3.0,42.3,0.72,14.06,3.9,LANE_A,20000.0,-22.0,83.7,CRUISE_LOITER,LADAKH,0,1.0
1788421134.042,5183.5,2133.1,72.0,87.3,89.7,86.5,88.9,783.9,786.2,780.8,785.6,4.79,66.0,12.3,3.0,42.4,0.73,14.09,4.1,LANE_A,20000.0,-22.0,83.8,CRUISE_LOITER,LADAKH,0,1.0
1788421134.552,5165.3,2125.6,72.0,86.9,89.6,86.6,89.0,782.5,787.7,784.1,784.4,4.83,65.6,12.1,3.0,42.3,0.73,14.11,4.2,LANE_A,20000.0,-22.0,83.8,CRUISE_LOITER,LADAKH,0,1.0
1788421135.061,5167.2,2126.4,72.0,86.9,89.3,86.0,89.2,783.7,785.0,785.3,786.9,4.79,65.8,12.3,3.0,42.4,0.74,14.09,3.9,LANE_A,20000.0,-22.0,83.8,CRUISE_LOITER,LADAKH,0,1.0
1788421135.571,5184.7,2133.6,72.0,87.1,89.7,86.4,89.2,782.1,784.3,784.8,786.6,4.78,65.4,12.3,3.0,42.4,0.74,14.1,4.2,LANE_A,20000.0,-22.0,83.9,CRUISE_LOITER,LADAKH,0,1.0
1788421136.381,5182.0,2132.5,72.0,87.1,89.6,86.3,89.6,782.1,786.1,783.6,787.6,4.78,65.9,12.2,3.0,42.5,0.73,14.12,4.1,LANE_A,20000.0,-22.0,83.9,CRUISE_LOITER,LADAKH,0,1.0
1788421136.887,5170.1,2127.6,72.0,87.2,89.8,87.0,89.1,779.5,787.7,782.4,786.4,4.83,65.7,12.2,3.0,42.5,0.73,14.11,4.2,LANE_A,20000.0,-22.0,83.9,CRUISE_LOITER,LADAKH,0,1.0
1788421137.395,5181.2,2132.2,72.0,87.2,89.7,86.6,89.4,782.1,784.2,783.9,787.0,4.81,65.8,12.2,3.0,42.4,0.72,14.13,4.2,LANE_A,20000.0,-22.0,83.9,CRUISE_LOITER,LADAKH,0,1.0
1788421137.89,5188.1,2135.0,72.0,87.0,90.0,86.8,89.2,780.5,787.2,782.7,786.6,4.81,65.5,12.1,3.0,42.3,0.72,14.09,4.1,LANE_A,20000.0,-22.0,84.0,CRUISE_LOITER,LADAKH,0,1.0
1788421138.409,5175.9,2130.0,72.0,87.2,89.6,86.6,89.2,780.6,786.5,783.8,787.3,4.8,65.6,12.2,3.0,42.5,0.72,14.12,4.2,LANE_A,20000.0,-22.0,84.0,CRUISE_LOITER,LADAKH,0,1.0
1788421138.91,5164.8,2125.4,72.0,87.0,89.4,86.8,89.3,783.1,787.2,780.8,786.7,4.8,65.9,12.1,3.0,42.4,0.74,14.09,4.2,LANE_A,20000.0,-22.0,84.0,CRUISE_LOITER,LADAKH,0,1.0
1788421139.425,5177.3,2130.6,72.0,87.4,89.9,86.4,89.2,782.9,784.9,782.7,785.5,4.82,65.7,12.3,3.0,42.6,0.72,14.09,4.1,LANE_A,20000.0,-22.0,84.1,CRUISE_LOITER,LADAKH,0,1.0
1788421139.934,5176.8,2130.4,72.0,87.1,89.4,86.5,88.9,781.2,788.2,784.1,786.9,4.79,65.7,12.3,3.0,42.5,0.74,14.06,4.1,LANE_A,20000.0,-22.0,84.1,CRUISE_LOITER,LADAKH,0,1.0
1788421140.443,5182.2,2132.6,72.0,87.0,89.5,86.8,88.9,780.6,786.0,783.7,785.9,4.81,65.7,12.3,3.0,42.2,0.72,14.1,4.2,LANE_A,20000.0,-22.0,84.1,CRUISE_LOITER,LADAKH,0,1.0
1788421140.949,5148.5,2118.7,72.0,87.3,89.8,86.8,89.4,781.0,786.2,784.9,786.8,4.78,66.0,12.2,3.0,42.4,0.7,14.12,4.0,LANE_A,20000.0,-22.0,84.2,CRUISE_LOITER,LADAKH,0,1.0
1788421141.448,5177.4,2130.6,72.0,87.2,89.6,86.9,89.1,780.5,787.2,784.3,785.8,4.79,65.8,12.4,3.0,42.8,0.7,14.09,4.1,LANE_A,20000.0,-22.0,84.2,CRUISE_LOITER,LADAKH,0,1.0
1788421141.958,5165.8,2125.8,72.0,87.0,89.8,86.7,89.2,780.2,787.0,782.3,785.9,4.76,65.7,12.2,3.0,42.2,0.72,14.11,4.2,LANE_A,20000.0,-22.0,84.2,CRUISE_LOITER,LADAKH,0,1.0
1788421142.477,5196.2,2138.4,72.0,87.2,89.7,86.7,89.3,782.5,785.9,784.5,786.0,4.8,65.7,12.2,3.0,42.3,0.72,14.14,4.2,LANE_A,20000.0,-22.0,84.3,CRUISE_LOITER,LADAKH,0,1.0
1788421142.985,5169.0,2127.2,72.0,87.2,89.6,86.8,89.1,779.0,784.8,784.9,784.7,4.78,65.7,12.2,3.0,42.6,0.72,14.1,4.0,LANE_A,20000.0,-22.0,84.3,CRUISE_LOITER,LADAKH,0,1.0
1788421143.493,5165.9,2125.9,72.0,87.1,90.1,86.5,89.1,783.0,785.6,784.8,787.1,4.81,66.1,12.3,3.0,42.6,0.73,14.09,4.0,LANE_A,20000.0,-22.0,84.3,CRUISE_LOITER,LADAKH,0,1.0
1788421143.99,5165.8,2125.8,72.0,87.3,89.6,86.9,89.0,780.2,786.5,783.4,787.8,4.78,66.0,12.2,3.0,42.5,0.71,14.12,4.0,LANE_A,20000.0,-22.0,84.4,CRUISE_LOITER,LADAKH,0,1.0
1788421144.497,5170.8,2127.9,72.0,87.7,90.0,86.5,89.0,781.8,785.9,783.1,784.0,4.82,66.0,12.4,3.0,42.5,0.75,14.1,4.3,LANE_A,20000.0,-22.0,84.4,CRUISE_LOITER,LADAKH,0,1.0
1788421145.015,5176.4,2130.2,72.0,87.6,90.3,86.8,89.2,782.8,787.7,783.0,784.2,4.77,65.8,12.2,3.0,42.6,0.73,14.09,4.2,LANE_A,20000.0,-22.0,84.4,CRUISE_LOITER,LADAKH,0,1.0
1788421145.513,5173.7,2129.1,72.0,87.2,89.4,87.0,88.9,786.5,787.5,784.1,788.7,4.72,65.8,12.3,3.0,42.5,0.73,14.11,4.0,LANE_A,20000.0,-22.0,84.5,CRUISE_LOITER,LADAKH,0,1.0
1788421146.034,5176.2,2130.1,72.0,87.2,89.9,86.7,89.6,782.5,785.3,783.9,786.2,4.74,65.8,12.3,3.0,42.6,0.72,14.13,3.9,LANE_A,20000.0,-22.0,84.5,CRUISE_LOITER,LADAKH,0,1.0
1788421146.773,5168.9,2127.1,72.0,86.8,89.7,86.9,89.3,779.8,785.8,780.2,786.3,4.82,66.2,12.2,3.0,42.9,0.73,14.12,4.0,LANE_A,20000.0,-22.0,84.5,CRUISE_LOITER,LADAKH,0,1.0
1788421147.265,5153.6,2120.8,72.0,87.5,90.2,86.7,89.5,782.3,787.4,785.9,784.0,4.84,65.8,12.2,3.0,42.8,0.72,14.09,4.2,LANE_A,20000.0,-22.0,84.6,CRUISE_LOITER,LADAKH,0,1.0
1788421147.775,5173.4,2129.0,72.0,87.0,90.2,86.7,89.0,780.9,785.3,781.8,784.3,4.81,66.1,12.1,3.0,42.5,0.77,14.09,4.1,LANE_A,20000.0,-22.0,84.6,CRUISE_LOITER,LADAKH,0,1.0
1788421148.285,5157.7,2122.5,72.0,87.2,89.9,87.0,89.3,784.0,787.1,781.5,786.6,4.79,66.0,12.4,3.0,42.7,0.7,14.09,4.1,LANE_A,20000.0,-22.0,84.6,CRUISE_LOITER,LADAKH,0,1.0
1788421148.793,5155.9,2121.8,72.0,87.3,89.9,86.7,89.2,779.2,786.4,783.2,785.3,4.81,66.0,12.4,3.0,42.6,0.73,14.09,4.0,LANE_A,20000.0,-22.0,84.7,CRUISE_LOITER,LADAKH,0,1.0
1788421149.301,5210.6,2144.3,72.0,87.5,89.8,87.0,89.3,782.5,784.7,784.1,787.4,4.81,66.2,12.4,3.0,42.4,0.73,14.07,4.0,LANE_A,20000.0,-22.0,84.7,CRUISE_LOITER,LADAKH,0,1.0
1788421149.808,5174.1,2129.2,72.0,87.7,89.9,87.0,89.6,780.0,787.2,782.9,787.2,4.78,65.8,12.4,3.0,42.8,0.71,14.09,3.9,LANE_A,20000.0,-22.0,84.8,CRUISE_LOITER,LADAKH,0,1.0
1788421150.318,5173.3,2128.9,72.0,87.3,89.7,86.8,89.7,780.6,784.6,786.1,786.5,4.79,66.1,12.4,3.0,42.9,0.73,14.08,4.0,LANE_A,20000.0,-22.0,84.8,CRUISE_LOITER,LADAKH,0,1.0
1788421150.823,5168.9,2127.1,72.0,87.3,89.6,86.8,89.2,781.0,785.3,783.8,787.8,4.85,66.0,12.4,3.0,42.5,0.72,14.08,4.1,LANE_A,20000.0,-22.0,84.8,CRUISE_LOITER,LADAKH,0,1.0
1788421151.322,5165.8,2125.8,72.0,87.5,89.9,87.1,89.3,782.5,786.0,783.3,786.6,4.83,66.1,12.4,3.0,42.8,0.71,14.13,4.0,LANE_A,20000.0,-22.0,84.9,CRUISE_LOITER,LADAKH,0,1.0
1788421151.841,5167.7,2126.6,72.0,87.0,90.0,86.7,89.5,781.5,786.0,784.0,787.3,4.84,65.9,12.3,3.0,42.7,0.73,14.09,3.9,LANE_A,20000.0,-22.0,84.9,CRUISE_LOITER,LADAKH,0,1.0
1788421152.348,5182.2,2132.6,72.0,87.3,90.1,86.8,89.7,781.9,788.0,783.7,785.4,4.79,66.0,12.4,3.0,43.0,0.72,14.09,4.0,LANE_A,20000.0,-22.0,84.9,CRUISE_LOITER,LADAKH,0,1.0
1788421152.856,5161.8,2124.2,72.0,87.6,89.7,86.7,89.5,780.9,787.3,781.4,785.1,4.81,66.1,12.3,3.0,43.0,0.69,14.09,4.2,LANE_A,20000.0,-22.0,85.0,CRUISE_LOITER,LADAKH,0,1.0
1788421153.366,5166.4,2126.1,72.0,87.3,89.7,86.7,89.8,781.3,787.5,784.4,785.1,4.81,66.1,12.3,3.0,43.0,0.71,14.1,4.1,LANE_A,20000.0,-22.0,85.0,CRUISE_LOITER,LADAKH,0,1.0
1788421153.87,5175.8,2129.9,72.0,87.3,89.8,87.1,89.3,779.9,786.2,783.2,786.0,4.79,66.2,12.3,3.0,42.8,0.72,14.12,4.2,LANE_A,20000.0,-22.0,85.1,CRUISE_LOITER,LADAKH,0,1.0
1788421154.38,5170.7,2127.9,72.0,87.2,89.7,87.0,89.5,781.2,787.5,780.2,785.5,4.81,66.3,12.3,3.0,43.1,0.71,14.08,4.1,LANE_A,20000.0,-22.0,85.1,CRUISE_LOITER,LADAKH,0,1.0
1788421154.89,5160.9,2123.8,72.0,87.4,90.0,87.0,89.4,781.1,788.0,782.1,786.2,4.77,66.2,12.4,3.0,43.0,0.72,14.12,4.2,LANE_A,20000.0,-22.0,85.2,CRUISE_LOITER,LADAKH,0,1.0
1788421155.399,5159.3,2123.2,72.0,87.6,89.7,87.3,89.2,782.8,789.8,782.6,784.9,4.77,66.3,12.3,3.0,43.1,0.72,14.09,3.9,LANE_A,20000.0,-22.0,85.2,CRUISE_LOITER,LADAKH,0,1.0
1788421155.904,5176.8,2130.4,72.0,87.4,90.0,87.0,89.6,781.7,785.2,780.6,786.7,4.75,66.0,12.4,3.0,42.8,0.72,14.11,4.0,LANE_A,20000.0,-22.0,85.2,CRUISE_LOITER,LADAKH,0,1.0
1788421156.708,5164.4,2125.3,72.0,87.4,89.8,86.9,89.4,780.3,788.8,783.0,783.7,4.77,66.3,12.3,3.0,42.8,0.7,14.1,4.0,LANE_A,20000.0,-22.0,85.3,CRUISE_LOITER,LADAKH,0,1.0
1788421157.226,5161.5,2124.1,72.0,87.6,90.0,87.0,89.7,781.4,785.3,782.5,785.4,4.78,66.2,12.5,3.0,43.1,0.7,14.1,4.1,LANE_A,20000.0,-22.0,85.3,CRUISE_LOITER,LADAKH,0,1.0
1788421157.724,5146.5,2117.9,72.0,87.7,90.2,87.0,89.6,780.7,786.0,779.9,786.1,4.78,66.3,12.5,3.0,42.9,0.73,14.12,4.2,LANE_A,20000.0,-22.0,85.4,CRUISE_LOITER,LADAKH,0,1.0
1788421158.238,5166.7,2126.2,72.0,87.6,90.2,87.1,89.8,781.3,786.1,781.6,785.8,4.79,66.0,12.5,3.0,43.0,0.72,14.08,4.1,LANE_A,20000.0,-22.0,85.4,CRUISE_LOITER,LADAKH,0,1.0
1788421158.752,5164.1,2125.1,72.0,87.7,89.6,87.2,89.5,782.0,785.2,783.0,786.4,4.81,65.9,12.3,3.0,42.9,0.7,14.1,4.3,LANE_A,20000.0,-22.0,85.4,CRUISE_LOITER,LADAKH,0,1.0
1788421159.258,5155.0,2121.4,72.0,87.0,90.0,86.8,89.6,780.7,786.1,781.4,786.5,4.82,66.2,12.4,3.0,42.9,0.72,14.11,4.2,LANE_A,20000.0,-22.0,85.5,CRUISE_LOITER,LADAKH,0,1.0
1788421159.761,5148.1,2118.6,72.0,87.8,90.0,87.0,89.4,781.3,784.6,782.9,787.6,4.77,66.5,12.4,3.0,43.0,0.74,14.08,4.1,LANE_A,20000.0,-22.0,85.5,CRUISE_LOITER,LADAKH,0,1.0
1788421160.271,5155.5,2121.6,72.0,87.5,89.9,87.0,89.8,781.0,785.6,784.0,786.6,4.79,66.0,12.4,3.0,43.0,0.73,14.07,3.9,LANE_A,20000.0,-22.0,85.6,CRUISE_LOITER,LADAKH,0,1.0
1788421160.783,5130.9,2111.5,72.0,87.5,89.8,87.0,89.7,780.7,787.5,783.1,788.2,4.77,66.2,12.3,3.0,42.8,0.73,14.09,4.2,LANE_A,20000.0,-22.0,85.6,CRUISE_LOITER,LADAKH,0,1.0
1788421161.284,5163.5,2124.9,72.0,87.6,90.2,86.8,89.6,781.2,786.0,783.2,788.6,4.79,66.1,12.2,3.0,43.0,0.73,14.1,4.0,LANE_A,20000.0,-22.0,85.7,CRUISE_LOITER,LADAKH,0,1.0
1788421161.791,5168.3,2126.9,72.0,87.8,89.8,86.8,89.4,780.7,785.2,782.4,785.2,4.75,66.2,12.2,3.0,43.0,0.74,14.14,3.8,LANE_A,20000.0,-22.0,85.7,CRUISE_LOITER,LADAKH,0,1.0
1788421162.301,5161.2,2123.9,72.0,87.4,90.3,87.2,89.7,782.2,785.8,783.9,786.2,4.74,66.3,12.5,3.0,43.0,0.7,14.08,4.0,LANE_A,20000.0,-22.0,85.8,CRUISE_LOITER,LADAKH,0,1.0
1788421162.808,5182.6,2132.8,72.0,87.5,90.4,87.2,89.6,781.9,786.8,785.4,787.4,4.82,66.5,12.5,3.0,43.0,0.71,14.11,4.2,LANE_A,20000.0,-22.0,85.8,CRUISE_LOITER,LADAKH,0,1.0
1788421163.315,5176.3,2130.2,72.0,87.7,90.0,86.8,89.7,780.6,785.8,783.4,785.4,4.78,66.3,12.5,3.0,43.1,0.73,14.09,4.0,LANE_A,20000.0,-22.0,85.8,CRUISE_LOITER,LADAKH,0,1.0
1788421163.821,5187.9,2134.9,72.0,87.5,89.8,87.0,89.3,780.2,787.0,782.6,787.8,4.77,66.2,12.3,3.0,43.0,0.72,14.1,4.0,LANE_A,20000.0,-22.0,85.9,CRUISE_LOITER,LADAKH,0,1.0
1788421164.328,5162.4,2124.4,72.0,87.4,90.2,86.7,89.7,781.6,784.6,781.8,787.4,4.81,66.4,12.4,3.0,43.0,0.73,14.09,4.1,LANE_A,20000.0,-22.0,85.9,CRUISE_LOITER,LADAKH,0,1.0
1788421164.84,5174.5,2129.4,72.0,87.4,90.1,86.8,89.7,778.3,787.4,785.2,784.4,4.77,66.6,12.4,3.0,43.1,0.73,14.08,4.0,LANE_A,20000.0,-22.0,86.0,CRUISE_LOITER,LADAKH,0,1.0
1788421165.337,5146.1,2117.7,72.0,87.4,90.3,86.8,89.7,782.0,786.1,783.3,785.5,4.82,66.6,12.4,3.0,43.3,0.74,14.07,4.0,LANE_A,20000.0,-22.0,86.0,CRUISE_LOITER,LADAKH,0,1.0
1788421165.852,5160.9,2123.8,72.0,87.9,90.0,87.1,89.3,781.2,786.9,784.2,787.2,4.76,66.7,12.4,3.0,43.1,0.72,14.1,4.2,LANE_A,20000.0,-22.0,86.1,CRUISE_LOITER,LADAKH,0,1.0
1788421166.359,5159.3,2123.2,72.0,87.8,89.9,87.3,89.2,780.1,784.4,784.1,784.9,4.78,66.4,12.4,3.0,42.9,0.71,14.07,4.1,LANE_A,20000.0,-22.0,86.1,CRUISE_LOITER,LADAKH,0,1.0
1788421166.868,5163.9,2125.1,72.0,87.6,90.2,87.2,89.4,781.5,783.6,784.5,783.2,4.8,66.5,12.5,3.0,43.1,0.72,14.09,4.1,LANE_A,20000.0,-22.0,86.2,CRUISE_LOITER,LADAKH,0,1.0
1788421167.375,5150.8,2119.7,72.0,87.9,90.0,87.2,89.7,780.3,785.5,781.7,786.5,4.71,66.4,12.4,3.0,43.2,0.73,14.09,4.0,LANE_A,20000.0,-22.0,86.2,CRUISE_LOITER,LADAKH,0,1.0
1788421167.88,5166.6,2126.2,72.0,87.8,90.2,87.1,89.3,782.9,785.4,783.0,786.1,4.75,66.1,12.4,3.0,43.2,0.72,14.06,4.0,LANE_A,20000.0,-22.0,86.3,CRUISE_LOITER,LADAKH,0,1.0
1788421168.388,5168.9,2127.1,72.0,87.7,90.3,87.3,89.4,782.1,787.2,781.9,785.7,4.76,66.4,12.4,3.0,43.2,0.72,14.09,4.1,LANE_A,20000.0,-22.0,86.3,CRUISE_LOITER,LADAKH,0,1.0
1788421168.899,5156.9,2122.2,72.0,87.5,90.0,87.0,89.7,781.5,785.5,781.8,786.2,4.78,66.5,12.5,3.0,43.1,0.72,14.1,4.0,LANE_A,20000.0,-22.0,86.3,CRUISE_LOITER,LADAKH,0,1.0
1788421169.398,5173.4,2129.0,72.0,87.5,90.1,87.1,89.6,781.9,784.1,782.9,785.0,4.8,66.3,12.4,3.0,43.3,0.72,14.16,3.9,LANE_A,20000.0,-22.0,86.4,CRUISE_LOITER,LADAKH,0,1.0
1788421169.916,5137.6,2114.2,72.0,87.9,90.4,87.0,89.5,781.3,784.8,783.1,786.3,4.78,66.3,12.4,3.0,43.3,0.73,14.06,4.2,LANE_A,20000.0,-22.0,86.4,CRUISE_LOITER,LADAKH,0,1.0
1788421170.423,5174.9,2129.6,72.0,87.8,90.1,87.2,89.3,780.5,786.0,784.4,786.6,4.82,66.3,12.3,3.0,43.3,0.7,14.12,4.1,LANE_A,20000.0,-22.0,86.5,CRUISE_LOITER,LADAKH,0,1.0
1788421170.935,5154.4,2121.2,72.0,87.5,90.0,87.3,89.9,780.6,786.6,784.0,786.0,4.81,66.3,12.6,3.0,43.4,0.75,14.09,4.2,LANE_A,20000.0,-22.0,86.5,CRUISE_LOITER,LADAKH,0,1.0
1788421171.439,5147.9,2118.5,72.0,87.5,90.1,87.4,89.7,781.9,786.8,784.2,785.6,4.76,66.3,12.3,3.0,43.4,0.73,14.07,4.2,LANE_A,20000.0,-22.0,86.6,CRUISE_LOITER,LADAKH,0,1.0
1788421171.947,5172.9,2128.8,72.0,87.9,90.2,86.9,89.6,778.8,788.3,780.5,782.6,4.8,66.5,12.6,3.0,43.2,0.73,14.12,3.9,LANE_A,20000.0,-22.0,86.6,CRUISE_LOITER,LADAKH,0,1.0
1788421172.455,5165.0,2125.5,72.0,87.7,90.1,87.2,89.9,779.7,786.2,783.3,785.7,4.8,66.4,12.4,3.0,43.4,0.72,14.09,4.1,LANE_A,20000.0,-22.0,86.7,CRUISE_LOITER,LADAKH,0,1.0
1788421172.963,5170.6,2127.8,72.0,87.6,89.7,87.2,89.7,780.2,786.4,786.0,785.2,4.8,66.7,12.6,3.0,43.5,0.71,14.07,4.2,LANE_A,20000.0,-22.0,86.7,CRUISE_LOITER,LADAKH,0,1.0
1788421173.47,5163.7,2125.0,72.0,88.0,90.3,87.5,89.7,780.6,783.6,782.6,781.9,4.82,66.6,12.5,3.0,43.4,0.74,14.05,3.9,LANE_A,20000.0,-22.0,86.8,CRUISE_LOITER,LADAKH,0,1.0
1788421173.975,5165.8,2125.8,72.0,87.5,90.4,87.2,89.7,780.0,786.2,783.0,785.4,4.79,66.7,12.4,3.0,43.4,0.7,14.12,4.0,LANE_A,20000.0,-22.0,86.8,CRUISE_LOITER,LADAKH,0,1.0
1788421174.473,5148.2,2118.6,72.0,87.3,90.5,87.3,89.8,781.2,784.8,783.3,785.7,4.78,66.6,12.4,3.0,43.3,0.71,14.09,3.9,LANE_A,20000.0,-22.0,86.9,CRUISE_LOITER,LADAKH,0,1.0
1788421174.995,5160.2,2123.5,72.0,87.7,90.1,87.5,89.7,780.4,784.6,782.9,785.5,4.75,66.3,12.4,3.0,43.5,0.72,14.12,4.2,LANE_A,20000.0,-22.0,86.9,CRUISE_LOITER,LADAKH,0,1.0
1788421175.502,5153.2,2120.6,72.0,87.8,90.1,87.0,89.3,778.9,785.2,779.7,784.5,4.74,66.6,12.4,3.0,43.3,0.71,14.09,4.1,LANE_A,20000.0,-22.0,87.0,CRUISE_LOITER,LADAKH,0,1.0
1788421176.38,5145.1,2117.3,72.0,87.7,90.1,87.4,89.7,780.4,786.1,783.6,786.8,4.83,66.2,12.5,3.0,43.5,0.68,14.07,4.0,LANE_A,20000.0,-22.0,87.0,CRUISE_LOITER,LADAKH,0,1.0
1788421176.87,5145.6,2117.5,72.0,87.9,90.3,87.4,89.8,781.4,784.5,784.2,786.1,4.79,66.6,12.4,3.0,43.3,0.71,14.13,4.1,LANE_A,20000.0,-22.0,87.1,CRUISE_LOITER,LADAKH,0,1.0
1788421177.378,5142.5,2116.3,72.0,87.6,90.1,87.5,89.5,779.3,785.1,783.8,785.1,4.77,66.4,12.5,3.0,43.6,0.71,14.12,4.0,LANE_A,20000.0,-22.0,87.1,CRUISE_LOITER,LADAKH,0,1.0
1788421177.886,5164.2,2125.2,72.0,87.6,90.4,87.4,89.7,779.9,786.2,784.0,786.4,4.74,66.2,12.6,3.0,43.4,0.71,14.14,4.1,LANE_A,20000.0,-22.0,87.2,CRUISE_LOITER,LADAKH,0,1.0
1788421178.395,5155.2,2121.5,72.0,87.4,90.3,87.3,89.8,778.3,784.9,783.3,784.1,4.75,66.5,12.5,3.0,43.3,0.74,14.09,4.1,LANE_A,20000.0,-22.0,87.2,CRUISE_LOITER,LADAKH,0,1.0
1788421178.904,5138.7,2114.7,72.0,87.6,90.2,87.4,89.8,781.4,785.5,785.2,785.1,4.79,66.6,12.5,3.0,43.6,0.76,14.13,4.0,LANE_A,20000.0,-22.0,87.3,CRUISE_LOITER,LADAKH,0,1.0
1788421179.409,5139.8,2115.1,72.0,87.5,90.3,87.2,90.0,780.7,787.2,783.4,784.6,4.74,66.8,12.3,3.0,43.6,0.72,14.09,4.0,LANE_A,20000.0,-22.0,87.3,CRUISE_LOITER,LADAKH,0,1.0
1788421179.914,5142.6,2116.3,72.0,87.5,90.2,87.2,89.7,781.0,787.4,783.0,786.4,4.76,66.8,12.7,3.0,43.7,0.72,14.08,4.1,LANE_A,20000.0,-22.0,87.4,CRUISE_LOITER,LADAKH,0,1.0
1788421180.412,5164.9,2125.5,72.0,87.6,90.3,86.9,89.6,781.1,784.5,782.7,783.2,4.77,66.5,12.4,3.0,43.6,0.74,14.09,4.1,LANE_A,20000.0,-22.0,87.4,CRUISE_LOITER,LADAKH,0,1.0
1788421180.934,5145.9,2117.7,72.0,87.6,90.3,87.2,89.6,781.7,786.9,782.1,784.1,4.74,66.5,12.5,3.0,43.8,0.74,14.06,4.1,LANE_A,20000.0,-22.0,87.5,CRUISE_LOITER,LADAKH,0,1.0
1788421181.44,5165.9,2125.9,72.0,87.6,90.3,87.3,90.1,781.5,787.1,783.3,783.6,4.77,66.7,12.7,3.0,43.4,0.71,14.1,4.1,LANE_A,20000.0,-22.0,87.5,CRUISE_LOITER,LADAKH,0,1.0
1788421181.953,5152.1,2120.2,72.0,87.9,90.4,87.4,89.9,780.8,784.9,780.8,783.6,4.78,66.6,12.5,3.0,43.7,0.68,14.13,3.9,LANE_A,20000.0,-22.0,87.6,CRUISE_LOITER,LADAKH,0,1.0
1788421182.46,5138.5,2114.6,72.0,87.5,90.1,87.2,89.7,781.9,787.0,782.5,787.2,4.73,66.8,12.5,3.0,43.7,0.73,14.11,4.3,LANE_A,20000.0,-22.0,87.6,CRUISE_LOITER,LADAKH,0,1.0
1788421182.972,5164.7,2125.4,72.0,87.9,90.3,87.2,89.9,784.8,786.0,783.0,786.4,4.81,66.6,12.6,3.0,43.7,0.72,14.1,4.1,LANE_A,20000.0,-22.0,87.7,CRUISE_LOITER,LADAKH,0,1.0
1788421183.478,5145.7,2117.6,72.0,88.0,90.5,87.5,89.4,782.5,786.8,781.2,784.8,4.79,66.5,12.5,3.0,43.7,0.72,14.08,4.2,LANE_A,20000.0,-22.0,87.7,CRUISE_LOITER,LADAKH,0,1.0
1788421183.987,5130.3,2111.2,72.0,87.5,90.3,87.4,89.5,782.5,786.7,784.0,786.8,4.78,66.7,12.6,3.0,43.7,0.71,14.08,4.0,LANE_A,20000.0,-22.0,87.8,CRUISE_LOITER,LADAKH,0,1.0
1788421184.495,5149.1,2119.0,72.0,87.5,90.4,87.1,89.7,779.0,785.5,782.4,785.1,4.78,66.9,12.6,3.0,43.9,0.72,14.13,3.8,LANE_A,20000.0,-22.0,87.8,CRUISE_LOITER,LADAKH,0,1.0
1788421185.004,5148.8,2118.9,72.0,87.9,90.4,87.3,90.0,780.7,785.4,782.9,785.6,4.78,66.5,12.6,3.0,43.7,0.71,14.1,4.1,LANE_A,20000.0,-22.0,87.9,CRUISE_LOITER,LADAKH,0,1.0
1788421185.51,5156.3,2121.9,72.0,87.8,90.5,87.2,89.8,781.4,786.9,784.8,784.5,4.78,67.0,12.7,3.0,43.7,0.69,14.1,4.0,LANE_A,20000.0,-22.0,87.9,CRUISE_LOITER,LADAKH,0,1.0
1788421186.02,5157.0,2122.2,72.0,87.9,89.8,87.1,90.2,780.1,784.8,783.4,788.3,4.75,66.8,12.4,3.0,43.8,0.72,14.11,4.1,LANE_A,20000.0,-22.0,88.0,CRUISE_LOITER,LADAKH,0,1.0
1788421186.527,5157.0,2122.2,72.0,87.4,90.2,87.5,89.8,780.5,786.2,783.4,786.2,4.8,66.6,12.5,3.0,43.7,0.73,14.1,4.1,LANE_A,20000.0,-22.0,88.0,CRUISE_LOITER,LADAKH,0,1.0
1788421187.039,5141.5,2115.8,72.0,87.9,90.1,87.4,89.8,782.3,785.0,782.1,784.1,4.78,66.6,12.6,3.0,43.7,0.74,14.04,4.1,LANE_A,20000.0,-22.0,88.1,CRUISE_LOITER,LADAKH,0,1.0
1788421187.547,5151.6,2120.0,72.0,87.7,90.6,86.9,90.3,779.2,784.9,784.2,786.0,4.76,66.4,12.6,3.0,43.9,0.74,14.09,4.3,LANE_A,20000.0,-22.0,88.1,CRUISE_LOITER,LADAKH,0,1.0
1788421188.055,5161.3,2124.0,72.0,87.7,90.2,87.3,89.9,782.8,783.3,785.2,785.5,4.78,66.8,12.6,3.0,44.0,0.68,14.11,4.2,LANE_A,20000.0,-22.0,88.2,CRUISE_LOITER,LADAKH,0,1.0
1788421188.562,5135.4,2113.3,72.0,87.9,90.2,87.3,89.8,781.5,785.1,781.1,786.0,4.74,66.7,12.6,3.0,44.0,0.71,14.09,4.0,LANE_A,20000.0,-22.0,88.2,CRUISE_LOITER,LADAKH,0,1.0
1788421189.072,5132.8,2112.3,72.0,87.5,90.5,87.7,89.8,779.6,785.7,782.1,786.4,4.74,66.6,12.6,3.0,43.9,0.72,14.13,4.1,LANE_A,20000.0,-22.0,88.3,CRUISE_LOITER,LADAKH,0,1.0
1788421189.581,5150.7,2119.6,72.0,87.8,90.5,87.4,89.9,780.0,784.5,783.5,783.3,4.76,66.7,12.6,3.0,44.0,0.69,14.08,4.2,LANE_A,20000.0,-22.0,88.3,CRUISE_LOITER,LADAKH,0,1.0
1788421190.084,5145.3,2117.4,72.0,88.2,90.3,87.1,89.8,779.9,784.9,783.3,784.8,4.79,67.0,12.5,3.0,43.8,0.73,14.09,4.0,LANE_A,20000.0,-22.0,88.4,CRUISE_LOITER,LADAKH,0,1.0
1788421190.59,5128.1,2110.3,72.0,88.0,90.7,87.3,89.7,779.7,787.7,782.0,783.6,4.77,66.8,12.5,3.0,44.0,0.72,14.11,4.1,LANE_A,20000.0,-22.0,88.4,CRUISE_LOITER,LADAKH,0,1.0
1788421191.085,5147.3,2118.2,72.0,88.0,90.4,87.2,89.8,782.3,786.6,782.3,784.8,4.81,66.4,12.6,3.0,43.7,0.72,14.13,4.1,LANE_A,20000.0,-22.0,88.5,CRUISE_LOITER,LADAKH,0,1.0
1788421191.608,5140.2,2115.3,72.0,87.9,90.5,87.2,89.9,781.7,785.8,782.6,785.9,4.74,66.6,12.6,3.0,44.0,0.71,14.08,4.2,LANE_A,20000.0,-22.0,88.5,CRUISE_LOITER,LADAKH,0,1.0
1788421192.11,5154.3,2121.1,72.0,88.0,90.4,87.2,89.7,780.7,783.5,784.7,784.2,4.75,66.6,12.6,3.0,43.8,0.73,14.13,4.2,LANE_A,20000.0,-22.0,88.6,CRUISE_LOITER,LADAKH,0,1.0
1788421192.618,5144.5,2117.1,72.0,88.0,90.2,87.2,89.8,780.8,786.1,782.3,785.7,4.73,66.7,12.7,3.0,44.1,0.75,14.1,3.9,LANE_A,20000.0,-22.0,88.6,CRUISE_LOITER,LADAKH,0,1.0
1788421193.122,5150.4,2119.5,72.0,88.0,90.5,87.5,90.1,780.1,787.9,785.1,787.0,4.72,67.0,12.5,3.0,44.0,0.75,14.09,3.9,LANE_A,20000.0,-22.0,88.7,CRUISE_LOITER,LADAKH,0,1.0
1788421193.631,5165.0,2125.5,72.0,87.5,90.3,87.8,89.7,779.3,784.7,783.4,785.1,4.82,66.9,12.6,3.0,44.0,0.72,14.11,4.0,LANE_A,20000.0,-22.0,88.7,CRUISE_LOITER,LADAKH,0,1.0
1788421194.14,5137.9,2114.3,72.0,87.5,90.2,87.3,89.9,781.5,786.6,781.1,786.0,4.74,67.0,12.8,3.0,44.2,0.7,14.11,4.3,LANE_A,20000.0,-22.0,88.8,CRUISE_LOITER,LADAKH,0,1.0
1788421194.647,5119.9,2106.9,72.0,88.1,90.1,87.2,90.1,781.5,784.6,782.8,783.7,4.76,66.8,12.7,3.0,44.0,0.72,14.12,4.1,LANE_A,20000.0,-22.0,88.8,CRUISE_LOITER,LADAKH,0,1.0
1788421195.158,5160.0,2123.4,72.0,87.7,90.4,87.4,90.0,780.8,785.5,783.1,785.5,4.77,66.8,12.7,3.0,43.9,0.73,14.14,4.1,LANE_A,20000.0,-22.0,88.9,CRUISE_LOITER,LADAKH,0,1.0
1788421195.663,5147.2,2118.2,72.0,87.9,90.3,87.5,89.8,780.9,786.1,781.1,784.2,4.75,66.5,12.6,3.0,44.2,0.7,14.09,4.0,LANE_A,20000.0,-22.0,88.9,CRUISE_LOITER,LADAKH,0,1.0
1788421196.466,5142.1,2116.1,72.0,87.8,90.4,87.3,89.7,778.0,785.2,782.4,787.4,4.69,66.9,12.6,3.0,44.0,0.74,14.1,4.0,LANE_A,20000.0,-22.0,89.0,CRUISE_LOITER,LADAKH,0,1.0
1788421196.974,5147.2,2118.2,72.0,87.9,90.4,87.7,90.2,780.4,783.0,783.8,784.8,4.73,66.9,12.6,3.0,44.1,0.72,14.1,4.2,LANE_A,20000.0,-22.0,89.0,CRUISE_LOITER,LADAKH,0,1.0
1788421197.484,5140.7,2115.5,72.0,88.2,90.8,87.5,89.8,781.5,785.4,781.7,786.4,4.76,66.6,12.7,3.0,44.0,0.71,14.08,4.2,LANE_A,20000.0,-22.0,89.1,CRUISE_LOITER,LADAKH,0,1.0
1788421197.989,5149.6,2119.2,72.0,87.9,90.4,87.7,89.8,781.2,784.0,781.5,785.7,4.72,66.7,12.9,3.0,44.1,0.73,14.07,4.2,LANE_A,20000.0,-22.0,89.1,CRUISE_LOITER,LADAKH,0,1.0
1788421198.476,5140.2,2115.3,72.0,87.9,93.0,87.3,90.5,781.4,789.4,782.2,785.1,4.68,67.1,12.8,3.0,44.2,0.72,14.08,3.8,LANE_A,20000.0,-22.0,89.2,CRUISE_LOITER,LADAKH,1,0.96
1788421198.996,5156.7,2122.1,72.0,88.0,96.2,87.5,90.3,779.8,787.8,784.0,785.7,4.8,68.4,12.8,3.0,44.1,0.71,14.09,4.0,LANE_A,20000.0,-22.0,89.2,CRUISE_LOITER,LADAKH,1,0.89
1788421199.502,5149.3,2119.1,72.0,87.9,99.3,87.2,90.5,781.1,789.3,784.3,786.2,4.75,69.4,12.6,3.0,44.3,0.73,14.06,4.2,LANE_A,20000.0,-22.0,89.3,CRUISE_LOITER,LADAKH,1,0.83
1788421200.009,5140.0,2115.2,72.0,87.8,102.8,87.3,91.1,781.5,792.5,782.2,786.2,4.79,70.0,12.8,3.0,44.2,0.71,14.08,4.0,LANE_A,20000.0,-22.0,89.3,CRUISE_LOITER,LADAKH,1,0.77
1788421200.518,5132.2,2112.0,72.0,87.7,106.1,87.8,91.3,779.9,795.5,782.7,785.4,4.78,70.9,12.6,3.0,44.0,0.74,14.1,4.0,LANE_A,20000.0,-22.0,89.4,CRUISE_LOITER,LADAKH,1,0.71
1788421201.025,5120.4,2107.2,72.0,88.4,109.4,87.9,92.0,778.8,795.9,781.8,785.4,4.77,71.6,12.7,3.0,44.3,0.71,14.09,4.1,LANE_A,20000.0,-22.0,89.4,CRUISE_LOITER,LADAKH,1,0.64
1788421201.534,5158.3,2122.8,72.0,88.0,112.8,87.4,92.3,780.3,798.0,782.3,785.2,4.76,72.6,12.5,3.0,44.0,0.72,14.1,4.2,LANE_A,20000.0,-22.0,89.4,CRUISE_LOITER,LADAKH,1,0.58
1788421202.031,5140.6,2115.5,72.0,88.0,115.8,87.6,92.7,780.3,800.8,784.2,784.6,4.72,73.7,12.9,3.0,44.3,0.73,14.11,4.2,LANE_A,20000.0,-22.0,89.5,CRUISE_LOITER,LADAKH,1,0.52
1788421202.54,5148.9,2118.9,72.0,87.9,119.4,87.5,92.9,778.2,805.6,783.4,784.4,4.78,74.5,12.6,3.0,44.3,0.73,14.11,4.1,LANE_A,20000.0,-22.0,89.5,CRUISE_LOITER,LADAKH,1,0.46
1788421203.052,5151.9,2120.1,72.0,88.2,123.0,87.3,93.4,780.0,805.1,781.5,783.9,4.73,75.3,12.8,3.0,44.4,0.72,14.07,4.1,LANE_A,20000.0,-22.0,89.6,CRUISE_LOITER,LADAKH,1,0.39
1788421203.56,5140.9,2115.6,72.0,88.1,126.2,87.5,93.4,781.2,808.0,783.3,784.4,4.77,76.3,12.7,3.0,44.4,0.7,14.1,4.2,LANE_A,20000.0,-22.0,89.6,CRUISE_LOITER,LADAKH,1,0.33
1788421204.067,5131.1,2111.6,72.0,88.2,129.5,87.7,93.8,778.7,809.4,782.5,785.6,4.75,77.0,12.7,3.0,44.2,0.72,14.09,4.1,LANE_A,20000.0,-22.0,89.7,CRUISE_LOITER,LADAKH,1,0.27
1788421204.57,5147.0,2118.1,72.0,88.1,130.3,87.2,93.8,780.6,808.3,781.3,785.6,4.77,77.3,12.8,3.0,44.3,0.71,14.08,4.1,LANE_A,20000.0,-22.0,89.7,CRUISE_LOITER,LADAKH,1,0.25
1788421205.083,5130.9,2111.5,72.0,88.0,130.6,87.6,93.9,781.5,808.6,781.1,784.5,4.74,77.3,12.7,3.0,44.4,0.72,14.12,4.2,LANE_A,20000.0,-22.0,89.8,CRUISE_LOITER,LADAKH,1,0.25
1788421205.592,5120.6,2107.3,72.0,88.4,130.0,87.4,94.1,781.1,809.4,783.2,784.8,4.73,77.6,12.9,3.0,44.1,0.72,14.09,3.8,LANE_A,20000.0,-22.0,89.8,CRUISE_LOITER,LADAKH,1,0.25
1788421206.099,5135.4,2113.3,72.0,88.0,130.5,87.5,94.1,780.3,810.9,783.2,787.0,4.74,77.4,12.7,3.0,44.2,0.72,14.08,4.0,LANE_A,20000.0,-22.0,89.9,CRUISE_LOITER,LADAKH,1,0.25
1788421206.61,5141.7,2115.9,72.0,88.3,130.6,87.8,94.1,780.2,808.7,781.6,785.3,4.72,77.3,12.8,3.0,44.4,0.72,14.09,3.9,LANE_A,20000.0,-22.0,89.9,CRUISE_LOITER,LADAKH,1,0.25
1788421207.118,5118.3,2106.3,72.0,88.2,130.1,87.5,93.9,781.1,810.5,782.1,785.2,4.74,77.3,12.7,3.0,44.2,0.71,14.08,4.1,LANE_A,20000.0,-22.0,90.0,CRUISE_LOITER,LADAKH,1,0.25
1788421207.624,5130.6,2111.3,72.0,88.2,130.7,87.5,94.2,781.3,810.4,780.9,784.8,4.76,77.3,12.9,3.0,44.4,0.72,14.07,4.2,LANE_A,20000.0,-22.0,90.0,CRUISE_LOITER,LADAKH,1,0.25
1788421208.132,5156.2,2121.9,72.0,87.9,131.0,87.4,94.2,780.0,810.9,784.6,784.1,4.79,77.2,12.7,3.0,44.4,0.69,14.12,3.9,LANE_A,20000.0,-22.0,90.1,CRUISE_LOITER,LADAKH,1,0.25
1788421208.639,5130.8,2111.4,72.0,88.0,130.5,87.5,94.2,779.4,809.4,781.7,785.3,4.79,77.6,12.6,3.0,44.3,0.73,14.09,4.2,LANE_A,20000.0,-22.0,90.1,CRUISE_LOITER,LADAKH,1,0.25
1788421209.147,5116.8,2105.7,72.0,87.9,130.5,87.4,94.0,782.1,810.4,782.1,784.8,4.72,77.6,12.7,3.0,44.3,0.7,14.14,4.1,LANE_A,20000.0,-22.0,90.1,CRUISE_LOITER,LADAKH,1,0.25
1788421209.645,5143.8,2116.8,72.0,88.0,130.2,87.7,93.9,780.0,810.2,784.2,785.5,4.74,77.3,12.7,3.0,44.4,0.71,14.08,4.1,LANE_A,20000.0,-22.0,90.2,CRUISE_LOITER,LADAKH,1,0.25
1788421210.161,5134.0,2112.7,72.0,88.0,130.7,87.7,94.2,778.4,809.8,783.1,784.1,4.76,77.0,12.7,3.0,44.2,0.72,14.09,4.1,LANE_A,20000.0,-22.0,90.2,CRUISE_LOITER,LADAKH,1,0.25
1788421210.666,5154.1,2121.0,72.0,88.1,130.4,87.3,93.8,779.8,810.1,781.6,786.7,4.72,77.5,12.7,3.0,44.6,0.72,14.09,4.0,LANE_A,20000.0,-22.0,90.3,CRUISE_LOITER,LADAKH,1,0.25
1788421211.174,5132.4,2112.1,72.0,88.2,130.8,87.3,94.0,780.2,809.7,781.6,785.1,4.77,77.5,12.8,3.0,44.6,0.71,14.11,3.9,LANE_A,20000.0,-22.0,90.3,CRUISE_LOITER,LADAKH,1,0.25
1788421211.682,5137.8,2114.3,72.0,88.3,130.7,87.3,94.4,780.4,809.7,782.0,787.6,4.77,77.3,12.7,3.0,44.6,0.73,14.12,3.9,LANE_A,20000.0,-22.0,90.4,CRUISE_LOITER,LADAKH,1,0.25
1788421212.191,5147.0,2118.1,72.0,88.1,130.6,87.6,94.1,782.3,807.0,782.1,786.0,4.76,77.5,12.7,3.0,44.6,0.73,14.12,4.0,LANE_A,20000.0,-22.0,90.4,CRUISE_LOITER,LADAKH,1,0.25
1788421212.698,5128.8,2110.6,72.0,88.2,130.7,87.7,94.1,782.0,809.5,782.8,785.7,4.7,77.3,12.8,3.0,44.6,0.72,14.08,4.2,LANE_A,20000.0,-22.0,90.5,CRUISE_LOITER,LADAKH,1,0.25
1788421213.207,5143.4,2116.6,72.0,88.0,130.7,87.9,93.9,779.9,810.4,783.7,785.6,4.79,77.7,12.7,3.0,44.4,0.71,14.1,4.0,LANE_A,20000.0,-22.0,90.5,CRUISE_LOITER,LADAKH,1,0.25
1788421213.714,5138.7,2114.7,72.0,88.1,130.1,87.8,94.1,781.6,809.4,781.9,786.8,4.77,77.8,12.8,3.0,44.5,0.69,14.14,4.1,LANE_A,20000.0,-22.0,90.5,CRUISE_LOITER,LADAKH,1,0.25
1788421214.219,5138.4,2114.6,72.0,88.2,130.8,87.8,94.2,782.9,809.2,784.2,784.8,4.77,77.6,12.7,3.0,44.8,0.72,14.07,4.1,LANE_A,20000.0,-22.0,90.6,CRUISE_LOITER,LADAKH,1,0.25
1788421214.724,5140.6,2115.5,72.0,88.4,130.4,87.9,94.2,780.3,811.1,782.9,784.5,4.79,77.8,12.7,3.0,44.5,0.74,14.08,3.9,LANE_A,20000.0,-22.0,90.6,CRUISE_LOITER,LADAKH,1,0.25
1788421215.22,5147.3,2118.2,72.0,88.3,130.8,87.5,94.2,782.2,809.7,783.0,785.5,4.77,77.7,12.7,3.0,44.6,0.7,14.1,3.9,LANE_A,20000.0,-22.0,90.7,CRUISE_LOITER,LADAKH,1,0.25
1788421215.743,5131.0,2111.5,72.0,87.8,130.6,87.7,94.3,782.5,808.5,782.5,784.8,4.73,77.5,12.8,3.0,44.5,0.72,14.11,3.9,LANE_A,20000.0,-22.0,90.7,CRUISE_LOITER,LADAKH,1,0.25
1788421216.25,5125.4,2109.2,72.0,88.0,131.1,87.8,94.2,780.9,807.5,781.6,783.4,4.8,77.5,12.7,3.0,44.8,0.72,14.12,4.2,LANE_A,20000.0,-22.0,90.8,CRUISE_LOITER,LADAKH,1,0.25
1788421216.757,5131.9,2111.9,72.0,88.2,130.7,87.7,94.2,778.0,808.1,780.5,785.2,4.77,77.7,12.7,3.0,44.6,0.7,14.09,3.9,LANE_A,20000.0,-22.0,90.8,CRUISE_LOITER,LADAKH,1,0.25
1788421217.265,5128.9,2110.6,72.0,88.4,130.8,87.8,94.4,779.7,809.6,780.9,785.0,4.77,77.5,12.8,3.0,44.6,0.71,14.1,4.0,LANE_A,20000.0,-22.0,90.8,CRUISE_LOITER,LADAKH,1,0.25
1788421217.773,5116.3,2105.5,72.0,88.0,130.7,87.8,94.0,780.5,808.8,779.2,783.8,4.75,77.5,12.8,3.0,44.6,0.72,14.11,4.0,LANE_A,20000.0,-22.0,90.9,CRUISE_LOITER,LADAKH,1,0.25
1788421218.273,5122.3,2107.9,72.0,87.9,130.5,87.5,94.2,779.9,811.2,781.5,786.7,4.74,77.8,12.7,3.0,44.7,0.72,14.13,4.0,LANE_A,20000.0,-22.0,90.9,CRUISE_LOITER,LADAKH,1,0.25
1788421218.792,5120.2,2107.1,72.0,88.2,130.6,88.0,94.2,782.5,806.4,783.9,784.8,4.7,77.9,12.9,3.0,44.8,0.72,14.08,3.9,LANE_A,20000.0,-22.0,91.0,CRUISE_LOITER,LADAKH,1,0.25
1788421219.298,5123.1,2108.3,72.0,88.1,131.0,87.9,94.1,780.6,810.1,782.2,783.6,4.76,77.9,12.8,3.0,44.6,0.72,14.09,4.2,LANE_A,20000.0,-22.0,91.0,CRUISE_LOITER,LADAKH,1,0.25
1788421219.807,5122.0,2107.8,72.0,88.2,130.6,88.1,94.2,780.5,810.9,780.9,784.9,4.71,77.6,12.8,3.0,44.7,0.7,14.09,3.9,LANE_A,20000.0,-22.0,91.0,CRUISE_LOITER,LADAKH,1,0.25
1788421220.317,5129.3,2110.8,72.0,88.2,130.8,87.9,94.4,780.1,812.7,782.7,786.4,4.66,77.6,12.8,3.0,45.0,0.71,14.09,4.1,LANE_A,20000.0,-22.0,91.1,CRUISE_LOITER,LADAKH,1,0.25
1788421220.816,5126.7,2109.7,72.0,88.2,130.5,88.0,94.5,779.0,808.5,780.7,784.4,4.74,77.7,13.0,3.0,44.7,0.72,14.13,4.1,LANE_A,20000.0,-22.0,91.1,CRUISE_LOITER,LADAKH,1,0.25
1788421221.335,5138.4,2114.6,72.0,88.4,130.9,87.7,94.2,782.6,807.7,781.2,787.0,4.79,77.6,12.9,3.0,44.8,0.71,14.06,4.3,LANE_A,20000.0,-22.0,91.2,CRUISE_LOITER,LADAKH,1,0.25
1788421221.844,5130.3,2111.2,72.0,88.3,130.9,87.5,94.1,780.8,807.6,781.0,784.6,4.73,77.6,12.8,3.0,44.8,0.71,14.12,4.2,LANE_A,20000.0,-22.0,91.2,CRUISE_LOITER,LADAKH,1,0.25
1788421222.34,5106.2,2101.3,72.0,88.3,130.7,87.8,94.4,780.6,808.0,782.4,788.7,4.74,77.5,12.8,3.0,44.7,0.72,14.08,4.2,LANE_A,20000.0,-22.0,91.2,CRUISE_LOITER,LADAKH,1,0.25
1788421222.848,5133.8,2112.7,72.0,88.4,130.6,87.7,94.3,778.3,807.7,784.1,787.4,4.73,77.8,12.8,3.0,44.7,0.7,14.11,4.1,LANE_A,20000.0,-22.0,91.3,CRUISE_LOITER,LADAKH,1,0.25
1788421223.366,5138.1,2114.5,72.0,88.4,130.9,87.6,94.6,779.2,809.4,781.2,785.1,4.78,77.7,12.7,3.0,44.9,0.75,14.13,4.1,LANE_A,20000.0,-22.0,91.3,CRUISE_LOITER,LADAKH,1,0.25
1788421223.871,5145.9,2117.7,72.0,88.5,131.0,87.8,94.2,779.9,810.6,782.2,784.7,4.78,77.7,12.9,3.0,44.7,0.7,14.08,3.9,LANE_A,20000.0,-22.0,91.3,CRUISE_LOITER,LADAKH,1,0.25
1788421224.381,5120.9,2107.4,72.0,88.4,130.7,87.8,94.3,780.4,807.6,780.9,783.5,4.74,77.7,12.9,3.0,45.2,0.72,14.05,4.1,LANE_A,20000.0,-22.0,91.4,CRUISE_LOITER,LADAKH,1,0.25
1788421224.892,5125.0,2109.1,72.0,88.3,130.4,88.0,94.2,779.6,809.2,784.0,785.2,4.76,77.9,12.7,3.0,44.9,0.72,14.15,4.3,LANE_A,20000.0,-22.0,91.4,CRUISE_LOITER,LADAKH,1,0.25
1788421225.399,5127.2,2110.0,72.0,88.1,130.6,88.2,94.2,778.1,811.5,781.1,784.6,4.72,77.9,12.8,3.0,44.8,0.71,14.1,4.0,LANE_A,20000.0,-22.0,91.5,CRUISE_LOITER,LADAKH,1,0.25
1788421225.907,5142.0,2116.0,72.0,88.6,130.6,87.9,94.2,780.5,809.3,784.5,784.9,4.72,77.9,12.8,3.0,44.9,0.71,14.08,4.1,LANE_A,20000.0,-22.0,91.5,CRUISE_LOITER,LADAKH,1,0.25
1788421226.419,5133.8,2112.7,72.0,88.6,130.8,87.6,94.0,780.2,810.0,782.1,784.7,4.77,78.0,13.0,3.0,45.0,0.72,14.08,3.9,LANE_A,20000.0,-22.0,91.5,CRUISE_LOITER,LADAKH,1,0.25
1788421226.924,5120.9,2107.4,72.0,88.4,131.0,88.2,94.5,783.2,809.3,782.5,784.7,4.79,78.0,12.8,3.0,44.8,0.7,14.12,4.1,LANE_A,20000.0,-22.0,91.6,CRUISE_LOITER,LADAKH,1,0.25
1788421227.43,5144.1,2116.9,72.0,88.2,130.8,87.8,94.3,781.7,808.5,784.2,784.8,4.78,77.6,13.0,3.0,45.1,0.74,14.1,4.3,LANE_A,20000.0,-22.0,91.6,CRUISE_LOITER,LADAKH,1,0.25
1788421227.938,5118.9,2106.6,72.0,88.3,130.9,87.8,94.3,778.1,807.8,782.0,786.7,4.71,77.6,12.8,3.0,44.9,0.72,14.11,4.0,LANE_A,20000.0,-22.0,91.6,CRUISE_LOITER,LADAKH,1,0.25
1788421228.446,5110.8,2103.2,72.0,88.5,130.5,87.8,94.3,783.6,809.1,783.0,786.4,4.76,78.1,12.8,3.0,45.1,0.71,14.13,3.9,LANE_A,20000.0,-22.0,91.7,CRUISE_LOITER,LADAKH,1,0.25
1788421228.953,5143.3,2116.6,72.0,88.5,131.0,87.7,94.5,780.6,810.0,783.5,785.8,4.67,77.9,13.1,3.0,44.9,0.7,14.11,4.2,LANE_A,20000.0,-22.0,91.7,CRUISE_LOITER,LADAKH,1,0.25
1788421229.461,5141.8,2116.0,72.0,88.2,131.0,88.0,94.4,782.0,808.5,781.3,783.3,4.73,77.7,12.9,3.0,45.0,0.74,14.08,4.0,LANE_A,20000.0,-22.0,91.7,CRUISE_LOITER,LADAKH,1,0.25
1788421229.969,5121.7,2107.7,72.0,88.4,130.9,87.9,94.5,779.3,807.5,781.5,785.1,4.8,77.7,12.8,3.0,45.0,0.74,14.09,3.9,LANE_A,20000.0,-22.0,91.8,CRUISE_LOITER,LADAKH,1,0.25
1788421230.464,5132.5,2112.1,72.0,88.2,130.7,87.9,94.0,780.8,809.6,784.8,784.2,4.76,77.8,12.7,3.0,45.0,0.73,14.12,3.9,LANE_A,20000.0,-22.0,91.8,CRUISE_LOITER,LADAKH,1,0.25
1788421230.984,5100.0,2098.8,72.0,88.0,130.7,87.9,94.3,779.0,809.6,783.7,787.1,4.76,77.9,13.0,3.0,44.9,0.73,14.12,3.9,LANE_A,20000.0,-22.0,91.8,CRUISE_LOITER,LADAKH,1,0.25
1788421231.491,5127.1,2109.9,72.0,88.5,131.2,87.8,94.8,780.3,809.5,782.7,785.0,4.78,77.9,12.9,3.0,45.0,0.7,14.13,4.0,LANE_A,20000.0,-22.0,91.9,CRUISE_LOITER,LADAKH,1,0.25
1788421232.0,5135.3,2113.3,72.0,88.3,131.0,87.9,94.7,777.6,809.2,780.4,784.7,4.75,77.9,12.8,3.0,45.0,0.71,14.12,4.1,LANE_A,20000.0,-22.0,91.9,CRUISE_LOITER,LADAKH,1,0.25
1788421232.509,5125.3,2109.2,72.0,87.9,130.7,88.0,94.3,777.6,809.9,780.2,784.5,4.75,78.0,12.8,3.0,45.2,0.72,14.1,3.8,LANE_A,20000.0,-22.0,91.9,CRUISE_LOITER,LADAKH,1,0.25
1788421233.024,5134.8,2113.1,72.0,88.3,130.8,87.8,94.4,778.8,808.8,781.6,783.9,4.73,77.9,12.9,3.0,45.4,0.69,14.09,4.0,LANE_A,20000.0,-22.0,92.0,CRUISE_LOITER,LADAKH,1,0.25
1788421233.528,5109.7,2102.8,72.0,88.5,131.0,87.8,94.5,780.5,807.7,782.2,785.8,4.73,77.9,13.1,3.0,45.0,0.73,14.1,4.0,LANE_A,20000.0,-22.0,92.0,CRUISE_LOITER,LADAKH,1,0.25
1788421234.037,5118.1,2106.2,72.0,88.7,130.7,88.0,94.4,779.5,809.8,780.9,783.4,4.78,77.9,12.8,3.0,45.2,0.71,14.1,4.0,LANE_A,20000.0,-22.0,92.0,CRUISE_LOITER,LADAKH,1,0.25
1788421234.548,5114.9,2104.9,72.0,88.7,131.1,88.1,94.7,780.0,809.4,779.9,786.0,4.74,78.1,12.8,3.0,45.0,0.68,14.11,4.2,LANE_A,20000.0,-22.0,92.0,CRUISE_LOITER,LADAKH,1,0.25
1788421235.056,5136.0,2113.6,72.0,88.6,130.7,87.9,94.7,778.9,810.6,782.0,785.1,4.77,77.9,13.0,3.0,45.1,0.72,14.1,4.0,LANE_A,20000.0,-22.0,92.1,CRUISE_LOITER,LADAKH,1,0.25
1788421235.606,5095.1,2096.7,72.0,88.7,131.3,87.8,94.7,782.8,807.5,782.1,783.1,4.73,77.9,12.8,3.0,45.2,0.73,14.09,4.2,LANE_A,20000.0,-22.0,92.1,CRUISE_LOITER,LADAKH,1,0.25
1788421236.197,5085.6,2092.8,72.0,88.8,131.0,88.0,94.4,779.1,809.1,780.4,783.3,4.77,78.4,12.9,3.0,45.2,0.71,14.1,4.0,LANE_A,20000.0,-22.0,92.1,CRUISE_LOITER,LADAKH,1,0.25
1788421236.727,5110.0,2102.9,72.0,88.5,130.8,88.0,94.2,779.7,807.6,780.8,785.8,4.72,78.1,13.0,3.0,45.4,0.72,14.1,4.0,LANE_A,20000.0,-22.0,92.2,CRUISE_LOITER,LADAKH,1,0.25
1788421237.307,5128.7,2110.6,72.0,88.9,131.1,87.9,94.7,779.4,810.2,783.4,784.7,4.72,78.1,12.9,3.0,45.3,0.72,14.07,4.1,LANE_A,20000.0,-22.0,92.2,CRUISE_LOITER,LADAKH,1,0.25
1788421237.86,5120.0,2107.0,72.0,89.0,130.9,88.0,94.6,778.5,812.3,781.1,783.8,4.7,78.0,12.8,3.0,45.2,0.74,14.11,3.8,LANE_A,20000.0,-22.0,92.2,CRUISE_LOITER,LADAKH,1,0.25
1788421238.376,5117.6,2106.0,72.0,88.7,131.1,88.1,94.4,778.8,807.9,782.7,785.2,4.77,78.0,13.0,3.0,45.3,0.71,14.11,4.0,LANE_A,20000.0,-22.0,92.2,CRUISE_LOITER,LADAKH,1,0.25
1788421238.886,5143.9,2116.8,72.0,88.8,131.2,88.3,95.0,781.8,808.0,783.0,785.0,4.8,78.0,12.8,3.0,45.4,0.71,14.08,4.0,LANE_A,20000.0,-22.0,92.3,CRUISE_LOITER,LADAKH,1,0.25
1788421239.399,5124.6,2108.9,72.0,88.7,131.1,88.1,94.7,779.9,809.6,781.6,784.2,4.71,77.9,12.9,3.0,45.4,0.69,14.1,4.1,LANE_A,20000.0,-22.0,92.3,CRUISE_LOITER,LADAKH,1,0.25
1788421239.938,5120.2,2107.1,72.0,88.6,131.3,88.2,94.8,778.8,808.4,779.9,784.9,4.7,78.2,12.8,3.0,45.4,0.71,14.09,4.0,LANE_A,20000.0,-22.0,92.3,CRUISE_LOITER,LADAKH,1,0.25
1788421240.483,5098.6,2098.2,72.0,88.6,131.2,88.3,94.4,777.5,808.4,781.2,785.1,4.76,78.0,12.9,3.0,45.3,0.71,14.09,3.9,LANE_A,20000.0,-22.0,92.3,CRUISE_LOITER,LADAKH,1,0.25
1788421241.013,5124.0,2108.6,72.0,88.8,131.5,88.3,94.6,778.2,808.9,781.7,785.6,4.76,78.3,12.8,3.1,45.7,0.69,14.12,4.2,LANE_A,20000.0,-22.0,92.4,CRUISE_LOITER,LADAKH,1,0.25
1788421241.55,5131.5,2111.7,72.0,88.6,130.9,88.3,94.5,781.9,809.8,784.6,784.6,4.74,78.3,13.1,3.0,45.4,0.69,14.08,4.0,LANE_A,20000.0,-22.0,92.4,CRUISE_LOITER,LADAKH,1,0.25
1788421242.08,5134.4,2112.9,72.0,88.7,131.0,88.1,94.6,780.7,810.7,782.4,784.6,4.73,78.2,13.0,3.0,45.5,0.72,14.1,4.0,LANE_A,20000.0,-22.0,92.4,CRUISE_LOITER,LADAKH,1,0.25
1788421242.594,5119.9,2107.0,72.0,88.5,131.1,88.3,94.8,780.3,808.7,781.5,786.1,4.73,78.0,12.8,3.0,45.3,0.73,14.12,3.9,LANE_A,20000.0,-22.0,92.4,CRUISE_LOITER,LADAKH,1,0.25
1788421243.111,5119.2,2106.7,72.0,88.8,131.2,88.2,94.9,782.0,808.3,781.4,784.2,4.71,78.4,12.8,3.0,45.5,0.7,14.08,4.0,LANE_A,20000.0,-22.0,92.5,CRUISE_LOITER,LADAKH,1,0.25
1788421243.639,5127.8,2110.2,72.0,88.5,131.3,88.2,94.5,778.2,810.4,782.2,785.5,4.76,78.1,12.8,3.0,45.5,0.7,14.13,4.0,LANE_A,20000.0,-22.0,92.5,CRUISE_LOITER,LADAKH,1,0.25
1788421244.16,5116.6,2105.6,72.0,88.7,131.2,88.4,94.9,781.4,809.2,780.6,784.0,4.71,78.2,13.1,3.0,45.2,0.73,14.1,4.0,LANE_A,20000.0,-22.0,92.5,CRUISE_LOITER,LADAKH,1,0.25
1788421244.673,5121.2,2107.5,72.0,89.0,131.1,88.5,94.8,780.8,808.8,781.0,783.8,4.72,78.3,12.9,3.0,45.5,0.73,14.11,3.9,LANE_A,20000.0,-22.0,92.5,CRUISE_LOITER,LADAKH,1,0.25
1788421245.186,5102.1,2099.6,72.0,88.9,131.3,88.0,94.7,781.2,808.3,781.4,782.8,4.73,78.4,13.0,3.0,45.3,0.71,14.11,4.0,LANE_A,20000.0,-22.0,92.6,CRUISE_LOITER,LADAKH,1,0.25
1788421246.036,5114.0,2104.5,72.0,89.0,131.4,87.9,95.0,779.5,808.9,782.4,783.9,4.75,78.5,13.0,3.0,45.5,0.74,14.12,4.2,LANE_A,20000.0,-22.0,92.6,CRUISE_LOITER,LADAKH,1,0.25
1788421246.565,5132.6,2112.2,72.0,88.8,131.5,88.0,94.7,780.0,809.5,782.5,784.9,4.75,78.5,12.9,3.0,45.5,0.69,14.06,4.0,LANE_A,20000.0,-22.0,92.6,CRUISE_LOITER,LADAKH,1,0.25
1788421247.093,5111.6,2103.5,72.0,88.7,131.2,88.1,94.7,780.4,809.3,780.9,784.9,4.74,78.3,12.9,3.0,45.5,0.71,14.07,4.1,LANE_A,20000.0,-22.0,92.6,CRUISE_LOITER,LADAKH,1,0.25
1788421247.611,5136.6,2113.8,72.0,88.8,131.3,88.2,95.2,779.5,809.3,781.3,783.1,4.74,78.5,13.1,3.0,45.5,0.72,14.1,3.9,LANE_A,20000.0,-22.0,92.6,CRUISE_LOITER,LADAKH,1,0.25
1788421248.133,5119.1,2106.6,72.0,88.6,131.4,88.1,94.6,779.2,809.6,781.7,786.5,4.69,78.5,12.9,3.0,45.8,0.71,14.11,4.3,LANE_A,20000.0,-22.0,92.6,CRUISE_LOITER,LADAKH,1,0.25
1788421248.651,5111.7,2103.6,72.0,88.9,131.5,88.2,94.9,779.0,810.8,780.4,784.4,4.76,78.4,13.0,3.0,45.7,0.71,14.09,4.1,LANE_A,20000.0,-22.0,92.7,CRUISE_LOITER,LADAKH,1,0.25
1788421249.158,5136.6,2113.8,72.0,89.2,131.3,88.1,94.7,780.9,809.6,780.3,785.0,4.71,78.3,12.9,3.0,45.5,0.68,14.11,4.1,LANE_A,20000.0,-22.0,92.7,CRUISE_LOITER,LADAKH,1,0.25
1788421249.686,5138.8,2114.7,72.0,88.5,131.5,88.2,94.9,779.7,810.5,781.6,786.8,4.71,78.2,13.0,3.0,45.8,0.73,14.11,4.0,LANE_A,20000.0,-22.0,92.7,CRUISE_LOITER,LADAKH,1,0.25
1788421250.206,5112.7,2104.0,72.0,88.8,131.0,88.1,95.2,780.8,810.0,781.7,784.5,4.78,78.5,13.0,3.0,45.7,0.74,14.09,4.2,LANE_A,20000.0,-22.0,92.7,CRUISE_LOITER,LADAKH,1,0.25
1788421250.727,5114.2,2104.6,72.0,88.9,131.4,88.4,94.8,780.8,811.2,782.3,786.5,4.74,78.3,12.9,3.0,45.5,0.72,14.05,4.1,LANE_A,20000.0,-22.0,92.7,CRUISE_LOITER,LADAKH,1,0.25
1788421251.244,5117.2,2105.8,72.0,88.8,131.3,88.3,94.9,780.4,809.6,781.2,783.7,4.68,78.4,13.1,3.0,45.8,0.69,14.08,4.1,LANE_A,20000.0,-22.0,92.8,CRUISE_LOITER,LADAKH,1,0.25
1788421251.768,5108.7,2102.3,72.0,89.0,131.4,88.6,94.9,778.0,810.2,781.8,785.6,4.69,78.3,12.9,3.0,45.6,0.73,14.09,3.9,LANE_A,20000.0,-22.0,92.8,CRUISE_LOITER,LADAKH,1,0.25
1788421252.292,5105.7,2101.1,72.0,88.8,131.5,88.4,94.8,780.5,808.9,781.9,783.2,4.75,78.7,13.0,3.0,45.5,0.71,14.03,4.0,LANE_A,20000.0,-22.0,92.8,CRUISE_LOITER,LADAKH,1,0.25
1788421252.813,5111.5,2103.5,72.0,88.9,131.3,88.6,94.7,777.3,808.2,781.9,784.7,4.76,78.6,12.9,3.0,45.8,0.73,14.05,3.7,LANE_A,20000.0,-22.0,92.8,CRUISE_LOITER,LADAKH,1,0.25
1788421253.329,5119.8,2106.9,72.0,89.3,131.3,88.4,94.5,778.8,806.8,781.6,785.5,4.7,78.3,12.9,3.0,45.8,0.73,14.12,3.9,LANE_A,20000.0,-22.0,92.8,CRUISE_LOITER,LADAKH,1,0.25
1788421253.852,5101.2,2099.3,72.0,89.2,131.5,88.7,95.1,779.4,809.0,781.3,785.6,4.72,78.6,13.0,3.0,45.9,0.72,14.09,4.0,LANE_A,20000.0,-22.0,92.8,CRUISE_LOITER,LADAKH,1,0.25
1788421254.377,5120.2,2107.1,72.0,89.1,131.5,88.3,95.0,779.4,810.2,782.6,784.3,4.73,78.2,13.0,3.0,45.9,0.73,14.07,4.2,LANE_A,20000.0,-22.0,92.8,CRUISE_LOITER,LADAKH,1,0.25
1788421254.91,5093.8,2096.2,72.0,89.3,131.8,88.7,95.0,781.9,809.3,783.7,783.5,4.79,78.5,13.0,3.0,46.0,0.72,14.08,3.9,LANE_A,20000.0,-22.0,92.8,CRUISE_LOITER,LADAKH,1,0.25
1788421255.451,5116.9,2105.7,72.0,88.8,131.5,88.7,94.9,778.5,808.2,781.8,786.3,4.74,78.7,12.9,3.0,45.6,0.69,14.09,4.1,LANE_A,20000.0,-22.0,92.9,CRUISE_LOITER,LADAKH,1,0.25
1788421255.997,5093.4,2096.0,72.0,88.9,131.7,88.4,95.1,780.2,810.5,781.2,785.1,4.71,78.5,13.1,3.0,45.6,0.7,14.1,3.9,LANE_A,20000.0,-22.0,92.9,CRUISE_LOITER,LADAKH,1,0.25
1788421256.629,5103.3,2100.1,72.0,88.9,131.5,88.3,95.2,778.7,807.9,781.8,785.4,4.72,78.6,12.9,3.0,45.8,0.71,14.1,3.9,LANE_A,20000.0,-22.0,92.9,CRUISE_LOITER,LADAKH,1,0.25
1788421257.153,5124.4,2108.8,72.0,89.2,131.5,88.9,95.2,779.4,809.9,781.8,785.6,4.7,78.9,13.0,3.0,45.6,0.72,14.07,4.0,LANE_A,20000.0,-22.0,92.9,CRUISE_LOITER,LADAKH,1,0.25
1788421257.681,5091.9,2095.4,72.0,89.0,131.8,88.5,95.1,779.9,809.4,782.5,784.4,4.66,78.6,13.0,3.0,45.8,0.71,14.15,4.2,LANE_A,20000.0,-22.0,92.9,CRUISE_LOITER,LADAKH,1,0.25
1788421258.228,5132.7,2112.2,72.0,89.3,131.5,88.5,95.1,780.4,807.3,779.0,783.4,4.66,78.4,13.1,3.0,46.0,0.71,14.06,4.1,LANE_A,20000.0,-22.0,92.9,CRUISE_LOITER,LADAKH,1,0.25
1788421258.762,5105.6,2101.1,72.0,89.1,131.6,89.2,95.5,777.8,808.6,780.8,786.5,4.75,78.6,12.9,3.0,45.9,0.71,14.05,4.0,LANE_A,20000.0,-22.0,92.9,CRUISE_LOITER,LADAKH,1,0.25
1788421259.283,5122.7,2108.1,72.0,89.5,131.7,88.5,95.5,779.4,809.6,780.0,783.0,4.73,78.7,13.1,3.0,45.8,0.73,14.1,4.1,LANE_A,20000.0,-22.0,92.9,CRUISE_LOITER,LADAKH,1,0.25
1788421259.791,5130.9,2111.5,72.0,89.5,131.6,88.6,95.3,780.7,808.1,782.2,785.1,4.71,78.7,13.1,3.0,46.0,0.72,14.09,4.1,LANE_A,20000.0,-22.0,92.9,CRUISE_LOITER,LADAKH,1,0.25
1788421260.35,5095.6,2097.0,72.0,89.5,132.0,88.6,95.0,780.8,808.8,781.1,783.7,4.69,78.7,13.1,3.0,45.8,0.7,14.1,4.0,LANE_A,20000.0,-22.0,92.9,CRUISE_LOITER,LADAKH,1,0.25
1788421260.895,5116.3,2105.5,72.0,89.2,131.5,88.5,95.0,779.3,808.3,783.1,784.8,4.71,78.8,13.1,3.0,45.9,0.71,14.12,4.0,LANE_A,20000.0,-22.0,93.0,CRUISE_LOITER,LADAKH,1,0.25
1788421261.441,5123.1,2108.3,72.0,89.1,131.8,88.8,95.4,778.5,808.2,780.5,785.3,4.69,78.9,13.0,3.0,46.0,0.74,14.1,4.0,LANE_A,20000.0,-22.0,93.0,CRUISE_LOITER,LADAKH,1,0.25
1788421261.99,5114.1,2104.6,72.0,89.4,131.8,88.7,95.2,779.5,809.8,782.2,783.7,4.7,79.0,13.0,3.0,46.2,0.72,14.13,4.1,LANE_A,20000.0,-22.0,93.0,CRUISE_LOITER,LADAKH,1,0.25
1788421262.528,5094.0,2096.3,72.0,89.4,131.7,88.7,95.3,781.1,807.3,780.1,782.5,4.71,78.8,13.0,3.0,45.9,0.75,14.12,4.1,LANE_A,20000.0,-22.0,93.0,CRUISE_LOITER,LADAKH,1,0.25
1788421263.052,5110.5,2103.1,72.0,89.3,131.7,88.6,95.5,780.4,808.0,781.5,783.3,4.79,79.0,13.0,3.0,46.0,0.7,14.11,4.1,LANE_A,20000.0,-22.0,93.0,CRUISE_LOITER,LADAKH,1,0.25
1788421263.59,5123.1,2108.3,72.0,88.9,131.6,88.9,95.3,781.2,810.2,781.9,786.0,4.74,78.7,13.1,3.0,46.0,0.72,14.09,4.0,LANE_A,20000.0,-22.0,93.0,CRUISE_LOITER,LADAKH,1,0.25
1788421264.13,5107.8,2102.0,72.0,89.6,132.1,88.8,95.2,781.7,809.3,780.4,783.4,4.72,79.0,13.1,3.0,46.0,0.69,14.12,4.0,LANE_A,20000.0,-22.0,93.0,CRUISE_LOITER,LADAKH,1,0.25
1788421264.688,5121.2,2107.5,72.0,89.3,132.1,88.7,95.1,779.2,807.9,782.2,783.0,4.75,78.7,13.1,3.0,46.3,0.7,14.12,4.0,LANE_A,20000.0,-22.0,93.0,CRUISE_LOITER,LADAKH,1,0.25
1788421265.213,5107.5,2101.9,72.0,89.5,132.0,89.0,95.2,779.9,807.7,782.6,784.1,4.73,79.0,13.1,3.0,46.0,0.7,14.08,3.9,LANE_A,20000.0,-22.0,93.0,CRUISE_LOITER,LADAKH,1,0.25
1788421265.738,5105.7,2101.1,72.0,89.3,131.8,88.9,95.3,778.6,806.9,780.6,783.9,4.74,79.0,13.1,3.0,46.2,0.7,14.08,4.2,LANE_A,20000.0,-22.0,93.0,CRUISE_LOITER,LADAKH,1,0.25
1788421266.26,5123.8,2108.6,72.0,89.6,131.5,88.6,95.4,782.1,808.6,782.5,785.0,4.74,78.8,13.1,3.0,46.1,0.73,14.11,4.1,LANE_A,20000.0,-22.0,93.0,CRUISE_LOITER,LADAKH,1,0.25
1788421266.766,5112.0,2103.7,72.0,89.7,131.9,88.8,95.3,778.9,808.7,779.6,783.4,4.7,79.0,13.1,3.0,46.1,0.72,14.1,4.0,LANE_A,20000.0,-22.0,93.0,CRUISE_LOITER,LADAKH,1,0.25
1788421267.287,5117.5,2106.0,72.0,89.6,132.1,89.1,95.4,779.1,809.8,782.0,784.4,4.74,79.0,13.3,3.0,46.3,0.72,14.09,4.0,LANE_A,20000.0,-22.0,93.0,CRUISE_LOITER,LADAKH,1,0.25
1788421267.81,5122.2,2107.9,72.0,89.4,132.0,88.9,95.4,777.5,809.0,782.6,784.8,4.7,79.0,13.1,3.0,46.2,0.71,14.09,4.1,LANE_A,20000.0,-22.0,93.0,CRUISE_LOITER,LADAKH,1,0.25
1788421268.313,5095.0,2096.7,72.0,89.6,132.2,88.5,95.7,777.5,808.1,783.5,784.5,4.71,78.9,13.1,3.0,46.1,0.73,14.09,4.0,LANE_A,20000.0,-22.0,93.0,CRUISE_LOITER,LADAKH,1,0.25
1788421268.816,5111.7,2103.6,72.0,89.1,132.0,88.9,95.4,778.1,807.0,780.4,781.1,4.76,79.0,13.1,3.0,46.3,0.71,14.05,4.1,LANE_A,20000.0,-22.0,93.0,CRUISE_LOITER,LADAKH,1,0.25
1788421269.318,5155.9,2121.8,72.0,89.3,132.1,89.0,95.9,779.9,805.7,781.4,785.7,4.71,78.8,13.2,3.0,46.2,0.71,14.11,3.9,LANE_A,20000.0,-22.0,93.0,CRUISE_LOITER,LADAKH,1,0.25
1788421269.838,5098.4,2098.1,72.0,89.3,132.5,89.4,95.4,779.6,810.0,781.4,783.2,4.69,79.2,13.1,3.0,46.3,0.71,14.12,4.0,LANE_A,20000.0,-22.0,93.0,CRUISE_LOITER,LADAKH,1,0.25
1788421270.348,5095.9,2097.1,72.0,89.8,132.1,88.8,95.7,780.1,809.4,780.1,785.8,4.75,79.2,13.1,3.0,46.2,0.72,14.11,4.0,LANE_A,20000.0,-22.0,93.0,CRUISE_LOITER,LADAKH,1,0.25
1788421270.858,5089.9,2094.6,72.0,89.8,132.0,89.0,95.5,778.3,805.7,780.5,785.6,4.71,78.9,13.2,3.0,46.2,0.73,14.1,4.1,LANE_A,20000.0,-22.0,93.0,CRUISE_LOITER,LADAKH,1,0.25
1788421271.368,5106.5,2101.4,72.0,89.7,132.0,88.6,95.6,778.3,810.2,780.1,783.7,4.73,79.1,13.2,3.0,46.3,0.68,14.11,4.0,LANE_A,20000.0,-22.0,93.0,CRUISE_LOITER,LADAKH,1,0.25
1788421271.871,5090.5,2094.8,72.0,89.7,131.8,89.0,95.5,779.1,810.7,781.8,784.4,4.73,79.2,13.2,3.0,46.4,0.72,14.12,4.2,LANE_A,20000.0,-22.0,93.0,CRUISE_LOITER,LADAKH,1,0.25
1788421272.379,5104.5,2100.6,72.0,89.7,132.1,89.2,95.7,778.2,808.2,781.0,783.7,4.77,79.0,13.0,3.0,46.4,0.71,14.08,4.0,LANE_A,20000.0,-22.0,93.0,CRUISE_LOITER,LADAKH,1,0.25
1788421272.887,5102.6,2099.8,72.0,89.8,132.0,89.6,95.5,778.2,807.2,781.8,783.7,4.73,79.2,13.1,3.0,46.4,0.7,14.09,4.1,LANE_A,20000.0,-22.0,93.0,CRUISE_LOITER,LADAKH,1,0.25
1788421273.395,5117.0,2105.8,72.0,89.5,132.4,89.1,95.5,776.1,810.9,783.4,783.9,4.74,79.0,13.2,3.0,46.4,0.74,14.09,3.9,LANE_A,20000.0,-22.0,93.0,CRUISE_LOITER,LADAKH,1,0.25
1788421273.906,5106.9,2101.6,72.0,89.5,132.2,88.8,95.5,781.1,807.4,780.2,785.5,4.73,79.4,13.2,3.0,46.5,0.72,14.07,4.1,LANE_A,20000.0,-22.0,93.0,CRUISE_LOITER,LADAKH,1,0.25
1788421274.415,5104.1,2100.5,72.0,89.7,132.0,89.2,95.6,782.1,808.4,781.3,787.0,4.75,79.1,13.2,3.0,46.5,0.72,14.12,4.0,LANE_A,20000.0,-22.0,93.0,CRUISE_LOITER,LADAKH,1,0.25
1788421274.926,5096.8,2097.5,72.0,89.7,132.5,89.2,95.9,779.8,807.7,782.7,783.9,4.77,78.8,13.2,3.0,46.6,0.71,14.11,3.8,LANE_A,20000.0,-22.0,93.0,CRUISE_LOITER,LADAKH,1,0.25
1788421275.426,5118.5,2106.4,72.0,89.6,132.0,89.3,95.9,780.0,809.8,781.5,784.3,4.75,79.4,13.2,3.0,46.5,0.72,14.08,3.9,LANE_A,20000.0,-22.0,92.9,CRUISE_LOITER,LADAKH,1,0.25
1788421275.943,5093.9,2096.3,72.0,89.8,132.3,89.0,95.8,778.5,806.4,782.6,784.9,4.75,79.0,13.2,3.0,46.2,0.72,14.1,4.1,LANE_A,20000.0,-22.0,92.9,CRUISE_LOITER,LADAKH,1,0.25
1788421276.514,5097.2,2097.6,72.0,89.5,132.2,89.5,96.0,782.0,810.6,783.1,785.1,4.7,79.3,13.1,3.0,46.5,0.71,14.08,4.0,LANE_A,20000.0,-22.0,92.9,CRUISE_LOITER,LADAKH,1,0.25
1788421277.021,5101.5,2099.4,72.0,89.5,132.1,89.3,95.7,780.9,807.4,782.5,786.2,4.72,79.3,13.2,3.0,46.4,0.67,14.1,4.0,LANE_A,20000.0,-22.0,92.9,CRUISE_LOITER,LADAKH,1,0.25
1788421277.531,5116.5,2105.6,72.0,89.6,132.4,89.3,95.9,777.8,807.4,780.6,784.8,4.69,79.4,13.2,3.0,46.4,0.71,14.11,3.9,LANE_A,20000.0,-22.0,92.9,CRUISE_LOITER,LADAKH,1,0.25
1788421278.041,5095.4,2096.9,72.0,89.8,132.4,89.2,95.9,781.4,807.4,780.8,784.1,4.69,79.4,13.2,3.0,46.5,0.71,14.08,4.0,LANE_A,20000.0,-22.0,92.9,CRUISE_LOITER,LADAKH,1,0.25
1788421278.549,5083.3,2091.9,72.0,90.0,132.3,89.3,95.9,779.5,810.2,780.9,785.1,4.64,79.4,13.2,3.0,46.2,0.71,14.11,3.9,LANE_A,20000.0,-22.0,92.9,CRUISE_LOITER,LADAKH,1,0.25
1788421279.061,5094.7,2096.6,72.0,89.8,132.3,89.0,95.9,781.5,808.0,781.3,787.3,4.77,79.4,13.2,3.0,46.5,0.7,14.12,4.2,LANE_A,20000.0,-22.0,92.9,CRUISE_LOITER,LADAKH,1,0.25
1788421279.57,5125.4,2109.2,72.0,90.0,132.6,89.5,95.6,779.7,809.9,781.8,784.3,4.7,79.7,13.2,3.0,46.4,0.7,14.13,4.0,LANE_A,20000.0,-22.0,92.9,CRUISE_LOITER,LADAKH,1,0.25
1788421280.077,5123.3,2108.3,72.0,89.9,132.2,89.4,95.8,778.5,809.6,782.4,786.2,4.75,79.4,13.2,3.0,46.4,0.73,14.1,4.0,LANE_A,20000.0,-22.0,92.9,CRUISE_LOITER,LADAKH,1,0.25
1788421280.582,5118.7,2106.5,72.0,89.9,132.5,89.1,96.0,780.7,807.3,780.0,783.9,4.74,79.7,13.3,3.0,46.4,0.73,14.11,4.2,LANE_A,20000.0,-22.0,92.9,CRUISE_LOITER,LADAKH,1,0.25
1788421281.095,5114.5,2104.7,72.0,90.1,132.3,89.6,96.0,779.1,810.3,781.0,783.9,4.74,79.5,13.2,3.0,46.5,0.72,14.12,4.0,LANE_A,20000.0,-22.0,92.8,CRUISE_LOITER,LADAKH,1,0.25
1788421281.603,5101.3,2099.3,72.0,90.1,132.8,89.5,96.2,780.1,807.8,782.4,786.1,4.73,79.3,13.1,3.0,46.6,0.7,14.11,4.1,LANE_A,20000.0,-22.0,92.8,CRUISE_LOITER,LADAKH,1,0.25
1788421282.11,5120.2,2107.1,72.0,90.1,132.5,89.3,96.2,779.0,807.1,779.3,784.5,4.72,79.8,13.2,3.0,46.5,0.71,14.09,4.1,LANE_A,20000.0,-22.0,92.8,CRUISE_LOITER,LADAKH,1,0.25
1788421282.619,5113.6,2104.4,72.0,90.1,132.4,89.7,96.0,779.6,809.5,782.1,784.6,4.69,79.3,13.2,3.0,46.5,0.7,14.09,4.0,LANE_A,20000.0,-22.0,92.8,CRUISE_LOITER,LADAKH,1,0.25
1788421283.125,5123.4,2108.4,72.0,89.9,133.2,89.7,96.0,779.2,808.7,782.9,785.0,4.69,79.4,13.3,3.0,46.8,0.71,14.1,4.1,LANE_A,20000.0,-22.0,92.8,CRUISE_LOITER,LADAKH,1,0.25
1788421283.635,5103.1,2100.0,72.0,90.4,132.6,89.7,96.0,778.2,809.8,781.9,785.1,4.73,79.7,13.1,3.0,46.7,0.7,14.11,4.0,LANE_A,20000.0,-22.0,92.8,CRUISE_LOITER,LADAKH,1,0.25
1788421284.138,5127.9,2110.3,72.0,90.0,132.7,89.6,96.1,779.5,807.3,780.4,786.1,4.73,79.6,13.3,3.0,46.7,0.71,14.13,3.9,LANE_A,20000.0,-22.0,92.8,CRUISE_LOITER,LADAKH,1,0.25
1788421284.651,5079.4,2090.3,72.0,90.1,132.6,89.4,96.0,780.0,807.6,781.1,784.4,4.74,79.7,13.3,3.0,46.8,0.73,14.13,4.1,LANE_A,20000.0,-22.0,92.7,CRUISE_LOITER,LADAKH,1,0.25
1788421285.158,5080.4,2090.7,72.0,90.2,132.4,89.6,96.1,779.3,807.6,782.5,782.7,4.69,79.7,13.3,3.0,46.7,0.73,14.09,4.0,LANE_A,20000.0,-22.0,92.7,CRUISE_LOITER,LADAKH,1,0.25
1788421285.671,5106.9,2101.6,72.0,90.1,132.3,89.6,96.0,778.7,808.8,781.2,783.3,4.76,79.6,13.2,3.0,46.8,0.71,14.08,3.9,LANE_A,20000.0,-22.0,92.7,CRUISE_LOITER,LADAKH,1,0.25
1788421286.172,5114.7,2104.8,72.0,90.3,132.8,90.0,96.2,780.2,808.7,782.7,785.9,4.71,79.8,13.2,3.0,46.6,0.69,14.1,3.7,LANE_A,20000.0,-22.0,92.7,CRUISE_LOITER,LADAKH,1,0.25
1788421286.693,5127.6,2110.1,72.0,90.4,133.1,89.6,96.5,779.6,809.4,780.5,784.6,4.65,79.5,13.1,3.0,46.7,0.73,14.11,3.9,LANE_A,20000.0,-22.0,92.7,CRUISE_LOITER,LADAKH,1,0.25
1788421287.201,5098.2,2098.0,72.0,90.4,132.9,89.5,96.5,780.4,808.6,779.2,783.5,4.68,79.5,13.3,3.0,46.5,0.72,14.09,3.8,LANE_A,20000.0,-22.0,92.7,CRUISE_LOITER,LADAKH,1,0.25
1788421287.711,5091.2,2095.1,72.0,90.2,132.8,89.6,96.1,781.4,811.4,781.8,785.0,4.71,80.0,13.3,3.0,46.8,0.74,14.08,3.9,LANE_A,20000.0,-22.0,92.6,CRUISE_LOITER,LADAKH,1,0.25
1788421288.222,5112.1,2103.7,72.0,90.3,132.9,90.0,96.4,779.5,807.6,779.7,784.2,4.72,80.0,13.3,3.0,46.6,0.72,14.1,4.0,LANE_A,20000.0,-22.0,92.6,CRUISE_LOITER,LADAKH,1,0.25
1788421288.733,5121.2,2107.5,72.0,90.6,132.8,89.7,96.6,780.8,806.8,782.6,784.8,4.7,79.5,13.2,3.0,46.7,0.7,14.13,3.9,LANE_A,20000.0,-22.0,92.6,CRUISE_LOITER,LADAKH,1,0.25
1788421289.24,5131.7,2111.8,72.0,90.1,132.8,89.7,96.2,779.5,805.8,781.0,782.5,4.72,79.9,13.4,3.0,46.9,0.73,14.11,3.8,LANE_A,20000.0,-22.0,92.6,CRUISE_LOITER,LADAKH,1,0.25
1788421289.748,5122.8,2108.2,72.0,90.4,132.8,89.7,96.2,778.0,808.9,783.3,783.6,4.69,79.9,13.2,3.0,46.7,0.72,14.09,3.9,LANE_A,20000.0,-22.0,92.6,CRUISE_LOITER,LADAKH,1,0.25
1788421290.255,5098.9,2098.3,72.0,89.9,133.1,89.9,96.5,779.5,810.0,779.5,784.0,4.75,80.0,13.3,3.0,46.7,0.7,14.05,4.0,LANE_A,20000.0,-22.0,92.5,CRUISE_LOITER,LADAKH,1,0.25
1788421290.761,5106.5,2101.4,72.0,90.3,132.6,89.9,96.5,779.0,807.9,781.8,784.4,4.71,80.0,13.3,3.0,46.9,0.72,14.09,4.2,LANE_A,20000.0,-22.0,92.5,CRUISE_LOITER,LADAKH,1,0.25
1788421291.271,5104.1,2100.5,72.0,90.3,133.0,90.2,96.6,779.2,808.3,783.4,783.8,4.7,79.9,13.2,3.0,46.8,0.7,14.11,4.0,LANE_A,20000.0,-22.0,92.5,CRUISE_LOITER,LADAKH,1,0.25
1788421291.781,5096.6,2097.4,72.0,90.7,133.1,89.9,96.4,777.6,808.5,782.3,785.4,4.66,79.8,13.1,3.0,46.8,0.7,14.12,3.8,LANE_A,20000.0,-22.0,92.5,CRUISE_LOITER,LADAKH,1,0.25
1788421292.29,5110.9,2103.2,72.0,90.5,132.9,89.9,96.5,778.0,810.9,782.4,786.6,4.73,79.8,13.3,3.0,46.7,0.7,14.13,4.0,LANE_A,20000.0,-22.0,92.5,CRUISE_LOITER,LADAKH,1,0.25
1788421292.798,5114.0,2104.5,72.0,90.4,133.1,89.9,96.7,778.1,807.4,781.1,785.0,4.72,80.2,13.3,3.0,46.9,0.72,14.12,3.9,LANE_A,20000.0,-22.0,92.4,CRUISE_LOITER,LADAKH,1,0.25
1788421293.309,5131.5,2111.7,72.0,90.5,132.8,89.9,96.3,779.4,808.6,779.8,782.8,4.73,79.9,13.3,3.0,46.9,0.71,14.09,3.9,LANE_A,20000.0,-22.0,92.4,CRUISE_LOITER,LADAKH,1,0.25
1788421293.819,5118.4,2106.3,72.0,90.3,133.0,89.8,96.4,779.9,807.8,779.1,783.7,4.73,79.9,13.4,3.0,46.9,0.73,14.12,4.2,LANE_A,20000.0,-22.0,92.4,CRUISE_LOITER,LADAKH,1,0.25
1788421294.326,5120.7,2107.3,72.0,90.4,132.9,90.2,96.7,779.9,806.3,781.8,784.8,4.77,80.0,13.3,3.0,46.9,0.72,14.11,3.9,LANE_A,20000.0,-22.0,92.4,CRUISE_LOITER,LADAKH,1,0.25
1788421294.836,5108.1,2102.1,72.0,90.5,132.9,90.1,96.4,777.3,807.8,782.1,781.9,4.75,80.1,13.2,3.0,47.0,0.73,14.08,3.9,LANE_A,20000.0,-22.0,92.3,CRUISE_LOITER,LADAKH,1,0.25
1788421295.343,5132.5,2112.1,72.0,90.6,133.0,90.2,96.5,777.6,808.6,780.0,783.3,4.67,79.8,13.4,3.0,46.9,0.7,14.08,4.0,LANE_A,20000.0,-22.0,92.3,CRUISE_LOITER,LADAKH,1,0.25
1788421295.855,5099.4,2098.5,72.0,90.5,133.0,90.0,96.6,779.5,809.1,779.1,785.1,4.71,80.2,13.3,3.0,47.0,0.73,14.08,3.8,LANE_A,20000.0,-22.0,92.3,CRUISE_LOITER,LADAKH,1,0.25
1788421296.449,5127.8,2110.2,72.0,90.7,132.9,90.2,96.6,779.9,810.5,781.4,784.5,4.74,80.1,13.3,3.0,46.8,0.71,14.06,3.9,LANE_A,20000.0,-22.0,92.3,CRUISE_LOITER,LADAKH,1,0.25
1788421296.962,5115.0,2104.9,72.0,90.4,133.3,89.9,96.4,779.7,807.8,781.5,782.0,4.68,80.0,13.4,3.0,46.8,0.71,14.13,4.0,LANE_A,20000.0,-22.0,92.2,CRUISE_LOITER,LADAKH,1,0.25
1788421297.469,5110.0,2102.9,72.0,91.0,133.2,90.1,96.5,777.7,808.4,782.5,786.7,4.73,80.1,13.4,3.0,46.9,0.71,14.13,4.1,LANE_A,20000.0,-22.0,92.2,CRUISE_LOITER,LADAKH,1,0.25
1788421297.978,5103.0,2100.0,72.0,90.5,133.2,90.2,96.8,780.3,806.8,783.0,785.0,4.69,80.1,13.3,3.0,47.0,0.72,14.09,4.0,LANE_A,20000.0,-22.0,92.2,CRUISE_LOITER,LADAKH,1,0.25
1788421298.507,5097.2,2097.6,72.0,90.7,133.1,90.1,96.8,779.4,809.0,778.7,785.0,4.7,80.1,13.3,3.0,47.0,0.71,14.1,3.8,LANE_A,20000.0,-22.0,92.1,CRUISE_LOITER,LADAKH,1,0.25
1788421299.031,5118.5,2106.4,72.0,90.8,133.1,90.0,96.8,780.9,809.9,779.6,785.3,4.72,80.3,13.4,3.0,47.2,0.74,14.11,4.1,LANE_A,20000.0,-22.0,92.1,CRUISE_LOITER,LADAKH,1,0.25
1788421299.549,5131.8,2111.9,72.0,90.7,133.2,90.6,97.1,779.0,808.6,781.6,784.3,4.69,80.4,13.4,3.0,47.1,0.71,14.13,3.9,LANE_A,20000.0,-22.0,92.1,CRUISE_LOITER,LADAKH,1,0.25
1788421300.075,5136.4,2113.7,72.0,90.8,133.2,90.4,97.2,779.6,808.0,782.3,781.5,4.67,80.4,13.5,3.0,47.0,0.7,14.12,3.9,LANE_A,20000.0,-22.0,92.1,CRUISE_LOITER,LADAKH,1,0.25
1788421300.584,5125.1,2109.1,72.0,90.8,133.4,90.8,96.9,777.8,807.9,781.0,782.8,4.71,80.4,13.3,3.0,47.0,0.72,14.09,4.2,LANE_A,20000.0,-22.0,92.0,CRUISE_LOITER,LADAKH,1,0.25
1788421301.121,5089.3,2094.4,72.0,90.8,133.4,90.3,97.0,780.5,808.6,779.2,783.4,4.71,80.6,13.3,3.0,47.0,0.71,14.1,4.1,LANE_A,20000.0,-22.0,92.0,CRUISE_LOITER,LADAKH,1,0.25
1788421301.632,5111.9,2103.7,72.0,90.8,133.2,90.3,96.9,777.1,809.1,783.1,787.0,4.64,80.2,13.3,3.0,47.0,0.69,14.08,3.9,LANE_A,20000.0,-22.0,92.0,CRUISE_LOITER,LADAKH,1,0.25
1788421302.169,5090.7,2095.0,72.0,91.1,133.2,90.4,96.5,780.8,808.3,782.2,785.5,4.67,80.3,13.4,3.0,47.2,0.7,14.1,4.2,LANE_A,20000.0,-22.0,91.9,CRUISE_LOITER,LADAKH,1,0.25
1788421302.701,5117.8,2106.1,72.0,90.7,133.8,90.3,97.2,779.6,809.6,780.3,785.7,4.65,80.6,13.4,3.0,47.0,0.71,14.09,3.9,LANE_A,20000.0,-22.0,91.9,CRUISE_LOITER,LADAKH,1,0.25
1788421303.225,5099.5,2098.6,72.0,91.1,133.7,90.6,97.2,778.5,810.6,780.2,783.6,4.64,80.1,13.2,3.0,47.3,0.69,14.11,4.2,LANE_A,20000.0,-22.0,91.9,CRUISE_LOITER,LADAKH,1,0.25
1788421303.739,5082.5,2091.6,72.0,91.0,133.4,90.5,97.1,778.9,809.9,780.1,785.4,4.66,80.4,13.3,3.0,47.1,0.71,14.1,4.1,LANE_A,20000.0,-22.0,91.8,CRUISE_LOITER,LADAKH,1,0.25
1788421304.278,5108.9,2102.4,72.0,90.9,133.9,90.5,97.1,778.6,807.2,781.2,782.9,4.76,80.5,13.2,3.0,47.0,0.71,14.07,4.1,LANE_A,20000.0,-22.0,91.8,CRUISE_LOITER,LADAKH,1,0.25
1788421304.837,5111.7,2103.6,72.0,90.9,133.8,90.7,97.4,780.1,809.1,781.8,785.5,4.66,80.5,13.5,3.0,47.2,0.69,14.1,4.0,LANE_A,20000.0,-22.0,91.8,CRUISE_LOITER,LADAKH,1,0.25
1788421305.37,5109.8,2102.8,72.0,91.0,133.7,90.7,96.9,779.5,807.8,782.4,783.7,4.72,80.5,13.5,3.0,47.3,0.7,14.12,3.8,LANE_A,20000.0,-22.0,91.7,CRUISE_LOITER,LADAKH,1,0.25
1788421305.91,5103.1,2100.0,72.0,90.8,133.5,90.7,97.4,780.9,809.5,782.0,785.9,4.66,80.9,13.4,3.0,47.1,0.72,14.1,3.9,LANE_A,20000.0,-22.0,91.7,CRUISE_LOITER,LADAKH,1,0.25
1788421306.425,5106.2,2101.3,72.0,91.4,133.7,90.5,96.9,780.2,807.6,780.4,783.1,4.7,80.5,13.3,3.0,47.4,0.72,14.08,3.9,LANE_A,20000.0,-22.0,91.7,CRUISE_LOITER,LADAKH,1,0.25
1788421306.954,5113.8,2104.4,72.0,91.1,133.5,90.8,97.3,779.8,808.9,780.6,782.7,4.7,80.6,13.4,3.0,47.3,0.72,14.09,4.0,LANE_A,20000.0,-22.0,91.6,CRUISE_LOITER,LADAKH,1,0.25
1788421307.475,5106.6,2101.5,72.0,91.3,133.5,91.1,97.1,781.7,807.7,782.0,783.4,4.71,80.9,13.5,3.0,47.2,0.73,14.1,3.9,LANE_A,20000.0,-22.0,91.6,CRUISE_LOITER,LADAKH,1,0.25
1788421308.005,5087.2,2093.5,72.0,91.1,133.8,90.4,97.2,779.8,810.9,781.3,783.7,4.69,80.4,13.3,3.0,47.4,0.74,14.07,4.1,LANE_A,20000.0,-22.0,91.6,CRUISE_LOITER,LADAKH,1,0.25
1788421308.521,5100.8,2099.1,72.0,91.2,133.8,91.0,97.3,778.1,807.2,782.8,784.1,4.69,80.8,13.4,3.0,47.5,0.71,14.06,3.9,LANE_A,20000.0,-22.0,91.5,CRUISE_LOITER,LADAKH,1,0.25
1788421309.035,5099.5,2098.6,72.0,91.8,134.1,90.9,97.3,779.0,806.9,780.9,783.7,4.72,80.6,13.4,3.0,47.1,0.72,14.1,3.9,LANE_A,20000.0,-22.0,91.5,CRUISE_LOITER,LADAKH,1,0.25
1788421309.558,5102.6,2099.9,72.0,91.7,133.9,91.3,97.5,779.1,808.6,783.0,784.3,4.7,80.7,13.5,3.0,47.2,0.72,14.04,4.0,LANE_A,20000.0,-22.0,91.5,CRUISE_LOITER,LADAKH,1,0.25
1788421310.079,5111.6,2103.5,72.0,91.5,133.6,90.9,97.4,777.9,809.1,783.8,784.1,4.69,81.0,13.4,3.0,47.3,0.75,14.12,4.1,LANE_A,20000.0,-22.0,91.4,CRUISE_LOITER,LADAKH,1,0.25
1788421310.63,5106.8,2101.6,72.0,91.5,133.7,90.7,97.4,778.1,807.3,779.8,785.2,4.66,80.7,13.3,3.0,47.2,0.71,14.05,4.1,LANE_A,20000.0,-22.0,91.4,CRUISE_LOITER,LADAKH,1,0.25
1788421311.181,5098.7,2098.2,72.0,91.5,134.0,91.1,97.2,778.8,807.3,781.0,782.9,4.72,80.7,13.5,3.0,47.2,0.7,14.11,4.0,LANE_A,20000.0,-22.0,91.4,CRUISE_LOITER,LADAKH,1,0.25
1788421311.726,5106.5,2101.4,72.0,91.4,133.9,91.0,97.5,778.0,808.5,779.5,782.7,4.66,80.6,13.5,3.0,47.3,0.72,14.12,4.0,LANE_A,20000.0,-22.0,91.3,CRUISE_LOITER,LADAKH,1,0.25
1788421312.269,5128.6,2110.5,72.0,91.5,134.3,90.9,97.5,778.2,809.4,780.7,785.2,4.7,80.9,13.4,3.0,47.3,0.74,14.09,4.0,LANE_A,20000.0,-22.0,91.3,CRUISE_LOITER,LADAKH,1,0.25
1788421312.828,5102.5,2099.8,72.0,91.4,134.1,91.2,97.7,779.1,806.3,782.3,784.3,4.7,80.8,13.5,3.0,47.4,0.7,14.07,3.9,LANE_A,20000.0,-22.0,91.3,CRUISE_LOITER,LADAKH,1,0.25
1788421313.365,5130.0,2111.1,72.0,91.7,133.9,90.9,97.5,779.1,808.4,781.3,784.4,4.75,80.8,13.5,3.0,47.1,0.72,14.15,4.0,LANE_A,20000.0,-22.0,91.2,CRUISE_LOITER,LADAKH,1,0.25
1788421313.894,5102.2,2099.7,72.0,91.8,133.8,91.0,97.3,779.0,808.6,781.3,781.7,4.73,80.9,13.5,3.0,47.3,0.74,14.08,4.0,LANE_A,20000.0,-22.0,91.2,CRUISE_LOITER,LADAKH,1,0.25
1788421314.401,5126.9,2109.9,72.0,91.2,133.9,91.4,97.7,781.4,810.3,782.0,784.6,4.73,80.8,13.5,3.0,47.4,0.69,14.13,4.1,LANE_A,20000.0,-22.0,91.1,CRUISE_LOITER,LADAKH,1,0.25
1788421314.918,5126.0,2109.5,72.0,91.7,134.0,91.2,97.8,777.3,808.0,779.5,783.3,4.69,81.1,13.5,3.0,47.4,0.71,14.12,4.1,LANE_A,20000.0,-22.0,91.1,CRUISE_LOITER,LADAKH,1,0.25
1788421315.442,5123.0,2108.2,72.0,91.5,133.8,91.0,97.7,779.5,807.8,781.9,787.6,4.71,80.9,13.4,3.0,47.4,0.71,14.14,4.0,LANE_A,20000.0,-22.0,91.1,CRUISE_LOITER,LADAKH,1,0.25
1788421315.993,5111.1,2103.3,72.0,91.6,133.8,91.2,97.7,778.9,807.4,781.6,783.1,4.72,81.0,13.4,3.0,47.6,0.75,14.09,4.0,LANE_A,20000.0,-22.0,91.0,CRUISE_LOITER,LADAKH,1,0.25
1788421316.725,5091.4,2095.2,72.0,91.8,134.0,91.4,97.5,779.0,807.7,781.1,783.1,4.72,81.3,13.4,3.0,47.5,0.69,14.06,3.9,LANE_A,20000.0,-22.0,91.0,CRUISE_LOITER,LADAKH,1,0.25
1788421317.344,5117.4,2105.9,72.0,91.6,134.0,91.4,97.5,778.2,807.9,779.9,782.5,4.65,81.1,13.4,3.0,47.6,0.71,14.08,4.1,LANE_A,20000.0,-22.0,90.9,CRUISE_LOITER,LADAKH,1,0.25
1788421317.838,5113.5,2104.3,72.0,91.7,134.1,91.1,97.5,778.9,811.4,782.0,785.5,4.69,81.1,13.3,3.0,47.7,0.71,14.07,3.9,LANE_A,20000.0,-22.0,90.9,CRUISE_LOITER,LADAKH,1,0.25
1788421318.341,5134.2,2112.8,72.0,91.7,134.2,91.1,97.9,778.5,810.1,780.4,783.2,4.73,81.2,13.5,3.0,47.5,0.72,14.11,4.1,LANE_A,20000.0,-22.0,90.9,CRUISE_LOITER,LADAKH,1,0.25
1788421318.851,5110.4,2103.0,72.0,92.1,134.3,91.3,97.8,777.6,807.6,781.2,784.1,4.71,81.1,13.5,3.0,47.3,0.72,14.11,4.1,LANE_A,20000.0,-22.0,90.8,CRUISE_LOITER,LADAKH,1,0.25
1788421319.431,5091.1,2095.1,72.0,91.9,134.2,91.4,97.8,780.2,807.1,782.2,783.9,4.7,81.1,13.6,3.0,47.5,0.73,14.05,3.9,LANE_A,20000.0,-22.0,90.8,CRUISE_LOITER,LADAKH,1,0.25
1788421319.981,5108.8,2102.4,72.0,91.6,134.4,91.5,97.8,780.8,808.6,781.0,783.9,4.69,81.2,13.5,3.0,47.5,0.71,14.06,4.0,LANE_A,20000.0,-22.0,90.7,CRUISE_LOITER,LADAKH,1,0.25
1788421320.518,5126.1,2109.5,72.0,91.7,134.3,91.3,98.1,780.3,808.4,781.0,784.1,4.65,81.2,13.5,3.0,47.4,0.72,14.1,4.1,LANE_A,20000.0,-22.0,90.7,CRUISE_LOITER,LADAKH,1,0.25
1788421321.033,5114.6,2104.8,72.0,91.7,134.3,91.4,98.0,780.1,807.0,781.5,783.1,4.66,81.2,13.4,3.0,47.5,0.71,14.08,4.0,LANE_A,20000.0,-22.0,90.6,CRUISE_LOITER,LADAKH,1,0.25
1788421321.542,5117.1,2105.8,72.0,92.0,134.4,91.0,98.4,780.2,808.9,780.7,785.2,4.67,81.4,13.5,3.0,47.6,0.69,14.11,4.2,LANE_A,20000.0,-22.0,90.6,CRUISE_LOITER,LADAKH,1,0.25
1788421322.067,5129.2,2110.8,72.0,92.0,134.5,91.6,97.9,779.2,807.7,783.0,785.5,4.73,81.2,13.5,3.0,47.6,0.73,14.11,4.0,LANE_A,20000.0,-22.0,90.6,CRUISE_LOITER,LADAKH,1,0.25
1788421322.589,5119.2,2106.7,72.0,92.4,134.6,91.4,98.0,778.5,807.9,781.2,785.0,4.71,81.4,13.6,3.0,47.5,0.72,14.09,4.1,LANE_A,20000.0,-22.0,90.5,CRUISE_LOITER,LADAKH,1,0.25
1788421323.098,5102.7,2099.9,72.0,91.7,134.6,91.6,98.2,778.6,807.3,780.7,786.3,4.66,81.4,13.5,3.0,47.5,0.72,14.09,4.1,LANE_A,20000.0,-22.0,90.5,CRUISE_LOITER,LADAKH,1,0.25
1788421323.655,5129.9,2111.1,72.0,92.0,134.8,91.3,98.1,781.5,808.0,782.8,787.1,4.69,81.2,13.4,3.0,47.6,0.69,14.09,3.9,LANE_A,20000.0,-22.0,90.4,CRUISE_LOITER,LADAKH,1,0.25
1788421324.19,5105.1,2100.9,72.0,91.9,134.7,91.5,97.9,779.3,808.1,780.4,785.9,4.7,81.2,13.6,3.0,47.7,0.74,14.09,3.9,LANE_A,20000.0,-22.0,90.4,CRUISE_LOITER,LADAKH,1,0.25
1788421324.687,5149.6,2119.2,72.0,92.2,134.7,91.7,98.5,779.1,809.0,780.0,785.3,4.68,81.4,13.5,3.0,47.6,0.73,14.12,3.8,LANE_A,20000.0,-22.0,90.3,CRUISE_LOITER,LADAKH,1,0.25
1788421325.195,5105.3,2101.0,72.0,92.3,134.7,91.7,98.2,778.5,808.7,781.8,783.8,4.66,81.6,13.6,3.0,47.9,0.72,14.07,3.9,LANE_A,20000.0,-22.0,90.3,CRUISE_LOITER,LADAKH,1,0.25
1788421325.701,5126.9,2109.8,72.0,92.4,134.6,91.6,98.3,779.0,806.5,781.6,783.3,4.73,81.4,13.6,3.0,47.5,0.7,14.1,4.0,LANE_A,20000.0,-22.0,90.3,CRUISE_LOITER,LADAKH,1,0.25
1788421326.205,5120.3,2107.1,72.0,92.4,134.9,91.7,98.2,777.8,807.3,780.4,784.7,4.7,81.7,13.4,3.0,47.6,0.73,14.1,4.0,LANE_A,20000.0,-22.0,90.2,CRUISE_LOITER,LADAKH,1,0.25
1788421326.73,5119.7,2106.9,72.0,92.1,134.9,91.7,98.2,780.6,810.5,780.6,782.6,4.63,81.2,13.5,3.0,47.7,0.72,14.12,4.0,LANE_A,20000.0,-22.0,90.2,CRUISE_LOITER,LADAKH,1,0.25
1788421327.223,5126.7,2109.8,72.0,92.7,134.8,92.1,98.2,778.3,808.9,781.1,784.0,4.7,81.8,13.6,3.0,47.6,0.74,14.09,3.9,LANE_A,20000.0,-22.0,90.1,CRUISE_LOITER,LADAKH,1,0.25
1788421327.731,5103.4,2100.2,72.0,92.1,134.9,91.9,98.4,778.4,808.9,782.3,784.0,4.66,81.6,13.5,3.0,47.7,0.73,14.1,4.0,LANE_A,20000.0,-22.0,90.1,CRUISE_LOITER,LADAKH,1,0.25
1788421328.238,5105.1,2100.9,72.0,92.4,134.7,91.7,98.1,778.0,805.8,782.8,786.7,4.68,81.5,13.6,3.0,47.8,0.72,14.11,4.0,LANE_A,20000.0,-22.0,90.0,CRUISE_LOITER,LADAKH,1,0.25
1788421328.746,5112.8,2104.0,72.0,92.2,135.0,91.6,98.3,779.1,809.8,782.1,784.9,4.64,81.7,13.4,3.0,47.8,0.72,14.09,4.0,LANE_A,20000.0,-22.0,90.0,CRUISE_LOITER,LADAKH,1,0.25
1788421329.249,5105.7,2101.1,72.0,92.4,134.6,92.0,98.7,780.1,807.5,783.1,783.6,4.7,81.8,13.4,3.0,47.7,0.74,14.08,3.9,LANE_A,20000.0,-22.0,89.9,CRUISE_LOITER,LADAKH,1,0.25
1788421329.755,5114.4,2104.7,72.0,92.5,135.2,91.6,98.4,780.8,807.8,780.7,784.2,4.7,81.7,13.4,3.0,47.7,0.71,14.09,4.0,LANE_A,20000.0,-22.0,89.9,CRUISE_LOITER,LADAKH,1,0.25
1788421330.261,5111.4,2103.5,72.0,92.7,135.1,91.8,98.4,780.0,806.7,779.8,785.7,4.69,81.6,13.6,3.0,47.7,0.7,14.11,4.2,LANE_A,20000.0,-22.0,89.8,CRUISE_LOITER,LADAKH,1,0.25
1788421330.984,5116.8,2105.7,72.0,92.4,135.2,91.8,98.3,778.1,807.8,779.7,781.7,4.69,81.9,13.5,3.0,47.8,0.72,14.09,4.0,LANE_A,20000.0,-22.0,89.8,CRUISE_LOITER,LADAKH,1,0.25
1788421331.488,5110.5,2103.1,72.0,92.5,134.9,92.0,98.4,779.2,807.9,779.5,785.7,4.69,81.9,13.6,3.0,47.8,0.71,14.1,4.0,LANE_A,20000.0,-22.0,89.8,CRUISE_LOITER,LADAKH,1,0.25
1788421331.995,5118.4,2106.3,72.0,92.4,135.2,92.2,98.1,779.8,807.8,779.8,783.4,4.73,82.2,13.7,3.0,48.0,0.71,14.13,4.1,LANE_A,20000.0,-22.0,89.7,CRUISE_LOITER,LADAKH,1,0.25
1788421332.503,5123.1,2108.3,72.0,92.4,135.0,92.0,98.4,780.8,808.0,782.3,785.0,4.69,81.6,13.5,3.0,47.9,0.7,14.12,4.1,LANE_A,20000.0,-22.0,89.7,CRUISE_LOITER,LADAKH,1,0.25
1788421333.015,5129.1,2110.7,72.0,92.5,135.2,92.3,98.5,778.5,808.9,780.6,784.4,4.69,81.9,13.5,3.0,47.7,0.7,14.09,3.9,LANE_A,20000.0,-22.0,89.6,CRUISE_LOITER,LADAKH,1,0.25
1788421333.52,5100.6,2099.0,72.0,92.7,135.7,92.5,98.7,779.0,807.9,780.1,785.5,4.68,82.1,13.5,3.0,47.9,0.71,14.09,3.9,LANE_A,20000.0,-22.0,89.6,CRUISE_LOITER,LADAKH,1,0.25
1788421334.029,5085.6,2092.8,72.0,92.9,135.1,92.2,98.6,780.4,807.5,780.4,783.4,4.7,81.6,13.6,3.0,48.0,0.73,14.11,4.0,LANE_A,20000.0,-22.0,89.5,CRUISE_LOITER,LADAKH,1,0.25
1788421334.534,5121.0,2107.4,72.0,92.2,135.2,92.2,98.7,779.6,808.9,780.8,783.5,4.7,81.8,13.6,3.0,47.8,0.71,14.13,4.2,LANE_A,20000.0,-22.0,89.5,CRUISE_LOITER,LADAKH,1,0.25
1788421335.042,5113.6,2104.4,72.0,92.6,135.3,92.0,99.0,777.9,811.8,778.8,784.1,4.64,82.0,13.5,3.0,48.0,0.72,14.12,3.9,LANE_A,20000.0,-22.0,89.4,CRUISE_LOITER,LADAKH,1,0.25
1788421335.561,5120.0,2107.0,72.0,92.6,135.2,92.1,98.7,778.6,808.2,781.4,784.9,4.67,82.1,13.5,3.0,47.9,0.72,14.11,4.1,LANE_A,20000.0,-22.0,89.4,CRUISE_LOITER,LADAKH,1,0.25
1788421336.235,5131.5,2111.7,72.0,92.7,135.4,92.4,99.0,780.0,806.1,779.4,784.9,4.69,81.9,13.5,3.0,47.8,0.72,14.1,3.8,LANE_A,20000.0,-22.0,89.3,CRUISE_LOITER,LADAKH,1,0.25
1788421336.732,5117.9,2106.1,72.0,92.8,135.3,92.6,98.8,778.6,806.1,778.8,784.2,4.72,82.1,13.6,3.0,48.1,0.71,14.1,4.0,LANE_A,20000.0,-22.0,89.3,CRUISE_LOITER,LADAKH,1,0.25
1788421337.236,5111.3,2103.4,72.0,92.7,135.3,92.0,98.9,780.4,806.4,780.3,782.5,4.68,81.9,13.7,3.0,48.0,0.74,14.09,4.2,LANE_A,20000.0,-22.0,89.2,CRUISE_LOITER,LADAKH,1,0.25
1788421337.745,5099.5,2098.6,72.0,92.8,135.2,92.4,98.8,777.9,807.9,780.6,783.7,4.72,82.1,13.7,3.0,47.9,0.72,14.11,4.3,LANE_A,20000.0,-22.0,89.2,CRUISE_LOITER,LADAKH,1,0.25
1788421338.252,5129.0,2110.7,72.0,93.0,135.1,92.2,99.3,777.8,807.5,781.9,783.0,4.73,82.4,13.5,3.0,48.0,0.74,14.11,4.1,LANE_A,20000.0,-22.0,89.1,CRUISE_LOITER,LADAKH,1,0.25
1788421338.759,5109.7,2102.8,72.0,93.4,135.4,92.6,98.9,778.4,808.2,782.1,784.5,4.69,82.2,13.5,3.0,48.1,0.72,14.08,4.0,LANE_A,20000.0,-22.0,89.1,CRUISE_LOITER,LADAKH,1,0.25
1788421339.268,5130.9,2111.5,72.0,93.0,135.4,92.2,99.0,778.4,810.4,782.7,785.0,4.68,82.4,13.7,3.0,47.9,0.72,14.08,3.8,LANE_A,20000.0,-22.0,89.0,CRUISE_LOITER,LADAKH,1,0.25
1788421339.775,5126.4,2109.6,72.0,93.0,135.6,92.4,99.1,778.4,807.7,781.3,784.6,4.67,82.2,13.6,3.0,47.9,0.73,14.13,4.0,LANE_A,20000.0,-22.0,89.0,CRUISE_LOITER,LADAKH,1,0.25
1788421340.288,5123.1,2108.3,72.0,93.1,135.6,92.5,99.1,778.4,807.4,782.0,784.2,4.72,82.2,13.6,3.0,47.8,0.74,14.08,3.9,LANE_A,20000.0,-22.0,88.9,CRUISE_LOITER,LADAKH,1,0.25
1788421340.793,5128.5,2110.5,72.0,93.2,135.6,92.4,99.1,777.3,809.1,784.4,785.2,4.67,82.4,13.7,3.0,48.0,0.72,14.1,3.9,LANE_A,20000.0,-22.0,88.9,CRUISE_LOITER,LADAKH,1,0.25
1788421341.301,5106.9,2101.6,72.0,93.1,135.6,92.8,99.8,778.3,807.0,781.8,786.7,4.72,82.3,13.7,3.0,48.2,0.73,14.11,4.1,LANE_A,20000.0,-22.0,88.8,CRUISE_LOITER,LADAKH,1,0.25
1788421341.828,5128.8,2110.6,72.0,93.2,136.0,92.7,99.2,778.9,808.7,783.0,782.7,4.69,82.3,13.8,3.0,48.1,0.71,14.13,4.1,LANE_A,20000.0,-22.0,88.8,CRUISE_LOITER,LADAKH,1,0.25
1788421342.349,5132.8,2112.2,72.0,93.2,135.9,92.7,99.0,777.3,806.9,782.8,786.0,4.65,82.7,13.6,3.0,48.1,0.72,14.15,4.0,LANE_A,20000.0,-22.0,88.7,CRUISE_LOITER,LADAKH,1,0.25
1788421342.845,5120.6,2107.2,72.0,93.4,135.7,92.8,99.2,780.0,807.8,780.7,783.5,4.7,82.4,13.7,3.0,48.0,0.72,14.09,4.1,LANE_A,20000.0,-22.0,88.7,CRUISE_LOITER,LADAKH,1,0.25
1788421343.348,5119.1,2106.6,72.0,93.4,135.7,92.7,99.1,776.1,807.8,780.0,782.7,4.64,82.7,13.6,3.0,48.0,0.73,14.1,4.0,LANE_A,20000.0,-22.0,88.6,CRUISE_LOITER,LADAKH,1,0.25
1788421343.866,5118.8,2106.5,72.0,93.2,135.7,92.7,99.3,778.7,808.2,781.1,786.1,4.7,82.3,13.7,3.0,48.0,0.74,14.08,4.0,LANE_A,20000.0,-22.0,88.6,CRUISE_LOITER,LADAKH,1,0.25
1788421344.372,5152.0,2120.2,72.0,93.4,135.7,92.6,99.4,777.0,806.0,779.8,783.0,4.72,82.7,13.6,3.0,48.0,0.71,14.12,4.0,LANE_A,20000.0,-22.0,88.5,CRUISE_LOITER,LADAKH,1,0.25
1788421344.885,5112.6,2103.9,72.0,93.2,135.9,92.8,99.5,779.8,807.7,781.7,784.2,4.64,82.3,13.7,3.0,48.1,0.73,14.14,4.0,LANE_A,20000.0,-22.0,88.5,CRUISE_LOITER,LADAKH,1,0.25
1788421345.381,5129.5,2110.9,72.0,93.3,135.9,93.0,99.3,779.0,806.2,779.9,784.1,4.7,82.7,13.7,3.0,48.2,0.71,14.11,3.9,LANE_A,20000.0,-22.0,88.4,CRUISE_LOITER,LADAKH,1,0.25
1788421345.89,5130.9,2111.5,72.0,93.5,136.3,93.1,99.5,781.1,809.2,781.7,781.2,4.61,82.7,13.6,3.0,48.2,0.73,14.11,4.0,LANE_A,20000.0,-22.0,88.4,CRUISE_LOITER,LADAKH,1,0.25
1788421346.395,5108.7,2102.3,72.0,93.4,136.1,93.2,99.1,780.8,807.7,782.5,782.3,4.6,82.6,13.7,3.0,48.2,0.69,14.07,3.8,LANE_A,20000.0,-22.0,88.3,CRUISE_LOITER,LADAKH,1,0.25
1788421346.905,5102.5,2099.8,72.0,93.5,136.2,92.9,99.2,776.2,807.5,779.9,783.7,4.67,82.7,13.8,3.0,47.9,0.71,14.08,3.9,LANE_A,20000.0,-22.0,88.3,CRUISE_LOITER,LADAKH,1,0.25
1788421347.41,5119.1,2106.6,72.0,93.3,135.9,93.2,99.4,779.4,808.7,781.8,784.7,4.66,82.9,13.7,3.0,48.2,0.71,14.12,3.9,LANE_A,20000.0,-22.0,88.2,CRUISE_LOITER,LADAKH,1,0.25
1788421347.927,5122.4,2108.0,72.0,93.9,136.0,92.9,99.5,778.2,808.7,779.2,783.5,4.65,83.0,13.6,3.0,48.3,0.72,14.11,4.1,LANE_A,20000.0,-22.0,88.2,CRUISE_LOITER,LADAKH,1,0.25
1788421348.422,5118.7,2106.4,72.0,93.8,136.2,93.3,99.4,780.3,807.2,782.0,782.1,4.66,82.8,13.5,3.0,48.2,0.74,14.1,4.0,LANE_A,20000.0,-22.0,88.1,CRUISE_LOITER,LADAKH,1,0.25
1788421348.93,5128.0,2110.3,72.0,93.6,135.9,93.3,99.6,778.3,807.9,781.0,783.4,4.66,82.9,13.6,3.0,48.3,0.71,14.09,4.0,LANE_A,20000.0,-22.0,88.1,CRUISE_LOITER,LADAKH,1,0.25
1788421349.439,5126.1,2109.5,72.0,93.8,136.1,93.2,99.4,781.1,808.3,783.2,785.7,4.66,82.7,13.5,3.0,48.2,0.7,14.14,3.9,LANE_A,20000.0,-22.0,88.0,CRUISE_LOITER,LADAKH,1,0.25
1788421349.949,5118.7,2106.5,72.0,93.8,136.2,93.2,99.6,781.1,807.1,779.9,781.9,4.63,82.7,13.5,3.0,48.1,0.68,14.06,4.0,LANE_A,20000.0,-22.0,88.0,CRUISE_LOITER,LADAKH,1,0.25
1788421350.456,5143.8,2116.8,72.0,93.9,136.4,93.2,99.7,779.9,807.7,781.0,784.5,4.7,82.8,13.7,3.0,48.4,0.7,14.08,3.9,LANE_A,20000.0,-22.0,87.9,CRUISE_LOITER,LADAKH,1,0.25
1788421350.963,5125.2,2109.1,72.0,93.8,136.4,93.4,100.0,775.5,809.5,780.9,784.0,4.67,83.1,13.7,3.0,48.2,0.67,14.07,3.9,LANE_A,20000.0,-22.0,87.9,CRUISE_LOITER,LADAKH,1,0.25
1788421351.472,5124.0,2108.6,72.0,93.9,136.4,93.2,99.9,778.2,808.0,780.9,783.9,4.71,82.6,13.7,3.0,48.2,0.68,14.1,3.9,LANE_A,20000.0,-22.0,87.8,CRUISE_LOITER,LADAKH,1,0.25
1788421351.986,5099.5,2098.5,72.0,93.9,136.1,93.5,99.8,780.8,807.1,779.1,780.6,4.7,83.1,13.7,3.0,48.1,0.71,14.11,4.0,LANE_A,20000.0,-22.0,87.8,CRUISE_LOITER,LADAKH,1,0.25
1788421352.484,5144.0,2116.9,72.0,93.8,136.2,92.9,99.8,779.2,806.9,782.0,782.0,4.66,83.0,13.8,3.0,48.3,0.74,14.1,4.2,LANE_A,20000.0,-22.0,87.7,CRUISE_LOITER,LADAKH,1,0.25
1788421352.999,5119.0,2106.6,72.0,94.3,136.6,93.2,99.9,776.9,806.7,781.7,784.5,4.62,83.1,13.7,3.0,48.2,0.72,14.09,4.0,LANE_A,20000.0,-22.0,87.7,CRUISE_LOITER,LADAKH,1,0.25
1788421353.515,5109.8,2102.8,72.0,94.0,136.4,93.3,99.9,777.3,808.6,779.9,783.8,4.75,83.1,13.7,3.0,48.3,0.71,14.09,3.9,LANE_A,20000.0,-22.0,87.6,CRUISE_LOITER,LADAKH,1,0.25
1788421354.017,5103.1,2100.0,72.0,93.9,136.6,93.4,99.7,778.3,807.4,781.9,783.4,4.66,82.9,13.6,3.0,48.2,0.74,14.12,3.8,LANE_A,20000.0,-22.0,87.6,CRUISE_LOITER,LADAKH,1,0.25
1788421354.519,5124.5,2108.9,72.0,94.0,136.5,93.4,100.2,779.1,808.1,782.0,784.6,4.64,83.2,13.7,3.0,48.2,0.75,14.07,4.0,LANE_A,20000.0,-22.0,87.5,CRUISE_LOITER,LADAKH,1,0.25
1788421355.027,5126.3,2109.6,72.0,94.2,136.2,93.3,99.8,778.9,808.9,781.2,784.6,4.7,83.5,13.6,3.0,48.3,0.72,14.1,3.9,LANE_A,20000.0,-22.0,87.5,CRUISE_LOITER,LADAKH,1,0.25
1788421355.534,5148.4,2118.7,72.0,94.1,136.5,93.4,100.2,779.7,809.7,781.8,784.4,4.67,83.3,13.7,3.0,48.3,0.72,14.07,4.2,LANE_A,20000.0,-22.0,87.4,CRUISE_LOITER,LADAKH,1,0.25
1788421356.041,5129.3,2110.8,72.0,93.7,136.5,93.5,100.0,779.3,807.0,780.4,784.4,4.67,83.1,13.6,3.0,48.3,0.72,14.11,3.9,LANE_A,20000.0,-22.0,87.4,CRUISE_LOITER,LADAKH,1,0.25
1788421356.782,5122.5,2108.0,72.0,94.2,136.8,93.5,99.9,778.4,808.5,780.8,785.7,4.7,83.2,13.7,3.0,48.3,0.7,14.13,3.8,LANE_A,20000.0,-22.0,87.3,CRUISE_LOITER,LADAKH,1,0.25
1788421357.29,5111.0,2103.3,72.0,94.0,136.4,93.6,100.1,779.1,808.8,780.3,786.4,4.67,83.3,13.7,3.0,48.4,0.75,14.08,3.9,LANE_A,20000.0,-22.0,87.3,CRUISE_LOITER,LADAKH,1,0.25
1788421357.796,5130.2,2111.2,72.0,94.2,136.5,94.0,100.2,780.7,808.1,780.5,783.8,4.66,83.0,13.8,3.0,48.3,0.73,14.12,4.0,LANE_A,20000.0,-22.0,87.2,CRUISE_LOITER,LADAKH,1,0.25
1788421358.303,5151.7,2120.0,72.0,94.3,136.7,93.5,100.2,777.5,808.4,781.2,783.8,4.68,83.5,13.7,3.0,48.5,0.71,14.09,4.0,LANE_A,20000.0,-22.0,87.2,CRUISE_LOITER,LADAKH,1,0.25
1788421358.81,5118.7,2106.5,72.0,94.3,136.9,93.8,100.0,779.9,806.9,782.6,783.3,4.69,83.4,13.7,3.0,48.4,0.73,14.09,3.8,LANE_A,20000.0,-22.0,87.1,CRUISE_LOITER,LADAKH,1,0.25
1788421359.321,5127.0,2109.9,72.0,94.4,136.6,93.8,100.4,779.0,808.9,780.5,786.6,4.63,83.4,13.8,3.0,48.4,0.71,14.12,4.0,LANE_A,20000.0,-22.0,87.1,CRUISE_LOITER,LADAKH,1,0.25
1788421359.823,5155.8,2121.7,72.0,94.2,136.6,93.7,100.3,778.7,808.2,782.6,783.1,4.66,83.4,13.7,3.0,48.5,0.74,14.09,3.9,LANE_A,20000.0,-22.0,87.0,CRUISE_LOITER,LADAKH,1,0.25
1788421360.334,5123.5,2108.5,72.0,94.2,137.0,93.8,100.3,779.0,809.5,782.9,785.5,4.65,83.2,13.8,3.0,48.0,0.72,14.13,4.1,LANE_A,20000.0,-22.0,87.0,CRUISE_LOITER,LADAKH,1,0.25
1788421360.847,5113.8,2104.4,72.0,94.5,136.9,93.8,100.4,780.9,809.8,781.2,784.8,4.67,83.3,13.8,3.0,48.2,0.74,14.1,4.0,LANE_A,20000.0,-22.0,86.9,CRUISE_LOITER,LADAKH,1,0.25
1788421361.359,5106.6,2101.5,72.0,94.5,137.3,93.9,100.7,776.9,805.5,781.8,782.3,4.63,83.4,13.7,3.0,48.6,0.71,14.1,4.0,LANE_A,20000.0,-22.0,86.9,CRUISE_LOITER,LADAKH,1,0.25
1788421361.872,5128.5,2110.5,72.0,94.2,136.9,93.9,100.1,781.0,806.9,779.6,783.8,4.66,83.5,13.7,3.0,48.4,0.71,14.09,3.9,LANE_A,20000.0,-22.0,86.9,CRUISE_LOITER,LADAKH,1,0.25
1788421362.364,5127.7,2110.1,72.0,94.4,136.7,93.8,100.1,781.2,808.4,780.5,785.9,4.66,83.5,13.8,3.0,48.4,0.71,14.12,4.0,LANE_A,20000.0,-22.0,86.8,CRUISE_LOITER,LADAKH,1,0.25
1788421362.872,5150.5,2119.6,72.0,94.1,136.9,94.0,100.6,779.9,808.3,780.4,783.5,4.7,83.7,13.6,3.0,48.4,0.71,14.1,4.0,LANE_A,20000.0,-22.0,86.8,CRUISE_LOITER,LADAKH,1,0.25
1788421363.38,5108.9,2102.4,72.0,94.6,137.0,93.7,100.6,778.8,808.6,778.8,782.8,4.69,83.4,13.9,3.0,48.5,0.72,14.14,3.9,LANE_A,20000.0,-22.0,86.7,CRUISE_LOITER,LADAKH,1,0.25
1788421363.903,5135.2,2113.3,72.0,94.6,136.7,94.3,100.5,780.2,808.0,781.1,787.6,4.67,83.5,13.8,3.0,48.4,0.7,14.07,4.1,LANE_A,20000.0,-22.0,86.7,CRUISE_LOITER,LADAKH,1,0.25
1788421364.413,5121.6,2107.7,72.0,94.4,137.1,94.5,100.6,779.2,806.8,780.7,784.9,4.67,83.7,13.9,3.0,48.3,0.71,14.08,3.9,LANE_A,20000.0,-22.0,86.6,CRUISE_LOITER,LADAKH,1,0.25
1788421364.909,5122.6,2108.1,72.0,94.6,137.4,93.9,100.5,778.4,807.0,781.9,784.1,4.71,83.5,13.8,3.0,48.6,0.73,14.11,4.1,LANE_A,20000.0,-22.0,86.6,CRUISE_LOITER,LADAKH,1,0.25
1788421365.419,5152.1,2120.2,72.0,94.5,137.2,94.2,100.9,778.2,808.5,779.1,782.1,4.65,83.8,13.8,3.0,48.6,0.73,14.11,4.3,LANE_A,20000.0,-22.0,86.5,CRUISE_LOITER,LADAKH,1,0.25
1788421365.929,5127.0,2109.9,72.0,94.5,137.2,94.3,100.7,779.4,807.4,778.1,784.0,4.63,83.7,13.8,3.0,48.6,0.73,14.1,4.0,LANE_A,20000.0,-22.0,86.5,CRUISE_LOITER,LADAKH,1,0.25
1788421366.434,5107.8,2102.0,72.0,94.8,137.2,94.2,100.5,779.8,809.2,780.5,784.4,4.68,83.9,13.6,3.0,48.4,0.7,14.12,4.0,LANE_A,20000.0,-22.0,86.4,CRUISE_LOITER,LADAKH,1,0.25
1788421366.941,5139.0,2114.8,72.0,94.7,137.5,94.2,100.7,780.3,807.1,781.4,784.6,4.64,83.9,13.8,3.0,48.6,0.7,14.09,3.9,LANE_A,20000.0,-22.0,86.4,CRUISE_LOITER,LADAKH,1,0.25
1788421367.448,5119.4,2106.8,72.0,94.7,136.9,94.5,100.6,778.1,807.4,780.7,785.2,4.7,83.5,13.8,3.0,48.4,0.72,14.11,4.0,LANE_A,20000.0,-22.0,86.3,CRUISE_LOITER,LADAKH,1,0.25
1788421367.954,5126.0,2109.5,72.0,94.7,137.2,94.2,100.6,779.3,805.5,782.1,785.4,4.63,83.6,13.7,3.0,48.6,0.7,14.08,4.0,LANE_A,20000.0,-22.0,86.3,CRUISE_LOITER,LADAKH,1,0.25
1788421368.469,5136.4,2113.7,72.0,94.7,137.4,94.5,101.1,777.9,809.2,781.4,783.7,4.65,84.0,13.9,3.0,48.7,0.73,14.11,4.2,LANE_A,20000.0,-22.0,86.2,CRUISE_LOITER,LADAKH,1,0.25
1788421368.967,5126.9,2109.8,72.0,94.9,137.5,94.4,100.9,779.8,808.0,782.4,783.5,4.67,83.8,13.8,3.0,48.6,0.71,14.1,4.0,LANE_A,20000.0,-22.0,86.2,CRUISE_LOITER,LADAKH,1,0.25
1788421369.475,5106.8,2101.6,72.0,95.0,137.3,94.3,100.9,776.7,806.5,779.6,786.8,4.63,83.8,13.9,3.0,48.9,0.71,14.1,3.9,LANE_A,20000.0,-22.0,86.1,CRUISE_LOITER,LADAKH,1,0.25
1788421369.98,5108.6,2102.3,72.0,94.8,137.7,94.5,101.0,780.2,808.5,782.2,782.8,4.64,84.0,13.8,3.0,48.8,0.72,14.08,4.0,LANE_A,20000.0,-22.0,86.1,CRUISE_LOITER,LADAKH,1,0.25
1788421370.492,5128.4,2110.5,72.0,94.9,137.3,94.3,100.9,778.8,806.0,781.4,785.0,4.68,84.0,13.8,3.0,48.5,0.7,14.09,4.2,LANE_A,20000.0,-22.0,86.0,CRUISE_LOITER,LADAKH,1,0.25
1788421370.991,5160.6,2123.7,72.0,95.1,137.4,94.4,101.3,777.7,808.0,781.4,784.9,4.65,84.2,13.7,3.0,48.6,0.72,14.08,4.1,LANE_A,20000.0,-22.0,86.0,CRUISE_LOITER,LADAKH,1,0.25
1788421371.5,5145.4,2117.4,72.0,94.8,137.5,94.9,101.1,778.8,808.9,781.2,785.1,4.65,84.1,13.8,3.0,48.7,0.72,14.03,4.0,LANE_A,20000.0,-22.0,86.0,CRUISE_LOITER,LADAKH,1,0.25
1788421372.01,5137.1,2114.0,72.0,95.2,137.4,94.7,101.2,777.1,807.4,781.4,783.6,4.72,83.9,13.7,3.0,48.6,0.75,14.12,4.0,LANE_A,20000.0,-22.0,85.9,CRUISE_LOITER,LADAKH,1,0.25
1788421372.509,5138.6,2114.7,72.0,95.4,137.8,94.7,100.9,779.7,808.5,778.5,784.3,4.72,84.1,13.8,3.0,48.7,0.72,14.09,4.0,LANE_A,20000.0,-22.0,85.9,CRUISE_LOITER,LADAKH,1,0.25
1788421373.024,5150.3,2119.5,72.0,95.0,137.6,94.7,101.4,779.2,806.8,782.2,784.6,4.66,83.9,13.8,3.0,48.9,0.7,14.12,3.9,LANE_A,20000.0,-22.0,85.8,CRUISE_LOITER,LADAKH,1,0.25
1788421373.523,5132.4,2112.1,72.0,95.4,137.7,94.7,100.9,776.9,807.2,782.8,783.1,4.61,84.4,13.8,3.0,48.5,0.75,14.1,4.0,LANE_A,20000.0,-22.0,85.8,CRUISE_LOITER,LADAKH,1,0.25
1788421374.032,5118.6,2106.4,72.0,95.2,137.6,94.8,101.0,779.0,807.9,782.9,784.2,4.65,84.2,13.8,3.0,48.7,0.72,14.11,4.0,LANE_A,20000.0,-22.0,85.7,CRUISE_LOITER,LADAKH,1,0.25
1788421374.539,5143.7,2116.7,72.0,95.1,137.7,94.9,101.3,778.3,808.8,779.6,785.1,4.69,84.3,13.8,3.0,48.8,0.71,14.07,4.0,LANE_A,20000.0,-22.0,85.7,CRUISE_LOITER,LADAKH,1,0.25
1788421375.05,5128.3,2110.4,72.0,95.1,137.7,94.6,101.5,781.0,808.1,780.5,783.7,4.71,84.4,13.8,3.0,48.5,0.7,14.1,4.0,LANE_A,20000.0,-22.0,85.6,CRUISE_LOITER,LADAKH,1,0.25
1788421375.564,5115.5,2105.1,72.0,95.5,137.4,94.9,101.4,778.1,809.8,781.9,785.1,4.7,84.2,13.8,3.0,48.6,0.74,14.09,4.0,LANE_A,20000.0,-22.0,85.6,CRUISE_LOITER,LADAKH,1,0.25
1788421376.306,5124.4,2108.8,72.0,95.1,137.9,94.5,101.2,778.8,808.6,779.6,785.2,4.65,84.3,13.8,3.0,48.8,0.71,14.09,4.2,LANE_A,20000.0,-22.0,85.6,CRUISE_LOITER,LADAKH,1,0.25
1788421376.802,5128.1,2110.3,72.0,95.3,138.0,94.7,101.3,776.6,808.6,780.9,784.3,4.66,84.7,13.9,3.0,48.7,0.72,14.11,4.0,LANE_A,20000.0,-22.0,85.5,CRUISE_LOITER,LADAKH,1,0.25
1788421377.319,5139.6,2115.1,72.0,95.7,137.5,94.5,101.2,778.9,807.6,779.3,783.6,4.66,84.3,13.9,3.0,48.7,0.71,14.1,4.1,LANE_A,20000.0,-22.0,85.5,CRUISE_LOITER,LADAKH,1,0.25
1788421377.819,5139.9,2115.2,72.0,95.0,138.5,94.9,101.2,779.5,809.3,780.9,785.7,4.73,84.2,13.8,3.0,48.8,0.69,14.11,4.0,LANE_A,20000.0,-22.0,85.4,CRUISE_LOITER,LADAKH,1,0.25
1788421378.324,5137.6,2114.3,72.0,95.4,138.2,95.0,101.5,779.9,809.0,780.5,785.6,4.64,84.3,13.8,3.0,48.8,0.73,14.1,4.0,LANE_A,20000.0,-22.0,85.4,CRUISE_LOITER,LADAKH,1,0.25
1788421378.831,5142.6,2116.3,72.0,95.1,137.9,94.6,101.5,778.6,806.5,779.9,784.0,4.64,84.3,13.8,3.0,48.7,0.72,14.12,4.0,LANE_A,20000.0,-22.0,85.3,CRUISE_LOITER,LADAKH,1,0.25
1788421379.336,5148.2,2118.6,72.0,95.4,138.1,95.0,101.5,778.5,807.4,782.3,784.1,4.62,84.4,13.9,3.0,48.7,0.72,14.06,4.0,LANE_A,20000.0,-22.0,85.3,CRUISE_LOITER,LADAKH,1,0.25
1788421379.844,5123.4,2108.4,72.0,95.4,138.1,94.7,101.4,780.7,808.0,781.0,784.3,4.65,84.2,14.0,3.0,48.8,0.71,14.12,4.1,LANE_A,20000.0,-22.0,85.3,CRUISE_LOITER,LADAKH,1,0.25
1788421380.355,5139.9,2115.2,72.0,95.4,138.0,95.2,101.3,781.5,809.4,779.7,784.6,4.65,84.5,13.9,3.0,48.8,0.71,14.09,4.0,LANE_A,20000.0,-22.0,85.2,CRUISE_LOITER,LADAKH,1,0.25
1788421380.862,5132.1,2112.0,72.0,95.8,138.3,95.2,101.4,778.7,810.0,780.5,784.3,4.62,84.3,13.9,3.0,48.8,0.74,14.07,4.0,LANE_A,20000.0,-22.0,85.2,CRUISE_LOITER,LADAKH,1,0.25
1788421381.369,5144.4,2117.0,72.0,95.5,138.2,94.9,101.4,779.7,807.2,781.7,784.3,4.67,84.4,13.9,3.0,48.6,0.72,14.08,4.1,LANE_A,20000.0,-22.0,85.1,CRUISE_LOITER,LADAKH,1,0.25
1788421381.881,5121.4,2107.6,72.0,95.8,137.9,95.2,101.7,777.3,808.3,781.7,783.8,4.71,84.4,13.9,3.0,48.7,0.72,14.12,3.9,LANE_A,20000.0,-22.0,85.1,CRUISE_LOITER,LADAKH,1,0.25
1788421382.381,5131.5,2111.7,72.0,95.5,137.9,95.0,101.5,776.7,810.2,780.3,783.5,4.62,84.6,13.8,3.0,48.9,0.73,14.08,4.0,LANE_A,20000.0,-22.0,85.0,CRUISE_LOITER,LADAKH,1,0.25
1788421382.89,5129.0,2110.7,72.0,95.5,138.1,95.0,101.7,779.3,809.9,782.5,785.1,4.64,84.4,13.9,3.0,48.7,0.69,14.11,4.0,LANE_A,20000.0,-22.0,85.0,CRUISE_LOITER,LADAKH,1,0.25
1788421383.396,5131.6,2111.8,72.0,95.5,137.9,95.2,101.5,779.1,807.0,781.6,785.4,4.59,84.6,13.9,3.0,48.8,0.72,14.13,4.0,LANE_A,20000.0,-22.0,85.0,CRUISE_LOITER,LADAKH,1,0.25
1788421383.903,5134.6,2113.0,72.0,95.9,138.4,95.3,101.9,776.0,808.9,781.5,785.1,4.66,84.8,13.9,3.0,48.9,0.73,14.13,3.8,LANE_A,20000.0,-22.0,84.9,CRUISE_LOITER,LADAKH,1,0.25
1788421384.422,5121.1,2107.5,72.0,95.6,138.4,94.9,102.0,781.4,808.9,783.0,783.6,4.64,84.5,13.9,3.0,48.8,0.72,14.12,3.9,LANE_A,20000.0,-22.0,84.9,CRUISE_LOITER,LADAKH,1,0.25
1788421384.919,5143.5,2116.7,72.0,95.9,138.1,95.4,101.5,779.0,806.2,782.0,782.6,4.69,84.3,13.7,3.0,48.6,0.7,14.09,4.0,LANE_A,20000.0,-22.0,84.8,CRUISE_LOITER,LADAKH,1,0.25
1788421385.428,5122.2,2107.9,72.0,95.7,138.2,95.2,101.9,779.3,808.1,782.9,785.5,4.7,84.7,13.9,3.0,48.9,0.73,14.13,4.1,LANE_A,20000.0,-22.0,84.8,CRUISE_LOITER,LADAKH,1,0.25
1788421385.937,5144.6,2117.1,72.0,95.8,138.4,95.1,101.8,778.9,810.4,780.4,786.1,4.66,84.8,13.9,3.0,48.8,0.71,14.09,4.0,LANE_A,20000.0,-22.0,84.8,CRUISE_LOITER,LADAKH,1,0.25
1788421386.44,5142.0,2116.1,72.0,95.6,138.3,95.3,101.8,780.0,808.8,780.4,782.5,4.65,84.7,13.8,3.0,48.8,0.73,14.12,4.0,LANE_A,20000.0,-22.0,84.7,CRUISE_LOITER,LADAKH,1,0.25
1788421386.949,5134.5,2112.9,72.0,96.0,138.0,95.4,101.7,780.8,809.9,783.2,784.4,4.66,84.7,13.9,3.0,48.9,0.73,14.17,4.1,LANE_A,20000.0,-22.0,84.7,CRUISE_LOITER,LADAKH,1,0.25
1788421387.452,5103.8,2100.3,72.0,96.1,138.4,95.5,102.2,779.9,807.7,782.0,783.5,4.66,85.0,13.9,3.0,48.7,0.73,14.11,3.8,LANE_A,20000.0,-22.0,84.7,CRUISE_LOITER,LADAKH,1,0.25
1788421387.959,5149.0,2118.9,72.0,95.4,138.6,95.4,102.2,778.7,809.1,779.7,783.7,4.64,84.8,13.9,3.0,49.0,0.72,14.09,3.8,LANE_A,20000.0,-22.0,84.6,CRUISE_LOITER,LADAKH,1,0.25
1788421388.466,5145.0,2117.3,72.0,96.0,138.4,95.6,102.0,779.7,805.6,781.6,783.2,4.63,84.7,13.9,3.0,48.9,0.71,14.09,4.0,LANE_A,20000.0,-22.0,84.6,CRUISE_LOITER,LADAKH,1,0.25
1788421388.973,5138.5,2114.6,72.0,96.0,138.3,95.6,102.0,779.6,808.8,782.1,786.0,4.67,84.8,14.1,3.0,48.9,0.73,14.11,4.2,LANE_A,20000.0,-22.0,84.5,CRUISE_LOITER,LADAKH,1,0.25
1788421389.48,5132.8,2112.3,72.0,96.0,138.5,95.8,102.3,780.7,810.5,782.5,783.4,4.63,85.2,14.0,3.0,48.9,0.71,14.12,4.0,LANE_A,20000.0,-22.0,84.5,CRUISE_LOITER,LADAKH,1,0.25
1788421389.992,5144.3,2117.0,72.0,96.0,138.4,95.5,102.2,778.2,806.8,782.1,785.9,4.67,84.9,13.9,3.0,49.2,0.72,14.1,4.1,LANE_A,20000.0,-22.0,84.5,CRUISE_LOITER,LADAKH,1,0.25
1788421390.497,5146.9,2118.1,72.0,95.8,138.4,95.7,102.2,783.3,805.9,780.3,784.2,4.67,85.0,13.9,3.0,49.0,0.72,14.11,4.0,LANE_A,20000.0,-22.0,84.4,CRUISE_LOITER,LADAKH,1,0.25
1788421391.246,5138.8,2114.7,72.0,96.0,138.3,95.5,101.9,780.4,810.0,780.8,784.9,4.65,85.2,14.0,3.0,49.0,0.71,14.1,3.9,LANE_A,20000.0,-22.0,84.4,CRUISE_LOITER,LADAKH,1,0.25
1788421391.752,5140.1,2115.3,72.0,95.9,138.4,95.7,101.7,778.9,808.8,780.0,784.1,4.69,84.9,14.0,3.0,48.8,0.72,14.11,4.1,LANE_A,20000.0,-22.0,84.4,CRUISE_LOITER,LADAKH,1,0.25
1788421392.259,5132.9,2112.3,72.0,96.0,138.6,95.5,102.0,778.0,808.6,779.2,784.5,4.66,85.1,13.9,3.0,49.2,0.7,14.15,4.1,LANE_A,20000.0,-22.0,84.3,CRUISE_LOITER,LADAKH,1,0.25
1788421392.768,5140.1,2115.3,72.0,95.9,138.4,95.8,102.0,778.5,809.2,780.1,785.4,4.66,85.1,14.0,3.0,49.2,0.7,14.12,4.1,LANE_A,20000.0,-22.0,84.3,CRUISE_LOITER,LADAKH,1,0.25
1788421393.277,5137.6,2114.2,72.0,96.3,138.8,96.0,102.3,779.0,810.1,781.3,784.2,4.65,85.1,13.9,3.0,48.8,0.72,14.07,4.1,LANE_A,20000.0,-22.0,84.3,CRUISE_LOITER,LADAKH,1,0.25
1788421393.78,5154.3,2121.1,72.0,96.0,138.8,95.6,102.5,781.4,811.2,784.3,783.4,4.63,84.9,13.9,3.0,48.8,0.73,14.12,4.0,LANE_A,20000.0,-22.0,84.2,CRUISE_LOITER,LADAKH,1,0.25
1788421394.288,5147.2,2118.2,72.0,96.2,138.7,95.8,102.3,780.5,809.0,781.6,785.5,4.66,84.9,14.0,3.0,48.9,0.71,14.09,4.0,LANE_A,20000.0,-22.0,84.2,CRUISE_LOITER,LADAKH,1,0.25
1788421394.793,5166.1,2126.0,72.0,96.1,138.5,95.8,102.1,778.8,809.6,780.7,784.3,4.67,84.9,13.9,3.0,49.1,0.71,14.13,4.0,LANE_A,20000.0,-22.0,84.2,CRUISE_LOITER,LADAKH,1,0.25
1788421395.302,5141.5,2115.8,72.0,96.2,138.6,95.8,102.5,780.4,807.5,780.8,786.1,4.64,85.1,14.0,3.0,48.9,0.71,14.13,4.0,LANE_A,20000.0,-22.0,84.1,CRUISE_LOITER,LADAKH,1,0.25
1788421395.807,5144.1,2116.9,72.0,96.7,138.8,95.9,102.2,779.3,808.9,781.5,784.1,4.65,85.1,13.8,3.0,49.2,0.75,14.08,4.0,LANE_A,20000.0,-22.0,84.1,CRUISE_LOITER,LADAKH,1,0.25
1788421396.531,5137.9,2114.4,72.0,96.2,138.6,96.0,102.1,779.7,807.2,782.3,785.4,4.63,85.2,13.9,3.0,48.9,0.73,14.09,3.9,LANE_A,20000.0,-22.0,84.1,CRUISE_LOITER,LADAKH,1,0.25
1788421397.039,5164.1,2125.1,72.0,96.0,138.5,95.5,102.4,778.3,809.2,782.1,785.0,4.65,85.5,14.0,3.0,49.2,0.71,14.12,3.9,LANE_A,20000.0,-22.0,84.0,CRUISE_LOITER,LADAKH,1,0.25
1788421397.546,5143.5,2116.7,72.0,96.6,138.4,96.0,102.5,778.9,809.5,782.4,784.9,4.62,85.2,13.9,3.0,48.9,0.73,14.13,4.1,LANE_A,20000.0,-22.0,84.0,CRUISE_LOITER,LADAKH,1,0.25
1788421398.052,5160.4,2123.6,72.0,96.5,138.7,95.9,102.2,780.6,808.2,781.6,783.2,4.67,85.1,14.0,3.0,48.9,0.73,14.12,3.9,LANE_A,20000.0,-22.0,84.0,CRUISE_LOITER,LADAKH,1,0.25
1788421398.565,5154.0,2121.0,72.0,96.3,138.8,95.8,102.4,778.6,808.5,782.5,785.0,4.64,85.5,14.0,3.0,49.1,0.75,14.08,4.0,LANE_A,20000.0,-22.0,84.0,CRUISE_LOITER,LADAKH,1,0.25
1788421399.07,5151.1,2119.8,72.0,96.5,139.1,96.0,102.4,781.9,809.1,782.5,786.1,4.67,85.0,13.8,3.0,48.8,0.73,14.11,4.2,LANE_A,20000.0,-22.0,83.9,CRUISE_LOITER,LADAKH,1,0.25
1788421399.574,5176.8,2130.4,72.0,96.5,139.1,95.9,102.1,779.0,809.8,782.1,784.3,4.68,85.0,13.9,3.0,49.0,0.71,14.08,3.9,LANE_A,20000.0,-22.0,83.9,CRUISE_LOITER,LADAKH,1,0.25
1788421400.083,5169.7,2127.4,72.0,96.5,139.0,96.1,102.3,781.6,810.0,783.1,784.1,4.69,85.3,13.9,3.0,49.0,0.74,14.11,4.0,LANE_A,20000.0,-22.0,83.9,CRUISE_LOITER,LADAKH,1,0.25
1788421400.589,5141.5,2115.8,72.0,96.4,139.1,96.1,102.2,779.0,808.6,783.3,784.1,4.69,85.5,13.9,3.0,49.0,0.71,14.09,4.0,LANE_A,20000.0,-22.0,83.8,CRUISE_LOITER,LADAKH,1,0.25
1788421401.099,5128.1,2110.3,72.0,96.5,138.7,96.3,102.6,778.5,811.4,781.4,786.9,4.68,85.6,14.1,3.0,49.1,0.73,14.1,4.0,LANE_A,20000.0,-22.0,83.8,CRUISE_LOITER,LADAKH,1,0.25
1788421401.604,5132.2,2112.0,72.0,96.8,138.9,95.9,102.2,781.5,808.0,781.5,785.5,4.65,85.5,13.9,3.0,49.1,0.73,14.1,4.0,LANE_A,20000.0,-22.0,83.8,CRUISE_LOITER,LADAKH,1,0.25
1788421402.116,5157.1,2122.3,72.0,96.8,139.1,96.2,102.6,779.9,809.3,780.3,783.8,4.64,85.3,14.0,3.0,49.1,0.73,14.09,3.9,LANE_A,20000.0,-22.0,83.8,CRUISE_LOITER,LADAKH,1,0.25
1788421402.624,5164.4,2125.3,72.0,96.5,139.2,96.5,102.4,778.5,809.7,781.7,783.7,4.63,85.4,13.9,3.0,49.3,0.75,14.13,4.0,LANE_A,20000.0,-22.0,83.7,CRUISE_LOITER,LADAKH,1,0.25
1788421403.163,5148.2,2118.6,72.0,96.6,139.3,96.1,102.6,781.9,808.9,783.6,785.8,4.65,85.4,13.9,3.0,49.4,0.7,14.12,4.1,LANE_A,20000.0,-22.0,83.7,CRUISE_LOITER,LADAKH,1,0.25
1788421403.693,5154.5,2121.2,72.0,96.7,138.9,96.2,102.2,779.3,809.7,782.7,782.1,4.66,85.2,14.0,3.0,48.9,0.74,14.08,4.0,LANE_A,20000.0,-22.0,83.7,CRUISE_LOITER,LADAKH,1,0.25
1788421404.201,5156.8,2122.1,72.0,97.1,139.2,96.3,102.7,778.3,809.8,780.1,785.1,4.65,85.6,13.9,3.0,49.1,0.7,14.13,4.0,LANE_A,20000.0,-22.0,83.7,CRUISE_LOITER,LADAKH,1,0.25
1788421404.796,5146.2,2117.8,72.0,96.8,139.1,96.5,102.5,781.1,807.5,780.7,785.3,4.68,85.3,13.8,3.0,49.1,0.71,14.11,4.0,LANE_A,20000.0,-22.0,83.6,CRUISE_LOITER,LADAKH,1,0.25
1788421405.466,5144.4,2117.0,72.0,97.0,138.8,96.2,103.0,779.9,809.4,781.8,783.8,4.65,85.2,13.8,3.0,49.2,0.74,14.09,4.0,LANE_A,20000.0,-22.0,83.6,CRUISE_LOITER,LADAKH,1,0.25
1788421405.989,5139.1,2114.9,72.0,96.9,139.1,96.4,102.9,780.1,808.2,782.2,785.8,4.68,85.4,13.9,3.0,49.0,0.72,14.09,3.9,LANE_A,20000.0,-22.0,83.6,CRUISE_LOITER,LADAKH,1,0.25
1788421406.587,5153.3,2120.7,72.0,96.7,139.1,95.9,103.0,779.3,809.0,781.9,783.9,4.6,85.8,14.1,3.0,49.0,0.74,14.15,4.1,LANE_A,20000.0,-22.0,83.6,CRUISE_LOITER,LADAKH,1,0.25
1788421407.339,5146.8,2118.0,72.0,97.0,139.3,96.1,103.0,779.9,807.8,781.0,783.6,4.65,85.6,14.1,3.0,49.1,0.72,14.09,4.0,LANE_A,20000.0,-22.0,83.5,CRUISE_LOITER,LADAKH,1,0.25
1788421407.866,5156.0,2121.8,72.0,96.8,139.3,96.2,102.7,780.4,808.6,783.3,784.7,4.63,85.7,13.9,3.0,49.2,0.73,14.07,4.0,LANE_A,20000.0,-22.0,83.5,CRUISE_LOITER,LADAKH,1,0.25
1788421408.411,5156.0,2121.8,72.0,96.6,139.4,96.4,102.5,780.9,808.1,782.3,784.8,4.67,85.7,14.0,3.0,49.4,0.71,14.11,4.2,LANE_A,20000.0,-22.0,83.5,CRUISE_LOITER,LADAKH,1,0.25
1788421409.038,5147.8,2118.4,72.0,96.6,139.0,95.9,102.6,780.5,807.7,782.1,786.4,4.61,85.7,14.1,3.0,49.5,0.73,14.13,4.0,LANE_A,20000.0,-22.0,83.5,CRUISE_LOITER,LADAKH,1,0.25
1788421409.569,5171.2,2128.1,72.0,96.8,139.5,96.4,103.1,781.1,810.0,781.8,785.2,4.65,85.5,14.0,3.0,49.2,0.71,14.13,3.9,LANE_A,20000.0,-22.0,83.5,CRUISE_LOITER,LADAKH,1,0.25
1788421410.092,5151.7,2120.0,72.0,96.8,139.3,96.5,103.0,780.1,808.0,782.0,782.9,4.58,85.7,13.9,3.0,49.4,0.71,14.11,3.9,LANE_A,20000.0,-22.0,83.4,CRUISE_LOITER,LADAKH,1,0.25
1788421410.619,5165.0,2125.5,72.0,96.6,139.4,96.6,103.1,777.7,808.7,782.9,784.5,4.63,85.3,13.9,3.0,49.3,0.78,14.13,4.0,LANE_A,20000.0,-22.0,83.4,CRUISE_LOITER,LADAKH,1,0.25
1788421411.158,5158.5,2122.8,72.0,96.9,139.7,96.5,102.8,779.8,810.0,780.5,785.5,4.59,85.7,14.0,3.0,49.3,0.73,14.07,3.8,LANE_A,20000.0,-22.0,83.4,CRUISE_LOITER,LADAKH,1,0.25
1788421411.684,5152.8,2120.5,72.0,96.8,139.5,96.6,102.6,779.1,808.8,782.9,784.1,4.66,85.5,14.1,3.0,49.2,0.74,14.12,3.9,LANE_A,20000.0,-22.0,83.4,CRUISE_LOITER,LADAKH,1,0.25
1788421412.24,5156.8,2122.1,72.0,96.8,139.4,96.8,102.6,780.5,810.7,781.3,786.1,4.64,85.7,14.0,2.9,49.4,0.71,14.1,4.0,LANE_A,20000.0,-22.0,83.4,CRUISE_LOITER,LADAKH,1,0.25
1788421412.958,5142.9,2116.4,72.0,97.1,139.7,96.3,103.0,781.2,808.6,783.1,783.6,4.65,85.2,14.2,3.0,49.3,0.71,14.1,4.2,LANE_A,20000.0,-22.0,83.3,CRUISE_LOITER,LADAKH,1,0.25
1788421413.526,5161.9,2124.2,72.0,97.1,139.2,96.8,102.9,779.5,807.7,783.0,785.1,4.64,85.9,14.1,3.0,49.2,0.71,14.06,4.0,LANE_A,20000.0,-22.0,83.3,CRUISE_LOITER,LADAKH,1,0.25
1788421414.091,5157.4,2122.4,72.0,96.8,139.5,96.7,103.0,781.4,807.5,782.0,784.7,4.64,85.9,13.9,3.0,49.2,0.7,14.11,3.9,LANE_A,20000.0,-22.0,83.3,CRUISE_LOITER,LADAKH,1,0.25
1788421414.618,5155.8,2121.7,72.0,97.0,139.6,96.4,102.8,779.1,807.6,781.4,783.9,4.68,85.7,13.9,3.0,49.1,0.71,14.12,4.0,LANE_A,20000.0,-22.0,83.3,CRUISE_LOITER,LADAKH,1,0.25
1788421415.14,5179.7,2131.6,72.0,97.1,139.7,96.7,103.0,779.1,810.0,782.4,784.7,4.62,85.9,14.1,3.0,49.0,0.71,14.09,4.0,LANE_A,20000.0,-22.0,83.3,CRUISE_LOITER,LADAKH,1,0.25
1788421415.647,5146.9,2118.1,72.0,96.9,139.6,96.6,103.5,780.5,809.9,782.4,784.5,4.6,85.6,14.0,3.0,49.2,0.71,14.11,3.9,LANE_A,20000.0,-22.0,83.3,CRUISE_LOITER,LADAKH,1,0.25
1788421416.4,5164.8,2125.4,72.0,97.1,139.2,96.7,102.8,781.5,808.4,781.2,785.4,4.64,85.9,14.1,3.0,49.2,0.73,14.1,4.1,LANE_A,20000.0,-22.0,83.2,CRUISE_LOITER,LADAKH,1,0.25
1788421416.905,5164.1,2125.1,72.0,97.1,139.7,96.6,103.1,780.1,809.5,782.5,783.9,4.66,85.9,14.1,3.0,49.4,0.71,14.07,4.0,LANE_A,20000.0,-22.0,83.2,CRUISE_LOITER,LADAKH,1,0.25
1788421417.413,5165.3,2125.7,72.0,97.4,139.6,96.9,103.5,779.6,810.6,781.1,784.6,4.67,85.9,14.2,3.0,48.9,0.71,14.07,4.0,LANE_A,20000.0,-22.0,83.2,CRUISE_LOITER,LADAKH,1,0.25
1788421417.922,5153.0,2120.6,72.0,97.3,139.5,96.7,103.1,780.4,808.7,784.9,786.0,4.68,86.1,13.9,3.0,49.4,0.69,14.1,3.9,LANE_A,20000.0,-22.0,83.2,CRUISE_LOITER,LADAKH,1,0.25
1788421418.43,5179.2,2131.4,72.0,97.4,139.7,96.6,103.0,782.5,809.2,780.2,784.1,4.66,86.1,14.0,3.0,49.4,0.74,14.08,3.8,LANE_A,20000.0,-22.0,83.2,CRUISE_LOITER,LADAKH,1,0.25
1788421418.94,5156.8,2122.2,72.0,97.3,139.3,96.9,103.0,778.4,809.0,784.0,783.0,4.62,85.9,14.1,3.0,49.3,0.73,14.07,4.0,LANE_A,20000.0,-22.0,83.2,CRUISE_LOITER,LADAKH,1,0.25
1788421419.443,5167.1,2126.4,72.0,97.5,139.5,96.5,103.3,780.9,810.5,780.4,785.4,4.64,85.9,14.2,3.0,49.2,0.72,14.11,4.0,LANE_A,20000.0,-22.0,83.2,CRUISE_LOITER,LADAKH,1,0.25
1788421419.949,5158.1,2122.7,72.0,97.0,139.9,96.5,103.6,780.9,809.9,781.5,784.8,4.65,86.1,14.1,3.0,49.2,0.74,14.09,3.9,LANE_A,20000.0,-22.0,83.1,CRUISE_LOITER,LADAKH,1,0.25
1788421420.457,5140.4,2115.4,72.0,97.4,139.6,96.9,103.4,780.6,808.4,783.4,783.0,4.66,85.8,14.1,3.0,49.1,0.74,14.07,4.0,LANE_A,20000.0,-22.0,83.1,CRUISE_LOITER,LADAKH,1,0.25
1788421420.966,5161.1,2123.9,72.0,97.4,139.7,96.9,103.3,780.5,809.7,781.5,785.9,4.68,86.0,14.0,3.0,49.2,0.72,14.14,4.1,LANE_A,20000.0,-22.0,83.1,CRUISE_LOITER,LADAKH,1,0.25
1788421421.477,5154.4,2121.2,72.0,97.7,139.8,97.0,103.5,779.4,808.2,782.5,786.9,4.63,85.6,14.3,3.0,49.4,0.72,14.11,4.0,LANE_A,20000.0,-22.0,83.1,CRUISE_LOITER,LADAKH,1,0.25
1788421421.974,5140.5,2115.4,72.0,97.5,139.8,96.6,103.3,778.5,807.4,782.9,785.2,4.65,85.9,14.0,3.0,49.4,0.71,14.08,4.0,LANE_A,20000.0,-22.0,83.1,CRUISE_LOITER,LADAKH,1,0.25
1788421422.489,5186.1,2134.2,72.0,97.4,139.7,96.7,103.5,779.5,808.8,780.8,785.0,4.63,86.1,13.9,3.0,49.2,0.71,14.13,4.0,LANE_A,20000.0,-22.0,83.1,CRUISE_LOITER,LADAKH,1,0.25
1788421422.997,5148.4,2118.7,72.0,97.5,139.6,96.6,103.2,778.6,810.8,783.1,783.1,4.64,86.2,14.1,3.0,49.3,0.7,14.12,4.0,LANE_A,20000.0,-22.0,83.1,CRUISE_LOITER,LADAKH,1,0.25
1788421423.499,5173.4,2129.0,72.0,97.1,139.4,96.6,103.1,779.4,808.4,783.0,784.4,4.62,86.1,14.1,3.0,49.5,0.71,14.1,4.0,LANE_A,20000.0,-22.0,83.1,CRUISE_LOITER,LADAKH,1,0.25
1788421424.004,5167.2,2126.4,72.0,97.2,139.9,96.9,103.1,780.0,810.1,782.3,784.6,4.63,85.7,14.0,3.0,49.2,0.73,14.09,4.0,LANE_A,20000.0,-22.0,83.1,CRUISE_LOITER,LADAKH,1,0.25
1788421424.511,5150.7,2119.6,72.0,97.3,139.5,96.8,103.4,779.9,808.5,782.2,784.6,4.63,86.0,14.0,3.0,49.5,0.75,14.06,3.9,LANE_A,20000.0,-22.0,83.1,CRUISE_LOITER,LADAKH,1,0.25
1788421425.02,5190.1,2135.8,72.0,97.5,139.7,96.5,103.0,779.1,808.6,783.1,785.3,4.61,85.9,14.1,3.0,49.6,0.7,14.1,4.0,LANE_A,20000.0,-22.0,83.0,CRUISE_LOITER,LADAKH,1,0.25
1788421425.531,5164.6,2125.3,72.0,97.3,139.9,96.9,103.1,778.7,807.1,780.8,784.2,4.61,85.9,14.0,3.0,49.3,0.71,14.11,4.0,LANE_A,20000.0,-22.0,83.0,CRUISE_LOITER,LADAKH,1,0.25
1788421426.035,5172.0,2128.4,72.0,97.5,140.0,96.9,103.3,778.7,807.7,782.2,784.3,4.63,85.9,14.1,3.0,49.4,0.71,14.09,4.1,LANE_A,20000.0,-22.0,83.0,CRUISE_LOITER,LADAKH,1,0.25
1788421426.543,5163.6,2124.9,72.0,97.2,139.9,97.0,103.5,781.4,810.6,782.1,786.1,4.64,86.0,14.2,3.0,49.4,0.71,14.09,4.1,LANE_A,20000.0,-22.0,83.0,CRUISE_LOITER,LADAKH,1,0.25
1788421427.051,5159.7,2123.3,72.0,97.6,139.7,97.0,103.5,781.8,808.8,782.0,784.4,4.66,86.1,14.2,3.0,49.4,0.74,14.11,4.2,LANE_A,20000.0,-22.0,83.0,CRUISE_LOITER,LADAKH,1,0.25
1788421427.557,5160.8,2123.8,72.0,97.2,139.7,96.8,103.5,777.0,810.5,781.1,784.9,4.67,86.3,14.1,3.0,49.3,0.73,14.12,4.0,LANE_A,20000.0,-22.0,83.0,CRUISE_LOITER,LADAKH,1,0.25
1788421428.073,5194.1,2137.5,72.0,97.5,140.2,97.0,103.5,778.9,809.2,782.6,784.3,4.65,86.4,14.1,3.0,49.5,0.71,14.11,4.0,LANE_A,20000.0,-22.0,83.0,CRUISE_LOITER,LADAKH,1,0.25
1788421428.567,5155.1,2121.5,72.0,97.3,140.0,97.0,103.6,780.0,809.9,782.2,784.8,4.64,86.3,14.0,3.0,49.4,0.71,14.11,4.1,LANE_A,20000.0,-22.0,83.0,CRUISE_LOITER,LADAKH,1,0.25
1788421429.072,5165.0,2125.5,72.0,97.6,139.9,96.8,103.8,780.1,808.1,782.4,785.7,4.67,86.4,14.1,3.0,49.2,0.71,14.08,3.8,LANE_A,20000.0,-22.0,83.0,CRUISE_LOITER,LADAKH,1,0.25
1788421429.58,5149.4,2119.1,72.0,97.5,140.4,97.0,103.2,778.6,809.7,782.3,784.7,4.66,86.1,14.1,3.0,49.5,0.69,14.09,3.9,LANE_A,20000.0,-22.0,83.0,CRUISE_LOITER,LADAKH,1,0.25
1788421430.092,5151.0,2119.7,72.0,97.2,140.0,97.2,103.4,781.6,806.9,780.4,786.8,4.64,86.4,14.0,3.0,49.4,0.73,14.06,4.1,LANE_A,20000.0,-22.0,83.0,CRUISE_LOITER,LADAKH,1,0.25
1788421430.594,5183.5,2133.1,72.0,97.3,139.8,97.1,103.8,781.0,810.8,783.7,785.7,4.71,86.2,14.1,3.0,49.3,0.74,14.11,3.9,LANE_A,20000.0,-22.0,83.0,CRUISE_LOITER,LADAKH,1,0.25
1788421431.1,5144.8,2117.2,72.0,97.5,139.6,97.2,103.5,778.7,807.9,782.3,783.6,4.61,86.4,14.1,3.0,49.0,0.71,14.11,4.2,LANE_A,20000.0,-22.0,83.0,CRUISE_LOITER,LADAKH,1,0.25
1788421431.608,5177.7,2130.7,72.0,97.8,139.7,97.2,103.4,779.7,809.8,779.9,785.4,4.63,86.3,14.1,3.0,49.4,0.73,14.08,4.0,LANE_A,20000.0,-22.0,83.0,CRUISE_LOITER,LADAKH,1,0.25
1788421432.112,5185.8,2134.1,72.0,97.7,140.0,97.0,103.7,778.1,811.1,783.4,784.6,4.65,86.5,14.2,3.0,49.5,0.72,14.09,4.1,LANE_A,20000.0,-22.0,83.0,CRUISE_LOITER,LADAKH,1,0.25
1788421432.621,5183.5,2133.1,72.0,97.5,140.0,97.3,103.4,780.6,806.7,782.5,784.0,4.6,86.4,14.1,3.0,49.3,0.73,14.06,4.0,LANE_A,20000.0,-22.0,83.0,CRUISE_LOITER,LADAKH,1,0.25
1788421433.13,5198.7,2139.4,72.0,98.1,139.8,97.2,103.4,781.4,810.0,781.3,785.1,4.59,86.4,14.1,3.0,49.5,0.72,14.1,4.2,LANE_A,20000.0,-22.0,83.0,CRUISE_LOITER,LADAKH,1,0.25
