TIMESTAMP_SEC,MISSION_ID,SPLIT_TYPE,THEATER,FLIGHT_PHASE,ENGINE_RPM,PROP_RPM,TPS,CHT_1,CHT_2,CHT_3,CHT_4,EGT_1,EGT_2,EGT_3,EGT_4,OIL_PRESS,OIL_TEMP,FUEL_FLOW,FUEL_RAIL_P,MAP,VIB_GEARBOX_RMS,BUS_VOLTAGE,BATTERY_CURRENT,FADEC_ACTIVE_LANE,ALTITUDE_FT,OAT_C,TAS_KNOTS,HEALTH_INDEX,FAULT_ID,RUL_HOURS,RES_d_CHT_1,RES_d_CHT_2,RES_d_CHT_3,RES_d_CHT_4,RES_d_EGT_1,RES_d_EGT_2,RES_d_EGT_3,RES_d_EGT_4,RES_d_OIL_PRESS,RES_d_OIL_TEMP,RES_d_FUEL_FLOW,RES_d_MAP,RES_d_VIB_RMS,RES_d_BUS_VOLTAGE,RES_ANOMALY_SCORE,RES_IS_ANOMALY
0.0,TRAIN_M03_LADAKH_FAULT01_OVERHEAT,TRAIN,LADAKH,CLIMB,5165.2,2125.6,73.7,91.99,91.91,91.27,92.11,781.12,779.7,779.8,777.73,4.27,89.21,16.09,3.0,72.87,0.666,14.04,3.33,LANE_A,19400.0,-20.8,92.0,1.0,0,450.0,4.15,1.57,3.93,2.27,1.5,-4.92,-1.82,-6.89,-0.5,22.3,3.96,30.35,-0.058,-0.06,0.9682,1
0.05,TRAIN_M03_LADAKH_FAULT01_OVERHEAT,TRAIN,LADAKH,CLIMB,5191.2,2136.3,75.2,92.02,91.94,91.31,92.14,781.38,779.5,779.79,778.09,4.31,89.45,14.53,3.0,62.66,0.676,14.04,3.16,LANE_A,19408.0,-20.8,92.0,1.0,0,450.0,3.68,1.1,3.47,1.8,2.91,-3.97,-0.68,-5.38,-0.47,22.14,2.29,20.02,-0.051,-0.06,0.9004,1
0.1,TRAIN_M03_LADAKH_FAULT01_OVERHEAT,TRAIN,LADAKH,CLIMB,5225.2,2150.3,76.5,92.03,91.95,91.32,92.15,781.42,779.63,779.99,778.51,4.36,89.5,13.46,3.0,55.99,0.727,14.04,3.1,LANE_A,19415.0,-20.8,92.0,1.0,0,450.0,3.09,0.51,2.88,1.21,3.98,-2.81,0.55,-3.93,-0.43,21.71,1.1,13.25,-0.005,-0.06,0.7911,1
0.15,TRAIN_M03_LADAKH_FAULT01_OVERHEAT,TRAIN,LADAKH,CLIMB,5248.5,2159.9,77.6,92.02,91.94,91.32,92.14,781.07,779.31,780.17,778.32,4.31,89.54,12.59,3.0,51.58,0.701,14.04,3.12,LANE_A,19422.0,-20.9,92.0,1.0,0,450.0,2.73,0.15,2.53,0.85,4.56,-2.2,1.66,-3.19,-0.48,21.49,0.14,8.76,-0.035,-0.06,0.7747,1
0.2,TRAIN_M03_LADAKH_FAULT01_OVERHEAT,TRAIN,LADAKH,CLIMB,5278.9,2172.4,78.5,92.0,91.92,91.3,92.12,780.59,779.05,780.13,778.25,4.24,89.4,11.98,3.0,48.69,0.714,14.04,3.51,LANE_A,19430.0,-20.9,92.0,1.0,0,450.0,2.19,-0.39,1.99,0.31,4.84,-1.7,2.38,-2.5,-0.56,20.93,-0.57,5.81,-0.026,-0.06,0.7625,1
0.25,TRAIN_M03_LADAKH_FAULT01_OVERHEAT,TRAIN,LADAKH,CLIMB,5306.6,2183.8,79.3,91.97,91.89,91.28,92.09,780.17,778.58,779.55,778.52,4.37,89.38,11.65,3.0,46.81,0.753,14.05,3.14,LANE_A,19438.0,-20.9,92.0,1.0,0,450.0,1.68,-0.9,1.49,-0.2,5.11,-1.48,2.49,-1.54,-0.44,20.53,-0.99,3.87,0.009,-0.05,0.7526,1
0.3,TRAIN_M03_LADAKH_FAULT01_OVERHEAT,TRAIN,LADAKH,CLIMB,5329.9,2193.4,80.0,91.94,91.86,91.25,92.05,779.65,778.35,778.89,778.3,4.34,89.34,11.46,3.0,45.48,0.708,14.07,3.4,LANE_A,19445.0,-20.9,92.0,1.0,0,450.0,1.23,-1.35,1.04,-0.66,5.21,-1.09,2.45,-1.14,-0.47,20.16,-1.25,2.49,-0.04,-0.03,0.746,1
0.35,TRAIN_M03_LADAKH_FAULT01_OVERHEAT,TRAIN,LADAKH,CLIMB,5345.8,2199.9,80.7,91.91,91.82,91.22,92.01,779.12,778.17,778.59,778.05,4.35,89.38,11.19,3.0,44.76,0.725,14.11,3.24,LANE_A,19452.0,-20.9,92.0,1.0,0,450.0,0.9,-1.69,0.71,-1.0,5.31,-0.64,2.78,-0.76,-0.47,19.95,-1.58,1.72,-0.025,0.01,0.7425,1
0.4,TRAIN_M03_LADAKH_FAULT01_OVERHEAT,TRAIN,LADAKH,CLIMB,5359.4,2205.5,81.2,91.87,91.79,91.19,91.98,778.78,778.15,778.16,778.05,4.3,89.44,11.15,3.0,44.21,0.772,14.06,2.96,LANE_A,19460.0,-20.9,92.0,1.0,0,450.0,0.61,-1.97,0.43,-1.28,5.42,-0.21,2.8,-0.31,-0.52,19.81,-1.67,1.15,0.02,-0.04,0.7408,1
0.45,TRAIN_M03_LADAKH_FAULT01_OVERHEAT,TRAIN,LADAKH,CLIMB,5375.3,2212.1,81.7,91.83,91.76,91.16,91.94,778.67,777.69,777.63,777.66,4.33,89.56,11.16,3.0,43.76,0.723,14.07,3.13,LANE_A,19468.0,-20.9,92.0,1.0,0,450.0,0.28,-2.29,0.11,-1.61,5.77,-0.21,2.73,-0.24,-0.49,19.7,-1.71,0.67,-0.032,-0.03,0.7386,1
0.5,TRAIN_M03_LADAKH_FAULT01_OVERHEAT,TRAIN,LADAKH,CLIMB,5391.1,2218.6,82.1,91.79,91.72,91.13,91.91,778.27,777.45,777.09,777.64,4.38,89.6,11.15,3.0,43.55,0.784,14.05,3.35,LANE_A,19475.0,-20.9,92.0,1.0,0,450.0,-0.04,-2.61,-0.2,-1.92,5.74,-0.08,2.56,0.11,-0.45,19.52,-1.77,0.43,0.027,-0.05,0.7353,1
0.55,TRAIN_M03_LADAKH_FAULT01_OVERHEAT,TRAIN,LADAKH,CLIMB,5403.5,2223.7,82.4,91.76,91.69,91.11,91.87,777.9,776.99,777.1,777.47,4.31,89.8,11.12,3.0,43.39,0.759,14.03,3.16,LANE_A,19482.0,-21.0,92.0,1.0,0,450.0,-0.19,-2.76,-0.34,-2.08,5.67,-0.24,2.87,0.24,-0.52,19.64,-1.84,0.26,0.0,-0.07,0.7385,1
0.6,TRAIN_M03_LADAKH_FAULT01_OVERHEAT,TRAIN,LADAKH,CLIMB,5412.4,2227.3,82.7,91.73,91.66,91.08,91.84,777.5,776.7,776.57,777.41,4.37,89.78,11.19,3.0,43.27,0.741,14.05,3.27,LANE_A,19490.0,-21.0,92.0,1.0,0,450.0,-0.38,-2.95,-0.53,-2.27,5.55,-0.25,2.62,0.46,-0.47,19.49,-1.8,0.13,-0.019,-0.05,0.7353,1
0.65,TRAIN_M03_LADAKH_FAULT01_OVERHEAT,TRAIN,LADAKH,CLIMB,5436.4,2237.2,83.0,91.7,91.64,91.05,91.82,777.04,776.64,776.34,776.82,4.37,89.69,11.22,3.0,43.23,0.733,14.05,3.11,LANE_A,19498.0,-21.0,92.0,1.0,0,450.0,-0.81,-3.37,-0.96,-2.69,5.37,-0.03,2.67,0.15,-0.47,19.09,-1.83,0.08,-0.031,-0.05,0.7288,1
0.7,TRAIN_M03_LADAKH_FAULT01_OVERHEAT,TRAIN,LADAKH,CLIMB,5459.0,2246.5,83.2,91.67,91.61,91.03,91.79,776.85,776.41,776.49,776.37,4.37,89.63,11.29,3.0,43.14,0.786,14.04,3.16,LANE_A,19505.0,-21.0,92.0,1.0,0,450.0,-1.2,-3.76,-1.34,-3.08,5.37,-0.07,3.01,-0.11,-0.48,18.73,-1.82,-0.02,0.019,-0.06,0.723,1
0.75,TRAIN_M03_LADAKH_FAULT01_OVERHEAT,TRAIN,LADAKH,CLIMB,5462.2,2247.8,83.5,91.64,91.59,91.01,91.77,776.18,776.07,776.52,776.37,4.34,89.69,11.33,3.0,43.18,0.731,14.03,3.23,LANE_A,19512.0,-21.0,92.0,1.0,0,450.0,-1.31,-3.86,-1.44,-3.18,4.99,-0.12,3.33,0.18,-0.51,18.73,-1.8,0.01,-0.037,-0.07,0.7236,1
0.8,TRAIN_M03_LADAKH_FAULT01_OVERHEAT,TRAIN,LADAKH,CLIMB,5472.4,2252.0,83.6,91.62,91.57,90.98,91.75,776.01,775.79,776.29,775.93,4.4,89.69,11.41,3.0,43.2,0.765,14.08,3.2,LANE_A,19520.0,-21.0,92.0,1.0,0,450.0,-1.49,-4.04,-1.63,-3.36,4.91,-0.31,3.19,-0.17,-0.45,18.6,-1.74,0.04,-0.004,-0.02,0.7204,1
0.85,TRAIN_M03_LADAKH_FAULT01_OVERHEAT,TRAIN,LADAKH,CLIMB,5478.7,2254.6,83.8,91.6,91.55,90.97,91.73,775.8,775.31,775.91,775.53,4.37,89.65,11.45,3.0,43.22,0.759,14.04,3.26,LANE_A,19528.0,-21.0,92.0,1.0,0,450.0,-1.63,-4.18,-1.76,-3.5,4.9,-0.59,3.01,-0.37,-0.48,18.47,-1.72,0.05,-0.011,-0.06,0.7187,1
0.9,TRAIN_M03_LADAKH_FAULT01_OVERHEAT,TRAIN,LADAKH,CLIMB,5483.4,2256.6,84.0,91.59,91.54,90.95,91.72,775.34,775.09,775.58,775.5,4.37,89.84,11.5,3.0,43.15,0.757,14.07,3.19,LANE_A,19535.0,-21.1,92.0,1.0,0,450.0,-1.63,-4.18,-1.77,-3.5,4.64,-0.61,2.88,-0.2,-0.48,18.68,-1.69,-0.02,-0.014,-0.03,0.7224,1
0.95,TRAIN_M03_LADAKH_FAULT01_OVERHEAT,TRAIN,LADAKH,CLIMB,5496.3,2261.8,84.1,91.57,91.52,90.93,91.7,775.3,774.7,775.41,775.21,4.41,89.83,11.47,3.0,43.13,0.724,14.07,3.5,LANE_A,19542.0,-21.1,92.0,1.0,0,450.0,-1.86,-4.41,-2.0,-3.73,4.7,-0.9,2.81,-0.39,-0.45,18.5,-1.75,-0.04,-0.049,-0.03,0.7194,1
1.0,TRAIN_M03_LADAKH_FAULT01_OVERHEAT,TRAIN,LADAKH,CLIMB,5502.6,2264.5,84.2,91.55,91.5,90.92,91.69,775.82,774.57,774.98,775.01,4.38,89.71,11.57,3.0,43.09,0.701,14.02,3.28,LANE_A,19550.0,-21.1,92.0,1.0,0,450.0,-1.99,-4.54,-2.12,-3.85,5.32,-0.93,2.48,-0.49,-0.48,18.3,-1.66,-0.07,-0.073,-0.08,0.7163,1
1.05,TRAIN_M03_LADAKH_FAULT01_OVERHEAT,TRAIN,LADAKH,CLIMB,5511.6,2268.1,84.3,91.54,91.49,90.91,91.67,775.25,774.55,774.45,774.93,4.36,89.74,11.6,3.0,43.0,0.803,14.05,3.23,LANE_A,19558.0,-21.1,92.0,1.0,0,450.0,-2.14,-4.69,-2.27,-4.01,4.84,-0.86,2.04,-0.48,-0.5,18.21,-1.65,-0.16,0.028,-0.05,0.715,1
1.1,TRAIN_M03_LADAKH_FAULT01_OVERHEAT,TRAIN,LADAKH,CLIMB,5517.9,2270.7,84.4,91.53,91.47,90.9,91.66,774.7,774.46,774.19,774.85,4.37,89.79,11.64,3.0,42.94,0.804,14.06,3.25,LANE_A,19565.0,-21.1,92.0,1.0,0,450.0,-2.26,-4.82,-2.39,-4.13,4.39,-0.85,1.88,-0.46,-0.49,18.18,-1.63,-0.21,0.028,-0.04,0.7145,1
1.15,TRAIN_M03_LADAKH_FAULT01_OVERHEAT,TRAIN,LADAKH,CLIMB,5519.1,2271.2,84.5,91.51,91.46,90.9,91.65,774.45,774.2,774.16,774.36,4.37,89.78,11.73,3.0,42.96,0.709,14.08,3.43,LANE_A,19572.0,-21.1,92.0,1.0,0,450.0,-2.3,-4.85,-2.41,-4.16,4.24,-1.01,1.95,-0.85,-0.49,18.15,-1.54,-0.19,-0.067,-0.02,0.7139,1
1.2,TRAIN_M03_LADAKH_FAULT01_OVERHEAT,TRAIN,LADAKH,CLIMB,5521.9,2272.4,84.6,91.5,91.45,90.89,91.64,774.21,773.95,774.05,774.4,4.37,89.73,11.71,3.0,42.98,0.738,14.06,3.18,LANE_A,19580.0,-21.1,92.0,1.0,0,450.0,-2.36,-4.91,-2.47,-4.22,4.09,-1.17,1.93,-0.72,-0.5,18.06,-1.57,-0.16,-0.039,-0.04,0.7125,1
1.25,TRAIN_M03_LADAKH_FAULT01_OVERHEAT,TRAIN,LADAKH,CLIMB,5525.3,2273.8,84.7,91.49,91.44,90.88,91.63,774.08,773.74,773.73,774.27,4.43,89.67,11.84,3.0,42.94,0.803,14.05,3.39,LANE_A,19588.0,-21.1,92.0,1.0,0,450.0,-2.43,-4.98,-2.54,-4.29,4.06,-1.28,1.71,-0.75,-0.44,17.95,-1.45,-0.2,0.026,-0.05,0.7096,1
1.3,TRAIN_M03_LADAKH_FAULT01_OVERHEAT,TRAIN,LADAKH,CLIMB,5526.2,2274.2,84.8,91.49,91.43,90.88,91.63,774.09,773.86,773.57,774.08,4.36,89.58,11.92,3.0,43.12,0.809,14.07,3.48,LANE_A,19595.0,-21.2,92.0,1.0,0,450.0,-2.36,-4.92,-2.47,-4.22,4.18,-1.05,1.66,-0.83,-0.51,17.94,-1.37,-0.01,0.031,-0.03,0.7101,1
1.35,TRAIN_M03_LADAKH_FAULT01_OVERHEAT,TRAIN,LADAKH,CLIMB,5526.2,2274.1,84.8,91.49,91.43,90.88,91.61,774.07,773.93,773.63,774.07,4.42,89.53,11.93,3.0,43.18,0.745,14.03,3.09,LANE_A,19602.0,-21.2,92.0,1.0,0,450.0,-2.36,-4.92,-2.47,-4.24,4.16,-0.98,1.72,-0.84,-0.45,17.89,-1.36,0.06,-0.033,-0.07,0.7083,1
1.4,TRAIN_M03_LADAKH_FAULT01_OVERHEAT,TRAIN,LADAKH,CLIMB,5535.0,2277.8,84.9,91.48,91.42,90.87,91.61,774.12,773.3,773.49,774.06,4.38,89.65,11.92,3.0,43.21,0.852,14.06,3.18,LANE_A,19610.0,-21.2,92.0,1.0,0,450.0,-2.51,-5.07,-2.62,-4.38,4.31,-1.51,1.68,-0.75,-0.49,17.9,-1.39,0.09,0.073,-0.04,0.7095,1
1.45,TRAIN_M03_LADAKH_FAULT01_OVERHEAT,TRAIN,LADAKH,CLIMB,5537.1,2278.7,85.0,91.47,91.41,90.88,91.6,774.16,773.11,773.34,773.87,4.4,89.57,11.95,3.0,43.34,0.811,14.04,3.16,LANE_A,19618.0,-21.2,92.0,1.0,0,450.0,-2.56,-5.12,-2.65,-4.43,4.45,-1.6,1.63,-0.84,-0.47,17.78,-1.36,0.23,0.032,-0.06,0.707,1
1.5,TRAIN_M03_LADAKH_FAULT01_OVERHEAT,TRAIN,LADAKH,CLIMB,5544.9,2281.9,85.0,91.47,91.41,90.87,91.6,774.08,773.16,773.79,773.96,4.42,89.53,11.93,3.0,43.39,0.779,14.05,3.16,LANE_A,19625.0,-21.2,92.0,1.0,0,450.0,-2.68,-5.24,-2.78,-4.55,4.37,-1.55,2.08,-0.75,-0.45,17.65,-1.4,0.29,-0.001,-0.05,0.7045,1
1.55,TRAIN_M03_LADAKH_FAULT01_OVERHEAT,TRAIN,LADAKH,CLIMB,5542.6,2280.9,85.1,91.47,91.41,90.87,91.59,774.21,773.21,773.77,773.83,4.41,89.46,12.02,3.0,43.2,0.812,14.05,3.18,LANE_A,19632.0,-21.2,92.0,1.0,0,450.0,-2.65,-5.21,-2.75,-4.53,4.6,-1.4,2.16,-0.78,-0.46,17.6,-1.3,0.1,0.032,-0.05,0.7035,1
1.6,TRAIN_M03_LADAKH_FAULT01_OVERHEAT,TRAIN,LADAKH,CLIMB,5547.0,2282.7,85.1,91.47,91.41,90.87,91.59,774.09,773.37,773.55,773.54,4.45,89.42,12.07,3.0,43.22,0.749,14.06,3.51,LANE_A,19640.0,-21.2,92.0,1.0,0,450.0,-2.71,-5.27,-2.81,-4.59,4.48,-1.24,1.94,-1.07,-0.42,17.51,-1.26,0.14,-0.032,-0.04,0.7013,1
1.65,TRAIN_M03_LADAKH_FAULT01_OVERHEAT,TRAIN,LADAKH,CLIMB,5549.6,2283.8,85.2,91.47,91.41,90.87,91.58,774.07,772.9,773.22,773.38,4.41,89.33,12.03,3.0,43.21,0.78,14.04,3.27,LANE_A,19648.0,-21.3,92.0,1.0,0,450.0,-2.67,-5.23,-2.77,-4.56,4.57,-1.6,1.72,-1.12,-0.47,17.48,-1.31,0.13,-0.001,-0.06,0.7014,1
1.7,TRAIN_M03_LADAKH_FAULT01_OVERHEAT,TRAIN,LADAKH,CLIMB,5552.7,2285.1,85.2,91.47,91.41,90.87,91.58,773.79,772.93,773.18,773.17,4.38,89.28,12.05,3.0,43.14,0.821,14.02,3.29,LANE_A,19655.0,-21.3,92.0,1.0,0,450.0,-2.71,-5.27,-2.81,-4.6,4.29,-1.57,1.68,-1.33,-0.5,17.39,-1.29,0.08,0.039,-0.08,0.7002,1
1.75,TRAIN_M03_LADAKH_FAULT01_OVERHEAT,TRAIN,LADAKH,CLIMB,5547.5,2282.9,85.3,91.46,91.41,90.87,91.58,773.32,772.73,773.37,773.22,4.4,89.31,11.99,3.0,43.05,0.781,14.07,3.1,LANE_A,19662.0,-21.3,92.0,1.0,0,450.0,-2.65,-5.2,-2.74,-4.53,3.92,-1.67,1.97,-1.18,-0.47,17.48,-1.34,-0.01,0.0,-0.03,0.7013,1
1.8,TRAIN_M03_LADAKH_FAULT01_OVERHEAT,TRAIN,LADAKH,CLIMB,5559.7,2287.9,85.3,91.46,91.41,90.87,91.58,773.33,772.63,772.88,772.93,4.41,89.31,12.04,3.0,43.05,0.723,14.06,3.04,LANE_A,19670.0,-21.3,92.0,1.0,0,450.0,-2.84,-5.39,-2.93,-4.72,3.93,-1.77,1.48,-1.47,-0.47,17.33,-1.32,0.0,-0.06,-0.04,0.6989,1
1.85,TRAIN_M03_LADAKH_FAULT01_OVERHEAT,TRAIN,LADAKH,CLIMB,5554.8,2285.9,85.4,91.46,91.4,90.87,91.58,773.02,772.67,773.21,772.84,4.48,89.15,12.01,3.0,43.0,0.813,14.05,3.28,LANE_A,19678.0,-21.3,92.0,1.0,0,450.0,-2.77,-5.33,-2.86,-4.65,3.72,-1.63,1.91,-1.46,-0.4,17.23,-1.33,-0.04,0.031,-0.05,0.6958,1
1.9,TRAIN_M03_LADAKH_FAULT01_OVERHEAT,TRAIN,LADAKH,CLIMB,5558.2,2287.3,85.4,91.46,91.4,90.87,91.57,772.92,772.55,773.05,772.77,4.42,89.16,12.01,3.0,43.0,0.775,14.05,3.2,LANE_A,19685.0,-21.3,92.0,1.0,0,450.0,-2.81,-5.37,-2.9,-4.7,3.62,-1.75,1.75,-1.53,-0.46,17.2,-1.34,-0.03,-0.008,-0.05,0.6961,1
1.95,TRAIN_M03_LADAKH_FAULT01_OVERHEAT,TRAIN,LADAKH,CLIMB,5557.0,2286.8,85.4,91.45,91.4,90.88,91.57,773.03,772.63,773.1,772.85,4.43,89.08,11.89,3.0,43.03,0.799,14.06,3.12,LANE_A,19692.0,-21.3,92.0,1.0,0,450.0,-2.8,-5.35,-2.87,-4.68,3.73,-1.67,1.8,-1.45,-0.45,17.14,-1.45,0.01,0.017,-0.04,0.6949,1
2.0,TRAIN_M03_LADAKH_FAULT01_OVERHEAT,TRAIN,LADAKH,CLIMB,5561.7,2288.8,85.5,91.44,91.39,90.87,91.56,772.67,772.42,772.73,772.67,4.47,89.21,11.79,3.0,43.05,0.743,14.07,3.38,LANE_A,19700.0,-21.3,92.0,1.0,0,450.0,-2.89,-5.44,-2.96,-4.77,3.47,-1.78,1.53,-1.53,-0.41,17.2,-1.56,0.04,-0.04,-0.03,0.696,1
2.05,TRAIN_M03_LADAKH_FAULT01_OVERHEAT,TRAIN,LADAKH,CLIMB,5562.1,2288.9,85.5,91.43,91.39,90.86,91.56,772.35,772.31,772.66,772.37,4.42,89.34,11.84,3.0,43.0,0.78,14.05,2.93,LANE_A,19708.0,-21.4,92.0,1.0,0,450.0,-2.81,-5.35,-2.88,-4.68,3.16,-1.88,1.47,-1.82,-0.46,17.43,-1.51,0.0,-0.003,-0.05,0.7009,1
2.1,TRAIN_M03_LADAKH_FAULT01_OVERHEAT,TRAIN,LADAKH,CLIMB,5560.4,2288.2,85.5,91.43,91.38,90.86,91.55,771.83,772.48,772.53,772.4,4.43,89.23,11.84,3.0,43.01,0.801,14.07,3.29,LANE_A,19715.0,-21.4,92.0,1.0,0,450.0,-2.78,-5.33,-2.85,-4.66,2.64,-1.71,1.34,-1.79,-0.45,17.34,-1.51,0.03,0.018,-0.03,0.6989,1
2.15,TRAIN_M03_LADAKH_FAULT01_OVERHEAT,TRAIN,LADAKH,CLIMB,5561.6,2288.7,85.6,91.42,91.38,90.85,91.54,771.67,772.55,772.47,772.22,4.42,89.23,11.81,3.0,43.01,0.732,14.06,3.3,LANE_A,19722.0,-21.4,92.0,1.0,0,450.0,-2.81,-5.35,-2.88,-4.69,2.58,-1.54,1.38,-1.87,-0.46,17.32,-1.54,0.03,-0.051,-0.04,0.6988,1
2.2,TRAIN_M03_LADAKH_FAULT01_OVERHEAT,TRAIN,LADAKH,CLIMB,5555.5,2286.2,85.6,91.42,91.37,90.84,91.53,771.75,772.34,772.54,771.89,4.43,89.24,11.8,3.0,42.98,0.755,14.06,3.21,LANE_A,19730.0,-21.4,92.0,1.0,0,450.0,-2.71,-5.26,-2.79,-4.6,2.66,-1.75,1.45,-2.2,-0.45,17.41,-1.53,0.01,-0.027,-0.04,0.7001,1
2.25,TRAIN_M03_LADAKH_FAULT01_OVERHEAT,TRAIN,LADAKH,CLIMB,5561.9,2288.8,85.6,91.4,91.37,90.83,91.53,772.15,772.34,772.27,772.29,4.36,89.13,11.77,3.0,43.04,0.802,14.05,3.42,LANE_A,19738.0,-21.4,92.0,1.0,0,450.0,-2.83,-5.36,-2.9,-4.7,3.06,-1.75,1.18,-1.8,-0.52,17.23,-1.57,0.09,0.019,-0.05,0.6981,1
2.3,TRAIN_M03_LADAKH_FAULT01_OVERHEAT,TRAIN,LADAKH,CLIMB,5564.6,2289.9,85.7,91.4,91.36,90.83,91.52,772.07,772.59,772.17,772.05,4.43,89.18,11.8,3.0,43.26,0.784,14.06,3.36,LANE_A,19745.0,-21.4,92.0,1.0,0,450.0,-2.88,-5.42,-2.95,-4.76,3.08,-1.4,1.18,-1.94,-0.45,17.24,-1.55,0.31,0.0,-0.04,0.6973,1
2.35,TRAIN_M03_LADAKH_FAULT01_OVERHEAT,TRAIN,LADAKH,CLIMB,5559.1,2287.7,85.7,91.39,91.36,90.82,91.51,771.77,772.55,772.12,772.27,4.45,89.06,11.87,3.0,43.07,0.812,14.08,3.29,LANE_A,19752.0,-21.4,92.0,1.0,0,450.0,-2.8,-5.33,-2.87,-4.68,2.78,-1.44,1.13,-1.72,-0.43,17.19,-1.46,0.13,0.029,-0.02,0.6956,1
2.4,TRAIN_M03_LADAKH_FAULT01_OVERHEAT,TRAIN,LADAKH,CLIMB,5556.8,2286.8,85.7,91.38,91.35,90.82,91.51,771.97,772.66,772.28,772.17,4.44,89.03,11.84,3.0,43.02,0.85,14.05,3.14,LANE_A,19760.0,-21.5,92.0,1.0,0,450.0,-2.67,-5.2,-2.73,-4.54,2.99,-1.32,1.3,-1.81,-0.44,17.29,-1.49,0.1,0.068,-0.05,0.6975,1
2.45,TRAIN_M03_LADAKH_FAULT01_OVERHEAT,TRAIN,LADAKH,CLIMB,5559.5,2287.9,85.7,91.37,91.34,90.82,91.49,771.7,772.61,772.06,772.14,4.44,88.95,11.76,3.0,42.91,0.759,14.06,3.28,LANE_A,19768.0,-21.5,92.0,1.0,0,450.0,-2.72,-5.25,-2.77,-4.6,2.72,-1.37,1.08,-1.84,-0.44,17.18,-1.57,0.0,-0.024,-0.04,0.6955,1
2.5,TRAIN_M03_LADAKH_FAULT01_OVERHEAT,TRAIN,LADAKH,CLIMB,5554.7,2285.9,85.8,91.36,91.33,90.81,91.48,772.04,772.42,772.52,772.22,4.45,89.02,11.71,3.0,42.88,0.8,14.05,3.06,LANE_A,19775.0,-21.5,92.0,1.0,0,450.0,-2.66,-5.19,-2.71,-4.54,3.16,-1.46,1.64,-1.66,-0.43,17.3,-1.61,-0.02,0.018,-0.05,0.6977,1
2.55,TRAIN_M03_LADAKH_FAULT01_OVERHEAT,TRAIN,LADAKH,CLIMB,5552.8,2285.1,85.8,91.35,91.32,90.81,91.47,771.84,772.11,772.23,772.0,4.47,88.98,11.73,3.0,42.9,0.796,14.06,3.24,LANE_A,19782.0,-21.5,92.0,1.0,0,450.0,-2.64,-5.17,-2.68,-4.52,2.96,-1.77,1.35,-1.88,-0.41,17.29,-1.58,0.01,0.014,-0.04,0.6971,1
2.6,TRAIN_M03_LADAKH_FAULT01_OVERHEAT,TRAIN,LADAKH,CLIMB,5552.1,2284.8,85.8,91.34,91.3,90.8,91.45,772.01,771.89,772.2,772.28,4.42,88.91,11.69,3.0,42.95,0.791,14.08,3.39,LANE_A,19790.0,-21.5,92.0,1.0,0,450.0,-2.63,-5.17,-2.67,-4.52,3.13,-1.99,1.32,-1.6,-0.46,17.23,-1.61,0.07,0.009,-0.02,0.6966,1
2.65,TRAIN_M03_LADAKH_FAULT01_OVERHEAT,TRAIN,LADAKH,CLIMB,5554.2,2285.7,85.8,91.33,91.29,90.8,91.44,771.82,771.84,772.09,772.14,4.42,88.86,11.66,3.0,43.07,0.806,14.07,3.09,LANE_A,19798.0,-21.5,92.0,1.0,0,450.0,-2.67,-5.21,-2.7,-4.56,2.94,-2.04,1.21,-1.74,-0.46,17.16,-1.64,0.2,0.024,-0.03,0.6954,1
2.7,TRAIN_M03_LADAKH_FAULT01_OVERHEAT,TRAIN,LADAKH,CLIMB,5562.7,2289.2,85.8,91.32,91.28,90.79,91.43,772.15,771.68,772.19,772.14,4.48,88.92,11.78,3.0,42.97,0.768,14.05,3.28,LANE_A,19805.0,-21.5,92.0,1.0,0,450.0,-2.81,-5.35,-2.84,-4.7,3.27,-2.2,1.31,-1.74,-0.4,17.12,-1.54,0.12,-0.015,-0.05,0.694,1
2.75,TRAIN_M03_LADAKH_FAULT01_OVERHEAT,TRAIN,LADAKH,CLIMB,5568.3,2291.5,85.9,91.32,91.27,90.78,91.43,771.71,771.58,772.14,772.34,4.46,88.95,11.74,3.0,42.97,0.803,14.06,3.07,LANE_A,19812.0,-21.6,92.0,1.0,0,450.0,-2.81,-5.36,-2.85,-4.7,2.95,-2.18,1.38,-1.42,-0.42,17.17,-1.6,0.12,0.019,-0.04,0.6954,1
2.8,TRAIN_M03_LADAKH_FAULT01_OVERHEAT,TRAIN,LADAKH,CLIMB,5571.4,2292.8,85.9,91.31,91.26,90.78,91.41,771.73,771.47,771.9,772.19,4.45,88.9,11.73,3.0,42.93,0.796,14.03,2.97,LANE_A,19820.0,-21.6,92.0,1.0,0,450.0,-2.86,-5.41,-2.89,-4.76,2.97,-2.29,1.14,-1.57,-0.44,17.08,-1.61,0.09,0.011,-0.07,0.6941,1
2.85,TRAIN_M03_LADAKH_FAULT01_OVERHEAT,TRAIN,LADAKH,CLIMB,5570.2,2292.3,85.9,91.3,91.25,90.77,91.4,771.72,771.49,771.93,772.02,4.46,88.68,11.64,3.0,42.8,0.777,14.05,3.45,LANE_A,19828.0,-21.6,92.0,1.0,0,450.0,-2.85,-5.4,-2.88,-4.75,2.96,-2.27,1.17,-1.74,-0.43,16.88,-1.69,-0.02,-0.007,-0.05,0.6901,1
2.9,TRAIN_M03_LADAKH_FAULT01_OVERHEAT,TRAIN,LADAKH,CLIMB,5574.4,2294.0,85.9,91.29,91.24,90.77,91.39,771.68,771.48,771.9,771.91,4.46,88.73,11.67,3.0,42.78,0.742,14.04,3.37,LANE_A,19835.0,-21.6,92.0,1.0,0,450.0,-2.92,-5.47,-2.94,-4.82,2.92,-2.28,1.14,-1.85,-0.43,16.88,-1.67,-0.03,-0.043,-0.06,0.6903,1
2.95,TRAIN_M03_LADAKH_FAULT01_OVERHEAT,TRAIN,LADAKH,CLIMB,5567.3,2291.1,85.9,91.29,91.23,90.76,91.38,772.15,771.36,771.99,772.3,4.44,88.72,11.74,3.0,42.81,0.79,14.05,3.2,LANE_A,19842.0,-21.6,92.0,1.0,0,450.0,-2.81,-5.37,-2.84,-4.72,3.39,-2.4,1.23,-1.46,-0.44,16.96,-1.58,0.01,0.006,-0.05,0.6915,1
3.0,TRAIN_M03_LADAKH_FAULT01_OVERHEAT,TRAIN,LADAKH,CLIMB,5565.8,2290.4,85.9,91.28,91.22,90.76,91.37,771.71,771.57,771.86,772.01,4.44,88.61,11.83,3.0,42.89,0.773,14.05,3.16,LANE_A,19850.0,-21.6,92.0,1.0,0,450.0,-2.79,-5.35,-2.81,-4.7,2.95,-2.19,1.1,-1.75,-0.44,16.88,-1.48,0.11,-0.011,-0.05,0.6896,1
3.05,TRAIN_M03_LADAKH_FAULT01_OVERHEAT,TRAIN,LADAKH,CLIMB,5568.7,2291.6,85.9,91.27,91.21,90.75,91.36,771.89,772.03,771.72,772.0,4.46,88.55,11.73,3.0,42.79,0.766,14.06,2.92,LANE_A,19858.0,-21.6,92.0,1.0,0,450.0,-2.84,-5.4,-2.86,-4.75,3.13,-1.73,0.96,-1.76,-0.43,16.78,-1.58,0.02,-0.018,-0.04,0.6878,1
3.1,TRAIN_M03_LADAKH_FAULT01_OVERHEAT,TRAIN,LADAKH,CLIMB,5570.3,2292.3,85.9,91.26,91.21,90.75,91.35,772.01,772.03,771.63,771.83,4.46,88.48,11.88,3.0,42.68,0.753,14.03,3.23,LANE_A,19865.0,-21.6,92.0,1.0,0,450.0,-2.87,-5.42,-2.88,-4.78,3.25,-1.73,0.87,-1.93,-0.43,16.7,-1.43,-0.08,-0.031,-0.07,0.686,1
3.15,TRAIN_M03_LADAKH_FAULT01_OVERHEAT,TRAIN,LADAKH,CLIMB,5567.7,2291.3,86.0,91.27,91.2,90.75,91.35,771.98,772.0,771.78,771.92,4.42,88.58,11.95,3.0,42.75,0.777,14.06,2.92,LANE_A,19872.0,-21.7,92.0,1.0,0,450.0,-2.73,-5.3,-2.75,-4.65,3.33,-1.65,1.13,-1.73,-0.47,16.92,-1.36,0.0,-0.007,-0.04,0.6905,1
3.2,TRAIN_M03_LADAKH_FAULT01_OVERHEAT,TRAIN,LADAKH,CLIMB,5572.8,2293.3,86.0,91.27,91.2,90.75,91.34,771.63,772.12,771.97,771.66,4.44,88.55,11.98,3.0,42.68,0.748,14.05,3.26,LANE_A,19880.0,-21.7,92.0,1.0,0,450.0,-2.81,-5.38,-2.83,-4.74,2.98,-1.53,1.32,-1.99,-0.45,16.83,-1.34,-0.06,-0.037,-0.05,0.6886,1
3.25,TRAIN_M03_LADAKH_FAULT01_OVERHEAT,TRAIN,LADAKH,CLIMB,5565.6,2290.4,86.0,91.26,91.2,90.75,91.33,771.83,772.32,772.27,771.44,4.42,88.56,11.97,3.0,42.6,0.819,14.04,3.18,LANE_A,19888.0,-21.7,92.0,1.0,0,450.0,-2.7,-5.26,-2.71,-4.63,3.18,-1.33,1.62,-2.21,-0.47,16.93,-1.33,-0.13,0.035,-0.06,0.6906,1
3.3,TRAIN_M03_LADAKH_FAULT01_OVERHEAT,TRAIN,LADAKH,CLIMB,5574.0,2293.8,86.0,91.25,91.19,90.75,91.33,771.55,772.24,772.12,771.35,4.47,88.5,11.86,3.0,42.57,0.786,14.04,3.32,LANE_A,19895.0,-21.7,92.0,1.0,0,450.0,-2.84,-5.4,-2.84,-4.76,2.9,-1.41,1.47,-2.3,-0.42,16.77,-1.45,-0.14,0.001,-0.06,0.6872,1
3.35,TRAIN_M03_LADAKH_FAULT01_OVERHEAT,TRAIN,LADAKH,CLIMB,5574.8,2294.2,86.0,91.25,91.19,90.76,91.32,771.24,771.91,771.86,771.03,4.48,88.38,11.83,3.0,42.65,0.773,14.04,3.34,LANE_A,19902.0,-21.7,92.0,1.0,0,450.0,-2.84,-5.4,-2.83,-4.77,2.59,-1.74,1.21,-2.62,-0.41,16.64,-1.48,-0.05,-0.012,-0.06,0.6844,1
3.4,TRAIN_M03_LADAKH_FAULT01_OVERHEAT,TRAIN,LADAKH,CLIMB,5579.6,2296.1,86.0,91.24,91.17,90.76,91.31,771.3,771.94,771.7,771.04,4.46,88.36,11.79,3.0,42.69,0.822,14.06,2.99,LANE_A,19910.0,-21.7,92.0,1.0,0,450.0,-2.92,-5.49,-2.9,-4.85,2.65,-1.71,1.05,-2.61,-0.43,16.57,-1.53,0.0,0.036,-0.04,0.6836,1
3.45,TRAIN_M03_LADAKH_FAULT01_OVERHEAT,TRAIN,LADAKH,CLIMB,5572.7,2293.3,86.0,91.23,91.17,90.75,91.3,771.33,772.18,771.84,770.88,4.43,88.26,11.69,3.0,42.62,0.772,14.07,3.21,LANE_A,19918.0,-21.7,92.0,1.0,0,450.0,-2.82,-5.38,-2.8,-4.75,2.68,-1.47,1.19,-2.77,-0.46,16.56,-1.61,-0.05,-0.013,-0.03,0.6837,1
3.5,TRAIN_M03_LADAKH_FAULT01_OVERHEAT,TRAIN,LADAKH,CLIMB,5572.0,2293.0,86.0,91.22,91.16,90.75,91.29,771.36,772.32,771.68,770.62,4.45,88.08,11.74,3.0,42.74,0.767,14.05,3.23,LANE_A,19925.0,-21.8,92.0,1.0,0,450.0,-2.72,-5.28,-2.69,-4.65,2.73,-1.31,1.05,-3.01,-0.44,16.49,-1.56,0.08,-0.018,-0.05,0.6816,1
3.55,TRAIN_M03_LADAKH_FAULT01_OVERHEAT,TRAIN,LADAKH,CLIMB,5573.2,2293.5,86.0,91.21,91.16,90.74,91.29,771.24,772.54,771.66,770.78,4.46,88.17,11.87,3.0,42.71,0.791,14.05,3.35,LANE_A,19932.0,-21.8,92.0,1.0,0,450.0,-2.75,-5.3,-2.72,-4.67,2.61,-1.09,1.03,-2.85,-0.43,16.57,-1.43,0.06,0.006,-0.05,0.6829,1
3.6,TRAIN_M03_LADAKH_FAULT01_OVERHEAT,TRAIN,LADAKH,CLIMB,5579.1,2295.9,86.0,91.21,91.16,90.74,91.29,771.05,772.55,771.97,770.58,4.48,88.05,11.91,3.0,42.81,0.758,14.04,3.11,LANE_A,19940.0,-21.8,92.0,1.0,0,450.0,-2.83,-5.38,-2.8,-4.75,2.42,-1.08,1.34,-3.05,-0.41,16.38,-1.4,0.17,-0.028,-0.06,0.6789,1
3.65,TRAIN_M03_LADAKH_FAULT01_OVERHEAT,TRAIN,LADAKH,CLIMB,5584.0,2298.0,86.0,91.2,91.15,90.74,91.29,770.84,772.55,772.03,770.83,4.51,88.18,11.94,3.0,42.81,0.82,14.04,3.35,LANE_A,19948.0,-21.8,92.0,1.0,0,450.0,-2.92,-5.47,-2.88,-4.83,2.21,-1.08,1.4,-2.8,-0.38,16.45,-1.37,0.19,0.033,-0.06,0.6801,1
3.7,TRAIN_M03_LADAKH_FAULT01_OVERHEAT,TRAIN,LADAKH,CLIMB,5590.2,2300.5,86.0,91.2,91.15,90.74,91.28,771.0,772.06,771.74,770.82,4.52,88.09,11.83,3.0,42.72,0.781,14.07,3.12,LANE_A,19955.0,-21.8,92.0,1.0,0,450.0,-3.01,-5.56,-2.97,-4.93,2.37,-1.57,1.11,-2.81,-0.37,16.28,-1.5,0.11,-0.007,-0.03,0.6769,1
3.75,TRAIN_M03_LADAKH_FAULT01_OVERHEAT,TRAIN,LADAKH,CLIMB,5589.3,2300.1,86.0,91.2,91.15,90.74,91.27,771.06,772.16,771.74,771.27,4.48,88.13,11.9,3.0,42.66,0.832,14.05,3.34,LANE_A,19962.0,-21.8,92.0,1.0,0,450.0,-2.99,-5.54,-2.95,-4.92,2.43,-1.47,1.11,-2.36,-0.41,16.34,-1.42,0.06,0.045,-0.05,0.6786,1
3.8,TRAIN_M03_LADAKH_FAULT01_OVERHEAT,TRAIN,LADAKH,CLIMB,5583.7,2297.8,85.9,91.2,91.15,90.74,91.27,771.27,772.1,771.99,771.46,4.47,88.17,11.94,3.0,42.58,0.821,14.02,3.17,LANE_A,19970.0,-21.8,92.0,1.0,0,450.0,-2.88,-5.43,-2.84,-4.81,2.54,-1.63,1.26,-2.27,-0.42,16.46,-1.36,0.0,0.035,-0.08,0.6808,1
3.85,TRAIN_M03_LADAKH_FAULT01_OVERHEAT,TRAIN,LADAKH,CLIMB,5580.8,2296.6,85.9,91.19,91.15,90.74,91.26,771.6,772.05,772.04,771.51,4.44,88.06,11.9,3.0,42.63,0.783,14.05,3.03,LANE_A,19978.0,-21.9,92.0,1.0,0,450.0,-2.75,-5.29,-2.7,-4.68,2.88,-1.67,1.32,-2.21,-0.45,16.49,-1.39,0.07,-0.003,-0.05,0.6814,1
3.9,TRAIN_M03_LADAKH_FAULT01_OVERHEAT,TRAIN,LADAKH,CLIMB,5579.0,2295.9,85.9,91.18,91.14,90.74,91.25,772.05,771.79,771.98,771.0,4.48,88.06,11.87,3.0,42.75,0.749,14.06,3.07,LANE_A,19985.0,-21.9,92.0,1.0,0,450.0,-2.73,-5.27,-2.67,-4.66,3.33,-1.93,1.26,-2.72,-0.41,16.51,-1.41,0.2,-0.037,-0.04,0.6813,1
3.95,TRAIN_M03_LADAKH_FAULT01_OVERHEAT,TRAIN,LADAKH,CLIMB,5577.0,2295.1,85.9,91.18,91.14,90.73,91.25,772.15,771.56,772.04,770.83,4.49,88.15,11.9,3.0,42.83,0.781,14.09,3.22,LANE_A,19992.0,-21.9,92.0,1.0,0,450.0,-2.69,-5.23,-2.64,-4.62,3.43,-2.16,1.32,-2.89,-0.4,16.63,-1.37,0.29,-0.004,-0.01,0.6834,1
4.0,TRAIN_M03_LADAKH_FAULT01_OVERHEAT,TRAIN,LADAKH,CRUISE_LOITER,5570.2,2292.3,84.1,91.18,91.13,90.73,91.24,772.35,771.93,772.28,771.39,4.47,88.24,11.78,3.0,42.58,0.8,14.03,3.11,LANE_A,20079.0,-22.0,89.0,1.0,0,450.0,-3.09,-5.64,-3.04,-5.03,1.89,-3.53,-0.18,-4.07,-0.42,16.43,-1.37,0.32,0.016,-0.07,0.6809,1
4.05,TRAIN_M03_LADAKH_FAULT01_OVERHEAT,TRAIN,LADAKH,CRUISE_LOITER,5566.6,2290.8,82.6,91.17,91.13,90.73,91.24,772.6,772.25,772.99,772.16,4.45,88.41,11.7,3.0,42.41,0.735,14.07,3.17,LANE_A,20080.0,-22.0,89.0,1.0,0,450.0,-2.86,-5.4,-2.8,-4.79,0.71,-4.64,-0.9,-4.73,-0.44,16.79,-1.38,0.26,-0.049,-0.03,0.688,1
4.1,TRAIN_M03_LADAKH_FAULT01_OVERHEAT,TRAIN,LADAKH,CRUISE_LOITER,5560.1,2288.1,81.3,91.17,91.12,90.73,91.23,773.43,772.91,773.39,772.98,4.49,88.41,11.61,3.0,42.24,0.813,14.06,3.35,LANE_A,20081.0,-22.0,89.0,1.0,0,450.0,-2.6,-5.15,-2.54,-4.54,0.33,-5.19,-1.71,-5.12,-0.4,16.99,-1.41,0.19,0.03,-0.04,0.6908,1
4.15,TRAIN_M03_LADAKH_FAULT01_OVERHEAT,TRAIN,LADAKH,CRUISE_LOITER,5546.2,2282.4,80.2,91.16,91.11,90.73,91.23,774.14,773.49,773.91,773.73,4.41,88.22,11.61,3.0,42.2,0.697,14.07,3.36,LANE_A,20081.0,-22.1,89.0,1.0,0,450.0,-2.17,-4.72,-2.1,-4.1,0.06,-5.59,-2.17,-5.35,-0.48,17.18,-1.34,0.23,-0.084,-0.03,0.6947,1
4.2,TRAIN_M03_LADAKH_FAULT01_OVERHEAT,TRAIN,LADAKH,CRUISE_LOITER,5535.6,2278.0,79.2,91.15,91.1,90.72,91.22,774.28,774.38,774.69,774.26,4.47,88.17,11.48,3.0,42.0,0.756,14.04,3.23,LANE_A,20082.0,-22.1,89.0,1.0,0,450.0,-1.9,-4.45,-1.83,-3.83,-0.68,-5.58,-2.27,-5.7,-0.41,17.35,-1.41,0.11,-0.023,-0.06,0.6965,1
4.25,TRAIN_M03_LADAKH_FAULT01_OVERHEAT,TRAIN,LADAKH,CRUISE_LOITER,5521.8,2272.3,78.4,91.12,91.08,90.7,91.2,774.61,774.59,775.49,774.91,4.41,88.43,11.27,3.0,41.94,0.825,14.05,3.4,LANE_A,20083.0,-22.1,89.0,1.0,0,450.0,-1.63,-4.17,-1.55,-3.55,-1.04,-6.06,-2.16,-5.74,-0.47,17.85,-1.56,0.11,0.048,-0.05,0.7068,1
4.3,TRAIN_M03_LADAKH_FAULT01_OVERHEAT,TRAIN,LADAKH,CRUISE_LOITER,5518.8,2271.1,77.7,91.1,91.06,90.69,91.18,775.26,775.76,775.92,775.69,4.44,88.42,11.14,3.0,41.78,0.744,14.06,3.01,LANE_A,20084.0,-22.1,89.0,1.0,0,450.0,-1.52,-4.06,-1.43,-3.44,-0.99,-5.49,-2.33,-5.56,-0.44,17.94,-1.66,0.0,-0.032,-0.04,0.708,1
4.35,TRAIN_M03_LADAKH_FAULT01_OVERHEAT,TRAIN,LADAKH,CRUISE_LOITER,5508.2,2266.7,77.1,91.08,91.04,90.66,91.15,775.5,775.71,776.69,776.49,4.45,88.51,10.88,3.0,41.73,0.736,14.07,3.17,LANE_A,20085.0,-22.1,89.0,1.0,0,450.0,-1.31,-3.85,-1.23,-3.24,-1.25,-6.04,-2.06,-5.26,-0.43,18.22,-1.87,0.0,-0.039,-0.03,0.7133,1
4.4,TRAIN_M03_LADAKH_FAULT01_OVERHEAT,TRAIN,LADAKH,CRUISE_LOITER,5510.4,2267.7,76.6,91.05,91.01,90.64,91.12,776.13,776.58,777.56,777.52,4.44,88.49,10.83,3.0,41.72,0.792,14.07,3.09,LANE_A,20086.0,-22.1,88.9,1.0,0,450.0,-1.35,-3.89,-1.26,-3.28,-1.03,-5.58,-1.6,-4.64,-0.44,18.19,-1.91,0.03,0.017,-0.03,0.7129,1
4.45,TRAIN_M03_LADAKH_FAULT01_OVERHEAT,TRAIN,LADAKH,CRUISE_LOITER,5495.2,2261.4,76.2,91.02,90.98,90.61,91.09,776.38,777.0,778.24,778.14,4.43,88.38,10.71,3.0,41.69,0.842,14.06,3.22,LANE_A,20087.0,-22.1,88.9,1.0,0,450.0,-1.1,-3.64,-1.01,-3.03,-1.1,-5.48,-1.24,-4.34,-0.45,18.3,-1.98,0.03,0.069,-0.04,0.715,1
4.5,TRAIN_M03_LADAKH_FAULT01_OVERHEAT,TRAIN,LADAKH,CRUISE_LOITER,5486.0,2257.6,75.8,90.98,90.94,90.58,91.05,776.76,777.21,778.36,778.75,4.43,88.41,10.62,3.0,41.68,0.782,14.06,3.13,LANE_A,20088.0,-22.1,88.9,1.0,0,450.0,-0.96,-3.5,-0.86,-2.89,-1.04,-5.59,-1.44,-4.05,-0.44,18.48,-2.03,0.05,0.011,-0.04,0.718,1
4.55,TRAIN_M03_LADAKH_FAULT01_OVERHEAT,TRAIN,LADAKH,CRUISE_LOITER,5476.5,2253.7,75.5,90.95,90.9,90.54,91.02,777.37,777.52,779.19,778.86,4.47,88.46,10.49,3.0,41.56,0.739,14.05,3.35,LANE_A,20089.0,-22.1,88.9,1.0,0,450.0,-0.81,-3.36,-0.72,-2.74,-0.67,-5.52,-0.85,-4.18,-0.4,18.67,-2.13,-0.05,-0.031,-0.05,0.7211,1
4.6,TRAIN_M03_LADAKH_FAULT01_OVERHEAT,TRAIN,LADAKH,CRUISE_LOITER,5473.0,2252.2,75.2,90.91,90.86,90.51,90.97,777.65,778.16,779.65,779.41,4.41,88.38,10.41,3.0,41.58,0.788,14.08,3.31,LANE_A,20090.0,-22.1,88.9,1.0,0,450.0,-0.76,-3.31,-0.66,-2.7,-0.63,-5.12,-0.63,-3.87,-0.46,18.66,-2.19,0.0,0.019,-0.02,0.7217,1
4.65,TRAIN_M03_LADAKH_FAULT01_OVERHEAT,TRAIN,LADAKH,CRUISE_LOITER,5461.9,2247.7,75.0,90.87,90.83,90.46,90.94,778.47,778.35,780.11,780.18,4.4,88.43,10.33,3.0,41.5,0.789,14.04,2.99,LANE_A,20091.0,-22.1,88.9,1.0,0,450.0,-0.61,-3.15,-0.52,-2.54,0.04,-5.08,-0.32,-3.25,-0.47,18.86,-2.24,-0.07,0.021,-0.06,0.7254,1
4.7,TRAIN_M03_LADAKH_FAULT01_OVERHEAT,TRAIN,LADAKH,CRUISE_LOITER,5450.0,2242.8,74.8,90.82,90.79,90.42,90.89,778.78,779.01,780.36,780.29,4.41,88.43,10.3,3.0,41.39,0.76,14.08,3.45,LANE_A,20092.0,-22.1,88.9,1.0,0,450.0,-0.46,-2.99,-0.36,-2.39,0.19,-4.58,-0.23,-3.3,-0.46,19.02,-2.24,-0.16,-0.006,-0.02,0.7279,1
4.75,TRAIN_M03_LADAKH_FAULT01_OVERHEAT,TRAIN,LADAKH,CRUISE_LOITER,5439.2,2238.3,74.6,90.78,90.74,90.38,90.84,779.16,779.83,780.48,780.23,4.35,88.48,10.24,3.0,41.57,0.799,14.05,3.28,LANE_A,20093.0,-22.1,88.9,1.0,0,450.0,-0.32,-2.86,-0.22,-2.26,0.42,-3.91,-0.26,-3.51,-0.51,19.22,-2.27,0.04,0.035,-0.05,0.7321,1
4.8,TRAIN_M03_LADAKH_FAULT01_OVERHEAT,TRAIN,LADAKH,CRUISE_LOITER,5430.4,2234.7,74.5,90.73,90.7,90.34,90.8,779.74,780.28,780.66,779.92,4.48,88.47,10.22,3.0,41.43,0.771,14.05,3.24,LANE_A,20094.0,-22.1,88.9,1.0,0,450.0,-0.22,-2.75,-0.11,-2.15,0.92,-3.54,-0.16,-3.9,-0.38,19.33,-2.26,-0.1,0.008,-0.05,0.7323,1
4.85,TRAIN_M03_LADAKH_FAULT01_OVERHEAT,TRAIN,LADAKH,CRUISE_LOITER,5432.9,2235.8,74.4,90.68,90.65,90.29,90.74,780.16,780.89,780.94,779.95,4.38,88.41,10.06,3.0,41.35,0.775,14.06,3.19,LANE_A,20095.0,-22.1,88.9,1.0,0,450.0,-0.3,-2.83,-0.19,-2.24,1.26,-3.01,0.04,-3.95,-0.48,19.25,-2.42,-0.17,0.012,-0.04,0.7325,1
4.9,TRAIN_M03_LADAKH_FAULT01_OVERHEAT,TRAIN,LADAKH,CRUISE_LOITER,5428.2,2233.8,74.3,90.63,90.6,90.24,90.7,780.41,780.53,781.05,780.32,4.38,88.55,10.0,3.0,41.37,0.751,14.03,3.15,LANE_A,20096.0,-22.1,88.9,1.0,0,450.0,-0.27,-2.8,-0.16,-2.2,1.44,-3.44,0.08,-3.65,-0.48,19.45,-2.47,-0.14,-0.012,-0.07,0.7362,1
4.95,TRAIN_M03_LADAKH_FAULT01_OVERHEAT,TRAIN,LADAKH,CRUISE_LOITER,5428.4,2233.9,74.2,90.58,90.55,90.19,90.65,780.65,780.86,781.16,780.61,4.38,88.58,9.97,3.0,41.43,0.755,14.06,3.17,LANE_A,20096.0,-22.1,88.9,1.0,0,450.0,-0.31,-2.84,-0.2,-2.24,1.6,-3.19,0.11,-3.44,-0.48,19.49,-2.5,-0.07,-0.008,-0.04,0.7369,1
5.0,TRAIN_M03_LADAKH_FAULT01_OVERHEAT,TRAIN,LADAKH,CRUISE_LOITER,5426.3,2233.0,74.1,90.54,90.5,90.14,90.59,780.65,781.23,781.11,780.65,4.36,88.59,9.85,3.0,41.49,0.715,14.08,3.32,LANE_A,20097.0,-22.1,88.9,1.0,0,450.0,-0.31,-2.85,-0.21,-2.26,1.53,-2.89,-0.01,-3.47,-0.5,19.53,-2.61,0.0,-0.047,-0.02,0.7382,1
5.05,TRAIN_M03_LADAKH_FAULT01_OVERHEAT,TRAIN,LADAKH,CRUISE_LOITER,5417.3,2229.3,74.1,90.48,90.45,90.09,90.55,781.11,781.47,781.06,780.32,4.35,88.59,9.87,3.0,41.36,0.741,14.08,3.39,LANE_A,20098.0,-22.1,88.9,1.0,0,450.0,-0.23,-2.76,-0.12,-2.16,1.99,-2.65,-0.06,-3.8,-0.51,19.64,-2.57,-0.13,-0.02,-0.02,0.74,1
5.1,TRAIN_M03_LADAKH_FAULT01_OVERHEAT,TRAIN,LADAKH,CRUISE_LOITER,5407.3,2225.2,74.0,90.43,90.39,90.04,90.49,781.41,781.91,781.15,780.39,4.4,88.53,9.91,3.0,41.49,0.721,14.06,3.05,LANE_A,20099.0,-22.1,88.9,1.0,0,450.0,-0.12,-2.66,-0.01,-2.06,2.21,-2.29,-0.05,-3.81,-0.46,19.71,-2.5,0.01,-0.038,-0.04,0.7403,1
5.15,TRAIN_M03_LADAKH_FAULT01_OVERHEAT,TRAIN,LADAKH,CRUISE_LOITER,5406.3,2224.8,74.0,90.37,90.34,89.99,90.44,781.41,781.46,781.19,780.48,4.4,88.64,9.89,3.0,41.48,0.772,14.04,3.19,LANE_A,20100.0,-22.1,88.9,1.0,0,450.0,-0.17,-2.7,-0.05,-2.1,2.21,-2.74,-0.01,-3.72,-0.45,19.83,-2.52,0.0,0.013,-0.06,0.7423,1
5.2,TRAIN_M03_LADAKH_FAULT01_OVERHEAT,TRAIN,LADAKH,CRUISE_LOITER,5397.5,2221.2,73.9,90.32,90.29,89.94,90.39,781.02,781.72,781.3,780.72,4.41,88.51,9.94,3.0,41.45,0.787,14.08,3.32,LANE_A,20101.0,-22.1,88.9,1.0,0,450.0,-0.07,-2.6,0.05,-2.0,1.75,-2.55,0.03,-3.55,-0.44,19.81,-2.44,-0.02,0.029,-0.02,0.7416,1
5.25,TRAIN_M03_LADAKH_FAULT01_OVERHEAT,TRAIN,LADAKH,CRUISE_LOITER,5402.9,2223.4,73.9,90.27,90.24,89.89,90.34,781.37,781.61,781.22,781.13,4.38,88.6,9.85,3.0,41.49,0.725,14.05,3.23,LANE_A,20102.0,-22.1,88.8,1.0,0,450.0,-0.23,-2.76,-0.11,-2.16,2.1,-2.66,-0.05,-3.14,-0.47,19.82,-2.54,0.02,-0.034,-0.05,0.7425,1
5.3,TRAIN_M03_LADAKH_FAULT01_OVERHEAT,TRAIN,LADAKH,CRUISE_LOITER,5401.6,2222.9,73.9,90.22,90.19,89.85,90.29,781.54,781.86,781.32,781.16,4.36,88.51,9.91,3.0,41.51,0.77,14.07,3.21,LANE_A,20103.0,-22.1,88.8,1.0,0,450.0,-0.26,-2.79,-0.13,-2.19,2.27,-2.41,0.05,-3.11,-0.49,19.74,-2.48,0.04,0.012,-0.03,0.7412,1
5.35,TRAIN_M03_LADAKH_FAULT01_OVERHEAT,TRAIN,LADAKH,CRUISE_LOITER,5396.9,2220.9,73.9,90.17,90.14,89.8,90.24,781.59,782.22,781.54,781.84,4.38,88.47,9.9,3.0,41.58,0.724,14.06,3.17,LANE_A,20104.0,-22.1,88.8,1.0,0,450.0,-0.24,-2.77,-0.11,-2.17,2.32,-2.05,0.27,-2.43,-0.47,19.76,-2.48,0.11,-0.034,-0.04,0.7413,1
5.4,TRAIN_M03_LADAKH_FAULT01_OVERHEAT,TRAIN,LADAKH,CRUISE_LOITER,5392.7,2219.2,73.9,90.12,90.09,89.75,90.2,781.51,782.08,781.5,781.76,4.38,88.46,9.91,3.0,41.57,0.732,14.06,3.31,LANE_A,20105.0,-22.1,88.8,1.0,0,450.0,-0.23,-2.76,-0.1,-2.15,2.24,-2.19,0.23,-2.51,-0.47,19.8,-2.46,0.11,-0.025,-0.04,0.7419,1
5.45,TRAIN_M03_LADAKH_FAULT01_OVERHEAT,TRAIN,LADAKH,CRUISE_LOITER,5393.1,2219.4,73.9,90.07,90.04,89.71,90.15,781.72,782.12,781.42,781.41,4.4,88.37,9.82,3.0,41.59,0.747,14.04,3.29,LANE_A,20106.0,-22.1,88.8,1.0,0,450.0,-0.28,-2.81,-0.14,-2.2,2.45,-2.15,0.15,-2.86,-0.45,19.71,-2.55,0.13,-0.01,-0.06,0.7404,1
5.5,TRAIN_M03_LADAKH_FAULT01_OVERHEAT,TRAIN,LADAKH,CRUISE_LOITER,5388.4,2217.5,73.9,90.02,89.99,89.66,90.1,781.55,782.19,781.73,781.5,4.39,88.4,9.97,3.0,41.53,0.72,14.05,2.87,LANE_A,20106.0,-22.1,88.8,1.0,0,450.0,-0.26,-2.79,-0.12,-2.18,2.28,-2.08,0.46,-2.77,-0.46,19.79,-2.39,0.07,-0.036,-0.05,0.7415,1
5.55,TRAIN_M03_LADAKH_FAULT01_OVERHEAT,TRAIN,LADAKH,CRUISE_LOITER,5386.1,2216.5,73.9,89.98,89.94,89.61,90.05,781.66,782.38,781.38,781.7,4.39,88.44,9.95,3.0,41.54,0.749,14.07,3.08,LANE_A,20107.0,-22.1,88.8,1.0,0,450.0,-0.27,-2.81,-0.14,-2.2,2.39,-1.89,0.11,-2.57,-0.46,19.86,-2.4,0.08,-0.007,-0.03,0.7426,1
5.6,TRAIN_M03_LADAKH_FAULT01_OVERHEAT,TRAIN,LADAKH,CRUISE_LOITER,5389.2,2217.8,73.9,89.93,89.89,89.56,90.0,781.36,782.49,781.61,781.46,4.39,88.44,9.9,3.0,41.57,0.748,14.05,3.17,LANE_A,20108.0,-22.1,88.8,1.0,0,450.0,-0.36,-2.9,-0.23,-2.29,2.09,-1.78,0.34,-2.81,-0.46,19.83,-2.46,0.11,-0.009,-0.05,0.7424,1
5.65,TRAIN_M03_LADAKH_FAULT01_OVERHEAT,TRAIN,LADAKH,CRUISE_LOITER,5392.2,2219.0,73.9,89.87,89.84,89.51,89.94,781.5,782.64,781.52,782.04,4.38,88.45,9.81,3.0,41.42,0.774,14.07,3.06,LANE_A,20109.0,-22.1,88.8,1.0,0,450.0,-0.47,-3.0,-0.33,-2.4,2.23,-1.63,0.25,-2.23,-0.47,19.8,-2.56,-0.04,0.017,-0.03,0.7423,1
5.7,TRAIN_M03_LADAKH_FAULT01_OVERHEAT,TRAIN,LADAKH,CRUISE_LOITER,5392.2,2219.0,73.9,89.83,89.79,89.47,89.89,781.44,782.33,781.32,782.24,4.4,88.46,9.83,3.0,41.48,0.748,14.05,3.1,LANE_A,20110.0,-22.1,88.8,1.0,0,450.0,-0.51,-3.05,-0.37,-2.45,2.17,-1.94,0.05,-2.03,-0.45,19.81,-2.54,0.02,-0.009,-0.05,0.7422,1
5.75,TRAIN_M03_LADAKH_FAULT01_OVERHEAT,TRAIN,LADAKH,CRUISE_LOITER,5388.2,2217.4,73.9,89.78,89.74,89.42,89.84,781.79,782.31,781.45,782.28,4.38,88.47,9.79,3.0,41.5,0.757,14.05,3.43,LANE_A,20111.0,-22.1,88.8,1.0,0,450.0,-0.5,-3.04,-0.36,-2.44,2.52,-1.96,0.18,-1.99,-0.47,19.87,-2.57,0.05,0.001,-0.05,0.7436,1
5.8,TRAIN_M03_LADAKH_FAULT01_OVERHEAT,TRAIN,LADAKH,CRUISE_LOITER,5386.2,2216.5,73.9,89.73,89.69,89.37,89.79,782.01,782.13,781.21,782.48,4.38,88.5,9.7,3.0,41.37,0.784,14.05,3.48,LANE_A,20112.0,-22.1,88.8,1.0,0,450.0,-0.52,-3.06,-0.38,-2.46,2.74,-2.14,-0.06,-1.79,-0.47,19.92,-2.65,-0.08,0.028,-0.05,0.7447,1
5.85,TRAIN_M03_LADAKH_FAULT01_OVERHEAT,TRAIN,LADAKH,CRUISE_LOITER,5384.1,2215.7,73.9,89.67,89.63,89.32,89.74,781.96,781.94,781.49,782.0,4.37,88.63,9.8,3.0,41.42,0.779,14.05,3.43,LANE_A,20113.0,-22.1,88.8,1.0,0,450.0,-0.54,-3.08,-0.39,-2.47,2.69,-2.33,0.22,-2.27,-0.48,20.08,-2.55,-0.03,0.023,-0.05,0.7472,1
5.9,TRAIN_M03_LADAKH_FAULT01_OVERHEAT,TRAIN,LADAKH,CRUISE_LOITER,5380.7,2214.3,73.9,89.62,89.59,89.28,89.69,782.11,781.95,781.42,782.57,4.38,88.7,9.83,3.0,41.46,0.788,14.06,3.28,LANE_A,20114.0,-22.1,88.8,1.0,0,450.0,-0.54,-3.07,-0.38,-2.47,2.84,-2.32,0.15,-1.7,-0.47,20.19,-2.51,0.01,0.033,-0.04,0.7488,1
5.95,TRAIN_M03_LADAKH_FAULT01_OVERHEAT,TRAIN,LADAKH,CRUISE_LOITER,5378.6,2213.4,73.9,89.58,89.54,89.24,89.65,782.06,782.0,781.52,782.43,4.36,88.86,9.82,3.0,41.38,0.72,14.09,3.03,LANE_A,20115.0,-22.1,88.8,1.0,0,450.0,-0.55,-3.09,-0.39,-2.48,2.79,-2.27,0.25,-1.84,-0.49,20.38,-2.51,-0.07,-0.035,-0.01,0.7521,1
6.0,TRAIN_M03_LADAKH_FAULT01_OVERHEAT,TRAIN,LADAKH,CRUISE_LOITER,5380.9,2214.3,73.9,89.53,89.49,89.19,89.6,782.26,781.83,781.33,782.41,4.42,88.78,9.9,3.0,41.49,0.732,14.07,3.07,LANE_A,20115.0,-22.1,88.7,1.0,0,450.0,-0.66,-3.2,-0.5,-2.59,2.99,-2.44,0.06,-1.86,-0.43,20.25,-2.44,0.04,-0.023,-0.03,0.7493,1
6.05,TRAIN_M03_LADAKH_FAULT01_OVERHEAT,TRAIN,LADAKH,CRUISE_LOITER,5381.2,2214.5,73.9,89.48,89.44,89.15,89.55,782.59,782.4,781.37,782.37,4.36,88.68,9.85,3.0,41.37,0.738,14.03,3.24,LANE_A,20116.0,-22.1,88.7,1.0,0,450.0,-0.71,-3.25,-0.54,-2.64,3.32,-1.87,0.1,-1.9,-0.49,20.14,-2.49,-0.08,-0.017,-0.07,0.7483,1
6.1,TRAIN_M03_LADAKH_FAULT01_OVERHEAT,TRAIN,LADAKH,CRUISE_LOITER,5378.4,2213.3,73.9,89.44,89.39,89.11,89.5,782.62,782.07,780.91,782.45,4.38,88.79,9.89,3.0,41.57,0.768,14.04,3.34,LANE_A,20117.0,-22.1,88.7,1.0,0,450.0,-0.71,-3.26,-0.54,-2.65,3.35,-2.2,-0.36,-1.82,-0.47,20.29,-2.44,0.12,0.013,-0.06,0.7505,1
6.15,TRAIN_M03_LADAKH_FAULT01_OVERHEAT,TRAIN,LADAKH,CRUISE_LOITER,5375.2,2212.0,73.9,89.39,89.35,89.06,89.45,782.24,781.73,780.8,782.43,4.37,88.83,9.81,3.0,41.55,0.736,14.07,3.11,LANE_A,20118.0,-22.1,88.7,1.0,0,450.0,-0.71,-3.25,-0.54,-2.65,2.97,-2.54,-0.47,-1.84,-0.48,20.37,-2.51,0.11,-0.018,-0.03,0.752,1
6.2,TRAIN_M03_LADAKH_FAULT01_OVERHEAT,TRAIN,LADAKH,CRUISE_LOITER,5370.5,2210.1,73.9,89.34,89.3,89.01,89.41,782.46,781.52,781.0,782.44,4.4,88.78,9.85,3.0,41.4,0.758,14.08,3.19,LANE_A,20119.0,-22.1,88.7,1.0,0,450.0,-0.69,-3.23,-0.52,-2.62,3.19,-2.75,-0.27,-1.83,-0.44,20.37,-2.46,-0.04,0.004,-0.02,0.7514,1
6.25,TRAIN_M03_LADAKH_FAULT01_OVERHEAT,TRAIN,LADAKH,CRUISE_LOITER,5372.8,2211.0,74.0,89.3,89.26,88.97,89.36,782.44,781.66,781.36,782.17,4.33,88.82,9.84,3.0,41.29,0.709,14.07,3.24,LANE_A,20120.0,-22.1,88.7,1.0,0,450.0,-0.78,-3.32,-0.61,-2.72,3.24,-2.54,0.16,-2.03,-0.51,20.38,-2.48,-0.16,-0.045,-0.03,0.7526,1
6.3,TRAIN_M03_LADAKH_FAULT01_OVERHEAT,TRAIN,LADAKH,CRUISE_LOITER,5367.3,2208.8,74.0,89.25,89.22,88.92,89.31,782.53,781.49,781.41,782.17,4.37,88.82,9.83,3.0,41.43,0.796,14.06,3.32,LANE_A,20121.0,-22.1,88.7,1.0,0,450.0,-0.74,-3.27,-0.57,-2.68,3.33,-2.71,0.21,-2.03,-0.47,20.44,-2.48,-0.02,0.043,-0.04,0.753,1
6.35,TRAIN_M03_LADAKH_FAULT01_OVERHEAT,TRAIN,LADAKH,CRUISE_LOITER,5367.9,2209.0,74.0,89.21,89.17,88.88,89.27,782.27,781.39,781.62,781.91,4.4,88.81,9.8,3.0,41.51,0.759,14.07,3.02,LANE_A,20122.0,-22.1,88.7,1.0,0,450.0,-0.79,-3.33,-0.62,-2.73,3.07,-2.81,0.42,-2.29,-0.44,20.43,-2.51,0.06,0.006,-0.03,0.7526,1
6.4,TRAIN_M03_LADAKH_FAULT01_OVERHEAT,TRAIN,LADAKH,CRUISE_LOITER,5374.0,2211.5,74.0,89.16,89.13,88.84,89.23,781.81,781.6,781.78,782.26,4.39,88.85,9.81,3.0,41.47,0.751,14.05,3.46,LANE_A,20122.0,-22.1,88.7,1.0,0,450.0,-0.93,-3.46,-0.75,-2.86,2.61,-2.6,0.58,-1.94,-0.46,20.4,-2.51,0.02,-0.003,-0.05,0.7525,1
6.45,TRAIN_M03_LADAKH_FAULT01_OVERHEAT,TRAIN,LADAKH,CRUISE_LOITER,5377.7,2213.0,74.0,89.12,89.09,88.79,89.18,781.62,781.8,782.14,782.48,4.31,88.87,9.77,3.0,41.39,0.73,14.07,3.22,LANE_A,20123.0,-22.1,88.7,1.0,0,450.0,-1.03,-3.56,-0.86,-2.97,2.42,-2.4,0.94,-1.72,-0.54,20.37,-2.56,-0.05,-0.025,-0.03,0.7532,1
6.5,TRAIN_M03_LADAKH_FAULT01_OVERHEAT,TRAIN,LADAKH,CRUISE_LOITER,5367.7,2208.9,74.0,89.07,89.04,88.75,89.14,781.53,781.68,781.78,782.72,4.34,88.78,9.74,3.0,41.4,0.761,14.08,3.18,LANE_A,20124.0,-22.1,88.7,1.0,0,450.0,-0.93,-3.46,-0.75,-2.86,2.33,-2.52,0.58,-1.48,-0.5,20.4,-2.57,-0.04,0.008,-0.02,0.7531,1
6.55,TRAIN_M03_LADAKH_FAULT01_OVERHEAT,TRAIN,LADAKH,CRUISE_LOITER,5366.2,2208.3,74.0,89.03,88.99,88.71,89.09,781.3,781.89,782.16,782.59,4.37,88.7,9.67,3.0,41.53,0.777,14.07,3.52,LANE_A,20125.0,-22.1,88.7,1.0,0,450.0,-0.95,-3.49,-0.77,-2.89,2.1,-2.31,0.96,-1.61,-0.47,20.34,-2.63,0.09,0.024,-0.03,0.7519,1
6.6,TRAIN_M03_LADAKH_FAULT01_OVERHEAT,TRAIN,LADAKH,CRUISE_LOITER,5370.4,2210.1,74.0,88.98,88.94,88.66,89.04,781.85,782.07,782.41,782.63,4.35,88.87,9.7,3.0,41.5,0.82,14.09,3.09,LANE_A,20126.0,-22.1,88.7,1.0,0,450.0,-1.06,-3.6,-0.88,-3.0,2.65,-2.13,1.21,-1.57,-0.49,20.46,-2.61,0.06,0.066,-0.01,0.7542,1
6.65,TRAIN_M03_LADAKH_FAULT01_OVERHEAT,TRAIN,LADAKH,CRUISE_LOITER,5376.4,2212.5,74.0,88.93,88.9,88.62,88.99,782.27,782.19,782.25,782.58,4.36,88.97,9.68,3.0,41.54,0.856,14.03,3.02,LANE_A,20127.0,-22.1,88.7,1.0,0,450.0,-1.2,-3.73,-1.01,-3.14,3.07,-2.01,1.05,-1.62,-0.49,20.49,-2.64,0.1,0.101,-0.07,0.7551,1
6.7,TRAIN_M03_LADAKH_FAULT01_OVERHEAT,TRAIN,LADAKH,CRUISE_LOITER,5380.0,2214.0,74.0,88.89,88.86,88.58,88.94,782.08,782.31,782.44,782.53,4.37,89.06,9.66,3.0,41.53,0.809,14.05,3.22,LANE_A,20128.0,-22.1,88.6,1.0,0,450.0,-1.32,-3.85,-1.13,-3.27,2.88,-1.89,1.24,-1.67,-0.48,20.51,-2.67,0.09,0.054,-0.05,0.7554,1
6.75,TRAIN_M03_LADAKH_FAULT01_OVERHEAT,TRAIN,LADAKH,CRUISE_LOITER,5375.6,2212.2,74.1,88.85,88.82,88.54,88.9,781.78,782.12,782.28,782.64,4.32,89.1,9.73,3.0,41.57,0.738,14.07,3.16,LANE_A,20129.0,-22.1,88.6,1.0,0,450.0,-1.3,-3.83,-1.11,-3.25,2.66,-2.0,1.16,-1.48,-0.53,20.6,-2.59,0.13,-0.017,-0.03,0.7571,1
6.8,TRAIN_M03_LADAKH_FAULT01_OVERHEAT,TRAIN,LADAKH,CRUISE_LOITER,5378.5,2213.4,74.1,88.81,88.78,88.49,88.86,781.87,782.21,782.03,782.47,4.33,89.21,9.73,3.0,41.49,0.771,14.06,3.17,LANE_A,20129.0,-22.1,88.6,1.0,0,450.0,-1.38,-3.91,-1.2,-3.33,2.75,-1.91,0.91,-1.65,-0.52,20.68,-2.6,0.05,0.016,-0.04,0.7584,1
6.85,TRAIN_M03_LADAKH_FAULT01_OVERHEAT,TRAIN,LADAKH,CRUISE_LOITER,5374.0,2211.5,74.1,88.76,88.74,88.45,88.81,782.18,782.32,782.27,782.8,4.33,89.23,9.74,3.0,41.49,0.788,14.07,3.32,LANE_A,20130.0,-22.1,88.6,1.0,0,450.0,-1.37,-3.89,-1.18,-3.32,3.06,-1.8,1.15,-1.32,-0.51,20.75,-2.58,0.05,0.034,-0.03,0.7593,1
6.9,TRAIN_M03_LADAKH_FAULT01_OVERHEAT,TRAIN,LADAKH,CRUISE_LOITER,5381.4,2214.6,74.1,88.72,88.69,88.41,88.77,782.26,782.44,782.35,782.94,4.38,89.34,9.85,3.0,41.43,0.779,14.07,3.15,LANE_A,20131.0,-22.1,88.6,1.0,0,450.0,-1.52,-4.05,-1.33,-3.47,3.14,-1.68,1.23,-1.18,-0.47,20.77,-2.49,-0.01,0.024,-0.03,0.7592,1
6.95,TRAIN_M03_LADAKH_FAULT01_OVERHEAT,TRAIN,LADAKH,CRUISE_LOITER,5380.7,2214.3,74.1,88.68,88.65,88.37,88.73,782.67,782.44,782.18,782.97,4.34,89.34,9.82,3.0,41.49,0.687,14.08,3.2,LANE_A,20132.0,-22.1,88.6,1.0,0,450.0,-1.54,-4.07,-1.35,-3.49,3.55,-1.68,1.06,-1.15,-0.51,20.78,-2.51,0.05,-0.068,-0.02,0.7599,1
7.0,TRAIN_M03_LADAKH_FAULT01_OVERHEAT,TRAIN,LADAKH,CRUISE_LOITER,5389.2,2217.8,74.1,88.64,88.61,88.34,88.69,782.62,782.83,782.13,782.71,4.37,89.28,9.91,3.0,41.53,0.75,14.06,3.09,LANE_A,20133.0,-22.1,88.6,1.0,0,450.0,-1.71,-4.24,-1.51,-3.66,3.5,-1.29,1.01,-1.41,-0.48,20.62,-2.44,0.09,-0.007,-0.04,0.7571,1
7.05,TRAIN_M03_LADAKH_FAULT01_OVERHEAT,TRAIN,LADAKH,CRUISE_LOITER,5388.5,2217.5,74.1,88.6,88.57,88.3,88.66,782.3,782.67,781.9,782.81,4.35,89.21,9.98,3.0,41.48,0.708,14.04,3.24,LANE_A,20134.0,-22.1,88.6,1.0,0,450.0,-1.74,-4.27,-1.54,-3.68,3.18,-1.45,0.78,-1.31,-0.5,20.56,-2.37,0.04,-0.049,-0.06,0.7563,1
7.1,TRAIN_M03_LADAKH_FAULT01_OVERHEAT,TRAIN,LADAKH,CRUISE_LOITER,5387.8,2217.2,74.1,88.56,88.52,88.27,88.62,781.96,782.91,781.75,782.73,4.37,89.27,9.8,3.0,41.53,0.766,14.03,3.25,LANE_A,20134.0,-22.1,88.6,1.0,0,450.0,-1.77,-4.31,-1.56,-3.71,2.84,-1.21,0.63,-1.39,-0.48,20.63,-2.55,0.09,0.01,-0.07,0.7576,1
7.15,TRAIN_M03_LADAKH_FAULT01_OVERHEAT,TRAIN,LADAKH,CRUISE_LOITER,5387.9,2217.2,74.1,88.51,88.49,88.23,88.58,782.07,782.78,781.91,783.31,4.34,89.18,9.84,3.0,41.5,0.754,14.06,2.91,LANE_A,20135.0,-22.1,88.6,1.0,0,450.0,-1.82,-4.34,-1.6,-3.75,2.95,-1.34,0.79,-0.81,-0.51,20.54,-2.51,0.07,-0.002,-0.04,0.7564,1
7.2,TRAIN_M03_LADAKH_FAULT01_OVERHEAT,TRAIN,LADAKH,CRUISE_LOITER,5384.3,2215.8,74.1,88.48,88.45,88.2,88.54,781.93,782.75,782.19,783.0,4.33,89.34,9.81,3.0,41.39,0.738,14.06,3.49,LANE_A,20136.0,-22.1,88.6,1.0,0,450.0,-1.8,-4.33,-1.58,-3.74,2.81,-1.37,1.07,-1.12,-0.52,20.74,-2.53,-0.04,-0.018,-0.04,0.7597,1
7.25,TRAIN_M03_LADAKH_FAULT01_OVERHEAT,TRAIN,LADAKH,CRUISE_LOITER,5377.9,2213.1,74.2,88.44,88.42,88.16,88.5,781.87,782.68,782.37,783.05,4.37,89.25,9.78,3.0,41.46,0.779,14.07,3.2,LANE_A,20137.0,-22.1,88.6,1.0,0,450.0,-1.75,-4.27,-1.53,-3.69,2.82,-1.37,1.32,-1.0,-0.48,20.72,-2.55,0.02,0.024,-0.03,0.7589,1
7.3,TRAIN_M03_LADAKH_FAULT01_OVERHEAT,TRAIN,LADAKH,CRUISE_LOITER,5371.8,2210.6,74.2,88.4,88.37,88.12,88.46,781.74,782.68,782.54,782.88,4.37,89.04,9.67,3.0,41.38,0.744,14.03,3.16,LANE_A,20138.0,-22.1,88.5,1.0,0,450.0,-1.72,-4.25,-1.5,-3.66,2.69,-1.37,1.49,-1.17,-0.47,20.56,-2.64,-0.06,-0.01,-0.07,0.7565,1
7.35,TRAIN_M03_LADAKH_FAULT01_OVERHEAT,TRAIN,LADAKH,CRUISE_LOITER,5378.2,2213.3,74.2,88.36,88.34,88.08,88.41,781.84,782.65,782.69,782.57,4.36,89.0,9.83,3.0,41.49,0.72,14.06,2.87,LANE_A,20139.0,-22.1,88.5,1.0,0,450.0,-1.86,-4.38,-1.64,-3.81,2.79,-1.4,1.64,-1.48,-0.49,20.44,-2.5,0.06,-0.035,-0.04,0.7547,1
7.4,TRAIN_M03_LADAKH_FAULT01_OVERHEAT,TRAIN,LADAKH,CRUISE_LOITER,5372.2,2210.8,74.2,88.32,88.3,88.04,88.38,781.8,782.55,782.4,782.83,4.37,88.97,9.84,3.0,41.48,0.734,14.04,3.05,LANE_A,20140.0,-22.1,88.5,1.0,0,450.0,-1.81,-4.33,-1.59,-3.75,2.75,-1.5,1.35,-1.22,-0.47,20.49,-2.47,0.05,-0.02,-0.06,0.7551,1
7.45,TRAIN_M03_LADAKH_FAULT01_OVERHEAT,TRAIN,LADAKH,CRUISE_LOITER,5377.6,2213.0,74.2,88.29,88.26,88.0,88.33,782.0,782.75,783.0,782.77,4.33,88.82,9.74,3.0,41.45,0.797,14.07,3.24,LANE_A,20140.0,-22.1,88.5,1.0,0,450.0,-1.92,-4.45,-1.71,-3.88,2.95,-1.3,1.95,-1.28,-0.52,20.27,-2.59,0.02,0.042,-0.03,0.7526,1
7.5,TRAIN_M03_LADAKH_FAULT01_OVERHEAT,TRAIN,LADAKH,CRUISE_LOITER,5381.4,2214.6,74.2,88.25,88.22,87.96,88.29,781.92,782.39,782.85,782.24,4.37,88.96,9.8,3.0,41.42,0.773,14.07,3.09,LANE_A,20141.0,-22.1,88.5,1.0,0,450.0,-2.02,-4.55,-1.81,-3.98,2.87,-1.66,1.8,-1.81,-0.48,20.37,-2.53,-0.01,0.018,-0.03,0.7538,1
7.55,TRAIN_M03_LADAKH_FAULT01_OVERHEAT,TRAIN,LADAKH,CRUISE_LOITER,5383.6,2215.5,74.2,88.21,88.18,87.92,88.26,782.05,782.16,782.83,781.95,4.36,89.11,9.72,3.0,41.48,0.742,14.06,3.18,LANE_A,20142.0,-22.1,88.5,1.0,0,450.0,-2.09,-4.62,-1.88,-4.04,3.0,-1.89,1.78,-2.1,-0.49,20.49,-2.62,0.05,-0.014,-0.04,0.7561,1
7.6,TRAIN_M03_LADAKH_FAULT01_OVERHEAT,TRAIN,LADAKH,CRUISE_LOITER,5383.8,2215.6,74.2,88.18,88.14,87.89,88.22,782.3,782.34,782.37,781.98,4.38,88.95,9.85,3.0,41.55,0.715,14.08,3.27,LANE_A,20143.0,-22.1,88.5,1.0,0,450.0,-2.12,-4.66,-1.91,-4.08,3.25,-1.71,1.32,-2.07,-0.47,20.33,-2.49,0.12,-0.041,-0.02,0.7531,1
7.65,TRAIN_M03_LADAKH_FAULT01_OVERHEAT,TRAIN,LADAKH,CRUISE_LOITER,5381.6,2214.6,74.2,88.14,88.11,87.85,88.19,782.41,782.13,782.41,782.24,4.35,88.92,9.83,3.0,41.51,0.749,14.05,3.11,LANE_A,20144.0,-22.1,88.5,1.0,0,450.0,-2.13,-4.66,-1.92,-4.08,3.36,-1.92,1.36,-1.81,-0.5,20.33,-2.5,0.08,-0.006,-0.05,0.7535,1
7.7,TRAIN_M03_LADAKH_FAULT01_OVERHEAT,TRAIN,LADAKH,CRUISE_LOITER,5380.7,2214.3,74.2,88.1,88.07,87.82,88.15,782.26,782.04,782.28,782.5,4.38,88.99,9.95,3.0,41.55,0.687,14.08,3.06,LANE_A,20144.0,-22.1,88.5,1.0,0,450.0,-2.15,-4.68,-1.93,-4.1,3.21,-2.01,1.23,-1.55,-0.47,20.41,-2.38,0.12,-0.068,-0.02,0.7542,1
7.75,TRAIN_M03_LADAKH_FAULT01_OVERHEAT,TRAIN,LADAKH,CRUISE_LOITER,5377.4,2212.9,74.2,88.07,88.04,87.78,88.11,782.08,781.96,782.27,782.5,4.34,89.2,9.87,3.0,41.63,0.733,14.06,3.3,LANE_A,20145.0,-22.1,88.5,1.0,0,450.0,-2.13,-4.66,-1.92,-4.09,3.03,-2.09,1.22,-1.55,-0.51,20.66,-2.45,0.2,-0.022,-0.04,0.7587,1
7.8,TRAIN_M03_LADAKH_FAULT01_OVERHEAT,TRAIN,LADAKH,CRUISE_LOITER,5386.0,2216.4,74.3,88.04,88.0,87.75,88.07,782.06,781.94,782.24,782.47,4.32,89.16,9.87,3.0,41.58,0.835,14.08,3.11,LANE_A,20146.0,-22.1,88.5,1.0,0,450.0,-2.3,-4.84,-2.09,-4.27,3.09,-2.03,1.27,-1.5,-0.53,20.51,-2.48,0.15,0.079,-0.02,0.757,1
7.85,TRAIN_M03_LADAKH_FAULT01_OVERHEAT,TRAIN,LADAKH,CRUISE_LOITER,5392.8,2219.2,74.3,88.0,87.97,87.72,88.04,781.75,781.79,781.94,782.33,4.36,89.23,9.96,3.0,41.45,0.738,14.06,3.06,LANE_A,20147.0,-22.1,88.5,1.0,0,450.0,-2.44,-4.97,-2.22,-4.4,2.78,-2.18,0.97,-1.64,-0.49,20.5,-2.4,0.02,-0.019,-0.04,0.7564,1
7.9,TRAIN_M03_LADAKH_FAULT01_OVERHEAT,TRAIN,LADAKH,CRUISE_LOITER,5395.8,2220.5,74.3,87.97,87.94,87.68,88.01,781.61,782.06,781.71,782.14,4.4,89.31,9.97,3.0,41.53,0.69,14.07,3.41,LANE_A,20148.0,-22.1,88.5,1.0,0,450.0,-2.52,-5.05,-2.31,-4.48,2.64,-1.91,0.74,-1.83,-0.45,20.54,-2.4,0.1,-0.068,-0.03,0.7568,1
7.95,TRAIN_M03_LADAKH_FAULT01_OVERHEAT,TRAIN,LADAKH,CRUISE_LOITER,5400.5,2222.4,74.3,87.94,87.91,87.66,87.97,781.67,782.12,782.06,781.95,4.38,89.35,10.03,3.0,41.48,0.746,14.07,3.09,LANE_A,20148.0,-22.1,88.4,1.0,0,450.0,-2.65,-5.18,-2.43,-4.62,2.7,-1.85,1.09,-2.02,-0.47,20.5,-2.35,0.05,-0.012,-0.03,0.7564,1
8.0,TRAIN_M03_LADAKH_FAULT01_OVERHEAT,TRAIN,LADAKH,CRUISE_LOITER,5393.6,2219.6,74.3,87.91,87.88,87.63,87.95,781.66,782.32,782.5,781.85,4.35,89.35,10.0,3.0,41.53,0.779,14.08,3.35,LANE_A,20149.0,-22.1,88.4,1.0,0,450.0,-2.57,-5.1,-2.35,-4.53,2.69,-1.65,1.53,-2.12,-0.5,20.59,-2.36,0.1,0.022,-0.02,0.758,1
8.05,TRAIN_M03_LADAKH_FAULT01_OVERHEAT,TRAIN,LADAKH,CRUISE_LOITER,5396.3,2220.7,74.3,87.87,87.86,87.6,87.92,781.41,782.14,782.5,781.95,4.38,89.54,10.02,3.0,41.53,0.755,14.06,3.26,LANE_A,20150.0,-22.1,88.4,1.0,0,450.0,-2.65,-5.16,-2.42,-4.6,2.44,-1.83,1.53,-2.02,-0.47,20.74,-2.35,0.1,-0.003,-0.04,0.7602,1
8.1,TRAIN_M03_LADAKH_FAULT01_OVERHEAT,TRAIN,LADAKH,CRUISE_LOITER,5398.6,2221.6,74.3,87.84,87.83,87.58,87.89,781.55,782.08,782.53,781.85,4.35,89.56,9.96,3.0,41.51,0.816,14.08,3.23,LANE_A,20151.0,-22.1,88.4,1.0,0,450.0,-2.72,-5.23,-2.48,-4.67,2.58,-1.89,1.56,-2.12,-0.5,20.74,-2.41,0.09,0.058,-0.02,0.7608,1
8.15,TRAIN_M03_LADAKH_FAULT01_OVERHEAT,TRAIN,LADAKH,CRUISE_LOITER,5404.6,2224.1,74.3,87.81,87.81,87.55,87.86,781.98,782.06,782.13,781.8,4.38,89.76,10.04,3.0,41.46,0.768,14.05,3.17,LANE_A,20152.0,-22.2,88.4,1.0,0,450.0,-2.74,-5.24,-2.5,-4.69,3.02,-1.9,1.17,-2.16,-0.47,20.96,-2.35,0.04,0.009,-0.05,0.7638,1
8.2,TRAIN_M03_LADAKH_FAULT01_OVERHEAT,TRAIN,LADAKH,CRUISE_LOITER,5405.2,2224.3,74.3,87.79,87.78,87.53,87.83,781.96,782.23,782.06,781.9,4.36,89.87,9.98,3.0,41.53,0.725,14.04,3.28,LANE_A,20152.0,-22.2,88.4,1.0,0,450.0,-2.77,-5.28,-2.53,-4.73,3.0,-1.73,1.1,-2.06,-0.49,21.06,-2.41,0.11,-0.034,-0.06,0.7657,1
8.25,TRAIN_M03_LADAKH_FAULT01_OVERHEAT,TRAIN,LADAKH,CRUISE_LOITER,5404.3,2224.0,74.3,87.76,87.75,87.5,87.79,782.32,782.26,782.03,781.22,4.35,90.1,9.93,3.0,41.49,0.7,14.04,2.96,LANE_A,20153.0,-22.2,88.4,1.0,0,450.0,-2.79,-5.3,-2.55,-4.76,3.36,-1.7,1.07,-2.74,-0.5,21.3,-2.46,0.07,-0.059,-0.06,0.7697,1
8.3,TRAIN_M03_LADAKH_FAULT01_OVERHEAT,TRAIN,LADAKH,CRUISE_LOITER,5400.0,2222.2,74.3,87.73,87.72,87.47,87.76,782.05,782.17,782.0,781.33,4.27,90.19,9.87,3.0,41.42,0.749,14.05,3.14,LANE_A,20154.0,-22.2,88.4,1.0,0,450.0,-2.75,-5.26,-2.51,-4.72,3.09,-1.79,1.04,-2.63,-0.58,21.45,-2.51,0.0,-0.009,-0.05,0.7727,1
8.35,TRAIN_M03_LADAKH_FAULT01_OVERHEAT,TRAIN,LADAKH,CRUISE_LOITER,5401.3,2222.8,74.3,87.71,87.69,87.44,87.73,782.11,782.24,782.04,781.42,4.36,90.22,9.83,3.0,41.41,0.721,14.05,3.33,LANE_A,20155.0,-22.2,88.4,1.0,0,450.0,-2.79,-5.31,-2.56,-4.77,3.15,-1.72,1.08,-2.54,-0.49,21.46,-2.55,-0.01,-0.037,-0.05,0.7721,1
8.4,TRAIN_M03_LADAKH_FAULT01_OVERHEAT,TRAIN,LADAKH,CRUISE_LOITER,5398.4,2221.6,74.3,87.67,87.65,87.4,87.69,782.22,781.97,782.11,781.4,4.34,90.34,9.79,3.0,41.46,0.714,14.06,3.32,LANE_A,20156.0,-22.2,88.4,1.0,0,450.0,-2.78,-5.3,-2.55,-4.76,3.26,-1.99,1.15,-2.56,-0.51,21.62,-2.58,0.04,-0.044,-0.04,0.7747,1
8.45,TRAIN_M03_LADAKH_FAULT01_OVERHEAT,TRAIN,LADAKH,CRUISE_LOITER,5402.5,2223.3,74.3,87.64,87.62,87.37,87.66,781.97,782.13,781.65,781.97,4.36,90.29,9.75,3.0,41.46,0.746,14.04,3.62,LANE_A,20156.0,-22.2,88.4,1.0,0,450.0,-2.88,-5.4,-2.65,-4.86,3.01,-1.83,0.69,-1.99,-0.49,21.52,-2.63,0.04,-0.013,-0.06,0.7733,1
8.5,TRAIN_M03_LADAKH_FAULT01_OVERHEAT,TRAIN,LADAKH,CRUISE_LOITER,5404.7,2224.1,74.4,87.61,87.59,87.34,87.63,782.1,782.04,781.51,781.87,4.38,90.4,9.86,3.0,41.62,0.678,14.05,3.42,LANE_A,20157.0,-22.2,88.3,1.0,0,450.0,-2.98,-5.5,-2.75,-4.96,3.22,-1.84,0.63,-2.01,-0.47,21.57,-2.53,0.2,-0.081,-0.05,0.7739,1
8.55,TRAIN_M03_LADAKH_FAULT01_OVERHEAT,TRAIN,LADAKH,CRUISE_LOITER,5396.7,2220.8,74.4,87.57,87.56,87.31,87.59,782.24,782.51,781.52,782.33,4.34,90.38,9.86,3.0,41.53,0.777,14.08,3.07,LANE_A,20158.0,-22.2,88.3,1.0,0,450.0,-2.9,-5.41,-2.66,-4.88,3.36,-1.37,0.64,-1.55,-0.51,21.65,-2.51,0.11,0.019,-0.02,0.7752,1
8.6,TRAIN_M03_LADAKH_FAULT01_OVERHEAT,TRAIN,LADAKH,CRUISE_LOITER,5395.7,2220.5,74.4,87.54,87.53,87.29,87.56,782.21,782.77,781.49,782.08,4.33,90.32,9.88,3.0,41.61,0.773,14.05,3.15,LANE_A,20159.0,-22.2,88.3,1.0,0,450.0,-2.91,-5.42,-2.66,-4.89,3.33,-1.11,0.61,-1.8,-0.52,21.6,-2.49,0.19,0.015,-0.05,0.7745,1
8.65,TRAIN_M03_LADAKH_FAULT01_OVERHEAT,TRAIN,LADAKH,CRUISE_LOITER,5393.4,2219.5,74.4,87.52,87.5,87.26,87.52,782.01,782.44,781.31,782.17,4.28,90.41,9.91,3.0,41.43,0.659,14.07,3.22,LANE_A,20160.0,-22.2,88.3,1.0,0,450.0,-2.89,-5.41,-2.65,-4.89,3.13,-1.44,0.43,-1.71,-0.57,21.72,-2.45,0.01,-0.098,-0.03,0.7768,1
8.7,TRAIN_M03_LADAKH_FAULT01_OVERHEAT,TRAIN,LADAKH,CRUISE_LOITER,5392.6,2219.2,74.4,87.49,87.47,87.23,87.5,782.14,782.63,781.25,782.3,4.31,90.5,10.01,3.0,41.43,0.782,14.07,3.4,LANE_A,20160.0,-22.2,88.3,1.0,0,450.0,-2.91,-5.43,-2.67,-4.9,3.26,-1.25,0.37,-1.58,-0.54,21.82,-2.35,0.01,0.025,-0.03,0.7777,1
8.75,TRAIN_M03_LADAKH_FAULT01_OVERHEAT,TRAIN,LADAKH,CRUISE_LOITER,5392.0,2218.9,74.4,87.46,87.44,87.21,87.47,781.79,782.67,781.43,782.33,4.34,90.44,9.94,3.0,41.39,0.752,14.05,3.14,LANE_A,20161.0,-22.2,88.3,1.0,0,450.0,-2.93,-5.45,-2.68,-4.92,2.91,-1.21,0.55,-1.55,-0.51,21.77,-2.42,-0.03,-0.005,-0.05,0.7768,1
8.8,TRAIN_M03_LADAKH_FAULT01_OVERHEAT,TRAIN,LADAKH,CRUISE_LOITER,5409.0,2225.9,74.4,87.44,87.41,87.19,87.45,781.9,783.03,781.2,782.12,4.31,90.51,9.95,3.0,41.36,0.808,14.05,3.06,LANE_A,20162.0,-22.2,88.3,1.0,0,450.0,-3.21,-5.74,-2.96,-5.2,3.02,-0.85,0.32,-1.76,-0.54,21.63,-2.45,-0.05,0.048,-0.05,0.7757,1
8.85,TRAIN_M03_LADAKH_FAULT01_OVERHEAT,TRAIN,LADAKH,CRUISE_LOITER,5410.2,2226.4,74.4,87.41,87.39,87.16,87.42,781.78,782.91,781.17,782.09,4.33,90.53,9.9,3.0,41.35,0.819,14.08,3.16,LANE_A,20163.0,-22.2,88.3,1.0,0,450.0,-3.26,-5.78,-3.01,-5.25,2.9,-0.97,0.29,-1.79,-0.53,21.64,-2.5,-0.06,0.059,-0.02,0.7759,1
8.9,TRAIN_M03_LADAKH_FAULT01_OVERHEAT,TRAIN,LADAKH,CRUISE_LOITER,5404.3,2224.0,74.4,87.38,87.36,87.14,87.38,781.69,782.78,780.83,782.03,4.36,90.37,9.91,3.0,41.46,0.723,14.08,3.05,LANE_A,20163.0,-22.2,88.3,1.0,0,450.0,-3.2,-5.72,-2.94,-5.2,2.81,-1.1,-0.05,-1.85,-0.49,21.55,-2.48,0.05,-0.036,-0.02,0.774,1
8.95,TRAIN_M03_LADAKH_FAULT01_OVERHEAT,TRAIN,LADAKH,CRUISE_LOITER,5407.8,2225.4,74.4,87.36,87.33,87.12,87.36,781.28,782.8,780.81,781.82,4.33,90.32,9.93,3.0,41.49,0.766,14.08,3.16,LANE_A,20164.0,-22.2,88.3,1.0,0,450.0,-3.27,-5.8,-3.01,-5.27,2.4,-1.08,-0.07,-2.06,-0.52,21.46,-2.46,0.08,0.007,-0.02,0.7731,1
9.0,TRAIN_M03_LADAKH_FAULT01_OVERHEAT,TRAIN,LADAKH,CRUISE_LOITER,5405.5,2224.5,74.4,87.33,87.3,87.09,87.33,781.85,782.47,781.15,782.11,4.35,90.23,9.99,3.0,41.44,0.705,14.07,3.33,LANE_A,20165.0,-22.2,88.3,1.0,0,450.0,-3.26,-5.79,-3.0,-5.26,2.97,-1.41,0.27,-1.77,-0.5,21.4,-2.4,0.03,-0.054,-0.03,0.7719,1
9.05,TRAIN_M03_LADAKH_FAULT01_OVERHEAT,TRAIN,LADAKH,CRUISE_LOITER,5400.8,2222.6,74.4,87.3,87.27,87.07,87.31,782.08,782.61,781.14,781.85,4.36,90.35,9.96,3.0,41.5,0.732,14.03,3.07,LANE_A,20166.0,-22.2,88.3,1.0,0,450.0,-3.22,-5.75,-2.95,-5.21,3.2,-1.27,0.26,-2.03,-0.49,21.57,-2.42,0.09,-0.026,-0.07,0.7743,1
9.1,TRAIN_M03_LADAKH_FAULT01_OVERHEAT,TRAIN,LADAKH,CRUISE_LOITER,5403.1,2223.5,74.4,87.27,87.25,87.04,87.28,781.77,782.4,780.97,781.59,4.29,90.38,9.88,3.0,41.48,0.72,14.09,3.29,LANE_A,20166.0,-22.2,88.2,1.0,0,450.0,-3.31,-5.83,-3.04,-5.3,2.89,-1.48,0.09,-2.29,-0.56,21.55,-2.5,0.07,-0.039,-0.01,0.775,1
9.15,TRAIN_M03_LADAKH_FAULT01_OVERHEAT,TRAIN,LADAKH,CRUISE_LOITER,5401.0,2222.7,74.4,87.24,87.22,87.02,87.25,781.39,782.13,781.22,781.42,4.33,90.25,9.85,3.0,41.54,0.763,14.08,3.44,LANE_A,20167.0,-22.2,88.2,1.0,0,450.0,-3.31,-5.83,-3.03,-5.3,2.51,-1.75,0.34,-2.46,-0.52,21.45,-2.53,0.13,0.005,-0.02,0.7731,1
9.2,TRAIN_M03_LADAKH_FAULT01_OVERHEAT,TRAIN,LADAKH,CRUISE_LOITER,5391.8,2218.8,74.4,87.22,87.18,86.98,87.22,781.28,781.68,781.64,781.28,4.32,90.38,9.83,3.0,41.54,0.702,14.05,3.09,LANE_A,20168.0,-22.2,88.2,1.0,0,450.0,-3.19,-5.73,-2.93,-5.19,2.4,-2.2,0.76,-2.6,-0.53,21.69,-2.53,0.13,-0.055,-0.05,0.7766,1
9.25,TRAIN_M03_LADAKH_FAULT01_OVERHEAT,TRAIN,LADAKH,CRUISE_LOITER,5398.1,2221.4,74.4,87.19,87.15,86.95,87.19,781.44,781.12,781.78,781.13,4.33,90.46,9.8,3.0,41.52,0.743,14.05,3.18,LANE_A,20169.0,-22.2,88.2,1.0,0,450.0,-3.32,-5.86,-3.06,-5.32,2.56,-2.76,0.9,-2.75,-0.52,21.69,-2.57,0.12,-0.015,-0.05,0.7768,1
9.3,TRAIN_M03_LADAKH_FAULT01_OVERHEAT,TRAIN,LADAKH,CRUISE_LOITER,5395.1,2220.2,74.4,87.16,87.12,86.93,87.16,781.34,781.0,782.0,781.17,4.32,90.49,9.77,3.0,41.48,0.721,14.05,3.01,LANE_A,20169.0,-22.2,88.2,1.0,0,450.0,-3.3,-5.84,-3.03,-5.3,2.46,-2.88,1.12,-2.71,-0.53,21.76,-2.59,0.08,-0.036,-0.05,0.7779,1
9.35,TRAIN_M03_LADAKH_FAULT01_OVERHEAT,TRAIN,LADAKH,CRUISE_LOITER,5397.5,2221.2,74.4,87.13,87.09,86.9,87.14,781.59,781.11,781.95,781.27,4.31,90.5,9.74,3.0,41.43,0.697,14.04,3.11,LANE_A,20170.0,-22.2,88.2,1.0,0,450.0,-3.37,-5.91,-3.1,-5.36,2.71,-2.77,1.07,-2.61,-0.54,21.74,-2.63,0.03,-0.061,-0.06,0.778,1
9.4,TRAIN_M03_LADAKH_FAULT01_OVERHEAT,TRAIN,LADAKH,CRUISE_LOITER,5390.6,2218.4,74.4,87.1,87.06,86.87,87.11,780.94,781.25,782.08,781.29,4.31,90.49,9.83,3.0,41.47,0.728,14.08,3.05,LANE_A,20171.0,-22.2,88.2,1.0,0,450.0,-3.29,-5.83,-3.02,-5.28,2.06,-2.63,1.2,-2.59,-0.54,21.82,-2.52,0.07,-0.029,-0.02,0.7787,1
9.45,TRAIN_M03_LADAKH_FAULT01_OVERHEAT,TRAIN,LADAKH,CRUISE_LOITER,5390.8,2218.4,74.4,87.07,87.05,86.85,87.08,781.19,781.43,781.9,781.11,4.33,90.5,9.9,3.0,41.54,0.768,14.06,3.14,LANE_A,20172.0,-22.2,88.2,1.0,0,450.0,-3.33,-5.85,-3.05,-5.32,2.31,-2.45,1.02,-2.77,-0.52,21.82,-2.45,0.14,0.011,-0.04,0.7784,1
9.5,TRAIN_M03_LADAKH_FAULT01_OVERHEAT,TRAIN,LADAKH,CRUISE_LOITER,5393.4,2219.5,74.5,87.05,87.02,86.83,87.06,780.99,781.64,782.12,781.31,4.36,90.6,9.97,3.0,41.52,0.673,14.07,3.14,LANE_A,20172.0,-22.2,88.2,1.0,0,450.0,-3.39,-5.92,-3.11,-5.38,2.19,-2.16,1.32,-2.49,-0.49,21.88,-2.39,0.11,-0.084,-0.03,0.7791,1
9.55,TRAIN_M03_LADAKH_FAULT01_OVERHEAT,TRAIN,LADAKH,CRUISE_LOITER,5394.4,2219.9,74.5,87.03,87.0,86.8,87.03,781.16,781.57,781.77,781.51,4.37,90.55,9.98,3.0,41.64,0.694,14.05,3.22,LANE_A,20173.0,-22.2,88.2,1.0,0,450.0,-3.43,-5.96,-3.16,-5.43,2.36,-2.23,0.97,-2.29,-0.48,21.82,-2.38,0.23,-0.063,-0.05,0.7782,1
9.6,TRAIN_M03_LADAKH_FAULT01_OVERHEAT,TRAIN,LADAKH,CRUISE_LOITER,5396.2,2220.7,74.5,87.01,86.96,86.78,87.01,781.22,781.97,781.67,781.71,4.29,90.53,9.91,3.0,41.54,0.756,14.07,3.18,LANE_A,20174.0,-22.2,88.2,1.0,0,450.0,-3.48,-6.03,-3.21,-5.48,2.42,-1.83,0.87,-2.09,-0.56,21.78,-2.46,0.14,-0.002,-0.03,0.7786,1
9.65,TRAIN_M03_LADAKH_FAULT01_OVERHEAT,TRAIN,LADAKH,CRUISE_LOITER,5402.7,2223.4,74.5,86.98,86.94,86.75,86.97,781.36,781.65,781.49,781.95,4.26,90.61,9.83,3.0,41.62,0.794,14.09,3.19,LANE_A,20174.0,-22.2,88.1,1.0,0,450.0,-3.63,-6.17,-3.36,-5.64,2.56,-2.15,0.69,-1.85,-0.59,21.76,-2.55,0.22,0.035,-0.01,0.7791,1
9.7,TRAIN_M03_LADAKH_FAULT01_OVERHEAT,TRAIN,LADAKH,CRUISE_LOITER,5396.5,2220.8,74.5,86.95,86.92,86.73,86.95,781.61,781.54,781.95,781.96,4.32,90.51,9.88,3.0,41.4,0.714,14.04,3.05,LANE_A,20175.0,-22.2,88.1,1.0,0,450.0,-3.57,-6.1,-3.29,-5.57,2.81,-2.26,1.15,-1.84,-0.53,21.74,-2.49,0.0,-0.044,-0.06,0.778,1
9.75,TRAIN_M03_LADAKH_FAULT01_OVERHEAT,TRAIN,LADAKH,CRUISE_LOITER,5391.8,2218.9,74.5,86.93,86.89,86.7,86.92,781.58,781.81,782.03,781.81,4.31,90.59,9.87,3.0,41.34,0.706,14.07,3.31,LANE_A,20176.0,-22.2,88.1,1.0,0,450.0,-3.51,-6.05,-3.24,-5.52,2.78,-1.99,1.23,-1.99,-0.54,21.87,-2.48,-0.06,-0.051,-0.03,0.7798,1
9.8,TRAIN_M03_LADAKH_FAULT01_OVERHEAT,TRAIN,LADAKH,CRUISE_LOITER,5391.7,2218.8,74.5,86.9,86.87,86.68,86.89,781.67,781.78,781.99,781.76,4.34,90.44,9.75,3.0,41.33,0.777,14.06,3.45,LANE_A,20177.0,-22.2,88.1,1.0,0,450.0,-3.54,-6.07,-3.26,-5.55,2.87,-2.02,1.19,-2.04,-0.51,21.73,-2.6,-0.07,0.02,-0.04,0.7777,1
9.85,TRAIN_M03_LADAKH_FAULT01_OVERHEAT,TRAIN,LADAKH,CRUISE_LOITER,5391.9,2218.9,74.5,86.88,86.84,86.66,86.87,781.73,781.71,782.23,781.78,4.33,90.36,9.82,3.0,41.25,0.733,14.06,3.24,LANE_A,20177.0,-22.2,88.1,1.0,0,450.0,-3.57,-6.11,-3.29,-5.58,2.93,-2.09,1.43,-2.02,-0.52,21.64,-2.53,-0.15,-0.024,-0.04,0.7765,1
9.9,TRAIN_M03_LADAKH_FAULT01_OVERHEAT,TRAIN,LADAKH,CRUISE_LOITER,5386.4,2216.6,74.5,86.85,86.82,86.64,86.84,781.92,781.63,782.3,781.57,4.33,90.51,9.85,3.0,41.34,0.681,14.06,3.1,LANE_A,20178.0,-22.2,88.1,1.0,0,450.0,-3.51,-6.04,-3.22,-5.52,3.12,-2.17,1.5,-2.23,-0.52,21.86,-2.49,-0.06,-0.075,-0.04,0.7795,1
9.95,TRAIN_M03_LADAKH_FAULT01_OVERHEAT,TRAIN,LADAKH,CRUISE_LOITER,5387.8,2217.2,74.5,86.82,86.79,86.62,86.81,781.7,781.49,782.57,781.79,4.29,90.43,9.8,3.0,41.31,0.758,14.04,3.23,LANE_A,20179.0,-22.2,88.1,1.0,0,450.0,-3.56,-6.09,-3.26,-5.57,2.9,-2.31,1.77,-2.01,-0.56,21.76,-2.54,-0.09,0.002,-0.06,0.7786,1
10.0,TRAIN_M03_LADAKH_FAULT01_OVERHEAT,TRAIN,LADAKH,CRUISE_LOITER,5383.9,2215.6,74.5,86.79,86.77,86.59,86.79,781.68,781.5,782.67,781.73,4.27,90.49,9.8,3.0,41.48,0.74,14.07,3.05,LANE_A,20179.0,-22.2,88.1,1.0,0,450.0,-3.53,-6.05,-3.23,-5.53,2.88,-2.3,1.87,-2.07,-0.58,21.87,-2.54,0.08,-0.016,-0.03,0.7803,1
10.05,TRAIN_M03_LADAKH_FAULT01_OVERHEAT,TRAIN,LADAKH,CRUISE_LOITER,5391.1,2218.5,74.5,86.77,86.74,86.57,86.76,781.7,781.73,782.34,781.61,4.31,90.48,9.78,3.0,41.57,0.735,14.05,2.91,LANE_A,20180.0,-22.2,88.1,1.0,0,450.0,-3.66,-6.19,-3.36,-5.67,2.9,-2.07,1.54,-2.19,-0.54,21.77,-2.57,0.17,-0.022,-0.05,0.7788,1
10.1,TRAIN_M03_LADAKH_FAULT01_OVERHEAT,TRAIN,LADAKH,CRUISE_LOITER,5393.0,2219.4,74.5,86.74,86.71,86.54,86.74,781.67,781.23,782.15,781.55,4.33,90.63,9.79,3.0,41.39,0.744,14.07,3.3,LANE_A,20181.0,-22.2,88.1,1.0,0,450.0,-3.72,-6.25,-3.42,-5.72,2.87,-2.57,1.35,-2.25,-0.52,21.9,-2.56,0.0,-0.013,-0.03,0.7805,1
10.15,TRAIN_M03_LADAKH_FAULT01_OVERHEAT,TRAIN,LADAKH,CRUISE_LOITER,5398.8,2221.7,74.5,86.72,86.69,86.52,86.71,781.6,781.05,781.6,781.86,4.33,90.75,9.79,3.0,41.51,0.755,14.05,3.24,LANE_A,20181.0,-22.2,88.1,1.0,0,450.0,-3.83,-6.36,-3.53,-5.84,2.8,-2.75,0.8,-1.94,-0.52,21.95,-2.58,0.12,-0.003,-0.05,0.7815,1
10.2,TRAIN_M03_LADAKH_FAULT01_OVERHEAT,TRAIN,LADAKH,CRUISE_LOITER,5397.1,2221.0,74.5,86.69,86.67,86.5,86.68,781.67,781.31,781.72,781.71,4.29,90.61,9.77,3.0,41.38,0.837,14.06,2.98,LANE_A,20182.0,-22.2,88.0,1.0,0,450.0,-3.86,-6.38,-3.55,-5.87,2.87,-2.49,0.92,-2.09,-0.56,21.81,-2.59,-0.01,0.079,-0.04,0.7801,1
10.25,TRAIN_M03_LADAKH_FAULT01_OVERHEAT,TRAIN,LADAKH,CRUISE_LOITER,5396.8,2220.9,74.5,86.66,86.64,86.48,86.65,781.7,781.35,781.96,781.78,4.33,90.51,9.73,3.0,41.38,0.773,14.07,3.09,LANE_A,20183.0,-22.2,88.0,1.0,0,450.0,-3.88,-6.4,-3.56,-5.89,2.9,-2.45,1.16,-2.02,-0.52,21.72,-2.63,-0.01,0.015,-0.03,0.7784,1
10.3,TRAIN_M03_LADAKH_FAULT01_OVERHEAT,TRAIN,LADAKH,CRUISE_LOITER,5393.2,2219.4,74.5,86.63,86.62,86.45,86.62,781.42,781.26,781.9,782.18,4.28,90.54,9.72,3.0,41.36,0.758,14.06,3.03,LANE_A,20183.0,-22.2,88.0,1.0,0,450.0,-3.86,-6.37,-3.54,-5.87,2.62,-2.54,1.1,-1.62,-0.57,21.79,-2.63,-0.03,0.001,-0.04,0.7799,1
10.35,TRAIN_M03_LADAKH_FAULT01_OVERHEAT,TRAIN,LADAKH,CRUISE_LOITER,5390.4,2218.3,74.5,86.6,86.59,86.42,86.59,781.63,781.02,782.02,782.21,4.35,90.4,9.69,3.0,41.37,0.79,14.05,3.4,LANE_A,20184.0,-22.2,88.0,1.0,0,450.0,-3.85,-6.36,-3.53,-5.86,2.83,-2.78,1.22,-1.59,-0.5,21.68,-2.66,-0.02,0.033,-0.05,0.7777,1
10.4,TRAIN_M03_LADAKH_FAULT01_OVERHEAT,TRAIN,LADAKH,CRUISE_LOITER,5390.5,2218.3,74.5,86.57,86.56,86.4,86.57,781.55,780.99,782.05,782.53,4.31,90.32,9.78,3.0,41.38,0.746,14.07,2.83,LANE_A,20185.0,-22.2,88.0,1.0,0,450.0,-3.88,-6.39,-3.55,-5.88,2.75,-2.81,1.25,-1.27,-0.54,21.6,-2.57,-0.01,-0.011,-0.03,0.7767,1
10.45,TRAIN_M03_LADAKH_FAULT01_OVERHEAT,TRAIN,LADAKH,CRUISE_LOITER,5387.4,2217.0,74.5,86.55,86.54,86.38,86.54,781.65,781.11,781.75,782.48,4.3,90.31,9.86,3.0,41.52,0.838,14.05,3.1,LANE_A,20185.0,-22.2,88.0,1.0,0,450.0,-3.85,-6.36,-3.52,-5.86,2.85,-2.69,0.95,-1.32,-0.55,21.63,-2.48,0.13,0.082,-0.05,0.7771,1
10.5,TRAIN_M03_LADAKH_FAULT01_OVERHEAT,TRAIN,LADAKH,CRUISE_LOITER,5394.3,2219.9,74.5,86.52,86.52,86.36,86.52,781.75,781.09,781.9,782.23,4.38,90.1,9.75,3.0,41.53,0.787,14.05,3.29,LANE_A,20186.0,-22.2,88.0,1.0,0,450.0,-3.98,-6.48,-3.64,-5.98,2.95,-2.71,1.1,-1.57,-0.47,21.34,-2.61,0.14,0.03,-0.05,0.7726,1
10.55,TRAIN_M03_LADAKH_FAULT01_OVERHEAT,TRAIN,LADAKH,CRUISE_LOITER,5394.7,2220.0,74.5,86.5,86.49,86.34,86.5,781.86,781.34,781.58,782.08,4.32,90.06,9.83,3.0,41.56,0.799,14.07,3.09,LANE_A,20187.0,-22.2,88.0,1.0,0,450.0,-4.01,-6.52,-3.67,-6.01,3.06,-2.46,0.78,-1.72,-0.53,21.29,-2.53,0.18,0.042,-0.03,0.7723,1
10.6,TRAIN_M03_LADAKH_FAULT01_OVERHEAT,TRAIN,LADAKH,CRUISE_LOITER,5394.3,2219.9,74.5,86.48,86.47,86.31,86.47,781.93,781.55,781.0,781.53,4.37,90.07,9.85,3.0,41.55,0.75,14.06,3.24,LANE_A,20187.0,-22.2,88.0,1.0,0,450.0,-4.02,-6.53,-3.69,-6.03,3.13,-2.25,0.2,-2.27,-0.48,21.31,-2.5,0.17,-0.007,-0.04,0.7721,1
10.65,TRAIN_M03_LADAKH_FAULT01_OVERHEAT,TRAIN,LADAKH,CRUISE_LOITER,5393.0,2219.4,74.5,86.46,86.44,86.29,86.45,782.26,781.96,781.22,781.63,4.3,90.01,9.79,3.0,41.6,0.704,14.06,3.28,LANE_A,20188.0,-22.2,88.0,1.0,0,450.0,-4.02,-6.54,-3.69,-6.03,3.46,-1.84,0.42,-2.17,-0.55,21.26,-2.56,0.22,-0.053,-0.04,0.7722,1
10.7,TRAIN_M03_LADAKH_FAULT01_OVERHEAT,TRAIN,LADAKH,CRUISE_LOITER,5393.4,2219.5,74.5,86.45,86.42,86.27,86.43,781.95,782.17,781.25,781.99,4.33,90.14,9.88,3.0,41.53,0.724,14.04,3.33,LANE_A,20189.0,-22.2,88.0,1.0,0,450.0,-4.04,-6.57,-3.72,-6.06,3.15,-1.63,0.45,-1.81,-0.52,21.39,-2.47,0.15,-0.033,-0.06,0.7737,1
10.75,TRAIN_M03_LADAKH_FAULT01_OVERHEAT,TRAIN,LADAKH,CRUISE_LOITER,5399.5,2222.0,74.5,86.43,86.4,86.25,86.41,782.05,781.92,781.81,781.79,4.32,90.27,9.84,3.0,41.53,0.813,14.07,3.43,LANE_A,20189.0,-22.2,87.9,1.0,0,450.0,-4.18,-6.71,-3.86,-6.2,3.25,-1.88,1.01,-2.01,-0.53,21.42,-2.53,0.15,0.055,-0.03,0.7746,1
10.8,TRAIN_M03_LADAKH_FAULT01_OVERHEAT,TRAIN,LADAKH,CRUISE_LOITER,5394.6,2220.0,74.5,86.4,86.37,86.23,86.38,781.89,781.94,782.02,782.19,4.33,90.13,9.74,3.0,41.57,0.726,14.04,3.29,LANE_A,20190.0,-22.3,87.9,1.0,0,450.0,-4.04,-6.57,-3.71,-6.06,3.1,-1.85,1.23,-1.6,-0.52,21.44,-2.62,0.19,-0.031,-0.06,0.7747,1
10.85,TRAIN_M03_LADAKH_FAULT01_OVERHEAT,TRAIN,LADAKH,CRUISE_LOITER,5390.6,2218.4,74.5,86.38,86.35,86.2,86.36,781.64,782.08,781.71,781.43,4.29,89.97,9.76,3.0,41.48,0.737,14.05,2.92,LANE_A,20191.0,-22.3,87.9,1.0,0,450.0,-4.0,-6.53,-3.68,-6.02,2.85,-1.71,0.92,-2.36,-0.56,21.33,-2.59,0.1,-0.02,-0.05,0.7733,1
10.9,TRAIN_M03_LADAKH_FAULT01_OVERHEAT,TRAIN,LADAKH,CRUISE_LOITER,5397.3,2221.1,74.5,86.35,86.32,86.17,86.34,781.7,782.08,781.75,781.59,4.33,90.06,9.76,3.0,41.53,0.702,14.08,3.06,LANE_A,20191.0,-22.3,87.9,1.0,0,450.0,-4.13,-6.66,-3.81,-6.14,2.91,-1.71,0.96,-2.2,-0.52,21.34,-2.6,0.15,-0.056,-0.02,0.7734,1
10.95,TRAIN_M03_LADAKH_FAULT01_OVERHEAT,TRAIN,LADAKH,CRUISE_LOITER,5390.7,2218.4,74.5,86.33,86.29,86.14,86.31,781.67,782.17,781.92,781.12,4.34,90.13,9.72,3.0,41.48,0.757,14.08,3.11,LANE_A,20192.0,-22.3,87.9,1.0,0,450.0,-4.05,-6.59,-3.74,-6.07,2.88,-1.62,1.13,-2.67,-0.51,21.49,-2.63,0.1,0.0,-0.02,0.7753,1
11.0,TRAIN_M03_LADAKH_FAULT01_OVERHEAT,TRAIN,LADAKH,CRUISE_LOITER,5384.8,2216.0,74.5,86.3,86.28,86.12,86.29,781.94,781.81,781.78,781.81,4.33,90.21,9.74,3.0,41.37,0.729,14.08,3.33,LANE_A,20193.0,-22.3,87.9,1.0,0,450.0,-3.99,-6.51,-3.67,-6.0,3.15,-1.98,0.99,-1.98,-0.52,21.64,-2.59,-0.01,-0.027,-0.02,0.7774,1
11.05,TRAIN_M03_LADAKH_FAULT01_OVERHEAT,TRAIN,LADAKH,CRUISE_LOITER,5389.0,2217.7,74.5,86.28,86.25,86.1,86.26,782.02,782.01,781.93,781.59,4.36,90.15,9.72,3.0,41.36,0.761,14.06,3.28,LANE_A,20193.0,-22.3,87.9,1.0,0,450.0,-4.07,-6.6,-3.75,-6.09,3.23,-1.78,1.14,-2.2,-0.49,21.53,-2.62,-0.02,0.004,-0.04,0.7758,1
11.1,TRAIN_M03_LADAKH_FAULT01_OVERHEAT,TRAIN,LADAKH,CRUISE_LOITER,5392.1,2219.0,74.5,86.26,86.22,86.08,86.24,782.15,782.06,781.52,781.37,4.38,90.24,9.76,3.0,41.42,0.755,14.05,3.35,LANE_A,20194.0,-22.3,87.9,1.0,0,450.0,-4.14,-6.68,-3.82,-6.16,3.36,-1.73,0.73,-2.42,-0.47,21.58,-2.59,0.05,-0.002,-0.05,0.7764,1
11.15,TRAIN_M03_LADAKH_FAULT01_OVERHEAT,TRAIN,LADAKH,CRUISE_LOITER,5397.7,2221.3,74.5,86.24,86.2,86.06,86.22,782.13,781.8,781.48,781.44,4.32,90.22,9.74,3.0,41.41,0.842,14.05,3.02,LANE_A,20195.0,-22.3,87.9,1.0,0,450.0,-4.24,-6.78,-3.92,-6.26,3.34,-1.99,0.69,-2.35,-0.53,21.49,-2.62,0.04,0.084,-0.05,0.776,1
11.2,TRAIN_M03_LADAKH_FAULT01_OVERHEAT,TRAIN,LADAKH,CRUISE_LOITER,5392.3,2219.1,74.5,86.21,86.19,86.03,86.2,781.87,781.48,781.77,781.22,4.37,90.21,9.78,3.0,41.51,0.676,14.04,3.22,LANE_A,20195.0,-22.3,87.9,1.0,0,450.0,-4.19,-6.71,-3.87,-6.2,3.08,-2.31,0.98,-2.57,-0.48,21.55,-2.57,0.14,-0.081,-0.06,0.7762,1
11.25,TRAIN_M03_LADAKH_FAULT01_OVERHEAT,TRAIN,LADAKH,CRUISE_LOITER,5397.3,2221.1,74.5,86.19,86.17,86.01,86.17,781.57,781.7,781.6,781.3,4.32,90.14,9.77,3.0,41.57,0.786,14.06,3.36,LANE_A,20196.0,-22.3,87.9,1.0,0,450.0,-4.29,-6.81,-3.97,-6.31,2.78,-2.09,0.81,-2.49,-0.53,21.42,-2.59,0.2,0.028,-0.04,0.775,1
11.3,TRAIN_M03_LADAKH_FAULT01_OVERHEAT,TRAIN,LADAKH,CRUISE_LOITER,5398.0,2221.4,74.5,86.16,86.15,85.99,86.15,781.49,781.81,781.69,781.85,4.34,90.06,9.79,3.0,41.54,0.749,14.07,3.37,LANE_A,20196.0,-22.3,87.9,1.0,0,450.0,-4.33,-6.84,-4.0,-6.34,2.7,-1.98,0.9,-1.94,-0.51,21.33,-2.57,0.17,-0.009,-0.03,0.7735,1
11.35,TRAIN_M03_LADAKH_FAULT01_OVERHEAT,TRAIN,LADAKH,CRUISE_LOITER,5397.5,2221.2,74.5,86.14,86.12,85.97,86.14,781.73,782.06,781.73,781.6,4.36,89.98,9.74,3.0,41.4,0.759,14.04,3.34,LANE_A,20197.0,-22.3,87.8,1.0,0,450.0,-4.37,-6.89,-4.04,-6.37,2.94,-1.73,0.94,-2.19,-0.49,21.24,-2.62,0.03,0.001,-0.06,0.7722,1
11.4,TRAIN_M03_LADAKH_FAULT01_OVERHEAT,TRAIN,LADAKH,CRUISE_LOITER,5399.2,2221.9,74.5,86.12,86.1,85.94,86.12,781.62,781.72,781.62,781.65,4.34,90.03,9.7,3.0,41.41,0.769,14.06,3.23,LANE_A,20198.0,-22.3,87.8,1.0,0,450.0,-4.41,-6.93,-4.09,-6.41,2.83,-2.07,0.83,-2.14,-0.51,21.27,-2.67,0.04,0.011,-0.04,0.773,1
11.45,TRAIN_M03_LADAKH_FAULT01_OVERHEAT,TRAIN,LADAKH,CRUISE_LOITER,5397.2,2221.1,74.5,86.09,86.08,85.92,86.1,781.62,781.84,781.26,781.24,4.38,90.01,9.71,3.0,41.34,0.71,14.04,3.24,LANE_A,20198.0,-22.3,87.8,1.0,0,450.0,-4.41,-6.92,-4.08,-6.4,2.83,-1.95,0.47,-2.55,-0.47,21.27,-2.65,-0.03,-0.048,-0.06,0.7726,1
11.5,TRAIN_M03_LADAKH_FAULT01_OVERHEAT,TRAIN,LADAKH,CRUISE_LOITER,5392.7,2219.2,74.5,86.07,86.06,85.91,86.07,781.81,782.11,781.17,781.25,4.31,90.15,9.72,3.0,41.29,0.739,14.05,3.34,LANE_A,20199.0,-22.3,87.8,1.0,0,450.0,-4.36,-6.87,-4.02,-6.36,3.02,-1.68,0.38,-2.54,-0.54,21.46,-2.63,-0.08,-0.018,-0.05,0.7759,1
11.55,TRAIN_M03_LADAKH_FAULT01_OVERHEAT,TRAIN,LADAKH,CRUISE_LOITER,5392.1,2219.0,74.5,86.05,86.04,85.88,86.05,782.1,781.74,780.91,781.41,4.38,90.15,9.85,3.0,41.43,0.781,14.06,3.34,LANE_A,20200.0,-22.3,87.8,1.0,0,450.0,-4.37,-6.88,-4.04,-6.37,3.31,-2.05,0.12,-2.38,-0.47,21.47,-2.5,0.07,0.024,-0.04,0.7751,1
11.6,TRAIN_M03_LADAKH_FAULT01_OVERHEAT,TRAIN,LADAKH,CRUISE_LOITER,5392.0,2218.9,74.5,86.02,86.03,85.86,86.03,781.89,781.6,781.06,781.64,4.33,90.13,9.73,3.0,41.32,0.744,14.05,3.34,LANE_A,20200.0,-22.3,87.8,1.0,0,450.0,-4.4,-6.89,-4.06,-6.39,3.1,-2.19,0.27,-2.15,-0.52,21.45,-2.62,-0.04,-0.013,-0.05,0.7756,1
11.65,TRAIN_M03_LADAKH_FAULT01_OVERHEAT,TRAIN,LADAKH,CRUISE_LOITER,5393.1,2219.4,74.5,86.01,86.01,85.84,86.01,781.55,781.35,781.05,781.8,4.34,90.11,9.78,3.0,41.39,0.758,14.07,3.03,LANE_A,20201.0,-22.3,87.8,1.0,0,450.0,-4.43,-6.93,-4.1,-6.43,2.76,-2.44,0.26,-1.99,-0.51,21.42,-2.57,0.03,0.001,-0.03,0.775,1
11.7,TRAIN_M03_LADAKH_FAULT01_OVERHEAT,TRAIN,LADAKH,CRUISE_LOITER,5394.1,2219.8,74.5,85.99,85.99,85.82,85.99,781.76,781.6,781.41,781.83,4.32,90.17,9.69,3.0,41.4,0.745,14.05,3.24,LANE_A,20201.0,-22.3,87.8,1.0,0,450.0,-4.46,-6.96,-4.13,-6.46,2.97,-2.19,0.62,-1.96,-0.53,21.47,-2.66,0.04,-0.012,-0.05,0.7762,1
11.75,TRAIN_M03_LADAKH_FAULT01_OVERHEAT,TRAIN,LADAKH,CRUISE_LOITER,5388.9,2217.6,74.5,85.97,85.97,85.8,85.97,781.92,781.26,781.38,781.99,4.28,90.18,9.76,3.0,41.26,0.723,14.06,3.17,LANE_A,20202.0,-22.3,87.8,1.0,0,450.0,-4.4,-6.9,-4.07,-6.4,3.13,-2.53,0.59,-1.8,-0.57,21.54,-2.58,-0.1,-0.034,-0.04,0.7773,1
11.8,TRAIN_M03_LADAKH_FAULT01_OVERHEAT,TRAIN,LADAKH,CRUISE_LOITER,5390.2,2218.2,74.5,85.95,85.95,85.78,85.94,781.59,781.75,781.15,781.89,4.33,90.15,9.85,3.0,41.14,0.748,14.05,3.15,LANE_A,20202.0,-22.3,87.8,1.0,0,450.0,-4.44,-6.94,-4.11,-6.45,2.8,-2.04,0.36,-1.9,-0.52,21.5,-2.49,-0.22,-0.009,-0.05,0.7761,1
11.85,TRAIN_M03_LADAKH_FAULT01_OVERHEAT,TRAIN,LADAKH,CRUISE_LOITER,5386.4,2216.6,74.5,85.93,85.93,85.77,85.93,781.69,782.01,781.34,781.85,4.34,90.07,9.88,3.0,41.2,0.758,14.06,3.28,LANE_A,20203.0,-22.3,87.8,1.0,0,450.0,-4.4,-6.9,-4.06,-6.4,2.9,-1.78,0.55,-1.94,-0.51,21.46,-2.45,-0.16,0.002,-0.04,0.7753,1
11.9,TRAIN_M03_LADAKH_FAULT01_OVERHEAT,TRAIN,LADAKH,CRUISE_LOITER,5388.0,2217.3,74.5,85.92,85.91,85.75,85.91,781.58,781.99,781.18,781.96,4.36,89.97,9.9,3.0,41.21,0.749,14.08,3.26,LANE_A,20204.0,-22.3,87.7,1.0,0,450.0,-4.47,-6.98,-4.14,-6.48,2.79,-1.8,0.39,-1.83,-0.49,21.32,-2.44,-0.15,-0.007,-0.02,0.7732,1
11.95,TRAIN_M03_LADAKH_FAULT01_OVERHEAT,TRAIN,LADAKH,CRUISE_LOITER,5384.9,2216.0,74.5,85.91,85.89,85.74,85.89,781.53,781.94,780.74,781.72,4.37,89.96,9.87,3.0,41.32,0.776,14.06,3.12,LANE_A,20204.0,-22.3,87.7,1.0,0,450.0,-4.43,-6.95,-4.1,-6.45,2.74,-1.85,-0.05,-2.07,-0.48,21.35,-2.46,-0.04,0.02,-0.04,0.7735,1
12.0,TRAIN_M03_LADAKH_FAULT01_OVERHEAT,TRAIN,LADAKH,CRUISE_LOITER,5390.2,2218.2,74.5,85.89,85.87,85.72,85.88,781.56,781.57,781.12,781.45,4.32,90.03,9.75,3.0,41.47,0.784,14.05,2.94,LANE_A,20205.0,-22.3,87.7,1.0,0,450.0,-4.53,-7.05,-4.2,-6.54,2.77,-2.22,0.33,-2.34,-0.53,21.36,-2.59,0.11,0.027,-0.05,0.7746,1
12.05,TRAIN_M03_LADAKH_FAULT01_OVERHEAT,TRAIN,LADAKH,CRUISE_LOITER,5382.8,2215.1,74.5,85.88,85.85,85.71,85.85,781.86,781.52,781.22,781.66,4.31,90.0,9.82,3.0,41.38,0.787,14.06,3.39,LANE_A,20205.0,-22.3,87.7,0.997,0,448.5,-4.43,-6.96,-4.1,-6.46,3.07,-2.27,0.43,-2.13,-0.54,21.42,-2.5,0.02,0.031,-0.04,0.7752,1
12.1,TRAIN_M03_LADAKH_FAULT01_OVERHEAT,TRAIN,LADAKH,CRUISE_LOITER,5380.6,2214.2,74.4,85.86,85.84,85.69,85.83,781.98,781.28,781.19,781.63,4.3,89.92,9.85,3.0,41.37,0.815,14.07,2.86,LANE_A,20206.0,-22.3,87.7,0.994,0,447.0,-4.4,-6.92,-4.07,-6.43,3.11,-2.59,0.32,-2.24,-0.55,21.37,-2.47,0.02,0.06,-0.03,0.7745,1
12.15,TRAIN_M03_LADAKH_FAULT01_OVERHEAT,TRAIN,LADAKH,CRUISE_LOITER,5384.1,2215.7,74.4,85.84,85.82,85.68,85.82,781.93,781.57,781.08,781.5,4.33,89.89,9.86,3.0,41.31,0.745,14.06,3.22,LANE_A,20207.0,-22.3,87.7,0.991,0,445.5,-4.47,-6.99,-4.13,-6.49,3.06,-2.3,0.21,-2.37,-0.52,21.3,-2.46,-0.04,-0.011,-0.04,0.7733,1
12.2,TRAIN_M03_LADAKH_FAULT01_OVERHEAT,TRAIN,LADAKH,CRUISE_LOITER,5385.6,2216.3,74.4,85.82,85.81,85.67,85.8,781.67,781.66,781.16,782.1,4.32,89.85,9.83,3.0,41.29,0.708,14.08,3.32,LANE_A,20207.0,-22.3,87.7,0.989,0,444.0,-4.52,-7.03,-4.17,-6.54,2.8,-2.21,0.29,-1.77,-0.53,21.24,-2.5,-0.06,-0.048,-0.02,0.7727,1
12.25,TRAIN_M03_LADAKH_FAULT01_OVERHEAT,TRAIN,LADAKH,CRUISE_LOITER,5380.4,2214.1,74.4,85.81,85.79,85.65,85.78,781.61,781.75,781.29,781.72,4.34,89.8,9.85,3.0,41.42,0.759,14.03,3.23,LANE_A,20208.0,-22.3,87.7,0.986,0,442.5,-4.45,-6.97,-4.11,-6.48,2.74,-2.12,0.42,-2.15,-0.51,21.25,-2.46,0.07,0.004,-0.07,0.7724,1
12.3,TRAIN_M03_LADAKH_FAULT01_OVERHEAT,TRAIN,LADAKH,CRUISE_LOITER,5380.5,2214.2,74.4,85.79,85.78,85.63,85.76,781.39,781.69,781.49,781.42,4.36,89.85,9.77,3.0,41.39,0.774,14.08,3.22,LANE_A,20208.0,-22.3,87.7,0.983,0,441.0,-4.47,-6.98,-4.13,-6.5,2.52,-2.18,0.62,-2.45,-0.49,21.3,-2.54,0.04,0.019,-0.02,0.7731,1
12.35,TRAIN_M03_LADAKH_FAULT01_OVERHEAT,TRAIN,LADAKH,CRUISE_LOITER,5383.0,2215.2,74.4,85.76,85.77,85.61,85.73,781.47,781.47,781.56,781.59,4.33,89.8,9.75,3.0,41.46,0.749,14.07,3.31,LANE_A,20209.0,-22.3,87.7,0.98,0,439.5,-4.54,-7.03,-4.19,-6.57,2.6,-2.4,0.69,-2.28,-0.52,21.22,-2.57,0.12,-0.007,-0.03,0.7724,1
12.4,TRAIN_M03_LADAKH_FAULT01_OVERHEAT,TRAIN,LADAKH,CRUISE_LOITER,5381.9,2214.8,74.4,85.74,85.76,85.6,85.72,781.93,781.69,781.98,781.67,4.32,89.92,9.84,3.0,41.69,0.777,14.06,3.4,LANE_A,20209.0,-22.3,87.7,0.977,0,438.0,-4.54,-7.02,-4.18,-6.56,3.06,-2.18,1.11,-2.2,-0.53,21.36,-2.48,0.35,0.021,-0.04,0.7744,1
12.45,TRAIN_M03_LADAKH_FAULT01_OVERHEAT,TRAIN,LADAKH,CRUISE_LOITER,5385.3,2216.2,74.4,85.73,85.75,85.58,85.7,782.05,781.42,782.02,781.69,4.3,89.89,9.87,3.0,41.55,0.79,14.07,3.48,LANE_A,20210.0,-22.3,87.6,0.974,0,436.5,-4.63,-7.11,-4.28,-6.66,3.18,-2.45,1.15,-2.18,-0.55,21.26,-2.45,0.21,0.034,-0.03,0.7733,1
12.5,TRAIN_M03_LADAKH_FAULT01_OVERHEAT,TRAIN,LADAKH,CRUISE_LOITER,5384.1,2215.7,74.4,85.71,85.74,85.57,85.69,781.95,781.35,781.96,781.82,4.37,89.9,9.82,3.0,41.54,0.724,14.07,3.17,LANE_A,20210.0,-22.3,87.6,0.972,0,435.1,-4.63,-7.1,-4.27,-6.65,3.08,-2.52,1.09,-2.05,-0.48,21.29,-2.5,0.2,-0.032,-0.03,0.7732,1
12.55,TRAIN_M03_LADAKH_FAULT01_OVERHEAT,TRAIN,LADAKH,CRUISE_LOITER,5384.6,2215.9,74.4,85.69,85.74,85.56,85.67,782.36,781.62,782.24,782.03,4.3,89.92,9.83,3.0,41.38,0.778,14.06,3.21,LANE_A,20211.0,-22.3,87.6,0.969,0,433.6,-4.66,-7.11,-4.29,-6.68,3.49,-2.25,1.37,-1.84,-0.55,21.3,-2.49,0.04,0.022,-0.04,0.774,1
12.6,TRAIN_M03_LADAKH_FAULT01_OVERHEAT,TRAIN,LADAKH,CRUISE_LOITER,5381.5,2214.6,74.4,85.67,85.73,85.54,85.65,782.31,781.69,782.12,781.77,4.31,90.16,9.72,3.0,41.57,0.747,14.06,3.23,LANE_A,20211.0,-22.3,87.6,0.966,0,432.1,-4.63,-7.07,-4.26,-6.65,3.44,-2.18,1.25,-2.1,-0.54,21.58,-2.59,0.23,-0.008,-0.04,0.7781,1
12.65,TRAIN_M03_LADAKH_FAULT01_OVERHEAT,TRAIN,LADAKH,CRUISE_LOITER,5383.6,2215.5,74.4,85.65,85.73,85.52,85.63,781.95,781.75,781.9,781.57,4.31,90.14,9.76,3.0,41.57,0.775,14.04,3.26,LANE_A,20212.0,-22.3,87.6,0.963,0,430.6,-4.68,-7.1,-4.31,-6.7,3.08,-2.12,1.03,-2.3,-0.54,21.54,-2.56,0.23,0.019,-0.06,0.7776,1
12.7,TRAIN_M03_LADAKH_FAULT01_OVERHEAT,TRAIN,LADAKH,CRUISE_LOITER,5386.6,2216.7,74.4,85.63,85.72,85.51,85.61,782.28,781.78,782.04,781.65,4.28,90.14,9.85,3.0,41.48,0.73,14.07,3.41,LANE_A,20213.0,-22.3,87.6,0.96,0,429.1,-4.75,-7.16,-4.37,-6.77,3.41,-2.09,1.17,-2.22,-0.57,21.5,-2.48,0.14,-0.026,-0.03,0.7773,1
12.75,TRAIN_M03_LADAKH_FAULT01_OVERHEAT,TRAIN,LADAKH,CRUISE_LOITER,5392.3,2219.0,74.4,85.61,85.72,85.5,85.59,782.32,781.73,781.51,781.91,4.33,90.14,9.79,3.0,41.48,0.78,14.07,3.21,LANE_A,20213.0,-22.3,87.6,0.958,0,427.6,-4.85,-7.24,-4.46,-6.87,3.45,-2.14,0.64,-1.96,-0.52,21.43,-2.55,0.14,0.023,-0.03,0.7761,1
12.8,TRAIN_M03_LADAKH_FAULT01_OVERHEAT,TRAIN,LADAKH,CRUISE_LOITER,5389.3,2217.8,74.4,85.59,85.72,85.48,85.57,782.52,781.5,781.6,781.86,4.35,90.17,9.78,3.0,41.3,0.785,14.05,3.14,LANE_A,20214.0,-22.3,87.6,0.955,0,426.1,-4.83,-7.2,-4.44,-6.85,3.65,-2.37,0.73,-2.01,-0.5,21.5,-2.55,-0.04,0.028,-0.05,0.7769,1
12.85,TRAIN_M03_LADAKH_FAULT01_OVERHEAT,TRAIN,LADAKH,CRUISE_LOITER,5388.1,2217.3,74.4,85.57,85.72,85.46,85.56,783.14,781.57,781.74,781.71,4.34,90.29,9.73,3.0,41.43,0.749,14.06,3.21,LANE_A,20214.0,-22.3,87.6,0.952,0,424.6,-4.83,-7.18,-4.44,-6.84,4.27,-2.3,0.87,-2.16,-0.51,21.63,-2.6,0.09,-0.007,-0.04,0.7789,1
12.9,TRAIN_M03_LADAKH_FAULT01_OVERHEAT,TRAIN,LADAKH,CRUISE_LOITER,5388.0,2217.3,74.4,85.56,85.72,85.44,85.54,782.96,781.36,781.52,781.55,4.34,90.34,9.78,3.0,41.44,0.666,14.05,2.78,LANE_A,20215.0,-22.3,87.6,0.949,0,423.1,-4.84,-7.18,-4.46,-6.86,4.09,-2.51,0.65,-2.32,-0.51,21.68,-2.55,0.11,-0.09,-0.05,0.7797,1
12.95,TRAIN_M03_LADAKH_FAULT01_OVERHEAT,TRAIN,LADAKH,CRUISE_LOITER,5390.2,2218.2,74.4,85.54,85.73,85.43,85.53,782.83,781.51,781.28,781.89,4.34,90.2,9.82,3.0,41.47,0.75,14.05,3.36,LANE_A,20215.0,-22.3,87.6,0.946,0,421.6,-4.89,-7.2,-4.5,-6.9,3.96,-2.36,0.41,-1.98,-0.51,21.52,-2.51,0.14,-0.007,-0.05,0.7773,1
13.0,TRAIN_M03_LADAKH_FAULT01_OVERHEAT,TRAIN,LADAKH,CRUISE_LOITER,5388.5,2217.5,74.4,85.53,85.73,85.42,85.52,782.73,781.97,781.57,781.42,4.28,90.12,9.83,3.0,41.52,0.776,14.05,3.13,LANE_A,20216.0,-22.3,87.6,0.943,0,420.1,-4.87,-7.17,-4.48,-6.88,3.86,-1.9,0.7,-2.45,-0.57,21.46,-2.5,0.19,0.019,-0.05,0.7769,1
13.05,TRAIN_M03_LADAKH_FAULT01_OVERHEAT,TRAIN,LADAKH,CRUISE_LOITER,5382.0,2214.8,74.4,85.51,85.73,85.4,85.49,782.56,782.02,781.32,781.26,4.32,90.22,9.93,3.0,41.44,0.747,14.09,3.34,LANE_A,20216.0,-22.4,87.5,0.941,0,418.6,-4.73,-7.01,-4.34,-6.75,3.71,-1.83,0.47,-2.59,-0.53,21.71,-2.39,0.11,-0.009,-0.01,0.7796,1
13.1,TRAIN_M03_LADAKH_FAULT01_OVERHEAT,TRAIN,LADAKH,CRUISE_LOITER,5379.5,2213.8,74.3,85.5,85.74,85.39,85.48,782.59,781.62,781.02,781.21,4.34,90.35,9.81,3.0,41.42,0.686,14.07,2.93,LANE_A,20217.0,-22.4,87.5,0.938,0,417.1,-4.69,-6.95,-4.3,-6.71,3.66,-2.31,0.09,-2.72,-0.51,21.88,-2.5,0.1,-0.069,-0.03,0.782,1
13.15,TRAIN_M03_LADAKH_FAULT01_OVERHEAT,TRAIN,LADAKH,CRUISE_LOITER,5380.4,2214.1,74.3,85.48,85.75,85.38,85.46,782.43,781.41,781.57,781.28,4.32,90.3,9.79,3.0,41.47,0.794,14.07,3.07,LANE_A,20217.0,-22.4,87.5,0.935,0,415.6,-4.72,-6.95,-4.32,-6.74,3.5,-2.52,0.64,-2.65,-0.53,21.82,-2.52,0.15,0.039,-0.03,0.7814,1
13.2,TRAIN_M03_LADAKH_FAULT01_OVERHEAT,TRAIN,LADAKH,CRUISE_LOITER,5381.9,2214.8,74.3,85.47,85.76,85.36,85.45,782.45,781.37,781.4,781.72,4.33,90.42,9.81,3.0,41.34,0.752,14.05,3.43,LANE_A,20218.0,-22.4,87.5,0.932,0,414.1,-4.75,-6.96,-4.36,-6.77,3.52,-2.56,0.47,-2.21,-0.52,21.92,-2.5,0.02,-0.004,-0.05,0.7827,1
13.25,TRAIN_M03_LADAKH_FAULT01_OVERHEAT,TRAIN,LADAKH,CRUISE_LOITER,5384.6,2215.9,74.3,85.45,85.77,85.35,85.43,782.39,781.35,781.81,781.33,4.32,90.35,9.76,3.0,41.45,0.7,14.07,3.21,LANE_A,20218.0,-22.4,87.5,0.929,0,412.6,-4.82,-7.0,-4.42,-6.84,3.46,-2.58,0.88,-2.6,-0.53,21.82,-2.56,0.13,-0.056,-0.03,0.7816,1
13.3,TRAIN_M03_LADAKH_FAULT01_OVERHEAT,TRAIN,LADAKH,CRUISE_LOITER,5382.6,2215.1,74.3,85.44,85.79,85.34,85.42,782.37,781.4,781.57,781.6,4.32,90.34,9.85,3.0,41.42,0.744,14.1,3.12,LANE_A,20219.0,-22.4,87.5,0.926,0,411.1,-4.79,-6.94,-4.39,-6.81,3.44,-2.53,0.64,-2.33,-0.53,21.83,-2.46,0.1,-0.012,0.0,0.7815,1
13.35,TRAIN_M03_LADAKH_FAULT01_OVERHEAT,TRAIN,LADAKH,CRUISE_LOITER,5392.2,2219.0,74.3,85.42,85.8,85.33,85.41,782.15,781.45,781.35,781.59,4.31,90.27,9.91,3.0,41.29,0.786,14.04,3.29,LANE_A,20219.0,-22.4,87.5,0.923,0,409.6,-4.96,-7.08,-4.55,-6.97,3.22,-2.48,0.42,-2.34,-0.54,21.65,-2.43,-0.03,0.029,-0.06,0.7793,1
13.4,TRAIN_M03_LADAKH_FAULT01_OVERHEAT,TRAIN,LADAKH,CRUISE_LOITER,5391.8,2218.9,74.3,85.4,85.81,85.31,85.39,782.06,781.43,781.25,782.09,4.29,90.24,9.81,3.0,41.33,0.758,14.04,3.46,LANE_A,20220.0,-22.4,87.5,0.921,0,408.1,-4.97,-7.06,-4.56,-6.98,3.13,-2.5,0.32,-1.84,-0.56,21.62,-2.53,0.01,0.001,-0.06,0.7793,1
13.45,TRAIN_M03_LADAKH_FAULT01_OVERHEAT,TRAIN,LADAKH,CRUISE_LOITER,5396.7,2220.9,74.3,85.39,85.82,85.29,85.37,781.94,781.52,781.41,782.56,4.32,90.35,9.68,3.0,41.34,0.757,14.07,3.08,LANE_A,20220.0,-22.4,87.5,0.918,0,406.6,-5.06,-7.13,-4.66,-7.08,3.01,-2.41,0.48,-1.37,-0.53,21.67,-2.67,0.02,-0.001,-0.03,0.7801,1
13.5,TRAIN_M03_LADAKH_FAULT01_OVERHEAT,TRAIN,LADAKH,CRUISE_LOITER,5392.0,2218.9,74.3,85.37,85.83,85.27,85.35,781.86,781.41,780.98,782.2,4.35,90.41,9.7,3.0,41.4,0.763,14.07,3.15,LANE_A,20220.0,-22.4,87.5,0.915,0,405.1,-5.01,-7.05,-4.61,-7.03,2.93,-2.52,0.05,-1.73,-0.5,21.79,-2.64,0.08,0.006,-0.03,0.7814,1
13.55,TRAIN_M03_LADAKH_FAULT01_OVERHEAT,TRAIN,LADAKH,CRUISE_LOITER,5392.5,2219.2,74.3,85.36,85.84,85.25,85.33,782.03,781.46,781.19,781.7,4.29,90.32,9.65,3.0,41.45,0.773,14.06,3.25,LANE_A,20221.0,-22.4,87.5,0.912,0,403.7,-5.02,-7.04,-4.63,-7.05,3.1,-2.47,0.26,-2.23,-0.56,21.69,-2.69,0.13,0.016,-0.04,0.7806,1
13.6,TRAIN_M03_LADAKH_FAULT01_OVERHEAT,TRAIN,LADAKH,CRUISE_LOITER,5395.3,2220.3,74.3,85.35,85.85,85.24,85.32,781.79,782.17,781.28,781.71,4.38,90.27,9.69,3.0,41.35,0.703,14.06,2.84,LANE_A,20221.0,-22.4,87.5,0.909,0,402.2,-5.08,-7.08,-4.69,-7.11,2.86,-1.76,0.35,-2.22,-0.47,21.61,-2.65,0.03,-0.055,-0.04,0.7787,1
13.65,TRAIN_M03_LADAKH_FAULT01_OVERHEAT,TRAIN,LADAKH,CRUISE_LOITER,5400.8,2222.5,74.3,85.33,85.87,85.22,85.31,781.76,782.21,780.94,781.9,4.29,90.27,9.75,3.0,41.4,0.787,14.04,3.07,LANE_A,20222.0,-22.4,87.4,0.906,0,400.7,-5.21,-7.17,-4.82,-7.23,2.83,-1.72,0.01,-2.03,-0.56,21.52,-2.6,0.08,0.029,-0.06,0.7784,1
13.7,TRAIN_M03_LADAKH_FAULT01_OVERHEAT,TRAIN,LADAKH,CRUISE_LOITER,5403.0,2223.5,74.3,85.31,85.88,85.21,85.29,782.13,782.09,781.04,782.18,4.34,90.28,9.79,3.0,41.39,0.699,14.07,3.24,LANE_A,20222.0,-22.4,87.4,0.904,0,399.2,-5.26,-7.19,-4.86,-7.28,3.2,-1.84,0.11,-1.75,-0.51,21.51,-2.57,0.07,-0.06,-0.03,0.7779,1
13.75,TRAIN_M03_LADAKH_FAULT01_OVERHEAT,TRAIN,LADAKH,CRUISE_LOITER,5394.8,2220.1,74.3,85.3,85.9,85.2,85.27,782.18,782.31,781.21,782.31,4.34,90.27,9.8,3.0,41.42,0.803,14.06,3.29,LANE_A,20223.0,-22.4,87.4,0.901,0,397.7,-5.14,-7.04,-4.74,-7.17,3.25,-1.62,0.28,-1.62,-0.51,21.6,-2.54,0.1,0.046,-0.04,0.7788,1
13.8,TRAIN_M03_LADAKH_FAULT01_OVERHEAT,TRAIN,LADAKH,CRUISE_LOITER,5395.5,2220.4,74.2,85.28,85.92,85.18,85.26,782.47,782.55,781.38,782.14,4.38,90.31,9.75,3.0,41.44,0.772,14.05,2.95,LANE_A,20223.0,-22.4,87.4,0.898,0,396.2,-5.16,-7.02,-4.76,-7.18,3.47,-1.45,0.38,-1.86,-0.47,21.63,-2.59,0.13,0.014,-0.05,0.779,1
13.85,TRAIN_M03_LADAKH_FAULT01_OVERHEAT,TRAIN,LADAKH,CRUISE_LOITER,5396.3,2220.7,74.2,85.27,85.94,85.17,85.24,782.84,782.46,781.37,781.99,4.36,90.2,9.75,3.0,41.42,0.776,14.07,3.13,LANE_A,20224.0,-22.4,87.4,0.895,0,394.7,-5.19,-7.02,-4.79,-7.22,3.84,-1.54,0.37,-2.01,-0.49,21.52,-2.59,0.11,0.018,-0.03,0.7776,1
13.9,TRAIN_M03_LADAKH_FAULT01_OVERHEAT,TRAIN,LADAKH,CRUISE_LOITER,5397.8,2221.3,74.2,85.25,85.96,85.15,85.23,782.61,782.06,781.3,781.97,4.33,90.15,9.76,3.0,41.44,0.731,14.06,3.29,LANE_A,20224.0,-22.4,87.4,0.892,0,393.2,-5.23,-7.02,-4.83,-7.25,3.61,-1.94,0.3,-2.03,-0.52,21.45,-2.58,0.13,-0.027,-0.04,0.7769,1
13.95,TRAIN_M03_LADAKH_FAULT01_OVERHEAT,TRAIN,LADAKH,CRUISE_LOITER,5397.8,2221.3,74.2,85.24,85.99,85.14,85.22,782.86,781.82,781.6,781.99,4.35,90.2,9.83,3.0,41.42,0.786,14.08,3.33,LANE_A,20225.0,-22.4,87.4,0.889,0,391.7,-5.24,-6.99,-4.84,-7.26,3.86,-2.18,0.6,-2.01,-0.5,21.5,-2.51,0.11,0.028,-0.02,0.7774,1
14.0,TRAIN_M03_LADAKH_FAULT01_OVERHEAT,TRAIN,LADAKH,CRUISE_LOITER,5393.4,2219.5,74.2,85.23,86.01,85.13,85.21,782.79,782.14,781.25,782.03,4.33,90.28,9.84,3.0,41.48,0.726,14.06,3.18,LANE_A,20225.0,-22.4,87.4,0.887,0,390.2,-5.18,-6.9,-4.78,-7.2,3.79,-1.86,0.25,-1.97,-0.52,21.63,-2.49,0.17,-0.031,-0.04,0.7792,1
14.05,TRAIN_M03_LADAKH_FAULT01_OVERHEAT,TRAIN,LADAKH,CRUISE_LOITER,5388.4,2217.5,74.2,85.22,86.04,85.12,85.19,782.76,781.67,781.22,782.24,4.32,90.2,9.91,3.0,41.29,0.726,14.07,3.16,LANE_A,20225.0,-22.4,87.4,0.884,0,388.7,-5.12,-6.8,-4.72,-7.15,3.76,-2.33,0.22,-1.76,-0.53,21.61,-2.41,-0.02,-0.03,-0.03,0.7787,1
14.1,TRAIN_M03_LADAKH_FAULT01_OVERHEAT,TRAIN,LADAKH,CRUISE_LOITER,5385.8,2216.4,74.2,85.21,86.06,85.11,85.17,783.05,781.95,781.69,782.2,4.33,90.16,9.75,3.0,41.25,0.712,14.04,2.99,LANE_A,20226.0,-22.4,87.4,0.881,0,387.2,-5.09,-6.74,-4.69,-7.13,4.05,-2.05,0.69,-1.8,-0.52,21.6,-2.57,-0.05,-0.044,-0.06,0.7787,1
14.15,TRAIN_M03_LADAKH_FAULT01_OVERHEAT,TRAIN,LADAKH,CRUISE_LOITER,5383.8,2215.5,74.2,85.2,86.09,85.09,85.16,782.86,782.45,781.44,782.34,4.35,90.16,9.72,3.0,41.25,0.725,14.06,3.23,LANE_A,20226.0,-22.4,87.4,0.878,0,385.7,-5.07,-6.68,-4.68,-7.11,3.86,-1.55,0.44,-1.66,-0.5,21.63,-2.59,-0.05,-0.031,-0.04,0.7789,1
14.2,TRAIN_M03_LADAKH_FAULT01_OVERHEAT,TRAIN,LADAKH,CRUISE_LOITER,5386.2,2216.6,74.2,85.19,86.12,85.08,85.15,782.35,782.16,781.36,782.59,4.33,90.19,9.88,3.0,41.29,0.746,14.06,3.18,LANE_A,20227.0,-22.4,87.4,0.875,0,384.2,-5.11,-6.68,-4.72,-7.15,3.35,-1.84,0.36,-1.41,-0.52,21.63,-2.44,-0.01,-0.01,-0.04,0.7788,1
14.25,TRAIN_M03_LADAKH_FAULT01_OVERHEAT,TRAIN,LADAKH,CRUISE_LOITER,5380.5,2214.2,74.2,85.18,86.15,85.06,85.13,782.63,782.05,781.42,782.42,4.28,90.19,9.85,3.0,41.28,0.761,14.06,3.22,LANE_A,20227.0,-22.4,87.4,0.873,0,382.7,-5.04,-6.57,-4.66,-7.09,3.63,-1.95,0.42,-1.58,-0.57,21.7,-2.45,-0.02,0.006,-0.04,0.7802,1
14.3,TRAIN_M03_LADAKH_FAULT01_OVERHEAT,TRAIN,LADAKH,CRUISE_LOITER,5376.6,2212.6,74.2,85.17,86.17,85.05,85.13,782.41,781.63,781.36,782.28,4.37,90.11,9.87,3.0,41.43,0.717,14.03,3.36,LANE_A,20228.0,-22.4,87.3,0.87,0,381.2,-5.01,-6.51,-4.63,-7.05,3.41,-2.37,0.36,-1.72,-0.48,21.64,-2.42,0.13,-0.038,-0.07,0.7784,1
14.35,TRAIN_M03_LADAKH_FAULT01_OVERHEAT,TRAIN,LADAKH,CRUISE_LOITER,5378.2,2213.3,74.1,85.15,86.2,85.04,85.11,782.32,781.53,781.37,782.33,4.33,89.99,9.69,3.0,41.37,0.797,14.06,3.21,LANE_A,20228.0,-22.4,87.3,0.867,0,379.7,-5.05,-6.5,-4.66,-7.09,3.24,-2.55,0.29,-1.75,-0.52,21.51,-2.6,0.08,0.042,-0.04,0.7772,1
14.4,TRAIN_M03_LADAKH_FAULT01_OVERHEAT,TRAIN,LADAKH,CRUISE_LOITER,5379.3,2213.7,74.1,85.14,86.23,85.03,85.1,782.31,781.71,781.53,782.05,4.34,89.84,9.82,3.0,41.35,0.78,14.09,3.26,LANE_A,20228.0,-22.4,87.3,0.864,0,378.2,-5.07,-6.48,-4.68,-7.11,3.23,-2.37,0.45,-2.03,-0.51,21.35,-2.48,0.06,0.025,-0.01,0.7746,1
14.45,TRAIN_M03_LADAKH_FAULT01_OVERHEAT,TRAIN,LADAKH,CRUISE_LOITER,5389.3,2217.8,74.1,85.13,86.26,85.02,85.09,782.33,781.45,781.7,781.96,4.37,89.92,9.91,3.0,41.37,0.783,14.08,3.22,LANE_A,20229.0,-22.4,87.3,0.861,0,376.7,-5.23,-6.6,-4.84,-7.27,3.25,-2.63,0.62,-2.12,-0.48,21.31,-2.41,0.08,0.026,-0.02,0.774,1
14.5,TRAIN_M03_LADAKH_FAULT01_OVERHEAT,TRAIN,LADAKH,CRUISE_LOITER,5391.0,2218.5,74.1,85.12,86.29,85.01,85.08,782.33,781.21,781.78,781.88,4.36,89.96,9.91,3.0,41.44,0.735,14.05,3.33,LANE_A,20229.0,-22.4,87.3,0.858,0,375.2,-5.27,-6.6,-4.88,-7.31,3.25,-2.87,0.7,-2.2,-0.49,21.33,-2.41,0.15,-0.022,-0.05,0.7744,1
14.55,TRAIN_M03_LADAKH_FAULT01_OVERHEAT,TRAIN,LADAKH,CRUISE_LOITER,5390.0,2218.1,74.1,85.11,86.33,85.0,85.08,782.43,781.17,781.78,782.13,4.32,89.93,9.94,3.0,41.39,0.753,14.08,3.25,LANE_A,20230.0,-22.4,87.3,0.855,0,373.8,-5.26,-6.54,-4.87,-7.29,3.35,-2.91,0.7,-1.95,-0.53,21.31,-2.38,0.1,-0.004,-0.02,0.7744,1
14.6,TRAIN_M03_LADAKH_FAULT01_OVERHEAT,TRAIN,LADAKH,CRUISE_LOITER,5383.3,2215.3,74.1,85.09,86.36,84.99,85.06,782.65,781.19,781.57,782.31,4.31,89.98,9.88,3.0,41.25,0.802,14.06,2.91,LANE_A,20230.0,-22.4,87.3,0.853,0,372.3,-5.18,-6.41,-4.78,-7.21,3.57,-2.89,0.49,-1.77,-0.54,21.44,-2.42,-0.04,0.046,-0.04,0.7762,1
14.65,TRAIN_M03_LADAKH_FAULT01_OVERHEAT,TRAIN,LADAKH,CRUISE_LOITER,5385.6,2216.3,74.1,85.08,86.4,84.98,85.05,782.4,781.34,781.98,782.39,4.38,89.98,9.9,3.0,41.25,0.789,14.04,3.26,LANE_A,20230.0,-22.4,87.3,0.85,0,370.8,-5.23,-6.41,-4.83,-7.26,3.32,-2.74,0.9,-1.69,-0.47,21.41,-2.41,-0.04,0.033,-0.06,0.7752,1
14.7,TRAIN_M03_LADAKH_FAULT01_OVERHEAT,TRAIN,LADAKH,CRUISE_LOITER,5388.5,2217.5,74.1,85.07,86.44,84.97,85.04,782.53,781.47,781.74,782.27,4.34,89.94,9.87,3.0,41.27,0.704,14.04,3.09,LANE_A,20231.0,-22.4,87.3,0.847,0,369.3,-5.28,-6.41,-4.88,-7.31,3.45,-2.61,0.66,-1.81,-0.51,21.34,-2.45,-0.02,-0.053,-0.06,0.7747,1
14.75,TRAIN_M03_LADAKH_FAULT01_OVERHEAT,TRAIN,LADAKH,CRUISE_LOITER,5388.2,2217.4,74.1,85.05,86.47,84.96,85.03,782.57,781.57,781.64,782.25,4.33,90.0,9.85,3.0,41.27,0.779,14.07,3.39,LANE_A,20231.0,-22.4,87.3,0.844,0,367.8,-5.3,-6.38,-4.89,-7.32,3.49,-2.51,0.56,-1.83,-0.52,21.4,-2.47,-0.02,0.023,-0.03,0.7757,1
14.8,TRAIN_M03_LADAKH_FAULT01_OVERHEAT,TRAIN,LADAKH,CRUISE_LOITER,5387.8,2217.2,74.1,85.03,86.5,84.95,85.02,782.44,781.77,781.56,782.54,4.33,90.09,9.78,3.0,41.23,0.758,14.03,3.32,LANE_A,20232.0,-22.4,87.3,0.841,0,366.3,-5.31,-6.34,-4.89,-7.32,3.36,-2.31,0.48,-1.54,-0.52,21.5,-2.53,-0.06,0.002,-0.07,0.7772,1
14.85,TRAIN_M03_LADAKH_FAULT01_OVERHEAT,TRAIN,LADAKH,CRUISE_LOITER,5392.4,2219.1,74.0,85.03,86.54,84.94,85.01,782.46,782.01,781.95,782.36,4.31,90.07,9.81,3.0,41.3,0.754,14.03,3.51,LANE_A,20232.0,-22.4,87.3,0.838,0,364.8,-5.37,-6.36,-4.96,-7.39,3.31,-2.14,0.8,-1.79,-0.54,21.43,-2.51,0.02,-0.003,-0.07,0.7765,1
14.9,TRAIN_M03_LADAKH_FAULT01_OVERHEAT,TRAIN,LADAKH,CRUISE_LOITER,5387.6,2217.1,74.0,85.01,86.58,84.92,85.0,782.32,781.53,782.04,781.97,4.37,89.98,9.81,3.0,41.31,0.769,14.05,3.16,LANE_A,20232.0,-22.4,87.3,0.836,0,363.3,-5.32,-6.25,-4.91,-7.33,3.17,-2.62,0.89,-2.18,-0.48,21.4,-2.5,0.03,0.013,-0.05,0.7753,1
14.95,TRAIN_M03_LADAKH_FAULT01_OVERHEAT,TRAIN,LADAKH,CRUISE_LOITER,5382.2,2214.9,74.0,85.01,86.62,84.91,84.98,782.59,781.45,782.16,782.09,4.37,90.04,9.84,3.0,41.26,0.765,14.06,3.29,LANE_A,20233.0,-22.4,87.3,0.833,0,361.8,-5.23,-6.12,-4.83,-7.26,3.44,-2.7,1.01,-2.06,-0.48,21.52,-2.46,-0.02,0.009,-0.04,0.7768,1
15.0,TRAIN_M03_LADAKH_FAULT01_OVERHEAT,TRAIN,LADAKH,CRUISE_LOITER,5379.6,2213.8,74.0,84.99,86.66,84.9,84.97,782.46,781.44,782.33,782.39,4.34,90.06,9.84,3.0,41.08,0.798,14.09,3.11,LANE_A,20233.0,-22.4,87.2,0.83,0,360.3,-5.24,-6.07,-4.83,-7.26,3.31,-2.71,1.18,-1.76,-0.51,21.55,-2.45,-0.2,0.043,-0.01,0.7775,1
15.05,TRAIN_M03_LADAKH_FAULT01_OVERHEAT,TRAIN,LADAKH,CRUISE_LOITER,5382.0,2214.8,74.0,84.98,86.7,84.9,84.96,782.48,781.6,782.35,782.26,4.35,90.06,9.8,3.0,41.12,0.766,14.08,3.36,LANE_A,20233.0,-22.4,87.2,0.827,0,358.8,-5.29,-6.07,-4.87,-7.31,3.33,-2.55,1.2,-1.89,-0.5,21.52,-2.5,-0.16,0.01,-0.02,0.7771,1
15.1,TRAIN_M03_LADAKH_FAULT01_OVERHEAT,TRAIN,LADAKH,CRUISE_LOITER,5378.8,2213.5,74.0,84.97,86.74,84.89,84.95,782.69,781.59,782.83,782.39,4.37,90.1,9.88,3.0,41.06,0.75,14.05,3.21,LANE_A,20234.0,-22.4,87.2,0.824,0,357.3,-5.25,-5.98,-4.83,-7.27,3.54,-2.56,1.68,-1.76,-0.48,21.6,-2.41,-0.22,-0.005,-0.05,0.7778,1
15.15,TRAIN_M03_LADAKH_FAULT01_OVERHEAT,TRAIN,LADAKH,CRUISE_LOITER,5382.2,2214.9,74.0,84.96,86.79,84.87,84.93,782.36,781.8,782.48,782.4,4.33,90.2,9.8,3.0,41.2,0.709,14.06,2.96,LANE_A,20234.0,-22.4,87.2,0.822,0,355.8,-5.31,-5.98,-4.9,-7.34,3.21,-2.35,1.33,-1.75,-0.52,21.66,-2.5,-0.08,-0.047,-0.04,0.7793,1
15.2,TRAIN_M03_LADAKH_FAULT01_OVERHEAT,TRAIN,LADAKH,CRUISE_LOITER,5373.3,2211.2,74.0,84.94,86.83,84.86,84.92,782.05,782.09,782.58,782.01,4.33,90.27,9.77,3.0,41.26,0.808,14.07,3.0,LANE_A,20234.0,-22.4,87.2,0.819,0,354.3,-5.2,-5.81,-4.78,-7.22,2.9,-2.06,1.43,-2.14,-0.52,21.84,-2.51,-0.02,0.054,-0.03,0.7816,1
15.25,TRAIN_M03_LADAKH_FAULT01_OVERHEAT,TRAIN,LADAKH,CRUISE_LOITER,5378.4,2213.3,74.0,84.93,86.88,84.84,84.91,782.05,782.2,782.67,781.99,4.35,90.15,9.72,3.0,41.29,0.743,14.06,3.15,LANE_A,20235.0,-22.5,87.2,0.816,0,352.8,-5.19,-5.74,-4.78,-7.21,2.91,-1.94,1.53,-2.15,-0.5,21.75,-2.57,0.01,-0.012,-0.04,0.7801,1
15.3,TRAIN_M03_LADAKH_FAULT01_OVERHEAT,TRAIN,LADAKH,CRUISE_LOITER,5383.2,2215.3,73.9,84.92,86.92,84.82,84.89,782.09,782.39,782.59,781.82,4.36,90.07,9.62,3.0,41.39,0.722,14.04,3.14,LANE_A,20235.0,-22.5,87.2,0.813,0,351.3,-5.26,-5.76,-4.86,-7.29,2.88,-1.82,1.38,-2.39,-0.49,21.62,-2.68,0.12,-0.034,-0.06,0.7786,1
15.35,TRAIN_M03_LADAKH_FAULT01_OVERHEAT,TRAIN,LADAKH,CRUISE_LOITER,5389.8,2218.0,73.9,84.91,86.96,84.81,84.88,782.3,782.2,782.39,782.01,4.3,90.18,9.54,3.0,41.33,0.76,14.05,3.04,LANE_A,20235.0,-22.5,87.2,0.81,0,349.8,-5.37,-5.82,-4.97,-7.4,3.09,-2.01,1.18,-2.2,-0.55,21.65,-2.78,0.06,0.003,-0.05,0.78,1
15.4,TRAIN_M03_LADAKH_FAULT01_OVERHEAT,TRAIN,LADAKH,CRUISE_LOITER,5391.1,2218.5,73.9,84.89,86.99,84.79,84.86,782.41,781.63,782.19,781.83,4.31,90.17,9.55,3.0,41.25,0.697,14.08,3.31,LANE_A,20236.0,-22.5,87.2,0.807,0,348.3,-5.41,-5.81,-5.01,-7.44,3.2,-2.58,0.98,-2.38,-0.54,21.63,-2.77,-0.02,-0.06,-0.02,0.7797,1
15.45,TRAIN_M03_LADAKH_FAULT01_OVERHEAT,TRAIN,LADAKH,CRUISE_LOITER,5384.4,2215.8,73.9,84.87,87.03,84.78,84.85,782.08,781.91,782.16,781.42,4.39,90.17,9.55,3.0,41.27,0.793,14.05,3.29,LANE_A,20236.0,-22.5,87.2,0.804,0,346.8,-5.33,-5.67,-4.92,-7.35,2.87,-2.3,0.95,-2.79,-0.46,21.71,-2.75,0.0,0.037,-0.05,0.7798,1
15.5,TRAIN_M03_LADAKH_FAULT01_OVERHEAT,TRAIN,LADAKH,CRUISE_LOITER,5378.7,2213.4,73.9,84.85,87.07,84.76,84.83,782.25,781.6,782.2,781.38,4.28,90.27,9.6,3.0,41.27,0.781,14.1,3.18,LANE_A,20236.0,-22.5,87.2,0.802,0,345.4,-5.26,-5.54,-4.85,-7.28,3.04,-2.61,0.99,-2.83,-0.57,21.88,-2.69,0.0,0.026,0.0,0.7829,1
15.55,TRAIN_M03_LADAKH_FAULT01_OVERHEAT,TRAIN,LADAKH,CRUISE_LOITER,5371.8,2210.6,73.9,84.84,87.11,84.75,84.8,782.11,781.99,781.72,781.59,4.35,90.13,9.61,3.0,41.28,0.753,14.07,3.71,LANE_A,20237.0,-22.5,87.2,0.799,0,343.9,-5.17,-5.4,-4.76,-7.21,2.9,-2.22,0.51,-2.62,-0.5,21.82,-2.66,0.01,-0.001,-0.03,0.7811,1
15.6,TRAIN_M03_LADAKH_FAULT01_OVERHEAT,TRAIN,LADAKH,CRUISE_LOITER,5370.6,2210.1,73.9,84.82,87.16,84.73,84.79,781.55,782.32,781.75,781.18,4.29,90.11,9.5,3.0,41.32,0.7,14.07,3.49,LANE_A,20237.0,-22.5,87.2,0.796,0,342.4,-5.17,-5.33,-4.76,-7.2,2.34,-1.89,0.54,-3.03,-0.56,21.82,-2.77,0.05,-0.054,-0.03,0.7818,1
15.65,TRAIN_M03_LADAKH_FAULT01_OVERHEAT,TRAIN,LADAKH,CRUISE_LOITER,5368.7,2209.3,73.9,84.8,87.2,84.72,84.77,782.09,782.3,782.0,781.15,4.3,90.29,9.54,3.0,41.21,0.692,14.05,3.47,LANE_A,20237.0,-22.5,87.2,0.793,0,340.9,-5.16,-5.26,-4.74,-7.19,2.88,-1.91,0.79,-3.06,-0.55,22.02,-2.73,-0.06,-0.062,-0.05,0.7845,1
15.7,TRAIN_M03_LADAKH_FAULT01_OVERHEAT,TRAIN,LADAKH,CRUISE_LOITER,5364.0,2207.4,73.8,84.78,87.24,84.7,84.75,781.96,782.12,781.87,781.11,4.33,90.35,9.59,3.0,41.12,0.798,14.06,3.06,LANE_A,20238.0,-22.5,87.2,0.79,0,339.4,-5.1,-5.14,-4.68,-7.13,2.67,-2.17,0.58,-3.18,-0.51,22.15,-2.66,-0.14,0.045,-0.04,0.7856,1
15.75,TRAIN_M03_LADAKH_FAULT01_OVERHEAT,TRAIN,LADAKH,CRUISE_LOITER,5368.3,2209.2,73.8,84.76,87.29,84.69,84.73,781.96,782.24,781.95,781.19,4.35,90.42,9.56,3.0,41.13,0.792,14.05,3.3,LANE_A,20238.0,-22.5,87.1,0.787,0,337.9,-5.21,-5.18,-4.78,-7.24,2.67,-2.05,0.66,-3.1,-0.5,22.14,-2.7,-0.13,0.039,-0.05,0.7856,1
15.8,TRAIN_M03_LADAKH_FAULT01_OVERHEAT,TRAIN,LADAKH,CRUISE_LOITER,5369.1,2209.5,73.8,84.75,87.33,84.67,84.72,781.91,782.17,782.42,781.21,4.31,90.33,9.48,3.0,41.16,0.796,14.06,3.27,LANE_A,20238.0,-22.5,87.1,0.785,0,336.4,-5.23,-5.15,-4.81,-7.26,2.62,-2.12,1.13,-3.08,-0.54,22.04,-2.78,-0.1,0.042,-0.04,0.7848,1
15.85,TRAIN_M03_LADAKH_FAULT01_OVERHEAT,TRAIN,LADAKH,CRUISE_LOITER,5379.0,2213.6,73.8,84.73,87.38,84.65,84.71,781.97,782.54,782.12,781.33,4.28,90.28,9.53,3.0,41.13,0.721,14.05,3.19,LANE_A,20239.0,-22.5,87.1,0.782,0,334.9,-5.4,-5.25,-4.98,-7.42,2.68,-1.75,0.83,-2.96,-0.57,21.87,-2.76,-0.13,-0.034,-0.05,0.783,1
15.9,TRAIN_M03_LADAKH_FAULT01_OVERHEAT,TRAIN,LADAKH,CRUISE_LOITER,5375.3,2212.0,73.8,84.71,87.43,84.64,84.69,782.15,782.49,782.4,781.75,4.37,90.21,9.53,3.0,41.12,0.719,14.05,3.1,LANE_A,20239.0,-22.5,87.1,0.779,0,333.4,-5.37,-5.15,-4.94,-7.39,2.86,-1.8,1.11,-2.54,-0.48,21.85,-2.75,-0.14,-0.036,-0.05,0.7817,1
15.95,TRAIN_M03_LADAKH_FAULT01_OVERHEAT,TRAIN,LADAKH,CRUISE_LOITER,5371.3,2210.4,73.8,84.69,87.47,84.62,84.67,782.09,782.41,782.36,781.97,4.25,90.3,9.58,3.0,41.23,0.744,14.07,3.31,LANE_A,20239.0,-22.5,87.1,0.776,0,331.9,-5.33,-5.05,-4.9,-7.35,2.8,-1.88,1.07,-2.32,-0.6,21.99,-2.69,-0.03,-0.01,-0.03,0.7846,1
16.0,TRAIN_M03_LADAKH_FAULT01_OVERHEAT,TRAIN,LADAKH,CRUISE_LOITER,5370.4,2210.0,73.8,84.67,87.53,84.61,84.66,782.26,782.32,782.77,781.96,4.31,90.3,9.68,3.0,41.22,0.738,14.06,3.31,LANE_A,20240.0,-22.5,87.1,0.773,0,330.4,-5.33,-4.97,-4.89,-7.34,2.97,-1.97,1.48,-2.33,-0.54,22.0,-2.59,-0.03,-0.016,-0.04,0.7839,1
16.05,TRAIN_M03_LADAKH_FAULT01_OVERHEAT,TRAIN,LADAKH,CRUISE_LOITER,5369.3,2209.6,73.8,84.66,87.58,84.59,84.65,782.14,782.22,782.58,781.92,4.3,90.38,9.75,3.0,41.3,0.776,14.05,3.17,LANE_A,20240.0,-22.5,87.1,0.77,0,328.9,-5.33,-4.91,-4.9,-7.34,2.85,-2.07,1.29,-2.37,-0.55,22.09,-2.51,0.05,0.022,-0.05,0.7851,1
16.1,TRAIN_M03_LADAKH_FAULT01_OVERHEAT,TRAIN,LADAKH,CRUISE_LOITER,5371.2,2210.4,73.7,84.65,87.64,84.58,84.64,781.88,781.71,782.47,781.64,4.31,90.41,9.84,3.0,41.22,0.768,14.04,3.35,LANE_A,20240.0,-22.5,87.1,0.768,0,327.4,-5.36,-4.87,-4.93,-7.37,2.52,-2.65,1.11,-2.72,-0.54,22.11,-2.42,-0.03,0.014,-0.06,0.7852,1
16.15,TRAIN_M03_LADAKH_FAULT01_OVERHEAT,TRAIN,LADAKH,CRUISE_LOITER,5376.8,2212.7,73.7,84.64,87.69,84.57,84.63,781.71,782.02,782.15,782.02,4.3,90.27,9.85,3.0,41.16,0.792,14.08,2.97,LANE_A,20240.0,-22.5,87.1,0.765,0,325.9,-5.45,-4.9,-5.02,-7.46,2.35,-2.34,0.79,-2.34,-0.55,21.9,-2.43,-0.09,0.037,-0.02,0.7825,1
16.2,TRAIN_M03_LADAKH_FAULT01_OVERHEAT,TRAIN,LADAKH,CRUISE_LOITER,5368.8,2209.4,73.7,84.63,87.75,84.55,84.62,781.54,782.05,782.31,782.12,4.29,90.19,9.7,3.0,41.14,0.718,14.06,3.44,LANE_A,20241.0,-22.5,87.1,0.762,0,324.4,-5.34,-4.72,-4.92,-7.35,2.18,-2.31,0.95,-2.24,-0.56,21.92,-2.56,-0.11,-0.036,-0.04,0.7828,1
16.25,TRAIN_M03_LADAKH_FAULT01_OVERHEAT,TRAIN,LADAKH,CRUISE_LOITER,5375.8,2212.3,73.7,84.62,87.81,84.54,84.6,781.75,782.15,782.17,782.37,4.32,90.2,9.77,3.0,41.19,0.735,14.07,3.26,LANE_A,20241.0,-22.5,87.1,0.759,0,322.9,-5.45,-4.76,-5.03,-7.47,2.39,-2.21,0.81,-1.99,-0.53,21.84,-2.5,-0.06,-0.02,-0.03,0.7815,1
16.3,TRAIN_M03_LADAKH_FAULT01_OVERHEAT,TRAIN,LADAKH,CRUISE_LOITER,5377.9,2213.1,73.7,84.6,87.87,84.53,84.59,781.43,781.94,782.67,782.6,4.33,90.22,9.72,3.0,41.33,0.76,14.06,2.97,LANE_A,20241.0,-22.5,87.1,0.756,0,321.4,-5.51,-4.74,-5.08,-7.52,2.07,-2.42,1.31,-1.76,-0.52,21.84,-2.56,0.08,0.005,-0.04,0.7816,1
16.35,TRAIN_M03_LADAKH_FAULT01_OVERHEAT,TRAIN,LADAKH,CRUISE_LOITER,5383.2,2215.3,73.7,84.59,87.92,84.52,84.59,781.38,782.02,782.4,782.56,4.33,90.23,9.71,3.0,41.31,0.78,14.08,3.22,LANE_A,20241.0,-22.5,87.1,0.753,0,319.9,-5.6,-4.77,-5.17,-7.6,2.02,-2.34,1.04,-1.8,-0.52,21.78,-2.58,0.06,0.024,-0.02,0.7809,1
16.4,TRAIN_M03_LADAKH_FAULT01_OVERHEAT,TRAIN,LADAKH,CRUISE_LOITER,5380.8,2214.3,73.7,84.58,87.98,84.51,84.58,781.48,782.02,781.69,782.56,4.33,90.13,9.71,3.0,41.37,0.71,14.07,3.39,LANE_A,20242.0,-22.5,87.1,0.751,0,318.4,-5.57,-4.67,-5.14,-7.57,2.12,-2.34,0.33,-1.8,-0.52,21.71,-2.57,0.13,-0.045,-0.03,0.7798,1
16.45,TRAIN_M03_LADAKH_FAULT01_OVERHEAT,TRAIN,LADAKH,CRUISE_LOITER,5377.4,2212.9,73.6,84.58,88.04,84.5,84.57,781.43,782.19,781.72,782.46,4.32,90.12,9.74,3.0,41.33,0.751,14.05,3.18,LANE_A,20242.0,-22.5,87.1,0.748,0,316.9,-5.51,-4.55,-5.09,-7.52,1.99,-2.25,0.28,-1.98,-0.53,21.75,-2.53,0.09,-0.004,-0.05,0.7803,1
16.5,TRAIN_M03_LADAKH_FAULT01_OVERHEAT,TRAIN,LADAKH,CRUISE_LOITER,5375.5,2212.1,73.6,84.57,88.1,84.48,84.56,781.35,782.57,781.54,782.07,4.31,90.28,9.76,3.0,41.34,0.718,14.05,3.21,LANE_A,20242.0,-22.5,87.1,0.745,0,315.5,-5.49,-4.46,-5.08,-7.5,1.91,-1.87,0.1,-2.37,-0.54,21.93,-2.51,0.1,-0.037,-0.05,0.7828,1
16.55,TRAIN_M03_LADAKH_FAULT01_OVERHEAT,TRAIN,LADAKH,CRUISE_LOITER,5374.7,2211.8,73.6,84.55,88.15,84.47,84.54,781.14,783.06,781.64,782.37,4.32,90.29,9.73,3.0,41.21,0.728,14.07,2.95,LANE_A,20242.0,-22.5,87.1,0.742,1,314.0,-5.5,-4.4,-5.08,-7.51,1.7,-1.38,0.2,-2.07,-0.53,21.95,-2.54,-0.03,-0.026,-0.03,0.783,1
16.6,TRAIN_M03_LADAKH_FAULT01_OVERHEAT,TRAIN,LADAKH,CRUISE_LOITER,5383.8,2215.5,73.6,84.54,88.21,84.46,84.53,781.82,782.77,781.64,782.47,4.31,90.36,9.64,3.0,41.36,0.744,14.06,3.09,LANE_A,20243.0,-22.5,87.0,0.739,1,312.5,-5.67,-4.5,-5.25,-7.68,2.38,-1.67,0.2,-1.97,-0.54,21.89,-2.65,0.12,-0.012,-0.04,0.7828,1
16.65,TRAIN_M03_LADAKH_FAULT01_OVERHEAT,TRAIN,LADAKH,CRUISE_LOITER,5384.0,2215.7,73.6,84.53,88.27,84.45,84.52,782.01,782.74,781.42,782.68,4.34,90.36,9.72,3.0,41.19,0.755,14.04,3.23,LANE_A,20243.0,-22.5,87.0,0.736,1,311.0,-5.68,-4.44,-5.26,-7.69,2.57,-1.7,-0.02,-1.76,-0.51,21.89,-2.57,-0.05,-0.001,-0.06,0.7824,1
16.7,TRAIN_M03_LADAKH_FAULT01_OVERHEAT,TRAIN,LADAKH,CRUISE_LOITER,5379.9,2214.0,73.6,84.52,88.33,84.44,84.51,782.1,782.98,781.63,782.81,4.32,90.38,9.66,3.0,41.16,0.741,14.05,3.3,LANE_A,20243.0,-22.5,87.0,0.734,1,309.5,-5.63,-4.32,-5.21,-7.64,2.66,-1.46,0.19,-1.63,-0.53,21.96,-2.62,-0.08,-0.014,-0.05,0.7835,1
16.75,TRAIN_M03_LADAKH_FAULT01_OVERHEAT,TRAIN,LADAKH,CRUISE_LOITER,5385.4,2216.2,73.6,84.51,88.39,84.43,84.5,782.28,783.62,781.69,782.92,4.35,90.44,9.77,3.0,41.27,0.73,14.06,3.12,LANE_A,20243.0,-22.5,87.0,0.731,1,308.0,-5.72,-4.34,-5.3,-7.73,2.84,-0.82,0.25,-1.52,-0.5,21.95,-2.52,0.03,-0.026,-0.04,0.7831,1
16.8,TRAIN_M03_LADAKH_FAULT01_OVERHEAT,TRAIN,LADAKH,CRUISE_LOITER,5384.5,2215.8,73.5,84.5,88.45,84.42,84.49,782.44,783.69,782.12,782.91,4.34,90.45,9.74,3.0,41.38,0.732,14.07,3.25,LANE_A,20244.0,-22.5,87.0,0.728,1,306.5,-5.71,-4.26,-5.29,-7.72,2.93,-0.82,0.61,-1.6,-0.51,21.98,-2.55,0.15,-0.024,-0.03,0.7836,1
16.85,TRAIN_M03_LADAKH_FAULT01_OVERHEAT,TRAIN,LADAKH,CRUISE_LOITER,5383.7,2215.5,73.5,84.49,88.52,84.41,84.48,782.33,783.46,781.89,782.84,4.29,90.41,9.7,3.0,41.25,0.704,14.05,3.13,LANE_A,20244.0,-22.5,87.0,0.725,1,305.0,-5.71,-4.18,-5.29,-7.72,2.82,-1.05,0.38,-1.67,-0.56,21.95,-2.58,0.02,-0.052,-0.05,0.7837,1
16.9,TRAIN_M03_LADAKH_FAULT01_OVERHEAT,TRAIN,LADAKH,CRUISE_LOITER,5380.2,2214.1,73.5,84.48,88.58,84.39,84.47,782.31,782.94,781.95,782.76,4.31,90.6,9.62,3.0,41.24,0.73,14.07,3.26,LANE_A,20244.0,-22.5,87.0,0.722,1,303.5,-5.67,-4.07,-5.26,-7.68,2.8,-1.57,0.44,-1.75,-0.54,22.18,-2.66,0.01,-0.025,-0.03,0.7867,1
16.95,TRAIN_M03_LADAKH_FAULT01_OVERHEAT,TRAIN,LADAKH,CRUISE_LOITER,5380.7,2214.3,73.5,84.46,88.64,84.38,84.46,782.54,782.52,782.18,782.77,4.33,90.77,9.7,3.0,41.18,0.783,14.06,3.37,LANE_A,20244.0,-22.5,87.0,0.72,1,302.0,-5.69,-4.01,-5.27,-7.69,3.03,-1.99,0.67,-1.74,-0.52,22.35,-2.58,-0.05,0.028,-0.04,0.7888,1
17.0,TRAIN_M03_LADAKH_FAULT01_OVERHEAT,TRAIN,LADAKH,CRUISE_LOITER,5378.1,2213.2,73.5,84.46,88.71,84.37,84.45,782.19,782.61,782.05,783.06,4.27,90.74,9.74,3.0,41.23,0.752,14.07,2.8,LANE_A,20244.0,-22.5,87.0,0.717,1,300.5,-5.65,-3.9,-5.24,-7.66,2.68,-1.9,0.54,-1.45,-0.58,22.35,-2.53,0.0,-0.003,-0.03,0.7891,1
17.05,TRAIN_M03_LADAKH_FAULT01_OVERHEAT,TRAIN,LADAKH,CRUISE_LOITER,5380.4,2214.2,73.5,84.45,88.77,84.35,84.43,782.28,782.6,781.78,782.85,4.3,90.74,9.72,3.0,41.36,0.691,14.05,3.01,LANE_A,20245.0,-22.5,87.0,0.714,1,299.0,-5.7,-3.88,-5.3,-7.72,2.77,-1.91,0.27,-1.66,-0.55,22.32,-2.56,0.13,-0.064,-0.05,0.7886,1
17.1,TRAIN_M03_LADAKH_FAULT01_OVERHEAT,TRAIN,LADAKH,CRUISE_LOITER,5380.0,2214.0,73.5,84.44,88.84,84.34,84.42,782.01,782.59,781.88,783.01,4.32,90.75,9.63,3.0,41.25,0.814,14.08,3.01,LANE_A,20245.0,-22.5,87.0,0.711,1,297.5,-5.7,-3.8,-5.3,-7.72,2.5,-1.92,0.37,-1.5,-0.53,22.34,-2.64,0.02,0.059,-0.02,0.7888,1
17.15,TRAIN_M03_LADAKH_FAULT01_OVERHEAT,TRAIN,LADAKH,CRUISE_LOITER,5375.8,2212.3,73.4,84.42,88.9,84.33,84.41,782.16,782.73,781.81,783.06,4.28,90.75,9.61,3.0,41.15,0.786,14.07,3.01,LANE_A,20245.0,-22.5,87.0,0.708,1,296.0,-5.65,-3.67,-5.24,-7.66,2.57,-1.86,0.22,-1.53,-0.57,22.39,-2.65,-0.07,0.031,-0.03,0.7897,1
17.2,TRAIN_M03_LADAKH_FAULT01_OVERHEAT,TRAIN,LADAKH,CRUISE_LOITER,5379.6,2213.8,73.4,84.4,88.96,84.31,84.4,782.3,782.53,782.15,783.04,4.34,90.72,9.68,3.0,41.26,0.742,14.06,3.11,LANE_A,20245.0,-22.5,87.0,0.705,1,294.5,-5.73,-3.67,-5.32,-7.73,2.71,-2.06,0.56,-1.55,-0.51,22.32,-2.59,0.04,-0.013,-0.04,0.7882,1
17.25,TRAIN_M03_LADAKH_FAULT01_OVERHEAT,TRAIN,LADAKH,CRUISE_LOITER,5378.9,2213.6,73.4,84.39,89.03,84.31,84.39,782.33,782.59,782.11,783.26,4.33,90.67,9.66,3.0,41.14,0.723,14.05,3.21,LANE_A,20245.0,-22.5,87.0,0.703,1,293.0,-5.73,-3.59,-5.31,-7.73,2.74,-2.0,0.52,-1.33,-0.52,22.28,-2.61,-0.08,-0.032,-0.05,0.7878,1
17.3,TRAIN_M03_LADAKH_FAULT01_OVERHEAT,TRAIN,LADAKH,CRUISE_LOITER,5379.5,2213.8,73.4,84.38,89.1,84.29,84.38,782.5,782.66,782.32,783.4,4.29,90.65,9.74,3.0,41.38,0.732,14.06,3.27,LANE_A,20246.0,-22.5,87.0,0.7,1,291.5,-5.74,-3.52,-5.33,-7.74,2.91,-1.93,0.73,-1.19,-0.56,22.25,-2.53,0.16,-0.023,-0.04,0.7876,1
17.35,TRAIN_M03_LADAKH_FAULT01_OVERHEAT,TRAIN,LADAKH,CRUISE_LOITER,5375.7,2212.2,73.4,84.37,89.17,84.28,84.38,782.67,782.81,782.33,783.4,4.31,90.62,9.57,3.0,41.32,0.785,14.05,3.27,LANE_A,20246.0,-22.5,87.0,0.697,1,290.0,-5.7,-3.4,-5.29,-7.69,3.08,-1.78,0.74,-1.19,-0.54,22.27,-2.69,0.1,0.03,-0.05,0.7878,1
17.4,TRAIN_M03_LADAKH_FAULT01_OVERHEAT,TRAIN,LADAKH,CRUISE_LOITER,5371.0,2210.3,73.4,84.35,89.23,84.27,84.36,782.91,782.44,782.49,783.22,4.33,90.59,9.53,3.0,41.37,0.786,14.08,3.16,LANE_A,20246.0,-22.5,87.0,0.694,1,288.5,-5.65,-3.27,-5.23,-7.64,3.32,-2.15,0.9,-1.37,-0.52,22.29,-2.72,0.15,0.032,-0.02,0.7878,1
17.45,TRAIN_M03_LADAKH_FAULT01_OVERHEAT,TRAIN,LADAKH,CRUISE_LOITER,5368.1,2209.1,73.3,84.34,89.29,84.25,84.34,783.13,782.65,782.7,782.89,4.3,90.66,9.44,3.0,41.44,0.805,14.06,3.38,LANE_A,20246.0,-22.5,87.0,0.691,1,287.0,-5.6,-3.15,-5.19,-7.6,3.47,-2.01,1.04,-1.77,-0.55,22.41,-2.8,0.23,0.052,-0.04,0.7898,1
17.5,TRAIN_M03_LADAKH_FAULT01_OVERHEAT,TRAIN,LADAKH,CRUISE_LOITER,5363.9,2207.4,73.3,84.32,89.35,84.24,84.32,783.04,782.4,782.6,782.81,4.32,90.61,9.52,3.0,41.28,0.76,14.07,3.36,LANE_A,20246.0,-22.5,87.0,0.688,1,285.6,-5.56,-3.03,-5.14,-7.56,3.38,-2.26,0.94,-1.85,-0.52,22.41,-2.71,0.07,0.007,-0.03,0.7893,1
17.55,TRAIN_M03_LADAKH_FAULT01_OVERHEAT,TRAIN,LADAKH,CRUISE_LOITER,5365.1,2207.8,73.3,84.31,89.41,84.23,84.31,783.08,782.66,782.87,782.95,4.31,90.8,9.64,3.0,41.3,0.739,14.05,2.94,LANE_A,20247.0,-22.5,87.0,0.685,1,284.1,-5.59,-2.99,-5.17,-7.59,3.42,-2.0,1.21,-1.71,-0.53,22.58,-2.59,0.09,-0.014,-0.05,0.7915,1
17.6,TRAIN_M03_LADAKH_FAULT01_OVERHEAT,TRAIN,LADAKH,CRUISE_LOITER,5362.1,2206.6,73.3,84.3,89.48,84.22,84.3,782.91,782.6,782.58,783.06,4.32,90.8,9.64,3.0,41.36,0.697,14.06,3.15,LANE_A,20247.0,-22.5,86.9,0.683,1,282.6,-5.58,-2.9,-5.16,-7.58,3.25,-2.06,0.92,-1.6,-0.52,22.6,-2.59,0.15,-0.056,-0.04,0.7917,1
17.65,TRAIN_M03_LADAKH_FAULT01_OVERHEAT,TRAIN,LADAKH,CRUISE_LOITER,5363.1,2207.0,73.3,84.28,89.55,84.21,84.28,782.92,782.8,782.76,782.96,4.28,90.85,9.56,3.0,41.36,0.729,14.03,3.24,LANE_A,20247.0,-22.5,86.9,0.68,1,281.1,-5.61,-2.84,-5.18,-7.61,3.26,-1.86,1.1,-1.7,-0.56,22.63,-2.67,0.15,-0.024,-0.07,0.7926,1
17.7,TRAIN_M03_LADAKH_FAULT01_OVERHEAT,TRAIN,LADAKH,CRUISE_LOITER,5358.9,2205.3,73.3,84.27,89.62,84.19,84.26,782.59,782.82,782.4,783.14,4.33,90.83,9.53,3.0,41.29,0.743,14.05,2.86,LANE_A,20247.0,-22.5,86.9,0.677,1,279.6,-5.56,-2.71,-5.14,-7.57,2.93,-1.84,0.74,-1.52,-0.51,22.67,-2.69,0.08,-0.009,-0.05,0.7926,1
17.75,TRAIN_M03_LADAKH_FAULT01_OVERHEAT,TRAIN,LADAKH,CRUISE_LOITER,5362.3,2206.7,73.2,84.26,89.69,84.18,84.25,782.33,782.52,782.32,782.68,4.34,90.93,9.54,3.0,41.27,0.759,14.06,3.2,LANE_A,20247.0,-22.5,86.9,0.674,1,278.1,-5.61,-2.68,-5.19,-7.62,2.6,-2.21,0.59,-2.05,-0.5,22.73,-2.68,0.07,0.006,-0.04,0.7934,1
17.8,TRAIN_M03_LADAKH_FAULT01_OVERHEAT,TRAIN,LADAKH,CRUISE_LOITER,5363.0,2207.0,73.2,84.25,89.76,84.17,84.24,782.5,782.48,782.89,782.95,4.32,90.98,9.59,3.0,41.33,0.74,14.06,3.41,LANE_A,20247.0,-22.6,86.9,0.671,1,276.6,-5.54,-2.53,-5.12,-7.55,2.78,-2.24,1.17,-1.77,-0.53,22.87,-2.64,0.13,-0.013,-0.04,0.7953,1
17.85,TRAIN_M03_LADAKH_FAULT01_OVERHEAT,TRAIN,LADAKH,CRUISE_LOITER,5368.0,2209.1,73.2,84.24,89.83,84.16,84.23,782.81,782.11,782.99,782.9,4.3,91.02,9.75,3.0,41.26,0.767,14.03,3.4,LANE_A,20247.0,-22.6,86.9,0.668,1,275.1,-5.62,-2.53,-5.2,-7.63,3.09,-2.61,1.27,-1.82,-0.55,22.85,-2.49,0.06,0.014,-0.07,0.7951,1
17.9,TRAIN_M03_LADAKH_FAULT01_OVERHEAT,TRAIN,LADAKH,CRUISE_LOITER,5368.2,2209.1,73.2,84.23,89.91,84.15,84.22,783.26,782.39,782.95,782.65,4.25,90.96,9.7,3.0,41.31,0.81,14.05,3.02,LANE_A,20248.0,-22.6,86.9,0.666,1,273.6,-5.64,-2.46,-5.22,-7.65,3.54,-2.33,1.23,-2.07,-0.6,22.79,-2.54,0.11,0.057,-0.05,0.7949,1
17.95,TRAIN_M03_LADAKH_FAULT01_OVERHEAT,TRAIN,LADAKH,CRUISE_LOITER,5370.5,2210.1,73.2,84.22,89.99,84.14,84.21,782.91,782.29,782.93,782.61,4.28,91.04,9.78,3.0,41.31,0.692,14.06,3.24,LANE_A,20248.0,-22.6,86.9,0.663,1,272.1,-5.68,-2.41,-5.26,-7.69,3.19,-2.43,1.21,-2.11,-0.57,22.84,-2.47,0.11,-0.062,-0.04,0.7952,1
18.0,TRAIN_M03_LADAKH_FAULT01_OVERHEAT,TRAIN,LADAKH,CRUISE_LOITER,5372.3,2210.8,73.2,84.21,90.07,84.13,84.2,782.58,782.43,782.57,782.29,4.3,91.07,9.71,3.0,41.35,0.727,14.07,3.56,LANE_A,20248.0,-22.6,86.9,0.66,1,270.6,-5.72,-2.36,-5.3,-7.73,2.86,-2.29,0.85,-2.43,-0.55,22.85,-2.54,0.15,-0.027,-0.03,0.7953,1
18.05,TRAIN_M03_LADAKH_FAULT01_OVERHEAT,TRAIN,LADAKH,CRUISE_LOITER,5364.8,2207.7,73.2,84.19,90.15,84.12,84.18,782.65,782.5,782.44,782.54,4.3,91.08,9.63,3.0,41.31,0.786,14.06,3.03,LANE_A,20248.0,-22.6,86.9,0.657,1,269.1,-5.62,-2.16,-5.19,-7.63,2.93,-2.22,0.72,-2.18,-0.55,22.95,-2.6,0.11,0.033,-0.04,0.7965,1
18.1,TRAIN_M03_LADAKH_FAULT01_OVERHEAT,TRAIN,LADAKH,CRUISE_LOITER,5371.2,2210.4,73.1,84.18,90.22,84.11,84.18,782.4,782.34,782.44,782.66,4.28,91.05,9.71,3.0,41.4,0.765,14.04,3.13,LANE_A,20248.0,-22.6,86.9,0.654,1,267.6,-5.72,-2.18,-5.29,-7.72,2.61,-2.45,0.65,-2.13,-0.57,22.85,-2.54,0.21,0.011,-0.06,0.7954,1
18.15,TRAIN_M03_LADAKH_FAULT01_OVERHEAT,TRAIN,LADAKH,CRUISE_LOITER,5370.7,2210.2,73.1,84.17,90.29,84.1,84.16,782.32,781.95,782.75,782.92,4.3,91.0,9.6,3.0,41.35,0.719,14.05,3.24,LANE_A,20248.0,-22.6,86.9,0.651,1,266.1,-5.72,-2.1,-5.29,-7.73,2.53,-2.84,0.96,-1.87,-0.55,22.8,-2.64,0.16,-0.035,-0.05,0.7947,1
18.2,TRAIN_M03_LADAKH_FAULT01_OVERHEAT,TRAIN,LADAKH,CRUISE_LOITER,5372.5,2210.9,73.1,84.16,90.37,84.09,84.15,782.03,782.12,782.86,782.84,4.32,90.86,9.73,3.0,41.25,0.738,14.05,3.25,LANE_A,20248.0,-22.6,86.9,0.649,1,264.6,-5.76,-2.05,-5.33,-7.77,2.24,-2.67,1.07,-1.95,-0.53,22.64,-2.52,0.06,-0.016,-0.05,0.7923,1
18.25,TRAIN_M03_LADAKH_FAULT01_OVERHEAT,TRAIN,LADAKH,CRUISE_LOITER,5379.6,2213.8,73.1,84.16,90.45,84.09,84.15,782.27,782.56,783.11,782.5,4.34,90.66,9.8,3.0,41.18,0.802,14.03,3.23,LANE_A,20248.0,-22.6,86.9,0.646,1,263.1,-5.87,-2.08,-5.44,-7.88,2.48,-2.23,1.32,-2.29,-0.51,22.36,-2.46,-0.01,0.047,-0.07,0.7884,1
18.3,TRAIN_M03_LADAKH_FAULT01_OVERHEAT,TRAIN,LADAKH,CRUISE_LOITER,5382.1,2214.8,73.1,84.15,90.53,84.08,84.15,782.03,782.24,783.05,782.28,4.33,90.55,9.73,3.0,41.19,0.76,14.06,3.21,LANE_A,20249.0,-22.6,86.9,0.643,1,261.6,-5.92,-2.04,-5.49,-7.92,2.24,-2.55,1.26,-2.51,-0.52,22.22,-2.54,0.0,0.004,-0.04,0.7867,1
18.35,TRAIN_M03_LADAKH_FAULT01_OVERHEAT,TRAIN,LADAKH,CRUISE_LOITER,5383.5,2215.4,73.1,84.14,90.6,84.07,84.14,781.93,782.31,783.2,782.3,4.32,90.68,9.79,3.0,41.26,0.771,14.07,3.03,LANE_A,20249.0,-22.6,86.9,0.64,1,260.1,-5.95,-1.99,-5.52,-7.95,2.14,-2.48,1.41,-2.49,-0.53,22.33,-2.48,0.07,0.015,-0.03,0.7883,1
18.4,TRAIN_M03_LADAKH_FAULT01_OVERHEAT,TRAIN,LADAKH,CRUISE_LOITER,5386.8,2216.8,73.0,84.14,90.68,84.06,84.13,781.41,782.17,783.07,782.36,4.32,90.84,9.89,3.0,41.29,0.728,14.06,3.4,LANE_A,20249.0,-22.6,86.9,0.637,1,258.6,-5.99,-1.95,-5.57,-8.0,1.55,-2.69,1.21,-2.5,-0.53,22.46,-2.39,0.11,-0.028,-0.04,0.79,1
18.45,TRAIN_M03_LADAKH_FAULT01_OVERHEAT,TRAIN,LADAKH,CRUISE_LOITER,5382.2,2214.9,73.0,84.13,90.77,84.05,84.13,781.68,782.22,783.5,782.61,4.32,90.82,9.81,3.0,41.28,0.718,14.07,3.33,LANE_A,20249.0,-22.6,86.9,0.635,1,257.1,-5.93,-1.79,-5.51,-7.93,1.82,-2.64,1.64,-2.25,-0.53,22.49,-2.46,0.1,-0.038,-0.03,0.7904,1
18.5,TRAIN_M03_LADAKH_FAULT01_OVERHEAT,TRAIN,LADAKH,CRUISE_LOITER,5384.7,2215.9,73.0,84.12,90.85,84.04,84.12,781.94,782.62,783.27,782.63,4.3,90.78,9.67,3.0,41.29,0.749,14.04,3.11,LANE_A,20249.0,-22.6,86.9,0.632,1,255.7,-5.97,-1.74,-5.55,-7.97,2.08,-2.24,1.41,-2.23,-0.55,22.42,-2.6,0.11,-0.007,-0.06,0.7899,1
18.55,TRAIN_M03_LADAKH_FAULT01_OVERHEAT,TRAIN,LADAKH,CRUISE_LOITER,5382.2,2214.9,73.0,84.11,90.93,84.04,84.11,782.01,782.81,782.94,783.14,4.31,90.73,9.65,3.0,41.28,0.751,14.1,3.38,LANE_A,20249.0,-22.6,86.9,0.629,1,254.2,-5.95,-1.63,-5.52,-7.95,2.15,-2.05,1.08,-1.72,-0.54,22.4,-2.62,0.1,-0.005,0.0,0.7895,1
18.6,TRAIN_M03_LADAKH_FAULT01_OVERHEAT,TRAIN,LADAKH,CRUISE_LOITER,5380.6,2214.2,73.0,84.1,91.01,84.03,84.09,782.34,782.96,782.82,782.87,4.31,90.8,9.63,3.0,41.24,0.804,14.07,3.05,LANE_A,20249.0,-22.6,86.9,0.626,1,252.7,-5.93,-1.52,-5.5,-7.94,2.48,-1.9,0.96,-1.99,-0.54,22.49,-2.63,0.06,0.049,-0.03,0.7907,1
18.65,TRAIN_M03_LADAKH_FAULT01_OVERHEAT,TRAIN,LADAKH,CRUISE_LOITER,5379.7,2213.9,72.9,84.09,91.09,84.02,84.08,782.19,782.89,782.61,782.52,4.32,90.83,9.62,3.0,41.24,0.856,14.05,3.29,LANE_A,20249.0,-22.6,86.9,0.623,1,251.2,-5.92,-1.42,-5.49,-7.93,2.25,-2.05,0.67,-2.42,-0.53,22.54,-2.64,0.06,0.101,-0.05,0.7914,1
18.7,TRAIN_M03_LADAKH_FAULT01_OVERHEAT,TRAIN,LADAKH,CRUISE_LOITER,5378.0,2213.2,72.9,84.09,91.16,84.01,84.07,782.28,782.7,782.66,782.61,4.32,90.85,9.67,3.0,41.28,0.737,14.05,3.24,LANE_A,20249.0,-22.6,86.9,0.62,1,249.7,-5.89,-1.32,-5.47,-7.91,2.34,-2.24,0.72,-2.33,-0.53,22.58,-2.58,0.1,-0.018,-0.05,0.7917,1
18.75,TRAIN_M03_LADAKH_FAULT01_OVERHEAT,TRAIN,LADAKH,CRUISE_LOITER,5377.2,2212.9,72.9,84.08,91.25,84.0,84.06,782.5,782.47,782.47,782.62,4.31,90.86,9.7,3.0,41.2,0.709,14.06,3.22,LANE_A,20249.0,-22.6,86.9,0.617,1,248.2,-5.89,-1.22,-5.47,-7.91,2.56,-2.47,0.53,-2.32,-0.54,22.6,-2.55,0.02,-0.046,-0.04,0.792,1
18.8,TRAIN_M03_LADAKH_FAULT01_OVERHEAT,TRAIN,LADAKH,CRUISE_LOITER,5374.4,2211.7,72.9,84.07,91.33,83.99,84.05,782.5,782.6,782.58,782.75,4.28,90.9,9.61,3.0,41.09,0.78,14.07,3.33,LANE_A,20249.0,-22.6,86.9,0.615,1,246.7,-5.86,-1.1,-5.44,-7.88,2.56,-2.34,0.64,-2.19,-0.57,22.68,-2.64,-0.09,0.026,-0.03,0.7934,1
18.85,TRAIN_M03_LADAKH_FAULT01_OVERHEAT,TRAIN,LADAKH,CRUISE_LOITER,5367.4,2208.8,72.9,84.07,91.41,83.99,84.04,782.83,782.54,782.49,782.94,4.31,90.85,9.65,3.0,41.08,0.746,14.07,3.1,LANE_A,20250.0,-22.6,86.9,0.612,1,245.2,-5.75,-0.91,-5.33,-7.78,2.89,-2.4,0.55,-2.0,-0.54,22.71,-2.58,-0.09,-0.007,-0.03,0.7932,1
18.9,TRAIN_M03_LADAKH_FAULT01_OVERHEAT,TRAIN,LADAKH,CRUISE_LOITER,5364.9,2207.8,72.9,84.06,91.49,83.98,84.03,782.53,782.36,782.19,782.8,4.32,90.92,9.67,3.0,41.21,0.78,14.06,3.4,LANE_A,20250.0,-22.6,86.9,0.609,1,243.7,-5.73,-0.8,-5.31,-7.76,2.59,-2.58,0.25,-2.14,-0.53,22.81,-2.55,0.04,0.027,-0.04,0.7944,1
18.95,TRAIN_M03_LADAKH_FAULT01_OVERHEAT,TRAIN,LADAKH,CRUISE_LOITER,5365.8,2208.2,72.8,84.04,91.57,83.97,84.02,782.32,782.61,782.68,783.01,4.26,90.88,9.63,3.0,41.11,0.756,14.08,3.2,LANE_A,20250.0,-22.6,86.9,0.606,1,242.2,-5.75,-0.72,-5.32,-7.77,2.31,-2.4,0.67,-2.0,-0.59,22.77,-2.59,-0.06,0.003,-0.02,0.7945,1
19.0,TRAIN_M03_LADAKH_FAULT01_OVERHEAT,TRAIN,LADAKH,CRUISE_LOITER,5356.1,2204.1,72.8,84.03,91.65,83.96,84.0,782.36,782.59,782.89,783.28,4.31,91.02,9.5,3.0,41.06,0.716,14.07,3.14,LANE_A,20250.0,-22.6,86.9,0.603,1,240.7,-5.61,-0.49,-5.18,-7.64,2.35,-2.42,0.88,-1.73,-0.53,23.02,-2.7,-0.11,-0.036,-0.03,0.7972,1
19.05,TRAIN_M03_LADAKH_FAULT01_OVERHEAT,TRAIN,LADAKH,CRUISE_LOITER,5364.4,2207.6,72.8,84.01,91.73,83.95,83.99,782.47,782.64,782.85,782.99,4.25,91.02,9.62,3.0,41.06,0.77,14.06,3.24,LANE_A,20250.0,-22.6,86.8,0.601,1,239.2,-5.79,-0.57,-5.35,-7.81,2.46,-2.37,0.84,-2.02,-0.6,22.9,-2.6,-0.11,0.017,-0.04,0.7964,1
19.1,TRAIN_M03_LADAKH_FAULT01_OVERHEAT,TRAIN,LADAKH,CRUISE_LOITER,5364.4,2207.6,72.8,84.0,91.82,83.94,83.97,782.58,782.41,782.76,782.81,4.3,90.99,9.48,3.0,40.93,0.655,14.07,3.25,LANE_A,20250.0,-22.6,86.8,0.598,1,237.7,-5.8,-0.48,-5.36,-7.83,2.57,-2.6,0.75,-2.2,-0.55,22.87,-2.74,-0.24,-0.098,-0.03,0.7959,1
19.15,TRAIN_M03_LADAKH_FAULT01_OVERHEAT,TRAIN,LADAKH,CRUISE_LOITER,5366.0,2208.2,72.8,83.99,91.89,83.93,83.96,782.68,782.26,783.17,782.96,4.3,90.9,9.49,3.0,41.03,0.677,14.06,3.24,LANE_A,20250.0,-22.6,86.8,0.595,1,236.2,-5.83,-0.43,-5.39,-7.86,2.67,-2.75,1.16,-2.05,-0.55,22.76,-2.73,-0.14,-0.076,-0.04,0.7944,1
19.2,TRAIN_M03_LADAKH_FAULT01_OVERHEAT,TRAIN,LADAKH,CRUISE_LOITER,5361.7,2206.5,72.8,83.97,91.98,83.92,83.95,782.61,782.01,783.16,783.05,4.32,90.89,9.57,3.0,41.09,0.772,14.06,2.98,LANE_A,20250.0,-22.6,86.8,0.592,1,234.7,-5.79,-0.28,-5.34,-7.81,2.6,-3.0,1.15,-1.96,-0.53,22.81,-2.64,-0.08,0.02,-0.04,0.7946,1
19.25,TRAIN_M03_LADAKH_FAULT01_OVERHEAT,TRAIN,LADAKH,CRUISE_LOITER,5369.8,2209.8,72.7,83.96,92.06,83.91,83.94,782.46,782.19,783.32,782.92,4.28,90.97,9.56,3.0,41.08,0.777,14.04,3.27,LANE_A,20250.0,-22.6,86.8,0.589,1,233.2,-5.91,-0.31,-5.46,-7.93,2.38,-2.89,1.24,-2.16,-0.57,22.8,-2.67,-0.08,0.023,-0.06,0.7951,1
19.3,TRAIN_M03_LADAKH_FAULT01_OVERHEAT,TRAIN,LADAKH,CRUISE_LOITER,5365.3,2208.0,72.7,83.95,92.15,83.9,83.93,782.4,782.1,782.92,783.21,4.3,90.86,9.59,3.0,41.04,0.79,14.1,3.06,LANE_A,20250.0,-22.6,86.8,0.586,1,231.7,-5.85,-0.15,-5.4,-7.87,2.32,-2.98,0.84,-1.87,-0.55,22.74,-2.63,-0.12,0.037,0.0,0.7939,1
19.35,TRAIN_M03_LADAKH_FAULT01_OVERHEAT,TRAIN,LADAKH,CRUISE_LOITER,5360.5,2206.0,72.7,83.94,92.23,83.89,83.92,782.55,782.37,783.26,782.96,4.26,90.83,9.61,3.0,41.15,0.768,14.06,3.1,LANE_A,20250.0,-22.6,86.8,0.583,1,230.2,-5.79,0.0,-5.34,-7.81,2.47,-2.71,1.18,-2.12,-0.58,22.77,-2.6,-0.01,0.016,-0.04,0.7944,1
19.4,TRAIN_M03_LADAKH_FAULT01_OVERHEAT,TRAIN,LADAKH,CRUISE_LOITER,5363.2,2207.1,72.7,83.92,92.31,83.87,83.91,782.55,782.47,782.85,782.88,4.36,90.77,9.54,3.0,41.19,0.761,14.05,3.26,LANE_A,20250.0,-22.6,86.8,0.581,1,228.7,-5.85,0.04,-5.4,-7.86,2.47,-2.61,0.77,-2.2,-0.49,22.68,-2.67,0.03,0.008,-0.05,0.7927,1
19.45,TRAIN_M03_LADAKH_FAULT01_OVERHEAT,TRAIN,LADAKH,CRUISE_LOITER,5372.8,2211.0,72.7,83.9,92.4,83.86,83.9,782.41,782.43,782.54,782.97,4.29,90.82,9.57,3.0,41.18,0.666,14.07,3.05,LANE_A,20250.0,-22.6,86.8,0.578,1,227.2,-6.01,-0.01,-5.55,-8.01,2.33,-2.65,0.46,-2.11,-0.56,22.61,-2.67,0.02,-0.088,-0.03,0.7927,1
19.5,TRAIN_M03_LADAKH_FAULT01_OVERHEAT,TRAIN,LADAKH,CRUISE_LOITER,5374.5,2211.7,72.6,83.89,92.48,83.85,83.89,782.52,783.0,782.56,783.19,4.31,90.73,9.54,3.0,41.21,0.677,14.08,3.16,LANE_A,20250.0,-22.6,86.8,0.575,1,225.8,-6.04,0.05,-5.58,-8.04,2.37,-2.15,0.41,-1.96,-0.54,22.51,-2.7,0.06,-0.077,-0.02,0.7912,1
19.55,TRAIN_M03_LADAKH_FAULT01_OVERHEAT,TRAIN,LADAKH,CRUISE_LOITER,5370.6,2210.1,72.6,83.89,92.57,83.84,83.88,782.75,783.14,782.74,783.41,4.34,90.62,9.55,3.0,41.23,0.754,14.06,3.26,LANE_A,20250.0,-22.6,86.8,0.572,1,224.3,-5.98,0.2,-5.53,-7.99,2.6,-2.01,0.59,-1.74,-0.51,22.44,-2.68,0.08,0.0,-0.04,0.7898,1
19.6,TRAIN_M03_LADAKH_FAULT01_OVERHEAT,TRAIN,LADAKH,CRUISE_LOITER,5366.8,2208.6,72.6,83.87,92.66,83.83,83.87,782.84,783.25,782.55,783.08,4.29,90.73,9.64,3.0,41.23,0.687,14.08,3.33,LANE_A,20250.0,-22.6,86.8,0.569,1,222.8,-5.94,0.35,-5.48,-7.94,2.69,-1.9,0.4,-2.07,-0.56,22.6,-2.58,0.08,-0.066,-0.02,0.7922,1
19.65,TRAIN_M03_LADAKH_FAULT01_OVERHEAT,TRAIN,LADAKH,CRUISE_LOITER,5370.2,2210.0,72.6,83.87,92.75,83.82,83.86,782.83,783.08,782.75,782.99,4.33,90.83,9.7,3.0,41.05,0.748,14.08,3.23,LANE_A,20250.0,-22.6,86.8,0.566,1,221.3,-5.99,0.39,-5.54,-8.0,2.68,-2.07,0.6,-2.16,-0.52,22.66,-2.53,-0.1,-0.006,-0.02,0.7926,1
19.7,TRAIN_M03_LADAKH_FAULT01_OVERHEAT,TRAIN,LADAKH,CRUISE_LOITER,5372.4,2210.9,72.6,83.86,92.84,83.82,83.85,782.77,783.22,782.98,782.91,4.3,90.82,9.65,3.0,40.99,0.752,14.05,3.28,LANE_A,20250.0,-22.6,86.8,0.564,1,219.8,-6.04,0.44,-5.58,-8.05,2.62,-1.93,0.83,-2.24,-0.55,22.62,-2.58,-0.16,-0.002,-0.05,0.7926,1
19.75,TRAIN_M03_LADAKH_FAULT01_OVERHEAT,TRAIN,LADAKH,CRUISE_LOITER,5371.9,2210.7,72.6,83.85,92.93,83.81,83.83,782.72,783.3,783.15,782.7,4.37,90.75,9.57,3.0,41.02,0.76,14.08,3.41,LANE_A,20250.0,-22.6,86.8,0.561,1,218.3,-6.04,0.54,-5.58,-8.06,2.57,-1.85,1.0,-2.45,-0.48,22.56,-2.66,-0.13,0.006,-0.02,0.7913,1
19.8,TRAIN_M03_LADAKH_FAULT01_OVERHEAT,TRAIN,LADAKH,CRUISE_LOITER,5371.7,2210.6,72.5,83.84,93.02,83.81,83.82,782.63,783.1,782.87,783.02,4.3,90.65,9.67,3.0,41.03,0.764,14.07,3.08,LANE_A,20250.0,-22.6,86.8,0.558,1,216.8,-6.04,0.64,-5.57,-8.06,2.41,-2.12,0.65,-2.2,-0.55,22.47,-2.56,-0.12,0.01,-0.03,0.7905,1
19.85,TRAIN_M03_LADAKH_FAULT01_OVERHEAT,TRAIN,LADAKH,CRUISE_LOITER,5356.7,2204.4,72.5,83.83,93.1,83.79,83.81,782.65,782.84,782.93,783.04,4.29,90.8,9.54,3.0,41.16,0.729,14.03,3.29,LANE_A,20250.0,-22.6,86.8,0.555,1,215.3,-5.82,0.95,-5.36,-7.84,2.43,-2.38,0.71,-2.18,-0.55,22.8,-2.65,0.01,-0.023,-0.07,0.7948,1
19.9,TRAIN_M03_LADAKH_FAULT01_OVERHEAT,TRAIN,LADAKH,CRUISE_LOITER,5361.1,2206.2,72.5,83.81,93.19,83.78,83.8,783.07,782.69,783.01,782.76,4.27,90.78,9.49,3.0,41.18,0.833,14.06,3.43,LANE_A,20250.0,-22.6,86.8,0.552,1,213.8,-5.91,0.97,-5.44,-7.92,2.85,-2.53,0.79,-2.46,-0.58,22.73,-2.71,0.03,0.081,-0.04,0.7944,1
19.95,TRAIN_M03_LADAKH_FAULT01_OVERHEAT,TRAIN,LADAKH,CRUISE_LOITER,5355.2,2203.8,72.5,83.8,93.27,83.77,83.79,783.07,782.94,782.89,782.51,4.3,90.73,9.42,3.0,41.22,0.751,14.06,3.05,LANE_A,20250.0,-22.6,86.8,0.549,1,212.3,-5.83,1.14,-5.36,-7.84,2.85,-2.28,0.67,-2.71,-0.54,22.75,-2.77,0.07,0.0,-0.04,0.7942,1
20.0,TRAIN_M03_LADAKH_FAULT01_OVERHEAT,TRAIN,LADAKH,CRUISE_LOITER,5364.0,2207.4,72.5,83.79,93.35,83.76,83.78,782.89,782.94,782.93,782.48,4.26,90.6,9.47,3.0,41.29,0.777,14.05,3.3,LANE_A,20250.0,-22.6,86.8,0.547,1,210.8,-5.97,1.09,-5.5,-7.98,2.67,-2.28,0.71,-2.74,-0.59,22.51,-2.74,0.14,0.024,-0.05,0.7917,1
20.05,TRAIN_M03_LADAKH_FAULT01_OVERHEAT,TRAIN,LADAKH,CRUISE_LOITER,5363.2,2207.1,72.4,83.78,93.44,83.74,83.76,783.15,783.07,782.84,782.7,4.28,90.66,9.42,3.0,41.21,0.713,14.07,3.24,LANE_A,20250.0,-22.6,86.8,0.544,1,209.3,-5.96,1.2,-5.5,-7.98,2.85,-2.23,0.54,-2.6,-0.57,22.59,-2.78,0.07,-0.04,-0.03,0.7926,1
20.1,TRAIN_M03_LADAKH_FAULT01_OVERHEAT,TRAIN,LADAKH,CRUISE_LOITER,5366.8,2208.6,72.4,83.77,93.53,83.73,83.75,783.26,783.29,782.9,782.81,4.32,90.58,9.56,3.0,41.31,0.748,14.05,3.12,LANE_A,20250.0,-22.6,86.8,0.541,1,207.8,-6.02,1.24,-5.56,-8.04,2.96,-2.01,0.6,-2.49,-0.53,22.47,-2.65,0.17,-0.005,-0.05,0.7905,1
20.15,TRAIN_M03_LADAKH_FAULT01_OVERHEAT,TRAIN,LADAKH,CRUISE_LOITER,5361.1,2206.2,72.4,83.76,93.61,83.72,83.73,783.26,783.38,782.96,782.88,4.3,90.6,9.44,3.0,41.27,0.726,14.07,3.16,LANE_A,20250.0,-22.6,86.8,0.538,1,206.3,-5.95,1.4,-5.49,-7.98,2.96,-1.92,0.66,-2.42,-0.55,22.55,-2.76,0.13,-0.026,-0.03,0.7919,1
20.2,TRAIN_M03_LADAKH_FAULT01_OVERHEAT,TRAIN,LADAKH,CRUISE_LOITER,5361.0,2206.2,72.4,83.74,93.7,83.71,83.72,782.96,783.72,783.3,782.97,4.28,90.49,9.46,3.0,41.15,0.754,14.08,3.56,LANE_A,20250.0,-22.6,86.8,0.535,1,204.8,-5.97,1.49,-5.5,-7.99,2.66,-1.58,1.0,-2.33,-0.57,22.45,-2.74,0.01,0.002,-0.02,0.7907,1
20.25,TRAIN_M03_LADAKH_FAULT01_OVERHEAT,TRAIN,LADAKH,CRUISE_LOITER,5356.2,2204.2,72.4,83.73,93.78,83.69,83.71,782.95,783.76,783.71,783.05,4.32,90.52,9.41,3.0,41.13,0.694,14.07,3.13,LANE_A,20250.0,-22.6,86.8,0.532,1,203.3,-5.9,1.65,-5.44,-7.92,2.65,-1.54,1.41,-2.25,-0.52,22.53,-2.78,-0.01,-0.058,-0.03,0.7913,1
20.3,TRAIN_M03_LADAKH_FAULT01_OVERHEAT,TRAIN,LADAKH,CRUISE_LOITER,5360.2,2205.8,72.4,83.71,93.87,83.67,83.7,782.96,783.78,783.65,782.86,4.34,90.44,9.33,3.0,41.14,0.73,14.04,3.21,LANE_A,20250.0,-22.6,86.8,0.53,1,201.8,-5.98,1.68,-5.52,-7.99,2.66,-1.52,1.35,-2.44,-0.51,22.41,-2.87,0.0,-0.022,-0.06,0.7899,1
20.35,TRAIN_M03_LADAKH_FAULT01_OVERHEAT,TRAIN,LADAKH,CRUISE_LOITER,5365.0,2207.8,72.3,83.69,93.96,83.66,83.69,783.21,783.92,783.77,782.85,4.35,90.38,9.42,3.0,41.14,0.683,14.06,3.18,LANE_A,20250.0,-22.6,86.8,0.527,1,200.3,-6.07,1.7,-5.6,-8.07,2.84,-1.45,1.4,-2.52,-0.5,22.3,-2.79,0.01,-0.07,-0.04,0.7884,1
20.4,TRAIN_M03_LADAKH_FAULT01_OVERHEAT,TRAIN,LADAKH,CRUISE_LOITER,5370.5,2210.1,72.3,83.69,94.05,83.65,83.67,782.96,783.77,783.81,782.98,4.29,90.35,9.37,3.0,41.19,0.812,14.05,3.04,LANE_A,20250.0,-22.6,86.8,0.524,1,198.8,-6.15,1.71,-5.69,-8.17,2.59,-1.6,1.44,-2.39,-0.56,22.2,-2.85,0.06,0.058,-0.05,0.7878,1
20.45,TRAIN_M03_LADAKH_FAULT01_OVERHEAT,TRAIN,LADAKH,CRUISE_LOITER,5361.6,2206.4,72.3,83.67,94.14,83.63,83.66,782.73,783.97,783.69,783.3,4.28,90.31,9.41,3.0,41.15,0.785,14.07,3.28,LANE_A,20249.0,-22.6,86.8,0.521,1,197.3,-6.04,1.93,-5.58,-8.05,2.36,-1.4,1.32,-2.07,-0.57,22.27,-2.79,0.02,0.033,-0.03,0.7885,1
20.5,TRAIN_M03_LADAKH_FAULT01_OVERHEAT,TRAIN,LADAKH,CRUISE_LOITER,5363.1,2207.0,72.3,83.66,94.24,83.62,83.64,782.64,783.49,783.87,782.98,4.3,90.37,9.54,3.0,41.08,0.75,14.07,3.27,LANE_A,20249.0,-22.6,86.8,0.518,1,195.8,-6.07,2.01,-5.61,-8.09,2.27,-1.88,1.5,-2.39,-0.55,22.31,-2.66,-0.05,-0.003,-0.03,0.7887,1
20.55,TRAIN_M03_LADAKH_FAULT01_OVERHEAT,TRAIN,LADAKH,CRUISE_LOITER,5358.4,2205.1,72.3,83.65,94.33,83.61,83.64,782.93,784.07,784.13,783.03,4.27,90.43,9.55,3.0,41.06,0.757,14.04,3.26,LANE_A,20249.0,-22.6,86.8,0.515,1,194.4,-6.01,2.17,-5.55,-8.02,2.56,-1.3,1.76,-2.34,-0.57,22.42,-2.64,-0.07,0.005,-0.06,0.7903,1
20.6,TRAIN_M03_LADAKH_FAULT01_OVERHEAT,TRAIN,LADAKH,CRUISE_LOITER,5360.4,2205.9,72.2,83.63,94.42,83.6,83.63,782.8,783.83,783.86,783.26,4.32,90.46,9.52,3.0,41.0,0.763,14.03,3.28,LANE_A,20249.0,-22.6,86.8,0.513,1,192.9,-6.05,2.24,-5.58,-8.05,2.36,-1.61,1.42,-2.18,-0.53,22.44,-2.67,-0.13,0.011,-0.07,0.7903,1
20.65,TRAIN_M03_LADAKH_FAULT01_OVERHEAT,TRAIN,LADAKH,CRUISE_LOITER,5361.5,2206.4,72.2,83.62,94.51,83.59,83.62,782.44,783.66,783.82,783.21,4.36,90.36,9.47,3.0,40.99,0.757,14.05,3.1,LANE_A,20249.0,-22.6,86.8,0.51,1,191.4,-6.07,2.32,-5.6,-8.07,2.0,-1.78,1.38,-2.23,-0.49,22.32,-2.73,-0.14,0.005,-0.05,0.7885,1
20.7,TRAIN_M03_LADAKH_FAULT01_OVERHEAT,TRAIN,LADAKH,CRUISE_LOITER,5359.5,2205.6,72.2,83.61,94.6,83.58,83.61,782.66,783.29,783.75,783.31,4.29,90.35,9.42,3.0,41.05,0.782,14.04,3.28,LANE_A,20249.0,-22.6,86.8,0.507,1,189.9,-6.05,2.44,-5.58,-8.05,2.22,-2.15,1.31,-2.13,-0.56,22.34,-2.77,-0.08,0.03,-0.06,0.7895,1
20.75,TRAIN_M03_LADAKH_FAULT01_OVERHEAT,TRAIN,LADAKH,CRUISE_LOITER,5360.2,2205.8,72.2,83.59,94.69,83.56,83.59,783.03,783.28,783.61,783.57,4.31,90.23,9.4,3.0,41.26,0.722,14.06,3.16,LANE_A,20249.0,-22.6,86.8,0.504,1,188.4,-6.08,2.52,-5.61,-8.08,2.59,-2.16,1.17,-1.87,-0.54,22.21,-2.79,0.13,-0.03,-0.04,0.7876,1
20.8,TRAIN_M03_LADAKH_FAULT01_OVERHEAT,TRAIN,LADAKH,CRUISE_LOITER,5358.0,2204.9,72.2,83.58,94.78,83.55,83.58,783.06,783.23,783.25,783.74,4.36,90.25,9.47,3.0,41.21,0.729,14.07,3.17,LANE_A,20249.0,-22.6,86.8,0.501,1,186.9,-6.06,2.64,-5.59,-8.06,2.62,-2.21,0.81,-1.7,-0.48,22.26,-2.72,0.08,-0.023,-0.03,0.7876,1
20.85,TRAIN_M03_LADAKH_FAULT01_OVERHEAT,TRAIN,LADAKH,CRUISE_LOITER,5354.2,2203.4,72.1,83.57,94.88,83.53,83.57,782.83,783.38,783.05,784.11,4.29,90.31,9.46,3.0,41.12,0.749,14.04,3.31,LANE_A,20249.0,-22.6,86.8,0.498,1,185.4,-6.01,2.8,-5.55,-8.01,2.32,-2.13,0.54,-1.4,-0.55,22.37,-2.72,0.0,-0.002,-0.06,0.7897,1
20.9,TRAIN_M03_LADAKH_FAULT01_OVERHEAT,TRAIN,LADAKH,CRUISE_LOITER,5362.5,2206.8,72.1,83.56,94.97,83.52,83.56,783.04,783.11,783.35,783.87,4.3,90.23,9.49,3.0,41.03,0.769,14.06,3.45,LANE_A,20249.0,-22.6,86.8,0.496,1,183.9,-6.14,2.77,-5.68,-8.14,2.53,-2.4,0.84,-1.64,-0.55,22.19,-2.7,-0.09,0.016,-0.04,0.7874,1
20.95,TRAIN_M03_LADAKH_FAULT01_OVERHEAT,TRAIN,LADAKH,CRUISE_LOITER,5358.8,2205.3,72.1,83.55,95.06,83.51,83.55,783.09,783.01,783.27,783.75,4.29,90.31,9.4,3.0,40.91,0.753,14.04,3.29,LANE_A,20249.0,-22.6,86.8,0.493,1,182.4,-6.09,2.92,-5.63,-8.09,2.58,-2.5,0.76,-1.76,-0.56,22.31,-2.79,-0.21,0.001,-0.06,0.7893,1
21.0,TRAIN_M03_LADAKH_FAULT01_OVERHEAT,TRAIN,LADAKH,CRUISE_LOITER,5359.2,2205.4,72.1,83.53,95.16,83.5,83.53,783.01,782.84,783.07,784.2,4.29,90.04,9.3,3.0,40.92,0.756,14.06,3.31,LANE_A,20249.0,-22.6,86.8,0.49,1,180.9,-6.12,3.01,-5.65,-8.12,2.5,-2.67,0.56,-1.31,-0.56,22.04,-2.89,-0.2,0.004,-0.04,0.7858,1
21.05,TRAIN_M03_LADAKH_FAULT01_OVERHEAT,TRAIN,LADAKH,CRUISE_LOITER,5355.1,2203.7,72.1,83.52,95.25,83.48,83.51,783.05,782.71,783.09,784.14,4.29,90.11,9.44,3.0,40.88,0.738,14.07,3.45,LANE_A,20248.0,-22.6,86.8,0.487,1,179.4,-6.07,3.16,-5.61,-8.08,2.54,-2.8,0.58,-1.37,-0.55,22.16,-2.74,-0.24,-0.013,-0.03,0.7871,1
21.1,TRAIN_M03_LADAKH_FAULT01_OVERHEAT,TRAIN,LADAKH,CRUISE_LOITER,5351.6,2202.3,72.1,83.51,95.34,83.47,83.5,783.24,782.77,783.35,783.91,4.33,90.12,9.45,3.0,40.87,0.74,14.06,3.53,LANE_A,20248.0,-22.6,86.8,0.484,1,177.9,-6.03,3.3,-5.57,-8.04,2.73,-2.74,0.84,-1.6,-0.51,22.21,-2.72,-0.25,-0.011,-0.04,0.7874,1
21.15,TRAIN_M03_LADAKH_FAULT01_OVERHEAT,TRAIN,LADAKH,CRUISE_LOITER,5350.6,2201.9,72.0,83.49,95.43,83.45,83.48,783.6,782.67,783.29,784.21,4.32,89.93,9.29,3.0,40.94,0.83,14.04,2.83,LANE_A,20248.0,-22.6,86.8,0.481,1,176.4,-6.02,3.42,-5.56,-8.03,3.02,-2.91,0.71,-1.37,-0.52,22.04,-2.87,-0.17,0.079,-0.06,0.7855,1
21.2,TRAIN_M03_LADAKH_FAULT01_OVERHEAT,TRAIN,LADAKH,CRUISE_LOITER,5349.5,2201.4,72.0,83.48,95.53,83.43,83.46,783.69,783.18,783.0,783.95,4.3,89.92,9.32,3.0,40.98,0.764,14.05,3.06,LANE_A,20248.0,-22.6,86.8,0.479,1,174.9,-6.02,3.53,-5.57,-8.04,3.11,-2.4,0.42,-1.63,-0.54,22.04,-2.84,-0.13,0.013,-0.05,0.7856,1
21.25,TRAIN_M03_LADAKH_FAULT01_OVERHEAT,TRAIN,LADAKH,CRUISE_LOITER,5357.1,2204.6,72.0,83.46,95.62,83.42,83.45,784.02,783.42,783.14,783.64,4.33,89.95,9.27,3.0,40.85,0.754,14.05,3.11,LANE_A,20248.0,-22.6,86.8,0.476,1,173.4,-6.15,3.51,-5.69,-8.16,3.44,-2.16,0.56,-1.94,-0.51,21.98,-2.91,-0.26,0.002,-0.05,0.7848,1
21.3,TRAIN_M03_LADAKH_FAULT01_OVERHEAT,TRAIN,LADAKH,CRUISE_LOITER,5354.4,2203.5,72.0,83.44,95.71,83.4,83.43,784.14,783.26,783.15,783.67,4.34,90.04,9.25,3.0,40.97,0.744,14.06,3.23,LANE_A,20248.0,-22.6,86.8,0.473,1,171.9,-6.13,3.64,-5.67,-8.14,3.56,-2.32,0.57,-1.91,-0.5,22.1,-2.92,-0.14,-0.007,-0.04,0.7864,1
21.35,TRAIN_M03_LADAKH_FAULT01_OVERHEAT,TRAIN,LADAKH,CRUISE_LOITER,5350.2,2201.7,72.0,83.43,95.8,83.39,83.42,784.17,783.11,783.39,783.62,4.31,89.96,9.26,3.0,40.94,0.759,14.1,3.23,LANE_A,20248.0,-22.6,86.8,0.47,1,170.4,-6.08,3.79,-5.62,-8.09,3.59,-2.47,0.81,-1.96,-0.53,22.07,-2.9,-0.17,0.008,0.0,0.7862,1
21.4,TRAIN_M03_LADAKH_FAULT01_OVERHEAT,TRAIN,LADAKH,CRUISE_LOITER,5349.2,2201.3,71.9,83.4,95.89,83.37,83.4,784.02,783.09,783.21,784.04,4.36,89.83,9.21,3.0,40.91,0.827,14.08,3.16,LANE_A,20248.0,-22.6,86.8,0.467,1,168.9,-6.08,3.91,-5.61,-8.08,3.37,-2.56,0.56,-1.61,-0.48,21.96,-2.95,-0.2,0.076,-0.02,0.7844,1
21.45,TRAIN_M03_LADAKH_FAULT01_OVERHEAT,TRAIN,LADAKH,CRUISE_LOITER,5348.7,2201.1,71.9,83.38,95.99,83.35,83.38,783.82,783.27,783.19,783.7,4.29,89.94,9.22,3.0,40.96,0.73,14.07,3.3,LANE_A,20247.0,-22.6,86.8,0.464,1,167.4,-6.09,4.02,-5.62,-8.09,3.17,-2.38,0.54,-1.95,-0.55,22.08,-2.94,-0.15,-0.021,-0.03,0.7867,1
21.5,TRAIN_M03_LADAKH_FAULT01_OVERHEAT,TRAIN,LADAKH,CRUISE_LOITER,5350.1,2201.7,71.9,83.37,96.08,83.34,83.37,783.5,783.46,783.57,783.76,4.32,89.98,9.35,3.0,40.96,0.747,14.04,3.15,LANE_A,20247.0,-22.6,86.8,0.462,1,165.9,-6.13,4.08,-5.66,-8.13,2.85,-2.19,0.92,-1.89,-0.52,22.1,-2.81,-0.15,-0.004,-0.06,0.7865,1
21.55,TRAIN_M03_LADAKH_FAULT01_OVERHEAT,TRAIN,LADAKH,CRUISE_LOITER,5345.1,2199.6,71.9,83.36,96.18,83.33,83.36,783.89,783.55,783.82,783.62,4.31,89.92,9.39,3.0,40.98,0.772,14.08,3.3,LANE_A,20247.0,-22.6,86.8,0.459,1,164.5,-6.06,4.26,-5.59,-8.06,3.24,-2.1,1.17,-2.03,-0.53,22.1,-2.76,-0.13,0.022,-0.02,0.7865,1
21.6,TRAIN_M03_LADAKH_FAULT01_OVERHEAT,TRAIN,LADAKH,CRUISE_LOITER,5347.3,2200.5,71.9,83.34,96.27,83.32,83.35,783.73,783.49,783.64,783.49,4.35,90.04,9.34,3.0,41.06,0.699,14.04,3.12,LANE_A,20247.0,-22.6,86.8,0.456,1,163.0,-6.11,4.32,-5.63,-8.1,3.08,-2.16,0.99,-2.16,-0.49,22.2,-2.81,-0.05,-0.051,-0.06,0.7877,1
21.65,TRAIN_M03_LADAKH_FAULT01_OVERHEAT,TRAIN,LADAKH,CRUISE_LOITER,5348.2,2200.9,71.8,83.33,96.37,83.3,83.33,784.06,783.59,783.46,783.37,4.3,90.03,9.29,3.0,40.97,0.761,14.06,3.15,LANE_A,20247.0,-22.6,86.8,0.453,1,161.5,-6.13,4.41,-5.66,-8.13,3.34,-2.13,0.74,-2.35,-0.54,22.18,-2.86,-0.13,0.011,-0.04,0.788,1
21.7,TRAIN_M03_LADAKH_FAULT01_OVERHEAT,TRAIN,LADAKH,CRUISE_LOITER,5349.1,2201.3,71.8,83.32,96.47,83.28,83.32,784.22,783.75,783.22,783.44,4.33,90.06,9.31,3.0,40.91,0.816,14.05,3.29,LANE_A,20247.0,-22.6,86.8,0.45,1,160.0,-6.15,4.5,-5.69,-8.15,3.5,-1.97,0.5,-2.28,-0.51,22.2,-2.85,-0.19,0.065,-0.05,0.7882,1
21.75,TRAIN_M03_LADAKH_FAULT01_OVERHEAT,TRAIN,LADAKH,CRUISE_LOITER,5350.2,2201.7,71.8,83.3,96.56,83.27,83.3,784.02,783.49,783.23,783.43,4.32,90.07,9.22,3.0,40.85,0.745,14.09,3.31,LANE_A,20246.0,-22.6,86.8,0.448,1,158.5,-6.19,4.57,-5.72,-8.19,3.3,-2.23,0.51,-2.29,-0.52,22.2,-2.94,-0.25,-0.006,-0.01,0.7885,1
21.8,TRAIN_M03_LADAKH_FAULT01_OVERHEAT,TRAIN,LADAKH,CRUISE_LOITER,5355.4,2203.9,71.8,83.29,96.65,83.26,83.29,784.17,783.52,783.41,783.49,4.3,89.97,9.33,3.0,40.94,0.755,14.05,3.33,LANE_A,20246.0,-22.6,86.8,0.445,1,157.0,-6.28,4.58,-5.81,-8.28,3.45,-2.2,0.69,-2.23,-0.54,22.04,-2.84,-0.16,0.003,-0.05,0.7864,1
21.85,TRAIN_M03_LADAKH_FAULT01_OVERHEAT,TRAIN,LADAKH,CRUISE_LOITER,5351.7,2202.4,71.8,83.28,96.75,83.25,83.27,784.39,783.22,783.89,783.58,4.3,90.05,9.37,3.0,40.89,0.781,14.07,3.24,LANE_A,20246.0,-22.6,86.8,0.442,1,155.5,-6.23,4.74,-5.76,-8.24,3.67,-2.5,1.17,-2.14,-0.54,22.16,-2.79,-0.21,0.03,-0.03,0.788,1
21.9,TRAIN_M03_LADAKH_FAULT01_OVERHEAT,TRAIN,LADAKH,CRUISE_LOITER,5349.7,2201.5,71.8,83.26,96.85,83.23,83.26,784.31,783.37,783.67,783.88,4.27,90.16,9.28,3.0,40.92,0.753,14.06,3.22,LANE_A,20246.0,-22.6,86.8,0.439,1,154.0,-6.22,4.87,-5.75,-8.22,3.59,-2.35,0.95,-1.84,-0.57,22.3,-2.88,-0.18,0.002,-0.04,0.7903,1
21.95,TRAIN_M03_LADAKH_FAULT01_OVERHEAT,TRAIN,LADAKH,CRUISE_LOITER,5345.5,2199.8,71.7,83.25,96.95,83.22,83.26,784.37,783.42,783.42,783.88,4.33,90.21,9.43,3.0,41.0,0.647,14.08,3.5,LANE_A,20246.0,-22.6,86.8,0.436,1,152.5,-6.16,5.04,-5.69,-8.15,3.58,-2.37,0.63,-1.91,-0.51,22.4,-2.71,-0.09,-0.103,-0.02,0.7909,1
22.0,TRAIN_M03_LADAKH_FAULT01_OVERHEAT,TRAIN,LADAKH,CRUISE_LOITER,5355.5,2203.9,71.7,83.24,97.05,83.21,83.24,784.64,783.66,783.54,783.81,4.31,90.24,9.41,3.0,40.93,0.737,14.08,3.23,LANE_A,20246.0,-22.6,86.8,0.433,1,151.0,-6.32,4.99,-5.85,-8.32,3.85,-2.13,0.75,-1.98,-0.53,22.31,-2.76,-0.16,-0.015,-0.02,0.7901,1
22.05,TRAIN_M03_LADAKH_FAULT01_OVERHEAT,TRAIN,LADAKH,CRUISE_LOITER,5339.7,2197.4,71.7,83.24,97.15,83.2,83.23,784.42,783.92,783.52,783.65,4.32,90.14,9.5,3.0,41.05,0.823,14.07,3.09,LANE_A,20245.0,-22.6,86.8,0.43,1,149.5,-6.08,5.33,-5.62,-8.09,3.63,-1.87,0.73,-2.14,-0.52,22.4,-2.63,-0.05,0.074,-0.03,0.7908,1
22.1,TRAIN_M03_LADAKH_FAULT01_OVERHEAT,TRAIN,LADAKH,CRUISE_LOITER,5345.4,2199.7,71.7,83.23,97.26,83.2,83.22,784.41,784.1,783.75,783.55,4.31,90.1,9.6,3.0,41.0,0.795,14.06,3.12,LANE_A,20245.0,-22.6,86.8,0.428,1,148.0,-6.18,5.35,-5.71,-8.19,3.62,-1.69,0.96,-2.24,-0.53,22.29,-2.55,-0.1,0.045,-0.04,0.7895,1
22.15,TRAIN_M03_LADAKH_FAULT01_OVERHEAT,TRAIN,LADAKH,CRUISE_LOITER,5349.0,2201.2,71.7,83.22,97.36,83.19,83.21,784.29,784.01,783.93,783.59,4.36,90.05,9.54,3.0,41.06,0.762,14.07,3.34,LANE_A,20245.0,-22.6,86.8,0.425,1,146.5,-6.24,5.4,-5.77,-8.25,3.5,-1.78,1.14,-2.2,-0.48,22.2,-2.61,-0.04,0.011,-0.03,0.788,1
22.2,TRAIN_M03_LADAKH_FAULT01_OVERHEAT,TRAIN,LADAKH,CRUISE_LOITER,5348.7,2201.1,71.6,83.21,97.46,83.18,83.2,783.96,783.97,784.19,783.85,4.3,90.13,9.47,3.0,41.08,0.768,14.06,3.21,LANE_A,20245.0,-22.6,86.8,0.422,1,145.0,-6.24,5.51,-5.77,-8.25,3.1,-1.89,1.33,-2.01,-0.54,22.29,-2.68,-0.01,0.017,-0.04,0.7899,1
22.25,TRAIN_M03_LADAKH_FAULT01_OVERHEAT,TRAIN,LADAKH,CRUISE_LOITER,5348.2,2200.9,71.6,83.2,97.55,83.17,83.19,783.71,783.99,784.5,783.86,4.32,90.19,9.47,3.0,41.07,0.763,14.09,3.06,LANE_A,20245.0,-22.6,86.8,0.419,1,143.5,-6.24,5.61,-5.77,-8.25,2.85,-1.87,1.64,-2.0,-0.52,22.36,-2.68,-0.02,0.013,-0.01,0.7907,1
22.3,TRAIN_M03_LADAKH_FAULT01_OVERHEAT,TRAIN,LADAKH,CRUISE_LOITER,5345.7,2199.9,71.6,83.19,97.65,83.15,83.18,783.77,783.95,784.74,783.7,4.32,90.2,9.31,3.0,41.05,0.74,14.05,3.17,LANE_A,20244.0,-22.6,86.8,0.416,1,142.0,-6.21,5.75,-5.75,-8.22,2.91,-1.91,1.88,-2.16,-0.52,22.4,-2.83,-0.04,-0.01,-0.05,0.7916,1
22.35,TRAIN_M03_LADAKH_FAULT01_OVERHEAT,TRAIN,LADAKH,CRUISE_LOITER,5340.0,2197.5,71.6,83.18,97.75,83.15,83.17,783.69,783.89,784.48,783.58,4.29,90.08,9.37,3.0,41.04,0.792,14.04,3.08,LANE_A,20244.0,-22.6,86.8,0.413,1,140.5,-6.14,5.93,-5.67,-8.15,2.83,-1.97,1.62,-2.28,-0.55,22.35,-2.76,-0.05,0.043,-0.06,0.791,1
22.4,TRAIN_M03_LADAKH_FAULT01_OVERHEAT,TRAIN,LADAKH,CRUISE_LOITER,5357.6,2204.8,71.6,83.17,97.86,83.13,83.16,783.6,783.95,784.82,783.18,4.32,90.06,9.28,3.0,41.1,0.785,14.05,2.94,LANE_A,20244.0,-22.6,86.8,0.411,1,139.0,-6.41,5.78,-5.95,-8.42,2.74,-1.91,1.96,-2.68,-0.53,22.12,-2.89,0.01,0.033,-0.05,0.7884,1
22.45,TRAIN_M03_LADAKH_FAULT01_OVERHEAT,TRAIN,LADAKH,CRUISE_LOITER,5351.4,2202.2,71.6,83.16,97.95,83.12,83.14,783.53,783.88,784.85,783.5,4.27,90.11,9.3,3.0,41.08,0.77,14.09,2.9,LANE_A,20244.0,-22.6,86.8,0.408,1,137.5,-6.33,5.96,-5.87,-8.35,2.67,-1.98,1.99,-2.36,-0.57,22.24,-2.86,-0.01,0.019,-0.01,0.7902,1
22.5,TRAIN_M03_LADAKH_FAULT01_OVERHEAT,TRAIN,LADAKH,CRUISE_LOITER,5347.6,2200.7,71.5,83.15,98.05,83.11,83.13,783.47,783.98,784.93,783.72,4.32,90.05,9.32,3.0,41.17,0.73,14.08,3.34,LANE_A,20243.0,-22.6,86.8,0.405,1,136.1,-6.27,6.13,-5.81,-8.29,2.54,-1.95,2.0,-2.21,-0.52,22.23,-2.83,0.09,-0.02,-0.02,0.7896,1
22.55,TRAIN_M03_LADAKH_FAULT01_OVERHEAT,TRAIN,LADAKH,CRUISE_LOITER,5353.6,2203.1,71.5,83.13,98.15,83.09,83.12,783.69,784.24,784.69,783.79,4.35,90.12,9.31,3.0,41.08,0.735,14.07,3.48,LANE_A,20243.0,-22.6,86.8,0.402,1,134.6,-6.38,6.14,-5.92,-8.39,2.76,-1.69,1.76,-2.14,-0.49,22.23,-2.85,0.0,-0.016,-0.03,0.7896,1
22.6,TRAIN_M03_LADAKH_FAULT01_OVERHEAT,TRAIN,LADAKH,CRUISE_LOITER,5349.1,2201.3,71.5,83.13,98.25,83.08,83.11,783.64,784.09,784.68,783.75,4.32,90.15,9.32,3.0,41.04,0.702,14.06,3.25,LANE_A,20243.0,-22.6,86.8,0.399,1,133.1,-6.32,6.3,-5.87,-8.34,2.71,-1.84,1.75,-2.18,-0.52,22.31,-2.83,-0.04,-0.049,-0.04,0.7909,1
22.65,TRAIN_M03_LADAKH_FAULT01_OVERHEAT,TRAIN,LADAKH,CRUISE_LOITER,5346.0,2200.0,71.5,83.12,98.36,83.06,83.1,783.62,783.98,784.83,783.72,4.33,90.15,9.35,3.0,41.0,0.774,14.05,3.24,LANE_A,20243.0,-22.6,86.8,0.396,1,131.6,-6.28,6.46,-5.84,-8.3,2.69,-1.95,1.9,-2.21,-0.51,22.35,-2.79,-0.08,0.024,-0.05,0.7913,1
22.7,TRAIN_M03_LADAKH_FAULT01_OVERHEAT,TRAIN,LADAKH,CRUISE_LOITER,5335.6,2195.7,71.5,83.1,98.47,83.05,83.09,783.74,783.8,784.86,783.63,4.31,90.16,9.38,3.0,40.99,0.744,14.06,3.02,LANE_A,20243.0,-22.6,86.8,0.394,1,130.1,-6.14,6.73,-5.69,-8.15,2.81,-2.13,1.93,-2.3,-0.53,22.49,-2.74,-0.09,-0.005,-0.04,0.7931,1
22.75,TRAIN_M03_LADAKH_FAULT01_OVERHEAT,TRAIN,LADAKH,CRUISE_LOITER,5335.2,2195.6,71.4,83.09,98.57,83.04,83.07,783.82,784.11,784.53,783.82,4.28,90.2,9.25,3.0,40.99,0.789,14.06,3.43,LANE_A,20242.0,-22.6,86.8,0.391,1,128.6,-6.14,6.84,-5.69,-8.16,2.83,-1.88,1.54,-2.17,-0.56,22.54,-2.86,-0.09,0.04,-0.04,0.7943,1
22.8,TRAIN_M03_LADAKH_FAULT01_OVERHEAT,TRAIN,LADAKH,CRUISE_LOITER,5344.2,2199.2,71.4,83.08,98.67,83.02,83.06,783.3,783.99,784.51,783.87,4.3,90.39,9.26,3.0,41.15,0.737,14.07,3.12,LANE_A,20242.0,-22.6,86.8,0.388,1,127.1,-6.28,6.81,-5.84,-8.3,2.31,-2.0,1.52,-2.12,-0.54,22.62,-2.87,0.07,-0.013,-0.03,0.7955,1
22.85,TRAIN_M03_LADAKH_FAULT01_OVERHEAT,TRAIN,LADAKH,CRUISE_LOITER,5345.6,2199.9,71.4,83.06,98.78,83.01,83.05,783.32,784.07,784.55,783.73,4.31,90.46,9.29,3.0,41.11,0.76,14.07,3.45,LANE_A,20242.0,-22.6,86.8,0.385,1,125.6,-6.32,6.9,-5.87,-8.33,2.33,-1.92,1.56,-2.26,-0.53,22.67,-2.85,0.03,0.01,-0.03,0.7961,1
22.9,TRAIN_M03_LADAKH_FAULT01_OVERHEAT,TRAIN,LADAKH,CRUISE_LOITER,5345.8,2199.9,71.4,83.05,98.87,83.0,83.04,783.39,783.75,784.45,783.71,4.25,90.45,9.21,3.0,41.17,0.708,14.08,3.37,LANE_A,20242.0,-22.6,86.9,0.382,1,124.1,-6.31,7.01,-5.86,-8.32,2.4,-2.24,1.46,-2.28,-0.59,22.68,-2.93,0.09,-0.042,-0.02,0.797,1
22.95,TRAIN_M03_LADAKH_FAULT01_OVERHEAT,TRAIN,LADAKH,CRUISE_LOITER,5341.8,2198.3,71.4,83.03,98.97,82.99,83.03,783.51,783.86,784.61,783.87,4.27,90.42,9.23,3.0,40.88,0.758,14.06,2.98,LANE_A,20241.0,-22.6,86.9,0.379,1,122.6,-6.27,7.17,-5.81,-8.27,2.52,-2.13,1.62,-2.12,-0.57,22.7,-2.9,-0.2,0.009,-0.04,0.797,1
23.0,TRAIN_M03_LADAKH_FAULT01_OVERHEAT,TRAIN,LADAKH,CRUISE_LOITER,5348.3,2201.0,71.3,83.01,99.07,82.97,83.02,783.64,783.52,784.7,783.89,4.32,90.4,9.24,3.0,41.02,0.725,14.05,3.16,LANE_A,20241.0,-22.6,86.9,0.377,1,121.1,-6.38,7.18,-5.92,-8.37,2.58,-2.54,1.64,-2.17,-0.52,22.61,-2.9,-0.05,-0.025,-0.05,0.7956,1
23.05,TRAIN_M03_LADAKH_FAULT01_OVERHEAT,TRAIN,LADAKH,CRUISE_LOITER,5348.7,2201.1,71.3,82.99,99.17,82.96,83.0,783.18,783.07,784.52,783.67,4.33,90.31,9.34,3.0,40.9,0.75,14.08,3.01,LANE_A,20241.0,-22.6,86.9,0.374,1,119.6,-6.4,7.28,-5.93,-8.39,2.12,-2.99,1.46,-2.39,-0.51,22.51,-2.8,-0.17,-0.001,-0.02,0.7941,1
23.1,TRAIN_M03_LADAKH_FAULT01_OVERHEAT,TRAIN,LADAKH,CRUISE_LOITER,5349.1,2201.3,71.3,82.99,99.28,82.95,83.0,783.53,783.33,784.45,783.64,4.34,90.39,9.39,3.0,40.98,0.81,14.04,3.3,LANE_A,20240.0,-22.6,86.9,0.371,1,118.1,-6.41,7.38,-5.95,-8.4,2.47,-2.73,1.39,-2.42,-0.5,22.59,-2.75,-0.09,0.059,-0.06,0.7952,1
23.15,TRAIN_M03_LADAKH_FAULT01_OVERHEAT,TRAIN,LADAKH,CRUISE_LOITER,5337.9,2196.7,71.3,82.98,99.38,82.95,82.98,783.53,783.55,784.03,783.51,4.3,90.44,9.35,3.0,40.94,0.71,14.04,3.29,LANE_A,20240.0,-22.6,86.9,0.368,1,116.6,-6.25,7.65,-5.78,-8.25,2.47,-2.51,0.97,-2.55,-0.54,22.77,-2.77,-0.13,-0.039,-0.06,0.7977,1
23.2,TRAIN_M03_LADAKH_FAULT01_OVERHEAT,TRAIN,LADAKH,CRUISE_LOITER,5341.4,2198.1,71.3,82.97,99.48,82.94,82.98,783.7,783.95,784.01,783.8,4.34,90.44,9.35,3.0,40.93,0.67,14.07,3.44,LANE_A,20240.0,-22.6,86.9,0.365,1,115.1,-6.32,7.69,-5.85,-8.31,2.64,-2.11,0.95,-2.26,-0.5,22.73,-2.78,-0.14,-0.079,-0.03,0.7971,1
23.25,TRAIN_M03_LADAKH_FAULT01_OVERHEAT,TRAIN,LADAKH,CRUISE_LOITER,5341.8,2198.3,71.3,82.96,99.59,82.93,82.97,783.69,783.82,784.2,783.52,4.27,90.38,9.36,3.0,40.98,0.758,14.06,3.23,LANE_A,20240.0,-22.6,86.9,0.363,1,113.6,-6.33,7.8,-5.86,-8.32,2.63,-2.24,1.14,-2.54,-0.57,22.67,-2.77,-0.09,0.009,-0.04,0.7969,1
23.3,TRAIN_M03_LADAKH_FAULT01_OVERHEAT,TRAIN,LADAKH,CRUISE_LOITER,5341.1,2198.0,71.2,82.95,99.69,82.92,82.95,784.32,784.08,784.29,783.81,4.33,90.34,9.32,3.0,41.05,0.715,14.05,3.05,LANE_A,20239.0,-22.6,86.9,0.36,1,112.1,-6.32,7.92,-5.85,-8.32,3.19,-2.05,1.16,-2.32,-0.51,22.64,-2.8,-0.02,-0.034,-0.05,0.7961,1
23.35,TRAIN_M03_LADAKH_FAULT01_OVERHEAT,TRAIN,LADAKH,CRUISE_LOITER,5338.9,2197.1,71.2,82.94,99.8,82.91,82.94,784.51,783.88,784.19,783.76,4.33,90.32,9.32,3.0,41.02,0.652,14.07,3.1,LANE_A,20239.0,-22.6,86.9,0.357,1,110.6,-6.3,8.06,-5.83,-8.3,3.38,-2.25,1.06,-2.37,-0.51,22.65,-2.8,-0.05,-0.097,-0.03,0.7964,1
23.4,TRAIN_M03_LADAKH_FAULT01_OVERHEAT,TRAIN,LADAKH,CRUISE_LOITER,5336.8,2196.2,71.2,82.93,99.9,82.9,82.92,784.49,783.89,784.23,783.43,4.31,90.4,9.27,3.0,41.04,0.714,14.08,3.24,LANE_A,20239.0,-22.6,86.9,0.354,1,109.1,-6.28,8.19,-5.81,-8.29,3.36,-2.24,1.1,-2.7,-0.53,22.75,-2.84,-0.03,-0.035,-0.02,0.7979,1
23.45,TRAIN_M03_LADAKH_FAULT01_OVERHEAT,TRAIN,LADAKH,CRUISE_LOITER,5338.0,2196.7,71.2,82.91,100.0,82.89,82.91,784.35,784.02,784.07,783.7,4.34,90.27,9.21,3.0,40.99,0.771,14.07,3.15,LANE_A,20238.0,-22.6,86.9,0.351,1,107.6,-6.32,8.27,-5.84,-8.32,3.22,-2.11,0.94,-2.43,-0.5,22.61,-2.91,-0.08,0.022,-0.03,0.7961,1
23.5,TRAIN_M03_LADAKH_FAULT01_OVERHEAT,TRAIN,LADAKH,CRUISE_LOITER,5339.1,2197.2,71.2,82.9,100.1,82.88,82.89,784.3,784.0,784.33,783.41,4.32,90.28,9.12,3.0,41.01,0.754,14.01,3.39,LANE_A,20238.0,-22.6,86.9,0.348,1,106.1,-6.34,8.36,-5.86,-8.35,3.17,-2.13,1.2,-2.72,-0.52,22.61,-3.0,-0.06,0.005,-0.09,0.7965,1
23.55,TRAIN_M03_LADAKH_FAULT01_OVERHEAT,TRAIN,LADAKH,CRUISE_LOITER,5331.0,2193.8,71.2,82.88,100.2,82.86,82.87,784.0,783.95,784.62,783.35,4.31,90.32,9.06,3.0,40.99,0.77,14.08,3.22,LANE_A,20238.0,-22.6,86.9,0.346,1,104.7,-6.24,8.58,-5.76,-8.25,2.87,-2.18,1.49,-2.78,-0.53,22.74,-3.04,-0.08,0.022,-0.02,0.7983,1
23.6,TRAIN_M03_LADAKH_FAULT01_OVERHEAT,TRAIN,LADAKH,CRUISE_LOITER,5329.8,2193.3,71.1,82.86,100.3,82.83,82.86,784.26,783.63,784.55,783.83,4.28,90.2,9.09,3.0,40.94,0.76,14.06,3.35,LANE_A,20238.0,-22.6,86.9,0.343,1,103.2,-6.24,8.7,-5.77,-8.24,3.06,-2.57,1.35,-2.37,-0.56,22.64,-3.01,-0.12,0.012,-0.04,0.7973,1
23.65,TRAIN_M03_LADAKH_FAULT01_OVERHEAT,TRAIN,LADAKH,CRUISE_LOITER,5329.3,2193.1,71.1,82.84,100.39,82.82,82.84,784.41,783.67,784.48,784.17,4.29,90.11,9.15,3.0,40.96,0.788,14.05,3.09,LANE_A,20237.0,-22.6,86.9,0.34,1,101.7,-6.25,8.8,-5.77,-8.25,3.21,-2.53,1.28,-2.03,-0.55,22.56,-2.94,-0.1,0.04,-0.05,0.7961,1
23.7,TRAIN_M03_LADAKH_FAULT01_OVERHEAT,TRAIN,LADAKH,CRUISE_LOITER,5327.0,2192.2,71.1,82.82,100.5,82.8,82.82,784.04,783.92,784.63,783.91,4.33,90.18,9.1,3.0,41.02,0.761,14.07,3.2,LANE_A,20237.0,-22.6,86.9,0.337,1,100.2,-6.23,8.95,-5.75,-8.23,2.84,-2.28,1.43,-2.29,-0.51,22.66,-2.99,-0.04,0.014,-0.03,0.7973,1
23.75,TRAIN_M03_LADAKH_FAULT01_OVERHEAT,TRAIN,LADAKH,CRUISE_LOITER,5330.7,2193.7,71.1,82.8,100.6,82.79,82.81,784.1,784.08,784.34,783.67,4.22,90.04,9.13,3.0,41.0,0.696,14.06,3.28,LANE_A,20237.0,-22.6,86.9,0.334,1,98.7,-6.31,8.99,-5.82,-8.3,2.9,-2.12,1.14,-2.53,-0.62,22.47,-2.97,-0.06,-0.052,-0.04,0.7959,1
23.8,TRAIN_M03_LADAKH_FAULT01_OVERHEAT,TRAIN,LADAKH,CRUISE_LOITER,5330.3,2193.5,71.1,82.79,100.7,82.77,82.79,784.09,784.26,784.31,783.99,4.31,90.13,9.13,3.0,40.97,0.789,14.08,3.14,LANE_A,20236.0,-22.6,86.9,0.331,1,97.2,-6.31,9.1,-5.83,-8.31,2.89,-1.94,1.11,-2.21,-0.53,22.57,-2.97,-0.09,0.041,-0.02,0.7965,1
23.85,TRAIN_M03_LADAKH_FAULT01_OVERHEAT,TRAIN,LADAKH,CRUISE_LOITER,5333.7,2195.0,71.0,82.78,100.8,82.76,82.77,784.13,784.36,784.2,783.94,4.26,90.13,9.32,3.0,41.04,0.779,14.07,3.08,LANE_A,20236.0,-22.6,86.9,0.328,1,95.7,-6.37,9.15,-5.89,-8.38,2.86,-1.91,0.93,-2.33,-0.58,22.53,-2.78,-0.02,0.031,-0.03,0.7962,1
23.9,TRAIN_M03_LADAKH_FAULT01_OVERHEAT,TRAIN,LADAKH,CRUISE_LOITER,5343.4,2198.9,71.0,82.77,100.91,82.76,82.76,784.02,784.68,784.08,783.8,4.31,89.98,9.29,3.0,41.19,0.803,14.08,3.32,LANE_A,20236.0,-22.6,86.9,0.326,1,94.2,-6.52,9.12,-6.03,-8.53,2.75,-1.59,0.81,-2.47,-0.53,22.27,-2.83,0.13,0.053,-0.02,0.7927,1
23.95,TRAIN_M03_LADAKH_FAULT01_OVERHEAT,TRAIN,LADAKH,CRUISE_LOITER,5349.3,2201.4,71.0,82.77,101.02,82.75,82.75,783.94,784.6,784.07,784.04,4.34,89.95,9.39,3.0,41.17,0.724,14.06,3.18,LANE_A,20235.0,-22.6,86.9,0.323,1,92.7,-6.61,9.14,-6.13,-8.63,2.67,-1.67,0.8,-2.23,-0.5,22.17,-2.75,0.11,-0.027,-0.04,0.7911,1
24.0,TRAIN_M03_LADAKH_FAULT01_OVERHEAT,TRAIN,LADAKH,CRUISE_LOITER,5347.2,2200.5,71.0,82.76,101.14,82.74,82.74,783.77,784.54,783.98,784.08,4.33,90.06,9.36,3.0,41.12,0.744,14.09,3.01,LANE_A,20235.0,-22.6,86.9,0.32,1,91.2,-6.59,9.29,-6.11,-8.61,2.5,-1.73,0.71,-2.19,-0.51,22.3,-2.77,0.06,-0.006,-0.01,0.793,1
24.05,TRAIN_M03_LADAKH_FAULT01_OVERHEAT,TRAIN,LADAKH,CRUISE_LOITER,5343.3,2198.9,71.0,82.75,101.25,82.73,82.73,783.93,784.71,784.14,783.67,4.34,90.14,9.39,3.0,41.15,0.778,14.08,3.0,LANE_A,20235.0,-22.6,86.9,0.317,1,89.7,-6.54,9.46,-6.06,-8.56,2.66,-1.56,0.87,-2.6,-0.5,22.43,-2.73,0.09,0.028,-0.02,0.7947,1
24.1,TRAIN_M03_LADAKH_FAULT01_OVERHEAT,TRAIN,LADAKH,CRUISE_LOITER,5333.4,2194.8,71.0,82.74,101.35,82.72,82.73,783.75,785.24,784.29,783.86,4.3,90.13,9.3,3.0,41.09,0.712,14.07,3.45,LANE_A,20234.0,-22.6,86.9,0.314,1,88.2,-6.4,9.71,-5.92,-8.41,2.48,-1.03,1.02,-2.41,-0.54,22.54,-2.8,0.03,-0.036,-0.03,0.7965,1
24.15,TRAIN_M03_LADAKH_FAULT01_OVERHEAT,TRAIN,LADAKH,CRUISE_LOITER,5338.9,2197.1,70.9,82.73,101.46,82.71,82.72,783.8,785.06,784.26,784.08,4.32,90.14,9.32,3.0,41.04,0.702,14.06,3.21,LANE_A,20234.0,-22.6,86.9,0.311,1,86.7,-6.48,9.75,-6.0,-8.49,2.47,-1.27,0.93,-2.25,-0.52,22.49,-2.79,-0.01,-0.047,-0.04,0.7958,1
24.2,TRAIN_M03_LADAKH_FAULT01_OVERHEAT,TRAIN,LADAKH,CRUISE_LOITER,5334.6,2195.3,70.9,82.72,101.57,82.7,82.71,783.41,784.99,784.38,784.03,4.3,90.05,9.33,3.0,41.02,0.755,14.09,3.39,LANE_A,20234.0,-22.6,86.9,0.309,1,85.2,-6.43,9.92,-5.95,-8.44,2.08,-1.34,1.05,-2.3,-0.54,22.45,-2.77,-0.03,0.007,-0.01,0.7955,1
24.25,TRAIN_M03_LADAKH_FAULT01_OVERHEAT,TRAIN,LADAKH,CRUISE_LOITER,5339.4,2197.3,70.9,82.71,101.68,82.69,82.7,783.49,784.67,784.35,783.94,4.32,89.98,9.3,3.0,41.09,0.7,14.06,3.15,LANE_A,20233.0,-22.6,86.9,0.306,1,83.7,-6.51,9.96,-6.03,-8.52,2.16,-1.66,1.02,-2.39,-0.52,22.32,-2.81,0.04,-0.049,-0.04,0.7939,1
24.3,TRAIN_M03_LADAKH_FAULT01_OVERHEAT,TRAIN,LADAKH,CRUISE_LOITER,5338.2,2196.8,70.9,82.71,101.79,82.68,82.69,783.57,784.95,784.25,783.95,4.32,90.12,9.33,3.0,40.96,0.715,14.07,3.21,LANE_A,20233.0,-22.6,86.9,0.303,1,82.2,-6.49,10.09,-6.02,-8.51,2.24,-1.38,0.92,-2.38,-0.52,22.48,-2.78,-0.09,-0.034,-0.03,0.796,1
24.35,TRAIN_M03_LADAKH_FAULT01_OVERHEAT,TRAIN,LADAKH,CRUISE_LOITER,5336.9,2196.3,70.9,82.7,101.9,82.68,82.69,783.63,784.97,784.54,783.9,4.3,90.22,9.36,3.0,41.05,0.694,14.06,3.27,LANE_A,20232.0,-22.6,87.0,0.3,1,80.7,-6.46,10.24,-5.98,-8.47,2.3,-1.36,1.21,-2.43,-0.54,22.61,-2.75,-0.01,-0.055,-0.04,0.7979,1
24.4,TRAIN_M03_LADAKH_FAULT01_OVERHEAT,TRAIN,LADAKH,CRUISE_LOITER,5337.0,2196.3,70.9,82.69,102.0,82.67,82.68,784.16,784.93,784.48,783.8,4.34,90.23,9.4,3.0,40.98,0.749,14.05,3.39,LANE_A,20232.0,-22.6,87.0,0.297,1,79.2,-6.47,10.34,-5.99,-8.48,2.83,-1.4,1.15,-2.53,-0.5,22.62,-2.71,-0.08,0.0,-0.05,0.7977,1
24.45,TRAIN_M03_LADAKH_FAULT01_OVERHEAT,TRAIN,LADAKH,CRUISE_LOITER,5334.9,2195.4,70.8,82.68,102.12,82.66,82.68,783.86,784.78,784.42,784.08,4.29,90.3,9.45,3.0,41.06,0.836,14.06,3.15,LANE_A,20232.0,-22.6,87.0,0.294,1,77.7,-6.44,10.5,-5.96,-8.44,2.46,-1.62,1.02,-2.32,-0.55,22.72,-2.65,0.01,0.088,-0.04,0.7995,1
24.5,TRAIN_M03_LADAKH_FAULT01_OVERHEAT,TRAIN,LADAKH,CRUISE_LOITER,5337.1,2196.3,70.8,82.67,102.23,82.65,82.67,784.02,784.69,784.14,784.09,4.29,90.3,9.37,3.0,41.15,0.73,14.07,3.12,LANE_A,20231.0,-22.6,87.0,0.292,1,76.2,-6.48,10.58,-6.0,-8.48,2.62,-1.71,0.74,-2.31,-0.55,22.7,-2.74,0.1,-0.019,-0.03,0.7994,1
24.55,TRAIN_M03_LADAKH_FAULT01_OVERHEAT,TRAIN,LADAKH,CRUISE_LOITER,5343.2,2198.9,70.8,82.66,102.35,82.65,82.66,784.1,784.77,783.96,784.05,4.3,90.28,9.38,3.0,41.15,0.79,14.08,3.14,LANE_A,20231.0,-22.6,87.0,0.289,1,74.8,-6.58,10.61,-6.09,-8.58,2.7,-1.63,0.56,-2.35,-0.54,22.6,-2.74,0.1,0.04,-0.02,0.7982,1
24.6,TRAIN_M03_LADAKH_FAULT01_OVERHEAT,TRAIN,LADAKH,CRUISE_LOITER,5345.3,2199.7,70.8,82.65,102.46,82.64,82.65,784.64,784.82,783.73,784.04,4.28,90.28,9.33,3.0,41.1,0.735,14.07,3.37,LANE_A,20231.0,-22.6,87.0,0.286,1,73.3,-6.63,10.68,-6.14,-8.63,3.24,-1.58,0.33,-2.36,-0.56,22.58,-2.79,0.05,-0.015,-0.03,0.7983,1
24.65,TRAIN_M03_LADAKH_FAULT01_OVERHEAT,TRAIN,LADAKH,CRUISE_LOITER,5349.9,2201.6,70.8,82.65,102.57,82.64,82.64,784.21,784.76,783.9,784.33,4.35,90.26,9.35,3.0,40.95,0.738,14.06,3.14,LANE_A,20230.0,-22.6,87.0,0.283,1,71.8,-6.69,10.73,-6.2,-8.7,2.81,-1.64,0.5,-2.07,-0.49,22.5,-2.79,-0.1,-0.013,-0.04,0.7969,1
24.7,TRAIN_M03_LADAKH_FAULT01_OVERHEAT,TRAIN,LADAKH,CRUISE_LOITER,5347.6,2200.7,70.8,82.64,102.68,82.63,82.63,784.33,784.69,783.74,784.29,4.33,90.47,9.38,3.0,40.83,0.726,14.06,3.14,LANE_A,20230.0,-22.6,87.0,0.28,1,70.3,-6.67,10.87,-6.18,-8.68,2.93,-1.71,0.34,-2.11,-0.51,22.74,-2.75,-0.22,-0.024,-0.04,0.8002,1
24.75,TRAIN_M03_LADAKH_FAULT01_OVERHEAT,TRAIN,LADAKH,CRUISE_LOITER,5342.8,2198.7,70.7,82.63,102.79,82.62,82.62,784.72,784.39,783.74,784.35,4.29,90.45,9.3,3.0,40.98,0.754,14.06,3.14,LANE_A,20229.0,-22.6,87.0,0.278,1,68.8,-6.6,11.06,-6.11,-8.61,3.25,-2.08,0.27,-2.12,-0.55,22.79,-2.82,-0.07,0.004,-0.04,0.8013,1
24.8,TRAIN_M03_LADAKH_FAULT01_OVERHEAT,TRAIN,LADAKH,CRUISE_LOITER,5338.3,2196.8,70.7,82.62,102.9,82.62,82.62,784.85,784.32,783.86,784.14,4.29,90.55,9.31,3.0,40.82,0.761,14.06,3.37,LANE_A,20229.0,-22.6,87.0,0.275,1,67.3,-6.54,11.24,-6.04,-8.54,3.38,-2.15,0.39,-2.33,-0.55,22.94,-2.8,-0.23,0.012,-0.04,0.8032,1
24.85,TRAIN_M03_LADAKH_FAULT01_OVERHEAT,TRAIN,LADAKH,CRUISE_LOITER,5344.0,2199.2,70.7,82.62,103.01,82.61,82.61,784.45,784.22,783.99,784.13,4.28,90.45,9.42,3.0,40.99,0.717,14.05,3.17,LANE_A,20229.0,-22.6,87.0,0.272,1,65.8,-6.63,11.26,-6.14,-8.64,2.98,-2.25,0.52,-2.34,-0.56,22.77,-2.7,-0.06,-0.033,-0.05,0.8012,1
24.9,TRAIN_M03_LADAKH_FAULT01_OVERHEAT,TRAIN,LADAKH,CRUISE_LOITER,5349.8,2201.6,70.7,82.61,103.13,82.6,82.6,784.42,784.28,783.97,784.17,4.33,90.52,9.31,3.0,41.03,0.753,14.07,3.28,LANE_A,20228.0,-22.6,87.0,0.269,1,64.3,-6.72,11.3,-6.23,-8.73,2.95,-2.19,0.5,-2.3,-0.51,22.77,-2.82,-0.02,0.002,-0.03,0.8011,1
24.95,TRAIN_M03_LADAKH_FAULT01_OVERHEAT,TRAIN,LADAKH,CRUISE_LOITER,5349.7,2201.5,70.7,82.6,103.24,82.59,82.6,784.7,784.25,784.01,784.35,4.32,90.47,9.19,3.0,41.15,0.739,14.06,3.3,LANE_A,20228.0,-22.6,87.0,0.266,1,62.8,-6.73,11.41,-6.24,-8.73,3.23,-2.22,0.54,-2.12,-0.52,22.72,-2.94,0.1,-0.012,-0.04,0.8009,1
25.0,TRAIN_M03_LADAKH_FAULT01_OVERHEAT,TRAIN,LADAKH,CRUISE_LOITER,5345.5,2199.8,70.7,82.59,103.35,82.58,82.58,784.52,784.23,784.3,784.27,4.28,90.43,9.16,3.0,41.02,0.712,14.05,3.38,LANE_A,20227.0,-22.6,87.0,0.263,1,61.3,-6.68,11.58,-6.19,-8.69,3.05,-2.24,0.83,-2.2,-0.56,22.73,-2.96,-0.03,-0.038,-0.05,0.8014,1
25.05,TRAIN_M03_LADAKH_FAULT01_OVERHEAT,TRAIN,LADAKH,CRUISE_LOITER,5340.0,2197.5,70.7,82.59,103.46,82.56,82.57,784.04,784.45,784.57,784.16,4.28,90.32,9.2,3.0,40.96,0.732,14.08,3.17,LANE_A,20227.0,-22.6,87.0,0.261,1,59.8,-6.6,11.77,-6.13,-8.62,2.57,-2.02,1.1,-2.31,-0.56,22.69,-2.91,-0.09,-0.017,-0.02,0.8009,1
25.1,TRAIN_M03_LADAKH_FAULT01_OVERHEAT,TRAIN,LADAKH,CRUISE_LOITER,5344.7,2199.4,70.6,82.58,103.57,82.56,82.56,784.46,784.33,784.46,783.97,4.27,90.37,9.26,3.0,40.98,0.67,14.07,3.21,LANE_A,20226.0,-22.6,87.0,0.258,1,58.3,-6.67,11.82,-6.19,-8.69,2.93,-2.2,0.93,-2.56,-0.57,22.69,-2.86,-0.06,-0.08,-0.03,0.8011,1
25.15,TRAIN_M03_LADAKH_FAULT01_OVERHEAT,TRAIN,LADAKH,CRUISE_LOITER,5336.3,2196.0,70.6,82.57,103.68,82.55,82.55,784.24,784.11,784.53,783.9,4.27,90.43,9.22,3.0,40.98,0.835,14.05,3.19,LANE_A,20226.0,-22.6,87.0,0.255,1,56.8,-6.56,12.05,-6.08,-8.58,2.71,-2.42,1.0,-2.63,-0.57,22.85,-2.88,-0.06,0.086,-0.05,0.8032,1
25.2,TRAIN_M03_LADAKH_FAULT01_OVERHEAT,TRAIN,LADAKH,CRUISE_LOITER,5345.5,2199.8,70.6,82.56,103.79,82.54,82.52,784.21,784.0,784.05,783.88,4.27,90.42,9.23,3.0,41.09,0.803,14.07,3.12,LANE_A,20226.0,-22.6,87.0,0.252,1,55.3,-6.7,12.03,-6.22,-8.74,2.68,-2.53,0.52,-2.65,-0.57,22.73,-2.89,0.05,0.053,-0.03,0.8019,1
25.25,TRAIN_M03_LADAKH_FAULT01_OVERHEAT,TRAIN,LADAKH,CRUISE_LOITER,5350.9,2202.0,70.6,82.55,103.91,82.53,82.52,784.43,784.33,784.36,783.98,4.27,90.48,9.21,3.0,41.0,0.714,14.04,3.32,LANE_A,20225.0,-22.6,87.0,0.249,1,53.8,-6.79,12.07,-6.31,-8.82,2.9,-2.2,0.83,-2.55,-0.58,22.73,-2.92,-0.04,-0.037,-0.06,0.8022,1
25.3,TRAIN_M03_LADAKH_FAULT01_OVERHEAT,TRAIN,LADAKH,CRUISE_LOITER,5353.2,2203.0,70.6,82.54,104.02,82.51,82.51,784.49,784.36,784.36,784.28,4.27,90.49,9.24,3.0,40.98,0.72,14.1,3.16,LANE_A,20225.0,-22.6,87.0,0.246,1,52.3,-6.84,12.14,-6.37,-8.87,2.96,-2.17,0.83,-2.25,-0.58,22.71,-2.9,-0.06,-0.031,0.0,0.802,1
25.35,TRAIN_M03_LADAKH_FAULT01_OVERHEAT,TRAIN,LADAKH,CRUISE_LOITER,5349.2,2201.3,70.6,82.53,104.13,82.51,82.5,784.47,784.42,784.43,784.32,4.28,90.45,9.36,3.0,41.07,0.691,14.08,3.46,LANE_A,20224.0,-22.6,87.1,0.243,1,50.8,-6.76,12.34,-6.28,-8.79,2.94,-2.11,0.9,-2.21,-0.56,22.74,-2.77,0.02,-0.06,-0.02,0.8021,1
25.4,TRAIN_M03_LADAKH_FAULT01_OVERHEAT,TRAIN,LADAKH,CRUISE_LOITER,5350.0,2201.6,70.5,82.52,104.25,82.5,82.5,784.27,784.64,784.59,784.23,4.27,90.49,9.39,3.0,40.89,0.786,14.06,3.15,LANE_A,20224.0,-22.6,87.1,0.241,1,49.3,-6.77,12.46,-6.29,-8.79,2.67,-1.96,0.99,-2.37,-0.58,22.77,-2.74,-0.15,0.035,-0.04,0.8027,1
25.45,TRAIN_M03_LADAKH_FAULT01_OVERHEAT,TRAIN,LADAKH,CRUISE_LOITER,5332.5,2194.4,70.5,82.51,104.37,82.49,82.49,784.19,784.47,784.67,784.12,4.31,90.47,9.28,3.0,40.98,0.735,14.07,3.17,LANE_A,20223.0,-22.6,87.1,0.238,1,47.8,-6.53,12.83,-6.05,-8.55,2.59,-2.13,1.07,-2.48,-0.53,22.96,-2.81,-0.06,-0.013,-0.03,0.8048,1
25.5,TRAIN_M03_LADAKH_FAULT01_OVERHEAT,TRAIN,LADAKH,CRUISE_LOITER,5334.3,2195.2,70.5,82.49,104.48,82.48,82.48,784.49,784.22,784.78,784.33,4.27,90.46,9.25,3.0,40.91,0.754,14.03,3.22,LANE_A,20223.0,-22.6,87.1,0.235,1,46.3,-6.57,12.92,-6.08,-8.58,2.89,-2.38,1.18,-2.27,-0.57,22.93,-2.84,-0.13,0.006,-0.07,0.8049,1
25.55,TRAIN_M03_LADAKH_FAULT01_OVERHEAT,TRAIN,LADAKH,CRUISE_LOITER,5339.8,2197.4,70.5,82.49,104.59,82.46,82.47,784.51,784.03,784.18,784.4,4.3,90.47,9.23,3.0,40.98,0.769,14.09,3.38,LANE_A,20223.0,-22.6,87.1,0.232,1,44.9,-6.65,12.95,-6.18,-8.67,2.91,-2.57,0.58,-2.2,-0.54,22.88,-2.88,-0.06,0.02,-0.01,0.8043,1
25.6,TRAIN_M03_LADAKH_FAULT01_OVERHEAT,TRAIN,LADAKH,CRUISE_LOITER,5339.2,2197.2,70.5,82.48,104.71,82.46,82.46,784.6,784.35,784.24,784.31,4.34,90.54,9.29,3.0,40.96,0.72,14.06,3.52,LANE_A,20222.0,-22.6,87.1,0.229,1,43.4,-6.66,13.07,-6.18,-8.68,3.0,-2.25,0.64,-2.29,-0.5,22.95,-2.82,-0.08,-0.029,-0.04,0.8049,1
25.65,TRAIN_M03_LADAKH_FAULT01_OVERHEAT,TRAIN,LADAKH,CRUISE_LOITER,5334.7,2195.4,70.5,82.47,104.82,82.45,82.45,784.61,784.51,784.4,784.48,4.31,90.51,9.22,3.0,41.09,0.739,14.04,3.04,LANE_A,20222.0,-22.6,87.1,0.226,1,41.9,-6.6,13.25,-6.12,-8.62,3.01,-2.09,0.8,-2.12,-0.53,22.98,-2.88,0.05,-0.009,-0.06,0.8057,1
25.7,TRAIN_M03_LADAKH_FAULT01_OVERHEAT,TRAIN,LADAKH,CRUISE_LOITER,5339.5,2197.3,70.5,82.47,104.93,82.44,82.44,784.44,784.64,784.26,784.36,4.28,90.49,9.25,3.0,41.07,0.728,14.07,3.13,LANE_A,20221.0,-22.6,87.1,0.224,1,40.4,-6.67,13.29,-6.2,-8.7,2.84,-1.96,0.66,-2.24,-0.56,22.9,-2.86,0.03,-0.021,-0.03,0.805,1
25.75,TRAIN_M03_LADAKH_FAULT01_OVERHEAT,TRAIN,LADAKH,CRUISE_LOITER,5341.2,2198.0,70.4,82.46,105.05,82.43,82.43,784.11,784.94,784.42,784.2,4.33,90.6,9.26,3.0,41.18,0.782,14.07,3.19,LANE_A,20221.0,-22.6,87.1,0.221,1,38.9,-6.7,13.39,-6.23,-8.73,2.45,-1.72,0.76,-2.46,-0.51,23.0,-2.85,0.14,0.033,-0.03,0.806,1
25.8,TRAIN_M03_LADAKH_FAULT01_OVERHEAT,TRAIN,LADAKH,CRUISE_LOITER,5335.2,2195.6,70.4,82.44,105.17,82.42,82.42,783.94,784.75,784.31,784.47,4.32,90.64,9.25,3.0,41.12,0.773,14.08,3.11,LANE_A,20220.0,-22.6,87.1,0.218,1,37.4,-6.63,13.6,-6.15,-8.65,2.28,-1.91,0.65,-2.19,-0.52,23.11,-2.85,0.08,0.024,-0.02,0.8075,1
25.85,TRAIN_M03_LADAKH_FAULT01_OVERHEAT,TRAIN,LADAKH,CRUISE_LOITER,5340.1,2197.6,70.4,82.44,105.28,82.42,82.42,784.03,784.49,784.47,784.53,4.29,90.64,9.34,3.0,41.25,0.792,14.07,3.06,LANE_A,20220.0,-22.6,87.1,0.215,1,35.9,-6.7,13.64,-6.22,-8.72,2.37,-2.17,0.81,-2.13,-0.55,23.05,-2.77,0.21,0.043,-0.03,0.807,1
25.9,TRAIN_M03_LADAKH_FAULT01_OVERHEAT,TRAIN,LADAKH,CRUISE_LOITER,5337.7,2196.6,70.4,82.43,105.4,82.4,82.4,784.11,784.62,784.35,784.74,4.34,90.69,9.23,3.0,41.16,0.739,14.06,3.14,LANE_A,20219.0,-22.6,87.1,0.212,1,34.4,-6.68,13.79,-6.21,-8.71,2.45,-2.04,0.69,-1.92,-0.5,23.13,-2.87,0.12,-0.01,-0.04,0.8079,1
25.95,TRAIN_M03_LADAKH_FAULT01_OVERHEAT,TRAIN,LADAKH,CRUISE_LOITER,5334.9,2195.4,70.4,82.42,105.51,82.39,82.39,784.55,784.33,784.16,784.87,4.26,90.71,9.14,3.0,41.1,0.747,14.07,3.3,LANE_A,20219.0,-22.6,87.1,0.209,1,32.9,-6.64,13.95,-6.17,-8.67,2.89,-2.33,0.5,-1.79,-0.58,23.18,-2.96,0.06,-0.001,-0.03,0.8093,1
26.0,TRAIN_M03_LADAKH_FAULT01_OVERHEAT,TRAIN,LADAKH,CRUISE_LOITER,5340.3,2197.6,70.4,82.41,105.63,82.38,82.38,784.63,784.43,784.5,784.82,4.32,90.72,9.22,3.0,41.15,0.783,14.06,3.21,LANE_A,20218.0,-22.6,87.1,0.207,1,31.4,-6.73,13.99,-6.26,-8.76,2.97,-2.23,0.84,-1.84,-0.52,23.12,-2.89,0.11,0.034,-0.04,0.8083,1
26.05,TRAIN_M03_LADAKH_FAULT01_OVERHEAT,TRAIN,LADAKH,CRUISE_LOITER,5339.9,2197.5,70.4,82.4,105.75,82.38,82.37,784.68,784.87,784.54,784.86,4.31,90.63,9.28,3.0,41.08,0.684,14.06,3.18,LANE_A,20218.0,-22.6,87.1,0.204,1,29.9,-6.74,14.11,-6.26,-8.77,3.02,-1.79,0.88,-1.8,-0.53,23.04,-2.83,0.04,-0.065,-0.04,0.8074,1
26.1,TRAIN_M03_LADAKH_FAULT01_OVERHEAT,TRAIN,LADAKH,CRUISE_LOITER,5337.8,2196.6,70.3,82.39,105.86,82.37,82.37,784.81,784.84,785.0,784.95,4.25,90.67,9.28,3.0,41.09,0.727,14.04,3.57,LANE_A,20217.0,-22.6,87.1,0.201,1,28.4,-6.71,14.26,-6.23,-8.73,3.08,-1.89,1.27,-1.78,-0.59,23.11,-2.82,0.06,-0.022,-0.06,0.8088,1
26.15,TRAIN_M03_LADAKH_FAULT01_OVERHEAT,TRAIN,LADAKH,CRUISE_LOITER,5334.5,2195.2,70.3,82.39,105.98,82.36,82.36,784.9,785.23,784.93,784.87,4.25,90.73,9.36,3.0,40.96,0.715,14.06,3.16,LANE_A,20217.0,-22.6,87.1,0.198,1,26.9,-6.66,14.43,-6.19,-8.69,3.17,-1.5,1.2,-1.86,-0.59,23.21,-2.73,-0.07,-0.033,-0.04,0.81,1
26.2,TRAIN_M03_LADAKH_FAULT01_OVERHEAT,TRAIN,LADAKH,CRUISE_LOITER,5336.3,2196.0,70.3,82.38,106.09,82.36,82.35,784.65,785.21,784.87,784.9,4.26,90.81,9.24,3.0,41.06,0.748,14.04,3.17,LANE_A,20216.0,-22.6,87.2,0.195,1,25.4,-6.67,14.54,-6.19,-8.7,2.92,-1.52,1.14,-1.83,-0.58,23.29,-2.86,0.02,-0.001,-0.06,0.8112,1
26.25,TRAIN_M03_LADAKH_FAULT01_OVERHEAT,TRAIN,LADAKH,CRUISE_LOITER,5331.3,2193.9,70.3,82.37,106.2,82.35,82.35,784.35,785.03,784.79,784.86,4.25,90.78,9.23,3.0,41.13,0.723,14.06,3.31,LANE_A,20216.0,-22.6,87.2,0.193,1,23.9,-6.61,14.72,-6.13,-8.63,2.62,-1.7,1.06,-1.87,-0.59,23.32,-2.86,0.09,-0.025,-0.04,0.8117,1
26.3,TRAIN_M03_LADAKH_FAULT01_OVERHEAT,TRAIN,LADAKH,CRUISE_LOITER,5324.8,2191.3,70.3,82.36,106.32,82.34,82.33,784.35,784.86,784.96,784.71,4.28,90.83,9.17,3.0,41.19,0.697,14.08,3.08,LANE_A,20215.0,-22.6,87.2,0.19,1,22.4,-6.52,14.94,-6.04,-8.55,2.62,-1.87,1.23,-2.02,-0.56,23.45,-2.9,0.15,-0.05,-0.02,0.8132,1
26.35,TRAIN_M03_LADAKH_FAULT01_OVERHEAT,TRAIN,LADAKH,CRUISE_LOITER,5324.8,2191.3,70.3,82.35,106.43,82.33,82.32,784.45,784.63,784.49,784.29,4.32,90.88,9.12,3.0,41.08,0.722,14.08,3.13,LANE_A,20215.0,-22.6,87.2,0.187,1,20.9,-6.53,15.05,-6.05,-8.56,2.72,-2.1,0.76,-2.44,-0.52,23.5,-2.95,0.04,-0.025,-0.02,0.8137,1
26.4,TRAIN_M03_LADAKH_FAULT01_OVERHEAT,TRAIN,LADAKH,CRUISE_LOITER,5319.9,2189.3,70.3,82.34,106.54,82.32,82.31,784.94,784.4,784.79,784.18,4.28,90.9,9.12,3.0,41.02,0.76,14.1,3.23,LANE_A,20214.0,-22.6,87.2,0.184,1,19.4,-6.47,15.23,-5.99,-8.5,3.21,-2.33,1.06,-2.55,-0.56,23.57,-2.94,-0.02,0.014,0.0,0.8149,1
26.45,TRAIN_M03_LADAKH_FAULT01_OVERHEAT,TRAIN,LADAKH,CRUISE_LOITER,5321.8,2190.0,70.2,82.33,106.66,82.31,82.3,785.17,784.35,784.66,784.21,4.33,90.78,9.21,3.0,41.06,0.797,14.06,2.94,LANE_A,20214.0,-22.5,87.2,0.181,1,17.9,-6.59,15.24,-6.11,-8.62,3.36,-2.46,0.85,-2.6,-0.51,23.34,-2.85,0.03,0.05,-0.04,0.8119,1
26.5,TRAIN_M03_LADAKH_FAULT01_OVERHEAT,TRAIN,LADAKH,CRUISE_LOITER,5328.4,2192.8,70.2,82.32,106.77,82.3,82.29,785.2,784.43,784.26,784.21,4.31,90.86,9.21,3.0,41.08,0.75,14.08,3.25,LANE_A,20213.0,-22.5,87.2,0.178,1,16.4,-6.7,15.25,-6.22,-8.73,3.39,-2.38,0.45,-2.6,-0.53,23.34,-2.86,0.05,0.003,-0.02,0.8122,1
26.55,TRAIN_M03_LADAKH_FAULT01_OVERHEAT,TRAIN,LADAKH,CRUISE_LOITER,5321.7,2190.0,70.2,82.3,106.89,82.29,82.28,784.68,784.5,784.09,783.96,4.26,90.79,9.23,3.0,41.04,0.721,14.06,3.47,LANE_A,20213.0,-22.5,87.2,0.175,1,15.0,-6.62,15.47,-6.13,-8.64,2.87,-2.31,0.28,-2.85,-0.58,23.35,-2.83,0.01,-0.025,-0.04,0.8127,1
26.6,TRAIN_M03_LADAKH_FAULT01_OVERHEAT,TRAIN,LADAKH,CRUISE_LOITER,5327.5,2192.4,70.2,82.3,107.01,82.29,82.27,784.92,784.46,784.01,784.41,4.31,90.79,9.23,3.0,41.03,0.769,14.09,3.51,LANE_A,20212.0,-22.5,87.2,0.173,1,13.5,-6.71,15.5,-6.22,-8.74,3.11,-2.35,0.2,-2.4,-0.53,23.28,-2.84,0.0,0.022,-0.01,0.8117,1
26.65,TRAIN_M03_LADAKH_FAULT01_OVERHEAT,TRAIN,LADAKH,CRUISE_LOITER,5327.5,2192.4,70.2,82.28,107.12,82.28,82.25,784.94,784.36,783.99,784.67,4.29,90.82,9.17,3.0,40.99,0.732,14.06,3.0,LANE_A,20212.0,-22.5,87.2,0.17,1,12.0,-6.73,15.61,-6.23,-8.76,3.13,-2.45,0.18,-2.14,-0.55,23.31,-2.9,-0.04,-0.015,-0.04,0.8124,1
26.7,TRAIN_M03_LADAKH_FAULT01_OVERHEAT,TRAIN,LADAKH,CRUISE_LOITER,5317.5,2188.3,70.2,82.28,107.23,82.27,82.24,784.8,784.51,784.25,784.97,4.28,90.76,9.17,3.0,40.85,0.756,14.07,2.95,LANE_A,20211.0,-22.5,87.2,0.167,1,10.5,-6.58,15.87,-6.09,-8.62,2.99,-2.3,0.44,-1.84,-0.56,23.37,-2.88,-0.19,0.01,-0.03,0.8132,1
26.75,TRAIN_M03_LADAKH_FAULT01_OVERHEAT,TRAIN,LADAKH,CRUISE_LOITER,5314.9,2187.2,70.2,82.27,107.34,82.26,82.23,784.69,784.24,784.47,785.02,4.28,90.83,9.21,3.0,40.76,0.748,14.08,3.46,LANE_A,20211.0,-22.5,87.2,0.164,1,9.0,-6.55,16.02,-6.06,-8.59,2.88,-2.57,0.66,-1.79,-0.55,23.47,-2.83,-0.28,0.003,-0.02,0.8144,1
26.8,TRAIN_M03_LADAKH_FAULT01_OVERHEAT,TRAIN,LADAKH,CRUISE_LOITER,5312.2,2186.1,70.2,82.25,107.46,82.25,82.22,784.4,784.27,784.63,784.81,4.32,90.85,9.24,3.0,40.89,0.759,14.07,3.09,LANE_A,20210.0,-22.5,87.2,0.161,1,7.5,-6.53,16.18,-6.03,-8.56,2.59,-2.54,0.82,-2.0,-0.51,23.52,-2.8,-0.15,0.014,-0.03,0.8149,1
26.85,TRAIN_M03_LADAKH_FAULT01_OVERHEAT,TRAIN,LADAKH,CRUISE_LOITER,5311.9,2186.0,70.1,82.25,107.57,82.24,82.21,784.03,784.54,784.52,785.13,4.28,90.84,9.3,3.0,40.88,0.783,14.05,3.54,LANE_A,20209.0,-22.5,87.2,0.158,1,6.0,-6.52,16.3,-6.03,-8.56,2.15,-2.34,0.64,-1.75,-0.55,23.52,-2.73,-0.15,0.038,-0.05,0.8151,1
26.9,TRAIN_M03_LADAKH_FAULT01_OVERHEAT,TRAIN,LADAKH,CRUISE_LOITER,5313.8,2186.7,70.1,82.24,107.69,82.24,82.2,784.21,784.8,784.65,785.0,4.3,90.72,9.18,3.0,40.87,0.718,14.05,2.95,LANE_A,20209.0,-22.5,87.2,0.156,1,4.5,-6.56,16.39,-6.06,-8.6,2.33,-2.08,0.77,-1.88,-0.53,23.38,-2.86,-0.16,-0.027,-0.05,0.8137,1
26.95,TRAIN_M03_LADAKH_FAULT01_OVERHEAT,TRAIN,LADAKH,CRUISE_LOITER,5315.7,2187.5,70.1,82.23,107.8,82.23,82.19,784.19,784.58,784.64,785.03,4.3,90.62,9.19,3.0,40.89,0.765,14.1,3.36,LANE_A,20208.0,-22.5,87.3,0.153,1,3.0,-6.57,16.5,-6.07,-8.61,2.31,-2.3,0.76,-1.85,-0.54,23.28,-2.85,-0.14,0.019,0.0,0.8126,1
27.0,TRAIN_M03_LADAKH_FAULT01_OVERHEAT,TRAIN,LADAKH,CRUISE_LOITER,5316.8,2188.0,70.1,82.23,107.92,82.22,82.18,784.36,784.97,784.72,785.13,4.32,90.72,9.29,3.0,40.97,0.751,14.06,3.3,LANE_A,20208.0,-22.5,87.3,0.15,1,1.5,-6.59,16.6,-6.1,-8.64,2.48,-1.91,0.84,-1.75,-0.52,23.37,-2.76,-0.06,0.005,-0.04,0.8136,1
27.05,TRAIN_M03_LADAKH_FAULT01_OVERHEAT,TRAIN,LADAKH,CRUISE_LOITER,5315.8,2187.6,70.1,82.22,108.04,82.22,82.17,784.21,785.0,784.66,784.84,4.25,90.73,9.38,3.0,40.94,0.725,14.07,3.13,LANE_A,20207.0,-22.5,87.3,0.15,1,1.5,-6.58,16.74,-6.08,-8.63,2.33,-1.88,0.78,-2.04,-0.59,23.39,-2.66,-0.09,-0.021,-0.03,0.8143,1
27.1,TRAIN_M03_LADAKH_FAULT01_OVERHEAT,TRAIN,LADAKH,CRUISE_LOITER,5324.2,2191.0,70.1,82.22,108.16,82.21,82.17,784.19,784.86,784.53,784.95,4.33,90.76,9.44,3.0,41.1,0.758,14.06,3.33,LANE_A,20207.0,-22.5,87.3,0.15,1,1.5,-6.71,16.73,-6.22,-8.76,2.31,-2.02,0.65,-1.93,-0.51,23.32,-2.62,0.07,0.011,-0.04,0.8131,1
27.15,TRAIN_M03_LADAKH_FAULT01_OVERHEAT,TRAIN,LADAKH,CRUISE_LOITER,5329.2,2193.1,70.1,82.21,108.28,82.21,82.17,784.65,784.96,784.47,784.9,4.28,90.88,9.35,3.0,41.0,0.735,14.06,3.2,LANE_A,20206.0,-22.5,87.3,0.15,1,1.5,-6.79,16.78,-6.29,-8.83,2.77,-1.92,0.59,-1.98,-0.56,23.38,-2.73,-0.04,-0.013,-0.04,0.8144,1
27.2,TRAIN_M03_LADAKH_FAULT01_OVERHEAT,TRAIN,LADAKH,CRUISE_LOITER,5323.7,2190.8,70.1,82.21,108.39,82.2,82.16,784.49,785.17,785.01,785.08,4.27,90.95,9.31,3.0,40.93,0.805,14.08,3.27,LANE_A,20206.0,-22.5,87.3,0.15,1,1.5,-6.71,16.97,-6.22,-8.76,2.61,-1.71,1.13,-1.8,-0.57,23.51,-2.75,-0.11,0.058,-0.02,0.8162,1
27.25,TRAIN_M03_LADAKH_FAULT01_OVERHEAT,TRAIN,LADAKH,CRUISE_LOITER,5318.6,2188.7,70.0,82.2,108.5,82.19,82.15,784.42,785.21,785.17,784.83,4.23,90.91,9.23,3.0,40.99,0.73,14.05,3.35,LANE_A,20205.0,-22.5,87.3,0.15,1,1.5,-6.64,17.16,-6.15,-8.69,2.48,-1.73,1.23,-2.11,-0.61,23.54,-2.82,-0.04,-0.016,-0.05,0.817,1
27.3,TRAIN_M03_LADAKH_FAULT01_OVERHEAT,TRAIN,LADAKH,CRUISE_LOITER,5323.2,2190.6,70.0,82.19,108.62,82.18,82.14,784.38,785.17,785.26,785.18,4.24,91.01,9.21,3.0,41.01,0.786,14.07,3.32,LANE_A,20204.0,-22.5,87.3,0.15,1,1.5,-6.71,17.22,-6.22,-8.76,2.44,-1.77,1.32,-1.76,-0.6,23.59,-2.85,-0.02,0.039,-0.03,0.8177,1
27.35,TRAIN_M03_LADAKH_FAULT01_OVERHEAT,TRAIN,LADAKH,CRUISE_LOITER,5319.7,2189.2,70.0,82.17,108.72,82.17,82.12,784.58,785.08,785.1,785.32,4.3,90.99,9.17,3.0,40.84,0.739,14.09,3.1,LANE_A,20204.0,-22.5,87.3,0.15,1,1.5,-6.68,17.37,-6.18,-8.73,2.64,-1.86,1.16,-1.62,-0.54,23.61,-2.88,-0.19,-0.007,-0.01,0.8177,1
27.4,TRAIN_M03_LADAKH_FAULT01_OVERHEAT,TRAIN,LADAKH,CRUISE_LOITER,5316.4,2187.8,70.0,82.15,108.83,82.16,82.11,784.75,785.04,785.15,785.26,4.3,91.01,9.06,3.0,40.86,0.737,14.05,3.39,LANE_A,20203.0,-22.5,87.3,0.15,1,1.5,-6.65,17.53,-6.14,-8.69,2.81,-1.9,1.21,-1.68,-0.54,23.67,-2.98,-0.17,-0.009,-0.05,0.8186,1
27.45,TRAIN_M03_LADAKH_FAULT01_OVERHEAT,TRAIN,LADAKH,CRUISE_LOITER,5317.6,2188.3,70.0,82.14,108.94,82.14,82.09,785.17,785.29,785.56,785.07,4.32,91.22,9.0,3.0,40.86,0.717,14.07,3.14,LANE_A,20203.0,-22.5,87.3,0.15,1,1.5,-6.68,17.62,-6.18,-8.73,3.23,-1.65,1.62,-1.87,-0.52,23.86,-3.05,-0.17,-0.029,-0.03,0.821,1
27.5,TRAIN_M03_LADAKH_FAULT01_OVERHEAT,TRAIN,LADAKH,CRUISE_LOITER,5322.0,2190.1,70.0,82.13,109.05,82.13,82.09,785.23,784.84,784.99,785.3,4.23,91.4,9.06,3.0,40.96,0.652,14.12,3.21,LANE_A,20202.0,-22.5,87.3,0.15,1,1.5,-6.76,17.66,-6.26,-8.8,3.29,-2.1,1.05,-1.64,-0.61,23.99,-3.0,-0.07,-0.095,0.02,0.8231,1
27.55,TRAIN_M03_LADAKH_FAULT01_OVERHEAT,TRAIN,LADAKH,CRUISE_LOITER,5322.3,2190.2,70.0,82.11,109.15,82.13,82.07,785.38,785.05,785.23,785.52,4.22,91.38,9.0,3.0,40.94,0.773,14.06,3.31,LANE_A,20202.0,-22.5,87.3,0.15,1,1.5,-6.78,17.76,-6.26,-8.82,3.44,-1.89,1.29,-1.42,-0.62,23.97,-3.06,-0.09,0.026,-0.04,0.8231,1
27.6,TRAIN_M03_LADAKH_FAULT01_OVERHEAT,TRAIN,LADAKH,CRUISE_LOITER,5326.5,2192.0,70.0,82.1,109.25,82.11,82.07,785.56,785.37,785.37,785.37,4.26,91.32,9.03,3.0,41.03,0.726,14.07,3.31,LANE_A,20201.0,-22.5,87.4,0.15,1,1.5,-6.83,17.82,-6.32,-8.86,3.62,-1.57,1.43,-1.57,-0.58,23.88,-3.04,-0.01,-0.021,-0.03,0.8219,1
27.65,TRAIN_M03_LADAKH_FAULT01_OVERHEAT,TRAIN,LADAKH,CRUISE_LOITER,5325.1,2191.4,70.0,82.08,109.36,82.09,82.06,785.29,785.43,785.33,785.1,4.23,91.22,8.98,3.0,41.03,0.8,14.05,3.26,LANE_A,20200.0,-22.5,87.4,0.15,1,1.5,-6.83,17.95,-6.32,-8.85,3.35,-1.51,1.39,-1.84,-0.61,23.79,-3.09,-0.01,0.053,-0.05,0.8213,1
27.7,TRAIN_M03_LADAKH_FAULT01_OVERHEAT,TRAIN,LADAKH,CRUISE_LOITER,5329.2,2193.1,69.9,82.07,109.47,82.09,82.04,785.62,785.69,785.29,784.85,4.28,91.21,8.97,3.0,41.05,0.763,14.09,3.51,LANE_A,20200.0,-22.5,87.4,0.15,1,1.5,-6.89,18.01,-6.37,-8.92,3.61,-1.32,1.28,-2.16,-0.56,23.74,-3.1,0.02,0.015,-0.01,0.8206,1
27.75,TRAIN_M03_LADAKH_FAULT01_OVERHEAT,TRAIN,LADAKH,CRUISE_LOITER,5324.4,2191.1,69.9,82.06,109.57,82.07,82.04,785.76,785.41,785.25,784.85,4.29,91.09,9.14,3.0,41.0,0.737,14.08,3.26,LANE_A,20199.0,-22.5,87.4,0.15,1,1.5,-6.83,18.18,-6.32,-8.85,3.75,-1.6,1.24,-2.16,-0.55,23.68,-2.92,-0.03,-0.01,-0.02,0.8197,1
27.8,TRAIN_M03_LADAKH_FAULT01_OVERHEAT,TRAIN,LADAKH,CRUISE_LOITER,5328.0,2192.6,69.9,82.05,109.67,82.06,82.03,785.61,785.47,785.5,784.6,4.26,91.1,9.2,3.0,40.93,0.726,14.07,3.14,LANE_A,20199.0,-22.5,87.4,0.15,1,1.5,-6.89,18.23,-6.38,-8.91,3.6,-1.54,1.49,-2.41,-0.58,23.65,-2.87,-0.1,-0.021,-0.03,0.8196,1
27.85,TRAIN_M03_LADAKH_FAULT01_OVERHEAT,TRAIN,LADAKH,CRUISE_LOITER,5321.4,2189.9,69.9,82.04,109.77,82.06,82.02,785.21,785.13,785.31,784.7,4.25,91.11,9.21,3.0,40.82,0.768,14.04,3.07,LANE_A,20198.0,-22.5,87.4,0.15,1,1.5,-6.81,18.42,-6.29,-8.83,3.2,-1.88,1.3,-2.31,-0.59,23.73,-2.85,-0.21,0.022,-0.06,0.8207,1
27.9,TRAIN_M03_LADAKH_FAULT01_OVERHEAT,TRAIN,LADAKH,CRUISE_LOITER,5318.2,2188.5,69.9,82.03,109.87,82.05,82.02,784.96,784.7,784.92,784.57,4.28,91.07,9.26,3.0,40.94,0.731,14.05,3.18,LANE_A,20197.0,-22.5,87.4,0.15,1,1.5,-6.77,18.57,-6.25,-8.78,2.95,-2.31,0.91,-2.44,-0.56,23.73,-2.79,-0.09,-0.015,-0.05,0.8205,1
27.95,TRAIN_M03_LADAKH_FAULT01_OVERHEAT,TRAIN,LADAKH,CRUISE_LOITER,5315.0,2187.2,69.9,82.03,109.97,82.03,82.0,784.84,784.58,785.02,784.87,4.26,91.09,9.16,3.0,41.0,0.698,14.06,3.27,LANE_A,20197.0,-22.5,87.4,0.15,1,1.5,-6.72,18.72,-6.22,-8.75,2.83,-2.43,1.01,-2.14,-0.58,23.79,-2.88,-0.03,-0.047,-0.04,0.8216,1
28.0,TRAIN_M03_LADAKH_FAULT01_OVERHEAT,TRAIN,LADAKH,CRUISE_LOITER,5314.6,2187.1,69.9,82.02,110.07,82.02,81.99,784.75,784.6,784.77,784.86,4.3,91.05,9.22,3.0,40.96,0.758,14.06,3.23,LANE_A,20196.0,-22.5,87.4,0.15,1,1.5,-6.73,18.82,-6.23,-8.76,2.74,-2.41,0.76,-2.15,-0.54,23.75,-2.82,-0.07,0.013,-0.04,0.8209,1
28.05,TRAIN_M03_LADAKH_FAULT01_OVERHEAT,TRAIN,LADAKH,CRUISE_LOITER,5312.5,2186.2,69.9,82.01,110.17,82.01,81.99,784.4,784.67,784.84,785.36,4.26,90.94,9.2,3.0,41.05,0.726,14.08,3.25,LANE_A,20195.0,-22.5,87.4,0.15,1,1.5,-6.71,18.95,-6.21,-8.73,2.39,-2.34,0.83,-1.65,-0.57,23.67,-2.84,0.01,-0.019,-0.02,0.8205,1
28.1,TRAIN_M03_LADAKH_FAULT01_OVERHEAT,TRAIN,LADAKH,CRUISE_LOITER,5316.2,2187.7,69.9,82.0,110.27,82.01,81.98,784.27,784.98,784.88,785.43,4.26,91.02,9.2,3.0,41.22,0.748,14.05,3.26,LANE_A,20195.0,-22.5,87.4,0.15,1,1.5,-6.77,19.0,-6.26,-8.79,2.26,-2.03,0.87,-1.58,-0.58,23.7,-2.85,0.18,0.002,-0.05,0.8214,1
28.15,TRAIN_M03_LADAKH_FAULT01_OVERHEAT,TRAIN,LADAKH,CRUISE_LOITER,5327.9,2192.5,69.9,81.99,110.37,82.0,81.97,784.57,784.96,784.76,785.24,4.26,91.01,9.11,3.0,41.16,0.735,14.07,3.12,LANE_A,20194.0,-22.5,87.4,0.15,1,1.5,-6.95,18.93,-6.44,-8.97,2.56,-2.05,0.75,-1.77,-0.58,23.56,-2.96,0.12,-0.012,-0.03,0.8206,1
28.2,TRAIN_M03_LADAKH_FAULT01_OVERHEAT,TRAIN,LADAKH,CRUISE_LOITER,5319.5,2189.1,69.8,81.98,110.46,81.99,81.96,784.63,785.34,785.03,785.61,4.29,90.86,9.05,3.0,41.11,0.719,14.03,3.26,LANE_A,20194.0,-22.5,87.4,0.15,1,1.5,-6.83,19.15,-6.32,-8.85,2.56,-1.73,0.96,-1.46,-0.55,23.51,-3.0,0.08,-0.027,-0.07,0.8234,1
28.25,TRAIN_M03_LADAKH_FAULT01_OVERHEAT,TRAIN,LADAKH,CRUISE_LOITER,5327.8,2192.5,69.8,81.96,110.54,81.98,81.95,784.88,785.3,785.37,785.83,4.28,90.89,9.07,3.0,41.07,0.716,14.07,3.12,LANE_A,20193.0,-22.5,87.5,0.15,1,1.5,-6.95,19.13,-6.43,-8.96,2.81,-1.77,1.3,-1.24,-0.56,23.46,-3.0,0.04,-0.031,-0.03,0.8233,1
28.3,TRAIN_M03_LADAKH_FAULT01_OVERHEAT,TRAIN,LADAKH,CRUISE_LOITER,5322.0,2190.1,69.8,81.95,110.63,81.97,81.94,785.07,785.36,785.41,785.69,4.31,90.73,9.01,3.0,41.03,0.808,14.05,3.04,LANE_A,20192.0,-22.5,87.5,0.15,1,1.5,-6.87,19.31,-6.35,-8.88,3.0,-1.71,1.34,-1.38,-0.53,23.37,-3.05,0.0,0.061,-0.05,0.8255,1
28.35,TRAIN_M03_LADAKH_FAULT01_OVERHEAT,TRAIN,LADAKH,CRUISE_LOITER,5322.2,2190.2,69.8,81.94,110.72,81.96,81.93,785.56,785.37,785.18,785.66,4.29,90.84,9.01,3.0,40.94,0.763,14.08,3.27,LANE_A,20192.0,-22.5,87.5,0.15,1,1.5,-6.89,19.39,-6.37,-8.9,3.49,-1.7,1.11,-1.41,-0.55,23.48,-3.05,-0.09,0.016,-0.02,0.8268,1
28.4,TRAIN_M03_LADAKH_FAULT01_OVERHEAT,TRAIN,LADAKH,CRUISE_LOITER,5322.9,2190.5,69.8,81.92,110.81,81.94,81.92,785.7,785.32,785.1,785.41,4.28,90.81,9.01,3.0,40.92,0.712,14.05,3.23,LANE_A,20191.0,-22.5,87.5,0.15,1,1.5,-6.92,19.47,-6.4,-8.92,3.63,-1.75,1.03,-1.66,-0.56,23.44,-3.05,-0.11,-0.035,-0.05,0.828,1
28.45,TRAIN_M03_LADAKH_FAULT01_OVERHEAT,TRAIN,LADAKH,CRUISE_LOITER,5315.7,2187.5,69.8,81.91,110.9,81.93,81.91,785.72,785.16,784.61,785.78,4.25,90.88,9.06,3.0,41.0,0.676,14.04,3.27,LANE_A,20190.0,-22.5,87.5,0.15,1,1.5,-6.82,19.67,-6.3,-8.82,3.65,-1.91,0.54,-1.29,-0.59,23.6,-2.98,-0.04,-0.07,-0.06,0.8309,1
28.5,TRAIN_M03_LADAKH_FAULT01_OVERHEAT,TRAIN,LADAKH,CRUISE_LOITER,5319.0,2188.9,69.8,81.9,111.0,81.92,81.9,785.83,785.54,784.71,785.82,4.3,90.86,9.11,3.0,41.02,0.737,14.05,3.22,LANE_A,20190.0,-22.5,87.5,0.15,1,1.5,-6.88,19.72,-6.36,-8.88,3.76,-1.53,0.64,-1.25,-0.54,23.54,-2.94,-0.02,-0.009,-0.05,0.8312,1
28.55,TRAIN_M03_LADAKH_FAULT01_OVERHEAT,TRAIN,LADAKH,CRUISE_LOITER,5308.2,2184.5,69.8,81.89,111.08,81.91,81.89,786.07,785.52,784.68,785.68,4.25,90.79,9.07,3.0,40.95,0.702,14.02,3.11,LANE_A,20189.0,-22.5,87.5,0.15,1,1.5,-6.73,19.96,-6.21,-8.73,4.0,-1.55,0.61,-1.39,-0.58,23.59,-2.96,-0.09,-0.042,-0.08,0.8345,1
28.6,TRAIN_M03_LADAKH_FAULT01_OVERHEAT,TRAIN,LADAKH,CRUISE_LOITER,5306.8,2183.9,69.8,81.88,111.17,81.9,81.87,785.84,785.68,784.82,785.42,4.3,90.8,9.04,3.0,41.01,0.813,14.09,3.3,LANE_A,20188.0,-22.5,87.5,0.15,1,1.5,-6.72,20.07,-6.2,-8.73,3.77,-1.39,0.75,-1.65,-0.53,23.62,-2.98,-0.03,0.069,-0.01,0.8357,1
28.65,TRAIN_M03_LADAKH_FAULT01_OVERHEAT,TRAIN,LADAKH,CRUISE_LOITER,5299.6,2180.9,69.8,81.87,111.26,81.89,81.86,785.77,785.7,785.12,785.43,4.3,90.68,9.1,3.0,41.14,0.741,14.08,3.14,LANE_A,20188.0,-22.5,87.5,0.15,1,1.5,-6.63,20.26,-6.11,-8.64,3.7,-1.37,1.05,-1.64,-0.53,23.58,-2.91,0.1,-0.002,-0.02,0.838,1
28.7,TRAIN_M03_LADAKH_FAULT01_OVERHEAT,TRAIN,LADAKH,CRUISE_LOITER,5305.8,2183.5,69.8,81.87,111.34,81.88,81.85,785.99,785.76,785.06,785.46,4.27,90.72,9.12,3.0,41.17,0.708,14.07,3.23,LANE_A,20187.0,-22.4,87.5,0.15,1,1.5,-6.81,20.16,-6.3,-8.83,3.91,-1.32,0.98,-1.62,-0.56,23.46,-2.9,0.13,-0.036,-0.03,0.8369,1
28.75,TRAIN_M03_LADAKH_FAULT01_OVERHEAT,TRAIN,LADAKH,CRUISE_LOITER,5305.9,2183.5,69.7,81.86,111.42,81.88,81.85,785.53,785.47,785.35,785.76,4.25,90.79,9.16,3.0,41.14,0.754,14.04,3.1,LANE_A,20186.0,-22.4,87.5,0.15,1,1.5,-6.81,20.25,-6.29,-8.82,3.38,-1.68,1.2,-1.39,-0.58,23.53,-2.86,0.11,0.01,-0.06,0.8382,1
28.8,TRAIN_M03_LADAKH_FAULT01_OVERHEAT,TRAIN,LADAKH,CRUISE_LOITER,5298.1,2180.3,69.7,81.84,111.51,81.87,81.83,784.95,785.26,785.39,785.63,4.26,90.81,9.15,3.0,41.07,0.725,14.08,3.01,LANE_A,20186.0,-22.4,87.5,0.15,1,1.5,-6.72,20.45,-6.19,-8.73,2.8,-1.89,1.24,-1.52,-0.57,23.64,-2.85,0.04,-0.018,-0.02,0.8407,1
28.85,TRAIN_M03_LADAKH_FAULT01_OVERHEAT,TRAIN,LADAKH,CRUISE_LOITER,5296.9,2179.8,69.7,81.84,111.59,81.86,81.83,784.89,784.99,785.35,785.57,4.21,90.95,9.17,3.0,41.08,0.738,14.08,3.09,LANE_A,20185.0,-22.4,87.5,0.15,1,1.5,-6.7,20.55,-6.18,-8.71,2.74,-2.16,1.2,-1.58,-0.62,23.8,-2.83,0.04,-0.005,-0.02,0.8423,1
28.9,TRAIN_M03_LADAKH_FAULT01_OVERHEAT,TRAIN,LADAKH,CRUISE_LOITER,5300.1,2181.1,69.7,81.83,111.68,81.85,81.82,784.67,784.54,785.09,785.61,4.29,90.94,9.14,3.0,41.23,0.733,14.06,3.12,LANE_A,20184.0,-22.4,87.6,0.15,1,1.5,-6.73,20.62,-6.21,-8.74,2.52,-2.61,0.94,-1.54,-0.54,23.77,-2.86,0.19,-0.01,-0.04,0.8428,1
28.95,TRAIN_M03_LADAKH_FAULT01_OVERHEAT,TRAIN,LADAKH,CRUISE_LOITER,5301.5,2181.7,69.7,81.82,111.76,81.84,81.81,784.98,784.59,785.04,785.58,4.24,90.9,9.19,3.0,41.2,0.745,14.06,3.14,LANE_A,20184.0,-22.4,87.6,0.15,1,1.5,-6.76,20.68,-6.24,-8.77,2.83,-2.56,0.89,-1.57,-0.59,23.71,-2.82,0.16,0.002,-0.04,0.8437,1
29.0,TRAIN_M03_LADAKH_FAULT01_OVERHEAT,TRAIN,LADAKH,CRUISE_LOITER,5294.4,2178.8,69.7,81.81,111.85,81.83,81.8,784.97,784.14,785.1,785.7,4.3,90.9,9.16,3.0,41.13,0.803,14.04,3.13,LANE_A,20183.0,-22.4,87.6,0.15,1,1.5,-6.67,20.87,-6.15,-8.68,2.82,-3.01,0.95,-1.45,-0.53,23.79,-2.83,0.09,0.061,-0.06,0.8458,1
29.05,TRAIN_M03_LADAKH_FAULT01_OVERHEAT,TRAIN,LADAKH,CRUISE_LOITER,5300.1,2181.1,69.7,81.81,111.93,81.82,81.79,784.95,784.17,785.19,785.4,4.3,90.94,9.16,3.0,41.09,0.789,14.06,3.25,LANE_A,20182.0,-22.4,87.6,0.15,1,1.5,-6.76,20.86,-6.25,-8.78,2.8,-2.98,1.04,-1.75,-0.53,23.77,-2.84,0.05,0.046,-0.04,0.8458,1
29.1,TRAIN_M03_LADAKH_FAULT01_OVERHEAT,TRAIN,LADAKH,CRUISE_LOITER,5305.7,2183.4,69.7,81.81,112.01,81.82,81.78,784.75,784.25,785.14,785.4,4.32,91.07,9.13,3.0,41.03,0.718,14.05,2.89,LANE_A,20182.0,-22.4,87.6,0.15,1,1.5,-6.84,20.86,-6.33,-8.87,2.6,-2.9,0.99,-1.75,-0.51,23.83,-2.89,-0.01,-0.026,-0.05,0.8459,1
29.15,TRAIN_M03_LADAKH_FAULT01_OVERHEAT,TRAIN,LADAKH,CRUISE_LOITER,5307.0,2184.0,69.7,81.8,112.1,81.8,81.78,784.81,784.01,785.4,785.19,4.27,91.09,9.18,3.0,41.04,0.727,14.06,3.25,LANE_A,20181.0,-22.4,87.6,0.15,1,1.5,-6.87,20.93,-6.37,-8.89,2.66,-3.14,1.25,-1.96,-0.56,23.84,-2.84,0.0,-0.017,-0.04,0.8469,1
29.2,TRAIN_M03_LADAKH_FAULT01_OVERHEAT,TRAIN,LADAKH,CRUISE_LOITER,5304.5,2182.9,69.7,81.79,112.18,81.8,81.77,784.87,784.1,785.34,785.3,4.27,91.19,9.14,3.0,41.1,0.654,14.09,3.47,LANE_A,20180.0,-22.4,87.6,0.15,1,1.5,-6.84,21.05,-6.33,-8.86,2.72,-3.05,1.19,-1.85,-0.56,23.97,-2.88,0.06,-0.09,-0.01,0.8485,1
29.25,TRAIN_M03_LADAKH_FAULT01_OVERHEAT,TRAIN,LADAKH,CRUISE_LOITER,5310.8,2185.5,69.7,81.77,112.26,81.79,81.76,785.04,784.02,785.59,785.16,4.27,91.11,9.14,3.0,40.95,0.741,14.06,3.09,LANE_A,20180.0,-22.4,87.6,0.15,1,1.5,-6.95,21.04,-6.43,-8.96,2.89,-3.13,1.44,-1.99,-0.56,23.81,-2.89,-0.09,-0.004,-0.04,0.8484,1
29.3,TRAIN_M03_LADAKH_FAULT01_OVERHEAT,TRAIN,LADAKH,CRUISE_LOITER,5318.3,2188.6,69.7,81.77,112.34,81.78,81.75,784.82,784.2,785.61,785.48,4.25,91.06,9.04,3.0,40.86,0.744,14.04,3.17,LANE_A,20179.0,-22.4,87.6,0.15,1,1.5,-7.06,21.01,-6.55,-9.08,2.67,-2.95,1.46,-1.67,-0.59,23.67,-3.01,-0.18,-0.002,-0.06,0.8483,1
29.35,TRAIN_M03_LADAKH_FAULT01_OVERHEAT,TRAIN,LADAKH,CRUISE_LOITER,5322.9,2190.5,69.7,81.75,112.42,81.77,81.74,784.94,784.4,785.38,785.66,4.27,91.0,9.02,3.0,40.96,0.732,14.08,3.11,LANE_A,20178.0,-22.4,87.6,0.15,1,1.5,-7.15,21.02,-6.63,-9.16,2.79,-2.75,1.23,-1.49,-0.57,23.56,-3.04,-0.09,-0.015,-0.02,0.8484,1
29.4,TRAIN_M03_LADAKH_FAULT01_OVERHEAT,TRAIN,LADAKH,CRUISE_LOITER,5322.9,2190.5,69.7,81.75,112.5,81.77,81.73,784.93,784.3,785.53,785.76,4.28,91.01,9.01,3.0,40.94,0.699,14.05,3.21,LANE_A,20178.0,-22.4,87.6,0.15,1,1.5,-7.15,21.1,-6.63,-9.17,2.78,-2.85,1.38,-1.39,-0.56,23.57,-3.05,-0.11,-0.048,-0.05,0.8493,1
29.45,TRAIN_M03_LADAKH_FAULT01_OVERHEAT,TRAIN,LADAKH,CRUISE_LOITER,5318.7,2188.8,69.6,81.74,112.58,81.76,81.72,785.31,784.6,785.45,785.71,4.25,91.05,9.1,3.0,41.06,0.744,14.06,3.08,LANE_A,20177.0,-22.4,87.7,0.15,1,1.5,-7.07,21.27,-6.55,-9.09,3.1,-2.61,1.24,-1.5,-0.59,23.69,-2.95,0.02,-0.002,-0.04,0.8514,1
29.5,TRAIN_M03_LADAKH_FAULT01_OVERHEAT,TRAIN,LADAKH,CRUISE_LOITER,5311.9,2186.0,69.6,81.73,112.66,81.75,81.71,785.12,784.48,785.36,785.25,4.28,91.19,9.13,3.0,40.93,0.743,14.08,3.24,LANE_A,20176.0,-22.4,87.7,0.15,1,1.5,-6.98,21.45,-6.46,-9.0,2.91,-2.73,1.15,-1.96,-0.55,23.9,-2.9,-0.11,-0.002,-0.02,0.8533,1
29.55,TRAIN_M03_LADAKH_FAULT01_OVERHEAT,TRAIN,LADAKH,CRUISE_LOITER,5315.4,2187.4,69.6,81.73,112.73,81.74,81.7,785.14,784.99,785.63,785.5,4.26,91.05,9.14,3.0,41.04,0.733,14.08,3.22,LANE_A,20175.0,-22.4,87.7,0.15,1,1.5,-7.03,21.47,-6.52,-9.06,2.93,-2.22,1.42,-1.71,-0.58,23.72,-2.9,0.0,-0.013,-0.02,0.8536,1
29.6,TRAIN_M03_LADAKH_FAULT01_OVERHEAT,TRAIN,LADAKH,CRUISE_LOITER,5318.6,2188.7,69.6,81.72,112.81,81.74,81.7,784.72,784.96,785.48,785.38,4.33,91.1,9.13,3.0,41.11,0.739,14.05,3.21,LANE_A,20175.0,-22.4,87.7,0.15,1,1.5,-7.09,21.5,-6.57,-9.11,2.51,-2.25,1.27,-1.83,-0.51,23.74,-2.92,0.07,-0.007,-0.05,0.8537,1
29.65,TRAIN_M03_LADAKH_FAULT01_OVERHEAT,TRAIN,LADAKH,CRUISE_LOITER,5317.9,2188.4,69.6,81.71,112.89,81.73,81.7,784.73,785.26,785.18,785.21,4.3,91.12,9.19,3.0,41.12,0.729,14.09,3.11,LANE_A,20174.0,-22.4,87.7,0.15,1,1.5,-7.09,21.59,-6.57,-9.1,2.52,-1.95,0.97,-2.0,-0.54,23.76,-2.86,0.08,-0.017,-0.01,0.8549,1
29.7,TRAIN_M03_LADAKH_FAULT01_OVERHEAT,TRAIN,LADAKH,CRUISE_LOITER,5311.3,2185.7,69.6,81.71,112.97,81.73,81.69,785.17,785.31,784.99,784.8,4.32,91.02,9.12,3.0,41.16,0.68,14.06,3.25,LANE_A,20173.0,-22.4,87.7,0.15,1,1.5,-6.99,21.77,-6.47,-9.01,2.96,-1.9,0.78,-2.41,-0.51,23.74,-2.91,0.11,-0.065,-0.04,0.8568,1
29.75,TRAIN_M03_LADAKH_FAULT01_OVERHEAT,TRAIN,LADAKH,CRUISE_LOITER,5305.2,2183.2,69.6,81.7,113.05,81.71,81.68,785.33,785.45,784.93,785.06,4.3,90.95,9.11,3.0,41.13,0.702,14.07,3.13,LANE_A,20173.0,-22.4,87.7,0.15,1,1.5,-6.91,21.94,-6.4,-8.93,3.12,-1.76,0.72,-2.15,-0.53,23.74,-2.91,0.08,-0.042,-0.03,0.8587,1
29.8,TRAIN_M03_LADAKH_FAULT01_OVERHEAT,TRAIN,LADAKH,CRUISE_LOITER,5310.4,2185.3,69.6,81.7,113.12,81.71,81.67,785.43,785.4,785.1,784.9,4.28,90.96,9.13,3.0,41.08,0.736,14.07,3.16,LANE_A,20172.0,-22.4,87.7,0.15,1,1.5,-6.99,21.93,-6.48,-9.02,3.22,-1.81,0.89,-2.31,-0.55,23.69,-2.9,0.03,-0.009,-0.03,0.8587,1
29.85,TRAIN_M03_LADAKH_FAULT01_OVERHEAT,TRAIN,LADAKH,CRUISE_LOITER,5306.8,2183.9,69.6,81.68,113.2,81.7,81.66,785.61,785.54,785.2,785.09,4.28,90.96,9.09,3.0,41.27,0.757,14.06,3.15,LANE_A,20171.0,-22.4,87.7,0.15,1,1.5,-6.95,22.07,-6.43,-8.97,3.4,-1.67,0.99,-2.12,-0.55,23.73,-2.93,0.22,0.013,-0.04,0.8603,1
29.9,TRAIN_M03_LADAKH_FAULT01_OVERHEAT,TRAIN,LADAKH,CRUISE_LOITER,5308.2,2184.4,69.6,81.67,113.27,81.69,81.65,785.41,785.33,784.68,784.87,4.26,90.97,9.08,3.0,41.16,0.748,14.05,2.76,LANE_A,20170.0,-22.4,87.7,0.15,1,1.5,-6.99,22.11,-6.47,-9.01,3.2,-1.88,0.47,-2.34,-0.57,23.73,-2.95,0.11,0.004,-0.05,0.8609,1
29.95,TRAIN_M03_LADAKH_FAULT01_OVERHEAT,TRAIN,LADAKH,CRUISE_LOITER,5309.6,2185.0,69.6,81.66,113.34,81.68,81.64,785.59,785.37,784.76,784.53,4.26,90.94,9.09,3.0,41.12,0.657,14.06,3.32,LANE_A,20170.0,-22.4,87.7,0.15,1,1.5,-7.02,22.16,-6.5,-9.04,3.38,-1.84,0.55,-2.68,-0.57,23.68,-2.94,0.07,-0.088,-0.04,0.8615,1
30.0,TRAIN_M03_LADAKH_FAULT01_OVERHEAT,TRAIN,LADAKH,CRUISE_LOITER,5306.8,2183.9,69.6,81.65,113.41,81.66,81.63,785.55,785.45,784.8,784.72,4.31,91.04,9.07,3.0,41.18,0.748,14.04,3.4,LANE_A,20169.0,-22.4,87.7,0.15,1,1.5,-6.99,22.27,-6.48,-9.01,3.34,-1.76,0.59,-2.49,-0.52,23.81,-2.95,0.13,0.004,-0.06,0.8625,1
30.05,TRAIN_M03_LADAKH_FAULT01_OVERHEAT,TRAIN,LADAKH,CRUISE_LOITER,5318.0,2188.5,69.6,81.64,113.48,81.66,81.63,785.54,785.74,784.61,784.66,4.28,90.92,9.09,3.0,41.04,0.714,14.05,3.33,LANE_A,20168.0,-22.4,87.8,0.15,1,1.5,-7.13,22.21,-6.61,-9.14,3.33,-1.47,0.4,-2.55,-0.56,23.58,-2.96,-0.01,-0.032,-0.05,0.862,1
30.1,TRAIN_M03_LADAKH_FAULT01_OVERHEAT,TRAIN,LADAKH,CRUISE_LOITER,5315.2,2187.3,69.6,81.64,113.55,81.65,81.62,785.39,786.23,784.84,784.84,4.3,90.95,9.09,3.0,40.97,0.753,14.07,3.1,LANE_A,20167.0,-22.4,87.8,0.15,1,1.5,-7.09,22.32,-6.58,-9.11,3.18,-0.98,0.63,-2.37,-0.54,23.64,-2.95,-0.08,0.007,-0.03,0.8631,1
30.15,TRAIN_M03_LADAKH_FAULT01_OVERHEAT,TRAIN,LADAKH,CRUISE_LOITER,5317.7,2188.3,69.6,81.63,113.62,81.64,81.6,785.45,785.91,784.86,784.46,4.29,91.07,9.12,3.0,41.03,0.73,14.09,3.09,LANE_A,20167.0,-22.4,87.8,0.15,1,1.5,-7.14,22.35,-6.63,-9.17,3.24,-1.3,0.65,-2.75,-0.55,23.73,-2.93,-0.02,-0.016,-0.01,0.8636,1
30.2,TRAIN_M03_LADAKH_FAULT01_OVERHEAT,TRAIN,LADAKH,CRUISE_LOITER,5313.5,2186.6,69.6,81.62,113.69,81.63,81.59,785.44,785.93,784.73,784.72,4.36,91.06,9.12,3.0,41.05,0.741,14.09,2.94,LANE_A,20166.0,-22.4,87.8,0.15,1,1.5,-7.09,22.48,-6.58,-9.12,3.23,-1.28,0.52,-2.49,-0.47,23.77,-2.92,-0.01,-0.004,-0.01,0.8647,1
30.25,TRAIN_M03_LADAKH_FAULT01_OVERHEAT,TRAIN,LADAKH,CRUISE_LOITER,5321.8,2190.0,69.6,81.61,113.76,81.63,81.58,785.15,785.59,784.4,785.21,4.27,90.97,9.12,3.0,41.09,0.698,14.08,3.21,LANE_A,20165.0,-22.4,87.8,0.15,1,1.5,-7.22,22.43,-6.7,-9.25,2.94,-1.62,0.19,-2.0,-0.57,23.58,-2.94,0.03,-0.049,-0.02,0.8645,1
30.3,TRAIN_M03_LADAKH_FAULT01_OVERHEAT,TRAIN,LADAKH,CRUISE_LOITER,5318.6,2188.7,69.6,81.6,113.84,81.62,81.57,785.55,785.19,784.54,785.41,4.26,90.84,9.05,3.0,41.03,0.738,14.06,3.22,LANE_A,20164.0,-22.4,87.8,0.15,1,1.5,-7.19,22.55,-6.67,-9.22,3.34,-2.02,0.33,-1.8,-0.58,23.49,-3.0,-0.03,-0.008,-0.04,0.8658,1
30.35,TRAIN_M03_LADAKH_FAULT01_OVERHEAT,TRAIN,LADAKH,CRUISE_LOITER,5328.1,2192.6,69.6,81.6,113.9,81.62,81.57,785.43,785.14,784.53,785.25,4.3,90.92,9.07,3.0,41.12,0.767,14.06,3.42,LANE_A,20164.0,-22.4,87.8,0.15,1,1.5,-7.33,22.47,-6.81,-9.36,3.22,-2.07,0.32,-1.96,-0.54,23.46,-3.0,0.06,0.02,-0.04,0.8649,1
30.4,TRAIN_M03_LADAKH_FAULT01_OVERHEAT,TRAIN,LADAKH,CRUISE_LOITER,5327.3,2192.3,69.6,81.59,113.97,81.6,81.56,785.46,785.13,784.76,785.36,4.29,90.83,9.0,3.0,41.26,0.781,14.06,3.44,LANE_A,20163.0,-22.4,87.8,0.15,1,1.5,-7.32,22.56,-6.81,-9.35,3.25,-2.08,0.55,-1.85,-0.55,23.38,-3.07,0.2,0.034,-0.04,0.8659,1
30.45,TRAIN_M03_LADAKH_FAULT01_OVERHEAT,TRAIN,LADAKH,CRUISE_LOITER,5325.6,2191.6,69.5,81.57,114.03,81.6,81.55,785.63,785.18,785.15,785.83,4.3,90.85,9.06,3.0,41.24,0.767,14.06,3.18,LANE_A,20162.0,-22.3,87.8,0.15,1,1.5,-7.41,22.55,-6.88,-9.43,3.34,-2.11,0.86,-1.46,-0.54,23.33,-3.0,0.19,0.02,-0.04,0.8658,1
30.5,TRAIN_M03_LADAKH_FAULT01_OVERHEAT,TRAIN,LADAKH,CRUISE_LOITER,5330.7,2193.7,69.5,81.56,114.09,81.58,81.54,785.67,785.24,785.25,785.91,4.29,90.89,9.02,3.0,41.26,0.668,14.08,3.01,LANE_A,20161.0,-22.3,87.8,0.15,1,1.5,-7.49,22.54,-6.97,-9.51,3.38,-2.05,0.96,-1.38,-0.55,23.31,-3.05,0.2,-0.08,-0.02,0.8658,1
30.55,TRAIN_M03_LADAKH_FAULT01_OVERHEAT,TRAIN,LADAKH,CRUISE_LOITER,5327.2,2192.3,69.5,81.56,114.16,81.58,81.54,785.22,785.31,785.26,786.03,4.26,90.92,9.11,3.0,41.23,0.724,14.05,3.26,LANE_A,20161.0,-22.3,87.8,0.15,1,1.5,-7.44,22.66,-6.92,-9.46,2.93,-1.98,0.97,-1.26,-0.58,23.38,-2.96,0.17,-0.023,-0.05,0.8671,1
30.6,TRAIN_M03_LADAKH_FAULT01_OVERHEAT,TRAIN,LADAKH,CRUISE_LOITER,5332.0,2194.2,69.5,81.55,114.23,81.57,81.53,785.3,785.43,785.7,786.1,4.31,91.0,9.09,3.0,41.26,0.667,14.06,2.98,LANE_A,20160.0,-22.3,87.9,0.15,1,1.5,-7.49,22.69,-6.97,-9.51,3.01,-1.86,1.41,-1.19,-0.53,23.42,-2.99,0.2,-0.081,-0.04,0.8674,1
30.65,TRAIN_M03_LADAKH_FAULT01_OVERHEAT,TRAIN,LADAKH,CRUISE_LOITER,5329.9,2193.4,69.5,81.54,114.3,81.56,81.52,785.31,785.41,785.64,785.99,4.28,91.07,9.06,3.0,41.24,0.745,14.06,3.27,LANE_A,20159.0,-22.3,87.9,0.15,1,1.5,-7.47,22.79,-6.95,-9.49,3.02,-1.88,1.35,-1.3,-0.56,23.52,-3.01,0.18,-0.003,-0.04,0.8686,1
30.7,TRAIN_M03_LADAKH_FAULT01_OVERHEAT,TRAIN,LADAKH,CRUISE_LOITER,5322.3,2190.2,69.5,81.54,114.36,81.56,81.51,785.37,785.42,785.69,786.23,4.27,91.01,9.11,3.0,41.31,0.84,14.09,3.36,LANE_A,20158.0,-22.3,87.9,0.15,1,1.5,-7.36,22.96,-6.84,-9.39,3.08,-1.87,1.4,-1.06,-0.57,23.55,-2.95,0.25,0.093,-0.01,0.8703,1
30.75,TRAIN_M03_LADAKH_FAULT01_OVERHEAT,TRAIN,LADAKH,CRUISE_LOITER,5320.5,2189.5,69.5,81.53,114.43,81.55,81.5,785.71,785.13,785.53,786.03,4.25,90.97,9.01,3.0,41.13,0.745,14.06,3.17,LANE_A,20158.0,-22.3,87.9,0.15,1,1.5,-7.35,23.05,-6.83,-9.38,3.42,-2.16,1.24,-1.26,-0.59,23.53,-3.04,0.07,-0.001,-0.04,0.8713,1
30.8,TRAIN_M03_LADAKH_FAULT01_OVERHEAT,TRAIN,LADAKH,CRUISE_LOITER,5314.6,2187.1,69.5,81.52,114.49,81.54,81.5,785.32,785.0,785.88,786.53,4.26,90.95,9.02,3.0,41.08,0.731,14.08,3.18,LANE_A,20157.0,-22.3,87.9,0.15,1,1.5,-7.27,23.2,-6.75,-9.29,3.03,-2.29,1.59,-0.76,-0.57,23.58,-3.02,0.02,-0.014,-0.02,0.8727,1
30.85,TRAIN_M03_LADAKH_FAULT01_OVERHEAT,TRAIN,LADAKH,CRUISE_LOITER,5315.9,2187.6,69.5,81.52,114.55,81.53,81.49,784.9,785.0,785.87,786.47,4.25,91.03,8.99,3.0,41.19,0.744,14.07,3.14,LANE_A,20156.0,-22.3,87.9,0.15,1,1.5,-7.29,23.24,-6.78,-9.32,2.61,-2.29,1.58,-0.82,-0.58,23.64,-3.05,0.13,-0.002,-0.03,0.8733,1
30.9,TRAIN_M03_LADAKH_FAULT01_OVERHEAT,TRAIN,LADAKH,CRUISE_LOITER,5316.3,2187.8,69.5,81.51,114.61,81.52,81.47,785.38,785.1,785.9,786.52,4.29,91.05,9.01,3.0,41.14,0.748,14.07,3.12,LANE_A,20155.0,-22.3,87.9,0.15,1,1.5,-7.31,23.29,-6.8,-9.35,3.09,-2.19,1.61,-0.77,-0.54,23.66,-3.03,0.08,0.002,-0.03,0.8736,1
30.95,TRAIN_M03_LADAKH_FAULT01_OVERHEAT,TRAIN,LADAKH,CRUISE_LOITER,5314.1,2186.9,69.5,81.5,114.67,81.51,81.47,785.36,785.16,785.75,785.91,4.28,91.03,9.06,3.0,41.16,0.741,14.05,3.1,LANE_A,20154.0,-22.3,87.9,0.15,1,1.5,-7.28,23.39,-6.77,-9.31,3.07,-2.13,1.46,-1.38,-0.55,23.66,-2.98,0.09,-0.004,-0.05,0.8746,1
31.0,TRAIN_M03_LADAKH_FAULT01_OVERHEAT,TRAIN,LADAKH,CRUISE_LOITER,5314.3,2186.9,69.5,81.49,114.73,81.5,81.46,785.51,785.0,785.82,785.96,4.25,91.01,9.06,3.0,41.21,0.664,14.06,3.33,LANE_A,20154.0,-22.3,87.9,0.15,1,1.5,-7.3,23.44,-6.79,-9.33,3.22,-2.29,1.53,-1.33,-0.58,23.64,-2.98,0.14,-0.081,-0.04,0.8753,1
31.05,TRAIN_M03_LADAKH_FAULT01_OVERHEAT,TRAIN,LADAKH,CRUISE_LOITER,5312.8,2186.3,69.5,81.48,114.79,81.5,81.45,785.74,785.28,785.31,785.71,4.28,91.14,9.15,3.0,41.21,0.782,14.06,3.04,LANE_A,20153.0,-22.3,87.9,0.15,1,1.5,-7.29,23.52,-6.77,-9.32,3.45,-2.01,1.02,-1.58,-0.55,23.79,-2.89,0.14,0.037,-0.04,0.8759,1
31.1,TRAIN_M03_LADAKH_FAULT01_OVERHEAT,TRAIN,LADAKH,CRUISE_LOITER,5320.0,2189.3,69.5,81.48,114.86,81.49,81.45,785.93,785.47,785.32,785.36,4.25,91.15,9.17,3.0,41.2,0.687,14.06,3.34,LANE_A,20152.0,-22.3,87.9,0.15,1,1.5,-7.39,23.49,-6.88,-9.42,3.64,-1.82,1.03,-1.93,-0.59,23.71,-2.88,0.13,-0.059,-0.04,0.8758,1
31.15,TRAIN_M03_LADAKH_FAULT01_OVERHEAT,TRAIN,LADAKH,CRUISE_LOITER,5322.8,2190.5,69.5,81.48,114.92,81.48,81.44,785.47,785.28,785.64,785.4,4.28,91.2,9.17,3.0,41.2,0.861,14.06,3.1,LANE_A,20151.0,-22.3,88.0,0.15,1,1.5,-7.41,23.53,-6.91,-9.45,3.18,-2.01,1.35,-1.89,-0.56,23.75,-2.89,0.13,0.114,-0.04,0.8762,1
31.2,TRAIN_M03_LADAKH_FAULT01_OVERHEAT,TRAIN,LADAKH,CRUISE_LOITER,5319.1,2188.9,69.5,81.48,114.99,81.48,81.44,785.1,784.79,785.69,785.3,4.29,91.17,9.13,3.0,41.13,0.799,14.07,3.46,LANE_A,20150.0,-22.3,88.0,0.15,1,1.5,-7.35,23.66,-6.85,-9.39,2.81,-2.5,1.4,-1.99,-0.55,23.76,-2.92,0.06,0.053,-0.03,0.8774,1
31.25,TRAIN_M03_LADAKH_FAULT01_OVERHEAT,TRAIN,LADAKH,CRUISE_LOITER,5317.9,2188.4,69.5,81.47,115.06,81.47,81.43,785.21,784.9,785.24,785.06,4.28,91.21,9.15,3.0,41.08,0.761,14.09,2.97,LANE_A,20150.0,-22.3,88.0,0.15,1,1.5,-7.35,23.74,-6.85,-9.39,2.92,-2.39,0.95,-2.23,-0.56,23.82,-2.9,0.01,0.015,-0.01,0.8782,1
31.3,TRAIN_M03_LADAKH_FAULT01_OVERHEAT,TRAIN,LADAKH,CRUISE_LOITER,5315.8,2187.6,69.5,81.47,115.11,81.47,81.43,785.05,785.05,785.57,784.96,4.28,91.3,9.14,3.0,41.16,0.701,14.08,3.3,LANE_A,20149.0,-22.3,88.0,0.15,1,1.5,-7.32,23.82,-6.82,-9.36,2.76,-2.24,1.28,-2.33,-0.55,23.93,-2.91,0.09,-0.045,-0.02,0.879,1
31.35,TRAIN_M03_LADAKH_FAULT01_OVERHEAT,TRAIN,LADAKH,CRUISE_LOITER,5317.3,2188.2,69.5,81.47,115.17,81.46,81.43,785.12,784.89,785.08,784.71,4.25,91.27,9.13,3.0,41.07,0.712,14.04,3.11,LANE_A,20148.0,-22.3,88.0,0.15,1,1.5,-7.34,23.86,-6.85,-9.38,2.83,-2.4,0.79,-2.58,-0.59,23.88,-2.92,0.0,-0.034,-0.06,0.8795,1
31.4,TRAIN_M03_LADAKH_FAULT01_OVERHEAT,TRAIN,LADAKH,CRUISE_LOITER,5319.2,2189.0,69.5,81.46,115.22,81.45,81.42,785.06,784.84,785.36,784.86,4.28,91.27,9.09,3.0,41.0,0.741,14.08,3.54,LANE_A,20147.0,-22.3,88.0,0.15,1,1.5,-7.38,23.88,-6.89,-9.42,2.77,-2.45,1.07,-2.43,-0.56,23.86,-2.96,-0.08,-0.005,-0.02,0.8797,1
31.45,TRAIN_M03_LADAKH_FAULT01_OVERHEAT,TRAIN,LADAKH,CRUISE_LOITER,5311.9,2186.0,69.5,81.45,115.28,81.44,81.42,785.17,785.24,785.48,784.91,4.26,91.19,9.01,3.0,41.06,0.722,14.09,3.2,LANE_A,20146.0,-22.3,88.0,0.15,1,1.5,-7.28,24.05,-6.79,-9.31,2.88,-2.05,1.19,-2.38,-0.57,23.86,-3.03,-0.02,-0.023,-0.01,0.8813,1
31.5,TRAIN_M03_LADAKH_FAULT01_OVERHEAT,TRAIN,LADAKH,CRUISE_LOITER,5307.4,2184.1,69.5,81.44,115.34,81.43,81.41,785.36,785.29,785.43,785.03,4.27,91.21,9.0,3.0,41.07,0.79,14.08,3.43,LANE_A,20146.0,-22.3,88.0,0.15,1,1.5,-7.23,24.17,-6.74,-9.26,3.07,-2.0,1.14,-2.26,-0.56,23.94,-3.03,-0.01,0.046,-0.02,0.8824,1
31.55,TRAIN_M03_LADAKH_FAULT01_OVERHEAT,TRAIN,LADAKH,CRUISE_LOITER,5294.9,2179.0,69.5,81.44,115.39,81.42,81.41,785.3,784.94,785.5,785.31,4.28,91.2,9.03,3.0,41.17,0.714,14.06,3.04,LANE_A,20145.0,-22.3,88.0,0.15,1,1.5,-7.04,24.41,-6.56,-9.07,3.01,-2.35,1.21,-1.98,-0.55,24.07,-2.97,0.09,-0.029,-0.04,0.8845,1
31.6,TRAIN_M03_LADAKH_FAULT01_OVERHEAT,TRAIN,LADAKH,CRUISE_LOITER,5299.4,2180.8,69.5,81.43,115.44,81.41,81.39,784.94,784.67,785.62,785.35,4.24,91.27,8.91,3.0,41.16,0.756,14.06,3.2,LANE_A,20144.0,-22.3,88.0,0.15,1,1.5,-7.12,24.39,-6.64,-9.16,2.65,-2.62,1.33,-1.94,-0.59,24.09,-3.1,0.08,0.013,-0.04,0.8846,1
31.65,TRAIN_M03_LADAKH_FAULT01_OVERHEAT,TRAIN,LADAKH,CRUISE_LOITER,5296.4,2179.6,69.5,81.41,115.49,81.39,81.39,785.6,784.68,785.75,785.4,4.27,91.3,8.88,3.0,41.1,0.771,14.07,3.06,LANE_A,20143.0,-22.3,88.0,0.15,1,1.5,-7.1,24.48,-6.62,-9.12,3.31,-2.61,1.46,-1.89,-0.56,24.15,-3.13,0.02,0.028,-0.03,0.8854,1
31.7,TRAIN_M03_LADAKH_FAULT01_OVERHEAT,TRAIN,LADAKH,CRUISE_LOITER,5302.1,2181.9,69.5,81.4,115.54,81.38,81.38,785.41,784.58,785.72,785.4,4.24,91.44,8.88,3.0,41.0,0.735,14.07,3.25,LANE_A,20142.0,-22.3,88.1,0.15,1,1.5,-7.16,24.48,-6.68,-9.18,3.12,-2.71,1.43,-1.89,-0.59,24.25,-3.14,-0.08,-0.009,-0.03,0.8856,1
31.75,TRAIN_M03_LADAKH_FAULT01_OVERHEAT,TRAIN,LADAKH,CRUISE_LOITER,5307.1,2184.0,69.5,81.4,115.59,81.38,81.37,785.55,784.91,785.63,785.28,4.25,91.59,9.01,3.0,40.92,0.72,14.06,3.21,LANE_A,20141.0,-22.3,88.1,0.15,1,1.5,-7.24,24.45,-6.76,-9.27,3.26,-2.38,1.34,-2.01,-0.58,24.34,-3.02,-0.16,-0.024,-0.04,0.8853,1
31.8,TRAIN_M03_LADAKH_FAULT01_OVERHEAT,TRAIN,LADAKH,CRUISE_LOITER,5304.4,2182.9,69.5,81.4,115.64,81.36,81.36,785.32,785.12,785.69,785.08,4.22,91.58,9.0,3.0,41.04,0.697,14.09,3.13,LANE_A,20141.0,-22.3,88.1,0.15,1,1.5,-7.2,24.54,-6.74,-9.24,3.03,-2.17,1.4,-2.21,-0.61,24.36,-3.02,-0.04,-0.047,-0.01,0.8862,1
31.85,TRAIN_M03_LADAKH_FAULT01_OVERHEAT,TRAIN,LADAKH,CRUISE_LOITER,5310.8,2185.5,69.5,81.39,115.69,81.35,81.35,785.33,785.08,785.53,784.6,4.22,91.65,8.99,3.0,41.11,0.719,14.1,2.97,LANE_A,20140.0,-22.3,88.1,0.15,1,1.5,-7.3,24.5,-6.84,-9.34,3.04,-2.21,1.24,-2.69,-0.61,24.36,-3.05,0.02,-0.026,0.0,0.886,1
31.9,TRAIN_M03_LADAKH_FAULT01_OVERHEAT,TRAIN,LADAKH,CRUISE_LOITER,5307.6,2184.2,69.5,81.38,115.75,81.34,81.35,785.31,785.2,785.54,784.74,4.27,91.64,9.04,3.0,41.12,0.767,14.05,3.31,LANE_A,20139.0,-22.3,88.1,0.15,1,1.5,-7.27,24.6,-6.81,-9.3,3.02,-2.09,1.25,-2.55,-0.56,24.38,-2.99,0.03,0.023,-0.05,0.8866,1
31.95,TRAIN_M03_LADAKH_FAULT01_OVERHEAT,TRAIN,LADAKH,CRUISE_LOITER,5309.8,2185.1,69.5,81.38,115.8,81.34,81.34,785.57,784.75,785.31,784.62,4.22,91.83,9.1,3.0,41.03,0.748,14.06,3.2,LANE_A,20138.0,-22.3,88.1,0.15,1,1.5,-7.3,24.62,-6.84,-9.34,3.28,-2.54,1.02,-2.67,-0.61,24.55,-2.94,-0.06,0.003,-0.04,0.8871,1
32.0,TRAIN_M03_LADAKH_FAULT01_OVERHEAT,TRAIN,LADAKH,CRUISE_LOITER,5311.9,2186.0,69.5,81.37,115.85,81.34,81.35,785.57,784.8,785.33,784.92,4.19,91.97,9.12,3.0,41.13,0.685,14.06,2.93,LANE_A,20137.0,-22.3,88.1,0.15,1,1.5,-7.34,24.64,-6.87,-9.36,3.28,-2.49,1.04,-2.37,-0.64,24.66,-2.92,0.04,-0.06,-0.04,0.8874,1
32.05,TRAIN_M03_LADAKH_FAULT01_OVERHEAT,TRAIN,LADAKH,CRUISE_LOITER,5310.7,2185.5,69.5,81.37,115.91,81.33,81.34,785.83,784.48,785.57,785.24,4.23,92.05,9.17,3.0,41.07,0.749,14.06,3.32,LANE_A,20137.0,-22.3,88.1,0.15,1,1.5,-7.32,24.72,-6.86,-9.35,3.54,-2.81,1.28,-2.05,-0.6,24.76,-2.87,-0.02,0.004,-0.04,0.888,1
32.1,TRAIN_M03_LADAKH_FAULT01_OVERHEAT,TRAIN,LADAKH,CRUISE_LOITER,5316.4,2187.8,69.5,81.36,115.96,81.32,81.33,785.66,784.41,785.54,785.06,4.24,92.13,9.06,3.0,41.12,0.728,14.08,3.31,LANE_A,20136.0,-22.2,88.1,0.15,1,1.5,-7.51,24.59,-7.05,-9.54,3.35,-2.9,1.23,-2.25,-0.59,24.67,-2.99,0.03,-0.018,-0.02,0.887,1
32.15,TRAIN_M03_LADAKH_FAULT01_OVERHEAT,TRAIN,LADAKH,CRUISE_LOITER,5320.5,2189.5,69.5,81.36,116.01,81.31,81.33,785.69,784.73,785.2,784.91,4.23,92.2,9.1,3.0,41.21,0.795,14.06,3.1,LANE_A,20135.0,-22.2,88.1,0.15,1,1.5,-7.57,24.58,-7.12,-9.6,3.38,-2.58,0.89,-2.4,-0.6,24.69,-2.96,0.12,0.049,-0.04,0.887,1
32.2,TRAIN_M03_LADAKH_FAULT01_OVERHEAT,TRAIN,LADAKH,CRUISE_LOITER,5325.7,2191.6,69.5,81.36,116.06,81.3,81.33,785.79,785.25,785.39,785.09,4.27,92.26,9.12,3.0,41.11,0.763,14.07,3.12,LANE_A,20134.0,-22.2,88.1,0.15,1,1.5,-7.65,24.55,-7.21,-9.68,3.48,-2.06,1.08,-2.22,-0.57,24.69,-2.95,0.02,0.016,-0.03,0.8867,1
32.25,TRAIN_M03_LADAKH_FAULT01_OVERHEAT,TRAIN,LADAKH,CRUISE_LOITER,5328.5,2192.8,69.5,81.35,116.12,81.3,81.33,785.62,785.12,785.46,785.63,4.25,92.37,9.14,3.0,41.12,0.694,14.08,3.24,LANE_A,20133.0,-22.2,88.1,0.15,1,1.5,-7.7,24.57,-7.25,-9.72,3.31,-2.19,1.15,-1.68,-0.59,24.77,-2.94,0.02,-0.054,-0.02,0.887,1
32.3,TRAIN_M03_LADAKH_FAULT01_OVERHEAT,TRAIN,LADAKH,CRUISE_LOITER,5326.3,2191.9,69.5,81.35,116.17,81.3,81.33,785.63,785.39,785.32,785.85,4.24,92.37,9.05,3.0,41.02,0.767,14.07,3.31,LANE_A,20132.0,-22.2,88.2,0.15,1,1.5,-7.64,24.68,-7.19,-9.66,3.32,-1.92,1.01,-1.46,-0.6,24.82,-3.02,-0.08,0.02,-0.03,0.888,1
32.35,TRAIN_M03_LADAKH_FAULT01_OVERHEAT,TRAIN,LADAKH,CRUISE_LOITER,5330.6,2193.7,69.5,81.34,116.23,81.3,81.32,785.34,785.49,785.15,785.75,4.21,92.41,9.13,3.0,41.02,0.765,14.07,3.19,LANE_A,20131.0,-22.2,88.2,0.15,1,1.5,-7.72,24.67,-7.26,-9.74,3.03,-1.82,0.84,-1.56,-0.63,24.8,-2.95,-0.08,0.017,-0.03,0.888,1
32.4,TRAIN_M03_LADAKH_FAULT01_OVERHEAT,TRAIN,LADAKH,CRUISE_LOITER,5322.5,2190.3,69.5,81.34,116.27,81.3,81.32,785.49,785.27,785.31,785.7,4.23,92.36,9.03,3.0,41.08,0.74,14.06,3.43,LANE_A,20131.0,-22.2,88.2,0.15,1,1.5,-7.6,24.83,-7.14,-9.62,3.18,-2.04,1.0,-1.61,-0.61,24.85,-3.04,-0.02,-0.007,-0.04,0.8894,1
32.45,TRAIN_M03_LADAKH_FAULT01_OVERHEAT,TRAIN,LADAKH,CRUISE_LOITER,5326.6,2192.0,69.5,81.34,116.33,81.3,81.31,785.39,785.09,785.08,785.73,4.25,92.41,9.14,3.0,41.02,0.722,14.08,3.32,LANE_A,20130.0,-22.2,88.2,0.15,1,1.5,-7.66,24.83,-7.2,-9.69,3.08,-2.22,0.77,-1.58,-0.59,24.85,-2.94,-0.08,-0.025,-0.02,0.8893,1
32.5,TRAIN_M03_LADAKH_FAULT01_OVERHEAT,TRAIN,LADAKH,CRUISE_LOITER,5333.4,2194.8,69.5,81.33,116.38,81.3,81.31,785.61,784.95,785.26,785.48,4.24,92.4,9.17,3.0,41.02,0.749,14.06,3.28,LANE_A,20129.0,-22.2,88.2,0.15,1,1.5,-7.77,24.78,-7.3,-9.79,3.3,-2.36,0.95,-1.83,-0.6,24.76,-2.92,-0.08,0.001,-0.04,0.8889,1
32.55,TRAIN_M03_LADAKH_FAULT01_OVERHEAT,TRAIN,LADAKH,CRUISE_LOITER,5329.1,2193.0,69.5,81.33,116.43,81.3,81.31,786.12,785.05,785.3,785.71,4.28,92.38,9.03,3.0,40.95,0.685,14.07,3.12,LANE_A,20128.0,-22.2,88.2,0.15,1,1.5,-7.71,24.89,-7.24,-9.73,3.81,-2.26,0.99,-1.6,-0.56,24.79,-3.05,-0.15,-0.063,-0.03,0.8898,1
32.6,TRAIN_M03_LADAKH_FAULT01_OVERHEAT,TRAIN,LADAKH,CRUISE_LOITER,5320.5,2189.5,69.5,81.33,116.48,81.29,81.3,785.73,784.99,785.54,785.64,4.23,92.34,9.08,3.0,41.03,0.783,14.05,3.2,LANE_A,20127.0,-22.2,88.2,0.15,1,1.5,-7.58,25.07,-7.12,-9.61,3.42,-2.32,1.23,-1.67,-0.61,24.85,-2.98,-0.07,0.037,-0.05,0.8915,1
32.65,TRAIN_M03_LADAKH_FAULT01_OVERHEAT,TRAIN,LADAKH,CRUISE_LOITER,5320.0,2189.3,69.5,81.32,116.52,81.29,81.29,785.43,784.88,785.62,785.7,4.19,92.39,9.14,3.0,40.94,0.765,14.07,3.41,LANE_A,20126.0,-22.2,88.2,0.15,1,1.5,-7.58,25.12,-7.11,-9.61,3.12,-2.43,1.31,-1.61,-0.64,24.91,-2.92,-0.17,0.019,-0.03,0.892,1
32.7,TRAIN_M03_LADAKH_FAULT01_OVERHEAT,TRAIN,LADAKH,CRUISE_LOITER,5318.2,2188.6,69.5,81.32,116.57,81.28,81.29,785.07,784.76,785.72,785.62,4.25,92.5,9.05,3.0,41.08,0.71,14.07,3.24,LANE_A,20125.0,-22.2,88.2,0.15,1,1.5,-7.56,25.19,-7.1,-9.59,2.76,-2.55,1.41,-1.69,-0.58,25.04,-3.01,-0.03,-0.036,-0.03,0.8925,1
32.75,TRAIN_M03_LADAKH_FAULT01_OVERHEAT,TRAIN,LADAKH,CRUISE_LOITER,5308.8,2184.7,69.5,81.31,116.61,81.27,81.28,784.95,785.17,785.83,785.56,4.22,92.53,8.96,3.0,41.31,0.755,14.04,3.38,LANE_A,20125.0,-22.2,88.2,0.15,1,1.5,-7.43,25.37,-6.97,-9.46,2.64,-2.14,1.52,-1.75,-0.61,25.18,-3.08,0.2,0.01,-0.06,0.8942,1
32.8,TRAIN_M03_LADAKH_FAULT01_OVERHEAT,TRAIN,LADAKH,CRUISE_LOITER,5307.5,2184.2,69.5,81.31,116.66,81.26,81.27,785.18,785.4,785.78,786.18,4.21,92.67,8.99,3.0,41.23,0.72,14.08,3.27,LANE_A,20124.0,-22.2,88.2,0.15,1,1.5,-7.41,25.44,-6.96,-9.45,2.87,-1.91,1.47,-1.13,-0.62,25.33,-3.05,0.12,-0.024,-0.02,0.8948,1
32.85,TRAIN_M03_LADAKH_FAULT01_OVERHEAT,TRAIN,LADAKH,CRUISE_LOITER,5309.3,2184.9,69.5,81.3,116.71,81.26,81.27,785.34,785.69,785.57,786.16,4.22,92.76,9.12,3.0,41.26,0.742,14.07,3.26,LANE_A,20123.0,-22.2,88.3,0.15,1,1.5,-7.42,25.49,-6.96,-9.45,3.03,-1.62,1.26,-1.15,-0.61,25.42,-2.92,0.15,-0.003,-0.03,0.8952,1
32.9,TRAIN_M03_LADAKH_FAULT01_OVERHEAT,TRAIN,LADAKH,CRUISE_LOITER,5308.0,2184.4,69.5,81.29,116.75,81.26,81.27,785.33,785.9,785.38,785.97,4.18,92.76,9.09,3.0,41.35,0.729,14.1,3.25,LANE_A,20122.0,-22.2,88.3,0.15,1,1.5,-7.41,25.55,-6.94,-9.43,3.02,-1.41,1.07,-1.34,-0.65,25.44,-2.95,0.24,-0.015,0.0,0.8958,1
32.95,TRAIN_M03_LADAKH_FAULT01_OVERHEAT,TRAIN,LADAKH,CRUISE_LOITER,5306.1,2183.6,69.5,81.29,116.79,81.25,81.27,785.12,785.78,785.6,785.94,4.23,92.75,9.08,3.0,41.25,0.771,14.04,3.41,LANE_A,20121.0,-22.2,88.3,0.15,1,1.5,-7.39,25.61,-6.93,-9.41,2.81,-1.53,1.29,-1.37,-0.6,25.45,-2.95,0.14,0.027,-0.06,0.8962,1
33.0,TRAIN_M03_LADAKH_FAULT01_OVERHEAT,TRAIN,LADAKH,CRUISE_LOITER,5317.3,2188.2,69.5,81.28,116.84,81.24,81.27,785.17,785.49,785.15,785.79,4.27,92.59,9.06,3.0,41.19,0.75,14.07,3.29,LANE_A,20120.0,-22.2,88.3,0.15,1,1.5,-7.56,25.5,-7.1,-9.57,2.86,-1.82,0.84,-1.52,-0.56,25.16,-3.0,0.08,0.004,-0.03,0.8951,1
33.05,TRAIN_M03_LADAKH_FAULT01_OVERHEAT,TRAIN,LADAKH,CRUISE_LOITER,5323.7,2190.8,69.6,81.28,116.89,81.24,81.26,785.06,785.66,785.38,786.0,4.25,92.46,9.08,3.0,41.22,0.674,14.07,3.12,LANE_A,20119.0,-22.2,88.3,0.15,1,1.5,-7.67,25.44,-7.21,-9.69,2.82,-1.58,1.14,-1.24,-0.59,24.94,-3.0,0.1,-0.073,-0.03,0.8947,1
33.1,TRAIN_M03_LADAKH_FAULT01_OVERHEAT,TRAIN,LADAKH,CRUISE_LOITER,5325.7,2191.7,69.6,81.28,116.93,81.25,81.26,784.87,785.46,785.07,786.26,4.23,92.52,9.21,3.0,41.18,0.767,14.08,3.49,LANE_A,20118.0,-22.2,88.3,0.15,1,1.5,-7.7,25.45,-7.23,-9.72,2.63,-1.78,0.83,-0.98,-0.61,24.98,-2.87,0.06,0.02,-0.02,0.8948,1
33.15,TRAIN_M03_LADAKH_FAULT01_OVERHEAT,TRAIN,LADAKH,CRUISE_LOITER,5329.1,2193.1,69.6,81.28,116.98,81.25,81.26,784.55,785.78,785.28,786.17,4.2,92.51,9.15,3.0,41.13,0.729,14.07,2.94,LANE_A,20118.0,-22.2,88.3,0.15,1,1.5,-7.75,25.45,-7.28,-9.77,2.31,-1.46,1.04,-1.07,-0.64,24.93,-2.94,0.01,-0.019,-0.03,0.8949,1
33.2,TRAIN_M03_LADAKH_FAULT01_OVERHEAT,TRAIN,LADAKH,CRUISE_LOITER,5330.8,2193.7,69.6,81.27,117.02,81.24,81.26,784.78,785.8,785.33,785.8,4.22,92.52,9.1,3.0,41.04,0.713,14.06,3.27,LANE_A,20117.0,-22.2,88.3,0.15,1,1.5,-7.78,25.47,-7.31,-9.79,2.54,-1.44,1.09,-1.44,-0.62,24.92,-2.99,-0.09,-0.035,-0.04,0.8951,1
33.25,TRAIN_M03_LADAKH_FAULT01_OVERHEAT,TRAIN,LADAKH,CRUISE_LOITER,5326.0,2191.8,69.6,81.27,117.06,81.24,81.25,784.46,785.83,785.45,785.87,4.23,92.6,9.09,3.0,41.08,0.761,14.05,3.14,LANE_A,20116.0,-22.2,88.3,0.15,1,1.5,-7.71,25.58,-7.24,-9.73,2.22,-1.41,1.21,-1.37,-0.61,25.06,-2.99,-0.05,0.014,-0.05,0.896,1
33.3,TRAIN_M03_LADAKH_FAULT01_OVERHEAT,TRAIN,LADAKH,CRUISE_LOITER,5324.8,2191.3,69.6,81.26,117.11,81.23,81.25,784.9,785.53,785.65,785.79,4.26,92.73,8.94,3.0,41.09,0.7,14.05,3.09,LANE_A,20115.0,-22.2,88.3,0.15,1,1.5,-7.7,25.65,-7.23,-9.71,2.66,-1.71,1.41,-1.45,-0.58,25.2,-3.14,-0.04,-0.047,-0.05,0.8967,1
33.35,TRAIN_M03_LADAKH_FAULT01_OVERHEAT,TRAIN,LADAKH,CRUISE_LOITER,5324.1,2191.0,69.6,81.25,117.15,81.22,81.24,784.85,785.84,785.53,785.58,4.23,92.75,8.99,3.0,41.02,0.75,14.04,3.12,LANE_A,20114.0,-22.2,88.3,0.15,1,1.5,-7.7,25.7,-7.23,-9.71,2.61,-1.4,1.29,-1.66,-0.61,25.23,-3.09,-0.11,0.003,-0.06,0.8971,1
33.4,TRAIN_M03_LADAKH_FAULT01_OVERHEAT,TRAIN,LADAKH,CRUISE_LOITER,5330.6,2193.7,69.6,81.25,117.18,81.22,81.24,784.89,785.85,785.57,785.48,4.22,92.84,9.02,3.0,41.05,0.716,14.08,3.46,LANE_A,20113.0,-22.2,88.4,0.15,1,1.5,-7.77,25.66,-7.3,-9.78,2.65,-1.39,1.33,-1.76,-0.62,25.26,-3.08,-0.08,-0.032,-0.02,0.8969,1
33.45,TRAIN_M03_LADAKH_FAULT01_OVERHEAT,TRAIN,LADAKH,CRUISE_LOITER,5334.1,2195.1,69.6,81.24,117.22,81.22,81.23,785.15,785.65,785.39,785.09,4.17,92.87,8.96,3.0,41.19,0.786,14.05,3.35,LANE_A,20112.0,-22.2,88.4,0.15,1,1.5,-7.84,25.64,-7.36,-9.85,2.91,-1.59,1.15,-2.15,-0.67,25.25,-3.14,0.06,0.038,-0.05,0.897,1
33.5,TRAIN_M03_LADAKH_FAULT01_OVERHEAT,TRAIN,LADAKH,CRUISE_LOITER,5341.2,2198.0,69.6,81.24,117.27,81.22,81.22,785.24,785.69,785.26,785.73,4.23,93.03,9.09,3.0,41.23,0.774,14.09,3.22,LANE_A,20111.0,-22.2,88.4,0.15,1,1.5,-7.94,25.59,-7.46,-9.96,3.0,-1.55,1.02,-1.51,-0.61,25.33,-3.03,0.1,0.025,-0.01,0.8964,1
33.55,TRAIN_M03_LADAKH_FAULT01_OVERHEAT,TRAIN,LADAKH,CRUISE_LOITER,5341.8,2198.3,69.6,81.24,117.31,81.22,81.23,785.27,785.52,785.51,785.37,4.21,92.91,9.16,3.0,41.1,0.798,14.05,3.44,LANE_A,20110.0,-22.2,88.4,0.15,1,1.5,-7.95,25.62,-7.47,-9.96,3.03,-1.72,1.27,-1.87,-0.63,25.2,-2.96,-0.04,0.049,-0.05,0.8966,1
33.6,TRAIN_M03_LADAKH_FAULT01_OVERHEAT,TRAIN,LADAKH,CRUISE_LOITER,5336.8,2196.2,69.6,81.24,117.36,81.22,81.23,784.97,785.35,785.18,785.34,4.18,92.93,9.13,3.0,41.09,0.77,14.06,3.32,LANE_A,20110.0,-22.2,88.4,0.15,1,1.5,-7.88,25.74,-7.4,-9.89,2.73,-1.89,0.94,-1.9,-0.66,25.28,-2.98,-0.05,0.021,-0.04,0.8977,1
33.65,TRAIN_M03_LADAKH_FAULT01_OVERHEAT,TRAIN,LADAKH,CRUISE_LOITER,5340.1,2197.6,69.6,81.24,117.41,81.22,81.23,785.13,785.37,785.5,785.04,4.22,92.9,9.15,3.0,41.06,0.706,14.09,3.18,LANE_A,20109.0,-22.2,88.4,0.15,1,1.5,-7.93,25.74,-7.45,-9.94,2.89,-1.87,1.26,-2.2,-0.62,25.21,-2.97,-0.08,-0.043,-0.01,0.8976,1
33.7,TRAIN_M03_LADAKH_FAULT01_OVERHEAT,TRAIN,LADAKH,CRUISE_LOITER,5333.6,2194.9,69.6,81.24,117.44,81.21,81.22,785.03,785.59,785.51,784.76,4.22,92.92,8.97,3.0,41.05,0.789,14.07,3.04,LANE_A,20108.0,-22.1,88.4,0.15,1,1.5,-7.93,25.77,-7.46,-9.95,2.77,-1.67,1.25,-2.5,-0.62,25.21,-3.13,-0.09,0.041,-0.03,0.8979,1
33.75,TRAIN_M03_LADAKH_FAULT01_OVERHEAT,TRAIN,LADAKH,CRUISE_LOITER,5329.9,2193.4,69.6,81.23,117.47,81.2,81.22,785.27,785.63,785.69,785.1,4.2,93.0,8.9,3.0,41.15,0.733,14.07,3.34,LANE_A,20107.0,-22.1,88.4,0.15,1,1.5,-7.88,25.86,-7.41,-9.89,3.01,-1.63,1.43,-2.16,-0.64,25.33,-3.19,0.01,-0.015,-0.03,0.8988,1
33.8,TRAIN_M03_LADAKH_FAULT01_OVERHEAT,TRAIN,LADAKH,CRUISE_LOITER,5331.8,2194.2,69.6,81.22,117.51,81.2,81.21,785.2,785.39,785.48,785.02,4.2,92.88,8.95,3.0,41.2,0.82,14.06,3.32,LANE_A,20106.0,-22.1,88.4,0.15,1,1.5,-7.92,25.87,-7.44,-9.93,2.94,-1.87,1.22,-2.24,-0.64,25.19,-3.15,0.06,0.072,-0.04,0.8988,1
33.85,TRAIN_M03_LADAKH_FAULT01_OVERHEAT,TRAIN,LADAKH,CRUISE_LOITER,5333.8,2195.0,69.6,81.21,117.55,81.2,81.21,785.29,785.49,785.38,784.9,4.22,92.89,9.09,3.0,41.24,0.693,14.04,3.16,LANE_A,20105.0,-22.1,88.4,0.15,1,1.5,-7.96,25.88,-7.47,-9.96,3.03,-1.77,1.12,-2.36,-0.62,25.17,-3.01,0.1,-0.055,-0.06,0.8988,1
33.9,TRAIN_M03_LADAKH_FAULT01_OVERHEAT,TRAIN,LADAKH,CRUISE_LOITER,5326.8,2192.1,69.6,81.21,117.59,81.2,81.21,785.31,785.73,785.47,784.73,4.24,92.9,9.17,3.0,41.22,0.758,14.05,2.95,LANE_A,20104.0,-22.1,88.4,0.15,1,1.5,-7.86,26.02,-7.37,-9.86,3.05,-1.53,1.21,-2.53,-0.6,25.27,-2.92,0.08,0.011,-0.05,0.8997,1
33.95,TRAIN_M03_LADAKH_FAULT01_OVERHEAT,TRAIN,LADAKH,CRUISE_LOITER,5325.6,2191.6,69.6,81.21,117.64,81.2,81.21,784.97,785.58,785.25,784.94,4.18,92.93,9.23,3.0,41.27,0.727,14.08,2.96,LANE_A,20103.0,-22.1,88.4,0.15,1,1.5,-7.84,26.09,-7.35,-9.84,2.71,-1.68,0.99,-2.32,-0.66,25.31,-2.85,0.12,-0.02,-0.02,0.9005,1
34.0,TRAIN_M03_LADAKH_FAULT01_OVERHEAT,TRAIN,LADAKH,CRUISE_LOITER,5325.3,2191.5,69.6,81.2,117.67,81.2,81.21,785.05,785.49,785.28,784.58,4.22,92.95,9.14,3.0,41.18,0.748,14.07,3.35,LANE_A,20102.0,-22.1,88.5,0.15,1,1.5,-7.82,26.15,-7.32,-9.81,2.79,-1.77,1.02,-2.68,-0.62,25.35,-2.94,0.03,0.001,-0.03,0.9009,1
34.05,TRAIN_M03_LADAKH_FAULT01_OVERHEAT,TRAIN,LADAKH,CRUISE_LOITER,5318.3,2188.6,69.7,81.21,117.71,81.2,81.21,784.94,784.92,785.45,784.45,4.22,92.79,9.16,3.0,41.16,0.755,14.07,3.17,LANE_A,20101.0,-22.1,88.5,0.15,1,1.5,-7.72,26.28,-7.23,-9.72,2.75,-2.27,1.26,-2.74,-0.61,25.27,-2.91,0.0,0.009,-0.03,0.9017,1
34.1,TRAIN_M03_LADAKH_FAULT01_OVERHEAT,TRAIN,LADAKH,CRUISE_LOITER,5318.3,2188.6,69.7,81.2,117.75,81.2,81.21,784.94,784.72,785.31,784.73,4.19,92.88,9.25,3.0,41.19,0.736,14.08,3.28,LANE_A,20100.0,-22.1,88.5,0.15,1,1.5,-7.73,26.32,-7.23,-9.72,2.75,-2.47,1.12,-2.46,-0.64,25.36,-2.82,0.03,-0.01,-0.02,0.9021,1
34.15,TRAIN_M03_LADAKH_FAULT01_OVERHEAT,TRAIN,LADAKH,CRUISE_LOITER,5310.6,2185.4,69.7,81.2,117.8,81.21,81.21,785.17,784.78,785.43,784.97,4.2,92.82,9.28,3.0,41.09,0.725,14.08,3.25,LANE_A,20100.0,-22.1,88.5,0.15,1,1.5,-7.62,26.48,-7.11,-9.61,2.98,-2.41,1.24,-2.22,-0.63,25.39,-2.78,-0.07,-0.02,-0.02,0.9033,1
34.2,TRAIN_M03_LADAKH_FAULT01_OVERHEAT,TRAIN,LADAKH,CRUISE_LOITER,5312.5,2186.2,69.7,81.2,117.84,81.2,81.2,785.04,785.06,785.35,785.12,4.24,92.87,9.17,3.0,41.1,0.771,14.08,3.01,LANE_A,20099.0,-22.1,88.5,0.15,1,1.5,-7.64,26.5,-7.14,-9.64,2.85,-2.13,1.16,-2.07,-0.59,25.41,-2.89,-0.06,0.026,-0.02,0.9034,1
34.25,TRAIN_M03_LADAKH_FAULT01_OVERHEAT,TRAIN,LADAKH,CRUISE_LOITER,5313.6,2186.6,69.7,81.2,117.88,81.21,81.2,785.1,785.22,785.27,785.12,4.22,92.79,9.2,3.0,41.11,0.7,14.08,3.59,LANE_A,20098.0,-22.1,88.5,0.15,1,1.5,-7.66,26.52,-7.15,-9.66,2.91,-1.97,1.08,-2.07,-0.61,25.32,-2.86,-0.05,-0.045,-0.02,0.9036,1
34.3,TRAIN_M03_LADAKH_FAULT01_OVERHEAT,TRAIN,LADAKH,CRUISE_LOITER,5316.2,2187.7,69.7,81.2,117.92,81.21,81.2,784.77,785.26,785.18,785.15,4.22,92.77,9.06,3.0,41.27,0.721,14.06,3.05,LANE_A,20097.0,-22.1,88.5,0.15,1,1.5,-7.7,26.52,-7.19,-9.7,2.58,-1.93,0.99,-2.04,-0.61,25.27,-3.01,0.11,-0.025,-0.04,0.9037,1
34.35,TRAIN_M03_LADAKH_FAULT01_OVERHEAT,TRAIN,LADAKH,CRUISE_LOITER,5312.9,2186.4,69.7,81.18,117.95,81.2,81.19,784.99,785.17,785.17,784.99,4.22,92.81,8.99,3.0,41.19,0.735,14.08,3.08,LANE_A,20096.0,-22.1,88.5,0.15,1,1.5,-7.67,26.6,-7.15,-9.66,2.8,-2.02,0.98,-2.2,-0.61,25.35,-3.07,0.03,-0.01,-0.02,0.9043,1
34.4,TRAIN_M03_LADAKH_FAULT01_OVERHEAT,TRAIN,LADAKH,CRUISE_LOITER,5307.1,2184.0,69.7,81.18,117.99,81.2,81.18,785.19,785.2,785.31,785.1,4.24,92.79,9.05,3.0,41.09,0.69,14.07,3.32,LANE_A,20095.0,-22.1,88.5,0.15,1,1.5,-7.59,26.72,-7.07,-9.59,3.0,-1.99,1.12,-2.09,-0.59,25.4,-3.0,-0.07,-0.054,-0.03,0.9051,1
34.45,TRAIN_M03_LADAKH_FAULT01_OVERHEAT,TRAIN,LADAKH,CRUISE_LOITER,5307.0,2183.9,69.7,81.17,118.03,81.2,81.17,785.09,785.01,785.5,785.34,4.24,92.63,9.0,3.0,41.18,0.717,14.04,3.32,LANE_A,20094.0,-22.1,88.5,0.15,1,1.5,-7.6,26.76,-7.07,-9.6,2.9,-2.18,1.31,-1.85,-0.59,25.24,-3.05,0.01,-0.027,-0.06,0.9054,1
34.5,TRAIN_M03_LADAKH_FAULT01_OVERHEAT,TRAIN,LADAKH,CRUISE_LOITER,5305.7,2183.4,69.7,81.17,118.06,81.19,81.16,785.11,785.19,785.6,785.68,4.22,92.62,8.93,3.0,41.06,0.705,14.07,3.21,LANE_A,20093.0,-22.1,88.5,0.15,1,1.5,-7.58,26.81,-7.06,-9.59,2.92,-2.0,1.41,-1.51,-0.61,25.24,-3.12,-0.11,-0.039,-0.03,0.9059,1
34.55,TRAIN_M03_LADAKH_FAULT01_OVERHEAT,TRAIN,LADAKH,CRUISE_LOITER,5298.7,2180.5,69.7,81.17,118.1,81.19,81.16,785.1,785.05,785.81,785.33,4.18,92.55,9.06,3.0,41.13,0.793,14.06,3.2,LANE_A,20092.0,-22.1,88.5,0.15,1,1.5,-7.48,26.95,-6.96,-9.49,2.91,-2.14,1.62,-1.86,-0.65,25.25,-2.97,-0.04,0.05,-0.04,0.9069,1
34.6,TRAIN_M03_LADAKH_FAULT01_OVERHEAT,TRAIN,LADAKH,CRUISE_LOITER,5304.9,2183.1,69.7,81.17,118.13,81.18,81.15,784.97,784.94,785.55,785.44,4.22,92.49,9.09,3.0,41.15,0.778,14.09,2.85,LANE_A,20091.0,-22.1,88.6,0.15,1,1.5,-7.54,26.92,-7.03,-9.56,2.78,-2.25,1.36,-1.75,-0.61,25.14,-2.96,-0.02,0.034,-0.01,0.9065,1
34.65,TRAIN_M03_LADAKH_FAULT01_OVERHEAT,TRAIN,LADAKH,CRUISE_LOITER,5307.2,2184.0,69.7,81.16,118.17,81.18,81.15,785.07,785.11,785.21,785.14,4.23,92.46,9.21,3.0,41.24,0.75,14.06,3.16,LANE_A,20090.0,-22.1,88.6,0.15,1,1.5,-7.59,26.92,-7.07,-9.6,2.88,-2.08,1.02,-2.05,-0.6,25.08,-2.84,0.07,0.006,-0.04,0.9064,1
34.7,TRAIN_M03_LADAKH_FAULT01_OVERHEAT,TRAIN,LADAKH,CRUISE_LOITER,5306.6,2183.8,69.7,81.16,118.2,81.18,81.15,784.89,785.27,785.23,785.2,4.26,92.57,9.17,3.0,41.22,0.703,14.08,3.23,LANE_A,20089.0,-22.1,88.6,0.15,1,1.5,-7.58,26.96,-7.06,-9.59,2.7,-1.92,1.04,-1.99,-0.57,25.2,-2.88,0.05,-0.041,-0.02,0.9067,1
34.75,TRAIN_M03_LADAKH_FAULT01_OVERHEAT,TRAIN,LADAKH,CRUISE_LOITER,5311.4,2185.8,69.8,81.16,118.23,81.18,81.14,784.78,784.97,785.26,785.34,4.2,92.54,9.11,3.0,41.21,0.738,14.06,3.14,LANE_A,20088.0,-22.1,88.6,0.15,1,1.5,-7.66,26.91,-7.14,-9.68,2.65,-2.16,1.13,-1.79,-0.63,25.11,-2.96,0.03,-0.007,-0.04,0.9066,1
34.8,TRAIN_M03_LADAKH_FAULT01_OVERHEAT,TRAIN,LADAKH,CRUISE_LOITER,5311.5,2185.8,69.8,81.15,118.27,81.17,81.14,784.85,784.98,784.98,785.27,4.21,92.62,9.14,3.0,41.21,0.789,14.08,2.98,LANE_A,20088.0,-22.1,88.6,0.15,1,1.5,-7.67,26.95,-7.15,-9.68,2.72,-2.15,0.85,-1.86,-0.62,25.18,-2.93,0.03,0.044,-0.02,0.9069,1
34.85,TRAIN_M03_LADAKH_FAULT01_OVERHEAT,TRAIN,LADAKH,CRUISE_LOITER,5307.9,2184.3,69.8,81.15,118.31,81.17,81.13,785.27,785.32,785.1,785.86,4.29,92.75,9.15,3.0,41.04,0.731,14.06,3.3,LANE_A,20087.0,-22.1,88.6,0.15,1,1.5,-7.62,27.04,-7.1,-9.64,3.14,-1.81,0.97,-1.27,-0.54,25.36,-2.91,-0.14,-0.013,-0.04,0.9074,1
34.9,TRAIN_M03_LADAKH_FAULT01_OVERHEAT,TRAIN,LADAKH,CRUISE_LOITER,5307.0,2184.0,69.8,81.15,118.34,81.18,81.13,785.46,785.64,785.13,785.81,4.21,92.91,9.3,3.0,40.89,0.734,14.07,3.39,LANE_A,20086.0,-22.1,88.6,0.15,1,1.5,-7.61,27.08,-7.08,-9.63,3.33,-1.49,1.0,-1.32,-0.62,25.53,-2.76,-0.29,-0.01,-0.03,0.9079,1
34.95,TRAIN_M03_LADAKH_FAULT01_OVERHEAT,TRAIN,LADAKH,CRUISE_LOITER,5303.9,2182.7,69.8,81.15,118.38,81.17,81.13,785.65,785.63,785.1,786.13,4.19,92.91,9.22,3.0,41.02,0.672,14.08,3.59,LANE_A,20085.0,-22.1,88.6,0.15,1,1.5,-7.56,27.17,-7.04,-9.58,3.52,-1.5,0.97,-1.0,-0.64,25.56,-2.83,-0.17,-0.072,-0.02,0.9086,1
35.0,TRAIN_M03_LADAKH_FAULT01_OVERHEAT,TRAIN,LADAKH,CRUISE_LOITER,5301.4,2181.7,69.8,81.15,118.42,81.17,81.13,785.54,785.43,784.87,785.67,4.21,92.95,9.16,3.0,41.01,0.735,14.08,2.89,LANE_A,20084.0,-22.1,88.6,0.15,1,1.5,-7.52,27.25,-7.0,-9.54,3.41,-1.7,0.74,-1.46,-0.62,25.63,-2.89,-0.18,-0.008,-0.02,0.9092,1
35.05,TRAIN_M03_LADAKH_FAULT01_OVERHEAT,TRAIN,LADAKH,CRUISE_LOITER,5309.9,2185.1,69.8,81.15,118.45,81.17,81.13,785.56,785.46,785.08,785.69,4.19,92.78,9.22,3.0,41.12,0.764,14.05,3.08,LANE_A,20083.0,-22.1,88.6,0.15,1,1.5,-7.65,27.15,-7.13,-9.67,3.43,-1.67,0.95,-1.44,-0.64,25.36,-2.85,-0.07,0.019,-0.05,0.9084,1
35.1,TRAIN_M03_LADAKH_FAULT01_OVERHEAT,TRAIN,LADAKH,CRUISE_LOITER,5305.7,2183.4,69.8,81.15,118.49,81.17,81.13,785.24,785.44,784.93,785.75,4.15,92.83,9.24,3.0,41.13,0.727,14.06,3.55,LANE_A,20082.0,-22.1,88.6,0.15,1,1.5,-7.59,27.25,-7.07,-9.61,3.11,-1.69,0.8,-1.38,-0.68,25.46,-2.82,-0.06,-0.017,-0.04,0.9093,1
35.15,TRAIN_M03_LADAKH_FAULT01_OVERHEAT,TRAIN,LADAKH,CRUISE_LOITER,5315.7,2187.5,69.8,81.15,118.52,81.17,81.14,785.39,785.3,784.86,785.59,4.23,92.83,9.34,3.0,41.27,0.747,14.08,3.51,LANE_A,20081.0,-22.1,88.6,0.15,1,1.5,-7.74,27.13,-7.22,-9.75,3.26,-1.83,0.73,-1.54,-0.6,25.34,-2.74,0.08,0.001,-0.02,0.9082,1
35.2,TRAIN_M03_LADAKH_FAULT01_OVERHEAT,TRAIN,LADAKH,CRUISE_LOITER,5314.5,2187.0,69.8,81.16,118.56,81.18,81.14,785.39,784.82,785.33,785.71,4.22,92.76,9.38,3.0,41.17,0.789,14.04,3.07,LANE_A,20080.0,-22.1,88.6,0.15,1,1.5,-7.71,27.19,-7.19,-9.73,3.26,-2.31,1.2,-1.42,-0.61,25.29,-2.7,-0.02,0.044,-0.06,0.9086,1
35.25,TRAIN_M03_LADAKH_FAULT01_OVERHEAT,TRAIN,LADAKH,CRUISE_LOITER,5322.3,2190.2,69.8,81.16,118.59,81.18,81.14,785.77,784.64,785.38,785.44,4.21,92.81,9.26,3.0,41.2,0.721,14.09,3.09,LANE_A,20079.0,-22.1,88.7,0.15,1,1.5,-7.8,27.13,-7.28,-9.82,3.64,-2.49,1.25,-1.69,-0.63,25.26,-2.84,0.01,-0.026,-0.01,0.9083,1
35.3,TRAIN_M03_LADAKH_FAULT01_OVERHEAT,TRAIN,LADAKH,CRUISE_LOITER,5323.9,2190.9,69.9,81.16,118.63,81.18,81.14,785.64,784.5,785.14,785.35,4.25,92.85,9.21,3.0,41.33,0.741,14.08,2.93,LANE_A,20078.0,-22.0,88.7,0.15,1,1.5,-7.92,27.05,-7.4,-9.94,3.56,-2.58,1.06,-1.73,-0.58,25.18,-2.89,0.13,-0.006,-0.02,0.9076,1
35.35,TRAIN_M03_LADAKH_FAULT01_OVERHEAT,TRAIN,LADAKH,CRUISE_LOITER,5321.5,2189.9,69.9,81.16,118.66,81.18,81.15,785.68,784.71,785.04,785.49,4.26,92.64,9.22,3.0,41.22,0.749,14.07,3.12,LANE_A,20077.0,-22.0,88.7,0.15,1,1.5,-7.89,27.11,-7.37,-9.9,3.6,-2.37,0.96,-1.59,-0.57,25.0,-2.87,0.01,0.003,-0.03,0.908,1
35.4,TRAIN_M03_LADAKH_FAULT01_OVERHEAT,TRAIN,LADAKH,CRUISE_LOITER,5322.1,2190.2,69.9,81.16,118.69,81.18,81.14,785.48,784.89,785.18,785.7,4.2,92.71,9.13,3.0,41.16,0.766,14.06,3.27,LANE_A,20076.0,-22.0,88.7,0.15,1,1.5,-7.9,27.13,-7.38,-9.92,3.4,-2.19,1.1,-1.38,-0.63,25.06,-2.96,-0.05,0.019,-0.04,0.9084,1
35.45,TRAIN_M03_LADAKH_FAULT01_OVERHEAT,TRAIN,LADAKH,CRUISE_LOITER,5323.2,2190.6,69.9,81.16,118.72,81.18,81.14,785.53,784.87,785.28,785.85,4.24,92.77,9.1,3.0,41.25,0.747,14.06,3.18,LANE_A,20075.0,-22.0,88.7,0.15,1,1.5,-7.92,27.14,-7.4,-9.94,3.45,-2.21,1.2,-1.23,-0.59,25.11,-3.0,0.04,0.0,-0.04,0.9084,1
35.5,TRAIN_M03_LADAKH_FAULT01_OVERHEAT,TRAIN,LADAKH,CRUISE_LOITER,5317.9,2188.4,69.9,81.16,118.76,81.17,81.14,785.49,784.99,785.6,785.92,4.25,92.75,9.17,3.0,41.24,0.718,14.06,3.3,LANE_A,20074.0,-22.0,88.7,0.15,1,1.5,-7.84,27.26,-7.33,-9.86,3.41,-2.09,1.52,-1.16,-0.58,25.15,-2.92,0.03,-0.028,-0.04,0.9092,1
35.55,TRAIN_M03_LADAKH_FAULT01_OVERHEAT,TRAIN,LADAKH,CRUISE_LOITER,5316.0,2187.7,69.9,81.16,118.79,81.18,81.14,785.74,785.07,785.72,785.77,4.21,92.69,9.13,3.0,41.27,0.793,14.05,3.2,LANE_A,20073.0,-22.0,88.7,0.15,1,1.5,-7.81,27.32,-7.29,-9.83,3.66,-2.01,1.64,-1.31,-0.62,25.11,-2.95,0.06,0.047,-0.05,0.9097,1
35.6,TRAIN_M03_LADAKH_FAULT01_OVERHEAT,TRAIN,LADAKH,CRUISE_LOITER,5318.2,2188.6,69.9,81.16,118.82,81.17,81.13,785.54,785.13,785.71,785.38,4.19,92.77,9.1,3.0,41.09,0.818,14.09,3.47,LANE_A,20072.0,-22.0,88.7,0.15,1,1.5,-7.84,27.32,-7.33,-9.87,3.46,-1.95,1.63,-1.7,-0.64,25.17,-2.99,-0.12,0.072,-0.01,0.9098,1
35.65,TRAIN_M03_LADAKH_FAULT01_OVERHEAT,TRAIN,LADAKH,CRUISE_LOITER,5316.5,2187.9,69.9,81.16,118.86,81.17,81.13,784.96,784.78,785.28,785.29,4.21,92.71,9.22,3.0,41.12,0.767,14.08,3.27,LANE_A,20071.0,-22.0,88.7,0.15,1,1.5,-7.82,27.38,-7.31,-9.85,2.88,-2.3,1.2,-1.79,-0.62,25.13,-2.86,-0.09,0.021,-0.02,0.9101,1
35.7,TRAIN_M03_LADAKH_FAULT01_OVERHEAT,TRAIN,LADAKH,CRUISE_LOITER,5310.7,2185.5,69.9,81.16,118.89,81.17,81.14,785.02,784.99,785.17,785.76,4.27,92.63,9.32,3.0,41.1,0.711,14.05,3.51,LANE_A,20070.0,-22.0,88.7,0.15,1,1.5,-7.74,27.49,-7.23,-9.76,2.94,-2.09,1.09,-1.32,-0.56,25.11,-2.75,-0.12,-0.034,-0.05,0.9106,1
35.75,TRAIN_M03_LADAKH_FAULT01_OVERHEAT,TRAIN,LADAKH,CRUISE_LOITER,5311.0,2185.6,69.9,81.17,118.93,81.18,81.15,785.03,785.04,785.22,785.73,4.24,92.69,9.38,3.0,41.23,0.759,14.06,3.08,LANE_A,20069.0,-22.0,88.7,0.15,1,1.5,-7.73,27.53,-7.22,-9.75,2.95,-2.04,1.14,-1.35,-0.59,25.17,-2.69,0.01,0.014,-0.04,0.911,1
35.8,TRAIN_M03_LADAKH_FAULT01_OVERHEAT,TRAIN,LADAKH,CRUISE_LOITER,5305.1,2183.2,70.0,81.17,118.97,81.18,81.14,785.11,785.06,785.13,785.59,4.24,92.64,9.31,3.0,41.27,0.73,14.07,3.05,LANE_A,20069.0,-22.0,88.7,0.15,1,1.5,-7.65,27.65,-7.14,-9.68,3.09,-1.96,1.11,-1.43,-0.59,25.18,-2.75,0.05,-0.014,-0.03,0.9118,1
35.85,TRAIN_M03_LADAKH_FAULT01_OVERHEAT,TRAIN,LADAKH,CRUISE_LOITER,5302.6,2182.1,70.0,81.17,119.0,81.18,81.14,785.34,785.4,785.3,785.29,4.24,92.66,9.25,3.0,41.21,0.706,14.05,3.21,LANE_A,20068.0,-22.0,88.7,0.15,1,1.5,-7.62,27.71,-7.11,-9.65,3.32,-1.62,1.28,-1.73,-0.59,25.23,-2.81,-0.02,-0.038,-0.05,0.9123,1
35.9,TRAIN_M03_LADAKH_FAULT01_OVERHEAT,TRAIN,LADAKH,CRUISE_LOITER,5311.8,2185.9,70.0,81.17,119.03,81.18,81.15,785.05,785.31,785.48,785.23,4.25,92.56,9.26,3.0,41.24,0.792,14.06,3.22,LANE_A,20067.0,-22.0,88.7,0.15,1,1.5,-7.75,27.61,-7.24,-9.77,3.03,-1.71,1.46,-1.79,-0.58,25.02,-2.82,0.01,0.047,-0.04,0.9115,1
35.95,TRAIN_M03_LADAKH_FAULT01_OVERHEAT,TRAIN,LADAKH,CRUISE_LOITER,5303.2,2182.4,70.0,81.18,119.06,81.19,81.15,785.11,785.31,785.61,785.43,4.21,92.37,9.4,3.0,41.27,0.73,14.07,3.03,LANE_A,20066.0,-22.0,88.8,0.15,1,1.5,-7.59,27.79,-7.08,-9.62,3.09,-1.71,1.59,-1.59,-0.62,24.95,-2.66,0.04,-0.014,-0.03,0.9127,1
36.0,TRAIN_M03_LADAKH_FAULT01_OVERHEAT,TRAIN,LADAKH,CRUISE_LOITER,5302.5,2182.1,70.0,81.18,119.1,81.19,81.16,785.39,785.46,785.39,785.25,4.22,92.32,9.32,3.0,41.31,0.755,14.06,2.98,LANE_A,20065.0,-22.0,88.8,0.15,1,1.5,-7.58,27.84,-7.07,-9.6,3.37,-1.56,1.37,-1.77,-0.61,24.91,-2.74,0.08,0.011,-0.04,0.913,1
36.05,TRAIN_M03_LADAKH_FAULT01_OVERHEAT,TRAIN,LADAKH,CRUISE_LOITER,5305.3,2183.2,70.0,81.18,119.13,81.19,81.16,785.42,785.44,785.2,785.47,4.23,92.25,9.25,3.0,41.29,0.743,14.06,3.05,LANE_A,20064.0,-22.0,88.8,0.15,1,1.5,-7.62,27.83,-7.11,-9.64,3.4,-1.58,1.18,-1.55,-0.6,24.81,-2.82,0.06,-0.001,-0.04,0.913,1
36.1,TRAIN_M03_LADAKH_FAULT01_OVERHEAT,TRAIN,LADAKH,CRUISE_LOITER,5300.4,2181.2,70.0,81.19,119.17,81.19,81.16,785.34,785.63,785.52,785.79,4.2,92.18,9.35,3.0,41.27,0.735,14.07,3.05,LANE_A,20063.0,-22.0,88.8,0.15,1,1.5,-7.54,27.94,-7.04,-9.57,3.32,-1.39,1.5,-1.23,-0.63,24.79,-2.71,0.04,-0.008,-0.03,0.9137,1
36.15,TRAIN_M03_LADAKH_FAULT01_OVERHEAT,TRAIN,LADAKH,CRUISE_LOITER,5296.7,2179.7,70.0,81.19,119.2,81.19,81.17,785.32,785.43,785.6,785.67,4.24,92.17,9.47,3.0,41.2,0.714,14.05,3.42,LANE_A,20062.0,-22.0,88.8,0.15,1,1.5,-7.49,28.02,-6.99,-9.51,3.3,-1.59,1.58,-1.35,-0.59,24.83,-2.58,-0.03,-0.029,-0.05,0.9141,1
36.2,TRAIN_M03_LADAKH_FAULT01_OVERHEAT,TRAIN,LADAKH,CRUISE_LOITER,5309.0,2184.8,70.0,81.19,119.24,81.19,81.17,785.27,785.67,786.09,785.52,4.22,92.21,9.38,3.0,41.29,0.785,14.07,3.07,LANE_A,20061.0,-22.0,88.8,0.15,1,1.5,-7.67,27.88,-7.17,-9.69,3.25,-1.35,2.07,-1.5,-0.61,24.72,-2.7,0.05,0.04,-0.03,0.9133,1
36.25,TRAIN_M03_LADAKH_FAULT01_OVERHEAT,TRAIN,LADAKH,CRUISE_LOITER,5307.1,2184.0,70.1,81.19,119.27,81.19,81.16,785.53,785.48,785.83,785.38,4.25,92.41,9.25,3.0,41.28,0.703,14.07,2.91,LANE_A,20060.0,-22.0,88.8,0.15,1,1.5,-7.65,27.93,-7.15,-9.68,3.58,-1.47,1.88,-1.57,-0.58,24.94,-2.82,0.04,-0.041,-0.03,0.9137,1
36.3,TRAIN_M03_LADAKH_FAULT01_OVERHEAT,TRAIN,LADAKH,CRUISE_LOITER,5306.8,2183.9,70.1,81.19,119.3,81.19,81.17,785.48,785.16,785.19,785.24,4.19,92.56,9.22,3.0,41.25,0.76,14.08,2.87,LANE_A,20059.0,-22.0,88.8,0.15,1,1.5,-7.65,27.96,-7.15,-9.67,3.53,-1.79,1.24,-1.71,-0.64,25.09,-2.85,0.0,0.016,-0.02,0.9141,1
36.35,TRAIN_M03_LADAKH_FAULT01_OVERHEAT,TRAIN,LADAKH,CRUISE_LOITER,5308.9,2184.7,70.1,81.19,119.32,81.2,81.16,785.49,785.33,784.96,784.71,4.25,92.5,9.16,3.0,41.28,0.781,14.08,3.07,LANE_A,20058.0,-22.0,88.8,0.15,1,1.5,-7.68,27.95,-7.17,-9.71,3.54,-1.62,1.01,-2.24,-0.58,25.0,-2.92,0.03,0.036,-0.02,0.9139,1
36.4,TRAIN_M03_LADAKH_FAULT01_OVERHEAT,TRAIN,LADAKH,CRUISE_LOITER,5309.6,2185.0,70.1,81.18,119.35,81.2,81.17,785.31,785.25,785.16,784.86,4.24,92.63,9.14,3.0,41.31,0.752,14.04,3.24,LANE_A,20057.0,-22.0,88.8,0.15,1,1.5,-7.7,27.97,-7.18,-9.71,3.36,-1.7,1.21,-2.09,-0.59,25.13,-2.94,0.06,0.007,-0.06,0.9142,1
36.45,TRAIN_M03_LADAKH_FAULT01_OVERHEAT,TRAIN,LADAKH,CRUISE_LOITER,5315.6,2187.5,70.1,81.18,119.38,81.2,81.16,785.36,785.17,785.38,784.79,4.23,92.57,9.17,3.0,41.36,0.714,14.06,3.28,LANE_A,20056.0,-22.0,88.8,0.15,1,1.5,-7.79,27.91,-7.27,-9.81,3.41,-1.78,1.43,-2.16,-0.6,25.0,-2.93,0.11,-0.032,-0.04,0.9138,1
36.5,TRAIN_M03_LADAKH_FAULT01_OVERHEAT,TRAIN,LADAKH,CRUISE_LOITER,5319.9,2189.3,70.1,81.18,119.41,81.19,81.16,785.4,785.23,785.54,784.7,4.2,92.52,9.11,3.0,41.22,0.695,14.05,3.15,LANE_A,20055.0,-22.0,88.8,0.15,1,1.5,-7.85,27.88,-7.34,-9.87,3.45,-1.72,1.59,-2.25,-0.63,24.89,-3.0,-0.03,-0.051,-0.05,0.9137,1
36.55,TRAIN_M03_LADAKH_FAULT01_OVERHEAT,TRAIN,LADAKH,CRUISE_LOITER,5326.6,2192.0,70.1,81.18,119.43,81.18,81.15,785.54,785.4,785.28,784.77,4.2,92.57,9.19,3.0,41.16,0.782,14.06,3.05,LANE_A,20054.0,-22.0,88.8,0.15,1,1.5,-7.95,27.8,-7.45,-9.98,3.59,-1.55,1.33,-2.18,-0.63,24.87,-2.93,-0.09,0.035,-0.04,0.9131,1
36.6,TRAIN_M03_LADAKH_FAULT01_OVERHEAT,TRAIN,LADAKH,CRUISE_LOITER,5332.5,2194.4,70.1,81.18,119.47,81.18,81.16,785.56,785.15,785.69,784.77,4.21,92.47,9.15,3.0,41.07,0.763,14.07,3.34,LANE_A,20053.0,-22.0,88.8,0.15,1,1.5,-8.04,27.75,-7.54,-10.06,3.61,-1.8,1.74,-2.18,-0.63,24.7,-2.99,-0.18,0.015,-0.03,0.9128,1
36.65,TRAIN_M03_LADAKH_FAULT01_OVERHEAT,TRAIN,LADAKH,CRUISE_LOITER,5328.6,2192.8,70.2,81.18,119.49,81.18,81.16,785.27,785.37,785.27,784.88,4.26,92.45,9.11,3.0,41.14,0.731,14.05,3.1,LANE_A,20052.0,-22.0,88.8,0.15,1,1.5,-7.99,27.82,-7.49,-10.01,3.38,-1.52,1.38,-2.01,-0.58,24.71,-3.02,-0.12,-0.017,-0.05,0.9131,1
36.7,TRAIN_M03_LADAKH_FAULT01_OVERHEAT,TRAIN,LADAKH,CRUISE_LOITER,5324.1,2191.0,70.2,81.18,119.52,81.17,81.16,784.95,785.06,784.97,784.63,4.22,92.4,9.07,3.0,41.05,0.708,14.08,3.23,LANE_A,20051.0,-22.0,88.9,0.15,1,1.5,-7.9,27.94,-7.41,-9.92,3.06,-1.83,1.08,-2.26,-0.61,24.74,-3.05,-0.22,-0.039,-0.02,0.914,1
36.75,TRAIN_M03_LADAKH_FAULT01_OVERHEAT,TRAIN,LADAKH,CRUISE_LOITER,5322.3,2190.3,70.2,81.18,119.54,81.17,81.16,784.97,785.28,784.85,784.79,4.24,92.41,9.1,3.0,41.29,0.723,14.09,3.33,LANE_A,20050.0,-22.0,88.9,0.15,1,1.5,-7.87,27.99,-7.38,-9.89,3.08,-1.61,0.96,-2.1,-0.59,24.77,-3.02,0.02,-0.024,-0.01,0.9143,1
36.8,TRAIN_M03_LADAKH_FAULT01_OVERHEAT,TRAIN,LADAKH,CRUISE_LOITER,5324.0,2191.0,70.2,81.18,119.57,81.17,81.16,785.01,785.31,785.06,784.74,4.22,92.54,9.1,3.0,41.2,0.722,14.04,3.37,LANE_A,20049.0,-22.0,88.9,0.15,1,1.5,-7.9,27.99,-7.41,-9.92,3.12,-1.58,1.17,-2.15,-0.61,24.88,-3.02,-0.07,-0.025,-0.06,0.9144,1
36.85,TRAIN_M03_LADAKH_FAULT01_OVERHEAT,TRAIN,LADAKH,CRUISE_LOITER,5318.5,2188.7,70.2,81.18,119.6,81.17,81.15,784.9,785.13,784.89,784.55,4.27,92.54,9.05,3.0,41.3,0.662,14.09,3.05,LANE_A,20048.0,-22.0,88.9,0.15,1,1.5,-7.82,28.1,-7.33,-9.85,3.01,-1.76,1.0,-2.34,-0.56,24.94,-3.06,0.03,-0.084,-0.01,0.9151,1
36.9,TRAIN_M03_LADAKH_FAULT01_OVERHEAT,TRAIN,LADAKH,CRUISE_LOITER,5318.1,2188.5,70.2,81.18,119.62,81.17,81.15,784.78,785.27,784.88,784.29,4.27,92.42,9.16,3.0,41.15,0.686,14.06,3.27,LANE_A,20047.0,-22.0,88.9,0.15,1,1.5,-7.81,28.13,-7.32,-9.84,2.89,-1.62,0.99,-2.6,-0.56,24.83,-2.95,-0.12,-0.06,-0.04,0.9152,1
36.95,TRAIN_M03_LADAKH_FAULT01_OVERHEAT,TRAIN,LADAKH,CRUISE_LOITER,5326.7,2192.0,70.2,81.18,119.65,81.17,81.15,784.91,784.93,784.81,784.66,4.27,92.5,9.22,3.0,41.11,0.743,14.07,3.17,LANE_A,20046.0,-22.0,88.9,0.15,1,1.5,-7.94,28.03,-7.45,-9.97,3.02,-1.96,0.92,-2.23,-0.56,24.8,-2.91,-0.16,-0.004,-0.03,0.9145,1
37.0,TRAIN_M03_LADAKH_FAULT01_OVERHEAT,TRAIN,LADAKH,CRUISE_LOITER,5322.2,2190.2,70.2,81.18,119.67,81.16,81.15,785.05,784.7,785.05,784.95,4.2,92.46,9.18,3.0,41.18,0.815,14.08,3.13,LANE_A,20045.0,-22.0,88.9,0.15,1,1.5,-7.87,28.12,-7.39,-9.9,3.16,-2.19,1.16,-1.94,-0.63,24.82,-2.94,-0.09,0.068,-0.02,0.9153,1
37.05,TRAIN_M03_LADAKH_FAULT01_OVERHEAT,TRAIN,LADAKH,CRUISE_LOITER,5323.0,2190.5,70.3,81.18,119.7,81.16,81.16,785.39,784.91,784.8,784.89,4.24,92.43,9.22,3.0,41.16,0.738,14.08,3.24,LANE_A,20044.0,-22.0,88.9,0.15,1,1.5,-7.9,28.12,-7.42,-9.92,3.57,-1.91,0.98,-1.93,-0.59,24.77,-2.91,-0.12,-0.009,-0.02,0.9152,1
37.1,TRAIN_M03_LADAKH_FAULT01_OVERHEAT,TRAIN,LADAKH,CRUISE_LOITER,5321.0,2189.7,70.3,81.18,119.73,81.16,81.16,785.33,784.68,785.16,785.02,4.19,92.34,9.23,3.0,41.28,0.709,14.06,3.05,LANE_A,20043.0,-21.9,88.9,0.15,1,1.5,-7.96,28.09,-7.48,-9.98,3.49,-2.16,1.32,-1.82,-0.64,24.61,-2.89,0.0,-0.037,-0.04,0.9151,1
37.15,TRAIN_M03_LADAKH_FAULT01_OVERHEAT,TRAIN,LADAKH,CRUISE_LOITER,5315.1,2187.3,70.3,81.17,119.75,81.16,81.15,785.41,785.26,785.54,784.91,4.22,92.29,9.09,3.0,41.12,0.798,14.07,3.35,LANE_A,20042.0,-21.9,88.9,0.15,1,1.5,-7.89,28.19,-7.4,-9.91,3.57,-1.58,1.7,-1.93,-0.61,24.63,-3.01,-0.17,0.052,-0.03,0.9157,1
37.2,TRAIN_M03_LADAKH_FAULT01_OVERHEAT,TRAIN,LADAKH,CRUISE_LOITER,5308.6,2184.6,70.3,81.17,119.78,81.15,81.14,785.09,785.05,785.29,784.78,4.24,92.35,9.15,3.0,41.01,0.693,14.05,3.03,LANE_A,20041.0,-21.9,88.9,0.15,1,1.5,-7.79,28.32,-7.31,-9.82,3.25,-1.79,1.45,-2.06,-0.59,24.76,-2.94,-0.28,-0.052,-0.05,0.9165,1
37.25,TRAIN_M03_LADAKH_FAULT01_OVERHEAT,TRAIN,LADAKH,CRUISE_LOITER,5308.9,2184.7,70.3,81.17,119.81,81.16,81.15,784.83,784.81,785.32,784.38,4.23,92.33,9.22,3.0,41.28,0.735,14.07,3.45,LANE_A,20040.0,-21.9,88.9,0.15,1,1.5,-7.8,28.34,-7.31,-9.82,2.99,-2.03,1.48,-2.46,-0.6,24.74,-2.87,-0.01,-0.01,-0.03,0.9166,1
37.3,TRAIN_M03_LADAKH_FAULT01_OVERHEAT,TRAIN,LADAKH,CRUISE_LOITER,5312.4,2186.2,70.3,81.17,119.83,81.16,81.14,785.07,784.94,785.0,784.45,4.25,92.23,9.24,3.0,41.34,0.759,14.06,3.15,LANE_A,20039.0,-21.9,88.9,0.15,1,1.5,-7.85,28.31,-7.36,-9.88,3.23,-1.9,1.16,-2.39,-0.58,24.6,-2.86,0.05,0.014,-0.04,0.9163,1
37.35,TRAIN_M03_LADAKH_FAULT01_OVERHEAT,TRAIN,LADAKH,CRUISE_LOITER,5310.0,2185.2,70.3,81.17,119.86,81.17,81.14,784.98,784.74,784.76,784.73,4.22,92.2,9.32,3.0,41.29,0.735,14.07,3.25,LANE_A,20038.0,-21.9,88.9,0.15,1,1.5,-7.81,28.38,-7.31,-9.84,3.14,-2.1,0.92,-2.11,-0.61,24.59,-2.77,0.0,-0.01,-0.03,0.9168,1
37.4,TRAIN_M03_LADAKH_FAULT01_OVERHEAT,TRAIN,LADAKH,CRUISE_LOITER,5311.8,2185.9,70.4,81.18,119.89,81.17,81.14,784.85,784.84,784.62,784.7,4.25,92.3,9.35,3.0,41.25,0.738,14.09,3.26,LANE_A,20037.0,-21.9,88.9,0.15,1,1.5,-7.84,28.37,-7.35,-9.88,3.08,-1.93,0.85,-2.07,-0.58,24.66,-2.75,-0.05,-0.007,-0.01,0.9167,1
37.45,TRAIN_M03_LADAKH_FAULT01_OVERHEAT,TRAIN,LADAKH,CRUISE_LOITER,5316.0,2187.6,70.4,81.18,119.92,81.17,81.15,784.58,784.53,784.72,784.54,4.22,92.49,9.3,3.0,41.31,0.743,14.09,3.23,LANE_A,20036.0,-21.9,88.9,0.15,1,1.5,-7.9,28.34,-7.41,-9.93,2.81,-2.24,0.95,-2.23,-0.61,24.8,-2.81,0.01,-0.003,-0.01,0.9167,1
37.5,TRAIN_M03_LADAKH_FAULT01_OVERHEAT,TRAIN,LADAKH,CRUISE_LOITER,5323.6,2190.8,70.4,81.18,119.95,81.18,81.15,784.31,784.66,784.91,784.48,4.25,92.5,9.34,3.0,41.31,0.724,14.07,3.05,LANE_A,20035.0,-21.9,88.9,0.15,1,1.5,-8.01,28.26,-7.51,-10.04,2.54,-2.11,1.14,-2.29,-0.58,24.73,-2.79,0.01,-0.023,-0.03,0.9161,1
37.55,TRAIN_M03_LADAKH_FAULT01_OVERHEAT,TRAIN,LADAKH,CRUISE_LOITER,5318.6,2188.7,70.4,81.19,119.98,81.18,81.15,784.27,784.75,784.53,784.39,4.22,92.48,9.31,3.0,41.29,0.671,14.09,3.05,LANE_A,20034.0,-21.9,89.0,0.15,1,1.5,-7.91,28.38,-7.42,-9.95,2.5,-2.02,0.76,-2.38,-0.61,24.78,-2.81,-0.02,-0.075,-0.01,0.9169,1
37.6,TRAIN_M03_LADAKH_FAULT01_OVERHEAT,TRAIN,LADAKH,CRUISE_LOITER,5314.3,2186.9,70.4,81.19,120.0,81.18,81.15,784.22,784.87,784.54,784.64,4.25,92.53,9.32,3.0,41.3,0.715,14.08,3.22,LANE_A,20033.0,-21.9,89.0,0.15,1,1.5,-7.84,28.47,-7.35,-9.88,2.45,-1.9,0.77,-2.13,-0.58,24.88,-2.79,-0.01,-0.03,-0.02,0.9174,1
37.65,TRAIN_M03_LADAKH_FAULT01_OVERHEAT,TRAIN,LADAKH,CRUISE_LOITER,5316.1,2187.7,70.4,81.19,120.03,81.18,81.15,784.62,784.59,784.57,784.83,4.25,92.5,9.3,3.0,41.34,0.727,14.06,3.11,LANE_A,20032.0,-21.9,89.0,0.15,1,1.5,-7.87,28.47,-7.38,-9.91,2.85,-2.18,0.8,-1.94,-0.58,24.83,-2.81,0.03,-0.019,-0.04,0.9175,1
37.7,TRAIN_M03_LADAKH_FAULT01_OVERHEAT,TRAIN,LADAKH,CRUISE_LOITER,5320.8,2189.6,70.4,81.2,120.06,81.18,81.15,784.67,784.81,784.68,784.66,4.28,92.47,9.18,3.0,41.23,0.791,14.07,3.11,LANE_A,20031.0,-21.9,89.0,0.15,1,1.5,-7.93,28.43,-7.45,-9.98,2.9,-1.96,0.91,-2.11,-0.55,24.75,-2.94,-0.08,0.045,-0.03,0.9172,1
37.75,TRAIN_M03_LADAKH_FAULT01_OVERHEAT,TRAIN,LADAKH,CRUISE_LOITER,5320.5,2189.5,70.5,81.2,120.08,81.18,81.15,784.68,784.73,784.68,785.01,4.24,92.6,9.2,3.0,41.18,0.737,14.08,3.24,LANE_A,20030.0,-21.9,89.0,0.15,1,1.5,-7.93,28.45,-7.45,-9.98,2.98,-1.97,0.98,-1.69,-0.59,24.87,-2.93,-0.14,-0.009,-0.02,0.9175,1
37.8,TRAIN_M03_LADAKH_FAULT01_OVERHEAT,TRAIN,LADAKH,CRUISE_LOITER,5319.0,2188.9,70.5,81.2,120.11,81.18,81.15,784.46,784.61,784.96,785.19,4.22,92.66,9.22,3.0,41.2,0.789,14.05,3.31,LANE_A,20029.0,-21.9,89.0,0.15,1,1.5,-7.91,28.5,-7.43,-9.96,2.76,-2.09,1.26,-1.51,-0.61,24.95,-2.9,-0.12,0.043,-0.05,0.9178,1
37.85,TRAIN_M03_LADAKH_FAULT01_OVERHEAT,TRAIN,LADAKH,CRUISE_LOITER,5319.6,2189.1,70.5,81.2,120.14,81.19,81.15,784.91,784.49,785.02,785.15,4.19,92.69,9.27,3.0,41.31,0.759,14.06,3.28,LANE_A,20028.0,-21.9,89.0,0.15,1,1.5,-7.92,28.52,-7.43,-9.97,3.21,-2.21,1.32,-1.55,-0.64,24.97,-2.86,-0.01,0.013,-0.04,0.918,1
37.9,TRAIN_M03_LADAKH_FAULT01_OVERHEAT,TRAIN,LADAKH,CRUISE_LOITER,5316.1,2187.7,70.5,81.2,120.16,81.19,81.15,784.97,784.47,785.16,785.15,4.17,92.69,9.24,3.0,41.47,0.722,14.05,3.11,LANE_A,20027.0,-21.9,89.0,0.15,1,1.5,-7.87,28.59,-7.38,-9.92,3.27,-2.23,1.46,-1.55,-0.66,25.01,-2.88,0.15,-0.024,-0.05,0.9185,1
37.95,TRAIN_M03_LADAKH_FAULT01_OVERHEAT,TRAIN,LADAKH,CRUISE_LOITER,5325.2,2191.4,70.5,81.2,120.19,81.19,81.15,784.75,784.62,784.99,784.94,4.23,92.67,9.26,3.0,41.37,0.681,14.09,3.35,LANE_A,20026.0,-21.9,89.0,0.15,1,1.5,-8.01,28.48,-7.52,-10.06,3.05,-2.08,1.29,-1.76,-0.6,24.89,-2.88,0.05,-0.066,-0.01,0.9177,1
38.0,TRAIN_M03_LADAKH_FAULT01_OVERHEAT,TRAIN,LADAKH,CRUISE_LOITER,5332.2,2194.3,70.5,81.2,120.21,81.19,81.15,784.67,784.41,785.3,784.65,4.17,92.64,9.2,3.0,41.28,0.696,14.05,3.22,LANE_A,20025.0,-21.9,89.0,0.15,1,1.5,-8.11,28.4,-7.62,-10.16,2.97,-2.29,1.6,-2.05,-0.66,24.77,-2.96,-0.05,-0.052,-0.05,0.9174,1
38.05,TRAIN_M03_LADAKH_FAULT01_OVERHEAT,TRAIN,LADAKH,CRUISE_LOITER,5327.1,2192.2,70.5,81.2,120.23,81.19,81.15,784.78,784.1,785.11,784.81,4.23,92.74,9.12,3.0,41.31,0.679,14.04,3.22,LANE_A,20024.0,-21.9,89.0,0.15,1,1.5,-8.03,28.5,-7.54,-10.08,3.08,-2.6,1.41,-1.89,-0.6,24.93,-3.03,-0.02,-0.068,-0.06,0.918,1
38.1,TRAIN_M03_LADAKH_FAULT01_OVERHEAT,TRAIN,LADAKH,CRUISE_LOITER,5330.2,2193.5,70.6,81.2,120.26,81.19,81.15,784.44,784.34,784.81,784.93,4.17,92.75,9.17,3.0,41.31,0.731,14.07,3.33,LANE_A,20023.0,-21.9,89.0,0.15,1,1.5,-8.09,28.47,-7.6,-10.14,2.8,-2.3,1.17,-1.71,-0.66,24.9,-2.99,-0.03,-0.017,-0.03,0.9179,1
38.15,TRAIN_M03_LADAKH_FAULT01_OVERHEAT,TRAIN,LADAKH,CRUISE_LOITER,5329.5,2193.2,70.6,81.2,120.28,81.19,81.15,784.65,784.22,784.59,784.54,4.19,92.78,9.21,3.0,41.17,0.755,14.05,3.21,LANE_A,20022.0,-21.9,89.0,0.15,1,1.5,-8.08,28.5,-7.59,-10.13,3.01,-2.42,0.95,-2.1,-0.64,24.94,-2.95,-0.17,0.007,-0.05,0.918,1
38.2,TRAIN_M03_LADAKH_FAULT01_OVERHEAT,TRAIN,LADAKH,CRUISE_LOITER,5328.9,2192.9,70.6,81.21,120.31,81.19,81.15,784.6,784.05,784.84,784.59,4.23,92.79,9.35,3.0,41.08,0.756,14.06,3.25,LANE_A,20021.0,-21.9,89.0,0.15,1,1.5,-8.06,28.54,-7.58,-10.12,2.96,-2.59,1.2,-2.05,-0.6,24.95,-2.8,-0.26,0.008,-0.04,0.9181,1
38.25,TRAIN_M03_LADAKH_FAULT01_OVERHEAT,TRAIN,LADAKH,CRUISE_LOITER,5332.0,2194.2,70.6,81.21,120.33,81.2,81.16,784.58,784.08,784.79,784.71,4.23,92.75,9.37,3.0,41.16,0.736,14.06,3.29,LANE_A,20020.0,-21.9,89.0,0.15,1,1.5,-8.11,28.51,-7.62,-10.16,2.94,-2.56,1.15,-1.93,-0.6,24.88,-2.79,-0.18,-0.012,-0.04,0.9179,1
38.3,TRAIN_M03_LADAKH_FAULT01_OVERHEAT,TRAIN,LADAKH,CRUISE_LOITER,5322.9,2190.5,70.6,81.22,120.36,81.2,81.16,784.93,783.79,784.77,785.0,4.25,92.71,9.34,3.0,41.29,0.801,14.04,3.35,LANE_A,20019.0,-21.9,89.0,0.15,1,1.5,-7.97,28.67,-7.49,-10.03,3.29,-2.85,1.13,-1.64,-0.58,24.94,-2.8,-0.05,0.054,-0.06,0.9189,1
38.35,TRAIN_M03_LADAKH_FAULT01_OVERHEAT,TRAIN,LADAKH,CRUISE_LOITER,5330.5,2193.6,70.6,81.22,120.39,81.21,81.17,784.89,783.95,784.56,785.12,4.3,92.68,9.39,3.0,41.29,0.782,14.04,2.96,LANE_A,20018.0,-21.9,89.0,0.15,1,1.5,-8.08,28.59,-7.59,-10.13,3.25,-2.69,0.92,-1.52,-0.53,24.82,-2.77,-0.05,0.034,-0.06,0.9183,1
38.4,TRAIN_M03_LADAKH_FAULT01_OVERHEAT,TRAIN,LADAKH,CRUISE_LOITER,5327.5,2192.4,70.7,81.22,120.42,81.21,81.17,785.23,784.4,784.74,785.27,4.24,92.7,9.34,3.0,41.3,0.713,14.05,3.5,LANE_A,20017.0,-21.9,89.0,0.15,1,1.5,-8.04,28.66,-7.55,-10.09,3.66,-2.17,1.17,-1.3,-0.59,24.87,-2.82,-0.05,-0.034,-0.05,0.9189,1
38.45,TRAIN_M03_LADAKH_FAULT01_OVERHEAT,TRAIN,LADAKH,CRUISE_LOITER,5320.2,2189.4,70.7,81.22,120.44,81.21,81.17,784.93,784.3,784.61,785.17,4.24,92.81,9.28,3.0,41.31,0.703,14.06,3.04,LANE_A,20016.0,-21.9,89.0,0.15,1,1.5,-7.94,28.78,-7.45,-9.99,3.36,-2.27,1.04,-1.4,-0.59,25.06,-2.86,-0.04,-0.043,-0.04,0.9197,1
38.5,TRAIN_M03_LADAKH_FAULT01_OVERHEAT,TRAIN,LADAKH,CRUISE_LOITER,5322.3,2190.3,70.7,81.22,120.46,81.21,81.17,785.14,784.48,784.29,785.15,4.21,92.88,9.24,3.0,41.36,0.765,14.06,2.87,LANE_A,20015.0,-21.9,89.0,0.15,1,1.5,-7.97,28.77,-7.48,-10.02,3.57,-2.09,0.72,-1.42,-0.62,25.11,-2.91,0.0,0.018,-0.04,0.9197,1
38.55,TRAIN_M03_LADAKH_FAULT01_OVERHEAT,TRAIN,LADAKH,CRUISE_LOITER,5316.9,2188.0,70.7,81.21,120.49,81.22,81.17,785.07,784.36,784.27,784.87,4.19,92.93,9.23,3.0,41.45,0.797,14.06,3.21,LANE_A,20014.0,-21.9,89.1,0.15,1,1.5,-7.87,28.91,-7.36,-9.91,3.5,-2.21,0.7,-1.7,-0.64,25.24,-2.9,0.09,0.051,-0.04,0.9207,1
38.6,TRAIN_M03_LADAKH_FAULT01_OVERHEAT,TRAIN,LADAKH,CRUISE_LOITER,5309.3,2184.9,70.7,81.21,120.51,81.21,81.18,785.03,784.31,784.28,785.09,4.22,93.04,9.17,3.0,41.37,0.812,14.09,3.13,LANE_A,20013.0,-21.9,89.1,0.15,1,1.5,-7.76,29.04,-7.26,-9.79,3.46,-2.26,0.71,-1.48,-0.61,25.44,-2.95,0.01,0.067,-0.01,0.9215,1
38.65,TRAIN_M03_LADAKH_FAULT01_OVERHEAT,TRAIN,LADAKH,CRUISE_LOITER,5313.3,2186.6,70.7,81.21,120.52,81.22,81.17,784.98,784.38,784.22,784.76,4.19,92.9,9.16,3.0,41.41,0.76,14.08,3.45,LANE_A,20012.0,-21.9,89.1,0.15,1,1.5,-7.82,28.99,-7.31,-9.86,3.41,-2.19,0.65,-1.81,-0.64,25.25,-2.97,0.05,0.015,-0.02,0.9212,1
38.7,TRAIN_M03_LADAKH_FAULT01_OVERHEAT,TRAIN,LADAKH,CRUISE_LOITER,5313.4,2186.6,70.8,81.21,120.53,81.21,81.16,784.82,784.45,783.97,784.78,4.18,92.92,9.22,3.0,41.45,0.762,14.08,3.09,LANE_A,20011.0,-21.9,89.1,0.15,1,1.5,-7.83,28.99,-7.33,-9.88,3.32,-2.05,0.47,-1.72,-0.65,25.27,-2.91,0.08,0.017,-0.02,0.9212,1
38.75,TRAIN_M03_LADAKH_FAULT01_OVERHEAT,TRAIN,LADAKH,CRUISE_LOITER,5317.5,2188.3,70.8,81.21,120.55,81.21,81.17,784.72,784.69,784.12,785.04,4.25,92.97,9.32,3.0,41.64,0.729,14.05,3.28,LANE_A,20010.0,-21.9,89.1,0.15,1,1.5,-7.89,28.95,-7.39,-9.93,3.22,-1.81,0.62,-1.46,-0.58,25.27,-2.82,0.27,-0.017,-0.05,0.9208,1
38.8,TRAIN_M03_LADAKH_FAULT01_OVERHEAT,TRAIN,LADAKH,CRUISE_LOITER,5317.2,2188.1,70.8,81.21,120.58,81.21,81.17,784.89,784.77,784.1,784.84,4.2,92.88,9.29,3.0,41.61,0.77,14.05,3.4,LANE_A,20009.0,-21.9,89.1,0.15,1,1.5,-7.89,28.98,-7.39,-9.93,3.39,-1.73,0.6,-1.66,-0.63,25.18,-2.85,0.24,0.024,-0.05,0.9211,1
38.85,TRAIN_M03_LADAKH_FAULT01_OVERHEAT,TRAIN,LADAKH,CRUISE_LOITER,5313.8,2186.8,70.8,81.21,120.6,81.21,81.17,784.76,785.14,783.8,784.65,4.2,92.76,9.32,3.0,41.71,0.731,14.07,3.01,LANE_A,20008.0,-21.9,89.1,0.15,1,1.5,-7.84,29.05,-7.34,-9.88,3.26,-1.36,0.3,-1.85,-0.63,25.1,-2.81,0.34,-0.014,-0.03,0.9214,1
38.9,TRAIN_M03_LADAKH_FAULT01_OVERHEAT,TRAIN,LADAKH,CRUISE_LOITER,5313.7,2186.7,70.8,81.22,120.62,81.21,81.17,784.91,784.85,784.43,784.43,4.24,92.68,9.36,3.0,41.74,0.62,14.07,3.29,LANE_A,20007.0,-21.9,89.1,0.15,1,1.5,-7.83,29.07,-7.34,-9.88,3.41,-1.65,0.93,-2.07,-0.59,25.02,-2.77,0.37,-0.125,-0.03,0.9215,1
38.95,TRAIN_M03_LADAKH_FAULT01_OVERHEAT,TRAIN,LADAKH,CRUISE_LOITER,5316.7,2187.9,70.8,81.21,120.64,81.21,81.18,784.9,784.88,784.22,784.57,4.22,92.75,9.28,3.0,41.62,0.748,14.06,3.18,LANE_A,20006.0,-21.9,89.1,0.15,1,1.5,-7.88,29.05,-7.38,-9.91,3.4,-1.62,0.72,-1.93,-0.61,25.05,-2.86,0.24,0.002,-0.04,0.9214,1
39.0,TRAIN_M03_LADAKH_FAULT01_OVERHEAT,TRAIN,LADAKH,DESCENT_RECOVERY,5311.0,2185.6,68.7,81.23,120.67,81.23,81.2,785.03,785.12,784.87,784.52,4.21,92.79,9.2,3.0,41.53,0.754,14.06,3.0,LANE_A,20000.0,-21.9,80.0,0.15,1,1.5,-10.09,26.85,-9.59,-12.12,2.18,-2.73,0.02,-3.33,-0.59,23.31,-2.87,0.31,0.009,-0.04,0.907,1
39.05,TRAIN_M03_LADAKH_FAULT01_OVERHEAT,TRAIN,LADAKH,DESCENT_RECOVERY,5303.9,2182.7,66.9,81.24,120.71,81.25,81.21,785.47,785.46,784.99,785.0,4.2,92.78,9.2,3.0,41.4,0.757,14.07,3.11,LANE_A,19993.0,-21.8,80.0,0.15,1,1.5,-9.9,27.07,-9.39,-11.93,1.56,-3.45,-0.92,-3.91,-0.6,23.43,-2.8,0.31,0.013,-0.03,0.9085,1
39.1,TRAIN_M03_LADAKH_FAULT01_OVERHEAT,TRAIN,LADAKH,DESCENT_RECOVERY,5298.7,2180.5,65.3,81.25,120.74,81.27,81.22,785.64,785.83,785.69,785.36,4.24,92.7,9.13,3.0,41.29,0.657,14.06,3.22,LANE_A,19987.0,-21.8,80.0,0.15,1,1.5,-9.67,27.32,-9.15,-11.7,0.88,-3.93,-1.07,-4.4,-0.56,23.53,-2.81,0.31,-0.086,-0.04,0.9102,1
39.15,TRAIN_M03_LADAKH_FAULT01_OVERHEAT,TRAIN,LADAKH,DESCENT_RECOVERY,5295.0,2179.0,64.0,81.27,120.77,81.28,81.22,785.77,786.35,786.24,785.85,4.21,92.8,8.95,3.0,41.21,0.701,14.06,3.13,LANE_A,19980.0,-21.8,80.0,0.15,1,1.5,-9.48,27.52,-8.97,-11.53,0.37,-4.05,-1.16,-4.55,-0.59,23.76,-2.95,0.32,-0.042,-0.04,0.9117,1
39.2,TRAIN_M03_LADAKH_FAULT01_OVERHEAT,TRAIN,LADAKH,DESCENT_RECOVERY,5278.0,2172.0,62.9,81.27,120.79,81.28,81.22,786.12,786.28,786.26,786.38,4.2,92.73,8.73,3.0,41.25,0.722,14.05,3.41,LANE_A,19973.0,-21.8,80.0,0.15,1,1.5,-9.13,27.89,-8.62,-11.18,0.23,-4.61,-1.63,-4.51,-0.6,23.97,-3.11,0.44,-0.018,-0.05,0.9142,1
39.25,TRAIN_M03_LADAKH_FAULT01_OVERHEAT,TRAIN,LADAKH,DESCENT_RECOVERY,5270.1,2168.8,61.9,81.27,120.81,81.28,81.22,786.63,787.08,786.95,786.55,4.19,92.72,8.61,3.0,41.05,0.701,14.06,3.16,LANE_A,19967.0,-21.8,80.0,0.15,1,1.5,-8.93,28.11,-8.42,-10.98,0.32,-4.23,-1.36,-4.76,-0.61,24.12,-3.19,0.31,-0.038,-0.04,0.9157,1
39.3,TRAIN_M03_LADAKH_FAULT01_OVERHEAT,TRAIN,LADAKH,DESCENT_RECOVERY,5250.3,2160.6,61.0,81.26,120.82,81.27,81.22,786.6,787.52,787.46,786.95,4.2,92.91,8.42,3.0,40.78,0.691,14.07,3.02,LANE_A,19960.0,-21.8,80.0,0.15,1,1.5,-8.56,28.5,-8.05,-10.6,-0.06,-4.14,-1.2,-4.71,-0.59,24.61,-3.31,0.1,-0.045,-0.03,0.9183,1
39.35,TRAIN_M03_LADAKH_FAULT01_OVERHEAT,TRAIN,LADAKH,DESCENT_RECOVERY,5244.0,2158.0,60.3,81.25,120.83,81.25,81.21,787.05,787.77,787.94,787.59,4.21,92.92,8.32,3.0,40.68,0.683,14.07,3.4,LANE_A,19953.0,-21.8,80.0,0.15,1,1.5,-8.43,28.65,-7.93,-10.47,0.14,-4.14,-0.97,-4.32,-0.58,24.74,-3.38,0.05,-0.052,-0.03,0.9192,1
39.4,TRAIN_M03_LADAKH_FAULT01_OVERHEAT,TRAIN,LADAKH,DESCENT_RECOVERY,5232.7,2153.4,59.7,81.23,120.83,81.23,81.2,787.64,787.86,788.31,788.05,4.19,93.08,8.04,3.0,40.55,0.721,14.06,2.96,LANE_A,19947.0,-21.7,80.0,0.15,1,1.5,-8.32,28.78,-7.82,-10.35,0.51,-4.27,-0.82,-4.08,-0.6,24.98,-3.62,-0.04,-0.012,-0.04,0.9202,1
39.45,TRAIN_M03_LADAKH_FAULT01_OVERHEAT,TRAIN,LADAKH,DESCENT_RECOVERY,5221.6,2148.8,59.2,81.22,120.83,81.22,81.18,788.16,787.77,788.48,788.37,4.18,93.04,7.94,3.0,40.64,0.755,14.06,3.25,LANE_A,19940.0,-21.7,80.0,0.15,1,1.5,-8.13,28.98,-7.63,-10.17,0.87,-4.52,-0.81,-3.92,-0.6,25.1,-3.69,0.08,0.023,-0.04,0.9215,1
39.5,TRAIN_M03_LADAKH_FAULT01_OVERHEAT,TRAIN,LADAKH,DESCENT_RECOVERY,5216.3,2146.6,58.7,81.2,120.82,81.2,81.16,788.72,788.28,789.05,788.88,4.14,92.95,7.91,3.0,40.57,0.714,14.05,3.32,LANE_A,19933.0,-21.7,80.0,0.15,1,1.5,-8.04,29.08,-7.54,-10.08,1.27,-4.17,-0.4,-3.57,-0.64,25.1,-3.7,0.04,-0.017,-0.05,0.9222,1
39.55,TRAIN_M03_LADAKH_FAULT01_OVERHEAT,TRAIN,LADAKH,DESCENT_RECOVERY,5209.3,2143.8,58.3,81.18,120.82,81.18,81.14,788.95,788.6,789.22,788.99,4.16,92.93,7.88,3.0,40.47,0.743,14.09,3.34,LANE_A,19927.0,-21.7,80.0,0.15,1,1.5,-7.93,29.21,-7.43,-9.97,1.39,-3.96,-0.34,-3.57,-0.62,25.19,-3.7,-0.03,0.013,-0.01,0.9229,1
39.6,TRAIN_M03_LADAKH_FAULT01_OVERHEAT,TRAIN,LADAKH,DESCENT_RECOVERY,5193.1,2137.1,58.0,81.16,120.81,81.14,81.12,789.44,788.61,789.44,789.73,4.16,92.91,7.7,3.0,40.41,0.67,14.05,3.45,LANE_A,19920.0,-21.7,80.0,0.15,1,1.5,-7.69,29.46,-7.21,-9.73,1.79,-4.04,-0.21,-2.92,-0.62,25.37,-3.84,-0.08,-0.058,-0.05,0.9245,1
39.65,TRAIN_M03_LADAKH_FAULT01_OVERHEAT,TRAIN,LADAKH,DESCENT_RECOVERY,5179.6,2131.5,57.7,81.13,120.8,81.12,81.09,789.86,788.79,789.7,789.52,4.19,92.89,7.63,3.0,40.49,0.704,14.09,3.18,LANE_A,19913.0,-21.7,80.0,0.15,1,1.5,-7.5,29.67,-7.01,-9.54,2.13,-3.94,-0.03,-3.21,-0.58,25.53,-3.88,0.02,-0.022,-0.01,0.9256,1
39.7,TRAIN_M03_LADAKH_FAULT01_OVERHEAT,TRAIN,LADAKH,DESCENT_RECOVERY,5177.7,2130.8,57.5,81.09,120.78,81.08,81.05,789.89,788.92,789.76,789.52,4.17,92.86,7.49,3.0,40.44,0.653,14.09,2.88,LANE_A,19907.0,-21.7,80.0,0.15,1,1.5,-7.5,29.69,-7.01,-9.54,2.11,-3.86,-0.02,-3.26,-0.6,25.53,-4.01,-0.02,-0.072,-0.01,0.9259,1
39.75,TRAIN_M03_LADAKH_FAULT01_OVERHEAT,TRAIN,LADAKH,DESCENT_RECOVERY,5169.9,2127.6,57.3,81.06,120.77,81.05,81.02,789.61,789.27,789.83,789.48,4.17,92.88,7.37,3.0,40.32,0.728,14.08,3.02,LANE_A,19900.0,-21.7,80.0,0.15,1,1.5,-7.4,29.81,-6.91,-9.44,1.78,-3.56,0.0,-3.35,-0.6,25.65,-4.11,-0.14,0.004,-0.02,0.9266,1
39.8,TRAIN_M03_LADAKH_FAULT01_OVERHEAT,TRAIN,LADAKH,DESCENT_RECOVERY,5165.2,2125.6,57.1,81.02,120.75,81.02,80.98,789.78,789.59,790.16,789.68,4.15,93.02,7.39,3.0,40.32,0.758,14.07,3.18,LANE_A,19893.0,-21.6,80.0,0.15,1,1.5,-7.46,29.77,-6.96,-9.5,1.89,-3.3,0.27,-3.21,-0.62,25.76,-4.08,-0.13,0.034,-0.03,0.9265,1
39.85,TRAIN_M03_LADAKH_FAULT01_OVERHEAT,TRAIN,LADAKH,DESCENT_RECOVERY,5159.4,2123.2,56.9,80.98,120.74,80.98,80.94,789.88,789.57,790.49,789.59,4.12,93.15,7.45,3.0,40.35,0.734,14.07,3.12,LANE_A,19887.0,-21.6,80.0,0.15,1,1.5,-7.4,29.86,-6.9,-9.44,1.94,-3.37,0.55,-3.35,-0.65,25.97,-4.0,-0.09,0.011,-0.03,0.9271,1
39.9,TRAIN_M03_LADAKH_FAULT01_OVERHEAT,TRAIN,LADAKH,DESCENT_RECOVERY,5155.9,2121.8,56.8,80.95,120.72,80.95,80.91,790.28,789.72,790.65,790.14,4.16,93.11,7.37,3.0,40.32,0.71,14.1,3.22,LANE_A,19880.0,-21.6,80.0,0.15,1,1.5,-7.37,29.9,-6.87,-9.41,2.32,-3.24,0.69,-2.82,-0.6,25.97,-4.08,-0.12,-0.012,0.0,0.9272,1
39.95,TRAIN_M03_LADAKH_FAULT01_OVERHEAT,TRAIN,LADAKH,DESCENT_RECOVERY,5147.6,2118.3,56.7,80.92,120.7,80.92,80.87,790.49,789.85,790.61,790.1,4.12,93.19,7.37,3.0,40.35,0.724,14.08,2.96,LANE_A,19873.0,-21.6,80.0,0.15,1,1.5,-7.28,30.0,-6.78,-9.33,2.5,-3.14,0.62,-2.89,-0.64,26.15,-4.06,-0.09,0.003,-0.02,0.9279,1
40.0,TRAIN_M03_LADAKH_FAULT01_OVERHEAT,TRAIN,LADAKH,DESCENT_RECOVERY,5149.1,2119.0,56.6,80.88,120.68,80.88,80.84,790.53,789.97,790.74,789.89,4.15,93.22,7.3,3.0,40.3,0.687,14.07,3.59,LANE_A,19867.0,-21.6,80.0,0.15,1,1.5,-7.34,29.96,-6.84,-9.38,2.52,-3.04,0.73,-3.12,-0.61,26.17,-4.13,-0.14,-0.034,-0.03,0.9277,1
40.05,TRAIN_M03_LADAKH_FAULT01_OVERHEAT,TRAIN,LADAKH,DESCENT_RECOVERY,5147.2,2118.2,56.5,80.84,120.67,80.85,80.81,790.89,789.94,791.08,789.63,4.13,93.13,7.33,3.0,40.42,0.731,14.09,3.23,LANE_A,19860.0,-21.6,80.0,0.15,1,1.5,-7.35,29.98,-6.84,-9.38,2.86,-3.09,1.05,-3.4,-0.63,26.1,-4.1,-0.02,0.01,-0.01,0.9278,1
40.1,TRAIN_M03_LADAKH_FAULT01_OVERHEAT,TRAIN,LADAKH,DESCENT_RECOVERY,5136.6,2113.8,56.4,80.81,120.65,80.81,80.77,791.18,790.06,791.3,789.63,4.21,93.22,7.32,3.0,40.46,0.759,14.08,3.29,LANE_A,19853.0,-21.6,80.0,0.15,1,1.5,-7.22,30.12,-6.72,-9.26,3.13,-2.99,1.25,-3.42,-0.55,26.32,-4.09,0.02,0.04,-0.02,0.9285,1
40.15,TRAIN_M03_LADAKH_FAULT01_OVERHEAT,TRAIN,LADAKH,DESCENT_RECOVERY,5137.4,2114.1,56.4,80.77,120.64,80.78,80.74,791.01,790.09,791.34,789.7,4.14,93.23,7.26,3.0,40.53,0.652,14.04,3.05,LANE_A,19847.0,-21.5,80.0,0.15,1,1.5,-7.37,30.0,-6.86,-9.4,2.94,-2.98,1.27,-3.37,-0.62,26.22,-4.15,0.08,-0.068,-0.06,0.928,1
40.2,TRAIN_M03_LADAKH_FAULT01_OVERHEAT,TRAIN,LADAKH,DESCENT_RECOVERY,5127.3,2110.0,56.3,80.73,120.61,80.74,80.7,791.03,790.21,790.95,789.49,4.09,93.28,7.17,3.0,40.61,0.695,14.09,3.35,LANE_A,19840.0,-21.5,80.0,0.15,1,1.5,-7.26,30.12,-6.75,-9.29,2.94,-2.88,0.86,-3.6,-0.67,26.39,-4.21,0.16,-0.023,-0.01,0.9288,1
40.25,TRAIN_M03_LADAKH_FAULT01_OVERHEAT,TRAIN,LADAKH,DESCENT_RECOVERY,5122.6,2108.1,56.3,80.69,120.59,80.69,80.66,791.16,790.33,791.24,789.82,4.12,93.49,7.25,3.0,40.48,0.699,14.1,3.28,LANE_A,19833.0,-21.5,80.0,0.15,1,1.5,-7.23,30.17,-6.73,-9.26,3.07,-2.76,1.15,-3.27,-0.63,26.65,-4.13,0.02,-0.018,0.0,0.929,1
40.3,TRAIN_M03_LADAKH_FAULT01_OVERHEAT,TRAIN,LADAKH,DESCENT_RECOVERY,5116.9,2105.7,56.2,80.65,120.57,80.66,80.62,791.32,790.58,790.98,789.84,4.13,93.61,7.21,3.0,40.32,0.719,14.07,3.11,LANE_A,19827.0,-21.5,80.0,0.15,1,1.5,-7.19,30.23,-6.68,-9.22,3.21,-2.53,0.87,-3.27,-0.62,26.84,-4.15,-0.13,0.002,-0.03,0.9294,1
40.35,TRAIN_M03_LADAKH_FAULT01_OVERHEAT,TRAIN,LADAKH,DESCENT_RECOVERY,5115.5,2105.1,56.2,80.62,120.55,80.62,80.59,791.24,790.62,790.99,790.05,4.08,93.51,7.23,3.0,40.35,0.754,14.08,3.28,LANE_A,19820.0,-21.5,80.0,0.15,1,1.5,-7.2,30.23,-6.7,-9.23,3.13,-2.49,0.88,-3.06,-0.67,26.75,-4.14,-0.11,0.038,-0.02,0.9295,1
40.4,TRAIN_M03_LADAKH_FAULT01_OVERHEAT,TRAIN,LADAKH,DESCENT_RECOVERY,5113.3,2104.2,56.2,80.58,120.53,80.59,80.55,791.12,790.45,790.93,790.38,4.12,93.58,7.19,3.0,40.48,0.726,14.07,3.2,LANE_A,19813.0,-21.5,80.0,0.15,1,1.5,-7.21,30.24,-6.7,-9.24,3.01,-2.66,0.82,-2.73,-0.63,26.85,-4.17,0.01,0.01,-0.03,0.9295,1
40.45,TRAIN_M03_LADAKH_FAULT01_OVERHEAT,TRAIN,LADAKH,DESCENT_RECOVERY,5110.6,2103.1,56.1,80.54,120.51,80.55,80.51,791.08,790.52,790.82,790.12,4.08,93.52,7.15,3.0,40.47,0.75,14.06,2.93,LANE_A,19807.0,-21.5,80.0,0.15,1,1.5,-7.21,30.26,-6.7,-9.24,2.95,-2.61,0.69,-3.01,-0.67,26.82,-4.21,0.0,0.034,-0.04,0.9297,1
40.5,TRAIN_M03_LADAKH_FAULT01_OVERHEAT,TRAIN,LADAKH,DESCENT_RECOVERY,5103.5,2100.2,56.1,80.5,120.49,80.52,80.48,791.01,790.78,790.79,790.12,4.14,93.53,7.23,3.0,40.52,0.675,14.09,3.12,LANE_A,19800.0,-21.5,80.0,0.15,1,1.5,-7.15,30.34,-6.63,-9.17,2.88,-2.35,0.66,-3.01,-0.61,26.91,-4.12,0.04,-0.04,-0.01,0.93,1
40.55,TRAIN_M03_LADAKH_FAULT01_OVERHEAT,TRAIN,LADAKH,DESCENT_RECOVERY,5108.8,2102.4,56.1,80.46,120.47,80.48,80.45,790.88,790.68,790.59,790.02,4.09,93.49,7.2,3.0,40.61,0.672,14.07,3.24,LANE_A,19793.0,-21.4,80.0,0.15,1,1.5,-7.37,30.14,-6.85,-9.38,2.73,-2.47,0.44,-3.13,-0.66,26.71,-4.16,0.12,-0.043,-0.03,0.929,1
40.6,TRAIN_M03_LADAKH_FAULT01_OVERHEAT,TRAIN,LADAKH,DESCENT_RECOVERY,5109.9,2102.8,56.1,80.43,120.45,80.45,80.42,790.88,790.92,790.57,790.08,4.1,93.61,7.19,3.0,40.52,0.72,14.08,3.02,LANE_A,19787.0,-21.4,80.0,0.15,1,1.5,-7.42,30.1,-6.9,-9.43,2.73,-2.23,0.42,-3.07,-0.65,26.81,-4.17,0.03,0.004,-0.02,0.9288,1
40.65,TRAIN_M03_LADAKH_FAULT01_OVERHEAT,TRAIN,LADAKH,DESCENT_RECOVERY,5099.2,2098.4,56.1,80.4,120.42,80.41,80.38,790.94,790.9,790.75,789.81,4.1,93.61,7.15,3.0,40.3,0.74,14.05,2.88,LANE_A,19780.0,-21.4,80.0,0.15,1,1.5,-7.29,30.23,-6.78,-9.31,2.79,-2.25,0.6,-3.34,-0.65,26.93,-4.19,-0.2,0.026,-0.05,0.9295,1
40.7,TRAIN_M03_LADAKH_FAULT01_OVERHEAT,TRAIN,LADAKH,DESCENT_RECOVERY,5099.1,2098.4,56.1,80.36,120.4,80.37,80.34,790.88,790.84,790.66,790.02,4.1,93.5,7.09,3.0,40.38,0.764,14.08,3.04,LANE_A,19773.0,-21.4,80.0,0.15,1,1.5,-7.34,30.2,-6.83,-9.36,2.73,-2.31,0.51,-3.13,-0.65,26.82,-4.25,-0.13,0.05,-0.02,0.9294,1
40.75,TRAIN_M03_LADAKH_FAULT01_OVERHEAT,TRAIN,LADAKH,DESCENT_RECOVERY,5104.1,2100.5,56.1,80.32,120.37,80.33,80.3,790.97,790.71,790.62,790.12,4.13,93.51,7.08,3.0,40.42,0.666,14.1,3.41,LANE_A,19767.0,-21.4,80.0,0.15,1,1.5,-7.45,30.1,-6.94,-9.47,2.82,-2.44,0.47,-3.03,-0.62,26.77,-4.28,-0.1,-0.049,0.0,0.9288,1
40.8,TRAIN_M03_LADAKH_FAULT01_OVERHEAT,TRAIN,LADAKH,DESCENT_RECOVERY,5094.6,2096.6,56.0,80.29,120.35,80.29,80.26,790.81,790.7,790.75,790.16,4.12,93.52,7.03,3.0,40.46,0.698,14.07,2.94,LANE_A,19760.0,-21.4,80.0,0.15,1,1.5,-7.34,30.22,-6.84,-9.37,2.64,-2.47,0.58,-3.01,-0.62,26.89,-4.31,-0.06,-0.015,-0.03,0.9295,1
40.85,TRAIN_M03_LADAKH_FAULT01_OVERHEAT,TRAIN,LADAKH,DESCENT_RECOVERY,5093.1,2095.9,56.0,80.25,120.33,80.25,80.22,790.85,790.34,791.35,790.17,4.14,93.61,6.96,3.0,40.28,0.738,14.08,3.18,LANE_A,19753.0,-21.4,80.0,0.15,1,1.5,-7.36,30.22,-6.86,-9.39,2.68,-2.83,1.18,-3.0,-0.6,27.0,-4.38,-0.25,0.025,-0.02,0.9295,1
40.9,TRAIN_M03_LADAKH_FAULT01_OVERHEAT,TRAIN,LADAKH,DESCENT_RECOVERY,5092.5,2095.7,56.0,80.21,120.3,80.21,80.19,790.85,790.31,791.4,790.16,4.15,93.54,6.99,3.0,40.46,0.707,14.05,3.37,LANE_A,19747.0,-21.4,80.0,0.15,1,1.5,-7.4,30.19,-6.9,-9.42,2.68,-2.86,1.23,-3.01,-0.59,26.93,-4.35,-0.07,-0.006,-0.05,0.9293,1
40.95,TRAIN_M03_LADAKH_FAULT01_OVERHEAT,TRAIN,LADAKH,DESCENT_RECOVERY,5085.6,2092.9,56.0,80.17,120.28,80.17,80.15,790.88,790.41,791.37,790.56,4.1,93.62,7.05,3.0,40.41,0.752,14.09,3.06,LANE_A,19740.0,-21.3,80.0,0.15,1,1.5,-7.44,30.17,-6.94,-9.46,2.69,-2.78,1.18,-2.63,-0.64,26.99,-4.27,-0.13,0.04,-0.01,0.9293,1
41.0,TRAIN_M03_LADAKH_FAULT01_OVERHEAT,TRAIN,LADAKH,DESCENT_RECOVERY,5097.3,2097.6,56.0,80.14,120.26,80.14,80.11,790.48,790.58,791.39,790.7,4.12,93.61,7.03,3.0,40.55,0.671,14.11,3.25,LANE_A,19733.0,-21.3,80.0,0.15,1,1.5,-7.64,29.98,-7.14,-9.67,2.29,-2.61,1.2,-2.49,-0.62,26.84,-4.32,0.0,-0.043,0.01,0.9282,1
41.05,TRAIN_M03_LADAKH_FAULT01_OVERHEAT,TRAIN,LADAKH,DESCENT_RECOVERY,5108.8,2102.4,56.0,80.1,120.24,80.1,80.08,790.54,790.48,791.6,790.62,4.12,93.66,7.07,3.0,40.49,0.775,14.09,3.35,LANE_A,19727.0,-21.3,80.0,0.15,1,1.5,-7.85,29.79,-7.35,-9.87,2.35,-2.71,1.41,-2.57,-0.63,26.76,-4.31,-0.07,0.06,-0.01,0.9272,1
41.1,TRAIN_M03_LADAKH_FAULT01_OVERHEAT,TRAIN,LADAKH,DESCENT_RECOVERY,5111.8,2103.6,56.0,80.07,120.23,80.07,80.04,790.41,790.85,791.05,790.86,4.13,93.62,7.14,3.0,40.26,0.702,14.07,3.26,LANE_A,19720.0,-21.3,80.0,0.15,1,1.5,-7.93,29.73,-7.43,-9.96,2.22,-2.34,0.86,-2.33,-0.62,26.68,-4.25,-0.31,-0.014,-0.03,0.9268,1
41.15,TRAIN_M03_LADAKH_FAULT01_OVERHEAT,TRAIN,LADAKH,DESCENT_RECOVERY,5112.2,2103.8,56.0,80.04,120.21,80.04,80.01,790.87,790.77,791.14,791.23,4.08,93.62,7.23,3.0,40.25,0.746,14.08,2.96,LANE_A,19713.0,-21.3,80.0,0.15,1,1.5,-7.97,29.7,-7.47,-10.0,2.68,-2.42,0.95,-1.96,-0.67,26.67,-4.16,-0.32,0.03,-0.02,0.9267,1
41.2,TRAIN_M03_LADAKH_FAULT01_OVERHEAT,TRAIN,LADAKH,DESCENT_RECOVERY,5111.1,2103.4,56.0,80.01,120.19,80.01,79.98,790.71,790.7,791.12,791.59,4.13,93.64,7.17,3.0,40.39,0.687,14.06,3.55,LANE_A,19707.0,-21.3,80.0,0.15,1,1.5,-7.99,29.69,-7.49,-10.02,2.52,-2.49,0.93,-1.6,-0.62,26.7,-4.23,-0.19,-0.029,-0.04,0.9266,1
41.25,TRAIN_M03_LADAKH_FAULT01_OVERHEAT,TRAIN,LADAKH,DESCENT_RECOVERY,5109.0,2102.5,56.0,79.98,120.17,79.97,79.95,790.4,790.59,791.11,791.35,4.1,93.62,7.14,3.0,40.59,0.686,14.11,3.15,LANE_A,19700.0,-21.3,80.0,0.15,1,1.5,-7.99,29.7,-7.5,-10.02,2.21,-2.6,0.92,-1.84,-0.65,26.7,-4.25,0.0,-0.029,0.01,0.9267,1
41.3,TRAIN_M03_LADAKH_FAULT01_OVERHEAT,TRAIN,LADAKH,DESCENT_RECOVERY,5107.7,2101.9,56.0,79.94,120.16,79.95,79.92,790.29,790.65,790.82,791.37,4.14,93.51,7.1,3.0,40.57,0.732,14.06,3.11,LANE_A,19693.0,-21.3,80.0,0.15,1,1.5,-8.02,29.7,-7.51,-10.04,2.1,-2.54,0.63,-1.82,-0.61,26.61,-4.29,-0.03,0.017,-0.04,0.9267,1
41.35,TRAIN_M03_LADAKH_FAULT01_OVERHEAT,TRAIN,LADAKH,DESCENT_RECOVERY,5109.8,2102.8,56.0,79.91,120.14,79.92,79.89,790.46,790.92,790.82,791.24,4.12,93.54,7.21,3.0,40.44,0.758,14.06,2.98,LANE_A,19687.0,-21.2,80.0,0.15,1,1.5,-8.17,29.56,-7.66,-10.19,2.26,-2.28,0.62,-1.96,-0.63,26.51,-4.19,-0.17,0.042,-0.04,0.9259,1
41.4,TRAIN_M03_LADAKH_FAULT01_OVERHEAT,TRAIN,LADAKH,DESCENT_RECOVERY,5112.3,2103.8,56.0,79.88,120.13,79.89,79.86,790.89,790.74,791.08,791.36,4.11,93.54,7.24,3.0,40.44,0.695,14.09,3.05,LANE_A,19680.0,-21.2,80.0,0.15,1,1.5,-8.24,29.51,-7.73,-10.26,2.69,-2.46,0.88,-1.84,-0.64,26.48,-4.17,-0.17,-0.021,-0.01,0.9256,1
41.45,TRAIN_M03_LADAKH_FAULT01_OVERHEAT,TRAIN,LADAKH,DESCENT_RECOVERY,5113.4,2104.3,56.0,79.84,120.11,79.87,79.83,790.6,790.78,791.22,791.12,4.14,93.58,7.27,3.0,40.5,0.655,14.09,3.27,LANE_A,19673.0,-21.2,80.0,0.15,1,1.5,-8.3,29.47,-7.77,-10.31,2.4,-2.42,1.02,-2.08,-0.61,26.5,-4.14,-0.12,-0.061,-0.01,0.9253,1
41.5,TRAIN_M03_LADAKH_FAULT01_OVERHEAT,TRAIN,LADAKH,DESCENT_RECOVERY,5105.7,2101.1,56.0,79.82,120.1,79.84,79.8,790.51,790.1,791.21,791.05,4.1,93.51,7.25,3.0,40.5,0.689,14.08,3.34,LANE_A,19667.0,-21.2,80.0,0.15,1,1.5,-8.22,29.56,-7.7,-10.24,2.31,-3.1,1.01,-2.15,-0.64,26.52,-4.15,-0.13,-0.026,-0.02,0.9259,1
41.55,TRAIN_M03_LADAKH_FAULT01_OVERHEAT,TRAIN,LADAKH,DESCENT_RECOVERY,5108.8,2102.4,56.0,79.79,120.09,79.81,79.77,790.6,790.37,791.12,790.84,4.1,93.52,7.17,3.0,40.32,0.704,14.09,3.04,LANE_A,19660.0,-21.2,80.0,0.15,1,1.5,-8.3,29.5,-7.78,-10.32,2.4,-2.83,0.92,-2.36,-0.64,26.49,-4.24,-0.32,-0.011,-0.01,0.9256,1
41.6,TRAIN_M03_LADAKH_FAULT01_OVERHEAT,TRAIN,LADAKH,DESCENT_RECOVERY,5102.0,2099.6,56.0,79.76,120.07,79.78,79.75,790.71,790.27,790.98,790.92,4.11,93.49,7.18,3.0,40.5,0.669,14.08,3.35,LANE_A,19653.0,-21.2,80.0,0.15,1,1.5,-8.23,29.58,-7.71,-10.24,2.51,-2.93,0.78,-2.28,-0.63,26.54,-4.22,-0.15,-0.045,-0.02,0.926,1
41.65,TRAIN_M03_LADAKH_FAULT01_OVERHEAT,TRAIN,LADAKH,DESCENT_RECOVERY,5104.0,2100.4,56.0,79.73,120.05,79.75,79.72,790.76,790.64,791.11,790.7,4.1,93.5,7.2,3.0,40.58,0.717,14.06,3.28,LANE_A,19647.0,-21.2,80.0,0.15,1,1.5,-8.29,29.53,-7.77,-10.3,2.56,-2.56,0.91,-2.5,-0.64,26.52,-4.2,-0.07,0.002,-0.04,0.9258,1
41.7,TRAIN_M03_LADAKH_FAULT01_OVERHEAT,TRAIN,LADAKH,DESCENT_RECOVERY,5109.1,2102.5,56.0,79.7,120.04,79.72,79.69,790.45,790.7,791.56,790.52,4.12,93.53,7.24,3.0,40.66,0.753,14.09,3.21,LANE_A,19640.0,-21.2,80.0,0.15,1,1.5,-8.4,29.44,-7.88,-10.41,2.25,-2.5,1.36,-2.68,-0.62,26.49,-4.18,0.0,0.038,-0.01,0.9252,1
41.75,TRAIN_M03_LADAKH_FAULT01_OVERHEAT,TRAIN,LADAKH,DESCENT_RECOVERY,5109.0,2102.5,56.0,79.67,120.02,79.69,79.66,790.74,790.43,791.52,790.75,4.14,93.62,7.12,3.0,40.62,0.712,14.07,3.36,LANE_A,19633.0,-21.1,80.0,0.15,1,1.5,-8.53,29.32,-8.01,-10.54,2.52,-2.79,1.3,-2.47,-0.6,26.48,-4.3,-0.05,-0.003,-0.03,0.9246,1
41.8,TRAIN_M03_LADAKH_FAULT01_OVERHEAT,TRAIN,LADAKH,DESCENT_RECOVERY,5114.1,2104.6,56.0,79.64,120.01,79.66,79.64,790.93,790.47,791.34,790.7,4.13,93.58,7.21,3.0,40.5,0.738,14.04,3.11,LANE_A,19627.0,-21.1,80.0,0.15,1,1.5,-8.64,29.23,-8.12,-10.64,2.71,-2.75,1.12,-2.52,-0.61,26.38,-4.22,-0.18,0.022,-0.06,0.924,1
41.85,TRAIN_M03_LADAKH_FAULT01_OVERHEAT,TRAIN,LADAKH,DESCENT_RECOVERY,5117.9,2106.1,56.0,79.62,119.99,79.64,79.61,790.59,790.28,791.28,791.09,4.13,93.45,7.3,3.0,40.52,0.727,14.11,3.26,LANE_A,19620.0,-21.1,80.0,0.15,1,1.5,-8.72,29.15,-8.2,-10.73,2.37,-2.94,1.06,-2.13,-0.62,26.2,-4.14,-0.17,0.01,0.01,0.9235,1
41.9,TRAIN_M03_LADAKH_FAULT01_OVERHEAT,TRAIN,LADAKH,DESCENT_RECOVERY,5120.7,2107.3,56.0,79.59,119.98,79.62,79.59,790.68,790.57,791.46,790.64,4.13,93.45,7.24,3.0,40.62,0.748,14.09,2.93,LANE_A,19613.0,-21.1,80.0,0.15,1,1.5,-8.79,29.1,-8.26,-10.79,2.46,-2.65,1.24,-2.58,-0.62,26.17,-4.21,-0.08,0.031,-0.01,0.9233,1
41.95,TRAIN_M03_LADAKH_FAULT01_OVERHEAT,TRAIN,LADAKH,DESCENT_RECOVERY,5119.8,2106.9,56.0,79.57,119.98,79.6,79.56,790.7,790.61,791.34,790.69,4.15,93.44,7.34,3.0,40.51,0.687,14.08,3.46,LANE_A,19607.0,-21.1,80.0,0.15,1,1.5,-8.8,29.11,-8.27,-10.81,2.48,-2.61,1.12,-2.53,-0.6,26.16,-4.11,-0.19,-0.03,-0.02,0.9232,1
42.0,TRAIN_M03_LADAKH_FAULT01_OVERHEAT,TRAIN,LADAKH,DESCENT_RECOVERY,5123.5,2108.5,56.0,79.55,119.97,79.57,79.54,791.24,790.61,790.99,790.93,4.13,93.43,7.29,3.0,40.52,0.736,14.06,3.24,LANE_A,19600.0,-21.1,80.0,0.15,1,1.5,-8.88,29.04,-8.36,-10.89,3.02,-2.61,0.77,-2.29,-0.62,26.11,-4.17,-0.19,0.018,-0.04,0.9229,1
42.05,TRAIN_M03_LADAKH_FAULT01_OVERHEAT,TRAIN,LADAKH,DESCENT_RECOVERY,5120.4,2107.2,56.0,79.53,119.96,79.56,79.52,791.31,790.91,791.21,791.17,4.1,93.4,7.33,3.0,40.63,0.733,14.06,3.21,LANE_A,19593.0,-21.1,80.0,0.15,1,1.5,-8.86,29.07,-8.33,-10.87,3.09,-2.31,0.99,-2.05,-0.65,26.11,-4.13,-0.09,0.016,-0.04,0.9231,1
42.1,TRAIN_M03_LADAKH_FAULT01_OVERHEAT,TRAIN,LADAKH,DESCENT_RECOVERY,5118.6,2106.4,56.0,79.51,119.95,79.54,79.49,791.11,790.71,791.21,791.2,4.16,93.49,7.31,3.0,40.55,0.698,14.07,3.41,LANE_A,19587.0,-21.1,80.0,0.15,1,1.5,-8.86,29.08,-8.33,-10.88,2.89,-2.51,0.99,-2.02,-0.59,26.22,-4.15,-0.18,-0.019,-0.03,0.9231,1
42.15,TRAIN_M03_LADAKH_FAULT01_OVERHEAT,TRAIN,LADAKH,DESCENT_RECOVERY,5115.7,2105.2,56.0,79.48,119.94,79.52,79.47,790.64,790.77,791.15,791.19,4.09,93.55,7.31,3.0,40.46,0.76,14.08,3.37,LANE_A,19580.0,-21.0,80.0,0.15,1,1.5,-8.94,29.02,-8.4,-10.95,2.41,-2.46,0.92,-2.04,-0.65,26.21,-4.14,-0.28,0.044,-0.02,0.9229,1
42.2,TRAIN_M03_LADAKH_FAULT01_OVERHEAT,TRAIN,LADAKH,DESCENT_RECOVERY,5110.6,2103.1,56.0,79.46,119.93,79.5,79.45,791.23,790.8,791.58,791.4,4.13,93.65,7.34,3.0,40.56,0.661,14.07,2.9,LANE_A,19573.0,-21.0,80.0,0.15,1,1.5,-8.89,29.08,-8.35,-10.9,3.0,-2.43,1.35,-1.83,-0.61,26.37,-4.1,-0.18,-0.055,-0.03,0.9232,1
42.25,TRAIN_M03_LADAKH_FAULT01_OVERHEAT,TRAIN,LADAKH,DESCENT_RECOVERY,5106.7,2101.5,56.0,79.44,119.92,79.47,79.42,791.22,790.49,791.33,791.78,4.1,93.68,7.31,3.0,40.58,0.697,14.06,3.02,LANE_A,19567.0,-21.0,80.0,0.15,1,1.5,-8.86,29.12,-8.33,-10.88,2.99,-2.74,1.1,-1.45,-0.64,26.44,-4.13,-0.17,-0.018,-0.04,0.9235,1
42.3,TRAIN_M03_LADAKH_FAULT01_OVERHEAT,TRAIN,LADAKH,DESCENT_RECOVERY,5110.2,2103.0,56.0,79.42,119.91,79.45,79.4,791.06,790.58,791.17,791.77,4.12,93.69,7.34,3.0,40.7,0.724,14.1,2.97,LANE_A,19560.0,-21.0,80.0,0.15,1,1.5,-8.93,29.06,-8.4,-10.95,2.83,-2.65,0.94,-1.46,-0.62,26.41,-4.11,-0.06,0.008,0.0,0.9231,1
42.35,TRAIN_M03_LADAKH_FAULT01_OVERHEAT,TRAIN,LADAKH,DESCENT_RECOVERY,5108.8,2102.4,56.0,79.4,119.9,79.43,79.38,790.85,790.77,791.3,791.65,4.1,93.72,7.23,3.0,40.61,0.791,14.08,3.26,LANE_A,19553.0,-21.0,80.0,0.15,1,1.5,-8.94,29.06,-8.41,-10.96,2.62,-2.46,1.07,-1.58,-0.64,26.45,-4.22,-0.16,0.076,-0.02,0.9232,1
42.4,TRAIN_M03_LADAKH_FAULT01_OVERHEAT,TRAIN,LADAKH,DESCENT_RECOVERY,5102.8,2099.9,56.0,79.38,119.88,79.41,79.36,790.75,791.07,790.99,791.92,4.12,93.78,7.21,3.0,40.72,0.756,14.07,3.3,LANE_A,19547.0,-21.0,80.0,0.15,1,1.5,-8.87,29.13,-8.34,-10.89,2.52,-2.16,0.76,-1.31,-0.62,26.58,-4.23,-0.06,0.041,-0.03,0.9236,1
42.45,TRAIN_M03_LADAKH_FAULT01_OVERHEAT,TRAIN,LADAKH,DESCENT_RECOVERY,5093.6,2096.1,56.0,79.35,119.87,79.38,79.33,790.76,791.11,791.19,792.1,4.09,93.7,7.16,3.0,40.82,0.762,14.07,3.04,LANE_A,19540.0,-21.0,80.0,0.15,1,1.5,-8.77,29.25,-8.24,-10.79,2.53,-2.12,0.96,-1.13,-0.65,26.6,-4.26,0.04,0.049,-0.03,0.9244,1
42.5,TRAIN_M03_LADAKH_FAULT01_OVERHEAT,TRAIN,LADAKH,DESCENT_RECOVERY,5095.7,2097.0,56.0,79.32,119.85,79.36,79.3,790.56,791.14,791.41,792.54,4.1,93.66,7.21,3.0,40.84,0.708,14.06,3.11,LANE_A,19533.0,-21.0,80.0,0.15,1,1.5,-8.84,29.19,-8.3,-10.86,2.33,-2.09,1.18,-0.69,-0.64,26.53,-4.22,0.05,-0.006,-0.04,0.924,1
42.55,TRAIN_M03_LADAKH_FAULT01_OVERHEAT,TRAIN,LADAKH,DESCENT_RECOVERY,5098.7,2098.2,56.0,79.3,119.84,79.33,79.27,790.63,791.66,791.36,792.43,4.13,93.62,7.18,3.0,40.85,0.738,14.05,3.06,LANE_A,19527.0,-20.9,80.0,0.15,1,1.5,-9.0,29.04,-8.47,-11.03,2.38,-1.59,1.11,-0.82,-0.61,26.36,-4.26,0.05,0.024,-0.05,0.9231,1
42.6,TRAIN_M03_LADAKH_FAULT01_OVERHEAT,TRAIN,LADAKH,DESCENT_RECOVERY,5095.5,2096.9,56.0,79.28,119.82,79.31,79.25,790.78,791.37,791.27,792.38,4.06,93.63,7.22,3.0,40.84,0.721,14.07,3.09,LANE_A,19520.0,-20.9,80.0,0.15,1,1.5,-8.98,29.06,-8.45,-11.01,2.53,-1.88,1.02,-0.87,-0.68,26.4,-4.21,0.03,0.008,-0.03,0.9233,1
42.65,TRAIN_M03_LADAKH_FAULT01_OVERHEAT,TRAIN,LADAKH,DESCENT_RECOVERY,5092.4,2095.7,56.0,79.25,119.81,79.29,79.23,791.01,790.82,791.15,792.16,4.11,93.64,7.32,3.0,40.85,0.647,14.07,3.07,LANE_A,19513.0,-20.9,80.0,0.15,1,1.5,-8.97,29.09,-8.43,-10.99,2.76,-2.43,0.9,-1.09,-0.62,26.45,-4.11,0.03,-0.066,-0.03,0.9233,1
42.7,TRAIN_M03_LADAKH_FAULT01_OVERHEAT,TRAIN,LADAKH,DESCENT_RECOVERY,5090.4,2094.8,56.0,79.23,119.8,79.27,79.21,791.32,790.95,791.52,791.62,4.12,93.54,7.3,3.0,40.82,0.741,14.06,2.93,LANE_A,19507.0,-20.9,80.0,0.15,1,1.5,-8.96,29.11,-8.42,-10.98,3.07,-2.3,1.27,-1.63,-0.61,26.37,-4.13,0.0,0.028,-0.04,0.9234,1
42.75,TRAIN_M03_LADAKH_FAULT01_OVERHEAT,TRAIN,LADAKH,DESCENT_RECOVERY,5090.6,2094.9,56.0,79.22,119.79,79.25,79.19,791.11,791.31,791.68,791.49,4.09,93.52,7.34,3.0,40.81,0.695,14.08,3.34,LANE_A,19500.0,-20.9,80.0,0.15,1,1.5,-8.98,29.09,-8.45,-11.01,2.86,-1.94,1.43,-1.76,-0.64,26.34,-4.09,-0.02,-0.018,-0.02,0.9233,1
42.8,TRAIN_M03_LADAKH_FAULT01_OVERHEAT,TRAIN,LADAKH,DESCENT_RECOVERY,5091.8,2095.4,56.0,79.19,119.78,79.23,79.17,790.68,791.1,791.67,791.21,4.14,93.45,7.3,3.0,40.79,0.681,14.09,3.29,LANE_A,19493.0,-20.9,80.0,0.15,1,1.5,-9.03,29.06,-8.49,-11.05,2.43,-2.15,1.42,-2.04,-0.59,26.25,-4.14,-0.05,-0.032,-0.01,0.9231,1
42.85,TRAIN_M03_LADAKH_FAULT01_OVERHEAT,TRAIN,LADAKH,DESCENT_RECOVERY,5092.3,2095.6,56.0,79.16,119.77,79.21,79.15,790.71,790.97,791.68,791.24,4.13,93.4,7.29,3.0,40.86,0.67,14.07,3.19,LANE_A,19487.0,-20.9,80.0,0.15,1,1.5,-9.07,29.04,-8.52,-11.08,2.46,-2.28,1.43,-2.01,-0.6,26.2,-4.15,0.01,-0.043,-0.03,0.923,1
42.9,TRAIN_M03_LADAKH_FAULT01_OVERHEAT,TRAIN,LADAKH,DESCENT_RECOVERY,5085.6,2092.8,56.0,79.14,119.76,79.18,79.12,790.79,791.15,791.69,791.45,4.08,93.53,7.11,3.0,40.86,0.728,14.07,3.27,LANE_A,19480.0,-20.9,80.0,0.15,1,1.5,-9.0,29.12,-8.46,-11.02,2.54,-2.1,1.44,-1.8,-0.65,26.4,-4.32,0.0,0.016,-0.03,0.9237,1
42.95,TRAIN_M03_LADAKH_FAULT01_OVERHEAT,TRAIN,LADAKH,DESCENT_RECOVERY,5090.7,2094.9,56.0,79.11,119.75,79.15,79.1,790.82,791.11,791.55,791.69,4.12,93.4,7.1,3.0,40.98,0.767,14.09,3.25,LANE_A,19473.0,-20.8,80.0,0.15,1,1.5,-9.2,28.94,-8.66,-11.21,2.56,-2.15,1.29,-1.57,-0.61,26.11,-4.34,0.12,0.054,-0.01,0.9225,1
43.0,TRAIN_M03_LADAKH_FAULT01_OVERHEAT,TRAIN,LADAKH,DESCENT_RECOVERY,5084.0,2092.2,56.0,79.09,119.73,79.12,79.08,790.71,791.13,791.35,791.56,4.12,93.54,7.14,3.0,41.0,0.72,14.07,3.33,LANE_A,19467.0,-20.8,80.0,0.15,1,1.5,-9.13,29.01,-8.6,-11.14,2.45,-2.13,1.09,-1.7,-0.61,26.33,-4.29,0.13,0.008,-0.03,0.923,1
43.05,TRAIN_M03_LADAKH_FAULT01_OVERHEAT,TRAIN,LADAKH,DESCENT_RECOVERY,5082.3,2091.5,56.0,79.06,119.72,79.11,79.05,791.07,791.27,791.47,791.51,4.1,93.61,7.26,3.0,41.0,0.659,14.07,3.22,LANE_A,19460.0,-20.8,80.0,0.15,1,1.5,-9.14,29.02,-8.59,-11.15,2.81,-1.99,1.21,-1.75,-0.63,26.41,-4.17,0.12,-0.053,-0.03,0.923,1
43.1,TRAIN_M03_LADAKH_FAULT01_OVERHEAT,TRAIN,LADAKH,DESCENT_RECOVERY,5081.8,2091.3,56.0,79.04,119.71,79.08,79.03,791.12,791.27,791.18,791.33,4.15,93.5,7.16,3.0,40.82,0.72,14.08,3.39,LANE_A,19453.0,-20.8,80.0,0.15,1,1.5,-9.15,29.02,-8.61,-11.16,2.86,-1.99,0.92,-1.93,-0.58,26.31,-4.27,-0.07,0.008,-0.02,0.923,1
43.15,TRAIN_M03_LADAKH_FAULT01_OVERHEAT,TRAIN,LADAKH,DESCENT_RECOVERY,5088.9,2094.2,56.0,79.02,119.7,79.07,79.0,791.12,791.48,791.17,791.21,4.13,93.54,7.11,3.0,40.75,0.682,14.08,3.16,LANE_A,19447.0,-20.8,80.0,0.15,1,1.5,-9.28,28.9,-8.73,-11.3,2.86,-1.78,0.91,-2.05,-0.6,26.26,-4.34,-0.15,-0.031,-0.02,0.9224,1
43.2,TRAIN_M03_LADAKH_FAULT01_OVERHEAT,TRAIN,LADAKH,DESCENT_RECOVERY,5089.9,2094.6,56.0,78.99,119.68,79.04,78.98,791.28,791.1,791.24,790.9,4.06,93.57,7.07,3.0,40.78,0.67,14.08,3.08,LANE_A,19440.0,-20.8,80.0,0.15,1,1.5,-9.33,28.86,-8.78,-11.34,3.02,-2.16,0.98,-2.36,-0.67,26.28,-4.38,-0.12,-0.043,-0.02,0.9223,1
43.25,TRAIN_M03_LADAKH_FAULT01_OVERHEAT,TRAIN,LADAKH,DESCENT_RECOVERY,5090.8,2095.0,56.0,78.96,119.68,79.02,78.96,791.03,791.13,791.05,790.83,4.13,93.67,7.13,3.0,40.8,0.736,14.08,3.35,LANE_A,19433.0,-20.8,80.0,0.15,1,1.5,-9.38,28.84,-8.82,-11.38,2.77,-2.13,0.79,-2.43,-0.6,26.36,-4.33,-0.11,0.023,-0.02,0.9221,1
43.3,TRAIN_M03_LADAKH_FAULT01_OVERHEAT,TRAIN,LADAKH,DESCENT_RECOVERY,5096.9,2097.5,56.0,78.94,119.66,79.0,78.93,791.39,791.4,791.06,790.65,4.08,93.56,7.2,3.0,40.91,0.744,14.08,3.14,LANE_A,19427.0,-20.8,80.0,0.15,1,1.5,-9.49,28.73,-8.93,-11.5,3.13,-1.86,0.8,-2.61,-0.65,26.18,-4.27,-0.01,0.03,-0.02,0.9214,1
43.35,TRAIN_M03_LADAKH_FAULT01_OVERHEAT,TRAIN,LADAKH,DESCENT_RECOVERY,5094.9,2096.7,56.0,78.92,119.66,78.97,78.91,791.28,791.72,790.79,790.87,4.1,93.41,7.13,3.0,40.86,0.691,14.09,2.92,LANE_A,19420.0,-20.7,80.0,0.15,1,1.5,-9.58,28.66,-9.03,-11.59,3.0,-1.56,0.51,-2.41,-0.63,25.95,-4.34,-0.07,-0.022,-0.01,0.921,1
43.4,TRAIN_M03_LADAKH_FAULT01_OVERHEAT,TRAIN,LADAKH,DESCENT_RECOVERY,5095.6,2097.0,56.0,78.9,119.65,78.95,78.88,791.25,791.71,791.09,791.03,4.11,93.42,7.09,3.0,40.81,0.775,14.08,2.9,LANE_A,19413.0,-20.7,80.0,0.15,1,1.5,-9.61,28.64,-9.06,-11.63,2.97,-1.57,0.81,-2.25,-0.62,25.95,-4.38,-0.13,0.061,-0.02,0.9209,1
43.45,TRAIN_M03_LADAKH_FAULT01_OVERHEAT,TRAIN,LADAKH,DESCENT_RECOVERY,5093.7,2096.2,56.0,78.88,119.64,78.93,78.86,791.14,791.38,791.17,790.69,4.15,93.3,7.11,3.0,40.8,0.685,14.08,3.16,LANE_A,19407.0,-20.7,80.0,0.15,1,1.5,-9.61,28.65,-9.06,-11.63,2.86,-1.9,0.89,-2.59,-0.58,25.85,-4.36,-0.15,-0.028,-0.02,0.9208,1
43.5,TRAIN_M03_LADAKH_FAULT01_OVERHEAT,TRAIN,LADAKH,DESCENT_RECOVERY,5088.3,2094.0,56.0,78.86,119.63,78.91,78.84,791.37,791.02,791.42,790.96,4.13,93.39,7.2,3.0,40.95,0.708,14.07,3.45,LANE_A,19400.0,-20.7,80.0,0.15,1,1.5,-9.55,28.72,-9.0,-11.57,3.09,-2.26,1.14,-2.32,-0.6,26.0,-4.26,0.0,-0.004,-0.03,0.9212,1
43.55,TRAIN_M03_LADAKH_FAULT01_OVERHEAT,TRAIN,LADAKH,DESCENT_RECOVERY,5090.4,2094.8,56.0,78.85,119.63,78.89,78.82,791.54,791.18,791.29,791.18,4.12,93.3,7.31,3.0,40.93,0.743,14.05,3.37,LANE_A,19393.0,-20.7,80.0,0.15,1,1.5,-9.6,28.68,-9.06,-11.63,3.26,-2.1,1.01,-2.1,-0.61,25.88,-4.16,-0.03,0.03,-0.05,0.921,1
43.6,TRAIN_M03_LADAKH_FAULT01_OVERHEAT,TRAIN,LADAKH,DESCENT_RECOVERY,5087.8,2093.7,56.0,78.83,119.62,78.87,78.81,791.39,791.5,790.99,791.51,4.1,93.41,7.27,3.0,40.94,0.723,14.06,3.04,LANE_A,19387.0,-20.7,80.0,0.15,1,1.5,-9.58,28.71,-9.04,-11.6,3.11,-1.78,0.71,-1.77,-0.63,26.02,-4.2,-0.03,0.011,-0.04,0.9212,1
43.65,TRAIN_M03_LADAKH_FAULT01_OVERHEAT,TRAIN,LADAKH,DESCENT_RECOVERY,5083.1,2091.8,56.0,78.81,119.62,78.85,78.79,791.0,791.1,790.64,791.68,4.11,93.37,7.33,3.0,40.85,0.697,14.07,3.26,LANE_A,19380.0,-20.7,80.0,0.15,1,1.5,-9.54,28.77,-9.0,-11.56,2.72,-2.18,0.36,-1.6,-0.62,26.03,-4.13,-0.13,-0.015,-0.03,0.9215,1
43.7,TRAIN_M03_LADAKH_FAULT01_OVERHEAT,TRAIN,LADAKH,DESCENT_RECOVERY,5089.9,2094.6,56.0,78.79,119.61,78.84,78.78,791.0,791.08,791.0,791.76,4.12,93.38,7.25,3.0,41.04,0.737,14.06,2.95,LANE_A,19373.0,-20.7,80.0,0.15,1,1.5,-9.66,28.66,-9.11,-11.67,2.72,-2.2,0.72,-1.52,-0.61,25.96,-4.23,0.05,0.024,-0.04,0.9209,1
43.75,TRAIN_M03_LADAKH_FAULT01_OVERHEAT,TRAIN,LADAKH,DESCENT_RECOVERY,5086.0,2093.0,56.0,78.77,119.6,78.82,78.76,791.31,791.3,791.16,791.48,4.09,93.38,7.38,3.0,41.06,0.698,14.08,3.14,LANE_A,19367.0,-20.7,80.0,0.15,1,1.5,-9.63,28.7,-9.08,-11.64,3.03,-1.98,0.88,-1.8,-0.64,26.0,-4.09,0.07,-0.014,-0.02,0.9211,1
43.8,TRAIN_M03_LADAKH_FAULT01_OVERHEAT,TRAIN,LADAKH,DESCENT_RECOVERY,5080.2,2090.6,56.0,78.76,119.59,78.8,78.74,791.51,791.53,791.3,791.83,4.14,93.29,7.3,3.0,41.01,0.681,14.06,3.14,LANE_A,19360.0,-20.6,80.0,0.15,1,1.5,-9.65,28.68,-9.11,-11.67,3.22,-1.76,1.01,-1.46,-0.59,25.88,-4.16,0.01,-0.03,-0.04,0.9209,1
43.85,TRAIN_M03_LADAKH_FAULT01_OVERHEAT,TRAIN,LADAKH,DESCENT_RECOVERY,5080.0,2090.5,56.0,78.74,119.59,78.78,78.72,791.48,791.26,791.68,791.66,4.11,93.13,7.22,3.0,41.08,0.645,14.05,3.08,LANE_A,19353.0,-20.6,80.0,0.15,1,1.5,-9.67,28.68,-9.13,-11.69,3.19,-2.03,1.39,-1.63,-0.62,25.72,-4.24,0.07,-0.066,-0.05,0.921,1
43.9,TRAIN_M03_LADAKH_FAULT01_OVERHEAT,TRAIN,LADAKH,DESCENT_RECOVERY,5084.6,2092.4,56.0,78.73,119.58,78.76,78.71,791.43,791.55,791.45,791.45,4.11,93.02,7.11,3.0,41.18,0.699,14.09,3.18,LANE_A,19347.0,-20.6,80.0,0.15,1,1.5,-9.75,28.6,-9.22,-11.77,3.14,-1.74,1.16,-1.84,-0.62,25.55,-4.37,0.16,-0.013,-0.01,0.9206,1
43.95,TRAIN_M03_LADAKH_FAULT01_OVERHEAT,TRAIN,LADAKH,DESCENT_RECOVERY,5083.9,2092.1,56.0,78.71,119.57,78.74,78.7,791.49,791.38,791.4,791.75,4.12,93.01,7.2,3.0,41.24,0.718,14.05,3.13,LANE_A,19340.0,-20.6,80.0,0.15,1,1.5,-9.77,28.59,-9.24,-11.78,3.2,-1.91,1.11,-1.54,-0.61,25.55,-4.28,0.21,0.006,-0.05,0.9204,1
44.0,TRAIN_M03_LADAKH_FAULT01_OVERHEAT,TRAIN,LADAKH,DESCENT_RECOVERY,5087.7,2093.7,56.0,78.7,119.57,78.73,78.68,791.01,791.22,791.42,791.89,4.14,92.78,7.24,3.0,41.07,0.727,14.08,3.12,LANE_A,19333.0,-20.6,80.0,0.15,1,1.5,-9.84,28.53,-9.31,-11.86,2.72,-2.07,1.13,-1.4,-0.59,25.27,-4.25,0.03,0.015,-0.02,0.9199,1
44.05,TRAIN_M03_LADAKH_FAULT01_OVERHEAT,TRAIN,LADAKH,DESCENT_RECOVERY,5090.2,2094.7,56.0,78.69,119.56,78.71,78.67,791.04,791.17,791.21,791.67,4.14,92.74,7.21,3.0,41.14,0.794,14.08,3.24,LANE_A,19327.0,-20.6,80.0,0.15,1,1.5,-9.89,28.48,-9.37,-11.91,2.75,-2.12,0.92,-1.62,-0.59,25.2,-4.29,0.1,0.081,-0.02,0.9197,1
44.1,TRAIN_M03_LADAKH_FAULT01_OVERHEAT,TRAIN,LADAKH,DESCENT_RECOVERY,5085.2,2092.7,56.0,78.67,119.55,78.69,78.65,791.15,791.32,791.66,791.91,4.14,92.91,7.2,3.0,41.03,0.689,14.06,3.19,LANE_A,19320.0,-20.6,80.0,0.15,1,1.5,-9.84,28.54,-9.32,-11.86,2.86,-1.97,1.37,-1.38,-0.59,25.42,-4.29,-0.02,-0.023,-0.04,0.9201,1
44.15,TRAIN_M03_LADAKH_FAULT01_OVERHEAT,TRAIN,LADAKH,DESCENT_RECOVERY,5088.7,2094.1,56.0,78.65,119.54,78.68,78.63,791.41,791.18,791.64,791.69,4.15,92.9,7.22,3.0,41.08,0.764,14.07,3.06,LANE_A,19313.0,-20.6,80.0,0.15,1,1.5,-9.91,28.48,-9.38,-11.93,3.12,-2.11,1.35,-1.6,-0.58,25.37,-4.28,0.02,0.051,-0.03,0.9197,1
44.2,TRAIN_M03_LADAKH_FAULT01_OVERHEAT,TRAIN,LADAKH,DESCENT_RECOVERY,5090.7,2094.9,56.0,78.64,119.54,78.66,78.61,791.23,791.14,791.4,791.52,4.11,92.75,7.18,3.0,41.0,0.764,14.07,3.43,LANE_A,19307.0,-20.5,80.0,0.15,1,1.5,-10.05,28.35,-9.53,-12.08,2.92,-2.17,1.09,-1.79,-0.62,25.1,-4.32,-0.07,0.051,-0.03,0.919,1
44.25,TRAIN_M03_LADAKH_FAULT01_OVERHEAT,TRAIN,LADAKH,DESCENT_RECOVERY,5091.0,2095.0,56.0,78.62,119.53,78.65,78.59,791.14,791.35,791.5,791.45,4.09,92.62,7.19,3.0,40.96,0.754,14.08,3.24,LANE_A,19300.0,-20.5,80.0,0.15,1,1.5,-10.08,28.33,-9.55,-12.11,2.83,-1.96,1.19,-1.86,-0.64,24.96,-4.32,-0.12,0.041,-0.02,0.9189,1
44.3,TRAIN_M03_LADAKH_FAULT01_OVERHEAT,TRAIN,LADAKH,DESCENT_RECOVERY,5090.1,2094.7,56.0,78.6,119.51,78.63,78.58,790.97,791.3,791.8,791.39,4.17,92.67,7.09,3.0,40.94,0.706,14.07,3.18,LANE_A,19293.0,-20.5,80.0,0.15,1,1.5,-10.09,28.32,-9.56,-12.11,2.66,-2.01,1.49,-1.92,-0.56,25.02,-4.42,-0.14,-0.007,-0.03,0.9187,1
44.35,TRAIN_M03_LADAKH_FAULT01_OVERHEAT,TRAIN,LADAKH,DESCENT_RECOVERY,5094.3,2096.4,56.0,78.58,119.5,78.62,78.56,791.05,791.41,791.82,790.94,4.16,92.69,7.16,3.0,40.96,0.702,14.09,3.16,LANE_A,19287.0,-20.5,80.0,0.15,1,1.5,-10.17,28.25,-9.63,-12.19,2.74,-1.9,1.51,-2.37,-0.57,24.99,-4.36,-0.13,-0.011,-0.01,0.9183,1
44.4,TRAIN_M03_LADAKH_FAULT01_OVERHEAT,TRAIN,LADAKH,DESCENT_RECOVERY,5094.7,2096.6,56.0,78.56,119.49,78.6,78.54,790.86,791.32,791.71,790.85,4.11,92.66,7.18,3.0,41.16,0.724,14.09,3.38,LANE_A,19280.0,-20.5,80.0,0.15,1,1.5,-10.2,28.23,-9.66,-12.22,2.55,-1.99,1.4,-2.46,-0.62,24.95,-4.35,0.06,0.011,-0.01,0.9182,1
44.45,TRAIN_M03_LADAKH_FAULT01_OVERHEAT,TRAIN,LADAKH,DESCENT_RECOVERY,5101.6,2099.4,56.0,78.55,119.48,78.59,78.53,790.93,791.28,792.03,791.07,4.15,92.63,7.15,3.0,41.15,0.632,14.08,3.17,LANE_A,19273.0,-20.5,80.0,0.15,1,1.5,-10.32,28.11,-9.78,-12.34,2.62,-2.03,1.72,-2.24,-0.58,24.84,-4.4,0.04,-0.082,-0.02,0.9175,1
44.5,TRAIN_M03_LADAKH_FAULT01_OVERHEAT,TRAIN,LADAKH,DESCENT_RECOVERY,5101.9,2099.5,56.0,78.53,119.48,78.57,78.5,790.41,791.24,791.87,791.29,4.09,92.58,7.12,3.0,41.31,0.789,14.1,3.09,LANE_A,19267.0,-20.5,80.0,0.15,1,1.5,-10.35,28.1,-9.81,-12.38,2.1,-2.07,1.56,-2.02,-0.64,24.78,-4.43,0.19,0.075,0.0,0.9176,1
44.55,TRAIN_M03_LADAKH_FAULT01_OVERHEAT,TRAIN,LADAKH,DESCENT_RECOVERY,5102.2,2099.7,56.0,78.51,119.47,78.55,78.49,790.5,791.5,792.1,791.43,4.17,92.58,7.15,3.0,41.32,0.722,14.08,3.33,LANE_A,19260.0,-20.5,80.0,0.15,1,1.5,-10.37,28.09,-9.83,-12.39,2.19,-1.81,1.79,-1.88,-0.56,24.77,-4.4,0.2,0.008,-0.02,0.9173,1
44.6,TRAIN_M03_LADAKH_FAULT01_OVERHEAT,TRAIN,LADAKH,DESCENT_RECOVERY,5098.4,2098.1,56.0,78.5,119.46,78.53,78.48,790.69,791.61,792.18,791.34,4.13,92.66,7.13,3.0,41.32,0.673,14.09,3.17,LANE_A,19253.0,-20.4,80.0,0.15,1,1.5,-10.43,28.03,-9.9,-12.45,2.37,-1.71,1.86,-1.98,-0.6,24.8,-4.41,0.19,-0.041,-0.01,0.917,1
44.65,TRAIN_M03_LADAKH_FAULT01_OVERHEAT,TRAIN,LADAKH,DESCENT_RECOVERY,5097.0,2097.5,56.0,78.49,119.45,78.52,78.47,790.82,791.6,791.9,791.3,4.16,92.47,7.12,3.0,41.35,0.736,14.06,3.09,LANE_A,19247.0,-20.4,80.0,0.15,1,1.5,-10.42,28.04,-9.89,-12.44,2.5,-1.72,1.58,-2.02,-0.57,24.62,-4.42,0.21,0.022,-0.04,0.917,1
44.7,TRAIN_M03_LADAKH_FAULT01_OVERHEAT,TRAIN,LADAKH,DESCENT_RECOVERY,5102.7,2099.9,56.0,78.47,119.44,78.5,78.44,790.92,791.48,791.39,791.36,4.12,92.41,7.13,3.0,41.18,0.71,14.05,3.14,LANE_A,19240.0,-20.4,80.0,0.15,1,1.5,-10.53,27.94,-10.0,-12.56,2.6,-1.84,1.07,-1.96,-0.61,24.49,-4.43,0.03,-0.005,-0.05,0.9164,1
44.75,TRAIN_M03_LADAKH_FAULT01_OVERHEAT,TRAIN,LADAKH,DESCENT_RECOVERY,5108.2,2102.1,56.0,78.46,119.44,78.49,78.42,790.96,791.67,791.42,791.18,4.11,92.4,7.28,3.0,41.26,0.753,14.07,3.22,LANE_A,19233.0,-20.4,80.0,0.15,1,1.5,-10.62,27.86,-10.09,-12.66,2.64,-1.65,1.1,-2.14,-0.62,24.41,-4.29,0.1,0.038,-0.03,0.9159,1
44.8,TRAIN_M03_LADAKH_FAULT01_OVERHEAT,TRAIN,LADAKH,DESCENT_RECOVERY,5109.9,2102.8,56.0,78.45,119.44,78.48,78.42,791.19,791.91,791.68,790.83,4.16,92.24,7.36,3.0,41.22,0.632,14.08,3.22,LANE_A,19227.0,-20.4,80.0,0.15,1,1.5,-10.66,27.83,-10.13,-12.69,2.87,-1.41,1.36,-2.49,-0.57,24.23,-4.22,0.06,-0.084,-0.02,0.9155,1
44.85,TRAIN_M03_LADAKH_FAULT01_OVERHEAT,TRAIN,LADAKH,DESCENT_RECOVERY,5104.5,2100.6,56.0,78.44,119.44,78.46,78.41,790.95,791.71,791.91,791.09,4.13,92.12,7.33,3.0,41.22,0.75,14.05,2.94,LANE_A,19220.0,-20.4,80.0,0.15,1,1.5,-10.6,27.9,-10.08,-12.63,2.63,-1.61,1.59,-2.23,-0.6,24.17,-4.24,0.05,0.035,-0.05,0.916,1
44.9,TRAIN_M03_LADAKH_FAULT01_OVERHEAT,TRAIN,LADAKH,DESCENT_RECOVERY,5107.4,2101.8,56.0,78.44,119.44,78.45,78.4,791.24,791.44,791.44,791.44,4.17,92.15,7.3,3.0,41.15,0.725,14.06,3.08,LANE_A,19213.0,-20.4,80.0,0.15,1,1.5,-10.64,27.86,-10.13,-12.68,2.92,-1.88,1.12,-1.88,-0.56,24.16,-4.28,-0.03,0.01,-0.04,0.9157,1
44.95,TRAIN_M03_LADAKH_FAULT01_OVERHEAT,TRAIN,LADAKH,DESCENT_RECOVERY,5102.9,2100.0,56.0,78.43,119.43,78.44,78.39,791.35,791.11,791.13,791.37,4.19,92.08,7.31,3.0,41.21,0.731,14.08,3.04,LANE_A,19207.0,-20.4,80.0,0.15,1,1.5,-10.59,27.91,-10.08,-12.63,3.03,-2.21,0.81,-1.95,-0.54,24.14,-4.27,0.02,0.016,-0.02,0.9159,1
