TIMESTAMP_SEC,MISSION_ID,SPLIT_TYPE,THEATER,FLIGHT_PHASE,ENGINE_RPM,PROP_RPM,TPS,CHT_1,CHT_2,CHT_3,CHT_4,EGT_1,EGT_2,EGT_3,EGT_4,OIL_PRESS,OIL_TEMP,FUEL_FLOW,FUEL_RAIL_P,MAP,VIB_GEARBOX_RMS,BUS_VOLTAGE,BATTERY_CURRENT,FADEC_ACTIVE_LANE,ALTITUDE_FT,OAT_C,TAS_KNOTS,HEALTH_INDEX,FAULT_ID,RUL_HOURS,RES_d_CHT_1,RES_d_CHT_2,RES_d_CHT_3,RES_d_CHT_4,RES_d_EGT_1,RES_d_EGT_2,RES_d_EGT_3,RES_d_EGT_4,RES_d_OIL_PRESS,RES_d_OIL_TEMP,RES_d_FUEL_FLOW,RES_d_MAP,RES_d_VIB_RMS,RES_d_BUS_VOLTAGE,RES_ANOMALY_SCORE,RES_IS_ANOMALY
0.0,TRAIN_M08_LADAKH_FAULT06_EGT_IMBAL,TRAIN,LADAKH,CLIMB,5171.6,2128.2,73.7,92.73,92.42,91.73,92.01,781.28,781.57,781.07,781.58,4.26,89.48,16.18,3.0,72.86,0.659,14.05,3.24,LANE_A,19400.0,-20.8,92.0,1.0,0,450.0,4.8,1.99,4.3,2.08,1.66,-3.05,-0.55,-3.04,-0.51,22.5,4.03,30.34,-0.065,-0.05,0.9682,1
0.05,TRAIN_M08_LADAKH_FAULT06_EGT_IMBAL,TRAIN,LADAKH,CLIMB,5187.2,2134.6,75.2,92.76,92.44,91.76,92.04,781.26,781.57,780.88,782.14,4.22,89.46,14.63,3.0,62.74,0.772,14.06,3.36,LANE_A,19408.0,-20.8,92.0,1.0,0,450.0,4.48,1.66,3.98,1.76,2.79,-1.9,0.41,-1.33,-0.56,22.19,2.4,20.1,0.045,-0.04,0.9018,1
0.1,TRAIN_M08_LADAKH_FAULT06_EGT_IMBAL,TRAIN,LADAKH,CLIMB,5213.7,2145.5,76.5,92.76,92.45,91.77,92.05,781.01,781.19,780.66,782.27,4.3,89.56,13.5,3.0,56.02,0.774,14.04,2.99,LANE_A,19415.0,-20.8,92.0,1.0,0,450.0,3.98,1.17,3.49,1.27,3.57,-1.25,1.22,-0.17,-0.48,21.9,1.17,13.28,0.043,-0.06,0.7928,1
0.15,TRAIN_M08_LADAKH_FAULT06_EGT_IMBAL,TRAIN,LADAKH,CLIMB,5244.7,2158.3,77.6,92.75,92.44,91.77,92.05,781.02,780.88,780.41,781.86,4.29,89.47,12.82,3.0,51.66,0.766,14.05,3.26,LANE_A,19422.0,-20.9,92.0,1.0,0,450.0,3.52,0.71,3.04,0.82,4.51,-0.63,1.9,0.35,-0.5,21.47,0.38,8.84,0.031,-0.05,0.7752,1
0.2,TRAIN_M08_LADAKH_FAULT06_EGT_IMBAL,TRAIN,LADAKH,CLIMB,5276.2,2171.3,78.5,92.73,92.42,91.76,92.03,780.64,780.53,780.2,781.58,4.32,89.45,12.3,3.0,48.78,0.747,14.08,3.19,LANE_A,19430.0,-20.9,92.0,1.0,0,450.0,2.96,0.15,2.49,0.26,4.89,-0.22,2.45,0.83,-0.48,21.01,-0.24,5.9,0.007,-0.02,0.7632,1
0.25,TRAIN_M08_LADAKH_FAULT06_EGT_IMBAL,TRAIN,LADAKH,CLIMB,5304.3,2182.8,79.3,92.7,92.39,91.74,92.01,780.27,780.36,779.98,781.3,4.3,89.48,11.85,3.0,46.93,0.727,14.08,3.13,LANE_A,19438.0,-20.9,92.0,1.0,0,450.0,2.44,-0.37,1.98,-0.25,5.21,0.3,2.92,1.24,-0.51,20.65,-0.78,3.99,-0.017,-0.02,0.7556,1
0.3,TRAIN_M08_LADAKH_FAULT06_EGT_IMBAL,TRAIN,LADAKH,CLIMB,5327.1,2192.2,80.0,92.66,92.37,91.71,91.98,779.91,779.86,779.54,780.44,4.35,89.44,11.49,3.0,45.73,0.759,14.04,3.05,LANE_A,19445.0,-20.9,92.0,1.0,0,450.0,2.0,-0.79,1.55,-0.68,5.47,0.42,3.1,1.0,-0.46,20.29,-1.22,2.74,0.012,-0.06,0.7484,1
0.35,TRAIN_M08_LADAKH_FAULT06_EGT_IMBAL,TRAIN,LADAKH,CLIMB,5351.7,2202.3,80.7,92.62,92.33,91.68,91.95,779.43,779.13,779.15,779.91,4.36,89.44,11.3,3.0,44.91,0.725,14.07,3.39,LANE_A,19452.0,-20.9,92.0,1.0,0,450.0,1.52,-1.27,1.08,-1.15,5.62,0.32,3.34,1.1,-0.46,19.94,-1.49,1.87,-0.026,-0.03,0.7423,1
0.4,TRAIN_M08_LADAKH_FAULT06_EGT_IMBAL,TRAIN,LADAKH,CLIMB,5378.9,2213.5,81.2,92.58,92.3,91.65,91.92,778.92,778.59,779.11,779.55,4.36,89.41,11.23,3.0,44.27,0.736,14.07,2.76,LANE_A,19460.0,-20.9,92.0,1.0,0,450.0,1.03,-1.75,0.6,-1.63,5.56,0.23,3.75,1.19,-0.47,19.55,-1.63,1.21,-0.019,-0.03,0.7357,1
0.45,TRAIN_M08_LADAKH_FAULT06_EGT_IMBAL,TRAIN,LADAKH,CLIMB,5391.9,2218.9,81.7,92.55,92.27,91.62,91.89,778.98,778.13,778.45,779.03,4.41,89.45,11.15,3.0,43.9,0.747,14.06,3.2,LANE_A,19468.0,-20.9,92.0,1.0,0,450.0,0.75,-2.03,0.32,-1.91,6.08,0.23,3.55,1.13,-0.42,19.39,-1.76,0.81,-0.01,-0.04,0.7326,1
0.5,TRAIN_M08_LADAKH_FAULT06_EGT_IMBAL,TRAIN,LADAKH,CLIMB,5403.7,2223.7,82.1,92.52,92.23,91.59,91.86,778.3,777.37,778.4,778.34,4.38,89.37,11.2,3.0,43.7,0.784,14.04,3.21,LANE_A,19475.0,-20.9,92.0,1.0,0,450.0,0.5,-2.29,0.07,-2.16,5.77,-0.16,3.87,0.81,-0.45,19.14,-1.75,0.58,0.025,-0.06,0.7286,1
0.55,TRAIN_M08_LADAKH_FAULT06_EGT_IMBAL,TRAIN,LADAKH,CLIMB,5407.9,2225.5,82.4,92.48,92.2,91.56,91.84,777.59,776.8,778.11,778.01,4.34,89.34,11.29,3.0,43.49,0.743,14.06,3.34,LANE_A,19482.0,-21.0,92.0,1.0,0,450.0,0.46,-2.32,0.04,-2.18,5.36,-0.43,3.88,0.78,-0.49,19.13,-1.68,0.36,-0.016,-0.04,0.7287,1
0.6,TRAIN_M08_LADAKH_FAULT06_EGT_IMBAL,TRAIN,LADAKH,CLIMB,5416.1,2228.8,82.7,92.45,92.17,91.53,91.81,777.07,776.72,777.83,777.54,4.34,89.44,11.39,3.0,43.37,0.705,14.07,3.07,LANE_A,19490.0,-21.0,92.0,1.0,0,450.0,0.28,-2.5,-0.14,-2.36,5.12,-0.23,3.88,0.59,-0.5,19.11,-1.61,0.23,-0.056,-0.03,0.7285,1
0.65,TRAIN_M08_LADAKH_FAULT06_EGT_IMBAL,TRAIN,LADAKH,CLIMB,5429.4,2234.3,83.0,92.42,92.14,91.51,91.78,776.78,776.4,777.03,777.3,4.35,89.37,11.38,3.0,43.19,0.81,14.06,3.09,LANE_A,19498.0,-21.0,92.0,1.0,0,450.0,0.02,-2.76,-0.39,-2.62,5.11,-0.27,3.36,0.63,-0.49,18.85,-1.66,0.04,0.047,-0.04,0.724,1
0.7,TRAIN_M08_LADAKH_FAULT06_EGT_IMBAL,TRAIN,LADAKH,CLIMB,5440.8,2239.0,83.2,92.39,92.11,91.48,91.75,776.61,776.08,776.79,777.34,4.41,89.38,11.38,3.0,43.12,0.8,14.05,3.23,LANE_A,19505.0,-21.0,92.0,1.0,0,450.0,-0.2,-2.98,-0.61,-2.84,5.13,-0.4,3.31,0.86,-0.43,18.71,-1.69,-0.04,0.036,-0.05,0.7209,1
0.75,TRAIN_M08_LADAKH_FAULT06_EGT_IMBAL,TRAIN,LADAKH,CLIMB,5452.1,2243.7,83.5,92.36,92.08,91.47,91.72,776.23,776.04,776.67,777.09,4.37,89.44,11.42,3.0,43.2,0.79,14.04,3.17,LANE_A,19512.0,-21.0,92.0,1.0,0,450.0,-0.43,-3.21,-0.82,-3.07,5.04,-0.15,3.48,0.9,-0.48,18.6,-1.68,0.03,0.024,-0.06,0.7198,1
0.8,TRAIN_M08_LADAKH_FAULT06_EGT_IMBAL,TRAIN,LADAKH,CLIMB,5460.9,2247.3,83.6,92.34,92.06,91.44,91.69,775.89,775.68,776.47,775.99,4.41,89.31,11.4,3.0,43.13,0.724,14.06,3.39,LANE_A,19520.0,-21.0,92.0,1.0,0,450.0,-0.6,-3.38,-1.0,-3.25,4.79,-0.42,3.37,-0.11,-0.44,18.36,-1.72,-0.03,-0.044,-0.04,0.7151,1
0.85,TRAIN_M08_LADAKH_FAULT06_EGT_IMBAL,TRAIN,LADAKH,CLIMB,5472.4,2252.0,83.8,92.31,92.03,91.42,91.67,775.89,775.42,776.28,775.54,4.43,89.43,11.49,3.0,43.11,0.796,14.06,3.18,LANE_A,19528.0,-21.0,92.0,1.0,0,450.0,-0.82,-3.6,-1.21,-3.46,4.99,-0.48,3.38,-0.36,-0.42,18.33,-1.66,-0.06,0.027,-0.04,0.7145,1
0.9,TRAIN_M08_LADAKH_FAULT06_EGT_IMBAL,TRAIN,LADAKH,CLIMB,5475.6,2253.3,84.0,92.29,92.01,91.41,91.65,776.1,775.14,775.97,775.45,4.37,89.37,11.55,3.0,43.01,0.744,14.08,3.32,LANE_A,19535.0,-21.1,92.0,1.0,0,450.0,-0.81,-3.59,-1.19,-3.45,5.4,-0.56,3.27,-0.25,-0.48,18.31,-1.62,-0.16,-0.026,-0.02,0.7148,1
0.95,TRAIN_M08_LADAKH_FAULT06_EGT_IMBAL,TRAIN,LADAKH,CLIMB,5493.1,2260.5,84.1,92.27,91.99,91.39,91.63,775.81,775.22,775.42,775.47,4.35,89.32,11.61,3.0,43.0,0.785,14.05,3.17,LANE_A,19542.0,-21.1,92.0,1.0,0,450.0,-1.11,-3.89,-1.49,-3.75,5.21,-0.38,2.82,-0.13,-0.51,18.03,-1.6,-0.17,0.013,-0.05,0.7105,1
1.0,TRAIN_M08_LADAKH_FAULT06_EGT_IMBAL,TRAIN,LADAKH,CLIMB,5503.5,2264.8,84.2,92.26,91.98,91.38,91.62,775.62,775.26,775.5,775.09,4.37,89.49,11.65,3.0,43.08,0.807,14.05,3.02,LANE_A,19550.0,-21.1,92.0,1.0,0,450.0,-1.29,-4.07,-1.67,-3.93,5.12,-0.24,3.0,-0.41,-0.49,18.07,-1.59,-0.08,0.033,-0.05,0.7112,1
1.05,TRAIN_M08_LADAKH_FAULT06_EGT_IMBAL,TRAIN,LADAKH,CLIMB,5503.1,2264.7,84.3,92.24,91.96,91.37,91.6,775.25,775.15,774.89,775.05,4.41,89.55,11.62,3.0,43.07,0.818,14.05,3.22,LANE_A,19558.0,-21.1,92.0,1.0,0,450.0,-1.31,-4.09,-1.68,-3.95,4.84,-0.26,2.48,-0.36,-0.45,18.13,-1.61,-0.09,0.044,-0.05,0.7119,1
1.1,TRAIN_M08_LADAKH_FAULT06_EGT_IMBAL,TRAIN,LADAKH,CLIMB,5503.9,2265.0,84.4,92.22,91.94,91.35,91.59,775.22,774.66,774.39,774.81,4.42,89.55,11.51,3.0,42.89,0.75,14.08,3.1,LANE_A,19565.0,-21.1,92.0,1.0,0,450.0,-1.35,-4.13,-1.72,-3.98,4.91,-0.65,2.08,-0.5,-0.44,18.11,-1.73,-0.26,-0.024,-0.02,0.7116,1
1.15,TRAIN_M08_LADAKH_FAULT06_EGT_IMBAL,TRAIN,LADAKH,CLIMB,5501.8,2264.1,84.5,92.2,91.92,91.33,91.57,775.07,774.57,774.75,774.76,4.38,89.63,11.64,3.0,43.1,0.817,14.07,3.12,LANE_A,19572.0,-21.1,92.0,1.0,0,450.0,-1.35,-4.13,-1.72,-3.98,4.86,-0.64,2.54,-0.45,-0.48,18.21,-1.59,-0.05,0.043,-0.03,0.7138,1
1.2,TRAIN_M08_LADAKH_FAULT06_EGT_IMBAL,TRAIN,LADAKH,CLIMB,5508.7,2266.9,84.6,92.18,91.9,91.32,91.56,774.91,774.4,774.65,774.76,4.43,89.52,11.62,3.0,43.25,0.738,14.06,3.09,LANE_A,19580.0,-21.1,92.0,1.0,0,450.0,-1.48,-4.26,-1.84,-4.1,4.79,-0.72,2.53,-0.36,-0.43,18.01,-1.63,0.11,-0.037,-0.04,0.7096,1
1.25,TRAIN_M08_LADAKH_FAULT06_EGT_IMBAL,TRAIN,LADAKH,CLIMB,5501.5,2264.0,84.7,92.16,91.88,91.31,91.54,774.86,774.21,773.92,774.52,4.36,89.58,11.61,3.0,43.32,0.76,14.05,3.25,LANE_A,19588.0,-21.1,92.0,1.0,0,450.0,-1.39,-4.17,-1.74,-4.01,4.84,-0.81,1.9,-0.5,-0.5,18.16,-1.62,0.18,-0.014,-0.05,0.7132,1
1.3,TRAIN_M08_LADAKH_FAULT06_EGT_IMBAL,TRAIN,LADAKH,CLIMB,5512.3,2268.4,84.8,92.14,91.86,91.3,91.52,774.45,773.75,773.54,774.02,4.37,89.53,11.54,3.0,43.19,0.757,14.05,3.11,LANE_A,19595.0,-21.2,92.0,1.0,0,450.0,-1.5,-4.28,-1.84,-4.12,4.54,-1.16,1.63,-0.89,-0.49,18.06,-1.72,0.06,-0.018,-0.05,0.7116,1
1.35,TRAIN_M08_LADAKH_FAULT06_EGT_IMBAL,TRAIN,LADAKH,CLIMB,5516.2,2270.0,84.8,92.11,91.85,91.28,91.5,774.14,773.42,773.64,773.84,4.46,89.52,11.62,3.0,43.13,0.767,14.02,3.12,LANE_A,19602.0,-21.2,92.0,1.0,0,450.0,-1.58,-4.34,-1.91,-4.19,4.23,-1.49,1.73,-1.07,-0.4,18.01,-1.65,0.01,-0.009,-0.08,0.7095,1
1.4,TRAIN_M08_LADAKH_FAULT06_EGT_IMBAL,TRAIN,LADAKH,CLIMB,5512.6,2268.5,84.9,92.1,91.83,91.27,91.49,773.54,773.06,773.51,773.79,4.4,89.33,11.66,3.0,43.1,0.687,14.07,3.07,LANE_A,19610.0,-21.2,92.0,1.0,0,450.0,-1.54,-4.31,-1.87,-4.15,3.73,-1.75,1.7,-1.02,-0.46,17.86,-1.6,-0.02,-0.088,-0.03,0.7073,1
1.45,TRAIN_M08_LADAKH_FAULT06_EGT_IMBAL,TRAIN,LADAKH,CLIMB,5518.7,2271.1,85.0,92.09,91.82,91.26,91.48,773.55,773.55,773.52,773.25,4.41,89.14,11.75,3.0,43.25,0.727,14.06,3.22,LANE_A,19618.0,-21.2,92.0,1.0,0,450.0,-1.65,-4.42,-1.98,-4.26,3.84,-1.16,1.81,-1.46,-0.46,17.58,-1.52,0.14,-0.049,-0.04,0.7019,1
1.5,TRAIN_M08_LADAKH_FAULT06_EGT_IMBAL,TRAIN,LADAKH,CLIMB,5517.9,2270.7,85.0,92.07,91.81,91.25,91.47,773.49,773.23,773.34,773.11,4.42,89.29,11.74,3.0,43.27,0.722,14.03,3.18,LANE_A,19625.0,-21.2,92.0,1.0,0,450.0,-1.66,-4.42,-1.98,-4.26,3.78,-1.48,1.63,-1.6,-0.45,17.75,-1.52,0.17,-0.054,-0.07,0.7051,1
1.55,TRAIN_M08_LADAKH_FAULT06_EGT_IMBAL,TRAIN,LADAKH,CLIMB,5522.7,2272.7,85.1,92.05,91.8,91.24,91.45,772.93,772.88,773.51,772.66,4.43,89.24,11.79,3.0,43.21,0.724,14.06,3.1,LANE_A,19632.0,-21.2,92.0,1.0,0,450.0,-1.76,-4.51,-2.07,-4.36,3.32,-1.73,1.9,-1.95,-0.44,17.63,-1.49,0.11,-0.053,-0.04,0.7027,1
1.6,TRAIN_M08_LADAKH_FAULT06_EGT_IMBAL,TRAIN,LADAKH,CLIMB,5526.7,2274.4,85.1,92.04,91.79,91.23,91.44,772.75,772.51,773.25,772.64,4.38,89.26,11.78,3.0,43.19,0.745,14.07,3.19,LANE_A,19640.0,-21.2,92.0,1.0,0,450.0,-1.83,-4.58,-2.14,-4.43,3.14,-2.1,1.64,-1.97,-0.49,17.61,-1.5,0.11,-0.033,-0.03,0.7032,1
1.65,TRAIN_M08_LADAKH_FAULT06_EGT_IMBAL,TRAIN,LADAKH,CLIMB,5527.4,2274.7,85.2,92.03,91.78,91.23,91.44,772.94,772.45,773.21,772.82,4.43,89.1,11.82,3.0,43.21,0.815,14.03,3.23,LANE_A,19648.0,-21.3,92.0,1.0,0,450.0,-1.76,-4.51,-2.06,-4.35,3.44,-2.05,1.71,-1.68,-0.44,17.53,-1.47,0.13,0.037,-0.07,0.7007,1
1.7,TRAIN_M08_LADAKH_FAULT06_EGT_IMBAL,TRAIN,LADAKH,CLIMB,5527.9,2274.8,85.2,92.01,91.76,91.23,91.43,772.86,772.11,773.44,772.55,4.4,89.12,11.84,3.0,43.16,0.788,14.04,3.24,LANE_A,19655.0,-21.3,92.0,1.0,0,450.0,-1.78,-4.53,-2.06,-4.36,3.36,-2.39,1.94,-1.95,-0.47,17.54,-1.45,0.1,0.01,-0.06,0.7013,1
1.75,TRAIN_M08_LADAKH_FAULT06_EGT_IMBAL,TRAIN,LADAKH,CLIMB,5529.5,2275.5,85.3,92.0,91.75,91.22,91.42,772.84,771.87,773.02,772.75,4.45,89.08,11.83,3.0,43.23,0.802,14.06,3.49,LANE_A,19662.0,-21.3,92.0,1.0,0,450.0,-1.83,-4.58,-2.11,-4.41,3.44,-2.53,1.62,-1.65,-0.42,17.48,-1.46,0.17,0.024,-0.04,0.6996,1
1.8,TRAIN_M08_LADAKH_FAULT06_EGT_IMBAL,TRAIN,LADAKH,CLIMB,5537.4,2278.7,85.3,91.99,91.73,91.21,91.41,772.62,772.03,772.78,772.64,4.44,89.1,11.77,3.0,43.16,0.753,14.06,3.35,LANE_A,19670.0,-21.3,92.0,1.0,0,450.0,-1.96,-4.72,-2.24,-4.54,3.22,-2.37,1.38,-1.76,-0.43,17.4,-1.53,0.11,-0.026,-0.04,0.6986,1
1.85,TRAIN_M08_LADAKH_FAULT06_EGT_IMBAL,TRAIN,LADAKH,CLIMB,5541.6,2280.5,85.4,91.97,91.72,91.2,91.4,772.56,772.05,773.12,772.67,4.41,88.94,11.78,3.0,43.11,0.78,14.04,3.33,LANE_A,19678.0,-21.3,92.0,1.0,0,450.0,-2.05,-4.8,-2.32,-4.62,3.26,-2.25,1.82,-1.63,-0.46,17.19,-1.53,0.07,0.0,-0.06,0.6951,1
1.9,TRAIN_M08_LADAKH_FAULT06_EGT_IMBAL,TRAIN,LADAKH,CLIMB,5544.6,2281.7,85.4,91.97,91.72,91.2,91.4,772.34,772.02,772.94,772.36,4.4,88.94,11.95,3.0,43.11,0.733,14.06,3.28,LANE_A,19685.0,-21.3,92.0,1.0,0,450.0,-2.09,-4.84,-2.36,-4.66,3.04,-2.28,1.64,-1.94,-0.47,17.15,-1.37,0.08,-0.047,-0.04,0.6943,1
1.95,TRAIN_M08_LADAKH_FAULT06_EGT_IMBAL,TRAIN,LADAKH,CLIMB,5548.2,2283.2,85.4,91.95,91.71,91.19,91.4,772.5,772.24,773.1,772.39,4.46,88.93,11.9,3.0,43.08,0.785,14.04,2.99,LANE_A,19692.0,-21.3,92.0,1.0,0,450.0,-2.16,-4.9,-2.42,-4.71,3.2,-2.06,1.8,-1.91,-0.41,17.1,-1.42,0.06,0.004,-0.06,0.6926,1
2.0,TRAIN_M08_LADAKH_FAULT06_EGT_IMBAL,TRAIN,LADAKH,CLIMB,5547.2,2282.8,85.5,91.94,91.7,91.19,91.39,772.31,772.08,772.66,772.68,4.43,88.95,11.96,3.0,43.06,0.721,14.07,3.25,LANE_A,19700.0,-21.3,92.0,1.0,0,450.0,-2.16,-4.9,-2.41,-4.71,3.11,-2.12,1.46,-1.52,-0.44,17.13,-1.36,0.05,-0.06,-0.03,0.6935,1
2.05,TRAIN_M08_LADAKH_FAULT06_EGT_IMBAL,TRAIN,LADAKH,CLIMB,5544.5,2281.7,85.5,91.93,91.69,91.19,91.39,772.99,771.91,772.7,772.36,4.37,88.89,11.89,3.0,43.17,0.725,14.04,2.88,LANE_A,19708.0,-21.4,92.0,1.0,0,450.0,-2.03,-4.77,-2.27,-4.57,3.8,-2.28,1.51,-1.83,-0.51,17.2,-1.42,0.17,-0.055,-0.06,0.6959,1
2.1,TRAIN_M08_LADAKH_FAULT06_EGT_IMBAL,TRAIN,LADAKH,CLIMB,5549.0,2283.6,85.5,91.93,91.68,91.18,91.38,772.95,772.0,772.7,772.43,4.38,88.96,11.82,3.0,43.17,0.779,14.04,3.32,LANE_A,19715.0,-21.4,92.0,1.0,0,450.0,-2.1,-4.85,-2.35,-4.65,3.76,-2.19,1.51,-1.76,-0.5,17.22,-1.5,0.19,-0.002,-0.06,0.6964,1
2.15,TRAIN_M08_LADAKH_FAULT06_EGT_IMBAL,TRAIN,LADAKH,CLIMB,5551.7,2284.6,85.6,91.91,91.67,91.17,91.37,772.81,772.03,772.91,772.54,4.46,89.09,11.74,3.0,43.11,0.757,14.03,3.19,LANE_A,19722.0,-21.4,92.0,1.0,0,450.0,-2.17,-4.91,-2.41,-4.71,3.72,-2.06,1.82,-1.55,-0.42,17.31,-1.59,0.13,-0.024,-0.07,0.6973,1
2.2,TRAIN_M08_LADAKH_FAULT06_EGT_IMBAL,TRAIN,LADAKH,CLIMB,5556.4,2286.6,85.6,91.89,91.66,91.17,91.36,772.84,771.86,772.51,772.24,4.42,89.12,11.67,3.0,43.01,0.763,14.05,2.97,LANE_A,19730.0,-21.4,92.0,1.0,0,450.0,-2.26,-4.99,-2.48,-4.79,3.75,-2.23,1.42,-1.85,-0.46,17.28,-1.66,0.04,-0.019,-0.05,0.6976,1
2.25,TRAIN_M08_LADAKH_FAULT06_EGT_IMBAL,TRAIN,LADAKH,CLIMB,5565.7,2290.4,85.6,91.87,91.65,91.16,91.35,772.56,771.69,772.46,771.9,4.43,89.17,11.69,3.0,42.9,0.73,14.07,3.15,LANE_A,19738.0,-21.4,92.0,1.0,0,450.0,-2.42,-5.14,-2.63,-4.94,3.47,-2.4,1.37,-2.19,-0.45,17.22,-1.66,-0.05,-0.054,-0.03,0.6967,1
2.3,TRAIN_M08_LADAKH_FAULT06_EGT_IMBAL,TRAIN,LADAKH,CLIMB,5563.5,2289.5,85.7,91.87,91.63,91.15,91.34,772.49,771.55,772.37,772.2,4.41,89.13,11.78,3.0,42.99,0.766,14.04,3.33,LANE_A,19745.0,-21.4,92.0,1.0,0,450.0,-2.39,-5.13,-2.61,-4.92,3.5,-2.44,1.38,-1.79,-0.47,17.2,-1.57,0.04,-0.017,-0.06,0.6964,1
2.35,TRAIN_M08_LADAKH_FAULT06_EGT_IMBAL,TRAIN,LADAKH,CLIMB,5563.3,2289.4,85.7,91.86,91.63,91.15,91.34,772.54,771.64,772.22,772.35,4.42,89.13,11.8,3.0,42.88,0.778,14.06,3.05,LANE_A,19752.0,-21.4,92.0,1.0,0,450.0,-2.39,-5.12,-2.6,-4.91,3.55,-2.35,1.23,-1.64,-0.46,17.21,-1.54,-0.06,-0.005,-0.04,0.6963,1
2.4,TRAIN_M08_LADAKH_FAULT06_EGT_IMBAL,TRAIN,LADAKH,CLIMB,5564.1,2289.7,85.7,91.85,91.62,91.14,91.32,772.12,771.84,772.34,772.52,4.4,89.2,11.8,3.0,42.79,0.742,14.03,3.24,LANE_A,19760.0,-21.5,92.0,1.0,0,450.0,-2.32,-5.05,-2.53,-4.85,3.14,-2.14,1.36,-1.46,-0.48,17.37,-1.54,-0.13,-0.041,-0.07,0.6996,1
2.45,TRAIN_M08_LADAKH_FAULT06_EGT_IMBAL,TRAIN,LADAKH,CLIMB,5568.2,2291.5,85.7,91.84,91.62,91.13,91.32,772.08,771.75,772.47,772.15,4.45,89.27,11.87,3.0,42.87,0.734,14.05,3.17,LANE_A,19768.0,-21.5,92.0,1.0,0,450.0,-2.39,-5.11,-2.6,-4.91,3.1,-2.23,1.49,-1.83,-0.43,17.39,-1.48,-0.04,-0.05,-0.05,0.6993,1
2.5,TRAIN_M08_LADAKH_FAULT06_EGT_IMBAL,TRAIN,LADAKH,CLIMB,5570.9,2292.5,85.8,91.82,91.61,91.13,91.32,771.83,771.55,772.78,772.41,4.44,89.25,11.86,3.0,42.91,0.787,14.07,3.01,LANE_A,19775.0,-21.5,92.0,1.0,0,450.0,-2.46,-5.17,-2.65,-4.96,2.95,-2.33,1.9,-1.47,-0.44,17.33,-1.5,0.01,0.003,-0.03,0.6984,1
2.55,TRAIN_M08_LADAKH_FAULT06_EGT_IMBAL,TRAIN,LADAKH,CLIMB,5570.8,2292.5,85.8,91.81,91.6,91.12,91.31,771.67,771.45,772.65,772.21,4.45,89.27,11.85,3.0,42.95,0.81,14.05,3.17,LANE_A,19782.0,-21.5,92.0,1.0,0,450.0,-2.46,-5.17,-2.65,-4.96,2.79,-2.43,1.77,-1.67,-0.43,17.35,-1.5,0.06,0.026,-0.05,0.6987,1
2.6,TRAIN_M08_LADAKH_FAULT06_EGT_IMBAL,TRAIN,LADAKH,CLIMB,5568.0,2291.3,85.8,91.8,91.59,91.11,91.3,771.54,771.84,772.48,772.26,4.4,89.41,11.84,3.0,42.85,0.795,14.04,3.11,LANE_A,19790.0,-21.5,92.0,1.0,0,450.0,-2.42,-5.13,-2.61,-4.92,2.66,-2.04,1.6,-1.62,-0.48,17.53,-1.5,-0.03,0.011,-0.06,0.7028,1
2.65,TRAIN_M08_LADAKH_FAULT06_EGT_IMBAL,TRAIN,LADAKH,CLIMB,5570.1,2292.2,85.8,91.79,91.58,91.11,91.29,771.7,771.99,772.17,771.91,4.46,89.19,11.86,3.0,42.9,0.761,14.03,3.22,LANE_A,19798.0,-21.5,92.0,1.0,0,450.0,-2.46,-5.17,-2.64,-4.96,2.82,-1.89,1.29,-1.97,-0.42,17.29,-1.48,0.03,-0.023,-0.07,0.6973,1
2.7,TRAIN_M08_LADAKH_FAULT06_EGT_IMBAL,TRAIN,LADAKH,CLIMB,5570.7,2292.5,85.8,91.78,91.57,91.1,91.28,772.01,771.83,772.14,772.22,4.45,89.13,11.79,3.0,42.85,0.794,14.06,3.3,LANE_A,19805.0,-21.5,92.0,1.0,0,450.0,-2.47,-5.18,-2.65,-4.97,3.13,-2.05,1.26,-1.66,-0.43,17.23,-1.55,0.0,0.01,-0.04,0.6964,1
2.75,TRAIN_M08_LADAKH_FAULT06_EGT_IMBAL,TRAIN,LADAKH,CLIMB,5572.8,2293.3,85.9,91.78,91.57,91.09,91.27,772.35,771.95,772.11,772.15,4.44,89.23,11.84,3.0,43.01,0.795,14.07,3.32,LANE_A,19812.0,-21.6,92.0,1.0,0,450.0,-2.42,-5.13,-2.61,-4.93,3.59,-1.81,1.35,-1.61,-0.45,17.39,-1.51,0.16,0.01,-0.03,0.6997,1
2.8,TRAIN_M08_LADAKH_FAULT06_EGT_IMBAL,TRAIN,LADAKH,CLIMB,5579.0,2295.9,85.9,91.76,91.56,91.08,91.27,772.04,771.5,772.06,772.11,4.46,89.18,11.8,3.0,42.9,0.751,14.05,3.19,LANE_A,19820.0,-21.6,92.0,1.0,0,450.0,-2.53,-5.23,-2.71,-5.02,3.28,-2.26,1.3,-1.65,-0.43,17.26,-1.56,0.06,-0.035,-0.05,0.6972,1
2.85,TRAIN_M08_LADAKH_FAULT06_EGT_IMBAL,TRAIN,LADAKH,CLIMB,5580.1,2296.4,85.9,91.75,91.55,91.08,91.27,771.57,771.92,772.07,771.64,4.43,89.37,11.78,3.0,42.88,0.77,14.06,3.16,LANE_A,19828.0,-21.6,92.0,1.0,0,450.0,-2.56,-5.26,-2.73,-5.04,2.81,-1.84,1.31,-2.12,-0.46,17.44,-1.58,0.06,-0.016,-0.04,0.7012,1
2.9,TRAIN_M08_LADAKH_FAULT06_EGT_IMBAL,TRAIN,LADAKH,CLIMB,5581.9,2297.1,85.9,91.75,91.54,91.07,91.26,771.48,771.8,771.94,771.51,4.43,89.45,11.84,3.0,42.92,0.726,14.06,3.22,LANE_A,19835.0,-21.6,92.0,1.0,0,450.0,-2.58,-5.29,-2.76,-5.07,2.72,-1.96,1.18,-2.25,-0.46,17.51,-1.52,0.11,-0.06,-0.04,0.7026,1
2.95,TRAIN_M08_LADAKH_FAULT06_EGT_IMBAL,TRAIN,LADAKH,CLIMB,5567.4,2291.1,85.9,91.73,91.53,91.07,91.25,771.89,771.9,771.86,771.76,4.41,89.36,11.85,3.0,42.76,0.766,14.05,3.35,LANE_A,19842.0,-21.6,92.0,1.0,0,450.0,-2.37,-5.07,-2.53,-4.85,3.13,-1.86,1.1,-2.0,-0.47,17.6,-1.47,-0.04,-0.018,-0.05,0.7038,1
3.0,TRAIN_M08_LADAKH_FAULT06_EGT_IMBAL,TRAIN,LADAKH,CLIMB,5563.9,2289.7,85.9,91.72,91.53,91.06,91.25,772.09,771.94,771.59,772.02,4.46,89.42,11.85,3.0,42.69,0.791,14.04,3.22,LANE_A,19850.0,-21.6,92.0,1.0,0,450.0,-2.32,-5.01,-2.48,-4.79,3.33,-1.82,0.83,-1.74,-0.42,17.71,-1.46,-0.09,0.008,-0.06,0.705,1
3.05,TRAIN_M08_LADAKH_FAULT06_EGT_IMBAL,TRAIN,LADAKH,CLIMB,5573.2,2293.5,85.9,91.71,91.52,91.06,91.24,772.06,771.99,771.66,771.94,4.43,89.28,11.91,3.0,42.76,0.707,14.06,3.28,LANE_A,19858.0,-21.6,92.0,1.0,0,450.0,-2.47,-5.16,-2.62,-4.94,3.3,-1.77,0.9,-1.82,-0.46,17.46,-1.41,-0.01,-0.078,-0.04,0.7012,1
3.1,TRAIN_M08_LADAKH_FAULT06_EGT_IMBAL,TRAIN,LADAKH,CLIMB,5569.1,2291.8,85.9,91.7,91.51,91.05,91.24,772.02,771.91,771.37,771.82,4.43,89.42,11.94,3.0,42.83,0.793,14.07,3.1,LANE_A,19865.0,-21.6,92.0,1.0,0,450.0,-2.41,-5.1,-2.56,-4.87,3.26,-1.85,0.61,-1.94,-0.46,17.65,-1.37,0.07,0.009,-0.03,0.7045,1
3.15,TRAIN_M08_LADAKH_FAULT06_EGT_IMBAL,TRAIN,LADAKH,CLIMB,5566.5,2290.8,86.0,91.7,91.51,91.05,91.23,772.06,771.8,771.5,772.02,4.5,89.45,11.92,3.0,42.64,0.781,14.05,3.05,LANE_A,19872.0,-21.7,92.0,1.0,0,450.0,-2.28,-4.97,-2.43,-4.75,3.41,-1.85,0.85,-1.63,-0.39,17.8,-1.39,-0.11,-0.003,-0.05,0.7061,1
3.2,TRAIN_M08_LADAKH_FAULT06_EGT_IMBAL,TRAIN,LADAKH,CLIMB,5574.0,2293.8,86.0,91.7,91.5,91.05,91.23,771.73,771.67,771.71,771.77,4.42,89.6,11.87,3.0,42.66,0.813,14.05,3.2,LANE_A,19880.0,-21.7,92.0,1.0,0,450.0,-2.4,-5.1,-2.55,-4.87,3.08,-1.98,1.06,-1.88,-0.47,17.86,-1.45,-0.08,0.028,-0.05,0.7088,1
3.25,TRAIN_M08_LADAKH_FAULT06_EGT_IMBAL,TRAIN,LADAKH,CLIMB,5571.7,2292.9,86.0,91.68,91.49,91.04,91.22,771.5,771.53,771.87,771.71,4.45,89.55,11.85,3.0,42.68,0.737,14.07,3.38,LANE_A,19888.0,-21.7,92.0,1.0,0,450.0,-2.37,-5.06,-2.51,-4.83,2.85,-2.12,1.22,-1.94,-0.44,17.85,-1.46,-0.05,-0.048,-0.03,0.7081,1
3.3,TRAIN_M08_LADAKH_FAULT06_EGT_IMBAL,TRAIN,LADAKH,CLIMB,5575.5,2294.5,86.0,91.67,91.48,91.04,91.22,771.35,771.58,771.53,771.95,4.43,89.38,11.78,3.0,42.84,0.739,14.05,3.15,LANE_A,19895.0,-21.7,92.0,1.0,0,450.0,-2.44,-5.13,-2.57,-4.89,2.7,-2.07,0.88,-1.7,-0.46,17.63,-1.54,0.13,-0.046,-0.05,0.7045,1
3.35,TRAIN_M08_LADAKH_FAULT06_EGT_IMBAL,TRAIN,LADAKH,CLIMB,5573.6,2293.7,86.0,91.66,91.48,91.04,91.21,771.13,771.69,771.62,771.94,4.39,89.41,11.76,3.0,42.73,0.753,14.05,3.04,LANE_A,19902.0,-21.7,92.0,1.0,0,450.0,-2.41,-5.09,-2.53,-4.86,2.48,-1.96,0.97,-1.71,-0.5,17.69,-1.55,0.03,-0.032,-0.05,0.7061,1
3.4,TRAIN_M08_LADAKH_FAULT06_EGT_IMBAL,TRAIN,LADAKH,CLIMB,5578.8,2295.8,86.0,91.65,91.47,91.04,91.21,771.15,771.1,771.6,771.81,4.41,89.51,11.84,3.0,42.79,0.714,14.06,3.23,LANE_A,19910.0,-21.7,92.0,1.0,0,450.0,-2.5,-5.18,-2.61,-4.94,2.5,-2.55,0.95,-1.84,-0.48,17.73,-1.48,0.1,-0.072,-0.04,0.7068,1
3.45,TRAIN_M08_LADAKH_FAULT06_EGT_IMBAL,TRAIN,LADAKH,CLIMB,5571.7,2292.9,86.0,91.64,91.45,91.03,91.2,771.35,771.08,771.44,771.76,4.41,89.48,11.77,3.0,42.76,0.834,14.04,3.36,LANE_A,19918.0,-21.7,92.0,1.0,0,450.0,-2.39,-5.08,-2.5,-4.83,2.7,-2.57,0.79,-1.89,-0.48,17.79,-1.53,0.09,0.049,-0.06,0.7077,1
3.5,TRAIN_M08_LADAKH_FAULT06_EGT_IMBAL,TRAIN,LADAKH,CLIMB,5568.4,2291.5,86.0,91.63,91.44,91.02,91.2,770.85,771.52,771.58,772.14,4.42,89.5,11.85,3.0,42.76,0.744,14.04,3.13,LANE_A,19925.0,-21.8,92.0,1.0,0,450.0,-2.25,-4.94,-2.36,-4.68,2.22,-2.11,0.95,-1.49,-0.47,17.95,-1.44,0.1,-0.04,-0.06,0.71,1
3.55,TRAIN_M08_LADAKH_FAULT06_EGT_IMBAL,TRAIN,LADAKH,CLIMB,5571.0,2292.6,86.0,91.62,91.44,91.02,91.2,770.79,771.03,771.79,772.13,4.41,89.52,11.97,3.0,42.73,0.725,14.06,3.2,LANE_A,19932.0,-21.8,92.0,1.0,0,450.0,-2.3,-4.98,-2.4,-4.72,2.16,-2.6,1.16,-1.5,-0.48,17.94,-1.32,0.08,-0.06,-0.04,0.7099,1
3.6,TRAIN_M08_LADAKH_FAULT06_EGT_IMBAL,TRAIN,LADAKH,CLIMB,5572.8,2293.3,86.0,91.61,91.44,91.02,91.19,770.59,771.09,771.79,772.02,4.38,89.6,12.02,3.0,42.69,0.79,14.06,3.24,LANE_A,19940.0,-21.8,92.0,1.0,0,450.0,-2.33,-5.0,-2.42,-4.75,1.96,-2.54,1.16,-1.61,-0.51,18.0,-1.27,0.05,0.005,-0.04,0.7114,1
3.65,TRAIN_M08_LADAKH_FAULT06_EGT_IMBAL,TRAIN,LADAKH,CLIMB,5584.2,2298.0,86.0,91.6,91.43,91.02,91.19,770.72,770.9,771.78,771.89,4.39,89.59,12.03,3.0,42.67,0.757,14.05,3.3,LANE_A,19948.0,-21.8,92.0,1.0,0,450.0,-2.52,-5.19,-2.6,-4.93,2.09,-2.73,1.15,-1.74,-0.5,17.86,-1.28,0.05,-0.03,-0.05,0.7091,1
3.7,TRAIN_M08_LADAKH_FAULT06_EGT_IMBAL,TRAIN,LADAKH,CLIMB,5590.4,2300.6,86.0,91.6,91.43,91.02,91.19,771.02,770.68,771.62,771.95,4.41,89.6,12.05,3.0,42.82,0.814,14.03,3.34,LANE_A,19955.0,-21.8,92.0,1.0,0,450.0,-2.61,-5.28,-2.69,-5.02,2.39,-2.95,0.99,-1.68,-0.48,17.79,-1.28,0.21,0.026,-0.07,0.7078,1
3.75,TRAIN_M08_LADAKH_FAULT06_EGT_IMBAL,TRAIN,LADAKH,CLIMB,5588.3,2299.7,86.0,91.6,91.43,91.02,91.19,770.98,771.3,771.79,771.78,4.4,89.66,12.06,3.0,42.48,0.705,14.08,3.18,LANE_A,19962.0,-21.8,92.0,1.0,0,450.0,-2.57,-5.24,-2.65,-4.98,2.35,-2.33,1.16,-1.85,-0.49,17.88,-1.26,-0.12,-0.082,-0.02,0.7096,1
3.8,TRAIN_M08_LADAKH_FAULT06_EGT_IMBAL,TRAIN,LADAKH,CLIMB,5589.3,2300.1,85.9,91.59,91.42,91.02,91.19,771.18,771.46,771.71,771.99,4.34,89.8,12.01,3.0,42.44,0.753,14.04,3.06,LANE_A,19970.0,-21.8,92.0,1.0,0,450.0,-2.58,-5.25,-2.65,-4.98,2.45,-2.27,0.98,-1.74,-0.55,18.02,-1.3,-0.14,-0.034,-0.06,0.7131,1
3.85,TRAIN_M08_LADAKH_FAULT06_EGT_IMBAL,TRAIN,LADAKH,CLIMB,5585.5,2298.6,85.9,91.59,91.43,91.02,91.18,771.57,771.43,771.69,771.85,4.43,89.81,11.94,3.0,42.41,0.748,14.08,3.06,LANE_A,19978.0,-21.9,92.0,1.0,0,450.0,-2.42,-5.08,-2.49,-4.83,2.85,-2.29,0.97,-1.87,-0.46,18.18,-1.36,-0.15,-0.039,-0.02,0.7144,1
3.9,TRAIN_M08_LADAKH_FAULT06_EGT_IMBAL,TRAIN,LADAKH,CLIMB,5571.6,2292.8,85.9,91.58,91.41,91.02,91.18,771.75,771.12,771.62,772.0,4.38,89.86,11.92,3.0,42.4,0.809,14.04,3.37,LANE_A,19985.0,-21.9,92.0,1.0,0,450.0,-2.21,-4.88,-2.27,-4.61,3.03,-2.6,0.9,-1.72,-0.51,18.41,-1.35,-0.15,0.024,-0.06,0.7189,1
3.95,TRAIN_M08_LADAKH_FAULT06_EGT_IMBAL,TRAIN,LADAKH,CLIMB,5577.5,2295.3,85.9,91.57,91.41,91.02,91.18,771.79,771.1,771.81,772.47,4.46,89.88,11.94,3.0,42.56,0.752,14.05,3.12,LANE_A,19992.0,-21.9,92.0,1.0,0,450.0,-2.31,-4.97,-2.36,-4.7,3.07,-2.62,1.09,-1.25,-0.43,18.36,-1.34,0.02,-0.034,-0.05,0.7171,1
4.0,TRAIN_M08_LADAKH_FAULT06_EGT_IMBAL,TRAIN,LADAKH,CRUISE_LOITER,5577.2,2295.1,84.1,91.57,91.4,91.02,91.17,772.21,770.84,772.02,772.77,4.39,89.93,11.76,3.0,42.53,0.826,14.05,3.39,LANE_A,20079.0,-22.0,89.0,1.0,0,450.0,-2.81,-5.48,-2.86,-5.21,1.75,-4.62,-0.44,-2.69,-0.5,18.03,-1.4,0.27,0.041,-0.05,0.7134,1
4.05,TRAIN_M08_LADAKH_FAULT06_EGT_IMBAL,TRAIN,LADAKH,CRUISE_LOITER,5575.2,2294.3,82.6,91.56,91.4,91.01,91.17,772.42,771.21,772.17,773.25,4.43,90.0,11.64,3.0,42.44,0.777,14.08,3.04,LANE_A,20080.0,-22.0,89.0,1.0,0,450.0,-2.6,-5.26,-2.65,-4.99,0.53,-5.68,-1.72,-3.64,-0.46,18.27,-1.46,0.29,-0.008,-0.02,0.7169,1
4.1,TRAIN_M08_LADAKH_FAULT06_EGT_IMBAL,TRAIN,LADAKH,CRUISE_LOITER,5571.6,2292.8,81.3,91.55,91.39,91.0,91.17,773.21,771.7,772.72,773.53,4.44,90.07,11.63,3.0,42.32,0.826,14.04,3.37,LANE_A,20081.0,-22.0,89.0,1.0,0,450.0,-2.4,-5.06,-2.45,-4.78,0.11,-6.4,-2.38,-4.57,-0.45,18.51,-1.41,0.27,0.041,-0.06,0.7207,1
4.15,TRAIN_M08_LADAKH_FAULT06_EGT_IMBAL,TRAIN,LADAKH,CRUISE_LOITER,5560.1,2288.1,80.2,91.54,91.38,90.99,91.16,773.77,772.0,773.23,773.98,4.45,89.9,11.41,3.0,42.13,0.637,14.06,3.16,LANE_A,20081.0,-22.1,89.0,1.0,0,450.0,-2.01,-4.67,-2.06,-4.39,-0.31,-7.08,-2.85,-5.1,-0.44,18.68,-1.57,0.16,-0.146,-0.04,0.7236,1
4.2,TRAIN_M08_LADAKH_FAULT06_EGT_IMBAL,TRAIN,LADAKH,CRUISE_LOITER,5548.2,2283.2,79.2,91.52,91.36,90.97,91.14,774.29,772.85,774.1,774.6,4.42,89.9,11.25,3.0,41.97,0.776,14.0,3.14,LANE_A,20082.0,-22.1,89.0,1.0,0,450.0,-1.73,-4.39,-1.78,-4.11,-0.67,-7.11,-2.86,-5.36,-0.47,18.92,-1.67,0.08,-0.005,-0.1,0.7276,1
4.25,TRAIN_M08_LADAKH_FAULT06_EGT_IMBAL,TRAIN,LADAKH,CRUISE_LOITER,5529.8,2275.6,78.4,91.49,91.34,90.95,91.11,774.75,773.75,774.83,775.12,4.41,90.03,11.14,3.0,41.85,0.824,14.05,2.97,LANE_A,20083.0,-22.1,89.0,1.0,0,450.0,-1.38,-4.03,-1.42,-3.76,-0.9,-6.9,-2.82,-5.53,-0.47,19.35,-1.71,0.02,0.046,-0.05,0.7345,1
4.3,TRAIN_M08_LADAKH_FAULT06_EGT_IMBAL,TRAIN,LADAKH,CRUISE_LOITER,5518.3,2270.9,77.7,91.47,91.31,90.93,91.09,775.39,774.42,775.49,775.68,4.33,90.0,10.99,3.0,41.82,0.781,14.05,3.39,LANE_A,20084.0,-22.1,89.0,1.0,0,450.0,-1.14,-3.8,-1.18,-3.52,-0.86,-6.83,-2.76,-5.57,-0.55,19.53,-1.81,0.04,0.005,-0.05,0.7385,1
4.35,TRAIN_M08_LADAKH_FAULT06_EGT_IMBAL,TRAIN,LADAKH,CRUISE_LOITER,5501.7,2264.1,77.1,91.43,91.28,90.9,91.07,776.04,775.54,776.17,775.94,4.37,90.0,10.78,3.0,41.85,0.773,14.07,3.01,LANE_A,20085.0,-22.1,89.0,1.0,0,450.0,-0.86,-3.51,-0.89,-3.22,-0.71,-6.21,-2.58,-5.81,-0.51,19.79,-1.96,0.12,-0.001,-0.03,0.7423,1
4.4,TRAIN_M08_LADAKH_FAULT06_EGT_IMBAL,TRAIN,LADAKH,CRUISE_LOITER,5491.3,2259.8,76.6,91.4,91.25,90.87,91.04,776.66,776.17,776.43,776.14,4.4,89.99,10.79,3.0,41.79,0.75,14.07,3.28,LANE_A,20086.0,-22.1,88.9,1.0,0,450.0,-0.71,-3.36,-0.74,-3.07,-0.5,-5.99,-2.73,-6.02,-0.48,19.93,-1.91,0.1,-0.022,-0.03,0.744,1
4.45,TRAIN_M08_LADAKH_FAULT06_EGT_IMBAL,TRAIN,LADAKH,CRUISE_LOITER,5481.5,2255.8,76.2,91.36,91.21,90.83,91.01,776.98,777.05,776.88,776.93,4.37,90.12,10.56,3.0,41.73,0.777,14.06,3.1,LANE_A,20087.0,-22.1,88.9,1.0,0,450.0,-0.55,-3.2,-0.58,-2.9,-0.5,-5.43,-2.6,-5.55,-0.5,20.21,-2.1,0.07,0.006,-0.04,0.749,1
4.5,TRAIN_M08_LADAKH_FAULT06_EGT_IMBAL,TRAIN,LADAKH,CRUISE_LOITER,5472.8,2252.2,75.8,91.32,91.16,90.79,90.97,777.32,777.64,777.45,777.68,4.33,90.34,10.51,3.0,41.76,0.778,14.04,3.12,LANE_A,20088.0,-22.1,88.9,1.0,0,450.0,-0.42,-3.08,-0.45,-2.77,-0.48,-5.16,-2.35,-5.12,-0.54,20.57,-2.11,0.13,0.009,-0.06,0.7553,1
4.55,TRAIN_M08_LADAKH_FAULT06_EGT_IMBAL,TRAIN,LADAKH,CRUISE_LOITER,5457.9,2246.1,75.5,91.28,91.11,90.76,90.93,778.2,778.41,777.85,778.31,4.36,90.22,10.42,3.0,41.64,0.761,14.07,3.11,LANE_A,20089.0,-22.1,88.9,1.0,0,450.0,-0.2,-2.87,-0.22,-2.55,0.16,-4.63,-2.19,-4.73,-0.51,20.66,-2.16,0.03,-0.006,-0.03,0.7562,1
4.6,TRAIN_M08_LADAKH_FAULT06_EGT_IMBAL,TRAIN,LADAKH,CRUISE_LOITER,5451.8,2243.5,75.2,91.22,91.07,90.71,90.88,778.94,778.63,778.57,778.82,4.4,90.2,10.31,3.0,41.6,0.777,14.04,3.39,LANE_A,20090.0,-22.1,88.9,1.0,0,450.0,-0.13,-2.78,-0.14,-2.47,0.66,-4.65,-1.71,-4.46,-0.47,20.74,-2.25,0.02,0.011,-0.06,0.7571,1
4.65,TRAIN_M08_LADAKH_FAULT06_EGT_IMBAL,TRAIN,LADAKH,CRUISE_LOITER,5449.5,2242.6,75.0,91.18,91.02,90.68,90.84,779.14,779.21,778.4,779.35,4.35,90.28,10.24,3.0,41.66,0.76,14.06,3.46,LANE_A,20091.0,-22.1,88.9,1.0,0,450.0,-0.12,-2.78,-0.12,-2.46,0.71,-4.22,-2.03,-4.08,-0.52,20.86,-2.3,0.09,-0.006,-0.04,0.7597,1
4.7,TRAIN_M08_LADAKH_FAULT06_EGT_IMBAL,TRAIN,LADAKH,CRUISE_LOITER,5438.2,2237.9,74.8,91.13,90.97,90.63,90.79,779.22,779.88,779.04,779.71,4.3,90.31,10.12,3.0,41.72,0.812,14.03,3.36,LANE_A,20092.0,-22.1,88.9,1.0,0,450.0,0.03,-2.63,0.03,-2.31,0.63,-3.71,-1.55,-3.88,-0.56,21.05,-2.39,0.17,0.048,-0.07,0.7633,1
4.75,TRAIN_M08_LADAKH_FAULT06_EGT_IMBAL,TRAIN,LADAKH,CRUISE_LOITER,5435.6,2236.9,74.6,91.07,90.92,90.58,90.73,779.39,780.07,779.33,779.84,4.37,90.45,10.0,3.0,41.83,0.767,14.07,3.25,LANE_A,20093.0,-22.1,88.9,1.0,0,450.0,0.03,-2.62,0.04,-2.31,0.65,-3.67,-1.41,-3.9,-0.49,21.24,-2.5,0.3,0.003,-0.03,0.7655,1
4.8,TRAIN_M08_LADAKH_FAULT06_EGT_IMBAL,TRAIN,LADAKH,CRUISE_LOITER,5429.5,2234.3,74.5,91.02,90.87,90.53,90.68,779.76,780.35,779.71,780.15,4.32,90.49,9.92,3.0,41.73,0.8,14.05,3.5,LANE_A,20094.0,-22.1,88.9,1.0,0,450.0,0.08,-2.57,0.09,-2.26,0.94,-3.47,-1.11,-3.67,-0.54,21.36,-2.56,0.2,0.037,-0.05,0.7681,1
4.85,TRAIN_M08_LADAKH_FAULT06_EGT_IMBAL,TRAIN,LADAKH,CRUISE_LOITER,5425.0,2232.5,74.4,90.97,90.81,90.48,90.63,780.02,780.55,780.46,780.27,4.34,90.49,9.93,3.0,41.59,0.767,14.06,3.08,LANE_A,20095.0,-22.1,88.9,1.0,0,450.0,0.11,-2.55,0.12,-2.23,1.12,-3.35,-0.44,-3.63,-0.52,21.42,-2.53,0.07,0.005,-0.04,0.7686,1
4.9,TRAIN_M08_LADAKH_FAULT06_EGT_IMBAL,TRAIN,LADAKH,CRUISE_LOITER,5418.1,2229.7,74.3,90.92,90.76,90.43,90.57,780.41,780.82,780.55,780.09,4.33,90.52,9.97,3.0,41.58,0.711,14.08,3.43,LANE_A,20096.0,-22.1,88.9,1.0,0,450.0,0.17,-2.49,0.18,-2.18,1.44,-3.15,-0.42,-3.88,-0.53,21.54,-2.48,0.07,-0.05,-0.02,0.7705,1
4.95,TRAIN_M08_LADAKH_FAULT06_EGT_IMBAL,TRAIN,LADAKH,CRUISE_LOITER,5415.8,2228.7,74.2,90.86,90.7,90.38,90.52,780.86,780.85,780.98,780.14,4.34,90.51,10.02,3.0,41.75,0.779,14.04,2.88,LANE_A,20096.0,-22.1,88.9,1.0,0,450.0,0.16,-2.5,0.18,-2.18,1.81,-3.2,-0.07,-3.91,-0.52,21.57,-2.42,0.25,0.018,-0.06,0.7707,1
5.0,TRAIN_M08_LADAKH_FAULT06_EGT_IMBAL,TRAIN,LADAKH,CRUISE_LOITER,5418.8,2230.0,74.1,90.81,90.65,90.34,90.48,781.05,781.14,781.42,780.05,4.38,90.5,9.99,3.0,41.77,0.755,14.05,3.32,LANE_A,20097.0,-22.1,88.9,1.0,0,450.0,0.07,-2.59,0.1,-2.26,1.93,-2.98,0.3,-4.07,-0.48,21.53,-2.45,0.28,-0.006,-0.05,0.7697,1
5.05,TRAIN_M08_LADAKH_FAULT06_EGT_IMBAL,TRAIN,LADAKH,CRUISE_LOITER,5422.8,2231.6,74.1,90.76,90.6,90.29,90.43,781.28,781.05,781.59,780.34,4.36,90.47,9.92,3.0,41.63,0.784,14.05,3.21,LANE_A,20098.0,-22.1,88.9,1.0,0,450.0,-0.04,-2.7,-0.01,-2.37,2.16,-3.07,0.47,-3.78,-0.5,21.45,-2.53,0.14,0.022,-0.05,0.769,1
5.1,TRAIN_M08_LADAKH_FAULT06_EGT_IMBAL,TRAIN,LADAKH,CRUISE_LOITER,5422.5,2231.5,74.0,90.7,90.55,90.24,90.37,781.44,780.87,781.41,780.62,4.34,90.5,9.93,3.0,41.4,0.752,14.06,3.01,LANE_A,20099.0,-22.1,88.9,1.0,0,450.0,-0.08,-2.73,-0.04,-2.41,2.24,-3.33,0.21,-3.58,-0.52,21.5,-2.51,-0.08,-0.01,-0.04,0.7699,1
5.15,TRAIN_M08_LADAKH_FAULT06_EGT_IMBAL,TRAIN,LADAKH,CRUISE_LOITER,5418.6,2229.9,74.0,90.65,90.5,90.19,90.33,781.6,780.68,781.52,780.62,4.37,90.55,9.92,3.0,41.38,0.704,14.04,3.35,LANE_A,20100.0,-22.1,88.9,1.0,0,450.0,-0.07,-2.72,-0.03,-2.39,2.4,-3.52,0.32,-3.58,-0.49,21.59,-2.51,-0.1,-0.057,-0.06,0.771,1
5.2,TRAIN_M08_LADAKH_FAULT06_EGT_IMBAL,TRAIN,LADAKH,CRUISE_LOITER,5421.2,2231.0,73.9,90.6,90.45,90.14,90.28,781.56,781.07,781.92,780.95,4.35,90.61,9.93,3.0,41.41,0.767,14.09,3.25,LANE_A,20101.0,-22.1,88.9,1.0,0,450.0,-0.15,-2.8,-0.11,-2.47,2.29,-3.2,0.65,-3.32,-0.51,21.63,-2.51,-0.06,0.006,-0.01,0.7718,1
5.25,TRAIN_M08_LADAKH_FAULT06_EGT_IMBAL,TRAIN,LADAKH,CRUISE_LOITER,5412.5,2227.4,73.9,90.55,90.39,90.1,90.23,781.94,781.24,782.05,781.13,4.36,90.48,9.89,3.0,41.43,0.785,14.04,3.14,LANE_A,20102.0,-22.1,88.8,1.0,0,450.0,-0.1,-2.76,-0.05,-2.42,2.67,-3.03,0.78,-3.14,-0.5,21.58,-2.53,-0.04,0.025,-0.06,0.771,1
5.3,TRAIN_M08_LADAKH_FAULT06_EGT_IMBAL,TRAIN,LADAKH,CRUISE_LOITER,5407.1,2225.1,73.9,90.49,90.35,90.05,90.18,781.93,781.5,781.94,781.11,4.34,90.42,9.87,3.0,41.49,0.758,14.05,3.19,LANE_A,20103.0,-22.1,88.8,1.0,0,450.0,-0.07,-2.71,-0.01,-2.38,2.66,-2.77,0.67,-3.16,-0.51,21.59,-2.53,0.02,-0.001,-0.05,0.7712,1
5.35,TRAIN_M08_LADAKH_FAULT06_EGT_IMBAL,TRAIN,LADAKH,CRUISE_LOITER,5410.5,2226.6,73.9,90.44,90.3,90.01,90.13,781.75,781.47,782.34,781.11,4.32,90.45,9.89,3.0,41.46,0.764,14.07,3.04,LANE_A,20104.0,-22.1,88.8,1.0,0,450.0,-0.17,-2.81,-0.1,-2.48,2.48,-2.8,1.07,-3.16,-0.54,21.58,-2.52,-0.01,0.004,-0.03,0.7714,1
5.4,TRAIN_M08_LADAKH_FAULT06_EGT_IMBAL,TRAIN,LADAKH,CRUISE_LOITER,5406.5,2224.9,73.9,90.39,90.26,89.96,90.08,781.44,781.54,782.65,781.38,4.28,90.44,9.96,3.0,41.51,0.707,14.07,3.26,LANE_A,20105.0,-22.1,88.8,1.0,0,450.0,-0.16,-2.79,-0.09,-2.47,2.17,-2.73,1.38,-2.89,-0.57,21.62,-2.44,0.05,-0.052,-0.03,0.7722,1
5.45,TRAIN_M08_LADAKH_FAULT06_EGT_IMBAL,TRAIN,LADAKH,CRUISE_LOITER,5399.6,2222.1,73.9,90.34,90.21,89.92,90.04,781.49,781.53,783.24,781.29,4.29,90.46,9.93,3.0,41.5,0.677,14.05,3.09,LANE_A,20106.0,-22.1,88.8,1.0,0,450.0,-0.11,-2.74,-0.03,-2.41,2.22,-2.74,1.97,-2.98,-0.56,21.72,-2.45,0.04,-0.081,-0.05,0.7736,1
5.5,TRAIN_M08_LADAKH_FAULT06_EGT_IMBAL,TRAIN,LADAKH,CRUISE_LOITER,5396.5,2220.8,73.9,90.29,90.16,89.87,89.99,781.71,781.98,783.11,781.24,4.32,90.46,9.97,3.0,41.49,0.789,14.08,3.46,LANE_A,20106.0,-22.1,88.8,1.0,0,450.0,-0.11,-2.74,-0.03,-2.41,2.44,-2.29,1.84,-3.03,-0.53,21.76,-2.41,0.03,0.031,-0.02,0.7737,1
5.55,TRAIN_M08_LADAKH_FAULT06_EGT_IMBAL,TRAIN,LADAKH,CRUISE_LOITER,5393.2,2219.4,73.9,90.25,90.11,89.83,89.94,781.68,782.06,782.91,781.49,4.31,90.46,10.01,3.0,41.43,0.771,14.05,3.37,LANE_A,20107.0,-22.1,88.8,1.0,0,450.0,-0.1,-2.74,-0.02,-2.41,2.41,-2.21,1.64,-2.78,-0.54,21.8,-2.36,-0.03,0.014,-0.05,0.7743,1
5.6,TRAIN_M08_LADAKH_FAULT06_EGT_IMBAL,TRAIN,LADAKH,CRUISE_LOITER,5383.6,2215.5,73.9,90.19,90.07,89.79,89.89,782.04,781.98,782.95,781.72,4.33,90.56,9.97,3.0,41.41,0.763,14.06,2.96,LANE_A,20108.0,-22.1,88.8,1.0,0,450.0,-0.02,-2.64,0.08,-2.32,2.77,-2.29,1.68,-2.55,-0.52,22.01,-2.38,-0.05,0.007,-0.04,0.7772,1
5.65,TRAIN_M08_LADAKH_FAULT06_EGT_IMBAL,TRAIN,LADAKH,CRUISE_LOITER,5383.6,2215.5,73.9,90.14,90.03,89.74,89.84,782.39,781.91,782.52,781.72,4.32,90.58,9.96,3.0,41.24,0.725,14.06,3.25,LANE_A,20109.0,-22.1,88.8,1.0,0,450.0,-0.07,-2.68,0.03,-2.37,3.12,-2.36,1.25,-2.55,-0.53,22.03,-2.39,-0.22,-0.031,-0.04,0.7776,1
5.7,TRAIN_M08_LADAKH_FAULT06_EGT_IMBAL,TRAIN,LADAKH,CRUISE_LOITER,5383.6,2215.5,73.9,90.1,89.98,89.7,89.8,782.5,781.68,782.52,781.81,4.28,90.68,9.97,3.0,41.22,0.709,14.06,3.24,LANE_A,20110.0,-22.1,88.8,1.0,0,450.0,-0.11,-2.73,-0.01,-2.41,3.23,-2.59,1.25,-2.46,-0.57,22.13,-2.38,-0.24,-0.047,-0.04,0.7796,1
5.75,TRAIN_M08_LADAKH_FAULT06_EGT_IMBAL,TRAIN,LADAKH,CRUISE_LOITER,5378.7,2213.5,73.9,90.05,89.93,89.66,89.75,782.19,781.8,782.32,781.79,4.33,90.79,9.98,3.0,41.27,0.738,14.08,3.13,LANE_A,20111.0,-22.1,88.8,1.0,0,450.0,-0.08,-2.7,0.03,-2.38,2.92,-2.47,1.05,-2.48,-0.52,22.3,-2.35,-0.18,-0.017,-0.02,0.7814,1
5.8,TRAIN_M08_LADAKH_FAULT06_EGT_IMBAL,TRAIN,LADAKH,CRUISE_LOITER,5375.1,2212.0,73.9,90.0,89.88,89.61,89.71,782.17,782.01,782.11,782.07,4.34,90.69,9.92,3.0,41.29,0.787,14.01,3.0,LANE_A,20112.0,-22.1,88.8,1.0,0,450.0,-0.08,-2.7,0.03,-2.37,2.9,-2.26,0.84,-2.2,-0.51,22.25,-2.41,-0.16,0.033,-0.09,0.7807,1
5.85,TRAIN_M08_LADAKH_FAULT06_EGT_IMBAL,TRAIN,LADAKH,CRUISE_LOITER,5378.3,2213.3,73.9,89.95,89.83,89.56,89.66,781.95,781.71,782.45,782.4,4.25,90.83,9.93,3.0,41.4,0.738,14.07,3.17,LANE_A,20113.0,-22.1,88.8,1.0,0,450.0,-0.18,-2.8,-0.07,-2.47,2.68,-2.56,1.18,-1.87,-0.6,22.35,-2.4,-0.05,-0.017,-0.03,0.7831,1
5.9,TRAIN_M08_LADAKH_FAULT06_EGT_IMBAL,TRAIN,LADAKH,CRUISE_LOITER,5382.9,2215.2,73.9,89.9,89.79,89.52,89.61,781.75,781.41,782.51,782.27,4.33,90.99,9.86,3.0,41.52,0.799,14.06,3.01,LANE_A,20114.0,-22.1,88.8,1.0,0,450.0,-0.29,-2.9,-0.17,-2.58,2.48,-2.86,1.24,-2.0,-0.52,22.45,-2.48,0.07,0.043,-0.04,0.7839,1
5.95,TRAIN_M08_LADAKH_FAULT06_EGT_IMBAL,TRAIN,LADAKH,CRUISE_LOITER,5389.7,2218.0,73.9,89.85,89.74,89.47,89.56,782.01,781.72,782.47,782.15,4.27,90.9,9.73,3.0,41.46,0.71,14.07,3.09,LANE_A,20115.0,-22.1,88.8,1.0,0,450.0,-0.45,-3.06,-0.33,-2.74,2.74,-2.55,1.2,-2.12,-0.58,22.28,-2.63,0.01,-0.047,-0.03,0.7825,1
6.0,TRAIN_M08_LADAKH_FAULT06_EGT_IMBAL,TRAIN,LADAKH,CRUISE_LOITER,5384.7,2215.9,73.9,89.8,89.69,89.43,89.51,782.14,781.74,782.48,781.9,4.29,90.97,9.9,3.0,41.48,0.712,14.08,2.98,LANE_A,20115.0,-22.1,88.7,1.0,0,450.0,-0.45,-3.06,-0.32,-2.74,2.87,-2.53,1.21,-2.37,-0.56,22.39,-2.45,0.03,-0.044,-0.02,0.7835,1
6.05,TRAIN_M08_LADAKH_FAULT06_EGT_IMBAL,TRAIN,LADAKH,CRUISE_LOITER,5379.8,2213.9,73.9,89.75,89.65,89.38,89.46,782.0,781.89,782.33,781.68,4.33,91.04,9.81,3.0,41.51,0.727,14.08,3.37,LANE_A,20116.0,-22.1,88.7,1.0,0,450.0,-0.42,-3.02,-0.29,-2.71,2.73,-2.38,1.06,-2.59,-0.52,22.52,-2.52,0.06,-0.028,-0.02,0.785,1
6.1,TRAIN_M08_LADAKH_FAULT06_EGT_IMBAL,TRAIN,LADAKH,CRUISE_LOITER,5377.1,2212.8,73.9,89.7,89.6,89.34,89.41,782.16,781.55,782.47,781.6,4.24,91.05,9.75,3.0,41.56,0.742,14.09,3.25,LANE_A,20117.0,-22.1,88.7,1.0,0,450.0,-0.43,-3.03,-0.29,-2.72,2.89,-2.72,1.2,-2.67,-0.61,22.56,-2.58,0.11,-0.013,-0.01,0.7867,1
6.15,TRAIN_M08_LADAKH_FAULT06_EGT_IMBAL,TRAIN,LADAKH,CRUISE_LOITER,5380.7,2214.3,73.9,89.65,89.55,89.29,89.37,782.09,781.4,782.37,781.62,4.28,91.05,9.82,3.0,41.55,0.713,14.06,3.05,LANE_A,20118.0,-22.1,88.7,1.0,0,450.0,-0.54,-3.14,-0.4,-2.82,2.82,-2.87,1.1,-2.65,-0.57,22.52,-2.52,0.11,-0.042,-0.04,0.7857,1
6.2,TRAIN_M08_LADAKH_FAULT06_EGT_IMBAL,TRAIN,LADAKH,CRUISE_LOITER,5378.0,2213.2,73.9,89.6,89.5,89.25,89.32,782.01,781.92,782.04,781.88,4.26,91.08,9.83,3.0,41.66,0.721,14.06,3.34,LANE_A,20119.0,-22.1,88.7,1.0,0,450.0,-0.55,-3.15,-0.4,-2.83,2.74,-2.35,0.77,-2.39,-0.59,22.58,-2.5,0.22,-0.034,-0.04,0.7867,1
6.25,TRAIN_M08_LADAKH_FAULT06_EGT_IMBAL,TRAIN,LADAKH,CRUISE_LOITER,5377.2,2212.8,74.0,89.56,89.46,89.2,89.27,782.06,781.92,781.82,781.74,4.31,91.02,9.85,3.0,41.52,0.752,14.05,3.36,LANE_A,20120.0,-22.1,88.7,1.0,0,450.0,-0.58,-3.18,-0.44,-2.87,2.86,-2.28,0.62,-2.46,-0.54,22.53,-2.48,0.07,-0.003,-0.05,0.7854,1
6.3,TRAIN_M08_LADAKH_FAULT06_EGT_IMBAL,TRAIN,LADAKH,CRUISE_LOITER,5367.9,2209.0,74.0,89.51,89.41,89.16,89.23,781.92,782.25,781.79,781.95,4.29,91.15,9.78,3.0,41.52,0.792,14.05,3.53,LANE_A,20121.0,-22.1,88.7,1.0,0,450.0,-0.49,-3.09,-0.34,-2.77,2.72,-1.95,0.59,-2.25,-0.55,22.77,-2.53,0.07,0.039,-0.05,0.7889,1
6.35,TRAIN_M08_LADAKH_FAULT06_EGT_IMBAL,TRAIN,LADAKH,CRUISE_LOITER,5375.8,2212.3,74.0,89.47,89.36,89.11,89.18,782.12,782.16,782.05,781.91,4.26,91.31,9.87,3.0,41.49,0.713,14.04,3.01,LANE_A,20122.0,-22.1,88.7,1.0,0,450.0,-0.65,-3.26,-0.51,-2.94,2.92,-2.04,0.85,-2.29,-0.59,22.83,-2.46,0.04,-0.042,-0.06,0.7902,1
6.4,TRAIN_M08_LADAKH_FAULT06_EGT_IMBAL,TRAIN,LADAKH,CRUISE_LOITER,5377.9,2213.1,74.0,89.42,89.32,89.07,89.14,782.06,781.74,781.99,781.95,4.28,91.23,9.87,3.0,41.49,0.735,14.06,3.08,LANE_A,20122.0,-22.1,88.7,1.0,0,450.0,-0.73,-3.33,-0.58,-3.01,2.86,-2.46,0.79,-2.25,-0.57,22.73,-2.46,0.04,-0.02,-0.04,0.7886,1
6.45,TRAIN_M08_LADAKH_FAULT06_EGT_IMBAL,TRAIN,LADAKH,CRUISE_LOITER,5375.2,2212.0,74.0,89.38,89.27,89.03,89.09,781.94,782.09,781.8,781.83,4.28,91.22,9.82,3.0,41.51,0.72,14.07,3.14,LANE_A,20123.0,-22.1,88.7,1.0,0,450.0,-0.73,-3.34,-0.58,-3.02,2.74,-2.11,0.6,-2.37,-0.57,22.75,-2.5,0.07,-0.034,-0.03,0.789,1
6.5,TRAIN_M08_LADAKH_FAULT06_EGT_IMBAL,TRAIN,LADAKH,CRUISE_LOITER,5376.7,2212.6,74.0,89.33,89.22,88.98,89.04,782.17,781.99,782.01,782.19,4.27,91.19,9.77,3.0,41.34,0.722,14.07,3.39,LANE_A,20124.0,-22.1,88.7,1.0,0,450.0,-0.8,-3.41,-0.65,-3.09,2.97,-2.21,0.81,-2.01,-0.58,22.7,-2.56,-0.1,-0.033,-0.03,0.7885,1
6.55,TRAIN_M08_LADAKH_FAULT06_EGT_IMBAL,TRAIN,LADAKH,CRUISE_LOITER,5387.6,2217.1,74.0,89.29,89.18,88.94,89.0,782.22,782.13,781.74,782.04,4.33,91.19,9.82,3.0,41.39,0.731,14.07,2.9,LANE_A,20125.0,-22.1,88.7,1.0,0,450.0,-1.01,-3.62,-0.86,-3.3,3.02,-2.07,0.54,-2.16,-0.52,22.57,-2.53,-0.05,-0.025,-0.03,0.7862,1
6.6,TRAIN_M08_LADAKH_FAULT06_EGT_IMBAL,TRAIN,LADAKH,CRUISE_LOITER,5384.2,2215.7,74.0,89.24,89.13,88.91,88.95,782.3,781.78,781.68,782.06,4.31,91.25,9.89,3.0,41.46,0.781,14.06,3.38,LANE_A,20126.0,-22.1,88.7,1.0,0,450.0,-1.0,-3.61,-0.83,-3.29,3.1,-2.42,0.48,-2.14,-0.54,22.68,-2.45,0.02,0.025,-0.04,0.7878,1
6.65,TRAIN_M08_LADAKH_FAULT06_EGT_IMBAL,TRAIN,LADAKH,CRUISE_LOITER,5384.1,2215.7,74.0,89.19,89.09,88.86,88.91,782.39,781.99,781.5,782.38,4.35,91.32,9.77,3.0,41.54,0.721,14.02,3.13,LANE_A,20127.0,-22.1,88.7,1.0,0,450.0,-1.05,-3.65,-0.88,-3.33,3.19,-2.21,0.3,-1.82,-0.5,22.75,-2.57,0.1,-0.035,-0.08,0.7887,1
6.7,TRAIN_M08_LADAKH_FAULT06_EGT_IMBAL,TRAIN,LADAKH,CRUISE_LOITER,5382.8,2215.2,74.0,89.14,89.05,88.82,88.87,782.39,782.0,781.68,782.03,4.3,91.26,9.8,3.0,41.55,0.73,14.06,3.5,LANE_A,20128.0,-22.1,88.6,1.0,0,450.0,-1.11,-3.7,-0.93,-3.38,3.19,-2.2,0.48,-2.17,-0.55,22.68,-2.54,0.11,-0.026,-0.04,0.7882,1
6.75,TRAIN_M08_LADAKH_FAULT06_EGT_IMBAL,TRAIN,LADAKH,CRUISE_LOITER,5383.9,2215.6,74.1,89.1,89.01,88.78,88.83,782.05,781.93,781.97,782.07,4.26,91.35,9.85,3.0,41.63,0.724,14.06,3.59,LANE_A,20129.0,-22.1,88.6,1.0,0,450.0,-1.17,-3.76,-0.99,-3.44,2.93,-2.19,0.85,-2.05,-0.59,22.75,-2.49,0.19,-0.032,-0.04,0.7895,1
6.8,TRAIN_M08_LADAKH_FAULT06_EGT_IMBAL,TRAIN,LADAKH,CRUISE_LOITER,5385.1,2216.1,74.1,89.06,88.97,88.74,88.8,781.75,782.18,782.27,781.97,4.31,91.27,9.91,3.0,41.61,0.763,14.05,3.3,LANE_A,20129.0,-22.1,88.6,1.0,0,450.0,-1.23,-3.82,-1.05,-3.49,2.63,-1.94,1.15,-2.15,-0.54,22.66,-2.44,0.17,0.007,-0.05,0.7877,1
6.85,TRAIN_M08_LADAKH_FAULT06_EGT_IMBAL,TRAIN,LADAKH,CRUISE_LOITER,5382.9,2215.2,74.1,89.02,88.93,88.71,88.76,781.74,782.39,782.27,782.21,4.27,91.25,9.98,3.0,41.6,0.847,14.05,2.75,LANE_A,20130.0,-22.1,88.6,1.0,0,450.0,-1.24,-3.83,-1.05,-3.5,2.62,-1.73,1.15,-1.91,-0.58,22.66,-2.36,0.16,0.091,-0.05,0.7881,1
6.9,TRAIN_M08_LADAKH_FAULT06_EGT_IMBAL,TRAIN,LADAKH,CRUISE_LOITER,5381.1,2214.4,74.1,88.98,88.89,88.66,88.72,781.92,782.34,782.09,782.35,4.3,91.27,9.92,3.0,41.6,0.752,14.06,2.87,LANE_A,20131.0,-22.1,88.6,1.0,0,450.0,-1.25,-3.84,-1.07,-3.51,2.8,-1.78,0.97,-1.77,-0.55,22.71,-2.42,0.16,-0.003,-0.04,0.7885,1
6.95,TRAIN_M08_LADAKH_FAULT06_EGT_IMBAL,TRAIN,LADAKH,CRUISE_LOITER,5376.6,2212.6,74.1,88.94,88.86,88.63,88.69,782.04,782.18,782.34,782.13,4.28,91.25,9.86,3.0,41.57,0.746,14.02,3.36,LANE_A,20132.0,-22.1,88.6,1.0,0,450.0,-1.22,-3.8,-1.03,-3.47,2.92,-1.94,1.22,-1.99,-0.57,22.74,-2.46,0.13,-0.009,-0.08,0.7892,1
7.0,TRAIN_M08_LADAKH_FAULT06_EGT_IMBAL,TRAIN,LADAKH,CRUISE_LOITER,5374.3,2211.7,74.1,88.89,88.81,88.59,88.65,781.84,782.15,782.22,782.17,4.25,91.26,9.87,3.0,41.64,0.806,14.06,3.17,LANE_A,20133.0,-22.1,88.6,1.0,0,450.0,-1.24,-3.82,-1.04,-3.48,2.72,-1.97,1.1,-1.95,-0.59,22.78,-2.45,0.2,0.052,-0.04,0.7899,1
7.05,TRAIN_M08_LADAKH_FAULT06_EGT_IMBAL,TRAIN,LADAKH,CRUISE_LOITER,5370.9,2210.2,74.1,88.84,88.77,88.54,88.61,781.81,782.3,782.22,782.42,4.28,91.24,9.85,3.0,41.33,0.746,14.07,3.38,LANE_A,20134.0,-22.1,88.6,1.0,0,450.0,-1.24,-3.81,-1.04,-3.47,2.69,-1.82,1.1,-1.7,-0.56,22.8,-2.46,-0.11,-0.008,-0.03,0.7899,1
7.1,TRAIN_M08_LADAKH_FAULT06_EGT_IMBAL,TRAIN,LADAKH,CRUISE_LOITER,5374.5,2211.7,74.1,88.8,88.74,88.5,88.57,781.91,782.57,782.32,782.13,4.24,91.11,9.88,3.0,41.35,0.779,14.09,3.21,LANE_A,20134.0,-22.1,88.6,1.0,0,450.0,-1.33,-3.89,-1.13,-3.56,2.79,-1.55,1.2,-1.99,-0.61,22.63,-2.44,-0.09,0.025,-0.01,0.7881,1
7.15,TRAIN_M08_LADAKH_FAULT06_EGT_IMBAL,TRAIN,LADAKH,CRUISE_LOITER,5381.9,2214.8,74.1,88.77,88.7,88.47,88.53,782.09,782.16,782.16,782.07,4.3,91.07,9.9,3.0,41.33,0.792,14.07,3.21,LANE_A,20135.0,-22.1,88.6,1.0,0,450.0,-1.47,-4.04,-1.27,-3.71,2.97,-1.96,1.04,-2.05,-0.55,22.5,-2.44,-0.1,0.036,-0.03,0.7858,1
7.2,TRAIN_M08_LADAKH_FAULT06_EGT_IMBAL,TRAIN,LADAKH,CRUISE_LOITER,5381.1,2214.4,74.1,88.73,88.66,88.42,88.5,782.33,781.95,781.79,782.13,4.3,91.07,9.89,3.0,41.37,0.801,14.04,3.26,LANE_A,20136.0,-22.1,88.6,1.0,0,450.0,-1.5,-4.07,-1.31,-3.73,3.21,-2.17,0.67,-1.99,-0.55,22.51,-2.44,-0.06,0.046,-0.06,0.786,1
7.25,TRAIN_M08_LADAKH_FAULT06_EGT_IMBAL,TRAIN,LADAKH,CRUISE_LOITER,5378.7,2213.4,74.2,88.68,88.63,88.38,88.46,782.3,782.2,781.93,782.33,4.33,91.08,9.87,3.0,41.42,0.717,14.07,3.29,LANE_A,20137.0,-22.1,88.6,1.0,0,450.0,-1.52,-4.07,-1.32,-3.74,3.25,-1.85,0.88,-1.72,-0.52,22.54,-2.46,-0.02,-0.038,-0.03,0.7861,1
7.3,TRAIN_M08_LADAKH_FAULT06_EGT_IMBAL,TRAIN,LADAKH,CRUISE_LOITER,5374.8,2211.8,74.2,88.64,88.59,88.35,88.42,782.05,782.19,781.68,782.62,4.29,91.08,9.82,3.0,41.39,0.727,14.05,2.96,LANE_A,20138.0,-22.1,88.5,1.0,0,450.0,-1.53,-4.08,-1.32,-3.75,3.0,-1.86,0.63,-1.43,-0.55,22.56,-2.5,-0.05,-0.027,-0.05,0.7868,1
7.35,TRAIN_M08_LADAKH_FAULT06_EGT_IMBAL,TRAIN,LADAKH,CRUISE_LOITER,5377.5,2213.0,74.2,88.6,88.55,88.31,88.38,782.29,781.99,782.04,782.66,4.27,91.21,9.83,3.0,41.37,0.756,14.07,3.23,LANE_A,20139.0,-22.1,88.5,1.0,0,450.0,-1.61,-4.16,-1.4,-3.83,3.24,-2.06,0.99,-1.39,-0.58,22.66,-2.5,-0.06,0.001,-0.03,0.7886,1
7.4,TRAIN_M08_LADAKH_FAULT06_EGT_IMBAL,TRAIN,LADAKH,CRUISE_LOITER,5375.0,2212.0,74.2,88.56,88.51,88.27,88.34,781.87,782.02,781.99,782.31,4.32,91.12,9.77,3.0,41.4,0.782,14.07,3.19,LANE_A,20140.0,-22.1,88.5,1.0,0,450.0,-1.61,-4.16,-1.4,-3.83,2.82,-2.03,0.94,-1.74,-0.52,22.6,-2.55,-0.03,0.028,-0.03,0.7872,1
7.45,TRAIN_M08_LADAKH_FAULT06_EGT_IMBAL,TRAIN,LADAKH,CRUISE_LOITER,5368.8,2209.4,74.2,88.52,88.47,88.23,88.3,781.82,782.06,782.08,782.55,4.31,91.11,9.8,3.0,41.49,0.695,14.05,3.26,LANE_A,20140.0,-22.1,88.5,1.0,0,450.0,-1.56,-4.11,-1.35,-3.78,2.77,-1.99,1.03,-1.5,-0.53,22.67,-2.51,0.06,-0.059,-0.05,0.7882,1
7.5,TRAIN_M08_LADAKH_FAULT06_EGT_IMBAL,TRAIN,LADAKH,CRUISE_LOITER,5378.2,2213.2,74.2,88.48,88.43,88.18,88.26,781.85,782.23,782.22,782.43,4.29,91.01,9.78,3.0,41.53,0.761,14.05,3.21,LANE_A,20141.0,-22.1,88.5,1.0,0,450.0,-1.74,-4.29,-1.54,-3.96,2.8,-1.82,1.17,-1.62,-0.56,22.46,-2.55,0.1,0.006,-0.05,0.7858,1
7.55,TRAIN_M08_LADAKH_FAULT06_EGT_IMBAL,TRAIN,LADAKH,CRUISE_LOITER,5380.1,2214.0,74.2,88.44,88.4,88.15,88.22,782.15,782.33,782.14,782.25,4.34,91.11,9.87,3.0,41.49,0.714,14.05,3.42,LANE_A,20142.0,-22.1,88.5,1.0,0,450.0,-1.81,-4.35,-1.6,-4.03,3.1,-1.72,1.09,-1.8,-0.51,22.53,-2.46,0.06,-0.041,-0.05,0.7863,1
7.6,TRAIN_M08_LADAKH_FAULT06_EGT_IMBAL,TRAIN,LADAKH,CRUISE_LOITER,5380.7,2214.3,74.2,88.4,88.36,88.12,88.18,782.2,782.32,782.05,782.21,4.3,91.08,9.87,3.0,41.36,0.768,14.07,2.98,LANE_A,20143.0,-22.1,88.5,1.0,0,450.0,-1.85,-4.39,-1.63,-4.07,3.15,-1.73,1.0,-1.84,-0.55,22.5,-2.46,-0.07,0.013,-0.03,0.7863,1
7.65,TRAIN_M08_LADAKH_FAULT06_EGT_IMBAL,TRAIN,LADAKH,CRUISE_LOITER,5380.9,2214.4,74.2,88.36,88.31,88.09,88.15,782.53,782.29,781.79,782.39,4.3,91.12,9.89,3.0,41.38,0.763,14.07,3.35,LANE_A,20144.0,-22.1,88.5,1.0,0,450.0,-1.9,-4.45,-1.67,-4.11,3.48,-1.76,0.74,-1.66,-0.55,22.53,-2.44,-0.05,0.008,-0.03,0.7867,1
7.7,TRAIN_M08_LADAKH_FAULT06_EGT_IMBAL,TRAIN,LADAKH,CRUISE_LOITER,5385.5,2216.3,74.2,88.32,88.28,88.05,88.12,782.31,782.16,781.79,782.44,4.29,91.1,9.86,3.0,41.42,0.76,14.07,3.24,LANE_A,20144.0,-22.1,88.5,1.0,0,450.0,-2.01,-4.55,-1.78,-4.21,3.26,-1.89,0.74,-1.61,-0.56,22.46,-2.48,-0.01,0.004,-0.03,0.786,1
7.75,TRAIN_M08_LADAKH_FAULT06_EGT_IMBAL,TRAIN,LADAKH,CRUISE_LOITER,5378.2,2213.3,74.2,88.28,88.25,88.01,88.08,782.48,782.15,781.73,782.34,4.3,91.04,9.88,3.0,41.35,0.769,14.06,3.01,LANE_A,20145.0,-22.1,88.5,1.0,0,450.0,-1.94,-4.47,-1.71,-4.14,3.43,-1.9,0.68,-1.71,-0.55,22.49,-2.45,-0.08,0.014,-0.04,0.7862,1
7.8,TRAIN_M08_LADAKH_FAULT06_EGT_IMBAL,TRAIN,LADAKH,CRUISE_LOITER,5372.8,2211.0,74.3,88.24,88.21,87.98,88.04,782.54,782.0,781.84,783.04,4.32,91.05,9.86,3.0,41.46,0.755,14.07,3.39,LANE_A,20146.0,-22.1,88.5,1.0,0,450.0,-1.9,-4.43,-1.66,-4.1,3.57,-1.97,0.87,-0.93,-0.52,22.55,-2.46,0.03,0.001,-0.03,0.7867,1
7.85,TRAIN_M08_LADAKH_FAULT06_EGT_IMBAL,TRAIN,LADAKH,CRUISE_LOITER,5365.8,2208.2,74.3,88.2,88.17,87.94,88.0,782.46,781.71,782.12,782.94,4.34,91.11,9.84,3.0,41.33,0.775,14.03,2.84,LANE_A,20147.0,-22.1,88.5,1.0,0,450.0,-1.84,-4.37,-1.6,-4.04,3.49,-2.26,1.15,-1.03,-0.5,22.7,-2.46,-0.1,0.022,-0.07,0.7886,1
7.9,TRAIN_M08_LADAKH_FAULT06_EGT_IMBAL,TRAIN,LADAKH,CRUISE_LOITER,5366.1,2208.3,74.3,88.16,88.14,87.9,87.97,783.0,782.01,782.05,782.89,4.28,91.07,9.87,3.0,41.3,0.717,14.08,3.16,LANE_A,20148.0,-22.1,88.5,1.0,0,450.0,-1.88,-4.4,-1.64,-4.07,4.03,-1.96,1.08,-1.08,-0.56,22.66,-2.43,-0.13,-0.036,-0.02,0.7886,1
7.95,TRAIN_M08_LADAKH_FAULT06_EGT_IMBAL,TRAIN,LADAKH,CRUISE_LOITER,5371.1,2210.3,74.3,88.13,88.11,87.87,87.94,782.8,782.08,782.23,782.39,4.3,91.07,9.92,3.0,41.25,0.706,14.06,3.28,LANE_A,20148.0,-22.1,88.4,1.0,0,450.0,-2.01,-4.53,-1.77,-4.2,3.83,-1.89,1.26,-1.58,-0.54,22.57,-2.39,-0.18,-0.048,-0.04,0.7872,1
8.0,TRAIN_M08_LADAKH_FAULT06_EGT_IMBAL,TRAIN,LADAKH,CRUISE_LOITER,5373.5,2211.3,74.3,88.09,88.07,87.84,87.9,783.02,782.06,781.73,781.84,4.23,91.1,9.81,3.0,41.32,0.774,14.07,3.14,LANE_A,20149.0,-22.1,88.4,1.0,0,450.0,-2.09,-4.61,-1.84,-4.28,4.05,-1.91,0.76,-2.13,-0.61,22.58,-2.51,-0.11,0.02,-0.03,0.7884,1
8.05,TRAIN_M08_LADAKH_FAULT06_EGT_IMBAL,TRAIN,LADAKH,CRUISE_LOITER,5375.0,2211.9,74.3,88.06,88.04,87.8,87.87,783.06,782.17,781.62,781.71,4.27,90.96,9.76,3.0,41.54,0.721,14.04,3.41,LANE_A,20150.0,-22.1,88.4,1.0,0,450.0,-2.14,-4.66,-1.9,-4.33,4.09,-1.8,0.65,-2.26,-0.57,22.42,-2.56,0.11,-0.033,-0.06,0.7859,1
8.1,TRAIN_M08_LADAKH_FAULT06_EGT_IMBAL,TRAIN,LADAKH,CRUISE_LOITER,5381.8,2214.7,74.3,88.01,88.0,87.76,87.83,782.72,782.22,781.98,781.46,4.31,90.96,9.8,3.0,41.51,0.706,14.05,2.94,LANE_A,20151.0,-22.1,88.4,1.0,0,450.0,-2.29,-4.8,-2.04,-4.47,3.75,-1.75,1.01,-2.51,-0.54,22.34,-2.53,0.09,-0.049,-0.05,0.7846,1
8.15,TRAIN_M08_LADAKH_FAULT06_EGT_IMBAL,TRAIN,LADAKH,CRUISE_LOITER,5380.4,2214.2,74.3,87.98,87.98,87.73,87.8,782.72,782.04,781.9,782.1,4.31,90.8,9.86,3.0,41.51,0.73,14.1,3.17,LANE_A,20152.0,-22.2,88.4,1.0,0,450.0,-2.21,-4.71,-1.96,-4.39,3.76,-1.92,0.94,-1.86,-0.54,22.29,-2.47,0.09,-0.025,0.0,0.7837,1
8.2,TRAIN_M08_LADAKH_FAULT06_EGT_IMBAL,TRAIN,LADAKH,CRUISE_LOITER,5374.5,2211.7,74.3,87.94,87.95,87.7,87.76,782.69,781.91,781.84,782.18,4.31,90.79,9.81,3.0,41.48,0.735,14.05,3.38,LANE_A,20152.0,-22.2,88.4,1.0,0,450.0,-2.16,-4.65,-1.9,-4.34,3.73,-2.05,0.88,-1.78,-0.54,22.35,-2.51,0.06,-0.019,-0.05,0.7845,1
8.25,TRAIN_M08_LADAKH_FAULT06_EGT_IMBAL,TRAIN,LADAKH,CRUISE_LOITER,5370.7,2210.2,74.3,87.9,87.91,87.67,87.72,782.37,782.09,781.93,782.11,4.31,90.71,9.79,3.0,41.49,0.678,14.09,3.27,LANE_A,20153.0,-22.2,88.4,1.0,0,450.0,-2.14,-4.63,-1.87,-4.32,3.41,-1.87,0.97,-1.85,-0.53,22.32,-2.52,0.07,-0.076,-0.01,0.784,1
8.3,TRAIN_M08_LADAKH_FAULT06_EGT_IMBAL,TRAIN,LADAKH,CRUISE_LOITER,5369.2,2209.6,74.3,87.87,87.87,87.63,87.69,782.17,782.03,781.92,782.04,4.29,90.76,9.74,3.0,41.53,0.691,14.06,3.19,LANE_A,20154.0,-22.2,88.4,1.0,0,450.0,-2.15,-4.65,-1.89,-4.33,3.21,-1.93,0.96,-1.92,-0.55,22.39,-2.57,0.11,-0.063,-0.04,0.7853,1
8.35,TRAIN_M08_LADAKH_FAULT06_EGT_IMBAL,TRAIN,LADAKH,CRUISE_LOITER,5369.5,2209.7,74.3,87.84,87.83,87.6,87.65,781.95,782.01,781.83,782.14,4.28,90.68,9.85,3.0,41.65,0.779,14.06,3.34,LANE_A,20155.0,-22.2,88.4,1.0,0,450.0,-2.18,-4.69,-1.92,-4.37,2.99,-1.95,0.87,-1.82,-0.56,22.3,-2.46,0.23,0.025,-0.04,0.784,1
8.4,TRAIN_M08_LADAKH_FAULT06_EGT_IMBAL,TRAIN,LADAKH,CRUISE_LOITER,5368.4,2209.2,74.3,87.8,87.8,87.57,87.62,781.96,782.0,781.8,782.43,4.31,90.64,9.82,3.0,41.65,0.705,14.05,2.83,LANE_A,20156.0,-22.2,88.4,1.0,0,450.0,-2.21,-4.71,-1.94,-4.39,3.0,-1.96,0.84,-1.53,-0.53,22.28,-2.49,0.23,-0.048,-0.05,0.7835,1
8.45,TRAIN_M08_LADAKH_FAULT06_EGT_IMBAL,TRAIN,LADAKH,CRUISE_LOITER,5371.8,2210.6,74.3,87.76,87.76,87.54,87.58,781.92,781.97,781.69,782.36,4.32,90.76,9.64,3.0,41.58,0.754,14.02,3.25,LANE_A,20156.0,-22.2,88.4,1.0,0,450.0,-2.3,-4.8,-2.02,-4.48,2.96,-1.99,0.73,-1.6,-0.52,22.36,-2.67,0.16,0.0,-0.08,0.785,1
8.5,TRAIN_M08_LADAKH_FAULT06_EGT_IMBAL,TRAIN,LADAKH,CRUISE_LOITER,5374.1,2211.6,74.4,87.73,87.73,87.51,87.55,781.72,781.87,781.74,782.33,4.27,90.65,9.74,3.0,41.6,0.741,14.06,3.34,LANE_A,20157.0,-22.2,88.3,1.0,0,450.0,-2.4,-4.9,-2.12,-4.58,2.84,-2.01,0.86,-1.55,-0.58,22.19,-2.58,0.18,-0.013,-0.04,0.7831,1
8.55,TRAIN_M08_LADAKH_FAULT06_EGT_IMBAL,TRAIN,LADAKH,CRUISE_LOITER,5382.3,2214.9,74.4,87.7,87.69,87.47,87.51,782.09,781.24,781.4,781.67,4.32,90.68,9.76,3.0,41.67,0.681,14.06,3.04,LANE_A,20158.0,-22.2,88.3,1.0,0,450.0,-2.55,-5.06,-2.28,-4.74,3.21,-2.64,0.52,-2.21,-0.53,22.12,-2.58,0.25,-0.075,-0.04,0.7819,1
8.6,TRAIN_M08_LADAKH_FAULT06_EGT_IMBAL,TRAIN,LADAKH,CRUISE_LOITER,5379.5,2213.8,74.4,87.66,87.66,87.44,87.48,782.21,781.15,781.52,781.68,4.27,90.61,9.78,3.0,41.49,0.74,14.04,3.05,LANE_A,20159.0,-22.2,88.3,1.0,0,450.0,-2.55,-5.05,-2.27,-4.73,3.33,-2.73,0.64,-2.2,-0.58,22.08,-2.55,0.07,-0.015,-0.06,0.7818,1
8.65,TRAIN_M08_LADAKH_FAULT06_EGT_IMBAL,TRAIN,LADAKH,CRUISE_LOITER,5376.8,2212.7,74.4,87.63,87.62,87.41,87.44,782.02,781.58,781.66,781.66,4.31,90.66,9.84,3.0,41.44,0.766,14.06,3.11,LANE_A,20160.0,-22.2,88.3,1.0,0,450.0,-2.54,-5.05,-2.26,-4.73,3.14,-2.3,0.78,-2.22,-0.54,22.17,-2.49,0.02,0.011,-0.04,0.7825,1
8.7,TRAIN_M08_LADAKH_FAULT06_EGT_IMBAL,TRAIN,LADAKH,CRUISE_LOITER,5380.1,2214.0,74.4,87.6,87.59,87.38,87.42,782.15,781.57,781.63,781.61,4.35,90.6,9.88,3.0,41.42,0.716,14.06,3.06,LANE_A,20160.0,-22.2,88.3,1.0,0,450.0,-2.61,-5.12,-2.33,-4.79,3.27,-2.31,0.75,-2.27,-0.5,22.07,-2.45,0.0,-0.039,-0.04,0.7807,1
8.75,TRAIN_M08_LADAKH_FAULT06_EGT_IMBAL,TRAIN,LADAKH,CRUISE_LOITER,5377.9,2213.1,74.4,87.56,87.56,87.35,87.38,782.32,781.42,781.74,781.8,4.31,90.56,9.79,3.0,41.41,0.773,14.06,3.19,LANE_A,20161.0,-22.2,88.3,1.0,0,450.0,-2.62,-5.12,-2.33,-4.8,3.44,-2.46,0.86,-2.08,-0.54,22.06,-2.54,-0.01,0.018,-0.04,0.7811,1
8.8,TRAIN_M08_LADAKH_FAULT06_EGT_IMBAL,TRAIN,LADAKH,CRUISE_LOITER,5388.5,2217.5,74.4,87.53,87.53,87.32,87.35,782.23,781.14,781.67,781.95,4.31,90.59,9.72,3.0,41.36,0.711,14.05,3.12,LANE_A,20162.0,-22.2,88.3,1.0,0,450.0,-2.81,-5.31,-2.52,-4.99,3.35,-2.74,0.79,-1.93,-0.54,21.96,-2.63,-0.05,-0.046,-0.05,0.7802,1
8.85,TRAIN_M08_LADAKH_FAULT06_EGT_IMBAL,TRAIN,LADAKH,CRUISE_LOITER,5382.5,2215.0,74.4,87.5,87.49,87.29,87.32,782.12,781.33,781.67,782.24,4.28,90.44,9.78,3.0,41.34,0.731,14.06,3.31,LANE_A,20163.0,-22.2,88.3,1.0,0,450.0,-2.75,-5.26,-2.46,-4.93,3.24,-2.55,0.79,-1.64,-0.57,21.88,-2.56,-0.07,-0.025,-0.04,0.7791,1
8.9,TRAIN_M08_LADAKH_FAULT06_EGT_IMBAL,TRAIN,LADAKH,CRUISE_LOITER,5388.7,2217.6,74.4,87.46,87.45,87.25,87.29,781.97,781.52,781.62,782.06,4.33,90.43,9.77,3.0,41.4,0.723,14.06,2.97,LANE_A,20163.0,-22.2,88.3,1.0,0,450.0,-2.88,-5.39,-2.59,-5.05,3.09,-2.36,0.74,-1.82,-0.52,21.8,-2.58,-0.01,-0.034,-0.04,0.7777,1
8.95,TRAIN_M08_LADAKH_FAULT06_EGT_IMBAL,TRAIN,LADAKH,CRUISE_LOITER,5392.6,2219.2,74.4,87.43,87.42,87.22,87.27,781.82,781.7,781.82,782.06,4.29,90.6,9.84,3.0,41.45,0.816,14.03,3.09,LANE_A,20164.0,-22.2,88.3,1.0,0,450.0,-2.97,-5.48,-2.68,-5.13,2.94,-2.18,0.94,-1.82,-0.56,21.92,-2.52,0.04,0.059,-0.07,0.7799,1
9.0,TRAIN_M08_LADAKH_FAULT06_EGT_IMBAL,TRAIN,LADAKH,CRUISE_LOITER,5390.0,2218.1,74.4,87.4,87.38,87.19,87.25,781.92,781.95,781.96,782.1,4.32,90.59,9.85,3.0,41.39,0.752,14.06,3.12,LANE_A,20165.0,-22.2,88.3,1.0,0,450.0,-2.96,-5.48,-2.67,-5.11,3.04,-1.93,1.08,-1.78,-0.53,21.94,-2.5,-0.02,-0.005,-0.04,0.7798,1
9.05,TRAIN_M08_LADAKH_FAULT06_EGT_IMBAL,TRAIN,LADAKH,CRUISE_LOITER,5384.0,2215.6,74.4,87.37,87.35,87.16,87.22,782.28,781.47,782.14,781.75,4.3,90.58,9.81,3.0,41.36,0.747,14.02,3.18,LANE_A,20166.0,-22.2,88.3,1.0,0,450.0,-2.9,-5.42,-2.61,-5.05,3.4,-2.41,1.26,-2.13,-0.55,22.0,-2.53,-0.05,-0.009,-0.08,0.7808,1
9.1,TRAIN_M08_LADAKH_FAULT06_EGT_IMBAL,TRAIN,LADAKH,CRUISE_LOITER,5376.9,2212.7,74.4,87.34,87.32,87.12,87.19,782.43,781.52,781.86,781.94,4.33,90.54,9.88,3.0,41.35,0.779,14.06,3.27,LANE_A,20166.0,-22.2,88.2,1.0,0,450.0,-2.85,-5.37,-2.57,-5.0,3.55,-2.36,0.98,-1.94,-0.52,22.03,-2.44,-0.06,0.024,-0.04,0.7807,1
9.15,TRAIN_M08_LADAKH_FAULT06_EGT_IMBAL,TRAIN,LADAKH,CRUISE_LOITER,5375.3,2212.1,74.4,87.32,87.29,87.09,87.17,782.56,781.6,782.03,781.84,4.34,90.61,9.99,3.0,41.34,0.683,14.06,3.19,LANE_A,20167.0,-22.2,88.2,1.0,0,450.0,-2.85,-5.38,-2.58,-5.0,3.68,-2.28,1.15,-2.04,-0.51,22.12,-2.33,-0.07,-0.072,-0.04,0.7818,1
9.2,TRAIN_M08_LADAKH_FAULT06_EGT_IMBAL,TRAIN,LADAKH,CRUISE_LOITER,5378.6,2213.4,74.4,87.3,87.27,87.07,87.15,782.6,781.55,781.81,781.55,4.28,90.74,9.96,3.0,41.36,0.813,14.09,3.13,LANE_A,20168.0,-22.2,88.2,1.0,0,450.0,-2.91,-5.44,-2.64,-5.06,3.72,-2.33,0.93,-2.33,-0.57,22.21,-2.37,-0.05,0.058,-0.01,0.7838,1
9.25,TRAIN_M08_LADAKH_FAULT06_EGT_IMBAL,TRAIN,LADAKH,CRUISE_LOITER,5376.4,2212.5,74.4,87.27,87.24,87.05,87.12,782.77,781.69,781.64,781.27,4.31,90.66,9.97,3.0,41.39,0.781,14.06,3.15,LANE_A,20169.0,-22.2,88.2,1.0,0,450.0,-2.91,-5.44,-2.63,-5.06,3.89,-2.19,0.76,-2.61,-0.54,22.16,-2.35,-0.01,0.026,-0.04,0.7827,1
9.3,TRAIN_M08_LADAKH_FAULT06_EGT_IMBAL,TRAIN,LADAKH,CRUISE_LOITER,5376.0,2212.3,74.4,87.24,87.21,87.02,87.09,782.64,781.39,781.82,781.45,4.3,90.54,9.86,3.0,41.38,0.763,14.05,3.1,LANE_A,20169.0,-22.2,88.2,1.0,0,450.0,-2.93,-5.46,-2.65,-5.08,3.76,-2.49,0.94,-2.43,-0.55,22.04,-2.46,-0.02,0.008,-0.05,0.7813,1
9.35,TRAIN_M08_LADAKH_FAULT06_EGT_IMBAL,TRAIN,LADAKH,CRUISE_LOITER,5381.4,2214.5,74.4,87.21,87.19,86.99,87.06,782.53,781.26,781.95,781.69,4.33,90.54,9.9,3.0,41.41,0.825,14.06,3.13,LANE_A,20170.0,-22.2,88.2,1.0,0,450.0,-3.05,-5.57,-2.77,-5.2,3.65,-2.62,1.07,-2.19,-0.52,21.98,-2.43,0.01,0.07,-0.04,0.7804,1
9.4,TRAIN_M08_LADAKH_FAULT06_EGT_IMBAL,TRAIN,LADAKH,CRUISE_LOITER,5386.1,2216.5,74.4,87.18,87.16,86.96,87.04,782.38,781.52,781.83,781.7,4.31,90.52,9.93,3.0,41.34,0.768,14.08,3.49,LANE_A,20171.0,-22.2,88.2,1.0,0,450.0,-3.15,-5.67,-2.87,-5.29,3.5,-2.36,0.95,-2.18,-0.54,21.9,-2.41,-0.06,0.012,-0.02,0.7795,1
9.45,TRAIN_M08_LADAKH_FAULT06_EGT_IMBAL,TRAIN,LADAKH,CRUISE_LOITER,5382.3,2214.9,74.4,87.16,87.14,86.94,87.02,782.42,781.8,781.92,781.55,4.31,90.47,9.9,3.0,41.43,0.761,14.04,3.06,LANE_A,20172.0,-22.2,88.2,1.0,0,450.0,-3.11,-5.63,-2.83,-5.25,3.54,-2.08,1.04,-2.33,-0.54,21.9,-2.43,0.03,0.005,-0.06,0.7795,1
9.5,TRAIN_M08_LADAKH_FAULT06_EGT_IMBAL,TRAIN,LADAKH,CRUISE_LOITER,5380.6,2214.2,74.5,87.13,87.11,86.92,86.99,782.45,782.23,781.99,781.88,4.28,90.48,9.82,3.0,41.43,0.778,14.08,3.21,LANE_A,20172.0,-22.2,88.2,1.0,0,450.0,-3.12,-5.64,-2.83,-5.26,3.65,-1.57,1.19,-1.92,-0.57,21.92,-2.51,0.02,0.023,-0.02,0.7802,1
9.55,TRAIN_M08_LADAKH_FAULT06_EGT_IMBAL,TRAIN,LADAKH,CRUISE_LOITER,5387.4,2217.0,74.5,87.1,87.08,86.9,86.97,782.51,782.15,781.86,782.08,4.27,90.61,9.87,3.0,41.25,0.772,14.07,2.91,LANE_A,20173.0,-22.2,88.2,1.0,0,450.0,-3.25,-5.77,-2.95,-5.38,3.71,-1.65,1.06,-1.72,-0.58,21.97,-2.48,-0.16,0.016,-0.03,0.7812,1
9.6,TRAIN_M08_LADAKH_FAULT06_EGT_IMBAL,TRAIN,LADAKH,CRUISE_LOITER,5391.9,2218.9,74.5,87.07,87.05,86.87,86.94,782.58,782.13,782.0,782.07,4.32,90.61,9.81,3.0,41.27,0.677,14.08,3.22,LANE_A,20174.0,-22.2,88.2,1.0,0,450.0,-3.35,-5.87,-3.05,-5.48,3.78,-1.67,1.2,-1.73,-0.53,21.91,-2.55,-0.13,-0.08,-0.02,0.7802,1
9.65,TRAIN_M08_LADAKH_FAULT06_EGT_IMBAL,TRAIN,LADAKH,CRUISE_LOITER,5387.9,2217.2,74.5,87.04,87.02,86.84,86.91,782.68,782.26,782.2,781.99,4.33,90.55,9.71,3.0,41.27,0.694,14.07,3.04,LANE_A,20174.0,-22.2,88.1,1.0,0,450.0,-3.35,-5.87,-3.05,-5.48,3.88,-1.54,1.4,-1.81,-0.52,21.88,-2.64,-0.13,-0.062,-0.03,0.7798,1
9.7,TRAIN_M08_LADAKH_FAULT06_EGT_IMBAL,TRAIN,LADAKH,CRUISE_LOITER,5386.5,2216.7,74.5,87.01,86.99,86.81,86.88,782.25,782.11,782.25,781.93,4.32,90.53,9.75,3.0,41.37,0.736,14.07,3.25,LANE_A,20175.0,-22.2,88.1,1.0,0,450.0,-3.36,-5.88,-3.06,-5.49,3.45,-1.69,1.45,-1.87,-0.53,21.88,-2.59,-0.03,-0.02,-0.03,0.7798,1
9.75,TRAIN_M08_LADAKH_FAULT06_EGT_IMBAL,TRAIN,LADAKH,CRUISE_LOITER,5392.7,2219.2,74.5,86.99,86.96,86.79,86.86,782.04,782.15,782.37,781.69,4.29,90.73,9.85,3.0,41.38,0.716,14.04,3.02,LANE_A,20176.0,-22.2,88.1,1.0,0,450.0,-3.47,-6.0,-3.17,-5.6,3.24,-1.65,1.57,-2.11,-0.56,22.0,-2.51,-0.02,-0.041,-0.06,0.7819,1
9.8,TRAIN_M08_LADAKH_FAULT06_EGT_IMBAL,TRAIN,LADAKH,CRUISE_LOITER,5385.5,2216.2,74.5,86.96,86.94,86.76,86.83,782.53,781.71,782.14,781.69,4.28,90.73,9.85,3.0,41.4,0.719,14.04,3.06,LANE_A,20177.0,-22.2,88.1,1.0,0,450.0,-3.39,-5.91,-3.09,-5.52,3.73,-2.09,1.34,-2.11,-0.57,22.09,-2.49,0.0,-0.037,-0.06,0.7831,1
9.85,TRAIN_M08_LADAKH_FAULT06_EGT_IMBAL,TRAIN,LADAKH,CRUISE_LOITER,5386.4,2216.6,74.5,86.94,86.92,86.74,86.81,782.54,781.58,782.21,782.03,4.32,90.77,9.81,3.0,41.58,0.667,14.08,3.05,LANE_A,20177.0,-22.2,88.1,1.0,0,450.0,-3.42,-5.94,-3.12,-5.55,3.74,-2.22,1.41,-1.77,-0.53,22.12,-2.53,0.18,-0.089,-0.02,0.7833,1
9.9,TRAIN_M08_LADAKH_FAULT06_EGT_IMBAL,TRAIN,LADAKH,CRUISE_LOITER,5387.0,2216.9,74.5,86.91,86.89,86.72,86.78,782.42,781.8,781.89,782.01,4.35,90.72,9.85,3.0,41.47,0.742,14.08,3.1,LANE_A,20178.0,-22.2,88.1,1.0,0,450.0,-3.46,-5.98,-3.15,-5.59,3.62,-2.0,1.09,-1.79,-0.5,22.06,-2.49,0.07,-0.014,-0.02,0.7821,1
9.95,TRAIN_M08_LADAKH_FAULT06_EGT_IMBAL,TRAIN,LADAKH,CRUISE_LOITER,5386.1,2216.5,74.5,86.89,86.87,86.69,86.76,782.46,781.45,782.05,781.89,4.28,90.68,9.85,3.0,41.42,0.772,14.05,3.19,LANE_A,20179.0,-22.2,88.1,1.0,0,450.0,-3.47,-5.99,-3.17,-5.6,3.66,-2.35,1.25,-1.91,-0.57,22.03,-2.49,0.02,0.016,-0.05,0.7824,1
10.0,TRAIN_M08_LADAKH_FAULT06_EGT_IMBAL,TRAIN,LADAKH,CRUISE_LOITER,5394.5,2219.9,74.5,86.86,86.84,86.67,86.73,782.33,781.36,781.77,781.69,4.28,90.73,9.88,3.0,41.53,0.75,14.05,3.38,LANE_A,20179.0,-22.2,88.1,1.0,0,450.0,-3.62,-6.14,-3.31,-5.75,3.53,-2.44,0.97,-2.11,-0.57,21.98,-2.48,0.13,-0.007,-0.05,0.7819,1
10.05,TRAIN_M08_LADAKH_FAULT06_EGT_IMBAL,TRAIN,LADAKH,CRUISE_LOITER,5384.8,2216.0,74.5,86.84,86.82,86.65,86.71,782.41,781.51,781.82,782.09,4.27,90.73,9.92,3.0,41.41,0.747,14.07,3.13,LANE_A,20180.0,-22.2,88.1,1.0,0,450.0,-3.5,-6.02,-3.19,-5.63,3.61,-2.29,1.02,-1.71,-0.58,22.1,-2.42,0.01,-0.009,-0.03,0.7834,1
10.1,TRAIN_M08_LADAKH_FAULT06_EGT_IMBAL,TRAIN,LADAKH,CRUISE_LOITER,5391.7,2218.8,74.5,86.81,86.79,86.63,86.69,782.17,781.4,781.87,782.01,4.29,90.68,9.79,3.0,41.47,0.717,14.05,3.43,LANE_A,20181.0,-22.2,88.1,1.0,0,450.0,-3.63,-6.15,-3.31,-5.75,3.37,-2.4,1.07,-1.79,-0.56,21.97,-2.56,0.08,-0.04,-0.05,0.7818,1
10.15,TRAIN_M08_LADAKH_FAULT06_EGT_IMBAL,TRAIN,LADAKH,CRUISE_LOITER,5391.4,2218.7,74.5,86.78,86.77,86.6,86.66,781.71,781.37,781.92,782.32,4.33,90.79,9.78,3.0,41.51,0.749,14.07,3.29,LANE_A,20181.0,-22.2,88.1,1.0,0,450.0,-3.66,-6.17,-3.34,-5.78,2.91,-2.43,1.12,-1.48,-0.52,22.08,-2.57,0.12,-0.008,-0.03,0.783,1
10.2,TRAIN_M08_LADAKH_FAULT06_EGT_IMBAL,TRAIN,LADAKH,CRUISE_LOITER,5394.7,2220.1,74.5,86.76,86.75,86.57,86.64,781.59,781.65,781.92,782.56,4.28,90.86,9.8,3.0,41.44,0.709,14.06,3.27,LANE_A,20182.0,-22.2,88.0,1.0,0,450.0,-3.75,-6.26,-3.44,-5.87,2.79,-2.15,1.12,-1.24,-0.57,22.09,-2.56,0.05,-0.048,-0.04,0.7839,1
10.25,TRAIN_M08_LADAKH_FAULT06_EGT_IMBAL,TRAIN,LADAKH,CRUISE_LOITER,5387.2,2216.9,74.5,86.74,86.73,86.55,86.62,781.78,781.98,781.8,782.31,4.3,90.82,9.94,3.0,41.38,0.719,14.05,3.45,LANE_A,20183.0,-22.2,88.0,1.0,0,450.0,-3.66,-6.17,-3.35,-5.78,2.98,-1.82,1.0,-1.49,-0.55,22.14,-2.4,-0.01,-0.037,-0.05,0.7839,1
10.3,TRAIN_M08_LADAKH_FAULT06_EGT_IMBAL,TRAIN,LADAKH,CRUISE_LOITER,5386.6,2216.7,74.5,86.71,86.7,86.53,86.6,781.5,782.16,781.57,782.73,4.29,90.93,9.89,3.0,41.46,0.802,14.07,3.17,LANE_A,20183.0,-22.2,88.0,1.0,0,450.0,-3.68,-6.19,-3.36,-5.79,2.7,-1.64,0.77,-1.07,-0.56,22.26,-2.45,0.07,0.046,-0.03,0.7858,1
10.35,TRAIN_M08_LADAKH_FAULT06_EGT_IMBAL,TRAIN,LADAKH,CRUISE_LOITER,5377.1,2212.8,74.5,86.69,86.68,86.5,86.58,781.48,782.36,781.33,782.48,4.3,90.76,9.83,3.0,41.56,0.821,14.05,3.32,LANE_A,20184.0,-22.2,88.0,1.0,0,450.0,-3.56,-6.07,-3.25,-5.67,2.68,-1.44,0.53,-1.32,-0.55,22.2,-2.49,0.17,0.066,-0.05,0.7847,1
10.4,TRAIN_M08_LADAKH_FAULT06_EGT_IMBAL,TRAIN,LADAKH,CRUISE_LOITER,5375.6,2212.2,74.5,86.67,86.65,86.48,86.55,781.44,782.32,781.31,782.04,4.34,90.67,9.85,3.0,41.64,0.819,14.07,3.19,LANE_A,20185.0,-22.2,88.0,1.0,0,450.0,-3.55,-6.07,-3.24,-5.67,2.64,-1.48,0.51,-1.76,-0.5,22.13,-2.46,0.25,0.064,-0.03,0.7832,1
10.45,TRAIN_M08_LADAKH_FAULT06_EGT_IMBAL,TRAIN,LADAKH,CRUISE_LOITER,5373.2,2211.2,74.5,86.64,86.63,86.45,86.53,781.6,782.34,781.59,782.27,4.33,90.78,9.89,3.0,41.48,0.736,14.05,2.89,LANE_A,20185.0,-22.2,88.0,1.0,0,450.0,-3.55,-6.06,-3.24,-5.66,2.8,-1.46,0.79,-1.53,-0.51,22.27,-2.42,0.09,-0.018,-0.05,0.7851,1
10.5,TRAIN_M08_LADAKH_FAULT06_EGT_IMBAL,TRAIN,LADAKH,CRUISE_LOITER,5373.5,2211.3,74.5,86.61,86.61,86.43,86.51,781.48,782.19,781.66,782.26,4.31,90.75,9.88,3.0,41.45,0.822,14.06,3.02,LANE_A,20186.0,-22.2,88.0,1.0,0,450.0,-3.58,-6.08,-3.26,-5.68,2.68,-1.61,0.86,-1.54,-0.53,22.24,-2.43,0.06,0.068,-0.04,0.785,1
10.55,TRAIN_M08_LADAKH_FAULT06_EGT_IMBAL,TRAIN,LADAKH,CRUISE_LOITER,5371.7,2210.6,74.5,86.59,86.58,86.41,86.48,781.73,782.2,782.06,782.4,4.32,90.71,9.77,3.0,41.41,0.705,14.06,2.95,LANE_A,20187.0,-22.2,88.0,1.0,0,450.0,-3.57,-6.08,-3.25,-5.68,2.93,-1.6,1.26,-1.4,-0.52,22.22,-2.53,0.03,-0.049,-0.04,0.7848,1
10.6,TRAIN_M08_LADAKH_FAULT06_EGT_IMBAL,TRAIN,LADAKH,CRUISE_LOITER,5375.1,2212.0,74.5,86.56,86.56,86.39,86.45,781.52,781.99,782.06,782.26,4.3,90.71,9.73,3.0,41.41,0.741,14.07,2.95,LANE_A,20187.0,-22.2,88.0,1.0,0,450.0,-3.65,-6.15,-3.32,-5.76,2.72,-1.81,1.26,-1.54,-0.54,22.18,-2.58,0.03,-0.013,-0.03,0.7846,1
10.65,TRAIN_M08_LADAKH_FAULT06_EGT_IMBAL,TRAIN,LADAKH,CRUISE_LOITER,5381.7,2214.7,74.5,86.53,86.53,86.37,86.42,781.55,781.7,782.14,782.55,4.29,90.66,9.72,3.0,41.31,0.688,14.05,3.14,LANE_A,20188.0,-22.2,88.0,1.0,0,450.0,-3.78,-6.28,-3.44,-5.89,2.75,-2.1,1.34,-1.25,-0.56,22.05,-2.61,-0.07,-0.067,-0.05,0.7834,1
10.7,TRAIN_M08_LADAKH_FAULT06_EGT_IMBAL,TRAIN,LADAKH,CRUISE_LOITER,5384.4,2215.8,74.5,86.5,86.51,86.35,86.4,781.57,781.76,781.87,782.32,4.34,90.55,9.75,3.0,41.26,0.78,14.07,3.16,LANE_A,20189.0,-22.2,88.0,1.0,0,450.0,-3.85,-6.34,-3.5,-5.95,2.77,-2.04,1.07,-1.48,-0.51,21.91,-2.58,-0.12,0.024,-0.03,0.7809,1
10.75,TRAIN_M08_LADAKH_FAULT06_EGT_IMBAL,TRAIN,LADAKH,CRUISE_LOITER,5385.1,2216.1,74.5,86.48,86.49,86.32,86.38,781.73,781.93,781.86,782.26,4.31,90.52,9.73,3.0,41.44,0.795,14.02,3.21,LANE_A,20189.0,-22.2,87.9,1.0,0,450.0,-3.91,-6.4,-3.57,-6.01,2.93,-1.87,1.06,-1.54,-0.54,21.85,-2.6,0.06,0.039,-0.08,0.7805,1
10.8,TRAIN_M08_LADAKH_FAULT06_EGT_IMBAL,TRAIN,LADAKH,CRUISE_LOITER,5383.4,2215.4,74.5,86.45,86.46,86.3,86.35,781.83,782.0,781.84,781.93,4.35,90.32,9.69,3.0,41.42,0.754,14.03,3.21,LANE_A,20190.0,-22.3,87.9,1.0,0,450.0,-3.82,-6.31,-3.47,-5.92,3.04,-1.79,1.05,-1.86,-0.5,21.76,-2.64,0.04,-0.002,-0.07,0.7787,1
10.85,TRAIN_M08_LADAKH_FAULT06_EGT_IMBAL,TRAIN,LADAKH,CRUISE_LOITER,5380.5,2214.2,74.5,86.42,86.43,86.28,86.33,782.05,782.06,781.65,781.64,4.34,90.3,9.75,3.0,41.44,0.717,14.07,3.1,LANE_A,20191.0,-22.3,87.9,1.0,0,450.0,-3.81,-6.3,-3.45,-5.9,3.26,-1.73,0.86,-2.15,-0.51,21.78,-2.58,0.06,-0.038,-0.03,0.779,1
10.9,TRAIN_M08_LADAKH_FAULT06_EGT_IMBAL,TRAIN,LADAKH,CRUISE_LOITER,5379.1,2213.6,74.5,86.4,86.41,86.26,86.31,781.99,781.88,781.65,781.38,4.29,90.41,9.76,3.0,41.47,0.745,14.06,3.12,LANE_A,20191.0,-22.3,87.9,1.0,0,450.0,-3.8,-6.29,-3.44,-5.89,3.2,-1.91,0.86,-2.41,-0.56,21.91,-2.56,0.09,-0.01,-0.04,0.7812,1
10.95,TRAIN_M08_LADAKH_FAULT06_EGT_IMBAL,TRAIN,LADAKH,CRUISE_LOITER,5388.1,2217.3,74.5,86.37,86.39,86.23,86.29,782.42,781.98,781.81,781.76,4.34,90.39,9.76,3.0,41.4,0.807,14.07,3.45,LANE_A,20192.0,-22.3,87.9,1.0,0,450.0,-3.97,-6.45,-3.61,-6.05,3.63,-1.81,1.02,-2.03,-0.51,21.78,-2.58,0.02,0.051,-0.03,0.7793,1
11.0,TRAIN_M08_LADAKH_FAULT06_EGT_IMBAL,TRAIN,LADAKH,CRUISE_LOITER,5393.1,2219.4,74.5,86.35,86.37,86.21,86.27,781.87,782.21,781.9,781.58,4.32,90.38,9.77,3.0,41.52,0.757,14.08,3.24,LANE_A,20193.0,-22.3,87.9,1.0,0,450.0,-4.06,-6.54,-3.7,-6.14,3.08,-1.58,1.11,-2.21,-0.53,21.71,-2.58,0.14,0.0,-0.02,0.7786,1
11.05,TRAIN_M08_LADAKH_FAULT06_EGT_IMBAL,TRAIN,LADAKH,CRUISE_LOITER,5392.8,2219.2,74.5,86.32,86.34,86.19,86.24,781.98,781.74,781.84,781.35,4.33,90.5,9.78,3.0,41.51,0.831,14.06,3.16,LANE_A,20193.0,-22.3,87.9,1.0,0,450.0,-4.09,-6.57,-3.72,-6.17,3.19,-2.05,1.05,-2.44,-0.52,21.83,-2.57,0.13,0.074,-0.04,0.7804,1
11.1,TRAIN_M08_LADAKH_FAULT06_EGT_IMBAL,TRAIN,LADAKH,CRUISE_LOITER,5399.3,2221.9,74.5,86.3,86.32,86.16,86.22,782.1,782.0,781.77,781.81,4.33,90.54,9.77,3.0,41.58,0.778,14.05,3.36,LANE_A,20194.0,-22.3,87.9,1.0,0,450.0,-4.21,-6.69,-3.85,-6.29,3.31,-1.79,0.98,-1.98,-0.52,21.79,-2.6,0.21,0.02,-0.05,0.7801,1
11.15,TRAIN_M08_LADAKH_FAULT06_EGT_IMBAL,TRAIN,LADAKH,CRUISE_LOITER,5397.2,2221.1,74.5,86.28,86.3,86.14,86.21,781.88,781.87,781.63,782.38,4.29,90.68,9.73,3.0,41.5,0.748,14.05,3.24,LANE_A,20195.0,-22.3,87.9,1.0,0,450.0,-4.19,-6.67,-3.83,-6.26,3.09,-1.92,0.84,-1.41,-0.56,21.96,-2.63,0.13,-0.01,-0.05,0.7828,1
11.2,TRAIN_M08_LADAKH_FAULT06_EGT_IMBAL,TRAIN,LADAKH,CRUISE_LOITER,5392.6,2219.2,74.5,86.26,86.28,86.12,86.19,781.94,782.31,781.97,782.34,4.27,90.82,9.71,3.0,41.48,0.717,14.04,3.35,LANE_A,20195.0,-22.3,87.9,1.0,0,450.0,-4.15,-6.63,-3.79,-6.22,3.15,-1.48,1.18,-1.45,-0.58,22.16,-2.64,0.11,-0.04,-0.06,0.7858,1
11.25,TRAIN_M08_LADAKH_FAULT06_EGT_IMBAL,TRAIN,LADAKH,CRUISE_LOITER,5398.8,2221.7,74.5,86.23,86.26,86.09,86.16,781.54,782.33,781.82,782.3,4.31,90.78,9.7,3.0,41.4,0.741,14.09,3.16,LANE_A,20196.0,-22.3,87.9,1.0,0,450.0,-4.27,-6.74,-3.91,-6.34,2.75,-1.46,1.03,-1.49,-0.54,22.04,-2.67,0.03,-0.017,-0.01,0.784,1
11.3,TRAIN_M08_LADAKH_FAULT06_EGT_IMBAL,TRAIN,LADAKH,CRUISE_LOITER,5396.0,2220.6,74.5,86.21,86.23,86.08,86.14,781.59,782.27,782.24,782.3,4.34,90.76,9.83,3.0,41.34,0.771,14.08,3.05,LANE_A,20196.0,-22.3,87.9,1.0,0,450.0,-4.25,-6.73,-3.88,-6.32,2.8,-1.52,1.45,-1.49,-0.51,22.06,-2.53,-0.03,0.013,-0.02,0.7837,1
11.35,TRAIN_M08_LADAKH_FAULT06_EGT_IMBAL,TRAIN,LADAKH,CRUISE_LOITER,5380.8,2214.3,74.5,86.19,86.22,86.06,86.11,781.74,782.36,782.46,782.16,4.32,90.79,9.84,3.0,41.3,0.71,14.1,3.14,LANE_A,20197.0,-22.3,87.8,1.0,0,450.0,-4.06,-6.53,-3.69,-6.14,2.95,-1.43,1.67,-1.63,-0.53,22.25,-2.48,-0.07,-0.045,0.0,0.7861,1
11.4,TRAIN_M08_LADAKH_FAULT06_EGT_IMBAL,TRAIN,LADAKH,CRUISE_LOITER,5388.4,2217.4,74.5,86.17,86.2,86.04,86.1,781.86,782.52,782.45,782.03,4.34,90.69,9.92,3.0,41.34,0.743,14.05,3.27,LANE_A,20198.0,-22.3,87.8,1.0,0,450.0,-4.2,-6.67,-3.83,-6.27,3.07,-1.27,1.66,-1.76,-0.51,22.06,-2.42,-0.03,-0.013,-0.05,0.7834,1
11.45,TRAIN_M08_LADAKH_FAULT06_EGT_IMBAL,TRAIN,LADAKH,CRUISE_LOITER,5388.9,2217.6,74.5,86.15,86.17,86.01,86.07,781.91,782.29,782.12,781.74,4.29,90.64,9.87,3.0,41.41,0.728,14.07,3.09,LANE_A,20198.0,-22.3,87.8,1.0,0,450.0,-4.23,-6.71,-3.87,-6.31,3.12,-1.5,1.33,-2.05,-0.56,22.0,-2.47,0.04,-0.029,-0.03,0.7832,1
11.5,TRAIN_M08_LADAKH_FAULT06_EGT_IMBAL,TRAIN,LADAKH,CRUISE_LOITER,5392.9,2219.3,74.5,86.13,86.16,85.99,86.05,781.65,782.12,782.27,781.79,4.33,90.59,9.91,3.0,41.4,0.722,14.06,3.23,LANE_A,20199.0,-22.3,87.8,1.0,0,450.0,-4.3,-6.77,-3.94,-6.38,2.86,-1.67,1.48,-2.0,-0.52,21.9,-2.44,0.03,-0.035,-0.04,0.7815,1
11.55,TRAIN_M08_LADAKH_FAULT06_EGT_IMBAL,TRAIN,LADAKH,CRUISE_LOITER,5392.5,2219.1,74.5,86.11,86.14,85.97,86.04,781.86,781.56,782.05,781.78,4.31,90.59,9.91,3.0,41.45,0.773,14.05,3.38,LANE_A,20200.0,-22.3,87.8,1.0,0,450.0,-4.32,-6.79,-3.96,-6.39,3.07,-2.23,1.26,-2.01,-0.54,21.91,-2.44,0.09,0.016,-0.05,0.7819,1
11.6,TRAIN_M08_LADAKH_FAULT06_EGT_IMBAL,TRAIN,LADAKH,CRUISE_LOITER,5390.6,2218.3,74.5,86.09,86.13,85.95,86.02,781.91,781.66,782.41,781.57,4.3,90.63,9.9,3.0,41.38,0.712,14.05,3.24,LANE_A,20200.0,-22.3,87.8,1.0,0,450.0,-4.31,-6.77,-3.95,-6.38,3.12,-2.13,1.62,-2.22,-0.55,21.97,-2.44,0.02,-0.045,-0.05,0.7828,1
11.65,TRAIN_M08_LADAKH_FAULT06_EGT_IMBAL,TRAIN,LADAKH,CRUISE_LOITER,5396.1,2220.6,74.5,86.07,86.1,85.94,86.0,781.58,781.38,781.92,781.89,4.29,90.57,9.86,3.0,41.35,0.808,14.05,3.25,LANE_A,20201.0,-22.3,87.8,1.0,0,450.0,-4.41,-6.88,-4.04,-6.48,2.79,-2.41,1.13,-1.9,-0.56,21.84,-2.5,-0.01,0.05,-0.05,0.7814,1
11.7,TRAIN_M08_LADAKH_FAULT06_EGT_IMBAL,TRAIN,LADAKH,CRUISE_LOITER,5398.2,2221.5,74.5,86.05,86.09,85.92,85.98,781.51,781.3,781.58,782.35,4.36,90.5,9.84,3.0,41.21,0.764,14.06,3.01,LANE_A,20201.0,-22.3,87.8,1.0,0,450.0,-4.46,-6.92,-4.09,-6.53,2.72,-2.49,0.79,-1.44,-0.49,21.75,-2.52,-0.15,0.006,-0.04,0.7796,1
11.75,TRAIN_M08_LADAKH_FAULT06_EGT_IMBAL,TRAIN,LADAKH,CRUISE_LOITER,5396.5,2220.8,74.5,86.04,86.07,85.9,85.97,781.8,781.65,781.41,781.99,4.35,90.6,9.79,3.0,41.2,0.772,14.07,3.28,LANE_A,20202.0,-22.3,87.8,1.0,0,450.0,-4.45,-6.92,-4.09,-6.52,3.01,-2.14,0.62,-1.8,-0.5,21.87,-2.57,-0.16,0.014,-0.03,0.7814,1
11.8,TRAIN_M08_LADAKH_FAULT06_EGT_IMBAL,TRAIN,LADAKH,CRUISE_LOITER,5399.1,2221.8,74.5,86.02,86.06,85.88,85.95,781.76,781.8,781.39,781.97,4.26,90.54,9.9,3.0,41.28,0.781,14.08,3.15,LANE_A,20202.0,-22.3,87.8,1.0,0,450.0,-4.51,-6.97,-4.15,-6.58,2.97,-1.99,0.6,-1.82,-0.59,21.78,-2.46,-0.08,0.023,-0.02,0.781,1
11.85,TRAIN_M08_LADAKH_FAULT06_EGT_IMBAL,TRAIN,LADAKH,CRUISE_LOITER,5398.9,2221.8,74.5,86.0,86.05,85.86,85.94,781.37,781.36,781.71,781.9,4.35,90.44,9.89,3.0,41.24,0.745,14.05,3.45,LANE_A,20203.0,-22.3,87.8,1.0,0,450.0,-4.52,-6.97,-4.16,-6.58,2.58,-2.43,0.92,-1.89,-0.5,21.68,-2.47,-0.12,-0.013,-0.05,0.7787,1
11.9,TRAIN_M08_LADAKH_FAULT06_EGT_IMBAL,TRAIN,LADAKH,CRUISE_LOITER,5398.8,2221.7,74.5,85.98,86.03,85.84,85.92,781.49,781.25,781.65,781.49,4.29,90.4,9.84,3.0,41.19,0.755,14.07,3.33,LANE_A,20204.0,-22.3,87.7,1.0,0,450.0,-4.57,-7.02,-4.21,-6.63,2.7,-2.54,0.86,-2.3,-0.56,21.62,-2.52,-0.17,-0.003,-0.03,0.7786,1
11.95,TRAIN_M08_LADAKH_FAULT06_EGT_IMBAL,TRAIN,LADAKH,CRUISE_LOITER,5396.7,2220.9,74.5,85.96,86.01,85.82,85.9,781.31,781.41,781.41,781.71,4.32,90.47,9.8,3.0,41.19,0.726,14.07,3.01,LANE_A,20204.0,-22.3,87.7,1.0,0,450.0,-4.56,-7.01,-4.2,-6.62,2.52,-2.38,0.62,-2.08,-0.53,21.72,-2.56,-0.17,-0.032,-0.03,0.7798,1
12.0,TRAIN_M08_LADAKH_FAULT06_EGT_IMBAL,TRAIN,LADAKH,CRUISE_LOITER,5393.4,2219.5,74.5,85.94,85.99,85.81,85.89,781.59,781.43,781.62,781.4,4.33,90.54,9.82,3.0,41.26,0.779,14.03,3.03,LANE_A,20205.0,-22.3,87.7,1.0,0,450.0,-4.53,-6.98,-4.16,-6.58,2.8,-2.36,0.83,-2.39,-0.52,21.83,-2.53,-0.1,0.022,-0.07,0.7812,1
12.05,TRAIN_M08_LADAKH_FAULT06_EGT_IMBAL,TRAIN,LADAKH,CRUISE_LOITER,5395.7,2220.5,74.5,85.92,85.96,85.78,85.87,781.78,781.54,781.75,781.21,4.33,90.54,9.83,3.0,41.32,0.768,14.06,3.31,LANE_A,20205.0,-22.3,87.7,0.997,0,448.6,-4.58,-7.04,-4.22,-6.63,2.99,-2.25,0.96,-2.58,-0.52,21.8,-2.52,-0.04,0.01,-0.04,0.7808,1
12.1,TRAIN_M08_LADAKH_FAULT06_EGT_IMBAL,TRAIN,LADAKH,CRUISE_LOITER,5398.8,2221.7,74.4,85.91,85.95,85.76,85.87,781.85,781.66,781.84,781.53,4.28,90.49,9.87,3.0,41.42,0.745,14.04,3.08,LANE_A,20206.0,-22.3,87.7,0.994,0,447.1,-4.63,-7.09,-4.28,-6.67,2.98,-2.21,0.97,-2.34,-0.57,21.72,-2.49,0.07,-0.013,-0.06,0.7802,1
12.15,TRAIN_M08_LADAKH_FAULT06_EGT_IMBAL,TRAIN,LADAKH,CRUISE_LOITER,5397.2,2221.1,74.4,85.89,85.93,85.74,85.85,781.91,781.41,782.0,781.83,4.31,90.55,9.9,3.0,41.37,0.765,14.08,3.3,LANE_A,20207.0,-22.3,87.7,0.991,0,445.7,-4.62,-7.08,-4.27,-6.66,3.04,-2.46,1.13,-2.04,-0.54,21.8,-2.45,0.02,0.007,-0.02,0.781,1
12.2,TRAIN_M08_LADAKH_FAULT06_EGT_IMBAL,TRAIN,LADAKH,CRUISE_LOITER,5394.1,2219.8,74.4,85.88,85.91,85.72,85.83,782.08,781.75,782.42,781.67,4.29,90.53,9.86,3.0,41.45,0.79,14.06,3.4,LANE_A,20207.0,-22.3,87.7,0.989,0,444.2,-4.59,-7.06,-4.25,-6.64,3.21,-2.12,1.55,-2.2,-0.56,21.82,-2.49,0.1,0.033,-0.04,0.7815,1
12.25,TRAIN_M08_LADAKH_FAULT06_EGT_IMBAL,TRAIN,LADAKH,CRUISE_LOITER,5397.5,2221.2,74.4,85.86,85.9,85.71,85.83,782.1,781.92,782.6,781.76,4.34,90.53,9.97,3.0,41.44,0.756,14.05,3.27,LANE_A,20208.0,-22.3,87.7,0.986,0,442.8,-4.66,-7.12,-4.31,-6.69,3.23,-1.95,1.73,-2.11,-0.51,21.78,-2.38,0.09,-0.002,-0.05,0.7804,1
12.3,TRAIN_M08_LADAKH_FAULT06_EGT_IMBAL,TRAIN,LADAKH,CRUISE_LOITER,5392.2,2219.0,74.4,85.85,85.88,85.69,85.81,782.12,781.88,783.05,782.02,4.33,90.58,9.95,3.0,41.28,0.764,14.07,3.24,LANE_A,20208.0,-22.3,87.7,0.983,0,441.4,-4.59,-7.06,-4.25,-6.63,3.25,-1.99,2.18,-1.85,-0.52,21.89,-2.39,-0.07,0.007,-0.03,0.7819,1
12.35,TRAIN_M08_LADAKH_FAULT06_EGT_IMBAL,TRAIN,LADAKH,CRUISE_LOITER,5386.5,2216.7,74.4,85.83,85.86,85.68,85.8,782.08,781.65,783.03,781.91,4.3,90.66,9.84,3.0,41.28,0.689,14.07,3.13,LANE_A,20209.0,-22.3,87.7,0.98,0,439.9,-4.52,-6.99,-4.17,-6.55,3.21,-2.22,2.16,-1.96,-0.55,22.04,-2.49,-0.06,-0.067,-0.03,0.7844,1
12.4,TRAIN_M08_LADAKH_FAULT06_EGT_IMBAL,TRAIN,LADAKH,CRUISE_LOITER,5392.3,2219.0,74.4,85.81,85.85,85.66,85.78,782.05,781.59,782.88,781.53,4.3,90.63,9.75,3.0,41.37,0.734,14.06,2.99,LANE_A,20209.0,-22.3,87.7,0.977,0,438.5,-4.63,-7.09,-4.28,-6.66,3.18,-2.28,2.01,-2.34,-0.55,21.94,-2.59,0.03,-0.023,-0.04,0.7833,1
12.45,TRAIN_M08_LADAKH_FAULT06_EGT_IMBAL,TRAIN,LADAKH,CRUISE_LOITER,5390.2,2218.2,74.4,85.79,85.82,85.63,85.76,781.97,781.64,783.3,781.66,4.31,90.59,9.68,3.0,41.26,0.759,14.07,3.21,LANE_A,20210.0,-22.3,87.6,0.974,0,437.0,-4.64,-7.11,-4.3,-6.67,3.1,-2.23,2.43,-2.21,-0.54,21.9,-2.66,-0.08,0.002,-0.03,0.7828,1
12.5,TRAIN_M08_LADAKH_FAULT06_EGT_IMBAL,TRAIN,LADAKH,CRUISE_LOITER,5387.4,2217.0,74.4,85.77,85.8,85.62,85.74,781.72,781.4,783.12,781.58,4.36,90.59,9.72,3.0,41.3,0.788,14.05,3.05,LANE_A,20210.0,-22.3,87.6,0.972,0,435.6,-4.62,-7.09,-4.27,-6.65,2.85,-2.47,2.25,-2.29,-0.49,21.94,-2.61,-0.04,0.032,-0.05,0.7828,1
12.55,TRAIN_M08_LADAKH_FAULT06_EGT_IMBAL,TRAIN,LADAKH,CRUISE_LOITER,5396.4,2220.7,74.4,85.76,85.78,85.6,85.73,781.76,781.97,783.51,781.59,4.32,90.44,9.78,3.0,41.48,0.687,14.04,3.23,LANE_A,20211.0,-22.3,87.6,0.969,0,434.2,-4.76,-7.24,-4.42,-6.79,2.89,-1.9,2.64,-2.28,-0.53,21.68,-2.57,0.14,-0.071,-0.06,0.7798,1
12.6,TRAIN_M08_LADAKH_FAULT06_EGT_IMBAL,TRAIN,LADAKH,CRUISE_LOITER,5392.2,2219.0,74.4,85.74,85.76,85.58,85.71,782.02,781.81,783.53,781.73,4.29,90.5,9.89,3.0,41.44,0.743,14.04,3.22,LANE_A,20211.0,-22.3,87.6,0.966,0,432.7,-4.72,-7.2,-4.38,-6.75,3.15,-2.06,2.66,-2.14,-0.56,21.79,-2.45,0.1,-0.014,-0.06,0.7813,1
12.65,TRAIN_M08_LADAKH_FAULT06_EGT_IMBAL,TRAIN,LADAKH,CRUISE_LOITER,5397.9,2221.4,74.4,85.72,85.74,85.57,85.7,782.16,781.91,783.75,781.23,4.31,90.52,9.92,3.0,41.38,0.745,14.05,3.09,LANE_A,20212.0,-22.3,87.6,0.963,0,431.3,-4.83,-7.31,-4.48,-6.85,3.29,-1.96,2.88,-2.64,-0.54,21.74,-2.43,0.04,-0.013,-0.05,0.7806,1
12.7,TRAIN_M08_LADAKH_FAULT06_EGT_IMBAL,TRAIN,LADAKH,CRUISE_LOITER,5404.0,2223.9,74.4,85.71,85.73,85.55,85.69,781.78,782.03,783.94,781.34,4.32,90.58,9.91,3.0,41.49,0.78,14.06,3.48,LANE_A,20213.0,-22.3,87.6,0.96,0,429.8,-4.93,-7.41,-4.59,-6.95,2.91,-1.84,3.07,-2.53,-0.53,21.73,-2.46,0.15,0.021,-0.04,0.7807,1
12.75,TRAIN_M08_LADAKH_FAULT06_EGT_IMBAL,TRAIN,LADAKH,CRUISE_LOITER,5402.0,2223.1,74.4,85.7,85.71,85.54,85.67,781.62,782.16,783.96,781.24,4.35,90.58,9.9,3.0,41.43,0.745,14.05,3.09,LANE_A,20213.0,-22.3,87.6,0.958,0,428.4,-4.91,-7.4,-4.57,-6.94,2.75,-1.71,3.09,-2.63,-0.5,21.75,-2.46,0.09,-0.014,-0.05,0.7806,1
12.8,TRAIN_M08_LADAKH_FAULT06_EGT_IMBAL,TRAIN,LADAKH,CRUISE_LOITER,5399.1,2221.8,74.4,85.69,85.69,85.52,85.66,781.99,782.2,784.29,781.3,4.35,90.45,9.85,3.0,41.37,0.753,14.06,2.97,LANE_A,20214.0,-22.3,87.6,0.955,0,427.0,-4.87,-7.37,-4.54,-6.9,3.12,-1.67,3.42,-2.57,-0.5,21.66,-2.5,0.03,-0.005,-0.04,0.7793,1
12.85,TRAIN_M08_LADAKH_FAULT06_EGT_IMBAL,TRAIN,LADAKH,CRUISE_LOITER,5397.6,2221.2,74.4,85.67,85.68,85.5,85.64,782.03,782.36,784.6,781.57,4.33,90.57,9.8,3.0,41.31,0.703,14.04,3.37,LANE_A,20214.0,-22.3,87.6,0.952,0,425.5,-4.87,-7.36,-4.54,-6.9,3.16,-1.51,3.73,-2.3,-0.52,21.8,-2.55,-0.03,-0.055,-0.06,0.7817,1
12.9,TRAIN_M08_LADAKH_FAULT06_EGT_IMBAL,TRAIN,LADAKH,CRUISE_LOITER,5398.2,2221.5,74.4,85.65,85.66,85.48,85.63,782.22,782.41,784.49,781.27,4.36,90.64,9.75,3.0,41.29,0.798,14.06,3.09,LANE_A,20215.0,-22.3,87.6,0.949,0,424.1,-4.9,-7.39,-4.57,-6.92,3.35,-1.46,3.62,-2.6,-0.49,21.86,-2.6,-0.04,0.04,-0.04,0.7824,1
12.95,TRAIN_M08_LADAKH_FAULT06_EGT_IMBAL,TRAIN,LADAKH,CRUISE_LOITER,5396.6,2220.8,74.4,85.64,85.65,85.46,85.6,781.78,782.17,785.2,781.21,4.3,90.48,9.77,3.0,41.22,0.832,14.05,3.37,LANE_A,20215.0,-22.3,87.6,0.946,0,422.6,-4.89,-7.38,-4.57,-6.93,2.91,-1.7,4.33,-2.66,-0.55,21.72,-2.58,-0.11,0.074,-0.05,0.781,1
13.0,TRAIN_M08_LADAKH_FAULT06_EGT_IMBAL,TRAIN,LADAKH,CRUISE_LOITER,5394.3,2219.9,74.4,85.62,85.62,85.45,85.59,781.54,782.24,785.67,780.94,4.34,90.4,9.61,3.0,41.22,0.736,14.06,3.17,LANE_A,20216.0,-22.3,87.6,0.943,0,421.2,-4.87,-7.37,-4.54,-6.9,2.67,-1.63,4.8,-2.93,-0.51,21.67,-2.73,-0.11,-0.021,-0.04,0.78,1
13.05,TRAIN_M08_LADAKH_FAULT06_EGT_IMBAL,TRAIN,LADAKH,CRUISE_LOITER,5388.8,2217.6,74.4,85.59,85.61,85.43,85.57,781.44,782.13,786.05,780.59,4.33,90.43,9.75,3.0,41.19,0.756,14.06,3.41,LANE_A,20216.0,-22.4,87.5,0.941,0,419.8,-4.75,-7.23,-4.41,-6.77,2.59,-1.72,5.2,-3.26,-0.52,21.84,-2.58,-0.14,-0.001,-0.04,0.782,1
13.1,TRAIN_M08_LADAKH_FAULT06_EGT_IMBAL,TRAIN,LADAKH,CRUISE_LOITER,5384.8,2216.0,74.3,85.58,85.6,85.42,85.56,781.52,781.94,786.37,780.58,4.34,90.35,9.85,3.0,41.32,0.69,14.05,3.41,LANE_A,20217.0,-22.4,87.5,0.938,0,418.3,-4.69,-7.17,-4.35,-6.71,2.59,-1.99,5.44,-3.35,-0.51,21.81,-2.47,0.0,-0.066,-0.05,0.7812,1
13.15,TRAIN_M08_LADAKH_FAULT06_EGT_IMBAL,TRAIN,LADAKH,CRUISE_LOITER,5374.0,2211.5,74.3,85.57,85.58,85.4,85.55,781.71,781.83,786.83,780.92,4.32,90.23,9.8,3.0,41.3,0.824,14.05,3.12,LANE_A,20217.0,-22.4,87.5,0.935,0,416.9,-4.54,-7.03,-4.21,-6.56,2.78,-2.1,5.9,-3.01,-0.53,21.82,-2.5,-0.02,0.07,-0.05,0.7813,1
13.2,TRAIN_M08_LADAKH_FAULT06_EGT_IMBAL,TRAIN,LADAKH,CRUISE_LOITER,5376.3,2212.5,74.3,85.56,85.56,85.38,85.52,781.66,781.69,787.06,781.02,4.37,90.25,9.74,3.0,41.23,0.756,14.05,3.05,LANE_A,20218.0,-22.4,87.5,0.932,0,415.4,-4.58,-7.08,-4.26,-6.62,2.73,-2.24,6.13,-2.91,-0.48,21.82,-2.56,-0.09,0.001,-0.05,0.781,1
13.25,TRAIN_M08_LADAKH_FAULT06_EGT_IMBAL,TRAIN,LADAKH,CRUISE_LOITER,5373.1,2211.2,74.3,85.53,85.54,85.36,85.51,781.86,781.6,787.23,781.14,4.29,90.24,9.69,3.0,41.21,0.73,14.08,2.92,LANE_A,20218.0,-22.4,87.5,0.929,0,414.0,-4.56,-7.05,-4.23,-6.58,2.93,-2.33,6.3,-2.79,-0.56,21.85,-2.6,-0.11,-0.024,-0.02,0.7822,1
13.3,TRAIN_M08_LADAKH_FAULT06_EGT_IMBAL,TRAIN,LADAKH,CRUISE_LOITER,5376.4,2212.5,74.3,85.52,85.52,85.34,85.49,781.78,781.71,787.3,781.31,4.34,90.26,9.7,3.0,41.19,0.708,14.05,3.15,LANE_A,20219.0,-22.4,87.5,0.926,0,412.6,-4.62,-7.12,-4.3,-6.65,2.85,-2.22,6.37,-2.62,-0.51,21.83,-2.6,-0.13,-0.047,-0.05,0.7816,1
13.35,TRAIN_M08_LADAKH_FAULT06_EGT_IMBAL,TRAIN,LADAKH,CRUISE_LOITER,5371.7,2210.6,74.3,85.5,85.5,85.32,85.47,781.86,781.91,787.47,781.35,4.31,90.18,9.73,3.0,41.32,0.692,14.07,3.23,LANE_A,20219.0,-22.4,87.5,0.923,0,411.1,-4.57,-7.07,-4.25,-6.6,2.93,-2.02,6.54,-2.58,-0.54,21.8,-2.56,0.0,-0.062,-0.03,0.7813,1
13.4,TRAIN_M08_LADAKH_FAULT06_EGT_IMBAL,TRAIN,LADAKH,CRUISE_LOITER,5374.1,2211.6,74.3,85.48,85.48,85.3,85.45,781.84,781.91,787.9,781.23,4.31,90.17,9.7,3.0,41.39,0.758,14.05,3.04,LANE_A,20220.0,-22.4,87.5,0.921,0,409.7,-4.63,-7.13,-4.31,-6.66,2.91,-2.02,6.97,-2.7,-0.54,21.77,-2.59,0.07,0.004,-0.05,0.781,1
13.45,TRAIN_M08_LADAKH_FAULT06_EGT_IMBAL,TRAIN,LADAKH,CRUISE_LOITER,5378.0,2213.2,74.3,85.46,85.46,85.29,85.42,781.78,782.13,788.19,781.18,4.33,90.14,9.73,3.0,41.32,0.773,14.08,3.33,LANE_A,20220.0,-22.4,87.5,0.918,0,408.2,-4.7,-7.2,-4.37,-6.74,2.85,-1.8,7.26,-2.75,-0.52,21.69,-2.57,0.0,0.018,-0.02,0.7798,1
13.5,TRAIN_M08_LADAKH_FAULT06_EGT_IMBAL,TRAIN,LADAKH,CRUISE_LOITER,5386.1,2216.5,74.3,85.44,85.44,85.28,85.4,782.1,782.21,788.88,781.02,4.35,90.02,9.84,3.0,41.3,0.801,14.06,3.08,LANE_A,20220.0,-22.4,87.5,0.915,0,406.8,-4.85,-7.35,-4.51,-6.89,3.17,-1.72,7.95,-2.91,-0.5,21.47,-2.48,-0.02,0.045,-0.04,0.7768,1
13.55,TRAIN_M08_LADAKH_FAULT06_EGT_IMBAL,TRAIN,LADAKH,CRUISE_LOITER,5384.1,2215.7,74.3,85.43,85.43,85.26,85.39,782.08,781.96,788.98,781.27,4.37,89.88,9.83,3.0,41.3,0.731,14.07,3.35,LANE_A,20221.0,-22.4,87.5,0.912,0,405.4,-4.83,-7.33,-4.5,-6.87,3.15,-1.97,8.05,-2.66,-0.48,21.36,-2.49,-0.02,-0.025,-0.03,0.7749,1
13.6,TRAIN_M08_LADAKH_FAULT06_EGT_IMBAL,TRAIN,LADAKH,CRUISE_LOITER,5387.8,2217.2,74.3,85.41,85.41,85.25,85.38,782.34,781.97,789.35,781.03,4.35,89.92,9.77,3.0,41.44,0.801,14.05,3.26,LANE_A,20221.0,-22.4,87.5,0.909,0,403.9,-4.9,-7.4,-4.56,-6.93,3.41,-1.96,8.42,-2.9,-0.5,21.35,-2.56,0.12,0.045,-0.05,0.7753,1
13.65,TRAIN_M08_LADAKH_FAULT06_EGT_IMBAL,TRAIN,LADAKH,CRUISE_LOITER,5391.2,2218.6,74.3,85.39,85.4,85.23,85.36,782.19,782.17,789.29,781.26,4.37,89.83,9.73,3.0,41.29,0.816,14.03,2.94,LANE_A,20222.0,-22.4,87.4,0.906,0,402.5,-5.0,-7.49,-4.66,-7.03,3.26,-1.76,8.36,-2.67,-0.48,21.2,-2.6,-0.03,0.059,-0.07,0.7733,1
13.7,TRAIN_M08_LADAKH_FAULT06_EGT_IMBAL,TRAIN,LADAKH,CRUISE_LOITER,5391.9,2218.9,74.3,85.38,85.38,85.22,85.35,782.27,782.32,789.85,781.11,4.38,89.93,9.88,3.0,41.25,0.824,14.03,3.28,LANE_A,20222.0,-22.4,87.4,0.904,0,401.0,-5.02,-7.52,-4.68,-7.05,3.34,-1.61,8.92,-2.82,-0.47,21.29,-2.45,-0.07,0.067,-0.07,0.7743,1
13.75,TRAIN_M08_LADAKH_FAULT06_EGT_IMBAL,TRAIN,LADAKH,CRUISE_LOITER,5391.9,2218.9,74.3,85.36,85.37,85.21,85.34,782.6,782.34,790.52,781.19,4.38,89.89,9.98,3.0,41.23,0.752,14.08,3.21,LANE_A,20223.0,-22.4,87.4,0.901,0,399.6,-5.04,-7.53,-4.69,-7.06,3.67,-1.59,9.59,-2.74,-0.47,21.25,-2.35,-0.09,-0.005,-0.02,0.7736,1
13.8,TRAIN_M08_LADAKH_FAULT06_EGT_IMBAL,TRAIN,LADAKH,CRUISE_LOITER,5393.2,2219.4,74.2,85.36,85.36,85.21,85.33,782.77,781.95,790.96,781.27,4.31,90.0,10.02,3.0,41.16,0.798,14.07,3.43,LANE_A,20223.0,-22.4,87.4,0.898,0,398.2,-5.05,-7.55,-4.7,-7.08,3.77,-2.05,9.96,-2.73,-0.54,21.35,-2.31,-0.15,0.041,-0.03,0.7757,1
13.85,TRAIN_M08_LADAKH_FAULT06_EGT_IMBAL,TRAIN,LADAKH,CRUISE_LOITER,5397.7,2221.3,74.2,85.35,85.35,85.2,85.32,782.46,782.0,791.11,781.29,4.31,90.05,9.96,3.0,41.05,0.723,14.06,3.14,LANE_A,20224.0,-22.4,87.4,0.895,0,396.7,-5.13,-7.63,-4.78,-7.16,3.46,-2.0,10.11,-2.71,-0.54,21.35,-2.38,-0.26,-0.035,-0.04,0.776,1
13.9,TRAIN_M08_LADAKH_FAULT06_EGT_IMBAL,TRAIN,LADAKH,CRUISE_LOITER,5389.4,2217.9,74.2,85.33,85.34,85.18,85.31,782.66,782.12,791.59,781.07,4.31,90.03,9.87,3.0,41.05,0.744,14.06,3.2,LANE_A,20224.0,-22.4,87.4,0.892,0,395.3,-5.02,-7.51,-4.67,-7.04,3.66,-1.88,10.59,-2.93,-0.54,21.43,-2.45,-0.26,-0.013,-0.04,0.777,1
13.95,TRAIN_M08_LADAKH_FAULT06_EGT_IMBAL,TRAIN,LADAKH,CRUISE_LOITER,5386.6,2216.7,74.2,85.32,85.32,85.17,85.29,782.12,782.37,792.12,781.2,4.31,90.14,9.82,3.0,41.13,0.789,14.07,3.13,LANE_A,20225.0,-22.4,87.4,0.889,0,393.8,-4.99,-7.49,-4.64,-7.02,3.12,-1.63,11.12,-2.8,-0.54,21.57,-2.5,-0.18,0.033,-0.03,0.7791,1
14.0,TRAIN_M08_LADAKH_FAULT06_EGT_IMBAL,TRAIN,LADAKH,CRUISE_LOITER,5387.8,2217.2,74.2,85.31,85.3,85.15,85.27,781.97,782.7,792.45,781.51,4.28,90.02,9.82,3.0,41.28,0.744,14.07,3.39,LANE_A,20225.0,-22.4,87.4,0.887,0,392.4,-5.02,-7.53,-4.68,-7.06,2.97,-1.3,11.45,-2.49,-0.57,21.44,-2.5,-0.03,-0.012,-0.03,0.7776,1
14.05,TRAIN_M08_LADAKH_FAULT06_EGT_IMBAL,TRAIN,LADAKH,CRUISE_LOITER,5384.6,2215.9,74.2,85.3,85.29,85.14,85.26,781.78,782.19,792.53,781.89,4.34,89.93,9.86,3.0,41.37,0.774,14.05,3.1,LANE_A,20225.0,-22.4,87.4,0.884,0,391.0,-4.98,-7.49,-4.64,-7.02,2.78,-1.81,11.53,-2.11,-0.51,21.39,-2.45,0.06,0.018,-0.05,0.7762,1
14.1,TRAIN_M08_LADAKH_FAULT06_EGT_IMBAL,TRAIN,LADAKH,CRUISE_LOITER,5384.9,2216.0,74.2,85.28,85.28,85.13,85.24,781.57,782.08,792.67,781.89,4.35,89.99,9.82,3.0,41.4,0.794,14.07,3.16,LANE_A,20226.0,-22.4,87.4,0.881,0,389.5,-5.0,-7.5,-4.65,-7.04,2.57,-1.92,11.67,-2.11,-0.5,21.44,-2.49,0.1,0.038,-0.03,0.7769,1
14.15,TRAIN_M08_LADAKH_FAULT06_EGT_IMBAL,TRAIN,LADAKH,CRUISE_LOITER,5387.1,2216.9,74.2,85.27,85.27,85.12,85.23,781.95,782.41,792.8,782.02,4.33,90.05,9.85,3.0,41.26,0.751,14.04,3.29,LANE_A,20226.0,-22.4,87.4,0.878,0,388.1,-5.05,-7.55,-4.7,-7.09,2.95,-1.59,11.8,-1.98,-0.52,21.48,-2.47,-0.04,-0.005,-0.06,0.7778,1
14.2,TRAIN_M08_LADAKH_FAULT06_EGT_IMBAL,TRAIN,LADAKH,CRUISE_LOITER,5383.2,2215.3,74.2,85.26,85.25,85.1,85.22,781.79,782.34,793.13,782.02,4.31,90.08,9.88,3.0,41.17,0.743,14.07,3.19,LANE_A,20227.0,-22.4,87.4,0.875,0,386.6,-5.0,-7.51,-4.66,-7.04,2.79,-1.66,12.13,-1.98,-0.54,21.56,-2.43,-0.13,-0.013,-0.03,0.7789,1
14.25,TRAIN_M08_LADAKH_FAULT06_EGT_IMBAL,TRAIN,LADAKH,CRUISE_LOITER,5384.5,2215.8,74.2,85.25,85.24,85.09,85.21,781.94,782.33,793.25,782.11,4.28,90.11,9.83,3.0,41.21,0.781,14.05,3.25,LANE_A,20227.0,-22.4,87.4,0.873,0,385.2,-5.03,-7.54,-4.69,-7.07,2.94,-1.67,12.25,-1.89,-0.57,21.57,-2.48,-0.09,0.025,-0.05,0.7796,1
14.3,TRAIN_M08_LADAKH_FAULT06_EGT_IMBAL,TRAIN,LADAKH,CRUISE_LOITER,5382.2,2214.9,74.2,85.23,85.22,85.08,85.19,782.04,782.13,793.82,781.95,4.37,90.14,9.8,3.0,41.25,0.774,14.06,3.22,LANE_A,20228.0,-22.4,87.3,0.87,0,383.8,-5.04,-7.55,-4.69,-7.08,3.04,-1.87,12.82,-2.05,-0.48,21.61,-2.51,-0.05,0.018,-0.04,0.7794,1
14.35,TRAIN_M08_LADAKH_FAULT06_EGT_IMBAL,TRAIN,LADAKH,CRUISE_LOITER,5381.9,2214.8,74.1,85.22,85.21,85.06,85.18,782.33,782.32,793.93,781.89,4.3,90.11,9.87,3.0,41.09,0.766,14.06,3.23,LANE_A,20228.0,-22.4,87.3,0.867,0,382.3,-5.03,-7.54,-4.69,-7.07,3.25,-1.76,12.85,-2.19,-0.55,21.59,-2.43,-0.2,0.01,-0.04,0.7796,1
14.4,TRAIN_M08_LADAKH_FAULT06_EGT_IMBAL,TRAIN,LADAKH,CRUISE_LOITER,5381.6,2214.7,74.1,85.21,85.2,85.05,85.16,782.15,782.07,794.11,781.9,4.33,90.04,9.79,3.0,41.15,0.825,14.07,3.26,LANE_A,20228.0,-22.4,87.3,0.864,0,380.9,-5.04,-7.55,-4.7,-7.09,3.07,-2.01,13.03,-2.18,-0.52,21.52,-2.51,-0.14,0.07,-0.03,0.7786,1
14.45,TRAIN_M08_LADAKH_FAULT06_EGT_IMBAL,TRAIN,LADAKH,CRUISE_LOITER,5378.1,2213.2,74.1,85.19,85.19,85.04,85.15,782.48,782.02,794.05,782.26,4.35,90.05,9.78,3.0,41.2,0.711,14.06,3.2,LANE_A,20229.0,-22.4,87.3,0.861,0,379.4,-5.01,-7.51,-4.66,-7.05,3.4,-2.06,12.97,-1.82,-0.5,21.57,-2.51,-0.09,-0.044,-0.04,0.779,1
14.5,TRAIN_M08_LADAKH_FAULT06_EGT_IMBAL,TRAIN,LADAKH,CRUISE_LOITER,5384.7,2215.9,74.1,85.18,85.17,85.02,85.14,782.53,781.72,794.25,782.23,4.32,90.0,9.78,3.0,41.23,0.804,14.04,2.91,LANE_A,20229.0,-22.4,87.3,0.858,0,378.0,-5.11,-7.62,-4.77,-7.15,3.45,-2.36,13.17,-1.85,-0.53,21.44,-2.53,-0.06,0.048,-0.06,0.7777,1
14.55,TRAIN_M08_LADAKH_FAULT06_EGT_IMBAL,TRAIN,LADAKH,CRUISE_LOITER,5389.8,2218.0,74.1,85.17,85.16,85.01,85.13,782.31,781.82,794.23,782.36,4.35,90.01,9.78,3.0,41.24,0.82,14.07,2.72,LANE_A,20230.0,-22.4,87.3,0.855,0,376.6,-5.2,-7.71,-4.86,-7.24,3.23,-2.26,13.15,-1.72,-0.5,21.39,-2.54,-0.05,0.063,-0.03,0.777,1
14.6,TRAIN_M08_LADAKH_FAULT06_EGT_IMBAL,TRAIN,LADAKH,CRUISE_LOITER,5395.7,2220.5,74.1,85.15,85.15,85.0,85.11,782.19,781.73,794.49,782.36,4.32,89.91,9.78,3.0,41.35,0.765,14.08,2.91,LANE_A,20230.0,-22.4,87.3,0.853,0,375.1,-5.31,-7.81,-4.96,-7.35,3.11,-2.35,13.41,-1.72,-0.53,21.22,-2.55,0.06,0.007,-0.02,0.775,1
14.65,TRAIN_M08_LADAKH_FAULT06_EGT_IMBAL,TRAIN,LADAKH,CRUISE_LOITER,5399.6,2222.1,74.1,85.13,85.14,84.99,85.11,781.93,781.59,794.65,782.33,4.35,89.98,9.91,3.0,41.47,0.73,14.04,3.3,LANE_A,20230.0,-22.4,87.3,0.85,0,373.7,-5.39,-7.88,-5.03,-7.41,2.85,-2.49,13.57,-1.75,-0.5,21.24,-2.43,0.18,-0.028,-0.06,0.7751,1
14.7,TRAIN_M08_LADAKH_FAULT06_EGT_IMBAL,TRAIN,LADAKH,CRUISE_LOITER,5395.8,2220.5,74.1,85.13,85.13,84.98,85.09,782.15,781.56,795.11,782.43,4.34,89.91,9.82,3.0,41.59,0.705,14.06,3.21,LANE_A,20231.0,-22.4,87.3,0.847,0,372.2,-5.33,-7.83,-4.98,-7.37,3.07,-2.52,14.03,-1.65,-0.51,21.22,-2.51,0.3,-0.053,-0.04,0.7749,1
14.75,TRAIN_M08_LADAKH_FAULT06_EGT_IMBAL,TRAIN,LADAKH,CRUISE_LOITER,5396.9,2221.0,74.1,85.12,85.12,84.96,85.08,782.3,781.49,795.4,782.48,4.34,89.96,9.75,3.0,41.4,0.788,14.05,3.26,LANE_A,20231.0,-22.4,87.3,0.844,0,370.8,-5.36,-7.86,-5.02,-7.4,3.22,-2.59,14.32,-1.6,-0.51,21.26,-2.58,0.11,0.03,-0.05,0.7757,1
14.8,TRAIN_M08_LADAKH_FAULT06_EGT_IMBAL,TRAIN,LADAKH,CRUISE_LOITER,5399.7,2222.1,74.1,85.11,85.11,84.96,85.06,782.12,781.25,795.58,782.45,4.31,89.88,9.81,3.0,41.45,0.735,14.06,3.07,LANE_A,20232.0,-22.4,87.3,0.841,0,369.4,-5.41,-7.91,-5.06,-7.46,3.04,-2.83,14.5,-1.63,-0.54,21.14,-2.53,0.16,-0.023,-0.04,0.7743,1
14.85,TRAIN_M08_LADAKH_FAULT06_EGT_IMBAL,TRAIN,LADAKH,CRUISE_LOITER,5395.0,2220.2,74.0,85.09,85.09,84.94,85.05,782.43,781.39,796.15,782.36,4.37,90.02,9.66,3.0,41.28,0.725,14.06,3.4,LANE_A,20232.0,-22.4,87.3,0.838,0,367.9,-5.35,-7.85,-5.0,-7.39,3.28,-2.76,15.0,-1.79,-0.48,21.35,-2.67,0.0,-0.032,-0.04,0.777,1
14.9,TRAIN_M08_LADAKH_FAULT06_EGT_IMBAL,TRAIN,LADAKH,CRUISE_LOITER,5388.9,2217.7,74.0,85.08,85.08,84.93,85.04,782.53,781.43,796.32,782.02,4.29,90.12,9.79,3.0,41.18,0.706,14.08,3.16,LANE_A,20232.0,-22.4,87.3,0.836,0,366.5,-5.27,-7.77,-4.92,-7.31,3.38,-2.72,15.17,-2.13,-0.56,21.52,-2.52,-0.1,-0.051,-0.02,0.7797,1
14.95,TRAIN_M08_LADAKH_FAULT06_EGT_IMBAL,TRAIN,LADAKH,CRUISE_LOITER,5387.7,2217.1,74.0,85.07,85.07,84.92,85.03,782.22,781.48,796.61,781.83,4.33,90.14,9.77,3.0,41.23,0.768,14.04,3.28,LANE_A,20233.0,-22.4,87.3,0.833,0,365.0,-5.26,-7.76,-4.91,-7.3,3.07,-2.67,15.46,-2.32,-0.52,21.56,-2.54,-0.05,0.012,-0.06,0.7799,1
15.0,TRAIN_M08_LADAKH_FAULT06_EGT_IMBAL,TRAIN,LADAKH,CRUISE_LOITER,5386.7,2216.8,74.0,85.06,85.05,84.91,85.02,782.41,781.66,796.83,781.88,4.36,90.01,9.87,3.0,41.33,0.763,14.06,3.19,LANE_A,20233.0,-22.4,87.2,0.83,0,363.6,-5.28,-7.79,-4.93,-7.32,3.26,-2.49,15.68,-2.27,-0.49,21.42,-2.44,0.05,0.007,-0.04,0.7776,1
15.05,TRAIN_M08_LADAKH_FAULT06_EGT_IMBAL,TRAIN,LADAKH,CRUISE_LOITER,5386.9,2216.8,74.0,85.05,85.04,84.9,85.0,782.46,781.65,797.08,782.33,4.37,90.05,9.84,3.0,41.36,0.813,14.06,2.95,LANE_A,20233.0,-22.4,87.2,0.827,0,362.2,-5.29,-7.8,-4.94,-7.34,3.31,-2.5,15.93,-1.82,-0.48,21.46,-2.47,0.08,0.057,-0.04,0.7782,1
15.1,TRAIN_M08_LADAKH_FAULT06_EGT_IMBAL,TRAIN,LADAKH,CRUISE_LOITER,5387.9,2217.2,74.0,85.04,85.03,84.88,84.99,782.13,781.88,797.5,782.23,4.34,90.06,9.85,3.0,41.31,0.82,14.08,3.58,LANE_A,20234.0,-22.4,87.2,0.824,0,360.7,-5.32,-7.83,-4.98,-7.37,2.98,-2.27,16.35,-1.92,-0.51,21.45,-2.46,0.03,0.064,-0.02,0.7784,1
15.15,TRAIN_M08_LADAKH_FAULT06_EGT_IMBAL,TRAIN,LADAKH,CRUISE_LOITER,5395.2,2220.3,74.0,85.02,85.02,84.87,84.98,782.32,781.7,797.67,782.36,4.32,90.07,9.74,3.0,41.33,0.807,14.08,2.99,LANE_A,20234.0,-22.4,87.2,0.822,0,359.3,-5.45,-7.95,-5.1,-7.49,3.17,-2.45,16.52,-1.79,-0.53,21.38,-2.59,0.05,0.049,-0.02,0.7781,1
15.2,TRAIN_M08_LADAKH_FAULT06_EGT_IMBAL,TRAIN,LADAKH,CRUISE_LOITER,5394.8,2220.1,74.0,85.0,85.0,84.85,84.97,781.88,781.7,797.79,782.27,4.35,90.1,9.7,3.0,41.35,0.807,14.07,3.11,LANE_A,20234.0,-22.4,87.2,0.819,0,357.8,-5.46,-7.96,-5.11,-7.49,2.73,-2.45,16.64,-1.88,-0.5,21.41,-2.63,0.07,0.05,-0.03,0.7784,1
15.25,TRAIN_M08_LADAKH_FAULT06_EGT_IMBAL,TRAIN,LADAKH,CRUISE_LOITER,5393.9,2219.7,74.0,84.99,84.99,84.84,84.96,782.01,781.73,798.07,782.3,4.34,90.03,9.75,3.0,41.19,0.745,14.07,3.22,LANE_A,20235.0,-22.5,87.2,0.816,0,356.4,-5.36,-7.86,-5.01,-7.39,2.87,-2.41,16.93,-1.84,-0.51,21.45,-2.58,-0.09,-0.012,-0.03,0.7787,1
15.3,TRAIN_M08_LADAKH_FAULT06_EGT_IMBAL,TRAIN,LADAKH,CRUISE_LOITER,5393.1,2219.4,73.9,84.97,84.98,84.82,84.95,781.78,781.54,798.23,782.23,4.35,89.93,9.69,3.0,41.19,0.807,14.06,3.04,LANE_A,20235.0,-22.5,87.2,0.813,0,355.0,-5.36,-7.85,-5.01,-7.38,2.57,-2.67,17.02,-1.98,-0.5,21.37,-2.63,-0.08,0.05,-0.04,0.7776,1
15.35,TRAIN_M08_LADAKH_FAULT06_EGT_IMBAL,TRAIN,LADAKH,CRUISE_LOITER,5396.3,2220.7,73.9,84.95,84.97,84.81,84.93,781.95,781.86,798.65,782.3,4.35,89.86,9.72,3.0,41.15,0.743,14.07,3.66,LANE_A,20235.0,-22.5,87.2,0.81,0,353.5,-5.43,-7.91,-5.07,-7.45,2.74,-2.35,17.44,-1.91,-0.5,21.26,-2.61,-0.12,-0.015,-0.03,0.7762,1
15.4,TRAIN_M08_LADAKH_FAULT06_EGT_IMBAL,TRAIN,LADAKH,CRUISE_LOITER,5391.2,2218.6,73.9,84.94,84.95,84.79,84.92,781.93,781.77,798.74,782.1,4.38,89.8,9.64,3.0,41.11,0.74,14.1,3.64,LANE_A,20236.0,-22.5,87.2,0.807,0,352.1,-5.36,-7.85,-5.01,-7.38,2.72,-2.44,17.53,-2.11,-0.47,21.26,-2.68,-0.16,-0.017,0.0,0.7759,1
15.45,TRAIN_M08_LADAKH_FAULT06_EGT_IMBAL,TRAIN,LADAKH,CRUISE_LOITER,5390.8,2218.4,73.9,84.93,84.93,84.79,84.89,782.03,782.21,799.28,782.05,4.36,89.85,9.68,3.0,41.18,0.719,14.06,3.06,LANE_A,20236.0,-22.5,87.2,0.804,0,350.6,-5.37,-7.87,-5.01,-7.41,2.82,-2.0,18.07,-2.16,-0.49,21.31,-2.64,-0.09,-0.038,-0.04,0.7768,1
15.5,TRAIN_M08_LADAKH_FAULT06_EGT_IMBAL,TRAIN,LADAKH,CRUISE_LOITER,5385.2,2216.1,73.9,84.92,84.91,84.77,84.88,781.73,782.28,799.4,782.15,4.32,89.69,9.6,3.0,41.14,0.72,14.08,3.06,LANE_A,20236.0,-22.5,87.2,0.802,0,349.2,-5.29,-7.8,-4.94,-7.33,2.52,-1.93,18.19,-2.06,-0.53,21.22,-2.7,-0.13,-0.036,-0.02,0.7758,1
15.55,TRAIN_M08_LADAKH_FAULT06_EGT_IMBAL,TRAIN,LADAKH,CRUISE_LOITER,5380.1,2214.0,73.9,84.9,84.9,84.76,84.86,781.92,782.21,799.65,782.23,4.38,89.74,9.68,3.0,41.25,0.737,14.07,3.34,LANE_A,20237.0,-22.5,87.2,0.799,0,347.8,-5.23,-7.73,-4.87,-7.27,2.71,-2.0,18.44,-1.98,-0.47,21.33,-2.61,-0.02,-0.018,-0.03,0.7766,1
15.6,TRAIN_M08_LADAKH_FAULT06_EGT_IMBAL,TRAIN,LADAKH,CRUISE_LOITER,5374.0,2211.5,73.9,84.89,84.88,84.75,84.85,782.35,782.15,800.07,782.14,4.3,89.81,9.67,3.0,41.18,0.694,14.06,3.19,LANE_A,20237.0,-22.5,87.2,0.796,0,346.3,-5.15,-7.66,-4.79,-7.19,3.14,-2.06,18.86,-2.07,-0.55,21.48,-2.61,-0.09,-0.06,-0.04,0.7793,1
15.65,TRAIN_M08_LADAKH_FAULT06_EGT_IMBAL,TRAIN,LADAKH,CRUISE_LOITER,5382.6,2215.0,73.9,84.87,84.87,84.73,84.84,782.36,782.51,800.74,782.33,4.32,89.94,9.66,3.0,41.13,0.696,14.04,3.18,LANE_A,20237.0,-22.5,87.2,0.793,0,344.9,-5.3,-7.8,-4.94,-7.33,3.15,-1.7,19.53,-1.88,-0.53,21.5,-2.64,-0.14,-0.06,-0.06,0.7799,1
15.7,TRAIN_M08_LADAKH_FAULT06_EGT_IMBAL,TRAIN,LADAKH,CRUISE_LOITER,5379.4,2213.7,73.8,84.85,84.86,84.72,84.83,782.42,782.48,801.15,782.23,4.32,89.96,9.7,3.0,41.21,0.758,14.08,3.43,LANE_A,20238.0,-22.5,87.2,0.79,0,343.4,-5.26,-7.75,-4.89,-7.28,3.13,-1.81,19.86,-2.06,-0.53,21.57,-2.59,-0.05,0.003,-0.02,0.7807,1
15.75,TRAIN_M08_LADAKH_FAULT06_EGT_IMBAL,TRAIN,LADAKH,CRUISE_LOITER,5375.4,2212.1,73.8,84.84,84.85,84.7,84.82,782.25,782.48,801.72,781.96,4.31,89.99,9.71,3.0,41.28,0.768,14.05,3.13,LANE_A,20238.0,-22.5,87.1,0.787,0,342.0,-5.24,-7.73,-4.88,-7.26,2.96,-1.81,20.43,-2.33,-0.54,21.63,-2.57,0.02,0.013,-0.05,0.7817,1
15.8,TRAIN_M08_LADAKH_FAULT06_EGT_IMBAL,TRAIN,LADAKH,CRUISE_LOITER,5366.8,2208.6,73.8,84.82,84.83,84.68,84.8,782.21,782.44,802.03,782.08,4.36,89.97,9.63,3.0,41.2,0.745,14.08,3.19,LANE_A,20238.0,-22.5,87.1,0.785,0,340.6,-5.13,-7.62,-4.77,-7.15,2.92,-1.85,20.74,-2.21,-0.48,21.71,-2.63,-0.06,-0.008,-0.02,0.7821,1
15.85,TRAIN_M08_LADAKH_FAULT06_EGT_IMBAL,TRAIN,LADAKH,CRUISE_LOITER,5369.6,2209.7,73.8,84.8,84.82,84.67,84.79,782.63,782.45,802.48,782.02,4.31,89.89,9.63,3.0,41.17,0.749,14.05,3.19,LANE_A,20239.0,-22.5,87.1,0.782,0,339.1,-5.19,-7.67,-4.82,-7.2,3.34,-1.84,21.19,-2.27,-0.54,21.6,-2.63,-0.09,-0.005,-0.05,0.7813,1
15.9,TRAIN_M08_LADAKH_FAULT06_EGT_IMBAL,TRAIN,LADAKH,CRUISE_LOITER,5376.1,2212.4,73.8,84.78,84.8,84.65,84.78,782.77,782.59,802.54,782.43,4.36,90.0,9.55,3.0,41.14,0.691,14.07,3.11,LANE_A,20239.0,-22.5,87.1,0.779,0,337.7,-5.31,-7.79,-4.94,-7.31,3.48,-1.7,21.25,-1.86,-0.49,21.63,-2.73,-0.12,-0.064,-0.03,0.7818,1
15.95,TRAIN_M08_LADAKH_FAULT06_EGT_IMBAL,TRAIN,LADAKH,CRUISE_LOITER,5381.3,2214.5,73.8,84.77,84.78,84.64,84.77,782.66,782.25,803.03,782.65,4.31,90.02,9.62,3.0,41.25,0.763,14.03,3.31,LANE_A,20239.0,-22.5,87.1,0.776,0,336.2,-5.4,-7.89,-5.03,-7.4,3.37,-2.04,21.74,-1.64,-0.54,21.59,-2.67,-0.01,0.008,-0.07,0.7818,1
16.0,TRAIN_M08_LADAKH_FAULT06_EGT_IMBAL,TRAIN,LADAKH,CRUISE_LOITER,5375.6,2212.2,73.8,84.75,84.77,84.62,84.75,782.68,781.71,803.04,782.78,4.36,90.04,9.61,3.0,41.41,0.748,14.06,3.32,LANE_A,20240.0,-22.5,87.1,0.773,0,334.8,-5.33,-7.81,-4.96,-7.33,3.39,-2.58,21.75,-1.51,-0.49,21.67,-2.67,0.16,-0.007,-0.04,0.7823,1
16.05,TRAIN_M08_LADAKH_FAULT06_EGT_IMBAL,TRAIN,LADAKH,CRUISE_LOITER,5383.0,2215.2,73.8,84.74,84.75,84.61,84.75,782.6,781.82,803.22,782.4,4.34,89.99,9.7,3.0,41.25,0.746,14.08,3.35,LANE_A,20240.0,-22.5,87.1,0.77,0,333.4,-5.45,-7.94,-5.08,-7.44,3.31,-2.47,21.93,-1.89,-0.51,21.54,-2.59,0.0,-0.01,-0.02,0.7808,1
16.1,TRAIN_M08_LADAKH_FAULT06_EGT_IMBAL,TRAIN,LADAKH,CRUISE_LOITER,5386.2,2216.6,73.7,84.72,84.74,84.6,84.73,782.43,781.86,803.64,782.36,4.31,89.85,9.73,3.0,41.17,0.831,14.06,3.49,LANE_A,20240.0,-22.5,87.1,0.768,0,331.9,-5.51,-7.99,-5.13,-7.5,3.07,-2.5,22.28,-2.0,-0.54,21.36,-2.57,-0.08,0.075,-0.04,0.7788,1
16.15,TRAIN_M08_LADAKH_FAULT06_EGT_IMBAL,TRAIN,LADAKH,CRUISE_LOITER,5381.6,2214.6,73.7,84.72,84.73,84.58,84.72,782.41,781.57,804.49,782.37,4.3,89.88,9.84,3.0,41.29,0.797,14.07,3.09,LANE_A,20240.0,-22.5,87.1,0.765,0,330.5,-5.44,-7.93,-5.08,-7.44,3.05,-2.79,23.13,-1.99,-0.55,21.45,-2.45,0.04,0.042,-0.03,0.7799,1
16.2,TRAIN_M08_LADAKH_FAULT06_EGT_IMBAL,TRAIN,LADAKH,CRUISE_LOITER,5377.2,2212.9,73.7,84.71,84.73,84.58,84.71,782.29,781.53,804.63,782.81,4.34,89.87,9.93,3.0,41.37,0.759,14.04,3.07,LANE_A,20241.0,-22.5,87.1,0.762,0,329.0,-5.38,-7.86,-5.01,-7.38,2.93,-2.83,23.27,-1.55,-0.51,21.49,-2.35,0.12,0.004,-0.06,0.7798,1
16.25,TRAIN_M08_LADAKH_FAULT06_EGT_IMBAL,TRAIN,LADAKH,CRUISE_LOITER,5374.8,2211.8,73.7,84.71,84.72,84.57,84.7,781.84,781.79,804.84,782.75,4.35,89.93,9.83,3.0,41.33,0.721,14.08,3.06,LANE_A,20241.0,-22.5,87.1,0.759,0,327.6,-5.35,-7.84,-4.99,-7.36,2.48,-2.57,23.48,-1.61,-0.5,21.58,-2.44,0.08,-0.033,-0.02,0.7811,1
16.3,TRAIN_M08_LADAKH_FAULT06_EGT_IMBAL,TRAIN,LADAKH,CRUISE_LOITER,5370.5,2210.1,73.7,84.7,84.71,84.56,84.69,781.66,782.31,805.33,782.75,4.31,90.01,9.89,3.0,41.25,0.831,14.07,3.25,LANE_A,20241.0,-22.5,87.1,0.756,0,326.2,-5.29,-7.78,-4.93,-7.3,2.3,-2.05,23.97,-1.61,-0.54,21.71,-2.37,0.0,0.077,-0.03,0.7831,1
16.35,TRAIN_M08_LADAKH_FAULT06_EGT_IMBAL,TRAIN,LADAKH,CRUISE_LOITER,5374.1,2211.6,73.7,84.68,84.7,84.56,84.67,781.42,782.4,805.34,782.62,4.32,90.07,9.87,3.0,41.33,0.672,14.05,3.38,LANE_A,20241.0,-22.5,87.1,0.753,0,324.7,-5.37,-7.85,-4.99,-7.38,2.06,-1.96,23.98,-1.74,-0.53,21.73,-2.4,0.08,-0.082,-0.05,0.7836,1
16.4,TRAIN_M08_LADAKH_FAULT06_EGT_IMBAL,TRAIN,LADAKH,CRUISE_LOITER,5374.4,2211.7,73.7,84.67,84.69,84.55,84.66,781.56,782.12,805.48,782.65,4.31,90.18,9.75,3.0,41.3,0.762,14.09,3.01,LANE_A,20242.0,-22.5,87.1,0.751,0,323.3,-5.38,-7.86,-5.0,-7.39,2.2,-2.24,24.12,-1.71,-0.54,21.84,-2.52,0.06,0.008,-0.01,0.7853,1
16.45,TRAIN_M08_LADAKH_FAULT06_EGT_IMBAL,TRAIN,LADAKH,CRUISE_LOITER,5375.3,2212.1,73.6,84.66,84.69,84.54,84.65,781.68,782.16,805.71,782.32,4.32,90.31,9.77,3.0,41.09,0.761,14.06,3.19,LANE_A,20242.0,-22.5,87.1,0.748,0,321.8,-5.4,-7.87,-5.02,-7.41,2.24,-2.28,24.27,-2.12,-0.53,21.97,-2.5,-0.15,0.006,-0.04,0.7871,1
16.5,TRAIN_M08_LADAKH_FAULT06_EGT_IMBAL,TRAIN,LADAKH,CRUISE_LOITER,5381.6,2214.6,73.6,84.65,84.67,84.53,84.64,781.49,782.15,805.66,782.23,4.35,90.31,9.79,3.0,41.22,0.73,14.06,3.04,LANE_A,20242.0,-22.5,87.1,0.745,0,320.4,-5.5,-7.98,-5.12,-7.51,2.05,-2.29,24.22,-2.21,-0.5,21.89,-2.49,-0.02,-0.025,-0.04,0.7859,1
16.55,TRAIN_M08_LADAKH_FAULT06_EGT_IMBAL,TRAIN,LADAKH,CRUISE_LOITER,5381.9,2214.8,73.6,84.64,84.66,84.52,84.63,781.63,782.46,806.19,782.4,4.27,90.38,9.8,3.0,41.25,0.727,14.06,3.08,LANE_A,20242.0,-22.5,87.1,0.742,6,319.0,-5.52,-8.0,-5.14,-7.53,2.19,-1.98,24.75,-2.04,-0.58,21.96,-2.48,0.01,-0.029,-0.04,0.7877,1
16.6,TRAIN_M08_LADAKH_FAULT06_EGT_IMBAL,TRAIN,LADAKH,CRUISE_LOITER,5392.6,2219.2,73.6,84.62,84.65,84.51,84.63,781.7,782.52,806.7,782.01,4.32,90.45,9.69,3.0,41.3,0.642,14.04,3.45,LANE_A,20243.0,-22.5,87.0,0.739,6,317.5,-5.72,-8.19,-5.33,-7.71,2.26,-1.92,25.26,-2.43,-0.53,21.88,-2.62,0.06,-0.115,-0.06,0.7871,1
16.65,TRAIN_M08_LADAKH_FAULT06_EGT_IMBAL,TRAIN,LADAKH,CRUISE_LOITER,5392.9,2219.3,73.6,84.61,84.64,84.5,84.62,781.82,782.3,806.49,782.02,4.28,90.55,9.71,3.0,41.28,0.748,14.08,3.28,LANE_A,20243.0,-22.5,87.0,0.736,6,316.1,-5.74,-8.21,-5.35,-7.73,2.38,-2.14,25.05,-2.42,-0.57,21.97,-2.6,0.04,-0.009,-0.02,0.7885,1
16.7,TRAIN_M08_LADAKH_FAULT06_EGT_IMBAL,TRAIN,LADAKH,CRUISE_LOITER,5406.9,2225.1,73.6,84.6,84.63,84.49,84.61,782.22,782.31,807.16,782.41,4.26,90.51,9.81,3.0,41.25,0.775,14.05,3.27,LANE_A,20243.0,-22.5,87.0,0.734,6,314.6,-5.96,-8.43,-5.57,-7.95,2.78,-2.13,25.72,-2.03,-0.6,21.76,-2.53,0.01,0.016,-0.05,0.7864,1
16.75,TRAIN_M08_LADAKH_FAULT06_EGT_IMBAL,TRAIN,LADAKH,CRUISE_LOITER,5397.7,2221.3,73.6,84.59,84.62,84.48,84.61,782.28,782.23,807.31,782.73,4.34,90.49,9.67,3.0,41.26,0.735,14.05,3.17,LANE_A,20243.0,-22.5,87.0,0.731,6,313.2,-5.83,-8.3,-5.44,-7.81,2.84,-2.21,25.87,-1.71,-0.51,21.85,-2.65,0.02,-0.023,-0.05,0.7868,1
16.8,TRAIN_M08_LADAKH_FAULT06_EGT_IMBAL,TRAIN,LADAKH,CRUISE_LOITER,5386.1,2216.5,73.5,84.57,84.61,84.47,84.59,782.62,781.81,807.76,782.36,4.3,90.56,9.66,3.0,41.07,0.725,14.08,3.12,LANE_A,20244.0,-22.5,87.0,0.728,6,311.8,-5.66,-8.12,-5.26,-7.64,3.11,-2.7,26.25,-2.15,-0.55,22.07,-2.63,-0.16,-0.031,-0.02,0.7897,1
16.85,TRAIN_M08_LADAKH_FAULT06_EGT_IMBAL,TRAIN,LADAKH,CRUISE_LOITER,5384.8,2216.0,73.5,84.57,84.6,84.45,84.58,782.42,782.14,808.44,782.74,4.32,90.72,9.72,3.0,41.2,0.726,14.08,3.17,LANE_A,20244.0,-22.5,87.0,0.725,6,310.3,-5.65,-8.12,-5.27,-7.64,2.91,-2.37,26.93,-1.77,-0.53,22.25,-2.57,-0.03,-0.03,-0.02,0.792,1
16.9,TRAIN_M08_LADAKH_FAULT06_EGT_IMBAL,TRAIN,LADAKH,CRUISE_LOITER,5386.0,2216.5,73.5,84.56,84.59,84.45,84.57,782.62,782.16,808.2,782.42,4.35,90.69,9.76,3.0,41.15,0.821,14.05,3.21,LANE_A,20244.0,-22.5,87.0,0.722,6,308.9,-5.67,-8.14,-5.28,-7.66,3.11,-2.35,26.69,-2.09,-0.5,22.2,-2.53,-0.08,0.065,-0.05,0.7911,1
16.95,TRAIN_M08_LADAKH_FAULT06_EGT_IMBAL,TRAIN,LADAKH,CRUISE_LOITER,5389.8,2218.0,73.5,84.55,84.58,84.44,84.55,782.84,782.53,808.72,782.45,4.35,90.63,9.8,3.0,41.12,0.78,14.09,3.33,LANE_A,20244.0,-22.5,87.0,0.72,6,307.4,-5.74,-8.21,-5.35,-7.74,3.33,-1.98,27.21,-2.06,-0.5,22.1,-2.5,-0.11,0.023,-0.01,0.7899,1
17.0,TRAIN_M08_LADAKH_FAULT06_EGT_IMBAL,TRAIN,LADAKH,CRUISE_LOITER,5395.8,2220.5,73.5,84.54,84.57,84.43,84.54,782.95,782.47,809.14,782.33,4.32,90.53,9.79,3.0,41.16,0.803,14.07,3.18,LANE_A,20244.0,-22.5,87.0,0.717,6,306.0,-5.84,-8.31,-5.45,-7.84,3.44,-2.04,27.63,-2.18,-0.53,21.92,-2.52,-0.07,0.045,-0.03,0.788,1
17.05,TRAIN_M08_LADAKH_FAULT06_EGT_IMBAL,TRAIN,LADAKH,CRUISE_LOITER,5385.7,2216.3,73.5,84.53,84.56,84.43,84.53,782.93,782.83,809.74,782.12,4.32,90.59,9.89,3.0,41.07,0.72,14.06,3.39,LANE_A,20245.0,-22.5,87.0,0.714,6,304.6,-5.7,-8.17,-5.3,-7.7,3.42,-1.68,28.23,-2.39,-0.53,22.11,-2.4,-0.16,-0.036,-0.04,0.7902,1
17.1,TRAIN_M08_LADAKH_FAULT06_EGT_IMBAL,TRAIN,LADAKH,CRUISE_LOITER,5378.6,2213.4,73.5,84.52,84.55,84.41,84.52,782.85,782.9,809.92,782.13,4.35,90.48,9.76,3.0,41.12,0.783,14.07,2.84,LANE_A,20245.0,-22.5,87.0,0.711,6,303.1,-5.6,-8.07,-5.21,-7.6,3.34,-1.61,28.41,-2.38,-0.5,22.08,-2.51,-0.11,0.028,-0.03,0.7895,1
17.15,TRAIN_M08_LADAKH_FAULT06_EGT_IMBAL,TRAIN,LADAKH,CRUISE_LOITER,5384.5,2215.8,73.4,84.51,84.54,84.4,84.52,782.53,782.99,810.3,781.99,4.3,90.51,9.75,3.0,41.04,0.818,14.06,3.19,LANE_A,20245.0,-22.5,87.0,0.708,6,301.7,-5.69,-8.16,-5.3,-7.68,2.94,-1.6,28.71,-2.6,-0.55,22.05,-2.53,-0.18,0.062,-0.04,0.7898,1
17.2,TRAIN_M08_LADAKH_FAULT06_EGT_IMBAL,TRAIN,LADAKH,CRUISE_LOITER,5382.3,2215.0,73.4,84.5,84.53,84.4,84.51,782.54,783.02,811.09,782.09,4.33,90.5,9.75,3.0,41.03,0.68,14.06,3.19,LANE_A,20245.0,-22.5,87.0,0.705,6,300.2,-5.67,-8.14,-5.27,-7.66,2.95,-1.57,29.5,-2.5,-0.52,22.07,-2.53,-0.19,-0.076,-0.04,0.79,1
17.25,TRAIN_M08_LADAKH_FAULT06_EGT_IMBAL,TRAIN,LADAKH,CRUISE_LOITER,5378.9,2213.6,73.4,84.49,84.51,84.38,84.49,782.83,782.96,811.51,782.15,4.35,90.61,9.57,3.0,41.03,0.791,14.07,3.22,LANE_A,20245.0,-22.5,87.0,0.703,6,298.8,-5.63,-8.11,-5.24,-7.63,3.24,-1.63,29.92,-2.44,-0.5,22.22,-2.7,-0.19,0.036,-0.03,0.792,1
17.3,TRAIN_M08_LADAKH_FAULT06_EGT_IMBAL,TRAIN,LADAKH,CRUISE_LOITER,5380.4,2214.2,73.4,84.47,84.49,84.37,84.47,782.98,782.91,811.8,781.94,4.27,90.85,9.61,3.0,41.06,0.724,14.07,3.14,LANE_A,20246.0,-22.5,87.0,0.7,6,297.4,-5.67,-8.15,-5.27,-7.67,3.39,-1.68,30.21,-2.65,-0.58,22.44,-2.66,-0.16,-0.031,-0.03,0.7957,1
17.35,TRAIN_M08_LADAKH_FAULT06_EGT_IMBAL,TRAIN,LADAKH,CRUISE_LOITER,5378.4,2213.3,73.4,84.47,84.48,84.35,84.46,782.68,782.77,811.86,782.27,4.31,90.73,9.68,3.0,41.12,0.788,14.07,3.14,LANE_A,20246.0,-22.5,87.0,0.697,6,295.9,-5.64,-8.13,-5.26,-7.65,3.09,-1.82,30.27,-2.32,-0.54,22.34,-2.59,-0.1,0.033,-0.03,0.7939,1
17.4,TRAIN_M08_LADAKH_FAULT06_EGT_IMBAL,TRAIN,LADAKH,CRUISE_LOITER,5381.7,2214.7,73.4,84.46,84.48,84.35,84.45,783.13,782.85,812.01,782.23,4.32,90.72,9.73,3.0,41.21,0.769,14.06,3.31,LANE_A,20246.0,-22.5,87.0,0.694,6,294.5,-5.7,-8.18,-5.31,-7.71,3.54,-1.74,30.42,-2.36,-0.53,22.29,-2.55,-0.01,0.014,-0.04,0.7932,1
17.45,TRAIN_M08_LADAKH_FAULT06_EGT_IMBAL,TRAIN,LADAKH,CRUISE_LOITER,5380.5,2214.2,73.3,84.45,84.46,84.35,84.44,782.87,782.93,812.42,782.41,4.33,90.7,9.72,3.0,41.16,0.705,14.07,3.16,LANE_A,20246.0,-22.5,87.0,0.691,6,293.0,-5.68,-8.17,-5.28,-7.69,3.21,-1.73,30.76,-2.25,-0.52,22.3,-2.55,-0.05,-0.05,-0.03,0.7933,1
17.5,TRAIN_M08_LADAKH_FAULT06_EGT_IMBAL,TRAIN,LADAKH,CRUISE_LOITER,5392.0,2218.9,73.3,84.44,84.45,84.33,84.43,782.93,782.67,812.49,782.78,4.3,90.77,9.69,3.0,41.22,0.737,14.06,3.32,LANE_A,20246.0,-22.5,87.0,0.688,6,291.6,-5.86,-8.35,-5.47,-7.87,3.27,-1.99,30.83,-1.88,-0.55,22.23,-2.61,0.01,-0.02,-0.04,0.7931,1
17.55,TRAIN_M08_LADAKH_FAULT06_EGT_IMBAL,TRAIN,LADAKH,CRUISE_LOITER,5382.2,2214.9,73.3,84.43,84.44,84.32,84.42,782.72,782.75,812.89,782.48,4.26,90.7,9.74,3.0,41.17,0.65,14.06,3.32,LANE_A,20247.0,-22.5,87.0,0.685,6,290.2,-5.72,-8.21,-5.33,-7.73,3.06,-1.91,31.23,-2.18,-0.59,22.28,-2.53,-0.04,-0.106,-0.04,0.7939,1
17.6,TRAIN_M08_LADAKH_FAULT06_EGT_IMBAL,TRAIN,LADAKH,CRUISE_LOITER,5386.8,2216.8,73.3,84.43,84.43,84.31,84.41,783.22,782.84,813.34,782.55,4.27,90.72,9.73,3.0,41.22,0.757,14.07,3.42,LANE_A,20247.0,-22.5,86.9,0.683,6,288.7,-5.82,-8.32,-5.44,-7.84,3.56,-1.82,31.68,-2.11,-0.58,22.22,-2.55,0.01,0.001,-0.03,0.7932,1
17.65,TRAIN_M08_LADAKH_FAULT06_EGT_IMBAL,TRAIN,LADAKH,CRUISE_LOITER,5391.4,2218.7,73.3,84.42,84.42,84.3,84.4,783.03,782.73,813.92,782.09,4.31,90.79,9.73,3.0,41.14,0.754,14.07,3.15,LANE_A,20247.0,-22.5,86.9,0.68,6,287.3,-5.9,-8.4,-5.52,-7.92,3.37,-1.93,32.26,-2.57,-0.54,22.23,-2.56,-0.07,-0.003,-0.03,0.7933,1
17.7,TRAIN_M08_LADAKH_FAULT06_EGT_IMBAL,TRAIN,LADAKH,CRUISE_LOITER,5385.9,2216.4,73.3,84.41,84.41,84.28,84.39,782.95,782.7,814.06,782.06,4.35,90.75,9.7,3.0,41.32,0.687,14.07,3.52,LANE_A,20247.0,-22.5,86.9,0.677,6,285.8,-5.83,-8.33,-5.46,-7.85,3.29,-1.96,32.4,-2.6,-0.5,22.26,-2.58,0.11,-0.069,-0.03,0.7934,1
17.75,TRAIN_M08_LADAKH_FAULT06_EGT_IMBAL,TRAIN,LADAKH,CRUISE_LOITER,5390.6,2218.3,73.2,84.4,84.4,84.28,84.37,782.72,782.93,814.25,782.24,4.31,90.6,9.66,3.0,41.23,0.753,14.05,3.11,LANE_A,20247.0,-22.5,86.9,0.674,6,284.4,-5.9,-8.4,-5.52,-7.93,2.99,-1.8,32.52,-2.49,-0.54,22.06,-2.63,0.03,-0.004,-0.05,0.7912,1
17.8,TRAIN_M08_LADAKH_FAULT06_EGT_IMBAL,TRAIN,LADAKH,CRUISE_LOITER,5392.4,2219.1,73.2,84.39,84.39,84.27,84.36,782.91,783.02,814.15,782.27,4.33,90.55,9.69,3.0,41.34,0.75,14.07,3.23,LANE_A,20247.0,-22.6,86.9,0.671,6,283.0,-5.84,-8.34,-5.46,-7.87,3.19,-1.7,32.43,-2.45,-0.52,22.08,-2.61,0.14,-0.007,-0.03,0.7912,1
17.85,TRAIN_M08_LADAKH_FAULT06_EGT_IMBAL,TRAIN,LADAKH,CRUISE_LOITER,5396.7,2220.9,73.2,84.38,84.38,84.27,84.35,782.66,782.99,814.27,782.04,4.3,90.58,9.67,3.0,41.29,0.725,14.06,3.32,LANE_A,20247.0,-22.6,86.9,0.668,6,281.5,-5.92,-8.42,-5.53,-7.95,2.94,-1.73,32.55,-2.68,-0.55,22.06,-2.64,0.09,-0.033,-0.04,0.7914,1
17.9,TRAIN_M08_LADAKH_FAULT06_EGT_IMBAL,TRAIN,LADAKH,CRUISE_LOITER,5395.4,2220.3,73.2,84.37,84.37,84.26,84.34,782.89,782.84,814.53,781.99,4.33,90.55,9.65,3.0,41.33,0.791,14.1,3.18,LANE_A,20248.0,-22.6,86.9,0.666,6,280.1,-5.91,-8.41,-5.52,-7.94,3.17,-1.88,32.81,-2.73,-0.52,22.05,-2.65,0.13,0.033,0.0,0.7911,1
17.95,TRAIN_M08_LADAKH_FAULT06_EGT_IMBAL,TRAIN,LADAKH,CRUISE_LOITER,5402.7,2223.3,73.2,84.36,84.36,84.25,84.33,783.07,782.4,814.74,782.22,4.31,90.57,9.71,3.0,41.22,0.791,14.05,3.14,LANE_A,20248.0,-22.6,86.9,0.663,6,278.6,-6.03,-8.53,-5.64,-8.06,3.35,-2.32,33.02,-2.5,-0.55,21.98,-2.61,0.02,0.032,-0.05,0.7906,1
18.0,TRAIN_M08_LADAKH_FAULT06_EGT_IMBAL,TRAIN,LADAKH,CRUISE_LOITER,5394.5,2220.0,73.2,84.35,84.35,84.24,84.31,782.48,782.28,814.86,782.15,4.25,90.54,9.69,3.0,41.08,0.718,14.06,3.4,LANE_A,20248.0,-22.6,86.9,0.66,6,277.2,-5.91,-8.41,-5.52,-7.95,2.76,-2.44,33.14,-2.57,-0.6,22.05,-2.61,-0.12,-0.039,-0.04,0.7917,1
18.05,TRAIN_M08_LADAKH_FAULT06_EGT_IMBAL,TRAIN,LADAKH,CRUISE_LOITER,5384.9,2216.0,73.2,84.34,84.34,84.23,84.3,782.46,782.46,815.01,782.4,4.33,90.54,9.74,3.0,41.12,0.796,14.07,3.34,LANE_A,20248.0,-22.6,86.9,0.657,6,275.8,-5.78,-8.28,-5.39,-7.82,2.74,-2.26,33.29,-2.32,-0.52,22.17,-2.54,-0.08,0.04,-0.03,0.7923,1
18.1,TRAIN_M08_LADAKH_FAULT06_EGT_IMBAL,TRAIN,LADAKH,CRUISE_LOITER,5380.6,2214.2,73.1,84.33,84.33,84.23,84.29,782.53,782.53,814.91,782.28,4.28,90.58,9.7,3.0,41.11,0.79,14.05,3.09,LANE_A,20248.0,-22.6,86.9,0.654,6,274.3,-5.71,-8.21,-5.31,-7.75,2.74,-2.26,33.12,-2.51,-0.57,22.27,-2.57,-0.08,0.035,-0.05,0.7939,1
18.15,TRAIN_M08_LADAKH_FAULT06_EGT_IMBAL,TRAIN,LADAKH,CRUISE_LOITER,5380.5,2214.2,73.1,84.32,84.32,84.21,84.28,782.5,782.68,815.29,782.36,4.35,90.5,9.64,3.0,41.2,0.755,14.06,3.23,LANE_A,20248.0,-22.6,86.9,0.651,6,272.9,-5.72,-8.22,-5.33,-7.76,2.71,-2.11,33.5,-2.43,-0.5,22.19,-2.63,0.01,0.0,-0.04,0.7924,1
18.2,TRAIN_M08_LADAKH_FAULT06_EGT_IMBAL,TRAIN,LADAKH,CRUISE_LOITER,5379.3,2213.7,73.1,84.31,84.31,84.2,84.27,782.52,782.72,815.74,782.29,4.32,90.56,9.64,3.0,41.29,0.768,14.06,3.43,LANE_A,20248.0,-22.6,86.9,0.649,6,271.4,-5.71,-8.21,-5.32,-7.75,2.73,-2.07,33.95,-2.5,-0.53,22.26,-2.62,0.1,0.013,-0.04,0.7937,1
18.25,TRAIN_M08_LADAKH_FAULT06_EGT_IMBAL,TRAIN,LADAKH,CRUISE_LOITER,5379.4,2213.7,73.1,84.3,84.3,84.18,84.26,782.7,782.8,816.14,782.28,4.29,90.64,9.64,3.0,41.11,0.748,14.09,3.05,LANE_A,20248.0,-22.6,86.9,0.646,6,270.0,-5.72,-8.22,-5.34,-7.76,2.91,-1.99,34.35,-2.51,-0.56,22.34,-2.62,-0.08,-0.007,-0.01,0.795,1
18.3,TRAIN_M08_LADAKH_FAULT06_EGT_IMBAL,TRAIN,LADAKH,CRUISE_LOITER,5378.7,2213.5,73.1,84.29,84.28,84.17,84.25,782.78,782.85,816.4,782.11,4.3,90.7,9.58,3.0,41.0,0.746,14.07,3.37,LANE_A,20249.0,-22.6,86.9,0.643,6,268.6,-5.72,-8.23,-5.34,-7.76,2.99,-1.94,34.61,-2.68,-0.55,22.41,-2.68,-0.19,-0.009,-0.03,0.796,1
18.35,TRAIN_M08_LADAKH_FAULT06_EGT_IMBAL,TRAIN,LADAKH,CRUISE_LOITER,5372.6,2210.9,73.1,84.28,84.27,84.16,84.24,782.71,782.96,816.54,782.26,4.31,90.75,9.61,3.0,41.05,0.784,14.06,3.11,LANE_A,20249.0,-22.6,86.9,0.64,6,267.1,-5.64,-8.15,-5.26,-7.68,2.92,-1.83,34.75,-2.53,-0.54,22.53,-2.64,-0.14,0.03,-0.04,0.7973,1
18.4,TRAIN_M08_LADAKH_FAULT06_EGT_IMBAL,TRAIN,LADAKH,CRUISE_LOITER,5375.1,2212.0,73.0,84.27,84.26,84.14,84.23,782.48,782.97,816.87,782.14,4.29,90.79,9.67,3.0,41.15,0.72,14.05,3.43,LANE_A,20249.0,-22.6,86.9,0.637,6,265.7,-5.68,-8.19,-5.31,-7.72,2.62,-1.89,35.01,-2.72,-0.56,22.55,-2.58,-0.03,-0.034,-0.05,0.7978,1
18.45,TRAIN_M08_LADAKH_FAULT06_EGT_IMBAL,TRAIN,LADAKH,CRUISE_LOITER,5373.7,2211.4,73.0,84.26,84.25,84.13,84.21,782.66,783.05,817.55,782.17,4.28,90.84,9.71,3.0,41.19,0.83,14.07,3.39,LANE_A,20249.0,-22.6,86.9,0.635,6,264.2,-5.67,-8.18,-5.3,-7.72,2.8,-1.81,35.69,-2.69,-0.57,22.62,-2.54,0.01,0.076,-0.03,0.7989,1
18.5,TRAIN_M08_LADAKH_FAULT06_EGT_IMBAL,TRAIN,LADAKH,CRUISE_LOITER,5375.4,2212.1,73.0,84.25,84.23,84.13,84.2,782.72,782.68,817.91,781.93,4.3,90.88,9.55,3.0,41.03,0.794,14.05,3.49,LANE_A,20249.0,-22.6,86.9,0.632,6,262.8,-5.7,-8.22,-5.32,-7.75,2.86,-2.18,36.05,-2.93,-0.55,22.64,-2.7,-0.15,0.039,-0.05,0.7993,1
18.55,TRAIN_M08_LADAKH_FAULT06_EGT_IMBAL,TRAIN,LADAKH,CRUISE_LOITER,5374.7,2211.8,73.0,84.23,84.22,84.11,84.18,782.79,782.7,818.0,782.3,4.37,90.88,9.54,3.0,41.09,0.78,14.05,3.04,LANE_A,20249.0,-22.6,86.9,0.629,6,261.4,-5.71,-8.22,-5.33,-7.76,2.93,-2.16,36.14,-2.56,-0.48,22.65,-2.71,-0.09,0.026,-0.05,0.799,1
18.6,TRAIN_M08_LADAKH_FAULT06_EGT_IMBAL,TRAIN,LADAKH,CRUISE_LOITER,5369.0,2209.5,73.0,84.22,84.21,84.1,84.17,782.34,782.87,818.49,782.34,4.29,90.84,9.51,3.0,41.08,0.762,14.07,3.03,LANE_A,20249.0,-22.6,86.9,0.626,6,259.9,-5.64,-8.15,-5.26,-7.69,2.48,-1.99,36.63,-2.52,-0.56,22.67,-2.73,-0.1,0.008,-0.03,0.7998,1
18.65,TRAIN_M08_LADAKH_FAULT06_EGT_IMBAL,TRAIN,LADAKH,CRUISE_LOITER,5371.3,2210.4,72.9,84.21,84.2,84.08,84.16,782.7,782.75,818.72,782.8,4.31,90.8,9.65,3.0,41.12,0.768,14.04,3.11,LANE_A,20249.0,-22.6,86.9,0.623,6,258.5,-5.67,-8.18,-5.3,-7.72,2.76,-2.19,36.78,-2.14,-0.54,22.61,-2.59,-0.06,0.014,-0.06,0.7988,1
18.7,TRAIN_M08_LADAKH_FAULT06_EGT_IMBAL,TRAIN,LADAKH,CRUISE_LOITER,5365.9,2208.2,72.9,84.19,84.19,84.08,84.15,782.71,782.79,818.89,782.83,4.32,90.75,9.69,3.0,41.05,0.758,14.07,3.05,LANE_A,20249.0,-22.6,86.9,0.62,6,257.0,-5.61,-8.11,-5.22,-7.65,2.77,-2.15,36.95,-2.11,-0.53,22.63,-2.54,-0.13,0.005,-0.03,0.7988,1
18.75,TRAIN_M08_LADAKH_FAULT06_EGT_IMBAL,TRAIN,LADAKH,CRUISE_LOITER,5366.5,2208.5,72.9,84.18,84.18,84.07,84.14,782.95,782.81,819.18,782.83,4.31,90.81,9.68,3.0,41.05,0.797,14.05,3.3,LANE_A,20249.0,-22.6,86.9,0.617,6,255.6,-5.63,-8.13,-5.24,-7.67,3.01,-2.13,37.24,-2.11,-0.54,22.68,-2.55,-0.13,0.044,-0.05,0.7996,1
18.8,TRAIN_M08_LADAKH_FAULT06_EGT_IMBAL,TRAIN,LADAKH,CRUISE_LOITER,5367.2,2208.7,72.9,84.18,84.18,84.06,84.13,783.21,782.69,819.48,782.58,4.28,90.9,9.68,3.0,41.13,0.77,14.06,3.24,LANE_A,20249.0,-22.6,86.9,0.615,6,254.2,-5.64,-8.14,-5.26,-7.69,3.27,-2.25,37.54,-2.36,-0.57,22.76,-2.55,-0.05,0.017,-0.04,0.801,1
18.85,TRAIN_M08_LADAKH_FAULT06_EGT_IMBAL,TRAIN,LADAKH,CRUISE_LOITER,5366.9,2208.6,72.9,84.17,84.17,84.05,84.12,783.11,782.65,820.17,782.76,4.29,90.96,9.63,3.0,41.33,0.729,14.09,2.87,LANE_A,20250.0,-22.6,86.9,0.612,6,252.7,-5.65,-8.15,-5.27,-7.7,3.17,-2.29,38.23,-2.18,-0.56,22.83,-2.6,0.16,-0.024,-0.01,0.802,1
18.9,TRAIN_M08_LADAKH_FAULT06_EGT_IMBAL,TRAIN,LADAKH,CRUISE_LOITER,5373.2,2211.2,72.9,84.15,84.16,84.03,84.1,783.17,782.63,820.67,783.04,4.31,91.03,9.61,3.0,41.25,0.735,14.07,3.27,LANE_A,20250.0,-22.6,86.9,0.609,6,251.3,-5.76,-8.25,-5.38,-7.81,3.23,-2.31,38.73,-1.9,-0.54,22.82,-2.63,0.08,-0.019,-0.03,0.8021,1
18.95,TRAIN_M08_LADAKH_FAULT06_EGT_IMBAL,TRAIN,LADAKH,CRUISE_LOITER,5367.7,2208.9,72.8,84.14,84.14,84.02,84.08,783.43,782.66,820.61,782.97,4.32,90.93,9.59,3.0,41.16,0.705,14.06,3.25,LANE_A,20250.0,-22.6,86.9,0.606,6,249.8,-5.68,-8.18,-5.3,-7.74,3.42,-2.35,38.6,-2.04,-0.53,22.8,-2.64,-0.01,-0.048,-0.04,0.8016,1
19.0,TRAIN_M08_LADAKH_FAULT06_EGT_IMBAL,TRAIN,LADAKH,CRUISE_LOITER,5371.4,2210.5,72.8,84.13,84.13,84.0,84.07,783.56,782.59,820.72,783.28,4.29,91.01,9.61,3.0,41.17,0.761,14.06,3.28,LANE_A,20250.0,-22.6,86.9,0.603,6,248.4,-5.74,-8.24,-5.37,-7.8,3.55,-2.42,38.71,-1.73,-0.56,22.83,-2.63,0.0,0.007,-0.04,0.8024,1
19.05,TRAIN_M08_LADAKH_FAULT06_EGT_IMBAL,TRAIN,LADAKH,CRUISE_LOITER,5369.4,2209.6,72.8,84.12,84.11,84.0,84.06,783.5,782.75,820.93,783.6,4.3,91.03,9.64,3.0,41.06,0.713,14.08,2.98,LANE_A,20250.0,-22.6,86.8,0.601,6,247.0,-5.75,-8.26,-5.37,-7.81,3.49,-2.26,38.92,-1.41,-0.55,22.85,-2.59,-0.11,-0.041,-0.02,0.8026,1
19.1,TRAIN_M08_LADAKH_FAULT06_EGT_IMBAL,TRAIN,LADAKH,CRUISE_LOITER,5371.4,2210.4,72.8,84.1,84.09,83.98,84.05,783.64,782.96,821.06,783.46,4.3,91.03,9.6,3.0,41.07,0.671,14.09,3.03,LANE_A,20250.0,-22.6,86.8,0.598,6,245.5,-5.8,-8.31,-5.42,-7.85,3.63,-2.05,39.05,-1.55,-0.55,22.83,-2.64,-0.1,-0.083,-0.01,0.8025,1
19.15,TRAIN_M08_LADAKH_FAULT06_EGT_IMBAL,TRAIN,LADAKH,CRUISE_LOITER,5365.2,2207.9,72.8,84.09,84.08,83.97,84.03,783.61,782.66,821.54,783.7,4.29,91.08,9.59,3.0,41.04,0.809,14.06,3.2,LANE_A,20250.0,-22.6,86.8,0.595,6,244.1,-5.72,-8.23,-5.34,-7.78,3.6,-2.35,39.53,-1.31,-0.56,22.95,-2.63,-0.13,0.056,-0.04,0.804,1
19.2,TRAIN_M08_LADAKH_FAULT06_EGT_IMBAL,TRAIN,LADAKH,CRUISE_LOITER,5364.2,2207.5,72.8,84.08,84.07,83.97,84.02,783.47,782.35,821.93,783.47,4.28,91.19,9.7,3.0,41.03,0.786,14.05,3.07,LANE_A,20250.0,-22.6,86.8,0.592,6,242.6,-5.71,-8.22,-5.32,-7.77,3.46,-2.66,39.92,-1.54,-0.57,23.08,-2.52,-0.14,0.033,-0.05,0.8056,1
19.25,TRAIN_M08_LADAKH_FAULT06_EGT_IMBAL,TRAIN,LADAKH,CRUISE_LOITER,5370.3,2210.0,72.7,84.07,84.06,83.96,84.01,783.57,782.04,822.0,783.59,4.3,91.23,9.69,3.0,40.99,0.749,14.07,3.27,LANE_A,20250.0,-22.6,86.8,0.589,6,241.2,-5.8,-8.31,-5.41,-7.86,3.49,-3.04,39.92,-1.49,-0.55,23.05,-2.54,-0.17,-0.005,-0.03,0.8053,1
19.3,TRAIN_M08_LADAKH_FAULT06_EGT_IMBAL,TRAIN,LADAKH,CRUISE_LOITER,5365.3,2208.0,72.7,84.05,84.04,83.95,83.99,783.89,782.17,822.4,784.12,4.31,91.31,9.51,3.0,41.15,0.76,14.06,2.81,LANE_A,20250.0,-22.6,86.8,0.586,6,239.8,-5.75,-8.26,-5.35,-7.81,3.81,-2.91,40.32,-0.96,-0.54,23.19,-2.71,-0.01,0.007,-0.04,0.8072,1
19.35,TRAIN_M08_LADAKH_FAULT06_EGT_IMBAL,TRAIN,LADAKH,CRUISE_LOITER,5365.0,2207.8,72.7,84.04,84.03,83.93,83.98,784.16,782.19,822.8,783.51,4.27,91.26,9.5,3.0,41.18,0.816,14.06,3.19,LANE_A,20250.0,-22.6,86.8,0.583,6,238.3,-5.75,-8.26,-5.36,-7.81,4.08,-2.89,40.72,-1.57,-0.58,23.14,-2.72,0.02,0.063,-0.04,0.807,1
19.4,TRAIN_M08_LADAKH_FAULT06_EGT_IMBAL,TRAIN,LADAKH,CRUISE_LOITER,5357.6,2204.8,72.7,84.03,84.02,83.92,83.97,783.96,782.32,822.91,783.22,4.26,91.37,9.51,3.0,41.18,0.68,14.04,3.22,LANE_A,20250.0,-22.6,86.8,0.581,6,236.9,-5.65,-8.16,-5.26,-7.71,3.88,-2.76,40.83,-1.86,-0.58,23.34,-2.69,0.02,-0.072,-0.06,0.8093,1
19.45,TRAIN_M08_LADAKH_FAULT06_EGT_IMBAL,TRAIN,LADAKH,CRUISE_LOITER,5355.0,2203.7,72.7,84.02,84.0,83.9,83.95,783.74,782.28,823.27,783.84,4.28,91.34,9.55,3.0,41.22,0.764,14.08,3.35,LANE_A,20250.0,-22.6,86.8,0.578,6,235.4,-5.62,-8.14,-5.24,-7.69,3.66,-2.8,41.19,-1.24,-0.56,23.34,-2.65,0.06,0.013,-0.02,0.809,1
19.5,TRAIN_M08_LADAKH_FAULT06_EGT_IMBAL,TRAIN,LADAKH,CRUISE_LOITER,5360.6,2206.0,72.6,84.01,84.0,83.89,83.94,783.35,782.3,823.95,783.81,4.34,91.15,9.62,3.0,41.19,0.749,14.07,3.25,LANE_A,20250.0,-22.6,86.8,0.575,6,234.0,-5.71,-8.22,-5.33,-7.78,3.2,-2.85,41.8,-1.34,-0.51,23.09,-2.58,0.04,-0.003,-0.03,0.8058,1
19.55,TRAIN_M08_LADAKH_FAULT06_EGT_IMBAL,TRAIN,LADAKH,CRUISE_LOITER,5349.3,2201.4,72.6,84.0,83.99,83.88,83.93,783.15,782.55,824.22,783.71,4.28,91.25,9.57,3.0,41.24,0.739,14.04,3.16,LANE_A,20250.0,-22.6,86.8,0.572,6,232.6,-5.55,-8.06,-5.17,-7.62,3.0,-2.6,42.07,-1.44,-0.56,23.33,-2.61,0.09,-0.012,-0.06,0.8089,1
19.6,TRAIN_M08_LADAKH_FAULT06_EGT_IMBAL,TRAIN,LADAKH,CRUISE_LOITER,5348.6,2201.1,72.6,83.99,83.99,83.87,83.92,783.0,782.4,824.69,783.54,4.3,91.35,9.61,3.0,41.2,0.755,14.05,3.49,LANE_A,20250.0,-22.6,86.8,0.569,6,231.1,-5.55,-8.05,-5.17,-7.62,2.85,-2.75,42.54,-1.61,-0.54,23.44,-2.57,0.05,0.004,-0.05,0.8102,1
19.65,TRAIN_M08_LADAKH_FAULT06_EGT_IMBAL,TRAIN,LADAKH,CRUISE_LOITER,5343.3,2198.9,72.6,83.98,83.98,83.87,83.9,783.18,782.62,825.09,783.62,4.25,91.32,9.61,3.0,41.25,0.76,14.06,3.05,LANE_A,20250.0,-22.6,86.8,0.566,6,229.7,-5.48,-7.98,-5.09,-7.56,3.03,-2.53,42.94,-1.53,-0.59,23.47,-2.56,0.1,0.01,-0.04,0.8108,1
19.7,TRAIN_M08_LADAKH_FAULT06_EGT_IMBAL,TRAIN,LADAKH,CRUISE_LOITER,5347.3,2200.5,72.6,83.96,83.96,83.85,83.89,783.59,782.82,825.47,783.86,4.28,91.25,9.47,3.0,41.25,0.788,14.08,3.03,LANE_A,20250.0,-22.6,86.8,0.564,6,228.2,-5.56,-8.06,-5.17,-7.63,3.44,-2.33,43.32,-1.29,-0.56,23.35,-2.7,0.1,0.038,-0.02,0.8096,1
19.75,TRAIN_M08_LADAKH_FAULT06_EGT_IMBAL,TRAIN,LADAKH,CRUISE_LOITER,5347.9,2200.8,72.6,83.95,83.94,83.84,83.87,783.78,783.06,825.85,783.93,4.23,91.18,9.46,3.0,41.24,0.76,14.07,3.04,LANE_A,20250.0,-22.6,86.8,0.561,6,226.8,-5.58,-8.09,-5.19,-7.66,3.63,-2.09,43.7,-1.22,-0.61,23.28,-2.72,0.09,0.01,-0.03,0.8092,1
19.8,TRAIN_M08_LADAKH_FAULT06_EGT_IMBAL,TRAIN,LADAKH,CRUISE_LOITER,5348.4,2201.0,72.5,83.94,83.93,83.83,83.86,783.74,782.92,826.03,784.05,4.29,91.17,9.52,3.0,41.17,0.803,14.06,3.5,LANE_A,20250.0,-22.6,86.8,0.558,6,225.4,-5.59,-8.1,-5.2,-7.67,3.52,-2.3,43.81,-1.17,-0.55,23.27,-2.65,0.02,0.053,-0.04,0.8086,1
19.85,TRAIN_M08_LADAKH_FAULT06_EGT_IMBAL,TRAIN,LADAKH,CRUISE_LOITER,5344.4,2199.4,72.5,83.93,83.92,83.82,83.85,783.71,782.74,826.12,783.52,4.21,91.19,9.52,3.0,41.16,0.721,14.04,3.17,LANE_A,20250.0,-22.6,86.8,0.555,6,223.9,-5.54,-8.05,-5.15,-7.62,3.49,-2.48,43.9,-1.7,-0.63,23.34,-2.64,0.01,-0.029,-0.06,0.81,1
19.9,TRAIN_M08_LADAKH_FAULT06_EGT_IMBAL,TRAIN,LADAKH,CRUISE_LOITER,5355.0,2203.7,72.5,83.92,83.91,83.8,83.83,783.37,782.38,826.3,783.27,4.3,91.15,9.61,3.0,41.21,0.781,14.06,3.23,LANE_A,20250.0,-22.6,86.8,0.552,6,222.5,-5.71,-8.22,-5.33,-7.8,3.15,-2.84,44.08,-1.95,-0.54,23.17,-2.58,0.06,0.03,-0.04,0.8075,1
19.95,TRAIN_M08_LADAKH_FAULT06_EGT_IMBAL,TRAIN,LADAKH,CRUISE_LOITER,5355.2,2203.8,72.5,83.91,83.9,83.8,83.83,783.48,782.2,826.5,783.14,4.29,91.17,9.67,3.0,41.08,0.805,14.07,3.09,LANE_A,20250.0,-22.6,86.8,0.549,6,221.0,-5.72,-8.23,-5.33,-7.8,3.26,-3.02,44.28,-2.08,-0.55,23.19,-2.52,-0.07,0.054,-0.03,0.8079,1
20.0,TRAIN_M08_LADAKH_FAULT06_EGT_IMBAL,TRAIN,LADAKH,CRUISE_LOITER,5354.2,2203.4,72.5,83.9,83.88,83.79,83.81,783.54,782.62,826.41,783.04,4.31,91.16,9.58,3.0,41.19,0.752,14.07,3.23,LANE_A,20250.0,-22.6,86.8,0.547,6,219.6,-5.71,-8.23,-5.32,-7.8,3.32,-2.6,44.19,-2.18,-0.53,23.19,-2.61,0.04,0.001,-0.03,0.8078,1
20.05,TRAIN_M08_LADAKH_FAULT06_EGT_IMBAL,TRAIN,LADAKH,CRUISE_LOITER,5357.9,2204.9,72.4,83.88,83.88,83.78,83.81,783.67,782.47,826.55,783.23,4.33,91.08,9.56,3.0,41.16,0.737,14.05,3.15,LANE_A,20250.0,-22.6,86.8,0.544,6,218.2,-5.78,-8.28,-5.38,-7.85,3.37,-2.83,44.25,-2.07,-0.51,23.07,-2.63,0.02,-0.015,-0.05,0.8063,1
20.1,TRAIN_M08_LADAKH_FAULT06_EGT_IMBAL,TRAIN,LADAKH,CRUISE_LOITER,5359.6,2205.6,72.4,83.87,83.87,83.77,83.79,783.58,782.67,827.05,783.14,4.28,91.13,9.61,3.0,41.26,0.775,14.11,3.06,LANE_A,20250.0,-22.6,86.8,0.541,6,216.7,-5.81,-8.31,-5.41,-7.89,3.28,-2.63,44.75,-2.16,-0.57,23.1,-2.59,0.12,0.023,0.01,0.8072,1
20.15,TRAIN_M08_LADAKH_FAULT06_EGT_IMBAL,TRAIN,LADAKH,CRUISE_LOITER,5364.3,2207.5,72.4,83.86,83.86,83.76,83.78,783.74,782.76,827.64,783.1,4.28,90.99,9.63,3.0,41.36,0.712,14.08,3.21,LANE_A,20250.0,-22.6,86.8,0.538,6,215.3,-5.9,-8.4,-5.5,-7.98,3.44,-2.54,45.34,-2.2,-0.57,22.91,-2.58,0.22,-0.041,-0.02,0.8052,1
20.2,TRAIN_M08_LADAKH_FAULT06_EGT_IMBAL,TRAIN,LADAKH,CRUISE_LOITER,5358.5,2205.2,72.4,83.85,83.85,83.76,83.77,783.73,783.17,828.06,783.47,4.3,90.97,9.58,3.0,41.22,0.715,14.09,3.15,LANE_A,20250.0,-22.6,86.8,0.535,6,213.8,-5.82,-8.32,-5.41,-7.9,3.43,-2.13,45.76,-1.83,-0.54,22.96,-2.61,0.08,-0.037,-0.01,0.8056,1
20.25,TRAIN_M08_LADAKH_FAULT06_EGT_IMBAL,TRAIN,LADAKH,CRUISE_LOITER,5360.2,2205.9,72.4,83.84,83.84,83.75,83.76,783.97,783.51,828.24,783.43,4.28,90.98,9.58,3.0,41.09,0.818,14.04,3.3,LANE_A,20250.0,-22.6,86.8,0.532,6,212.4,-5.85,-8.35,-5.44,-7.93,3.67,-1.79,45.94,-1.87,-0.57,22.95,-2.62,-0.05,0.066,-0.06,0.8058,1
20.3,TRAIN_M08_LADAKH_FAULT06_EGT_IMBAL,TRAIN,LADAKH,CRUISE_LOITER,5369.5,2209.7,72.4,83.83,83.84,83.74,83.76,783.84,783.28,828.36,783.26,4.28,90.88,9.66,3.0,40.95,0.733,14.07,3.04,LANE_A,20250.0,-22.6,86.8,0.53,6,211.0,-6.0,-8.49,-5.59,-8.07,3.54,-2.02,46.06,-2.04,-0.57,22.73,-2.56,-0.19,-0.021,-0.03,0.8033,1
20.35,TRAIN_M08_LADAKH_FAULT06_EGT_IMBAL,TRAIN,LADAKH,CRUISE_LOITER,5364.1,2207.4,72.3,83.82,83.83,83.74,83.75,783.81,783.69,828.7,783.33,4.28,90.91,9.64,3.0,41.04,0.804,14.04,3.15,LANE_A,20250.0,-22.6,86.8,0.527,6,209.5,-5.92,-8.41,-5.5,-7.99,3.44,-1.68,46.33,-2.04,-0.57,22.84,-2.56,-0.09,0.051,-0.06,0.8046,1
20.4,TRAIN_M08_LADAKH_FAULT06_EGT_IMBAL,TRAIN,LADAKH,CRUISE_LOITER,5366.5,2208.4,72.3,83.82,83.82,83.73,83.74,783.57,783.42,829.29,783.07,4.28,90.85,9.63,3.0,41.0,0.719,14.09,3.31,LANE_A,20250.0,-22.6,86.8,0.524,6,208.1,-5.96,-8.46,-5.55,-8.04,3.2,-1.95,46.92,-2.3,-0.57,22.75,-2.58,-0.13,-0.034,-0.01,0.8037,1
20.45,TRAIN_M08_LADAKH_FAULT06_EGT_IMBAL,TRAIN,LADAKH,CRUISE_LOITER,5360.0,2205.8,72.3,83.81,83.81,83.72,83.73,783.79,783.61,829.33,782.74,4.3,90.9,9.63,3.0,41.14,0.732,14.08,3.17,LANE_A,20249.0,-22.6,86.8,0.521,6,206.6,-5.87,-8.37,-5.46,-7.95,3.42,-1.76,46.96,-2.63,-0.55,22.87,-2.56,0.01,-0.02,-0.02,0.8048,1
20.5,TRAIN_M08_LADAKH_FAULT06_EGT_IMBAL,TRAIN,LADAKH,CRUISE_LOITER,5363.3,2207.1,72.3,83.79,83.8,83.71,83.72,783.99,783.29,829.48,783.15,4.29,90.86,9.64,3.0,41.19,0.727,14.07,3.45,LANE_A,20249.0,-22.6,86.8,0.518,6,205.2,-5.94,-8.43,-5.52,-8.01,3.62,-2.08,47.11,-2.22,-0.56,22.8,-2.56,0.06,-0.026,-0.03,0.8042,1
20.55,TRAIN_M08_LADAKH_FAULT06_EGT_IMBAL,TRAIN,LADAKH,CRUISE_LOITER,5362.2,2206.7,72.3,83.78,83.79,83.7,83.71,784.02,783.12,830.22,783.17,4.26,90.98,9.66,3.0,41.25,0.787,14.08,3.18,LANE_A,20249.0,-22.6,86.8,0.515,6,203.8,-5.93,-8.42,-5.51,-8.0,3.65,-2.25,47.85,-2.2,-0.59,22.93,-2.54,0.12,0.034,-0.02,0.8062,1
20.6,TRAIN_M08_LADAKH_FAULT06_EGT_IMBAL,TRAIN,LADAKH,CRUISE_LOITER,5366.3,2208.4,72.2,83.76,83.79,83.7,83.7,783.79,783.34,830.65,782.94,4.32,90.8,9.54,3.0,41.31,0.744,14.08,3.09,LANE_A,20249.0,-22.6,86.8,0.513,6,202.3,-6.01,-8.48,-5.57,-8.07,3.35,-2.1,48.21,-2.5,-0.53,22.71,-2.67,0.18,-0.009,-0.02,0.8034,1
20.65,TRAIN_M08_LADAKH_FAULT06_EGT_IMBAL,TRAIN,LADAKH,CRUISE_LOITER,5361.9,2206.6,72.2,83.75,83.77,83.68,83.69,783.61,783.2,831.18,782.75,4.32,90.71,9.47,3.0,41.4,0.717,14.08,3.11,LANE_A,20249.0,-22.6,86.8,0.51,6,200.9,-5.95,-8.43,-5.52,-8.01,3.17,-2.24,48.74,-2.69,-0.53,22.67,-2.73,0.27,-0.035,-0.02,0.803,1
20.7,TRAIN_M08_LADAKH_FAULT06_EGT_IMBAL,TRAIN,LADAKH,CRUISE_LOITER,5359.6,2205.6,72.2,83.74,83.75,83.68,83.67,783.6,783.37,831.23,782.96,4.32,90.68,9.43,3.0,41.48,0.744,14.06,3.04,LANE_A,20249.0,-22.6,86.8,0.507,6,199.4,-5.93,-8.42,-5.49,-8.0,3.16,-2.07,48.79,-2.48,-0.53,22.67,-2.76,0.35,-0.008,-0.04,0.803,1
20.75,TRAIN_M08_LADAKH_FAULT06_EGT_IMBAL,TRAIN,LADAKH,CRUISE_LOITER,5353.6,2203.1,72.2,83.73,83.74,83.66,83.66,783.37,783.42,831.53,783.14,4.3,90.74,9.47,3.0,41.44,0.714,14.07,3.65,LANE_A,20249.0,-22.6,86.8,0.504,6,198.0,-5.85,-8.34,-5.42,-7.92,2.93,-2.02,49.09,-2.3,-0.54,22.8,-2.71,0.31,-0.037,-0.03,0.8046,1
20.8,TRAIN_M08_LADAKH_FAULT06_EGT_IMBAL,TRAIN,LADAKH,CRUISE_LOITER,5350.9,2202.0,72.2,83.71,83.72,83.66,83.64,783.65,783.48,831.58,783.13,4.3,90.71,9.46,3.0,41.37,0.747,14.05,3.35,LANE_A,20249.0,-22.6,86.8,0.501,6,196.6,-5.83,-8.32,-5.38,-7.9,3.21,-1.96,49.14,-2.31,-0.54,22.8,-2.71,0.24,-0.004,-0.05,0.8045,1
20.85,TRAIN_M08_LADAKH_FAULT06_EGT_IMBAL,TRAIN,LADAKH,CRUISE_LOITER,5360.6,2206.0,72.1,83.71,83.72,83.65,83.63,783.57,783.83,832.12,783.46,4.34,90.63,9.57,3.0,41.35,0.674,14.09,3.01,LANE_A,20249.0,-22.6,86.8,0.498,6,195.1,-5.96,-8.45,-5.52,-8.04,3.06,-1.68,49.61,-2.05,-0.51,22.61,-2.62,0.23,-0.078,-0.01,0.8022,1
20.9,TRAIN_M08_LADAKH_FAULT06_EGT_IMBAL,TRAIN,LADAKH,CRUISE_LOITER,5367.6,2208.9,72.1,83.7,83.71,83.64,83.62,783.55,783.7,832.27,783.41,4.34,90.68,9.62,3.0,41.29,0.764,14.07,3.1,LANE_A,20249.0,-22.6,86.8,0.496,6,193.7,-6.08,-8.57,-5.64,-8.16,3.04,-1.81,49.76,-2.1,-0.51,22.58,-2.59,0.17,0.011,-0.03,0.8021,1
20.95,TRAIN_M08_LADAKH_FAULT06_EGT_IMBAL,TRAIN,LADAKH,CRUISE_LOITER,5363.2,2207.1,72.1,83.69,83.7,83.63,83.61,783.61,783.7,832.28,783.66,4.27,90.78,9.63,3.0,41.3,0.71,14.07,3.23,LANE_A,20249.0,-22.6,86.8,0.493,6,192.2,-6.02,-8.51,-5.58,-8.1,3.1,-1.81,49.77,-1.85,-0.58,22.73,-2.57,0.18,-0.043,-0.03,0.8043,1
21.0,TRAIN_M08_LADAKH_FAULT06_EGT_IMBAL,TRAIN,LADAKH,CRUISE_LOITER,5359.4,2205.5,72.1,83.68,83.69,83.62,83.6,783.28,783.48,832.52,783.26,4.27,90.95,9.65,3.0,41.08,0.734,14.06,3.29,LANE_A,20249.0,-22.6,86.8,0.49,6,190.8,-5.97,-8.46,-5.53,-8.05,2.77,-2.03,50.01,-2.25,-0.58,22.95,-2.54,-0.04,-0.018,-0.04,0.8069,1
21.05,TRAIN_M08_LADAKH_FAULT06_EGT_IMBAL,TRAIN,LADAKH,CRUISE_LOITER,5357.8,2204.9,72.1,83.67,83.68,83.61,83.59,783.18,783.6,832.95,783.35,4.28,90.94,9.6,3.0,41.18,0.731,14.07,2.88,LANE_A,20248.0,-22.6,86.8,0.487,6,189.4,-5.96,-8.45,-5.52,-8.04,2.67,-1.91,50.44,-2.16,-0.56,22.96,-2.58,0.06,-0.021,-0.03,0.8071,1
21.1,TRAIN_M08_LADAKH_FAULT06_EGT_IMBAL,TRAIN,LADAKH,CRUISE_LOITER,5348.1,2200.9,72.1,83.66,83.67,83.61,83.57,783.2,783.51,833.11,783.59,4.29,90.97,9.56,3.0,41.12,0.825,14.09,3.32,LANE_A,20248.0,-22.6,86.8,0.484,6,187.9,-5.82,-8.31,-5.37,-7.91,2.69,-2.0,50.6,-1.92,-0.55,23.1,-2.6,0.0,0.075,-0.01,0.8085,1
21.15,TRAIN_M08_LADAKH_FAULT06_EGT_IMBAL,TRAIN,LADAKH,CRUISE_LOITER,5348.3,2200.9,72.0,83.64,83.66,83.6,83.57,783.39,783.44,833.16,783.38,4.27,91.08,9.56,3.0,41.15,0.739,14.07,3.16,LANE_A,20248.0,-22.6,86.8,0.481,6,186.5,-5.84,-8.32,-5.38,-7.91,2.81,-2.14,50.58,-2.2,-0.57,23.22,-2.6,0.04,-0.011,-0.03,0.8101,1
21.2,TRAIN_M08_LADAKH_FAULT06_EGT_IMBAL,TRAIN,LADAKH,CRUISE_LOITER,5351.6,2202.3,72.0,83.63,83.65,83.58,83.56,783.2,783.69,833.49,783.44,4.25,90.97,9.5,3.0,41.15,0.758,14.05,3.18,LANE_A,20248.0,-22.6,86.8,0.479,6,185.0,-5.9,-8.38,-5.45,-7.97,2.62,-1.89,50.91,-2.14,-0.59,23.07,-2.67,0.04,0.007,-0.05,0.8087,1
21.25,TRAIN_M08_LADAKH_FAULT06_EGT_IMBAL,TRAIN,LADAKH,CRUISE_LOITER,5362.4,2206.8,72.0,83.61,83.64,83.57,83.55,783.46,783.54,833.65,783.45,4.37,90.94,9.5,3.0,41.13,0.738,14.04,3.4,LANE_A,20248.0,-22.6,86.8,0.476,6,183.6,-6.08,-8.55,-5.62,-8.14,2.88,-2.04,51.07,-2.13,-0.48,22.91,-2.69,0.02,-0.015,-0.06,0.8064,1
21.3,TRAIN_M08_LADAKH_FAULT06_EGT_IMBAL,TRAIN,LADAKH,CRUISE_LOITER,5350.9,2202.0,72.0,83.6,83.63,83.56,83.54,783.98,783.61,834.32,783.15,4.3,90.85,9.47,3.0,41.05,0.779,14.05,3.35,LANE_A,20248.0,-22.6,86.8,0.473,6,182.2,-5.92,-8.39,-5.46,-7.98,3.4,-1.97,51.74,-2.43,-0.54,22.96,-2.7,-0.06,0.028,-0.05,0.8073,1
21.35,TRAIN_M08_LADAKH_FAULT06_EGT_IMBAL,TRAIN,LADAKH,CRUISE_LOITER,5354.3,2203.4,72.0,83.59,83.61,83.55,83.53,783.58,783.58,834.42,783.35,4.29,90.76,9.41,3.0,41.06,0.785,14.1,3.05,LANE_A,20248.0,-22.6,86.8,0.47,6,180.7,-5.98,-8.46,-5.52,-8.04,3.0,-2.0,51.84,-2.23,-0.55,22.83,-2.76,-0.05,0.034,0.0,0.806,1
21.4,TRAIN_M08_LADAKH_FAULT06_EGT_IMBAL,TRAIN,LADAKH,CRUISE_LOITER,5355.2,2203.8,71.9,83.58,83.59,83.54,83.51,783.48,783.53,835.0,783.42,4.29,90.78,9.48,3.0,41.06,0.782,14.09,3.23,LANE_A,20248.0,-22.6,86.8,0.467,6,179.3,-5.99,-8.48,-5.53,-8.06,2.83,-2.12,52.35,-2.23,-0.55,22.84,-2.69,-0.05,0.031,-0.01,0.8062,1
21.45,TRAIN_M08_LADAKH_FAULT06_EGT_IMBAL,TRAIN,LADAKH,CRUISE_LOITER,5358.9,2205.3,71.9,83.57,83.58,83.53,83.5,783.66,783.52,835.09,783.51,4.28,90.88,9.47,3.0,41.11,0.78,14.07,3.19,LANE_A,20247.0,-22.6,86.8,0.464,6,177.8,-6.06,-8.55,-5.6,-8.13,3.01,-2.13,52.44,-2.14,-0.57,22.9,-2.71,0.0,0.028,-0.03,0.8073,1
21.5,TRAIN_M08_LADAKH_FAULT06_EGT_IMBAL,TRAIN,LADAKH,CRUISE_LOITER,5356.7,2204.4,71.9,83.56,83.56,83.51,83.49,783.64,783.15,835.26,783.72,4.31,90.8,9.41,3.0,41.1,0.782,14.05,3.31,LANE_A,20247.0,-22.6,86.8,0.462,6,176.4,-6.03,-8.53,-5.58,-8.1,2.99,-2.5,52.61,-1.93,-0.53,22.84,-2.77,-0.01,0.03,-0.05,0.8063,1
21.55,TRAIN_M08_LADAKH_FAULT06_EGT_IMBAL,TRAIN,LADAKH,CRUISE_LOITER,5353.3,2203.0,71.9,83.54,83.55,83.5,83.48,783.8,783.25,835.89,783.63,4.27,90.76,9.37,3.0,40.98,0.727,14.08,3.44,LANE_A,20247.0,-22.6,86.8,0.459,6,175.0,-6.0,-8.49,-5.54,-8.06,3.15,-2.4,53.24,-2.02,-0.57,22.85,-2.8,-0.13,-0.024,-0.02,0.8069,1
21.6,TRAIN_M08_LADAKH_FAULT06_EGT_IMBAL,TRAIN,LADAKH,CRUISE_LOITER,5357.3,2204.6,71.9,83.52,83.53,83.49,83.46,784.06,783.28,836.26,783.8,4.33,90.84,9.29,3.0,41.09,0.768,14.07,3.19,LANE_A,20247.0,-22.6,86.8,0.456,6,173.5,-6.08,-8.57,-5.61,-8.14,3.41,-2.37,53.61,-1.85,-0.51,22.88,-2.89,-0.02,0.016,-0.03,0.8072,1
21.65,TRAIN_M08_LADAKH_FAULT06_EGT_IMBAL,TRAIN,LADAKH,CRUISE_LOITER,5357.2,2204.6,71.8,83.51,83.52,83.47,83.45,783.9,783.37,836.89,784.02,4.27,90.8,9.27,3.0,41.05,0.76,14.06,3.18,LANE_A,20247.0,-22.6,86.8,0.453,6,172.1,-6.08,-8.57,-5.62,-8.14,3.18,-2.35,54.17,-1.7,-0.58,22.85,-2.9,-0.05,0.008,-0.04,0.8075,1
21.7,TRAIN_M08_LADAKH_FAULT06_EGT_IMBAL,TRAIN,LADAKH,CRUISE_LOITER,5360.8,2206.1,71.8,83.49,83.5,83.46,83.43,783.54,783.55,836.91,784.02,4.31,90.86,9.28,3.0,41.15,0.75,14.04,3.13,LANE_A,20247.0,-22.6,86.8,0.45,6,170.6,-6.16,-8.65,-5.69,-8.22,2.82,-2.17,54.19,-1.7,-0.54,22.86,-2.9,0.05,-0.002,-0.06,0.8075,1
21.75,TRAIN_M08_LADAKH_FAULT06_EGT_IMBAL,TRAIN,LADAKH,CRUISE_LOITER,5354.4,2203.4,71.8,83.47,83.48,83.44,83.41,783.26,783.28,836.96,783.93,4.28,90.85,9.26,3.0,41.24,0.802,14.07,3.12,LANE_A,20246.0,-22.6,86.8,0.448,6,169.2,-6.08,-8.57,-5.61,-8.14,2.54,-2.44,54.24,-1.79,-0.56,22.93,-2.91,0.14,0.051,-0.03,0.8084,1
21.8,TRAIN_M08_LADAKH_FAULT06_EGT_IMBAL,TRAIN,LADAKH,CRUISE_LOITER,5356.4,2204.3,71.8,83.45,83.47,83.42,83.4,783.51,783.55,837.26,783.57,4.25,90.84,9.32,3.0,41.24,0.732,14.07,3.38,LANE_A,20246.0,-22.6,86.8,0.445,6,167.8,-6.13,-8.61,-5.66,-8.18,2.79,-2.17,54.54,-2.15,-0.59,22.9,-2.85,0.14,-0.02,-0.03,0.8083,1
21.85,TRAIN_M08_LADAKH_FAULT06_EGT_IMBAL,TRAIN,LADAKH,CRUISE_LOITER,5356.0,2204.1,71.8,83.44,83.45,83.4,83.38,783.75,783.33,837.33,783.37,4.34,90.72,9.33,3.0,41.38,0.726,14.08,3.03,LANE_A,20246.0,-22.6,86.8,0.442,6,166.3,-6.14,-8.63,-5.68,-8.2,3.03,-2.39,54.61,-2.35,-0.5,22.78,-2.84,0.28,-0.026,-0.02,0.8062,1
21.9,TRAIN_M08_LADAKH_FAULT06_EGT_IMBAL,TRAIN,LADAKH,CRUISE_LOITER,5351.1,2202.1,71.8,83.43,83.44,83.39,83.37,783.71,783.66,837.74,783.21,4.31,90.85,9.4,3.0,41.22,0.737,14.06,3.37,LANE_A,20246.0,-22.6,86.8,0.439,6,164.9,-6.07,-8.56,-5.61,-8.13,2.99,-2.06,55.02,-2.51,-0.53,22.97,-2.76,0.12,-0.014,-0.04,0.8086,1
21.95,TRAIN_M08_LADAKH_FAULT06_EGT_IMBAL,TRAIN,LADAKH,CRUISE_LOITER,5340.8,2197.9,71.7,83.42,83.43,83.38,83.35,784.1,783.6,837.83,783.49,4.27,90.96,9.39,3.0,41.23,0.764,14.04,3.26,LANE_A,20246.0,-22.6,86.8,0.436,6,163.4,-5.92,-8.41,-5.46,-7.99,3.31,-2.19,55.04,-2.3,-0.57,23.21,-2.74,0.14,0.015,-0.06,0.8115,1
22.0,TRAIN_M08_LADAKH_FAULT06_EGT_IMBAL,TRAIN,LADAKH,CRUISE_LOITER,5346.1,2200.0,71.7,83.41,83.42,83.37,83.35,784.08,783.3,838.09,783.71,4.27,91.02,9.45,3.0,41.13,0.751,14.1,3.02,LANE_A,20246.0,-22.6,86.8,0.433,6,162.0,-6.01,-8.5,-5.55,-8.07,3.29,-2.49,55.3,-2.08,-0.57,23.21,-2.7,0.04,0.001,0.0,0.8117,1
22.05,TRAIN_M08_LADAKH_FAULT06_EGT_IMBAL,TRAIN,LADAKH,CRUISE_LOITER,5343.6,2199.0,71.7,83.4,83.41,83.37,83.33,783.88,783.28,838.05,783.35,4.27,91.09,9.39,3.0,41.12,0.721,14.05,3.38,LANE_A,20245.0,-22.6,86.8,0.43,6,160.6,-5.98,-8.47,-5.51,-8.05,3.09,-2.51,55.26,-2.44,-0.57,23.31,-2.75,0.02,-0.029,-0.05,0.8129,1
22.1,TRAIN_M08_LADAKH_FAULT06_EGT_IMBAL,TRAIN,LADAKH,CRUISE_LOITER,5349.1,2201.3,71.7,83.38,83.39,83.35,83.32,784.15,783.31,838.45,783.47,4.32,91.15,9.44,3.0,41.06,0.734,14.06,3.21,LANE_A,20245.0,-22.6,86.8,0.428,6,159.1,-6.08,-8.57,-5.61,-8.14,3.36,-2.48,55.66,-2.32,-0.52,23.3,-2.71,-0.04,-0.017,-0.04,0.8127,1
22.15,TRAIN_M08_LADAKH_FAULT06_EGT_IMBAL,TRAIN,LADAKH,CRUISE_LOITER,5346.4,2200.2,71.7,83.37,83.37,83.34,83.31,783.94,783.21,838.92,783.66,4.26,91.15,9.37,3.0,41.01,0.797,14.05,3.22,LANE_A,20245.0,-22.6,86.8,0.425,6,157.7,-6.05,-8.55,-5.58,-8.11,3.15,-2.58,56.13,-2.13,-0.58,23.33,-2.78,-0.09,0.047,-0.05,0.8136,1
22.2,TRAIN_M08_LADAKH_FAULT06_EGT_IMBAL,TRAIN,LADAKH,CRUISE_LOITER,5353.0,2202.9,71.6,83.36,83.37,83.33,83.3,784.11,783.13,839.19,783.79,4.28,91.12,9.43,3.0,41.13,0.763,14.06,3.5,LANE_A,20245.0,-22.6,86.8,0.422,6,156.2,-6.15,-8.64,-5.68,-8.21,3.25,-2.73,56.33,-2.07,-0.56,23.23,-2.73,0.04,0.012,-0.04,0.8124,1
22.25,TRAIN_M08_LADAKH_FAULT06_EGT_IMBAL,TRAIN,LADAKH,CRUISE_LOITER,5355.5,2203.9,71.6,83.36,83.36,83.31,83.29,783.74,782.98,840.01,783.75,4.27,91.15,9.44,3.0,41.06,0.709,14.07,3.11,LANE_A,20245.0,-22.6,86.8,0.419,6,154.8,-6.19,-8.69,-5.74,-8.26,2.88,-2.88,57.15,-2.11,-0.57,23.23,-2.73,-0.03,-0.043,-0.03,0.8128,1
22.3,TRAIN_M08_LADAKH_FAULT06_EGT_IMBAL,TRAIN,LADAKH,CRUISE_LOITER,5354.1,2203.3,71.6,83.35,83.35,83.3,83.27,783.42,783.55,840.34,783.73,4.29,91.2,9.35,3.0,41.06,0.715,14.06,3.28,LANE_A,20244.0,-22.6,86.8,0.416,6,153.4,-6.18,-8.68,-5.73,-8.26,2.56,-2.31,57.48,-2.13,-0.55,23.3,-2.81,-0.03,-0.036,-0.04,0.8137,1
22.35,TRAIN_M08_LADAKH_FAULT06_EGT_IMBAL,TRAIN,LADAKH,CRUISE_LOITER,5353.4,2203.0,71.6,83.33,83.33,83.28,83.26,784.02,783.29,840.68,783.56,4.31,91.14,9.37,3.0,41.09,0.757,14.09,3.41,LANE_A,20244.0,-22.6,86.8,0.413,6,151.9,-6.19,-8.69,-5.74,-8.26,3.16,-2.57,57.82,-2.3,-0.53,23.25,-2.79,0.0,0.006,-0.01,0.813,1
22.4,TRAIN_M08_LADAKH_FAULT06_EGT_IMBAL,TRAIN,LADAKH,CRUISE_LOITER,5352.4,2202.6,71.6,83.32,83.32,83.27,83.25,784.12,783.34,841.24,783.44,4.29,91.19,9.33,3.0,41.2,0.719,14.07,3.45,LANE_A,20244.0,-22.6,86.8,0.411,6,150.5,-6.18,-8.68,-5.73,-8.25,3.26,-2.52,58.38,-2.42,-0.55,23.31,-2.83,0.11,-0.032,-0.03,0.8141,1
22.45,TRAIN_M08_LADAKH_FAULT06_EGT_IMBAL,TRAIN,LADAKH,CRUISE_LOITER,5352.6,2202.7,71.6,83.32,83.31,83.26,83.24,783.96,783.72,841.74,783.54,4.32,91.12,9.33,3.0,41.11,0.779,14.07,3.27,LANE_A,20244.0,-22.6,86.8,0.408,6,149.0,-6.19,-8.7,-5.75,-8.27,3.1,-2.14,58.88,-2.32,-0.52,23.23,-2.83,0.02,0.028,-0.03,0.8131,1
22.5,TRAIN_M08_LADAKH_FAULT06_EGT_IMBAL,TRAIN,LADAKH,CRUISE_LOITER,5352.4,2202.6,71.5,83.3,83.29,83.25,83.23,784.01,783.59,841.91,783.37,4.29,90.94,9.3,3.0,41.26,0.756,14.09,3.18,LANE_A,20243.0,-22.6,86.8,0.405,6,147.6,-6.19,-8.7,-5.74,-8.26,3.08,-2.34,58.98,-2.56,-0.55,23.06,-2.86,0.18,0.005,-0.01,0.8113,1
22.55,TRAIN_M08_LADAKH_FAULT06_EGT_IMBAL,TRAIN,LADAKH,CRUISE_LOITER,5351.8,2202.4,71.5,83.29,83.29,83.24,83.22,783.85,784.13,841.97,783.35,4.28,91.05,9.36,3.0,41.19,0.765,14.09,3.13,LANE_A,20243.0,-22.6,86.8,0.402,6,146.2,-6.2,-8.7,-5.75,-8.27,2.92,-1.8,59.04,-2.58,-0.56,23.18,-2.79,0.11,0.014,-0.01,0.8127,1
22.6,TRAIN_M08_LADAKH_FAULT06_EGT_IMBAL,TRAIN,LADAKH,CRUISE_LOITER,5344.9,2199.6,71.5,83.26,83.27,83.23,83.2,784.0,784.29,842.05,783.6,4.3,91.09,9.22,3.0,41.01,0.756,14.07,3.13,LANE_A,20243.0,-22.6,86.8,0.399,6,144.7,-6.12,-8.61,-5.65,-8.18,3.07,-1.64,59.12,-2.33,-0.54,23.3,-2.92,-0.07,0.006,-0.03,0.8141,1
22.65,TRAIN_M08_LADAKH_FAULT06_EGT_IMBAL,TRAIN,LADAKH,CRUISE_LOITER,5345.3,2199.7,71.5,83.25,83.26,83.21,83.19,783.73,784.3,842.36,783.45,4.25,91.1,9.4,3.0,41.05,0.753,14.08,2.92,LANE_A,20243.0,-22.6,86.8,0.396,6,143.3,-6.14,-8.63,-5.68,-8.2,2.8,-1.63,59.43,-2.48,-0.59,23.31,-2.74,-0.03,0.003,-0.02,0.8144,1
22.7,TRAIN_M08_LADAKH_FAULT06_EGT_IMBAL,TRAIN,LADAKH,CRUISE_LOITER,5342.5,2198.6,71.5,83.24,83.25,83.21,83.18,783.55,784.34,842.5,783.15,4.2,91.19,9.51,3.0,41.23,0.731,14.09,3.05,LANE_A,20243.0,-22.6,86.8,0.394,6,141.8,-6.11,-8.6,-5.64,-8.17,2.62,-1.59,59.57,-2.78,-0.64,23.43,-2.62,0.15,-0.019,-0.01,0.816,1
22.75,TRAIN_M08_LADAKH_FAULT06_EGT_IMBAL,TRAIN,LADAKH,CRUISE_LOITER,5339.1,2197.2,71.4,83.23,83.24,83.19,83.17,783.66,784.49,842.31,782.86,4.26,91.09,9.48,3.0,41.32,0.694,14.07,3.39,LANE_A,20242.0,-22.6,86.8,0.391,6,140.4,-6.06,-8.55,-5.6,-8.12,2.67,-1.5,59.32,-3.13,-0.58,23.38,-2.64,0.24,-0.055,-0.03,0.8149,1
22.8,TRAIN_M08_LADAKH_FAULT06_EGT_IMBAL,TRAIN,LADAKH,CRUISE_LOITER,5339.6,2197.3,71.4,83.22,83.23,83.18,83.16,784.02,784.25,842.23,783.36,4.28,91.1,9.44,3.0,41.17,0.735,14.05,3.36,LANE_A,20242.0,-22.6,86.8,0.388,6,139.0,-6.07,-8.56,-5.61,-8.13,3.03,-1.74,59.24,-2.63,-0.56,23.38,-2.68,0.09,-0.014,-0.05,0.8148,1
22.85,TRAIN_M08_LADAKH_FAULT06_EGT_IMBAL,TRAIN,LADAKH,CRUISE_LOITER,5344.9,2199.6,71.4,83.21,83.22,83.17,83.15,783.97,784.3,842.9,783.16,4.27,91.24,9.4,3.0,41.11,0.724,14.06,3.4,LANE_A,20242.0,-22.6,86.8,0.385,6,137.5,-6.16,-8.65,-5.7,-8.22,2.98,-1.69,59.91,-2.83,-0.57,23.46,-2.74,0.03,-0.026,-0.04,0.8162,1
22.9,TRAIN_M08_LADAKH_FAULT06_EGT_IMBAL,TRAIN,LADAKH,CRUISE_LOITER,5350.1,2201.7,71.4,83.2,83.21,83.17,83.14,783.93,784.42,843.08,783.11,4.26,91.17,9.5,3.0,41.08,0.708,14.05,3.26,LANE_A,20242.0,-22.6,86.9,0.382,6,136.1,-6.22,-8.71,-5.75,-8.28,2.94,-1.57,60.09,-2.88,-0.58,23.35,-2.65,0.0,-0.043,-0.05,0.815,1
22.95,TRAIN_M08_LADAKH_FAULT06_EGT_IMBAL,TRAIN,LADAKH,CRUISE_LOITER,5347.8,2200.8,71.4,83.19,83.2,83.15,83.13,784.01,784.02,843.51,783.15,4.3,91.07,9.42,3.0,41.05,0.786,14.04,3.43,LANE_A,20241.0,-22.6,86.9,0.379,6,134.6,-6.2,-8.69,-5.74,-8.26,3.02,-1.97,60.52,-2.84,-0.54,23.28,-2.72,-0.03,0.036,-0.06,0.8141,1
23.0,TRAIN_M08_LADAKH_FAULT06_EGT_IMBAL,TRAIN,LADAKH,CRUISE_LOITER,5351.2,2202.2,71.3,83.18,83.18,83.13,83.12,783.73,784.05,843.8,782.98,4.28,91.1,9.4,3.0,41.05,0.818,14.07,3.22,LANE_A,20241.0,-22.6,86.9,0.377,6,133.2,-6.25,-8.75,-5.8,-8.31,2.67,-2.01,60.74,-3.08,-0.56,23.27,-2.75,-0.02,0.067,-0.03,0.8143,1
23.05,TRAIN_M08_LADAKH_FAULT06_EGT_IMBAL,TRAIN,LADAKH,CRUISE_LOITER,5350.2,2201.7,71.3,83.17,83.16,83.12,83.11,783.87,784.23,844.57,783.1,4.26,91.25,9.32,3.0,41.09,0.748,14.05,3.26,LANE_A,20241.0,-22.6,86.9,0.374,6,131.8,-6.25,-8.76,-5.8,-8.31,2.81,-1.83,61.51,-2.96,-0.58,23.44,-2.83,0.02,-0.003,-0.05,0.8167,1
23.1,TRAIN_M08_LADAKH_FAULT06_EGT_IMBAL,TRAIN,LADAKH,CRUISE_LOITER,5347.0,2200.4,71.3,83.16,83.15,83.11,83.1,784.02,784.0,845.15,783.31,4.28,91.32,9.33,3.0,41.15,0.729,14.06,3.28,LANE_A,20240.0,-22.6,86.9,0.371,6,130.3,-6.21,-8.72,-5.76,-8.27,2.96,-2.06,62.09,-2.75,-0.56,23.54,-2.81,0.08,-0.021,-0.04,0.8178,1
23.15,TRAIN_M08_LADAKH_FAULT06_EGT_IMBAL,TRAIN,LADAKH,CRUISE_LOITER,5351.3,2202.2,71.3,83.15,83.14,83.09,83.08,784.41,784.01,845.36,783.28,4.25,91.25,9.23,3.0,41.1,0.755,14.05,3.26,LANE_A,20240.0,-22.6,86.9,0.368,6,128.9,-6.28,-8.79,-5.84,-8.35,3.35,-2.05,62.3,-2.78,-0.59,23.42,-2.92,0.03,0.004,-0.05,0.817,1
23.2,TRAIN_M08_LADAKH_FAULT06_EGT_IMBAL,TRAIN,LADAKH,CRUISE_LOITER,5346.8,2200.3,71.3,83.14,83.13,83.08,83.07,784.83,783.96,846.04,783.55,4.3,91.25,9.27,3.0,41.08,0.774,14.08,3.15,LANE_A,20240.0,-22.6,86.9,0.365,6,127.4,-6.23,-8.74,-5.79,-8.3,3.77,-2.1,62.98,-2.51,-0.54,23.48,-2.87,0.01,0.024,-0.02,0.8174,1
23.25,TRAIN_M08_LADAKH_FAULT06_EGT_IMBAL,TRAIN,LADAKH,CRUISE_LOITER,5354.4,2203.5,71.3,83.13,83.11,83.07,83.06,785.05,783.82,846.32,783.74,4.3,91.02,9.27,3.0,41.0,0.734,14.07,3.18,LANE_A,20240.0,-22.6,86.9,0.363,6,126.0,-6.35,-8.87,-5.91,-8.42,3.99,-2.24,63.26,-2.32,-0.55,23.16,-2.89,-0.07,-0.017,-0.03,0.814,1
23.3,TRAIN_M08_LADAKH_FAULT06_EGT_IMBAL,TRAIN,LADAKH,CRUISE_LOITER,5353.8,2203.2,71.2,83.12,83.1,83.05,83.05,784.76,784.11,846.94,784.02,4.25,91.07,9.24,3.0,41.06,0.71,14.08,3.26,LANE_A,20239.0,-22.6,86.9,0.36,6,124.6,-6.34,-8.86,-5.91,-8.41,3.63,-2.02,63.81,-2.11,-0.6,23.22,-2.91,-0.01,-0.041,-0.02,0.8152,1
23.35,TRAIN_M08_LADAKH_FAULT06_EGT_IMBAL,TRAIN,LADAKH,CRUISE_LOITER,5355.6,2203.9,71.2,83.11,83.1,83.03,83.04,784.83,784.41,846.93,783.71,4.3,91.04,9.33,3.0,41.06,0.777,14.06,3.16,LANE_A,20239.0,-22.6,86.9,0.357,6,123.1,-6.38,-8.89,-5.96,-8.45,3.7,-1.72,63.8,-2.42,-0.55,23.17,-2.83,-0.01,0.025,-0.04,0.8143,1
23.4,TRAIN_M08_LADAKH_FAULT06_EGT_IMBAL,TRAIN,LADAKH,CRUISE_LOITER,5355.1,2203.7,71.2,83.09,83.08,83.03,83.03,784.89,784.24,847.23,783.9,4.22,90.98,9.29,3.0,41.04,0.778,14.07,3.07,LANE_A,20239.0,-22.6,86.9,0.354,6,121.7,-6.39,-8.9,-5.95,-8.45,3.76,-1.89,64.1,-2.23,-0.63,23.11,-2.87,-0.03,0.027,-0.03,0.8143,1
23.45,TRAIN_M08_LADAKH_FAULT06_EGT_IMBAL,TRAIN,LADAKH,CRUISE_LOITER,5358.6,2205.2,71.2,83.08,83.07,83.01,83.01,784.84,784.03,847.49,784.16,4.25,91.02,9.3,3.0,41.05,0.742,14.09,3.21,LANE_A,20238.0,-22.6,86.9,0.351,6,120.2,-6.45,-8.96,-6.02,-8.52,3.71,-2.1,64.36,-1.97,-0.6,23.11,-2.86,-0.02,-0.01,-0.01,0.8142,1
23.5,TRAIN_M08_LADAKH_FAULT06_EGT_IMBAL,TRAIN,LADAKH,CRUISE_LOITER,5351.2,2202.1,71.2,83.07,83.06,82.99,82.99,785.08,784.07,847.6,784.22,4.3,90.86,9.36,3.0,41.06,0.721,14.05,3.36,LANE_A,20238.0,-22.6,86.9,0.348,6,118.8,-6.35,-8.86,-5.93,-8.43,3.95,-2.06,64.47,-1.91,-0.54,23.04,-2.79,-0.01,-0.03,-0.05,0.8128,1
23.55,TRAIN_M08_LADAKH_FAULT06_EGT_IMBAL,TRAIN,LADAKH,CRUISE_LOITER,5347.3,2200.5,71.2,83.06,83.05,82.98,82.99,785.04,783.89,848.07,784.0,4.35,90.75,9.43,3.0,41.06,0.764,14.07,3.13,LANE_A,20238.0,-22.6,86.9,0.346,6,117.4,-6.31,-8.82,-5.89,-8.38,3.91,-2.24,64.94,-2.13,-0.49,22.98,-2.71,-0.01,0.014,-0.03,0.8117,1
23.6,TRAIN_M08_LADAKH_FAULT06_EGT_IMBAL,TRAIN,LADAKH,CRUISE_LOITER,5342.4,2198.5,71.1,83.06,83.04,82.98,82.98,785.18,784.26,848.34,784.06,4.29,90.67,9.47,3.0,41.03,0.702,14.09,3.24,LANE_A,20238.0,-22.6,86.9,0.343,6,115.9,-6.22,-8.74,-5.8,-8.3,3.98,-1.94,65.14,-2.14,-0.55,22.96,-2.65,-0.03,-0.048,-0.01,0.8117,1
23.65,TRAIN_M08_LADAKH_FAULT06_EGT_IMBAL,TRAIN,LADAKH,CRUISE_LOITER,5345.7,2199.9,71.1,83.05,83.04,82.97,82.97,784.78,783.95,848.74,784.3,4.27,90.67,9.5,3.0,40.93,0.776,14.07,3.36,LANE_A,20237.0,-22.6,86.9,0.34,6,114.5,-6.28,-8.79,-5.86,-8.36,3.58,-2.25,65.54,-1.9,-0.57,22.92,-2.63,-0.13,0.026,-0.03,0.8115,1
23.7,TRAIN_M08_LADAKH_FAULT06_EGT_IMBAL,TRAIN,LADAKH,CRUISE_LOITER,5348.2,2200.9,71.1,83.05,83.03,82.96,82.96,784.05,784.09,848.62,784.11,4.31,90.66,9.4,3.0,41.03,0.809,14.1,3.43,LANE_A,20237.0,-22.6,86.9,0.337,6,113.0,-6.32,-8.84,-5.91,-8.41,2.85,-2.11,65.42,-2.09,-0.53,22.88,-2.74,-0.03,0.059,0.0,0.811,1
23.75,TRAIN_M08_LADAKH_FAULT06_EGT_IMBAL,TRAIN,LADAKH,CRUISE_LOITER,5346.2,2200.1,71.1,83.04,83.02,82.95,82.94,784.14,783.96,849.15,783.96,4.29,90.8,9.34,3.0,40.99,0.648,14.07,3.12,LANE_A,20237.0,-22.6,86.9,0.334,6,111.6,-6.3,-8.82,-5.89,-8.4,2.94,-2.24,65.95,-2.24,-0.55,23.05,-2.79,-0.07,-0.102,-0.03,0.8134,1
23.8,TRAIN_M08_LADAKH_FAULT06_EGT_IMBAL,TRAIN,LADAKH,CRUISE_LOITER,5331.7,2194.1,71.1,83.03,83.01,82.93,82.93,784.32,784.32,849.7,783.72,4.3,90.79,9.34,3.0,40.88,0.714,14.05,3.19,LANE_A,20236.0,-22.6,86.9,0.331,6,110.2,-6.1,-8.62,-5.7,-8.2,3.12,-1.88,66.5,-2.48,-0.54,23.21,-2.76,-0.18,-0.034,-0.05,0.8149,1
23.85,TRAIN_M08_LADAKH_FAULT06_EGT_IMBAL,TRAIN,LADAKH,CRUISE_LOITER,5329.1,2193.0,71.0,83.02,82.99,82.92,82.92,784.18,784.4,849.96,783.66,4.32,90.69,9.36,3.0,40.9,0.727,14.08,3.41,LANE_A,20236.0,-22.6,86.9,0.328,6,108.7,-6.06,-8.59,-5.66,-8.16,2.91,-1.87,66.69,-2.61,-0.52,23.15,-2.73,-0.16,-0.021,-0.02,0.814,1
23.9,TRAIN_M08_LADAKH_FAULT06_EGT_IMBAL,TRAIN,LADAKH,CRUISE_LOITER,5329.0,2193.0,71.0,83.01,82.98,82.9,82.91,784.14,784.35,850.23,783.44,4.26,90.63,9.34,3.0,40.97,0.79,14.05,3.36,LANE_A,20236.0,-22.6,86.9,0.326,6,107.3,-6.07,-8.6,-5.68,-8.17,2.87,-1.92,66.96,-2.83,-0.58,23.09,-2.75,-0.09,0.042,-0.05,0.8138,1
23.95,TRAIN_M08_LADAKH_FAULT06_EGT_IMBAL,TRAIN,LADAKH,CRUISE_LOITER,5328.6,2192.8,71.0,82.99,82.97,82.9,82.91,784.56,784.04,850.7,783.47,4.31,90.65,9.39,3.0,40.98,0.738,14.08,3.37,LANE_A,20235.0,-22.6,86.9,0.323,6,105.8,-6.08,-8.6,-5.67,-8.16,3.29,-2.23,67.43,-2.8,-0.53,23.11,-2.7,-0.08,-0.01,-0.02,0.8138,1
24.0,TRAIN_M08_LADAKH_FAULT06_EGT_IMBAL,TRAIN,LADAKH,CRUISE_LOITER,5328.1,2192.6,71.0,82.98,82.95,82.89,82.89,784.6,783.8,851.51,783.58,4.26,90.74,9.34,3.0,40.89,0.706,14.06,3.31,LANE_A,20235.0,-22.6,86.9,0.32,6,104.4,-6.08,-8.61,-5.67,-8.17,3.33,-2.47,68.24,-2.69,-0.58,23.21,-2.75,-0.17,-0.041,-0.04,0.8156,1
24.05,TRAIN_M08_LADAKH_FAULT06_EGT_IMBAL,TRAIN,LADAKH,CRUISE_LOITER,5329.7,2193.3,71.0,82.97,82.94,82.88,82.88,784.31,783.87,851.68,783.5,4.31,90.74,9.37,3.0,41.02,0.732,14.06,3.27,LANE_A,20235.0,-22.6,86.9,0.317,6,103.0,-6.12,-8.65,-5.71,-8.21,3.04,-2.4,68.41,-2.77,-0.53,23.19,-2.72,-0.04,-0.016,-0.04,0.8152,1
24.1,TRAIN_M08_LADAKH_FAULT06_EGT_IMBAL,TRAIN,LADAKH,CRUISE_LOITER,5327.2,2192.3,71.0,82.95,82.92,82.87,82.87,784.05,783.84,852.03,783.83,4.28,90.73,9.35,3.0,41.1,0.697,14.07,3.19,LANE_A,20234.0,-22.6,86.9,0.314,6,101.5,-6.1,-8.63,-5.68,-8.18,2.78,-2.43,68.76,-2.44,-0.56,23.21,-2.74,0.04,-0.05,-0.03,0.8157,1
24.15,TRAIN_M08_LADAKH_FAULT06_EGT_IMBAL,TRAIN,LADAKH,CRUISE_LOITER,5334.7,2195.4,70.9,82.94,82.91,82.86,82.85,783.88,784.07,852.13,783.89,4.33,90.78,9.27,3.0,41.18,0.697,14.06,3.09,LANE_A,20234.0,-22.6,86.9,0.311,6,100.1,-6.21,-8.74,-5.79,-8.3,2.55,-2.26,68.8,-2.44,-0.51,23.18,-2.83,0.13,-0.051,-0.04,0.8154,1
24.2,TRAIN_M08_LADAKH_FAULT06_EGT_IMBAL,TRAIN,LADAKH,CRUISE_LOITER,5332.0,2194.2,70.9,82.93,82.9,82.85,82.84,783.95,784.14,851.94,783.82,4.3,90.81,9.39,3.0,41.2,0.72,14.08,3.08,LANE_A,20234.0,-22.6,86.9,0.309,6,98.6,-6.18,-8.71,-5.76,-8.27,2.62,-2.19,68.61,-2.51,-0.54,23.24,-2.71,0.15,-0.028,-0.02,0.816,1
24.25,TRAIN_M08_LADAKH_FAULT06_EGT_IMBAL,TRAIN,LADAKH,CRUISE_LOITER,5332.9,2194.6,70.9,82.93,82.89,82.83,82.83,784.18,784.45,852.25,784.11,4.23,90.99,9.36,3.0,41.06,0.721,14.05,2.73,LANE_A,20233.0,-22.6,86.9,0.306,6,97.2,-6.2,-8.74,-5.8,-8.3,2.85,-1.88,68.92,-2.22,-0.61,23.41,-2.74,0.01,-0.027,-0.05,0.8185,1
24.3,TRAIN_M08_LADAKH_FAULT06_EGT_IMBAL,TRAIN,LADAKH,CRUISE_LOITER,5333.6,2194.9,70.9,82.92,82.88,82.83,82.82,784.48,784.52,852.59,783.74,4.24,91.06,9.39,3.0,41.18,0.729,14.04,3.17,LANE_A,20233.0,-22.6,86.9,0.303,6,95.8,-6.22,-8.76,-5.81,-8.32,3.15,-1.81,69.26,-2.59,-0.6,23.47,-2.71,0.13,-0.019,-0.06,0.8193,1
24.35,TRAIN_M08_LADAKH_FAULT06_EGT_IMBAL,TRAIN,LADAKH,CRUISE_LOITER,5342.4,2198.5,70.9,82.91,82.87,82.82,82.81,784.59,784.42,852.75,784.02,4.28,91.23,9.46,3.0,41.13,0.8,14.05,3.14,LANE_A,20232.0,-22.6,87.0,0.3,6,94.3,-6.33,-8.87,-5.92,-8.43,3.26,-1.91,69.42,-2.31,-0.56,23.56,-2.66,0.07,0.05,-0.05,0.8203,1
24.4,TRAIN_M08_LADAKH_FAULT06_EGT_IMBAL,TRAIN,LADAKH,CRUISE_LOITER,5338.8,2197.1,70.9,82.9,82.86,82.81,82.81,784.89,784.08,853.18,783.81,4.23,91.21,9.36,3.0,41.01,0.765,14.08,2.98,LANE_A,20232.0,-22.6,87.0,0.297,6,92.9,-6.29,-8.83,-5.88,-8.38,3.56,-2.25,69.85,-2.52,-0.61,23.58,-2.75,-0.05,0.016,-0.02,0.8209,1
24.45,TRAIN_M08_LADAKH_FAULT06_EGT_IMBAL,TRAIN,LADAKH,CRUISE_LOITER,5331.7,2194.1,70.8,82.88,82.85,82.81,82.8,785.16,783.98,853.2,783.63,4.25,91.26,9.32,3.0,40.97,0.733,14.06,2.88,LANE_A,20232.0,-22.6,87.0,0.294,6,91.4,-6.19,-8.72,-5.76,-8.27,3.76,-2.42,69.8,-2.77,-0.59,23.72,-2.77,-0.08,-0.015,-0.04,0.8222,1
24.5,TRAIN_M08_LADAKH_FAULT06_EGT_IMBAL,TRAIN,LADAKH,CRUISE_LOITER,5329.6,2193.3,70.8,82.86,82.84,82.81,82.79,785.02,784.13,853.4,783.91,4.25,91.2,9.36,3.0,41.03,0.777,14.04,3.24,LANE_A,20231.0,-22.6,87.0,0.292,6,90.0,-6.18,-8.7,-5.73,-8.25,3.62,-2.27,70.0,-2.49,-0.59,23.69,-2.73,-0.02,0.029,-0.06,0.8219,1
24.55,TRAIN_M08_LADAKH_FAULT06_EGT_IMBAL,TRAIN,LADAKH,CRUISE_LOITER,5333.7,2195.0,70.8,82.85,82.83,82.8,82.78,784.96,784.09,853.62,783.99,4.31,91.22,9.31,3.0,40.9,0.726,14.1,3.36,LANE_A,20231.0,-22.6,87.0,0.289,6,88.6,-6.25,-8.77,-5.8,-8.32,3.56,-2.31,70.22,-2.41,-0.53,23.66,-2.79,-0.15,-0.022,0.0,0.8214,1
24.6,TRAIN_M08_LADAKH_FAULT06_EGT_IMBAL,TRAIN,LADAKH,CRUISE_LOITER,5328.1,2192.6,70.8,82.84,82.82,82.78,82.77,784.94,784.01,854.16,783.99,4.3,91.11,9.26,3.0,40.98,0.733,14.06,2.96,LANE_A,20231.0,-22.6,87.0,0.286,6,87.1,-6.18,-8.7,-5.74,-8.25,3.54,-2.39,70.76,-2.41,-0.54,23.61,-2.83,-0.07,-0.014,-0.04,0.821,1
24.65,TRAIN_M08_LADAKH_FAULT06_EGT_IMBAL,TRAIN,LADAKH,CRUISE_LOITER,5332.3,2194.4,70.8,82.82,82.81,82.77,82.76,784.71,783.7,854.52,784.25,4.3,91.14,9.21,3.0,41.03,0.742,14.1,3.05,LANE_A,20230.0,-22.6,87.0,0.283,6,85.7,-6.26,-8.77,-5.81,-8.32,3.31,-2.7,71.12,-2.15,-0.54,23.59,-2.89,-0.02,-0.006,0.0,0.8223,1
24.7,TRAIN_M08_LADAKH_FAULT06_EGT_IMBAL,TRAIN,LADAKH,CRUISE_LOITER,5330.4,2193.6,70.8,82.81,82.8,82.76,82.74,784.34,783.69,854.83,784.3,4.3,91.08,9.27,3.0,41.12,0.793,14.08,3.35,LANE_A,20230.0,-22.6,87.0,0.28,6,84.2,-6.24,-8.75,-5.79,-8.31,2.94,-2.71,71.43,-2.1,-0.54,23.56,-2.82,0.07,0.045,-0.02,0.8233,1
24.75,TRAIN_M08_LADAKH_FAULT06_EGT_IMBAL,TRAIN,LADAKH,CRUISE_LOITER,5329.6,2193.3,70.7,82.8,82.79,82.75,82.73,784.36,783.87,855.35,784.46,4.27,91.03,9.29,3.0,41.16,0.722,14.05,2.96,LANE_A,20229.0,-22.6,87.0,0.278,6,82.8,-6.23,-8.74,-5.78,-8.3,2.89,-2.6,71.88,-2.01,-0.57,23.52,-2.8,0.11,-0.026,-0.05,0.8251,1
24.8,TRAIN_M08_LADAKH_FAULT06_EGT_IMBAL,TRAIN,LADAKH,CRUISE_LOITER,5332.7,2194.5,70.7,82.79,82.77,82.74,82.72,784.42,783.61,855.45,785.27,4.35,91.05,9.27,3.0,40.99,0.733,14.08,3.06,LANE_A,20229.0,-22.6,87.0,0.275,6,81.4,-6.29,-8.81,-5.84,-8.36,2.95,-2.86,71.98,-1.2,-0.49,23.51,-2.82,-0.06,-0.015,-0.02,0.8251,1
24.85,TRAIN_M08_LADAKH_FAULT06_EGT_IMBAL,TRAIN,LADAKH,CRUISE_LOITER,5332.4,2194.4,70.7,82.78,82.77,82.73,82.71,784.59,783.94,855.7,784.92,4.29,91.18,9.34,3.0,41.04,0.774,14.07,3.45,LANE_A,20229.0,-22.6,87.0,0.272,6,79.9,-6.3,-8.81,-5.85,-8.37,3.12,-2.53,72.23,-1.55,-0.55,23.64,-2.75,-0.01,0.026,-0.03,0.8264,1
24.9,TRAIN_M08_LADAKH_FAULT06_EGT_IMBAL,TRAIN,LADAKH,CRUISE_LOITER,5332.7,2194.5,70.7,82.77,82.75,82.72,82.7,784.44,783.95,855.92,784.93,4.25,91.21,9.28,3.0,41.19,0.706,14.07,3.13,LANE_A,20228.0,-22.6,87.0,0.269,6,78.5,-6.31,-8.83,-5.86,-8.38,2.97,-2.52,72.45,-1.54,-0.59,23.67,-2.81,0.14,-0.042,-0.03,0.8276,1
24.95,TRAIN_M08_LADAKH_FAULT06_EGT_IMBAL,TRAIN,LADAKH,CRUISE_LOITER,5328.1,2192.6,70.7,82.75,82.74,82.71,82.69,784.37,784.31,856.15,784.54,4.26,91.31,9.25,3.0,41.3,0.72,14.05,2.99,LANE_A,20228.0,-22.6,87.0,0.266,6,77.0,-6.26,-8.77,-5.8,-8.32,2.9,-2.16,72.68,-1.93,-0.58,23.82,-2.83,0.25,-0.027,-0.05,0.8284,1
25.0,TRAIN_M08_LADAKH_FAULT06_EGT_IMBAL,TRAIN,LADAKH,CRUISE_LOITER,5330.2,2193.5,70.7,82.74,82.73,82.7,82.67,784.25,784.19,856.54,785.02,4.31,91.29,9.27,3.0,41.28,0.748,14.04,3.34,LANE_A,20227.0,-22.6,87.0,0.263,6,75.6,-6.3,-8.81,-5.84,-8.37,2.78,-2.28,73.07,-1.45,-0.53,23.77,-2.82,0.23,0.0,-0.06,0.8295,1
25.05,TRAIN_M08_LADAKH_FAULT06_EGT_IMBAL,TRAIN,LADAKH,CRUISE_LOITER,5331.6,2194.1,70.7,82.73,82.72,82.69,82.67,784.35,784.31,857.05,785.04,4.3,91.4,9.41,3.0,41.21,0.748,14.06,2.92,LANE_A,20227.0,-22.6,87.0,0.261,6,74.2,-6.33,-8.84,-5.87,-8.39,2.88,-2.16,73.58,-1.43,-0.54,23.87,-2.68,0.16,0.0,-0.04,0.8314,1
25.1,TRAIN_M08_LADAKH_FAULT06_EGT_IMBAL,TRAIN,LADAKH,CRUISE_LOITER,5324.3,2191.1,70.6,82.72,82.71,82.68,82.66,784.43,784.21,857.45,785.08,4.31,91.34,9.36,3.0,41.17,0.749,14.06,3.37,LANE_A,20226.0,-22.6,87.0,0.258,6,72.7,-6.23,-8.74,-5.77,-8.29,2.9,-2.32,73.92,-1.45,-0.53,23.9,-2.71,0.13,0.002,-0.04,0.8324,1
25.15,TRAIN_M08_LADAKH_FAULT06_EGT_IMBAL,TRAIN,LADAKH,CRUISE_LOITER,5318.2,2188.6,70.6,82.71,82.7,82.67,82.65,784.7,784.23,857.56,785.18,4.28,91.37,9.34,3.0,41.2,0.738,14.05,3.15,LANE_A,20226.0,-22.6,87.0,0.255,6,71.3,-6.15,-8.66,-5.69,-8.21,3.17,-2.3,74.03,-1.35,-0.56,24.0,-2.72,0.16,-0.008,-0.05,0.833,1
25.2,TRAIN_M08_LADAKH_FAULT06_EGT_IMBAL,TRAIN,LADAKH,CRUISE_LOITER,5324.3,2191.1,70.6,82.7,82.7,82.66,82.64,784.91,784.43,857.32,785.06,4.29,91.4,9.35,3.0,41.24,0.738,14.06,2.98,LANE_A,20226.0,-22.6,87.0,0.252,6,69.8,-6.25,-8.75,-5.79,-8.31,3.38,-2.1,73.79,-1.47,-0.55,23.96,-2.72,0.2,-0.009,-0.04,0.8322,1
25.25,TRAIN_M08_LADAKH_FAULT06_EGT_IMBAL,TRAIN,LADAKH,CRUISE_LOITER,5326.8,2192.1,70.6,82.69,82.69,82.65,82.63,784.55,784.58,857.33,784.94,4.23,91.42,9.33,3.0,41.18,0.695,14.09,3.01,LANE_A,20225.0,-22.6,87.0,0.249,6,68.4,-6.3,-8.8,-5.84,-8.36,3.02,-1.95,73.8,-1.59,-0.61,23.95,-2.75,0.14,-0.052,-0.01,0.8327,1
25.3,TRAIN_M08_LADAKH_FAULT06_EGT_IMBAL,TRAIN,LADAKH,CRUISE_LOITER,5328.3,2192.7,70.6,82.68,82.68,82.64,82.62,784.56,785.01,858.0,784.92,4.26,91.53,9.34,3.0,41.0,0.777,14.07,3.14,LANE_A,20225.0,-22.6,87.0,0.246,6,67.0,-6.33,-8.83,-5.87,-8.39,3.03,-1.52,74.47,-1.61,-0.58,24.04,-2.74,-0.04,0.03,-0.03,0.8349,1
25.35,TRAIN_M08_LADAKH_FAULT06_EGT_IMBAL,TRAIN,LADAKH,CRUISE_LOITER,5326.3,2191.9,70.6,82.67,82.67,82.63,82.61,784.6,785.34,858.63,784.57,4.25,91.38,9.31,3.0,41.23,0.777,14.08,2.94,LANE_A,20224.0,-22.6,87.1,0.243,6,65.5,-6.28,-8.78,-5.82,-8.34,3.07,-1.19,75.1,-1.96,-0.59,23.94,-2.77,0.18,0.03,-0.02,0.8371,1
25.4,TRAIN_M08_LADAKH_FAULT06_EGT_IMBAL,TRAIN,LADAKH,CRUISE_LOITER,5320.2,2189.4,70.5,82.67,82.65,82.62,82.6,784.49,785.0,858.89,784.45,4.3,91.41,9.29,3.0,41.11,0.863,14.03,3.14,LANE_A,20224.0,-22.6,87.1,0.241,6,64.1,-6.18,-8.7,-5.73,-8.25,2.89,-1.6,75.29,-2.15,-0.54,24.05,-2.77,0.07,0.117,-0.07,0.8375,1
25.45,TRAIN_M08_LADAKH_FAULT06_EGT_IMBAL,TRAIN,LADAKH,CRUISE_LOITER,5322.3,2190.3,70.5,82.66,82.65,82.62,82.59,784.46,784.88,859.05,784.45,4.26,91.46,9.28,3.0,41.16,0.773,14.06,3.21,LANE_A,20223.0,-22.6,87.1,0.238,6,62.6,-6.22,-8.73,-5.76,-8.29,2.86,-1.72,75.45,-2.15,-0.58,24.07,-2.79,0.12,0.026,-0.04,0.8383,1
25.5,TRAIN_M08_LADAKH_FAULT06_EGT_IMBAL,TRAIN,LADAKH,CRUISE_LOITER,5325.7,2191.6,70.5,82.63,82.63,82.61,82.58,784.57,784.8,859.14,784.51,4.29,91.37,9.19,3.0,41.13,0.768,14.06,2.87,LANE_A,20223.0,-22.6,87.1,0.235,6,61.2,-6.3,-8.8,-5.82,-8.35,2.97,-1.8,75.54,-2.09,-0.55,23.94,-2.89,0.09,0.021,-0.04,0.8385,1
25.55,TRAIN_M08_LADAKH_FAULT06_EGT_IMBAL,TRAIN,LADAKH,CRUISE_LOITER,5326.4,2191.9,70.5,82.62,82.62,82.6,82.57,784.59,784.78,859.67,784.86,4.26,91.28,9.21,3.0,41.18,0.796,14.07,3.02,LANE_A,20223.0,-22.6,87.1,0.232,6,59.8,-6.32,-8.82,-5.84,-8.37,2.99,-1.82,76.07,-1.74,-0.58,23.84,-2.87,0.14,0.049,-0.03,0.8404,1
25.6,TRAIN_M08_LADAKH_FAULT06_EGT_IMBAL,TRAIN,LADAKH,CRUISE_LOITER,5324.3,2191.1,70.5,82.6,82.61,82.58,82.56,784.65,785.14,859.79,784.4,4.25,91.23,9.28,3.0,41.08,0.703,14.07,3.25,LANE_A,20222.0,-22.6,87.1,0.229,6,58.3,-6.31,-8.8,-5.83,-8.35,3.05,-1.46,76.19,-2.2,-0.59,23.82,-2.79,0.04,-0.044,-0.03,0.8407,1
25.65,TRAIN_M08_LADAKH_FAULT06_EGT_IMBAL,TRAIN,LADAKH,CRUISE_LOITER,5326.5,2192.0,70.5,82.59,82.59,82.57,82.55,784.15,785.2,860.08,784.43,4.3,91.28,9.24,3.0,41.13,0.776,14.07,3.29,LANE_A,20222.0,-22.6,87.1,0.226,6,56.9,-6.36,-8.86,-5.88,-8.4,2.55,-1.4,76.48,-2.17,-0.54,23.84,-2.84,0.09,0.029,-0.03,0.8416,1
25.7,TRAIN_M08_LADAKH_FAULT06_EGT_IMBAL,TRAIN,LADAKH,CRUISE_LOITER,5327.3,2192.3,70.5,82.59,82.59,82.56,82.55,784.49,785.11,860.66,784.09,4.28,91.25,9.3,3.0,41.08,0.746,14.07,3.17,LANE_A,20221.0,-22.6,87.1,0.224,6,55.4,-6.37,-8.87,-5.9,-8.41,2.89,-1.49,77.06,-2.51,-0.56,23.8,-2.78,0.04,-0.001,-0.03,0.8436,1
25.75,TRAIN_M08_LADAKH_FAULT06_EGT_IMBAL,TRAIN,LADAKH,CRUISE_LOITER,5326.5,2192.0,70.4,82.58,82.58,82.55,82.54,783.98,784.91,860.94,784.23,4.28,91.29,9.22,3.0,41.07,0.755,14.07,3.19,LANE_A,20221.0,-22.6,87.1,0.221,6,54.0,-6.36,-8.86,-5.89,-8.4,2.32,-1.75,77.28,-2.43,-0.56,23.86,-2.86,0.03,0.008,-0.03,0.8444,1
25.8,TRAIN_M08_LADAKH_FAULT06_EGT_IMBAL,TRAIN,LADAKH,CRUISE_LOITER,5325.5,2191.6,70.4,82.57,82.57,82.55,82.52,784.15,785.08,861.49,784.34,4.3,91.42,9.2,3.0,41.17,0.703,14.06,3.19,LANE_A,20220.0,-22.6,87.1,0.218,6,52.6,-6.35,-8.85,-5.87,-8.4,2.49,-1.58,77.83,-2.32,-0.54,24.0,-2.87,0.13,-0.044,-0.04,0.8462,1
25.85,TRAIN_M08_LADAKH_FAULT06_EGT_IMBAL,TRAIN,LADAKH,CRUISE_LOITER,5328.6,2192.8,70.4,82.56,82.56,82.53,82.51,783.97,785.19,861.62,783.93,4.23,91.29,9.15,3.0,41.11,0.742,14.08,3.24,LANE_A,20220.0,-22.6,87.1,0.215,6,51.1,-6.41,-8.91,-5.94,-8.46,2.31,-1.47,77.96,-2.73,-0.61,23.83,-2.93,0.07,-0.006,-0.02,0.847,1
25.9,TRAIN_M08_LADAKH_FAULT06_EGT_IMBAL,TRAIN,LADAKH,CRUISE_LOITER,5329.4,2193.2,70.4,82.55,82.55,82.53,82.49,783.89,785.13,861.81,783.98,4.29,91.32,9.22,3.0,41.1,0.756,14.08,3.07,LANE_A,20219.0,-22.6,87.1,0.212,6,49.7,-6.43,-8.93,-5.95,-8.49,2.23,-1.53,78.15,-2.68,-0.55,23.85,-2.86,0.06,0.008,-0.02,0.8473,1
25.95,TRAIN_M08_LADAKH_FAULT06_EGT_IMBAL,TRAIN,LADAKH,CRUISE_LOITER,5329.0,2193.0,70.4,82.53,82.53,82.51,82.49,783.75,785.07,861.85,784.15,4.22,91.36,9.21,3.0,41.02,0.681,14.08,3.31,LANE_A,20219.0,-22.6,87.1,0.209,6,48.2,-6.45,-8.95,-5.97,-8.49,2.09,-1.59,78.19,-2.51,-0.62,23.9,-2.87,-0.02,-0.067,-0.02,0.8479,1
26.0,TRAIN_M08_LADAKH_FAULT06_EGT_IMBAL,TRAIN,LADAKH,CRUISE_LOITER,5320.6,2189.6,70.4,82.53,82.53,82.51,82.48,783.8,785.37,862.02,784.11,4.25,91.28,9.27,3.0,41.01,0.76,14.06,3.37,LANE_A,20218.0,-22.6,87.1,0.207,6,46.8,-6.32,-8.82,-5.84,-8.37,2.14,-1.29,78.36,-2.55,-0.59,23.92,-2.79,-0.03,0.014,-0.04,0.848,1
26.05,TRAIN_M08_LADAKH_FAULT06_EGT_IMBAL,TRAIN,LADAKH,CRUISE_LOITER,5321.8,2190.0,70.4,82.52,82.52,82.5,82.47,784.04,785.01,862.35,784.33,4.24,91.2,9.27,3.0,41.06,0.714,14.08,2.99,LANE_A,20218.0,-22.6,87.1,0.204,6,45.4,-6.35,-8.85,-5.87,-8.4,2.38,-1.65,78.69,-2.33,-0.6,23.82,-2.8,0.02,-0.033,-0.02,0.8491,1
26.1,TRAIN_M08_LADAKH_FAULT06_EGT_IMBAL,TRAIN,LADAKH,CRUISE_LOITER,5325.2,2191.4,70.3,82.5,82.51,82.48,82.46,784.04,784.77,862.65,784.47,4.27,91.23,9.23,3.0,41.14,0.804,14.04,3.29,LANE_A,20217.0,-22.6,87.1,0.201,6,43.9,-6.41,-8.9,-5.93,-8.45,2.31,-1.96,78.92,-2.26,-0.57,23.82,-2.84,0.11,0.057,-0.06,0.8498,1
26.15,TRAIN_M08_LADAKH_FAULT06_EGT_IMBAL,TRAIN,LADAKH,CRUISE_LOITER,5322.4,2190.3,70.3,82.49,82.5,82.47,82.44,784.33,784.89,863.0,784.61,4.26,91.19,9.19,3.0,41.16,0.765,14.07,2.97,LANE_A,20217.0,-22.6,87.1,0.198,6,42.5,-6.38,-8.87,-5.9,-8.43,2.6,-1.84,79.27,-2.12,-0.58,23.81,-2.87,0.13,0.018,-0.03,0.8509,1
26.2,TRAIN_M08_LADAKH_FAULT06_EGT_IMBAL,TRAIN,LADAKH,CRUISE_LOITER,5317.4,2188.2,70.3,82.48,82.49,82.46,82.43,784.45,785.02,863.32,784.97,4.28,91.24,9.29,3.0,40.98,0.739,14.06,3.47,LANE_A,20216.0,-22.6,87.2,0.195,6,41.0,-6.29,-8.78,-5.81,-8.34,2.72,-1.71,79.59,-1.76,-0.56,23.94,-2.76,-0.06,-0.007,-0.04,0.8517,1
26.25,TRAIN_M08_LADAKH_FAULT06_EGT_IMBAL,TRAIN,LADAKH,CRUISE_LOITER,5318.3,2188.6,70.3,82.47,82.48,82.45,82.41,783.97,785.26,863.26,784.71,4.23,91.13,9.22,3.0,40.94,0.725,14.07,2.94,LANE_A,20216.0,-22.6,87.2,0.193,6,39.6,-6.31,-8.8,-5.83,-8.37,2.24,-1.47,79.53,-2.02,-0.61,23.82,-2.84,-0.1,-0.021,-0.03,0.8518,1
26.3,TRAIN_M08_LADAKH_FAULT06_EGT_IMBAL,TRAIN,LADAKH,CRUISE_LOITER,5318.2,2188.6,70.3,82.46,82.47,82.44,82.4,784.06,785.0,863.4,784.3,4.23,91.2,9.27,3.0,41.03,0.716,14.07,3.24,LANE_A,20215.0,-22.6,87.2,0.19,6,38.2,-6.32,-8.81,-5.84,-8.38,2.33,-1.73,79.67,-2.43,-0.61,23.89,-2.79,-0.01,-0.03,-0.03,0.8522,1
26.35,TRAIN_M08_LADAKH_FAULT06_EGT_IMBAL,TRAIN,LADAKH,CRUISE_LOITER,5320.8,2189.6,70.3,82.44,82.46,82.43,82.38,784.52,785.13,863.67,784.34,4.26,91.36,9.23,3.0,40.93,0.778,14.1,2.98,LANE_A,20215.0,-22.6,87.2,0.187,6,36.7,-6.38,-8.86,-5.89,-8.44,2.79,-1.6,79.94,-2.39,-0.58,24.02,-2.83,-0.11,0.032,0.0,0.8531,1
26.4,TRAIN_M08_LADAKH_FAULT06_EGT_IMBAL,TRAIN,LADAKH,CRUISE_LOITER,5322.9,2190.5,70.3,82.43,82.45,82.41,82.37,784.67,785.15,864.0,784.37,4.31,91.37,9.11,3.0,41.0,0.716,14.09,3.17,LANE_A,20214.0,-22.6,87.2,0.184,6,35.3,-6.42,-8.9,-5.94,-8.48,2.94,-1.58,80.27,-2.36,-0.53,24.01,-2.96,-0.04,-0.031,-0.01,0.8541,1
26.45,TRAIN_M08_LADAKH_FAULT06_EGT_IMBAL,TRAIN,LADAKH,CRUISE_LOITER,5326.6,2192.0,70.2,82.41,82.44,82.41,82.35,784.29,785.18,864.37,784.4,4.24,91.3,9.15,3.0,41.0,0.749,14.07,3.17,LANE_A,20214.0,-22.5,87.2,0.181,6,33.8,-6.58,-9.05,-6.08,-8.64,2.48,-1.63,80.56,-2.41,-0.6,23.81,-2.92,-0.03,0.002,-0.03,0.8554,1
26.5,TRAIN_M08_LADAKH_FAULT06_EGT_IMBAL,TRAIN,LADAKH,CRUISE_LOITER,5331.4,2194.0,70.2,82.4,82.43,82.4,82.34,784.44,785.25,864.57,784.34,4.29,91.31,9.05,3.0,41.12,0.714,14.09,2.99,LANE_A,20213.0,-22.5,87.2,0.178,6,32.4,-6.66,-9.13,-6.16,-8.72,2.63,-1.56,80.76,-2.47,-0.55,23.76,-3.03,0.09,-0.034,-0.01,0.8559,1
26.55,TRAIN_M08_LADAKH_FAULT06_EGT_IMBAL,TRAIN,LADAKH,CRUISE_LOITER,5331.0,2193.8,70.2,82.39,82.42,82.39,82.32,784.67,785.24,865.18,784.51,4.23,91.44,9.14,3.0,41.0,0.755,14.07,3.08,LANE_A,20213.0,-22.5,87.2,0.175,6,31.0,-6.67,-9.14,-6.17,-8.74,2.86,-1.57,81.37,-2.3,-0.61,23.89,-2.94,-0.03,0.007,-0.03,0.8581,1
26.6,TRAIN_M08_LADAKH_FAULT06_EGT_IMBAL,TRAIN,LADAKH,CRUISE_LOITER,5328.9,2193.0,70.2,82.37,82.41,82.38,82.32,784.53,784.94,865.38,784.78,4.23,91.31,9.23,3.0,41.02,0.809,14.05,3.31,LANE_A,20212.0,-22.5,87.2,0.173,6,29.5,-6.66,-9.12,-6.15,-8.71,2.72,-1.87,81.57,-2.03,-0.61,23.79,-2.84,-0.01,0.061,-0.05,0.8585,1
26.65,TRAIN_M08_LADAKH_FAULT06_EGT_IMBAL,TRAIN,LADAKH,CRUISE_LOITER,5329.5,2193.2,70.2,82.37,82.4,82.37,82.31,784.68,784.85,865.58,784.74,4.27,91.27,9.2,3.0,40.98,0.788,14.06,3.2,LANE_A,20212.0,-22.5,87.2,0.17,6,28.1,-6.67,-9.14,-6.17,-8.73,2.87,-1.96,81.77,-2.07,-0.57,23.74,-2.88,-0.05,0.04,-0.04,0.8589,1
26.7,TRAIN_M08_LADAKH_FAULT06_EGT_IMBAL,TRAIN,LADAKH,CRUISE_LOITER,5328.5,2192.8,70.2,82.36,82.39,82.36,82.3,784.72,784.57,865.77,784.65,4.27,91.26,9.26,3.0,40.95,0.742,14.05,3.22,LANE_A,20211.0,-22.5,87.2,0.167,6,26.6,-6.66,-9.13,-6.16,-8.72,2.91,-2.24,81.96,-2.16,-0.57,23.74,-2.81,-0.09,-0.006,-0.05,0.8594,1
26.75,TRAIN_M08_LADAKH_FAULT06_EGT_IMBAL,TRAIN,LADAKH,CRUISE_LOITER,5325.8,2191.7,70.2,82.35,82.38,82.35,82.29,784.95,784.27,866.33,784.85,4.26,91.24,9.22,3.0,41.14,0.742,14.09,3.17,LANE_A,20211.0,-22.5,87.2,0.164,6,25.2,-6.63,-9.1,-6.13,-8.69,3.14,-2.54,82.52,-1.96,-0.58,23.75,-2.85,0.1,-0.005,-0.01,0.8611,1
26.8,TRAIN_M08_LADAKH_FAULT06_EGT_IMBAL,TRAIN,LADAKH,CRUISE_LOITER,5325.0,2191.3,70.2,82.34,82.37,82.33,82.28,784.81,784.28,866.78,785.0,4.3,91.24,9.21,3.0,41.04,0.702,14.06,2.89,LANE_A,20210.0,-22.5,87.2,0.161,6,23.8,-6.63,-9.1,-6.14,-8.69,3.0,-2.53,82.97,-1.81,-0.54,23.76,-2.86,0.0,-0.045,-0.04,0.8623,1
26.85,TRAIN_M08_LADAKH_FAULT06_EGT_IMBAL,TRAIN,LADAKH,CRUISE_LOITER,5320.3,2189.4,70.1,82.33,82.36,82.32,82.27,784.93,784.69,866.74,784.57,4.32,91.27,9.25,3.0,41.0,0.717,14.07,3.26,LANE_A,20209.0,-22.5,87.2,0.158,6,22.3,-6.56,-9.03,-6.07,-8.62,3.05,-2.19,82.86,-2.31,-0.52,23.85,-2.8,-0.03,-0.029,-0.03,0.8618,1
26.9,TRAIN_M08_LADAKH_FAULT06_EGT_IMBAL,TRAIN,LADAKH,CRUISE_LOITER,5318.2,2188.5,70.1,82.32,82.35,82.31,82.26,785.13,784.26,867.11,784.53,4.26,91.24,9.26,3.0,40.99,0.768,14.05,3.28,LANE_A,20209.0,-22.5,87.2,0.156,6,20.9,-6.54,-9.01,-6.05,-8.6,3.25,-2.62,83.23,-2.35,-0.58,23.85,-2.79,-0.04,0.022,-0.05,0.8631,1
26.95,TRAIN_M08_LADAKH_FAULT06_EGT_IMBAL,TRAIN,LADAKH,CRUISE_LOITER,5316.3,2187.8,70.1,82.31,82.34,82.3,82.26,785.25,784.52,867.22,784.62,4.31,91.11,9.31,3.0,40.88,0.739,14.07,3.07,LANE_A,20208.0,-22.5,87.3,0.153,6,19.4,-6.5,-8.97,-6.01,-8.55,3.37,-2.36,83.34,-2.26,-0.53,23.76,-2.73,-0.15,-0.007,-0.03,0.8631,1
27.0,TRAIN_M08_LADAKH_FAULT06_EGT_IMBAL,TRAIN,LADAKH,CRUISE_LOITER,5322.9,2190.5,70.1,82.3,82.34,82.3,82.25,785.02,784.55,867.69,784.61,4.27,91.06,9.29,3.0,41.09,0.682,14.08,3.21,LANE_A,20208.0,-22.5,87.3,0.15,6,18.0,-6.61,-9.07,-6.11,-8.66,3.14,-2.33,83.81,-2.27,-0.57,23.63,-2.77,0.06,-0.065,-0.02,0.8647,1
27.05,TRAIN_M08_LADAKH_FAULT06_EGT_IMBAL,TRAIN,LADAKH,CRUISE_LOITER,5328.0,2192.6,70.1,82.29,82.33,82.29,82.24,784.93,784.6,867.93,784.83,4.28,91.07,9.21,3.0,41.14,0.761,14.08,3.24,LANE_A,20207.0,-22.5,87.3,0.15,6,18.0,-6.69,-9.15,-6.19,-8.74,3.05,-2.28,84.05,-2.05,-0.56,23.58,-2.86,0.11,0.014,-0.02,0.8655,1
27.1,TRAIN_M08_LADAKH_FAULT06_EGT_IMBAL,TRAIN,LADAKH,CRUISE_LOITER,5329.9,2193.4,70.1,82.28,82.32,82.29,82.23,785.18,784.43,868.34,784.79,4.23,91.14,9.25,3.0,41.21,0.689,14.08,2.79,LANE_A,20207.0,-22.5,87.3,0.15,6,18.0,-6.73,-9.19,-6.22,-8.78,3.3,-2.45,84.46,-2.09,-0.61,23.63,-2.83,0.18,-0.059,-0.02,0.8669,1
27.15,TRAIN_M08_LADAKH_FAULT06_EGT_IMBAL,TRAIN,LADAKH,CRUISE_LOITER,5330.7,2193.7,70.1,82.28,82.31,82.28,82.23,785.33,784.01,868.49,784.49,4.22,91.07,9.2,3.0,41.28,0.748,14.08,3.09,LANE_A,20206.0,-22.5,87.3,0.15,6,18.0,-6.74,-9.21,-6.24,-8.79,3.45,-2.87,84.61,-2.39,-0.62,23.55,-2.88,0.24,0.0,-0.02,0.8674,1
27.2,TRAIN_M08_LADAKH_FAULT06_EGT_IMBAL,TRAIN,LADAKH,CRUISE_LOITER,5326.2,2191.8,70.1,82.27,82.3,82.27,82.22,785.28,783.9,868.49,784.39,4.3,90.99,9.17,3.0,41.17,0.723,14.04,3.16,LANE_A,20206.0,-22.5,87.3,0.15,6,18.0,-6.69,-9.16,-6.19,-8.74,3.4,-2.98,84.61,-2.49,-0.54,23.53,-2.9,0.13,-0.024,-0.06,0.867,1
27.25,TRAIN_M08_LADAKH_FAULT06_EGT_IMBAL,TRAIN,LADAKH,CRUISE_LOITER,5320.1,2189.3,70.0,82.26,82.29,82.26,82.21,785.03,784.13,869.22,784.17,4.27,91.01,9.2,3.0,41.06,0.746,14.05,3.14,LANE_A,20205.0,-22.5,87.3,0.15,6,18.0,-6.6,-9.07,-6.1,-8.65,3.09,-2.81,85.28,-2.77,-0.57,23.62,-2.85,0.03,0.0,-0.05,0.8689,1
27.3,TRAIN_M08_LADAKH_FAULT06_EGT_IMBAL,TRAIN,LADAKH,CRUISE_LOITER,5326.1,2191.8,70.0,82.24,82.27,82.25,82.19,784.98,784.64,869.5,784.12,4.29,91.05,9.08,3.0,41.07,0.752,14.05,2.93,LANE_A,20204.0,-22.5,87.3,0.15,6,18.0,-6.71,-9.18,-6.2,-8.76,3.04,-2.3,85.56,-2.82,-0.55,23.59,-2.99,0.04,0.005,-0.05,0.8698,1
27.35,TRAIN_M08_LADAKH_FAULT06_EGT_IMBAL,TRAIN,LADAKH,CRUISE_LOITER,5319.1,2188.9,70.0,82.24,82.26,82.24,82.19,785.32,784.69,869.18,784.14,4.27,91.05,9.19,3.0,41.0,0.766,14.08,3.34,LANE_A,20204.0,-22.5,87.3,0.15,6,18.0,-6.6,-9.08,-6.1,-8.65,3.38,-2.25,85.24,-2.8,-0.57,23.68,-2.86,-0.03,0.02,-0.02,0.8689,1
27.4,TRAIN_M08_LADAKH_FAULT06_EGT_IMBAL,TRAIN,LADAKH,CRUISE_LOITER,5323.0,2190.5,70.0,82.23,82.26,82.23,82.18,785.52,784.76,869.49,784.12,4.29,91.01,9.25,3.0,40.94,0.743,14.07,3.16,LANE_A,20203.0,-22.5,87.3,0.15,6,18.0,-6.67,-9.14,-6.17,-8.72,3.58,-2.18,85.55,-2.82,-0.55,23.59,-2.81,-0.09,-0.004,-0.03,0.8696,1
27.45,TRAIN_M08_LADAKH_FAULT06_EGT_IMBAL,TRAIN,LADAKH,CRUISE_LOITER,5324.2,2191.0,70.0,82.22,82.25,82.23,82.16,785.67,784.72,869.16,784.16,4.29,90.96,9.16,3.0,41.07,0.753,14.06,3.27,LANE_A,20203.0,-22.5,87.3,0.15,6,18.0,-6.7,-9.17,-6.19,-8.76,3.73,-2.22,85.22,-2.78,-0.55,23.52,-2.9,0.04,0.006,-0.04,0.8688,1
27.5,TRAIN_M08_LADAKH_FAULT06_EGT_IMBAL,TRAIN,LADAKH,CRUISE_LOITER,5324.4,2191.1,70.0,82.21,82.24,82.22,82.16,785.39,784.8,869.37,784.41,4.23,90.95,9.25,3.0,41.0,0.733,14.08,3.13,LANE_A,20202.0,-22.5,87.3,0.15,6,18.0,-6.71,-9.18,-6.2,-8.76,3.45,-2.14,85.43,-2.53,-0.61,23.51,-2.81,-0.03,-0.014,-0.02,0.8695,1
27.55,TRAIN_M08_LADAKH_FAULT06_EGT_IMBAL,TRAIN,LADAKH,CRUISE_LOITER,5329.5,2193.2,70.0,82.2,82.24,82.21,82.15,785.43,785.47,869.59,784.79,4.25,90.9,9.26,3.0,40.97,0.732,14.07,3.11,LANE_A,20202.0,-22.5,87.3,0.15,6,18.0,-6.8,-9.26,-6.29,-8.85,3.49,-1.47,85.65,-2.15,-0.59,23.4,-2.81,-0.06,-0.016,-0.03,0.8701,1
27.6,TRAIN_M08_LADAKH_FAULT06_EGT_IMBAL,TRAIN,LADAKH,CRUISE_LOITER,5332.2,2194.3,70.0,82.19,82.23,82.19,82.15,785.37,785.41,869.7,784.78,4.27,90.89,9.23,3.0,40.92,0.734,14.06,3.24,LANE_A,20201.0,-22.5,87.4,0.15,6,18.0,-6.82,-9.28,-6.32,-8.86,3.43,-1.53,85.76,-2.16,-0.57,23.38,-2.85,-0.12,-0.014,-0.04,0.8704,1
27.65,TRAIN_M08_LADAKH_FAULT06_EGT_IMBAL,TRAIN,LADAKH,CRUISE_LOITER,5330.2,2193.5,70.0,82.19,82.22,82.18,82.14,785.57,785.62,869.5,785.0,4.26,90.78,9.2,3.0,40.99,0.737,14.06,3.18,LANE_A,20200.0,-22.5,87.4,0.15,6,18.0,-6.79,-9.26,-6.3,-8.84,3.63,-1.32,85.56,-1.94,-0.58,23.29,-2.88,-0.05,-0.011,-0.04,0.8698,1
27.7,TRAIN_M08_LADAKH_FAULT06_EGT_IMBAL,TRAIN,LADAKH,CRUISE_LOITER,5323.5,2190.8,69.9,82.18,82.21,82.17,82.13,785.36,785.52,870.03,785.18,4.24,90.75,9.16,3.0,40.98,0.753,14.05,3.22,LANE_A,20200.0,-22.5,87.4,0.15,6,18.0,-6.7,-9.17,-6.21,-8.75,3.35,-1.49,86.02,-1.83,-0.6,23.35,-2.9,-0.05,0.006,-0.05,0.8711,1
27.75,TRAIN_M08_LADAKH_FAULT06_EGT_IMBAL,TRAIN,LADAKH,CRUISE_LOITER,5332.5,2194.5,69.9,82.17,82.2,82.16,82.12,785.11,785.65,870.05,785.07,4.31,90.82,9.1,3.0,40.88,0.782,14.06,2.98,LANE_A,20199.0,-22.5,87.4,0.15,6,18.0,-6.84,-9.31,-6.35,-8.89,3.1,-1.36,86.04,-1.94,-0.53,23.31,-2.98,-0.15,0.034,-0.04,0.8711,1
27.8,TRAIN_M08_LADAKH_FAULT06_EGT_IMBAL,TRAIN,LADAKH,CRUISE_LOITER,5325.5,2191.5,69.9,82.16,82.19,82.14,82.11,785.25,785.8,869.98,785.3,4.28,90.84,9.07,3.0,40.9,0.752,14.09,3.31,LANE_A,20199.0,-22.5,87.4,0.15,6,18.0,-6.75,-9.22,-6.27,-8.8,3.24,-1.21,85.97,-1.71,-0.56,23.42,-2.99,-0.13,0.005,-0.01,0.871,1
27.85,TRAIN_M08_LADAKH_FAULT06_EGT_IMBAL,TRAIN,LADAKH,CRUISE_LOITER,5324.6,2191.2,69.9,82.15,82.17,82.13,82.1,785.17,785.71,870.15,785.29,4.28,90.77,9.06,3.0,40.99,0.713,14.07,3.17,LANE_A,20198.0,-22.5,87.4,0.15,6,18.0,-6.74,-9.22,-6.26,-8.79,3.16,-1.3,86.14,-1.72,-0.56,23.36,-3.0,-0.04,-0.034,-0.03,0.8714,1
27.9,TRAIN_M08_LADAKH_FAULT06_EGT_IMBAL,TRAIN,LADAKH,CRUISE_LOITER,5317.0,2188.1,69.9,82.13,82.16,82.11,82.08,785.42,785.17,869.95,785.2,4.26,90.73,9.03,3.0,40.94,0.736,14.04,3.04,LANE_A,20197.0,-22.5,87.4,0.15,6,18.0,-6.65,-9.12,-6.17,-8.7,3.41,-1.84,85.94,-1.81,-0.58,23.41,-3.02,-0.09,-0.01,-0.06,0.8709,1
27.95,TRAIN_M08_LADAKH_FAULT06_EGT_IMBAL,TRAIN,LADAKH,CRUISE_LOITER,5320.4,2189.5,69.9,82.12,82.14,82.1,82.07,785.62,785.25,869.92,785.18,4.31,90.68,9.08,3.0,41.07,0.773,14.05,3.23,LANE_A,20197.0,-22.5,87.4,0.15,6,18.0,-6.71,-9.19,-6.23,-8.76,3.61,-1.76,85.91,-1.83,-0.53,23.32,-2.97,0.04,0.027,-0.05,0.8706,1
28.0,TRAIN_M08_LADAKH_FAULT06_EGT_IMBAL,TRAIN,LADAKH,CRUISE_LOITER,5320.9,2189.7,69.9,82.1,82.14,82.1,82.06,785.79,784.95,870.12,785.01,4.24,90.62,9.16,3.0,41.06,0.751,14.07,3.03,LANE_A,20196.0,-22.5,87.4,0.15,6,18.0,-6.74,-9.2,-6.24,-8.78,3.78,-2.06,86.11,-2.0,-0.6,23.25,-2.9,0.03,0.005,-0.03,0.8713,1
28.05,TRAIN_M08_LADAKH_FAULT06_EGT_IMBAL,TRAIN,LADAKH,CRUISE_LOITER,5326.4,2191.9,69.9,82.1,82.13,82.09,82.05,785.09,784.94,870.16,785.28,4.3,90.49,9.15,3.0,41.05,0.733,14.06,3.07,LANE_A,20195.0,-22.5,87.4,0.15,6,18.0,-6.82,-9.29,-6.33,-8.87,3.08,-2.07,86.15,-1.73,-0.54,23.05,-2.92,0.01,-0.014,-0.04,0.8712,1
28.1,TRAIN_M08_LADAKH_FAULT06_EGT_IMBAL,TRAIN,LADAKH,CRUISE_LOITER,5322.3,2190.2,69.9,82.09,82.11,82.08,82.04,785.22,785.01,870.18,785.23,4.29,90.33,9.18,3.0,40.99,0.746,14.05,3.39,LANE_A,20195.0,-22.5,87.4,0.15,6,18.0,-6.77,-9.25,-6.28,-8.82,3.21,-2.0,86.17,-1.78,-0.55,22.94,-2.88,-0.05,-0.001,-0.05,0.8711,1
28.15,TRAIN_M08_LADAKH_FAULT06_EGT_IMBAL,TRAIN,LADAKH,CRUISE_LOITER,5319.9,2189.3,69.9,82.09,82.1,82.07,82.04,785.31,785.13,870.05,785.12,4.31,90.31,9.32,3.0,40.96,0.722,14.06,3.26,LANE_A,20194.0,-22.5,87.4,0.15,6,18.0,-6.74,-9.23,-6.26,-8.79,3.3,-1.88,86.04,-1.89,-0.53,22.95,-2.73,-0.08,-0.024,-0.04,0.8706,1
28.2,TRAIN_M08_LADAKH_FAULT06_EGT_IMBAL,TRAIN,LADAKH,CRUISE_LOITER,5328.1,2192.7,69.8,82.08,82.11,82.07,82.03,785.12,785.49,870.12,785.05,4.28,90.32,9.22,3.0,41.02,0.765,14.08,3.2,LANE_A,20194.0,-22.5,87.4,0.15,6,18.0,-6.86,-9.33,-6.37,-8.91,3.05,-1.58,86.05,-2.02,-0.56,22.87,-2.85,-0.01,0.018,-0.02,0.8709,1
28.25,TRAIN_M08_LADAKH_FAULT06_EGT_IMBAL,TRAIN,LADAKH,CRUISE_LOITER,5331.6,2194.1,69.8,82.07,82.1,82.06,82.03,785.23,785.69,869.81,785.11,4.29,90.34,9.25,3.0,41.07,0.76,14.09,3.04,LANE_A,20193.0,-22.5,87.5,0.15,6,18.0,-6.89,-9.36,-6.4,-8.93,3.16,-1.38,85.74,-1.96,-0.55,22.87,-2.83,0.04,0.012,-0.01,0.87,1
28.3,TRAIN_M08_LADAKH_FAULT06_EGT_IMBAL,TRAIN,LADAKH,CRUISE_LOITER,5328.7,2192.9,69.8,82.07,82.1,82.06,82.02,785.12,785.38,869.85,784.95,4.32,90.45,9.36,3.0,40.97,0.745,14.06,3.02,LANE_A,20192.0,-22.5,87.5,0.15,6,18.0,-6.85,-9.32,-6.36,-8.9,3.05,-1.69,85.78,-2.12,-0.52,23.01,-2.71,-0.06,-0.003,-0.04,0.87,1
28.35,TRAIN_M08_LADAKH_FAULT06_EGT_IMBAL,TRAIN,LADAKH,CRUISE_LOITER,5322.3,2190.3,69.8,82.06,82.09,82.05,82.01,785.04,785.43,870.25,785.18,4.31,90.46,9.32,3.0,40.91,0.727,14.07,3.28,LANE_A,20192.0,-22.5,87.5,0.15,6,18.0,-6.77,-9.24,-6.28,-8.82,2.97,-1.64,86.18,-1.89,-0.53,23.1,-2.74,-0.12,-0.02,-0.03,0.8711,1
28.4,TRAIN_M08_LADAKH_FAULT06_EGT_IMBAL,TRAIN,LADAKH,CRUISE_LOITER,5321.8,2190.1,69.8,82.06,82.08,82.05,82.0,785.57,785.39,870.2,784.85,4.27,90.4,9.25,3.0,40.89,0.719,14.06,3.22,LANE_A,20191.0,-22.5,87.5,0.15,6,18.0,-6.76,-9.24,-6.27,-8.82,3.5,-1.68,86.13,-2.22,-0.57,23.04,-2.81,-0.14,-0.028,-0.04,0.8711,1
28.45,TRAIN_M08_LADAKH_FAULT06_EGT_IMBAL,TRAIN,LADAKH,CRUISE_LOITER,5322.5,2190.3,69.8,82.05,82.08,82.04,81.99,785.64,785.59,870.56,784.92,4.27,90.49,9.17,3.0,41.1,0.777,14.08,3.1,LANE_A,20190.0,-22.5,87.5,0.15,6,18.0,-6.78,-9.25,-6.29,-8.84,3.57,-1.48,86.49,-2.15,-0.57,23.13,-2.89,0.06,0.03,-0.02,0.8722,1
28.5,TRAIN_M08_LADAKH_FAULT06_EGT_IMBAL,TRAIN,LADAKH,CRUISE_LOITER,5324.8,2191.3,69.8,82.05,82.07,82.03,81.98,785.83,785.2,870.63,784.8,4.27,90.37,9.2,3.0,41.04,0.735,14.08,3.07,LANE_A,20190.0,-22.5,87.5,0.15,6,18.0,-6.81,-9.29,-6.33,-8.88,3.76,-1.87,86.56,-2.27,-0.57,22.98,-2.86,0.0,-0.012,-0.02,0.8724,1
28.55,TRAIN_M08_LADAKH_FAULT06_EGT_IMBAL,TRAIN,LADAKH,CRUISE_LOITER,5326.1,2191.8,69.8,82.04,82.06,82.02,81.97,785.69,785.18,870.84,784.98,4.3,90.42,9.16,3.0,41.19,0.702,14.06,3.39,LANE_A,20189.0,-22.5,87.5,0.15,6,18.0,-6.84,-9.32,-6.36,-8.91,3.62,-1.89,86.77,-2.09,-0.54,23.01,-2.91,0.15,-0.045,-0.04,0.8729,1
28.6,TRAIN_M08_LADAKH_FAULT06_EGT_IMBAL,TRAIN,LADAKH,CRUISE_LOITER,5326.2,2191.9,69.8,82.03,82.04,82.01,81.96,785.88,785.28,870.92,785.13,4.27,90.38,9.07,3.0,41.1,0.733,14.07,3.18,LANE_A,20188.0,-22.5,87.5,0.15,6,18.0,-6.86,-9.35,-6.38,-8.93,3.81,-1.79,86.85,-1.94,-0.57,22.97,-3.0,0.06,-0.014,-0.03,0.8733,1
28.65,TRAIN_M08_LADAKH_FAULT06_EGT_IMBAL,TRAIN,LADAKH,CRUISE_LOITER,5319.9,2189.3,69.8,82.02,82.03,82.01,81.95,785.51,785.59,871.27,785.49,4.25,90.33,9.11,3.0,41.14,0.688,14.07,3.29,LANE_A,20188.0,-22.5,87.5,0.15,6,18.0,-6.77,-9.26,-6.28,-8.84,3.44,-1.48,87.2,-1.58,-0.59,23.0,-2.94,0.1,-0.058,-0.03,0.8742,1
28.7,TRAIN_M08_LADAKH_FAULT06_EGT_IMBAL,TRAIN,LADAKH,CRUISE_LOITER,5319.3,2189.0,69.8,82.01,82.02,82.0,81.94,784.89,785.79,870.91,785.49,4.32,90.32,9.09,3.0,41.28,0.746,14.04,3.11,LANE_A,20187.0,-22.4,87.5,0.15,6,18.0,-6.87,-9.36,-6.38,-8.94,2.81,-1.29,86.83,-1.59,-0.52,22.9,-2.96,0.24,0.0,-0.06,0.873,1
28.75,TRAIN_M08_LADAKH_FAULT06_EGT_IMBAL,TRAIN,LADAKH,CRUISE_LOITER,5317.1,2188.1,69.7,82.0,82.01,81.99,81.92,784.81,785.92,870.62,785.53,4.32,90.26,9.0,3.0,41.22,0.702,14.05,3.33,LANE_A,20186.0,-22.4,87.5,0.15,6,18.0,-6.84,-9.33,-6.35,-8.92,2.66,-1.23,86.47,-1.62,-0.52,22.87,-3.04,0.19,-0.044,-0.05,0.872,1
28.8,TRAIN_M08_LADAKH_FAULT06_EGT_IMBAL,TRAIN,LADAKH,CRUISE_LOITER,5309.7,2185.1,69.7,81.99,82.0,81.98,81.92,785.12,786.09,870.36,785.41,4.29,90.27,9.16,3.0,41.14,0.695,14.07,3.24,LANE_A,20186.0,-22.4,87.5,0.15,6,18.0,-6.74,-9.23,-6.25,-8.81,2.97,-1.06,86.21,-1.74,-0.54,22.97,-2.86,0.11,-0.05,-0.03,0.8712,1
28.85,TRAIN_M08_LADAKH_FAULT06_EGT_IMBAL,TRAIN,LADAKH,CRUISE_LOITER,5308.0,2184.4,69.7,81.98,81.99,81.97,81.9,784.84,786.3,870.5,784.82,4.32,90.36,9.14,3.0,41.06,0.729,14.05,2.93,LANE_A,20185.0,-22.4,87.5,0.15,6,18.0,-6.73,-9.22,-6.24,-8.81,2.69,-0.85,86.35,-2.33,-0.51,23.08,-2.88,0.02,-0.015,-0.05,0.8715,1
28.9,TRAIN_M08_LADAKH_FAULT06_EGT_IMBAL,TRAIN,LADAKH,CRUISE_LOITER,5307.7,2184.2,69.7,81.97,81.98,81.96,81.9,785.04,786.26,870.43,785.13,4.28,90.2,9.14,3.0,40.98,0.799,14.05,3.31,LANE_A,20184.0,-22.4,87.6,0.15,6,18.0,-6.71,-9.2,-6.22,-8.78,2.89,-0.89,86.28,-2.02,-0.55,22.94,-2.88,-0.06,0.055,-0.05,0.8714,1
28.95,TRAIN_M08_LADAKH_FAULT06_EGT_IMBAL,TRAIN,LADAKH,CRUISE_LOITER,5301.3,2181.6,69.7,81.96,81.97,81.95,81.88,785.35,785.7,870.45,785.2,4.3,90.11,9.11,3.0,41.03,0.737,14.06,3.11,LANE_A,20184.0,-22.4,87.6,0.15,6,18.0,-6.62,-9.11,-6.13,-8.7,3.2,-1.45,86.3,-1.95,-0.53,22.92,-2.9,-0.01,-0.006,-0.04,0.8713,1
29.0,TRAIN_M08_LADAKH_FAULT06_EGT_IMBAL,TRAIN,LADAKH,CRUISE_LOITER,5309.1,2184.8,69.7,81.96,81.96,81.94,81.88,785.37,785.82,869.75,785.15,4.31,90.0,9.19,3.0,41.11,0.689,14.05,3.08,LANE_A,20183.0,-22.4,87.6,0.15,6,18.0,-6.74,-9.24,-6.26,-8.82,3.22,-1.33,85.6,-2.0,-0.52,22.72,-2.83,0.07,-0.056,-0.05,0.8693,1
29.05,TRAIN_M08_LADAKH_FAULT06_EGT_IMBAL,TRAIN,LADAKH,CRUISE_LOITER,5312.6,2186.3,69.7,81.95,81.96,81.93,81.87,784.85,785.57,869.71,784.87,4.32,90.03,9.24,3.0,41.02,0.761,14.07,3.01,LANE_A,20182.0,-22.4,87.6,0.15,6,18.0,-6.8,-9.29,-6.32,-8.88,2.7,-1.58,85.56,-2.28,-0.51,22.71,-2.79,-0.02,0.016,-0.03,0.8691,1
29.1,TRAIN_M08_LADAKH_FAULT06_EGT_IMBAL,TRAIN,LADAKH,CRUISE_LOITER,5306.3,2183.7,69.7,81.94,81.95,81.92,81.86,784.82,785.37,869.65,785.29,4.26,90.03,9.1,3.0,40.89,0.739,14.05,3.49,LANE_A,20182.0,-22.4,87.6,0.15,6,18.0,-6.72,-9.21,-6.24,-8.8,2.67,-1.78,85.5,-1.86,-0.57,22.79,-2.92,-0.15,-0.005,-0.05,0.8693,1
29.15,TRAIN_M08_LADAKH_FAULT06_EGT_IMBAL,TRAIN,LADAKH,CRUISE_LOITER,5311.0,2185.6,69.7,81.93,81.94,81.91,81.86,784.78,785.41,869.54,784.89,4.27,89.98,9.2,3.0,40.85,0.702,14.07,3.01,LANE_A,20181.0,-22.4,87.6,0.15,6,18.0,-6.8,-9.29,-6.32,-8.87,2.63,-1.74,85.39,-2.26,-0.56,22.68,-2.83,-0.19,-0.043,-0.03,0.8689,1
29.2,TRAIN_M08_LADAKH_FAULT06_EGT_IMBAL,TRAIN,LADAKH,CRUISE_LOITER,5314.9,2187.2,69.7,81.93,81.93,81.9,81.85,784.6,785.53,869.7,785.16,4.3,89.99,9.19,3.0,40.8,0.773,14.04,3.18,LANE_A,20180.0,-22.4,87.6,0.15,6,18.0,-6.85,-9.35,-6.38,-8.93,2.45,-1.62,85.55,-1.99,-0.53,22.64,-2.85,-0.24,0.028,-0.06,0.8693,1
29.25,TRAIN_M08_LADAKH_FAULT06_EGT_IMBAL,TRAIN,LADAKH,CRUISE_LOITER,5312.9,2186.4,69.7,81.92,81.92,81.9,81.84,785.07,785.56,869.94,785.19,4.31,90.01,9.19,3.0,40.81,0.795,14.08,3.14,LANE_A,20180.0,-22.4,87.6,0.15,6,18.0,-6.83,-9.33,-6.35,-8.91,2.92,-1.59,85.79,-1.96,-0.52,22.69,-2.84,-0.23,0.05,-0.02,0.8699,1
29.3,TRAIN_M08_LADAKH_FAULT06_EGT_IMBAL,TRAIN,LADAKH,CRUISE_LOITER,5306.9,2183.9,69.7,81.91,81.92,81.89,81.84,785.08,785.8,869.94,784.77,4.28,90.06,9.21,3.0,40.77,0.804,14.07,3.16,LANE_A,20179.0,-22.4,87.6,0.15,6,18.0,-6.76,-9.25,-6.28,-8.83,2.93,-1.35,85.79,-2.38,-0.55,22.81,-2.81,-0.27,0.06,-0.03,0.87,1
29.35,TRAIN_M08_LADAKH_FAULT06_EGT_IMBAL,TRAIN,LADAKH,CRUISE_LOITER,5304.2,2182.8,69.7,81.9,81.91,81.87,81.82,784.69,785.74,869.73,784.57,4.3,90.15,9.07,3.0,40.92,0.722,14.07,3.25,LANE_A,20178.0,-22.4,87.6,0.15,6,18.0,-6.73,-9.22,-6.26,-8.81,2.54,-1.41,85.58,-2.58,-0.53,22.93,-2.95,-0.13,-0.022,-0.03,0.8695,1
29.4,TRAIN_M08_LADAKH_FAULT06_EGT_IMBAL,TRAIN,LADAKH,CRUISE_LOITER,5304.4,2182.9,69.7,81.89,81.9,81.86,81.82,785.09,785.83,869.9,784.58,4.27,90.09,9.19,3.0,40.85,0.729,14.06,3.22,LANE_A,20178.0,-22.4,87.6,0.15,6,18.0,-6.74,-9.23,-6.27,-8.81,2.94,-1.32,85.75,-2.57,-0.56,22.87,-2.83,-0.2,-0.015,-0.04,0.8699,1
29.45,TRAIN_M08_LADAKH_FAULT06_EGT_IMBAL,TRAIN,LADAKH,CRUISE_LOITER,5298.9,2180.6,69.6,81.89,81.89,81.85,81.8,785.25,785.95,869.79,784.73,4.29,90.09,9.04,3.0,40.86,0.738,14.06,2.91,LANE_A,20177.0,-22.4,87.7,0.15,6,18.0,-6.63,-9.13,-6.17,-8.72,3.04,-1.26,85.58,-2.48,-0.54,22.96,-2.96,-0.18,-0.005,-0.04,0.8694,1
29.5,TRAIN_M08_LADAKH_FAULT06_EGT_IMBAL,TRAIN,LADAKH,CRUISE_LOITER,5310.8,2185.5,69.6,81.88,81.88,81.84,81.79,785.02,785.71,870.21,784.72,4.32,89.99,9.03,3.0,40.85,0.707,14.06,3.17,LANE_A,20176.0,-22.4,87.7,0.15,6,18.0,-6.81,-9.31,-6.35,-8.9,2.81,-1.5,86.0,-2.49,-0.51,22.72,-3.0,-0.19,-0.038,-0.04,0.8706,1
29.55,TRAIN_M08_LADAKH_FAULT06_EGT_IMBAL,TRAIN,LADAKH,CRUISE_LOITER,5311.1,2185.6,69.6,81.87,81.87,81.84,81.79,784.94,785.8,870.61,784.61,4.29,90.08,9.2,3.0,40.99,0.718,14.07,3.63,LANE_A,20175.0,-22.4,87.7,0.15,6,18.0,-6.83,-9.33,-6.36,-8.91,2.73,-1.41,86.4,-2.6,-0.54,22.8,-2.83,-0.05,-0.027,-0.03,0.8717,1
29.6,TRAIN_M08_LADAKH_FAULT06_EGT_IMBAL,TRAIN,LADAKH,CRUISE_LOITER,5303.7,2182.6,69.6,81.87,81.87,81.84,81.78,784.56,785.83,870.34,784.8,4.32,90.08,9.27,3.0,40.99,0.742,14.07,3.12,LANE_A,20175.0,-22.4,87.7,0.15,6,18.0,-6.72,-9.22,-6.25,-8.81,2.35,-1.38,86.13,-2.41,-0.51,22.89,-2.74,-0.05,-0.002,-0.03,0.8707,1
29.65,TRAIN_M08_LADAKH_FAULT06_EGT_IMBAL,TRAIN,LADAKH,CRUISE_LOITER,5303.5,2182.5,69.6,81.86,81.86,81.83,81.78,784.44,785.54,870.58,784.84,4.3,90.01,9.19,3.0,40.98,0.784,14.07,3.4,LANE_A,20174.0,-22.4,87.7,0.15,6,18.0,-6.72,-9.22,-6.25,-8.8,2.23,-1.67,86.37,-2.37,-0.53,22.82,-2.82,-0.06,0.04,-0.03,0.8715,1
29.7,TRAIN_M08_LADAKH_FAULT06_EGT_IMBAL,TRAIN,LADAKH,CRUISE_LOITER,5314.8,2187.2,69.6,81.85,81.85,81.82,81.77,784.32,785.09,870.47,785.32,4.33,90.05,9.17,3.0,41.1,0.747,14.06,3.32,LANE_A,20173.0,-22.4,87.7,0.15,6,18.0,-6.9,-9.4,-6.43,-8.98,2.11,-2.12,86.26,-1.89,-0.5,22.73,-2.87,0.05,0.002,-0.04,0.8713,1
29.75,TRAIN_M08_LADAKH_FAULT06_EGT_IMBAL,TRAIN,LADAKH,CRUISE_LOITER,5315.6,2187.5,69.6,81.84,81.84,81.81,81.76,784.34,785.03,870.52,785.47,4.34,90.18,9.0,3.0,41.2,0.679,14.07,3.24,LANE_A,20173.0,-22.4,87.7,0.15,6,18.0,-6.92,-9.42,-6.45,-9.0,2.13,-2.18,86.31,-1.74,-0.5,22.85,-3.04,0.15,-0.067,-0.03,0.8716,1
29.8,TRAIN_M08_LADAKH_FAULT06_EGT_IMBAL,TRAIN,LADAKH,CRUISE_LOITER,5318.7,2188.8,69.6,81.83,81.83,81.81,81.75,785.03,784.88,870.72,785.15,4.25,90.23,9.12,3.0,41.18,0.728,14.06,3.37,LANE_A,20172.0,-22.4,87.7,0.15,6,18.0,-6.98,-9.48,-6.5,-9.06,2.82,-2.33,86.51,-2.06,-0.59,22.86,-2.93,0.13,-0.018,-0.04,0.8725,1
29.85,TRAIN_M08_LADAKH_FAULT06_EGT_IMBAL,TRAIN,LADAKH,CRUISE_LOITER,5309.1,2184.8,69.6,81.82,81.82,81.8,81.74,785.65,784.8,870.51,785.1,4.3,90.18,9.07,3.0,41.14,0.694,14.08,3.19,LANE_A,20171.0,-22.4,87.7,0.15,6,18.0,-6.85,-9.35,-6.37,-8.93,3.44,-2.41,86.3,-2.11,-0.53,22.93,-2.96,0.09,-0.051,-0.02,0.8716,1
29.9,TRAIN_M08_LADAKH_FAULT06_EGT_IMBAL,TRAIN,LADAKH,CRUISE_LOITER,5312.0,2186.0,69.6,81.81,81.81,81.79,81.72,785.61,784.69,870.53,784.92,4.3,90.27,9.05,3.0,41.23,0.748,14.07,3.01,LANE_A,20170.0,-22.4,87.7,0.15,6,18.0,-6.9,-9.4,-6.42,-8.99,3.4,-2.52,86.32,-2.29,-0.53,22.98,-2.98,0.18,0.003,-0.03,0.8718,1
29.95,TRAIN_M08_LADAKH_FAULT06_EGT_IMBAL,TRAIN,LADAKH,CRUISE_LOITER,5318.6,2188.7,69.6,81.81,81.8,81.79,81.72,785.76,784.72,870.46,785.13,4.34,90.2,9.11,3.0,41.2,0.739,14.06,3.14,LANE_A,20170.0,-22.4,87.7,0.15,6,18.0,-7.0,-9.51,-6.52,-9.09,3.55,-2.49,86.25,-2.08,-0.5,22.83,-2.94,0.15,-0.007,-0.04,0.8715,1
30.0,TRAIN_M08_LADAKH_FAULT06_EGT_IMBAL,TRAIN,LADAKH,CRUISE_LOITER,5323.1,2190.6,69.6,81.8,81.8,81.78,81.71,785.82,785.12,870.16,785.21,4.32,90.17,9.12,3.0,41.17,0.782,14.08,3.34,LANE_A,20169.0,-22.4,87.7,0.15,6,18.0,-7.08,-9.58,-6.6,-9.17,3.61,-2.09,85.95,-2.0,-0.52,22.75,-2.94,0.12,0.035,-0.02,0.8708,1
30.05,TRAIN_M08_LADAKH_FAULT06_EGT_IMBAL,TRAIN,LADAKH,CRUISE_LOITER,5320.6,2189.5,69.6,81.79,81.79,81.77,81.7,786.13,784.98,870.44,785.22,4.34,90.18,9.13,3.0,41.07,0.767,14.06,3.07,LANE_A,20168.0,-22.4,87.8,0.15,6,18.0,-7.02,-9.52,-6.54,-9.11,3.92,-2.23,86.23,-1.99,-0.5,22.81,-2.93,0.02,0.021,-0.04,0.8714,1
30.1,TRAIN_M08_LADAKH_FAULT06_EGT_IMBAL,TRAIN,LADAKH,CRUISE_LOITER,5319.9,2189.3,69.6,81.78,81.78,81.76,81.69,786.06,784.99,870.63,785.17,4.31,90.16,8.99,3.0,41.0,0.776,14.06,3.42,LANE_A,20167.0,-22.4,87.8,0.15,6,18.0,-7.02,-9.52,-6.54,-9.11,3.85,-2.22,86.42,-2.04,-0.53,22.8,-3.06,-0.05,0.03,-0.04,0.8722,1
30.15,TRAIN_M08_LADAKH_FAULT06_EGT_IMBAL,TRAIN,LADAKH,CRUISE_LOITER,5310.4,2185.3,69.6,81.77,81.77,81.76,81.69,786.1,784.88,870.44,785.09,4.29,90.07,9.08,3.0,40.97,0.726,14.05,3.26,LANE_A,20167.0,-22.4,87.8,0.15,6,18.0,-6.89,-9.39,-6.4,-8.97,3.89,-2.33,86.23,-2.12,-0.54,22.82,-2.95,-0.08,-0.019,-0.05,0.8714,1
30.2,TRAIN_M08_LADAKH_FAULT06_EGT_IMBAL,TRAIN,LADAKH,CRUISE_LOITER,5304.3,2182.8,69.6,81.77,81.77,81.75,81.68,785.62,785.1,869.99,784.62,4.32,90.06,9.14,3.0,40.89,0.706,14.06,3.4,LANE_A,20166.0,-22.4,87.8,0.15,6,18.0,-6.81,-9.31,-6.33,-8.9,3.41,-2.11,85.78,-2.59,-0.51,22.88,-2.88,-0.17,-0.038,-0.04,0.87,1
30.25,TRAIN_M08_LADAKH_FAULT06_EGT_IMBAL,TRAIN,LADAKH,CRUISE_LOITER,5305.5,2183.3,69.6,81.76,81.76,81.75,81.68,785.39,785.27,870.02,785.01,4.32,89.88,9.19,3.0,40.87,0.746,14.09,3.18,LANE_A,20165.0,-22.4,87.8,0.15,6,18.0,-6.83,-9.33,-6.34,-8.91,3.18,-1.94,85.81,-2.2,-0.51,22.69,-2.83,-0.19,0.002,-0.01,0.8699,1
30.3,TRAIN_M08_LADAKH_FAULT06_EGT_IMBAL,TRAIN,LADAKH,CRUISE_LOITER,5304.6,2183.0,69.6,81.75,81.76,81.74,81.67,785.42,785.51,870.24,785.04,4.29,89.96,9.12,3.0,40.94,0.808,14.08,3.15,LANE_A,20164.0,-22.4,87.8,0.15,6,18.0,-6.83,-9.32,-6.34,-8.91,3.21,-1.7,86.03,-2.17,-0.54,22.78,-2.9,-0.12,0.064,-0.02,0.8707,1
30.35,TRAIN_M08_LADAKH_FAULT06_EGT_IMBAL,TRAIN,LADAKH,CRUISE_LOITER,5309.4,2184.9,69.6,81.74,81.75,81.73,81.66,785.26,785.68,870.54,785.11,4.29,90.11,9.08,3.0,40.92,0.766,14.05,3.22,LANE_A,20164.0,-22.4,87.8,0.15,6,18.0,-6.91,-9.4,-6.42,-8.99,3.05,-1.53,86.33,-2.1,-0.54,22.87,-2.95,-0.14,0.021,-0.05,0.8717,1
30.4,TRAIN_M08_LADAKH_FAULT06_EGT_IMBAL,TRAIN,LADAKH,CRUISE_LOITER,5311.3,2185.7,69.6,81.74,81.74,81.72,81.65,785.14,785.59,870.55,785.37,4.32,90.02,9.11,3.0,40.92,0.69,14.07,3.14,LANE_A,20163.0,-22.4,87.8,0.15,6,18.0,-6.94,-9.44,-6.46,-9.03,2.93,-1.62,86.34,-1.84,-0.51,22.76,-2.93,-0.14,-0.055,-0.03,0.8716,1
30.45,TRAIN_M08_LADAKH_FAULT06_EGT_IMBAL,TRAIN,LADAKH,CRUISE_LOITER,5310.7,2185.5,69.5,81.73,81.73,81.71,81.64,785.41,785.88,870.32,785.34,4.25,90.04,9.03,3.0,40.97,0.756,14.05,3.38,LANE_A,20162.0,-22.3,87.8,0.15,6,18.0,-7.03,-9.53,-6.55,-9.12,3.12,-1.41,86.03,-1.95,-0.58,22.69,-3.0,-0.08,0.011,-0.05,0.8712,1
30.5,TRAIN_M08_LADAKH_FAULT06_EGT_IMBAL,TRAIN,LADAKH,CRUISE_LOITER,5313.7,2186.7,69.5,81.73,81.73,81.71,81.64,785.15,785.92,870.16,785.46,4.27,90.02,9.14,3.0,40.96,0.697,14.08,3.38,LANE_A,20161.0,-22.3,87.8,0.15,6,18.0,-7.07,-9.57,-6.59,-9.16,2.86,-1.37,85.87,-1.83,-0.56,22.64,-2.9,-0.1,-0.048,-0.02,0.8706,1
30.55,TRAIN_M08_LADAKH_FAULT06_EGT_IMBAL,TRAIN,LADAKH,CRUISE_LOITER,5309.9,2185.2,69.5,81.72,81.72,81.7,81.63,785.07,786.18,870.0,785.57,4.27,90.13,9.1,3.0,40.99,0.741,14.07,3.3,LANE_A,20161.0,-22.3,87.8,0.15,6,18.0,-7.03,-9.53,-6.55,-9.12,2.78,-1.11,85.71,-1.72,-0.56,22.79,-2.93,-0.07,-0.004,-0.03,0.8702,1
30.6,TRAIN_M08_LADAKH_FAULT06_EGT_IMBAL,TRAIN,LADAKH,CRUISE_LOITER,5306.6,2183.8,69.5,81.71,81.71,81.69,81.63,784.81,786.27,869.87,785.54,4.28,90.13,9.01,3.0,41.01,0.695,14.05,2.87,LANE_A,20160.0,-22.3,87.9,0.15,6,18.0,-6.96,-9.46,-6.48,-9.04,2.52,-1.02,85.58,-1.75,-0.55,22.85,-3.01,-0.05,-0.049,-0.05,0.8698,1
30.65,TRAIN_M08_LADAKH_FAULT06_EGT_IMBAL,TRAIN,LADAKH,CRUISE_LOITER,5308.2,2184.4,69.5,81.71,81.7,81.68,81.62,784.91,785.96,869.82,785.41,4.3,90.24,9.07,3.0,40.93,0.72,14.06,3.2,LANE_A,20159.0,-22.3,87.9,0.15,6,18.0,-6.99,-9.5,-6.52,-9.08,2.62,-1.33,85.53,-1.88,-0.53,22.94,-2.95,-0.13,-0.024,-0.04,0.8696,1
30.7,TRAIN_M08_LADAKH_FAULT06_EGT_IMBAL,TRAIN,LADAKH,CRUISE_LOITER,5308.2,2184.5,69.5,81.7,81.69,81.67,81.61,785.53,786.15,870.03,785.12,4.29,90.24,9.13,3.0,40.88,0.721,14.07,3.07,LANE_A,20158.0,-22.3,87.9,0.15,6,18.0,-7.0,-9.51,-6.53,-9.09,3.24,-1.14,85.74,-2.17,-0.54,22.94,-2.89,-0.18,-0.023,-0.03,0.8702,1
30.75,TRAIN_M08_LADAKH_FAULT06_EGT_IMBAL,TRAIN,LADAKH,CRUISE_LOITER,5312.5,2186.2,69.5,81.7,81.69,81.67,81.6,785.66,786.02,869.9,784.99,4.27,90.45,9.22,3.0,40.93,0.667,14.08,2.93,LANE_A,20158.0,-22.3,87.9,0.15,6,18.0,-7.06,-9.57,-6.59,-9.16,3.37,-1.27,85.61,-2.3,-0.56,23.1,-2.81,-0.13,-0.078,-0.02,0.8701,1
30.8,TRAIN_M08_LADAKH_FAULT06_EGT_IMBAL,TRAIN,LADAKH,CRUISE_LOITER,5304.1,2182.8,69.5,81.69,81.68,81.66,81.6,785.65,785.7,869.98,784.58,4.3,90.51,9.21,3.0,41.1,0.755,14.09,3.05,LANE_A,20157.0,-22.3,87.9,0.15,6,18.0,-6.95,-9.46,-6.48,-9.04,3.36,-1.59,85.69,-2.71,-0.53,23.26,-2.81,0.04,0.011,-0.01,0.8701,1
30.85,TRAIN_M08_LADAKH_FAULT06_EGT_IMBAL,TRAIN,LADAKH,CRUISE_LOITER,5303.1,2182.4,69.5,81.68,81.67,81.66,81.59,785.76,785.4,870.21,784.18,4.29,90.4,9.16,3.0,41.03,0.733,14.04,2.94,LANE_A,20156.0,-22.3,87.9,0.15,6,18.0,-6.94,-9.45,-6.46,-9.03,3.47,-1.89,85.92,-3.11,-0.54,23.16,-2.85,-0.03,-0.011,-0.06,0.8708,1
30.9,TRAIN_M08_LADAKH_FAULT06_EGT_IMBAL,TRAIN,LADAKH,CRUISE_LOITER,5299.6,2180.9,69.5,81.67,81.66,81.65,81.58,785.91,785.3,870.11,784.47,4.31,90.42,9.03,3.0,41.12,0.774,14.05,3.56,LANE_A,20155.0,-22.3,87.9,0.15,6,18.0,-6.9,-9.41,-6.42,-8.99,3.62,-1.99,85.82,-2.82,-0.52,23.22,-2.98,0.06,0.031,-0.05,0.8705,1
30.95,TRAIN_M08_LADAKH_FAULT06_EGT_IMBAL,TRAIN,LADAKH,CRUISE_LOITER,5306.3,2183.7,69.5,81.66,81.65,81.64,81.58,786.0,785.31,870.22,784.75,4.23,90.32,9.02,3.0,41.19,0.743,14.08,3.39,LANE_A,20154.0,-22.3,87.9,0.15,6,18.0,-7.01,-9.52,-6.53,-9.09,3.71,-1.98,85.93,-2.54,-0.6,23.04,-3.0,0.12,-0.001,-0.02,0.8712,1
31.0,TRAIN_M08_LADAKH_FAULT06_EGT_IMBAL,TRAIN,LADAKH,CRUISE_LOITER,5301.4,2181.6,69.5,81.65,81.64,81.63,81.57,785.78,784.94,870.56,784.97,4.31,90.4,9.0,3.0,41.02,0.707,14.08,3.47,LANE_A,20154.0,-22.3,87.9,0.15,6,18.0,-6.95,-9.46,-6.47,-9.03,3.49,-2.35,86.27,-2.32,-0.52,23.18,-3.01,-0.05,-0.036,-0.02,0.8718,1
31.05,TRAIN_M08_LADAKH_FAULT06_EGT_IMBAL,TRAIN,LADAKH,CRUISE_LOITER,5301.9,2181.9,69.5,81.64,81.63,81.62,81.56,785.74,784.99,870.83,785.25,4.28,90.35,8.92,3.0,41.07,0.766,14.03,3.23,LANE_A,20153.0,-22.3,87.9,0.15,6,18.0,-6.97,-9.48,-6.49,-9.05,3.45,-2.3,86.54,-2.04,-0.55,23.12,-3.09,0.0,0.022,-0.07,0.8727,1
31.1,TRAIN_M08_LADAKH_FAULT06_EGT_IMBAL,TRAIN,LADAKH,CRUISE_LOITER,5303.2,2182.4,69.5,81.62,81.62,81.61,81.55,785.88,784.73,870.95,785.03,4.3,90.2,8.92,3.0,41.13,0.746,14.07,3.15,LANE_A,20152.0,-22.3,87.9,0.15,6,18.0,-7.01,-9.51,-6.52,-9.08,3.59,-2.56,86.66,-2.26,-0.53,22.96,-3.1,0.06,0.002,-0.03,0.8729,1
31.15,TRAIN_M08_LADAKH_FAULT06_EGT_IMBAL,TRAIN,LADAKH,CRUISE_LOITER,5302.1,2181.9,69.5,81.61,81.61,81.6,81.54,785.89,784.75,871.13,785.03,4.29,90.18,8.87,3.0,41.19,0.744,14.06,2.99,LANE_A,20151.0,-22.3,88.0,0.15,6,18.0,-6.98,-9.48,-6.49,-9.05,3.6,-2.54,86.84,-2.26,-0.54,22.97,-3.14,0.12,0.0,-0.04,0.8734,1
31.2,TRAIN_M08_LADAKH_FAULT06_EGT_IMBAL,TRAIN,LADAKH,CRUISE_LOITER,5307.3,2184.1,69.5,81.6,81.6,81.59,81.53,785.75,785.12,871.07,784.86,4.3,90.08,8.83,3.0,41.2,0.788,14.07,3.26,LANE_A,20150.0,-22.3,88.0,0.15,6,18.0,-7.06,-9.56,-6.57,-9.13,3.46,-2.17,86.78,-2.43,-0.53,22.81,-3.2,0.13,0.044,-0.03,0.8733,1
31.25,TRAIN_M08_LADAKH_FAULT06_EGT_IMBAL,TRAIN,LADAKH,CRUISE_LOITER,5316.2,2187.7,69.5,81.59,81.59,81.57,81.52,785.51,785.33,870.93,784.83,4.29,90.05,8.88,3.0,41.1,0.712,14.03,3.05,LANE_A,20150.0,-22.3,88.0,0.15,6,18.0,-7.2,-9.7,-6.72,-9.27,3.22,-1.96,86.64,-2.46,-0.54,22.68,-3.17,0.03,-0.034,-0.07,0.873,1
31.3,TRAIN_M08_LADAKH_FAULT06_EGT_IMBAL,TRAIN,LADAKH,CRUISE_LOITER,5320.2,2189.4,69.5,81.58,81.58,81.56,81.51,785.55,785.45,870.97,784.66,4.32,90.1,8.99,3.0,40.99,0.76,14.06,3.1,LANE_A,20149.0,-22.3,88.0,0.15,6,18.0,-7.27,-9.77,-6.79,-9.34,3.26,-1.84,86.68,-2.63,-0.52,22.68,-3.07,-0.08,0.014,-0.04,0.8731,1
31.35,TRAIN_M08_LADAKH_FAULT06_EGT_IMBAL,TRAIN,LADAKH,CRUISE_LOITER,5318.3,2188.6,69.5,81.57,81.57,81.56,81.51,785.74,785.04,870.79,784.81,4.28,90.23,9.09,3.0,41.02,0.777,14.06,3.29,LANE_A,20148.0,-22.3,88.0,0.15,6,18.0,-7.25,-9.75,-6.76,-9.31,3.45,-2.25,86.5,-2.48,-0.56,22.83,-2.96,-0.05,0.031,-0.04,0.8727,1
31.4,TRAIN_M08_LADAKH_FAULT06_EGT_IMBAL,TRAIN,LADAKH,CRUISE_LOITER,5309.5,2185.0,69.5,81.57,81.57,81.55,81.5,785.85,784.89,870.95,785.2,4.28,90.36,9.16,3.0,41.08,0.722,14.04,3.38,LANE_A,20147.0,-22.3,88.0,0.15,6,18.0,-7.13,-9.63,-6.65,-9.2,3.56,-2.4,86.66,-2.09,-0.55,23.06,-2.87,0.0,-0.023,-0.06,0.873,1
31.45,TRAIN_M08_LADAKH_FAULT06_EGT_IMBAL,TRAIN,LADAKH,CRUISE_LOITER,5314.1,2186.9,69.5,81.57,81.56,81.55,81.49,785.32,784.89,870.81,784.89,4.29,90.38,9.24,3.0,41.03,0.653,14.07,3.54,LANE_A,20146.0,-22.3,88.0,0.15,6,18.0,-7.19,-9.7,-6.71,-9.27,3.03,-2.4,86.52,-2.4,-0.54,23.03,-2.8,-0.05,-0.092,-0.03,0.8726,1
31.5,TRAIN_M08_LADAKH_FAULT06_EGT_IMBAL,TRAIN,LADAKH,CRUISE_LOITER,5308.2,2184.4,69.5,81.56,81.56,81.56,81.49,785.64,785.02,870.88,784.93,4.29,90.49,9.3,3.0,41.07,0.704,14.06,3.18,LANE_A,20146.0,-22.3,88.0,0.15,6,18.0,-7.12,-9.62,-6.62,-9.19,3.35,-2.27,86.59,-2.36,-0.54,23.21,-2.73,-0.01,-0.04,-0.04,0.8727,1
31.55,TRAIN_M08_LADAKH_FAULT06_EGT_IMBAL,TRAIN,LADAKH,CRUISE_LOITER,5314.9,2187.2,69.5,81.55,81.56,81.56,81.49,785.24,784.94,871.2,785.14,4.27,90.4,9.2,3.0,41.09,0.772,14.07,3.25,LANE_A,20145.0,-22.3,88.0,0.15,6,18.0,-7.23,-9.72,-6.72,-9.29,2.95,-2.35,86.91,-2.15,-0.56,23.04,-2.85,0.01,0.027,-0.03,0.8738,1
31.6,TRAIN_M08_LADAKH_FAULT06_EGT_IMBAL,TRAIN,LADAKH,CRUISE_LOITER,5322.8,2190.5,69.5,81.55,81.55,81.55,81.48,785.52,784.65,870.85,784.95,4.27,90.43,9.12,3.0,41.12,0.756,14.08,2.91,LANE_A,20144.0,-22.3,88.0,0.15,6,18.0,-7.34,-9.84,-6.84,-9.41,3.23,-2.64,86.56,-2.34,-0.57,22.98,-2.94,0.04,0.009,-0.02,0.8731,1
31.65,TRAIN_M08_LADAKH_FAULT06_EGT_IMBAL,TRAIN,LADAKH,CRUISE_LOITER,5315.1,2187.3,69.5,81.54,81.54,81.54,81.47,785.31,784.62,870.65,785.31,4.3,90.42,9.07,3.0,41.19,0.704,14.06,3.34,LANE_A,20143.0,-22.3,88.0,0.15,6,18.0,-7.24,-9.74,-6.74,-9.31,3.02,-2.67,86.36,-1.98,-0.53,23.06,-2.98,0.11,-0.042,-0.04,0.8723,1
31.7,TRAIN_M08_LADAKH_FAULT06_EGT_IMBAL,TRAIN,LADAKH,CRUISE_LOITER,5316.2,2187.7,69.5,81.53,81.53,81.53,81.47,785.68,784.4,870.4,785.25,4.36,90.26,9.11,3.0,41.17,0.731,14.09,3.18,LANE_A,20142.0,-22.3,88.1,0.15,6,18.0,-7.24,-9.74,-6.74,-9.3,3.39,-2.89,86.11,-2.04,-0.48,22.9,-2.94,0.09,-0.015,-0.01,0.8713,1
31.75,TRAIN_M08_LADAKH_FAULT06_EGT_IMBAL,TRAIN,LADAKH,CRUISE_LOITER,5316.7,2187.9,69.5,81.53,81.53,81.53,81.47,785.69,784.66,870.17,785.26,4.3,90.28,9.13,3.0,41.12,0.754,14.05,3.37,LANE_A,20141.0,-22.3,88.1,0.15,6,18.0,-7.25,-9.75,-6.75,-9.31,3.4,-2.63,85.88,-2.03,-0.54,22.92,-2.92,0.04,0.008,-0.05,0.8709,1
31.8,TRAIN_M08_LADAKH_FAULT06_EGT_IMBAL,TRAIN,LADAKH,CRUISE_LOITER,5319.5,2189.1,69.5,81.52,81.52,81.53,81.47,785.7,784.8,870.21,785.43,4.34,90.19,9.06,3.0,41.03,0.751,14.06,3.51,LANE_A,20141.0,-22.3,88.1,0.15,6,18.0,-7.3,-9.8,-6.79,-9.35,3.41,-2.49,85.92,-1.86,-0.5,22.79,-3.0,-0.05,0.005,-0.04,0.871,1
31.85,TRAIN_M08_LADAKH_FAULT06_EGT_IMBAL,TRAIN,LADAKH,CRUISE_LOITER,5308.4,2184.5,69.5,81.51,81.52,81.52,81.46,785.81,784.5,869.96,785.41,4.28,90.12,9.1,3.0,41.07,0.739,14.07,3.32,LANE_A,20140.0,-22.3,88.1,0.15,6,18.0,-7.15,-9.64,-6.64,-9.2,3.52,-2.79,85.67,-1.88,-0.55,22.85,-2.93,-0.02,-0.006,-0.03,0.8702,1
31.9,TRAIN_M08_LADAKH_FAULT06_EGT_IMBAL,TRAIN,LADAKH,CRUISE_LOITER,5311.4,2185.7,69.5,81.52,81.52,81.51,81.46,785.41,784.54,870.21,785.0,4.27,90.0,9.12,3.0,41.11,0.761,14.04,3.21,LANE_A,20139.0,-22.3,88.1,0.15,6,18.0,-7.18,-9.68,-6.69,-9.24,3.12,-2.75,85.92,-2.29,-0.56,22.7,-2.92,0.02,0.016,-0.06,0.8709,1
31.95,TRAIN_M08_LADAKH_FAULT06_EGT_IMBAL,TRAIN,LADAKH,CRUISE_LOITER,5310.6,2185.4,69.5,81.51,81.51,81.5,81.46,785.45,784.26,870.28,784.84,4.32,89.86,9.06,3.0,41.07,0.71,14.06,3.28,LANE_A,20138.0,-22.3,88.1,0.15,6,18.0,-7.18,-9.68,-6.69,-9.23,3.16,-3.03,85.99,-2.45,-0.51,22.57,-2.98,-0.02,-0.035,-0.04,0.8709,1
32.0,TRAIN_M08_LADAKH_FAULT06_EGT_IMBAL,TRAIN,LADAKH,CRUISE_LOITER,5310.4,2185.4,69.5,81.51,81.5,81.49,81.46,785.35,784.41,870.33,785.09,4.35,89.84,9.02,3.0,41.14,0.684,14.04,3.13,LANE_A,20137.0,-22.3,88.1,0.15,6,18.0,-7.18,-9.69,-6.7,-9.23,3.06,-2.88,86.04,-2.2,-0.48,22.55,-3.02,0.05,-0.061,-0.06,0.871,1
32.05,TRAIN_M08_LADAKH_FAULT06_EGT_IMBAL,TRAIN,LADAKH,CRUISE_LOITER,5318.7,2188.8,69.5,81.5,81.5,81.48,81.45,785.38,784.77,870.49,785.61,4.33,89.72,9.04,3.0,41.12,0.741,14.06,3.12,LANE_A,20137.0,-22.3,88.1,0.15,6,18.0,-7.31,-9.81,-6.83,-9.36,3.09,-2.52,86.2,-1.68,-0.51,22.33,-3.02,0.03,-0.005,-0.04,0.8715,1
32.1,TRAIN_M08_LADAKH_FAULT06_EGT_IMBAL,TRAIN,LADAKH,CRUISE_LOITER,5322.1,2190.2,69.5,81.5,81.5,81.48,81.44,785.33,784.65,870.36,785.65,4.35,89.68,9.07,3.0,41.1,0.721,14.03,3.31,LANE_A,20136.0,-22.2,88.1,0.15,6,18.0,-7.45,-9.95,-6.97,-9.51,3.02,-2.66,86.05,-1.66,-0.49,22.16,-2.99,0.01,-0.026,-0.07,0.8711,1
32.15,TRAIN_M08_LADAKH_FAULT06_EGT_IMBAL,TRAIN,LADAKH,CRUISE_LOITER,5325.2,2191.4,69.5,81.49,81.49,81.47,81.43,785.31,784.57,870.44,785.54,4.37,89.6,9.06,3.0,41.15,0.713,14.08,3.21,LANE_A,20135.0,-22.2,88.1,0.15,6,18.0,-7.51,-10.01,-7.03,-9.57,3.0,-2.74,86.13,-1.77,-0.47,22.04,-3.01,0.06,-0.034,-0.02,0.8713,1
32.2,TRAIN_M08_LADAKH_FAULT06_EGT_IMBAL,TRAIN,LADAKH,CRUISE_LOITER,5327.1,2192.2,69.5,81.49,81.48,81.46,81.43,785.21,784.5,869.97,785.41,4.31,89.6,9.12,3.0,41.28,0.763,14.06,3.22,LANE_A,20134.0,-22.2,88.1,0.15,6,18.0,-7.54,-10.05,-7.07,-9.6,2.9,-2.81,85.66,-1.9,-0.53,22.02,-2.95,0.19,0.016,-0.04,0.8702,1
32.25,TRAIN_M08_LADAKH_FAULT06_EGT_IMBAL,TRAIN,LADAKH,CRUISE_LOITER,5331.0,2193.8,69.5,81.48,81.47,81.46,81.43,785.52,784.86,869.93,785.53,4.33,89.57,9.07,3.0,41.26,0.808,14.06,3.06,LANE_A,20133.0,-22.2,88.1,0.15,6,18.0,-7.61,-10.12,-7.13,-9.66,3.21,-2.45,85.62,-1.78,-0.51,21.94,-3.01,0.16,0.06,-0.04,0.8701,1
32.3,TRAIN_M08_LADAKH_FAULT06_EGT_IMBAL,TRAIN,LADAKH,CRUISE_LOITER,5322.6,2190.4,69.5,81.48,81.47,81.45,81.42,785.2,784.5,870.08,785.13,4.31,89.53,9.06,3.0,41.27,0.774,14.05,3.26,LANE_A,20132.0,-22.2,88.2,0.15,6,18.0,-7.46,-9.97,-6.99,-9.52,2.89,-2.81,85.77,-2.18,-0.53,22.02,-3.01,0.17,0.027,-0.05,0.8705,1
32.35,TRAIN_M08_LADAKH_FAULT06_EGT_IMBAL,TRAIN,LADAKH,CRUISE_LOITER,5330.5,2193.6,69.5,81.47,81.46,81.44,81.42,785.69,784.72,870.11,785.0,4.32,89.41,9.08,3.0,41.28,0.753,14.04,3.26,LANE_A,20131.0,-22.2,88.2,0.15,6,18.0,-7.58,-10.09,-7.11,-9.63,3.38,-2.59,85.8,-2.31,-0.52,21.81,-3.0,0.18,0.005,-0.06,0.8705,1
32.4,TRAIN_M08_LADAKH_FAULT06_EGT_IMBAL,TRAIN,LADAKH,CRUISE_LOITER,5322.6,2190.3,69.5,81.47,81.46,81.44,81.41,785.93,784.74,869.77,785.31,4.34,89.3,9.06,3.0,41.07,0.737,14.05,3.37,LANE_A,20131.0,-22.2,88.2,0.15,6,18.0,-7.47,-9.98,-7.0,-9.53,3.62,-2.57,85.46,-2.0,-0.5,21.79,-3.01,-0.03,-0.01,-0.05,0.8694,1
32.45,TRAIN_M08_LADAKH_FAULT06_EGT_IMBAL,TRAIN,LADAKH,CRUISE_LOITER,5319.6,2189.1,69.5,81.46,81.45,81.43,81.4,785.89,784.75,870.15,785.25,4.35,89.25,8.96,3.0,41.04,0.652,14.06,3.22,LANE_A,20130.0,-22.2,88.2,0.15,6,18.0,-7.44,-9.95,-6.97,-9.5,3.58,-2.56,85.84,-2.06,-0.48,21.77,-3.1,-0.06,-0.094,-0.04,0.8704,1
32.5,TRAIN_M08_LADAKH_FAULT06_EGT_IMBAL,TRAIN,LADAKH,CRUISE_LOITER,5319.3,2189.0,69.5,81.45,81.44,81.42,81.4,786.01,784.89,870.5,785.54,4.32,89.23,9.07,3.0,41.16,0.727,14.06,3.44,LANE_A,20129.0,-22.2,88.2,0.15,6,18.0,-7.44,-9.95,-6.97,-9.49,3.7,-2.42,86.19,-1.77,-0.51,21.76,-2.99,0.06,-0.019,-0.04,0.8714,1
32.55,TRAIN_M08_LADAKH_FAULT06_EGT_IMBAL,TRAIN,LADAKH,CRUISE_LOITER,5311.0,2185.6,69.5,81.44,81.44,81.42,81.39,785.79,784.58,870.18,785.84,4.35,89.1,9.07,3.0,41.08,0.817,14.07,3.21,LANE_A,20128.0,-22.2,88.2,0.15,6,18.0,-7.33,-9.83,-6.85,-9.38,3.48,-2.73,85.87,-1.47,-0.48,21.72,-2.97,-0.02,0.072,-0.03,0.8702,1
32.6,TRAIN_M08_LADAKH_FAULT06_EGT_IMBAL,TRAIN,LADAKH,CRUISE_LOITER,5313.4,2186.6,69.5,81.43,81.42,81.42,81.39,785.35,784.27,869.94,785.58,4.35,89.07,9.09,3.0,40.93,0.786,14.05,3.39,LANE_A,20127.0,-22.2,88.2,0.15,6,18.0,-7.38,-9.89,-6.89,-9.42,3.04,-3.04,85.63,-1.73,-0.48,21.66,-2.96,-0.17,0.041,-0.05,0.8695,1
32.65,TRAIN_M08_LADAKH_FAULT06_EGT_IMBAL,TRAIN,LADAKH,CRUISE_LOITER,5306.0,2183.5,69.5,81.43,81.42,81.41,81.39,785.1,784.4,869.8,785.11,4.35,89.02,9.02,3.0,40.83,0.768,14.07,2.97,LANE_A,20126.0,-22.2,88.2,0.15,6,18.0,-7.27,-9.78,-6.79,-9.31,2.79,-2.91,85.49,-2.2,-0.48,21.7,-3.01,-0.28,0.024,-0.03,0.8691,1
32.7,TRAIN_M08_LADAKH_FAULT06_EGT_IMBAL,TRAIN,LADAKH,CRUISE_LOITER,5298.8,2180.6,69.5,81.42,81.42,81.4,81.38,785.04,784.65,869.62,785.2,4.35,89.02,9.11,3.0,40.91,0.725,14.06,3.18,LANE_A,20125.0,-22.2,88.2,0.15,6,18.0,-7.17,-9.67,-6.69,-9.21,2.73,-2.66,85.31,-2.11,-0.48,21.78,-2.9,-0.2,-0.018,-0.04,0.8684,1
32.75,TRAIN_M08_LADAKH_FAULT06_EGT_IMBAL,TRAIN,LADAKH,CRUISE_LOITER,5301.1,2181.5,69.5,81.42,81.41,81.39,81.38,785.24,784.78,870.2,785.3,4.3,88.9,9.14,3.0,40.98,0.721,14.05,3.07,LANE_A,20125.0,-22.2,88.2,0.15,6,18.0,-7.21,-9.72,-6.74,-9.25,2.93,-2.53,85.89,-2.01,-0.53,21.64,-2.88,-0.13,-0.022,-0.05,0.8701,1
32.8,TRAIN_M08_LADAKH_FAULT06_EGT_IMBAL,TRAIN,LADAKH,CRUISE_LOITER,5303.8,2182.6,69.5,81.42,81.41,81.39,81.38,785.08,785.06,870.3,785.49,4.31,88.99,9.13,3.0,41.07,0.762,14.04,3.19,LANE_A,20124.0,-22.2,88.2,0.15,6,18.0,-7.25,-9.76,-6.78,-9.29,2.77,-2.25,85.99,-1.82,-0.52,21.7,-2.9,-0.04,0.018,-0.06,0.8705,1
32.85,TRAIN_M08_LADAKH_FAULT06_EGT_IMBAL,TRAIN,LADAKH,CRUISE_LOITER,5303.7,2182.6,69.5,81.41,81.4,81.39,81.37,784.74,785.41,870.17,785.34,4.32,88.96,9.15,3.0,41.15,0.793,14.06,3.39,LANE_A,20123.0,-22.2,88.3,0.15,6,18.0,-7.23,-9.74,-6.75,-9.27,2.43,-1.9,85.86,-1.97,-0.51,21.69,-2.88,0.04,0.049,-0.04,0.87,1
32.9,TRAIN_M08_LADAKH_FAULT06_EGT_IMBAL,TRAIN,LADAKH,CRUISE_LOITER,5305.1,2183.2,69.5,81.41,81.4,81.39,81.37,785.12,785.44,870.42,785.32,4.35,89.0,9.15,3.0,41.38,0.79,14.06,3.25,LANE_A,20122.0,-22.2,88.3,0.15,6,18.0,-7.25,-9.76,-6.77,-9.29,2.81,-1.87,86.11,-1.99,-0.48,21.71,-2.88,0.27,0.046,-0.04,0.8707,1
32.95,TRAIN_M08_LADAKH_FAULT06_EGT_IMBAL,TRAIN,LADAKH,CRUISE_LOITER,5303.6,2182.6,69.5,81.41,81.39,81.38,81.37,785.24,785.28,870.55,785.31,4.34,88.88,9.09,3.0,41.1,0.786,14.06,3.09,LANE_A,20121.0,-22.2,88.3,0.15,6,18.0,-7.23,-9.75,-6.76,-9.27,2.93,-2.03,86.24,-2.0,-0.49,21.61,-2.94,-0.01,0.042,-0.04,0.871,1
33.0,TRAIN_M08_LADAKH_FAULT06_EGT_IMBAL,TRAIN,LADAKH,CRUISE_LOITER,5306.8,2183.9,69.5,81.4,81.39,81.37,81.35,785.12,785.28,870.38,785.06,4.37,89.11,9.16,3.0,41.02,0.743,14.07,3.37,LANE_A,20120.0,-22.2,88.3,0.15,6,18.0,-7.29,-9.8,-6.82,-9.34,2.81,-2.03,86.07,-2.25,-0.46,21.8,-2.88,-0.09,-0.001,-0.03,0.8706,1
33.05,TRAIN_M08_LADAKH_FAULT06_EGT_IMBAL,TRAIN,LADAKH,CRUISE_LOITER,5311.1,2185.6,69.6,81.4,81.38,81.37,81.35,785.57,785.13,870.19,784.87,4.33,89.12,9.2,3.0,41.07,0.676,14.08,3.24,LANE_A,20119.0,-22.2,88.3,0.15,6,18.0,-7.36,-9.88,-6.89,-9.41,3.33,-2.11,85.95,-2.37,-0.5,21.75,-2.85,-0.05,-0.069,-0.02,0.8705,1
33.1,TRAIN_M08_LADAKH_FAULT06_EGT_IMBAL,TRAIN,LADAKH,CRUISE_LOITER,5311.1,2185.7,69.6,81.4,81.37,81.37,81.34,785.38,785.38,869.9,784.84,4.31,89.13,9.17,3.0,41.16,0.742,14.03,3.16,LANE_A,20118.0,-22.2,88.3,0.15,6,18.0,-7.36,-9.89,-6.89,-9.42,3.14,-1.86,85.66,-2.4,-0.52,21.76,-2.88,0.04,-0.003,-0.07,0.8697,1
33.15,TRAIN_M08_LADAKH_FAULT06_EGT_IMBAL,TRAIN,LADAKH,CRUISE_LOITER,5309.0,2184.8,69.6,81.4,81.37,81.37,81.34,785.68,785.39,869.87,784.91,4.34,89.04,9.2,3.0,41.23,0.719,14.07,3.25,LANE_A,20118.0,-22.2,88.3,0.15,6,18.0,-7.33,-9.86,-6.86,-9.39,3.44,-1.85,85.63,-2.33,-0.49,21.7,-2.84,0.11,-0.026,-0.03,0.8694,1
33.2,TRAIN_M08_LADAKH_FAULT06_EGT_IMBAL,TRAIN,LADAKH,CRUISE_LOITER,5307.7,2184.2,69.6,81.4,81.37,81.37,81.34,785.94,785.87,869.83,784.7,4.28,89.05,9.26,3.0,41.2,0.706,14.1,3.31,LANE_A,20117.0,-22.2,88.3,0.15,6,18.0,-7.31,-9.84,-6.84,-9.37,3.7,-1.37,85.59,-2.54,-0.55,21.72,-2.78,0.07,-0.038,0.0,0.8695,1
33.25,TRAIN_M08_LADAKH_FAULT06_EGT_IMBAL,TRAIN,LADAKH,CRUISE_LOITER,5308.1,2184.4,69.6,81.39,81.37,81.36,81.33,786.09,785.93,869.96,784.74,4.32,89.05,9.06,3.0,41.14,0.778,14.06,3.27,LANE_A,20116.0,-22.2,88.3,0.15,6,18.0,-7.33,-9.85,-6.86,-9.39,3.85,-1.31,85.72,-2.5,-0.51,21.71,-2.98,0.01,0.034,-0.04,0.8699,1
33.3,TRAIN_M08_LADAKH_FAULT06_EGT_IMBAL,TRAIN,LADAKH,CRUISE_LOITER,5312.1,2186.0,69.6,81.39,81.36,81.35,81.33,786.07,785.64,870.2,784.52,4.32,89.11,9.08,3.0,41.14,0.78,14.09,3.23,LANE_A,20115.0,-22.2,88.3,0.15,6,18.0,-7.39,-9.92,-6.93,-9.45,3.83,-1.6,85.96,-2.72,-0.51,21.73,-2.97,0.01,0.035,-0.01,0.8706,1
33.35,TRAIN_M08_LADAKH_FAULT06_EGT_IMBAL,TRAIN,LADAKH,CRUISE_LOITER,5304.6,2183.0,69.6,81.38,81.36,81.35,81.32,785.8,785.42,870.45,784.05,4.31,89.07,9.09,3.0,41.11,0.677,14.04,3.16,LANE_A,20114.0,-22.2,88.3,0.15,6,18.0,-7.29,-9.81,-6.82,-9.35,3.56,-1.82,86.21,-3.19,-0.52,21.77,-2.95,-0.02,-0.067,-0.06,0.8713,1
33.4,TRAIN_M08_LADAKH_FAULT06_EGT_IMBAL,TRAIN,LADAKH,CRUISE_LOITER,5310.1,2185.2,69.6,81.37,81.35,81.34,81.32,785.9,785.37,870.36,783.68,4.34,89.0,9.05,3.0,41.21,0.758,14.06,3.14,LANE_A,20113.0,-22.2,88.4,0.15,6,18.0,-7.35,-9.87,-6.88,-9.4,3.66,-1.87,86.12,-3.56,-0.49,21.66,-3.0,0.08,0.013,-0.04,0.8709,1
33.45,TRAIN_M08_LADAKH_FAULT06_EGT_IMBAL,TRAIN,LADAKH,CRUISE_LOITER,5305.6,2183.4,69.6,81.36,81.34,81.34,81.31,785.74,785.72,870.21,783.8,4.37,88.99,9.05,3.0,41.18,0.783,14.05,3.46,LANE_A,20112.0,-22.2,88.4,0.15,6,18.0,-7.3,-9.82,-6.82,-9.35,3.5,-1.52,85.97,-3.44,-0.46,21.7,-2.99,0.05,0.039,-0.05,0.8704,1
33.5,TRAIN_M08_LADAKH_FAULT06_EGT_IMBAL,TRAIN,LADAKH,CRUISE_LOITER,5308.7,2184.6,69.6,81.35,81.33,81.34,81.31,785.48,785.7,870.39,783.76,4.3,88.97,9.09,3.0,41.22,0.724,14.07,3.3,LANE_A,20111.0,-22.2,88.4,0.15,6,18.0,-7.35,-9.87,-6.86,-9.39,3.24,-1.54,86.15,-3.48,-0.53,21.65,-2.96,0.09,-0.021,-0.03,0.8711,1
33.55,TRAIN_M08_LADAKH_FAULT06_EGT_IMBAL,TRAIN,LADAKH,CRUISE_LOITER,5307.9,2184.3,69.6,81.35,81.34,81.33,81.31,785.43,785.59,870.36,783.73,4.35,89.02,9.18,3.0,41.14,0.748,14.07,3.16,LANE_A,20110.0,-22.2,88.4,0.15,6,18.0,-7.34,-9.85,-6.86,-9.38,3.19,-1.65,86.12,-3.51,-0.48,21.71,-2.87,0.0,0.004,-0.03,0.8708,1
33.6,TRAIN_M08_LADAKH_FAULT06_EGT_IMBAL,TRAIN,LADAKH,CRUISE_LOITER,5316.4,2187.8,69.6,81.34,81.33,81.33,81.31,785.06,785.15,870.14,784.22,4.39,89.11,9.21,3.0,40.97,0.768,14.05,3.02,LANE_A,20110.0,-22.2,88.4,0.15,6,18.0,-7.48,-9.99,-6.99,-9.51,2.82,-2.09,85.9,-3.02,-0.44,21.7,-2.86,-0.17,0.022,-0.05,0.8702,1
33.65,TRAIN_M08_LADAKH_FAULT06_EGT_IMBAL,TRAIN,LADAKH,CRUISE_LOITER,5315.3,2187.4,69.6,81.34,81.33,81.32,81.31,784.94,785.3,869.93,784.15,4.36,89.11,9.08,3.0,41.04,0.717,14.04,3.28,LANE_A,20109.0,-22.2,88.4,0.15,6,18.0,-7.46,-9.97,-6.98,-9.49,2.7,-1.94,85.69,-3.09,-0.47,21.71,-2.98,-0.1,-0.029,-0.06,0.8698,1
33.7,TRAIN_M08_LADAKH_FAULT06_EGT_IMBAL,TRAIN,LADAKH,CRUISE_LOITER,5319.4,2189.1,69.6,81.33,81.33,81.32,81.3,785.08,784.95,870.09,784.26,4.32,88.98,9.09,3.0,41.16,0.7,14.08,3.13,LANE_A,20108.0,-22.1,88.4,0.15,6,18.0,-7.63,-10.13,-7.14,-9.66,2.82,-2.31,85.83,-3.0,-0.51,21.43,-2.98,0.02,-0.046,-0.02,0.8704,1
33.75,TRAIN_M08_LADAKH_FAULT06_EGT_IMBAL,TRAIN,LADAKH,CRUISE_LOITER,5320.1,2189.3,69.6,81.33,81.32,81.32,81.29,785.26,785.0,869.81,784.43,4.31,88.97,9.2,3.0,41.17,0.736,14.07,3.18,LANE_A,20107.0,-22.1,88.4,0.15,6,18.0,-7.64,-10.15,-7.15,-9.68,3.0,-2.26,85.55,-2.83,-0.52,21.42,-2.87,0.03,-0.01,-0.03,0.8696,1
33.8,TRAIN_M08_LADAKH_FAULT06_EGT_IMBAL,TRAIN,LADAKH,CRUISE_LOITER,5328.9,2192.9,69.6,81.33,81.32,81.32,81.3,785.17,785.06,869.87,784.3,4.35,88.88,9.23,3.0,41.19,0.724,14.06,3.04,LANE_A,20106.0,-22.1,88.4,0.15,6,18.0,-7.77,-10.28,-7.28,-9.8,2.91,-2.2,85.61,-2.96,-0.49,21.22,-2.86,0.05,-0.024,-0.04,0.8697,1
33.85,TRAIN_M08_LADAKH_FAULT06_EGT_IMBAL,TRAIN,LADAKH,CRUISE_LOITER,5325.7,2191.7,69.6,81.32,81.32,81.32,81.3,785.26,785.07,869.58,784.25,4.34,89.0,9.18,3.0,41.2,0.72,14.06,3.16,LANE_A,20105.0,-22.1,88.4,0.15,6,18.0,-7.73,-10.23,-7.23,-9.75,3.0,-2.19,85.32,-3.01,-0.5,21.38,-2.9,0.06,-0.027,-0.04,0.869,1
33.9,TRAIN_M08_LADAKH_FAULT06_EGT_IMBAL,TRAIN,LADAKH,CRUISE_LOITER,5334.9,2195.4,69.6,81.32,81.31,81.31,81.31,784.84,784.59,869.32,784.75,4.36,88.98,9.18,3.0,41.25,0.836,14.07,2.82,LANE_A,20104.0,-22.1,88.4,0.15,6,18.0,-7.87,-10.38,-7.38,-9.88,2.58,-2.67,85.06,-2.51,-0.48,21.25,-2.93,0.11,0.088,-0.03,0.8684,1
33.95,TRAIN_M08_LADAKH_FAULT06_EGT_IMBAL,TRAIN,LADAKH,CRUISE_LOITER,5331.9,2194.2,69.6,81.32,81.32,81.31,81.3,785.06,784.36,869.11,784.83,4.34,88.98,9.14,3.0,41.19,0.728,14.08,3.3,LANE_A,20103.0,-22.1,88.4,0.15,6,18.0,-7.82,-10.32,-7.33,-9.84,2.8,-2.9,84.85,-2.43,-0.5,21.29,-2.96,0.04,-0.02,-0.02,0.8678,1
34.0,TRAIN_M08_LADAKH_FAULT06_EGT_IMBAL,TRAIN,LADAKH,CRUISE_LOITER,5324.7,2191.2,69.6,81.31,81.31,81.31,81.3,785.05,784.51,869.43,784.88,4.33,89.06,9.2,3.0,41.16,0.727,14.07,3.19,LANE_A,20102.0,-22.1,88.5,0.15,6,18.0,-7.7,-10.2,-7.2,-9.71,2.79,-2.75,85.17,-2.38,-0.51,21.47,-2.88,0.01,-0.02,-0.03,0.8686,1
34.05,TRAIN_M08_LADAKH_FAULT06_EGT_IMBAL,TRAIN,LADAKH,CRUISE_LOITER,5322.6,2190.4,69.7,81.3,81.31,81.31,81.3,784.74,784.67,869.39,785.18,4.4,89.04,9.17,3.0,41.38,0.736,14.07,3.09,LANE_A,20101.0,-22.1,88.5,0.15,6,18.0,-7.69,-10.18,-7.18,-9.69,2.55,-2.52,85.2,-2.01,-0.43,21.47,-2.91,0.22,-0.011,-0.03,0.8684,1
34.1,TRAIN_M08_LADAKH_FAULT06_EGT_IMBAL,TRAIN,LADAKH,CRUISE_LOITER,5328.9,2193.0,69.7,81.3,81.31,81.3,81.3,784.82,784.85,869.4,785.09,4.39,88.96,9.17,3.0,41.2,0.702,14.06,3.23,LANE_A,20100.0,-22.1,88.5,0.15,6,18.0,-7.78,-10.27,-7.28,-9.78,2.63,-2.34,85.21,-2.1,-0.45,21.31,-2.93,0.04,-0.046,-0.04,0.8686,1
34.15,TRAIN_M08_LADAKH_FAULT06_EGT_IMBAL,TRAIN,LADAKH,CRUISE_LOITER,5318.7,2188.8,69.7,81.3,81.31,81.3,81.31,784.61,784.64,869.58,785.12,4.31,89.04,9.29,3.0,41.1,0.712,14.06,3.17,LANE_A,20100.0,-22.1,88.5,0.15,6,18.0,-7.63,-10.12,-7.13,-9.62,2.42,-2.55,85.39,-2.07,-0.52,21.51,-2.78,-0.06,-0.034,-0.04,0.8691,1
34.2,TRAIN_M08_LADAKH_FAULT06_EGT_IMBAL,TRAIN,LADAKH,CRUISE_LOITER,5314.4,2187.0,69.7,81.3,81.31,81.31,81.31,784.55,784.81,869.41,784.67,4.28,89.05,9.28,3.0,41.07,0.732,14.06,3.1,LANE_A,20099.0,-22.1,88.5,0.15,6,18.0,-7.57,-10.06,-7.06,-9.56,2.36,-2.38,85.22,-2.52,-0.55,21.57,-2.78,-0.09,-0.013,-0.04,0.8687,1
34.25,TRAIN_M08_LADAKH_FAULT06_EGT_IMBAL,TRAIN,LADAKH,CRUISE_LOITER,5317.7,2188.3,69.7,81.31,81.31,81.31,81.3,784.3,784.85,869.41,784.87,4.33,89.13,9.3,3.0,41.0,0.744,14.05,3.23,LANE_A,20098.0,-22.1,88.5,0.15,6,18.0,-7.61,-10.11,-7.11,-9.62,2.11,-2.34,85.22,-2.32,-0.5,21.61,-2.77,-0.16,-0.002,-0.05,0.8686,1
34.3,TRAIN_M08_LADAKH_FAULT06_EGT_IMBAL,TRAIN,LADAKH,CRUISE_LOITER,5313.7,2186.7,69.7,81.31,81.31,81.31,81.3,784.37,784.49,869.52,784.81,4.31,89.07,9.22,3.0,40.91,0.725,14.05,3.36,LANE_A,20097.0,-22.1,88.5,0.15,6,18.0,-7.55,-10.05,-7.05,-9.56,2.18,-2.7,85.33,-2.38,-0.52,21.6,-2.84,-0.25,-0.02,-0.05,0.8689,1
34.35,TRAIN_M08_LADAKH_FAULT06_EGT_IMBAL,TRAIN,LADAKH,CRUISE_LOITER,5314.4,2187.0,69.7,81.3,81.31,81.31,81.3,784.38,784.65,869.19,784.75,4.29,89.12,9.17,3.0,41.06,0.747,14.06,3.0,LANE_A,20096.0,-22.1,88.5,0.15,6,18.0,-7.57,-10.06,-7.06,-9.57,2.19,-2.54,85.0,-2.44,-0.54,21.64,-2.9,-0.1,0.002,-0.04,0.8681,1
34.4,TRAIN_M08_LADAKH_FAULT06_EGT_IMBAL,TRAIN,LADAKH,CRUISE_LOITER,5313.9,2186.8,69.7,81.3,81.31,81.3,81.3,784.36,784.55,869.58,784.67,4.35,89.26,9.26,3.0,40.94,0.772,14.04,3.06,LANE_A,20095.0,-22.1,88.5,0.15,6,18.0,-7.57,-10.06,-7.07,-9.57,2.17,-2.64,85.39,-2.52,-0.48,21.79,-2.81,-0.22,0.027,-0.06,0.869,1
34.45,TRAIN_M08_LADAKH_FAULT06_EGT_IMBAL,TRAIN,LADAKH,CRUISE_LOITER,5314.5,2187.0,69.7,81.31,81.31,81.31,81.3,784.46,784.21,869.8,784.49,4.35,89.32,9.22,3.0,41.04,0.721,14.07,3.18,LANE_A,20094.0,-22.1,88.5,0.15,6,18.0,-7.57,-10.07,-7.07,-9.58,2.27,-2.98,85.61,-2.7,-0.48,21.84,-2.85,-0.13,-0.024,-0.03,0.8697,1
34.5,TRAIN_M08_LADAKH_FAULT06_EGT_IMBAL,TRAIN,LADAKH,CRUISE_LOITER,5316.9,2188.0,69.7,81.3,81.31,81.3,81.29,784.6,784.63,869.64,784.63,4.34,89.33,9.11,3.0,41.2,0.728,14.08,3.11,LANE_A,20093.0,-22.1,88.5,0.15,6,18.0,-7.61,-10.1,-7.11,-9.62,2.41,-2.56,85.45,-2.56,-0.49,21.82,-2.96,0.03,-0.018,-0.02,0.8694,1
34.55,TRAIN_M08_LADAKH_FAULT06_EGT_IMBAL,TRAIN,LADAKH,CRUISE_LOITER,5307.7,2184.2,69.7,81.3,81.31,81.3,81.29,784.5,785.17,869.95,784.93,4.35,89.26,9.14,3.0,41.11,0.669,14.09,3.35,LANE_A,20092.0,-22.1,88.5,0.15,6,18.0,-7.48,-9.97,-6.98,-9.49,2.31,-2.02,85.76,-2.26,-0.48,21.86,-2.91,-0.06,-0.075,-0.01,0.8701,1
34.6,TRAIN_M08_LADAKH_FAULT06_EGT_IMBAL,TRAIN,LADAKH,CRUISE_LOITER,5310.7,2185.5,69.7,81.3,81.3,81.3,81.28,784.23,785.04,870.21,784.93,4.33,89.21,9.15,3.0,41.09,0.735,14.06,3.1,LANE_A,20091.0,-22.1,88.6,0.15,6,18.0,-7.5,-10.0,-7.0,-9.52,2.04,-2.15,86.02,-2.26,-0.5,21.79,-2.91,-0.08,-0.01,-0.04,0.8708,1
34.65,TRAIN_M08_LADAKH_FAULT06_EGT_IMBAL,TRAIN,LADAKH,CRUISE_LOITER,5307.6,2184.2,69.7,81.29,81.3,81.3,81.28,784.51,784.88,870.44,784.7,4.33,89.3,9.19,3.0,41.19,0.711,14.09,3.16,LANE_A,20090.0,-22.1,88.6,0.15,6,18.0,-7.46,-9.95,-6.95,-9.47,2.32,-2.31,86.25,-2.49,-0.5,21.92,-2.86,0.02,-0.033,-0.01,0.8714,1
34.7,TRAIN_M08_LADAKH_FAULT06_EGT_IMBAL,TRAIN,LADAKH,CRUISE_LOITER,5305.2,2183.2,69.7,81.29,81.3,81.29,81.28,784.95,785.16,870.13,784.89,4.41,89.24,9.24,3.0,41.15,0.77,14.07,3.3,LANE_A,20089.0,-22.1,88.6,0.15,6,18.0,-7.43,-9.92,-6.93,-9.44,2.76,-2.03,85.94,-2.3,-0.42,21.89,-2.81,-0.02,0.026,-0.03,0.8702,1
34.75,TRAIN_M08_LADAKH_FAULT06_EGT_IMBAL,TRAIN,LADAKH,CRUISE_LOITER,5307.9,2184.3,69.8,81.29,81.3,81.29,81.28,784.8,784.87,870.17,784.74,4.32,89.23,9.22,3.0,41.17,0.738,14.04,2.93,LANE_A,20088.0,-22.1,88.6,0.15,6,18.0,-7.48,-9.97,-6.98,-9.49,2.67,-2.26,86.04,-2.39,-0.51,21.84,-2.84,-0.01,-0.006,-0.06,0.8709,1
34.8,TRAIN_M08_LADAKH_FAULT06_EGT_IMBAL,TRAIN,LADAKH,CRUISE_LOITER,5307.5,2184.2,69.8,81.3,81.3,81.29,81.27,784.57,784.92,869.99,784.81,4.31,89.17,9.23,3.0,41.09,0.692,14.08,3.13,LANE_A,20088.0,-22.1,88.6,0.15,6,18.0,-7.46,-9.96,-6.97,-9.49,2.44,-2.21,85.86,-2.32,-0.52,21.78,-2.83,-0.09,-0.052,-0.02,0.8704,1
34.85,TRAIN_M08_LADAKH_FAULT06_EGT_IMBAL,TRAIN,LADAKH,CRUISE_LOITER,5309.9,2185.1,69.8,81.3,81.3,81.29,81.27,785.02,784.62,870.19,784.6,4.34,89.17,9.29,3.0,41.22,0.802,14.08,3.01,LANE_A,20087.0,-22.1,88.6,0.15,6,18.0,-7.5,-10.0,-7.01,-9.53,2.89,-2.51,86.06,-2.53,-0.49,21.75,-2.77,0.04,0.057,-0.02,0.8708,1
34.9,TRAIN_M08_LADAKH_FAULT06_EGT_IMBAL,TRAIN,LADAKH,CRUISE_LOITER,5309.1,2184.8,69.8,81.3,81.3,81.3,81.27,785.58,784.58,869.96,784.73,4.38,89.28,9.35,3.0,41.22,0.69,14.07,3.0,LANE_A,20086.0,-22.1,88.6,0.15,6,18.0,-7.49,-9.99,-6.99,-9.52,3.45,-2.55,85.83,-2.4,-0.45,21.87,-2.71,0.04,-0.055,-0.03,0.8701,1
34.95,TRAIN_M08_LADAKH_FAULT06_EGT_IMBAL,TRAIN,LADAKH,CRUISE_LOITER,5320.2,2189.4,69.8,81.3,81.29,81.3,81.27,785.59,785.0,869.88,784.71,4.33,89.2,9.21,3.0,41.27,0.804,14.07,2.94,LANE_A,20085.0,-22.1,88.6,0.15,6,18.0,-7.65,-10.16,-7.15,-9.68,3.46,-2.13,85.75,-2.42,-0.5,21.66,-2.88,0.08,0.058,-0.03,0.8702,1
35.0,TRAIN_M08_LADAKH_FAULT06_EGT_IMBAL,TRAIN,LADAKH,CRUISE_LOITER,5324.7,2191.2,69.8,81.29,81.29,81.3,81.27,785.41,785.08,869.78,784.8,4.33,89.18,9.28,3.0,41.27,0.775,14.09,3.15,LANE_A,20084.0,-22.1,88.6,0.15,6,18.0,-7.73,-10.23,-7.22,-9.75,3.28,-2.05,85.65,-2.33,-0.51,21.59,-2.82,0.08,0.028,-0.01,0.87,1
35.05,TRAIN_M08_LADAKH_FAULT06_EGT_IMBAL,TRAIN,LADAKH,CRUISE_LOITER,5319.8,2189.2,69.8,81.29,81.3,81.3,81.28,785.5,785.03,869.93,784.65,4.33,89.11,9.26,3.0,41.29,0.711,14.07,3.03,LANE_A,20083.0,-22.1,88.6,0.15,6,18.0,-7.65,-10.14,-7.14,-9.66,3.37,-2.1,85.8,-2.48,-0.5,21.57,-2.83,0.1,-0.035,-0.03,0.8703,1
35.1,TRAIN_M08_LADAKH_FAULT06_EGT_IMBAL,TRAIN,LADAKH,CRUISE_LOITER,5318.2,2188.5,69.8,81.29,81.3,81.31,81.28,785.27,785.03,870.33,784.57,4.36,89.0,9.32,3.0,41.31,0.796,14.07,3.22,LANE_A,20082.0,-22.1,88.6,0.15,6,18.0,-7.63,-10.12,-7.11,-9.64,3.14,-2.1,86.2,-2.56,-0.47,21.48,-2.76,0.12,0.05,-0.03,0.8711,1
35.15,TRAIN_M08_LADAKH_FAULT06_EGT_IMBAL,TRAIN,LADAKH,CRUISE_LOITER,5320.5,2189.5,69.8,81.3,81.31,81.31,81.28,785.44,784.97,870.68,785.0,4.37,88.9,9.29,3.0,41.31,0.755,14.08,3.24,LANE_A,20081.0,-22.1,88.6,0.15,6,18.0,-7.66,-10.15,-7.15,-9.68,3.31,-2.16,86.55,-2.13,-0.46,21.36,-2.8,0.12,0.009,-0.02,0.8721,1
35.2,TRAIN_M08_LADAKH_FAULT06_EGT_IMBAL,TRAIN,LADAKH,CRUISE_LOITER,5313.6,2186.7,69.8,81.3,81.31,81.31,81.28,785.92,785.01,870.15,785.53,4.36,88.93,9.24,3.0,41.22,0.756,14.03,3.14,LANE_A,20080.0,-22.1,88.6,0.15,6,18.0,-7.56,-10.05,-7.05,-9.58,3.79,-2.12,86.02,-1.6,-0.47,21.47,-2.84,0.03,0.011,-0.07,0.8706,1
35.25,TRAIN_M08_LADAKH_FAULT06_EGT_IMBAL,TRAIN,LADAKH,CRUISE_LOITER,5314.8,2187.2,69.8,81.3,81.31,81.31,81.28,786.33,784.77,870.36,785.15,4.32,88.85,9.27,3.0,41.23,0.695,14.08,3.32,LANE_A,20079.0,-22.1,88.7,0.15,6,18.0,-7.55,-10.04,-7.04,-9.57,4.2,-2.36,86.23,-1.98,-0.51,21.39,-2.81,0.04,-0.05,-0.02,0.8713,1
35.3,TRAIN_M08_LADAKH_FAULT06_EGT_IMBAL,TRAIN,LADAKH,CRUISE_LOITER,5314.2,2186.9,69.9,81.3,81.3,81.31,81.27,786.08,784.68,870.44,784.81,4.31,88.82,9.22,3.0,41.13,0.745,14.07,3.21,LANE_A,20078.0,-22.0,88.7,0.15,6,18.0,-7.64,-10.14,-7.13,-9.67,4.0,-2.4,86.36,-2.27,-0.52,21.27,-2.86,-0.07,0.0,-0.03,0.8717,1
35.35,TRAIN_M08_LADAKH_FAULT06_EGT_IMBAL,TRAIN,LADAKH,CRUISE_LOITER,5318.7,2188.8,69.9,81.3,81.29,81.31,81.28,785.83,784.57,870.58,784.78,4.36,88.7,9.16,3.0,41.14,0.734,14.06,3.31,LANE_A,20077.0,-22.0,88.7,0.15,6,18.0,-7.71,-10.22,-7.2,-9.73,3.75,-2.51,86.5,-2.3,-0.47,21.09,-2.93,-0.07,-0.012,-0.04,0.872,1
35.4,TRAIN_M08_LADAKH_FAULT06_EGT_IMBAL,TRAIN,LADAKH,CRUISE_LOITER,5321.1,2189.7,69.9,81.31,81.29,81.3,81.28,785.67,785.19,870.58,784.75,4.38,88.7,9.17,3.0,41.23,0.695,14.07,3.38,LANE_A,20076.0,-22.0,88.7,0.15,6,18.0,-7.73,-10.25,-7.24,-9.76,3.59,-1.89,86.5,-2.33,-0.45,21.06,-2.92,0.02,-0.051,-0.03,0.872,1
35.45,TRAIN_M08_LADAKH_FAULT06_EGT_IMBAL,TRAIN,LADAKH,CRUISE_LOITER,5324.1,2191.0,69.9,81.31,81.29,81.3,81.28,785.39,785.24,870.27,784.67,4.36,88.7,9.24,3.0,41.26,0.782,14.05,3.62,LANE_A,20075.0,-22.0,88.7,0.15,6,18.0,-7.78,-10.3,-7.29,-9.81,3.31,-1.84,86.19,-2.41,-0.47,21.03,-2.86,0.05,0.035,-0.05,0.8712,1
35.5,TRAIN_M08_LADAKH_FAULT06_EGT_IMBAL,TRAIN,LADAKH,CRUISE_LOITER,5326.2,2191.8,69.9,81.32,81.3,81.3,81.28,785.18,785.68,870.19,784.67,4.4,88.72,9.38,3.0,41.45,0.759,14.1,3.21,LANE_A,20074.0,-22.0,88.7,0.15,6,18.0,-7.8,-10.32,-7.32,-9.84,3.1,-1.4,86.11,-2.41,-0.43,21.02,-2.73,0.24,0.012,0.0,0.8707,1
35.55,TRAIN_M08_LADAKH_FAULT06_EGT_IMBAL,TRAIN,LADAKH,CRUISE_LOITER,5317.9,2188.4,69.9,81.32,81.3,81.31,81.28,785.1,785.57,870.09,784.88,4.4,88.52,9.19,3.0,41.48,0.769,14.05,3.36,LANE_A,20073.0,-22.0,88.7,0.15,6,18.0,-7.68,-10.2,-7.19,-9.72,3.02,-1.51,86.01,-2.2,-0.43,20.92,-2.9,0.27,0.023,-0.05,0.8704,1
35.6,TRAIN_M08_LADAKH_FAULT06_EGT_IMBAL,TRAIN,LADAKH,CRUISE_LOITER,5312.9,2186.4,69.9,81.31,81.29,81.31,81.28,785.17,785.51,869.89,784.68,4.38,88.62,9.08,3.0,41.29,0.77,14.06,3.22,LANE_A,20072.0,-22.0,88.7,0.15,6,18.0,-7.62,-10.14,-7.12,-9.65,3.09,-1.57,85.81,-2.4,-0.45,21.08,-3.0,0.08,0.025,-0.04,0.87,1
35.65,TRAIN_M08_LADAKH_FAULT06_EGT_IMBAL,TRAIN,LADAKH,CRUISE_LOITER,5312.5,2186.2,69.9,81.31,81.29,81.3,81.28,785.15,785.82,869.85,784.82,4.35,88.61,9.05,3.0,41.41,0.76,14.06,3.28,LANE_A,20071.0,-22.0,88.7,0.15,6,18.0,-7.61,-10.13,-7.12,-9.64,3.07,-1.26,85.77,-2.26,-0.48,21.07,-3.03,0.2,0.015,-0.04,0.87,1
35.7,TRAIN_M08_LADAKH_FAULT06_EGT_IMBAL,TRAIN,LADAKH,CRUISE_LOITER,5307.3,2184.1,69.9,81.31,81.28,81.3,81.27,785.21,785.8,869.17,784.97,4.3,88.65,9.13,3.0,41.49,0.773,14.04,3.4,LANE_A,20070.0,-22.0,88.7,0.15,6,18.0,-7.54,-10.07,-7.05,-9.58,3.13,-1.28,85.09,-2.11,-0.53,21.17,-2.93,0.27,0.029,-0.06,0.8681,1
35.75,TRAIN_M08_LADAKH_FAULT06_EGT_IMBAL,TRAIN,LADAKH,CRUISE_LOITER,5310.3,2185.3,69.9,81.31,81.28,81.29,81.27,785.3,785.74,869.12,784.9,4.35,88.59,9.28,3.0,41.55,0.745,14.06,3.28,LANE_A,20069.0,-22.0,88.7,0.15,6,18.0,-7.58,-10.11,-7.1,-9.62,3.22,-1.34,85.04,-2.18,-0.48,21.08,-2.79,0.33,0.0,-0.04,0.8677,1
35.8,TRAIN_M08_LADAKH_FAULT06_EGT_IMBAL,TRAIN,LADAKH,CRUISE_LOITER,5315.3,2187.4,70.0,81.31,81.29,81.29,81.27,785.06,785.61,869.23,785.01,4.33,88.51,9.27,3.0,41.36,0.685,14.09,3.01,LANE_A,20069.0,-22.0,88.7,0.15,6,18.0,-7.66,-10.18,-7.18,-9.7,3.04,-1.41,85.21,-2.01,-0.5,20.93,-2.82,0.14,-0.061,-0.01,0.8683,1
35.85,TRAIN_M08_LADAKH_FAULT06_EGT_IMBAL,TRAIN,LADAKH,CRUISE_LOITER,5315.9,2187.6,70.0,81.31,81.29,81.29,81.27,785.21,785.41,869.29,785.04,4.31,88.48,9.25,3.0,41.22,0.817,14.07,3.27,LANE_A,20068.0,-22.0,88.7,0.15,6,18.0,-7.67,-10.19,-7.19,-9.71,3.19,-1.61,85.27,-1.98,-0.52,20.89,-2.84,-0.01,0.071,-0.03,0.8686,1
35.9,TRAIN_M08_LADAKH_FAULT06_EGT_IMBAL,TRAIN,LADAKH,CRUISE_LOITER,5321.0,2189.7,70.0,81.32,81.28,81.29,81.27,785.2,785.65,869.45,785.24,4.35,88.4,9.3,3.0,41.19,0.732,14.06,3.27,LANE_A,20067.0,-22.0,88.7,0.15,6,18.0,-7.74,-10.28,-7.27,-9.79,3.18,-1.37,85.43,-1.78,-0.48,20.75,-2.8,-0.04,-0.014,-0.04,0.8689,1
35.95,TRAIN_M08_LADAKH_FAULT06_EGT_IMBAL,TRAIN,LADAKH,CRUISE_LOITER,5322.6,2190.4,70.0,81.32,81.29,81.3,81.27,785.26,785.68,869.22,785.27,4.34,88.46,9.25,3.0,41.2,0.774,14.06,3.36,LANE_A,20066.0,-22.0,88.8,0.15,6,18.0,-7.74,-10.27,-7.26,-9.79,3.24,-1.34,85.2,-1.75,-0.49,20.82,-2.85,-0.03,0.027,-0.04,0.8683,1
36.0,TRAIN_M08_LADAKH_FAULT06_EGT_IMBAL,TRAIN,LADAKH,CRUISE_LOITER,5326.9,2192.2,70.0,81.32,81.29,81.29,81.28,785.22,785.41,869.48,785.18,4.39,88.41,9.23,3.0,41.26,0.751,14.05,3.26,LANE_A,20065.0,-22.0,88.8,0.15,6,18.0,-7.8,-10.33,-7.33,-9.84,3.2,-1.61,85.46,-1.84,-0.44,20.71,-2.88,0.03,0.004,-0.05,0.8689,1
36.05,TRAIN_M08_LADAKH_FAULT06_EGT_IMBAL,TRAIN,LADAKH,CRUISE_LOITER,5323.1,2190.6,70.0,81.32,81.29,81.29,81.28,785.41,785.26,869.59,785.22,4.35,88.27,9.23,3.0,41.19,0.77,14.08,3.14,LANE_A,20064.0,-22.0,88.8,0.15,6,18.0,-7.74,-10.27,-7.27,-9.78,3.39,-1.76,85.57,-1.8,-0.48,20.62,-2.88,-0.04,0.023,-0.02,0.8692,1
36.1,TRAIN_M08_LADAKH_FAULT06_EGT_IMBAL,TRAIN,LADAKH,CRUISE_LOITER,5323.0,2190.5,70.0,81.32,81.28,81.29,81.27,785.33,785.28,869.48,785.36,4.34,88.37,9.14,3.0,41.32,0.698,14.06,3.29,LANE_A,20063.0,-22.0,88.8,0.15,6,18.0,-7.74,-10.28,-7.27,-9.79,3.31,-1.74,85.46,-1.66,-0.49,20.72,-2.97,0.09,-0.049,-0.04,0.8691,1
36.15,TRAIN_M08_LADAKH_FAULT06_EGT_IMBAL,TRAIN,LADAKH,CRUISE_LOITER,5331.2,2193.9,70.0,81.32,81.28,81.29,81.27,785.34,785.18,869.25,785.82,4.36,88.39,9.02,3.0,41.25,0.725,14.05,3.39,LANE_A,20062.0,-22.0,88.8,0.15,6,18.0,-7.86,-10.4,-7.39,-9.91,3.32,-1.84,85.23,-1.2,-0.48,20.64,-3.11,0.02,-0.023,-0.05,0.8687,1
36.2,TRAIN_M08_LADAKH_FAULT06_EGT_IMBAL,TRAIN,LADAKH,CRUISE_LOITER,5329.2,2193.1,70.0,81.31,81.27,81.29,81.26,785.43,785.34,869.27,785.84,4.38,88.41,9.06,3.0,41.38,0.72,14.08,3.29,LANE_A,20061.0,-22.0,88.8,0.15,6,18.0,-7.85,-10.39,-7.37,-9.9,3.41,-1.68,85.25,-1.18,-0.46,20.69,-3.06,0.14,-0.028,-0.02,0.8686,1
36.25,TRAIN_M08_LADAKH_FAULT06_EGT_IMBAL,TRAIN,LADAKH,CRUISE_LOITER,5326.7,2192.1,70.1,81.31,81.27,81.29,81.26,785.28,785.22,869.16,785.71,4.38,88.29,9.09,3.0,41.37,0.798,14.06,2.93,LANE_A,20060.0,-22.0,88.8,0.15,6,18.0,-7.82,-10.36,-7.34,-9.87,3.33,-1.73,85.21,-1.24,-0.45,20.59,-3.03,0.13,0.051,-0.04,0.8684,1
36.3,TRAIN_M08_LADAKH_FAULT06_EGT_IMBAL,TRAIN,LADAKH,CRUISE_LOITER,5327.8,2192.5,70.1,81.32,81.27,81.28,81.26,785.09,785.34,869.73,785.41,4.39,88.44,9.25,3.0,41.33,0.721,14.05,2.98,LANE_A,20059.0,-22.0,88.8,0.15,6,18.0,-7.82,-10.37,-7.36,-9.88,3.14,-1.61,85.78,-1.54,-0.45,20.72,-2.87,0.08,-0.026,-0.05,0.8699,1
36.35,TRAIN_M08_LADAKH_FAULT06_EGT_IMBAL,TRAIN,LADAKH,CRUISE_LOITER,5326.0,2191.8,70.1,81.32,81.27,81.28,81.26,784.97,785.49,869.86,785.18,4.37,88.42,9.29,3.0,41.33,0.79,14.06,3.44,LANE_A,20058.0,-22.0,88.8,0.15,6,18.0,-7.8,-10.35,-7.34,-9.86,3.02,-1.46,85.91,-1.77,-0.46,20.72,-2.83,0.08,0.043,-0.04,0.8702,1
36.4,TRAIN_M08_LADAKH_FAULT06_EGT_IMBAL,TRAIN,LADAKH,CRUISE_LOITER,5322.8,2190.5,70.1,81.32,81.27,81.28,81.26,785.27,785.44,869.68,784.71,4.4,88.5,9.26,3.0,41.14,0.711,14.08,3.04,LANE_A,20057.0,-22.0,88.8,0.15,6,18.0,-7.75,-10.3,-7.29,-9.81,3.32,-1.51,85.73,-2.24,-0.43,20.84,-2.85,-0.11,-0.036,-0.02,0.8697,1
36.45,TRAIN_M08_LADAKH_FAULT06_EGT_IMBAL,TRAIN,LADAKH,CRUISE_LOITER,5322.7,2190.4,70.1,81.32,81.27,81.28,81.26,784.92,785.22,869.65,785.22,4.37,88.52,9.25,3.0,41.38,0.804,14.09,3.24,LANE_A,20056.0,-22.0,88.8,0.15,6,18.0,-7.75,-10.3,-7.29,-9.81,2.97,-1.73,85.7,-1.73,-0.46,20.86,-2.86,0.13,0.057,-0.01,0.8697,1
36.5,TRAIN_M08_LADAKH_FAULT06_EGT_IMBAL,TRAIN,LADAKH,CRUISE_LOITER,5324.7,2191.2,70.1,81.31,81.27,81.28,81.26,784.41,784.98,869.99,785.32,4.36,88.52,9.27,3.0,41.23,0.778,14.08,3.09,LANE_A,20055.0,-22.0,88.8,0.15,6,18.0,-7.79,-10.33,-7.32,-9.84,2.46,-1.97,86.04,-1.63,-0.47,20.84,-2.85,-0.02,0.031,-0.02,0.8707,1
36.55,TRAIN_M08_LADAKH_FAULT06_EGT_IMBAL,TRAIN,LADAKH,CRUISE_LOITER,5326.0,2191.8,70.1,81.31,81.27,81.29,81.26,784.3,785.18,870.02,785.51,4.37,88.51,9.21,3.0,41.16,0.771,14.06,2.88,LANE_A,20054.0,-22.0,88.8,0.15,6,18.0,-7.81,-10.35,-7.33,-9.86,2.35,-1.77,86.07,-1.44,-0.46,20.81,-2.91,-0.09,0.024,-0.04,0.8708,1
36.6,TRAIN_M08_LADAKH_FAULT06_EGT_IMBAL,TRAIN,LADAKH,CRUISE_LOITER,5330.2,2193.5,70.1,81.31,81.28,81.29,81.26,784.61,785.11,869.81,785.24,4.32,88.51,9.25,3.0,41.1,0.775,14.07,3.08,LANE_A,20053.0,-22.0,88.8,0.15,6,18.0,-7.87,-10.4,-7.39,-9.92,2.66,-1.84,85.86,-1.71,-0.52,20.76,-2.88,-0.15,0.027,-0.03,0.8704,1
36.65,TRAIN_M08_LADAKH_FAULT06_EGT_IMBAL,TRAIN,LADAKH,CRUISE_LOITER,5324.9,2191.3,70.2,81.31,81.28,81.3,81.27,784.74,784.93,869.91,784.88,4.35,88.54,9.27,3.0,41.14,0.716,14.06,3.19,LANE_A,20052.0,-22.0,88.8,0.15,6,18.0,-7.81,-10.34,-7.32,-9.85,2.85,-1.96,86.02,-2.01,-0.48,20.85,-2.85,-0.12,-0.031,-0.04,0.8707,1
36.7,TRAIN_M08_LADAKH_FAULT06_EGT_IMBAL,TRAIN,LADAKH,CRUISE_LOITER,5323.5,2190.7,70.2,81.31,81.28,81.3,81.27,784.69,785.08,869.84,785.11,4.38,88.6,9.22,3.0,40.99,0.732,14.06,3.02,LANE_A,20051.0,-22.0,88.9,0.15,6,18.0,-7.76,-10.29,-7.27,-9.8,2.8,-1.81,85.95,-1.78,-0.45,20.94,-2.9,-0.28,-0.015,-0.04,0.8704,1
36.75,TRAIN_M08_LADAKH_FAULT06_EGT_IMBAL,TRAIN,LADAKH,CRUISE_LOITER,5326.8,2192.1,70.2,81.31,81.28,81.29,81.27,784.74,785.15,870.21,785.31,4.35,88.57,9.18,3.0,41.15,0.719,14.05,3.32,LANE_A,20050.0,-22.0,88.9,0.15,6,18.0,-7.81,-10.34,-7.33,-9.85,2.85,-1.74,86.32,-1.58,-0.48,20.87,-2.95,-0.12,-0.028,-0.05,0.8716,1
36.8,TRAIN_M08_LADAKH_FAULT06_EGT_IMBAL,TRAIN,LADAKH,CRUISE_LOITER,5330.5,2193.6,70.2,81.31,81.28,81.28,81.27,784.85,785.17,869.96,785.11,4.38,88.56,9.15,3.0,41.1,0.68,14.08,3.17,LANE_A,20049.0,-22.0,88.9,0.15,6,18.0,-7.86,-10.39,-7.39,-9.9,2.96,-1.72,86.07,-1.78,-0.46,20.82,-2.99,-0.17,-0.068,-0.02,0.8709,1
36.85,TRAIN_M08_LADAKH_FAULT06_EGT_IMBAL,TRAIN,LADAKH,CRUISE_LOITER,5324.3,2191.1,70.2,81.3,81.28,81.28,81.27,784.62,785.36,870.03,785.39,4.35,88.53,9.14,3.0,41.14,0.667,14.06,3.33,LANE_A,20048.0,-22.0,88.9,0.15,6,18.0,-7.78,-10.3,-7.3,-9.81,2.73,-1.53,86.14,-1.5,-0.48,20.86,-2.98,-0.13,-0.08,-0.04,0.8711,1
36.9,TRAIN_M08_LADAKH_FAULT06_EGT_IMBAL,TRAIN,LADAKH,CRUISE_LOITER,5316.1,2187.7,70.2,81.3,81.28,81.28,81.27,784.88,785.46,869.51,785.52,4.36,88.48,9.25,3.0,41.23,0.818,14.06,3.15,LANE_A,20047.0,-22.0,88.9,0.15,6,18.0,-7.66,-10.18,-7.18,-9.69,2.99,-1.43,85.62,-1.37,-0.47,20.91,-2.85,-0.04,0.072,-0.04,0.8694,1
36.95,TRAIN_M08_LADAKH_FAULT06_EGT_IMBAL,TRAIN,LADAKH,CRUISE_LOITER,5314.1,2186.9,70.2,81.3,81.29,81.28,81.27,784.93,785.13,869.56,785.49,4.34,88.52,9.3,3.0,41.19,0.732,14.08,2.91,LANE_A,20046.0,-22.0,88.9,0.15,6,18.0,-7.64,-10.15,-7.16,-9.67,3.04,-1.76,85.67,-1.4,-0.49,20.97,-2.8,-0.08,-0.013,-0.02,0.8695,1
37.0,TRAIN_M08_LADAKH_FAULT06_EGT_IMBAL,TRAIN,LADAKH,CRUISE_LOITER,5321.5,2189.9,70.2,81.3,81.29,81.29,81.27,784.94,784.83,869.74,784.95,4.37,88.32,9.32,3.0,41.21,0.746,14.05,3.22,LANE_A,20045.0,-22.0,88.9,0.15,6,18.0,-7.74,-10.25,-7.25,-9.77,3.05,-2.06,85.85,-1.94,-0.46,20.68,-2.8,-0.06,0.0,-0.05,0.8699,1
37.05,TRAIN_M08_LADAKH_FAULT06_EGT_IMBAL,TRAIN,LADAKH,CRUISE_LOITER,5318.0,2188.5,70.3,81.3,81.29,81.3,81.27,784.78,784.68,869.74,785.04,4.37,88.38,9.35,3.0,41.32,0.704,14.06,3.15,LANE_A,20044.0,-22.0,88.9,0.15,6,18.0,-7.7,-10.21,-7.2,-9.73,2.96,-2.14,85.92,-1.78,-0.46,20.78,-2.76,0.04,-0.042,-0.04,0.8701,1
37.1,TRAIN_M08_LADAKH_FAULT06_EGT_IMBAL,TRAIN,LADAKH,CRUISE_LOITER,5314.5,2187.1,70.3,81.3,81.29,81.3,81.27,784.73,784.75,869.7,785.33,4.37,88.22,9.37,3.0,41.4,0.754,14.06,3.52,LANE_A,20043.0,-21.9,88.9,0.15,6,18.0,-7.75,-10.26,-7.25,-9.78,2.89,-2.09,85.86,-1.51,-0.46,20.56,-2.73,0.12,0.009,-0.04,0.8698,1
37.15,TRAIN_M08_LADAKH_FAULT06_EGT_IMBAL,TRAIN,LADAKH,CRUISE_LOITER,5312.3,2186.1,70.3,81.29,81.3,81.29,81.27,784.79,784.29,869.6,784.84,4.36,88.25,9.34,3.0,41.4,0.739,14.04,3.05,LANE_A,20042.0,-21.9,88.9,0.15,6,18.0,-7.73,-10.22,-7.23,-9.75,2.95,-2.55,85.76,-2.0,-0.47,20.62,-2.76,0.11,-0.006,-0.06,0.8696,1
37.2,TRAIN_M08_LADAKH_FAULT06_EGT_IMBAL,TRAIN,LADAKH,CRUISE_LOITER,5315.7,2187.5,70.3,81.29,81.3,81.3,81.27,784.9,784.49,869.89,784.96,4.32,88.26,9.25,3.0,41.31,0.718,14.06,3.23,LANE_A,20041.0,-21.9,88.9,0.15,6,18.0,-7.78,-10.27,-7.27,-9.8,3.06,-2.35,86.05,-1.88,-0.51,20.59,-2.86,0.02,-0.028,-0.04,0.8707,1
37.25,TRAIN_M08_LADAKH_FAULT06_EGT_IMBAL,TRAIN,LADAKH,CRUISE_LOITER,5310.7,2185.5,70.3,81.29,81.29,81.3,81.27,784.92,784.59,869.72,784.86,4.38,88.27,9.27,3.0,41.39,0.76,14.07,3.23,LANE_A,20040.0,-21.9,88.9,0.15,6,18.0,-7.7,-10.2,-7.19,-9.72,3.08,-2.25,85.88,-1.98,-0.45,20.66,-2.82,0.1,0.015,-0.03,0.8699,1
37.3,TRAIN_M08_LADAKH_FAULT06_EGT_IMBAL,TRAIN,LADAKH,CRUISE_LOITER,5316.2,2187.8,70.3,81.29,81.3,81.3,81.27,784.75,784.77,869.39,784.94,4.35,88.2,9.21,3.0,41.39,0.776,14.03,3.14,LANE_A,20039.0,-21.9,88.9,0.15,6,18.0,-7.78,-10.27,-7.27,-9.8,2.91,-2.07,85.55,-1.9,-0.48,20.52,-2.9,0.1,0.03,-0.07,0.8692,1
37.35,TRAIN_M08_LADAKH_FAULT06_EGT_IMBAL,TRAIN,LADAKH,CRUISE_LOITER,5327.1,2192.2,70.3,81.3,81.3,81.31,81.27,784.74,785.34,869.69,785.1,4.42,88.17,9.28,3.0,41.31,0.749,14.05,3.31,LANE_A,20038.0,-21.9,88.9,0.15,6,18.0,-7.93,-10.43,-7.42,-9.96,2.9,-1.5,85.85,-1.74,-0.41,20.36,-2.85,0.02,0.002,-0.05,0.8699,1
37.4,TRAIN_M08_LADAKH_FAULT06_EGT_IMBAL,TRAIN,LADAKH,CRUISE_LOITER,5328.3,2192.7,70.4,81.29,81.3,81.31,81.27,784.62,785.29,869.46,784.75,4.31,88.23,9.27,3.0,41.23,0.791,14.08,3.32,LANE_A,20037.0,-21.9,88.9,0.15,6,18.0,-7.97,-10.46,-7.45,-9.99,2.85,-1.48,85.69,-2.02,-0.52,20.4,-2.87,-0.07,0.044,-0.02,0.8699,1
37.45,TRAIN_M08_LADAKH_FAULT06_EGT_IMBAL,TRAIN,LADAKH,CRUISE_LOITER,5321.3,2189.8,70.4,81.29,81.3,81.31,81.27,784.47,785.47,869.46,785.09,4.3,88.18,9.22,3.0,41.3,0.738,14.06,3.02,LANE_A,20036.0,-21.9,88.9,0.15,6,18.0,-7.87,-10.36,-7.35,-9.89,2.7,-1.3,85.69,-1.68,-0.53,20.43,-2.9,0.0,-0.008,-0.04,0.8698,1
37.5,TRAIN_M08_LADAKH_FAULT06_EGT_IMBAL,TRAIN,LADAKH,CRUISE_LOITER,5325.8,2191.7,70.4,81.29,81.3,81.31,81.27,784.69,785.22,869.6,784.89,4.38,88.09,9.32,3.0,41.24,0.707,14.08,3.25,LANE_A,20035.0,-21.9,88.9,0.15,6,18.0,-7.94,-10.43,-7.42,-9.96,2.92,-1.55,85.83,-1.88,-0.45,20.29,-2.81,-0.06,-0.04,-0.02,0.8699,1
37.55,TRAIN_M08_LADAKH_FAULT06_EGT_IMBAL,TRAIN,LADAKH,CRUISE_LOITER,5324.1,2191.0,70.4,81.29,81.3,81.31,81.27,784.64,785.45,869.48,785.1,4.33,88.21,9.27,3.0,41.46,0.763,14.06,2.95,LANE_A,20034.0,-21.9,89.0,0.15,6,18.0,-7.89,-10.38,-7.37,-9.91,2.87,-1.32,85.71,-1.67,-0.5,20.45,-2.86,0.15,0.016,-0.04,0.8698,1
37.6,TRAIN_M08_LADAKH_FAULT06_EGT_IMBAL,TRAIN,LADAKH,CRUISE_LOITER,5329.0,2193.0,70.4,81.3,81.3,81.31,81.28,784.7,785.83,869.88,785.17,4.39,88.18,9.27,3.0,41.28,0.754,14.07,3.06,LANE_A,20033.0,-21.9,89.0,0.15,6,18.0,-7.95,-10.45,-7.44,-9.97,2.93,-0.94,86.11,-1.6,-0.44,20.36,-2.87,-0.03,0.006,-0.03,0.8707,1
37.65,TRAIN_M08_LADAKH_FAULT06_EGT_IMBAL,TRAIN,LADAKH,CRUISE_LOITER,5330.8,2193.7,70.4,81.3,81.3,81.31,81.28,784.71,785.96,869.91,785.62,4.37,88.18,9.24,3.0,41.31,0.743,14.06,3.33,LANE_A,20032.0,-21.9,89.0,0.15,6,18.0,-7.97,-10.47,-7.46,-9.99,2.94,-0.81,86.14,-1.15,-0.46,20.34,-2.91,0.0,-0.005,-0.04,0.8709,1
37.7,TRAIN_M08_LADAKH_FAULT06_EGT_IMBAL,TRAIN,LADAKH,CRUISE_LOITER,5332.2,2194.3,70.4,81.3,81.3,81.31,81.28,784.66,785.93,870.23,785.74,4.38,88.34,9.27,3.0,41.3,0.743,14.05,3.31,LANE_A,20031.0,-21.9,89.0,0.15,6,18.0,-8.0,-10.5,-7.49,-10.02,2.89,-0.84,86.46,-1.03,-0.45,20.48,-2.88,-0.01,-0.005,-0.05,0.8719,1
37.75,TRAIN_M08_LADAKH_FAULT06_EGT_IMBAL,TRAIN,LADAKH,CRUISE_LOITER,5332.0,2194.2,70.5,81.3,81.3,81.31,81.29,784.71,786.19,869.87,785.38,4.39,88.29,9.19,3.0,41.31,0.767,14.06,3.27,LANE_A,20030.0,-21.9,89.0,0.15,6,18.0,-8.0,-10.5,-7.49,-10.01,3.01,-0.51,86.17,-1.32,-0.44,20.43,-2.96,-0.01,0.019,-0.04,0.8711,1
37.8,TRAIN_M08_LADAKH_FAULT06_EGT_IMBAL,TRAIN,LADAKH,CRUISE_LOITER,5328.8,2192.9,70.5,81.29,81.29,81.3,81.29,784.63,786.01,870.32,785.13,4.35,88.27,9.12,3.0,41.41,0.732,14.08,3.2,LANE_A,20029.0,-21.9,89.0,0.15,6,18.0,-7.97,-10.47,-7.46,-9.97,2.93,-0.69,86.62,-1.57,-0.48,20.44,-3.03,0.09,-0.016,-0.02,0.8724,1
37.85,TRAIN_M08_LADAKH_FAULT06_EGT_IMBAL,TRAIN,LADAKH,CRUISE_LOITER,5322.2,2190.2,70.5,81.29,81.29,81.3,81.28,784.51,785.79,869.93,784.98,4.35,88.34,9.18,3.0,41.5,0.675,14.08,3.15,LANE_A,20028.0,-21.9,89.0,0.15,6,18.0,-7.87,-10.37,-7.36,-9.88,2.81,-0.91,86.23,-1.72,-0.48,20.59,-2.95,0.18,-0.072,-0.02,0.8713,1
37.9,TRAIN_M08_LADAKH_FAULT06_EGT_IMBAL,TRAIN,LADAKH,CRUISE_LOITER,5322.2,2190.2,70.5,81.29,81.29,81.3,81.29,784.38,785.92,869.91,785.08,4.34,88.37,9.31,3.0,41.49,0.754,14.05,3.27,LANE_A,20027.0,-21.9,89.0,0.15,6,18.0,-7.87,-10.37,-7.36,-9.87,2.68,-0.78,86.21,-1.62,-0.49,20.62,-2.82,0.17,0.007,-0.05,0.8711,1
37.95,TRAIN_M08_LADAKH_FAULT06_EGT_IMBAL,TRAIN,LADAKH,CRUISE_LOITER,5324.8,2191.3,70.5,81.29,81.3,81.3,81.29,784.3,785.89,870.08,785.0,4.34,88.4,9.31,3.0,41.31,0.684,14.06,3.07,LANE_A,20026.0,-21.9,89.0,0.15,6,18.0,-7.91,-10.4,-7.4,-9.91,2.6,-0.81,86.38,-1.7,-0.49,20.62,-2.83,-0.01,-0.063,-0.04,0.8717,1
38.0,TRAIN_M08_LADAKH_FAULT06_EGT_IMBAL,TRAIN,LADAKH,CRUISE_LOITER,5322.3,2190.3,70.5,81.29,81.3,81.3,81.29,784.33,785.78,870.28,784.78,4.35,88.3,9.29,3.0,41.34,0.717,14.05,3.12,LANE_A,20025.0,-21.9,89.0,0.15,6,18.0,-7.87,-10.36,-7.36,-9.87,2.63,-0.92,86.58,-1.92,-0.48,20.55,-2.84,0.01,-0.03,-0.05,0.8721,1
38.05,TRAIN_M08_LADAKH_FAULT06_EGT_IMBAL,TRAIN,LADAKH,CRUISE_LOITER,5326.9,2192.1,70.5,81.29,81.3,81.31,81.3,784.76,785.72,870.29,784.64,4.37,88.09,9.3,3.0,41.25,0.732,14.05,3.11,LANE_A,20024.0,-21.9,89.0,0.15,6,18.0,-7.94,-10.43,-7.42,-9.93,3.06,-0.98,86.59,-2.06,-0.46,20.28,-2.85,-0.08,-0.015,-0.05,0.872,1
38.1,TRAIN_M08_LADAKH_FAULT06_EGT_IMBAL,TRAIN,LADAKH,CRUISE_LOITER,5338.4,2196.9,70.6,81.29,81.31,81.32,81.3,784.68,785.55,870.37,784.58,4.31,88.14,9.34,3.0,41.28,0.752,14.06,3.35,LANE_A,20023.0,-21.9,89.0,0.15,6,18.0,-8.12,-10.6,-7.59,-10.11,3.04,-1.09,86.73,-2.06,-0.53,20.19,-2.84,-0.06,0.003,-0.04,0.8728,1
38.15,TRAIN_M08_LADAKH_FAULT06_EGT_IMBAL,TRAIN,LADAKH,CRUISE_LOITER,5332.5,2194.4,70.6,81.3,81.31,81.32,81.31,784.75,785.57,870.22,784.44,4.38,88.15,9.41,3.0,41.14,0.77,14.07,3.1,LANE_A,20022.0,-21.9,89.0,0.15,6,18.0,-8.02,-10.51,-7.5,-10.01,3.11,-1.07,86.58,-2.2,-0.45,20.27,-2.75,-0.2,0.022,-0.03,0.872,1
38.2,TRAIN_M08_LADAKH_FAULT06_EGT_IMBAL,TRAIN,LADAKH,CRUISE_LOITER,5340.3,2197.7,70.6,81.3,81.31,81.33,81.31,785.04,785.28,870.02,784.34,4.39,88.08,9.36,3.0,41.2,0.792,14.05,3.23,LANE_A,20021.0,-21.9,89.0,0.15,6,18.0,-8.14,-10.63,-7.61,-10.13,3.4,-1.36,86.38,-2.3,-0.45,20.11,-2.82,-0.14,0.043,-0.05,0.8716,1
38.25,TRAIN_M08_LADAKH_FAULT06_EGT_IMBAL,TRAIN,LADAKH,CRUISE_LOITER,5344.1,2199.2,70.6,81.31,81.32,81.33,81.31,785.17,785.42,870.18,784.5,4.37,88.13,9.46,3.0,41.36,0.763,14.07,3.02,LANE_A,20020.0,-21.9,89.0,0.15,6,18.0,-8.19,-10.68,-7.67,-10.19,3.53,-1.22,86.54,-2.14,-0.47,20.11,-2.73,0.02,0.013,-0.03,0.8721,1
38.3,TRAIN_M08_LADAKH_FAULT06_EGT_IMBAL,TRAIN,LADAKH,CRUISE_LOITER,5345.2,2199.7,70.6,81.31,81.33,81.33,81.32,785.05,785.42,869.74,784.25,4.39,87.98,9.44,3.0,41.23,0.753,14.07,3.31,LANE_A,20019.0,-21.9,89.0,0.15,6,18.0,-8.2,-10.68,-7.68,-10.19,3.41,-1.22,86.1,-2.39,-0.45,19.95,-2.75,-0.11,0.003,-0.03,0.8708,1
38.35,TRAIN_M08_LADAKH_FAULT06_EGT_IMBAL,TRAIN,LADAKH,CRUISE_LOITER,5344.7,2199.5,70.6,81.32,81.33,81.34,81.33,785.24,785.33,869.39,784.07,4.37,88.11,9.38,3.0,41.23,0.721,14.07,3.23,LANE_A,20018.0,-21.9,89.0,0.15,6,18.0,-8.19,-10.68,-7.67,-10.18,3.6,-1.31,85.75,-2.57,-0.47,20.09,-2.81,-0.11,-0.029,-0.03,0.87,1
38.4,TRAIN_M08_LADAKH_FAULT06_EGT_IMBAL,TRAIN,LADAKH,CRUISE_LOITER,5352.7,2202.8,70.7,81.32,81.34,81.35,81.33,785.5,785.26,869.59,783.9,4.38,88.04,9.42,3.0,41.17,0.771,14.06,3.21,LANE_A,20017.0,-21.9,89.0,0.15,6,18.0,-8.31,-10.79,-7.78,-10.3,3.93,-1.31,86.02,-2.67,-0.46,19.91,-2.79,-0.18,0.02,-0.04,0.8708,1
38.45,TRAIN_M08_LADAKH_FAULT06_EGT_IMBAL,TRAIN,LADAKH,CRUISE_LOITER,5348.7,2201.1,70.7,81.33,81.34,81.35,81.33,784.87,785.23,869.49,783.85,4.41,88.11,9.29,3.0,41.26,0.712,14.08,3.1,LANE_A,20016.0,-21.9,89.0,0.15,6,18.0,-8.24,-10.73,-7.72,-10.24,3.3,-1.34,85.92,-2.72,-0.43,20.03,-2.92,-0.09,-0.039,-0.02,0.8705,1
38.5,TRAIN_M08_LADAKH_FAULT06_EGT_IMBAL,TRAIN,LADAKH,CRUISE_LOITER,5344.6,2199.4,70.7,81.33,81.34,81.35,81.33,784.68,784.91,869.68,783.64,4.38,88.13,9.27,3.0,41.36,0.733,14.03,3.06,LANE_A,20015.0,-21.9,89.0,0.15,6,18.0,-8.19,-10.68,-7.67,-10.19,3.11,-1.66,86.11,-2.93,-0.46,20.1,-2.93,0.0,-0.017,-0.07,0.871,1
38.55,TRAIN_M08_LADAKH_FAULT06_EGT_IMBAL,TRAIN,LADAKH,CRUISE_LOITER,5345.4,2199.8,70.7,81.33,81.35,81.36,81.34,784.57,784.78,869.2,783.81,4.4,88.19,9.31,3.0,41.45,0.736,14.04,2.87,LANE_A,20014.0,-21.9,89.1,0.15,6,18.0,-8.17,-10.65,-7.64,-10.16,3.0,-1.79,85.63,-2.76,-0.44,20.17,-2.89,0.09,-0.014,-0.06,0.8696,1
38.6,TRAIN_M08_LADAKH_FAULT06_EGT_IMBAL,TRAIN,LADAKH,CRUISE_LOITER,5343.0,2198.8,70.7,81.33,81.35,81.36,81.34,784.46,784.99,869.51,784.31,4.38,88.09,9.22,3.0,41.34,0.74,14.1,3.13,LANE_A,20013.0,-21.9,89.1,0.15,6,18.0,-8.14,-10.62,-7.61,-10.13,2.89,-1.58,85.94,-2.26,-0.46,20.1,-2.97,-0.02,-0.01,0.0,0.8705,1
38.65,TRAIN_M08_LADAKH_FAULT06_EGT_IMBAL,TRAIN,LADAKH,CRUISE_LOITER,5339.3,2197.2,70.7,81.33,81.35,81.36,81.34,784.9,785.17,869.31,784.54,4.39,88.13,9.31,3.0,41.38,0.725,14.05,3.29,LANE_A,20012.0,-21.9,89.1,0.15,6,18.0,-8.08,-10.56,-7.55,-10.07,3.33,-1.4,85.74,-2.03,-0.45,20.18,-2.88,0.02,-0.024,-0.05,0.8698,1
38.7,TRAIN_M08_LADAKH_FAULT06_EGT_IMBAL,TRAIN,LADAKH,CRUISE_LOITER,5336.4,2196.0,70.8,81.33,81.35,81.36,81.34,784.63,784.91,869.42,784.48,4.38,88.11,9.38,3.0,41.33,0.793,14.07,3.1,LANE_A,20011.0,-21.9,89.1,0.15,6,18.0,-8.05,-10.53,-7.52,-10.04,3.13,-1.59,85.92,-2.02,-0.46,20.19,-2.8,-0.04,0.044,-0.03,0.8702,1
38.75,TRAIN_M08_LADAKH_FAULT06_EGT_IMBAL,TRAIN,LADAKH,CRUISE_LOITER,5333.6,2194.9,70.8,81.33,81.35,81.36,81.34,784.63,784.77,869.04,784.58,4.41,88.02,9.26,3.0,41.37,0.762,14.09,3.25,LANE_A,20010.0,-21.9,89.1,0.15,6,18.0,-8.01,-10.49,-7.48,-10.0,3.13,-1.73,85.54,-1.92,-0.43,20.13,-2.92,0.0,0.014,-0.01,0.8691,1
38.8,TRAIN_M08_LADAKH_FAULT06_EGT_IMBAL,TRAIN,LADAKH,CRUISE_LOITER,5332.4,2194.4,70.8,81.34,81.35,81.36,81.34,784.48,784.66,869.09,784.89,4.41,88.03,9.23,3.0,41.33,0.764,14.04,3.19,LANE_A,20009.0,-21.9,89.1,0.15,6,18.0,-7.98,-10.47,-7.46,-9.98,2.98,-1.84,85.59,-1.61,-0.42,20.15,-2.94,-0.04,0.016,-0.06,0.8692,1
38.85,TRAIN_M08_LADAKH_FAULT06_EGT_IMBAL,TRAIN,LADAKH,CRUISE_LOITER,5331.7,2194.1,70.8,81.34,81.35,81.36,81.34,784.46,784.23,869.14,784.92,4.37,87.96,9.21,3.0,41.42,0.791,14.06,3.31,LANE_A,20008.0,-21.9,89.1,0.15,6,18.0,-7.97,-10.46,-7.45,-9.97,2.96,-2.27,85.64,-1.58,-0.46,20.09,-2.96,0.05,0.043,-0.04,0.8694,1
38.9,TRAIN_M08_LADAKH_FAULT06_EGT_IMBAL,TRAIN,LADAKH,CRUISE_LOITER,5330.2,2193.5,70.8,81.34,81.35,81.36,81.34,784.38,783.94,869.39,784.91,4.35,88.04,9.26,3.0,41.32,0.69,14.06,2.98,LANE_A,20007.0,-21.9,89.1,0.15,6,18.0,-7.95,-10.44,-7.43,-9.95,2.88,-2.56,85.89,-1.59,-0.48,20.19,-2.91,-0.05,-0.058,-0.04,0.8702,1
38.95,TRAIN_M08_LADAKH_FAULT06_EGT_IMBAL,TRAIN,LADAKH,CRUISE_LOITER,5329.7,2193.3,70.8,81.34,81.35,81.36,81.34,784.55,784.04,869.32,784.81,4.36,88.07,9.31,3.0,41.24,0.814,14.05,3.48,LANE_A,20006.0,-21.9,89.1,0.15,6,18.0,-7.94,-10.43,-7.42,-9.94,3.05,-2.46,85.82,-1.69,-0.47,20.22,-2.86,-0.14,0.066,-0.05,0.8699,1
39.0,TRAIN_M08_LADAKH_FAULT06_EGT_IMBAL,TRAIN,LADAKH,DESCENT_RECOVERY,5331.0,2193.8,68.7,81.36,81.37,81.38,81.35,784.92,784.28,869.85,784.97,4.42,88.18,9.24,3.0,41.14,0.688,14.07,3.14,LANE_A,20000.0,-21.9,80.0,0.15,6,18.0,-10.27,-12.76,-9.75,-12.28,2.07,-3.57,85.0,-2.88,-0.39,18.45,-2.87,-0.08,-0.06,-0.03,0.8702,1
39.05,TRAIN_M08_LADAKH_FAULT06_EGT_IMBAL,TRAIN,LADAKH,DESCENT_RECOVERY,5329.3,2193.1,66.9,81.36,81.38,81.39,81.36,785.17,784.65,870.58,785.39,4.37,88.12,9.08,3.0,41.11,0.738,14.03,2.95,LANE_A,19993.0,-21.8,80.0,0.15,6,18.0,-10.17,-12.65,-9.64,-12.17,1.26,-4.26,84.67,-3.52,-0.44,18.45,-2.98,0.02,-0.01,-0.07,0.8693,1
39.1,TRAIN_M08_LADAKH_FAULT06_EGT_IMBAL,TRAIN,LADAKH,DESCENT_RECOVERY,5313.2,2186.5,65.3,81.37,81.39,81.39,81.37,785.61,785.29,871.09,785.74,4.35,88.08,9.0,3.0,41.2,0.789,14.09,2.78,LANE_A,19987.0,-21.8,80.0,0.15,6,18.0,-9.77,-12.25,-9.25,-11.77,0.85,-4.47,84.33,-4.02,-0.45,18.73,-2.98,0.22,0.044,-0.01,0.8679,1
39.15,TRAIN_M08_LADAKH_FAULT06_EGT_IMBAL,TRAIN,LADAKH,DESCENT_RECOVERY,5305.3,2183.3,64.0,81.37,81.39,81.4,81.37,786.18,785.49,870.97,786.19,4.36,88.24,8.9,3.0,41.06,0.73,14.08,3.29,LANE_A,19980.0,-21.8,80.0,0.15,6,18.0,-9.54,-12.02,-9.01,-11.54,0.78,-4.91,83.57,-4.21,-0.44,19.07,-3.03,0.17,-0.014,-0.02,0.8655,1
39.2,TRAIN_M08_LADAKH_FAULT06_EGT_IMBAL,TRAIN,LADAKH,DESCENT_RECOVERY,5295.1,2179.1,62.9,81.37,81.39,81.4,81.38,786.61,785.74,871.13,786.58,4.4,88.18,8.79,3.0,40.94,0.751,14.07,3.19,LANE_A,19973.0,-21.8,80.0,0.15,6,18.0,-9.29,-11.77,-8.76,-11.28,0.72,-5.15,83.24,-4.31,-0.4,19.21,-3.09,0.13,0.008,-0.03,0.8642,1
39.25,TRAIN_M08_LADAKH_FAULT06_EGT_IMBAL,TRAIN,LADAKH,DESCENT_RECOVERY,5280.4,2173.0,61.9,81.37,81.39,81.4,81.38,787.03,786.26,871.83,787.09,4.35,88.2,8.56,3.0,40.91,0.766,14.07,3.34,LANE_A,19967.0,-21.8,80.0,0.15,6,18.0,-8.98,-11.46,-8.45,-10.97,0.72,-5.05,83.52,-4.22,-0.45,19.48,-3.26,0.17,0.026,-0.03,0.8649,1
39.3,TRAIN_M08_LADAKH_FAULT06_EGT_IMBAL,TRAIN,LADAKH,DESCENT_RECOVERY,5266.8,2167.4,61.0,81.37,81.38,81.39,81.37,787.84,786.98,872.57,787.8,4.36,88.28,8.42,3.0,40.93,0.743,14.08,3.08,LANE_A,19960.0,-21.8,80.0,0.15,6,18.0,-8.7,-11.19,-8.18,-10.7,1.18,-4.68,83.91,-3.86,-0.44,19.78,-3.35,0.25,0.005,-0.02,0.8658,1
39.35,TRAIN_M08_LADAKH_FAULT06_EGT_IMBAL,TRAIN,LADAKH,DESCENT_RECOVERY,5254.9,2162.5,60.3,81.35,81.37,81.38,81.36,788.24,787.34,873.09,788.4,4.33,88.24,8.26,3.0,40.94,0.704,14.08,3.29,LANE_A,19953.0,-21.8,80.0,0.15,6,18.0,-8.49,-10.97,-7.96,-10.48,1.33,-4.57,84.18,-3.51,-0.46,19.93,-3.47,0.31,-0.033,-0.02,0.8665,1
39.4,TRAIN_M08_LADAKH_FAULT06_EGT_IMBAL,TRAIN,LADAKH,DESCENT_RECOVERY,5243.7,2157.9,59.7,81.33,81.36,81.36,81.34,788.76,787.83,873.34,788.92,4.31,88.22,8.13,3.0,40.86,0.709,14.07,3.2,LANE_A,19947.0,-21.7,80.0,0.15,6,18.0,-8.39,-10.86,-7.86,-10.38,1.63,-4.3,84.21,-3.21,-0.48,19.98,-3.56,0.27,-0.026,-0.03,0.8666,1
39.45,TRAIN_M08_LADAKH_FAULT06_EGT_IMBAL,TRAIN,LADAKH,DESCENT_RECOVERY,5231.8,2153.0,59.2,81.31,81.34,81.33,81.31,788.81,788.05,873.39,789.32,4.34,88.28,7.97,3.0,40.72,0.737,14.07,3.36,LANE_A,19940.0,-21.7,80.0,0.15,6,18.0,-8.19,-10.66,-7.67,-10.19,1.52,-4.24,84.1,-2.97,-0.45,20.22,-3.68,0.16,0.004,-0.03,0.8661,1
39.5,TRAIN_M08_LADAKH_FAULT06_EGT_IMBAL,TRAIN,LADAKH,DESCENT_RECOVERY,5225.8,2150.6,58.7,81.3,81.32,81.3,81.28,789.04,788.59,873.75,789.73,4.32,88.19,7.96,3.0,40.6,0.72,14.07,3.26,LANE_A,19933.0,-21.7,80.0,0.15,6,18.0,-8.08,-10.56,-7.58,-10.1,1.59,-3.86,84.3,-2.72,-0.46,20.23,-3.67,0.07,-0.012,-0.03,0.8666,1
39.55,TRAIN_M08_LADAKH_FAULT06_EGT_IMBAL,TRAIN,LADAKH,DESCENT_RECOVERY,5209.2,2143.7,58.3,81.28,81.31,81.28,81.27,789.24,788.87,874.12,789.72,4.31,88.05,7.85,3.0,40.5,0.743,14.07,2.95,LANE_A,19927.0,-21.7,80.0,0.15,6,18.0,-7.82,-10.29,-7.32,-9.83,1.68,-3.69,84.56,-2.84,-0.47,20.31,-3.73,0.0,0.013,-0.03,0.8671,1
39.6,TRAIN_M08_LADAKH_FAULT06_EGT_IMBAL,TRAIN,LADAKH,DESCENT_RECOVERY,5193.1,2137.1,58.0,81.26,81.28,81.26,81.24,789.56,789.3,874.25,789.72,4.25,88.15,7.73,3.0,40.62,0.702,14.07,3.15,LANE_A,19920.0,-21.7,80.0,0.15,6,18.0,-7.59,-10.07,-7.09,-9.61,1.91,-3.35,84.6,-2.93,-0.53,20.61,-3.81,0.13,-0.026,-0.03,0.8673,1
39.65,TRAIN_M08_LADAKH_FAULT06_EGT_IMBAL,TRAIN,LADAKH,DESCENT_RECOVERY,5181.9,2132.5,57.7,81.24,81.25,81.23,81.21,789.96,789.24,874.3,790.0,4.28,88.35,7.77,3.0,40.76,0.736,14.06,3.08,LANE_A,19913.0,-21.7,80.0,0.15,6,18.0,-7.42,-9.91,-6.93,-9.45,2.23,-3.49,84.57,-2.73,-0.49,20.96,-3.74,0.29,0.01,-0.04,0.867,1
39.7,TRAIN_M08_LADAKH_FAULT06_EGT_IMBAL,TRAIN,LADAKH,DESCENT_RECOVERY,5169.6,2127.4,57.5,81.21,81.22,81.19,81.18,790.12,789.68,874.39,790.01,4.27,88.33,7.61,3.0,40.58,0.724,14.06,3.26,LANE_A,19907.0,-21.7,80.0,0.15,6,18.0,-7.26,-9.75,-6.78,-9.29,2.34,-3.1,84.61,-2.77,-0.5,21.1,-3.87,0.12,0.0,-0.04,0.8671,1
39.75,TRAIN_M08_LADAKH_FAULT06_EGT_IMBAL,TRAIN,LADAKH,DESCENT_RECOVERY,5159.4,2123.2,57.3,81.18,81.19,81.16,81.15,790.23,789.94,874.36,790.16,4.28,88.25,7.57,3.0,40.53,0.747,14.09,3.43,LANE_A,19900.0,-21.7,80.0,0.15,6,18.0,-7.13,-9.62,-6.65,-9.16,2.4,-2.89,84.53,-2.67,-0.49,21.14,-3.89,0.07,0.024,-0.01,0.8668,1
39.8,TRAIN_M08_LADAKH_FAULT06_EGT_IMBAL,TRAIN,LADAKH,DESCENT_RECOVERY,5155.5,2121.6,57.1,81.14,81.16,81.12,81.11,790.39,790.06,874.63,789.8,4.28,88.32,7.4,3.0,40.51,0.671,14.03,3.35,LANE_A,19893.0,-21.6,80.0,0.15,6,18.0,-7.19,-9.67,-6.71,-9.22,2.5,-2.83,84.74,-3.09,-0.48,21.17,-4.05,0.06,-0.051,-0.07,0.8676,1
39.85,TRAIN_M08_LADAKH_FAULT06_EGT_IMBAL,TRAIN,LADAKH,DESCENT_RECOVERY,5141.9,2116.0,56.9,81.1,81.12,81.09,81.08,790.74,789.73,874.77,790.2,4.31,88.23,7.39,3.0,40.67,0.725,14.07,3.24,LANE_A,19887.0,-21.6,80.0,0.15,6,18.0,-7.02,-9.5,-6.53,-9.04,2.8,-3.21,84.83,-2.74,-0.45,21.25,-4.02,0.23,0.005,-0.03,0.8675,1
39.9,TRAIN_M08_LADAKH_FAULT06_EGT_IMBAL,TRAIN,LADAKH,DESCENT_RECOVERY,5138.3,2114.5,56.8,81.07,81.08,81.05,81.04,790.64,789.72,874.73,790.05,4.27,88.25,7.4,3.0,40.59,0.756,14.06,3.21,LANE_A,19880.0,-21.6,80.0,0.15,6,18.0,-7.0,-9.49,-6.52,-9.03,2.68,-3.24,84.77,-2.91,-0.49,21.32,-4.01,0.15,0.036,-0.04,0.8675,1
39.95,TRAIN_M08_LADAKH_FAULT06_EGT_IMBAL,TRAIN,LADAKH,DESCENT_RECOVERY,5129.0,2110.7,56.7,81.03,81.05,81.02,81.01,791.07,789.83,874.88,790.02,4.26,88.25,7.49,3.0,40.56,0.635,14.07,3.55,LANE_A,19873.0,-21.6,80.0,0.15,6,18.0,-6.9,-9.38,-6.41,-8.92,3.08,-3.16,84.89,-2.97,-0.5,21.43,-3.9,0.12,-0.083,-0.03,0.8677,1
40.0,TRAIN_M08_LADAKH_FAULT06_EGT_IMBAL,TRAIN,LADAKH,DESCENT_RECOVERY,5124.4,2108.8,56.6,81.0,81.01,80.99,80.98,791.18,789.95,875.05,790.11,4.24,88.12,7.42,3.0,40.45,0.724,14.08,3.01,LANE_A,19867.0,-21.6,80.0,0.15,6,18.0,-6.86,-9.35,-6.37,-8.88,3.17,-3.06,85.04,-2.9,-0.52,21.35,-3.96,0.01,0.006,-0.02,0.8681,1
40.05,TRAIN_M08_LADAKH_FAULT06_EGT_IMBAL,TRAIN,LADAKH,DESCENT_RECOVERY,5121.7,2107.7,56.5,80.96,80.97,80.95,80.94,791.16,789.71,875.05,790.39,4.27,88.04,7.36,3.0,40.42,0.69,14.07,3.19,LANE_A,19860.0,-21.6,80.0,0.15,6,18.0,-6.85,-9.34,-6.36,-8.87,3.13,-3.32,85.02,-2.64,-0.49,21.31,-4.01,-0.02,-0.027,-0.03,0.868,1
40.1,TRAIN_M08_LADAKH_FAULT06_EGT_IMBAL,TRAIN,LADAKH,DESCENT_RECOVERY,5115.1,2105.0,56.4,80.93,80.94,80.92,80.91,790.94,790.11,875.52,790.53,4.3,88.26,7.29,3.0,40.41,0.692,14.09,3.32,LANE_A,19853.0,-21.6,80.0,0.15,6,18.0,-6.79,-9.28,-6.3,-8.81,2.89,-2.94,85.47,-2.52,-0.45,21.61,-4.07,-0.03,-0.024,-0.01,0.8693,1
40.15,TRAIN_M08_LADAKH_FAULT06_EGT_IMBAL,TRAIN,LADAKH,DESCENT_RECOVERY,5119.6,2106.8,56.4,80.89,80.9,80.88,80.87,791.2,790.37,875.31,790.76,4.3,88.18,7.22,3.0,40.35,0.684,14.05,3.12,LANE_A,19847.0,-21.5,80.0,0.15,6,18.0,-6.99,-9.48,-6.5,-9.01,3.13,-2.7,85.24,-2.31,-0.45,21.38,-4.15,-0.1,-0.033,-0.05,0.8689,1
40.2,TRAIN_M08_LADAKH_FAULT06_EGT_IMBAL,TRAIN,LADAKH,DESCENT_RECOVERY,5119.7,2106.9,56.3,80.86,80.86,80.84,80.83,790.83,790.56,875.31,791.06,4.26,88.2,7.19,3.0,40.38,0.762,14.09,3.32,LANE_A,19840.0,-21.5,80.0,0.15,6,18.0,-7.02,-9.52,-6.54,-9.05,2.74,-2.53,85.22,-2.03,-0.49,21.4,-4.18,-0.07,0.045,-0.01,0.869,1
40.25,TRAIN_M08_LADAKH_FAULT06_EGT_IMBAL,TRAIN,LADAKH,DESCENT_RECOVERY,5113.5,2104.3,56.3,80.83,80.82,80.81,80.79,790.91,790.7,875.22,790.99,4.29,88.19,7.19,3.0,40.37,0.704,14.07,3.24,LANE_A,19833.0,-21.5,80.0,0.15,6,18.0,-6.96,-9.47,-6.48,-9.0,2.82,-2.39,85.13,-2.1,-0.46,21.46,-4.17,-0.09,-0.012,-0.03,0.8686,1
40.3,TRAIN_M08_LADAKH_FAULT06_EGT_IMBAL,TRAIN,LADAKH,DESCENT_RECOVERY,5110.3,2103.0,56.2,80.79,80.78,80.77,80.75,790.99,790.9,875.37,790.95,4.25,88.15,7.26,3.0,40.54,0.791,14.08,3.08,LANE_A,19827.0,-21.5,80.0,0.15,6,18.0,-6.95,-9.46,-6.47,-8.99,2.88,-2.21,85.26,-2.16,-0.5,21.46,-4.09,0.09,0.075,-0.02,0.869,1
40.35,TRAIN_M08_LADAKH_FAULT06_EGT_IMBAL,TRAIN,LADAKH,DESCENT_RECOVERY,5111.0,2103.3,56.2,80.75,80.75,80.72,80.72,790.81,790.98,875.6,791.18,4.3,88.19,7.3,3.0,40.4,0.736,14.1,3.22,LANE_A,19820.0,-21.5,80.0,0.15,6,18.0,-7.0,-9.5,-6.53,-9.03,2.7,-2.13,85.49,-1.93,-0.45,21.49,-4.06,-0.06,0.02,0.0,0.8695,1
40.4,TRAIN_M08_LADAKH_FAULT06_EGT_IMBAL,TRAIN,LADAKH,DESCENT_RECOVERY,5104.4,2100.6,56.2,80.72,80.71,80.69,80.68,790.66,791.15,875.7,791.64,4.31,88.24,7.26,3.0,40.41,0.732,14.07,3.12,LANE_A,19813.0,-21.5,80.0,0.15,6,18.0,-6.94,-9.45,-6.47,-8.98,2.55,-1.96,85.59,-1.47,-0.44,21.61,-4.08,-0.06,0.017,-0.03,0.8698,1
40.45,TRAIN_M08_LADAKH_FAULT06_EGT_IMBAL,TRAIN,LADAKH,DESCENT_RECOVERY,5108.3,2102.2,56.1,80.68,80.67,80.66,80.65,790.88,791.43,875.69,791.48,4.33,88.28,7.28,3.0,40.48,0.739,14.08,3.29,LANE_A,19807.0,-21.5,80.0,0.15,6,18.0,-7.04,-9.55,-6.56,-9.07,2.75,-1.7,85.56,-1.65,-0.42,21.61,-4.07,0.01,0.024,-0.02,0.8698,1
40.5,TRAIN_M08_LADAKH_FAULT06_EGT_IMBAL,TRAIN,LADAKH,DESCENT_RECOVERY,5104.3,2100.5,56.1,80.65,80.64,80.63,80.61,791.4,791.46,875.54,791.31,4.29,88.22,7.26,3.0,40.6,0.744,14.07,3.4,LANE_A,19800.0,-21.5,80.0,0.15,6,18.0,-7.01,-9.52,-6.53,-9.05,3.27,-1.67,85.41,-1.82,-0.46,21.59,-4.09,0.12,0.029,-0.03,0.8694,1
40.55,TRAIN_M08_LADAKH_FAULT06_EGT_IMBAL,TRAIN,LADAKH,DESCENT_RECOVERY,5103.9,2100.4,56.1,80.62,80.6,80.6,80.57,791.55,791.47,875.65,791.33,4.26,88.16,7.23,3.0,40.53,0.69,14.06,3.35,LANE_A,19793.0,-21.4,80.0,0.15,6,18.0,-7.13,-9.65,-6.65,-9.18,3.4,-1.68,85.5,-1.82,-0.49,21.44,-4.12,0.04,-0.025,-0.04,0.8699,1
40.6,TRAIN_M08_LADAKH_FAULT06_EGT_IMBAL,TRAIN,LADAKH,DESCENT_RECOVERY,5097.2,2097.6,56.1,80.58,80.57,80.56,80.53,791.13,791.53,875.74,791.45,4.31,88.1,7.21,3.0,40.59,0.767,14.1,3.33,LANE_A,19787.0,-21.4,80.0,0.15,6,18.0,-7.08,-9.59,-6.6,-9.13,2.98,-1.62,85.59,-1.7,-0.43,21.45,-4.12,0.1,0.053,0.0,0.8699,1
40.65,TRAIN_M08_LADAKH_FAULT06_EGT_IMBAL,TRAIN,LADAKH,DESCENT_RECOVERY,5098.7,2098.2,56.1,80.54,80.53,80.53,80.5,791.0,791.26,875.64,791.27,4.26,88.06,7.15,3.0,40.64,0.704,14.08,3.25,LANE_A,19780.0,-21.4,80.0,0.15,6,18.0,-7.15,-9.66,-6.66,-9.19,2.85,-1.89,85.49,-1.88,-0.49,21.39,-4.19,0.14,-0.01,-0.02,0.8699,1
40.7,TRAIN_M08_LADAKH_FAULT06_EGT_IMBAL,TRAIN,LADAKH,DESCENT_RECOVERY,5100.3,2098.9,56.1,80.5,80.49,80.49,80.46,791.17,790.98,875.44,791.23,4.3,88.05,7.13,3.0,40.52,0.706,14.07,3.15,LANE_A,19773.0,-21.4,80.0,0.15,6,18.0,-7.21,-9.72,-6.72,-9.25,3.02,-2.17,85.29,-1.92,-0.45,21.36,-4.22,0.01,-0.008,-0.03,0.8694,1
40.75,TRAIN_M08_LADAKH_FAULT06_EGT_IMBAL,TRAIN,LADAKH,DESCENT_RECOVERY,5096.0,2097.1,56.1,80.46,80.45,80.45,80.42,791.14,791.18,875.02,790.81,4.23,87.99,7.04,3.0,40.55,0.713,14.06,3.24,LANE_A,19767.0,-21.4,80.0,0.15,6,18.0,-7.2,-9.71,-6.71,-9.24,2.99,-1.97,84.87,-2.34,-0.51,21.35,-4.3,0.03,-0.001,-0.04,0.8685,1
40.8,TRAIN_M08_LADAKH_FAULT06_EGT_IMBAL,TRAIN,LADAKH,DESCENT_RECOVERY,5094.4,2096.5,56.0,80.42,80.41,80.41,80.38,791.38,791.01,875.16,790.93,4.31,87.96,6.97,3.0,40.5,0.74,14.08,3.22,LANE_A,19760.0,-21.4,80.0,0.15,6,18.0,-7.21,-9.72,-6.72,-9.25,3.21,-2.16,84.99,-2.24,-0.43,21.34,-4.37,-0.02,0.027,-0.02,0.8686,1
40.85,TRAIN_M08_LADAKH_FAULT06_EGT_IMBAL,TRAIN,LADAKH,DESCENT_RECOVERY,5093.2,2096.0,56.0,80.38,80.37,80.37,80.34,791.1,790.96,875.22,791.34,4.29,87.84,6.99,3.0,40.52,0.709,14.09,3.01,LANE_A,19753.0,-21.4,80.0,0.15,6,18.0,-7.24,-9.75,-6.75,-9.28,2.93,-2.21,85.05,-1.83,-0.45,21.23,-4.35,-0.01,-0.004,-0.01,0.8688,1
40.9,TRAIN_M08_LADAKH_FAULT06_EGT_IMBAL,TRAIN,LADAKH,DESCENT_RECOVERY,5093.1,2095.9,56.0,80.34,80.33,80.33,80.3,791.07,790.65,875.07,791.44,4.31,87.78,7.03,3.0,40.53,0.68,14.07,3.26,LANE_A,19747.0,-21.4,80.0,0.15,6,18.0,-7.28,-9.79,-6.79,-9.32,2.9,-2.52,84.9,-1.73,-0.43,21.17,-4.31,0.0,-0.033,-0.03,0.8683,1
40.95,TRAIN_M08_LADAKH_FAULT06_EGT_IMBAL,TRAIN,LADAKH,DESCENT_RECOVERY,5089.9,2094.6,56.0,80.31,80.29,80.3,80.26,790.83,790.68,874.94,791.25,4.28,87.85,7.14,3.0,40.45,0.671,14.08,2.83,LANE_A,19740.0,-21.3,80.0,0.15,6,18.0,-7.36,-9.88,-6.87,-9.41,2.64,-2.51,84.75,-1.94,-0.46,21.17,-4.19,-0.09,-0.042,-0.02,0.868,1
41.0,TRAIN_M08_LADAKH_FAULT06_EGT_IMBAL,TRAIN,LADAKH,DESCENT_RECOVERY,5089.8,2094.6,56.0,80.27,80.26,80.26,80.22,791.17,790.77,874.96,791.16,4.32,87.8,7.15,3.0,40.28,0.714,14.09,3.08,LANE_A,19733.0,-21.3,80.0,0.15,6,18.0,-7.4,-9.91,-6.91,-9.45,2.98,-2.42,84.77,-2.03,-0.42,21.12,-4.19,-0.27,0.001,-0.01,0.8679,1
41.05,TRAIN_M08_LADAKH_FAULT06_EGT_IMBAL,TRAIN,LADAKH,DESCENT_RECOVERY,5088.9,2094.2,56.0,80.23,80.22,80.22,80.19,791.03,790.82,875.1,791.21,4.27,87.8,7.15,3.0,40.37,0.661,14.07,3.06,LANE_A,19727.0,-21.3,80.0,0.15,6,18.0,-7.43,-9.94,-6.94,-9.47,2.84,-2.37,84.91,-1.98,-0.47,21.13,-4.19,-0.19,-0.052,-0.03,0.8685,1
41.1,TRAIN_M08_LADAKH_FAULT06_EGT_IMBAL,TRAIN,LADAKH,DESCENT_RECOVERY,5086.8,2093.3,56.0,80.2,80.19,80.18,80.16,790.97,791.0,875.27,790.89,4.31,87.74,7.12,3.0,40.51,0.684,14.09,3.31,LANE_A,19720.0,-21.3,80.0,0.15,6,18.0,-7.44,-9.95,-6.96,-9.48,2.78,-2.19,85.08,-2.3,-0.43,21.09,-4.21,-0.06,-0.028,-0.01,0.8689,1
41.15,TRAIN_M08_LADAKH_FAULT06_EGT_IMBAL,TRAIN,LADAKH,DESCENT_RECOVERY,5085.9,2093.0,56.0,80.17,80.16,80.15,80.12,791.26,791.48,875.64,790.94,4.27,87.74,7.28,3.0,40.75,0.704,14.08,3.33,LANE_A,19713.0,-21.3,80.0,0.15,6,18.0,-7.46,-9.97,-6.98,-9.51,3.07,-1.71,85.45,-2.25,-0.47,21.1,-4.06,0.18,-0.008,-0.02,0.8699,1
41.2,TRAIN_M08_LADAKH_FAULT06_EGT_IMBAL,TRAIN,LADAKH,DESCENT_RECOVERY,5088.1,2093.9,56.0,80.14,80.13,80.12,80.1,791.22,791.45,875.87,790.93,4.3,87.71,7.27,3.0,40.68,0.722,14.08,3.24,LANE_A,19707.0,-21.3,80.0,0.15,6,18.0,-7.52,-10.03,-7.04,-9.56,3.03,-1.74,85.68,-2.26,-0.44,21.04,-4.07,0.1,0.01,-0.02,0.8705,1
41.25,TRAIN_M08_LADAKH_FAULT06_EGT_IMBAL,TRAIN,LADAKH,DESCENT_RECOVERY,5089.8,2094.6,56.0,80.11,80.1,80.09,80.06,791.37,791.63,875.47,790.99,4.34,87.76,7.23,3.0,40.73,0.747,14.09,3.4,LANE_A,19700.0,-21.3,80.0,0.15,6,18.0,-7.58,-10.09,-7.1,-9.63,3.18,-1.56,85.28,-2.2,-0.4,21.07,-4.12,0.14,0.034,-0.01,0.8694,1
41.3,TRAIN_M08_LADAKH_FAULT06_EGT_IMBAL,TRAIN,LADAKH,DESCENT_RECOVERY,5082.0,2091.4,56.0,80.08,80.06,80.06,80.04,791.34,791.55,875.64,791.06,4.3,87.73,7.17,3.0,40.72,0.738,14.09,3.26,LANE_A,19693.0,-21.3,80.0,0.15,6,18.0,-7.5,-10.02,-7.02,-9.54,3.15,-1.64,85.45,-2.13,-0.44,21.12,-4.17,0.12,0.026,-0.01,0.87,1
41.35,TRAIN_M08_LADAKH_FAULT06_EGT_IMBAL,TRAIN,LADAKH,DESCENT_RECOVERY,5076.6,2089.1,56.0,80.04,80.03,80.02,80.0,791.38,791.37,875.8,791.21,4.25,87.81,7.01,3.0,40.6,0.714,14.08,3.15,LANE_A,19687.0,-21.2,80.0,0.15,6,18.0,-7.56,-10.07,-7.08,-9.6,3.18,-1.83,85.6,-1.99,-0.49,21.17,-4.31,-0.01,0.003,-0.02,0.8708,1
41.4,TRAIN_M08_LADAKH_FAULT06_EGT_IMBAL,TRAIN,LADAKH,DESCENT_RECOVERY,5077.3,2089.4,56.0,80.01,79.99,79.99,79.97,791.3,791.46,876.07,791.11,4.29,87.82,7.09,3.0,40.68,0.702,14.09,3.06,LANE_A,19680.0,-21.2,80.0,0.15,6,18.0,-7.61,-10.13,-7.13,-9.65,3.1,-1.74,85.87,-2.09,-0.45,21.17,-4.24,0.07,-0.009,-0.01,0.8714,1
41.45,TRAIN_M08_LADAKH_FAULT06_EGT_IMBAL,TRAIN,LADAKH,DESCENT_RECOVERY,5079.8,2090.5,56.0,79.98,79.95,79.96,79.94,791.26,791.6,875.91,791.41,4.34,87.81,7.13,3.0,40.67,0.732,14.06,3.28,LANE_A,19673.0,-21.2,80.0,0.15,6,18.0,-7.68,-10.21,-7.2,-9.72,3.06,-1.6,85.71,-1.79,-0.4,21.12,-4.21,0.05,0.021,-0.04,0.8709,1
41.5,TRAIN_M08_LADAKH_FAULT06_EGT_IMBAL,TRAIN,LADAKH,DESCENT_RECOVERY,5082.9,2091.7,56.0,79.94,79.92,79.92,79.91,791.17,791.74,875.88,791.21,4.27,87.77,7.15,3.0,40.66,0.753,14.05,3.16,LANE_A,19667.0,-21.2,80.0,0.15,6,18.0,-7.77,-10.29,-7.29,-9.8,2.97,-1.46,85.68,-1.99,-0.47,21.04,-4.2,0.03,0.041,-0.05,0.8711,1
41.55,TRAIN_M08_LADAKH_FAULT06_EGT_IMBAL,TRAIN,LADAKH,DESCENT_RECOVERY,5087.6,2093.7,56.0,79.91,79.89,79.89,79.88,791.12,792.05,876.24,791.01,4.28,87.8,7.21,3.0,40.67,0.703,14.08,3.21,LANE_A,19660.0,-21.2,80.0,0.15,6,18.0,-7.87,-10.39,-7.39,-9.9,2.92,-1.15,86.04,-2.19,-0.46,21.02,-4.15,0.03,-0.009,-0.02,0.8721,1
41.6,TRAIN_M08_LADAKH_FAULT06_EGT_IMBAL,TRAIN,LADAKH,DESCENT_RECOVERY,5086.5,2093.2,56.0,79.88,79.87,79.86,79.85,790.61,791.76,876.31,790.89,4.31,87.78,7.22,3.0,40.57,0.742,14.05,3.14,LANE_A,19653.0,-21.2,80.0,0.15,6,18.0,-7.89,-10.4,-7.41,-9.92,2.41,-1.44,86.11,-2.31,-0.43,21.01,-4.14,-0.08,0.03,-0.05,0.8722,1
41.65,TRAIN_M08_LADAKH_FAULT06_EGT_IMBAL,TRAIN,LADAKH,DESCENT_RECOVERY,5084.0,2092.2,56.0,79.85,79.83,79.83,79.82,790.83,791.82,876.13,790.83,4.28,87.6,7.09,3.0,40.64,0.653,14.07,3.18,LANE_A,19647.0,-21.2,80.0,0.15,6,18.0,-7.88,-10.4,-7.4,-9.91,2.63,-1.38,85.93,-2.37,-0.46,20.85,-4.27,-0.01,-0.059,-0.03,0.8718,1
41.7,TRAIN_M08_LADAKH_FAULT06_EGT_IMBAL,TRAIN,LADAKH,DESCENT_RECOVERY,5087.8,2093.8,56.0,79.82,79.81,79.8,79.79,790.78,791.8,875.92,790.76,4.28,87.65,7.1,3.0,40.77,0.697,14.07,3.41,LANE_A,19640.0,-21.2,80.0,0.15,6,18.0,-7.97,-10.48,-7.49,-10.0,2.58,-1.4,85.72,-2.44,-0.46,20.86,-4.27,0.11,-0.015,-0.03,0.8714,1
41.75,TRAIN_M08_LADAKH_FAULT06_EGT_IMBAL,TRAIN,LADAKH,DESCENT_RECOVERY,5094.3,2096.4,56.0,79.78,79.78,79.77,79.76,790.24,791.63,876.35,791.04,4.32,87.53,7.09,3.0,40.71,0.707,14.05,3.1,LANE_A,19633.0,-21.1,80.0,0.15,6,18.0,-8.21,-10.71,-7.72,-10.23,2.02,-1.59,86.13,-2.18,-0.42,20.56,-4.29,0.04,-0.006,-0.05,0.8726,1
41.8,TRAIN_M08_LADAKH_FAULT06_EGT_IMBAL,TRAIN,LADAKH,DESCENT_RECOVERY,5105.0,2100.8,56.0,79.75,79.75,79.74,79.73,790.32,791.73,876.35,791.53,4.33,87.47,7.05,3.0,40.54,0.781,14.09,3.3,LANE_A,19627.0,-21.1,80.0,0.15,6,18.0,-8.39,-10.89,-7.9,-10.41,2.1,-1.49,86.13,-1.69,-0.41,20.37,-4.36,-0.14,0.066,-0.01,0.8728,1
41.85,TRAIN_M08_LADAKH_FAULT06_EGT_IMBAL,TRAIN,LADAKH,DESCENT_RECOVERY,5096.5,2097.3,56.0,79.72,79.72,79.7,79.7,790.24,791.43,876.18,791.2,4.25,87.54,7.09,3.0,40.51,0.754,14.06,3.28,LANE_A,19620.0,-21.1,80.0,0.15,6,18.0,-8.31,-10.81,-7.83,-10.33,2.02,-1.79,85.96,-2.02,-0.49,20.54,-4.3,-0.18,0.04,-0.04,0.8725,1
41.9,TRAIN_M08_LADAKH_FAULT06_EGT_IMBAL,TRAIN,LADAKH,DESCENT_RECOVERY,5099.0,2098.4,56.0,79.69,79.69,79.67,79.67,790.38,791.68,876.25,791.1,4.28,87.58,7.08,3.0,40.61,0.69,14.03,3.35,LANE_A,19613.0,-21.1,80.0,0.15,6,18.0,-8.38,-10.88,-7.9,-10.4,2.16,-1.54,86.03,-2.12,-0.46,20.55,-4.32,-0.09,-0.024,-0.07,0.8727,1
41.95,TRAIN_M08_LADAKH_FAULT06_EGT_IMBAL,TRAIN,LADAKH,DESCENT_RECOVERY,5097.1,2097.6,56.0,79.66,79.66,79.64,79.64,790.72,791.33,876.33,790.87,4.3,87.44,7.12,3.0,40.68,0.705,14.07,3.05,LANE_A,19607.0,-21.1,80.0,0.15,6,18.0,-8.38,-10.88,-7.9,-10.4,2.5,-1.89,86.11,-2.35,-0.44,20.43,-4.28,-0.02,-0.009,-0.03,0.8727,1
42.0,TRAIN_M08_LADAKH_FAULT06_EGT_IMBAL,TRAIN,LADAKH,DESCENT_RECOVERY,5095.1,2096.8,56.0,79.62,79.63,79.61,79.61,790.94,791.62,876.03,791.44,4.34,87.45,7.05,3.0,40.68,0.685,14.07,3.24,LANE_A,19600.0,-21.1,80.0,0.15,6,18.0,-8.4,-10.89,-7.91,-10.41,2.72,-1.6,85.81,-1.78,-0.4,20.46,-4.35,-0.03,-0.028,-0.03,0.8719,1
42.05,TRAIN_M08_LADAKH_FAULT06_EGT_IMBAL,TRAIN,LADAKH,DESCENT_RECOVERY,5096.7,2097.4,56.0,79.59,79.6,79.58,79.58,790.73,791.52,875.79,791.47,4.28,87.38,7.12,3.0,40.77,0.689,14.08,3.23,LANE_A,19593.0,-21.1,80.0,0.15,6,18.0,-8.45,-10.94,-7.96,-10.46,2.51,-1.7,85.57,-1.75,-0.46,20.36,-4.29,0.05,-0.025,-0.02,0.8714,1
42.1,TRAIN_M08_LADAKH_FAULT06_EGT_IMBAL,TRAIN,LADAKH,DESCENT_RECOVERY,5094.4,2096.5,56.0,79.56,79.57,79.55,79.55,790.98,791.8,875.89,791.15,4.29,87.21,7.05,3.0,40.78,0.733,14.08,3.38,LANE_A,19587.0,-21.1,80.0,0.15,6,18.0,-8.45,-10.94,-7.96,-10.46,2.76,-1.42,85.67,-2.07,-0.45,20.22,-4.36,0.05,0.02,-0.02,0.8716,1
42.15,TRAIN_M08_LADAKH_FAULT06_EGT_IMBAL,TRAIN,LADAKH,DESCENT_RECOVERY,5100.5,2099.0,56.0,79.52,79.54,79.52,79.51,790.76,791.94,875.85,791.31,4.35,87.25,7.03,3.0,40.82,0.675,14.06,3.11,LANE_A,19580.0,-21.0,80.0,0.15,6,18.0,-8.68,-11.16,-8.18,-10.69,2.53,-1.29,85.62,-1.92,-0.39,20.09,-4.39,0.08,-0.039,-0.04,0.8716,1
42.2,TRAIN_M08_LADAKH_FAULT06_EGT_IMBAL,TRAIN,LADAKH,DESCENT_RECOVERY,5091.9,2095.4,56.0,79.49,79.51,79.49,79.49,790.69,792.07,875.74,791.12,4.3,87.34,7.16,3.0,40.76,0.701,14.09,3.33,LANE_A,19573.0,-21.0,80.0,0.15,6,18.0,-8.59,-11.07,-8.09,-10.59,2.46,-1.16,85.51,-2.11,-0.44,20.28,-4.24,0.02,-0.012,-0.01,0.8712,1
42.25,TRAIN_M08_LADAKH_FAULT06_EGT_IMBAL,TRAIN,LADAKH,DESCENT_RECOVERY,5090.3,2094.8,56.0,79.46,79.49,79.46,79.46,790.55,791.89,876.13,790.84,4.3,87.29,7.13,3.0,40.71,0.651,14.06,3.26,LANE_A,19567.0,-21.0,80.0,0.15,6,18.0,-8.6,-11.07,-8.1,-10.6,2.32,-1.34,85.9,-2.39,-0.44,20.24,-4.27,-0.04,-0.062,-0.04,0.8724,1
42.3,TRAIN_M08_LADAKH_FAULT06_EGT_IMBAL,TRAIN,LADAKH,DESCENT_RECOVERY,5090.9,2095.0,56.0,79.43,79.46,79.43,79.43,791.05,791.94,876.08,791.17,4.31,87.18,7.07,3.0,40.79,0.734,14.09,3.22,LANE_A,19560.0,-21.0,80.0,0.15,6,18.0,-8.64,-11.11,-8.14,-10.64,2.82,-1.29,85.85,-2.06,-0.43,20.12,-4.34,0.03,0.021,-0.01,0.8722,1
42.35,TRAIN_M08_LADAKH_FAULT06_EGT_IMBAL,TRAIN,LADAKH,DESCENT_RECOVERY,5095.9,2097.1,56.0,79.41,79.43,79.4,79.41,791.06,791.81,875.95,790.79,4.29,87.14,7.1,3.0,40.65,0.725,14.07,3.2,LANE_A,19553.0,-21.0,80.0,0.15,6,18.0,-8.74,-11.22,-8.25,-10.74,2.83,-1.42,85.72,-2.44,-0.45,20.02,-4.32,-0.12,0.011,-0.03,0.872,1
42.4,TRAIN_M08_LADAKH_FAULT06_EGT_IMBAL,TRAIN,LADAKH,DESCENT_RECOVERY,5095.0,2096.7,56.0,79.38,79.4,79.37,79.38,790.96,791.6,876.13,790.77,4.32,87.07,7.04,3.0,40.72,0.718,14.08,3.3,LANE_A,19547.0,-21.0,80.0,0.15,6,18.0,-8.76,-11.24,-8.27,-10.76,2.73,-1.63,85.9,-2.46,-0.42,19.96,-4.38,-0.06,0.005,-0.02,0.8725,1
42.45,TRAIN_M08_LADAKH_FAULT06_EGT_IMBAL,TRAIN,LADAKH,DESCENT_RECOVERY,5089.9,2094.6,56.0,79.36,79.37,79.35,79.35,791.14,791.73,876.42,791.07,4.25,87.11,7.2,3.0,40.73,0.76,14.07,2.99,LANE_A,19540.0,-21.0,80.0,0.15,6,18.0,-8.71,-11.2,-8.22,-10.72,2.91,-1.5,86.19,-2.16,-0.49,20.05,-4.21,-0.05,0.047,-0.03,0.8733,1
42.5,TRAIN_M08_LADAKH_FAULT06_EGT_IMBAL,TRAIN,LADAKH,DESCENT_RECOVERY,5093.9,2096.3,56.0,79.33,79.35,79.32,79.33,790.69,791.5,876.44,790.96,4.32,87.04,7.16,3.0,40.76,0.648,14.08,3.23,LANE_A,19533.0,-21.0,80.0,0.15,6,18.0,-8.8,-11.28,-8.31,-10.8,2.46,-1.73,86.21,-2.27,-0.42,19.93,-4.27,-0.03,-0.065,-0.02,0.8733,1
42.55,TRAIN_M08_LADAKH_FAULT06_EGT_IMBAL,TRAIN,LADAKH,DESCENT_RECOVERY,5093.1,2095.9,56.0,79.31,79.32,79.29,79.3,790.65,790.96,876.37,791.04,4.35,87.05,7.15,3.0,40.74,0.677,14.07,3.23,LANE_A,19527.0,-20.9,80.0,0.15,6,18.0,-8.91,-11.4,-8.43,-10.92,2.4,-2.29,86.12,-2.21,-0.38,19.85,-4.27,-0.06,-0.036,-0.03,0.8731,1
42.6,TRAIN_M08_LADAKH_FAULT06_EGT_IMBAL,TRAIN,LADAKH,DESCENT_RECOVERY,5095.4,2096.9,56.0,79.29,79.3,79.27,79.29,790.85,790.97,876.29,791.27,4.33,87.0,7.28,3.0,40.76,0.725,14.07,3.23,LANE_A,19520.0,-20.9,80.0,0.15,6,18.0,-8.97,-11.46,-8.49,-10.97,2.6,-2.28,86.04,-1.98,-0.41,19.77,-4.15,-0.05,0.012,-0.03,0.8728,1
42.65,TRAIN_M08_LADAKH_FAULT06_EGT_IMBAL,TRAIN,LADAKH,DESCENT_RECOVERY,5093.1,2095.9,56.0,79.27,79.28,79.24,79.26,790.95,791.03,876.18,791.02,4.33,87.11,7.26,3.0,40.79,0.717,14.09,3.01,LANE_A,19513.0,-20.9,80.0,0.15,6,18.0,-8.96,-11.45,-8.49,-10.97,2.7,-2.22,85.93,-2.23,-0.4,19.91,-4.17,-0.03,0.004,-0.01,0.8726,1
42.7,TRAIN_M08_LADAKH_FAULT06_EGT_IMBAL,TRAIN,LADAKH,DESCENT_RECOVERY,5088.0,2093.8,56.0,79.25,79.26,79.21,79.24,790.98,791.32,875.96,791.07,4.29,87.15,7.3,3.0,40.81,0.761,14.06,3.31,LANE_A,19507.0,-20.9,80.0,0.15,6,18.0,-8.91,-11.4,-8.45,-10.92,2.73,-1.93,85.71,-2.18,-0.44,20.0,-4.12,-0.01,0.049,-0.04,0.872,1
42.75,TRAIN_M08_LADAKH_FAULT06_EGT_IMBAL,TRAIN,LADAKH,DESCENT_RECOVERY,5086.6,2093.2,56.0,79.23,79.24,79.19,79.22,791.04,791.22,875.99,791.0,4.29,87.24,7.34,3.0,40.84,0.642,14.09,3.16,LANE_A,19500.0,-20.9,80.0,0.15,6,18.0,-8.91,-11.4,-8.45,-10.92,2.79,-2.03,85.74,-2.25,-0.44,20.11,-4.08,0.01,-0.07,-0.01,0.8721,1
42.8,TRAIN_M08_LADAKH_FAULT06_EGT_IMBAL,TRAIN,LADAKH,DESCENT_RECOVERY,5091.2,2095.1,56.0,79.21,79.22,79.18,79.19,790.98,791.32,876.15,791.13,4.32,87.13,7.27,3.0,40.89,0.635,14.06,3.33,LANE_A,19493.0,-20.9,80.0,0.15,6,18.0,-9.0,-11.49,-8.53,-11.02,2.73,-1.93,85.9,-2.12,-0.41,19.94,-4.16,0.05,-0.078,-0.04,0.8726,1
42.85,TRAIN_M08_LADAKH_FAULT06_EGT_IMBAL,TRAIN,LADAKH,DESCENT_RECOVERY,5102.3,2099.7,56.0,79.19,79.21,79.16,79.18,790.84,791.55,876.15,791.2,4.28,87.15,7.33,3.0,40.81,0.7,14.07,3.1,LANE_A,19487.0,-20.9,80.0,0.15,6,18.0,-9.19,-11.67,-8.72,-11.2,2.59,-1.7,85.9,-2.05,-0.46,19.83,-4.13,-0.04,-0.014,-0.03,0.8729,1
42.9,TRAIN_M08_LADAKH_FAULT06_EGT_IMBAL,TRAIN,LADAKH,DESCENT_RECOVERY,5101.3,2099.3,56.0,79.17,79.19,79.14,79.15,790.91,791.82,876.12,791.42,4.34,87.15,7.28,3.0,40.84,0.729,14.05,3.2,LANE_A,19480.0,-20.9,80.0,0.15,6,18.0,-9.2,-11.68,-8.73,-11.22,2.66,-1.43,85.87,-1.83,-0.4,19.84,-4.18,-0.02,0.015,-0.05,0.8728,1
42.95,TRAIN_M08_LADAKH_FAULT06_EGT_IMBAL,TRAIN,LADAKH,DESCENT_RECOVERY,5097.3,2097.7,56.0,79.15,79.17,79.12,79.13,790.51,791.42,875.84,791.59,4.27,87.13,7.27,3.0,40.92,0.712,14.08,3.21,LANE_A,19473.0,-20.8,80.0,0.15,6,18.0,-9.26,-11.74,-8.79,-11.28,2.25,-1.84,85.58,-1.67,-0.46,19.77,-4.18,0.06,-0.002,-0.02,0.8722,1
43.0,TRAIN_M08_LADAKH_FAULT06_EGT_IMBAL,TRAIN,LADAKH,DESCENT_RECOVERY,5091.7,2095.3,56.0,79.12,79.14,79.09,79.1,790.63,791.31,876.21,791.18,4.28,87.08,7.24,3.0,40.89,0.72,14.1,3.17,LANE_A,19467.0,-20.8,80.0,0.15,6,18.0,-9.21,-11.69,-8.74,-11.23,2.37,-1.95,85.95,-2.08,-0.45,19.78,-4.2,0.02,0.007,0.0,0.8731,1
43.05,TRAIN_M08_LADAKH_FAULT06_EGT_IMBAL,TRAIN,LADAKH,DESCENT_RECOVERY,5097.1,2097.6,56.0,79.1,79.12,79.07,79.09,790.97,791.53,876.4,791.18,4.26,87.22,7.21,3.0,40.83,0.72,14.06,3.15,LANE_A,19460.0,-20.8,80.0,0.15,6,18.0,-9.31,-11.79,-8.84,-11.32,2.71,-1.73,86.14,-2.08,-0.47,19.85,-4.25,-0.05,0.006,-0.04,0.8739,1
43.1,TRAIN_M08_LADAKH_FAULT06_EGT_IMBAL,TRAIN,LADAKH,DESCENT_RECOVERY,5093.6,2096.1,56.0,79.08,79.1,79.05,79.07,790.49,791.48,876.66,791.04,4.32,87.22,7.15,3.0,40.9,0.739,14.03,3.55,LANE_A,19453.0,-20.8,80.0,0.15,6,18.0,-9.28,-11.76,-8.81,-11.29,2.23,-1.78,86.4,-2.22,-0.41,19.89,-4.3,0.01,0.026,-0.07,0.8745,1
43.15,TRAIN_M08_LADAKH_FAULT06_EGT_IMBAL,TRAIN,LADAKH,DESCENT_RECOVERY,5097.7,2097.8,56.0,79.06,79.08,79.03,79.04,790.54,791.6,876.56,791.41,4.31,87.26,7.19,3.0,40.76,0.697,14.08,3.11,LANE_A,19447.0,-20.8,80.0,0.15,6,18.0,-9.37,-11.85,-8.9,-11.39,2.28,-1.66,86.3,-1.85,-0.42,19.88,-4.28,-0.14,-0.017,-0.02,0.8743,1
43.2,TRAIN_M08_LADAKH_FAULT06_EGT_IMBAL,TRAIN,LADAKH,DESCENT_RECOVERY,5108.7,2102.3,56.0,79.03,79.06,79.02,79.03,790.75,791.33,876.47,791.42,4.34,87.19,7.22,3.0,40.86,0.657,14.09,2.95,LANE_A,19440.0,-20.8,80.0,0.15,6,18.0,-9.56,-12.03,-9.07,-11.56,2.49,-1.93,86.21,-1.84,-0.4,19.68,-4.27,-0.04,-0.058,-0.01,0.8742,1
43.25,TRAIN_M08_LADAKH_FAULT06_EGT_IMBAL,TRAIN,LADAKH,DESCENT_RECOVERY,5103.1,2100.0,56.0,79.01,79.05,78.99,79.02,790.52,791.25,876.41,791.32,4.34,87.07,7.22,3.0,40.84,0.713,14.08,3.28,LANE_A,19433.0,-20.8,80.0,0.15,6,18.0,-9.5,-11.96,-9.02,-11.49,2.26,-2.01,86.15,-1.94,-0.4,19.62,-4.27,-0.07,-0.002,-0.02,0.8739,1
43.3,TRAIN_M08_LADAKH_FAULT06_EGT_IMBAL,TRAIN,LADAKH,DESCENT_RECOVERY,5103.1,2100.1,56.0,78.99,79.03,78.97,79.0,790.17,791.34,876.49,791.59,4.32,86.99,7.21,3.0,40.92,0.756,14.05,3.12,LANE_A,19427.0,-20.8,80.0,0.15,6,18.0,-9.53,-11.99,-9.05,-11.52,1.91,-1.92,86.23,-1.67,-0.42,19.54,-4.28,0.0,0.041,-0.05,0.8742,1
43.35,TRAIN_M08_LADAKH_FAULT06_EGT_IMBAL,TRAIN,LADAKH,DESCENT_RECOVERY,5107.0,2101.6,56.0,78.97,79.01,78.96,78.98,790.45,791.31,876.15,791.43,4.26,87.12,7.26,3.0,41.06,0.702,14.06,3.48,LANE_A,19420.0,-20.7,80.0,0.15,6,18.0,-9.7,-12.16,-9.21,-11.69,2.17,-1.97,85.87,-1.85,-0.48,19.52,-4.24,0.13,-0.013,-0.04,0.8736,1
43.4,TRAIN_M08_LADAKH_FAULT06_EGT_IMBAL,TRAIN,LADAKH,DESCENT_RECOVERY,5106.6,2101.5,56.0,78.95,79.0,78.95,78.96,790.38,791.2,875.96,791.36,4.31,87.15,7.24,3.0,40.99,0.786,14.09,3.32,LANE_A,19413.0,-20.7,80.0,0.15,6,18.0,-9.72,-12.17,-9.22,-11.71,2.1,-2.08,85.68,-1.92,-0.43,19.55,-4.26,0.05,0.071,-0.01,0.873,1
43.45,TRAIN_M08_LADAKH_FAULT06_EGT_IMBAL,TRAIN,LADAKH,DESCENT_RECOVERY,5109.0,2102.5,56.0,78.93,78.98,78.93,78.94,790.67,791.21,876.33,791.37,4.33,86.98,7.33,3.0,40.95,0.716,14.08,3.22,LANE_A,19407.0,-20.7,80.0,0.15,6,18.0,-9.78,-12.23,-9.28,-11.77,2.39,-2.07,86.05,-1.91,-0.41,19.35,-4.18,0.0,0.001,-0.02,0.8739,1
43.5,TRAIN_M08_LADAKH_FAULT06_EGT_IMBAL,TRAIN,LADAKH,DESCENT_RECOVERY,5111.2,2103.4,56.0,78.91,78.97,78.92,78.93,790.68,791.3,876.72,791.38,4.33,87.07,7.36,3.0,41.12,0.767,14.04,3.19,LANE_A,19400.0,-20.7,80.0,0.15,6,18.0,-9.84,-12.28,-9.33,-11.82,2.4,-1.98,86.44,-1.9,-0.41,19.41,-4.15,0.17,0.051,-0.06,0.875,1
43.55,TRAIN_M08_LADAKH_FAULT06_EGT_IMBAL,TRAIN,LADAKH,DESCENT_RECOVERY,5109.8,2102.8,56.0,78.9,78.95,78.9,78.91,790.81,791.25,876.69,791.6,4.33,87.02,7.31,3.0,41.06,0.658,14.08,3.02,LANE_A,19393.0,-20.7,80.0,0.15,6,18.0,-9.83,-12.28,-9.33,-11.82,2.53,-2.03,86.41,-1.68,-0.41,19.38,-4.21,0.1,-0.058,-0.02,0.875,1
43.6,TRAIN_M08_LADAKH_FAULT06_EGT_IMBAL,TRAIN,LADAKH,DESCENT_RECOVERY,5103.3,2100.1,56.0,78.89,78.93,78.88,78.89,791.03,790.93,876.74,791.39,4.29,86.99,7.2,3.0,41.16,0.727,14.1,3.12,LANE_A,19387.0,-20.7,80.0,0.15,6,18.0,-9.75,-12.21,-9.26,-11.75,2.75,-2.35,86.46,-1.89,-0.44,19.42,-4.3,0.19,0.012,0.0,0.8752,1
43.65,TRAIN_M08_LADAKH_FAULT06_EGT_IMBAL,TRAIN,LADAKH,DESCENT_RECOVERY,5104.9,2100.8,56.0,78.87,78.91,78.87,78.87,791.7,790.98,876.7,791.09,4.34,86.89,7.28,3.0,40.97,0.702,14.06,3.23,LANE_A,19380.0,-20.7,80.0,0.15,6,18.0,-9.8,-12.26,-9.3,-11.8,3.42,-2.3,86.42,-2.19,-0.39,19.3,-4.23,-0.01,-0.013,-0.04,0.8749,1
43.7,TRAIN_M08_LADAKH_FAULT06_EGT_IMBAL,TRAIN,LADAKH,DESCENT_RECOVERY,5102.0,2099.6,56.0,78.85,78.89,78.85,78.86,791.6,791.22,876.57,791.36,4.28,86.95,7.25,3.0,40.9,0.694,14.07,3.25,LANE_A,19373.0,-20.7,80.0,0.15,6,18.0,-9.78,-12.24,-9.28,-11.77,3.32,-2.06,86.29,-1.92,-0.45,19.39,-4.26,-0.09,-0.02,-0.03,0.8747,1
43.75,TRAIN_M08_LADAKH_FAULT06_EGT_IMBAL,TRAIN,LADAKH,DESCENT_RECOVERY,5100.3,2098.9,56.0,78.83,78.87,78.84,78.84,791.37,791.02,876.55,791.39,4.32,87.09,7.32,3.0,40.85,0.773,14.1,3.14,LANE_A,19367.0,-20.7,80.0,0.15,6,18.0,-9.78,-12.24,-9.27,-11.77,3.09,-2.26,86.27,-1.89,-0.41,19.55,-4.19,-0.14,0.059,0.0,0.8746,1
43.8,TRAIN_M08_LADAKH_FAULT06_EGT_IMBAL,TRAIN,LADAKH,DESCENT_RECOVERY,5092.6,2095.7,56.0,78.81,78.86,78.83,78.83,790.81,790.94,876.46,791.29,4.31,87.12,7.3,3.0,41.03,0.742,14.08,3.07,LANE_A,19360.0,-20.6,80.0,0.15,6,18.0,-9.78,-12.23,-9.26,-11.76,2.52,-2.35,86.17,-2.0,-0.42,19.57,-4.19,0.03,0.029,-0.02,0.8743,1
43.85,TRAIN_M08_LADAKH_FAULT06_EGT_IMBAL,TRAIN,LADAKH,DESCENT_RECOVERY,5097.4,2097.7,56.0,78.79,78.84,78.81,78.81,790.83,791.28,876.7,791.08,4.35,87.23,7.33,3.0,40.98,0.722,14.08,3.37,LANE_A,19353.0,-20.6,80.0,0.15,6,18.0,-9.88,-12.33,-9.36,-11.86,2.54,-2.01,86.41,-2.21,-0.38,19.62,-4.17,-0.03,0.008,-0.02,0.875,1
43.9,TRAIN_M08_LADAKH_FAULT06_EGT_IMBAL,TRAIN,LADAKH,DESCENT_RECOVERY,5098.9,2098.3,56.0,78.78,78.83,78.8,78.79,790.85,791.48,876.67,791.51,4.29,87.05,7.29,3.0,40.99,0.66,14.06,3.31,LANE_A,19347.0,-20.6,80.0,0.15,6,18.0,-9.91,-12.36,-9.39,-11.9,2.56,-1.81,86.38,-1.78,-0.44,19.42,-4.22,-0.03,-0.054,-0.04,0.8751,1
43.95,TRAIN_M08_LADAKH_FAULT06_EGT_IMBAL,TRAIN,LADAKH,DESCENT_RECOVERY,5102.8,2099.9,56.0,78.76,78.82,78.78,78.78,790.91,791.39,876.89,791.49,4.35,87.12,7.28,3.0,40.98,0.7,14.05,3.1,LANE_A,19340.0,-20.6,80.0,0.15,6,18.0,-9.99,-12.43,-9.47,-11.97,2.62,-1.9,86.6,-1.8,-0.38,19.44,-4.24,-0.05,-0.015,-0.05,0.8757,1
44.0,TRAIN_M08_LADAKH_FAULT06_EGT_IMBAL,TRAIN,LADAKH,DESCENT_RECOVERY,5096.7,2097.4,56.0,78.74,78.8,78.76,78.75,790.92,791.47,876.84,791.21,4.33,86.97,7.25,3.0,41.05,0.767,14.07,3.12,LANE_A,19333.0,-20.6,80.0,0.15,6,18.0,-9.93,-12.37,-9.41,-11.92,2.63,-1.82,86.55,-2.08,-0.4,19.36,-4.26,0.01,0.053,-0.03,0.8755,1
44.05,TRAIN_M08_LADAKH_FAULT06_EGT_IMBAL,TRAIN,LADAKH,DESCENT_RECOVERY,5093.6,2096.1,56.0,78.72,78.78,78.74,78.74,790.92,791.54,876.8,791.04,4.28,86.97,7.17,3.0,40.96,0.692,14.09,3.12,LANE_A,19327.0,-20.6,80.0,0.15,6,18.0,-9.91,-12.35,-9.39,-11.89,2.63,-1.75,86.51,-2.25,-0.45,19.39,-4.34,-0.08,-0.021,-0.01,0.8756,1
44.1,TRAIN_M08_LADAKH_FAULT06_EGT_IMBAL,TRAIN,LADAKH,DESCENT_RECOVERY,5098.3,2098.1,56.0,78.7,78.76,78.72,78.73,790.84,791.46,877.06,791.2,4.33,86.88,7.18,3.0,40.99,0.745,14.09,3.23,LANE_A,19320.0,-20.6,80.0,0.15,6,18.0,-10.0,-12.44,-9.48,-11.97,2.55,-1.83,86.77,-2.09,-0.4,19.24,-4.34,-0.06,0.031,-0.01,0.8762,1
44.15,TRAIN_M08_LADAKH_FAULT06_EGT_IMBAL,TRAIN,LADAKH,DESCENT_RECOVERY,5092.8,2095.8,56.0,78.68,78.74,78.71,78.71,791.33,791.25,877.25,791.03,4.32,86.87,7.22,3.0,40.92,0.66,14.06,3.12,LANE_A,19313.0,-20.6,80.0,0.15,6,18.0,-9.94,-12.38,-9.41,-11.91,3.04,-2.04,86.96,-2.26,-0.41,19.29,-4.29,-0.14,-0.053,-0.04,0.8766,1
44.2,TRAIN_M08_LADAKH_FAULT06_EGT_IMBAL,TRAIN,LADAKH,DESCENT_RECOVERY,5089.6,2094.5,56.0,78.66,78.72,78.69,78.7,791.12,791.14,876.86,791.28,4.32,86.77,7.28,3.0,41.0,0.697,14.06,3.49,LANE_A,19307.0,-20.5,80.0,0.15,6,18.0,-10.01,-12.45,-9.48,-11.97,2.81,-2.17,86.55,-2.03,-0.41,19.13,-4.22,-0.07,-0.016,-0.04,0.8755,1
44.25,TRAIN_M08_LADAKH_FAULT06_EGT_IMBAL,TRAIN,LADAKH,DESCENT_RECOVERY,5088.2,2093.9,56.0,78.64,78.7,78.67,78.68,790.74,791.03,877.09,790.77,4.3,86.7,7.11,3.0,41.04,0.647,14.09,3.08,LANE_A,19300.0,-20.5,80.0,0.15,6,18.0,-10.02,-12.46,-9.49,-11.98,2.43,-2.28,86.78,-2.54,-0.43,19.07,-4.39,-0.04,-0.065,-0.01,0.8763,1
44.3,TRAIN_M08_LADAKH_FAULT06_EGT_IMBAL,TRAIN,LADAKH,DESCENT_RECOVERY,5084.0,2092.2,56.0,78.62,78.69,78.65,78.66,790.75,791.31,877.33,790.66,4.31,86.61,7.16,3.0,40.96,0.694,14.11,2.99,LANE_A,19293.0,-20.5,80.0,0.15,6,18.0,-9.98,-12.41,-9.45,-11.94,2.44,-2.0,87.02,-2.65,-0.41,19.03,-4.34,-0.12,-0.018,0.01,0.8768,1
44.35,TRAIN_M08_LADAKH_FAULT06_EGT_IMBAL,TRAIN,LADAKH,DESCENT_RECOVERY,5083.9,2092.2,56.0,78.61,78.67,78.64,78.65,790.73,791.13,877.17,790.8,4.3,86.62,7.24,3.0,41.12,0.642,14.06,3.2,LANE_A,19287.0,-20.5,80.0,0.15,6,18.0,-9.99,-12.43,-9.46,-11.95,2.42,-2.18,86.86,-2.51,-0.42,19.04,-4.26,0.03,-0.07,-0.04,0.8763,1
44.4,TRAIN_M08_LADAKH_FAULT06_EGT_IMBAL,TRAIN,LADAKH,DESCENT_RECOVERY,5086.6,2093.3,56.0,78.6,78.64,78.62,78.63,790.74,791.23,877.2,791.05,4.32,86.64,7.19,3.0,41.16,0.729,14.1,3.21,LANE_A,19280.0,-20.5,80.0,0.15,6,18.0,-10.05,-12.51,-9.53,-12.02,2.43,-2.08,86.89,-2.26,-0.41,19.02,-4.32,0.06,0.017,0.0,0.8765,1
44.45,TRAIN_M08_LADAKH_FAULT06_EGT_IMBAL,TRAIN,LADAKH,DESCENT_RECOVERY,5086.6,2093.3,56.0,78.58,78.63,78.61,78.61,790.69,791.52,877.18,791.01,4.33,86.58,7.21,3.0,41.15,0.736,14.06,3.43,LANE_A,19273.0,-20.5,80.0,0.15,6,18.0,-10.07,-12.52,-9.54,-12.04,2.38,-1.79,86.87,-2.3,-0.4,18.96,-4.3,0.04,0.024,-0.04,0.8764,1
44.5,TRAIN_M08_LADAKH_FAULT06_EGT_IMBAL,TRAIN,LADAKH,DESCENT_RECOVERY,5084.8,2092.5,56.0,78.57,78.61,78.59,78.6,790.72,791.31,876.82,791.08,4.32,86.52,7.32,3.0,41.12,0.727,14.06,3.02,LANE_A,19267.0,-20.5,80.0,0.15,6,18.0,-10.06,-12.52,-9.54,-12.03,2.41,-2.0,86.51,-2.23,-0.4,18.92,-4.19,0.0,0.015,-0.04,0.8753,1
44.55,TRAIN_M08_LADAKH_FAULT06_EGT_IMBAL,TRAIN,LADAKH,DESCENT_RECOVERY,5087.7,2093.7,56.0,78.55,78.6,78.57,78.59,790.96,791.29,876.56,791.28,4.31,86.53,7.35,3.0,41.1,0.764,14.08,3.15,LANE_A,19260.0,-20.5,80.0,0.15,6,18.0,-10.12,-12.57,-9.6,-12.08,2.65,-2.02,86.25,-2.03,-0.42,18.89,-4.17,-0.02,0.052,-0.02,0.8747,1
44.6,TRAIN_M08_LADAKH_FAULT06_EGT_IMBAL,TRAIN,LADAKH,DESCENT_RECOVERY,5089.9,2094.6,56.0,78.54,78.59,78.56,78.57,791.17,791.42,876.49,791.31,4.33,86.45,7.34,3.0,41.09,0.731,14.09,2.98,LANE_A,19253.0,-20.4,80.0,0.15,6,18.0,-10.26,-12.71,-9.74,-12.23,2.85,-1.9,86.17,-2.01,-0.39,18.69,-4.18,-0.04,0.018,-0.01,0.8746,1
44.65,TRAIN_M08_LADAKH_FAULT06_EGT_IMBAL,TRAIN,LADAKH,DESCENT_RECOVERY,5088.3,2093.9,56.0,78.53,78.57,78.55,78.56,790.98,791.35,875.98,791.61,4.29,86.51,7.36,3.0,40.98,0.706,14.06,3.29,LANE_A,19247.0,-20.4,80.0,0.15,6,18.0,-10.25,-12.71,-9.73,-12.22,2.66,-1.97,85.66,-1.71,-0.43,18.76,-4.16,-0.16,-0.006,-0.04,0.8733,1
44.7,TRAIN_M08_LADAKH_FAULT06_EGT_IMBAL,TRAIN,LADAKH,DESCENT_RECOVERY,5085.2,2092.7,56.0,78.52,78.56,78.53,78.55,791.01,791.74,876.16,791.8,4.34,86.51,7.31,3.0,41.03,0.781,14.08,3.23,LANE_A,19240.0,-20.4,80.0,0.15,6,18.0,-10.22,-12.68,-9.71,-12.19,2.69,-1.58,85.84,-1.52,-0.38,18.79,-4.21,-0.12,0.069,-0.02,0.8737,1
44.75,TRAIN_M08_LADAKH_FAULT06_EGT_IMBAL,TRAIN,LADAKH,DESCENT_RECOVERY,5088.5,2094.0,56.0,78.51,78.55,78.52,78.53,790.84,791.45,876.28,791.42,4.33,86.56,7.26,3.0,41.16,0.617,14.08,3.3,LANE_A,19233.0,-20.4,80.0,0.15,6,18.0,-10.29,-12.75,-9.78,-12.27,2.52,-1.87,85.96,-1.9,-0.39,18.8,-4.27,0.0,-0.095,-0.02,0.8743,1
44.8,TRAIN_M08_LADAKH_FAULT06_EGT_IMBAL,TRAIN,LADAKH,DESCENT_RECOVERY,5088.6,2094.1,56.0,78.5,78.53,78.51,78.52,791.32,791.38,876.15,790.78,4.32,86.55,7.33,3.0,41.14,0.731,14.06,3.11,LANE_A,19227.0,-20.4,80.0,0.15,6,18.0,-10.3,-12.77,-9.79,-12.28,3.0,-1.94,85.83,-2.54,-0.4,18.79,-4.2,-0.02,0.018,-0.04,0.8739,1
44.85,TRAIN_M08_LADAKH_FAULT06_EGT_IMBAL,TRAIN,LADAKH,DESCENT_RECOVERY,5079.9,2090.5,56.0,78.48,78.52,78.49,78.51,790.99,791.84,876.0,791.07,4.33,86.58,7.38,3.0,41.09,0.752,14.08,3.16,LANE_A,19220.0,-20.4,80.0,0.15,6,18.0,-10.2,-12.66,-9.69,-12.17,2.67,-1.48,85.68,-2.25,-0.39,18.92,-4.14,-0.08,0.041,-0.02,0.8733,1
44.9,TRAIN_M08_LADAKH_FAULT06_EGT_IMBAL,TRAIN,LADAKH,DESCENT_RECOVERY,5084.5,2092.4,56.0,78.47,78.51,78.48,78.51,791.57,791.52,875.8,791.17,4.31,86.59,7.32,3.0,41.16,0.717,14.06,3.49,LANE_A,19213.0,-20.4,80.0,0.15,6,18.0,-10.28,-12.74,-9.77,-12.24,3.25,-1.8,85.48,-2.15,-0.41,18.87,-4.21,-0.02,0.005,-0.04,0.8729,1
44.95,TRAIN_M08_LADAKH_FAULT06_EGT_IMBAL,TRAIN,LADAKH,DESCENT_RECOVERY,5084.4,2092.3,56.0,78.46,78.49,78.47,78.5,791.63,791.51,875.86,791.22,4.27,86.64,7.3,3.0,41.17,0.735,14.09,3.17,LANE_A,19207.0,-20.4,80.0,0.15,6,18.0,-10.29,-12.76,-9.78,-12.25,3.31,-1.81,85.54,-2.1,-0.45,18.92,-4.23,-0.02,0.023,-0.01,0.8733,1
