TIMESTAMP_SEC,MISSION_ID,SPLIT_TYPE,THEATER,FLIGHT_PHASE,ENGINE_RPM,PROP_RPM,TPS,CHT_1,CHT_2,CHT_3,CHT_4,EGT_1,EGT_2,EGT_3,EGT_4,OIL_PRESS,OIL_TEMP,FUEL_FLOW,FUEL_RAIL_P,MAP,VIB_GEARBOX_RMS,BUS_VOLTAGE,BATTERY_CURRENT,FADEC_ACTIVE_LANE,ALTITUDE_FT,OAT_C,TAS_KNOTS,HEALTH_INDEX,FAULT_ID,RUL_HOURS,RES_d_CHT_1,RES_d_CHT_2,RES_d_CHT_3,RES_d_CHT_4,RES_d_EGT_1,RES_d_EGT_2,RES_d_EGT_3,RES_d_EGT_4,RES_d_OIL_PRESS,RES_d_OIL_TEMP,RES_d_FUEL_FLOW,RES_d_MAP,RES_d_VIB_RMS,RES_d_BUS_VOLTAGE,RES_ANOMALY_SCORE,RES_IS_ANOMALY
0.0,TRAIN_M06_THAR_FAULT04_OIL_PRESS,TRAIN,THAR_DESERT,CLIMB,5149.2,2119.0,73.7,105.36,107.57,106.52,106.47,780.99,782.86,778.71,783.41,3.86,103.99,17.23,3.0,83.95,0.699,14.06,3.22,LANE_A,2900.0,45.2,92.0,1.0,0,450.0,-23.64,-23.93,-21.98,-24.53,-8.53,-11.66,-12.81,-11.11,-0.18,-11.01,-1.07,7.95,-0.022,-0.04,0.9013,1
0.05,TRAIN_M06_THAR_FAULT04_OIL_PRESS,TRAIN,THAR_DESERT,CLIMB,5178.9,2131.2,75.2,105.75,107.94,106.9,106.85,782.79,783.82,780.61,784.36,3.86,104.03,16.68,3.0,81.52,0.754,14.07,3.13,LANE_A,2908.0,45.2,92.0,1.0,0,450.0,-23.25,-23.56,-21.6,-24.15,-5.58,-9.55,-9.76,-9.01,-0.2,-10.97,-1.8,4.83,0.029,-0.03,0.8969,1
0.1,TRAIN_M06_THAR_FAULT04_OIL_PRESS,TRAIN,THAR_DESERT,CLIMB,5212.1,2144.9,76.5,106.13,108.31,107.28,107.23,784.17,785.1,781.9,785.47,3.85,103.97,16.39,3.0,80.15,0.723,14.04,2.94,LANE_A,2915.0,45.2,92.0,1.0,0,450.0,-22.87,-23.19,-21.22,-23.77,-3.17,-7.24,-7.44,-6.87,-0.22,-11.03,-2.26,2.87,-0.007,-0.06,0.893,1
0.15,TRAIN_M06_THAR_FAULT04_OIL_PRESS,TRAIN,THAR_DESERT,CLIMB,5238.6,2155.8,77.6,106.51,108.67,107.65,107.6,784.73,785.65,782.96,786.26,3.89,103.86,16.09,3.0,79.33,0.709,14.07,2.98,LANE_A,2922.0,45.1,92.0,1.0,0,450.0,-22.49,-22.83,-20.85,-23.4,-1.68,-5.76,-5.45,-5.15,-0.19,-11.14,-2.71,1.55,-0.025,-0.03,0.8892,1
0.2,TRAIN_M06_THAR_FAULT04_OIL_PRESS,TRAIN,THAR_DESERT,CLIMB,5267.9,2167.9,78.5,106.88,109.03,108.01,107.97,785.65,786.02,783.71,786.59,3.87,103.9,15.99,3.0,78.99,0.744,14.05,3.18,LANE_A,2930.0,45.1,92.0,1.0,0,450.0,-22.12,-22.47,-20.49,-23.03,0.0,-4.63,-3.94,-4.06,-0.23,-11.1,-2.96,0.81,0.005,-0.05,0.8854,1
0.25,TRAIN_M06_THAR_FAULT04_OIL_PRESS,TRAIN,THAR_DESERT,CLIMB,5294.4,2178.8,79.3,107.26,109.39,108.38,108.33,785.96,786.27,784.44,786.76,3.92,103.87,16.07,3.0,78.84,0.713,14.06,2.93,LANE_A,2938.0,45.1,92.0,1.0,0,450.0,-21.74,-22.11,-20.12,-22.67,1.0,-3.69,-2.52,-3.2,-0.19,-11.13,-3.01,0.31,-0.029,-0.04,0.8814,1
0.3,TRAIN_M06_THAR_FAULT04_OIL_PRESS,TRAIN,THAR_DESERT,CLIMB,5312.7,2186.3,80.0,107.63,109.75,108.75,108.69,786.1,786.52,785.11,786.56,3.9,103.91,16.11,3.0,78.89,0.719,14.06,3.01,LANE_A,2945.0,45.1,92.0,1.0,0,450.0,-21.37,-21.75,-19.75,-22.31,1.76,-2.82,-1.23,-2.78,-0.22,-11.09,-3.07,0.05,-0.026,-0.04,0.8774,1
0.35,TRAIN_M06_THAR_FAULT04_OIL_PRESS,TRAIN,THAR_DESERT,CLIMB,5338.9,2197.1,80.7,108.01,110.1,109.12,109.06,786.07,786.95,785.49,786.48,3.93,103.87,16.23,3.0,78.88,0.724,14.06,2.83,LANE_A,2952.0,45.1,92.0,1.0,0,450.0,-20.99,-21.4,-19.38,-21.94,2.36,-1.76,-0.22,-2.23,-0.2,-11.13,-3.08,-0.27,-0.025,-0.04,0.8731,1
0.4,TRAIN_M06_THAR_FAULT04_OIL_PRESS,TRAIN,THAR_DESERT,CLIMB,5355.5,2203.9,81.2,108.39,110.46,109.48,109.43,786.04,786.79,785.8,786.71,3.96,103.8,16.39,3.0,79.08,0.755,14.07,3.31,LANE_A,2960.0,45.1,92.0,1.0,0,450.0,-20.61,-21.04,-19.02,-21.57,2.78,-1.47,0.54,-1.55,-0.18,-11.2,-3.0,-0.28,0.003,-0.03,0.8686,1
0.45,TRAIN_M06_THAR_FAULT04_OIL_PRESS,TRAIN,THAR_DESERT,CLIMB,5373.0,2211.1,81.7,108.77,110.82,109.86,109.8,785.93,786.56,785.92,786.61,3.93,103.78,16.47,3.0,79.15,0.744,14.04,3.4,LANE_A,2968.0,45.1,92.0,1.0,0,450.0,-20.23,-20.68,-18.64,-21.2,3.13,-1.24,1.12,-1.19,-0.22,-11.22,-3.0,-0.42,-0.01,-0.06,0.864,1
0.5,TRAIN_M06_THAR_FAULT04_OIL_PRESS,TRAIN,THAR_DESERT,CLIMB,5389.7,2218.0,82.1,109.14,111.18,110.23,110.17,785.83,786.59,785.97,786.61,3.94,103.68,16.73,3.0,79.36,0.793,14.07,3.53,LANE_A,2975.0,45.1,92.0,1.0,0,450.0,-19.86,-20.32,-18.27,-20.83,3.4,-0.84,1.54,-0.82,-0.21,-11.32,-2.82,-0.37,0.036,-0.03,0.8591,1
0.55,TRAIN_M06_THAR_FAULT04_OIL_PRESS,TRAIN,THAR_DESERT,CLIMB,5399.8,2222.1,82.4,109.52,111.55,110.6,110.54,785.83,786.48,785.63,786.58,3.91,103.61,16.81,3.0,79.69,0.781,14.06,3.22,LANE_A,2982.0,45.0,92.0,1.0,0,450.0,-19.48,-19.95,-17.9,-20.46,3.7,-0.65,1.5,-0.55,-0.25,-11.39,-2.79,-0.16,0.023,-0.04,0.8543,1
0.6,TRAIN_M06_THAR_FAULT04_OIL_PRESS,TRAIN,THAR_DESERT,CLIMB,5415.3,2228.5,82.7,109.89,111.9,110.97,110.91,785.87,786.31,785.56,786.35,3.96,103.56,16.84,3.0,79.77,0.793,14.03,3.21,LANE_A,2990.0,45.0,92.0,1.0,0,450.0,-19.11,-19.6,-17.53,-20.09,4.02,-0.54,1.71,-0.5,-0.21,-11.44,-2.83,-0.2,0.032,-0.07,0.8492,1
0.65,TRAIN_M06_THAR_FAULT04_OIL_PRESS,TRAIN,THAR_DESERT,CLIMB,5433.8,2236.1,83.0,110.26,112.26,111.33,111.28,785.76,786.33,785.2,786.42,3.95,103.5,17.02,3.0,79.82,0.802,14.09,3.29,LANE_A,2998.0,45.0,92.0,1.0,0,450.0,-18.74,-19.24,-17.17,-19.72,4.19,-0.24,1.63,-0.15,-0.22,-11.5,-2.73,-0.26,0.039,-0.01,0.8438,1
0.7,TRAIN_M06_THAR_FAULT04_OIL_PRESS,TRAIN,THAR_DESERT,CLIMB,5443.8,2240.2,83.2,110.63,112.62,111.7,111.64,785.42,785.95,785.1,786.04,3.98,103.47,17.04,3.0,80.02,0.796,14.07,3.13,LANE_A,3005.0,45.0,92.0,1.0,0,450.0,-18.37,-18.88,-16.8,-19.36,4.04,-0.43,1.72,-0.34,-0.2,-11.53,-2.75,-0.13,0.031,-0.03,0.8385,1
0.75,TRAIN_M06_THAR_FAULT04_OIL_PRESS,TRAIN,THAR_DESERT,CLIMB,5454.1,2244.5,83.5,111.01,112.97,112.06,112.01,785.25,785.41,784.95,786.0,3.97,103.49,17.11,3.0,79.94,0.786,14.04,3.39,LANE_A,3012.0,45.0,92.0,1.0,0,450.0,-17.99,-18.53,-16.44,-18.99,4.16,-0.68,1.86,-0.09,-0.21,-11.51,-2.73,-0.33,0.02,-0.06,0.8328,1
0.8,TRAIN_M06_THAR_FAULT04_OIL_PRESS,TRAIN,THAR_DESERT,CLIMB,5477.5,2254.1,83.6,111.39,113.33,112.44,112.37,785.45,785.22,785.29,785.75,3.96,103.4,17.26,3.0,80.04,0.776,14.04,3.47,LANE_A,3020.0,45.0,92.0,1.0,0,450.0,-17.61,-18.17,-16.06,-18.63,4.45,-0.78,2.29,-0.25,-0.23,-11.6,-2.67,-0.26,0.006,-0.06,0.8271,1
0.85,TRAIN_M06_THAR_FAULT04_OIL_PRESS,TRAIN,THAR_DESERT,CLIMB,5485.4,2257.4,83.8,111.76,113.69,112.8,112.74,785.33,785.18,784.8,785.48,3.99,103.58,17.38,3.0,80.1,0.739,14.06,3.19,LANE_A,3028.0,45.0,92.0,1.0,0,450.0,-17.24,-17.81,-15.7,-18.26,4.53,-0.62,2.0,-0.32,-0.21,-11.42,-2.58,-0.26,-0.032,-0.04,0.8209,1
0.9,TRAIN_M06_THAR_FAULT04_OIL_PRESS,TRAIN,THAR_DESERT,CLIMB,5488.3,2258.5,84.0,112.13,114.04,113.16,113.1,785.36,785.05,784.32,785.05,3.96,103.67,17.26,3.0,80.25,0.777,14.08,3.37,LANE_A,3035.0,44.9,92.0,1.0,0,450.0,-16.87,-17.46,-15.34,-17.9,4.76,-0.55,1.72,-0.55,-0.24,-11.33,-2.72,-0.19,0.005,-0.02,0.815,1
0.95,TRAIN_M06_THAR_FAULT04_OIL_PRESS,TRAIN,THAR_DESERT,CLIMB,5498.1,2262.6,84.1,112.49,114.4,113.52,113.46,785.32,785.09,783.99,784.68,4.0,103.73,17.39,3.0,80.23,0.694,14.05,2.96,LANE_A,3042.0,44.9,92.0,1.0,0,450.0,-16.51,-17.1,-14.98,-17.54,4.82,-0.41,1.49,-0.82,-0.2,-11.27,-2.63,-0.23,-0.079,-0.05,0.8085,1
1.0,TRAIN_M06_THAR_FAULT04_OIL_PRESS,TRAIN,THAR_DESERT,CLIMB,5505.8,2265.8,84.2,112.86,114.75,113.88,113.82,784.88,784.57,783.54,784.84,3.95,103.8,17.46,3.0,80.33,0.697,14.05,2.94,LANE_A,3050.0,44.9,92.0,1.0,0,450.0,-16.14,-16.75,-14.62,-17.18,4.48,-0.83,1.14,-0.56,-0.26,-11.2,-2.59,-0.15,-0.077,-0.05,0.8021,1
1.05,TRAIN_M06_THAR_FAULT04_OIL_PRESS,TRAIN,THAR_DESERT,CLIMB,5506.2,2265.9,84.3,113.23,115.1,114.24,114.18,784.59,784.43,783.54,784.54,4.01,103.88,17.43,3.0,80.42,0.732,14.04,3.26,LANE_A,3058.0,44.9,92.0,1.0,0,450.0,-15.77,-16.4,-14.26,-16.82,4.28,-0.88,1.23,-0.77,-0.2,-11.12,-2.62,-0.09,-0.042,-0.06,0.7952,1
1.1,TRAIN_M06_THAR_FAULT04_OIL_PRESS,TRAIN,THAR_DESERT,CLIMB,5512.0,2268.3,84.4,113.6,115.46,114.6,114.54,784.37,784.21,783.38,784.4,3.95,103.89,17.48,3.0,80.48,0.779,14.04,3.46,LANE_A,3065.0,44.9,92.0,1.0,0,450.0,-15.4,-16.04,-13.9,-16.46,4.16,-1.0,1.17,-0.81,-0.26,-11.11,-2.59,-0.05,0.004,-0.06,0.7883,1
1.15,TRAIN_M06_THAR_FAULT04_OIL_PRESS,TRAIN,THAR_DESERT,CLIMB,5520.1,2271.6,84.5,113.96,115.8,114.96,114.89,784.27,783.81,783.45,784.07,3.99,103.83,17.49,3.0,80.52,0.794,14.06,3.04,LANE_A,3072.0,44.9,92.0,1.0,0,450.0,-15.04,-15.7,-13.54,-16.11,4.16,-1.3,1.34,-1.04,-0.22,-11.17,-2.61,-0.04,0.017,-0.04,0.7812,1
1.2,TRAIN_M06_THAR_FAULT04_OIL_PRESS,TRAIN,THAR_DESERT,CLIMB,5528.8,2275.2,84.6,114.32,116.15,115.31,115.25,784.17,783.92,783.29,783.86,4.0,103.89,17.61,3.0,80.48,0.804,14.04,3.22,LANE_A,3080.0,44.9,92.0,1.0,0,450.0,-14.68,-15.35,-13.19,-15.75,4.15,-1.1,1.27,-1.16,-0.22,-11.11,-2.52,-0.1,0.026,-0.06,0.7737,1
1.25,TRAIN_M06_THAR_FAULT04_OIL_PRESS,TRAIN,THAR_DESERT,CLIMB,5539.7,2279.7,84.7,114.68,116.5,115.67,115.6,783.8,784.27,783.24,783.45,4.02,104.02,17.58,3.0,80.29,0.772,14.07,3.19,LANE_A,3088.0,44.9,92.0,1.0,0,450.0,-14.32,-15.0,-12.83,-15.4,3.88,-0.65,1.32,-1.47,-0.2,-10.98,-2.59,-0.31,-0.008,-0.03,0.7662,1
1.3,TRAIN_M06_THAR_FAULT04_OIL_PRESS,TRAIN,THAR_DESERT,CLIMB,5547.3,2282.8,84.8,115.03,116.83,116.02,115.96,783.69,784.31,783.3,783.57,3.98,104.07,17.67,3.0,80.37,0.767,14.07,3.1,LANE_A,3095.0,44.8,92.0,1.0,0,450.0,-13.97,-14.67,-12.48,-15.04,3.88,-0.5,1.49,-1.24,-0.25,-10.93,-2.54,-0.26,-0.014,-0.03,0.7584,1
1.35,TRAIN_M06_THAR_FAULT04_OIL_PRESS,TRAIN,THAR_DESERT,CLIMB,5548.5,2283.3,84.8,115.4,117.18,116.36,116.3,783.34,784.2,783.12,783.4,3.99,104.02,17.65,3.0,80.43,0.682,14.06,3.33,LANE_A,3102.0,44.8,92.0,1.0,0,450.0,-13.6,-14.32,-12.14,-14.7,3.53,-0.61,1.31,-1.41,-0.24,-10.98,-2.55,-0.18,-0.099,-0.04,0.7507,1
1.4,TRAIN_M06_THAR_FAULT04_OIL_PRESS,TRAIN,THAR_DESERT,CLIMB,5548.6,2283.4,84.9,115.75,117.52,116.71,116.66,782.97,784.02,782.83,783.68,3.97,103.9,17.73,3.0,80.55,0.772,14.04,3.34,LANE_A,3110.0,44.8,92.0,1.0,0,450.0,-13.25,-13.98,-11.79,-14.34,3.26,-0.69,1.12,-1.03,-0.26,-11.1,-2.48,-0.08,-0.009,-0.06,0.7422,1
1.45,TRAIN_M06_THAR_FAULT04_OIL_PRESS,TRAIN,THAR_DESERT,CLIMB,5542.4,2280.8,85.0,116.09,117.85,117.05,117.0,782.9,783.62,782.44,783.37,4.0,103.96,17.71,3.0,80.72,0.81,14.08,3.27,LANE_A,3118.0,44.8,92.0,1.0,0,450.0,-12.91,-13.65,-11.45,-14.0,3.29,-0.99,0.83,-1.24,-0.22,-11.04,-2.47,0.07,0.03,-0.02,0.7338,1
1.5,TRAIN_M06_THAR_FAULT04_OIL_PRESS,TRAIN,THAR_DESERT,CLIMB,5551.8,2284.7,85.0,116.44,118.19,117.39,117.34,782.83,783.73,782.33,782.93,3.99,103.96,17.74,3.0,80.62,0.788,14.03,3.47,LANE_A,3125.0,44.8,92.0,1.0,0,450.0,-12.56,-13.31,-11.11,-13.66,3.22,-0.88,0.72,-1.68,-0.24,-11.04,-2.47,-0.01,0.006,-0.07,0.7254,1
1.55,TRAIN_M06_THAR_FAULT04_OIL_PRESS,TRAIN,THAR_DESERT,CLIMB,5547.5,2282.9,85.1,116.78,118.52,117.73,117.67,782.71,783.7,782.56,782.71,3.98,103.94,17.87,3.0,80.78,0.781,14.06,3.06,LANE_A,3132.0,44.8,92.0,1.0,0,450.0,-12.22,-12.98,-10.77,-13.33,3.2,-0.81,1.05,-1.8,-0.25,-11.06,-2.33,0.12,0.0,-0.04,0.7167,1
1.6,TRAIN_M06_THAR_FAULT04_OIL_PRESS,TRAIN,THAR_DESERT,CLIMB,5546.6,2282.6,85.1,117.13,118.85,118.07,118.01,782.71,783.56,782.34,782.73,4.01,104.13,17.87,3.0,80.74,0.839,14.03,3.02,LANE_A,3140.0,44.8,92.0,1.0,0,450.0,-11.87,-12.65,-10.43,-12.99,3.2,-0.95,0.83,-1.78,-0.22,-10.87,-2.32,0.1,0.058,-0.07,0.7074,1
1.65,TRAIN_M06_THAR_FAULT04_OIL_PRESS,TRAIN,THAR_DESERT,CLIMB,5541.6,2280.5,85.2,117.47,119.17,118.41,118.34,783.1,783.59,782.72,782.87,3.97,104.2,17.83,3.0,80.79,0.722,14.02,3.23,LANE_A,3148.0,44.7,92.0,1.0,0,450.0,-11.53,-12.33,-10.09,-12.66,3.7,-0.81,1.32,-1.53,-0.25,-10.8,-2.35,0.13,-0.058,-0.08,0.6986,1
1.7,TRAIN_M06_THAR_FAULT04_OIL_PRESS,TRAIN,THAR_DESERT,CLIMB,5549.9,2283.9,85.2,117.81,119.5,118.73,118.67,782.86,783.54,782.75,782.79,3.96,104.14,17.81,3.0,80.84,0.783,14.04,3.06,LANE_A,3155.0,44.7,92.0,1.0,0,450.0,-11.19,-12.0,-9.77,-12.33,3.46,-0.86,1.35,-1.61,-0.27,-10.86,-2.39,0.2,0.002,-0.06,0.6895,1
1.75,TRAIN_M06_THAR_FAULT04_OIL_PRESS,TRAIN,THAR_DESERT,CLIMB,5549.2,2283.6,85.3,118.15,119.82,119.06,119.0,782.93,783.31,782.62,782.84,3.97,104.04,17.86,3.0,80.73,0.736,14.06,3.49,LANE_A,3162.0,44.7,92.0,1.0,0,450.0,-10.85,-11.68,-9.44,-12.0,3.63,-0.99,1.32,-1.46,-0.26,-10.96,-2.34,0.07,-0.045,-0.04,0.6798,1
1.8,TRAIN_M06_THAR_FAULT04_OIL_PRESS,TRAIN,THAR_DESERT,CLIMB,5549.3,2283.7,85.3,118.48,120.14,119.39,119.33,783.15,782.62,782.58,782.41,4.0,104.1,17.85,3.0,80.73,0.82,14.03,3.12,LANE_A,3170.0,44.7,92.0,1.0,0,450.0,-10.52,-11.36,-9.11,-11.67,3.85,-1.68,1.28,-1.89,-0.23,-10.9,-2.34,0.09,0.039,-0.07,0.6698,1
1.85,TRAIN_M06_THAR_FAULT04_OIL_PRESS,TRAIN,THAR_DESERT,CLIMB,5550.2,2284.0,85.4,118.81,120.46,119.72,119.65,783.08,782.15,782.87,782.18,3.97,104.08,17.91,3.0,80.56,0.761,14.05,3.15,LANE_A,3178.0,44.7,92.0,1.0,0,450.0,-10.19,-11.04,-8.78,-11.35,3.88,-2.05,1.67,-2.02,-0.26,-10.92,-2.29,-0.1,-0.02,-0.05,0.66,1
1.9,TRAIN_M06_THAR_FAULT04_OIL_PRESS,TRAIN,THAR_DESERT,CLIMB,5562.2,2289.0,85.4,119.14,120.78,120.04,119.97,782.9,781.8,783.16,781.99,3.98,104.04,17.86,3.0,80.58,0.805,14.06,3.15,LANE_A,3185.0,44.7,92.0,1.0,0,450.0,-9.86,-10.72,-8.46,-11.03,3.7,-2.4,1.96,-2.21,-0.25,-10.96,-2.37,-0.06,0.022,-0.04,0.6501,1
1.95,TRAIN_M06_THAR_FAULT04_OIL_PRESS,TRAIN,THAR_DESERT,CLIMB,5559.3,2287.8,85.4,119.47,121.09,120.36,120.29,782.68,781.59,782.99,781.78,3.97,103.94,17.89,3.0,80.76,0.798,14.04,3.18,LANE_A,3192.0,44.7,92.0,1.0,0,450.0,-9.53,-10.41,-8.14,-10.71,3.48,-2.61,1.79,-2.42,-0.26,-11.06,-2.33,0.14,0.015,-0.06,0.6398,0
2.0,TRAIN_M06_THAR_FAULT04_OIL_PRESS,TRAIN,THAR_DESERT,CLIMB,5561.4,2288.7,85.5,119.8,121.4,120.68,120.61,782.88,781.48,783.03,781.6,4.03,103.83,17.91,3.0,80.65,0.744,14.07,3.38,LANE_A,3200.0,44.7,92.0,1.0,0,450.0,-9.2,-10.1,-7.82,-10.39,3.78,-2.62,1.93,-2.5,-0.2,-11.17,-2.32,0.01,-0.039,-0.03,0.6289,0
2.05,TRAIN_M06_THAR_FAULT04_OIL_PRESS,TRAIN,THAR_DESERT,CLIMB,5562.6,2289.1,85.5,120.12,121.71,120.99,120.92,782.75,781.85,782.98,781.8,4.0,103.96,17.89,3.0,80.64,0.749,14.07,3.36,LANE_A,3208.0,44.6,92.0,1.0,0,450.0,-8.88,-9.79,-7.51,-10.08,3.66,-2.24,1.89,-2.29,-0.23,-11.04,-2.34,0.02,-0.034,-0.03,0.6183,0
2.1,TRAIN_M06_THAR_FAULT04_OIL_PRESS,TRAIN,THAR_DESERT,CLIMB,5559.2,2287.7,85.5,120.44,122.01,121.31,121.24,782.42,781.96,783.04,781.79,4.03,103.99,18.0,3.0,80.69,0.76,14.05,3.29,LANE_A,3215.0,44.6,92.0,1.0,0,450.0,-8.56,-9.49,-7.19,-9.76,3.33,-2.13,1.95,-2.3,-0.2,-11.01,-2.21,0.09,-0.023,-0.05,0.6064,0
2.15,TRAIN_M06_THAR_FAULT04_OIL_PRESS,TRAIN,THAR_DESERT,CLIMB,5564.9,2290.1,85.6,120.76,122.32,121.62,121.55,782.34,781.94,782.95,781.64,3.93,104.14,17.99,3.0,80.63,0.795,14.06,3.18,LANE_A,3222.0,44.6,92.0,1.0,0,450.0,-8.24,-9.18,-6.88,-9.45,3.35,-2.05,1.96,-2.35,-0.3,-10.86,-2.24,0.01,0.011,-0.04,0.5959,0
2.2,TRAIN_M06_THAR_FAULT04_OIL_PRESS,TRAIN,THAR_DESERT,CLIMB,5556.0,2286.4,85.6,121.08,122.62,121.93,121.86,781.84,781.73,783.13,781.78,3.98,104.2,18.0,3.0,80.5,0.807,14.08,3.13,LANE_A,3230.0,44.6,92.0,1.0,0,450.0,-7.92,-8.88,-6.57,-9.14,2.85,-2.26,2.14,-2.21,-0.25,-10.8,-2.2,-0.1,0.025,-0.02,0.5837,0
2.25,TRAIN_M06_THAR_FAULT04_OIL_PRESS,TRAIN,THAR_DESERT,CLIMB,5558.2,2287.3,85.6,121.39,122.92,122.24,122.17,782.14,781.89,782.65,781.34,3.99,104.15,17.97,3.0,80.76,0.82,14.04,3.37,LANE_A,3238.0,44.6,92.0,1.0,0,450.0,-7.61,-8.58,-6.26,-8.83,3.15,-2.1,1.66,-2.65,-0.24,-10.85,-2.23,0.18,0.037,-0.06,0.572,0
2.3,TRAIN_M06_THAR_FAULT04_OIL_PRESS,TRAIN,THAR_DESERT,CLIMB,5558.5,2287.4,85.7,121.69,123.22,122.55,122.47,781.99,781.86,782.4,781.61,4.0,104.04,17.93,3.0,80.66,0.778,14.07,3.3,LANE_A,3245.0,44.6,92.0,1.0,0,450.0,-7.31,-8.28,-5.95,-8.53,3.1,-2.03,1.51,-2.28,-0.23,-10.96,-2.27,0.06,-0.005,-0.03,0.568,0
2.35,TRAIN_M06_THAR_FAULT04_OIL_PRESS,TRAIN,THAR_DESERT,CLIMB,5563.0,2289.3,85.7,122.0,123.52,122.85,122.77,782.13,782.09,782.3,781.68,4.0,104.14,18.02,3.0,80.57,0.822,14.04,3.04,LANE_A,3252.0,44.6,92.0,1.0,0,450.0,-7.0,-7.98,-5.65,-8.23,3.24,-1.8,1.41,-2.21,-0.23,-10.86,-2.19,-0.01,0.039,-0.06,0.5629,0
2.4,TRAIN_M06_THAR_FAULT04_OIL_PRESS,TRAIN,THAR_DESERT,CLIMB,5565.2,2290.2,85.7,122.31,123.82,123.15,123.08,781.56,782.19,782.57,781.59,3.97,104.08,18.06,3.0,80.5,0.704,14.07,3.02,LANE_A,3260.0,44.5,92.0,1.0,0,450.0,-6.69,-7.68,-5.35,-7.92,2.68,-1.69,1.69,-2.29,-0.26,-10.92,-2.16,-0.06,-0.08,-0.03,0.5626,0
2.45,TRAIN_M06_THAR_FAULT04_OIL_PRESS,TRAIN,THAR_DESERT,CLIMB,5569.6,2292.0,85.7,122.62,124.11,123.45,123.37,781.72,782.07,782.57,781.64,4.01,104.11,17.99,3.0,80.52,0.792,14.06,3.22,LANE_A,3268.0,44.5,92.0,1.0,0,450.0,-6.38,-7.39,-5.05,-7.63,2.84,-1.81,1.69,-2.24,-0.23,-10.89,-2.24,-0.01,0.008,-0.04,0.5595,0
2.5,TRAIN_M06_THAR_FAULT04_OIL_PRESS,TRAIN,THAR_DESERT,CLIMB,5566.9,2290.9,85.8,122.91,124.4,123.75,123.67,781.7,782.01,782.69,781.48,3.99,104.12,18.0,3.0,80.49,0.76,14.06,3.3,LANE_A,3275.0,44.5,92.0,1.0,0,450.0,-6.09,-7.1,-4.75,-7.33,2.92,-1.77,1.91,-2.3,-0.25,-10.88,-2.22,-0.07,-0.024,-0.04,0.5573,0
2.55,TRAIN_M06_THAR_FAULT04_OIL_PRESS,TRAIN,THAR_DESERT,CLIMB,5564.7,2290.0,85.8,123.21,124.68,124.04,123.96,781.71,782.58,782.57,781.51,3.96,104.27,17.93,3.0,80.45,0.816,14.05,2.88,LANE_A,3282.0,44.5,92.0,1.0,0,450.0,-5.79,-6.82,-4.46,-7.04,2.93,-1.2,1.79,-2.27,-0.27,-10.73,-2.28,-0.09,0.032,-0.05,0.5517,0
2.6,TRAIN_M06_THAR_FAULT04_OIL_PRESS,TRAIN,THAR_DESERT,CLIMB,5562.4,2289.1,85.8,123.51,124.97,124.33,124.26,781.94,782.69,782.89,781.76,3.96,104.2,18.03,3.0,80.42,0.785,14.06,3.18,LANE_A,3290.0,44.5,92.0,1.0,0,450.0,-5.49,-6.53,-4.17,-6.74,3.16,-1.09,2.11,-2.02,-0.27,-10.8,-2.16,-0.1,0.002,-0.04,0.551,0
2.65,TRAIN_M06_THAR_FAULT04_OIL_PRESS,TRAIN,THAR_DESERT,CLIMB,5569.4,2291.9,85.8,123.81,125.25,124.61,124.54,782.06,782.21,783.13,781.92,4.01,104.26,18.03,3.0,80.59,0.834,14.03,3.38,LANE_A,3298.0,44.5,92.0,1.0,0,450.0,-5.19,-6.25,-3.89,-6.46,3.28,-1.57,2.35,-1.86,-0.23,-10.74,-2.18,0.1,0.05,-0.07,0.5472,0
2.7,TRAIN_M06_THAR_FAULT04_OIL_PRESS,TRAIN,THAR_DESERT,CLIMB,5560.5,2288.3,85.8,124.1,125.54,124.91,124.83,782.24,782.06,782.86,781.75,3.97,104.29,18.07,3.0,80.51,0.757,14.03,3.07,LANE_A,3305.0,44.5,92.0,1.0,0,450.0,-4.9,-5.96,-3.59,-6.17,3.46,-1.72,2.08,-2.03,-0.26,-10.71,-2.11,0.04,-0.026,-0.07,0.5444,0
2.75,TRAIN_M06_THAR_FAULT04_OIL_PRESS,TRAIN,THAR_DESERT,CLIMB,5561.9,2288.9,85.9,124.39,125.81,125.18,125.11,781.61,781.97,782.38,781.9,4.01,104.16,17.95,3.0,80.45,0.764,14.07,3.27,LANE_A,3312.0,44.4,92.0,1.0,0,450.0,-4.61,-5.69,-3.32,-5.89,2.95,-1.69,1.72,-1.76,-0.22,-10.84,-2.24,-0.05,-0.019,-0.03,0.5463,0
2.8,TRAIN_M06_THAR_FAULT04_OIL_PRESS,TRAIN,THAR_DESERT,CLIMB,5560.5,2288.3,85.9,124.68,126.09,125.46,125.39,781.89,782.07,782.31,781.38,3.97,104.15,17.91,3.0,80.41,0.802,14.07,3.1,LANE_A,3320.0,44.4,92.0,1.0,0,450.0,-4.32,-5.41,-3.04,-5.61,3.23,-1.59,1.65,-2.28,-0.26,-10.85,-2.27,-0.06,0.019,-0.03,0.5456,0
2.85,TRAIN_M06_THAR_FAULT04_OIL_PRESS,TRAIN,THAR_DESERT,CLIMB,5575.4,2294.4,85.9,124.96,126.36,125.74,125.67,781.84,782.16,782.39,781.28,4.0,104.24,17.89,3.0,80.35,0.775,14.06,3.24,LANE_A,3328.0,44.4,92.0,1.0,0,450.0,-4.04,-5.14,-2.76,-5.33,3.18,-1.5,1.73,-2.38,-0.24,-10.76,-2.33,-0.1,-0.01,-0.04,0.5414,0
2.9,TRAIN_M06_THAR_FAULT04_OIL_PRESS,TRAIN,THAR_DESERT,CLIMB,5576.6,2294.9,85.9,125.25,126.64,126.02,125.96,781.63,782.29,782.2,781.45,3.95,104.22,18.05,3.0,80.47,0.793,14.05,2.96,LANE_A,3335.0,44.4,92.0,1.0,0,450.0,-3.75,-4.86,-2.48,-5.04,2.97,-1.37,1.54,-2.21,-0.29,-10.78,-2.17,0.04,0.008,-0.05,0.5403,0
2.95,TRAIN_M06_THAR_FAULT04_OIL_PRESS,TRAIN,THAR_DESERT,CLIMB,5575.5,2294.4,85.9,125.53,126.91,126.3,126.24,781.58,782.57,782.37,781.28,3.98,104.21,18.05,3.0,80.61,0.826,14.06,3.42,LANE_A,3342.0,44.4,92.0,1.0,0,450.0,-3.47,-4.59,-2.2,-4.76,2.92,-1.09,1.71,-2.38,-0.26,-10.79,-2.16,0.2,0.041,-0.04,0.5385,0
3.0,TRAIN_M06_THAR_FAULT04_OIL_PRESS,TRAIN,THAR_DESERT,CLIMB,5575.9,2294.6,85.9,125.81,127.18,126.57,126.51,781.89,782.72,782.46,781.54,3.99,104.4,18.03,3.0,80.42,0.778,14.06,3.06,LANE_A,3350.0,44.4,92.0,1.0,0,450.0,-3.19,-4.32,-1.93,-4.49,3.23,-0.94,1.8,-2.12,-0.25,-10.6,-2.18,0.03,-0.007,-0.04,0.5313,0
3.05,TRAIN_M06_THAR_FAULT04_OIL_PRESS,TRAIN,THAR_DESERT,CLIMB,5574.9,2294.2,85.9,126.08,127.45,126.84,126.79,781.96,782.6,782.49,781.62,3.98,104.42,18.0,3.0,80.4,0.791,14.04,3.47,LANE_A,3358.0,44.4,92.0,1.0,0,450.0,-2.92,-4.05,-1.66,-4.21,3.3,-1.06,1.83,-2.04,-0.26,-10.58,-2.2,0.04,0.006,-0.06,0.5296,0
3.1,TRAIN_M06_THAR_FAULT04_OIL_PRESS,TRAIN,THAR_DESERT,CLIMB,5566.7,2290.8,85.9,126.36,127.72,127.11,127.06,781.72,782.41,782.21,781.9,3.98,104.39,17.99,3.0,80.48,0.776,14.08,3.17,LANE_A,3365.0,44.4,92.0,1.0,0,450.0,-2.64,-3.78,-1.39,-3.94,3.06,-1.25,1.55,-1.76,-0.26,-10.61,-2.18,0.14,-0.008,-0.02,0.529,0
3.15,TRAIN_M06_THAR_FAULT04_OIL_PRESS,TRAIN,THAR_DESERT,CLIMB,5564.5,2289.9,86.0,126.63,127.98,127.37,127.32,781.92,782.22,782.19,781.61,3.97,104.38,17.96,3.0,80.35,0.833,14.06,3.17,LANE_A,3372.0,44.3,92.0,1.0,0,450.0,-2.37,-3.52,-1.13,-3.68,3.37,-1.33,1.64,-1.94,-0.26,-10.62,-2.2,-0.02,0.05,-0.04,0.5284,0
3.2,TRAIN_M06_THAR_FAULT04_OIL_PRESS,TRAIN,THAR_DESERT,CLIMB,5565.8,2290.4,86.0,126.9,128.23,127.64,127.59,781.98,782.41,782.21,781.88,3.94,104.4,17.93,3.0,80.45,0.779,14.04,3.21,LANE_A,3380.0,44.3,92.0,1.0,0,450.0,-2.1,-3.27,-0.86,-3.41,3.43,-1.14,1.66,-1.67,-0.3,-10.6,-2.23,0.11,-0.005,-0.06,0.5277,0
3.25,TRAIN_M06_THAR_FAULT04_OIL_PRESS,TRAIN,THAR_DESERT,CLIMB,5568.9,2291.7,86.0,127.18,128.5,127.9,127.85,782.35,782.12,781.87,781.48,3.98,104.36,18.04,3.0,80.32,0.721,14.04,3.3,LANE_A,3388.0,44.3,92.0,1.0,0,450.0,-1.82,-3.0,-0.6,-3.15,3.8,-1.43,1.32,-2.07,-0.26,-10.64,-2.13,0.0,-0.063,-0.06,0.5267,0
3.3,TRAIN_M06_THAR_FAULT04_OIL_PRESS,TRAIN,THAR_DESERT,CLIMB,5563.8,2289.6,86.0,127.45,128.75,128.16,128.11,782.2,781.89,782.04,781.35,3.96,104.39,17.98,3.0,80.41,0.775,14.06,3.39,LANE_A,3395.0,44.3,92.0,1.0,0,450.0,-1.55,-2.75,-0.34,-2.89,3.65,-1.66,1.49,-2.2,-0.27,-10.61,-2.16,0.11,-0.008,-0.04,0.525,0
3.35,TRAIN_M06_THAR_FAULT04_OIL_PRESS,TRAIN,THAR_DESERT,CLIMB,5559.4,2287.8,86.0,127.71,129.01,128.42,128.37,782.33,781.95,781.79,781.52,4.01,104.45,18.1,3.0,80.32,0.836,14.06,2.84,LANE_A,3402.0,44.3,92.0,1.0,0,450.0,-1.29,-2.49,-0.08,-2.63,3.78,-1.6,1.24,-2.03,-0.22,-10.55,-2.02,0.04,0.053,-0.04,0.5207,0
3.4,TRAIN_M06_THAR_FAULT04_OIL_PRESS,TRAIN,THAR_DESERT,CLIMB,5568.7,2291.6,86.0,127.97,129.26,128.68,128.63,782.16,782.08,781.69,781.77,3.98,104.45,18.14,3.0,80.23,0.74,14.07,3.29,LANE_A,3410.0,44.3,92.0,1.0,0,450.0,-1.03,-2.24,0.18,-2.37,3.61,-1.47,1.14,-1.78,-0.26,-10.55,-2.01,-0.03,-0.044,-0.03,0.5206,0
3.45,TRAIN_M06_THAR_FAULT04_OIL_PRESS,TRAIN,THAR_DESERT,CLIMB,5566.5,2290.8,86.0,128.23,129.51,128.94,128.88,782.05,782.16,781.53,781.71,4.0,104.45,18.07,3.0,80.17,0.797,14.06,3.11,LANE_A,3418.0,44.3,92.0,1.0,0,450.0,-0.77,-1.99,0.44,-2.12,3.5,-1.39,0.98,-1.84,-0.24,-10.55,-2.07,-0.06,0.013,-0.04,0.5199,0
3.5,TRAIN_M06_THAR_FAULT04_OIL_PRESS,TRAIN,THAR_DESERT,CLIMB,5565.5,2290.3,86.0,128.49,129.77,129.19,129.14,781.28,782.2,781.5,781.95,3.95,104.68,18.18,3.0,80.25,0.778,14.05,3.24,LANE_A,3425.0,44.2,92.0,1.0,0,450.0,-0.51,-1.73,0.69,-1.86,2.75,-1.33,0.97,-1.58,-0.29,-10.32,-1.95,0.04,-0.006,-0.05,0.5124,0
3.55,TRAIN_M06_THAR_FAULT04_OIL_PRESS,TRAIN,THAR_DESERT,CLIMB,5567.4,2291.1,86.0,128.75,130.02,129.44,129.4,781.23,782.03,782.0,781.93,3.97,104.73,18.09,3.0,80.21,0.82,14.05,3.17,LANE_A,3432.0,44.2,92.0,1.0,0,450.0,-0.25,-1.48,0.94,-1.6,2.7,-1.5,1.47,-1.6,-0.27,-10.27,-2.05,0.02,0.036,-0.05,0.5108,0
3.6,TRAIN_M06_THAR_FAULT04_OIL_PRESS,TRAIN,THAR_DESERT,CLIMB,5570.1,2292.2,86.0,129.01,130.26,129.69,129.65,781.77,782.33,781.91,782.01,3.99,104.76,18.03,3.0,80.15,0.786,14.06,3.25,LANE_A,3440.0,44.2,92.0,1.0,0,450.0,0.01,-1.24,1.19,-1.35,3.24,-1.2,1.38,-1.52,-0.25,-10.24,-2.11,-0.02,0.002,-0.04,0.5095,0
3.65,TRAIN_M06_THAR_FAULT04_OIL_PRESS,TRAIN,THAR_DESERT,CLIMB,5576.9,2295.0,86.0,129.26,130.51,129.93,129.89,781.88,782.28,781.85,782.5,3.96,104.82,17.93,3.0,80.04,0.798,14.04,2.95,LANE_A,3448.0,44.2,92.0,1.0,0,450.0,0.26,-0.99,1.43,-1.11,3.35,-1.25,1.32,-1.03,-0.28,-10.18,-2.23,-0.11,0.013,-0.06,0.5091,0
3.7,TRAIN_M06_THAR_FAULT04_OIL_PRESS,TRAIN,THAR_DESERT,CLIMB,5582.1,2297.2,86.0,129.5,130.75,130.17,130.14,781.56,781.53,781.55,782.34,3.99,104.88,17.91,3.0,79.96,0.746,14.04,3.48,LANE_A,3455.0,44.2,92.0,1.0,0,450.0,0.5,-0.75,1.67,-0.86,3.03,-2.0,1.02,-1.19,-0.25,-10.12,-2.26,-0.17,-0.04,-0.06,0.5069,0
3.75,TRAIN_M06_THAR_FAULT04_OIL_PRESS,TRAIN,THAR_DESERT,CLIMB,5588.7,2299.9,86.0,129.75,130.99,130.42,130.39,781.8,781.91,781.12,782.36,3.95,105.05,17.95,3.0,79.93,0.763,14.05,3.38,LANE_A,3462.0,44.2,92.0,1.0,0,450.0,0.75,-0.51,1.92,-0.61,3.27,-1.62,0.59,-1.17,-0.3,-9.95,-2.24,-0.17,-0.024,-0.05,0.5025,0
3.8,TRAIN_M06_THAR_FAULT04_OIL_PRESS,TRAIN,THAR_DESERT,CLIMB,5581.3,2296.8,85.9,130.0,131.23,130.66,130.63,782.02,781.69,781.15,781.77,3.92,104.86,18.01,3.0,80.04,0.747,14.04,3.17,LANE_A,3470.0,44.2,92.0,1.0,0,450.0,1.0,-0.27,2.16,-0.37,3.39,-1.94,0.52,-1.86,-0.32,-10.14,-2.14,0.0,-0.039,-0.06,0.5087,0
3.85,TRAIN_M06_THAR_FAULT04_OIL_PRESS,TRAIN,THAR_DESERT,CLIMB,5579.6,2296.1,85.9,130.24,131.47,130.91,130.87,782.0,781.48,781.38,781.62,3.97,104.8,18.04,3.0,79.88,0.839,14.07,3.36,LANE_A,3478.0,44.1,92.0,1.0,0,450.0,1.24,-0.03,2.41,-0.13,3.38,-2.14,0.76,-2.0,-0.27,-10.2,-2.11,-0.13,0.053,-0.03,0.5095,0
3.9,TRAIN_M06_THAR_FAULT04_OIL_PRESS,TRAIN,THAR_DESERT,CLIMB,5573.7,2293.7,85.9,130.48,131.7,131.14,131.12,782.16,781.61,781.55,781.79,4.01,104.8,18.05,3.0,79.92,0.74,14.08,3.39,LANE_A,3485.0,44.1,92.0,1.0,0,450.0,1.48,0.2,2.64,0.12,3.54,-2.01,0.93,-1.83,-0.23,-10.2,-2.07,-0.07,-0.045,-0.02,0.5088,0
3.95,TRAIN_M06_THAR_FAULT04_OIL_PRESS,TRAIN,THAR_DESERT,CLIMB,5568.9,2291.7,85.9,130.72,131.93,131.38,131.35,782.19,781.45,781.5,781.7,3.99,104.84,18.0,3.0,79.9,0.743,14.05,3.12,LANE_A,3492.0,44.1,92.0,1.0,0,450.0,1.72,0.43,2.88,0.35,3.57,-2.17,0.88,-1.92,-0.25,-10.16,-2.1,-0.07,-0.041,-0.05,0.5087,0
4.0,TRAIN_M06_THAR_FAULT04_OIL_PRESS,TRAIN,THAR_DESERT,CRUISE_LOITER,5569.2,2291.9,84.1,130.97,132.17,131.62,131.59,782.46,781.39,782.01,782.07,3.96,104.81,17.94,3.0,79.69,0.763,14.05,3.32,LANE_A,3538.0,44.0,89.0,1.0,0,450.0,1.97,0.67,3.12,0.59,2.1,-3.97,-0.35,-3.29,-0.28,-10.19,-2.03,0.65,-0.021,-0.05,0.5108,0
4.05,TRAIN_M06_THAR_FAULT04_OIL_PRESS,TRAIN,THAR_DESERT,CRUISE_LOITER,5561.7,2288.8,82.6,131.21,132.4,131.85,131.83,783.02,782.5,782.08,782.7,4.01,104.76,17.76,3.0,79.22,0.806,14.05,3.24,LANE_A,3538.0,44.0,89.0,1.0,0,450.0,2.21,0.9,3.35,0.83,1.23,-4.29,-1.71,-4.09,-0.22,-10.24,-2.09,0.85,0.023,-0.05,0.5125,0
4.1,TRAIN_M06_THAR_FAULT04_OIL_PRESS,TRAIN,THAR_DESERT,CRUISE_LOITER,5553.5,2285.4,81.3,131.44,132.62,132.08,132.06,783.55,783.26,782.68,783.71,3.95,104.91,17.53,3.0,78.79,0.723,14.06,3.38,LANE_A,3539.0,44.0,89.0,1.0,0,450.0,2.44,1.12,3.58,1.06,0.55,-4.74,-2.32,-4.29,-0.28,-10.09,-2.22,1.0,-0.059,-0.04,0.511,0
4.15,TRAIN_M06_THAR_FAULT04_OIL_PRESS,TRAIN,THAR_DESERT,CRUISE_LOITER,5551.7,2284.7,80.2,131.67,132.84,132.3,132.29,783.81,783.63,782.68,784.34,3.98,104.89,17.32,3.0,78.36,0.796,14.08,3.0,LANE_A,3539.0,44.0,89.0,1.0,0,450.0,2.67,1.34,3.8,1.29,-0.18,-5.36,-3.31,-4.65,-0.25,-10.11,-2.36,1.06,0.015,-0.02,0.5129,0
4.2,TRAIN_M06_THAR_FAULT04_OIL_PRESS,TRAIN,THAR_DESERT,CRUISE_LOITER,5545.4,2282.1,79.2,131.89,133.05,132.52,132.51,784.42,784.71,783.11,784.8,3.97,104.97,17.17,3.0,78.01,0.779,14.09,3.13,LANE_A,3540.0,44.0,89.0,1.0,0,450.0,2.89,1.55,4.02,1.51,-0.46,-5.17,-3.77,-5.08,-0.26,-10.03,-2.44,1.17,-0.002,-0.01,0.5122,0
4.25,TRAIN_M06_THAR_FAULT04_OIL_PRESS,TRAIN,THAR_DESERT,CRUISE_LOITER,5532.5,2276.7,78.4,132.1,133.25,132.73,132.72,784.9,784.91,784.11,785.56,3.98,104.94,16.85,3.0,77.36,0.84,14.05,3.5,LANE_A,3540.0,44.0,89.0,1.0,0,450.0,3.1,1.75,4.23,1.72,-0.67,-5.66,-3.46,-5.01,-0.24,-10.06,-2.67,0.88,0.061,-0.05,0.5154,0
4.3,TRAIN_M06_THAR_FAULT04_OIL_PRESS,TRAIN,THAR_DESERT,CRUISE_LOITER,5519.3,2271.3,77.7,132.31,133.45,132.93,132.92,785.5,785.84,784.85,786.07,3.95,104.96,16.67,3.0,76.89,0.798,14.06,3.02,LANE_A,3540.0,44.0,89.0,1.0,0,450.0,3.31,1.95,4.43,1.92,-0.66,-5.32,-3.31,-5.09,-0.26,-10.04,-2.77,0.72,0.022,-0.04,0.5164,0
4.35,TRAIN_M06_THAR_FAULT04_OIL_PRESS,TRAIN,THAR_DESERT,CRUISE_LOITER,5505.4,2265.6,77.1,132.52,133.65,133.12,133.12,786.22,786.12,785.63,786.65,3.94,104.93,16.48,3.0,76.64,0.721,14.06,3.35,LANE_A,3541.0,44.0,89.0,1.0,0,450.0,3.52,2.15,4.62,2.12,-0.44,-5.54,-3.03,-5.01,-0.27,-10.07,-2.88,0.74,-0.053,-0.04,0.5194,0
4.4,TRAIN_M06_THAR_FAULT04_OIL_PRESS,TRAIN,THAR_DESERT,CRUISE_LOITER,5496.6,2262.0,76.6,132.71,133.84,133.32,133.31,786.52,786.75,786.37,787.12,3.92,104.96,16.35,3.0,76.2,0.733,14.06,3.39,LANE_A,3541.0,44.0,88.9,1.0,0,450.0,3.71,2.34,4.82,2.31,-0.55,-5.32,-2.7,-4.95,-0.28,-10.04,-2.95,0.53,-0.04,-0.04,0.5199,0
4.45,TRAIN_M06_THAR_FAULT04_OIL_PRESS,TRAIN,THAR_DESERT,CRUISE_LOITER,5490.7,2259.5,76.2,132.91,134.02,133.51,133.5,787.24,787.66,786.98,787.85,3.94,105.01,16.27,3.0,75.95,0.761,14.05,3.32,LANE_A,3542.0,44.0,88.9,1.0,0,450.0,3.91,2.52,5.01,2.5,-0.16,-4.74,-2.42,-4.55,-0.26,-9.99,-2.99,0.46,-0.011,-0.05,0.5191,0
4.5,TRAIN_M06_THAR_FAULT04_OIL_PRESS,TRAIN,THAR_DESERT,CRUISE_LOITER,5483.2,2256.4,75.8,133.1,134.2,133.7,133.68,787.64,787.92,787.3,788.33,3.92,105.13,16.12,3.0,75.72,0.745,14.08,3.13,LANE_A,3542.0,44.0,88.9,1.0,0,450.0,4.1,2.7,5.2,2.68,-0.08,-4.8,-2.42,-4.39,-0.28,-9.87,-3.09,0.41,-0.026,-0.02,0.5294,0
4.55,TRAIN_M06_THAR_FAULT04_OIL_PRESS,TRAIN,THAR_DESERT,CRUISE_LOITER,5477.6,2254.2,75.5,133.29,134.37,133.88,133.86,788.37,788.23,788.12,788.73,3.9,105.29,16.02,3.0,75.6,0.803,14.05,3.26,LANE_A,3543.0,44.0,88.9,1.0,0,450.0,4.29,2.87,5.38,2.86,0.41,-4.73,-1.84,-4.23,-0.29,-9.71,-3.15,0.43,0.033,-0.05,0.5361,0
4.6,TRAIN_M06_THAR_FAULT04_OIL_PRESS,TRAIN,THAR_DESERT,CRUISE_LOITER,5471.3,2251.5,75.2,133.47,134.54,134.06,134.04,788.54,788.42,788.55,788.97,3.94,105.37,15.93,3.0,75.34,0.768,14.08,3.46,LANE_A,3543.0,44.0,88.9,1.0,0,450.0,4.47,3.04,5.56,3.04,0.35,-4.77,-1.64,-4.22,-0.25,-9.63,-3.21,0.31,-0.001,-0.02,0.5419,0
4.65,TRAIN_M06_THAR_FAULT04_OIL_PRESS,TRAIN,THAR_DESERT,CRUISE_LOITER,5469.9,2251.0,75.0,133.65,134.72,134.23,134.22,789.04,788.76,788.49,788.92,3.89,105.32,15.73,3.0,75.21,0.755,14.06,3.19,LANE_A,3544.0,44.0,88.9,1.0,0,450.0,4.65,3.22,5.73,3.22,0.69,-4.59,-1.86,-4.43,-0.3,-9.68,-3.39,0.27,-0.014,-0.04,0.5608,0
4.7,TRAIN_M06_THAR_FAULT04_OIL_PRESS,TRAIN,THAR_DESERT,CRUISE_LOITER,5463.6,2248.4,74.8,133.82,134.89,134.41,134.38,789.41,789.32,788.95,789.18,3.92,105.33,15.55,3.0,75.1,0.837,14.08,3.31,LANE_A,3544.0,44.0,88.9,1.0,0,450.0,4.82,3.39,5.91,3.38,0.91,-4.18,-1.55,-4.32,-0.27,-9.67,-3.54,0.25,0.069,-0.02,0.575,0
4.75,TRAIN_M06_THAR_FAULT04_OIL_PRESS,TRAIN,THAR_DESERT,CRUISE_LOITER,5455.2,2245.0,74.6,133.99,135.05,134.58,134.55,789.68,789.79,789.67,789.42,3.89,105.39,15.5,3.0,75.02,0.741,14.06,3.24,LANE_A,3545.0,44.0,88.9,1.0,0,450.0,4.99,3.55,6.08,3.55,1.02,-3.87,-0.99,-4.24,-0.29,-9.61,-3.55,0.26,-0.026,-0.04,0.5768,0
4.8,TRAIN_M06_THAR_FAULT04_OIL_PRESS,TRAIN,THAR_DESERT,CRUISE_LOITER,5454.2,2244.5,74.5,134.16,135.2,134.74,134.71,789.99,789.97,789.86,789.77,3.91,105.34,15.35,3.0,75.09,0.8,14.06,2.81,LANE_A,3545.0,44.0,88.9,1.0,0,450.0,5.16,3.7,6.24,3.71,1.26,-3.76,-0.87,-3.96,-0.27,-9.66,-3.69,0.38,0.034,-0.04,0.5898,0
4.85,TRAIN_M06_THAR_FAULT04_OIL_PRESS,TRAIN,THAR_DESERT,CRUISE_LOITER,5450.8,2243.1,74.4,134.33,135.36,134.89,134.86,790.21,790.2,789.92,790.04,3.92,105.25,15.32,3.0,75.02,0.76,14.07,3.2,LANE_A,3545.0,44.0,88.9,1.0,0,450.0,5.33,3.86,6.39,3.86,1.4,-3.61,-0.89,-3.77,-0.26,-9.75,-3.7,0.35,-0.006,-0.03,0.5914,0
4.9,TRAIN_M06_THAR_FAULT04_OIL_PRESS,TRAIN,THAR_DESERT,CRUISE_LOITER,5435.5,2236.8,74.3,134.5,135.51,135.05,135.02,790.36,790.37,790.43,790.43,3.93,105.19,15.17,3.0,74.9,0.738,14.09,3.18,LANE_A,3546.0,44.0,88.9,1.0,0,450.0,5.5,4.01,6.55,4.02,1.47,-3.52,-0.46,-3.46,-0.25,-9.81,-3.8,0.28,-0.026,-0.01,0.6007,0
4.95,TRAIN_M06_THAR_FAULT04_OIL_PRESS,TRAIN,THAR_DESERT,CRUISE_LOITER,5437.6,2237.7,74.2,134.66,135.66,135.19,135.17,790.85,790.79,790.71,790.5,3.92,105.21,15.08,3.0,74.76,0.748,14.06,3.22,LANE_A,3546.0,44.0,88.9,1.0,0,450.0,5.66,4.16,6.69,4.17,1.89,-3.17,-0.25,-3.46,-0.26,-9.79,-3.89,0.19,-0.016,-0.04,0.6091,0
5.0,TRAIN_M06_THAR_FAULT04_OIL_PRESS,TRAIN,THAR_DESERT,CRUISE_LOITER,5428.3,2233.8,74.1,134.82,135.81,135.35,135.32,791.29,791.19,790.81,790.33,3.89,105.2,15.09,3.0,74.78,0.747,14.06,3.32,LANE_A,3547.0,44.0,88.9,1.0,0,450.0,5.82,4.31,6.85,4.32,2.25,-2.85,-0.23,-3.71,-0.28,-9.8,-3.84,0.26,-0.016,-0.04,0.6059,0
5.05,TRAIN_M06_THAR_FAULT04_OIL_PRESS,TRAIN,THAR_DESERT,CRUISE_LOITER,5429.3,2234.3,74.1,134.97,135.96,135.5,135.47,791.74,791.28,791.16,790.27,3.92,105.21,15.19,3.0,74.71,0.807,14.05,3.37,LANE_A,3547.0,44.0,88.9,1.0,0,450.0,5.97,4.46,7.0,4.47,2.7,-2.76,0.12,-3.77,-0.25,-9.79,-3.74,0.19,0.044,-0.05,0.598,0
5.1,TRAIN_M06_THAR_FAULT04_OIL_PRESS,TRAIN,THAR_DESERT,CRUISE_LOITER,5415.6,2228.7,74.0,135.12,136.1,135.65,135.61,791.52,791.2,791.4,790.58,3.87,105.33,15.1,3.0,74.61,0.743,14.04,3.16,LANE_A,3548.0,44.0,88.9,1.0,0,450.0,6.12,4.6,7.15,4.61,2.41,-2.91,0.29,-3.53,-0.3,-9.67,-3.78,0.13,-0.018,-0.06,0.6025,0
5.15,TRAIN_M06_THAR_FAULT04_OIL_PRESS,TRAIN,THAR_DESERT,CRUISE_LOITER,5410.7,2226.6,74.0,135.27,136.24,135.79,135.76,791.85,791.09,791.61,790.92,3.91,105.31,15.06,3.0,74.36,0.76,14.05,3.32,LANE_A,3548.0,44.0,88.9,1.0,0,450.0,6.27,4.74,7.29,4.76,2.74,-3.02,0.5,-3.19,-0.25,-9.69,-3.8,-0.12,0.0,-0.05,0.6044,0
5.2,TRAIN_M06_THAR_FAULT04_OIL_PRESS,TRAIN,THAR_DESERT,CRUISE_LOITER,5409.8,2226.3,73.9,135.42,136.38,135.94,135.91,791.33,791.44,791.43,790.79,3.87,105.36,15.07,3.0,74.47,0.76,14.08,3.03,LANE_A,3548.0,44.0,88.9,1.0,0,450.0,6.42,4.88,7.44,4.91,2.14,-2.75,0.24,-3.4,-0.29,-9.64,-3.79,0.04,0.0,-0.02,0.6047,0
5.25,TRAIN_M06_THAR_FAULT04_OIL_PRESS,TRAIN,THAR_DESERT,CRUISE_LOITER,5403.2,2223.5,73.9,135.57,136.53,136.08,136.06,791.39,791.46,791.82,790.77,3.84,105.38,15.09,3.0,74.58,0.732,14.06,3.49,LANE_A,3549.0,44.0,88.8,1.0,0,450.0,6.57,5.03,7.58,5.06,2.2,-2.73,0.63,-3.42,-0.32,-9.62,-3.74,0.15,-0.027,-0.04,0.6017,0
5.3,TRAIN_M06_THAR_FAULT04_OIL_PRESS,TRAIN,THAR_DESERT,CRUISE_LOITER,5395.4,2220.3,73.9,135.72,136.67,136.22,136.2,791.35,791.95,791.56,790.93,3.95,105.41,15.14,3.0,74.44,0.768,14.08,3.2,LANE_A,3549.0,44.0,88.8,1.0,0,450.0,6.72,5.17,7.72,5.2,2.16,-2.24,0.37,-3.26,-0.21,-9.59,-3.66,0.01,0.01,-0.02,0.5945,0
5.35,TRAIN_M06_THAR_FAULT04_OIL_PRESS,TRAIN,THAR_DESERT,CRUISE_LOITER,5398.4,2221.6,73.9,135.86,136.81,136.36,136.34,791.78,791.99,791.57,791.04,3.9,105.4,15.06,3.0,74.41,0.784,14.08,3.17,LANE_A,3550.0,44.0,88.8,1.0,0,450.0,6.86,5.31,7.86,5.34,2.59,-2.2,0.38,-3.15,-0.26,-9.6,-3.75,-0.02,0.026,-0.02,0.6034,0
5.4,TRAIN_M06_THAR_FAULT04_OIL_PRESS,TRAIN,THAR_DESERT,CRUISE_LOITER,5392.3,2219.0,73.9,136.0,136.94,136.5,136.48,792.31,792.26,791.7,791.14,3.89,105.34,15.08,3.0,74.38,0.732,14.06,3.18,LANE_A,3550.0,44.0,88.8,1.0,0,450.0,7.0,5.44,8.0,5.48,3.12,-1.93,0.51,-3.05,-0.27,-9.66,-3.71,-0.05,-0.025,-0.04,0.6011,0
5.45,TRAIN_M06_THAR_FAULT04_OIL_PRESS,TRAIN,THAR_DESERT,CRUISE_LOITER,5381.8,2214.7,73.9,136.15,137.08,136.64,136.62,792.44,792.69,791.8,791.58,3.91,105.33,15.07,3.0,74.25,0.744,14.06,3.31,LANE_A,3551.0,44.0,88.8,1.0,0,450.0,7.15,5.58,8.14,5.62,3.25,-1.5,0.61,-2.61,-0.24,-9.67,-3.69,-0.17,-0.011,-0.04,0.5999,0
5.5,TRAIN_M06_THAR_FAULT04_OIL_PRESS,TRAIN,THAR_DESERT,CRUISE_LOITER,5389.0,2217.7,73.9,136.28,137.21,136.77,136.75,792.42,792.61,791.82,791.93,3.88,105.47,14.98,3.0,74.3,0.749,14.05,3.15,LANE_A,3551.0,44.0,88.8,1.0,0,450.0,7.28,5.71,8.27,5.75,3.23,-1.58,0.63,-2.26,-0.27,-9.53,-3.8,-0.12,-0.008,-0.05,0.6099,0
5.55,TRAIN_M06_THAR_FAULT04_OIL_PRESS,TRAIN,THAR_DESERT,CRUISE_LOITER,5395.3,2220.3,73.9,136.42,137.34,136.9,136.89,792.53,792.57,792.22,791.88,3.92,105.36,14.94,3.0,74.3,0.788,14.04,3.3,LANE_A,3552.0,44.0,88.8,1.0,0,450.0,7.42,5.84,8.4,5.89,3.34,-1.62,1.03,-2.31,-0.24,-9.64,-3.86,-0.12,0.03,-0.06,0.6155,0
5.6,TRAIN_M06_THAR_FAULT04_OIL_PRESS,TRAIN,THAR_DESERT,CRUISE_LOITER,5391.8,2218.8,73.9,136.56,137.47,137.03,137.02,792.83,792.64,792.12,792.23,3.87,105.48,14.91,3.0,74.28,0.743,14.06,3.35,LANE_A,3552.0,44.0,88.8,1.0,0,450.0,7.56,5.97,8.53,6.02,3.64,-1.55,0.93,-1.96,-0.29,-9.52,-3.88,-0.14,-0.014,-0.04,0.6181,0
5.65,TRAIN_M06_THAR_FAULT04_OIL_PRESS,TRAIN,THAR_DESERT,CRUISE_LOITER,5382.9,2215.2,73.9,136.7,137.6,137.16,137.15,792.4,791.88,792.24,792.14,3.89,105.46,14.91,3.0,74.4,0.733,14.07,3.0,LANE_A,3552.0,44.0,88.8,1.0,0,450.0,7.7,6.1,8.66,6.15,3.21,-2.31,1.05,-2.05,-0.26,-9.54,-3.85,-0.02,-0.023,-0.03,0.6162,0
5.7,TRAIN_M06_THAR_FAULT04_OIL_PRESS,TRAIN,THAR_DESERT,CRUISE_LOITER,5387.3,2217.0,73.9,136.84,137.72,137.29,137.28,792.56,791.8,792.33,792.09,3.9,105.54,14.92,3.0,74.31,0.754,14.05,3.08,LANE_A,3553.0,44.0,88.8,1.0,0,450.0,7.84,6.22,8.79,6.28,3.37,-2.39,1.14,-2.1,-0.25,-9.46,-3.85,-0.11,-0.002,-0.05,0.6168,0
5.75,TRAIN_M06_THAR_FAULT04_OIL_PRESS,TRAIN,THAR_DESERT,CRUISE_LOITER,5385.1,2216.1,73.9,136.97,137.85,137.42,137.4,792.62,791.73,792.95,791.69,3.91,105.49,14.84,3.0,74.42,0.775,14.08,3.06,LANE_A,3553.0,44.0,88.8,1.0,0,450.0,7.97,6.35,8.92,6.4,3.43,-2.46,1.76,-2.5,-0.24,-9.51,-3.93,0.0,0.019,-0.02,0.6239,0
5.8,TRAIN_M06_THAR_FAULT04_OIL_PRESS,TRAIN,THAR_DESERT,CRUISE_LOITER,5385.7,2216.4,73.9,137.1,137.98,137.55,137.54,792.41,791.94,792.53,791.8,3.9,105.5,14.82,3.0,74.42,0.71,14.07,3.05,LANE_A,3554.0,44.0,88.8,1.0,0,450.0,8.1,6.48,9.05,6.54,3.22,-2.25,1.34,-2.39,-0.25,-9.5,-3.95,0.0,-0.046,-0.03,0.6264,0
5.85,TRAIN_M06_THAR_FAULT04_OIL_PRESS,TRAIN,THAR_DESERT,CRUISE_LOITER,5384.8,2216.0,73.9,137.23,138.1,137.67,137.66,792.14,791.96,792.36,792.06,3.93,105.51,14.86,3.0,74.42,0.74,14.08,3.27,LANE_A,3554.0,44.0,88.8,1.0,0,450.0,8.23,6.6,9.17,6.66,2.95,-2.23,1.17,-2.13,-0.22,-9.49,-3.9,0.0,-0.016,-0.02,0.6228,0
5.9,TRAIN_M06_THAR_FAULT04_OIL_PRESS,TRAIN,THAR_DESERT,CRUISE_LOITER,5386.5,2216.7,73.9,137.36,138.22,137.8,137.79,792.26,791.88,792.2,792.25,3.89,105.64,14.94,3.0,74.36,0.758,14.07,3.05,LANE_A,3555.0,44.0,88.8,1.0,0,450.0,8.36,6.72,9.3,6.79,3.07,-2.31,1.01,-1.94,-0.26,-9.36,-3.83,-0.05,0.002,-0.03,0.6182,0
5.95,TRAIN_M06_THAR_FAULT04_OIL_PRESS,TRAIN,THAR_DESERT,CRUISE_LOITER,5387.2,2216.9,73.9,137.49,138.35,137.92,137.92,792.37,791.83,792.3,792.16,3.87,105.6,14.86,3.0,74.37,0.814,14.05,3.2,LANE_A,3555.0,44.0,88.8,1.0,0,450.0,8.49,6.85,9.42,6.92,3.18,-2.36,1.11,-2.03,-0.28,-9.4,-3.91,-0.04,0.058,-0.05,0.6257,0
6.0,TRAIN_M06_THAR_FAULT04_OIL_PRESS,TRAIN,THAR_DESERT,CRUISE_LOITER,5392.0,2218.9,73.9,137.61,138.47,138.05,138.04,792.12,791.75,791.94,792.33,3.92,105.67,14.8,3.0,74.35,0.765,14.05,3.42,LANE_A,3555.0,44.0,88.7,1.0,0,450.0,8.61,6.97,9.55,7.04,2.93,-2.44,0.75,-1.86,-0.24,-9.33,-3.99,-0.06,0.008,-0.05,0.6321,0
6.05,TRAIN_M06_THAR_FAULT04_OIL_PRESS,TRAIN,THAR_DESERT,CRUISE_LOITER,5386.3,2216.6,73.9,137.74,138.59,138.16,138.16,792.45,791.59,792.41,792.06,3.84,105.62,14.86,3.0,74.55,0.75,14.05,3.23,LANE_A,3556.0,44.0,88.7,1.0,0,450.0,8.74,7.09,9.66,7.16,3.26,-2.6,1.22,-2.13,-0.31,-9.38,-3.91,0.14,-0.006,-0.05,0.6273,0
6.1,TRAIN_M06_THAR_FAULT04_OIL_PRESS,TRAIN,THAR_DESERT,CRUISE_LOITER,5378.9,2213.5,73.9,137.86,138.71,138.28,138.28,792.34,791.47,792.68,792.2,3.85,105.7,14.86,3.0,74.58,0.761,14.06,3.04,LANE_A,3556.0,44.0,88.7,1.0,0,450.0,8.86,7.21,9.78,7.28,3.15,-2.72,1.49,-1.99,-0.3,-9.3,-3.88,0.17,0.006,-0.04,0.6255,0
6.15,TRAIN_M06_THAR_FAULT04_OIL_PRESS,TRAIN,THAR_DESERT,CRUISE_LOITER,5385.8,2216.4,73.9,137.99,138.83,138.4,138.4,792.08,791.52,792.36,792.41,3.86,105.71,14.92,3.0,74.4,0.736,14.06,3.12,LANE_A,3557.0,44.0,88.7,1.0,0,450.0,8.99,7.33,9.9,7.4,2.89,-2.67,1.17,-1.78,-0.29,-9.29,-3.85,-0.01,-0.02,-0.04,0.6238,0
6.2,TRAIN_M06_THAR_FAULT04_OIL_PRESS,TRAIN,THAR_DESERT,CRUISE_LOITER,5390.9,2218.5,73.9,138.11,138.94,138.52,138.51,792.16,792.17,792.51,792.68,3.88,105.77,14.89,3.0,74.27,0.752,14.06,3.65,LANE_A,3557.0,44.0,88.7,1.0,0,450.0,9.11,7.44,10.02,7.51,2.97,-2.02,1.32,-1.51,-0.27,-9.23,-3.89,-0.14,-0.005,-0.04,0.6273,0
6.25,TRAIN_M06_THAR_FAULT04_OIL_PRESS,TRAIN,THAR_DESERT,CRUISE_LOITER,5385.3,2216.2,74.0,138.23,139.06,138.63,138.63,792.31,792.3,792.31,792.6,3.88,105.82,14.82,3.0,74.48,0.755,14.07,3.1,LANE_A,3558.0,44.0,88.7,1.0,0,450.0,9.23,7.56,10.13,7.63,3.2,-1.81,1.2,-1.51,-0.27,-9.18,-3.95,0.03,-0.001,-0.03,0.6326,0
6.3,TRAIN_M06_THAR_FAULT04_OIL_PRESS,TRAIN,THAR_DESERT,CRUISE_LOITER,5385.4,2216.2,74.0,138.35,139.18,138.75,138.75,792.16,791.84,792.51,792.64,3.87,105.99,14.78,3.0,74.43,0.757,14.09,2.9,LANE_A,3558.0,44.0,88.7,1.0,0,450.0,9.35,7.68,10.25,7.75,3.05,-2.27,1.4,-1.47,-0.28,-9.01,-3.99,-0.02,0.001,-0.01,0.6363,0
6.35,TRAIN_M06_THAR_FAULT04_OIL_PRESS,TRAIN,THAR_DESERT,CRUISE_LOITER,5388.3,2217.4,74.0,138.47,139.29,138.86,138.86,792.04,791.55,792.24,792.44,3.88,105.85,14.77,3.0,74.49,0.725,14.04,3.16,LANE_A,3558.0,44.0,88.7,1.0,0,450.0,9.47,7.79,10.36,7.86,2.93,-2.56,1.13,-1.67,-0.27,-9.15,-4.01,0.04,-0.031,-0.06,0.6386,0
6.4,TRAIN_M06_THAR_FAULT04_OIL_PRESS,TRAIN,THAR_DESERT,CRUISE_LOITER,5391.5,2218.7,74.0,138.58,139.4,138.97,138.97,792.51,791.4,792.11,792.26,3.83,105.83,14.84,3.0,74.45,0.757,14.07,3.37,LANE_A,3559.0,44.0,88.7,1.0,0,450.0,9.58,7.9,10.47,7.97,3.4,-2.71,1.0,-1.85,-0.33,-9.17,-3.95,0.0,0.0,-0.03,0.6353,0
6.45,TRAIN_M06_THAR_FAULT04_OIL_PRESS,TRAIN,THAR_DESERT,CRUISE_LOITER,5392.5,2219.1,74.0,138.71,139.52,139.09,139.09,792.33,791.4,791.98,792.32,3.88,105.84,14.93,3.0,74.44,0.741,14.04,3.37,LANE_A,3559.0,44.0,88.7,1.0,0,450.0,9.71,8.02,10.59,8.09,3.22,-2.71,0.87,-1.79,-0.28,-9.16,-3.86,-0.01,-0.016,-0.06,0.6367,0
6.5,TRAIN_M06_THAR_FAULT04_OIL_PRESS,TRAIN,THAR_DESERT,CRUISE_LOITER,5384.9,2216.0,74.0,138.83,139.63,139.21,139.19,792.23,791.69,791.86,792.08,3.86,105.91,14.9,3.0,74.41,0.703,14.07,3.2,LANE_A,3560.0,44.0,88.7,1.0,0,450.0,9.83,8.13,10.71,8.19,3.12,-2.42,0.75,-2.03,-0.29,-9.09,-3.86,-0.04,-0.053,-0.03,0.6406,0
6.55,TRAIN_M06_THAR_FAULT04_OIL_PRESS,TRAIN,THAR_DESERT,CRUISE_LOITER,5388.1,2217.3,74.0,138.95,139.74,139.32,139.31,792.06,791.91,792.51,792.21,3.87,105.91,14.92,3.0,74.35,0.755,14.06,3.12,LANE_A,3560.0,44.0,88.7,1.0,0,450.0,9.95,8.24,10.82,8.31,2.95,-2.2,1.4,-1.9,-0.28,-9.09,-3.86,-0.1,-0.001,-0.04,0.644,0
6.6,TRAIN_M06_THAR_FAULT04_OIL_PRESS,TRAIN,THAR_DESERT,CRUISE_LOITER,5391.5,2218.7,74.0,139.07,139.85,139.44,139.42,792.16,792.02,792.41,792.35,3.89,106.08,14.94,3.0,74.2,0.773,14.08,3.26,LANE_A,3560.0,44.0,88.7,1.0,0,450.0,10.07,8.35,10.94,8.42,3.05,-2.09,1.3,-1.76,-0.27,-8.92,-3.85,-0.25,0.016,-0.02,0.6475,0
6.65,TRAIN_M06_THAR_FAULT04_OIL_PRESS,TRAIN,THAR_DESERT,CRUISE_LOITER,5395.5,2220.4,74.0,139.18,139.97,139.56,139.53,792.02,792.0,792.45,792.57,3.86,106.1,14.95,3.0,74.31,0.828,14.05,3.12,LANE_A,3561.0,44.0,88.7,1.0,0,450.0,10.18,8.47,11.06,8.53,2.91,-2.11,1.34,-1.54,-0.3,-8.9,-3.85,-0.13,0.07,-0.05,0.6516,1
6.7,TRAIN_M06_THAR_FAULT04_OIL_PRESS,TRAIN,THAR_DESERT,CRUISE_LOITER,5390.9,2218.5,74.0,139.29,140.08,139.67,139.65,791.94,792.25,792.5,792.36,3.85,106.06,15.0,3.0,74.52,0.729,14.08,3.14,LANE_A,3561.0,44.0,88.6,1.0,0,450.0,10.29,8.58,11.17,8.65,2.83,-1.86,1.39,-1.75,-0.3,-8.94,-3.79,0.08,-0.028,-0.02,0.6548,1
6.75,TRAIN_M06_THAR_FAULT04_OIL_PRESS,TRAIN,THAR_DESERT,CRUISE_LOITER,5391.4,2218.7,74.1,139.4,140.19,139.79,139.77,792.27,792.19,792.26,792.35,3.89,106.12,14.88,3.0,74.49,0.738,14.09,3.3,LANE_A,3562.0,44.0,88.6,1.0,0,450.0,10.4,8.69,11.29,8.77,3.23,-1.85,1.22,-1.69,-0.27,-8.88,-3.91,0.0,-0.019,-0.01,0.6587,1
6.8,TRAIN_M06_THAR_FAULT04_OIL_PRESS,TRAIN,THAR_DESERT,CRUISE_LOITER,5390.3,2218.2,74.1,139.52,140.3,139.89,139.88,792.74,792.37,792.43,792.28,3.87,106.28,14.89,3.0,74.53,0.836,14.04,3.31,LANE_A,3562.0,44.0,88.6,1.0,0,450.0,10.52,8.8,11.39,8.88,3.7,-1.67,1.39,-1.76,-0.28,-8.72,-3.9,0.04,0.079,-0.06,0.6619,1
6.85,TRAIN_M06_THAR_FAULT04_OIL_PRESS,TRAIN,THAR_DESERT,CRUISE_LOITER,5385.3,2216.2,74.1,139.62,140.4,140.0,139.98,792.57,792.27,792.46,792.07,3.89,106.2,14.75,3.0,74.44,0.777,14.06,3.3,LANE_A,3563.0,44.0,88.6,1.0,0,450.0,10.62,8.9,11.5,8.98,3.53,-1.77,1.42,-1.97,-0.26,-8.8,-4.02,-0.04,0.021,-0.04,0.6655,1
6.9,TRAIN_M06_THAR_FAULT04_OIL_PRESS,TRAIN,THAR_DESERT,CRUISE_LOITER,5387.5,2217.1,74.1,139.74,140.5,140.1,140.08,792.63,792.77,792.16,791.99,3.88,106.11,14.78,3.0,74.58,0.742,14.04,3.14,LANE_A,3563.0,44.0,88.6,1.0,0,450.0,10.74,9.0,11.6,9.08,3.59,-1.27,1.12,-2.05,-0.27,-8.89,-4.0,0.1,-0.014,-0.06,0.6686,1
6.95,TRAIN_M06_THAR_FAULT04_OIL_PRESS,TRAIN,THAR_DESERT,CRUISE_LOITER,5383.8,2215.6,74.1,139.84,140.61,140.2,140.19,792.62,792.57,792.21,791.95,3.89,106.04,14.79,3.0,74.6,0.705,14.09,3.08,LANE_A,3563.0,44.0,88.6,1.0,0,450.0,10.84,9.11,11.7,9.19,3.58,-1.47,1.17,-2.09,-0.26,-8.96,-3.97,0.12,-0.051,-0.01,0.6715,1
7.0,TRAIN_M06_THAR_FAULT04_OIL_PRESS,TRAIN,THAR_DESERT,CRUISE_LOITER,5383.6,2215.5,74.1,139.94,140.7,140.31,140.29,792.62,792.36,792.32,791.78,3.89,105.94,14.84,3.0,74.53,0.781,14.03,3.29,LANE_A,3564.0,44.0,88.6,1.0,0,450.0,10.94,9.2,11.81,9.29,3.58,-1.68,1.28,-2.26,-0.26,-9.06,-3.92,0.05,0.025,-0.07,0.6746,1
7.05,TRAIN_M06_THAR_FAULT04_OIL_PRESS,TRAIN,THAR_DESERT,CRUISE_LOITER,5385.7,2216.3,74.1,140.05,140.8,140.41,140.39,792.62,791.9,792.63,791.99,3.94,105.94,14.8,3.0,74.57,0.758,14.04,2.87,LANE_A,3564.0,44.0,88.6,1.0,0,450.0,11.05,9.3,11.91,9.39,3.58,-2.14,1.59,-2.05,-0.21,-9.06,-3.97,0.09,0.002,-0.06,0.6775,1
7.1,TRAIN_M06_THAR_FAULT04_OIL_PRESS,TRAIN,THAR_DESERT,CRUISE_LOITER,5391.4,2218.7,74.1,140.15,140.9,140.52,140.51,792.72,792.12,792.64,792.0,3.88,105.92,14.81,3.0,74.37,0.771,14.05,3.29,LANE_A,3565.0,44.0,88.6,1.0,0,450.0,11.15,9.4,12.02,9.51,3.68,-1.92,1.6,-2.04,-0.28,-9.08,-3.98,-0.11,0.014,-0.05,0.6811,1
7.15,TRAIN_M06_THAR_FAULT04_OIL_PRESS,TRAIN,THAR_DESERT,CRUISE_LOITER,5389.8,2218.0,74.1,140.26,141.0,140.62,140.61,792.37,792.01,792.7,791.9,3.82,105.93,14.8,3.0,74.23,0.713,14.05,3.25,LANE_A,3565.0,44.0,88.6,1.0,0,450.0,11.26,9.5,12.12,9.61,3.33,-2.03,1.66,-2.14,-0.33,-9.07,-3.98,-0.25,-0.044,-0.05,0.6844,1
7.2,TRAIN_M06_THAR_FAULT04_OIL_PRESS,TRAIN,THAR_DESERT,CRUISE_LOITER,5389.4,2217.9,74.1,140.36,141.1,140.72,140.71,792.13,792.15,792.96,791.91,3.87,105.9,14.8,3.0,74.28,0.764,14.04,3.16,LANE_A,3565.0,44.0,88.6,1.0,0,450.0,11.36,9.6,12.22,9.71,3.09,-1.89,1.92,-2.13,-0.28,-9.1,-3.98,-0.2,0.007,-0.06,0.6869,1
7.25,TRAIN_M06_THAR_FAULT04_OIL_PRESS,TRAIN,THAR_DESERT,CRUISE_LOITER,5388.6,2217.5,74.2,140.47,141.2,140.82,140.81,792.3,792.13,792.86,792.15,3.85,105.93,14.88,3.0,74.3,0.732,14.11,2.76,LANE_A,3566.0,44.0,88.6,1.0,0,450.0,11.47,9.7,12.32,9.81,3.34,-1.83,1.9,-1.81,-0.3,-9.07,-3.9,-0.22,-0.025,0.01,0.6895,1
7.3,TRAIN_M06_THAR_FAULT04_OIL_PRESS,TRAIN,THAR_DESERT,CRUISE_LOITER,5389.6,2218.0,74.2,140.57,141.31,140.93,140.92,792.29,792.44,792.75,792.16,3.9,105.93,14.95,3.0,74.46,0.773,14.07,3.41,LANE_A,3566.0,44.0,88.5,1.0,0,450.0,11.57,9.81,12.43,9.92,3.33,-1.52,1.79,-1.8,-0.25,-9.07,-3.84,-0.06,0.016,-0.03,0.6921,1
7.35,TRAIN_M06_THAR_FAULT04_OIL_PRESS,TRAIN,THAR_DESERT,CRUISE_LOITER,5386.3,2216.6,74.2,140.68,141.41,141.03,141.02,792.55,792.58,792.87,792.33,3.88,106.09,15.02,3.0,74.52,0.766,14.07,3.03,LANE_A,3567.0,44.0,88.5,1.0,0,450.0,11.68,9.91,12.53,10.02,3.59,-1.38,1.91,-1.63,-0.27,-8.91,-3.75,0.0,0.01,-0.03,0.6946,1
7.4,TRAIN_M06_THAR_FAULT04_OIL_PRESS,TRAIN,THAR_DESERT,CRUISE_LOITER,5382.7,2215.1,74.2,140.79,141.51,141.14,141.13,792.34,792.29,792.67,792.55,3.9,106.06,15.03,3.0,74.46,0.783,14.05,3.17,LANE_A,3567.0,44.0,88.5,1.0,0,450.0,11.79,10.01,12.64,10.13,3.38,-1.67,1.71,-1.41,-0.25,-8.94,-3.73,-0.06,0.027,-0.05,0.6975,1
7.45,TRAIN_M06_THAR_FAULT04_OIL_PRESS,TRAIN,THAR_DESERT,CRUISE_LOITER,5382.8,2215.2,74.2,140.89,141.6,141.24,141.23,792.16,791.84,792.54,792.56,3.89,106.05,15.06,3.0,74.33,0.73,14.02,3.11,LANE_A,3567.0,44.0,88.5,1.0,0,450.0,11.89,10.1,12.74,10.23,3.2,-2.12,1.58,-1.4,-0.26,-8.95,-3.7,-0.19,-0.026,-0.08,0.7002,1
7.5,TRAIN_M06_THAR_FAULT04_OIL_PRESS,TRAIN,THAR_DESERT,CRUISE_LOITER,5387.9,2217.2,74.2,141.0,141.71,141.33,141.34,792.24,791.77,792.48,792.41,3.87,106.2,14.99,3.0,74.3,0.75,14.06,3.13,LANE_A,3568.0,44.0,88.5,1.0,0,450.0,12.0,10.21,12.83,10.34,3.28,-2.19,1.52,-1.55,-0.28,-8.8,-3.79,-0.22,-0.006,-0.04,0.703,1
7.55,TRAIN_M06_THAR_FAULT04_OIL_PRESS,TRAIN,THAR_DESERT,CRUISE_LOITER,5386.2,2216.5,74.2,141.1,141.81,141.43,141.43,791.74,791.63,792.19,792.21,3.89,106.19,14.99,3.0,74.32,0.767,14.06,3.13,LANE_A,3568.0,44.0,88.5,1.0,0,450.0,12.1,10.31,12.93,10.43,2.78,-2.33,1.23,-1.75,-0.26,-8.81,-3.78,-0.2,0.011,-0.04,0.7055,1
7.6,TRAIN_M06_THAR_FAULT04_OIL_PRESS,TRAIN,THAR_DESERT,CRUISE_LOITER,5376.2,2212.4,74.2,141.2,141.9,141.52,141.53,792.01,791.65,791.8,791.84,3.92,106.08,14.91,3.0,74.56,0.742,14.06,3.19,LANE_A,3569.0,44.0,88.5,1.0,0,450.0,12.2,10.4,13.02,10.53,3.05,-2.31,0.84,-2.12,-0.23,-8.92,-3.83,0.05,-0.013,-0.04,0.7081,1
7.65,TRAIN_M06_THAR_FAULT04_OIL_PRESS,TRAIN,THAR_DESERT,CRUISE_LOITER,5377.3,2212.9,74.2,141.29,141.99,141.61,141.62,791.66,791.57,792.16,792.26,3.88,106.12,14.86,3.0,74.5,0.731,14.05,3.14,LANE_A,3569.0,44.0,88.5,1.0,0,450.0,12.29,10.49,13.11,10.62,2.7,-2.39,1.2,-1.7,-0.27,-8.88,-3.88,-0.01,-0.024,-0.05,0.7108,1
7.7,TRAIN_M06_THAR_FAULT04_OIL_PRESS,TRAIN,THAR_DESERT,CRUISE_LOITER,5378.1,2213.2,74.2,141.39,142.08,141.71,141.72,791.72,791.88,792.14,791.95,3.81,106.02,14.78,3.0,74.55,0.732,14.07,3.33,LANE_A,3569.0,44.0,88.5,1.0,0,450.0,12.39,10.58,13.21,10.72,2.76,-2.08,1.18,-2.01,-0.34,-8.98,-3.96,0.04,-0.023,-0.03,0.7141,1
7.75,TRAIN_M06_THAR_FAULT04_OIL_PRESS,TRAIN,THAR_DESERT,CRUISE_LOITER,5376.6,2212.6,74.2,141.48,142.18,141.8,141.81,792.09,792.16,792.06,791.59,3.87,105.99,14.74,3.0,74.62,0.712,14.06,3.27,LANE_A,3570.0,44.0,88.5,1.0,0,450.0,12.48,10.68,13.3,10.81,3.13,-1.8,1.1,-2.37,-0.28,-9.01,-4.0,0.11,-0.043,-0.04,0.7163,1
7.8,TRAIN_M06_THAR_FAULT04_OIL_PRESS,TRAIN,THAR_DESERT,CRUISE_LOITER,5376.2,2212.4,74.3,141.57,142.26,141.89,141.9,792.28,792.23,792.33,791.98,3.92,105.93,14.69,3.0,74.62,0.709,14.07,3.27,LANE_A,3570.0,44.0,88.5,1.0,0,450.0,12.57,10.76,13.39,10.9,3.39,-1.66,1.44,-1.91,-0.23,-9.07,-4.05,0.06,-0.046,-0.03,0.7186,1
7.85,TRAIN_M06_THAR_FAULT04_OIL_PRESS,TRAIN,THAR_DESERT,CRUISE_LOITER,5379.9,2213.9,74.3,141.66,142.35,141.98,141.99,792.13,792.17,792.82,791.95,3.82,105.88,14.81,3.0,74.55,0.741,14.07,3.29,LANE_A,3571.0,44.0,88.5,1.0,0,450.0,12.66,10.85,13.48,10.99,3.24,-1.72,1.93,-1.94,-0.33,-9.12,-3.94,0.0,-0.014,-0.03,0.7211,1
7.9,TRAIN_M06_THAR_FAULT04_OIL_PRESS,TRAIN,THAR_DESERT,CRUISE_LOITER,5377.5,2213.0,74.3,141.76,142.44,142.07,142.08,791.74,792.2,792.71,791.9,3.83,106.03,14.77,3.0,74.44,0.742,14.07,3.13,LANE_A,3571.0,44.0,88.5,1.0,0,450.0,12.76,10.94,13.57,11.08,2.85,-1.69,1.82,-1.99,-0.32,-8.97,-3.98,-0.11,-0.013,-0.03,0.7233,1
7.95,TRAIN_M06_THAR_FAULT04_OIL_PRESS,TRAIN,THAR_DESERT,CRUISE_LOITER,5381.9,2214.8,74.3,141.85,142.53,142.16,142.17,791.67,792.36,792.8,791.58,3.89,106.0,14.75,3.0,74.35,0.8,14.03,3.3,LANE_A,3571.0,44.0,88.4,1.0,0,450.0,12.85,11.03,13.66,11.17,2.78,-1.53,1.91,-2.31,-0.26,-9.0,-4.01,-0.2,0.044,-0.07,0.7254,1
8.0,TRAIN_M06_THAR_FAULT04_OIL_PRESS,TRAIN,THAR_DESERT,CRUISE_LOITER,5375.1,2212.0,74.3,141.94,142.62,142.25,142.26,792.08,792.11,792.76,791.35,3.86,106.07,14.78,3.0,74.34,0.751,14.05,3.07,LANE_A,3572.0,44.0,88.4,1.0,0,450.0,12.94,11.12,13.75,11.26,3.19,-1.78,1.87,-2.54,-0.29,-8.93,-3.96,-0.21,-0.003,-0.05,0.7276,1
8.05,TRAIN_M06_THAR_FAULT04_OIL_PRESS,TRAIN,THAR_DESERT,CRUISE_LOITER,5372.9,2211.1,74.3,142.04,142.71,142.34,142.36,791.91,791.88,792.79,791.63,3.84,106.07,14.93,3.0,74.44,0.733,14.08,3.07,LANE_A,3572.0,44.0,88.4,1.0,0,450.0,13.04,11.21,13.84,11.36,3.02,-2.01,1.9,-2.26,-0.31,-8.93,-3.8,-0.11,-0.021,-0.02,0.7295,1
8.1,TRAIN_M06_THAR_FAULT04_OIL_PRESS,TRAIN,THAR_DESERT,CRUISE_LOITER,5370.8,2210.2,74.3,142.13,142.8,142.42,142.45,791.94,791.98,793.13,791.97,3.88,106.03,14.94,3.0,74.62,0.754,14.06,3.0,LANE_A,3572.0,44.0,88.4,1.0,0,450.0,13.13,11.3,13.92,11.45,3.05,-1.91,2.24,-1.92,-0.27,-8.97,-3.78,0.07,0.0,-0.04,0.7313,1
8.15,TRAIN_M06_THAR_FAULT04_OIL_PRESS,TRAIN,THAR_DESERT,CRUISE_LOITER,5372.7,2211.0,74.3,142.23,142.89,142.51,142.54,791.96,792.25,793.36,791.9,3.87,106.02,14.96,3.0,74.7,0.842,14.06,3.05,LANE_A,3573.0,44.0,88.4,1.0,0,450.0,13.23,11.39,14.01,11.54,3.07,-1.64,2.47,-1.99,-0.28,-8.98,-3.77,0.15,0.088,-0.04,0.7337,1
8.2,TRAIN_M06_THAR_FAULT04_OIL_PRESS,TRAIN,THAR_DESERT,CRUISE_LOITER,5376.0,2212.4,74.3,142.32,142.97,142.6,142.62,791.8,791.99,793.01,792.1,3.87,106.07,14.86,3.0,74.46,0.777,14.08,3.37,LANE_A,3573.0,44.0,88.4,1.0,0,450.0,13.32,11.47,14.1,11.62,2.91,-1.9,2.12,-1.79,-0.28,-8.93,-3.88,-0.09,0.022,-0.02,0.736,1
8.25,TRAIN_M06_THAR_FAULT04_OIL_PRESS,TRAIN,THAR_DESERT,CRUISE_LOITER,5376.9,2212.7,74.3,142.41,143.06,142.69,142.71,792.0,791.91,792.54,791.92,3.9,106.04,14.8,3.0,74.54,0.782,14.05,3.04,LANE_A,3574.0,44.0,88.4,1.0,0,450.0,13.41,11.56,14.19,11.71,3.11,-1.98,1.65,-1.97,-0.25,-8.96,-3.94,-0.01,0.027,-0.05,0.7382,1
8.3,TRAIN_M06_THAR_FAULT04_OIL_PRESS,TRAIN,THAR_DESERT,CRUISE_LOITER,5375.8,2212.3,74.3,142.5,143.15,142.78,142.79,791.89,791.71,792.55,791.7,3.91,105.91,14.84,3.0,74.5,0.728,14.07,3.07,LANE_A,3574.0,44.0,88.4,1.0,0,450.0,13.5,11.65,14.28,11.79,3.0,-2.18,1.66,-2.19,-0.24,-9.09,-3.9,-0.05,-0.027,-0.03,0.7403,1
8.35,TRAIN_M06_THAR_FAULT04_OIL_PRESS,TRAIN,THAR_DESERT,CRUISE_LOITER,5379.9,2213.9,74.3,142.59,143.24,142.87,142.89,791.92,791.91,792.17,791.65,3.89,106.15,14.95,3.0,74.48,0.714,14.04,3.04,LANE_A,3574.0,44.0,88.4,1.0,0,450.0,13.59,11.74,14.37,11.89,3.03,-1.98,1.28,-2.24,-0.26,-8.85,-3.8,-0.07,-0.041,-0.06,0.7421,1
8.4,TRAIN_M06_THAR_FAULT04_OIL_PRESS,TRAIN,THAR_DESERT,CRUISE_LOITER,5381.2,2214.5,74.3,142.68,143.32,142.95,142.98,792.12,791.57,792.03,791.64,3.86,106.15,14.91,3.0,74.37,0.781,14.08,3.42,LANE_A,3575.0,44.0,88.4,1.0,0,450.0,13.68,11.82,14.45,11.98,3.23,-2.32,1.14,-2.25,-0.29,-8.85,-3.85,-0.17,0.026,-0.02,0.7443,1
8.45,TRAIN_M06_THAR_FAULT04_OIL_PRESS,TRAIN,THAR_DESERT,CRUISE_LOITER,5379.0,2213.6,74.3,142.76,143.41,143.04,143.07,791.99,791.68,792.25,791.63,3.85,106.17,14.88,3.0,74.39,0.778,14.07,3.23,LANE_A,3575.0,44.0,88.4,1.0,0,450.0,13.76,11.91,14.54,12.07,3.1,-2.21,1.36,-2.26,-0.3,-8.83,-3.87,-0.15,0.023,-0.03,0.7465,1
8.5,TRAIN_M06_THAR_FAULT04_OIL_PRESS,TRAIN,THAR_DESERT,CRUISE_LOITER,5384.5,2215.9,74.4,142.84,143.49,143.13,143.15,792.3,791.89,791.81,791.64,3.86,106.15,14.82,3.0,74.32,0.738,14.05,2.85,LANE_A,3575.0,44.0,88.3,1.0,0,450.0,13.84,11.99,14.63,12.15,3.49,-1.92,1.0,-2.17,-0.29,-8.85,-3.95,-0.27,-0.018,-0.05,0.7487,1
8.55,TRAIN_M06_THAR_FAULT04_OIL_PRESS,TRAIN,THAR_DESERT,CRUISE_LOITER,5385.9,2216.4,74.4,142.93,143.57,143.21,143.23,792.06,792.08,791.79,791.9,3.9,106.13,14.92,3.0,74.31,0.726,14.08,3.19,LANE_A,3576.0,44.0,88.3,1.0,0,450.0,13.93,12.07,14.71,12.23,3.25,-1.73,0.98,-1.91,-0.25,-8.87,-3.86,-0.28,-0.03,-0.02,0.7502,1
8.6,TRAIN_M06_THAR_FAULT04_OIL_PRESS,TRAIN,THAR_DESERT,CRUISE_LOITER,5380.7,2214.3,74.4,143.01,143.65,143.3,143.31,792.26,792.0,791.85,791.6,3.93,106.16,14.89,3.0,74.44,0.794,14.03,3.28,LANE_A,3576.0,44.0,88.3,1.0,0,450.0,14.01,12.15,14.8,12.31,3.45,-1.81,1.04,-2.21,-0.22,-8.84,-3.87,-0.15,0.039,-0.07,0.7521,1
8.65,TRAIN_M06_THAR_FAULT04_OIL_PRESS,TRAIN,THAR_DESERT,CRUISE_LOITER,5382.9,2215.2,74.4,143.1,143.73,143.38,143.39,791.96,792.08,792.09,791.88,3.82,106.2,14.95,3.0,74.49,0.713,14.08,3.37,LANE_A,3577.0,44.0,88.3,1.0,0,450.0,14.1,12.23,14.88,12.39,3.15,-1.73,1.28,-1.93,-0.33,-8.8,-3.82,-0.09,-0.043,-0.02,0.7542,1
8.7,TRAIN_M06_THAR_FAULT04_OIL_PRESS,TRAIN,THAR_DESERT,CRUISE_LOITER,5379.3,2213.7,74.4,143.18,143.8,143.46,143.47,791.94,791.82,792.55,791.8,3.88,106.15,14.72,3.0,74.59,0.692,14.08,3.24,LANE_A,3577.0,44.0,88.3,1.0,0,450.0,14.18,12.3,14.96,12.47,3.13,-1.99,1.74,-2.01,-0.27,-8.85,-4.03,0.01,-0.063,-0.02,0.7563,1
8.75,TRAIN_M06_THAR_FAULT04_OIL_PRESS,TRAIN,THAR_DESERT,CRUISE_LOITER,5378.3,2213.3,74.4,143.26,143.88,143.54,143.55,791.61,791.82,792.21,791.55,3.86,105.93,14.84,3.0,74.56,0.778,14.05,3.21,LANE_A,3577.0,44.0,88.3,1.0,0,450.0,14.26,12.38,15.04,12.55,2.8,-1.99,1.4,-2.26,-0.29,-9.07,-3.91,-0.02,0.023,-0.05,0.758,1
8.8,TRAIN_M06_THAR_FAULT04_OIL_PRESS,TRAIN,THAR_DESERT,CRUISE_LOITER,5368.5,2209.3,74.4,143.34,143.96,143.62,143.62,791.37,791.69,791.78,792.01,3.93,105.86,14.79,3.0,74.55,0.812,14.08,3.0,LANE_A,3578.0,44.0,88.3,1.0,0,450.0,14.34,12.46,15.12,12.62,2.56,-2.12,0.97,-1.8,-0.21,-9.14,-3.92,-0.03,0.059,-0.02,0.7595,1
8.85,TRAIN_M06_THAR_FAULT04_OIL_PRESS,TRAIN,THAR_DESERT,CRUISE_LOITER,5375.1,2212.0,74.4,143.42,144.03,143.7,143.7,791.49,792.16,792.0,792.15,3.9,105.99,14.72,3.0,74.46,0.716,14.04,3.16,LANE_A,3578.0,44.0,88.3,1.0,0,450.0,14.42,12.53,15.2,12.7,2.68,-1.65,1.19,-1.66,-0.25,-9.01,-4.02,-0.12,-0.038,-0.06,0.7616,1
8.9,TRAIN_M06_THAR_FAULT04_OIL_PRESS,TRAIN,THAR_DESERT,CRUISE_LOITER,5374.9,2211.9,74.4,143.5,144.11,143.77,143.78,791.54,791.99,792.03,792.21,3.86,105.97,14.86,3.0,74.52,0.776,14.07,2.95,LANE_A,3578.0,44.0,88.3,1.0,0,450.0,14.5,12.61,15.27,12.78,2.73,-1.82,1.22,-1.6,-0.29,-9.03,-3.88,-0.06,0.022,-0.03,0.7629,1
8.95,TRAIN_M06_THAR_FAULT04_OIL_PRESS,TRAIN,THAR_DESERT,CRUISE_LOITER,5381.0,2214.4,74.4,143.59,144.19,143.85,143.86,791.53,791.67,792.21,791.83,3.88,106.09,14.99,3.0,74.45,0.745,14.04,3.11,LANE_A,3579.0,44.0,88.3,1.0,0,450.0,14.59,12.69,15.35,12.86,2.72,-2.14,1.4,-1.98,-0.27,-8.91,-3.77,-0.13,-0.01,-0.06,0.7643,1
9.0,TRAIN_M06_THAR_FAULT04_OIL_PRESS,TRAIN,THAR_DESERT,CRUISE_LOITER,5389.0,2217.7,74.4,143.68,144.27,143.94,143.94,791.38,791.56,792.06,791.73,3.9,106.0,14.97,3.0,74.47,0.8,14.07,3.49,LANE_A,3579.0,44.0,88.3,1.0,0,450.0,14.68,12.77,15.44,12.94,2.57,-2.25,1.25,-2.08,-0.25,-9.0,-3.82,-0.11,0.043,-0.03,0.7663,1
9.05,TRAIN_M06_THAR_FAULT04_OIL_PRESS,TRAIN,THAR_DESERT,CRUISE_LOITER,5387.8,2217.2,74.4,143.75,144.35,144.01,144.02,791.8,791.29,792.16,791.9,3.86,105.93,14.99,3.0,74.56,0.721,14.07,3.37,LANE_A,3579.0,44.0,88.3,1.0,0,450.0,14.75,12.85,15.51,13.02,2.99,-2.52,1.35,-1.91,-0.29,-9.07,-3.79,-0.02,-0.035,-0.03,0.768,1
9.1,TRAIN_M06_THAR_FAULT04_OIL_PRESS,TRAIN,THAR_DESERT,CRUISE_LOITER,5382.6,2215.1,74.4,143.83,144.42,144.09,144.1,791.65,791.28,791.86,791.94,3.85,106.1,14.87,3.0,74.49,0.752,14.06,3.32,LANE_A,3580.0,44.0,88.2,1.0,0,450.0,14.83,12.92,15.59,13.1,2.84,-2.53,1.05,-1.87,-0.3,-8.9,-3.89,-0.09,-0.004,-0.04,0.7698,1
9.15,TRAIN_M06_THAR_FAULT04_OIL_PRESS,TRAIN,THAR_DESERT,CRUISE_LOITER,5381.4,2214.6,74.4,143.91,144.5,144.17,144.18,791.55,791.56,791.54,791.92,3.83,106.09,14.93,3.0,74.55,0.742,14.05,3.23,LANE_A,3580.0,44.0,88.2,1.0,0,450.0,14.91,13.0,15.67,13.18,2.74,-2.25,0.73,-1.89,-0.32,-8.91,-3.83,-0.03,-0.013,-0.05,0.7715,1
9.2,TRAIN_M06_THAR_FAULT04_OIL_PRESS,TRAIN,THAR_DESERT,CRUISE_LOITER,5379.1,2213.6,74.4,143.99,144.57,144.25,144.26,791.94,791.52,791.82,791.79,3.86,105.89,14.97,3.0,74.58,0.714,14.07,3.33,LANE_A,3581.0,44.0,88.2,1.0,0,450.0,14.99,13.07,15.75,13.26,3.13,-2.29,1.01,-2.02,-0.29,-9.11,-3.78,0.01,-0.041,-0.03,0.773,1
9.25,TRAIN_M06_THAR_FAULT04_OIL_PRESS,TRAIN,THAR_DESERT,CRUISE_LOITER,5378.9,2213.5,74.4,144.06,144.65,144.32,144.34,791.6,791.74,791.94,792.03,3.88,105.7,14.95,3.0,74.46,0.746,14.08,3.15,LANE_A,3581.0,44.0,88.2,1.0,0,450.0,15.06,13.15,15.82,13.34,2.79,-2.07,1.13,-1.78,-0.27,-9.3,-3.8,-0.11,-0.009,-0.02,0.7745,1
9.3,TRAIN_M06_THAR_FAULT04_OIL_PRESS,TRAIN,THAR_DESERT,CRUISE_LOITER,5375.1,2212.0,74.4,144.14,144.73,144.4,144.42,791.71,791.63,792.51,792.15,3.94,105.63,15.08,3.0,74.47,0.81,14.04,3.2,LANE_A,3581.0,44.0,88.2,1.0,0,450.0,15.14,13.23,15.9,13.42,2.9,-2.18,1.7,-1.66,-0.21,-9.37,-3.66,-0.1,0.056,-0.06,0.7758,1
9.35,TRAIN_M06_THAR_FAULT04_OIL_PRESS,TRAIN,THAR_DESERT,CRUISE_LOITER,5383.7,2215.5,74.4,144.22,144.8,144.48,144.5,791.49,791.86,792.21,792.45,3.86,105.63,15.07,3.0,74.44,0.727,14.07,3.15,LANE_A,3582.0,44.0,88.2,1.0,0,450.0,15.22,13.3,15.98,13.5,2.68,-1.95,1.4,-1.36,-0.29,-9.37,-3.69,-0.13,-0.029,-0.03,0.7777,1
9.4,TRAIN_M06_THAR_FAULT04_OIL_PRESS,TRAIN,THAR_DESERT,CRUISE_LOITER,5383.7,2215.5,74.4,144.29,144.87,144.55,144.57,791.67,791.77,791.92,792.31,3.87,105.54,14.93,3.0,74.45,0.742,14.08,3.19,LANE_A,3582.0,44.0,88.2,1.0,0,450.0,15.29,13.37,16.05,13.57,2.86,-2.04,1.11,-1.5,-0.28,-9.46,-3.83,-0.12,-0.014,-0.02,0.7794,1
9.45,TRAIN_M06_THAR_FAULT04_OIL_PRESS,TRAIN,THAR_DESERT,CRUISE_LOITER,5385.8,2216.4,74.4,144.37,144.94,144.62,144.65,792.01,791.92,792.19,792.12,3.91,105.49,14.86,3.0,74.56,0.733,14.08,2.98,LANE_A,3582.0,44.0,88.2,1.0,0,450.0,15.37,13.44,16.12,13.65,3.2,-1.89,1.38,-1.69,-0.24,-9.51,-3.91,-0.01,-0.023,-0.02,0.7809,1
9.5,TRAIN_M06_THAR_FAULT04_OIL_PRESS,TRAIN,THAR_DESERT,CRUISE_LOITER,5394.8,2220.1,74.5,144.44,145.02,144.69,144.73,791.6,792.14,791.87,791.81,3.91,105.62,14.92,3.0,74.52,0.77,14.05,3.01,LANE_A,3583.0,44.0,88.2,1.0,0,450.0,15.44,13.52,16.19,13.73,2.87,-1.59,1.14,-1.92,-0.25,-9.38,-3.89,-0.09,0.013,-0.05,0.7823,1
9.55,TRAIN_M06_THAR_FAULT04_OIL_PRESS,TRAIN,THAR_DESERT,CRUISE_LOITER,5388.4,2217.5,74.5,144.51,145.08,144.77,144.8,791.68,791.88,791.82,791.54,3.91,105.64,14.88,3.0,74.57,0.709,14.09,3.45,LANE_A,3583.0,44.0,88.2,1.0,0,450.0,15.51,13.58,16.27,13.8,2.95,-1.85,1.09,-2.19,-0.24,-9.36,-3.91,-0.04,-0.047,-0.01,0.7839,1
9.6,TRAIN_M06_THAR_FAULT04_OIL_PRESS,TRAIN,THAR_DESERT,CRUISE_LOITER,5385.9,2216.4,74.5,144.59,145.15,144.84,144.87,791.62,791.82,791.78,791.55,3.88,105.63,14.89,3.0,74.58,0.686,14.06,3.16,LANE_A,3583.0,44.0,88.2,1.0,0,450.0,15.59,13.65,16.34,13.87,2.89,-1.91,1.05,-2.18,-0.27,-9.37,-3.89,-0.03,-0.07,-0.04,0.7854,1
9.65,TRAIN_M06_THAR_FAULT04_OIL_PRESS,TRAIN,THAR_DESERT,CRUISE_LOITER,5389.5,2217.9,74.5,144.66,145.22,144.92,144.94,791.59,791.56,791.45,791.95,3.94,105.59,14.9,3.0,74.46,0.762,14.06,3.0,LANE_A,3584.0,44.0,88.1,1.0,0,450.0,15.66,13.72,16.42,13.94,2.86,-2.17,0.72,-1.78,-0.21,-9.41,-3.89,-0.15,0.005,-0.04,0.7867,1
9.7,TRAIN_M06_THAR_FAULT04_OIL_PRESS,TRAIN,THAR_DESERT,CRUISE_LOITER,5386.1,2216.5,74.5,144.74,145.3,144.99,145.01,791.5,791.66,791.44,791.66,3.84,105.62,15.01,3.0,74.44,0.742,14.09,3.05,LANE_A,3584.0,44.0,88.1,1.0,0,450.0,15.74,13.8,16.49,14.01,2.77,-2.07,0.71,-2.07,-0.31,-9.38,-3.77,-0.17,-0.014,-0.01,0.7882,1
9.75,TRAIN_M06_THAR_FAULT04_OIL_PRESS,TRAIN,THAR_DESERT,CRUISE_LOITER,5387.9,2217.3,74.5,144.81,145.36,145.06,145.09,791.5,791.39,791.14,791.88,3.88,105.7,15.0,3.0,74.53,0.769,14.07,3.39,LANE_A,3584.0,44.0,88.1,1.0,0,450.0,15.81,13.86,16.56,14.09,2.77,-2.34,0.41,-1.85,-0.27,-9.3,-3.78,-0.08,0.013,-0.03,0.7894,1
9.8,TRAIN_M06_THAR_FAULT04_OIL_PRESS,TRAIN,THAR_DESERT,CRUISE_LOITER,5383.8,2215.6,74.5,144.88,145.44,145.13,145.17,791.53,791.41,790.87,792.03,3.87,105.7,15.07,3.0,74.64,0.735,14.06,3.35,LANE_A,3585.0,44.0,88.1,1.0,0,450.0,15.88,13.94,16.63,14.17,2.8,-2.32,0.14,-1.7,-0.28,-9.3,-3.7,0.03,-0.021,-0.04,0.7907,1
9.85,TRAIN_M06_THAR_FAULT04_OIL_PRESS,TRAIN,THAR_DESERT,CRUISE_LOITER,5381.6,2214.7,74.5,144.96,145.5,145.2,145.24,791.66,791.49,791.06,791.86,3.83,105.68,15.03,3.0,74.64,0.739,14.08,3.15,LANE_A,3585.0,44.0,88.1,1.0,0,450.0,15.96,14.0,16.7,14.24,2.93,-2.24,0.33,-1.87,-0.32,-9.32,-3.73,0.03,-0.016,-0.02,0.7922,1
9.9,TRAIN_M06_THAR_FAULT04_OIL_PRESS,TRAIN,THAR_DESERT,CRUISE_LOITER,5377.5,2213.0,74.5,145.03,145.57,145.27,145.31,791.46,791.47,791.06,791.93,3.88,105.7,14.92,3.0,74.69,0.739,14.04,3.17,LANE_A,3585.0,44.0,88.1,1.0,0,450.0,16.03,14.07,16.77,14.31,2.73,-2.26,0.33,-1.8,-0.27,-9.3,-3.83,0.08,-0.016,-0.06,0.7936,1
9.95,TRAIN_M06_THAR_FAULT04_OIL_PRESS,TRAIN,THAR_DESERT,CRUISE_LOITER,5383.2,2215.3,74.5,145.1,145.65,145.33,145.38,791.5,791.45,791.12,791.98,3.86,105.74,15.12,3.0,74.54,0.746,14.09,3.17,LANE_A,3586.0,44.0,88.1,1.0,0,450.0,16.1,14.15,16.83,14.38,2.77,-2.28,0.39,-1.75,-0.29,-9.26,-3.65,-0.07,-0.01,-0.01,0.7945,1
10.0,TRAIN_M06_THAR_FAULT04_OIL_PRESS,TRAIN,THAR_DESERT,CRUISE_LOITER,5380.9,2214.3,74.5,145.17,145.72,145.4,145.45,791.42,791.29,790.96,791.67,3.84,105.8,15.0,3.0,74.49,0.673,14.05,3.25,LANE_A,3586.0,44.0,88.1,1.0,0,450.0,16.17,14.22,16.9,14.45,2.69,-2.44,0.23,-2.06,-0.31,-9.2,-3.76,-0.12,-0.082,-0.05,0.7961,1
10.05,TRAIN_M06_THAR_FAULT04_OIL_PRESS,TRAIN,THAR_DESERT,CRUISE_LOITER,5385.2,2216.1,74.5,145.25,145.78,145.47,145.52,791.27,791.05,791.27,791.66,3.86,105.72,15.07,3.0,74.6,0.734,14.06,3.26,LANE_A,3586.0,44.0,88.1,1.0,0,450.0,16.25,14.28,16.97,14.52,2.54,-2.68,0.54,-2.07,-0.29,-9.28,-3.7,-0.01,-0.022,-0.04,0.7972,1
10.1,TRAIN_M06_THAR_FAULT04_OIL_PRESS,TRAIN,THAR_DESERT,CRUISE_LOITER,5384.6,2215.9,74.5,145.32,145.85,145.54,145.58,791.41,791.19,791.23,791.49,3.87,105.65,15.14,3.0,74.43,0.693,14.08,3.22,LANE_A,3587.0,44.0,88.1,1.0,0,450.0,16.32,14.35,17.04,14.58,2.68,-2.54,0.5,-2.24,-0.28,-9.35,-3.63,-0.17,-0.063,-0.02,0.7984,1
10.15,TRAIN_M06_THAR_FAULT04_OIL_PRESS,TRAIN,THAR_DESERT,CRUISE_LOITER,5394.3,2219.9,74.5,145.39,145.92,145.61,145.66,791.58,791.56,791.54,791.78,3.88,105.57,15.22,3.0,74.44,0.735,14.08,3.43,LANE_A,3587.0,44.0,88.1,1.0,0,450.0,16.39,14.42,17.11,14.66,2.85,-2.17,0.81,-1.95,-0.28,-9.43,-3.58,-0.16,-0.022,-0.02,0.7996,1
10.2,TRAIN_M06_THAR_FAULT04_OIL_PRESS,TRAIN,THAR_DESERT,CRUISE_LOITER,5395.0,2220.2,74.5,145.46,145.99,145.67,145.73,791.57,791.75,791.85,791.91,3.9,105.53,15.18,3.0,74.57,0.716,14.06,3.11,LANE_A,3587.0,44.0,88.0,1.0,0,450.0,16.46,14.49,17.17,14.73,2.84,-1.98,1.12,-1.82,-0.26,-9.47,-3.63,-0.03,-0.041,-0.04,0.8008,1
10.25,TRAIN_M06_THAR_FAULT04_OIL_PRESS,TRAIN,THAR_DESERT,CRUISE_LOITER,5394.3,2219.9,74.5,145.54,146.05,145.74,145.8,791.33,791.76,792.07,792.2,3.91,105.59,15.1,3.0,74.59,0.805,14.07,3.24,LANE_A,3588.0,44.0,88.0,1.0,0,450.0,16.54,14.55,17.24,14.8,2.6,-1.97,1.34,-1.53,-0.25,-9.41,-3.7,-0.01,0.048,-0.03,0.8022,1
10.3,TRAIN_M06_THAR_FAULT04_OIL_PRESS,TRAIN,THAR_DESERT,CRUISE_LOITER,5397.5,2221.2,74.5,145.61,146.12,145.81,145.87,791.48,791.82,791.95,792.63,3.86,105.67,15.21,3.0,74.53,0.772,14.05,3.27,LANE_A,3588.0,44.0,88.0,1.0,0,450.0,16.61,14.62,17.31,14.87,2.75,-1.91,1.22,-1.1,-0.3,-9.33,-3.6,-0.07,0.014,-0.05,0.8034,1
10.35,TRAIN_M06_THAR_FAULT04_OIL_PRESS,TRAIN,THAR_DESERT,CRUISE_LOITER,5390.7,2218.4,74.5,145.68,146.18,145.87,145.94,791.33,791.57,791.78,792.52,3.88,105.76,15.28,3.0,74.65,0.762,14.07,3.33,LANE_A,3588.0,44.0,88.0,1.0,0,450.0,16.68,14.68,17.37,14.94,2.6,-2.16,1.05,-1.21,-0.27,-9.24,-3.51,0.05,0.005,-0.03,0.8042,1
10.4,TRAIN_M06_THAR_FAULT04_OIL_PRESS,TRAIN,THAR_DESERT,CRUISE_LOITER,5395.3,2220.3,74.5,145.75,146.25,145.94,146.01,791.3,791.35,791.79,792.01,3.91,105.71,15.17,3.0,74.75,0.777,14.08,3.47,LANE_A,3589.0,44.0,88.0,1.0,0,450.0,16.75,14.75,17.44,15.01,2.57,-2.38,1.06,-1.72,-0.25,-9.29,-3.64,0.15,0.019,-0.02,0.8057,1
10.45,TRAIN_M06_THAR_FAULT04_OIL_PRESS,TRAIN,THAR_DESERT,CRUISE_LOITER,5389.0,2217.7,74.5,145.82,146.31,146.0,146.08,791.84,791.47,791.62,791.92,3.93,105.73,15.05,3.0,74.58,0.759,14.07,3.09,LANE_A,3589.0,44.0,88.0,1.0,0,450.0,16.82,14.81,17.5,15.08,3.11,-2.26,0.89,-1.81,-0.22,-9.27,-3.73,-0.02,0.002,-0.03,0.8068,1
10.5,TRAIN_M06_THAR_FAULT04_OIL_PRESS,TRAIN,THAR_DESERT,CRUISE_LOITER,5390.5,2218.3,74.5,145.89,146.37,146.06,146.14,791.67,791.62,791.74,791.84,3.88,105.76,15.04,3.0,74.51,0.789,14.05,3.01,LANE_A,3589.0,44.0,88.0,1.0,0,450.0,16.89,14.87,17.56,15.14,2.94,-2.11,1.01,-1.89,-0.27,-9.24,-3.75,-0.09,0.032,-0.05,0.8081,1
10.55,TRAIN_M06_THAR_FAULT04_OIL_PRESS,TRAIN,THAR_DESERT,CRUISE_LOITER,5387.5,2217.1,74.5,145.95,146.44,146.13,146.21,791.91,791.73,791.76,791.76,3.88,105.79,15.03,3.0,74.53,0.794,14.07,3.15,LANE_A,3590.0,44.0,88.0,1.0,0,450.0,16.95,14.94,17.63,15.21,3.18,-2.0,1.03,-1.97,-0.27,-9.21,-3.75,-0.07,0.038,-0.03,0.8093,1
10.6,TRAIN_M06_THAR_FAULT04_OIL_PRESS,TRAIN,THAR_DESERT,CRUISE_LOITER,5383.4,2215.4,74.5,146.02,146.5,146.19,146.27,792.01,791.56,791.88,791.63,3.86,105.88,14.98,3.0,74.7,0.713,14.04,3.26,LANE_A,3590.0,43.9,88.0,1.0,0,450.0,17.02,15.0,17.69,15.27,3.29,-2.16,1.16,-2.09,-0.29,-9.12,-3.79,0.1,-0.043,-0.06,0.8105,1
10.65,TRAIN_M06_THAR_FAULT04_OIL_PRESS,TRAIN,THAR_DESERT,CRUISE_LOITER,5391.9,2218.9,74.5,146.08,146.55,146.25,146.33,792.08,791.7,791.95,791.55,3.85,105.92,14.93,3.0,74.61,0.764,14.09,3.1,LANE_A,3590.0,43.9,88.0,1.0,0,450.0,17.08,15.05,17.75,15.33,3.36,-2.02,1.23,-2.17,-0.31,-9.08,-3.87,0.01,0.007,-0.01,0.8117,1
10.7,TRAIN_M06_THAR_FAULT04_OIL_PRESS,TRAIN,THAR_DESERT,CRUISE_LOITER,5389.3,2217.8,74.5,146.14,146.6,146.31,146.4,792.17,791.7,792.16,791.44,3.84,105.87,14.86,3.0,74.72,0.733,14.09,3.25,LANE_A,3591.0,43.9,88.0,1.0,0,450.0,17.14,15.1,17.81,15.4,3.45,-2.02,1.44,-2.28,-0.31,-9.13,-3.93,0.13,-0.024,-0.01,0.8128,1
10.75,TRAIN_M06_THAR_FAULT04_OIL_PRESS,TRAIN,THAR_DESERT,CRUISE_LOITER,5395.3,2220.3,74.5,146.2,146.67,146.38,146.45,792.05,791.8,792.62,791.79,3.86,105.93,14.92,3.0,74.67,0.712,14.04,3.16,LANE_A,3591.0,43.9,87.9,1.0,0,450.0,17.2,15.17,17.88,15.45,3.33,-1.92,1.9,-1.93,-0.3,-9.07,-3.89,0.08,-0.046,-0.06,0.8139,1
10.8,TRAIN_M06_THAR_FAULT04_OIL_PRESS,TRAIN,THAR_DESERT,CRUISE_LOITER,5395.3,2220.3,74.5,146.26,146.73,146.43,146.52,792.19,791.73,792.28,791.81,3.9,106.05,14.95,3.0,74.6,0.74,14.05,3.26,LANE_A,3591.0,43.9,87.9,1.0,0,450.0,17.26,15.23,17.93,15.52,3.47,-1.99,1.56,-1.91,-0.26,-8.95,-3.86,0.01,-0.018,-0.05,0.8146,1
10.85,TRAIN_M06_THAR_FAULT04_OIL_PRESS,TRAIN,THAR_DESERT,CRUISE_LOITER,5395.1,2220.2,74.5,146.32,146.78,146.5,146.58,792.06,791.78,792.22,791.85,3.91,106.01,15.02,3.0,74.59,0.81,14.06,3.23,LANE_A,3592.0,43.9,87.9,1.0,0,450.0,17.32,15.28,18.0,15.58,3.34,-1.94,1.5,-1.87,-0.25,-8.99,-3.79,0.0,0.053,-0.04,0.8156,1
10.9,TRAIN_M06_THAR_FAULT04_OIL_PRESS,TRAIN,THAR_DESERT,CRUISE_LOITER,5395.5,2220.4,74.5,146.38,146.84,146.56,146.64,792.06,791.71,792.27,791.84,3.89,105.94,14.94,3.0,74.52,0.752,14.05,3.18,LANE_A,3592.0,43.9,87.9,1.0,0,450.0,17.38,15.34,18.06,15.64,3.34,-2.01,1.55,-1.88,-0.27,-9.06,-3.87,-0.07,-0.006,-0.05,0.8168,1
10.95,TRAIN_M06_THAR_FAULT04_OIL_PRESS,TRAIN,THAR_DESERT,CRUISE_LOITER,5389.4,2217.8,74.5,146.45,146.9,146.63,146.69,792.23,791.92,792.4,792.08,3.87,105.93,15.07,3.0,74.57,0.823,14.06,3.22,LANE_A,3592.0,43.9,87.9,1.0,0,450.0,17.45,15.4,18.13,15.69,3.51,-1.8,1.68,-1.64,-0.28,-9.07,-3.72,-0.02,0.066,-0.04,0.8178,1
11.0,TRAIN_M06_THAR_FAULT04_OIL_PRESS,TRAIN,THAR_DESERT,CRUISE_LOITER,5384.8,2216.0,74.5,146.51,146.96,146.7,146.75,792.13,791.94,792.46,792.22,3.91,105.95,15.19,3.0,74.56,0.739,14.07,3.32,LANE_A,3592.0,43.9,87.9,1.0,0,450.0,17.51,15.46,18.2,15.75,3.41,-1.78,1.74,-1.5,-0.24,-9.05,-3.58,-0.03,-0.017,-0.03,0.8187,1
11.05,TRAIN_M06_THAR_FAULT04_OIL_PRESS,TRAIN,THAR_DESERT,CRUISE_LOITER,5380.2,2214.1,74.5,146.58,147.03,146.76,146.81,791.68,791.97,792.42,792.31,3.91,106.0,15.19,3.0,74.57,0.784,14.06,3.4,LANE_A,3593.0,43.9,87.9,1.0,0,450.0,17.58,15.53,18.26,15.81,2.96,-1.75,1.7,-1.41,-0.24,-9.0,-3.57,-0.02,0.029,-0.04,0.8197,1
11.1,TRAIN_M06_THAR_FAULT04_OIL_PRESS,TRAIN,THAR_DESERT,CRUISE_LOITER,5382.2,2214.9,74.5,146.64,147.08,146.82,146.87,791.63,791.76,792.55,792.21,3.9,105.94,15.09,3.0,74.59,0.793,14.06,3.1,LANE_A,3593.0,43.9,87.9,1.0,0,450.0,17.64,15.58,18.32,15.87,2.91,-1.96,1.83,-1.51,-0.25,-9.06,-3.67,0.0,0.037,-0.04,0.8208,1
11.15,TRAIN_M06_THAR_FAULT04_OIL_PRESS,TRAIN,THAR_DESERT,CRUISE_LOITER,5380.8,2214.3,74.5,146.7,147.14,146.88,146.92,791.21,791.61,792.3,792.14,3.9,105.93,14.97,3.0,74.62,0.746,14.07,3.05,LANE_A,3593.0,43.9,87.9,1.0,0,450.0,17.7,15.64,18.38,15.92,2.49,-2.11,1.58,-1.58,-0.25,-9.07,-3.79,0.03,-0.009,-0.03,0.822,1
11.2,TRAIN_M06_THAR_FAULT04_OIL_PRESS,TRAIN,THAR_DESERT,CRUISE_LOITER,5372.3,2210.8,74.5,146.76,147.2,146.93,146.98,791.39,791.56,791.76,792.04,3.89,105.88,14.93,3.0,74.52,0.732,14.07,3.29,LANE_A,3594.0,43.9,87.9,1.0,0,450.0,17.76,15.7,18.43,15.98,2.67,-2.16,1.04,-1.68,-0.26,-9.12,-3.8,-0.06,-0.022,-0.03,0.8229,1
11.25,TRAIN_M06_THAR_FAULT04_OIL_PRESS,TRAIN,THAR_DESERT,CRUISE_LOITER,5377.3,2212.9,74.5,146.81,147.25,146.99,147.03,791.24,791.96,791.15,791.78,3.87,105.79,14.9,3.0,74.53,0.788,14.03,3.41,LANE_A,3594.0,43.9,87.9,1.0,0,450.0,17.81,15.75,18.49,16.03,2.52,-1.76,0.43,-1.94,-0.28,-9.21,-3.85,-0.05,0.033,-0.07,0.824,1
11.3,TRAIN_M06_THAR_FAULT04_OIL_PRESS,TRAIN,THAR_DESERT,CRUISE_LOITER,5381.6,2214.6,74.5,146.86,147.3,147.05,147.09,791.36,791.8,791.07,792.08,3.82,105.79,14.91,3.0,74.44,0.768,14.08,3.21,LANE_A,3594.0,43.9,87.9,1.0,0,450.0,17.86,15.8,18.55,16.09,2.64,-1.92,0.35,-1.64,-0.33,-9.21,-3.85,-0.14,0.013,-0.02,0.8251,1
11.35,TRAIN_M06_THAR_FAULT04_OIL_PRESS,TRAIN,THAR_DESERT,CRUISE_LOITER,5381.8,2214.7,74.5,146.92,147.36,147.1,147.14,791.26,792.0,791.33,792.03,3.89,105.73,15.02,3.0,74.48,0.752,14.05,3.23,LANE_A,3595.0,43.9,87.8,1.0,0,450.0,17.92,15.86,18.6,16.14,2.54,-1.72,0.61,-1.69,-0.26,-9.27,-3.74,-0.1,-0.003,-0.05,0.8256,1
11.4,TRAIN_M06_THAR_FAULT04_OIL_PRESS,TRAIN,THAR_DESERT,CRUISE_LOITER,5385.0,2216.0,74.5,146.98,147.42,147.16,147.2,791.32,791.66,791.23,792.36,3.94,105.66,15.02,3.0,74.43,0.758,14.06,3.28,LANE_A,3595.0,43.9,87.8,1.0,0,450.0,17.98,15.92,18.66,16.2,2.6,-2.06,0.51,-1.36,-0.21,-9.34,-3.75,-0.15,0.002,-0.04,0.8265,1
11.45,TRAIN_M06_THAR_FAULT04_OIL_PRESS,TRAIN,THAR_DESERT,CRUISE_LOITER,5390.3,2218.2,74.5,147.04,147.47,147.22,147.26,791.46,791.48,791.28,792.25,3.92,105.74,14.97,3.0,74.42,0.761,14.06,3.26,LANE_A,3595.0,43.9,87.8,1.0,0,450.0,18.04,15.97,18.72,16.26,2.74,-2.24,0.56,-1.47,-0.23,-9.26,-3.82,-0.16,0.004,-0.04,0.8276,1
11.5,TRAIN_M06_THAR_FAULT04_OIL_PRESS,TRAIN,THAR_DESERT,CRUISE_LOITER,5386.7,2216.8,74.5,147.09,147.53,147.27,147.31,791.64,791.44,791.56,792.11,3.91,105.62,14.94,3.0,74.46,0.703,14.06,3.16,LANE_A,3595.0,43.9,87.8,1.0,0,450.0,18.09,16.03,18.77,16.31,2.92,-2.28,0.84,-1.61,-0.24,-9.38,-3.84,-0.12,-0.053,-0.04,0.8285,1
11.55,TRAIN_M06_THAR_FAULT04_OIL_PRESS,TRAIN,THAR_DESERT,CRUISE_LOITER,5392.4,2219.1,74.5,147.15,147.57,147.32,147.36,791.17,791.49,791.83,791.77,3.88,105.62,14.9,3.0,74.52,0.744,14.04,3.27,LANE_A,3596.0,43.9,87.8,1.0,0,450.0,18.15,16.07,18.82,16.36,2.45,-2.23,1.11,-1.95,-0.28,-9.38,-3.9,-0.06,-0.013,-0.06,0.8294,1
11.6,TRAIN_M06_THAR_FAULT04_OIL_PRESS,TRAIN,THAR_DESERT,CRUISE_LOITER,5396.4,2220.8,74.5,147.21,147.62,147.37,147.42,791.41,791.63,791.58,792.09,3.9,105.48,15.02,3.0,74.53,0.799,14.06,3.52,LANE_A,3596.0,43.9,87.8,1.0,0,450.0,18.21,16.12,18.87,16.42,2.69,-2.09,0.86,-1.63,-0.26,-9.52,-3.79,-0.05,0.041,-0.04,0.8301,1
11.65,TRAIN_M06_THAR_FAULT04_OIL_PRESS,TRAIN,THAR_DESERT,CRUISE_LOITER,5402.0,2223.1,74.5,147.27,147.68,147.44,147.47,791.44,791.61,791.56,792.17,3.87,105.54,15.03,3.0,74.49,0.684,14.05,3.08,LANE_A,3596.0,43.9,87.8,1.0,0,450.0,18.27,16.18,18.94,16.47,2.72,-2.11,0.84,-1.55,-0.29,-9.46,-3.8,-0.09,-0.075,-0.05,0.8312,1
11.7,TRAIN_M06_THAR_FAULT04_OIL_PRESS,TRAIN,THAR_DESERT,CRUISE_LOITER,5397.5,2221.2,74.5,147.33,147.73,147.49,147.53,791.76,791.59,791.66,792.22,3.88,105.69,15.09,3.0,74.57,0.754,14.06,3.23,LANE_A,3597.0,43.9,87.8,1.0,0,450.0,18.33,16.23,18.99,16.53,3.04,-2.13,0.94,-1.5,-0.28,-9.31,-3.72,-0.01,-0.004,-0.04,0.8318,1
11.75,TRAIN_M06_THAR_FAULT04_OIL_PRESS,TRAIN,THAR_DESERT,CRUISE_LOITER,5393.6,2219.6,74.5,147.38,147.79,147.55,147.58,791.36,791.5,791.74,791.92,3.91,105.77,15.09,3.0,74.57,0.734,14.07,2.9,LANE_A,3597.0,43.9,87.8,1.0,0,450.0,18.38,16.29,19.05,16.58,2.64,-2.22,1.02,-1.8,-0.25,-9.23,-3.71,-0.01,-0.023,-0.03,0.8326,1
11.8,TRAIN_M06_THAR_FAULT04_OIL_PRESS,TRAIN,THAR_DESERT,CRUISE_LOITER,5398.6,2221.6,74.5,147.44,147.85,147.6,147.63,791.25,791.66,791.98,792.01,3.94,105.66,14.96,3.0,74.65,0.727,14.04,3.47,LANE_A,3597.0,43.9,87.8,1.0,0,450.0,18.44,16.35,19.1,16.63,2.53,-2.06,1.26,-1.71,-0.22,-9.34,-3.86,0.07,-0.031,-0.06,0.8336,1
11.85,TRAIN_M06_THAR_FAULT04_OIL_PRESS,TRAIN,THAR_DESERT,CRUISE_LOITER,5395.9,2220.5,74.5,147.5,147.9,147.65,147.68,791.24,791.87,791.51,791.84,3.91,105.79,15.04,3.0,74.7,0.774,14.04,3.13,LANE_A,3597.0,43.9,87.8,1.0,0,450.0,18.5,16.4,19.15,16.68,2.52,-1.85,0.79,-1.88,-0.25,-9.21,-3.77,0.12,0.016,-0.06,0.8343,1
11.9,TRAIN_M06_THAR_FAULT04_OIL_PRESS,TRAIN,THAR_DESERT,CRUISE_LOITER,5405.1,2224.3,74.5,147.55,147.95,147.7,147.74,791.51,791.73,791.75,791.48,3.91,105.95,15.15,3.0,74.66,0.752,14.07,3.2,LANE_A,3598.0,43.9,87.7,1.0,0,450.0,18.55,16.45,19.2,16.74,2.79,-1.99,1.03,-2.24,-0.25,-9.05,-3.69,0.09,-0.007,-0.03,0.8349,1
11.95,TRAIN_M06_THAR_FAULT04_OIL_PRESS,TRAIN,THAR_DESERT,CRUISE_LOITER,5398.7,2221.7,74.5,147.61,148.01,147.76,147.79,791.18,791.63,792.11,791.72,3.91,105.98,15.04,3.0,74.72,0.705,14.07,3.03,LANE_A,3598.0,43.9,87.7,1.0,0,450.0,18.61,16.51,19.26,16.79,2.46,-2.09,1.39,-2.0,-0.25,-9.02,-3.78,0.15,-0.053,-0.03,0.8359,1
12.0,TRAIN_M06_THAR_FAULT04_OIL_PRESS,TRAIN,THAR_DESERT,CRUISE_LOITER,5403.2,2223.6,74.5,147.66,148.05,147.81,147.84,791.41,791.84,791.83,791.79,3.85,105.93,15.01,3.0,74.65,0.764,14.08,3.19,LANE_A,3598.0,43.9,87.7,1.0,0,450.0,18.66,16.55,19.31,16.84,2.69,-1.88,1.11,-1.93,-0.31,-9.07,-3.82,0.08,0.005,-0.02,0.8369,1
12.05,TRAIN_M06_THAR_FAULT04_OIL_PRESS,TRAIN,THAR_DESERT,CRUISE_LOITER,5398.8,2221.7,74.5,147.71,148.11,147.86,147.89,791.39,792.02,791.74,792.26,3.89,105.89,15.01,3.0,74.65,0.753,14.07,3.17,LANE_A,3599.0,43.9,87.7,0.997,0,448.5,18.71,16.61,19.36,16.89,2.67,-1.7,1.02,-1.46,-0.27,-9.11,-3.81,0.08,-0.005,-0.03,0.8375,1
12.1,TRAIN_M06_THAR_FAULT04_OIL_PRESS,TRAIN,THAR_DESERT,CRUISE_LOITER,5399.8,2222.1,74.4,147.76,148.15,147.9,147.94,791.48,792.02,791.8,792.53,3.88,105.86,14.99,3.0,74.74,0.763,14.06,3.23,LANE_A,3599.0,43.9,87.7,0.994,0,447.0,18.76,16.65,19.4,16.94,2.68,-1.78,1.0,-1.27,-0.28,-9.14,-3.83,0.21,0.005,-0.04,0.8382,1
12.15,TRAIN_M06_THAR_FAULT04_OIL_PRESS,TRAIN,THAR_DESERT,CRUISE_LOITER,5402.4,2223.2,74.4,147.82,148.2,147.95,147.99,791.79,792.29,791.51,792.39,3.87,105.81,14.94,3.0,74.73,0.705,14.08,3.02,LANE_A,3599.0,43.9,87.7,0.991,0,445.5,18.82,16.7,19.45,16.99,2.99,-1.51,0.71,-1.41,-0.29,-9.19,-3.88,0.2,-0.054,-0.02,0.8391,1
12.2,TRAIN_M06_THAR_FAULT04_OIL_PRESS,TRAIN,THAR_DESERT,CRUISE_LOITER,5395.0,2220.2,74.4,147.87,148.25,148.0,148.04,791.94,792.41,791.4,792.57,3.87,105.78,15.01,3.0,74.76,0.693,14.03,2.95,LANE_A,3599.0,43.9,87.7,0.989,0,444.0,18.87,16.75,19.5,17.04,3.14,-1.39,0.6,-1.23,-0.29,-9.22,-3.79,0.23,-0.064,-0.07,0.8397,1
12.25,TRAIN_M06_THAR_FAULT04_OIL_PRESS,TRAIN,THAR_DESERT,CRUISE_LOITER,5385.9,2216.4,74.4,147.92,148.3,148.05,148.09,791.56,792.06,791.54,792.61,3.88,105.82,15.07,3.0,74.66,0.782,14.06,3.21,LANE_A,3600.0,43.9,87.7,0.986,0,442.5,18.92,16.8,19.55,17.09,2.76,-1.74,0.74,-1.19,-0.27,-9.18,-3.7,0.14,0.026,-0.04,0.8403,1
12.3,TRAIN_M06_THAR_FAULT04_OIL_PRESS,TRAIN,THAR_DESERT,CRUISE_LOITER,5388.9,2217.6,74.4,147.97,148.35,148.1,148.14,791.47,791.9,791.45,792.38,3.81,105.89,15.03,3.0,74.69,0.746,14.08,3.11,LANE_A,3600.0,43.9,87.7,0.983,0,441.0,18.97,16.85,19.6,17.14,2.67,-1.9,0.65,-1.42,-0.34,-9.11,-3.75,0.17,-0.011,-0.02,0.8412,1
12.35,TRAIN_M06_THAR_FAULT04_OIL_PRESS,TRAIN,THAR_DESERT,CRUISE_LOITER,5384.0,2215.7,74.4,148.02,148.4,148.15,148.19,791.27,792.26,791.69,792.42,3.8,105.85,15.08,3.0,74.48,0.754,14.06,3.37,LANE_A,3600.0,43.9,87.7,0.98,0,439.5,19.02,16.9,19.65,17.19,2.47,-1.54,0.89,-1.38,-0.35,-9.15,-3.68,-0.04,-0.002,-0.04,0.8419,1
12.4,TRAIN_M06_THAR_FAULT04_OIL_PRESS,TRAIN,THAR_DESERT,CRUISE_LOITER,5393.1,2219.4,74.4,148.08,148.45,148.2,148.25,791.06,792.32,791.98,792.52,3.82,105.97,15.1,3.0,74.55,0.705,14.05,3.22,LANE_A,3600.0,43.9,87.7,0.977,0,438.0,19.08,16.95,19.7,17.25,2.26,-1.48,1.18,-1.28,-0.34,-9.03,-3.69,0.03,-0.052,-0.05,0.8426,1
12.45,TRAIN_M06_THAR_FAULT04_OIL_PRESS,TRAIN,THAR_DESERT,CRUISE_LOITER,5390.3,2218.2,74.4,148.12,148.5,148.26,148.3,790.95,792.51,791.9,792.36,3.82,106.02,15.16,3.0,74.66,0.755,14.06,3.23,LANE_A,3601.0,43.9,87.6,0.974,0,436.5,19.12,17.0,19.76,17.3,2.15,-1.29,1.1,-1.44,-0.33,-8.98,-3.62,0.14,-0.002,-0.04,0.8434,1
12.5,TRAIN_M06_THAR_FAULT04_OIL_PRESS,TRAIN,THAR_DESERT,CRUISE_LOITER,5391.1,2218.6,74.4,148.18,148.55,148.3,148.34,791.32,792.75,791.81,792.46,3.81,106.16,15.1,3.0,74.7,0.742,14.06,3.47,LANE_A,3601.0,43.9,87.6,0.972,0,435.0,19.18,17.05,19.8,17.34,2.52,-1.05,1.01,-1.34,-0.34,-8.84,-3.68,0.18,-0.015,-0.04,0.844,1
12.55,TRAIN_M06_THAR_FAULT04_OIL_PRESS,TRAIN,THAR_DESERT,CRUISE_LOITER,5398.0,2221.4,74.4,148.23,148.6,148.35,148.39,791.77,792.99,791.91,792.42,3.8,106.15,15.13,3.0,74.61,0.779,14.06,3.32,LANE_A,3601.0,43.9,87.6,0.969,0,433.5,19.23,17.1,19.85,17.39,2.97,-0.81,1.11,-1.38,-0.36,-8.85,-3.68,0.09,0.021,-0.04,0.8448,1
12.6,TRAIN_M06_THAR_FAULT04_OIL_PRESS,TRAIN,THAR_DESERT,CRUISE_LOITER,5401.3,2222.8,74.4,148.28,148.65,148.41,148.45,791.63,793.11,792.0,792.52,3.79,106.15,15.14,3.0,74.37,0.773,14.06,3.25,LANE_A,3601.0,43.9,87.6,0.966,0,432.0,19.28,17.15,19.91,17.45,2.83,-0.69,1.2,-1.28,-0.37,-8.85,-3.68,-0.15,0.015,-0.04,0.8457,1
12.65,TRAIN_M06_THAR_FAULT04_OIL_PRESS,TRAIN,THAR_DESERT,CRUISE_LOITER,5394.8,2220.1,74.4,148.33,148.7,148.46,148.49,791.97,793.09,792.05,792.69,3.78,106.13,15.07,3.0,74.43,0.735,14.05,3.2,LANE_A,3602.0,43.9,87.6,0.963,0,430.5,19.33,17.2,19.96,17.49,3.17,-0.71,1.25,-1.11,-0.38,-8.87,-3.73,-0.09,-0.022,-0.05,0.8465,1
12.7,TRAIN_M06_THAR_FAULT04_OIL_PRESS,TRAIN,THAR_DESERT,CRUISE_LOITER,5394.4,2219.9,74.4,148.38,148.75,148.51,148.53,791.72,792.92,791.9,792.46,3.76,106.09,15.06,3.0,74.5,0.733,14.06,3.31,LANE_A,3602.0,43.9,87.6,0.96,0,429.0,19.38,17.25,20.01,17.53,2.92,-0.88,1.1,-1.34,-0.4,-8.91,-3.73,-0.02,-0.024,-0.04,0.8472,1
12.75,TRAIN_M06_THAR_FAULT04_OIL_PRESS,TRAIN,THAR_DESERT,CRUISE_LOITER,5400.8,2222.6,74.4,148.42,148.79,148.56,148.58,791.76,792.46,792.07,792.09,3.78,106.18,14.99,3.0,74.47,0.735,14.08,3.26,LANE_A,3602.0,43.9,87.6,0.958,0,427.5,19.42,17.29,20.06,17.58,2.96,-1.34,1.27,-1.71,-0.38,-8.82,-3.83,-0.05,-0.023,-0.02,0.848,1
12.8,TRAIN_M06_THAR_FAULT04_OIL_PRESS,TRAIN,THAR_DESERT,CRUISE_LOITER,5405.4,2224.5,74.4,148.47,148.84,148.61,148.63,791.71,792.55,791.9,792.02,3.74,106.12,15.03,3.0,74.32,0.847,14.07,3.3,LANE_A,3603.0,43.9,87.6,0.955,0,426.0,19.47,17.34,20.11,17.63,2.91,-1.25,1.1,-1.78,-0.42,-8.88,-3.8,-0.2,0.088,-0.03,0.8488,1
12.85,TRAIN_M06_THAR_FAULT04_OIL_PRESS,TRAIN,THAR_DESERT,CRUISE_LOITER,5401.5,2222.9,74.4,148.52,148.89,148.66,148.67,791.61,791.91,791.73,791.84,3.8,106.08,15.13,3.0,74.33,0.766,14.06,3.22,LANE_A,3603.0,43.9,87.6,0.952,0,424.5,19.52,17.39,20.16,17.67,2.81,-1.89,0.93,-1.96,-0.36,-8.92,-3.69,-0.19,0.008,-0.04,0.8492,1
12.9,TRAIN_M06_THAR_FAULT04_OIL_PRESS,TRAIN,THAR_DESERT,CRUISE_LOITER,5387.9,2217.2,74.4,148.57,148.94,148.7,148.71,791.8,792.34,792.04,791.9,3.76,106.23,15.03,3.0,74.38,0.75,14.06,3.26,LANE_A,3603.0,43.9,87.6,0.949,0,423.0,19.57,17.44,20.2,17.71,3.0,-1.46,1.24,-1.9,-0.39,-8.77,-3.74,-0.14,-0.006,-0.04,0.8499,1
12.95,TRAIN_M06_THAR_FAULT04_OIL_PRESS,TRAIN,THAR_DESERT,CRUISE_LOITER,5383.5,2215.4,74.4,148.61,148.98,148.75,148.76,791.74,792.34,791.65,792.15,3.74,106.31,14.96,3.0,74.43,0.792,14.07,3.34,LANE_A,3603.0,43.9,87.6,0.946,0,421.6,19.61,17.48,20.25,17.76,2.94,-1.46,0.85,-1.65,-0.41,-8.69,-3.8,-0.09,0.036,-0.03,0.8506,1
13.0,TRAIN_M06_THAR_FAULT04_OIL_PRESS,TRAIN,THAR_DESERT,CRUISE_LOITER,5389.2,2217.8,74.4,148.66,149.02,148.8,148.8,791.8,792.06,791.8,791.82,3.74,106.39,15.08,3.0,74.43,0.75,14.05,2.98,LANE_A,3603.0,43.9,87.6,0.943,0,420.1,19.66,17.52,20.3,17.8,3.0,-1.74,1.0,-1.98,-0.41,-8.61,-3.7,-0.09,-0.007,-0.05,0.8512,1
13.05,TRAIN_M06_THAR_FAULT04_OIL_PRESS,TRAIN,THAR_DESERT,CRUISE_LOITER,5388.5,2217.5,74.4,148.71,149.07,148.85,148.85,791.97,791.71,791.63,791.61,3.7,106.37,15.14,3.0,74.41,0.708,14.06,3.17,LANE_A,3604.0,43.9,87.5,0.941,0,418.6,19.71,17.57,20.35,17.85,3.17,-2.09,0.83,-2.19,-0.45,-8.63,-3.63,-0.1,-0.049,-0.04,0.852,1
13.1,TRAIN_M06_THAR_FAULT04_OIL_PRESS,TRAIN,THAR_DESERT,CRUISE_LOITER,5390.2,2218.2,74.3,148.75,149.12,148.89,148.89,791.7,791.91,791.54,791.82,3.71,106.35,15.04,3.0,74.41,0.767,14.06,2.99,LANE_A,3604.0,43.9,87.5,0.938,0,417.1,19.75,17.62,20.39,17.89,2.83,-1.96,0.67,-2.05,-0.44,-8.65,-3.73,-0.06,0.01,-0.04,0.8526,1
13.15,TRAIN_M06_THAR_FAULT04_OIL_PRESS,TRAIN,THAR_DESERT,CRUISE_LOITER,5393.4,2219.5,74.3,148.8,149.16,148.93,148.93,791.67,791.62,791.85,791.89,3.69,106.38,14.99,3.0,74.42,0.743,14.02,3.25,LANE_A,3604.0,43.9,87.5,0.935,0,415.6,19.8,17.66,20.43,17.93,2.8,-2.25,0.98,-1.98,-0.47,-8.62,-3.79,-0.05,-0.014,-0.08,0.8533,1
13.2,TRAIN_M06_THAR_FAULT04_OIL_PRESS,TRAIN,THAR_DESERT,CRUISE_LOITER,5403.5,2223.7,74.3,148.84,149.2,148.97,148.97,791.75,791.6,791.61,791.89,3.72,106.46,15.04,3.0,74.48,0.78,14.05,3.05,LANE_A,3604.0,43.9,87.5,0.932,0,414.1,19.84,17.7,20.47,17.97,2.88,-2.27,0.74,-1.98,-0.44,-8.54,-3.78,0.01,0.021,-0.05,0.8537,1
13.25,TRAIN_M06_THAR_FAULT04_OIL_PRESS,TRAIN,THAR_DESERT,CRUISE_LOITER,5405.2,2224.4,74.3,148.89,149.24,149.01,149.01,791.36,791.49,791.42,792.02,3.69,106.49,14.99,3.0,74.57,0.75,14.08,3.12,LANE_A,3605.0,43.9,87.5,0.929,0,412.6,19.89,17.74,20.51,18.01,2.49,-2.38,0.55,-1.85,-0.47,-8.51,-3.83,0.1,-0.009,-0.02,0.8544,1
13.3,TRAIN_M06_THAR_FAULT04_OIL_PRESS,TRAIN,THAR_DESERT,CRUISE_LOITER,5401.2,2222.7,74.3,148.93,149.28,149.05,149.06,791.54,791.79,791.73,791.91,3.73,106.43,14.95,3.0,74.55,0.764,14.06,3.12,LANE_A,3605.0,43.9,87.5,0.926,0,411.1,19.93,17.78,20.55,18.06,2.67,-2.08,0.86,-1.96,-0.43,-8.57,-3.86,0.08,0.006,-0.04,0.8549,1
13.35,TRAIN_M06_THAR_FAULT04_OIL_PRESS,TRAIN,THAR_DESERT,CRUISE_LOITER,5404.2,2223.9,74.3,148.97,149.32,149.09,149.1,791.23,791.49,792.04,791.61,3.67,106.46,14.88,3.0,74.52,0.73,14.08,3.27,LANE_A,3605.0,43.9,87.5,0.923,0,409.6,19.97,17.82,20.59,18.1,2.36,-2.38,1.17,-2.26,-0.49,-8.54,-3.94,0.05,-0.029,-0.02,0.8557,1
13.4,TRAIN_M06_THAR_FAULT04_OIL_PRESS,TRAIN,THAR_DESERT,CRUISE_LOITER,5406.6,2224.9,74.3,149.01,149.36,149.13,149.14,791.25,791.53,791.76,791.92,3.72,106.57,14.92,3.0,74.54,0.746,14.06,3.15,LANE_A,3605.0,43.9,87.5,0.921,0,408.1,20.01,17.86,20.63,18.14,2.38,-2.34,0.89,-1.95,-0.44,-8.43,-3.91,0.07,-0.013,-0.04,0.856,1
13.45,TRAIN_M06_THAR_FAULT04_OIL_PRESS,TRAIN,THAR_DESERT,CRUISE_LOITER,5410.6,2226.6,74.3,149.05,149.4,149.17,149.18,791.24,791.72,792.21,792.13,3.67,106.58,14.93,3.0,74.55,0.716,14.06,3.21,LANE_A,3606.0,43.9,87.5,0.918,0,406.6,20.05,17.9,20.67,18.18,2.37,-2.15,1.34,-1.74,-0.49,-8.42,-3.91,0.09,-0.044,-0.04,0.8567,1
13.5,TRAIN_M06_THAR_FAULT04_OIL_PRESS,TRAIN,THAR_DESERT,CRUISE_LOITER,5407.8,2225.4,74.3,149.09,149.44,149.22,149.22,791.41,791.9,791.98,792.36,3.67,106.5,14.91,3.0,74.49,0.794,14.09,3.24,LANE_A,3606.0,43.9,87.5,0.915,0,405.1,20.09,17.94,20.72,18.22,2.54,-1.97,1.11,-1.51,-0.49,-8.5,-3.92,0.03,0.035,-0.01,0.8573,1
13.55,TRAIN_M06_THAR_FAULT04_OIL_PRESS,TRAIN,THAR_DESERT,CRUISE_LOITER,5407.3,2225.2,74.3,149.13,149.49,149.25,149.26,791.55,791.63,791.77,792.07,3.64,106.47,14.94,3.0,74.49,0.749,14.05,3.21,LANE_A,3606.0,43.9,87.5,0.912,0,403.6,20.13,17.99,20.75,18.26,2.68,-2.24,0.9,-1.8,-0.52,-8.53,-3.89,0.03,-0.01,-0.05,0.8578,1
13.6,TRAIN_M06_THAR_FAULT04_OIL_PRESS,TRAIN,THAR_DESERT,CRUISE_LOITER,5402.2,2223.1,74.3,149.17,149.53,149.29,149.3,792.26,791.53,791.61,792.04,3.65,106.38,14.93,3.0,74.47,0.819,14.05,3.29,LANE_A,3606.0,43.9,87.5,0.909,0,402.1,20.17,18.03,20.79,18.3,3.39,-2.34,0.74,-1.83,-0.51,-8.62,-3.88,0.01,0.06,-0.05,0.8584,1
13.65,TRAIN_M06_THAR_FAULT04_OIL_PRESS,TRAIN,THAR_DESERT,CRUISE_LOITER,5395.8,2220.5,74.3,149.21,149.57,149.32,149.34,792.08,791.54,791.85,791.92,3.68,106.5,15.07,3.0,74.54,0.724,14.02,3.25,LANE_A,3607.0,43.8,87.4,0.906,0,400.6,20.21,18.07,20.82,18.34,3.22,-2.32,0.99,-1.94,-0.48,-8.5,-3.73,0.08,-0.034,-0.08,0.8585,1
13.7,TRAIN_M06_THAR_FAULT04_OIL_PRESS,TRAIN,THAR_DESERT,CRUISE_LOITER,5401.7,2222.9,74.3,149.25,149.61,149.37,149.39,792.67,791.45,791.56,791.87,3.66,106.59,15.14,3.0,74.47,0.815,14.05,3.19,LANE_A,3607.0,43.8,87.4,0.904,0,399.1,20.25,18.11,20.87,18.39,3.81,-2.41,0.7,-1.99,-0.5,-8.41,-3.68,0.01,0.057,-0.05,0.8592,1
13.75,TRAIN_M06_THAR_FAULT04_OIL_PRESS,TRAIN,THAR_DESERT,CRUISE_LOITER,5401.5,2222.9,74.3,149.29,149.65,149.41,149.44,792.77,791.39,791.9,791.75,3.62,106.52,15.11,3.0,74.48,0.72,14.05,3.2,LANE_A,3607.0,43.8,87.4,0.901,0,397.6,20.29,18.15,20.91,18.44,3.91,-2.47,1.04,-2.11,-0.54,-8.48,-3.71,0.02,-0.038,-0.05,0.8599,1
13.8,TRAIN_M06_THAR_FAULT04_OIL_PRESS,TRAIN,THAR_DESERT,CRUISE_LOITER,5402.7,2223.3,74.2,149.33,149.69,149.46,149.48,792.78,791.61,792.11,791.71,3.64,106.65,15.1,3.0,74.58,0.749,14.06,3.01,LANE_A,3607.0,43.8,87.4,0.898,0,396.1,20.33,18.19,20.96,18.48,3.85,-2.32,1.18,-2.22,-0.52,-8.35,-3.72,0.16,-0.01,-0.04,0.8604,1
13.85,TRAIN_M06_THAR_FAULT04_OIL_PRESS,TRAIN,THAR_DESERT,CRUISE_LOITER,5404.5,2224.1,74.2,149.38,149.74,149.5,149.52,792.61,791.51,791.92,791.87,3.63,106.77,15.23,3.0,74.64,0.76,14.08,3.02,LANE_A,3607.0,43.8,87.4,0.895,0,394.6,20.38,18.24,21.0,18.52,3.68,-2.42,0.99,-2.06,-0.53,-8.23,-3.59,0.22,0.001,-0.02,0.8608,1
13.9,TRAIN_M06_THAR_FAULT04_OIL_PRESS,TRAIN,THAR_DESERT,CRUISE_LOITER,5400.3,2222.3,74.2,149.42,149.79,149.54,149.56,792.57,791.76,791.78,792.11,3.59,106.74,15.19,3.0,74.58,0.681,14.03,3.0,LANE_A,3608.0,43.8,87.4,0.892,0,393.1,20.42,18.29,21.04,18.56,3.64,-2.17,0.85,-1.82,-0.57,-8.26,-3.62,0.17,-0.077,-0.07,0.8615,1
13.95,TRAIN_M06_THAR_FAULT04_OIL_PRESS,TRAIN,THAR_DESERT,CRUISE_LOITER,5399.3,2221.9,74.2,149.46,149.82,149.59,149.6,792.4,791.87,791.55,792.16,3.58,106.81,15.03,3.0,74.61,0.76,14.06,3.02,LANE_A,3608.0,43.8,87.4,0.889,0,391.6,20.46,18.32,21.09,18.6,3.47,-2.06,0.62,-1.77,-0.58,-8.19,-3.77,0.2,0.002,-0.04,0.8623,1
14.0,TRAIN_M06_THAR_FAULT04_OIL_PRESS,TRAIN,THAR_DESERT,CRUISE_LOITER,5396.6,2220.8,74.2,149.5,149.85,149.63,149.65,792.59,791.61,791.58,792.52,3.53,106.91,15.08,3.0,74.62,0.757,14.07,3.27,LANE_A,3608.0,43.8,87.4,0.887,0,390.1,20.5,18.35,21.13,18.65,3.66,-2.32,0.65,-1.41,-0.63,-8.09,-3.71,0.21,-0.001,-0.03,0.8629,1
14.05,TRAIN_M06_THAR_FAULT04_OIL_PRESS,TRAIN,THAR_DESERT,CRUISE_LOITER,5404.1,2223.9,74.2,149.54,149.89,149.66,149.68,792.24,791.57,791.41,792.76,3.57,107.04,15.02,3.0,74.44,0.741,14.03,3.24,LANE_A,3608.0,43.8,87.4,0.884,0,388.6,20.54,18.39,21.16,18.68,3.31,-2.36,0.48,-1.17,-0.59,-7.96,-3.8,0.03,-0.018,-0.07,0.8632,1
14.1,TRAIN_M06_THAR_FAULT04_OIL_PRESS,TRAIN,THAR_DESERT,CRUISE_LOITER,5402.9,2223.4,74.2,149.58,149.93,149.71,149.73,792.4,791.37,791.8,792.39,3.54,107.07,15.04,3.0,74.42,0.7,14.05,3.08,LANE_A,3608.0,43.8,87.4,0.881,0,387.1,20.58,18.43,21.21,18.73,3.47,-2.56,0.87,-1.54,-0.62,-7.93,-3.78,0.01,-0.059,-0.05,0.8639,1
14.15,TRAIN_M06_THAR_FAULT04_OIL_PRESS,TRAIN,THAR_DESERT,CRUISE_LOITER,5395.0,2220.2,74.2,149.62,149.97,149.75,149.76,792.46,791.55,791.53,792.44,3.57,107.15,15.05,3.0,74.3,0.712,14.07,3.0,LANE_A,3609.0,43.8,87.4,0.878,0,385.6,20.62,18.47,21.25,18.76,3.53,-2.38,0.6,-1.49,-0.59,-7.85,-3.74,-0.11,-0.045,-0.03,0.8643,1
14.2,TRAIN_M06_THAR_FAULT04_OIL_PRESS,TRAIN,THAR_DESERT,CRUISE_LOITER,5402.3,2223.2,74.2,149.66,150.0,149.78,149.8,792.06,791.62,791.33,792.37,3.51,107.21,15.02,3.0,74.25,0.786,14.09,3.18,LANE_A,3609.0,43.8,87.4,0.875,0,384.1,20.66,18.5,21.28,18.8,3.13,-2.31,0.4,-1.56,-0.65,-7.79,-3.79,-0.16,0.027,-0.01,0.8649,1
14.25,TRAIN_M06_THAR_FAULT04_OIL_PRESS,TRAIN,THAR_DESERT,CRUISE_LOITER,5397.3,2221.1,74.2,149.7,150.04,149.82,149.83,792.32,791.94,791.36,792.38,3.51,107.36,15.01,3.0,74.18,0.718,14.06,2.99,LANE_A,3609.0,43.8,87.4,0.873,0,382.6,20.7,18.54,21.32,18.83,3.39,-1.99,0.43,-1.55,-0.65,-7.64,-3.79,-0.23,-0.04,-0.04,0.8654,1
14.3,TRAIN_M06_THAR_FAULT04_OIL_PRESS,TRAIN,THAR_DESERT,CRUISE_LOITER,5399.7,2222.1,74.2,149.74,150.08,149.86,149.87,792.22,792.01,791.53,792.12,3.52,107.45,15.07,3.0,74.47,0.763,14.07,3.26,LANE_A,3609.0,43.8,87.3,0.87,0,381.1,20.74,18.58,21.36,18.87,3.29,-1.92,0.6,-1.81,-0.64,-7.55,-3.73,0.06,0.005,-0.03,0.8658,1
14.35,TRAIN_M06_THAR_FAULT04_OIL_PRESS,TRAIN,THAR_DESERT,CRUISE_LOITER,5402.7,2223.3,74.1,149.78,150.11,149.9,149.91,792.42,791.9,791.62,792.09,3.49,107.4,15.02,3.0,74.51,0.709,14.07,3.12,LANE_A,3609.0,43.8,87.3,0.867,0,379.6,20.78,18.61,21.4,18.91,3.41,-2.11,0.61,-1.92,-0.67,-7.6,-3.79,0.14,-0.05,-0.03,0.8664,1
14.4,TRAIN_M06_THAR_FAULT04_OIL_PRESS,TRAIN,THAR_DESERT,CRUISE_LOITER,5398.6,2221.6,74.1,149.81,150.14,149.93,149.94,792.1,792.2,791.59,792.29,3.52,107.52,14.91,3.0,74.6,0.739,14.04,3.15,LANE_A,3610.0,43.8,87.3,0.864,0,378.1,20.81,18.64,21.43,18.94,3.09,-1.81,0.58,-1.72,-0.64,-7.48,-3.88,0.24,-0.019,-0.06,0.8667,1
14.45,TRAIN_M06_THAR_FAULT04_OIL_PRESS,TRAIN,THAR_DESERT,CRUISE_LOITER,5398.2,2221.5,74.1,149.85,150.17,149.97,149.98,792.01,792.15,791.59,792.4,3.48,107.47,14.83,3.0,74.5,0.725,14.08,3.35,LANE_A,3610.0,43.8,87.3,0.861,0,376.6,20.85,18.67,21.47,18.98,3.0,-1.86,0.58,-1.61,-0.68,-7.53,-3.96,0.14,-0.033,-0.02,0.8675,1
14.5,TRAIN_M06_THAR_FAULT04_OIL_PRESS,TRAIN,THAR_DESERT,CRUISE_LOITER,5394.5,2220.0,74.1,149.89,150.21,150.0,150.01,791.78,791.93,791.94,792.73,3.51,107.42,14.89,3.0,74.47,0.689,14.06,3.02,LANE_A,3610.0,43.8,87.3,0.858,0,375.1,20.89,18.71,21.5,19.01,2.77,-2.08,0.93,-1.28,-0.65,-7.58,-3.89,0.11,-0.068,-0.04,0.8677,1
14.55,TRAIN_M06_THAR_FAULT04_OIL_PRESS,TRAIN,THAR_DESERT,CRUISE_LOITER,5388.0,2217.3,74.1,149.92,150.24,150.03,150.05,791.86,791.93,792.07,792.86,3.48,107.39,14.81,3.0,74.44,0.767,14.07,3.19,LANE_A,3610.0,43.8,87.3,0.855,0,373.6,20.92,18.74,21.53,19.05,2.85,-2.08,1.06,-1.15,-0.67,-7.61,-3.95,0.08,0.011,-0.03,0.8682,1
14.6,TRAIN_M06_THAR_FAULT04_OIL_PRESS,TRAIN,THAR_DESERT,CRUISE_LOITER,5386.5,2216.7,74.1,149.95,150.27,150.06,150.08,791.87,791.84,792.22,792.78,3.5,107.48,14.8,3.0,74.51,0.803,14.04,3.12,LANE_A,3610.0,43.8,87.3,0.853,0,372.1,20.95,18.77,21.56,19.08,2.86,-2.17,1.21,-1.23,-0.65,-7.52,-3.95,0.15,0.047,-0.06,0.8685,1
14.65,TRAIN_M06_THAR_FAULT04_OIL_PRESS,TRAIN,THAR_DESERT,CRUISE_LOITER,5384.0,2215.6,74.1,149.99,150.3,150.09,150.11,792.15,791.61,792.39,792.8,3.49,107.4,14.84,3.0,74.58,0.792,14.07,3.18,LANE_A,3611.0,43.8,87.3,0.85,0,370.6,20.99,18.8,21.59,19.11,3.14,-2.4,1.38,-1.21,-0.66,-7.6,-3.9,0.22,0.036,-0.03,0.8688,1
14.7,TRAIN_M06_THAR_FAULT04_OIL_PRESS,TRAIN,THAR_DESERT,CRUISE_LOITER,5385.6,2216.3,74.1,150.02,150.33,150.11,150.14,792.13,791.87,792.4,792.77,3.47,107.64,14.84,3.0,74.69,0.709,14.09,3.34,LANE_A,3611.0,43.8,87.3,0.847,0,369.1,21.02,18.83,21.61,19.14,3.12,-2.14,1.39,-1.24,-0.68,-7.36,-3.91,0.33,-0.047,-0.01,0.8692,1
14.75,TRAIN_M06_THAR_FAULT04_OIL_PRESS,TRAIN,THAR_DESERT,CRUISE_LOITER,5386.1,2216.5,74.1,150.05,150.36,150.14,150.17,791.99,791.43,792.4,791.97,3.44,107.62,14.9,3.0,74.48,0.794,14.05,3.49,LANE_A,3611.0,43.8,87.3,0.844,0,367.6,21.05,18.86,21.64,19.17,2.98,-2.58,1.39,-2.04,-0.71,-7.38,-3.85,0.12,0.038,-0.05,0.8696,1
14.8,TRAIN_M06_THAR_FAULT04_OIL_PRESS,TRAIN,THAR_DESERT,CRUISE_LOITER,5380.8,2214.3,74.1,150.08,150.39,150.18,150.2,792.05,791.72,792.41,791.85,3.43,107.56,14.95,3.0,74.47,0.734,14.06,3.1,LANE_A,3611.0,43.8,87.3,0.841,0,366.1,21.08,18.89,21.68,19.2,3.04,-2.29,1.4,-2.16,-0.72,-7.44,-3.78,0.11,-0.021,-0.04,0.87,1
14.85,TRAIN_M06_THAR_FAULT04_OIL_PRESS,TRAIN,THAR_DESERT,CRUISE_LOITER,5384.2,2215.7,74.0,150.12,150.42,150.21,150.23,791.61,792.12,792.08,792.15,3.46,107.61,14.97,3.0,74.41,0.728,14.04,3.12,LANE_A,3611.0,43.8,87.3,0.838,0,364.7,21.12,18.92,21.71,19.23,2.53,-1.96,1.0,-1.93,-0.69,-7.39,-3.77,0.09,-0.028,-0.06,0.8703,1
14.9,TRAIN_M06_THAR_FAULT04_OIL_PRESS,TRAIN,THAR_DESERT,CRUISE_LOITER,5387.1,2216.9,74.0,150.15,150.45,150.24,150.26,791.54,791.85,792.13,791.9,3.43,107.74,14.91,3.0,74.36,0.787,14.07,3.28,LANE_A,3611.0,43.8,87.3,0.836,0,363.2,21.15,18.95,21.74,19.26,2.46,-2.23,1.05,-2.18,-0.72,-7.26,-3.84,0.04,0.031,-0.03,0.8708,1
14.95,TRAIN_M06_THAR_FAULT04_OIL_PRESS,TRAIN,THAR_DESERT,CRUISE_LOITER,5383.2,2215.3,74.0,150.18,150.48,150.27,150.29,791.42,791.73,791.91,791.94,3.39,107.72,14.95,3.0,74.34,0.713,14.06,3.28,LANE_A,3612.0,43.8,87.3,0.833,0,361.7,21.18,18.98,21.77,19.29,2.34,-2.35,0.83,-2.14,-0.76,-7.28,-3.78,0.03,-0.043,-0.04,0.8713,1
15.0,TRAIN_M06_THAR_FAULT04_OIL_PRESS,TRAIN,THAR_DESERT,CRUISE_LOITER,5388.7,2217.6,74.0,150.22,150.51,150.3,150.33,791.54,792.2,792.03,791.92,3.37,107.9,15.05,3.0,74.29,0.747,14.06,3.14,LANE_A,3612.0,43.8,87.2,0.83,0,360.2,21.22,19.01,21.8,19.33,2.46,-1.88,0.95,-2.16,-0.78,-7.1,-3.7,-0.02,-0.01,-0.04,0.8716,1
15.05,TRAIN_M06_THAR_FAULT04_OIL_PRESS,TRAIN,THAR_DESERT,CRUISE_LOITER,5392.2,2219.0,74.0,150.25,150.54,150.33,150.37,791.7,792.34,791.83,792.28,3.37,107.84,15.06,3.0,74.33,0.767,14.05,3.14,LANE_A,3612.0,43.8,87.2,0.827,0,358.7,21.25,19.04,21.83,19.37,2.62,-1.74,0.75,-1.8,-0.79,-7.16,-3.71,0.02,0.01,-0.05,0.872,1
15.1,TRAIN_M06_THAR_FAULT04_OIL_PRESS,TRAIN,THAR_DESERT,CRUISE_LOITER,5397.7,2221.3,74.0,150.28,150.57,150.37,150.4,792.03,792.12,791.77,792.23,3.38,107.85,15.02,3.0,74.39,0.744,14.02,3.3,LANE_A,3612.0,43.8,87.2,0.824,0,357.2,21.28,19.07,21.87,19.4,2.95,-1.96,0.69,-1.85,-0.78,-7.15,-3.77,0.08,-0.014,-0.08,0.8725,1
15.15,TRAIN_M06_THAR_FAULT04_OIL_PRESS,TRAIN,THAR_DESERT,CRUISE_LOITER,5388.6,2217.5,74.0,150.31,150.6,150.4,150.43,792.28,791.88,791.38,792.0,3.41,107.91,14.95,3.0,74.36,0.758,14.04,3.01,LANE_A,3612.0,43.8,87.2,0.822,0,355.7,21.31,19.1,21.9,19.43,3.2,-2.2,0.3,-2.08,-0.74,-7.09,-3.8,0.05,0.001,-0.06,0.8727,1
15.2,TRAIN_M06_THAR_FAULT04_OIL_PRESS,TRAIN,THAR_DESERT,CRUISE_LOITER,5388.7,2217.6,74.0,150.34,150.63,150.43,150.46,792.58,792.07,791.61,791.93,3.4,107.7,14.94,3.0,74.25,0.72,14.04,3.07,LANE_A,3613.0,43.8,87.2,0.819,0,354.2,21.34,19.13,21.93,19.46,3.5,-2.01,0.53,-2.15,-0.75,-7.3,-3.81,-0.06,-0.037,-0.06,0.8732,1
15.25,TRAIN_M06_THAR_FAULT04_OIL_PRESS,TRAIN,THAR_DESERT,CRUISE_LOITER,5384.8,2216.0,74.0,150.37,150.66,150.46,150.49,792.55,792.16,791.41,792.27,3.37,107.89,15.07,3.0,74.22,0.705,14.05,3.21,LANE_A,3613.0,43.8,87.2,0.816,0,352.7,21.37,19.16,21.96,19.49,3.47,-1.92,0.33,-1.81,-0.78,-7.11,-3.67,-0.09,-0.051,-0.05,0.8735,1
15.3,TRAIN_M06_THAR_FAULT04_OIL_PRESS,TRAIN,THAR_DESERT,CRUISE_LOITER,5385.9,2216.4,73.9,150.4,150.69,150.48,150.52,792.46,792.48,791.42,792.2,3.36,107.88,14.98,3.0,74.13,0.756,14.04,3.27,LANE_A,3613.0,43.8,87.2,0.813,0,351.2,21.4,19.19,21.98,19.52,3.3,-1.68,0.26,-1.96,-0.79,-7.12,-3.76,-0.14,0.0,-0.06,0.8739,1
15.35,TRAIN_M06_THAR_FAULT04_OIL_PRESS,TRAIN,THAR_DESERT,CRUISE_LOITER,5392.5,2219.1,73.9,150.43,150.72,150.51,150.55,792.47,792.1,791.75,791.75,3.4,107.89,14.92,3.0,74.2,0.659,14.07,3.23,LANE_A,3613.0,43.8,87.2,0.81,0,349.7,21.43,19.22,22.01,19.55,3.31,-2.06,0.59,-2.41,-0.76,-7.11,-3.84,-0.07,-0.098,-0.03,0.8742,1
15.4,TRAIN_M06_THAR_FAULT04_OIL_PRESS,TRAIN,THAR_DESERT,CRUISE_LOITER,5394.6,2220.0,73.9,150.46,150.76,150.54,150.58,792.08,791.85,791.82,791.56,3.34,107.97,14.93,3.0,74.19,0.788,14.06,2.99,LANE_A,3613.0,43.8,87.2,0.807,0,348.2,21.46,19.26,22.04,19.58,2.92,-2.31,0.66,-2.6,-0.82,-7.03,-3.84,-0.08,0.031,-0.04,0.8747,1
15.45,TRAIN_M06_THAR_FAULT04_OIL_PRESS,TRAIN,THAR_DESERT,CRUISE_LOITER,5395.4,2220.3,73.9,150.49,150.78,150.57,150.61,792.03,792.17,791.92,792.21,3.34,107.86,14.84,3.0,74.26,0.725,14.05,2.92,LANE_A,3613.0,43.8,87.2,0.804,0,346.7,21.49,19.28,22.07,19.61,2.87,-1.99,0.76,-1.95,-0.82,-7.14,-3.93,-0.01,-0.033,-0.05,0.8752,1
15.5,TRAIN_M06_THAR_FAULT04_OIL_PRESS,TRAIN,THAR_DESERT,CRUISE_LOITER,5393.4,2219.5,73.9,150.52,150.81,150.59,150.64,792.19,792.57,791.77,792.14,3.3,107.95,14.86,3.0,74.25,0.847,14.08,3.02,LANE_A,3613.0,43.8,87.2,0.802,0,345.2,21.52,19.31,22.09,19.64,3.03,-1.59,0.61,-2.02,-0.86,-7.05,-3.9,-0.02,0.09,-0.02,0.8756,1
15.55,TRAIN_M06_THAR_FAULT04_OIL_PRESS,TRAIN,THAR_DESERT,CRUISE_LOITER,5384.5,2215.8,73.9,150.54,150.83,150.62,150.66,792.22,792.7,792.07,791.91,3.41,108.0,14.86,3.0,74.3,0.777,14.07,3.14,LANE_A,3614.0,43.8,87.2,0.799,0,343.7,21.54,19.33,22.12,19.66,3.06,-1.46,0.91,-2.25,-0.74,-7.0,-3.87,0.04,0.021,-0.03,0.8753,1
15.6,TRAIN_M06_THAR_FAULT04_OIL_PRESS,TRAIN,THAR_DESERT,CRUISE_LOITER,5381.6,2214.6,73.9,150.57,150.86,150.65,150.69,792.4,792.56,791.84,792.05,3.35,108.11,14.89,3.0,74.33,0.717,14.06,3.36,LANE_A,3614.0,43.8,87.2,0.796,0,342.2,21.57,19.36,22.15,19.69,3.24,-1.6,0.68,-2.11,-0.8,-6.89,-3.83,0.07,-0.038,-0.04,0.8759,1
15.65,TRAIN_M06_THAR_FAULT04_OIL_PRESS,TRAIN,THAR_DESERT,CRUISE_LOITER,5371.5,2210.5,73.9,150.59,150.89,150.68,150.71,792.17,792.6,792.11,791.71,3.28,108.19,14.77,3.0,74.22,0.759,14.06,3.06,LANE_A,3614.0,43.8,87.2,0.793,0,340.7,21.59,19.39,22.18,19.71,3.01,-1.56,0.95,-2.45,-0.87,-6.81,-3.92,-0.04,0.005,-0.04,0.8766,1
15.7,TRAIN_M06_THAR_FAULT04_OIL_PRESS,TRAIN,THAR_DESERT,CRUISE_LOITER,5372.4,2210.9,73.8,150.62,150.91,150.7,150.74,792.26,792.74,792.02,791.74,3.34,108.17,14.84,3.0,74.34,0.734,14.08,3.46,LANE_A,3614.0,43.8,87.2,0.79,0,339.2,21.62,19.41,22.2,19.74,3.03,-1.49,0.79,-2.49,-0.81,-6.83,-3.85,0.12,-0.02,-0.02,0.8765,1
15.75,TRAIN_M06_THAR_FAULT04_OIL_PRESS,TRAIN,THAR_DESERT,CRUISE_LOITER,5369.1,2209.5,73.8,150.64,150.93,150.73,150.76,792.3,792.82,792.26,791.96,3.28,108.15,14.79,3.0,74.38,0.77,14.08,3.13,LANE_A,3614.0,43.8,87.1,0.787,0,337.7,21.64,19.43,22.23,19.76,3.07,-1.41,1.03,-2.27,-0.86,-6.85,-3.88,0.16,0.016,-0.02,0.8771,1
15.8,TRAIN_M06_THAR_FAULT04_OIL_PRESS,TRAIN,THAR_DESERT,CRUISE_LOITER,5369.6,2209.7,73.8,150.68,150.95,150.76,150.78,792.38,792.48,792.16,792.22,3.28,108.03,14.75,3.0,74.34,0.728,14.09,3.3,LANE_A,3614.0,43.8,87.1,0.785,0,336.2,21.68,19.45,22.26,19.78,3.15,-1.75,0.93,-2.01,-0.87,-6.97,-3.93,0.12,-0.026,-0.01,0.8775,1
15.85,TRAIN_M06_THAR_FAULT04_OIL_PRESS,TRAIN,THAR_DESERT,CRUISE_LOITER,5375.7,2212.2,73.8,150.7,150.98,150.78,150.81,792.16,792.63,792.1,791.9,3.29,108.06,14.85,3.0,74.2,0.727,14.07,3.41,LANE_A,3615.0,43.8,87.1,0.782,0,334.7,21.7,19.48,22.28,19.81,2.93,-1.6,0.87,-2.33,-0.86,-6.94,-3.85,-0.02,-0.028,-0.03,0.8776,1
15.9,TRAIN_M06_THAR_FAULT04_OIL_PRESS,TRAIN,THAR_DESERT,CRUISE_LOITER,5378.9,2213.5,73.8,150.73,151.0,150.81,150.84,792.19,792.56,792.23,792.22,3.31,108.1,14.91,3.0,74.09,0.737,14.06,3.18,LANE_A,3615.0,43.8,87.1,0.779,0,333.2,21.73,19.5,22.31,19.84,2.96,-1.67,1.0,-2.01,-0.84,-6.9,-3.8,-0.13,-0.018,-0.04,0.8778,1
15.95,TRAIN_M06_THAR_FAULT04_OIL_PRESS,TRAIN,THAR_DESERT,CRUISE_LOITER,5377.1,2212.8,73.8,150.75,151.02,150.83,150.86,792.49,792.64,792.14,792.23,3.28,108.03,14.84,3.0,74.16,0.846,14.06,2.9,LANE_A,3615.0,43.8,87.1,0.776,0,331.7,21.75,19.52,22.33,19.86,3.26,-1.59,0.91,-2.0,-0.87,-6.97,-3.86,-0.06,0.091,-0.04,0.8783,1
16.0,TRAIN_M06_THAR_FAULT04_OIL_PRESS,TRAIN,THAR_DESERT,CRUISE_LOITER,5373.4,2211.3,73.8,150.78,151.04,150.85,150.89,792.47,792.45,792.38,792.08,3.22,108.12,14.93,3.0,74.18,0.755,14.09,3.4,LANE_A,3615.0,43.8,87.1,0.773,0,330.2,21.78,19.54,22.35,19.89,3.24,-1.78,1.15,-2.15,-0.93,-6.88,-3.76,-0.04,0.001,-0.01,0.8787,1
16.05,TRAIN_M06_THAR_FAULT04_OIL_PRESS,TRAIN,THAR_DESERT,CRUISE_LOITER,5377.6,2213.0,73.8,150.8,151.07,150.88,150.92,792.19,792.36,792.31,792.37,3.29,108.08,14.87,3.0,74.08,0.697,14.05,3.31,LANE_A,3615.0,43.8,87.1,0.77,0,328.7,21.8,19.57,22.38,19.92,2.96,-1.87,1.08,-1.86,-0.86,-6.92,-3.83,-0.14,-0.058,-0.05,0.8788,1
16.1,TRAIN_M06_THAR_FAULT04_OIL_PRESS,TRAIN,THAR_DESERT,CRUISE_LOITER,5378.9,2213.5,73.7,150.83,151.09,150.89,150.94,792.46,792.55,792.16,792.42,3.21,108.12,14.83,3.0,73.96,0.741,14.08,3.33,LANE_A,3615.0,43.8,87.1,0.768,0,327.2,21.83,19.59,22.39,19.94,3.15,-1.76,0.85,-1.89,-0.94,-6.88,-3.87,-0.21,-0.014,-0.02,0.8793,1
16.15,TRAIN_M06_THAR_FAULT04_OIL_PRESS,TRAIN,THAR_DESERT,CRUISE_LOITER,5383.7,2215.5,73.7,150.85,151.11,150.92,150.97,792.36,792.45,792.15,792.37,3.27,108.08,14.81,3.0,74.05,0.761,14.06,3.24,LANE_A,3615.0,43.8,87.1,0.765,0,325.7,21.85,19.61,22.42,19.97,3.05,-1.86,0.84,-1.94,-0.88,-6.92,-3.91,-0.12,0.005,-0.04,0.8794,1
16.2,TRAIN_M06_THAR_FAULT04_OIL_PRESS,TRAIN,THAR_DESERT,CRUISE_LOITER,5384.1,2215.7,73.7,150.88,151.14,150.94,151.0,792.62,792.27,792.21,792.45,3.3,108.0,14.91,3.0,74.03,0.732,14.05,3.0,LANE_A,3615.0,43.8,87.1,0.762,0,324.2,21.88,19.64,22.44,20.0,3.31,-2.04,0.9,-1.86,-0.85,-7.0,-3.81,-0.14,-0.024,-0.05,0.8794,1
16.25,TRAIN_M06_THAR_FAULT04_OIL_PRESS,TRAIN,THAR_DESERT,CRUISE_LOITER,5382.7,2215.1,73.7,150.91,151.16,150.97,151.02,792.67,792.39,792.21,792.46,3.23,108.09,14.96,3.0,74.02,0.748,14.06,3.12,LANE_A,3616.0,43.8,87.1,0.759,0,322.7,21.91,19.66,22.47,20.02,3.36,-1.92,0.9,-1.85,-0.92,-6.91,-3.76,-0.15,-0.008,-0.04,0.88,1
16.3,TRAIN_M06_THAR_FAULT04_OIL_PRESS,TRAIN,THAR_DESERT,CRUISE_LOITER,5380.6,2214.2,73.7,150.94,151.19,151.0,151.04,792.75,792.28,792.0,792.41,3.2,108.05,14.95,3.0,74.03,0.792,14.07,3.12,LANE_A,3616.0,43.8,87.1,0.756,0,321.2,21.94,19.69,22.5,20.04,3.44,-2.03,0.69,-1.9,-0.95,-6.95,-3.76,-0.14,0.037,-0.03,0.8805,1
16.35,TRAIN_M06_THAR_FAULT04_OIL_PRESS,TRAIN,THAR_DESERT,CRUISE_LOITER,5378.5,2213.4,73.7,150.97,151.21,151.02,151.07,792.53,792.15,792.23,792.3,3.18,108.13,14.99,3.0,74.0,0.766,14.03,3.42,LANE_A,3616.0,43.8,87.1,0.753,0,319.7,21.97,19.71,22.52,20.07,3.22,-2.16,0.92,-2.01,-0.97,-6.87,-3.71,-0.17,0.011,-0.07,0.8808,1
16.4,TRAIN_M06_THAR_FAULT04_OIL_PRESS,TRAIN,THAR_DESERT,CRUISE_LOITER,5380.5,2214.2,73.7,150.99,151.24,151.05,151.09,792.37,792.27,792.22,792.12,3.25,108.13,14.96,3.0,73.95,0.817,14.05,3.05,LANE_A,3616.0,43.7,87.1,0.751,0,318.2,21.99,19.74,22.55,20.09,3.08,-2.02,0.93,-2.17,-0.9,-6.87,-3.75,-0.22,0.062,-0.05,0.8808,1
16.45,TRAIN_M06_THAR_FAULT04_OIL_PRESS,TRAIN,THAR_DESERT,CRUISE_LOITER,5375.7,2212.2,73.6,151.01,151.26,151.08,151.12,792.3,792.21,792.51,791.97,3.2,108.08,14.88,3.0,73.99,0.766,14.06,3.2,LANE_A,3616.0,43.7,87.1,0.748,0,316.7,22.01,19.76,22.58,20.12,2.93,-2.16,1.14,-2.4,-0.95,-6.92,-3.81,-0.13,0.011,-0.04,0.8814,1
16.5,TRAIN_M06_THAR_FAULT04_OIL_PRESS,TRAIN,THAR_DESERT,CRUISE_LOITER,5379.8,2213.9,73.6,151.04,151.28,151.1,151.14,792.57,792.14,792.35,792.27,3.24,108.17,14.84,3.0,73.96,0.684,14.06,2.93,LANE_A,3616.0,43.7,87.1,0.745,0,315.2,22.04,19.78,22.6,20.14,3.2,-2.23,0.98,-2.1,-0.91,-6.83,-3.87,-0.16,-0.071,-0.04,0.8815,1
16.55,TRAIN_M06_THAR_FAULT04_OIL_PRESS,TRAIN,THAR_DESERT,CRUISE_LOITER,5380.0,2214.0,73.6,151.06,151.3,151.12,151.16,792.71,792.15,791.95,791.93,3.21,108.08,14.88,3.0,73.93,0.683,14.08,3.18,LANE_A,3616.0,43.7,87.1,0.742,4,313.7,22.06,19.8,22.62,20.16,3.34,-2.22,0.58,-2.44,-0.94,-6.92,-3.83,-0.19,-0.072,-0.02,0.8818,1
16.6,TRAIN_M06_THAR_FAULT04_OIL_PRESS,TRAIN,THAR_DESERT,CRUISE_LOITER,5381.2,2214.5,73.6,151.09,151.33,151.15,151.19,792.67,791.85,791.8,791.77,3.2,107.93,14.93,3.0,74.04,0.714,14.07,3.64,LANE_A,3616.0,43.7,87.0,0.739,4,312.2,22.09,19.83,22.65,20.19,3.3,-2.52,0.43,-2.6,-0.95,-7.07,-3.78,-0.08,-0.041,-0.03,0.8821,1
16.65,TRAIN_M06_THAR_FAULT04_OIL_PRESS,TRAIN,THAR_DESERT,CRUISE_LOITER,5381.8,2214.8,73.6,151.11,151.35,151.17,151.22,792.5,791.74,791.8,791.89,3.2,107.93,14.9,3.0,74.05,0.716,14.08,3.13,LANE_A,3617.0,43.7,87.0,0.736,4,310.7,22.11,19.85,22.67,20.22,3.13,-2.63,0.43,-2.48,-0.95,-7.07,-3.81,-0.07,-0.039,-0.02,0.8824,1
16.7,TRAIN_M06_THAR_FAULT04_OIL_PRESS,TRAIN,THAR_DESERT,CRUISE_LOITER,5376.9,2212.7,73.6,151.14,151.37,151.19,151.24,792.61,792.06,792.0,791.86,3.21,107.88,14.83,3.0,74.06,0.754,14.07,3.41,LANE_A,3617.0,43.7,87.0,0.734,4,309.3,22.14,19.87,22.69,20.24,3.24,-2.31,0.63,-2.51,-0.94,-7.12,-3.87,-0.06,-0.001,-0.03,0.8826,1
16.75,TRAIN_M06_THAR_FAULT04_OIL_PRESS,TRAIN,THAR_DESERT,CRUISE_LOITER,5375.4,2212.1,73.6,151.16,151.39,151.21,151.26,792.47,792.23,792.05,791.83,3.18,107.95,14.87,3.0,74.12,0.743,14.05,2.9,LANE_A,3617.0,43.7,87.0,0.731,4,307.8,22.16,19.89,22.71,20.26,3.1,-2.14,0.68,-2.54,-0.97,-7.05,-3.82,0.0,-0.012,-0.05,0.8829,1
16.8,TRAIN_M06_THAR_FAULT04_OIL_PRESS,TRAIN,THAR_DESERT,CRUISE_LOITER,5379.9,2213.9,73.5,151.18,151.41,151.23,151.28,792.17,792.38,791.74,791.86,3.18,108.01,14.81,3.0,74.1,0.78,14.07,3.18,LANE_A,3617.0,43.7,87.0,0.728,4,306.3,22.18,19.91,22.73,20.28,2.73,-2.06,0.3,-2.58,-0.97,-6.99,-3.89,0.03,0.025,-0.03,0.8832,1
16.85,TRAIN_M06_THAR_FAULT04_OIL_PRESS,TRAIN,THAR_DESERT,CRUISE_LOITER,5384.4,2215.8,73.5,151.21,151.43,151.25,151.31,792.16,792.45,791.89,792.18,3.16,108.05,14.79,3.0,74.15,0.737,14.06,3.15,LANE_A,3617.0,43.7,87.0,0.725,4,304.8,22.21,19.93,22.75,20.31,2.72,-1.99,0.45,-2.26,-0.99,-6.95,-3.93,0.08,-0.019,-0.04,0.8835,1
16.9,TRAIN_M06_THAR_FAULT04_OIL_PRESS,TRAIN,THAR_DESERT,CRUISE_LOITER,5383.5,2215.4,73.5,151.23,151.45,151.27,151.33,792.47,792.34,792.02,792.16,3.16,108.05,14.81,3.0,74.08,0.716,14.08,3.31,LANE_A,3617.0,43.7,87.0,0.722,4,303.3,22.23,19.95,22.77,20.33,3.03,-2.1,0.58,-2.28,-0.99,-6.95,-3.9,0.01,-0.04,-0.02,0.8837,1
16.95,TRAIN_M06_THAR_FAULT04_OIL_PRESS,TRAIN,THAR_DESERT,CRUISE_LOITER,5383.6,2215.5,73.5,151.25,151.47,151.29,151.35,792.51,792.54,792.16,792.01,3.12,108.05,14.75,3.0,74.15,0.827,14.1,3.32,LANE_A,3617.0,43.7,87.0,0.72,4,301.8,22.25,19.97,22.79,20.35,3.07,-1.9,0.72,-2.43,-1.03,-6.95,-3.96,0.08,0.071,0.0,0.8842,1
17.0,TRAIN_M06_THAR_FAULT04_OIL_PRESS,TRAIN,THAR_DESERT,CRUISE_LOITER,5388.1,2217.3,73.5,151.27,151.49,151.32,151.37,792.84,792.57,792.28,791.88,3.06,108.0,14.74,3.0,73.95,0.743,14.07,3.15,LANE_A,3617.0,43.7,87.0,0.717,4,300.3,22.27,19.99,22.82,20.37,3.4,-1.87,0.84,-2.56,-1.09,-7.0,-3.99,-0.12,-0.013,-0.03,0.8848,1
17.05,TRAIN_M06_THAR_FAULT04_OIL_PRESS,TRAIN,THAR_DESERT,CRUISE_LOITER,5395.9,2220.5,73.5,151.28,151.5,151.34,151.38,792.92,792.55,792.13,791.95,3.1,107.88,14.79,3.0,73.95,0.723,14.05,3.08,LANE_A,3617.0,43.7,87.0,0.714,4,298.8,22.28,20.0,22.84,20.38,3.48,-1.89,0.69,-2.49,-1.06,-7.12,-3.97,-0.12,-0.035,-0.05,0.8848,1
17.1,TRAIN_M06_THAR_FAULT04_OIL_PRESS,TRAIN,THAR_DESERT,CRUISE_LOITER,5392.5,2219.1,73.5,151.3,151.52,151.36,151.4,793.04,792.62,792.21,791.86,3.13,107.95,14.78,3.0,74.06,0.796,14.07,3.2,LANE_A,3618.0,43.7,87.0,0.711,4,297.3,22.3,20.02,22.86,20.4,3.6,-1.82,0.77,-2.58,-1.03,-7.05,-3.96,-0.01,0.039,-0.03,0.8849,1
17.15,TRAIN_M06_THAR_FAULT04_OIL_PRESS,TRAIN,THAR_DESERT,CRUISE_LOITER,5388.7,2217.6,73.4,151.32,151.53,151.38,151.42,792.96,792.39,792.02,791.81,3.14,107.89,14.77,3.0,74.0,0.8,14.06,3.35,LANE_A,3618.0,43.7,87.0,0.708,4,295.8,22.32,20.03,22.88,20.42,3.44,-2.13,0.5,-2.71,-1.01,-7.11,-3.96,-0.03,0.043,-0.04,0.885,1
17.2,TRAIN_M06_THAR_FAULT04_OIL_PRESS,TRAIN,THAR_DESERT,CRUISE_LOITER,5385.1,2216.1,73.4,151.33,151.55,151.39,151.45,792.61,792.29,792.05,791.81,3.12,107.82,14.72,3.0,73.93,0.768,14.05,3.13,LANE_A,3618.0,43.7,87.0,0.705,4,294.3,22.33,20.05,22.89,20.45,3.09,-2.23,0.53,-2.71,-1.03,-7.18,-3.99,-0.1,0.012,-0.05,0.8853,1
17.25,TRAIN_M06_THAR_FAULT04_OIL_PRESS,TRAIN,THAR_DESERT,CRUISE_LOITER,5379.8,2213.9,73.4,151.35,151.57,151.41,151.46,792.56,792.46,791.67,791.9,3.09,107.82,14.77,3.0,73.94,0.728,14.07,3.28,LANE_A,3618.0,43.7,87.0,0.703,4,292.8,22.35,20.07,22.91,20.46,3.04,-2.06,0.15,-2.62,-1.06,-7.18,-3.93,-0.09,-0.027,-0.03,0.8856,1
17.3,TRAIN_M06_THAR_FAULT04_OIL_PRESS,TRAIN,THAR_DESERT,CRUISE_LOITER,5380.2,2214.1,73.4,151.37,151.6,151.42,151.48,792.59,792.8,791.96,791.66,3.13,107.83,14.78,3.0,73.9,0.731,14.09,3.34,LANE_A,3618.0,43.7,87.0,0.7,4,291.3,22.37,20.1,22.92,20.48,3.07,-1.72,0.44,-2.86,-1.02,-7.17,-3.92,-0.13,-0.024,-0.01,0.8855,1
17.35,TRAIN_M06_THAR_FAULT04_OIL_PRESS,TRAIN,THAR_DESERT,CRUISE_LOITER,5380.5,2214.2,73.4,151.39,151.62,151.44,151.5,792.54,792.76,792.41,791.3,3.05,107.88,14.85,3.0,73.85,0.753,14.06,3.11,LANE_A,3618.0,43.7,87.0,0.697,4,289.8,22.39,20.12,22.94,20.5,3.02,-1.76,0.89,-3.22,-1.1,-7.12,-3.85,-0.18,-0.002,-0.04,0.886,1
17.4,TRAIN_M06_THAR_FAULT04_OIL_PRESS,TRAIN,THAR_DESERT,CRUISE_LOITER,5383.8,2215.6,73.4,151.41,151.63,151.46,151.52,792.79,792.8,792.27,791.34,3.08,107.74,14.9,3.0,73.85,0.766,14.07,3.42,LANE_A,3618.0,43.7,87.0,0.694,4,288.3,22.41,20.13,22.96,20.52,3.27,-1.72,0.75,-3.18,-1.07,-7.26,-3.81,-0.18,0.01,-0.03,0.8861,1
17.45,TRAIN_M06_THAR_FAULT04_OIL_PRESS,TRAIN,THAR_DESERT,CRUISE_LOITER,5378.8,2213.5,73.3,151.44,151.65,151.48,151.54,792.39,792.51,792.16,791.42,3.04,107.74,14.86,3.0,73.93,0.676,14.05,3.18,LANE_A,3618.0,43.7,87.0,0.691,4,286.8,22.44,20.15,22.98,20.54,2.8,-2.08,0.57,-3.17,-1.11,-7.26,-3.83,-0.05,-0.079,-0.05,0.8865,1
17.5,TRAIN_M06_THAR_FAULT04_OIL_PRESS,TRAIN,THAR_DESERT,CRUISE_LOITER,5383.4,2215.4,73.3,151.45,151.67,151.49,151.57,792.19,792.7,792.32,791.19,3.05,107.78,14.77,3.0,73.82,0.736,14.06,3.09,LANE_A,3618.0,43.7,87.0,0.688,4,285.3,22.45,20.17,22.99,20.57,2.6,-1.89,0.73,-3.4,-1.1,-7.22,-3.93,-0.16,-0.02,-0.04,0.8867,1
17.55,TRAIN_M06_THAR_FAULT04_OIL_PRESS,TRAIN,THAR_DESERT,CRUISE_LOITER,5386.6,2216.7,73.3,151.48,151.68,151.51,151.58,792.71,792.52,792.14,791.52,3.08,107.89,14.83,3.0,73.94,0.729,14.06,3.11,LANE_A,3618.0,43.7,87.0,0.685,4,283.8,22.48,20.18,23.01,20.58,3.12,-2.07,0.55,-3.07,-1.07,-7.11,-3.88,-0.04,-0.027,-0.04,0.8867,1
17.6,TRAIN_M06_THAR_FAULT04_OIL_PRESS,TRAIN,THAR_DESERT,CRUISE_LOITER,5387.6,2217.1,73.3,151.5,151.7,151.53,151.61,792.82,792.16,792.4,791.84,3.07,107.79,14.81,3.0,74.03,0.749,14.06,3.38,LANE_A,3618.0,43.7,86.9,0.683,4,282.3,22.5,20.2,23.03,20.61,3.23,-2.43,0.81,-2.75,-1.08,-7.21,-3.91,0.05,-0.007,-0.04,0.887,1
17.65,TRAIN_M06_THAR_FAULT04_OIL_PRESS,TRAIN,THAR_DESERT,CRUISE_LOITER,5384.8,2215.9,73.3,151.52,151.72,151.55,151.62,792.35,792.21,792.47,792.23,3.02,107.81,14.84,3.0,73.89,0.709,14.04,3.4,LANE_A,3618.0,43.7,86.9,0.68,4,280.8,22.52,20.22,23.05,20.62,2.76,-2.38,0.88,-2.36,-1.13,-7.19,-3.87,-0.09,-0.047,-0.06,0.8874,1
17.7,TRAIN_M06_THAR_FAULT04_OIL_PRESS,TRAIN,THAR_DESERT,CRUISE_LOITER,5389.1,2217.7,73.3,151.54,151.74,151.56,151.64,792.14,792.49,792.75,792.06,3.05,107.91,14.81,3.0,74.13,0.758,14.05,3.47,LANE_A,3619.0,43.7,86.9,0.677,4,279.3,22.54,20.24,23.06,20.64,2.55,-2.1,1.16,-2.53,-1.1,-7.09,-3.91,0.15,0.001,-0.05,0.8874,1
17.75,TRAIN_M06_THAR_FAULT04_OIL_PRESS,TRAIN,THAR_DESERT,CRUISE_LOITER,5379.7,2213.9,73.2,151.55,151.75,151.58,151.66,792.45,792.31,792.78,791.99,2.96,107.92,14.67,3.0,74.11,0.775,14.05,3.02,LANE_A,3619.0,43.7,86.9,0.674,4,277.8,22.55,20.25,23.08,20.66,2.79,-2.35,1.12,-2.67,-1.19,-7.08,-4.02,0.18,0.02,-0.05,0.8881,1
17.8,TRAIN_M06_THAR_FAULT04_OIL_PRESS,TRAIN,THAR_DESERT,CRUISE_LOITER,5378.1,2213.2,73.2,151.57,151.76,151.6,151.67,792.27,792.49,792.76,791.86,3.02,108.04,14.78,3.0,73.92,0.762,14.05,3.3,LANE_A,3619.0,43.7,86.9,0.671,4,276.3,22.57,20.26,23.1,20.67,2.61,-2.17,1.1,-2.8,-1.13,-6.96,-3.9,-0.01,0.007,-0.05,0.8879,1
17.85,TRAIN_M06_THAR_FAULT04_OIL_PRESS,TRAIN,THAR_DESERT,CRUISE_LOITER,5377.4,2212.9,73.2,151.59,151.77,151.62,151.69,792.48,792.69,792.88,792.07,3.01,108.11,14.75,3.0,73.99,0.82,14.08,3.29,LANE_A,3619.0,43.7,86.9,0.668,4,274.8,22.59,20.27,23.12,20.69,2.82,-1.97,1.22,-2.59,-1.14,-6.89,-3.93,0.06,0.065,-0.02,0.8882,1
17.9,TRAIN_M06_THAR_FAULT04_OIL_PRESS,TRAIN,THAR_DESERT,CRUISE_LOITER,5376.7,2212.6,73.2,151.61,151.79,151.63,151.7,792.66,792.74,792.7,792.3,3.04,107.93,14.72,3.0,74.07,0.769,14.07,3.43,LANE_A,3619.0,43.7,86.9,0.666,4,273.3,22.61,20.29,23.13,20.7,3.0,-1.92,1.04,-2.36,-1.11,-7.07,-3.95,0.14,0.014,-0.03,0.8881,1
17.95,TRAIN_M06_THAR_FAULT04_OIL_PRESS,TRAIN,THAR_DESERT,CRUISE_LOITER,5375.2,2212.0,73.2,151.62,151.8,151.64,151.71,792.35,792.45,792.61,792.22,2.99,107.91,14.61,3.0,73.93,0.694,14.09,3.2,LANE_A,3619.0,43.7,86.9,0.663,4,271.8,22.62,20.3,23.14,20.71,2.69,-2.21,0.95,-2.44,-1.16,-7.09,-4.06,0.0,-0.06,-0.01,0.8886,1
18.0,TRAIN_M06_THAR_FAULT04_OIL_PRESS,TRAIN,THAR_DESERT,CRUISE_LOITER,5385.8,2216.4,73.2,151.64,151.81,151.66,151.73,792.6,792.53,792.6,791.97,2.97,107.92,14.66,3.0,74.0,0.722,14.06,3.4,LANE_A,3619.0,43.7,86.9,0.66,4,270.3,22.64,20.31,23.16,20.73,2.94,-2.13,0.94,-2.69,-1.18,-7.08,-4.05,0.07,-0.034,-0.04,0.8889,1
18.05,TRAIN_M06_THAR_FAULT04_OIL_PRESS,TRAIN,THAR_DESERT,CRUISE_LOITER,5388.4,2217.5,73.2,151.66,151.83,151.68,151.75,792.57,792.15,792.66,792.36,2.98,107.96,14.69,3.0,73.96,0.778,14.07,3.26,LANE_A,3619.0,43.7,86.9,0.657,4,268.8,22.66,20.33,23.18,20.75,2.91,-2.51,1.0,-2.3,-1.17,-7.04,-4.03,0.03,0.022,-0.03,0.889,1
18.1,TRAIN_M06_THAR_FAULT04_OIL_PRESS,TRAIN,THAR_DESERT,CRUISE_LOITER,5383.3,2215.3,73.1,151.67,151.84,151.69,151.76,792.4,792.18,792.98,792.31,3.02,107.78,14.66,3.0,74.05,0.75,14.07,3.04,LANE_A,3619.0,43.7,86.9,0.654,4,267.3,22.67,20.34,23.19,20.76,2.66,-2.56,1.24,-2.43,-1.13,-7.22,-4.03,0.16,-0.006,-0.03,0.8889,1
18.15,TRAIN_M06_THAR_FAULT04_OIL_PRESS,TRAIN,THAR_DESERT,CRUISE_LOITER,5386.7,2216.8,73.1,151.68,151.86,151.71,151.78,792.16,792.23,793.08,792.32,2.96,107.82,14.64,3.0,73.91,0.81,14.07,3.21,LANE_A,3619.0,43.7,86.9,0.651,4,265.8,22.68,20.36,23.21,20.78,2.42,-2.51,1.34,-2.42,-1.19,-7.18,-4.06,0.02,0.054,-0.03,0.8895,1
18.2,TRAIN_M06_THAR_FAULT04_OIL_PRESS,TRAIN,THAR_DESERT,CRUISE_LOITER,5384.8,2216.0,73.1,151.7,151.87,151.73,151.79,792.24,792.4,793.0,792.25,2.99,107.71,14.56,3.0,73.94,0.789,14.07,3.28,LANE_A,3619.0,43.7,86.9,0.649,4,264.3,22.7,20.37,23.23,20.79,2.5,-2.34,1.26,-2.49,-1.16,-7.29,-4.14,0.05,0.033,-0.03,0.8896,1
18.25,TRAIN_M06_THAR_FAULT04_OIL_PRESS,TRAIN,THAR_DESERT,CRUISE_LOITER,5386.0,2216.5,73.1,151.71,151.89,151.75,151.8,792.35,792.61,793.01,792.54,2.96,107.8,14.78,3.0,73.89,0.721,14.06,3.19,LANE_A,3619.0,43.7,86.9,0.646,4,262.8,22.71,20.39,23.25,20.8,2.61,-2.13,1.27,-2.2,-1.19,-7.2,-3.92,0.0,-0.035,-0.04,0.8897,1
18.3,TRAIN_M06_THAR_FAULT04_OIL_PRESS,TRAIN,THAR_DESERT,CRUISE_LOITER,5386.1,2216.5,73.1,151.73,151.91,151.77,151.82,792.57,792.55,793.01,792.45,2.92,107.82,14.84,3.0,73.91,0.759,14.06,3.06,LANE_A,3619.0,43.7,86.9,0.643,4,261.3,22.73,20.41,23.27,20.82,2.83,-2.19,1.27,-2.29,-1.23,-7.18,-3.86,0.02,0.003,-0.04,0.8901,1
18.35,TRAIN_M06_THAR_FAULT04_OIL_PRESS,TRAIN,THAR_DESERT,CRUISE_LOITER,5386.0,2216.5,73.1,151.75,151.91,151.79,151.84,792.82,792.43,793.01,792.54,2.93,107.88,14.82,3.0,73.99,0.748,14.03,3.3,LANE_A,3619.0,43.7,86.9,0.64,4,259.8,22.75,20.41,23.29,20.84,3.08,-2.31,1.27,-2.2,-1.22,-7.12,-3.88,0.1,-0.008,-0.07,0.8903,1
18.4,TRAIN_M06_THAR_FAULT04_OIL_PRESS,TRAIN,THAR_DESERT,CRUISE_LOITER,5384.0,2215.6,73.0,151.77,151.93,151.8,151.86,792.78,792.49,792.9,792.56,2.95,107.85,14.86,3.0,73.91,0.77,14.03,3.08,LANE_A,3619.0,43.7,86.9,0.637,4,258.3,22.77,20.43,23.3,20.86,2.97,-2.32,1.09,-2.25,-1.2,-7.15,-3.83,0.07,0.014,-0.07,0.8902,1
18.45,TRAIN_M06_THAR_FAULT04_OIL_PRESS,TRAIN,THAR_DESERT,CRUISE_LOITER,5386.2,2216.5,73.0,151.79,151.95,151.81,151.87,792.72,792.31,792.89,792.55,2.91,108.0,14.74,3.0,73.92,0.789,14.08,3.48,LANE_A,3619.0,43.7,86.9,0.635,4,256.8,22.79,20.45,23.31,20.87,2.91,-2.5,1.08,-2.26,-1.24,-7.0,-3.96,0.08,0.033,-0.02,0.8906,1
18.5,TRAIN_M06_THAR_FAULT04_OIL_PRESS,TRAIN,THAR_DESERT,CRUISE_LOITER,5386.6,2216.7,73.0,151.81,151.96,151.83,151.89,792.89,792.77,792.86,792.65,2.96,108.06,14.68,3.0,73.92,0.693,14.05,3.08,LANE_A,3620.0,43.7,86.9,0.632,4,255.3,22.81,20.46,23.33,20.89,3.08,-2.04,1.05,-2.16,-1.19,-6.94,-4.02,0.08,-0.063,-0.05,0.8906,1
18.55,TRAIN_M06_THAR_FAULT04_OIL_PRESS,TRAIN,THAR_DESERT,CRUISE_LOITER,5389.2,2217.8,73.0,151.82,151.97,151.84,151.9,792.97,792.83,792.82,792.99,2.91,108.12,14.7,3.0,73.88,0.742,14.06,3.08,LANE_A,3620.0,43.7,86.9,0.629,4,253.8,22.82,20.47,23.34,20.9,3.16,-1.98,1.01,-1.82,-1.24,-6.88,-4.01,0.04,-0.015,-0.04,0.8909,1
18.6,TRAIN_M06_THAR_FAULT04_OIL_PRESS,TRAIN,THAR_DESERT,CRUISE_LOITER,5384.5,2215.8,73.0,151.84,151.98,151.86,151.92,792.5,792.68,792.74,792.93,2.91,108.22,14.7,3.0,73.93,0.74,14.06,2.93,LANE_A,3620.0,43.7,86.9,0.626,4,252.4,22.84,20.48,23.36,20.92,2.69,-2.13,0.93,-1.88,-1.24,-6.78,-3.99,0.09,-0.016,-0.04,0.8911,1
18.65,TRAIN_M06_THAR_FAULT04_OIL_PRESS,TRAIN,THAR_DESERT,CRUISE_LOITER,5382.1,2214.8,72.9,151.85,151.99,151.88,151.94,792.48,792.44,793.0,792.84,2.87,108.23,14.66,3.0,73.96,0.754,14.05,3.12,LANE_A,3620.0,43.7,86.9,0.623,4,250.9,22.85,20.49,23.38,20.94,2.6,-2.44,1.12,-2.04,-1.28,-6.77,-4.02,0.16,-0.002,-0.05,0.8915,1
18.7,TRAIN_M06_THAR_FAULT04_OIL_PRESS,TRAIN,THAR_DESERT,CRUISE_LOITER,5385.8,2216.4,72.9,151.86,152.0,151.89,151.95,792.44,792.31,792.89,792.8,2.92,108.15,14.65,3.0,73.89,0.76,14.09,3.18,LANE_A,3620.0,43.7,86.9,0.62,4,249.4,22.86,20.5,23.39,20.95,2.56,-2.57,1.01,-2.08,-1.23,-6.85,-4.04,0.09,0.004,-0.01,0.8914,1
18.75,TRAIN_M06_THAR_FAULT04_OIL_PRESS,TRAIN,THAR_DESERT,CRUISE_LOITER,5391.8,2218.8,72.9,151.87,152.01,151.9,151.96,792.63,791.92,793.2,792.79,2.9,108.29,14.54,3.0,73.88,0.776,14.05,3.15,LANE_A,3620.0,43.7,86.9,0.617,4,247.9,22.87,20.51,23.4,20.96,2.75,-2.96,1.32,-2.09,-1.26,-6.71,-4.17,0.08,0.019,-0.05,0.8917,1
18.8,TRAIN_M06_THAR_FAULT04_OIL_PRESS,TRAIN,THAR_DESERT,CRUISE_LOITER,5391.7,2218.8,72.9,151.89,152.02,151.92,151.97,792.3,792.09,792.68,793.2,2.9,108.4,14.56,3.0,73.85,0.733,14.05,3.47,LANE_A,3620.0,43.7,86.9,0.615,4,246.4,22.89,20.52,23.42,20.97,2.42,-2.79,0.8,-1.68,-1.26,-6.6,-4.15,0.05,-0.024,-0.05,0.8919,1
18.85,TRAIN_M06_THAR_FAULT04_OIL_PRESS,TRAIN,THAR_DESERT,CRUISE_LOITER,5394.1,2219.8,72.9,151.9,152.03,151.93,151.98,792.34,792.43,792.27,793.01,2.85,108.43,14.58,3.0,73.9,0.763,14.09,3.17,LANE_A,3620.0,43.7,86.9,0.612,4,244.9,22.9,20.53,23.43,20.98,2.46,-2.45,0.39,-1.87,-1.31,-6.57,-4.14,0.1,0.006,-0.01,0.8922,1
18.9,TRAIN_M06_THAR_FAULT04_OIL_PRESS,TRAIN,THAR_DESERT,CRUISE_LOITER,5397.7,2221.3,72.9,151.92,152.05,151.94,151.99,792.63,792.48,792.54,793.12,2.89,108.55,14.66,3.0,73.65,0.729,14.06,3.14,LANE_A,3620.0,43.7,86.9,0.609,4,243.4,22.92,20.55,23.44,20.99,2.75,-2.4,0.66,-1.76,-1.27,-6.45,-4.07,-0.15,-0.029,-0.04,0.8921,1
18.95,TRAIN_M06_THAR_FAULT04_OIL_PRESS,TRAIN,THAR_DESERT,CRUISE_LOITER,5394.2,2219.8,72.8,151.94,152.05,151.96,152.01,792.74,792.77,792.47,792.78,2.84,108.73,14.68,3.0,73.62,0.74,14.04,2.97,LANE_A,3620.0,43.7,86.9,0.606,4,241.9,22.94,20.55,23.46,21.01,2.79,-2.18,0.52,-2.17,-1.32,-6.27,-4.04,-0.13,-0.017,-0.06,0.8925,1
19.0,TRAIN_M06_THAR_FAULT04_OIL_PRESS,TRAIN,THAR_DESERT,CRUISE_LOITER,5397.9,2221.4,72.8,151.95,152.06,151.96,152.02,792.76,792.77,792.4,792.9,2.84,108.67,14.6,3.0,73.71,0.767,14.06,3.55,LANE_A,3620.0,43.7,86.9,0.603,4,240.4,22.95,20.56,23.46,21.02,2.81,-2.18,0.45,-2.05,-1.32,-6.33,-4.13,-0.04,0.009,-0.04,0.8926,1
19.05,TRAIN_M06_THAR_FAULT04_OIL_PRESS,TRAIN,THAR_DESERT,CRUISE_LOITER,5397.4,2221.1,72.8,151.96,152.07,151.98,152.03,792.69,792.89,792.43,792.78,2.83,108.64,14.6,3.0,73.65,0.772,14.07,3.05,LANE_A,3620.0,43.7,86.8,0.601,4,238.9,22.96,20.57,23.48,21.03,2.74,-2.06,0.48,-2.17,-1.33,-6.36,-4.13,-0.1,0.014,-0.03,0.8928,1
19.1,TRAIN_M06_THAR_FAULT04_OIL_PRESS,TRAIN,THAR_DESERT,CRUISE_LOITER,5390.6,2218.3,72.8,151.98,152.08,151.99,152.04,792.89,792.53,792.49,792.88,2.79,108.56,14.6,3.0,73.68,0.795,14.07,3.07,LANE_A,3620.0,43.7,86.8,0.598,4,237.4,22.98,20.58,23.49,21.04,2.94,-2.42,0.54,-2.07,-1.36,-6.44,-4.1,-0.07,0.038,-0.03,0.8931,1
19.15,TRAIN_M06_THAR_FAULT04_OIL_PRESS,TRAIN,THAR_DESERT,CRUISE_LOITER,5379.8,2213.9,72.8,151.98,152.09,152.01,152.05,792.93,792.46,792.54,792.92,2.79,108.58,14.66,3.0,73.68,0.806,14.07,3.14,LANE_A,3620.0,43.7,86.8,0.595,4,235.9,22.98,20.59,23.51,21.05,2.98,-2.49,0.59,-2.03,-1.36,-6.42,-4.01,-0.07,0.051,-0.03,0.8932,1
19.2,TRAIN_M06_THAR_FAULT04_OIL_PRESS,TRAIN,THAR_DESERT,CRUISE_LOITER,5379.5,2213.8,72.8,152.0,152.1,152.02,152.07,793.0,792.61,792.31,793.08,2.78,108.59,14.58,3.0,73.77,0.735,14.07,3.16,LANE_A,3620.0,43.7,86.8,0.592,4,234.4,23.0,20.6,23.52,21.07,3.05,-2.34,0.36,-1.87,-1.37,-6.41,-4.08,0.02,-0.02,-0.03,0.8934,1
19.25,TRAIN_M06_THAR_FAULT04_OIL_PRESS,TRAIN,THAR_DESERT,CRUISE_LOITER,5381.3,2214.5,72.7,152.01,152.11,152.02,152.08,792.84,792.76,792.21,793.08,2.84,108.57,14.62,3.0,73.76,0.703,14.04,3.5,LANE_A,3620.0,43.7,86.8,0.589,4,232.9,23.01,20.61,23.52,21.08,2.81,-2.27,0.18,-1.95,-1.31,-6.43,-4.05,0.05,-0.052,-0.06,0.8931,1
19.3,TRAIN_M06_THAR_FAULT04_OIL_PRESS,TRAIN,THAR_DESERT,CRUISE_LOITER,5367.9,2209.0,72.7,152.01,152.12,152.04,152.1,792.84,792.53,792.47,792.97,2.72,108.68,14.62,3.0,73.87,0.769,14.09,3.19,LANE_A,3620.0,43.7,86.8,0.586,4,231.4,23.01,20.62,23.54,21.1,2.81,-2.5,0.44,-2.06,-1.42,-6.32,-4.0,0.16,0.016,-0.01,0.8938,1
19.35,TRAIN_M06_THAR_FAULT04_OIL_PRESS,TRAIN,THAR_DESERT,CRUISE_LOITER,5368.3,2209.2,72.7,152.03,152.13,152.05,152.1,792.85,792.66,792.19,793.07,2.78,108.61,14.61,3.0,73.76,0.73,14.08,3.05,LANE_A,3620.0,43.7,86.8,0.583,4,229.9,23.03,20.63,23.55,21.1,2.82,-2.37,0.16,-1.96,-1.36,-6.39,-4.01,0.05,-0.023,-0.02,0.8936,1
19.4,TRAIN_M06_THAR_FAULT04_OIL_PRESS,TRAIN,THAR_DESERT,CRUISE_LOITER,5368.8,2209.4,72.7,152.04,152.14,152.06,152.12,792.99,792.6,792.31,793.21,2.72,108.44,14.65,3.0,73.61,0.719,14.07,2.92,LANE_A,3620.0,43.7,86.8,0.581,4,228.4,23.04,20.64,23.56,21.12,2.96,-2.43,0.28,-1.82,-1.42,-6.56,-3.97,-0.1,-0.035,-0.03,0.894,1
19.45,TRAIN_M06_THAR_FAULT04_OIL_PRESS,TRAIN,THAR_DESERT,CRUISE_LOITER,5373.1,2211.2,72.7,152.05,152.15,152.07,152.12,792.9,792.49,792.32,793.07,2.8,108.51,14.62,3.0,73.69,0.757,14.06,3.02,LANE_A,3620.0,43.7,86.8,0.578,4,226.9,23.05,20.65,23.57,21.12,2.87,-2.54,0.29,-1.96,-1.35,-6.49,-4.02,-0.02,0.003,-0.04,0.8937,1
19.5,TRAIN_M06_THAR_FAULT04_OIL_PRESS,TRAIN,THAR_DESERT,CRUISE_LOITER,5368.8,2209.4,72.6,152.06,152.15,152.08,152.13,792.78,792.76,792.43,792.72,2.78,108.68,14.64,3.0,73.74,0.707,14.06,2.98,LANE_A,3620.0,43.7,86.8,0.575,4,225.4,23.06,20.65,23.58,21.13,2.68,-2.34,0.33,-2.38,-1.36,-6.32,-3.98,0.08,-0.047,-0.04,0.8939,1
19.55,TRAIN_M06_THAR_FAULT04_OIL_PRESS,TRAIN,THAR_DESERT,CRUISE_LOITER,5369.4,2209.6,72.6,152.07,152.15,152.09,152.13,792.87,792.67,792.58,793.08,2.76,108.69,14.57,3.0,73.61,0.729,14.06,3.29,LANE_A,3620.0,43.7,86.8,0.572,4,223.9,23.07,20.65,23.59,21.13,2.77,-2.43,0.48,-2.02,-1.38,-6.31,-4.05,-0.05,-0.025,-0.04,0.8941,1
19.6,TRAIN_M06_THAR_FAULT04_OIL_PRESS,TRAIN,THAR_DESERT,CRUISE_LOITER,5367.6,2208.9,72.6,152.08,152.16,152.1,152.14,792.31,793.0,792.95,793.08,2.75,108.65,14.62,3.0,73.65,0.791,14.09,3.42,LANE_A,3620.0,43.7,86.8,0.569,4,222.4,23.08,20.66,23.6,21.14,2.21,-2.1,0.85,-2.02,-1.39,-6.35,-3.99,-0.01,0.038,-0.01,0.8942,1
19.65,TRAIN_M06_THAR_FAULT04_OIL_PRESS,TRAIN,THAR_DESERT,CRUISE_LOITER,5366.5,2208.4,72.6,152.09,152.17,152.11,152.15,792.65,793.11,793.3,792.88,2.74,108.7,14.61,3.0,73.68,0.719,14.06,3.29,LANE_A,3620.0,43.7,86.8,0.566,4,220.9,23.09,20.67,23.61,21.15,2.55,-1.99,1.2,-2.22,-1.4,-6.3,-4.0,0.02,-0.034,-0.04,0.8944,1
19.7,TRAIN_M06_THAR_FAULT04_OIL_PRESS,TRAIN,THAR_DESERT,CRUISE_LOITER,5364.1,2207.4,72.6,152.1,152.18,152.12,152.16,792.83,793.07,793.57,792.67,2.7,108.6,14.62,3.0,73.65,0.766,14.08,3.02,LANE_A,3620.0,43.7,86.8,0.564,4,219.4,23.1,20.68,23.62,21.16,2.73,-2.03,1.47,-2.43,-1.44,-6.4,-3.98,-0.01,0.013,-0.02,0.8947,1
19.75,TRAIN_M06_THAR_FAULT04_OIL_PRESS,TRAIN,THAR_DESERT,CRUISE_LOITER,5364.2,2207.5,72.6,152.11,152.19,152.13,152.17,792.36,793.29,793.61,792.86,2.69,108.69,14.51,3.0,73.68,0.743,14.06,3.15,LANE_A,3620.0,43.7,86.8,0.561,4,217.9,23.11,20.69,23.63,21.17,2.26,-1.81,1.51,-2.24,-1.45,-6.31,-4.09,0.02,-0.01,-0.04,0.8949,1
19.8,TRAIN_M06_THAR_FAULT04_OIL_PRESS,TRAIN,THAR_DESERT,CRUISE_LOITER,5367.5,2208.9,72.5,152.11,152.19,152.13,152.18,792.15,793.41,793.49,792.96,2.71,108.75,14.37,3.0,73.8,0.738,14.07,3.26,LANE_A,3620.0,43.7,86.8,0.558,4,216.4,23.11,20.69,23.63,21.18,1.98,-1.76,1.32,-2.21,-1.43,-6.25,-4.24,0.19,-0.015,-0.03,0.8949,1
19.85,TRAIN_M06_THAR_FAULT04_OIL_PRESS,TRAIN,THAR_DESERT,CRUISE_LOITER,5382.5,2215.0,72.5,152.12,152.2,152.13,152.18,792.05,793.71,793.11,792.79,2.66,108.79,14.36,3.0,73.82,0.776,14.08,3.48,LANE_A,3620.0,43.7,86.8,0.555,4,214.9,23.12,20.7,23.63,21.18,1.88,-1.46,0.94,-2.38,-1.49,-6.21,-4.3,0.21,0.02,-0.02,0.8953,1
19.9,TRAIN_M06_THAR_FAULT04_OIL_PRESS,TRAIN,THAR_DESERT,CRUISE_LOITER,5379.7,2213.9,72.5,152.13,152.21,152.14,152.19,792.16,793.43,793.02,793.16,2.73,108.76,14.43,3.0,73.81,0.767,14.08,2.96,LANE_A,3620.0,43.7,86.8,0.552,4,213.4,23.13,20.71,23.64,21.19,1.99,-1.74,0.85,-2.01,-1.42,-6.24,-4.22,0.2,0.012,-0.02,0.8949,1
19.95,TRAIN_M06_THAR_FAULT04_OIL_PRESS,TRAIN,THAR_DESERT,CRUISE_LOITER,5380.5,2214.2,72.5,152.13,152.21,152.15,152.2,792.21,793.46,793.31,793.31,2.67,108.77,14.34,3.0,73.82,0.707,14.07,3.0,LANE_A,3620.0,43.6,86.8,0.549,4,211.9,23.13,20.71,23.65,21.2,2.06,-1.69,1.16,-1.84,-1.48,-6.23,-4.32,0.21,-0.048,-0.03,0.8954,1
20.0,TRAIN_M06_THAR_FAULT04_OIL_PRESS,TRAIN,THAR_DESERT,CRUISE_LOITER,5381.3,2214.5,72.5,152.14,152.22,152.16,152.21,792.43,793.66,793.37,793.16,2.67,108.82,14.45,3.0,73.78,0.79,14.04,2.9,LANE_A,3620.0,43.6,86.8,0.547,4,210.4,23.14,20.72,23.66,21.21,2.28,-1.49,1.22,-1.99,-1.48,-6.18,-4.21,0.17,0.035,-0.06,0.8954,1
20.05,TRAIN_M06_THAR_FAULT04_OIL_PRESS,TRAIN,THAR_DESERT,CRUISE_LOITER,5381.4,2214.6,72.4,152.15,152.22,152.16,152.22,792.35,793.57,793.25,793.1,2.69,108.77,14.51,3.0,73.73,0.765,14.08,3.13,LANE_A,3620.0,43.6,86.8,0.544,4,208.9,23.15,20.72,23.66,21.22,2.12,-1.66,1.02,-2.13,-1.46,-6.23,-4.15,0.16,0.01,-0.02,0.8953,1
20.1,TRAIN_M06_THAR_FAULT04_OIL_PRESS,TRAIN,THAR_DESERT,CRUISE_LOITER,5382.7,2215.1,72.4,152.16,152.23,152.17,152.22,792.98,793.27,793.02,793.22,2.69,108.85,14.47,3.0,73.56,0.776,14.03,2.82,LANE_A,3620.0,43.6,86.8,0.541,4,207.4,23.16,20.73,23.67,21.22,2.75,-1.96,0.79,-2.01,-1.46,-6.15,-4.19,-0.01,0.02,-0.07,0.8954,1
20.15,TRAIN_M06_THAR_FAULT04_OIL_PRESS,TRAIN,THAR_DESERT,CRUISE_LOITER,5378.7,2213.5,72.4,152.17,152.23,152.18,152.23,792.94,793.47,792.85,793.39,2.67,108.97,14.49,3.0,73.58,0.751,14.04,3.31,LANE_A,3620.0,43.6,86.8,0.538,4,205.9,23.17,20.73,23.68,21.23,2.71,-1.76,0.62,-1.84,-1.48,-6.03,-4.16,0.01,-0.004,-0.06,0.8956,1
20.2,TRAIN_M06_THAR_FAULT04_OIL_PRESS,TRAIN,THAR_DESERT,CRUISE_LOITER,5378.5,2213.4,72.4,152.18,152.25,152.19,152.24,793.08,793.24,792.75,793.73,2.67,108.93,14.54,3.0,73.6,0.713,14.06,3.16,LANE_A,3620.0,43.6,86.8,0.535,4,204.4,23.18,20.75,23.69,21.24,2.85,-1.99,0.52,-1.5,-1.48,-6.07,-4.11,0.03,-0.042,-0.04,0.8957,1
20.25,TRAIN_M06_THAR_FAULT04_OIL_PRESS,TRAIN,THAR_DESERT,CRUISE_LOITER,5372.4,2210.9,72.4,152.18,152.26,152.19,152.24,793.2,793.07,792.83,793.8,2.63,108.96,14.45,3.0,73.63,0.758,14.04,3.23,LANE_A,3620.0,43.6,86.8,0.532,4,202.9,23.18,20.76,23.69,21.24,2.97,-2.16,0.6,-1.43,-1.52,-6.04,-4.18,0.06,0.004,-0.06,0.8959,1
20.3,TRAIN_M06_THAR_FAULT04_OIL_PRESS,TRAIN,THAR_DESERT,CRUISE_LOITER,5362.5,2206.8,72.4,152.2,152.26,152.2,152.24,793.01,793.19,792.79,793.47,2.61,109.04,14.5,3.0,73.62,0.766,14.09,3.34,LANE_A,3620.0,43.6,86.8,0.53,4,201.4,23.2,20.76,23.7,21.24,2.78,-2.04,0.56,-1.76,-1.53,-5.96,-4.09,0.05,0.013,-0.01,0.896,1
20.35,TRAIN_M06_THAR_FAULT04_OIL_PRESS,TRAIN,THAR_DESERT,CRUISE_LOITER,5363.3,2207.1,72.3,152.2,152.27,152.2,152.25,792.64,792.85,792.66,793.39,2.62,108.97,14.48,3.0,73.57,0.744,14.05,3.06,LANE_A,3620.0,43.6,86.8,0.527,4,199.9,23.2,20.77,23.7,21.25,2.34,-2.45,0.36,-1.91,-1.52,-6.03,-4.11,0.05,-0.009,-0.05,0.896,1
20.4,TRAIN_M06_THAR_FAULT04_OIL_PRESS,TRAIN,THAR_DESERT,CRUISE_LOITER,5357.4,2204.7,72.3,152.21,152.28,152.21,152.26,793.32,793.0,792.39,793.74,2.6,109.03,14.51,3.0,73.53,0.707,14.03,3.19,LANE_A,3620.0,43.6,86.8,0.524,4,198.4,23.21,20.78,23.71,21.26,3.02,-2.3,0.09,-1.56,-1.54,-5.97,-4.06,0.01,-0.045,-0.07,0.8962,1
20.45,TRAIN_M06_THAR_FAULT04_OIL_PRESS,TRAIN,THAR_DESERT,CRUISE_LOITER,5353.6,2203.1,72.3,152.22,152.28,152.23,152.27,793.48,792.93,792.48,793.52,2.61,108.98,14.5,3.0,73.66,0.717,14.05,3.37,LANE_A,3620.0,43.6,86.8,0.521,4,197.0,23.22,20.78,23.73,21.27,3.18,-2.37,0.18,-1.78,-1.53,-6.02,-4.06,0.14,-0.034,-0.05,0.8963,1
20.5,TRAIN_M06_THAR_FAULT04_OIL_PRESS,TRAIN,THAR_DESERT,CRUISE_LOITER,5345.8,2199.9,72.3,152.22,152.28,152.23,152.28,793.39,792.96,793.08,793.7,2.63,108.98,14.41,3.0,73.62,0.7,14.07,3.44,LANE_A,3620.0,43.6,86.8,0.518,4,195.5,23.22,20.78,23.73,21.28,3.09,-2.34,0.78,-1.6,-1.5,-6.02,-4.12,0.1,-0.05,-0.03,0.8962,1
20.55,TRAIN_M06_THAR_FAULT04_OIL_PRESS,TRAIN,THAR_DESERT,CRUISE_LOITER,5347.1,2200.5,72.3,152.22,152.28,152.24,152.28,793.39,793.07,792.83,793.49,2.6,108.93,14.38,3.0,73.39,0.716,14.07,3.28,LANE_A,3620.0,43.6,86.8,0.515,4,194.0,23.22,20.78,23.74,21.28,3.09,-2.23,0.53,-1.81,-1.53,-6.07,-4.15,-0.13,-0.034,-0.03,0.8964,1
20.6,TRAIN_M06_THAR_FAULT04_OIL_PRESS,TRAIN,THAR_DESERT,CRUISE_LOITER,5339.1,2197.2,72.2,152.23,152.28,152.25,152.29,793.37,793.19,793.06,793.52,2.57,109.15,14.47,3.0,73.41,0.774,14.07,3.29,LANE_A,3620.0,43.6,86.8,0.513,4,192.5,23.23,20.78,23.75,21.29,3.0,-2.18,0.69,-1.85,-1.56,-5.85,-4.03,-0.07,0.025,-0.03,0.8966,1
20.65,TRAIN_M06_THAR_FAULT04_OIL_PRESS,TRAIN,THAR_DESERT,CRUISE_LOITER,5344.9,2199.5,72.2,152.24,152.28,152.26,152.29,793.47,792.96,793.14,793.48,2.58,109.2,14.57,3.0,73.45,0.715,14.06,3.22,LANE_A,3620.0,43.6,86.8,0.51,4,191.0,23.24,20.78,23.76,21.29,3.1,-2.41,0.77,-1.89,-1.55,-5.8,-3.95,-0.03,-0.035,-0.04,0.8966,1
20.7,TRAIN_M06_THAR_FAULT04_OIL_PRESS,TRAIN,THAR_DESERT,CRUISE_LOITER,5346.6,2200.2,72.2,152.25,152.29,152.27,152.3,793.3,793.2,793.12,793.3,2.54,109.13,14.53,3.0,73.4,0.747,14.06,3.09,LANE_A,3620.0,43.6,86.8,0.507,4,189.5,23.25,20.79,23.77,21.3,2.93,-2.17,0.75,-2.07,-1.59,-5.87,-4.0,-0.08,-0.003,-0.04,0.8969,1
20.75,TRAIN_M06_THAR_FAULT04_OIL_PRESS,TRAIN,THAR_DESERT,CRUISE_LOITER,5347.0,2200.4,72.2,152.25,152.29,152.27,152.3,793.29,793.23,792.92,793.37,2.54,109.09,14.5,3.0,73.41,0.782,14.06,3.07,LANE_A,3620.0,43.6,86.8,0.504,4,188.0,23.25,20.79,23.77,21.3,2.92,-2.14,0.55,-2.0,-1.59,-5.91,-4.03,-0.07,0.032,-0.04,0.897,1
20.8,TRAIN_M06_THAR_FAULT04_OIL_PRESS,TRAIN,THAR_DESERT,CRUISE_LOITER,5353.3,2203.0,72.2,152.25,152.29,152.27,152.3,793.18,793.53,792.96,793.71,2.59,109.07,14.52,3.0,73.26,0.789,14.07,3.09,LANE_A,3619.0,43.6,86.8,0.501,4,186.5,23.25,20.79,23.77,21.3,2.81,-1.84,0.59,-1.66,-1.55,-5.93,-4.03,-0.22,0.038,-0.03,0.8967,1
20.85,TRAIN_M06_THAR_FAULT04_OIL_PRESS,TRAIN,THAR_DESERT,CRUISE_LOITER,5352.0,2202.5,72.1,152.25,152.3,152.28,152.3,793.32,793.38,792.78,793.74,2.57,109.26,14.57,3.0,73.14,0.793,14.08,3.08,LANE_A,3619.0,43.6,86.8,0.498,4,185.0,23.25,20.8,23.78,21.3,2.88,-2.06,0.34,-1.7,-1.57,-5.74,-3.97,-0.3,0.042,-0.02,0.8969,1
20.9,TRAIN_M06_THAR_FAULT04_OIL_PRESS,TRAIN,THAR_DESERT,CRUISE_LOITER,5356.6,2204.4,72.1,152.27,152.3,152.28,152.31,793.39,793.25,793.06,793.93,2.54,109.2,14.54,3.0,73.33,0.767,14.03,3.26,LANE_A,3619.0,43.6,86.8,0.496,4,183.5,23.27,20.8,23.78,21.31,2.95,-2.19,0.62,-1.51,-1.6,-5.8,-4.02,-0.11,0.015,-0.07,0.8971,1
20.95,TRAIN_M06_THAR_FAULT04_OIL_PRESS,TRAIN,THAR_DESERT,CRUISE_LOITER,5357.5,2204.7,72.1,152.27,152.3,152.29,152.32,793.19,793.25,793.05,793.71,2.58,109.3,14.57,3.0,73.42,0.713,14.06,2.98,LANE_A,3619.0,43.6,86.8,0.493,4,182.0,23.27,20.8,23.79,21.32,2.75,-2.19,0.61,-1.73,-1.56,-5.7,-3.99,-0.02,-0.039,-0.04,0.8969,1
21.0,TRAIN_M06_THAR_FAULT04_OIL_PRESS,TRAIN,THAR_DESERT,CRUISE_LOITER,5355.5,2203.9,72.1,152.27,152.31,152.3,152.33,793.36,793.42,792.69,793.4,2.55,109.37,14.53,3.0,73.44,0.796,14.06,2.96,LANE_A,3619.0,43.6,86.8,0.49,4,180.5,23.27,20.81,23.8,21.33,2.92,-2.02,0.25,-2.04,-1.59,-5.63,-4.02,0.0,0.044,-0.04,0.8972,1
21.05,TRAIN_M06_THAR_FAULT04_OIL_PRESS,TRAIN,THAR_DESERT,CRUISE_LOITER,5359.8,2205.7,72.1,152.28,152.31,152.31,152.33,793.21,793.62,792.88,793.18,2.46,109.4,14.54,3.0,73.29,0.713,14.05,3.38,LANE_A,3619.0,43.6,86.8,0.487,4,179.0,23.28,20.81,23.81,21.33,2.77,-1.82,0.44,-2.26,-1.68,-5.6,-4.03,-0.15,-0.039,-0.05,0.8979,1
21.1,TRAIN_M06_THAR_FAULT04_OIL_PRESS,TRAIN,THAR_DESERT,CRUISE_LOITER,5360.1,2205.8,72.1,152.29,152.32,152.31,152.34,792.78,793.53,792.71,792.79,2.56,109.35,14.56,3.0,73.3,0.742,14.08,3.19,LANE_A,3619.0,43.6,86.8,0.484,4,177.5,23.29,20.82,23.81,21.34,2.34,-1.91,0.27,-2.65,-1.58,-5.65,-4.01,-0.14,-0.01,-0.02,0.8972,1
21.15,TRAIN_M06_THAR_FAULT04_OIL_PRESS,TRAIN,THAR_DESERT,CRUISE_LOITER,5357.9,2204.9,72.0,152.3,152.33,152.32,152.34,792.84,793.26,792.79,793.02,2.49,109.45,14.57,3.0,73.41,0.777,14.08,3.16,LANE_A,3619.0,43.6,86.8,0.481,4,176.0,23.3,20.83,23.82,21.34,2.33,-2.25,0.28,-2.49,-1.65,-5.55,-3.99,0.02,0.025,-0.02,0.8977,1
21.2,TRAIN_M06_THAR_FAULT04_OIL_PRESS,TRAIN,THAR_DESERT,CRUISE_LOITER,5359.7,2205.6,72.0,152.31,152.34,152.32,152.35,793.0,793.33,792.92,793.23,2.48,109.4,14.51,3.0,73.37,0.768,14.05,3.24,LANE_A,3619.0,43.6,86.8,0.479,4,174.5,23.31,20.84,23.82,21.35,2.49,-2.18,0.41,-2.28,-1.66,-5.6,-4.05,-0.02,0.016,-0.05,0.8979,1
21.25,TRAIN_M06_THAR_FAULT04_OIL_PRESS,TRAIN,THAR_DESERT,CRUISE_LOITER,5354.5,2203.5,72.0,152.31,152.35,152.33,152.35,793.33,793.09,793.11,792.89,2.51,109.46,14.49,3.0,73.27,0.727,14.06,3.25,LANE_A,3619.0,43.6,86.8,0.476,4,173.0,23.31,20.85,23.83,21.35,2.82,-2.42,0.6,-2.62,-1.63,-5.54,-4.06,-0.12,-0.024,-0.04,0.8978,1
21.3,TRAIN_M06_THAR_FAULT04_OIL_PRESS,TRAIN,THAR_DESERT,CRUISE_LOITER,5348.9,2201.2,72.0,152.32,152.35,152.33,152.36,793.57,793.02,793.06,793.51,2.46,109.34,14.46,3.0,73.38,0.735,14.03,3.24,LANE_A,3619.0,43.6,86.8,0.473,4,171.5,23.32,20.85,23.83,21.36,3.06,-2.49,0.55,-2.0,-1.68,-5.66,-4.07,-0.01,-0.016,-0.07,0.8981,1
21.35,TRAIN_M06_THAR_FAULT04_OIL_PRESS,TRAIN,THAR_DESERT,CRUISE_LOITER,5349.6,2201.5,72.0,152.32,152.36,152.34,152.36,793.67,792.77,793.47,793.81,2.46,109.32,14.35,3.0,73.36,0.747,14.02,3.2,LANE_A,3619.0,43.6,86.8,0.47,4,170.0,23.32,20.86,23.84,21.36,3.16,-2.74,0.96,-1.7,-1.68,-5.68,-4.18,-0.03,-0.004,-0.08,0.8983,1
21.4,TRAIN_M06_THAR_FAULT04_OIL_PRESS,TRAIN,THAR_DESERT,CRUISE_LOITER,5344.8,2199.5,71.9,152.32,152.36,152.34,152.36,793.71,792.61,793.67,793.93,2.48,109.34,14.24,3.0,73.39,0.757,14.07,3.25,LANE_A,3619.0,43.6,86.8,0.467,4,168.5,23.32,20.86,23.84,21.36,3.13,-2.97,1.09,-1.65,-1.65,-5.66,-4.27,0.04,0.007,-0.03,0.8981,1
21.45,TRAIN_M06_THAR_FAULT04_OIL_PRESS,TRAIN,THAR_DESERT,CRUISE_LOITER,5354.1,2203.3,71.9,152.32,152.36,152.34,152.36,793.57,792.87,793.61,793.74,2.48,109.33,14.25,3.0,73.29,0.746,14.05,3.11,LANE_A,3619.0,43.6,86.8,0.464,4,167.0,23.32,20.86,23.84,21.36,2.99,-2.71,1.03,-1.84,-1.66,-5.67,-4.29,-0.06,-0.005,-0.05,0.8982,1
21.5,TRAIN_M06_THAR_FAULT04_OIL_PRESS,TRAIN,THAR_DESERT,CRUISE_LOITER,5344.3,2199.3,71.9,152.33,152.37,152.34,152.36,793.83,793.1,793.48,793.52,2.47,109.39,14.25,3.0,73.26,0.795,14.07,3.41,LANE_A,3619.0,43.6,86.8,0.462,4,165.5,23.33,20.87,23.84,21.36,3.25,-2.48,0.9,-2.06,-1.66,-5.61,-4.26,-0.09,0.045,-0.03,0.8982,1
21.55,TRAIN_M06_THAR_FAULT04_OIL_PRESS,TRAIN,THAR_DESERT,CRUISE_LOITER,5344.8,2199.5,71.9,152.32,152.37,152.34,152.36,793.8,793.22,793.41,793.94,2.47,109.42,14.28,3.0,73.19,0.725,14.06,3.32,LANE_A,3619.0,43.6,86.8,0.459,4,164.0,23.32,20.87,23.84,21.36,3.22,-2.36,0.83,-1.64,-1.66,-5.58,-4.23,-0.16,-0.025,-0.04,0.8982,1
21.6,TRAIN_M06_THAR_FAULT04_OIL_PRESS,TRAIN,THAR_DESERT,CRUISE_LOITER,5347.1,2200.5,71.9,152.33,152.37,152.34,152.35,793.84,793.02,793.6,793.69,2.44,109.42,14.23,3.0,73.33,0.766,14.08,3.26,LANE_A,3619.0,43.6,86.8,0.456,4,162.5,23.33,20.87,23.84,21.35,3.26,-2.56,1.02,-1.89,-1.69,-5.58,-4.29,-0.02,0.016,-0.02,0.8984,1
21.65,TRAIN_M06_THAR_FAULT04_OIL_PRESS,TRAIN,THAR_DESERT,CRUISE_LOITER,5349.8,2201.6,71.8,152.32,152.37,152.34,152.35,794.17,792.86,793.8,793.55,2.41,109.34,14.2,3.0,73.34,0.722,14.08,3.24,LANE_A,3618.0,43.6,86.8,0.453,4,161.0,23.32,20.87,23.84,21.35,3.52,-2.79,1.15,-2.1,-1.73,-5.66,-4.32,0.04,-0.029,-0.02,0.8987,1
21.7,TRAIN_M06_THAR_FAULT04_OIL_PRESS,TRAIN,THAR_DESERT,CRUISE_LOITER,5346.9,2200.4,71.8,152.32,152.37,152.34,152.35,794.0,793.13,793.65,793.45,2.44,109.37,14.15,3.0,73.35,0.725,14.03,3.08,LANE_A,3618.0,43.6,86.8,0.45,4,159.5,23.32,20.87,23.84,21.35,3.35,-2.52,1.0,-2.2,-1.69,-5.63,-4.36,0.05,-0.025,-0.07,0.8984,1
21.75,TRAIN_M06_THAR_FAULT04_OIL_PRESS,TRAIN,THAR_DESERT,CRUISE_LOITER,5333.5,2194.8,71.8,152.32,152.36,152.34,152.34,793.64,793.08,793.47,793.79,2.41,109.53,14.17,3.0,73.38,0.775,14.07,3.37,LANE_A,3618.0,43.6,86.8,0.448,4,158.0,23.32,20.86,23.84,21.34,2.99,-2.57,0.82,-1.86,-1.72,-5.47,-4.3,0.08,0.027,-0.03,0.8985,1
21.8,TRAIN_M06_THAR_FAULT04_OIL_PRESS,TRAIN,THAR_DESERT,CRUISE_LOITER,5336.4,2196.0,71.8,152.31,152.36,152.33,152.34,793.19,793.21,793.48,793.96,2.45,109.41,14.22,3.0,73.31,0.708,14.07,3.4,LANE_A,3618.0,43.6,86.8,0.445,4,156.5,23.31,20.86,23.83,21.34,2.54,-2.44,0.83,-1.69,-1.68,-5.59,-4.26,0.01,-0.041,-0.03,0.8982,1
21.85,TRAIN_M06_THAR_FAULT04_OIL_PRESS,TRAIN,THAR_DESERT,CRUISE_LOITER,5339.1,2197.2,71.8,152.31,152.36,152.33,152.34,793.2,792.99,793.28,793.99,2.37,109.5,14.3,3.0,73.25,0.71,14.06,3.19,LANE_A,3618.0,43.6,86.8,0.442,4,155.0,23.31,20.86,23.83,21.34,2.55,-2.66,0.63,-1.66,-1.76,-5.5,-4.18,-0.05,-0.039,-0.04,0.8986,1
21.9,TRAIN_M06_THAR_FAULT04_OIL_PRESS,TRAIN,THAR_DESERT,CRUISE_LOITER,5342.5,2198.5,71.8,152.32,152.37,152.33,152.34,793.7,793.46,793.3,793.9,2.4,109.54,14.22,3.0,73.2,0.712,14.09,3.15,LANE_A,3618.0,43.6,86.8,0.439,4,153.5,23.32,20.87,23.83,21.34,3.05,-2.19,0.65,-1.75,-1.73,-5.46,-4.28,-0.1,-0.038,-0.01,0.8985,1
21.95,TRAIN_M06_THAR_FAULT04_OIL_PRESS,TRAIN,THAR_DESERT,CRUISE_LOITER,5333.6,2194.9,71.7,152.32,152.37,152.33,152.34,793.63,793.38,793.0,793.69,2.39,109.7,14.32,3.0,73.09,0.756,14.05,3.16,LANE_A,3618.0,43.6,86.8,0.436,4,152.0,23.32,20.87,23.83,21.34,2.91,-2.34,0.28,-2.03,-1.74,-5.3,-4.14,-0.17,0.008,-0.05,0.8985,1
22.0,TRAIN_M06_THAR_FAULT04_OIL_PRESS,TRAIN,THAR_DESERT,CRUISE_LOITER,5336.1,2195.9,71.7,152.32,152.37,152.33,152.34,793.23,793.66,792.96,793.59,2.39,109.91,14.35,3.0,73.07,0.762,14.04,3.07,LANE_A,3618.0,43.6,86.8,0.433,4,150.5,23.32,20.87,23.83,21.34,2.51,-2.06,0.24,-2.13,-1.74,-5.09,-4.12,-0.19,0.013,-0.06,0.8985,1
22.05,TRAIN_M06_THAR_FAULT04_OIL_PRESS,TRAIN,THAR_DESERT,CRUISE_LOITER,5339.2,2197.2,71.7,152.33,152.37,152.33,152.35,793.79,793.71,793.28,793.04,2.39,110.01,14.23,3.0,73.08,0.74,14.06,3.17,LANE_A,3618.0,43.6,86.8,0.43,4,149.0,23.33,20.87,23.83,21.35,3.07,-2.01,0.56,-2.68,-1.74,-4.99,-4.25,-0.18,-0.009,-0.04,0.8985,1
22.1,TRAIN_M06_THAR_FAULT04_OIL_PRESS,TRAIN,THAR_DESERT,CRUISE_LOITER,5345.4,2199.7,71.7,152.33,152.37,152.33,152.34,794.02,793.89,793.48,792.8,2.33,110.01,14.18,3.0,73.14,0.663,14.05,3.22,LANE_A,3618.0,43.6,86.8,0.428,4,147.5,23.33,20.87,23.83,21.34,3.3,-1.83,0.76,-2.92,-1.8,-4.99,-4.32,-0.12,-0.087,-0.05,0.9002,1
22.15,TRAIN_M06_THAR_FAULT04_OIL_PRESS,TRAIN,THAR_DESERT,CRUISE_LOITER,5347.6,2200.6,71.7,152.33,152.37,152.33,152.33,793.78,793.65,793.49,792.72,2.32,110.01,14.23,3.0,73.18,0.763,14.09,3.15,LANE_A,3618.0,43.6,86.8,0.425,4,146.0,23.33,20.87,23.83,21.33,3.06,-2.07,0.77,-3.0,-1.81,-4.99,-4.28,-0.08,0.013,-0.01,0.9012,1
22.2,TRAIN_M06_THAR_FAULT04_OIL_PRESS,TRAIN,THAR_DESERT,CRUISE_LOITER,5346.8,2200.3,71.6,152.33,152.37,152.34,152.34,793.87,793.61,793.15,792.89,2.37,110.04,14.2,3.0,73.35,0.727,14.06,3.44,LANE_A,3617.0,43.6,86.8,0.422,4,144.5,23.33,20.87,23.84,21.34,3.08,-2.18,0.36,-2.9,-1.76,-4.96,-4.3,0.14,-0.023,-0.04,0.8988,1
22.25,TRAIN_M06_THAR_FAULT04_OIL_PRESS,TRAIN,THAR_DESERT,CRUISE_LOITER,5345.6,2199.8,71.6,152.32,152.37,152.33,152.34,793.48,793.79,793.29,792.97,2.31,110.14,14.18,3.0,73.35,0.781,14.06,3.04,LANE_A,3617.0,43.6,86.8,0.419,4,143.0,23.32,20.87,23.83,21.34,2.69,-2.0,0.5,-2.82,-1.82,-4.86,-4.32,0.14,0.031,-0.04,0.9023,1
22.3,TRAIN_M06_THAR_FAULT04_OIL_PRESS,TRAIN,THAR_DESERT,CRUISE_LOITER,5342.3,2198.5,71.6,152.32,152.36,152.34,152.34,793.75,793.81,793.48,792.85,2.29,110.15,14.19,3.0,73.29,0.73,14.05,3.17,LANE_A,3617.0,43.6,86.8,0.416,4,141.5,23.32,20.86,23.84,21.34,2.96,-1.98,0.69,-2.94,-1.84,-4.85,-4.3,0.08,-0.02,-0.05,0.9043,1
22.35,TRAIN_M06_THAR_FAULT04_OIL_PRESS,TRAIN,THAR_DESERT,CRUISE_LOITER,5347.1,2200.4,71.6,152.32,152.36,152.34,152.34,793.85,793.77,793.12,793.18,2.33,110.07,14.28,3.0,73.38,0.797,14.08,3.07,LANE_A,3617.0,43.6,86.8,0.413,4,140.1,23.32,20.86,23.84,21.34,3.06,-2.02,0.33,-2.61,-1.8,-4.93,-4.22,0.17,0.047,-0.02,0.9002,1
22.4,TRAIN_M06_THAR_FAULT04_OIL_PRESS,TRAIN,THAR_DESERT,CRUISE_LOITER,5342.4,2198.5,71.6,152.32,152.36,152.34,152.34,794.02,793.72,793.12,793.37,2.32,110.07,14.28,3.0,73.33,0.731,14.04,3.33,LANE_A,3617.0,43.6,86.8,0.411,4,138.6,23.32,20.86,23.84,21.34,3.23,-2.07,0.33,-2.42,-1.81,-4.93,-4.21,0.12,-0.019,-0.06,0.9012,1
22.45,TRAIN_M06_THAR_FAULT04_OIL_PRESS,TRAIN,THAR_DESERT,CRUISE_LOITER,5340.0,2197.5,71.6,152.33,152.36,152.35,152.35,793.97,793.76,793.3,793.59,2.3,110.08,14.39,3.0,73.28,0.765,14.05,3.38,LANE_A,3617.0,43.6,86.8,0.408,4,137.1,23.33,20.86,23.85,21.35,3.18,-2.03,0.51,-2.2,-1.83,-4.92,-4.09,0.07,0.016,-0.05,0.9032,1
22.5,TRAIN_M06_THAR_FAULT04_OIL_PRESS,TRAIN,THAR_DESERT,CRUISE_LOITER,5342.5,2198.6,71.5,152.33,152.36,152.35,152.35,794.01,793.68,793.69,793.69,2.3,109.95,14.4,3.0,73.2,0.728,14.03,3.07,LANE_A,3617.0,43.6,86.8,0.405,4,135.6,23.33,20.86,23.85,21.35,3.15,-2.18,0.83,-2.17,-1.83,-5.05,-4.08,0.03,-0.022,-0.07,0.9032,1
22.55,TRAIN_M06_THAR_FAULT04_OIL_PRESS,TRAIN,THAR_DESERT,CRUISE_LOITER,5339.1,2197.2,71.5,152.33,152.36,152.36,152.35,794.06,793.54,793.73,793.63,2.33,109.98,14.36,3.0,73.01,0.802,14.06,3.05,LANE_A,3617.0,43.6,86.8,0.402,4,134.1,23.33,20.86,23.86,21.35,3.2,-2.32,0.87,-2.23,-1.8,-5.02,-4.11,-0.16,0.053,-0.04,0.9001,1
22.6,TRAIN_M06_THAR_FAULT04_OIL_PRESS,TRAIN,THAR_DESERT,CRUISE_LOITER,5339.2,2197.2,71.5,152.33,152.35,152.35,152.35,794.14,793.66,793.67,793.96,2.28,110.08,14.19,3.0,73.14,0.665,14.04,3.42,LANE_A,3617.0,43.6,86.8,0.399,4,132.6,23.33,20.85,23.85,21.35,3.28,-2.2,0.81,-1.9,-1.85,-4.92,-4.28,-0.03,-0.084,-0.06,0.9053,1
22.65,TRAIN_M06_THAR_FAULT04_OIL_PRESS,TRAIN,THAR_DESERT,CRUISE_LOITER,5341.7,2198.2,71.5,152.33,152.36,152.35,152.34,793.86,793.76,793.84,794.05,2.3,110.04,14.28,3.0,73.11,0.74,14.09,3.39,LANE_A,3617.0,43.6,86.8,0.396,4,131.1,23.33,20.86,23.85,21.34,3.0,-2.1,0.98,-1.81,-1.83,-4.96,-4.2,-0.06,-0.009,-0.01,0.9032,1
22.7,TRAIN_M06_THAR_FAULT04_OIL_PRESS,TRAIN,THAR_DESERT,CRUISE_LOITER,5341.6,2198.2,71.5,152.33,152.36,152.34,152.34,793.62,794.21,793.92,794.1,2.27,110.02,14.23,3.0,73.02,0.757,14.08,3.09,LANE_A,3616.0,43.6,86.8,0.394,4,129.6,23.33,20.86,23.84,21.34,2.76,-1.65,1.06,-1.76,-1.86,-4.98,-4.25,-0.15,0.008,-0.02,0.9062,1
22.75,TRAIN_M06_THAR_FAULT04_OIL_PRESS,TRAIN,THAR_DESERT,CRUISE_LOITER,5341.2,2198.0,71.4,152.32,152.35,152.33,152.34,794.01,794.06,793.95,794.05,2.27,109.98,14.16,3.0,73.12,0.751,14.08,3.35,LANE_A,3616.0,43.6,86.8,0.391,4,128.1,23.32,20.85,23.83,21.34,3.09,-1.86,1.03,-1.87,-1.86,-5.02,-4.31,-0.01,0.002,-0.02,0.9062,1
22.8,TRAIN_M06_THAR_FAULT04_OIL_PRESS,TRAIN,THAR_DESERT,CRUISE_LOITER,5340.1,2197.6,71.4,152.32,152.35,152.33,152.34,793.98,794.03,794.34,794.27,2.25,109.99,14.26,3.0,73.2,0.774,14.09,3.05,LANE_A,3616.0,43.6,86.8,0.388,4,126.6,23.32,20.85,23.83,21.34,3.06,-1.89,1.42,-1.65,-1.88,-5.01,-4.21,0.07,0.025,-0.01,0.9081,1
22.85,TRAIN_M06_THAR_FAULT04_OIL_PRESS,TRAIN,THAR_DESERT,CRUISE_LOITER,5336.2,2196.0,71.4,152.31,152.34,152.33,152.33,794.09,794.51,794.1,794.17,2.23,110.01,14.11,3.0,73.19,0.771,14.08,3.22,LANE_A,3616.0,43.6,86.8,0.385,4,125.1,23.31,20.84,23.83,21.33,3.17,-1.41,1.18,-1.75,-1.9,-4.99,-4.35,0.06,0.022,-0.02,0.9101,1
22.9,TRAIN_M06_THAR_FAULT04_OIL_PRESS,TRAIN,THAR_DESERT,CRUISE_LOITER,5334.6,2195.3,71.4,152.31,152.34,152.33,152.33,794.19,794.17,794.29,794.35,2.23,110.11,14.11,3.0,73.23,0.739,14.04,3.36,LANE_A,3616.0,43.6,86.9,0.382,4,123.6,23.31,20.84,23.83,21.33,3.27,-1.75,1.37,-1.57,-1.9,-4.89,-4.34,0.1,-0.009,-0.06,0.9101,1
22.95,TRAIN_M06_THAR_FAULT04_OIL_PRESS,TRAIN,THAR_DESERT,CRUISE_LOITER,5344.3,2199.3,71.4,152.31,152.34,152.33,152.33,794.29,793.96,794.13,794.07,2.26,110.09,14.07,3.0,73.19,0.768,14.08,3.2,LANE_A,3616.0,43.6,86.9,0.379,4,122.1,23.31,20.84,23.83,21.33,3.37,-1.96,1.21,-1.85,-1.87,-4.91,-4.42,0.06,0.018,-0.02,0.9073,1
23.0,TRAIN_M06_THAR_FAULT04_OIL_PRESS,TRAIN,THAR_DESERT,CRUISE_LOITER,5348.4,2201.0,71.3,152.31,152.34,152.32,152.32,794.47,793.99,794.12,794.18,2.19,109.99,14.05,3.0,73.04,0.766,14.04,3.02,LANE_A,3616.0,43.6,86.9,0.377,4,120.6,23.31,20.84,23.82,21.32,3.48,-2.0,1.13,-1.81,-1.95,-5.01,-4.45,-0.04,0.016,-0.06,0.9147,1
23.05,TRAIN_M06_THAR_FAULT04_OIL_PRESS,TRAIN,THAR_DESERT,CRUISE_LOITER,5350.4,2201.8,71.3,152.31,152.33,152.33,152.32,794.55,793.58,793.91,794.34,2.2,110.17,14.11,3.0,72.92,0.77,14.07,3.43,LANE_A,3616.0,43.6,86.9,0.374,4,119.1,23.31,20.83,23.83,21.32,3.56,-2.41,0.92,-1.65,-1.94,-4.83,-4.39,-0.16,0.019,-0.03,0.9138,1
23.1,TRAIN_M06_THAR_FAULT04_OIL_PRESS,TRAIN,THAR_DESERT,CRUISE_LOITER,5352.8,2202.8,71.3,152.3,152.33,152.33,152.31,794.91,793.86,794.13,794.51,2.22,110.22,14.04,3.0,73.05,0.72,14.05,3.03,LANE_A,3615.0,43.6,86.9,0.371,4,117.6,23.3,20.83,23.83,21.31,3.92,-2.13,1.14,-1.48,-1.92,-4.78,-4.47,-0.03,-0.031,-0.05,0.912,1
23.15,TRAIN_M06_THAR_FAULT04_OIL_PRESS,TRAIN,THAR_DESERT,CRUISE_LOITER,5344.1,2199.2,71.3,152.3,152.33,152.32,152.31,794.77,793.74,794.01,794.36,2.17,110.13,14.14,3.0,73.12,0.741,14.09,3.24,LANE_A,3615.0,43.6,86.9,0.368,4,116.1,23.3,20.83,23.82,21.31,3.78,-2.25,1.02,-1.63,-1.96,-4.87,-4.34,0.04,-0.009,-0.01,0.9155,1
23.2,TRAIN_M06_THAR_FAULT04_OIL_PRESS,TRAIN,THAR_DESERT,CRUISE_LOITER,5341.1,2198.0,71.3,152.29,152.33,152.33,152.31,794.53,793.73,794.1,794.21,2.18,110.06,14.24,3.0,73.25,0.749,14.05,3.18,LANE_A,3615.0,43.6,86.9,0.365,4,114.6,23.29,20.83,23.83,21.31,3.54,-2.26,1.11,-1.78,-1.95,-4.94,-4.23,0.17,0.0,-0.05,0.9146,1
23.25,TRAIN_M06_THAR_FAULT04_OIL_PRESS,TRAIN,THAR_DESERT,CRUISE_LOITER,5342.9,2198.7,71.3,152.3,152.33,152.33,152.31,794.48,793.54,794.19,794.06,2.19,109.91,14.19,3.0,73.23,0.747,14.08,3.3,LANE_A,3615.0,43.6,86.9,0.363,4,113.1,23.3,20.83,23.83,21.31,3.49,-2.45,1.2,-1.93,-1.94,-5.09,-4.29,0.15,-0.003,-0.02,0.9137,1
23.3,TRAIN_M06_THAR_FAULT04_OIL_PRESS,TRAIN,THAR_DESERT,CRUISE_LOITER,5341.3,2198.1,71.2,152.3,152.33,152.33,152.31,794.35,793.54,794.74,794.15,2.18,109.89,14.31,3.0,73.25,0.793,14.07,3.01,LANE_A,3615.0,43.6,86.9,0.36,4,111.6,23.3,20.83,23.83,21.31,3.29,-2.52,1.68,-1.91,-1.95,-5.11,-4.16,0.21,0.044,-0.03,0.9145,1
23.35,TRAIN_M06_THAR_FAULT04_OIL_PRESS,TRAIN,THAR_DESERT,CRUISE_LOITER,5336.1,2195.9,71.2,152.3,152.32,152.32,152.31,794.42,793.42,794.4,794.19,2.19,110.0,14.21,3.0,73.16,0.695,14.07,3.25,LANE_A,3615.0,43.6,86.9,0.357,4,110.1,23.3,20.82,23.82,21.31,3.36,-2.64,1.34,-1.87,-1.94,-5.0,-4.24,0.12,-0.054,-0.03,0.9137,1
23.4,TRAIN_M06_THAR_FAULT04_OIL_PRESS,TRAIN,THAR_DESERT,CRUISE_LOITER,5332.7,2194.5,71.2,152.3,152.32,152.32,152.3,794.33,793.41,794.43,794.04,2.2,110.01,14.16,3.0,73.15,0.713,14.06,3.19,LANE_A,3615.0,43.6,86.9,0.354,4,108.6,23.3,20.82,23.82,21.3,3.27,-2.65,1.37,-2.02,-1.93,-4.99,-4.28,0.11,-0.035,-0.04,0.9128,1
23.45,TRAIN_M06_THAR_FAULT04_OIL_PRESS,TRAIN,THAR_DESERT,CRUISE_LOITER,5333.8,2195.0,71.2,152.3,152.32,152.32,152.3,794.21,793.65,794.58,794.3,2.14,110.04,14.1,3.0,73.16,0.724,14.05,3.33,LANE_A,3614.0,43.6,86.9,0.351,4,107.1,23.3,20.82,23.82,21.3,3.15,-2.41,1.52,-1.76,-1.99,-4.96,-4.34,0.12,-0.024,-0.05,0.9181,1
23.5,TRAIN_M06_THAR_FAULT04_OIL_PRESS,TRAIN,THAR_DESERT,CRUISE_LOITER,5331.5,2194.0,71.2,152.3,152.32,152.3,152.31,794.09,793.68,794.13,794.41,2.17,110.21,14.09,3.0,72.98,0.763,14.06,3.15,LANE_A,3614.0,43.6,86.9,0.348,4,105.6,23.3,20.82,23.8,21.31,3.03,-2.38,1.07,-1.65,-1.96,-4.79,-4.34,-0.06,0.015,-0.04,0.9155,1
23.55,TRAIN_M06_THAR_FAULT04_OIL_PRESS,TRAIN,THAR_DESERT,CRUISE_LOITER,5331.4,2194.0,71.2,152.29,152.32,152.3,152.3,794.0,793.94,793.89,794.35,2.12,110.42,14.07,3.0,73.14,0.789,14.06,3.27,LANE_A,3614.0,43.6,86.9,0.346,4,104.1,23.29,20.82,23.8,21.3,2.94,-2.12,0.83,-1.71,-2.01,-4.58,-4.36,0.1,0.041,-0.04,0.9198,1
23.6,TRAIN_M06_THAR_FAULT04_OIL_PRESS,TRAIN,THAR_DESERT,CRUISE_LOITER,5323.1,2190.6,71.1,152.29,152.31,152.29,152.3,794.08,793.55,794.14,794.31,2.11,110.48,14.1,3.0,73.02,0.762,14.08,3.26,LANE_A,3614.0,43.6,86.9,0.343,4,102.6,23.29,20.81,23.79,21.3,2.95,-2.58,1.01,-1.82,-2.01,-4.52,-4.3,0.03,0.015,-0.02,0.9197,1
23.65,TRAIN_M06_THAR_FAULT04_OIL_PRESS,TRAIN,THAR_DESERT,CRUISE_LOITER,5321.4,2189.9,71.1,152.28,152.31,152.29,152.29,793.99,793.78,794.13,794.32,2.1,110.62,14.06,3.0,73.13,0.722,14.06,3.15,LANE_A,3614.0,43.6,86.9,0.34,4,101.1,23.28,20.81,23.79,21.29,2.86,-2.35,1.0,-1.81,-2.02,-4.38,-4.33,0.14,-0.024,-0.04,0.9206,1
23.7,TRAIN_M06_THAR_FAULT04_OIL_PRESS,TRAIN,THAR_DESERT,CRUISE_LOITER,5326.4,2192.0,71.1,152.28,152.3,152.28,152.29,793.89,793.93,794.14,794.53,2.1,110.53,14.09,3.0,73.08,0.815,14.06,3.22,LANE_A,3614.0,43.6,86.9,0.337,4,99.6,23.28,20.8,23.78,21.29,2.76,-2.2,1.01,-1.6,-2.03,-4.47,-4.32,0.09,0.068,-0.04,0.9214,1
23.75,TRAIN_M06_THAR_FAULT04_OIL_PRESS,TRAIN,THAR_DESERT,CRUISE_LOITER,5323.1,2190.6,71.1,152.28,152.3,152.28,152.29,794.01,794.36,794.2,794.44,2.09,110.5,14.11,3.0,73.0,0.82,14.04,3.35,LANE_A,3614.0,43.6,86.9,0.334,4,98.1,23.28,20.8,23.78,21.29,2.88,-1.77,1.07,-1.69,-2.03,-4.5,-4.29,0.01,0.073,-0.06,0.9214,1
23.8,TRAIN_M06_THAR_FAULT04_OIL_PRESS,TRAIN,THAR_DESERT,CRUISE_LOITER,5330.5,2193.6,71.1,152.28,152.3,152.28,152.29,793.8,794.38,794.66,794.36,2.12,110.51,14.13,3.0,73.03,0.742,14.07,2.97,LANE_A,3613.0,43.6,86.9,0.331,4,96.6,23.28,20.8,23.78,21.29,2.67,-1.75,1.53,-1.77,-2.01,-4.49,-4.3,0.03,-0.006,-0.03,0.9197,1
23.85,TRAIN_M06_THAR_FAULT04_OIL_PRESS,TRAIN,THAR_DESERT,CRUISE_LOITER,5328.3,2192.7,71.0,152.27,152.3,152.27,152.28,793.57,794.11,794.47,794.01,2.11,110.48,14.12,3.0,73.04,0.781,14.08,3.26,LANE_A,3613.0,43.6,86.9,0.328,4,95.1,23.27,20.8,23.77,21.28,2.37,-2.09,1.27,-2.19,-2.02,-4.52,-4.29,0.09,0.034,-0.02,0.9205,1
23.9,TRAIN_M06_THAR_FAULT04_OIL_PRESS,TRAIN,THAR_DESERT,CRUISE_LOITER,5327.4,2192.4,71.0,152.27,152.3,152.26,152.28,793.61,793.67,794.72,793.94,2.13,110.66,14.14,3.0,73.03,0.714,14.05,3.53,LANE_A,3613.0,43.6,86.9,0.326,4,93.6,23.27,20.8,23.76,21.28,2.41,-2.53,1.52,-2.26,-2.0,-4.34,-4.27,0.08,-0.033,-0.05,0.9188,1
23.95,TRAIN_M06_THAR_FAULT04_OIL_PRESS,TRAIN,THAR_DESERT,CRUISE_LOITER,5328.0,2192.6,71.0,152.27,152.3,152.26,152.27,793.37,793.84,794.74,793.88,2.12,110.59,14.16,3.0,72.97,0.699,14.06,3.33,LANE_A,3613.0,43.6,86.9,0.323,4,92.1,23.27,20.8,23.76,21.27,2.17,-2.36,1.54,-2.32,-2.01,-4.41,-4.25,0.02,-0.048,-0.04,0.9197,1
24.0,TRAIN_M06_THAR_FAULT04_OIL_PRESS,TRAIN,THAR_DESERT,CRUISE_LOITER,5327.0,2192.2,71.0,152.27,152.3,152.25,152.27,793.47,793.95,794.85,794.34,2.05,110.55,14.15,3.0,72.78,0.718,14.08,3.19,LANE_A,3613.0,43.6,86.9,0.32,4,90.6,23.27,20.8,23.75,21.27,2.27,-2.25,1.65,-1.86,-2.08,-4.45,-4.26,-0.17,-0.029,-0.02,0.9254,1
24.05,TRAIN_M06_THAR_FAULT04_OIL_PRESS,TRAIN,THAR_DESERT,CRUISE_LOITER,5327.1,2192.2,71.0,152.26,152.3,152.25,152.27,793.52,793.66,794.46,794.05,2.05,110.59,14.15,3.0,72.88,0.828,14.06,3.21,LANE_A,3613.0,43.6,86.9,0.317,4,89.1,23.26,20.8,23.75,21.27,2.32,-2.54,1.26,-2.15,-2.08,-4.41,-4.26,-0.07,0.081,-0.04,0.9254,1
24.1,TRAIN_M06_THAR_FAULT04_OIL_PRESS,TRAIN,THAR_DESERT,CRUISE_LOITER,5316.3,2187.8,71.0,152.25,152.3,152.25,152.27,793.56,793.45,794.68,793.87,2.04,110.66,14.11,3.0,73.01,0.786,14.05,3.09,LANE_A,3612.0,43.6,86.9,0.314,4,87.6,23.25,20.8,23.75,21.27,2.36,-2.75,1.48,-2.33,-2.08,-4.34,-4.26,0.06,0.04,-0.05,0.9253,1
24.15,TRAIN_M06_THAR_FAULT04_OIL_PRESS,TRAIN,THAR_DESERT,CRUISE_LOITER,5312.4,2186.2,70.9,152.25,152.29,152.25,152.27,793.51,793.48,794.79,793.83,2.03,110.61,13.98,3.0,73.01,0.688,14.08,3.11,LANE_A,3612.0,43.6,86.9,0.311,4,86.1,23.25,20.79,23.75,21.27,2.25,-2.78,1.53,-2.43,-2.09,-4.39,-4.38,0.1,-0.057,-0.02,0.9262,1
24.2,TRAIN_M06_THAR_FAULT04_OIL_PRESS,TRAIN,THAR_DESERT,CRUISE_LOITER,5312.0,2186.0,70.9,152.24,152.29,152.24,152.26,793.37,793.37,794.4,794.07,2.04,110.55,13.99,3.0,72.86,0.77,14.06,3.22,LANE_A,3612.0,43.6,86.9,0.309,4,84.7,23.24,20.79,23.74,21.26,2.11,-2.89,1.14,-2.19,-2.08,-4.45,-4.36,-0.05,0.025,-0.04,0.9254,1
24.25,TRAIN_M06_THAR_FAULT04_OIL_PRESS,TRAIN,THAR_DESERT,CRUISE_LOITER,5324.6,2191.2,70.9,152.24,152.29,152.23,152.26,793.42,793.77,793.99,794.1,2.01,110.59,14.06,3.0,72.68,0.774,14.06,3.14,LANE_A,3612.0,43.6,86.9,0.306,4,83.2,23.24,20.79,23.73,21.26,2.16,-2.49,0.73,-2.16,-2.11,-4.41,-4.34,-0.23,0.027,-0.04,0.9277,1
24.3,TRAIN_M06_THAR_FAULT04_OIL_PRESS,TRAIN,THAR_DESERT,CRUISE_LOITER,5323.6,2190.8,70.9,152.23,152.28,152.23,152.25,793.33,793.92,793.85,794.27,2.04,110.77,14.04,3.0,72.84,0.787,14.07,3.06,LANE_A,3612.0,43.6,86.9,0.303,4,81.7,23.23,20.78,23.73,21.25,2.07,-2.34,0.59,-1.99,-2.08,-4.23,-4.35,-0.07,0.04,-0.03,0.9254,1
24.35,TRAIN_M06_THAR_FAULT04_OIL_PRESS,TRAIN,THAR_DESERT,CRUISE_LOITER,5329.8,2193.3,70.9,152.23,152.28,152.23,152.25,793.58,793.89,793.71,794.2,1.98,110.83,14.06,3.0,72.86,0.684,14.07,2.93,LANE_A,3612.0,43.6,87.0,0.3,4,80.2,23.23,20.78,23.73,21.25,2.32,-2.37,0.45,-2.06,-2.15,-4.17,-4.36,-0.05,-0.064,-0.03,0.9306,1
24.4,TRAIN_M06_THAR_FAULT04_OIL_PRESS,TRAIN,THAR_DESERT,CRUISE_LOITER,5331.0,2193.8,70.9,152.22,152.28,152.22,152.24,793.96,794.4,793.58,794.07,2.03,110.9,13.98,3.0,72.86,0.745,14.08,3.33,LANE_A,3611.0,43.6,87.0,0.297,4,78.7,23.22,20.78,23.72,21.24,2.7,-1.86,0.32,-2.19,-2.1,-4.1,-4.44,-0.05,-0.003,-0.02,0.9269,1
24.45,TRAIN_M06_THAR_FAULT04_OIL_PRESS,TRAIN,THAR_DESERT,CRUISE_LOITER,5332.9,2194.6,70.8,152.22,152.27,152.22,152.24,793.95,794.39,793.81,794.4,2.03,111.03,13.99,3.0,72.88,0.725,14.09,3.3,LANE_A,3611.0,43.6,87.0,0.294,4,77.2,23.22,20.77,23.72,21.24,2.62,-1.94,0.48,-1.93,-2.1,-3.97,-4.43,0.01,-0.023,-0.01,0.9269,1
24.5,TRAIN_M06_THAR_FAULT04_OIL_PRESS,TRAIN,THAR_DESERT,CRUISE_LOITER,5339.8,2197.5,70.8,152.22,152.27,152.22,152.23,793.84,794.92,793.76,794.46,1.98,111.08,14.03,3.0,72.89,0.771,14.08,3.0,LANE_A,3611.0,43.6,87.0,0.292,4,75.7,23.22,20.77,23.72,21.23,2.51,-1.41,0.43,-1.87,-2.15,-3.92,-4.42,0.02,0.022,-0.02,0.9306,1
24.55,TRAIN_M06_THAR_FAULT04_OIL_PRESS,TRAIN,THAR_DESERT,CRUISE_LOITER,5342.4,2198.5,70.8,152.21,152.26,152.22,152.23,794.03,794.83,793.85,794.47,2.01,111.26,14.01,3.0,72.95,0.744,14.07,3.2,LANE_A,3611.0,43.6,87.0,0.289,4,74.2,23.21,20.76,23.72,21.23,2.7,-1.5,0.52,-1.86,-2.12,-3.74,-4.44,0.08,-0.006,-0.03,0.9284,1
24.6,TRAIN_M06_THAR_FAULT04_OIL_PRESS,TRAIN,THAR_DESERT,CRUISE_LOITER,5338.5,2196.9,70.8,152.21,152.26,152.22,152.22,794.13,794.98,793.49,794.14,1.99,111.35,14.11,3.0,72.9,0.709,14.09,2.92,LANE_A,3611.0,43.6,87.0,0.286,4,72.7,23.21,20.76,23.72,21.22,2.8,-1.35,0.16,-2.19,-2.14,-3.65,-4.33,0.03,-0.04,-0.01,0.9298,1
24.65,TRAIN_M06_THAR_FAULT04_OIL_PRESS,TRAIN,THAR_DESERT,CRUISE_LOITER,5337.9,2196.7,70.8,152.21,152.25,152.22,152.22,794.41,795.05,793.73,793.95,1.96,111.45,14.07,3.0,73.02,0.743,14.04,3.15,LANE_A,3610.0,43.6,87.0,0.283,4,71.2,23.21,20.75,23.72,21.22,3.08,-1.28,0.4,-2.38,-2.17,-3.55,-4.37,0.15,-0.006,-0.06,0.932,1
24.7,TRAIN_M06_THAR_FAULT04_OIL_PRESS,TRAIN,THAR_DESERT,CRUISE_LOITER,5334.4,2195.2,70.8,152.21,152.25,152.22,152.21,794.58,795.01,794.02,794.49,1.92,111.4,14.06,3.0,72.94,0.7,14.07,3.4,LANE_A,3610.0,43.6,87.0,0.28,4,69.7,23.21,20.75,23.72,21.21,3.25,-1.32,0.69,-1.84,-2.21,-3.6,-4.37,0.07,-0.048,-0.03,0.9348,1
24.75,TRAIN_M06_THAR_FAULT04_OIL_PRESS,TRAIN,THAR_DESERT,CRUISE_LOITER,5331.8,2194.2,70.7,152.21,152.24,152.22,152.21,794.38,794.99,794.16,794.17,1.94,111.4,14.15,3.0,72.98,0.739,14.07,3.05,LANE_A,3610.0,43.6,87.0,0.278,4,68.2,23.21,20.74,23.72,21.21,2.98,-1.41,0.76,-2.23,-2.19,-3.6,-4.26,0.16,-0.009,-0.03,0.9334,1
24.8,TRAIN_M06_THAR_FAULT04_OIL_PRESS,TRAIN,THAR_DESERT,CRUISE_LOITER,5328.1,2192.6,70.7,152.2,152.25,152.22,152.2,794.17,794.95,793.77,793.82,1.95,111.38,14.13,3.0,72.81,0.77,14.08,3.22,LANE_A,3610.0,43.6,87.0,0.275,4,66.7,23.2,20.75,23.72,21.2,2.77,-1.45,0.37,-2.58,-2.18,-3.62,-4.27,-0.01,0.023,-0.02,0.9327,1
24.85,TRAIN_M06_THAR_FAULT04_OIL_PRESS,TRAIN,THAR_DESERT,CRUISE_LOITER,5320.8,2189.6,70.7,152.2,152.25,152.22,152.2,794.5,794.73,793.75,793.9,1.97,111.4,14.05,3.0,72.8,0.759,14.04,3.49,LANE_A,3610.0,43.6,87.0,0.272,4,65.2,23.2,20.75,23.72,21.2,3.1,-1.67,0.35,-2.5,-2.15,-3.6,-4.33,-0.02,0.013,-0.06,0.9306,1
24.9,TRAIN_M06_THAR_FAULT04_OIL_PRESS,TRAIN,THAR_DESERT,CRUISE_LOITER,5318.5,2188.7,70.7,152.19,152.24,152.21,152.2,794.88,794.8,793.88,793.37,1.9,111.27,13.98,3.0,72.9,0.708,14.07,3.02,LANE_A,3610.0,43.6,87.0,0.269,4,63.7,23.19,20.74,23.71,21.2,3.48,-1.6,0.48,-3.03,-2.22,-3.73,-4.39,0.08,-0.038,-0.03,0.9355,1
24.95,TRAIN_M06_THAR_FAULT04_OIL_PRESS,TRAIN,THAR_DESERT,CRUISE_LOITER,5329.7,2193.3,70.7,152.19,152.24,152.2,152.2,794.84,794.82,794.5,793.71,1.93,111.24,14.03,3.0,72.94,0.734,14.09,3.06,LANE_A,3609.0,43.6,87.0,0.266,4,62.2,23.19,20.74,23.7,21.2,3.44,-1.58,1.1,-2.69,-2.2,-3.76,-4.38,0.11,-0.014,-0.01,0.9341,1
25.0,TRAIN_M06_THAR_FAULT04_OIL_PRESS,TRAIN,THAR_DESERT,CRUISE_LOITER,5332.7,2194.5,70.7,152.18,152.23,152.2,152.2,794.72,794.8,794.28,793.74,1.86,111.25,14.09,3.0,72.97,0.756,14.04,3.35,LANE_A,3609.0,43.6,87.0,0.263,4,60.7,23.18,20.73,23.7,21.2,3.32,-1.6,0.88,-2.66,-2.27,-3.75,-4.33,0.14,0.008,-0.06,0.9388,1
25.05,TRAIN_M06_THAR_FAULT04_OIL_PRESS,TRAIN,THAR_DESERT,CRUISE_LOITER,5331.4,2194.0,70.7,152.18,152.22,152.19,152.19,794.92,794.47,794.0,793.58,1.93,111.24,14.19,3.0,72.9,0.766,14.08,3.06,LANE_A,3609.0,43.6,87.0,0.261,4,59.2,23.18,20.72,23.69,21.19,3.52,-1.93,0.6,-2.82,-2.2,-3.76,-4.22,0.07,0.018,-0.02,0.9341,1
25.1,TRAIN_M06_THAR_FAULT04_OIL_PRESS,TRAIN,THAR_DESERT,CRUISE_LOITER,5331.1,2193.9,70.6,152.18,152.22,152.19,152.19,794.55,794.37,794.24,793.65,1.92,111.28,14.1,3.0,72.79,0.695,14.06,2.89,LANE_A,3609.0,43.6,87.0,0.258,4,57.7,23.18,20.72,23.69,21.19,3.09,-2.09,0.78,-2.81,-2.21,-3.72,-4.31,0.01,-0.053,-0.04,0.9348,1
25.15,TRAIN_M06_THAR_FAULT04_OIL_PRESS,TRAIN,THAR_DESERT,CRUISE_LOITER,5326.6,2192.0,70.6,152.17,152.22,152.19,152.19,794.43,794.45,794.37,793.84,1.93,111.35,14.03,3.0,72.73,0.674,14.05,3.08,LANE_A,3609.0,43.6,87.0,0.255,4,56.2,23.17,20.72,23.69,21.19,2.97,-2.01,0.91,-2.62,-2.2,-3.65,-4.36,-0.05,-0.073,-0.05,0.9341,1
25.2,TRAIN_M06_THAR_FAULT04_OIL_PRESS,TRAIN,THAR_DESERT,CRUISE_LOITER,5333.9,2195.0,70.6,152.17,152.21,152.19,152.18,794.67,794.25,793.99,794.04,1.92,111.33,13.99,3.0,72.77,0.666,14.04,3.21,LANE_A,3608.0,43.6,87.0,0.252,4,54.7,23.17,20.71,23.69,21.18,3.21,-2.21,0.53,-2.42,-2.21,-3.67,-4.43,-0.01,-0.082,-0.06,0.9348,1
25.25,TRAIN_M06_THAR_FAULT04_OIL_PRESS,TRAIN,THAR_DESERT,CRUISE_LOITER,5331.4,2194.0,70.6,152.17,152.21,152.18,152.18,794.65,794.32,794.31,793.99,1.9,111.35,13.94,3.0,72.74,0.767,14.03,3.28,LANE_A,3608.0,43.6,87.0,0.249,4,53.2,23.17,20.71,23.68,21.18,3.19,-2.14,0.85,-2.47,-2.23,-3.65,-4.47,-0.04,0.019,-0.07,0.9362,1
25.3,TRAIN_M06_THAR_FAULT04_OIL_PRESS,TRAIN,THAR_DESERT,CRUISE_LOITER,5327.3,2192.3,70.6,152.17,152.2,152.18,152.17,794.74,794.46,794.65,794.04,1.85,111.39,14.03,3.0,72.84,0.773,14.08,3.21,LANE_A,3608.0,43.6,87.0,0.246,4,51.7,23.17,20.7,23.68,21.17,3.28,-2.0,1.19,-2.42,-2.28,-3.61,-4.37,0.06,0.026,-0.02,0.9394,1
25.35,TRAIN_M06_THAR_FAULT04_OIL_PRESS,TRAIN,THAR_DESERT,CRUISE_LOITER,5323.8,2190.9,70.6,152.17,152.2,152.18,152.17,793.98,794.59,794.46,794.17,1.82,111.55,14.07,3.0,72.78,0.804,14.07,3.17,LANE_A,3608.0,43.6,87.1,0.243,4,50.2,23.17,20.7,23.68,21.17,2.52,-1.87,1.0,-2.29,-2.3,-3.45,-4.31,0.0,0.057,-0.03,0.9406,1
25.4,TRAIN_M06_THAR_FAULT04_OIL_PRESS,TRAIN,THAR_DESERT,CRUISE_LOITER,5328.9,2193.0,70.5,152.16,152.2,152.17,152.17,794.03,795.11,794.22,794.09,1.83,111.64,13.92,3.0,72.74,0.786,14.08,3.23,LANE_A,3607.0,43.6,87.1,0.241,4,48.7,23.16,20.7,23.67,21.17,2.5,-1.42,0.69,-2.44,-2.3,-3.36,-4.48,0.0,0.038,-0.02,0.9407,1
25.45,TRAIN_M06_THAR_FAULT04_OIL_PRESS,TRAIN,THAR_DESERT,CRUISE_LOITER,5323.4,2190.7,70.5,152.15,152.19,152.17,152.16,793.5,794.91,794.23,793.9,1.82,111.52,13.94,3.0,72.84,0.713,14.06,3.02,LANE_A,3607.0,43.6,87.1,0.238,4,47.2,23.15,20.69,23.67,21.16,1.97,-1.62,0.7,-2.63,-2.3,-3.48,-4.44,0.1,-0.034,-0.04,0.9407,1
25.5,TRAIN_M06_THAR_FAULT04_OIL_PRESS,TRAIN,THAR_DESERT,CRUISE_LOITER,5333.8,2195.0,70.5,152.15,152.18,152.17,152.16,793.82,794.74,794.05,794.08,1.88,111.53,13.93,3.0,72.87,0.767,14.05,3.48,LANE_A,3607.0,43.6,87.1,0.235,4,45.7,23.15,20.68,23.67,21.16,2.29,-1.79,0.52,-2.45,-2.25,-3.47,-4.48,0.13,0.019,-0.05,0.9375,1
25.55,TRAIN_M06_THAR_FAULT04_OIL_PRESS,TRAIN,THAR_DESERT,CRUISE_LOITER,5330.4,2193.6,70.5,152.13,152.17,152.16,152.15,793.89,794.86,794.28,794.14,1.82,111.57,13.89,3.0,72.97,0.83,14.07,3.15,LANE_A,3607.0,43.7,87.1,0.232,4,44.2,23.13,20.67,23.66,21.15,2.35,-1.68,0.74,-2.4,-2.31,-3.43,-4.51,0.23,0.082,-0.03,0.9413,1
25.6,TRAIN_M06_THAR_FAULT04_OIL_PRESS,TRAIN,THAR_DESERT,CRUISE_LOITER,5333.9,2195.0,70.5,152.13,152.17,152.16,152.15,793.87,794.8,794.56,794.31,1.85,111.47,14.02,3.0,73.09,0.691,14.06,3.0,LANE_A,3607.0,43.7,87.1,0.229,4,42.7,23.13,20.67,23.66,21.15,2.33,-1.74,1.02,-2.23,-2.28,-3.53,-4.39,0.35,-0.057,-0.04,0.9394,1
25.65,TRAIN_M06_THAR_FAULT04_OIL_PRESS,TRAIN,THAR_DESERT,CRUISE_LOITER,5336.9,2196.3,70.5,152.13,152.16,152.15,152.14,794.31,794.86,794.63,794.57,1.84,111.32,14.0,3.0,72.95,0.761,14.06,3.2,LANE_A,3606.0,43.7,87.1,0.226,4,41.2,23.13,20.66,23.65,21.14,2.77,-1.68,1.09,-1.97,-2.29,-3.68,-4.42,0.21,0.012,-0.04,0.94,1
25.7,TRAIN_M06_THAR_FAULT04_OIL_PRESS,TRAIN,THAR_DESERT,CRUISE_LOITER,5334.1,2195.1,70.5,152.13,152.17,152.14,152.14,794.24,794.82,794.63,794.51,1.8,111.36,14.03,3.0,72.94,0.737,14.07,3.51,LANE_A,3606.0,43.7,87.1,0.224,4,39.7,23.13,20.67,23.64,21.14,2.7,-1.72,1.09,-2.03,-2.33,-3.64,-4.38,0.2,-0.011,-0.03,0.9425,1
25.75,TRAIN_M06_THAR_FAULT04_OIL_PRESS,TRAIN,THAR_DESERT,CRUISE_LOITER,5336.9,2196.3,70.4,152.12,152.16,152.14,152.13,793.96,794.92,794.75,794.51,1.83,111.51,14.0,3.0,72.87,0.731,14.05,3.26,LANE_A,3606.0,43.7,87.1,0.221,4,38.2,23.12,20.66,23.64,21.13,2.35,-1.69,1.14,-2.1,-2.3,-3.49,-4.42,0.17,-0.018,-0.05,0.9406,1
25.8,TRAIN_M06_THAR_FAULT04_OIL_PRESS,TRAIN,THAR_DESERT,CRUISE_LOITER,5342.7,2198.6,70.4,152.12,152.15,152.14,152.13,794.25,795.15,795.09,794.11,1.8,111.51,13.92,3.0,72.76,0.756,14.06,3.25,LANE_A,3606.0,43.7,87.1,0.218,4,36.7,23.12,20.65,23.64,21.13,2.64,-1.46,1.48,-2.5,-2.33,-3.49,-4.52,0.06,0.006,-0.04,0.9425,1
25.85,TRAIN_M06_THAR_FAULT04_OIL_PRESS,TRAIN,THAR_DESERT,CRUISE_LOITER,5341.6,2198.2,70.4,152.11,152.14,152.13,152.13,794.05,795.76,795.45,794.11,1.81,111.51,13.87,3.0,72.71,0.82,14.03,3.37,LANE_A,3605.0,43.7,87.1,0.215,4,35.2,23.11,20.64,23.63,21.13,2.44,-0.85,1.84,-2.5,-2.32,-3.49,-4.56,0.01,0.071,-0.07,0.9419,1
25.9,TRAIN_M06_THAR_FAULT04_OIL_PRESS,TRAIN,THAR_DESERT,CRUISE_LOITER,5336.5,2196.1,70.4,152.11,152.13,152.12,152.12,793.97,795.45,795.43,793.89,1.78,111.52,14.02,3.0,72.8,0.753,14.06,2.81,LANE_A,3605.0,43.7,87.1,0.212,4,33.7,23.11,20.63,23.62,21.12,2.36,-1.16,1.82,-2.72,-2.35,-3.48,-4.39,0.1,0.004,-0.04,0.9437,1
25.95,TRAIN_M06_THAR_FAULT04_OIL_PRESS,TRAIN,THAR_DESERT,CRUISE_LOITER,5337.9,2196.7,70.4,152.1,152.13,152.12,152.12,794.26,795.72,795.38,793.71,1.76,111.59,13.97,3.0,72.69,0.712,14.06,3.28,LANE_A,3605.0,43.7,87.1,0.209,4,32.2,23.1,20.63,23.62,21.12,2.65,-0.89,1.77,-2.9,-2.37,-3.41,-4.45,-0.01,-0.037,-0.04,0.9449,1
26.0,TRAIN_M06_THAR_FAULT04_OIL_PRESS,TRAIN,THAR_DESERT,CRUISE_LOITER,5332.4,2194.4,70.4,152.1,152.13,152.12,152.11,794.69,795.56,795.63,793.98,1.74,111.65,14.0,3.0,72.78,0.796,14.03,3.19,LANE_A,3605.0,43.7,87.1,0.207,4,30.7,23.1,20.63,23.62,21.11,3.08,-1.05,2.02,-2.63,-2.39,-3.35,-4.4,0.08,0.048,-0.07,0.946,1
26.05,TRAIN_M06_THAR_FAULT04_OIL_PRESS,TRAIN,THAR_DESERT,CRUISE_LOITER,5330.0,2193.4,70.4,152.1,152.12,152.11,152.11,794.47,795.2,795.1,793.79,1.76,111.73,13.99,3.0,72.67,0.682,14.06,3.15,LANE_A,3605.0,43.7,87.1,0.204,4,29.2,23.1,20.62,23.61,21.11,2.86,-1.41,1.49,-2.82,-2.37,-3.27,-4.4,-0.03,-0.066,-0.04,0.9448,1
26.1,TRAIN_M06_THAR_FAULT04_OIL_PRESS,TRAIN,THAR_DESERT,CRUISE_LOITER,5332.8,2194.6,70.3,152.09,152.12,152.11,152.11,794.66,794.86,794.72,793.82,1.72,111.76,14.0,3.0,72.69,0.827,14.07,3.29,LANE_A,3604.0,43.7,87.1,0.201,4,27.8,23.09,20.62,23.61,21.11,2.98,-1.82,1.04,-2.86,-2.41,-3.24,-4.4,0.03,0.079,-0.03,0.9471,1
26.15,TRAIN_M06_THAR_FAULT04_OIL_PRESS,TRAIN,THAR_DESERT,CRUISE_LOITER,5330.6,2193.7,70.3,152.09,152.12,152.11,152.1,794.57,794.97,794.9,793.68,1.75,111.84,13.96,3.0,72.63,0.767,14.07,3.18,LANE_A,3604.0,43.7,87.1,0.198,4,26.3,23.09,20.62,23.61,21.1,2.89,-1.71,1.22,-3.0,-2.38,-3.16,-4.43,-0.03,0.019,-0.03,0.9454,1
26.2,TRAIN_M06_THAR_FAULT04_OIL_PRESS,TRAIN,THAR_DESERT,CRUISE_LOITER,5325.3,2191.5,70.3,152.08,152.11,152.1,152.09,794.44,794.96,794.82,794.35,1.73,111.97,13.99,3.0,72.49,0.711,14.07,3.08,LANE_A,3604.0,43.7,87.2,0.195,4,24.8,23.08,20.61,23.6,21.09,2.76,-1.72,1.14,-2.33,-2.39,-3.03,-4.38,-0.17,-0.036,-0.03,0.946,1
26.25,TRAIN_M06_THAR_FAULT04_OIL_PRESS,TRAIN,THAR_DESERT,CRUISE_LOITER,5322.3,2190.3,70.3,152.07,152.1,152.1,152.09,794.32,795.11,794.81,794.42,1.73,111.8,13.95,3.0,72.58,0.799,14.05,3.35,LANE_A,3604.0,43.7,87.2,0.193,4,23.3,23.07,20.6,23.6,21.09,2.64,-1.57,1.13,-2.26,-2.39,-3.2,-4.41,-0.08,0.052,-0.05,0.946,1
26.3,TRAIN_M06_THAR_FAULT04_OIL_PRESS,TRAIN,THAR_DESERT,CRUISE_LOITER,5329.2,2193.1,70.3,152.07,152.1,152.09,152.08,794.39,795.04,794.48,794.66,1.7,111.78,13.99,3.0,72.56,0.717,14.06,3.64,LANE_A,3603.0,43.7,87.2,0.19,4,21.8,23.07,20.6,23.59,21.08,2.71,-1.64,0.8,-2.02,-2.43,-3.22,-4.4,-0.1,-0.031,-0.04,0.9482,1
26.35,TRAIN_M06_THAR_FAULT04_OIL_PRESS,TRAIN,THAR_DESERT,CRUISE_LOITER,5322.3,2190.2,70.3,152.06,152.1,152.08,152.07,794.58,794.89,794.55,794.45,1.71,111.7,13.86,3.0,72.61,0.708,14.07,3.28,LANE_A,3603.0,43.7,87.2,0.187,4,20.3,23.06,20.6,23.58,21.07,2.9,-1.79,0.87,-2.23,-2.41,-3.3,-4.5,-0.05,-0.039,-0.03,0.9471,1
26.4,TRAIN_M06_THAR_FAULT04_OIL_PRESS,TRAIN,THAR_DESERT,CRUISE_LOITER,5330.4,2193.6,70.3,152.06,152.09,152.08,152.07,794.78,794.66,794.76,794.26,1.75,111.84,13.92,3.0,72.7,0.772,14.09,3.3,LANE_A,3603.0,43.7,87.2,0.184,4,18.8,23.06,20.59,23.58,21.07,3.1,-2.02,1.08,-2.42,-2.38,-3.16,-4.47,0.04,0.024,-0.01,0.9454,1
26.45,TRAIN_M06_THAR_FAULT04_OIL_PRESS,TRAIN,THAR_DESERT,CRUISE_LOITER,5333.7,2194.9,70.2,152.06,152.08,152.07,152.07,795.2,794.59,794.9,794.8,1.69,112.02,13.85,3.0,72.86,0.785,14.06,3.17,LANE_A,3603.0,43.7,87.2,0.181,4,17.3,23.06,20.58,23.57,21.07,3.46,-2.15,1.16,-1.94,-2.44,-2.98,-4.55,0.25,0.037,-0.04,0.9488,1
26.5,TRAIN_M06_THAR_FAULT04_OIL_PRESS,TRAIN,THAR_DESERT,CRUISE_LOITER,5331.6,2194.1,70.2,152.06,152.07,152.06,152.07,795.09,794.15,794.71,794.64,1.66,111.9,13.82,3.0,72.75,0.773,14.08,3.12,LANE_A,3602.0,43.7,87.2,0.178,4,15.8,23.06,20.57,23.56,21.07,3.35,-2.59,0.97,-2.1,-2.47,-3.1,-4.57,0.14,0.025,-0.02,0.9504,1
26.55,TRAIN_M06_THAR_FAULT04_OIL_PRESS,TRAIN,THAR_DESERT,CRUISE_LOITER,5326.5,2192.0,70.2,152.05,152.07,152.06,152.07,795.06,794.52,794.9,794.06,1.68,111.94,14.03,3.0,72.62,0.754,14.05,3.5,LANE_A,3602.0,43.7,87.2,0.175,4,14.3,23.05,20.57,23.56,21.07,3.32,-2.22,1.16,-2.68,-2.45,-3.06,-4.34,0.01,0.007,-0.05,0.9492,1
26.6,TRAIN_M06_THAR_FAULT04_OIL_PRESS,TRAIN,THAR_DESERT,CRUISE_LOITER,5325.5,2191.6,70.2,152.04,152.07,152.05,152.07,794.76,794.78,795.14,794.03,1.71,111.96,14.01,3.0,72.55,0.73,14.05,3.28,LANE_A,3602.0,43.7,87.2,0.173,4,12.8,23.04,20.57,23.55,21.07,3.02,-1.96,1.4,-2.71,-2.41,-3.04,-4.36,-0.06,-0.017,-0.05,0.947,1
26.65,TRAIN_M06_THAR_FAULT04_OIL_PRESS,TRAIN,THAR_DESERT,CRUISE_LOITER,5329.4,2193.2,70.2,152.04,152.07,152.04,152.06,794.69,794.64,795.26,794.35,1.67,111.95,13.9,3.0,72.49,0.798,14.05,3.18,LANE_A,3602.0,43.7,87.2,0.17,4,11.3,23.04,20.57,23.54,21.06,2.95,-2.1,1.52,-2.39,-2.46,-3.05,-4.48,-0.12,0.05,-0.05,0.9498,1
26.7,TRAIN_M06_THAR_FAULT04_OIL_PRESS,TRAIN,THAR_DESERT,CRUISE_LOITER,5330.8,2193.7,70.2,152.04,152.06,152.04,152.05,794.74,794.7,794.87,794.67,1.67,111.98,13.96,3.0,72.55,0.706,14.05,3.21,LANE_A,3601.0,43.7,87.2,0.167,4,9.8,23.04,20.56,23.54,21.05,3.0,-2.04,1.13,-2.07,-2.46,-3.02,-4.43,-0.07,-0.042,-0.05,0.9498,1
26.75,TRAIN_M06_THAR_FAULT04_OIL_PRESS,TRAIN,THAR_DESERT,CRUISE_LOITER,5329.0,2193.0,70.2,152.03,152.05,152.03,152.05,794.51,794.68,794.93,794.71,1.7,112.02,13.96,3.0,72.51,0.71,14.07,3.2,LANE_A,3601.0,43.7,87.2,0.164,4,8.3,23.03,20.55,23.53,21.05,2.77,-2.06,1.19,-2.03,-2.43,-2.98,-4.42,-0.11,-0.038,-0.03,0.9482,1
26.8,TRAIN_M06_THAR_FAULT04_OIL_PRESS,TRAIN,THAR_DESERT,CRUISE_LOITER,5334.2,2195.1,70.2,152.03,152.05,152.03,152.04,794.54,794.67,794.57,794.81,1.67,112.12,14.01,3.0,72.5,0.707,14.08,2.95,LANE_A,3601.0,43.7,87.2,0.161,4,6.8,23.03,20.55,23.53,21.04,2.8,-2.07,0.83,-1.93,-2.46,-2.88,-4.39,-0.12,-0.041,-0.02,0.9498,1
26.85,TRAIN_M06_THAR_FAULT04_OIL_PRESS,TRAIN,THAR_DESERT,CRUISE_LOITER,5325.5,2191.6,70.1,152.02,152.06,152.03,152.03,794.6,794.71,794.28,794.86,1.6,112.29,13.97,3.0,72.59,0.736,14.08,3.01,LANE_A,3601.0,43.7,87.2,0.158,4,5.3,23.02,20.56,23.53,21.03,2.79,-2.1,0.47,-1.95,-2.52,-2.71,-4.4,0.02,-0.011,-0.02,0.9528,1
26.9,TRAIN_M06_THAR_FAULT04_OIL_PRESS,TRAIN,THAR_DESERT,CRUISE_LOITER,5321.1,2189.7,70.1,152.02,152.05,152.02,152.03,794.51,794.63,794.54,795.01,1.64,112.47,13.97,3.0,72.62,0.664,14.08,3.22,LANE_A,3600.0,43.7,87.2,0.156,4,3.8,23.02,20.55,23.52,21.03,2.7,-2.18,0.73,-1.8,-2.48,-2.53,-4.38,0.05,-0.082,-0.02,0.9508,1
26.95,TRAIN_M06_THAR_FAULT04_OIL_PRESS,TRAIN,THAR_DESERT,CRUISE_LOITER,5319.9,2189.3,70.1,152.02,152.04,152.02,152.02,794.24,794.39,794.85,795.16,1.57,112.47,13.97,3.0,72.53,0.801,14.05,3.31,LANE_A,3600.0,43.7,87.3,0.153,4,2.3,23.02,20.54,23.52,21.02,2.43,-2.42,1.04,-1.65,-2.55,-2.53,-4.38,-0.04,0.055,-0.05,0.9543,1
27.0,TRAIN_M06_THAR_FAULT04_OIL_PRESS,TRAIN,THAR_DESERT,CRUISE_LOITER,5315.6,2187.5,70.1,152.01,152.03,152.01,152.01,794.5,794.36,795.12,795.31,1.59,112.46,13.87,3.0,72.6,0.79,14.08,2.99,LANE_A,3600.0,43.7,87.3,0.15,4,0.8,23.01,20.53,23.51,21.01,2.69,-2.45,1.31,-1.5,-2.53,-2.54,-4.46,0.03,0.044,-0.02,0.9533,1
27.05,TRAIN_M06_THAR_FAULT04_OIL_PRESS,TRAIN,THAR_DESERT,CRUISE_LOITER,5310.9,2185.6,70.1,152.01,152.02,152.01,152.01,794.6,794.6,794.93,795.3,1.63,112.46,13.91,3.0,72.53,0.782,14.07,3.43,LANE_A,3599.0,43.7,87.3,0.15,4,0.8,23.01,20.52,23.51,21.01,2.79,-2.21,1.12,-1.51,-2.49,-2.54,-4.41,-0.05,0.037,-0.03,0.9513,1
27.1,TRAIN_M06_THAR_FAULT04_OIL_PRESS,TRAIN,THAR_DESERT,CRUISE_LOITER,5310.9,2185.6,70.1,152.01,152.02,152.01,152.0,794.62,794.7,794.82,795.6,1.57,112.56,13.91,3.0,72.63,0.753,14.05,3.23,LANE_A,3599.0,43.7,87.3,0.15,4,0.8,23.01,20.52,23.51,21.0,2.81,-2.11,1.01,-1.21,-2.55,-2.44,-4.41,0.05,0.008,-0.05,0.9543,1
27.15,TRAIN_M06_THAR_FAULT04_OIL_PRESS,TRAIN,THAR_DESERT,CRUISE_LOITER,5313.7,2186.7,70.1,152.0,152.01,152.0,151.99,794.69,794.5,794.64,795.8,1.6,112.67,13.85,3.0,72.53,0.719,14.06,3.5,LANE_A,3599.0,43.7,87.3,0.15,4,0.8,23.0,20.51,23.5,20.99,2.88,-2.31,0.83,-1.01,-2.52,-2.33,-4.48,-0.05,-0.026,-0.04,0.9528,1
27.2,TRAIN_M06_THAR_FAULT04_OIL_PRESS,TRAIN,THAR_DESERT,CRUISE_LOITER,5319.3,2189.0,70.1,151.99,152.01,151.99,151.98,794.64,794.54,794.55,795.86,1.59,112.62,13.88,3.0,72.46,0.766,14.07,3.21,LANE_A,3599.0,43.7,87.3,0.15,4,0.8,22.99,20.51,23.49,20.98,2.83,-2.27,0.74,-0.95,-2.53,-2.38,-4.47,-0.12,0.02,-0.03,0.9533,1
27.25,TRAIN_M06_THAR_FAULT04_OIL_PRESS,TRAIN,THAR_DESERT,CRUISE_LOITER,5322.3,2190.3,70.0,151.99,152.0,151.98,151.98,794.79,794.48,794.52,795.73,1.58,112.82,13.78,3.0,72.51,0.722,14.06,3.22,LANE_A,3598.0,43.7,87.3,0.15,4,0.8,22.99,20.5,23.48,20.98,2.92,-2.39,0.65,-1.14,-2.54,-2.18,-4.57,-0.02,-0.025,-0.04,0.9538,1
27.3,TRAIN_M06_THAR_FAULT04_OIL_PRESS,TRAIN,THAR_DESERT,CRUISE_LOITER,5325.3,2191.5,70.0,151.99,152.0,151.97,151.97,794.79,794.5,794.26,795.71,1.61,112.75,13.81,3.0,72.62,0.782,14.07,3.13,LANE_A,3598.0,43.7,87.3,0.15,4,0.8,22.99,20.5,23.47,20.97,2.92,-2.37,0.39,-1.16,-2.51,-2.25,-4.55,0.09,0.035,-0.03,0.9523,1
27.35,TRAIN_M06_THAR_FAULT04_OIL_PRESS,TRAIN,THAR_DESERT,CRUISE_LOITER,5321.9,2190.1,70.0,151.99,151.99,151.97,151.96,794.46,794.74,794.24,795.99,1.62,112.77,13.86,3.0,72.68,0.688,14.05,3.05,LANE_A,3598.0,43.7,87.3,0.15,4,0.8,22.99,20.49,23.47,20.96,2.59,-2.13,0.37,-0.88,-2.5,-2.23,-4.49,0.15,-0.059,-0.05,0.9518,1
27.4,TRAIN_M06_THAR_FAULT04_OIL_PRESS,TRAIN,THAR_DESERT,CRUISE_LOITER,5318.7,2188.7,70.0,151.99,151.99,151.97,151.96,795.02,794.54,794.33,795.9,1.63,112.86,13.94,3.0,72.68,0.76,14.08,3.13,LANE_A,3598.0,43.7,87.3,0.15,4,0.8,22.99,20.49,23.47,20.96,3.15,-2.33,0.46,-0.97,-2.49,-2.14,-4.4,0.15,0.014,-0.02,0.9513,1
27.45,TRAIN_M06_THAR_FAULT04_OIL_PRESS,TRAIN,THAR_DESERT,CRUISE_LOITER,5323.9,2190.9,70.0,151.97,151.98,151.96,151.96,795.3,794.77,794.03,795.69,1.61,112.77,13.93,3.0,72.59,0.786,14.08,3.12,LANE_A,3597.0,43.7,87.3,0.15,4,0.8,22.97,20.48,23.46,20.96,3.43,-2.1,0.16,-1.18,-2.51,-2.23,-4.43,0.05,0.039,-0.02,0.9523,1
27.5,TRAIN_M06_THAR_FAULT04_OIL_PRESS,TRAIN,THAR_DESERT,CRUISE_LOITER,5328.5,2192.8,70.0,151.97,151.98,151.96,151.96,795.05,795.06,793.91,795.85,1.58,112.77,13.96,3.0,72.57,0.751,14.06,3.14,LANE_A,3597.0,43.7,87.3,0.15,4,0.8,22.97,20.48,23.46,20.96,3.18,-1.81,0.04,-1.02,-2.55,-2.23,-4.41,0.03,0.003,-0.04,0.9543,1
27.55,TRAIN_M06_THAR_FAULT04_OIL_PRESS,TRAIN,THAR_DESERT,CRUISE_LOITER,5331.6,2194.1,70.0,151.97,151.98,151.96,151.95,794.82,795.31,794.25,795.95,1.59,112.72,13.94,3.0,72.5,0.754,14.04,3.2,LANE_A,3597.0,43.7,87.3,0.15,4,0.8,22.97,20.48,23.46,20.95,2.95,-1.56,0.38,-0.92,-2.54,-2.28,-4.44,-0.04,0.006,-0.06,0.9538,1
27.6,TRAIN_M06_THAR_FAULT04_OIL_PRESS,TRAIN,THAR_DESERT,CRUISE_LOITER,5327.0,2192.2,70.0,151.96,151.97,151.95,151.95,794.55,794.82,794.49,795.73,1.61,112.72,13.92,3.0,72.48,0.73,14.04,2.9,LANE_A,3596.0,43.7,87.4,0.15,4,0.8,22.96,20.47,23.45,20.95,2.68,-2.05,0.62,-1.14,-2.52,-2.28,-4.45,-0.06,-0.017,-0.06,0.9528,1
27.65,TRAIN_M06_THAR_FAULT04_OIL_PRESS,TRAIN,THAR_DESERT,CRUISE_LOITER,5323.4,2190.7,70.0,151.96,151.96,151.95,151.94,794.95,795.17,794.5,795.65,1.62,112.7,13.87,3.0,72.47,0.81,14.06,3.26,LANE_A,3596.0,43.7,87.4,0.15,4,0.8,22.96,20.46,23.45,20.94,3.08,-1.7,0.63,-1.22,-2.5,-2.3,-4.49,-0.07,0.063,-0.04,0.9518,1
27.7,TRAIN_M06_THAR_FAULT04_OIL_PRESS,TRAIN,THAR_DESERT,CRUISE_LOITER,5323.1,2190.6,69.9,151.95,151.96,151.94,151.94,795.3,795.04,794.82,795.74,1.6,112.78,13.89,3.0,72.54,0.754,14.08,3.11,LANE_A,3596.0,43.7,87.4,0.15,4,0.8,22.95,20.46,23.44,20.94,3.36,-1.9,0.88,-1.2,-2.52,-2.22,-4.46,0.05,0.007,-0.02,0.9528,1
27.75,TRAIN_M06_THAR_FAULT04_OIL_PRESS,TRAIN,THAR_DESERT,CRUISE_LOITER,5314.6,2187.1,69.9,151.95,151.96,151.94,151.93,794.87,794.86,795.11,795.88,1.61,112.86,14.05,3.0,72.57,0.688,14.06,3.12,LANE_A,3596.0,43.7,87.4,0.15,4,0.8,22.95,20.46,23.44,20.93,2.93,-2.08,1.17,-1.06,-2.51,-2.14,-4.27,0.08,-0.057,-0.04,0.9522,1
27.8,TRAIN_M06_THAR_FAULT04_OIL_PRESS,TRAIN,THAR_DESERT,CRUISE_LOITER,5310.9,2185.6,69.9,151.95,151.95,151.93,151.93,795.04,794.58,795.24,795.86,1.6,112.86,14.0,3.0,72.77,0.726,14.06,3.23,LANE_A,3595.0,43.7,87.4,0.15,4,0.8,22.95,20.45,23.43,20.93,3.1,-2.36,1.3,-1.08,-2.52,-2.14,-4.31,0.28,-0.019,-0.04,0.9527,1
27.85,TRAIN_M06_THAR_FAULT04_OIL_PRESS,TRAIN,THAR_DESERT,CRUISE_LOITER,5309.3,2184.9,69.9,151.95,151.95,151.92,151.92,794.77,794.57,795.13,795.72,1.56,112.81,13.87,3.0,72.73,0.75,14.04,2.97,LANE_A,3595.0,43.7,87.4,0.15,4,0.8,22.95,20.45,23.42,20.92,2.83,-2.37,1.19,-1.22,-2.56,-2.19,-4.43,0.24,0.005,-0.06,0.9547,1
27.9,TRAIN_M06_THAR_FAULT04_OIL_PRESS,TRAIN,THAR_DESERT,CRUISE_LOITER,5305.1,2183.2,69.9,151.94,151.94,151.91,151.92,794.8,794.73,795.15,795.81,1.52,112.95,13.86,3.0,72.61,0.784,14.08,3.09,LANE_A,3595.0,43.7,87.4,0.15,4,0.8,22.94,20.44,23.41,20.92,2.86,-2.21,1.21,-1.13,-2.6,-2.05,-4.43,0.12,0.04,-0.02,0.9566,1
27.95,TRAIN_M06_THAR_FAULT04_OIL_PRESS,TRAIN,THAR_DESERT,CRUISE_LOITER,5310.6,2185.4,69.9,151.94,151.93,151.91,151.92,795.37,794.62,795.1,795.61,1.57,112.87,13.81,3.0,72.64,0.765,14.05,3.23,LANE_A,3594.0,43.7,87.4,0.15,4,0.8,22.94,20.43,23.41,20.92,3.43,-2.32,1.16,-1.33,-2.55,-2.13,-4.5,0.14,0.02,-0.05,0.9543,1
28.0,TRAIN_M06_THAR_FAULT04_OIL_PRESS,TRAIN,THAR_DESERT,CRUISE_LOITER,5309.1,2184.8,69.9,151.92,151.93,151.9,151.9,795.72,794.59,794.82,795.61,1.61,113.03,13.77,3.0,72.61,0.737,14.06,3.17,LANE_A,3594.0,43.7,87.4,0.15,4,0.8,22.92,20.43,23.4,20.9,3.78,-2.35,0.88,-1.33,-2.51,-1.97,-4.53,0.11,-0.008,-0.04,0.9523,1
28.05,TRAIN_M06_THAR_FAULT04_OIL_PRESS,TRAIN,THAR_DESERT,CRUISE_LOITER,5307.8,2184.3,69.9,151.92,151.91,151.89,151.9,795.79,794.54,794.95,795.56,1.59,113.09,13.72,3.0,72.62,0.774,14.04,3.52,LANE_A,3594.0,43.7,87.4,0.15,4,0.8,22.92,20.41,23.39,20.9,3.85,-2.4,1.01,-1.38,-2.53,-1.91,-4.58,0.12,0.03,-0.06,0.9533,1
28.1,TRAIN_M06_THAR_FAULT04_OIL_PRESS,TRAIN,THAR_DESERT,CRUISE_LOITER,5303.5,2182.5,69.9,151.91,151.9,151.88,151.89,795.12,794.35,795.14,795.88,1.57,113.06,13.81,3.0,72.55,0.778,14.07,3.22,LANE_A,3594.0,43.7,87.4,0.15,4,0.8,22.91,20.4,23.38,20.89,3.18,-2.59,1.2,-1.06,-2.54,-1.94,-4.48,0.05,0.034,-0.03,0.9537,1
28.15,TRAIN_M06_THAR_FAULT04_OIL_PRESS,TRAIN,THAR_DESERT,CRUISE_LOITER,5308.1,2184.4,69.9,151.9,151.89,151.88,151.88,795.05,794.71,795.1,795.7,1.57,113.15,13.73,3.0,72.44,0.737,14.06,3.06,LANE_A,3593.0,43.7,87.4,0.15,4,0.8,22.9,20.39,23.38,20.88,3.11,-2.23,1.16,-1.24,-2.55,-1.85,-4.57,-0.06,-0.007,-0.04,0.9542,1
28.2,TRAIN_M06_THAR_FAULT04_OIL_PRESS,TRAIN,THAR_DESERT,CRUISE_LOITER,5307.7,2184.2,69.8,151.9,151.9,151.88,151.87,794.92,794.63,795.08,795.75,1.59,113.15,13.86,3.0,72.42,0.676,14.06,3.41,LANE_A,3593.0,43.7,87.4,0.15,4,0.8,22.9,20.4,23.38,20.87,2.92,-2.37,1.08,-1.25,-2.53,-1.85,-4.44,-0.03,-0.068,-0.04,0.9532,1
28.25,TRAIN_M06_THAR_FAULT04_OIL_PRESS,TRAIN,THAR_DESERT,CRUISE_LOITER,5310.0,2185.2,69.8,151.89,151.88,151.87,151.87,795.22,794.78,795.16,795.55,1.57,113.21,13.89,3.0,72.41,0.756,14.08,3.05,LANE_A,3593.0,43.7,87.5,0.15,4,0.8,22.89,20.38,23.37,20.87,3.22,-2.22,1.16,-1.45,-2.55,-1.79,-4.41,-0.04,0.011,-0.02,0.9542,1
28.3,TRAIN_M06_THAR_FAULT04_OIL_PRESS,TRAIN,THAR_DESERT,CRUISE_LOITER,5310.1,2185.2,69.8,151.88,151.88,151.86,151.86,795.69,794.41,795.49,795.39,1.62,113.16,13.84,3.0,72.42,0.767,14.06,3.22,LANE_A,3592.0,43.7,87.5,0.15,4,0.8,22.88,20.38,23.36,20.86,3.69,-2.59,1.49,-1.61,-2.5,-1.84,-4.46,-0.04,0.022,-0.04,0.9517,1
28.35,TRAIN_M06_THAR_FAULT04_OIL_PRESS,TRAIN,THAR_DESERT,CRUISE_LOITER,5312.5,2186.2,69.8,151.87,151.88,151.86,151.86,795.78,794.44,795.53,795.25,1.56,113.26,13.79,3.0,72.44,0.741,14.06,3.21,LANE_A,3592.0,43.7,87.5,0.15,4,0.8,22.87,20.38,23.36,20.86,3.78,-2.56,1.53,-1.75,-2.56,-1.74,-4.52,-0.02,-0.004,-0.04,0.9547,1
28.4,TRAIN_M06_THAR_FAULT04_OIL_PRESS,TRAIN,THAR_DESERT,CRUISE_LOITER,5306.0,2183.6,69.8,151.86,151.88,151.85,151.85,795.45,794.84,795.42,795.34,1.58,113.35,13.99,3.0,72.46,0.74,14.08,3.07,LANE_A,3592.0,43.7,87.5,0.15,4,0.8,22.86,20.38,23.35,20.85,3.45,-2.16,1.42,-1.66,-2.54,-1.65,-4.3,0.0,-0.004,-0.02,0.9537,1
28.45,TRAIN_M06_THAR_FAULT04_OIL_PRESS,TRAIN,THAR_DESERT,CRUISE_LOITER,5300.4,2181.2,69.8,151.85,151.87,151.85,151.85,795.33,794.6,795.58,795.61,1.6,113.53,13.88,3.0,72.38,0.774,14.07,3.44,LANE_A,3591.0,43.7,87.5,0.15,4,0.8,22.85,20.37,23.35,20.85,3.33,-2.4,1.58,-1.39,-2.51,-1.47,-4.39,-0.08,0.031,-0.03,0.9522,1
28.5,TRAIN_M06_THAR_FAULT04_OIL_PRESS,TRAIN,THAR_DESERT,CRUISE_LOITER,5295.4,2179.2,69.8,151.84,151.86,151.85,151.84,794.84,794.77,795.72,795.3,1.59,113.56,13.92,3.0,72.32,0.715,14.08,3.35,LANE_A,3591.0,43.7,87.5,0.15,4,0.8,22.84,20.36,23.35,20.84,2.84,-2.23,1.72,-1.7,-2.52,-1.44,-4.33,-0.14,-0.028,-0.02,0.9527,1
28.55,TRAIN_M06_THAR_FAULT04_OIL_PRESS,TRAIN,THAR_DESERT,CRUISE_LOITER,5292.1,2177.8,69.8,151.84,151.85,151.84,151.84,795.13,795.05,795.97,795.35,1.57,113.69,13.89,3.0,72.5,0.759,14.05,3.07,LANE_A,3591.0,43.7,87.5,0.15,4,0.8,22.84,20.35,23.34,20.84,3.13,-1.95,1.97,-1.65,-2.54,-1.31,-4.35,0.04,0.017,-0.05,0.9537,1
28.6,TRAIN_M06_THAR_FAULT04_OIL_PRESS,TRAIN,THAR_DESERT,CRUISE_LOITER,5288.3,2176.2,69.8,151.83,151.84,151.82,151.83,794.63,795.26,796.0,795.15,1.55,113.61,13.79,3.0,72.57,0.74,14.05,2.76,LANE_A,3590.0,43.7,87.5,0.15,4,0.8,22.83,20.34,23.32,20.83,2.63,-1.74,2.0,-1.85,-2.56,-1.39,-4.44,0.11,-0.002,-0.05,0.9546,1
28.65,TRAIN_M06_THAR_FAULT04_OIL_PRESS,TRAIN,THAR_DESERT,CRUISE_LOITER,5291.8,2177.7,69.8,151.82,151.83,151.82,151.81,794.65,795.21,795.88,794.92,1.58,113.79,13.78,3.0,72.56,0.738,14.06,3.1,LANE_A,3590.0,43.7,87.5,0.15,4,0.8,22.82,20.33,23.32,20.81,2.65,-1.79,1.88,-2.08,-2.53,-1.21,-4.46,0.1,-0.004,-0.04,0.9532,1
28.7,TRAIN_M06_THAR_FAULT04_OIL_PRESS,TRAIN,THAR_DESERT,CRUISE_LOITER,5293.8,2178.5,69.8,151.82,151.83,151.82,151.81,795.09,794.73,795.51,795.1,1.57,113.91,13.88,3.0,72.48,0.758,14.07,3.26,LANE_A,3590.0,43.7,87.5,0.15,4,0.8,22.82,20.33,23.32,20.81,3.09,-2.27,1.51,-1.9,-2.54,-1.09,-4.37,0.02,0.016,-0.03,0.9536,1
28.75,TRAIN_M06_THAR_FAULT04_OIL_PRESS,TRAIN,THAR_DESERT,CRUISE_LOITER,5302.2,2182.0,69.7,151.81,151.81,151.8,151.81,794.82,794.95,795.23,795.48,1.49,114.16,13.85,3.0,72.53,0.727,14.06,3.3,LANE_A,3589.0,43.7,87.5,0.15,4,0.8,22.81,20.31,23.3,20.81,2.76,-2.11,1.17,-1.58,-2.62,-0.84,-4.43,0.11,-0.017,-0.04,0.9574,1
28.8,TRAIN_M06_THAR_FAULT04_OIL_PRESS,TRAIN,THAR_DESERT,CRUISE_LOITER,5307.7,2184.2,69.7,151.81,151.81,151.8,151.8,794.13,794.93,795.2,795.18,1.59,114.21,13.86,3.0,72.45,0.738,14.05,3.06,LANE_A,3589.0,43.7,87.5,0.15,4,0.8,22.81,20.31,23.3,20.8,2.07,-2.13,1.14,-1.88,-2.53,-0.79,-4.43,0.03,-0.006,-0.05,0.9532,1
28.85,TRAIN_M06_THAR_FAULT04_OIL_PRESS,TRAIN,THAR_DESERT,CRUISE_LOITER,5304.8,2183.1,69.7,151.8,151.8,151.79,151.79,794.24,795.22,795.55,794.83,1.58,114.08,13.74,3.0,72.49,0.701,14.05,2.97,LANE_A,3589.0,43.8,87.5,0.15,4,0.8,22.8,20.3,23.29,20.79,2.16,-1.86,1.47,-2.25,-2.54,-0.92,-4.54,0.07,-0.043,-0.05,0.9537,1
28.9,TRAIN_M06_THAR_FAULT04_OIL_PRESS,TRAIN,THAR_DESERT,CRUISE_LOITER,5305.2,2183.2,69.7,151.79,151.79,151.79,151.79,794.25,795.19,795.16,795.18,1.54,114.09,13.74,3.0,72.58,0.757,14.05,3.12,LANE_A,3589.0,43.8,87.6,0.15,4,0.8,22.79,20.29,23.29,20.79,2.17,-1.89,1.08,-1.9,-2.58,-0.91,-4.54,0.16,0.013,-0.05,0.9556,1
28.95,TRAIN_M06_THAR_FAULT04_OIL_PRESS,TRAIN,THAR_DESERT,CRUISE_LOITER,5305.4,2183.3,69.7,151.79,151.78,151.78,151.78,794.62,795.06,795.32,794.81,1.56,114.14,13.76,3.0,72.51,0.716,14.06,3.27,LANE_A,3588.0,43.8,87.6,0.15,4,0.8,22.79,20.28,23.28,20.78,2.54,-2.02,1.24,-2.27,-2.56,-0.86,-4.52,0.09,-0.028,-0.04,0.9546,1
29.0,TRAIN_M06_THAR_FAULT04_OIL_PRESS,TRAIN,THAR_DESERT,CRUISE_LOITER,5305.8,2183.5,69.7,151.78,151.77,151.77,151.77,794.75,795.32,795.19,794.39,1.52,113.98,13.74,3.0,72.37,0.776,14.05,2.96,LANE_A,3588.0,43.8,87.6,0.15,4,0.8,22.78,20.27,23.27,20.77,2.67,-1.76,1.11,-2.69,-2.6,-1.02,-4.54,-0.05,0.032,-0.05,0.9565,1
29.05,TRAIN_M06_THAR_FAULT04_OIL_PRESS,TRAIN,THAR_DESERT,CRUISE_LOITER,5300.9,2181.4,69.7,151.77,151.76,151.77,151.76,794.67,795.35,795.26,794.52,1.6,114.03,13.8,3.0,72.44,0.712,14.09,3.3,LANE_A,3588.0,43.8,87.6,0.15,4,0.8,22.77,20.26,23.27,20.76,2.59,-1.73,1.18,-2.56,-2.51,-0.97,-4.47,0.02,-0.031,-0.01,0.9521,1
29.1,TRAIN_M06_THAR_FAULT04_OIL_PRESS,TRAIN,THAR_DESERT,CRUISE_LOITER,5308.2,2184.4,69.7,151.77,151.75,151.76,151.75,794.82,795.05,795.13,794.65,1.53,114.19,13.77,3.0,72.47,0.661,14.06,3.29,LANE_A,3587.0,43.8,87.6,0.15,4,0.8,22.77,20.25,23.26,20.75,2.74,-2.03,1.05,-2.43,-2.59,-0.81,-4.52,0.05,-0.083,-0.04,0.956,1
29.15,TRAIN_M06_THAR_FAULT04_OIL_PRESS,TRAIN,THAR_DESERT,CRUISE_LOITER,5302.8,2182.2,69.7,151.76,151.75,151.76,151.75,794.97,795.19,795.52,794.97,1.54,114.12,13.82,3.0,72.49,0.767,14.07,2.82,LANE_A,3587.0,43.8,87.6,0.15,4,0.8,22.76,20.25,23.26,20.75,2.89,-1.89,1.44,-2.11,-2.57,-0.88,-4.45,0.07,0.023,-0.03,0.9551,1
29.2,TRAIN_M06_THAR_FAULT04_OIL_PRESS,TRAIN,THAR_DESERT,CRUISE_LOITER,5300.0,2181.1,69.7,151.75,151.74,151.75,151.74,795.41,795.52,795.16,795.27,1.56,114.15,13.72,3.0,72.39,0.767,14.05,3.24,LANE_A,3587.0,43.8,87.6,0.15,4,0.8,22.75,20.24,23.25,20.74,3.33,-1.56,1.08,-1.81,-2.55,-0.85,-4.54,-0.03,0.024,-0.05,0.9541,1
29.25,TRAIN_M06_THAR_FAULT04_OIL_PRESS,TRAIN,THAR_DESERT,CRUISE_LOITER,5305.2,2183.2,69.7,151.75,151.73,151.74,151.74,795.28,795.69,795.22,795.5,1.52,114.12,13.82,3.0,72.39,0.77,14.03,3.39,LANE_A,3586.0,43.8,87.6,0.15,4,0.8,22.75,20.23,23.24,20.74,3.2,-1.39,1.14,-1.58,-2.6,-0.88,-4.46,-0.04,0.026,-0.07,0.9565,1
29.3,TRAIN_M06_THAR_FAULT04_OIL_PRESS,TRAIN,THAR_DESERT,CRUISE_LOITER,5303.4,2182.5,69.7,151.74,151.73,151.74,151.73,795.5,795.67,795.39,795.84,1.57,114.07,13.82,3.0,72.43,0.792,14.07,3.1,LANE_A,3586.0,43.8,87.6,0.15,4,0.8,22.74,20.23,23.24,20.73,3.42,-1.41,1.31,-1.24,-2.54,-0.93,-4.46,0.0,0.048,-0.03,0.9536,1
29.35,TRAIN_M06_THAR_FAULT04_OIL_PRESS,TRAIN,THAR_DESERT,CRUISE_LOITER,5313.8,2186.8,69.7,151.73,151.72,151.73,151.72,795.35,795.84,795.66,795.75,1.57,113.95,13.79,3.0,72.33,0.734,14.04,3.36,LANE_A,3586.0,43.8,87.6,0.15,4,0.8,22.73,20.22,23.23,20.72,3.27,-1.24,1.58,-1.33,-2.55,-1.05,-4.52,-0.1,-0.011,-0.06,0.9541,1
29.4,TRAIN_M06_THAR_FAULT04_OIL_PRESS,TRAIN,THAR_DESERT,CRUISE_LOITER,5316.0,2187.7,69.7,151.73,151.72,151.72,151.71,795.18,795.95,795.55,795.84,1.59,114.0,13.84,3.0,72.19,0.784,14.03,2.98,LANE_A,3585.0,43.8,87.6,0.15,4,0.8,22.73,20.22,23.22,20.71,3.1,-1.13,1.47,-1.24,-2.53,-1.0,-4.48,-0.24,0.038,-0.07,0.9531,1
29.45,TRAIN_M06_THAR_FAULT04_OIL_PRESS,TRAIN,THAR_DESERT,CRUISE_LOITER,5318.3,2188.6,69.6,151.73,151.71,151.72,151.71,795.5,795.68,795.43,796.01,1.6,114.1,13.91,3.0,72.29,0.779,14.07,3.23,LANE_A,3585.0,43.8,87.7,0.15,4,0.8,22.73,20.21,23.22,20.71,3.36,-1.46,1.29,-1.13,-2.52,-0.9,-4.41,-0.09,0.033,-0.03,0.9526,1
29.5,TRAIN_M06_THAR_FAULT04_OIL_PRESS,TRAIN,THAR_DESERT,CRUISE_LOITER,5323.1,2190.6,69.6,151.73,151.71,151.72,151.7,795.22,795.88,795.64,795.86,1.61,114.14,13.94,3.0,72.32,0.707,14.07,3.14,LANE_A,3585.0,43.8,87.7,0.15,4,0.8,22.73,20.21,23.22,20.7,3.08,-1.26,1.5,-1.28,-2.51,-0.86,-4.4,-0.06,-0.04,-0.03,0.9521,1
29.55,TRAIN_M06_THAR_FAULT04_OIL_PRESS,TRAIN,THAR_DESERT,CRUISE_LOITER,5318.8,2188.8,69.6,151.72,151.7,151.71,151.7,795.22,795.83,795.58,795.49,1.58,114.22,13.78,3.0,72.32,0.723,14.06,3.15,LANE_A,3584.0,43.8,87.7,0.15,4,0.8,22.72,20.2,23.21,20.7,3.08,-1.31,1.44,-1.65,-2.54,-0.78,-4.55,-0.06,-0.023,-0.04,0.9536,1
29.6,TRAIN_M06_THAR_FAULT04_OIL_PRESS,TRAIN,THAR_DESERT,CRUISE_LOITER,5314.7,2187.1,69.6,151.71,151.69,151.71,151.69,795.09,795.66,795.37,795.72,1.57,114.06,13.75,3.0,72.32,0.707,14.07,3.44,LANE_A,3584.0,43.8,87.7,0.15,4,0.8,22.71,20.19,23.21,20.69,2.95,-1.48,1.23,-1.42,-2.55,-0.94,-4.56,-0.06,-0.038,-0.03,0.9541,1
29.65,TRAIN_M06_THAR_FAULT04_OIL_PRESS,TRAIN,THAR_DESERT,CRUISE_LOITER,5310.3,2185.3,69.6,151.7,151.69,151.7,151.68,795.12,795.39,795.29,795.38,1.58,114.16,13.82,3.0,72.43,0.808,14.08,3.21,LANE_A,3584.0,43.8,87.7,0.15,4,0.8,22.7,20.19,23.2,20.68,2.98,-1.75,1.15,-1.76,-2.54,-0.84,-4.48,0.05,0.063,-0.02,0.9536,1
29.7,TRAIN_M06_THAR_FAULT04_OIL_PRESS,TRAIN,THAR_DESERT,CRUISE_LOITER,5310.9,2185.6,69.6,151.69,151.69,151.7,151.68,795.08,795.1,795.56,795.49,1.58,114.16,13.83,3.0,72.44,0.742,14.06,3.29,LANE_A,3583.0,43.8,87.7,0.15,4,0.8,22.69,20.19,23.2,20.68,2.94,-2.04,1.42,-1.65,-2.54,-0.84,-4.47,0.05,-0.003,-0.04,0.9536,1
29.75,TRAIN_M06_THAR_FAULT04_OIL_PRESS,TRAIN,THAR_DESERT,CRUISE_LOITER,5310.4,2185.3,69.6,151.68,151.68,151.69,151.67,795.11,794.7,795.95,795.58,1.49,114.03,13.77,3.0,72.42,0.733,14.09,3.09,LANE_A,3583.0,43.8,87.7,0.15,4,0.8,22.68,20.18,23.19,20.67,2.97,-2.44,1.81,-1.56,-2.63,-0.97,-4.53,0.03,-0.012,-0.01,0.9578,1
29.8,TRAIN_M06_THAR_FAULT04_OIL_PRESS,TRAIN,THAR_DESERT,CRUISE_LOITER,5315.3,2187.4,69.6,151.67,151.67,151.69,151.67,795.11,794.89,795.78,795.3,1.52,114.12,13.77,3.0,72.46,0.753,14.05,3.01,LANE_A,3582.0,43.8,87.7,0.15,4,0.8,22.67,20.17,23.19,20.67,2.97,-2.25,1.64,-1.84,-2.6,-0.88,-4.54,0.07,0.007,-0.05,0.9564,1
29.85,TRAIN_M06_THAR_FAULT04_OIL_PRESS,TRAIN,THAR_DESERT,CRUISE_LOITER,5315.5,2187.4,69.6,151.67,151.66,151.68,151.66,795.03,794.78,795.89,795.24,1.58,114.16,13.79,3.0,72.5,0.75,14.07,3.08,LANE_A,3582.0,43.8,87.7,0.15,4,0.8,22.67,20.16,23.18,20.66,2.89,-2.36,1.75,-1.9,-2.54,-0.84,-4.53,0.11,0.004,-0.03,0.9536,1
29.9,TRAIN_M06_THAR_FAULT04_OIL_PRESS,TRAIN,THAR_DESERT,CRUISE_LOITER,5314.2,2186.9,69.6,151.67,151.66,151.67,151.66,795.35,794.8,795.6,795.24,1.59,114.2,13.77,3.0,72.43,0.754,14.08,3.49,LANE_A,3582.0,43.8,87.7,0.15,4,0.8,22.67,20.16,23.17,20.66,3.21,-2.34,1.46,-1.9,-2.53,-0.8,-4.54,0.04,0.009,-0.02,0.9531,1
29.95,TRAIN_M06_THAR_FAULT04_OIL_PRESS,TRAIN,THAR_DESERT,CRUISE_LOITER,5316.3,2187.8,69.6,151.66,151.65,151.66,151.66,795.61,794.84,795.38,795.26,1.52,114.27,13.73,3.0,72.51,0.755,14.04,3.24,LANE_A,3581.0,43.8,87.7,0.15,4,0.8,22.66,20.15,23.16,20.66,3.47,-2.3,1.24,-1.88,-2.6,-0.73,-4.59,0.12,0.009,-0.06,0.9564,1
30.0,TRAIN_M06_THAR_FAULT04_OIL_PRESS,TRAIN,THAR_DESERT,CRUISE_LOITER,5316.2,2187.7,69.6,151.66,151.64,151.65,151.65,796.19,794.96,795.07,795.1,1.56,114.21,13.81,3.0,72.54,0.728,14.05,3.15,LANE_A,3581.0,43.8,87.7,0.15,4,0.8,22.66,20.14,23.15,20.65,4.05,-2.18,0.93,-2.04,-2.56,-0.79,-4.51,0.15,-0.018,-0.05,0.9545,1
30.05,TRAIN_M06_THAR_FAULT04_OIL_PRESS,TRAIN,THAR_DESERT,CRUISE_LOITER,5318.6,2188.7,69.6,151.66,151.63,151.65,151.64,795.99,795.19,795.14,794.83,1.59,114.24,13.82,3.0,72.58,0.753,14.08,3.2,LANE_A,3581.0,43.8,87.8,0.15,4,0.8,22.66,20.13,23.15,20.64,3.85,-1.95,1.0,-2.31,-2.53,-0.76,-4.51,0.19,0.007,-0.02,0.9531,1
30.1,TRAIN_M06_THAR_FAULT04_OIL_PRESS,TRAIN,THAR_DESERT,CRUISE_LOITER,5320.8,2189.6,69.6,151.65,151.63,151.64,151.64,796.03,794.57,795.28,794.83,1.57,114.22,13.87,3.0,72.54,0.738,14.09,2.92,LANE_A,3580.0,43.8,87.8,0.15,4,0.8,22.65,20.13,23.14,20.64,3.89,-2.57,1.14,-2.31,-2.55,-0.78,-4.47,0.15,-0.008,-0.01,0.954,1
30.15,TRAIN_M06_THAR_FAULT04_OIL_PRESS,TRAIN,THAR_DESERT,CRUISE_LOITER,5321.6,2190.0,69.6,151.65,151.62,151.64,151.64,795.78,794.87,795.43,794.99,1.53,114.4,13.8,3.0,72.51,0.753,14.08,3.15,LANE_A,3580.0,43.8,87.8,0.15,4,0.8,22.65,20.12,23.14,20.64,3.64,-2.27,1.29,-2.15,-2.59,-0.6,-4.54,0.12,0.007,-0.02,0.956,1
30.2,TRAIN_M06_THAR_FAULT04_OIL_PRESS,TRAIN,THAR_DESERT,CRUISE_LOITER,5333.4,2194.8,69.6,151.64,151.62,151.64,151.63,795.5,794.52,795.14,795.45,1.58,114.34,13.78,3.0,72.43,0.745,14.05,3.22,LANE_A,3580.0,43.8,87.8,0.15,4,0.8,22.64,20.12,23.14,20.63,3.36,-2.62,1.0,-1.69,-2.55,-0.66,-4.6,0.04,-0.003,-0.05,0.9541,1
30.25,TRAIN_M06_THAR_FAULT04_OIL_PRESS,TRAIN,THAR_DESERT,CRUISE_LOITER,5328.6,2192.8,69.6,151.65,151.61,151.64,151.63,795.34,794.96,795.02,795.54,1.59,114.35,13.8,3.0,72.48,0.724,14.04,2.96,LANE_A,3579.0,43.8,87.8,0.15,4,0.8,22.65,20.11,23.14,20.63,3.2,-2.18,0.88,-1.6,-2.54,-0.65,-4.56,0.08,-0.024,-0.06,0.9536,1
30.3,TRAIN_M06_THAR_FAULT04_OIL_PRESS,TRAIN,THAR_DESERT,CRUISE_LOITER,5323.1,2190.6,69.6,151.64,151.61,151.64,151.62,795.34,794.87,794.69,795.55,1.58,114.35,13.69,3.0,72.51,0.732,14.03,3.05,LANE_A,3579.0,43.8,87.8,0.15,4,0.8,22.64,20.11,23.14,20.62,3.2,-2.27,0.55,-1.59,-2.54,-0.65,-4.65,0.11,-0.015,-0.07,0.9536,1
30.35,TRAIN_M06_THAR_FAULT04_OIL_PRESS,TRAIN,THAR_DESERT,CRUISE_LOITER,5326.9,2192.1,69.6,151.63,151.6,151.64,151.62,795.24,795.15,795.06,795.41,1.55,114.38,13.67,3.0,72.48,0.791,14.05,3.17,LANE_A,3579.0,43.8,87.8,0.15,4,0.8,22.63,20.1,23.14,20.62,3.1,-1.99,0.92,-1.73,-2.58,-0.62,-4.69,0.08,0.044,-0.05,0.9555,1
30.4,TRAIN_M06_THAR_FAULT04_OIL_PRESS,TRAIN,THAR_DESERT,CRUISE_LOITER,5323.1,2190.6,69.6,151.63,151.59,151.63,151.61,795.4,795.44,795.14,795.51,1.57,114.34,13.71,3.0,72.44,0.725,14.06,3.16,LANE_A,3578.0,43.8,87.8,0.15,4,0.8,22.63,20.09,23.13,20.61,3.26,-1.7,1.0,-1.63,-2.55,-0.66,-4.63,0.04,-0.022,-0.04,0.9541,1
30.45,TRAIN_M06_THAR_FAULT04_OIL_PRESS,TRAIN,THAR_DESERT,CRUISE_LOITER,5330.7,2193.7,69.5,151.62,151.59,151.63,151.61,795.33,795.34,795.17,795.59,1.58,114.3,13.8,3.0,72.38,0.779,14.07,3.16,LANE_A,3578.0,43.8,87.8,0.15,4,0.8,22.62,20.09,23.13,20.61,3.12,-1.87,0.96,-1.62,-2.55,-0.7,-4.57,0.03,0.031,-0.03,0.954,1
30.5,TRAIN_M06_THAR_FAULT04_OIL_PRESS,TRAIN,THAR_DESERT,CRUISE_LOITER,5323.5,2190.7,69.5,151.62,151.58,151.63,151.6,795.67,795.21,795.61,795.32,1.52,114.48,13.81,3.0,72.39,0.761,14.06,3.16,LANE_A,3577.0,43.8,87.8,0.15,4,0.8,22.62,20.08,23.13,20.6,3.46,-2.0,1.4,-1.89,-2.6,-0.52,-4.53,0.03,0.014,-0.04,0.9564,1
30.55,TRAIN_M06_THAR_FAULT04_OIL_PRESS,TRAIN,THAR_DESERT,CRUISE_LOITER,5335.3,2195.6,69.5,151.61,151.57,151.63,151.6,795.96,794.81,795.63,795.78,1.55,114.51,13.8,3.0,72.4,0.764,14.11,3.27,LANE_A,3577.0,43.8,87.8,0.15,4,0.8,22.61,20.07,23.13,20.6,3.75,-2.4,1.42,-1.43,-2.58,-0.49,-4.58,0.04,0.015,0.01,0.9555,1
30.6,TRAIN_M06_THAR_FAULT04_OIL_PRESS,TRAIN,THAR_DESERT,CRUISE_LOITER,5330.0,2193.4,69.5,151.61,151.57,151.62,151.6,795.83,794.62,795.76,795.67,1.55,114.56,13.8,3.0,72.28,0.764,14.06,3.24,LANE_A,3577.0,43.8,87.9,0.15,4,0.8,22.61,20.07,23.12,20.6,3.62,-2.59,1.55,-1.54,-2.58,-0.44,-4.56,-0.08,0.016,-0.04,0.9555,1
30.65,TRAIN_M06_THAR_FAULT04_OIL_PRESS,TRAIN,THAR_DESERT,CRUISE_LOITER,5327.0,2192.2,69.5,151.61,151.57,151.61,151.59,795.89,794.64,795.88,795.58,1.54,114.52,13.85,3.0,72.47,0.714,14.07,3.24,LANE_A,3576.0,43.8,87.9,0.15,4,0.8,22.61,20.07,23.11,20.59,3.68,-2.57,1.67,-1.63,-2.59,-0.48,-4.5,0.11,-0.033,-0.03,0.9559,1
30.7,TRAIN_M06_THAR_FAULT04_OIL_PRESS,TRAIN,THAR_DESERT,CRUISE_LOITER,5320.9,2189.7,69.5,151.61,151.57,151.62,151.58,795.43,795.16,795.8,795.6,1.57,114.61,13.91,3.0,72.63,0.756,14.07,3.32,LANE_A,3576.0,43.8,87.9,0.15,4,0.8,22.61,20.07,23.12,20.58,3.22,-2.05,1.59,-1.61,-2.55,-0.39,-4.42,0.27,0.01,-0.03,0.954,1
30.75,TRAIN_M06_THAR_FAULT04_OIL_PRESS,TRAIN,THAR_DESERT,CRUISE_LOITER,5319.7,2189.2,69.5,151.6,151.56,151.62,151.58,795.42,795.2,795.67,795.42,1.56,114.8,13.86,3.0,72.66,0.734,14.07,3.46,LANE_A,3576.0,43.8,87.9,0.15,4,0.8,22.6,20.06,23.12,20.58,3.21,-2.01,1.46,-1.79,-2.56,-0.2,-4.47,0.3,-0.012,-0.03,0.9545,1
30.8,TRAIN_M06_THAR_FAULT04_OIL_PRESS,TRAIN,THAR_DESERT,CRUISE_LOITER,5316.0,2187.7,69.5,151.6,151.56,151.61,151.58,795.42,795.12,796.0,795.44,1.55,114.85,13.82,3.0,72.64,0.743,14.07,3.24,LANE_A,3575.0,43.8,87.9,0.15,4,0.8,22.6,20.06,23.11,20.58,3.21,-2.09,1.79,-1.77,-2.57,-0.15,-4.5,0.28,-0.003,-0.03,0.955,1
30.85,TRAIN_M06_THAR_FAULT04_OIL_PRESS,TRAIN,THAR_DESERT,CRUISE_LOITER,5315.7,2187.5,69.5,151.59,151.56,151.61,151.58,795.78,794.78,795.93,795.45,1.56,114.84,13.79,3.0,72.61,0.704,14.06,3.27,LANE_A,3575.0,43.8,87.9,0.15,4,0.8,22.59,20.06,23.11,20.58,3.57,-2.43,1.72,-1.76,-2.56,-0.16,-4.53,0.25,-0.042,-0.04,0.9545,1
30.9,TRAIN_M06_THAR_FAULT04_OIL_PRESS,TRAIN,THAR_DESERT,CRUISE_LOITER,5309.4,2184.9,69.5,151.58,151.55,151.61,151.58,795.57,794.84,796.29,795.24,1.53,114.91,13.89,3.0,72.53,0.747,14.04,3.24,LANE_A,3574.0,43.8,87.9,0.15,4,0.8,22.58,20.05,23.11,20.58,3.36,-2.37,2.08,-1.97,-2.59,-0.09,-4.41,0.17,0.002,-0.06,0.9559,1
30.95,TRAIN_M06_THAR_FAULT04_OIL_PRESS,TRAIN,THAR_DESERT,CRUISE_LOITER,5308.6,2184.6,69.5,151.58,151.55,151.6,151.57,795.6,794.86,796.14,795.62,1.54,114.97,13.9,3.0,72.48,0.709,14.05,3.09,LANE_A,3574.0,43.8,87.9,0.15,4,0.8,22.58,20.05,23.1,20.57,3.39,-2.35,1.93,-1.59,-2.58,-0.03,-4.39,0.12,-0.036,-0.05,0.9554,1
31.0,TRAIN_M06_THAR_FAULT04_OIL_PRESS,TRAIN,THAR_DESERT,CRUISE_LOITER,5304.6,2183.0,69.5,151.58,151.55,151.6,151.57,795.59,794.75,796.27,795.7,1.54,115.0,13.81,3.0,72.41,0.721,14.06,3.22,LANE_A,3574.0,43.8,87.9,0.15,4,0.8,22.58,20.05,23.1,20.57,3.38,-2.46,2.06,-1.51,-2.58,0.0,-4.47,0.05,-0.023,-0.04,0.9554,1
31.05,TRAIN_M06_THAR_FAULT04_OIL_PRESS,TRAIN,THAR_DESERT,CRUISE_LOITER,5299.8,2181.0,69.5,151.57,151.54,151.59,151.57,795.46,794.87,796.21,795.34,1.54,115.0,13.81,3.0,72.42,0.734,14.06,3.22,LANE_A,3573.0,43.8,87.9,0.15,4,0.8,22.57,20.04,23.09,20.57,3.25,-2.34,2.0,-1.87,-2.57,0.0,-4.45,0.05,-0.009,-0.04,0.9549,1
31.1,TRAIN_M06_THAR_FAULT04_OIL_PRESS,TRAIN,THAR_DESERT,CRUISE_LOITER,5305.8,2183.4,69.5,151.57,151.54,151.58,151.57,795.7,795.09,795.63,795.2,1.61,115.06,13.75,3.0,72.37,0.76,14.1,3.11,LANE_A,3573.0,43.8,87.9,0.15,4,0.8,22.57,20.04,23.08,20.57,3.49,-2.12,1.42,-2.01,-2.51,0.06,-4.53,0.0,0.016,0.0,0.952,1
31.15,TRAIN_M06_THAR_FAULT04_OIL_PRESS,TRAIN,THAR_DESERT,CRUISE_LOITER,5300.6,2181.3,69.5,151.56,151.53,151.57,151.56,795.25,795.26,795.32,795.14,1.56,115.13,13.81,3.0,72.44,0.804,14.08,3.4,LANE_A,3573.0,43.8,88.0,0.15,4,0.8,22.56,20.03,23.07,20.56,3.04,-1.95,1.11,-2.07,-2.55,0.13,-4.46,0.07,0.061,-0.02,0.954,1
31.2,TRAIN_M06_THAR_FAULT04_OIL_PRESS,TRAIN,THAR_DESERT,CRUISE_LOITER,5299.2,2180.7,69.5,151.56,151.53,151.57,151.56,795.28,795.45,795.06,795.37,1.53,115.35,13.75,3.0,72.5,0.766,14.07,2.97,LANE_A,3572.0,43.9,88.0,0.15,4,0.8,22.56,20.03,23.07,20.56,3.06,-1.77,0.84,-1.85,-2.58,0.35,-4.51,0.13,0.023,-0.03,0.9554,1
31.25,TRAIN_M06_THAR_FAULT04_OIL_PRESS,TRAIN,THAR_DESERT,CRUISE_LOITER,5289.4,2176.7,69.5,151.55,151.52,151.56,151.56,795.27,795.52,794.89,795.54,1.51,115.44,13.74,3.0,72.28,0.708,14.05,3.17,LANE_A,3572.0,43.9,88.0,0.15,4,0.8,22.55,20.02,23.06,20.56,3.05,-1.7,0.67,-1.68,-2.6,0.44,-4.48,-0.09,-0.034,-0.05,0.9563,1
31.3,TRAIN_M06_THAR_FAULT04_OIL_PRESS,TRAIN,THAR_DESERT,CRUISE_LOITER,5299.4,2180.8,69.5,151.55,151.52,151.55,151.55,795.37,795.55,794.68,795.4,1.51,115.54,13.8,3.0,72.43,0.767,14.05,3.35,LANE_A,3571.0,43.9,88.0,0.15,4,0.8,22.55,20.02,23.05,20.55,3.15,-1.67,0.46,-1.82,-2.6,0.54,-4.46,0.06,0.024,-0.05,0.9563,1
31.35,TRAIN_M06_THAR_FAULT04_OIL_PRESS,TRAIN,THAR_DESERT,CRUISE_LOITER,5308.1,2184.4,69.5,151.55,151.52,151.54,151.55,795.76,795.26,794.55,795.22,1.54,115.5,13.79,3.0,72.44,0.742,14.05,3.35,LANE_A,3571.0,43.9,88.0,0.15,4,0.8,22.55,20.02,23.04,20.55,3.54,-1.96,0.33,-2.0,-2.58,0.5,-4.5,0.07,-0.002,-0.05,0.9554,1
31.4,TRAIN_M06_THAR_FAULT04_OIL_PRESS,TRAIN,THAR_DESERT,CRUISE_LOITER,5311.6,2185.8,69.5,151.55,151.52,151.54,151.55,796.02,795.0,794.32,795.2,1.49,115.42,13.91,3.0,72.47,0.767,14.06,3.4,LANE_A,3571.0,43.9,88.0,0.15,4,0.8,22.55,20.02,23.04,20.55,3.8,-2.22,0.1,-2.02,-2.63,0.42,-4.39,0.1,0.022,-0.04,0.9577,1
31.45,TRAIN_M06_THAR_FAULT04_OIL_PRESS,TRAIN,THAR_DESERT,CRUISE_LOITER,5309.6,2185.0,69.5,151.54,151.51,151.54,151.54,795.98,794.99,794.27,795.26,1.52,115.42,13.94,3.0,72.47,0.721,14.07,3.21,LANE_A,3570.0,43.9,88.0,0.15,4,0.8,22.54,20.01,23.04,20.54,3.76,-2.23,0.05,-1.96,-2.6,0.42,-4.35,0.1,-0.024,-0.03,0.9563,1
31.5,TRAIN_M06_THAR_FAULT04_OIL_PRESS,TRAIN,THAR_DESERT,CRUISE_LOITER,5313.9,2186.8,69.5,151.54,151.5,151.54,151.54,795.85,794.65,794.35,795.36,1.56,115.47,13.86,3.0,72.54,0.737,14.08,3.31,LANE_A,3570.0,43.9,88.0,0.15,4,0.8,22.54,20.0,23.04,20.54,3.63,-2.57,0.13,-1.86,-2.56,0.47,-4.45,0.17,-0.008,-0.02,0.9544,1
31.55,TRAIN_M06_THAR_FAULT04_OIL_PRESS,TRAIN,THAR_DESERT,CRUISE_LOITER,5317.7,2188.3,69.5,151.54,151.5,151.54,151.53,795.89,794.83,794.41,795.13,1.54,115.45,13.83,3.0,72.36,0.644,14.05,3.29,LANE_A,3569.0,43.9,88.0,0.15,4,0.8,22.54,20.0,23.04,20.53,3.67,-2.39,0.19,-2.09,-2.58,0.45,-4.49,-0.02,-0.102,-0.05,0.9554,1
31.6,TRAIN_M06_THAR_FAULT04_OIL_PRESS,TRAIN,THAR_DESERT,CRUISE_LOITER,5322.9,2190.5,69.5,151.54,151.5,151.54,151.53,795.9,794.32,794.67,795.52,1.55,115.39,13.84,3.0,72.32,0.7,14.01,3.25,LANE_A,3569.0,43.9,88.0,0.15,4,0.8,22.54,20.0,23.04,20.53,3.68,-2.9,0.45,-1.7,-2.57,0.39,-4.5,-0.06,-0.047,-0.09,0.9549,1
31.65,TRAIN_M06_THAR_FAULT04_OIL_PRESS,TRAIN,THAR_DESERT,CRUISE_LOITER,5323.8,2190.8,69.5,151.53,151.5,151.53,151.53,795.81,794.77,794.7,795.13,1.56,115.3,13.79,3.0,72.37,0.763,14.07,3.19,LANE_A,3569.0,43.9,88.0,0.15,4,0.8,22.53,20.0,23.03,20.53,3.59,-2.45,0.48,-2.09,-2.56,0.3,-4.55,-0.01,0.016,-0.03,0.9544,1
31.7,TRAIN_M06_THAR_FAULT04_OIL_PRESS,TRAIN,THAR_DESERT,CRUISE_LOITER,5325.1,2191.4,69.5,151.53,151.49,151.53,151.52,795.54,794.63,794.8,795.21,1.57,115.38,13.8,3.0,72.37,0.781,14.05,3.23,LANE_A,3568.0,43.9,88.1,0.15,4,0.8,22.53,19.99,23.03,20.52,3.32,-2.59,0.58,-2.01,-2.55,0.38,-4.55,-0.01,0.034,-0.05,0.954,1
31.75,TRAIN_M06_THAR_FAULT04_OIL_PRESS,TRAIN,THAR_DESERT,CRUISE_LOITER,5332.0,2194.2,69.5,151.53,151.49,151.53,151.52,795.86,794.29,795.22,795.53,1.56,115.42,13.88,3.0,72.33,0.74,14.05,3.16,LANE_A,3568.0,43.9,88.1,0.15,4,0.8,22.53,19.99,23.03,20.52,3.64,-2.93,1.0,-1.69,-2.57,0.42,-4.49,-0.05,-0.008,-0.05,0.9549,1
31.8,TRAIN_M06_THAR_FAULT04_OIL_PRESS,TRAIN,THAR_DESERT,CRUISE_LOITER,5330.2,2193.5,69.5,151.53,151.49,151.53,151.52,795.82,794.62,795.18,795.32,1.54,115.49,13.84,3.0,72.25,0.676,14.07,3.1,LANE_A,3568.0,43.9,88.1,0.15,4,0.8,22.53,19.99,23.03,20.52,3.6,-2.6,0.96,-1.9,-2.59,0.49,-4.53,-0.13,-0.072,-0.03,0.9559,1
31.85,TRAIN_M06_THAR_FAULT04_OIL_PRESS,TRAIN,THAR_DESERT,CRUISE_LOITER,5319.0,2188.9,69.5,151.53,151.48,151.53,151.52,795.64,795.05,795.26,795.07,1.54,115.37,13.83,3.0,72.14,0.692,14.07,3.08,LANE_A,3567.0,43.9,88.1,0.15,4,0.8,22.53,19.98,23.03,20.52,3.42,-2.17,1.04,-2.15,-2.58,0.37,-4.5,-0.24,-0.054,-0.03,0.9554,1
31.9,TRAIN_M06_THAR_FAULT04_OIL_PRESS,TRAIN,THAR_DESERT,CRUISE_LOITER,5320.2,2189.4,69.5,151.53,151.48,151.53,151.52,795.52,795.03,795.5,795.41,1.53,115.27,13.89,3.0,72.27,0.798,14.08,3.33,LANE_A,3567.0,43.9,88.1,0.15,4,0.8,22.53,19.98,23.03,20.52,3.3,-2.19,1.28,-1.81,-2.59,0.27,-4.44,-0.11,0.052,-0.02,0.9558,1
31.95,TRAIN_M06_THAR_FAULT04_OIL_PRESS,TRAIN,THAR_DESERT,CRUISE_LOITER,5322.4,2190.3,69.5,151.53,151.48,151.53,151.51,795.36,795.28,795.59,795.34,1.55,115.22,13.92,3.0,72.29,0.739,14.07,3.38,LANE_A,3566.0,43.9,88.1,0.15,4,0.8,22.53,19.98,23.03,20.51,3.14,-1.94,1.37,-1.88,-2.57,0.22,-4.42,-0.09,-0.008,-0.03,0.9549,1
32.0,TRAIN_M06_THAR_FAULT04_OIL_PRESS,TRAIN,THAR_DESERT,CRUISE_LOITER,5316.7,2187.9,69.5,151.53,151.48,151.53,151.51,795.48,795.55,795.09,795.01,1.54,115.25,13.88,3.0,72.44,0.793,14.06,3.31,LANE_A,3566.0,43.9,88.1,0.15,4,0.8,22.53,19.98,23.03,20.51,3.26,-1.67,0.87,-2.21,-2.58,0.25,-4.44,0.06,0.047,-0.04,0.9554,1
32.05,TRAIN_M06_THAR_FAULT04_OIL_PRESS,TRAIN,THAR_DESERT,CRUISE_LOITER,5314.3,2187.0,69.5,151.53,151.48,151.52,151.51,795.52,795.26,795.23,795.23,1.52,115.33,13.92,3.0,72.45,0.757,14.09,3.38,LANE_A,3566.0,43.9,88.1,0.15,4,0.8,22.53,19.98,23.02,20.51,3.3,-1.96,1.01,-1.99,-2.6,0.33,-4.39,0.07,0.012,-0.01,0.9563,1
32.1,TRAIN_M06_THAR_FAULT04_OIL_PRESS,TRAIN,THAR_DESERT,CRUISE_LOITER,5312.2,2186.1,69.5,151.53,151.48,151.52,151.5,795.68,795.09,795.5,795.52,1.54,115.4,13.98,3.0,72.31,0.783,14.07,3.18,LANE_A,3565.0,43.9,88.1,0.15,4,0.8,22.53,19.98,23.02,20.5,3.46,-2.13,1.28,-1.7,-2.58,0.4,-4.33,-0.08,0.038,-0.03,0.9553,1
32.15,TRAIN_M06_THAR_FAULT04_OIL_PRESS,TRAIN,THAR_DESERT,CRUISE_LOITER,5304.4,2182.9,69.5,151.53,151.47,151.53,151.51,795.44,795.27,795.51,796.04,1.54,115.44,13.97,3.0,72.28,0.696,14.04,2.99,LANE_A,3565.0,43.9,88.1,0.15,4,0.8,22.53,19.97,23.03,20.51,3.22,-1.95,1.29,-1.18,-2.58,0.44,-4.31,-0.11,-0.048,-0.06,0.9553,1
32.2,TRAIN_M06_THAR_FAULT04_OIL_PRESS,TRAIN,THAR_DESERT,CRUISE_LOITER,5309.0,2184.8,69.5,151.53,151.47,151.52,151.5,795.55,795.55,795.49,796.08,1.57,115.47,13.89,3.0,72.27,0.772,14.08,3.04,LANE_A,3564.0,43.9,88.1,0.15,4,0.8,22.53,19.97,23.02,20.5,3.33,-1.67,1.27,-1.14,-2.55,0.47,-4.41,-0.12,0.027,-0.02,0.9539,1
32.25,TRAIN_M06_THAR_FAULT04_OIL_PRESS,TRAIN,THAR_DESERT,CRUISE_LOITER,5314.3,2187.0,69.5,151.53,151.47,151.52,151.5,795.5,795.44,795.69,795.8,1.56,115.57,14.0,3.0,72.34,0.739,14.05,3.22,LANE_A,3564.0,43.9,88.1,0.15,4,0.8,22.53,19.97,23.02,20.5,3.28,-1.78,1.47,-1.42,-2.56,0.57,-4.31,-0.05,-0.006,-0.05,0.9544,1
32.3,TRAIN_M06_THAR_FAULT04_OIL_PRESS,TRAIN,THAR_DESERT,CRUISE_LOITER,5309.4,2184.9,69.5,151.52,151.47,151.52,151.5,795.34,795.51,795.56,795.89,1.51,115.52,13.9,3.0,72.43,0.711,14.08,3.23,LANE_A,3563.0,43.9,88.2,0.15,4,0.8,22.52,19.97,23.02,20.5,3.12,-1.71,1.34,-1.33,-2.61,0.52,-4.4,0.04,-0.034,-0.02,0.9567,1
32.35,TRAIN_M06_THAR_FAULT04_OIL_PRESS,TRAIN,THAR_DESERT,CRUISE_LOITER,5302.5,2182.1,69.5,151.52,151.46,151.51,151.5,795.53,795.61,795.36,795.64,1.51,115.6,13.85,3.0,72.43,0.702,14.08,3.25,LANE_A,3563.0,43.9,88.2,0.15,4,0.8,22.52,19.96,23.01,20.5,3.31,-1.61,1.14,-1.58,-2.6,0.6,-4.42,0.04,-0.042,-0.02,0.9563,1
32.4,TRAIN_M06_THAR_FAULT04_OIL_PRESS,TRAIN,THAR_DESERT,CRUISE_LOITER,5303.8,2182.6,69.5,151.52,151.46,151.5,151.49,795.76,795.39,795.73,795.48,1.53,115.63,13.75,3.0,72.46,0.654,14.08,3.34,LANE_A,3563.0,43.9,88.2,0.15,4,0.8,22.52,19.96,23.0,20.49,3.54,-1.83,1.51,-1.74,-2.58,0.63,-4.53,0.07,-0.09,-0.02,0.9554,1
32.45,TRAIN_M06_THAR_FAULT04_OIL_PRESS,TRAIN,THAR_DESERT,CRUISE_LOITER,5311.8,2185.9,69.5,151.51,151.45,151.51,151.48,795.58,795.53,795.85,795.67,1.59,115.62,13.74,3.0,72.54,0.784,14.06,3.13,LANE_A,3562.0,43.9,88.2,0.15,4,0.8,22.51,19.95,23.01,20.48,3.36,-1.69,1.63,-1.55,-2.53,0.62,-4.57,0.15,0.039,-0.04,0.953,1
32.5,TRAIN_M06_THAR_FAULT04_OIL_PRESS,TRAIN,THAR_DESERT,CRUISE_LOITER,5319.9,2189.3,69.5,151.51,151.46,151.51,151.48,795.43,795.61,795.48,795.66,1.52,115.71,13.82,3.0,72.49,0.83,14.06,3.25,LANE_A,3562.0,43.9,88.2,0.15,4,0.8,22.51,19.96,23.01,20.48,3.21,-1.61,1.26,-1.56,-2.6,0.71,-4.51,0.1,0.084,-0.04,0.9563,1
32.55,TRAIN_M06_THAR_FAULT04_OIL_PRESS,TRAIN,THAR_DESERT,CRUISE_LOITER,5315.6,2187.5,69.5,151.51,151.45,151.51,151.47,795.42,795.77,794.99,795.56,1.5,115.74,13.86,3.0,72.54,0.739,14.05,3.08,LANE_A,3561.0,43.9,88.2,0.15,4,0.8,22.51,19.95,23.01,20.47,3.2,-1.45,0.77,-1.66,-2.62,0.74,-4.46,0.15,-0.007,-0.05,0.9572,1
32.6,TRAIN_M06_THAR_FAULT04_OIL_PRESS,TRAIN,THAR_DESERT,CRUISE_LOITER,5309.1,2184.8,69.5,151.51,151.45,151.5,151.47,795.17,795.46,794.68,795.22,1.54,115.81,13.81,3.0,72.4,0.701,14.05,3.22,LANE_A,3561.0,43.9,88.2,0.15,4,0.8,22.51,19.95,23.0,20.47,2.95,-1.76,0.46,-2.0,-2.58,0.81,-4.49,0.01,-0.044,-0.05,0.9554,1
32.65,TRAIN_M06_THAR_FAULT04_OIL_PRESS,TRAIN,THAR_DESERT,CRUISE_LOITER,5309.6,2185.0,69.5,151.5,151.45,151.5,151.47,795.19,795.46,794.54,795.02,1.52,115.99,13.81,3.0,72.34,0.737,14.06,2.94,LANE_A,3561.0,43.9,88.2,0.15,4,0.8,22.5,19.95,23.0,20.47,2.97,-1.76,0.32,-2.2,-2.6,0.99,-4.49,-0.05,-0.008,-0.04,0.9563,1
32.7,TRAIN_M06_THAR_FAULT04_OIL_PRESS,TRAIN,THAR_DESERT,CRUISE_LOITER,5305.1,2183.2,69.5,151.5,151.45,151.5,151.46,795.15,795.58,794.92,795.16,1.56,115.95,13.83,3.0,72.33,0.671,14.06,3.1,LANE_A,3560.0,43.9,88.2,0.15,4,0.8,22.5,19.95,23.0,20.46,2.93,-1.64,0.7,-2.06,-2.56,0.95,-4.45,-0.07,-0.073,-0.04,0.9544,1
32.75,TRAIN_M06_THAR_FAULT04_OIL_PRESS,TRAIN,THAR_DESERT,CRUISE_LOITER,5298.0,2180.3,69.5,151.49,151.44,151.5,151.45,795.28,795.59,794.67,795.28,1.51,116.07,13.87,3.0,72.38,0.774,14.06,3.54,LANE_A,3560.0,43.9,88.2,0.15,4,0.8,22.49,19.94,23.0,20.45,3.06,-1.63,0.45,-1.94,-2.6,1.07,-4.39,-0.02,0.031,-0.04,0.9563,1
32.8,TRAIN_M06_THAR_FAULT04_OIL_PRESS,TRAIN,THAR_DESERT,CRUISE_LOITER,5299.6,2180.9,69.5,151.48,151.44,151.5,151.45,795.53,795.62,794.93,795.31,1.5,116.12,13.8,3.0,72.38,0.708,14.07,3.18,LANE_A,3559.0,43.9,88.2,0.15,4,0.8,22.48,19.94,23.0,20.45,3.31,-1.6,0.71,-1.91,-2.61,1.12,-4.47,-0.02,-0.035,-0.03,0.9567,1
32.85,TRAIN_M06_THAR_FAULT04_OIL_PRESS,TRAIN,THAR_DESERT,CRUISE_LOITER,5299.7,2180.9,69.5,151.48,151.43,151.5,151.45,795.71,795.33,794.88,795.14,1.47,116.06,13.91,3.0,72.44,0.672,14.06,3.42,LANE_A,3559.0,43.9,88.3,0.15,4,0.8,22.48,19.93,23.0,20.45,3.49,-1.89,0.66,-2.08,-2.64,1.06,-4.36,0.04,-0.071,-0.04,0.9581,1
32.9,TRAIN_M06_THAR_FAULT04_OIL_PRESS,TRAIN,THAR_DESERT,CRUISE_LOITER,5303.8,2182.6,69.5,151.48,151.43,151.5,151.44,795.89,795.97,794.8,795.39,1.54,115.95,13.79,3.0,72.3,0.76,14.09,3.07,LANE_A,3559.0,43.9,88.3,0.15,4,0.8,22.48,19.93,23.0,20.44,3.67,-1.25,0.58,-1.83,-2.57,0.95,-4.49,-0.1,0.016,-0.01,0.9549,1
32.95,TRAIN_M06_THAR_FAULT04_OIL_PRESS,TRAIN,THAR_DESERT,CRUISE_LOITER,5305.2,2183.2,69.5,151.47,151.42,151.49,151.44,795.78,796.05,794.72,795.24,1.51,116.0,13.85,3.0,72.41,0.777,14.03,3.3,LANE_A,3558.0,43.9,88.3,0.15,4,0.8,22.47,19.92,22.99,20.44,3.56,-1.17,0.5,-1.98,-2.61,1.0,-4.44,0.01,0.033,-0.07,0.9567,1
33.0,TRAIN_M06_THAR_FAULT04_OIL_PRESS,TRAIN,THAR_DESERT,CRUISE_LOITER,5308.2,2184.5,69.5,151.47,151.42,151.48,151.43,795.92,795.79,794.61,795.52,1.46,115.99,13.78,3.0,72.39,0.746,14.07,3.34,LANE_A,3558.0,43.9,88.3,0.15,4,0.8,22.47,19.92,22.98,20.43,3.7,-1.43,0.39,-1.7,-2.66,0.99,-4.52,-0.01,0.002,-0.03,0.959,1
33.05,TRAIN_M06_THAR_FAULT04_OIL_PRESS,TRAIN,THAR_DESERT,CRUISE_LOITER,5308.8,2184.7,69.6,151.47,151.41,151.48,151.43,796.22,795.72,794.81,795.35,1.51,115.98,13.68,3.0,72.4,0.719,14.05,2.9,LANE_A,3557.0,43.9,88.3,0.15,4,0.8,22.47,19.91,22.98,20.43,4.06,-1.44,0.65,-1.81,-2.61,0.98,-4.62,-0.05,-0.026,-0.05,0.9568,1
33.1,TRAIN_M06_THAR_FAULT04_OIL_PRESS,TRAIN,THAR_DESERT,CRUISE_LOITER,5301.0,2181.5,69.6,151.46,151.41,151.47,151.42,795.75,795.93,794.55,795.05,1.49,116.08,13.82,3.0,72.43,0.669,14.04,3.14,LANE_A,3557.0,43.9,88.3,0.15,4,0.8,22.46,19.91,22.97,20.42,3.59,-1.23,0.39,-2.11,-2.62,1.08,-4.46,-0.02,-0.074,-0.06,0.9572,1
33.15,TRAIN_M06_THAR_FAULT04_OIL_PRESS,TRAIN,THAR_DESERT,CRUISE_LOITER,5308.0,2184.4,69.6,151.46,151.41,151.46,151.42,795.67,796.43,794.13,795.28,1.52,116.18,13.82,3.0,72.5,0.811,14.03,3.08,LANE_A,3556.0,43.9,88.3,0.15,4,0.8,22.46,19.91,22.96,20.42,3.51,-0.73,-0.03,-1.88,-2.6,1.18,-4.48,0.05,0.067,-0.07,0.9563,1
33.2,TRAIN_M06_THAR_FAULT04_OIL_PRESS,TRAIN,THAR_DESERT,CRUISE_LOITER,5307.1,2184.0,69.6,151.46,151.41,151.46,151.42,795.73,796.05,793.97,795.07,1.52,116.22,13.87,3.0,72.52,0.784,14.08,3.14,LANE_A,3556.0,43.9,88.3,0.15,4,0.8,22.46,19.91,22.96,20.42,3.57,-1.11,-0.19,-2.09,-2.6,1.22,-4.43,0.07,0.04,-0.02,0.9563,1
33.25,TRAIN_M06_THAR_FAULT04_OIL_PRESS,TRAIN,THAR_DESERT,CRUISE_LOITER,5305.2,2183.2,69.6,151.45,151.4,151.46,151.42,795.08,795.9,793.85,794.95,1.46,116.22,13.8,3.0,72.47,0.748,14.05,2.98,LANE_A,3556.0,43.9,88.3,0.15,4,0.8,22.45,19.9,22.96,20.42,2.92,-1.26,-0.31,-2.21,-2.66,1.22,-4.49,0.02,0.004,-0.05,0.959,1
33.3,TRAIN_M06_THAR_FAULT04_OIL_PRESS,TRAIN,THAR_DESERT,CRUISE_LOITER,5305.0,2183.1,69.6,151.45,151.4,151.45,151.41,794.88,795.87,793.99,794.97,1.52,116.34,13.76,3.0,72.35,0.751,14.03,2.96,LANE_A,3555.0,43.9,88.3,0.15,4,0.8,22.45,19.9,22.95,20.41,2.72,-1.29,-0.17,-2.19,-2.6,1.34,-4.53,-0.1,0.007,-0.07,0.9563,1
33.35,TRAIN_M06_THAR_FAULT04_OIL_PRESS,TRAIN,THAR_DESERT,CRUISE_LOITER,5315.3,2187.3,69.6,151.45,151.39,151.45,151.41,794.73,795.41,794.06,795.16,1.53,116.44,13.78,3.0,72.36,0.704,14.07,3.2,LANE_A,3555.0,43.9,88.3,0.15,4,0.8,22.45,19.89,22.95,20.41,2.57,-1.75,-0.1,-2.0,-2.59,1.44,-4.55,-0.09,-0.042,-0.03,0.9558,1
33.4,TRAIN_M06_THAR_FAULT04_OIL_PRESS,TRAIN,THAR_DESERT,CRUISE_LOITER,5320.2,2189.4,69.6,151.45,151.39,151.44,151.4,794.9,795.54,794.39,795.11,1.52,116.33,13.68,3.0,72.38,0.79,14.07,3.08,LANE_A,3554.0,44.0,88.4,0.15,4,0.8,22.45,19.89,22.94,20.4,2.73,-1.63,0.22,-2.06,-2.6,1.33,-4.66,-0.08,0.044,-0.03,0.9563,1
33.45,TRAIN_M06_THAR_FAULT04_OIL_PRESS,TRAIN,THAR_DESERT,CRUISE_LOITER,5325.9,2191.7,69.6,151.44,151.39,151.45,151.4,794.77,795.66,794.5,794.94,1.49,116.27,13.83,3.0,72.46,0.704,14.1,3.24,LANE_A,3554.0,44.0,88.4,0.15,4,0.8,22.44,19.89,22.95,20.4,2.6,-1.51,0.33,-2.23,-2.63,1.27,-4.53,0.0,-0.043,0.0,0.9576,1
33.5,TRAIN_M06_THAR_FAULT04_OIL_PRESS,TRAIN,THAR_DESERT,CRUISE_LOITER,5328.3,2192.7,69.6,151.44,151.38,151.45,151.4,795.11,795.41,794.53,794.88,1.51,116.25,13.95,3.0,72.5,0.712,14.06,3.34,LANE_A,3553.0,44.0,88.4,0.15,4,0.8,22.44,19.88,22.95,20.4,2.94,-1.76,0.36,-2.29,-2.62,1.25,-4.42,0.04,-0.035,-0.04,0.9572,1
33.55,TRAIN_M06_THAR_FAULT04_OIL_PRESS,TRAIN,THAR_DESERT,CRUISE_LOITER,5314.0,2186.8,69.6,151.44,151.38,151.45,151.4,794.79,795.6,794.65,794.41,1.51,116.25,13.96,3.0,72.54,0.688,14.08,2.99,LANE_A,3553.0,44.0,88.4,0.15,4,0.8,22.44,19.88,22.95,20.4,2.62,-1.57,0.48,-2.76,-2.61,1.25,-4.36,0.08,-0.057,-0.02,0.9567,1
33.6,TRAIN_M06_THAR_FAULT04_OIL_PRESS,TRAIN,THAR_DESERT,CRUISE_LOITER,5309.7,2185.1,69.6,151.43,151.38,151.44,151.4,795.03,796.04,794.72,794.27,1.52,116.24,13.9,3.0,72.46,0.779,14.07,3.39,LANE_A,3553.0,44.0,88.4,0.15,4,0.8,22.43,19.88,22.94,20.4,2.86,-1.13,0.55,-2.9,-2.6,1.24,-4.4,0.0,0.034,-0.03,0.9562,1
33.65,TRAIN_M06_THAR_FAULT04_OIL_PRESS,TRAIN,THAR_DESERT,CRUISE_LOITER,5306.4,2183.7,69.6,151.43,151.38,151.44,151.4,794.82,795.43,794.64,794.25,1.5,116.36,13.84,3.0,72.44,0.763,14.06,3.27,LANE_A,3552.0,44.0,88.4,0.15,4,0.8,22.43,19.88,22.94,20.4,2.65,-1.74,0.47,-2.92,-2.62,1.36,-4.45,-0.02,0.019,-0.04,0.9572,1
33.7,TRAIN_M06_THAR_FAULT04_OIL_PRESS,TRAIN,THAR_DESERT,CRUISE_LOITER,5307.7,2184.2,69.6,151.42,151.38,151.43,151.39,794.99,795.49,794.94,794.36,1.48,116.31,13.81,3.0,72.44,0.739,14.06,3.03,LANE_A,3552.0,44.0,88.4,0.15,4,0.8,22.42,19.88,22.93,20.39,2.82,-1.68,0.77,-2.81,-2.64,1.31,-4.49,-0.02,-0.005,-0.04,0.9581,1
33.75,TRAIN_M06_THAR_FAULT04_OIL_PRESS,TRAIN,THAR_DESERT,CRUISE_LOITER,5312.9,2186.4,69.6,151.42,151.37,151.43,151.39,795.04,795.53,795.1,794.46,1.47,116.36,13.88,3.0,72.55,0.731,14.07,3.22,LANE_A,3551.0,44.0,88.4,0.15,4,0.8,22.42,19.87,22.93,20.39,2.87,-1.64,0.93,-2.71,-2.65,1.36,-4.44,0.09,-0.014,-0.03,0.9585,1
33.8,TRAIN_M06_THAR_FAULT04_OIL_PRESS,TRAIN,THAR_DESERT,CRUISE_LOITER,5316.0,2187.7,69.6,151.41,151.37,151.43,151.39,795.1,795.6,794.8,794.69,1.55,116.45,13.79,3.0,72.48,0.721,14.07,3.18,LANE_A,3551.0,44.0,88.4,0.15,4,0.8,22.41,19.87,22.93,20.39,2.93,-1.57,0.63,-2.48,-2.57,1.45,-4.54,0.02,-0.025,-0.03,0.9548,1
33.85,TRAIN_M06_THAR_FAULT04_OIL_PRESS,TRAIN,THAR_DESERT,CRUISE_LOITER,5313.0,2186.4,69.6,151.41,151.37,151.43,151.38,794.93,795.19,795.13,794.89,1.53,116.35,13.8,3.0,72.52,0.781,14.07,3.29,LANE_A,3550.0,44.0,88.4,0.15,4,0.8,22.41,19.87,22.93,20.38,2.76,-1.98,0.96,-2.28,-2.59,1.35,-4.52,0.05,0.036,-0.03,0.9558,1
33.9,TRAIN_M06_THAR_FAULT04_OIL_PRESS,TRAIN,THAR_DESERT,CRUISE_LOITER,5314.4,2187.0,69.6,151.41,151.37,151.43,151.38,795.18,795.13,795.27,794.9,1.5,116.36,13.8,3.0,72.48,0.779,14.09,3.21,LANE_A,3550.0,44.0,88.4,0.15,4,0.8,22.41,19.87,22.93,20.38,3.01,-2.04,1.1,-2.27,-2.62,1.36,-4.52,0.01,0.034,-0.01,0.9572,1
33.95,TRAIN_M06_THAR_FAULT04_OIL_PRESS,TRAIN,THAR_DESERT,CRUISE_LOITER,5314.5,2187.0,69.6,151.4,151.37,151.42,151.38,795.44,794.85,795.74,794.95,1.52,116.23,13.74,3.0,72.53,0.683,14.06,3.07,LANE_A,3550.0,44.0,88.4,0.15,4,0.8,22.4,19.87,22.92,20.38,3.27,-2.32,1.57,-2.22,-2.6,1.23,-4.58,0.06,-0.062,-0.04,0.9563,1
34.0,TRAIN_M06_THAR_FAULT04_OIL_PRESS,TRAIN,THAR_DESERT,CRUISE_LOITER,5312.9,2186.4,69.6,151.4,151.36,151.41,151.37,795.46,794.71,795.62,795.17,1.56,116.19,13.76,3.0,72.43,0.753,14.07,3.43,LANE_A,3549.0,44.0,88.5,0.15,4,0.8,22.4,19.86,22.91,20.37,3.29,-2.46,1.45,-2.0,-2.56,1.19,-4.56,-0.04,0.008,-0.03,0.9544,1
34.05,TRAIN_M06_THAR_FAULT04_OIL_PRESS,TRAIN,THAR_DESERT,CRUISE_LOITER,5313.2,2186.5,69.7,151.39,151.36,151.4,151.37,795.63,794.87,795.54,794.91,1.54,116.22,13.71,3.0,72.52,0.7,14.1,3.21,LANE_A,3549.0,44.0,88.5,0.15,4,0.8,22.39,19.86,22.9,20.37,3.52,-2.24,1.43,-2.2,-2.58,1.22,-4.61,0.0,-0.045,0.0,0.9553,1
34.1,TRAIN_M06_THAR_FAULT04_OIL_PRESS,TRAIN,THAR_DESERT,CRUISE_LOITER,5315.9,2187.6,69.7,151.38,151.36,151.4,151.36,795.47,794.85,795.36,794.87,1.54,116.18,13.63,3.0,72.54,0.763,14.04,3.16,LANE_A,3548.0,44.0,88.5,0.15,4,0.8,22.38,19.86,22.9,20.36,3.36,-2.26,1.25,-2.24,-2.58,1.18,-4.7,0.02,0.017,-0.06,0.9553,1
34.15,TRAIN_M06_THAR_FAULT04_OIL_PRESS,TRAIN,THAR_DESERT,CRUISE_LOITER,5318.0,2188.5,69.7,151.38,151.36,151.39,151.36,795.4,794.85,795.16,794.67,1.5,116.07,13.77,3.0,72.34,0.726,14.06,2.88,LANE_A,3548.0,44.0,88.5,0.15,4,0.8,22.38,19.86,22.89,20.36,3.29,-2.26,1.05,-2.44,-2.62,1.07,-4.57,-0.18,-0.02,-0.04,0.9572,1
34.2,TRAIN_M06_THAR_FAULT04_OIL_PRESS,TRAIN,THAR_DESERT,CRUISE_LOITER,5319.1,2188.9,69.7,151.38,151.35,151.39,151.36,795.34,794.97,795.38,794.77,1.5,116.1,13.8,3.0,72.33,0.783,14.08,3.17,LANE_A,3547.0,44.0,88.5,0.15,4,0.8,22.38,19.85,22.89,20.36,3.23,-2.14,1.27,-2.34,-2.62,1.1,-4.54,-0.19,0.037,-0.02,0.9572,1
34.25,TRAIN_M06_THAR_FAULT04_OIL_PRESS,TRAIN,THAR_DESERT,CRUISE_LOITER,5322.0,2190.1,69.7,151.37,151.35,151.38,151.35,795.32,795.09,794.71,794.69,1.53,116.13,13.73,3.0,72.31,0.791,14.06,2.98,LANE_A,3547.0,44.0,88.5,0.15,4,0.8,22.37,19.85,22.88,20.35,3.21,-2.02,0.6,-2.42,-2.59,1.13,-4.62,-0.21,0.044,-0.04,0.9558,1
34.3,TRAIN_M06_THAR_FAULT04_OIL_PRESS,TRAIN,THAR_DESERT,CRUISE_LOITER,5315.3,2187.4,69.7,151.37,151.35,151.38,151.35,795.49,794.99,794.85,794.72,1.52,116.12,13.81,3.0,72.33,0.747,14.07,3.27,LANE_A,3546.0,44.0,88.5,0.15,4,0.8,22.37,19.85,22.88,20.35,3.38,-2.12,0.74,-2.39,-2.6,1.12,-4.52,-0.19,0.001,-0.03,0.9562,1
34.35,TRAIN_M06_THAR_FAULT04_OIL_PRESS,TRAIN,THAR_DESERT,CRUISE_LOITER,5312.6,2186.2,69.7,151.36,151.34,151.38,151.35,795.73,795.16,795.18,794.64,1.56,116.16,13.78,3.0,72.32,0.762,14.08,3.45,LANE_A,3546.0,44.0,88.5,0.15,4,0.8,22.36,19.84,22.88,20.35,3.62,-1.95,1.07,-2.47,-2.56,1.16,-4.54,-0.2,0.017,-0.02,0.9543,1
34.4,TRAIN_M06_THAR_FAULT04_OIL_PRESS,TRAIN,THAR_DESERT,CRUISE_LOITER,5305.5,2183.3,69.7,151.36,151.34,151.38,151.34,795.55,795.44,794.97,794.48,1.51,116.05,13.76,3.0,72.36,0.729,14.06,3.18,LANE_A,3546.0,44.0,88.5,0.15,4,0.8,22.36,19.84,22.88,20.34,3.44,-1.67,0.86,-2.63,-2.61,1.05,-4.54,-0.16,-0.015,-0.04,0.9567,1
34.45,TRAIN_M06_THAR_FAULT04_OIL_PRESS,TRAIN,THAR_DESERT,CRUISE_LOITER,5307.8,2184.3,69.7,151.35,151.33,151.37,151.34,795.72,795.13,794.99,794.35,1.54,116.08,13.71,3.0,72.38,0.729,14.07,3.22,LANE_A,3545.0,44.0,88.5,0.15,4,0.8,22.35,19.83,22.87,20.34,3.61,-1.98,0.88,-2.76,-2.58,1.08,-4.6,-0.14,-0.015,-0.03,0.9553,1
34.5,TRAIN_M06_THAR_FAULT04_OIL_PRESS,TRAIN,THAR_DESERT,CRUISE_LOITER,5311.0,2185.6,69.7,151.35,151.33,151.37,151.34,795.66,795.23,794.72,794.4,1.54,116.11,13.77,3.0,72.49,0.759,14.04,3.4,LANE_A,3545.0,44.0,88.5,0.15,4,0.8,22.35,19.83,22.87,20.34,3.55,-1.88,0.61,-2.71,-2.58,1.11,-4.55,-0.03,0.014,-0.06,0.9553,1
34.55,TRAIN_M06_THAR_FAULT04_OIL_PRESS,TRAIN,THAR_DESERT,CRUISE_LOITER,5316.8,2188.0,69.7,151.34,151.32,151.36,151.34,795.66,795.01,794.5,794.54,1.5,116.23,13.84,3.0,72.55,0.759,14.05,3.11,LANE_A,3544.0,44.0,88.5,0.15,4,0.8,22.34,19.82,22.86,20.34,3.55,-2.1,0.39,-2.57,-2.62,1.23,-4.5,0.02,0.013,-0.05,0.9571,1
34.6,TRAIN_M06_THAR_FAULT04_OIL_PRESS,TRAIN,THAR_DESERT,CRUISE_LOITER,5313.3,2186.5,69.7,151.34,151.32,151.36,151.34,795.35,794.97,794.64,794.9,1.55,116.24,13.83,3.0,72.39,0.723,14.06,3.26,LANE_A,3544.0,44.0,88.6,0.15,4,0.8,22.34,19.82,22.86,20.34,3.24,-2.14,0.53,-2.21,-2.57,1.24,-4.5,-0.14,-0.022,-0.04,0.9548,1
34.65,TRAIN_M06_THAR_FAULT04_OIL_PRESS,TRAIN,THAR_DESERT,CRUISE_LOITER,5314.8,2187.2,69.7,151.34,151.32,151.36,151.33,795.73,794.75,795.2,794.97,1.5,116.15,13.88,3.0,72.49,0.791,14.08,3.51,LANE_A,3543.0,44.0,88.6,0.15,4,0.8,22.34,19.82,22.86,20.33,3.62,-2.36,1.09,-2.14,-2.62,1.15,-4.45,-0.04,0.046,-0.02,0.9571,1
34.7,TRAIN_M06_THAR_FAULT04_OIL_PRESS,TRAIN,THAR_DESERT,CRUISE_LOITER,5309.6,2185.0,69.7,151.34,151.32,151.36,151.33,795.88,794.78,795.26,794.75,1.52,116.27,13.87,3.0,72.45,0.723,14.06,3.34,LANE_A,3543.0,44.0,88.6,0.15,4,0.8,22.34,19.82,22.86,20.33,3.77,-2.33,1.15,-2.36,-2.6,1.27,-4.44,-0.08,-0.022,-0.04,0.9562,1
34.75,TRAIN_M06_THAR_FAULT04_OIL_PRESS,TRAIN,THAR_DESERT,CRUISE_LOITER,5311.4,2185.7,69.8,151.33,151.31,151.35,151.33,795.88,794.9,794.91,795.09,1.52,116.23,13.81,3.0,72.62,0.784,14.07,3.49,LANE_A,3542.0,44.0,88.6,0.15,4,0.8,22.33,19.81,22.85,20.33,3.84,-2.14,0.87,-1.95,-2.6,1.23,-4.52,0.04,0.039,-0.03,0.9562,1
34.8,TRAIN_M06_THAR_FAULT04_OIL_PRESS,TRAIN,THAR_DESERT,CRUISE_LOITER,5310.3,2185.3,69.8,151.32,151.31,151.35,151.33,795.73,794.88,794.71,794.85,1.52,116.34,13.73,3.0,72.71,0.819,14.09,3.15,LANE_A,3542.0,44.0,88.6,0.15,4,0.8,22.32,19.81,22.85,20.33,3.69,-2.16,0.67,-2.19,-2.6,1.34,-4.59,0.13,0.074,-0.01,0.9562,1
34.85,TRAIN_M06_THAR_FAULT04_OIL_PRESS,TRAIN,THAR_DESERT,CRUISE_LOITER,5301.6,2181.7,69.8,151.31,151.3,151.34,151.32,795.65,794.55,794.62,794.92,1.53,116.22,13.71,3.0,72.68,0.779,14.06,3.1,LANE_A,3542.0,44.0,88.6,0.15,4,0.8,22.31,19.8,22.84,20.32,3.61,-2.49,0.58,-2.12,-2.58,1.22,-4.58,0.1,0.036,-0.04,0.9553,1
34.9,TRAIN_M06_THAR_FAULT04_OIL_PRESS,TRAIN,THAR_DESERT,CRUISE_LOITER,5305.8,2183.4,69.8,151.3,151.3,151.34,151.32,795.81,794.58,794.67,794.55,1.49,116.32,13.84,3.0,72.58,0.746,14.07,3.54,LANE_A,3541.0,44.0,88.6,0.15,4,0.8,22.3,19.8,22.84,20.32,3.77,-2.46,0.63,-2.49,-2.63,1.32,-4.47,0.0,0.002,-0.03,0.9576,1
34.95,TRAIN_M06_THAR_FAULT04_OIL_PRESS,TRAIN,THAR_DESERT,CRUISE_LOITER,5317.9,2188.4,69.8,151.3,151.3,151.34,151.33,795.86,794.25,794.7,794.29,1.5,116.36,13.8,3.0,72.67,0.718,14.08,3.31,LANE_A,3541.0,44.0,88.6,0.15,4,0.8,22.3,19.8,22.84,20.33,3.82,-2.79,0.66,-2.75,-2.62,1.36,-4.55,0.09,-0.028,-0.02,0.9571,1
35.0,TRAIN_M06_THAR_FAULT04_OIL_PRESS,TRAIN,THAR_DESERT,CRUISE_LOITER,5313.7,2186.7,69.8,151.3,151.3,151.33,151.33,795.86,794.38,794.87,794.72,1.51,116.52,13.79,3.0,72.5,0.674,14.06,3.18,LANE_A,3540.0,44.0,88.6,0.15,4,0.8,22.3,19.8,22.83,20.33,3.82,-2.66,0.83,-2.32,-2.61,1.52,-4.55,-0.08,-0.071,-0.04,0.9567,1
35.05,TRAIN_M06_THAR_FAULT04_OIL_PRESS,TRAIN,THAR_DESERT,CRUISE_LOITER,5315.0,2187.3,69.8,151.29,151.29,151.33,151.32,795.64,794.43,794.74,795.02,1.51,116.52,13.78,3.0,72.52,0.733,14.07,3.16,LANE_A,3540.0,44.0,88.6,0.15,4,0.8,22.29,19.79,22.83,20.32,3.6,-2.61,0.7,-2.02,-2.61,1.52,-4.56,-0.06,-0.012,-0.03,0.9567,1
35.1,TRAIN_M06_THAR_FAULT04_OIL_PRESS,TRAIN,THAR_DESERT,CRUISE_LOITER,5314.2,2186.9,69.8,151.29,151.29,151.33,151.32,795.72,794.92,794.78,794.95,1.52,116.55,13.77,3.0,72.45,0.68,14.08,3.1,LANE_A,3539.0,44.0,88.6,0.15,4,0.8,22.29,19.79,22.83,20.32,3.68,-2.12,0.74,-2.09,-2.6,1.55,-4.57,-0.14,-0.065,-0.02,0.9562,1
35.15,TRAIN_M06_THAR_FAULT04_OIL_PRESS,TRAIN,THAR_DESERT,CRUISE_LOITER,5316.4,2187.8,69.8,151.29,151.29,151.32,151.31,795.88,794.76,794.94,794.85,1.55,116.39,13.84,3.0,72.74,0.739,14.07,3.25,LANE_A,3539.0,44.0,88.6,0.15,4,0.8,22.29,19.79,22.82,20.31,3.84,-2.28,0.9,-2.19,-2.57,1.39,-4.51,0.15,-0.007,-0.03,0.9548,1
35.2,TRAIN_M06_THAR_FAULT04_OIL_PRESS,TRAIN,THAR_DESERT,CRUISE_LOITER,5313.2,2186.5,69.8,151.29,151.29,151.32,151.32,796.09,795.04,795.02,795.05,1.5,116.51,13.84,3.0,72.76,0.752,14.1,3.64,LANE_A,3538.0,44.0,88.6,0.15,4,0.8,22.29,19.79,22.82,20.32,4.05,-2.0,0.98,-1.99,-2.62,1.51,-4.49,0.17,0.007,0.0,0.9571,1
35.25,TRAIN_M06_THAR_FAULT04_OIL_PRESS,TRAIN,THAR_DESERT,CRUISE_LOITER,5316.9,2188.0,69.8,151.29,151.29,151.31,151.31,796.15,795.17,794.71,795.18,1.53,116.49,13.71,3.0,72.69,0.728,14.05,3.09,LANE_A,3538.0,44.0,88.7,0.15,4,0.8,22.29,19.79,22.81,20.31,4.11,-1.87,0.67,-1.86,-2.59,1.49,-4.64,0.1,-0.018,-0.05,0.9557,1
35.3,TRAIN_M06_THAR_FAULT04_OIL_PRESS,TRAIN,THAR_DESERT,CRUISE_LOITER,5325.4,2191.5,69.9,151.29,151.29,151.31,151.31,795.7,794.99,794.47,795.21,1.55,116.53,13.72,3.0,72.58,0.837,14.05,3.02,LANE_A,3537.0,44.0,88.7,0.15,4,0.8,22.29,19.79,22.81,20.31,3.72,-1.99,0.49,-1.77,-2.57,1.53,-4.66,-0.06,0.09,-0.05,0.9548,1
35.35,TRAIN_M06_THAR_FAULT04_OIL_PRESS,TRAIN,THAR_DESERT,CRUISE_LOITER,5323.9,2190.9,69.9,151.29,151.28,151.3,151.3,795.44,795.09,794.84,795.31,1.48,116.64,13.7,3.0,72.67,0.778,14.06,3.15,LANE_A,3537.0,44.0,88.7,0.15,4,0.8,22.29,19.78,22.8,20.3,3.46,-1.89,0.86,-1.67,-2.64,1.64,-4.68,0.03,0.031,-0.04,0.958,1
35.4,TRAIN_M06_THAR_FAULT04_OIL_PRESS,TRAIN,THAR_DESERT,CRUISE_LOITER,5320.9,2189.7,69.9,151.29,151.28,151.31,151.31,795.49,794.9,795.0,795.35,1.53,116.5,13.85,3.0,72.7,0.824,14.05,3.09,LANE_A,3537.0,44.0,88.7,0.15,4,0.8,22.29,19.78,22.81,20.31,3.51,-2.08,1.02,-1.63,-2.59,1.5,-4.52,0.06,0.078,-0.05,0.9557,1
35.45,TRAIN_M06_THAR_FAULT04_OIL_PRESS,TRAIN,THAR_DESERT,CRUISE_LOITER,5323.8,2190.9,69.9,151.28,151.28,151.3,151.31,795.33,794.9,794.82,794.91,1.5,116.48,13.83,3.0,72.7,0.751,14.08,3.48,LANE_A,3536.0,44.0,88.7,0.15,4,0.8,22.28,19.78,22.8,20.31,3.35,-2.08,0.84,-2.07,-2.62,1.48,-4.55,0.06,0.004,-0.02,0.9571,1
35.5,TRAIN_M06_THAR_FAULT04_OIL_PRESS,TRAIN,THAR_DESERT,CRUISE_LOITER,5321.0,2189.7,69.9,151.28,151.28,151.3,151.3,795.17,794.88,794.94,795.17,1.51,116.5,13.82,3.0,72.84,0.754,14.05,3.27,LANE_A,3536.0,44.0,88.7,0.15,4,0.8,22.28,19.78,22.8,20.3,3.19,-2.1,0.96,-1.81,-2.61,1.5,-4.55,0.2,0.008,-0.05,0.9566,1
35.55,TRAIN_M06_THAR_FAULT04_OIL_PRESS,TRAIN,THAR_DESERT,CRUISE_LOITER,5324.7,2191.3,69.9,151.28,151.28,151.3,151.31,794.77,794.92,795.04,795.17,1.52,116.48,13.8,3.0,72.78,0.728,14.05,3.25,LANE_A,3535.0,44.0,88.7,0.15,4,0.8,22.28,19.78,22.8,20.31,2.79,-2.06,1.06,-1.81,-2.6,1.48,-4.58,0.14,-0.019,-0.05,0.9562,1
35.6,TRAIN_M06_THAR_FAULT04_OIL_PRESS,TRAIN,THAR_DESERT,CRUISE_LOITER,5322.9,2190.5,69.9,151.28,151.27,151.3,151.31,794.66,794.81,794.97,795.04,1.49,116.48,13.78,3.0,72.77,0.81,14.07,3.41,LANE_A,3535.0,44.0,88.7,0.15,4,0.8,22.28,19.77,22.8,20.31,2.68,-2.17,0.99,-1.94,-2.63,1.48,-4.59,0.13,0.063,-0.03,0.9576,1
35.65,TRAIN_M06_THAR_FAULT04_OIL_PRESS,TRAIN,THAR_DESERT,CRUISE_LOITER,5318.4,2188.7,69.9,151.28,151.27,151.3,151.3,794.42,794.72,794.53,794.79,1.54,116.5,13.89,3.0,72.73,0.68,14.06,3.43,LANE_A,3534.0,44.0,88.7,0.15,4,0.8,22.28,19.77,22.8,20.3,2.44,-2.26,0.55,-2.19,-2.58,1.5,-4.47,0.09,-0.066,-0.04,0.9552,1
35.7,TRAIN_M06_THAR_FAULT04_OIL_PRESS,TRAIN,THAR_DESERT,CRUISE_LOITER,5320.5,2189.5,69.9,151.29,151.27,151.3,151.3,794.43,794.87,794.43,794.89,1.48,116.57,13.87,3.0,72.72,0.733,14.09,2.95,LANE_A,3534.0,44.0,88.7,0.15,4,0.8,22.29,19.77,22.8,20.3,2.45,-2.11,0.45,-2.09,-2.64,1.57,-4.5,0.08,-0.013,-0.01,0.958,1
35.75,TRAIN_M06_THAR_FAULT04_OIL_PRESS,TRAIN,THAR_DESERT,CRUISE_LOITER,5319.8,2189.2,69.9,151.29,151.26,151.3,151.3,794.34,794.66,794.84,795.07,1.52,116.59,13.88,3.0,72.83,0.756,14.08,2.95,LANE_A,3533.0,44.0,88.7,0.15,4,0.8,22.29,19.76,22.8,20.3,2.36,-2.32,0.86,-1.91,-2.6,1.59,-4.49,0.18,0.01,-0.02,0.9562,1
35.8,TRAIN_M06_THAR_FAULT04_OIL_PRESS,TRAIN,THAR_DESERT,CRUISE_LOITER,5316.1,2187.7,70.0,151.28,151.27,151.3,151.29,794.55,794.77,794.76,795.04,1.56,116.66,13.8,3.0,72.73,0.783,14.08,3.17,LANE_A,3533.0,44.1,88.7,0.15,4,0.8,22.28,19.77,22.8,20.29,2.62,-2.16,0.83,-1.89,-2.56,1.66,-4.55,0.04,0.037,-0.02,0.9543,1
35.85,TRAIN_M06_THAR_FAULT04_OIL_PRESS,TRAIN,THAR_DESERT,CRUISE_LOITER,5316.4,2187.8,70.0,151.28,151.27,151.29,151.29,795.01,794.57,794.95,795.22,1.52,116.77,13.76,3.0,72.71,0.737,14.08,3.19,LANE_A,3532.0,44.1,88.7,0.15,4,0.8,22.28,19.77,22.79,20.29,3.08,-2.36,1.02,-1.71,-2.6,1.77,-4.59,0.02,-0.009,-0.02,0.9562,1
35.9,TRAIN_M06_THAR_FAULT04_OIL_PRESS,TRAIN,THAR_DESERT,CRUISE_LOITER,5324.2,2191.0,70.0,151.28,151.27,151.29,151.29,794.83,794.79,794.97,795.08,1.53,116.76,13.92,3.0,72.74,0.752,14.06,3.43,LANE_A,3532.0,44.1,88.7,0.15,4,0.8,22.28,19.77,22.79,20.29,2.9,-2.14,1.04,-1.85,-2.59,1.76,-4.46,0.05,0.005,-0.04,0.9557,1
35.95,TRAIN_M06_THAR_FAULT04_OIL_PRESS,TRAIN,THAR_DESERT,CRUISE_LOITER,5319.2,2189.0,70.0,151.28,151.27,151.3,151.3,794.81,794.87,794.97,794.53,1.49,116.75,13.97,3.0,72.79,0.751,14.05,3.03,LANE_A,3531.0,44.1,88.8,0.15,4,0.8,22.28,19.77,22.8,20.3,2.88,-2.06,1.04,-2.4,-2.63,1.75,-4.39,0.09,0.005,-0.05,0.9575,1
36.0,TRAIN_M06_THAR_FAULT04_OIL_PRESS,TRAIN,THAR_DESERT,CRUISE_LOITER,5314.8,2187.2,70.0,151.29,151.27,151.3,151.3,795.25,794.86,795.18,794.38,1.53,116.73,13.91,3.0,72.68,0.775,14.07,2.92,LANE_A,3531.0,44.1,88.8,0.15,4,0.8,22.29,19.77,22.8,20.3,3.32,-2.07,1.25,-2.55,-2.59,1.73,-4.44,-0.02,0.03,-0.03,0.9557,1
36.05,TRAIN_M06_THAR_FAULT04_OIL_PRESS,TRAIN,THAR_DESERT,CRUISE_LOITER,5316.4,2187.8,70.0,151.29,151.27,151.29,151.29,795.25,794.9,795.35,794.57,1.56,116.64,13.9,3.0,72.69,0.772,14.07,3.05,LANE_A,3531.0,44.1,88.8,0.15,4,0.8,22.29,19.77,22.79,20.29,3.32,-2.03,1.42,-2.36,-2.56,1.64,-4.45,-0.01,0.026,-0.03,0.9543,1
36.1,TRAIN_M06_THAR_FAULT04_OIL_PRESS,TRAIN,THAR_DESERT,CRUISE_LOITER,5310.1,2185.2,70.0,151.29,151.27,151.29,151.29,795.38,795.12,794.93,794.77,1.46,116.63,13.91,3.0,72.61,0.758,14.06,3.07,LANE_A,3530.0,44.1,88.8,0.15,4,0.8,22.29,19.77,22.79,20.29,3.45,-1.81,1.0,-2.16,-2.66,1.63,-4.42,-0.09,0.013,-0.04,0.9589,1
36.15,TRAIN_M06_THAR_FAULT04_OIL_PRESS,TRAIN,THAR_DESERT,CRUISE_LOITER,5313.9,2186.8,70.0,151.3,151.27,151.29,151.3,795.15,795.34,795.01,794.61,1.55,116.77,13.9,3.0,72.63,0.751,14.08,3.13,LANE_A,3530.0,44.1,88.8,0.15,4,0.8,22.3,19.77,22.79,20.3,3.22,-1.59,1.08,-2.32,-2.57,1.77,-4.45,-0.07,0.006,-0.02,0.9547,1
36.2,TRAIN_M06_THAR_FAULT04_OIL_PRESS,TRAIN,THAR_DESERT,CRUISE_LOITER,5310.3,2185.3,70.0,151.3,151.27,151.29,151.3,795.1,795.16,795.02,794.26,1.52,116.76,13.89,3.0,72.64,0.685,14.07,3.03,LANE_A,3529.0,44.1,88.8,0.15,4,0.8,22.3,19.77,22.79,20.3,3.17,-1.77,1.09,-2.67,-2.6,1.76,-4.44,-0.06,-0.06,-0.03,0.9562,1
36.25,TRAIN_M06_THAR_FAULT04_OIL_PRESS,TRAIN,THAR_DESERT,CRUISE_LOITER,5317.8,2188.4,70.1,151.3,151.27,151.28,151.3,795.25,795.23,794.83,794.49,1.49,116.84,13.95,3.0,72.67,0.758,14.08,2.98,LANE_A,3529.0,44.1,88.8,0.15,4,0.8,22.3,19.77,22.78,20.3,3.38,-1.64,0.96,-2.38,-2.63,1.84,-4.41,-0.08,0.012,-0.02,0.9575,1
36.3,TRAIN_M06_THAR_FAULT04_OIL_PRESS,TRAIN,THAR_DESERT,CRUISE_LOITER,5326.1,2191.8,70.1,151.3,151.27,151.28,151.3,794.97,795.41,794.63,794.85,1.53,116.86,13.84,3.0,72.58,0.712,14.05,3.04,LANE_A,3528.0,44.1,88.8,0.15,4,0.8,22.3,19.77,22.78,20.3,3.1,-1.46,0.76,-2.02,-2.6,1.86,-4.55,-0.17,-0.035,-0.05,0.9562,1
36.35,TRAIN_M06_THAR_FAULT04_OIL_PRESS,TRAIN,THAR_DESERT,CRUISE_LOITER,5330.0,2193.4,70.1,151.3,151.27,151.29,151.3,795.01,795.13,794.62,794.87,1.51,116.73,13.83,3.0,72.66,0.715,14.07,3.17,LANE_A,3528.0,44.1,88.8,0.15,4,0.8,22.3,19.77,22.79,20.3,3.14,-1.74,0.75,-2.0,-2.62,1.73,-4.58,-0.09,-0.033,-0.03,0.9571,1
36.4,TRAIN_M06_THAR_FAULT04_OIL_PRESS,TRAIN,THAR_DESERT,CRUISE_LOITER,5330.2,2193.5,70.1,151.29,151.27,151.28,151.3,795.61,795.25,794.63,794.65,1.46,116.85,13.8,3.0,72.74,0.716,14.08,3.26,LANE_A,3527.0,44.1,88.8,0.15,4,0.8,22.29,19.77,22.78,20.3,3.74,-1.62,0.76,-2.22,-2.67,1.85,-4.61,-0.01,-0.032,-0.02,0.9593,1
36.45,TRAIN_M06_THAR_FAULT04_OIL_PRESS,TRAIN,THAR_DESERT,CRUISE_LOITER,5330.7,2193.7,70.1,151.29,151.26,151.28,151.3,795.46,795.28,794.83,794.64,1.54,116.75,13.82,3.0,72.68,0.766,14.07,3.12,LANE_A,3527.0,44.1,88.8,0.15,4,0.8,22.29,19.76,22.78,20.3,3.59,-1.59,0.96,-2.23,-2.59,1.75,-4.59,-0.07,0.018,-0.03,0.9557,1
36.5,TRAIN_M06_THAR_FAULT04_OIL_PRESS,TRAIN,THAR_DESERT,CRUISE_LOITER,5332.7,2194.5,70.1,151.29,151.27,151.28,151.29,795.59,795.33,794.9,795.01,1.55,116.84,13.86,3.0,72.77,0.706,14.08,3.28,LANE_A,3526.0,44.1,88.8,0.15,4,0.8,22.29,19.77,22.78,20.29,3.72,-1.54,1.03,-1.86,-2.58,1.84,-4.56,0.02,-0.042,-0.02,0.9552,1
36.55,TRAIN_M06_THAR_FAULT04_OIL_PRESS,TRAIN,THAR_DESERT,CRUISE_LOITER,5340.9,2197.9,70.1,151.28,151.28,151.28,151.29,795.46,795.08,794.94,794.81,1.53,116.86,13.95,3.0,72.73,0.787,14.08,3.25,LANE_A,3526.0,44.1,88.8,0.15,4,0.8,22.28,19.78,22.78,20.29,3.59,-1.79,1.07,-2.06,-2.6,1.86,-4.5,-0.02,0.038,-0.02,0.9562,1
36.6,TRAIN_M06_THAR_FAULT04_OIL_PRESS,TRAIN,THAR_DESERT,CRUISE_LOITER,5332.5,2194.4,70.1,151.29,151.28,151.28,151.29,794.95,794.61,794.73,794.58,1.52,116.76,13.99,3.0,72.84,0.717,14.03,3.08,LANE_A,3525.0,44.1,88.8,0.15,4,0.8,22.29,19.78,22.78,20.29,3.08,-2.26,0.86,-2.29,-2.61,1.76,-4.43,0.08,-0.031,-0.07,0.9566,1
36.65,TRAIN_M06_THAR_FAULT04_OIL_PRESS,TRAIN,THAR_DESERT,CRUISE_LOITER,5331.8,2194.2,70.2,151.29,151.28,151.29,151.29,794.98,794.55,794.62,794.48,1.56,116.7,13.97,3.0,72.82,0.72,14.09,2.98,LANE_A,3525.0,44.1,88.8,0.15,4,0.8,22.29,19.78,22.79,20.29,3.18,-2.25,0.82,-2.32,-2.57,1.7,-4.45,0.02,-0.028,-0.01,0.9547,1
36.7,TRAIN_M06_THAR_FAULT04_OIL_PRESS,TRAIN,THAR_DESERT,CRUISE_LOITER,5329.6,2193.2,70.2,151.29,151.28,151.28,151.3,795.07,794.46,794.53,794.78,1.53,116.59,14.02,3.0,72.77,0.653,14.07,3.38,LANE_A,3524.0,44.1,88.9,0.15,4,0.8,22.29,19.78,22.78,20.3,3.27,-2.34,0.73,-2.02,-2.6,1.59,-4.39,-0.03,-0.095,-0.03,0.9561,1
36.75,TRAIN_M06_THAR_FAULT04_OIL_PRESS,TRAIN,THAR_DESERT,CRUISE_LOITER,5329.7,2193.3,70.2,151.29,151.28,151.29,151.3,794.84,794.62,794.63,794.96,1.51,116.64,14.02,3.0,72.73,0.678,14.07,3.14,LANE_A,3524.0,44.1,88.9,0.15,4,0.8,22.29,19.78,22.79,20.3,3.04,-2.18,0.83,-1.84,-2.62,1.64,-4.39,-0.07,-0.07,-0.03,0.9571,1
36.8,TRAIN_M06_THAR_FAULT04_OIL_PRESS,TRAIN,THAR_DESERT,CRUISE_LOITER,5329.4,2193.2,70.2,151.29,151.29,151.29,151.3,794.69,794.78,794.61,794.7,1.52,116.58,13.98,3.0,72.77,0.706,14.08,3.12,LANE_A,3524.0,44.1,88.9,0.15,4,0.8,22.29,19.79,22.79,20.3,2.89,-2.02,0.81,-2.1,-2.61,1.58,-4.43,-0.03,-0.042,-0.02,0.9566,1
36.85,TRAIN_M06_THAR_FAULT04_OIL_PRESS,TRAIN,THAR_DESERT,CRUISE_LOITER,5325.8,2191.7,70.2,151.29,151.3,151.3,151.3,794.87,794.78,794.74,794.6,1.57,116.56,14.13,3.0,72.76,0.686,14.05,2.98,LANE_A,3523.0,44.1,88.9,0.15,4,0.8,22.29,19.8,22.8,20.3,3.07,-2.02,0.94,-2.2,-2.55,1.56,-4.27,-0.05,-0.061,-0.05,0.9537,1
36.9,TRAIN_M06_THAR_FAULT04_OIL_PRESS,TRAIN,THAR_DESERT,CRUISE_LOITER,5322.6,2190.4,70.2,151.29,151.29,151.3,151.3,795.23,794.28,794.11,794.9,1.48,116.71,14.07,3.0,72.67,0.707,14.04,3.08,LANE_A,3523.0,44.1,88.9,0.15,4,0.8,22.29,19.79,22.8,20.3,3.43,-2.52,0.31,-1.9,-2.64,1.71,-4.32,-0.14,-0.04,-0.06,0.958,1
36.95,TRAIN_M06_THAR_FAULT04_OIL_PRESS,TRAIN,THAR_DESERT,CRUISE_LOITER,5320.4,2189.5,70.2,151.29,151.29,151.3,151.31,795.11,794.6,793.9,794.61,1.48,116.64,13.98,3.0,72.86,0.651,14.08,2.97,LANE_A,3522.0,44.1,88.9,0.15,4,0.8,22.29,19.79,22.8,20.31,3.31,-2.2,0.1,-2.19,-2.64,1.64,-4.4,0.05,-0.095,-0.02,0.958,1
37.0,TRAIN_M06_THAR_FAULT04_OIL_PRESS,TRAIN,THAR_DESERT,CRUISE_LOITER,5320.2,2189.4,70.2,151.29,151.3,151.3,151.31,794.79,794.71,793.79,794.45,1.54,116.66,14.04,3.0,72.93,0.766,14.07,3.22,LANE_A,3522.0,44.1,88.9,0.15,4,0.8,22.29,19.8,22.8,20.31,2.99,-2.09,-0.01,-2.35,-2.58,1.66,-4.34,0.12,0.02,-0.03,0.9552,1
37.05,TRAIN_M06_THAR_FAULT04_OIL_PRESS,TRAIN,THAR_DESERT,CRUISE_LOITER,5322.2,2190.2,70.3,151.29,151.29,151.3,151.31,794.96,794.63,793.87,794.73,1.51,116.69,13.92,3.0,72.9,0.742,14.07,3.37,LANE_A,3521.0,44.1,88.9,0.15,4,0.8,22.29,19.79,22.8,20.31,3.22,-2.11,0.13,-2.01,-2.61,1.69,-4.47,0.04,-0.005,-0.03,0.9566,1
37.1,TRAIN_M06_THAR_FAULT04_OIL_PRESS,TRAIN,THAR_DESERT,CRUISE_LOITER,5322.2,2190.2,70.3,151.29,151.3,151.3,151.31,795.36,793.99,794.38,794.27,1.55,116.7,13.9,3.0,72.78,0.752,14.04,3.31,LANE_A,3521.0,44.1,88.9,0.15,4,0.8,22.29,19.8,22.8,20.31,3.62,-2.75,0.64,-2.47,-2.57,1.7,-4.49,-0.08,0.005,-0.06,0.9548,1
37.15,TRAIN_M06_THAR_FAULT04_OIL_PRESS,TRAIN,THAR_DESERT,CRUISE_LOITER,5324.1,2191.0,70.3,151.29,151.3,151.3,151.31,795.36,794.18,794.5,794.32,1.54,116.73,13.99,3.0,72.84,0.741,14.04,3.08,LANE_A,3520.0,44.1,88.9,0.15,4,0.8,22.29,19.8,22.8,20.31,3.62,-2.56,0.76,-2.42,-2.58,1.73,-4.41,-0.02,-0.006,-0.06,0.9552,1
37.2,TRAIN_M06_THAR_FAULT04_OIL_PRESS,TRAIN,THAR_DESERT,CRUISE_LOITER,5323.2,2190.6,70.3,151.29,151.3,151.29,151.3,794.82,794.34,794.4,794.2,1.54,116.68,13.86,3.0,72.91,0.821,14.06,3.05,LANE_A,3520.0,44.1,88.9,0.15,4,0.8,22.29,19.8,22.79,20.3,3.08,-2.4,0.66,-2.54,-2.58,1.68,-4.54,0.05,0.074,-0.04,0.9552,1
37.25,TRAIN_M06_THAR_FAULT04_OIL_PRESS,TRAIN,THAR_DESERT,CRUISE_LOITER,5318.9,2188.8,70.3,151.29,151.3,151.29,151.3,795.05,794.09,794.41,794.2,1.48,116.66,13.77,3.0,72.97,0.707,14.05,3.24,LANE_A,3519.0,44.1,88.9,0.15,4,0.8,22.29,19.8,22.79,20.3,3.31,-2.65,0.67,-2.54,-2.64,1.66,-4.61,0.11,-0.039,-0.05,0.958,1
37.3,TRAIN_M06_THAR_FAULT04_OIL_PRESS,TRAIN,THAR_DESERT,CRUISE_LOITER,5322.8,2190.5,70.3,151.29,151.3,151.29,151.3,794.9,794.07,794.76,794.77,1.51,116.64,13.84,3.0,72.93,0.771,14.06,3.12,LANE_A,3519.0,44.1,88.9,0.15,4,0.8,22.29,19.8,22.79,20.3,3.16,-2.67,1.02,-1.97,-2.61,1.64,-4.56,0.07,0.024,-0.04,0.9567,1
37.35,TRAIN_M06_THAR_FAULT04_OIL_PRESS,TRAIN,THAR_DESERT,CRUISE_LOITER,5329.5,2193.2,70.3,151.29,151.3,151.29,151.3,794.82,794.01,794.72,794.66,1.54,116.66,13.91,3.0,72.77,0.694,14.07,3.45,LANE_A,3518.0,44.1,88.9,0.15,4,0.8,22.29,19.8,22.79,20.3,3.08,-2.73,0.98,-2.08,-2.59,1.66,-4.51,-0.1,-0.054,-0.03,0.9557,1
37.4,TRAIN_M06_THAR_FAULT04_OIL_PRESS,TRAIN,THAR_DESERT,CRUISE_LOITER,5324.9,2191.3,70.4,151.29,151.3,151.29,151.3,794.75,794.42,794.87,794.81,1.46,116.72,13.98,3.0,72.82,0.763,14.07,3.2,LANE_A,3518.0,44.1,88.9,0.15,4,0.8,22.29,19.8,22.79,20.3,3.08,-2.25,1.2,-1.86,-2.66,1.72,-4.43,-0.09,0.016,-0.03,0.9589,1
37.45,TRAIN_M06_THAR_FAULT04_OIL_PRESS,TRAIN,THAR_DESERT,CRUISE_LOITER,5325.1,2191.4,70.4,151.29,151.3,151.3,151.3,794.36,794.7,795.1,794.66,1.52,116.71,14.0,3.0,72.65,0.717,14.06,3.17,LANE_A,3517.0,44.1,88.9,0.15,4,0.8,22.29,19.8,22.8,20.3,2.69,-1.97,1.43,-2.01,-2.6,1.71,-4.41,-0.26,-0.03,-0.04,0.9562,1
37.5,TRAIN_M06_THAR_FAULT04_OIL_PRESS,TRAIN,THAR_DESERT,CRUISE_LOITER,5323.4,2190.7,70.4,151.29,151.3,151.29,151.3,794.5,794.96,795.25,794.55,1.53,116.74,14.08,3.0,72.67,0.8,14.08,3.44,LANE_A,3517.0,44.1,88.9,0.15,4,0.8,22.29,19.8,22.79,20.3,2.83,-1.71,1.58,-2.12,-2.59,1.74,-4.33,-0.24,0.053,-0.02,0.9557,1
37.55,TRAIN_M06_THAR_FAULT04_OIL_PRESS,TRAIN,THAR_DESERT,CRUISE_LOITER,5330.8,2193.7,70.4,151.3,151.31,151.3,151.31,794.64,795.05,795.67,794.6,1.51,116.71,14.1,3.0,72.72,0.716,14.07,2.96,LANE_A,3516.0,44.1,89.0,0.15,4,0.8,22.3,19.81,22.8,20.31,2.97,-1.62,2.0,-2.07,-2.62,1.71,-4.33,-0.2,-0.032,-0.03,0.9571,1
37.6,TRAIN_M06_THAR_FAULT04_OIL_PRESS,TRAIN,THAR_DESERT,CRUISE_LOITER,5332.4,2194.4,70.4,151.29,151.31,151.31,151.31,794.41,795.15,795.44,794.4,1.5,116.82,14.02,3.0,72.71,0.754,14.05,3.27,LANE_A,3516.0,44.1,89.0,0.15,4,0.8,22.29,19.81,22.81,20.31,2.74,-1.52,1.77,-2.27,-2.63,1.82,-4.42,-0.21,0.006,-0.05,0.9575,1
37.65,TRAIN_M06_THAR_FAULT04_OIL_PRESS,TRAIN,THAR_DESERT,CRUISE_LOITER,5333.5,2194.9,70.4,151.3,151.31,151.31,151.31,794.81,794.86,795.61,794.02,1.54,116.87,14.05,3.0,72.74,0.721,14.05,3.37,LANE_A,3516.0,44.1,89.0,0.15,4,0.8,22.3,19.81,22.81,20.31,3.14,-1.81,1.94,-2.65,-2.59,1.87,-4.39,-0.18,-0.027,-0.05,0.9557,1
37.7,TRAIN_M06_THAR_FAULT04_OIL_PRESS,TRAIN,THAR_DESERT,CRUISE_LOITER,5337.4,2196.4,70.4,151.3,151.32,151.31,151.32,795.28,795.42,795.18,794.04,1.54,116.99,14.17,3.0,72.89,0.745,14.08,3.11,LANE_A,3515.0,44.1,89.0,0.15,4,0.8,22.3,19.82,22.81,20.32,3.61,-1.25,1.51,-2.63,-2.59,1.99,-4.29,-0.03,-0.004,-0.02,0.9557,1
37.75,TRAIN_M06_THAR_FAULT04_OIL_PRESS,TRAIN,THAR_DESERT,CRUISE_LOITER,5337.4,2196.5,70.5,151.31,151.32,151.32,151.32,795.22,795.07,795.3,794.24,1.51,116.96,14.08,3.0,73.0,0.723,14.06,3.15,LANE_A,3515.0,44.1,89.0,0.15,4,0.8,22.31,19.82,22.82,20.32,3.62,-1.53,1.7,-2.36,-2.62,1.96,-4.38,0.04,-0.026,-0.04,0.9571,1
37.8,TRAIN_M06_THAR_FAULT04_OIL_PRESS,TRAIN,THAR_DESERT,CRUISE_LOITER,5342.7,2198.6,70.5,151.31,151.33,151.33,151.33,795.25,795.12,795.37,794.46,1.52,116.87,14.07,3.0,73.0,0.739,14.06,3.19,LANE_A,3514.0,44.1,89.0,0.15,4,0.8,22.31,19.83,22.83,20.33,3.65,-1.48,1.77,-2.14,-2.61,1.87,-4.41,0.03,-0.011,-0.04,0.9566,1
37.85,TRAIN_M06_THAR_FAULT04_OIL_PRESS,TRAIN,THAR_DESERT,CRUISE_LOITER,5348.0,2200.8,70.5,151.31,151.33,151.33,151.34,795.32,795.06,794.89,794.24,1.53,116.88,14.09,3.0,72.8,0.754,14.07,3.27,LANE_A,3514.0,44.1,89.0,0.15,4,0.8,22.31,19.83,22.83,20.34,3.72,-1.54,1.29,-2.36,-2.61,1.88,-4.41,-0.17,0.004,-0.03,0.9566,1
37.9,TRAIN_M06_THAR_FAULT04_OIL_PRESS,TRAIN,THAR_DESERT,CRUISE_LOITER,5346.3,2200.1,70.5,151.33,151.34,151.34,151.34,795.04,794.6,794.75,794.74,1.51,116.96,14.18,3.0,72.84,0.763,14.06,3.05,LANE_A,3513.0,44.1,89.0,0.15,4,0.8,22.33,19.84,22.84,20.34,3.44,-2.0,1.15,-1.86,-2.62,1.96,-4.31,-0.13,0.013,-0.04,0.9571,1
37.95,TRAIN_M06_THAR_FAULT04_OIL_PRESS,TRAIN,THAR_DESERT,CRUISE_LOITER,5343.7,2199.0,70.5,151.33,151.35,151.36,151.35,795.17,794.5,795.02,794.43,1.49,116.97,14.27,3.0,72.89,0.718,14.06,3.3,LANE_A,3513.0,44.1,89.0,0.15,4,0.8,22.33,19.85,22.86,20.35,3.57,-2.1,1.42,-2.17,-2.64,1.97,-4.21,-0.08,-0.032,-0.04,0.958,1
38.0,TRAIN_M06_THAR_FAULT04_OIL_PRESS,TRAIN,THAR_DESERT,CRUISE_LOITER,5344.7,2199.5,70.5,151.34,151.36,151.37,151.35,794.48,794.78,795.08,794.4,1.52,116.94,14.18,3.0,72.88,0.809,14.08,3.1,LANE_A,3512.0,44.1,89.0,0.15,4,0.8,22.34,19.86,22.87,20.35,2.88,-1.82,1.48,-2.2,-2.61,1.94,-4.31,-0.09,0.059,-0.02,0.9566,1
38.05,TRAIN_M06_THAR_FAULT04_OIL_PRESS,TRAIN,THAR_DESERT,CRUISE_LOITER,5351.4,2202.2,70.5,151.35,151.36,151.38,151.36,794.72,794.65,795.09,794.59,1.48,116.72,14.18,3.0,73.0,0.685,14.08,3.32,LANE_A,3512.0,44.1,89.0,0.15,4,0.8,22.35,19.86,22.88,20.36,3.12,-1.95,1.49,-2.01,-2.66,1.72,-4.33,0.03,-0.066,-0.02,0.9589,1
38.1,TRAIN_M06_THAR_FAULT04_OIL_PRESS,TRAIN,THAR_DESERT,CRUISE_LOITER,5348.5,2201.0,70.6,151.36,151.36,151.38,151.36,795.01,794.7,795.05,794.53,1.48,116.87,14.13,3.0,72.86,0.728,14.07,3.31,LANE_A,3511.0,44.1,89.0,0.15,4,0.8,22.36,19.86,22.88,20.36,3.47,-1.84,1.51,-2.01,-2.66,1.87,-4.38,-0.16,-0.022,-0.03,0.9589,1
38.15,TRAIN_M06_THAR_FAULT04_OIL_PRESS,TRAIN,THAR_DESERT,CRUISE_LOITER,5357.0,2204.5,70.6,151.37,151.36,151.39,151.37,795.22,794.52,794.94,794.61,1.53,117.02,14.15,3.0,72.79,0.77,14.09,3.33,LANE_A,3511.0,44.1,89.0,0.15,4,0.8,22.37,19.86,22.89,20.37,3.68,-2.02,1.4,-1.93,-2.61,2.02,-4.39,-0.23,0.018,-0.01,0.9567,1
38.2,TRAIN_M06_THAR_FAULT04_OIL_PRESS,TRAIN,THAR_DESERT,CRUISE_LOITER,5357.6,2204.8,70.6,151.37,151.37,151.4,151.37,794.87,794.46,794.91,794.71,1.49,116.97,14.12,3.0,72.76,0.733,14.09,3.15,LANE_A,3510.0,44.1,89.0,0.15,4,0.8,22.37,19.87,22.9,20.37,3.33,-2.08,1.37,-1.83,-2.65,1.97,-4.42,-0.26,-0.019,-0.01,0.9585,1
38.25,TRAIN_M06_THAR_FAULT04_OIL_PRESS,TRAIN,THAR_DESERT,CRUISE_LOITER,5364.2,2207.5,70.6,151.38,151.37,151.41,151.38,795.0,794.2,795.03,794.97,1.56,116.94,14.1,3.0,72.93,0.746,14.06,2.87,LANE_A,3510.0,44.1,89.0,0.15,4,0.8,22.38,19.87,22.91,20.38,3.46,-2.34,1.49,-1.57,-2.58,1.94,-4.46,-0.09,-0.007,-0.04,0.9553,1
38.3,TRAIN_M06_THAR_FAULT04_OIL_PRESS,TRAIN,THAR_DESERT,CRUISE_LOITER,5359.2,2205.5,70.6,151.38,151.38,151.41,151.38,794.54,794.07,794.61,794.74,1.56,117.02,14.22,3.0,73.03,0.785,14.06,3.05,LANE_A,3509.0,44.1,89.0,0.15,4,0.8,22.38,19.88,22.91,20.38,3.0,-2.47,1.07,-1.8,-2.58,2.02,-4.32,0.01,0.033,-0.04,0.9553,1
38.35,TRAIN_M06_THAR_FAULT04_OIL_PRESS,TRAIN,THAR_DESERT,CRUISE_LOITER,5353.3,2203.0,70.6,151.39,151.39,151.42,151.38,795.09,793.97,794.52,794.48,1.55,117.1,14.29,3.0,72.99,0.748,14.07,2.98,LANE_A,3509.0,44.1,89.0,0.15,4,0.8,22.39,19.89,22.92,20.38,3.55,-2.57,0.98,-2.06,-2.59,2.1,-4.23,-0.03,-0.003,-0.03,0.9557,1
38.4,TRAIN_M06_THAR_FAULT04_OIL_PRESS,TRAIN,THAR_DESERT,CRUISE_LOITER,5348.9,2201.2,70.7,151.39,151.41,151.43,151.39,795.4,794.05,794.56,794.39,1.53,117.22,14.33,3.0,73.08,0.778,14.08,3.42,LANE_A,3508.0,44.1,89.0,0.15,4,0.8,22.39,19.91,22.93,20.39,3.93,-2.42,1.09,-2.08,-2.61,2.22,-4.18,0.01,0.027,-0.02,0.9566,1
38.45,TRAIN_M06_THAR_FAULT04_OIL_PRESS,TRAIN,THAR_DESERT,CRUISE_LOITER,5349.0,2201.2,70.7,151.4,151.41,151.44,151.41,794.89,794.15,794.61,794.4,1.5,117.24,14.26,3.0,73.14,0.749,14.05,3.32,LANE_A,3508.0,44.1,89.0,0.15,4,0.8,22.4,19.91,22.94,20.41,3.42,-2.32,1.14,-2.07,-2.64,2.24,-4.25,0.07,-0.002,-0.05,0.958,1
38.5,TRAIN_M06_THAR_FAULT04_OIL_PRESS,TRAIN,THAR_DESERT,CRUISE_LOITER,5336.9,2196.3,70.7,151.4,151.42,151.44,151.41,794.44,794.52,794.63,794.2,1.5,117.33,14.22,3.0,73.0,0.757,14.05,3.37,LANE_A,3507.0,44.1,89.0,0.15,4,0.8,22.4,19.92,22.94,20.41,2.97,-1.95,1.16,-2.27,-2.63,2.33,-4.25,-0.08,0.008,-0.05,0.9576,1
38.55,TRAIN_M06_THAR_FAULT04_OIL_PRESS,TRAIN,THAR_DESERT,CRUISE_LOITER,5342.6,2198.6,70.7,151.4,151.43,151.45,151.42,794.44,794.66,794.31,794.1,1.52,117.36,14.27,3.0,73.09,0.764,14.06,3.23,LANE_A,3507.0,44.1,89.1,0.15,4,0.8,22.4,19.93,22.95,20.42,2.97,-1.81,0.84,-2.37,-2.61,2.36,-4.22,0.01,0.014,-0.04,0.9567,1
38.6,TRAIN_M06_THAR_FAULT04_OIL_PRESS,TRAIN,THAR_DESERT,CRUISE_LOITER,5341.5,2198.1,70.7,151.41,151.44,151.46,151.43,794.36,795.12,794.35,794.12,1.49,117.42,14.23,3.0,73.05,0.75,14.08,3.22,LANE_A,3506.0,44.1,89.1,0.15,4,0.8,22.41,19.94,22.96,20.43,2.89,-1.35,0.88,-2.35,-2.64,2.42,-4.26,-0.03,0.001,-0.02,0.958,1
38.65,TRAIN_M06_THAR_FAULT04_OIL_PRESS,TRAIN,THAR_DESERT,CRUISE_LOITER,5342.4,2198.5,70.7,151.42,151.44,151.46,151.43,794.44,795.05,794.5,794.04,1.53,117.48,14.24,3.0,73.06,0.672,14.04,3.22,LANE_A,3506.0,44.1,89.1,0.15,4,0.8,22.42,19.94,22.96,20.43,2.97,-1.42,1.03,-2.43,-2.6,2.48,-4.25,-0.02,-0.078,-0.06,0.9562,1
38.7,TRAIN_M06_THAR_FAULT04_OIL_PRESS,TRAIN,THAR_DESERT,CRUISE_LOITER,5349.1,2201.3,70.8,151.42,151.44,151.47,151.44,794.65,794.78,794.2,793.96,1.49,117.42,14.28,3.0,73.05,0.726,14.06,3.27,LANE_A,3505.0,44.1,89.1,0.15,4,0.8,22.42,19.94,22.97,20.44,3.25,-1.62,0.8,-2.44,-2.65,2.42,-4.24,-0.08,-0.025,-0.04,0.9585,1
38.75,TRAIN_M06_THAR_FAULT04_OIL_PRESS,TRAIN,THAR_DESERT,CRUISE_LOITER,5349.0,2201.2,70.8,151.43,151.44,151.47,151.44,794.39,794.79,793.64,793.84,1.47,117.43,14.24,3.0,73.09,0.801,14.07,3.4,LANE_A,3505.0,44.1,89.1,0.15,4,0.8,22.43,19.94,22.97,20.44,2.99,-1.61,0.24,-2.56,-2.67,2.43,-4.28,-0.04,0.05,-0.03,0.9594,1
38.8,TRAIN_M06_THAR_FAULT04_OIL_PRESS,TRAIN,THAR_DESERT,CRUISE_LOITER,5342.6,2198.6,70.8,151.42,151.44,151.48,151.44,794.51,794.58,793.51,793.78,1.5,117.54,14.14,3.0,72.98,0.724,14.04,3.18,LANE_A,3505.0,44.1,89.1,0.15,4,0.8,22.42,19.94,22.98,20.44,3.11,-1.82,0.11,-2.62,-2.63,2.54,-4.36,-0.15,-0.026,-0.06,0.9576,1
38.85,TRAIN_M06_THAR_FAULT04_OIL_PRESS,TRAIN,THAR_DESERT,CRUISE_LOITER,5347.2,2200.5,70.8,151.43,151.44,151.48,151.45,794.93,794.42,793.37,793.67,1.48,117.59,14.23,3.0,73.08,0.768,14.06,3.18,LANE_A,3504.0,44.1,89.1,0.15,4,0.8,22.43,19.94,22.98,20.45,3.53,-1.98,-0.03,-2.73,-2.65,2.59,-4.29,-0.05,0.018,-0.04,0.9585,1
38.9,TRAIN_M06_THAR_FAULT04_OIL_PRESS,TRAIN,THAR_DESERT,CRUISE_LOITER,5340.6,2197.8,70.8,151.43,151.44,151.48,151.45,794.74,794.32,793.4,793.6,1.51,117.47,14.21,3.0,73.19,0.739,14.07,3.05,LANE_A,3504.0,44.1,89.1,0.15,4,0.8,22.43,19.94,22.98,20.45,3.34,-2.08,0.0,-2.8,-2.62,2.47,-4.28,0.06,-0.01,-0.03,0.9572,1
38.95,TRAIN_M06_THAR_FAULT04_OIL_PRESS,TRAIN,THAR_DESERT,CRUISE_LOITER,5334.3,2195.2,70.8,151.43,151.45,151.48,151.46,794.63,794.51,793.33,793.96,1.53,117.54,14.31,3.0,73.21,0.738,14.08,3.28,LANE_A,3503.0,44.1,89.1,0.15,4,0.8,22.43,19.95,22.98,20.46,3.23,-1.89,-0.07,-2.44,-2.6,2.54,-4.16,0.08,-0.01,-0.02,0.9562,1
39.0,TRAIN_M06_THAR_FAULT04_OIL_PRESS,TRAIN,THAR_DESERT,DESCENT_RECOVERY,5333.0,2194.7,68.7,151.45,151.48,151.51,151.48,794.67,794.57,793.77,794.5,1.46,117.49,14.07,3.0,72.81,0.766,14.03,2.87,LANE_A,3500.0,44.1,80.0,0.15,4,0.8,22.45,19.98,23.01,20.48,1.92,-3.18,-0.98,-3.25,-2.67,2.49,-4.3,0.64,0.018,-0.07,0.9594,1
39.05,TRAIN_M06_THAR_FAULT04_OIL_PRESS,TRAIN,THAR_DESERT,DESCENT_RECOVERY,5324.1,2191.0,66.9,151.47,151.49,151.52,151.49,794.73,795.07,794.16,794.67,1.45,117.5,13.84,3.0,72.55,0.76,14.06,3.14,LANE_A,3493.0,44.2,80.0,0.15,4,0.8,22.47,19.99,23.02,20.49,0.92,-3.74,-1.65,-4.14,-2.67,2.5,-4.42,1.19,0.013,-0.04,0.9594,1
39.1,TRAIN_M06_THAR_FAULT04_OIL_PRESS,TRAIN,THAR_DESERT,DESCENT_RECOVERY,5307.7,2184.2,65.3,151.48,151.51,151.54,151.5,795.0,795.27,794.75,795.29,1.46,117.46,13.64,3.0,71.91,0.746,14.03,3.22,LANE_A,3487.0,44.2,80.0,0.15,4,0.8,22.48,20.01,23.04,20.5,0.34,-4.39,-1.91,-4.37,-2.66,2.46,-4.5,1.28,0.002,-0.07,0.959,1
39.15,TRAIN_M06_THAR_FAULT04_OIL_PRESS,TRAIN,THAR_DESERT,DESCENT_RECOVERY,5291.2,2177.4,64.0,151.49,151.52,151.54,151.52,795.83,795.74,794.76,795.58,1.51,117.49,13.5,3.0,71.34,0.7,14.08,3.16,LANE_A,3480.0,44.2,80.0,0.15,4,0.8,22.49,20.02,23.04,20.52,0.53,-4.56,-2.54,-4.72,-2.6,2.49,-4.54,1.29,-0.042,-0.02,0.9564,1
39.2,TRAIN_M06_THAR_FAULT04_OIL_PRESS,TRAIN,THAR_DESERT,DESCENT_RECOVERY,5285.0,2174.9,62.9,151.49,151.52,151.55,151.52,796.2,795.98,795.36,796.3,1.43,117.6,13.24,3.0,70.77,0.806,14.04,3.29,LANE_A,3473.0,44.2,80.0,0.15,4,0.8,22.49,20.02,23.05,20.52,0.41,-4.81,-2.43,-4.49,-2.68,2.6,-4.73,1.22,0.065,-0.06,0.96,1
39.25,TRAIN_M06_THAR_FAULT04_OIL_PRESS,TRAIN,THAR_DESERT,DESCENT_RECOVERY,5275.2,2170.9,61.9,151.49,151.52,151.55,151.52,796.29,796.73,795.8,796.62,1.45,117.73,12.93,3.0,70.25,0.691,14.06,3.21,LANE_A,3467.0,44.2,80.0,0.15,4,0.8,22.49,20.02,23.05,20.52,0.08,-4.48,-2.41,-4.59,-2.65,2.73,-4.97,1.15,-0.049,-0.04,0.9587,1
39.3,TRAIN_M06_THAR_FAULT04_OIL_PRESS,TRAIN,THAR_DESERT,DESCENT_RECOVERY,5266.1,2167.1,61.0,151.49,151.51,151.53,151.5,796.63,796.87,796.89,797.03,1.5,117.86,12.66,3.0,69.79,0.72,14.05,3.03,LANE_A,3460.0,44.2,80.0,0.15,4,0.8,22.49,20.01,23.03,20.5,0.07,-4.69,-1.67,-4.53,-2.6,2.86,-5.18,1.1,-0.018,-0.05,0.9565,1
39.35,TRAIN_M06_THAR_FAULT04_OIL_PRESS,TRAIN,THAR_DESERT,DESCENT_RECOVERY,5254.6,2162.4,60.3,151.48,151.49,151.52,151.49,797.23,797.48,797.48,797.57,1.48,117.98,12.5,3.0,69.24,0.774,14.06,3.26,LANE_A,3453.0,44.2,80.0,0.15,4,0.8,22.48,19.99,23.02,20.49,0.42,-4.33,-1.33,-4.24,-2.61,2.98,-5.28,0.87,0.037,-0.04,0.957,1
39.4,TRAIN_M06_THAR_FAULT04_OIL_PRESS,TRAIN,THAR_DESERT,DESCENT_RECOVERY,5247.0,2159.3,59.7,151.46,151.47,151.5,151.48,797.43,797.7,798.12,797.96,1.53,118.08,12.28,3.0,68.85,0.793,14.08,3.33,LANE_A,3447.0,44.3,80.0,0.15,4,0.8,22.46,19.97,23.0,20.48,0.4,-4.33,-0.91,-4.07,-2.56,3.08,-5.45,0.74,0.058,-0.02,0.9547,1
39.45,TRAIN_M06_THAR_FAULT04_OIL_PRESS,TRAIN,THAR_DESERT,DESCENT_RECOVERY,5233.8,2153.8,59.2,151.44,151.45,151.48,151.45,797.56,798.14,798.66,797.85,1.46,118.1,12.19,3.0,68.51,0.755,14.09,3.25,LANE_A,3440.0,44.3,80.0,0.15,4,0.8,22.44,19.95,22.98,20.45,0.37,-4.05,-0.53,-4.34,-2.62,3.1,-5.48,0.63,0.022,-0.01,0.9575,1
39.5,TRAIN_M06_THAR_FAULT04_OIL_PRESS,TRAIN,THAR_DESERT,DESCENT_RECOVERY,5223.2,2149.5,58.7,151.42,151.43,151.47,151.43,798.08,798.5,798.7,798.24,1.49,118.12,12.02,3.0,68.25,0.734,14.08,3.35,LANE_A,3433.0,44.3,80.0,0.15,4,0.8,22.42,19.93,22.97,20.43,0.73,-3.85,-0.65,-4.11,-2.59,3.12,-5.6,0.59,0.002,-0.02,0.9562,1
39.55,TRAIN_M06_THAR_FAULT04_OIL_PRESS,TRAIN,THAR_DESERT,DESCENT_RECOVERY,5214.1,2145.7,58.3,151.39,151.4,151.44,151.41,798.0,798.83,799.08,798.3,1.5,118.13,11.79,3.0,68.0,0.772,14.04,3.22,LANE_A,3427.0,44.3,80.0,0.15,4,0.8,22.39,19.9,22.94,20.41,0.54,-3.63,-0.38,-4.16,-2.57,3.13,-5.79,0.51,0.041,-0.06,0.9553,1
39.6,TRAIN_M06_THAR_FAULT04_OIL_PRESS,TRAIN,THAR_DESERT,DESCENT_RECOVERY,5203.2,2141.2,58.0,151.36,151.37,151.42,151.38,798.47,799.1,799.2,798.47,1.46,118.12,11.68,3.0,67.85,0.766,14.1,3.16,LANE_A,3420.0,44.3,80.0,0.15,4,0.8,22.36,19.87,22.92,20.38,0.92,-3.45,-0.35,-4.08,-2.61,3.12,-5.85,0.49,0.037,0.0,0.9571,1
39.65,TRAIN_M06_THAR_FAULT04_OIL_PRESS,TRAIN,THAR_DESERT,DESCENT_RECOVERY,5193.2,2137.1,57.7,151.33,151.34,151.39,151.36,798.71,799.45,799.37,798.33,1.41,118.25,11.61,3.0,67.72,0.716,14.07,3.01,LANE_A,3413.0,44.3,80.0,0.15,4,0.8,22.33,19.84,22.89,20.36,1.08,-3.18,-0.26,-4.3,-2.65,3.25,-5.88,0.49,-0.012,-0.03,0.9589,1
39.7,TRAIN_M06_THAR_FAULT04_OIL_PRESS,TRAIN,THAR_DESERT,DESCENT_RECOVERY,5182.0,2132.5,57.5,151.3,151.31,151.36,151.32,799.12,799.49,799.93,798.86,1.44,118.41,11.49,3.0,67.77,0.74,14.08,3.29,LANE_A,3407.0,44.3,80.0,0.15,4,0.8,22.3,19.81,22.86,20.32,1.44,-3.19,0.25,-3.82,-2.62,3.41,-5.96,0.62,0.014,-0.02,0.9576,1
39.75,TRAIN_M06_THAR_FAULT04_OIL_PRESS,TRAIN,THAR_DESERT,DESCENT_RECOVERY,5172.1,2128.4,57.3,151.25,151.27,151.32,151.29,799.38,799.61,799.77,799.24,1.4,118.37,11.27,3.0,67.6,0.736,14.08,3.08,LANE_A,3400.0,44.3,80.0,0.15,4,0.8,22.25,19.77,22.82,20.29,1.65,-3.12,0.04,-3.49,-2.65,3.37,-6.14,0.53,0.011,-0.02,0.9589,1
39.8,TRAIN_M06_THAR_FAULT04_OIL_PRESS,TRAIN,THAR_DESERT,DESCENT_RECOVERY,5168.3,2126.9,57.1,151.22,151.24,151.28,151.25,799.74,799.91,799.68,799.26,1.44,118.45,11.23,3.0,67.41,0.751,14.06,3.15,LANE_A,3393.0,44.4,80.0,0.15,4,0.8,22.22,19.74,22.78,20.25,1.95,-2.88,-0.11,-3.53,-2.61,3.45,-6.16,0.42,0.027,-0.04,0.9571,1
39.85,TRAIN_M06_THAR_FAULT04_OIL_PRESS,TRAIN,THAR_DESERT,DESCENT_RECOVERY,5167.7,2126.6,56.9,151.19,151.2,151.25,151.21,799.79,800.0,799.89,799.62,1.42,118.39,11.22,3.0,67.25,0.724,14.05,3.19,LANE_A,3387.0,44.4,80.0,0.15,4,0.8,22.19,19.7,22.75,20.21,1.95,-2.84,0.05,-3.22,-2.63,3.39,-6.17,0.35,0.0,-0.05,0.958,1
39.9,TRAIN_M06_THAR_FAULT04_OIL_PRESS,TRAIN,THAR_DESERT,DESCENT_RECOVERY,5159.2,2123.1,56.8,151.15,151.16,151.2,151.17,800.09,800.03,800.02,799.47,1.42,118.36,11.23,3.0,66.91,0.717,14.04,3.03,LANE_A,3380.0,44.4,80.0,0.15,4,0.8,22.15,19.66,22.7,20.17,2.23,-2.83,0.16,-3.39,-2.63,3.36,-6.13,0.04,-0.006,-0.06,0.958,1
39.95,TRAIN_M06_THAR_FAULT04_OIL_PRESS,TRAIN,THAR_DESERT,DESCENT_RECOVERY,5157.1,2122.3,56.7,151.11,151.12,151.17,151.14,800.12,800.1,799.97,799.53,1.41,118.38,11.26,3.0,66.85,0.704,14.06,2.93,LANE_A,3373.0,44.4,80.0,0.15,4,0.8,22.11,19.62,22.67,20.14,2.23,-2.79,0.08,-3.36,-2.64,3.38,-6.09,0.01,-0.018,-0.04,0.9584,1
40.0,TRAIN_M06_THAR_FAULT04_OIL_PRESS,TRAIN,THAR_DESERT,DESCENT_RECOVERY,5149.9,2119.3,56.6,151.07,151.08,151.13,151.1,800.03,800.13,800.47,799.76,1.44,118.37,10.98,3.0,66.88,0.77,14.08,3.14,LANE_A,3367.0,44.4,80.0,0.15,4,0.8,22.07,19.58,22.63,20.1,2.12,-2.78,0.56,-3.15,-2.6,3.37,-6.35,0.08,0.049,-0.02,0.9566,1
40.05,TRAIN_M06_THAR_FAULT04_OIL_PRESS,TRAIN,THAR_DESERT,DESCENT_RECOVERY,5144.2,2117.0,56.5,151.03,151.04,151.09,151.06,800.34,800.07,800.57,800.15,1.43,118.42,10.96,3.0,66.84,0.762,14.05,3.32,LANE_A,3360.0,44.4,80.0,0.15,4,0.8,22.03,19.54,22.59,20.06,2.41,-2.86,0.64,-2.78,-2.61,3.42,-6.35,0.07,0.042,-0.05,0.9571,1
40.1,TRAIN_M06_THAR_FAULT04_OIL_PRESS,TRAIN,THAR_DESERT,DESCENT_RECOVERY,5131.0,2111.5,56.4,150.99,151.0,151.05,151.01,800.45,799.99,800.45,799.93,1.41,118.37,10.97,3.0,66.81,0.724,14.09,3.19,LANE_A,3353.0,44.4,80.0,0.15,4,0.8,21.99,19.5,22.55,20.01,2.5,-2.96,0.5,-3.02,-2.63,3.37,-6.3,0.08,0.005,-0.01,0.9579,1
40.15,TRAIN_M06_THAR_FAULT04_OIL_PRESS,TRAIN,THAR_DESERT,DESCENT_RECOVERY,5121.8,2107.7,56.4,150.96,150.96,151.0,150.97,800.25,800.2,800.66,800.3,1.4,118.56,11.0,3.0,66.8,0.724,14.09,3.06,LANE_A,3347.0,44.5,80.0,0.15,4,0.8,21.96,19.46,22.5,19.97,2.28,-2.77,0.69,-2.67,-2.63,3.56,-6.23,0.05,0.007,-0.01,0.9579,1
40.2,TRAIN_M06_THAR_FAULT04_OIL_PRESS,TRAIN,THAR_DESERT,DESCENT_RECOVERY,5119.0,2106.6,56.3,150.91,150.91,150.97,150.93,800.44,800.77,800.99,800.67,1.41,118.6,10.93,3.0,66.63,0.729,14.07,3.09,LANE_A,3340.0,44.5,80.0,0.15,4,0.8,21.91,19.41,22.47,19.93,2.45,-2.22,1.0,-2.32,-2.62,3.6,-6.3,-0.08,0.012,-0.03,0.9574,1
40.25,TRAIN_M06_THAR_FAULT04_OIL_PRESS,TRAIN,THAR_DESERT,DESCENT_RECOVERY,5111.5,2103.5,56.3,150.87,150.87,150.93,150.89,800.7,800.89,801.0,801.05,1.39,118.67,10.95,3.0,66.63,0.708,14.08,2.9,LANE_A,3333.0,44.5,80.0,0.15,4,0.8,21.87,19.37,22.43,19.89,2.71,-2.1,1.01,-1.94,-2.64,3.67,-6.25,-0.1,-0.008,-0.02,0.9583,1
40.3,TRAIN_M06_THAR_FAULT04_OIL_PRESS,TRAIN,THAR_DESERT,DESCENT_RECOVERY,5118.3,2106.3,56.2,150.82,150.83,150.88,150.84,801.09,801.06,800.96,801.26,1.42,118.62,10.89,3.0,66.64,0.754,14.09,3.3,LANE_A,3327.0,44.5,80.0,0.15,4,0.8,21.82,19.33,22.38,19.84,3.08,-1.95,0.95,-1.75,-2.61,3.62,-6.34,-0.05,0.037,-0.01,0.9569,1
40.35,TRAIN_M06_THAR_FAULT04_OIL_PRESS,TRAIN,THAR_DESERT,DESCENT_RECOVERY,5118.4,2106.3,56.2,150.78,150.78,150.84,150.8,801.14,801.07,801.18,801.35,1.41,118.68,10.82,3.0,66.82,0.662,14.07,3.1,LANE_A,3320.0,44.5,80.0,0.15,4,0.8,21.78,19.28,22.34,19.8,3.13,-1.94,1.17,-1.66,-2.62,3.68,-6.41,0.11,-0.055,-0.03,0.9574,1
40.4,TRAIN_M06_THAR_FAULT04_OIL_PRESS,TRAIN,THAR_DESERT,DESCENT_RECOVERY,5115.4,2105.1,56.2,150.73,150.73,150.79,150.75,801.2,800.67,801.06,801.07,1.46,118.71,10.7,3.0,66.68,0.684,14.09,3.09,LANE_A,3313.0,44.5,80.0,0.15,4,0.8,21.73,19.23,22.29,19.75,3.19,-2.34,1.05,-1.94,-2.57,3.71,-6.53,-0.04,-0.032,-0.01,0.9551,1
40.45,TRAIN_M06_THAR_FAULT04_OIL_PRESS,TRAIN,THAR_DESERT,DESCENT_RECOVERY,5111.9,2103.7,56.1,150.69,150.69,150.75,150.7,801.31,800.28,801.14,801.15,1.41,118.64,10.72,3.0,66.79,0.691,14.1,2.98,LANE_A,3307.0,44.5,80.0,0.15,4,0.8,21.69,19.19,22.25,19.7,3.28,-2.75,1.11,-1.88,-2.62,3.64,-6.5,0.11,-0.025,0.0,0.9573,1
40.5,TRAIN_M06_THAR_FAULT04_OIL_PRESS,TRAIN,THAR_DESERT,DESCENT_RECOVERY,5119.2,2106.7,56.1,150.65,150.65,150.7,150.66,801.31,800.51,801.15,801.0,1.42,118.6,10.82,3.0,66.79,0.69,14.09,3.09,LANE_A,3300.0,44.5,80.0,0.15,4,0.8,21.65,19.15,22.2,19.66,3.28,-2.52,1.12,-2.03,-2.61,3.6,-6.42,0.09,-0.027,-0.01,0.9568,1
40.55,TRAIN_M06_THAR_FAULT04_OIL_PRESS,TRAIN,THAR_DESERT,DESCENT_RECOVERY,5109.2,2102.6,56.1,150.61,150.6,150.66,150.61,801.09,800.31,801.02,801.06,1.36,118.6,10.79,3.0,66.8,0.745,14.07,3.0,LANE_A,3293.0,44.6,80.0,0.15,4,0.8,21.61,19.1,22.16,19.61,3.04,-2.74,0.97,-1.99,-2.67,3.6,-6.42,0.09,0.03,-0.03,0.9595,1
40.6,TRAIN_M06_THAR_FAULT04_OIL_PRESS,TRAIN,THAR_DESERT,DESCENT_RECOVERY,5106.1,2101.3,56.1,150.56,150.56,150.62,150.56,801.04,800.04,800.89,801.1,1.4,118.54,10.8,3.0,66.7,0.641,14.09,2.89,LANE_A,3287.0,44.6,80.0,0.15,4,0.8,21.56,19.06,22.12,19.56,2.99,-3.01,0.84,-1.95,-2.62,3.54,-6.4,-0.02,-0.074,-0.01,0.9572,1
40.65,TRAIN_M06_THAR_FAULT04_OIL_PRESS,TRAIN,THAR_DESERT,DESCENT_RECOVERY,5101.5,2099.4,56.1,150.52,150.52,150.58,150.52,801.38,799.92,800.77,800.94,1.45,118.52,10.74,3.0,66.76,0.702,14.1,3.05,LANE_A,3280.0,44.6,80.0,0.15,4,0.8,21.52,19.02,22.08,19.52,3.33,-3.13,0.72,-2.11,-2.57,3.52,-6.45,0.02,-0.012,0.0,0.9549,1
40.7,TRAIN_M06_THAR_FAULT04_OIL_PRESS,TRAIN,THAR_DESERT,DESCENT_RECOVERY,5107.1,2101.7,56.1,150.48,150.48,150.54,150.48,801.43,800.06,800.89,800.82,1.49,118.52,10.72,3.0,66.7,0.728,14.08,3.21,LANE_A,3273.0,44.6,80.0,0.15,4,0.8,21.48,18.98,22.04,19.48,3.38,-2.99,0.84,-2.23,-2.53,3.52,-6.5,-0.05,0.013,-0.02,0.9529,1
40.75,TRAIN_M06_THAR_FAULT04_OIL_PRESS,TRAIN,THAR_DESERT,DESCENT_RECOVERY,5106.7,2101.5,56.1,150.44,150.43,150.5,150.44,801.32,800.28,801.04,800.91,1.44,118.57,10.63,3.0,66.61,0.79,14.07,3.2,LANE_A,3267.0,44.6,80.0,0.15,4,0.8,21.44,18.93,22.0,19.44,3.27,-2.77,0.99,-2.14,-2.58,3.57,-6.59,-0.16,0.075,-0.03,0.9554,1
40.8,TRAIN_M06_THAR_FAULT04_OIL_PRESS,TRAIN,THAR_DESERT,DESCENT_RECOVERY,5117.6,2106.0,56.0,150.4,150.39,150.46,150.4,801.65,800.57,800.91,800.79,1.46,118.55,10.71,3.0,66.6,0.687,14.08,3.08,LANE_A,3260.0,44.6,80.0,0.15,4,0.8,21.4,18.89,21.96,19.4,3.58,-2.5,0.84,-2.28,-2.57,3.55,-6.55,-0.13,-0.03,-0.02,0.9548,1
40.85,TRAIN_M06_THAR_FAULT04_OIL_PRESS,TRAIN,THAR_DESERT,DESCENT_RECOVERY,5113.3,2104.2,56.0,150.36,150.35,150.42,150.36,801.86,800.78,801.19,800.54,1.43,118.54,10.67,3.0,66.69,0.754,14.06,3.19,LANE_A,3253.0,44.6,80.0,0.15,4,0.8,21.36,18.85,21.92,19.36,3.79,-2.29,1.12,-2.53,-2.6,3.54,-6.58,-0.06,0.038,-0.04,0.9562,1
40.9,TRAIN_M06_THAR_FAULT04_OIL_PRESS,TRAIN,THAR_DESERT,DESCENT_RECOVERY,5110.9,2103.3,56.0,150.31,150.31,150.37,150.32,801.59,800.67,800.84,800.58,1.44,118.56,10.7,3.0,66.62,0.764,14.08,3.2,LANE_A,3247.0,44.6,80.0,0.15,4,0.8,21.31,18.81,21.87,19.32,3.52,-2.4,0.77,-2.49,-2.59,3.56,-6.54,-0.14,0.048,-0.02,0.9557,1
40.95,TRAIN_M06_THAR_FAULT04_OIL_PRESS,TRAIN,THAR_DESERT,DESCENT_RECOVERY,5108.8,2102.4,56.0,150.27,150.27,150.34,150.28,801.47,800.74,801.18,800.4,1.42,118.51,10.87,3.0,66.63,0.719,14.07,3.25,LANE_A,3240.0,44.7,80.0,0.15,4,0.8,21.27,18.77,21.84,19.28,3.38,-2.35,1.09,-2.69,-2.61,3.51,-6.36,-0.14,0.004,-0.03,0.9566,1
41.0,TRAIN_M06_THAR_FAULT04_OIL_PRESS,TRAIN,THAR_DESERT,DESCENT_RECOVERY,5107.6,2101.9,56.0,150.24,150.24,150.3,150.25,801.43,801.06,801.07,800.51,1.39,118.38,10.9,3.0,66.76,0.691,14.08,2.95,LANE_A,3233.0,44.7,80.0,0.15,4,0.8,21.24,18.74,21.8,19.25,3.34,-2.03,0.98,-2.58,-2.63,3.38,-6.33,-0.03,-0.024,-0.02,0.9574,1
41.05,TRAIN_M06_THAR_FAULT04_OIL_PRESS,TRAIN,THAR_DESERT,DESCENT_RECOVERY,5102.1,2099.6,56.0,150.2,150.2,150.26,150.21,801.87,801.66,800.96,800.54,1.45,118.42,10.97,3.0,66.91,0.727,14.07,3.25,LANE_A,3227.0,44.7,80.0,0.15,4,0.8,21.2,18.7,21.76,19.21,3.78,-1.43,0.87,-2.55,-2.57,3.42,-6.25,0.11,0.013,-0.03,0.9546,1
41.1,TRAIN_M06_THAR_FAULT04_OIL_PRESS,TRAIN,THAR_DESERT,DESCENT_RECOVERY,5102.1,2099.6,56.0,150.17,150.17,150.23,150.18,801.63,801.83,801.05,800.53,1.41,118.48,10.96,3.0,66.92,0.657,14.06,2.88,LANE_A,3220.0,44.7,80.0,0.15,4,0.8,21.17,18.67,21.73,19.18,3.54,-1.26,0.96,-2.56,-2.61,3.48,-6.26,0.11,-0.057,-0.04,0.9565,1
41.15,TRAIN_M06_THAR_FAULT04_OIL_PRESS,TRAIN,THAR_DESERT,DESCENT_RECOVERY,5102.5,2099.8,56.0,150.12,150.12,150.19,150.15,801.6,801.7,800.91,800.36,1.39,118.46,10.92,3.0,66.85,0.726,14.09,3.35,LANE_A,3213.0,44.7,80.0,0.15,4,0.8,21.12,18.62,21.69,19.15,3.51,-1.39,0.82,-2.73,-2.63,3.46,-6.31,0.02,0.012,-0.01,0.9574,1
41.2,TRAIN_M06_THAR_FAULT04_OIL_PRESS,TRAIN,THAR_DESERT,DESCENT_RECOVERY,5104.7,2100.7,56.0,150.09,150.09,150.15,150.11,801.48,801.67,800.75,800.56,1.44,118.49,10.95,3.0,66.88,0.693,14.08,3.11,LANE_A,3207.0,44.7,80.0,0.15,4,0.8,21.09,18.59,21.65,19.11,3.39,-1.42,0.66,-2.53,-2.58,3.49,-6.29,0.04,-0.022,-0.02,0.955,1
41.25,TRAIN_M06_THAR_FAULT04_OIL_PRESS,TRAIN,THAR_DESERT,DESCENT_RECOVERY,5103.3,2100.1,56.0,150.05,150.05,150.12,150.08,801.12,801.66,800.59,800.56,1.43,118.33,10.92,3.0,66.82,0.685,14.05,3.11,LANE_A,3200.0,44.7,80.0,0.15,4,0.8,21.05,18.55,21.62,19.08,3.03,-1.43,0.5,-2.53,-2.59,3.33,-6.32,-0.03,-0.03,-0.05,0.9555,1
41.3,TRAIN_M06_THAR_FAULT04_OIL_PRESS,TRAIN,THAR_DESERT,DESCENT_RECOVERY,5105.1,2100.9,56.0,150.01,150.01,150.09,150.04,801.32,801.72,800.43,800.78,1.42,118.33,10.81,3.0,66.74,0.763,14.05,3.07,LANE_A,3193.0,44.7,80.0,0.15,4,0.8,21.01,18.51,21.59,19.04,3.23,-1.37,0.34,-2.31,-2.6,3.33,-6.44,-0.13,0.048,-0.05,0.956,1
41.35,TRAIN_M06_THAR_FAULT04_OIL_PRESS,TRAIN,THAR_DESERT,DESCENT_RECOVERY,5102.8,2099.9,56.0,149.97,149.98,150.05,150.0,801.53,801.93,800.26,800.88,1.4,118.45,10.75,3.0,66.85,0.651,14.07,3.42,LANE_A,3187.0,44.8,80.0,0.15,4,0.8,20.97,18.48,21.55,19.0,3.43,-1.17,0.16,-2.22,-2.62,3.45,-6.49,-0.03,-0.064,-0.03,0.9569,1
41.4,TRAIN_M06_THAR_FAULT04_OIL_PRESS,TRAIN,THAR_DESERT,DESCENT_RECOVERY,5101.4,2099.3,56.0,149.93,149.94,150.01,149.96,801.25,801.72,800.38,801.11,1.41,118.37,10.69,3.0,66.78,0.635,14.09,2.98,LANE_A,3180.0,44.8,80.0,0.15,4,0.8,20.93,18.44,21.51,18.96,3.15,-1.38,0.28,-1.99,-2.61,3.37,-6.55,-0.11,-0.079,-0.01,0.9564,1
41.45,TRAIN_M06_THAR_FAULT04_OIL_PRESS,TRAIN,THAR_DESERT,DESCENT_RECOVERY,5098.1,2098.0,56.0,149.89,149.89,149.97,149.92,800.78,801.52,800.57,801.24,1.43,118.3,10.64,3.0,66.85,0.741,14.11,3.27,LANE_A,3173.0,44.8,80.0,0.15,4,0.8,20.89,18.39,21.47,18.92,2.68,-1.58,0.47,-1.86,-2.59,3.3,-6.59,-0.06,0.027,0.01,0.9555,1
41.5,TRAIN_M06_THAR_FAULT04_OIL_PRESS,TRAIN,THAR_DESERT,DESCENT_RECOVERY,5098.0,2097.9,56.0,149.86,149.86,149.93,149.88,801.02,801.7,800.49,801.21,1.42,118.26,10.67,3.0,66.91,0.703,14.08,3.36,LANE_A,3167.0,44.8,80.0,0.15,4,0.8,20.86,18.36,21.43,18.88,2.92,-1.4,0.39,-1.89,-2.6,3.26,-6.57,-0.01,-0.011,-0.02,0.9559,1
41.55,TRAIN_M06_THAR_FAULT04_OIL_PRESS,TRAIN,THAR_DESERT,DESCENT_RECOVERY,5103.3,2100.1,56.0,149.82,149.82,149.9,149.85,800.84,801.52,800.63,800.93,1.43,118.21,10.64,3.0,66.99,0.715,14.05,3.1,LANE_A,3160.0,44.8,80.0,0.15,4,0.8,20.82,18.32,21.4,18.85,2.74,-1.58,0.53,-2.17,-2.59,3.21,-6.62,0.05,0.0,-0.05,0.9554,1
41.6,TRAIN_M06_THAR_FAULT04_OIL_PRESS,TRAIN,THAR_DESERT,DESCENT_RECOVERY,5096.3,2097.2,56.0,149.78,149.78,149.86,149.81,801.01,801.4,800.7,801.26,1.43,118.17,10.67,3.0,67.01,0.735,14.09,3.15,LANE_A,3153.0,44.8,80.0,0.15,4,0.8,20.78,18.28,21.36,18.81,2.91,-1.7,0.6,-1.84,-2.59,3.17,-6.57,0.06,0.021,-0.01,0.9554,1
41.65,TRAIN_M06_THAR_FAULT04_OIL_PRESS,TRAIN,THAR_DESERT,DESCENT_RECOVERY,5092.1,2095.5,56.0,149.74,149.75,149.82,149.78,801.11,801.46,801.02,800.96,1.41,118.26,10.61,3.0,66.96,0.683,14.06,3.18,LANE_A,3147.0,44.8,80.0,0.15,4,0.8,20.74,18.25,21.32,18.78,3.01,-1.64,0.92,-2.14,-2.61,3.26,-6.62,0.0,-0.03,-0.04,0.9563,1
41.7,TRAIN_M06_THAR_FAULT04_OIL_PRESS,TRAIN,THAR_DESERT,DESCENT_RECOVERY,5092.2,2095.5,56.0,149.7,149.71,149.79,149.74,801.05,801.57,801.24,801.39,1.39,118.16,10.63,3.0,66.99,0.728,14.1,3.27,LANE_A,3140.0,44.8,80.0,0.15,4,0.8,20.7,18.21,21.29,18.74,2.95,-1.53,1.14,-1.71,-2.63,3.16,-6.61,0.01,0.015,0.0,0.9572,1
41.75,TRAIN_M06_THAR_FAULT04_OIL_PRESS,TRAIN,THAR_DESERT,DESCENT_RECOVERY,5092.3,2095.6,56.0,149.66,149.67,149.75,149.69,801.01,801.51,801.37,801.31,1.46,118.12,10.67,3.0,67.05,0.724,14.08,3.39,LANE_A,3133.0,44.9,80.0,0.15,4,0.8,20.66,18.17,21.25,18.69,2.89,-1.61,1.25,-1.81,-2.56,3.12,-6.56,0.06,0.011,-0.02,0.9539,1
41.8,TRAIN_M06_THAR_FAULT04_OIL_PRESS,TRAIN,THAR_DESERT,DESCENT_RECOVERY,5100.5,2099.0,56.0,149.62,149.64,149.72,149.65,800.95,801.36,801.22,801.62,1.42,118.14,10.73,3.0,66.93,0.744,14.07,3.28,LANE_A,3127.0,44.9,80.0,0.15,4,0.8,20.62,18.14,21.22,18.65,2.83,-1.76,1.1,-1.5,-2.6,3.14,-6.54,-0.07,0.03,-0.03,0.9557,1
41.85,TRAIN_M06_THAR_FAULT04_OIL_PRESS,TRAIN,THAR_DESERT,DESCENT_RECOVERY,5107.9,2102.0,56.0,149.59,149.61,149.68,149.62,800.92,801.34,801.24,801.19,1.41,118.09,10.88,3.0,67.02,0.717,14.05,3.3,LANE_A,3120.0,44.9,80.0,0.15,4,0.8,20.59,18.11,21.18,18.62,2.8,-1.78,1.12,-1.93,-2.61,3.09,-6.42,0.0,0.002,-0.05,0.9561,1
41.9,TRAIN_M06_THAR_FAULT04_OIL_PRESS,TRAIN,THAR_DESERT,DESCENT_RECOVERY,5100.7,2099.1,56.0,149.56,149.58,149.66,149.59,801.04,801.45,800.73,801.56,1.41,118.3,10.89,3.0,67.05,0.717,14.05,3.06,LANE_A,3113.0,44.9,80.0,0.15,4,0.8,20.56,18.08,21.16,18.59,2.92,-1.67,0.61,-1.56,-2.61,3.3,-6.39,0.02,0.003,-0.05,0.9561,1
41.95,TRAIN_M06_THAR_FAULT04_OIL_PRESS,TRAIN,THAR_DESERT,DESCENT_RECOVERY,5102.3,2099.7,56.0,149.53,149.54,149.63,149.56,801.2,801.74,800.63,801.83,1.41,118.31,10.82,3.0,67.07,0.767,14.09,3.01,LANE_A,3107.0,44.9,80.0,0.15,4,0.8,20.53,18.04,21.13,18.56,3.08,-1.38,0.51,-1.29,-2.61,3.31,-6.47,0.03,0.053,-0.01,0.9561,1
42.0,TRAIN_M06_THAR_FAULT04_OIL_PRESS,TRAIN,THAR_DESERT,DESCENT_RECOVERY,5101.6,2099.4,56.0,149.51,149.51,149.6,149.53,801.15,801.82,800.66,801.87,1.38,118.41,10.86,3.0,67.13,0.712,14.08,3.14,LANE_A,3100.0,44.9,80.0,0.15,4,0.8,20.51,18.01,21.1,18.53,3.03,-1.3,0.54,-1.25,-2.64,3.41,-6.43,0.07,-0.002,-0.02,0.9575,1
42.05,TRAIN_M06_THAR_FAULT04_OIL_PRESS,TRAIN,THAR_DESERT,DESCENT_RECOVERY,5106.1,2101.3,56.0,149.48,149.48,149.57,149.5,801.11,801.54,800.81,801.96,1.43,118.53,10.91,3.0,67.23,0.707,14.08,3.22,LANE_A,3093.0,44.9,80.0,0.15,4,0.8,20.48,17.98,21.07,18.5,2.99,-1.58,0.69,-1.16,-2.59,3.53,-6.4,0.16,-0.008,-0.02,0.9551,1
42.1,TRAIN_M06_THAR_FAULT04_OIL_PRESS,TRAIN,THAR_DESERT,DESCENT_RECOVERY,5100.0,2098.8,56.0,149.44,149.45,149.54,149.47,801.19,801.43,800.61,801.75,1.45,118.53,10.86,3.0,67.09,0.762,14.06,3.07,LANE_A,3087.0,44.9,80.0,0.15,4,0.8,20.44,17.95,21.04,18.47,3.07,-1.69,0.49,-1.37,-2.57,3.53,-6.43,0.01,0.048,-0.04,0.9541,1
42.15,TRAIN_M06_THAR_FAULT04_OIL_PRESS,TRAIN,THAR_DESERT,DESCENT_RECOVERY,5096.4,2097.3,56.0,149.41,149.42,149.51,149.44,801.56,801.82,800.78,801.45,1.4,118.54,10.9,3.0,67.06,0.672,14.06,3.36,LANE_A,3080.0,45.0,80.0,0.15,4,0.8,20.41,17.92,21.01,18.44,3.43,-1.31,0.65,-1.68,-2.62,3.54,-6.38,-0.04,-0.042,-0.04,0.9565,1
42.2,TRAIN_M06_THAR_FAULT04_OIL_PRESS,TRAIN,THAR_DESERT,DESCENT_RECOVERY,5098.7,2098.2,56.0,149.39,149.39,149.48,149.42,801.36,802.07,801.36,801.23,1.47,118.38,10.9,3.0,67.1,0.684,14.08,3.31,LANE_A,3073.0,45.0,80.0,0.15,4,0.8,20.39,17.89,20.98,18.42,3.23,-1.06,1.23,-1.9,-2.55,3.38,-6.39,-0.01,-0.03,-0.02,0.9531,1
42.25,TRAIN_M06_THAR_FAULT04_OIL_PRESS,TRAIN,THAR_DESERT,DESCENT_RECOVERY,5091.3,2095.2,56.0,149.35,149.36,149.45,149.39,801.31,801.71,801.54,801.39,1.41,118.49,10.96,3.0,66.96,0.709,14.1,3.02,LANE_A,3067.0,45.0,80.0,0.15,4,0.8,20.35,17.86,20.95,18.39,3.18,-1.42,1.41,-1.74,-2.61,3.49,-6.31,-0.16,-0.004,0.0,0.956,1
42.3,TRAIN_M06_THAR_FAULT04_OIL_PRESS,TRAIN,THAR_DESERT,DESCENT_RECOVERY,5093.3,2096.0,56.0,149.32,149.34,149.42,149.36,801.18,801.89,801.47,801.46,1.41,118.72,10.92,3.0,66.99,0.719,14.07,3.32,LANE_A,3060.0,45.0,80.0,0.15,4,0.8,20.32,17.84,20.92,18.36,3.05,-1.24,1.34,-1.67,-2.61,3.72,-6.36,-0.15,0.006,-0.03,0.956,1
42.35,TRAIN_M06_THAR_FAULT04_OIL_PRESS,TRAIN,THAR_DESERT,DESCENT_RECOVERY,5097.8,2097.9,56.0,149.29,149.31,149.39,149.33,801.6,801.72,801.42,801.5,1.39,118.65,10.94,3.0,67.0,0.687,14.08,3.03,LANE_A,3053.0,45.0,80.0,0.15,4,0.8,20.29,17.81,20.89,18.33,3.47,-1.41,1.29,-1.63,-2.63,3.65,-6.36,-0.15,-0.027,-0.02,0.9569,1
42.4,TRAIN_M06_THAR_FAULT04_OIL_PRESS,TRAIN,THAR_DESERT,DESCENT_RECOVERY,5094.0,2096.3,56.0,149.26,149.28,149.37,149.3,801.95,801.8,801.64,801.21,1.43,118.72,10.86,3.0,67.11,0.705,14.06,3.38,LANE_A,3047.0,45.0,80.0,0.15,4,0.8,20.26,17.78,20.87,18.3,3.82,-1.33,1.51,-1.92,-2.59,3.72,-6.43,-0.06,-0.008,-0.04,0.955,1
42.45,TRAIN_M06_THAR_FAULT04_OIL_PRESS,TRAIN,THAR_DESERT,DESCENT_RECOVERY,5087.4,2093.6,56.0,149.23,149.25,149.34,149.27,801.79,801.93,801.79,801.36,1.41,118.81,10.88,3.0,67.19,0.715,14.06,3.21,LANE_A,3040.0,45.0,80.0,0.15,4,0.8,20.23,17.75,20.84,18.27,3.66,-1.2,1.66,-1.77,-2.61,3.81,-6.39,0.01,0.003,-0.04,0.9559,1
42.5,TRAIN_M06_THAR_FAULT04_OIL_PRESS,TRAIN,THAR_DESERT,DESCENT_RECOVERY,5087.6,2093.6,56.0,149.2,149.21,149.31,149.24,801.89,801.51,801.79,801.58,1.42,118.76,10.8,3.0,67.3,0.764,14.09,3.24,LANE_A,3033.0,45.0,80.0,0.15,4,0.8,20.2,17.71,20.81,18.24,3.76,-1.62,1.66,-1.55,-2.6,3.76,-6.48,0.11,0.052,-0.01,0.9555,1
42.55,TRAIN_M06_THAR_FAULT04_OIL_PRESS,TRAIN,THAR_DESERT,DESCENT_RECOVERY,5086.5,2093.2,56.0,149.18,149.18,149.28,149.2,802.12,801.79,801.5,801.59,1.39,118.9,10.84,3.0,67.32,0.732,14.1,2.78,LANE_A,3027.0,45.1,80.0,0.15,4,0.8,20.18,17.68,20.78,18.2,3.97,-1.36,1.35,-1.56,-2.62,3.9,-6.43,0.11,0.02,0.0,0.9564,1
42.6,TRAIN_M06_THAR_FAULT04_OIL_PRESS,TRAIN,THAR_DESERT,DESCENT_RECOVERY,5089.6,2094.5,56.0,149.15,149.15,149.25,149.17,801.97,801.47,801.19,802.09,1.38,119.0,10.83,3.0,67.31,0.693,14.07,3.16,LANE_A,3020.0,45.1,80.0,0.15,4,0.8,20.15,17.65,20.75,18.17,3.82,-1.68,1.04,-1.06,-2.64,4.0,-6.46,0.09,-0.02,-0.03,0.9573,1
42.65,TRAIN_M06_THAR_FAULT04_OIL_PRESS,TRAIN,THAR_DESERT,DESCENT_RECOVERY,5091.8,2095.4,56.0,149.12,149.12,149.22,149.14,802.52,801.52,801.3,801.95,1.39,118.99,10.81,3.0,67.26,0.737,14.08,3.2,LANE_A,3013.0,45.1,80.0,0.15,4,0.8,20.12,17.62,20.72,18.14,4.37,-1.63,1.15,-1.2,-2.63,3.99,-6.49,0.02,0.024,-0.02,0.9568,1
42.7,TRAIN_M06_THAR_FAULT04_OIL_PRESS,TRAIN,THAR_DESERT,DESCENT_RECOVERY,5090.1,2094.7,56.0,149.1,149.09,149.19,149.12,802.54,801.55,801.22,802.07,1.38,118.91,10.79,3.0,67.34,0.736,14.07,3.44,LANE_A,3007.0,45.1,80.0,0.15,4,0.8,20.1,17.59,20.69,18.12,4.39,-1.6,1.07,-1.08,-2.64,3.91,-6.51,0.09,0.023,-0.03,0.9573,1
42.75,TRAIN_M06_THAR_FAULT04_OIL_PRESS,TRAIN,THAR_DESERT,DESCENT_RECOVERY,5083.6,2092.0,56.0,149.07,149.06,149.16,149.09,802.19,801.32,801.26,801.66,1.47,118.95,10.78,3.0,67.3,0.7,14.07,3.35,LANE_A,3000.0,45.1,80.0,0.15,4,0.8,20.07,17.56,20.66,18.09,4.04,-1.83,1.11,-1.49,-2.54,3.95,-6.5,0.04,-0.012,-0.03,0.9524,1
42.8,TRAIN_M06_THAR_FAULT04_OIL_PRESS,TRAIN,THAR_DESERT,DESCENT_RECOVERY,5082.0,2091.4,56.0,149.04,149.03,149.13,149.06,801.81,801.22,801.7,801.77,1.41,118.97,10.73,3.0,67.19,0.734,14.08,3.04,LANE_A,2993.0,45.1,80.0,0.15,4,0.8,20.04,17.53,20.63,18.06,3.66,-1.93,1.55,-1.38,-2.6,3.97,-6.55,-0.09,0.022,-0.02,0.9554,1
42.85,TRAIN_M06_THAR_FAULT04_OIL_PRESS,TRAIN,THAR_DESERT,DESCENT_RECOVERY,5084.1,2092.2,56.0,149.01,149.0,149.1,149.03,801.75,801.15,801.47,801.56,1.39,118.93,10.66,3.0,67.42,0.761,14.08,2.99,LANE_A,2987.0,45.1,80.0,0.15,4,0.8,20.01,17.5,20.6,18.03,3.6,-2.0,1.32,-1.59,-2.62,3.93,-6.63,0.13,0.049,-0.02,0.9563,1
42.9,TRAIN_M06_THAR_FAULT04_OIL_PRESS,TRAIN,THAR_DESERT,DESCENT_RECOVERY,5093.7,2096.2,56.0,148.98,148.97,149.07,149.01,801.47,801.08,801.55,801.72,1.41,119.07,10.79,3.0,67.47,0.658,14.07,3.27,LANE_A,2980.0,45.1,80.0,0.15,4,0.8,19.98,17.47,20.57,18.01,3.32,-2.07,1.4,-1.43,-2.61,4.07,-6.54,0.17,-0.055,-0.03,0.9558,1
42.95,TRAIN_M06_THAR_FAULT04_OIL_PRESS,TRAIN,THAR_DESERT,DESCENT_RECOVERY,5088.8,2094.2,56.0,148.95,148.94,149.04,148.98,801.54,800.81,801.74,801.69,1.45,119.19,10.71,3.0,67.38,0.71,14.06,3.09,LANE_A,2973.0,45.2,80.0,0.15,4,0.8,19.95,17.44,20.54,17.98,3.38,-2.35,1.58,-1.47,-2.57,4.19,-6.6,0.06,-0.003,-0.04,0.9539,1
43.0,TRAIN_M06_THAR_FAULT04_OIL_PRESS,TRAIN,THAR_DESERT,DESCENT_RECOVERY,5081.4,2091.1,56.0,148.92,148.91,149.01,148.95,801.44,800.97,801.64,801.33,1.41,119.28,10.67,3.0,67.36,0.74,14.08,3.32,LANE_A,2967.0,45.2,80.0,0.15,4,0.8,19.92,17.41,20.51,17.95,3.28,-2.19,1.48,-1.83,-2.6,4.28,-6.62,0.03,0.029,-0.02,0.9553,1
43.05,TRAIN_M06_THAR_FAULT04_OIL_PRESS,TRAIN,THAR_DESERT,DESCENT_RECOVERY,5085.0,2092.6,56.0,148.9,148.88,148.99,148.92,801.17,800.65,801.5,801.05,1.41,119.29,10.76,3.0,67.33,0.746,14.07,3.22,LANE_A,2960.0,45.2,80.0,0.15,4,0.8,19.9,17.38,20.49,17.92,3.01,-2.51,1.34,-2.11,-2.6,4.29,-6.54,-0.01,0.034,-0.03,0.9553,1
43.1,TRAIN_M06_THAR_FAULT04_OIL_PRESS,TRAIN,THAR_DESERT,DESCENT_RECOVERY,5090.1,2094.7,56.0,148.88,148.86,148.96,148.9,801.3,800.42,801.34,801.14,1.42,119.28,10.89,3.0,67.26,0.7,14.1,3.45,LANE_A,2953.0,45.2,80.0,0.15,4,0.8,19.88,17.36,20.46,17.9,3.14,-2.74,1.18,-2.02,-2.6,4.28,-6.44,-0.1,-0.013,0.0,0.9552,1
43.15,TRAIN_M06_THAR_FAULT04_OIL_PRESS,TRAIN,THAR_DESERT,DESCENT_RECOVERY,5086.5,2093.2,56.0,148.86,148.84,148.94,148.87,801.24,800.88,801.54,801.16,1.39,119.26,10.93,3.0,67.25,0.733,14.08,3.26,LANE_A,2947.0,45.2,80.0,0.15,4,0.8,19.86,17.34,20.44,17.87,3.08,-2.28,1.38,-2.0,-2.62,4.26,-6.39,-0.12,0.021,-0.02,0.9561,1
43.2,TRAIN_M06_THAR_FAULT04_OIL_PRESS,TRAIN,THAR_DESERT,DESCENT_RECOVERY,5085.0,2092.6,56.0,148.83,148.81,148.92,148.85,800.99,800.79,801.57,800.85,1.38,119.31,11.0,3.0,67.27,0.739,14.07,3.32,LANE_A,2940.0,45.2,80.0,0.15,4,0.8,19.83,17.31,20.42,17.85,2.83,-2.37,1.41,-2.31,-2.63,4.31,-6.32,-0.11,0.027,-0.03,0.9566,1
43.25,TRAIN_M06_THAR_FAULT04_OIL_PRESS,TRAIN,THAR_DESERT,DESCENT_RECOVERY,5086.6,2093.2,56.0,148.81,148.79,148.89,148.82,801.16,801.06,801.67,801.46,1.4,119.33,10.93,3.0,67.29,0.775,14.06,3.3,LANE_A,2933.0,45.2,80.0,0.15,4,0.8,19.81,17.29,20.39,17.82,3.0,-2.1,1.51,-1.7,-2.61,4.33,-6.4,-0.11,0.063,-0.04,0.9556,1
43.3,TRAIN_M06_THAR_FAULT04_OIL_PRESS,TRAIN,THAR_DESERT,DESCENT_RECOVERY,5088.0,2093.8,56.0,148.79,148.76,148.86,148.8,800.74,800.87,801.68,801.36,1.44,119.33,10.94,3.0,67.11,0.634,14.08,3.26,LANE_A,2927.0,45.2,80.0,0.15,4,0.8,19.79,17.26,20.36,17.8,2.58,-2.29,1.52,-1.8,-2.58,4.33,-6.4,-0.3,-0.078,-0.02,0.9542,1
43.35,TRAIN_M06_THAR_FAULT04_OIL_PRESS,TRAIN,THAR_DESERT,DESCENT_RECOVERY,5088.3,2093.9,56.0,148.76,148.74,148.84,148.78,800.7,800.65,801.69,801.31,1.43,119.18,10.92,3.0,67.19,0.749,14.07,3.25,LANE_A,2920.0,45.3,80.0,0.15,4,0.8,19.76,17.24,20.34,17.78,2.52,-2.53,1.51,-1.87,-2.59,4.18,-6.42,-0.24,0.037,-0.03,0.9547,1
43.4,TRAIN_M06_THAR_FAULT04_OIL_PRESS,TRAIN,THAR_DESERT,DESCENT_RECOVERY,5087.2,2093.5,56.0,148.73,148.72,148.82,148.76,800.45,800.92,801.59,801.22,1.4,119.05,10.86,3.0,67.38,0.72,14.08,3.28,LANE_A,2913.0,45.3,80.0,0.15,4,0.8,19.73,17.22,20.32,17.76,2.27,-2.26,1.41,-1.96,-2.62,4.05,-6.48,-0.06,0.008,-0.02,0.9561,1
43.45,TRAIN_M06_THAR_FAULT04_OIL_PRESS,TRAIN,THAR_DESERT,DESCENT_RECOVERY,5096.2,2097.2,56.0,148.71,148.69,148.8,148.73,800.66,800.62,801.85,801.5,1.37,118.97,10.86,3.0,67.37,0.696,14.09,3.42,LANE_A,2907.0,45.3,80.0,0.15,4,0.8,19.71,17.19,20.3,17.73,2.48,-2.56,1.67,-1.68,-2.65,3.97,-6.51,-0.08,-0.018,-0.01,0.9575,1
43.5,TRAIN_M06_THAR_FAULT04_OIL_PRESS,TRAIN,THAR_DESERT,DESCENT_RECOVERY,5091.0,2095.1,56.0,148.69,148.67,148.77,148.71,800.5,800.49,801.55,801.3,1.37,119.03,10.89,3.0,67.43,0.761,14.09,3.19,LANE_A,2900.0,45.3,80.0,0.15,4,0.8,19.69,17.17,20.27,17.71,2.32,-2.69,1.37,-1.88,-2.65,4.03,-6.47,-0.04,0.048,-0.01,0.9574,1
43.55,TRAIN_M06_THAR_FAULT04_OIL_PRESS,TRAIN,THAR_DESERT,DESCENT_RECOVERY,5091.4,2095.2,56.0,148.67,148.65,148.75,148.69,800.64,800.68,801.6,801.55,1.36,119.02,10.89,3.0,67.48,0.773,14.08,3.23,LANE_A,2893.0,45.3,80.0,0.15,4,0.8,19.67,17.15,20.25,17.69,2.46,-2.5,1.42,-1.63,-2.66,4.02,-6.47,0.0,0.06,-0.02,0.9579,1
43.6,TRAIN_M06_THAR_FAULT04_OIL_PRESS,TRAIN,THAR_DESERT,DESCENT_RECOVERY,5089.3,2094.4,56.0,148.64,148.62,148.73,148.67,800.48,800.34,801.42,801.47,1.44,119.14,10.93,3.0,67.34,0.736,14.06,3.19,LANE_A,2887.0,45.3,80.0,0.15,4,0.8,19.64,17.12,20.23,17.67,2.3,-2.84,1.24,-1.71,-2.58,4.14,-6.43,-0.15,0.023,-0.04,0.9541,1
43.65,TRAIN_M06_THAR_FAULT04_OIL_PRESS,TRAIN,THAR_DESERT,DESCENT_RECOVERY,5095.4,2096.9,56.0,148.61,148.6,148.71,148.65,801.05,800.78,801.5,801.39,1.41,119.16,11.01,3.0,67.38,0.651,14.06,3.17,LANE_A,2880.0,45.3,80.0,0.15,4,0.8,19.61,17.1,20.21,17.65,2.87,-2.4,1.32,-1.79,-2.61,4.16,-6.38,-0.13,-0.062,-0.04,0.9555,1
43.7,TRAIN_M06_THAR_FAULT04_OIL_PRESS,TRAIN,THAR_DESERT,DESCENT_RECOVERY,5102.0,2099.6,56.0,148.6,148.58,148.7,148.63,801.15,800.84,801.49,801.37,1.37,119.15,11.06,3.0,67.49,0.724,14.08,3.08,LANE_A,2873.0,45.3,80.0,0.15,4,0.8,19.6,17.08,20.2,17.63,2.97,-2.34,1.31,-1.81,-2.65,4.15,-6.35,-0.03,0.01,-0.02,0.9573,1
43.75,TRAIN_M06_THAR_FAULT04_OIL_PRESS,TRAIN,THAR_DESERT,DESCENT_RECOVERY,5107.6,2101.9,56.0,148.58,148.57,148.68,148.61,800.9,800.86,801.2,801.57,1.46,119.2,11.17,3.0,67.54,0.751,14.08,3.26,LANE_A,2867.0,45.3,80.0,0.15,4,0.8,19.58,17.07,20.18,17.61,2.72,-2.32,1.02,-1.61,-2.56,4.2,-6.27,0.01,0.036,-0.02,0.953,1
43.8,TRAIN_M06_THAR_FAULT04_OIL_PRESS,TRAIN,THAR_DESERT,DESCENT_RECOVERY,5107.5,2101.9,56.0,148.56,148.55,148.67,148.59,800.63,801.15,801.43,801.67,1.39,119.13,11.09,3.0,67.62,0.694,14.08,3.21,LANE_A,2860.0,45.4,80.0,0.15,4,0.8,19.56,17.05,20.17,17.59,2.44,-2.04,1.24,-1.52,-2.63,4.13,-6.34,0.07,-0.021,-0.02,0.9564,1
43.85,TRAIN_M06_THAR_FAULT04_OIL_PRESS,TRAIN,THAR_DESERT,DESCENT_RECOVERY,5103.0,2100.0,56.0,148.54,148.54,148.65,148.57,800.78,801.23,801.56,801.61,1.41,119.21,11.07,3.0,67.59,0.797,14.09,3.04,LANE_A,2853.0,45.4,80.0,0.15,4,0.8,19.54,17.04,20.15,17.57,2.59,-1.96,1.37,-1.58,-2.61,4.21,-6.35,0.03,0.082,-0.01,0.9555,1
43.9,TRAIN_M06_THAR_FAULT04_OIL_PRESS,TRAIN,THAR_DESERT,DESCENT_RECOVERY,5097.5,2097.7,56.0,148.52,148.52,148.63,148.56,800.74,801.11,801.7,801.63,1.44,119.3,11.06,3.0,67.49,0.745,14.08,3.36,LANE_A,2847.0,45.4,80.0,0.15,4,0.8,19.52,17.02,20.13,17.56,2.55,-2.08,1.51,-1.56,-2.58,4.3,-6.35,-0.09,0.031,-0.02,0.954,1
43.95,TRAIN_M06_THAR_FAULT04_OIL_PRESS,TRAIN,THAR_DESERT,DESCENT_RECOVERY,5099.9,2098.7,56.0,148.5,148.51,148.6,148.54,800.79,801.22,801.44,801.7,1.43,119.32,10.97,3.0,67.47,0.652,14.06,3.26,LANE_A,2840.0,45.4,80.0,0.15,4,0.8,19.5,17.01,20.1,17.54,2.6,-1.97,1.25,-1.49,-2.59,4.32,-6.45,-0.12,-0.062,-0.04,0.9545,1
44.0,TRAIN_M06_THAR_FAULT04_OIL_PRESS,TRAIN,THAR_DESERT,DESCENT_RECOVERY,5095.1,2096.7,56.0,148.49,148.49,148.58,148.52,800.65,801.25,801.47,801.32,1.37,119.38,10.85,3.0,67.53,0.696,14.07,3.28,LANE_A,2833.0,45.4,80.0,0.15,4,0.8,19.49,16.99,20.08,17.52,2.46,-1.94,1.28,-1.87,-2.65,4.38,-6.56,-0.07,-0.017,-0.03,0.9574,1
44.05,TRAIN_M06_THAR_FAULT04_OIL_PRESS,TRAIN,THAR_DESERT,DESCENT_RECOVERY,5097.9,2097.9,56.0,148.47,148.47,148.56,148.5,800.38,800.99,801.6,801.11,1.42,119.26,11.01,3.0,67.57,0.688,14.08,3.37,LANE_A,2827.0,45.4,80.0,0.15,4,0.8,19.47,16.97,20.06,17.5,2.19,-2.2,1.41,-2.08,-2.6,4.26,-6.41,-0.05,-0.026,-0.02,0.955,1
44.1,TRAIN_M06_THAR_FAULT04_OIL_PRESS,TRAIN,THAR_DESERT,DESCENT_RECOVERY,5098.6,2098.2,56.0,148.45,148.45,148.54,148.48,800.66,801.24,801.39,801.14,1.34,119.46,11.04,3.0,67.65,0.808,14.07,3.59,LANE_A,2820.0,45.4,80.0,0.15,4,0.8,19.45,16.95,20.04,17.48,2.47,-1.95,1.2,-2.05,-2.68,4.46,-6.39,0.02,0.094,-0.03,0.9586,1
44.15,TRAIN_M06_THAR_FAULT04_OIL_PRESS,TRAIN,THAR_DESERT,DESCENT_RECOVERY,5094.6,2096.5,56.0,148.44,148.43,148.52,148.46,800.81,801.36,801.03,801.16,1.41,119.45,11.06,3.0,67.66,0.749,14.08,3.21,LANE_A,2813.0,45.4,80.0,0.15,4,0.8,19.44,16.93,20.02,17.46,2.62,-1.83,0.84,-2.03,-2.61,4.45,-6.36,0.01,0.036,-0.02,0.9554,1
44.2,TRAIN_M06_THAR_FAULT04_OIL_PRESS,TRAIN,THAR_DESERT,DESCENT_RECOVERY,5094.0,2096.3,56.0,148.42,148.42,148.51,148.44,801.39,801.47,800.77,801.52,1.41,119.49,11.04,3.0,67.65,0.703,14.12,3.0,LANE_A,2807.0,45.5,80.0,0.15,4,0.8,19.42,16.92,20.01,17.44,3.18,-1.74,0.56,-1.69,-2.61,4.49,-6.38,-0.01,-0.01,0.02,0.9554,1
44.25,TRAIN_M06_THAR_FAULT04_OIL_PRESS,TRAIN,THAR_DESERT,DESCENT_RECOVERY,5098.2,2098.0,56.0,148.4,148.41,148.49,148.43,801.29,801.53,801.01,801.83,1.44,119.5,11.07,3.0,67.68,0.723,14.09,2.96,LANE_A,2800.0,45.5,80.0,0.15,4,0.8,19.4,16.91,19.99,17.43,3.08,-1.68,0.8,-1.38,-2.58,4.5,-6.37,0.01,0.009,-0.01,0.9539,1
44.3,TRAIN_M06_THAR_FAULT04_OIL_PRESS,TRAIN,THAR_DESERT,DESCENT_RECOVERY,5101.4,2099.3,56.0,148.38,148.39,148.48,148.42,801.05,801.55,800.83,801.66,1.43,119.44,11.06,3.0,67.8,0.68,14.06,3.37,LANE_A,2793.0,45.5,80.0,0.15,4,0.8,19.38,16.89,19.98,17.42,2.84,-1.66,0.62,-1.55,-2.59,4.44,-6.39,0.11,-0.034,-0.04,0.9544,1
44.35,TRAIN_M06_THAR_FAULT04_OIL_PRESS,TRAIN,THAR_DESERT,DESCENT_RECOVERY,5097.7,2097.8,56.0,148.37,148.38,148.46,148.4,801.24,801.15,801.14,801.75,1.36,119.47,11.12,3.0,67.97,0.718,14.1,3.54,LANE_A,2787.0,45.5,80.0,0.15,4,0.8,19.37,16.88,19.96,17.4,3.03,-2.06,0.93,-1.46,-2.66,4.47,-6.32,0.27,0.004,0.0,0.9577,1
44.4,TRAIN_M06_THAR_FAULT04_OIL_PRESS,TRAIN,THAR_DESERT,DESCENT_RECOVERY,5107.1,2101.7,56.0,148.36,148.36,148.44,148.39,801.4,801.19,800.94,801.08,1.4,119.38,11.08,3.0,67.93,0.753,14.07,3.01,LANE_A,2780.0,45.5,80.0,0.15,4,0.8,19.36,16.86,19.94,17.39,3.19,-2.02,0.73,-2.13,-2.62,4.38,-6.4,0.22,0.038,-0.03,0.9558,1
44.45,TRAIN_M06_THAR_FAULT04_OIL_PRESS,TRAIN,THAR_DESERT,DESCENT_RECOVERY,5102.5,2099.8,56.0,148.34,148.35,148.43,148.38,801.71,801.19,800.82,801.29,1.39,119.4,11.08,3.0,67.93,0.671,14.08,3.04,LANE_A,2773.0,45.5,80.0,0.15,4,0.8,19.34,16.85,19.93,17.38,3.5,-2.02,0.61,-1.92,-2.63,4.4,-6.39,0.2,-0.043,-0.02,0.9563,1
44.5,TRAIN_M06_THAR_FAULT04_OIL_PRESS,TRAIN,THAR_DESERT,DESCENT_RECOVERY,5104.7,2100.7,56.0,148.32,148.34,148.41,148.36,801.44,801.3,801.14,801.19,1.39,119.49,11.12,3.0,67.94,0.728,14.06,3.25,LANE_A,2767.0,45.5,80.0,0.15,4,0.8,19.32,16.84,19.91,17.36,3.23,-1.91,0.93,-2.02,-2.63,4.49,-6.36,0.2,0.013,-0.04,0.9563,1
44.55,TRAIN_M06_THAR_FAULT04_OIL_PRESS,TRAIN,THAR_DESERT,DESCENT_RECOVERY,5106.6,2101.5,56.0,148.31,148.32,148.39,148.35,801.15,801.02,801.37,801.21,1.4,119.53,11.1,3.0,67.89,0.655,14.08,3.25,LANE_A,2760.0,45.5,80.0,0.15,4,0.8,19.31,16.82,19.89,17.35,2.94,-2.19,1.16,-2.0,-2.62,4.53,-6.39,0.14,-0.06,-0.02,0.9558,1
44.6,TRAIN_M06_THAR_FAULT04_OIL_PRESS,TRAIN,THAR_DESERT,DESCENT_RECOVERY,5106.6,2101.5,56.0,148.29,148.31,148.38,148.34,800.83,801.04,801.36,801.23,1.42,119.53,11.15,3.0,67.87,0.638,14.07,2.99,LANE_A,2753.0,45.6,80.0,0.15,4,0.8,19.29,16.81,19.88,17.34,2.61,-2.18,1.14,-1.99,-2.6,4.53,-6.34,0.1,-0.077,-0.03,0.9548,1
44.65,TRAIN_M06_THAR_FAULT04_OIL_PRESS,TRAIN,THAR_DESERT,DESCENT_RECOVERY,5102.6,2099.8,56.0,148.27,148.3,148.36,148.32,801.25,800.79,801.42,801.15,1.38,119.52,11.16,3.0,67.76,0.739,14.06,3.33,LANE_A,2747.0,45.6,80.0,0.15,4,0.8,19.27,16.8,19.86,17.32,3.03,-2.43,1.2,-2.07,-2.64,4.52,-6.32,-0.02,0.024,-0.04,0.9567,1
44.7,TRAIN_M06_THAR_FAULT04_OIL_PRESS,TRAIN,THAR_DESERT,DESCENT_RECOVERY,5104.1,2100.4,56.0,148.26,148.29,148.35,148.31,801.18,801.0,801.39,801.42,1.41,119.65,11.09,3.0,67.66,0.669,14.07,3.14,LANE_A,2740.0,45.6,80.0,0.15,4,0.8,19.26,16.79,19.85,17.31,2.96,-2.22,1.17,-1.8,-2.61,4.65,-6.4,-0.14,-0.046,-0.03,0.9553,1
44.75,TRAIN_M06_THAR_FAULT04_OIL_PRESS,TRAIN,THAR_DESERT,DESCENT_RECOVERY,5104.3,2100.5,56.0,148.25,148.27,148.34,148.29,800.98,801.17,801.34,801.71,1.44,119.65,10.99,3.0,67.61,0.779,14.07,3.16,LANE_A,2733.0,45.6,80.0,0.15,4,0.8,19.25,16.77,19.84,17.29,2.76,-2.05,1.12,-1.51,-2.58,4.65,-6.5,-0.2,0.064,-0.03,0.9539,1
44.8,TRAIN_M06_THAR_FAULT04_OIL_PRESS,TRAIN,THAR_DESERT,DESCENT_RECOVERY,5106.0,2101.2,56.0,148.24,148.25,148.33,148.28,800.84,801.53,801.4,801.52,1.37,119.7,11.07,3.0,67.66,0.762,14.07,3.04,LANE_A,2727.0,45.6,80.0,0.15,4,0.8,19.24,16.75,19.83,17.28,2.62,-1.69,1.18,-1.7,-2.65,4.7,-6.43,-0.16,0.047,-0.03,0.9572,1
44.85,TRAIN_M06_THAR_FAULT04_OIL_PRESS,TRAIN,THAR_DESERT,DESCENT_RECOVERY,5103.5,2100.2,56.0,148.22,148.23,148.31,148.27,800.96,801.37,801.37,801.36,1.4,119.6,11.02,3.0,67.79,0.68,14.08,3.19,LANE_A,2720.0,45.6,80.0,0.15,4,0.8,19.22,16.73,19.81,17.27,2.74,-1.85,1.15,-1.86,-2.62,4.6,-6.48,-0.05,-0.035,-0.02,0.9558,1
44.9,TRAIN_M06_THAR_FAULT04_OIL_PRESS,TRAIN,THAR_DESERT,DESCENT_RECOVERY,5105.6,2101.1,56.0,148.21,148.22,148.3,148.26,801.07,801.71,801.57,801.53,1.42,119.6,11.04,3.0,67.81,0.68,14.09,3.25,LANE_A,2713.0,45.6,80.0,0.15,4,0.8,19.21,16.72,19.8,17.26,2.85,-1.51,1.35,-1.69,-2.6,4.6,-6.47,-0.04,-0.035,-0.01,0.9548,1
44.95,TRAIN_M06_THAR_FAULT04_OIL_PRESS,TRAIN,THAR_DESERT,DESCENT_RECOVERY,5106.5,2101.4,56.0,148.19,148.2,148.29,148.24,801.0,801.83,801.58,801.28,1.37,119.7,10.98,3.0,67.97,0.727,14.05,3.26,LANE_A,2707.0,45.6,80.0,0.15,4,0.8,19.19,16.7,19.79,17.24,2.78,-1.39,1.36,-1.94,-2.65,4.7,-6.54,0.11,0.012,-0.05,0.9572,1
