TIMESTAMP_SEC,MISSION_ID,SPLIT_TYPE,THEATER,FLIGHT_PHASE,ENGINE_RPM,PROP_RPM,TPS,CHT_1,CHT_2,CHT_3,CHT_4,EGT_1,EGT_2,EGT_3,EGT_4,OIL_PRESS,OIL_TEMP,FUEL_FLOW,FUEL_RAIL_P,MAP,VIB_GEARBOX_RMS,BUS_VOLTAGE,BATTERY_CURRENT,FADEC_ACTIVE_LANE,ALTITUDE_FT,OAT_C,TAS_KNOTS,HEALTH_INDEX,FAULT_ID,RUL_HOURS,RES_d_CHT_1,RES_d_CHT_2,RES_d_CHT_3,RES_d_CHT_4,RES_d_EGT_1,RES_d_EGT_2,RES_d_EGT_3,RES_d_EGT_4,RES_d_OIL_PRESS,RES_d_OIL_TEMP,RES_d_FUEL_FLOW,RES_d_MAP,RES_d_VIB_RMS,RES_d_BUS_VOLTAGE,RES_ANOMALY_SCORE,RES_IS_ANOMALY
0.0,TRAIN_M01_LADAKH_NOMINAL,TRAIN,LADAKH,CLIMB,5156.5,2122.0,73.7,91.9,93.16,91.82,91.34,780.95,780.95,781.75,779.58,4.25,89.23,16.09,3.0,72.89,0.733,14.08,3.38,LANE_A,19400.0,-20.8,92.0,1.0,0,450.0,4.18,2.94,4.6,1.62,1.33,-3.67,0.13,-5.04,-0.52,22.42,3.98,30.37,0.011,-0.02,0.9683,1
0.05,TRAIN_M01_LADAKH_NOMINAL,TRAIN,LADAKH,CLIMB,5181.3,2132.2,75.2,91.94,93.18,91.85,91.38,780.88,780.86,781.87,779.59,4.31,89.22,14.57,3.0,62.76,0.731,14.08,3.21,LANE_A,19408.0,-20.8,92.0,1.0,0,450.0,3.74,2.48,4.15,1.18,2.41,-2.61,1.4,-3.88,-0.47,22.02,2.36,20.12,0.005,-0.02,0.9016,1
0.1,TRAIN_M01_LADAKH_NOMINAL,TRAIN,LADAKH,CLIMB,5212.6,2145.1,76.5,91.94,93.18,91.86,91.38,780.89,781.0,781.93,779.68,4.27,89.22,13.45,3.0,56.09,0.793,14.05,2.99,LANE_A,19415.0,-20.8,92.0,1.0,0,450.0,3.18,1.92,3.6,0.62,3.45,-1.44,2.49,-2.76,-0.51,21.57,1.12,13.35,0.063,-0.05,0.794,1
0.15,TRAIN_M01_LADAKH_NOMINAL,TRAIN,LADAKH,CLIMB,5241.2,2156.9,77.6,91.94,93.16,91.85,91.38,780.74,781.2,781.44,779.72,4.31,89.1,12.71,3.0,51.7,0.749,14.06,2.96,LANE_A,19422.0,-20.9,92.0,1.0,0,450.0,2.76,1.48,3.17,0.2,4.23,-0.31,2.93,-1.79,-0.48,21.14,0.28,8.88,0.014,-0.04,0.77,1
0.2,TRAIN_M01_LADAKH_NOMINAL,TRAIN,LADAKH,CLIMB,5265.0,2166.7,78.5,91.92,93.13,91.83,91.37,780.38,781.28,780.94,779.54,4.3,89.12,12.16,3.0,48.83,0.799,14.09,3.39,LANE_A,19430.0,-20.9,92.0,1.0,0,450.0,2.31,1.02,2.72,-0.24,4.63,0.53,3.19,-1.21,-0.5,20.81,-0.35,5.95,0.061,-0.01,0.7603,1
0.25,TRAIN_M01_LADAKH_NOMINAL,TRAIN,LADAKH,CLIMB,5293.6,2178.4,79.3,91.9,93.1,91.81,91.34,780.44,780.97,780.42,779.58,4.3,89.01,11.9,3.0,46.87,0.75,14.06,3.1,LANE_A,19438.0,-20.9,92.0,1.0,0,450.0,1.8,0.5,2.21,-0.76,5.38,0.91,3.36,-0.48,-0.5,20.31,-0.71,3.93,0.008,-0.04,0.7498,1
0.3,TRAIN_M01_LADAKH_NOMINAL,TRAIN,LADAKH,CLIMB,5323.5,2190.7,80.0,91.87,93.06,91.78,91.32,779.92,780.21,780.42,779.19,4.35,89.03,11.54,3.0,45.56,0.751,14.07,3.29,LANE_A,19445.0,-20.9,92.0,1.0,0,450.0,1.26,-0.05,1.67,-1.29,5.48,0.77,3.98,-0.25,-0.46,19.92,-1.16,2.57,0.004,-0.03,0.7419,1
0.35,TRAIN_M01_LADAKH_NOMINAL,TRAIN,LADAKH,CLIMB,5348.0,2200.8,80.7,91.84,93.03,91.75,91.29,779.2,779.65,779.72,778.72,4.34,89.15,11.33,3.0,44.66,0.72,14.04,3.27,LANE_A,19452.0,-20.9,92.0,1.0,0,450.0,0.8,-0.51,1.21,-1.75,5.39,0.84,3.91,-0.09,-0.48,19.7,-1.45,1.62,-0.03,-0.06,0.7382,1
0.4,TRAIN_M01_LADAKH_NOMINAL,TRAIN,LADAKH,CLIMB,5368.1,2209.1,81.2,91.81,92.99,91.71,91.27,779.0,779.16,779.01,778.3,4.41,89.07,11.42,3.0,44.12,0.741,14.07,3.26,LANE_A,19460.0,-20.9,92.0,1.0,0,450.0,0.42,-0.9,0.82,-2.12,5.64,0.8,3.65,-0.06,-0.41,19.34,-1.42,1.06,-0.012,-0.03,0.7308,1
0.45,TRAIN_M01_LADAKH_NOMINAL,TRAIN,LADAKH,CLIMB,5386.4,2216.6,81.7,91.78,92.95,91.69,91.24,778.48,778.69,778.15,778.26,4.38,88.87,11.31,3.0,43.72,0.721,14.05,3.12,LANE_A,19468.0,-20.9,92.0,1.0,0,450.0,0.06,-1.27,0.47,-2.48,5.58,0.79,3.25,0.36,-0.45,18.88,-1.59,0.63,-0.035,-0.05,0.7234,1
0.5,TRAIN_M01_LADAKH_NOMINAL,TRAIN,LADAKH,CLIMB,5397.7,2221.3,82.1,91.75,92.91,91.66,91.21,778.22,778.33,778.15,778.01,4.35,88.77,11.27,3.0,43.5,0.688,14.05,3.21,LANE_A,19475.0,-20.9,92.0,1.0,0,450.0,-0.18,-1.52,0.23,-2.72,5.69,0.8,3.62,0.48,-0.48,18.61,-1.66,0.38,-0.07,-0.05,0.7192,1
0.55,TRAIN_M01_LADAKH_NOMINAL,TRAIN,LADAKH,CLIMB,5417.9,2229.6,82.4,91.72,92.87,91.64,91.19,777.33,777.73,777.72,777.19,4.37,88.71,11.24,3.0,43.41,0.758,14.06,3.23,LANE_A,19482.0,-21.0,92.0,1.0,0,450.0,-0.45,-1.8,-0.03,-2.98,5.1,0.5,3.49,-0.04,-0.47,18.38,-1.75,0.28,-0.003,-0.04,0.715,1
0.6,TRAIN_M01_LADAKH_NOMINAL,TRAIN,LADAKH,CLIMB,5426.5,2233.1,82.7,91.69,92.83,91.62,91.17,776.97,777.55,777.32,776.92,4.39,88.71,11.33,3.0,43.22,0.813,14.04,3.32,LANE_A,19490.0,-21.0,92.0,1.0,0,450.0,-0.64,-2.0,-0.21,-3.16,5.02,0.6,3.37,-0.03,-0.45,18.25,-1.69,0.08,0.051,-0.06,0.7124,1
0.65,TRAIN_M01_LADAKH_NOMINAL,TRAIN,LADAKH,CLIMB,5446.4,2241.3,83.0,91.67,92.8,91.59,91.15,776.47,777.31,776.86,776.77,4.41,88.77,11.43,3.0,43.29,0.792,14.08,3.06,LANE_A,19498.0,-21.0,92.0,1.0,0,450.0,-0.99,-2.36,-0.57,-3.51,4.8,0.64,3.19,0.1,-0.43,18.04,-1.65,0.14,0.027,-0.02,0.7083,1
0.7,TRAIN_M01_LADAKH_NOMINAL,TRAIN,LADAKH,CLIMB,5449.5,2242.6,83.2,91.65,92.77,91.57,91.13,776.52,776.94,776.77,776.88,4.39,88.67,11.47,3.0,43.25,0.73,14.06,2.86,LANE_A,19505.0,-21.0,92.0,1.0,0,450.0,-1.07,-2.45,-0.65,-3.59,5.04,0.46,3.29,0.4,-0.46,17.89,-1.62,0.09,-0.036,-0.04,0.706,1
0.75,TRAIN_M01_LADAKH_NOMINAL,TRAIN,LADAKH,CLIMB,5451.8,2243.5,83.5,91.63,92.74,91.55,91.12,776.14,776.51,776.33,776.4,4.4,88.67,11.47,3.0,43.06,0.761,14.08,3.51,LANE_A,19512.0,-21.0,92.0,1.0,0,450.0,-1.16,-2.55,-0.74,-3.67,4.95,0.32,3.14,0.21,-0.45,17.84,-1.63,-0.11,-0.005,-0.02,0.705,1
0.8,TRAIN_M01_LADAKH_NOMINAL,TRAIN,LADAKH,CLIMB,5454.0,2244.4,83.6,91.61,92.71,91.53,91.1,776.14,776.26,775.67,775.99,4.4,88.76,11.51,3.0,43.19,0.719,14.02,3.23,LANE_A,19520.0,-21.0,92.0,1.0,0,450.0,-1.22,-2.62,-0.8,-3.73,5.04,0.16,2.57,-0.11,-0.45,17.9,-1.6,0.03,-0.047,-0.08,0.7063,1
0.85,TRAIN_M01_LADAKH_NOMINAL,TRAIN,LADAKH,CLIMB,5469.1,2250.7,83.8,91.59,92.68,91.51,91.09,775.9,775.91,775.39,775.63,4.4,88.91,11.59,3.0,43.04,0.782,14.05,3.22,LANE_A,19528.0,-21.0,92.0,1.0,0,450.0,-1.49,-2.9,-1.07,-3.99,5.0,0.01,2.49,-0.27,-0.45,17.85,-1.55,-0.13,0.013,-0.05,0.7055,1
0.9,TRAIN_M01_LADAKH_NOMINAL,TRAIN,LADAKH,CLIMB,5482.9,2256.3,84.0,91.57,92.66,91.49,91.08,775.74,775.78,775.0,775.52,4.44,88.76,11.64,3.0,43.19,0.721,14.02,3.18,LANE_A,19535.0,-21.1,92.0,1.0,0,450.0,-1.65,-3.06,-1.23,-4.14,5.04,0.08,2.3,-0.18,-0.41,17.61,-1.55,0.02,-0.05,-0.08,0.7007,1
0.95,TRAIN_M01_LADAKH_NOMINAL,TRAIN,LADAKH,CLIMB,5483.1,2256.4,84.1,91.56,92.64,91.47,91.07,775.4,775.45,774.51,775.41,4.37,88.74,11.65,3.0,43.18,0.735,14.07,3.18,LANE_A,19542.0,-21.1,92.0,1.0,0,450.0,-1.67,-3.09,-1.26,-4.16,4.8,-0.15,1.91,-0.19,-0.48,17.58,-1.54,0.01,-0.036,-0.03,0.701,1
1.0,TRAIN_M01_LADAKH_NOMINAL,TRAIN,LADAKH,CLIMB,5489.3,2259.0,84.2,91.55,92.61,91.46,91.06,775.34,775.22,774.27,775.29,4.42,88.82,11.69,3.0,43.17,0.745,14.05,3.14,LANE_A,19550.0,-21.1,92.0,1.0,0,450.0,-1.78,-3.22,-1.37,-4.27,4.84,-0.28,1.77,-0.21,-0.44,17.58,-1.51,0.01,-0.027,-0.05,0.7006,1
1.05,TRAIN_M01_LADAKH_NOMINAL,TRAIN,LADAKH,CLIMB,5503.5,2264.8,84.3,91.53,92.59,91.44,91.05,775.07,775.05,774.27,775.11,4.39,88.98,11.73,3.0,43.17,0.822,14.04,3.13,LANE_A,19558.0,-21.1,92.0,1.0,0,450.0,-2.03,-3.47,-1.62,-4.51,4.66,-0.36,1.86,-0.3,-0.47,17.55,-1.51,0.01,0.048,-0.06,0.701,1
1.1,TRAIN_M01_LADAKH_NOMINAL,TRAIN,LADAKH,CLIMB,5504.9,2265.4,84.4,91.52,92.57,91.44,91.04,775.06,774.74,774.3,775.39,4.43,88.98,11.69,3.0,43.26,0.791,14.08,3.0,LANE_A,19565.0,-21.1,92.0,1.0,0,450.0,-2.07,-3.52,-1.65,-4.55,4.75,-0.57,1.99,0.08,-0.43,17.53,-1.55,0.11,0.017,-0.02,0.7001,1
1.15,TRAIN_M01_LADAKH_NOMINAL,TRAIN,LADAKH,CLIMB,5515.7,2269.8,84.5,91.5,92.56,91.43,91.03,774.73,774.7,774.27,774.89,4.4,89.02,11.73,3.0,43.22,0.749,14.07,3.1,LANE_A,19572.0,-21.1,92.0,1.0,0,450.0,-2.26,-3.7,-1.83,-4.73,4.52,-0.51,2.06,-0.32,-0.46,17.43,-1.53,0.07,-0.027,-0.03,0.699,1
1.2,TRAIN_M01_LADAKH_NOMINAL,TRAIN,LADAKH,CLIMB,5515.9,2269.9,84.6,91.49,92.54,91.42,91.02,774.93,774.72,773.8,774.66,4.45,88.97,11.76,3.0,43.1,0.719,14.05,3.04,LANE_A,19580.0,-21.1,92.0,1.0,0,450.0,-2.28,-3.73,-1.85,-4.75,4.81,-0.4,1.68,-0.46,-0.41,17.37,-1.5,-0.04,-0.057,-0.05,0.6971,1
1.25,TRAIN_M01_LADAKH_NOMINAL,TRAIN,LADAKH,CLIMB,5527.5,2274.7,84.7,91.48,92.52,91.41,91.01,774.88,774.5,773.38,774.46,4.46,89.03,11.79,3.0,43.2,0.783,14.03,3.22,LANE_A,19588.0,-21.1,92.0,1.0,0,450.0,-2.48,-3.94,-2.05,-4.95,4.86,-0.52,1.36,-0.56,-0.41,17.28,-1.5,0.06,0.005,-0.07,0.6958,1
1.3,TRAIN_M01_LADAKH_NOMINAL,TRAIN,LADAKH,CLIMB,5535.4,2278.0,84.8,91.48,92.5,91.41,91.01,774.59,774.34,773.09,774.19,4.4,89.23,11.81,3.0,43.11,0.769,14.06,3.01,LANE_A,19595.0,-21.2,92.0,1.0,0,450.0,-2.52,-4.0,-2.09,-4.99,4.68,-0.57,1.18,-0.72,-0.47,17.47,-1.51,-0.02,-0.01,-0.04,0.7005,1
1.35,TRAIN_M01_LADAKH_NOMINAL,TRAIN,LADAKH,CLIMB,5536.5,2278.4,84.8,91.47,92.48,91.4,91.0,774.3,774.22,773.26,773.94,4.42,89.28,11.8,3.0,43.15,0.748,14.06,3.2,LANE_A,19602.0,-21.2,92.0,1.0,0,450.0,-2.54,-4.03,-2.11,-5.01,4.39,-0.69,1.35,-0.97,-0.45,17.51,-1.51,0.03,-0.031,-0.04,0.701,1
1.4,TRAIN_M01_LADAKH_NOMINAL,TRAIN,LADAKH,CLIMB,5545.3,2282.0,84.9,91.46,92.47,91.39,91.0,774.27,774.29,773.71,773.84,4.41,89.3,11.8,3.0,43.03,0.733,14.05,3.39,LANE_A,19610.0,-21.2,92.0,1.0,0,450.0,-2.69,-4.18,-2.26,-5.15,4.46,-0.52,1.9,-0.97,-0.46,17.42,-1.54,-0.09,-0.048,-0.05,0.6999,1
1.45,TRAIN_M01_LADAKH_NOMINAL,TRAIN,LADAKH,CLIMB,5549.1,2283.6,85.0,91.46,92.45,91.38,90.99,774.29,773.82,773.8,773.57,4.44,89.26,11.9,3.0,43.12,0.785,14.07,3.22,LANE_A,19618.0,-21.2,92.0,1.0,0,450.0,-2.76,-4.27,-2.34,-5.23,4.58,-0.89,2.09,-1.14,-0.43,17.32,-1.44,0.01,0.004,-0.03,0.6975,1
1.5,TRAIN_M01_LADAKH_NOMINAL,TRAIN,LADAKH,CLIMB,5554.0,2285.6,85.0,91.45,92.43,91.38,90.99,774.28,773.59,773.99,773.66,4.49,89.21,11.92,3.0,43.19,0.764,14.07,3.41,LANE_A,19625.0,-21.2,92.0,1.0,0,450.0,-2.84,-4.36,-2.41,-5.3,4.57,-1.12,2.28,-1.05,-0.38,17.22,-1.43,0.09,-0.018,-0.03,0.695,1
1.55,TRAIN_M01_LADAKH_NOMINAL,TRAIN,LADAKH,CLIMB,5549.2,2283.6,85.1,91.45,92.42,91.38,90.99,773.88,773.63,773.5,773.74,4.4,89.23,11.89,3.0,43.12,0.726,14.08,3.07,LANE_A,19632.0,-21.2,92.0,1.0,0,450.0,-2.77,-4.3,-2.34,-5.23,4.27,-0.98,1.89,-0.87,-0.47,17.29,-1.45,0.02,-0.055,-0.02,0.6976,1
1.6,TRAIN_M01_LADAKH_NOMINAL,TRAIN,LADAKH,CLIMB,5553.6,2285.4,85.1,91.44,92.41,91.37,90.99,773.8,773.29,773.46,773.7,4.4,89.14,11.93,3.0,43.12,0.798,14.03,3.26,LANE_A,19640.0,-21.2,92.0,1.0,0,450.0,-2.85,-4.38,-2.42,-5.3,4.19,-1.32,1.85,-0.91,-0.47,17.15,-1.42,0.04,0.016,-0.07,0.6949,1
1.65,TRAIN_M01_LADAKH_NOMINAL,TRAIN,LADAKH,CLIMB,5549.3,2283.7,85.2,91.44,92.4,91.36,91.0,773.9,773.08,773.36,773.72,4.42,89.21,11.9,3.0,43.18,0.727,14.06,3.21,LANE_A,19648.0,-21.3,92.0,1.0,0,450.0,-2.69,-4.23,-2.27,-5.13,4.4,-1.42,1.86,-0.78,-0.45,17.36,-1.44,0.1,-0.054,-0.04,0.6984,1
1.7,TRAIN_M01_LADAKH_NOMINAL,TRAIN,LADAKH,CLIMB,5555.6,2286.2,85.2,91.43,92.39,91.36,91.0,773.9,772.76,773.04,773.27,4.43,89.1,11.95,3.0,43.09,0.749,14.05,3.25,LANE_A,19655.0,-21.3,92.0,1.0,0,450.0,-2.8,-4.34,-2.37,-5.23,4.4,-1.74,1.54,-1.23,-0.45,17.18,-1.4,0.03,-0.033,-0.05,0.695,1
1.75,TRAIN_M01_LADAKH_NOMINAL,TRAIN,LADAKH,CLIMB,5548.0,2283.1,85.3,91.43,92.39,91.35,91.0,773.58,772.84,772.56,773.21,4.39,89.0,12.0,3.0,43.12,0.816,14.05,3.25,LANE_A,19662.0,-21.3,92.0,1.0,0,450.0,-2.69,-4.23,-2.27,-5.12,4.18,-1.56,1.16,-1.19,-0.48,17.17,-1.33,0.06,0.035,-0.05,0.6949,1
1.8,TRAIN_M01_LADAKH_NOMINAL,TRAIN,LADAKH,CLIMB,5548.6,2283.4,85.3,91.43,92.38,91.34,91.0,773.11,772.95,772.68,773.04,4.4,89.06,11.94,3.0,43.1,0.792,14.06,3.16,LANE_A,19670.0,-21.3,92.0,1.0,0,450.0,-2.69,-4.24,-2.28,-5.12,3.71,-1.45,1.28,-1.36,-0.47,17.22,-1.39,0.05,0.011,-0.04,0.6958,1
1.85,TRAIN_M01_LADAKH_NOMINAL,TRAIN,LADAKH,CLIMB,5555.8,2286.3,85.4,91.42,92.36,91.34,90.99,773.16,772.72,772.4,773.0,4.42,89.08,11.83,3.0,43.15,0.77,14.04,3.23,LANE_A,19678.0,-21.3,92.0,1.0,0,450.0,-2.82,-4.38,-2.4,-5.25,3.86,-1.58,1.1,-1.3,-0.46,17.15,-1.52,0.11,-0.012,-0.06,0.6949,1
1.9,TRAIN_M01_LADAKH_NOMINAL,TRAIN,LADAKH,CLIMB,5561.7,2288.8,85.4,91.41,92.35,91.33,90.98,773.11,772.47,771.93,773.03,4.41,89.02,11.81,3.0,43.09,0.754,14.09,3.2,LANE_A,19685.0,-21.3,92.0,1.0,0,450.0,-2.92,-4.48,-2.5,-5.35,3.81,-1.83,0.63,-1.27,-0.47,17.02,-1.55,0.06,-0.029,-0.01,0.6927,1
1.95,TRAIN_M01_LADAKH_NOMINAL,TRAIN,LADAKH,CLIMB,5559.1,2287.7,85.4,91.41,92.33,91.32,90.98,772.93,772.76,771.87,773.12,4.45,89.0,11.83,3.0,43.09,0.777,14.04,3.04,LANE_A,19692.0,-21.3,92.0,1.0,0,450.0,-2.87,-4.45,-2.46,-5.3,3.63,-1.54,0.57,-1.18,-0.43,17.03,-1.52,0.07,-0.006,-0.06,0.6922,1
2.0,TRAIN_M01_LADAKH_NOMINAL,TRAIN,LADAKH,CLIMB,5553.8,2285.5,85.5,91.4,92.32,91.32,90.98,772.33,772.77,771.97,772.96,4.43,89.1,11.87,3.0,43.1,0.781,14.05,3.32,LANE_A,19700.0,-21.3,92.0,1.0,0,450.0,-2.81,-4.39,-2.39,-5.23,3.13,-1.43,0.77,-1.24,-0.45,17.19,-1.46,0.09,-0.001,-0.05,0.6953,1
2.05,TRAIN_M01_LADAKH_NOMINAL,TRAIN,LADAKH,CLIMB,5544.6,2281.7,85.5,91.4,92.3,91.32,90.98,772.41,772.4,772.07,773.17,4.45,89.16,11.92,3.0,42.99,0.74,14.03,3.51,LANE_A,19708.0,-21.4,92.0,1.0,0,450.0,-2.56,-4.16,-2.14,-4.98,3.22,-1.79,0.88,-1.02,-0.43,17.47,-1.39,-0.01,-0.04,-0.07,0.6998,1
2.1,TRAIN_M01_LADAKH_NOMINAL,TRAIN,LADAKH,CLIMB,5557.7,2287.1,85.5,91.4,92.29,91.31,90.97,772.24,772.79,772.04,772.64,4.37,89.19,11.89,3.0,43.08,0.855,14.03,3.09,LANE_A,19715.0,-21.4,92.0,1.0,0,450.0,-2.77,-4.38,-2.36,-5.2,3.05,-1.4,0.85,-1.55,-0.51,17.34,-1.45,0.1,0.073,-0.07,0.6993,1
2.15,TRAIN_M01_LADAKH_NOMINAL,TRAIN,LADAKH,CLIMB,5556.8,2286.8,85.6,91.39,92.29,91.31,90.96,772.08,772.78,772.14,772.65,4.43,89.17,11.96,3.0,43.05,0.679,14.05,3.37,LANE_A,19722.0,-21.4,92.0,1.0,0,450.0,-2.77,-4.37,-2.35,-5.2,2.99,-1.31,1.05,-1.44,-0.45,17.32,-1.38,0.07,-0.103,-0.05,0.6979,1
2.2,TRAIN_M01_LADAKH_NOMINAL,TRAIN,LADAKH,CLIMB,5559.3,2287.8,85.6,91.38,92.28,91.31,90.96,772.16,772.37,771.84,772.57,4.35,89.25,11.99,3.0,43.04,0.744,14.05,3.21,LANE_A,19730.0,-21.4,92.0,1.0,0,450.0,-2.81,-4.41,-2.38,-5.23,3.07,-1.72,0.75,-1.52,-0.53,17.38,-1.35,0.07,-0.039,-0.05,0.7002,1
2.25,TRAIN_M01_LADAKH_NOMINAL,TRAIN,LADAKH,CLIMB,5565.0,2290.1,85.6,91.37,92.26,91.31,90.96,772.03,772.3,772.0,772.28,4.43,89.14,11.96,3.0,42.94,0.741,14.06,3.17,LANE_A,19738.0,-21.4,92.0,1.0,0,450.0,-2.91,-4.52,-2.47,-5.32,2.94,-1.79,0.91,-1.81,-0.45,17.2,-1.39,-0.01,-0.043,-0.04,0.6957,1
2.3,TRAIN_M01_LADAKH_NOMINAL,TRAIN,LADAKH,CLIMB,5566.6,2290.8,85.7,91.37,92.25,91.3,90.96,772.06,772.27,772.03,772.27,4.45,89.26,11.89,3.0,42.98,0.752,14.05,3.18,LANE_A,19745.0,-21.4,92.0,1.0,0,450.0,-2.94,-4.56,-2.51,-5.35,3.07,-1.72,1.04,-1.72,-0.43,17.29,-1.46,0.03,-0.032,-0.05,0.6974,1
2.35,TRAIN_M01_LADAKH_NOMINAL,TRAIN,LADAKH,CLIMB,5563.7,2289.6,85.7,91.36,92.23,91.29,90.96,772.06,772.64,771.98,771.9,4.42,89.28,11.78,3.0,42.84,0.765,14.07,3.54,LANE_A,19752.0,-21.4,92.0,1.0,0,450.0,-2.9,-4.53,-2.47,-5.3,3.07,-1.35,0.99,-2.09,-0.46,17.35,-1.56,-0.1,-0.018,-0.03,0.6991,1
2.4,TRAIN_M01_LADAKH_NOMINAL,TRAIN,LADAKH,CLIMB,5564.5,2289.9,85.7,91.35,92.22,91.28,90.96,771.73,772.4,772.05,772.05,4.39,89.36,11.86,3.0,42.63,0.829,14.04,3.47,LANE_A,19760.0,-21.5,92.0,1.0,0,450.0,-2.82,-4.45,-2.39,-5.21,2.75,-1.58,1.07,-1.93,-0.49,17.52,-1.48,-0.29,0.046,-0.06,0.7025,1
2.45,TRAIN_M01_LADAKH_NOMINAL,TRAIN,LADAKH,CLIMB,5557.1,2286.9,85.7,91.34,92.2,91.28,90.96,771.93,772.17,772.05,771.61,4.42,89.4,11.86,3.0,42.61,0.777,14.03,3.4,LANE_A,19768.0,-21.5,92.0,1.0,0,450.0,-2.71,-4.35,-2.27,-5.09,2.95,-1.81,1.07,-2.37,-0.46,17.66,-1.46,-0.3,-0.005,-0.07,0.7045,1
2.5,TRAIN_M01_LADAKH_NOMINAL,TRAIN,LADAKH,CLIMB,5556.0,2286.4,85.8,91.34,92.2,91.28,90.96,771.78,772.29,772.06,771.51,4.45,89.35,12.03,3.0,42.65,0.765,14.04,3.07,LANE_A,19775.0,-21.5,92.0,1.0,0,450.0,-2.7,-4.34,-2.26,-5.08,2.9,-1.59,1.18,-2.37,-0.43,17.62,-1.29,-0.25,-0.017,-0.06,0.7029,1
2.55,TRAIN_M01_LADAKH_NOMINAL,TRAIN,LADAKH,CLIMB,5548.8,2283.5,85.8,91.33,92.19,91.28,90.96,771.79,772.34,771.64,771.49,4.41,89.38,11.92,3.0,42.78,0.788,14.06,3.37,LANE_A,19782.0,-21.5,92.0,1.0,0,450.0,-2.6,-4.24,-2.15,-4.97,2.91,-1.54,0.76,-2.39,-0.47,17.74,-1.38,-0.11,0.007,-0.04,0.7057,1
2.6,TRAIN_M01_LADAKH_NOMINAL,TRAIN,LADAKH,CLIMB,5549.8,2283.9,85.8,91.33,92.18,91.27,90.95,771.59,772.77,771.71,771.74,4.35,89.45,11.9,3.0,42.86,0.762,14.04,3.09,LANE_A,19790.0,-21.5,92.0,1.0,0,450.0,-2.61,-4.26,-2.17,-4.99,2.71,-1.11,0.83,-2.14,-0.53,17.8,-1.4,-0.02,-0.019,-0.06,0.7078,1
2.65,TRAIN_M01_LADAKH_NOMINAL,TRAIN,LADAKH,CLIMB,5548.4,2283.3,85.8,91.33,92.16,91.26,90.96,771.4,772.64,771.63,771.91,4.43,89.48,11.87,3.0,42.9,0.795,14.06,2.95,LANE_A,19798.0,-21.5,92.0,1.0,0,450.0,-2.58,-4.25,-2.15,-4.95,2.52,-1.24,0.75,-1.97,-0.45,17.85,-1.42,0.03,0.014,-0.04,0.7075,1
2.7,TRAIN_M01_LADAKH_NOMINAL,TRAIN,LADAKH,CLIMB,5549.6,2283.8,85.8,91.31,92.15,91.25,90.95,771.41,772.88,771.62,771.96,4.45,89.47,11.87,3.0,42.91,0.8,14.07,3.38,LANE_A,19805.0,-21.5,92.0,1.0,0,450.0,-2.61,-4.27,-2.17,-4.97,2.53,-1.0,0.74,-1.92,-0.43,17.83,-1.42,0.06,0.019,-0.03,0.7069,1
2.75,TRAIN_M01_LADAKH_NOMINAL,TRAIN,LADAKH,CLIMB,5556.5,2286.6,85.9,91.31,92.14,91.24,90.95,771.64,772.66,771.31,772.0,4.41,89.48,11.93,3.0,42.77,0.718,14.03,2.88,LANE_A,19812.0,-21.6,92.0,1.0,0,450.0,-2.64,-4.31,-2.21,-5.0,2.88,-1.1,0.55,-1.76,-0.47,17.84,-1.38,-0.08,-0.064,-0.07,0.7078,1
2.8,TRAIN_M01_LADAKH_NOMINAL,TRAIN,LADAKH,CLIMB,5552.5,2285.0,85.9,91.31,92.13,91.23,90.94,771.84,773.33,771.28,772.21,4.43,89.53,11.91,3.0,42.69,0.766,14.07,3.33,LANE_A,19820.0,-21.6,92.0,1.0,0,450.0,-2.57,-4.25,-2.15,-4.94,3.08,-0.43,0.52,-1.55,-0.45,17.95,-1.39,-0.15,-0.016,-0.03,0.7093,1
2.85,TRAIN_M01_LADAKH_NOMINAL,TRAIN,LADAKH,CLIMB,5555.6,2286.3,85.9,91.3,92.11,91.23,90.93,771.71,773.09,771.65,771.93,4.38,89.59,11.82,3.0,42.81,0.809,14.05,3.4,LANE_A,19828.0,-21.6,92.0,1.0,0,450.0,-2.62,-4.31,-2.19,-4.99,2.95,-0.67,0.89,-1.83,-0.5,17.97,-1.48,-0.01,0.027,-0.05,0.7107,1
2.9,TRAIN_M01_LADAKH_NOMINAL,TRAIN,LADAKH,CLIMB,5556.4,2286.6,85.9,91.29,92.09,91.23,90.93,771.63,772.93,771.55,771.91,4.38,89.72,11.84,3.0,42.81,0.817,14.04,3.37,LANE_A,19835.0,-21.6,92.0,1.0,0,450.0,-2.64,-4.34,-2.2,-5.0,2.87,-0.83,0.79,-1.85,-0.5,18.1,-1.46,0.0,0.035,-0.06,0.7132,1
2.95,TRAIN_M01_LADAKH_NOMINAL,TRAIN,LADAKH,CLIMB,5556.5,2286.6,85.9,91.29,92.09,91.22,90.91,771.35,772.47,771.47,771.92,4.44,89.78,11.87,3.0,42.74,0.756,14.06,3.3,LANE_A,19842.0,-21.6,92.0,1.0,0,450.0,-2.64,-4.34,-2.21,-5.02,2.59,-1.29,0.71,-1.84,-0.44,18.16,-1.42,-0.06,-0.026,-0.04,0.7134,1
3.0,TRAIN_M01_LADAKH_NOMINAL,TRAIN,LADAKH,CLIMB,5562.3,2289.0,85.9,91.28,92.08,91.21,90.91,771.64,772.44,771.44,772.11,4.42,89.93,11.85,3.0,42.68,0.815,14.07,3.04,LANE_A,19850.0,-21.6,92.0,1.0,0,450.0,-2.73,-4.43,-2.3,-5.1,2.88,-1.32,0.68,-1.65,-0.46,18.24,-1.45,-0.1,0.032,-0.03,0.7154,1
3.05,TRAIN_M01_LADAKH_NOMINAL,TRAIN,LADAKH,CLIMB,5565.7,2290.4,85.9,91.29,92.07,91.2,90.91,771.53,772.28,771.33,772.08,4.42,90.05,11.96,3.0,42.67,0.708,14.05,3.15,LANE_A,19858.0,-21.6,92.0,1.0,0,450.0,-2.77,-4.49,-2.36,-5.15,2.77,-1.48,0.57,-1.68,-0.46,18.32,-1.35,-0.1,-0.076,-0.05,0.717,1
3.1,TRAIN_M01_LADAKH_NOMINAL,TRAIN,LADAKH,CLIMB,5568.1,2291.4,85.9,91.28,92.06,91.2,90.9,771.37,772.42,771.46,772.15,4.46,90.03,11.96,3.0,42.76,0.758,14.04,3.19,LANE_A,19865.0,-21.6,92.0,1.0,0,450.0,-2.81,-4.53,-2.39,-5.19,2.61,-1.34,0.7,-1.61,-0.42,18.27,-1.35,0.0,-0.026,-0.06,0.7155,1
3.15,TRAIN_M01_LADAKH_NOMINAL,TRAIN,LADAKH,CLIMB,5566.6,2290.8,86.0,91.28,92.04,91.19,90.9,771.42,771.93,771.65,771.71,4.39,90.02,11.97,3.0,42.74,0.798,14.06,2.95,LANE_A,19872.0,-21.7,92.0,1.0,0,450.0,-2.7,-4.44,-2.29,-5.08,2.77,-1.72,1.0,-1.94,-0.5,18.37,-1.34,-0.01,0.014,-0.04,0.7182,1
3.2,TRAIN_M01_LADAKH_NOMINAL,TRAIN,LADAKH,CLIMB,5561.2,2288.6,86.0,91.28,92.04,91.19,90.89,771.19,771.72,771.37,771.66,4.44,90.1,11.97,3.0,42.77,0.829,14.07,3.27,LANE_A,19880.0,-21.7,92.0,1.0,0,450.0,-2.61,-4.35,-2.2,-5.0,2.54,-1.93,0.72,-1.99,-0.44,18.52,-1.32,0.03,0.046,-0.03,0.7199,1
3.25,TRAIN_M01_LADAKH_NOMINAL,TRAIN,LADAKH,CLIMB,5564.4,2289.9,86.0,91.27,92.03,91.18,90.89,770.91,771.43,771.27,771.74,4.38,90.11,11.91,3.0,42.91,0.74,14.05,2.92,LANE_A,19888.0,-21.7,92.0,1.0,0,450.0,-2.67,-4.41,-2.26,-5.05,2.26,-2.22,0.62,-1.91,-0.51,18.5,-1.39,0.18,-0.043,-0.05,0.7208,1
3.3,TRAIN_M01_LADAKH_NOMINAL,TRAIN,LADAKH,CLIMB,5566.3,2290.7,86.0,91.26,92.01,91.18,90.89,771.11,771.42,771.14,771.97,4.41,90.05,11.84,3.0,42.87,0.762,14.05,3.22,LANE_A,19895.0,-21.7,92.0,1.0,0,450.0,-2.7,-4.45,-2.28,-5.07,2.46,-2.23,0.49,-1.68,-0.48,18.42,-1.46,0.16,-0.022,-0.05,0.719,1
3.35,TRAIN_M01_LADAKH_NOMINAL,TRAIN,LADAKH,CLIMB,5563.2,2289.4,86.0,91.26,92.0,91.17,90.89,771.46,771.53,771.49,772.36,4.38,90.15,11.87,3.0,42.71,0.808,14.02,3.17,LANE_A,19902.0,-21.7,92.0,1.0,0,450.0,-2.65,-4.41,-2.24,-5.02,2.81,-2.12,0.84,-1.29,-0.51,18.56,-1.41,0.01,0.025,-0.08,0.7219,1
3.4,TRAIN_M01_LADAKH_NOMINAL,TRAIN,LADAKH,CLIMB,5568.4,2291.5,86.0,91.25,91.98,91.16,90.88,771.74,771.69,771.73,771.88,4.4,90.23,11.84,3.0,42.65,0.779,14.05,2.97,LANE_A,19910.0,-21.7,92.0,1.0,0,450.0,-2.74,-4.51,-2.33,-5.11,3.09,-1.96,1.08,-1.77,-0.49,18.58,-1.45,-0.04,-0.005,-0.05,0.7222,1
3.45,TRAIN_M01_LADAKH_NOMINAL,TRAIN,LADAKH,CLIMB,5569.0,2291.8,86.0,91.25,91.97,91.16,90.89,771.44,771.78,771.65,771.82,4.39,90.29,11.92,3.0,42.68,0.744,14.04,3.22,LANE_A,19918.0,-21.7,92.0,1.0,0,450.0,-2.74,-4.52,-2.33,-5.1,2.79,-1.87,1.0,-1.83,-0.5,18.64,-1.37,0.01,-0.04,-0.06,0.7233,1
3.5,TRAIN_M01_LADAKH_NOMINAL,TRAIN,LADAKH,CLIMB,5580.9,2296.7,86.0,91.24,91.96,91.16,90.88,771.75,771.8,771.45,771.82,4.4,90.39,12.03,3.0,42.62,0.743,14.04,3.17,LANE_A,19925.0,-21.8,92.0,1.0,0,450.0,-2.84,-4.62,-2.42,-5.2,3.12,-1.83,0.82,-1.81,-0.49,18.69,-1.29,-0.04,-0.043,-0.06,0.7242,1
3.55,TRAIN_M01_LADAKH_NOMINAL,TRAIN,LADAKH,CLIMB,5582.9,2297.5,86.0,91.24,91.95,91.16,90.89,771.62,771.77,771.54,771.96,4.39,90.47,12.02,3.0,42.68,0.769,14.05,3.1,LANE_A,19932.0,-21.8,92.0,1.0,0,450.0,-2.87,-4.66,-2.45,-5.22,2.99,-1.86,0.91,-1.67,-0.5,18.74,-1.3,0.03,-0.017,-0.05,0.7253,1
3.6,TRAIN_M01_LADAKH_NOMINAL,TRAIN,LADAKH,CLIMB,5586.1,2298.8,86.0,91.23,91.95,91.16,90.89,771.54,771.69,771.8,772.04,4.39,90.51,12.05,3.0,42.77,0.813,14.07,3.6,LANE_A,19940.0,-21.8,92.0,1.0,0,450.0,-2.92,-4.7,-2.49,-5.26,2.91,-1.94,1.17,-1.59,-0.5,18.75,-1.27,0.13,0.026,-0.03,0.7255,1
3.65,TRAIN_M01_LADAKH_NOMINAL,TRAIN,LADAKH,CLIMB,5581.6,2296.9,86.0,91.24,91.93,91.16,90.88,771.05,771.63,771.97,771.91,4.42,90.6,12.03,3.0,42.74,0.767,14.06,3.48,LANE_A,19948.0,-21.8,92.0,1.0,0,450.0,-2.84,-4.65,-2.42,-5.2,2.42,-2.0,1.34,-1.72,-0.47,18.9,-1.28,0.12,-0.019,-0.04,0.7277,1
3.7,TRAIN_M01_LADAKH_NOMINAL,TRAIN,LADAKH,CLIMB,5579.7,2296.2,86.0,91.24,91.93,91.16,90.89,770.67,772.07,771.83,771.69,4.41,90.65,12.14,3.0,42.77,0.779,14.07,3.37,LANE_A,19955.0,-21.8,92.0,1.0,0,450.0,-2.8,-4.61,-2.38,-5.15,2.04,-1.56,1.2,-1.94,-0.48,18.98,-1.16,0.16,-0.007,-0.03,0.7289,1
3.75,TRAIN_M01_LADAKH_NOMINAL,TRAIN,LADAKH,CLIMB,5586.3,2298.9,86.0,91.24,91.92,91.16,90.89,770.66,771.91,771.54,772.02,4.4,90.69,12.06,3.0,42.52,0.841,14.05,3.37,LANE_A,19962.0,-21.8,92.0,1.0,0,450.0,-2.9,-4.72,-2.48,-5.25,2.03,-1.72,0.91,-1.61,-0.49,18.94,-1.25,-0.08,0.054,-0.05,0.7288,1
3.8,TRAIN_M01_LADAKH_NOMINAL,TRAIN,LADAKH,CLIMB,5589.7,2300.3,85.9,91.24,91.92,91.16,90.89,770.99,771.83,771.84,771.59,4.41,90.53,12.04,3.0,42.47,0.769,14.04,3.15,LANE_A,19970.0,-21.8,92.0,1.0,0,450.0,-2.94,-4.76,-2.52,-5.29,2.26,-1.9,1.11,-2.14,-0.48,18.75,-1.27,-0.11,-0.018,-0.06,0.7253,1
3.85,TRAIN_M01_LADAKH_NOMINAL,TRAIN,LADAKH,CLIMB,5582.7,2297.4,85.9,91.24,91.91,91.17,90.89,770.9,771.65,771.75,771.79,4.41,90.62,12.05,3.0,42.41,0.781,14.06,3.14,LANE_A,19978.0,-21.9,92.0,1.0,0,450.0,-2.73,-4.56,-2.3,-5.08,2.18,-2.07,1.03,-1.93,-0.48,19.02,-1.25,-0.15,-0.005,-0.04,0.7296,1
3.9,TRAIN_M01_LADAKH_NOMINAL,TRAIN,LADAKH,CLIMB,5581.5,2296.9,85.9,91.23,91.91,91.16,90.89,770.9,772.0,771.85,772.02,4.41,90.54,12.09,3.0,42.33,0.787,14.03,3.23,LANE_A,19985.0,-21.9,92.0,1.0,0,450.0,-2.72,-4.54,-2.29,-5.06,2.18,-1.72,1.13,-1.7,-0.48,18.96,-1.2,-0.22,0.001,-0.07,0.7285,1
3.95,TRAIN_M01_LADAKH_NOMINAL,TRAIN,LADAKH,CLIMB,5580.5,2296.5,85.9,91.23,91.9,91.16,90.89,771.16,771.9,772.03,772.09,4.39,90.56,11.94,3.0,42.47,0.825,14.03,3.57,LANE_A,19992.0,-21.9,92.0,1.0,0,450.0,-2.7,-4.53,-2.27,-5.04,2.44,-1.82,1.31,-1.63,-0.5,19.0,-1.34,-0.07,0.039,-0.07,0.7296,1
4.0,TRAIN_M01_LADAKH_NOMINAL,TRAIN,LADAKH,CRUISE_LOITER,5575.3,2294.3,84.1,91.23,91.89,91.17,90.89,771.34,772.3,772.56,772.43,4.36,90.61,11.83,3.0,42.48,0.78,14.05,3.37,LANE_A,20079.0,-22.0,89.0,1.0,0,450.0,-3.12,-4.96,-2.68,-5.46,0.88,-3.16,0.1,-3.03,-0.53,18.73,-1.33,0.22,-0.005,-0.05,0.7262,1
4.05,TRAIN_M01_LADAKH_NOMINAL,TRAIN,LADAKH,CRUISE_LOITER,5573.1,2293.4,82.6,91.22,91.89,91.16,90.89,771.56,772.45,772.98,773.33,4.43,90.65,11.73,3.0,42.35,0.84,14.06,3.25,LANE_A,20080.0,-22.0,89.0,1.0,0,450.0,-2.91,-4.74,-2.47,-5.24,-0.33,-4.44,-0.91,-3.56,-0.46,18.95,-1.37,0.2,0.055,-0.04,0.7289,1
4.1,TRAIN_M01_LADAKH_NOMINAL,TRAIN,LADAKH,CRUISE_LOITER,5562.5,2289.1,81.3,91.22,91.88,91.15,90.88,772.03,772.95,773.16,773.9,4.36,90.71,11.58,3.0,42.23,0.757,14.04,3.33,LANE_A,20081.0,-22.0,89.0,1.0,0,450.0,-2.59,-4.43,-2.16,-4.93,-1.07,-5.15,-1.94,-4.2,-0.53,19.26,-1.44,0.18,-0.026,-0.06,0.7347,1
4.15,TRAIN_M01_LADAKH_NOMINAL,TRAIN,LADAKH,CRUISE_LOITER,5556.3,2286.5,80.2,91.21,91.86,91.13,90.87,772.85,773.48,773.77,774.39,4.35,90.7,11.3,3.0,42.14,0.837,14.07,3.18,LANE_A,20081.0,-22.1,89.0,1.0,0,450.0,-2.28,-4.13,-1.86,-4.62,-1.23,-5.6,-2.31,-4.69,-0.54,19.53,-1.67,0.17,0.055,-0.03,0.7393,1
4.2,TRAIN_M01_LADAKH_NOMINAL,TRAIN,LADAKH,CRUISE_LOITER,5539.7,2279.7,79.2,91.19,91.84,91.12,90.85,773.41,774.13,774.57,774.75,4.35,90.78,11.17,3.0,41.98,0.854,14.04,2.95,LANE_A,20082.0,-22.1,89.0,1.0,0,450.0,-1.92,-3.77,-1.49,-4.26,-1.55,-5.83,-2.39,-5.21,-0.54,19.91,-1.73,0.09,0.074,-0.06,0.7453,1
4.25,TRAIN_M01_LADAKH_NOMINAL,TRAIN,LADAKH,CRUISE_LOITER,5536.6,2278.4,78.4,91.16,91.81,91.09,90.83,774.22,774.72,775.08,775.42,4.4,90.89,11.01,3.0,41.95,0.804,14.06,3.32,LANE_A,20083.0,-22.1,89.0,1.0,0,450.0,-1.82,-3.67,-1.39,-4.15,-1.43,-5.93,-2.57,-5.23,-0.49,20.13,-1.85,0.12,0.025,-0.04,0.7483,1
4.3,TRAIN_M01_LADAKH_NOMINAL,TRAIN,LADAKH,CRUISE_LOITER,5525.3,2273.8,77.7,91.14,91.78,91.07,90.8,774.65,774.99,775.81,775.93,4.35,90.89,10.98,3.0,41.92,0.712,14.05,3.31,LANE_A,20084.0,-22.1,89.0,1.0,0,450.0,-1.58,-3.44,-1.15,-3.92,-1.6,-6.26,-2.44,-5.32,-0.53,20.33,-1.83,0.14,-0.065,-0.05,0.7518,1
4.35,TRAIN_M01_LADAKH_NOMINAL,TRAIN,LADAKH,CRUISE_LOITER,5512.9,2268.7,77.1,91.12,91.75,91.04,90.78,775.41,775.68,776.25,776.75,4.35,91.02,10.87,3.0,41.82,0.787,14.06,3.09,LANE_A,20085.0,-22.1,89.0,1.0,0,450.0,-1.34,-3.21,-0.92,-3.68,-1.34,-6.07,-2.5,-5.0,-0.53,20.67,-1.89,0.09,0.012,-0.04,0.7569,1
4.4,TRAIN_M01_LADAKH_NOMINAL,TRAIN,LADAKH,CRUISE_LOITER,5500.3,2263.5,76.6,91.08,91.71,91.0,90.75,776.22,776.5,777.08,777.18,4.33,90.98,10.66,3.0,41.94,0.789,14.05,2.98,LANE_A,20086.0,-22.1,88.9,1.0,0,450.0,-1.16,-3.03,-0.74,-3.49,-0.94,-5.66,-2.08,-4.98,-0.55,20.81,-2.06,0.25,0.015,-0.05,0.7595,1
4.45,TRAIN_M01_LADAKH_NOMINAL,TRAIN,LADAKH,CRUISE_LOITER,5490.3,2259.4,76.2,91.05,91.67,90.96,90.71,776.61,777.2,777.73,777.76,4.38,90.92,10.54,3.0,41.9,0.755,14.06,3.26,LANE_A,20087.0,-22.1,88.9,1.0,0,450.0,-1.0,-2.88,-0.59,-3.34,-0.87,-5.28,-1.75,-4.72,-0.5,20.9,-2.14,0.24,-0.017,-0.04,0.7603,1
4.5,TRAIN_M01_LADAKH_NOMINAL,TRAIN,LADAKH,CRUISE_LOITER,5475.1,2253.1,75.8,91.0,91.62,90.92,90.67,776.84,777.38,778.07,778.19,4.35,90.97,10.36,3.0,41.91,0.784,14.07,3.0,LANE_A,20088.0,-22.1,88.9,1.0,0,450.0,-0.77,-2.65,-0.35,-3.1,-0.96,-5.42,-1.73,-4.61,-0.52,21.17,-2.27,0.28,0.014,-0.03,0.7647,1
4.55,TRAIN_M01_LADAKH_NOMINAL,TRAIN,LADAKH,CRUISE_LOITER,5463.1,2248.2,75.5,90.96,91.58,90.87,90.63,777.62,778.12,778.82,778.74,4.32,90.9,10.28,3.0,41.96,0.723,14.05,3.33,LANE_A,20089.0,-22.1,88.9,1.0,0,450.0,-0.6,-2.48,-0.19,-2.93,-0.42,-4.92,-1.22,-4.3,-0.55,21.28,-2.31,0.35,-0.045,-0.05,0.7667,1
4.6,TRAIN_M01_LADAKH_NOMINAL,TRAIN,LADAKH,CRUISE_LOITER,5452.8,2243.9,75.2,90.92,91.53,90.82,90.59,778.42,778.64,779.29,778.96,4.35,90.76,10.37,3.0,41.87,0.762,14.04,3.0,LANE_A,20090.0,-22.1,88.9,1.0,0,450.0,-0.45,-2.34,-0.05,-2.78,0.14,-4.64,-0.99,-4.32,-0.52,21.29,-2.19,0.29,-0.004,-0.06,0.7662,1
4.65,TRAIN_M01_LADAKH_NOMINAL,TRAIN,LADAKH,CRUISE_LOITER,5441.8,2239.4,75.0,90.88,91.48,90.78,90.55,779.19,779.08,779.41,779.3,4.3,90.84,10.2,3.0,41.78,0.747,14.06,3.49,LANE_A,20091.0,-22.1,88.9,1.0,0,450.0,-0.3,-2.2,0.1,-2.63,0.76,-4.35,-1.02,-4.13,-0.56,21.52,-2.33,0.21,-0.018,-0.04,0.7703,1
4.7,TRAIN_M01_LADAKH_NOMINAL,TRAIN,LADAKH,CRUISE_LOITER,5435.3,2236.8,74.8,90.83,91.43,90.73,90.51,779.51,779.72,779.89,779.54,4.33,90.81,10.2,3.0,41.7,0.765,14.06,3.25,LANE_A,20092.0,-22.1,88.9,1.0,0,450.0,-0.23,-2.13,0.17,-2.55,0.92,-3.87,-0.7,-4.05,-0.53,21.58,-2.3,0.15,0.001,-0.04,0.7707,1
4.75,TRAIN_M01_LADAKH_NOMINAL,TRAIN,LADAKH,CRUISE_LOITER,5431.4,2235.2,74.6,90.78,91.38,90.68,90.46,780.03,779.69,780.04,779.95,4.32,90.87,10.16,3.0,41.56,0.826,14.07,3.21,LANE_A,20093.0,-22.1,88.9,1.0,0,450.0,-0.2,-2.1,0.2,-2.52,1.29,-4.05,-0.7,-3.79,-0.54,21.71,-2.33,0.03,0.063,-0.03,0.7729,1
4.8,TRAIN_M01_LADAKH_NOMINAL,TRAIN,LADAKH,CRUISE_LOITER,5425.7,2232.8,74.5,90.73,91.33,90.64,90.41,780.22,780.28,780.15,780.38,4.32,90.94,10.13,3.0,41.49,0.738,14.06,3.33,LANE_A,20094.0,-22.1,88.9,1.0,0,450.0,-0.15,-2.05,0.26,-2.47,1.4,-3.54,-0.67,-3.44,-0.54,21.85,-2.34,-0.04,-0.024,-0.04,0.7749,1
4.85,TRAIN_M01_LADAKH_NOMINAL,TRAIN,LADAKH,CRUISE_LOITER,5429.0,2234.1,74.4,90.69,91.28,90.59,90.37,780.31,780.5,780.04,780.46,4.3,90.93,10.05,3.0,41.58,0.778,14.02,3.36,LANE_A,20095.0,-22.1,88.9,1.0,0,450.0,-0.23,-2.14,0.17,-2.55,1.41,-3.4,-0.86,-3.44,-0.56,21.81,-2.42,0.06,0.015,-0.08,0.7747,1
4.9,TRAIN_M01_LADAKH_NOMINAL,TRAIN,LADAKH,CRUISE_LOITER,5418.6,2229.9,74.3,90.63,91.22,90.54,90.32,780.68,780.65,780.62,780.82,4.32,90.93,9.97,3.0,41.41,0.78,14.07,3.28,LANE_A,20096.0,-22.1,88.9,1.0,0,450.0,-0.12,-2.03,0.29,-2.43,1.71,-3.32,-0.35,-3.15,-0.54,21.95,-2.48,-0.1,0.019,-0.03,0.7766,1
4.95,TRAIN_M01_LADAKH_NOMINAL,TRAIN,LADAKH,CRUISE_LOITER,5414.1,2228.0,74.2,90.58,91.17,90.48,90.27,780.48,780.89,780.72,781.45,4.3,91.06,9.98,3.0,41.47,0.758,14.05,3.17,LANE_A,20096.0,-22.1,88.9,1.0,0,450.0,-0.1,-2.01,0.3,-2.41,1.43,-3.16,-0.33,-2.6,-0.56,22.14,-2.45,-0.03,-0.002,-0.05,0.7795,1
5.0,TRAIN_M01_LADAKH_NOMINAL,TRAIN,LADAKH,CRUISE_LOITER,5405.6,2224.5,74.1,90.52,91.11,90.43,90.22,780.65,781.21,780.84,781.22,4.33,91.04,9.84,3.0,41.57,0.735,14.09,3.01,LANE_A,20097.0,-22.1,88.9,1.0,0,450.0,-0.02,-1.93,0.39,-2.32,1.53,-2.91,-0.28,-2.9,-0.52,22.23,-2.57,0.08,-0.024,-0.01,0.7806,1
5.05,TRAIN_M01_LADAKH_NOMINAL,TRAIN,LADAKH,CRUISE_LOITER,5394.6,2220.0,74.1,90.46,91.06,90.37,90.17,780.67,781.2,781.36,781.7,4.33,91.0,9.89,3.0,41.51,0.796,14.06,3.46,LANE_A,20098.0,-22.1,88.9,1.0,0,450.0,0.09,-1.81,0.5,-2.2,1.55,-2.92,0.24,-2.42,-0.52,22.32,-2.49,0.02,0.039,-0.04,0.7817,1
5.1,TRAIN_M01_LADAKH_NOMINAL,TRAIN,LADAKH,CRUISE_LOITER,5389.5,2217.9,74.0,90.41,90.99,90.32,90.13,780.87,781.03,781.61,782.0,4.3,90.98,9.92,3.0,41.5,0.783,14.06,3.25,LANE_A,20099.0,-22.1,88.9,1.0,0,450.0,0.12,-1.8,0.53,-2.16,1.67,-3.17,0.41,-2.2,-0.55,22.37,-2.45,0.02,0.026,-0.04,0.7826,1
5.15,TRAIN_M01_LADAKH_NOMINAL,TRAIN,LADAKH,CRUISE_LOITER,5384.3,2215.8,74.0,90.37,90.94,90.27,90.07,781.18,780.99,781.45,781.69,4.3,90.93,10.02,3.0,41.39,0.743,14.09,3.25,LANE_A,20100.0,-22.1,88.9,1.0,0,450.0,0.16,-1.77,0.56,-2.14,1.98,-3.21,0.25,-2.51,-0.55,22.38,-2.34,-0.09,-0.013,-0.01,0.7825,1
5.2,TRAIN_M01_LADAKH_NOMINAL,TRAIN,LADAKH,CRUISE_LOITER,5379.2,2213.7,73.9,90.32,90.88,90.22,90.02,781.23,781.47,781.68,781.91,4.28,90.82,9.91,3.0,41.39,0.764,14.04,3.1,LANE_A,20101.0,-22.1,88.9,1.0,0,450.0,0.2,-1.74,0.6,-2.1,1.96,-2.8,0.41,-2.36,-0.57,22.34,-2.43,-0.08,0.009,-0.06,0.7823,1
5.25,TRAIN_M01_LADAKH_NOMINAL,TRAIN,LADAKH,CRUISE_LOITER,5383.7,2215.5,73.9,90.26,90.82,90.17,89.97,781.22,781.17,781.68,781.54,4.26,90.83,9.92,3.0,41.43,0.707,14.07,3.07,LANE_A,20102.0,-22.1,88.8,1.0,0,450.0,0.05,-1.89,0.46,-2.24,1.95,-3.1,0.41,-2.73,-0.59,22.28,-2.43,-0.04,-0.049,-0.03,0.7818,1
5.3,TRAIN_M01_LADAKH_NOMINAL,TRAIN,LADAKH,CRUISE_LOITER,5385.2,2216.1,73.9,90.21,90.77,90.12,89.92,781.55,781.01,781.81,781.92,4.29,90.96,9.99,3.0,41.43,0.762,14.08,2.92,LANE_A,20103.0,-22.1,88.8,1.0,0,450.0,-0.03,-1.97,0.38,-2.32,2.28,-3.26,0.54,-2.35,-0.56,22.39,-2.36,-0.04,0.006,-0.02,0.7829,1
5.35,TRAIN_M01_LADAKH_NOMINAL,TRAIN,LADAKH,CRUISE_LOITER,5391.8,2218.9,73.9,90.17,90.72,90.07,89.88,781.45,780.79,782.11,782.14,4.29,90.77,9.94,3.0,41.46,0.774,14.08,3.16,LANE_A,20104.0,-22.1,88.8,1.0,0,450.0,-0.16,-2.11,0.24,-2.45,2.18,-3.48,0.84,-2.13,-0.56,22.12,-2.43,-0.01,0.017,-0.02,0.7792,1
5.4,TRAIN_M01_LADAKH_NOMINAL,TRAIN,LADAKH,CRUISE_LOITER,5387.0,2216.9,73.9,90.11,90.66,90.02,89.83,781.4,781.01,782.03,782.4,4.33,90.69,9.86,3.0,41.4,0.748,14.06,3.56,LANE_A,20105.0,-22.1,88.8,1.0,0,450.0,-0.15,-2.1,0.26,-2.43,2.13,-3.26,0.76,-1.87,-0.52,22.1,-2.5,-0.06,-0.008,-0.04,0.7786,1
5.45,TRAIN_M01_LADAKH_NOMINAL,TRAIN,LADAKH,CRUISE_LOITER,5388.4,2217.4,73.9,90.07,90.61,89.97,89.78,781.14,781.15,781.92,782.4,4.32,90.71,9.89,3.0,41.45,0.749,14.07,3.01,LANE_A,20106.0,-22.1,88.8,1.0,0,450.0,-0.21,-2.17,0.19,-2.5,1.87,-3.12,0.65,-1.87,-0.53,22.1,-2.47,-0.01,-0.007,-0.03,0.7787,1
5.5,TRAIN_M01_LADAKH_NOMINAL,TRAIN,LADAKH,CRUISE_LOITER,5392.1,2219.0,73.9,90.02,90.56,89.92,89.73,781.08,781.69,782.05,782.33,4.33,90.67,9.89,3.0,41.48,0.703,14.05,3.11,LANE_A,20106.0,-22.1,88.8,1.0,0,450.0,-0.32,-2.28,0.08,-2.61,1.81,-2.58,0.78,-1.94,-0.52,22.02,-2.48,0.02,-0.054,-0.05,0.7775,1
5.55,TRAIN_M01_LADAKH_NOMINAL,TRAIN,LADAKH,CRUISE_LOITER,5387.9,2217.2,73.9,89.97,90.51,89.87,89.68,781.25,781.82,781.76,782.5,4.29,90.76,9.82,3.0,41.62,0.688,14.07,3.05,LANE_A,20107.0,-22.1,88.8,1.0,0,450.0,-0.3,-2.26,0.1,-2.59,1.98,-2.45,0.49,-1.77,-0.56,22.16,-2.54,0.16,-0.068,-0.03,0.7801,1
5.6,TRAIN_M01_LADAKH_NOMINAL,TRAIN,LADAKH,CRUISE_LOITER,5385.8,2216.4,73.9,89.92,90.45,89.82,89.63,781.37,781.88,781.73,782.83,4.33,90.82,9.77,3.0,41.53,0.738,14.05,2.9,LANE_A,20108.0,-22.1,88.8,1.0,0,450.0,-0.32,-2.29,0.08,-2.61,2.1,-2.39,0.46,-1.44,-0.52,22.25,-2.58,0.07,-0.018,-0.05,0.781,1
5.65,TRAIN_M01_LADAKH_NOMINAL,TRAIN,LADAKH,CRUISE_LOITER,5389.0,2217.7,73.9,89.88,90.4,89.78,89.59,781.24,781.95,782.03,782.73,4.28,90.81,9.87,3.0,41.58,0.727,14.06,3.04,LANE_A,20109.0,-22.1,88.8,1.0,0,450.0,-0.41,-2.39,-0.01,-2.7,1.97,-2.32,0.76,-1.54,-0.57,22.2,-2.49,0.12,-0.03,-0.04,0.7807,1
5.7,TRAIN_M01_LADAKH_NOMINAL,TRAIN,LADAKH,CRUISE_LOITER,5384.6,2215.9,73.9,89.83,90.35,89.73,89.54,781.43,782.26,782.09,782.46,4.33,90.86,9.84,3.0,41.59,0.723,14.08,3.32,LANE_A,20110.0,-22.1,88.8,1.0,0,450.0,-0.39,-2.37,0.01,-2.68,2.16,-2.01,0.82,-1.81,-0.52,22.3,-2.51,0.13,-0.033,-0.02,0.7816,1
5.75,TRAIN_M01_LADAKH_NOMINAL,TRAIN,LADAKH,CRUISE_LOITER,5386.4,2216.6,73.9,89.78,90.3,89.68,89.5,781.53,782.56,782.41,782.29,4.32,90.79,9.88,3.0,41.55,0.733,14.06,3.15,LANE_A,20111.0,-22.1,88.8,1.0,0,450.0,-0.47,-2.45,-0.07,-2.75,2.26,-1.71,1.14,-1.98,-0.53,22.21,-2.47,0.1,-0.023,-0.04,0.7804,1
5.8,TRAIN_M01_LADAKH_NOMINAL,TRAIN,LADAKH,CRUISE_LOITER,5390.2,2218.2,73.9,89.74,90.25,89.64,89.45,781.6,782.69,782.79,782.61,4.32,90.75,9.86,3.0,41.53,0.793,14.07,3.14,LANE_A,20112.0,-22.1,88.8,1.0,0,450.0,-0.57,-2.56,-0.17,-2.86,2.33,-1.58,1.52,-1.66,-0.53,22.13,-2.5,0.08,0.036,-0.03,0.7794,1
5.85,TRAIN_M01_LADAKH_NOMINAL,TRAIN,LADAKH,CRUISE_LOITER,5379.7,2213.9,73.9,89.69,90.2,89.59,89.4,782.12,782.53,782.62,782.69,4.27,90.82,9.95,3.0,41.5,0.772,14.07,3.18,LANE_A,20113.0,-22.1,88.8,1.0,0,450.0,-0.46,-2.45,-0.06,-2.75,2.85,-1.74,1.35,-1.58,-0.58,22.32,-2.39,0.05,0.017,-0.03,0.7824,1
5.9,TRAIN_M01_LADAKH_NOMINAL,TRAIN,LADAKH,CRUISE_LOITER,5384.0,2215.6,73.9,89.64,90.15,89.54,89.36,782.02,782.43,782.6,782.51,4.34,90.85,9.93,3.0,41.49,0.736,14.08,2.92,LANE_A,20114.0,-22.1,88.8,1.0,0,450.0,-0.57,-2.56,-0.17,-2.85,2.75,-1.84,1.33,-1.76,-0.51,22.3,-2.41,0.04,-0.02,-0.02,0.7815,1
5.95,TRAIN_M01_LADAKH_NOMINAL,TRAIN,LADAKH,CRUISE_LOITER,5384.7,2215.9,73.9,89.6,90.1,89.5,89.31,782.12,782.38,782.05,782.83,4.29,90.94,9.89,3.0,41.62,0.733,14.06,3.21,LANE_A,20115.0,-22.1,88.8,1.0,0,450.0,-0.62,-2.62,-0.22,-2.91,2.85,-1.89,0.78,-1.44,-0.56,22.38,-2.46,0.17,-0.023,-0.04,0.7833,1
6.0,TRAIN_M01_LADAKH_NOMINAL,TRAIN,LADAKH,CRUISE_LOITER,5381.0,2214.4,73.9,89.55,90.05,89.45,89.27,782.49,782.29,782.14,782.89,4.27,90.95,9.83,3.0,41.55,0.8,14.07,3.06,LANE_A,20115.0,-22.1,88.7,1.0,0,450.0,-0.64,-2.64,-0.24,-2.92,3.22,-1.98,0.87,-1.38,-0.58,22.42,-2.51,0.1,0.045,-0.03,0.7842,1
6.05,TRAIN_M01_LADAKH_NOMINAL,TRAIN,LADAKH,CRUISE_LOITER,5380.2,2214.1,73.9,89.5,90.0,89.41,89.22,782.78,782.32,782.0,782.93,4.28,90.94,9.84,3.0,41.53,0.771,14.06,3.18,LANE_A,20116.0,-22.1,88.7,1.0,0,450.0,-0.68,-2.68,-0.27,-2.96,3.51,-1.95,0.73,-1.34,-0.57,22.42,-2.5,0.08,0.016,-0.04,0.7841,1
6.1,TRAIN_M01_LADAKH_NOMINAL,TRAIN,LADAKH,CRUISE_LOITER,5387.3,2217.0,73.9,89.46,89.95,89.36,89.17,782.45,782.37,782.16,782.98,4.29,91.07,9.79,3.0,41.52,0.769,14.06,3.34,LANE_A,20117.0,-22.1,88.7,1.0,0,450.0,-0.83,-2.84,-0.43,-3.12,3.18,-1.9,0.89,-1.29,-0.56,22.46,-2.56,0.07,0.013,-0.04,0.7848,1
6.15,TRAIN_M01_LADAKH_NOMINAL,TRAIN,LADAKH,CRUISE_LOITER,5380.5,2214.2,73.9,89.41,89.9,89.32,89.13,782.25,782.37,782.16,783.07,4.34,91.1,9.89,3.0,41.51,0.796,14.07,3.16,LANE_A,20118.0,-22.1,88.7,1.0,0,450.0,-0.77,-2.78,-0.36,-3.05,2.98,-1.9,0.89,-1.2,-0.51,22.57,-2.44,0.07,0.041,-0.03,0.7855,1
6.2,TRAIN_M01_LADAKH_NOMINAL,TRAIN,LADAKH,CRUISE_LOITER,5386.6,2216.7,73.9,89.36,89.85,89.27,89.09,782.51,782.3,782.09,783.14,4.3,91.04,9.86,3.0,41.47,0.75,14.05,3.29,LANE_A,20119.0,-22.1,88.7,1.0,0,450.0,-0.91,-2.92,-0.5,-3.18,3.24,-1.97,0.82,-1.13,-0.55,22.44,-2.49,0.03,-0.006,-0.05,0.7843,1
6.25,TRAIN_M01_LADAKH_NOMINAL,TRAIN,LADAKH,CRUISE_LOITER,5387.4,2217.0,74.0,89.31,89.8,89.23,89.05,782.33,782.25,782.31,783.17,4.28,91.06,9.81,3.0,41.42,0.716,14.07,3.14,LANE_A,20120.0,-22.1,88.7,1.0,0,450.0,-0.99,-3.0,-0.57,-3.25,3.13,-1.95,1.11,-1.03,-0.57,22.44,-2.54,-0.03,-0.04,-0.03,0.7847,1
6.3,TRAIN_M01_LADAKH_NOMINAL,TRAIN,LADAKH,CRUISE_LOITER,5384.3,2215.8,74.0,89.27,89.75,89.18,89.01,782.16,782.04,782.58,782.65,4.3,90.93,9.71,3.0,41.3,0.726,14.06,3.26,LANE_A,20121.0,-22.1,88.7,1.0,0,450.0,-0.98,-3.0,-0.57,-3.24,2.96,-2.16,1.38,-1.55,-0.55,22.35,-2.64,-0.15,-0.03,-0.04,0.7834,1
6.35,TRAIN_M01_LADAKH_NOMINAL,TRAIN,LADAKH,CRUISE_LOITER,5382.7,2215.1,74.0,89.22,89.7,89.13,88.97,782.25,781.97,782.81,782.35,4.25,90.88,9.81,3.0,41.27,0.777,14.07,3.24,LANE_A,20122.0,-22.1,88.7,1.0,0,450.0,-1.0,-3.02,-0.59,-3.25,3.05,-2.23,1.61,-1.85,-0.6,22.32,-2.53,-0.18,0.021,-0.03,0.7833,1
6.4,TRAIN_M01_LADAKH_NOMINAL,TRAIN,LADAKH,CRUISE_LOITER,5380.9,2214.4,74.0,89.18,89.65,89.09,88.93,782.08,781.9,782.4,782.25,4.29,90.93,9.91,3.0,41.29,0.813,14.08,3.22,LANE_A,20122.0,-22.1,88.7,1.0,0,450.0,-1.02,-3.05,-0.61,-3.27,2.88,-2.3,1.2,-1.95,-0.56,22.39,-2.43,-0.16,0.058,-0.02,0.7837,1
6.45,TRAIN_M01_LADAKH_NOMINAL,TRAIN,LADAKH,CRUISE_LOITER,5386.0,2216.5,74.0,89.14,89.6,89.04,88.89,781.66,781.8,782.36,782.07,4.28,90.94,9.8,3.0,41.32,0.753,14.05,3.46,LANE_A,20123.0,-22.1,88.7,1.0,0,450.0,-1.13,-3.17,-0.73,-3.38,2.46,-2.4,1.16,-2.13,-0.57,22.34,-2.55,-0.12,-0.003,-0.05,0.7834,1
6.5,TRAIN_M01_LADAKH_NOMINAL,TRAIN,LADAKH,CRUISE_LOITER,5379.6,2213.8,74.0,89.1,89.55,89.0,88.84,781.98,781.75,782.69,782.5,4.28,90.92,9.72,3.0,41.31,0.715,14.05,3.44,LANE_A,20124.0,-22.1,88.7,1.0,0,450.0,-1.08,-3.13,-0.68,-3.34,2.78,-2.45,1.49,-1.7,-0.57,22.4,-2.61,-0.13,-0.04,-0.05,0.7844,1
6.55,TRAIN_M01_LADAKH_NOMINAL,TRAIN,LADAKH,CRUISE_LOITER,5383.4,2215.4,74.0,89.05,89.5,88.95,88.8,781.73,781.58,782.43,782.72,4.32,90.88,9.72,3.0,41.18,0.829,14.08,3.07,LANE_A,20125.0,-22.1,88.7,1.0,0,450.0,-1.18,-3.23,-0.78,-3.43,2.53,-2.62,1.23,-1.48,-0.53,22.31,-2.62,-0.26,0.073,-0.02,0.7828,1
6.6,TRAIN_M01_LADAKH_NOMINAL,TRAIN,LADAKH,CRUISE_LOITER,5392.0,2218.9,74.0,89.01,89.44,88.91,88.76,782.01,781.62,782.29,782.74,4.3,90.83,9.75,3.0,41.18,0.782,14.07,3.07,LANE_A,20126.0,-22.1,88.7,1.0,0,450.0,-1.35,-3.42,-0.95,-3.6,2.81,-2.58,1.09,-1.46,-0.55,22.16,-2.61,-0.26,0.025,-0.03,0.781,1
6.65,TRAIN_M01_LADAKH_NOMINAL,TRAIN,LADAKH,CRUISE_LOITER,5389.4,2217.9,74.0,88.96,89.4,88.86,88.71,782.03,781.57,782.6,782.85,4.36,90.79,9.76,3.0,41.26,0.777,14.07,3.07,LANE_A,20127.0,-22.1,88.7,1.0,0,450.0,-1.36,-3.42,-0.96,-3.61,2.83,-2.63,1.4,-1.35,-0.49,22.15,-2.59,-0.18,0.02,-0.03,0.7802,1
6.7,TRAIN_M01_LADAKH_NOMINAL,TRAIN,LADAKH,CRUISE_LOITER,5399.9,2222.2,74.0,88.92,89.35,88.82,88.67,782.16,781.51,782.55,782.74,4.32,90.87,9.76,3.0,41.2,0.747,14.07,3.16,LANE_A,20128.0,-22.1,88.6,1.0,0,450.0,-1.58,-3.65,-1.18,-3.83,2.96,-2.69,1.35,-1.46,-0.53,22.09,-2.62,-0.24,-0.011,-0.03,0.78,1
6.75,TRAIN_M01_LADAKH_NOMINAL,TRAIN,LADAKH,CRUISE_LOITER,5393.9,2219.7,74.1,88.88,89.3,88.77,88.62,782.16,781.62,782.52,782.51,4.31,90.9,9.66,3.0,41.27,0.733,14.06,3.45,LANE_A,20129.0,-22.1,88.6,1.0,0,450.0,-1.54,-3.62,-1.15,-3.8,3.04,-2.5,1.4,-1.61,-0.54,22.18,-2.71,-0.17,-0.024,-0.04,0.7816,1
6.8,TRAIN_M01_LADAKH_NOMINAL,TRAIN,LADAKH,CRUISE_LOITER,5393.7,2219.6,74.1,88.83,89.26,88.72,88.59,782.35,781.42,782.12,782.71,4.31,90.88,9.71,3.0,41.24,0.781,14.07,3.43,LANE_A,20129.0,-22.1,88.6,1.0,0,450.0,-1.59,-3.66,-1.2,-3.83,3.23,-2.7,1.0,-1.41,-0.54,22.16,-2.66,-0.2,0.024,-0.03,0.7812,1
6.85,TRAIN_M01_LADAKH_NOMINAL,TRAIN,LADAKH,CRUISE_LOITER,5395.8,2220.5,74.1,88.78,89.21,88.68,88.55,782.53,780.9,781.97,783.07,4.3,90.83,9.68,3.0,41.36,0.824,14.07,3.32,LANE_A,20130.0,-22.1,88.6,1.0,0,450.0,-1.67,-3.74,-1.27,-3.9,3.41,-3.22,0.85,-1.05,-0.55,22.09,-2.69,-0.08,0.066,-0.03,0.7805,1
6.9,TRAIN_M01_LADAKH_NOMINAL,TRAIN,LADAKH,CRUISE_LOITER,5397.2,2221.1,74.1,88.74,89.17,88.63,88.51,782.46,780.93,781.69,782.88,4.3,90.78,9.75,3.0,41.44,0.775,14.03,2.93,LANE_A,20131.0,-22.1,88.6,1.0,0,450.0,-1.73,-3.8,-1.34,-3.96,3.34,-3.19,0.57,-1.24,-0.55,22.02,-2.62,0.0,0.017,-0.07,0.7794,1
6.95,TRAIN_M01_LADAKH_NOMINAL,TRAIN,LADAKH,CRUISE_LOITER,5390.6,2218.3,74.1,88.69,89.12,88.59,88.47,782.46,781.08,781.93,782.6,4.29,90.81,9.73,3.0,41.47,0.718,14.07,3.27,LANE_A,20132.0,-22.1,88.6,1.0,0,450.0,-1.68,-3.75,-1.28,-3.9,3.34,-3.04,0.81,-1.52,-0.56,22.13,-2.63,0.03,-0.039,-0.03,0.781,1
7.0,TRAIN_M01_LADAKH_NOMINAL,TRAIN,LADAKH,CRUISE_LOITER,5388.5,2217.5,74.1,88.65,89.07,88.55,88.43,782.22,781.36,781.76,782.23,4.28,90.88,9.78,3.0,41.32,0.773,14.05,3.39,LANE_A,20133.0,-22.1,88.6,1.0,0,450.0,-1.69,-3.77,-1.29,-3.91,3.1,-2.76,0.64,-1.89,-0.57,22.23,-2.57,-0.12,0.016,-0.05,0.7825,1
7.05,TRAIN_M01_LADAKH_NOMINAL,TRAIN,LADAKH,CRUISE_LOITER,5394.9,2220.1,74.1,88.61,89.03,88.51,88.39,781.8,781.26,781.78,782.47,4.32,90.97,9.77,3.0,41.23,0.718,14.05,3.43,LANE_A,20134.0,-22.1,88.6,1.0,0,450.0,-1.83,-3.91,-1.43,-4.05,2.68,-2.86,0.66,-1.65,-0.53,22.24,-2.6,-0.21,-0.039,-0.05,0.7824,1
7.1,TRAIN_M01_LADAKH_NOMINAL,TRAIN,LADAKH,CRUISE_LOITER,5387.3,2217.0,74.1,88.57,88.99,88.47,88.35,781.94,781.49,781.99,782.3,4.27,91.01,9.83,3.0,41.21,0.716,14.07,3.25,LANE_A,20134.0,-22.1,88.6,1.0,0,450.0,-1.75,-3.83,-1.35,-3.97,2.82,-2.63,0.87,-1.82,-0.58,22.37,-2.52,-0.23,-0.04,-0.03,0.7845,1
7.15,TRAIN_M01_LADAKH_NOMINAL,TRAIN,LADAKH,CRUISE_LOITER,5386.6,2216.7,74.1,88.53,88.94,88.43,88.32,782.24,781.65,782.0,782.55,4.29,91.03,9.83,3.0,41.27,0.734,14.07,3.42,LANE_A,20135.0,-22.1,88.6,1.0,0,450.0,-1.78,-3.87,-1.38,-3.99,3.12,-2.47,0.88,-1.57,-0.56,22.4,-2.52,-0.16,-0.022,-0.03,0.7848,1
7.2,TRAIN_M01_LADAKH_NOMINAL,TRAIN,LADAKH,CRUISE_LOITER,5390.3,2218.2,74.1,88.49,88.9,88.4,88.27,782.21,781.64,782.22,782.4,4.34,91.02,9.75,3.0,41.3,0.752,14.08,3.4,LANE_A,20136.0,-22.1,88.6,1.0,0,450.0,-1.88,-3.97,-1.47,-4.1,3.09,-2.48,1.1,-1.72,-0.51,22.35,-2.6,-0.13,-0.005,-0.02,0.7838,1
7.25,TRAIN_M01_LADAKH_NOMINAL,TRAIN,LADAKH,CRUISE_LOITER,5394.7,2220.1,74.2,88.45,88.86,88.36,88.24,782.22,782.09,782.13,782.11,4.29,91.02,9.76,3.0,41.26,0.738,14.05,3.13,LANE_A,20137.0,-22.1,88.6,1.0,0,450.0,-1.99,-4.08,-1.58,-4.2,3.17,-1.96,1.08,-1.94,-0.56,22.29,-2.61,-0.18,-0.019,-0.05,0.7836,1
7.3,TRAIN_M01_LADAKH_NOMINAL,TRAIN,LADAKH,CRUISE_LOITER,5392.5,2219.1,74.2,88.41,88.82,88.33,88.2,782.18,782.04,781.68,782.31,4.29,90.94,9.85,3.0,41.36,0.764,14.05,3.01,LANE_A,20138.0,-22.1,88.5,1.0,0,450.0,-2.02,-4.11,-1.6,-4.23,3.13,-2.01,0.63,-1.74,-0.56,22.21,-2.51,-0.08,0.007,-0.05,0.7823,1
7.35,TRAIN_M01_LADAKH_NOMINAL,TRAIN,LADAKH,CRUISE_LOITER,5398.9,2221.8,74.2,88.38,88.79,88.29,88.17,781.94,781.94,781.54,782.61,4.3,90.95,9.88,3.0,41.32,0.744,14.04,3.18,LANE_A,20139.0,-22.1,88.5,1.0,0,450.0,-2.15,-4.24,-1.74,-4.36,2.89,-2.11,0.49,-1.44,-0.55,22.15,-2.5,-0.11,-0.014,-0.06,0.7815,1
7.4,TRAIN_M01_LADAKH_NOMINAL,TRAIN,LADAKH,CRUISE_LOITER,5395.4,2220.3,74.2,88.34,88.75,88.26,88.14,782.35,781.76,782.03,782.17,4.26,91.0,9.83,3.0,41.38,0.737,14.03,3.42,LANE_A,20140.0,-22.1,88.5,1.0,0,450.0,-2.14,-4.23,-1.72,-4.34,3.3,-2.29,0.98,-1.88,-0.59,22.24,-2.54,-0.05,-0.021,-0.07,0.7833,1
7.45,TRAIN_M01_LADAKH_NOMINAL,TRAIN,LADAKH,CRUISE_LOITER,5397.8,2221.3,74.2,88.3,88.7,88.22,88.1,782.56,781.42,782.2,782.22,4.3,91.04,9.78,3.0,41.46,0.749,14.04,3.26,LANE_A,20140.0,-22.1,88.5,1.0,0,450.0,-2.21,-4.31,-1.79,-4.41,3.51,-2.63,1.15,-1.83,-0.55,22.25,-2.59,0.03,-0.009,-0.06,0.7832,1
7.5,TRAIN_M01_LADAKH_NOMINAL,TRAIN,LADAKH,CRUISE_LOITER,5398.2,2221.5,74.2,88.27,88.66,88.19,88.06,782.51,781.52,782.05,782.5,4.32,91.09,9.88,3.0,41.48,0.832,14.08,3.24,LANE_A,20141.0,-22.1,88.5,1.0,0,450.0,-2.25,-4.36,-1.83,-4.46,3.46,-2.53,1.0,-1.55,-0.53,22.3,-2.49,0.05,0.074,-0.02,0.7837,1
7.55,TRAIN_M01_LADAKH_NOMINAL,TRAIN,LADAKH,CRUISE_LOITER,5396.9,2221.0,74.2,88.23,88.62,88.15,88.03,782.23,781.82,782.19,782.08,4.32,90.98,9.92,3.0,41.52,0.777,14.06,3.08,LANE_A,20142.0,-22.1,88.5,1.0,0,450.0,-2.27,-4.38,-1.85,-4.47,3.18,-2.23,1.14,-1.97,-0.53,22.2,-2.45,0.09,0.019,-0.04,0.7821,1
7.6,TRAIN_M01_LADAKH_NOMINAL,TRAIN,LADAKH,CRUISE_LOITER,5393.3,2219.4,74.2,88.2,88.58,88.11,88.0,781.87,781.61,782.15,782.25,4.34,91.11,9.92,3.0,41.44,0.737,14.09,3.16,LANE_A,20143.0,-22.1,88.5,1.0,0,450.0,-2.24,-4.36,-1.83,-4.44,2.82,-2.44,1.1,-1.8,-0.51,22.38,-2.44,0.01,-0.02,-0.01,0.7844,1
7.65,TRAIN_M01_LADAKH_NOMINAL,TRAIN,LADAKH,CRUISE_LOITER,5397.5,2221.2,74.2,88.17,88.54,88.08,87.97,781.72,781.82,782.1,782.46,4.31,91.03,9.99,3.0,41.43,0.774,14.07,3.09,LANE_A,20144.0,-22.1,88.5,1.0,0,450.0,-2.34,-4.47,-1.93,-4.54,2.67,-2.23,1.05,-1.59,-0.54,22.25,-2.38,0.0,0.016,-0.03,0.7829,1
7.7,TRAIN_M01_LADAKH_NOMINAL,TRAIN,LADAKH,CRUISE_LOITER,5395.4,2220.3,74.2,88.13,88.5,88.05,87.94,781.95,781.62,781.98,781.82,4.27,91.1,9.91,3.0,41.58,0.673,14.07,2.96,LANE_A,20144.0,-22.1,88.5,1.0,0,450.0,-2.34,-4.47,-1.92,-4.53,2.9,-2.43,0.93,-2.23,-0.58,22.34,-2.46,0.15,-0.085,-0.03,0.7848,1
7.75,TRAIN_M01_LADAKH_NOMINAL,TRAIN,LADAKH,CRUISE_LOITER,5391.6,2218.8,74.2,88.1,88.46,88.01,87.91,781.86,781.93,782.16,781.84,4.31,90.95,9.8,3.0,41.52,0.762,14.04,3.36,LANE_A,20145.0,-22.1,88.5,1.0,0,450.0,-2.32,-4.46,-1.91,-4.51,2.81,-2.12,1.11,-2.21,-0.54,22.24,-2.56,0.09,0.005,-0.06,0.7831,1
7.8,TRAIN_M01_LADAKH_NOMINAL,TRAIN,LADAKH,CRUISE_LOITER,5381.3,2214.5,74.3,88.06,88.43,87.97,87.88,782.23,781.91,781.96,781.85,4.3,90.95,9.88,3.0,41.48,0.681,14.05,3.31,LANE_A,20146.0,-22.1,88.5,1.0,0,450.0,-2.21,-4.34,-1.8,-4.39,3.26,-2.06,0.99,-2.12,-0.55,22.35,-2.45,0.05,-0.074,-0.05,0.7844,1
7.85,TRAIN_M01_LADAKH_NOMINAL,TRAIN,LADAKH,CRUISE_LOITER,5381.3,2214.5,74.3,88.02,88.39,87.93,87.85,782.11,782.08,781.68,782.08,4.31,90.93,9.86,3.0,41.38,0.732,14.06,3.06,LANE_A,20147.0,-22.1,88.5,1.0,0,450.0,-2.25,-4.38,-1.84,-4.42,3.14,-1.89,0.71,-1.89,-0.54,22.33,-2.47,-0.05,-0.023,-0.04,0.7841,1
7.9,TRAIN_M01_LADAKH_NOMINAL,TRAIN,LADAKH,CRUISE_LOITER,5384.5,2215.8,74.3,87.99,88.35,87.9,87.81,782.13,782.21,782.02,781.92,4.27,90.9,9.85,3.0,41.32,0.793,14.05,3.29,LANE_A,20148.0,-22.1,88.5,1.0,0,450.0,-2.33,-4.47,-1.92,-4.51,3.16,-1.76,1.05,-2.05,-0.58,22.27,-2.49,-0.11,0.037,-0.05,0.7838,1
7.95,TRAIN_M01_LADAKH_NOMINAL,TRAIN,LADAKH,CRUISE_LOITER,5385.7,2216.3,74.3,87.96,88.31,87.87,87.79,782.1,782.1,781.85,782.02,4.26,90.99,9.85,3.0,41.38,0.774,14.03,3.31,LANE_A,20148.0,-22.1,88.4,1.0,0,450.0,-2.4,-4.55,-1.99,-4.57,3.13,-1.87,0.88,-1.95,-0.59,22.32,-2.49,-0.05,0.018,-0.07,0.7847,1
8.0,TRAIN_M01_LADAKH_NOMINAL,TRAIN,LADAKH,CRUISE_LOITER,5387.7,2217.1,74.3,87.92,88.27,87.84,87.74,782.53,782.13,781.86,782.07,4.28,91.03,9.7,3.0,41.33,0.767,14.08,3.01,LANE_A,20149.0,-22.1,88.4,1.0,0,450.0,-2.47,-4.62,-2.05,-4.65,3.56,-1.84,0.89,-1.9,-0.57,22.34,-2.65,-0.1,0.011,-0.02,0.7852,1
8.05,TRAIN_M01_LADAKH_NOMINAL,TRAIN,LADAKH,CRUISE_LOITER,5389.7,2218.0,74.3,87.88,88.23,87.8,87.71,782.53,782.03,781.79,782.37,4.3,90.92,9.74,3.0,41.38,0.765,14.04,3.19,LANE_A,20150.0,-22.1,88.4,1.0,0,450.0,-2.54,-4.69,-2.12,-4.71,3.56,-1.94,0.82,-1.6,-0.55,22.2,-2.61,-0.05,0.008,-0.06,0.783,1
8.1,TRAIN_M01_LADAKH_NOMINAL,TRAIN,LADAKH,CRUISE_LOITER,5386.3,2216.6,74.3,87.85,88.19,87.76,87.68,782.56,781.95,782.21,782.48,4.29,90.91,9.8,3.0,41.52,0.761,14.06,3.16,LANE_A,20151.0,-22.1,88.4,1.0,0,450.0,-2.52,-4.68,-2.11,-4.69,3.59,-2.02,1.24,-1.49,-0.56,22.23,-2.54,0.1,0.005,-0.04,0.7834,1
8.15,TRAIN_M01_LADAKH_NOMINAL,TRAIN,LADAKH,CRUISE_LOITER,5382.9,2215.2,74.3,87.82,88.16,87.73,87.65,781.97,781.8,782.3,782.35,4.29,90.91,9.84,3.0,41.43,0.73,14.05,3.13,LANE_A,20152.0,-22.2,88.4,1.0,0,450.0,-2.4,-4.56,-1.99,-4.57,3.01,-2.16,1.34,-1.61,-0.56,22.37,-2.5,0.01,-0.026,-0.05,0.7851,1
8.2,TRAIN_M01_LADAKH_NOMINAL,TRAIN,LADAKH,CRUISE_LOITER,5381.5,2214.6,74.3,87.78,88.12,87.69,87.62,782.17,781.98,782.32,782.32,4.32,90.87,9.81,3.0,41.36,0.741,14.05,2.78,LANE_A,20152.0,-22.2,88.4,1.0,0,450.0,-2.42,-4.58,-2.01,-4.58,3.21,-1.98,1.36,-1.64,-0.53,22.35,-2.53,-0.06,-0.014,-0.05,0.7846,1
8.25,TRAIN_M01_LADAKH_NOMINAL,TRAIN,LADAKH,CRUISE_LOITER,5379.1,2213.6,74.3,87.75,88.09,87.66,87.59,782.35,782.09,782.4,782.24,4.27,90.76,9.82,3.0,41.42,0.798,14.04,3.4,LANE_A,20153.0,-22.2,88.4,1.0,0,450.0,-2.42,-4.58,-2.01,-4.58,3.39,-1.87,1.44,-1.72,-0.58,22.27,-2.51,0.0,0.043,-0.06,0.784,1
8.3,TRAIN_M01_LADAKH_NOMINAL,TRAIN,LADAKH,CRUISE_LOITER,5380.1,2214.0,74.3,87.71,88.04,87.63,87.55,782.2,781.94,782.23,782.29,4.31,90.78,9.76,3.0,41.43,0.759,14.03,3.18,LANE_A,20154.0,-22.2,88.4,1.0,0,450.0,-2.47,-4.64,-2.05,-4.63,3.24,-2.02,1.27,-1.67,-0.54,22.27,-2.57,0.01,0.004,-0.07,0.7837,1
8.35,TRAIN_M01_LADAKH_NOMINAL,TRAIN,LADAKH,CRUISE_LOITER,5385.4,2216.2,74.3,87.68,88.01,87.59,87.52,781.92,782.19,782.47,782.57,4.3,90.76,9.72,3.0,41.55,0.733,14.06,3.27,LANE_A,20155.0,-22.2,88.4,1.0,0,450.0,-2.58,-4.75,-2.17,-4.74,2.96,-1.77,1.51,-1.39,-0.55,22.19,-2.62,0.13,-0.023,-0.04,0.7829,1
8.4,TRAIN_M01_LADAKH_NOMINAL,TRAIN,LADAKH,CRUISE_LOITER,5385.9,2216.4,74.3,87.64,87.98,87.56,87.49,781.93,781.88,782.58,782.46,4.31,90.61,9.79,3.0,41.49,0.71,14.04,3.29,LANE_A,20156.0,-22.2,88.4,1.0,0,450.0,-2.63,-4.79,-2.21,-4.78,2.97,-2.08,1.62,-1.5,-0.54,22.04,-2.56,0.07,-0.046,-0.06,0.7807,1
8.45,TRAIN_M01_LADAKH_NOMINAL,TRAIN,LADAKH,CRUISE_LOITER,5393.6,2219.6,74.3,87.62,87.94,87.53,87.45,781.62,781.61,782.63,782.43,4.31,90.59,9.85,3.0,41.5,0.667,14.06,3.04,LANE_A,20156.0,-22.2,88.4,1.0,0,450.0,-2.76,-4.94,-2.35,-4.93,2.66,-2.35,1.67,-1.53,-0.54,21.92,-2.51,0.08,-0.09,-0.04,0.7792,1
8.5,TRAIN_M01_LADAKH_NOMINAL,TRAIN,LADAKH,CRUISE_LOITER,5383.1,2215.3,74.4,87.59,87.91,87.51,87.43,781.7,782.11,782.32,782.36,4.33,90.54,9.93,3.0,41.47,0.774,14.06,3.26,LANE_A,20157.0,-22.2,88.3,1.0,0,450.0,-2.67,-4.85,-2.25,-4.83,2.82,-1.77,1.44,-1.52,-0.52,21.97,-2.41,0.05,0.018,-0.04,0.7792,1
8.55,TRAIN_M01_LADAKH_NOMINAL,TRAIN,LADAKH,CRUISE_LOITER,5383.3,2215.4,74.4,87.57,87.88,87.48,87.4,781.64,781.97,782.18,782.25,4.32,90.4,9.94,3.0,41.44,0.812,14.06,3.38,LANE_A,20158.0,-22.2,88.3,1.0,0,450.0,-2.69,-4.88,-2.28,-4.86,2.76,-1.91,1.3,-1.63,-0.53,21.83,-2.4,0.02,0.056,-0.04,0.7774,1
8.6,TRAIN_M01_LADAKH_NOMINAL,TRAIN,LADAKH,CRUISE_LOITER,5386.8,2216.8,74.4,87.54,87.85,87.46,87.37,781.93,781.95,782.08,782.46,4.34,90.29,9.87,3.0,41.4,0.759,14.09,3.24,LANE_A,20159.0,-22.2,88.3,1.0,0,450.0,-2.78,-4.97,-2.36,-4.95,3.05,-1.93,1.2,-1.42,-0.51,21.68,-2.48,-0.02,0.003,-0.01,0.7752,1
8.65,TRAIN_M01_LADAKH_NOMINAL,TRAIN,LADAKH,CRUISE_LOITER,5386.9,2216.8,74.4,87.51,87.82,87.43,87.35,781.5,781.58,782.18,782.45,4.3,90.27,9.99,3.0,41.48,0.777,14.04,3.35,LANE_A,20160.0,-22.2,88.3,1.0,0,450.0,-2.81,-5.0,-2.39,-4.97,2.62,-2.3,1.3,-1.43,-0.55,21.66,-2.36,0.06,0.021,-0.06,0.7752,1
8.7,TRAIN_M01_LADAKH_NOMINAL,TRAIN,LADAKH,CRUISE_LOITER,5391.8,2218.8,74.4,87.48,87.79,87.41,87.32,781.81,781.39,782.18,782.3,4.32,90.4,10.0,3.0,41.4,0.718,14.04,3.4,LANE_A,20160.0,-22.2,88.3,1.0,0,450.0,-2.91,-5.1,-2.48,-5.07,2.93,-2.49,1.3,-1.58,-0.53,21.73,-2.36,-0.02,-0.039,-0.06,0.7762,1
8.75,TRAIN_M01_LADAKH_NOMINAL,TRAIN,LADAKH,CRUISE_LOITER,5387.7,2217.2,74.4,87.45,87.76,87.38,87.29,781.47,781.45,782.02,782.07,4.3,90.43,9.94,3.0,41.38,0.828,14.06,3.29,LANE_A,20161.0,-22.2,88.3,1.0,0,450.0,-2.88,-5.07,-2.45,-5.04,2.59,-2.43,1.14,-1.81,-0.55,21.81,-2.41,-0.04,0.072,-0.04,0.7776,1
8.8,TRAIN_M01_LADAKH_NOMINAL,TRAIN,LADAKH,CRUISE_LOITER,5384.5,2215.9,74.4,87.42,87.72,87.35,87.26,781.59,781.59,782.04,782.19,4.28,90.49,9.85,3.0,41.37,0.724,14.08,3.2,LANE_A,20162.0,-22.2,88.3,1.0,0,450.0,-2.86,-5.06,-2.43,-5.02,2.71,-2.29,1.16,-1.69,-0.57,21.91,-2.49,-0.04,-0.032,-0.02,0.7794,1
8.85,TRAIN_M01_LADAKH_NOMINAL,TRAIN,LADAKH,CRUISE_LOITER,5386.1,2216.5,74.4,87.39,87.68,87.32,87.23,781.51,781.96,781.76,782.39,4.34,90.63,9.82,3.0,41.4,0.714,14.07,3.29,LANE_A,20163.0,-22.2,88.3,1.0,0,450.0,-2.91,-5.12,-2.48,-5.07,2.63,-1.92,0.88,-1.49,-0.51,22.03,-2.53,-0.01,-0.042,-0.03,0.7806,1
8.9,TRAIN_M01_LADAKH_NOMINAL,TRAIN,LADAKH,CRUISE_LOITER,5387.5,2217.1,74.4,87.36,87.65,87.28,87.2,781.85,781.99,781.41,782.47,4.29,90.63,9.78,3.0,41.41,0.73,14.09,2.95,LANE_A,20163.0,-22.2,88.3,1.0,0,450.0,-2.96,-5.17,-2.54,-5.12,2.97,-1.89,0.53,-1.41,-0.56,22.01,-2.57,0.0,-0.026,-0.01,0.781,1
8.95,TRAIN_M01_LADAKH_NOMINAL,TRAIN,LADAKH,CRUISE_LOITER,5397.7,2221.3,74.4,87.33,87.62,87.25,87.17,781.94,781.83,781.53,782.06,4.3,90.64,9.75,3.0,41.44,0.71,14.08,3.19,LANE_A,20164.0,-22.2,88.3,1.0,0,450.0,-3.15,-5.36,-2.73,-5.31,3.06,-2.05,0.65,-1.82,-0.55,21.9,-2.62,0.03,-0.048,-0.02,0.7798,1
9.0,TRAIN_M01_LADAKH_NOMINAL,TRAIN,LADAKH,CRUISE_LOITER,5400.2,2222.3,74.4,87.3,87.58,87.22,87.13,781.75,782.05,781.75,782.05,4.32,90.61,9.78,3.0,41.45,0.773,14.06,3.17,LANE_A,20165.0,-22.2,88.3,1.0,0,450.0,-3.21,-5.43,-2.79,-5.38,2.87,-1.83,0.87,-1.83,-0.53,21.84,-2.6,0.04,0.015,-0.04,0.7788,1
9.05,TRAIN_M01_LADAKH_NOMINAL,TRAIN,LADAKH,CRUISE_LOITER,5397.0,2221.0,74.4,87.27,87.55,87.19,87.11,782.09,781.84,781.99,781.62,4.31,90.55,9.76,3.0,41.41,0.812,14.06,3.2,LANE_A,20166.0,-22.2,88.3,1.0,0,450.0,-3.19,-5.41,-2.77,-5.35,3.21,-2.04,1.11,-2.26,-0.54,21.82,-2.61,0.0,0.054,-0.04,0.7786,1
9.1,TRAIN_M01_LADAKH_NOMINAL,TRAIN,LADAKH,CRUISE_LOITER,5390.3,2218.2,74.4,87.24,87.52,87.16,87.08,782.0,781.6,781.75,781.73,4.32,90.53,9.77,3.0,41.45,0.78,14.04,3.35,LANE_A,20166.0,-22.2,88.2,1.0,0,450.0,-3.15,-5.37,-2.73,-5.31,3.12,-2.28,0.87,-2.15,-0.53,21.86,-2.58,0.04,0.023,-0.06,0.7789,1
9.15,TRAIN_M01_LADAKH_NOMINAL,TRAIN,LADAKH,CRUISE_LOITER,5393.0,2219.4,74.4,87.21,87.49,87.13,87.05,781.71,781.95,781.41,781.33,4.34,90.46,9.81,3.0,41.39,0.756,14.07,3.24,LANE_A,20167.0,-22.2,88.2,1.0,0,450.0,-3.22,-5.44,-2.8,-5.38,2.83,-1.93,0.53,-2.55,-0.51,21.76,-2.55,-0.02,-0.001,-0.03,0.7773,1
9.2,TRAIN_M01_LADAKH_NOMINAL,TRAIN,LADAKH,CRUISE_LOITER,5389.0,2217.7,74.4,87.18,87.46,87.1,87.02,781.73,782.07,781.66,781.17,4.35,90.43,9.82,3.0,41.38,0.76,14.07,3.35,LANE_A,20168.0,-22.2,88.2,1.0,0,450.0,-3.19,-5.41,-2.77,-5.35,2.85,-1.81,0.78,-2.71,-0.5,21.77,-2.53,-0.03,0.003,-0.03,0.7773,1
9.25,TRAIN_M01_LADAKH_NOMINAL,TRAIN,LADAKH,CRUISE_LOITER,5384.8,2216.0,74.4,87.16,87.43,87.08,87.0,781.62,781.86,781.49,781.16,4.33,90.29,9.86,3.0,41.23,0.812,14.07,3.34,LANE_A,20169.0,-22.2,88.2,1.0,0,450.0,-3.15,-5.38,-2.73,-5.31,2.74,-2.02,0.61,-2.72,-0.52,21.68,-2.48,-0.17,0.056,-0.03,0.776,1
9.3,TRAIN_M01_LADAKH_NOMINAL,TRAIN,LADAKH,CRUISE_LOITER,5389.6,2218.0,74.4,87.13,87.4,87.05,86.97,781.5,781.85,781.63,781.16,4.32,90.29,9.83,3.0,41.26,0.814,14.06,3.29,LANE_A,20169.0,-22.2,88.2,1.0,0,450.0,-3.25,-5.48,-2.83,-5.41,2.62,-2.03,0.75,-2.72,-0.53,21.63,-2.52,-0.14,0.057,-0.04,0.7757,1
9.35,TRAIN_M01_LADAKH_NOMINAL,TRAIN,LADAKH,CRUISE_LOITER,5392.6,2219.2,74.4,87.1,87.38,87.02,86.94,781.48,782.06,781.97,781.04,4.35,90.3,9.85,3.0,41.29,0.732,14.06,2.9,LANE_A,20170.0,-22.2,88.2,1.0,0,450.0,-3.32,-5.54,-2.9,-5.48,2.6,-1.82,1.09,-2.84,-0.5,21.6,-2.51,-0.11,-0.025,-0.04,0.775,1
9.4,TRAIN_M01_LADAKH_NOMINAL,TRAIN,LADAKH,CRUISE_LOITER,5385.6,2216.3,74.4,87.06,87.34,87.0,86.92,781.75,782.17,781.77,780.75,4.33,90.26,9.79,3.0,41.28,0.724,14.02,3.14,LANE_A,20171.0,-22.2,88.2,1.0,0,450.0,-3.26,-5.48,-2.82,-5.4,2.87,-1.71,0.89,-3.13,-0.52,21.65,-2.55,-0.12,-0.032,-0.08,0.7759,1
9.45,TRAIN_M01_LADAKH_NOMINAL,TRAIN,LADAKH,CRUISE_LOITER,5383.6,2215.5,74.4,87.04,87.32,86.97,86.9,781.55,781.91,781.58,780.98,4.33,90.17,9.89,3.0,41.29,0.725,14.05,3.23,LANE_A,20172.0,-22.2,88.2,1.0,0,450.0,-3.25,-5.47,-2.82,-5.39,2.67,-1.97,0.7,-2.9,-0.52,21.58,-2.44,-0.11,-0.031,-0.05,0.7746,1
9.5,TRAIN_M01_LADAKH_NOMINAL,TRAIN,LADAKH,CRUISE_LOITER,5389.3,2217.8,74.5,87.01,87.29,86.94,86.88,781.71,781.89,781.76,781.18,4.3,90.22,9.94,3.0,41.2,0.702,14.04,3.52,LANE_A,20172.0,-22.2,88.2,1.0,0,450.0,-3.37,-5.59,-2.94,-5.5,2.91,-1.91,0.96,-2.62,-0.55,21.55,-2.41,-0.21,-0.055,-0.06,0.7747,1
9.55,TRAIN_M01_LADAKH_NOMINAL,TRAIN,LADAKH,CRUISE_LOITER,5392.7,2219.2,74.5,86.99,87.26,86.92,86.85,781.41,781.68,781.7,781.55,4.32,90.14,9.9,3.0,41.4,0.745,14.09,3.24,LANE_A,20173.0,-22.2,88.2,1.0,0,450.0,-3.44,-5.67,-3.01,-5.58,2.61,-2.12,0.9,-2.25,-0.53,21.43,-2.46,-0.01,-0.012,-0.01,0.7729,1
9.6,TRAIN_M01_LADAKH_NOMINAL,TRAIN,LADAKH,CRUISE_LOITER,5385.7,2216.4,74.5,86.96,87.23,86.89,86.83,781.27,781.94,781.34,781.74,4.3,90.28,9.8,3.0,41.57,0.737,14.05,3.47,LANE_A,20174.0,-22.2,88.2,1.0,0,450.0,-3.37,-5.6,-2.94,-5.5,2.47,-1.86,0.54,-2.06,-0.55,21.66,-2.54,0.17,-0.019,-0.05,0.7765,1
9.65,TRAIN_M01_LADAKH_NOMINAL,TRAIN,LADAKH,CRUISE_LOITER,5388.9,2217.7,74.5,86.94,87.21,86.87,86.8,781.42,781.86,781.39,781.58,4.31,90.29,9.94,3.0,41.47,0.7,14.07,3.37,LANE_A,20174.0,-22.2,88.1,1.0,0,450.0,-3.46,-5.69,-3.03,-5.6,2.62,-1.94,0.59,-2.22,-0.54,21.61,-2.41,0.07,-0.057,-0.03,0.7756,1
9.7,TRAIN_M01_LADAKH_NOMINAL,TRAIN,LADAKH,CRUISE_LOITER,5390.4,2218.3,74.5,86.91,87.18,86.84,86.78,781.43,781.72,781.97,781.8,4.36,90.17,9.82,3.0,41.4,0.755,14.05,3.29,LANE_A,20175.0,-22.2,88.1,1.0,0,450.0,-3.51,-5.74,-3.08,-5.64,2.63,-2.08,1.17,-2.0,-0.49,21.47,-2.53,0.0,-0.002,-0.05,0.7734,1
9.75,TRAIN_M01_LADAKH_NOMINAL,TRAIN,LADAKH,CRUISE_LOITER,5385.7,2216.3,74.5,86.88,87.16,86.81,86.75,781.36,781.66,782.1,781.71,4.27,90.26,9.76,3.0,41.36,0.72,14.04,3.15,LANE_A,20176.0,-22.2,88.1,1.0,0,450.0,-3.47,-5.69,-3.04,-5.6,2.56,-2.14,1.3,-2.09,-0.58,21.62,-2.58,-0.04,-0.036,-0.06,0.7765,1
9.8,TRAIN_M01_LADAKH_NOMINAL,TRAIN,LADAKH,CRUISE_LOITER,5391.5,2218.7,74.5,86.85,87.13,86.79,86.72,781.44,781.36,781.85,781.71,4.33,90.1,9.78,3.0,41.35,0.75,14.06,3.5,LANE_A,20177.0,-22.2,88.1,1.0,0,450.0,-3.59,-5.81,-3.15,-5.72,2.64,-2.44,1.05,-2.09,-0.52,21.39,-2.57,-0.05,-0.007,-0.04,0.7727,1
9.85,TRAIN_M01_LADAKH_NOMINAL,TRAIN,LADAKH,CRUISE_LOITER,5389.6,2217.9,74.5,86.83,87.1,86.76,86.69,781.58,781.36,781.67,781.96,4.29,90.1,9.82,3.0,41.35,0.793,14.05,3.03,LANE_A,20177.0,-22.2,88.1,1.0,0,450.0,-3.58,-5.81,-3.15,-5.72,2.78,-2.44,0.87,-1.84,-0.56,21.41,-2.53,-0.05,0.036,-0.05,0.7734,1
9.9,TRAIN_M01_LADAKH_NOMINAL,TRAIN,LADAKH,CRUISE_LOITER,5385.7,2216.3,74.5,86.8,87.07,86.73,86.67,781.65,781.65,781.72,782.3,4.31,90.2,9.91,3.0,41.26,0.738,14.07,3.16,LANE_A,20178.0,-22.2,88.1,1.0,0,450.0,-3.55,-5.78,-3.12,-5.68,2.85,-2.15,0.92,-1.5,-0.54,21.56,-2.43,-0.14,-0.018,-0.03,0.7751,1
9.95,TRAIN_M01_LADAKH_NOMINAL,TRAIN,LADAKH,CRUISE_LOITER,5391.0,2218.5,74.5,86.77,87.05,86.71,86.65,781.84,781.62,781.56,782.19,4.31,90.1,9.83,3.0,41.29,0.753,14.08,3.07,LANE_A,20179.0,-22.2,88.1,1.0,0,450.0,-3.66,-5.88,-3.22,-5.78,3.04,-2.18,0.76,-1.61,-0.54,21.4,-2.52,-0.11,-0.004,-0.02,0.7731,1
10.0,TRAIN_M01_LADAKH_NOMINAL,TRAIN,LADAKH,CRUISE_LOITER,5395.0,2220.1,74.5,86.75,87.02,86.69,86.63,781.71,781.81,781.49,782.06,4.33,90.26,9.88,3.0,41.27,0.788,14.04,2.93,LANE_A,20179.0,-22.2,88.1,1.0,0,450.0,-3.74,-5.97,-3.3,-5.86,2.91,-1.99,0.69,-1.74,-0.52,21.51,-2.48,-0.13,0.031,-0.06,0.7746,1
10.05,TRAIN_M01_LADAKH_NOMINAL,TRAIN,LADAKH,CRUISE_LOITER,5393.1,2219.4,74.5,86.73,86.99,86.66,86.61,782.02,781.59,781.41,782.38,4.32,90.26,9.87,3.0,41.38,0.75,14.07,3.19,LANE_A,20180.0,-22.2,88.1,1.0,0,450.0,-3.73,-5.97,-3.3,-5.85,3.22,-2.21,0.61,-1.42,-0.53,21.53,-2.49,-0.02,-0.007,-0.03,0.775,1
10.1,TRAIN_M01_LADAKH_NOMINAL,TRAIN,LADAKH,CRUISE_LOITER,5389.1,2217.7,74.5,86.71,86.97,86.64,86.59,782.32,781.58,781.55,782.22,4.33,90.28,9.95,3.0,41.33,0.739,14.08,3.17,LANE_A,20181.0,-22.2,88.1,1.0,0,450.0,-3.69,-5.93,-3.26,-5.81,3.52,-2.22,0.75,-1.58,-0.52,21.6,-2.4,-0.06,-0.018,-0.02,0.7757,1
10.15,TRAIN_M01_LADAKH_NOMINAL,TRAIN,LADAKH,CRUISE_LOITER,5390.4,2218.3,74.5,86.69,86.94,86.61,86.57,782.73,782.17,781.78,782.2,4.33,90.31,9.91,3.0,41.4,0.74,14.05,3.21,LANE_A,20181.0,-22.2,88.1,1.0,0,450.0,-3.73,-5.98,-3.31,-5.85,3.93,-1.63,0.98,-1.6,-0.52,21.61,-2.44,0.01,-0.017,-0.05,0.776,1
10.2,TRAIN_M01_LADAKH_NOMINAL,TRAIN,LADAKH,CRUISE_LOITER,5391.7,2218.8,74.5,86.66,86.93,86.59,86.55,782.53,781.73,781.81,782.02,4.31,90.24,9.93,3.0,41.4,0.724,14.04,3.46,LANE_A,20182.0,-22.2,88.0,1.0,0,450.0,-3.81,-6.04,-3.38,-5.92,3.73,-2.07,1.01,-1.78,-0.54,21.51,-2.42,0.01,-0.033,-0.06,0.7749,1
10.25,TRAIN_M01_LADAKH_NOMINAL,TRAIN,LADAKH,CRUISE_LOITER,5394.9,2220.1,74.5,86.64,86.9,86.57,86.52,782.14,781.75,782.09,782.07,4.31,90.18,9.84,3.0,41.47,0.743,14.08,2.96,LANE_A,20183.0,-22.2,88.0,1.0,0,450.0,-3.87,-6.11,-3.44,-5.99,3.34,-2.05,1.29,-1.73,-0.54,21.41,-2.52,0.08,-0.014,-0.02,0.7737,1
10.3,TRAIN_M01_LADAKH_NOMINAL,TRAIN,LADAKH,CRUISE_LOITER,5395.3,2220.3,74.5,86.61,86.87,86.55,86.5,782.02,781.37,781.96,781.96,4.29,90.21,9.78,3.0,41.32,0.715,14.05,3.14,LANE_A,20183.0,-22.2,88.0,1.0,0,450.0,-3.91,-6.15,-3.47,-6.02,3.22,-2.43,1.16,-1.84,-0.56,21.43,-2.58,-0.07,-0.043,-0.05,0.7744,1
10.35,TRAIN_M01_LADAKH_NOMINAL,TRAIN,LADAKH,CRUISE_LOITER,5395.2,2220.2,74.5,86.59,86.85,86.52,86.47,781.73,781.58,781.8,782.0,4.34,89.96,9.79,3.0,41.31,0.734,14.05,3.2,LANE_A,20184.0,-22.2,88.0,1.0,0,450.0,-3.93,-6.17,-3.5,-6.05,2.93,-2.22,1.0,-1.8,-0.51,21.19,-2.57,-0.08,-0.024,-0.05,0.7704,1
10.4,TRAIN_M01_LADAKH_NOMINAL,TRAIN,LADAKH,CRUISE_LOITER,5400.4,2222.4,74.5,86.57,86.82,86.5,86.45,781.57,781.19,781.82,781.8,4.34,90.05,9.83,3.0,41.25,0.691,14.05,3.28,LANE_A,20185.0,-22.2,88.0,1.0,0,450.0,-4.03,-6.28,-3.6,-6.15,2.77,-2.61,1.02,-2.0,-0.51,21.21,-2.54,-0.14,-0.067,-0.05,0.7709,1
10.45,TRAIN_M01_LADAKH_NOMINAL,TRAIN,LADAKH,CRUISE_LOITER,5396.6,2220.8,74.5,86.55,86.8,86.48,86.43,781.61,781.28,781.89,781.54,4.35,90.06,9.83,3.0,41.49,0.728,14.06,3.1,LANE_A,20185.0,-22.2,88.0,1.0,0,450.0,-3.99,-6.24,-3.56,-6.11,2.81,-2.52,1.09,-2.26,-0.5,21.27,-2.53,0.1,-0.03,-0.04,0.7715,1
10.5,TRAIN_M01_LADAKH_NOMINAL,TRAIN,LADAKH,CRUISE_LOITER,5399.9,2222.2,74.5,86.53,86.78,86.45,86.41,781.74,781.86,782.0,781.47,4.33,90.1,9.76,3.0,41.54,0.743,14.04,3.2,LANE_A,20186.0,-22.2,88.0,1.0,0,450.0,-4.06,-6.31,-3.64,-6.18,2.94,-1.94,1.2,-2.33,-0.52,21.27,-2.61,0.15,-0.015,-0.06,0.772,1
10.55,TRAIN_M01_LADAKH_NOMINAL,TRAIN,LADAKH,CRUISE_LOITER,5397.1,2221.0,74.5,86.5,86.75,86.43,86.38,781.61,781.92,781.54,781.6,4.35,90.17,9.67,3.0,41.29,0.741,14.06,3.33,LANE_A,20187.0,-22.2,88.0,1.0,0,450.0,-4.05,-6.3,-3.62,-6.17,2.81,-1.88,0.74,-2.2,-0.5,21.37,-2.69,-0.09,-0.017,-0.04,0.7734,1
10.6,TRAIN_M01_LADAKH_NOMINAL,TRAIN,LADAKH,CRUISE_LOITER,5396.6,2220.8,74.5,86.48,86.73,86.41,86.35,781.73,781.83,781.56,781.81,4.35,90.02,9.76,3.0,41.32,0.797,14.07,3.19,LANE_A,20187.0,-22.2,88.0,1.0,0,450.0,-4.06,-6.31,-3.63,-6.19,2.93,-1.97,0.76,-1.99,-0.5,21.23,-2.6,-0.06,0.039,-0.03,0.7712,1
10.65,TRAIN_M01_LADAKH_NOMINAL,TRAIN,LADAKH,CRUISE_LOITER,5403.9,2223.8,74.5,86.46,86.7,86.39,86.33,781.65,782.04,781.67,781.83,4.31,90.06,9.82,3.0,41.31,0.71,14.08,3.27,LANE_A,20188.0,-22.2,88.0,1.0,0,450.0,-4.19,-6.45,-3.76,-6.32,2.85,-1.76,0.87,-1.97,-0.54,21.18,-2.56,-0.07,-0.049,-0.02,0.7711,1
10.7,TRAIN_M01_LADAKH_NOMINAL,TRAIN,LADAKH,CRUISE_LOITER,5399.3,2221.9,74.5,86.43,86.68,86.36,86.3,781.63,782.07,781.71,781.87,4.32,90.15,9.86,3.0,41.4,0.736,14.08,3.25,LANE_A,20189.0,-22.2,88.0,1.0,0,450.0,-4.15,-6.4,-3.72,-6.28,2.83,-1.73,0.91,-1.93,-0.53,21.33,-2.51,0.02,-0.022,-0.02,0.773,1
10.75,TRAIN_M01_LADAKH_NOMINAL,TRAIN,LADAKH,CRUISE_LOITER,5401.3,2222.8,74.5,86.41,86.66,86.35,86.28,781.29,781.93,781.67,781.92,4.29,90.15,9.92,3.0,41.31,0.733,14.09,3.39,LANE_A,20189.0,-22.2,87.9,1.0,0,450.0,-4.22,-6.47,-3.78,-6.35,2.49,-1.87,0.87,-1.88,-0.56,21.28,-2.45,-0.07,-0.025,-0.01,0.7726,1
10.8,TRAIN_M01_LADAKH_NOMINAL,TRAIN,LADAKH,CRUISE_LOITER,5401.2,2222.7,74.5,86.4,86.64,86.33,86.27,781.82,781.87,781.45,781.87,4.37,90.05,10.0,3.0,41.41,0.736,14.08,3.05,LANE_A,20190.0,-22.3,87.9,1.0,0,450.0,-4.14,-6.4,-3.71,-6.27,3.03,-1.92,0.66,-1.92,-0.48,21.28,-2.37,0.03,-0.022,-0.02,0.7715,1
10.85,TRAIN_M01_LADAKH_NOMINAL,TRAIN,LADAKH,CRUISE_LOITER,5393.9,2219.7,74.5,86.38,86.62,86.31,86.24,781.7,781.59,781.72,781.93,4.38,90.02,9.94,3.0,41.46,0.786,14.07,3.35,LANE_A,20191.0,-22.3,87.9,1.0,0,450.0,-4.05,-6.31,-3.62,-6.19,2.91,-2.2,0.93,-1.86,-0.47,21.34,-2.42,0.08,0.029,-0.03,0.7722,1
10.9,TRAIN_M01_LADAKH_NOMINAL,TRAIN,LADAKH,CRUISE_LOITER,5398.5,2221.6,74.5,86.36,86.59,86.3,86.22,781.4,781.65,781.81,781.82,4.38,89.85,9.76,3.0,41.45,0.723,14.09,3.23,LANE_A,20191.0,-22.3,87.9,1.0,0,450.0,-4.14,-6.41,-3.7,-6.28,2.61,-2.14,1.02,-1.97,-0.47,21.11,-2.61,0.07,-0.035,-0.01,0.7694,1
10.95,TRAIN_M01_LADAKH_NOMINAL,TRAIN,LADAKH,CRUISE_LOITER,5398.8,2221.7,74.5,86.34,86.57,86.26,86.2,781.32,782.09,781.34,781.7,4.35,89.75,9.77,3.0,41.44,0.755,14.04,3.34,LANE_A,20192.0,-22.3,87.9,1.0,0,450.0,-4.16,-6.43,-3.74,-6.3,2.53,-1.7,0.55,-2.09,-0.5,21.01,-2.6,0.06,-0.003,-0.06,0.7682,1
11.0,TRAIN_M01_LADAKH_NOMINAL,TRAIN,LADAKH,CRUISE_LOITER,5396.1,2220.6,74.5,86.31,86.54,86.24,86.18,781.38,782.06,781.04,781.8,4.35,89.66,9.74,3.0,41.34,0.812,14.08,3.09,LANE_A,20193.0,-22.3,87.9,1.0,0,450.0,-4.15,-6.42,-3.72,-6.28,2.59,-1.73,0.25,-1.99,-0.5,20.95,-2.62,-0.04,0.054,-0.02,0.7673,1
11.05,TRAIN_M01_LADAKH_NOMINAL,TRAIN,LADAKH,CRUISE_LOITER,5385.6,2216.3,74.5,86.29,86.51,86.22,86.16,781.28,782.18,780.98,781.64,4.37,89.57,9.68,3.0,41.32,0.777,14.05,3.24,LANE_A,20193.0,-22.3,87.9,1.0,0,450.0,-4.01,-6.29,-3.58,-6.14,2.49,-1.61,0.19,-2.15,-0.48,20.99,-2.66,-0.06,0.021,-0.05,0.7675,1
11.1,TRAIN_M01_LADAKH_NOMINAL,TRAIN,LADAKH,CRUISE_LOITER,5385.2,2216.1,74.5,86.27,86.48,86.19,86.13,781.62,782.05,781.2,781.52,4.32,89.56,9.76,3.0,41.26,0.713,14.05,3.42,LANE_A,20194.0,-22.3,87.9,1.0,0,450.0,-4.02,-6.31,-3.6,-6.16,2.83,-1.74,0.41,-2.27,-0.53,20.98,-2.58,-0.11,-0.043,-0.05,0.7677,1
11.15,TRAIN_M01_LADAKH_NOMINAL,TRAIN,LADAKH,CRUISE_LOITER,5381.2,2214.5,74.5,86.25,86.46,86.17,86.11,781.83,781.82,781.54,781.79,4.33,89.54,9.8,3.0,41.11,0.738,14.08,3.3,LANE_A,20195.0,-22.3,87.9,1.0,0,450.0,-3.98,-6.27,-3.56,-6.12,3.04,-1.97,0.75,-2.0,-0.52,21.01,-2.53,-0.26,-0.017,-0.02,0.7678,1
11.2,TRAIN_M01_LADAKH_NOMINAL,TRAIN,LADAKH,CRUISE_LOITER,5380.5,2214.2,74.5,86.22,86.44,86.15,86.09,781.77,781.85,781.52,781.66,4.33,89.53,9.83,3.0,41.18,0.759,14.05,3.22,LANE_A,20195.0,-22.3,87.9,1.0,0,450.0,-4.0,-6.28,-3.57,-6.13,2.98,-1.94,0.73,-2.13,-0.52,21.01,-2.49,-0.19,0.004,-0.05,0.7678,1
11.25,TRAIN_M01_LADAKH_NOMINAL,TRAIN,LADAKH,CRUISE_LOITER,5382.5,2215.0,74.5,86.21,86.42,86.14,86.07,781.82,781.75,781.65,781.54,4.33,89.46,9.84,3.0,41.3,0.738,14.06,3.26,LANE_A,20196.0,-22.3,87.9,1.0,0,450.0,-4.04,-6.33,-3.61,-6.18,3.03,-2.04,0.86,-2.25,-0.52,20.92,-2.49,-0.07,-0.018,-0.04,0.7665,1
11.3,TRAIN_M01_LADAKH_NOMINAL,TRAIN,LADAKH,CRUISE_LOITER,5386.3,2216.6,74.5,86.18,86.4,86.12,86.05,781.62,781.9,781.65,781.53,4.38,89.31,9.75,3.0,41.21,0.807,14.06,3.3,LANE_A,20196.0,-22.3,87.9,1.0,0,450.0,-4.13,-6.41,-3.69,-6.26,2.83,-1.89,0.86,-2.26,-0.47,20.72,-2.59,-0.16,0.051,-0.04,0.7634,1
11.35,TRAIN_M01_LADAKH_NOMINAL,TRAIN,LADAKH,CRUISE_LOITER,5392.8,2219.3,74.5,86.16,86.38,86.09,86.03,781.89,781.69,781.53,781.76,4.39,89.25,9.73,3.0,41.2,0.72,14.08,3.16,LANE_A,20197.0,-22.3,87.8,1.0,0,450.0,-4.27,-6.55,-3.84,-6.4,3.1,-2.1,0.74,-2.03,-0.46,20.56,-2.62,-0.17,-0.037,-0.02,0.7612,1
11.4,TRAIN_M01_LADAKH_NOMINAL,TRAIN,LADAKH,CRUISE_LOITER,5394.6,2220.0,74.5,86.14,86.35,86.06,86.0,781.92,781.47,781.57,781.48,4.32,89.23,9.72,3.0,41.17,0.784,14.06,3.01,LANE_A,20198.0,-22.3,87.8,1.0,0,450.0,-4.32,-6.61,-3.9,-6.46,3.13,-2.32,0.78,-2.31,-0.53,20.52,-2.63,-0.2,0.027,-0.04,0.7615,1
11.45,TRAIN_M01_LADAKH_NOMINAL,TRAIN,LADAKH,CRUISE_LOITER,5392.9,2219.3,74.5,86.12,86.32,86.03,85.98,781.81,781.95,781.6,781.22,4.34,89.26,9.69,3.0,41.25,0.776,14.06,3.18,LANE_A,20198.0,-22.3,87.8,1.0,0,450.0,-4.32,-6.62,-3.91,-6.46,3.02,-1.84,0.81,-2.57,-0.51,20.57,-2.66,-0.12,0.019,-0.04,0.7621,1
11.5,TRAIN_M01_LADAKH_NOMINAL,TRAIN,LADAKH,CRUISE_LOITER,5390.4,2218.3,74.5,86.1,86.3,86.01,85.96,781.35,782.26,781.71,781.21,4.39,89.28,9.73,3.0,41.21,0.761,14.05,2.95,LANE_A,20199.0,-22.3,87.8,1.0,0,450.0,-4.3,-6.6,-3.89,-6.44,2.56,-1.53,0.92,-2.58,-0.46,20.62,-2.61,-0.16,0.004,-0.05,0.7622,1
11.55,TRAIN_M01_LADAKH_NOMINAL,TRAIN,LADAKH,CRUISE_LOITER,5388.4,2217.4,74.5,86.07,86.27,85.99,85.93,781.3,782.19,781.53,781.4,4.38,89.21,9.71,3.0,41.3,0.749,14.08,3.15,LANE_A,20200.0,-22.3,87.8,1.0,0,450.0,-4.3,-6.6,-3.88,-6.44,2.51,-1.6,0.74,-2.39,-0.47,20.58,-2.63,-0.06,-0.007,-0.02,0.7617,1
11.6,TRAIN_M01_LADAKH_NOMINAL,TRAIN,LADAKH,CRUISE_LOITER,5383.6,2215.5,74.5,86.05,86.26,85.97,85.91,781.68,782.0,781.69,781.57,4.35,89.07,9.82,3.0,41.39,0.752,14.03,3.31,LANE_A,20200.0,-22.3,87.8,1.0,0,450.0,-4.24,-6.53,-3.82,-6.38,2.89,-1.79,0.9,-2.22,-0.5,20.49,-2.51,0.03,-0.004,-0.07,0.7603,1
11.65,TRAIN_M01_LADAKH_NOMINAL,TRAIN,LADAKH,CRUISE_LOITER,5379.2,2213.7,74.5,86.04,86.24,85.95,85.89,781.56,781.68,781.77,781.69,4.33,88.96,9.91,3.0,41.34,0.713,14.09,3.36,LANE_A,20201.0,-22.3,87.8,1.0,0,450.0,-4.19,-6.49,-3.78,-6.34,2.77,-2.11,0.98,-2.1,-0.52,20.44,-2.41,-0.02,-0.042,-0.01,0.7594,1
11.7,TRAIN_M01_LADAKH_NOMINAL,TRAIN,LADAKH,CRUISE_LOITER,5387.4,2217.0,74.5,86.02,86.22,85.93,85.87,781.42,781.54,781.88,781.65,4.37,88.89,9.85,3.0,41.21,0.755,14.07,3.09,LANE_A,20201.0,-22.3,87.8,1.0,0,450.0,-4.33,-6.63,-3.92,-6.48,2.63,-2.25,1.09,-2.14,-0.48,20.27,-2.49,-0.15,-0.001,-0.03,0.7568,1
11.75,TRAIN_M01_LADAKH_NOMINAL,TRAIN,LADAKH,CRUISE_LOITER,5385.6,2216.3,74.5,85.99,86.2,85.91,85.86,781.48,781.45,781.74,781.98,4.37,88.92,9.77,3.0,41.18,0.778,14.08,3.21,LANE_A,20202.0,-22.3,87.8,1.0,0,450.0,-4.33,-6.62,-3.91,-6.46,2.69,-2.34,0.95,-1.81,-0.48,20.32,-2.56,-0.18,0.022,-0.02,0.7577,1
11.8,TRAIN_M01_LADAKH_NOMINAL,TRAIN,LADAKH,CRUISE_LOITER,5381.1,2214.4,74.5,85.97,86.18,85.89,85.84,781.39,781.67,781.34,781.85,4.35,89.02,9.85,3.0,41.17,0.739,14.07,3.01,LANE_A,20202.0,-22.3,87.8,1.0,0,450.0,-4.29,-6.58,-3.87,-6.42,2.6,-2.12,0.55,-1.94,-0.5,20.48,-2.47,-0.19,-0.016,-0.03,0.7601,1
11.85,TRAIN_M01_LADAKH_NOMINAL,TRAIN,LADAKH,CRUISE_LOITER,5381.8,2214.7,74.5,85.96,86.16,85.87,85.83,781.79,781.35,780.83,782.06,4.32,88.93,9.91,3.0,41.08,0.766,14.03,3.17,LANE_A,20203.0,-22.3,87.8,1.0,0,450.0,-4.31,-6.61,-3.9,-6.44,3.0,-2.44,0.04,-1.73,-0.53,20.38,-2.41,-0.28,0.011,-0.07,0.7588,1
11.9,TRAIN_M01_LADAKH_NOMINAL,TRAIN,LADAKH,CRUISE_LOITER,5383.7,2215.5,74.5,85.94,86.14,85.85,85.81,781.47,781.36,780.81,781.66,4.36,88.97,9.94,3.0,41.09,0.752,14.05,3.2,LANE_A,20204.0,-22.3,87.7,1.0,0,450.0,-4.38,-6.68,-3.97,-6.51,2.68,-2.43,0.02,-2.13,-0.49,20.37,-2.39,-0.27,-0.004,-0.05,0.7584,1
11.95,TRAIN_M01_LADAKH_NOMINAL,TRAIN,LADAKH,CRUISE_LOITER,5386.5,2216.7,74.5,85.92,86.13,85.84,85.79,781.3,781.45,780.9,781.78,4.38,89.1,9.96,3.0,41.12,0.759,14.04,3.08,LANE_A,20204.0,-22.3,87.7,1.0,0,450.0,-4.44,-6.73,-4.02,-6.57,2.51,-2.34,0.11,-2.01,-0.47,20.47,-2.37,-0.24,0.003,-0.06,0.7598,1
12.0,TRAIN_M01_LADAKH_NOMINAL,TRAIN,LADAKH,CRUISE_LOITER,5380.2,2214.1,74.5,85.91,86.11,85.82,85.78,781.18,781.71,781.59,781.66,4.36,89.03,9.93,3.0,41.4,0.817,14.05,3.14,LANE_A,20205.0,-22.3,87.7,1.0,0,450.0,-4.36,-6.66,-3.95,-6.49,2.39,-2.08,0.8,-2.13,-0.49,20.48,-2.39,0.04,0.062,-0.05,0.7601,1
12.05,TRAIN_M01_LADAKH_NOMINAL,TRAIN,LADAKH,CRUISE_LOITER,5381.0,2214.4,74.5,85.89,86.09,85.8,85.77,781.63,781.45,781.46,781.86,4.34,89.05,9.83,3.0,41.25,0.774,14.08,3.18,LANE_A,20205.0,-22.3,87.7,1.0,0,450.0,-4.39,-6.69,-3.98,-6.51,2.84,-2.34,0.67,-1.93,-0.51,20.49,-2.49,-0.11,0.019,-0.02,0.7607,1
12.1,TRAIN_M01_LADAKH_NOMINAL,TRAIN,LADAKH,CRUISE_LOITER,5386.8,2216.8,74.4,85.87,86.07,85.78,85.75,781.52,781.85,781.73,782.12,4.38,89.09,9.78,3.0,41.36,0.774,14.06,3.1,LANE_A,20206.0,-22.3,87.7,1.0,0,450.0,-4.49,-6.79,-4.08,-6.61,2.65,-2.02,0.86,-1.75,-0.47,20.47,-2.55,0.01,0.018,-0.04,0.7603,1
12.15,TRAIN_M01_LADAKH_NOMINAL,TRAIN,LADAKH,CRUISE_LOITER,5383.0,2215.2,74.4,85.86,86.05,85.76,85.72,781.4,782.03,781.89,781.88,4.38,89.11,9.81,3.0,41.39,0.714,14.06,3.03,LANE_A,20207.0,-22.3,87.7,1.0,0,450.0,-4.44,-6.75,-4.04,-6.58,2.53,-1.84,1.02,-1.99,-0.47,20.53,-2.51,0.04,-0.042,-0.04,0.7611,1
12.2,TRAIN_M01_LADAKH_NOMINAL,TRAIN,LADAKH,CRUISE_LOITER,5383.1,2215.3,74.4,85.83,86.02,85.75,85.71,781.86,781.96,782.06,781.55,4.34,89.25,9.79,3.0,41.37,0.731,14.05,3.2,LANE_A,20207.0,-22.3,87.7,1.0,0,450.0,-4.47,-6.78,-4.05,-6.59,2.99,-1.91,1.19,-2.32,-0.51,20.67,-2.53,0.02,-0.025,-0.05,0.7637,1
12.25,TRAIN_M01_LADAKH_NOMINAL,TRAIN,LADAKH,CRUISE_LOITER,5379.4,2213.7,74.4,85.82,86.0,85.73,85.69,782.28,781.97,781.9,781.62,4.39,89.4,9.73,3.0,41.4,0.761,14.07,3.21,LANE_A,20208.0,-22.3,87.7,1.0,0,450.0,-4.42,-6.74,-4.01,-6.55,3.41,-1.9,1.03,-2.25,-0.46,20.87,-2.58,0.05,0.006,-0.03,0.7663,1
12.3,TRAIN_M01_LADAKH_NOMINAL,TRAIN,LADAKH,CRUISE_LOITER,5376.3,2212.5,74.4,85.79,85.98,85.71,85.67,782.17,782.03,781.96,781.53,4.29,89.39,9.71,3.0,41.37,0.81,14.03,3.13,LANE_A,20208.0,-22.3,87.7,1.0,0,450.0,-4.41,-6.72,-3.99,-6.53,3.3,-1.84,1.09,-2.34,-0.56,20.89,-2.59,0.02,0.055,-0.07,0.7676,1
12.35,TRAIN_M01_LADAKH_NOMINAL,TRAIN,LADAKH,CRUISE_LOITER,5384.6,2215.9,74.4,85.78,85.96,85.69,85.65,781.91,781.85,782.01,781.83,4.34,89.57,9.83,3.0,41.39,0.813,14.06,3.05,LANE_A,20209.0,-22.3,87.7,1.0,0,450.0,-4.54,-6.86,-4.13,-6.67,3.04,-2.02,1.14,-2.04,-0.51,20.97,-2.49,0.05,0.057,-0.04,0.7684,1
12.4,TRAIN_M01_LADAKH_NOMINAL,TRAIN,LADAKH,CRUISE_LOITER,5381.5,2214.6,74.4,85.77,85.94,85.68,85.64,781.85,781.75,782.1,781.73,4.34,89.61,9.98,3.0,41.61,0.73,14.05,3.23,LANE_A,20209.0,-22.3,87.7,1.0,0,450.0,-4.5,-6.83,-4.09,-6.63,2.98,-2.12,1.23,-2.14,-0.51,21.05,-2.34,0.27,-0.025,-0.05,0.7692,1
12.45,TRAIN_M01_LADAKH_NOMINAL,TRAIN,LADAKH,CRUISE_LOITER,5389.6,2218.0,74.4,85.75,85.92,85.66,85.63,782.05,781.89,781.93,781.48,4.37,89.54,9.92,3.0,41.47,0.788,14.05,3.09,LANE_A,20210.0,-22.3,87.6,1.0,0,450.0,-4.67,-7.0,-4.26,-6.79,3.18,-1.98,1.06,-2.39,-0.48,20.86,-2.41,0.13,0.031,-0.05,0.7666,1
12.5,TRAIN_M01_LADAKH_NOMINAL,TRAIN,LADAKH,CRUISE_LOITER,5387.2,2216.9,74.4,85.74,85.9,85.65,85.62,781.97,782.09,782.0,781.78,4.34,89.61,9.93,3.0,41.36,0.749,14.08,3.01,LANE_A,20210.0,-22.3,87.6,1.0,0,450.0,-4.65,-6.99,-4.24,-6.77,3.1,-1.78,1.13,-2.09,-0.51,20.96,-2.4,0.02,-0.007,-0.02,0.7683,1
12.55,TRAIN_M01_LADAKH_NOMINAL,TRAIN,LADAKH,CRUISE_LOITER,5391.1,2218.6,74.4,85.73,85.89,85.63,85.61,781.66,782.26,782.16,782.16,4.34,89.84,9.97,3.0,41.27,0.756,14.07,3.13,LANE_A,20211.0,-22.3,87.6,1.0,0,450.0,-4.71,-7.05,-4.31,-6.83,2.79,-1.61,1.29,-1.71,-0.51,21.14,-2.37,-0.07,-0.001,-0.03,0.7711,1
12.6,TRAIN_M01_LADAKH_NOMINAL,TRAIN,LADAKH,CRUISE_LOITER,5393.1,2219.4,74.4,85.71,85.88,85.62,85.6,781.7,781.73,782.14,782.16,4.35,89.84,10.02,3.0,41.36,0.825,14.06,3.29,LANE_A,20211.0,-22.3,87.6,1.0,0,450.0,-4.76,-7.09,-4.35,-6.87,2.83,-2.14,1.27,-1.71,-0.5,21.12,-2.32,0.02,0.068,-0.04,0.7708,1
12.65,TRAIN_M01_LADAKH_NOMINAL,TRAIN,LADAKH,CRUISE_LOITER,5400.0,2222.2,74.4,85.7,85.87,85.61,85.59,781.86,781.63,781.76,782.12,4.35,89.79,9.96,3.0,41.29,0.708,14.07,3.1,LANE_A,20212.0,-22.3,87.6,1.0,0,450.0,-4.88,-7.21,-4.47,-6.99,2.99,-2.24,0.89,-1.75,-0.5,20.99,-2.4,-0.05,-0.05,-0.03,0.7693,1
12.7,TRAIN_M01_LADAKH_NOMINAL,TRAIN,LADAKH,CRUISE_LOITER,5400.1,2222.3,74.4,85.68,85.85,85.59,85.57,781.79,781.37,781.75,782.09,4.34,89.75,9.94,3.0,41.38,0.73,14.08,3.31,LANE_A,20213.0,-22.3,87.6,1.0,0,450.0,-4.9,-7.23,-4.49,-7.01,2.92,-2.5,0.88,-1.78,-0.51,20.95,-2.42,0.04,-0.028,-0.02,0.7688,1
12.75,TRAIN_M01_LADAKH_NOMINAL,TRAIN,LADAKH,CRUISE_LOITER,5398.1,2221.5,74.4,85.67,85.84,85.58,85.56,781.87,781.51,781.44,781.87,4.33,89.84,9.88,3.0,41.26,0.754,14.08,3.07,LANE_A,20213.0,-22.3,87.6,1.0,0,450.0,-4.88,-7.21,-4.47,-6.99,3.0,-2.36,0.57,-2.0,-0.52,21.06,-2.47,-0.08,-0.004,-0.02,0.7706,1
12.8,TRAIN_M01_LADAKH_NOMINAL,TRAIN,LADAKH,CRUISE_LOITER,5399.5,2222.0,74.4,85.65,85.82,85.56,85.54,781.89,781.58,781.19,781.7,4.36,89.81,9.71,3.0,41.31,0.714,14.05,3.06,LANE_A,20214.0,-22.3,87.6,1.0,0,450.0,-4.92,-7.25,-4.51,-7.03,3.02,-2.29,0.32,-2.17,-0.49,21.01,-2.64,-0.03,-0.044,-0.05,0.77,1
12.85,TRAIN_M01_LADAKH_NOMINAL,TRAIN,LADAKH,CRUISE_LOITER,5402.2,2223.1,74.4,85.64,85.8,85.54,85.52,781.71,781.62,781.1,781.93,4.35,89.79,9.76,3.0,41.22,0.746,14.06,3.38,LANE_A,20214.0,-22.3,87.6,1.0,0,450.0,-4.97,-7.31,-4.57,-7.09,2.84,-2.25,0.23,-1.94,-0.5,20.96,-2.6,-0.12,-0.013,-0.04,0.7694,1
12.9,TRAIN_M01_LADAKH_NOMINAL,TRAIN,LADAKH,CRUISE_LOITER,5402.5,2223.3,74.4,85.62,85.78,85.53,85.51,781.58,781.49,781.52,782.18,4.32,89.79,9.77,3.0,41.27,0.757,14.08,3.1,LANE_A,20215.0,-22.3,87.6,1.0,0,450.0,-4.99,-7.33,-4.58,-7.1,2.71,-2.38,0.65,-1.69,-0.53,20.96,-2.59,-0.06,-0.002,-0.02,0.7697,1
12.95,TRAIN_M01_LADAKH_NOMINAL,TRAIN,LADAKH,CRUISE_LOITER,5397.6,2221.2,74.4,85.6,85.77,85.51,85.49,782.06,781.48,782.03,782.15,4.34,89.72,9.89,3.0,41.08,0.771,14.06,3.2,LANE_A,20215.0,-22.3,87.6,1.0,0,450.0,-4.94,-7.27,-4.53,-7.05,3.19,-2.39,1.16,-1.72,-0.51,20.95,-2.46,-0.25,0.013,-0.04,0.769,1
13.0,TRAIN_M01_LADAKH_NOMINAL,TRAIN,LADAKH,CRUISE_LOITER,5393.4,2219.5,74.4,85.59,85.75,85.5,85.48,781.84,781.68,781.83,782.16,4.31,89.75,9.96,3.0,41.29,0.771,14.07,3.34,LANE_A,20216.0,-22.3,87.6,1.0,0,450.0,-4.89,-7.23,-4.48,-7.0,2.97,-2.19,0.96,-1.71,-0.54,21.03,-2.38,-0.04,0.014,-0.03,0.7702,1
13.05,TRAIN_M01_LADAKH_NOMINAL,TRAIN,LADAKH,CRUISE_LOITER,5401.5,2222.9,74.4,85.57,85.73,85.49,85.46,781.85,781.82,781.86,782.36,4.35,89.71,9.91,3.0,41.27,0.716,14.09,3.14,LANE_A,20216.0,-22.4,87.5,1.0,0,450.0,-4.96,-7.3,-4.54,-7.07,3.0,-2.03,1.01,-1.49,-0.5,20.96,-2.45,-0.06,-0.042,-0.01,0.7691,1
13.1,TRAIN_M01_LADAKH_NOMINAL,TRAIN,LADAKH,CRUISE_LOITER,5411.3,2226.9,74.3,85.56,85.72,85.48,85.45,781.78,782.04,781.37,782.06,4.35,89.82,9.92,3.0,41.12,0.784,14.05,3.35,LANE_A,20217.0,-22.4,87.5,1.0,0,450.0,-5.11,-7.45,-4.69,-7.22,2.85,-1.89,0.44,-1.87,-0.51,20.96,-2.46,-0.2,0.024,-0.05,0.7696,1
13.15,TRAIN_M01_LADAKH_NOMINAL,TRAIN,LADAKH,CRUISE_LOITER,5407.8,2225.4,74.3,85.54,85.7,85.46,85.43,782.03,782.27,781.46,782.45,4.31,89.78,9.78,3.0,41.13,0.829,14.03,3.11,LANE_A,20217.0,-22.4,87.5,1.0,0,450.0,-5.08,-7.42,-4.66,-7.19,3.1,-1.66,0.53,-1.48,-0.55,20.97,-2.59,-0.19,0.07,-0.07,0.7704,1
13.2,TRAIN_M01_LADAKH_NOMINAL,TRAIN,LADAKH,CRUISE_LOITER,5406.2,2224.8,74.3,85.53,85.68,85.45,85.42,782.0,782.51,781.44,782.44,4.36,89.72,9.83,3.0,41.15,0.773,14.06,3.08,LANE_A,20218.0,-22.4,87.5,1.0,0,450.0,-5.06,-7.41,-4.64,-7.17,3.07,-1.42,0.51,-1.49,-0.49,20.93,-2.54,-0.17,0.014,-0.04,0.769,1
13.25,TRAIN_M01_LADAKH_NOMINAL,TRAIN,LADAKH,CRUISE_LOITER,5403.1,2223.5,74.3,85.52,85.67,85.44,85.41,781.77,782.27,781.85,782.47,4.35,89.64,9.92,3.0,41.28,0.732,14.05,3.06,LANE_A,20218.0,-22.4,87.5,1.0,0,450.0,-5.02,-7.37,-4.6,-7.13,2.84,-1.66,0.92,-1.46,-0.5,20.88,-2.44,-0.04,-0.027,-0.05,0.768,1
13.3,TRAIN_M01_LADAKH_NOMINAL,TRAIN,LADAKH,CRUISE_LOITER,5399.1,2221.8,74.3,85.51,85.66,85.43,85.4,781.61,781.95,781.81,782.74,4.32,89.66,10.04,3.0,41.22,0.748,14.04,3.1,LANE_A,20219.0,-22.4,87.5,1.0,0,450.0,-4.97,-7.32,-4.55,-7.08,2.68,-1.98,0.88,-1.19,-0.53,20.95,-2.31,-0.1,-0.01,-0.06,0.769,1
13.35,TRAIN_M01_LADAKH_NOMINAL,TRAIN,LADAKH,CRUISE_LOITER,5395.8,2220.5,74.3,85.5,85.65,85.43,85.4,781.97,782.01,781.82,782.89,4.33,89.58,10.08,3.0,41.26,0.74,14.05,3.09,LANE_A,20219.0,-22.4,87.5,1.0,0,450.0,-4.93,-7.28,-4.5,-7.03,3.04,-1.92,0.89,-1.04,-0.52,20.91,-2.27,-0.06,-0.018,-0.05,0.7681,1
13.4,TRAIN_M01_LADAKH_NOMINAL,TRAIN,LADAKH,CRUISE_LOITER,5395.7,2220.4,74.3,85.5,85.64,85.42,85.39,781.99,781.82,781.59,782.99,4.31,89.61,10.05,3.0,41.48,0.691,14.07,3.11,LANE_A,20220.0,-22.4,87.5,1.0,0,450.0,-4.93,-7.29,-4.51,-7.04,3.06,-2.11,0.66,-0.94,-0.54,20.94,-2.29,0.16,-0.067,-0.03,0.7689,1
13.45,TRAIN_M01_LADAKH_NOMINAL,TRAIN,LADAKH,CRUISE_LOITER,5396.3,2220.7,74.3,85.49,85.63,85.41,85.38,782.03,781.86,781.53,782.94,4.36,89.64,9.95,3.0,41.4,0.696,14.08,3.31,LANE_A,20220.0,-22.4,87.5,1.0,0,450.0,-4.95,-7.31,-4.53,-7.06,3.1,-2.07,0.6,-0.99,-0.49,20.97,-2.4,0.08,-0.062,-0.02,0.7691,1
13.5,TRAIN_M01_LADAKH_NOMINAL,TRAIN,LADAKH,CRUISE_LOITER,5396.7,2220.9,74.3,85.47,85.61,85.39,85.37,782.02,781.94,781.47,782.68,4.37,89.65,9.9,3.0,41.53,0.781,14.07,3.48,LANE_A,20220.0,-22.4,87.5,1.0,0,450.0,-4.98,-7.34,-4.56,-7.08,3.09,-1.99,0.54,-1.25,-0.48,20.97,-2.45,0.21,0.023,-0.03,0.7691,1
13.55,TRAIN_M01_LADAKH_NOMINAL,TRAIN,LADAKH,CRUISE_LOITER,5396.6,2220.8,74.3,85.45,85.6,85.38,85.35,782.11,781.83,781.85,782.47,4.32,89.63,9.78,3.0,41.49,0.733,14.06,2.99,LANE_A,20221.0,-22.4,87.5,1.0,0,450.0,-4.99,-7.34,-4.56,-7.09,3.18,-2.1,0.92,-1.46,-0.53,20.95,-2.57,0.17,-0.025,-0.04,0.7695,1
13.6,TRAIN_M01_LADAKH_NOMINAL,TRAIN,LADAKH,CRUISE_LOITER,5390.8,2218.4,74.3,85.43,85.59,85.36,85.33,782.0,782.13,781.74,782.3,4.37,89.72,9.79,3.0,41.49,0.805,14.05,3.01,LANE_A,20221.0,-22.4,87.5,1.0,0,450.0,-4.93,-7.27,-4.5,-7.03,3.07,-1.8,0.81,-1.63,-0.48,21.11,-2.54,0.17,0.048,-0.05,0.7713,1
13.65,TRAIN_M01_LADAKH_NOMINAL,TRAIN,LADAKH,CRUISE_LOITER,5392.4,2219.1,74.3,85.42,85.58,85.35,85.32,781.87,782.78,781.58,782.11,4.37,89.76,9.82,3.0,41.32,0.713,14.04,3.35,LANE_A,20222.0,-22.4,87.4,1.0,0,450.0,-4.99,-7.33,-4.56,-7.09,2.94,-1.15,0.65,-1.82,-0.48,21.11,-2.52,0.0,-0.044,-0.06,0.7714,1
13.7,TRAIN_M01_LADAKH_NOMINAL,TRAIN,LADAKH,CRUISE_LOITER,5390.2,2218.2,74.3,85.41,85.56,85.34,85.3,782.2,782.8,781.52,781.99,4.31,89.65,9.91,3.0,41.33,0.688,14.06,2.98,LANE_A,20222.0,-22.4,87.4,1.0,0,450.0,-4.96,-7.31,-4.53,-7.07,3.27,-1.13,0.59,-1.94,-0.54,21.03,-2.42,0.01,-0.069,-0.04,0.7705,1
13.75,TRAIN_M01_LADAKH_NOMINAL,TRAIN,LADAKH,CRUISE_LOITER,5396.0,2220.6,74.3,85.41,85.55,85.33,85.29,781.79,782.36,781.58,782.12,4.36,89.65,9.92,3.0,41.28,0.754,14.06,3.23,LANE_A,20223.0,-22.4,87.4,1.0,0,450.0,-5.05,-7.41,-4.63,-7.17,2.86,-1.57,0.65,-1.81,-0.49,20.96,-2.42,-0.04,-0.004,-0.04,0.7692,1
13.8,TRAIN_M01_LADAKH_NOMINAL,TRAIN,LADAKH,CRUISE_LOITER,5393.0,2219.4,74.2,85.39,85.53,85.32,85.28,781.72,782.08,781.54,782.03,4.38,89.66,9.93,3.0,41.33,0.803,14.08,3.18,LANE_A,20223.0,-22.4,87.4,1.0,0,450.0,-5.02,-7.38,-4.59,-7.13,2.72,-1.92,0.54,-1.97,-0.47,21.01,-2.4,0.02,0.046,-0.02,0.7696,1
13.85,TRAIN_M01_LADAKH_NOMINAL,TRAIN,LADAKH,CRUISE_LOITER,5394.9,2220.1,74.2,85.38,85.52,85.31,85.26,781.65,781.98,781.56,782.04,4.38,89.81,9.94,3.0,41.42,0.77,14.04,3.25,LANE_A,20224.0,-22.4,87.4,1.0,0,450.0,-5.05,-7.41,-4.62,-7.17,2.65,-2.02,0.56,-1.96,-0.47,21.14,-2.4,0.11,0.013,-0.06,0.7717,1
13.9,TRAIN_M01_LADAKH_NOMINAL,TRAIN,LADAKH,CRUISE_LOITER,5391.0,2218.5,74.2,85.37,85.5,85.29,85.25,781.6,782.28,781.75,782.02,4.34,89.84,9.95,3.0,41.4,0.778,14.04,3.37,LANE_A,20224.0,-22.4,87.4,1.0,0,450.0,-5.01,-7.38,-4.59,-7.13,2.6,-1.72,0.75,-1.98,-0.51,21.22,-2.38,0.09,0.021,-0.06,0.7731,1
13.95,TRAIN_M01_LADAKH_NOMINAL,TRAIN,LADAKH,CRUISE_LOITER,5391.8,2218.9,74.2,85.36,85.49,85.28,85.24,781.84,782.4,781.62,782.4,4.34,89.85,10.02,3.0,41.34,0.752,14.05,3.09,LANE_A,20225.0,-22.4,87.4,1.0,0,450.0,-5.03,-7.4,-4.61,-7.15,2.84,-1.6,0.62,-1.6,-0.51,21.22,-2.31,0.03,-0.005,-0.05,0.773,1
14.0,TRAIN_M01_LADAKH_NOMINAL,TRAIN,LADAKH,CRUISE_LOITER,5393.3,2219.5,74.2,85.35,85.48,85.28,85.24,781.74,782.45,781.8,782.36,4.3,89.81,10.02,3.0,41.47,0.789,14.03,3.11,LANE_A,20225.0,-22.4,87.4,1.0,0,450.0,-5.06,-7.43,-4.63,-7.17,2.74,-1.55,0.8,-1.64,-0.55,21.16,-2.31,0.16,0.032,-0.07,0.7726,1
14.05,TRAIN_M01_LADAKH_NOMINAL,TRAIN,LADAKH,CRUISE_LOITER,5401.4,2222.8,74.2,85.34,85.47,85.27,85.23,781.66,782.81,781.84,782.35,4.38,89.93,10.0,3.0,41.4,0.752,14.04,3.08,LANE_A,20225.0,-22.4,87.4,1.0,0,450.0,-5.19,-7.56,-4.76,-7.3,2.66,-1.19,0.84,-1.65,-0.47,21.18,-2.35,0.09,-0.006,-0.06,0.7725,1
14.1,TRAIN_M01_LADAKH_NOMINAL,TRAIN,LADAKH,CRUISE_LOITER,5400.8,2222.5,74.2,85.33,85.46,85.26,85.22,781.56,782.73,781.95,782.17,4.32,89.82,9.9,3.0,41.24,0.68,14.08,3.3,LANE_A,20226.0,-22.4,87.4,1.0,0,450.0,-5.19,-7.56,-4.76,-7.3,2.56,-1.27,0.95,-1.83,-0.53,21.08,-2.45,-0.06,-0.078,-0.02,0.7718,1
14.15,TRAIN_M01_LADAKH_NOMINAL,TRAIN,LADAKH,CRUISE_LOITER,5399.7,2222.1,74.2,85.32,85.45,85.24,85.21,781.27,782.49,781.93,782.14,4.39,89.78,9.84,3.0,41.42,0.733,14.1,3.13,LANE_A,20226.0,-22.4,87.4,1.0,0,450.0,-5.19,-7.56,-4.77,-7.3,2.27,-1.51,0.93,-1.86,-0.46,21.06,-2.51,0.12,-0.025,0.0,0.7709,1
14.2,TRAIN_M01_LADAKH_NOMINAL,TRAIN,LADAKH,CRUISE_LOITER,5395.5,2220.4,74.2,85.31,85.43,85.23,85.2,781.31,782.74,781.87,782.18,4.34,89.77,9.76,3.0,41.38,0.759,14.06,3.25,LANE_A,20227.0,-22.4,87.4,1.0,0,450.0,-5.13,-7.51,-4.71,-7.24,2.31,-1.26,0.87,-1.82,-0.51,21.1,-2.58,0.08,0.001,-0.04,0.7719,1
14.25,TRAIN_M01_LADAKH_NOMINAL,TRAIN,LADAKH,CRUISE_LOITER,5396.3,2220.7,74.2,85.29,85.41,85.22,85.19,781.47,782.35,781.78,782.44,4.35,89.83,9.78,3.0,41.47,0.773,14.06,3.07,LANE_A,20227.0,-22.4,87.4,1.0,0,450.0,-5.16,-7.54,-4.73,-7.26,2.47,-1.65,0.78,-1.56,-0.5,21.15,-2.56,0.17,0.015,-0.04,0.7726,1
14.3,TRAIN_M01_LADAKH_NOMINAL,TRAIN,LADAKH,CRUISE_LOITER,5400.2,2222.3,74.2,85.28,85.4,85.2,85.17,781.99,782.46,781.68,782.3,4.34,89.89,9.81,3.0,41.45,0.689,14.08,3.08,LANE_A,20228.0,-22.4,87.3,1.0,0,450.0,-5.26,-7.64,-4.84,-7.37,2.99,-1.54,0.68,-1.7,-0.51,21.14,-2.54,0.15,-0.069,-0.02,0.7729,1
14.35,TRAIN_M01_LADAKH_NOMINAL,TRAIN,LADAKH,CRUISE_LOITER,5399.3,2222.0,74.1,85.26,85.39,85.2,85.16,781.86,782.31,781.49,781.93,4.35,90.0,9.83,3.0,41.25,0.824,14.05,3.13,LANE_A,20228.0,-22.4,87.3,1.0,0,450.0,-5.26,-7.63,-4.82,-7.36,2.78,-1.77,0.41,-2.15,-0.5,21.27,-2.51,-0.04,0.066,-0.05,0.7746,1
14.4,TRAIN_M01_LADAKH_NOMINAL,TRAIN,LADAKH,CRUISE_LOITER,5390.6,2218.3,74.1,85.25,85.37,85.19,85.15,781.98,781.98,781.44,781.78,4.32,90.0,9.92,3.0,41.35,0.769,14.06,3.24,LANE_A,20228.0,-22.4,87.3,1.0,0,450.0,-5.13,-7.51,-4.69,-7.23,2.9,-2.1,0.36,-2.3,-0.53,21.37,-2.4,0.06,0.012,-0.04,0.7758,1
14.45,TRAIN_M01_LADAKH_NOMINAL,TRAIN,LADAKH,CRUISE_LOITER,5392.6,2219.2,74.1,85.24,85.35,85.17,85.14,781.86,782.08,781.83,781.72,4.29,90.08,9.96,3.0,41.41,0.719,14.08,3.3,LANE_A,20229.0,-22.4,87.3,1.0,0,450.0,-5.17,-7.56,-4.74,-7.27,2.78,-2.0,0.75,-2.36,-0.56,21.43,-2.37,0.12,-0.038,-0.02,0.777,1
14.5,TRAIN_M01_LADAKH_NOMINAL,TRAIN,LADAKH,CRUISE_LOITER,5389.2,2217.8,74.1,85.23,85.34,85.16,85.12,781.54,782.39,781.57,782.03,4.3,90.06,9.78,3.0,41.27,0.737,14.05,3.27,LANE_A,20229.0,-22.4,87.3,1.0,0,450.0,-5.13,-7.52,-4.7,-7.24,2.46,-1.69,0.49,-2.05,-0.55,21.45,-2.54,-0.02,-0.02,-0.05,0.7774,1
14.55,TRAIN_M01_LADAKH_NOMINAL,TRAIN,LADAKH,CRUISE_LOITER,5397.0,2221.0,74.1,85.22,85.33,85.14,85.12,781.49,782.34,781.64,781.87,4.32,90.13,9.83,3.0,41.25,0.724,14.06,3.3,LANE_A,20230.0,-22.4,87.3,1.0,0,450.0,-5.26,-7.65,-4.84,-7.36,2.41,-1.74,0.56,-2.21,-0.53,21.43,-2.51,-0.04,-0.034,-0.04,0.7772,1
14.6,TRAIN_M01_LADAKH_NOMINAL,TRAIN,LADAKH,CRUISE_LOITER,5390.0,2218.1,74.1,85.21,85.31,85.13,85.11,781.45,782.15,781.57,781.8,4.36,90.06,9.84,3.0,41.35,0.864,14.04,3.14,LANE_A,20230.0,-22.4,87.3,1.0,0,450.0,-5.16,-7.56,-4.74,-7.26,2.37,-1.93,0.49,-2.28,-0.49,21.44,-2.48,0.06,0.107,-0.06,0.7768,1
14.65,TRAIN_M01_LADAKH_NOMINAL,TRAIN,LADAKH,CRUISE_LOITER,5390.2,2218.2,74.1,85.19,85.3,85.12,85.1,781.48,782.31,781.76,781.71,4.34,90.11,9.88,3.0,41.28,0.662,14.06,3.0,LANE_A,20230.0,-22.4,87.3,1.0,0,450.0,-5.19,-7.58,-4.76,-7.28,2.4,-1.77,0.68,-2.37,-0.51,21.49,-2.44,-0.01,-0.095,-0.04,0.7776,1
14.7,TRAIN_M01_LADAKH_NOMINAL,TRAIN,LADAKH,CRUISE_LOITER,5384.9,2216.0,74.1,85.18,85.29,85.1,85.09,781.66,782.03,782.18,781.96,4.29,90.19,9.79,3.0,41.21,0.701,14.08,3.3,LANE_A,20231.0,-22.4,87.3,1.0,0,450.0,-5.12,-7.51,-4.7,-7.21,2.58,-2.05,1.1,-2.12,-0.56,21.63,-2.52,-0.08,-0.055,-0.02,0.78,1
14.75,TRAIN_M01_LADAKH_NOMINAL,TRAIN,LADAKH,CRUISE_LOITER,5395.7,2220.4,74.1,85.16,85.27,85.09,85.07,781.87,781.98,782.12,782.27,4.31,90.18,9.78,3.0,41.11,0.743,14.06,3.26,LANE_A,20231.0,-22.4,87.3,1.0,0,450.0,-5.3,-7.69,-4.87,-7.39,2.79,-2.1,1.04,-1.81,-0.54,21.49,-2.55,-0.18,-0.015,-0.04,0.7783,1
14.8,TRAIN_M01_LADAKH_NOMINAL,TRAIN,LADAKH,CRUISE_LOITER,5400.5,2222.4,74.1,85.15,85.26,85.07,85.06,781.8,781.93,782.46,782.48,4.33,90.28,9.76,3.0,41.23,0.776,14.06,3.13,LANE_A,20232.0,-22.4,87.3,1.0,0,450.0,-5.38,-7.77,-4.96,-7.47,2.72,-2.15,1.38,-1.6,-0.52,21.53,-2.58,-0.06,0.018,-0.04,0.7789,1
14.85,TRAIN_M01_LADAKH_NOMINAL,TRAIN,LADAKH,CRUISE_LOITER,5393.6,2219.6,74.0,85.14,85.24,85.06,85.04,781.69,782.33,782.19,782.49,4.3,90.19,9.8,3.0,41.15,0.816,14.07,3.11,LANE_A,20232.0,-22.4,87.3,1.0,0,450.0,-5.28,-7.68,-4.86,-7.38,2.54,-1.82,1.04,-1.66,-0.55,21.54,-2.52,-0.13,0.059,-0.03,0.779,1
14.9,TRAIN_M01_LADAKH_NOMINAL,TRAIN,LADAKH,CRUISE_LOITER,5395.6,2220.4,74.0,85.12,85.23,85.05,85.03,781.73,782.15,782.4,782.64,4.32,90.23,9.79,3.0,41.29,0.738,14.06,3.13,LANE_A,20232.0,-22.4,87.3,1.0,0,450.0,-5.33,-7.72,-4.9,-7.42,2.58,-2.0,1.25,-1.51,-0.53,21.55,-2.54,0.01,-0.02,-0.04,0.7791,1
14.95,TRAIN_M01_LADAKH_NOMINAL,TRAIN,LADAKH,CRUISE_LOITER,5396.1,2220.6,74.0,85.1,85.22,85.03,85.02,782.25,782.2,782.27,782.49,4.34,90.21,9.82,3.0,41.17,0.696,14.06,3.0,LANE_A,20233.0,-22.4,87.3,1.0,0,450.0,-5.35,-7.73,-4.92,-7.43,3.1,-1.95,1.12,-1.66,-0.51,21.53,-2.51,-0.11,-0.062,-0.04,0.7787,1
15.0,TRAIN_M01_LADAKH_NOMINAL,TRAIN,LADAKH,CRUISE_LOITER,5398.9,2221.8,74.0,85.09,85.2,85.02,85.01,782.14,781.89,782.69,782.66,4.34,90.27,9.72,3.0,41.13,0.762,14.05,3.21,LANE_A,20233.0,-22.4,87.2,1.0,0,450.0,-5.43,-7.82,-5.0,-7.51,2.99,-2.26,1.54,-1.49,-0.51,21.53,-2.62,-0.15,0.004,-0.05,0.779,1
15.05,TRAIN_M01_LADAKH_NOMINAL,TRAIN,LADAKH,CRUISE_LOITER,5390.5,2218.3,74.0,85.08,85.18,85.0,84.99,781.94,782.18,782.39,782.76,4.33,90.28,9.75,3.0,41.2,0.8,14.08,3.13,LANE_A,20233.0,-22.4,87.2,1.0,0,450.0,-5.32,-7.72,-4.9,-7.41,2.79,-1.97,1.24,-1.39,-0.52,21.64,-2.57,-0.08,0.043,-0.02,0.7803,1
15.1,TRAIN_M01_LADAKH_NOMINAL,TRAIN,LADAKH,CRUISE_LOITER,5384.1,2215.7,74.0,85.07,85.17,84.99,84.97,781.97,782.23,782.08,782.75,4.35,90.19,9.77,3.0,41.25,0.731,14.09,3.2,LANE_A,20234.0,-22.4,87.2,1.0,0,450.0,-5.23,-7.63,-4.81,-7.33,2.82,-1.92,0.93,-1.4,-0.5,21.63,-2.53,-0.03,-0.025,-0.01,0.7797,1
15.15,TRAIN_M01_LADAKH_NOMINAL,TRAIN,LADAKH,CRUISE_LOITER,5383.6,2215.5,74.0,85.06,85.16,84.98,84.96,781.8,781.93,782.47,782.48,4.35,90.13,9.75,3.0,41.42,0.808,14.05,3.25,LANE_A,20234.0,-22.4,87.2,1.0,0,450.0,-5.23,-7.63,-4.81,-7.33,2.65,-2.22,1.32,-1.67,-0.5,21.58,-2.55,0.14,0.052,-0.05,0.7791,1
15.2,TRAIN_M01_LADAKH_NOMINAL,TRAIN,LADAKH,CRUISE_LOITER,5383.1,2215.3,74.0,85.05,85.14,84.97,84.94,781.82,782.18,782.44,782.34,4.34,90.1,9.72,3.0,41.41,0.781,14.05,3.0,LANE_A,20234.0,-22.4,87.2,1.0,0,450.0,-5.23,-7.64,-4.81,-7.34,2.67,-1.97,1.29,-1.81,-0.51,21.55,-2.58,0.13,0.025,-0.05,0.7788,1
15.25,TRAIN_M01_LADAKH_NOMINAL,TRAIN,LADAKH,CRUISE_LOITER,5386.8,2216.8,74.0,85.03,85.13,84.95,84.93,781.56,782.35,782.6,782.36,4.29,90.06,9.68,3.0,41.48,0.709,14.06,3.05,LANE_A,20235.0,-22.5,87.2,1.0,0,450.0,-5.22,-7.62,-4.8,-7.32,2.42,-1.79,1.46,-1.78,-0.56,21.56,-2.63,0.2,-0.047,-0.04,0.7795,1
15.3,TRAIN_M01_LADAKH_NOMINAL,TRAIN,LADAKH,CRUISE_LOITER,5384.2,2215.7,73.9,85.02,85.12,84.94,84.92,781.49,782.61,782.68,782.42,4.34,89.92,9.69,3.0,41.35,0.758,14.06,3.02,LANE_A,20235.0,-22.5,87.2,1.0,0,450.0,-5.18,-7.58,-4.76,-7.28,2.28,-1.6,1.47,-1.79,-0.51,21.46,-2.61,0.08,0.002,-0.04,0.7774,1
15.35,TRAIN_M01_LADAKH_NOMINAL,TRAIN,LADAKH,CRUISE_LOITER,5377.0,2212.8,73.9,85.0,85.11,84.93,84.91,781.59,782.46,782.18,782.47,4.29,90.07,9.83,3.0,41.49,0.784,14.07,3.26,LANE_A,20235.0,-22.5,87.2,1.0,0,450.0,-5.09,-7.48,-4.66,-7.18,2.38,-1.75,0.97,-1.74,-0.56,21.7,-2.46,0.22,0.029,-0.03,0.7808,1
15.4,TRAIN_M01_LADAKH_NOMINAL,TRAIN,LADAKH,CRUISE_LOITER,5373.5,2211.3,73.9,84.99,85.1,84.92,84.9,781.38,782.51,782.5,782.67,4.32,89.99,9.9,3.0,41.5,0.721,14.08,3.21,LANE_A,20236.0,-22.5,87.2,1.0,0,450.0,-5.04,-7.43,-4.61,-7.13,2.17,-1.7,1.29,-1.54,-0.53,21.66,-2.38,0.23,-0.033,-0.02,0.7797,1
15.45,TRAIN_M01_LADAKH_NOMINAL,TRAIN,LADAKH,CRUISE_LOITER,5377.7,2213.1,73.9,84.98,85.08,84.91,84.89,781.91,782.59,782.7,782.4,4.35,90.01,9.88,3.0,41.55,0.738,14.06,3.36,LANE_A,20236.0,-22.5,87.2,1.0,0,450.0,-5.12,-7.52,-4.69,-7.21,2.7,-1.62,1.49,-1.81,-0.5,21.63,-2.41,0.28,-0.017,-0.04,0.7792,1
15.5,TRAIN_M01_LADAKH_NOMINAL,TRAIN,LADAKH,CRUISE_LOITER,5368.5,2209.3,73.9,84.97,85.07,84.9,84.89,782.13,782.72,782.6,782.71,4.32,89.86,9.93,3.0,41.43,0.733,14.06,3.37,LANE_A,20236.0,-22.5,87.2,1.0,0,450.0,-4.99,-7.39,-4.56,-7.07,2.92,-1.49,1.39,-1.5,-0.53,21.59,-2.34,0.16,-0.02,-0.04,0.7785,1
15.55,TRAIN_M01_LADAKH_NOMINAL,TRAIN,LADAKH,CRUISE_LOITER,5366.6,2208.5,73.9,84.95,85.06,84.88,84.87,781.97,782.78,782.77,782.67,4.33,89.94,9.78,3.0,41.46,0.736,14.08,3.21,LANE_A,20237.0,-22.5,87.2,1.0,0,450.0,-4.98,-7.37,-4.55,-7.06,2.76,-1.43,1.56,-1.54,-0.51,21.7,-2.48,0.19,-0.017,-0.02,0.7801,1
15.6,TRAIN_M01_LADAKH_NOMINAL,TRAIN,LADAKH,CRUISE_LOITER,5367.2,2208.7,73.9,84.94,85.04,84.88,84.86,782.0,782.75,782.66,782.26,4.32,90.06,9.83,3.0,41.51,0.705,14.07,3.3,LANE_A,20237.0,-22.5,87.2,1.0,0,450.0,-5.0,-7.4,-4.56,-7.08,2.79,-1.46,1.45,-1.95,-0.53,21.81,-2.43,0.24,-0.048,-0.03,0.7818,1
15.65,TRAIN_M01_LADAKH_NOMINAL,TRAIN,LADAKH,CRUISE_LOITER,5370.6,2210.1,73.9,84.93,85.03,84.87,84.85,782.08,782.69,782.53,782.15,4.38,89.94,9.84,3.0,41.27,0.744,14.06,3.39,LANE_A,20237.0,-22.5,87.2,1.0,0,450.0,-5.06,-7.46,-4.62,-7.14,2.87,-1.52,1.32,-2.06,-0.47,21.65,-2.43,0.0,-0.01,-0.04,0.7791,1
15.7,TRAIN_M01_LADAKH_NOMINAL,TRAIN,LADAKH,CRUISE_LOITER,5375.0,2212.0,73.8,84.92,85.01,84.85,84.84,781.98,782.37,782.51,782.39,4.3,89.92,9.85,3.0,41.25,0.672,14.06,3.36,LANE_A,20238.0,-22.5,87.2,1.0,0,450.0,-5.13,-7.54,-4.7,-7.21,2.69,-1.92,1.22,-1.9,-0.55,21.58,-2.43,-0.01,-0.082,-0.04,0.7791,1
15.75,TRAIN_M01_LADAKH_NOMINAL,TRAIN,LADAKH,CRUISE_LOITER,5376.6,2212.6,73.8,84.91,85.0,84.85,84.83,781.94,782.51,782.23,782.25,4.35,89.91,9.93,3.0,41.41,0.782,14.06,3.48,LANE_A,20238.0,-22.5,87.1,1.0,0,450.0,-5.19,-7.6,-4.75,-7.27,2.65,-1.78,0.94,-2.04,-0.5,21.53,-2.35,0.15,0.027,-0.04,0.7779,1
15.8,TRAIN_M01_LADAKH_NOMINAL,TRAIN,LADAKH,CRUISE_LOITER,5374.9,2211.9,73.8,84.9,84.98,84.84,84.82,782.5,782.55,782.19,782.3,4.35,89.82,9.92,3.0,41.32,0.771,14.06,3.33,LANE_A,20238.0,-22.5,87.1,1.0,0,450.0,-5.17,-7.59,-4.73,-7.25,3.21,-1.74,0.9,-1.99,-0.5,21.46,-2.36,0.06,0.017,-0.04,0.7768,1
15.85,TRAIN_M01_LADAKH_NOMINAL,TRAIN,LADAKH,CRUISE_LOITER,5380.0,2214.0,73.8,84.89,84.98,84.83,84.81,782.61,782.17,782.23,782.31,4.37,89.86,9.96,3.0,41.29,0.751,14.07,3.15,LANE_A,20239.0,-22.5,87.1,1.0,0,450.0,-5.26,-7.67,-4.82,-7.34,3.32,-2.12,0.94,-1.98,-0.48,21.44,-2.33,0.03,-0.004,-0.03,0.7765,1
15.9,TRAIN_M01_LADAKH_NOMINAL,TRAIN,LADAKH,CRUISE_LOITER,5381.1,2214.5,73.8,84.88,84.97,84.83,84.8,782.59,782.2,782.39,782.08,4.38,89.99,9.91,3.0,41.4,0.689,14.06,3.2,LANE_A,20239.0,-22.5,87.1,1.0,0,450.0,-5.28,-7.69,-4.83,-7.36,3.3,-2.09,1.1,-2.21,-0.47,21.56,-2.38,0.14,-0.066,-0.04,0.7784,1
15.95,TRAIN_M01_LADAKH_NOMINAL,TRAIN,LADAKH,CRUISE_LOITER,5380.9,2214.3,73.8,84.87,84.95,84.82,84.79,782.75,782.33,782.46,781.94,4.3,90.08,9.86,3.0,41.37,0.677,14.07,3.39,LANE_A,20239.0,-22.5,87.1,1.0,0,450.0,-5.29,-7.71,-4.84,-7.37,3.46,-1.96,1.17,-2.35,-0.55,21.65,-2.43,0.11,-0.078,-0.03,0.7805,1
16.0,TRAIN_M01_LADAKH_NOMINAL,TRAIN,LADAKH,CRUISE_LOITER,5381.9,2214.8,73.8,84.85,84.94,84.8,84.78,782.52,782.54,782.2,782.16,4.24,90.04,9.84,3.0,41.37,0.728,14.03,3.26,LANE_A,20240.0,-22.5,87.1,1.0,0,450.0,-5.33,-7.74,-4.88,-7.4,3.23,-1.75,0.91,-2.13,-0.61,21.6,-2.45,0.12,-0.028,-0.07,0.7805,1
16.05,TRAIN_M01_LADAKH_NOMINAL,TRAIN,LADAKH,CRUISE_LOITER,5379.7,2213.9,73.8,84.84,84.93,84.79,84.77,782.71,782.51,782.29,782.33,4.31,90.07,9.8,3.0,41.37,0.732,14.05,3.32,LANE_A,20240.0,-22.5,87.1,1.0,0,450.0,-5.3,-7.71,-4.85,-7.37,3.42,-1.78,1.0,-1.96,-0.54,21.66,-2.49,0.12,-0.023,-0.05,0.7806,1
16.1,TRAIN_M01_LADAKH_NOMINAL,TRAIN,LADAKH,CRUISE_LOITER,5384.4,2215.8,73.7,84.84,84.92,84.78,84.77,782.58,782.15,782.24,782.21,4.32,90.08,9.82,3.0,41.38,0.844,14.09,2.99,LANE_A,20240.0,-22.5,87.1,1.0,0,450.0,-5.36,-7.78,-4.92,-7.43,3.22,-2.21,0.88,-2.15,-0.53,21.62,-2.47,0.13,0.088,-0.01,0.7802,1
16.15,TRAIN_M01_LADAKH_NOMINAL,TRAIN,LADAKH,CRUISE_LOITER,5382.2,2214.9,73.7,84.83,84.91,84.77,84.76,782.75,782.63,782.66,782.15,4.33,89.96,9.93,3.0,41.3,0.719,14.06,3.12,LANE_A,20240.0,-22.5,87.1,1.0,0,450.0,-5.34,-7.76,-4.9,-7.41,3.39,-1.73,1.3,-2.21,-0.52,21.52,-2.36,0.05,-0.037,-0.04,0.7783,1
16.2,TRAIN_M01_LADAKH_NOMINAL,TRAIN,LADAKH,CRUISE_LOITER,5374.8,2211.8,73.7,84.82,84.9,84.76,84.75,782.67,782.79,782.62,781.81,4.38,89.75,9.8,3.0,41.15,0.745,14.04,3.11,LANE_A,20241.0,-22.5,87.1,1.0,0,450.0,-5.24,-7.66,-4.8,-7.31,3.31,-1.57,1.26,-2.55,-0.47,21.4,-2.47,-0.1,-0.009,-0.06,0.7761,1
16.25,TRAIN_M01_LADAKH_NOMINAL,TRAIN,LADAKH,CRUISE_LOITER,5381.0,2214.4,73.7,84.81,84.89,84.75,84.74,782.43,782.44,782.45,781.87,4.35,89.84,9.8,3.0,41.14,0.746,14.08,3.14,LANE_A,20241.0,-22.5,87.1,1.0,0,450.0,-5.34,-7.76,-4.9,-7.41,3.07,-1.92,1.09,-2.49,-0.5,21.42,-2.49,-0.11,-0.009,-0.02,0.7769,1
16.3,TRAIN_M01_LADAKH_NOMINAL,TRAIN,LADAKH,CRUISE_LOITER,5383.9,2215.6,73.7,84.8,84.88,84.74,84.74,782.65,782.98,782.2,781.87,4.27,89.79,9.77,3.0,41.21,0.711,14.07,3.29,LANE_A,20241.0,-22.5,87.1,1.0,0,450.0,-5.4,-7.82,-4.96,-7.46,3.29,-1.38,0.84,-2.49,-0.58,21.33,-2.52,-0.04,-0.045,-0.03,0.7766,1
16.35,TRAIN_M01_LADAKH_NOMINAL,TRAIN,LADAKH,CRUISE_LOITER,5380.8,2214.3,73.7,84.78,84.86,84.73,84.72,782.46,783.06,782.4,781.87,4.33,89.86,9.7,3.0,41.08,0.722,14.09,3.31,LANE_A,20241.0,-22.5,87.1,1.0,0,450.0,-5.37,-7.79,-4.92,-7.43,3.1,-1.3,1.04,-2.49,-0.52,21.44,-2.59,-0.17,-0.033,-0.01,0.7776,1
16.4,TRAIN_M01_LADAKH_NOMINAL,TRAIN,LADAKH,CRUISE_LOITER,5383.3,2215.3,73.7,84.77,84.85,84.71,84.71,782.78,783.11,782.57,782.05,4.35,89.79,9.72,3.0,41.22,0.79,14.03,3.33,LANE_A,20242.0,-22.5,87.1,1.0,0,450.0,-5.42,-7.84,-4.98,-7.48,3.42,-1.25,1.21,-2.31,-0.5,21.34,-2.57,-0.02,0.034,-0.07,0.7761,1
16.45,TRAIN_M01_LADAKH_NOMINAL,TRAIN,LADAKH,CRUISE_LOITER,5388.1,2217.3,73.6,84.76,84.85,84.7,84.7,782.93,783.06,782.28,782.32,4.34,89.73,9.74,3.0,41.27,0.733,14.09,3.15,LANE_A,20242.0,-22.5,87.1,1.0,0,450.0,-5.49,-7.9,-5.05,-7.55,3.49,-1.38,0.84,-2.12,-0.51,21.23,-2.56,0.03,-0.023,-0.01,0.7747,1
16.5,TRAIN_M01_LADAKH_NOMINAL,TRAIN,LADAKH,CRUISE_LOITER,5391.0,2218.5,73.6,84.74,84.84,84.68,84.69,782.86,782.9,782.69,782.29,4.34,89.54,9.7,3.0,41.01,0.749,14.07,3.5,LANE_A,20242.0,-22.5,87.1,1.0,0,450.0,-5.55,-7.95,-5.11,-7.6,3.42,-1.54,1.25,-2.15,-0.51,21.01,-2.6,-0.23,-0.008,-0.03,0.7717,1
16.55,TRAIN_M01_LADAKH_NOMINAL,TRAIN,LADAKH,CRUISE_LOITER,5391.6,2218.8,73.6,84.73,84.82,84.67,84.67,782.71,782.9,782.72,782.22,4.32,89.55,9.72,3.0,41.07,0.779,14.07,3.56,LANE_A,20242.0,-22.5,87.1,1.0,0,450.0,-5.57,-7.98,-5.13,-7.63,3.27,-1.54,1.28,-2.22,-0.53,21.01,-2.59,-0.17,0.022,-0.03,0.772,1
16.6,TRAIN_M01_LADAKH_NOMINAL,TRAIN,LADAKH,CRUISE_LOITER,5390.0,2218.1,73.6,84.71,84.81,84.65,84.66,782.5,782.83,782.64,782.49,4.34,89.7,9.67,3.0,40.96,0.804,14.04,3.29,LANE_A,20243.0,-22.5,87.0,1.0,0,450.0,-5.59,-7.99,-5.15,-7.64,3.06,-1.61,1.2,-1.95,-0.51,21.16,-2.63,-0.28,0.047,-0.06,0.7741,1
16.65,TRAIN_M01_LADAKH_NOMINAL,TRAIN,LADAKH,CRUISE_LOITER,5388.2,2217.4,73.6,84.7,84.8,84.65,84.65,782.44,782.53,782.59,782.31,4.32,89.73,9.64,3.0,41.03,0.755,14.07,3.07,LANE_A,20243.0,-22.5,87.0,1.0,0,450.0,-5.58,-7.98,-5.13,-7.63,3.0,-1.91,1.15,-2.13,-0.53,21.21,-2.66,-0.21,-0.001,-0.03,0.775,1
16.7,TRAIN_M01_LADAKH_NOMINAL,TRAIN,LADAKH,CRUISE_LOITER,5384.4,2215.8,73.6,84.68,84.79,84.63,84.64,782.21,782.75,782.9,782.44,4.34,89.71,9.72,3.0,41.08,0.795,14.07,3.18,LANE_A,20243.0,-22.5,87.0,1.0,0,450.0,-5.54,-7.93,-5.09,-7.58,2.77,-1.69,1.46,-2.0,-0.51,21.23,-2.57,-0.16,0.039,-0.03,0.7749,1
16.75,TRAIN_M01_LADAKH_NOMINAL,TRAIN,LADAKH,CRUISE_LOITER,5382.4,2215.0,73.6,84.67,84.77,84.62,84.62,782.57,782.46,782.86,782.09,4.3,89.7,9.72,3.0,41.1,0.696,14.04,3.18,LANE_A,20243.0,-22.5,87.0,1.0,0,450.0,-5.52,-7.92,-5.07,-7.57,3.13,-1.98,1.42,-2.35,-0.55,21.25,-2.56,-0.14,-0.06,-0.06,0.7755,1
16.8,TRAIN_M01_LADAKH_NOMINAL,TRAIN,LADAKH,CRUISE_LOITER,5382.9,2215.2,73.5,84.66,84.75,84.6,84.61,782.71,782.45,782.82,782.25,4.35,89.69,9.72,3.0,41.21,0.803,14.05,3.33,LANE_A,20244.0,-22.5,87.0,1.0,0,450.0,-5.53,-7.94,-5.09,-7.58,3.2,-2.06,1.31,-2.26,-0.5,21.24,-2.56,-0.02,0.047,-0.05,0.7749,1
16.85,TRAIN_M01_LADAKH_NOMINAL,TRAIN,LADAKH,CRUISE_LOITER,5386.7,2216.7,73.5,84.65,84.74,84.59,84.6,782.65,782.58,782.93,782.27,4.34,89.64,9.68,3.0,41.09,0.8,14.07,3.16,LANE_A,20244.0,-22.5,87.0,1.0,0,450.0,-5.59,-8.0,-5.15,-7.64,3.14,-1.93,1.42,-2.24,-0.51,21.14,-2.61,-0.14,0.044,-0.03,0.7738,1
16.9,TRAIN_M01_LADAKH_NOMINAL,TRAIN,LADAKH,CRUISE_LOITER,5383.2,2215.3,73.5,84.63,84.72,84.57,84.59,782.49,781.97,783.23,782.46,4.35,89.6,9.69,3.0,41.25,0.773,14.05,2.97,LANE_A,20244.0,-22.5,87.0,1.0,0,450.0,-5.56,-7.97,-5.12,-7.6,2.98,-2.54,1.72,-2.05,-0.5,21.15,-2.59,0.02,0.017,-0.05,0.7737,1
16.95,TRAIN_M01_LADAKH_NOMINAL,TRAIN,LADAKH,CRUISE_LOITER,5384.8,2216.0,73.5,84.62,84.71,84.56,84.58,782.36,782.37,783.12,782.59,4.37,89.58,9.69,3.0,41.18,0.67,14.09,3.22,LANE_A,20244.0,-22.5,87.0,1.0,0,450.0,-5.6,-8.01,-5.16,-7.64,2.85,-2.14,1.61,-1.92,-0.48,21.11,-2.6,-0.05,-0.086,-0.01,0.7732,1
17.0,TRAIN_M01_LADAKH_NOMINAL,TRAIN,LADAKH,CRUISE_LOITER,5378.2,2213.2,73.5,84.61,84.7,84.55,84.57,782.25,782.11,783.18,782.72,4.3,89.59,9.68,3.0,41.29,0.748,14.07,3.14,LANE_A,20244.0,-22.5,87.0,1.0,0,450.0,-5.51,-7.92,-5.07,-7.55,2.74,-2.4,1.67,-1.79,-0.55,21.2,-2.59,0.06,-0.007,-0.03,0.7748,1
17.05,TRAIN_M01_LADAKH_NOMINAL,TRAIN,LADAKH,CRUISE_LOITER,5379.5,2213.8,73.5,84.6,84.69,84.54,84.55,781.99,782.14,782.79,782.78,4.39,89.57,9.77,3.0,41.31,0.769,14.06,3.13,LANE_A,20245.0,-22.5,87.0,1.0,0,450.0,-5.53,-7.94,-5.09,-7.58,2.48,-2.37,1.28,-1.73,-0.46,21.16,-2.5,0.08,0.014,-0.04,0.7733,1
17.1,TRAIN_M01_LADAKH_NOMINAL,TRAIN,LADAKH,CRUISE_LOITER,5373.8,2211.5,73.5,84.58,84.67,84.52,84.54,781.8,781.97,782.97,782.75,4.33,89.46,9.74,3.0,41.35,0.763,14.06,3.17,LANE_A,20245.0,-22.5,87.0,1.0,0,450.0,-5.47,-7.88,-5.03,-7.51,2.29,-2.54,1.46,-1.76,-0.52,21.12,-2.52,0.12,0.009,-0.04,0.7731,1
17.15,TRAIN_M01_LADAKH_NOMINAL,TRAIN,LADAKH,CRUISE_LOITER,5372.8,2211.0,73.4,84.57,84.66,84.52,84.53,781.97,782.06,783.22,782.69,4.36,89.47,9.76,3.0,41.3,0.751,14.07,3.05,LANE_A,20245.0,-22.5,87.0,1.0,0,450.0,-5.45,-7.86,-5.0,-7.49,2.38,-2.53,1.63,-1.9,-0.49,21.15,-2.5,0.08,-0.003,-0.03,0.7732,1
17.2,TRAIN_M01_LADAKH_NOMINAL,TRAIN,LADAKH,CRUISE_LOITER,5375.2,2212.0,73.4,84.55,84.65,84.51,84.53,781.64,781.99,783.38,782.82,4.35,89.58,9.8,3.0,41.07,0.662,14.06,3.37,LANE_A,20245.0,-22.5,87.0,1.0,0,450.0,-5.51,-7.91,-5.05,-7.53,2.05,-2.6,1.79,-1.77,-0.5,21.23,-2.46,-0.15,-0.092,-0.04,0.7746,1
17.25,TRAIN_M01_LADAKH_NOMINAL,TRAIN,LADAKH,CRUISE_LOITER,5375.6,2212.2,73.4,84.54,84.65,84.51,84.51,781.49,782.28,783.44,782.95,4.32,89.58,9.75,3.0,40.98,0.708,14.04,3.2,LANE_A,20245.0,-22.5,87.0,1.0,0,450.0,-5.53,-7.92,-5.06,-7.56,1.9,-2.31,1.85,-1.64,-0.53,21.23,-2.51,-0.24,-0.047,-0.06,0.7749,1
17.3,TRAIN_M01_LADAKH_NOMINAL,TRAIN,LADAKH,CRUISE_LOITER,5377.1,2212.8,73.4,84.54,84.63,84.5,84.51,781.5,782.23,783.83,782.91,4.35,89.6,9.79,3.0,41.04,0.807,14.06,3.18,LANE_A,20246.0,-22.5,87.0,1.0,0,450.0,-5.55,-7.96,-5.09,-7.58,1.91,-2.36,2.24,-1.68,-0.5,21.23,-2.47,-0.18,0.052,-0.04,0.7746,1
17.35,TRAIN_M01_LADAKH_NOMINAL,TRAIN,LADAKH,CRUISE_LOITER,5379.6,2213.8,73.4,84.53,84.62,84.49,84.5,781.75,782.0,784.22,783.15,4.33,89.46,9.77,3.0,41.0,0.715,14.07,3.27,LANE_A,20246.0,-22.5,87.0,1.0,0,450.0,-5.6,-8.01,-5.14,-7.63,2.16,-2.59,2.63,-1.44,-0.52,21.06,-2.5,-0.22,-0.04,-0.03,0.7725,1
17.4,TRAIN_M01_LADAKH_NOMINAL,TRAIN,LADAKH,CRUISE_LOITER,5379.9,2213.9,73.4,84.52,84.61,84.48,84.49,781.94,782.27,784.02,782.99,4.36,89.44,9.82,3.0,41.03,0.766,14.08,3.21,LANE_A,20246.0,-22.5,87.0,1.0,0,450.0,-5.61,-8.02,-5.15,-7.64,2.35,-2.32,2.43,-1.6,-0.49,21.04,-2.45,-0.19,0.011,-0.02,0.7719,1
17.45,TRAIN_M01_LADAKH_NOMINAL,TRAIN,LADAKH,CRUISE_LOITER,5380.4,2214.2,73.3,84.5,84.6,84.47,84.48,782.12,782.61,783.49,782.92,4.34,89.37,9.75,3.0,41.06,0.77,14.09,3.28,LANE_A,20246.0,-22.5,87.0,1.0,0,450.0,-5.63,-8.03,-5.16,-7.65,2.46,-2.05,1.83,-1.74,-0.51,20.97,-2.52,-0.15,0.015,-0.01,0.7712,1
17.5,TRAIN_M01_LADAKH_NOMINAL,TRAIN,LADAKH,CRUISE_LOITER,5380.2,2214.1,73.3,84.49,84.59,84.46,84.47,782.04,783.03,783.2,783.35,4.39,89.41,9.74,3.0,41.15,0.729,14.07,3.13,LANE_A,20246.0,-22.5,87.0,1.0,0,450.0,-5.63,-8.03,-5.16,-7.65,2.38,-1.63,1.54,-1.31,-0.46,21.01,-2.53,-0.06,-0.026,-0.03,0.7713,1
17.55,TRAIN_M01_LADAKH_NOMINAL,TRAIN,LADAKH,CRUISE_LOITER,5385.6,2216.3,73.3,84.48,84.58,84.45,84.46,782.0,783.26,782.89,783.37,4.4,89.31,9.69,3.0,41.15,0.734,14.06,2.96,LANE_A,20247.0,-22.5,87.0,1.0,0,450.0,-5.73,-8.13,-5.26,-7.75,2.34,-1.4,1.23,-1.29,-0.45,20.85,-2.59,-0.06,-0.022,-0.04,0.7693,1
17.6,TRAIN_M01_LADAKH_NOMINAL,TRAIN,LADAKH,CRUISE_LOITER,5380.3,2214.1,73.3,84.47,84.56,84.44,84.44,782.0,783.04,782.89,783.07,4.38,89.22,9.75,3.0,41.17,0.703,14.06,3.48,LANE_A,20247.0,-22.5,86.9,1.0,0,450.0,-5.68,-8.09,-5.21,-7.71,2.34,-1.62,1.23,-1.59,-0.47,20.8,-2.52,-0.04,-0.052,-0.04,0.7685,1
17.65,TRAIN_M01_LADAKH_NOMINAL,TRAIN,LADAKH,CRUISE_LOITER,5381.6,2214.7,73.3,84.46,84.55,84.43,84.44,782.06,782.95,782.74,783.42,4.37,89.13,9.74,3.0,41.24,0.721,14.06,3.11,LANE_A,20247.0,-22.5,86.9,1.0,0,450.0,-5.71,-8.12,-5.24,-7.73,2.4,-1.71,1.08,-1.24,-0.48,20.69,-2.53,0.03,-0.034,-0.04,0.767,1
17.7,TRAIN_M01_LADAKH_NOMINAL,TRAIN,LADAKH,CRUISE_LOITER,5370.7,2210.2,73.3,84.45,84.55,84.42,84.43,782.44,782.96,782.8,783.28,4.37,89.18,9.71,3.0,41.21,0.752,14.07,3.19,LANE_A,20247.0,-22.5,86.9,1.0,0,450.0,-5.56,-7.96,-5.09,-7.58,2.78,-1.7,1.14,-1.38,-0.48,20.87,-2.54,0.0,-0.002,-0.03,0.7692,1
17.75,TRAIN_M01_LADAKH_NOMINAL,TRAIN,LADAKH,CRUISE_LOITER,5374.1,2211.6,73.2,84.44,84.53,84.42,84.42,782.16,782.76,782.97,782.74,4.35,89.12,9.74,3.0,41.17,0.795,14.04,3.12,LANE_A,20247.0,-22.5,86.9,1.0,0,450.0,-5.61,-8.02,-5.13,-7.63,2.43,-1.97,1.24,-1.99,-0.5,20.78,-2.51,-0.03,0.041,-0.06,0.7682,1
17.8,TRAIN_M01_LADAKH_NOMINAL,TRAIN,LADAKH,CRUISE_LOITER,5379.6,2213.8,73.2,84.43,84.52,84.4,84.41,782.32,782.4,782.85,782.35,4.37,89.0,9.73,3.0,41.16,0.76,14.06,3.27,LANE_A,20247.0,-22.6,86.9,1.0,0,450.0,-5.61,-8.02,-5.14,-7.63,2.6,-2.32,1.13,-2.37,-0.48,20.69,-2.54,-0.04,0.005,-0.04,0.7667,1
17.85,TRAIN_M01_LADAKH_NOMINAL,TRAIN,LADAKH,CRUISE_LOITER,5375.7,2212.2,73.2,84.42,84.51,84.39,84.4,782.27,782.48,782.97,782.54,4.35,88.95,9.71,3.0,41.14,0.772,14.06,3.2,LANE_A,20247.0,-22.6,86.9,1.0,0,450.0,-5.56,-7.97,-5.09,-7.58,2.55,-2.24,1.25,-2.18,-0.5,20.69,-2.55,-0.06,0.017,-0.04,0.7668,1
17.9,TRAIN_M01_LADAKH_NOMINAL,TRAIN,LADAKH,CRUISE_LOITER,5380.0,2214.0,73.2,84.42,84.5,84.39,84.39,782.62,782.24,782.92,782.82,4.37,88.88,9.68,3.0,41.2,0.762,14.08,3.37,LANE_A,20248.0,-22.6,86.9,1.0,0,450.0,-5.62,-8.04,-5.15,-7.65,2.9,-2.48,1.2,-1.9,-0.48,20.56,-2.59,0.0,0.007,-0.02,0.7649,1
17.95,TRAIN_M01_LADAKH_NOMINAL,TRAIN,LADAKH,CRUISE_LOITER,5382.0,2214.8,73.2,84.4,84.49,84.37,84.37,782.99,782.21,782.76,782.32,4.39,88.81,9.56,3.0,41.3,0.764,14.07,3.21,LANE_A,20248.0,-22.6,86.9,1.0,0,450.0,-5.67,-8.08,-5.2,-7.7,3.27,-2.51,1.04,-2.4,-0.46,20.47,-2.71,0.1,0.008,-0.03,0.7637,1
18.0,TRAIN_M01_LADAKH_NOMINAL,TRAIN,LADAKH,CRUISE_LOITER,5383.9,2215.6,73.2,84.39,84.47,84.36,84.36,782.42,782.19,782.89,782.11,4.36,88.75,9.61,3.0,41.12,0.743,14.05,3.26,LANE_A,20248.0,-22.6,86.9,1.0,0,450.0,-5.71,-8.13,-5.24,-7.74,2.7,-2.53,1.17,-2.61,-0.49,20.39,-2.67,-0.08,-0.013,-0.05,0.7628,1
18.05,TRAIN_M01_LADAKH_NOMINAL,TRAIN,LADAKH,CRUISE_LOITER,5386.2,2216.5,73.2,84.37,84.45,84.35,84.34,782.39,782.31,782.68,782.15,4.38,88.88,9.6,3.0,41.1,0.739,14.07,3.1,LANE_A,20248.0,-22.6,86.9,1.0,0,450.0,-5.77,-8.19,-5.29,-7.8,2.67,-2.41,0.96,-2.57,-0.47,20.49,-2.68,-0.1,-0.017,-0.03,0.7644,1
18.1,TRAIN_M01_LADAKH_NOMINAL,TRAIN,LADAKH,CRUISE_LOITER,5381.2,2214.5,73.1,84.36,84.43,84.34,84.33,782.15,782.33,782.74,782.08,4.36,88.85,9.52,3.0,41.12,0.725,14.06,3.34,LANE_A,20248.0,-22.6,86.9,1.0,0,450.0,-5.69,-8.12,-5.21,-7.72,2.36,-2.46,0.95,-2.71,-0.49,20.53,-2.75,-0.07,-0.03,-0.04,0.7651,1
18.15,TRAIN_M01_LADAKH_NOMINAL,TRAIN,LADAKH,CRUISE_LOITER,5375.6,2212.2,73.1,84.34,84.43,84.32,84.32,782.44,782.12,782.57,781.96,4.38,88.82,9.61,3.0,41.36,0.835,14.05,3.12,LANE_A,20248.0,-22.6,86.9,1.0,0,450.0,-5.63,-8.04,-5.15,-7.65,2.65,-2.67,0.78,-2.83,-0.47,20.57,-2.65,0.17,0.08,-0.05,0.7652,1
18.2,TRAIN_M01_LADAKH_NOMINAL,TRAIN,LADAKH,CRUISE_LOITER,5369.1,2209.5,73.1,84.32,84.42,84.31,84.31,782.43,782.08,782.62,782.1,4.39,88.82,9.68,3.0,41.25,0.69,14.06,3.14,LANE_A,20248.0,-22.6,86.9,1.0,0,450.0,-5.55,-7.95,-5.06,-7.56,2.64,-2.71,0.83,-2.69,-0.46,20.64,-2.56,0.06,-0.064,-0.04,0.7657,1
18.25,TRAIN_M01_LADAKH_NOMINAL,TRAIN,LADAKH,CRUISE_LOITER,5359.1,2205.4,73.1,84.31,84.4,84.3,84.29,782.3,782.12,782.3,782.3,4.36,88.7,9.61,3.0,41.11,0.726,14.04,3.16,LANE_A,20248.0,-22.6,86.9,1.0,0,450.0,-5.41,-7.82,-4.92,-7.43,2.51,-2.67,0.51,-2.49,-0.48,20.64,-2.61,-0.08,-0.026,-0.06,0.7656,1
18.3,TRAIN_M01_LADAKH_NOMINAL,TRAIN,LADAKH,CRUISE_LOITER,5359.1,2205.4,73.1,84.3,84.39,84.28,84.28,781.99,781.85,782.07,782.44,4.33,88.7,9.6,3.0,41.25,0.701,14.06,3.24,LANE_A,20249.0,-22.6,86.9,1.0,0,450.0,-5.42,-7.83,-4.94,-7.44,2.2,-2.94,0.28,-2.35,-0.51,20.64,-2.62,0.06,-0.051,-0.04,0.7659,1
18.35,TRAIN_M01_LADAKH_NOMINAL,TRAIN,LADAKH,CRUISE_LOITER,5368.0,2209.1,73.1,84.29,84.37,84.26,84.27,782.2,781.99,782.45,782.59,4.36,88.78,9.61,3.0,41.17,0.732,14.06,3.18,LANE_A,20249.0,-22.6,86.9,1.0,0,450.0,-5.56,-7.98,-5.09,-7.58,2.41,-2.8,0.66,-2.2,-0.49,20.62,-2.63,-0.02,-0.021,-0.04,0.7658,1
18.4,TRAIN_M01_LADAKH_NOMINAL,TRAIN,LADAKH,CRUISE_LOITER,5373.3,2211.2,73.0,84.28,84.36,84.25,84.26,782.49,782.41,782.84,782.48,4.37,88.7,9.7,3.0,41.11,0.789,14.08,2.99,LANE_A,20249.0,-22.6,86.9,1.0,0,450.0,-5.64,-8.06,-5.17,-7.66,2.63,-2.45,0.98,-2.38,-0.48,20.48,-2.55,-0.07,0.035,-0.02,0.7637,1
18.45,TRAIN_M01_LADAKH_NOMINAL,TRAIN,LADAKH,CRUISE_LOITER,5373.6,2211.4,73.0,84.27,84.35,84.24,84.26,782.51,782.58,782.73,782.38,4.42,88.69,9.71,3.0,41.22,0.723,14.07,3.12,LANE_A,20249.0,-22.6,86.9,1.0,0,450.0,-5.66,-8.08,-5.19,-7.67,2.65,-2.28,0.87,-2.48,-0.43,20.47,-2.54,0.04,-0.031,-0.03,0.7631,1
18.5,TRAIN_M01_LADAKH_NOMINAL,TRAIN,LADAKH,CRUISE_LOITER,5382.6,2215.1,73.0,84.26,84.34,84.24,84.24,782.4,782.23,782.86,782.54,4.38,88.64,9.77,3.0,40.99,0.695,14.07,3.44,LANE_A,20249.0,-22.6,86.9,1.0,0,450.0,-5.8,-8.22,-5.32,-7.82,2.54,-2.63,1.0,-2.32,-0.47,20.31,-2.5,-0.19,-0.061,-0.03,0.7614,1
18.55,TRAIN_M01_LADAKH_NOMINAL,TRAIN,LADAKH,CRUISE_LOITER,5377.3,2212.9,73.0,84.26,84.33,84.23,84.23,782.38,782.36,782.92,783.04,4.37,88.69,9.64,3.0,41.13,0.788,14.08,3.11,LANE_A,20249.0,-22.6,86.9,1.0,0,450.0,-5.72,-8.15,-5.25,-7.75,2.52,-2.5,1.06,-1.82,-0.48,20.42,-2.62,-0.05,0.033,-0.02,0.7631,1
18.6,TRAIN_M01_LADAKH_NOMINAL,TRAIN,LADAKH,CRUISE_LOITER,5375.4,2212.1,73.0,84.24,84.32,84.22,84.23,782.05,782.75,782.85,783.05,4.38,88.56,9.62,3.0,41.22,0.665,14.04,2.99,LANE_A,20249.0,-22.6,86.9,1.0,0,450.0,-5.71,-8.13,-5.23,-7.72,2.19,-2.11,0.99,-1.81,-0.47,20.32,-2.63,0.04,-0.09,-0.06,0.7616,1
18.65,TRAIN_M01_LADAKH_NOMINAL,TRAIN,LADAKH,CRUISE_LOITER,5374.5,2211.7,72.9,84.23,84.31,84.2,84.21,782.15,782.49,782.81,782.98,4.42,88.37,9.61,3.0,41.21,0.814,14.07,3.46,LANE_A,20249.0,-22.6,86.9,1.0,0,450.0,-5.7,-8.12,-5.23,-7.72,2.21,-2.45,0.87,-1.96,-0.43,20.15,-2.64,0.03,0.06,-0.03,0.7585,1
18.7,TRAIN_M01_LADAKH_NOMINAL,TRAIN,LADAKH,CRUISE_LOITER,5380.2,2214.1,72.9,84.22,84.31,84.19,84.2,781.96,782.42,782.58,782.89,4.38,88.23,9.54,3.0,41.44,0.743,14.04,3.12,LANE_A,20249.0,-22.6,86.9,1.0,0,450.0,-5.8,-8.21,-5.33,-7.82,2.02,-2.52,0.64,-2.05,-0.47,19.94,-2.72,0.26,-0.012,-0.06,0.756,1
18.75,TRAIN_M01_LADAKH_NOMINAL,TRAIN,LADAKH,CRUISE_LOITER,5382.0,2214.8,72.9,84.21,84.29,84.18,84.18,781.94,782.38,782.84,783.1,4.36,88.15,9.49,3.0,41.41,0.691,14.07,3.36,LANE_A,20249.0,-22.6,86.9,1.0,0,450.0,-5.83,-8.25,-5.36,-7.86,2.0,-2.56,0.9,-1.84,-0.49,19.83,-2.77,0.23,-0.065,-0.03,0.7547,1
18.8,TRAIN_M01_LADAKH_NOMINAL,TRAIN,LADAKH,CRUISE_LOITER,5377.3,2212.9,72.9,84.19,84.27,84.16,84.17,782.31,782.28,782.84,782.92,4.41,88.21,9.53,3.0,41.38,0.737,14.09,3.27,LANE_A,20249.0,-22.6,86.9,1.0,0,450.0,-5.78,-8.2,-5.31,-7.8,2.37,-2.66,0.9,-2.02,-0.44,19.95,-2.72,0.2,-0.018,-0.01,0.7559,1
18.85,TRAIN_M01_LADAKH_NOMINAL,TRAIN,LADAKH,CRUISE_LOITER,5377.1,2212.8,72.9,84.18,84.26,84.15,84.16,782.04,782.4,782.64,783.23,4.38,88.33,9.46,3.0,41.2,0.685,14.09,3.04,LANE_A,20250.0,-22.6,86.9,1.0,0,450.0,-5.79,-8.21,-5.32,-7.81,2.1,-2.54,0.7,-1.71,-0.47,20.07,-2.79,0.03,-0.07,-0.01,0.7582,1
18.9,TRAIN_M01_LADAKH_NOMINAL,TRAIN,LADAKH,CRUISE_LOITER,5380.7,2214.3,72.9,84.17,84.24,84.14,84.15,781.87,782.55,782.47,782.82,4.43,88.38,9.51,3.0,41.18,0.71,14.08,3.35,LANE_A,20250.0,-22.6,86.9,1.0,0,450.0,-5.85,-8.28,-5.38,-7.87,1.93,-2.39,0.53,-2.12,-0.42,20.08,-2.75,0.01,-0.045,-0.02,0.758,1
18.95,TRAIN_M01_LADAKH_NOMINAL,TRAIN,LADAKH,CRUISE_LOITER,5379.4,2213.8,72.8,84.15,84.23,84.12,84.14,782.51,782.74,782.82,782.77,4.39,88.47,9.55,3.0,41.17,0.719,14.06,3.17,LANE_A,20250.0,-22.6,86.9,1.0,0,450.0,-5.84,-8.26,-5.37,-7.85,2.5,-2.27,0.81,-2.24,-0.46,20.19,-2.7,0.0,-0.036,-0.04,0.7599,1
19.0,TRAIN_M01_LADAKH_NOMINAL,TRAIN,LADAKH,CRUISE_LOITER,5373.5,2211.3,72.8,84.14,84.22,84.11,84.12,782.57,782.63,783.3,782.57,4.35,88.35,9.44,3.0,41.1,0.698,14.09,3.21,LANE_A,20250.0,-22.6,86.9,1.0,0,450.0,-5.77,-8.19,-5.3,-7.79,2.56,-2.38,1.29,-2.44,-0.5,20.15,-2.8,-0.07,-0.056,-0.01,0.7597,1
19.05,TRAIN_M01_LADAKH_NOMINAL,TRAIN,LADAKH,CRUISE_LOITER,5378.8,2213.5,72.8,84.13,84.2,84.09,84.11,782.21,782.78,783.5,782.8,4.32,88.27,9.52,3.0,41.19,0.759,14.08,3.5,LANE_A,20250.0,-22.6,86.8,1.0,0,450.0,-5.88,-8.31,-5.42,-7.9,2.2,-2.23,1.49,-2.21,-0.53,19.98,-2.73,0.02,0.004,-0.02,0.7575,1
19.1,TRAIN_M01_LADAKH_NOMINAL,TRAIN,LADAKH,CRUISE_LOITER,5373.7,2211.4,72.8,84.11,84.18,84.08,84.09,782.01,783.06,783.62,782.62,4.34,88.3,9.54,3.0,41.07,0.727,14.06,3.21,LANE_A,20250.0,-22.6,86.8,1.0,0,450.0,-5.83,-8.26,-5.36,-7.85,2.0,-1.95,1.61,-2.39,-0.51,20.07,-2.7,-0.1,-0.027,-0.04,0.7585,1
19.15,TRAIN_M01_LADAKH_NOMINAL,TRAIN,LADAKH,CRUISE_LOITER,5374.0,2211.5,72.8,84.1,84.17,84.07,84.08,782.15,783.13,783.35,782.41,4.39,88.31,9.56,3.0,41.1,0.751,14.06,3.4,LANE_A,20250.0,-22.6,86.8,1.0,0,450.0,-5.84,-8.27,-5.37,-7.86,2.14,-1.88,1.34,-2.6,-0.46,20.08,-2.68,-0.07,-0.003,-0.04,0.7582,1
19.2,TRAIN_M01_LADAKH_NOMINAL,TRAIN,LADAKH,CRUISE_LOITER,5373.2,2211.2,72.8,84.1,84.16,84.06,84.06,782.3,782.77,783.17,782.55,4.37,88.36,9.68,3.0,41.02,0.806,14.07,2.99,LANE_A,20250.0,-22.6,86.8,1.0,0,450.0,-5.83,-8.27,-5.37,-7.87,2.29,-2.24,1.16,-2.46,-0.48,20.14,-2.56,-0.15,0.052,-0.03,0.7591,1
19.25,TRAIN_M01_LADAKH_NOMINAL,TRAIN,LADAKH,CRUISE_LOITER,5375.1,2212.0,72.7,84.09,84.14,84.05,84.05,782.19,782.75,783.18,782.92,4.38,88.4,9.69,3.0,41.13,0.74,14.07,2.92,LANE_A,20250.0,-22.6,86.8,1.0,0,450.0,-5.86,-8.31,-5.4,-7.9,2.11,-2.33,1.1,-2.16,-0.47,20.16,-2.55,-0.03,-0.014,-0.03,0.7593,1
19.3,TRAIN_M01_LADAKH_NOMINAL,TRAIN,LADAKH,CRUISE_LOITER,5370.4,2210.0,72.7,84.07,84.14,84.05,84.04,782.37,782.5,783.41,783.65,4.38,88.27,9.67,3.0,41.11,0.771,14.06,3.27,LANE_A,20250.0,-22.6,86.8,1.0,0,450.0,-5.81,-8.24,-5.33,-7.84,2.29,-2.58,1.33,-1.43,-0.47,20.09,-2.56,-0.05,0.017,-0.04,0.7581,1
19.35,TRAIN_M01_LADAKH_NOMINAL,TRAIN,LADAKH,CRUISE_LOITER,5371.6,2210.6,72.7,84.05,84.12,84.04,84.03,782.34,782.67,783.24,783.76,4.39,88.37,9.61,3.0,41.15,0.768,14.05,3.14,LANE_A,20250.0,-22.6,86.8,1.0,0,450.0,-5.84,-8.27,-5.35,-7.86,2.26,-2.41,1.16,-1.32,-0.46,20.17,-2.62,-0.01,0.014,-0.05,0.7594,1
19.4,TRAIN_M01_LADAKH_NOMINAL,TRAIN,LADAKH,CRUISE_LOITER,5364.4,2207.6,72.7,84.04,84.11,84.02,84.01,782.6,782.35,783.34,784.14,4.38,88.39,9.57,3.0,41.09,0.715,14.08,3.41,LANE_A,20250.0,-22.6,86.8,1.0,0,450.0,-5.75,-8.18,-5.27,-7.78,2.52,-2.73,1.26,-0.94,-0.47,20.28,-2.65,-0.07,-0.038,-0.02,0.761,1
19.45,TRAIN_M01_LADAKH_NOMINAL,TRAIN,LADAKH,CRUISE_LOITER,5366.5,2208.4,72.7,84.02,84.1,84.01,84.0,782.8,782.16,783.09,783.6,4.38,88.48,9.59,3.0,41.15,0.757,14.07,3.1,LANE_A,20250.0,-22.6,86.8,1.0,0,450.0,-5.8,-8.22,-5.31,-7.82,2.72,-2.92,1.01,-1.48,-0.47,20.35,-2.63,-0.01,0.004,-0.03,0.7622,1
19.5,TRAIN_M01_LADAKH_NOMINAL,TRAIN,LADAKH,CRUISE_LOITER,5371.6,2210.5,72.6,84.02,84.09,84.01,83.99,782.57,782.1,783.48,783.54,4.33,88.52,9.51,3.0,41.22,0.78,14.07,3.31,LANE_A,20250.0,-22.6,86.8,1.0,0,450.0,-5.86,-8.29,-5.37,-7.89,2.42,-3.05,1.33,-1.61,-0.52,20.33,-2.72,0.07,0.026,-0.03,0.7627,1
19.55,TRAIN_M01_LADAKH_NOMINAL,TRAIN,LADAKH,CRUISE_LOITER,5368.3,2209.2,72.6,84.0,84.07,83.99,83.98,783.13,782.31,783.57,783.16,4.32,88.67,9.49,3.0,41.15,0.74,14.05,3.23,LANE_A,20250.0,-22.6,86.8,1.0,0,450.0,-5.83,-8.26,-5.34,-7.85,2.98,-2.84,1.42,-1.99,-0.53,20.52,-2.73,0.0,-0.013,-0.05,0.7657,1
19.6,TRAIN_M01_LADAKH_NOMINAL,TRAIN,LADAKH,CRUISE_LOITER,5364.2,2207.5,72.6,83.99,84.05,83.98,83.97,782.85,782.37,783.56,783.14,4.42,88.62,9.53,3.0,41.13,0.82,14.06,3.1,LANE_A,20250.0,-22.6,86.8,1.0,0,450.0,-5.78,-8.22,-5.29,-7.8,2.7,-2.78,1.41,-2.01,-0.43,20.52,-2.68,-0.02,0.067,-0.04,0.7646,1
19.65,TRAIN_M01_LADAKH_NOMINAL,TRAIN,LADAKH,CRUISE_LOITER,5363.5,2207.2,72.6,83.98,84.04,83.97,83.95,782.99,782.71,783.49,783.25,4.35,88.73,9.55,3.0,41.18,0.772,14.01,3.32,LANE_A,20250.0,-22.6,86.8,1.0,0,450.0,-5.78,-8.22,-5.29,-7.81,2.84,-2.44,1.34,-1.9,-0.5,20.64,-2.66,0.03,0.019,-0.09,0.7669,1
19.7,TRAIN_M01_LADAKH_NOMINAL,TRAIN,LADAKH,CRUISE_LOITER,5359.9,2205.7,72.6,83.96,84.03,83.96,83.94,782.81,783.07,783.13,783.03,4.35,88.84,9.55,3.0,41.22,0.734,14.05,3.19,LANE_A,20250.0,-22.6,86.8,1.0,0,450.0,-5.75,-8.18,-5.25,-7.77,2.66,-2.08,0.98,-2.12,-0.49,20.79,-2.65,0.07,-0.018,-0.05,0.7689,1
19.75,TRAIN_M01_LADAKH_NOMINAL,TRAIN,LADAKH,CRUISE_LOITER,5358.9,2205.3,72.6,83.94,84.02,83.95,83.93,783.23,783.17,783.09,783.05,4.35,88.93,9.45,3.0,41.22,0.779,14.03,2.98,LANE_A,20250.0,-22.6,86.8,1.0,0,450.0,-5.75,-8.17,-5.24,-7.76,3.08,-1.98,0.94,-2.1,-0.49,20.9,-2.75,0.07,0.027,-0.07,0.7707,1
19.8,TRAIN_M01_LADAKH_NOMINAL,TRAIN,LADAKH,CRUISE_LOITER,5361.5,2206.4,72.5,83.93,84.01,83.93,83.91,783.15,783.2,783.12,783.35,4.39,88.95,9.5,3.0,41.09,0.728,14.05,3.37,LANE_A,20250.0,-22.6,86.8,1.0,0,450.0,-5.79,-8.21,-5.29,-7.81,2.93,-2.02,0.9,-1.87,-0.46,20.89,-2.7,-0.06,-0.024,-0.05,0.7703,1
19.85,TRAIN_M01_LADAKH_NOMINAL,TRAIN,LADAKH,CRUISE_LOITER,5357.0,2204.5,72.5,83.92,83.99,83.92,83.9,783.44,783.27,782.73,783.42,4.35,88.91,9.52,3.0,41.1,0.807,14.06,3.18,LANE_A,20250.0,-22.6,86.8,1.0,0,450.0,-5.74,-8.17,-5.24,-7.76,3.22,-1.95,0.51,-1.8,-0.49,20.91,-2.67,-0.05,0.055,-0.04,0.7707,1
19.9,TRAIN_M01_LADAKH_NOMINAL,TRAIN,LADAKH,CRUISE_LOITER,5359.7,2205.6,72.5,83.91,83.98,83.91,83.88,783.33,783.46,782.44,783.03,4.39,88.92,9.51,3.0,41.17,0.738,14.04,3.37,LANE_A,20250.0,-22.6,86.8,1.0,0,450.0,-5.79,-8.22,-5.29,-7.82,3.11,-1.76,0.22,-2.19,-0.45,20.88,-2.69,0.02,-0.014,-0.06,0.7701,1
19.95,TRAIN_M01_LADAKH_NOMINAL,TRAIN,LADAKH,CRUISE_LOITER,5357.6,2204.8,72.5,83.9,83.97,83.9,83.87,783.18,783.37,782.86,782.89,4.34,88.93,9.54,3.0,41.2,0.703,14.04,3.15,LANE_A,20250.0,-22.6,86.8,1.0,0,450.0,-5.76,-8.19,-5.26,-7.79,2.96,-1.85,0.64,-2.33,-0.5,20.92,-2.66,0.05,-0.049,-0.06,0.771,1
20.0,TRAIN_M01_LADAKH_NOMINAL,TRAIN,LADAKH,CRUISE_LOITER,5361.8,2206.5,72.5,83.88,83.95,83.89,83.87,783.09,783.56,783.26,783.04,4.36,88.88,9.54,3.0,41.29,0.794,14.05,3.26,LANE_A,20250.0,-22.6,86.8,1.0,0,450.0,-5.85,-8.28,-5.34,-7.86,2.87,-1.66,1.04,-2.18,-0.49,20.82,-2.66,0.14,0.042,-0.05,0.7697,1
20.05,TRAIN_M01_LADAKH_NOMINAL,TRAIN,LADAKH,CRUISE_LOITER,5365.9,2208.2,72.4,83.87,83.94,83.87,83.85,783.36,783.55,783.38,783.2,4.37,88.82,9.46,3.0,41.17,0.772,14.05,2.8,LANE_A,20250.0,-22.6,86.8,1.0,0,450.0,-5.91,-8.34,-5.41,-7.93,3.06,-1.75,1.08,-2.1,-0.48,20.72,-2.75,0.03,0.019,-0.05,0.7684,1
20.1,TRAIN_M01_LADAKH_NOMINAL,TRAIN,LADAKH,CRUISE_LOITER,5366.7,2208.5,72.4,83.85,83.91,83.86,83.83,783.52,783.75,783.13,783.04,4.38,88.7,9.43,3.0,41.09,0.713,14.06,3.19,LANE_A,20250.0,-22.6,86.8,1.0,0,450.0,-5.94,-8.38,-5.43,-7.96,3.22,-1.55,0.83,-2.26,-0.47,20.59,-2.78,-0.05,-0.04,-0.04,0.7666,1
20.15,TRAIN_M01_LADAKH_NOMINAL,TRAIN,LADAKH,CRUISE_LOITER,5363.0,2207.0,72.4,83.84,83.9,83.84,83.82,783.42,783.88,782.99,783.33,4.34,88.72,9.38,3.0,41.13,0.742,14.04,3.25,LANE_A,20250.0,-22.6,86.8,1.0,0,450.0,-5.9,-8.34,-5.4,-7.92,3.12,-1.42,0.69,-1.97,-0.51,20.65,-2.82,-0.01,-0.011,-0.06,0.7678,1
20.2,TRAIN_M01_LADAKH_NOMINAL,TRAIN,LADAKH,CRUISE_LOITER,5361.4,2206.4,72.4,83.82,83.88,83.83,83.8,783.33,784.37,783.37,783.05,4.38,88.63,9.51,3.0,41.28,0.76,14.09,3.17,LANE_A,20250.0,-22.6,86.8,1.0,0,450.0,-5.89,-8.33,-5.38,-7.91,3.03,-0.93,1.07,-2.25,-0.47,20.58,-2.69,0.14,0.008,-0.01,0.7661,1
20.25,TRAIN_M01_LADAKH_NOMINAL,TRAIN,LADAKH,CRUISE_LOITER,5367.7,2208.9,72.4,83.81,83.87,83.82,83.79,783.3,784.06,783.39,783.2,4.37,88.81,9.53,3.0,41.17,0.81,14.06,3.09,LANE_A,20250.0,-22.6,86.8,1.0,0,450.0,-6.0,-8.44,-5.49,-8.02,3.0,-1.24,1.09,-2.1,-0.48,20.69,-2.68,0.03,0.057,-0.04,0.7681,1
20.3,TRAIN_M01_LADAKH_NOMINAL,TRAIN,LADAKH,CRUISE_LOITER,5357.8,2204.9,72.4,83.81,83.86,83.81,83.79,782.87,783.51,783.57,783.16,4.42,88.74,9.57,3.0,41.09,0.781,14.05,2.93,LANE_A,20250.0,-22.6,86.8,1.0,0,450.0,-5.85,-8.3,-5.35,-7.87,2.57,-1.79,1.27,-2.14,-0.42,20.73,-2.62,-0.05,0.029,-0.05,0.7677,1
20.35,TRAIN_M01_LADAKH_NOMINAL,TRAIN,LADAKH,CRUISE_LOITER,5361.5,2206.4,72.3,83.8,83.85,83.79,83.78,783.1,783.31,783.49,782.67,4.35,88.7,9.6,3.0,41.02,0.72,14.07,2.93,LANE_A,20250.0,-22.6,86.8,1.0,0,450.0,-5.9,-8.35,-5.41,-7.92,2.73,-2.06,1.12,-2.7,-0.5,20.66,-2.6,-0.11,-0.032,-0.03,0.7674,1
20.4,TRAIN_M01_LADAKH_NOMINAL,TRAIN,LADAKH,CRUISE_LOITER,5364.0,2207.4,72.3,83.79,83.84,83.78,83.77,783.2,782.98,783.76,783.07,4.36,88.67,9.55,3.0,41.09,0.687,14.02,3.22,LANE_A,20250.0,-22.6,86.8,1.0,0,450.0,-5.95,-8.4,-5.46,-7.97,2.83,-2.39,1.39,-2.3,-0.49,20.6,-2.65,-0.04,-0.066,-0.08,0.7668,1
20.45,TRAIN_M01_LADAKH_NOMINAL,TRAIN,LADAKH,CRUISE_LOITER,5364.4,2207.6,72.3,83.78,83.83,83.77,83.76,782.98,782.82,783.85,783.07,4.39,88.65,9.56,3.0,41.11,0.7,14.06,3.18,LANE_A,20249.0,-22.6,86.8,1.0,0,450.0,-5.97,-8.42,-5.48,-7.99,2.61,-2.55,1.48,-2.3,-0.46,20.57,-2.64,-0.02,-0.053,-0.04,0.766,1
20.5,TRAIN_M01_LADAKH_NOMINAL,TRAIN,LADAKH,CRUISE_LOITER,5369.9,2209.8,72.3,83.76,83.82,83.76,83.75,783.36,782.52,783.66,783.09,4.39,88.68,9.57,3.0,41.22,0.729,14.06,3.4,LANE_A,20249.0,-22.6,86.8,1.0,0,450.0,-6.07,-8.51,-5.57,-8.08,2.99,-2.85,1.29,-2.28,-0.46,20.54,-2.65,0.09,-0.025,-0.04,0.7658,1
20.55,TRAIN_M01_LADAKH_NOMINAL,TRAIN,LADAKH,CRUISE_LOITER,5358.7,2205.2,72.3,83.75,83.8,83.76,83.74,783.45,782.48,783.95,782.69,4.35,88.73,9.62,3.0,41.24,0.686,14.06,3.32,LANE_A,20249.0,-22.6,86.8,1.0,0,450.0,-5.91,-8.36,-5.4,-7.92,3.08,-2.89,1.58,-2.68,-0.49,20.72,-2.57,0.11,-0.066,-0.04,0.7683,1
20.6,TRAIN_M01_LADAKH_NOMINAL,TRAIN,LADAKH,CRUISE_LOITER,5352.1,2202.5,72.2,83.74,83.79,83.74,83.73,783.44,783.17,783.6,782.6,4.34,88.72,9.53,3.0,41.14,0.793,14.08,3.4,LANE_A,20249.0,-22.6,86.8,1.0,0,450.0,-5.81,-8.26,-5.31,-7.82,3.0,-2.27,1.16,-2.84,-0.5,20.8,-2.64,0.01,0.042,-0.02,0.7693,1
20.65,TRAIN_M01_LADAKH_NOMINAL,TRAIN,LADAKH,CRUISE_LOITER,5349.9,2201.6,72.2,83.73,83.78,83.73,83.71,783.4,783.03,783.41,782.49,4.36,88.73,9.49,3.0,41.07,0.676,14.06,3.19,LANE_A,20249.0,-22.6,86.8,1.0,0,450.0,-5.79,-8.24,-5.29,-7.81,2.96,-2.41,0.97,-2.95,-0.48,20.83,-2.68,-0.06,-0.075,-0.04,0.7697,1
20.7,TRAIN_M01_LADAKH_NOMINAL,TRAIN,LADAKH,CRUISE_LOITER,5357.2,2204.6,72.2,83.72,83.76,83.72,83.69,783.44,783.26,783.33,782.49,4.37,88.7,9.49,3.0,41.04,0.744,14.08,3.15,LANE_A,20249.0,-22.6,86.8,1.0,0,450.0,-5.91,-8.37,-5.41,-7.94,3.0,-2.18,0.89,-2.95,-0.47,20.72,-2.7,-0.09,-0.008,-0.02,0.7683,1
20.75,TRAIN_M01_LADAKH_NOMINAL,TRAIN,LADAKH,CRUISE_LOITER,5362.5,2206.8,72.2,83.71,83.74,83.7,83.68,784.06,783.1,783.29,782.28,4.39,88.56,9.57,3.0,41.13,0.729,14.05,3.09,LANE_A,20249.0,-22.6,86.8,1.0,0,450.0,-6.0,-8.47,-5.51,-8.03,3.62,-2.34,0.85,-3.16,-0.46,20.51,-2.63,0.0,-0.024,-0.05,0.7652,1
20.8,TRAIN_M01_LADAKH_NOMINAL,TRAIN,LADAKH,CRUISE_LOITER,5363.4,2207.2,72.2,83.7,83.74,83.69,83.67,784.06,783.31,783.34,782.49,4.42,88.56,9.56,3.0,41.06,0.817,14.07,3.12,LANE_A,20249.0,-22.6,86.8,1.0,0,450.0,-6.02,-8.48,-5.53,-8.05,3.62,-2.13,0.9,-2.95,-0.43,20.5,-2.64,-0.07,0.064,-0.03,0.7649,1
20.85,TRAIN_M01_LADAKH_NOMINAL,TRAIN,LADAKH,CRUISE_LOITER,5365.7,2208.1,72.1,83.69,83.72,83.68,83.66,784.27,783.27,783.4,782.46,4.39,88.6,9.46,3.0,41.16,0.759,14.05,3.24,LANE_A,20249.0,-22.6,86.8,1.0,0,450.0,-6.06,-8.53,-5.57,-8.09,3.76,-2.24,0.89,-3.05,-0.46,20.52,-2.74,0.04,0.006,-0.05,0.7658,1
20.9,TRAIN_M01_LADAKH_NOMINAL,TRAIN,LADAKH,CRUISE_LOITER,5369.3,2209.6,72.1,83.67,83.71,83.67,83.65,784.16,783.6,783.42,782.65,4.39,88.67,9.4,3.0,41.12,0.705,14.06,3.45,LANE_A,20249.0,-22.6,86.8,1.0,0,450.0,-6.13,-8.59,-5.63,-8.15,3.65,-1.91,0.91,-2.86,-0.46,20.55,-2.81,0.0,-0.049,-0.04,0.7665,1
20.95,TRAIN_M01_LADAKH_NOMINAL,TRAIN,LADAKH,CRUISE_LOITER,5374.8,2211.8,72.1,83.67,83.7,83.66,83.64,784.36,783.41,783.44,782.72,4.34,88.7,9.46,3.0,41.11,0.786,14.06,3.42,LANE_A,20249.0,-22.6,86.8,1.0,0,450.0,-6.21,-8.68,-5.72,-8.24,3.85,-2.1,0.93,-2.79,-0.51,20.51,-2.76,-0.01,0.032,-0.04,0.7665,1
21.0,TRAIN_M01_LADAKH_NOMINAL,TRAIN,LADAKH,CRUISE_LOITER,5371.4,2210.5,72.1,83.66,83.69,83.65,83.63,783.98,783.16,783.76,782.84,4.42,88.61,9.5,3.0,41.08,0.734,14.05,3.24,LANE_A,20249.0,-22.6,86.8,1.0,0,450.0,-6.17,-8.64,-5.68,-8.2,3.47,-2.35,1.25,-2.67,-0.43,20.46,-2.71,-0.04,-0.02,-0.05,0.7649,1
21.05,TRAIN_M01_LADAKH_NOMINAL,TRAIN,LADAKH,CRUISE_LOITER,5363.3,2207.1,72.1,83.64,83.67,83.64,83.62,784.3,783.61,783.68,782.95,4.34,88.56,9.38,3.0,41.06,0.758,14.08,3.05,LANE_A,20248.0,-22.6,86.8,1.0,0,450.0,-6.07,-8.54,-5.57,-8.09,3.79,-1.9,1.17,-2.56,-0.51,20.51,-2.82,-0.06,0.005,-0.02,0.7662,1
21.1,TRAIN_M01_LADAKH_NOMINAL,TRAIN,LADAKH,CRUISE_LOITER,5364.5,2207.6,72.1,83.63,83.66,83.63,83.61,784.2,783.74,784.06,783.39,4.4,88.52,9.48,3.0,41.15,0.736,14.05,3.25,LANE_A,20248.0,-22.6,86.8,1.0,0,450.0,-6.1,-8.57,-5.6,-8.12,3.69,-1.77,1.55,-2.12,-0.45,20.46,-2.72,0.03,-0.017,-0.05,0.7648,1
21.15,TRAIN_M01_LADAKH_NOMINAL,TRAIN,LADAKH,CRUISE_LOITER,5361.3,2206.3,72.0,83.61,83.64,83.62,83.6,784.5,783.35,783.89,783.51,4.41,88.61,9.52,3.0,41.19,0.725,14.08,3.26,LANE_A,20248.0,-22.6,86.8,1.0,0,450.0,-6.06,-8.53,-5.55,-8.07,3.92,-2.23,1.31,-2.07,-0.44,20.59,-2.67,0.08,-0.027,-0.02,0.7665,1
21.2,TRAIN_M01_LADAKH_NOMINAL,TRAIN,LADAKH,CRUISE_LOITER,5357.8,2204.9,72.0,83.6,83.62,83.61,83.59,784.77,783.08,783.6,783.61,4.4,88.58,9.44,3.0,41.15,0.764,14.08,3.34,LANE_A,20248.0,-22.6,86.8,1.0,0,450.0,-6.02,-8.5,-5.51,-8.03,4.19,-2.5,1.02,-1.97,-0.44,20.6,-2.74,0.04,0.012,-0.02,0.7666,1
21.25,TRAIN_M01_LADAKH_NOMINAL,TRAIN,LADAKH,CRUISE_LOITER,5353.5,2203.1,72.0,83.58,83.61,83.59,83.58,784.23,783.93,783.7,783.75,4.37,88.61,9.35,3.0,41.15,0.721,14.05,3.19,LANE_A,20248.0,-22.6,86.8,1.0,0,450.0,-5.98,-8.45,-5.47,-7.98,3.65,-1.65,1.12,-1.83,-0.47,20.69,-2.82,0.04,-0.03,-0.05,0.7683,1
21.3,TRAIN_M01_LADAKH_NOMINAL,TRAIN,LADAKH,CRUISE_LOITER,5346.2,2200.1,72.0,83.56,83.6,83.58,83.57,784.15,783.47,783.47,783.57,4.35,88.67,9.32,3.0,41.27,0.749,14.06,2.97,LANE_A,20248.0,-22.6,86.8,1.0,0,450.0,-5.89,-8.35,-5.37,-7.88,3.57,-2.11,0.89,-2.01,-0.49,20.83,-2.83,0.16,-0.001,-0.04,0.7703,1
21.35,TRAIN_M01_LADAKH_NOMINAL,TRAIN,LADAKH,CRUISE_LOITER,5354.5,2203.5,72.0,83.55,83.59,83.57,83.55,784.02,783.28,783.25,783.34,4.38,88.65,9.36,3.0,41.27,0.732,14.07,3.27,LANE_A,20248.0,-22.6,86.8,1.0,0,450.0,-6.02,-8.48,-5.5,-8.02,3.44,-2.3,0.67,-2.24,-0.46,20.71,-2.81,0.16,-0.019,-0.03,0.7686,1
21.4,TRAIN_M01_LADAKH_NOMINAL,TRAIN,LADAKH,CRUISE_LOITER,5350.6,2201.9,71.9,83.54,83.58,83.55,83.55,783.59,783.43,783.4,783.45,4.36,88.68,9.45,3.0,41.17,0.722,14.06,3.14,LANE_A,20248.0,-22.6,86.8,1.0,0,450.0,-5.96,-8.42,-5.45,-7.95,2.94,-2.22,0.75,-2.2,-0.48,20.8,-2.71,0.06,-0.029,-0.04,0.7697,1
21.45,TRAIN_M01_LADAKH_NOMINAL,TRAIN,LADAKH,CRUISE_LOITER,5350.2,2201.7,71.9,83.52,83.56,83.55,83.53,783.56,783.57,783.11,783.77,4.37,88.64,9.47,3.0,41.26,0.763,14.09,3.52,LANE_A,20247.0,-22.6,86.8,1.0,0,450.0,-5.98,-8.44,-5.45,-7.97,2.91,-2.08,0.46,-1.88,-0.47,20.76,-2.69,0.15,0.012,-0.01,0.769,1
21.5,TRAIN_M01_LADAKH_NOMINAL,TRAIN,LADAKH,CRUISE_LOITER,5347.0,2200.4,71.9,83.51,83.55,83.53,83.51,783.66,783.78,783.27,783.92,4.35,88.64,9.43,3.0,41.22,0.69,14.08,3.33,LANE_A,20247.0,-22.6,86.8,1.0,0,450.0,-5.94,-8.4,-5.42,-7.94,3.01,-1.87,0.62,-1.73,-0.49,20.8,-2.72,0.11,-0.06,-0.02,0.7698,1
21.55,TRAIN_M01_LADAKH_NOMINAL,TRAIN,LADAKH,CRUISE_LOITER,5340.8,2197.8,71.9,83.5,83.54,83.52,83.49,783.45,783.76,783.38,783.93,4.38,88.64,9.32,3.0,40.9,0.705,14.08,3.02,LANE_A,20247.0,-22.6,86.8,1.0,0,450.0,-5.86,-8.32,-5.34,-7.87,2.8,-1.89,0.73,-1.72,-0.46,20.87,-2.82,-0.21,-0.044,-0.02,0.7705,1
21.6,TRAIN_M01_LADAKH_NOMINAL,TRAIN,LADAKH,CRUISE_LOITER,5340.4,2197.7,71.9,83.48,83.52,83.5,83.48,783.31,783.38,783.52,783.63,4.32,88.55,9.29,3.0,40.96,0.693,14.08,3.07,LANE_A,20247.0,-22.6,86.8,1.0,0,450.0,-5.87,-8.33,-5.35,-7.87,2.66,-2.27,0.87,-2.02,-0.52,20.79,-2.85,-0.15,-0.056,-0.02,0.7699,1
21.65,TRAIN_M01_LADAKH_NOMINAL,TRAIN,LADAKH,CRUISE_LOITER,5344.6,2199.4,71.8,83.46,83.5,83.48,83.46,783.12,783.45,783.41,783.69,4.39,88.53,9.34,3.0,41.03,0.81,14.04,3.14,LANE_A,20247.0,-22.6,86.8,1.0,0,450.0,-5.94,-8.4,-5.42,-7.94,2.4,-2.27,0.69,-2.03,-0.45,20.73,-2.81,-0.07,0.06,-0.06,0.7686,1
21.7,TRAIN_M01_LADAKH_NOMINAL,TRAIN,LADAKH,CRUISE_LOITER,5345.8,2199.9,71.8,83.44,83.49,83.46,83.44,783.15,783.5,783.3,783.48,4.32,88.54,9.33,3.0,41.05,0.759,14.02,2.96,LANE_A,20247.0,-22.6,86.8,1.0,0,450.0,-5.98,-8.43,-5.46,-7.98,2.43,-2.22,0.58,-2.24,-0.52,20.72,-2.82,-0.05,0.009,-0.08,0.7691,1
21.75,TRAIN_M01_LADAKH_NOMINAL,TRAIN,LADAKH,CRUISE_LOITER,5348.5,2201.0,71.8,83.43,83.47,83.45,83.43,783.36,783.35,783.36,783.72,4.39,88.57,9.3,3.0,41.21,0.755,14.06,3.16,LANE_A,20246.0,-22.6,86.8,1.0,0,450.0,-6.03,-8.49,-5.51,-8.03,2.64,-2.37,0.64,-2.0,-0.45,20.72,-2.85,0.11,0.005,-0.04,0.7687,1
21.8,TRAIN_M01_LADAKH_NOMINAL,TRAIN,LADAKH,CRUISE_LOITER,5349.2,2201.3,71.8,83.42,83.45,83.44,83.41,783.23,783.57,783.59,783.8,4.39,88.49,9.29,3.0,41.08,0.696,14.05,3.27,LANE_A,20246.0,-22.6,86.8,1.0,0,450.0,-6.05,-8.52,-5.53,-8.06,2.51,-2.15,0.87,-1.92,-0.45,20.63,-2.87,-0.02,-0.055,-0.05,0.7675,1
21.85,TRAIN_M01_LADAKH_NOMINAL,TRAIN,LADAKH,CRUISE_LOITER,5351.1,2202.1,71.8,83.4,83.43,83.43,83.4,783.03,783.68,783.47,783.81,4.39,88.45,9.32,3.0,41.19,0.739,14.06,3.46,LANE_A,20246.0,-22.6,86.8,1.0,0,450.0,-6.1,-8.57,-5.57,-8.1,2.31,-2.04,0.75,-1.91,-0.45,20.57,-2.84,0.09,-0.012,-0.04,0.7666,1
21.9,TRAIN_M01_LADAKH_NOMINAL,TRAIN,LADAKH,CRUISE_LOITER,5349.4,2201.4,71.8,83.39,83.42,83.41,83.39,782.82,783.16,783.17,783.57,4.38,88.38,9.39,3.0,41.11,0.776,14.08,3.2,LANE_A,20246.0,-22.6,86.8,1.0,0,450.0,-6.09,-8.56,-5.57,-8.09,2.1,-2.56,0.45,-2.15,-0.46,20.52,-2.77,0.01,0.025,-0.02,0.7658,1
21.95,TRAIN_M01_LADAKH_NOMINAL,TRAIN,LADAKH,CRUISE_LOITER,5348.3,2201.0,71.7,83.38,83.41,83.4,83.38,782.95,783.06,782.97,783.57,4.38,88.39,9.38,3.0,41.03,0.672,14.07,3.3,LANE_A,20246.0,-22.6,86.8,1.0,0,450.0,-6.07,-8.54,-5.55,-8.07,2.16,-2.73,0.18,-2.22,-0.46,20.55,-2.77,-0.06,-0.078,-0.03,0.7663,1
22.0,TRAIN_M01_LADAKH_NOMINAL,TRAIN,LADAKH,CRUISE_LOITER,5347.5,2200.6,71.7,83.37,83.4,83.39,83.36,783.39,783.48,782.79,783.72,4.4,88.49,9.4,3.0,41.0,0.767,14.09,3.36,LANE_A,20246.0,-22.6,86.8,1.0,0,450.0,-6.07,-8.54,-5.55,-8.08,2.6,-2.31,0.0,-2.07,-0.44,20.66,-2.75,-0.09,0.017,-0.01,0.7677,1
22.05,TRAIN_M01_LADAKH_NOMINAL,TRAIN,LADAKH,CRUISE_LOITER,5349.3,2201.3,71.7,83.37,83.39,83.37,83.35,783.64,783.82,783.15,783.8,4.36,88.5,9.3,3.0,41.05,0.759,14.07,3.2,LANE_A,20245.0,-22.6,86.8,1.0,0,450.0,-6.1,-8.58,-5.6,-8.12,2.85,-1.97,0.36,-1.99,-0.48,20.65,-2.85,-0.05,0.008,-0.03,0.7682,1
22.1,TRAIN_M01_LADAKH_NOMINAL,TRAIN,LADAKH,CRUISE_LOITER,5349.8,2201.6,71.7,83.35,83.38,83.35,83.33,783.8,783.46,783.7,784.32,4.32,88.63,9.37,3.0,40.94,0.777,14.05,3.39,LANE_A,20245.0,-22.6,86.8,1.0,0,450.0,-6.12,-8.59,-5.62,-8.14,3.01,-2.33,0.91,-1.47,-0.52,20.77,-2.79,-0.16,0.026,-0.05,0.7702,1
22.15,TRAIN_M01_LADAKH_NOMINAL,TRAIN,LADAKH,CRUISE_LOITER,5347.9,2200.8,71.7,83.34,83.36,83.34,83.31,784.08,783.38,783.77,784.58,4.4,88.59,9.36,3.0,40.93,0.731,14.08,3.17,LANE_A,20245.0,-22.6,86.8,1.0,0,450.0,-6.11,-8.59,-5.61,-8.14,3.29,-2.41,0.98,-1.21,-0.44,20.75,-2.79,-0.17,-0.019,-0.02,0.7692,1
22.2,TRAIN_M01_LADAKH_NOMINAL,TRAIN,LADAKH,CRUISE_LOITER,5346.1,2200.1,71.6,83.32,83.35,83.32,83.3,784.14,783.74,783.74,784.72,4.36,88.65,9.43,3.0,40.94,0.767,14.06,2.92,LANE_A,20245.0,-22.6,86.8,1.0,0,450.0,-6.09,-8.56,-5.59,-8.11,3.28,-2.12,0.88,-1.14,-0.48,20.84,-2.71,-0.15,0.017,-0.04,0.7707,1
22.25,TRAIN_M01_LADAKH_NOMINAL,TRAIN,LADAKH,CRUISE_LOITER,5342.9,2198.7,71.6,83.31,83.34,83.31,83.29,784.16,783.78,783.97,784.69,4.38,88.64,9.38,3.0,40.98,0.815,14.05,3.46,LANE_A,20245.0,-22.6,86.8,1.0,0,450.0,-6.05,-8.52,-5.55,-8.07,3.3,-2.08,1.11,-1.17,-0.46,20.87,-2.76,-0.11,0.065,-0.05,0.771,1
22.3,TRAIN_M01_LADAKH_NOMINAL,TRAIN,LADAKH,CRUISE_LOITER,5351.8,2202.4,71.6,83.3,83.33,83.3,83.28,783.94,783.98,783.83,784.59,4.34,88.78,9.4,3.0,40.9,0.728,14.08,3.07,LANE_A,20244.0,-22.6,86.8,1.0,0,450.0,-6.19,-8.66,-5.69,-8.21,3.08,-1.88,0.97,-1.27,-0.5,20.9,-2.76,-0.19,-0.023,-0.02,0.7721,1
22.35,TRAIN_M01_LADAKH_NOMINAL,TRAIN,LADAKH,CRUISE_LOITER,5356.8,2204.4,71.6,83.29,83.32,83.3,83.28,783.6,783.75,784.07,784.98,4.36,88.82,9.51,3.0,40.9,0.713,14.06,3.23,LANE_A,20244.0,-22.6,86.8,1.0,0,450.0,-6.28,-8.75,-5.77,-8.29,2.74,-2.11,1.21,-0.88,-0.49,20.88,-2.66,-0.19,-0.039,-0.04,0.7718,1
22.4,TRAIN_M01_LADAKH_NOMINAL,TRAIN,LADAKH,CRUISE_LOITER,5360.7,2206.0,71.6,83.28,83.31,83.28,83.27,783.45,783.41,783.99,784.35,4.36,88.76,9.4,3.0,40.95,0.791,14.07,3.28,LANE_A,20244.0,-22.6,86.8,1.0,0,450.0,-6.35,-8.82,-5.85,-8.36,2.59,-2.45,1.13,-1.51,-0.49,20.78,-2.78,-0.14,0.039,-0.03,0.7708,1
22.45,TRAIN_M01_LADAKH_NOMINAL,TRAIN,LADAKH,CRUISE_LOITER,5354.7,2203.6,71.6,83.27,83.3,83.27,83.26,783.53,783.8,784.01,784.4,4.35,88.68,9.39,3.0,40.91,0.738,14.04,3.45,LANE_A,20244.0,-22.6,86.8,1.0,0,450.0,-6.27,-8.74,-5.77,-8.28,2.67,-2.06,1.15,-1.46,-0.49,20.77,-2.77,-0.18,-0.013,-0.06,0.7704,1
22.5,TRAIN_M01_LADAKH_NOMINAL,TRAIN,LADAKH,CRUISE_LOITER,5360.1,2205.8,71.5,83.25,83.28,83.26,83.25,783.38,783.74,783.91,784.3,4.41,88.62,9.42,3.0,41.01,0.675,14.04,2.95,LANE_A,20243.0,-22.6,86.8,1.0,0,450.0,-6.36,-8.83,-5.85,-8.36,2.45,-2.19,0.98,-1.63,-0.44,20.65,-2.75,-0.07,-0.077,-0.06,0.7684,1
22.55,TRAIN_M01_LADAKH_NOMINAL,TRAIN,LADAKH,CRUISE_LOITER,5353.2,2202.9,71.5,83.24,83.27,83.25,83.24,783.74,783.84,783.92,784.34,4.35,88.65,9.53,3.0,41.12,0.758,14.08,2.91,LANE_A,20243.0,-22.6,86.8,1.0,0,450.0,-6.27,-8.74,-5.76,-8.27,2.81,-2.09,0.99,-1.59,-0.49,20.76,-2.63,0.04,0.007,-0.02,0.7699,1
22.6,TRAIN_M01_LADAKH_NOMINAL,TRAIN,LADAKH,CRUISE_LOITER,5349.1,2201.3,71.5,83.23,83.26,83.24,83.23,784.1,784.15,783.88,784.35,4.4,88.73,9.45,3.0,41.17,0.728,14.06,3.2,LANE_A,20243.0,-22.6,86.8,1.0,0,450.0,-6.22,-8.69,-5.71,-8.22,3.17,-1.78,0.95,-1.58,-0.44,20.89,-2.7,0.09,-0.023,-0.04,0.7714,1
22.65,TRAIN_M01_LADAKH_NOMINAL,TRAIN,LADAKH,CRUISE_LOITER,5345.9,2200.0,71.5,83.22,83.25,83.22,83.21,784.05,784.16,783.59,784.32,4.38,88.7,9.35,3.0,41.14,0.737,14.06,3.35,LANE_A,20243.0,-22.6,86.8,1.0,0,450.0,-6.18,-8.65,-5.68,-8.19,3.12,-1.77,0.66,-1.61,-0.46,20.9,-2.79,0.06,-0.013,-0.04,0.7718,1
22.7,TRAIN_M01_LADAKH_NOMINAL,TRAIN,LADAKH,CRUISE_LOITER,5341.4,2198.1,71.5,83.2,83.23,83.22,83.2,783.87,784.19,783.71,784.34,4.36,88.86,9.39,3.0,41.14,0.764,14.06,3.19,LANE_A,20243.0,-22.6,86.8,1.0,0,450.0,-6.13,-8.6,-5.61,-8.13,2.94,-1.74,0.78,-1.59,-0.48,21.12,-2.74,0.06,0.015,-0.04,0.7749,1
22.75,TRAIN_M01_LADAKH_NOMINAL,TRAIN,LADAKH,CRUISE_LOITER,5345.5,2199.8,71.4,83.19,83.22,83.21,83.19,783.82,784.31,783.75,783.97,4.35,88.74,9.33,3.0,41.21,0.782,14.04,3.13,LANE_A,20242.0,-22.6,86.8,1.0,0,450.0,-6.19,-8.66,-5.67,-8.19,2.83,-1.68,0.76,-2.02,-0.49,20.95,-2.81,0.13,0.032,-0.06,0.7728,1
22.8,TRAIN_M01_LADAKH_NOMINAL,TRAIN,LADAKH,CRUISE_LOITER,5345.7,2199.9,71.4,83.18,83.2,83.2,83.18,783.34,784.27,784.02,784.2,4.39,88.79,9.38,3.0,41.32,0.77,14.04,3.3,LANE_A,20242.0,-22.6,86.8,1.0,0,450.0,-6.21,-8.69,-5.69,-8.21,2.35,-1.72,1.03,-1.79,-0.45,21.0,-2.76,0.24,0.02,-0.06,0.7732,1
22.85,TRAIN_M01_LADAKH_NOMINAL,TRAIN,LADAKH,CRUISE_LOITER,5345.9,2200.0,71.4,83.17,83.19,83.19,83.17,783.63,783.75,784.02,784.15,4.35,88.89,9.46,3.0,41.26,0.787,14.05,3.29,LANE_A,20242.0,-22.6,86.8,1.0,0,450.0,-6.22,-8.7,-5.7,-8.22,2.64,-2.24,1.03,-1.84,-0.49,21.1,-2.68,0.18,0.037,-0.05,0.7749,1
22.9,TRAIN_M01_LADAKH_NOMINAL,TRAIN,LADAKH,CRUISE_LOITER,5345.1,2199.6,71.4,83.16,83.19,83.18,83.16,783.76,783.79,784.23,783.96,4.33,88.85,9.41,3.0,41.24,0.735,14.04,3.26,LANE_A,20242.0,-22.6,86.9,1.0,0,450.0,-6.19,-8.66,-5.67,-8.19,2.77,-2.2,1.24,-2.03,-0.51,21.09,-2.73,0.16,-0.015,-0.06,0.7749,1
22.95,TRAIN_M01_LADAKH_NOMINAL,TRAIN,LADAKH,CRUISE_LOITER,5346.8,2200.3,71.4,83.15,83.18,83.17,83.15,783.82,783.91,784.05,783.88,4.39,88.99,9.37,3.0,41.27,0.704,14.07,3.39,LANE_A,20241.0,-22.6,86.9,1.0,0,450.0,-6.23,-8.7,-5.71,-8.23,2.83,-2.08,1.06,-2.11,-0.45,21.21,-2.77,0.19,-0.046,-0.03,0.7763,1
23.0,TRAIN_M01_LADAKH_NOMINAL,TRAIN,LADAKH,CRUISE_LOITER,5348.3,2201.0,71.3,83.14,83.17,83.16,83.14,783.69,783.86,784.46,783.99,4.39,89.05,9.51,3.0,41.24,0.709,14.07,3.24,LANE_A,20241.0,-22.6,86.9,1.0,0,450.0,-6.25,-8.72,-5.73,-8.25,2.63,-2.2,1.4,-2.07,-0.45,21.26,-2.63,0.17,-0.041,-0.03,0.7768,1
23.05,TRAIN_M01_LADAKH_NOMINAL,TRAIN,LADAKH,CRUISE_LOITER,5342.1,2198.4,71.3,83.13,83.16,83.15,83.13,783.72,783.96,784.32,783.78,4.33,89.08,9.4,3.0,41.23,0.772,14.05,3.41,LANE_A,20241.0,-22.6,86.9,1.0,0,450.0,-6.17,-8.64,-5.65,-8.17,2.66,-2.1,1.26,-2.28,-0.51,21.36,-2.73,0.16,0.022,-0.05,0.7787,1
23.1,TRAIN_M01_LADAKH_NOMINAL,TRAIN,LADAKH,CRUISE_LOITER,5348.6,2201.1,71.3,83.12,83.15,83.14,83.12,783.53,783.89,784.27,784.29,4.37,89.18,9.5,3.0,41.2,0.761,14.07,3.18,LANE_A,20240.0,-22.6,86.9,1.0,0,450.0,-6.27,-8.74,-5.75,-8.27,2.47,-2.17,1.21,-1.77,-0.47,21.39,-2.64,0.13,0.01,-0.03,0.7789,1
23.15,TRAIN_M01_LADAKH_NOMINAL,TRAIN,LADAKH,CRUISE_LOITER,5352.0,2202.5,71.3,83.11,83.14,83.14,83.11,783.65,783.63,783.99,784.24,4.33,89.19,9.46,3.0,41.2,0.718,14.05,3.38,LANE_A,20240.0,-22.6,86.9,1.0,0,450.0,-6.33,-8.8,-5.8,-8.33,2.59,-2.43,0.93,-1.82,-0.51,21.35,-2.69,0.13,-0.033,-0.05,0.7789,1
23.2,TRAIN_M01_LADAKH_NOMINAL,TRAIN,LADAKH,CRUISE_LOITER,5355.3,2203.8,71.3,83.11,83.13,83.13,83.1,783.51,784.21,784.16,783.99,4.33,89.12,9.51,3.0,41.13,0.732,14.08,3.34,LANE_A,20240.0,-22.6,86.9,1.0,0,450.0,-6.38,-8.86,-5.86,-8.39,2.45,-1.85,1.1,-2.07,-0.52,21.25,-2.65,0.06,-0.02,-0.02,0.7776,1
23.25,TRAIN_M01_LADAKH_NOMINAL,TRAIN,LADAKH,CRUISE_LOITER,5352.8,2202.8,71.3,83.09,83.12,83.12,83.1,783.26,784.15,784.23,784.22,4.33,89.14,9.37,3.0,41.12,0.719,14.06,3.23,LANE_A,20240.0,-22.6,86.9,1.0,0,450.0,-6.37,-8.84,-5.84,-8.36,2.2,-1.91,1.17,-1.84,-0.51,21.3,-2.78,0.05,-0.032,-0.04,0.7785,1
23.3,TRAIN_M01_LADAKH_NOMINAL,TRAIN,LADAKH,CRUISE_LOITER,5348.7,2201.1,71.2,83.08,83.11,83.12,83.09,783.44,783.65,784.19,784.23,4.37,89.2,9.36,3.0,41.2,0.741,14.07,3.16,LANE_A,20239.0,-22.6,86.9,1.0,0,450.0,-6.31,-8.78,-5.77,-8.3,2.31,-2.48,1.06,-1.9,-0.47,21.41,-2.78,0.13,-0.01,-0.03,0.7795,1
23.35,TRAIN_M01_LADAKH_NOMINAL,TRAIN,LADAKH,CRUISE_LOITER,5351.8,2202.4,71.2,83.07,83.09,83.1,83.07,783.62,783.78,784.21,784.07,4.37,89.02,9.33,3.0,41.09,0.759,14.06,3.13,LANE_A,20239.0,-22.6,86.9,1.0,0,450.0,-6.36,-8.84,-5.83,-8.36,2.49,-2.35,1.08,-2.06,-0.47,21.19,-2.82,0.02,0.008,-0.04,0.7766,1
23.4,TRAIN_M01_LADAKH_NOMINAL,TRAIN,LADAKH,CRUISE_LOITER,5351.4,2202.2,71.2,83.05,83.08,83.09,83.06,783.91,783.7,784.27,783.68,4.39,89.05,9.24,3.0,41.05,0.703,14.09,3.44,LANE_A,20239.0,-22.6,86.9,1.0,0,450.0,-6.38,-8.85,-5.84,-8.37,2.78,-2.43,1.14,-2.45,-0.45,21.23,-2.91,-0.02,-0.048,-0.01,0.7773,1
23.45,TRAIN_M01_LADAKH_NOMINAL,TRAIN,LADAKH,CRUISE_LOITER,5345.1,2199.6,71.2,83.04,83.07,83.08,83.04,783.84,783.71,783.99,783.8,4.34,89.22,9.22,3.0,41.1,0.749,14.06,3.13,LANE_A,20238.0,-22.6,86.9,1.0,0,450.0,-6.29,-8.76,-5.75,-8.29,2.71,-2.42,0.86,-2.33,-0.5,21.47,-2.91,0.03,-0.001,-0.04,0.7808,1
23.5,TRAIN_M01_LADAKH_NOMINAL,TRAIN,LADAKH,CRUISE_LOITER,5345.5,2199.8,71.2,83.03,83.05,83.06,83.03,783.73,784.06,784.25,784.04,4.36,89.21,9.2,3.0,41.03,0.664,14.08,3.44,LANE_A,20238.0,-22.6,86.9,1.0,0,450.0,-6.31,-8.79,-5.78,-8.31,2.6,-2.07,1.12,-2.09,-0.48,21.46,-2.93,-0.04,-0.086,-0.02,0.7807,1
23.55,TRAIN_M01_LADAKH_NOMINAL,TRAIN,LADAKH,CRUISE_LOITER,5340.0,2197.5,71.2,83.02,83.03,83.04,83.02,783.78,784.13,784.27,783.98,4.34,89.19,9.24,3.0,40.97,0.738,14.05,3.12,LANE_A,20238.0,-22.6,86.9,1.0,0,450.0,-6.24,-8.73,-5.72,-8.24,2.65,-2.0,1.14,-2.15,-0.5,21.5,-2.88,-0.1,-0.011,-0.05,0.7811,1
23.6,TRAIN_M01_LADAKH_NOMINAL,TRAIN,LADAKH,CRUISE_LOITER,5342.7,2198.6,71.1,83.01,83.03,83.03,83.0,783.93,784.13,784.26,783.66,4.34,89.11,9.4,3.0,40.94,0.768,14.07,3.39,LANE_A,20238.0,-22.6,86.9,1.0,0,450.0,-6.28,-8.76,-5.76,-8.29,2.73,-2.07,1.06,-2.54,-0.5,21.4,-2.72,-0.12,0.018,-0.03,0.7795,1
23.65,TRAIN_M01_LADAKH_NOMINAL,TRAIN,LADAKH,CRUISE_LOITER,5340.1,2197.6,71.1,83.01,83.02,83.03,83.0,784.06,783.67,784.11,783.61,4.4,89.08,9.5,3.0,40.96,0.775,14.05,3.15,LANE_A,20237.0,-22.6,86.9,1.0,0,450.0,-6.24,-8.73,-5.72,-8.25,2.86,-2.53,0.91,-2.59,-0.44,21.4,-2.62,-0.1,0.026,-0.05,0.7787,1
23.7,TRAIN_M01_LADAKH_NOMINAL,TRAIN,LADAKH,CRUISE_LOITER,5334.6,2195.3,71.1,82.99,83.01,83.01,82.99,783.98,783.84,784.01,783.66,4.35,88.98,9.36,3.0,40.97,0.678,14.05,2.96,LANE_A,20237.0,-22.6,86.9,1.0,0,450.0,-6.18,-8.66,-5.66,-8.18,2.78,-2.36,0.81,-2.54,-0.49,21.37,-2.75,-0.09,-0.07,-0.05,0.7788,1
23.75,TRAIN_M01_LADAKH_NOMINAL,TRAIN,LADAKH,CRUISE_LOITER,5331.5,2194.0,71.1,82.98,83.0,83.0,82.98,783.79,784.03,784.25,783.64,4.4,88.95,9.32,3.0,41.04,0.81,14.06,3.18,LANE_A,20237.0,-22.6,86.9,1.0,0,450.0,-6.14,-8.62,-5.62,-8.14,2.59,-2.17,1.05,-2.56,-0.44,21.37,-2.78,-0.02,0.062,-0.04,0.7783,1
23.8,TRAIN_M01_LADAKH_NOMINAL,TRAIN,LADAKH,CRUISE_LOITER,5327.4,2192.3,71.1,82.97,82.99,82.99,82.96,783.89,783.8,784.22,783.76,4.32,88.91,9.29,3.0,40.94,0.726,14.05,3.32,LANE_A,20236.0,-22.6,86.9,1.0,0,450.0,-6.09,-8.57,-5.57,-8.1,2.69,-2.4,1.02,-2.44,-0.52,21.38,-2.8,-0.12,-0.021,-0.05,0.779,1
23.85,TRAIN_M01_LADAKH_NOMINAL,TRAIN,LADAKH,CRUISE_LOITER,5329.3,2193.1,71.0,82.96,82.98,82.98,82.95,784.0,784.07,784.17,783.86,4.33,88.92,9.37,3.0,40.94,0.743,14.07,3.08,LANE_A,20236.0,-22.6,86.9,1.0,0,450.0,-6.12,-8.6,-5.6,-8.13,2.73,-2.2,0.9,-2.41,-0.51,21.38,-2.72,-0.12,-0.005,-0.03,0.7788,1
23.9,TRAIN_M01_LADAKH_NOMINAL,TRAIN,LADAKH,CRUISE_LOITER,5329.8,2193.3,71.0,82.94,82.97,82.97,82.94,783.47,784.25,784.18,784.09,4.3,88.94,9.33,3.0,41.01,0.713,14.08,2.9,LANE_A,20236.0,-22.6,86.9,1.0,0,450.0,-6.15,-8.62,-5.62,-8.15,2.2,-2.02,0.91,-2.18,-0.54,21.39,-2.76,-0.05,-0.035,-0.02,0.7794,1
23.95,TRAIN_M01_LADAKH_NOMINAL,TRAIN,LADAKH,CRUISE_LOITER,5330.3,2193.5,71.0,82.92,82.96,82.95,82.93,783.42,784.61,784.17,784.03,4.32,89.07,9.33,3.0,40.92,0.761,14.07,3.09,LANE_A,20235.0,-22.6,86.9,1.0,0,450.0,-6.18,-8.64,-5.65,-8.17,2.15,-1.66,0.9,-2.24,-0.52,21.51,-2.76,-0.14,0.013,-0.03,0.781,1
24.0,TRAIN_M01_LADAKH_NOMINAL,TRAIN,LADAKH,CRUISE_LOITER,5324.4,2191.1,71.0,82.91,82.94,82.94,82.91,783.43,784.83,784.25,784.15,4.34,89.11,9.29,3.0,41.08,0.721,14.08,3.26,LANE_A,20235.0,-22.6,86.9,1.0,0,450.0,-6.1,-8.57,-5.57,-8.1,2.16,-1.44,0.98,-2.12,-0.5,21.62,-2.79,0.02,-0.026,-0.02,0.7822,1
24.05,TRAIN_M01_LADAKH_NOMINAL,TRAIN,LADAKH,CRUISE_LOITER,5327.4,2192.3,71.0,82.89,82.93,82.92,82.9,783.62,784.66,784.3,784.11,4.33,89.21,9.35,3.0,41.1,0.728,14.08,3.24,LANE_A,20235.0,-22.6,86.9,1.0,0,450.0,-6.16,-8.62,-5.63,-8.15,2.35,-1.61,1.03,-2.16,-0.51,21.69,-2.74,0.04,-0.019,-0.02,0.7833,1
24.1,TRAIN_M01_LADAKH_NOMINAL,TRAIN,LADAKH,CRUISE_LOITER,5329.5,2193.2,71.0,82.88,82.92,82.91,82.89,783.59,784.62,784.41,784.38,4.34,89.19,9.36,3.0,41.23,0.68,14.08,3.16,LANE_A,20234.0,-22.6,86.9,1.0,0,450.0,-6.2,-8.66,-5.67,-8.19,2.32,-1.65,1.14,-1.89,-0.5,21.64,-2.73,0.17,-0.068,-0.02,0.7827,1
24.15,TRAIN_M01_LADAKH_NOMINAL,TRAIN,LADAKH,CRUISE_LOITER,5339.2,2197.2,70.9,82.88,82.91,82.9,82.88,783.93,783.97,784.31,784.29,4.37,89.4,9.24,3.0,41.28,0.748,14.05,2.96,LANE_A,20234.0,-22.6,86.9,1.0,0,450.0,-6.34,-8.81,-5.82,-8.34,2.6,-2.36,0.98,-2.04,-0.47,21.74,-2.87,0.23,-0.001,-0.05,0.7844,1
24.2,TRAIN_M01_LADAKH_NOMINAL,TRAIN,LADAKH,CRUISE_LOITER,5342.2,2198.4,70.9,82.87,82.89,82.89,82.87,784.12,784.31,784.29,784.19,4.3,89.44,9.25,3.0,41.14,0.718,14.06,3.09,LANE_A,20234.0,-22.6,86.9,1.0,0,450.0,-6.39,-8.87,-5.87,-8.39,2.79,-2.02,0.96,-2.14,-0.54,21.75,-2.87,0.09,-0.032,-0.04,0.7853,1
24.25,TRAIN_M01_LADAKH_NOMINAL,TRAIN,LADAKH,CRUISE_LOITER,5339.0,2197.1,70.9,82.86,82.88,82.88,82.85,784.22,784.75,784.37,783.97,4.38,89.44,9.25,3.0,41.26,0.725,14.05,3.16,LANE_A,20233.0,-22.6,86.9,1.0,0,450.0,-6.36,-8.84,-5.84,-8.37,2.89,-1.58,1.04,-2.36,-0.46,21.79,-2.86,0.21,-0.024,-0.05,0.7851,1
24.3,TRAIN_M01_LADAKH_NOMINAL,TRAIN,LADAKH,CRUISE_LOITER,5327.7,2192.5,70.9,82.85,82.87,82.86,82.83,784.09,784.64,784.34,783.98,4.28,89.45,9.13,3.0,41.23,0.696,14.05,3.26,LANE_A,20233.0,-22.6,86.9,1.0,0,450.0,-6.2,-8.68,-5.69,-8.22,2.76,-1.69,1.01,-2.35,-0.56,21.93,-2.96,0.18,-0.051,-0.05,0.7876,1
24.35,TRAIN_M01_LADAKH_NOMINAL,TRAIN,LADAKH,CRUISE_LOITER,5331.0,2193.8,70.9,82.84,82.86,82.85,82.82,783.99,784.29,784.25,784.03,4.32,89.35,9.1,3.0,41.13,0.707,14.09,3.39,LANE_A,20232.0,-22.6,87.0,1.0,0,450.0,-6.23,-8.71,-5.72,-8.25,2.66,-2.04,0.92,-2.3,-0.52,21.81,-2.99,0.07,-0.041,-0.01,0.7858,1
24.4,TRAIN_M01_LADAKH_NOMINAL,TRAIN,LADAKH,CRUISE_LOITER,5339.3,2197.3,70.9,82.83,82.84,82.83,82.8,783.79,783.94,784.42,784.58,4.35,89.27,9.22,3.0,41.12,0.783,14.06,3.37,LANE_A,20232.0,-22.6,87.0,1.0,0,450.0,-6.37,-8.86,-5.87,-8.4,2.46,-2.39,1.09,-1.75,-0.49,21.63,-2.89,0.06,0.034,-0.04,0.7832,1
24.45,TRAIN_M01_LADAKH_NOMINAL,TRAIN,LADAKH,CRUISE_LOITER,5339.7,2197.4,70.8,82.81,82.82,82.82,82.79,784.22,784.04,784.3,784.64,4.37,89.36,9.18,3.0,41.07,0.729,14.07,3.13,LANE_A,20232.0,-22.6,87.0,1.0,0,450.0,-6.38,-8.87,-5.87,-8.4,2.82,-2.36,0.9,-1.76,-0.47,21.73,-2.93,0.02,-0.02,-0.03,0.7845,1
24.5,TRAIN_M01_LADAKH_NOMINAL,TRAIN,LADAKH,CRUISE_LOITER,5341.2,2198.0,70.8,82.8,82.81,82.8,82.78,784.1,784.22,784.65,784.8,4.33,89.34,9.21,3.0,41.1,0.753,14.07,3.29,LANE_A,20231.0,-22.6,87.0,1.0,0,450.0,-6.41,-8.9,-5.91,-8.43,2.7,-2.18,1.25,-1.6,-0.51,21.69,-2.91,0.05,0.004,-0.03,0.7843,1
24.55,TRAIN_M01_LADAKH_NOMINAL,TRAIN,LADAKH,CRUISE_LOITER,5344.0,2199.2,70.8,82.79,82.8,82.79,82.77,784.29,784.52,784.42,784.86,4.35,89.44,9.26,3.0,41.01,0.762,14.08,2.94,LANE_A,20231.0,-22.6,87.0,1.0,0,450.0,-6.47,-8.96,-5.97,-8.49,2.89,-1.88,1.02,-1.54,-0.49,21.76,-2.86,-0.04,0.012,-0.02,0.7852,1
24.6,TRAIN_M01_LADAKH_NOMINAL,TRAIN,LADAKH,CRUISE_LOITER,5338.8,2197.0,70.8,82.78,82.79,82.78,82.75,784.27,784.29,784.61,785.1,4.34,89.41,9.28,3.0,40.99,0.747,14.05,3.06,LANE_A,20231.0,-22.6,87.0,1.0,0,450.0,-6.4,-8.89,-5.9,-8.43,2.87,-2.11,1.21,-1.3,-0.5,21.79,-2.83,-0.06,-0.002,-0.05,0.7855,1
24.65,TRAIN_M01_LADAKH_NOMINAL,TRAIN,LADAKH,CRUISE_LOITER,5339.5,2197.3,70.8,82.77,82.78,82.76,82.74,784.12,784.56,784.13,785.19,4.33,89.21,9.24,3.0,41.13,0.818,14.07,2.95,LANE_A,20230.0,-22.6,87.0,1.0,0,450.0,-6.42,-8.91,-5.93,-8.45,2.72,-1.84,0.73,-1.21,-0.51,21.58,-2.87,0.08,0.069,-0.03,0.7828,1
24.7,TRAIN_M01_LADAKH_NOMINAL,TRAIN,LADAKH,CRUISE_LOITER,5339.9,2197.5,70.8,82.75,82.76,82.75,82.73,784.0,784.63,783.61,785.0,4.36,89.21,9.28,3.0,41.06,0.771,14.07,3.2,LANE_A,20230.0,-22.6,87.0,1.0,0,450.0,-6.45,-8.94,-5.95,-8.47,2.6,-1.77,0.21,-1.4,-0.48,21.57,-2.83,0.01,0.022,-0.03,0.7824,1
24.75,TRAIN_M01_LADAKH_NOMINAL,TRAIN,LADAKH,CRUISE_LOITER,5331.7,2194.1,70.7,82.74,82.75,82.74,82.72,784.28,784.34,783.75,784.83,4.36,89.27,9.27,3.0,41.13,0.712,14.06,3.23,LANE_A,20229.0,-22.6,87.0,1.0,0,450.0,-6.33,-8.82,-5.83,-8.35,2.81,-2.13,0.28,-1.64,-0.48,21.74,-2.82,0.08,-0.036,-0.04,0.7844,1
24.8,TRAIN_M01_LADAKH_NOMINAL,TRAIN,LADAKH,CRUISE_LOITER,5334.1,2195.1,70.7,82.72,82.74,82.73,82.71,784.38,784.68,784.43,784.7,4.34,89.37,9.25,3.0,41.13,0.776,14.05,3.39,LANE_A,20229.0,-22.6,87.0,1.0,0,450.0,-6.38,-8.86,-5.87,-8.39,2.91,-1.79,0.96,-1.77,-0.5,21.81,-2.85,0.08,0.028,-0.05,0.7857,1
24.85,TRAIN_M01_LADAKH_NOMINAL,TRAIN,LADAKH,CRUISE_LOITER,5333.3,2194.8,70.7,82.71,82.72,82.72,82.7,784.45,784.92,784.34,784.44,4.36,89.49,9.24,3.0,40.98,0.721,14.04,3.03,LANE_A,20229.0,-22.6,87.0,1.0,0,450.0,-6.38,-8.87,-5.87,-8.39,2.98,-1.55,0.87,-2.03,-0.48,21.94,-2.86,-0.07,-0.027,-0.06,0.7874,1
24.9,TRAIN_M01_LADAKH_NOMINAL,TRAIN,LADAKH,CRUISE_LOITER,5337.9,2196.6,70.7,82.7,82.71,82.7,82.68,784.45,785.09,784.28,784.25,4.34,89.46,9.14,3.0,41.02,0.781,14.04,3.32,LANE_A,20228.0,-22.6,87.0,1.0,0,450.0,-6.46,-8.95,-5.96,-8.48,2.98,-1.38,0.81,-2.22,-0.5,21.85,-2.97,-0.03,0.032,-0.06,0.7867,1
24.95,TRAIN_M01_LADAKH_NOMINAL,TRAIN,LADAKH,CRUISE_LOITER,5330.0,2193.4,70.7,82.69,82.7,82.69,82.67,784.4,784.5,784.15,783.98,4.3,89.47,9.2,3.0,40.97,0.721,14.07,3.26,LANE_A,20228.0,-22.6,87.0,1.0,0,450.0,-6.35,-8.84,-5.85,-8.37,2.93,-1.97,0.68,-2.49,-0.54,21.96,-2.89,-0.08,-0.027,-0.03,0.7881,1
25.0,TRAIN_M01_LADAKH_NOMINAL,TRAIN,LADAKH,CRUISE_LOITER,5324.4,2191.1,70.7,82.67,82.69,82.68,82.66,784.51,784.43,784.01,784.23,4.37,89.44,9.2,3.0,40.94,0.717,14.04,3.0,LANE_A,20227.0,-22.6,87.0,1.0,0,450.0,-6.29,-8.77,-5.78,-8.3,3.04,-2.04,0.54,-2.24,-0.47,21.99,-2.88,-0.11,-0.03,-0.06,0.7878,1
25.05,TRAIN_M01_LADAKH_NOMINAL,TRAIN,LADAKH,CRUISE_LOITER,5325.5,2191.6,70.7,82.66,82.68,82.67,82.65,784.62,784.17,784.83,784.31,4.31,89.55,9.21,3.0,41.02,0.761,14.06,3.19,LANE_A,20227.0,-22.6,87.0,1.0,0,450.0,-6.31,-8.79,-5.8,-8.32,3.15,-2.3,1.36,-2.16,-0.53,22.09,-2.87,-0.03,0.014,-0.04,0.7897,1
25.1,TRAIN_M01_LADAKH_NOMINAL,TRAIN,LADAKH,CRUISE_LOITER,5324.4,2191.1,70.6,82.64,82.66,82.66,82.63,784.3,783.88,784.96,784.56,4.36,89.45,9.14,3.0,41.03,0.691,14.06,2.94,LANE_A,20226.0,-22.6,87.0,1.0,0,450.0,-6.31,-8.79,-5.79,-8.32,2.77,-2.65,1.43,-1.97,-0.48,22.01,-2.93,-0.01,-0.056,-0.04,0.7883,1
25.15,TRAIN_M01_LADAKH_NOMINAL,TRAIN,LADAKH,CRUISE_LOITER,5329.8,2193.3,70.6,82.63,82.64,82.65,82.62,784.31,783.65,784.83,784.74,4.32,89.3,9.09,3.0,41.02,0.759,14.07,3.14,LANE_A,20226.0,-22.6,87.0,1.0,0,450.0,-6.4,-8.89,-5.88,-8.41,2.78,-2.88,1.3,-1.79,-0.52,21.8,-3.0,-0.02,0.011,-0.03,0.7861,1
25.2,TRAIN_M01_LADAKH_NOMINAL,TRAIN,LADAKH,CRUISE_LOITER,5328.7,2192.9,70.6,82.62,82.63,82.64,82.61,784.27,783.92,784.88,784.74,4.34,89.3,9.24,3.0,41.03,0.742,14.05,3.52,LANE_A,20226.0,-22.6,87.0,1.0,0,450.0,-6.39,-8.88,-5.87,-8.4,2.74,-2.61,1.35,-1.79,-0.5,21.81,-2.84,-0.01,-0.006,-0.05,0.7857,1
25.25,TRAIN_M01_LADAKH_NOMINAL,TRAIN,LADAKH,CRUISE_LOITER,5333.7,2194.9,70.6,82.61,82.63,82.63,82.6,784.13,783.6,785.29,784.73,4.33,89.23,9.27,3.0,41.13,0.736,14.07,2.96,LANE_A,20225.0,-22.6,87.0,1.0,0,450.0,-6.48,-8.96,-5.96,-8.49,2.6,-2.93,1.76,-1.8,-0.51,21.68,-2.83,0.09,-0.012,-0.03,0.7842,1
25.3,TRAIN_M01_LADAKH_NOMINAL,TRAIN,LADAKH,CRUISE_LOITER,5321.9,2190.1,70.6,82.6,82.61,82.62,82.59,784.23,783.65,785.1,784.7,4.34,89.17,9.23,3.0,41.03,0.77,14.06,2.96,LANE_A,20225.0,-22.6,87.0,1.0,0,450.0,-6.31,-8.8,-5.79,-8.32,2.7,-2.88,1.57,-1.83,-0.5,21.76,-2.84,-0.01,0.023,-0.04,0.7848,1
25.35,TRAIN_M01_LADAKH_NOMINAL,TRAIN,LADAKH,CRUISE_LOITER,5322.5,2190.3,70.6,82.59,82.6,82.6,82.57,784.47,783.61,784.77,784.62,4.31,89.15,9.19,3.0,40.92,0.735,14.09,2.84,LANE_A,20224.0,-22.6,87.1,1.0,0,450.0,-6.31,-8.8,-5.8,-8.33,2.94,-2.92,1.24,-1.91,-0.53,21.75,-2.88,-0.13,-0.012,-0.01,0.785,1
25.4,TRAIN_M01_LADAKH_NOMINAL,TRAIN,LADAKH,CRUISE_LOITER,5318.7,2188.8,70.5,82.58,82.59,82.58,82.56,784.03,783.79,784.76,784.72,4.32,89.1,9.2,3.0,41.03,0.811,14.05,3.23,LANE_A,20224.0,-22.6,87.1,1.0,0,450.0,-6.25,-8.74,-5.75,-8.27,2.43,-2.81,1.16,-1.88,-0.52,21.76,-2.86,-0.01,0.065,-0.05,0.7849,1
25.45,TRAIN_M01_LADAKH_NOMINAL,TRAIN,LADAKH,CRUISE_LOITER,5311.9,2186.0,70.5,82.56,82.57,82.57,82.55,784.23,783.35,784.88,784.61,4.35,89.13,9.18,3.0,41.03,0.695,14.09,3.07,LANE_A,20223.0,-22.6,87.1,1.0,0,450.0,-6.17,-8.66,-5.66,-8.18,2.63,-3.25,1.28,-1.99,-0.48,21.87,-2.86,-0.01,-0.05,-0.01,0.7859,1
25.5,TRAIN_M01_LADAKH_NOMINAL,TRAIN,LADAKH,CRUISE_LOITER,5318.8,2188.8,70.5,82.56,82.56,82.56,82.55,784.21,783.57,784.79,784.45,4.32,89.2,9.3,3.0,40.85,0.763,14.09,2.87,LANE_A,20223.0,-22.6,87.1,1.0,0,450.0,-6.27,-8.77,-5.77,-8.28,2.61,-3.03,1.19,-2.15,-0.52,21.85,-2.76,-0.19,0.017,-0.01,0.786,1
25.55,TRAIN_M01_LADAKH_NOMINAL,TRAIN,LADAKH,CRUISE_LOITER,5321.5,2189.9,70.5,82.54,82.55,82.56,82.54,784.28,784.05,784.57,784.75,4.35,89.17,9.28,3.0,40.95,0.774,14.05,3.18,LANE_A,20223.0,-22.6,87.1,1.0,0,450.0,-6.33,-8.82,-5.81,-8.33,2.68,-2.55,0.97,-1.85,-0.49,21.79,-2.79,-0.09,0.028,-0.05,0.7851,1
25.6,TRAIN_M01_LADAKH_NOMINAL,TRAIN,LADAKH,CRUISE_LOITER,5325.6,2191.6,70.5,82.54,82.55,82.54,82.53,784.2,784.39,784.51,784.65,4.36,89.19,9.34,3.0,40.98,0.745,14.05,3.3,LANE_A,20222.0,-22.6,87.1,1.0,0,450.0,-6.39,-8.88,-5.89,-8.4,2.6,-2.21,0.91,-1.95,-0.48,21.76,-2.74,-0.06,-0.002,-0.05,0.7847,1
25.65,TRAIN_M01_LADAKH_NOMINAL,TRAIN,LADAKH,CRUISE_LOITER,5324.5,2191.1,70.5,82.53,82.55,82.54,82.52,784.64,784.68,784.28,784.22,4.32,89.19,9.32,3.0,40.95,0.771,14.05,3.06,LANE_A,20222.0,-22.6,87.1,1.0,0,450.0,-6.39,-8.87,-5.88,-8.4,3.04,-1.92,0.68,-2.38,-0.52,21.78,-2.75,-0.09,0.024,-0.05,0.7853,1
25.7,TRAIN_M01_LADAKH_NOMINAL,TRAIN,LADAKH,CRUISE_LOITER,5337.3,2196.4,70.5,82.53,82.54,82.53,82.51,784.58,784.75,784.32,784.15,4.3,89.26,9.27,3.0,40.96,0.726,14.07,2.9,LANE_A,20221.0,-22.6,87.1,1.0,0,450.0,-6.58,-9.07,-6.08,-8.6,2.98,-1.85,0.72,-2.45,-0.54,21.69,-2.83,-0.08,-0.023,-0.03,0.7849,1
25.75,TRAIN_M01_LADAKH_NOMINAL,TRAIN,LADAKH,CRUISE_LOITER,5333.9,2195.0,70.4,82.51,82.54,82.52,82.5,784.72,784.88,784.15,784.06,4.33,89.25,9.25,3.0,41.0,0.741,14.04,3.32,LANE_A,20221.0,-22.6,87.1,1.0,0,450.0,-6.54,-9.01,-6.03,-8.55,3.06,-1.78,0.49,-2.6,-0.51,21.73,-2.84,-0.04,-0.007,-0.06,0.7851,1
25.8,TRAIN_M01_LADAKH_NOMINAL,TRAIN,LADAKH,CRUISE_LOITER,5336.5,2196.1,70.4,82.51,82.52,82.51,82.49,784.56,785.06,784.43,783.91,4.35,89.39,9.32,3.0,41.1,0.765,14.06,3.25,LANE_A,20220.0,-22.6,87.1,1.0,0,450.0,-6.58,-9.07,-6.08,-8.6,2.9,-1.6,0.77,-2.75,-0.49,21.84,-2.78,0.06,0.016,-0.04,0.7865,1
25.85,TRAIN_M01_LADAKH_NOMINAL,TRAIN,LADAKH,CRUISE_LOITER,5333.0,2194.7,70.4,82.5,82.51,82.5,82.48,784.43,785.17,784.64,783.86,4.3,89.25,9.27,3.0,40.99,0.715,14.08,3.1,LANE_A,20220.0,-22.6,87.1,1.0,0,450.0,-6.54,-9.03,-6.04,-8.56,2.77,-1.49,0.98,-2.8,-0.54,21.74,-2.82,-0.05,-0.033,-0.02,0.7855,1
25.9,TRAIN_M01_LADAKH_NOMINAL,TRAIN,LADAKH,CRUISE_LOITER,5321.9,2190.1,70.4,82.49,82.51,82.49,82.47,784.46,785.05,784.98,784.0,4.33,89.33,9.35,3.0,40.92,0.791,14.06,2.98,LANE_A,20219.0,-22.6,87.1,1.0,0,450.0,-6.38,-8.86,-5.88,-8.4,2.8,-1.61,1.32,-2.66,-0.51,21.95,-2.72,-0.12,0.044,-0.04,0.7875,1
25.95,TRAIN_M01_LADAKH_NOMINAL,TRAIN,LADAKH,CRUISE_LOITER,5320.1,2189.4,70.4,82.47,82.5,82.48,82.46,784.71,785.1,784.62,784.02,4.31,89.17,9.27,3.0,40.94,0.688,14.08,2.99,LANE_A,20219.0,-22.6,87.1,1.0,0,450.0,-6.37,-8.84,-5.86,-8.38,3.05,-1.56,0.96,-2.64,-0.53,21.81,-2.79,-0.1,-0.058,-0.02,0.7859,1
26.0,TRAIN_M01_LADAKH_NOMINAL,TRAIN,LADAKH,CRUISE_LOITER,5316.1,2187.7,70.4,82.46,82.48,82.46,82.45,784.73,785.09,784.58,783.92,4.35,89.11,9.13,3.0,41.09,0.754,14.03,3.05,LANE_A,20218.0,-22.6,87.1,1.0,0,450.0,-6.33,-8.81,-5.83,-8.34,3.07,-1.57,0.92,-2.74,-0.49,21.8,-2.92,0.05,0.008,-0.07,0.7855,1
26.05,TRAIN_M01_LADAKH_NOMINAL,TRAIN,LADAKH,CRUISE_LOITER,5318.4,2188.7,70.4,82.45,82.47,82.45,82.43,784.36,785.14,784.21,784.15,4.34,89.08,9.16,3.0,41.27,0.694,14.07,3.24,LANE_A,20218.0,-22.6,87.1,1.0,0,450.0,-6.37,-8.85,-5.87,-8.39,2.7,-1.52,0.55,-2.51,-0.5,21.74,-2.9,0.23,-0.052,-0.03,0.7849,1
26.1,TRAIN_M01_LADAKH_NOMINAL,TRAIN,LADAKH,CRUISE_LOITER,5320.0,2189.3,70.3,82.43,82.46,82.44,82.42,784.49,785.38,784.71,784.12,4.34,89.1,9.12,3.0,41.28,0.734,14.06,3.09,LANE_A,20217.0,-22.6,87.1,1.0,0,450.0,-6.41,-8.88,-5.9,-8.42,2.76,-1.35,0.98,-2.61,-0.5,21.75,-2.94,0.25,-0.012,-0.04,0.7851,1
26.15,TRAIN_M01_LADAKH_NOMINAL,TRAIN,LADAKH,CRUISE_LOITER,5313.9,2186.8,70.3,82.42,82.45,82.42,82.41,784.41,784.9,784.77,784.27,4.33,89.17,9.21,3.0,41.27,0.74,14.07,3.2,LANE_A,20217.0,-22.6,87.1,1.0,0,450.0,-6.33,-8.8,-5.83,-8.34,2.68,-1.83,1.04,-2.46,-0.51,21.89,-2.84,0.24,-0.005,-0.03,0.7867,1
26.2,TRAIN_M01_LADAKH_NOMINAL,TRAIN,LADAKH,CRUISE_LOITER,5313.9,2186.8,70.3,82.4,82.43,82.41,82.39,784.64,785.05,784.95,784.57,4.29,89.07,9.24,3.0,41.24,0.716,14.05,3.15,LANE_A,20216.0,-22.6,87.2,1.0,0,450.0,-6.32,-8.79,-5.81,-8.33,2.91,-1.68,1.22,-2.16,-0.55,21.81,-2.81,0.2,-0.029,-0.05,0.7859,1
26.25,TRAIN_M01_LADAKH_NOMINAL,TRAIN,LADAKH,CRUISE_LOITER,5311.2,2185.7,70.3,82.39,82.42,82.4,82.38,784.6,785.08,784.46,784.54,4.28,89.05,9.14,3.0,41.36,0.763,14.07,3.25,LANE_A,20216.0,-22.6,87.2,1.0,0,450.0,-6.29,-8.76,-5.78,-8.3,2.87,-1.65,0.73,-2.19,-0.55,21.83,-2.9,0.32,0.018,-0.03,0.7863,1
26.3,TRAIN_M01_LADAKH_NOMINAL,TRAIN,LADAKH,CRUISE_LOITER,5314.7,2187.1,70.3,82.38,82.4,82.38,82.37,784.99,785.11,784.49,784.3,4.36,89.05,9.09,3.0,41.27,0.695,14.06,3.07,LANE_A,20215.0,-22.6,87.2,1.0,0,450.0,-6.35,-8.83,-5.85,-8.36,3.26,-1.62,0.76,-2.43,-0.48,21.78,-2.96,0.23,-0.05,-0.04,0.7853,1
26.35,TRAIN_M01_LADAKH_NOMINAL,TRAIN,LADAKH,CRUISE_LOITER,5303.3,2182.4,70.3,82.37,82.39,82.37,82.35,784.55,784.96,784.64,784.1,4.35,89.07,9.1,3.0,41.2,0.743,14.09,3.28,LANE_A,20215.0,-22.6,87.2,1.0,0,450.0,-6.19,-8.67,-5.69,-8.21,2.82,-1.77,0.91,-2.63,-0.48,21.94,-2.92,0.16,-0.001,-0.01,0.787,1
26.4,TRAIN_M01_LADAKH_NOMINAL,TRAIN,LADAKH,CRUISE_LOITER,5302.0,2181.9,70.3,82.35,82.38,82.35,82.33,784.67,784.75,784.67,784.07,4.31,89.13,9.03,3.0,41.18,0.748,14.08,3.03,LANE_A,20214.0,-22.6,87.2,1.0,0,450.0,-6.2,-8.67,-5.7,-8.22,2.94,-1.98,0.94,-2.66,-0.52,22.01,-2.99,0.14,0.004,-0.02,0.7884,1
26.45,TRAIN_M01_LADAKH_NOMINAL,TRAIN,LADAKH,CRUISE_LOITER,5309.6,2185.0,70.2,82.33,82.36,82.34,82.32,784.59,784.78,784.85,784.49,4.35,89.16,8.99,3.0,41.18,0.731,14.05,3.24,LANE_A,20214.0,-22.5,87.2,1.0,0,450.0,-6.41,-8.88,-5.9,-8.42,2.78,-2.03,1.04,-2.32,-0.48,21.87,-3.04,0.15,-0.014,-0.05,0.7868,1
26.5,TRAIN_M01_LADAKH_NOMINAL,TRAIN,LADAKH,CRUISE_LOITER,5311.7,2185.9,70.2,82.32,82.34,82.33,82.3,784.21,784.84,784.61,784.34,4.3,89.16,9.08,3.0,41.1,0.796,14.08,3.26,LANE_A,20213.0,-22.5,87.2,1.0,0,450.0,-6.45,-8.93,-5.94,-8.47,2.4,-1.97,0.8,-2.47,-0.53,21.84,-2.95,0.07,0.051,-0.02,0.7868,1
26.55,TRAIN_M01_LADAKH_NOMINAL,TRAIN,LADAKH,CRUISE_LOITER,5313.7,2186.7,70.2,82.31,82.34,82.32,82.29,784.2,784.71,784.71,784.97,4.35,89.24,9.26,3.0,41.03,0.728,14.07,3.2,LANE_A,20213.0,-22.5,87.2,1.0,0,450.0,-6.49,-8.96,-5.98,-8.51,2.39,-2.1,0.9,-1.84,-0.48,21.9,-2.78,0.0,-0.017,-0.03,0.787,1
26.6,TRAIN_M01_LADAKH_NOMINAL,TRAIN,LADAKH,CRUISE_LOITER,5312.1,2186.0,70.2,82.3,82.32,82.31,82.28,784.72,784.84,784.79,784.75,4.32,89.24,9.22,3.0,41.03,0.76,14.08,3.01,LANE_A,20212.0,-22.5,87.2,1.0,0,450.0,-6.48,-8.96,-5.97,-8.5,2.91,-1.97,0.98,-2.06,-0.51,21.92,-2.82,0.0,0.015,-0.02,0.7875,1
26.65,TRAIN_M01_LADAKH_NOMINAL,TRAIN,LADAKH,CRUISE_LOITER,5320.5,2189.5,70.2,82.29,82.31,82.3,82.27,784.55,785.11,784.68,784.72,4.32,89.29,9.13,3.0,40.93,0.754,14.08,3.13,LANE_A,20212.0,-22.5,87.2,1.0,0,450.0,-6.61,-9.09,-6.1,-8.63,2.74,-1.7,0.87,-2.09,-0.52,21.87,-2.93,-0.1,0.008,-0.02,0.7875,1
26.7,TRAIN_M01_LADAKH_NOMINAL,TRAIN,LADAKH,CRUISE_LOITER,5324.8,2191.3,70.2,82.27,82.3,82.29,82.26,784.47,784.92,784.78,784.39,4.34,89.33,9.18,3.0,41.22,0.72,14.09,3.37,LANE_A,20211.0,-22.5,87.2,1.0,0,450.0,-6.7,-9.17,-6.18,-8.71,2.66,-1.89,0.97,-2.42,-0.5,21.86,-2.89,0.18,-0.027,-0.01,0.7873,1
26.75,TRAIN_M01_LADAKH_NOMINAL,TRAIN,LADAKH,CRUISE_LOITER,5326.9,2192.1,70.2,82.26,82.29,82.28,82.25,784.33,784.73,784.95,784.56,4.36,89.28,9.18,3.0,41.14,0.711,14.06,2.99,LANE_A,20211.0,-22.5,87.2,1.0,0,450.0,-6.74,-9.21,-6.22,-8.75,2.52,-2.08,1.14,-2.25,-0.48,21.78,-2.89,0.1,-0.036,-0.04,0.7862,1
26.8,TRAIN_M01_LADAKH_NOMINAL,TRAIN,LADAKH,CRUISE_LOITER,5319.5,2189.1,70.2,82.25,82.28,82.26,82.23,784.7,784.65,784.88,784.55,4.36,89.3,9.19,3.0,41.07,0.727,14.05,3.31,LANE_A,20210.0,-22.5,87.2,1.0,0,450.0,-6.64,-9.11,-6.13,-8.66,2.89,-2.16,1.07,-2.26,-0.48,21.89,-2.86,0.03,-0.019,-0.05,0.7874,1
26.85,TRAIN_M01_LADAKH_NOMINAL,TRAIN,LADAKH,CRUISE_LOITER,5316.9,2188.0,70.1,82.24,82.27,82.26,82.22,785.03,784.82,784.88,784.56,4.35,89.18,9.19,3.0,41.04,0.713,14.05,3.46,LANE_A,20209.0,-22.5,87.2,1.0,0,450.0,-6.6,-9.07,-6.08,-8.62,3.15,-2.06,1.0,-2.32,-0.49,21.81,-2.86,0.01,-0.033,-0.05,0.7863,1
26.9,TRAIN_M01_LADAKH_NOMINAL,TRAIN,LADAKH,CRUISE_LOITER,5321.4,2189.9,70.1,82.23,82.26,82.25,82.21,784.81,784.75,785.63,784.77,4.36,89.2,9.14,3.0,40.94,0.714,14.07,3.01,LANE_A,20209.0,-22.5,87.2,1.0,0,450.0,-6.68,-9.15,-6.16,-8.7,2.93,-2.13,1.75,-2.11,-0.48,21.77,-2.92,-0.09,-0.032,-0.03,0.786,1
26.95,TRAIN_M01_LADAKH_NOMINAL,TRAIN,LADAKH,CRUISE_LOITER,5324.9,2191.3,70.1,82.22,82.25,82.23,82.2,785.09,784.76,785.58,784.59,4.34,89.13,9.16,3.0,40.86,0.689,14.05,3.25,LANE_A,20208.0,-22.5,87.3,1.0,0,450.0,-6.72,-9.19,-6.21,-8.74,3.21,-2.12,1.7,-2.29,-0.5,21.68,-2.9,-0.17,-0.058,-0.05,0.785,1
27.0,TRAIN_M01_LADAKH_NOMINAL,TRAIN,LADAKH,CRUISE_LOITER,5327.5,2192.4,70.1,82.21,82.23,82.23,82.19,784.94,784.7,785.47,784.37,4.36,89.17,9.26,3.0,41.03,0.719,14.07,2.98,LANE_A,20208.0,-22.5,87.3,1.0,0,450.0,-6.76,-9.24,-6.24,-8.78,3.06,-2.18,1.59,-2.51,-0.48,21.69,-2.81,0.0,-0.028,-0.03,0.7849,1
27.05,TRAIN_M01_LADAKH_NOMINAL,TRAIN,LADAKH,CRUISE_LOITER,5321.3,2189.8,70.1,82.19,82.22,82.22,82.19,784.94,785.27,785.2,784.25,4.32,89.12,9.21,3.0,41.12,0.782,14.07,3.36,LANE_A,20207.0,-22.5,87.3,1.0,0,450.0,-6.69,-9.16,-6.16,-8.69,3.06,-1.61,1.32,-2.63,-0.52,21.71,-2.85,0.09,0.036,-0.03,0.7853,1
27.1,TRAIN_M01_LADAKH_NOMINAL,TRAIN,LADAKH,CRUISE_LOITER,5333.2,2194.7,70.1,82.18,82.22,82.21,82.17,785.04,785.41,785.05,784.47,4.32,89.09,9.27,3.0,41.06,0.685,14.07,3.02,LANE_A,20207.0,-22.5,87.3,1.0,0,450.0,-6.88,-9.34,-6.35,-8.89,3.16,-1.47,1.17,-2.41,-0.52,21.54,-2.81,0.03,-0.063,-0.03,0.7835,1
27.15,TRAIN_M01_LADAKH_NOMINAL,TRAIN,LADAKH,CRUISE_LOITER,5328.6,2192.9,70.1,82.17,82.2,82.2,82.17,784.77,785.25,784.9,784.25,4.31,89.15,9.29,3.0,41.1,0.78,14.06,2.99,LANE_A,20206.0,-22.5,87.3,1.0,0,450.0,-6.82,-9.29,-6.29,-8.82,2.89,-1.63,1.02,-2.63,-0.53,21.66,-2.78,0.06,0.032,-0.04,0.7849,1
27.2,TRAIN_M01_LADAKH_NOMINAL,TRAIN,LADAKH,CRUISE_LOITER,5325.8,2191.7,70.1,82.17,82.19,82.19,82.16,785.05,785.32,785.11,784.56,4.31,89.22,9.28,3.0,41.09,0.777,14.07,3.11,LANE_A,20206.0,-22.5,87.3,1.0,0,450.0,-6.78,-9.26,-6.26,-8.79,3.17,-1.56,1.23,-2.32,-0.53,21.76,-2.79,0.05,0.03,-0.03,0.7862,1
27.25,TRAIN_M01_LADAKH_NOMINAL,TRAIN,LADAKH,CRUISE_LOITER,5331.7,2194.1,70.0,82.15,82.19,82.18,82.14,785.38,785.27,785.08,784.68,4.31,89.28,9.21,3.0,41.03,0.775,14.06,3.24,LANE_A,20205.0,-22.5,87.3,1.0,0,450.0,-6.88,-9.34,-6.35,-8.89,3.44,-1.67,1.14,-2.26,-0.53,21.76,-2.87,0.0,0.027,-0.04,0.7866,1
27.3,TRAIN_M01_LADAKH_NOMINAL,TRAIN,LADAKH,CRUISE_LOITER,5328.7,2192.9,70.0,82.15,82.17,82.17,82.14,785.35,785.1,785.16,785.28,4.4,89.15,9.16,3.0,41.13,0.765,14.05,3.12,LANE_A,20204.0,-22.5,87.3,1.0,0,450.0,-6.84,-9.32,-6.32,-8.85,3.41,-1.84,1.22,-1.66,-0.44,21.66,-2.91,0.1,0.017,-0.05,0.7846,1
27.35,TRAIN_M01_LADAKH_NOMINAL,TRAIN,LADAKH,CRUISE_LOITER,5320.8,2189.6,70.0,82.14,82.17,82.16,82.12,785.32,785.12,785.36,785.58,4.34,89.28,9.18,3.0,41.05,0.786,14.08,3.14,LANE_A,20204.0,-22.5,87.3,1.0,0,450.0,-6.73,-9.2,-6.21,-8.75,3.38,-1.82,1.42,-1.36,-0.5,21.89,-2.87,0.02,0.04,-0.02,0.7878,1
27.4,TRAIN_M01_LADAKH_NOMINAL,TRAIN,LADAKH,CRUISE_LOITER,5316.2,2187.7,70.0,82.14,82.16,82.15,82.12,784.95,785.29,785.0,785.36,4.29,89.25,9.24,3.0,41.2,0.734,14.05,3.08,LANE_A,20203.0,-22.5,87.3,1.0,0,450.0,-6.66,-9.14,-6.15,-8.68,3.01,-1.65,1.06,-1.58,-0.55,21.91,-2.8,0.17,-0.012,-0.05,0.7882,1
27.45,TRAIN_M01_LADAKH_NOMINAL,TRAIN,LADAKH,CRUISE_LOITER,5315.1,2187.3,70.0,82.13,82.15,82.14,82.11,784.78,785.35,785.11,785.45,4.35,89.26,9.22,3.0,41.14,0.766,14.08,3.25,LANE_A,20203.0,-22.5,87.3,1.0,0,450.0,-6.66,-9.14,-6.15,-8.68,2.84,-1.59,1.17,-1.49,-0.49,21.93,-2.82,0.11,0.02,-0.02,0.788,1
27.5,TRAIN_M01_LADAKH_NOMINAL,TRAIN,LADAKH,CRUISE_LOITER,5315.4,2187.4,70.0,82.12,82.14,82.13,82.1,784.96,785.4,785.38,785.13,4.28,89.34,9.07,3.0,41.07,0.747,14.05,3.23,LANE_A,20202.0,-22.5,87.3,1.0,0,450.0,-6.67,-9.15,-6.16,-8.69,3.02,-1.54,1.44,-1.81,-0.56,22.01,-2.97,0.04,0.001,-0.05,0.7899,1
27.55,TRAIN_M01_LADAKH_NOMINAL,TRAIN,LADAKH,CRUISE_LOITER,5318.2,2188.6,70.0,82.11,82.12,82.12,82.09,785.02,785.71,785.47,785.31,4.35,89.11,9.06,3.0,40.99,0.772,14.07,3.08,LANE_A,20202.0,-22.5,87.3,1.0,0,450.0,-6.72,-9.21,-6.21,-8.74,3.08,-1.23,1.53,-1.63,-0.49,21.74,-2.99,-0.04,0.026,-0.03,0.7859,1
27.6,TRAIN_M01_LADAKH_NOMINAL,TRAIN,LADAKH,CRUISE_LOITER,5320.0,2189.3,70.0,82.1,82.11,82.1,82.08,784.98,785.88,785.63,785.36,4.35,89.14,9.1,3.0,41.0,0.806,14.08,3.26,LANE_A,20201.0,-22.5,87.4,1.0,0,450.0,-6.73,-9.22,-6.23,-8.75,3.04,-1.06,1.69,-1.58,-0.49,21.77,-2.95,-0.04,0.06,-0.02,0.7863,1
27.65,TRAIN_M01_LADAKH_NOMINAL,TRAIN,LADAKH,CRUISE_LOITER,5320.1,2189.3,70.0,82.09,82.09,82.09,82.06,784.95,785.84,785.44,785.54,4.33,89.17,9.13,3.0,40.97,0.712,14.09,3.13,LANE_A,20200.0,-22.5,87.4,1.0,0,450.0,-6.74,-9.24,-6.24,-8.77,3.01,-1.1,1.5,-1.4,-0.51,21.8,-2.92,-0.07,-0.034,-0.01,0.7868,1
27.7,TRAIN_M01_LADAKH_NOMINAL,TRAIN,LADAKH,CRUISE_LOITER,5316.4,2187.8,69.9,82.07,82.08,82.09,82.06,785.15,785.59,785.41,785.6,4.34,89.34,9.13,3.0,41.1,0.783,14.05,3.31,LANE_A,20200.0,-22.5,87.4,1.0,0,450.0,-6.7,-9.19,-6.18,-8.71,3.14,-1.42,1.4,-1.41,-0.5,22.02,-2.91,0.07,0.037,-0.05,0.7896,1
27.75,TRAIN_M01_LADAKH_NOMINAL,TRAIN,LADAKH,CRUISE_LOITER,5311.1,2185.7,69.9,82.06,82.07,82.07,82.05,785.07,785.37,785.14,785.76,4.33,89.38,9.1,3.0,41.0,0.74,14.07,3.07,LANE_A,20199.0,-22.5,87.4,1.0,0,450.0,-6.63,-9.12,-6.12,-8.64,3.06,-1.64,1.13,-1.25,-0.5,22.13,-2.93,-0.03,-0.005,-0.03,0.7909,1
27.8,TRAIN_M01_LADAKH_NOMINAL,TRAIN,LADAKH,CRUISE_LOITER,5313.7,2186.7,69.9,82.05,82.06,82.06,82.04,785.05,785.34,785.21,785.65,4.36,89.22,9.03,3.0,41.03,0.745,14.07,3.13,LANE_A,20199.0,-22.5,87.4,1.0,0,450.0,-6.68,-9.17,-6.17,-8.69,3.04,-1.67,1.2,-1.36,-0.48,21.93,-3.01,0.0,0.0,-0.03,0.7883,1
27.85,TRAIN_M01_LADAKH_NOMINAL,TRAIN,LADAKH,CRUISE_LOITER,5319.2,2189.0,69.9,82.04,82.05,82.05,82.02,784.91,785.07,785.4,785.76,4.35,89.3,8.99,3.0,41.22,0.726,14.07,3.1,LANE_A,20198.0,-22.5,87.4,1.0,0,450.0,-6.77,-9.26,-6.26,-8.79,2.9,-1.94,1.39,-1.25,-0.49,21.95,-3.06,0.19,-0.02,-0.03,0.789,1
27.9,TRAIN_M01_LADAKH_NOMINAL,TRAIN,LADAKH,CRUISE_LOITER,5319.1,2188.9,69.9,82.03,82.04,82.04,82.02,785.0,785.1,785.63,785.66,4.35,89.19,9.16,3.0,41.14,0.794,14.1,3.09,LANE_A,20197.0,-22.5,87.4,1.0,0,450.0,-6.78,-9.27,-6.27,-8.79,2.99,-1.91,1.62,-1.35,-0.49,21.84,-2.89,0.11,0.048,0.0,0.7872,1
27.95,TRAIN_M01_LADAKH_NOMINAL,TRAIN,LADAKH,CRUISE_LOITER,5327.3,2192.3,69.9,82.02,82.03,82.03,82.01,785.1,785.25,785.53,785.29,4.31,89.18,9.07,3.0,41.13,0.66,14.06,2.98,LANE_A,20197.0,-22.5,87.4,1.0,0,450.0,-6.91,-9.4,-6.4,-8.92,3.09,-1.76,1.52,-1.72,-0.53,21.73,-3.0,0.1,-0.087,-0.04,0.7867,1
28.0,TRAIN_M01_LADAKH_NOMINAL,TRAIN,LADAKH,CRUISE_LOITER,5329.5,2193.2,69.9,82.01,82.02,82.01,82.0,785.25,785.4,785.78,785.4,4.35,89.32,9.1,3.0,41.09,0.807,14.08,2.92,LANE_A,20196.0,-22.5,87.4,1.0,0,450.0,-6.96,-9.45,-6.46,-8.97,3.24,-1.61,1.77,-1.61,-0.49,21.85,-2.97,0.06,0.059,-0.02,0.788,1
28.05,TRAIN_M01_LADAKH_NOMINAL,TRAIN,LADAKH,CRUISE_LOITER,5334.9,2195.4,69.9,82.0,82.02,82.0,81.99,785.47,785.54,785.53,785.27,4.34,89.36,9.15,3.0,41.06,0.72,14.04,3.2,LANE_A,20195.0,-22.5,87.4,1.0,0,450.0,-7.05,-9.53,-6.55,-9.06,3.46,-1.47,1.52,-1.74,-0.5,21.82,-2.94,0.02,-0.028,-0.06,0.7879,1
28.1,TRAIN_M01_LADAKH_NOMINAL,TRAIN,LADAKH,CRUISE_LOITER,5337.7,2196.6,69.9,82.0,82.01,81.99,81.97,785.37,785.73,785.64,784.96,4.34,89.38,9.05,3.0,40.98,0.735,14.06,3.09,LANE_A,20195.0,-22.5,87.4,1.0,0,450.0,-7.09,-9.58,-6.6,-9.12,3.36,-1.28,1.63,-2.05,-0.5,21.81,-3.04,-0.06,-0.014,-0.04,0.788,1
28.15,TRAIN_M01_LADAKH_NOMINAL,TRAIN,LADAKH,CRUISE_LOITER,5335.2,2195.6,69.9,81.99,81.99,81.98,81.97,785.14,785.59,785.64,785.34,4.32,89.23,9.12,3.0,41.18,0.755,14.05,3.21,LANE_A,20194.0,-22.5,87.4,1.0,0,450.0,-7.06,-9.56,-6.57,-9.08,3.13,-1.42,1.63,-1.67,-0.52,21.69,-2.97,0.14,0.006,-0.05,0.7863,1
28.2,TRAIN_M01_LADAKH_NOMINAL,TRAIN,LADAKH,CRUISE_LOITER,5329.6,2193.3,69.8,81.98,81.99,81.97,81.96,785.35,785.58,785.69,785.48,4.32,89.21,9.16,3.0,41.19,0.727,14.08,2.96,LANE_A,20194.0,-22.5,87.4,1.0,0,450.0,-6.98,-9.47,-6.49,-9.0,3.28,-1.49,1.62,-1.59,-0.52,21.74,-2.91,0.16,-0.021,-0.02,0.7867,1
28.25,TRAIN_M01_LADAKH_NOMINAL,TRAIN,LADAKH,CRUISE_LOITER,5327.1,2192.2,69.8,81.97,81.98,81.96,81.95,785.68,785.35,785.87,785.39,4.34,89.21,9.1,3.0,41.29,0.782,14.04,3.17,LANE_A,20193.0,-22.5,87.5,1.0,0,450.0,-6.93,-9.42,-6.44,-8.95,3.61,-1.72,1.8,-1.68,-0.5,21.79,-2.97,0.26,0.035,-0.06,0.7872,1
28.3,TRAIN_M01_LADAKH_NOMINAL,TRAIN,LADAKH,CRUISE_LOITER,5325.2,2191.4,69.8,81.97,81.97,81.96,81.94,785.48,784.84,785.49,785.34,4.3,89.28,9.15,3.0,41.24,0.705,14.07,3.01,LANE_A,20192.0,-22.5,87.5,1.0,0,450.0,-6.9,-9.4,-6.41,-8.93,3.41,-2.23,1.42,-1.73,-0.54,21.88,-2.91,0.21,-0.042,-0.03,0.7886,1
28.35,TRAIN_M01_LADAKH_NOMINAL,TRAIN,LADAKH,CRUISE_LOITER,5316.5,2187.9,69.8,81.97,81.96,81.94,81.93,785.4,785.33,785.26,785.24,4.29,89.35,9.08,3.0,41.07,0.727,14.06,3.39,LANE_A,20192.0,-22.5,87.5,1.0,0,450.0,-6.77,-9.28,-6.3,-8.81,3.33,-1.74,1.19,-1.83,-0.55,22.06,-2.96,0.04,-0.019,-0.04,0.7908,1
28.4,TRAIN_M01_LADAKH_NOMINAL,TRAIN,LADAKH,CRUISE_LOITER,5319.0,2188.9,69.8,81.95,81.95,81.93,81.92,785.21,785.39,785.24,785.28,4.33,89.43,9.06,3.0,41.05,0.733,14.06,3.43,LANE_A,20191.0,-22.5,87.5,1.0,0,450.0,-6.83,-9.33,-6.35,-8.86,3.14,-1.68,1.17,-1.79,-0.51,22.11,-2.99,0.02,-0.013,-0.04,0.7914,1
28.45,TRAIN_M01_LADAKH_NOMINAL,TRAIN,LADAKH,CRUISE_LOITER,5317.7,2188.3,69.8,81.94,81.94,81.93,81.91,785.25,785.1,785.26,785.26,4.39,89.44,9.0,3.0,41.19,0.729,14.08,3.39,LANE_A,20190.0,-22.5,87.5,1.0,0,450.0,-6.82,-9.32,-6.33,-8.85,3.18,-1.97,1.19,-1.81,-0.45,22.13,-3.05,0.15,-0.017,-0.02,0.7913,1
28.5,TRAIN_M01_LADAKH_NOMINAL,TRAIN,LADAKH,CRUISE_LOITER,5320.9,2189.7,69.8,81.93,81.93,81.92,81.9,785.36,785.05,785.56,784.92,4.35,89.51,9.07,3.0,41.13,0.796,14.05,3.21,LANE_A,20190.0,-22.5,87.5,1.0,0,450.0,-6.88,-9.38,-6.39,-8.91,3.29,-2.02,1.49,-2.15,-0.49,22.16,-2.99,0.09,0.05,-0.05,0.7921,1
28.55,TRAIN_M01_LADAKH_NOMINAL,TRAIN,LADAKH,CRUISE_LOITER,5318.3,2188.6,69.8,81.93,81.92,81.9,81.89,785.22,785.39,785.58,784.85,4.32,89.47,9.17,3.0,41.22,0.712,14.05,3.16,LANE_A,20189.0,-22.5,87.5,1.0,0,450.0,-6.84,-9.35,-6.37,-8.88,3.15,-1.68,1.51,-2.22,-0.52,22.15,-2.88,0.18,-0.034,-0.05,0.7919,1
28.6,TRAIN_M01_LADAKH_NOMINAL,TRAIN,LADAKH,CRUISE_LOITER,5321.0,2189.7,69.8,81.92,81.92,81.9,81.89,785.02,785.42,785.6,785.28,4.32,89.55,9.29,3.0,41.24,0.746,14.06,2.79,LANE_A,20188.0,-22.5,87.5,1.0,0,450.0,-6.89,-9.39,-6.41,-8.92,2.95,-1.65,1.53,-1.79,-0.52,22.2,-2.77,0.2,0.0,-0.04,0.7924,1
28.65,TRAIN_M01_LADAKH_NOMINAL,TRAIN,LADAKH,CRUISE_LOITER,5318.5,2188.7,69.8,81.91,81.91,81.89,81.88,784.85,785.39,785.78,785.11,4.31,89.63,9.2,3.0,41.18,0.779,14.05,3.37,LANE_A,20188.0,-22.5,87.5,1.0,0,450.0,-6.86,-9.36,-6.38,-8.89,2.78,-1.68,1.71,-1.96,-0.53,22.31,-2.85,0.14,0.033,-0.05,0.794,1
28.7,TRAIN_M01_LADAKH_NOMINAL,TRAIN,LADAKH,CRUISE_LOITER,5318.6,2188.7,69.8,81.9,81.91,81.88,81.88,785.0,785.63,785.86,785.44,4.24,89.63,9.26,3.0,41.09,0.76,14.05,3.07,LANE_A,20187.0,-22.4,87.5,1.0,0,450.0,-6.97,-9.46,-6.49,-8.99,2.92,-1.45,1.78,-1.64,-0.6,22.21,-2.79,0.05,0.014,-0.05,0.7935,1
28.75,TRAIN_M01_LADAKH_NOMINAL,TRAIN,LADAKH,CRUISE_LOITER,5324.0,2191.0,69.7,81.89,81.9,81.87,81.86,785.08,785.26,785.89,785.21,4.31,89.55,9.17,3.0,41.03,0.691,14.04,3.22,LANE_A,20186.0,-22.4,87.5,1.0,0,450.0,-7.05,-9.54,-6.57,-9.08,2.93,-1.89,1.74,-1.94,-0.53,22.08,-2.89,0.0,-0.056,-0.06,0.7916,1
28.8,TRAIN_M01_LADAKH_NOMINAL,TRAIN,LADAKH,CRUISE_LOITER,5313.2,2186.5,69.7,81.89,81.89,81.86,81.85,785.09,784.99,786.17,785.18,4.29,89.53,9.1,3.0,41.12,0.824,14.09,3.12,LANE_A,20186.0,-22.4,87.5,1.0,0,450.0,-6.89,-9.39,-6.42,-8.93,2.94,-2.16,2.02,-1.97,-0.54,22.18,-2.93,0.09,0.079,-0.01,0.7927,1
28.85,TRAIN_M01_LADAKH_NOMINAL,TRAIN,LADAKH,CRUISE_LOITER,5311.8,2185.9,69.7,81.88,81.88,81.86,81.85,785.38,785.15,786.18,785.46,4.29,89.6,9.09,3.0,40.91,0.716,14.07,3.4,LANE_A,20185.0,-22.4,87.5,1.0,0,450.0,-6.88,-9.38,-6.4,-8.91,3.23,-2.0,2.03,-1.69,-0.54,22.27,-2.94,-0.13,-0.029,-0.03,0.7938,1
28.9,TRAIN_M01_LADAKH_NOMINAL,TRAIN,LADAKH,CRUISE_LOITER,5319.9,2189.3,69.7,81.87,81.87,81.84,81.83,785.38,785.31,785.8,785.4,4.31,89.67,9.07,3.0,40.87,0.733,14.05,3.49,LANE_A,20184.0,-22.4,87.6,1.0,0,450.0,-6.98,-9.48,-6.51,-9.02,3.23,-1.84,1.65,-1.75,-0.53,22.27,-2.98,-0.17,-0.013,-0.05,0.7941,1
28.95,TRAIN_M01_LADAKH_NOMINAL,TRAIN,LADAKH,CRUISE_LOITER,5315.4,2187.4,69.7,81.86,81.86,81.84,81.82,785.25,785.34,785.84,785.74,4.34,89.54,9.11,3.0,40.98,0.768,14.07,3.73,LANE_A,20184.0,-22.4,87.6,1.0,0,450.0,-6.93,-9.43,-6.45,-8.97,3.1,-1.81,1.69,-1.41,-0.49,22.19,-2.93,-0.06,0.022,-0.03,0.7925,1
29.0,TRAIN_M01_LADAKH_NOMINAL,TRAIN,LADAKH,CRUISE_LOITER,5314.0,2186.8,69.7,81.85,81.85,81.82,81.81,785.07,785.16,785.45,785.49,4.3,89.53,8.99,3.0,40.95,0.741,14.1,3.26,LANE_A,20183.0,-22.4,87.6,1.0,0,450.0,-6.92,-9.42,-6.45,-8.96,2.92,-1.99,1.3,-1.66,-0.53,22.2,-3.05,-0.09,-0.004,0.0,0.7931,1
29.05,TRAIN_M01_LADAKH_NOMINAL,TRAIN,LADAKH,CRUISE_LOITER,5313.6,2186.7,69.7,81.83,81.84,81.81,81.8,785.18,785.42,785.32,785.54,4.33,89.55,9.05,3.0,40.95,0.766,14.08,3.27,LANE_A,20182.0,-22.4,87.6,1.0,0,450.0,-6.93,-9.42,-6.45,-8.96,3.03,-1.73,1.17,-1.61,-0.5,22.22,-2.99,-0.09,0.021,-0.02,0.793,1
29.1,TRAIN_M01_LADAKH_NOMINAL,TRAIN,LADAKH,CRUISE_LOITER,5307.6,2184.2,69.7,81.82,81.83,81.8,81.79,785.09,785.12,785.19,785.31,4.34,89.44,9.05,3.0,40.96,0.8,14.06,3.01,LANE_A,20182.0,-22.4,87.6,1.0,0,450.0,-6.86,-9.35,-6.38,-8.89,2.94,-2.03,1.04,-1.84,-0.49,22.18,-2.97,-0.08,0.056,-0.04,0.7922,1
29.15,TRAIN_M01_LADAKH_NOMINAL,TRAIN,LADAKH,CRUISE_LOITER,5305.0,2183.1,69.7,81.81,81.82,81.78,81.78,784.62,785.32,785.4,785.36,4.35,89.58,9.17,3.0,41.02,0.691,14.06,3.26,LANE_A,20181.0,-22.4,87.6,1.0,0,450.0,-6.83,-9.32,-6.36,-8.86,2.47,-1.83,1.25,-1.79,-0.48,22.35,-2.85,-0.02,-0.053,-0.04,0.7941,1
29.2,TRAIN_M01_LADAKH_NOMINAL,TRAIN,LADAKH,CRUISE_LOITER,5309.7,2185.1,69.7,81.81,81.81,81.78,81.77,784.36,785.4,785.1,785.5,4.32,89.41,9.23,3.0,41.07,0.757,14.08,3.22,LANE_A,20180.0,-22.4,87.6,1.0,0,450.0,-6.9,-9.4,-6.43,-8.94,2.21,-1.75,0.95,-1.65,-0.51,22.12,-2.8,0.03,0.012,-0.02,0.7913,1
29.25,TRAIN_M01_LADAKH_NOMINAL,TRAIN,LADAKH,CRUISE_LOITER,5310.2,2185.3,69.7,81.8,81.81,81.77,81.77,784.37,785.0,784.82,785.16,4.3,89.47,9.12,3.0,41.13,0.755,14.07,3.27,LANE_A,20180.0,-22.4,87.6,1.0,0,450.0,-6.91,-9.4,-6.44,-8.94,2.22,-2.15,0.67,-1.99,-0.53,22.18,-2.91,0.09,0.01,-0.03,0.7925,1
29.3,TRAIN_M01_LADAKH_NOMINAL,TRAIN,LADAKH,CRUISE_LOITER,5304.6,2183.0,69.7,81.79,81.81,81.77,81.76,784.25,784.69,784.83,785.5,4.3,89.51,9.14,3.0,41.17,0.752,14.06,3.35,LANE_A,20179.0,-22.4,87.6,1.0,0,450.0,-6.84,-9.32,-6.36,-8.87,2.1,-2.46,0.68,-1.65,-0.53,22.28,-2.88,0.13,0.008,-0.04,0.7936,1
29.35,TRAIN_M01_LADAKH_NOMINAL,TRAIN,LADAKH,CRUISE_LOITER,5305.8,2183.5,69.7,81.78,81.8,81.76,81.75,784.58,784.69,785.06,785.56,4.29,89.48,9.13,3.0,41.25,0.763,14.05,3.14,LANE_A,20178.0,-22.4,87.6,1.0,0,450.0,-6.87,-9.35,-6.39,-8.9,2.43,-2.46,0.91,-1.59,-0.54,22.24,-2.89,0.2,0.019,-0.05,0.7933,1
29.4,TRAIN_M01_LADAKH_NOMINAL,TRAIN,LADAKH,CRUISE_LOITER,5301.8,2181.8,69.7,81.78,81.79,81.75,81.75,785.12,784.89,784.63,785.51,4.35,89.44,9.2,3.0,41.26,0.749,14.07,3.1,LANE_A,20178.0,-22.4,87.6,1.0,0,450.0,-6.81,-9.3,-6.34,-8.84,2.97,-2.26,0.48,-1.64,-0.48,22.25,-2.81,0.21,0.005,-0.03,0.7926,1
29.45,TRAIN_M01_LADAKH_NOMINAL,TRAIN,LADAKH,CRUISE_LOITER,5304.8,2183.0,69.6,81.77,81.79,81.74,81.73,784.96,784.87,784.91,785.42,4.34,89.48,9.06,3.0,41.23,0.735,14.07,3.33,LANE_A,20177.0,-22.4,87.7,1.0,0,450.0,-6.83,-9.31,-6.36,-8.87,2.75,-2.34,0.7,-1.79,-0.49,22.28,-2.95,0.19,-0.009,-0.03,0.7934,1
29.5,TRAIN_M01_LADAKH_NOMINAL,TRAIN,LADAKH,CRUISE_LOITER,5305.6,2183.4,69.6,81.75,81.78,81.73,81.72,784.64,784.82,785.03,785.27,4.35,89.45,8.96,3.0,41.11,0.715,14.08,3.71,LANE_A,20176.0,-22.4,87.7,1.0,0,450.0,-6.86,-9.33,-6.38,-8.89,2.43,-2.39,0.82,-1.94,-0.48,22.24,-3.06,0.07,-0.029,-0.02,0.7931,1
29.55,TRAIN_M01_LADAKH_NOMINAL,TRAIN,LADAKH,CRUISE_LOITER,5301.9,2181.8,69.6,81.74,81.77,81.71,81.71,784.66,785.26,785.03,785.71,4.34,89.39,8.97,3.0,41.11,0.703,14.09,3.22,LANE_A,20175.0,-22.4,87.7,1.0,0,450.0,-6.82,-9.29,-6.35,-8.85,2.45,-1.95,0.82,-1.5,-0.49,22.22,-3.04,0.07,-0.041,-0.01,0.7927,1
29.6,TRAIN_M01_LADAKH_NOMINAL,TRAIN,LADAKH,CRUISE_LOITER,5300.3,2181.2,69.6,81.73,81.76,81.7,81.7,784.69,784.85,785.15,785.81,4.33,89.39,8.9,3.0,41.03,0.722,14.05,3.14,LANE_A,20175.0,-22.4,87.7,1.0,0,450.0,-6.81,-9.28,-6.34,-8.84,2.48,-2.36,0.94,-1.4,-0.5,22.24,-3.11,-0.01,-0.021,-0.05,0.7932,1
29.65,TRAIN_M01_LADAKH_NOMINAL,TRAIN,LADAKH,CRUISE_LOITER,5299.1,2180.7,69.6,81.71,81.75,81.69,81.69,784.53,784.73,785.2,785.38,4.29,89.37,8.89,3.0,41.04,0.725,14.06,3.35,LANE_A,20174.0,-22.4,87.7,1.0,0,450.0,-6.81,-9.27,-6.33,-8.83,2.32,-2.48,0.99,-1.83,-0.54,22.23,-3.11,0.0,-0.018,-0.04,0.7933,1
29.7,TRAIN_M01_LADAKH_NOMINAL,TRAIN,LADAKH,CRUISE_LOITER,5294.1,2178.6,69.6,81.7,81.73,81.68,81.68,784.83,784.78,785.24,785.2,4.33,89.44,8.96,3.0,41.08,0.754,14.05,3.29,LANE_A,20173.0,-22.4,87.7,1.0,0,450.0,-6.75,-9.22,-6.27,-8.77,2.62,-2.43,1.03,-2.01,-0.5,22.36,-3.03,0.03,0.012,-0.05,0.7945,1
29.75,TRAIN_M01_LADAKH_NOMINAL,TRAIN,LADAKH,CRUISE_LOITER,5297.8,2180.2,69.6,81.69,81.72,81.67,81.67,785.29,784.91,785.24,785.16,4.32,89.4,9.08,3.0,41.04,0.759,14.06,3.21,LANE_A,20173.0,-22.4,87.7,1.0,0,450.0,-6.81,-9.28,-6.33,-8.83,3.08,-2.3,1.03,-2.05,-0.51,22.28,-2.92,-0.01,0.016,-0.04,0.7934,1
29.8,TRAIN_M01_LADAKH_NOMINAL,TRAIN,LADAKH,CRUISE_LOITER,5298.1,2180.3,69.6,81.68,81.71,81.67,81.67,785.54,785.33,785.46,785.16,4.35,89.63,9.08,3.0,41.05,0.783,14.07,3.39,LANE_A,20172.0,-22.4,87.7,1.0,0,450.0,-6.83,-9.3,-6.34,-8.84,3.33,-1.88,1.25,-2.05,-0.48,22.5,-2.92,0.0,0.04,-0.03,0.7962,1
29.85,TRAIN_M01_LADAKH_NOMINAL,TRAIN,LADAKH,CRUISE_LOITER,5294.1,2178.7,69.6,81.68,81.7,81.66,81.66,785.38,785.33,785.67,785.09,4.34,89.64,9.11,3.0,40.97,0.749,14.07,3.21,LANE_A,20171.0,-22.4,87.7,1.0,0,450.0,-6.77,-9.25,-6.29,-8.79,3.17,-1.88,1.46,-2.12,-0.49,22.56,-2.88,-0.08,0.007,-0.03,0.7968,1
29.9,TRAIN_M01_LADAKH_NOMINAL,TRAIN,LADAKH,CRUISE_LOITER,5298.8,2180.6,69.6,81.67,81.69,81.65,81.65,785.12,785.1,785.46,785.41,4.32,89.55,9.09,3.0,41.04,0.69,14.07,3.2,LANE_A,20170.0,-22.4,87.7,1.0,0,450.0,-6.85,-9.33,-6.37,-8.87,2.91,-2.11,1.25,-1.8,-0.51,22.42,-2.91,-0.01,-0.053,-0.03,0.7954,1
29.95,TRAIN_M01_LADAKH_NOMINAL,TRAIN,LADAKH,CRUISE_LOITER,5302.1,2181.9,69.6,81.66,81.68,81.64,81.64,785.08,784.99,785.54,785.09,4.31,89.59,9.03,3.0,41.03,0.734,14.07,3.32,LANE_A,20170.0,-22.4,87.7,1.0,0,450.0,-6.91,-9.39,-6.43,-8.93,2.87,-2.22,1.33,-2.12,-0.52,22.42,-2.98,-0.02,-0.01,-0.03,0.7957,1
30.0,TRAIN_M01_LADAKH_NOMINAL,TRAIN,LADAKH,CRUISE_LOITER,5299.8,2181.0,69.6,81.65,81.67,81.64,81.64,785.34,784.76,785.7,784.86,4.31,89.48,9.15,3.0,40.97,0.788,14.07,3.55,LANE_A,20169.0,-22.4,87.7,1.0,0,450.0,-6.88,-9.36,-6.39,-8.89,3.13,-2.45,1.49,-2.35,-0.52,22.33,-2.86,-0.08,0.045,-0.03,0.7943,1
30.05,TRAIN_M01_LADAKH_NOMINAL,TRAIN,LADAKH,CRUISE_LOITER,5293.3,2178.3,69.6,81.65,81.67,81.63,81.64,785.06,784.85,785.8,784.71,4.35,89.6,9.17,3.0,41.08,0.72,14.05,2.89,LANE_A,20168.0,-22.4,87.8,1.0,0,450.0,-6.76,-9.24,-6.28,-8.77,2.85,-2.36,1.59,-2.5,-0.48,22.55,-2.82,0.03,-0.022,-0.05,0.7965,1
30.1,TRAIN_M01_LADAKH_NOMINAL,TRAIN,LADAKH,CRUISE_LOITER,5295.8,2179.3,69.6,81.64,81.67,81.63,81.64,785.44,785.0,785.83,784.39,4.32,89.59,9.21,3.0,41.1,0.778,14.07,2.93,LANE_A,20167.0,-22.4,87.8,1.0,0,450.0,-6.81,-9.28,-6.32,-8.81,3.23,-2.21,1.62,-2.82,-0.51,22.51,-2.79,0.05,0.035,-0.03,0.7963,1
30.15,TRAIN_M01_LADAKH_NOMINAL,TRAIN,LADAKH,CRUISE_LOITER,5294.0,2178.6,69.6,81.64,81.67,81.63,81.64,785.6,785.38,785.67,784.27,4.33,89.54,9.27,3.0,41.09,0.69,14.04,2.98,LANE_A,20167.0,-22.4,87.8,1.0,0,450.0,-6.78,-9.25,-6.29,-8.78,3.39,-1.83,1.46,-2.94,-0.5,22.48,-2.73,0.04,-0.052,-0.06,0.7956,1
30.2,TRAIN_M01_LADAKH_NOMINAL,TRAIN,LADAKH,CRUISE_LOITER,5297.3,2180.0,69.6,81.63,81.66,81.62,81.63,785.4,785.42,785.82,784.67,4.35,89.51,9.2,3.0,41.15,0.673,14.04,3.12,LANE_A,20166.0,-22.4,87.8,1.0,0,450.0,-6.84,-9.31,-6.35,-8.84,3.19,-1.79,1.61,-2.54,-0.48,22.41,-2.8,0.09,-0.07,-0.06,0.7949,1
30.25,TRAIN_M01_LADAKH_NOMINAL,TRAIN,LADAKH,CRUISE_LOITER,5302.3,2182.0,69.6,81.63,81.66,81.62,81.63,785.03,785.36,785.82,784.78,4.34,89.53,9.27,3.0,41.12,0.771,14.07,3.03,LANE_A,20165.0,-22.4,87.8,1.0,0,450.0,-6.92,-9.39,-6.43,-8.92,2.82,-1.85,1.61,-2.43,-0.49,22.37,-2.75,0.06,0.027,-0.03,0.7945,1
30.3,TRAIN_M01_LADAKH_NOMINAL,TRAIN,LADAKH,CRUISE_LOITER,5299.8,2181.0,69.6,81.62,81.66,81.62,81.63,785.19,785.97,785.69,785.12,4.29,89.5,9.35,3.0,41.02,0.745,14.05,3.41,LANE_A,20164.0,-22.4,87.8,1.0,0,450.0,-6.89,-9.35,-6.39,-8.88,2.98,-1.24,1.48,-2.09,-0.54,22.37,-2.66,-0.04,0.002,-0.05,0.7946,1
30.35,TRAIN_M01_LADAKH_NOMINAL,TRAIN,LADAKH,CRUISE_LOITER,5292.7,2178.1,69.6,81.62,81.65,81.61,81.62,785.34,786.27,785.56,785.09,4.32,89.49,9.06,3.0,41.14,0.74,14.08,3.22,LANE_A,20164.0,-22.4,87.8,1.0,0,450.0,-6.79,-9.26,-6.3,-8.79,3.13,-0.94,1.35,-2.12,-0.51,22.44,-2.93,0.08,-0.002,-0.02,0.7955,1
30.4,TRAIN_M01_LADAKH_NOMINAL,TRAIN,LADAKH,CRUISE_LOITER,5296.1,2179.4,69.6,81.61,81.64,81.6,81.61,785.24,786.35,785.64,785.28,4.3,89.47,9.13,3.0,41.04,0.769,14.08,3.16,LANE_A,20163.0,-22.4,87.8,1.0,0,450.0,-6.85,-9.32,-6.36,-8.85,3.03,-0.86,1.43,-1.93,-0.53,22.38,-2.87,-0.02,0.026,-0.02,0.7949,1
30.45,TRAIN_M01_LADAKH_NOMINAL,TRAIN,LADAKH,CRUISE_LOITER,5301.2,2181.6,69.5,81.6,81.63,81.59,81.6,784.99,786.07,785.8,785.4,4.3,89.64,9.07,3.0,41.01,0.802,14.07,3.26,LANE_A,20162.0,-22.3,87.8,1.0,0,450.0,-7.02,-9.49,-6.53,-9.02,2.7,-1.22,1.51,-1.89,-0.53,22.41,-2.94,-0.04,0.059,-0.03,0.7959,1
30.5,TRAIN_M01_LADAKH_NOMINAL,TRAIN,LADAKH,CRUISE_LOITER,5295.6,2179.3,69.5,81.6,81.62,81.58,81.6,785.12,786.0,785.74,785.41,4.31,89.55,9.21,3.0,40.96,0.758,14.05,2.95,LANE_A,20161.0,-22.3,87.8,1.0,0,450.0,-6.94,-9.42,-6.46,-8.94,2.83,-1.29,1.45,-1.88,-0.52,22.38,-2.78,-0.1,0.015,-0.05,0.7949,1
30.55,TRAIN_M01_LADAKH_NOMINAL,TRAIN,LADAKH,CRUISE_LOITER,5294.6,2178.9,69.5,81.6,81.62,81.58,81.59,785.33,785.89,785.62,785.39,4.29,89.54,9.18,3.0,40.98,0.775,14.09,3.01,LANE_A,20161.0,-22.3,87.8,1.0,0,450.0,-6.92,-9.4,-6.44,-8.93,3.04,-1.4,1.33,-1.9,-0.54,22.38,-2.81,-0.08,0.033,-0.01,0.7951,1
30.6,TRAIN_M01_LADAKH_NOMINAL,TRAIN,LADAKH,CRUISE_LOITER,5296.4,2179.6,69.5,81.59,81.61,81.57,81.59,785.45,785.75,785.45,785.3,4.3,89.52,9.08,3.0,40.99,0.774,14.06,3.28,LANE_A,20160.0,-22.3,87.9,1.0,0,450.0,-6.93,-9.41,-6.45,-8.93,3.16,-1.54,1.16,-1.99,-0.53,22.36,-2.92,-0.07,0.031,-0.04,0.795,1
30.65,TRAIN_M01_LADAKH_NOMINAL,TRAIN,LADAKH,CRUISE_LOITER,5301.6,2181.7,69.5,81.59,81.6,81.55,81.58,785.57,785.62,785.63,785.41,4.31,89.38,9.11,3.0,40.95,0.669,14.08,3.42,LANE_A,20159.0,-22.3,87.9,1.0,0,450.0,-7.01,-9.5,-6.55,-9.02,3.28,-1.67,1.34,-1.88,-0.52,22.16,-2.9,-0.11,-0.074,-0.02,0.7925,1
30.7,TRAIN_M01_LADAKH_NOMINAL,TRAIN,LADAKH,CRUISE_LOITER,5303.3,2182.4,69.5,81.58,81.6,81.55,81.57,785.6,785.57,785.37,785.48,4.32,89.27,9.09,3.0,41.0,0.783,14.07,3.16,LANE_A,20158.0,-22.3,87.9,1.0,0,450.0,-7.04,-9.52,-6.57,-9.05,3.31,-1.72,1.08,-1.81,-0.51,22.03,-2.92,-0.06,0.039,-0.03,0.7907,1
30.75,TRAIN_M01_LADAKH_NOMINAL,TRAIN,LADAKH,CRUISE_LOITER,5307.5,2184.2,69.5,81.57,81.59,81.54,81.57,785.59,785.62,785.61,785.37,4.29,89.36,9.12,3.0,41.06,0.702,14.06,3.24,LANE_A,20158.0,-22.3,87.9,1.0,0,450.0,-7.12,-9.6,-6.65,-9.12,3.3,-1.67,1.32,-1.92,-0.54,22.07,-2.9,0.0,-0.042,-0.04,0.7917,1
30.8,TRAIN_M01_LADAKH_NOMINAL,TRAIN,LADAKH,CRUISE_LOITER,5314.8,2187.2,69.5,81.57,81.58,81.53,81.57,785.67,785.87,785.6,785.1,4.33,89.19,9.06,3.0,41.13,0.815,14.09,3.08,LANE_A,20157.0,-22.3,87.9,1.0,0,450.0,-7.22,-9.71,-6.76,-9.22,3.38,-1.42,1.31,-2.19,-0.5,21.82,-2.98,0.07,0.07,-0.01,0.7885,1
30.85,TRAIN_M01_LADAKH_NOMINAL,TRAIN,LADAKH,CRUISE_LOITER,5316.0,2187.6,69.5,81.57,81.58,81.52,81.56,785.68,785.87,785.2,784.79,4.34,89.11,9.12,3.0,41.02,0.714,14.08,3.46,LANE_A,20156.0,-22.3,87.9,1.0,0,450.0,-7.24,-9.73,-6.79,-9.25,3.39,-1.42,0.91,-2.5,-0.49,21.72,-2.92,-0.04,-0.032,-0.02,0.7869,1
30.9,TRAIN_M01_LADAKH_NOMINAL,TRAIN,LADAKH,CRUISE_LOITER,5313.4,2186.6,69.5,81.56,81.58,81.52,81.55,785.03,785.88,784.74,784.98,4.3,89.09,9.15,3.0,40.92,0.698,14.07,3.07,LANE_A,20155.0,-22.3,87.9,1.0,0,450.0,-7.21,-9.69,-6.75,-9.22,2.74,-1.41,0.45,-2.31,-0.53,21.73,-2.89,-0.14,-0.047,-0.03,0.7872,1
30.95,TRAIN_M01_LADAKH_NOMINAL,TRAIN,LADAKH,CRUISE_LOITER,5312.5,2186.2,69.5,81.56,81.57,81.51,81.55,784.94,785.64,784.89,784.71,4.31,89.0,9.23,3.0,40.86,0.741,14.06,3.09,LANE_A,20154.0,-22.3,87.9,1.0,0,450.0,-7.2,-9.69,-6.75,-9.21,2.65,-1.65,0.6,-2.58,-0.52,21.65,-2.81,-0.21,-0.004,-0.04,0.7859,1
31.0,TRAIN_M01_LADAKH_NOMINAL,TRAIN,LADAKH,CRUISE_LOITER,5312.9,2186.4,69.5,81.57,81.58,81.52,81.54,784.79,785.66,785.21,785.04,4.34,88.9,9.32,3.0,40.93,0.657,14.07,3.11,LANE_A,20154.0,-22.3,87.9,1.0,0,450.0,-7.2,-9.69,-6.75,-9.23,2.5,-1.63,0.92,-2.25,-0.49,21.55,-2.72,-0.14,-0.088,-0.03,0.7842,1
31.05,TRAIN_M01_LADAKH_NOMINAL,TRAIN,LADAKH,CRUISE_LOITER,5311.2,2185.7,69.5,81.56,81.57,81.52,81.54,784.7,785.78,785.59,785.09,4.33,88.63,9.2,3.0,40.89,0.714,14.05,3.23,LANE_A,20153.0,-22.3,87.9,1.0,0,450.0,-7.18,-9.67,-6.72,-9.2,2.41,-1.51,1.3,-2.2,-0.5,21.3,-2.83,-0.18,-0.031,-0.05,0.7809,1
31.1,TRAIN_M01_LADAKH_NOMINAL,TRAIN,LADAKH,CRUISE_LOITER,5302.7,2182.2,69.5,81.55,81.57,81.51,81.54,784.57,785.64,785.68,785.0,4.31,88.7,9.2,3.0,40.79,0.723,14.07,3.1,LANE_A,20152.0,-22.3,87.9,1.0,0,450.0,-7.07,-9.55,-6.61,-9.08,2.28,-1.65,1.39,-2.29,-0.52,21.46,-2.81,-0.28,-0.021,-0.03,0.7829,1
31.15,TRAIN_M01_LADAKH_NOMINAL,TRAIN,LADAKH,CRUISE_LOITER,5314.0,2186.8,69.5,81.55,81.56,81.51,81.53,784.64,785.83,785.56,785.21,4.32,88.63,9.22,3.0,40.94,0.777,14.1,3.03,LANE_A,20151.0,-22.3,88.0,1.0,0,450.0,-7.21,-9.7,-6.75,-9.23,2.35,-1.46,1.27,-2.08,-0.51,21.28,-2.82,-0.13,0.032,0.0,0.7807,1
31.2,TRAIN_M01_LADAKH_NOMINAL,TRAIN,LADAKH,CRUISE_LOITER,5316.1,2187.7,69.5,81.55,81.56,81.51,81.53,785.06,785.65,785.84,785.26,4.35,88.54,9.22,3.0,41.18,0.74,14.03,3.1,LANE_A,20150.0,-22.3,88.0,1.0,0,450.0,-7.24,-9.73,-6.78,-9.26,2.77,-1.64,1.55,-2.03,-0.48,21.17,-2.83,0.11,-0.006,-0.07,0.7791,1
31.25,TRAIN_M01_LADAKH_NOMINAL,TRAIN,LADAKH,CRUISE_LOITER,5317.5,2188.3,69.5,81.56,81.55,81.51,81.53,785.23,785.62,785.83,785.19,4.32,88.44,9.25,3.0,41.19,0.729,14.03,2.95,LANE_A,20150.0,-22.3,88.0,1.0,0,450.0,-7.25,-9.76,-6.8,-9.28,2.94,-1.67,1.54,-2.1,-0.52,21.05,-2.8,0.12,-0.017,-0.07,0.7777,1
31.3,TRAIN_M01_LADAKH_NOMINAL,TRAIN,LADAKH,CRUISE_LOITER,5314.0,2186.8,69.5,81.55,81.55,81.5,81.52,785.31,785.84,786.07,785.21,4.38,88.48,9.1,3.0,41.18,0.769,14.08,2.89,LANE_A,20149.0,-22.3,88.0,1.0,0,450.0,-7.21,-9.71,-6.76,-9.24,3.02,-1.45,1.78,-2.08,-0.45,21.13,-2.94,0.11,0.024,-0.02,0.7784,1
31.35,TRAIN_M01_LADAKH_NOMINAL,TRAIN,LADAKH,CRUISE_LOITER,5310.8,2185.5,69.5,81.55,81.55,81.5,81.52,785.04,785.58,785.74,784.92,4.35,88.53,9.14,3.0,41.02,0.715,14.08,3.42,LANE_A,20148.0,-22.3,88.0,1.0,0,450.0,-7.16,-9.66,-6.71,-9.19,2.75,-1.71,1.45,-2.37,-0.48,21.22,-2.9,-0.05,-0.03,-0.02,0.7797,1
31.4,TRAIN_M01_LADAKH_NOMINAL,TRAIN,LADAKH,CRUISE_LOITER,5312.2,2186.1,69.5,81.54,81.54,81.5,81.51,784.82,785.63,785.43,785.22,4.34,88.53,9.1,3.0,41.04,0.787,14.04,3.16,LANE_A,20147.0,-22.3,88.0,1.0,0,450.0,-7.2,-9.7,-6.74,-9.23,2.53,-1.66,1.14,-2.07,-0.49,21.2,-2.94,-0.04,0.042,-0.06,0.7797,1
31.45,TRAIN_M01_LADAKH_NOMINAL,TRAIN,LADAKH,CRUISE_LOITER,5300.5,2181.3,69.5,81.54,81.53,81.49,81.51,784.79,785.2,785.34,785.16,4.37,88.48,9.1,3.0,40.96,0.776,14.08,3.38,LANE_A,20146.0,-22.3,88.0,1.0,0,450.0,-7.02,-9.53,-6.57,-9.05,2.5,-2.09,1.05,-2.13,-0.46,21.29,-2.91,-0.12,0.033,-0.02,0.7801,1
31.5,TRAIN_M01_LADAKH_NOMINAL,TRAIN,LADAKH,CRUISE_LOITER,5298.6,2180.5,69.5,81.53,81.53,81.48,81.5,784.94,785.61,785.03,784.97,4.37,88.58,9.15,3.0,40.96,0.742,14.07,3.37,LANE_A,20146.0,-22.3,88.0,1.0,0,450.0,-7.01,-9.51,-6.56,-9.04,2.65,-1.68,0.74,-2.32,-0.46,21.41,-2.86,-0.12,-0.001,-0.03,0.7817,1
31.55,TRAIN_M01_LADAKH_NOMINAL,TRAIN,LADAKH,CRUISE_LOITER,5295.6,2179.3,69.5,81.52,81.52,81.48,81.49,785.34,785.69,784.57,784.81,4.38,88.62,9.15,3.0,41.08,0.779,14.05,3.38,LANE_A,20145.0,-22.3,88.0,1.0,0,450.0,-6.97,-9.47,-6.51,-9.0,3.05,-1.6,0.28,-2.48,-0.45,21.49,-2.85,0.0,0.036,-0.05,0.7826,1
31.6,TRAIN_M01_LADAKH_NOMINAL,TRAIN,LADAKH,CRUISE_LOITER,5298.1,2180.3,69.5,81.51,81.52,81.47,81.49,785.29,785.75,784.96,784.89,4.32,88.72,9.08,3.0,41.03,0.728,14.08,3.45,LANE_A,20144.0,-22.3,88.0,1.0,0,450.0,-7.02,-9.51,-6.56,-9.04,3.0,-1.54,0.67,-2.4,-0.51,21.56,-2.93,-0.05,-0.015,-0.02,0.7843,1
31.65,TRAIN_M01_LADAKH_NOMINAL,TRAIN,LADAKH,CRUISE_LOITER,5295.7,2179.3,69.5,81.5,81.52,81.47,81.49,785.1,785.43,784.98,784.9,4.34,88.81,9.22,3.0,41.12,0.735,14.09,3.26,LANE_A,20143.0,-22.3,88.0,1.0,0,450.0,-7.0,-9.48,-6.53,-9.01,2.81,-1.86,0.69,-2.39,-0.49,21.67,-2.78,0.04,-0.008,-0.01,0.7853,1
31.7,TRAIN_M01_LADAKH_NOMINAL,TRAIN,LADAKH,CRUISE_LOITER,5289.8,2176.9,69.5,81.5,81.52,81.47,81.49,785.07,784.88,784.98,784.87,4.36,88.84,9.3,3.0,41.01,0.787,14.08,2.96,LANE_A,20142.0,-22.3,88.1,1.0,0,450.0,-6.88,-9.36,-6.41,-8.89,2.78,-2.41,0.69,-2.42,-0.47,21.79,-2.69,-0.07,0.045,-0.02,0.7863,1
31.75,TRAIN_M01_LADAKH_NOMINAL,TRAIN,LADAKH,CRUISE_LOITER,5294.1,2178.7,69.5,81.49,81.51,81.46,81.48,785.18,784.85,785.04,784.85,4.37,88.81,9.25,3.0,41.14,0.677,14.07,3.32,LANE_A,20141.0,-22.3,88.1,1.0,0,450.0,-6.96,-9.44,-6.49,-8.97,2.89,-2.44,0.75,-2.44,-0.46,21.71,-2.75,0.06,-0.065,-0.03,0.7855,1
31.8,TRAIN_M01_LADAKH_NOMINAL,TRAIN,LADAKH,CRUISE_LOITER,5294.6,2178.8,69.5,81.49,81.5,81.46,81.48,785.12,785.21,785.31,784.69,4.32,88.88,9.24,3.0,41.2,0.743,14.04,3.27,LANE_A,20141.0,-22.3,88.1,1.0,0,450.0,-6.97,-9.46,-6.5,-8.98,2.83,-2.08,1.02,-2.6,-0.51,21.78,-2.76,0.12,0.001,-0.06,0.7869,1
31.85,TRAIN_M01_LADAKH_NOMINAL,TRAIN,LADAKH,CRUISE_LOITER,5291.4,2177.5,69.5,81.48,81.49,81.45,81.47,785.13,785.12,785.25,784.71,4.31,88.76,9.22,3.0,40.9,0.718,14.06,3.15,LANE_A,20140.0,-22.3,88.1,1.0,0,450.0,-6.93,-9.42,-6.46,-8.94,2.84,-2.17,0.96,-2.58,-0.52,21.69,-2.78,-0.19,-0.024,-0.04,0.7856,1
31.9,TRAIN_M01_LADAKH_NOMINAL,TRAIN,LADAKH,CRUISE_LOITER,5291.8,2177.7,69.5,81.47,81.48,81.44,81.46,785.58,785.3,785.45,784.79,4.38,88.66,9.14,3.0,40.98,0.755,14.09,3.14,LANE_A,20139.0,-22.3,88.1,1.0,0,450.0,-6.95,-9.44,-6.48,-8.96,3.29,-1.99,1.16,-2.5,-0.45,21.59,-2.86,-0.11,0.013,-0.01,0.7839,1
31.95,TRAIN_M01_LADAKH_NOMINAL,TRAIN,LADAKH,CRUISE_LOITER,5294.8,2178.9,69.5,81.47,81.48,81.44,81.46,785.39,784.81,785.27,784.95,4.38,88.69,9.21,3.0,41.08,0.707,14.05,3.1,LANE_A,20138.0,-22.3,88.1,1.0,0,450.0,-6.99,-9.48,-6.52,-9.0,3.1,-2.48,0.98,-2.34,-0.45,21.58,-2.79,-0.01,-0.035,-0.05,0.7838,1
32.0,TRAIN_M01_LADAKH_NOMINAL,TRAIN,LADAKH,CRUISE_LOITER,5305.0,2183.1,69.5,81.46,81.48,81.44,81.45,785.55,784.7,785.75,784.68,4.35,88.74,9.28,3.0,40.99,0.716,14.03,3.29,LANE_A,20137.0,-22.3,88.1,1.0,0,450.0,-7.15,-9.63,-6.67,-9.16,3.26,-2.59,1.46,-2.61,-0.48,21.51,-2.75,-0.1,-0.028,-0.07,0.7834,1
32.05,TRAIN_M01_LADAKH_NOMINAL,TRAIN,LADAKH,CRUISE_LOITER,5298.8,2180.6,69.5,81.46,81.48,81.44,81.45,785.66,784.73,785.76,784.71,4.35,88.78,9.25,3.0,41.04,0.711,14.1,2.88,LANE_A,20137.0,-22.3,88.1,1.0,0,450.0,-7.06,-9.54,-6.58,-9.07,3.37,-2.56,1.47,-2.58,-0.48,21.62,-2.76,-0.05,-0.032,0.0,0.7847,1
32.1,TRAIN_M01_LADAKH_NOMINAL,TRAIN,LADAKH,CRUISE_LOITER,5298.1,2180.3,69.5,81.46,81.48,81.44,81.44,785.93,784.88,785.99,784.93,4.32,88.73,9.23,3.0,41.13,0.815,14.06,3.38,LANE_A,20136.0,-22.2,88.1,1.0,0,450.0,-7.14,-9.62,-6.66,-9.16,3.62,-2.43,1.68,-2.38,-0.51,21.49,-2.78,0.04,0.072,-0.04,0.7835,1
32.15,TRAIN_M01_LADAKH_NOMINAL,TRAIN,LADAKH,CRUISE_LOITER,5303.4,2182.5,69.5,81.45,81.47,81.43,81.44,785.48,785.07,785.34,784.78,4.35,88.76,9.2,3.0,41.19,0.728,14.04,3.21,LANE_A,20135.0,-22.2,88.1,1.0,0,450.0,-7.23,-9.71,-6.75,-9.24,3.17,-2.24,1.03,-2.53,-0.48,21.45,-2.82,0.1,-0.016,-0.06,0.7829,1
32.2,TRAIN_M01_LADAKH_NOMINAL,TRAIN,LADAKH,CRUISE_LOITER,5304.0,2182.7,69.5,81.44,81.46,81.42,81.44,785.39,785.1,785.56,784.77,4.36,88.79,9.07,3.0,41.12,0.711,14.06,3.18,LANE_A,20134.0,-22.2,88.1,1.0,0,450.0,-7.25,-9.73,-6.77,-9.25,3.08,-2.21,1.25,-2.54,-0.47,21.48,-2.95,0.03,-0.033,-0.04,0.7836,1
32.25,TRAIN_M01_LADAKH_NOMINAL,TRAIN,LADAKH,CRUISE_LOITER,5303.0,2182.3,69.5,81.43,81.46,81.42,81.43,785.75,785.02,785.12,784.89,4.34,88.75,9.05,3.0,41.01,0.74,14.07,3.06,LANE_A,20133.0,-22.2,88.1,1.0,0,450.0,-7.25,-9.72,-6.76,-9.25,3.44,-2.29,0.81,-2.42,-0.49,21.45,-2.97,-0.09,-0.004,-0.03,0.7833,1
32.3,TRAIN_M01_LADAKH_NOMINAL,TRAIN,LADAKH,CRUISE_LOITER,5306.5,2183.7,69.5,81.42,81.45,81.41,81.42,785.68,785.3,784.97,784.98,4.37,88.73,9.08,3.0,41.04,0.739,14.06,3.15,LANE_A,20132.0,-22.2,88.2,1.0,0,450.0,-7.28,-9.75,-6.79,-9.28,3.37,-2.01,0.66,-2.33,-0.46,21.41,-2.95,-0.06,-0.005,-0.04,0.7826,1
32.35,TRAIN_M01_LADAKH_NOMINAL,TRAIN,LADAKH,CRUISE_LOITER,5310.0,2185.2,69.5,81.42,81.45,81.4,81.42,785.42,785.62,785.09,784.94,4.37,88.92,9.08,3.0,41.09,0.751,14.06,3.32,LANE_A,20131.0,-22.2,88.2,1.0,0,450.0,-7.33,-9.8,-6.85,-9.33,3.11,-1.69,0.78,-2.37,-0.46,21.56,-2.96,-0.01,0.006,-0.04,0.7848,1
32.4,TRAIN_M01_LADAKH_NOMINAL,TRAIN,LADAKH,CRUISE_LOITER,5304.0,2182.7,69.5,81.41,81.44,81.4,81.41,785.7,785.72,784.63,784.93,4.27,88.88,9.01,3.0,41.03,0.712,14.04,3.06,LANE_A,20131.0,-22.2,88.2,1.0,0,450.0,-7.26,-9.73,-6.77,-9.26,3.39,-1.59,0.32,-2.38,-0.56,21.59,-3.01,-0.07,-0.032,-0.06,0.7859,1
32.45,TRAIN_M01_LADAKH_NOMINAL,TRAIN,LADAKH,CRUISE_LOITER,5307.2,2184.0,69.5,81.4,81.43,81.39,81.41,785.65,785.61,785.27,785.2,4.31,88.84,9.03,3.0,41.15,0.809,14.04,3.06,LANE_A,20130.0,-22.2,88.2,1.0,0,450.0,-7.31,-9.78,-6.82,-9.3,3.34,-1.7,0.96,-2.11,-0.52,21.51,-3.0,0.05,0.065,-0.06,0.7846,1
32.5,TRAIN_M01_LADAKH_NOMINAL,TRAIN,LADAKH,CRUISE_LOITER,5309.6,2185.0,69.5,81.39,81.42,81.38,81.41,785.68,785.41,785.51,785.22,4.35,88.81,9.12,3.0,41.12,0.698,14.07,3.16,LANE_A,20129.0,-22.2,88.2,1.0,0,450.0,-7.36,-9.83,-6.87,-9.34,3.37,-1.9,1.2,-2.09,-0.48,21.45,-2.92,0.02,-0.047,-0.03,0.7835,1
32.55,TRAIN_M01_LADAKH_NOMINAL,TRAIN,LADAKH,CRUISE_LOITER,5310.8,2185.5,69.5,81.39,81.42,81.37,81.39,785.77,785.27,785.77,785.36,4.33,88.85,9.1,3.0,41.17,0.704,14.09,3.26,LANE_A,20128.0,-22.2,88.2,1.0,0,450.0,-7.38,-9.85,-6.9,-9.38,3.46,-2.04,1.46,-1.95,-0.5,21.48,-2.94,0.07,-0.041,-0.01,0.7841,1
32.6,TRAIN_M01_LADAKH_NOMINAL,TRAIN,LADAKH,CRUISE_LOITER,5309.2,2184.8,69.5,81.37,81.41,81.37,81.39,785.85,785.19,785.26,785.69,4.33,88.85,9.06,3.0,41.11,0.738,14.09,3.14,LANE_A,20127.0,-22.2,88.2,1.0,0,450.0,-7.38,-9.84,-6.88,-9.36,3.54,-2.12,0.95,-1.62,-0.5,21.49,-2.98,0.01,-0.007,-0.01,0.7843,1
32.65,TRAIN_M01_LADAKH_NOMINAL,TRAIN,LADAKH,CRUISE_LOITER,5312.5,2186.2,69.5,81.37,81.41,81.37,81.38,785.49,785.01,785.4,785.81,4.37,88.83,9.18,3.0,41.11,0.77,14.07,3.31,LANE_A,20126.0,-22.2,88.2,1.0,0,450.0,-7.42,-9.88,-6.92,-9.41,3.18,-2.3,1.09,-1.5,-0.46,21.43,-2.87,0.0,0.025,-0.03,0.7831,1
32.7,TRAIN_M01_LADAKH_NOMINAL,TRAIN,LADAKH,CRUISE_LOITER,5310.0,2185.2,69.5,81.37,81.4,81.37,81.38,785.71,784.92,785.69,785.82,4.3,88.79,9.18,3.0,41.12,0.689,14.08,3.1,LANE_A,20125.0,-22.2,88.2,1.0,0,450.0,-7.39,-9.86,-6.89,-9.38,3.4,-2.39,1.38,-1.49,-0.53,21.42,-2.86,0.01,-0.056,-0.02,0.7834,1
32.75,TRAIN_M01_LADAKH_NOMINAL,TRAIN,LADAKH,CRUISE_LOITER,5310.7,2185.5,69.5,81.37,81.4,81.36,81.37,785.54,784.72,785.47,785.92,4.3,88.76,9.27,3.0,41.09,0.713,14.07,3.26,LANE_A,20125.0,-22.2,88.2,1.0,0,450.0,-7.4,-9.87,-6.91,-9.4,3.23,-2.59,1.16,-1.39,-0.53,21.39,-2.77,-0.02,-0.032,-0.03,0.7829,1
32.8,TRAIN_M01_LADAKH_NOMINAL,TRAIN,LADAKH,CRUISE_LOITER,5311.0,2185.6,69.5,81.36,81.4,81.37,81.37,785.41,784.94,785.61,785.69,4.32,88.76,9.25,3.0,41.08,0.721,14.07,3.21,LANE_A,20124.0,-22.2,88.2,1.0,0,450.0,-7.41,-9.87,-6.9,-9.4,3.1,-2.37,1.3,-1.62,-0.51,21.38,-2.79,-0.03,-0.024,-0.03,0.7826,1
32.85,TRAIN_M01_LADAKH_NOMINAL,TRAIN,LADAKH,CRUISE_LOITER,5309.9,2185.2,69.5,81.36,81.39,81.37,81.36,785.42,784.88,785.27,785.56,4.36,88.63,9.19,3.0,41.05,0.77,14.08,3.17,LANE_A,20123.0,-22.2,88.3,1.0,0,450.0,-7.37,-9.84,-6.86,-9.37,3.11,-2.43,0.96,-1.75,-0.47,21.28,-2.85,-0.06,0.025,-0.02,0.7809,1
32.9,TRAIN_M01_LADAKH_NOMINAL,TRAIN,LADAKH,CRUISE_LOITER,5308.1,2184.4,69.5,81.36,81.39,81.36,81.36,785.11,784.82,785.23,785.76,4.34,88.43,9.11,3.0,41.05,0.691,14.05,3.23,LANE_A,20122.0,-22.2,88.3,1.0,0,450.0,-7.35,-9.82,-6.85,-9.35,2.8,-2.49,0.92,-1.55,-0.49,21.11,-2.93,-0.06,-0.053,-0.05,0.7788,1
32.95,TRAIN_M01_LADAKH_NOMINAL,TRAIN,LADAKH,CRUISE_LOITER,5299.5,2180.9,69.5,81.36,81.38,81.36,81.35,785.25,784.76,785.09,785.62,4.33,88.29,9.12,3.0,41.16,0.748,14.09,3.27,LANE_A,20121.0,-22.2,88.3,1.0,0,450.0,-7.22,-9.7,-6.72,-9.23,2.94,-2.55,0.78,-1.69,-0.5,21.06,-2.9,0.05,0.005,-0.01,0.7777,1
33.0,TRAIN_M01_LADAKH_NOMINAL,TRAIN,LADAKH,CRUISE_LOITER,5300.6,2181.3,69.5,81.35,81.37,81.36,81.35,785.36,784.92,785.06,785.44,4.34,88.16,9.24,3.0,41.03,0.73,14.05,3.04,LANE_A,20120.0,-22.2,88.3,1.0,0,450.0,-7.25,-9.73,-6.74,-9.25,3.05,-2.39,0.75,-1.87,-0.49,20.92,-2.78,-0.08,-0.013,-0.05,0.7755,1
33.05,TRAIN_M01_LADAKH_NOMINAL,TRAIN,LADAKH,CRUISE_LOITER,5295.7,2179.3,69.6,81.35,81.36,81.35,81.34,785.07,784.82,785.6,785.24,4.36,88.07,9.17,3.0,41.03,0.772,14.09,3.17,LANE_A,20119.0,-22.2,88.3,1.0,0,450.0,-7.19,-9.68,-6.69,-9.2,2.83,-2.42,1.36,-2.0,-0.47,20.88,-2.84,-0.09,0.029,-0.01,0.7747,1
33.1,TRAIN_M01_LADAKH_NOMINAL,TRAIN,LADAKH,CRUISE_LOITER,5301.9,2181.8,69.6,81.34,81.36,81.35,81.34,785.11,784.56,785.74,785.14,4.38,88.09,9.13,3.0,41.0,0.713,14.06,2.98,LANE_A,20118.0,-22.2,88.3,1.0,0,450.0,-7.29,-9.77,-6.78,-9.29,2.87,-2.68,1.5,-2.1,-0.45,20.83,-2.9,-0.12,-0.031,-0.04,0.7742,1
33.15,TRAIN_M01_LADAKH_NOMINAL,TRAIN,LADAKH,CRUISE_LOITER,5304.3,2182.9,69.6,81.34,81.35,81.35,81.34,784.89,784.32,785.57,785.17,4.35,87.95,9.16,3.0,40.96,0.773,14.07,3.05,LANE_A,20118.0,-22.2,88.3,1.0,0,450.0,-7.32,-9.81,-6.81,-9.32,2.65,-2.92,1.33,-2.07,-0.48,20.66,-2.87,-0.16,0.029,-0.03,0.772,1
33.2,TRAIN_M01_LADAKH_NOMINAL,TRAIN,LADAKH,CRUISE_LOITER,5308.8,2184.7,69.6,81.33,81.34,81.35,81.33,785.18,784.69,785.57,785.11,4.37,87.97,9.12,3.0,41.07,0.712,14.05,3.13,LANE_A,20117.0,-22.2,88.3,1.0,0,450.0,-7.4,-9.89,-6.88,-9.4,2.94,-2.55,1.33,-2.13,-0.46,20.63,-2.92,-0.06,-0.033,-0.05,0.7718,1
33.25,TRAIN_M01_LADAKH_NOMINAL,TRAIN,LADAKH,CRUISE_LOITER,5297.3,2180.0,69.6,81.33,81.34,81.34,81.33,785.65,784.54,785.25,785.26,4.36,87.82,9.11,3.0,40.95,0.741,14.07,3.55,LANE_A,20116.0,-22.2,88.3,1.0,0,450.0,-7.23,-9.72,-6.72,-9.23,3.41,-2.7,1.01,-1.98,-0.47,20.61,-2.91,-0.18,-0.002,-0.03,0.771,1
33.3,TRAIN_M01_LADAKH_NOMINAL,TRAIN,LADAKH,CRUISE_LOITER,5294.8,2178.9,69.6,81.32,81.34,81.34,81.32,785.52,784.69,785.26,785.44,4.39,87.84,9.06,3.0,40.96,0.73,14.07,3.3,LANE_A,20115.0,-22.2,88.3,1.0,0,450.0,-7.21,-9.69,-6.69,-9.21,3.28,-2.55,1.02,-1.8,-0.44,20.66,-2.95,-0.17,-0.012,-0.03,0.7715,1
33.35,TRAIN_M01_LADAKH_NOMINAL,TRAIN,LADAKH,CRUISE_LOITER,5302.0,2181.9,69.6,81.31,81.33,81.33,81.32,785.62,784.86,785.51,785.31,4.4,87.88,9.05,3.0,41.1,0.797,14.06,3.03,LANE_A,20114.0,-22.2,88.3,1.0,0,450.0,-7.32,-9.8,-6.8,-9.31,3.38,-2.38,1.27,-1.93,-0.43,20.62,-2.98,-0.03,0.053,-0.04,0.7713,1
33.4,TRAIN_M01_LADAKH_NOMINAL,TRAIN,LADAKH,CRUISE_LOITER,5303.1,2182.3,69.6,81.3,81.33,81.33,81.32,785.3,784.68,785.21,785.73,4.36,87.89,9.05,3.0,41.06,0.702,14.06,3.1,LANE_A,20113.0,-22.2,88.4,1.0,0,450.0,-7.32,-9.79,-6.79,-9.3,3.06,-2.56,0.97,-1.51,-0.47,20.63,-2.98,-0.07,-0.042,-0.04,0.7717,1
33.45,TRAIN_M01_LADAKH_NOMINAL,TRAIN,LADAKH,CRUISE_LOITER,5308.4,2184.5,69.6,81.29,81.32,81.32,81.31,785.53,784.9,785.45,785.71,4.36,87.85,9.08,3.0,41.19,0.714,14.05,3.09,LANE_A,20112.0,-22.2,88.4,1.0,0,450.0,-7.41,-9.88,-6.88,-9.39,3.29,-2.34,1.21,-1.53,-0.47,20.53,-2.97,0.06,-0.031,-0.05,0.7705,1
33.5,TRAIN_M01_LADAKH_NOMINAL,TRAIN,LADAKH,CRUISE_LOITER,5316.7,2188.0,69.6,81.29,81.32,81.31,81.31,785.42,784.86,785.36,786.02,4.4,87.85,9.02,3.0,41.23,0.722,14.05,3.34,LANE_A,20111.0,-22.2,88.4,1.0,0,450.0,-7.53,-10.0,-7.01,-9.51,3.18,-2.38,1.12,-1.22,-0.43,20.43,-3.05,0.1,-0.024,-0.05,0.7692,1
33.55,TRAIN_M01_LADAKH_NOMINAL,TRAIN,LADAKH,CRUISE_LOITER,5311.7,2185.9,69.6,81.28,81.32,81.31,81.3,785.5,784.96,785.27,785.58,4.38,87.81,9.15,3.0,41.18,0.736,14.05,3.24,LANE_A,20110.0,-22.2,88.4,1.0,0,450.0,-7.47,-9.93,-6.94,-9.45,3.26,-2.28,1.03,-1.66,-0.45,20.45,-2.9,0.04,-0.009,-0.05,0.7692,1
33.6,TRAIN_M01_LADAKH_NOMINAL,TRAIN,LADAKH,CRUISE_LOITER,5311.9,2186.0,69.6,81.28,81.32,81.31,81.29,785.64,784.81,785.16,785.49,4.41,87.82,9.2,3.0,41.07,0.688,14.07,3.41,LANE_A,20110.0,-22.2,88.4,1.0,0,450.0,-7.47,-9.93,-6.94,-9.46,3.4,-2.43,0.92,-1.75,-0.42,20.46,-2.86,-0.07,-0.057,-0.03,0.7691,1
33.65,TRAIN_M01_LADAKH_NOMINAL,TRAIN,LADAKH,CRUISE_LOITER,5313.1,2186.5,69.6,81.28,81.32,81.3,81.29,785.35,784.71,784.98,785.62,4.34,87.83,9.14,3.0,40.98,0.734,14.08,3.11,LANE_A,20109.0,-22.2,88.4,1.0,0,450.0,-7.49,-9.95,-6.97,-9.48,3.11,-2.53,0.74,-1.62,-0.49,20.45,-2.92,-0.16,-0.011,-0.02,0.7696,1
33.7,TRAIN_M01_LADAKH_NOMINAL,TRAIN,LADAKH,CRUISE_LOITER,5317.5,2188.3,69.6,81.27,81.31,81.3,81.29,785.1,784.91,784.9,785.97,4.39,87.98,9.1,3.0,41.08,0.782,14.06,3.31,LANE_A,20108.0,-22.1,88.4,1.0,0,450.0,-7.66,-10.12,-7.13,-9.64,2.84,-2.35,0.64,-1.29,-0.44,20.46,-2.96,-0.06,0.036,-0.04,0.77,1
33.75,TRAIN_M01_LADAKH_NOMINAL,TRAIN,LADAKH,CRUISE_LOITER,5312.3,2186.1,69.6,81.27,81.31,81.3,81.28,785.12,785.16,785.19,785.83,4.36,88.0,9.16,3.0,41.07,0.731,14.04,3.04,LANE_A,20107.0,-22.1,88.4,1.0,0,450.0,-7.58,-10.04,-7.05,-9.57,2.86,-2.1,0.93,-1.43,-0.47,20.54,-2.89,-0.07,-0.014,-0.06,0.771,1
33.8,TRAIN_M01_LADAKH_NOMINAL,TRAIN,LADAKH,CRUISE_LOITER,5309.8,2185.1,69.6,81.27,81.31,81.29,81.28,785.38,785.22,785.0,785.94,4.37,88.0,9.15,3.0,41.2,0.771,14.07,3.05,LANE_A,20106.0,-22.1,88.4,1.0,0,450.0,-7.55,-10.01,-7.03,-9.54,3.12,-2.04,0.74,-1.32,-0.46,20.57,-2.9,0.06,0.026,-0.03,0.7713,1
33.85,TRAIN_M01_LADAKH_NOMINAL,TRAIN,LADAKH,CRUISE_LOITER,5309.8,2185.1,69.6,81.26,81.31,81.29,81.28,785.71,785.37,785.06,786.06,4.35,88.03,9.15,3.0,41.11,0.714,14.05,3.32,LANE_A,20105.0,-22.1,88.4,1.0,0,450.0,-7.56,-10.01,-7.03,-9.54,3.45,-1.89,0.8,-1.2,-0.48,20.6,-2.9,-0.03,-0.031,-0.05,0.7719,1
33.9,TRAIN_M01_LADAKH_NOMINAL,TRAIN,LADAKH,CRUISE_LOITER,5316.1,2187.7,69.6,81.26,81.3,81.29,81.27,785.6,785.31,784.99,785.77,4.38,88.04,9.12,3.0,41.12,0.744,14.06,3.48,LANE_A,20104.0,-22.1,88.4,1.0,0,450.0,-7.65,-10.11,-7.12,-9.64,3.34,-1.95,0.73,-1.49,-0.45,20.53,-2.94,-0.02,-0.002,-0.04,0.771,1
33.95,TRAIN_M01_LADAKH_NOMINAL,TRAIN,LADAKH,CRUISE_LOITER,5311.0,2185.6,69.6,81.26,81.3,81.28,81.27,785.53,785.27,784.79,785.73,4.34,88.01,9.16,3.0,41.18,0.729,14.04,3.15,LANE_A,20103.0,-22.1,88.4,1.0,0,450.0,-7.58,-10.04,-7.06,-9.57,3.27,-1.99,0.53,-1.53,-0.49,20.56,-2.89,0.03,-0.016,-0.06,0.7714,1
34.0,TRAIN_M01_LADAKH_NOMINAL,TRAIN,LADAKH,CRUISE_LOITER,5312.5,2186.2,69.6,81.25,81.3,81.28,81.26,785.17,785.37,784.44,785.66,4.38,87.96,9.09,3.0,41.16,0.698,14.06,3.16,LANE_A,20102.0,-22.1,88.5,1.0,0,450.0,-7.58,-10.03,-7.05,-9.57,2.91,-1.89,0.18,-1.6,-0.45,20.51,-2.97,0.01,-0.047,-0.04,0.7705,1
34.05,TRAIN_M01_LADAKH_NOMINAL,TRAIN,LADAKH,CRUISE_LOITER,5314.3,2187.0,69.7,81.25,81.29,81.28,81.26,785.27,785.67,784.68,785.47,4.36,88.0,9.07,3.0,41.29,0.729,14.05,2.96,LANE_A,20101.0,-22.1,88.5,1.0,0,450.0,-7.62,-10.08,-7.09,-9.61,3.08,-1.52,0.49,-1.72,-0.47,20.52,-2.99,0.13,-0.016,-0.05,0.771,1
34.1,TRAIN_M01_LADAKH_NOMINAL,TRAIN,LADAKH,CRUISE_LOITER,5311.0,2185.6,69.7,81.25,81.29,81.28,81.26,785.25,785.65,785.0,785.37,4.4,88.04,9.13,3.0,41.41,0.751,14.04,3.25,LANE_A,20100.0,-22.1,88.5,1.0,0,450.0,-7.57,-10.03,-7.04,-9.56,3.06,-1.54,0.81,-1.82,-0.43,20.6,-2.93,0.25,0.006,-0.06,0.7716,1
34.15,TRAIN_M01_LADAKH_NOMINAL,TRAIN,LADAKH,CRUISE_LOITER,5316.8,2188.0,69.7,81.25,81.29,81.28,81.25,784.99,785.57,784.92,784.87,4.37,87.98,9.17,3.0,41.31,0.738,14.06,3.1,LANE_A,20100.0,-22.1,88.5,1.0,0,450.0,-7.66,-10.12,-7.13,-9.66,2.8,-1.62,0.73,-2.32,-0.46,20.47,-2.9,0.15,-0.008,-0.04,0.7702,1
34.2,TRAIN_M01_LADAKH_NOMINAL,TRAIN,LADAKH,CRUISE_LOITER,5314.8,2187.2,69.7,81.25,81.28,81.28,81.25,784.7,785.69,784.79,785.03,4.39,88.09,9.14,3.0,41.22,0.753,14.05,3.34,LANE_A,20099.0,-22.1,88.5,1.0,0,450.0,-7.63,-10.1,-7.1,-9.63,2.51,-1.5,0.6,-2.16,-0.44,20.61,-2.93,0.06,0.008,-0.05,0.772,1
34.25,TRAIN_M01_LADAKH_NOMINAL,TRAIN,LADAKH,CRUISE_LOITER,5317.1,2188.1,69.7,81.25,81.28,81.28,81.24,784.81,785.74,784.38,784.98,4.36,88.04,9.13,3.0,41.13,0.867,14.06,3.19,LANE_A,20098.0,-22.1,88.5,1.0,0,450.0,-7.66,-10.13,-7.13,-9.67,2.62,-1.45,0.19,-2.21,-0.47,20.53,-2.94,-0.03,0.121,-0.04,0.7714,1
34.3,TRAIN_M01_LADAKH_NOMINAL,TRAIN,LADAKH,CRUISE_LOITER,5320.6,2189.5,69.7,81.24,81.27,81.28,81.24,785.12,785.77,783.97,785.45,4.42,88.04,9.13,3.0,41.0,0.706,14.07,3.22,LANE_A,20097.0,-22.1,88.5,1.0,0,450.0,-7.72,-10.19,-7.18,-9.72,2.93,-1.42,-0.22,-1.74,-0.41,20.49,-2.95,-0.16,-0.04,-0.03,0.7704,1
34.35,TRAIN_M01_LADAKH_NOMINAL,TRAIN,LADAKH,CRUISE_LOITER,5316.5,2187.9,69.7,81.24,81.27,81.27,81.23,784.98,785.74,784.27,785.1,4.35,88.02,9.09,3.0,40.94,0.77,14.07,3.27,LANE_A,20096.0,-22.1,88.5,1.0,0,450.0,-7.66,-10.13,-7.13,-9.67,2.79,-1.45,0.08,-2.09,-0.48,20.52,-2.98,-0.22,0.024,-0.03,0.7712,1
34.4,TRAIN_M01_LADAKH_NOMINAL,TRAIN,LADAKH,CRUISE_LOITER,5311.6,2185.8,69.7,81.23,81.27,81.26,81.23,784.87,785.73,784.66,785.13,4.39,88.01,9.03,3.0,41.05,0.697,14.05,3.03,LANE_A,20095.0,-22.1,88.5,1.0,0,450.0,-7.6,-10.06,-7.07,-9.6,2.68,-1.46,0.47,-2.06,-0.44,20.56,-3.03,-0.11,-0.048,-0.05,0.7714,1
34.45,TRAIN_M01_LADAKH_NOMINAL,TRAIN,LADAKH,CRUISE_LOITER,5321.3,2189.8,69.7,81.23,81.26,81.26,81.22,784.72,786.08,784.7,785.0,4.36,87.99,9.07,3.0,41.09,0.795,14.07,3.18,LANE_A,20094.0,-22.1,88.5,1.0,0,450.0,-7.75,-10.22,-7.22,-9.76,2.53,-1.11,0.51,-2.19,-0.47,20.43,-3.01,-0.08,0.049,-0.03,0.7702,1
34.5,TRAIN_M01_LADAKH_NOMINAL,TRAIN,LADAKH,CRUISE_LOITER,5320.2,2189.4,69.7,81.23,81.26,81.25,81.22,784.68,786.09,784.83,784.94,4.38,87.98,9.09,3.0,41.09,0.774,14.09,3.33,LANE_A,20093.0,-22.1,88.5,1.0,0,450.0,-7.73,-10.2,-7.21,-9.74,2.49,-1.1,0.64,-2.25,-0.45,20.43,-2.99,-0.08,0.028,-0.01,0.7699,1
34.55,TRAIN_M01_LADAKH_NOMINAL,TRAIN,LADAKH,CRUISE_LOITER,5330.1,2193.4,69.7,81.23,81.26,81.25,81.22,784.94,786.36,785.05,785.27,4.42,88.08,9.12,3.0,41.19,0.745,14.08,3.41,LANE_A,20092.0,-22.1,88.5,1.0,0,450.0,-7.88,-10.35,-7.36,-9.89,2.75,-0.83,0.86,-1.92,-0.42,20.41,-2.98,0.02,-0.003,-0.02,0.7699,1
34.6,TRAIN_M01_LADAKH_NOMINAL,TRAIN,LADAKH,CRUISE_LOITER,5331.3,2193.9,69.7,81.23,81.26,81.24,81.21,785.13,785.93,785.29,785.08,4.38,88.08,9.14,3.0,41.34,0.768,14.06,2.86,LANE_A,20091.0,-22.1,88.6,1.0,0,450.0,-7.87,-10.34,-7.36,-9.89,2.94,-1.26,1.1,-2.11,-0.46,20.42,-2.97,0.17,0.02,-0.04,0.7703,1
34.65,TRAIN_M01_LADAKH_NOMINAL,TRAIN,LADAKH,CRUISE_LOITER,5333.1,2194.7,69.7,81.22,81.26,81.25,81.21,785.12,786.18,784.79,784.72,4.35,88.13,9.12,3.0,41.24,0.722,14.08,3.15,LANE_A,20090.0,-22.1,88.6,1.0,0,450.0,-7.91,-10.37,-7.38,-9.92,2.93,-1.01,0.6,-2.47,-0.49,20.45,-2.99,0.07,-0.026,-0.02,0.7711,1
34.7,TRAIN_M01_LADAKH_NOMINAL,TRAIN,LADAKH,CRUISE_LOITER,5334.2,2195.1,69.7,81.22,81.25,81.25,81.21,785.18,786.37,784.69,784.83,4.37,88.27,9.15,3.0,41.29,0.728,14.03,2.87,LANE_A,20089.0,-22.1,88.6,1.0,0,450.0,-7.92,-10.39,-7.39,-9.93,2.99,-0.82,0.5,-2.36,-0.47,20.58,-2.96,0.12,-0.02,-0.07,0.7728,1
34.75,TRAIN_M01_LADAKH_NOMINAL,TRAIN,LADAKH,CRUISE_LOITER,5333.8,2195.0,69.8,81.22,81.26,81.24,81.2,785.1,786.06,784.7,784.87,4.38,88.29,9.17,3.0,41.31,0.771,14.07,3.3,LANE_A,20088.0,-22.1,88.6,1.0,0,450.0,-7.93,-10.39,-7.41,-9.95,2.97,-1.07,0.57,-2.26,-0.46,20.59,-2.95,0.13,0.023,-0.03,0.7729,1
34.8,TRAIN_M01_LADAKH_NOMINAL,TRAIN,LADAKH,CRUISE_LOITER,5335.5,2195.7,69.8,81.22,81.25,81.25,81.21,785.33,785.65,784.68,785.16,4.35,88.26,9.23,3.0,41.31,0.719,14.08,3.4,LANE_A,20088.0,-22.1,88.6,1.0,0,450.0,-7.95,-10.42,-7.42,-9.96,3.2,-1.48,0.55,-1.97,-0.49,20.54,-2.89,0.13,-0.03,-0.02,0.7723,1
34.85,TRAIN_M01_LADAKH_NOMINAL,TRAIN,LADAKH,CRUISE_LOITER,5333.4,2194.8,69.8,81.23,81.26,81.25,81.21,785.47,785.02,784.69,785.09,4.39,88.3,9.28,3.0,41.26,0.724,14.09,3.26,LANE_A,20087.0,-22.1,88.6,1.0,0,450.0,-7.91,-10.38,-7.39,-9.93,3.34,-2.11,0.56,-2.04,-0.45,20.61,-2.84,0.08,-0.024,-0.01,0.7729,1
34.9,TRAIN_M01_LADAKH_NOMINAL,TRAIN,LADAKH,CRUISE_LOITER,5331.9,2194.2,69.8,81.23,81.26,81.26,81.21,785.38,785.13,784.88,785.42,4.4,88.4,9.25,3.0,41.04,0.767,14.08,3.61,LANE_A,20086.0,-22.1,88.6,1.0,0,450.0,-7.89,-10.36,-7.36,-9.91,3.25,-2.0,0.75,-1.71,-0.44,20.72,-2.86,-0.14,0.019,-0.02,0.7743,1
34.95,TRAIN_M01_LADAKH_NOMINAL,TRAIN,LADAKH,CRUISE_LOITER,5328.3,2192.7,69.8,81.23,81.26,81.26,81.21,785.21,785.16,784.65,785.53,4.37,88.44,9.25,3.0,41.03,0.773,14.06,3.11,LANE_A,20085.0,-22.1,88.6,1.0,0,450.0,-7.84,-10.31,-7.31,-9.86,3.08,-1.97,0.52,-1.6,-0.47,20.81,-2.86,-0.16,0.026,-0.04,0.7757,1
35.0,TRAIN_M01_LADAKH_NOMINAL,TRAIN,LADAKH,CRUISE_LOITER,5324.3,2191.1,69.8,81.23,81.26,81.26,81.21,785.42,785.35,784.8,785.69,4.36,88.34,9.31,3.0,41.08,0.723,14.05,3.14,LANE_A,20084.0,-22.1,88.6,1.0,0,450.0,-7.78,-10.25,-7.25,-9.8,3.29,-1.78,0.67,-1.44,-0.48,20.75,-2.79,-0.11,-0.024,-0.05,0.7746,1
35.05,TRAIN_M01_LADAKH_NOMINAL,TRAIN,LADAKH,CRUISE_LOITER,5330.4,2193.6,69.8,81.22,81.26,81.26,81.22,785.44,785.49,784.92,785.11,4.33,88.33,9.18,3.0,41.11,0.79,14.07,3.26,LANE_A,20083.0,-22.1,88.6,1.0,0,450.0,-7.88,-10.34,-7.34,-9.88,3.31,-1.64,0.79,-2.02,-0.51,20.67,-2.93,-0.08,0.042,-0.03,0.7742,1
35.1,TRAIN_M01_LADAKH_NOMINAL,TRAIN,LADAKH,CRUISE_LOITER,5329.2,2193.1,69.8,81.22,81.26,81.25,81.21,785.77,785.17,784.86,785.17,4.34,88.31,9.19,3.0,41.26,0.781,14.08,3.27,LANE_A,20082.0,-22.1,88.6,1.0,0,450.0,-7.86,-10.32,-7.33,-9.87,3.64,-1.96,0.73,-1.96,-0.5,20.66,-2.92,0.07,0.033,-0.02,0.7739,1
35.15,TRAIN_M01_LADAKH_NOMINAL,TRAIN,LADAKH,CRUISE_LOITER,5314.7,2187.1,69.8,81.22,81.25,81.25,81.21,785.4,785.42,784.72,785.06,4.31,88.46,9.08,3.0,41.25,0.75,14.08,3.18,LANE_A,20081.0,-22.1,88.6,1.0,0,450.0,-7.65,-10.12,-7.12,-9.66,3.27,-1.71,0.59,-2.07,-0.52,20.98,-3.0,0.06,0.005,-0.02,0.7782,1
35.2,TRAIN_M01_LADAKH_NOMINAL,TRAIN,LADAKH,CRUISE_LOITER,5321.8,2190.0,69.8,81.21,81.26,81.25,81.21,785.52,785.18,784.61,785.24,4.38,88.41,9.15,3.0,41.22,0.731,14.07,3.14,LANE_A,20080.0,-22.1,88.6,1.0,0,450.0,-7.76,-10.21,-7.22,-9.76,3.39,-1.95,0.48,-1.89,-0.45,20.85,-2.94,0.03,-0.016,-0.03,0.776,1
35.25,TRAIN_M01_LADAKH_NOMINAL,TRAIN,LADAKH,CRUISE_LOITER,5323.0,2190.5,69.8,81.21,81.25,81.24,81.2,785.49,784.99,784.58,785.39,4.37,88.46,9.06,3.0,41.32,0.675,14.07,3.03,LANE_A,20079.0,-22.1,88.7,1.0,0,450.0,-7.76,-10.22,-7.23,-9.77,3.36,-2.14,0.45,-1.74,-0.47,20.91,-3.04,0.13,-0.072,-0.03,0.7772,1
35.3,TRAIN_M01_LADAKH_NOMINAL,TRAIN,LADAKH,CRUISE_LOITER,5318.2,2188.5,69.9,81.21,81.25,81.23,81.2,785.19,784.85,784.51,785.32,4.34,88.48,9.11,3.0,41.37,0.813,14.06,2.93,LANE_A,20078.0,-22.0,88.7,1.0,0,450.0,-7.79,-10.25,-7.27,-9.8,3.11,-2.23,0.43,-1.76,-0.49,20.88,-2.97,0.17,0.067,-0.04,0.7769,1
35.35,TRAIN_M01_LADAKH_NOMINAL,TRAIN,LADAKH,CRUISE_LOITER,5318.2,2188.6,69.9,81.2,81.24,81.23,81.2,785.49,785.05,784.54,785.57,4.36,88.43,9.12,3.0,41.33,0.74,14.09,3.13,LANE_A,20077.0,-22.0,88.7,1.0,0,450.0,-7.8,-10.26,-7.27,-9.8,3.41,-2.03,0.46,-1.51,-0.47,20.83,-2.97,0.12,-0.006,-0.01,0.776,1
35.4,TRAIN_M01_LADAKH_NOMINAL,TRAIN,LADAKH,CRUISE_LOITER,5319.5,2189.1,69.9,81.2,81.24,81.23,81.2,785.72,785.26,784.51,785.8,4.36,88.36,9.15,3.0,41.31,0.708,14.07,3.33,LANE_A,20076.0,-22.0,88.7,1.0,0,450.0,-7.82,-10.28,-7.29,-9.82,3.64,-1.82,0.43,-1.28,-0.47,20.74,-2.94,0.1,-0.038,-0.03,0.7748,1
35.45,TRAIN_M01_LADAKH_NOMINAL,TRAIN,LADAKH,CRUISE_LOITER,5310.4,2185.4,69.9,81.19,81.24,81.23,81.19,785.26,785.24,784.38,785.63,4.38,88.49,9.04,3.0,41.13,0.766,14.06,3.33,LANE_A,20075.0,-22.0,88.7,1.0,0,450.0,-7.7,-10.15,-7.16,-9.7,3.18,-1.84,0.3,-1.45,-0.45,20.98,-3.03,-0.08,0.021,-0.04,0.7778,1
35.5,TRAIN_M01_LADAKH_NOMINAL,TRAIN,LADAKH,CRUISE_LOITER,5307.6,2184.2,69.9,81.19,81.23,81.22,81.18,785.05,785.48,784.76,785.46,4.32,88.46,9.04,3.0,41.11,0.783,14.07,3.33,LANE_A,20074.0,-22.0,88.7,1.0,0,450.0,-7.66,-10.12,-7.13,-9.67,2.97,-1.6,0.68,-1.62,-0.51,20.98,-3.02,-0.1,0.039,-0.03,0.7781,1
35.55,TRAIN_M01_LADAKH_NOMINAL,TRAIN,LADAKH,CRUISE_LOITER,5310.3,2185.3,69.9,81.19,81.22,81.22,81.18,785.25,785.71,784.8,785.52,4.35,88.31,9.08,3.0,41.1,0.763,14.08,3.31,LANE_A,20073.0,-22.0,88.7,1.0,0,450.0,-7.7,-10.17,-7.17,-9.71,3.17,-1.37,0.72,-1.56,-0.48,20.8,-2.99,-0.11,0.018,-0.02,0.7754,1
35.6,TRAIN_M01_LADAKH_NOMINAL,TRAIN,LADAKH,CRUISE_LOITER,5319.6,2189.1,69.9,81.19,81.22,81.22,81.18,785.32,785.41,784.88,785.46,4.33,88.34,9.16,3.0,41.13,0.718,14.03,3.12,LANE_A,20072.0,-22.0,88.7,1.0,0,450.0,-7.84,-10.31,-7.31,-9.85,3.24,-1.67,0.8,-1.62,-0.5,20.72,-2.93,-0.08,-0.028,-0.07,0.7748,1
35.65,TRAIN_M01_LADAKH_NOMINAL,TRAIN,LADAKH,CRUISE_LOITER,5318.4,2188.6,69.9,81.19,81.22,81.21,81.17,785.58,785.68,785.1,785.85,4.34,88.42,9.1,3.0,41.24,0.757,14.07,3.17,LANE_A,20071.0,-22.0,88.7,1.0,0,450.0,-7.82,-10.29,-7.3,-9.84,3.5,-1.4,1.02,-1.23,-0.49,20.81,-2.99,0.03,0.011,-0.03,0.776,1
35.7,TRAIN_M01_LADAKH_NOMINAL,TRAIN,LADAKH,CRUISE_LOITER,5321.3,2189.8,69.9,81.19,81.22,81.21,81.17,785.17,785.53,785.12,785.85,4.37,88.44,9.06,3.0,41.29,0.79,14.05,3.07,LANE_A,20070.0,-22.0,88.7,1.0,0,450.0,-7.86,-10.33,-7.34,-9.88,3.09,-1.55,1.04,-1.23,-0.46,20.8,-3.04,0.07,0.044,-0.05,0.7759,1
35.75,TRAIN_M01_LADAKH_NOMINAL,TRAIN,LADAKH,CRUISE_LOITER,5325.4,2191.5,69.9,81.18,81.21,81.2,81.18,784.9,785.48,785.08,785.81,4.35,88.71,9.11,3.0,41.26,0.755,14.05,3.09,LANE_A,20069.0,-22.0,88.7,1.0,0,450.0,-7.93,-10.4,-7.41,-9.93,2.82,-1.6,1.0,-1.27,-0.48,21.02,-3.0,0.04,0.008,-0.05,0.7793,1
35.8,TRAIN_M01_LADAKH_NOMINAL,TRAIN,LADAKH,CRUISE_LOITER,5326.4,2192.0,70.0,81.18,81.21,81.2,81.17,784.67,785.57,785.51,785.48,4.33,88.75,9.15,3.0,41.43,0.787,14.07,3.28,LANE_A,20069.0,-22.0,88.7,1.0,0,450.0,-7.96,-10.43,-7.44,-9.97,2.65,-1.45,1.49,-1.54,-0.5,21.04,-2.96,0.21,0.04,-0.03,0.7797,1
35.85,TRAIN_M01_LADAKH_NOMINAL,TRAIN,LADAKH,CRUISE_LOITER,5323.9,2190.9,70.0,81.18,81.21,81.2,81.17,784.21,785.28,785.2,785.48,4.34,88.86,9.25,3.0,41.32,0.716,14.04,3.23,LANE_A,20068.0,-22.0,88.7,1.0,0,450.0,-7.92,-10.39,-7.4,-9.93,2.19,-1.74,1.18,-1.54,-0.49,21.18,-2.86,0.09,-0.031,-0.06,0.7813,1
35.9,TRAIN_M01_LADAKH_NOMINAL,TRAIN,LADAKH,CRUISE_LOITER,5326.6,2192.0,70.0,81.18,81.22,81.2,81.17,784.3,785.32,785.33,785.59,4.37,88.96,9.18,3.0,41.26,0.736,14.06,3.32,LANE_A,20067.0,-22.0,88.7,1.0,0,450.0,-7.96,-10.42,-7.44,-9.97,2.28,-1.7,1.31,-1.43,-0.46,21.25,-2.93,0.03,-0.011,-0.04,0.7823,1
35.95,TRAIN_M01_LADAKH_NOMINAL,TRAIN,LADAKH,CRUISE_LOITER,5323.0,2190.5,70.0,81.19,81.22,81.2,81.17,784.47,785.38,785.29,785.36,4.31,88.92,9.28,3.0,41.26,0.744,14.06,3.38,LANE_A,20066.0,-22.0,88.8,1.0,0,450.0,-7.87,-10.34,-7.36,-9.89,2.45,-1.64,1.27,-1.66,-0.52,21.27,-2.82,0.03,-0.003,-0.04,0.7826,1
36.0,TRAIN_M01_LADAKH_NOMINAL,TRAIN,LADAKH,CRUISE_LOITER,5320.4,2189.5,70.0,81.18,81.22,81.2,81.17,784.25,785.16,785.18,785.33,4.35,88.94,9.21,3.0,41.38,0.734,14.04,3.44,LANE_A,20065.0,-22.0,88.8,1.0,0,450.0,-7.84,-10.3,-7.32,-9.85,2.23,-1.86,1.16,-1.69,-0.48,21.32,-2.89,0.15,-0.012,-0.06,0.783,1
36.05,TRAIN_M01_LADAKH_NOMINAL,TRAIN,LADAKH,CRUISE_LOITER,5317.0,2188.1,70.0,81.19,81.22,81.2,81.17,784.34,785.43,784.93,785.26,4.29,88.9,9.27,3.0,41.39,0.769,14.07,3.45,LANE_A,20064.0,-22.0,88.8,1.0,0,450.0,-7.78,-10.25,-7.27,-9.8,2.32,-1.59,0.91,-1.76,-0.54,21.32,-2.82,0.16,0.023,-0.03,0.7832,1
36.1,TRAIN_M01_LADAKH_NOMINAL,TRAIN,LADAKH,CRUISE_LOITER,5320.6,2189.5,70.0,81.18,81.22,81.21,81.17,784.15,785.2,784.75,785.5,4.33,88.79,9.32,3.0,41.14,0.713,14.06,3.06,LANE_A,20063.0,-22.0,88.8,1.0,0,450.0,-7.85,-10.31,-7.32,-9.86,2.13,-1.82,0.73,-1.52,-0.5,21.17,-2.78,-0.09,-0.033,-0.04,0.7809,1
36.15,TRAIN_M01_LADAKH_NOMINAL,TRAIN,LADAKH,CRUISE_LOITER,5319.0,2188.9,70.0,81.18,81.22,81.21,81.17,784.49,784.94,784.67,785.65,4.32,89.06,9.33,3.0,41.2,0.785,14.08,3.23,LANE_A,20062.0,-22.0,88.8,1.0,0,450.0,-7.83,-10.29,-7.3,-9.84,2.47,-2.08,0.65,-1.37,-0.51,21.46,-2.77,-0.03,0.039,-0.02,0.7849,1
36.2,TRAIN_M01_LADAKH_NOMINAL,TRAIN,LADAKH,CRUISE_LOITER,5322.6,2190.4,70.0,81.19,81.23,81.21,81.17,784.61,785.21,784.78,785.32,4.34,89.04,9.27,3.0,41.15,0.776,14.06,3.17,LANE_A,20061.0,-22.0,88.8,1.0,0,450.0,-7.87,-10.33,-7.35,-9.89,2.59,-1.81,0.76,-1.7,-0.49,21.39,-2.84,-0.09,0.029,-0.04,0.784,1
36.25,TRAIN_M01_LADAKH_NOMINAL,TRAIN,LADAKH,CRUISE_LOITER,5323.0,2190.5,70.1,81.18,81.23,81.21,81.18,784.48,784.93,784.66,785.46,4.35,89.12,9.23,3.0,41.14,0.802,14.05,3.15,LANE_A,20060.0,-22.0,88.8,1.0,0,450.0,-7.89,-10.34,-7.36,-9.89,2.53,-2.02,0.71,-1.49,-0.48,21.46,-2.88,-0.1,0.055,-0.05,0.7851,1
36.3,TRAIN_M01_LADAKH_NOMINAL,TRAIN,LADAKH,CRUISE_LOITER,5325.0,2191.4,70.1,81.18,81.23,81.21,81.17,784.69,784.8,785.09,785.48,4.33,89.19,9.1,3.0,41.16,0.742,14.06,3.09,LANE_A,20059.0,-22.0,88.8,1.0,0,450.0,-7.92,-10.37,-7.39,-9.93,2.74,-2.15,1.14,-1.47,-0.5,21.51,-3.02,-0.09,-0.005,-0.04,0.7862,1
36.35,TRAIN_M01_LADAKH_NOMINAL,TRAIN,LADAKH,CRUISE_LOITER,5320.8,2189.6,70.1,81.19,81.23,81.21,81.17,784.47,785.2,785.0,785.31,4.32,89.09,9.1,3.0,41.2,0.725,14.05,3.2,LANE_A,20058.0,-22.0,88.8,1.0,0,450.0,-7.85,-10.31,-7.33,-9.87,2.52,-1.75,1.05,-1.64,-0.51,21.46,-3.01,-0.05,-0.021,-0.05,0.7854,1
36.4,TRAIN_M01_LADAKH_NOMINAL,TRAIN,LADAKH,CRUISE_LOITER,5319.6,2189.1,70.1,81.18,81.23,81.2,81.17,784.65,785.3,785.12,785.32,4.31,89.17,9.22,3.0,40.99,0.722,14.03,3.12,LANE_A,20057.0,-22.0,88.8,1.0,0,450.0,-7.85,-10.3,-7.33,-9.86,2.7,-1.65,1.17,-1.63,-0.52,21.55,-2.88,-0.26,-0.024,-0.07,0.7865,1
36.45,TRAIN_M01_LADAKH_NOMINAL,TRAIN,LADAKH,CRUISE_LOITER,5319.3,2189.0,70.1,81.18,81.22,81.2,81.17,784.24,785.2,785.33,785.55,4.34,88.98,9.24,3.0,41.09,0.777,14.08,3.33,LANE_A,20056.0,-22.0,88.8,1.0,0,450.0,-7.84,-10.3,-7.32,-9.85,2.29,-1.75,1.38,-1.4,-0.49,21.36,-2.86,-0.16,0.031,-0.02,0.7836,1
36.5,TRAIN_M01_LADAKH_NOMINAL,TRAIN,LADAKH,CRUISE_LOITER,5319.5,2189.1,70.1,81.18,81.22,81.2,81.17,784.28,784.99,785.07,785.54,4.39,88.98,9.22,3.0,41.08,0.723,14.06,3.11,LANE_A,20055.0,-22.0,88.8,1.0,0,450.0,-7.85,-10.31,-7.33,-9.86,2.33,-1.96,1.12,-1.41,-0.44,21.36,-2.89,-0.17,-0.023,-0.04,0.7833,1
36.55,TRAIN_M01_LADAKH_NOMINAL,TRAIN,LADAKH,CRUISE_LOITER,5320.0,2189.3,70.1,81.18,81.22,81.2,81.17,784.3,785.06,784.7,785.37,4.35,88.92,9.22,3.0,41.16,0.689,14.06,3.19,LANE_A,20054.0,-22.0,88.8,1.0,0,450.0,-7.85,-10.31,-7.33,-9.86,2.35,-1.89,0.75,-1.58,-0.48,21.29,-2.89,-0.09,-0.057,-0.04,0.7826,1
36.6,TRAIN_M01_LADAKH_NOMINAL,TRAIN,LADAKH,CRUISE_LOITER,5325.7,2191.7,70.1,81.17,81.22,81.2,81.17,784.41,785.33,784.7,785.37,4.33,88.92,9.27,3.0,41.16,0.707,14.07,3.19,LANE_A,20053.0,-22.0,88.8,1.0,0,450.0,-7.95,-10.4,-7.42,-9.95,2.46,-1.62,0.75,-1.58,-0.5,21.23,-2.85,-0.09,-0.04,-0.03,0.7821,1
36.65,TRAIN_M01_LADAKH_NOMINAL,TRAIN,LADAKH,CRUISE_LOITER,5327.2,2192.2,70.2,81.18,81.22,81.2,81.17,783.81,785.04,784.78,785.33,4.3,88.95,9.27,3.0,41.17,0.726,14.08,3.31,LANE_A,20052.0,-22.0,88.8,1.0,0,450.0,-7.97,-10.43,-7.45,-9.98,1.92,-1.85,0.89,-1.56,-0.53,21.23,-2.86,-0.09,-0.021,-0.02,0.7824,1
36.7,TRAIN_M01_LADAKH_NOMINAL,TRAIN,LADAKH,CRUISE_LOITER,5320.5,2189.5,70.2,81.19,81.22,81.21,81.18,784.26,784.67,784.79,785.36,4.31,89.08,9.33,3.0,41.17,0.712,14.09,3.29,LANE_A,20051.0,-22.0,88.9,1.0,0,450.0,-7.84,-10.31,-7.32,-9.85,2.37,-2.22,0.9,-1.53,-0.52,21.46,-2.78,-0.1,-0.034,-0.01,0.785,1
36.75,TRAIN_M01_LADAKH_NOMINAL,TRAIN,LADAKH,CRUISE_LOITER,5313.9,2186.8,70.2,81.19,81.23,81.2,81.18,784.32,784.63,784.74,785.35,4.35,89.0,9.19,3.0,41.18,0.779,14.09,3.03,LANE_A,20050.0,-22.0,88.9,1.0,0,450.0,-7.74,-10.2,-7.23,-9.75,2.43,-2.26,0.85,-1.54,-0.48,21.46,-2.91,-0.09,0.034,-0.01,0.7847,1
36.8,TRAIN_M01_LADAKH_NOMINAL,TRAIN,LADAKH,CRUISE_LOITER,5329.5,2193.2,70.2,81.18,81.22,81.19,81.17,784.71,784.4,784.54,785.56,4.37,88.96,9.09,3.0,41.26,0.736,14.06,3.07,LANE_A,20049.0,-22.0,88.9,1.0,0,450.0,-7.98,-10.44,-7.47,-9.99,2.82,-2.49,0.65,-1.33,-0.47,21.23,-3.04,-0.01,-0.012,-0.04,0.7824,1
36.85,TRAIN_M01_LADAKH_NOMINAL,TRAIN,LADAKH,CRUISE_LOITER,5327.9,2192.5,70.2,81.18,81.22,81.2,81.18,784.6,784.06,784.47,785.38,4.36,89.02,9.15,3.0,41.34,0.748,14.05,3.32,LANE_A,20048.0,-22.0,88.9,1.0,0,450.0,-7.96,-10.42,-7.44,-9.96,2.71,-2.83,0.58,-1.51,-0.48,21.31,-2.98,0.07,0.001,-0.05,0.7834,1
36.9,TRAIN_M01_LADAKH_NOMINAL,TRAIN,LADAKH,CRUISE_LOITER,5332.2,2194.3,70.2,81.18,81.23,81.2,81.17,784.58,783.75,784.67,785.83,4.32,89.1,9.18,3.0,41.35,0.743,14.06,2.96,LANE_A,20047.0,-22.0,88.9,1.0,0,450.0,-8.02,-10.47,-7.5,-10.03,2.69,-3.14,0.78,-1.06,-0.52,21.34,-2.96,0.08,-0.005,-0.04,0.7842,1
36.95,TRAIN_M01_LADAKH_NOMINAL,TRAIN,LADAKH,CRUISE_LOITER,5334.0,2195.1,70.2,81.19,81.23,81.19,81.17,784.59,783.94,784.69,785.76,4.34,88.96,9.24,3.0,41.16,0.711,14.07,2.82,LANE_A,20046.0,-22.0,88.9,1.0,0,450.0,-8.04,-10.5,-7.54,-10.06,2.7,-2.95,0.8,-1.13,-0.5,21.18,-2.91,-0.11,-0.037,-0.03,0.7819,1
37.0,TRAIN_M01_LADAKH_NOMINAL,TRAIN,LADAKH,CRUISE_LOITER,5335.0,2195.5,70.2,81.18,81.23,81.19,81.17,784.74,784.22,784.68,785.65,4.36,89.02,9.09,3.0,41.23,0.764,14.05,3.26,LANE_A,20045.0,-22.0,88.9,1.0,0,450.0,-8.06,-10.51,-7.55,-10.07,2.85,-2.67,0.79,-1.24,-0.48,21.23,-3.06,-0.04,0.016,-0.05,0.7827,1
37.05,TRAIN_M01_LADAKH_NOMINAL,TRAIN,LADAKH,CRUISE_LOITER,5343.5,2199.0,70.3,81.18,81.22,81.19,81.17,784.65,784.34,784.77,785.38,4.35,88.86,9.11,3.0,41.16,0.754,14.06,2.9,LANE_A,20044.0,-22.0,88.9,1.0,0,450.0,-8.2,-10.66,-7.69,-10.21,2.83,-2.48,0.95,-1.44,-0.49,20.96,-3.06,-0.12,0.004,-0.04,0.7795,1
37.1,TRAIN_M01_LADAKH_NOMINAL,TRAIN,LADAKH,CRUISE_LOITER,5348.6,2201.1,70.3,81.18,81.22,81.19,81.16,784.86,784.36,784.78,785.46,4.35,88.76,9.15,3.0,41.27,0.75,14.06,3.26,LANE_A,20043.0,-21.9,88.9,1.0,0,450.0,-8.37,-10.83,-7.86,-10.39,3.02,-2.48,0.94,-1.38,-0.49,20.7,-3.03,-0.01,-0.001,-0.04,0.7763,1
37.15,TRAIN_M01_LADAKH_NOMINAL,TRAIN,LADAKH,CRUISE_LOITER,5334.8,2195.4,70.3,81.18,81.21,81.19,81.16,784.91,784.38,784.85,785.31,4.42,88.69,9.1,3.0,41.23,0.719,14.07,3.09,LANE_A,20042.0,-21.9,88.9,1.0,0,450.0,-8.16,-10.63,-7.65,-10.18,3.07,-2.46,1.01,-1.53,-0.42,20.79,-3.05,-0.06,-0.029,-0.03,0.7764,1
37.2,TRAIN_M01_LADAKH_NOMINAL,TRAIN,LADAKH,CRUISE_LOITER,5334.2,2195.1,70.3,81.18,81.21,81.19,81.17,785.06,784.42,784.45,785.4,4.35,88.72,9.14,3.0,41.33,0.77,14.06,3.2,LANE_A,20041.0,-21.9,88.9,1.0,0,450.0,-8.16,-10.63,-7.65,-10.17,3.22,-2.42,0.61,-1.44,-0.49,20.83,-3.01,0.04,0.022,-0.04,0.7774,1
37.25,TRAIN_M01_LADAKH_NOMINAL,TRAIN,LADAKH,CRUISE_LOITER,5337.9,2196.7,70.3,81.19,81.21,81.19,81.17,785.04,784.57,784.44,785.17,4.33,88.72,9.23,3.0,41.19,0.738,14.06,3.27,LANE_A,20040.0,-21.9,88.9,1.0,0,450.0,-8.2,-10.68,-7.7,-10.22,3.2,-2.27,0.6,-1.67,-0.51,20.79,-2.93,-0.1,-0.011,-0.04,0.777,1
37.3,TRAIN_M01_LADAKH_NOMINAL,TRAIN,LADAKH,CRUISE_LOITER,5330.6,2193.7,70.3,81.19,81.22,81.2,81.18,785.04,784.65,784.4,784.93,4.32,88.76,9.35,3.0,41.29,0.785,14.07,3.04,LANE_A,20039.0,-21.9,88.9,1.0,0,450.0,-8.09,-10.56,-7.58,-10.1,3.2,-2.19,0.56,-1.91,-0.51,20.91,-2.79,0.0,0.037,-0.03,0.7781,1
37.35,TRAIN_M01_LADAKH_NOMINAL,TRAIN,LADAKH,CRUISE_LOITER,5334.6,2195.3,70.3,81.19,81.22,81.2,81.18,784.92,784.4,784.84,784.76,4.38,88.7,9.3,3.0,41.26,0.735,14.07,3.43,LANE_A,20038.0,-21.9,88.9,1.0,0,450.0,-8.15,-10.62,-7.64,-10.16,3.08,-2.44,1.0,-2.08,-0.46,20.81,-2.85,-0.03,-0.013,-0.03,0.7766,1
37.4,TRAIN_M01_LADAKH_NOMINAL,TRAIN,LADAKH,CRUISE_LOITER,5329.4,2193.2,70.4,81.19,81.22,81.21,81.18,784.59,784.72,784.45,784.61,4.39,88.73,9.22,3.0,41.5,0.783,14.06,3.21,LANE_A,20037.0,-21.9,88.9,1.0,0,450.0,-8.09,-10.56,-7.57,-10.1,2.82,-2.05,0.68,-2.16,-0.44,20.89,-2.92,0.2,0.035,-0.04,0.7775,1
37.45,TRAIN_M01_LADAKH_NOMINAL,TRAIN,LADAKH,CRUISE_LOITER,5331.1,2193.9,70.4,81.19,81.22,81.2,81.18,784.57,784.63,784.46,784.66,4.3,88.79,9.19,3.0,41.41,0.705,14.05,3.2,LANE_A,20036.0,-21.9,88.9,1.0,0,450.0,-8.11,-10.58,-7.6,-10.12,2.8,-2.14,0.69,-2.11,-0.53,20.93,-2.96,0.11,-0.043,-0.05,0.7789,1
37.5,TRAIN_M01_LADAKH_NOMINAL,TRAIN,LADAKH,CRUISE_LOITER,5329.7,2193.3,70.4,81.19,81.22,81.21,81.18,784.81,784.81,784.28,785.02,4.37,88.86,9.24,3.0,41.52,0.736,14.06,3.37,LANE_A,20035.0,-21.9,88.9,1.0,0,450.0,-8.09,-10.56,-7.57,-10.1,3.04,-1.96,0.51,-1.75,-0.46,21.01,-2.9,0.22,-0.012,-0.04,0.7793,1
37.55,TRAIN_M01_LADAKH_NOMINAL,TRAIN,LADAKH,CRUISE_LOITER,5323.1,2190.6,70.4,81.19,81.21,81.21,81.18,785.21,784.55,783.94,785.25,4.31,88.91,9.23,3.0,41.42,0.731,14.1,3.32,LANE_A,20034.0,-21.9,89.0,1.0,0,450.0,-7.97,-10.45,-7.45,-9.98,3.44,-2.22,0.17,-1.52,-0.52,21.16,-2.9,0.11,-0.016,0.0,0.7815,1
37.6,TRAIN_M01_LADAKH_NOMINAL,TRAIN,LADAKH,CRUISE_LOITER,5326.0,2191.8,70.4,81.19,81.22,81.21,81.18,785.03,784.8,784.07,784.83,4.35,88.9,9.29,3.0,41.48,0.738,14.09,3.16,LANE_A,20033.0,-21.9,89.0,1.0,0,450.0,-8.01,-10.48,-7.49,-10.02,3.26,-1.97,0.3,-1.94,-0.48,21.12,-2.85,0.17,-0.009,-0.01,0.7807,1
37.65,TRAIN_M01_LADAKH_NOMINAL,TRAIN,LADAKH,CRUISE_LOITER,5337.7,2196.6,70.4,81.19,81.22,81.21,81.18,785.03,784.82,784.24,785.26,4.38,88.87,9.27,3.0,41.55,0.777,14.05,3.23,LANE_A,20032.0,-21.9,89.0,1.0,0,450.0,-8.19,-10.66,-7.67,-10.2,3.26,-1.95,0.47,-1.51,-0.46,20.95,-2.89,0.24,0.028,-0.05,0.7788,1
37.7,TRAIN_M01_LADAKH_NOMINAL,TRAIN,LADAKH,CRUISE_LOITER,5330.4,2193.6,70.4,81.2,81.22,81.22,81.18,785.12,784.76,784.17,785.04,4.34,88.87,9.37,3.0,41.52,0.722,14.06,3.02,LANE_A,20031.0,-21.9,89.0,1.0,0,450.0,-8.07,-10.55,-7.55,-10.09,3.35,-2.01,0.4,-1.73,-0.49,21.03,-2.78,0.21,-0.026,-0.04,0.7796,1
37.75,TRAIN_M01_LADAKH_NOMINAL,TRAIN,LADAKH,CRUISE_LOITER,5325.8,2191.7,70.5,81.2,81.23,81.23,81.19,785.04,784.89,784.35,785.41,4.39,88.9,9.32,3.0,41.43,0.665,14.07,3.1,LANE_A,20030.0,-21.9,89.0,1.0,0,450.0,-8.01,-10.48,-7.48,-10.02,3.34,-1.81,0.65,-1.29,-0.44,21.11,-2.82,0.11,-0.082,-0.03,0.7802,1
37.8,TRAIN_M01_LADAKH_NOMINAL,TRAIN,LADAKH,CRUISE_LOITER,5323.8,2190.9,70.5,81.2,81.23,81.23,81.19,784.79,784.82,784.65,785.19,4.37,88.91,9.17,3.0,41.38,0.731,14.06,3.32,LANE_A,20029.0,-21.9,89.0,1.0,0,450.0,-7.98,-10.45,-7.45,-9.99,3.09,-1.88,0.95,-1.51,-0.46,21.14,-2.97,0.06,-0.016,-0.04,0.7809,1
37.85,TRAIN_M01_LADAKH_NOMINAL,TRAIN,LADAKH,CRUISE_LOITER,5321.8,2190.0,70.5,81.2,81.22,81.23,81.19,784.98,784.98,784.92,785.22,4.38,88.76,9.18,3.0,41.4,0.717,14.03,3.31,LANE_A,20028.0,-21.9,89.0,1.0,0,450.0,-7.95,-10.43,-7.42,-9.96,3.28,-1.72,1.22,-1.48,-0.45,21.02,-2.95,0.08,-0.03,-0.07,0.7791,1
37.9,TRAIN_M01_LADAKH_NOMINAL,TRAIN,LADAKH,CRUISE_LOITER,5321.1,2189.8,70.5,81.21,81.22,81.23,81.19,784.97,784.97,784.53,785.28,4.36,88.66,9.26,3.0,41.48,0.801,14.06,2.99,LANE_A,20027.0,-21.9,89.0,1.0,0,450.0,-7.93,-10.42,-7.41,-9.95,3.27,-1.73,0.83,-1.42,-0.47,20.92,-2.87,0.16,0.055,-0.04,0.7776,1
37.95,TRAIN_M01_LADAKH_NOMINAL,TRAIN,LADAKH,CRUISE_LOITER,5315.0,2187.3,70.5,81.21,81.23,81.23,81.19,784.58,785.53,784.72,785.27,4.31,88.61,9.27,3.0,41.67,0.765,14.06,3.15,LANE_A,20026.0,-21.9,89.0,1.0,0,450.0,-7.85,-10.33,-7.33,-9.87,2.88,-1.17,1.02,-1.43,-0.52,20.94,-2.85,0.35,0.02,-0.04,0.778,1
38.0,TRAIN_M01_LADAKH_NOMINAL,TRAIN,LADAKH,CRUISE_LOITER,5325.5,2191.6,70.5,81.21,81.23,81.24,81.2,784.38,785.35,784.59,784.87,4.32,88.62,9.31,3.0,41.45,0.764,14.08,3.25,LANE_A,20025.0,-21.9,89.0,1.0,0,450.0,-8.0,-10.48,-7.47,-10.01,2.68,-1.35,0.89,-1.83,-0.51,20.83,-2.83,0.12,0.017,-0.02,0.7767,1
38.05,TRAIN_M01_LADAKH_NOMINAL,TRAIN,LADAKH,CRUISE_LOITER,5317.9,2188.4,70.5,81.21,81.24,81.24,81.2,784.78,785.28,784.57,784.69,4.37,88.71,9.34,3.0,41.46,0.721,14.04,3.3,LANE_A,20024.0,-21.9,89.0,1.0,0,450.0,-7.89,-10.36,-7.36,-9.9,3.08,-1.42,0.87,-2.01,-0.46,21.01,-2.78,0.13,-0.025,-0.06,0.7785,1
38.1,TRAIN_M01_LADAKH_NOMINAL,TRAIN,LADAKH,CRUISE_LOITER,5319.8,2189.2,70.6,81.21,81.24,81.24,81.2,785.12,785.55,784.63,784.94,4.36,88.76,9.28,3.0,41.37,0.744,14.07,3.24,LANE_A,20023.0,-21.9,89.0,1.0,0,450.0,-7.93,-10.4,-7.4,-9.94,3.48,-1.09,0.99,-1.7,-0.47,21.03,-2.85,0.03,-0.002,-0.03,0.7791,1
38.15,TRAIN_M01_LADAKH_NOMINAL,TRAIN,LADAKH,CRUISE_LOITER,5316.1,2187.7,70.6,81.22,81.25,81.25,81.2,784.87,785.57,784.6,785.31,4.35,88.82,9.35,3.0,41.54,0.775,14.05,3.24,LANE_A,20022.0,-21.9,89.0,1.0,0,450.0,-7.86,-10.33,-7.33,-9.88,3.23,-1.07,0.96,-1.33,-0.48,21.13,-2.77,0.2,0.029,-0.05,0.7802,1
38.2,TRAIN_M01_LADAKH_NOMINAL,TRAIN,LADAKH,CRUISE_LOITER,5322.1,2190.2,70.6,81.23,81.25,81.25,81.2,784.53,785.63,784.38,785.25,4.36,88.78,9.35,3.0,41.62,0.732,14.05,3.34,LANE_A,20021.0,-21.9,89.0,1.0,0,450.0,-7.94,-10.42,-7.42,-9.97,2.89,-1.01,0.74,-1.39,-0.47,21.02,-2.79,0.28,-0.015,-0.05,0.7789,1
38.25,TRAIN_M01_LADAKH_NOMINAL,TRAIN,LADAKH,CRUISE_LOITER,5316.9,2188.0,70.6,81.23,81.24,81.25,81.2,784.59,785.06,784.37,785.26,4.38,88.69,9.24,3.0,41.62,0.754,14.05,3.27,LANE_A,20020.0,-21.9,89.0,1.0,0,450.0,-7.87,-10.36,-7.35,-9.9,2.95,-1.58,0.73,-1.38,-0.45,20.99,-2.89,0.28,0.008,-0.05,0.7783,1
38.3,TRAIN_M01_LADAKH_NOMINAL,TRAIN,LADAKH,CRUISE_LOITER,5317.7,2188.4,70.6,81.23,81.25,81.25,81.2,784.7,784.97,784.64,785.13,4.38,88.67,9.24,3.0,41.54,0.741,14.06,3.34,LANE_A,20019.0,-21.9,89.0,1.0,0,450.0,-7.88,-10.36,-7.36,-9.91,3.06,-1.67,1.0,-1.51,-0.45,20.96,-2.89,0.2,-0.005,-0.04,0.7779,1
38.35,TRAIN_M01_LADAKH_NOMINAL,TRAIN,LADAKH,CRUISE_LOITER,5325.9,2191.7,70.6,81.23,81.26,81.25,81.2,784.41,784.98,784.76,785.04,4.33,88.72,9.42,3.0,41.58,0.7,14.05,3.06,LANE_A,20018.0,-21.9,89.0,1.0,0,450.0,-8.0,-10.47,-7.48,-10.03,2.77,-1.66,1.12,-1.6,-0.5,20.92,-2.73,0.24,-0.047,-0.05,0.7778,1
38.4,TRAIN_M01_LADAKH_NOMINAL,TRAIN,LADAKH,CRUISE_LOITER,5319.7,2189.2,70.7,81.24,81.25,81.26,81.2,784.67,785.05,784.29,785.11,4.32,88.63,9.25,3.0,41.52,0.725,14.08,3.27,LANE_A,20017.0,-21.9,89.0,1.0,0,450.0,-7.91,-10.4,-7.39,-9.95,3.1,-1.52,0.72,-1.46,-0.51,20.89,-2.89,0.17,-0.021,-0.02,0.7774,1
38.45,TRAIN_M01_LADAKH_NOMINAL,TRAIN,LADAKH,CRUISE_LOITER,5317.3,2188.2,70.7,81.23,81.25,81.26,81.21,784.95,784.95,784.32,785.15,4.38,88.81,9.27,3.0,41.47,0.731,14.08,3.26,LANE_A,20016.0,-21.9,89.0,1.0,0,450.0,-7.88,-10.36,-7.35,-9.9,3.38,-1.62,0.75,-1.42,-0.45,21.1,-2.86,0.12,-0.015,-0.02,0.7798,1
38.5,TRAIN_M01_LADAKH_NOMINAL,TRAIN,LADAKH,CRUISE_LOITER,5317.2,2188.2,70.7,81.23,81.25,81.26,81.21,784.59,784.81,784.63,785.3,4.38,88.76,9.26,3.0,41.49,0.701,14.06,3.09,LANE_A,20015.0,-21.9,89.0,1.0,0,450.0,-7.88,-10.36,-7.35,-9.9,3.02,-1.76,1.06,-1.27,-0.45,21.05,-2.87,0.13,-0.045,-0.04,0.7791,1
38.55,TRAIN_M01_LADAKH_NOMINAL,TRAIN,LADAKH,CRUISE_LOITER,5325.2,2191.5,70.7,81.23,81.25,81.26,81.21,784.56,784.77,784.54,785.4,4.37,88.83,9.3,3.0,41.56,0.709,14.04,3.32,LANE_A,20014.0,-21.9,89.1,1.0,0,450.0,-7.98,-10.46,-7.45,-10.0,2.99,-1.8,0.97,-1.17,-0.46,21.05,-2.85,0.2,-0.038,-0.06,0.7795,1
38.6,TRAIN_M01_LADAKH_NOMINAL,TRAIN,LADAKH,CRUISE_LOITER,5321.9,2190.1,70.7,81.23,81.26,81.26,81.21,784.91,784.43,784.13,784.95,4.3,88.9,9.16,3.0,41.47,0.789,14.05,3.04,LANE_A,20013.0,-21.9,89.1,1.0,0,450.0,-7.93,-10.4,-7.4,-9.95,3.34,-2.14,0.56,-1.62,-0.53,21.15,-2.99,0.11,0.042,-0.05,0.7815,1
38.65,TRAIN_M01_LADAKH_NOMINAL,TRAIN,LADAKH,CRUISE_LOITER,5330.8,2193.8,70.7,81.23,81.27,81.26,81.21,785.07,784.47,784.21,785.27,4.31,88.85,9.33,3.0,41.23,0.715,14.06,3.04,LANE_A,20012.0,-21.9,89.1,1.0,0,450.0,-8.06,-10.52,-7.53,-10.08,3.5,-2.1,0.64,-1.3,-0.52,21.0,-2.84,-0.13,-0.033,-0.04,0.7794,1
38.7,TRAIN_M01_LADAKH_NOMINAL,TRAIN,LADAKH,CRUISE_LOITER,5334.9,2195.4,70.8,81.23,81.27,81.26,81.21,785.22,784.35,784.44,784.88,4.33,88.88,9.28,3.0,41.37,0.762,14.08,3.56,LANE_A,20011.0,-21.9,89.1,1.0,0,450.0,-8.13,-10.59,-7.6,-10.15,3.72,-2.15,0.94,-1.62,-0.51,20.97,-2.9,0.0,0.014,-0.02,0.7792,1
38.75,TRAIN_M01_LADAKH_NOMINAL,TRAIN,LADAKH,CRUISE_LOITER,5338.0,2196.7,70.8,81.23,81.27,81.27,81.22,785.15,784.26,784.68,784.98,4.33,88.91,9.29,3.0,41.3,0.779,14.06,3.31,LANE_A,20010.0,-21.9,89.1,1.0,0,450.0,-8.17,-10.63,-7.63,-10.18,3.65,-2.24,1.18,-1.52,-0.51,20.97,-2.9,-0.07,0.03,-0.04,0.7794,1
38.8,TRAIN_M01_LADAKH_NOMINAL,TRAIN,LADAKH,CRUISE_LOITER,5332.7,2194.5,70.8,81.24,81.27,81.27,81.22,785.25,784.25,784.85,784.93,4.34,88.9,9.26,3.0,41.31,0.742,14.06,3.34,LANE_A,20009.0,-21.9,89.1,1.0,0,450.0,-8.09,-10.56,-7.56,-10.11,3.75,-2.25,1.35,-1.57,-0.49,21.02,-2.92,-0.06,-0.006,-0.04,0.7797,1
38.85,TRAIN_M01_LADAKH_NOMINAL,TRAIN,LADAKH,CRUISE_LOITER,5329.5,2193.2,70.8,81.24,81.27,81.28,81.22,785.09,784.49,784.95,784.5,4.3,88.9,9.25,3.0,41.31,0.754,14.07,3.31,LANE_A,20008.0,-21.9,89.1,1.0,0,450.0,-8.04,-10.51,-7.5,-10.06,3.59,-2.01,1.45,-2.0,-0.53,21.06,-2.92,-0.06,0.006,-0.03,0.7804,1
38.9,TRAIN_M01_LADAKH_NOMINAL,TRAIN,LADAKH,CRUISE_LOITER,5323.2,2190.6,70.8,81.24,81.27,81.28,81.22,784.96,784.43,784.98,784.34,4.32,88.85,9.3,3.0,41.42,0.759,14.07,3.13,LANE_A,20007.0,-21.9,89.1,1.0,0,450.0,-7.95,-10.42,-7.41,-9.97,3.46,-2.07,1.48,-2.16,-0.51,21.08,-2.85,0.05,0.012,-0.03,0.7802,1
38.95,TRAIN_M01_LADAKH_NOMINAL,TRAIN,LADAKH,CRUISE_LOITER,5313.6,2186.7,70.8,81.25,81.28,81.28,81.22,784.94,783.96,784.96,784.58,4.36,88.89,9.31,3.0,41.41,0.734,14.05,3.25,LANE_A,20006.0,-21.9,89.1,1.0,0,450.0,-7.8,-10.27,-7.27,-9.83,3.44,-2.54,1.46,-1.92,-0.47,21.23,-2.82,0.03,-0.011,-0.05,0.7815,1
39.0,TRAIN_M01_LADAKH_NOMINAL,TRAIN,LADAKH,DESCENT_RECOVERY,5311.8,2185.9,68.7,81.26,81.3,81.28,81.24,785.04,783.68,785.24,784.77,4.33,88.99,9.13,3.0,41.31,0.736,14.05,3.01,LANE_A,20000.0,-21.9,80.0,1.0,0,450.0,-10.08,-12.54,-9.56,-12.1,2.19,-4.17,0.39,-3.08,-0.47,19.5,-2.94,0.09,-0.009,-0.05,0.7646,1
39.05,TRAIN_M01_LADAKH_NOMINAL,TRAIN,LADAKH,DESCENT_RECOVERY,5307.1,2184.0,66.9,81.28,81.31,81.29,81.25,785.38,783.88,785.42,784.68,4.35,88.91,9.07,3.0,41.28,0.761,14.1,3.13,LANE_A,19993.0,-21.8,80.0,1.0,0,450.0,-9.91,-12.38,-9.4,-11.94,1.47,-5.03,-0.49,-4.23,-0.45,19.52,-2.94,0.19,0.017,0.0,0.7642,1
39.1,TRAIN_M01_LADAKH_NOMINAL,TRAIN,LADAKH,DESCENT_RECOVERY,5307.0,2184.0,65.3,81.29,81.31,81.3,81.26,785.79,784.49,785.75,784.76,4.33,88.9,8.97,3.0,41.13,0.737,14.07,3.31,LANE_A,19987.0,-21.8,80.0,1.0,0,450.0,-9.76,-12.24,-9.25,-11.79,1.03,-5.27,-1.01,-5.0,-0.47,19.62,-2.99,0.15,-0.007,-0.03,0.7653,1
39.15,TRAIN_M01_LADAKH_NOMINAL,TRAIN,LADAKH,DESCENT_RECOVERY,5299.4,2180.8,64.0,81.29,81.31,81.3,81.26,785.71,784.87,786.09,785.6,4.28,88.85,8.79,3.0,41.08,0.728,14.09,3.15,LANE_A,19980.0,-21.8,80.0,1.0,0,450.0,-9.53,-12.01,-9.02,-11.56,0.31,-5.53,-1.31,-4.8,-0.52,19.76,-3.12,0.19,-0.015,-0.01,0.7672,1
39.2,TRAIN_M01_LADAKH_NOMINAL,TRAIN,LADAKH,DESCENT_RECOVERY,5290.3,2177.1,62.9,81.28,81.31,81.3,81.26,786.41,785.14,786.56,786.12,4.28,88.81,8.48,3.0,40.9,0.715,14.08,3.36,LANE_A,19973.0,-21.8,80.0,1.0,0,450.0,-9.31,-11.78,-8.79,-11.33,0.52,-5.75,-1.33,-4.77,-0.52,19.9,-3.39,0.09,-0.027,-0.02,0.769,1
39.25,TRAIN_M01_LADAKH_NOMINAL,TRAIN,LADAKH,DESCENT_RECOVERY,5271.6,2169.4,61.9,81.27,81.3,81.29,81.25,786.96,785.44,787.04,786.69,4.32,88.89,8.28,3.0,40.76,0.768,14.07,3.15,LANE_A,19967.0,-21.8,80.0,1.0,0,450.0,-8.95,-11.42,-8.43,-10.97,0.65,-5.87,-1.27,-4.62,-0.48,20.28,-3.52,0.02,0.029,-0.03,0.7732,1
39.3,TRAIN_M01_LADAKH_NOMINAL,TRAIN,LADAKH,DESCENT_RECOVERY,5258.6,2164.0,61.0,81.26,81.29,81.28,81.24,787.78,786.27,787.74,787.76,4.33,88.96,8.23,3.0,40.73,0.796,14.07,3.42,LANE_A,19960.0,-21.8,80.0,1.0,0,450.0,-8.69,-11.16,-8.17,-10.71,1.12,-5.39,-0.92,-3.9,-0.46,20.56,-3.52,0.05,0.059,-0.03,0.7762,1
39.35,TRAIN_M01_LADAKH_NOMINAL,TRAIN,LADAKH,DESCENT_RECOVERY,5245.2,2158.5,60.3,81.24,81.27,81.26,81.22,788.08,786.94,787.86,788.15,4.27,88.9,7.98,3.0,40.72,0.662,14.05,3.1,LANE_A,19953.0,-21.8,80.0,1.0,0,450.0,-8.45,-10.92,-7.93,-10.47,1.17,-4.97,-1.05,-3.76,-0.52,20.71,-3.73,0.09,-0.073,-0.05,0.7785,1
39.4,TRAIN_M01_LADAKH_NOMINAL,TRAIN,LADAKH,DESCENT_RECOVERY,5234.6,2154.2,59.7,81.22,81.24,81.24,81.2,788.54,787.34,788.0,788.58,4.29,88.9,7.87,3.0,40.66,0.72,14.07,3.41,LANE_A,19947.0,-21.7,80.0,1.0,0,450.0,-8.36,-10.84,-7.84,-10.38,1.41,-4.79,-1.13,-3.55,-0.5,20.77,-3.8,0.07,-0.014,-0.03,0.779,1
39.45,TRAIN_M01_LADAKH_NOMINAL,TRAIN,LADAKH,DESCENT_RECOVERY,5227.5,2151.2,59.2,81.19,81.21,81.21,81.17,788.79,788.03,788.28,789.22,4.32,88.98,7.8,3.0,40.57,0.745,14.09,3.23,LANE_A,19940.0,-21.7,80.0,1.0,0,450.0,-8.25,-10.73,-7.73,-10.27,1.5,-4.26,-1.01,-3.07,-0.46,20.97,-3.84,0.01,0.012,-0.01,0.7812,1
39.5,TRAIN_M01_LADAKH_NOMINAL,TRAIN,LADAKH,DESCENT_RECOVERY,5216.7,2146.8,58.7,81.16,81.19,81.18,81.15,789.01,788.28,788.25,789.05,4.28,88.98,7.7,3.0,40.53,0.766,14.08,3.06,LANE_A,19933.0,-21.7,80.0,1.0,0,450.0,-8.08,-10.55,-7.56,-10.09,1.56,-4.17,-1.2,-3.4,-0.5,21.13,-3.91,0.0,0.035,-0.02,0.7833,1
39.55,TRAIN_M01_LADAKH_NOMINAL,TRAIN,LADAKH,DESCENT_RECOVERY,5213.2,2145.4,58.3,81.13,81.16,81.15,81.11,789.34,788.44,788.79,789.01,4.25,88.92,7.57,3.0,40.63,0.757,14.08,3.02,LANE_A,19927.0,-21.7,80.0,1.0,0,450.0,-8.03,-10.5,-7.51,-10.05,1.78,-4.12,-0.77,-3.55,-0.53,21.13,-4.02,0.13,0.027,-0.02,0.7837,1
39.6,TRAIN_M01_LADAKH_NOMINAL,TRAIN,LADAKH,DESCENT_RECOVERY,5195.7,2138.1,58.0,81.11,81.13,81.12,81.08,789.44,788.91,789.21,789.75,4.33,88.9,7.62,3.0,40.53,0.779,14.07,3.02,LANE_A,19920.0,-21.7,80.0,1.0,0,450.0,-7.77,-10.25,-7.26,-9.8,1.79,-3.74,-0.44,-2.9,-0.45,21.33,-3.93,0.04,0.051,-0.03,0.7849,1
39.65,TRAIN_M01_LADAKH_NOMINAL,TRAIN,LADAKH,DESCENT_RECOVERY,5184.3,2133.5,57.7,81.08,81.1,81.09,81.06,789.83,788.99,789.63,789.62,4.31,88.88,7.49,3.0,40.47,0.712,14.07,3.35,LANE_A,19913.0,-21.7,80.0,1.0,0,450.0,-7.62,-10.1,-7.11,-9.64,2.1,-3.74,-0.1,-3.11,-0.46,21.46,-4.03,0.0,-0.014,-0.03,0.7865,1
39.7,TRAIN_M01_LADAKH_NOMINAL,TRAIN,LADAKH,DESCENT_RECOVERY,5173.1,2128.9,57.5,81.05,81.07,81.05,81.02,790.03,789.39,789.29,789.73,4.29,88.91,7.43,3.0,40.33,0.718,14.07,2.97,LANE_A,19907.0,-21.7,80.0,1.0,0,450.0,-7.47,-9.95,-6.97,-9.5,2.25,-3.39,-0.49,-3.05,-0.48,21.63,-4.06,-0.13,-0.007,-0.03,0.7886,1
39.75,TRAIN_M01_LADAKH_NOMINAL,TRAIN,LADAKH,DESCENT_RECOVERY,5165.3,2125.6,57.3,81.02,81.03,81.02,80.99,790.32,789.43,789.44,789.95,4.28,88.93,7.34,3.0,40.35,0.711,14.09,3.35,LANE_A,19900.0,-21.7,80.0,1.0,0,450.0,-7.37,-9.86,-6.87,-9.4,2.49,-3.4,-0.39,-2.88,-0.49,21.76,-4.13,-0.11,-0.013,-0.01,0.7903,1
39.8,TRAIN_M01_LADAKH_NOMINAL,TRAIN,LADAKH,DESCENT_RECOVERY,5163.6,2124.9,57.1,80.99,80.99,80.99,80.95,790.82,789.85,789.64,789.71,4.29,88.93,7.35,3.0,40.31,0.738,14.09,3.2,LANE_A,19893.0,-21.6,80.0,1.0,0,450.0,-7.46,-9.96,-6.96,-9.5,2.93,-3.04,-0.25,-3.18,-0.48,21.69,-4.11,-0.14,0.015,-0.01,0.7896,1
39.85,TRAIN_M01_LADAKH_NOMINAL,TRAIN,LADAKH,DESCENT_RECOVERY,5155.3,2121.5,56.9,80.95,80.96,80.94,80.92,790.96,789.93,789.9,789.65,4.3,88.95,7.29,3.0,40.37,0.658,14.07,2.68,LANE_A,19887.0,-21.6,80.0,1.0,0,450.0,-7.37,-9.86,-6.88,-9.4,3.02,-3.01,-0.04,-3.29,-0.46,21.82,-4.15,-0.07,-0.064,-0.03,0.7911,1
39.9,TRAIN_M01_LADAKH_NOMINAL,TRAIN,LADAKH,DESCENT_RECOVERY,5149.9,2119.3,56.8,80.91,80.92,80.91,80.88,791.19,790.31,790.47,790.06,4.25,89.04,7.25,3.0,40.29,0.68,14.12,3.29,LANE_A,19880.0,-21.6,80.0,1.0,0,450.0,-7.33,-9.82,-6.83,-9.36,3.23,-2.65,0.51,-2.9,-0.51,21.97,-4.18,-0.15,-0.041,0.02,0.7933,1
39.95,TRAIN_M01_LADAKH_NOMINAL,TRAIN,LADAKH,DESCENT_RECOVERY,5141.6,2115.9,56.7,80.87,80.88,80.87,80.85,791.0,790.73,790.57,790.36,4.26,89.03,7.26,3.0,40.47,0.711,14.06,3.21,LANE_A,19873.0,-21.6,80.0,1.0,0,450.0,-7.24,-9.73,-6.74,-9.26,3.01,-2.26,0.58,-2.63,-0.5,22.06,-4.15,0.03,-0.009,-0.04,0.7941,1
40.0,TRAIN_M01_LADAKH_NOMINAL,TRAIN,LADAKH,DESCENT_RECOVERY,5135.5,2113.4,56.6,80.84,80.84,80.83,80.81,790.98,790.78,790.5,790.59,4.23,89.11,7.22,3.0,40.48,0.662,14.05,3.09,LANE_A,19867.0,-21.6,80.0,1.0,0,450.0,-7.18,-9.68,-6.69,-9.21,2.97,-2.23,0.49,-2.42,-0.53,22.22,-4.18,0.04,-0.057,-0.05,0.7964,1
40.05,TRAIN_M01_LADAKH_NOMINAL,TRAIN,LADAKH,DESCENT_RECOVERY,5132.8,2112.2,56.5,80.8,80.8,80.79,80.77,791.19,790.95,790.79,790.59,4.27,89.0,7.18,3.0,40.51,0.666,14.05,3.41,LANE_A,19860.0,-21.6,80.0,1.0,0,450.0,-7.18,-9.68,-6.69,-9.21,3.16,-2.08,0.76,-2.44,-0.49,22.14,-4.22,0.07,-0.053,-0.05,0.7951,1
40.1,TRAIN_M01_LADAKH_NOMINAL,TRAIN,LADAKH,DESCENT_RECOVERY,5133.7,2112.6,56.4,80.76,80.76,80.75,80.73,791.11,790.92,790.95,790.6,4.28,88.99,7.16,3.0,40.44,0.775,14.08,3.11,LANE_A,19853.0,-21.6,80.0,1.0,0,450.0,-7.23,-9.73,-6.74,-9.26,3.06,-2.13,0.9,-2.45,-0.48,22.12,-4.24,0.0,0.056,-0.02,0.795,1
40.15,TRAIN_M01_LADAKH_NOMINAL,TRAIN,LADAKH,DESCENT_RECOVERY,5128.5,2110.5,56.4,80.72,80.72,80.71,80.7,790.93,790.98,791.02,790.47,4.26,89.0,7.12,3.0,40.52,0.639,14.06,3.5,LANE_A,19847.0,-21.5,80.0,1.0,0,450.0,-7.29,-9.79,-6.8,-9.31,2.86,-2.09,0.95,-2.6,-0.5,22.09,-4.27,0.07,-0.079,-0.04,0.795,1
40.2,TRAIN_M01_LADAKH_NOMINAL,TRAIN,LADAKH,DESCENT_RECOVERY,5119.3,2106.7,56.3,80.69,80.69,80.67,80.66,791.01,791.14,791.09,790.5,4.25,89.09,7.24,3.0,40.34,0.731,14.12,3.08,LANE_A,19840.0,-21.5,80.0,1.0,0,450.0,-7.18,-9.68,-6.7,-9.21,2.92,-1.95,1.0,-2.59,-0.5,22.29,-4.13,-0.11,0.014,0.02,0.7969,1
40.25,TRAIN_M01_LADAKH_NOMINAL,TRAIN,LADAKH,DESCENT_RECOVERY,5122.3,2108.0,56.3,80.65,80.65,80.63,80.62,791.14,790.92,790.74,790.46,4.27,89.19,7.13,3.0,40.4,0.697,14.07,3.16,LANE_A,19833.0,-21.5,80.0,1.0,0,450.0,-7.27,-9.77,-6.79,-9.3,3.05,-2.17,0.65,-2.63,-0.48,22.36,-4.25,-0.06,-0.02,-0.03,0.7982,1
40.3,TRAIN_M01_LADAKH_NOMINAL,TRAIN,LADAKH,DESCENT_RECOVERY,5121.8,2107.8,56.2,80.61,80.61,80.59,80.58,791.21,791.3,790.88,790.47,4.25,89.37,7.11,3.0,40.58,0.805,14.08,3.33,LANE_A,19827.0,-21.5,80.0,1.0,0,450.0,-7.3,-9.8,-6.82,-9.33,3.1,-1.81,0.77,-2.64,-0.5,22.54,-4.27,0.13,0.088,-0.02,0.8008,1
40.35,TRAIN_M01_LADAKH_NOMINAL,TRAIN,LADAKH,DESCENT_RECOVERY,5112.9,2104.1,56.2,80.58,80.57,80.55,80.54,791.15,791.17,790.71,790.49,4.21,89.35,7.12,3.0,40.53,0.763,14.06,3.26,LANE_A,19820.0,-21.5,80.0,1.0,0,450.0,-7.2,-9.71,-6.73,-9.24,3.04,-1.94,0.6,-2.62,-0.54,22.62,-4.24,0.07,0.047,-0.04,0.8018,1
40.4,TRAIN_M01_LADAKH_NOMINAL,TRAIN,LADAKH,DESCENT_RECOVERY,5113.6,2104.4,56.2,80.54,80.53,80.53,80.5,790.78,790.89,790.58,790.6,4.22,89.34,7.14,3.0,40.44,0.663,14.08,3.33,LANE_A,19813.0,-21.5,80.0,1.0,0,450.0,-7.26,-9.77,-6.77,-9.3,2.67,-2.22,0.47,-2.51,-0.53,22.6,-4.22,-0.03,-0.053,-0.02,0.8015,1
40.45,TRAIN_M01_LADAKH_NOMINAL,TRAIN,LADAKH,DESCENT_RECOVERY,5117.4,2105.9,56.1,80.5,80.48,80.49,80.47,791.27,790.64,790.58,790.66,4.28,89.37,7.09,3.0,40.5,0.703,14.06,3.16,LANE_A,19807.0,-21.5,80.0,1.0,0,450.0,-7.35,-9.87,-6.86,-9.38,3.14,-2.49,0.45,-2.47,-0.47,22.59,-4.28,0.03,-0.014,-0.04,0.8014,1
40.5,TRAIN_M01_LADAKH_NOMINAL,TRAIN,LADAKH,DESCENT_RECOVERY,5117.3,2105.9,56.1,80.47,80.45,80.45,80.43,791.02,790.73,790.72,791.11,4.25,89.3,7.17,3.0,40.58,0.64,14.08,3.4,LANE_A,19800.0,-21.5,80.0,1.0,0,450.0,-7.38,-9.9,-6.9,-9.42,2.89,-2.4,0.59,-2.02,-0.5,22.52,-4.21,0.1,-0.077,-0.02,0.8006,1
40.55,TRAIN_M01_LADAKH_NOMINAL,TRAIN,LADAKH,DESCENT_RECOVERY,5119.1,2106.6,56.1,80.43,80.41,80.42,80.4,790.64,790.75,790.57,790.82,4.25,89.33,7.1,3.0,40.58,0.678,14.06,2.91,LANE_A,19793.0,-21.4,80.0,1.0,0,450.0,-7.54,-10.06,-7.05,-9.57,2.49,-2.4,0.42,-2.33,-0.5,22.43,-4.28,0.09,-0.039,-0.04,0.8,1
40.6,TRAIN_M01_LADAKH_NOMINAL,TRAIN,LADAKH,DESCENT_RECOVERY,5116.5,2105.5,56.1,80.39,80.38,80.38,80.36,790.68,790.78,790.48,790.62,4.27,89.23,7.14,3.0,40.62,0.719,14.1,3.28,LANE_A,19787.0,-21.4,80.0,1.0,0,450.0,-7.55,-10.06,-7.06,-9.58,2.53,-2.37,0.33,-2.53,-0.48,22.36,-4.24,0.13,0.002,0.0,0.7989,1
40.65,TRAIN_M01_LADAKH_NOMINAL,TRAIN,LADAKH,DESCENT_RECOVERY,5114.4,2104.7,56.1,80.35,80.34,80.35,80.32,790.67,790.64,790.53,790.89,4.23,89.36,7.14,3.0,40.44,0.741,14.05,3.12,LANE_A,19780.0,-21.4,80.0,1.0,0,450.0,-7.56,-10.07,-7.06,-9.59,2.52,-2.51,0.38,-2.26,-0.52,22.51,-4.23,-0.06,0.025,-0.05,0.8011,1
40.7,TRAIN_M01_LADAKH_NOMINAL,TRAIN,LADAKH,DESCENT_RECOVERY,5111.5,2103.5,56.1,80.32,80.31,80.31,80.29,790.73,791.15,790.72,790.74,4.25,89.36,7.14,3.0,40.55,0.687,14.07,3.02,LANE_A,19773.0,-21.4,80.0,1.0,0,450.0,-7.56,-10.07,-7.07,-9.59,2.58,-2.0,0.57,-2.41,-0.5,22.54,-4.23,0.04,-0.029,-0.03,0.8013,1
40.75,TRAIN_M01_LADAKH_NOMINAL,TRAIN,LADAKH,DESCENT_RECOVERY,5107.5,2101.9,56.1,80.28,80.27,80.28,80.26,790.86,791.0,790.85,790.79,4.27,89.34,7.07,3.0,40.52,0.747,14.08,3.16,LANE_A,19767.0,-21.4,80.0,1.0,0,450.0,-7.54,-10.05,-7.04,-9.56,2.71,-2.15,0.7,-2.36,-0.48,22.56,-4.3,0.0,0.032,-0.02,0.8015,1
40.8,TRAIN_M01_LADAKH_NOMINAL,TRAIN,LADAKH,DESCENT_RECOVERY,5104.1,2100.5,56.0,80.25,80.23,80.24,80.22,790.79,791.04,791.0,790.88,4.25,89.44,7.14,3.0,40.41,0.721,14.1,3.18,LANE_A,19760.0,-21.4,80.0,1.0,0,450.0,-7.52,-10.04,-7.03,-9.55,2.62,-2.13,0.83,-2.29,-0.5,22.7,-4.22,-0.11,0.006,0.0,0.8032,1
40.85,TRAIN_M01_LADAKH_NOMINAL,TRAIN,LADAKH,DESCENT_RECOVERY,5112.1,2103.7,56.0,80.22,80.2,80.2,80.18,790.76,790.93,791.06,790.8,4.3,89.34,7.2,3.0,40.38,0.698,14.07,3.11,LANE_A,19753.0,-21.4,80.0,1.0,0,450.0,-7.67,-10.19,-7.19,-9.71,2.59,-2.24,0.89,-2.37,-0.45,22.51,-4.18,-0.15,-0.018,-0.03,0.8008,1
40.9,TRAIN_M01_LADAKH_NOMINAL,TRAIN,LADAKH,DESCENT_RECOVERY,5110.3,2103.0,56.0,80.18,80.16,80.17,80.15,791.02,790.92,790.8,790.93,4.23,89.43,7.07,3.0,40.46,0.666,14.06,2.99,LANE_A,19747.0,-21.4,80.0,1.0,0,450.0,-7.69,-10.21,-7.2,-9.72,2.85,-2.25,0.63,-2.24,-0.52,22.62,-4.31,-0.07,-0.05,-0.04,0.803,1
40.95,TRAIN_M01_LADAKH_NOMINAL,TRAIN,LADAKH,DESCENT_RECOVERY,5108.5,2102.3,56.0,80.14,80.13,80.14,80.11,791.35,790.93,791.3,791.08,4.22,89.39,7.13,3.0,40.49,0.725,14.06,3.57,LANE_A,19740.0,-21.3,80.0,1.0,0,450.0,-7.8,-10.31,-7.3,-9.83,3.16,-2.26,1.11,-2.11,-0.53,22.5,-4.24,-0.05,0.01,-0.04,0.8016,1
41.0,TRAIN_M01_LADAKH_NOMINAL,TRAIN,LADAKH,DESCENT_RECOVERY,5114.9,2104.9,56.0,80.1,80.1,80.1,80.08,791.31,791.08,791.22,790.99,4.23,89.47,7.1,3.0,40.55,0.698,14.11,3.28,LANE_A,19733.0,-21.3,80.0,1.0,0,450.0,-7.94,-10.44,-7.44,-9.96,3.12,-2.11,1.03,-2.2,-0.52,22.5,-4.29,0.0,-0.018,0.01,0.802,1
41.05,TRAIN_M01_LADAKH_NOMINAL,TRAIN,LADAKH,DESCENT_RECOVERY,5111.0,2103.3,56.0,80.07,80.06,80.07,80.05,790.93,791.19,790.7,791.04,4.22,89.35,7.04,3.0,40.52,0.676,14.07,3.18,LANE_A,19727.0,-21.3,80.0,1.0,0,450.0,-7.91,-10.42,-7.41,-9.93,2.74,-2.0,0.51,-2.15,-0.53,22.42,-4.35,-0.04,-0.04,-0.03,0.8012,1
41.1,TRAIN_M01_LADAKH_NOMINAL,TRAIN,LADAKH,DESCENT_RECOVERY,5108.3,2102.2,56.0,80.03,80.04,80.03,80.01,790.77,791.11,790.62,791.04,4.24,89.45,7.08,3.0,40.51,0.778,14.07,3.28,LANE_A,19720.0,-21.3,80.0,1.0,0,450.0,-7.92,-10.41,-7.42,-9.94,2.58,-2.08,0.43,-2.15,-0.51,22.55,-4.3,-0.06,0.063,-0.03,0.8026,1
41.15,TRAIN_M01_LADAKH_NOMINAL,TRAIN,LADAKH,DESCENT_RECOVERY,5105.2,2100.9,56.0,79.99,80.0,80.0,79.98,790.86,791.32,791.07,791.07,4.2,89.38,7.02,3.0,40.57,0.806,14.09,3.37,LANE_A,19713.0,-21.3,80.0,1.0,0,450.0,-7.92,-10.41,-7.41,-9.93,2.67,-1.87,0.88,-2.12,-0.55,22.51,-4.36,0.0,0.091,-0.01,0.8025,1
41.2,TRAIN_M01_LADAKH_NOMINAL,TRAIN,LADAKH,DESCENT_RECOVERY,5102.6,2099.8,56.0,79.96,79.96,79.97,79.95,790.89,790.99,791.12,791.18,4.17,89.29,7.15,3.0,40.67,0.705,14.07,3.26,LANE_A,19707.0,-21.3,80.0,1.0,0,450.0,-7.91,-10.41,-7.4,-9.92,2.7,-2.2,0.93,-2.01,-0.57,22.45,-4.23,0.09,-0.01,-0.03,0.8015,1
41.25,TRAIN_M01_LADAKH_NOMINAL,TRAIN,LADAKH,DESCENT_RECOVERY,5108.8,2102.4,56.0,79.93,79.93,79.94,79.92,790.61,791.5,791.08,791.63,4.26,89.27,7.17,3.0,40.55,0.762,14.06,3.02,LANE_A,19700.0,-21.3,80.0,1.0,0,450.0,-8.04,-10.54,-7.53,-10.05,2.42,-1.69,0.89,-1.56,-0.49,22.36,-4.22,-0.04,0.047,-0.04,0.8002,1
41.3,TRAIN_M01_LADAKH_NOMINAL,TRAIN,LADAKH,DESCENT_RECOVERY,5106.7,2101.5,56.0,79.91,79.91,79.91,79.89,790.53,791.77,791.03,791.47,4.28,89.23,7.2,3.0,40.6,0.72,14.08,3.33,LANE_A,19693.0,-21.3,80.0,1.0,0,450.0,-8.03,-10.53,-7.53,-10.05,2.34,-1.42,0.84,-1.72,-0.47,22.34,-4.19,0.0,0.005,-0.02,0.7997,1
41.35,TRAIN_M01_LADAKH_NOMINAL,TRAIN,LADAKH,DESCENT_RECOVERY,5107.3,2101.8,56.0,79.88,79.88,79.88,79.86,790.46,791.71,791.16,791.03,4.29,89.22,7.2,3.0,40.72,0.717,14.07,3.17,LANE_A,19687.0,-21.2,80.0,1.0,0,450.0,-8.17,-10.67,-7.67,-10.19,2.26,-1.49,0.96,-2.17,-0.45,22.22,-4.19,0.11,0.002,-0.03,0.7984,1
41.4,TRAIN_M01_LADAKH_NOMINAL,TRAIN,LADAKH,DESCENT_RECOVERY,5097.1,2097.6,56.0,79.84,79.85,79.85,79.83,791.28,791.38,791.28,791.23,4.23,89.22,7.09,3.0,40.69,0.755,14.07,3.37,LANE_A,19680.0,-21.2,80.0,1.0,0,450.0,-8.06,-10.55,-7.55,-10.07,3.08,-1.82,1.08,-1.97,-0.51,22.34,-4.28,0.08,0.041,-0.03,0.8002,1
41.45,TRAIN_M01_LADAKH_NOMINAL,TRAIN,LADAKH,DESCENT_RECOVERY,5101.1,2099.2,56.0,79.81,79.81,79.82,79.8,791.1,791.0,791.31,791.24,4.3,89.21,7.07,3.0,40.75,0.731,14.08,3.37,LANE_A,19673.0,-21.2,80.0,1.0,0,450.0,-8.16,-10.66,-7.65,-10.17,2.9,-2.2,1.11,-1.96,-0.44,22.28,-4.31,0.13,0.017,-0.02,0.7993,1
41.5,TRAIN_M01_LADAKH_NOMINAL,TRAIN,LADAKH,DESCENT_RECOVERY,5103.1,2100.0,56.0,79.78,79.78,79.79,79.77,791.21,791.23,791.36,790.93,4.28,89.13,7.12,3.0,40.67,0.666,14.1,3.04,LANE_A,19667.0,-21.2,80.0,1.0,0,450.0,-8.22,-10.72,-7.71,-10.23,3.01,-1.97,1.16,-2.27,-0.46,22.17,-4.27,0.04,-0.049,0.0,0.7981,1
41.55,TRAIN_M01_LADAKH_NOMINAL,TRAIN,LADAKH,DESCENT_RECOVERY,5094.9,2096.7,56.0,79.74,79.76,79.76,79.74,791.55,791.08,791.68,790.86,4.26,89.13,7.12,3.0,40.67,0.655,14.08,3.19,LANE_A,19660.0,-21.2,80.0,1.0,0,450.0,-8.14,-10.62,-7.62,-10.14,3.35,-2.12,1.48,-2.34,-0.48,22.26,-4.26,0.03,-0.058,-0.02,0.7992,1
41.6,TRAIN_M01_LADAKH_NOMINAL,TRAIN,LADAKH,DESCENT_RECOVERY,5096.6,2097.4,56.0,79.71,79.72,79.73,79.7,791.47,790.93,791.7,791.05,4.21,89.22,7.06,3.0,40.66,0.745,14.06,3.23,LANE_A,19653.0,-21.2,80.0,1.0,0,450.0,-8.2,-10.69,-7.68,-10.21,3.27,-2.27,1.5,-2.15,-0.53,22.33,-4.32,0.01,0.031,-0.04,0.8007,1
41.65,TRAIN_M01_LADAKH_NOMINAL,TRAIN,LADAKH,DESCENT_RECOVERY,5097.9,2097.9,56.0,79.68,79.7,79.7,79.67,791.41,790.53,791.67,791.0,4.23,89.28,7.04,3.0,40.82,0.731,14.08,3.24,LANE_A,19647.0,-21.2,80.0,1.0,0,450.0,-8.26,-10.74,-7.74,-10.27,3.21,-2.67,1.47,-2.2,-0.51,22.37,-4.35,0.17,0.017,-0.02,0.8013,1
41.7,TRAIN_M01_LADAKH_NOMINAL,TRAIN,LADAKH,DESCENT_RECOVERY,5091.2,2095.1,56.0,79.65,79.66,79.66,79.64,791.26,790.74,791.64,791.15,4.22,89.43,7.0,3.0,40.8,0.719,14.08,2.97,LANE_A,19640.0,-21.2,80.0,1.0,0,450.0,-8.19,-10.68,-7.68,-10.2,3.06,-2.46,1.44,-2.05,-0.52,22.6,-4.38,0.14,0.006,-0.02,0.8041,1
41.75,TRAIN_M01_LADAKH_NOMINAL,TRAIN,LADAKH,DESCENT_RECOVERY,5089.9,2094.6,56.0,79.62,79.63,79.63,79.61,791.25,790.81,791.67,791.29,4.24,89.4,6.98,3.0,40.87,0.752,14.1,3.16,LANE_A,19633.0,-21.1,80.0,1.0,0,450.0,-8.3,-10.79,-7.79,-10.31,3.03,-2.41,1.45,-1.93,-0.5,22.48,-4.39,0.2,0.039,0.0,0.8028,1
41.8,TRAIN_M01_LADAKH_NOMINAL,TRAIN,LADAKH,DESCENT_RECOVERY,5092.8,2095.8,56.0,79.58,79.6,79.59,79.58,791.28,790.81,791.44,791.23,4.19,89.39,7.13,3.0,40.76,0.673,14.08,3.33,LANE_A,19627.0,-21.1,80.0,1.0,0,450.0,-8.39,-10.87,-7.88,-10.39,3.06,-2.41,1.22,-1.99,-0.55,22.44,-4.25,0.08,-0.04,-0.02,0.8025,1
41.85,TRAIN_M01_LADAKH_NOMINAL,TRAIN,LADAKH,DESCENT_RECOVERY,5089.9,2094.6,56.0,79.55,79.57,79.57,79.55,791.31,790.93,791.44,791.35,4.26,89.4,7.1,3.0,40.69,0.719,14.05,3.07,LANE_A,19620.0,-21.1,80.0,1.0,0,450.0,-8.38,-10.86,-7.86,-10.38,3.09,-2.29,1.22,-1.87,-0.48,22.48,-4.28,0.0,0.006,-0.05,0.8026,1
41.9,TRAIN_M01_LADAKH_NOMINAL,TRAIN,LADAKH,DESCENT_RECOVERY,5092.3,2095.6,56.0,79.52,79.54,79.54,79.52,791.17,791.13,792.04,791.32,4.28,89.23,7.21,3.0,40.76,0.679,14.07,3.2,LANE_A,19613.0,-21.1,80.0,1.0,0,450.0,-8.45,-10.93,-7.93,-10.45,2.95,-2.09,1.82,-1.9,-0.46,22.28,-4.18,0.06,-0.034,-0.03,0.7999,1
41.95,TRAIN_M01_LADAKH_NOMINAL,TRAIN,LADAKH,DESCENT_RECOVERY,5094.7,2096.6,56.0,79.49,79.52,79.51,79.49,791.04,791.09,792.1,791.24,4.22,89.17,7.26,3.0,40.75,0.728,14.09,3.19,LANE_A,19607.0,-21.1,80.0,1.0,0,450.0,-8.52,-10.99,-8.0,-10.52,2.82,-2.13,1.88,-1.98,-0.52,22.18,-4.14,0.05,0.015,-0.01,0.7991,1
42.0,TRAIN_M01_LADAKH_NOMINAL,TRAIN,LADAKH,DESCENT_RECOVERY,5100.4,2098.9,56.0,79.46,79.49,79.49,79.47,791.02,791.5,791.77,791.53,4.25,89.32,7.25,3.0,40.65,0.699,14.08,3.21,LANE_A,19600.0,-21.1,80.0,1.0,0,450.0,-8.63,-11.1,-8.1,-10.62,2.8,-1.72,1.55,-1.69,-0.49,22.27,-4.16,-0.06,-0.015,-0.02,0.8004,1
42.05,TRAIN_M01_LADAKH_NOMINAL,TRAIN,LADAKH,DESCENT_RECOVERY,5097.3,2097.6,56.0,79.44,79.47,79.46,79.44,790.75,791.65,791.54,792.09,4.24,89.31,7.19,3.0,40.76,0.69,14.08,3.31,LANE_A,19593.0,-21.1,80.0,1.0,0,450.0,-8.61,-11.08,-8.09,-10.61,2.53,-1.57,1.32,-1.13,-0.5,22.29,-4.22,0.04,-0.024,-0.02,0.8008,1
42.1,TRAIN_M01_LADAKH_NOMINAL,TRAIN,LADAKH,DESCENT_RECOVERY,5092.5,2095.7,56.0,79.41,79.45,79.43,79.42,790.74,791.61,791.42,792.04,4.25,89.5,7.31,3.0,40.7,0.701,14.08,3.48,LANE_A,19587.0,-21.1,80.0,1.0,0,450.0,-8.58,-11.04,-8.06,-10.57,2.52,-1.61,1.2,-1.18,-0.49,22.53,-4.09,-0.03,-0.012,-0.02,0.8034,1
42.15,TRAIN_M01_LADAKH_NOMINAL,TRAIN,LADAKH,DESCENT_RECOVERY,5094.1,2096.3,56.0,79.39,79.43,79.41,79.39,790.77,791.43,791.54,791.92,4.21,89.3,7.24,3.0,40.78,0.731,14.06,3.11,LANE_A,19580.0,-21.0,80.0,1.0,0,450.0,-8.72,-11.18,-8.2,-10.72,2.54,-1.8,1.31,-1.31,-0.53,22.21,-4.16,0.04,0.018,-0.04,0.8002,1
42.2,TRAIN_M01_LADAKH_NOMINAL,TRAIN,LADAKH,DESCENT_RECOVERY,5092.9,2095.8,56.0,79.36,79.41,79.39,79.37,790.82,791.59,791.36,792.02,4.21,89.15,7.23,3.0,40.82,0.676,14.07,3.24,LANE_A,19573.0,-21.0,80.0,1.0,0,450.0,-8.73,-11.18,-8.2,-10.72,2.59,-1.64,1.13,-1.21,-0.53,22.07,-4.17,0.08,-0.037,-0.03,0.7984,1
42.25,TRAIN_M01_LADAKH_NOMINAL,TRAIN,LADAKH,DESCENT_RECOVERY,5097.4,2097.7,56.0,79.33,79.39,79.37,79.34,790.9,791.3,791.18,791.99,4.22,89.1,7.2,3.0,40.69,0.734,14.08,3.07,LANE_A,19567.0,-21.0,80.0,1.0,0,450.0,-8.83,-11.27,-8.29,-10.82,2.67,-1.93,0.95,-1.24,-0.52,21.97,-4.22,-0.06,0.02,-0.02,0.7974,1
42.3,TRAIN_M01_LADAKH_NOMINAL,TRAIN,LADAKH,DESCENT_RECOVERY,5102.1,2099.6,56.0,79.31,79.36,79.34,79.32,790.86,791.31,791.08,791.85,4.22,89.01,7.19,3.0,40.68,0.695,14.07,3.28,LANE_A,19560.0,-21.0,80.0,1.0,0,450.0,-8.93,-11.38,-8.4,-10.92,2.63,-1.92,0.85,-1.38,-0.52,21.82,-4.24,-0.08,-0.019,-0.03,0.7958,1
42.35,TRAIN_M01_LADAKH_NOMINAL,TRAIN,LADAKH,DESCENT_RECOVERY,5107.2,2101.7,56.0,79.29,79.34,79.32,79.3,791.29,791.34,791.31,792.0,4.21,89.0,7.15,3.0,40.7,0.659,14.09,3.31,LANE_A,19553.0,-21.0,80.0,1.0,0,450.0,-9.02,-11.47,-8.49,-11.01,3.06,-1.89,1.08,-1.23,-0.53,21.75,-4.3,-0.07,-0.056,-0.01,0.7954,1
42.4,TRAIN_M01_LADAKH_NOMINAL,TRAIN,LADAKH,DESCENT_RECOVERY,5103.0,2100.0,56.0,79.27,79.31,79.29,79.28,791.29,791.29,791.53,791.95,4.21,89.12,7.14,3.0,40.59,0.666,14.08,3.75,LANE_A,19547.0,-21.0,80.0,1.0,0,450.0,-8.99,-11.45,-8.47,-10.98,3.06,-1.94,1.3,-1.28,-0.53,21.91,-4.3,-0.19,-0.049,-0.02,0.7974,1
42.45,TRAIN_M01_LADAKH_NOMINAL,TRAIN,LADAKH,DESCENT_RECOVERY,5102.6,2099.8,56.0,79.23,79.29,79.26,79.26,791.14,791.33,791.59,791.87,4.23,89.23,7.1,3.0,40.77,0.742,14.07,3.21,LANE_A,19540.0,-21.0,80.0,1.0,0,450.0,-9.02,-11.46,-8.49,-10.99,2.91,-1.9,1.36,-1.36,-0.51,22.03,-4.34,-0.01,0.027,-0.03,0.7989,1
42.5,TRAIN_M01_LADAKH_NOMINAL,TRAIN,LADAKH,DESCENT_RECOVERY,5100.8,2099.1,56.0,79.2,79.26,79.24,79.23,791.17,791.55,791.29,791.73,4.19,89.26,7.15,3.0,40.72,0.701,14.07,3.1,LANE_A,19533.0,-21.0,80.0,1.0,0,450.0,-9.03,-11.47,-8.49,-11.0,2.94,-1.68,1.06,-1.5,-0.55,22.07,-4.29,-0.07,-0.013,-0.03,0.7996,1
42.55,TRAIN_M01_LADAKH_NOMINAL,TRAIN,LADAKH,DESCENT_RECOVERY,5109.2,2102.5,56.0,79.17,79.24,79.21,79.21,791.15,791.48,791.27,791.87,4.25,89.21,7.1,3.0,40.69,0.708,14.08,3.19,LANE_A,19527.0,-20.9,80.0,1.0,0,450.0,-9.28,-11.71,-8.74,-11.24,2.9,-1.77,1.02,-1.38,-0.49,21.83,-4.36,-0.11,-0.007,-0.02,0.797,1
42.6,TRAIN_M01_LADAKH_NOMINAL,TRAIN,LADAKH,DESCENT_RECOVERY,5111.7,2103.6,56.0,79.14,79.21,79.19,79.18,791.41,791.85,791.28,791.82,4.21,89.1,7.14,3.0,40.79,0.698,14.06,3.21,LANE_A,19520.0,-20.9,80.0,1.0,0,450.0,-9.35,-11.78,-8.8,-11.31,3.16,-1.4,1.03,-1.43,-0.53,21.69,-4.33,-0.02,-0.018,-0.04,0.7956,1
42.65,TRAIN_M01_LADAKH_NOMINAL,TRAIN,LADAKH,DESCENT_RECOVERY,5110.0,2102.9,56.0,79.12,79.19,79.17,79.16,791.33,791.7,791.56,791.79,4.28,89.19,7.15,3.0,40.82,0.683,14.06,3.18,LANE_A,19513.0,-20.9,80.0,1.0,0,450.0,-9.35,-11.78,-8.8,-11.31,3.08,-1.55,1.31,-1.46,-0.46,21.79,-4.32,0.0,-0.033,-0.04,0.7964,1
42.7,TRAIN_M01_LADAKH_NOMINAL,TRAIN,LADAKH,DESCENT_RECOVERY,5107.6,2101.9,56.0,79.1,79.17,79.14,79.13,791.19,791.66,791.3,792.06,4.23,89.12,7.1,3.0,40.79,0.681,14.08,3.2,LANE_A,19507.0,-20.9,80.0,1.0,0,450.0,-9.34,-11.77,-8.8,-11.31,2.94,-1.59,1.05,-1.19,-0.51,21.75,-4.36,-0.03,-0.034,-0.02,0.7963,1
42.75,TRAIN_M01_LADAKH_NOMINAL,TRAIN,LADAKH,DESCENT_RECOVERY,5104.4,2100.6,56.0,79.08,79.14,79.12,79.11,791.12,791.85,791.26,792.23,4.24,89.03,7.17,3.0,40.8,0.756,14.09,3.13,LANE_A,19500.0,-20.9,80.0,1.0,0,450.0,-9.32,-11.76,-8.78,-11.29,2.87,-1.4,1.01,-1.02,-0.5,21.69,-4.29,-0.03,0.041,-0.01,0.7952,1
42.8,TRAIN_M01_LADAKH_NOMINAL,TRAIN,LADAKH,DESCENT_RECOVERY,5104.3,2100.5,56.0,79.06,79.12,79.1,79.09,791.41,791.78,790.85,792.32,4.25,89.14,7.13,3.0,40.95,0.743,14.09,3.22,LANE_A,19493.0,-20.9,80.0,1.0,0,450.0,-9.34,-11.78,-8.8,-11.31,3.16,-1.47,0.6,-0.93,-0.49,21.8,-4.33,0.11,0.028,-0.01,0.7967,1
42.85,TRAIN_M01_LADAKH_NOMINAL,TRAIN,LADAKH,DESCENT_RECOVERY,5101.1,2099.2,56.0,79.03,79.1,79.08,79.07,791.72,791.75,791.28,791.97,4.26,89.1,7.16,3.0,40.86,0.691,14.08,2.9,LANE_A,19487.0,-20.9,80.0,1.0,0,450.0,-9.33,-11.76,-8.78,-11.29,3.47,-1.5,1.03,-1.28,-0.48,21.79,-4.3,0.01,-0.023,-0.02,0.7964,1
42.9,TRAIN_M01_LADAKH_NOMINAL,TRAIN,LADAKH,DESCENT_RECOVERY,5103.5,2100.2,56.0,79.02,79.07,79.07,79.04,791.48,791.64,791.08,791.64,4.28,89.13,7.18,3.0,40.95,0.679,14.08,3.4,LANE_A,19480.0,-20.9,80.0,1.0,0,450.0,-9.38,-11.83,-8.83,-11.36,3.23,-1.61,0.83,-1.61,-0.46,21.79,-4.29,0.09,-0.036,-0.02,0.7965,1
42.95,TRAIN_M01_LADAKH_NOMINAL,TRAIN,LADAKH,DESCENT_RECOVERY,5102.2,2099.7,56.0,78.99,79.05,79.04,79.02,791.11,791.26,791.35,791.63,4.21,89.1,7.15,3.0,41.0,0.746,14.08,3.21,LANE_A,19473.0,-20.8,80.0,1.0,0,450.0,-9.49,-11.93,-8.94,-11.46,2.85,-2.0,1.09,-1.63,-0.53,21.68,-4.31,0.14,0.032,-0.02,0.7958,1
43.0,TRAIN_M01_LADAKH_NOMINAL,TRAIN,LADAKH,DESCENT_RECOVERY,5100.4,2098.9,56.0,78.96,79.03,79.02,79.0,790.98,791.2,791.41,791.84,4.23,89.02,7.06,3.0,41.02,0.783,14.08,3.18,LANE_A,19467.0,-20.8,80.0,1.0,0,450.0,-9.49,-11.92,-8.93,-11.45,2.72,-2.06,1.15,-1.42,-0.51,21.62,-4.4,0.15,0.069,-0.02,0.7951,1
43.05,TRAIN_M01_LADAKH_NOMINAL,TRAIN,LADAKH,DESCENT_RECOVERY,5105.3,2101.0,56.0,78.94,79.0,78.99,78.97,790.98,791.17,791.3,791.64,4.27,89.06,7.12,3.0,41.05,0.689,14.08,3.27,LANE_A,19460.0,-20.8,80.0,1.0,0,450.0,-9.59,-12.03,-9.04,-11.56,2.72,-2.09,1.04,-1.62,-0.47,21.6,-4.36,0.17,-0.026,-0.02,0.7948,1
43.1,TRAIN_M01_LADAKH_NOMINAL,TRAIN,LADAKH,DESCENT_RECOVERY,5111.3,2103.4,56.0,78.92,78.98,78.98,78.95,790.71,790.7,791.17,791.83,4.24,88.9,7.2,3.0,40.91,0.703,14.07,3.15,LANE_A,19453.0,-20.8,80.0,1.0,0,450.0,-9.7,-12.14,-9.14,-11.67,2.45,-2.56,0.91,-1.43,-0.5,21.36,-4.29,0.02,-0.013,-0.03,0.792,1
43.15,TRAIN_M01_LADAKH_NOMINAL,TRAIN,LADAKH,DESCENT_RECOVERY,5110.8,2103.2,56.0,78.9,78.96,78.96,78.92,790.73,790.67,790.9,791.59,4.25,89.0,7.13,3.0,40.93,0.746,14.09,3.16,LANE_A,19447.0,-20.8,80.0,1.0,0,450.0,-9.72,-12.16,-9.16,-11.7,2.47,-2.59,0.64,-1.67,-0.49,21.47,-4.37,0.03,0.03,-0.01,0.7937,1
43.2,TRAIN_M01_LADAKH_NOMINAL,TRAIN,LADAKH,DESCENT_RECOVERY,5103.3,2100.1,56.0,78.88,78.94,78.93,78.9,790.86,790.72,790.87,791.56,4.3,89.05,7.15,3.0,40.84,0.765,14.06,3.18,LANE_A,19440.0,-20.8,80.0,1.0,0,450.0,-9.63,-12.07,-9.08,-11.61,2.6,-2.54,0.61,-1.7,-0.44,21.6,-4.33,-0.06,0.05,-0.04,0.7947,1
43.25,TRAIN_M01_LADAKH_NOMINAL,TRAIN,LADAKH,DESCENT_RECOVERY,5105.5,2101.0,56.0,78.87,78.93,78.91,78.88,790.99,790.5,790.79,791.43,4.26,88.97,7.28,3.0,40.87,0.703,14.09,3.36,LANE_A,19433.0,-20.8,80.0,1.0,0,450.0,-9.68,-12.12,-9.14,-11.67,2.73,-2.76,0.53,-1.83,-0.48,21.49,-4.21,-0.04,-0.012,-0.01,0.7934,1
43.3,TRAIN_M01_LADAKH_NOMINAL,TRAIN,LADAKH,DESCENT_RECOVERY,5095.5,2096.9,56.0,78.85,78.91,78.9,78.86,791.1,790.73,790.91,791.46,4.25,88.94,7.21,3.0,40.92,0.709,14.07,3.28,LANE_A,19427.0,-20.8,80.0,1.0,0,450.0,-9.56,-12.0,-9.01,-11.55,2.84,-2.53,0.65,-1.8,-0.48,21.57,-4.26,0.0,-0.004,-0.03,0.7942,1
43.35,TRAIN_M01_LADAKH_NOMINAL,TRAIN,LADAKH,DESCENT_RECOVERY,5085.8,2092.9,56.0,78.83,78.89,78.88,78.84,791.28,791.02,791.34,791.7,4.23,88.9,7.19,3.0,40.83,0.684,14.09,3.0,LANE_A,19420.0,-20.7,80.0,1.0,0,450.0,-9.53,-11.97,-8.98,-11.52,3.0,-2.26,1.06,-1.58,-0.5,21.55,-4.26,-0.1,-0.028,-0.01,0.794,1
43.4,TRAIN_M01_LADAKH_NOMINAL,TRAIN,LADAKH,DESCENT_RECOVERY,5084.5,2092.4,56.0,78.81,78.87,78.85,78.82,791.06,791.15,790.85,791.71,4.23,88.93,7.17,3.0,40.92,0.696,14.09,3.16,LANE_A,19413.0,-20.7,80.0,1.0,0,450.0,-9.54,-11.98,-9.0,-11.53,2.78,-2.13,0.57,-1.57,-0.5,21.59,-4.28,-0.02,-0.016,-0.01,0.7946,1
43.45,TRAIN_M01_LADAKH_NOMINAL,TRAIN,LADAKH,DESCENT_RECOVERY,5093.9,2096.3,56.0,78.79,78.85,78.83,78.8,791.56,791.06,790.73,791.61,4.22,88.94,7.17,3.0,40.81,0.665,14.08,3.15,LANE_A,19407.0,-20.7,80.0,1.0,0,450.0,-9.7,-12.14,-9.16,-11.69,3.28,-2.22,0.45,-1.67,-0.51,21.49,-4.3,-0.14,-0.048,-0.02,0.7939,1
43.5,TRAIN_M01_LADAKH_NOMINAL,TRAIN,LADAKH,DESCENT_RECOVERY,5095.1,2096.7,56.0,78.78,78.83,78.81,78.79,791.16,790.7,790.75,791.74,4.25,88.95,7.26,3.0,40.8,0.739,14.1,3.29,LANE_A,19400.0,-20.7,80.0,1.0,0,450.0,-9.73,-12.18,-9.2,-11.72,2.88,-2.58,0.47,-1.54,-0.48,21.48,-4.22,-0.15,0.026,0.0,0.7935,1
43.55,TRAIN_M01_LADAKH_NOMINAL,TRAIN,LADAKH,DESCENT_RECOVERY,5092.4,2095.6,56.0,78.76,78.81,78.79,78.76,791.77,790.79,790.97,791.62,4.25,88.96,7.18,3.0,40.73,0.695,14.07,3.28,LANE_A,19393.0,-20.7,80.0,1.0,0,450.0,-9.72,-12.17,-9.19,-11.72,3.49,-2.49,0.69,-1.66,-0.48,21.52,-4.3,-0.23,-0.018,-0.03,0.7942,1
43.6,TRAIN_M01_LADAKH_NOMINAL,TRAIN,LADAKH,DESCENT_RECOVERY,5090.9,2095.0,56.0,78.74,78.79,78.77,78.74,791.52,790.99,791.14,791.37,4.26,88.95,7.19,3.0,40.85,0.737,14.07,3.22,LANE_A,19387.0,-20.7,80.0,1.0,0,450.0,-9.72,-12.17,-9.19,-11.72,3.24,-2.29,0.86,-1.91,-0.47,21.52,-4.29,-0.12,0.024,-0.03,0.7941,1
43.65,TRAIN_M01_LADAKH_NOMINAL,TRAIN,LADAKH,DESCENT_RECOVERY,5092.2,2095.6,56.0,78.73,78.77,78.75,78.73,791.28,791.19,791.3,791.65,4.22,88.86,7.19,3.0,40.82,0.729,14.09,3.51,LANE_A,19380.0,-20.7,80.0,1.0,0,450.0,-9.75,-12.21,-9.23,-11.75,3.0,-2.09,1.02,-1.63,-0.51,21.42,-4.29,-0.16,0.016,-0.01,0.7931,1
43.7,TRAIN_M01_LADAKH_NOMINAL,TRAIN,LADAKH,DESCENT_RECOVERY,5103.0,2100.0,56.0,78.71,78.75,78.73,78.71,791.11,791.08,790.96,791.19,4.26,88.76,7.13,3.0,40.95,0.764,14.05,2.87,LANE_A,19373.0,-20.7,80.0,1.0,0,450.0,-9.93,-12.39,-9.41,-11.93,2.83,-2.2,0.68,-2.09,-0.47,21.19,-4.38,-0.04,0.049,-0.05,0.7906,1
43.75,TRAIN_M01_LADAKH_NOMINAL,TRAIN,LADAKH,DESCENT_RECOVERY,5100.0,2098.8,56.0,78.69,78.73,78.72,78.69,791.14,791.29,791.11,791.32,4.27,88.76,7.16,3.0,40.95,0.67,14.09,3.26,LANE_A,19367.0,-20.7,80.0,1.0,0,450.0,-9.91,-12.37,-9.38,-11.91,2.86,-1.99,0.83,-1.96,-0.46,21.22,-4.35,-0.04,-0.044,-0.01,0.7908,1
43.8,TRAIN_M01_LADAKH_NOMINAL,TRAIN,LADAKH,DESCENT_RECOVERY,5095.9,2097.1,56.0,78.67,78.71,78.7,78.68,791.28,791.23,791.03,790.87,4.23,88.77,7.12,3.0,41.06,0.756,14.08,3.05,LANE_A,19360.0,-20.6,80.0,1.0,0,450.0,-9.97,-12.43,-9.44,-11.96,2.99,-2.06,0.74,-2.42,-0.5,21.18,-4.38,0.06,0.042,-0.02,0.7908,1
43.85,TRAIN_M01_LADAKH_NOMINAL,TRAIN,LADAKH,DESCENT_RECOVERY,5089.7,2094.5,56.0,78.65,78.69,78.68,78.66,791.29,790.9,791.48,791.25,4.24,88.87,7.11,3.0,41.08,0.652,14.08,3.21,LANE_A,19353.0,-20.6,80.0,1.0,0,450.0,-9.9,-12.36,-9.37,-11.89,3.0,-2.39,1.19,-2.04,-0.49,21.35,-4.37,0.07,-0.061,-0.02,0.7927,1
43.9,TRAIN_M01_LADAKH_NOMINAL,TRAIN,LADAKH,DESCENT_RECOVERY,5086.1,2093.1,56.0,78.63,78.67,78.66,78.63,791.56,790.78,791.34,791.16,4.2,88.87,7.16,3.0,41.0,0.668,14.07,3.28,LANE_A,19347.0,-20.6,80.0,1.0,0,450.0,-9.88,-12.34,-9.35,-11.88,3.27,-2.51,1.05,-2.13,-0.53,21.39,-4.32,-0.02,-0.044,-0.03,0.7933,1
43.95,TRAIN_M01_LADAKH_NOMINAL,TRAIN,LADAKH,DESCENT_RECOVERY,5083.4,2091.9,56.0,78.61,78.66,78.65,78.62,791.47,790.69,791.37,791.38,4.26,88.95,7.26,3.0,40.88,0.695,14.09,3.76,LANE_A,19340.0,-20.6,80.0,1.0,0,450.0,-9.86,-12.31,-9.32,-11.85,3.18,-2.6,1.08,-1.91,-0.47,21.49,-4.22,-0.15,-0.017,-0.01,0.794,1
44.0,TRAIN_M01_LADAKH_NOMINAL,TRAIN,LADAKH,DESCENT_RECOVERY,5082.7,2091.6,56.0,78.59,78.64,78.64,78.6,791.09,790.8,791.37,791.4,4.26,88.87,7.24,3.0,40.94,0.642,14.07,3.11,LANE_A,19333.0,-20.6,80.0,1.0,0,450.0,-9.87,-12.32,-9.32,-11.86,2.8,-2.49,1.08,-1.89,-0.47,21.42,-4.24,-0.1,-0.07,-0.03,0.7931,1
44.05,TRAIN_M01_LADAKH_NOMINAL,TRAIN,LADAKH,DESCENT_RECOVERY,5087.9,2093.8,56.0,78.58,78.62,78.62,78.59,790.89,790.83,791.12,791.31,4.24,88.88,7.28,3.0,40.97,0.667,14.05,3.23,LANE_A,19327.0,-20.6,80.0,1.0,0,450.0,-9.96,-12.42,-9.42,-11.95,2.6,-2.46,0.83,-1.98,-0.49,21.37,-4.21,-0.07,-0.045,-0.05,0.7928,1
44.1,TRAIN_M01_LADAKH_NOMINAL,TRAIN,LADAKH,DESCENT_RECOVERY,5084.3,2092.3,56.0,78.57,78.61,78.61,78.57,791.2,790.81,791.2,791.53,4.23,88.91,7.27,3.0,40.89,0.765,14.09,3.25,LANE_A,19320.0,-20.6,80.0,1.0,0,450.0,-9.93,-12.39,-9.39,-11.93,2.91,-2.48,0.91,-1.76,-0.5,21.43,-4.22,-0.16,0.053,-0.01,0.7936,1
44.15,TRAIN_M01_LADAKH_NOMINAL,TRAIN,LADAKH,DESCENT_RECOVERY,5078.5,2089.9,56.0,78.56,78.59,78.6,78.55,791.1,790.76,790.86,791.57,4.28,88.83,7.34,3.0,41.05,0.672,14.07,3.28,LANE_A,19313.0,-20.6,80.0,1.0,0,450.0,-9.86,-12.33,-9.32,-11.87,2.81,-2.53,0.57,-1.72,-0.44,21.42,-4.14,-0.01,-0.039,-0.03,0.7927,1
44.2,TRAIN_M01_LADAKH_NOMINAL,TRAIN,LADAKH,DESCENT_RECOVERY,5077.6,2089.6,56.0,78.54,78.58,78.58,78.54,791.1,790.87,790.48,791.72,4.26,88.73,7.31,3.0,41.15,0.678,14.07,3.32,LANE_A,19307.0,-20.5,80.0,1.0,0,450.0,-9.96,-12.42,-9.42,-11.96,2.79,-2.44,0.17,-1.59,-0.46,21.23,-4.16,0.08,-0.033,-0.03,0.7907,1
44.25,TRAIN_M01_LADAKH_NOMINAL,TRAIN,LADAKH,DESCENT_RECOVERY,5082.0,2091.3,56.0,78.52,78.56,78.57,78.52,791.23,791.05,790.76,791.51,4.27,88.8,7.24,3.0,41.03,0.691,14.07,3.33,LANE_A,19300.0,-20.5,80.0,1.0,0,450.0,-10.05,-12.51,-9.5,-12.05,2.92,-2.26,0.45,-1.8,-0.45,21.25,-4.25,-0.05,-0.021,-0.03,0.7914,1
44.3,TRAIN_M01_LADAKH_NOMINAL,TRAIN,LADAKH,DESCENT_RECOVERY,5087.1,2093.5,56.0,78.51,78.54,78.55,78.5,791.31,790.57,790.88,791.58,4.21,88.77,7.15,3.0,41.06,0.659,14.09,3.24,LANE_A,19293.0,-20.5,80.0,1.0,0,450.0,-10.14,-12.61,-9.6,-12.15,3.0,-2.74,0.57,-1.73,-0.52,21.15,-4.35,-0.02,-0.053,-0.01,0.791,1
44.35,TRAIN_M01_LADAKH_NOMINAL,TRAIN,LADAKH,DESCENT_RECOVERY,5089.5,2094.4,56.0,78.5,78.53,78.53,78.49,791.13,790.56,790.98,791.21,4.21,88.8,7.3,3.0,41.13,0.744,14.08,3.41,LANE_A,19287.0,-20.5,80.0,1.0,0,450.0,-10.18,-12.65,-9.65,-12.19,2.82,-2.75,0.67,-2.1,-0.52,21.15,-4.21,0.04,0.031,-0.02,0.7908,1
44.4,TRAIN_M01_LADAKH_NOMINAL,TRAIN,LADAKH,DESCENT_RECOVERY,5095.7,2097.0,56.0,78.48,78.52,78.52,78.47,791.39,790.78,791.13,791.37,4.27,88.83,7.29,3.0,41.23,0.704,14.07,3.45,LANE_A,19280.0,-20.5,80.0,1.0,0,450.0,-10.3,-12.76,-9.76,-12.31,3.08,-2.53,0.82,-1.94,-0.46,21.11,-4.24,0.13,-0.01,-0.03,0.7904,1
44.45,TRAIN_M01_LADAKH_NOMINAL,TRAIN,LADAKH,DESCENT_RECOVERY,5093.8,2096.2,56.0,78.47,78.51,78.51,78.46,791.5,790.63,791.12,791.31,4.22,88.83,7.32,3.0,41.3,0.649,14.08,3.19,LANE_A,19273.0,-20.5,80.0,1.0,0,450.0,-10.29,-12.75,-9.75,-12.3,3.19,-2.68,0.81,-2.0,-0.51,21.13,-4.21,0.19,-0.064,-0.02,0.7909,1
44.5,TRAIN_M01_LADAKH_NOMINAL,TRAIN,LADAKH,DESCENT_RECOVERY,5095.9,2097.1,56.0,78.46,78.5,78.51,78.44,791.48,790.71,791.02,791.5,4.23,88.81,7.31,3.0,41.16,0.735,14.07,3.23,LANE_A,19267.0,-20.5,80.0,1.0,0,450.0,-10.33,-12.79,-9.78,-12.35,3.17,-2.6,0.71,-1.81,-0.5,21.08,-4.23,0.04,0.021,-0.03,0.7903,1
44.55,TRAIN_M01_LADAKH_NOMINAL,TRAIN,LADAKH,DESCENT_RECOVERY,5099.9,2098.7,56.0,78.45,78.49,78.5,78.43,791.49,790.57,791.1,791.51,4.26,88.86,7.26,3.0,41.18,0.75,14.08,3.05,LANE_A,19260.0,-20.5,80.0,1.0,0,450.0,-10.4,-12.86,-9.85,-12.42,3.18,-2.74,0.79,-1.8,-0.47,21.08,-4.29,0.06,0.036,-0.02,0.7905,1
44.6,TRAIN_M01_LADAKH_NOMINAL,TRAIN,LADAKH,DESCENT_RECOVERY,5106.0,2101.2,56.0,78.44,78.47,78.48,78.42,791.05,791.11,790.85,791.49,4.24,88.85,7.2,3.0,41.15,0.72,14.08,3.07,LANE_A,19253.0,-20.4,80.0,1.0,0,450.0,-10.6,-13.07,-10.06,-12.62,2.73,-2.21,0.53,-1.83,-0.49,20.9,-4.36,0.02,0.005,-0.02,0.789,1
44.65,TRAIN_M01_LADAKH_NOMINAL,TRAIN,LADAKH,DESCENT_RECOVERY,5107.6,2101.9,56.0,78.43,78.46,78.47,78.4,790.7,791.01,790.71,791.63,4.25,88.78,7.21,3.0,41.1,0.717,14.08,2.95,LANE_A,19247.0,-20.4,80.0,1.0,0,450.0,-10.64,-13.11,-10.1,-12.67,2.38,-2.31,0.39,-1.69,-0.48,20.81,-4.36,-0.04,0.002,-0.02,0.7879,1
44.7,TRAIN_M01_LADAKH_NOMINAL,TRAIN,LADAKH,DESCENT_RECOVERY,5113.8,2104.4,56.0,78.42,78.45,78.45,78.39,790.62,791.0,790.63,791.59,4.29,88.66,7.25,3.0,41.05,0.762,14.08,3.32,LANE_A,19240.0,-20.4,80.0,1.0,0,450.0,-10.74,-13.21,-10.21,-12.77,2.3,-2.32,0.31,-1.73,-0.44,20.61,-4.33,-0.1,0.046,-0.02,0.7852,1
44.75,TRAIN_M01_LADAKH_NOMINAL,TRAIN,LADAKH,DESCENT_RECOVERY,5113.9,2104.5,56.0,78.41,78.44,78.44,78.38,790.32,791.0,790.55,791.49,4.3,88.66,7.38,3.0,41.27,0.673,14.1,3.42,LANE_A,19233.0,-20.4,80.0,1.0,0,450.0,-10.76,-13.23,-10.23,-12.79,2.0,-2.32,0.23,-1.83,-0.43,20.61,-4.21,0.11,-0.043,0.0,0.785,1
44.8,TRAIN_M01_LADAKH_NOMINAL,TRAIN,LADAKH,DESCENT_RECOVERY,5104.8,2100.7,56.0,78.4,78.43,78.43,78.37,790.19,790.89,790.92,791.75,4.26,88.79,7.32,3.0,41.24,0.712,14.05,3.23,LANE_A,19227.0,-20.4,80.0,1.0,0,450.0,-10.64,-13.11,-10.11,-12.67,1.87,-2.43,0.6,-1.57,-0.47,20.84,-4.25,0.08,-0.003,-0.05,0.788,1
44.85,TRAIN_M01_LADAKH_NOMINAL,TRAIN,LADAKH,DESCENT_RECOVERY,5100.0,2098.8,56.0,78.39,78.41,78.42,78.36,790.5,790.8,790.79,791.88,4.28,88.91,7.39,3.0,41.22,0.635,14.08,3.31,LANE_A,19220.0,-20.4,80.0,1.0,0,450.0,-10.58,-13.06,-10.05,-12.61,2.18,-2.52,0.47,-1.44,-0.45,21.01,-4.17,0.05,-0.079,-0.02,0.7898,1
44.9,TRAIN_M01_LADAKH_NOMINAL,TRAIN,LADAKH,DESCENT_RECOVERY,5108.0,2102.1,56.0,78.38,78.4,78.41,78.35,790.32,791.01,790.99,791.81,4.24,88.89,7.31,3.0,41.28,0.769,14.07,3.09,LANE_A,19213.0,-20.4,80.0,1.0,0,450.0,-10.71,-13.19,-10.18,-12.74,2.0,-2.31,0.67,-1.51,-0.49,20.9,-4.27,0.1,0.054,-0.03,0.7892,1
44.95,TRAIN_M01_LADAKH_NOMINAL,TRAIN,LADAKH,DESCENT_RECOVERY,5103.8,2100.3,56.0,78.36,78.39,78.39,78.33,790.69,790.99,790.82,791.67,4.21,88.87,7.3,3.0,41.24,0.713,14.09,3.31,LANE_A,19207.0,-20.4,80.0,1.0,0,450.0,-10.67,-13.14,-10.14,-12.7,2.37,-2.33,0.5,-1.65,-0.52,20.92,-4.28,0.05,-0.002,-0.01,0.7895,1
