ISO-10303-21;
HEADER;
FILE_DESCRIPTION (( 'STEP AP214' ),
    '1' );
FILE_NAME ('Верхний патрубок 2.STEP',
    '2015-12-28T16:55:36',
    ( 'MMA' ),
    ( '' ),
    'SwSTEP 2.0',
    'SolidWorks 2014',
    '' );
FILE_SCHEMA (( 'AUTOMOTIVE_DESIGN' ));
ENDSEC;

DATA;
#1 = CARTESIAN_POINT ( 'NONE',  ( -18.12252443595461000, 17.27534717463440500, 7.778164356525080000 ) ) ;
#2 = B_SPLINE_CURVE_WITH_KNOTS ( 'NONE', 3,
 ( #662, #2010, #886, #2478 ),
 .UNSPECIFIED., .F., .F.,
 ( 4, 4 ),
 ( 0.0000000000000000000, 1.000000000000000000 ),
 .UNSPECIFIED. ) ;
#3 = DIRECTION ( 'NONE',  ( 1.000000000000000000, 0.0000000000000000000, 0.0000000000000000000 ) ) ;
#4 = TOROIDAL_SURFACE ( 'NONE', #2724, 1.456101656323104600, 0.04999999999761790100 ) ;
#5 = CARTESIAN_POINT ( 'NONE',  ( -16.88115046716000100, 16.81015189045000500, 6.488001347711999300 ) ) ;
#6 = CARTESIAN_POINT ( 'NONE',  ( -17.55174933852796200, 17.17420219491899400, 6.500000044199475200 ) ) ;
#7 = CARTESIAN_POINT ( 'NONE',  ( -19.01581179652250200, 18.80331843360000100, 6.848617413939302300 ) ) ;
#8 = CARTESIAN_POINT ( 'NONE',  ( -14.17570569887428400, 16.08308981874523300, 10.16575999399473100 ) ) ;
#9 = CARTESIAN_POINT ( 'NONE',  ( -18.02645381407311800, 17.22426552632364900, 6.500000032941246200 ) ) ;
#10 = EDGE_LOOP ( 'NONE', ( #2496, #997, #710, #494 ) ) ;
#11 = CARTESIAN_POINT ( 'NONE',  ( -18.38536579823149000, 17.48667010294498800, 8.417246512174980200 ) ) ;
#12 = DIRECTION ( 'NONE',  ( 0.8829475928589146600, -0.4694715627859139500, -1.625671083679738700E-030 ) ) ;
#13 = CARTESIAN_POINT ( 'NONE',  ( -15.19970826918948800, 16.92522481811749600, 8.317713313787416900 ) ) ;
#14 = FACE_OUTER_BOUND ( 'NONE', #2101, .T. ) ;
#15 = CARTESIAN_POINT ( 'NONE',  ( -15.76425617908580000, 17.54544432731139700, 8.187057616041400400 ) ) ;
#16 = FACE_OUTER_BOUND ( 'NONE', #488, .T. ) ;
#17 = CARTESIAN_POINT ( 'NONE',  ( -16.52802391351999500, 17.12620721987000000, 6.612376242486998700 ) ) ;
#18 = CARTESIAN_POINT ( 'NONE',  ( -17.91770875654193800, 17.18877971996385400, 7.139082198737139800 ) ) ;
#19 = CARTESIAN_POINT ( 'NONE',  ( -17.73236383690999700, 16.56311298002999500, 6.861126032036001000 ) ) ;
#20 = CARTESIAN_POINT ( 'NONE',  ( -14.59286176385975000, 16.38780281205668400, 8.457009947708098000 ) ) ;
#21 = CARTESIAN_POINT ( 'NONE',  ( -16.83932574908272200, 18.33313454245782000, 7.778164379295591700 ) ) ;
#22 = CARTESIAN_POINT ( 'NONE',  ( -16.22928131129419800, 17.25954031051511000, 9.754424189297875400 ) ) ;
#23 = CARTESIAN_POINT ( 'NONE',  ( -18.59707375944599100, 17.92592279720785700, 6.500000015288680500 ) ) ;
#24 = CARTESIAN_POINT ( 'NONE',  ( -17.66768280772999600, 19.57471520707000000, 6.736751137261000700 ) ) ;
#25 = CARTESIAN_POINT ( 'NONE',  ( -14.58827759038974700, 16.39630162057014600, 8.456683077559697300 ) ) ;
#26 = CARTESIAN_POINT ( 'NONE',  ( -14.95927114129195000, 17.63204166182043100, 8.993721879751273500 ) ) ;
#27 = CARTESIAN_POINT ( 'NONE',  ( -18.60809918795997200, 18.04814732894640300, 6.514435142205411600 ) ) ;
#28 = CARTESIAN_POINT ( 'NONE',  ( -16.35690814016000200, 17.39285979807000300, 6.736751137261000700 ) ) ;
#29 = CARTESIAN_POINT ( 'NONE',  ( -15.62242770993000100, 18.89935866723000400, 6.736751149921000900 ) ) ;
#30 = PRESENTATION_LAYER_ASSIGNMENT (  '', '', ( #2670 ) ) ;
#31 = CARTESIAN_POINT ( 'NONE',  ( -16.80561213741262000, 17.96964926620432100, 8.417246545469252400 ) ) ;
#32 = CARTESIAN_POINT ( 'NONE',  ( -15.52156526463336100, 16.91170570494660900, 9.893399683896516800 ) ) ;
#33 = CARTESIAN_POINT ( 'NONE',  ( -18.58203561673292700, 18.28044212886600000, 7.139082176421045000 ) ) ;
#34 = ORIENTED_EDGE ( 'NONE', *, *, #1625, .F. ) ;
#35 = CARTESIAN_POINT ( 'NONE',  ( -18.08775741631999900, 19.52843313325999500, 6.861126032036001000 ) ) ;
#36 = CARTESIAN_POINT ( 'NONE',  ( -16.38677870155798300, 17.37073966457867200, 6.889247048010001400 ) ) ;
#37 = ORIENTED_EDGE ( 'NONE', *, *, #2426, .T. ) ;
#38 = CARTESIAN_POINT ( 'NONE',  ( -18.22248964997999500, 16.58152974739999800, 6.860127676785998200 ) ) ;
#39 = CARTESIAN_POINT ( 'NONE',  ( -18.32981031354049500, 18.58952959716158300, 6.499000018988204500 ) ) ;
#40 = CARTESIAN_POINT ( 'NONE',  ( -14.55652804822292300, 17.02086903357374600, 9.956774019291106700 ) ) ;
#41 = CARTESIAN_POINT ( 'NONE',  ( -17.88091424815483400, 17.28371998503778100, 6.799999999999966100 ) ) ;
#42 = EDGE_LOOP ( 'NONE', ( #2388, #2537, #1573, #377 ) ) ;
#43 = CARTESIAN_POINT ( 'NONE',  ( -16.95863125398706800, 17.54726279983480800, 6.514435142205528000 ) ) ;
#44 = CARTESIAN_POINT ( 'NONE',  ( -16.37420718751073400, 17.36404562060292300, 6.616375792929582100 ) ) ;
#45 = CARTESIAN_POINT ( 'NONE',  ( -15.65423239443000000, 19.12139622431000100, 6.861126051024999800 ) ) ;
#46 = B_SPLINE_CURVE_WITH_KNOTS ( 'NONE', 3,
 ( #1649, #2096, #976, #2572, #1213, #2800, #1437, #80, #1662, #305, #1882, #532, #2112, #772, #2351, #991, #2586, #1227, #2814, #1450, #95, #1675, #319, #1898, #544, #2127, #784, #2364, #1005, #2598, #1244, #2826, #1462, #109, #1689, #332, #1910, #559, #2142, #795, #2376, #1020, #2611, #1254, #2839, #1472 ),
 .UNSPECIFIED., .F., .F.,
 ( 4, 2, 2, 2, 2, 2, 2, 2, 2, 2, 2, 2, 2, 2, 2, 2, 2, 2, 2, 2, 2, 2, 4 ),
 ( 0.0000000000000000000, 0.001758263337929448200, 0.002637395006894172600, 0.003516526675858896500, 0.005274790013788292200, 0.007033053351717688900, 0.008791316689647082900, 0.009670448358611744400, 0.01054958002757640800, 0.01142871169654106900, 0.01230784336550572900, 0.01406610670343505200, 0.01494523837239969600, 0.01582437004136434000, 0.01758263337929357300, 0.01846176504825819100, 0.01934089671722280900, 0.02109916005515204500, 0.02285742339308128100, 0.02373655506204589900, 0.02461568673101051700, 0.02637395006893975300, 0.02813221340686898600 ),
 .UNSPECIFIED. ) ;
#47 = CARTESIAN_POINT ( 'NONE',  ( -18.64695865072000200, 19.23661953132999300, 6.488001347711999300 ) ) ;
#48 = CARTESIAN_POINT ( 'NONE',  ( -14.25648513422857300, 17.23411254310017800, 9.022087765758847400 ) ) ;
#49 = CARTESIAN_POINT ( 'NONE',  ( -17.17909148294000200, 19.51240227056669200, 6.900036467719999700 ) ) ;
#50 = CARTESIAN_POINT ( 'NONE',  ( -17.67814732894704800, 17.16190081204352000, 6.228870284410993100 ) ) ;
#51 = CARTESIAN_POINT ( 'NONE',  ( -19.01322129844201200, 18.76926033542132200, 6.889247048010001400 ) ) ;
#52 = EDGE_CURVE ( 'NONE', #1661, #89, #1222, .T. ) ;
#53 = CIRCLE ( 'NONE', #2772, 0.5561016473477481400 ) ;
#54 = CARTESIAN_POINT ( 'NONE',  ( -17.75040051590165600, 16.60152759210956200, 6.900000000000777500 ) ) ;
#55 = CARTESIAN_POINT ( 'NONE',  ( -18.96484152989000200, 18.88513720019999900, 6.612376242486998700 ) ) ;
#56 = CARTESIAN_POINT ( 'NONE',  ( -13.75259346807289000, 16.79037033129881000, 9.924428437211014800 ) ) ;
#57 = CARTESIAN_POINT ( 'NONE',  ( -17.27523957165416800, 17.39049072797639200, 6.500000042613507400 ) ) ;
#58 = CARTESIAN_POINT ( 'NONE',  ( -17.67779400122000100, 19.55790258048000400, 6.889247048010001400 ) ) ;
#59 = EDGE_LOOP ( 'NONE', ( #1272, #2296 ) ) ;
#60 = CARTESIAN_POINT ( 'NONE',  ( -18.46506820499592300, 17.58031406381012800, 5.943305426616476000 ) ) ;
#61 = CARTESIAN_POINT ( 'NONE',  ( -14.27233317130475100, 15.41591694481150300, 8.867506469312571600 ) ) ;
#62 = CARTESIAN_POINT ( 'NONE',  ( -18.44136874601210300, 18.59273720016318900, 6.799999999999907500 ) ) ;
#63 = CARTESIAN_POINT ( 'NONE',  ( -16.20961553550822000, 17.29652574120804000, 9.754422820043288300 ) ) ;
#64 = CARTESIAN_POINT ( 'NONE',  ( -17.75166925971757700, 16.56456139736459200, 6.862360777354163900 ) ) ;
#65 = CARTESIAN_POINT ( 'NONE',  ( -18.49465284278817400, 18.49252440907510600, 6.899999999999999500 ) ) ;
#66 = CARTESIAN_POINT ( 'NONE',  ( -16.17813618384670000, 19.52484230940329700, 6.852446001640701400 ) ) ;
#67 = CARTESIAN_POINT ( 'NONE',  ( -15.78961845562061100, 16.24562863287393100, 9.462227302275609400 ) ) ;
#68 = CARTESIAN_POINT ( 'NONE',  ( -19.70727835800127200, 17.50489400386857500, 6.852786849251166300 ) ) ;
#69 = FACE_OUTER_BOUND ( 'NONE', #803, .T. ) ;
#70 = CARTESIAN_POINT ( 'NONE',  ( -17.10489456075331600, 17.39418999318276700, 6.500000046609308400 ) ) ;
#71 = PRODUCT_DEFINITION ( 'UNKNOWN', '', #224, #2558 ) ;
#72 = DIRECTION ( 'NONE',  ( 0.0000000000000000000, 0.0000000000000000000, 1.000000000000000000 ) ) ;
#73 = CARTESIAN_POINT ( 'NONE',  ( -15.35624602296827000, 17.20579666737443200, 9.848591551246549600 ) ) ;
#74 = CARTESIAN_POINT ( 'NONE',  ( -18.12476042834782700, 18.74950927201840000, 6.500000022686233300 ) ) ;
#75 = CARTESIAN_POINT ( 'NONE',  ( -15.94778186414660000, 17.76061180933329100, 9.678936935021603500 ) ) ;
#76 = CARTESIAN_POINT ( 'NONE',  ( -18.52452769104759900, 18.12641638754358600, 6.499000016193223300 ) ) ;
#77 = CARTESIAN_POINT ( 'NONE',  ( -14.87414119265082800, 15.94062581647225100, 8.674889885623176900 ) ) ;
#78 = CARTESIAN_POINT ( 'NONE',  ( -19.36674783459299200, 16.65183583126148300, 6.500000005738339600 ) ) ;
#79 = CARTESIAN_POINT ( 'NONE',  ( -17.27747559349225500, 18.86465283357204500, 6.500000039662399600 ) ) ;
#80 = CARTESIAN_POINT ( 'NONE',  ( -18.22682091314903700, 18.80207923931758900, 6.500000020292184800 ) ) ;
#81 = CARTESIAN_POINT ( 'NONE',  ( -15.64317630669361000, 16.66521498859319500, 9.846077346011394800 ) ) ;
#82 = CARTESIAN_POINT ( 'NONE',  ( -18.12252440650695100, 17.27534716642602000, 6.500000030399810700 ) ) ;
#83 = VERTEX_POINT ( 'NONE', #1714 ) ;
#84 = CARTESIAN_POINT ( 'NONE',  ( -17.90196487578848700, 17.19245199894009300, 6.500000027912367500 ) ) ;
#85 = DIRECTION ( 'NONE',  ( -0.0000000000000000000, 0.0000000000000000000, 1.000000000000000000 ) ) ;
#86 = CARTESIAN_POINT ( 'NONE',  ( -16.41860543571999600, 17.35500795615999800, 6.899230593224002600 ) ) ;
#87 = CARTESIAN_POINT ( 'NONE',  ( -14.30343610467408400, 17.17592447201016600, 9.106105269386716800 ) ) ;
#88 = CARTESIAN_POINT ( 'NONE',  ( -17.27811784324598000, 18.75157911700457800, 6.500000042546001400 ) ) ;
#89 = VERTEX_POINT ( 'NONE', #129 ) ;
#90 = CARTESIAN_POINT ( 'NONE',  ( -17.64342873369011500, 17.25248909077249900, 6.799999999999929700 ) ) ;
#91 = CARTESIAN_POINT ( 'NONE',  ( -15.06567388663261100, 15.76660053749338400, 9.170635976609601100 ) ) ;
#92 = CARTESIAN_POINT ( 'NONE',  ( -19.73693273206622200, 17.01096633218820400, 6.499999994903310700 ) ) ;
#93 = CARTESIAN_POINT ( 'NONE',  ( -19.67520413474000000, 16.88646164101999900, 6.612376248815998300 ) ) ;
#94 = FACE_BOUND ( 'NONE', #386, .T. ) ;
#95 = CARTESIAN_POINT ( 'NONE',  ( -17.46913983578880900, 18.94040140746707100, 6.500000038065172300 ) ) ;
#96 = CARTESIAN_POINT ( 'NONE',  ( -15.96430008744003700, 17.16608920373158800, 8.178731293209695600 ) ) ;
#97 = CARTESIAN_POINT ( 'NONE',  ( -17.75145229775636600, 16.57088281384249500, 6.500000015744704200 ) ) ;
#98 = DIRECTION ( 'NONE',  ( 0.8695336349521047800, -0.4623392348475367000, 0.1736481776684508100 ) ) ;
#99 = FACE_BOUND ( 'NONE', #2192, .T. ) ;
#100 = CARTESIAN_POINT ( 'NONE',  ( -16.90534716642996200, 17.64747559349172000, 6.371652713308301400 ) ) ;
#101 = CARTESIAN_POINT ( 'NONE',  ( -19.70424580705000000, 17.50275301945000100, 6.612376248815998300 ) ) ;
#102 = CARTESIAN_POINT ( 'NONE',  ( -16.90048574965581800, 18.09857124153874600, 6.500000051404142300 ) ) ;
#103 = ADVANCED_FACE ( 'NONE', ( #1805 ), #4, .T. ) ;
#104 = CARTESIAN_POINT ( 'NONE',  ( -16.99364192571713900, 17.69442274976794500, 6.699666672064442000 ) ) ;
#105 = CARTESIAN_POINT ( 'NONE',  ( -15.07553389034675500, 15.95670231033872200, 9.726156422393179600 ) ) ;
#106 = CARTESIAN_POINT ( 'NONE',  ( -16.90534717564388200, 17.64747559606051700, 6.900000000000002100 ) ) ;
#107 = CARTESIAN_POINT ( 'NONE',  ( -18.28332992408963900, 18.75536575816362400, 7.139082180252966500 ) ) ;
#108 = B_SPLINE_CURVE_WITH_KNOTS ( 'NONE', 3,
 ( #192, #2451, #1541, #1769 ),
 .UNSPECIFIED., .F., .F.,
 ( 4, 4 ),
 ( 0.0000000000000000000, 1.000000000000000000 ),
 .UNSPECIFIED. ) ;
#109 = CARTESIAN_POINT ( 'NONE',  ( -16.87961021016478500, 18.44470288313709700, 6.500000051893819000 ) ) ;
#110 = CARTESIAN_POINT ( 'NONE',  ( -15.66928361402000300, 18.68000337167999800, 6.861126051024999800 ) ) ;
#111 = CARTESIAN_POINT ( 'NONE',  ( -17.22185120665706400, 17.30526076709192300, 6.899999999999997700 ) ) ;
#112 = CARTESIAN_POINT ( 'NONE',  ( -19.77037818280000200, 17.31530956826999900, 6.736751149921000900 ) ) ;
#113 = CARTESIAN_POINT ( 'NONE',  ( -18.17814881177331900, 18.83473923804216100, 6.899999999999999500 ) ) ;
#114 = CARTESIAN_POINT ( 'NONE',  ( -14.89796623275704200, 16.39997472986405600, 10.01721148094661700 ) ) ;
#115 = EDGE_CURVE ( 'NONE', #1523, #764, #1740, .T. ) ;
#116 = CARTESIAN_POINT ( 'NONE',  ( -17.96313456369766800, 18.93067428857413100, 7.778164349566746500 ) ) ;
#117 = ORIENTED_EDGE ( 'NONE', *, *, #717, .F. ) ;
#118 = DIRECTION ( 'NONE',  ( -0.4699997645204055400, -0.8826665402918382200, 0.0000000000000000000 ) ) ;
#119 = CARTESIAN_POINT ( 'NONE',  ( -14.33326649137920100, 15.73066297447220300, 10.01063974304634600 ) ) ;
#120 = ORIENTED_EDGE ( 'NONE', *, *, #1976, .F. ) ;
#121 = CARTESIAN_POINT ( 'NONE',  ( -19.76626415221000200, 17.09104345404000100, 6.861126051024999800 ) ) ;
#122 = CARTESIAN_POINT ( 'NONE',  ( -17.59964929806374200, 18.96438791906998800, 8.417246520787204000 ) ) ;
#123 = CARTESIAN_POINT ( 'NONE',  ( -16.80337270751000000, 18.21553753039049900, 6.800000000000025600 ) ) ;
#124 = CARTESIAN_POINT ( 'NONE',  ( -14.40096868285980500, 15.42844761272662000, 9.545004643731759900 ) ) ;
#125 = ADVANCED_FACE ( 'NONE', ( #539 ), #2091, .T. ) ;
#126 = EDGE_LOOP ( 'NONE', ( #1294, #1516, #37, #1628 ) ) ;
#127 = CARTESIAN_POINT ( 'NONE',  ( -15.75090852998000200, 16.09056931554999900, 8.761483283819000400 ) ) ;
#128 = CARTESIAN_POINT ( 'NONE',  ( -17.17110515851920400, 18.80809467004690600, 6.500000042476273200 ) ) ;
#129 = CARTESIAN_POINT ( 'NONE',  ( -17.64833866579529300, 19.57520768381374100, 6.849127380303775300 ) ) ;
#130 = ORIENTED_EDGE ( 'NONE', *, *, #782, .T. ) ;
#131 = CARTESIAN_POINT ( 'NONE',  ( -18.49465283357259800, 18.49252440650629500, 6.799999999999900300 ) ) ;
#132 = CARTESIAN_POINT ( 'NONE',  ( -14.26584724841431600, 15.46846372669008200, 8.974934667350984400 ) ) ;
#133 = ORIENTED_EDGE ( 'NONE', *, *, #1504, .T. ) ;
#134 = CARTESIAN_POINT ( 'NONE',  ( -16.15819406950000200, 17.78277595102999700, 6.880997255274000000 ) ) ;
#135 = CARTESIAN_POINT ( 'NONE',  ( -16.55152381805999800, 16.43949295417999700, 8.908234088193999900 ) ) ;
#136 = B_SPLINE_CURVE_WITH_KNOTS ( 'NONE', 3,
 ( #1550, #428, #1358, #2950, #1581, #234, #1804, #456, #2032, #684 ),
 .UNSPECIFIED., .F., .F.,
 ( 4, 2, 2, 2, 4 ),
 ( 0.0000000000000000000, 0.2500000000000000000, 0.5000000000000000000, 0.7500000000000000000, 1.000000000000000000 ),
 .UNSPECIFIED. ) ;
#137 = CARTESIAN_POINT ( 'NONE',  ( -17.84553753039106300, 18.96662729249300100, 6.514435142205497800 ) ) ;
#138 = CARTESIAN_POINT ( 'NONE',  ( -14.00676830335235400, 15.82735517434334900, 8.633161662114703800 ) ) ;
#139 = FACE_OUTER_BOUND ( 'NONE', #1386, .T. ) ;
#140 = CARTESIAN_POINT ( 'NONE',  ( -15.91412337085999700, 18.21924497801329700, 6.852446001638699400 ) ) ;
#141 = CARTESIAN_POINT ( 'NONE',  ( -18.12188215675531900, 17.38842088299448100, 6.500000022753747300 ) ) ;
#142 = CARTESIAN_POINT ( 'NONE',  ( -14.41025626928000300, 15.37773186396000100, 9.732901739654998600 ) ) ;
#143 = CARTESIAN_POINT ( 'NONE',  ( -19.22123267655999300, 16.63354661088000000, 6.889247048010001400 ) ) ;
#144 = DIRECTION ( 'NONE',  ( 3.206885370672024300E-015, -8.592823452943977700E-016, 1.000000000000000000 ) ) ;
#145 = ADVANCED_FACE ( 'NONE', ( #2883, #2270 ), #2190, .T. ) ;
#146 = EDGE_CURVE ( 'NONE', #1764, #2444, #930, .T. ) ;
#147 = CARTESIAN_POINT ( 'NONE',  ( -17.08819733836324400, 18.73976062978732000, 6.228870284411084600 ) ) ;
#148 = CARTESIAN_POINT ( 'NONE',  ( -16.20670300640999900, 19.51993280721999800, 6.488001347711999300 ) ) ;
#149 = CARTESIAN_POINT ( 'NONE',  ( -15.97216654051409000, 17.15129446042562800, 8.178731035400828000 ) ) ;
#150 = CARTESIAN_POINT ( 'NONE',  ( -17.25207455177859500, 18.85116828633097100, 6.900000000000000400 ) ) ;
#151 = CARTESIAN_POINT ( 'NONE',  ( -18.01592868325501600, 17.22518511717937200, 6.900000000000000400 ) ) ;
#152 = ORIENTED_EDGE ( 'NONE', *, *, #1357, .T. ) ;
#153 = CARTESIAN_POINT ( 'NONE',  ( -18.68576788989166800, 19.21725458590235300, 6.849127378788977300 ) ) ;
#154 = CARTESIAN_POINT ( 'NONE',  ( -15.09697884811999900, 15.92635425570000200, 9.841040144878000700 ) ) ;
#155 = CARTESIAN_POINT ( 'NONE',  ( -16.48645732464378700, 16.51869184799672000, 9.069705701723888700 ) ) ;
#156 = B_SPLINE_SURFACE_WITH_KNOTS ( 'NONE', 3, 3, ( 
 ( #22, #2513, #254, #1828 ),
 ( #479, #2054, #706, #2288 ),
 ( #932, #2525, #1165, #2754 ),
 ( #1392, #32, #1614, #2330 ),
 ( #969, #2566, #1207, #2794 ),
 ( #1431, #73, #1654, #298 ),
 ( #1873, #522, #2102, #762 ),
 ( #2343, #982, #2578, #1219 ),
 ( #2806, #1442, #87, #1808 ),
 ( #460, #2035, #688, #2268 ),
 ( #910, #2506, #1142, #2730 ),
 ( #1373, #13, #1595, #246 ),
 ( #1821, #471, #2045, #699 ),
 ( #2278, #923, #2517, #1157 ),
 ( #2744, #1385, #25, #1606 ),
 ( #257, #1831, #482, #2057 ) ),
 .UNSPECIFIED., .F., .F., .F.,
 ( 4, 3, 1, 1, 1, 1, 1, 1, 3, 4 ),
 ( 4, 4 ),
 ( -0.01000000000000000000, 0.0000000000000000000, 0.1208045936609677800, 0.2819225655576189100, 0.4362502267764535900, 0.5637497732232713600, 0.6644600628956204300, 0.8053867746105023400, 1.000000000000000000, 1.010100000000000000 ),
 ( 0.0000000000000000000, 1.000000000000000000 ),
 .UNSPECIFIED. ) ;
#157 = ORIENTED_EDGE ( 'NONE', *, *, #759, .F. ) ;
#158 = CARTESIAN_POINT ( 'NONE',  ( -14.54092068147999900, 16.41608649756999900, 8.360524470336002900 ) ) ;
#159 = CARTESIAN_POINT ( 'NONE',  ( -19.63341964248000000, 16.82401139549000400, 6.861126051024999800 ) ) ;
#160 = TOROIDAL_SURFACE ( 'NONE', #1402, 2.199999999999358500, 0.8000000000007975200 ) ;
#161 = CARTESIAN_POINT ( 'NONE',  ( -16.81052090336305200, 18.21922637030791800, 6.900000000000003000 ) ) ;
#162 = B_SPLINE_SURFACE_WITH_KNOTS ( 'NONE', 3, 3, ( 
 ( #1989, #636, #2220, #863, #2453, #1095, #2680, #1322, #2912, #1543, #194, #1771, #420, #1998, #647, #2231, #873, #2465, #1107, #2692, #1333, #2927, #1555, #207, #1781, #432, #2009, #659, #2242, #885, #2477, #1117, #2701, #1344, #2935, #1566, #217, #1790, #441, #2020, #670, #2741, #1129, #2712, #1356, #2949, #1579, #232, #1802, #454, #2031, #683, #2264, #907, #2501, #1137, #2723, #1368, #8, #1592, #242, #1814, #465, #2040, #695, #2274 ),
 ( #917, #2511, #1149, #2737, #1380, #20, #1602, #251, #1826, #476, #2051, #704, #2286, #929, #2523, #1162, #2750, #1390, #77, #1658, #302, #1879, #528, #2109, #768, #2348, #987, #2583, #1224, #2811, #1447, #91, #1673, #315, #1895, #541, #2123, #780, #2360, #1002, #2595, #1240, #2823, #1459, #105, #1685, #330, #1908, #557, #2139, #793, #2373, #1017, #2608, #1252, #2836, #1470, #114, #1695, #339, #1986, #631, #2215, #858, #2449, #1091 ),
 ( #2676, #1317, #2907, #1538, #190, #1766, #417, #1993, #643, #2226, #869, #2460, #1102, #2686, #1328, #2921, #1549, #201, #1777, #427, #2005, #654, #2239, #879, #2473, #1112, #2697, #1339, #2931, #1561, #211, #1786, #437, #2015, #666, #2248, #963, #2561, #1202, #2789, #1428, #67, #1650, #293, #1869, #518, #2098, #757, #2338, #977, #2573, #1214, #2801, #1438, #81, #1663, #306, #1883, #533, #2113, #773, #2352, #992, #2587, #1228, #2815 ),
 ( #1451, #96, #1676, #320, #1899, #546, #2129, #786, #2366, #1007, #2600, #1246, #2891, #1522, #176, #1751, #400, #1981, #626, #2209, #852, #2443, #1084, #2669, #1312, #2901, #1532, #183, #1759, #411, #1988, #635, #2218, #862, #2452, #1093, #2679, #1321, #2911, #1542, #193, #1770, #419, #1996, #646, #2230, #872, #2464, #1106, #2691, #1332, #2925, #1554, #206, #1853, #504, #2079, #737, #2317, #956, #2553, #1195, #2783, #1421, #63, #1643 ) ),
 .UNSPECIFIED., .F., .F., .F.,
 ( 4, 4 ),
 ( 4, 3, 2, 2, 2, 2, 2, 2, 2, 2, 2, 2, 2, 2, 2, 2, 2, 2, 2, 2, 2, 2, 2, 2, 2, 2, 2, 2, 2, 2, 3, 4 ),
 ( 2.989999999907925000, 27.00000000000000000 ),
 ( -0.03141594664563255500, -1.971536879999999700E-008, 0.04983215933280001800, 0.1624961717370000700, 0.2751601841420000500, 0.3878241965470001200, 0.5004882089509998800, 0.6131522213560000000, 0.7258162337600000400, 0.8384802461650001600, 0.9511442585700001800, 1.063808270973999800, 1.176472283379000000, 1.289136295782999700, 1.401800308187999700, 1.514464320593000000, 1.627128332996999900, 1.739792345401999900, 1.852456357806000000, 1.965120370210999800, 2.077784382616000500, 2.190448395019999300, 2.303112407425000000, 2.415776419828999300, 2.528440432233999500, 2.641104444639000200, 2.753768457042999900, 2.866432469447999200, 2.979096481851999800, 3.091760494256999600, 3.141592673311006200, 3.173008600241269800 ),
 .UNSPECIFIED. ) ;
#163 = CARTESIAN_POINT ( 'NONE',  ( -18.54308058469111500, 17.74946620369700800, 6.900000000000002100 ) ) ;
#164 = CARTESIAN_POINT ( 'NONE',  ( -14.36469187423475800, 15.70878102810094600, 10.10973980429234200 ) ) ;
#165 = LINE ( 'NONE', #1446, #2504 ) ;
#166 = CARTESIAN_POINT ( 'NONE',  ( -15.73761093553000000, 16.53642201416999700, 9.881981595506001500 ) ) ;
#167 = CARTESIAN_POINT ( 'NONE',  ( -18.60809918795999400, 18.04814732894639900, 6.799999999999879900 ) ) ;
#168 = CARTESIAN_POINT ( 'NONE',  ( -15.39507301795000100, 16.56691359825999800, 8.247925950695998800 ) ) ;
#169 = CARTESIAN_POINT ( 'NONE',  ( -19.38721398215999500, 16.65841051662999900, 6.488001347711999300 ) ) ;
#170 = CARTESIAN_POINT ( 'NONE',  ( -17.03023937021139700, 17.45819733836259500, 6.799999999999986500 ) ) ;
#171 = B_SPLINE_SURFACE_WITH_KNOTS ( 'NONE', 3, 3, ( 
 ( #2259, #2497, #1587, #238, #1810, #461, #2036, #690, #2269, #911, #2507, #1144, #2733, #1374, #15, #1596, #247, #1822 ),
 ( #472, #2047, #700, #2280, #924, #2519, #1158, #2745, #1387, #26, #1608, #258, #1832, #484, #2059, #712, #2294, #937 ),
 ( #2531, #1171, #2760, #1398, #40, #1619, #269, #1842, #2767, #1405, #48, #1630, #275, #1848, #499, #2074, #731, #2312 ),
 ( #950, #2548, #1187, #2777, #1413, #56, #1637, #283, #1857, #507, #2082, #741, #2321, #959, #2557, #1199, #2786, #1425 ) ),
 .UNSPECIFIED., .F., .F., .F.,
 ( 4, 4 ),
 ( 4, 2, 2, 2, 2, 2, 2, 2, 4 ),
 ( 0.0000000000000000000, 2.400000000003077000 ),
 ( 340.0000000000000000, 361.5987174058279300, 384.9999999999989200, 408.4012825941709900, 430.0000000000000000, 451.5987174058249100, 474.9999999999989200, 498.4012825941729800, 520.0000000000000000 ),
 .UNSPECIFIED. ) ;
#172 = CARTESIAN_POINT ( 'NONE',  ( -19.02399971534428500, 18.77499959613980000, 6.500000001253626500 ) ) ;
#173 = CARTESIAN_POINT ( 'NONE',  ( -16.34152403637999700, 17.18242977974999500, 9.834745221964002600 ) ) ;
#174 = CARTESIAN_POINT ( 'NONE',  ( -18.43057967088888200, 17.54357001105812900, 6.500000015512603600 ) ) ;
#175 = B_SPLINE_SURFACE_WITH_KNOTS ( 'NONE', 3, 3, ( 
 ( #1647, #1866, #515, #2094 ),
 ( #752, #2334, #972, #2569 ),
 ( #1211, #2797, #1434, #76 ),
 ( #1657, #301, #1877, #525 ),
 ( #2107, #766, #2346, #985 ),
 ( #2581, #1223, #2808, #1445 ),
 ( #90, #1672, #314, #1893 ),
 ( #540, #2122, #779, #2359 ),
 ( #1001, #2594, #1238, #2822 ),
 ( #1458, #104, #1684, #329 ) ),
 .UNSPECIFIED., .F., .F., .F.,
 ( 4, 1, 1, 1, 1, 1, 1, 4 ),
 ( 4, 4 ),
 ( 0.0000000000000000000, 0.1208045936615986100, 0.2819225655583454400, 0.4362502267773676300, 0.5637497732246105100, 0.6644600628967986000, 0.8053867746120664300, 1.000000000000000000 ),
 ( 0.0000000000000000000, 1.000000000000000000 ),
 .UNSPECIFIED. ) ;
#176 = CARTESIAN_POINT ( 'NONE',  ( -16.18201599466404900, 16.79824974951233300, 8.289557059643915000 ) ) ;
#177 = CARTESIAN_POINT ( 'NONE',  ( -16.26712521965999900, 16.72032278096999400, 8.231834822838001400 ) ) ;
#178 = CARTESIAN_POINT ( 'NONE',  ( -19.19337319890000200, 16.61789570595000900, 6.612376248815998300 ) ) ;
#179 = CARTESIAN_POINT ( 'NONE',  ( -18.58173278468699500, 18.28314102000009500, 6.799999999999889700 ) ) ;
#180 = CARTESIAN_POINT ( 'NONE',  ( -16.53999439687224900, 16.47199309513690900, 9.213453938433028500 ) ) ;
#181 = CARTESIAN_POINT ( 'NONE',  ( -15.92300348528997100, 17.24375665146308000, 8.178730854214466100 ) ) ;
#182 = CARTESIAN_POINT ( 'NONE',  ( -18.54524241208539300, 18.38470666406162500, 6.500000012822954300 ) ) ;
#183 = CARTESIAN_POINT ( 'NONE',  ( -16.41316506130155200, 16.52488085870953000, 8.719177026443910300 ) ) ;
#184 = MECHANICAL_DESIGN_GEOMETRIC_PRESENTATION_REPRESENTATION (  '', ( #2670 ), #344 ) ;
#185 = CARTESIAN_POINT ( 'NONE',  ( -13.61503522691065800, 16.68541713551480000, 8.956174695947833400 ) ) ;
#186 = CARTESIAN_POINT ( 'NONE',  ( -15.62087440362780700, 18.87924518750379500, 6.849127379370376200 ) ) ;
#187 = CARTESIAN_POINT ( 'NONE',  ( -16.12693823777225400, 16.84729305985689900, 8.144336327038033100 ) ) ;
#188 = CARTESIAN_POINT ( 'NONE',  ( -18.45552102137725800, 18.35311519452005100, 6.799999999999912800 ) ) ;
#189 = EDGE_LOOP ( 'NONE', ( #1597, #2427, #2661, #2384 ) ) ;
#190 = CARTESIAN_POINT ( 'NONE',  ( -15.28248889535079300, 16.76953495038440800, 8.317707580674213100 ) ) ;
#191 = CARTESIAN_POINT ( 'NONE',  ( -15.82842272807008200, 17.86656414775184800, 9.363351357772186700 ) ) ;
#192 = CARTESIAN_POINT ( 'NONE',  ( -13.88528581663662300, 16.04168029678897500, 8.595486661801789600 ) ) ;
#193 = CARTESIAN_POINT ( 'NONE',  ( -16.48753580814503300, 16.60186990422704100, 9.296568183531336500 ) ) ;
#194 = CARTESIAN_POINT ( 'NONE',  ( -14.00589876971228000, 15.82689283510577200, 8.633335310293395200 ) ) ;
#195 = CARTESIAN_POINT ( 'NONE',  ( -13.67737545520288100, 16.43583016367325200, 8.603813242443415300 ) ) ;
#196 = EDGE_LOOP ( 'NONE', ( #2726, #1359 ) ) ;
#197 = CARTESIAN_POINT ( 'NONE',  ( -16.20696686102942200, 19.52573728684997400, 6.849127380997131800 ) ) ;
#198 = CARTESIAN_POINT ( 'NONE',  ( -18.56848467940482200, 19.29498117565227500, 6.500000007155247100 ) ) ;
#199 = CARTESIAN_POINT ( 'NONE',  ( -19.44038968846158600, 16.67404700964569700, 6.849127379370519200 ) ) ;
#200 = ORIENTED_EDGE ( 'NONE', *, *, #1519, .T. ) ;
#201 = CARTESIAN_POINT ( 'NONE',  ( -15.54284723353677200, 16.34707732457284000, 8.496641774711427800 ) ) ;
#202 = EDGE_CURVE ( 'NONE', #1785, #468, #165, .T. ) ;
#203 = CARTESIAN_POINT ( 'NONE',  ( -19.19289378530078600, 16.61832293082919100, 6.616375793123562900 ) ) ;
#204 = CARTESIAN_POINT ( 'NONE',  ( -17.41688480547456000, 18.82552102137665900, 6.800000000000952800 ) ) ;
#205 = CARTESIAN_POINT ( 'NONE',  ( -15.82345683791000300, 19.36512551152999600, 6.488001347711999300 ) ) ;
#206 = CARTESIAN_POINT ( 'NONE',  ( -16.36172037815037700, 16.98428081051506700, 9.684725540247916000 ) ) ;
#207 = CARTESIAN_POINT ( 'NONE',  ( -14.26497771477424000, 15.46800138745251700, 8.975108315529670500 ) ) ;
#208 = CARTESIAN_POINT ( 'NONE',  ( -14.09264942974088300, 16.28048212405580500, 10.26965966074171800 ) ) ;
#209 = CARTESIAN_POINT ( 'NONE',  ( -16.37600028465568500, 17.36500040386024700, 6.500000024607732700 ) ) ;
#210 = CARTESIAN_POINT ( 'NONE',  ( -17.68370247688842100, 19.57032331976054400, 6.500000025771503200 ) ) ;
#211 = CARTESIAN_POINT ( 'NONE',  ( -15.75541632265697300, 16.13717565551513300, 9.002205362297653200 ) ) ;
#212 = LINE ( 'NONE', #2933, #2555 ) ;
#213 = CARTESIAN_POINT ( 'NONE',  ( -15.87630344789257600, 19.40695961870040500, 6.500000068461310400 ) ) ;
#214 = CARTESIAN_POINT ( 'NONE',  ( -16.99364192571246000, 17.69442274977032500, 6.499000018988318100 ) ) ;
#215 = CARTESIAN_POINT ( 'NONE',  ( -16.01200792028000200, 19.48362218461999300, 6.612376248815998300 ) ) ;
#216 = CARTESIAN_POINT ( 'NONE',  ( -17.84553753039104200, 18.96662729249300800, 6.228870284411032200 ) ) ;
#217 = CARTESIAN_POINT ( 'NONE',  ( -14.40009914921973100, 15.42798527348904300, 9.545178291910449500 ) ) ;
#218 = CARTESIAN_POINT ( 'NONE',  ( -18.97124510694829900, 18.77958768971499700, 6.899997398026101800 ) ) ;
#219 = CARTESIAN_POINT ( 'NONE',  ( -17.57579176311495000, 16.57474274666027000, 6.500000047495289500 ) ) ;
#220 = CARTESIAN_POINT ( 'NONE',  ( -16.95579898991957900, 17.55258953337500900, 6.500000055499575600 ) ) ;
#221 = CARTESIAN_POINT ( 'NONE',  ( -18.99103800746999900, 18.79012695698999700, 6.895433249022999300 ) ) ;
#222 = CARTESIAN_POINT ( 'NONE',  ( -15.62741805521029500, 18.90487630920198800, 6.500000077419769300 ) ) ;
#223 = CARTESIAN_POINT ( 'NONE',  ( -17.15744615394597600, 18.69343570205738600, 6.800000000000022900 ) ) ;
#224 = PRODUCT_DEFINITION_FORMATION_WITH_SPECIFIED_SOURCE ( 'ANY', '', #2328, .NOT_KNOWN. ) ;
#225 = CARTESIAN_POINT ( 'NONE',  ( -17.08819733836321900, 18.73976062978732700, 5.943305426616616300 ) ) ;
#226 = B_SPLINE_CURVE_WITH_KNOTS ( 'NONE', 3,
 ( #2542, #947, #2770, #1410, #51, #1633, #278, #1851, #502, #2077 ),
 .UNSPECIFIED., .F., .F.,
 ( 4, 1, 1, 1, 1, 1, 1, 4 ),
 ( 0.0000000000000000000, 0.1382689154345891900, 0.2829613492625193700, 0.4276537830910792100, 0.5723462169196390500, 0.7170386507475690100, 0.8617310845761290100, 1.000000000000000000 ),
 .UNSPECIFIED. ) ;
#227 = ORIENTED_EDGE ( 'NONE', *, *, #261, .T. ) ;
#228 = CARTESIAN_POINT ( 'NONE',  ( -17.67715891568000700, 19.57640647027999800, 6.861126031966000100 ) ) ;
#229 = CARTESIAN_POINT ( 'NONE',  ( -18.49951425034467800, 18.04142875845978700, 6.500000013895602900 ) ) ;
#230 = CARTESIAN_POINT ( 'NONE',  ( -17.20399853626111100, 17.31030709642562500, 7.139082214399867800 ) ) ;
#231 = CARTESIAN_POINT ( 'NONE',  ( -19.24711489964000000, 18.36005095372999900, 6.871117638200999500 ) ) ;
#232 = CARTESIAN_POINT ( 'NONE',  ( -14.35559608242562200, 15.66491049062625000, 9.953146351932476300 ) ) ;
#233 = LINE ( 'NONE', #321, #1889 ) ;
#234 = CARTESIAN_POINT ( 'NONE',  ( -16.82567182756718100, 16.83570600564680900, 6.849127378789017200 ) ) ;
#235 = CARTESIAN_POINT ( 'NONE',  ( -18.11941029189699400, 18.79517215704886700, 6.699666672996001700 ) ) ;
#236 = CARTESIAN_POINT ( 'NONE',  ( -18.22889484148021600, 17.33190532995125500, 6.500000027585938900 ) ) ;
#237 = FILL_AREA_STYLE ('',( #1585 ) ) ;
#238 = CARTESIAN_POINT ( 'NONE',  ( -16.00697901866000100, 17.67450235039470000, 9.746096497211400600 ) ) ;
#239 = CARTESIAN_POINT ( 'NONE',  ( -16.87877987043999500, 16.80650458812999700, 6.736751137261000700 ) ) ;
#240 = CARTESIAN_POINT ( 'NONE',  ( -17.55174936797560300, 17.17420220312736800, 7.778164370324726700 ) ) ;
#241 = CARTESIAN_POINT ( 'NONE',  ( -19.48578315131999300, 17.92070524718579300, 6.848617413939302300 ) ) ;
#242 = CARTESIAN_POINT ( 'NONE',  ( -14.14215901196961200, 16.14815990800595800, 10.17102628984747000 ) ) ;
#243 = AXIS2_PLACEMENT_3D ( 'NONE', #2917, #1774, #424 ) ;
#244 = CARTESIAN_POINT ( 'NONE',  ( -18.46894979647522200, 17.58487460859159400, 7.139082183493368200 ) ) ;
#245 = CARTESIAN_POINT ( 'NONE',  ( -17.61512041610000200, 19.56738678648000000, 6.488001347711999300 ) ) ;
#246 = CARTESIAN_POINT ( 'NONE',  ( -13.80787476417385500, 16.18517381620061000, 8.595666163509442000 ) ) ;
#247 = CARTESIAN_POINT ( 'NONE',  ( -15.90355012076999900, 17.24335510127550100, 8.080250078915501200 ) ) ;
#248 = CARTESIAN_POINT ( 'NONE',  ( -16.52463590784000000, 17.12347885763000100, 6.861126032036001000 ) ) ;
#249 = CARTESIAN_POINT ( 'NONE',  ( -17.91770878598958200, 17.18877972817222500, 8.417246524862388700 ) ) ;
#250 = CARTESIAN_POINT ( 'NONE',  ( -17.62649124200000000, 16.56704650324999800, 6.612376242486998700 ) ) ;
#251 = CARTESIAN_POINT ( 'NONE',  ( -14.62804824345679800, 16.32360461603621000, 8.462276243559033500 ) ) ;
#252 = ORIENTED_EDGE ( 'NONE', *, *, #916, .F. ) ;
#253 = CARTESIAN_POINT ( 'NONE',  ( -16.80292624055758200, 18.21407720279014300, 6.500000054773535900 ) ) ;
#254 = CARTESIAN_POINT ( 'NONE',  ( -14.83744780627688800, 16.51948930859720800, 10.03237703902011200 ) ) ;
#255 = CARTESIAN_POINT ( 'NONE',  ( -18.59707378889363500, 17.92592280541622800, 7.778164341413928500 ) ) ;
#256 = CARTESIAN_POINT ( 'NONE',  ( -17.77340250664999700, 19.57078109108000100, 6.488001347711999300 ) ) ;
#257 = CARTESIAN_POINT ( 'NONE',  ( -15.98408342691825500, 17.12888163585500900, 8.178729914650714900 ) ) ;
#258 = CARTESIAN_POINT ( 'NONE',  ( -14.95926586177777100, 17.50920572568075400, 8.666644082539326300 ) ) ;
#259 = CARTESIAN_POINT ( 'NONE',  ( -18.52472126823907700, 17.68926846188961500, 6.514435142205409000 ) ) ;
#260 = CARTESIAN_POINT ( 'NONE',  ( -15.72522203193824300, 18.65241171116503300, 6.900000000000858300 ) ) ;
#261 = EDGE_CURVE ( 'NONE', #2046, #335, #404, .T. ) ;
#262 = ADVANCED_FACE ( 'NONE', ( #1302 ), #642, .T. ) ;
#263 = CARTESIAN_POINT ( 'NONE',  ( -15.62885425831000000, 18.97395294769999900, 6.488001347711999300 ) ) ;
#264 = CARTESIAN_POINT ( 'NONE',  ( -16.81796441271394800, 17.85955787934027200, 7.139082219766419400 ) ) ;
#265 = CARTESIAN_POINT ( 'NONE',  ( -18.58203564618058200, 18.28044213707438100, 8.417246502546298400 ) ) ;
#266 = CARTESIAN_POINT ( 'NONE',  ( -18.23761991426999900, 19.47543145845999700, 6.612376242486998700 ) ) ;
#267 = CARTESIAN_POINT ( 'NONE',  ( -16.37431391175798700, 17.36410244881866700, 6.871117638200999500 ) ) ;
#268 = CARTESIAN_POINT ( 'NONE',  ( -18.40635807428667900, 18.44557725022771400, 6.699666672996023000 ) ) ;
#269 = CARTESIAN_POINT ( 'NONE',  ( -14.40028632991003100, 17.21199103648209300, 9.683265657117246400 ) ) ;
#270 = CARTESIAN_POINT ( 'NONE',  ( -18.49465283357254500, 18.49252440650631600, 6.228870284410966500 ) ) ;
#271 = CARTESIAN_POINT ( 'NONE',  ( -15.69457113934923100, 18.63609081120440100, 6.732751591270378800 ) ) ;
#272 = CARTESIAN_POINT ( 'NONE',  ( -15.68742364740000100, 19.18880777885000200, 6.612376248815998300 ) ) ;
#273 = CARTESIAN_POINT ( 'NONE',  ( -16.20855612908170700, 19.47943227717428600, 6.899999841221352300 ) ) ;
#274 = CARTESIAN_POINT ( 'NONE',  ( -18.64970012762000100, 19.23999693380000100, 6.736751137261000700 ) ) ;
#275 = CARTESIAN_POINT ( 'NONE',  ( -14.27973670378746400, 17.07065736156369700, 8.703318386714061100 ) ) ;
#276 = CARTESIAN_POINT ( 'NONE',  ( -16.17947731354000100, 19.48576707549999300, 6.899230593224002600 ) ) ;
#277 = CARTESIAN_POINT ( 'NONE',  ( -17.31926846189026700, 17.24527873175951600, 6.228870284411023300 ) ) ;
#278 = CARTESIAN_POINT ( 'NONE',  ( -19.02568608824201100, 18.77589755118133800, 6.871117638200999500 ) ) ;
#279 = AXIS2_PLACEMENT_3D ( 'NONE', #2605, #144, #369 ) ;
#280 = CARTESIAN_POINT ( 'NONE',  ( -19.19240524044426600, 16.63255720335332200, 6.889247048010001400 ) ) ;
#281 = LINE ( 'NONE', #2304, #1420 ) ;
#282 = CARTESIAN_POINT ( 'NONE',  ( -18.96849799553999500, 18.88749363861999700, 6.861126032036001000 ) ) ;
#283 = CARTESIAN_POINT ( 'NONE',  ( -13.63008509384244200, 16.90104973363493500, 9.605659058165976200 ) ) ;
#284 = CARTESIAN_POINT ( 'NONE',  ( -17.41561939039433700, 17.32067549584735400, 6.500000039320608100 ) ) ;
#285 = CARTESIAN_POINT ( 'NONE',  ( -16.67816479849000500, 19.53170539756000000, 6.880997255274000000 ) ) ;
#286 = CARTESIAN_POINT ( 'NONE',  ( -18.22273720016372800, 17.32863125398652600, 5.943305426616487500 ) ) ;
#287 = CARTESIAN_POINT ( 'NONE',  ( -14.18555708512475300, 15.52333961442151600, 8.718993475314567500 ) ) ;
#288 = PLANE ( 'NONE',  #1094 ) ;
#289 = CARTESIAN_POINT ( 'NONE',  ( -16.93325847531976100, 17.59498205617683200, 6.500000050635389200 ) ) ;
#290 = CARTESIAN_POINT ( 'NONE',  ( -17.17726279983540400, 18.81136874601151000, 6.800000000000013100 ) ) ;
#291 = CARTESIAN_POINT ( 'NONE',  ( -15.85413114526530100, 17.34421873814899900, 8.101337287198999700 ) ) ;
#292 = CARTESIAN_POINT ( 'NONE',  ( -17.17748730237329700, 19.55914177030669900, 6.852446001640701400 ) ) ;
#293 = CARTESIAN_POINT ( 'NONE',  ( -15.78033218236737900, 16.29193340595022800, 9.539013517907271500 ) ) ;
#294 = CARTESIAN_POINT ( 'NONE',  ( -16.95579898991957200, 17.55258953337500900, 6.500000055499559600 ) ) ;
#295 = EDGE_CURVE ( 'NONE', #975, #1323, #2433, .T. ) ;
#296 = CARTESIAN_POINT ( 'NONE',  ( -17.22185045356832900, 17.30525510412310200, 6.500000043865863800 ) ) ;
#297 = CARTESIAN_POINT ( 'NONE',  ( -14.15295190673536200, 16.16706954236792600, 10.26965934850396400 ) ) ;
#298 = CARTESIAN_POINT ( 'NONE',  ( -13.96441251795783600, 16.46574566545304600, 10.12654440096988800 ) ) ;
#299 = CARTESIAN_POINT ( 'NONE',  ( -17.98438060960882000, 18.81932450414842300, 6.500000025979138800 ) ) ;
#300 = CARTESIAN_POINT ( 'NONE',  ( -16.12354514935160000, 17.48746870514329600, 9.831816826053501000 ) ) ;
#301 = CARTESIAN_POINT ( 'NONE',  ( -18.47048631649801500, 17.75309806122948700, 6.699666672064713800 ) ) ;
#302 = CARTESIAN_POINT ( 'NONE',  ( -14.91312624302204300, 15.89167735728466200, 8.739779823074883300 ) ) ;
#303 = CARTESIAN_POINT ( 'NONE',  ( -19.43726059596779300, 16.68110546160487900, 6.500000003925827700 ) ) ;
#304 = CARTESIAN_POINT ( 'NONE',  ( -17.08353406103490400, 18.73428165377178800, 6.500000044967865900 ) ) ;
#305 = CARTESIAN_POINT ( 'NONE',  ( -18.07456423377857400, 18.89046520044168500, 6.500000023863685300 ) ) ;
#306 = CARTESIAN_POINT ( 'NONE',  ( -15.60667497708053200, 16.74352513758713500, 9.871800164436624700 ) ) ;
#307 = CARTESIAN_POINT ( 'NONE',  ( -18.31646593896437400, 17.40571834622557600, 6.500000025094346200 ) ) ;
#308 = ORIENTED_EDGE ( 'NONE', *, *, #2265, .T. ) ;
#309 = CARTESIAN_POINT ( 'NONE',  ( -18.61818112741304900, 17.15181887258859900, 6.500000011112022400 ) ) ;
#310 = CARTESIAN_POINT ( 'NONE',  ( -18.01593097696194000, 17.22518353910783500, 6.500000025239055300 ) ) ;
#311 = CARTESIAN_POINT ( 'NONE',  ( -19.68980551353000100, 17.52311376862000000, 6.488001347711999300 ) ) ;
#312 = CARTESIAN_POINT ( 'NONE',  ( -17.17422948452456300, 18.67329916281314100, 6.500000044982911600 ) ) ;
#313 =( NAMED_UNIT ( * ) SI_UNIT ( $, .STERADIAN. ) SOLID_ANGLE_UNIT ( ) );
#314 = CARTESIAN_POINT ( 'NONE',  ( -17.64342873369019700, 17.25248909077281600, 6.599333344128857500 ) ) ;
#315 = CARTESIAN_POINT ( 'NONE',  ( -15.08107373772560000, 15.77095774401883000, 9.259350964798759500 ) ) ;
#316 = CARTESIAN_POINT ( 'NONE',  ( -19.76250593476543600, 17.10940440884645900, 6.499999993681959700 ) ) ;
#317 = CARTESIAN_POINT ( 'NONE',  ( -18.49465286302021000, 18.49252441471468700, 7.778164340134888600 ) ) ;
#318 = B_SPLINE_CURVE_WITH_KNOTS ( 'NONE', 3,
 ( #2213, #1984, #855, #2445 ),
 .UNSPECIFIED., .F., .F.,
 ( 4, 4 ),
 ( 0.0000000000000000000, 1.000000000000000000 ),
 .UNSPECIFIED. ) ;
#319 = CARTESIAN_POINT ( 'NONE',  ( -17.32983131962055300, 18.89244740243315900, 6.500000041332946800 ) ) ;
#320 = CARTESIAN_POINT ( 'NONE',  ( -15.97216664864898300, 17.15129432509704400, 8.178731216585251900 ) ) ;
#321 = CARTESIAN_POINT ( 'NONE',  ( -16.41474778870290100, 17.38563256441155900, 6.900000000000000400 ) ) ;
#322 = ADVANCED_FACE ( 'NONE', ( #691 ), #2097, .T. ) ;
#323 = ORIENTED_EDGE ( 'NONE', *, *, #2850, .T. ) ;
#324 = CARTESIAN_POINT ( 'NONE',  ( -16.90534717564388200, 17.64747559606051700, 6.900000000000002100 ) ) ;
#325 = EDGE_LOOP ( 'NONE', ( #1163, #1259, #679, #2793, #1066, #1709, #323, #1885 ) ) ;
#326 = CARTESIAN_POINT ( 'NONE',  ( -19.70808313787999900, 17.50479251480999900, 6.861126051024999800 ) ) ;
#327 = CARTESIAN_POINT ( 'NONE',  ( -16.90140157866791900, 18.01969236132934100, 6.500000051382660800 ) ) ;
#328 = DIRECTION ( 'NONE',  ( 0.0000000000000000000, 0.0000000000000000000, 1.000000000000000000 ) ) ;
#329 = CARTESIAN_POINT ( 'NONE',  ( -16.99364192571711700, 17.69442274976794500, 6.499000016193312100 ) ) ;
#330 = CARTESIAN_POINT ( 'NONE',  ( -15.05828463740796500, 16.01435337208654300, 9.793278014623673800 ) ) ;
#331 = CARTESIAN_POINT ( 'NONE',  ( -18.28332995353728300, 18.75536576637200200, 8.417246506378218000 ) ) ;
#332 = CARTESIAN_POINT ( 'NONE',  ( -16.82211088518796400, 18.27697303791121200, 6.500000053242585500 ) ) ;
#333 = CARTESIAN_POINT ( 'NONE',  ( -15.64808130749999800, 18.75208972249999900, 6.612376248815998300 ) ) ;
#334 = CARTESIAN_POINT ( 'NONE',  ( -14.14302854560968500, 16.14862224724352700, 10.17085264166877900 ) ) ;
#335 = VERTEX_POINT ( 'NONE', #2647 ) ;
#336 = CARTESIAN_POINT ( 'NONE',  ( -17.38074011497217300, 17.22648357071964400, 6.900000000000003000 ) ) ;
#337 = CARTESIAN_POINT ( 'NONE',  ( -19.77322174609000200, 17.24049298201999400, 6.488001347711999300 ) ) ;
#338 = CARTESIAN_POINT ( 'NONE',  ( -18.01925990345890200, 18.91351643441574400, 6.900000000000000400 ) ) ;
#339 = CARTESIAN_POINT ( 'NONE',  ( -14.85806022560318100, 16.47980190735340100, 10.02992466191351700 ) ) ;
#340 = CARTESIAN_POINT ( 'NONE',  ( -17.84825066147108100, 18.96579780507902100, 6.500000025862739500 ) ) ;
#341 = FACE_OUTER_BOUND ( 'NONE', #1809, .T. ) ;
#342 = CARTESIAN_POINT ( 'NONE',  ( -16.90534716642989500, 17.64747559349185800, 6.500000051290107300 ) ) ;
#343 = CARTESIAN_POINT ( 'NONE',  ( -14.35646561606569100, 15.66537282986381100, 9.952972703753783200 ) ) ;
#344 =( GEOMETRIC_REPRESENTATION_CONTEXT ( 3 ) GLOBAL_UNCERTAINTY_ASSIGNED_CONTEXT ( ( #1062 ) ) GLOBAL_UNIT_ASSIGNED_CONTEXT ( ( #2696, #1338, #2930 ) ) REPRESENTATION_CONTEXT ( 'NONE', 'WORKASPACE' ) );
#345 = CARTESIAN_POINT ( 'NONE',  ( -19.74166040352999800, 17.02004604205999500, 6.612376248815998300 ) ) ;
#346 = CARTESIAN_POINT ( 'NONE',  ( -19.22186381615329900, 16.61515769059670300, 6.852446001640701400 ) ) ;
#347 = CARTESIAN_POINT ( 'NONE',  ( -16.35897352990000200, 16.59736873071000200, 8.364394310958001500 ) ) ;
#348 = CARTESIAN_POINT ( 'NONE',  ( -18.72045270649579900, 16.64857505899170000, 6.899997398026101800 ) ) ;
#349 = ADVANCED_FACE ( 'NONE', ( #99, #1239 ), #1666, .T. ) ;
#350 = CARTESIAN_POINT ( 'NONE',  ( -17.48229127290483800, 18.95122028824253800, 7.139082197450326500 ) ) ;
#351 = CARTESIAN_POINT ( 'NONE',  ( -16.93493179500330100, 18.55968593618800000, 6.800000000000025600 ) ) ;
#352 = CARTESIAN_POINT ( 'NONE',  ( -14.39363538764953700, 15.40927132913974900, 9.457226612764650000 ) ) ;
#353 = CARTESIAN_POINT ( 'NONE',  ( -15.94863408091999800, 18.23762114258000000, 6.899230593224002600 ) ) ;
#354 = CARTESIAN_POINT ( 'NONE',  ( -14.33450477775000200, 15.29931346320999600, 9.144790913750000500 ) ) ;
#355 = B_SPLINE_CURVE_WITH_KNOTS ( 'NONE', 3,
 ( #2774, #54, #2784, #1422, #64, #1646 ),
 .UNSPECIFIED., .F., .F.,
 ( 4, 2, 4 ),
 ( 0.0000000000000000000, 0.5000000000000000000, 1.000000000000000000 ),
 .UNSPECIFIED. ) ;
#356 = EDGE_CURVE ( 'NONE', #2472, #89, #718, .T. ) ;
#357 = CARTESIAN_POINT ( 'NONE',  ( -17.17110518796685200, 18.80809467825528400, 7.778164368601525600 ) ) ;
#358 = CARTESIAN_POINT ( 'NONE',  ( -16.85206307886607700, 17.74768838714850700, 6.514435142205539500 ) ) ;
#359 = CARTESIAN_POINT ( 'NONE',  ( -14.23052023124993500, 15.50740057791684900, 8.901706166980012800 ) ) ;
#360 = ORIENTED_EDGE ( 'NONE', *, *, #655, .F. ) ;
#361 = CARTESIAN_POINT ( 'NONE',  ( -15.68822271469999800, 18.66538913743999800, 6.880997255274000000 ) ) ;
#362 = CARTESIAN_POINT ( 'NONE',  ( -15.12019104394999900, 15.67843981834000300, 9.297200367642000500 ) ) ;
#363 = CARTESIAN_POINT ( 'NONE',  ( -18.18968593618857800, 18.83506820499541600, 6.514435142205467600 ) ) ;
#364 = CARTESIAN_POINT ( 'NONE',  ( -13.96232531459734400, 15.90248562903318000, 8.610651108426962400 ) ) ;
#365 = CARTESIAN_POINT ( 'NONE',  ( -16.38418820347750000, 17.33668156639670200, 6.848617413939302300 ) ) ;
#366 = CARTESIAN_POINT ( 'NONE',  ( -18.22577051547644100, 17.46670083718617800, 6.500000020316830000 ) ) ;
#367 = CARTESIAN_POINT ( 'NONE',  ( -15.85716023784000400, 16.14706435075000400, 9.443951172016998200 ) ) ;
#368 = CARTESIAN_POINT ( 'NONE',  ( -18.22188155804000300, 16.59924714996999700, 6.889247048010001400 ) ) ;
#369 = DIRECTION ( 'NONE',  ( 1.000000000000000000, 7.881384666263840200E-031, -3.206885370672024300E-015 ) ) ;
#370 = CARTESIAN_POINT ( 'NONE',  ( -17.37768838714916000, 18.91793692113261800, 6.228870284411066800 ) ) ;
#371 = CARTESIAN_POINT ( 'NONE',  ( -16.20655059578999900, 19.52427578089000400, 6.736751149921000900 ) ) ;
#372 = PLANE ( 'NONE',  #1707 ) ;
#373 = PRODUCT_RELATED_PRODUCT_CATEGORY ( 'part', '', ( #2328 ) ) ;
#374 = ORIENTED_EDGE ( 'NONE', *, *, #598, .T. ) ;
#375 = CARTESIAN_POINT ( 'NONE',  ( -17.17737773523352700, 18.80332573486524000, 6.899999999999999500 ) ) ;
#376 = CARTESIAN_POINT ( 'NONE',  ( -18.14792546665280100, 17.28883171880525200, 6.899999999999997700 ) ) ;
#377 = ORIENTED_EDGE ( 'NONE', *, *, #202, .F. ) ;
#378 = CARTESIAN_POINT ( 'NONE',  ( -18.96355844620919800, 18.90147547806747100, 6.849127378788974600 ) ) ;
#379 = CARTESIAN_POINT ( 'NONE',  ( -16.54388281668000000, 16.69568674249000000, 9.552089577240003800 ) ) ;
#380 = CARTESIAN_POINT ( 'NONE',  ( -16.42852074748184100, 16.51146870624842600, 8.760359844559918200 ) ) ;
#381 = CARTESIAN_POINT ( 'NONE',  ( -15.98782465004000000, 17.18541898435999500, 8.071573902698000700 ) ) ;
#382 = CARTESIAN_POINT ( 'NONE',  ( -19.57800654609999600, 16.77326333438999800, 6.612376248815998300 ) ) ;
#383 = ORIENTED_EDGE ( 'NONE', *, *, #2482, .T. ) ;
#384 = CARTESIAN_POINT ( 'NONE',  ( -16.80009915714770600, 18.10240898524496300, 6.899999999999997700 ) ) ;
#385 = CARTESIAN_POINT ( 'NONE',  ( -18.58947911507118200, 17.92077363482747300, 6.899999999999997700 ) ) ;
#386 = EDGE_LOOP ( 'NONE', ( #633, #1178 ) ) ;
#387 = CARTESIAN_POINT ( 'NONE',  ( -14.41526447831475700, 15.56388029558094600, 9.977180316169571100 ) ) ;
#388 = VERTEX_POINT ( 'NONE', #1058 ) ;
#389 = CARTESIAN_POINT ( 'NONE',  ( -14.25434507890999900, 15.85161761563000100, 10.21390852513999900 ) ) ;
#390 = CARTESIAN_POINT ( 'NONE',  ( -18.52472126823910200, 17.68926846188960400, 6.799999999999877300 ) ) ;
#391 = ORIENTED_EDGE ( 'NONE', *, *, #717, .T. ) ;
#392 = CARTESIAN_POINT ( 'NONE',  ( -13.99831989940999900, 15.71548661294000300, 8.569427065967001800 ) ) ;
#393 = CARTESIAN_POINT ( 'NONE',  ( -19.38877017726999700, 16.65434511412000200, 6.736751149921000900 ) ) ;
#394 = CARTESIAN_POINT ( 'NONE',  ( -17.31926846189030700, 17.24527873175950200, 6.799999999999957200 ) ) ;
#395 = CARTESIAN_POINT ( 'NONE',  ( -16.26253271704420200, 17.23354207457557400, 9.851708315343973500 ) ) ;
#396 = ORIENTED_EDGE ( 'NONE', *, *, #2115, .F. ) ;
#397 = ORIENTED_EDGE ( 'NONE', *, *, #2749, .F. ) ;
#398 = CARTESIAN_POINT ( 'NONE',  ( -14.84885961474000000, 16.50314070526999900, 10.13429393854999800 ) ) ;
#399 = CARTESIAN_POINT ( 'NONE',  ( -18.47872063502328300, 17.61783090018294500, 6.500000014383358500 ) ) ;
#400 = CARTESIAN_POINT ( 'NONE',  ( -16.22481950056216600, 16.73641954993966500, 8.339269996612149100 ) ) ;
#401 = CARTESIAN_POINT ( 'NONE',  ( -14.86727145492999800, 15.88581357455000100, 8.582853304023002400 ) ) ;
#402 = CARTESIAN_POINT ( 'NONE',  ( -19.19352560951999800, 16.61355273227000100, 6.861126051024999800 ) ) ;
#403 = LINE ( 'NONE', #1698, #1019 ) ;
#404 = B_SPLINE_CURVE_WITH_KNOTS ( 'NONE', 3,
 ( #938, #713, #2295, #2532, #1172, #2761, #1399, #41, #1620, #857, #2448, #1090, #2675, #1316, #2906, #1537, #188, #1765 ),
 .UNSPECIFIED., .F., .F.,
 ( 4, 2, 2, 2, 2, 2, 2, 2, 4 ),
 ( 0.0000000000000000000, 0.1250000000000000000, 0.2500000000000000000, 0.3750000000000000000, 0.5000000000000000000, 0.6250000000000000000, 0.7500000000000000000, 0.8750000000000000000, 1.000000000000000000 ),
 .UNSPECIFIED. ) ;
#405 = CARTESIAN_POINT ( 'NONE',  ( -18.49465283357268000, 18.49252440650644000, 6.799999999998954400 ) ) ;
#406 = CARTESIAN_POINT ( 'NONE',  ( -16.52535739803225600, 16.42558002185745600, 9.016584912532030300 ) ) ;
#407 = ORIENTED_EDGE ( 'NONE', *, *, #2016, .F. ) ;
#408 = EDGE_CURVE ( 'NONE', #2899, #1313, #2368, .T. ) ;
#409 = CARTESIAN_POINT ( 'NONE',  ( -16.99364192571710700, 17.69442274976794100, 6.649500008096653800 ) ) ;
#410 = CARTESIAN_POINT ( 'NONE',  ( -18.49465283357256600, 18.49252440650630500, 6.500000014009637000 ) ) ;
#411 = CARTESIAN_POINT ( 'NONE',  ( -16.43750880541935900, 16.51129520385103100, 8.804905095922217500 ) ) ;
#412 = CARTESIAN_POINT ( 'NONE',  ( -16.90534716642989500, 17.64747559349185800, 6.500000051290107300 ) ) ;
#413 = CARTESIAN_POINT ( 'NONE',  ( -13.65851022637713000, 16.83301846859288600, 9.566862715478368500 ) ) ;
#414 = CARTESIAN_POINT ( 'NONE',  ( -15.63001768392244500, 19.03258395591206000, 6.849127379370383300 ) ) ;
#415 = CARTESIAN_POINT ( 'NONE',  ( -16.02686524325224600, 17.01512273169689800, 8.090073778762029400 ) ) ;
#416 = CARTESIAN_POINT ( 'NONE',  ( -15.71019448646999800, 18.61688623138000100, 6.488001347711999300 ) ) ;
#417 = CARTESIAN_POINT ( 'NONE',  ( -15.30942471252834400, 16.71979666217296800, 8.320158725919506900 ) ) ;
#418 = CARTESIAN_POINT ( 'NONE',  ( -15.96209982706547100, 17.70275585459878400, 9.596591541602112600 ) ) ;
#419 = CARTESIAN_POINT ( 'NONE',  ( -16.47989289068669900, 16.64569267681451900, 9.374975072302744300 ) ) ;
#420 = CARTESIAN_POINT ( 'NONE',  ( -14.05035666070741800, 15.75530692194925200, 8.665357847585678300 ) ) ;
#421 = CARTESIAN_POINT ( 'NONE',  ( -13.58410979582698300, 16.70078597368468800, 8.842236928848040000 ) ) ;
#422 = ORIENTED_EDGE ( 'NONE', *, *, #408, .T. ) ;
#423 = CARTESIAN_POINT ( 'NONE',  ( -19.67339020800000100, 16.88766454584000000, 6.488001347711999300 ) ) ;
#424 = DIRECTION ( 'NONE',  ( 0.1958357569340651900, 0.0000000000000000000, -0.9806367096463714000 ) ) ;
#425 = CARTESIAN_POINT ( 'NONE',  ( -18.42080829803455100, 19.38591774484625000, 6.500000009973564200 ) ) ;
#426 = CARTESIAN_POINT ( 'NONE',  ( -19.29506377116241100, 16.62428000017241900, 6.849127379370532500 ) ) ;
#427 = CARTESIAN_POINT ( 'NONE',  ( -15.58333496617576900, 16.29352758398602300, 8.556805373212519300 ) ) ;
#428 = CARTESIAN_POINT ( 'NONE',  ( -17.61170033647298200, 16.55998854738550100, 6.849127378789023400 ) ) ;
#429 = VERTEX_POINT ( 'NONE', #2132 ) ;
#430 = CARTESIAN_POINT ( 'NONE',  ( -17.14931028874947900, 18.65966691363603000, 6.800000000001056800 ) ) ;
#431 = CARTESIAN_POINT ( 'NONE',  ( -15.82053006990000200, 19.36834781967999700, 6.736751149921000900 ) ) ;
#432 = CARTESIAN_POINT ( 'NONE',  ( -14.29703457458435200, 15.43715973827385900, 9.053515204304476400 ) ) ;
#433 = CARTESIAN_POINT ( 'NONE',  ( -18.40635807428665800, 18.44557725022782800, 6.649500008096567600 ) ) ;
#434 = CARTESIAN_POINT ( 'NONE',  ( -16.72178171003014300, 16.93072946223178100, 6.500000064884697600 ) ) ;
#435 = CARTESIAN_POINT ( 'NONE',  ( -16.90534719587591500, 17.64747560170009400, 7.778164382177826600 ) ) ;
#436 = CARTESIAN_POINT ( 'NONE',  ( -19.20623078434999800, 18.33828109650500000, 6.899997398026101800 ) ) ;
#437 = CARTESIAN_POINT ( 'NONE',  ( -15.77237558365732000, 16.13852945562401000, 9.090732423029873400 ) ) ;
#438 = CARTESIAN_POINT ( 'NONE',  ( -15.81727971155127800, 19.35834446685571900, 6.500000070133374700 ) ) ;
#439 = CARTESIAN_POINT ( 'NONE',  ( -16.94613223627700200, 17.78378358232365700, 6.699666672996072800 ) ) ;
#440 = CARTESIAN_POINT ( 'NONE',  ( -18.18968593618855300, 18.83506820499542300, 6.228870284411001100 ) ) ;
#441 = CARTESIAN_POINT ( 'NONE',  ( -14.40244897984981300, 15.45576415380658000, 9.630906361389520500 ) ) ;
#442 = B_SPLINE_CURVE_WITH_KNOTS ( 'NONE', 3,
 ( #1651, #68, #1900, #547, #2130, #787, #2367, #1008, #2601, #1247 ),
 .UNSPECIFIED., .F., .F.,
 ( 4, 1, 1, 1, 1, 1, 1, 4 ),
 ( 0.0000000000000000000, 0.1382689154138037300, 0.2829613492320992600, 0.4276537830497647600, 0.5723462168680602000, 0.7170386506863555300, 0.8617310845040212500, 1.000000000000000000 ),
 .UNSPECIFIED. ) ;
#443 = CARTESIAN_POINT ( 'NONE',  ( -17.68116443200424500, 16.56970718432552300, 6.500000045099943300 ) ) ;
#444 = CARTESIAN_POINT ( 'NONE',  ( -16.95579901936722300, 17.55258954158339400, 7.778164381624826300 ) ) ;
#445 = CARTESIAN_POINT ( 'NONE',  ( -19.46100936225999700, 17.90751377056999500, 6.895433249022999300 ) ) ;
#446 = VERTEX_POINT ( 'NONE', #549 ) ;
#447 = EDGE_CURVE ( 'NONE', #918, #2776, #556, .T. ) ;
#448 = CARTESIAN_POINT ( 'NONE',  ( -15.63415973205034600, 18.82893986230101600, 6.500000077752110500 ) ) ;
#449 = CARTESIAN_POINT ( 'NONE',  ( -17.15744615394543300, 18.69343570205765200, 6.599333345992200800 ) ) ;
#450 = CARTESIAN_POINT ( 'NONE',  ( -17.37768838714913900, 18.91793692113262900, 5.943305426616598600 ) ) ;
#451 = DIRECTION ( 'NONE',  ( 0.03429631001013216200, 0.9992593140067197500, -0.01745240643890916300 ) ) ;
#452 = CARTESIAN_POINT ( 'NONE',  ( -17.20399856570876600, 17.31030710463400300, 8.417246540525118400 ) ) ;
#453 = CARTESIAN_POINT ( 'NONE',  ( -19.71708625443000100, 17.47743776731000100, 6.871117638200999500 ) ) ;
#454 = CARTESIAN_POINT ( 'NONE',  ( -14.33239695773913200, 15.73020063523464000, 10.01081339122504100 ) ) ;
#455 = ORIENTED_EDGE ( 'NONE', *, *, #356, .T. ) ;
#456 = CARTESIAN_POINT ( 'NONE',  ( -16.51960718880688400, 17.12416479823927100, 6.849127378789013700 ) ) ;
#457 = ORIENTED_EDGE ( 'NONE', *, *, #1242, .F. ) ;
#458 = CARTESIAN_POINT ( 'NONE',  ( -18.22889487092786000, 17.33190533815963300, 7.778164353711190400 ) ) ;
#459 = SURFACE_STYLE_USAGE ( .BOTH. , #1807 ) ;
#460 = CARTESIAN_POINT ( 'NONE',  ( -15.70191595079939800, 17.79503129915555300, 8.539419069544321100 ) ) ;
#461 = CARTESIAN_POINT ( 'NONE',  ( -15.83947419195829900, 17.89998449493790000, 9.507672810807001400 ) ) ;
#462 = CARTESIAN_POINT ( 'NONE',  ( -16.75304134928000000, 16.90338046867000100, 6.488001347711999300 ) ) ;
#463 = CARTESIAN_POINT ( 'NONE',  ( -17.67536006355735600, 17.16158807954865000, 6.500000041432612900 ) ) ;
#464 = CARTESIAN_POINT ( 'NONE',  ( -15.73690450993995200, 18.65863232499344100, 6.899999996324695000 ) ) ;
#465 = CARTESIAN_POINT ( 'NONE',  ( -14.12973186305281800, 16.17165437237918000, 10.17135217125077800 ) ) ;
#466 = CARTESIAN_POINT ( 'NONE',  ( -17.69999999999995000, 18.07000000000010000, 6.850000000000025400 ) ) ;
#467 = CARTESIAN_POINT ( 'NONE',  ( -16.93105023297155800, 18.55512539961480600, 7.139082212694098000 ) ) ;
#468 = VERTEX_POINT ( 'NONE', #920 ) ;
#469 = CARTESIAN_POINT ( 'NONE',  ( -18.46894982592286300, 17.58487461679997200, 8.417246509618618000 ) ) ;
#470 = DIRECTION ( 'NONE',  ( -0.4699997645203047900, -0.8826665402918918400, 0.0000000000000000000 ) ) ;
#471 = CARTESIAN_POINT ( 'NONE',  ( -15.27624967987359600, 16.78126909479599500, 8.317707279076225600 ) ) ;
#472 = CARTESIAN_POINT ( 'NONE',  ( -15.53718733322400100, 16.92001210615819700, 9.991822576472234400 ) ) ;
#473 = CARTESIAN_POINT ( 'NONE',  ( -17.55446246960800500, 17.17337270750499900, 6.799999999999937600 ) ) ;
#474 = CARTESIAN_POINT ( 'NONE',  ( -16.43515847011000000, 17.25486279980000500, 6.612376242486998700 ) ) ;
#475 = CARTESIAN_POINT ( 'NONE',  ( -17.62627873930000200, 16.56270169190999700, 6.861126032036001000 ) ) ;
#476 = CARTESIAN_POINT ( 'NONE',  ( -14.67216818945225900, 16.24663906465715600, 8.478283223396701400 ) ) ;
#477 = COLOUR_RGB ( '',1.000000000000000000, 1.000000000000000000, 1.000000000000000000 ) ;
#478 = CARTESIAN_POINT ( 'NONE',  ( -16.80292627000523400, 18.21407721099852100, 7.778164380898784800 ) ) ;
#479 = CARTESIAN_POINT ( 'NONE',  ( -16.22534821324350000, 17.26693727564535100, 9.754423879210389000 ) ) ;
#480 = CARTESIAN_POINT ( 'NONE',  ( -18.60792785682280100, 18.04967433799275900, 6.500000014243879900 ) ) ;
#481 = CARTESIAN_POINT ( 'NONE',  ( -17.77361500934999900, 19.57512590241999800, 6.736751137261000700 ) ) ;
#482 = CARTESIAN_POINT ( 'NONE',  ( -14.59224992190191500, 16.38883063393671300, 8.456682764371331400 ) ) ;
#483 = CARTESIAN_POINT ( 'NONE',  ( -18.72183520151000000, 16.60829460244000100, 6.880997255274000000 ) ) ;
#484 = CARTESIAN_POINT ( 'NONE',  ( -15.03034392302367900, 17.27280140307521000, 8.393135720365210200 ) ) ;
#485 = CARTESIAN_POINT ( 'NONE',  ( -18.31180266163598700, 17.40023937021000200, 6.514435142205417000 ) ) ;
#486 = CARTESIAN_POINT ( 'NONE',  ( -15.62451874272999900, 18.97434351848999900, 6.736751149921000900 ) ) ;
#487 = CARTESIAN_POINT ( 'NONE',  ( -16.81796444216158500, 17.85955788754865000, 8.417246545891671900 ) ) ;
#488 = EDGE_LOOP ( 'NONE', ( #157, #1593, #1621, #1098 ) ) ;
#489 = CARTESIAN_POINT ( 'NONE',  ( -18.54919687421279000, 18.38994199477926000, 7.139082176474407700 ) ) ;
#490 = CARTESIAN_POINT ( 'NONE',  ( -18.23917409215999900, 19.47949434832999700, 6.861126032036001000 ) ) ;
#491 = CARTESIAN_POINT ( 'NONE',  ( -16.37056494212751900, 17.36210620814832600, 6.852786849251156600 ) ) ;
#492 = CARTESIAN_POINT ( 'NONE',  ( -18.40635807428667200, 18.44557725022773200, 6.499000018988228400 ) ) ;
#493 = CARTESIAN_POINT ( 'NONE',  ( -18.58173278468695600, 18.28314102000011200, 6.228870284410955800 ) ) ;
#494 = ORIENTED_EDGE ( 'NONE', *, *, #2940, .T. ) ;
#495 = CARTESIAN_POINT ( 'NONE',  ( -15.68352622840000200, 19.19074668729999500, 6.861126051024999800 ) ) ;
#496 = CARTESIAN_POINT ( 'NONE',  ( -16.20792999329576000, 19.49767540638611500, 6.895433249022999300 ) ) ;
#497 = CARTESIAN_POINT ( 'NONE',  ( -18.76453862270999900, 19.13041941528000200, 6.488001347711999300 ) ) ;
#498 = EDGE_LOOP ( 'NONE', ( #634, #2229 ) ) ;
#499 = CARTESIAN_POINT ( 'NONE',  ( -14.37300236316322400, 16.80570155155230700, 8.464894700309535800 ) ) ;
#500 = CARTESIAN_POINT ( 'NONE',  ( -17.17882843206000100, 19.52006653639999800, 6.899230593224002600 ) ) ;
#501 = CARTESIAN_POINT ( 'NONE',  ( -17.03023937021134400, 17.45819733836261600, 6.228870284411052600 ) ) ;
#502 = CARTESIAN_POINT ( 'NONE',  ( -19.02943505787248300, 18.77789379185465500, 6.852786849251153900 ) ) ;
#503 = EDGE_CURVE ( 'NONE', #2137, #1461, #1748, .T. ) ;
#504 = CARTESIAN_POINT ( 'NONE',  ( -16.32723350363010800, 17.06116840717530900, 9.716748077540351900 ) ) ;
#505 = CARTESIAN_POINT ( 'NONE',  ( -19.19288963789425800, 16.61844377085388300, 6.871117638202001400 ) ) ;
#506 = CARTESIAN_POINT ( 'NONE',  ( -19.01737602346000200, 18.79332458303999700, 6.612376242486998700 ) ) ;
#507 = CARTESIAN_POINT ( 'NONE',  ( -13.56801732536879300, 16.89229888606143600, 9.271558964020012900 ) ) ;
#508 = CARTESIAN_POINT ( 'NONE',  ( -17.56766428640293000, 17.27953785444053400, 6.500000035754080600 ) ) ;
#509 = CARTESIAN_POINT ( 'NONE',  ( -17.67751591701000500, 19.56600485845999800, 6.880997255274000000 ) ) ;
#510 = CARTESIAN_POINT ( 'NONE',  ( -17.91314102000063000, 17.18826721531162600, 5.943305426616508000 ) ) ;
#511 = CARTESIAN_POINT ( 'NONE',  ( -14.08980116521475500, 15.66026601771094400, 8.604068315439569400 ) ) ;
#512 = CARTESIAN_POINT ( 'NONE',  ( -16.93493179500330100, 18.55968593618800000, 6.800000000000025600 ) ) ;
#513 = CARTESIAN_POINT ( 'NONE',  ( -17.65005348017282900, 19.52524475149739700, 6.899999996324678100 ) ) ;
#514 = CARTESIAN_POINT ( 'NONE',  ( -15.72597083098510000, 17.64267279095479800, 8.254217178231098000 ) ) ;
#515 = CARTESIAN_POINT ( 'NONE',  ( -18.40635807428664000, 18.44557725022782400, 6.599333344128778500 ) ) ;
#516 = CARTESIAN_POINT ( 'NONE',  ( -16.17813981651329400, 19.52473646783670000, 6.848617413941101800 ) ) ;
#517 = CARTESIAN_POINT ( 'NONE',  ( -17.75145229775636600, 16.57088281384249500, 6.500000015744704200 ) ) ;
#518 = CARTESIAN_POINT ( 'NONE',  ( -15.76620953572187000, 16.34526979000425900, 9.610303564756566900 ) ) ;
#519 = CARTESIAN_POINT ( 'NONE',  ( -17.11667009063343100, 17.38463424593729200, 6.500000052871858900 ) ) ;
#520 = CARTESIAN_POINT ( 'NONE',  ( -17.38074269720031100, 17.22648264238714300, 6.500000040138716400 ) ) ;
#521 = CARTESIAN_POINT ( 'NONE',  ( -16.19376921565169900, 17.80171890349500100, 6.899997398026101800 ) ) ;
#522 = CARTESIAN_POINT ( 'NONE',  ( -15.17922198154659000, 17.45625533268405100, 9.629001049057601200 ) ) ;
#523 = CARTESIAN_POINT ( 'NONE',  ( -17.83233571359996400, 18.86046214555661000, 6.500000029545659300 ) ) ;
#524 = CARTESIAN_POINT ( 'NONE',  ( -16.23281422238643000, 17.28988348404699900, 9.852903913545887300 ) ) ;
#525 = CARTESIAN_POINT ( 'NONE',  ( -18.47048631649720800, 17.75309806122911700, 6.499000016193287300 ) ) ;
#526 = ORIENTED_EDGE ( 'NONE', *, *, #1273, .F. ) ;
#527 = CARTESIAN_POINT ( 'NONE',  ( -18.49859842133279000, 18.12030763866875200, 6.500000013917079900 ) ) ;
#528 = CARTESIAN_POINT ( 'NONE',  ( -14.94944682560390300, 15.85014382512979100, 8.811069869927926800 ) ) ;
#529 = CARTESIAN_POINT ( 'NONE',  ( -19.50287280370448100, 16.71868276907482100, 6.500000002172863700 ) ) ;
#530 = CARTESIAN_POINT ( 'NONE',  ( -16.93105021824773000, 18.55512539551062200, 6.500000049631483800 ) ) ;
#531 = B_SPLINE_CURVE_WITH_KNOTS ( 'NONE', 3,
 ( #1345, #2243, #2118, #1891, #641, #2224, #867, #2456, #1101, #2684, #1326, #2919, #1547, #199, #1776, #426, #2004, #653 ),
 .UNSPECIFIED., .F., .F.,
 ( 4, 2, 2, 2, 2, 2, 2, 2, 4 ),
 ( 0.0000000000000000000, 0.1250000000000000000, 0.2500000000000000000, 0.3750000000000000000, 0.5000000000000000000, 0.6250000000000000000, 0.7500000000000000000, 0.8750000000000000000, 1.000000000000000000 ),
 .UNSPECIFIED. ) ;
#532 = CARTESIAN_POINT ( 'NONE',  ( -17.90696885192653600, 18.94784432259363200, 6.500000027794988500 ) ) ;
#533 = CARTESIAN_POINT ( 'NONE',  ( -15.56753920389328300, 16.82314082066338300, 9.887807144274670900 ) ) ;
#534 = CARTESIAN_POINT ( 'NONE',  ( -18.46894978175139800, 17.58487460448740300, 6.500000020430725600 ) ) ;
#535 = DIRECTION ( 'NONE',  ( 0.0000000000000000000, 1.000000000000000000, 0.0000000000000000000 ) ) ;
#536 = CARTESIAN_POINT ( 'NONE',  ( -18.14792451712599300, 17.28883123704298800, 6.500000022142869800 ) ) ;
#537 = CARTESIAN_POINT ( 'NONE',  ( -17.11771768256775100, 18.61879799426746700, 6.500000046308519700 ) ) ;
#538 = APPLICATION_PROTOCOL_DEFINITION ( 'draft international standard', 'automotive_design', 1998, #778 ) ;
#539 = FACE_OUTER_BOUND ( 'NONE', #126, .T. ) ;
#540 = CARTESIAN_POINT ( 'NONE',  ( -17.28058970810298000, 17.34482784294695200, 6.799999999999927900 ) ) ;
#541 = CARTESIAN_POINT ( 'NONE',  ( -15.09167958728513200, 15.78426057318233000, 9.347878025537886200 ) ) ;
#542 = CARTESIAN_POINT ( 'NONE',  ( -19.77173427914593500, 17.18471031448583400, 6.499999992985734400 ) ) ;
#543 = CARTESIAN_POINT ( 'NONE',  ( -18.44420101008040900, 18.58741046662176900, 6.500000014562639100 ) ) ;
#544 = CARTESIAN_POINT ( 'NONE',  ( -17.22676094588329200, 18.83611322156457700, 6.500000043750676900 ) ) ;
#545 = CARTESIAN_POINT ( 'NONE',  ( -15.70644780095000200, 18.61469196045000600, 6.736751149921000900 ) ) ;
#546 = CARTESIAN_POINT ( 'NONE',  ( -15.98469526887796400, 17.12785381397693000, 8.179057097987936200 ) ) ;
#547 = CARTESIAN_POINT ( 'NONE',  ( -19.70352938836136800, 17.50289776319484500, 6.871117638200999500 ) ) ;
#548 = AXIS2_PLACEMENT_3D ( 'NONE', #2225, #868, #2458 ) ;
#549 = CARTESIAN_POINT ( 'NONE',  ( -19.19282410205370600, 16.62035322530261200, 6.500000004979031400 ) ) ;
#550 = CARTESIAN_POINT ( 'NONE',  ( -16.93325821255589500, 17.59498258107941400, 6.900000000000003000 ) ) ;
#551 = B_SPLINE_SURFACE_WITH_KNOTS ( 'NONE', 3, 3, ( 
 ( #311, #2591, #1234, #2818 ),
 ( #1455, #101, #1681, #326 ),
 ( #1903, #553, #2133, #789 ),
 ( #2370, #1014, #2604, #1249 ),
 ( #2832, #1467, #112, #1693 ),
 ( #337, #1915, #566, #2148 ),
 ( #799, #2381, #1025, #2615 ),
 ( #1258, #2841, #1474, #121 ),
 ( #1701, #345, #1921, #572 ),
 ( #2153, #804, #2389, #1029 ),
 ( #423, #93, #1060, #2648 ),
 ( #1292, #2878, #1507, #159 ),
 ( #1737, #382, #1966, #610 ),
 ( #2193, #838, #2429, #1070 ),
 ( #2656, #1301, #2885, #1515 ),
 ( #169, #1745, #393, #1973 ),
 ( #619, #2203, #846, #2437 ),
 ( #1078, #2664, #1307, #2893 ),
 ( #1525, #178, #1754, #402 ),
 ( #1983, #628, #2212, #854 ) ),
 .UNSPECIFIED., .F., .F., .F.,
 ( 4, 1, 1, 1, 1, 1, 1, 1, 1, 1, 1, 1, 1, 1, 1, 1, 1, 4 ),
 ( 4, 4 ),
 ( 5.229780448879999700, 5.353710432208999700, 5.477640415538001400, 5.601570398867999700, 5.725500382196999600, 5.849430365526999700, 5.973360348856000500, 6.097290332184999600, 6.221220315515000500, 6.345150298843999600, 6.469080282174000600, 6.593010265502999600, 6.716940248832999700, 6.840870232161999600, 6.964800215490999600, 7.088730198821000500, 7.212660182150001400, 7.336590165480000500 ),
 ( 343.6197832617000400, 347.3510302948000100 ),
 .UNSPECIFIED. ) ;
#552 = TOROIDAL_SURFACE ( 'NONE', #2625, 0.5561016563227535500, 0.04999999999998158000 ) ;
#553 = CARTESIAN_POINT ( 'NONE',  ( -19.72671697080999600, 17.45827793142999700, 6.612376248815998300 ) ) ;
#554 = CARTESIAN_POINT ( 'NONE',  ( -16.91902684681607000, 17.88948941434491500, 6.500000050969218200 ) ) ;
#555 = PRODUCT_CONTEXT ( 'NONE', #778, 'mechanical' ) ;
#556 = LINE ( 'NONE', #1901, #2894 ) ;
#557 = CARTESIAN_POINT ( 'NONE',  ( -15.03653034323130000, 16.07786385858343100, 9.853441613121555400 ) ) ;
#558 = CARTESIAN_POINT ( 'NONE',  ( -18.19600149318585400, 18.82969291177820600, 7.139082181787596700 ) ) ;
#559 = CARTESIAN_POINT ( 'NONE',  ( -16.80164079181824700, 18.13174845561009000, 6.500000053722751600 ) ) ;
#560 = CARTESIAN_POINT ( 'NONE',  ( -15.64390011250000100, 18.75087858695000200, 6.861126051024999800 ) ) ;
#561 = CARTESIAN_POINT ( 'NONE',  ( -14.17657523251435800, 16.08355215798279400, 10.16558634581603800 ) ) ;
#562 = ADVANCED_FACE ( 'NONE', ( #16 ), #156, .T. ) ;
#563 = CARTESIAN_POINT ( 'NONE',  ( -17.55052168898383500, 17.18053056209925700, 6.900000000000000400 ) ) ;
#564 = ORIENTED_EDGE ( 'NONE', *, *, #2440, .T. ) ;
#565 = B_SPLINE_SURFACE_WITH_KNOTS ( 'NONE', 3, 3, ( 
 ( #761, #521, #2342, #981 ),
 ( #2577, #1218, #2804, #1441 ),
 ( #86, #1710, #353, #1933 ),
 ( #582, #2162, #813, #2397 ),
 ( #1039, #2627, #1270, #2855 ),
 ( #1485, #134, #1718, #361 ),
 ( #1940, #589, #2169, #821 ),
 ( #2405, #1046, #2634, #1277 ),
 ( #2861, #1491, #140, #1723 ),
 ( #365, #1948, #595, #2178 ) ),
 .UNSPECIFIED., .F., .F., .F.,
 ( 4, 1, 1, 1, 1, 1, 1, 4 ),
 ( 4, 4 ),
 ( -0.01020195370450000100, 0.2196056929750000200, 0.4494133396540001000, 0.6792209863340001900, 0.9090286330140002800, 1.138836279693000100, 1.368643926373000400, 1.598451573052000100 ),
 ( -0.07000810204480000000, 14.92908520428000200 ),
 .UNSPECIFIED. ) ;
#566 = CARTESIAN_POINT ( 'NONE',  ( -19.77757229006999800, 17.24064133276999300, 6.736751149921000900 ) ) ;
#567 = EDGE_CURVE ( 'NONE', #714, #83, #1466, .T. ) ;
#568 = CARTESIAN_POINT ( 'NONE',  ( -17.84825069091872900, 18.96579781328740200, 7.778164351987992800 ) ) ;
#569 = B_SPLINE_SURFACE_WITH_KNOTS ( 'NONE', 3, 3, ( 
 ( #1291, #1059, #602, #2876 ),
 ( #1506, #158, #1736, #381 ),
 ( #1965, #609, #2191, #837 ),
 ( #2428, #1069, #2655, #1300 ),
 ( #2884, #1514, #168, #1744 ),
 ( #392, #1972, #618, #2202 ),
 ( #845, #2436, #1077, #2663 ),
 ( #1306, #2892, #1524, #177 ),
 ( #1753, #401, #1982, #627 ),
 ( #2211, #853, #2422, #347 ),
 ( #1923, #574, #2155, #806 ),
 ( #2391, #1031, #2620, #1264 ),
 ( #2847, #1480, #127, #1711 ),
 ( #354, #1934, #583, #2163 ),
 ( #814, #2399, #1040, #2628 ),
 ( #1271, #2856, #1486, #135 ),
 ( #1719, #362, #1941, #590 ),
 ( #2170, #822, #2407, #1048 ),
 ( #2636, #1279, #2863, #1493 ),
 ( #142, #1725, #367, #1950 ),
 ( #596, #2179, #828, #2415 ),
 ( #1055, #2644, #1288, #2874 ),
 ( #1502, #154, #1734, #379 ),
 ( #1961, #606, #2187, #835 ),
 ( #2423, #1067, #2653, #1297 ),
 ( #2882, #1511, #166, #1742 ),
 ( #389, #1970, #615, #2198 ),
 ( #843, #2434, #1074, #2660 ),
 ( #1304, #2888, #1520, #173 ),
 ( #1749, #398, #1977, #624 ),
 ( #2206, #850, #2441, #1082 ),
 ( #2667, #1310, #2898, #1529 ) ),
 .UNSPECIFIED., .F., .F., .F.,
 ( 4, 1, 1, 1, 1, 1, 1, 1, 1, 1, 1, 1, 1, 1, 1, 1, 1, 1, 1, 1, 1, 1, 1, 1, 1, 1, 1, 1, 1, 4 ),
 ( 4, 4 ),
 ( -0.06283185307180001700, 0.04983215933280001800, 0.1624961717370000700, 0.2751601841420000500, 0.3878241965470001200, 0.5004882089509998800, 0.6131522213560000000, 0.7258162337600000400, 0.8384802461650001600, 0.9511442585700001800, 1.063808270973999800, 1.176472283379000000, 1.289136295782999700, 1.401800308187999700, 1.514464320593000000, 1.627128332996999900, 1.739792345401999900, 1.852456357806000000, 1.965120370210999800, 2.077784382616000500, 2.190448395019999300, 2.303112407425000000, 2.415776419828999300, 2.528440432233999500, 2.641104444639000200, 2.753768457042999900, 2.866432469447999200, 2.979096481851999800, 3.091760494256999600, 3.204424506662000700 ),
 ( 2.520000000000000000, 27.47999999999999700 ),
 .UNSPECIFIED. ) ;
#570 = CARTESIAN_POINT ( 'NONE',  ( -14.37524556434398600, 15.60568112732344300, 9.888082766298463600 ) ) ;
#571 = VERTEX_POINT ( 'NONE', #1327 ) ;
#572 = CARTESIAN_POINT ( 'NONE',  ( -19.74576760556999500, 17.01860377569000000, 6.861126051024999800 ) ) ;
#573 = CARTESIAN_POINT ( 'NONE',  ( -18.22251269762669400, 16.58085822969330200, 6.852446001640701400 ) ) ;
#574 = CARTESIAN_POINT ( 'NONE',  ( -14.95404754111000200, 15.77839090493999800, 8.731366298020999400 ) ) ;
#575 = CARTESIAN_POINT ( 'NONE',  ( -17.72110158796999700, 16.61427559809000700, 6.899997398026101800 ) ) ;
#576 = ORIENTED_EDGE ( 'NONE', *, *, #2638, .F. ) ;
#577 = UNCERTAINTY_MEASURE_WITH_UNIT (LENGTH_MEASURE( 1.000000000000000100E-005 ), #2034, 'distance_accuracy_value', 'NONE');
#578 = CARTESIAN_POINT ( 'NONE',  ( -17.48229130235248600, 18.95122029645092000, 8.417246523575576200 ) ) ;
#579 = ORIENTED_EDGE ( 'NONE', *, *, #2609, .F. ) ;
#580 = CARTESIAN_POINT ( 'NONE',  ( -17.17726279983540400, 18.81136874601151000, 6.800000000000013100 ) ) ;
#581 = CARTESIAN_POINT ( 'NONE',  ( -14.38141161228518100, 15.39894079293924800, 9.368511624574788100 ) ) ;
#582 = CARTESIAN_POINT ( 'NONE',  ( -16.40896199252999900, 17.34987304301000300, 6.895433249022999300 ) ) ;
#583 = CARTESIAN_POINT ( 'NONE',  ( -15.78140874629999900, 16.06864595000999800, 8.855840346112001900 ) ) ;
#584 = ADVANCED_FACE ( 'NONE', ( #1154 ), #162, .T. ) ;
#585 = CARTESIAN_POINT ( 'NONE',  ( -17.08353406103489600, 18.73428165377178800, 6.500000044967853400 ) ) ;
#586 = CARTESIAN_POINT ( 'NONE',  ( -16.79190081204407600, 18.09185267105161500, 6.514435142205556400 ) ) ;
#587 = CARTESIAN_POINT ( 'NONE',  ( -14.19237099479481200, 15.55393892130412000, 8.834584574750238100 ) ) ;
#588 = B_SPLINE_SURFACE_WITH_KNOTS ( 'NONE', 3, 3, ( 
 ( #245, #922, #2515, #1156 ),
 ( #2743, #1384, #24, #1605 ),
 ( #256, #1830, #481, #2056 ),
 ( #708, #2291, #934, #2528 ),
 ( #1167, #2756, #1394, #35 ),
 ( #1616, #266, #1839, #490 ),
 ( #2065, #722, #2303, #944 ),
 ( #2539, #1180, #2766, #1404 ),
 ( #47, #1629, #274, #1847 ),
 ( #497, #2073, #729, #2311 ),
 ( #949, #2547, #1186, #2775 ),
 ( #1412, #55, #1636, #282 ),
 ( #1856, #506, #2081, #740 ),
 ( #2320, #958, #2556, #1198 ) ),
 .UNSPECIFIED., .F., .F., .F.,
 ( 4, 1, 1, 1, 1, 1, 1, 1, 1, 1, 1, 4 ),
 ( 4, 4 ),
 ( 4.132165658817998900, 4.237660808194000600, 4.343155957569998700, 4.448651106945000300, 4.554146256320998500, 4.659641405697001000, 4.765136555072999200, 4.870631704448000800, 4.976126853824000700, 5.081622003200001500, 5.187117152575998700, 5.292612301951000300 ),
 ( 859.2294379385001500, 862.9606847816998000 ),
 .UNSPECIFIED. ) ;
#589 = CARTESIAN_POINT ( 'NONE',  ( -16.15288510036000200, 17.77994904626999800, 6.871117638200999500 ) ) ;
#590 = CARTESIAN_POINT ( 'NONE',  ( -16.56709501251000200, 16.44777230512999500, 9.008249800004000100 ) ) ;
#591 = CARTESIAN_POINT ( 'NONE',  ( -18.44136874601207800, 18.59273720016319900, 6.514435142205439200 ) ) ;
#592 = CARTESIAN_POINT ( 'NONE',  ( -16.01045172517000400, 19.48768758712999400, 6.861126051024999800 ) ) ;
#593 = CARTESIAN_POINT ( 'NONE',  ( -13.91846074115052000, 15.98020799949067000, 8.597937927460730400 ) ) ;
#594 = CARTESIAN_POINT ( 'NONE',  ( -17.73140964838134100, 18.96993726414061500, 6.900000000000004800 ) ) ;
#595 = CARTESIAN_POINT ( 'NONE',  ( -15.91421684868000200, 18.21929475281420400, 6.848617413939302300 ) ) ;
#596 = CARTESIAN_POINT ( 'NONE',  ( -14.40350602822000400, 15.42424134709999900, 9.822932037785005100 ) ) ;
#597 = CARTESIAN_POINT ( 'NONE',  ( -19.22151076076999800, 16.62544433288999800, 6.880997255274000000 ) ) ;
#598 = EDGE_CURVE ( 'NONE', #2341, #2290, #1484, .T. ) ;
#599 = SURFACE_STYLE_FILL_AREA ( #878 ) ;
#600 = CARTESIAN_POINT ( 'NONE',  ( -17.72185267105215400, 18.97809918795451300, 6.228870284411042000 ) ) ;
#601 = CARTESIAN_POINT ( 'NONE',  ( -16.23147987387999800, 19.51977900761999900, 6.488001347711999300 ) ) ;
#602 = CARTESIAN_POINT ( 'NONE',  ( -15.24886160329999600, 16.83070979186999900, 8.218139214035000300 ) ) ;
#603 = ORIENTED_EDGE ( 'NONE', *, *, #146, .T. ) ;
#604 = CARTESIAN_POINT ( 'NONE',  ( -17.08511375208697900, 18.72983826882954300, 6.899999999999997700 ) ) ;
#605 = CARTESIAN_POINT ( 'NONE',  ( -18.22262228319820200, 17.33667427027116400, 6.899999999999999500 ) ) ;
#606 = CARTESIAN_POINT ( 'NONE',  ( -15.07413005337000000, 15.99580224236000200, 9.911531719451000200 ) ) ;
#607 = CARTESIAN_POINT ( 'NONE',  ( -16.31978191328939000, 16.61158212317345600, 8.482408680172122600 ) ) ;
#608 = VECTOR ( 'NONE', #1145, 100.0000000000000000 ) ;
#609 = CARTESIAN_POINT ( 'NONE',  ( -14.57263843782000200, 16.35627130028000300, 8.360091084923002600 ) ) ;
#610 = CARTESIAN_POINT ( 'NONE',  ( -19.58093331410999800, 16.77004102624000100, 6.861126051024999800 ) ) ;
#611 = CARTESIAN_POINT ( 'NONE',  ( -16.80128646416203300, 18.01356594080493100, 6.900000000000003000 ) ) ;
#612 = ORIENTED_EDGE ( 'NONE', *, *, #2638, .T. ) ;
#613 = CARTESIAN_POINT ( 'NONE',  ( -18.59990086128666300, 18.03759101988998400, 6.900000000000004800 ) ) ;
#614 = CARTESIAN_POINT ( 'NONE',  ( -14.44524364269475600, 15.44643363037150300, 9.814596925257571800 ) ) ;
#615 = CARTESIAN_POINT ( 'NONE',  ( -15.70124904746999800, 16.62095010242000400, 9.924957957506002500 ) ) ;
#616 = CARTESIAN_POINT ( 'NONE',  ( -18.31180266163600500, 17.40023937020999500, 6.799999999999885200 ) ) ;
#617 = LINE ( 'NONE', #2491, #2363 ) ;
#618 = CARTESIAN_POINT ( 'NONE',  ( -15.44522386796999800, 16.48481909972999700, 8.280476498329001300 ) ) ;
#619 = CARTESIAN_POINT ( 'NONE',  ( -19.31614551191999900, 16.63614444147000200, 6.488001347711999300 ) ) ;
#620 = VECTOR ( 'NONE', #98, 100.0000000000000100 ) ;
#621 = B_SPLINE_CURVE_WITH_KNOTS ( 'NONE', 3,
 ( #645, #871, #2462, #1104, #2689, #1330, #2923, #1552, #204, #1779, #430, #2007, #657, #2240, #882, #2475, #1115, #2699 ),
 .UNSPECIFIED., .F., .F.,
 ( 4, 2, 2, 2, 2, 2, 2, 2, 4 ),
 ( 0.0000000000000000000, 0.1250000000000000000, 0.2500000000000000000, 0.3750000000000000000, 0.5000000000000000000, 0.6250000000000000000, 0.7500000000000000000, 0.8750000000000000000, 1.000000000000000000 ),
 .UNSPECIFIED. ) ;
#622 = CARTESIAN_POINT ( 'NONE',  ( -17.67814732894709800, 17.16190081204349800, 6.799999999999927000 ) ) ;
#623 = CARTESIAN_POINT ( 'NONE',  ( -16.34294799293225600, 17.07090766249690000, 9.821368333849033400 ) ) ;
#624 = CARTESIAN_POINT ( 'NONE',  ( -16.29576358329999400, 17.27247319205999800, 9.845343370912001300 ) ) ;
#625 = CARTESIAN_POINT ( 'NONE',  ( -18.54307930173504100, 17.74946217546400400, 6.500000012873694100 ) ) ;
#626 = CARTESIAN_POINT ( 'NONE',  ( -16.26597469766926800, 16.68067681839184500, 8.396937035902958300 ) ) ;
#627 = CARTESIAN_POINT ( 'NONE',  ( -16.31417542349001000, 16.65514606133999800, 8.293902736385000200 ) ) ;
#628 = CARTESIAN_POINT ( 'NONE',  ( -19.16850665031999400, 16.61805006223000400, 6.612376248815998300 ) ) ;
#629 = CARTESIAN_POINT ( 'NONE',  ( -15.65043786780892700, 18.72850574655643300, 6.849127379370370900 ) ) ;
#630 = CARTESIAN_POINT ( 'NONE',  ( -16.48895339126225300, 16.41915513839690300, 8.817187576471031500 ) ) ;
#631 = CARTESIAN_POINT ( 'NONE',  ( -14.83188763369024200, 16.52994600964322600, 10.03237580716066000 ) ) ;
#632 = CARTESIAN_POINT ( 'NONE',  ( -15.87705233574104600, 17.33787978521360200, 8.199236382060258100 ) ) ;
#633 = ORIENTED_EDGE ( 'NONE', *, *, #1216, .F. ) ;
#634 = ORIENTED_EDGE ( 'NONE', *, *, #1686, .F. ) ;
#635 = CARTESIAN_POINT ( 'NONE',  ( -16.45750739165038800, 16.50665153941217200, 8.892683126890055700 ) ) ;
#636 = CARTESIAN_POINT ( 'NONE',  ( -13.87654982992132200, 16.05601270085618300, 8.595660567789853000 ) ) ;
#637 = ORIENTED_EDGE ( 'NONE', *, *, #2115, .T. ) ;
#638 = CARTESIAN_POINT ( 'NONE',  ( -13.96528205159433600, 16.46620800468872400, 10.12637075279190800 ) ) ;
#639 = CARTESIAN_POINT ( 'NONE',  ( -15.67728455352432900, 19.17874215961457900, 6.849127379370390400 ) ) ;
#640 = CARTESIAN_POINT ( 'NONE',  ( -15.96385269498642000, 17.12994257128112000, 8.080250391153164500 ) ) ;
#641 = CARTESIAN_POINT ( 'NONE',  ( -19.77912559636368800, 17.26075481249675300, 6.849127379370470300 ) ) ;
#642 = PLANE ( 'NONE',  #548 ) ;
#643 = CARTESIAN_POINT ( 'NONE',  ( -15.35328928597551400, 16.64207429171482000, 8.332871906886429900 ) ) ;
#644 = CARTESIAN_POINT ( 'NONE',  ( -16.11598301246022700, 17.46492147953778600, 9.733917731189780700 ) ) ;
#645 = CARTESIAN_POINT ( 'NONE',  ( -18.40635807428681000, 18.44557725022783100, 6.799999999999248400 ) ) ;
#646 = CARTESIAN_POINT ( 'NONE',  ( -16.46736739535852200, 16.69675331225949200, 9.448203572675330600 ) ) ;
#647 = CARTESIAN_POINT ( 'NONE',  ( -14.09426573713674100, 15.68817324662931200, 8.706486334223996000 ) ) ;
#648 = CARTESIAN_POINT ( 'NONE',  ( -13.56085822626795500, 16.86424115522117300, 9.161006307892973800 ) ) ;
#649 = CARTESIAN_POINT ( 'NONE',  ( -18.49465283357256600, 18.49252440650630500, 6.500000014009637000 ) ) ;
#650 = CARTESIAN_POINT ( 'NONE',  ( -17.01842168110050200, 17.64782303333816000, 6.500000048637700100 ) ) ;
#651 = VECTOR ( 'NONE', #470, 100.0000000000000100 ) ;
#652 = CARTESIAN_POINT ( 'NONE',  ( -18.32732889646373000, 19.43296636141096200, 6.500000011825089400 ) ) ;
#653 = CARTESIAN_POINT ( 'NONE',  ( -19.19303313897074000, 16.61426271315003700, 6.849127380997123800 ) ) ;
#654 = CARTESIAN_POINT ( 'NONE',  ( -15.62148420262850300, 16.24698924059877900, 8.623926965438718300 ) ) ;
#655 = EDGE_CURVE ( 'NONE', #2740, #468, #1979, .T. ) ;
#656 = CARTESIAN_POINT ( 'NONE',  ( -16.20717589794426800, 19.51964677469734300, 6.500000021701393600 ) ) ;
#657 = CARTESIAN_POINT ( 'NONE',  ( -16.96557328854791200, 18.40404136363753600, 6.800000000001105600 ) ) ;
#658 = CARTESIAN_POINT ( 'NONE',  ( -15.88158091262000200, 19.41168835340000200, 6.488001347711999300 ) ) ;
#659 = CARTESIAN_POINT ( 'NONE',  ( -14.32541480378082400, 15.41480435582542100, 9.136106301026520900 ) ) ;
#660 = ORIENTED_EDGE ( 'NONE', *, *, #954, .F. ) ;
#661 = B_SPLINE_CURVE_WITH_KNOTS ( 'NONE', 3,
 ( #324, #550, #2369, #1013, #2602, #1248, #2830, #1465, #111, #1692, #336, #1914, #563, #2146, #798, #2380, #1024, #2614, #1286, #2872, #1500, #151, #1731, #376, #1959, #605, #2185, #833, #2420, #1064, #2650, #1295, #2880, #1509, #163, #1739, #385, #1968, #613, #2196, #841, #2432, #1072, #2658, #1303, #2887 ),
 .UNSPECIFIED., .F., .F.,
 ( 4, 2, 2, 2, 2, 2, 2, 2, 2, 2, 2, 2, 2, 2, 2, 2, 2, 2, 2, 2, 2, 2, 4 ),
 ( 2.775557561562891400E-017, 0.001758242227685720900, 0.002637363341528561700, 0.003516484455371402300, 0.005274726683057199800, 0.007032968910742997200, 0.008791211138428796400, 0.009670332252271689900, 0.01054945336611458500, 0.01142857447995748000, 0.01230769559380037600, 0.01406593782148608600, 0.01494505893532897500, 0.01582418004917186500, 0.01758242227685765200, 0.01846154339070051400, 0.01934066450454338000, 0.02109890673222911100, 0.02285714895991484300, 0.02373627007375774700, 0.02461539118760065400, 0.02637363341528637500, 0.02813187564297210000 ),
 .UNSPECIFIED. ) ;
#662 = CARTESIAN_POINT ( 'NONE',  ( -16.21748206885845900, 17.28173104058165800, 9.754423077851818400 ) ) ;
#663 = CARTESIAN_POINT ( 'NONE',  ( -16.88901668693451100, 16.80622506693983800, 6.500000061831327600 ) ) ;
#664 = PLANE ( 'NONE',  #2926 ) ;
#665 = CARTESIAN_POINT ( 'NONE',  ( -19.67620213914829800, 17.45566791009329700, 6.899997398026101800 ) ) ;
#666 = CARTESIAN_POINT ( 'NONE',  ( -15.78459935902900200, 16.14885999182857300, 9.179447411229551400 ) ) ;
#667 = CARTESIAN_POINT ( 'NONE',  ( -15.76541145344597100, 19.30324172424598600, 6.500000071682235300 ) ) ;
#668 = CARTESIAN_POINT ( 'NONE',  ( -16.94613223627800400, 17.78378358232392000, 6.499000018988261300 ) ) ;
#669 = CARTESIAN_POINT ( 'NONE',  ( -18.44136874601205300, 18.59273720016320300, 6.228870284410973600 ) ) ;
#670 = CARTESIAN_POINT ( 'NONE',  ( -14.39978555061745300, 15.49179340134409700, 9.713497458111632500 ) ) ;
#671 = CIRCLE ( 'NONE', #2052, 0.5561016473540736400 ) ;
#672 = CARTESIAN_POINT ( 'NONE',  ( -17.75145229775636600, 16.57088281384249500, 6.500000015744704200 ) ) ;
#673 = CARTESIAN_POINT ( 'NONE',  ( -18.28228231743312200, 17.52120200573234100, 6.500000018991225500 ) ) ;
#674 = CARTESIAN_POINT ( 'NONE',  ( -17.02576406043011700, 17.46200637322270300, 6.500000054469376600 ) ) ;
#675 = CARTESIAN_POINT ( 'NONE',  ( -18.99966443243999900, 18.79472033117999500, 6.889247048010001400 ) ) ;
#676 = CARTESIAN_POINT ( 'NONE',  ( -15.65631847098706000, 18.73025656853173600, 6.500000077875340000 ) ) ;
#677 = CARTESIAN_POINT ( 'NONE',  ( -17.44610353499210100, 18.84691038528247400, 6.800000000000014000 ) ) ;
#678 = CARTESIAN_POINT ( 'NONE',  ( -17.72185267105213300, 18.97809918795452700, 5.943305426616576300 ) ) ;
#679 = ORIENTED_EDGE ( 'NONE', *, *, #1242, .T. ) ;
#680 = CARTESIAN_POINT ( 'NONE',  ( -17.16238008572999600, 16.66456854154000000, 6.612376242486998700 ) ) ;
#681 = CARTESIAN_POINT ( 'NONE',  ( -17.31159594742334600, 17.24762446344169900, 7.139082212323478900 ) ) ;
#682 = CARTESIAN_POINT ( 'NONE',  ( -19.25029787651999400, 18.36174581618999800, 6.860127676783999800 ) ) ;
#683 = CARTESIAN_POINT ( 'NONE',  ( -14.30507281592050200, 15.80026135867413100, 10.06052632818656200 ) ) ;
#684 = CARTESIAN_POINT ( 'NONE',  ( -16.37062124075426400, 17.36213618588752500, 6.849127380303856100 ) ) ;
#685 = VERTEX_POINT ( 'NONE', #966 ) ;
#686 = CARTESIAN_POINT ( 'NONE',  ( -18.31646593896437400, 17.40571834622557600, 6.500000025094363000 ) ) ;
#687 =( NAMED_UNIT ( * ) PLANE_ANGLE_UNIT ( ) SI_UNIT ( $, .RADIAN. ) );
#688 = CARTESIAN_POINT ( 'NONE',  ( -14.31008244578329200, 17.05498029723930400, 8.817371919264980200 ) ) ;
#689 = FACE_OUTER_BOUND ( 'NONE', #1708, .T. ) ;
#690 = CARTESIAN_POINT ( 'NONE',  ( -15.71696581772760100, 18.01066389727369800, 9.188903431762398100 ) ) ;
#691 = FACE_OUTER_BOUND ( 'NONE', #2404, .T. ) ;
#692 = CARTESIAN_POINT ( 'NONE',  ( -16.75029987237999400, 16.90000306620000000, 6.736751137261000700 ) ) ;
#693 = CARTESIAN_POINT ( 'NONE',  ( -17.67536009300500800, 17.16158808775702800, 7.778164367557861800 ) ) ;
#694 = CARTESIAN_POINT ( 'NONE',  ( -16.37062124075426400, 17.36213618588752500, 6.849127380303856100 ) ) ;
#695 = CARTESIAN_POINT ( 'NONE',  ( -14.12186527798691700, 16.18644923832545100, 10.17135209462658500 ) ) ;
#696 = CARTESIAN_POINT ( 'NONE',  ( -16.93105026241920200, 18.55512540782318000, 8.417246538819350500 ) ) ;
#697 = CARTESIAN_POINT ( 'NONE',  ( -18.52651589459228600, 17.69513837614095300, 7.139082181458987500 ) ) ;
#698 = DIRECTION ( 'NONE',  ( 3.206885370672024300E-015, -8.592823452943977700E-016, 1.000000000000000000 ) ) ;
#699 = CARTESIAN_POINT ( 'NONE',  ( -13.88441617485734300, 16.04121809287798700, 8.595660128796735600 ) ) ;
#700 = CARTESIAN_POINT ( 'NONE',  ( -15.42791824138976900, 17.11759731726337100, 9.970735368188322000 ) ) ;
#701 = CARTESIAN_POINT ( 'NONE',  ( -17.21031406381070300, 17.30493179500000200, 6.799999999999968700 ) ) ;
#702 = CARTESIAN_POINT ( 'NONE',  ( -16.43150200445999700, 17.25250636137999600, 6.861126032036001000 ) ) ;
#703 = CARTESIAN_POINT ( 'NONE',  ( -17.46863951973999100, 16.58314254641999200, 6.612376242486998700 ) ) ;
#704 = CARTESIAN_POINT ( 'NONE',  ( -14.71667896079328800, 16.17258761136690700, 8.504006041823020100 ) ) ;
#705 = CARTESIAN_POINT ( 'NONE',  ( -16.79207214318122300, 18.09032566200517100, 6.500000055818336600 ) ) ;
#706 = CARTESIAN_POINT ( 'NONE',  ( -14.83351470822612100, 16.52688627372720400, 10.03237672893261500 ) ) ;
#707 = CARTESIAN_POINT ( 'NONE',  ( -18.60792788627043800, 18.04967434620113700, 7.778164340369127000 ) ) ;
#708 = CARTESIAN_POINT ( 'NONE',  ( -17.93102606617999900, 19.55470831353000000, 6.488001347711999300 ) ) ;
#709 = CARTESIAN_POINT ( 'NONE',  ( -18.11941029189712200, 18.79517215705034500, 6.599333345992263800 ) ) ;
#710 = ORIENTED_EDGE ( 'NONE', *, *, #1562, .T. ) ;
#711 = CARTESIAN_POINT ( 'NONE',  ( -17.72248408298999700, 16.57399514154000300, 6.880997255274000000 ) ) ;
#712 = CARTESIAN_POINT ( 'NONE',  ( -15.15850423730400100, 16.97434735026931600, 8.240255829333040800 ) ) ;
#713 = CARTESIAN_POINT ( 'NONE',  ( -17.04280487280139400, 17.60196069406233100, 6.799999999999991800 ) ) ;
#714 = VERTEX_POINT ( 'NONE', #2327 ) ;
#715 = CARTESIAN_POINT ( 'NONE',  ( -18.02231161285007500, 17.22206307886550300, 6.514435142205433800 ) ) ;
#716 = CARTESIAN_POINT ( 'NONE',  ( -15.71361471534801500, 18.64623108029723400, 6.894485627835575100 ) ) ;
#717 = EDGE_CURVE ( 'NONE', #2341, #388, #2518, .T. ) ;
#718 = B_SPLINE_CURVE_WITH_KNOTS ( 'NONE', 3,
 ( #775, #2116, #2589, #1231, #2817, #1453 ),
 .UNSPECIFIED., .F., .F.,
 ( 4, 2, 4 ),
 ( 0.0000000000000000000, 0.5000000000000000000, 1.000000000000000000 ),
 .UNSPECIFIED. ) ;
#719 = CARTESIAN_POINT ( 'NONE',  ( -15.64011682487999800, 19.04757129389999900, 6.488001347711999300 ) ) ;
#720 = CARTESIAN_POINT ( 'NONE',  ( -16.85080315523404700, 17.75005801342707600, 7.139082219713056800 ) ) ;
#721 = CARTESIAN_POINT ( 'NONE',  ( -18.54919690366042700, 18.38994200298763500, 8.417246502599658300 ) ) ;
#722 = CARTESIAN_POINT ( 'NONE',  ( -18.38262238040999500, 19.41100687615999500, 6.612376242486998700 ) ) ;
#723 = CARTESIAN_POINT ( 'NONE',  ( -16.17987173424420500, 19.47427521055830000, 6.899997398026101800 ) ) ;
#724 = CARTESIAN_POINT ( 'NONE',  ( -18.59662729249355100, 17.92446246960751900, 6.228870284410943400 ) ) ;
#725 = ORIENTED_EDGE ( 'NONE', *, *, #295, .F. ) ;
#726 = CARTESIAN_POINT ( 'NONE',  ( -15.69815701554271600, 18.63800020845945900, 6.500000027497687700 ) ) ;
#727 = CARTESIAN_POINT ( 'NONE',  ( -15.72479586525999900, 19.25353835897999800, 6.612376248815998300 ) ) ;
#728 = CARTESIAN_POINT ( 'NONE',  ( -16.20731667534574400, 19.51554507463612300, 6.880997255273996400 ) ) ;
#729 = CARTESIAN_POINT ( 'NONE',  ( -18.76762049754999900, 19.13348936487000200, 6.736751137261000700 ) ) ;
#730 = EDGE_LOOP ( 'NONE', ( #1668, #2308, #912, #2247 ) ) ;
#731 = CARTESIAN_POINT ( 'NONE',  ( -14.51229630484762200, 16.50361232551622600, 8.358087163183549600 ) ) ;
#732 = CARTESIAN_POINT ( 'NONE',  ( -16.17910255717999800, 19.49668599885999900, 6.895433249022999300 ) ) ;
#733 = ORIENTED_EDGE ( 'NONE', *, *, #1113, .T. ) ;
#734 = CARTESIAN_POINT ( 'NONE',  ( -16.90534716642995100, 17.64747559349172300, 6.228870284411067700 ) ) ;
#735 = CARTESIAN_POINT ( 'NONE',  ( -14.44858881173475900, 15.33427404743150600, 9.532722163183626300 ) ) ;
#736 = CARTESIAN_POINT ( 'NONE',  ( -18.49465285565830200, 18.49252441266259300, 7.458623258603577900 ) ) ;
#737 = CARTESIAN_POINT ( 'NONE',  ( -16.28979973777455500, 17.14002573178488100, 9.739258631227748700 ) ) ;
#738 = STYLED_ITEM ( 'NONE', ( #1530 ), #2838 ) ;
#739 = CARTESIAN_POINT ( 'NONE',  ( -19.19303532757820100, 16.61419894757516100, 6.852786849251620200 ) ) ;
#740 = CARTESIAN_POINT ( 'NONE',  ( -19.02118435838000100, 18.79541560505999700, 6.861126032036001000 ) ) ;
#741 = CARTESIAN_POINT ( 'NONE',  ( -13.56801204585490000, 16.76946294992180200, 8.944481166807765500 ) ) ;
#742 = CARTESIAN_POINT ( 'NONE',  ( -17.67134657003372000, 17.27018589487049700, 6.500000033321996700 ) ) ;
#743 = CARTESIAN_POINT ( 'NONE',  ( -16.67795848525000900, 19.53771655206999800, 6.871117638202001400 ) ) ;
#744 = CARTESIAN_POINT ( 'NONE',  ( -17.55446246960793000, 17.17337270750502800, 5.943305426616537300 ) ) ;
#745 = CARTESIAN_POINT ( 'NONE',  ( -13.98990666386475500, 15.81977339474150100, 8.528541405805571100 ) ) ;
#746 = CARTESIAN_POINT ( 'NONE',  ( -18.18968593618860300, 18.83506820499540200, 6.799999999999935000 ) ) ;
#747 = VECTOR ( 'NONE', #1118, 100.0000000000000000 ) ;
#748 = DIRECTION ( 'NONE',  ( 0.4699997644329090300, 0.8826665403384281700, 5.159841511558996500E-009 ) ) ;
#749 = CARTESIAN_POINT ( 'NONE',  ( -16.80337270751000000, 18.21553753039049900, 6.800000000000025600 ) ) ;
#750 = CARTESIAN_POINT ( 'NONE',  ( -17.64833866579529300, 19.57520768381374100, 6.849127380303775300 ) ) ;
#751 = CARTESIAN_POINT ( 'NONE',  ( -15.65489276973930000, 17.87907711356029900, 8.527725540405098700 ) ) ;
#752 = CARTESIAN_POINT ( 'NONE',  ( -18.45386776372146200, 18.35621641767364700, 6.799999999999968700 ) ) ;
#753 = CARTESIAN_POINT ( 'NONE',  ( -17.17749093503919900, 19.55903592873830000, 6.848617413941101800 ) ) ;
#754 = CARTESIAN_POINT ( 'NONE',  ( -18.08840406729891000, 18.89237554066075800, 6.500000020801374800 ) ) ;
#755 = B_SPLINE_CURVE_WITH_KNOTS ( 'NONE', 3,
 ( #2307, #2316, #2552, #1194 ),
 .UNSPECIFIED., .F., .F.,
 ( 4, 4 ),
 ( 0.0000000000000000000, 1.000000000000000000 ),
 .UNSPECIFIED. ) ;
#756 = DIRECTION ( 'NONE',  ( -0.4699997645918617100, -0.8826665402537894300, -5.159841511556549700E-009 ) ) ;
#757 = CARTESIAN_POINT ( 'NONE',  ( -15.74742958743836900, 16.40496149254306200, 9.675193502210286000 ) ) ;
#758 = CARTESIAN_POINT ( 'NONE',  ( -17.31159593269951500, 17.24762445933750100, 6.500000049260836300 ) ) ;
#759 = EDGE_CURVE ( 'NONE', #2383, #1876, #108, .T. ) ;
#760 = CARTESIAN_POINT ( 'NONE',  ( -17.55052210747593500, 17.18052801942658200, 6.500000036156185600 ) ) ;
#761 = CARTESIAN_POINT ( 'NONE',  ( -16.42875489305169600, 17.36041231028499600, 6.899997398026101800 ) ) ;
#762 = CARTESIAN_POINT ( 'NONE',  ( -13.78738847653083400, 16.71620433076527900, 9.906953898779351100 ) ) ;
#763 = CARTESIAN_POINT ( 'NONE',  ( -17.72865342996905000, 18.86981410512735400, 6.500000031977746700 ) ) ;
#764 = VERTEX_POINT ( 'NONE', #1995 ) ;
#765 = CARTESIAN_POINT ( 'NONE',  ( -19.36830045695827700, 18.14136394541709100, 6.849127379870107100 ) ) ;
#766 = CARTESIAN_POINT ( 'NONE',  ( -18.24255384605385900, 17.44656429794033400, 6.699666672064247500 ) ) ;
#767 = CARTESIAN_POINT ( 'NONE',  ( -18.48097315318431200, 18.25051058565258800, 6.500000014330517200 ) ) ;
#768 = CARTESIAN_POINT ( 'NONE',  ( -14.98264240416566300, 15.81655185519296200, 8.887856085555535300 ) ) ;
#769 = CARTESIAN_POINT ( 'NONE',  ( -19.56372123312971200, 16.76459493385236100, 6.500000000476126700 ) ) ;
#770 = CARTESIAN_POINT ( 'NONE',  ( -16.83932571963507700, 18.33313453424944900, 6.500000053170353500 ) ) ;
#771 = FACE_OUTER_BOUND ( 'NONE', #59, .T. ) ;
#772 = CARTESIAN_POINT ( 'NONE',  ( -17.76117218931971900, 18.96840764290009000, 6.500000031214953300 ) ) ;
#773 = CARTESIAN_POINT ( 'NONE',  ( -15.53399251698675300, 16.88821090992447800, 9.893073440125332900 ) ) ;
#774 = CARTESIAN_POINT ( 'NONE',  ( -18.56067428036632100, 17.80686546574857900, 6.500000016891857700 ) ) ;
#775 = CARTESIAN_POINT ( 'NONE',  ( -17.65005348017282900, 19.52524475149739700, 6.899999996324678100 ) ) ;
#776 = CARTESIAN_POINT ( 'NONE',  ( -19.17224318642998800, 17.21999999999999500, 6.899999999999984400 ) ) ;
#777 = CARTESIAN_POINT ( 'NONE',  ( -17.04967097231975600, 18.53821641748640300, 6.500000047904690000 ) ) ;
#778 = APPLICATION_CONTEXT ( 'automotive_design' ) ;
#779 = CARTESIAN_POINT ( 'NONE',  ( -17.28058970810379000, 17.34482784294660400, 6.599333344128748300 ) ) ;
#780 = CARTESIAN_POINT ( 'NONE',  ( -15.09735695568706100, 15.80634034831473200, 9.435094657032582400 ) ) ;
#781 = CARTESIAN_POINT ( 'NONE',  ( -19.77142374991335700, 17.26039284152335200, 6.499999992506853500 ) ) ;
#782 = EDGE_CURVE ( 'NONE', #335, #2046, #621, .T. ) ;
#783 = CARTESIAN_POINT ( 'NONE',  ( -18.44420103952805300, 18.58741047483013600, 7.778164340687888900 ) ) ;
#784 = CARTESIAN_POINT ( 'NONE',  ( -17.15347013493969200, 18.78567443525352900, 6.500000045469867000 ) ) ;
#785 = CARTESIAN_POINT ( 'NONE',  ( -15.69767285837000200, 18.63826672824000500, 6.488001347711999300 ) ) ;
#786 = CARTESIAN_POINT ( 'NONE',  ( -16.01988174847446800, 17.06365561796288000, 8.184323393838663900 ) ) ;
#787 = CARTESIAN_POINT ( 'NONE',  ( -19.69106459857080800, 17.49626054744428000, 6.889247048010001400 ) ) ;
#788 = CARTESIAN_POINT ( 'NONE',  ( -16.23983263061536800, 17.27668370601424600, 9.852903722100165900 ) ) ;
#789 = CARTESIAN_POINT ( 'NONE',  ( -19.73071638597999600, 17.45999662831999900, 6.861126051024999800 ) ) ;
#790 = CARTESIAN_POINT ( 'NONE',  ( -16.96885749950151400, 17.74103970279481900, 6.500000049800340700 ) ) ;
#791 = ADVANCED_FACE ( 'NONE', ( #2011 ), #2119, .T. ) ;
#792 = APPLICATION_PROTOCOL_DEFINITION ( 'draft international standard', 'automotive_design', 1998, #2135 ) ;
#793 = CARTESIAN_POINT ( 'NONE',  ( -15.01054684704016200, 16.14642847211943900, 9.905884357897052800 ) ) ;
#794 = CARTESIAN_POINT ( 'NONE',  ( -18.19600152263350200, 18.82969291998658100, 8.417246507912850000 ) ) ;
#795 = CARTESIAN_POINT ( 'NONE',  ( -16.79990879979907000, 18.04338576974657100, 6.500000053763376000 ) ) ;
#796 = CARTESIAN_POINT ( 'NONE',  ( -15.63177123690999800, 18.82503293010999500, 6.612376248815998300 ) ) ;
#797 = CARTESIAN_POINT ( 'NONE',  ( -14.21571100570266400, 16.00393647490446000, 10.14957936597863700 ) ) ;
#798 = CARTESIAN_POINT ( 'NONE',  ( -17.66859037005027800, 17.17006274099497200, 6.899999999999999500 ) ) ;
#799 = CARTESIAN_POINT ( 'NONE',  ( -19.77114574169000200, 17.16604705229999800, 6.488001347711999300 ) ) ;
#800 = CARTESIAN_POINT ( 'NONE',  ( -17.72463993644192100, 18.97841192044937800, 6.500000028629601800 ) ) ;
#801 = CARTESIAN_POINT ( 'NONE',  ( -16.90534716642827800, 17.64747559349171300, 6.500000056052576800 ) ) ;
#802 = CARTESIAN_POINT ( 'NONE',  ( -14.38936821098941400, 15.55234474326898900, 9.816792719448727700 ) ) ;
#803 = EDGE_LOOP ( 'NONE', ( #812, #2106, #2375, #2447 ) ) ;
#804 = CARTESIAN_POINT ( 'NONE',  ( -19.71257635259999900, 16.95119222114999900, 6.612376248815998300 ) ) ;
#805 = CARTESIAN_POINT ( 'NONE',  ( -19.22186018348670400, 16.61526353216329400, 6.848617413941101800 ) ) ;
#806 = CARTESIAN_POINT ( 'NONE',  ( -16.40095150967000100, 16.54772339172999600, 8.442415730384002600 ) ) ;
#807 = CARTESIAN_POINT ( 'NONE',  ( -18.72058407632669500, 16.64474745988329800, 6.900036467719999700 ) ) ;
#808 = CARTESIAN_POINT ( 'NONE',  ( -17.37354620064993700, 18.91573447777864900, 7.139082200183595200 ) ) ;
#809 = CARTESIAN_POINT ( 'NONE',  ( -17.48685897999850200, 18.95173278468639600, 6.799999999999993600 ) ) ;
#810 = CARTESIAN_POINT ( 'NONE',  ( -14.36445235128150700, 15.39758699283307800, 9.279984563840294200 ) ) ;
#811 = ADVANCED_FACE ( 'NONE', ( #2630 ), #1143, .T. ) ;
#812 = ORIENTED_EDGE ( 'NONE', *, *, #1216, .T. ) ;
#813 = CARTESIAN_POINT ( 'NONE',  ( -15.93899063774000000, 18.23248622942999800, 6.895433249022999300 ) ) ;
#814 = CARTESIAN_POINT ( 'NONE',  ( -14.36033505290000400, 15.28734869147999800, 9.242278315399998300 ) ) ;
#815 = EDGE_CURVE ( 'NONE', #446, #2341, #1151, .T. ) ;
#816 = CARTESIAN_POINT ( 'NONE',  ( -17.08353409048254400, 18.73428166198016600, 7.778164371093105000 ) ) ;
#817 = DIRECTION ( 'NONE',  ( 1.000000000000000000, 0.0000000000000000000, 0.0000000000000000000 ) ) ;
#818 = CARTESIAN_POINT ( 'NONE',  ( -16.87527873176017200, 18.45073153810840700, 6.514435142205559100 ) ) ;
#819 = CARTESIAN_POINT ( 'NONE',  ( -14.15188326215999500, 15.60748866188249000, 8.774420976255582300 ) ) ;
#820 = VECTOR ( 'NONE', #2708, 100.0000000000000100 ) ;
#821 = CARTESIAN_POINT ( 'NONE',  ( -15.68291374556999800, 18.66256223268999600, 6.871117638200999500 ) ) ;
#822 = CARTESIAN_POINT ( 'NONE',  ( -15.13030318153999700, 15.69674800755999800, 9.396581991893000900 ) ) ;
#823 = CARTESIAN_POINT ( 'NONE',  ( -16.90534716642655200, 17.64747559349172300, 6.228870284411067700 ) ) ;
#824 = CARTESIAN_POINT ( 'NONE',  ( -16.08333362640999900, 19.50596885295999900, 6.612376248815998300 ) ) ;
#825 = CARTESIAN_POINT ( 'NONE',  ( -13.89152492397829000, 16.02994628770154500, 8.595486782215626700 ) ) ;
#826 = CARTESIAN_POINT ( 'NONE',  ( -17.64318680983909000, 18.96868382287313200, 6.899999999999997700 ) ) ;
#827 = CARTESIAN_POINT ( 'NONE',  ( -17.78829966352723700, 19.58001145261715700, 6.849127378788981700 ) ) ;
#828 = CARTESIAN_POINT ( 'NONE',  ( -15.85040999678000500, 16.19357383388999900, 9.533981470147001100 ) ) ;
#829 = ORIENTED_EDGE ( 'NONE', *, *, #2140, .F. ) ;
#830 = CARTESIAN_POINT ( 'NONE',  ( -16.23150682548000000, 19.52412086791999700, 6.736751149921000900 ) ) ;
#831 = DIRECTION ( 'NONE',  ( -0.4699997645189449800, -0.8826665402926160400, 0.0000000000000000000 ) ) ;
#832 = CARTESIAN_POINT ( 'NONE',  ( -16.98725483782440500, 18.62033216198232900, 6.900000000000000400 ) ) ;
#833 = CARTESIAN_POINT ( 'NONE',  ( -18.31488626634442000, 17.41016173630652700, 6.900000000000004800 ) ) ;
#834 = CARTESIAN_POINT ( 'NONE',  ( -14.14593346088178000, 16.18026930039970800, 10.26965929837306000 ) ) ;
#835 = CARTESIAN_POINT ( 'NONE',  ( -16.52103402192999900, 16.76513472914999900, 9.622581151813001600 ) ) ;
#836 = CARTESIAN_POINT ( 'NONE',  ( -16.17679531942430400, 16.80379074265200900, 8.278167742386671100 ) ) ;
#837 = CARTESIAN_POINT ( 'NONE',  ( -16.01954240637999800, 17.12560378706999800, 8.071140517285002100 ) ) ;
#838 = CARTESIAN_POINT ( 'NONE',  ( -19.51967208838999900, 16.72653195598999800, 6.612376248815998300 ) ) ;
#839 = B_SPLINE_CURVE_WITH_KNOTS ( 'NONE', 3,
 ( #2904, #2672, #629, #1535, #186, #1762, #414, #1991, #639, #2222, #865, #2455, #1099, #2682, #1324, #2916, #1545, #197 ),
 .UNSPECIFIED., .F., .F.,
 ( 4, 2, 2, 2, 2, 2, 2, 2, 4 ),
 ( 0.0000000000000000000, 0.1250000000000000000, 0.2500000000000000000, 0.3750000000000000000, 0.5000000000000000000, 0.6250000000000000000, 0.7500000000000000000, 0.8750000000000000000, 1.000000000000000000 ),
 .UNSPECIFIED. ) ;
#840 = CARTESIAN_POINT ( 'NONE',  ( -16.82100899983801800, 17.86790113978128500, 6.899999999999999500 ) ) ;
#841 = CARTESIAN_POINT ( 'NONE',  ( -18.59871355427156900, 18.12643406432998100, 6.900000000000000400 ) ) ;
#842 = CARTESIAN_POINT ( 'NONE',  ( -14.45311367298475400, 15.36237893149150600, 9.630209564833570800 ) ) ;
#843 = CARTESIAN_POINT ( 'NONE',  ( -14.21432965456999900, 15.93910121558000100, 10.24645907278000000 ) ) ;
#844 = CARTESIAN_POINT ( 'NONE',  ( -18.02231161285009600, 17.22206307886549900, 6.799999999999902100 ) ) ;
#845 = CARTESIAN_POINT ( 'NONE',  ( -14.04806355073999700, 15.63807373443999700, 8.612403427967002800 ) ) ;
#846 = CARTESIAN_POINT ( 'NONE',  ( -19.31718723527000100, 16.63191785261000500, 6.736751149921000900 ) ) ;
#847 = ORIENTED_EDGE ( 'NONE', *, *, #916, .T. ) ;
#848 = CARTESIAN_POINT ( 'NONE',  ( -18.02231161285009600, 17.22206307886549900, 6.799999999999902100 ) ) ;
#849 = CARTESIAN_POINT ( 'NONE',  ( -16.41932530533226500, 16.89889597429690600, 9.745841424215036900 ) ) ;
#850 = CARTESIAN_POINT ( 'NONE',  ( -14.81700691303000100, 16.56288415084000200, 10.13386055314000000 ) ) ;
#851 = CARTESIAN_POINT ( 'NONE',  ( -18.58947709694086100, 17.92076942338060900, 6.500000011785339800 ) ) ;
#852 = CARTESIAN_POINT ( 'NONE',  ( -16.30495974803990200, 16.63172835920341400, 8.461826973355743000 ) ) ;
#853 = CARTESIAN_POINT ( 'NONE',  ( -14.91206956134000300, 15.82803624392000200, 8.653344878595001800 ) ) ;
#854 = CARTESIAN_POINT ( 'NONE',  ( -19.16847969870999800, 16.61370820192999900, 6.861126051024999800 ) ) ;
#855 = CARTESIAN_POINT ( 'NONE',  ( -19.02579281248928600, 18.77595437939705600, 6.616375792929582100 ) ) ;
#856 = CARTESIAN_POINT ( 'NONE',  ( -16.43262289978225600, 16.45304327567690400, 8.625343112528028700 ) ) ;
#857 = CARTESIAN_POINT ( 'NONE',  ( -18.16803930593526700, 17.41280487280180400, 6.799999999999954500 ) ) ;
#858 = CARTESIAN_POINT ( 'NONE',  ( -14.82171532302316700, 16.54907730631486700, 10.03237570807760400 ) ) ;
#859 = EDGE_CURVE ( 'NONE', #429, #685, #281, .T. ) ;
#860 = CARTESIAN_POINT ( 'NONE',  ( -15.76592908800722100, 17.59845002242606100, 8.336562571648015000 ) ) ;
#861 = CARTESIAN_POINT ( 'NONE',  ( -19.70184298445653700, 17.50199979154034900, 6.499999999182497500 ) ) ;
#862 = CARTESIAN_POINT ( 'NONE',  ( -16.47290724274437700, 16.51100874593821300, 8.981398115078791400 ) ) ;
#863 = CARTESIAN_POINT ( 'NONE',  ( -13.88441639112860300, 16.04121782222122400, 8.595660491165432400 ) ) ;
#864 = CARTESIAN_POINT ( 'NONE',  ( -14.13060134484310600, 16.17211687687125000, 10.17117870428228500 ) ) ;
#865 = CARTESIAN_POINT ( 'NONE',  ( -15.75966034828453700, 19.30839788031032700, 6.849127379370394000 ) ) ;
#866 = CARTESIAN_POINT ( 'NONE',  ( -19.70184298445653700, 17.50199979154034900, 6.499999999182497500 ) ) ;
#867 = CARTESIAN_POINT ( 'NONE',  ( -19.76998231606804200, 17.10741604409098200, 6.849127379370481900 ) ) ;
#868 = DIRECTION ( 'NONE',  ( -0.03429631001013597200, -0.9992593140067193000, -0.01745240643892453200 ) ) ;
#869 = CARTESIAN_POINT ( 'NONE',  ( -15.39773227473123300, 16.56694383702427600, 8.355382460574064800 ) ) ;
#870 = CARTESIAN_POINT ( 'NONE',  ( -16.21748206885845900, 17.28173104058165800, 9.754423077851818400 ) ) ;
#871 = CARTESIAN_POINT ( 'NONE',  ( -18.35719512719602900, 18.53803930593582500, 6.800000000000030000 ) ) ;
#872 = CARTESIAN_POINT ( 'NONE',  ( -16.45011814242656100, 16.75440437400621000, 9.515325164903833500 ) ) ;
#873 = CARTESIAN_POINT ( 'NONE',  ( -14.13706924303448900, 15.62634304705626000, 8.756199271192530300 ) ) ;
#874 = B_SPLINE_CURVE_WITH_KNOTS ( 'NONE', 3,
 ( #2092, #1411, #2332, #970, #2567, #1208, #2795, #1432, #74, #1655, #299, #1874, #523, #2104, #763, #2344, #983, #2580, #1220, #2807, #1444, #88, #1670, #312, #1892, #537, #2120, #777, #2357, #999, #2592, #1235, #2819, #1456, #102, #1682, #327, #1904, #554, #2134, #790, #2371 ),
 .UNSPECIFIED., .F., .F.,
 ( 4, 2, 2, 2, 2, 2, 2, 2, 2, 2, 2, 2, 2, 2, 2, 2, 2, 2, 2, 2, 4 ),
 ( -0.02198599165064845500, -0.02042448484521131000, -0.01964373144249273800, -0.01886297803977416600, -0.01730147123433696900, -0.01573996442889977200, -0.01417845762346257500, -0.01339770422074401800, -0.01261695081802546200, -0.01105544401258834800, -0.009493937207151234600, -0.007932430401714122800, -0.007151676998995569500, -0.006370923596277019600, -0.004809416790839918200, -0.003247909985402818600, -0.001686403179965712000, -0.0009056497772471673600, -0.0001248963745286192600, 0.001436610430908476900, 0.002998117236345569600 ),
 .UNSPECIFIED. ) ;
#875 = CARTESIAN_POINT ( 'NONE',  ( -13.60282086336438900, 16.91080425546702400, 9.495106402039036600 ) ) ;
#876 = CARTESIAN_POINT ( 'NONE',  ( -18.37423593956976800, 18.67799362677474300, 6.500000015592852300 ) ) ;
#877 = CARTESIAN_POINT ( 'NONE',  ( -18.19767111078096300, 19.48677074549383500, 6.500000014466740700 ) ) ;
#878 = FILL_AREA_STYLE ('',( #2454 ) ) ;
#879 = CARTESIAN_POINT ( 'NONE',  ( -15.65681121979229400, 16.20805238937148500, 8.697155465810475100 ) ) ;
#880 = VECTOR ( 'NONE', #748, 100.0000000000000100 ) ;
#881 = CARTESIAN_POINT ( 'NONE',  ( -15.53516423387149100, 19.52659981668045900, 6.500000075552494900 ) ) ;
#882 = CARTESIAN_POINT ( 'NONE',  ( -16.89364609757065600, 18.09756104411729900, 6.800000000001140200 ) ) ;
#883 = CARTESIAN_POINT ( 'NONE',  ( -15.87907491060999900, 19.41524773462999700, 6.736751149921000900 ) ) ;
#884 = PRESENTATION_LAYER_ASSIGNMENT (  '', '', ( #738 ) ) ;
#885 = CARTESIAN_POINT ( 'NONE',  ( -14.34975854789405100, 15.40121870096795000, 9.221834370499333700 ) ) ;
#886 = CARTESIAN_POINT ( 'NONE',  ( -14.82622830446168800, 16.54198809939412100, 10.03225998097524200 ) ) ;
#887 = CARTESIAN_POINT ( 'NONE',  ( -17.00990578288601200, 16.73771224112837800, 6.500000059486151100 ) ) ;
#888 = PRODUCT_DEFINITION_SHAPE ( 'NONE', 'NONE',  #71 ) ;
#889 = DIRECTION ( 'NONE',  ( 0.4699997645189420400, 0.8826665402926176000, 0.0000000000000000000 ) ) ;
#890 = CARTESIAN_POINT ( 'NONE',  ( -19.20961126732999700, 18.34008112645000600, 6.900036467719999700 ) ) ;
#891 = CARTESIAN_POINT ( 'NONE',  ( -15.72068726651395200, 19.24175925811103500, 6.500000073107482700 ) ) ;
#892 = CARTESIAN_POINT ( 'NONE',  ( -16.87547230895434700, 18.01358361245406000, 6.699666672996312600 ) ) ;
#893 = CARTESIAN_POINT ( 'NONE',  ( -16.90534716642652300, 17.64747559349173000, 5.943305426616601200 ) ) ;
#894 = CARTESIAN_POINT ( 'NONE',  ( -18.35032902768037700, 17.60178358251357600, 6.500000017395048100 ) ) ;
#895 = CARTESIAN_POINT ( 'NONE',  ( -17.02576408987776800, 17.46200638143107400, 7.778164380594626300 ) ) ;
#896 = CARTESIAN_POINT ( 'NONE',  ( -19.46963578723999800, 17.91210714475999700, 6.889247048010001400 ) ) ;
#897 = EDGE_CURVE ( 'NONE', #1834, #446, #212, .T. ) ;
#898 = CARTESIAN_POINT ( 'NONE',  ( -15.69815701554271600, 18.63800020845945900, 6.500000027497687700 ) ) ;
#899 = CARTESIAN_POINT ( 'NONE',  ( -17.44610353499231400, 18.84691038528211800, 6.599333345992336700 ) ) ;
#900 = CARTESIAN_POINT ( 'NONE',  ( -18.02645382879693900, 17.22426553042783600, 7.139082196003871900 ) ) ;
#901 = CARTESIAN_POINT ( 'NONE',  ( -18.08073153810893200, 18.89472126823852300, 5.943305426616544400 ) ) ;
#902 = CARTESIAN_POINT ( 'NONE',  ( -17.84947832944746400, 18.95946944303618800, 6.900000000000000400 ) ) ;
#903 = ORIENTED_EDGE ( 'NONE', *, *, #2070, .F. ) ;
#904 = CARTESIAN_POINT ( 'NONE',  ( -17.16082590784000300, 16.66050565167000000, 6.861126032036001000 ) ) ;
#905 = CARTESIAN_POINT ( 'NONE',  ( -17.31159597687098300, 17.24762447165008100, 8.417246538448726100 ) ) ;
#906 = CARTESIAN_POINT ( 'NONE',  ( -19.72026923131999300, 17.47913262977999700, 6.860127676783999800 ) ) ;
#907 = CARTESIAN_POINT ( 'NONE',  ( -14.27397012062824000, 15.87420430763553000, 10.10165481482324300 ) ) ;
#908 = CARTESIAN_POINT ( 'NONE',  ( -17.64854770224209800, 19.56911718615744900, 6.500000010116753700 ) ) ;
#909 = CARTESIAN_POINT ( 'NONE',  ( -18.31646596841201800, 17.40571835443395400, 7.778164351219612800 ) ) ;
#910 = CARTESIAN_POINT ( 'NONE',  ( -15.77769017456914300, 17.55005748435459300, 8.266610160750703400 ) ) ;
#911 = CARTESIAN_POINT ( 'NONE',  ( -15.65489804925360000, 18.00191304970000100, 8.854803337616902000 ) ) ;
#912 = ORIENTED_EDGE ( 'NONE', *, *, #2543, .T. ) ;
#913 = CARTESIAN_POINT ( 'NONE',  ( -16.63546137729000300, 17.00958058471999500, 6.488001347711999300 ) ) ;
#914 = CARTESIAN_POINT ( 'NONE',  ( -17.80035074610687200, 17.17561209324058800, 6.500000038462888900 ) ) ;
#915 = CARTESIAN_POINT ( 'NONE',  ( -17.78512531312999600, 16.56827822880000100, 6.736751137261000700 ) ) ;
#916 = EDGE_CURVE ( 'NONE', #2210, #1834, #1680, .T. ) ;
#917 = CARTESIAN_POINT ( 'NONE',  ( -14.56853330182065200, 16.43343564112821300, 8.456684181242041000 ) ) ;
#918 = VERTEX_POINT ( 'NONE', #106 ) ;
#919 = CARTESIAN_POINT ( 'NONE',  ( -16.87348413485474600, 18.44486163206552500, 7.139082214728476000 ) ) ;
#920 = CARTESIAN_POINT ( 'NONE',  ( -18.49465283357256600, 18.49252440650630500, 6.500000014009637000 ) ) ;
#921 = CARTESIAN_POINT ( 'NONE',  ( -18.52651592403992400, 17.69513838434932000, 8.417246507584238200 ) ) ;
#922 = CARTESIAN_POINT ( 'NONE',  ( -17.61499755149000600, 19.56955427883999800, 6.612376242486998700 ) ) ;
#923 = CARTESIAN_POINT ( 'NONE',  ( -15.28022201138581700, 16.77379810816270100, 8.317706965887936100 ) ) ;
#924 = CARTESIAN_POINT ( 'NONE',  ( -15.25215495618476200, 17.39074042145348300, 9.817855477156349800 ) ) ;
#925 = ORIENTED_EDGE ( 'NONE', *, *, #1976, .T. ) ;
#926 = CARTESIAN_POINT ( 'NONE',  ( -16.95863125398709700, 17.54726279983479700, 6.799999999999995400 ) ) ;
#927 = CARTESIAN_POINT ( 'NONE',  ( -16.38262397653999300, 17.34667541696000000, 6.612376242486998700 ) ) ;
#928 = CARTESIAN_POINT ( 'NONE',  ( -17.46797069156999900, 16.57884426629999900, 6.861126032036001000 ) ) ;
#929 = CARTESIAN_POINT ( 'NONE',  ( -14.76101616808525000, 16.10238921186126500, 8.539118524951613100 ) ) ;
#930 = B_SPLINE_CURVE_WITH_KNOTS ( 'NONE', 3,
 ( #2235, #650, #2002, #2469, #1263, #1188, #2778, #1414, #57, #1638, #284, #1858, #508, #2083, #742, #2406, #1047, #2635, #1278, #2862, #1492, #141, #1724, #366, #1949, #673, #2253, #894, #2488, #1126, #2709, #1353, #2946, #1576, #229, #1878, #527, #2108, #767, #2347, #986, #2582 ),
 .UNSPECIFIED., .F., .F.,
 ( 4, 2, 2, 2, 2, 2, 2, 2, 2, 2, 2, 2, 2, 2, 2, 2, 2, 2, 2, 2, 4 ),
 ( -0.02198599165051692500, -0.02042448484508778100, -0.01964373144237318400, -0.01886297803965858400, -0.01730147123422938800, -0.01573996442880019200, -0.01417845762337099600, -0.01339770422065639400, -0.01261695081794179100, -0.01105544401251257900, -0.009493937207083365200, -0.007932430401654151600, -0.007151676998939543100, -0.006370923596224939800, -0.004809416790795727900, -0.003247909985366514300, -0.001686403179937300700, -0.0009056497772226869400, -0.0001248963745080801400, 0.001436610430921140400, 0.002998117236350361000 ),
 .UNSPECIFIED. ) ;
#931 = CARTESIAN_POINT ( 'NONE',  ( -16.79207217262886700, 18.09032567021354500, 7.778164381943589100 ) ) ;
#932 = CARTESIAN_POINT ( 'NONE',  ( -16.22141511519280100, 17.27433424077559100, 9.754423569122902600 ) ) ;
#933 = CARTESIAN_POINT ( 'NONE',  ( -18.59438790676034600, 18.17035074610631200, 6.500000013780842200 ) ) ;
#934 = CARTESIAN_POINT ( 'NONE',  ( -17.93169489434999900, 19.55900659363999900, 6.736751137261000700 ) ) ;
#935 = SURFACE_STYLE_FILL_AREA ( #237 ) ;
#936 = CARTESIAN_POINT ( 'NONE',  ( -18.72204151474999600, 16.60228344792999900, 6.871117638202001400 ) ) ;
#937 = CARTESIAN_POINT ( 'NONE',  ( -15.26120730036882900, 16.77327091973884900, 8.219168621049428600 ) ) ;
#938 = CARTESIAN_POINT ( 'NONE',  ( -16.99364192571424300, 17.69442274977051400, 6.799999999999404700 ) ) ;
#939 = CARTESIAN_POINT ( 'NONE',  ( -17.67814732894707300, 17.16190081204350900, 6.514435142205458700 ) ) ;
#940 = CARTESIAN_POINT ( 'NONE',  ( -15.69257399629803900, 18.63502737816675700, 6.862360777354871800 ) ) ;
#941 = CARTESIAN_POINT ( 'NONE',  ( -15.63586284015000100, 19.04849479528000000, 6.736751149921000900 ) ) ;
#942 = CARTESIAN_POINT ( 'NONE',  ( -16.85080318468169100, 17.75005802163545400, 8.417246545838306600 ) ) ;
#943 = CARTESIAN_POINT ( 'NONE',  ( -18.49465284829639000, 18.49252441061049600, 7.139082177072266300 ) ) ;
#944 = CARTESIAN_POINT ( 'NONE',  ( -18.38459573851999800, 19.41488352431000300, 6.861126032036001000 ) ) ;
#945 = CARTESIAN_POINT ( 'NONE',  ( -16.67954729350419600, 19.49142494100829700, 6.899997398026101800 ) ) ;
#946 = CARTESIAN_POINT ( 'NONE',  ( -18.46506820499594800, 17.58031406381012100, 6.228870284410943400 ) ) ;
#947 = CARTESIAN_POINT ( 'NONE',  ( -18.98848279223535900, 18.75608764612220000, 6.899999841221370100 ) ) ;
#948 = CARTESIAN_POINT ( 'NONE',  ( -16.20698849805891200, 19.52510686731499200, 6.860290307310232400 ) ) ;
#949 = CARTESIAN_POINT ( 'NONE',  ( -18.87028208363999900, 19.01242859901000100, 6.488001347711999300 ) ) ;
#950 = CARTESIAN_POINT ( 'NONE',  ( -14.14593351730040300, 16.18026933039819700, 10.26965966074191200 ) ) ;
#951 = CARTESIAN_POINT ( 'NONE',  ( -17.17845367570999900, 19.53098545976000400, 6.895433249022999300 ) ) ;
#952 = CARTESIAN_POINT ( 'NONE',  ( -18.54793692113302600, 18.39231161284952900, 5.943305426616492900 ) ) ;
#953 = CARTESIAN_POINT ( 'NONE',  ( -14.42290547970418800, 15.30768650726150600, 9.333324827122568800 ) ) ;
#954 = EDGE_CURVE ( 'NONE', #990, #2472, #2078, .T. ) ;
#955 = VERTEX_POINT ( 'NONE', #2487 ) ;
#956 = CARTESIAN_POINT ( 'NONE',  ( -16.24989373062263800, 17.21985290927041500, 9.751971812193803000 ) ) ;
#957 = CARTESIAN_POINT ( 'NONE',  ( -18.40635807428669000, 18.44557725022779900, 6.500000016080773200 ) ) ;
#958 = CARTESIAN_POINT ( 'NONE',  ( -19.04115332409000400, 18.74616285961999700, 6.612376242486998700 ) ) ;
#959 = CARTESIAN_POINT ( 'NONE',  ( -13.63909010710111900, 16.53305862731622600, 8.670972804633393600 ) ) ;
#960 = CARTESIAN_POINT ( 'NONE',  ( -17.67730960377999900, 19.57201601296999600, 6.871117638202001400 ) ) ;
#961 = B_SPLINE_CURVE_WITH_KNOTS ( 'NONE', 3,
 ( #1464, #2828, #334, #1912, #561, #2145, #797, #2378, #1022, #2613, #1256, #2840, #1473, #119, #1699, #343, #1920, #570, #2151, #802, #2386, #1028, #2618, #1261, #2845, #1479, #124, #1706, #352, #1929, #581, #2160, #810, #2396, #1037, #2624, #1268, #2854, #1483, #132, #1716, #359, #1939, #587, #2168, #819, #2403, #1044, #2633, #1276, #2859, #1488, #138, #1722, #364, #1945, #593, #2174, #825, #2410 ),
 .UNSPECIFIED., .F., .F.,
 ( 4, 2, 2, 2, 2, 2, 2, 2, 2, 2, 2, 2, 2, 2, 2, 2, 2, 2, 2, 2, 2, 2, 2, 2, 2, 2, 2, 2, 2, 4 ),
 ( 0.0000000000000000000, 0.0003966590229336279200, 0.001293449151124825200, 0.002190239279308068900, 0.003087029407499262900, 0.003983819535682499600, 0.004880609663873703600, 0.005777399792064904000, 0.006674189920248137800, 0.007570980048439342500, 0.008467770176622571900, 0.009364560304813775900, 0.01026135043300497300, 0.01115814056118821400, 0.01205493068937941100, 0.01295172081756265100, 0.01384851094575385200, 0.01474530107394505200, 0.01564209120212828700, 0.01653888133031948900, 0.01743567145850272500, 0.01833246158669392400, 0.01922925171488511900, 0.02012604184306835900, 0.02102283197125956100, 0.02191962209944279700, 0.02281641222763400000, 0.02371320235582519500, 0.02460999248401002700, 0.02500665150691041400 ),
 .UNSPECIFIED. ) ;
#962 = CARTESIAN_POINT ( 'NONE',  ( -17.21031406381063200, 17.30493179500002700, 5.943305426616567500 ) ) ;
#963 = CARTESIAN_POINT ( 'NONE',  ( -15.79193265423865000, 16.16803627540873500, 9.267225442192412300 ) ) ;
#964 = CARTESIAN_POINT ( 'NONE',  ( -13.90004427726282400, 15.97738468895735800, 8.498201424311044900 ) ) ;
#965 = CARTESIAN_POINT ( 'NONE',  ( -17.84553753039109500, 18.96662729249299800, 6.799999999999966100 ) ) ;
#966 = CARTESIAN_POINT ( 'NONE',  ( -16.23281422238643000, 17.28988348404699900, 9.852903913545887300 ) ) ;
#967 = PRESENTATION_STYLE_ASSIGNMENT (( #2593 ) ) ;
#968 = CARTESIAN_POINT ( 'NONE',  ( -16.81826721531220100, 17.85685897999800500, 6.800000000000013100 ) ) ;
#969 = CARTESIAN_POINT ( 'NONE',  ( -16.16996838595774800, 17.37108994259413600, 9.754419513036143700 ) ) ;
#970 = CARTESIAN_POINT ( 'NONE',  ( -18.30296696256678100, 18.59582503506126000, 6.500000018506023400 ) ) ;
#971 = CARTESIAN_POINT ( 'NONE',  ( -15.65489804925360000, 18.00191304970000100, 8.854803337616902000 ) ) ;
#972 = CARTESIAN_POINT ( 'NONE',  ( -18.45386776372159700, 18.35621641767408000, 6.599333344128803300 ) ) ;
#973 = CARTESIAN_POINT ( 'NONE',  ( -16.20868167353000500, 19.47577440675009400, 6.900000000000000400 ) ) ;
#974 = CARTESIAN_POINT ( 'NONE',  ( -17.84825066147108800, 18.96579780507902800, 6.500000025862752800 ) ) ;
#975 = VERTEX_POINT ( 'NONE', #1125 ) ;
#976 = CARTESIAN_POINT ( 'NONE',  ( -18.43415492464916700, 18.59390258597514000, 6.500000015428747200 ) ) ;
#977 = CARTESIAN_POINT ( 'NONE',  ( -15.72423046275395800, 16.47025163715427000, 9.732860541502908800 ) ) ;
#978 = CARTESIAN_POINT ( 'NONE',  ( -17.55174933852796200, 17.17420219491899400, 6.500000044199458300 ) ) ;
#979 = ORIENTED_EDGE ( 'NONE', *, *, #2171, .F. ) ;
#980 = CARTESIAN_POINT ( 'NONE',  ( -17.66859153349146900, 17.17006456530042500, 6.500000033386631200 ) ) ;
#981 = CARTESIAN_POINT ( 'NONE',  ( -15.72379786085169900, 18.68433208990669700, 6.899997398026101800 ) ) ;
#982 = CARTESIAN_POINT ( 'NONE',  ( -15.04947419776046600, 17.57260713127588400, 9.289083513934077300 ) ) ;
#983 = CARTESIAN_POINT ( 'NONE',  ( -17.64980351640361500, 18.86878892794986100, 6.500000033827337400 ) ) ;
#984 = FILL_AREA_STYLE_COLOUR ( '', #2175 ) ;
#985 = CARTESIAN_POINT ( 'NONE',  ( -18.24255384605445900, 17.44656429794067500, 6.499000016193207300 ) ) ;
#986 = CARTESIAN_POINT ( 'NONE',  ( -18.43114250049748300, 18.39896029720355800, 6.500000015499400900 ) ) ;
#987 = CARTESIAN_POINT ( 'NONE',  ( -15.01229206677744100, 15.79132738555558600, 8.969164839268550800 ) ) ;
#988 = CARTESIAN_POINT ( 'NONE',  ( -19.61810045185569600, 16.81769608705144100, 6.499999998882269200 ) ) ;
#989 = CARTESIAN_POINT ( 'NONE',  ( -16.79207214318122300, 18.09032566200517100, 6.500000055818349100 ) ) ;
#990 = VERTEX_POINT ( 'NONE', #1575 ) ;
#991 = CARTESIAN_POINT ( 'NONE',  ( -17.67249810331928800, 18.97006258328201500, 6.500000033294981900 ) ) ;
#992 = CARTESIAN_POINT ( 'NONE',  ( -15.52156536806666200, 16.91170537430293700, 9.893399321527974500 ) ) ;
#993 = CARTESIAN_POINT ( 'NONE',  ( -18.60792785682280100, 18.04967433799274800, 6.500000014243863000 ) ) ;
#994 = DIRECTION ( 'NONE',  ( 2.303900849834774300E-008, -6.422014255810773300E-009, -0.9999999999999996700 ) ) ;
#995 = ORIENTED_EDGE ( 'NONE', *, *, #897, .F. ) ;
#996 = DIRECTION ( 'NONE',  ( 0.0000000000000000000, 0.0000000000000000000, 1.000000000000000000 ) ) ;
#997 = ORIENTED_EDGE ( 'NONE', *, *, #2790, .F. ) ;
#998 = DIRECTION ( 'NONE',  ( 1.000000000000000000, 0.0000000000000000000, 2.495548767719865700E-015 ) ) ;
#999 = CARTESIAN_POINT ( 'NONE',  ( -16.97118846150068400, 18.40329750983847000, 6.500000049745660900 ) ) ;
#1000 = SURFACE_SIDE_STYLE ('',( #1568 ) ) ;
#1001 = CARTESIAN_POINT ( 'NONE',  ( -17.07018968645890000, 17.55047040283333400, 6.800000000000052200 ) ) ;
#1002 = CARTESIAN_POINT ( 'NONE',  ( -15.09803385527076000, 15.83691710318832000, 9.519894973426993100 ) ) ;
#1003 = CARTESIAN_POINT ( 'NONE',  ( -19.76142417794060800, 17.33619426605122300, 6.499999992250439900 ) ) ;
#1004 = CARTESIAN_POINT ( 'NONE',  ( -18.37423593956976800, 18.67799362677474300, 6.500000015592839900 ) ) ;
#1005 = CARTESIAN_POINT ( 'NONE',  ( -17.04355740075041600, 18.68851198422844500, 6.500000048048086400 ) ) ;
#1006 = CARTESIAN_POINT ( 'NONE',  ( -15.69383552753000000, 18.63622723286999900, 6.736751149921000900 ) ) ;
#1007 = CARTESIAN_POINT ( 'NONE',  ( -16.06400169447135800, 16.98669006657781500, 8.200330373677623200 ) ) ;
#1008 = CARTESIAN_POINT ( 'NONE',  ( -19.67293743502527900, 17.48660824704138900, 6.899174399753466200 ) ) ;
#1009 = AXIS2_PLACEMENT_3D ( 'NONE', #309, #1886, #535 ) ;
#1010 = ADVANCED_FACE ( 'NONE', ( #139 ), #1799, .T. ) ;
#1011 = ORIENTED_EDGE ( 'NONE', *, *, #2070, .T. ) ;
#1012 = ORIENTED_EDGE ( 'NONE', *, *, #598, .F. ) ;
#1013 = CARTESIAN_POINT ( 'NONE',  ( -17.02147412102742400, 17.47798309504085900, 6.900000000000002100 ) ) ;
#1014 = CARTESIAN_POINT ( 'NONE',  ( -19.75191869250000200, 17.38791027749999800, 6.612376248815998300 ) ) ;
#1015 = CARTESIAN_POINT ( 'NONE',  ( -17.64840834931846900, 19.57317738116722000, 6.732751589630373300 ) ) ;
#1016 = CARTESIAN_POINT ( 'NONE',  ( -18.37852589740359500, 18.66201691009388200, 6.900000000000000400 ) ) ;
#1017 = CARTESIAN_POINT ( 'NONE',  ( -14.98066361323001100, 16.21917783008878200, 9.949941287747105200 ) ) ;
#1018 = CARTESIAN_POINT ( 'NONE',  ( -18.08840408202273400, 18.89237554476494200, 7.139082183863989100 ) ) ;
#1019 = VECTOR ( 'NONE', #756, 100.0000000000000100 ) ;
#1020 = CARTESIAN_POINT ( 'NONE',  ( -16.80972847870558300, 17.92543046774995800, 6.500000053533046400 ) ) ;
#1021 = CARTESIAN_POINT ( 'NONE',  ( -15.62747239750000000, 18.82434793335999500, 6.861126051024999800 ) ) ;
#1022 = CARTESIAN_POINT ( 'NONE',  ( -14.25221233531465400, 15.92562632591537600, 10.12385654755224200 ) ) ;
#1023 = ORIENTED_EDGE ( 'NONE', *, *, #2227, .T. ) ;
#1024 = CARTESIAN_POINT ( 'NONE',  ( -17.75681320859226600, 17.17131618226254000, 6.899999999999997700 ) ) ;
#1025 = CARTESIAN_POINT ( 'NONE',  ( -19.77548125727000200, 17.16565648150999800, 6.736751149921000900 ) ) ;
#1026 = EDGE_CURVE ( 'NONE', #764, #714, #1346, .T. ) ;
#1027 = CARTESIAN_POINT ( 'NONE',  ( -17.72463996588956200, 18.97841192865774600, 7.778164354754853300 ) ) ;
#1028 = CARTESIAN_POINT ( 'NONE',  ( -14.39865448424180800, 15.50603997019225800, 9.740006503817188100 ) ) ;
#1029 = CARTESIAN_POINT ( 'NONE',  ( -19.71647377160000000, 16.94925331269999800, 6.861126051024999800 ) ) ;
#1030 = CARTESIAN_POINT ( 'NONE',  ( -18.22250906496079300, 16.58096407126169700, 6.848617413941101800 ) ) ;
#1031 = CARTESIAN_POINT ( 'NONE',  ( -14.99267312359000000, 15.73750704853000000, 8.815928269508001200 ) ) ;
#1032 = CARTESIAN_POINT ( 'NONE',  ( -17.72123295779999800, 16.61044799898000000, 6.900036467719999700 ) ) ;
#1033 = ADVANCED_FACE ( 'NONE', ( #2483 ), #171, .T. ) ;
#1034 = CARTESIAN_POINT ( 'NONE',  ( -17.37354623009757800, 18.91573448598702400, 8.417246526308845800 ) ) ;
#1035 = EDGE_LOOP ( 'NONE', ( #422, #1334, #2201, #1086 ) ) ;
#1036 = CARTESIAN_POINT ( 'NONE',  ( -17.84553753039109500, 18.96662729249299800, 6.799999999999966100 ) ) ;
#1037 = CARTESIAN_POINT ( 'NONE',  ( -14.34297264398583500, 15.40522709467971800, 9.192767932338535200 ) ) ;
#1038 = EDGE_LOOP ( 'NONE', ( #526, #1181 ) ) ;
#1039 = CARTESIAN_POINT ( 'NONE',  ( -16.40033556755999600, 17.34527966881999800, 6.889247048010001400 ) ) ;
#1040 = CARTESIAN_POINT ( 'NONE',  ( -15.80723902146000100, 16.05668117827000100, 8.953327747762001500 ) ) ;
#1041 = CARTESIAN_POINT ( 'NONE',  ( -17.01463424593920600, 18.65332990936525400, 6.500000047075108300 ) ) ;
#1042 = CARTESIAN_POINT ( 'NONE',  ( -19.19131832647001800, 16.66422559324923100, 6.900000000000000400 ) ) ;
#1043 = CARTESIAN_POINT ( 'NONE',  ( -17.08819733836326500, 18.73976062978730900, 6.514435142205550200 ) ) ;
#1044 = CARTESIAN_POINT ( 'NONE',  ( -14.10957040807401300, 15.66737080181481700, 8.721978231481227100 ) ) ;
#1045 = MECHANICAL_DESIGN_GEOMETRIC_PRESENTATION_REPRESENTATION (  '', ( #738 ), #1196 ) ;
#1046 = CARTESIAN_POINT ( 'NONE',  ( -16.14970212348000100, 17.77825418381000200, 6.860127676783999800 ) ) ;
#1047 = CARTESIAN_POINT ( 'NONE',  ( -17.75019648359903000, 17.27121107204844100, 6.500000031472406900 ) ) ;
#1048 = CARTESIAN_POINT ( 'NONE',  ( -16.57720715010000100, 16.46608049434999900, 9.107631424255000500 ) ) ;
#1049 = CARTESIAN_POINT ( 'NONE',  ( -17.72149600867999900, 16.60278373313999700, 6.899230593224002600 ) ) ;
#1050 = CARTESIAN_POINT ( 'NONE',  ( -16.81826721531215400, 17.85685897999802300, 6.228870284411079300 ) ) ;
#1051 = CARTESIAN_POINT ( 'NONE',  ( -16.08229190305999600, 19.51019544182000200, 6.861126051024999800 ) ) ;
#1052 = CARTESIAN_POINT ( 'NONE',  ( -15.75751529570954000, 17.03716256187051700, 6.799999999999949200 ) ) ;
#1053 = CARTESIAN_POINT ( 'NONE',  ( -17.55581339127368800, 18.95886613899213200, 6.899999999999999500 ) ) ;
#1054 = ADVANCED_FACE ( 'NONE', ( #1942 ), #175, .T. ) ;
#1055 = CARTESIAN_POINT ( 'NONE',  ( -14.39121092676999900, 15.47912536860999900, 9.907494009271001500 ) ) ;
#1056 = CARTESIAN_POINT ( 'NONE',  ( -16.39114885986654400, 16.91776420484336900, 9.654986201986666600 ) ) ;
#1057 = EDGE_CURVE ( 'NONE', #955, #918, #2200, .T. ) ;
#1058 = CARTESIAN_POINT ( 'NONE',  ( -19.70722204113931000, 17.50486401637139300, 6.849127380996981700 ) ) ;
#1059 = CARTESIAN_POINT ( 'NONE',  ( -14.52540961903000200, 16.44604354846999400, 8.362614497854004000 ) ) ;
#1060 = CARTESIAN_POINT ( 'NONE',  ( -19.67701806147000500, 16.88525873620000100, 6.736751149921000900 ) ) ;
#1061 = EDGE_LOOP ( 'NONE', ( #391, #1257, #733, #1012 ) ) ;
#1062 = UNCERTAINTY_MEASURE_WITH_UNIT (LENGTH_MEASURE( 1.000000000000000100E-005 ), #2696, 'distance_accuracy_value', 'NONE');
#1063 = CARTESIAN_POINT ( 'NONE',  ( -16.93644476296925900, 18.54735405984814600, 6.900000000000005700 ) ) ;
#1064 = CARTESIAN_POINT ( 'NONE',  ( -18.41274518060688000, 17.51966784315416700, 6.900000000000005700 ) ) ;
#1065 = CARTESIAN_POINT ( 'NONE',  ( -14.17565199315796000, 16.12392791093660800, 10.26846394174578900 ) ) ;
#1066 = ORIENTED_EDGE ( 'NONE', *, *, #1026, .T. ) ;
#1067 = CARTESIAN_POINT ( 'NONE',  ( -15.04640624404000300, 16.07125498822000200, 9.973599632997004200 ) ) ;
#1068 = CARTESIAN_POINT ( 'NONE',  ( -16.02132937280330100, 17.05883255257074200, 8.178730854215910300 ) ) ;
#1069 = CARTESIAN_POINT ( 'NONE',  ( -14.62169888916999800, 16.26798252816999800, 8.370689233872003100 ) ) ;
#1070 = CARTESIAN_POINT ( 'NONE',  ( -19.52217809040000100, 16.72297257475999300, 6.861126051024999800 ) ) ;
#1071 = CARTESIAN_POINT ( 'NONE',  ( -16.87743585711828600, 17.69996916314136500, 6.900000000000005700 ) ) ;
#1072 = CARTESIAN_POINT ( 'NONE',  ( -18.57899101859325300, 18.27209886535341400, 6.899999999999996800 ) ) ;
#1073 = EDGE_CURVE ( 'NONE', #2136, #1785, #2732, .T. ) ;
#1074 = CARTESIAN_POINT ( 'NONE',  ( -15.66123362313000000, 16.70843370236999400, 9.957508505140001600 ) ) ;
#1075 = CARTESIAN_POINT ( 'NONE',  ( -17.67814732894709800, 17.16190081204349800, 6.799999999999927000 ) ) ;
#1076 = CARTESIAN_POINT ( 'NONE',  ( -18.22261953678096800, 17.33667661350488500, 6.500000020390738000 ) ) ;
#1077 = CARTESIAN_POINT ( 'NONE',  ( -15.49496751930000100, 16.40740622122999800, 8.323452860329004100 ) ) ;
#1078 = CARTESIAN_POINT ( 'NONE',  ( -19.24286970064000000, 16.62283412308000400, 6.488001347711999300 ) ) ;
#1079 = FACE_OUTER_BOUND ( 'NONE', #1061, .T. ) ;
#1080 = CARTESIAN_POINT ( 'NONE',  ( -18.31180266163600500, 17.40023937020999500, 6.799999999999885200 ) ) ;
#1081 = CARTESIAN_POINT ( 'NONE',  ( -16.47929640745225300, 16.74294244587746100, 9.630916264341031800 ) ) ;
#1082 = CARTESIAN_POINT ( 'NONE',  ( -16.26391088158999700, 17.33221663762999800, 9.844909985499001000 ) ) ;
#1083 = CARTESIAN_POINT ( 'NONE',  ( -18.59990173880484600, 18.03758690489871000, 6.500000011540809200 ) ) ;
#1084 = CARTESIAN_POINT ( 'NONE',  ( -16.34128033061968200, 16.59019482705420100, 8.533117020203933500 ) ) ;
#1085 = CARTESIAN_POINT ( 'NONE',  ( -13.88528581663662300, 16.04168029678897500, 8.595486661801789600 ) ) ;
#1086 = ORIENTED_EDGE ( 'NONE', *, *, #2285, .T. ) ;
#1087 = CARTESIAN_POINT ( 'NONE',  ( -18.49465283357256600, 18.49252440650630500, 6.500000014009637000 ) ) ;
#1088 = CARTESIAN_POINT ( 'NONE',  ( -16.35921389519225500, 16.52553110845690300, 8.450750842912031000 ) ) ;
#1089 = ORIENTED_EDGE ( 'NONE', *, *, #2393, .T. ) ;
#1090 = CARTESIAN_POINT ( 'NONE',  ( -18.38390962217373600, 17.64194176119293200, 6.799999999999943900 ) ) ;
#1091 = CARTESIAN_POINT ( 'NONE',  ( -14.81384873795617100, 16.56387217226371400, 10.03237563145339100 ) ) ;
#1092 = CARTESIAN_POINT ( 'NONE',  ( -15.70487714340263000, 17.80087379514438000, 8.569802755477995900 ) ) ;
#1093 = CARTESIAN_POINT ( 'NONE',  ( -16.48351309230342200, 16.52431157510139700, 9.069925175817919800 ) ) ;
#1094 = AXIS2_PLACEMENT_3D ( 'NONE', #2792, #72, #1653 ) ;
#1095 = CARTESIAN_POINT ( 'NONE',  ( -13.89694501135475100, 16.01777731110032100, 8.595986372568122000 ) ) ;
#1096 = B_SPLINE_CURVE_WITH_KNOTS ( 'NONE', 3,
 ( #1423, #1820, #291, #1865, #514, #2093, #751, #2333, #971, #2568, #1210, #2796, #1433, #75, #1656, #300, #1875, #524 ),
 .UNSPECIFIED., .F., .F.,
 ( 4, 2, 2, 2, 2, 2, 2, 2, 4 ),
 ( 0.0000000000000000000, 0.1199928744768167700, 0.2500000000000060000, 0.3800071255231949300, 0.5000000000000000000, 0.6199928744768278300, 0.7500000000000060000, 0.8800071255231781700, 1.000000000000000000 ),
 .UNSPECIFIED. ) ;
#1097 = CARTESIAN_POINT ( 'NONE',  ( -17.75166133420439300, 16.56479231618634500, 6.849127380303785100 ) ) ;
#1098 = ORIENTED_EDGE ( 'NONE', *, *, #1964, .F. ) ;
#1099 = CARTESIAN_POINT ( 'NONE',  ( -15.87189116928199300, 19.41328172220099200, 6.849127379370401100 ) ) ;
#1100 = CARTESIAN_POINT ( 'NONE',  ( -18.95786853802880500, 18.89919187873397600, 6.500000000725989900 ) ) ;
#1101 = CARTESIAN_POINT ( 'NONE',  ( -19.72271544646627100, 16.96125784039098100, 6.849127379370492500 ) ) ;
#1102 = CARTESIAN_POINT ( 'NONE',  ( -15.44219016572589200, 16.49535792386830800, 8.387404997865537800 ) ) ;
#1103 = ORIENTED_EDGE ( 'NONE', *, *, #1825, .F. ) ;
#1104 = CARTESIAN_POINT ( 'NONE',  ( -18.12805823880402300, 18.75390962217485600, 6.800000000000380900 ) ) ;
#1105 = CARTESIAN_POINT ( 'NONE',  ( -15.72116801178999500, 19.25594416861000400, 6.861126051024999800 ) ) ;
#1106 = CARTESIAN_POINT ( 'NONE',  ( -16.42836384824758500, 16.81791486050025200, 9.575488763399233600 ) ) ;
#1107 = CARTESIAN_POINT ( 'NONE',  ( -14.17822444014140600, 15.57060031550807400, 8.813866310483179600 ) ) ;
#1108 = CARTESIAN_POINT ( 'NONE',  ( -13.70465942194919500, 16.84211964860292800, 9.822184199251687200 ) ) ;
#1109 = CARTESIAN_POINT ( 'NONE',  ( -18.19600147846203700, 18.82969290767401900, 6.500000018724982500 ) ) ;
#1110 = CARTESIAN_POINT ( 'NONE',  ( -17.99696399999776700, 19.54194440001291600, 6.500000018736518100 ) ) ;
#1111 = SURFACE_STYLE_USAGE ( .BOTH. , #2471 ) ;
#1112 = CARTESIAN_POINT ( 'NONE',  ( -15.68886807960223000, 16.17721074019360100, 8.775562354583881200 ) ) ;
#1113 = EDGE_CURVE ( 'NONE', #1700, #2290, #318, .T. ) ;
#1114 = CARTESIAN_POINT ( 'NONE',  ( -16.03325216497011900, 19.48816416967138600, 6.500000064323876000 ) ) ;
#1115 = CARTESIAN_POINT ( 'NONE',  ( -16.94447897862246300, 17.78688480547154100, 6.800000000001225500 ) ) ;
#1116 = CARTESIAN_POINT ( 'NONE',  ( -15.94501497676000300, 19.45070919079999800, 6.488001347711999300 ) ) ;
#1117 = CARTESIAN_POINT ( 'NONE',  ( -14.36975713412933200, 15.39657503652911100, 9.309612401472616500 ) ) ;
#1118 = DIRECTION ( 'NONE',  ( 3.596237565596958700E-013, -2.489702930028663900E-013, 1.000000000000000000 ) ) ;
#1119 = CARTESIAN_POINT ( 'NONE',  ( -17.10485272999156000, 16.69267402184981500, 6.500000057587909600 ) ) ;
#1120 = CARTESIAN_POINT ( 'NONE',  ( -13.88528581663662300, 16.04168029678897500, 8.595486661801789600 ) ) ;
#1121 = CARTESIAN_POINT ( 'NONE',  ( -19.67958262212669900, 17.45746794003670000, 6.900036467719999700 ) ) ;
#1122 = CARTESIAN_POINT ( 'NONE',  ( -15.66306726655889400, 19.12903366814671100, 6.500000075158910200 ) ) ;
#1123 = CARTESIAN_POINT ( 'NONE',  ( -16.87547230895440000, 18.01358361245461000, 6.499000018988367000 ) ) ;
#1124 = CARTESIAN_POINT ( 'NONE',  ( -16.81826721531213000, 17.85685897999803400, 5.943305426616612800 ) ) ;
#1125 = CARTESIAN_POINT ( 'NONE',  ( -19.19303313897074000, 16.61426271315003700, 6.849127380997123800 ) ) ;
#1126 = CARTESIAN_POINT ( 'NONE',  ( -18.42881153849879200, 17.73670249016161500, 6.500000015554078000 ) ) ;
#1127 = CARTESIAN_POINT ( 'NONE',  ( -17.11667009063343100, 17.38463424593729200, 6.500000052871874900 ) ) ;
#1128 = CARTESIAN_POINT ( 'NONE',  ( -19.00682025311000000, 18.79853064217999400, 6.880997255274000000 ) ) ;
#1129 = CARTESIAN_POINT ( 'NONE',  ( -14.39214263316258300, 15.53561617393379100, 9.791904346881633400 ) ) ;
#1130 = CARTESIAN_POINT ( 'NONE',  ( -17.75657126630938300, 18.88751090922561500, 6.800000000000003400 ) ) ;
#1131 = EDGE_LOOP ( 'NONE', ( #152, #2753, #2877, #579 ) ) ;
#1132 = CARTESIAN_POINT ( 'NONE',  ( -18.02645385824458700, 17.22426553863621000, 8.417246522129122600 ) ) ;
#1133 = CARTESIAN_POINT ( 'NONE',  ( -18.36976062978782700, 18.68180266163532000, 5.943305426616515100 ) ) ;
#1134 = CARTESIAN_POINT ( 'NONE',  ( -17.01737761959000400, 16.72899312384000200, 6.612376242486998700 ) ) ;
#1135 = CARTESIAN_POINT ( 'NONE',  ( -17.43686548047297800, 17.20932572373644500, 7.139082209683346400 ) ) ;
#1136 = CARTESIAN_POINT ( 'NONE',  ( -19.25089095174000100, 18.36206161519670100, 6.852446001638699400 ) ) ;
#1137 = CARTESIAN_POINT ( 'NONE',  ( -14.23948324610084300, 15.95109190429951200, 10.13367735212195000 ) ) ;
#1138 = DIRECTION ( 'NONE',  ( -0.03430155868165061400, -0.9994115283865846500, 5.627951305483972700E-009 ) ) ;
#1139 = VECTOR ( 'NONE', #2631, 100.0000000000000100 ) ;
#1140 = CARTESIAN_POINT ( 'NONE',  ( -18.38536575406003200, 17.48667009063241900, 6.500000022987107300 ) ) ;
#1141 = CARTESIAN_POINT ( 'NONE',  ( -18.98525218343324300, 18.75436742074941800, 6.899999996324678100 ) ) ;
#1142 = CARTESIAN_POINT ( 'NONE',  ( -14.38585666955143900, 16.81000648243581400, 8.544563010471877700 ) ) ;
#1143 = B_SPLINE_SURFACE_WITH_KNOTS ( 'NONE', 3, 3, ( 
 ( #723, #945, #2540, #1182 ),
 ( #2768, #1406, #49, #1631 ),
 ( #276, #1849, #500, #2075 ),
 ( #732, #2313, #951, #2549 ),
 ( #1190, #2779, #1415, #58 ),
 ( #1639, #285, #1859, #509 ),
 ( #2084, #743, #2322, #960 ),
 ( #2559, #1200, #2787, #1426 ),
 ( #66, #1648, #292, #1867 ),
 ( #516, #2095, #753, #2335 ) ),
 .UNSPECIFIED., .F., .F., .F.,
 ( 4, 1, 1, 1, 1, 1, 1, 4 ),
 ( 4, 4 ),
 ( -0.01020195370813000200, 0.2196056929680000000, 0.4494133396440001000, 0.6792209863200002800, 0.9090286329950001400, 1.138836279671000100, 1.368643926347000300, 1.598451573023000200 ),
 ( -0.07000810203712000400, 14.92908520389000100 ),
 .UNSPECIFIED. ) ;
#1144 = CARTESIAN_POINT ( 'NONE',  ( -15.65489276973930000, 17.87907711356029900, 8.527725540405098700 ) ) ;
#1145 = DIRECTION ( 'NONE',  ( -0.9994115292232943500, 0.03430153430323933100, 0.0000000000000000000 ) ) ;
#1146 = CARTESIAN_POINT ( 'NONE',  ( -16.63237950245000000, 17.00651063512999500, 6.736751137261000700 ) ) ;
#1147 = CARTESIAN_POINT ( 'NONE',  ( -17.80035077555452000, 17.17561210144896600, 7.778164364588140400 ) ) ;
#1148 = CARTESIAN_POINT ( 'NONE',  ( -17.73222390299999800, 16.56962841871999700, 6.488001347711999300 ) ) ;
#1149 = CARTESIAN_POINT ( 'NONE',  ( -14.57639986302821600, 16.41864076249396800, 8.456684104617620400 ) ) ;
#1150 = LINE ( 'NONE', #100, #1688 ) ;
#1151 = B_SPLINE_CURVE_WITH_KNOTS ( 'NONE', 3,
 ( #2570, #2067, #1435, #78, #1659, #303, #1880, #529, #2110, #769, #2349, #988, #2584, #1225, #2812, #1448, #92, #1674, #316, #1896, #542, #2124, #781, #2361, #1003, #2596, #1241, #2824 ),
 .UNSPECIFIED., .F., .F.,
 ( 4, 2, 2, 2, 2, 2, 2, 2, 2, 2, 2, 2, 2, 4 ),
 ( 5.551115123125782700E-017, 0.001514866250230924900, 0.002272299375346359700, 0.003029732500461794200, 0.003787165625577229200, 0.004544598750692663800, 0.005302031875808098400, 0.006059465000923532900, 0.007574331251154474100, 0.008331764376269933800, 0.009089197501385391800, 0.009846630626500851500, 0.01060406375161630900, 0.01211893000184724800 ),
 .UNSPECIFIED. ) ;
#1152 = CARTESIAN_POINT ( 'NONE',  ( -16.87348416430239000, 18.44486164027389900, 8.417246540853728500 ) ) ;
#1153 = CARTESIAN_POINT ( 'NONE',  ( -15.53619327684769000, 19.49661758108686300, 6.500000075721333200 ) ) ;
#1154 = FACE_OUTER_BOUND ( 'NONE', #1131, .T. ) ;
#1155 = CARTESIAN_POINT ( 'NONE',  ( -18.56067429509014800, 17.80686546985276300, 7.139082179954497700 ) ) ;
#1156 = CARTESIAN_POINT ( 'NONE',  ( -17.61475182226000400, 19.57388926355999800, 6.861126032036001000 ) ) ;
#1157 = CARTESIAN_POINT ( 'NONE',  ( -13.88838850636952800, 16.03374710624463600, 8.595659815608367900 ) ) ;
#1158 = CARTESIAN_POINT ( 'NONE',  ( -15.09591323787180000, 17.58186242436170900, 9.544347114982631600 ) ) ;
#1159 = CARTESIAN_POINT ( 'NONE',  ( -18.49465283357257000, 18.49252440650630900, 6.514435142205433800 ) ) ;
#1160 = CARTESIAN_POINT ( 'NONE',  ( -16.37881564162000100, 17.34458439494000000, 6.861126032036001000 ) ) ;
#1161 = CARTESIAN_POINT ( 'NONE',  ( -17.31336030060000300, 16.61577082344000200, 6.612376242486998700 ) ) ;
#1162 = CARTESIAN_POINT ( 'NONE',  ( -14.80461762694129400, 16.03693396354115900, 8.583175454797553200 ) ) ;
#1163 = ORIENTED_EDGE ( 'NONE', *, *, #2171, .T. ) ;
#1164 = CARTESIAN_POINT ( 'NONE',  ( -16.80561209324115500, 17.96964925389175200, 6.500000056281372500 ) ) ;
#1165 = CARTESIAN_POINT ( 'NONE',  ( -14.82958161017535100, 16.53428323885719900, 10.03237641884512000 ) ) ;
#1166 = CARTESIAN_POINT ( 'NONE',  ( -18.59438793620798700, 18.17035075431468600, 7.778164339906091100 ) ) ;
#1167 = CARTESIAN_POINT ( 'NONE',  ( -18.08608084093999600, 19.52212719821000100, 6.488001347711999300 ) ) ;
#1168 = CARTESIAN_POINT ( 'NONE',  ( -16.41151720776481300, 17.38391235387780800, 6.899999841221367400 ) ) ;
#1169 = CARTESIAN_POINT ( 'NONE',  ( -17.72269039621999600, 16.56798398703000100, 6.871117638202001400 ) ) ;
#1170 = CARTESIAN_POINT ( 'NONE',  ( -18.32981031354060200, 18.58952959716165800, 6.799999999999912800 ) ) ;
#1171 = CARTESIAN_POINT ( 'NONE',  ( -14.78827633770177000, 16.65035351193527900, 10.13074111860708000 ) ) ;
#1172 = CARTESIAN_POINT ( 'NONE',  ( -17.36595863635578900, 17.33557328855053500, 6.799999999999981200 ) ) ;
#1173 = CARTESIAN_POINT ( 'NONE',  ( -17.31926846189028900, 17.24527873175950900, 6.514435142205489800 ) ) ;
#1174 = EDGE_CURVE ( 'NONE', #2731, #1661, #839, .T. ) ;
#1175 = VERTEX_POINT ( 'NONE', #2138 ) ;
#1176 = CARTESIAN_POINT ( 'NONE',  ( -15.66039319749000000, 19.11923282475000000, 6.488001347711999300 ) ) ;
#1177 = CARTESIAN_POINT ( 'NONE',  ( -16.90534718115209900, 17.64747559759590300, 7.139082219115201700 ) ) ;
#1178 = ORIENTED_EDGE ( 'NONE', *, *, #1803, .F. ) ;
#1179 = CARTESIAN_POINT ( 'NONE',  ( -18.49465287774403400, 18.49252441881888100, 8.417246503197512600 ) ) ;
#1180 = CARTESIAN_POINT ( 'NONE',  ( -18.52003483119999700, 19.33167176071000500, 6.612376242486998700 ) ) ;
#1181 = ORIENTED_EDGE ( 'NONE', *, *, #1862, .F. ) ;
#1182 = CARTESIAN_POINT ( 'NONE',  ( -17.67889841203000500, 19.52572440190999700, 6.899997398026101800 ) ) ;
#1183 = CARTESIAN_POINT ( 'NONE',  ( -18.22273720016374900, 17.32863125398651500, 6.228870284410955800 ) ) ;
#1184 = DIRECTION ( 'NONE',  ( -2.303901284138477200E-008, 6.422009912773617700E-009, 0.9999999999999996700 ) ) ;
#1185 = CARTESIAN_POINT ( 'NONE',  ( -16.20696686102942200, 19.52573728684997400, 6.849127380997131800 ) ) ;
#1186 = CARTESIAN_POINT ( 'NONE',  ( -18.87367008931999700, 19.01515696125000300, 6.736751137261000700 ) ) ;
#1187 = CARTESIAN_POINT ( 'NONE',  ( -14.03666442546610000, 16.37785454150354200, 10.24857245245796700 ) ) ;
#1188 = CARTESIAN_POINT ( 'NONE',  ( -17.15157144255190100, 17.48767176451438800, 6.500000045514402000 ) ) ;
#1189 = LINE ( 'NONE', #765, #651 ) ;
#1190 = CARTESIAN_POINT ( 'NONE',  ( -16.17876732344000200, 19.50645338911999700, 6.889247048010001400 ) ) ;
#1191 = B_SPLINE_CURVE_WITH_KNOTS ( 'NONE', 3,
 ( #1902, #788, #395, #1975, #623, #2205, #849, #2439, #1081, #2666, #1309, #2896, #1528, #180, #1757, #406, #1985, #630, #2214, #856, #2446, #1088, #2673, #1315, #2905, #1536, #187, #1763, #415, #1992, #640, #2223 ),
 .UNSPECIFIED., .F., .F.,
 ( 4, 1, 1, 1, 1, 1, 1, 1, 1, 1, 1, 1, 1, 1, 1, 1, 1, 1, 1, 1, 1, 1, 1, 1, 1, 1, 1, 1, 1, 4 ),
 ( 0.0000000000000000000, 0.01586207504648504800, 0.05172414356186245300, 0.08758621207692179900, 0.1234482805922990600, 0.1593103491073581400, 0.1951724176227358200, 0.2310344861381133700, 0.2668965546531723000, 0.3027586231685499600, 0.3386206916836087500, 0.3744827601989864600, 0.4103448287143638400, 0.4462068972294230800, 0.4820689657448005100, 0.5179310342598596500, 0.5537931027752371900, 0.5896551712906147300, 0.6255172398056737500, 0.6613793083210513000, 0.6972413768361103200, 0.7331034453514878600, 0.7689655138668652900, 0.8048275823819244200, 0.8406896508973019700, 0.8765517194123611000, 0.9124137879277386400, 0.9482758564431160700, 0.9841379249582388200, 1.000000000000000000 ),
 .UNSPECIFIED. ) ;
#1192 = CARTESIAN_POINT ( 'NONE',  ( -18.60809918795992600, 18.04814732894642000, 5.943305426616478600 ) ) ;
#1193 = CARTESIAN_POINT ( 'NONE',  ( -14.37624239222474600, 15.32150574648151100, 9.136455801222567200 ) ) ;
#1194 = CARTESIAN_POINT ( 'NONE',  ( -16.20717589794426800, 19.51964677469734300, 6.500000021701393600 ) ) ;
#1195 = CARTESIAN_POINT ( 'NONE',  ( -16.22372113871008600, 17.26999701155977000, 9.754422957439032900 ) ) ;
#1196 =( GEOMETRIC_REPRESENTATION_CONTEXT ( 3 ) GLOBAL_UNCERTAINTY_ASSIGNED_CONTEXT ( ( #577 ) ) GLOBAL_UNIT_ASSIGNED_CONTEXT ( ( #2034, #687, #2267 ) ) REPRESENTATION_CONTEXT ( 'NONE', 'WORKASPACE' ) );
#1197 = VERTEX_POINT ( 'NONE', #1087 ) ;
#1198 = CARTESIAN_POINT ( 'NONE',  ( -19.04503039558999700, 18.74811754422999500, 6.861126032036001000 ) ) ;
#1199 = CARTESIAN_POINT ( 'NONE',  ( -13.76725042138165000, 16.23460457451017900, 8.518092913601087400 ) ) ;
#1200 = CARTESIAN_POINT ( 'NONE',  ( -16.67783479076000200, 19.54132052214999900, 6.860127676785998200 ) ) ;
#1201 = CARTESIAN_POINT ( 'NONE',  ( -16.95863125398702200, 17.54726279983482900, 5.943305426616594100 ) ) ;
#1202 = CARTESIAN_POINT ( 'NONE',  ( -15.79428248486872900, 16.19581515572580000, 9.352953511669706900 ) ) ;
#1203 = CARTESIAN_POINT ( 'NONE',  ( -13.86995351265373200, 16.03352815898010400, 8.497005886502114100 ) ) ;
#1204 = CARTESIAN_POINT ( 'NONE',  ( -17.48685897999850200, 18.95173278468639600, 6.799999999999993600 ) ) ;
#1205 = CARTESIAN_POINT ( 'NONE',  ( -17.02147730690845200, 17.47798263026003700, 6.500000048566030300 ) ) ;
#1206 = CARTESIAN_POINT ( 'NONE',  ( -16.90534716642760700, 17.64747559349332600, 6.799999999999554800 ) ) ;
#1207 = CARTESIAN_POINT ( 'NONE',  ( -14.77813488093941900, 16.63103894067252900, 10.03237236275823300 ) ) ;
#1208 = CARTESIAN_POINT ( 'NONE',  ( -18.24842855744992300, 18.65232823547945500, 6.500000019785334300 ) ) ;
#1209 = LINE ( 'NONE', #433, #747 ) ;
#1210 = CARTESIAN_POINT ( 'NONE',  ( -15.71696581772760100, 18.01066389727369800, 9.188903431762398100 ) ) ;
#1211 = CARTESIAN_POINT ( 'NONE',  ( -18.52452769104775500, 18.12641638754354600, 6.799999999999887000 ) ) ;
#1212 = CARTESIAN_POINT ( 'NONE',  ( -17.59964925389228800, 18.96438790675743000, 6.500000031599338300 ) ) ;
#1213 = CARTESIAN_POINT ( 'NONE',  ( -18.35884551760456100, 18.68384764988596900, 6.500000017195274500 ) ) ;
#1214 = CARTESIAN_POINT ( 'NONE',  ( -15.69690632093074700, 16.54031236059521600, 9.782573478469283000 ) ) ;
#1215 = CARTESIAN_POINT ( 'NONE',  ( -17.80035074610687200, 17.17561209324058800, 6.500000038462872000 ) ) ;
#1216 = EDGE_CURVE ( 'NONE', #1197, #2776, #1369, .T. ) ;
#1217 = CARTESIAN_POINT ( 'NONE',  ( -17.75681413071733400, 17.17131686354667900, 6.500000031317182600 ) ) ;
#1218 = CARTESIAN_POINT ( 'NONE',  ( -16.19038873267329800, 17.79991887354999800, 6.900036467719999700 ) ) ;
#1219 = CARTESIAN_POINT ( 'NONE',  ( -13.65764069274062500, 16.83255612935721100, 9.567036363656345800 ) ) ;
#1220 = CARTESIAN_POINT ( 'NONE',  ( -17.51964818470620200, 18.85111130799897300, 6.500000036880402700 ) ) ;
#1221 =( LENGTH_UNIT ( ) NAMED_UNIT ( * ) SI_UNIT ( .CENTI., .METRE. ) );
#1222 = LINE ( 'NONE', #1375, #608 ) ;
#1223 = CARTESIAN_POINT ( 'NONE',  ( -17.95389646500754600, 17.29308961471664600, 6.699666672064324800 ) ) ;
#1224 = CARTESIAN_POINT ( 'NONE',  ( -15.03801986285479800, 15.77479025640628200, 9.053965155657424500 ) ) ;
#1225 = CARTESIAN_POINT ( 'NONE',  ( -19.66515925364880200, 16.87696778262070700, 6.499999997417440100 ) ) ;
#1226 = CARTESIAN_POINT ( 'NONE',  ( -16.81796439799012800, 17.85955787523609900, 6.500000056703807000 ) ) ;
#1227 = CARTESIAN_POINT ( 'NONE',  ( -17.58484284933971200, 18.96308309182344900, 6.500000035351122000 ) ) ;
#1228 = CARTESIAN_POINT ( 'NONE',  ( -15.51369878299892200, 16.92650024025292800, 9.893399244903450900 ) ) ;
#1229 = CARTESIAN_POINT ( 'NONE',  ( -18.58203560200910700, 18.28044212476181200, 6.500000013358402400 ) ) ;
#1230 = ORIENTED_EDGE ( 'NONE', *, *, #2749, .T. ) ;
#1231 = CARTESIAN_POINT ( 'NONE',  ( -17.64851199055627300, 19.57015768395286100, 6.875605298595127500 ) ) ;
#1232 = DIRECTION ( 'NONE',  ( 1.000000000000000000, 7.881384666300634700E-031, 3.206885370685022700E-015 ) ) ;
#1233 = FACE_OUTER_BOUND ( 'NONE', #1854, .T. ) ;
#1234 = CARTESIAN_POINT ( 'NONE',  ( -19.69355219905000400, 17.52530803954999800, 6.736751149921000900 ) ) ;
#1235 = CARTESIAN_POINT ( 'NONE',  ( -16.92000303959010300, 18.25349351840061400, 6.500000050946323600 ) ) ;
#1236 = ADVANCED_FACE ( 'NONE', ( #69 ), #2144, .T. ) ;
#1237 =( LENGTH_UNIT ( ) NAMED_UNIT ( * ) SI_UNIT ( .CENTI., .METRE. ) );
#1238 = CARTESIAN_POINT ( 'NONE',  ( -17.07018968645934700, 17.55047040283369600, 6.599333344128774000 ) ) ;
#1239 = FACE_OUTER_BOUND ( 'NONE', #2526, .T. ) ;
#1240 = CARTESIAN_POINT ( 'NONE',  ( -15.09370170311133900, 15.87560313191940200, 9.601203727136782700 ) ) ;
#1241 = CARTESIAN_POINT ( 'NONE',  ( -19.72587479022737300, 17.45686608226810300, 6.499999992294499800 ) ) ;
#1242 = EDGE_CURVE ( 'NONE', #2042, #1523, #671, .T. ) ;
#1243 = CARTESIAN_POINT ( 'NONE',  ( -18.37423596901740900, 18.67799363498311400, 7.778164341718091500 ) ) ;
#1244 = CARTESIAN_POINT ( 'NONE',  ( -16.96942032911116600, 18.59642998894089100, 6.500000049787136200 ) ) ;
#1245 = CARTESIAN_POINT ( 'NONE',  ( -15.67528273677000300, 18.68258141702000000, 6.488001347711999300 ) ) ;
#1246 = CARTESIAN_POINT ( 'NONE',  ( -16.10851246581152200, 16.91263861328563700, 8.226053192103375300 ) ) ;
#1247 = CARTESIAN_POINT ( 'NONE',  ( -19.66309550618400000, 17.48136764472517500, 6.899999996324695000 ) ) ;
#1248 = CARTESIAN_POINT ( 'NONE',  ( -17.08282002888623200, 17.41428022898824000, 6.899999999999995000 ) ) ;
#1249 = CARTESIAN_POINT ( 'NONE',  ( -19.75609988749999600, 17.38912141305000200, 6.861126051024999800 ) ) ;
#1250 = CARTESIAN_POINT ( 'NONE',  ( -16.21748206885845900, 17.28173104058165800, 9.754423077851818400 ) ) ;
#1251 = CARTESIAN_POINT ( 'NONE',  ( -18.31717998954462700, 18.72571977614612800, 6.900000000000000400 ) ) ;
#1252 = CARTESIAN_POINT ( 'NONE',  ( -14.94725955418638100, 16.29518948762833500, 9.985053770873111700 ) ) ;
#1253 = CARTESIAN_POINT ( 'NONE',  ( -18.08840411147036800, 18.89237555297331600, 8.417246509989240600 ) ) ;
#1254 = CARTESIAN_POINT ( 'NONE',  ( -16.85475758791420700, 17.75529333593527800, 6.500000052476790900 ) ) ;
#1255 = CARTESIAN_POINT ( 'NONE',  ( -15.62460298191999900, 18.89943284260999700, 6.612376248815998300 ) ) ;
#1256 = CARTESIAN_POINT ( 'NONE',  ( -14.28561639436343200, 15.84961466836253100, 10.08874406441849000 ) ) ;
#1257 = ORIENTED_EDGE ( 'NONE', *, *, #2940, .F. ) ;
#1258 = CARTESIAN_POINT ( 'NONE',  ( -19.75988317511999900, 17.09242870609999800, 6.488001347711999300 ) ) ;
#1259 = ORIENTED_EDGE ( 'NONE', *, *, #2790, .T. ) ;
#1260 = CARTESIAN_POINT ( 'NONE',  ( -17.59964925389228800, 18.96438790675742000, 6.500000031599325800 ) ) ;
#1261 = CARTESIAN_POINT ( 'NONE',  ( -14.40298663640113500, 15.46735394146167800, 9.658697750108441200 ) ) ;
#1262 = ADVANCED_FACE ( 'NONE', ( #2413 ), #551, .T. ) ;
#1263 = CARTESIAN_POINT ( 'NONE',  ( -17.11453972007939600, 17.52482165134472300, 6.500000046383057400 ) ) ;
#1264 = CARTESIAN_POINT ( 'NONE',  ( -16.43957709215000000, 16.50683953532999500, 8.526977701869999000 ) ) ;
#1265 = CARTESIAN_POINT ( 'NONE',  ( -18.72084712720000300, 16.63708319405000700, 6.899230593224002600 ) ) ;
#1266 = CARTESIAN_POINT ( 'NONE',  ( -17.27747560821607900, 18.86465283767623200, 7.139082202725012900 ) ) ;
#1267 = CARTESIAN_POINT ( 'NONE',  ( -18.18968593618860300, 18.83506820499540200, 6.799999999999935000 ) ) ;
#1268 = CARTESIAN_POINT ( 'NONE',  ( -14.31724484790863600, 15.42176422382862600, 9.107967615951462600 ) ) ;
#1269 = TOROIDAL_SURFACE ( 'NONE', #1343, 2.199999999995626800, 0.9000000000027705800 ) ;
#1270 = CARTESIAN_POINT ( 'NONE',  ( -15.93036421276000100, 18.22789285524000000, 6.889247048010001400 ) ) ;
#1271 = CARTESIAN_POINT ( 'NONE',  ( -14.38116786522999900, 15.28549422399000200, 9.341659939650000400 ) ) ;
#1272 = ORIENTED_EDGE ( 'NONE', *, *, #2609, .T. ) ;
#1273 = EDGE_CURVE ( 'NONE', #2383, #2945, #1890, .T. ) ;
#1274 = CARTESIAN_POINT ( 'NONE',  ( -17.01463427538685000, 18.65332991757363600, 7.778164373200362500 ) ) ;
#1275 = CARTESIAN_POINT ( 'NONE',  ( -17.37768838714917800, 18.91793692113260800, 6.514435142205534200 ) ) ;
#1276 = CARTESIAN_POINT ( 'NONE',  ( -14.06596894921482900, 15.73282605014301800, 8.677921301631656100 ) ) ;
#1277 = CARTESIAN_POINT ( 'NONE',  ( -15.67973076868000100, 18.66086737022000000, 6.860127676783999800 ) ) ;
#1278 = CARTESIAN_POINT ( 'NONE',  ( -17.88035181529583200, 17.28888869199983000, 6.500000028419346000 ) ) ;
#1279 = CARTESIAN_POINT ( 'NONE',  ( -15.13482804278999600, 15.72485289161999900, 9.494069393542000400 ) ) ;
#1280 = CARTESIAN_POINT ( 'NONE',  ( -18.72122188355999500, 16.62616427069000100, 6.895433249022999300 ) ) ;
#1281 = FACE_OUTER_BOUND ( 'NONE', #10, .T. ) ;
#1282 = CARTESIAN_POINT ( 'NONE',  ( -16.80337270750994700, 18.21553753039051300, 6.228870284411092600 ) ) ;
#1283 = CARTESIAN_POINT ( 'NONE',  ( -16.15687466315000600, 19.51932734871999700, 6.612376248815998300 ) ) ;
#1284 = B_SPLINE_CURVE_WITH_KNOTS ( 'NONE', 3,
 ( #1642, #62, #2087, #746, #2325, #965, #2563, #1204, #1644, #290, #1863, #512, #2090, #749, #2329, #968, #2565, #1206 ),
 .UNSPECIFIED., .F., .F.,
 ( 4, 2, 2, 2, 2, 2, 2, 2, 4 ),
 ( 0.0000000000000000000, 0.1199928744768447200, 0.2500000000000388600, 0.3800071255232388400, 0.5000000000000943700, 0.6199928744769003200, 0.7500000000000777200, 0.8800071255232222400, 1.000000000000000000 ),
 .UNSPECIFIED. ) ;
#1285 = CARTESIAN_POINT ( 'NONE',  ( -17.46914330537322600, 18.94040411378188800, 6.899999999999995000 ) ) ;
#1286 = CARTESIAN_POINT ( 'NONE',  ( -17.84418662715769700, 17.18113386614364700, 6.900000000000004800 ) ) ;
#1287 = CARTESIAN_POINT ( 'NONE',  ( -18.20066767105531400, 19.49732732783179000, 6.849127378788979000 ) ) ;
#1288 = CARTESIAN_POINT ( 'NONE',  ( -15.83811489532999900, 16.24845785539999800, 9.618543441632999300 ) ) ;
#1289 = CARTESIAN_POINT ( 'NONE',  ( -16.47053988170504700, 16.69174131988100700, 9.450745164927033300 ) ) ;
#1290 = ORIENTED_EDGE ( 'NONE', *, *, #1625, .T. ) ;
#1291 = CARTESIAN_POINT ( 'NONE',  ( -13.80195763475000000, 16.06137730508000100, 8.507089781673000700 ) ) ;
#1292 = CARTESIAN_POINT ( 'NONE',  ( -19.62846568198000000, 16.82826510767000300, 6.488001347711999300 ) ) ;
#1293 = CARTESIAN_POINT ( 'NONE',  ( -16.87961264054735000, 18.44469617844634300, 6.900000000000002100 ) ) ;
#1294 = ORIENTED_EDGE ( 'NONE', *, *, #2440, .F. ) ;
#1295 = CARTESIAN_POINT ( 'NONE',  ( -18.46355525546184500, 17.59264594528837100, 6.900000000000004800 ) ) ;
#1296 = CARTESIAN_POINT ( 'NONE',  ( -14.25606726904475300, 15.96129349885150500, 10.23812396025251000 ) ) ;
#1297 = CARTESIAN_POINT ( 'NONE',  ( -16.49331021258999600, 16.84058747501000000, 9.684649065359000300 ) ) ;
#1298 = CARTESIAN_POINT ( 'NONE',  ( -18.54793692113309700, 18.39231161284950000, 6.799999999999893200 ) ) ;
#1299 = VECTOR ( 'NONE', #2461, 100.0000000000000000 ) ;
#1300 = CARTESIAN_POINT ( 'NONE',  ( -16.06860285772999200, 17.03731501497000200, 8.081738666234000900 ) ) ;
#1301 = CARTESIAN_POINT ( 'NONE',  ( -19.45600842147000300, 16.68736988070999800, 6.612376248815998300 ) ) ;
#1302 = FACE_OUTER_BOUND ( 'NONE', #2302, .T. ) ;
#1303 = CARTESIAN_POINT ( 'NONE',  ( -18.52256416131305300, 18.44003084199398400, 6.900000000000000400 ) ) ;
#1304 = CARTESIAN_POINT ( 'NONE',  ( -14.17116808353999800, 16.02843104956999600, 10.26817107341999800 ) ) ;
#1305 = CARTESIAN_POINT ( 'NONE',  ( -18.31488687098212200, 17.41015613552524100, 6.500000018226417700 ) ) ;
#1306 = CARTESIAN_POINT ( 'NONE',  ( -14.09676926682000100, 15.56632405078000000, 8.665260674295000200 ) ) ;
#1307 = CARTESIAN_POINT ( 'NONE',  ( -19.24338097304999800, 16.61851117949000300, 6.736751149921000900 ) ) ;
#1308 = CARTESIAN_POINT ( 'NONE',  ( -18.52472126823910200, 17.68926846188960400, 6.799999999999877300 ) ) ;
#1309 = CARTESIAN_POINT ( 'NONE',  ( -16.51982926512281900, 16.61093181551746100, 9.482403270342031100 ) ) ;
#1310 = CARTESIAN_POINT ( 'NONE',  ( -14.80084506833000200, 16.59249517468000000, 10.13177052561999900 ) ) ;
#1311 = CARTESIAN_POINT ( 'NONE',  ( -18.59871410113945700, 18.12643098167483700, 6.500000011568666000 ) ) ;
#1312 = CARTESIAN_POINT ( 'NONE',  ( -16.37447590918543100, 16.55660285711639900, 8.609903235839869500 ) ) ;
#1313 = VERTEX_POINT ( 'NONE', #1314 ) ;
#1314 = CARTESIAN_POINT ( 'NONE',  ( -13.86995351265373200, 16.03352815898010400, 8.497005886502114100 ) ) ;
#1315 = CARTESIAN_POINT ( 'NONE',  ( -16.27243780901226300, 16.63295377806745600, 8.302237848913030400 ) ) ;
#1316 = CARTESIAN_POINT ( 'NONE',  ( -18.49566089809225700, 17.93624663608468900, 6.799999999999929700 ) ) ;
#1317 = CARTESIAN_POINT ( 'NONE',  ( -15.26838333493085600, 16.79606370277642600, 8.317707718069765800 ) ) ;
#1318 = EDGE_CURVE ( 'NONE', #1313, #429, #2425, .T. ) ;
#1319 = CARTESIAN_POINT ( 'NONE',  ( -15.70319110705593600, 17.91433391894817700, 8.863448229889616700 ) ) ;
#1320 = CARTESIAN_POINT ( 'NONE',  ( -19.70722204113931000, 17.50486401637139300, 6.849127380996981700 ) ) ;
#1321 = CARTESIAN_POINT ( 'NONE',  ( -16.48919046070487900, 16.54639135023352700, 9.157141807313337300 ) ) ;
#1322 = CARTESIAN_POINT ( 'NONE',  ( -13.93213149094810000, 15.95357911508052100, 8.601252668418560200 ) ) ;
#1323 = VERTEX_POINT ( 'NONE', #1097 ) ;
#1324 = CARTESIAN_POINT ( 'NONE',  ( -16.00681897462995100, 19.48670423111680700, 6.849127379370406400 ) ) ;
#1325 = CARTESIAN_POINT ( 'NONE',  ( -18.87615641870617400, 19.01134192261134400, 6.500000001888323300 ) ) ;
#1326 = CARTESIAN_POINT ( 'NONE',  ( -19.64033965170720100, 16.83160211969739000, 6.849127379370500500 ) ) ;
#1327 = CARTESIAN_POINT ( 'NONE',  ( -15.69815701554271600, 18.63800020845945900, 6.500000027497687700 ) ) ;
#1328 = CARTESIAN_POINT ( 'NONE',  ( -15.48609924215490200, 16.42822424854827500, 8.428533484503898200 ) ) ;
#1329 = EDGE_LOOP ( 'NONE', ( #2492, #2149, #2260, #2915 ) ) ;
#1330 = CARTESIAN_POINT ( 'NONE',  ( -17.83375336391111800, 18.86566089809318200, 6.800000000000681900 ) ) ;
#1331 = CARTESIAN_POINT ( 'NONE',  ( -15.76988299786000200, 19.31315279639000300, 6.612376248815998300 ) ) ;
#1332 = CARTESIAN_POINT ( 'NONE',  ( -16.40238035205021900, 16.88647947403549700, 9.627931508173318800 ) ) ;
#1333 = CARTESIAN_POINT ( 'NONE',  ( -14.21720949051236700, 15.52165185632043200, 8.878756247935044100 ) ) ;
#1334 = ORIENTED_EDGE ( 'NONE', *, *, #1767, .F. ) ;
#1335 = CARTESIAN_POINT ( 'NONE',  ( -13.86090114026203300, 16.65099764569445300, 10.09569256142567500 ) ) ;
#1336 = DIRECTION ( 'NONE',  ( -0.9994115283865844200, 0.03430155868165048200, -2.324573943750760300E-008 ) ) ;
#1337 = CARTESIAN_POINT ( 'NONE',  ( -17.82420823679236600, 19.56525725291039200, 6.500000022566922600 ) ) ;
#1338 =( NAMED_UNIT ( * ) PLANE_ANGLE_UNIT ( ) SI_UNIT ( $, .RADIAN. ) );
#1339 = CARTESIAN_POINT ( 'NONE',  ( -15.71724830879086500, 16.15485535775215800, 8.858153451299280300 ) ) ;
#1340 = CARTESIAN_POINT ( 'NONE',  ( -15.96273940342904600, 19.45889453930998800, 6.500000066136390600 ) ) ;
#1341 = CARTESIAN_POINT ( 'NONE',  ( -16.99364192571250600, 17.69442274977033900, 6.699666672996122500 ) ) ;
#1342 = CARTESIAN_POINT ( 'NONE',  ( -15.94296818028999500, 19.45455104778000100, 6.736751149921000900 ) ) ;
#1343 = AXIS2_PLACEMENT_3D ( 'NONE', #2729, #1372, #12 ) ;
#1344 = CARTESIAN_POINT ( 'NONE',  ( -14.38515698521875300, 15.40093224305410000, 9.398327389655543500 ) ) ;
#1345 = CARTESIAN_POINT ( 'NONE',  ( -19.70722204113931000, 17.50486401637139300, 6.849127380996981700 ) ) ;
#1346 = CIRCLE ( 'NONE', #1752, 1.456101608966200900 ) ;
#1347 = CARTESIAN_POINT ( 'NONE',  ( -17.26847874168429800, 16.63173686165136500, 6.500000054209456500 ) ) ;
#1348 = CARTESIAN_POINT ( 'NONE',  ( -16.90534716642827800, 17.64747559349170900, 6.500000056052577700 ) ) ;
#1349 = CARTESIAN_POINT ( 'NONE',  ( -19.21638024168000000, 18.34368545063000200, 6.899230593224002600 ) ) ;
#1350 = CARTESIAN_POINT ( 'NONE',  ( -15.63749406378706800, 19.03059559127102300, 6.500000076380260300 ) ) ;
#1351 = CARTESIAN_POINT ( 'NONE',  ( -16.92951368350001900, 18.38690193876955800, 6.699666672996299300 ) ) ;
#1352 = CARTESIAN_POINT ( 'NONE',  ( -16.80337270750992600, 18.21553753039052400, 5.943305426616626100 ) ) ;
#1353 = CARTESIAN_POINT ( 'NONE',  ( -18.47999696040964000, 17.88650648159887500, 6.500000014353417100 ) ) ;
#1354 = CARTESIAN_POINT ( 'NONE',  ( -17.11667012008107100, 17.38463425414566600, 7.778164378997125500 ) ) ;
#1355 = CARTESIAN_POINT ( 'NONE',  ( -19.47679160789999700, 17.91591745575999900, 6.880997255274000000 ) ) ;
#1356 = CARTESIAN_POINT ( 'NONE',  ( -14.37961713783815300, 15.58667680938328100, 9.865132847252500200 ) ) ;
#1357 = EDGE_CURVE ( 'NONE', #1175, #2945, #2, .T. ) ;
#1358 = CARTESIAN_POINT ( 'NONE',  ( -17.47107909307723600, 16.57483223818208300, 6.849127378789023400 ) ) ;
#1359 = ORIENTED_EDGE ( 'NONE', *, *, #1767, .T. ) ;
#1360 = CARTESIAN_POINT ( 'NONE',  ( -17.75657126630900300, 18.88751090922573900, 6.599333345991775300 ) ) ;
#1361 = CARTESIAN_POINT ( 'NONE',  ( -18.12252442123078200, 17.27534717053021800, 7.139082193462455100 ) ) ;
#1362 = CARTESIAN_POINT ( 'NONE',  ( -18.49465283357252300, 18.49252440650632300, 5.943305426616498200 ) ) ;
#1363 = FACE_OUTER_BOUND ( 'NONE', #1035, .T. ) ;
#1364 = DIRECTION ( 'NONE',  ( -0.0000000000000000000, 0.0000000000000000000, 1.000000000000000000 ) ) ;
#1365 = CARTESIAN_POINT ( 'NONE',  ( -17.01540426148000100, 16.72511647568999700, 6.861126032036001000 ) ) ;
#1366 = CARTESIAN_POINT ( 'NONE',  ( -17.43686550992062200, 17.20932573194481600, 8.417246535808596200 ) ) ;
#1367 = CARTESIAN_POINT ( 'NONE',  ( -19.72086230653999900, 17.47944842878000000, 6.852446001638699400 ) ) ;
#1368 = CARTESIAN_POINT ( 'NONE',  ( -14.20204948024806100, 16.02994922890539800, 10.15618790580750100 ) ) ;
#1369 = B_SPLINE_CURVE_WITH_KNOTS ( 'NONE', 3,
 ( #1773, #2234, #876, #2468, #1109, #754, #2336, #974, #2571, #1212, #2799, #1436, #79, #1660, #304, #1881, #530, #2111, #770, #2350, #989, #2585, #1226, #2813, #1449 ),
 .UNSPECIFIED., .F., .F.,
 ( 4, 3, 3, 3, 3, 3, 3, 3, 4 ),
 ( 0.0000000000000000000, 0.003373744677777855200, 0.007032968508556524700, 0.01069219233933479100, 0.01406593782147660800, 0.01743968330361770100, 0.02109890713439013800, 0.02475813096516555500, 0.02813187564294407400 ),
 .UNSPECIFIED. ) ;
#1370 = CARTESIAN_POINT ( 'NONE',  ( -16.90534716642760700, 17.64747559349332600, 6.799999999999554800 ) ) ;
#1371 = CARTESIAN_POINT ( 'NONE',  ( -18.38536578350766600, 17.48667009884079700, 7.778164349112355300 ) ) ;
#1372 = DIRECTION ( 'NONE',  ( -0.4694715627859140100, -0.8829475928589146600, -1.452560142637961800E-014 ) ) ;
#1373 = CARTESIAN_POINT ( 'NONE',  ( -15.89562502169834500, 17.29525031907739300, 8.178736888928570500 ) ) ;
#1374 = CARTESIAN_POINT ( 'NONE',  ( -15.72597083098510000, 17.64267279095479800, 8.254217178231098000 ) ) ;
#1375 = CARTESIAN_POINT ( 'NONE',  ( -16.92765276118671700, 19.55047254958062900, 6.849127379869641700 ) ) ;
#1376 = CARTESIAN_POINT ( 'NONE',  ( -16.52971791635999600, 17.12757140099000400, 6.488001347711999300 ) ) ;
#1377 = CARTESIAN_POINT ( 'NONE',  ( -17.91770874181811400, 17.18877971585967000, 6.500000035674514900 ) ) ;
#1378 = CARTESIAN_POINT ( 'NONE',  ( -17.73231719226999900, 16.56528479292999700, 6.736751137261000700 ) ) ;
#1379 = EDGE_CURVE ( 'NONE', #2444, #335, #1209, .T. ) ;
#1380 = CARTESIAN_POINT ( 'NONE',  ( -14.58657214284184200, 16.39950944942016900, 8.456684005534295800 ) ) ;
#1381 = CARTESIAN_POINT ( 'NONE',  ( -16.83932573435889800, 18.33313453835363300, 7.139082216232965900 ) ) ;
#1382 = DIRECTION ( 'NONE',  ( 0.9994115283865844200, -0.03430155868165048200, 2.324573943750760300E-008 ) ) ;
#1383 = CARTESIAN_POINT ( 'NONE',  ( -18.56067432453779600, 17.80686547806114100, 8.417246506079749200 ) ) ;
#1384 = CARTESIAN_POINT ( 'NONE',  ( -17.66772945236999700, 19.57254339417999500, 6.612376242486998700 ) ) ;
#1385 = CARTESIAN_POINT ( 'NONE',  ( -15.28419434289803600, 16.76632712152940700, 8.317706652699646600 ) ) ;
#1386 = EDGE_LOOP ( 'NONE', ( #1755, #1837, #1290, #1533 ) ) ;
#1387 = CARTESIAN_POINT ( 'NONE',  ( -14.99407467928678100, 17.65054703122560700, 9.217269317770277600 ) ) ;
#1388 = CARTESIAN_POINT ( 'NONE',  ( -18.58173278468697700, 18.28314102000010500, 6.514435142205423200 ) ) ;
#1389 = CARTESIAN_POINT ( 'NONE',  ( -16.35884667590999800, 17.39383714038000100, 6.612376242486998700 ) ) ;
#1390 = CARTESIAN_POINT ( 'NONE',  ( -14.84693048102916000, 15.97705182360928200, 8.635618199574064800 ) ) ;
#1391 = CARTESIAN_POINT ( 'NONE',  ( -16.80561212268880000, 17.96964926210013000, 7.778164382406625800 ) ) ;
#1392 = CARTESIAN_POINT ( 'NONE',  ( -16.21748201714210000, 17.28173120590583200, 9.754423259035416300 ) ) ;
#1393 = CARTESIAN_POINT ( 'NONE',  ( -18.58203560200910700, 18.28044212476181200, 6.500000013358418400 ) ) ;
#1394 = CARTESIAN_POINT ( 'NONE',  ( -18.08719855785999900, 19.52633115491000000, 6.736751137261000700 ) ) ;
#1395 = CARTESIAN_POINT ( 'NONE',  ( -16.39540512652799700, 17.37533303876867300, 6.895433249022999300 ) ) ;
#1396 = CARTESIAN_POINT ( 'NONE',  ( -18.72216520924000000, 16.59867947784999800, 6.860127676785998200 ) ) ;
#1397 = CARTESIAN_POINT ( 'NONE',  ( -18.32981031354112000, 18.58952959716194200, 6.599333345992714200 ) ) ;
#1398 = CARTESIAN_POINT ( 'NONE',  ( -14.61572520273631100, 16.93475957463503400, 10.02393358148098000 ) ) ;
#1399 = CARTESIAN_POINT ( 'NONE',  ( -17.67243895587455800, 17.26364609757144600, 6.799999999999971400 ) ) ;
#1400 = CARTESIAN_POINT ( 'NONE',  ( -17.03023937021137300, 17.45819733836260900, 6.514435142205520000 ) ) ;
#1401 = CARTESIAN_POINT ( 'NONE',  ( -15.65628599545000000, 19.12067509111999900, 6.736751149921000900 ) ) ;
#1402 = AXIS2_PLACEMENT_3D ( 'NONE', #1052, #2641, #2868 ) ;
#1403 = CARTESIAN_POINT ( 'NONE',  ( -16.20868167373529500, 19.47577440077380100, 6.899999996324695000 ) ) ;
#1404 = CARTESIAN_POINT ( 'NONE',  ( -18.52240542791999900, 19.33531906302999900, 6.861126032036001000 ) ) ;
#1405 = CARTESIAN_POINT ( 'NONE',  ( -14.26364423333039400, 17.26217027394096300, 9.132640421885648500 ) ) ;
#1406 = CARTESIAN_POINT ( 'NONE',  ( -16.67941592367330000, 19.49525254011669500, 6.900036467719999700 ) ) ;
#1407 = ORIENTED_EDGE ( 'NONE', *, *, #782, .F. ) ;
#1408 = B_SPLINE_CURVE_WITH_KNOTS ( 'NONE', 3,
 ( #750, #1015, #2833, #1495 ),
 .UNSPECIFIED., .F., .F.,
 ( 4, 4 ),
 ( 0.0000000000000000000, 1.000000000019682900 ),
 .UNSPECIFIED. ) ;
#1409 = CARTESIAN_POINT ( 'NONE',  ( -17.91314102000065100, 17.18826721531161500, 6.228870284410974500 ) ) ;
#1410 = CARTESIAN_POINT ( 'NONE',  ( -19.00459487347200100, 18.76466696123133100, 6.895433249022999300 ) ) ;
#1411 = CARTESIAN_POINT ( 'NONE',  ( -18.38157831890202600, 18.49217696665700200, 6.500000016662034400 ) ) ;
#1412 = CARTESIAN_POINT ( 'NONE',  ( -18.96301329706999900, 18.88395898100000300, 6.488001347711999300 ) ) ;
#1413 = CARTESIAN_POINT ( 'NONE',  ( -13.86090114026110100, 16.65099764569395200, 10.09569256142586200 ) ) ;
#1414 = CARTESIAN_POINT ( 'NONE',  ( -17.23204697003046700, 17.41959107083935300, 6.500000043626682700 ) ) ;
#1415 = CARTESIAN_POINT ( 'NONE',  ( -17.17811844195999900, 19.54075285002999600, 6.889247048010001400 ) ) ;
#1416 = CARTESIAN_POINT ( 'NONE',  ( -18.52472126823902700, 17.68926846188963300, 5.943305426616474200 ) ) ;
#1417 = CARTESIAN_POINT ( 'NONE',  ( -14.31095875378475300, 15.37503308841095000, 8.952068440798628400 ) ) ;
#1418 = CARTESIAN_POINT ( 'NONE',  ( -17.64833866579529300, 19.57520768381374100, 6.849127380303775300 ) ) ;
#1419 = EDGE_CURVE ( 'NONE', #388, #975, #531, .T. ) ;
#1420 = VECTOR ( 'NONE', #2798, 100.0000000000000100 ) ;
#1421 = CARTESIAN_POINT ( 'NONE',  ( -16.21354882804207900, 17.28912830823300000, 9.754422858355555400 ) ) ;
#1422 = CARTESIAN_POINT ( 'NONE',  ( -17.75148800944363000, 16.56984231604905800, 6.875605298595120400 ) ) ;
#1423 = CARTESIAN_POINT ( 'NONE',  ( -15.95683422713470800, 17.14314231761689600, 8.080250199704940100 ) ) ;
#1424 = MANIFOLD_SOLID_BREP ( 'Импортированный2', #1645 ) ;
#1425 = CARTESIAN_POINT ( 'NONE',  ( -13.86995348444660100, 16.03352814397955900, 8.497005705317464600 ) ) ;
#1426 = CARTESIAN_POINT ( 'NONE',  ( -17.67718590928000600, 19.57561998304999700, 6.860127676785998200 ) ) ;
#1427 = CARTESIAN_POINT ( 'NONE',  ( -17.75159165068152900, 16.56682261883278400, 6.732751589630373300 ) ) ;
#1428 = CARTESIAN_POINT ( 'NONE',  ( -15.79161905563631900, 16.23184440326335900, 9.435544608391337500 ) ) ;
#1429 = CARTESIAN_POINT ( 'NONE',  ( -16.90534716642827800, 17.64747559349171300, 6.500000056052576800 ) ) ;
#1430 = CARTESIAN_POINT ( 'NONE',  ( -17.08282404630597600, 17.41427892145899000, 6.500000047127022300 ) ) ;
#1431 = CARTESIAN_POINT ( 'NONE',  ( -16.05216277548405700, 17.57582216833066400, 9.709615126386633900 ) ) ;
#1432 = CARTESIAN_POINT ( 'NONE',  ( -18.16795302997135800, 18.72040892915509500, 6.500000021673056200 ) ) ;
#1433 = CARTESIAN_POINT ( 'NONE',  ( -15.83947419195829900, 17.89998449493790000, 9.507672810807001400 ) ) ;
#1434 = CARTESIAN_POINT ( 'NONE',  ( -18.52452769104737100, 18.12641638754318100, 6.599333344128588400 ) ) ;
#1435 = CARTESIAN_POINT ( 'NONE',  ( -19.29378522339407800, 16.63025363969288200, 6.500000007557926700 ) ) ;
#1436 = CARTESIAN_POINT ( 'NONE',  ( -17.37354618592611600, 18.91573447367445800, 6.500000037120981800 ) ) ;
#1437 = CARTESIAN_POINT ( 'NONE',  ( -18.29510543924666900, 18.74581000681341400, 6.500000018690429600 ) ) ;
#1438 = CARTESIAN_POINT ( 'NONE',  ( -15.66580362564153000, 16.61425530955540700, 9.823701965107659400 ) ) ;
#1439 = CARTESIAN_POINT ( 'NONE',  ( -18.02645381407311100, 17.22426552632364100, 6.500000032941229300 ) ) ;
#1440 = CARTESIAN_POINT ( 'NONE',  ( -17.84418813256363400, 17.18113552744247100, 6.500000029267639900 ) ) ;
#1441 = CARTESIAN_POINT ( 'NONE',  ( -15.72041737787330000, 18.68253205996329000, 6.900036467719999700 ) ) ;
#1442 = CARTESIAN_POINT ( 'NONE',  ( -14.99935285718337900, 17.54594997296993200, 8.967128844525827700 ) ) ;
#1443 = CARTESIAN_POINT ( 'NONE',  ( -16.90534721059973200, 17.64747560580428500, 8.417246545240452300 ) ) ;
#1444 = CARTESIAN_POINT ( 'NONE',  ( -17.37131869992683200, 18.80112548876708100, 6.500000040359779500 ) ) ;
#1445 = CARTESIAN_POINT ( 'NONE',  ( -17.95389646500744300, 17.29308961471564400, 6.499000016193230400 ) ) ;
#1446 = CARTESIAN_POINT ( 'NONE',  ( -18.49465283357255500, 18.49252440650631300, 6.371652713308200200 ) ) ;
#1447 = CARTESIAN_POINT ( 'NONE',  ( -15.05949957014746400, 15.76715015455999200, 9.141181787155586500 ) ) ;
#1448 = CARTESIAN_POINT ( 'NONE',  ( -19.71748641113285000, 16.96445077817034900, 6.499999995650053800 ) ) ;
#1449 = CARTESIAN_POINT ( 'NONE',  ( -16.90534716642827800, 17.64747559349171300, 6.500000056052576800 ) ) ;
#1450 = CARTESIAN_POINT ( 'NONE',  ( -17.49803512421214800, 18.94754800105826600, 6.500000037387379400 ) ) ;
#1451 = CARTESIAN_POINT ( 'NONE',  ( -15.96036680683556200, 17.17348664304886100, 8.178731331521916600 ) ) ;
#1452 = CARTESIAN_POINT ( 'NONE',  ( -18.49465283357256600, 18.49252440650630500, 6.500000014009637000 ) ) ;
#1453 = CARTESIAN_POINT ( 'NONE',  ( -17.64833866579529300, 19.57520768381374100, 6.849127380303775300 ) ) ;
#1454 = DIRECTION ( 'NONE',  ( -8.747581283984563500E-014, -3.887813903993139600E-014, 1.000000000000000000 ) ) ;
#1455 = CARTESIAN_POINT ( 'NONE',  ( -19.70232714162999700, 17.50173327175999200, 6.488001347711999300 ) ) ;
#1456 = CARTESIAN_POINT ( 'NONE',  ( -16.90188755027848400, 18.12462665173880100, 6.500000051371254800 ) ) ;
#1457 =( NAMED_UNIT ( * ) SI_UNIT ( $, .STERADIAN. ) SOLID_ANGLE_UNIT ( ) );
#1458 = CARTESIAN_POINT ( 'NONE',  ( -16.99364192571713500, 17.69442274976793400, 6.799999999999996300 ) ) ;
#1459 = CARTESIAN_POINT ( 'NONE',  ( -15.08441542985766200, 15.92190790499221900, 9.677989942771422000 ) ) ;
#1460 = CARTESIAN_POINT ( 'NONE',  ( -18.28332990936581100, 18.75536575405943700, 6.500000017190339800 ) ) ;
#1461 = VERTEX_POINT ( 'NONE', #2237 ) ;
#1462 = CARTESIAN_POINT ( 'NONE',  ( -16.92127936497650600, 18.52216909981572000, 6.500000050916382200 ) ) ;
#1463 = CARTESIAN_POINT ( 'NONE',  ( -15.67128332159999900, 18.68086272013000100, 6.736751149921000900 ) ) ;
#1464 = CARTESIAN_POINT ( 'NONE',  ( -14.13060134484310600, 16.17211687687125000, 10.17117870428228500 ) ) ;
#1465 = CARTESIAN_POINT ( 'NONE',  ( -17.17317873581996000, 17.33792545342840400, 6.900000000000002100 ) ) ;
#1466 = B_SPLINE_CURVE_WITH_KNOTS ( 'NONE', 3,
 ( #2292, #1168, #2757, #1395, #36, #1617, #267, #1840, #491, #2066 ),
 .UNSPECIFIED., .F., .F.,
 ( 4, 1, 1, 1, 1, 1, 1, 4 ),
 ( 0.0000000000000000000, 0.1382689154346222500, 0.2829613492625567800, 0.4276537830911208400, 0.5723462169196849000, 0.7170386507476191900, 0.8617310845761835300, 1.000000000000000000 ),
 .UNSPECIFIED. ) ;
#1467 = CARTESIAN_POINT ( 'NONE',  ( -19.76822876309000100, 17.31496706989001000, 6.612376248815998300 ) ) ;
#1468 = ADVANCED_FACE ( 'NONE', ( #1281 ), #2516, .T. ) ;
#1469 = CARTESIAN_POINT ( 'NONE',  ( -18.22682128261031700, 18.80207455170546300, 6.899999999999999500 ) ) ;
#1470 = CARTESIAN_POINT ( 'NONE',  ( -14.91075822457208000, 16.37349963662755700, 10.01077658929634100 ) ) ;
#1471 = CARTESIAN_POINT ( 'NONE',  ( -17.96313454897384800, 18.93067428446994100, 7.139082186504118100 ) ) ;
#1472 = CARTESIAN_POINT ( 'NONE',  ( -16.90534716642989500, 17.64747559349185800, 6.500000051290107300 ) ) ;
#1473 = CARTESIAN_POINT ( 'NONE',  ( -14.31549962817292300, 15.77686531039536000, 10.04468713457551000 ) ) ;
#1474 = CARTESIAN_POINT ( 'NONE',  ( -19.76413715985000200, 17.09150520471999700, 6.736751149921000900 ) ) ;
#1475 = ADVANCED_FACE ( 'NONE', ( #1586 ), #1526, .T. ) ;
#1476 = EDGE_CURVE ( 'NONE', #2913, #2731, #1580, .T. ) ;
#1477 = CARTESIAN_POINT ( 'NONE',  ( -17.59964928333992500, 18.96438791496579800, 7.778164357724577400 ) ) ;
#1478 = CARTESIAN_POINT ( 'NONE',  ( -16.79190081204410100, 18.09185267105160500, 6.800000000000022900 ) ) ;
#1479 = CARTESIAN_POINT ( 'NONE',  ( -14.40230973681740600, 15.43677718658812700, 9.573897433713897300 ) ) ;
#1480 = CARTESIAN_POINT ( 'NONE',  ( -15.02745654570000200, 15.70590307215999800, 8.905958567637002300 ) ) ;
#1481 = CARTESIAN_POINT ( 'NONE',  ( -17.27747563766372000, 18.86465284588461000, 8.417246528850263600 ) ) ;
#1482 = CARTESIAN_POINT ( 'NONE',  ( -18.44136874601210300, 18.59273720016318900, 6.799999999999907500 ) ) ;
#1483 = CARTESIAN_POINT ( 'NONE',  ( -14.28759518529834000, 15.44698869347102000, 9.026658862240106300 ) ) ;
#1484 = LINE ( 'NONE', #2088, #880 ) ;
#1485 = CARTESIAN_POINT ( 'NONE',  ( -16.39317974689000200, 17.34146935781999900, 6.880997255274000000 ) ) ;
#1486 = CARTESIAN_POINT ( 'NONE',  ( -15.82807183377999900, 16.05482671078000200, 9.052709372013001900 ) ) ;
#1487 = CARTESIAN_POINT ( 'NONE',  ( -17.72185267105217600, 18.97809918795450900, 6.514435142205508500 ) ) ;
#1488 = CARTESIAN_POINT ( 'NONE',  ( -14.02163174192366500, 15.80302444964081200, 8.642808818504319000 ) ) ;
#1489 =( GEOMETRIC_REPRESENTATION_CONTEXT ( 3 ) GLOBAL_UNCERTAINTY_ASSIGNED_CONTEXT ( ( #1622 ) ) GLOBAL_UNIT_ASSIGNED_CONTEXT ( ( #1221, #1671, #313 ) ) REPRESENTATION_CONTEXT ( 'NONE', 'WORKASPACE' ) );
#1490 = B_SPLINE_CURVE_WITH_KNOTS ( 'NONE', 3,
 ( #149, #181, #632, #2216, #860, #2450, #1092, #2677, #1319, #2908, #1539, #191, #1768, #418, #1994, #644, #2228, #870 ),
 .UNSPECIFIED., .F., .F.,
 ( 4, 2, 2, 2, 2, 2, 2, 2, 4 ),
 ( 0.0000000000000000000, 0.1250000000000000000, 0.2500000000000000000, 0.3750000000000000000, 0.5000000000000000000, 0.6250000000000000000, 0.7500000000000000000, 0.8750000000000000000, 1.000000000000000000 ),
 .UNSPECIFIED. ) ;
#1491 = CARTESIAN_POINT ( 'NONE',  ( -16.14910904825999800, 17.77793838480329900, 6.852446001638699400 ) ) ;
#1492 = CARTESIAN_POINT ( 'NONE',  ( -18.02868130007490400, 17.33887451123200000, 6.500000024939968300 ) ) ;
#1493 = CARTESIAN_POINT ( 'NONE',  ( -16.58173201134999500, 16.49418537841000200, 9.205118825905000100 ) ) ;
#1494 = CARTESIAN_POINT ( 'NONE',  ( -17.72187076503000500, 16.59186480979000300, 6.895433249022999300 ) ) ;
#1495 = CARTESIAN_POINT ( 'NONE',  ( -17.64854770224209800, 19.56911718615744900, 6.500000010116753700 ) ) ;
#1496 = CARTESIAN_POINT ( 'NONE',  ( -16.93493179500325100, 18.55968593618801800, 6.228870284411092600 ) ) ;
#1497 = CARTESIAN_POINT ( 'NONE',  ( -16.15636339074000100, 19.52365029229999700, 6.861126051024999800 ) ) ;
#1498 = DIRECTION ( 'NONE',  ( 0.4699997645204570500, 0.8826665402918108000, 0.0000000000000000000 ) ) ;
#1499 = CARTESIAN_POINT ( 'NONE',  ( -17.32983142807548300, 18.89244741633602200, 6.900000000000000400 ) ) ;
#1500 = CARTESIAN_POINT ( 'NONE',  ( -17.93085671305845400, 17.19959589135409700, 6.899999999999997700 ) ) ;
#1501 = CARTESIAN_POINT ( 'NONE',  ( -18.57432817243491700, 19.30429399435557200, 6.849127378788977300 ) ) ;
#1502 = CARTESIAN_POINT ( 'NONE',  ( -14.37352686384000200, 15.54168801230999900, 9.985515428697002700 ) ) ;
#1503 = CARTESIAN_POINT ( 'NONE',  ( -16.49273161594307200, 16.54561012968254400, 9.172793942088995700 ) ) ;
#1504 = EDGE_CURVE ( 'NONE', #83, #2210, #2103, .T. ) ;
#1505 = ORIENTED_EDGE ( 'NONE', *, *, #1419, .F. ) ;
#1506 = CARTESIAN_POINT ( 'NONE',  ( -13.81746869721000000, 16.03142025417999900, 8.504999754154999500 ) ) ;
#1507 = CARTESIAN_POINT ( 'NONE',  ( -19.63176832231000500, 16.82542929954999500, 6.736751149921000900 ) ) ;
#1508 = CARTESIAN_POINT ( 'NONE',  ( -16.82211061281101600, 18.27697198685688200, 6.900000000000003000 ) ) ;
#1509 = CARTESIAN_POINT ( 'NONE',  ( -18.52038737788401000, 17.69530382669002600, 6.900000000000002100 ) ) ;
#1510 = CARTESIAN_POINT ( 'NONE',  ( -14.33244458145474500, 15.78928181065150600, 10.16259705061307300 ) ) ;
#1511 = CARTESIAN_POINT ( 'NONE',  ( -15.01415895125999900, 16.15175577078000300, 10.02645687933000200 ) ) ;
#1512 = CARTESIAN_POINT ( 'NONE',  ( -18.58173278468699500, 18.28314102000009500, 6.799999999999889700 ) ) ;
#1513 = ORIENTED_EDGE ( 'NONE', *, *, #261, .F. ) ;
#1514 = CARTESIAN_POINT ( 'NONE',  ( -14.67162103366999800, 16.18224735486999700, 8.392401234514004200 ) ) ;
#1515 = CARTESIAN_POINT ( 'NONE',  ( -19.45805521794000000, 16.68352802372999800, 6.861126051024999800 ) ) ;
#1516 = ORIENTED_EDGE ( 'NONE', *, *, #115, .F. ) ;
#1517 = CARTESIAN_POINT ( 'NONE',  ( -16.90534716642760700, 17.64747559349332600, 6.799999999999554800 ) ) ;
#1518 = CARTESIAN_POINT ( 'NONE',  ( -19.02399971534428500, 18.77499959613980000, 6.500000001253626500 ) ) ;
#1519 = EDGE_CURVE ( 'NONE', #2731, #571, #2646, .T. ) ;
#1520 = CARTESIAN_POINT ( 'NONE',  ( -15.61807205209999900, 16.79776353635999400, 9.979220505783002800 ) ) ;
#1521 = CARTESIAN_POINT ( 'NONE',  ( -18.41274132058969900, 17.51966481686506700, 6.500000015931044000 ) ) ;
#1522 = CARTESIAN_POINT ( 'NONE',  ( -16.15284967310191500, 16.84244021378874500, 8.261165675230090600 ) ) ;
#1523 = VERTEX_POINT ( 'NONE', #1844 ) ;
#1524 = CARTESIAN_POINT ( 'NONE',  ( -15.54367323538000200, 16.33565653756999600, 8.376310106656999800 ) ) ;
#1525 = CARTESIAN_POINT ( 'NONE',  ( -19.19329699359000000, 16.62006719278000200, 6.488001347711999300 ) ) ;
#1526 = B_SPLINE_SURFACE_WITH_KNOTS ( 'NONE', 3, 3, ( 
 ( #2039, #2273, #915, #2510 ),
 ( #1148, #2736, #1378, #19 ),
 ( #1601, #250, #1824, #475 ),
 ( #2050, #703, #2284, #928 ),
 ( #2522, #1161, #2748, #2936 ),
 ( #2028, #680, #2261, #904 ),
 ( #2498, #1134, #2720, #1365 ),
 ( #5, #1589, #239, #1811 ),
 ( #462, #2037, #692, #2271 ),
 ( #913, #2508, #1146, #2734 ),
 ( #1376, #17, #1599, #248 ),
 ( #1823, #474, #2049, #702 ),
 ( #2283, #927, #2521, #1160 ),
 ( #2747, #1389, #28, #1611 ) ),
 .UNSPECIFIED., .F., .F., .F.,
 ( 4, 1, 1, 1, 1, 1, 1, 1, 1, 1, 1, 4 ),
 ( 4, 4 ),
 ( 0.9905730052279999600, 1.096068154604000100, 1.201563303979999800, 1.307058453356000100, 1.412553602730999900, 1.518048752106999900, 1.623543901483000200, 1.729039050858999900, 1.834534200233999700, 1.940029349609999800, 2.045524498986000400, 2.151019648362000300 ),
 ( 859.2294379385001500, 862.9606847816998000 ),
 .UNSPECIFIED. ) ;
#1527 = CARTESIAN_POINT ( 'NONE',  ( -18.60809918795999400, 18.04814732894639900, 6.799999999999879900 ) ) ;
#1528 = CARTESIAN_POINT ( 'NONE',  ( -16.53887460764224600, 16.50953831087690200, 9.307811000726031700 ) ) ;
#1529 = CARTESIAN_POINT ( 'NONE',  ( -16.24774903688999600, 17.36182766147000200, 9.842819957981001600 ) ) ;
#1530 = PRESENTATION_STYLE_ASSIGNMENT (( #459 ) ) ;
#1531 = CARTESIAN_POINT ( 'NONE',  ( -18.57899359876582300, 18.27209604607143600, 6.500000012031247100 ) ) ;
#1532 = CARTESIAN_POINT ( 'NONE',  ( -16.40412557179208600, 16.53137838747515100, 8.691211989547646500 ) ) ;
#1533 = ORIENTED_EDGE ( 'NONE', *, *, #503, .F. ) ;
#1534 = CARTESIAN_POINT ( 'NONE',  ( -13.69080945068084900, 16.44044332071369000, 8.683365787153793000 ) ) ;
#1535 = CARTESIAN_POINT ( 'NONE',  ( -15.62650763352528000, 18.82798566560747500, 6.849127379370374400 ) ) ;
#1536 = CARTESIAN_POINT ( 'NONE',  ( -16.17668188910224800, 16.76988018135689600, 8.187312689038028800 ) ) ;
#1537 = CARTESIAN_POINT ( 'NONE',  ( -18.48628001496006600, 18.25091424815515500, 6.799999999999919000 ) ) ;
#1538 = CARTESIAN_POINT ( 'NONE',  ( -15.27624989613983300, 16.78126882414157000, 8.317707641445336400 ) ) ;
#1539 = CARTESIAN_POINT ( 'NONE',  ( -15.76112766271685000, 17.92155711850684300, 9.172794133306560100 ) ) ;
#1540 = B_SPLINE_SURFACE_WITH_KNOTS ( 'NONE', 3, 3, ( 
 ( #1348, #2480, #435, #1569 ),
 ( #220, #1792, #444, #2022 ),
 ( #674, #2254, #895, #2489 ),
 ( #1127, #2710, #1354, #2947 ),
 ( #1577, #230, #1800, #452 ),
 ( #2029, #681, #2262, #905 ),
 ( #2499, #1135, #2721, #1366 ),
 ( #6, #1590, #240, #1812 ),
 ( #463, #2038, #693, #2272 ),
 ( #914, #2509, #1147, #2735 ),
 ( #1377, #18, #1600, #249 ),
 ( #9, #900, #2494, #1132 ),
 ( #2717, #1361, #1, #1583 ),
 ( #236, #1806, #458, #2033 ),
 ( #686, #2266, #909, #2505 ),
 ( #1140, #2728, #1371, #11 ),
 ( #1594, #244, #1819, #469 ),
 ( #2043, #697, #2276, #921 ),
 ( #2514, #1155, #2742, #1383 ),
 ( #23, #1604, #255, #1829 ),
 ( #480, #2055, #707, #2289 ),
 ( #933, #2527, #1166, #2755 ),
 ( #1393, #33, #1615, #265 ),
 ( #1838, #489, #2064, #721 ),
 ( #2301, #943, #2538, #1179 ) ),
 .UNSPECIFIED., .F., .F., .F.,
 ( 4, 3, 3, 3, 3, 3, 3, 3, 4 ),
 ( 4, 4 ),
 ( 0.0000000000000000000, 0.3412779697864762300, 0.7114341609733835200, 1.081590352160692700, 1.422868403314977700, 1.764146454468943400, 2.134302645656567200, 2.504458836844625700, 2.845736806632059400 ),
 ( 0.0000000000000000000, 1.917246489187873800 ),
 .UNSPECIFIED. ) ;
#1541 = CARTESIAN_POINT ( 'NONE',  ( -15.27653974080552000, 16.78142293728557600, 8.317649758695221600 ) ) ;
#1542 = CARTESIAN_POINT ( 'NONE',  ( -16.48986736028864200, 16.57696810510697500, 9.241942123706968100 ) ) ;
#1543 = CARTESIAN_POINT ( 'NONE',  ( -13.97625143694373900, 15.87661356369490300, 8.617259648256812500 ) ) ;
#1544 = CARTESIAN_POINT ( 'NONE',  ( -13.76725042138258100, 16.23460457451067600, 8.518092913600899200 ) ) ;
#1545 = CARTESIAN_POINT ( 'NONE',  ( -16.15583811684419000, 19.52398254552670300, 6.849127379370416200 ) ) ;
#1546 = CARTESIAN_POINT ( 'NONE',  ( -18.67821828920613200, 19.20927053704949800, 6.500000005177531300 ) ) ;
#1547 = CARTESIAN_POINT ( 'NONE',  ( -19.52810883071171900, 16.72671827780817100, 6.849127379370513900 ) ) ;
#1548 = DIRECTION ( 'NONE',  ( 0.9994115292232944600, -0.03430153430323359300, 0.0000000000000000000 ) ) ;
#1549 = CARTESIAN_POINT ( 'NONE',  ( -15.52890274805106900, 16.36639404898161800, 8.478246421469664900 ) ) ;
#1550 = CARTESIAN_POINT ( 'NONE',  ( -17.75166133420439300, 16.56479231618634500, 6.849127380303785100 ) ) ;
#1551 = B_SPLINE_SURFACE_WITH_KNOTS ( 'NONE', 3, 3, ( 
 ( #1727, #1298, #1512, #167, #1743, #390, #1971, #616, #2199, #844, #2435, #1075, #473, #2048, #701, #2281, #926, #2520 ),
 ( #1159, #2746, #1388, #27, #1610, #259, #1833, #485, #2060, #715, #2297, #939, #2533, #1173, #2762, #1400, #43, #1623 ),
 ( #270, #1843, #493, #2068, #724, #2306, #946, #2541, #1183, #2769, #1409, #50, #1632, #277, #1850, #501, #2076, #734 ),
 ( #2314, #952, #2550, #1192, #2780, #1416, #60, #1640, #286, #1860, #510, #2085, #744, #2323, #962, #2560, #1201, #2788 ) ),
 .UNSPECIFIED., .F., .F., .F.,
 ( 4, 4 ),
 ( 4, 2, 2, 2, 2, 2, 2, 2, 4 ),
 ( 0.0000000000000000000, 0.8566945733834007100 ),
 ( 80.00000000000000000, 101.5987174058270000, 125.0000000000000000, 148.4012825941789800, 170.0000000000000000, 191.5987174058370200, 215.0000000000000000, 238.4012825941729800, 260.0000000000000000 ),
 .UNSPECIFIED. ) ;
#1552 = CARTESIAN_POINT ( 'NONE',  ( -17.51908575183967900, 18.85628001495998200, 6.800000000000898700 ) ) ;
#1553 = CARTESIAN_POINT ( 'NONE',  ( -15.76658035752000200, 19.31598860451000400, 6.861126051024999800 ) ) ;
#1554 = CARTESIAN_POINT ( 'NONE',  ( -16.37249711824137000, 16.95922883200951900, 9.671988438023277000 ) ) ;
#1555 = CARTESIAN_POINT ( 'NONE',  ( -14.25353007309245300, 15.48011832417103100, 8.950046294783392800 ) ) ;
#1556 = CARTESIAN_POINT ( 'NONE',  ( -14.03666442546704100, 16.37785454150404300, 10.24857245245777900 ) ) ;
#1557 = B_SPLINE_SURFACE_WITH_KNOTS ( 'NONE', 3, 3, ( 
 ( #2617, #2385, #2844, #1478, #123, #1705, #351, #1928, #580, #2159, #809, #2395, #1036, #2623, #1267, #2853, #1482, #131 ),
 ( #1715, #358, #1938, #586, #2167, #818, #2402, #1043, #2632, #1275, #2858, #1487, #137, #1721, #363, #1943, #591, #2172 ),
 ( #823, #2408, #1050, #2639, #1282, #2866, #1496, #147, #1728, #370, #1954, #600, #216, #1789, #440, #2019, #669, #2252 ),
 ( #893, #2486, #1124, #2707, #1352, #2943, #1574, #225, #1798, #450, #2026, #678, #2258, #901, #2495, #1133, #2718, #1362 ) ),
 .UNSPECIFIED., .F., .F., .F.,
 ( 4, 4 ),
 ( 4, 2, 2, 2, 2, 2, 2, 2, 4 ),
 ( 0.0000000000000000000, 0.8566945733834007100 ),
 ( 80.00000000000000000, 101.5987174058200000, 124.9999999999860200, 148.4012825941579500, 169.9999999999830000, 191.5987174058170100, 214.9999999999930100, 238.4012825941679500, 260.0000000000000000 ),
 .UNSPECIFIED. ) ;
#1558 = CARTESIAN_POINT ( 'NONE',  ( -16.44213146095123400, 17.24080812063346400, 6.500000069336239900 ) ) ;
#1559 = EDGE_LOOP ( 'NONE', ( #1634, #396, #612, #252 ) ) ;
#1560 = CARTESIAN_POINT ( 'NONE',  ( -17.71883556796621700, 19.57029281532296100, 6.500000024962266900 ) ) ;
#1561 = CARTESIAN_POINT ( 'NONE',  ( -15.74159205291188000, 16.14126970288954200, 8.943881520788366400 ) ) ;
#1562 = EDGE_CURVE ( 'NONE', #2842, #1700, #226, .T. ) ;
#1563 = CARTESIAN_POINT ( 'NONE',  ( -15.89712719552970000, 19.42131723179576900, 6.500000067889353700 ) ) ;
#1564 = CARTESIAN_POINT ( 'NONE',  ( -16.99364192571250600, 17.69442274977035400, 6.599333345992223000 ) ) ;
#1565 = CARTESIAN_POINT ( 'NONE',  ( -16.01278601784000000, 19.48158948336999400, 6.488001347711999300 ) ) ;
#1566 = CARTESIAN_POINT ( 'NONE',  ( -14.39576283477553400, 15.41423507221797200, 9.486854450397096600 ) ) ;
#1567 = CARTESIAN_POINT ( 'NONE',  ( -17.47144311268304400, 16.58586552455255300, 6.500000049827951500 ) ) ;
#1568 = SURFACE_STYLE_FILL_AREA ( #2358 ) ;
#1569 = CARTESIAN_POINT ( 'NONE',  ( -16.90534721059973200, 17.64747560580428500, 8.417246545240452300 ) ) ;
#1570 = CARTESIAN_POINT ( 'NONE',  ( -19.68635159648000200, 17.46107226420999900, 6.899230593224002600 ) ) ;
#1571 = CARTESIAN_POINT ( 'NONE',  ( -15.62826571938056700, 18.95528968547791500, 6.500000077076487400 ) ) ;
#1572 = CARTESIAN_POINT ( 'NONE',  ( -16.92951368350042400, 18.38690193876987400, 6.499000018988303000 ) ) ;
#1573 = ORIENTED_EDGE ( 'NONE', *, *, #2687, .F. ) ;
#1574 = CARTESIAN_POINT ( 'NONE',  ( -16.93493179500323000, 18.55968593618802800, 5.943305426616626100 ) ) ;
#1575 = CARTESIAN_POINT ( 'NONE',  ( -16.20868167373529500, 19.47577440077380100, 6.899999996324695000 ) ) ;
#1576 = CARTESIAN_POINT ( 'NONE',  ( -18.49811244972190100, 18.01537334825990700, 6.500000013928485000 ) ) ;
#1577 = CARTESIAN_POINT ( 'NONE',  ( -17.20399852153728700, 17.31030709232143700, 6.500000051337242000 ) ) ;
#1578 = CARTESIAN_POINT ( 'NONE',  ( -19.01212922223999900, 18.80135754694000000, 6.871117638200999500 ) ) ;
#1579 = CARTESIAN_POINT ( 'NONE',  ( -14.36236788490142000, 15.64432787113387500, 9.932254439486149200 ) ) ;
#1580 = B_SPLINE_CURVE_WITH_KNOTS ( 'NONE', 3,
 ( #464, #260, #716, #2298, #940, #2534 ),
 .UNSPECIFIED., .F., .F.,
 ( 4, 2, 4 ),
 ( 0.0000000000000000000, 0.5000000000000000000, 1.000000000000000000 ),
 .UNSPECIFIED. ) ;
#1581 = CARTESIAN_POINT ( 'NONE',  ( -17.06823413136708500, 16.69566259425259600, 6.849127378789019000 ) ) ;
#1582 = CARTESIAN_POINT ( 'NONE',  ( -18.11941029189721400, 18.79517215704950000, 6.799999999999925200 ) ) ;
#1583 = CARTESIAN_POINT ( 'NONE',  ( -18.12252445067843000, 17.27534717873859500, 8.417246519587704900 ) ) ;
#1584 = ORIENTED_EDGE ( 'NONE', *, *, #1073, .T. ) ;
#1585 = FILL_AREA_STYLE_COLOUR ( '', #477 ) ;
#1586 = FACE_OUTER_BOUND ( 'NONE', #1559, .T. ) ;
#1587 = CARTESIAN_POINT ( 'NONE',  ( -16.12354514935160000, 17.48746870514329600, 9.831816826053501000 ) ) ;
#1588 = ORIENTED_EDGE ( 'NONE', *, *, #2326, .T. ) ;
#1589 = CARTESIAN_POINT ( 'NONE',  ( -16.87996516880000900, 16.80832823928999900, 6.612376242486998700 ) ) ;
#1590 = CARTESIAN_POINT ( 'NONE',  ( -17.55174935325177900, 17.17420219902318100, 7.139082207262100100 ) ) ;
#1591 = CARTESIAN_POINT ( 'NONE',  ( -19.25079747392249600, 18.36201184039329300, 6.848617413939302300 ) ) ;
#1592 = CARTESIAN_POINT ( 'NONE',  ( -14.16214347309358800, 16.10977640639892200, 10.16890108677462800 ) ) ;
#1593 = ORIENTED_EDGE ( 'NONE', *, *, #1273, .T. ) ;
#1594 = CARTESIAN_POINT ( 'NONE',  ( -18.46894978175140500, 17.58487460448740300, 6.500000020430742400 ) ) ;
#1595 = CARTESIAN_POINT ( 'NONE',  ( -14.50379151668232100, 16.55519931716114000, 8.456689738649085800 ) ) ;
#1596 = CARTESIAN_POINT ( 'NONE',  ( -15.85413114526530100, 17.34421873814899900, 8.101337287198999700 ) ) ;
#1597 = ORIENTED_EDGE ( 'NONE', *, *, #408, .F. ) ;
#1598 = ORIENTED_EDGE ( 'NONE', *, *, #815, .F. ) ;
#1599 = CARTESIAN_POINT ( 'NONE',  ( -16.52632991067999800, 17.12484303875000100, 6.736751137261000700 ) ) ;
#1600 = CARTESIAN_POINT ( 'NONE',  ( -17.91770877126576200, 17.18877972406804100, 7.778164361799764700 ) ) ;
#1601 = CARTESIAN_POINT ( 'NONE',  ( -17.62659749335000100, 16.56921890891999600, 6.488001347711999300 ) ) ;
#1602 = CARTESIAN_POINT ( 'NONE',  ( -14.61350796001914000, 16.34977116120892400, 8.459135150779568200 ) ) ;
#1603 = CARTESIAN_POINT ( 'NONE',  ( -16.83932576380654600, 18.33313454656201100, 8.417246542358219200 ) ) ;
#1604 = CARTESIAN_POINT ( 'NONE',  ( -18.59707377416981400, 17.92592280131204400, 7.139082178351303700 ) ) ;
#1605 = CARTESIAN_POINT ( 'NONE',  ( -17.66763616309000200, 19.57688701997000200, 6.861126032036001000 ) ) ;
#1606 = CARTESIAN_POINT ( 'NONE',  ( -13.89236083788171400, 16.02627611961128600, 8.595659502420002000 ) ) ;
#1607 = TOROIDAL_SURFACE ( 'NONE', #279, 0.5561016563246032900, 0.05000000000022000700 ) ;
#1608 = CARTESIAN_POINT ( 'NONE',  ( -14.95211204219008000, 17.60398393097964800, 8.883169223624520300 ) ) ;
#1609 = EDGE_LOOP ( 'NONE', ( #130, #227 ) ) ;
#1610 = CARTESIAN_POINT ( 'NONE',  ( -18.59662729249357200, 17.92446246960751200, 6.514435142205409000 ) ) ;
#1611 = CARTESIAN_POINT ( 'NONE',  ( -16.35496960441000500, 17.39188245577000200, 6.861126032036001000 ) ) ;
#1612 = CARTESIAN_POINT ( 'NONE',  ( -15.62025243794000000, 18.89928449186000100, 6.861126051024999800 ) ) ;
#1613 = CARTESIAN_POINT ( 'NONE',  ( -16.81796439799012800, 17.85955787523608900, 6.500000056703794500 ) ) ;
#1614 = CARTESIAN_POINT ( 'NONE',  ( -14.82564851212458400, 16.54168020398719100, 10.03237610875762400 ) ) ;
#1615 = CARTESIAN_POINT ( 'NONE',  ( -18.58203563145675500, 18.28044213297019000, 7.778164339483669900 ) ) ;
#1616 = CARTESIAN_POINT ( 'NONE',  ( -18.23684282531999700, 19.47340001351999600, 6.488001347711999300 ) ) ;
#1617 = CARTESIAN_POINT ( 'NONE',  ( -16.37962288088855400, 17.36692935357867300, 6.880997255274000000 ) ) ;
#1618 = CARTESIAN_POINT ( 'NONE',  ( -18.40635807428670000, 18.44557725022772100, 6.799999999999906600 ) ) ;
#1619 = CARTESIAN_POINT ( 'NONE',  ( -14.44822037603469100, 17.16024171917851100, 9.785509895076346600 ) ) ;
#1620 = CARTESIAN_POINT ( 'NONE',  ( -17.98311519451972300, 17.31447897862061300, 6.799999999999961600 ) ) ;
#1621 = ORIENTED_EDGE ( 'NONE', *, *, #1357, .F. ) ;
#1622 = UNCERTAINTY_MEASURE_WITH_UNIT (LENGTH_MEASURE( 1.000000000000000100E-005 ), #1221, 'distance_accuracy_value', 'NONE');
#1623 = CARTESIAN_POINT ( 'NONE',  ( -16.90534716642997300, 17.64747559349171300, 6.514435142205534200 ) ) ;
#1624 = CARTESIAN_POINT ( 'NONE',  ( -16.37600028465568500, 17.36500040386024700, 6.500000024607732700 ) ) ;
#1625 = EDGE_CURVE ( 'NONE', #1661, #1461, #755, .T. ) ;
#1626 = CARTESIAN_POINT ( 'NONE',  ( -15.68937235690000000, 19.18783832462000300, 6.488001347711999300 ) ) ;
#1627 = CARTESIAN_POINT ( 'NONE',  ( -19.19170079602556800, 16.65308193767721800, 6.899174399752817900 ) ) ;
#1628 = ORIENTED_EDGE ( 'NONE', *, *, #295, .T. ) ;
#1629 = CARTESIAN_POINT ( 'NONE',  ( -18.64832938916999400, 19.23830823255999400, 6.612376242486998700 ) ) ;
#1630 = CARTESIAN_POINT ( 'NONE',  ( -14.26363895381636300, 17.13933433780130900, 8.805562624673552100 ) ) ;
#1631 = CARTESIAN_POINT ( 'NONE',  ( -17.67876704220000100, 19.52955200101999700, 6.900036467719999700 ) ) ;
#1632 = CARTESIAN_POINT ( 'NONE',  ( -17.55446246960795500, 17.17337270750502000, 6.228870284411003800 ) ) ;
#1633 = CARTESIAN_POINT ( 'NONE',  ( -19.02037711911144800, 18.77307064642132800, 6.880997255274000000 ) ) ;
#1634 = ORIENTED_EDGE ( 'NONE', *, *, #1504, .F. ) ;
#1635 = CARTESIAN_POINT ( 'NONE',  ( -19.19207000670426300, 16.64232459361388200, 6.895433249022999300 ) ) ;
#1636 = CARTESIAN_POINT ( 'NONE',  ( -18.96666976271999500, 18.88631541941000300, 6.736751137261000700 ) ) ;
#1637 = CARTESIAN_POINT ( 'NONE',  ( -13.70465942194826200, 16.84211964860242700, 9.822184199251873700 ) ) ;
#1638 = CARTESIAN_POINT ( 'NONE',  ( -17.36683459386777900, 17.34105633075977700, 6.500000040464957600 ) ) ;
#1639 = CARTESIAN_POINT ( 'NONE',  ( -16.17848923922999700, 19.51455566711000600, 6.880997255274000000 ) ) ;
#1640 = CARTESIAN_POINT ( 'NONE',  ( -18.31180266163593400, 17.40023937021001600, 5.943305426616482200 ) ) ;
#1641 = CARTESIAN_POINT ( 'NONE',  ( -14.23035519153475200, 15.46556228379150400, 8.789485049886565100 ) ) ;
#1642 = CARTESIAN_POINT ( 'NONE',  ( -18.49465283357268000, 18.49252440650644000, 6.799999999998954400 ) ) ;
#1643 = CARTESIAN_POINT ( 'NONE',  ( -16.20568224297436200, 17.30392317418307600, 9.754422781731019400 ) ) ;
#1644 = CARTESIAN_POINT ( 'NONE',  ( -17.37768838714920200, 18.91793692113260400, 6.800000000000000700 ) ) ;
#1645 = CLOSED_SHELL ( 'NONE', ( #1905, #1054, #584, #791, #562, #349, #145, #2626, #2829, #1953, #1033, #2849 ) ) ;
#1646 = CARTESIAN_POINT ( 'NONE',  ( -17.75166133420439300, 16.56479231618634500, 6.849127380303785100 ) ) ;
#1647 = CARTESIAN_POINT ( 'NONE',  ( -18.40635807428665100, 18.44557725022781400, 6.799999999999906600 ) ) ;
#1648 = CARTESIAN_POINT ( 'NONE',  ( -16.67781174311330300, 19.54199203985670200, 6.852446001640701400 ) ) ;
#1649 = CARTESIAN_POINT ( 'NONE',  ( -18.49465283357256600, 18.49252440650630500, 6.500000014009637000 ) ) ;
#1650 = CARTESIAN_POINT ( 'NONE',  ( -15.78397613818097000, 16.27566717585287000, 9.513951497161418300 ) ) ;
#1651 = CARTESIAN_POINT ( 'NONE',  ( -19.70722204113931000, 17.50486401637139300, 6.849127380996981700 ) ) ;
#1652 = CARTESIAN_POINT ( 'NONE',  ( -17.17317908685045300, 17.33792076067837200, 6.500000045007549700 ) ) ;
#1653 = DIRECTION ( 'NONE',  ( -0.8660254037847203700, -0.4999999999995120600, 0.0000000000000000000 ) ) ;
#1654 = CARTESIAN_POINT ( 'NONE',  ( -14.66032927046447800, 16.83577116641363200, 9.987567976108335800 ) ) ;
#1655 = CARTESIAN_POINT ( 'NONE',  ( -18.03316540613489100, 18.79894366923564400, 6.500000024834783100 ) ) ;
#1656 = CARTESIAN_POINT ( 'NONE',  ( -16.00697901866000100, 17.67450235039470000, 9.746096497211400600 ) ) ;
#1657 = CARTESIAN_POINT ( 'NONE',  ( -18.47048631649726900, 17.75309806122907800, 6.799999999999975800 ) ) ;
#1658 = CARTESIAN_POINT ( 'NONE',  ( -14.88741821366431300, 15.92350208303066100, 8.695781798068937400 ) ) ;
#1659 = CARTESIAN_POINT ( 'NONE',  ( -19.39087645370619800, 16.66067762312902900, 6.500000005125659900 ) ) ;
#1660 = CARTESIAN_POINT ( 'NONE',  ( -17.17110515851920400, 18.80809467004690600, 6.500000042476285600 ) ) ;
#1661 = VERTEX_POINT ( 'NONE', #2782 ) ;
#1662 = CARTESIAN_POINT ( 'NONE',  ( -18.17814954643130300, 18.83474489587310800, 6.500000021433876900 ) ) ;
#1663 = CARTESIAN_POINT ( 'NONE',  ( -15.63131675112049700, 16.69114290621496000, 9.855724502400745400 ) ) ;
#1664 = CARTESIAN_POINT ( 'NONE',  ( -18.22889484148021600, 17.33190532995124800, 6.500000027585922900 ) ) ;
#1665 = EDGE_CURVE ( 'NONE', #1197, #955, #2354, .T. ) ;
#1666 = PLANE ( 'NONE',  #1009 ) ;
#1667 = CARTESIAN_POINT ( 'NONE',  ( -17.93086016421209900, 17.19959859253143000, 6.500000027234569300 ) ) ;
#1668 = ORIENTED_EDGE ( 'NONE', *, *, #1113, .F. ) ;
#1669 = DIRECTION ( 'NONE',  ( 1.000000000000000000, 0.0000000000000000000, 0.0000000000000000000 ) ) ;
#1670 = CARTESIAN_POINT ( 'NONE',  ( -17.23469015501994800, 18.72268801154136900, 6.500000043564682500 ) ) ;
#1671 =( NAMED_UNIT ( * ) PLANE_ANGLE_UNIT ( ) SI_UNIT ( $, .RADIAN. ) );
#1672 = CARTESIAN_POINT ( 'NONE',  ( -17.64342873368940400, 17.25248909077212300, 6.699666672064384300 ) ) ;
#1673 = CARTESIAN_POINT ( 'NONE',  ( -15.07645883114921400, 15.76850395466613000, 9.229708847895826900 ) ) ;
#1674 = CARTESIAN_POINT ( 'NONE',  ( -19.75723370620567100, 17.08424926085565300, 6.499999993964977700 ) ) ;
#1675 = CARTESIAN_POINT ( 'NONE',  ( -17.38406902303829300, 18.91481646089064800, 6.500000040060680100 ) ) ;
#1676 = CARTESIAN_POINT ( 'NONE',  ( -15.96823336804451000, 17.15869176441431800, 8.178731254897474700 ) ) ;
#1677 = CARTESIAN_POINT ( 'NONE',  ( -15.97216654051409000, 17.15129446042562800, 8.178731035400828000 ) ) ;
#1678 = CARTESIAN_POINT ( 'NONE',  ( -14.91339390280165500, 16.58833525579535400, 8.288628254485084700 ) ) ;
#1679 = CARTESIAN_POINT ( 'NONE',  ( -16.37600028465568500, 17.36500040386024700, 6.500000024607732700 ) ) ;
#1680 = B_SPLINE_CURVE_WITH_KNOTS ( 'NONE', 3,
 ( #209, #1558, #2694, #1783, #434, #2012, #663, #2244, #887, #2479, #1119, #2702, #1347, #2937, #1567, #219, #1791, #443, #2021, #672 ),
 .UNSPECIFIED., .F., .F.,
 ( 4, 2, 2, 2, 2, 2, 2, 2, 2, 4 ),
 ( 0.0000000000000000000, 0.004161148230451532800, 0.006241722345677270600, 0.008322296460903006600, 0.009362583518515913200, 0.01040287057612881800, 0.01248344469135473400, 0.01456401880658065100, 0.01560430586419360400, 0.01664459292180655800 ),
 .UNSPECIFIED. ) ;
#1681 = CARTESIAN_POINT ( 'NONE',  ( -19.70616447247000000, 17.50377276712999800, 6.736751149921000900 ) ) ;
#1682 = CARTESIAN_POINT ( 'NONE',  ( -16.90023643476986200, 18.04613541532712900, 6.500000051409990000 ) ) ;
#1683 = CARTESIAN_POINT ( 'NONE',  ( 0.0000000000000000000, 0.0000000000000000000, 0.0000000000000000000 ) ) ;
#1684 = CARTESIAN_POINT ( 'NONE',  ( -16.99364192571706400, 17.69442274976793400, 6.599333344128864600 ) ) ;
#1685 = CARTESIAN_POINT ( 'NONE',  ( -15.07029278321278700, 15.97524428904030300, 9.749279989616574900 ) ) ;
#1686 = EDGE_CURVE ( 'NONE', #1785, #2136, #1284, .T. ) ;
#1687 = CARTESIAN_POINT ( 'NONE',  ( -18.28332993881346300, 18.75536576226780700, 7.778164343315591400 ) ) ;
#1688 = VECTOR ( 'NONE', #1454, 100.0000000000000000 ) ;
#1689 = CARTESIAN_POINT ( 'NONE',  ( -16.85692069826550500, 18.39053782453449400, 6.500000052426050200 ) ) ;
#1690 = CARTESIAN_POINT ( 'NONE',  ( -15.65017190498999800, 18.75269529026999700, 6.488001347711999300 ) ) ;
#1691 = ADVANCED_FACE ( 'NONE', ( #2421, #2282 ), #288, .T. ) ;
#1692 = CARTESIAN_POINT ( 'NONE',  ( -17.32543032912120800, 17.24953015047017900, 6.900000000000000400 ) ) ;
#1693 = CARTESIAN_POINT ( 'NONE',  ( -19.77252760249999500, 17.31565206664000200, 6.861126051024999800 ) ) ;
#1694 = CARTESIAN_POINT ( 'NONE',  ( -18.07456968930972600, 18.89046985466459100, 6.900000000000000400 ) ) ;
#1695 = CARTESIAN_POINT ( 'NONE',  ( -14.87162245138364200, 16.45311531970022800, 10.02678356913375000 ) ) ;
#1696 = CARTESIAN_POINT ( 'NONE',  ( -17.96313457842149200, 18.93067429267831900, 8.417246512629372300 ) ) ;
#1697 = EDGE_LOOP ( 'NONE', ( #2545, #308 ) ) ;
#1698 = CARTESIAN_POINT ( 'NONE',  ( -15.69815688823290000, 18.63800014066986000, 6.500000077503896600 ) ) ;
#1699 = CARTESIAN_POINT ( 'NONE',  ( -14.34148312436850900, 15.70830069686578900, 9.992244389803914800 ) ) ;
#1700 = VERTEX_POINT ( 'NONE', #1872 ) ;
#1701 = CARTESIAN_POINT ( 'NONE',  ( -19.73960680250999600, 17.02076717525000000, 6.488001347711999300 ) ) ;
#1702 = CARTESIAN_POINT ( 'NONE',  ( -17.72281409071999600, 16.56438001695000000, 6.860127676785998200 ) ) ;
#1703 = CARTESIAN_POINT ( 'NONE',  ( -17.48229125818101400, 18.95122028413834400, 6.500000034387699800 ) ) ;
#1704 = ORIENTED_EDGE ( 'NONE', *, *, #2687, .T. ) ;
#1705 = CARTESIAN_POINT ( 'NONE',  ( -16.87527873176019700, 18.45073153810840000, 6.800000000000026500 ) ) ;
#1706 = CARTESIAN_POINT ( 'NONE',  ( -14.39663236841560800, 15.41469741145554900, 9.486680802218407000 ) ) ;
#1707 = AXIS2_PLACEMENT_3D ( 'NONE', #1956, #2183, #831 ) ;
#1708 = EDGE_LOOP ( 'NONE', ( #1932, #829, #133, #397 ) ) ;
#1709 = ORIENTED_EDGE ( 'NONE', *, *, #1926, .T. ) ;
#1710 = CARTESIAN_POINT ( 'NONE',  ( -16.18361975831999500, 17.79631454936999500, 6.899230593224002600 ) ) ;
#1711 = CARTESIAN_POINT ( 'NONE',  ( -16.47436051425999900, 16.47523555894999700, 8.617007999999998400 ) ) ;
#1712 = ADVANCED_FACE ( 'NONE', ( #2579 ), #565, .T. ) ;
#1713 = CARTESIAN_POINT ( 'NONE',  ( -17.17110517324302800, 18.80809467415110000, 7.139082205538898900 ) ) ;
#1714 = CARTESIAN_POINT ( 'NONE',  ( -16.37062124075426400, 17.36213618588752500, 6.849127380303856100 ) ) ;
#1715 = CARTESIAN_POINT ( 'NONE',  ( -16.90534716642657600, 17.64747559349171300, 6.514435142205534200 ) ) ;
#1716 = CARTESIAN_POINT ( 'NONE',  ( -14.25439960673252800, 15.48058066340860600, 8.949872646604708500 ) ) ;
#1717 = B_SPLINE_CURVE_WITH_KNOTS ( 'NONE', 3,
 ( #172, #1100, #1325, #2918, #1546, #198, #1775, #425, #2003, #652, #2236, #877, #2470, #1110, #2695, #1337, #2929, #1560, #210, #1784 ),
 .UNSPECIFIED., .F., .F.,
 ( 4, 2, 2, 2, 2, 2, 2, 2, 2, 4 ),
 ( 0.0000000000000000000, 0.004161148228115178600, 0.006241722342172796900, 0.008322296456230416200, 0.009362583513259281300, 0.01040287057028815000, 0.01248344468434583500, 0.01456401879840352400, 0.01560430585543241000, 0.01664459291246129400 ),
 .UNSPECIFIED. ) ;
#1718 = CARTESIAN_POINT ( 'NONE',  ( -15.92320839209999900, 18.22408254423999800, 6.880997255274000000 ) ) ;
#1719 = CARTESIAN_POINT ( 'NONE',  ( -14.39673905967000200, 15.29377357494000100, 9.441675651461000700 ) ) ;
#1720 = EDGE_CURVE ( 'NONE', #89, #1700, #1794, .T. ) ;
#1721 = CARTESIAN_POINT ( 'NONE',  ( -18.08073153810897400, 18.89472126823850900, 6.514435142205478300 ) ) ;
#1722 = CARTESIAN_POINT ( 'NONE',  ( -13.97712097058381500, 15.87707590293248000, 8.617086000078121100 ) ) ;
#1723 = CARTESIAN_POINT ( 'NONE',  ( -15.67913769346000100, 18.66055157121999700, 6.852446001638699400 ) ) ;
#1724 = CARTESIAN_POINT ( 'NONE',  ( -18.16530984498120200, 17.41731198845768000, 6.500000021735063500 ) ) ;
#1725 = CARTESIAN_POINT ( 'NONE',  ( -15.13370825356000000, 15.76239810735999900, 9.588426455836000200 ) ) ;
#1726 = CARTESIAN_POINT ( 'NONE',  ( -18.72155711730000100, 16.61639688041999800, 6.889247048010001400 ) ) ;
#1727 = CARTESIAN_POINT ( 'NONE',  ( -18.49465283357259800, 18.49252440650629500, 6.799999999999900300 ) ) ;
#1728 = CARTESIAN_POINT ( 'NONE',  ( -17.17726279983535800, 18.81136874601152100, 6.228870284411079300 ) ) ;
#1729 = CARTESIAN_POINT ( 'NONE',  ( -16.20662680109999300, 19.52210429404999900, 6.612376248815998300 ) ) ;
#1730 = CARTESIAN_POINT ( 'NONE',  ( -17.22675861848294700, 18.83611516684323600, 6.899999999999999500 ) ) ;
#1731 = CARTESIAN_POINT ( 'NONE',  ( -18.07016859035580200, 17.24755258880003700, 6.899999999999996800 ) ) ;
#1732 = CARTESIAN_POINT ( 'NONE',  ( -18.88039281119562300, 19.01583520176212300, 6.849127378788977300 ) ) ;
#1733 = ORIENTED_EDGE ( 'NONE', *, *, #2850, .F. ) ;
#1734 = CARTESIAN_POINT ( 'NONE',  ( -15.82043083240000300, 16.31102049910000300, 9.696564861059002300 ) ) ;
#1735 = CARTESIAN_POINT ( 'NONE',  ( -16.45434557311508400, 16.50161777732261500, 8.863448076197242300 ) ) ;
#1736 = CARTESIAN_POINT ( 'NONE',  ( -15.26437266575999800, 16.80075274096999700, 8.216049186517000900 ) ) ;
#1737 = CARTESIAN_POINT ( 'NONE',  ( -19.57654316209000100, 16.77487448847000500, 6.488001347711999300 ) ) ;
#1738 = CARTESIAN_POINT ( 'NONE',  ( -16.80164092610830600, 18.13174417970318700, 6.900000000000004800 ) ) ;
#1739 = CARTESIAN_POINT ( 'NONE',  ( -18.57788940562277300, 17.86302801827947200, 6.900000000000002100 ) ) ;
#1740 = LINE ( 'NONE', #1042, #1139 ) ;
#1741 = CARTESIAN_POINT ( 'NONE',  ( -14.39241568357418900, 15.63332828224094600, 10.04767189074256900 ) ) ;
#1742 = CARTESIAN_POINT ( 'NONE',  ( -16.46106291981000100, 16.92108825756999800, 9.737506311687001300 ) ) ;
#1743 = CARTESIAN_POINT ( 'NONE',  ( -18.59662729249359700, 17.92446246960749800, 6.799999999999877300 ) ) ;
#1744 = CARTESIAN_POINT ( 'NONE',  ( -16.11852500223000100, 16.95157984165999600, 8.103450666877000300 ) ) ;
#1745 = CARTESIAN_POINT ( 'NONE',  ( -19.38799207971999600, 16.65637781538000100, 6.612376248815998300 ) ) ;
#1746 = TOROIDAL_SURFACE ( 'NONE', #2309, 1.456101656321605200, 0.05000000000103020000 ) ;
#1747 = CARTESIAN_POINT ( 'NONE',  ( -17.21031406381070300, 17.30493179500000200, 6.799999999999968700 ) ) ;
#1748 = LINE ( 'NONE', #1153, #1818 ) ;
#1749 = CARTESIAN_POINT ( 'NONE',  ( -14.12540763046000200, 16.11847446188000500, 10.27876922236999800 ) ) ;
#1750 = CARTESIAN_POINT ( 'NONE',  ( -18.46354919126484600, 17.59264363498174800, 6.500000014739236500 ) ) ;
#1751 = CARTESIAN_POINT ( 'NONE',  ( -16.19645113196142100, 16.77698496546016200, 8.305222605079849900 ) ) ;
#1752 = AXIS2_PLACEMENT_3D ( 'NONE', #2719, #1364, #3 ) ;
#1753 = CARTESIAN_POINT ( 'NONE',  ( -14.14381947064999800, 15.50114733115000100, 8.727328587841999100 ) ) ;
#1754 = CARTESIAN_POINT ( 'NONE',  ( -19.19344940421000000, 16.61572421911000000, 6.736751149921000900 ) ) ;
#1755 = ORIENTED_EDGE ( 'NONE', *, *, #2543, .F. ) ;
#1756 = CARTESIAN_POINT ( 'NONE',  ( -18.54793692113309700, 18.39231161284950000, 6.799999999999893200 ) ) ;
#1757 = CARTESIAN_POINT ( 'NONE',  ( -16.53546953562225500, 16.44388821107690300, 9.115966536783030700 ) ) ;
#1758 = CARTESIAN_POINT ( 'NONE',  ( -18.52256435795845800, 18.44003046390563900, 6.500000013354914500 ) ) ;
#1759 = CARTESIAN_POINT ( 'NONE',  ( -16.42985336786812300, 16.51484125832528000, 8.776012305939755000 ) ) ;
#1760 = CARTESIAN_POINT ( 'NONE',  ( -13.60838888580206600, 16.80636131028673600, 9.244908046069712200 ) ) ;
#1761 = EDGE_LOOP ( 'NONE', ( #2860, #2181, #2727, #2166 ) ) ;
#1762 = CARTESIAN_POINT ( 'NONE',  ( -15.62262948877767600, 18.98154782717349300, 6.849127379370383300 ) ) ;
#1763 = CARTESIAN_POINT ( 'NONE',  ( -16.07678738775225500, 16.92938755838690300, 8.111785779405030500 ) ) ;
#1764 = VERTEX_POINT ( 'NONE', #2186 ) ;
#1765 = CARTESIAN_POINT ( 'NONE',  ( -18.40635807428681000, 18.44557725022783100, 6.799999999999248400 ) ) ;
#1766 = CARTESIAN_POINT ( 'NONE',  ( -15.28877851636887000, 16.75782831302064200, 8.318033522848038400 ) ) ;
#1767 = EDGE_CURVE ( 'NONE', #429, #1313, #2331, .T. ) ;
#1768 = CARTESIAN_POINT ( 'NONE',  ( -15.86986649498210500, 17.82144372716598500, 9.450745356161187200 ) ) ;
#1769 = CARTESIAN_POINT ( 'NONE',  ( -15.97216654051409000, 17.15129446042562800, 8.178731035400828000 ) ) ;
#1770 = CARTESIAN_POINT ( 'NONE',  ( -16.48553520812927800, 16.61565413383782200, 9.323250877416001000 ) ) ;
#1771 = CARTESIAN_POINT ( 'NONE',  ( -14.02076220828359100, 15.80256211040323500, 8.642982466683010400 ) ) ;
#1772 = CARTESIAN_POINT ( 'NONE',  ( -13.63909010710205100, 16.53305862731672700, 8.670972804633207100 ) ) ;
#1773 = CARTESIAN_POINT ( 'NONE',  ( -18.49465283357256600, 18.49252440650630500, 6.500000014009637000 ) ) ;
#1774 = DIRECTION ( 'NONE',  ( 0.8695336349528775000, -0.4623392348477122800, 0.1736481776641146100 ) ) ;
#1775 = CARTESIAN_POINT ( 'NONE',  ( -18.51098331244618900, 19.33377493234491200, 6.500000008230882600 ) ) ;
#1776 = CARTESIAN_POINT ( 'NONE',  ( -19.39318102536626400, 16.65329576889284300, 6.849127379370521900 ) ) ;
#1777 = CARTESIAN_POINT ( 'NONE',  ( -15.57005794516190300, 16.31065131743108400, 8.535913460765595300 ) ) ;
#1778 = CARTESIAN_POINT ( 'NONE',  ( -19.19282410205370600, 16.62035322530261200, 6.500000004979031400 ) ) ;
#1779 = CARTESIAN_POINT ( 'NONE',  ( -17.23196069405884900, 18.72719512719436400, 6.800000000001029200 ) ) ;
#1780 = CARTESIAN_POINT ( 'NONE',  ( -15.82199345389999900, 19.36673666560999900, 6.612376248815998300 ) ) ;
#1781 = CARTESIAN_POINT ( 'NONE',  ( -14.28672565165826900, 15.44652635423344100, 9.026832510418801200 ) ) ;
#1782 = CARTESIAN_POINT ( 'NONE',  ( -14.14593346088178000, 16.18026930039970800, 10.26965929837306000 ) ) ;
#1783 = CARTESIAN_POINT ( 'NONE',  ( -16.66921158251868800, 16.97805456353829400, 6.500000065791929200 ) ) ;
#1784 = CARTESIAN_POINT ( 'NONE',  ( -17.64854770224209800, 19.56911718615744900, 6.500000010116753700 ) ) ;
#1785 = VERTEX_POINT ( 'NONE', #2414 ) ;
#1786 = CARTESIAN_POINT ( 'NONE',  ( -15.76159063914146200, 16.13662603844862900, 9.031659551748729700 ) ) ;
#1787 = CARTESIAN_POINT ( 'NONE',  ( -15.83627876594402800, 19.37540506694400500, 6.500000069586087100 ) ) ;
#1788 = CARTESIAN_POINT ( 'NONE',  ( -16.94613223627797900, 17.78378358232391300, 6.799999999999934100 ) ) ;
#1789 = CARTESIAN_POINT ( 'NONE',  ( -18.08073153810895300, 18.89472126823851600, 6.228870284411010900 ) ) ;
#1790 = CARTESIAN_POINT ( 'NONE',  ( -14.40144020317733200, 15.43631484735054800, 9.574071081892588700 ) ) ;
#1791 = CARTESIAN_POINT ( 'NONE',  ( -17.61094147154537400, 16.57223380925414000, 6.500000046701583000 ) ) ;
#1792 = CARTESIAN_POINT ( 'NONE',  ( -16.95579900464340300, 17.55258953747920000, 7.139082218562202300 ) ) ;
#1793 = CARTESIAN_POINT ( 'NONE',  ( -19.22602368486999700, 18.34882036378000000, 6.895433249022999300 ) ) ;
#1794 = B_SPLINE_CURVE_WITH_KNOTS ( 'NONE', 3,
 ( #1418, #827, #2643, #1287, #2873, #1501, #153, #1732, #378, #1960 ),
 .UNSPECIFIED., .F., .F.,
 ( 4, 2, 2, 2, 4 ),
 ( 0.0000000000000000000, 0.2500000000000000000, 0.5000000000000000000, 0.7500000000000000000, 1.000000000000000000 ),
 .UNSPECIFIED. ) ;
#1795 = VECTOR ( 'NONE', #1184, 100.0000000000000100 ) ;
#1796 = CARTESIAN_POINT ( 'NONE',  ( -15.62857624861128200, 18.87960715827283700, 6.500000077555364800 ) ) ;
#1797 = CARTESIAN_POINT ( 'NONE',  ( -17.15744615394497100, 18.69343570205740700, 6.699666672996015900 ) ) ;
#1798 = CARTESIAN_POINT ( 'NONE',  ( -17.17726279983532600, 18.81136874601152800, 5.943305426616612800 ) ) ;
#1799 = PLANE ( 'NONE',  #1913 ) ;
#1800 = CARTESIAN_POINT ( 'NONE',  ( -17.20399855098493400, 17.31030710052981900, 7.778164377462493600 ) ) ;
#1801 = CARTESIAN_POINT ( 'NONE',  ( -19.48210057703999400, 17.91874436051999500, 6.871117638200999500 ) ) ;
#1802 = CARTESIAN_POINT ( 'NONE',  ( -14.34061359072844300, 15.70783835762822100, 9.992418037982609700 ) ) ;
#1803 = EDGE_CURVE ( 'NONE', #2776, #1197, #2865, .T. ) ;
#1804 = CARTESIAN_POINT ( 'NONE',  ( -16.71423211011064300, 16.92274541409974400, 6.849127378789017200 ) ) ;
#1805 = FACE_OUTER_BOUND ( 'NONE', #2459, .T. ) ;
#1806 = CARTESIAN_POINT ( 'NONE',  ( -18.22889485620404000, 17.33190533405544200, 7.139082190648564600 ) ) ;
#1807 = SURFACE_SIDE_STYLE ('',( #935 ) ) ;
#1808 = CARTESIAN_POINT ( 'NONE',  ( -13.60751935216556400, 16.80589897105106100, 9.245081694247689400 ) ) ;
#1809 = EDGE_LOOP ( 'NONE', ( #2809, #2852 ) ) ;
#1810 = CARTESIAN_POINT ( 'NONE',  ( -15.94778186414660000, 17.76061180933329100, 9.678936935021603500 ) ) ;
#1811 = CARTESIAN_POINT ( 'NONE',  ( -16.87759457208000000, 16.80468093696999800, 6.861126032036001000 ) ) ;
#1812 = CARTESIAN_POINT ( 'NONE',  ( -17.55174938269942300, 17.17420220723155900, 8.417246533387350700 ) ) ;
#1813 = CARTESIAN_POINT ( 'NONE',  ( -19.72076882871999700, 17.47939865397749800, 6.848617413939302300 ) ) ;
#1814 = CARTESIAN_POINT ( 'NONE',  ( -14.13597088118552800, 16.15992050868400300, 10.17135223202171100 ) ) ;
#1815 = CIRCLE ( 'NONE', #1997, 1.456101608961940500 ) ;
#1816 = DIRECTION ( 'NONE',  ( 0.4699997645182661400, 0.8826665402929775300, 0.0000000000000000000 ) ) ;
#1817 = CARTESIAN_POINT ( 'NONE',  ( -16.93105021824773000, 18.55512539551062200, 6.500000049631471400 ) ) ;
#1818 = VECTOR ( 'NONE', #1382, 100.0000000000000100 ) ;
#1819 = CARTESIAN_POINT ( 'NONE',  ( -18.46894981119904200, 17.58487461269578500, 7.778164346555993100 ) ) ;
#1820 = CARTESIAN_POINT ( 'NONE',  ( -15.90355012076999900, 17.24335510127550100, 8.080250078915501200 ) ) ;
#1821 = CARTESIAN_POINT ( 'NONE',  ( -15.97216643238171200, 17.15129459575502900, 8.178730854215823200 ) ) ;
#1822 = CARTESIAN_POINT ( 'NONE',  ( -15.95683420833010400, 17.14314230761860000, 8.080250078915399900 ) ) ;
#1823 = CARTESIAN_POINT ( 'NONE',  ( -16.43698670293000000, 17.25604101900000100, 6.488001347711999300 ) ) ;
#1824 = CARTESIAN_POINT ( 'NONE',  ( -17.62638499065000300, 16.56487409758000200, 6.736751137261000700 ) ) ;
#1825 = EDGE_CURVE ( 'NONE', #388, #2042, #442, .T. ) ;
#1826 = CARTESIAN_POINT ( 'NONE',  ( -14.65737253346581200, 16.27204879075466000, 8.471848331745986700 ) ) ;
#1827 = CARTESIAN_POINT ( 'NONE',  ( -16.80292625528140600, 18.21407720689433400, 7.139082217836160800 ) ) ;
#1828 = CARTESIAN_POINT ( 'NONE',  ( -14.14153105376796300, 16.14946380763704800, 10.17135346388124600 ) ) ;
#1829 = CARTESIAN_POINT ( 'NONE',  ( -18.59707380361745200, 17.92592280952041500, 8.417246504476553400 ) ) ;
#1830 = CARTESIAN_POINT ( 'NONE',  ( -17.77350875800000200, 19.57295349675000300, 6.612376242486998700 ) ) ;
#1831 = CARTESIAN_POINT ( 'NONE',  ( -15.28816667441025600, 16.75885613489611700, 8.317706339511357100 ) ) ;
#1832 = CARTESIAN_POINT ( 'NONE',  ( -14.97536361174880100, 17.44052874944312500, 8.564399844579870800 ) ) ;
#1833 = CARTESIAN_POINT ( 'NONE',  ( -18.46506820499597300, 17.58031406381011100, 6.514435142205409000 ) ) ;
#1834 = VERTEX_POINT ( 'NONE', #97 ) ;
#1835 = CARTESIAN_POINT ( 'NONE',  ( -15.62668650052000200, 18.97414823309999600, 6.612376248815998300 ) ) ;
#1836 = CARTESIAN_POINT ( 'NONE',  ( -16.81796442743777200, 17.85955788344446300, 7.778164382829046100 ) ) ;
#1837 = ORIENTED_EDGE ( 'NONE', *, *, #52, .F. ) ;
#1838 = CARTESIAN_POINT ( 'NONE',  ( -18.54919685948896900, 18.38994199067506900, 6.500000013411782800 ) ) ;
#1839 = CARTESIAN_POINT ( 'NONE',  ( -18.23839700321000000, 19.47746290338999800, 6.736751137261000700 ) ) ;
#1840 = CARTESIAN_POINT ( 'NONE',  ( -16.37117803688147400, 17.36243266709928400, 6.860290307308981800 ) ) ;
#1841 = CARTESIAN_POINT ( 'NONE',  ( -18.40635807428671500, 18.44557725022776400, 6.599333345992127100 ) ) ;
#1842 = CARTESIAN_POINT ( 'NONE',  ( -14.32571200180415100, 17.27092112151453300, 9.466740516031455500 ) ) ;
#1843 = CARTESIAN_POINT ( 'NONE',  ( -18.54793692113304700, 18.39231161284952200, 6.228870284410959400 ) ) ;
#1844 = CARTESIAN_POINT ( 'NONE',  ( -19.19131832626484900, 16.66422559922590100, 6.899999996324695000 ) ) ;
#1845 = CARTESIAN_POINT ( 'NONE',  ( -15.68547493790000000, 19.18977723307999700, 6.736751149921000900 ) ) ;
#1846 = CARTESIAN_POINT ( 'NONE',  ( -16.20829920397445500, 19.48691806232277600, 6.899174399752817900 ) ) ;
#1847 = CARTESIAN_POINT ( 'NONE',  ( -18.65107086606000300, 19.24168563504000000, 6.861126032036001000 ) ) ;
#1848 = CARTESIAN_POINT ( 'NONE',  ( -14.33471701506245000, 16.90293001519574600, 8.532054262499299200 ) ) ;
#1849 = CARTESIAN_POINT ( 'NONE',  ( -16.67915287280000000, 19.50291680595000100, 6.899230593224002600 ) ) ;
#1850 = CARTESIAN_POINT ( 'NONE',  ( -17.21031406381065700, 17.30493179500001900, 6.228870284411034900 ) ) ;
#1851 = CARTESIAN_POINT ( 'NONE',  ( -19.02882196311852100, 18.77756733290072700, 6.860290307308980900 ) ) ;
#1852 = EDGE_LOOP ( 'NONE', ( #1407, #2716, #383, #120 ) ) ;
#1853 = CARTESIAN_POINT ( 'NONE',  ( -16.33909305920359100, 17.03524048955016900, 9.707100921150610500 ) ) ;
#1854 = EDGE_LOOP ( 'NONE', ( #1935, #2651, #564, #637 ) ) ;
#1855 = CARTESIAN_POINT ( 'NONE',  ( -19.19268332465426900, 16.62445492536388200, 6.880997255274000000 ) ) ;
#1856 = CARTESIAN_POINT ( 'NONE',  ( -19.01547185600000100, 18.79227907203999600, 6.488001347711999300 ) ) ;
#1857 = CARTESIAN_POINT ( 'NONE',  ( -13.60282086336345000, 16.91080425546652300, 9.495106402039224800 ) ) ;
#1858 = CARTESIAN_POINT ( 'NONE',  ( -17.51654014354652800, 17.28981506864763800, 6.500000036953301800 ) ) ;
#1859 = CARTESIAN_POINT ( 'NONE',  ( -17.17784035775000400, 19.54885512801000800, 6.880997255274000000 ) ) ;
#1860 = CARTESIAN_POINT ( 'NONE',  ( -18.02231161285002900, 17.22206307886552100, 5.943305426616500900 ) ) ;
#1861 = CARTESIAN_POINT ( 'NONE',  ( -14.13850688129475800, 15.58851633405150500, 8.656925561767566900 ) ) ;
#1862 = EDGE_CURVE ( 'NONE', #2945, #2383, #961, .T. ) ;
#1863 = CARTESIAN_POINT ( 'NONE',  ( -17.08819733836328700, 18.73976062978729800, 6.800000000000016700 ) ) ;
#1864 = COLOUR_RGB ( '',1.000000000000000000, 1.000000000000000000, 1.000000000000000000 ) ;
#1865 = CARTESIAN_POINT ( 'NONE',  ( -15.76425617908580000, 17.54544432731139700, 8.187057616041400400 ) ) ;
#1866 = CARTESIAN_POINT ( 'NONE',  ( -18.40635807428669000, 18.44557725022784200, 6.699666672064358500 ) ) ;
#1867 = CARTESIAN_POINT ( 'NONE',  ( -17.67716286163329900, 19.57629150075670000, 6.852446001640701400 ) ) ;
#1868 = CARTESIAN_POINT ( 'NONE',  ( -17.75152197236830200, 16.56885277017260800, 6.616375796696102500 ) ) ;
#1869 = CARTESIAN_POINT ( 'NONE',  ( -15.77145064285587800, 16.32672781130204600, 9.587179997532487600 ) ) ;
#1870 = CARTESIAN_POINT ( 'NONE',  ( -17.02576406043011700, 17.46200637322270300, 6.500000054469359700 ) ) ;
#1871 = CARTESIAN_POINT ( 'NONE',  ( -17.32543576622179800, 17.24953479955518200, 6.500000041436051900 ) ) ;
#1872 = CARTESIAN_POINT ( 'NONE',  ( -19.02937875924582300, 18.77786381411166200, 6.849127380303849900 ) ) ;
#1873 = CARTESIAN_POINT ( 'NONE',  ( -15.87513873405722900, 17.82628083364236500, 9.490024624196440300 ) ) ;
#1874 = CARTESIAN_POINT ( 'NONE',  ( -17.88345985645651100, 18.85018493134908400, 6.500000028346447900 ) ) ;
#1875 = CARTESIAN_POINT ( 'NONE',  ( -16.17953015362540000, 17.39009628769519700, 9.852904034337404600 ) ) ;
#1876 = VERTEX_POINT ( 'NONE', #1677 ) ;
#1877 = CARTESIAN_POINT ( 'NONE',  ( -18.47048631649690600, 17.75309806122904600, 6.599333344128799800 ) ) ;
#1878 = CARTESIAN_POINT ( 'NONE',  ( -18.49976356523080100, 18.09386458467107800, 6.500000013889755100 ) ) ;
#1879 = CARTESIAN_POINT ( 'NONE',  ( -14.92556745011990000, 15.87696373964297100, 8.762903390299266300 ) ) ;
#1880 = CARTESIAN_POINT ( 'NONE',  ( -19.45965511853874800, 16.69271479704553900, 6.500000003335322200 ) ) ;
#1881 = CARTESIAN_POINT ( 'NONE',  ( -17.01463424593920600, 18.65332990936526200, 6.500000047075120700 ) ) ;
#1882 = CARTESIAN_POINT ( 'NONE',  ( -18.01925730280011400, 18.91351735761040200, 6.500000025161031500 ) ) ;
#1883 = CARTESIAN_POINT ( 'NONE',  ( -15.59388298526569200, 16.77000023082628400, 9.878235056087685700 ) ) ;
#1884 = CARTESIAN_POINT ( 'NONE',  ( -18.38536575406002500, 17.48667009063241900, 6.500000022987090500 ) ) ;
#1885 = ORIENTED_EDGE ( 'NONE', *, *, #954, .T. ) ;
#1886 = DIRECTION ( 'NONE',  ( 2.345708006767496300E-008, 0.0000000000000000000, -0.9999999999999997800 ) ) ;
#1887 = CARTESIAN_POINT ( 'NONE',  ( -18.07016868037955600, 17.24755259756531700, 6.500000023966795700 ) ) ;
#1888 = DIRECTION ( 'NONE',  ( -3.206885370685022700E-015, 8.592823452936187700E-016, 1.000000000000000000 ) ) ;
#1889 = VECTOR ( 'NONE', #1498, 100.0000000000000000 ) ;
#1890 = B_SPLINE_CURVE_WITH_KNOTS ( 'NONE', 3,
 ( #1085, #2903, #1534, #185, #1760, #413, #1990, #638, #2221, #864 ),
 .UNSPECIFIED., .F., .F.,
 ( 4, 1, 1, 1, 1, 1, 1, 4 ),
 ( -0.02193211399615031100, -0.01708048389297416000, -0.01356723839002923700, -0.01105657190256093200, -0.007878060158896244300, -0.004030734444988855900, -1.412905257238208900E-005, 0.002997481934671492700 ),
 .UNSPECIFIED. ) ;
#1891 = CARTESIAN_POINT ( 'NONE',  ( -19.77349236646678300, 17.31201433439229100, 6.849127379370465900 ) ) ;
#1892 = CARTESIAN_POINT ( 'NONE',  ( -17.15486438354800600, 18.65581545540364400, 6.500000045437167800 ) ) ;
#1893 = CARTESIAN_POINT ( 'NONE',  ( -17.64342873369008700, 17.25248909077248900, 6.499000016193239300 ) ) ;
#1894 = VECTOR ( 'NONE', #1548, 100.0000000000000100 ) ;
#1895 = CARTESIAN_POINT ( 'NONE',  ( -15.08868260651892300, 15.77883449086669100, 9.318423836084546600 ) ) ;
#1896 = CARTESIAN_POINT ( 'NONE',  ( -19.76972923008730400, 17.15956605726978200, 6.499999993193402900 ) ) ;
#1897 = CARTESIAN_POINT ( 'NONE',  ( -18.49465287774403400, 18.49252441881888100, 8.417246503197512600 ) ) ;
#1898 = CARTESIAN_POINT ( 'NONE',  ( -17.25207548287426500, 18.85116876295569100, 6.500000043156874500 ) ) ;
#1899 = CARTESIAN_POINT ( 'NONE',  ( -15.97840564785992300, 17.13956045134012400, 8.178731155814118000 ) ) ;
#1900 = CARTESIAN_POINT ( 'NONE',  ( -19.70666526324716400, 17.50456754492352100, 6.860290307308986300 ) ) ;
#1901 = CARTESIAN_POINT ( 'NONE',  ( -16.90534718851400700, 17.64747559964800100, 7.458623300646513200 ) ) ;
#1902 = CARTESIAN_POINT ( 'NONE',  ( -16.23281422238643000, 17.28988348404699900, 9.852903913545887300 ) ) ;
#1903 = CARTESIAN_POINT ( 'NONE',  ( -19.72471726322999800, 17.45741858297999700, 6.488001347711999300 ) ) ;
#1904 = CARTESIAN_POINT ( 'NONE',  ( -16.90886103799393700, 17.94087814349326500, 6.500000051207682500 ) ) ;
#1905 = ADVANCED_FACE ( 'NONE', ( #1963, #771 ), #160, .F. ) ;
#1906 = DIRECTION ( 'NONE',  ( 1.000000000000000000, 0.0000000000000000000, 0.0000000000000000000 ) ) ;
#1907 = CARTESIAN_POINT ( 'NONE',  ( -18.46674180587553200, 18.54501742405580000, 6.899999999999999500 ) ) ;
#1908 = CARTESIAN_POINT ( 'NONE',  ( -15.05151283492923400, 16.03493599157908300, 9.814169927070448600 ) ) ;
#1909 = CARTESIAN_POINT ( 'NONE',  ( -18.19600147846203000, 18.82969290767401900, 6.500000018724970000 ) ) ;
#1910 = CARTESIAN_POINT ( 'NONE',  ( -16.81052290306207900, 18.21923057661670600, 6.500000053514402700 ) ) ;
#1911 = CARTESIAN_POINT ( 'NONE',  ( -15.64599071000000000, 18.75148415472000000, 6.736751149921000900 ) ) ;
#1912 = CARTESIAN_POINT ( 'NONE',  ( -14.16301300673366400, 16.11023874563648700, 10.16872743859593500 ) ) ;
#1913 = AXIS2_PLACEMENT_3D ( 'NONE', #228, #451, #2027 ) ;
#1914 = CARTESIAN_POINT ( 'NONE',  ( -17.49302994557498500, 17.19215591685302200, 6.900000000000002100 ) ) ;
#1915 = CARTESIAN_POINT ( 'NONE',  ( -19.77539701808000000, 17.24056715739000000, 6.612376248815998300 ) ) ;
#1916 = CARTESIAN_POINT ( 'NONE',  ( -17.90697007285612900, 18.94784408828240200, 6.900000000000000400 ) ) ;
#1917 = ORIENTED_EDGE ( 'NONE', *, *, #202, .T. ) ;
#1918 = CARTESIAN_POINT ( 'NONE',  ( -17.84825067619490100, 18.96579780918321100, 7.139082188925366200 ) ) ;
#1919 = CARTESIAN_POINT ( 'NONE',  ( -18.98525221129725100, 18.75436743558846700, 6.900000000000000400 ) ) ;
#1920 = CARTESIAN_POINT ( 'NONE',  ( -14.36323741854148900, 15.64479021037144300, 9.932080791307456000 ) ) ;
#1921 = CARTESIAN_POINT ( 'NONE',  ( -19.74371400454999700, 17.01932490888000200, 6.736751149921000900 ) ) ;
#1922 = CARTESIAN_POINT ( 'NONE',  ( -18.72218825688670000, 16.59800796014329500, 6.852446001640701400 ) ) ;
#1923 = CARTESIAN_POINT ( 'NONE',  ( -14.23059555683000000, 15.39372466154000000, 8.875841581840001400 ) ) ;
#1924 = CARTESIAN_POINT ( 'NONE',  ( -18.22077714722999900, 16.63142532854170200, 6.899997398026101800 ) ) ;
#1925 = ORIENTED_EDGE ( 'NONE', *, *, #815, .T. ) ;
#1926 = EDGE_CURVE ( 'NONE', #714, #2913, #233, .T. ) ;
#1927 = CARTESIAN_POINT ( 'NONE',  ( -17.48229128762865900, 18.95122029234672900, 7.778164360512949600 ) ) ;
#1928 = CARTESIAN_POINT ( 'NONE',  ( -17.08819733836328700, 18.73976062978729800, 6.800000000000016700 ) ) ;
#1929 = CARTESIAN_POINT ( 'NONE',  ( -14.38602651885882700, 15.40139458229167800, 9.398153741476855700 ) ) ;
#1930 = ADVANCED_FACE ( 'NONE', ( #689 ), #372, .T. ) ;
#1931 = B_SPLINE_CURVE_WITH_KNOTS ( 'NONE', 3,
 ( #1250, #1952, #2416, #1056, #2645, #1289, #2875, #1503, #155, #1735, #380, #1962, #607, #2188, #836, #2424, #1068, #2654 ),
 .UNSPECIFIED., .F., .F.,
 ( 4, 2, 2, 2, 2, 2, 2, 2, 4 ),
 ( 0.0000000000000000000, 0.1250000000000000000, 0.2500000000000000000, 0.3750000000000000000, 0.5000000000000000000, 0.6250000000000000000, 0.7500000000000000000, 0.8750000000000000000, 1.000000000000000000 ),
 .UNSPECIFIED. ) ;
#1932 = ORIENTED_EDGE ( 'NONE', *, *, #1519, .F. ) ;
#1933 = CARTESIAN_POINT ( 'NONE',  ( -15.71364840352000100, 18.67892773579000100, 6.899230593224002600 ) ) ;
#1934 = CARTESIAN_POINT ( 'NONE',  ( -15.05795676203000100, 15.68397970661000000, 9.000315629930998500 ) ) ;
#1935 = ORIENTED_EDGE ( 'NONE', *, *, #567, .F. ) ;
#1936 = CARTESIAN_POINT ( 'NONE',  ( -17.17110520269067600, 18.80809468235947400, 8.417246531664151400 ) ) ;
#1937 = CARTESIAN_POINT ( 'NONE',  ( -17.70000000000253600, 18.07000000000430600, 6.849999999999837100 ) ) ;
#1938 = CARTESIAN_POINT ( 'NONE',  ( -16.81826721531217600, 17.85685897999801600, 6.514435142205544900 ) ) ;
#1939 = CARTESIAN_POINT ( 'NONE',  ( -14.21807902415244100, 15.52211419555800900, 8.878582599756352800 ) ) ;
#1940 = CARTESIAN_POINT ( 'NONE',  ( -16.38787077776000000, 17.33864245305999700, 6.871117638200999500 ) ) ;
#1941 = CARTESIAN_POINT ( 'NONE',  ( -15.84364302823000000, 16.06310606173999700, 9.152725083823000300 ) ) ;
#1942 = FACE_OUTER_BOUND ( 'NONE', #2805, .T. ) ;
#1943 = CARTESIAN_POINT ( 'NONE',  ( -18.36976062978786900, 18.68180266163530600, 6.514435142205448100 ) ) ;
#1944 = CARTESIAN_POINT ( 'NONE',  ( -16.01122982272999800, 19.48565488587999500, 6.736751149921000900 ) ) ;
#1945 = CARTESIAN_POINT ( 'NONE',  ( -13.93300102458817100, 15.95404145431808600, 8.601079020239870600 ) ) ;
#1946 = STYLED_ITEM ( 'NONE', ( #967 ), #2152 ) ;
#1947 = CARTESIAN_POINT ( 'NONE',  ( -17.76117391443893100, 18.96840831060362500, 6.900000000000000400 ) ) ;
#1948 = CARTESIAN_POINT ( 'NONE',  ( -16.14920252607749900, 17.77798815960670700, 6.848617413939302300 ) ) ;
#1949 = CARTESIAN_POINT ( 'NONE',  ( -18.24513561645295200, 17.48418454459582000, 6.500000019862580000 ) ) ;
#1950 = CARTESIAN_POINT ( 'NONE',  ( -16.58061222211999200, 16.53173059414999800, 9.299475888198001500 ) ) ;
#1951 = CARTESIAN_POINT ( 'NONE',  ( -17.72220599877999800, 16.58209741951999700, 6.889247048010001400 ) ) ;
#1952 = CARTESIAN_POINT ( 'NONE',  ( -16.26664511058825000, 17.18926885844045000, 9.754423215141981600 ) ) ;
#1953 = ADVANCED_FACE ( 'NONE', ( #1363 ), #569, .T. ) ;
#1954 = CARTESIAN_POINT ( 'NONE',  ( -17.48685897999845600, 18.95173278468641300, 6.228870284411058800 ) ) ;
#1955 = CARTESIAN_POINT ( 'NONE',  ( -16.20647439048000000, 19.52644726772999600, 6.861126051024999800 ) ) ;
#1956 = CARTESIAN_POINT ( 'NONE',  ( -15.67903615397000300, 18.66049750371999500, 6.861126031966000100 ) ) ;
#1957 = CARTESIAN_POINT ( 'NONE',  ( -17.15346780683909600, 18.78567464204490600, 6.899999999999997700 ) ) ;
#1958 = EDGE_LOOP ( 'NONE', ( #1925, #374, #1588, #2233, #1011, #1230, #847, #2544 ) ) ;
#1959 = CARTESIAN_POINT ( 'NONE',  ( -18.17324139994854100, 17.30388483829303700, 6.900000000000000400 ) ) ;
#1960 = CARTESIAN_POINT ( 'NONE',  ( -19.02937875924582300, 18.77786381411166200, 6.849127380303849900 ) ) ;
#1961 = CARTESIAN_POINT ( 'NONE',  ( -14.35067806910000100, 15.61113599896999900, 10.05600700327000000 ) ) ;
#1962 = CARTESIAN_POINT ( 'NONE',  ( -16.36122567870817300, 16.56646169786494500, 8.569802658509829000 ) ) ;
#1963 = FACE_OUTER_BOUND ( 'NONE', #1609, .T. ) ;
#1964 = EDGE_CURVE ( 'NONE', #1876, #1175, #1490, .T. ) ;
#1965 = CARTESIAN_POINT ( 'NONE',  ( -13.84918645354000200, 15.97160505689000100, 8.504566368742002800 ) ) ;
#1966 = CARTESIAN_POINT ( 'NONE',  ( -19.57946993009999700, 16.77165218031999700, 6.736751149921000900 ) ) ;
#1967 = CARTESIAN_POINT ( 'NONE',  ( -16.79990998456752000, 18.04338254291892700, 6.899999999999999500 ) ) ;
#1968 = CARTESIAN_POINT ( 'NONE',  ( -18.59835909232611700, 18.00825582543184200, 6.900000000000002100 ) ) ;
#1969 = CARTESIAN_POINT ( 'NONE',  ( -14.43294854124475500, 15.50131765188094800, 9.899158896743570000 ) ) ;
#1970 = CARTESIAN_POINT ( 'NONE',  ( -14.97779706318999800, 16.23628385901999800, 10.06943324133000100 ) ) ;
#1971 = CARTESIAN_POINT ( 'NONE',  ( -18.46506820499600100, 17.58031406381010000, 6.799999999999877300 ) ) ;
#1972 = CARTESIAN_POINT ( 'NONE',  ( -14.72177188368999600, 16.10015285633999900, 8.424951782147998000 ) ) ;
#1973 = CARTESIAN_POINT ( 'NONE',  ( -19.38954827482999500, 16.65231241287000000, 6.861126051024999800 ) ) ;
#1974 = CARTESIAN_POINT ( 'NONE',  ( -17.55446246960800500, 17.17337270750499900, 6.799999999999937600 ) ) ;
#1975 = CARTESIAN_POINT ( 'NONE',  ( -16.29978642190225100, 17.16023749647745300, 9.843080334492031000 ) ) ;
#1976 = EDGE_CURVE ( 'NONE', #2046, #1764, #2502, .T. ) ;
#1977 = CARTESIAN_POINT ( 'NONE',  ( -15.57231159902000100, 16.88780694867000100, 9.989818654731001500 ) ) ;
#1978 = ORIENTED_EDGE ( 'NONE', *, *, #1476, .T. ) ;
#1979 = B_SPLINE_CURVE_WITH_KNOTS ( 'NONE', 3,
 ( #412, #289, #2564, #1205, #2791, #1430, #70, #1652, #296, #1871, #520, #2100, #760, #2340, #980, #2576, #1217, #2803, #1440, #84, #1667, #310, #1887, #536, #2117, #1076, #2662, #1305, #2890, #1521, #174, #1750, #399, #1980, #625, #2208, #851, #2442, #1083, #2668, #1311, #2900, #1531, #182, #1758, #410 ),
 .UNSPECIFIED., .F., .F.,
 ( 4, 2, 2, 2, 2, 2, 2, 2, 2, 2, 2, 2, 2, 2, 2, 2, 2, 2, 2, 2, 2, 2, 4 ),
 ( 1.582311261321048400E-015, 0.001758263337931583000, 0.002637395006896589500, 0.003516526675861595700, 0.005274790013791618600, 0.007033053351721643200, 0.008791316689651666000, 0.009670448358616683100, 0.01054958002758170000, 0.01142871169654671600, 0.01230784336551173100, 0.01406610670344168500, 0.01494523837240668300, 0.01582437004137168100, 0.01758263337930161800, 0.01846176504826661400, 0.01934089671723161100, 0.02109916005516164500, 0.02285742339309167900, 0.02373655506205669600, 0.02461568673102170600, 0.02637395006895166100, 0.02813221340688160800 ),
 .UNSPECIFIED. ) ;
#1980 = CARTESIAN_POINT ( 'NONE',  ( -18.52038978983522500, 17.69529711686136900, 6.500000013405918200 ) ) ;
#1981 = CARTESIAN_POINT ( 'NONE',  ( -16.23876398604773600, 16.71710282552868800, 8.357665349853734300 ) ) ;
#1982 = CARTESIAN_POINT ( 'NONE',  ( -15.59072343921000000, 16.27047981794999700, 8.438378020203996900 ) ) ;
#1983 = CARTESIAN_POINT ( 'NONE',  ( -19.16852012611999700, 16.62022099237999800, 6.488001347711999300 ) ) ;
#1984 = CARTESIAN_POINT ( 'NONE',  ( -19.02758581453647200, 18.77690911201820600, 6.732751585859306300 ) ) ;
#1985 = CARTESIAN_POINT ( 'NONE',  ( -16.50978620358225200, 16.41730067090690100, 8.916569200722031900 ) ) ;
#1986 = CARTESIAN_POINT ( 'NONE',  ( -14.83807576447611600, 16.51818540896335800, 10.03204986498641200 ) ) ;
#1987 = CARTESIAN_POINT ( 'NONE',  ( -16.15607274091192400, 19.51789206473568000, 6.500000061303293100 ) ) ;
#1988 = CARTESIAN_POINT ( 'NONE',  ( -16.45133307516534100, 16.50720115647874300, 8.863228937436431900 ) ) ;
#1989 = CARTESIAN_POINT ( 'NONE',  ( -13.87261654931768200, 16.06341014017366600, 8.595660606102063300 ) ) ;
#1990 = CARTESIAN_POINT ( 'NONE',  ( -13.78825801016733600, 16.71666667000095400, 9.906780250601372000 ) ) ;
#1991 = CARTESIAN_POINT ( 'NONE',  ( -15.65734614979856200, 19.13118449019118500, 6.849127379370384200 ) ) ;
#1992 = CARTESIAN_POINT ( 'NONE',  ( -15.98692500115053700, 17.08699885259522900, 8.081445797909731600 ) ) ;
#1993 = CARTESIAN_POINT ( 'NONE',  ( -15.32396499596598400, 16.69363011700026100, 8.323299818698947300 ) ) ;
#1994 = CARTESIAN_POINT ( 'NONE',  ( -16.01285310235920200, 17.62923510122708100, 9.654986344407982200 ) ) ;
#1995 = CARTESIAN_POINT ( 'NONE',  ( -17.74994651982723000, 16.61475524850235900, 6.899999996324687900 ) ) ;
#1996 = CARTESIAN_POINT ( 'NONE',  ( -16.47624893487004600, 16.66195890690943300, 9.400037093048981200 ) ) ;
#1997 = AXIS2_PLACEMENT_3D ( 'NONE', #2355, #996, #2590 ) ;
#1998 = CARTESIAN_POINT ( 'NONE',  ( -14.06509941557475300, 15.73236371090544800, 8.678094949810343900 ) ) ;
#1999 = ORIENTED_EDGE ( 'NONE', *, *, #655, .T. ) ;
#2000 = CARTESIAN_POINT ( 'NONE',  ( -13.56801204585583200, 16.76946294992230300, 8.944481166807579000 ) ) ;
#2001 = CARTESIAN_POINT ( 'NONE',  ( -18.49465284829639000, 18.49252441061049600, 7.139082177072262800 ) ) ;
#2002 = CARTESIAN_POINT ( 'NONE',  ( -17.04750043278454900, 17.60453909323703000, 6.500000047955606600 ) ) ;
#2003 = CARTESIAN_POINT ( 'NONE',  ( -18.39009421659890000, 19.40228775817666900, 6.500000010576057400 ) ) ;
#2004 = CARTESIAN_POINT ( 'NONE',  ( -19.24416188315468500, 16.61601745448232500, 6.849127379370536100 ) ) ;
#2005 = CARTESIAN_POINT ( 'NONE',  ( -15.60904299553146000, 16.26170285823937400, 8.600803398215738600 ) ) ;
#2006 = CARTESIAN_POINT ( 'NONE',  ( -16.99364192571424300, 17.69442274977051400, 6.799999999999404700 ) ) ;
#2007 = CARTESIAN_POINT ( 'NONE',  ( -17.01609037782091200, 18.49805823880134900, 6.800000000001092300 ) ) ;
#2008 = CARTESIAN_POINT ( 'NONE',  ( -15.81906668589000200, 19.36995897375999900, 6.861126051024999800 ) ) ;
#2009 = CARTESIAN_POINT ( 'NONE',  ( -14.31637531426856200, 15.42130188459104900, 9.108141264130155800 ) ) ;
#2010 = CARTESIAN_POINT ( 'NONE',  ( -15.52185521252011000, 16.91185948732799500, 9.893341438820741000 ) ) ;
#2011 = FACE_OUTER_BOUND ( 'NONE', #1852, .T. ) ;
#2012 = CARTESIAN_POINT ( 'NONE',  ( -16.83151531992637100, 16.84501882362814800, 6.500000062906977400 ) ) ;
#2013 = CARTESIAN_POINT ( 'NONE',  ( -19.44121646174829700, 17.89697450329500200, 6.899997398026101800 ) ) ;
#2014 = B_SPLINE_CURVE_WITH_KNOTS ( 'NONE', 3,
 ( #2922, #2688, #203, #1778 ),
 .UNSPECIFIED., .F., .F.,
 ( 4, 4 ),
 ( 0.0000000000000000000, 1.000000000000000000 ),
 .UNSPECIFIED. ) ;
#2015 = CARTESIAN_POINT ( 'NONE',  ( -15.77699049023434200, 16.14098324497942000, 9.120374539933868300 ) ) ;
#2016 = EDGE_CURVE ( 'NONE', #975, #446, #2014, .T. ) ;
#2017 = CARTESIAN_POINT ( 'NONE',  ( -15.78189954708519200, 19.32230391366022500, 6.500000071179950800 ) ) ;
#2018 = CARTESIAN_POINT ( 'NONE',  ( -16.94613223627895200, 17.78378358232334800, 6.599333345992504500 ) ) ;
#2019 = CARTESIAN_POINT ( 'NONE',  ( -18.36976062978784800, 18.68180266163531300, 6.228870284410981600 ) ) ;
#2020 = CARTESIAN_POINT ( 'NONE',  ( -14.40211710276106100, 15.46689160222410000, 9.658871398287132600 ) ) ;
#2021 = CARTESIAN_POINT ( 'NONE',  ( -17.71629752310138200, 16.56967667991568400, 6.500000044290704400 ) ) ;
#2022 = CARTESIAN_POINT ( 'NONE',  ( -16.95579903409104400, 17.55258954568758200, 8.417246544687451100 ) ) ;
#2023 = CARTESIAN_POINT ( 'NONE',  ( -19.69599503966000100, 17.46620717735999400, 6.895433249022999300 ) ) ;
#2024 = CARTESIAN_POINT ( 'NONE',  ( -15.63857582060839500, 18.80380573358348800, 6.500000077811779200 ) ) ;
#2025 = CARTESIAN_POINT ( 'NONE',  ( -17.15744615394589400, 18.69343570205728600, 6.499000018988361700 ) ) ;
#2026 = CARTESIAN_POINT ( 'NONE',  ( -17.48685897999843100, 18.95173278468641700, 5.943305426616591400 ) ) ;
#2027 = DIRECTION ( 'NONE',  ( 0.9994115292234071500, -0.03430153429995022600, 0.0000000000000000000 ) ) ;
#2028 = CARTESIAN_POINT ( 'NONE',  ( -17.16315717468000200, 16.66659998647999800, 6.488001347711999300 ) ) ;
#2029 = CARTESIAN_POINT ( 'NONE',  ( -17.31159593269952200, 17.24762445933750900, 6.500000049260852300 ) ) ;
#2030 = CARTESIAN_POINT ( 'NONE',  ( -19.01531219911999700, 18.80305240940000300, 6.860127676783999800 ) ) ;
#2031 = CARTESIAN_POINT ( 'NONE',  ( -14.31463009453285200, 15.77640297115778300, 10.04486078275419700 ) ) ;
#2032 = CARTESIAN_POINT ( 'NONE',  ( -16.43644155379330800, 17.23852452193350300, 6.849127378789014600 ) ) ;
#2033 = CARTESIAN_POINT ( 'NONE',  ( -18.22889488565168000, 17.33190534226382300, 8.417246516773817100 ) ) ;
#2034 =( LENGTH_UNIT ( ) NAMED_UNIT ( * ) SI_UNIT ( .CENTI., .METRE. ) );
#2035 = CARTESIAN_POINT ( 'NONE',  ( -15.00599919829011800, 17.42500579819738200, 8.678395494405331000 ) ) ;
#2036 = CARTESIAN_POINT ( 'NONE',  ( -15.79154014583359900, 17.95173381224139700, 9.405428572848004300 ) ) ;
#2037 = CARTESIAN_POINT ( 'NONE',  ( -16.75167061083000100, 16.90169176744000300, 6.612376242486998700 ) ) ;
#2038 = CARTESIAN_POINT ( 'NONE',  ( -17.67536007828118000, 17.16158808365284100, 7.139082204495237800 ) ) ;
#2039 = CARTESIAN_POINT ( 'NONE',  ( -17.78487958389999700, 16.57261321351999300, 6.488001347711999300 ) ) ;
#2040 = CARTESIAN_POINT ( 'NONE',  ( -14.12579857051986700, 16.17905180535231600, 10.17135213293868100 ) ) ;
#2041 = CARTESIAN_POINT ( 'NONE',  ( -16.93105024769537800, 18.55512540371899300, 7.778164375756723800 ) ) ;
#2042 = VERTEX_POINT ( 'NONE', #2418 ) ;
#2043 = CARTESIAN_POINT ( 'NONE',  ( -18.52651587986846900, 17.69513837203676900, 6.500000018396362700 ) ) ;
#2044 = CARTESIAN_POINT ( 'NONE',  ( -16.22775681356327500, 18.92000000000619400, 6.900000000000226800 ) ) ;
#2045 = CARTESIAN_POINT ( 'NONE',  ( -14.58033292736541300, 16.41124359383700700, 8.456683703936427300 ) ) ;
#2046 = VERTEX_POINT ( 'NONE', #2006 ) ;
#2047 = CARTESIAN_POINT ( 'NONE',  ( -15.48390324566356900, 17.02022489981521900, 9.991822576472223700 ) ) ;
#2048 = CARTESIAN_POINT ( 'NONE',  ( -17.31926846189030700, 17.24527873175950200, 6.799999999999957200 ) ) ;
#2049 = CARTESIAN_POINT ( 'NONE',  ( -16.43333023727999600, 17.25368458058999700, 6.736751137261000700 ) ) ;
#2050 = CARTESIAN_POINT ( 'NONE',  ( -17.46897393381999600, 16.58529168646999700, 6.488001347711999300 ) ) ;
#2051 = CARTESIAN_POINT ( 'NONE',  ( -14.70181552222136800, 16.19691833607020100, 8.494358885433149100 ) ) ;
#2052 = AXIS2_PLACEMENT_3D ( 'NONE', #776, #2356, #998 ) ;
#2053 = CARTESIAN_POINT ( 'NONE',  ( -16.80292628472905400, 18.21407721510271200, 8.417246543961411500 ) ) ;
#2054 = CARTESIAN_POINT ( 'NONE',  ( -15.52943146073449700, 16.89691177468648700, 9.893400304071512600 ) ) ;
#2055 = CARTESIAN_POINT ( 'NONE',  ( -18.60792787154662200, 18.04967434209694200, 7.139082177306503900 ) ) ;
#2056 = CARTESIAN_POINT ( 'NONE',  ( -17.77372126069999700, 19.57729830809000400, 6.861126032036001000 ) ) ;
#2057 = CARTESIAN_POINT ( 'NONE',  ( -13.89633316939390200, 16.01880513297793500, 8.595659189231634300 ) ) ;
#2058 = CARTESIAN_POINT ( 'NONE',  ( -18.22215964224999900, 16.59114487198999700, 6.880997255274000000 ) ) ;
#2059 = CARTESIAN_POINT ( 'NONE',  ( -15.06862927112443100, 17.17557293943177800, 8.325976158175478800 ) ) ;
#2060 = CARTESIAN_POINT ( 'NONE',  ( -18.22273720016377000, 17.32863125398650800, 6.514435142205423200 ) ) ;
#2061 = CARTESIAN_POINT ( 'NONE',  ( -16.37241418546368600, 17.36309088798151000, 6.732751585859306300 ) ) ;
#2062 = CARTESIAN_POINT ( 'NONE',  ( -15.62235098494999800, 18.97453880388999900, 6.861126051024999800 ) ) ;
#2063 = CARTESIAN_POINT ( 'NONE',  ( -16.85080314051022700, 17.75005800932288800, 6.500000056650430100 ) ) ;
#2064 = CARTESIAN_POINT ( 'NONE',  ( -18.54919688893660600, 18.38994199888345100, 7.778164339537031700 ) ) ;
#2065 = CARTESIAN_POINT ( 'NONE',  ( -18.38163570135999700, 19.40906855209000200, 6.488001347711999300 ) ) ;
#2066 = CARTESIAN_POINT ( 'NONE',  ( -16.37062124075426400, 17.36213618588752500, 6.849127380303856100 ) ) ;
#2067 = CARTESIAN_POINT ( 'NONE',  ( -19.24392725894436800, 16.62210793617689900, 6.500000008758923400 ) ) ;
#2068 = CARTESIAN_POINT ( 'NONE',  ( -18.60809918795995100, 18.04814732894641000, 6.228870284410946000 ) ) ;
#2069 = CARTESIAN_POINT ( 'NONE',  ( -15.69636414054775200, 18.63704554337228800, 6.616375798129416500 ) ) ;
#2070 = EDGE_CURVE ( 'NONE', #1461, #571, #2554, .T. ) ;
#2071 = CARTESIAN_POINT ( 'NONE',  ( -15.72660979199999800, 19.25233545415999700, 6.488001347711999300 ) ) ;
#2072 = CARTESIAN_POINT ( 'NONE',  ( -16.20759475955575000, 19.50744279664668200, 6.889247048010001400 ) ) ;
#2073 = CARTESIAN_POINT ( 'NONE',  ( -18.76607956012999500, 19.13195439007000700, 6.612376242486998700 ) ) ;
#2074 = CARTESIAN_POINT ( 'NONE',  ( -14.46287732934285900, 16.60447596238980200, 8.379174371467060600 ) ) ;
#2075 = CARTESIAN_POINT ( 'NONE',  ( -17.67850399131999600, 19.53721626686000000, 6.899230593224002600 ) ) ;
#2076 = CARTESIAN_POINT ( 'NONE',  ( -16.95863125398704300, 17.54726279983481900, 6.228870284411060600 ) ) ;
#2077 = CARTESIAN_POINT ( 'NONE',  ( -19.02937875924582300, 18.77786381411166200, 6.849127380303849900 ) ) ;
#2078 = LINE ( 'NONE', #973, #820 ) ;
#2079 = CARTESIAN_POINT ( 'NONE',  ( -16.30259172958926000, 17.11355063854907100, 9.732823739576817300 ) ) ;
#2080 = CARTESIAN_POINT ( 'NONE',  ( -19.19301150194110800, 16.61489313268501200, 6.860290307310230600 ) ) ;
#2081 = CARTESIAN_POINT ( 'NONE',  ( -19.01928019092000000, 18.79437009405000200, 6.736751137261000700 ) ) ;
#2082 = CARTESIAN_POINT ( 'NONE',  ( -13.56085822626702300, 16.86424115522068200, 9.161006307893162100 ) ) ;
#2083 = CARTESIAN_POINT ( 'NONE',  ( -17.64530504710229100, 17.27158086727140000, 6.500000033932853900 ) ) ;
#2084 = CARTESIAN_POINT ( 'NONE',  ( -16.17828292599000100, 19.52056682161999700, 6.871117638202001400 ) ) ;
#2085 = CARTESIAN_POINT ( 'NONE',  ( -17.67814732894702700, 17.16190081204353000, 5.943305426616526600 ) ) ;
#2086 = CARTESIAN_POINT ( 'NONE',  ( -14.04005751388475400, 15.73767889621150400, 8.561091953439570200 ) ) ;
#2087 = CARTESIAN_POINT ( 'NONE',  ( -18.36976062978789800, 18.68180266163529500, 6.799999999999915400 ) ) ;
#2088 = CARTESIAN_POINT ( 'NONE',  ( -19.70184311045847300, 17.50199985863397200, 6.499999992558318100 ) ) ;
#2089 = PRESENTATION_LAYER_ASSIGNMENT (  '', '', ( #1946 ) ) ;
#2090 = CARTESIAN_POINT ( 'NONE',  ( -16.87527873176019700, 18.45073153810840000, 6.800000000000026500 ) ) ;
#2091 = B_SPLINE_SURFACE_WITH_KNOTS ( 'NONE', 3, 3, ( 
 ( #2401, #348, #1924, #575 ),
 ( #2156, #807, #2392, #1032 ),
 ( #2621, #1265, #2848, #1049 ),
 ( #2637, #1280, #2864, #1494 ),
 ( #143, #1726, #368, #1951 ),
 ( #597, #483, #2058, #711 ),
 ( #2293, #936, #2529, #1169 ),
 ( #2758, #1396, #38, #1702 ),
 ( #346, #1922, #573, #2154 ),
 ( #805, #2390, #1030, #2619 ) ),
 .UNSPECIFIED., .F., .F., .F.,
 ( 4, 1, 1, 1, 1, 1, 1, 4 ),
 ( 4, 4 ),
 ( -0.01020195370813000200, 0.2196056929680000000, 0.4494133396440001000, 0.6792209863200002800, 0.9090286329950001400, 1.138836279671000100, 1.368643926347000300, 1.598451573023000200 ),
 ( -0.07000810203712000400, 14.92908520389000100 ),
 .UNSPECIFIED. ) ;
#2092 = CARTESIAN_POINT ( 'NONE',  ( -18.40635807428669000, 18.44557725022779900, 6.500000016080773200 ) ) ;
#2093 = CARTESIAN_POINT ( 'NONE',  ( -15.67099051971030100, 17.81040013732269900, 8.425481302445701800 ) ) ;
#2094 = CARTESIAN_POINT ( 'NONE',  ( -18.40635807428662900, 18.44557725022783100, 6.499000016193222400 ) ) ;
#2095 = CARTESIAN_POINT ( 'NONE',  ( -16.67781537577920000, 19.54188619828830300, 6.848617413941101800 ) ) ;
#2096 = CARTESIAN_POINT ( 'NONE',  ( -18.46674152468127500, 18.54501794382065300, 6.500000014664353300 ) ) ;
#2097 = B_SPLINE_SURFACE_WITH_KNOTS ( 'NONE', 3, 3, ( 
 ( #416, #2685, #545, #2128 ),
 ( #785, #2365, #1006, #2599 ),
 ( #1245, #2827, #1463, #110 ),
 ( #1690, #333, #1911, #560 ),
 ( #2143, #796, #2377, #1021 ),
 ( #2612, #1255, #29, #1612 ),
 ( #263, #1835, #486, #2062 ),
 ( #719, #2299, #941, #2535 ),
 ( #1176, #2764, #1401, #45 ),
 ( #1626, #272, #1845, #495 ),
 ( #2071, #727, #2463, #1105 ),
 ( #2690, #1331, #2924, #1553 ),
 ( #205, #1780, #431, #2008 ),
 ( #658, #2241, #883, #2476 ),
 ( #1116, #2700, #1342, #2934 ),
 ( #1565, #215, #1944, #592 ),
 ( #2173, #824, #2409, #1051 ),
 ( #2640, #1283, #2867, #1497 ),
 ( #148, #1729, #371, #1955 ),
 ( #601, #2182, #830, #2417 ) ),
 .UNSPECIFIED., .F., .F., .F.,
 ( 4, 1, 1, 1, 1, 1, 1, 1, 1, 1, 1, 1, 1, 1, 1, 1, 1, 4 ),
 ( 4, 4 ),
 ( 2.088187795290000500, 2.212117778619000500, 2.336047761948999700, 2.459977745278000100, 2.583907728607000900, 2.707837711937001000, 2.831767695265999600, 2.955697678596000100, 3.079627661925000000, 3.203557645255000500, 3.327487628584000000, 3.451417611912999600, 3.575347595242999600, 3.699277578572000500, 3.823207561902000500, 3.947137545231000900, 4.071067528560000400, 4.194997511889998700 ),
 ( 343.6197832617000400, 347.3510302948000100 ),
 .UNSPECIFIED. ) ;
#2098 = CARTESIAN_POINT ( 'NONE',  ( -15.75420138991717800, 16.38437887305047300, 9.654301589763564500 ) ) ;
#2099 = CARTESIAN_POINT ( 'NONE',  ( -17.20399852153728700, 17.31030709232143000, 6.500000051337225100 ) ) ;
#2100 = CARTESIAN_POINT ( 'NONE',  ( -17.49303114807376900, 17.19215567740410200, 6.500000037504760200 ) ) ;
#2101 = EDGE_LOOP ( 'NONE', ( #2771, #457, #1103, #2659 ) ) ;
#2102 = CARTESIAN_POINT ( 'NONE',  ( -14.48330522904071300, 17.08622983172425300, 9.767977473918350000 ) ) ;
#2103 = B_SPLINE_CURVE_WITH_KNOTS ( 'NONE', 3,
 ( #694, #2061, #44, #1624 ),
 .UNSPECIFIED., .F., .F.,
 ( 4, 4 ),
 ( 0.0000000000000000000, 1.000000000000000000 ),
 .UNSPECIFIED. ) ;
#2104 = CARTESIAN_POINT ( 'NONE',  ( -17.75469495290051100, 18.86841913272630600, 6.500000031366886900 ) ) ;
#2105 = CARTESIAN_POINT ( 'NONE',  ( -14.13060134484310600, 16.17211687687125000, 10.17117870428228500 ) ) ;
#2106 = ORIENTED_EDGE ( 'NONE', *, *, #447, .F. ) ;
#2107 = CARTESIAN_POINT ( 'NONE',  ( -18.24255384605444200, 17.44656429794061800, 6.799999999999903000 ) ) ;
#2108 = CARTESIAN_POINT ( 'NONE',  ( -18.49113896200673000, 18.19912185650457600, 6.500000014092055500 ) ) ;
#2109 = CARTESIAN_POINT ( 'NONE',  ( -14.96089446728487200, 15.83802688840889100, 8.836131890674087300 ) ) ;
#2110 = CARTESIAN_POINT ( 'NONE',  ( -19.52369655128777700, 16.73304038214902800, 6.500000001600897200 ) ) ;
#2111 = CARTESIAN_POINT ( 'NONE',  ( -16.87348412013092500, 18.44486162796133800, 6.500000051665863600 ) ) ;
#2112 = CARTESIAN_POINT ( 'NONE',  ( -17.84947789252455100, 18.95947198057117300, 6.500000029143558700 ) ) ;
#2113 = CARTESIAN_POINT ( 'NONE',  ( -15.55397697811346300, 16.84982740831541300, 9.890948237053876800 ) ) ;
#2114 = CARTESIAN_POINT ( 'NONE',  ( -18.52651587986845900, 17.69513837203676200, 6.500000018396345800 ) ) ;
#2115 = EDGE_CURVE ( 'NONE', #1323, #83, #136, .T. ) ;
#2116 = CARTESIAN_POINT ( 'NONE',  ( -17.64959948409832100, 19.53847240789056300, 6.899999999998693000 ) ) ;
#2117 = CARTESIAN_POINT ( 'NONE',  ( -18.17323905411708700, 17.30388677843414800, 6.500000021549061200 ) ) ;
#2118 = CARTESIAN_POINT ( 'NONE',  ( -19.74956213218464300, 17.41149425344204000, 6.849127379370463200 ) ) ;
#2119 = B_SPLINE_SURFACE_WITH_KNOTS ( 'NONE', 3, 3, ( 
 ( #2910, #1341, #1564, #214 ),
 ( #1788, #439, #2018, #668 ),
 ( #2250, #892, #2485, #1123 ),
 ( #2706, #1351, #2942, #1572 ),
 ( #223, #1797, #449, #2025 ),
 ( #677, #2257, #899, #2493 ),
 ( #1130, #2715, #1360, #2951 ),
 ( #1582, #235, #709, #2530 ),
 ( #1170, #2759, #1397, #39 ),
 ( #1618, #268, #1841, #492 ) ),
 .UNSPECIFIED., .F., .F., .F.,
 ( 4, 1, 1, 1, 1, 1, 1, 4 ),
 ( 4, 4 ),
 ( 0.0000000000000000000, 0.1208045936606092500, 0.2819225655580104900, 0.4362502267763413400, 0.5637497732234613100, 0.6644600628955442700, 0.8053867746105140000, 1.000000000000000000 ),
 ( 0.0000000000000000000, 1.000000000000000000 ),
 .UNSPECIFIED. ) ;
#2120 = CARTESIAN_POINT ( 'NONE',  ( -17.09987542184312700, 18.59917844606292900, 6.500000046727041800 ) ) ;
#2121 = ORIENTED_EDGE ( 'NONE', *, *, #1720, .T. ) ;
#2122 = CARTESIAN_POINT ( 'NONE',  ( -17.28058970810358000, 17.34482784294708000, 6.699666672064068100 ) ) ;
#2123 = CARTESIAN_POINT ( 'NONE',  ( -15.09601590172945200, 15.79801077445328900, 9.406201867050826900 ) ) ;
#2124 = CARTESIAN_POINT ( 'NONE',  ( -19.77258194331213300, 17.23512369065157700, 6.499999992642450800 ) ) ;
#2125 = CARTESIAN_POINT ( 'NONE',  ( -18.44420102480423300, 18.58741047072595300, 7.139082177625264900 ) ) ;
#2126 = CLOSED_SHELL ( 'NONE', ( #1691, #2387, #1236, #1468, #103, #811, #2606, #1712, #2157, #125, #2177, #2131, #2379, #2871, #1010, #322, #1930, #1475, #262, #1262 ) ) ;
#2127 = CARTESIAN_POINT ( 'NONE',  ( -17.17738046321976600, 18.80332338649406100, 6.500000044908999200 ) ) ;
#2128 = CARTESIAN_POINT ( 'NONE',  ( -15.70457445818999900, 18.61359482499000300, 6.861126051024999800 ) ) ;
#2129 = CARTESIAN_POINT ( 'NONE',  ( -16.00534146503702700, 17.08982216313211900, 8.181182301059339000 ) ) ;
#2130 = CARTESIAN_POINT ( 'NONE',  ( -19.69822041923080700, 17.50007085844427100, 6.880997255274000000 ) ) ;
#2131 = ADVANCED_FACE ( 'NONE', ( #94, #2430 ), #2714, .T. ) ;
#2132 = CARTESIAN_POINT ( 'NONE',  ( -14.14593346088178000, 16.18026930039970800, 10.26965929837306000 ) ) ;
#2133 = CARTESIAN_POINT ( 'NONE',  ( -19.72871667839999400, 17.45913727986999600, 6.736751149921000900 ) ) ;
#2134 = CARTESIAN_POINT ( 'NONE',  ( -16.94894815761740900, 17.78977340702944000, 6.500000050267351200 ) ) ;
#2135 = APPLICATION_CONTEXT ( 'automotive_design' ) ;
#2136 = VERTEX_POINT ( 'NONE', #1370 ) ;
#2137 = VERTEX_POINT ( 'NONE', #908 ) ;
#2138 = CARTESIAN_POINT ( 'NONE',  ( -16.21748206885845900, 17.28173104058165800, 9.754423077851818400 ) ) ;
#2139 = CARTESIAN_POINT ( 'NONE',  ( -15.02831371024484000, 16.10022613619058900, 9.871836966363320100 ) ) ;
#2140 = EDGE_CURVE ( 'NONE', #83, #2731, #617, .T. ) ;
#2141 = CARTESIAN_POINT ( 'NONE',  ( -18.19600150790967800, 18.82969291588239400, 7.778164344850221600 ) ) ;
#2142 = CARTESIAN_POINT ( 'NONE',  ( -16.80009826119829700, 18.10241309509816400, 6.500000053758935100 ) ) ;
#2143 = CARTESIAN_POINT ( 'NONE',  ( -15.63392065660999800, 18.82537542848000500, 6.488001347711999300 ) ) ;
#2144 = B_SPLINE_SURFACE_WITH_KNOTS ( 'NONE', 3, 3, ( 
 ( #649, #2001, #317, #1897 ),
 ( #543, #2125, #783, #2362 ),
 ( #1004, #2597, #1243, #2825 ),
 ( #1460, #107, #1687, #331 ),
 ( #1909, #558, #2141, #794 ),
 ( #2374, #1018, #2610, #1253 ),
 ( #2837, #1471, #116, #1696 ),
 ( #340, #1918, #568, #2150 ),
 ( #800, #2382, #1027, #2616 ),
 ( #1260, #2843, #1477, #122 ),
 ( #1703, #350, #1927, #578 ),
 ( #2158, #808, #2394, #1034 ),
 ( #2622, #1266, #2851, #1481 ),
 ( #128, #1713, #357, #1936 ),
 ( #585, #2164, #816, #2400 ),
 ( #1041, #2629, #1274, #2857 ),
 ( #1817, #467, #2041, #696 ),
 ( #2275, #919, #2512, #1152 ),
 ( #2738, #1381, #21, #1603 ),
 ( #253, #1827, #478, #2053 ),
 ( #705, #2287, #931, #2524 ),
 ( #1164, #2752, #1391, #31 ),
 ( #1613, #264, #1836, #487 ),
 ( #2063, #720, #2300, #942 ),
 ( #2536, #1177, #2765, #1443 ) ),
 .UNSPECIFIED., .F., .F., .F.,
 ( 4, 3, 3, 3, 3, 3, 3, 3, 4 ),
 ( 4, 4 ),
 ( 0.0000000000000000000, 0.3412779697871532500, 0.7114341609745238300, 1.081590352161853700, 1.422868403316071000, 1.764146454470215500, 2.134302645656955400, 2.504458836843996800, 2.845736806631217400 ),
 ( 0.0000000000000000000, 1.917246489187875800 ),
 .UNSPECIFIED. ) ;
#2145 = CARTESIAN_POINT ( 'NONE',  ( -14.20291901388813500, 16.03041156814297000, 10.15601425762880800 ) ) ;
#2146 = CARTESIAN_POINT ( 'NONE',  ( -17.63882610399286900, 17.17159169453189100, 6.900000000000000400 ) ) ;
#2147 = VECTOR ( 'NONE', #118, 100.0000000000000000 ) ;
#2148 = CARTESIAN_POINT ( 'NONE',  ( -19.77974756205999500, 17.24071550813999600, 6.861126051024999800 ) ) ;
#2149 = ORIENTED_EDGE ( 'NONE', *, *, #1665, .T. ) ;
#2150 = CARTESIAN_POINT ( 'NONE',  ( -17.84825070564255300, 18.96579781739159300, 8.417246515050617700 ) ) ;
#2151 = CARTESIAN_POINT ( 'NONE',  ( -14.38048667147822700, 15.58713914862085100, 9.864959199073810600 ) ) ;
#2152 = ADVANCED_BREP_SHAPE_REPRESENTATION ( 'TхЁїэшщ ярЄЁєсюъ 2', ( #2838, #1424, #2869 ), #1489 ) ;
#2153 = CARTESIAN_POINT ( 'NONE',  ( -19.71062764309999700, 16.95216167537999800, 6.488001347711999300 ) ) ;
#2154 = CARTESIAN_POINT ( 'NONE',  ( -17.72283713836669600, 16.56370849924329700, 6.852446001640701400 ) ) ;
#2155 = CARTESIAN_POINT ( 'NONE',  ( -15.67749952539000100, 16.16305714833000100, 8.586891014203002800 ) ) ;
#2156 = CARTESIAN_POINT ( 'NONE',  ( -19.22025963558669700, 16.66189719033329900, 6.900036467719999700 ) ) ;
#2157 = ADVANCED_FACE ( 'NONE', ( #1233 ), #1746, .T. ) ;
#2158 = CARTESIAN_POINT ( 'NONE',  ( -17.37354618592611600, 18.91573447367445800, 6.500000037120969400 ) ) ;
#2159 = CARTESIAN_POINT ( 'NONE',  ( -17.37768838714920200, 18.91793692113260400, 6.800000000000000700 ) ) ;
#2160 = CARTESIAN_POINT ( 'NONE',  ( -14.37062666776939900, 15.39703737576669000, 9.309438753293921600 ) ) ;
#2161 = AXIS2_PLACEMENT_3D ( 'NONE', #881, #2503, #1138 ) ;
#2162 = CARTESIAN_POINT ( 'NONE',  ( -16.17397631513000200, 17.79117963621999700, 6.895433249022999300 ) ) ;
#2163 = CARTESIAN_POINT ( 'NONE',  ( -16.50486073058000300, 16.45331219339999900, 8.711365062292996300 ) ) ;
#2164 = CARTESIAN_POINT ( 'NONE',  ( -17.08353407575872000, 18.73428165787597500, 7.139082208030480100 ) ) ;
#2165 = DIRECTION ( 'NONE',  ( 0.0000000000000000000, 0.0000000000000000000, 1.000000000000000000 ) ) ;
#2166 = ORIENTED_EDGE ( 'NONE', *, *, #2140, .T. ) ;
#2167 = CARTESIAN_POINT ( 'NONE',  ( -16.80337270750997500, 18.21553753039050600, 6.514435142205559100 ) ) ;
#2168 = CARTESIAN_POINT ( 'NONE',  ( -14.17909397378148200, 15.57106265474565100, 8.813692662304488200 ) ) ;
#2169 = CARTESIAN_POINT ( 'NONE',  ( -15.91789942296000000, 18.22125563948000200, 6.871117638200999500 ) ) ;
#2170 = CARTESIAN_POINT ( 'NONE',  ( -14.40685119726000200, 15.31208176416000200, 9.541057275711001000 ) ) ;
#2171 = EDGE_CURVE ( 'NONE', #2472, #2842, #1815, .T. ) ;
#2172 = CARTESIAN_POINT ( 'NONE',  ( -18.49465283357257000, 18.49252440650630900, 6.514435142205433800 ) ) ;
#2173 = CARTESIAN_POINT ( 'NONE',  ( -16.08385448808000400, 19.50385555853000200, 6.488001347711999300 ) ) ;
#2174 = CARTESIAN_POINT ( 'NONE',  ( -13.89781454499481900, 16.01823965033789000, 8.595812724389432400 ) ) ;
#2175 = COLOUR_RGB ( '',1.000000000000000000, 1.000000000000000000, 1.000000000000000000 ) ;
#2176 = CARTESIAN_POINT ( 'NONE',  ( -17.67249892535373600, 18.97006448463010700, 6.900000000000003000 ) ) ;
#2177 = ADVANCED_FACE ( 'NONE', ( #14 ), #552, .T. ) ;
#2178 = CARTESIAN_POINT ( 'NONE',  ( -15.67923117128000000, 18.66060134602249900, 6.848617413939302300 ) ) ;
#2179 = CARTESIAN_POINT ( 'NONE',  ( -15.12695801249999900, 15.80890759050000200, 9.678456753966003100 ) ) ;
#2180 = CARTESIAN_POINT ( 'NONE',  ( -17.75166133420439300, 16.56479231618634500, 6.849127380303785100 ) ) ;
#2181 = ORIENTED_EDGE ( 'NONE', *, *, #1926, .F. ) ;
#2182 = CARTESIAN_POINT ( 'NONE',  ( -16.23149334968000100, 19.52194993776999600, 6.612376248815998300 ) ) ;
#2183 = DIRECTION ( 'NONE',  ( 0.8825321059033454100, -0.4699281812783709400, -0.01745240643031936700 ) ) ;
#2184 = CARTESIAN_POINT ( 'NONE',  ( -17.04355562135179300, 18.68850765322718400, 6.900000000000003000 ) ) ;
#2185 = CARTESIAN_POINT ( 'NONE',  ( -18.24653221159245600, 17.35432536309133400, 6.900000000000003000 ) ) ;
#2186 = CARTESIAN_POINT ( 'NONE',  ( -16.99364192571479000, 17.69442274976913500, 6.500000049218971100 ) ) ;
#2187 = CARTESIAN_POINT ( 'NONE',  ( -15.79758203765000100, 16.38046848575999800, 9.767056435632000000 ) ) ;
#2188 = CARTESIAN_POINT ( 'NONE',  ( -16.22754858871991200, 16.73026999485902900, 8.336562530009951300 ) ) ;
#2189 = EDGE_LOOP ( 'NONE', ( #2834, #1733, #1978, #2467 ) ) ;
#2190 = PLANE ( 'NONE',  #243 ) ;
#2191 = CARTESIAN_POINT ( 'NONE',  ( -15.29609042210000100, 16.74093754367999800, 8.215615801104002400 ) ) ;
#2192 = EDGE_LOOP ( 'NONE', ( #2194, #2219 ) ) ;
#2193 = CARTESIAN_POINT ( 'NONE',  ( -19.51841908737999600, 16.72831164659999800, 6.488001347711999300 ) ) ;
#2194 = ORIENTED_EDGE ( 'NONE', *, *, #2482, .F. ) ;
#2195 = CARTESIAN_POINT ( 'NONE',  ( -16.80972855541282100, 17.92542678149514800, 6.900000000000003000 ) ) ;
#2196 = CARTESIAN_POINT ( 'NONE',  ( -18.60009003386644400, 18.09661746221598100, 6.900000000000004800 ) ) ;
#2197 = CARTESIAN_POINT ( 'NONE',  ( -14.45199388375475800, 15.39992414723150600, 9.724566627127567000 ) ) ;
#2198 = CARTESIAN_POINT ( 'NONE',  ( -16.42470103174999700, 17.00561634580999700, 9.780482673687004100 ) ) ;
#2199 = CARTESIAN_POINT ( 'NONE',  ( -18.22273720016378800, 17.32863125398650100, 6.799999999999889700 ) ) ;
#2200 = B_SPLINE_CURVE_WITH_KNOTS ( 'NONE', 3,
 ( #65, #1907, #2372, #1016, #2607, #1251, #2835, #1469, #113, #1694, #338, #1916, #902, #1947, #594, #2176, #826, #2412, #1053, #2642, #1285, #2870, #1499, #150, #1730, #375, #1957, #604, #2184, #832, #2419, #1063, #2649, #1293, #2879, #1508, #161, #1738, #384, #1967, #611, #2195, #840, #2431, #1071, #2657 ),
 .UNSPECIFIED., .F., .F.,
 ( 4, 2, 2, 2, 2, 2, 2, 2, 2, 2, 2, 2, 2, 2, 2, 2, 2, 2, 2, 2, 2, 2, 4 ),
 ( 0.0000000000000000000, 0.001758242227684067900, 0.002637363341526043300, 0.003516484455368018700, 0.005274726683051917500, 0.007032968910735815400, 0.008791211138419711600, 0.009670332252261703100, 0.01054945336610369300, 0.01142857447994568400, 0.01230769559378767400, 0.01406593782147173300, 0.01494505893531378000, 0.01582418004915583200, 0.01758242227683992600, 0.01846154339068191800, 0.01934066450452390900, 0.02109890673220793000, 0.02285714895989195100, 0.02373627007373400900, 0.02461539118757606300, 0.02637363341526018100, 0.02813187564294429900 ),
 .UNSPECIFIED. ) ;
#2201 = ORIENTED_EDGE ( 'NONE', *, *, #859, .T. ) ;
#2202 = CARTESIAN_POINT ( 'NONE',  ( -16.16867585225000100, 16.86948534312999800, 8.136001214510001100 ) ) ;
#2203 = CARTESIAN_POINT ( 'NONE',  ( -19.31666637358999900, 16.63403114704000500, 6.612376248815998300 ) ) ;
#2204 = CARTESIAN_POINT ( 'NONE',  ( -17.91314102000070100, 17.18826721531160100, 6.799999999999909200 ) ) ;
#2205 = CARTESIAN_POINT ( 'NONE',  ( -16.38296341727225100, 16.98342406253745900, 9.788817786215041400 ) ) ;
#2206 = CARTESIAN_POINT ( 'NONE',  ( -14.09355492876000100, 16.17821790744000100, 10.27833583696000000 ) ) ;
#2207 = FACE_OUTER_BOUND ( 'NONE', #2821, .T. ) ;
#2208 = CARTESIAN_POINT ( 'NONE',  ( -18.57788911481463900, 17.86302696208753800, 6.500000012057155300 ) ) ;
#2209 = CARTESIAN_POINT ( 'NONE',  ( -16.27925171868239200, 16.66355308494990700, 8.417828948349127300 ) ) ;
#2210 = VERTEX_POINT ( 'NONE', #1679 ) ;
#2211 = CARTESIAN_POINT ( 'NONE',  ( -14.18861757706000000, 15.44337000051999800, 8.797820162413996700 ) ) ;
#2212 = CARTESIAN_POINT ( 'NONE',  ( -19.16849317451999500, 16.61587913208000300, 6.736751149921000900 ) ) ;
#2213 = CARTESIAN_POINT ( 'NONE',  ( -19.02937875924582300, 18.77786381411166200, 6.849127380303849900 ) ) ;
#2214 = CARTESIAN_POINT ( 'NONE',  ( -16.46312311610226700, 16.43111991012745700, 8.719700174821024800 ) ) ;
#2215 = CARTESIAN_POINT ( 'NONE',  ( -14.82564861555666300, 16.54167987334044600, 10.03237574638971100 ) ) ;
#2216 = CARTESIAN_POINT ( 'NONE',  ( -15.79849968354253100, 17.51526136673397400, 8.278167768842116900 ) ) ;
#2217 = CARTESIAN_POINT ( 'NONE',  ( -19.70363611264509300, 17.50295459136937000, 6.616375793123295600 ) ) ;
#2218 = CARTESIAN_POINT ( 'NONE',  ( -16.46829233616743000, 16.50855495658521800, 8.951755998176251300 ) ) ;
#2219 = ORIENTED_EDGE ( 'NONE', *, *, #146, .F. ) ;
#2220 = CARTESIAN_POINT ( 'NONE',  ( -13.88048311052496300, 16.04861526153870300, 8.595660529477642700 ) ) ;
#2221 = CARTESIAN_POINT ( 'NONE',  ( -14.08308766206778100, 16.26147577895204000, 10.17117513944148800 ) ) ;
#2222 = CARTESIAN_POINT ( 'NONE',  ( -15.72844340028313500, 19.26735188146032500, 6.849127379370395700 ) ) ;
#2223 = CARTESIAN_POINT ( 'NONE',  ( -15.95683422713470800, 17.14314231761689600, 8.080250199704940100 ) ) ;
#2224 = CARTESIAN_POINT ( 'NONE',  ( -19.77737051121302200, 17.15845217282868500, 6.849127379370479200 ) ) ;
#2225 = CARTESIAN_POINT ( 'NONE',  ( -17.72284108431999500, 16.56359352971999500, 6.861126031966000100 ) ) ;
#2226 = CARTESIAN_POINT ( 'NONE',  ( -15.36808494196219300, 16.61666456561384200, 8.339306798537647200 ) ) ;
#2227 = EDGE_CURVE ( 'NONE', #2740, #2136, #1150, .T. ) ;
#2228 = CARTESIAN_POINT ( 'NONE',  ( -16.16831907005175100, 17.37419326161378700, 9.754423259035526400 ) ) ;
#2229 = ORIENTED_EDGE ( 'NONE', *, *, #1073, .F. ) ;
#2230 = CARTESIAN_POINT ( 'NONE',  ( -16.46212628822761900, 16.71529529096170600, 9.471327139899010200 ) ) ;
#2231 = CARTESIAN_POINT ( 'NONE',  ( -14.10870087443394100, 15.66690846257724000, 8.722151879659920200 ) ) ;
#2232 = CARTESIAN_POINT ( 'NONE',  ( -13.56801732536972500, 16.89229888606193300, 9.271558964019829900 ) ) ;
#2233 = ORIENTED_EDGE ( 'NONE', *, *, #503, .T. ) ;
#2234 = CARTESIAN_POINT ( 'NONE',  ( -18.44420101008040900, 18.58741046662178000, 6.500000014562651500 ) ) ;
#2235 = CARTESIAN_POINT ( 'NONE',  ( -16.99364192571479000, 17.69442274976913500, 6.500000049218971100 ) ) ;
#2236 = CARTESIAN_POINT ( 'NONE',  ( -18.29514726957587500, 19.44732597747905300, 6.500000012474300700 ) ) ;
#2237 = CARTESIAN_POINT ( 'NONE',  ( -16.20717589794426800, 19.51964677469734300, 6.500000021701393600 ) ) ;
#2238 = B_SPLINE_CURVE_WITH_KNOTS ( 'NONE', 3,
 ( #1403, #273, #1846, #496, #2072, #728, #2310, #948, #2546, #1185 ),
 .UNSPECIFIED., .F., .F.,
 ( 4, 1, 1, 1, 1, 1, 1, 4 ),
 ( 0.0000000000000000000, 0.1382689154283613100, 0.2829613492529092800, 0.4276537830774573300, 0.5723462169013755500, 0.7170386507259235400, 0.8617310845504715400, 1.000000000000000000 ),
 .UNSPECIFIED. ) ;
#2239 = CARTESIAN_POINT ( 'NONE',  ( -15.64536357811081900, 16.22016932609025000, 8.672093445064025000 ) ) ;
#2240 = CARTESIAN_POINT ( 'NONE',  ( -16.90433910190397200, 18.20375336390791400, 6.800000000001128700 ) ) ;
#2241 = CARTESIAN_POINT ( 'NONE',  ( -15.88032791161000100, 19.41346804401000300, 6.612376248815998300 ) ) ;
#2242 = CARTESIAN_POINT ( 'NONE',  ( -14.34210311034576100, 15.40476475544214100, 9.192941580517224800 ) ) ;
#2243 = CARTESIAN_POINT ( 'NONE',  ( -19.73126676264714200, 17.45970785440190900, 6.849127379370456100 ) ) ;
#2244 = CARTESIAN_POINT ( 'NONE',  ( -16.97919170142387200, 16.75408225445274400, 6.500000060088646900 ) ) ;
#2245 = DIRECTION ( 'NONE',  ( -0.8825321059033470700, 0.4699281812783680500, -0.01745240643030888200 ) ) ;
#2246 = CARTESIAN_POINT ( 'NONE',  ( -18.97462558992669600, 18.78138771966000000, 6.900036467719999700 ) ) ;
#2247 = ORIENTED_EDGE ( 'NONE', *, *, #2326, .F. ) ;
#2248 = CARTESIAN_POINT ( 'NONE',  ( -15.78759633979494300, 16.15428607414184700, 9.208901600684116700 ) ) ;
#2249 = CARTESIAN_POINT ( 'NONE',  ( -15.73484074516662500, 19.26303221797802900, 6.500000072644779100 ) ) ;
#2250 = CARTESIAN_POINT ( 'NONE',  ( -16.87547230895437200, 18.01358361245464900, 6.799999999999998900 ) ) ;
#2251 = MECHANICAL_DESIGN_GEOMETRIC_PRESENTATION_REPRESENTATION (  '', ( #1946 ), #2411 ) ;
#2252 = CARTESIAN_POINT ( 'NONE',  ( -18.49465283357254500, 18.49252440650631600, 6.228870284410966500 ) ) ;
#2253 = CARTESIAN_POINT ( 'NONE',  ( -18.30012457815761100, 17.54082155393697600, 6.500000018572700700 ) ) ;
#2254 = CARTESIAN_POINT ( 'NONE',  ( -17.02576407515394100, 17.46200637732688700, 7.139082217532001500 ) ) ;
#2255 = CARTESIAN_POINT ( 'NONE',  ( -19.23465010984000400, 18.35341373796999800, 6.889247048010001400 ) ) ;
#2256 = CARTESIAN_POINT ( 'NONE',  ( -15.67412520840385400, 18.68313391712821000, 6.500000077767714900 ) ) ;
#2257 = CARTESIAN_POINT ( 'NONE',  ( -17.44610353499223300, 18.84691038528199800, 6.699666672996042600 ) ) ;
#2258 = CARTESIAN_POINT ( 'NONE',  ( -17.84553753039102000, 18.96662729249302300, 5.943305426616564800 ) ) ;
#2259 = CARTESIAN_POINT ( 'NONE',  ( -16.23281424118579600, 17.28988349403820000, 9.852904034337404600 ) ) ;
#2260 = ORIENTED_EDGE ( 'NONE', *, *, #2265, .F. ) ;
#2261 = CARTESIAN_POINT ( 'NONE',  ( -17.16160299678999800, 16.66253709660999900, 6.736751137261000700 ) ) ;
#2262 = CARTESIAN_POINT ( 'NONE',  ( -17.31159596214716200, 17.24762446754589000, 7.778164375386102900 ) ) ;
#2263 = CARTESIAN_POINT ( 'NONE',  ( -19.48528355391999200, 17.92043922297999400, 6.860127676783999800 ) ) ;
#2264 = CARTESIAN_POINT ( 'NONE',  ( -14.28474686072335900, 15.84915232912495100, 10.08891771259716700 ) ) ;
#2265 = EDGE_CURVE ( 'NONE', #918, #955, #661, .T. ) ;
#2266 = CARTESIAN_POINT ( 'NONE',  ( -18.31646595368819800, 17.40571835032976700, 7.139082188156987900 ) ) ;
#2267 =( NAMED_UNIT ( * ) SI_UNIT ( $, .STERADIAN. ) SOLID_ANGLE_UNIT ( ) );
#2268 = CARTESIAN_POINT ( 'NONE',  ( -13.61416569327414900, 16.68495479627912600, 8.956348344125810700 ) ) ;
#2269 = CARTESIAN_POINT ( 'NONE',  ( -15.68970158724850000, 18.02041841910519800, 9.078350775635799500 ) ) ;
#2270 = FACE_OUTER_BOUND ( 'NONE', #196, .T. ) ;
#2271 = CARTESIAN_POINT ( 'NONE',  ( -16.74892913393999500, 16.89831436495999700, 6.861126032036001000 ) ) ;
#2272 = CARTESIAN_POINT ( 'NONE',  ( -17.67536010772882800, 17.16158809186122300, 8.417246530620488400 ) ) ;
#2273 = CARTESIAN_POINT ( 'NONE',  ( -17.78500244850999600, 16.57044572115999900, 6.612376242486998700 ) ) ;
#2274 = CARTESIAN_POINT ( 'NONE',  ( -14.11793198545396600, 16.19384667129858700, 10.17135205631448800 ) ) ;
#2275 = CARTESIAN_POINT ( 'NONE',  ( -16.87348412013092500, 18.44486162796133800, 6.500000051665851200 ) ) ;
#2276 = CARTESIAN_POINT ( 'NONE',  ( -18.52651590931611000, 17.69513838024513700, 7.778164344521614200 ) ) ;
#2277 = DIRECTION ( 'NONE',  ( 1.000000000000000000, 0.0000000000000000000, -2.495548767748251700E-015 ) ) ;
#2278 = CARTESIAN_POINT ( 'NONE',  ( -15.97613876389389300, 17.14382360912168900, 8.178730541027453800 ) ) ;
#2279 = FACE_OUTER_BOUND ( 'NONE', #1329, .T. ) ;
#2280 = CARTESIAN_POINT ( 'NONE',  ( -15.31135211069814900, 17.30463096251485000, 9.885015039346177100 ) ) ;
#2281 = CARTESIAN_POINT ( 'NONE',  ( -17.03023937021139700, 17.45819733836259500, 6.799999999999986500 ) ) ;
#2282 = FACE_OUTER_BOUND ( 'NONE', #325, .T. ) ;
#2283 = CARTESIAN_POINT ( 'NONE',  ( -16.38452814400000100, 17.34772092795999800, 6.488001347711999300 ) ) ;
#2284 = CARTESIAN_POINT ( 'NONE',  ( -17.46830510565000000, 16.58099340635999800, 6.736751137261000700 ) ) ;
#2285 = EDGE_CURVE ( 'NONE', #685, #2899, #1191, .T. ) ;
#2286 = CARTESIAN_POINT ( 'NONE',  ( -14.74627341321825800, 16.12533242290785700, 8.526381422726810700 ) ) ;
#2287 = CARTESIAN_POINT ( 'NONE',  ( -16.79207215790504300, 18.09032566610936100, 7.139082218880962400 ) ) ;
#2288 = CARTESIAN_POINT ( 'NONE',  ( -14.13759795571724900, 16.15686077276731000, 10.17135315379375800 ) ) ;
#2289 = CARTESIAN_POINT ( 'NONE',  ( -18.60792790099426200, 18.04967435030532400, 8.417246503431751800 ) ) ;
#2290 = VERTEX_POINT ( 'NONE', #1518 ) ;
#2291 = CARTESIAN_POINT ( 'NONE',  ( -17.93136048026000000, 19.55685745358000500, 6.612376242486998700 ) ) ;
#2292 = CARTESIAN_POINT ( 'NONE',  ( -16.41474782779158300, 17.38563255817006200, 6.899999996324686100 ) ) ;
#2293 = CARTESIAN_POINT ( 'NONE',  ( -19.22171707400999800, 16.61943317838000000, 6.871117638202001400 ) ) ;
#2294 = CARTESIAN_POINT ( 'NONE',  ( -15.20792321280871900, 16.87348371339578200, 8.219168621049531600 ) ) ;
#2295 = CARTESIAN_POINT ( 'NONE',  ( -17.11033308635912000, 17.51931028875291600, 6.799999999999989200 ) ) ;
#2296 = ORIENTED_EDGE ( 'NONE', *, *, #1964, .T. ) ;
#2297 = CARTESIAN_POINT ( 'NONE',  ( -17.91314102000068000, 17.18826721531160500, 6.514435142205441800 ) ) ;
#2298 = CARTESIAN_POINT ( 'NONE',  ( -15.69723803117183400, 18.63751087016684900, 6.875605298596064500 ) ) ;
#2299 = CARTESIAN_POINT ( 'NONE',  ( -15.63798983252000200, 19.04803304458999600, 6.612376248815998300 ) ) ;
#2300 = CARTESIAN_POINT ( 'NONE',  ( -16.85080316995787100, 17.75005801753126300, 7.778164382775681700 ) ) ;
#2301 = CARTESIAN_POINT ( 'NONE',  ( -18.49465283357256600, 18.49252440650630500, 6.500000014009639700 ) ) ;
#2302 = EDGE_LOOP ( 'NONE', ( #576, #725, #2713, #995 ) ) ;
#2303 = CARTESIAN_POINT ( 'NONE',  ( -18.38360905946999700, 19.41294520023999900, 6.736751137261000700 ) ) ;
#2304 = CARTESIAN_POINT ( 'NONE',  ( -15.18937382282262800, 16.73507638222551800, 10.06128148516994600 ) ) ;
#2305 = ORIENTED_EDGE ( 'NONE', *, *, #1562, .F. ) ;
#2306 = CARTESIAN_POINT ( 'NONE',  ( -18.52472126823905200, 17.68926846188962200, 6.228870284410942500 ) ) ;
#2307 = CARTESIAN_POINT ( 'NONE',  ( -16.20696686102942200, 19.52573728684997400, 6.849127380997131800 ) ) ;
#2308 = ORIENTED_EDGE ( 'NONE', *, *, #1720, .F. ) ;
#2309 = AXIS2_PLACEMENT_3D ( 'NONE', #466, #85, #1669 ) ;
#2310 = CARTESIAN_POINT ( 'NONE',  ( -16.20711036210575900, 19.52155622914611400, 6.871117638202001400 ) ) ;
#2311 = CARTESIAN_POINT ( 'NONE',  ( -18.76916143495999700, 19.13502433967000000, 6.861126032036001000 ) ) ;
#2312 = CARTESIAN_POINT ( 'NONE',  ( -14.56558039240776600, 16.40339953185923200, 8.358087163183450100 ) ) ;
#2313 = CARTESIAN_POINT ( 'NONE',  ( -16.67877811644000400, 19.51383572931000600, 6.895433249022999300 ) ) ;
#2314 = CARTESIAN_POINT ( 'NONE',  ( -18.49465283357252300, 18.49252440650632300, 5.943305426616500000 ) ) ;
#2315 = CARTESIAN_POINT ( 'NONE',  ( -14.43847667414475400, 15.31596585821151600, 9.433340538933569200 ) ) ;
#2316 = CARTESIAN_POINT ( 'NONE',  ( -16.20703653640892800, 19.52370722080868900, 6.732751586247067300 ) ) ;
#2317 = CARTESIAN_POINT ( 'NONE',  ( -16.26345595640245300, 17.19316632161832500, 9.748830719414652200 ) ) ;
#2318 = SHAPE_DEFINITION_REPRESENTATION ( #888, #2152 ) ;
#2319 = CARTESIAN_POINT ( 'NONE',  ( -19.19303313897074000, 16.61426271315003700, 6.849127380997123800 ) ) ;
#2320 = CARTESIAN_POINT ( 'NONE',  ( -19.03921478834000100, 18.74518551731999600, 6.488001347711999300 ) ) ;
#2321 = CARTESIAN_POINT ( 'NONE',  ( -13.58410979582604100, 16.70078597368418700, 8.842236928848228300 ) ) ;
#2322 = CARTESIAN_POINT ( 'NONE',  ( -17.17763404451999800, 19.55486628251999900, 6.871117638202001400 ) ) ;
#2323 = CARTESIAN_POINT ( 'NONE',  ( -17.31926846189023900, 17.24527873175952700, 5.943305426616556800 ) ) ;
#2324 = CARTESIAN_POINT ( 'NONE',  ( -13.93998451936475100, 15.90550856805095000, 8.506829405162628500 ) ) ;
#2325 = CARTESIAN_POINT ( 'NONE',  ( -18.08073153810899200, 18.89472126823850200, 6.799999999999944800 ) ) ;
#2326 = EDGE_CURVE ( 'NONE', #2290, #2137, #1717, .T. ) ;
#2327 = CARTESIAN_POINT ( 'NONE',  ( -16.41474782779158300, 17.38563255817006200, 6.899999996324686100 ) ) ;
#2328 = PRODUCT ( 'Верхний патрубок 2', 'Верхний патрубок 2', '', ( #555 ) ) ;
#2329 = CARTESIAN_POINT ( 'NONE',  ( -16.79190081204410100, 18.09185267105160500, 6.800000000000022900 ) ) ;
#2330 = CARTESIAN_POINT ( 'NONE',  ( -14.12973175961581900, 16.17165470302783000, 10.17135253361878000 ) ) ;
#2331 = B_SPLINE_CURVE_WITH_KNOTS ( 'NONE', 3,
 ( #834, #297, #1065, #2652, #1296, #2881, #1510, #164, #1741, #387, #1969, #614, #2197, #842, #735, #2315, #953, #2551, #1193, #2781, #1417, #61, #1641, #287, #1861, #511, #2086, #745, #2324, #964, #2562, #1203 ),
 .UNSPECIFIED., .F., .F.,
 ( 4, 1, 1, 1, 1, 1, 1, 1, 1, 1, 1, 1, 1, 1, 1, 1, 1, 1, 1, 1, 1, 1, 1, 1, 1, 1, 1, 1, 1, 4 ),
 ( 1.070390453954054400E-015, 0.0004462387989056642300, 0.001455126118919310800, 0.002464013438924009700, 0.003472900758937652900, 0.004481788078942343600, 0.005490675398955998000, 0.006499562718969649000, 0.007508450038974335800, 0.008517337358987990200, 0.009526224678992674400, 0.01053511199900632900, 0.01154399931901997600, 0.01255288663902467100, 0.01356177395903831800, 0.01457066127904301100, 0.01557954859905666200, 0.01658843591907031200, 0.01759732323907500400, 0.01860621055908865500, 0.01961509787909334100, 0.02062398519910699600, 0.02163287251912064700, 0.02264175983912533300, 0.02365064715913898400, 0.02465953447914367600, 0.02566842179915732700, 0.02667730911917097500, 0.02768619643917745800, 0.02813243523804535500 ),
 .UNSPECIFIED. ) ;
#2332 = CARTESIAN_POINT ( 'NONE',  ( -18.35249956721847700, 18.53546090675611800, 6.500000017344135000 ) ) ;
#2333 = CARTESIAN_POINT ( 'NONE',  ( -15.64773895015169800, 17.97385531885920400, 8.744250681490196800 ) ) ;
#2334 = CARTESIAN_POINT ( 'NONE',  ( -18.45386776372134800, 18.35621641767416900, 6.699666672064650700 ) ) ;
#2335 = CARTESIAN_POINT ( 'NONE',  ( -17.67716649429920400, 19.57618565918830100, 6.848617413941101800 ) ) ;
#2336 = CARTESIAN_POINT ( 'NONE',  ( -17.96313453425002400, 18.93067428036575400, 6.500000023441504700 ) ) ;
#2337 = CARTESIAN_POINT ( 'NONE',  ( -15.69277795886078800, 18.63513598362880000, 6.849127380996979000 ) ) ;
#2338 = CARTESIAN_POINT ( 'NONE',  ( -15.73244709574045100, 16.44788935954740000, 9.714465188261392800 ) ) ;
#2339 = CARTESIAN_POINT ( 'NONE',  ( -17.43686546574915400, 17.20932571963226100, 6.500000046620704600 ) ) ;
#2340 = CARTESIAN_POINT ( 'NONE',  ( -17.63882781068147300, 17.17159235709778600, 6.500000034084793700 ) ) ;
#2341 = VERTEX_POINT ( 'NONE', #866 ) ;
#2342 = CARTESIAN_POINT ( 'NONE',  ( -15.95878353825170300, 18.24302549670499800, 6.899997398026101800 ) ) ;
#2343 = CARTESIAN_POINT ( 'NONE',  ( -15.74539095026660200, 17.94263263223392400, 9.150107089073952000 ) ) ;
#2344 = CARTESIAN_POINT ( 'NONE',  ( -17.67623668073902000, 18.87000229013623800, 6.500000033207287600 ) ) ;
#2345 = CARTESIAN_POINT ( 'NONE',  ( -15.73690450993995200, 18.65863232499344100, 6.899999996324695000 ) ) ;
#2346 = CARTESIAN_POINT ( 'NONE',  ( -18.24255384605387300, 17.44656429794131500, 6.599333344128963200 ) ) ;
#2347 = CARTESIAN_POINT ( 'NONE',  ( -18.45105184238256200, 18.35022659296737000, 6.500000015032385100 ) ) ;
#2348 = CARTESIAN_POINT ( 'NONE',  ( -14.99295132709174900, 15.80718523923666300, 8.914538779439361300 ) ) ;
#2349 = CARTESIAN_POINT ( 'NONE',  ( -19.58272028747909800, 16.78165553391668400, 6.499999999928844500 ) ) ;
#2350 = CARTESIAN_POINT ( 'NONE',  ( -16.80292624055758200, 18.21407720279015100, 6.500000054773548400 ) ) ;
#2351 = CARTESIAN_POINT ( 'NONE',  ( -17.73140846650942800, 18.96993543469754000, 6.500000031913116600 ) ) ;
#2352 = CARTESIAN_POINT ( 'NONE',  ( -15.52780438620083100, 16.89997151060481400, 9.893399382299170600 ) ) ;
#2353 = CARTESIAN_POINT ( 'NONE',  ( -18.59707375944599100, 17.92592279720785700, 6.500000015288663700 ) ) ;
#2354 = LINE ( 'NONE', #736, #1795 ) ;
#2355 = CARTESIAN_POINT ( 'NONE',  ( -17.70000000000253600, 18.07000000000430600, 6.899999999997431700 ) ) ;
#2356 = DIRECTION ( 'NONE',  ( -3.206885370685022700E-015, 8.592823452936187700E-016, 1.000000000000000000 ) ) ;
#2357 = CARTESIAN_POINT ( 'NONE',  ( -17.02062398660048400, 18.49495394757871100, 6.500000048586048100 ) ) ;
#2358 = FILL_AREA_STYLE ('',( #984 ) ) ;
#2359 = CARTESIAN_POINT ( 'NONE',  ( -17.28058970810297600, 17.34482784294694100, 6.499000016193255300 ) ) ;
#2360 = CARTESIAN_POINT ( 'NONE',  ( -15.09836573235952900, 15.82578965477083300, 9.491929936529265500 ) ) ;
#2361 = CARTESIAN_POINT ( 'NONE',  ( -19.76584026648918200, 17.31106013737555600, 6.499999992310105900 ) ) ;
#2362 = CARTESIAN_POINT ( 'NONE',  ( -18.44420105425187000, 18.58741047893432000, 8.417246503750513800 ) ) ;
#2363 = VECTOR ( 'NONE', #1816, 100.0000000000000100 ) ;
#2364 = CARTESIAN_POINT ( 'NONE',  ( -17.08511312901794800, 18.72984386447313600, 6.500000047073322100 ) ) ;
#2365 = CARTESIAN_POINT ( 'NONE',  ( -15.69575419295000200, 18.63724698055000000, 6.612376248815998300 ) ) ;
#2366 = CARTESIAN_POINT ( 'NONE',  ( -16.04920603848443900, 17.01209979267936800, 8.193895482026258400 ) ) ;
#2367 = CARTESIAN_POINT ( 'NONE',  ( -19.68243817359081400, 17.49166717324483900, 6.895433249022999300 ) ) ;
#2368 = LINE ( 'NONE', #1678, #620 ) ;
#2369 = CARTESIAN_POINT ( 'NONE',  ( -16.96584679544617600, 17.54610029452434000, 6.899999999999999500 ) ) ;
#2370 = CARTESIAN_POINT ( 'NONE',  ( -19.74982809501000200, 17.38730470973000000, 6.488001347711999300 ) ) ;
#2371 = CARTESIAN_POINT ( 'NONE',  ( -16.99364192571479000, 17.69442274976913500, 6.500000049218971100 ) ) ;
#2372 = CARTESIAN_POINT ( 'NONE',  ( -18.43415322298503500, 18.59389971061068500, 6.900000000000003000 ) ) ;
#2373 = CARTESIAN_POINT ( 'NONE',  ( -15.00098956842695400, 16.17028685963975900, 9.921549903333902500 ) ) ;
#2374 = CARTESIAN_POINT ( 'NONE',  ( -18.08840406729891000, 18.89237554066075800, 6.500000020801362400 ) ) ;
#2375 = ORIENTED_EDGE ( 'NONE', *, *, #1057, .F. ) ;
#2376 = CARTESIAN_POINT ( 'NONE',  ( -16.80128589886296500, 18.01356901832209400, 6.500000053731083600 ) ) ;
#2377 = CARTESIAN_POINT ( 'NONE',  ( -15.62962181720000000, 18.82469043172999800, 6.736751149921000900 ) ) ;
#2378 = CARTESIAN_POINT ( 'NONE',  ( -14.24035277974092200, 15.95155424353707500, 10.13350370394325900 ) ) ;
#2379 = ADVANCED_FACE ( 'NONE', ( #1079 ), #664, .T. ) ;
#2380 = CARTESIAN_POINT ( 'NONE',  ( -17.72750109307768400, 17.16993552050555400, 6.899999999999997700 ) ) ;
#2381 = CARTESIAN_POINT ( 'NONE',  ( -19.77331349948000000, 17.16585176690000500, 6.612376248815998300 ) ) ;
#2382 = CARTESIAN_POINT ( 'NONE',  ( -17.72463995116574500, 18.97841192455356200, 7.139082191692224900 ) ) ;
#2383 = VERTEX_POINT ( 'NONE', #1120 ) ;
#2384 = ORIENTED_EDGE ( 'NONE', *, *, #1318, .F. ) ;
#2385 = CARTESIAN_POINT ( 'NONE',  ( -16.85206307886609900, 17.74768838714850000, 6.800000000000007800 ) ) ;
#2386 = CARTESIAN_POINT ( 'NONE',  ( -14.39301216680265400, 15.53607851317137000, 9.791730698702947300 ) ) ;
#2387 = ADVANCED_FACE ( 'NONE', ( #2279 ), #1540, .T. ) ;
#2388 = ORIENTED_EDGE ( 'NONE', *, *, #1686, .T. ) ;
#2389 = CARTESIAN_POINT ( 'NONE',  ( -19.71452506210000200, 16.95022276691999600, 6.736751149921000900 ) ) ;
#2390 = CARTESIAN_POINT ( 'NONE',  ( -18.72218462422079800, 16.59811380171169400, 6.848617413941101800 ) ) ;
#2391 = CARTESIAN_POINT ( 'NONE',  ( -14.26922113930999800, 15.35284080514000300, 8.960403553326004900 ) ) ;
#2392 = CARTESIAN_POINT ( 'NONE',  ( -18.22090851706000000, 16.62759772943330100, 6.900036467719999700 ) ) ;
#2393 = EDGE_CURVE ( 'NONE', #990, #1661, #2238, .T. ) ;
#2394 = CARTESIAN_POINT ( 'NONE',  ( -17.37354621537375700, 18.91573448188283600, 7.778164363246221000 ) ) ;
#2395 = CARTESIAN_POINT ( 'NONE',  ( -17.72185267105220400, 18.97809918795449800, 6.799999999999975800 ) ) ;
#2396 = CARTESIAN_POINT ( 'NONE',  ( -14.35062808153412600, 15.40168104020552800, 9.221660722320642400 ) ) ;
#2397 = CARTESIAN_POINT ( 'NONE',  ( -15.70400496033999900, 18.67379282263999900, 6.895433249022999300 ) ) ;
#2398 = FACE_OUTER_BOUND ( 'NONE', #730, .T. ) ;
#2399 = CARTESIAN_POINT ( 'NONE',  ( -15.08378703718000200, 15.67201493488000200, 9.097803031580999900 ) ) ;
#2400 = CARTESIAN_POINT ( 'NONE',  ( -17.08353410520636800, 18.73428166608435300, 8.417246534155729900 ) ) ;
#2401 = CARTESIAN_POINT ( 'NONE',  ( -19.22012826575579700, 16.66572478944169700, 6.899997398026101800 ) ) ;
#2402 = CARTESIAN_POINT ( 'NONE',  ( -16.93493179500328000, 18.55968593618801100, 6.514435142205559100 ) ) ;
#2403 = CARTESIAN_POINT ( 'NONE',  ( -14.13793877667456100, 15.62680538629384100, 8.756025623013838900 ) ) ;
#2404 = EDGE_LOOP ( 'NONE', ( #34, #2846, #200, #903 ) ) ;
#2405 = CARTESIAN_POINT ( 'NONE',  ( -16.38468780087999800, 17.33694759060000100, 6.860127676783999800 ) ) ;
#2406 = CARTESIAN_POINT ( 'NONE',  ( -17.72376331926371400, 17.26999770986190400, 6.500000032092452300 ) ) ;
#2407 = CARTESIAN_POINT ( 'NONE',  ( -15.85375516582000300, 16.08141425094999700, 9.252106708074002500 ) ) ;
#2408 = CARTESIAN_POINT ( 'NONE',  ( -16.85206307886606000, 17.74768838714851800, 6.228870284411073000 ) ) ;
#2409 = CARTESIAN_POINT ( 'NONE',  ( -16.08281276472999700, 19.50808214738999900, 6.736751149921000900 ) ) ;
#2410 = CARTESIAN_POINT ( 'NONE',  ( -13.88528581663662300, 16.04168029678897500, 8.595486661801789600 ) ) ;
#2411 =( GEOMETRIC_REPRESENTATION_CONTEXT ( 3 ) GLOBAL_UNCERTAINTY_ASSIGNED_CONTEXT ( ( #2674 ) ) GLOBAL_UNIT_ASSIGNED_CONTEXT ( ( #1237, #2820, #1457 ) ) REPRESENTATION_CONTEXT ( 'NONE', 'WORKASPACE' ) );
#2412 = CARTESIAN_POINT ( 'NONE',  ( -17.58484421659548900, 18.96308289775869200, 6.899999999999996800 ) ) ;
#2413 = FACE_OUTER_BOUND ( 'NONE', #2739, .T. ) ;
#2414 = CARTESIAN_POINT ( 'NONE',  ( -18.49465283357268000, 18.49252440650644000, 6.799999999998954400 ) ) ;
#2415 = CARTESIAN_POINT ( 'NONE',  ( -16.57386198106000200, 16.57824007728999800, 9.389506186328004500 ) ) ;
#2416 = CARTESIAN_POINT ( 'NONE',  ( -16.31259624337320300, 17.09514574185078200, 9.733917649043311500 ) ) ;
#2417 = CARTESIAN_POINT ( 'NONE',  ( -16.23152030129000100, 19.52629179807000200, 6.861126051024999800 ) ) ;
#2418 = CARTESIAN_POINT ( 'NONE',  ( -19.66309550618400000, 17.48136764472517500, 6.899999996324695000 ) ) ;
#2419 = CARTESIAN_POINT ( 'NONE',  ( -16.96941448095582700, 18.59642844442689500, 6.900000000000004800 ) ) ;
#2420 = CARTESIAN_POINT ( 'NONE',  ( -18.35644439707958100, 17.45149235190892900, 6.900000000000003000 ) ) ;
#2421 = FACE_BOUND ( 'NONE', #1697, .T. ) ;
#2422 = CARTESIAN_POINT ( 'NONE',  ( -15.63552154561999800, 16.21270248730999700, 8.508869594775999800 ) ) ;
#2423 = CARTESIAN_POINT ( 'NONE',  ( -14.32295425976000500, 15.68658874482999900, 10.11807491681999900 ) ) ;
#2424 = CARTESIAN_POINT ( 'NONE',  ( -16.07366542287173100, 16.96810434668374500, 8.199236376437047700 ) ) ;
#2425 = B_SPLINE_CURVE_WITH_KNOTS ( 'NONE', 3,
 ( #2681, #2914, #1544, #195, #1772, #421, #2000, #648, #2232, #875, #2466, #1108, #2693, #1335, #2928, #1556, #208, #1782 ),
 .UNSPECIFIED., .F., .F.,
 ( 4, 2, 2, 2, 2, 2, 2, 2, 4 ),
 ( 3.088811730073888900E-010, 0.003375665929399034600, 0.007033054636557393100, 0.01069044334371574200, 0.01406610896423327600, 0.01744177458475144900, 0.02109916329190949700, 0.02475655199906737600, 0.02813221761958538100 ),
 .UNSPECIFIED. ) ;
#2426 = EDGE_CURVE ( 'NONE', #1523, #975, #2773, .T. ) ;
#2427 = ORIENTED_EDGE ( 'NONE', *, *, #2897, .T. ) ;
#2428 = CARTESIAN_POINT ( 'NONE',  ( -13.89824690489000000, 15.88331628478000300, 8.515164517690003300 ) ) ;
#2429 = CARTESIAN_POINT ( 'NONE',  ( -19.52092508939000100, 16.72475226536999700, 6.736751149921000900 ) ) ;
#2430 = FACE_OUTER_BOUND ( 'NONE', #1958, .T. ) ;
#2431 = CARTESIAN_POINT ( 'NONE',  ( -16.85475680369494400, 17.75529172732568400, 6.900000000000000400 ) ) ;
#2432 = CARTESIAN_POINT ( 'NONE',  ( -18.59027146301922100, 18.21457322363956200, 6.900000000000000400 ) ) ;
#2433 = LINE ( 'NONE', #2920, #1894 ) ;
#2434 = CARTESIAN_POINT ( 'NONE',  ( -14.93778163885000200, 16.32376745898000100, 10.10198378895999800 ) ) ;
#2435 = CARTESIAN_POINT ( 'NONE',  ( -17.91314102000070100, 17.18826721531160100, 6.799999999999909200 ) ) ;
#2436 = CARTESIAN_POINT ( 'NONE',  ( -14.77151553502000200, 16.02273997782999300, 8.467928144148000800 ) ) ;
#2437 = CARTESIAN_POINT ( 'NONE',  ( -19.31770809694000200, 16.62980455818000200, 6.861126051024999800 ) ) ;
#2438 = CARTESIAN_POINT ( 'NONE',  ( -18.22273720016378800, 17.32863125398650100, 6.799999999999889700 ) ) ;
#2439 = CARTESIAN_POINT ( 'NONE',  ( -16.45157259811281500, 16.81839519173746200, 9.692984177887034000 ) ) ;
#2440 = EDGE_CURVE ( 'NONE', #764, #1323, #355, .T. ) ;
#2441 = CARTESIAN_POINT ( 'NONE',  ( -15.54045889731000000, 16.94755039424000000, 9.989385269318001200 ) ) ;
#2442 = CARTESIAN_POINT ( 'NONE',  ( -18.59835920818492700, 18.00825154438684100, 6.500000011576990900 ) ) ;
#2443 = CARTESIAN_POINT ( 'NONE',  ( -16.31740095513736900, 16.61701474156229000, 8.484950540579404800 ) ) ;
#2444 = VERTEX_POINT ( 'NONE', #957 ) ;
#2445 = CARTESIAN_POINT ( 'NONE',  ( -19.02399971534428500, 18.77499959613980000, 6.500000001253626500 ) ) ;
#2446 = CARTESIAN_POINT ( 'NONE',  ( -16.39783947767225300, 16.48464725205688800, 8.535312814398029200 ) ) ;
#2447 = ORIENTED_EDGE ( 'NONE', *, *, #1665, .F. ) ;
#2448 = CARTESIAN_POINT ( 'NONE',  ( -18.25068971124470400, 17.48033308635950800, 6.799999999999951900 ) ) ;
#2449 = CARTESIAN_POINT ( 'NONE',  ( -14.81778203048966700, 16.55647473928929300, 10.03237566976549800 ) ) ;
#2450 = CARTESIAN_POINT ( 'NONE',  ( -15.71910860700730200, 17.74128433623285200, 8.482408757088977700 ) ) ;
#2451 = CARTESIAN_POINT ( 'NONE',  ( -14.58091283296399600, 16.41155154946366300, 8.456568300805173500 ) ) ;
#2452 = CARTESIAN_POINT ( 'NONE',  ( -16.48051611153770300, 16.51888549278603300, 9.040470986364395500 ) ) ;
#2453 = CARTESIAN_POINT ( 'NONE',  ( -13.89065539033822100, 16.02948394846397700, 8.595660430394316300 ) ) ;
#2454 = FILL_AREA_STYLE_COLOUR ( '', #1864 ) ;
#2455 = CARTESIAN_POINT ( 'NONE',  ( -15.83138668285686600, 19.38136529314708100, 6.849127379370399300 ) ) ;
#2456 = CARTESIAN_POINT ( 'NONE',  ( -19.74265385019187500, 17.00881550981354800, 6.849127379370488100 ) ) ;
#2457 = B_SPLINE_CURVE_WITH_KNOTS ( 'NONE', 3,
 ( #2180, #1427, #1868, #517 ),
 .UNSPECIFIED., .F., .F.,
 ( 4, 4 ),
 ( 0.0000000000000000000, 1.000000000000000000 ),
 .UNSPECIFIED. ) ;
#2458 = DIRECTION ( 'NONE',  ( -0.9994115292234070400, 0.03430153429995404900, 0.0000000000000000000 ) ) ;
#2459 = EDGE_LOOP ( 'NONE', ( #2305, #979, #455, #2121 ) ) ;
#2460 = CARTESIAN_POINT ( 'NONE',  ( -15.41259571330255100, 16.54261311232176400, 8.365029616963402900 ) ) ;
#2461 = DIRECTION ( 'NONE',  ( -5.532673177841092600E-014, 1.106534635568218500E-013, -1.000000000000000000 ) ) ;
#2462 = CARTESIAN_POINT ( 'NONE',  ( -18.28966691363807900, 18.62068971124551800, 6.800000000000149000 ) ) ;
#2463 = CARTESIAN_POINT ( 'NONE',  ( -15.72298193853000100, 19.25474126380000000, 6.736751149921000900 ) ) ;
#2464 = CARTESIAN_POINT ( 'NONE',  ( -16.44334633994808200, 16.77498699349787300, 9.536217077349638400 ) ) ;
#2465 = CARTESIAN_POINT ( 'NONE',  ( -14.15101372851992100, 15.60702632264491300, 8.774594624434273600 ) ) ;
#2466 = CARTESIAN_POINT ( 'NONE',  ( -13.63008509384337500, 16.90104973363543600, 9.605659058165787900 ) ) ;
#2467 = ORIENTED_EDGE ( 'NONE', *, *, #1174, .T. ) ;
#2468 = CARTESIAN_POINT ( 'NONE',  ( -18.28332990936581100, 18.75536575405943700, 6.500000017190352300 ) ) ;
#2469 = CARTESIAN_POINT ( 'NONE',  ( -17.09703303743552300, 17.54417496493213200, 6.500000046793717300 ) ) ;
#2470 = CARTESIAN_POINT ( 'NONE',  ( -18.13152125800287700, 19.50826313774235000, 6.500000015852750200 ) ) ;
#2471 = SURFACE_SIDE_STYLE ('',( #599 ) ) ;
#2472 = VERTEX_POINT ( 'NONE', #513 ) ;
#2473 = CARTESIAN_POINT ( 'NONE',  ( -15.67855915667632000, 16.18657735615235900, 8.748879660699746100 ) ) ;
#2474 = CARTESIAN_POINT ( 'NONE',  ( -16.10621477634689600, 19.50974636123928700, 6.500000062504288000 ) ) ;
#2475 = CARTESIAN_POINT ( 'NONE',  ( -16.91371998503866400, 17.88908575183651800, 6.800000000001190000 ) ) ;
#2476 = CARTESIAN_POINT ( 'NONE',  ( -15.87782190960000200, 19.41702742524000400, 6.861126051024999800 ) ) ;
#2477 = CARTESIAN_POINT ( 'NONE',  ( -14.36358281764143500, 15.39712465359550100, 9.280158212018989200 ) ) ;
#2478 = CARTESIAN_POINT ( 'NONE',  ( -14.13060134484310600, 16.17211687687125000, 10.17117870428228500 ) ) ;
#2479 = CARTESIAN_POINT ( 'NONE',  ( -17.07267110307547500, 16.70703363790899600, 6.500000058237115600 ) ) ;
#2480 = CARTESIAN_POINT ( 'NONE',  ( -16.90534718115209900, 17.64747559759590300, 7.139082219115201700 ) ) ;
#2481 = CARTESIAN_POINT ( 'NONE',  ( -19.44459694472669400, 17.89877453323999700, 6.900036467719999700 ) ) ;
#2482 = EDGE_CURVE ( 'NONE', #2444, #1764, #874, .T. ) ;
#2483 = FACE_OUTER_BOUND ( 'NONE', #189, .T. ) ;
#2484 = CARTESIAN_POINT ( 'NONE',  ( -15.68251358754594800, 19.17554922225887600, 6.500000074412168000 ) ) ;
#2485 = CARTESIAN_POINT ( 'NONE',  ( -16.87547230895440700, 18.01358361245670300, 6.599333345991981400 ) ) ;
#2486 = CARTESIAN_POINT ( 'NONE',  ( -16.85206307886603800, 17.74768838714852800, 5.943305426616607400 ) ) ;
#2487 = CARTESIAN_POINT ( 'NONE',  ( -18.49465284278817400, 18.49252440907510600, 6.899999999999999500 ) ) ;
#2488 = CARTESIAN_POINT ( 'NONE',  ( -18.37937601339933000, 17.64504605242131800, 6.500000016713691800 ) ) ;
#2489 = CARTESIAN_POINT ( 'NONE',  ( -17.02576410460158800, 17.46200638553526500, 8.417246543657251200 ) ) ;
#2490 = CARTESIAN_POINT ( 'NONE',  ( -19.70462146464000600, 17.47080055155999600, 6.889247048010001400 ) ) ;
#2491 = CARTESIAN_POINT ( 'NONE',  ( -16.03169954304171100, 17.99863605458259400, 6.849127379870107100 ) ) ;
#2492 = ORIENTED_EDGE ( 'NONE', *, *, #1803, .T. ) ;
#2493 = CARTESIAN_POINT ( 'NONE',  ( -17.44610353499200500, 18.84691038528264100, 6.499000018988332400 ) ) ;
#2494 = CARTESIAN_POINT ( 'NONE',  ( -18.02645384352076600, 17.22426553453202300, 7.778164359066495900 ) ) ;
#2495 = CARTESIAN_POINT ( 'NONE',  ( -18.18968593618852800, 18.83506820499543400, 5.943305426616534600 ) ) ;
#2496 = ORIENTED_EDGE ( 'NONE', *, *, #1825, .T. ) ;
#2497 = CARTESIAN_POINT ( 'NONE',  ( -16.17953015362540000, 17.39009628769519700, 9.852904034337404600 ) ) ;
#2498 = CARTESIAN_POINT ( 'NONE',  ( -17.01836429864000200, 16.73093144791000200, 6.488001347711999300 ) ) ;
#2499 = CARTESIAN_POINT ( 'NONE',  ( -17.43686546574915400, 17.20932571963226100, 6.500000046620721500 ) ) ;
#2500 = CARTESIAN_POINT ( 'NONE',  ( -19.01590527434000000, 18.80336820841000300, 6.852446001638699400 ) ) ;
#2501 = CARTESIAN_POINT ( 'NONE',  ( -14.25134280167458000, 15.92516398667781800, 10.12403019573093000 ) ) ;
#2502 = LINE ( 'NONE', #409, #1299 ) ;
#2503 = DIRECTION ( 'NONE',  ( 2.303901247775325300E-008, -6.422004511313038400E-009, -0.9999999999999997800 ) ) ;
#2504 = VECTOR ( 'NONE', #2810, 100.0000000000000000 ) ;
#2505 = CARTESIAN_POINT ( 'NONE',  ( -18.31646598313584200, 17.40571835853814500, 8.417246514282238600 ) ) ;
#2506 = CARTESIAN_POINT ( 'NONE',  ( -15.08177342206111000, 17.18003198339543800, 8.405586585610032900 ) ) ;
#2507 = CARTESIAN_POINT ( 'NONE',  ( -15.64773895015169800, 17.97385531885920400, 8.744250681490196800 ) ) ;
#2508 = CARTESIAN_POINT ( 'NONE',  ( -16.63392043987000300, 17.00804560992999700, 6.612376242486998700 ) ) ;
#2509 = CARTESIAN_POINT ( 'NONE',  ( -17.80035076083069600, 17.17561209734478200, 7.139082201525513800 ) ) ;
#2510 = CARTESIAN_POINT ( 'NONE',  ( -17.78524817773999400, 16.56611073643999900, 6.861126032036001000 ) ) ;
#2511 = CARTESIAN_POINT ( 'NONE',  ( -14.57246658242443400, 16.42603820181109200, 8.456684142929830700 ) ) ;
#2512 = CARTESIAN_POINT ( 'NONE',  ( -16.87348414957856900, 18.44486163616970800, 7.778164377791102700 ) ) ;
#2513 = CARTESIAN_POINT ( 'NONE',  ( -15.53336455878506500, 16.88951480955642700, 9.893400614159009600 ) ) ;
#2514 = CARTESIAN_POINT ( 'NONE',  ( -18.56067428036632100, 17.80686546574857900, 6.500000016891874600 ) ) ;
#2515 = CARTESIAN_POINT ( 'NONE',  ( -17.61487468687000700, 19.57172177120000000, 6.736751137261000700 ) ) ;
#2516 = B_SPLINE_SURFACE_WITH_KNOTS ( 'NONE', 3, 3, ( 
 ( #218, #436, #2013, #665 ),
 ( #2246, #890, #2481, #1121 ),
 ( #2704, #1349, #2939, #1570 ),
 ( #221, #1793, #445, #2023 ),
 ( #675, #2255, #896, #2490 ),
 ( #1128, #2711, #1355, #2948 ),
 ( #1578, #231, #1801, #453 ),
 ( #2030, #682, #2263, #906 ),
 ( #2500, #1136, #2722, #1367 ),
 ( #7, #1591, #241, #1813 ) ),
 .UNSPECIFIED., .F., .F., .F.,
 ( 4, 1, 1, 1, 1, 1, 1, 4 ),
 ( 4, 4 ),
 ( -0.01020195370449000100, 0.2196056929750000200, 0.4494133396540001000, 0.6792209863340001900, 0.9090286330140002800, 1.138836279693000100, 1.368643926373000400, 1.598451573052000100 ),
 ( -0.07000810204480000000, 14.92908520428000200 ),
 .UNSPECIFIED. ) ;
#2517 = CARTESIAN_POINT ( 'NONE',  ( -14.58430525887758100, 16.40377260720357500, 8.456683390748063200 ) ) ;
#2518 = B_SPLINE_CURVE_WITH_KNOTS ( 'NONE', 3,
 ( #861, #2217, #2678, #1320 ),
 .UNSPECIFIED., .F., .F.,
 ( 4, 4 ),
 ( 0.0000000000000000000, 1.000000000000000000 ),
 .UNSPECIFIED. ) ;
#2519 = CARTESIAN_POINT ( 'NONE',  ( -15.14384728399647900, 17.53011310705818500, 9.646591352941669600 ) ) ;
#2520 = CARTESIAN_POINT ( 'NONE',  ( -16.90534716642999800, 17.64747559349170200, 6.800000000000001600 ) ) ;
#2521 = CARTESIAN_POINT ( 'NONE',  ( -16.38071980907999500, 17.34562990594999500, 6.736751137261000700 ) ) ;
#2522 = CARTESIAN_POINT ( 'NONE',  ( -17.31391915906000300, 16.61787280179000300, 6.488001347711999300 ) ) ;
#2523 = CARTESIAN_POINT ( 'NONE',  ( -14.79018248964438000, 16.05819874758942900, 8.567509909362604100 ) ) ;
#2524 = CARTESIAN_POINT ( 'NONE',  ( -16.79207218735268700, 18.09032567431772900, 8.417246545006214800 ) ) ;
#2525 = CARTESIAN_POINT ( 'NONE',  ( -15.52549836268392800, 16.90430873981655000, 9.893399993984013800 ) ) ;
#2526 = EDGE_LOOP ( 'NONE', ( #1704, #1999 ) ) ;
#2527 = CARTESIAN_POINT ( 'NONE',  ( -18.59438792148416700, 18.17035075021049900, 7.139082176843465400 ) ) ;
#2528 = CARTESIAN_POINT ( 'NONE',  ( -17.93202930842999600, 19.56115573370000100, 6.861126032036001000 ) ) ;
#2529 = CARTESIAN_POINT ( 'NONE',  ( -18.22236595548000100, 16.58513371747999800, 6.871117638202001400 ) ) ;
#2530 = CARTESIAN_POINT ( 'NONE',  ( -18.11941029189714700, 18.79517215704953500, 6.499000018988248900 ) ) ;
#2531 = CARTESIAN_POINT ( 'NONE',  ( -14.84156042526220200, 16.55014071827818300, 10.13074111860706900 ) ) ;
#2532 = CARTESIAN_POINT ( 'NONE',  ( -17.27194176119257900, 17.38609037782391900, 6.799999999999981200 ) ) ;
#2533 = CARTESIAN_POINT ( 'NONE',  ( -17.55446246960798000, 17.17337270750501000, 6.514435142205470300 ) ) ;
#2534 = CARTESIAN_POINT ( 'NONE',  ( -15.69277795886078800, 18.63513598362880000, 6.849127380996979000 ) ) ;
#2535 = CARTESIAN_POINT ( 'NONE',  ( -15.63373584779000100, 19.04895654595999600, 6.861126051024999800 ) ) ;
#2536 = CARTESIAN_POINT ( 'NONE',  ( -16.90534716642827800, 17.64747559349171300, 6.500000056052576800 ) ) ;
#2537 = ORIENTED_EDGE ( 'NONE', *, *, #2227, .F. ) ;
#2538 = CARTESIAN_POINT ( 'NONE',  ( -18.49465286302021000, 18.49252441471468700, 7.778164340134889400 ) ) ;
#2539 = CARTESIAN_POINT ( 'NONE',  ( -18.51884953283999700, 19.32984810955000300, 6.488001347711999300 ) ) ;
#2540 = CARTESIAN_POINT ( 'NONE',  ( -17.17922285276999600, 19.50857467145999600, 6.899997398026101800 ) ) ;
#2541 = CARTESIAN_POINT ( 'NONE',  ( -18.31180266163595900, 17.40023937021000900, 6.228870284410950500 ) ) ;
#2542 = CARTESIAN_POINT ( 'NONE',  ( -18.98525218343324300, 18.75436742074941800, 6.899999996324678100 ) ) ;
#2543 = EDGE_CURVE ( 'NONE', #89, #2137, #1408, .T. ) ;
#2544 = ORIENTED_EDGE ( 'NONE', *, *, #897, .T. ) ;
#2545 = ORIENTED_EDGE ( 'NONE', *, *, #1057, .T. ) ;
#2546 = CARTESIAN_POINT ( 'NONE',  ( -16.20696467242182600, 19.52580105242484300, 6.852786849251622800 ) ) ;
#2547 = CARTESIAN_POINT ( 'NONE',  ( -18.87197608648000400, 19.01379278012999700, 6.612376242486998700 ) ) ;
#2548 = CARTESIAN_POINT ( 'NONE',  ( -14.09264942973994300, 16.28048212405530700, 10.26965966074190100 ) ) ;
#2549 = CARTESIAN_POINT ( 'NONE',  ( -17.67812923496999400, 19.54813519021000100, 6.895433249022999300 ) ) ;
#2550 = CARTESIAN_POINT ( 'NONE',  ( -18.58173278468693500, 18.28314102000011900, 5.943305426616487500 ) ) ;
#2551 = CARTESIAN_POINT ( 'NONE',  ( -14.40207266737475500, 15.30954097475150500, 9.233943202872566800 ) ) ;
#2552 = CARTESIAN_POINT ( 'NONE',  ( -16.20710621469931200, 19.52167706917081300, 6.616375793123557600 ) ) ;
#2553 = CARTESIAN_POINT ( 'NONE',  ( -16.22990926949605100, 17.25823641087945900, 9.754097015265223500 ) ) ;
#2554 = B_SPLINE_CURVE_WITH_KNOTS ( 'NONE', 3,
 ( #656, #1987, #2474, #1114, #2698, #1340, #2932, #1563, #213, #1787, #438, #2017, #667, #2249, #891, #2484, #1122, #2705, #1350, #2941, #1571, #222, #1796, #448, #2024, #676, #2256, #898 ),
 .UNSPECIFIED., .F., .F.,
 ( 4, 2, 2, 2, 2, 2, 2, 2, 2, 2, 2, 2, 2, 4 ),
 ( 5.551115123125782100E-017, 0.001514866253563945100, 0.002272299380345878300, 0.003029732507127811400, 0.003787165633909744500, 0.004544598760691677600, 0.005302031887473610700, 0.006059465014255542900, 0.007574331267819296400, 0.008331764394601225100, 0.009089197521383150400, 0.009846630648165079200, 0.01060406377494700600, 0.01211893002851092300 ),
 .UNSPECIFIED. ) ;
#2555 = VECTOR ( 'NONE', #1336, 100.0000000000000100 ) ;
#2556 = CARTESIAN_POINT ( 'NONE',  ( -19.04309185984000100, 18.74714020192999400, 6.736751137261000700 ) ) ;
#2557 = CARTESIAN_POINT ( 'NONE',  ( -13.67737545520194000, 16.43583016367275100, 8.603813242443603600 ) ) ;
#2558 = PRODUCT_DEFINITION_CONTEXT ( 'detailed design', #2135, 'design' ) ;
#2559 = CARTESIAN_POINT ( 'NONE',  ( -16.17815923149999700, 19.52417079169000400, 6.860127676785998200 ) ) ;
#2560 = CARTESIAN_POINT ( 'NONE',  ( -17.03023937021132300, 17.45819733836262700, 5.943305426616585200 ) ) ;
#2561 = CARTESIAN_POINT ( 'NONE',  ( -15.79327370819624800, 16.17636584926988200, 9.296118232173252900 ) ) ;
#2562 = CARTESIAN_POINT ( 'NONE',  ( -13.87697197110340000, 16.02032840764491800, 8.497006017554632300 ) ) ;
#2563 = CARTESIAN_POINT ( 'NONE',  ( -17.72185267105220400, 18.97809918795449800, 6.799999999999975800 ) ) ;
#2564 = CARTESIAN_POINT ( 'NONE',  ( -16.96584507535145300, 17.54609741402191500, 6.500000049870998900 ) ) ;
#2565 = CARTESIAN_POINT ( 'NONE',  ( -16.85206307886609900, 17.74768838714850000, 6.800000000000007800 ) ) ;
#2566 = CARTESIAN_POINT ( 'NONE',  ( -15.47405163345060900, 17.00106444163274200, 9.893395937897112800 ) ) ;
#2567 = CARTESIAN_POINT ( 'NONE',  ( -18.28546027992272400, 18.61517834864877900, 6.500000018916680700 ) ) ;
#2568 = CARTESIAN_POINT ( 'NONE',  ( -15.68970158724850000, 18.02041841910519800, 9.078350775635799500 ) ) ;
#2569 = CARTESIAN_POINT ( 'NONE',  ( -18.45386776372146900, 18.35621641767356100, 6.499000016193276600 ) ) ;
#2570 = CARTESIAN_POINT ( 'NONE',  ( -19.19282410205370600, 16.62035322530261200, 6.500000004979031400 ) ) ;
#2571 = CARTESIAN_POINT ( 'NONE',  ( -17.72463993644192100, 18.97841192044938600, 6.500000028629614200 ) ) ;
#2572 = CARTESIAN_POINT ( 'NONE',  ( -18.37852269309183500, 18.66201736973664500, 6.500000016733715700 ) ) ;
#2573 = CARTESIAN_POINT ( 'NONE',  ( -15.70646359954695200, 16.51645397307816100, 9.766907933033932600 ) ) ;
#2574 = CARTESIAN_POINT ( 'NONE',  ( -17.67536006355734900, 17.16158807954865000, 6.500000041432596000 ) ) ;
#2575 = ORIENTED_EDGE ( 'NONE', *, *, #356, .F. ) ;
#2576 = CARTESIAN_POINT ( 'NONE',  ( -17.72750189668125000, 17.16993741671605600, 6.500000032004763300 ) ) ;
#2577 = CARTESIAN_POINT ( 'NONE',  ( -16.42537441007329600, 17.35861228033999400, 6.900036467719999700 ) ) ;
#2578 = CARTESIAN_POINT ( 'NONE',  ( -14.35355744524961000, 17.20258163031590100, 9.428059938795716000 ) ) ;
#2579 = FACE_OUTER_BOUND ( 'NONE', #1761, .T. ) ;
#2580 = CARTESIAN_POINT ( 'NONE',  ( -17.57103041955151200, 18.86124039594400500, 6.500000035675126900 ) ) ;
#2581 = CARTESIAN_POINT ( 'NONE',  ( -17.95389646500741800, 17.29308961471564700, 6.799999999999921700 ) ) ;
#2582 = CARTESIAN_POINT ( 'NONE',  ( -18.40635807428669000, 18.44557725022779900, 6.500000016080773200 ) ) ;
#2583 = CARTESIAN_POINT ( 'NONE',  ( -15.02133155628972200, 15.78482985678969200, 8.997129876166193100 ) ) ;
#2584 = CARTESIAN_POINT ( 'NONE',  ( -19.63458854545176300, 16.83675827643108000, 6.499999998379983900 ) ) ;
#2585 = CARTESIAN_POINT ( 'NONE',  ( -16.80561209324115500, 17.96964925389175200, 6.500000056281384900 ) ) ;
#2586 = CARTESIAN_POINT ( 'NONE',  ( -17.64318586928309800, 18.96868313645142100, 6.500000033982564300 ) ) ;
#2587 = CARTESIAN_POINT ( 'NONE',  ( -15.51763207553279100, 16.91910280727793400, 9.893399283215712700 ) ) ;
#2588 = CARTESIAN_POINT ( 'NONE',  ( -18.59438790676034600, 18.17035074610631200, 6.500000013780825400 ) ) ;
#2589 = CARTESIAN_POINT ( 'NONE',  ( -17.64914840914525800, 19.55161495436133000, 6.894485627833922200 ) ) ;
#2590 = DIRECTION ( 'NONE',  ( 1.000000000000000000, 0.0000000000000000000, 0.0000000000000000000 ) ) ;
#2591 = CARTESIAN_POINT ( 'NONE',  ( -19.69167885629000400, 17.52421090408000000, 6.612376248815998300 ) ) ;
#2592 = CARTESIAN_POINT ( 'NONE',  ( -16.95076767180049500, 18.35450813456362300, 6.500000050224677800 ) ) ;
#2593 = SURFACE_STYLE_USAGE ( .BOTH. , #1000 ) ;
#2594 = CARTESIAN_POINT ( 'NONE',  ( -17.07018968646017500, 17.55047040283298200, 6.699666672064591200 ) ) ;
#2595 = CARTESIAN_POINT ( 'NONE',  ( -15.09570230312716200, 15.86181890230830000, 9.574521033251418300 ) ) ;
#2596 = CARTESIAN_POINT ( 'NONE',  ( -19.74368152760262500, 17.40974343095949500, 6.499999992186879200 ) ) ;
#2597 = CARTESIAN_POINT ( 'NONE',  ( -18.37423595429358500, 18.67799363087893000, 7.139082178655466600 ) ) ;
#2598 = CARTESIAN_POINT ( 'NONE',  ( -16.98725867941034600, 18.62033518313380800, 6.500000049368692200 ) ) ;
#2599 = CARTESIAN_POINT ( 'NONE',  ( -15.69191686212000100, 18.63520748519000100, 6.861126051024999800 ) ) ;
#2600 = CARTESIAN_POINT ( 'NONE',  ( -16.09364902724021800, 16.93696933798808900, 8.216406035714067400 ) ) ;
#2601 = CARTESIAN_POINT ( 'NONE',  ( -19.66632609236064500, 17.48308785813997400, 6.899999841221782200 ) ) ;
#2602 = CARTESIAN_POINT ( 'NONE',  ( -17.04115009906315600, 17.45615237012315300, 6.899999999999996800 ) ) ;
#2603 = ORIENTED_EDGE ( 'NONE', *, *, #1379, .T. ) ;
#2604 = CARTESIAN_POINT ( 'NONE',  ( -19.75400928999999900, 17.38851584527999700, 6.736751149921000900 ) ) ;
#2605 = CARTESIAN_POINT ( 'NONE',  ( -16.22775681356327500, 18.92000000000619400, 6.850000000000007600 ) ) ;
#2606 = ADVANCED_FACE ( 'NONE', ( #2889 ), #1607, .T. ) ;
#2607 = CARTESIAN_POINT ( 'NONE',  ( -18.35884991936782700, 18.68384763501147800, 6.900000000000000400 ) ) ;
#2608 = CARTESIAN_POINT ( 'NONE',  ( -14.96988687313619300, 16.24422980859335300, 9.962678389971463500 ) ) ;
#2609 = EDGE_CURVE ( 'NONE', #1175, #1876, #1931, .T. ) ;
#2610 = CARTESIAN_POINT ( 'NONE',  ( -18.08840409674655100, 18.89237554886912900, 7.778164346926614000 ) ) ;
#2611 = CARTESIAN_POINT ( 'NONE',  ( -16.82100640123440300, 17.86790395392498000, 6.500000053268498100 ) ) ;
#2612 = CARTESIAN_POINT ( 'NONE',  ( -15.62677825390999900, 18.89950701798000000, 6.488001347711999300 ) ) ;
#2613 = CARTESIAN_POINT ( 'NONE',  ( -14.27483965426831200, 15.87466664687310000, 10.10148116664456100 ) ) ;
#2614 = CARTESIAN_POINT ( 'NONE',  ( -17.81515580183584600, 17.17691710737704400, 6.900000000000000400 ) ) ;
#2615 = CARTESIAN_POINT ( 'NONE',  ( -19.77764901504999900, 17.16546119611000200, 6.861126051024999800 ) ) ;
#2616 = CARTESIAN_POINT ( 'NONE',  ( -17.72463998061338600, 18.97841193276192900, 8.417246517817478200 ) ) ;
#2617 = CARTESIAN_POINT ( 'NONE',  ( -16.90534716642659800, 17.64747559349170200, 6.800000000000000700 ) ) ;
#2618 = CARTESIAN_POINT ( 'NONE',  ( -14.40065508425752800, 15.49225574058167600, 9.713323809932941100 ) ) ;
#2619 = CARTESIAN_POINT ( 'NONE',  ( -17.72283350570079500, 16.56381434081170000, 6.848617413941101800 ) ) ;
#2620 = CARTESIAN_POINT ( 'NONE',  ( -15.71612510786999700, 16.12217329192999700, 8.671452985689001000 ) ) ;
#2621 = CARTESIAN_POINT ( 'NONE',  ( -19.22052268645999400, 16.65423292450000000, 6.899230593224002600 ) ) ;
#2622 = CARTESIAN_POINT ( 'NONE',  ( -17.27747559349225500, 18.86465283357204500, 6.500000039662387200 ) ) ;
#2623 = CARTESIAN_POINT ( 'NONE',  ( -18.08073153810899200, 18.89472126823850200, 6.799999999999944800 ) ) ;
#2624 = CARTESIAN_POINT ( 'NONE',  ( -14.32628433742089400, 15.41526669506299800, 9.135932652847829500 ) ) ;
#2625 = AXIS2_PLACEMENT_3D ( 'NONE', #2725, #1888, #1232 ) ;
#2626 = ADVANCED_FACE ( 'NONE', ( #2207 ), #1551, .T. ) ;
#2627 = CARTESIAN_POINT ( 'NONE',  ( -16.16534989015999100, 17.78658626202999600, 6.889247048010001400 ) ) ;
#2628 = CARTESIAN_POINT ( 'NONE',  ( -16.53069100574000000, 16.44134742166999900, 8.808852463943001300 ) ) ;
#2629 = CARTESIAN_POINT ( 'NONE',  ( -17.01463426066302600, 18.65332991346944500, 7.139082210137734000 ) ) ;
#2630 = FACE_OUTER_BOUND ( 'NONE', #2902, .T. ) ;
#2631 = DIRECTION ( 'NONE',  ( 0.9994115292233689600, -0.03430153430106389800, 0.0000000000000000000 ) ) ;
#2632 = CARTESIAN_POINT ( 'NONE',  ( -17.17726279983537900, 18.81136874601151700, 6.514435142205544900 ) ) ;
#2633 = CARTESIAN_POINT ( 'NONE',  ( -14.09513527077681500, 15.68863558586688900, 8.706312686045302800 ) ) ;
#2634 = CARTESIAN_POINT ( 'NONE',  ( -15.91471644607999800, 18.21956077702000000, 6.860127676783999800 ) ) ;
#2635 = CARTESIAN_POINT ( 'NONE',  ( -17.82896958045079900, 17.27875960405465600, 6.500000029624622800 ) ) ;
#2636 = CARTESIAN_POINT ( 'NONE',  ( -14.41137605851000100, 15.34018664822000300, 9.638544677361002400 ) ) ;
#2637 = CARTESIAN_POINT ( 'NONE',  ( -19.22089744282000000, 16.64331400113999800, 6.895433249022999300 ) ) ;
#2638 = EDGE_CURVE ( 'NONE', #1323, #1834, #2457, .T. ) ;
#2639 = CARTESIAN_POINT ( 'NONE',  ( -16.79190081204405200, 18.09185267105162300, 6.228870284411089900 ) ) ;
#2640 = CARTESIAN_POINT ( 'NONE',  ( -16.15713029935999900, 19.51716587692000000, 6.488001347711999300 ) ) ;
#2641 = DIRECTION ( 'NONE',  ( -0.4694715627858867500, -0.8829475928589291000, -1.520817127148177300E-014 ) ) ;
#2642 = CARTESIAN_POINT ( 'NONE',  ( -17.49803753015996900, 18.94755116006497500, 6.900000000000002100 ) ) ;
#2643 = CARTESIAN_POINT ( 'NONE',  ( -17.92892090692334500, 19.56516776182072400, 6.849127378788979900 ) ) ;
#2644 = CARTESIAN_POINT ( 'NONE',  ( -15.11466291105000100, 15.86379161200000400, 9.763018725451997800 ) ) ;
#2645 = CARTESIAN_POINT ( 'NONE',  ( -16.42371943649138900, 16.83457557644822000, 9.596591377165816900 ) ) ;
#2646 = B_SPLINE_CURVE_WITH_KNOTS ( 'NONE', 3,
 ( #2763, #271, #2069, #726 ),
 .UNSPECIFIED., .F., .F.,
 ( 4, 4 ),
 ( 0.0000000000000000000, 1.000000000000000000 ),
 .UNSPECIFIED. ) ;
#2647 = CARTESIAN_POINT ( 'NONE',  ( -18.40635807428681000, 18.44557725022783100, 6.799999999999248400 ) ) ;
#2648 = CARTESIAN_POINT ( 'NONE',  ( -19.67883198821000300, 16.88405583139000000, 6.861126051024999800 ) ) ;
#2649 = CARTESIAN_POINT ( 'NONE',  ( -16.92127533814722500, 18.52216558435709700, 6.900000000000000400 ) ) ;
#2650 = CARTESIAN_POINT ( 'NONE',  ( -18.43058553747543000, 17.54357156070972200, 6.900000000000003000 ) ) ;
#2651 = ORIENTED_EDGE ( 'NONE', *, *, #1026, .F. ) ;
#2652 = CARTESIAN_POINT ( 'NONE',  ( -14.21290569801475500, 16.05062333284094200, 10.25983596089251100 ) ) ;
#2653 = CARTESIAN_POINT ( 'NONE',  ( -15.76985822832000000, 16.45592123161999600, 9.829124349178002300 ) ) ;
#2654 = CARTESIAN_POINT ( 'NONE',  ( -15.97216654051409000, 17.15129446042562800, 8.178731035400828000 ) ) ;
#2655 = CARTESIAN_POINT ( 'NONE',  ( -15.34515087345000100, 16.65264877156999600, 8.226213950052997600 ) ) ;
#2656 = CARTESIAN_POINT ( 'NONE',  ( -19.45498502324000600, 16.68929080919999900, 6.488001347711999300 ) ) ;
#2657 = CARTESIAN_POINT ( 'NONE',  ( -16.90534717564388200, 17.64747559606051700, 6.900000000000002100 ) ) ;
#2658 = CARTESIAN_POINT ( 'NONE',  ( -18.54524321473599400, 18.38470827780952300, 6.899999999999997700 ) ) ;
#2659 = ORIENTED_EDGE ( 'NONE', *, *, #1419, .T. ) ;
#2660 = CARTESIAN_POINT ( 'NONE',  ( -16.38468560741000200, 17.09309994576999600, 9.813033221321001400 ) ) ;
#2661 = ORIENTED_EDGE ( 'NONE', *, *, #859, .F. ) ;
#2662 = CARTESIAN_POINT ( 'NONE',  ( -18.24652986506069400, 17.35432556474515300, 6.500000019829872900 ) ) ;
#2663 = CARTESIAN_POINT ( 'NONE',  ( -16.21841950357999500, 16.79207246462999900, 8.178977576509998600 ) ) ;
#2664 = CARTESIAN_POINT ( 'NONE',  ( -19.24312533684999900, 16.62067265128000000, 6.612376248815998300 ) ) ;
#2665 = CARTESIAN_POINT ( 'NONE',  ( -18.46506820499600100, 17.58031406381010000, 6.799999999999877300 ) ) ;
#2666 = CARTESIAN_POINT ( 'NONE',  ( -16.50214520220225400, 16.67349445921745900, 9.560424689768037600 ) ) ;
#2667 = CARTESIAN_POINT ( 'NONE',  ( -14.07739308405000000, 16.20782893128000200, 10.27624580944000100 ) ) ;
#2668 = CARTESIAN_POINT ( 'NONE',  ( -18.60009120020368600, 18.09661423025035600, 6.500000011536363900 ) ) ;
#2669 = CARTESIAN_POINT ( 'NONE',  ( -16.35272797230120300, 16.57807789033567800, 8.558179040950268000 ) ) ;
#2670 = STYLED_ITEM ( 'NONE', ( #2944 ), #1424 ) ;
#2671 = FACE_OUTER_BOUND ( 'NONE', #498, .T. ) ;
#2672 = CARTESIAN_POINT ( 'NONE',  ( -15.66873323734732900, 18.68029214559602700, 6.849127379370366400 ) ) ;
#2673 = CARTESIAN_POINT ( 'NONE',  ( -16.31723591542225500, 16.57517644743690300, 8.372729423485973000 ) ) ;
#2674 = UNCERTAINTY_MEASURE_WITH_UNIT (LENGTH_MEASURE( 1.000000000000000100E-005 ), #1237, 'distance_accuracy_value', 'NONE');
#2675 = CARTESIAN_POINT ( 'NONE',  ( -18.43442671144715600, 17.73595863635612300, 6.799999999999939400 ) ) ;
#2676 = CARTESIAN_POINT ( 'NONE',  ( -15.26445005432636900, 16.80346114209385200, 8.317707756381979700 ) ) ;
#2677 = CARTESIAN_POINT ( 'NONE',  ( -15.69691682740473100, 17.88741561175671200, 8.760359979943636700 ) ) ;
#2678 = CARTESIAN_POINT ( 'NONE',  ( -19.70542911467941500, 17.50390932402187600, 6.732751586246833700 ) ) ;
#2679 = CARTESIAN_POINT ( 'NONE',  ( -16.48784940674728400, 16.53806177637205000, 9.128249017331295800 ) ) ;
#2680 = CARTESIAN_POINT ( 'NONE',  ( -13.91759120751045000, 15.97974566025310000, 8.598111575639420000 ) ) ;
#2681 = CARTESIAN_POINT ( 'NONE',  ( -13.86995351265373200, 16.03352815898010400, 8.497005886502114100 ) ) ;
#2682 = CARTESIAN_POINT ( 'NONE',  ( -15.95961031153374400, 19.46595299036389500, 6.849127379370408200 ) ) ;
#2683 = CARTESIAN_POINT ( 'NONE',  ( -19.72096384602999900, 17.47950249627999900, 6.861126031966000100 ) ) ;
#2684 = CARTESIAN_POINT ( 'NONE',  ( -19.67155659970810800, 16.87264811854672800, 6.849127379370499600 ) ) ;
#2685 = CARTESIAN_POINT ( 'NONE',  ( -15.70832114370999500, 18.61578909591999700, 6.612376248815998300 ) ) ;
#2686 = CARTESIAN_POINT ( 'NONE',  ( -15.45693292059290300, 16.47241471282453800, 8.400142100090214100 ) ) ;
#2687 = EDGE_CURVE ( 'NONE', #468, #2740, #46, .T. ) ;
#2688 = CARTESIAN_POINT ( 'NONE',  ( -19.19296346359112000, 16.61629277919131200, 6.732751586247057500 ) ) ;
#2689 = CARTESIAN_POINT ( 'NONE',  ( -18.03404136364045500, 18.80442671144829700, 6.800000000000490100 ) ) ;
#2690 = CARTESIAN_POINT ( 'NONE',  ( -15.77153431802000200, 19.31173489232999800, 6.488001347711999300 ) ) ;
#2691 = CARTESIAN_POINT ( 'NONE',  ( -16.42014721525802700, 16.84027713810694800, 9.593884116640914800 ) ) ;
#2692 = CARTESIAN_POINT ( 'NONE',  ( -14.19150146115473800, 15.55347658206654200, 8.834758222928929400 ) ) ;
#2693 = CARTESIAN_POINT ( 'NONE',  ( -13.75259346807382200, 16.79037033129930000, 9.924428437210828200 ) ) ;
#2694 = CARTESIAN_POINT ( 'NONE',  ( -16.52384358034837700, 17.12865807671435200, 6.500000068173891400 ) ) ;
#2695 = CARTESIAN_POINT ( 'NONE',  ( -17.92855688714995600, 19.55413447494900600, 6.500000020234267600 ) ) ;
#2696 =( LENGTH_UNIT ( ) NAMED_UNIT ( * ) SI_UNIT ( .CENTI., .METRE. ) );
#2697 = CARTESIAN_POINT ( 'NONE',  ( -15.70820881928115000, 16.16135288651569700, 8.830188414402021700 ) ) ;
#2698 = CARTESIAN_POINT ( 'NONE',  ( -16.00912354579951100, 19.47932237780006700, 6.500000064936556600 ) ) ;
#2699 = CARTESIAN_POINT ( 'NONE',  ( -16.99364192571424300, 17.69442274977051400, 6.799999999999404700 ) ) ;
#2700 = CARTESIAN_POINT ( 'NONE',  ( -15.94399157853000100, 19.45263011928999900, 6.612376248815998300 ) ) ;
#2701 = CARTESIAN_POINT ( 'NONE',  ( -14.38054207864511400, 15.39847845370166900, 9.368685272753476000 ) ) ;
#2702 = CARTESIAN_POINT ( 'NONE',  ( -17.20232888885818300, 16.65322925387109300, 6.500000055595468700 ) ) ;
#2703 = CARTESIAN_POINT ( 'NONE',  ( -19.19144387091830900, 16.66056772282570700, 6.899999841221352300 ) ) ;
#2704 = CARTESIAN_POINT ( 'NONE',  ( -18.98139456427999900, 18.78499204383999900, 6.899230593224002600 ) ) ;
#2705 = CARTESIAN_POINT ( 'NONE',  ( -15.64276629236106500, 19.05575073931520400, 6.500000076097246700 ) ) ;
#2706 = CARTESIAN_POINT ( 'NONE',  ( -16.92951368350044900, 18.38690193876978500, 6.799999999999982100 ) ) ;
#2707 = CARTESIAN_POINT ( 'NONE',  ( -16.79190081204402700, 18.09185267105163000, 5.943305426616621600 ) ) ;
#2708 = DIRECTION ( 'NONE',  ( -0.9994115292233669600, 0.03430153430112162900, 0.0000000000000000000 ) ) ;
#2709 = CARTESIAN_POINT ( 'NONE',  ( -18.44923232819897400, 17.78549186543640600, 6.500000015075066500 ) ) ;
#2710 = CARTESIAN_POINT ( 'NONE',  ( -17.11667010535725500, 17.38463425004147900, 7.139082215934500700 ) ) ;
#2711 = CARTESIAN_POINT ( 'NONE',  ( -19.24180593050000000, 18.35722404897000000, 6.880997255274000000 ) ) ;
#2712 = CARTESIAN_POINT ( 'NONE',  ( -14.38849867734934300, 15.55188240403141900, 9.816966367627413700 ) ) ;
#2713 = ORIENTED_EDGE ( 'NONE', *, *, #2016, .T. ) ;
#2714 = PLANE ( 'NONE',  #2161 ) ;
#2715 = CARTESIAN_POINT ( 'NONE',  ( -17.75657126630905900, 18.88751090922597000, 6.699666672996277100 ) ) ;
#2716 = ORIENTED_EDGE ( 'NONE', *, *, #1379, .F. ) ;
#2717 = CARTESIAN_POINT ( 'NONE',  ( -18.12252440650695800, 17.27534716642602700, 6.500000030399827500 ) ) ;
#2718 = CARTESIAN_POINT ( 'NONE',  ( -18.44136874601203100, 18.59273720016321000, 5.943305426616505300 ) ) ;
#2719 = CARTESIAN_POINT ( 'NONE',  ( -17.69999999999995000, 18.07000000000010000, 6.900000000001033300 ) ) ;
#2720 = CARTESIAN_POINT ( 'NONE',  ( -17.01639094052999800, 16.72705479976000100, 6.736751137261000700 ) ) ;
#2721 = CARTESIAN_POINT ( 'NONE',  ( -17.43686549519679800, 17.20932572784063200, 7.778164372745971300 ) ) ;
#2722 = CARTESIAN_POINT ( 'NONE',  ( -19.48587662913999800, 17.92075502198670000, 6.852446001638699400 ) ) ;
#2723 = CARTESIAN_POINT ( 'NONE',  ( -14.21484147206259000, 16.00347413566688800, 10.14975301415733000 ) ) ;
#2724 = AXIS2_PLACEMENT_3D ( 'NONE', #1937, #2165, #817 ) ;
#2725 = CARTESIAN_POINT ( 'NONE',  ( -19.17224318642998800, 17.21999999999999500, 6.850000000000003200 ) ) ;
#2726 = ORIENTED_EDGE ( 'NONE', *, *, #1318, .T. ) ;
#2727 = ORIENTED_EDGE ( 'NONE', *, *, #567, .T. ) ;
#2728 = CARTESIAN_POINT ( 'NONE',  ( -18.38536576878384900, 17.48667009473661000, 7.139082186049732200 ) ) ;
#2729 = CARTESIAN_POINT ( 'NONE',  ( -15.75751529570921500, 17.03716256187129500, 6.799999999999989200 ) ) ;
#2730 = CARTESIAN_POINT ( 'NONE',  ( -13.68993991704435100, 16.43998098147801900, 8.683539435331772100 ) ) ;
#2731 = VERTEX_POINT ( 'NONE', #2337 ) ;
#2732 = B_SPLINE_CURVE_WITH_KNOTS ( 'NONE', 3,
 ( #1517, #2886, #170, #1747, #394, #1974, #622, #2204, #848, #2438, #1080, #2665, #1308, #2895, #1527, #179, #1756, #405 ),
 .UNSPECIFIED., .F., .F.,
 ( 4, 2, 2, 2, 2, 2, 2, 2, 4 ),
 ( 0.0000000000000000000, 0.1199928744768167700, 0.2500000000000000000, 0.3800071255231276500, 0.5000000000000000000, 0.6199928744767834200, 0.7500000000000000000, 0.8800071255231832800, 1.000000000000000000 ),
 .UNSPECIFIED. ) ;
#2733 = CARTESIAN_POINT ( 'NONE',  ( -15.67099051971030100, 17.81040013732269900, 8.425481302445701800 ) ) ;
#2734 = CARTESIAN_POINT ( 'NONE',  ( -16.63083856504000500, 17.00497566033000400, 6.861126032036001000 ) ) ;
#2735 = CARTESIAN_POINT ( 'NONE',  ( -17.80035079027834000, 17.17561210555315300, 8.417246527650764400 ) ) ;
#2736 = CARTESIAN_POINT ( 'NONE',  ( -17.73227054762999800, 16.56745660581999900, 6.612376242486998700 ) ) ;
#2737 = CARTESIAN_POINT ( 'NONE',  ( -14.58033314363199800, 16.41124332317684800, 8.456684066305410100 ) ) ;
#2738 = CARTESIAN_POINT ( 'NONE',  ( -16.83932571963507700, 18.33313453424944900, 6.500000053170341000 ) ) ;
#2739 = EDGE_LOOP ( 'NONE', ( #407, #1505, #117, #1598 ) ) ;
#2740 = VERTEX_POINT ( 'NONE', #342 ) ;
#2741 = CARTESIAN_POINT ( 'NONE',  ( -14.39778495060173200, 15.50557763095468100, 9.740180151995877700 ) ) ;
#2742 = CARTESIAN_POINT ( 'NONE',  ( -18.56067430981397200, 17.80686547395695400, 7.778164343017122600 ) ) ;
#2743 = CARTESIAN_POINT ( 'NONE',  ( -17.66777609700000100, 19.57037158128000000, 6.488001347711999300 ) ) ;
#2744 = CARTESIAN_POINT ( 'NONE',  ( -15.98011109540607500, 17.13635262248834900, 8.178730227839084300 ) ) ;
#2745 = CARTESIAN_POINT ( 'NONE',  ( -15.02133890976585000, 17.64079250939407800, 9.327821973896922400 ) ) ;
#2746 = CARTESIAN_POINT ( 'NONE',  ( -18.54793692113307200, 18.39231161284951500, 6.514435142205425900 ) ) ;
#2747 = CARTESIAN_POINT ( 'NONE',  ( -16.36078521165999800, 17.39481448268000500, 6.488001347711999300 ) ) ;
#2748 = CARTESIAN_POINT ( 'NONE',  ( -17.31280144214000300, 16.61366884509000400, 6.736751137261000700 ) ) ;
#2749 = EDGE_CURVE ( 'NONE', #571, #2210, #403, .T. ) ;
#2750 = CARTESIAN_POINT ( 'NONE',  ( -14.83298599554341400, 15.99636854802117700, 8.617222846331692700 ) ) ;
#2751 = FACE_OUTER_BOUND ( 'NONE', #42, .T. ) ;
#2752 = CARTESIAN_POINT ( 'NONE',  ( -16.80561210796497600, 17.96964925799594300, 7.139082219343999100 ) ) ;
#2753 = ORIENTED_EDGE ( 'NONE', *, *, #1862, .T. ) ;
#2754 = CARTESIAN_POINT ( 'NONE',  ( -14.13366485766653300, 16.16425773789756800, 10.17135284370626800 ) ) ;
#2755 = CARTESIAN_POINT ( 'NONE',  ( -18.59438795093181100, 18.17035075841887700, 8.417246502968716000 ) ) ;
#2756 = CARTESIAN_POINT ( 'NONE',  ( -18.08663969939999600, 19.52422917655999500, 6.612376242486998700 ) ) ;
#2757 = CARTESIAN_POINT ( 'NONE',  ( -16.40490586510178500, 17.38039196497128800, 6.899174399752842700 ) ) ;
#2758 = CARTESIAN_POINT ( 'NONE',  ( -19.22184076850000200, 16.61582920831000000, 6.860127676785998200 ) ) ;
#2759 = CARTESIAN_POINT ( 'NONE',  ( -18.32981031354089700, 18.58952959716112500, 6.699666672996021300 ) ) ;
#2760 = CARTESIAN_POINT ( 'NONE',  ( -14.73229133342793100, 16.74772592938344900, 10.10965391032315000 ) ) ;
#2761 = CARTESIAN_POINT ( 'NONE',  ( -17.56624663608437200, 17.27433910190549000, 6.799999999999975800 ) ) ;
#2762 = CARTESIAN_POINT ( 'NONE',  ( -17.21031406381068200, 17.30493179500001200, 6.514435142205500500 ) ) ;
#2763 = CARTESIAN_POINT ( 'NONE',  ( -15.69277795886078800, 18.63513598362880000, 6.849127380996979000 ) ) ;
#2764 = CARTESIAN_POINT ( 'NONE',  ( -15.65833959647000000, 19.11995395794000500, 6.612376248815998300 ) ) ;
#2765 = CARTESIAN_POINT ( 'NONE',  ( -16.90534719587591500, 17.64747560170009400, 7.778164382177826600 ) ) ;
#2766 = CARTESIAN_POINT ( 'NONE',  ( -18.52122012956000000, 19.33349541187000400, 6.736751137261000700 ) ) ;
#2767 = CARTESIAN_POINT ( 'NONE',  ( -14.29844777132512900, 17.28067564334607900, 9.356187859904753900 ) ) ;
#2768 = CARTESIAN_POINT ( 'NONE',  ( -16.17974036441329800, 19.47810280966669400, 6.900036467719999700 ) ) ;
#2769 = CARTESIAN_POINT ( 'NONE',  ( -18.02231161285005000, 17.22206307886551400, 6.228870284410968200 ) ) ;
#2770 = CARTESIAN_POINT ( 'NONE',  ( -18.99509413489821000, 18.75960803502872000, 6.899174399752842700 ) ) ;
#2771 = ORIENTED_EDGE ( 'NONE', *, *, #2426, .F. ) ;
#2772 = AXIS2_PLACEMENT_3D ( 'NONE', #2044, #698, #2277 ) ;
#2773 = B_SPLINE_CURVE_WITH_KNOTS ( 'NONE', 3,
 ( #2938, #2703, #1627, #1635, #280, #1855, #505, #2080, #739, #2319 ),
 .UNSPECIFIED., .F., .F.,
 ( 4, 1, 1, 1, 1, 1, 1, 4 ),
 ( 0.0000000000000000000, 0.1382689154283249800, 0.2829613492528732500, 0.4276537830774215200, 0.5723462169013400200, 0.7170386507258882400, 0.8617310845504364500, 1.000000000000000000 ),
 .UNSPECIFIED. ) ;
#2774 = CARTESIAN_POINT ( 'NONE',  ( -17.74994651982723000, 16.61475524850235900, 6.899999996324687900 ) ) ;
#2775 = CARTESIAN_POINT ( 'NONE',  ( -18.87536409215999800, 19.01652114236999900, 6.861126032036001000 ) ) ;
#2776 = VERTEX_POINT ( 'NONE', #801 ) ;
#2777 = CARTESIAN_POINT ( 'NONE',  ( -13.92009829477448000, 16.56488818675520100, 10.16285212361575000 ) ) ;
#2778 = CARTESIAN_POINT ( 'NONE',  ( -17.17117076742119200, 17.46982527945222300, 6.500000045054658700 ) ) ;
#2779 = CARTESIAN_POINT ( 'NONE',  ( -16.67844288269999400, 19.52360311957999900, 6.889247048010001400 ) ) ;
#2780 = CARTESIAN_POINT ( 'NONE',  ( -18.59662729249352600, 17.92446246960753000, 5.943305426616476000 ) ) ;
#2781 = CARTESIAN_POINT ( 'NONE',  ( -14.34574217589475300, 15.34342911203150500, 9.042098738928574500 ) ) ;
#2782 = CARTESIAN_POINT ( 'NONE',  ( -16.20696686102942200, 19.52573728684997400, 6.849127380997131800 ) ) ;
#2783 = CARTESIAN_POINT ( 'NONE',  ( -16.21748212057593700, 17.28173087525796300, 9.754422896667824400 ) ) ;
#2784 = CARTESIAN_POINT ( 'NONE',  ( -17.75085159085470100, 16.58838504563943800, 6.894485627834943600 ) ) ;
#2785 = CARTESIAN_POINT ( 'NONE',  ( -15.95683422713470800, 17.14314231761689600, 8.080250199704940100 ) ) ;
#2786 = CARTESIAN_POINT ( 'NONE',  ( -13.81666939688644500, 16.13374093763658100, 8.497005705317562300 ) ) ;
#2787 = CARTESIAN_POINT ( 'NONE',  ( -17.17751035002000000, 19.55847025259999900, 6.860127676785998200 ) ) ;
#2788 = CARTESIAN_POINT ( 'NONE',  ( -16.90534716642992000, 17.64747559349173000, 5.943305426616601200 ) ) ;
#2789 = CARTESIAN_POINT ( 'NONE',  ( -15.79395060777998000, 16.20694260414329300, 9.380918548566930000 ) ) ;
#2790 = EDGE_CURVE ( 'NONE', #2842, #2042, #2831, .T. ) ;
#2791 = CARTESIAN_POINT ( 'NONE',  ( -17.04115448239566900, 17.45615235011059200, 6.500000048104468000 ) ) ;
#2792 = CARTESIAN_POINT ( 'NONE',  ( -16.42474557922999500, 20.55598786873000000, 6.900000000000000400 ) ) ;
#2793 = ORIENTED_EDGE ( 'NONE', *, *, #115, .T. ) ;
#2794 = CARTESIAN_POINT ( 'NONE',  ( -14.08221812843127900, 16.26101343971637200, 10.17134878761946700 ) ) ;
#2795 = CARTESIAN_POINT ( 'NONE',  ( -18.22882923258061500, 18.67017472054174500, 6.500000020245078500 ) ) ;
#2796 = CARTESIAN_POINT ( 'NONE',  ( -15.79154014583359900, 17.95173381224139700, 9.405428572848004300 ) ) ;
#2797 = CARTESIAN_POINT ( 'NONE',  ( -18.52452769104760600, 18.12641638754462600, 6.699666672064194200 ) ) ;
#2798 = DIRECTION ( 'NONE',  ( -0.8695336349487129400, 0.4623392348537045400, -0.1736481776690138000 ) ) ;
#2799 = CARTESIAN_POINT ( 'NONE',  ( -17.48229125818102500, 18.95122028413835500, 6.500000034387712200 ) ) ;
#2800 = CARTESIAN_POINT ( 'NONE',  ( -18.31717595369419300, 18.72572107853729800, 6.500000018172722000 ) ) ;
#2801 = CARTESIAN_POINT ( 'NONE',  ( -15.67658036573296200, 16.58920333104616800, 9.810964862882444800 ) ) ;
#2802 = CARTESIAN_POINT ( 'NONE',  ( -17.91770874181811400, 17.18877971585967000, 6.500000035674498000 ) ) ;
#2803 = CARTESIAN_POINT ( 'NONE',  ( -17.81515715066066400, 17.17691690817472900, 6.500000029948624000 ) ) ;
#2804 = CARTESIAN_POINT ( 'NONE',  ( -15.95540305527330500, 18.24122546676000000, 6.900036467719999700 ) ) ;
#2805 = EDGE_LOOP ( 'NONE', ( #1513, #925, #603, #2603 ) ) ;
#2806 = CARTESIAN_POINT ( 'NONE',  ( -15.69526960969122500, 17.91597547392763800, 8.828152419665791200 ) ) ;
#2807 = CARTESIAN_POINT ( 'NONE',  ( -17.41999244986658700, 18.82112763176522900, 6.500000039218035000 ) ) ;
#2808 = CARTESIAN_POINT ( 'NONE',  ( -17.95389646500778400, 17.29308961471561900, 6.599333344128552000 ) ) ;
#2809 = ORIENTED_EDGE ( 'NONE', *, *, #2285, .F. ) ;
#2810 = DIRECTION ( 'NONE',  ( 9.719534759982895900E-014, 4.859767379991448000E-014, -1.000000000000000000 ) ) ;
#2811 = CARTESIAN_POINT ( 'NONE',  ( -15.04567530040333000, 15.77124420193228000, 9.082857945638986400 ) ) ;
#2812 = CARTESIAN_POINT ( 'NONE',  ( -19.67931273226012600, 16.89824074243974600, 6.499999996954741700 ) ) ;
#2813 = CARTESIAN_POINT ( 'NONE',  ( -16.85080314051022700, 17.75005800932288800, 6.500000056650442600 ) ) ;
#2814 = CARTESIAN_POINT ( 'NONE',  ( -17.55581186743678800, 18.95886447255575300, 6.500000036032105300 ) ) ;
#2815 = CARTESIAN_POINT ( 'NONE',  ( -15.50976549046505100, 16.93389767322792500, 9.893399206591189100 ) ) ;
#2816 = CARTESIAN_POINT ( 'NONE',  ( -18.54919685948896200, 18.38994199067506200, 6.500000013411765900 ) ) ;
#2817 = CARTESIAN_POINT ( 'NONE',  ( -17.64833074028232600, 19.57543860263778900, 6.862360777354157700 ) ) ;
#2818 = CARTESIAN_POINT ( 'NONE',  ( -19.69542554181000000, 17.52640517501000200, 6.861126051024999800 ) ) ;
#2819 = CARTESIAN_POINT ( 'NONE',  ( -16.90981125346578700, 18.20231976798620700, 6.500000051185388400 ) ) ;
#2820 =( NAMED_UNIT ( * ) PLANE_ANGLE_UNIT ( ) SI_UNIT ( $, .RADIAN. ) );
#2821 = EDGE_LOOP ( 'NONE', ( #1584, #1917, #360, #1023 ) ) ;
#2822 = CARTESIAN_POINT ( 'NONE',  ( -17.07018968645896000, 17.55047040283325900, 6.499000016193353000 ) ) ;
#2823 = CARTESIAN_POINT ( 'NONE',  ( -15.08805938567138900, 15.90564167489757000, 9.652927922026020000 ) ) ;
#2824 = CARTESIAN_POINT ( 'NONE',  ( -19.70184298445653700, 17.50199979154034900, 6.499999999182497500 ) ) ;
#2825 = CARTESIAN_POINT ( 'NONE',  ( -18.37423598374122600, 18.67799363908730100, 8.417246504780715500 ) ) ;
#2826 = CARTESIAN_POINT ( 'NONE',  ( -16.93645080873495300, 18.54735636501699900, 6.500000050560501600 ) ) ;
#2827 = CARTESIAN_POINT ( 'NONE',  ( -15.67328302918999900, 18.68172206856999700, 6.612376248815998300 ) ) ;
#2828 = CARTESIAN_POINT ( 'NONE',  ( -14.13684041482559700, 16.16038284792157100, 10.17117858384301800 ) ) ;
#2829 = ADVANCED_FACE ( 'NONE', ( #2751 ), #1557, .T. ) ;
#2830 = CARTESIAN_POINT ( 'NONE',  ( -17.10489109097807200, 17.39419149202034400, 6.900000000000000400 ) ) ;
#2831 = LINE ( 'NONE', #1919, #2147 ) ;
#2832 = CARTESIAN_POINT ( 'NONE',  ( -19.76607934338999700, 17.31462457151999600, 6.488001347711999300 ) ) ;
#2833 = CARTESIAN_POINT ( 'NONE',  ( -17.64847802763170400, 19.57114722982740000, 6.616375796696102500 ) ) ;
#2834 = ORIENTED_EDGE ( 'NONE', *, *, #2393, .F. ) ;
#2835 = CARTESIAN_POINT ( 'NONE',  ( -18.29510892745263800, 18.74580851311386800, 6.899999999999999500 ) ) ;
#2836 = CARTESIAN_POINT ( 'NONE',  ( -14.93539999861301800, 16.32111740525344200, 9.994700927261721500 ) ) ;
#2837 = CARTESIAN_POINT ( 'NONE',  ( -17.96313453425002400, 18.93067428036575400, 6.500000023441492300 ) ) ;
#2838 = MANIFOLD_SOLID_BREP ( 'Импортированный1', #2126 ) ;
#2839 = CARTESIAN_POINT ( 'NONE',  ( -16.87743564204123100, 17.69996953609132700, 6.500000051944832400 ) ) ;
#2840 = CARTESIAN_POINT ( 'NONE',  ( -14.30594234956057400, 15.80072369791171700, 10.06035268000787900 ) ) ;
#2841 = CARTESIAN_POINT ( 'NONE',  ( -19.76201016748000000, 17.09196695541000500, 6.612376248815998300 ) ) ;
#2842 = VERTEX_POINT ( 'NONE', #1141 ) ;
#2843 = CARTESIAN_POINT ( 'NONE',  ( -17.59964926861610100, 18.96438791086161000, 7.139082194661952500 ) ) ;
#2844 = CARTESIAN_POINT ( 'NONE',  ( -16.81826721531220100, 17.85685897999800500, 6.800000000000013100 ) ) ;
#2845 = CARTESIAN_POINT ( 'NONE',  ( -14.40331851348988800, 15.45622649304415900, 9.630732713210830900 ) ) ;
#2846 = ORIENTED_EDGE ( 'NONE', *, *, #1174, .F. ) ;
#2847 = CARTESIAN_POINT ( 'NONE',  ( -14.30400456141999900, 15.32123682876000200, 9.050433851456004300 ) ) ;
#2848 = CARTESIAN_POINT ( 'NONE',  ( -18.22117156794000100, 16.61993346360000600, 6.899230593224002600 ) ) ;
#2849 = ADVANCED_FACE ( 'NONE', ( #2671, #341 ), #1269, .T. ) ;
#2850 = EDGE_CURVE ( 'NONE', #2913, #990, #53, .T. ) ;
#2851 = CARTESIAN_POINT ( 'NONE',  ( -17.27747562293990000, 18.86465284178041900, 7.778164365787638700 ) ) ;
#2852 = ORIENTED_EDGE ( 'NONE', *, *, #2897, .F. ) ;
#2853 = CARTESIAN_POINT ( 'NONE',  ( -18.36976062978789800, 18.68180266163529500, 6.799999999999915400 ) ) ;
#2854 = CARTESIAN_POINT ( 'NONE',  ( -14.29790410822442800, 15.43762207751143700, 9.053341556125779700 ) ) ;
#2855 = CARTESIAN_POINT ( 'NONE',  ( -15.69537853536000000, 18.66919944844000100, 6.889247048010001400 ) ) ;
#2856 = CARTESIAN_POINT ( 'NONE',  ( -15.10461984950000100, 15.67016046738999800, 9.197184655831000200 ) ) ;
#2857 = CARTESIAN_POINT ( 'NONE',  ( -17.01463429011067100, 18.65332992167782700, 8.417246536262988200 ) ) ;
#2858 = CARTESIAN_POINT ( 'NONE',  ( -17.48685897999847700, 18.95173278468640300, 6.514435142205525300 ) ) ;
#2859 = CARTESIAN_POINT ( 'NONE',  ( -14.05122619434749400, 15.75576926118682400, 8.665184199406988700 ) ) ;
#2860 = ORIENTED_EDGE ( 'NONE', *, *, #1476, .F. ) ;
#2861 = CARTESIAN_POINT ( 'NONE',  ( -16.38409472566000200, 17.33663179159329800, 6.852446001638699400 ) ) ;
#2862 = CARTESIAN_POINT ( 'NONE',  ( -17.98000755013517000, 17.31887236823375500, 6.500000026081716300 ) ) ;
#2863 = CARTESIAN_POINT ( 'NONE',  ( -15.85828002707000200, 16.10951913501000000, 9.349594109724002100 ) ) ;
#2864 = CARTESIAN_POINT ( 'NONE',  ( -18.22154632428999900, 16.60901454024000000, 6.895433249022999300 ) ) ;
#2865 = B_SPLINE_CURVE_WITH_KNOTS ( 'NONE', 3,
 ( #1429, #294, #1870, #519, #2099, #758, #2339, #978, #2574, #1215, #2802, #1439, #82, #1664, #307, #1884, #534, #2114, #774, #2353, #993, #2588, #1229, #2816, #1452 ),
 .UNSPECIFIED., .F., .F.,
 ( 4, 3, 3, 3, 3, 3, 3, 3, 4 ),
 ( 2.775557561562891400E-017, 0.003373744677773560500, 0.007032968508550221600, 0.01069219233933085300, 0.01406593782147570900, 0.01743968330361740600, 0.02109890713440115300, 0.02475813096518919200, 0.02813187564297219000 ),
 .UNSPECIFIED. ) ;
#2866 = CARTESIAN_POINT ( 'NONE',  ( -16.87527873176014700, 18.45073153810841400, 6.228870284411092600 ) ) ;
#2867 = CARTESIAN_POINT ( 'NONE',  ( -16.15661902695000100, 19.52148882051000100, 6.736751149921000900 ) ) ;
#2868 = DIRECTION ( 'NONE',  ( 0.8829475928589289900, -0.4694715627858867000, 0.0000000000000000000 ) ) ;
#2869 = AXIS2_PLACEMENT_3D ( 'NONE', #1683, #328, #1906 ) ;
#2870 = CARTESIAN_POINT ( 'NONE',  ( -17.38407133517631900, 18.91481488795667300, 6.899999999999999500 ) ) ;
#2871 = ADVANCED_FACE ( 'NONE', ( #2398 ), #588, .T. ) ;
#2872 = CARTESIAN_POINT ( 'NONE',  ( -17.90196248827156100, 17.19244884507091700, 6.900000000000005700 ) ) ;
#2873 = CARTESIAN_POINT ( 'NONE',  ( -18.33176586863449500, 19.44433740575016900, 6.849127378788979000 ) ) ;
#2874 = CARTESIAN_POINT ( 'NONE',  ( -16.56156687959999700, 16.63312409879000200, 9.474068157814000900 ) ) ;
#2875 = CARTESIAN_POINT ( 'NONE',  ( -16.48477132845794900, 16.63215189085925500, 9.363351161734703600 ) ) ;
#2876 = CARTESIAN_POINT ( 'NONE',  ( -15.97231358758000000, 17.21537603525999700, 8.073663930216000000 ) ) ;
#2877 = ORIENTED_EDGE ( 'NONE', *, *, #759, .T. ) ;
#2878 = CARTESIAN_POINT ( 'NONE',  ( -19.63011700214000000, 16.82684720361000100, 6.612376248815998300 ) ) ;
#2879 = CARTESIAN_POINT ( 'NONE',  ( -16.85691943374073500, 18.39053380143936400, 6.900000000000004800 ) ) ;
#2880 = CARTESIAN_POINT ( 'NONE',  ( -18.47872468028387200, 17.61783442077934600, 6.900000000000000400 ) ) ;
#2881 = CARTESIAN_POINT ( 'NONE',  ( -14.29608269338475100, 15.87380989890094800, 10.20557341261307000 ) ) ;
#2882 = CARTESIAN_POINT ( 'NONE',  ( -14.29070696698000200, 15.76708952738000100, 10.17093216314000200 ) ) ;
#2883 = FACE_BOUND ( 'NONE', #1038, .T. ) ;
#2884 = CARTESIAN_POINT ( 'NONE',  ( -13.94816904939000000, 15.79758111146999900, 8.536876518333002700 ) ) ;
#2885 = CARTESIAN_POINT ( 'NONE',  ( -19.45703181971000000, 16.68544895221999600, 6.736751149921000900 ) ) ;
#2886 = CARTESIAN_POINT ( 'NONE',  ( -16.95863125398709700, 17.54726279983479700, 6.799999999999995400 ) ) ;
#2887 = CARTESIAN_POINT ( 'NONE',  ( -18.49465284278817400, 18.49252440907510600, 6.899999999999999500 ) ) ;
#2888 = CARTESIAN_POINT ( 'NONE',  ( -14.89462006782000000, 16.41309729295999600, 10.12369578959999900 ) ) ;
#2889 = FACE_OUTER_BOUND ( 'NONE', #2189, .T. ) ;
#2890 = CARTESIAN_POINT ( 'NONE',  ( -18.35644259924961100, 17.45148801576992500, 6.500000017251646300 ) ) ;
#2891 = CARTESIAN_POINT ( 'NONE',  ( -16.13810691823482900, 16.86538342483237000, 8.248428573005460500 ) ) ;
#2892 = CARTESIAN_POINT ( 'NONE',  ( -14.82022125110000000, 15.95099029418000400, 8.520785390476000000 ) ) ;
#2893 = CARTESIAN_POINT ( 'NONE',  ( -19.24363660925999400, 16.61634970770000000, 6.861126051024999800 ) ) ;
#2894 = VECTOR ( 'NONE', #994, 100.0000000000000100 ) ;
#2895 = CARTESIAN_POINT ( 'NONE',  ( -18.59662729249359700, 17.92446246960749800, 6.799999999999877300 ) ) ;
#2896 = CARTESIAN_POINT ( 'NONE',  ( -16.53212436658225600, 16.55604779401690500, 9.397841298856034700 ) ) ;
#2897 = EDGE_CURVE ( 'NONE', #2899, #685, #1096, .T. ) ;
#2898 = CARTESIAN_POINT ( 'NONE',  ( -15.52429705261000100, 16.97716141808000500, 9.987295241800000100 ) ) ;
#2899 = VERTEX_POINT ( 'NONE', #2785 ) ;
#2900 = CARTESIAN_POINT ( 'NONE',  ( -18.59027152129536400, 18.21456953224650000, 6.500000011766704900 ) ) ;
#2901 = CARTESIAN_POINT ( 'NONE',  ( -16.38478483211155600, 16.54723624115698400, 8.636585929725125500 ) ) ;
#2902 = EDGE_LOOP ( 'NONE', ( #2575, #660, #1089, #2909 ) ) ;
#2903 = CARTESIAN_POINT ( 'NONE',  ( -13.80874429781035700, 16.18563615543628500, 8.595492515331463000 ) ) ;
#2904 = CARTESIAN_POINT ( 'NONE',  ( -15.69277795886078800, 18.63513598362880000, 6.849127380996979000 ) ) ;
#2905 = CARTESIAN_POINT ( 'NONE',  ( -16.22538760518225200, 16.69813049769690100, 8.240169935366029800 ) ) ;
#2906 = CARTESIAN_POINT ( 'NONE',  ( -18.50635390242633000, 18.04243895587487100, 6.799999999999925200 ) ) ;
#2907 = CARTESIAN_POINT ( 'NONE',  ( -15.27231661553534500, 16.78866626345900000, 8.317707679757550200 ) ) ;
#2908 = CARTESIAN_POINT ( 'NONE',  ( -15.73530284201022600, 17.93140803129029600, 9.069705883360585500 ) ) ;
#2909 = ORIENTED_EDGE ( 'NONE', *, *, #52, .T. ) ;
#2910 = CARTESIAN_POINT ( 'NONE',  ( -16.99364192571248100, 17.69442274977031800, 6.799999999999996300 ) ) ;
#2911 = CARTESIAN_POINT ( 'NONE',  ( -16.49019923737737900, 16.56584065668948100, 9.213977086809723700 ) ) ;
#2912 = CARTESIAN_POINT ( 'NONE',  ( -13.96145578095726900, 15.90202328979561100, 8.610824756605651900 ) ) ;
#2913 = VERTEX_POINT ( 'NONE', #2345 ) ;
#2914 = CARTESIAN_POINT ( 'NONE',  ( -13.81666939688737700, 16.13374093763707200, 8.497005705317379300 ) ) ;
#2915 = ORIENTED_EDGE ( 'NONE', *, *, #447, .T. ) ;
#2916 = CARTESIAN_POINT ( 'NONE',  ( -16.10493622883558000, 19.51571999983694600, 6.849127379370411700 ) ) ;
#2917 = CARTESIAN_POINT ( 'NONE',  ( -14.60404826021862200, 15.29274360715588600, 10.20060171659895700 ) ) ;
#2918 = CARTESIAN_POINT ( 'NONE',  ( -18.73078841667065600, 19.16194543574917100, 6.500000004270280100 ) ) ;
#2919 = CARTESIAN_POINT ( 'NONE',  ( -19.56861331713610900, 16.75863470686168500, 6.849127379370510300 ) ) ;
#2920 = CARTESIAN_POINT ( 'NONE',  ( -18.47234723881328500, 16.58952745041936800, 6.849127379869640800 ) ) ;
#2921 = CARTESIAN_POINT ( 'NONE',  ( -15.50053437945203200, 16.40695946449687500, 8.444199029939449400 ) ) ;
#2922 = CARTESIAN_POINT ( 'NONE',  ( -19.19303313897074000, 16.61426271315003700, 6.849127380997123800 ) ) ;
#2923 = CARTESIAN_POINT ( 'NONE',  ( -17.72756104412055900, 18.87635390242700200, 6.800000000000762800 ) ) ;
#2924 = CARTESIAN_POINT ( 'NONE',  ( -15.76823167768999800, 19.31457070045000500, 6.736751149921000900 ) ) ;
#2925 = CARTESIAN_POINT ( 'NONE',  ( -16.39282307343664900, 16.91033786155667000, 9.643597053609360300 ) ) ;
#2926 = AXIS2_PLACEMENT_3D ( 'NONE', #2683, #2245, #889 ) ;
#2927 = CARTESIAN_POINT ( 'NONE',  ( -14.22965069760986100, 15.50693823867927200, 8.901879815158702400 ) ) ;
#2928 = CARTESIAN_POINT ( 'NONE',  ( -13.92009829477541200, 16.56488818675570200, 10.16285212361556100 ) ) ;
#2929 = CARTESIAN_POINT ( 'NONE',  ( -17.78905852838520800, 19.56776619034151600, 6.500000023360624500 ) ) ;
#2930 =( NAMED_UNIT ( * ) SI_UNIT ( $, .STERADIAN. ) SOLID_ANGLE_UNIT ( ) );
#2931 = CARTESIAN_POINT ( 'NONE',  ( -15.73393661536019100, 16.14481575736622400, 8.914988730804644500 ) ) ;
#2932 = CARTESIAN_POINT ( 'NONE',  ( -15.94034488080370300, 19.44728520385773500, 6.500000066726895100 ) ) ;
#2933 = CARTESIAN_POINT ( 'NONE',  ( -15.63909795293205500, 16.49838299477885800, 6.500000092605186600 ) ) ;
#2934 = CARTESIAN_POINT ( 'NONE',  ( -15.94194478206000000, 19.45647197626999900, 6.861126051024999800 ) ) ;
#2935 = CARTESIAN_POINT ( 'NONE',  ( -14.39276585400946300, 15.40880898990216800, 9.457400260943341400 ) ) ;
#2936 = CARTESIAN_POINT ( 'NONE',  ( -17.31224258367999600, 16.61156686674000200, 6.861126032036001000 ) ) ;
#2937 = CARTESIAN_POINT ( 'NONE',  ( -17.40303599978634700, 16.59805559944914300, 6.500000051325692100 ) ) ;
#2938 = CARTESIAN_POINT ( 'NONE',  ( -19.19131832626484900, 16.66422559922590100, 6.899999996324695000 ) ) ;
#2939 = CARTESIAN_POINT ( 'NONE',  ( -19.45136591908000400, 17.90237885741999700, 6.899230593224002600 ) ) ;
#2940 = EDGE_CURVE ( 'NONE', #1700, #388, #1189, .T. ) ;
#2941 = CARTESIAN_POINT ( 'NONE',  ( -15.63027076844547900, 18.98043394274676400, 6.500000076868821500 ) ) ;
#2942 = CARTESIAN_POINT ( 'NONE',  ( -16.92951368350089000, 18.38690193876967200, 6.599333345992379300 ) ) ;
#2943 = CARTESIAN_POINT ( 'NONE',  ( -16.87527873176012600, 18.45073153810842500, 5.943305426616627000 ) ) ;
#2944 = PRESENTATION_STYLE_ASSIGNMENT (( #1111 ) ) ;
#2945 = VERTEX_POINT ( 'NONE', #2105 ) ;
#2946 = CARTESIAN_POINT ( 'NONE',  ( -18.49018874653422300, 17.93768023201298000, 6.500000014114348800 ) ) ;
#2947 = CARTESIAN_POINT ( 'NONE',  ( -17.11667013480489200, 17.38463425824985700, 8.417246542059748600 ) ) ;
#2948 = CARTESIAN_POINT ( 'NONE',  ( -19.71177728529999800, 17.47461086255999500, 6.880997255274000000 ) ) ;
#2949 = CARTESIAN_POINT ( 'NONE',  ( -14.37437603070391200, 15.60521878808587800, 9.888256414477155000 ) ) ;
#2950 = CARTESIAN_POINT ( 'NONE',  ( -17.19933232894593900, 16.64267267217105900, 6.849127378789017200 ) ) ;
#2951 = CARTESIAN_POINT ( 'NONE',  ( -17.75657126630937600, 18.88751090922554000, 6.499000018988310100 ) ) ;
ENDSEC;
END-ISO-10303-21;
