ISO-10303-21;
HEADER;
FILE_DESCRIPTION (( 'STEP AP214' ),
    '1' );
FILE_NAME ('Верхний патрубок 1.STEP',
    '2015-12-28T15:50:34',
    ( 'MMA' ),
    ( '' ),
    'SwSTEP 2.0',
    'SolidWorks 2014',
    '' );
FILE_SCHEMA (( 'AUTOMOTIVE_DESIGN' ));
ENDSEC;

DATA;
#1 = CARTESIAN_POINT ( 'NONE',  ( 1.128855470097000200, 16.63392107020000300, 8.178977576509998600 ) ) ;
#2 = CARTESIAN_POINT ( 'NONE',  ( -0.03549311768250001900, 16.20815360720000000, 9.389506186328004500 ) ) ;
#3 = CARTESIAN_POINT ( 'NONE',  ( 0.3139301509142288200, 16.42010410857048800, 9.716077658118804200 ) ) ;
#4 = CARTESIAN_POINT ( 'NONE',  ( 0.2499999999999996100, 17.29057713658979600, 6.500000059351373600 ) ) ;
#5 = CARTESIAN_POINT ( 'NONE',  ( 1.382611553723000200, 15.81893407611000100, 8.247925950695998800 ) ) ;
#6 = CARTESIAN_POINT ( 'NONE',  ( 0.3741869075706001400, 15.49856698861999900, 9.533981470147001100 ) ) ;
#7 = CARTESIAN_POINT ( 'NONE',  ( -1.692963463195144900, 19.52370721010548500, 6.732751586433924000 ) ) ;
#8 = CARTESIAN_POINT ( 'NONE',  ( 1.752909399648481000, 14.53902243429871700, 10.21781441605985700 ) ) ;
#9 =( GEOMETRIC_REPRESENTATION_CONTEXT ( 3 ) GLOBAL_UNCERTAINTY_ASSIGNED_CONTEXT ( ( #857 ) ) GLOBAL_UNIT_ASSIGNED_CONTEXT ( ( #562, #2033, #877 ) ) REPRESENTATION_CONTEXT ( 'NONE', 'WORKASPACE' ) );
#10 = CARTESIAN_POINT ( 'NONE',  ( 0.7838669328236000900, 14.78898037003000000, 9.678456753966003100 ) ) ;
#11 = CARTESIAN_POINT ( 'NONE',  ( 1.538535495349999900, 15.92433445161000100, 8.323452860329004100 ) ) ;
#12 = CARTESIAN_POINT ( 'NONE',  ( 1.193546958077000000, 14.07939375144999900, 9.822932037785005100 ) ) ;
#13 = CARTESIAN_POINT ( 'NONE',  ( 0.6583130601472979600, 16.63676651169090800, 9.803663179442997600 ) ) ;
#14 = UNCERTAINTY_MEASURE_WITH_UNIT (LENGTH_MEASURE( 1.000000000000000100E-005 ), #335, 'distance_accuracy_value', 'NONE');
#15 = CARTESIAN_POINT ( 'NONE',  ( 1.654104111111422100, 14.15660192381390000, 8.620318168240899600 ) ) ;
#16 = CARTESIAN_POINT ( 'NONE',  ( 1.808083137883000500, 17.50479251480999900, 6.861126051024999800 ) ) ;
#17 = CARTESIAN_POINT ( 'NONE',  ( -0.06586391784530001800, 16.17228841134000200, 9.299475888198001500 ) ) ;
#18 = CARTESIAN_POINT ( 'NONE',  ( -2.063721233652712900, 19.37540506656395300, 6.500000038019091000 ) ) ;
#19 = CARTESIAN_POINT ( 'NONE',  ( 1.310434298588528900, 14.23236587345173900, 9.966379149498687100 ) ) ;
#20 = CARTESIAN_POINT ( 'NONE',  ( 0.3438161074078002800, 15.46270179276000100, 9.443951172016998200 ) ) ;
#21 = CARTESIAN_POINT ( 'NONE',  ( 1.948215520603000300, 15.21474783303000100, 8.467928144148000800 ) ) ;
#22 = CARTESIAN_POINT ( 'NONE',  ( 0.7534961326609002100, 14.75311517416999900, 9.588426455836000200 ) ) ;
#23 = CARTESIAN_POINT ( 'NONE',  ( 2.572090106683542700, 14.73704737616549400, 8.867506469311571500 ) ) ;
#24 = CARTESIAN_POINT ( 'NONE',  ( 1.252708183029333800, 14.00882543117426100, 9.032732462655419100 ) ) ;
#25 = CARTESIAN_POINT ( 'NONE',  ( 0.9277066593886002000, 14.91948147050000100, 9.911531719451000200 ) ) ;
#26 = CARTESIAN_POINT ( 'NONE',  ( 1.163176157913999900, 14.04352855558999900, 9.732901739654998600 ) ) ;
#27 = CARTESIAN_POINT ( 'NONE',  ( -2.271423750712333600, 18.87960715835870900, 6.500000038495453000 ) ) ;
#28 = CARTESIAN_POINT ( 'NONE',  ( 2.357895545857000100, 14.50516121444000100, 8.612403427967002800 ) ) ;
#29 = CARTESIAN_POINT ( 'NONE',  ( 1.152857813813198400, 14.02588374714242800, 9.399077854903186600 ) ) ;
#30 = CARTESIAN_POINT ( 'NONE',  ( -0.08670948607310002800, 16.14104166050000100, 9.205118825905000100 ) ) ;
#31 = CARTESIAN_POINT ( 'NONE',  ( 1.198861640808000000, 16.68510114391999700, 8.231834822838001400 ) ) ;
#32 = ADVANCED_FACE ( 'NONE', ( #384 ), #835, .T. ) ;
#33 = CARTESIAN_POINT ( 'NONE',  ( 2.350620391128543000, 14.84946919115549600, 10.04767189074156900 ) ) ;
#34 = CARTESIAN_POINT ( 'NONE',  ( 1.168198865861166200, 14.08494191504651900, 9.646214680887929700 ) ) ;
#35 = CARTESIAN_POINT ( 'NONE',  ( 1.558055217943999900, 16.68352802372999800, 6.861126051024999800 ) ) ;
#36 = CARTESIAN_POINT ( 'NONE',  ( 0.3229705391800001800, 15.43145504192000000, 9.349594109724002100 ) ) ;
#37 = CARTESIAN_POINT ( 'NONE',  ( -1.668520126122000000, 19.51977900761999900, 6.488001347711999300 ) ) ;
#38 = CARTESIAN_POINT ( 'NONE',  ( 1.372155425211586400, 14.04009716175139200, 8.847037394725191500 ) ) ;
#39 = CARTESIAN_POINT ( 'NONE',  ( 0.7326505644331002800, 14.72186842332999600, 9.494069393542000400 ) ) ;
#40 = ORIENTED_EDGE ( 'NONE', *, *, #1165, .F. ) ;
#41 = CARTESIAN_POINT ( 'NONE',  ( 1.608541666061000400, 15.97551452533000400, 8.376310106656999800 ) ) ;
#42 = DIRECTION ( 'NONE',  ( -0.4924038765048073300, 0.8528685319530054900, -0.1736481776678456500 ) ) ;
#43 = LINE ( 'NONE', #1391, #1909 ) ;
#44 = CARTESIAN_POINT ( 'NONE',  ( 1.449903223737073700, 14.34052310659364000, 10.10268268907435100 ) ) ;
#45 = CARTESIAN_POINT ( 'NONE',  ( 0.1083466088825000300, 16.33865470767000300, 9.622581151813001600 ) ) ;
#46 = AXIS2_PLACEMENT_3D ( 'NONE', #1033, #1125, #1119 ) ;
#47 = ORIENTED_EDGE ( 'NONE', *, *, #1412, .F. ) ;
#48 = CARTESIAN_POINT ( 'NONE',  ( 1.142330589686000300, 14.01228180475000200, 9.638544677361002400 ) ) ;
#49 = CARTESIAN_POINT ( 'NONE',  ( -2.273221746093000700, 18.89950701798000000, 6.488001347711999300 ) ) ;
#50 = ORIENTED_EDGE ( 'NONE', *, *, #1203, .F. ) ;
#51 = CARTESIAN_POINT ( 'NONE',  ( 1.872220612144846400, 14.26877713281608700, 8.552187854542234300 ) ) ;
#52 = CARTESIAN_POINT ( 'NONE',  ( -0.09776550558500006500, 16.11480955594000300, 9.107631424255000500 ) ) ;
#53 = ORIENTED_EDGE ( 'NONE', *, *, #931, .F. ) ;
#54 = CARTESIAN_POINT ( 'NONE',  ( 2.018221691313999900, 15.26592790674999900, 8.520785390476000000 ) ) ;
#55 = DIRECTION ( 'NONE',  ( -0.8660254037851925500, -0.4999999999986942700, 0.0000000000000000000 ) ) ;
#56 = CARTESIAN_POINT ( 'NONE',  ( 1.832422721955071100, 14.58534603005676400, 10.22043620562324200 ) ) ;
#57 = CARTESIAN_POINT ( 'NONE',  ( 1.871145741693000200, 17.16604705229999800, 6.488001347711999300 ) ) ;
#58 = CARTESIAN_POINT ( 'NONE',  ( 0.3119145196680001000, 15.40522293735000200, 9.252106708074002500 ) ) ;
#59 = CARTESIAN_POINT ( 'NONE',  ( 2.427901716567000700, 14.55634128816000200, 8.665260674295000200 ) ) ;
#60 = CARTESIAN_POINT ( 'NONE',  ( 0.02892090692099208400, 19.56516776181835500, 6.849127378789019900 ) ) ;
#61 = CARTESIAN_POINT ( 'NONE',  ( 0.7215945449210999800, 14.69563631877000300, 9.396581991893000900 ) ) ;
#62 = CARTESIAN_POINT ( 'NONE',  ( 1.262356628106000100, 16.73439732074000100, 8.293902736385000200 ) ) ;
#63 = CARTESIAN_POINT ( 'NONE',  ( 1.118695203612330300, 14.05321949428587700, 9.630209564832496100 ) ) ;
#64 = CARTESIAN_POINT ( 'NONE',  ( 1.313440968905834200, 14.86484349719737000, 8.457618329110332000 ) ) ;
#65 = CARTESIAN_POINT ( 'NONE',  ( 0.7871286765296456900, 16.36024297863964000, 8.080250169508291300 ) ) ;
#66 = CARTESIAN_POINT ( 'NONE',  ( 1.131274570173999900, 13.98604970018000100, 9.541057275711001000 ) ) ;
#67 = CARTESIAN_POINT ( 'NONE',  ( 1.822715446465882300, 16.96125784037872800, 6.849127379370499600 ) ) ;
#68 = CARTESIAN_POINT ( 'NONE',  ( -0.09889178871860006300, 16.09392471442000200, 9.008249800004000100 ) ) ;
#69 = CARTESIAN_POINT ( 'NONE',  ( 1.672036653358999900, 16.02481070216000000, 8.438378020203996900 ) ) ;
#70 = CARTESIAN_POINT ( 'NONE',  ( 1.667865374113325400, 14.15260549893643300, 8.561091953438493700 ) ) ;
#71 = CARTESIAN_POINT ( 'NONE',  ( 0.8733292698444447000, 14.69378378877429000, 8.865461735618779900 ) ) ;
#72 = CARTESIAN_POINT ( 'NONE',  ( 1.678006546098000500, 16.77326333438999800, 6.612376248815998300 ) ) ;
#73 = CARTESIAN_POINT ( 'NONE',  ( -1.529378760636994600, 17.36213618514755600, 6.849127380276168100 ) ) ;
#74 = CARTESIAN_POINT ( 'NONE',  ( 0.3107882365345001600, 15.38433809583000000, 9.152725083823000300 ) ) ;
#75 = CARTESIAN_POINT ( 'NONE',  ( 1.972836286521999900, 14.26097923749000200, 8.504999754154999500 ) ) ;
#76 = CARTESIAN_POINT ( 'NONE',  ( 2.081716678612000500, 15.31522408358000000, 8.582853304023002400 ) ) ;
#77 = DIRECTION ( 'NONE',  ( -0.8660254037845495100, -0.4999999999998079300, 0.0000000000000000000 ) ) ;
#78 = PRODUCT_DEFINITION_SHAPE ( 'NONE', 'NONE',  #1336 ) ;
#79 = CARTESIAN_POINT ( 'NONE',  ( 0.7642168843888536000, 14.74917110157189800, 9.446898633411269200 ) ) ;
#80 = CARTESIAN_POINT ( 'NONE',  ( 1.446267076732000100, 15.26413969800000100, 10.13386055314000000 ) ) ;
#81 = EDGE_CURVE ( 'NONE', #424, #1721, #1390, .T. ) ;
#82 = CARTESIAN_POINT ( 'NONE',  ( 0.7204682617874999000, 14.67475147724999800, 9.297200367642000500 ) ) ;
#83 = ORIENTED_EDGE ( 'NONE', *, *, #1050, .F. ) ;
#84 = CARTESIAN_POINT ( 'NONE',  ( -1.495094134898979000, 17.38039196497312100, 6.899174399752864100 ) ) ;
#85 = VERTEX_POINT ( 'NONE', #1227 ) ;
#86 = CARTESIAN_POINT ( 'NONE',  ( 1.130148287041000000, 13.96516485867000400, 9.441675651461000700 ) ) ;
#87 = CARTESIAN_POINT ( 'NONE',  ( 2.491396703865000000, 14.60563746499000200, 8.727328587841999100 ) ) ;
#88 = CARTESIAN_POINT ( 'NONE',  ( 0.3218815580538000900, 16.59924714996999700, 6.889247048010001400 ) ) ;
#89 = CARTESIAN_POINT ( 'NONE',  ( 1.033921988407794800, 15.00673211179591200, 9.947116044900443700 ) ) ;
#90 = CARTESIAN_POINT ( 'NONE',  ( 0.7401564908824381800, 18.27000615799945000, 6.500000059030576900 ) ) ;
#91 = CARTESIAN_POINT ( 'NONE',  ( -2.078006546098000000, 19.36673666560999900, 6.612376248815998300 ) ) ;
#92 = CARTESIAN_POINT ( 'NONE',  ( 1.085252183436947500, 18.75436742074414600, 6.899999996324678100 ) ) ;
#93 = CARTESIAN_POINT ( 'NONE',  ( -0.09007405447520006000, 16.07865195069999900, 8.908234088193999900 ) ) ;
#94 = CARTESIAN_POINT ( 'NONE',  ( 0.2496273740724662400, 18.84979548622196400, 6.900000000000003000 ) ) ;
#95 = CARTESIAN_POINT ( 'NONE',  ( 1.318535330984000000, 16.78118453711999400, 8.364394310958001500 ) ) ;
#96 = CARTESIAN_POINT ( 'NONE',  ( 0.8221652092648001900, 16.59867947784999800, 6.860127676783999800 ) ) ;
#97 = CARTESIAN_POINT ( 'NONE',  ( 1.430774325093459500, 15.26321856648066500, 10.08151191017424800 ) ) ;
#98 = CARTESIAN_POINT ( 'NONE',  ( 0.3196059707779000900, 15.36906533212000200, 9.052709372013001900 ) ) ;
#99 = B_SPLINE_CURVE_WITH_KNOTS ( 'NONE', 3,
 ( #1831, #377, #2043, #882, #2252, #1039, #2459, #1206, #182, #1401, #385, #1623, #573, #1840, #728, #2047, #891, #2258, #1047, #2469, #1216, #190, #1409, #395, #1630, #581, #1851, #736, #2056, #898, #2272, #1055, #2478, #1223, #200, #1418, #404, #1643, #587, #1858, #742, #2065, #904, #2279, #1062, #4 ),
 .UNSPECIFIED., .F., .F.,
 ( 4, 2, 2, 2, 2, 2, 2, 2, 2, 2, 2, 2, 2, 2, 2, 2, 2, 2, 2, 2, 2, 2, 4 ),
 ( 0.0000000000000000000, 0.001757317500286414900, 0.002635976250429637000, 0.003514635000572858100, 0.005271952500859301000, 0.007029270001145742100, 0.008786587501432184200, 0.009665246251575405200, 0.01054390500171862600, 0.01142256375186184900, 0.01230122250200507000, 0.01405854000229151000, 0.01493719875243469700, 0.01581585750257787800, 0.01757317500286416700, 0.01845183375300727200, 0.01933049250315037700, 0.02108781000343650300, 0.02284512750372262600, 0.02372378625386568600, 0.02460244500400874900, 0.02635976250429486800, 0.02811708000458099100 ),
 .UNSPECIFIED. ) ;
#100 = CARTESIAN_POINT ( 'NONE',  ( -1.668493174515000500, 19.52412086791999700, 6.736751149921000900 ) ) ;
#101 = CARTESIAN_POINT ( 'NONE',  ( -1.944596944711700400, 18.24122546673329700, 6.900036467719999700 ) ) ;
#102 = CARTESIAN_POINT ( 'NONE',  ( 0.7292859960310001900, 14.65947871353000000, 9.197184655831000200 ) ) ;
#103 = CARTESIAN_POINT ( 'NONE',  ( 0.6831766469929720900, 18.24579131031507000, 6.900000000000003000 ) ) ;
#104 = CARTESIAN_POINT ( 'NONE',  ( 1.728215356238000300, 16.07159791852999900, 8.508869594775999800 ) ) ;
#105 = CARTESIAN_POINT ( 'NONE',  ( 1.976784785972295100, 14.32793757768550900, 8.546246399884156000 ) ) ;
#106 = ORIENTED_EDGE ( 'NONE', *, *, #2039, .F. ) ;
#107 = CARTESIAN_POINT ( 'NONE',  ( 0.9465895343516441700, 15.56071938314722300, 8.308445329238006500 ) ) ;
#108 = CARTESIAN_POINT ( 'NONE',  ( 1.855947101985000000, 14.55455307941000100, 10.27833583696000000 ) ) ;
#109 = CARTESIAN_POINT ( 'NONE',  ( 2.137895381491000000, 15.36201129995000200, 8.653344878595001800 ) ) ;
#110 = CARTESIAN_POINT ( 'NONE',  ( 1.138966021284000000, 13.94989209495000000, 9.341659939650000400 ) ) ;
#111 = CARTESIAN_POINT ( 'NONE',  ( -2.275481257266000600, 18.97434351848999900, 6.736751149921000900 ) ) ;
#112 = VERTEX_POINT ( 'NONE', #1314 ) ;
#113 = CARTESIAN_POINT ( 'NONE',  ( -1.734650109832000600, 17.78658626201999500, 6.889247048010001400 ) ) ;
#114 = CARTESIAN_POINT ( 'NONE',  ( -0.07142410959950001900, 16.06918491975000100, 8.808852463943001300 ) ) ;
#115 = CARTESIAN_POINT ( 'NONE',  ( 0.4774633401123987700, 17.47735194922051200, 6.900000000000000400 ) ) ;
#116 = ORIENTED_EDGE ( 'NONE', *, *, #1133, .T. ) ;
#117 = CARTESIAN_POINT ( 'NONE',  ( 2.547575406744000000, 14.65242468136000100, 8.797820162413996700 ) ) ;
#118 = VERTEX_POINT ( 'NONE', #371 ) ;
#119 = CARTESIAN_POINT ( 'NONE',  ( 2.331658633010598600, 14.55679930252140500, 8.664000041795940600 ) ) ;
#120 = CARTESIAN_POINT ( 'NONE',  ( 0.5110792645773005700, 15.38321270226124300, 8.671576596166751500 ) ) ;
#121 = CARTESIAN_POINT ( 'NONE',  ( 0.3382559156536000800, 15.35959830116000200, 8.953327747762001500 ) ) ;
#122 = CARTESIAN_POINT ( 'NONE',  ( -2.022178090400999800, 19.41702742524000400, 6.861126051024999800 ) ) ;
#123 = CARTESIAN_POINT ( 'NONE',  ( -1.515312199123000100, 17.33694759060000100, 6.860127676785998200 ) ) ;
#124 = CARTESIAN_POINT ( 'NONE',  ( 0.7479359409066000900, 14.65001168258000100, 9.097803031580999900 ) ) ;
#125 = CARTESIAN_POINT ( 'NONE',  ( 1.559655119153248600, 16.69271479606727500, 6.500000069387583700 ) ) ;
#126 = CARTESIAN_POINT ( 'NONE',  ( 2.613362990887672800, 14.81238049407556400, 9.120468049985431600 ) ) ;
#127 = CARTESIAN_POINT ( 'NONE',  ( 0.3667963381046198100, 15.42323507386663200, 9.277280007738133000 ) ) ;
#128 = CARTESIAN_POINT ( 'NONE',  ( 1.843714004548999900, 17.01932490888000200, 6.736751149921000900 ) ) ;
#129 = CARTESIAN_POINT ( 'NONE',  ( 1.157615966160000300, 13.94042506399000000, 9.242278315399998300 ) ) ;
#130 = CARTESIAN_POINT ( 'NONE',  ( -2.195425541806000200, 18.61359482499000300, 6.861126051024999800 ) ) ;
#131 = SURFACE_SIDE_STYLE ('',( #495 ) ) ;
#132 = CARTESIAN_POINT ( 'NONE',  ( -0.04317843089750000900, 16.06564366122999500, 8.711365062292996300 ) ) ;
#133 = CARTESIAN_POINT ( 'NONE',  ( 1.869729231424315900, 17.15956605719680900, 6.500000069633421700 ) ) ;
#134 = CARTESIAN_POINT ( 'NONE',  ( 2.528853673719584400, 14.88849697794124300, 9.733950268217043300 ) ) ;
#135 = AXIS2_PLACEMENT_3D ( 'NONE', #203, #1421, #407 ) ;
#136 = CARTESIAN_POINT ( 'NONE',  ( 0.5979569495485448400, 15.65742592457452700, 9.772013825412955200 ) ) ;
#137 = CARTESIAN_POINT ( 'NONE',  ( 1.856099887497999900, 17.38912141305000200, 6.861126051024999800 ) ) ;
#138 = CARTESIAN_POINT ( 'NONE',  ( 0.3665015943556000900, 15.35605704264000000, 8.855840346112001900 ) ) ;
#139 = PLANE ( 'NONE',  #769 ) ;
#140 = ORIENTED_EDGE ( 'NONE', *, *, #1277, .T. ) ;
#141 = CARTESIAN_POINT ( 'NONE',  ( -0.2499465198287095800, 19.52524475149708700, 6.899999996324678100 ) ) ;
#142 = CARTESIAN_POINT ( 'NONE',  ( 0.7761816196086002200, 14.64647042405999900, 9.000315629930998500 ) ) ;
#143 = CARTESIAN_POINT ( 'NONE',  ( -1.185767889889031400, 16.92274541409890200, 6.849127378789009200 ) ) ;
#144 = CIRCLE ( 'NONE', #980, 0.5561016473534435800 ) ;
#145 = CARTESIAN_POINT ( 'NONE',  ( 2.127457745636625500, 14.74072048530229200, 10.14636456262828900 ) ) ;
#146 = CARTESIAN_POINT ( 'NONE',  ( 1.029125928230368000, 15.94109110289651800, 9.942587614724626400 ) ) ;
#147 = CARTESIAN_POINT ( 'NONE',  ( 1.793552199048000300, 17.52530803954999800, 6.736751149921000900 ) ) ;
#148 = CARTESIAN_POINT ( 'NONE',  ( -0.9208082984407393000, 16.75408225449622200, 6.500000054129206900 ) ) ;
#149 = CARTESIAN_POINT ( 'NONE',  ( 1.551365919065000000, 17.90237885743999900, 6.899230593224002600 ) ) ;
#150 = ORIENTED_EDGE ( 'NONE', *, *, #1575, .F. ) ;
#151 = CARTESIAN_POINT ( 'NONE',  ( 1.185861644861999900, 13.93688380548000300, 9.144790913750000500 ) ) ;
#152 = CARTESIAN_POINT ( 'NONE',  ( -0.005695166767012001400, 16.06807307744999800, 8.617007999999998400 ) ) ;
#153 = ORIENTED_EDGE ( 'NONE', *, *, #1557, .T. ) ;
#154 = CARTESIAN_POINT ( 'NONE',  ( 0.6073623358107106400, 16.27115291355938700, 8.152439409767707100 ) ) ;
#155 = CARTESIAN_POINT ( 'NONE',  ( 1.619672088386999900, 16.72653195598999800, 6.612376248815998300 ) ) ;
#156 = CARTESIAN_POINT ( 'NONE',  ( 1.341805930498000100, 18.35722404898000100, 6.880997255274000000 ) ) ;
#157 = CARTESIAN_POINT ( 'NONE',  ( 0.4039848584861000500, 15.35848645886000500, 8.761483283819000400 ) ) ;
#158 = CARTESIAN_POINT ( 'NONE',  ( -0.2224840829896000400, 19.56600485845999800, 6.880997255274000000 ) ) ;
#159 = CARTESIAN_POINT ( 'NONE',  ( 0.8136648837391001800, 14.64889984028000000, 8.905958567637002300 ) ) ;
#160 = CARTESIAN_POINT ( 'NONE',  ( -0.1677760970043000500, 16.56962841871999700, 6.488001347711999300 ) ) ;
#161 = CARTESIAN_POINT ( 'NONE',  ( 0.1342745735029866000, 16.07000783912334200, 8.506027593473316300 ) ) ;
#162 = CARTESIAN_POINT ( 'NONE',  ( -1.672243186433996400, 18.91999999999999500, 6.850000000000003200 ) ) ;
#163 = CARTESIAN_POINT ( 'NONE',  ( 1.115905274344299900, 18.80336820841000300, 6.852446001640701400 ) ) ;
#164 = CARTESIAN_POINT ( 'NONE',  ( 1.223344908991999900, 13.93931322168999600, 9.050433851456004300 ) ) ;
#165 = CARTESIAN_POINT ( 'NONE',  ( -0.7225126976407000300, 19.55914177030669900, 6.852446001638699400 ) ) ;
#166 = CARTESIAN_POINT ( 'NONE',  ( -0.2735087579986000800, 16.56704650324999800, 6.612376242486998700 ) ) ;
#167 = DIRECTION ( 'NONE',  ( 0.01540465520972399500, 0.008202626906098796000, -0.9998476951564717600 ) ) ;
#168 = CARTESIAN_POINT ( 'NONE',  ( 0.04055040403730000900, 16.07644236398999700, 8.526977701869999000 ) ) ;
#169 = CARTESIAN_POINT ( 'NONE',  ( -1.720259635623700300, 19.47810280966669400, 6.900036467719999700 ) ) ;
#170 = CARTESIAN_POINT ( 'NONE',  ( -0.4316948943476001700, 16.58099340635999800, 6.736751137261000700 ) ) ;
#171 = CLOSED_SHELL ( 'NONE', ( #815, #565, #881, #1254, #1680, #2457, #1199, #719, #448, #770, #614, #1904, #1620, #32, #2106, #1386, #1037, #2036, #2314, #1830 ) ) ;
#172 = SURFACE_STYLE_FILL_AREA ( #1394 ) ;
#173 = CARTESIAN_POINT ( 'NONE',  ( 0.4502304292903001000, 15.36685574541000000, 8.671452985689001000 ) ) ;
#174 = CARTESIAN_POINT ( 'NONE',  ( -0.1500534801713050400, 16.61475524850257600, 6.899999996324678100 ) ) ;
#175 = CARTESIAN_POINT ( 'NONE',  ( 1.293449404211999900, 16.61572421911000000, 6.736751149921000900 ) ) ;
#176 = FILL_AREA_STYLE_COLOUR ( '', #993 ) ;
#177 = B_SPLINE_CURVE_WITH_KNOTS ( 'NONE', 3,
 ( #381, #858, #1835, #726, #2046, #886, #2256, #1042, #2464, #1209, #185, #1404, #389, #1626, #575, #1845, #730, #2050, #894, #2263 ),
 .UNSPECIFIED., .F., .F.,
 ( 4, 2, 2, 2, 2, 2, 2, 2, 2, 4 ),
 ( 0.0000000000000000000, 0.004161148230211506900, 0.006241722345317228700, 0.008322296460422951400, 0.009362583517975789700, 0.01040287057552863200, 0.01248344469063427700, 0.01456401880573992400, 0.01560430586329274500, 0.01664459292084557000 ),
 .UNSPECIFIED. ) ;
#178 = CARTESIAN_POINT ( 'NONE',  ( 0.8599104545434003200, 14.65726912683000000, 8.815928269508001200 ) ) ;
#179 = CARTESIAN_POINT ( 'NONE',  ( 1.129378760637001400, 18.77786381485215000, 6.849127380276180500 ) ) ;
#180 = ADVANCED_FACE ( 'NONE', ( #1576 ), #421, .T. ) ;
#181 = CARTESIAN_POINT ( 'NONE',  ( -0.5877574163195002900, 16.61156686674000200, 6.861126032036001000 ) ) ;
#182 = CARTESIAN_POINT ( 'NONE',  ( -0.2003750537836149200, 18.97183036493054700, 6.500000050733019600 ) ) ;
#183 = CARTESIAN_POINT ( 'NONE',  ( 0.4836090594650999700, 19.41294520023999900, 6.736751137261000700 ) ) ;
#184 = CARTESIAN_POINT ( 'NONE',  ( 1.269590479796999900, 13.94768250824000300, 8.960403553326004900 ) ) ;
#185 = CARTESIAN_POINT ( 'NONE',  ( 0.3951472699364210700, 19.44732597808844700, 6.500000052679770800 ) ) ;
#186 = DIRECTION ( 'NONE',  ( 8.592823452948517600E-016, -3.206885370684779400E-015, 1.000000000000000000 ) ) ;
#187 = CARTESIAN_POINT ( 'NONE',  ( 1.366685416998000300, 16.82486954238000000, 8.442415730384002600 ) ) ;
#188 = CARTESIAN_POINT ( 'NONE',  ( 0.09497189882480001900, 16.09064540032999700, 8.442415730384002600 ) ) ;
#189 = CARTESIAN_POINT ( 'NONE',  ( 0.01203929300270579500, 16.05198090616875100, 8.764104140655012600 ) ) ;
#190 = CARTESIAN_POINT ( 'NONE',  ( 0.5152500554338591600, 18.61909110363751900, 6.500000056308251400 ) ) ;
#191 = CARTESIAN_POINT ( 'NONE',  ( 0.4826223804143000600, 19.41100687615999500, 6.612376242486998700 ) ) ;
#192 = CARTESIAN_POINT ( 'NONE',  ( 0.5046519240778000200, 15.38105878174999800, 8.586891014203002800 ) ) ;
#193 = CARTESIAN_POINT ( 'NONE',  ( -0.2515219723725328800, 19.57114722982735300, 6.616375796696170900 ) ) ;
#194 = VERTEX_POINT ( 'NONE', #1340 ) ;
#195 = CARTESIAN_POINT ( 'NONE',  ( -2.273492366473534300, 18.82798566562487300, 6.849127379370484500 ) ) ;
#196 = CARTESIAN_POINT ( 'NONE',  ( 0.9143319493309000100, 14.67147216315999900, 8.731366298020999400 ) ) ;
#197 = CARTESIAN_POINT ( 'NONE',  ( 1.776365442251000200, 16.11528292380000200, 8.586891014203002800 ) ) ;
#198 = CARTESIAN_POINT ( 'NONE',  ( 1.324011974584000200, 13.96188554458000300, 8.875841581840001400 ) ) ;
#199 = CARTESIAN_POINT ( 'NONE',  ( 0.01862866579794815100, 16.17416866023924300, 9.345541038447814600 ) ) ;
#200 = CARTESIAN_POINT ( 'NONE',  ( 0.6844573720121124300, 17.89519692859227000, 6.500000059869180700 ) ) ;
#201 = CARTESIAN_POINT ( 'NONE',  ( 0.1877574163195000200, 19.52843313325999500, 6.861126032036001000 ) ) ;
#202 = CARTESIAN_POINT ( 'NONE',  ( 0.1568792661563000500, 16.11050209537999900, 8.364394310958001500 ) ) ;
#203 = CARTESIAN_POINT ( 'NONE',  ( 0.7089870045666684100, 16.49558832466782800, 8.966577056626997300 ) ) ;
#204 = PLANE ( 'NONE',  #764 ) ;
#205 = CARTESIAN_POINT ( 'NONE',  ( 0.5665592914094000900, 15.40091547680000000, 8.508869594775999800 ) ) ;
#206 = CARTESIAN_POINT ( 'NONE',  ( 2.186045467503999500, 15.40569630521000000, 8.731366298020999400 ) ) ;
#207 = CARTESIAN_POINT ( 'NONE',  ( 0.9762393166625001900, 14.69132885820999800, 8.653344878595001800 ) ) ;
#208 = CARTESIAN_POINT ( 'NONE',  ( 0.3868265683873870500, 16.46978671791822500, 9.753384444955239400 ) ) ;
#209 = CARTESIAN_POINT ( 'NONE',  ( 1.293296993592999900, 16.62006719278000200, 6.488001347711999300 ) ) ;
#210 = CARTESIAN_POINT ( 'NONE',  ( 1.385919341916000100, 13.98174223963000200, 8.797820162413996700 ) ) ;
#211 = CARTESIAN_POINT ( 'NONE',  ( -1.692824101971394500, 19.51964677063891800, 6.500000013403667500 ) ) ;
#212 = CARTESIAN_POINT ( 'NONE',  ( 1.672006264061175300, 14.48956269812451900, 10.20430644248632700 ) ) ;
#213 = CARTESIAN_POINT ( 'NONE',  ( 0.2254875355449000600, 16.13576067104000000, 8.293902736385000200 ) ) ;
#214 = CARTESIAN_POINT ( 'NONE',  ( 2.595725492756999900, 14.69610968662999900, 8.875841581840001400 ) ) ;
#215 = CARTESIAN_POINT ( 'NONE',  ( 0.6351675607980000700, 15.42617405246000000, 8.438378020203996900 ) ) ;
#216 = CARTESIAN_POINT ( 'NONE',  ( 1.221730008372426300, 15.60749139085567600, 10.06128148516994600 ) ) ;
#217 = CARTESIAN_POINT ( 'NONE',  ( 1.576740976493267600, 14.12083367450907000, 8.664017406613718100 ) ) ;
#218 = CARTESIAN_POINT ( 'NONE',  ( 1.866264152209999900, 17.09104345404000100, 6.861126051024999800 ) ) ;
#219 = CARTESIAN_POINT ( 'NONE',  ( 1.044847586051000300, 14.71658743387000200, 8.582853304023002400 ) ) ;
#220 = CARTESIAN_POINT ( 'NONE',  ( -2.118100452442215300, 19.32230391331408000, 6.500000037875233600 ) ) ;
#221 = CARTESIAN_POINT ( 'NONE',  ( 1.262431850603424200, 14.19013125477212800, 9.895062617813451300 ) ) ;
#222 = CARTESIAN_POINT ( 'NONE',  ( 1.454527611303999800, 14.00700081529000200, 8.727328587841999100 ) ) ;
#223 = CARTESIAN_POINT ( 'NONE',  ( 1.406196354670999900, 16.86489842121000700, 8.526977701869999000 ) ) ;
#224 = CARTESIAN_POINT ( 'NONE',  ( 0.2999267706373002200, 16.16610085464000000, 8.231834822838001400 ) ) ;
#225 = CARTESIAN_POINT ( 'NONE',  ( 2.641971844519542600, 14.81294145084605100, 9.042098738927574400 ) ) ;
#226 = CARTESIAN_POINT ( 'NONE',  ( 1.214548992941394000, 14.00466114000701100, 9.120485414801352800 ) ) ;
#227 = CARTESIAN_POINT ( 'NONE',  ( 1.337386684641999900, 14.20989485191000200, 10.05600700327000000 ) ) ;
#228 = LINE ( 'NONE', #1667, #712 ) ;
#229 = CARTESIAN_POINT ( 'NONE',  ( 0.7096067958904001000, 15.45651423605000300, 8.376310106656999800 ) ) ;
#230 = CARTESIAN_POINT ( 'NONE',  ( -2.261424178728435000, 18.80380573374559800, 6.500000038821521100 ) ) ;
#231 = CARTESIAN_POINT ( 'NONE',  ( 1.815876379923999900, 16.15531180262999900, 8.671452985689001000 ) ) ;
#232 = TOROIDAL_SURFACE ( 'NONE', #303, 0.5561016563227380000, 0.04999999999997805500 ) ;
#233 = CARTESIAN_POINT ( 'NONE',  ( 1.164280806069398500, 14.01328708817731800, 9.304818186163343400 ) ) ;
#234 = CARTESIAN_POINT ( 'NONE',  ( 1.119286821143000300, 14.74692761746999800, 8.520785390476000000 ) ) ;
#235 = ORIENTED_EDGE ( 'NONE', *, *, #1765, .F. ) ;
#236 = CARTESIAN_POINT ( 'NONE',  ( 2.225556405177000000, 15.44572518403999900, 8.815928269508001200 ) ) ;
#237 = CARTESIAN_POINT ( 'NONE',  ( 2.196854826672543400, 14.78409192215605300, 10.16259705061207400 ) ) ;
#238 = CARTESIAN_POINT ( 'NONE',  ( 1.190884842849531100, 14.11590659746363500, 9.733967633035588200 ) ) ;
#239 = CARTESIAN_POINT ( 'NONE',  ( 1.824717263227000300, 17.45741858297999700, 6.488001347711999300 ) ) ;
#240 = FACE_OUTER_BOUND ( 'NONE', #1719, .T. ) ;
#241 = CARTESIAN_POINT ( 'NONE',  ( 1.528966846396999900, 14.03734099888999900, 8.665260674295000200 ) ) ;
#242 = ORIENTED_EDGE ( 'NONE', *, *, #1634, .T. ) ;
#243 = CARTESIAN_POINT ( 'NONE',  ( -1.816145511922000200, 19.50385555853000200, 6.488001347711999300 ) ) ;
#244 = CARTESIAN_POINT ( 'NONE',  ( 1.434842707508035200, 14.06225199535570900, 8.778091664570931500 ) ) ;
#245 = CARTESIAN_POINT ( 'NONE',  ( 0.3792531000014000000, 16.20113794003999900, 8.178977576509998600 ) ) ;
#246 = CARTESIAN_POINT ( 'NONE',  ( 2.635236430429999600, 14.73613856545999900, 8.960403553326004900 ) ) ;
#247 = ADVANCED_FACE ( 'NONE', ( #514 ), #720, .T. ) ;
#248 = CARTESIAN_POINT ( 'NONE',  ( 1.378013304373471000, 15.33680078179960300, 8.288628254485082900 ) ) ;
#249 = CARTESIAN_POINT ( 'NONE',  ( 1.519561003596984900, 14.38963742183782000, 10.14638192744661900 ) ) ;
#250 = CARTESIAN_POINT ( 'NONE',  ( 0.7271574844174000200, 15.78195935896999900, 9.924957957506002500 ) ) ;
#251 = CARTESIAN_POINT ( 'NONE',  ( 0.7889331252545002100, 15.49155132144999800, 8.323452860329004100 ) ) ;
#252 = CARTESIAN_POINT ( 'NONE',  ( -2.249828095007000000, 18.75269529026999700, 6.488001347711999300 ) ) ;
#253 = CARTESIAN_POINT ( 'NONE',  ( 1.940070442146207400, 14.30681104300369800, 8.546592666723928000 ) ) ;
#254 = CARTESIAN_POINT ( 'NONE',  ( 1.198613150508000200, 14.78196470286999900, 8.467928144148000800 ) ) ;
#255 = CARTESIAN_POINT ( 'NONE',  ( 1.436567154833000100, 16.90076361706999800, 8.617007999999998400 ) ) ;
#256 = CARTESIAN_POINT ( 'NONE',  ( 1.757555527807676900, 14.55201736720628600, 10.26846394174460600 ) ) ;
#257 = CARTESIAN_POINT ( 'NONE',  ( 1.593792958110956000, 15.01646779895807000, 8.407339594622804700 ) ) ;
#258 = CARTESIAN_POINT ( 'NONE',  ( 0.8660795601274001700, 19.13195439007000700, 6.612376242486998700 ) ) ;
#259 = CARTESIAN_POINT ( 'NONE',  ( 1.608293175761000200, 14.07237808427999900, 8.612403427967002800 ) ) ;
#260 = CARTESIAN_POINT ( 'NONE',  ( 1.846247180087000400, 16.19117699848000300, 8.761483283819000400 ) ) ;
#261 = B_SPLINE_CURVE_WITH_KNOTS ( 'NONE', 3,
 ( #2130, #2285, #2181, #2095, #2085, #2076, #2062, #2053, #1969, #1961 ),
 .UNSPECIFIED., .F., .F.,
 ( 4, 1, 1, 1, 1, 1, 1, 4 ),
 ( 0.0000000000000000000, 0.1382689154316281700, 0.2829613492498195300, 0.4276537830673810000, 0.5723462168855721900, 0.7170386507037634900, 0.8617310845213250700, 1.000000000000000000 ),
 .UNSPECIFIED. ) ;
#262 = CARTESIAN_POINT ( 'NONE',  ( -0.2516613341301867100, 19.57520768224021900, 6.849127380331173900 ) ) ;
#263 = CARTESIAN_POINT ( 'NONE',  ( 0.4624606844282001000, 16.24042766514999800, 8.136001214510001100 ) ) ;
#264 = TOROIDAL_SURFACE ( 'NONE', #1153, 2.200000000000446900, 0.8500000000004032100 ) ;
#265 = CARTESIAN_POINT ( 'NONE',  ( 2.255927205340000400, 15.48159037990000200, 8.905958567637002300 ) ) ;
#266 = CARTESIAN_POINT ( 'NONE',  ( 1.106512900967296500, 14.00610254820587000, 9.433340538932492700 ) ) ;
#267 = LINE ( 'NONE', #1804, #1628 ) ;
#268 = CARTESIAN_POINT ( 'NONE',  ( 1.233966358349567500, 14.82655465249480300, 8.494925115947042500 ) ) ;
#269 = CARTESIAN_POINT ( 'NONE',  ( 0.8721407096813000900, 15.53084104656999800, 8.280476498329001300 ) ) ;
#270 = VERTEX_POINT ( 'NONE', #365 ) ;
#271 = CARTESIAN_POINT ( 'NONE',  ( 1.869982316070953000, 17.10741604407845900, 6.849127379370491700 ) ) ;
#272 = CARTESIAN_POINT ( 'NONE',  ( 1.281820734934000100, 14.82125442798999900, 8.424951782147998000 ) ) ;
#273 = CARTESIAN_POINT ( 'NONE',  ( 2.665607230592999900, 14.77200376130999800, 9.050433851456004300 ) ) ;
#274 = CARTESIAN_POINT ( 'NONE',  ( 1.841668262810267900, 14.24190252498643100, 8.506829405161553800 ) ) ;
#275 = CARTESIAN_POINT ( 'NONE',  ( 0.8324112327283755800, 14.68774930585623100, 8.951852388899432400 ) ) ;
#276 = CARTESIAN_POINT ( 'NONE',  ( 1.556008421473000300, 16.68736988070999800, 6.612376248815998300 ) ) ;
#277 = CARTESIAN_POINT ( 'NONE',  ( 1.691500760187000000, 14.11166780940000000, 8.569427065967001800 ) ) ;
#278 = CARTESIAN_POINT ( 'NONE',  ( 1.129435057877678400, 18.77789379185281100, 6.852786849251958600 ) ) ;
#279 = CARTESIAN_POINT ( 'NONE',  ( 0.5484944735666000800, 16.28347184678999700, 8.103450666877000300 ) ) ;
#280 = CARTESIAN_POINT ( 'NONE',  ( 1.153476236016000000, 15.68015247466000000, 8.216049186517000900 ) ) ;
#281 = CARTESIAN_POINT ( 'NONE',  ( 1.457412723061000100, 16.93201036790999900, 8.711365062292996300 ) ) ;
#282 = CARTESIAN_POINT ( 'NONE',  ( -0.1781292349685000000, 16.59186480979000300, 6.895433249022999300 ) ) ;
#283 = CARTESIAN_POINT ( 'NONE',  ( 0.7808226610714242800, 14.77710333305306800, 9.536999045979639400 ) ) ;
#284 = CARTESIAN_POINT ( 'NONE',  ( 0.6269070262256001300, 16.68331293516999400, 9.844909985499001000 ) ) ;
#285 = CARTESIAN_POINT ( 'NONE',  ( 0.9581744988197001800, 15.57388522821000300, 8.247925950695998800 ) ) ;
#286 =( GEOMETRIC_REPRESENTATION_CONTEXT ( 3 ) GLOBAL_UNCERTAINTY_ASSIGNED_CONTEXT ( ( #14 ) ) GLOBAL_UNIT_ASSIGNED_CONTEXT ( ( #335, #1568, #529 ) ) REPRESENTATION_CONTEXT ( 'NONE', 'WORKASPACE' ) );
#287 = CARTESIAN_POINT ( 'NONE',  ( -1.485252183436922600, 17.38563257925582300, 6.899999996324678100 ) ) ;
#288 = CARTESIAN_POINT ( 'NONE',  ( 1.367854524073000200, 14.86429860962000000, 8.392401234514004200 ) ) ;
#289 = CARTESIAN_POINT ( 'NONE',  ( -0.4617293899090022500, 18.93122872461227100, 6.899999999999999500 ) ) ;
#290 = CARTESIAN_POINT ( 'NONE',  ( 1.867092748314000100, 16.22242374932999500, 8.855840346112001900 ) ) ;
#291 = CARTESIAN_POINT ( 'NONE',  ( 0.3223659554964000700, 16.58513371747999800, 6.871117638200999500 ) ) ;
#292 = CARTESIAN_POINT ( 'NONE',  ( 1.101809180249565800, 15.05545759955012400, 9.993926318936264200 ) ) ;
#293 = CARTESIAN_POINT ( 'NONE',  ( 1.777534549326000400, 14.15471199104000100, 8.536876518333002700 ) ) ;
#294 = B_SPLINE_CURVE_WITH_KNOTS ( 'NONE', 3,
 ( #2071, #1863, #1066, #8, #1232, #212, #1434, #416, #1658, #597, #1873, #752, #2083, #911, #2292, #1073, #19, #1239, #221, #1444, #428, #1668, #604, #1886, #762, #2093, #920, #2305, #1079, #29, #1248, #233, #1454, #440, #1682, #611, #1895, #772, #2103, #926, #2315, #1086, #38, #1255, #244, #1464, #449, #1693, #621, #1905, #777, #2114, #936, #2322, #1095, #51, #1261, #253, #1478, #461 ),
 .UNSPECIFIED., .F., .F.,
 ( 4, 2, 2, 2, 2, 2, 2, 2, 2, 2, 2, 2, 2, 2, 2, 2, 2, 2, 2, 2, 2, 2, 2, 2, 2, 2, 2, 2, 2, 4 ),
 ( 3.748448032255499000E-016, 0.0004214494076145227100, 0.001374288105751441200, 0.002327126803879908900, 0.003279965502016823600, 0.004232804200145284600, 0.005185642898282209800, 0.006138481596419132300, 0.007091320294547588500, 0.008044158992684515400, 0.008996997690812967200, 0.009949836388949893200, 0.01090267508708681200, 0.01185551378521527600, 0.01280835248335219900, 0.01376119118148065900, 0.01471402987961758200, 0.01566686857775450100, 0.01661970727588296300, 0.01757254597401988700, 0.01852538467214834300, 0.01947822337028526400, 0.02043106206842218400, 0.02138390076655064700, 0.02233673946468756700, 0.02328957816281603000, 0.02424241686095295400, 0.02519525555908987500, 0.02614809425722002700, 0.02656954366483486900 ),
 .UNSPECIFIED. ) ;
#295 = CARTESIAN_POINT ( 'NONE',  ( -2.175204134734999500, 19.25353835897999800, 6.612376248815998300 ) ) ;
#296 = FACE_OUTER_BOUND ( 'NONE', #2070, .T. ) ;
#297 = CARTESIAN_POINT ( 'NONE',  ( 0.6362635731243000400, 16.32972469121000000, 8.081738666234000900 ) ) ;
#298 = CARTESIAN_POINT ( 'NONE',  ( 0.3238565738563711800, 18.80223457648631300, 6.900000000000000400 ) ) ;
#299 = CARTESIAN_POINT ( 'NONE',  ( 2.276772773567000000, 15.51283713074000100, 9.000315629930998500 ) ) ;
#300 = CARTESIAN_POINT ( 'NONE',  ( 0.8221846242496000400, 16.59811380171169400, 6.848617413939302300 ) ) ;
#301 = CARTESIAN_POINT ( 'NONE',  ( 1.446192089483166800, 15.27212000266656000, 10.08151184025769000 ) ) ;
#302 = CARTESIAN_POINT ( 'NONE',  ( 1.885344575585000000, 14.57110017894999900, 10.27624580944000100 ) ) ;
#303 = AXIS2_PLACEMENT_3D ( 'NONE', #162, #2240, #1825 ) ;
#304 = CARTESIAN_POINT ( 'NONE',  ( 1.045943598376999800, 15.62013807262000000, 8.226213950052997600 ) ) ;
#305 = ORIENTED_EDGE ( 'NONE', *, *, #1557, .F. ) ;
#306 = FACE_OUTER_BOUND ( 'NONE', #1846, .T. ) ;
#307 = CARTESIAN_POINT ( 'NONE',  ( -1.743380973051000400, 19.52148882051000100, 6.736751149921000900 ) ) ;
#308 = CARTESIAN_POINT ( 'NONE',  ( -1.961009362251000100, 18.23248622939999900, 6.895433249022999300 ) ) ;
#309 = CARTESIAN_POINT ( 'NONE',  ( 1.455623623629999800, 14.91055145404000000, 8.370689233872003100 ) ) ;
#310 = CARTESIAN_POINT ( 'NONE',  ( 0.6997667253827406500, 18.12910654282918100, 6.899999999999995000 ) ) ;
#311 = CARTESIAN_POINT ( 'NONE',  ( 2.686452798820000000, 14.80325051216000200, 9.144790913750000500 ) ) ;
#312 = DIRECTION ( 'NONE',  ( -0.4924038765053730900, 0.8528685319529009100, -0.1736481776667551700 ) ) ;
#313 = CARTESIAN_POINT ( 'NONE',  ( 0.8662250817765772000, 15.52124843284095900, 8.342469507428452500 ) ) ;
#314 = CARTESIAN_POINT ( 'NONE',  ( -0.2499465209128908000, 19.52524478304867000, 6.900000000000000400 ) ) ;
#315 = CARTESIAN_POINT ( 'NONE',  ( 1.865303648883999800, 14.20096483545000000, 8.515164517690003300 ) ) ;
#316 = CARTESIAN_POINT ( 'NONE',  ( -2.270378182797999900, 18.82469043172999800, 6.736751149921000900 ) ) ;
#317 = CARTESIAN_POINT ( 'NONE',  ( -1.747114899631000200, 17.77994904625999700, 6.871117638202001400 ) ) ;
#318 = CARTESIAN_POINT ( 'NONE',  ( 0.7246551166411003800, 16.37859973801999700, 8.071140517285002100 ) ) ;
#319 = CARTESIAN_POINT ( 'NONE',  ( 0.4158428397695000900, 17.41347507486004500, 6.900000000000000400 ) ) ;
#320 = CARTESIAN_POINT ( 'NONE',  ( 2.395725877865242800, 14.60454299356826300, 8.716820244647065500 ) ) ;
#321 = STYLED_ITEM ( 'NONE', ( #1186 ), #683 ) ;
#322 = CARTESIAN_POINT ( 'NONE',  ( 0.4648291536942618700, 15.37347194020143000, 8.754883801843998700 ) ) ;
#323 = CARTESIAN_POINT ( 'NONE',  ( 1.036587051479000100, 15.97372631658000200, 9.989385269318001200 ) ) ;
#324 = CARTESIAN_POINT ( 'NONE',  ( 1.134335141894000200, 15.66901311944000100, 8.215615801104002400 ) ) ;
#325 = CARTESIAN_POINT ( 'NONE',  ( -2.133419642476000400, 19.31598860451000400, 6.861126051024999800 ) ) ;
#326 = CARTESIAN_POINT ( 'NONE',  ( -1.515811796525199800, 17.33668156639670200, 6.848617413941101800 ) ) ;
#327 = CARTESIAN_POINT ( 'NONE',  ( 1.544015167147000200, 14.95942650085000000, 8.360091084923002600 ) ) ;
#328 = CARTESIAN_POINT ( 'NONE',  ( 1.623696552052219100, 16.73304038123461300, 6.500000069634773500 ) ) ;
#329 = CARTESIAN_POINT ( 'NONE',  ( 2.626886489309016700, 14.83873384427855100, 9.211554062321216200 ) ) ;
#330 = VERTEX_POINT ( 'NONE', #686 ) ;
#331 = CARTESIAN_POINT ( 'NONE',  ( 0.3803198365264689500, 15.44958842407344900, 9.368366020076091900 ) ) ;
#332 = CARTESIAN_POINT ( 'NONE',  ( 0.4130809437398690300, 17.38471046000819000, 6.500000060021485600 ) ) ;
#333 = CARTESIAN_POINT ( 'NONE',  ( 1.953695192399999900, 14.24983988226999900, 8.504566368742002800 ) ) ;
#334 = VECTOR ( 'NONE', #966, 100.0000000000000100 ) ;
#335 =( LENGTH_UNIT ( ) NAMED_UNIT ( * ) SI_UNIT ( .CENTI., .METRE. ) );
#336 = AXIS2_PLACEMENT_3D ( 'NONE', #872, #885, #2254 ) ;
#337 = CARTESIAN_POINT ( 'NONE',  ( 0.7832505248565000400, 16.41251805210999800, 8.071573902698000700 ) ) ;
#338 = CARTESIAN_POINT ( 'NONE',  ( 1.872581944653605200, 17.23512369073652900, 6.500000069386158200 ) ) ;
#339 = CARTESIAN_POINT ( 'NONE',  ( 2.482603562836727600, 14.87875621588173300, 9.817257473894272800 ) ) ;
#340 = CARTESIAN_POINT ( 'NONE',  ( 0.6620241944040430300, 15.70516961562161200, 9.824834028264367800 ) ) ;
#341 = CARTESIAN_POINT ( 'NONE',  ( 0.6351865001835402800, 16.62341446275688700, 9.803663556094885900 ) ) ;
#342 = ORIENTED_EDGE ( 'NONE', *, *, #2039, .T. ) ;
#343 = EDGE_CURVE ( 'NONE', #564, #2436, #932, .T. ) ;
#344 = CARTESIAN_POINT ( 'NONE',  ( 1.192930550110000000, 15.70293143352000200, 8.216049186517000900 ) ) ;
#345 = DIRECTION ( 'NONE',  ( -0.03429631001004263700, 0.9992593140067274100, 0.01745240643864125900 ) ) ;
#346 = CARTESIAN_POINT ( 'NONE',  ( 1.602610575363000000, 14.99334481494000200, 8.360524470336002900 ) ) ;
#347 = CARTESIAN_POINT ( 'NONE',  ( -0.8317658686318084600, 16.69566259425158000, 6.849127378789011900 ) ) ;
#348 = CARTESIAN_POINT ( 'NONE',  ( 2.047093293060643100, 14.70124953499464300, 10.18038874082337100 ) ) ;
#349 = CARTESIAN_POINT ( 'NONE',  ( 1.044543692620697000, 15.94999253908248900, 9.942587544807787800 ) ) ;
#350 = CARTESIAN_POINT ( 'NONE',  ( -0.8273288968128969000, 16.70703363792171800, 6.500000054860880300 ) ) ;
#351 = CARTESIAN_POINT ( 'NONE',  ( 1.569635787223999700, 17.91210714478999900, 6.889247048010001400 ) ) ;
#352 = CARTESIAN_POINT ( 'NONE',  ( 2.012290600615999700, 14.28375819635000000, 8.504999754154999500 ) ) ;
#353 = CARTESIAN_POINT ( 'NONE',  ( 1.125792812489301500, 18.77595437939752200, 6.616375792929564300 ) ) ;
#354 = CARTESIAN_POINT ( 'NONE',  ( 0.8122794702149001000, 16.42970346127999900, 8.073663930216000000 ) ) ;
#355 = CARTESIAN_POINT ( 'NONE',  ( -1.868300466681938100, 17.99863604938529700, 6.849127379677036700 ) ) ;
#356 = CARTESIAN_POINT ( 'NONE',  ( 0.5255619395699771000, 16.22949000621773800, 8.179769668298673600 ) ) ;
#357 = CARTESIAN_POINT ( 'NONE',  ( 1.875397018081999900, 17.24056715739000000, 6.612376248815998300 ) ) ;
#358 = CARTESIAN_POINT ( 'NONE',  ( 1.350297876515000200, 18.36174581619999900, 6.860127676785998200 ) ) ;
#359 = CARTESIAN_POINT ( 'NONE',  ( 1.221959495467999800, 15.72011684270000000, 8.218139214035000300 ) ) ;
#360 = CARTESIAN_POINT ( 'NONE',  ( -0.2228140907153000600, 19.57561998304999700, 6.860127676783999800 ) ) ;
#361 = CARTESIAN_POINT ( 'NONE',  ( -1.541153324087000100, 17.39383714038000100, 6.612376242486998700 ) ) ;
#362 = ORIENTED_EDGE ( 'NONE', *, *, #1345, .T. ) ;
#363 = CARTESIAN_POINT ( 'NONE',  ( -0.3004692269284287600, 17.11400929145045400, 6.500000056620873300 ) ) ;
#364 = CARTESIAN_POINT ( 'NONE',  ( 1.812614660175405600, 14.58404915251776400, 10.26965929837059300 ) ) ;
#365 = CARTESIAN_POINT ( 'NONE',  ( -0.2514522975842762300, 19.56911718109357800, 6.500000016465919300 ) ) ;
#366 = CARTESIAN_POINT ( 'NONE',  ( -1.220452706519300000, 19.49142494100829700, 6.899997398026101800 ) ) ;
#367 = SHAPE_DEFINITION_REPRESENTATION ( #78, #1231 ) ;
#368 = ORIENTED_EDGE ( 'NONE', *, *, #1093, .T. ) ;
#369 = CARTESIAN_POINT ( 'NONE',  ( -0.1149975514859000500, 16.57044572115999900, 6.612376242486998700 ) ) ;
#370 = CARTESIAN_POINT ( 'NONE',  ( -1.672243186433996400, 18.91999999999999500, 6.899999999999980800 ) ) ;
#371 = CARTESIAN_POINT ( 'NONE',  ( -0.2000000000000161400, 17.16999999999561800, 6.800000000000026500 ) ) ;
#372 = B_SPLINE_CURVE_WITH_KNOTS ( 'NONE', 3,
 ( #1894, #2282, #925, #2313 ),
 .UNSPECIFIED., .F., .F.,
 ( 4, 4 ),
 ( -117.0685624984000000, -116.0685624984000000 ),
 .UNSPECIFIED. ) ;
#373 = CARTESIAN_POINT ( 'NONE',  ( 1.631639520721000400, 15.01053022411000300, 8.362614497854004000 ) ) ;
#374 = CARTESIAN_POINT ( 'NONE',  ( -1.720897442856000200, 19.49668599885999900, 6.895433249022999300 ) ) ;
#375 = CARTESIAN_POINT ( 'NONE',  ( -0.1676828077298000200, 16.56528479292999700, 6.736751137261000700 ) ) ;
#376 = ADVANCED_FACE ( 'NONE', ( #455, #1907 ), #905, .T. ) ;
#377 = CARTESIAN_POINT ( 'NONE',  ( -0.5985198242533244000, 18.87913816871006700, 6.500000048642911900 ) ) ;
#378 = CARTESIAN_POINT ( 'NONE',  ( -0.2851253131280000500, 19.57172177120000000, 6.736751137261000700 ) ) ;
#379 = SURFACE_SIDE_STYLE ('',( #172 ) ) ;
#380 = CARTESIAN_POINT ( 'NONE',  ( 1.053225777823999700, 16.58150605084999900, 8.136001214510001100 ) ) ;
#381 = CARTESIAN_POINT ( 'NONE',  ( 1.123999715343219300, 18.77499959614057400, 6.500000021071733700 ) ) ;
#382 = CARTESIAN_POINT ( 'NONE',  ( -0.2737212607048000700, 16.56270169190999700, 6.861126032036001000 ) ) ;
#383 = CARTESIAN_POINT ( 'NONE',  ( 1.468468742572999900, 16.95824247246999400, 8.808852463943001300 ) ) ;
#384 = FACE_OUTER_BOUND ( 'NONE', #1635, .T. ) ;
#385 = CARTESIAN_POINT ( 'NONE',  ( -0.02399611928475516700, 18.95446769714151700, 6.500000051863509900 ) ) ;
#386 = CARTESIAN_POINT ( 'NONE',  ( 0.7497001276163001200, 19.23999693380000100, 6.736751137261000700 ) ) ;
#387 = FACE_OUTER_BOUND ( 'NONE', #2067, .T. ) ;
#388 = CARTESIAN_POINT ( 'NONE',  ( 0.7596609489875925100, 16.35441013765168000, 8.129490933810123100 ) ) ;
#389 = CARTESIAN_POINT ( 'NONE',  ( 0.2315212582638228000, 19.50826313831463900, 6.500000051474040100 ) ) ;
#390 = ORIENTED_EDGE ( 'NONE', *, *, #1126, .F. ) ;
#391 = CARTESIAN_POINT ( 'NONE',  ( -1.893181025331512900, 19.48670423112237400, 6.849127379370467700 ) ) ;
#392 = FACE_OUTER_BOUND ( 'NONE', #1879, .T. ) ;
#393 = CARTESIAN_POINT ( 'NONE',  ( 1.878148767826000300, 16.24865585389000000, 8.953327747762001500 ) ) ;
#394 = CARTESIAN_POINT ( 'NONE',  ( -0.01161648839164579200, 16.05719083259784700, 8.856771860996715900 ) ) ;
#395 = CARTESIAN_POINT ( 'NONE',  ( 0.5934260325134219600, 18.49508286081692900, 6.500000057216586100 ) ) ;
#396 = CARTESIAN_POINT ( 'NONE',  ( 1.233057895748999900, 14.11942263028000100, 9.907494009271001500 ) ) ;
#397 = CARTESIAN_POINT ( 'NONE',  ( 0.7673698311825649700, 16.35886085574421900, 8.129490898851724300 ) ) ;
#398 = CARTESIAN_POINT ( 'NONE',  ( -0.2514523011345831700, 19.56911728456193000, 6.500000046524724500 ) ) ;
#399 = CARTESIAN_POINT ( 'NONE',  ( -2.231266762656313000, 18.68029214560984400, 6.849127379370487200 ) ) ;
#400 = CARTESIAN_POINT ( 'NONE',  ( 0.7750787133775374200, 16.36331157383676100, 8.129490863893325400 ) ) ;
#401 = CARTESIAN_POINT ( 'NONE',  ( 2.287828793079000000, 15.53906923530000100, 9.097803031580999900 ) ) ;
#402 = CARTESIAN_POINT ( 'NONE',  ( 0.7827875955725099900, 16.36776229192930300, 8.129490828934926600 ) ) ;
#403 = CARTESIAN_POINT ( 'NONE',  ( 0.05306727719848981800, 16.21066300227184700, 9.427126519781689100 ) ) ;
#404 = CARTESIAN_POINT ( 'NONE',  ( 0.6334535718865064200, 17.72523804481655000, 6.500000060154964600 ) ) ;
#405 = CARTESIAN_POINT ( 'NONE',  ( -0.09953082999015860900, 19.02599073498236800, 8.702015807430708300 ) ) ;
#406 = CARTESIAN_POINT ( 'NONE',  ( 0.7950154823589149500, 16.37482205436662100, 8.129490773483652800 ) ) ;
#407 = DIRECTION ( 'NONE',  ( 0.8660254037845601700, 0.4999999999997895000, 0.0000000000000000000 ) ) ;
#408 = CARTESIAN_POINT ( 'NONE',  ( 2.590555858209000000, 18.20859120968999900, 6.900000000000000400 ) ) ;
#409 = CARTESIAN_POINT ( 'NONE',  ( 0.8072127113122443700, 16.38193462939780100, 8.129837040323499400 ) ) ;
#410 = CARTESIAN_POINT ( 'NONE',  ( 2.697508818332000400, 14.82948261672000500, 9.242278315399998300 ) ) ;
#411 = CARTESIAN_POINT ( 'NONE',  ( 0.8468339130978466100, 16.40526973836352200, 8.132095323594365200 ) ) ;
#412 = CARTESIAN_POINT ( 'NONE',  ( 0.4638079026594151800, 16.51979648542858200, 9.780714703486831100 ) ) ;
#413 = CARTESIAN_POINT ( 'NONE',  ( 1.964605844685047200, 14.32079235813460200, 8.546263820153795300 ) ) ;
#414 = DIRECTION ( 'NONE',  ( 0.4924038765046532800, -0.8528685319531002000, 0.1736481776678183700 ) ) ;
#415 = CARTESIAN_POINT ( 'NONE',  ( 0.8740759587391412300, 16.42167735073016700, 8.135432228142258600 ) ) ;
#416 = CARTESIAN_POINT ( 'NONE',  ( 1.593876835172485700, 14.43958489103377700, 10.18038874082340000 ) ) ;
#417 = CARTESIAN_POINT ( 'NONE',  ( 0.9277370486836052900, 16.45472947453669500, 8.145603297167976800 ) ) ;
#418 = CARTESIAN_POINT ( 'NONE',  ( 1.469595025706999800, 16.97912731398999900, 8.908234088193999900 ) ) ;
#419 = CARTESIAN_POINT ( 'NONE',  ( 0.9541661064739316300, 16.47138016391311100, 8.152439409767399800 ) ) ;
#420 = CARTESIAN_POINT ( 'NONE',  ( 1.981844741888987700, 14.32083336346731200, 8.497006017553612600 ) ) ;
#421 = B_SPLINE_SURFACE_WITH_KNOTS ( 'NONE', 3, 3, ( 
 ( #1292, #1290, #1343, #1348, #1350, #1357, #1359, #1363, #1368, #1371, #1377, #1383, #1389, #1395, #1403, #1407, #1411, #1414, #1416, #1420, #1423, #1425, #1431, #1435, #1438, #1442, #1445, #1447, #1451, #1455, #1462, #1465, #1472, #1479, #1487, #1490, #1499, #1496, #1519, #1510, #1521, #1528, #1531, #1538, #1542, #1550, #1555, #1561, #1563, #1567, #1580, #1590, #1593, #1599, #1601, #1612, #1619, #1625, #1633, #1637, #1640, #1645, #1650, #1652, #1656, #1659 ),
 ( #1661, #1665, #1669, #1672, #1678, #1684, #1691, #1694, #1698, #1701, #1707, #1711, #1718, #1722, #1728, #1730, #1737, #1744, #1748, #1757, #1760, #1766, #1769, #1773, #1777, #1783, #1787, #1793, #1796, #1803, #1805, #1812, #1814, #1822, #1827, #1834, #1844, #1853, #1855, #1860, #1864, #1866, #1870, #1874, #1877, #1882, #1887, #1889, #1896, #1893, #1902, #1913, #1906, #1917, #1923, #1929, #1925, #1931, #1939, #1937, #1946, #1951, #1959, #1964, #1967, #1975 ),
 ( #1980, #1986, #1991, #1995, #1998, #2004, #2012, #2034, #2014, #2023, #2025, #2028, #2045, #2049, #2054, #2058, #2068, #2061, #2073, #2081, #2077, #2084, #2086, #2094, #2090, #2101, #2112, #2104, #2115, #2119, #2122, #2127, #2129, #2134, #2137, #2145, #2147, #2154, #2160, #2164, #2172, #2197, #2179, #2186, #2190, #2194, #2204, #2207, #2215, #2223, #2232, #2225, #2235, #2249, #2243, #2255, #2262, #2274, #2269, #2277, #2284, #2281, #2286, #2290, #2293, #2295 ),
 ( #2301, #2307, #2312, #2316, #2320, #2323, #2327, #2338, #2331, #2343, #2349, #2347, #2355, #2362, #2359, #2371, #2381, #2374, #2386, #2396, #2406, #2402, #2412, #2422, #2415, #2431, #2441, #2433, #2447, #2463, #2452, #2467, #2471, #2474, #2476, #2480, #2483, #469, #659, #798, #1311, #1507, #1569, #1605, #640, #472, #478, #462, #456, #450, #446, #441, #436, #432, #430, #425, #419, #417, #415, #411, #409, #406, #402, #400, #397, #388 ) ),
 .UNSPECIFIED., .F., .F., .F.,
 ( 4, 4 ),
 ( 4, 3, 2, 2, 2, 2, 2, 2, 2, 2, 2, 2, 2, 2, 2, 2, 2, 2, 2, 2, 2, 2, 2, 2, 2, 2, 2, 2, 2, 2, 3, 4 ),
 ( 2.999000000008186500, 27.00000000000000000 ),
 ( 3.110176706946830000, 3.141592633876999900, 3.191424812923000100, 3.304088825326999800, 3.416752837731999600, 3.529416850136000100, 3.642080862541000400, 3.754744874946000200, 3.867408887349999900, 3.980072899754999700, 4.092736912158999400, 4.205400924564000500, 4.318064936968999000, 4.430728949373000900, 4.543392961778000200, 4.656056974181999500, 4.768720986586999700, 4.881384998992000000, 4.994049011396000100, 5.106713023801000300, 5.219377036204999600, 5.332041048609999800, 5.444705061014999200, 5.557369073419000200, 5.670033085824001300, 5.782697098228000600, 5.895361110633000800, 6.008025123038000200, 6.120689135442000300, 6.233353147847000600, 6.283185326893999400, 6.314601253824169400 ),
 .UNSPECIFIED. ) ;
#422 = CARTESIAN_POINT ( 'NONE',  ( 1.503360104747896200, 14.08922165844092000, 8.716837609465528700 ) ) ;
#423 = CARTESIAN_POINT ( 'NONE',  ( 0.4817123965573000300, 16.59741518139000100, 9.834745221964002600 ) ) ;
#424 = VERTEX_POINT ( 'NONE', #2379 ) ;
#425 = CARTESIAN_POINT ( 'NONE',  ( 1.005866477575381600, 16.50470728162662600, 8.169520998831561800 ) ) ;
#426 = CARTESIAN_POINT ( 'NONE',  ( -2.165159254295456300, 19.26303221768185400, 6.500000037797364300 ) ) ;
#427 = CARTESIAN_POINT ( 'NONE',  ( 1.879275050960000200, 16.26954069540999700, 9.052709372013001900 ) ) ;
#428 = CARTESIAN_POINT ( 'NONE',  ( 1.222396405294981600, 14.15117527424723500, 9.817257473894674300 ) ) ;
#429 = TOROIDAL_SURFACE ( 'NONE', #1848, 1.456101656321748200, 0.05000000000087311000 ) ;
#430 = CARTESIAN_POINT ( 'NONE',  ( 1.031147440746094100, 16.52138993142350600, 8.179769668298375200 ) ) ;
#431 = CARTESIAN_POINT ( 'NONE',  ( 2.288955076213000000, 15.55995407682000000, 9.197184655831000200 ) ) ;
#432 = CARTESIAN_POINT ( 'NONE',  ( 1.080231549538885200, 16.55456946396251200, 8.203545177021965200 ) ) ;
#433 = CARTESIAN_POINT ( 'NONE',  ( 2.673873432258543600, 14.87042030625550000, 9.233943202871566700 ) ) ;
#434 = CARTESIAN_POINT ( 'NONE',  ( 1.184964572978848100, 14.00612612192470000, 9.211571427141509000 ) ) ;
#435 = CARTESIAN_POINT ( 'NONE',  ( 1.400881671939999900, 14.25919102874000000, 10.11807491681999900 ) ) ;
#436 = CARTESIAN_POINT ( 'NONE',  ( 1.104043858218970000, 16.57107254077127600, 8.217076455134499500 ) ) ;
#437 = CARTESIAN_POINT ( 'NONE',  ( -2.225874790978043200, 18.68313391739766900, 6.500000039459662200 ) ) ;
#438 = EDGE_CURVE ( 'NONE', #1721, #1915, #1044, .T. ) ;
#439 = CARTESIAN_POINT ( 'NONE',  ( 2.698635101465999900, 14.85036745824000300, 9.341659939650000400 ) ) ;
#440 = CARTESIAN_POINT ( 'NONE',  ( 1.184915332589448600, 14.00621140878092800, 9.211554062323127600 ) ) ;
#441 = CARTESIAN_POINT ( 'NONE',  ( 1.149889329396849300, 16.60368377921155100, 8.247244415395508500 ) ) ;
#442 = CARTESIAN_POINT ( 'NONE',  ( 1.460777291462999900, 16.99440007770999700, 9.008249800004000100 ) ) ;
#443 = CARTESIAN_POINT ( 'NONE',  ( 2.027613453107542300, 14.70175801539605200, 10.23812396025151000 ) ) ;
#444 = CARTESIAN_POINT ( 'NONE',  ( 1.222445645684380900, 14.15108998739101100, 9.817274838713054000 ) ) ;
#445 = CARTESIAN_POINT ( 'NONE',  ( 1.873221746092999900, 17.24049298201999400, 6.488001347711999300 ) ) ;
#446 = CARTESIAN_POINT ( 'NONE',  ( 1.171931050061297800, 16.61979802852883000, 8.263886729167701600 ) ) ;
#447 = CARTESIAN_POINT ( 'NONE',  ( -1.954985023237000300, 19.45070919079999800, 6.488001347711999300 ) ) ;
#448 = ADVANCED_FACE ( 'NONE', ( #1161 ), #2388, .F. ) ;
#449 = CARTESIAN_POINT ( 'NONE',  ( 1.503310864358496300, 14.08930694529714400, 8.716820244647147200 ) ) ;
#450 = CARTESIAN_POINT ( 'NONE',  ( 1.213956574251548100, 16.65142747025478400, 8.300064618246155500 ) ) ;
#451 = CARTESIAN_POINT ( 'NONE',  ( 1.870457316716000400, 16.28481345911999900, 9.152725083823000300 ) ) ;
#452 = DIRECTION ( 'NONE',  ( 0.4924038765052280400, -0.8528685319529871700, 0.1736481776667425100 ) ) ;
#453 = CARTESIAN_POINT ( 'NONE',  ( 1.593926075561886000, 14.43949960417755000, 10.18040610564178100 ) ) ;
#454 = DIRECTION ( 'NONE',  ( -3.306600632115024800E-015, -0.1995114832819765400, -0.9798954883244568300 ) ) ;
#455 = FACE_BOUND ( 'NONE', #2332, .T. ) ;
#456 = CARTESIAN_POINT ( 'NONE',  ( 1.233948222964351700, 16.66694856714450200, 8.319606947125088000 ) ) ;
#457 = CARTESIAN_POINT ( 'NONE',  ( -2.202327141629000500, 18.63826672824000500, 6.488001347711999300 ) ) ;
#458 = CARTESIAN_POINT ( 'NONE',  ( 2.280137341969001000, 15.57522684054000100, 9.297200367642000500 ) ) ;
#459 = VERTEX_POINT ( 'NONE', #1143 ) ;
#460 = B_SPLINE_CURVE_WITH_KNOTS ( 'NONE', 3,
 ( #1168, #2416, #1009, #143, #1351, #347, #1581, #537, #1797, #696 ),
 .UNSPECIFIED., .F., .F.,
 ( 4, 2, 2, 2, 4 ),
 ( 0.0000000000000000000, 0.2500000000000000000, 0.5000000000000000000, 0.7500000000000000000, 1.000000000000000000 ),
 .UNSPECIFIED. ) ;
#461 = CARTESIAN_POINT ( 'NONE',  ( 1.964556663273843400, 14.32087767904112000, 8.546246455336007100 ) ) ;
#462 = CARTESIAN_POINT ( 'NONE',  ( 1.271620926623684000, 16.69719515846524200, 8.361336038171037500 ) ) ;
#463 = ORIENTED_EDGE ( 'NONE', *, *, #1327, .T. ) ;
#464 = CARTESIAN_POINT ( 'NONE',  ( 2.689817367223000100, 14.86564022196000300, 9.441675651461000700 ) ) ;
#465 = CARTESIAN_POINT ( 'NONE',  ( 1.603176398203324500, 14.45670916749643100, 10.23812396025143400 ) ) ;
#466 = ORIENTED_EDGE ( 'NONE', *, *, #949, .T. ) ;
#467 = CARTESIAN_POINT ( 'NONE',  ( 1.578375206048711300, 15.00756634141872300, 8.407339524705991000 ) ) ;
#468 = CARTESIAN_POINT ( 'NONE',  ( 1.546517534924000300, 14.36278612180000300, 10.21390852513999900 ) ) ;
#469 = CARTESIAN_POINT ( 'NONE',  ( 1.441636154079045700, 16.87735903874288100, 8.764104140654680500 ) ) ;
#470 = CARTESIAN_POINT ( 'NONE',  ( 1.442127346588000000, 17.00386710866000300, 9.107631424255000500 ) ) ;
#471 = CARTESIAN_POINT ( 'NONE',  ( -1.529435057877632600, 17.36210620815008100, 6.852786849251955900 ) ) ;
#472 = CARTESIAN_POINT ( 'NONE',  ( 1.322151216488332000, 16.74040652063009600, 8.430281768324967100 ) ) ;
#473 = MECHANICAL_DESIGN_GEOMETRIC_PRESENTATION_REPRESENTATION (  '', ( #2200 ), #1486 ) ;
#474 = CARTESIAN_POINT ( 'NONE',  ( 1.851807371841000200, 16.29428049008000200, 9.252106708074002500 ) ) ;
#475 = CARTESIAN_POINT ( 'NONE',  ( 1.133980580086302100, 13.98136275352642800, 9.233943202871490300 ) ) ;
#476 = CARTESIAN_POINT ( 'NONE',  ( 1.157825252219824700, 14.79212536364265100, 8.541735389980763300 ) ) ;
#477 = CARTESIAN_POINT ( 'NONE',  ( 0.1718415961803000400, 16.38795088449000300, 9.684649065359000300 ) ) ;
#478 = CARTESIAN_POINT ( 'NONE',  ( 1.289309014157991700, 16.71192629920762200, 8.383530590156386400 ) ) ;
#479 = CARTESIAN_POINT ( 'NONE',  ( 1.879125596369743700, 17.26075481248478400, 6.849127379370484500 ) ) ;
#480 = CARTESIAN_POINT ( 'NONE',  ( 2.261487397094000200, 15.58469387149000000, 9.396581991893000900 ) ) ;
#481 = CARTESIAN_POINT ( 'NONE',  ( 1.955951179313714800, 14.30588370814219700, 8.497006017553562900 ) ) ;
#482 = CARTESIAN_POINT ( 'NONE',  ( 0.7999183223373616000, 14.68733439714200100, 9.041952801467449100 ) ) ;
#483 = CARTESIAN_POINT ( 'NONE',  ( 1.416666373593999700, 16.63403114704000500, 6.612376248815998300 ) ) ;
#484 = CARTESIAN_POINT ( 'NONE',  ( -0.2000000000000234400, 18.07000000000006800, 6.900000000000774000 ) ) ;
#485 = CARTESIAN_POINT ( 'NONE',  ( 1.943438812921999700, 14.24443213795000000, 8.507089781673000700 ) ) ;
#486 = CARTESIAN_POINT ( 'NONE',  ( 2.671167422347000100, 14.87510725291000200, 9.541057275711001000 ) ) ;
#487 = CARTESIAN_POINT ( 'NONE',  ( -0.1775159170105000100, 16.57399514154000300, 6.880997255274000000 ) ) ;
#488 = CARTESIAN_POINT ( 'NONE',  ( 0.8065076951328504800, 14.80952215121203300, 9.623389699260325600 ) ) ;
#489 = DIRECTION ( 'NONE',  ( 0.4924038765060374000, -0.8528685319519289100, 0.1736481776696457100 ) ) ;
#490 = EDGE_CURVE ( 'NONE', #194, #962, #1483, .T. ) ;
#491 = B_SPLINE_CURVE_WITH_KNOTS ( 'NONE', 3,
 ( #1989, #844, #1008, #2414, #1167, #141 ),
 .UNSPECIFIED., .F., .F.,
 ( 4, 2, 4 ),
 ( 0.0000000000000000000, 0.5000000000000000000, 1.000000000000000000 ),
 .UNSPECIFIED. ) ;
#492 = ORIENTED_EDGE ( 'NONE', *, *, #1592, .F. ) ;
#493 = CARTESIAN_POINT ( 'NONE',  ( -0.3760340968846739900, 18.95268906504673000, 6.900000000000000400 ) ) ;
#494 = CARTESIAN_POINT ( 'NONE',  ( 1.413881667885999800, 17.00740836718000200, 9.205118825905000100 ) ) ;
#495 = SURFACE_STYLE_FILL_AREA ( #1159 ) ;
#496 = CARTESIAN_POINT ( 'NONE',  ( 0.3225126976407001200, 16.58085822969330200, 6.852446001638699400 ) ) ;
#497 = CARTESIAN_POINT ( 'NONE',  ( 1.174705597720666000, 15.10514020889347000, 10.03123310577059800 ) ) ;
#498 = CARTESIAN_POINT ( 'NONE',  ( 1.868228763094000000, 17.31496706989001000, 6.612376248815998300 ) ) ;
#499 = ORIENTED_EDGE ( 'NONE', *, *, #1537, .T. ) ;
#500 = CARTESIAN_POINT ( 'NONE',  ( -2.241660403531999800, 19.11995395794000500, 6.612376248815998300 ) ) ;
#501 = CARTESIAN_POINT ( 'NONE',  ( -2.186351596457000400, 18.67892773575000100, 6.899230593224002600 ) ) ;
#502 = CARTESIAN_POINT ( 'NONE',  ( 0.3928004711881882800, 18.74784566639750900, 6.900000000000002100 ) ) ;
#503 = CARTESIAN_POINT ( 'NONE',  ( 1.823561693138999500, 16.29782174860000400, 9.349594109724002100 ) ) ;
#504 = CARTESIAN_POINT ( 'NONE',  ( 1.320259635623700200, 16.66189719033329900, 6.900036467719999700 ) ) ;
#505 = CARTESIAN_POINT ( 'NONE',  ( 1.192144567412351200, 15.69434032470040000, 8.268415229258144100 ) ) ;
#506 = CARTESIAN_POINT ( 'NONE',  ( 0.9719760864783001400, 19.01379278012999700, 6.612376242486998700 ) ) ;
#507 = CARTESIAN_POINT ( 'NONE',  ( -1.888770177274000000, 19.48565488587999500, 6.736751149921000900 ) ) ;
#508 = CARTESIAN_POINT ( 'NONE',  ( -1.976791607889999900, 18.22408254420999900, 6.880997255274000000 ) ) ;
#509 = CARTESIAN_POINT ( 'NONE',  ( 0.6957593987180457100, 17.98244156749778000, 6.900000000000003000 ) ) ;
#510 = CARTESIAN_POINT ( 'NONE',  ( 2.233241718392000600, 15.58823513000999800, 9.494069393542000400 ) ) ;
#511 = CARTESIAN_POINT ( 'NONE',  ( 1.988982014925668500, 14.33505015271682100, 8.546592666723988400 ) ) ;
#512 = CARTESIAN_POINT ( 'NONE',  ( 0.7888619471568322200, 15.48548018353257100, 8.386168745801974500 ) ) ;
#513 = CARTESIAN_POINT ( 'NONE',  ( -2.228716678396000600, 18.68086272013000100, 6.736751149921000900 ) ) ;
#514 = FACE_OUTER_BOUND ( 'NONE', #2042, .T. ) ;
#515 = CARTESIAN_POINT ( 'NONE',  ( -1.750890951736300300, 17.77793838479329800, 6.852446001640701400 ) ) ;
#516 = CARTESIAN_POINT ( 'NONE',  ( 0.3014645657359253900, 17.32028343426804500, 6.899999999999995000 ) ) ;
#517 = LINE ( 'NONE', #216, #935 ) ;
#518 = CARTESIAN_POINT ( 'NONE',  ( 2.453390230237142400, 14.65031068178155300, 8.778091664571185500 ) ) ;
#519 = ORIENTED_EDGE ( 'NONE', *, *, #1495, .F. ) ;
#520 = CARTESIAN_POINT ( 'NONE',  ( 0.4266699636058666200, 15.36930764902781400, 8.842636753990984000 ) ) ;
#521 = PLANE ( 'NONE',  #580 ) ;
#522 = CARTESIAN_POINT ( 'NONE',  ( -2.216473771596000100, 19.19074668729999500, 6.861126051024999800 ) ) ;
#523 = DIRECTION ( 'NONE',  ( -0.9994115292233987100, -0.03430153430019775700, -9.699494642308063800E-013 ) ) ;
#524 = CARTESIAN_POINT ( 'NONE',  ( 1.682720288380416200, 16.78165553308721100, 6.500000069822522900 ) ) ;
#525 = CARTESIAN_POINT ( 'NONE',  ( 2.631076034463962100, 14.86014170813844400, 9.304818186164975900 ) ) ;
#526 = CARTESIAN_POINT ( 'NONE',  ( 0.4030058135146646900, 15.48055310649061100, 9.456118972223178400 ) ) ;
#527 = CARTESIAN_POINT ( 'NONE',  ( 1.064841529894000200, 18.88513720019999900, 6.612376242486998700 ) ) ;
#528 = CARTESIAN_POINT ( 'NONE',  ( -1.510442945011264600, 17.33954035715395000, 6.500000037269876100 ) ) ;
#529 =( NAMED_UNIT ( * ) SI_UNIT ( $, .STERADIAN. ) SOLID_ANGLE_UNIT ( ) );
#530 = CARTESIAN_POINT ( 'NONE',  ( 1.865840267806937700, 17.31106013762992600, 6.500000069079386700 ) ) ;
#531 = CARTESIAN_POINT ( 'NONE',  ( 2.428848971416578600, 14.86356249345639600, 9.895062617814415900 ) ) ;
#532 = EDGE_CURVE ( 'NONE', #1838, #1512, #2454, .T. ) ;
#533 = CARTESIAN_POINT ( 'NONE',  ( 0.7316819742619415900, 15.75428393086416000, 9.868533266637751200 ) ) ;
#534 = CARTESIAN_POINT ( 'NONE',  ( 1.554985023237000200, 16.68929080919999900, 6.488001347711999300 ) ) ;
#535 = CARTESIAN_POINT ( 'NONE',  ( -1.457868538747258100, 17.24080812080182000, 6.500000049167785400 ) ) ;
#536 = CARTESIAN_POINT ( 'NONE',  ( 1.795995039643000200, 17.46620717739999800, 6.895433249022999300 ) ) ;
#537 = CARTESIAN_POINT ( 'NONE',  ( -0.4289209069208095300, 16.57483223818127600, 6.849127378789013700 ) ) ;
#538 = CARTESIAN_POINT ( 'NONE',  ( 1.964746528051448700, 14.65857636833976200, 10.20430644248646800 ) ) ;
#539 = CARTESIAN_POINT ( 'NONE',  ( 0.8059139287759506900, 16.38111430798509700, 8.129490933810318500 ) ) ;
#540 = CARTESIAN_POINT ( 'NONE',  ( 1.795425541806000100, 17.52640517501000200, 6.861126051024999800 ) ) ;
#541 = CARTESIAN_POINT ( 'NONE',  ( -0.6976711110582766200, 16.65322925383750200, 6.500000055835632100 ) ) ;
#542 = CARTESIAN_POINT ( 'NONE',  ( 1.268493174515000100, 16.61587913208000300, 6.736751149921000900 ) ) ;
#543 = CARTESIAN_POINT ( 'NONE',  ( 1.582100577023000100, 17.91874436053999600, 6.871117638202001400 ) ) ;
#544 = CARTESIAN_POINT ( 'NONE',  ( 1.292824102044094500, 16.62035322530228900, 6.500000024337306400 ) ) ;
#545 = CARTESIAN_POINT ( 'NONE',  ( -1.370282083636000300, 17.12757140099000400, 6.488001347711999300 ) ) ;
#546 = CARTESIAN_POINT ( 'NONE',  ( 0.4460873290156582300, 16.19120116151921400, 8.217076455133973700 ) ) ;
#547 = CARTESIAN_POINT ( 'NONE',  ( 1.862010167484000400, 17.09196695541000500, 6.612376248815998300 ) ) ;
#548 = MECHANICAL_DESIGN_GEOMETRIC_PRESENTATION_REPRESENTATION (  '', ( #652 ), #286 ) ;
#549 = CARTESIAN_POINT ( 'NONE',  ( 0.9729315284701001200, 16.52852069469999600, 8.103450666877000300 ) ) ;
#550 = CARTESIAN_POINT ( 'NONE',  ( -0.1483386657617995200, 16.56479231461203800, 6.849127380276262200 ) ) ;
#551 = CARTESIAN_POINT ( 'NONE',  ( 1.870378182798000400, 17.31530956826999900, 6.736751149921000900 ) ) ;
#552 = CARTESIAN_POINT ( 'NONE',  ( 1.350797473917400000, 18.36201184040329400, 6.848617413941101800 ) ) ;
#553 = CARTESIAN_POINT ( 'NONE',  ( -0.2228335057001000500, 19.57618565918830100, 6.848617413939302300 ) ) ;
#554 = CARTESIAN_POINT ( 'NONE',  ( -1.464841529894000100, 17.25486279980000500, 6.612376242486998700 ) ) ;
#555 = CARTESIAN_POINT ( 'NONE',  ( -0.8433274093450550100, 17.35588896863998400, 6.500000051816030600 ) ) ;
#556 = CARTESIAN_POINT ( 'NONE',  ( -0.1483386657617995200, 16.56479231461203800, 6.849127380276262200 ) ) ;
#557 = B_SPLINE_CURVE_WITH_KNOTS ( 'NONE', 3,
 ( #2032, #1381, #1032, #2450, #1200, #174 ),
 .UNSPECIFIED., .F., .F.,
 ( 4, 2, 4 ),
 ( 0.0000000000000000000, 0.5000000000000000000, 1.000000000000000000 ),
 .UNSPECIFIED. ) ;
#558 = CARTESIAN_POINT ( 'NONE',  ( -1.220847127224000000, 19.50291680595000100, 6.899230593224002600 ) ) ;
#559 = CARTESIAN_POINT ( 'NONE',  ( -1.519280190922000000, 17.34562990594999500, 6.736751137261000700 ) ) ;
#560 = AXIS2_PLACEMENT_3D ( 'NONE', #2324, #1097, #55 ) ;
#561 = DIRECTION ( 'NONE',  ( -6.238871919306732500E-016, -1.000000000000000000, 2.495548767722693000E-015 ) ) ;
#562 =( LENGTH_UNIT ( ) NAMED_UNIT ( * ) SI_UNIT ( .CENTI., .METRE. ) );
#563 = CARTESIAN_POINT ( 'NONE',  ( -1.721510760814000100, 19.51455566711000600, 6.880997255274000000 ) ) ;
#564 = VERTEX_POINT ( 'NONE', #341 ) ;
#565 = ADVANCED_FACE ( 'NONE', ( #296 ), #2392, .F. ) ;
#566 = CARTESIAN_POINT ( 'NONE',  ( -1.545030395588999700, 17.39188245577000200, 6.861126032036001000 ) ) ;
#567 = EDGE_LOOP ( 'NONE', ( #811, #368, #1474, #83 ) ) ;
#568 = CARTESIAN_POINT ( 'NONE',  ( 1.804245807046999800, 17.50275301945000100, 6.612376248815998300 ) ) ;
#569 =( LENGTH_UNIT ( ) NAMED_UNIT ( * ) SI_UNIT ( .CENTI., .METRE. ) );
#570 = DIRECTION ( 'NONE',  ( -0.8660254037844104000, -0.5000000000000491800, 2.651875142796297400E-015 ) ) ;
#571 = VERTEX_POINT ( 'NONE', #837 ) ;
#572 = CARTESIAN_POINT ( 'NONE',  ( -0.1147518222581000400, 16.56611073643999900, 6.861126032036001000 ) ) ;
#573 = CARTESIAN_POINT ( 'NONE',  ( 0.1442607021234523500, 18.90316538290181500, 6.500000053063588200 ) ) ;
#574 = CARTESIAN_POINT ( 'NONE',  ( 0.9736700893207000900, 19.01515696125000300, 6.736751137261000700 ) ) ;
#575 = CARTESIAN_POINT ( 'NONE',  ( 0.02855688728838715700, 19.55413447545559100, 6.500000050082500800 ) ) ;
#576 = CARTESIAN_POINT ( 'NONE',  ( -2.028108830685702000, 19.41328172221360800, 6.849127379370473000 ) ) ;
#577 = ADVANCED_FACE ( 'NONE', ( #1670, #1325 ), #521, .T. ) ;
#578 = CARTESIAN_POINT ( 'NONE',  ( 2.642921743645000500, 14.87864851143000100, 9.638544677361002400 ) ) ;
#579 = CARTESIAN_POINT ( 'NONE',  ( -0.02613519118209321400, 16.06795953355842200, 8.950831884750522600 ) ) ;
#580 = AXIS2_PLACEMENT_3D ( 'NONE', #1852, #489, #454 ) ;
#581 = CARTESIAN_POINT ( 'NONE',  ( 0.6315209613573287100, 18.41498889255945700, 6.500000057728078300 ) ) ;
#582 = CARTESIAN_POINT ( 'NONE',  ( -0.6500000137754609100, 18.84942287061976500, 8.702015804389251500 ) ) ;
#583 = CARTESIAN_POINT ( 'NONE',  ( -0.2515916506820407600, 19.57317738116717700, 6.732751589630408900 ) ) ;
#584 = DIRECTION ( 'NONE',  ( -0.0000000000000000000, 0.0000000000000000000, -1.000000000000000000 ) ) ;
#585 = CARTESIAN_POINT ( 'NONE',  ( 1.376398403755000100, 17.00497895096000200, 9.299475888198001500 ) ) ;
#586 = CARTESIAN_POINT ( 'NONE',  ( 0.09582279264457357900, 16.25077012871154000, 9.502872344929164300 ) ) ;
#587 = CARTESIAN_POINT ( 'NONE',  ( 0.5803305361196398100, 17.62080730957547900, 6.500000060198453300 ) ) ;
#588 = CARTESIAN_POINT ( 'NONE',  ( 0.4845957385160000200, 19.41488352431000300, 6.861126032036001000 ) ) ;
#589 = CARTESIAN_POINT ( 'NONE',  ( 1.802761968833452600, 17.50248912982228000, 6.875605298596543200 ) ) ;
#590 = CARTESIAN_POINT ( 'NONE',  ( 1.063558446206653200, 18.90147547806661500, 6.849127378789014600 ) ) ;
#591 = CARTESIAN_POINT ( 'NONE',  ( 1.786078429008000500, 16.29539233237999300, 9.443951172016998200 ) ) ;
#592 = CARTESIAN_POINT ( 'NONE',  ( 0.5438980503937191900, 16.56949929861119500, 9.797721885111560200 ) ) ;
#593 = CARTESIAN_POINT ( 'NONE',  ( 1.940119682535606600, 14.30672575614747000, 8.546610031542311200 ) ) ;
#594 = CARTESIAN_POINT ( 'NONE',  ( 1.342869700641999800, 16.62283412308000400, 6.488001347711999300 ) ) ;
#595 = CARTESIAN_POINT ( 'NONE',  ( -1.793785223585782300, 19.50974636083518000, 6.500000039185797700 ) ) ;
#596 = EDGE_CURVE ( 'NONE', #937, #564, #2234, .T. ) ;
#597 = CARTESIAN_POINT ( 'NONE',  ( 1.519511763207585400, 14.38972270869404600, 10.14636456262824100 ) ) ;
#598 = CARTESIAN_POINT ( 'NONE',  ( 2.195758454260999600, 15.58580571378999800, 9.588426455836000200 ) ) ;
#599 = CARTESIAN_POINT ( 'NONE',  ( 2.094395530116542700, 14.38781468080548500, 8.506829405161628400 ) ) ;
#600 = CARTESIAN_POINT ( 'NONE',  ( 1.434891947897434700, 14.06216670849948300, 8.778109029389314700 ) ) ;
#601 = CARTESIAN_POINT ( 'NONE',  ( 1.728465681977000100, 16.82826510767000300, 6.488001347711999300 ) ) ;
#602 = CARTESIAN_POINT ( 'NONE',  ( -2.217486411848161400, 19.17554922204171000, 6.500000037786342100 ) ) ;
#603 = CARTESIAN_POINT ( 'NONE',  ( 2.605438479513999500, 14.87621909521000100, 9.732901739654998600 ) ) ;
#604 = CARTESIAN_POINT ( 'NONE',  ( 1.190835602460131900, 14.11599188431986100, 9.733950268217206800 ) ) ;
#605 = CARTESIAN_POINT ( 'NONE',  ( 1.330152832951000400, 16.99660966441999600, 9.389506186328004500 ) ) ;
#606 = CARTESIAN_POINT ( 'NONE',  ( 2.666181981149486900, 14.90657791149548900, 9.433340538932569100 ) ) ;
#607 = CARTESIAN_POINT ( 'NONE',  ( 1.164330046458798200, 14.01320180132109000, 9.304835550981726700 ) ) ;
#608 = CARTESIAN_POINT ( 'NONE',  ( 0.004017819990076000100, 16.24818248602999700, 9.474068157814000900 ) ) ;
#609 = CARTESIAN_POINT ( 'NONE',  ( -2.163095511439048700, 18.65863235242095200, 6.900000000000000400 ) ) ;
#610 = CARTESIAN_POINT ( 'NONE',  ( 1.739832858204000100, 16.28702304582999700, 9.533981470147001100 ) ) ;
#611 = CARTESIAN_POINT ( 'NONE',  ( 1.214499752551994700, 14.00474642686323700, 9.120468049982969600 ) ) ;
#612 = FACE_OUTER_BOUND ( 'NONE', #1031, .T. ) ;
#613 = CARTESIAN_POINT ( 'NONE',  ( 2.149512883457000100, 15.57743642725000300, 9.678456753966003100 ) ) ;
#614 = ADVANCED_FACE ( 'NONE', ( #758 ), #1476, .F. ) ;
#615 = CARTESIAN_POINT ( 'NONE',  ( 1.867884566171571700, 14.61571586719831500, 10.26846394174462600 ) ) ;
#616 = CARTESIAN_POINT ( 'NONE',  ( 1.262481090992823900, 14.19004596791590200, 9.895079982631834500 ) ) ;
#617 = CARTESIAN_POINT ( 'NONE',  ( 1.849828095006999600, 17.38730470973000000, 6.488001347711999300 ) ) ;
#618 = ORIENTED_EDGE ( 'NONE', *, *, #1106, .F. ) ;
#619 = CARTESIAN_POINT ( 'NONE',  ( -2.076543162091999900, 19.36512551152999600, 6.488001347711999300 ) ) ;
#620 = B_SPLINE_CURVE_WITH_KNOTS ( 'NONE', 3,
 ( #1396, #193, #583, #1854 ),
 .UNSPECIFIED., .F., .F.,
 ( 4, 4 ),
 ( -65.93143750158999700, -64.93143750158999700 ),
 .UNSPECIFIED. ) ;
#621 = CARTESIAN_POINT ( 'NONE',  ( 1.576691736103868400, 14.12091896136529800, 8.664000041795334900 ) ) ;
#622 = LINE ( 'NONE', #2206, #868 ) ;
#623 = CARTESIAN_POINT ( 'NONE',  ( 2.559192908710000000, 14.86784980866000300, 9.822932037785005100 ) ) ;
#624 = CARTESIAN_POINT ( 'NONE',  ( -0.1485477022419505200, 16.57088281384253400, 6.500000021071727500 ) ) ;
#625 = CARTESIAN_POINT ( 'NONE',  ( 1.672055504450574500, 14.48947741126829300, 10.20432380730470900 ) ) ;
#626 = CARTESIAN_POINT ( 'NONE',  ( 1.845767605565999900, 17.01860377569000000, 6.861126051024999800 ) ) ;
#627 = CARTESIAN_POINT ( 'NONE',  ( -1.668506650317999900, 19.52194993776999600, 6.612376248815998300 ) ) ;
#628 = CARTESIAN_POINT ( 'NONE',  ( 1.275731338162999800, 16.98240662807999600, 9.474068157814000900 ) ) ;
#629 = CARTESIAN_POINT ( 'NONE',  ( 1.129378760637001400, 18.77786381485215000, 6.849127380276180500 ) ) ;
#630 = CARTESIAN_POINT ( 'NONE',  ( 1.685411363416000200, 16.27282000949000100, 9.618543441632999300 ) ) ;
#631 = CARTESIAN_POINT ( 'NONE',  ( 1.447252456576324500, 14.35130879199642900, 10.16259705061199600 ) ) ;
#632 = CARTESIAN_POINT ( 'NONE',  ( 1.558438453008099900, 14.99605583327545100, 8.407339434296297000 ) ) ;
#633 = CARTESIAN_POINT ( 'NONE',  ( 1.065984525078999900, 15.99027341611999900, 9.987295241800000100 ) ) ;
#634 = CARTESIAN_POINT ( 'NONE',  ( 1.395063771152394300, 16.62428000016827000, 6.849127379370538700 ) ) ;
#635 = CARTESIAN_POINT ( 'NONE',  ( 2.095091388670000200, 15.56323339091000000, 9.763018725451997800 ) ) ;
#636 = CARTESIAN_POINT ( 'NONE',  ( 1.199709522918330100, 13.98025091122642700, 9.042098738927496300 ) ) ;
#637 = CARTESIAN_POINT ( 'NONE',  ( 1.085983101520393100, 14.76199218574685900, 8.597455607938156800 ) ) ;
#638 = AXIS2_PLACEMENT_3D ( 'NONE', #1908, #1897, #1888 ) ;
#639 = VERTEX_POINT ( 'NONE', #65 ) ;
#640 = CARTESIAN_POINT ( 'NONE',  ( 1.337311462142241900, 16.75416091789000500, 8.454847121840936500 ) ) ;
#641 = CARTESIAN_POINT ( 'NONE',  ( 1.849562132193486100, 17.41149425343138500, 6.849127379370477400 ) ) ;
#642 = CARTESIAN_POINT ( 'NONE',  ( 1.708350890937000400, 15.05646360985000200, 8.370689233872003100 ) ) ;
#643 = CARTESIAN_POINT ( 'NONE',  ( 2.504771413922999700, 14.85364677232000300, 9.907494009271001500 ) ) ;
#644 = CARTESIAN_POINT ( 'NONE',  ( -0.1788984120304000500, 16.61427559808750600, 6.899997398026101800 ) ) ;
#645 = CARTESIAN_POINT ( 'NONE',  ( 0.7762625409431444000, 14.69254432357081100, 9.134620521808896500 ) ) ;
#646 = CARTESIAN_POINT ( 'NONE',  ( 1.475664550331999600, 15.28068679754000300, 10.13177052561999900 ) ) ;
#647 = DIRECTION ( 'NONE',  ( 1.000000000000000000, -1.906156510282518300E-015, 0.0000000000000000000 ) ) ;
#648 = CARTESIAN_POINT ( 'NONE',  ( 1.124078762415000200, 15.66360537512000100, 8.218139214035000300 ) ) ;
#649 = CARTESIAN_POINT ( 'NONE',  ( 1.213823970831999800, 16.96254993302999000, 9.552089577240003800 ) ) ;
#650 = CARTESIAN_POINT ( 'NONE',  ( -0.1771859092846999900, 16.56438001695000000, 6.860127676783999800 ) ) ;
#651 = CARTESIAN_POINT ( 'NONE',  ( 0.8409463065331421700, 14.84601649324483200, 9.704975180593871500 ) ) ;
#652 = STYLED_ITEM ( 'NONE', ( #1370 ), #2261 ) ;
#653 = CARTESIAN_POINT ( 'NONE',  ( 1.128821963122471800, 18.77756733289892600, 6.860290307310392200 ) ) ;
#654 = CARTESIAN_POINT ( 'NONE',  ( -0.2590730216199616000, 18.96972064523626100, 6.899999999999997700 ) ) ;
#655 = CARTESIAN_POINT ( 'NONE',  ( 1.623503996085000000, 16.25296331444000200, 9.696564861059002300 ) ) ;
#656 = CARTESIAN_POINT ( 'NONE',  ( 0.8204527065191001800, 16.64857505899170000, 6.899997398026101800 ) ) ;
#657 = CARTESIAN_POINT ( 'NONE',  ( 1.251686931992784100, 15.15514997640705300, 10.05856336429901900 ) ) ;
#658 = CARTESIAN_POINT ( 'NONE',  ( 0.6563044998259000000, 16.69986003470000200, 9.842819957981001600 ) ) ;
#659 = CARTESIAN_POINT ( 'NONE',  ( 1.431593687273866600, 16.85926497075928100, 8.703712423584132600 ) ) ;
#660 = CARTESIAN_POINT ( 'NONE',  ( -2.273313499479999900, 18.97414823309999600, 6.612376248815998300 ) ) ;
#661 = CARTESIAN_POINT ( 'NONE',  ( -2.204621464616000300, 18.66919944841000100, 6.889247048010001400 ) ) ;
#662 = CARTESIAN_POINT ( 'NONE',  ( 0.4564168846478411400, 18.68634592324113100, 6.900000000000000400 ) ) ;
#663 = CARTESIAN_POINT ( 'NONE',  ( 2.033184021338000100, 15.54337669586000100, 9.841040144878000700 ) ) ;
#664 = CARTESIAN_POINT ( 'NONE',  ( 1.320897442856000100, 16.64331400113999800, 6.895433249022999300 ) ) ;
#665 = CIRCLE ( 'NONE', #1013, 0.8500000000004032100 ) ;
#666 = CARTESIAN_POINT ( 'NONE',  ( 1.176726815350380900, 15.68543886716173200, 8.268415159341335800 ) ) ;
#667 = CARTESIAN_POINT ( 'NONE',  ( -2.020925089393999800, 19.41524773462999700, 6.736751149921000900 ) ) ;
#668 = ORIENTED_EDGE ( 'NONE', *, *, #1004, .T. ) ;
#669 = CARTESIAN_POINT ( 'NONE',  ( -1.985283553907000000, 18.21956077699000100, 6.860127676785998200 ) ) ;
#670 = CARTESIAN_POINT ( 'NONE',  ( 0.6828352730010869300, 17.89453267347687800, 6.900000000000004800 ) ) ;
#671 = CARTESIAN_POINT ( 'NONE',  ( 2.442864046591000100, 14.83379007728000200, 9.985515428697002700 ) ) ;
#672 = CARTESIAN_POINT ( 'NONE',  ( 2.055845262352829800, 14.37479287404968500, 8.552187854542255600 ) ) ;
#673 = CARTESIAN_POINT ( 'NONE',  ( 0.7154810754139321300, 15.45386816746204100, 8.438988948652305300 ) ) ;
#674 = CARTESIAN_POINT ( 'NONE',  ( 1.226095685562130300, 15.59992947564105500, 10.01204977992868600 ) ) ;
#675 = CARTESIAN_POINT ( 'NONE',  ( -2.193552199047999400, 18.61469196045000600, 6.736751149921000900 ) ) ;
#676 = CARTESIAN_POINT ( 'NONE',  ( -1.471245106949399900, 17.36041231028499600, 6.899997398026101800 ) ) ;
#677 = CARTESIAN_POINT ( 'NONE',  ( -2.163095506181105200, 18.65863235526781200, 6.899999996324695000 ) ) ;
#678 = CARTESIAN_POINT ( 'NONE',  ( 2.503920520102556900, 14.69352204394339600, 8.847037394725020900 ) ) ;
#679 = CARTESIAN_POINT ( 'NONE',  ( 0.3970855436442533000, 15.37077263094865400, 8.933722766327006700 ) ) ;
#680 = CARTESIAN_POINT ( 'NONE',  ( -2.266264152210000200, 19.04895654595999600, 6.861126051024999800 ) ) ;
#681 = CARTESIAN_POINT ( 'NONE',  ( 0.9000000000000149000, 16.16474411167002100, 6.800000000000047800 ) ) ;
#682 = CARTESIAN_POINT ( 'NONE',  ( 1.734588546470812800, 16.83675827570377900, 6.500000069944139400 ) ) ;
#683 = MANIFOLD_SOLID_BREP ( 'Импортированный1', #171 ) ;
#684 = CARTESIAN_POINT ( 'NONE',  ( 2.625878503929110200, 14.87633263910244400, 9.399077854904435400 ) ) ;
#685 = CARTESIAN_POINT ( 'NONE',  ( 0.4345666163499948800, 15.51573649641532200, 9.539426177901589200 ) ) ;
#686 = CARTESIAN_POINT ( 'NONE',  ( -1.485252183436922600, 17.38563257925582300, 6.899999996324678100 ) ) ;
#687 = CARTESIAN_POINT ( 'NONE',  ( -1.525792812489301200, 17.36404562060247900, 6.616375792929564300 ) ) ;
#688 = LINE ( 'NONE', #1933, #2329 ) ;
#689 = CARTESIAN_POINT ( 'NONE',  ( 1.779582622103700600, 17.45746794007000000, 6.900036467719999700 ) ) ;
#690 = CARTESIAN_POINT ( 'NONE',  ( 1.843681528864253200, 17.40974343139541200, 6.500000068599455900 ) ) ;
#691 = CARTESIAN_POINT ( 'NONE',  ( 2.368271494725644500, 14.84310846340513900, 9.966379149498605400 ) ) ;
#692 = CARTESIAN_POINT ( 'NONE',  ( 0.8060470462255260300, 15.80414611320329300, 9.902557444828723000 ) ) ;
#693 = ORIENTED_EDGE ( 'NONE', *, *, #2283, .T. ) ;
#694 = CARTESIAN_POINT ( 'NONE',  ( -0.1485477022419505200, 16.57088281384253400, 6.500000021071727500 ) ) ;
#695 = CARTESIAN_POINT ( 'NONE',  ( 1.811777285282000000, 17.47461086258999800, 6.880997255274000000 ) ) ;
#696 = CARTESIAN_POINT ( 'NONE',  ( -0.1483386657617995200, 16.56479231461203800, 6.849127380276262200 ) ) ;
#697 = CARTESIAN_POINT ( 'NONE',  ( 1.881461572268986900, 14.61324206576038200, 10.21781441605989600 ) ) ;
#698 = CARTESIAN_POINT ( 'NONE',  ( 1.872585828330000300, 15.16233281368000300, 8.424951782147998000 ) ) ;
#699 = CARTESIAN_POINT ( 'NONE',  ( 0.7904961767137518300, 16.37221285044578400, 8.129490863893510200 ) ) ;
#700 = CARTESIAN_POINT ( 'NONE',  ( -2.174777968066516500, 18.65241171117645500, 6.900000000000527900 ) ) ;
#701 = CARTESIAN_POINT ( 'NONE',  ( -0.4969640001651973700, 16.59805559933435900, 6.500000057246059400 ) ) ;
#702 = CARTESIAN_POINT ( 'NONE',  ( 1.068497995536000100, 18.88749363861999700, 6.861126032036001000 ) ) ;
#703 = CARTESIAN_POINT ( 'NONE',  ( 1.585876629128300200, 17.92075502201000200, 6.852446001640701400 ) ) ;
#704 = CARTESIAN_POINT ( 'NONE',  ( -1.146958650722000000, 16.90338046867000100, 6.488001347711999300 ) ) ;
#705 = CARTESIAN_POINT ( 'NONE',  ( 0.3699462228852992700, 16.15677187266947000, 8.263886729168250500 ) ) ;
#706 = CARTESIAN_POINT ( 'NONE',  ( 1.557031819708000000, 16.68544895221999600, 6.736751149921000900 ) ) ;
#707 = DIRECTION ( 'NONE',  ( 0.4699997645171338800, -0.8826665402935803800, -0.0000000000000000000 ) ) ;
#708 = CARTESIAN_POINT ( 'NONE',  ( 1.074625589927300100, 18.78138771966000000, 6.900036467719999700 ) ) ;
#709 = B_SPLINE_CURVE_WITH_KNOTS ( 'NONE', 3,
 ( #629, #590, #783, #2121, #944, #2330, #1101, #60, #1269, #262 ),
 .UNSPECIFIED., .F., .F.,
 ( 4, 2, 2, 2, 4 ),
 ( 0.0000000000000000000, 0.2500000000000000000, 0.5000000000000000000, 0.7500000000000000000, 1.000000000000000000 ),
 .UNSPECIFIED. ) ;
#710 = CARTESIAN_POINT ( 'NONE',  ( -0.7209085170738002100, 19.51240227056669200, 6.900036467719999700 ) ) ;
#711 = CARTESIAN_POINT ( 'NONE',  ( -1.266079560127000100, 17.00804560992999700, 6.612376242486998700 ) ) ;
#712 = VECTOR ( 'NONE', #1639, 100.0000000000000100 ) ;
#713 = CARTESIAN_POINT ( 'NONE',  ( -1.078016478654350900, 18.46119078725378800, 6.500000047766489400 ) ) ;
#714 = ORIENTED_EDGE ( 'NONE', *, *, #1621, .F. ) ;
#715 = DIRECTION ( 'NONE',  ( -0.4699997645168659300, 0.8826665402937229300, -0.0000000000000000000 ) ) ;
#716 = CARTESIAN_POINT ( 'NONE',  ( -1.221557117328999900, 19.52360311957999900, 6.889247048010001400 ) ) ;
#717 = VERTEX_POINT ( 'NONE', #775 ) ;
#718 = CARTESIAN_POINT ( 'NONE',  ( -1.373670089321000100, 17.12484303875000100, 6.736751137261000700 ) ) ;
#719 = ADVANCED_FACE ( 'NONE', ( #731 ), #2389, .F. ) ;
#720 = B_SPLINE_SURFACE_WITH_KNOTS ( 'NONE', 3, 3, ( 
 ( #1270, #373, #359, #354 ),
 ( #352, #346, #344, #337 ),
 ( #333, #327, #324, #318 ),
 ( #315, #309, #304, #297 ),
 ( #293, #288, #285, #279 ),
 ( #277, #272, #269, #263 ),
 ( #259, #254, #251, #245 ),
 ( #241, #234, #229, #224 ),
 ( #222, #219, #215, #213 ),
 ( #210, #207, #205, #202 ),
 ( #198, #196, #192, #188 ),
 ( #184, #178, #173, #168 ),
 ( #164, #159, #157, #152 ),
 ( #151, #142, #138, #132 ),
 ( #129, #124, #121, #114 ),
 ( #110, #102, #98, #93 ),
 ( #86, #82, #74, #68 ),
 ( #66, #61, #58, #52 ),
 ( #48, #39, #36, #30 ),
 ( #26, #22, #20, #17 ),
 ( #12, #10, #6, #2 ),
 ( #396, #1892, #1755, #608 ),
 ( #930, #2319, #854, #1243 ),
 ( #227, #25, #1076, #45 ),
 ( #435, #915, #2299, #477 ),
 ( #2118, #1099, #1173, #1471 ),
 ( #468, #1275, #250, #2369 ),
 ( #1164, #1676, #1485, #804 ),
 ( #1792, #788, #2451, #423 ),
 ( #2089, #743, #1588, #2383 ),
 ( #108, #80, #323, #284 ),
 ( #302, #646, #633, #658 ) ),
 .UNSPECIFIED., .F., .F., .F.,
 ( 4, 1, 1, 1, 1, 1, 1, 1, 1, 1, 1, 1, 1, 1, 1, 1, 1, 1, 1, 1, 1, 1, 1, 1, 1, 1, 1, 1, 1, 4 ),
 ( 4, 4 ),
 ( -0.06283185307180001700, 0.04983215933280001800, 0.1624961717370000700, 0.2751601841420000500, 0.3878241965470001200, 0.5004882089509998800, 0.6131522213560000000, 0.7258162337600000400, 0.8384802461650001600, 0.9511442585700001800, 1.063808270973999800, 1.176472283379000000, 1.289136295782999700, 1.401800308187999700, 1.514464320593000000, 1.627128332996999900, 1.739792345401999900, 1.852456357806000000, 1.965120370210999800, 2.077784382616000500, 2.190448395019999300, 2.303112407425000000, 2.415776419828999300, 2.528440432233999500, 2.641104444639000200, 2.753768457042999900, 2.866432469447999200, 2.979096481851999800, 3.091760494256999600, 3.204424506662000700 ),
 ( 2.520000000000000000, 27.47999999999999700 ),
 .UNSPECIFIED. ) ;
#721 = CARTESIAN_POINT ( 'NONE',  ( -1.721840768540000100, 19.52417079169000400, 6.860127676783999800 ) ) ;
#722 = CARTESIAN_POINT ( 'NONE',  ( -1.468497995536000000, 17.25250636137999600, 6.861126032036001000 ) ) ;
#723 = CARTESIAN_POINT ( 'NONE',  ( 1.987732472778039200, 14.33414454444276100, 8.546263925029050400 ) ) ;
#724 = CARTESIAN_POINT ( 'NONE',  ( 1.791678856290000100, 17.52421090408000000, 6.612376248815998300 ) ) ;
#725 =( NAMED_UNIT ( * ) SI_UNIT ( $, .STERADIAN. ) SOLID_ANGLE_UNIT ( ) );
#726 = CARTESIAN_POINT ( 'NONE',  ( 0.8307884173455489800, 19.16194543636230200, 6.500000056321118400 ) ) ;
#727 = CARTESIAN_POINT ( 'NONE',  ( -1.693033138905127600, 19.52573728527702500, 6.849127381023962800 ) ) ;
#728 = CARTESIAN_POINT ( 'NONE',  ( 0.2499437250907355100, 18.84961413789873700, 6.500000053892045500 ) ) ;
#729 = CARTESIAN_POINT ( 'NONE',  ( 1.119280190922000000, 18.79437009405000200, 6.736751137261000700 ) ) ;
#730 = CARTESIAN_POINT ( 'NONE',  ( -0.1109414715588826100, 19.56776619078997500, 6.500000049188739300 ) ) ;
#731 = FACE_OUTER_BOUND ( 'NONE', #840, .T. ) ;
#732 = CARTESIAN_POINT ( 'NONE',  ( -2.140339651690504700, 19.30839788032772500, 6.849127379370474800 ) ) ;
#733 = B_SPLINE_SURFACE_WITH_KNOTS ( 'NONE', 3, 3, ( 
 ( #1067, #1513, #1060, #1052 ),
 ( #1045, #986, #977, #970 ),
 ( #963, #955, #951, #945 ),
 ( #943, #938, #927, #921 ),
 ( #918, #912, #902, #896 ),
 ( #890, #827, #820, #809 ),
 ( #801, #796, #791, #785 ),
 ( #782, #778, #765, #760 ),
 ( #754, #746, #740, #734 ),
 ( #671, #663, #655, #649 ),
 ( #643, #635, #630, #628 ),
 ( #623, #613, #610, #605 ),
 ( #603, #598, #591, #585 ),
 ( #578, #510, #503, #494 ),
 ( #486, #480, #474, #470 ),
 ( #464, #458, #451, #442 ),
 ( #439, #431, #427, #418 ),
 ( #410, #401, #393, #383 ),
 ( #311, #299, #290, #281 ),
 ( #273, #265, #260, #255 ),
 ( #246, #236, #231, #223 ),
 ( #214, #206, #197, #187 ),
 ( #117, #109, #104, #95 ),
 ( #87, #76, #69, #62 ),
 ( #59, #54, #41, #31 ),
 ( #28, #21, #11, #1 ),
 ( #852, #698, #1171, #380 ),
 ( #814, #1284, #5, #549 ),
 ( #1723, #642, #1932, #795 ),
 ( #2138, #954, #2350, #1115 ),
 ( #75, #1283, #280, #1511 ),
 ( #485, #1731, #648, #1940 ) ),
 .UNSPECIFIED., .F., .F., .F.,
 ( 4, 1, 1, 1, 1, 1, 1, 1, 1, 1, 1, 1, 1, 1, 1, 1, 1, 1, 1, 1, 1, 1, 1, 1, 1, 1, 1, 1, 1, 4 ),
 ( 4, 4 ),
 ( 3.078760800517999800, 3.191424812923000100, 3.304088825326999800, 3.416752837731999600, 3.529416850136000100, 3.642080862541000400, 3.754744874946000200, 3.867408887349999900, 3.980072899754999700, 4.092736912158999400, 4.205400924564000500, 4.318064936968999000, 4.430728949373000900, 4.543392961778000200, 4.656056974181999500, 4.768720986586999700, 4.881384998992000000, 4.994049011396000100, 5.106713023801000300, 5.219377036204999600, 5.332041048609999800, 5.444705061014999200, 5.557369073419000200, 5.670033085824001300, 5.782697098228000600, 5.895361110633000800, 6.008025123038000200, 6.120689135442000300, 6.233353147847000600, 6.346017160250999800 ),
 ( 2.520000000000000000, 27.47999999999999700 ),
 .UNSPECIFIED. ) ;
#734 = CARTESIAN_POINT ( 'NONE',  ( 1.145215701443000200, 16.93729135737000000, 9.622581151813001600 ) ) ;
#735 = CARTESIAN_POINT ( 'NONE',  ( -0.03133272171719143900, 16.08415046452186900, 9.045091553489205800 ) ) ;
#736 = CARTESIAN_POINT ( 'NONE',  ( 0.6710572647416408500, 18.30390282866849100, 6.500000058356823400 ) ) ;
#737 = CARTESIAN_POINT ( 'NONE',  ( 0.4433274093440385800, 18.78411103135044900, 6.500000056281050900 ) ) ;
#738 = ORIENTED_EDGE ( 'NONE', *, *, #879, .T. ) ;
#739 = CARTESIAN_POINT ( 'NONE',  ( 0.6308453326033558500, 16.63093367069889800, 9.852903943745248600 ) ) ;
#740 = CARTESIAN_POINT ( 'NONE',  ( 1.554895726696000200, 16.22770473878999900, 9.767056435632000000 ) ) ;
#741 = CARTESIAN_POINT ( 'NONE',  ( 0.1463530825095513100, 16.29398149087626300, 9.571818075083024600 ) ) ;
#742 = CARTESIAN_POINT ( 'NONE',  ( 0.5321480574616046500, 17.54624145731277100, 6.500000060167327100 ) ) ;
#743 = CARTESIAN_POINT ( 'NONE',  ( 1.387595250974999800, 15.23035374297999700, 10.13429393854999800 ) ) ;
#744 = CARTESIAN_POINT ( 'NONE',  ( 1.774777968066818800, 17.48758828882369100, 6.900000000001825600 ) ) ;
#745 = CARTESIAN_POINT ( 'NONE',  ( -1.529378760636994600, 17.36213618514755600, 6.849127380276168100 ) ) ;
#746 = CARTESIAN_POINT ( 'NONE',  ( 1.964575751948999900, 15.51811812019999700, 9.911531719451000200 ) ) ;
#747 = CARTESIAN_POINT ( 'NONE',  ( 0.6107612978212414400, 16.60924201994405900, 9.803317072929820200 ) ) ;
#748 = CARTESIAN_POINT ( 'NONE',  ( 1.872269852534246000, 14.26869184595986100, 8.552205219360615700 ) ) ;
#749 = CARTESIAN_POINT ( 'NONE',  ( 1.487213982156000000, 16.65841051662999900, 6.488001347711999300 ) ) ;
#750 = B_SPLINE_SURFACE_WITH_KNOTS ( 'NONE', 3, 3, ( 
 ( #1938, #1303, #501, #1747, #661, #1958, #818, #2163, #975, #2373 ),
 ( #1136, #101, #1313, #308, #1541, #508, #1759, #669, #1966, #825 ),
 ( #2177, #983, #2385, #1146, #113, #1321, #317, #1553, #515, #1768 ),
 ( #676, #1979, #831, #2189, #995, #2395, #1152, #123, #1331, #326 ) ),
 .UNSPECIFIED., .F., .F., .F.,
 ( 4, 4 ),
 ( 4, 1, 1, 1, 1, 1, 1, 4 ),
 ( -0.07000810203712000400, 14.92908520389000100 ),
 ( -0.01020195370813000200, 0.2196056929680000000, 0.4494133396440001000, 0.6792209863200002800, 0.9090286329950001400, 1.138836279671000100, 1.368643926347000300, 1.598451573023000200 ),
 .UNSPECIFIED. ) ;
#751 = CARTESIAN_POINT ( 'NONE',  ( -1.890876454015237200, 19.47932237737889900, 6.500000038703490200 ) ) ;
#752 = CARTESIAN_POINT ( 'NONE',  ( 1.449853983347675100, 14.34060839344986600, 10.10266532425596800 ) ) ;
#753 = AXIS2_PLACEMENT_3D ( 'NONE', #681, #1530, #1002 ) ;
#754 = CARTESIAN_POINT ( 'NONE',  ( 2.374255777202000300, 14.80853150162000100, 10.05600700327000000 ) ) ;
#755 = CARTESIAN_POINT ( 'NONE',  ( 2.258630467509542300, 14.49368388463549600, 8.561091953438570100 ) ) ;
#756 = CARTESIAN_POINT ( 'NONE',  ( 1.372204665600985900, 14.04001187489516800, 8.847054759543572900 ) ) ;
#757 = CARTESIAN_POINT ( 'NONE',  ( 1.810627643100000100, 16.95216167537999800, 6.488001347711999300 ) ) ;
#758 = FACE_OUTER_BOUND ( 'NONE', #1943, .T. ) ;
#759 = CARTESIAN_POINT ( 'NONE',  ( -2.257233706978483100, 19.05575073922277000, 6.500000037964749600 ) ) ;
#760 = CARTESIAN_POINT ( 'NONE',  ( 1.070776466351000200, 16.90695117377000000, 9.684649065359000300 ) ) ;
#761 = FACE_OUTER_BOUND ( 'NONE', #2275, .T. ) ;
#762 = CARTESIAN_POINT ( 'NONE',  ( 1.168149625471766900, 14.08502720190274400, 9.646197316069546400 ) ) ;
#763 = ORIENTED_EDGE ( 'NONE', *, *, #438, .F. ) ;
#764 = AXIS2_PLACEMENT_3D ( 'NONE', #408, #584, #1649 ) ;
#765 = CARTESIAN_POINT ( 'NONE',  ( 1.480456491603999900, 16.19736455519000300, 9.829124349178002300 ) ) ;
#766 = CARTESIAN_POINT ( 'NONE',  ( 2.619286357571543300, 14.91958620096550100, 9.630209564832572500 ) ) ;
#767 = CARTESIAN_POINT ( 'NONE',  ( 1.152907054202598100, 14.02579846028620200, 9.399095219721568000 ) ) ;
#768 = CARTESIAN_POINT ( 'NONE',  ( 1.778831988211000400, 16.88405583139000000, 6.861126051024999800 ) ) ;
#769 = AXIS2_PLACEMENT_3D ( 'NONE', #1007, #345, #1577 ) ;
#770 = ADVANCED_FACE ( 'NONE', ( #1741 ), #2340, .F. ) ;
#771 = B_SPLINE_CURVE_WITH_KNOTS ( 'NONE', 3,
 ( #1996, #687, #2413, #1166 ),
 .UNSPECIFIED., .F., .F.,
 ( 4, 4 ),
 ( 0.0000000000000000000, 1.000000000000000000 ),
 .UNSPECIFIED. ) ;
#772 = CARTESIAN_POINT ( 'NONE',  ( 1.252658942639934400, 14.00891071803048700, 9.032715097837037600 ) ) ;
#773 = CARTESIAN_POINT ( 'NONE',  ( 1.812614660175405600, 14.58404915251776400, 10.26965929837059300 ) ) ;
#774 = CARTESIAN_POINT ( 'NONE',  ( 1.310483538977928100, 14.23228058659551100, 9.966396514317070300 ) ) ;
#775 = CARTESIAN_POINT ( 'NONE',  ( -2.201842984455587800, 18.63800020846039400, 6.500000014917568500 ) ) ;
#776 = CARTESIAN_POINT ( 'NONE',  ( -2.173390207998000500, 19.25233545415999700, 6.488001347711999300 ) ) ;
#777 = CARTESIAN_POINT ( 'NONE',  ( 1.654054870722022600, 14.15668721067012600, 8.620300803422518100 ) ) ;
#778 = CARTESIAN_POINT ( 'NONE',  ( 1.890136516857000100, 15.48777793660000100, 9.973599632997004200 ) ) ;
#779 = CARTESIAN_POINT ( 'NONE',  ( 1.799667874469917300, 14.57657433250885700, 10.26965934850283800 ) ) ;
#780 = CARTESIAN_POINT ( 'NONE',  ( 1.752958640037881400, 14.53893714744249100, 10.21783178087823900 ) ) ;
#781 = CARTESIAN_POINT ( 'NONE',  ( 0.7401564771070776600, 18.27000616521752400, 8.702015814985081500 ) ) ;
#782 = CARTESIAN_POINT ( 'NONE',  ( 2.299816542110000300, 14.77819131802000100, 10.11807491681999900 ) ) ;
#783 = CARTESIAN_POINT ( 'NONE',  ( 0.9803928111929587400, 19.01583520176101100, 6.849127378789017200 ) ) ;
#784 = LINE ( 'NONE', #2229, #1188 ) ;
#785 = CARTESIAN_POINT ( 'NONE',  ( 0.9914501369868001800, 16.87191408837000100, 9.737506311687001300 ) ) ;
#786 = CARTESIAN_POINT ( 'NONE',  ( 1.313751298568301800, 14.25083254144643200, 10.04767189074149200 ) ) ;
#787 = CARTESIAN_POINT ( 'NONE',  ( 1.506160769811870200, 14.96640359786697300, 8.409943984407059100 ) ) ;
#788 = CARTESIAN_POINT ( 'NONE',  ( 1.301072447063000000, 15.17824194421999800, 10.12369578959999900 ) ) ;
#789 = CARTESIAN_POINT ( 'NONE',  ( 1.540389688453461600, 16.67404700963836100, 6.849127379370526300 ) ) ;
#790 = ORIENTED_EDGE ( 'NONE', *, *, #1133, .F. ) ;
#791 = CARTESIAN_POINT ( 'NONE',  ( 1.401130162239999900, 16.16232746979000000, 9.881981595506001500 ) ) ;
#792 = CARTESIAN_POINT ( 'NONE',  ( 1.300376588510319100, 14.00282323411587600, 8.867506469311496900 ) ) ;
#793 = CARTESIAN_POINT ( 'NONE',  ( 1.019350847355639000, 14.73653720022860200, 8.661379250968199300 ) ) ;
#794 = CARTESIAN_POINT ( 'NONE',  ( 1.807222042535697100, 17.50486401710098900, 6.849127380969648000 ) ) ;
#795 = CARTESIAN_POINT ( 'NONE',  ( 0.8889908404309002600, 16.47563684701999200, 8.081738666234000900 ) ) ;
#796 = CARTESIAN_POINT ( 'NONE',  ( 1.810810187493000000, 15.45274085121000400, 10.02645687933000200 ) ) ;
#797 = CARTESIAN_POINT ( 'NONE',  ( 0.7617438381527801300, 14.70331302453139700, 9.228680545562316000 ) ) ;
#798 = CARTESIAN_POINT ( 'NONE',  ( 1.425030377396367700, 16.84942680726165400, 8.674003728086759700 ) ) ;
#799 = CARTESIAN_POINT ( 'NONE',  ( -1.528821963122426000, 17.36243266710099300, 6.860290307310392200 ) ) ;
#800 = CARTESIAN_POINT ( 'NONE',  ( 1.292824102044094500, 16.62035322530228900, 6.500000024337306400 ) ) ;
#801 = CARTESIAN_POINT ( 'NONE',  ( 2.220490212746000700, 14.74315423262000000, 10.17093216314000200 ) ) ;
#802 = CARTESIAN_POINT ( 'NONE',  ( -0.1771664942999000300, 16.56381434081170000, 6.848617413939302300 ) ) ;
#803 = CARTESIAN_POINT ( 'NONE',  ( 0.8837018219789423100, 14.88612361969046900, 9.780721005741037600 ) ) ;
#804 = CARTESIAN_POINT ( 'NONE',  ( 0.3977717085181001800, 16.54453133370999800, 9.813033221321001400 ) ) ;
#805 = CARTESIAN_POINT ( 'NONE',  ( -1.743125336847000100, 19.51932734871999700, 6.612376248815998300 ) ) ;
#806 = CARTESIAN_POINT ( 'NONE',  ( 1.120377119108867400, 18.77307064641944100, 6.880997255274000000 ) ) ;
#807 = CARTESIAN_POINT ( 'NONE',  ( -0.08332919454734150100, 18.96438376976706100, 6.900000000000002100 ) ) ;
#808 = LINE ( 'NONE', #864, #1264 ) ;
#809 = CARTESIAN_POINT ( 'NONE',  ( 0.9082425525600000800, 16.83262436325999900, 9.780482673687004100 ) ) ;
#810 = CARTESIAN_POINT ( 'NONE',  ( 0.8208471272238001500, 16.63708319405000700, 6.899230593224002600 ) ) ;
#811 = ORIENTED_EDGE ( 'NONE', *, *, #1063, .T. ) ;
#812 = CARTESIAN_POINT ( 'NONE',  ( 1.331777079728584200, 15.20485278958442000, 10.07557054592285100 ) ) ;
#813 = CARTESIAN_POINT ( 'NONE',  ( 1.292223396416209100, 16.63785542194254700, 6.894485627837563700 ) ) ;
#814 = CARTESIAN_POINT ( 'NONE',  ( 2.201971604229000100, 14.39976083894000400, 8.536876518333002700 ) ) ;
#815 = ADVANCED_FACE ( 'NONE', ( #1779, #387 ), #2328, .F. ) ;
#816 = FACE_OUTER_BOUND ( 'NONE', #1334, .T. ) ;
#817 = CARTESIAN_POINT ( 'NONE',  ( -2.268228763094000100, 18.82503293010999500, 6.612376248815998300 ) ) ;
#818 = CARTESIAN_POINT ( 'NONE',  ( -2.217086254415000300, 18.66256223264999600, 6.871117638202001400 ) ) ;
#819 = CARTESIAN_POINT ( 'NONE',  ( 0.5490427759085129100, 18.57173521345308800, 6.900000000000000400 ) ) ;
#820 = CARTESIAN_POINT ( 'NONE',  ( 1.317922577812999900, 16.12303774467000000, 9.924957957506002500 ) ) ;
#821 = CARTESIAN_POINT ( 'NONE',  ( 1.321510760814000000, 16.62544433288999800, 6.880997255274000000 ) ) ;
#822 = EDGE_CURVE ( 'NONE', #118, #118, #1572, .T. ) ;
#823 = CARTESIAN_POINT ( 'NONE',  ( 1.152240653200971900, 15.67137226517461800, 8.268761370729921000 ) ) ;
#824 = CARTESIAN_POINT ( 'NONE',  ( -2.131768322309999700, 19.31457070045000500, 6.736751149921000900 ) ) ;
#825 = CARTESIAN_POINT ( 'NONE',  ( -1.985783151309399800, 18.21929475279250400, 6.848617413941101800 ) ) ;
#826 = CARTESIAN_POINT ( 'NONE',  ( 0.6541693172535715300, 17.78083722687698700, 6.900000000000000400 ) ) ;
#827 = CARTESIAN_POINT ( 'NONE',  ( 1.727602603066000300, 15.41345112608999900, 10.06943324133000100 ) ) ;
#828 = CARTESIAN_POINT ( 'NONE',  ( 2.135935410087166400, 14.42449568722622100, 8.569195036166979300 ) ) ;
#829 = CARTESIAN_POINT ( 'NONE',  ( 0.6470129185628101800, 15.42681321752649200, 8.500260368576659800 ) ) ;
#830 = CARTESIAN_POINT ( 'NONE',  ( -1.693525609521000300, 19.52644726772999600, 6.861126051024999800 ) ) ;
#831 = CARTESIAN_POINT ( 'NONE',  ( -1.481394564279999900, 17.35500795615999800, 6.899230593224002600 ) ) ;
#832 = CARTESIAN_POINT ( 'NONE',  ( 1.293033139003702400, 16.61426271157466100, 6.849127380969509500 ) ) ;
#833 = B_SPLINE_CURVE_WITH_KNOTS ( 'NONE', 3,
 ( #2216, #850, #2423, #1176 ),
 .UNSPECIFIED., .F., .F.,
 ( 4, 4 ),
 ( -118.0685624984000000, -117.0685624984000000 ),
 .UNSPECIFIED. ) ;
#834 = CARTESIAN_POINT ( 'NONE',  ( 2.546676035548330200, 14.73362917038892100, 8.922783219872490800 ) ) ;
#835 = TOROIDAL_SURFACE ( 'NONE', #1029, 1.456101656323097700, 0.04999999999998564600 ) ;
#836 = CARTESIAN_POINT ( 'NONE',  ( 0.3764510171238638100, 15.37784831034817200, 9.026986890170206800 ) ) ;
#837 = CARTESIAN_POINT ( 'NONE',  ( 0.2499999974976816500, 17.29057713790097100, 6.900000000000000400 ) ) ;
#838 = CIRCLE ( 'NONE', #638, 1.456101608965849600 ) ;
#839 = CARTESIAN_POINT ( 'NONE',  ( -2.279747562059000200, 18.89928449186000100, 6.861126051024999800 ) ) ;
#840 = EDGE_LOOP ( 'NONE', ( #1213, #116, #2308, #1681 ) ) ;
#841 = CARTESIAN_POINT ( 'NONE',  ( 1.779312733389210500, 16.89824074184051400, 6.500000070000107000 ) ) ;
#842 = CARTESIAN_POINT ( 'NONE',  ( 2.611359801138754200, 14.88710134006267300, 9.493137878657211800 ) ) ;
#843 = CARTESIAN_POINT ( 'NONE',  ( 0.4746020616577743000, 15.55469247693633300, 9.617231321818682200 ) ) ;
#844 = CARTESIAN_POINT ( 'NONE',  ( -0.2516692597173585400, 19.57543860263578500, 6.862360777353243800 ) ) ;
#845 = CARTESIAN_POINT ( 'NONE',  ( 1.801842984455562600, 17.50199979153976700, 6.500000024337314400 ) ) ;
#846 = CARTESIAN_POINT ( 'NONE',  ( 2.301639240560148000, 14.81765347788663300, 10.03030279253058900 ) ) ;
#847 = CARTESIAN_POINT ( 'NONE',  ( 0.8841764751168909000, 15.85412392029591000, 9.926475146492382600 ) ) ;
#848 = CARTESIAN_POINT ( 'NONE',  ( -1.376156419373085700, 17.12865807687613500, 6.500000050056034900 ) ) ;
#849 = CARTESIAN_POINT ( 'NONE',  ( 1.820269231298999900, 17.47913262981000000, 6.860127676785998200 ) ) ;
#850 = CARTESIAN_POINT ( 'NONE',  ( 1.803635859498648600, 17.50295445653750200, 6.616375798129515900 ) ) ;
#851 = CARTESIAN_POINT ( 'NONE',  ( 1.829183889073038300, 14.58358983035415500, 10.22041896617239900 ) ) ;
#852 = CARTESIAN_POINT ( 'NONE',  ( 2.282265853582999600, 14.45274619510000300, 8.569427065967001800 ) ) ;
#853 = CARTESIAN_POINT ( 'NONE',  ( 0.7705594236731994100, 16.36070234230255600, 8.129490773483823300 ) ) ;
#854 = CARTESIAN_POINT ( 'NONE',  ( 0.4618479312567000900, 15.58228087271000300, 9.696564861059002300 ) ) ;
#855 = CARTESIAN_POINT ( 'NONE',  ( -0.3242082368606938300, 16.57474274646807200, 6.500000058375420100 ) ) ;
#856 = CARTESIAN_POINT ( 'NONE',  ( 1.306230784342000000, 18.33828109651500100, 6.899997398026101800 ) ) ;
#857 = UNCERTAINTY_MEASURE_WITH_UNIT (LENGTH_MEASURE( 1.000000000000000100E-005 ), #562, 'distance_accuracy_value', 'NONE');
#858 = CARTESIAN_POINT ( 'NONE',  ( 1.057868538892553900, 18.89919187927617400, 6.500000058618346600 ) ) ;
#859 = CARTESIAN_POINT ( 'NONE',  ( -0.8816357013634004100, 16.73093144791000200, 6.488001347711999300 ) ) ;
#860 = CARTESIAN_POINT ( 'NONE',  ( 0.2981040721857311500, 16.12663869477391600, 8.319606947125667100 ) ) ;
#861 = CARTESIAN_POINT ( 'NONE',  ( 1.841660403531999900, 17.02004604205999500, 6.612376248815998300 ) ) ;
#862 = EDGE_CURVE ( 'NONE', #1087, #1087, #665, .T. ) ;
#863 = ORIENTED_EDGE ( 'NONE', *, *, #438, .T. ) ;
#864 = CARTESIAN_POINT ( 'NONE',  ( 0.2499999931123191900, 17.29057714019883100, 7.601007937328625500 ) ) ;
#865 = CARTESIAN_POINT ( 'NONE',  ( 1.851918692503999700, 17.38791027749999800, 6.612376248815998300 ) ) ;
#866 = CARTESIAN_POINT ( 'NONE',  ( 1.091038007466999900, 18.79012695698999700, 6.895433249022999300 ) ) ;
#867 = CARTESIAN_POINT ( 'NONE',  ( -0.7215463243061999200, 19.53098545976000400, 6.895433249022999300 ) ) ;
#868 = VECTOR ( 'NONE', #715, 100.0000000000000100 ) ;
#869 = CARTESIAN_POINT ( 'NONE',  ( -1.020034831201000100, 16.80832823928999900, 6.612376242486998700 ) ) ;
#870 = PRESENTATION_LAYER_ASSIGNMENT (  '', '', ( #652 ) ) ;
#871 = CARTESIAN_POINT ( 'NONE',  ( -0.6500000000001002800, 18.84942286340169600, 6.500000048434744200 ) ) ;
#872 = CARTESIAN_POINT ( 'NONE',  ( 0.0000000000000000000, 0.0000000000000000000, 0.0000000000000000000 ) ) ;
#873 = CARTESIAN_POINT ( 'NONE',  ( -1.222041514771000200, 19.53771655206999800, 6.871117638200999500 ) ) ;
#874 = CARTESIAN_POINT ( 'NONE',  ( -1.149700127616000200, 16.90000306620000000, 6.736751137261000700 ) ) ;
#875 = EDGE_CURVE ( 'NONE', #1784, #1838, #261, .T. ) ;
#876 = DIRECTION ( 'NONE',  ( 0.4924038765042462200, -0.8528685319533144700, 0.1736481776679186000 ) ) ;
#877 =( NAMED_UNIT ( * ) SI_UNIT ( $, .STERADIAN. ) SOLID_ANGLE_UNIT ( ) );
#878 = CARTESIAN_POINT ( 'NONE',  ( -1.721860183524600100, 19.52473646783670000, 6.848617413939302300 ) ) ;
#879 = EDGE_CURVE ( 'NONE', #1135, #330, #838, .T. ) ;
#880 = CARTESIAN_POINT ( 'NONE',  ( -1.269161434963999900, 17.00497566033000400, 6.861126032036001000 ) ) ;
#881 = ADVANCED_FACE ( 'NONE', ( #1107 ), #1481, .F. ) ;
#882 = CARTESIAN_POINT ( 'NONE',  ( -0.4616537362899287300, 18.93125196921786800, 6.500000049290499700 ) ) ;
#883 = CARTESIAN_POINT ( 'NONE',  ( 1.145030395588999800, 18.74811754422999500, 6.861126032036001000 ) ) ;
#884 = LINE ( 'NONE', #1545, #1683 ) ;
#885 = DIRECTION ( 'NONE',  ( 0.0000000000000000000, 0.0000000000000000000, 1.000000000000000000 ) ) ;
#886 = CARTESIAN_POINT ( 'NONE',  ( 0.6684846799609002200, 19.29498117628026700, 6.500000054870942500 ) ) ;
#887 = PRODUCT_RELATED_PRODUCT_CATEGORY ( 'part', '', ( #1648 ) ) ;
#888 = ORIENTED_EDGE ( 'NONE', *, *, #1318, .F. ) ;
#889 = ORIENTED_EDGE ( 'NONE', *, *, #1218, .T. ) ;
#890 = CARTESIAN_POINT ( 'NONE',  ( 2.137282628318999800, 14.70386450750000100, 10.21390852513999900 ) ) ;
#891 = CARTESIAN_POINT ( 'NONE',  ( 0.3241788290914565100, 18.80200554015818800, 6.500000054508967100 ) ) ;
#892 = CARTESIAN_POINT ( 'NONE',  ( -0.2850024485141000000, 19.56955427883999800, 6.612376242486998700 ) ) ;
#893 = EDGE_CURVE ( 'NONE', #2429, #1915, #688, .T. ) ;
#894 = CARTESIAN_POINT ( 'NONE',  ( -0.2162975231078700100, 19.57032332015831200, 6.500000048540815800 ) ) ;
#895 = CARTESIAN_POINT ( 'NONE',  ( -2.222715446458453800, 19.17874215963441000, 6.849127379370479200 ) ) ;
#896 = CARTESIAN_POINT ( 'NONE',  ( 0.8222087634215999900, 16.78958018161999600, 9.813033221321001400 ) ) ;
#897 = CARTESIAN_POINT ( 'NONE',  ( -0.02714317656259610700, 16.10555832838201300, 9.138355677333560600 ) ) ;
#898 = CARTESIAN_POINT ( 'NONE',  ( 0.6958930244207165400, 18.15929824332708600, 6.500000059013784100 ) ) ;
#899 = CARTESIAN_POINT ( 'NONE',  ( -0.6500000000001002800, 18.84942286340169600, 6.500000048434744200 ) ) ;
#900 = DIRECTION ( 'NONE',  ( -0.9994115292233988200, -0.03430153430019776400, -9.699494642308065800E-013 ) ) ;
#901 = DIRECTION ( 'NONE',  ( -7.881384666349497100E-031, -1.000000000000000000, -3.206885370684779400E-015 ) ) ;
#902 = CARTESIAN_POINT ( 'NONE',  ( 1.231888788674999800, 16.07999356303000100, 9.957508505140001600 ) ) ;
#903 = CARTESIAN_POINT ( 'NONE',  ( 0.2040174348815822800, 16.33974917908668100, 9.633089495007116200 ) ) ;
#904 = CARTESIAN_POINT ( 'NONE',  ( 0.4381003378902272900, 17.43312827796331600, 6.500000059993016800 ) ) ;
#905 = PLANE ( 'NONE',  #46 ) ;
#906 = CARTESIAN_POINT ( 'NONE',  ( -0.1500534801713050400, 16.61475524850257600, 6.899999996324678100 ) ) ;
#907 = CARTESIAN_POINT ( 'NONE',  ( 0.6351864135624159000, 16.62341435741338100, 9.803663284318306000 ) ) ;
#908 = CARTESIAN_POINT ( 'NONE',  ( 1.789180879814138200, 14.22418315002068900, 8.569212400985192000 ) ) ;
#909 = CARTESIAN_POINT ( 'NONE',  ( 1.789805513532000100, 17.52311376862000000, 6.488001347711999300 ) ) ;
#910 = CARTESIAN_POINT ( 'NONE',  ( -1.959655118928776500, 19.44728520343841200, 6.500000038398538600 ) ) ;
#911 = CARTESIAN_POINT ( 'NONE',  ( 1.385786738494991300, 14.29286470240401700, 10.04984512141002800 ) ) ;
#912 = CARTESIAN_POINT ( 'NONE',  ( 1.641568813928000200, 15.37040694445000200, 10.10198378895999800 ) ) ;
#913 = CARTESIAN_POINT ( 'NONE',  ( 2.404266330493543900, 14.59727897769605500, 8.656925561766568600 ) ) ;
#914 = CARTESIAN_POINT ( 'NONE',  ( 1.316093117505554100, 14.02303807558728200, 8.922800584690891800 ) ) ;
#915 = CARTESIAN_POINT ( 'NONE',  ( 0.9912016466865001300, 14.96877764732999700, 9.973599632997004200 ) ) ;
#916 = EDGE_CURVE ( 'NONE', #1721, #1135, #228, .T. ) ;
#917 = CARTESIAN_POINT ( 'NONE',  ( -2.269729230879242700, 18.98043394272706400, 6.500000038152689900 ) ) ;
#918 = CARTESIAN_POINT ( 'NONE',  ( 2.051248839180999100, 14.66082032586000000, 10.24645907278000000 ) ) ;
#919 = B_SPLINE_CURVE_WITH_KNOTS ( 'NONE', 3,
 ( #1662, #420, #1439, #599, #1878, #755, #2087, #913, #2296, #1074, #23, #1241, #225, #1448, #433, #1673, #606, #1890, #766, #2096, #922, #2309, #1082, #33, #1250, #237, #1458, #443, #1688, #615, #1898, #773 ),
 .UNSPECIFIED., .F., .F.,
 ( 4, 1, 1, 1, 1, 1, 1, 1, 1, 1, 1, 1, 1, 1, 1, 1, 1, 1, 1, 1, 1, 1, 1, 1, 1, 1, 1, 1, 1, 4 ),
 ( 1.687867400272150900E-014, 0.0004462387988980272200, 0.001455126118924574600, 0.002464013438942166200, 0.003472900758968705700, 0.004481788078995253500, 0.005490675399012837100, 0.006499562719039391800, 0.007508450039056991900, 0.008517337359083530100, 0.009526224679110078700, 0.01053511199912766100, 0.01154399931915420900, 0.01255288663917180200, 0.01356177395919834800, 0.01457066127922489500, 0.01557954859924247900, 0.01658843591926901700, 0.01759732323928662700, 0.01860621055931315600, 0.01961509787933971400, 0.02062398519935729900, 0.02163287251938384600, 0.02264175983940143100, 0.02365064715942797500, 0.02465953447945452200, 0.02566842179947211700, 0.02667730911949866100, 0.02768619643951624600, 0.02813243523837979600 ),
 .UNSPECIFIED. ) ;
#920 = CARTESIAN_POINT ( 'NONE',  ( 1.154626127050002700, 14.05867385169580800, 9.555111303731617800 ) ) ;
#921 = CARTESIAN_POINT ( 'NONE',  ( 0.7344396638639000300, 16.74332733719999700, 9.834745221964002600 ) ) ;
#922 = CARTESIAN_POINT ( 'NONE',  ( 2.535557522636542800, 14.90878749819605500, 9.814596925256575200 ) ) ;
#923 = CARTESIAN_POINT ( 'NONE',  ( 1.150840436999083200, 14.04375637620979200, 9.493155243477922100 ) ) ;
#924 = CARTESIAN_POINT ( 'NONE',  ( 1.680933314109999800, 16.77004102624000100, 6.861126051024999800 ) ) ;
#925 = CARTESIAN_POINT ( 'NONE',  ( -2.205428860695329600, 18.63609081129491700, 6.732751591270474700 ) ) ;
#926 = CARTESIAN_POINT ( 'NONE',  ( 1.298909053523229700, 14.01865148009039600, 8.949407892159822400 ) ) ;
#927 = CARTESIAN_POINT ( 'NONE',  ( 1.144119689117000000, 16.03374071861999900, 9.979220505783002800 ) ) ;
#928 = CARTESIAN_POINT ( 'NONE',  ( 1.964556663273843400, 14.32087767904112000, 8.546246455336007100 ) ) ;
#929 = CARTESIAN_POINT ( 'NONE',  ( 1.365844330171821900, 14.27725831865515900, 10.03032015734880900 ) ) ;
#931 = EDGE_CURVE ( 'NONE', #571, #1638, #1696, .T. ) ;
#930 = CARTESIAN_POINT ( 'NONE',  ( 1.281207981763000200, 14.16310763554000100, 9.985515428697002700 ) ) ;
#932 = LINE ( 'NONE', #674, #1262 ) ;
#933 = CARTESIAN_POINT ( 'NONE',  ( -2.239606802513999900, 19.11923282475000000, 6.488001347711999300 ) ) ;
#934 = ADVANCED_FACE ( 'NONE', ( #1706 ), #733, .T. ) ;
#935 = VECTOR ( 'NONE', #42, 100.0000000000000100 ) ;
#936 = CARTESIAN_POINT ( 'NONE',  ( 1.734419323297306600, 14.19615816097660700, 8.586276625231361600 ) ) ;
#937 = VERTEX_POINT ( 'NONE', #1544 ) ;
#938 = CARTESIAN_POINT ( 'NONE',  ( 1.553799714369999800, 15.32415410002999900, 10.12369578959999900 ) ) ;
#939 = ORIENTED_EDGE ( 'NONE', *, *, #879, .F. ) ;
#940 = CARTESIAN_POINT ( 'NONE',  ( 1.804777070778459200, 14.56938483143554200, 10.22043633099078100 ) ) ;
#941 = CARTESIAN_POINT ( 'NONE',  ( 1.343636609255999900, 16.61634970770000000, 6.861126051024999800 ) ) ;
#942 = AXIS2_PLACEMENT_3D ( 'NONE', #484, #1729, #647 ) ;
#943 = CARTESIAN_POINT ( 'NONE',  ( 1.963479739622999900, 14.61456748144999700, 10.26817107341999800 ) ) ;
#944 = CARTESIAN_POINT ( 'NONE',  ( 0.6743281724321411600, 19.30429399435378800, 6.849127378789019000 ) ) ;
#945 = CARTESIAN_POINT ( 'NONE',  ( 0.6460481203471001300, 16.69445229039000000, 9.845343370912001300 ) ) ;
#946 = CARTESIAN_POINT ( 'NONE',  ( 1.209422509675335900, 14.16036031981586900, 9.899158896742493500 ) ) ;
#947 = CARTESIAN_POINT ( 'NONE',  ( 1.422875814030135000, 14.92106929529068200, 8.423451957980368800 ) ) ;
#948 = CARTESIAN_POINT ( 'NONE',  ( 0.4433273955686777800, 18.78411103856851800, 8.702015812235554600 ) ) ;
#949 = EDGE_CURVE ( 'NONE', #1638, #571, #2382, .T. ) ;
#950 = CARTESIAN_POINT ( 'NONE',  ( 1.668613317130535500, 16.75863470685182900, 6.849127379370516500 ) ) ;
#951 = CARTESIAN_POINT ( 'NONE',  ( 1.055728145599999800, 15.98486567180000000, 9.989818654731001500 ) ) ;
#952 = CARTESIAN_POINT ( 'NONE',  ( 1.430892225230324700, 14.04793850482587700, 8.718993475313492800 ) ) ;
#953 = CARTESIAN_POINT ( 'NONE',  ( 0.9587733706642858100, 14.71608317017096800, 8.732695782653202300 ) ) ;
#954 = CARTESIAN_POINT ( 'NONE',  ( 1.621828087024999900, 15.00435181109000000, 8.360091084923002600 ) ) ;
#955 = CARTESIAN_POINT ( 'NONE',  ( 1.465408170853000000, 15.27527905322000000, 10.13429393854999800 ) ) ;
#956 = CARTESIAN_POINT ( 'NONE',  ( -1.539214788335999900, 17.39481448268000500, 6.488001347711999300 ) ) ;
#957 = CARTESIAN_POINT ( 'NONE',  ( 0.7565463076174789900, 14.71950395549513100, 9.322940214301677700 ) ) ;
#958 = EDGE_CURVE ( 'NONE', #459, #112, #2462, .T. ) ;
#959 = EDGE_LOOP ( 'NONE', ( #1506, #1781, #235, #790 ) ) ;
#960 = CARTESIAN_POINT ( 'NONE',  ( -1.520377119108821300, 17.36692935358047100, 6.880997255274000000 ) ) ;
#961 = CARTESIAN_POINT ( 'NONE',  ( -0.6500000025024182900, 18.84942286471287100, 6.900000000000000400 ) ) ;
#962 = VERTEX_POINT ( 'NONE', #677 ) ;
#963 = CARTESIAN_POINT ( 'NONE',  ( 1.875088196106000200, 14.56569243463000200, 10.27876922236999800 ) ) ;
#964 = CARTESIAN_POINT ( 'NONE',  ( 0.3209085170738001400, 16.62759772943330100, 6.900036467719999700 ) ) ;
#965 = CARTESIAN_POINT ( 'NONE',  ( 0.9342321118447244300, 14.92933498185269100, 9.849666735895933600 ) ) ;
#966 = DIRECTION ( 'NONE',  ( 0.9994115292233480800, 0.03430153430167073900, -0.0000000000000000000 ) ) ;
#967 = CARTESIAN_POINT ( 'NONE',  ( -1.887992079715000000, 19.48362218461999300, 6.612376248815998300 ) ) ;
#968 = CARTESIAN_POINT ( 'NONE',  ( 1.104594873469867200, 18.76466696122944100, 6.895433249022999300 ) ) ;
#969 = CARTESIAN_POINT ( 'NONE',  ( 0.08909422135910413700, 18.92393697701099600, 6.900000000000002100 ) ) ;
#970 = CARTESIAN_POINT ( 'NONE',  ( 0.5874527121317000300, 16.66053397629999500, 9.844909985499001000 ) ) ;
#971 = CARTESIAN_POINT ( 'NONE',  ( 0.8215571173285000100, 16.61639688041999800, 6.889247048010001400 ) ) ;
#972 = CARTESIAN_POINT ( 'NONE',  ( 1.398640327157589100, 15.24459551091782900, 10.08116573374324100 ) ) ;
#973 = CARTESIAN_POINT ( 'NONE',  ( 1.730117002144000400, 16.82684720361000100, 6.612376248815998300 ) ) ;
#974 = CARTESIAN_POINT ( 'NONE',  ( -2.226716970811000200, 18.68172206856999700, 6.612376248815998300 ) ) ;
#975 = CARTESIAN_POINT ( 'NONE',  ( -2.220862306521000000, 18.66055157118329400, 6.852446001640701400 ) ) ;
#976 = CARTESIAN_POINT ( 'NONE',  ( 0.6327268863207413700, 18.41588571499070400, 6.900000000000000400 ) ) ;
#977 = CARTESIAN_POINT ( 'NONE',  ( 0.9971327373847001000, 15.95094735772000200, 9.989385269318001200 ) ) ;
#978 = CARTESIAN_POINT ( 'NONE',  ( 1.321840768540000000, 16.61582920831000000, 6.860127676783999800 ) ) ;
#979 = CARTESIAN_POINT ( 'NONE',  ( 1.084390823199215200, 15.63333835498718100, 8.274356558548710400 ) ) ;
#980 = AXIS2_PLACEMENT_3D ( 'NONE', #370, #1610, #561 ) ;
#981 = CARTESIAN_POINT ( 'NONE',  ( 1.777018061473000700, 16.88525873620000100, 6.736751149921000900 ) ) ;
#982 = CARTESIAN_POINT ( 'NONE',  ( -2.214525062097000500, 19.18977723307999700, 6.736751149921000900 ) ) ;
#983 = CARTESIAN_POINT ( 'NONE',  ( -1.709611267319999900, 17.79991887353999800, 6.900036467719999700 ) ) ;
#984 = CARTESIAN_POINT ( 'NONE',  ( 0.5812919122451198900, 17.61946636897907900, 6.900000000000002100 ) ) ;
#985 = B_SPLINE_CURVE_WITH_KNOTS ( 'NONE', 3,
 ( #2481, #1225, #589, #1861, #744, #2069 ),
 .UNSPECIFIED., .F., .F.,
 ( 4, 2, 4 ),
 ( 0.0000000000000000000, 0.5000000000000000000, 1.000000000000000000 ),
 .UNSPECIFIED. ) ;
#986 = CARTESIAN_POINT ( 'NONE',  ( 1.406812762638000000, 15.24136073913999700, 10.13386055314000000 ) ) ;
#987 = CARTESIAN_POINT ( 'NONE',  ( 2.212916744359212800, 14.47450545473933300, 8.596525294698539100 ) ) ;
#988 = ORIENTED_EDGE ( 'NONE', *, *, #1289, .T. ) ;
#989 = CARTESIAN_POINT ( 'NONE',  ( 0.5843256362661469700, 15.40465838392214900, 8.569206098731223500 ) ) ;
#991 = EDGE_CURVE ( 'NONE', #1918, #2429, #460, .T. ) ;
#990 = CARTESIAN_POINT ( 'NONE',  ( 1.731768322310000000, 16.82542929954999500, 6.736751149921000900 ) ) ;
#992 = ORIENTED_EDGE ( 'NONE', *, *, #991, .F. ) ;
#993 = COLOUR_RGB ( '',1.000000000000000000, 1.000000000000000000, 1.000000000000000000 ) ;
#994 = CARTESIAN_POINT ( 'NONE',  ( -1.817708096938999600, 19.51019544182000200, 6.861126051024999800 ) ) ;
#995 = CARTESIAN_POINT ( 'NONE',  ( -1.499664432439999700, 17.34527966881999800, 6.889247048010001400 ) ) ;
#996 = ORIENTED_EDGE ( 'NONE', *, *, #596, .F. ) ;
#997 = CARTESIAN_POINT ( 'NONE',  ( 1.466747835002414800, 16.65183583023424100, 6.500000068967251500 ) ) ;
#998 = CARTESIAN_POINT ( 'NONE',  ( 2.581114646948617700, 14.77012351241838500, 9.004368701205102400 ) ) ;
#999 = CARTESIAN_POINT ( 'NONE',  ( 0.3650280248675655800, 15.39044496930719300, 9.121246558911002100 ) ) ;
#1000 = CARTESIAN_POINT ( 'NONE',  ( 0.6780164786532837400, 17.67880921273790700, 6.500000060330587600 ) ) ;
#1001 = CARTESIAN_POINT ( 'NONE',  ( -2.256099887497999800, 18.75087858695000200, 6.861126051024999800 ) ) ;
#1002 = DIRECTION ( 'NONE',  ( 0.5000000000000292000, -0.8660254037844218300, 4.024719673185586000E-031 ) ) ;
#1003 = CARTESIAN_POINT ( 'NONE',  ( 1.836932733329234900, 17.01096633180392100, 6.500000069954851700 ) ) ;
#1004 = EDGE_CURVE ( 'NONE', #112, #1367, #833, .T. ) ;
#1005 = CARTESIAN_POINT ( 'NONE',  ( 2.587704019744342600, 14.89231126649155400, 9.585805598998723200 ) ) ;
#1006 = CARTESIAN_POINT ( 'NONE',  ( 0.5226045096427574000, 15.59692709562256700, 9.688547853504506000 ) ) ;
#1007 = CARTESIAN_POINT ( 'NONE',  ( 1.321867762103999800, 16.61504272107000100, 6.861126031966000100 ) ) ;
#1008 = CARTESIAN_POINT ( 'NONE',  ( -0.2514880094434484000, 19.57015768395148900, 6.875605298594359200 ) ) ;
#1009 = CARTESIAN_POINT ( 'NONE',  ( -1.380392811193200500, 17.12416479823873800, 6.849127378789010100 ) ) ;
#1010 = CARTESIAN_POINT ( 'NONE',  ( 2.229797089863192000, 14.78752029999187400, 10.08602301048566100 ) ) ;
#1011 = CARTESIAN_POINT ( 'NONE',  ( 0.9650796107019709000, 15.90358365646264400, 9.939983120065285500 ) ) ;
#1012 = CARTESIAN_POINT ( 'NONE',  ( -2.186385284656601900, 18.64623108030873800, 6.894485627835249100 ) ) ;
#1013 = AXIS2_PLACEMENT_3D ( 'NONE', #2124, #2120, #2116 ) ;
#1014 = CARTESIAN_POINT ( 'NONE',  ( -1.178218289760946300, 16.93072946234904600, 6.500000051949545100 ) ) ;
#1015 = CARTESIAN_POINT ( 'NONE',  ( 1.820768828702000100, 17.47939865401329800, 6.848617413941101800 ) ) ;
#1016 = CARTESIAN_POINT ( 'NONE',  ( -0.6500000025024182900, 18.84942286471287100, 6.900000000000000400 ) ) ;
#1017 = CARTESIAN_POINT ( 'NONE',  ( 0.7182817404773209600, 16.33105010689411800, 8.132095323594562300 ) ) ;
#1018 = CARTESIAN_POINT ( 'NONE',  ( -0.2188355679806832700, 16.56970718408220100, 6.500000059032115200 ) ) ;
#1019 = CARTESIAN_POINT ( 'NONE',  ( 1.316380241673000200, 18.34368545064000200, 6.899230593224002600 ) ) ;
#1020 = CARTESIAN_POINT ( 'NONE',  ( -0.2214960086743000500, 19.53721626686000000, 6.899230593224002600 ) ) ;
#1021 = CARTESIAN_POINT ( 'NONE',  ( -0.5860808409423000600, 16.61787280179000300, 6.488001347711999300 ) ) ;
#1022 = CARTESIAN_POINT ( 'NONE',  ( 0.2314718180208666100, 16.10118370925589200, 8.383530590156151900 ) ) ;
#1023 = CARTESIAN_POINT ( 'NONE',  ( 1.106820253105999900, 18.79853064217999400, 6.880997255274000000 ) ) ;
#1024 = CARTESIAN_POINT ( 'NONE',  ( -0.7221596422643001800, 19.54885512801000800, 6.880997255274000000 ) ) ;
#1025 = EDGE_CURVE ( 'NONE', #1915, #459, #1205, .T. ) ;
#1026 = CARTESIAN_POINT ( 'NONE',  ( -0.7376199142667001500, 16.66456854154000000, 6.612376242486998700 ) ) ;
#1027 = CARTESIAN_POINT ( 'NONE',  ( 1.875481257265999800, 17.16565648150999800, 6.736751149921000900 ) ) ;
#1028 = CARTESIAN_POINT ( 'NONE',  ( -1.222188256915700100, 19.54199203985670200, 6.852446001638699400 ) ) ;
#1029 = AXIS2_PLACEMENT_3D ( 'NONE', #1276, #1237, #1299 ) ;
#1030 = CARTESIAN_POINT ( 'NONE',  ( -0.8836090594651004900, 16.72705479976000100, 6.736751137261000700 ) ) ;
#1031 = EDGE_LOOP ( 'NONE', ( #988, #1843, #1586, #2169 ) ) ;
#1032 = CARTESIAN_POINT ( 'NONE',  ( -0.1485119905565366300, 16.56984231604807100, 6.875605298593821900 ) ) ;
#1033 = CARTESIAN_POINT ( 'NONE',  ( -1.361121449917429100, 16.90887840677734000, 6.800000000000000700 ) ) ;
#1034 = APPLICATION_PROTOCOL_DEFINITION ( 'draft international standard', 'automotive_design', 1998, #1202 ) ;
#1035 = EDGE_CURVE ( 'NONE', #112, #1842, #267, .T. ) ;
#1036 = VECTOR ( 'NONE', #1837, 100.0000000000000000 ) ;
#1037 = ADVANCED_FACE ( 'NONE', ( #2201 ), #2411, .F. ) ;
#1038 = CARTESIAN_POINT ( 'NONE',  ( -1.022405427923000200, 16.80468093696999800, 6.861126032036001000 ) ) ;
#1039 = CARTESIAN_POINT ( 'NONE',  ( -0.3759221640644404000, 18.95271179740209500, 6.500000049735301200 ) ) ;
#1040 = CARTESIAN_POINT ( 'NONE',  ( -0.1263849906483000000, 19.57512590241999800, 6.736751137261000700 ) ) ;
#1041 = PRODUCT_CONTEXT ( 'NONE', #1202, 'mechanical' ) ;
#1042 = CARTESIAN_POINT ( 'NONE',  ( 0.5208082984851956100, 19.38591774547006700, 6.500000053656912700 ) ) ;
#1043 = CARTESIAN_POINT ( 'NONE',  ( 1.291318291983121900, 16.66422559805106500, 6.899999996324695000 ) ) ;
#1044 = B_SPLINE_CURVE_WITH_KNOTS ( 'NONE', 3,
 ( #2184, #1187, #813, #1157, #1743, #1936 ),
 .UNSPECIFIED., .F., .F.,
 ( 4, 2, 4 ),
 ( 0.0000000000000000000, 0.5000000000000000000, 1.000000000000000000 ),
 .UNSPECIFIED. ) ;
#1045 = CARTESIAN_POINT ( 'NONE',  ( 1.816492787891000200, 14.53177412054999700, 10.27833583696000000 ) ) ;
#1046 = CARTESIAN_POINT ( 'NONE',  ( 0.07088963902773656700, 16.05579519471638900, 8.615959471436058300 ) ) ;
#1047 = CARTESIAN_POINT ( 'NONE',  ( 0.3931242441069961500, 18.74756327517033900, 6.500000055117734400 ) ) ;
#1048 = CARTESIAN_POINT ( 'NONE',  ( -0.1264912420014000500, 19.57295349675000300, 6.612376242486998700 ) ) ;
#1049 = CARTESIAN_POINT ( 'NONE',  ( -1.692824101971394500, 19.51964677063891800, 6.500000013403667500 ) ) ;
#1050 = EDGE_CURVE ( 'NONE', #1842, #1578, #2187, .T. ) ;
#1051 = CARTESIAN_POINT ( 'NONE',  ( -2.269982316067813000, 19.03258395593209300, 6.849127379370481900 ) ) ;
#1052 = CARTESIAN_POINT ( 'NONE',  ( 0.5584237667733000800, 16.64334856712999800, 9.842819957981001600 ) ) ;
#1053 = LINE ( 'NONE', #398, #1057 ) ;
#1054 = CARTESIAN_POINT ( 'NONE',  ( -0.01361967814097189000, 16.13191167858280300, 9.229441689670098400 ) ) ;
#1055 = CARTESIAN_POINT ( 'NONE',  ( 0.7001286611614185900, 18.07045458191224400, 6.500000059350560900 ) ) ;
#1056 = CARTESIAN_POINT ( 'NONE',  ( -0.4869190562601745100, 18.94355618682011800, 6.500000049104856200 ) ) ;
#1057 = VECTOR ( 'NONE', #900, 99.99999999999998600 ) ;
#1058 = ORIENTED_EDGE ( 'NONE', *, *, #1035, .F. ) ;
#1059 = CARTESIAN_POINT ( 'NONE',  ( -1.691318326268524300, 19.47577440077247600, 6.899999996324695000 ) ) ;
#1060 = CARTESIAN_POINT ( 'NONE',  ( 0.9681037920264001800, 15.93376194853999900, 9.987295241800000100 ) ) ;
#1061 = CARTESIAN_POINT ( 'NONE',  ( 0.2680846797364201900, 16.38749287013035200, 9.685909697857889400 ) ) ;
#1062 = CARTESIAN_POINT ( 'NONE',  ( 0.3014889947768169000, 17.32029753240467700, 6.500000059559574200 ) ) ;
#1063 = EDGE_CURVE ( 'NONE', #1842, #270, #177, .T. ) ;
#1064 = ORIENTED_EDGE ( 'NONE', *, *, #875, .F. ) ;
#1065 = CARTESIAN_POINT ( 'NONE',  ( -1.692824101971394500, 19.51964677063891800, 6.500000013403667500 ) ) ;
#1066 = CARTESIAN_POINT ( 'NONE',  ( 1.792530601435083900, 14.56235754326166900, 10.22007269933204500 ) ) ;
#1067 = CARTESIAN_POINT ( 'NONE',  ( 1.787463842533000300, 14.51458871136999900, 10.27624580944000100 ) ) ;
#1068 = CARTESIAN_POINT ( 'NONE',  ( 0.6506041779523372700, 16.63231579359839800, 9.803663214401433700 ) ) ;
#1069 = CARTESIAN_POINT ( 'NONE',  ( 1.707380483572224400, 14.18252024268187000, 8.596542659516993400 ) ) ;
#1070 = CARTESIAN_POINT ( 'NONE',  ( 1.417708096938999700, 16.62980455818000200, 6.861126051024999800 ) ) ;
#1071 = CARTESIAN_POINT ( 'NONE',  ( -2.023696551758213100, 19.40695961829910500, 6.500000038151347900 ) ) ;
#1072 = B_SPLINE_CURVE_WITH_KNOTS ( 'NONE', 3,
 ( #1916, #1489, #634, #1924, #789, #2128, #950, #2341, #1110, #67, #1278, #271, #1498, #479, #1720, #641, #1930, #794 ),
 .UNSPECIFIED., .F., .F.,
 ( 4, 2, 2, 2, 2, 2, 2, 2, 4 ),
 ( 0.0000000000000000000, 0.1250000000000000000, 0.2500000000000000000, 0.3750000000000000000, 0.5000000000000000000, 0.6250000000000000000, 0.7500000000000000000, 0.8750000000000000000, 1.000000000000000000 ),
 .UNSPECIFIED. ) ;
#1073 = CARTESIAN_POINT ( 'NONE',  ( 1.328122386123096400, 14.24709701419091500, 9.988573701483916900 ) ) ;
#1074 = CARTESIAN_POINT ( 'NONE',  ( 2.523940020670543100, 14.69336237089605200, 8.789485049885566800 ) ) ;
#1075 = CARTESIAN_POINT ( 'NONE',  ( 1.267268784512053800, 14.01146053425613200, 9.004386066024798300 ) ) ;
#1076 = CARTESIAN_POINT ( 'NONE',  ( 0.5180266341355001000, 15.62906808907999700, 9.767056435632000000 ) ) ;
#1077 = CARTESIAN_POINT ( 'NONE',  ( -2.272581944111931500, 18.90487630926011800, 6.500000038399954300 ) ) ;
#1078 = CARTESIAN_POINT ( 'NONE',  ( -0.6500000025024182900, 18.84942286471287100, 6.900000000000000400 ) ) ;
#1079 = CARTESIAN_POINT ( 'NONE',  ( 1.150436581895694100, 14.03726598783985600, 9.461847179891171000 ) ) ;
#1080 = ORIENTED_EDGE ( 'NONE', *, *, #2425, .T. ) ;
#1081 = CARTESIAN_POINT ( 'NONE',  ( -0.7014645707369773200, 18.81971656834792500, 6.899999999999999500 ) ) ;
#1082 = CARTESIAN_POINT ( 'NONE',  ( 2.419228660517543300, 14.87472776681548400, 9.977180316168572800 ) ) ;
#1083 = CARTESIAN_POINT ( 'NONE',  ( 1.158156399055872100, 14.06684784705946400, 9.585822963815669300 ) ) ;
#1084 = CARTESIAN_POINT ( 'NONE',  ( 1.622178090401000100, 16.72297257475999300, 6.861126051024999800 ) ) ;
#1085 = ORIENTED_EDGE ( 'NONE', *, *, #1259, .T. ) ;
#1086 = CARTESIAN_POINT ( 'NONE',  ( 1.352663644942050600, 14.03384520251818800, 8.871602748241365100 ) ) ;
#1087 = VERTEX_POINT ( 'NONE', #1382 ) ;
#1088 = ORIENTED_EDGE ( 'NONE', *, *, #343, .F. ) ;
#1089 = CARTESIAN_POINT ( 'NONE',  ( -0.7492811557863644500, 18.78517650769467600, 6.900000000000002100 ) ) ;
#1090 = ADVANCED_FACE ( 'NONE', ( #1709, #761 ), #264, .F. ) ;
#1091 = CARTESIAN_POINT ( 'NONE',  ( 1.427861503073037700, 14.32440885727612200, 10.08604037530440100 ) ) ;
#1092 = CARTESIAN_POINT ( 'NONE',  ( 1.830716385980000000, 17.45999662831999900, 6.861126051024999800 ) ) ;
#1093 = EDGE_CURVE ( 'NONE', #270, #1839, #620, .T. ) ;
#1094 = CARTESIAN_POINT ( 'NONE',  ( -2.271145741693000100, 18.97395294769999900, 6.488001347711999300 ) ) ;
#1095 = CARTESIAN_POINT ( 'NONE',  ( 1.816766088309536900, 14.23883132763231500, 8.562358923567472900 ) ) ;
#1096 = CARTESIAN_POINT ( 'NONE',  ( -0.8158428447634487000, 18.72652492776403900, 6.900000000000000400 ) ) ;
#1097 = DIRECTION ( 'NONE',  ( -0.4924038765047916700, 0.8528685319531389400, -0.1736481776672352000 ) ) ;
#1098 = CARTESIAN_POINT ( 'NONE',  ( 1.824713839760225400, 14.58089531196466700, 10.22043624058149400 ) ) ;
#1099 = CARTESIAN_POINT ( 'NONE',  ( 1.061207817396999900, 15.01995772104999800, 10.02645687933000200 ) ) ;
#1100 = PRODUCT_DEFINITION_FORMATION_WITH_SPECIFIED_SOURCE ( 'ANY', '', #1648, .NOT_KNOWN. ) ;
#1101 = CARTESIAN_POINT ( 'NONE',  ( 0.3006676710527335600, 19.49732732782954900, 6.849127378789019000 ) ) ;
#1102 = CARTESIAN_POINT ( 'NONE',  ( -0.8372122864758734200, 18.70575092598782900, 6.899999999999999500 ) ) ;
#1103 = CARTESIAN_POINT ( 'NONE',  ( 1.139540771840318800, 14.08446624512587400, 9.724566627126490600 ) ) ;
#1104 = CARTESIAN_POINT ( 'NONE',  ( 1.340529049020041000, 14.87839612863275100, 8.447369659643355200 ) ) ;
#1106 = EDGE_CURVE ( 'NONE', #270, #1169, #1053, .T. ) ;
#1105 = CARTESIAN_POINT ( 'NONE',  ( 1.802327141629000300, 17.50173327175999200, 6.488001347711999300 ) ) ;
#1107 = FACE_OUTER_BOUND ( 'NONE', #2074, .T. ) ;
#1108 = CARTESIAN_POINT ( 'NONE',  ( -0.8774633451033988500, 18.66264805340932000, 6.900000000000002100 ) ) ;
#1109 = VECTOR ( 'NONE', #1341, 100.0000000000000000 ) ;
#1110 = CARTESIAN_POINT ( 'NONE',  ( 1.771556599705574700, 16.87264811853513900, 6.849127379370510300 ) ) ;
#1111 = CARTESIAN_POINT ( 'NONE',  ( -0.8964405753312945100, 18.64024590269010800, 6.900000000000000400 ) ) ;
#1112 = CARTESIAN_POINT ( 'NONE',  ( 1.584657789687324400, 14.11331577381643000, 8.604068315438494700 ) ) ;
#1113 = CARTESIAN_POINT ( 'NONE',  ( 0.9050187792458207500, 14.70088944774947100, 8.810500926570975700 ) ) ;
#1114 = EDGE_CURVE ( 'NONE', #564, #937, #2162, .T. ) ;
#1115 = CARTESIAN_POINT ( 'NONE',  ( 0.8024680365193002100, 16.42352504825999700, 8.071140517285002100 ) ) ;
#1116 = CARTESIAN_POINT ( 'NONE',  ( -0.9499797415270600000, 18.57052610747462000, 6.899999999999997700 ) ) ;
#1117 = DIRECTION ( 'NONE',  ( -0.4924038765058081900, 0.8528685319523675600, -0.1736481776681410000 ) ) ;
#1118 = CARTESIAN_POINT ( 'NONE',  ( 0.7607358527721873600, 14.74091181935491900, 9.416204338145588400 ) ) ;
#1119 = DIRECTION ( 'NONE',  ( 0.0000000000000000000, 1.000000000000000000, 0.0000000000000000000 ) ) ;
#1120 = CARTESIAN_POINT ( 'NONE',  ( -1.504594873469821100, 17.37533303877047400, 6.895433249022999300 ) ) ;
#1121 = CARTESIAN_POINT ( 'NONE',  ( 1.343927259077096100, 16.62210793513995100, 6.500000068326460900 ) ) ;
#1122 = CARTESIAN_POINT ( 'NONE',  ( -0.9812919172327466700, 18.52053363366477600, 6.899999999999999500 ) ) ;
#1123 = CARTESIAN_POINT ( 'NONE',  ( 0.3215463243062000600, 16.60901454024000000, 6.895433249022999300 ) ) ;
#1124 = CARTESIAN_POINT ( 'NONE',  ( 0.9918964642161866000, 14.97510267006563100, 9.910938155819422900 ) ) ;
#1125 = DIRECTION ( 'NONE',  ( 0.0000000000000000000, 0.0000000000000000000, -1.000000000000000000 ) ) ;
#1126 = EDGE_CURVE ( 'NONE', #1367, #424, #985, .T. ) ;
#1127 = CARTESIAN_POINT ( 'NONE',  ( -2.019672088386999900, 19.41346804401000300, 6.612376248815998300 ) ) ;
#1128 = CARTESIAN_POINT ( 'NONE',  ( 1.088482792236542100, 18.75608764612024300, 6.899999841221382500 ) ) ;
#1129 = CARTESIAN_POINT ( 'NONE',  ( 0.2235639299192450100, 18.86420349558200000, 6.900000000000003000 ) ) ;
#1130 = CARTESIAN_POINT ( 'NONE',  ( -1.033761839618776200, 18.41414570311298600, 6.899999999999997700 ) ) ;
#1131 = CARTESIAN_POINT ( 'NONE',  ( 0.8220415147712000200, 16.60228344792999900, 6.871117638200999500 ) ) ;
#1132 = CARTESIAN_POINT ( 'NONE',  ( 1.423065442898605800, 15.25876784838772000, 10.08151194513252800 ) ) ;
#1133 = EDGE_CURVE ( 'NONE', #1169, #1784, #1388, .T. ) ;
#1134 = CARTESIAN_POINT ( 'NONE',  ( -2.191678856289999800, 18.61578909591999700, 6.612376248815998300 ) ) ;
#1135 = VERTEX_POINT ( 'NONE', #906 ) ;
#1136 = CARTESIAN_POINT ( 'NONE',  ( -1.941216461733600100, 18.24302549667670100, 6.899997398026101800 ) ) ;
#1137 = CARTESIAN_POINT ( 'NONE',  ( 0.6696656637089428700, 18.30354687131517000, 6.900000000000005700 ) ) ;
#1138 = B_SPLINE_CURVE_WITH_KNOTS ( 'NONE', 3,
 ( #1794, #535, #848, #2213, #1014, #2420, #1174, #148, #1355, #350, #1587, #541, #1801, #701, #2009, #855, #2220, #1018, #2428, #1181 ),
 .UNSPECIFIED., .F., .F.,
 ( 4, 2, 2, 2, 2, 2, 2, 2, 2, 4 ),
 ( 9.912240908045470300E-017, 0.004161148230213025700, 0.006241722345319488200, 0.008322296460425952400, 0.009362583517979182800, 0.01040287057553241500, 0.01248344469063884600, 0.01456401880574527800, 0.01560430586329849900, 0.01664459292085172100 ),
 .UNSPECIFIED. ) ;
#1139 = CARTESIAN_POINT ( 'NONE',  ( -1.054169322243863900, 18.35916277578087400, 6.899999999999999500 ) ) ;
#1140 = FACE_BOUND ( 'NONE', #1875, .T. ) ;
#1141 = CARTESIAN_POINT ( 'NONE',  ( 1.321860183524599800, 16.61526353216329400, 6.848617413939302300 ) ) ;
#1142 = CARTESIAN_POINT ( 'NONE',  ( 1.001301850478925700, 15.58882965904771300, 8.291363740173649100 ) ) ;
#1143 = CARTESIAN_POINT ( 'NONE',  ( 1.292824102044094500, 16.62035322530228900, 6.500000024337306400 ) ) ;
#1144 = CARTESIAN_POINT ( 'NONE',  ( -1.076686955305528500, 18.27420375497121400, 6.900000000000002100 ) ) ;
#1145 = CARTESIAN_POINT ( 'NONE',  ( -2.264137159847000800, 19.04849479528000000, 6.736751149921000900 ) ) ;
#1146 = CARTESIAN_POINT ( 'NONE',  ( -1.726023684859000300, 17.79117963621000000, 6.895433249022999300 ) ) ;
#1147 = CARTESIAN_POINT ( 'NONE',  ( 0.4964405703410447700, 17.49975409994176800, 6.900000000000004800 ) ) ;
#1148 = CARTESIAN_POINT ( 'NONE',  ( -1.082835277995593600, 18.24546732919106900, 6.899999999999996800 ) ) ;
#1149 = CARTESIAN_POINT ( 'NONE',  ( 2.285813161832757500, 14.52418806408412000, 8.633832081534981400 ) ) ;
#1150 = CARTESIAN_POINT ( 'NONE',  ( 0.5282140881704658900, 15.38768458461423300, 8.644951923879455400 ) ) ;
#1151 = CARTESIAN_POINT ( 'NONE',  ( -1.958055217943999800, 19.45647197626999900, 6.861126051024999800 ) ) ;
#1152 = CARTESIAN_POINT ( 'NONE',  ( -1.512129222238000100, 17.33864245305999700, 6.871117638202001400 ) ) ;
#1153 = AXIS2_PLACEMENT_3D ( 'NONE', #2472, #570, #1219 ) ;
#1154 = CARTESIAN_POINT ( 'NONE',  ( 1.537260596531762900, 16.68110546061098300, 6.500000069292412700 ) ) ;
#1155 = CARTESIAN_POINT ( 'NONE',  ( 2.606799681010483200, 14.80254233057491400, 9.090759354487358800 ) ) ;
#1156 = CARTESIAN_POINT ( 'NONE',  ( 0.3629614076641088400, 15.40840288523337200, 9.215306582664149800 ) ) ;
#1157 = CARTESIAN_POINT ( 'NONE',  ( 1.292859815005172000, 16.61931269234924000, 6.875605298596950000 ) ) ;
#1158 = CARTESIAN_POINT ( 'NONE',  ( -2.208083137882999900, 18.63520748519000100, 6.861126051024999800 ) ) ;
#1159 = FILL_AREA_STYLE ('',( #2196 ) ) ;
#1160 = CARTESIAN_POINT ( 'NONE',  ( 1.862505936087085300, 17.10940440867444700, 6.500000069765254900 ) ) ;
#1161 = FACE_OUTER_BOUND ( 'NONE', #567, .T. ) ;
#1162 = CARTESIAN_POINT ( 'NONE',  ( 2.555211109353045600, 14.89189635777721300, 9.675906011566731000 ) ) ;
#1163 = CARTESIAN_POINT ( 'NONE',  ( 0.5779653008358791600, 15.64190482768176900, 9.752471496534354900 ) ) ;
#1165 = EDGE_CURVE ( 'NONE', #1169, #717, #1899, .T. ) ;
#1164 = CARTESIAN_POINT ( 'NONE',  ( 1.626811784277000200, 14.41577147796000200, 10.24645907278000000 ) ) ;
#1166 = CARTESIAN_POINT ( 'NONE',  ( -1.529378760636994600, 17.36213618514755600, 6.849127380276168100 ) ) ;
#1167 = CARTESIAN_POINT ( 'NONE',  ( -0.2504005159015509900, 19.53847240789107100, 6.900000000000451500 ) ) ;
#1168 = CARTESIAN_POINT ( 'NONE',  ( -1.529378760636994600, 17.36213618514755600, 6.849127380276168100 ) ) ;
#1169 = VERTEX_POINT ( 'NONE', #1065 ) ;
#1170 = CARTESIAN_POINT ( 'NONE',  ( 2.153655983732400100, 14.75309101113992400, 10.13283328451538000 ) ) ;
#1171 = CARTESIAN_POINT ( 'NONE',  ( 1.462905803076999900, 15.87191943226999800, 8.280476498329001300 ) ) ;
#1172 = CARTESIAN_POINT ( 'NONE',  ( 1.016898041442941800, 15.93403134045808000, 9.942587670175933900 ) ) ;
#1173 = CARTESIAN_POINT ( 'NONE',  ( 0.6515277921439001100, 15.72954433963000300, 9.881981595506001500 ) ) ;
#1174 = CARTESIAN_POINT ( 'NONE',  ( -1.010983312905652200, 16.80622506701199700, 6.500000053399736200 ) ) ;
#1175 = CARTESIAN_POINT ( 'NONE',  ( 1.544596944711700300, 17.89877453326669600, 6.900036467719999700 ) ) ;
#1176 = CARTESIAN_POINT ( 'NONE',  ( 1.807222042535697100, 17.50486401710098900, 6.849127380969648000 ) ) ;
#1177 = EDGE_CURVE ( 'NONE', #717, #194, #372, .T. ) ;
#1178 = CARTESIAN_POINT ( 'NONE',  ( -1.515471856000999900, 17.34772092795999800, 6.488001347711999300 ) ) ;
#1179 = CARTESIAN_POINT ( 'NONE',  ( 0.6349967846958057800, 16.28571580431795200, 8.145603297168170400 ) ) ;
#1180 = CARTESIAN_POINT ( 'NONE',  ( 1.775204134735000300, 16.88646164101999900, 6.612376248815998300 ) ) ;
#1181 = CARTESIAN_POINT ( 'NONE',  ( -0.1485477022419505200, 16.57088281384253400, 6.500000021071727500 ) ) ;
#1182 = CARTESIAN_POINT ( 'NONE',  ( 1.334650109832000300, 18.35341373797999900, 6.889247048010001400 ) ) ;
#1183 = CARTESIAN_POINT ( 'NONE',  ( -0.2222059987790000500, 19.55790258048000400, 6.889247048010001400 ) ) ;
#1184 = CARTESIAN_POINT ( 'NONE',  ( -0.2734025066455000300, 16.56921890891999600, 6.488001347711999300 ) ) ;
#1185 = CARTESIAN_POINT ( 'NONE',  ( 0.1708943413291177100, 16.08072967919814300, 8.454847121841945400 ) ) ;
#1186 = PRESENTATION_STYLE_ASSIGNMENT (( #1671 ) ) ;
#1187 = CARTESIAN_POINT ( 'NONE',  ( 1.291772321463142700, 16.65099796841466400, 6.900000000002768800 ) ) ;
#1188 = VECTOR ( 'NONE', #707, 100.0000000000000000 ) ;
#1189 = CARTESIAN_POINT ( 'NONE',  ( 1.115312199123000200, 18.80305240940000300, 6.860127676785998200 ) ) ;
#1190 = CARTESIAN_POINT ( 'NONE',  ( -0.7224896499901000100, 19.55847025259999900, 6.860127676783999800 ) ) ;
#1191 = ORIENTED_EDGE ( 'NONE', *, *, #1245, .T. ) ;
#1192 = CARTESIAN_POINT ( 'NONE',  ( -0.4313604802621001100, 16.58314254641999200, 6.612376242486998700 ) ) ;
#1193 = FACE_OUTER_BOUND ( 'NONE', #2239, .T. ) ;
#1194 = CARTESIAN_POINT ( 'NONE',  ( 1.980023596747041900, 14.32969381567337500, 8.546263890070632000 ) ) ;
#1195 = CARTESIAN_POINT ( 'NONE',  ( 1.268479698711999700, 16.61370820192999900, 6.861126051024999800 ) ) ;
#1196 = DIRECTION ( 'NONE',  ( 0.8825321059044146700, 0.4699281812762755600, 0.01745240643267089900 ) ) ;
#1197 = CARTESIAN_POINT ( 'NONE',  ( -1.720128265794099900, 19.47427521055830000, 6.899997398026101800 ) ) ;
#1198 = CARTESIAN_POINT ( 'NONE',  ( -0.5871985578604000900, 16.61366884509000400, 6.736751137261000700 ) ) ;
#1199 = ADVANCED_FACE ( 'NONE', ( #2326 ), #1497, .F. ) ;
#1200 = CARTESIAN_POINT ( 'NONE',  ( -0.1495994840984038200, 16.60152759210765800, 6.899999999999449700 ) ) ;
#1201 = CARTESIAN_POINT ( 'NONE',  ( 1.828716678396000300, 17.45913727986999600, 6.736751149921000900 ) ) ;
#1202 = APPLICATION_CONTEXT ( 'automotive_design' ) ;
#1203 = EDGE_CURVE ( 'NONE', #717, #2135, #1211, .T. ) ;
#1204 = CARTESIAN_POINT ( 'NONE',  ( -0.7391740921605002300, 16.66050565167000000, 6.861126032036001000 ) ) ;
#1205 = B_SPLINE_CURVE_WITH_KNOTS ( 'NONE', 3,
 ( #832, #1981, #1591, #544 ),
 .UNSPECIFIED., .F., .F.,
 ( 4, 4 ),
 ( -1.000000000002947900, 0.0000000000000000000 ),
 .UNSPECIFIED. ) ;
#1206 = CARTESIAN_POINT ( 'NONE',  ( -0.2589151783214268500, 18.96973276719176500, 6.500000050385327900 ) ) ;
#1207 = CARTESIAN_POINT ( 'NONE',  ( 0.3383970032136001100, 19.47746290338999800, 6.736751137261000700 ) ) ;
#1208 = APPLICATION_PROTOCOL_DEFINITION ( 'draft international standard', 'automotive_design', 1998, #2461 ) ;
#1209 = CARTESIAN_POINT ( 'NONE',  ( 0.4273288968476220400, 19.43296636202512300, 6.500000052925239300 ) ) ;
#1210 = AXIS2_PLACEMENT_3D ( 'NONE', #1429, #414, #1655 ) ;
#1211 = LINE ( 'NONE', #528, #1775 ) ;
#1212 = CARTESIAN_POINT ( 'NONE',  ( -1.693033138905127600, 19.52573728527702500, 6.849127381023962800 ) ) ;
#1213 = ORIENTED_EDGE ( 'NONE', *, *, #1106, .T. ) ;
#1214 = CARTESIAN_POINT ( 'NONE',  ( -1.092381218577715100, 18.18715004612339200, 6.899999999999996800 ) ) ;
#1215 = CARTESIAN_POINT ( 'NONE',  ( 0.03273044893851651700, 16.05163090354563600, 8.703712423584802200 ) ) ;
#1216 = CARTESIAN_POINT ( 'NONE',  ( 0.4567386777335378200, 18.68600221471191200, 6.500000055719103100 ) ) ;
#1217 = CARTESIAN_POINT ( 'NONE',  ( 0.6200348312006001000, 19.33167176071000500, 6.612376242486998700 ) ) ;
#1218 = EDGE_CURVE ( 'NONE', #330, #962, #2238, .T. ) ;
#1219 = DIRECTION ( 'NONE',  ( 0.5000000000000491800, -0.8660254037844102900, -4.524855802196853100E-031 ) ) ;
#1220 = CARTESIAN_POINT ( 'NONE',  ( -2.279125596369073700, 18.87924518752212300, 6.849127379370484500 ) ) ;
#1221 = CARTESIAN_POINT ( 'NONE',  ( -1.095759403717093500, 18.15755843517748500, 6.900000000000000400 ) ) ;
#1222 = CARTESIAN_POINT ( 'NONE',  ( 0.009066298847150260100, 16.16287636099982100, 9.317194641816911400 ) ) ;
#1223 = CARTESIAN_POINT ( 'NONE',  ( 0.6938371923095755200, 17.95319484170039500, 6.500000059722987400 ) ) ;
#1224 = CARTESIAN_POINT ( 'NONE',  ( 1.489548274833000000, 16.65231241287000000, 6.861126051024999800 ) ) ;
#1225 = CARTESIAN_POINT ( 'NONE',  ( 1.807426003707174300, 17.50497262182266300, 6.862360777355151600 ) ) ;
#1226 = CARTESIAN_POINT ( 'NONE',  ( 1.123999715343219300, 18.77499959614057400, 6.500000021071733700 ) ) ;
#1227 = CARTESIAN_POINT ( 'NONE',  ( 1.085252183436947500, 18.75436742074414600, 6.899999996324678100 ) ) ;
#1228 = CARTESIAN_POINT ( 'NONE',  ( -1.101539173414356000, 18.06942955202773100, 6.900000000000000400 ) ) ;
#1229 = CARTESIAN_POINT ( 'NONE',  ( 0.3377424595943210300, 16.43660718537910600, 9.729608936231256800 ) ) ;
#1230 = CARTESIAN_POINT ( 'NONE',  ( -1.693033138905127600, 19.52573728527702500, 6.849127381023962800 ) ) ;
#1231 = ADVANCED_BREP_SHAPE_REPRESENTATION ( 'TхЁїэшщ ярЄЁєсюъ 1', ( #683, #2261, #336 ), #9 ) ;
#1232 = CARTESIAN_POINT ( 'NONE',  ( 1.725667354006681100, 14.52261482193164500, 10.21447751151161800 ) ) ;
#1233 = CARTESIAN_POINT ( 'NONE',  ( -1.099766730391838100, 18.01089345985618100, 6.899999999999997700 ) ) ;
#1234 = CARTESIAN_POINT ( 'NONE',  ( 1.627905873017225100, 14.14423139797683900, 8.633849446353204700 ) ) ;
#1235 = CARTESIAN_POINT ( 'NONE',  ( 0.03102606617660000300, 19.55470831353000000, 6.488001347711999300 ) ) ;
#1236 = PRODUCT_DEFINITION_CONTEXT ( 'detailed design', #2461, 'design' ) ;
#1237 = DIRECTION ( 'NONE',  ( 0.0000000000000000000, 0.0000000000000000000, 1.000000000000000000 ) ) ;
#1238 = CARTESIAN_POINT ( 'NONE',  ( -2.082720288023101100, 19.35834446648486200, 6.500000037963609100 ) ) ;
#1239 = CARTESIAN_POINT ( 'NONE',  ( 1.277592096257464700, 14.20388565203211300, 9.919627971329624900 ) ) ;
#1240 = CARTESIAN_POINT ( 'NONE',  ( -1.088440886064158100, 17.92342286954069100, 6.899999999999999500 ) ) ;
#1241 = CARTESIAN_POINT ( 'NONE',  ( 2.611601044356542300, 14.77707625499549400, 8.952068440797630100 ) ) ;
#1242 = CARTESIAN_POINT ( 'NONE',  ( 1.226350747396679900, 14.00542605134133300, 9.090776719303740100 ) ) ;
#1243 = CARTESIAN_POINT ( 'NONE',  ( 0.05216790600370001300, 16.29186749129000600, 9.552089577240003800 ) ) ;
#1244 = TOROIDAL_SURFACE ( 'NONE', #753, 2.199999999999934000, 0.9000000000000723000 ) ;
#1245 = EDGE_CURVE ( 'NONE', #2135, #1918, #771, .T. ) ;
#1246 = CARTESIAN_POINT ( 'NONE',  ( -2.265840267281438200, 18.82893986244526400, 6.500000038706728500 ) ) ;
#1247 = CARTESIAN_POINT ( 'NONE',  ( -1.083176652023786700, 17.89420869241949300, 6.900000000000004800 ) ) ;
#1248 = CARTESIAN_POINT ( 'NONE',  ( 1.155634112430859300, 14.02107505687863500, 9.367587511149592300 ) ) ;
#1249 = CARTESIAN_POINT ( 'NONE',  ( -1.069665668717335600, 17.83645313130421800, 6.900000000000004800 ) ) ;
#1250 = CARTESIAN_POINT ( 'NONE',  ( 2.276181156036543900, 14.81912900755549600, 10.10973980429134200 ) ) ;
#1251 = CARTESIAN_POINT ( 'NONE',  ( 1.174762175738715400, 14.09478007854407300, 9.675923376385759100 ) ) ;
#1252 = CARTESIAN_POINT ( 'NONE',  ( 1.773390207998000200, 16.88766454584000000, 6.488001347711999300 ) ) ;
#1253 = CARTESIAN_POINT ( 'NONE',  ( -1.742869700642000000, 19.51716587692000000, 6.488001347711999300 ) ) ;
#1254 = ADVANCED_FACE ( 'NONE', ( #612 ), #139, .F. ) ;
#1255 = CARTESIAN_POINT ( 'NONE',  ( 1.413241121633866500, 14.05429923257589500, 8.800286216555957000 ) ) ;
#1256 = CARTESIAN_POINT ( 'NONE',  ( -1.061473176813059400, 17.80803503111004800, 6.900000000000002100 ) ) ;
#1257 = CARTESIAN_POINT ( 'NONE',  ( -0.2499465198287095800, 19.52524475149708700, 6.899999996324678100 ) ) ;
#1258 = CARTESIAN_POINT ( 'NONE',  ( 1.495748694916201100, 14.37313434503194300, 10.13285064933384800 ) ) ;
#1259 = EDGE_CURVE ( 'NONE', #2135, #1547, #1138, .T. ) ;
#1260 = CARTESIAN_POINT ( 'NONE',  ( -2.266079343388999900, 18.82537542848000500, 6.488001347711999300 ) ) ;
#1261 = CARTESIAN_POINT ( 'NONE',  ( 1.900051044089414900, 14.28416563021075800, 8.548850949994623200 ) ) ;
#1262 = VECTOR ( 'NONE', #876, 100.0000000000000100 ) ;
#1263 = CARTESIAN_POINT ( 'NONE',  ( -1.032726890885292700, 17.72411428644967300, 6.900000000000000400 ) ) ;
#1264 = VECTOR ( 'NONE', #2439, 100.0000000000000000 ) ;
#1265 = CARTESIAN_POINT ( 'NONE',  ( 1.840131604149916700, 14.58979674814886200, 10.22043617066499300 ) ) ;
#1266 = CARTESIAN_POINT ( 'NONE',  ( 0.3391740921605001000, 19.47949434832999700, 6.861126032036001000 ) ) ;
#1267 = ORIENTED_EDGE ( 'NONE', *, *, #81, .F. ) ;
#1268 = CARTESIAN_POINT ( 'NONE',  ( -1.007869669446023900, 17.66981563263889800, 6.900000000000000400 ) ) ;
#1269 = CARTESIAN_POINT ( 'NONE',  ( -0.1117003364749758100, 19.58001145261478000, 6.849127378789019900 ) ) ;
#1270 = CARTESIAN_POINT ( 'NONE',  ( 2.041319545974000300, 14.30094360553000000, 8.507089781673000700 ) ) ;
#1271 = ORIENTED_EDGE ( 'NONE', *, *, #1634, .F. ) ;
#1272 = CARTESIAN_POINT ( 'NONE',  ( -0.9490427814529776000, 17.56826479002695200, 6.899999999999997700 ) ) ;
#1273 = CARTESIAN_POINT ( 'NONE',  ( 1.107639184100330100, 14.02698738971643000, 9.532722163182549800 ) ) ;
#1274 = CARTESIAN_POINT ( 'NONE',  ( 1.260164596444231000, 14.83892517833210800, 8.481393837834499300 ) ) ;
#1275 = CARTESIAN_POINT ( 'NONE',  ( 1.136837509670000300, 15.07237274038999800, 10.06943324133000100 ) ) ;
#1276 = CARTESIAN_POINT ( 'NONE',  ( -0.1999999999999150000, 18.07000000000004600, 6.849999999999899300 ) ) ;
#1277 = EDGE_CURVE ( 'NONE', #1547, #2429, #1609, .T. ) ;
#1278 = CARTESIAN_POINT ( 'NONE',  ( 1.842653850192595500, 17.00881550980111000, 6.849127379370497900 ) ) ;
#1279 = CARTESIAN_POINT ( 'NONE',  ( -0.9149460955429893300, 17.52051332666055900, 6.900000000000002100 ) ) ;
#1280 = CARTESIAN_POINT ( 'NONE',  ( 1.753899163252324900, 14.19564968057587600, 8.528541405804496400 ) ) ;
#1281 = CARTESIAN_POINT ( 'NONE',  ( 0.8587686683615878300, 14.69114868569239900, 8.893808132249795100 ) ) ;
#1282 = CARTESIAN_POINT ( 'NONE',  ( 0.7483293891693000300, 19.23830823255999400, 6.612376242486998700 ) ) ;
#1283 = CARTESIAN_POINT ( 'NONE',  ( 1.563156261269000200, 14.97056585607000100, 8.360524470336002900 ) ) ;
#1284 = CARTESIAN_POINT ( 'NONE',  ( 1.792291578976000600, 15.10934745753000100, 8.392401234514004200 ) ) ;
#1285 = CARTESIAN_POINT ( 'NONE',  ( -0.8564168881767770800, 17.45365407775137400, 6.900000000000002100 ) ) ;
#1286 = CARTESIAN_POINT ( 'NONE',  ( -0.1785039913257000200, 16.60278373313999700, 6.899230593224002600 ) ) ;
#1287 = CARTESIAN_POINT ( 'NONE',  ( 0.7742593511939984700, 14.76726516955556600, 9.507290350482021400 ) ) ;
#1289 = EDGE_CURVE ( 'NONE', #1547, #459, #2260, .T. ) ;
#1288 = CARTESIAN_POINT ( 'NONE',  ( 0.3368428253197001700, 19.47340001351999600, 6.488001347711999300 ) ) ;
#1290 = CARTESIAN_POINT ( 'NONE',  ( 1.801587500392146900, 14.56754330658888500, 10.22043620562299500 ) ) ;
#1291 = CARTESIAN_POINT ( 'NONE',  ( -1.488482792236493400, 17.38391235387966600, 6.899999841221384300 ) ) ;
#1292 = CARTESIAN_POINT ( 'NONE',  ( 1.793878624361581400, 14.56309257781972600, 10.22043617066477800 ) ) ;
#1293 = CARTESIAN_POINT ( 'NONE',  ( -0.5449733010498538600, 18.90311146334030900, 6.900000000000000400 ) ) ;
#1294 = CARTESIAN_POINT ( 'NONE',  ( -0.8357554519439071000, 17.43229910968825200, 6.899999999999999500 ) ) ;
#1295 = CARTESIAN_POINT ( 'NONE',  ( 0.3221596422643001600, 16.59114487198999700, 6.880997255274000000 ) ) ;
#1296 = ORIENTED_EDGE ( 'NONE', *, *, #2092, .F. ) ;
#1297 = CARTESIAN_POINT ( 'NONE',  ( 1.055963709072569800, 15.02284636111352100, 9.963758358674367000 ) ) ;
#1298 = CARTESIAN_POINT ( 'NONE',  ( 1.343125336847000000, 16.62067265128000000, 6.612376248815998300 ) ) ;
#1299 = DIRECTION ( 'NONE',  ( 1.000000000000000000, 0.0000000000000000000, 0.0000000000000000000 ) ) ;
#1300 = ORIENTED_EDGE ( 'NONE', *, *, #2072, .F. ) ;
#1301 = COLOUR_RGB ( '',1.000000000000000000, 1.000000000000000000, 1.000000000000000000 ) ;
#1302 = CARTESIAN_POINT ( 'NONE',  ( -2.130117002144000300, 19.31315279639000300, 6.612376248815998300 ) ) ;
#1303 = CARTESIAN_POINT ( 'NONE',  ( -2.179582622103699600, 18.68253205992999400, 6.900036467719999700 ) ) ;
#1304 = ORIENTED_EDGE ( 'NONE', *, *, #916, .T. ) ;
#1305 = CARTESIAN_POINT ( 'NONE',  ( 0.2996992495575579500, 18.81884492446197400, 6.900000000000002100 ) ) ;
#1306 = B_SPLINE_CURVE_WITH_KNOTS ( 'NONE', 3,
 ( #1468, #779, #256, #1482, #465, #1704, #631, #1920, #786, #2125, #946, #2334, #1103, #63, #1273, #266, #1492, #475, #1714, #636, #1926, #792, #2131, #952, #2345, #1112, #70, #1280, #274, #1503, #481, #1725 ),
 .UNSPECIFIED., .F., .F.,
 ( 4, 1, 1, 1, 1, 1, 1, 1, 1, 1, 1, 1, 1, 1, 1, 1, 1, 1, 1, 1, 1, 1, 1, 1, 1, 1, 1, 1, 1, 4 ),
 ( 4.839608644578246600E-015, 0.0004462387988804010700, 0.001455126118898241900, 0.002464013438907134300, 0.003472900758924971200, 0.004481788078933856400, 0.005490675398951704600, 0.006499562718969550100, 0.007508450038978430600, 0.008517337358996278700, 0.009526224679005155700, 0.01053511199902300500, 0.01154399931904084700, 0.01255288663904973600, 0.01356177395906757600, 0.01457066127907646400, 0.01557954859909430900, 0.01658843591911215300, 0.01759732323912103700, 0.01860621055913887900, 0.01961509787914776300, 0.02062398519916560900, 0.02163287251918344700, 0.02264175983919233800, 0.02365064715921018400, 0.02465953447921906800, 0.02566842179923691300, 0.02667730911925475200, 0.02768619643926543300, 0.02813243523813004100 ),
 .UNSPECIFIED. ) ;
#1307 = CARTESIAN_POINT ( 'NONE',  ( -0.7928004766852172500, 17.39215433667103000, 6.899999999999997700 ) ) ;
#1308 = CARTESIAN_POINT ( 'NONE',  ( 0.8221882569155001300, 16.59800796014329500, 6.852446001638699400 ) ) ;
#1309 = CARTESIAN_POINT ( 'NONE',  ( 1.438483207288313100, 15.26766928457361200, 10.08151187521597000 ) ) ;
#1310 = CARTESIAN_POINT ( 'NONE',  ( 0.1860808409423000400, 19.52212719821000100, 6.488001347711999300 ) ) ;
#1311 = CARTESIAN_POINT ( 'NONE',  ( 1.408907710285787900, 16.82830028834199600, 8.615959471436996300 ) ) ;
#1312 = CARTESIAN_POINT ( 'NONE',  ( -1.693449404212000100, 19.52427578089000400, 6.736751149921000900 ) ) ;
#1313 = CARTESIAN_POINT ( 'NONE',  ( -1.951365919064999900, 18.23762114255999800, 6.899230593224002600 ) ) ;
#1314 = CARTESIAN_POINT ( 'NONE',  ( 1.801842984455562600, 17.50199979153976700, 6.500000024337314400 ) ) ;
#1315 = CARTESIAN_POINT ( 'NONE',  ( 0.6884408810467399500, 18.21657713315065100, 6.899999999999997700 ) ) ;
#1316 = CARTESIAN_POINT ( 'NONE',  ( -0.7704078775562600600, 17.37326416804565500, 6.900000000000002100 ) ) ;
#1317 = CARTESIAN_POINT ( 'NONE',  ( 0.9195014542373073400, 15.54716675170877900, 8.318693998704951300 ) ) ;
#1318 = EDGE_CURVE ( 'NONE', #85, #424, #784, .T. ) ;
#1319 = CARTESIAN_POINT ( 'NONE',  ( 1.272243186433997800, 17.21999999999999900, 6.900000000001288200 ) ) ;
#1320 = CARTESIAN_POINT ( 'NONE',  ( -2.277572290070000200, 18.89935866723000400, 6.736751149921000900 ) ) ;
#1321 = CARTESIAN_POINT ( 'NONE',  ( -1.741805930498000300, 17.78277595101999600, 6.880997255274000000 ) ) ;
#1322 = DIRECTION ( 'NONE',  ( -8.592823452948517600E-016, 3.206885370684779400E-015, -1.000000000000000000 ) ) ;
#1323 = CARTESIAN_POINT ( 'NONE',  ( 0.4372122814830522500, 17.43424907663812800, 6.900000000000004800 ) ) ;
#1324 = CARTESIAN_POINT ( 'NONE',  ( 2.353700353674835500, 14.57291355183876300, 8.680642355568188900 ) ) ;
#1325 = FACE_OUTER_BOUND ( 'NONE', #2211, .T. ) ;
#1326 = CARTESIAN_POINT ( 'NONE',  ( 0.4793897551769358800, 15.37610704328335100, 8.726537405213031600 ) ) ;
#1327 = EDGE_CURVE ( 'NONE', #571, #2335, #808, .T. ) ;
#1328 = CIRCLE ( 'NONE', #2237, 0.9000000000003964800 ) ;
#1329 = CARTESIAN_POINT ( 'NONE',  ( -2.080933314110000200, 19.36995897375999900, 6.861126051024999800 ) ) ;
#1330 = ORIENTED_EDGE ( 'NONE', *, *, #1177, .F. ) ;
#1331 = CARTESIAN_POINT ( 'NONE',  ( -1.515905274344299800, 17.33663179159329800, 6.852446001640701400 ) ) ;
#1332 = DIRECTION ( 'NONE',  ( -9.358307878960051400E-016, -1.000000000000000000, -2.495548767722680400E-015 ) ) ;
#1333 = CARTESIAN_POINT ( 'NONE',  ( 1.602872804419198200, 16.71868276813633300, 6.500000069558761400 ) ) ;
#1334 = EDGE_LOOP ( 'NONE', ( #1436, #939, #1836, #1267, #888, #106, #2064, #1985 ) ) ;
#1335 = CARTESIAN_POINT ( 'NONE',  ( 2.623405457692364400, 14.83047456206183200, 9.180859767055498100 ) ) ;
#1336 = PRODUCT_DEFINITION ( 'UNKNOWN', '', #1100, #1236 ) ;
#1337 = CARTESIAN_POINT ( 'NONE',  ( 0.3702773697211991200, 15.43149435608649300, 9.307974303004151300 ) ) ;
#1338 = CARTESIAN_POINT ( 'NONE',  ( -2.207222042535696500, 18.63513598289894400, 6.849127380969642700 ) ) ;
#1339 = ORIENTED_EDGE ( 'NONE', *, *, #2072, .T. ) ;
#1340 = CARTESIAN_POINT ( 'NONE',  ( -2.207222042535696500, 18.63513598289894400, 6.849127380969642700 ) ) ;
#1341 = DIRECTION ( 'NONE',  ( -0.4699997645171319300, 0.8826665402935813800, -0.0000000000000000000 ) ) ;
#1342 = SURFACE_STYLE_USAGE ( .BOTH. , #131 ) ;
#1343 = CARTESIAN_POINT ( 'NONE',  ( 1.809296376422712300, 14.57199403535804400, 10.22043624058121500 ) ) ;
#1344 = CARTESIAN_POINT ( 'NONE',  ( 1.871734280487401500, 17.18471031446424700, 6.500000069557540200 ) ) ;
#1345 = EDGE_CURVE ( 'NONE', #2335, #2105, #2097, .T. ) ;
#1346 = CARTESIAN_POINT ( 'NONE',  ( 2.514293072236949200, 14.88586187485958600, 9.762296664847911000 ) ) ;
#1347 = CARTESIAN_POINT ( 'NONE',  ( 0.6399824737393438000, 15.68905536630411900, 9.808191714491822900 ) ) ;
#1348 = CARTESIAN_POINT ( 'NONE',  ( 1.817005252453277800, 14.57644476412720300, 10.22043627553943200 ) ) ;
#1349 = CARTESIAN_POINT ( 'NONE',  ( 1.776202139125800500, 17.45566791012499400, 6.899997398026101800 ) ) ;
#1350 = CARTESIAN_POINT ( 'NONE',  ( 1.829233129461409300, 14.58350454349971200, 10.22043633099042000 ) ) ;
#1351 = CARTESIAN_POINT ( 'NONE',  ( -1.074328172432240200, 16.83570600564587100, 6.849127378789010100 ) ) ;
#1352 = CARTESIAN_POINT ( 'NONE',  ( 2.074181373174362400, 14.71480216643328400, 10.17014007135459000 ) ) ;
#1353 = CARTESIAN_POINT ( 'NONE',  ( 1.036834810425532500, 15.94554182098950300, 9.942587579766208000 ) ) ;
#1354 = CARTESIAN_POINT ( 'NONE',  ( -0.7238565796220876000, 17.33776542666788200, 6.900000000000000400 ) ) ;
#1355 = CARTESIAN_POINT ( 'NONE',  ( -0.8900942169866409300, 16.73771224116183400, 6.500000054372799600 ) ) ;
#1356 = CARTESIAN_POINT ( 'NONE',  ( 1.561009362251000000, 17.90751377059999800, 6.895433249022999300 ) ) ;
#1357 = CARTESIAN_POINT ( 'NONE',  ( 1.841491414600757300, 14.59051136611323000, 10.22009006415008900 ) ) ;
#1358 = CARTESIAN_POINT ( 'NONE',  ( -0.2212329577990000400, 19.52955200101999700, 6.900036467719999700 ) ) ;
#1359 = CARTESIAN_POINT ( 'NONE',  ( 1.881510812657357900, 14.61315677890594200, 10.21783178087791700 ) ) ;
#1360 = ORIENTED_EDGE ( 'NONE', *, *, #1126, .T. ) ;
#1361 = CARTESIAN_POINT ( 'NONE',  ( 0.5526500196839009300, 16.24304263765616700, 8.169520998831874400 ) ) ;
#1362 = CARTESIAN_POINT ( 'NONE',  ( 1.873313499480000000, 17.16585176690000500, 6.612376248815998300 ) ) ;
#1363 = CARTESIAN_POINT ( 'NONE',  ( 1.909341244602780900, 14.62854527630079100, 10.21449487632968300 ) ) ;
#1364 = ORIENTED_EDGE ( 'NONE', *, *, #1473, .T. ) ;
#1365 = CARTESIAN_POINT ( 'NONE',  ( -0.1484780276271830400, 16.56885277017265400, 6.616375796696102500 ) ) ;
#1366 = CARTESIAN_POINT ( 'NONE',  ( 1.347114899631000100, 18.36005095374000000, 6.871117638202001400 ) ) ;
#1367 = VERTEX_POINT ( 'NONE', #2444 ) ;
#1368 = CARTESIAN_POINT ( 'NONE',  ( 1.964795768439819200, 14.65849108148532000, 10.20432380730448900 ) ) ;
#1369 = CARTESIAN_POINT ( 'NONE',  ( -0.2226903962217000300, 19.57201601297999700, 6.871117638200999500 ) ) ;
#1370 = PRESENTATION_STYLE_ASSIGNMENT (( #1342 ) ) ;
#1371 = CARTESIAN_POINT ( 'NONE',  ( 1.992430217324410800, 14.67305397224069800, 10.19748769470604300 ) ) ;
#1372 = ORIENTED_EDGE ( 'NONE', *, *, #1495, .T. ) ;
#1373 = CARTESIAN_POINT ( 'NONE',  ( -0.1151204160998000200, 16.57261321351999300, 6.488001347711999300 ) ) ;
#1374 = CARTESIAN_POINT ( 'NONE',  ( 0.1171397499100920300, 16.06553595677020500, 8.532652265760301400 ) ) ;
#1375 = CARTESIAN_POINT ( 'NONE',  ( 0.08691896389957659600, 17.19644379351748900, 6.500000058992223600 ) ) ;
#1376 = CARTESIAN_POINT ( 'NONE',  ( 1.115811796525199900, 18.80331843360000100, 6.848617413941101800 ) ) ;
#1377 = CARTESIAN_POINT ( 'NONE',  ( 2.047142533449013000, 14.70116424814020000, 10.18040610564139200 ) ) ;
#1378 = CARTESIAN_POINT ( 'NONE',  ( -0.7225090649748001600, 19.55903592873830000, 6.848617413939302300 ) ) ;
#1379 = EDGE_CURVE ( 'NONE', #962, #1838, #144, .T. ) ;
#1380 = CARTESIAN_POINT ( 'NONE',  ( -0.1677294523670000700, 16.56745660581999900, 6.612376242486998700 ) ) ;
#1381 = CARTESIAN_POINT ( 'NONE',  ( -0.1483307402826304600, 16.56456139736389200, 6.862360777353028900 ) ) ;
#1382 = CARTESIAN_POINT ( 'NONE',  ( -0.1999999999996010200, 17.21999999999583200, 6.800000000000014000 ) ) ;
#1383 = CARTESIAN_POINT ( 'NONE',  ( 2.074230613562732200, 14.71471687957884100, 10.17015743617261100 ) ) ;
#1384 = CARTESIAN_POINT ( 'NONE',  ( -1.720522686499000000, 19.48576707549999300, 6.899230593224002600 ) ) ;
#1385 = AXIS2_PLACEMENT_3D ( 'NONE', #1319, #1322, #1332 ) ;
#1386 = ADVANCED_FACE ( 'NONE', ( #2031 ), #232, .T. ) ;
#1387 = CARTESIAN_POINT ( 'NONE',  ( -0.2736150093517000200, 16.56487409758000200, 6.736751137261000700 ) ) ;
#1388 = B_SPLINE_CURVE_WITH_KNOTS ( 'NONE', 3,
 ( #1049, #1647, #7, #1230 ),
 .UNSPECIFIED., .F., .F.,
 ( 4, 4 ),
 ( 0.0000000000000000000, 1.000000000000000000 ),
 .UNSPECIFIED. ) ;
#1389 = CARTESIAN_POINT ( 'NONE',  ( 2.127506986024996700, 14.74063519844784900, 10.14638192744631000 ) ) ;
#1390 = CIRCLE ( 'NONE', #1385, 0.5561016473534463600 ) ;
#1391 = CARTESIAN_POINT ( 'NONE',  ( -0.6500000068877807000, 18.84942286701073000, 7.601007926411998700 ) ) ;
#1392 = CARTESIAN_POINT ( 'NONE',  ( 1.877572290069999800, 17.24064133276999300, 6.736751149921000900 ) ) ;
#1393 = FACE_OUTER_BOUND ( 'NONE', #1982, .T. ) ;
#1394 = FILL_AREA_STYLE ('',( #176 ) ) ;
#1395 = CARTESIAN_POINT ( 'NONE',  ( 2.153705224120770800, 14.75300572428548100, 10.13285064933339900 ) ) ;
#1396 = CARTESIAN_POINT ( 'NONE',  ( -0.2514522975842762300, 19.56911718109357800, 6.500000016465919300 ) ) ;
#1397 = CARTESIAN_POINT ( 'NONE',  ( -0.4320293084331001700, 16.57884426629999900, 6.861126032036001000 ) ) ;
#1398 = CARTESIAN_POINT ( 'NONE',  ( -0.6996992551081417900, 17.32115507849060900, 6.900000000000002100 ) ) ;
#1399 = ORIENTED_EDGE ( 'NONE', *, *, #1203, .T. ) ;
#1400 = EDGE_CURVE ( 'NONE', #2429, #1135, #557, .T. ) ;
#1401 = CARTESIAN_POINT ( 'NONE',  ( -0.08310295950950936900, 18.96435572789522800, 6.500000051470419900 ) ) ;
#1402 = CARTESIAN_POINT ( 'NONE',  ( 0.6212201295618999800, 19.33349541187000400, 6.736751137261000700 ) ) ;
#1403 = CARTESIAN_POINT ( 'NONE',  ( 2.204870120647687900, 14.77640344775713100, 10.10268268907362100 ) ) ;
#1404 = CARTESIAN_POINT ( 'NONE',  ( 0.2976711110818630000, 19.48677074608239200, 6.500000051950484800 ) ) ;
#1405 = CARTESIAN_POINT ( 'NONE',  ( -1.795063771122711300, 19.51571999983670100, 6.849127379370469400 ) ) ;
#1406 = CARTESIAN_POINT ( 'NONE',  ( -0.6496273786353336000, 17.29020451611554800, 6.899999999999999500 ) ) ;
#1407 = CARTESIAN_POINT ( 'NONE',  ( 2.229846330251562800, 14.78743501313743100, 10.08604037530368200 ) ) ;
#1408 = CARTESIAN_POINT ( 'NONE',  ( 0.003146028976784289200, 16.05309588546646200, 8.794798435921176600 ) ) ;
#1409 = CARTESIAN_POINT ( 'NONE',  ( 0.5493327896432498300, 18.57130373058878800, 6.500000056682285500 ) ) ;
#1410 = CARTESIAN_POINT ( 'NONE',  ( 0.1866396994013000400, 19.52422917655999500, 6.612376242486998700 ) ) ;
#1411 = CARTESIAN_POINT ( 'NONE',  ( 2.278250992389296800, 14.80801546382933000, 10.04986248622798000 ) ) ;
#1412 = EDGE_CURVE ( 'NONE', #2105, #1638, #43, .T. ) ;
#1413 = CARTESIAN_POINT ( 'NONE',  ( -2.249562132193276800, 18.72850574657158200, 6.849127379370487200 ) ) ;
#1414 = CARTESIAN_POINT ( 'NONE',  ( 2.301688480948518300, 14.81756819103219100, 10.03032015734861000 ) ) ;
#1415 = CARTESIAN_POINT ( 'NONE',  ( -0.6235639336609128900, 17.27579650638565000, 6.899999999999999500 ) ) ;
#1416 = CARTESIAN_POINT ( 'NONE',  ( 2.346719149239547600, 14.83507041377093200, 9.988591066302014100 ) ) ;
#1417 = CARTESIAN_POINT ( 'NONE',  ( 0.04062710168205550800, 16.19805975092692000, 9.400501847494279400 ) ) ;
#1418 = CARTESIAN_POINT ( 'NONE',  ( 0.6540699412254763500, 17.78037982585403000, 6.500000060086922100 ) ) ;
#1419 = CARTESIAN_POINT ( 'NONE',  ( -0.1262787392952000000, 19.57729830809000400, 6.861126032036001000 ) ) ;
#1420 = CARTESIAN_POINT ( 'NONE',  ( 2.368320735114014300, 14.84302317655069800, 9.966396514316626200 ) ) ;
#1421 = DIRECTION ( 'NONE',  ( 0.4924038765058400000, -0.8528685319524637000, 0.1736481776675796200 ) ) ;
#1422 = DIRECTION ( 'NONE',  ( 0.0000000000000000000, -0.0000000000000000000, 1.000000000000000000 ) ) ;
#1423 = CARTESIAN_POINT ( 'NONE',  ( 2.409406431535568300, 14.85722524737181900, 9.919645336148317200 ) ) ;
#1424 = CARTESIAN_POINT ( 'NONE',  ( -0.5439672007014675300, 17.23671502307032500, 6.900000000000000400 ) ) ;
#1425 = CARTESIAN_POINT ( 'NONE',  ( 2.428898211804948900, 14.86347720660195300, 9.895079982632438500 ) ) ;
#1426 = CARTESIAN_POINT ( 'NONE',  ( 0.4121075315581622700, 16.48646936771517700, 9.763633114422404400 ) ) ;
#1427 = ORIENTED_EDGE ( 'NONE', *, *, #2425, .F. ) ;
#1428 = CARTESIAN_POINT ( 'NONE',  ( 1.972314720716044500, 14.32524308690398800, 8.546263855112213600 ) ) ;
#1429 = CARTESIAN_POINT ( 'NONE',  ( 0.7089870045658660500, 16.49558832467068100, 8.966577056626590500 ) ) ;
#1430 = ORIENTED_EDGE ( 'NONE', *, *, #958, .F. ) ;
#1431 = CARTESIAN_POINT ( 'NONE',  ( 2.465517979631836300, 14.87419904667401800, 9.843899511000104900 ) ) ;
#1432 = EDGE_CURVE ( 'NONE', #2105, #2335, #99, .T. ) ;
#1433 = ORIENTED_EDGE ( 'NONE', *, *, #1956, .T. ) ;
#1434 = CARTESIAN_POINT ( 'NONE',  ( 1.645577206271390700, 14.47291200874859600, 10.19747032988793100 ) ) ;
#1435 = CARTESIAN_POINT ( 'NONE',  ( 2.482652803225098300, 14.87867092902729400, 9.817274838712293700 ) ) ;
#1436 = ORIENTED_EDGE ( 'NONE', *, *, #1218, .F. ) ;
#1437 = CARTESIAN_POINT ( 'NONE',  ( -0.4890942272507808300, 17.21606302583551300, 6.899999999999997700 ) ) ;
#1438 = CARTESIAN_POINT ( 'NONE',  ( 2.514342312625319900, 14.88577658800514300, 9.762314029665931900 ) ) ;
#1439 = CARTESIAN_POINT ( 'NONE',  ( 2.023957088550931300, 14.34539032877492000, 8.498201424310007500 ) ) ;
#1440 = CARTESIAN_POINT ( 'NONE',  ( 1.551764766889065700, 14.10980210913133000, 8.680659720386094200 ) ) ;
#1441 = CARTESIAN_POINT ( 'NONE',  ( 1.268506650317999800, 16.61805006223000400, 6.612376248815998300 ) ) ;
#1442 = CARTESIAN_POINT ( 'NONE',  ( 2.528902914107955100, 14.88841169108680000, 9.733967633035062400 ) ) ;
#1443 = CARTESIAN_POINT ( 'NONE',  ( -2.134588546058663100, 19.30324172391451800, 6.500000037841974000 ) ) ;
#1444 = CARTESIAN_POINT ( 'NONE',  ( 1.234836580811213800, 14.16377852559236800, 9.843882146182066300 ) ) ;
#1445 = CARTESIAN_POINT ( 'NONE',  ( 2.555260349741416400, 14.89181107092277000, 9.675923376384751900 ) ) ;
#1446 = CARTESIAN_POINT ( 'NONE',  ( -0.3757579252694395200, 17.18548417807461700, 6.899999999999997700 ) ) ;
#1447 = CARTESIAN_POINT ( 'NONE',  ( 2.567062104196713900, 14.89257598226022100, 9.646214680887345200 ) ) ;
#1448 = CARTESIAN_POINT ( 'NONE',  ( 2.662817412746542700, 14.84418820169549700, 9.136455801221570600 ) ) ;
#1449 = CARTESIAN_POINT ( 'NONE',  ( 1.193857837004597100, 14.00501114263014700, 9.180877131875181600 ) ) ;
#1450 = FILL_AREA_STYLE_COLOUR ( '', #1608 ) ;
#1451 = CARTESIAN_POINT ( 'NONE',  ( 2.587753260132712900, 14.89222597963711100, 9.585822963816744000 ) ) ;
#1452 = CARTESIAN_POINT ( 'NONE',  ( -2.243681528372410300, 18.73025656875844500, 6.500000039186659300 ) ) ;
#1453 = CARTESIAN_POINT ( 'NONE',  ( -0.3166708088048256200, 17.17561623266440300, 6.899999999999996800 ) ) ;
#1454 = CARTESIAN_POINT ( 'NONE',  ( 1.170152815221686200, 14.01030635591188700, 9.273527487395421400 ) ) ;
#1455 = CARTESIAN_POINT ( 'NONE',  ( 2.596646524158672300, 14.89111100033939100, 9.555128668550441500 ) ) ;
#1456 = CARTESIAN_POINT ( 'NONE',  ( -0.1994443684975311900, 17.16817179514960800, 6.899999999999999500 ) ) ;
#1457 = ADVANCED_FACE ( 'NONE', ( #2398 ), #1502, .T. ) ;
#1458 = CARTESIAN_POINT ( 'NONE',  ( 2.113647242245543000, 14.74480219703605000, 10.20557341261207000 ) ) ;
#1459 = CARTESIAN_POINT ( 'NONE',  ( 1.200447209800381100, 14.12719889670301900, 9.762314029666500300 ) ) ;
#1460 = CARTESIAN_POINT ( 'NONE',  ( 1.866079343388999900, 17.31462457151999600, 6.488001347711999300 ) ) ;
#1461 = ORIENTED_EDGE ( 'NONE', *, *, #875, .T. ) ;
#1462 = CARTESIAN_POINT ( 'NONE',  ( 2.611409041527124900, 14.88701605320823200, 9.493155243475232700 ) ) ;
#1463 = CARTESIAN_POINT ( 'NONE',  ( -1.887213982156000100, 19.48158948336999400, 6.488001347711999300 ) ) ;
#1464 = CARTESIAN_POINT ( 'NONE',  ( 1.479873375798422200, 14.07975421809414800, 8.736362573526143600 ) ) ;
#1465 = CARTESIAN_POINT ( 'NONE',  ( 2.617281050679255200, 14.88403532094592100, 9.461864544707197000 ) ) ;
#1466 = ORIENTED_EDGE ( 'NONE', *, *, #2092, .T. ) ;
#1467 = CARTESIAN_POINT ( 'NONE',  ( -0.1409269855840668300, 17.17027935807443500, 6.900000000000002100 ) ) ;
#1468 = CARTESIAN_POINT ( 'NONE',  ( 1.812614660175405600, 14.58404915251776400, 10.26965929837059300 ) ) ;
#1469 = ORIENTED_EDGE ( 'NONE', *, *, #1259, .F. ) ;
#1470 = CARTESIAN_POINT ( 'NONE',  ( 1.568645112391233300, 14.42281695437761300, 10.17015743617293000 ) ) ;
#1471 = CARTESIAN_POINT ( 'NONE',  ( 0.2418477668908000100, 16.43913095821000100, 9.737506311687001300 ) ) ;
#1472 = CARTESIAN_POINT ( 'NONE',  ( 2.625927744317480900, 14.87624735224800400, 9.399095219722456200 ) ) ;
#1473 = EDGE_CURVE ( 'NONE', #1746, #2394, #919, .T. ) ;
#1474 = ORIENTED_EDGE ( 'NONE', *, *, #1956, .F. ) ;
#1475 = CARTESIAN_POINT ( 'NONE',  ( -2.224717263227000700, 18.68258141702000000, 6.488001347711999300 ) ) ;
#1476 = B_SPLINE_SURFACE_WITH_KNOTS ( 'NONE', 3, 3, ( 
 ( #2280, #209, #594, #1869, #749, #534, #1922, #1664, #601, #1252, #757, #1690, #2080, #57, #445, #1460, #617, #239, #1105, #909 ),
 ( #1441, #1717, #1298, #483, #1505, #276, #155, #72, #973, #1180, #1527, #861, #547, #1362, #357, #498, #865, #1617, #568, #724 ),
 ( #542, #175, #2174, #2019, #1808, #706, #2427, #1596, #990, #981, #2228, #128, #2445, #1027, #1392, #551, #2230, #1201, #2221, #147 ),
 ( #1195, #2241, #941, #1070, #1224, #35, #1084, #924, #2311, #768, #2099, #626, #218, #2109, #2203, #2289, #137, #1092, #16, #540 ) ),
 .UNSPECIFIED., .F., .F., .F.,
 ( 4, 4 ),
 ( 4, 1, 1, 1, 1, 1, 1, 1, 1, 1, 1, 1, 1, 1, 1, 1, 1, 4 ),
 ( 343.6197832617000400, 347.3510302948000100 ),
 ( 2.088187795290000500, 2.212117778619000500, 2.336047761948999700, 2.459977745278000100, 2.583907728607000900, 2.707837711937001000, 2.831767695265999600, 2.955697678596000100, 3.079627661925000000, 3.203557645255000500, 3.327487628584000000, 3.451417611912999600, 3.575347595242999600, 3.699277578572000500, 3.823207561902000500, 3.947137545231000900, 4.071067528560000400, 4.194997511889998700 ),
 .UNSPECIFIED. ) ;
#1477 = CARTESIAN_POINT ( 'NONE',  ( -0.05329076885778856500, 17.18194824638831300, 6.900000000000004800 ) ) ;
#1478 = CARTESIAN_POINT ( 'NONE',  ( 1.952328727286357000, 14.31381786561768100, 8.546246399884106300 ) ) ;
#1479 = CARTESIAN_POINT ( 'NONE',  ( 2.628704042935083000, 14.87143866198429300, 9.367604875969396600 ) ) ;
#1480 = CARTESIAN_POINT ( 'NONE',  ( -0.02396590996192360000, 17.18731094208274300, 6.899999999999999500 ) ) ;
#1481 = B_SPLINE_SURFACE_WITH_KNOTS ( 'NONE', 3, 1, ( 
 ( #2268, #1919 ),
 ( #1885, #1876 ),
 ( #1865, #1856 ),
 ( #1849, #1762 ),
 ( #1751, #1739 ),
 ( #1733, #1724 ),
 ( #1713, #1708 ),
 ( #1703, #1700 ) ),
 .UNSPECIFIED., .F., .F., .F.,
 ( 4, 1, 1, 1, 1, 4 ),
 ( 2, 2 ),
 ( 5.000000119209291300, 6.000000143051151400, 7.000000166893009600, 8.000000190734867900, 9.000000214576726200, 10.00000000000000000 ),
 ( 0.0000000000000000000, 22.02015755954503700 ),
 .UNSPECIFIED. ) ;
#1482 = CARTESIAN_POINT ( 'NONE',  ( 1.687117086242325300, 14.50959301517587500, 10.25983596089143500 ) ) ;
#1483 = B_SPLINE_CURVE_WITH_KNOTS ( 'NONE', 3,
 ( #1338, #2002, #2210, #1012, #700, #1881 ),
 .UNSPECIFIED., .F., .F.,
 ( 4, 2, 4 ),
 ( 0.0000000000000000000, 0.5000000000000000000, 1.000000000000000000 ),
 .UNSPECIFIED. ) ;
#1484 = CARTESIAN_POINT ( 'NONE',  ( 1.586084082079833600, 15.01201707018839600, 8.407339559664398700 ) ) ;
#1485 = CARTESIAN_POINT ( 'NONE',  ( 0.8074517337711001300, 15.83494471513000000, 9.957508505140001600 ) ) ;
#1486 =( GEOMETRIC_REPRESENTATION_CONTEXT ( 3 ) GLOBAL_UNCERTAINTY_ASSIGNED_CONTEXT ( ( #1732 ) ) GLOBAL_UNIT_ASSIGNED_CONTEXT ( ( #569, #1833, #725 ) ) REPRESENTATION_CONTEXT ( 'NONE', 'WORKASPACE' ) );
#1487 = CARTESIAN_POINT ( 'NONE',  ( 2.631125274852332800, 14.86005642128400200, 9.304835550982996800 ) ) ;
#1488 = CARTESIAN_POINT ( 'NONE',  ( 0.03349393937876950200, 17.20072263281976500, 6.900000000000000400 ) ) ;
#1489 = CARTESIAN_POINT ( 'NONE',  ( 1.344161883144223500, 16.61601745447936200, 6.849127379370536900 ) ) ;
#1490 = CARTESIAN_POINT ( 'NONE',  ( 2.630770660138208600, 14.85348074605462400, 9.273544852214318000 ) ) ;
#1491 = CARTESIAN_POINT ( 'NONE',  ( 0.06172938132032361500, 17.20877128532801600, 6.900000000000000400 ) ) ;
#1492 = CARTESIAN_POINT ( 'NONE',  ( 1.115330635210324500, 13.99082978448587300, 9.333324827121494100 ) ) ;
#1493 = CARTESIAN_POINT ( 'NONE',  ( 1.182801461824304100, 14.80315692902350100, 8.525093076208227300 ) ) ;
#1495 = EDGE_CURVE ( 'NONE', #2394, #1789, #517, .T. ) ;
#1494 = CARTESIAN_POINT ( 'NONE',  ( 0.6224054279233001100, 19.33531906302999900, 6.861126032036001000 ) ) ;
#1496 = CARTESIAN_POINT ( 'NONE',  ( 2.623454698080735200, 14.83038927520739300, 9.180877131873518900 ) ) ;
#1497 = B_SPLINE_SURFACE_WITH_KNOTS ( 'NONE', 3, 3, ( 
 ( #37, #2102, #1253, #243, #1463, #447, #1692, #619, #1903, #776, #2113, #933, #2321, #1094, #49, #1260, #252, #1475, #457, #1699 ),
 ( #627, #1914, #805, #2152, #967, #2360, #1127, #91, #1302, #295, #1529, #500, #1745, #660, #1957, #817, #2161, #974, #2372, #1134 ),
 ( #100, #1312, #307, #1539, #507, #1758, #667, #1965, #824, #2176, #982, #2384, #1145, #111, #1320, #316, #1552, #513, #1767, #675 ),
 ( #1977, #830, #2188, #994, #2393, #1151, #122, #1329, #325, #1562, #522, #1774, #680, #1988, #839, #2195, #1001, #2404, #1158, #130 ) ),
 .UNSPECIFIED., .F., .F., .F.,
 ( 4, 4 ),
 ( 4, 1, 1, 1, 1, 1, 1, 1, 1, 1, 1, 1, 1, 1, 1, 1, 1, 4 ),
 ( 343.6197832617000400, 347.3510302948000100 ),
 ( 5.229780448879999700, 5.353710432208999700, 5.477640415538001400, 5.601570398867999700, 5.725500382196999600, 5.849430365526999700, 5.973360348856000500, 6.097290332184999600, 6.221220315515000500, 6.345150298843999600, 6.469080282174000600, 6.593010265502999600, 6.716940248832999700, 6.840870232161999600, 6.964800215490999600, 7.088730198821000500, 7.212660182150001400, 7.336590165480000500 ),
 .UNSPECIFIED. ) ;
#1498 = CARTESIAN_POINT ( 'NONE',  ( 1.877370511217012900, 17.15845217281626100, 6.849127379370489900 ) ) ;
#1499 = CARTESIAN_POINT ( 'NONE',  ( 2.626935729697387400, 14.83864855742411100, 9.211571427139237000 ) ) ;
#1500 = VECTOR ( 'NONE', #452, 100.0000000000000100 ) ;
#1501 = CARTESIAN_POINT ( 'NONE',  ( 0.1449732917608436100, 17.23688854802640300, 6.899999999999999500 ) ) ;
#1502 = B_SPLINE_SURFACE_WITH_KNOTS ( 'NONE', 3, 3, ( 
 ( #723, #1194, #1428, #413, #1654, #593, #1868, #748, #2079, #908, #2288, #1069, #15, #1234, #217, #1440, #422, #1663, #600, #1880, #756, #2088, #914, #2298, #1075, #24, #1242, #226, #1449, #434, #1675, #607, #1891, #767, #2098, #923, #2310, #1083, #34, #1251, #238, #1459, #444, #1689, #616, #1900, #774, #2108, #929, #2318, #1091, #44, #1258, #249, #1470, #453, #1697, #625, #1910, #780, #2117, #940, #2325, #1098, #56, #1265 ),
 ( #257, #1484, #467, #1705, #632, #1921, #787, #2126, #947, #2336, #1104, #64, #1274, #268, #1493, #476, #1716, #637, #1927, #793, #2132, #953, #2346, #1113, #71, #1281, #275, #1504, #482, #1726, #645, #1935, #797, #2141, #957, #2353, #1118, #79, #1287, #283, #1516, #488, #1735, #651, #1944, #803, #2151, #965, #2358, #1124, #89, #1297, #292, #1526, #497, #1742, #657, #1954, #812, #2158, #972, #2368, #1132, #97, #1309, #301 ),
 ( #1535, #505, #1754, #666, #1963, #823, #2170, #979, #2378, #1142, #107, #1317, #313, #1548, #512, #1764, #673, #1973, #829, #2183, #989, #2391, #1150, #120, #1326, #322, #1559, #520, #1772, #679, #1984, #836, #2193, #999, #2401, #1156, #127, #1337, #331, #1566, #526, #1782, #685, #1994, #843, #2202, #1006, #2409, #1163, #136, #1347, #340, #1573, #533, #1791, #692, #2001, #847, #2209, #1011, #2418, #1172, #146, #1353, #349, #1584 ),
 ( #539, #1799, #699, #2007, #853, #2218, #1017, #2426, #1179, #154, #1361, #356, #1595, #546, #1807, #705, #2017, #860, #2227, #1022, #2435, #1185, #161, #1374, #1533, #1046, #2468, #1215, #189, #1408, #394, #1629, #579, #1850, #735, #2055, #897, #2270, #1054, #2477, #1222, #199, #1417, #403, #1641, #586, #1857, #741, #2063, #903, #2278, #1061, #3, #1229, #208, #1426, #412, #1653, #592, #1867, #747, #2078, #907, #2287, #1068, #13 ) ),
 .UNSPECIFIED., .F., .F., .F.,
 ( 4, 4 ),
 ( 4, 3, 2, 2, 2, 2, 2, 2, 2, 2, 2, 2, 2, 2, 2, 2, 2, 2, 2, 2, 2, 2, 2, 2, 2, 2, 2, 2, 2, 2, 3, 4 ),
 ( 2.998999999990650700, 26.99999999998999900 ),
 ( -0.03141594664544000700, -1.971521781682313800E-008, 0.04983215933280001800, 0.1624961717370000700, 0.2751601841420000500, 0.3878241965470001200, 0.5004882089509998800, 0.6131522213560000000, 0.7258162337600000400, 0.8384802461650001600, 0.9511442585700001800, 1.063808270973999800, 1.176472283379000000, 1.289136295782999700, 1.401800308187999700, 1.514464320593000000, 1.627128332996999900, 1.739792345401999900, 1.852456357806000000, 1.965120370210999800, 2.077784382616000500, 2.190448395019999300, 2.303112407425000000, 2.415776419828999300, 2.528440432233999500, 2.641104444639000200, 2.753768457042999900, 2.866432469447999200, 2.979096481851999800, 3.091760494256999600, 3.141592673307001000, 3.173008600237223300 ),
 .UNSPECIFIED. ) ;
#1503 = CARTESIAN_POINT ( 'NONE',  ( 1.913628050187709700, 14.28169182877374000, 8.498201424309989700 ) ) ;
#1504 = CARTESIAN_POINT ( 'NONE',  ( 0.8206094782732373800, 14.68698439451890200, 8.981561084396794600 ) ) ;
#1505 = CARTESIAN_POINT ( 'NONE',  ( 1.487992079714999900, 16.65637781538000100, 6.612376248815998300 ) ) ;
#1506 = ORIENTED_EDGE ( 'NONE', *, *, #1165, .T. ) ;
#1507 = CARTESIAN_POINT ( 'NONE',  ( 1.399345343335344000, 16.81700798910283000, 8.587613074806402100 ) ) ;
#1508 = AXIS2_PLACEMENT_3D ( 'NONE', #2167, #2156, #2149 ) ;
#1509 = ORIENTED_EDGE ( 'NONE', *, *, #822, .F. ) ;
#1510 = CARTESIAN_POINT ( 'NONE',  ( 2.606848921398853900, 14.80245704372047100, 9.090776719305381400 ) ) ;
#1511 = CARTESIAN_POINT ( 'NONE',  ( 0.7437962107625001300, 16.38973909323999600, 8.071573902698000700 ) ) ;
#1512 = VERTEX_POINT ( 'NONE', #1257 ) ;
#1513 = CARTESIAN_POINT ( 'NONE',  ( 1.377783817278999800, 15.22417532996000000, 10.13177052561999900 ) ) ;
#1514 = B_SPLINE_SURFACE_WITH_KNOTS ( 'NONE', 3, 3, ( 
 ( #956, #1178, #1594, #545, #1806, #704, #2016, #859, #2226, #1021, #2434, #1184, #160, #1373 ),
 ( #361, #1602, #554, #1815, #711, #2026, #869, #2236, #1026, #2443, #1192, #166, #1380, #369 ),
 ( #1607, #559, #1824, #718, #2030, #874, #2247, #1030, #2449, #1198, #170, #1387, #375, #1615 ),
 ( #566, #1829, #722, #2038, #880, #2251, #1038, #2455, #1204, #181, #1397, #382, #1622, #572 ) ),
 .UNSPECIFIED., .F., .F., .F.,
 ( 4, 4 ),
 ( 4, 1, 1, 1, 1, 1, 1, 1, 1, 1, 1, 4 ),
 ( 859.2294379385001500, 862.9606847816998000 ),
 ( 0.9905730052279999600, 1.096068154604000100, 1.201563303979999800, 1.307058453356000100, 1.412553602730999900, 1.518048752106999900, 1.623543901483000200, 1.729039050858999900, 1.834534200233999700, 1.940029349609999800, 2.045524498986000400, 2.151019648362000300 ),
 .UNSPECIFIED. ) ;
#1515 = CARTESIAN_POINT ( 'NONE',  ( -0.1777940012210000300, 16.58209741951999700, 6.889247048010001400 ) ) ;
#1516 = CARTESIAN_POINT ( 'NONE',  ( 0.7969453281820980700, 14.79822985197260700, 9.595043302629472100 ) ) ;
#1517 = CARTESIAN_POINT ( 'NONE',  ( 1.063013297072999700, 18.88395898100000300, 6.488001347711999300 ) ) ;
#1518 = ORIENTED_EDGE ( 'NONE', *, *, #1004, .F. ) ;
#1519 = CARTESIAN_POINT ( 'NONE',  ( 2.613412231276043900, 14.81229520722112100, 9.120485414803452400 ) ) ;
#1520 = CARTESIAN_POINT ( 'NONE',  ( -0.6500000000001002800, 18.84942286340169600, 6.500000048434744200 ) ) ;
#1521 = CARTESIAN_POINT ( 'NONE',  ( 2.590726254287827300, 14.78133052480023200, 9.032732462653733300 ) ) ;
#1522 = CARTESIAN_POINT ( 'NONE',  ( -0.4334939474687394800, 18.93927737621196200, 6.900000000000002100 ) ) ;
#1523 = B_SPLINE_CURVE_WITH_KNOTS ( 'NONE', 3,
 ( #1710, #278, #653, #1949, #806, #2153, #968, #2361, #1128, #92 ),
 .UNSPECIFIED., .F., .F.,
 ( 4, 1, 1, 1, 1, 1, 1, 4 ),
 ( 0.0000000000000000000, 0.1382689154433677000, 0.2829613492680942400, 0.4276537830928206500, 0.5723462169169174500, 0.7170386507416439700, 0.8617310845663704900, 1.000000000000000000 ),
 .UNSPECIFIED. ) ;
#1524 =( NAMED_UNIT ( * ) PLANE_ANGLE_UNIT ( ) SI_UNIT ( $, .RADIAN. ) );
#1525 = CARTESIAN_POINT ( 'NONE',  ( 0.3224896499901001000, 16.58152974739999800, 6.860127676783999800 ) ) ;
#1526 = CARTESIAN_POINT ( 'NONE',  ( 1.125621488928881800, 15.07196067635512000, 10.00745759704834400 ) ) ;
#1527 = CARTESIAN_POINT ( 'NONE',  ( 1.812576352598999700, 16.95119222114999900, 6.612376248815998300 ) ) ;
#1528 = CARTESIAN_POINT ( 'NONE',  ( 2.581163887336988400, 14.77003822556394200, 9.004386066023123200 ) ) ;
#1529 = CARTESIAN_POINT ( 'NONE',  ( -2.212576352599000100, 19.18880777885000200, 6.612376248815998300 ) ) ;
#1530 = DIRECTION ( 'NONE',  ( -0.8660254037844218300, -0.5000000000000290900, 1.438457616981272400E-015 ) ) ;
#1531 = CARTESIAN_POINT ( 'NONE',  ( 2.559165451453173600, 14.74614713487956800, 8.949425256977802300 ) ) ;
#1532 = CARTESIAN_POINT ( 'NONE',  ( 0.3704078718168365400, 18.76673583516625100, 6.900000000000003000 ) ) ;
#1533 = CARTESIAN_POINT ( 'NONE',  ( 0.08545024051049861200, 16.05843029779531500, 8.587613074805142700 ) ) ;
#1534 = CARTESIAN_POINT ( 'NONE',  ( 1.320128265794099800, 16.66572478944169700, 6.899997398026101800 ) ) ;
#1535 = CARTESIAN_POINT ( 'NONE',  ( 1.199853443443336300, 15.69879105346973500, 8.268415264216548300 ) ) ;
#1537 = EDGE_CURVE ( 'NONE', #639, #1746, #1976, .T. ) ;
#1536 = CARTESIAN_POINT ( 'NONE',  ( 1.115471856001000000, 18.79227907203999600, 6.488001347711999300 ) ) ;
#1538 = CARTESIAN_POINT ( 'NONE',  ( 2.546725275936700900, 14.73354388353447900, 8.922800584690511600 ) ) ;
#1539 = CARTESIAN_POINT ( 'NONE',  ( -1.817187235267000000, 19.50808214738999900, 6.736751149921000900 ) ) ;
#1540 = VERTEX_POINT ( 'NONE', #928 ) ;
#1541 = CARTESIAN_POINT ( 'NONE',  ( -1.969635787223999600, 18.22789285521000100, 6.889247048010001400 ) ) ;
#1542 = CARTESIAN_POINT ( 'NONE',  ( 2.519130006144600900, 14.70719115435187900, 8.871620113059213600 ) ) ;
#1543 = CARTESIAN_POINT ( 'NONE',  ( 0.7015391684096931000, 18.07057045065361200, 6.900000000000003000 ) ) ;
#1544 = CARTESIAN_POINT ( 'NONE',  ( 0.7827874351093129200, 16.36776214422056300, 8.129490557117543800 ) ) ;
#1545 = CARTESIAN_POINT ( 'NONE',  ( 1.373696572683951000, 15.34427723990538400, 8.337877324544457700 ) ) ;
#1546 = AXIS2_PLACEMENT_3D ( 'NONE', #2344, #2466, #2333 ) ;
#1547 = VERTEX_POINT ( 'NONE', #624 ) ;
#1548 = CARTESIAN_POINT ( 'NONE',  ( 0.8400268436819464700, 15.50887790700387800, 8.356000785540819800 ) ) ;
#1549 = CARTESIAN_POINT ( 'NONE',  ( 0.8645386227091002000, 19.13041941528000200, 6.488001347711999300 ) ) ;
#1550 = CARTESIAN_POINT ( 'NONE',  ( 2.503969760490927700, 14.69343675708895300, 8.847054759543041800 ) ) ;
#1551 = VECTOR ( 'NONE', #523, 100.0000000000000100 ) ;
#1552 = CARTESIAN_POINT ( 'NONE',  ( -2.254009290001000000, 18.75148415472000000, 6.736751149921000900 ) ) ;
#1553 = CARTESIAN_POINT ( 'NONE',  ( -1.750297876515000600, 17.77825418380000100, 6.860127676785998200 ) ) ;
#1554 = ORIENTED_EDGE ( 'NONE', *, *, #862, .F. ) ;
#1555 = CARTESIAN_POINT ( 'NONE',  ( 2.471127558160051600, 14.66495653566624400, 8.800303581374045300 ) ) ;
#1556 = CARTESIAN_POINT ( 'NONE',  ( 0.3492811507884586700, 17.35482349492413700, 6.900000000000000400 ) ) ;
#1557 = EDGE_CURVE ( 'NONE', #1789, #639, #2456, .T. ) ;
#1558 = CARTESIAN_POINT ( 'NONE',  ( 2.415717526578091200, 14.62006409046123200, 8.736362573526134800 ) ) ;
#1559 = CARTESIAN_POINT ( 'NONE',  ( 0.4384717180609841200, 15.37007256036526400, 8.812928058493970000 ) ) ;
#1560 = CARTESIAN_POINT ( 'NONE',  ( 0.9702820836359999900, 19.01242859901000100, 6.488001347711999300 ) ) ;
#1561 = CARTESIAN_POINT ( 'NONE',  ( 2.453439470625513200, 14.65022539492711000, 8.778109029389206300 ) ) ;
#1562 = CARTESIAN_POINT ( 'NONE',  ( -2.178831988211000300, 19.25594416861000400, 6.861126051024999800 ) ) ;
#1563 = CARTESIAN_POINT ( 'NONE',  ( 2.415766766966462400, 14.61997880360679000, 8.736379938344155600 ) ) ;
#1564 = CARTESIAN_POINT ( 'NONE',  ( 1.663721233992039300, 16.76459493299617200, 6.500000069767029500 ) ) ;
#1565 = CARTESIAN_POINT ( 'NONE',  ( 2.630721419749838300, 14.85356603290906300, 9.273527487396297200 ) ) ;
#1566 = CARTESIAN_POINT ( 'NONE',  ( 0.3868831464039473900, 15.45942658757103200, 9.398074715573550000 ) ) ;
#1567 = CARTESIAN_POINT ( 'NONE',  ( 2.395775118253612700, 14.60445770671382000, 8.716837609465086300 ) ) ;
#1568 =( NAMED_UNIT ( * ) PLANE_ANGLE_UNIT ( ) SI_UNIT ( $, .RADIAN. ) );
#1569 = CARTESIAN_POINT ( 'NONE',  ( 1.377346907451576100, 16.79311689841520700, 8.532652265760324500 ) ) ;
#1570 = CARTESIAN_POINT ( 'NONE',  ( 1.871423751250247200, 17.26039284166346700, 6.500000069290662100 ) ) ;
#1571 = CARTESIAN_POINT ( 'NONE',  ( 2.465468739243465500, 14.87428433352846100, 9.843882146182084000 ) ) ;
#1572 = CIRCLE ( 'NONE', #1508, 0.9000000000000729600 ) ;
#1573 = CARTESIAN_POINT ( 'NONE',  ( 0.7078696655820215800, 15.73778085405874100, 9.855001988525423000 ) ) ;
#1575 = EDGE_CURVE ( 'NONE', #2394, #1746, #1306, .T. ) ;
#1574 = CARTESIAN_POINT ( 'NONE',  ( 0.6780164648779227800, 17.67880921995598000, 8.702015816285095800 ) ) ;
#1576 = FACE_OUTER_BOUND ( 'NONE', #2107, .T. ) ;
#1577 = DIRECTION ( 'NONE',  ( -0.0005986443166796473000, 0.01744213620751867300, -0.9998476951563674000 ) ) ;
#1578 = VERTEX_POINT ( 'NONE', #2317 ) ;
#1579 = CARTESIAN_POINT ( 'NONE',  ( 1.786351596457000500, 17.46107226424999900, 6.899230593224002600 ) ) ;
#1580 = CARTESIAN_POINT ( 'NONE',  ( 2.353749594063206300, 14.57282826498432000, 8.680659720386209700 ) ) ;
#1581 = CARTESIAN_POINT ( 'NONE',  ( -0.7006676710526662500, 16.64267267217007500, 6.849127378789013700 ) ) ;
#1582 = ORIENTED_EDGE ( 'NONE', *, *, #490, .T. ) ;
#1583 = CARTESIAN_POINT ( 'NONE',  ( 1.992380976936039900, 14.67313925909513900, 10.19747032988802200 ) ) ;
#1584 = CARTESIAN_POINT ( 'NONE',  ( 1.052252574815861500, 15.95444325717547300, 9.942587509849367700 ) ) ;
#1585 = ORIENTED_EDGE ( 'NONE', *, *, #343, .T. ) ;
#1586 = ORIENTED_EDGE ( 'NONE', *, *, #893, .F. ) ;
#1587 = CARTESIAN_POINT ( 'NONE',  ( -0.7951472699046613400, 16.69267402185170500, 6.500000055106343500 ) ) ;
#1588 = CARTESIAN_POINT ( 'NONE',  ( 0.9779152257219999600, 15.93994036156000100, 9.989818654731001500 ) ) ;
#1589 = CARTESIAN_POINT ( 'NONE',  ( 1.576791607889999700, 17.91591745579000200, 6.880997255274000000 ) ) ;
#1590 = CARTESIAN_POINT ( 'NONE',  ( 2.331707873398969800, 14.55671401566696400, 8.664017406613961500 ) ) ;
#1591 = CARTESIAN_POINT ( 'NONE',  ( 1.292893775394148700, 16.61832321747077800, 6.616375798129515900 ) ) ;
#1592 = EDGE_CURVE ( 'NONE', #639, #1789, #1328, .T. ) ;
#1593 = CARTESIAN_POINT ( 'NONE',  ( 2.285862402221128700, 14.52410277722968100, 8.633849446353002200 ) ) ;
#1594 = CARTESIAN_POINT ( 'NONE',  ( -1.463013297072999700, 17.25604101900000100, 6.488001347711999300 ) ) ;
#1595 = CARTESIAN_POINT ( 'NONE',  ( 0.4722855671102085300, 16.20357168735326800, 8.203545177021716500 ) ) ;
#1596 = CARTESIAN_POINT ( 'NONE',  ( 1.679469930103999900, 16.77165218031999700, 6.736751149921000900 ) ) ;
#1597 = CARTESIAN_POINT ( 'NONE',  ( -0.1484083493176747700, 16.56682261883283400, 6.732751589630373300 ) ) ;
#1598 = CARTESIAN_POINT ( 'NONE',  ( 1.350890951736300100, 18.36206161520670200, 6.852446001640701400 ) ) ;
#1599 = CARTESIAN_POINT ( 'NONE',  ( 2.262050093540835900, 14.50759970042397000, 8.620318168240530100 ) ) ;
#1600 = CARTESIAN_POINT ( 'NONE',  ( -0.2228371383660000800, 19.57629150075670000, 6.852446001638699400 ) ) ;
#1601 = CARTESIAN_POINT ( 'NONE',  ( 2.212965984747583500, 14.47442016788489000, 8.596542659516559900 ) ) ;
#1602 = CARTESIAN_POINT ( 'NONE',  ( -1.517376023461000100, 17.34667541696000000, 6.612376242486998700 ) ) ;
#1603 = CARTESIAN_POINT ( 'NONE',  ( 0.2499999999999996100, 17.29057713658979600, 6.500000059351373600 ) ) ;
#1604 = CARTESIAN_POINT ( 'NONE',  ( -1.516006813851000100, 17.33657772413000200, 6.861126031966000100 ) ) ;
#1605 = CARTESIAN_POINT ( 'NONE',  ( 1.364906731934955000, 16.78051364706996300, 8.506027593472737200 ) ) ;
#1606 = CARTESIAN_POINT ( 'NONE',  ( -1.220584076348700100, 19.49525254011669500, 6.900036467719999700 ) ) ;
#1607 = CARTESIAN_POINT ( 'NONE',  ( -1.543091859837999900, 17.39285979807000300, 6.736751137261000700 ) ) ;
#1608 = COLOUR_RGB ( '',1.000000000000000000, 1.000000000000000000, 1.000000000000000000 ) ;
#1609 = B_SPLINE_CURVE_WITH_KNOTS ( 'NONE', 3,
 ( #694, #1365, #1597, #550 ),
 .UNSPECIFIED., .F., .F.,
 ( 4, 4 ),
 ( -65.93143750158999700, -64.93143750158999700 ),
 .UNSPECIFIED. ) ;
#1610 = DIRECTION ( 'NONE',  ( 8.592823452948851800E-016, -3.206885370684781300E-015, -1.000000000000000000 ) ) ;
#1611 = ORIENTED_EDGE ( 'NONE', *, *, #1473, .F. ) ;
#1612 = CARTESIAN_POINT ( 'NONE',  ( 2.187685021576668100, 14.45773751808494500, 8.586293990049354000 ) ) ;
#1613 = CARTESIAN_POINT ( 'NONE',  ( -1.721232676603000400, 19.50645338911999700, 6.889247048010001400 ) ) ;
#1614 = ORIENTED_EDGE ( 'NONE', *, *, #958, .T. ) ;
#1615 = CARTESIAN_POINT ( 'NONE',  ( -0.1148746868720000200, 16.56827822880000100, 6.736751137261000700 ) ) ;
#1616 = DIRECTION ( 'NONE',  ( -6.255795667785007800E-009, 3.277937755967896800E-009, 1.000000000000000000 ) ) ;
#1617 = CARTESIAN_POINT ( 'NONE',  ( 1.826716970811000500, 17.45827793142999700, 6.612376248815998300 ) ) ;
#1618 = SURFACE_STYLE_USAGE ( .BOTH. , #379 ) ;
#1619 = CARTESIAN_POINT ( 'NONE',  ( 2.135984650475537500, 14.42441040037177800, 8.569212400985000100 ) ) ;
#1620 = ADVANCED_FACE ( 'NONE', ( #1393 ), #2424, .F. ) ;
#1621 = EDGE_CURVE ( 'NONE', #1540, #2436, #1816, .T. ) ;
#1622 = CARTESIAN_POINT ( 'NONE',  ( -0.1676361630926000400, 16.56311298002999500, 6.861126032036001000 ) ) ;
#1623 = CARTESIAN_POINT ( 'NONE',  ( 0.08937265898483645600, 18.92384353270123800, 6.500000052658299100 ) ) ;
#1624 = CARTESIAN_POINT ( 'NONE',  ( 0.8676204975457003600, 19.13348936487000200, 6.736751137261000700 ) ) ;
#1625 = CARTESIAN_POINT ( 'NONE',  ( 2.109555592685568900, 14.40775971099869100, 8.562376288385671300 ) ) ;
#1626 = CARTESIAN_POINT ( 'NONE',  ( 0.09696400017739292800, 19.54194440054389000, 6.500000050540043300 ) ) ;
#1627 = CARTESIAN_POINT ( 'NONE',  ( -1.940389688429649700, 19.46595299037206700, 6.849127379370470300 ) ) ;
#1628 = VECTOR ( 'NONE', #2013, 100.0000000000000000 ) ;
#1629 = CARTESIAN_POINT ( 'NONE',  ( -0.01748849754381325000, 16.06017156486044000, 8.888062559765440800 ) ) ;
#1630 = CARTESIAN_POINT ( 'NONE',  ( 0.6069403897985581300, 18.46891179162617600, 6.500000057390186800 ) ) ;
#1631 = CARTESIAN_POINT ( 'NONE',  ( 0.3376199142667000700, 19.47543145845999700, 6.612376242486998700 ) ) ;
#1632 = CLOSED_SHELL ( 'NONE', ( #1090, #376, #1457, #2248, #180, #577, #247, #934 ) ) ;
#1633 = CARTESIAN_POINT ( 'NONE',  ( 2.055894502741201000, 14.37470758719524300, 8.552205219360276400 ) ) ;
#1634 = EDGE_CURVE ( 'NONE', #1540, #937, #884, .T. ) ;
#1635 = EDGE_LOOP ( 'NONE', ( #2405, #2264, #738, #1300 ) ) ;
#1636 = CARTESIAN_POINT ( 'NONE',  ( -2.207222042535696500, 18.63513598289894400, 6.849127380969642700 ) ) ;
#1637 = CARTESIAN_POINT ( 'NONE',  ( 2.028652457099664500, 14.35829997482833400, 8.548868314812661900 ) ) ;
#1638 = VERTEX_POINT ( 'NONE', #1016 ) ;
#1639 = DIRECTION ( 'NONE',  ( -0.9994115292233503000, -0.03430153430160674100, -0.0000000000000000000 ) ) ;
#1640 = CARTESIAN_POINT ( 'NONE',  ( 1.989031255314039500, 14.33496486586238200, 8.546610031542009300 ) ) ;
#1641 = CARTESIAN_POINT ( 'NONE',  ( 0.08066254699079993000, 16.23701573145155300, 9.478306991413200300 ) ) ;
#1642 = ORIENTED_EDGE ( 'NONE', *, *, #81, .T. ) ;
#1643 = CARTESIAN_POINT ( 'NONE',  ( 0.5946021883587691000, 17.64644987131630300, 6.500000060195215900 ) ) ;
#1644 = CARTESIAN_POINT ( 'NONE',  ( 0.7510708660633003100, 19.24168563504000000, 6.861126032036001000 ) ) ;
#1645 = CARTESIAN_POINT ( 'NONE',  ( 1.976834026360665000, 14.32785229083106900, 8.546263764702176900 ) ) ;
#1646 = ORIENTED_EDGE ( 'NONE', *, *, #1327, .F. ) ;
#1647 = CARTESIAN_POINT ( 'NONE',  ( -1.692893784930448800, 19.52167705878020600, 6.616375793304945900 ) ) ;
#1648 = PRODUCT ( 'Верхний патрубок 1', 'Верхний патрубок 1', '', ( #1041 ) ) ;
#1649 = DIRECTION ( 'NONE',  ( -0.5000000000009287000, -0.8660254037839024700, 0.0000000000000000000 ) ) ;
#1650 = CARTESIAN_POINT ( 'NONE',  ( 1.964606139574105000, 14.32079252839282000, 8.546263820153480900 ) ) ;
#1651 = CARTESIAN_POINT ( 'NONE',  ( 0.2499999974976816500, 17.29057713790097100, 6.900000000000000400 ) ) ;
#1652 = CARTESIAN_POINT ( 'NONE',  ( 1.956897257379034900, 14.31634181029969400, 8.546263855111899200 ) ) ;
#1653 = CARTESIAN_POINT ( 'NONE',  ( 0.4902369604496174000, 16.53644717480487000, 9.787550816086222100 ) ) ;
#1654 = CARTESIAN_POINT ( 'NONE',  ( 1.952377967675756200, 14.31373257876145500, 8.546263764702489500 ) ) ;
#1655 = DIRECTION ( 'NONE',  ( 0.8660254037852439500, 0.4999999999986052800, 0.0000000000000000000 ) ) ;
#1656 = CARTESIAN_POINT ( 'NONE',  ( 1.949188375183964700, 14.31189109220656700, 8.546263890070317600 ) ) ;
#1657 = CARTESIAN_POINT ( 'NONE',  ( -1.743927259077164800, 19.51789206435018900, 6.500000039459654200 ) ) ;
#1658 = CARTESIAN_POINT ( 'NONE',  ( 1.568595872001833400, 14.42290224123384100, 10.17014007135454900 ) ) ;
#1659 = CARTESIAN_POINT ( 'NONE',  ( 1.941479492988894600, 14.30744037411343900, 8.546263925028736000 ) ) ;
#1660 = CARTESIAN_POINT ( 'NONE',  ( 0.1985396605587070300, 17.26087329453864400, 6.900000000000003000 ) ) ;
#1661 = CARTESIAN_POINT ( 'NONE',  ( 1.399939109694110500, 15.24541583233747000, 10.08151184025753200 ) ) ;
#1662 = CARTESIAN_POINT ( 'NONE',  ( 1.968897956180872600, 14.31335854345741200, 8.497006067685298100 ) ) ;
#1663 = CARTESIAN_POINT ( 'NONE',  ( 1.479922616187821600, 14.07966893123792000, 8.736379938344523300 ) ) ;
#1664 = CARTESIAN_POINT ( 'NONE',  ( 1.676543162092000400, 16.77487448847000500, 6.488001347711999300 ) ) ;
#1665 = CARTESIAN_POINT ( 'NONE',  ( 1.407647985724715700, 15.24986656110651000, 10.08151187521577100 ) ) ;
#1666 = CARTESIAN_POINT ( 'NONE',  ( -2.179312732926862700, 19.24175925783780300, 6.500000037786020500 ) ) ;
#1667 = CARTESIAN_POINT ( 'NONE',  ( -0.1500534790872545800, 16.61475521695192400, 6.900000000000000400 ) ) ;
#1668 = CARTESIAN_POINT ( 'NONE',  ( 1.200397969410981900, 14.12728418355924400, 9.762296664848118900 ) ) ;
#1669 = CARTESIAN_POINT ( 'NONE',  ( 1.415356861755320700, 15.25431728987555000, 10.08151191017401000 ) ) ;
#1670 = FACE_BOUND ( 'NONE', #2173, .T. ) ;
#1671 = SURFACE_STYLE_USAGE ( .BOTH. , #2380 ) ;
#1672 = CARTESIAN_POINT ( 'NONE',  ( 1.423065737785925700, 15.25876801864459000, 10.08151194513224900 ) ) ;
#1673 = CARTESIAN_POINT ( 'NONE',  ( 2.674999715392543100, 14.89130514777549900, 9.333324827121570500 ) ) ;
#1674 = SURFACE_STYLE_FILL_AREA ( #2066 ) ;
#1675 = CARTESIAN_POINT ( 'NONE',  ( 1.170202055611086100, 14.01022106905565900, 9.273544852213801100 ) ) ;
#1676 = CARTESIAN_POINT ( 'NONE',  ( 1.217131759023999600, 15.12535809654999900, 10.10198378895999800 ) ) ;
#1677 = ORIENTED_EDGE ( 'NONE', *, *, #1928, .F. ) ;
#1678 = CARTESIAN_POINT ( 'NONE',  ( 1.435293614794119500, 15.26582779801691300, 10.08151200058327000 ) ) ;
#1679 = CARTESIAN_POINT ( 'NONE',  ( -2.201842984455587800, 18.63800020846039400, 6.500000014917568500 ) ) ;
#1680 = ADVANCED_FACE ( 'NONE', ( #306 ), #1514, .F. ) ;
#1681 = ORIENTED_EDGE ( 'NONE', *, *, #1093, .F. ) ;
#1682 = CARTESIAN_POINT ( 'NONE',  ( 1.193808596615197400, 14.00509642948637500, 9.180859767056798400 ) ) ;
#1683 = VECTOR ( 'NONE', #312, 100.0000000000000100 ) ;
#1684 = CARTESIAN_POINT ( 'NONE',  ( 1.447551899933387000, 15.27283462063006100, 10.08116573374293000 ) ) ;
#1685 = EDGE_LOOP ( 'NONE', ( #2040, #1461, #1872, #2342 ) ) ;
#1686 = ORIENTED_EDGE ( 'NONE', *, *, #1702, .F. ) ;
#1687 = DIRECTION ( 'NONE',  ( 0.9994115292234103700, 0.03430153429986015200, -0.0000000000000000000 ) ) ;
#1688 = CARTESIAN_POINT ( 'NONE',  ( 1.939844353549542700, 14.65550517098549200, 10.25983596089151100 ) ) ;
#1689 = CARTESIAN_POINT ( 'NONE',  ( 1.234885821200613300, 14.16369323873614100, 9.843899511000445900 ) ) ;
#1690 = CARTESIAN_POINT ( 'NONE',  ( 1.839606802514000000, 17.02076717525000000, 6.488001347711999300 ) ) ;
#1691 = CARTESIAN_POINT ( 'NONE',  ( 1.487571297989560600, 15.29548003342045300, 10.07890745047086700 ) ) ;
#1692 = CARTESIAN_POINT ( 'NONE',  ( -2.018419087379999900, 19.41168835340000200, 6.488001347711999300 ) ) ;
#1693 = CARTESIAN_POINT ( 'NONE',  ( 1.551715526499666000, 14.10988739598755600, 8.680642355567712800 ) ) ;
#1694 = CARTESIAN_POINT ( 'NONE',  ( 1.515401729934933800, 15.31086853081244000, 10.07557054592266300 ) ) ;
#1695 =( LENGTH_UNIT ( ) NAMED_UNIT ( * ) SI_UNIT ( .CENTI., .METRE. ) );
#1696 = B_SPLINE_CURVE_WITH_KNOTS ( 'NONE', 3,
 ( #1651, #1660, #1501, #1491, #1488, #1480, #1477, #1467, #1456, #1453, #1446, #1437, #1424, #1415, #1406, #1398, #1354, #1316, #1307, #1294, #1285, #1279, #1272, #1268, #1263, #1256, #1249, #1247, #1240, #1233, #1228, #1221, #1214, #1148, #1144, #1139, #1130, #1122, #1116, #1111, #1108, #1102, #1096, #1089, #1081, #1078 ),
 .UNSPECIFIED., .F., .F.,
 ( 4, 2, 2, 2, 2, 2, 2, 2, 2, 2, 2, 2, 2, 2, 2, 2, 2, 2, 2, 2, 2, 2, 4 ),
 ( -0.01686685838094002800, -0.01511002976150191600, -0.01423161545178284500, -0.01335320114206377600, -0.01159637252262563800, -0.009839543903187496200, -0.008082715283749359800, -0.007204300974030308100, -0.006325886664311258100, -0.005447472354592208100, -0.004569058044873158100, -0.002812229425435058100, -0.001055400805996958200, -0.0001769864962779081600, 0.0007014278134411418300, 0.002458256432879325100, 0.003336670742598416700, 0.004215085052317504900, 0.005971913671755604800, 0.007728742291193704800, 0.008607156600912761700, 0.009485570910631815200, 0.01124239953006986300 ),
 .UNSPECIFIED. ) ;
#1697 = CARTESIAN_POINT ( 'NONE',  ( 1.645626446660789900, 14.47282672189237100, 10.19748769470631300 ) ) ;
#1698 = CARTESIAN_POINT ( 'NONE',  ( 1.570856253773099000, 15.34081433599758000, 10.06539947689731200 ) ) ;
#1699 = CARTESIAN_POINT ( 'NONE',  ( -2.189805513531999800, 18.61688623138000100, 6.488001347711999300 ) ) ;
#1700 = CARTESIAN_POINT ( 'NONE',  ( 0.2499999862246387300, 17.29057714380786900, 8.702015815305877300 ) ) ;
#1701 = CARTESIAN_POINT ( 'NONE',  ( 1.598490702658635700, 15.35537722675623400, 10.05856336429856800 ) ) ;
#1702 = EDGE_CURVE ( 'NONE', #194, #1918, #2306, .T. ) ;
#1703 = CARTESIAN_POINT ( 'NONE',  ( 0.2499999999999995800, 17.29057713658979600, 6.500000059351373600 ) ) ;
#1704 = CARTESIAN_POINT ( 'NONE',  ( 1.522882148850268800, 14.40372381133643000, 10.20557341261199500 ) ) ;
#1705 = CARTESIAN_POINT ( 'NONE',  ( 1.570666330017588900, 15.00311561264905100, 8.407339489747583300 ) ) ;
#1706 = FACE_OUTER_BOUND ( 'NONE', #2139, .T. ) ;
#1707 = CARTESIAN_POINT ( 'NONE',  ( 1.653203018785129000, 15.38348750265937400, 10.04148177523620000 ) ) ;
#1708 = CARTESIAN_POINT ( 'NONE',  ( 0.08691895012421589600, 17.19644380073555500, 8.702015814635766200 ) ) ;
#1709 = FACE_OUTER_BOUND ( 'NONE', #2267, .T. ) ;
#1710 = CARTESIAN_POINT ( 'NONE',  ( 1.129378760637001400, 18.77786381485215000, 6.849127380276180500 ) ) ;
#1711 = CARTESIAN_POINT ( 'NONE',  ( 1.680291098898623000, 15.39704013409764200, 10.03123310577037800 ) ) ;
#1712 = ORIENTED_EDGE ( 'NONE', *, *, #1400, .F. ) ;
#1713 = CARTESIAN_POINT ( 'NONE',  ( 0.08691896389957659600, 17.19644379351748900, 6.500000058681261600 ) ) ;
#1714 = CARTESIAN_POINT ( 'NONE',  ( 1.162226258788302100, 13.97782149501586900, 9.136455801221492500 ) ) ;
#1715 = ORIENTED_EDGE ( 'NONE', *, *, #1318, .T. ) ;
#1716 = CARTESIAN_POINT ( 'NONE',  ( 1.109420590079876800, 14.77154491294967200, 8.577913279059400200 ) ) ;
#1717 = CARTESIAN_POINT ( 'NONE',  ( 1.293373198903000200, 16.61789570595000900, 6.612376248815998300 ) ) ;
#1718 = CARTESIAN_POINT ( 'NONE',  ( 1.733567471358591600, 15.42295845296532900, 10.00745759704804300 ) ) ;
#1719 = EDGE_LOOP ( 'NONE', ( #2075, #1339, #889, #2059 ) ) ;
#1720 = CARTESIAN_POINT ( 'NONE',  ( 1.873492366473826600, 17.31201433438069900, 6.849127379370481900 ) ) ;
#1721 = VERTEX_POINT ( 'NONE', #1043 ) ;
#1722 = CARTESIAN_POINT ( 'NONE',  ( 1.759765709452894000, 15.43532897880230200, 9.993926318935882200 ) ) ;
#1723 = CARTESIAN_POINT ( 'NONE',  ( 2.118030916189999900, 14.34687699126999900, 8.515164517690003300 ) ) ;
#1724 = CARTESIAN_POINT ( 'NONE',  ( -0.3004692407037896100, 17.11400929866852400, 8.702015812264418700 ) ) ;
#1725 = CARTESIAN_POINT ( 'NONE',  ( 1.968897956180872600, 14.31335854345741200, 8.497006067685298100 ) ) ;
#1726 = CARTESIAN_POINT ( 'NONE',  ( 0.7910250583114543100, 14.68844937643963400, 9.072647096733701800 ) ) ;
#1727 = CARTESIAN_POINT ( 'NONE',  ( 1.139214788336000000, 18.74518551731999600, 6.488001347711999300 ) ) ;
#1728 = CARTESIAN_POINT ( 'NONE',  ( 1.810930605976210000, 15.45872670226970100, 9.963758358674399000 ) ) ;
#1729 = DIRECTION ( 'NONE',  ( -0.0000000000000000000, 0.0000000000000000000, -1.000000000000000000 ) ) ;
#1730 = CARTESIAN_POINT ( 'NONE',  ( 1.835906815580362000, 15.46975826764756300, 9.947116044900600000 ) ) ;
#1731 = CARTESIAN_POINT ( 'NONE',  ( 1.533758787667999900, 14.95401875654000000, 8.362614497854004000 ) ) ;
#1732 = UNCERTAINTY_MEASURE_WITH_UNIT (LENGTH_MEASURE( 1.000000000000000100E-005 ), #569, 'distance_accuracy_value', 'NONE');
#1733 = CARTESIAN_POINT ( 'NONE',  ( -0.3004692269284288100, 17.11400929145045400, 6.500000056309911400 ) ) ;
#1734 = CARTESIAN_POINT ( 'NONE',  ( -0.1773096037783000200, 16.56798398702000000, 6.871117638200999500 ) ) ;
#1735 = CARTESIAN_POINT ( 'NONE',  ( 0.8285061310168564400, 14.83341324189987100, 9.678350508306756700 ) ) ;
#1736 = CARTESIAN_POINT ( 'NONE',  ( -1.523999715343502500, 17.36500040385994100, 6.500000017364255800 ) ) ;
#1737 = CARTESIAN_POINT ( 'NONE',  ( 1.884311477722115900, 15.49033871833852100, 9.910938155819263100 ) ) ;
#1738 = CARTESIAN_POINT ( 'NONE',  ( -0.3467092379732806800, 18.95805175959202400, 6.899999999999996800 ) ) ;
#1739 = CARTESIAN_POINT ( 'NONE',  ( -0.8433274231204159800, 17.35588897585805400, 8.702015807459570600 ) ) ;
#1740 = CARTESIAN_POINT ( 'NONE',  ( 0.3225090649748001400, 16.58096407126169700, 6.848617413939302300 ) ) ;
#1741 = FACE_OUTER_BOUND ( 'NONE', #2006, .T. ) ;
#1742 = CARTESIAN_POINT ( 'NONE',  ( 1.199986560891420200, 15.12182285869344000, 10.04148177523659900 ) ) ;
#1743 = CARTESIAN_POINT ( 'NONE',  ( 1.293041065279109100, 16.61403177366391000, 6.862360777354613400 ) ) ;
#1744 = CARTESIAN_POINT ( 'NONE',  ( 1.907748966282012200, 15.49989144554155700, 9.891395826940405200 ) ) ;
#1745 = CARTESIAN_POINT ( 'NONE',  ( -2.262010167484000100, 19.04803304458999600, 6.612376248815998300 ) ) ;
#1746 = VERTEX_POINT ( 'NONE', #2465 ) ;
#1747 = CARTESIAN_POINT ( 'NONE',  ( -2.195995039642999500, 18.67379282259999900, 6.895433249022999300 ) ) ;
#1748 = CARTESIAN_POINT ( 'NONE',  ( 1.952779634572350900, 15.51739366827984800, 9.849666735895683100 ) ) ;
#1749 = CARTESIAN_POINT ( 'NONE',  ( 0.4357554472967631900, 18.70770089259447000, 6.900000000000002100 ) ) ;
#1750 = ORIENTED_EDGE ( 'NONE', *, *, #1990, .F. ) ;
#1751 = CARTESIAN_POINT ( 'NONE',  ( -0.8433274093450550100, 17.35588896863998400, 6.500000051505068700 ) ) ;
#1752 = FACE_OUTER_BOUND ( 'NONE', #1947, .T. ) ;
#1753 = CARTESIAN_POINT ( 'NONE',  ( 1.320522686498999800, 16.65423292450000000, 6.899230593224002600 ) ) ;
#1754 = CARTESIAN_POINT ( 'NONE',  ( 1.184435691381366100, 15.68988959593106700, 8.268415194299739900 ) ) ;
#1755 = CARTESIAN_POINT ( 'NONE',  ( 0.4136978452432000800, 15.53859586744000000, 9.618543441632999300 ) ) ;
#1756 = ORIENTED_EDGE ( 'NONE', *, *, #1928, .T. ) ;
#1757 = CARTESIAN_POINT ( 'NONE',  ( 1.974381220446958000, 15.52534643105950000, 9.827472183910245500 ) ) ;
#1758 = CARTESIAN_POINT ( 'NONE',  ( -1.957031819707999900, 19.45455104778000100, 6.736751149921000900 ) ) ;
#1759 = CARTESIAN_POINT ( 'NONE',  ( -1.982100577023000000, 18.22125563946000100, 6.871117638202001400 ) ) ;
#1760 = CARTESIAN_POINT ( 'NONE',  ( 2.015466916869487400, 15.53954850188371300, 9.780721005740785400 ) ) ;
#1761 = CARTESIAN_POINT ( 'NONE',  ( 0.6923812135803865100, 17.95284995654981900, 6.900000000000003000 ) ) ;
#1762 = CARTESIAN_POINT ( 'NONE',  ( -1.140156504657657400, 17.86999384921070100, 8.702015804710050900 ) ) ;
#1763 = CARTESIAN_POINT ( 'NONE',  ( 2.028603216711293700, 14.35838526168277300, 8.548850949994641000 ) ) ;
#1764 = CARTESIAN_POINT ( 'NONE',  ( 0.7638857375528813600, 15.47444861815168200, 8.402811059574332800 ) ) ;
#1765 = EDGE_CURVE ( 'NONE', #1784, #194, #2297, .T. ) ;
#1766 = CARTESIAN_POINT ( 'NONE',  ( 2.034958697138860000, 15.54580046111691000, 9.756155652224801900 ) ) ;
#1767 = CARTESIAN_POINT ( 'NONE',  ( -2.206164472465000200, 18.63622723286999900, 6.736751149921000900 ) ) ;
#1768 = CARTESIAN_POINT ( 'NONE',  ( -1.750797473917400100, 17.77798815959670600, 6.848617413941101800 ) ) ;
#1769 = CARTESIAN_POINT ( 'NONE',  ( 2.071578464964885400, 15.55652230119165000, 9.704975180593598000 ) ) ;
#1770 = CARTESIAN_POINT ( 'NONE',  ( 0.2499999974976816500, 17.29057713790097100, 6.900000000000000400 ) ) ;
#1771 = CARTESIAN_POINT ( 'NONE',  ( 2.471078317771680900, 14.66504182252068500, 8.800286216556024500 ) ) ;
#1772 = CARTESIAN_POINT ( 'NONE',  ( 0.4059788076700512300, 15.36965765165093400, 8.903028471061231700 ) ) ;
#1773 = CARTESIAN_POINT ( 'NONE',  ( 2.088713288557751700, 15.56099418354486900, 9.678350508306392500 ) ) ;
#1774 = CARTESIAN_POINT ( 'NONE',  ( -2.245767605566000300, 19.12139622431000100, 6.861126051024999800 ) ) ;
#1775 = VECTOR ( 'NONE', #1785, 100.0000000000000000 ) ;
#1776 = CARTESIAN_POINT ( 'NONE',  ( -0.9723472387483507200, 19.55047254958300900, 6.849127379869500500 ) ) ;
#1777 = CARTESIAN_POINT ( 'NONE',  ( 2.120402797957236600, 15.56809984251967000, 9.623389699261389700 ) ) ;
#1778 = CARTESIAN_POINT ( 'NONE',  ( 1.718100452836620800, 16.81769608628758300, 6.500000069910901100 ) ) ;
#1779 = FACE_BOUND ( 'NONE', #2133, .T. ) ;
#1780 = CARTESIAN_POINT ( 'NONE',  ( 2.628654802546712200, 14.87152394883873400, 9.367587511151375800 ) ) ;
#1781 = ORIENTED_EDGE ( 'NONE', *, *, #1177, .T. ) ;
#1782 = CARTESIAN_POINT ( 'NONE',  ( 0.4125681804655355600, 15.49184540573011800, 9.484465368854364100 ) ) ;
#1783 = CARTESIAN_POINT ( 'NONE',  ( 2.134963399439882400, 15.57073494559863200, 9.595043302630548600 ) ) ;
#1784 = VERTEX_POINT ( 'NONE', #1212 ) ;
#1785 = DIRECTION ( 'NONE',  ( 0.4699997645167375800, -0.8826665402937914400, 8.506116817852404900E-012 ) ) ;
#1786 = ORIENTED_EDGE ( 'NONE', *, *, #1621, .T. ) ;
#1787 = CARTESIAN_POINT ( 'NONE',  ( 2.161320835073973400, 15.57413432543178000, 9.536999045978916500 ) ) ;
#1788 = CARTESIAN_POINT ( 'NONE',  ( 1.861424179246887500, 17.33619426634717800, 6.500000068964596700 ) ) ;
#1789 = VERTEX_POINT ( 'NONE', #739 ) ;
#1790 = CARTESIAN_POINT ( 'NONE',  ( 2.409357191147197600, 14.85731053422626100, 9.919627971330296400 ) ) ;
#1791 = CARTESIAN_POINT ( 'NONE',  ( 0.7807660830546934200, 15.78746346340310900, 9.892308775361565100 ) ) ;
#1792 = CARTESIAN_POINT ( 'NONE',  ( 1.710752472316000400, 14.46865532564000000, 10.26817107341999800 ) ) ;
#1793 = CARTESIAN_POINT ( 'NONE',  ( 2.173122589529402400, 15.57489923676931200, 9.507290350481069300 ) ) ;
#1794 = CARTESIAN_POINT ( 'NONE',  ( -1.523999715343502500, 17.36500040385994100, 6.500000017364255800 ) ) ;
#1795 = CARTESIAN_POINT ( 'NONE',  ( 1.804621464616000100, 17.47080055158999900, 6.889247048010001400 ) ) ;
#1796 = CARTESIAN_POINT ( 'NONE',  ( 2.193813745465421400, 15.57454923414613500, 9.446898633410770100 ) ) ;
#1797 = CARTESIAN_POINT ( 'NONE',  ( -0.2882996635247829800, 16.55998854738486200, 6.849127378789013700 ) ) ;
#1798 = CARTESIAN_POINT ( 'NONE',  ( 1.909292004214409900, 14.62863056315523200, 10.21447751151166200 ) ) ;
#1799 = CARTESIAN_POINT ( 'NONE',  ( 0.7982050527448513200, 16.37666357921544200, 8.129490898851914300 ) ) ;
#1800 = CARTESIAN_POINT ( 'NONE',  ( 0.4130809299645084000, 17.38471046722626000, 8.702015815975991900 ) ) ;
#1801 = CARTESIAN_POINT ( 'NONE',  ( -0.6315212582446782000, 16.63173686159153800, 6.500000056312062600 ) ) ;
#1802 = CARTESIAN_POINT ( 'NONE',  ( 1.585283553907000000, 17.92043922300999600, 6.860127676785998200 ) ) ;
#1803 = CARTESIAN_POINT ( 'NONE',  ( 2.202707009491338600, 15.57343425484849500, 9.416204338144861900 ) ) ;
#1804 = CARTESIAN_POINT ( 'NONE',  ( 1.110442945446522300, 18.80045964307781500, 6.500000065520506400 ) ) ;
#1805 = CARTESIAN_POINT ( 'NONE',  ( 2.217469526859436400, 15.56933930771708100, 9.354230913070082900 ) ) ;
#1806 = CARTESIAN_POINT ( 'NONE',  ( -1.264538622708999900, 17.00958058471999500, 6.488001347711999300 ) ) ;
#1807 = CARTESIAN_POINT ( 'NONE',  ( 0.3949224324897013200, 16.16780343805051600, 8.247244415395577700 ) ) ;
#1808 = CARTESIAN_POINT ( 'NONE',  ( 1.488770177273999900, 16.65434511412000200, 6.736751149921000900 ) ) ;
#1809 = CARTESIAN_POINT ( 'NONE',  ( 1.321651543160623100, 16.62134248898886200, 6.500000057558239100 ) ) ;
#1810 = ORIENTED_EDGE ( 'NONE', *, *, #1035, .T. ) ;
#1811 = CARTESIAN_POINT ( 'NONE',  ( 1.071245106949400000, 18.77958768971499700, 6.899997398026101800 ) ) ;
#1812 = CARTESIAN_POINT ( 'NONE',  ( 2.223341536011318900, 15.56635857545473000, 9.322940214301619100 ) ) ;
#1813 = CARTESIAN_POINT ( 'NONE',  ( -0.7207771472444001200, 19.50857467145999600, 6.899997398026101800 ) ) ;
#1814 = CARTESIAN_POINT ( 'NONE',  ( 2.231988229649639600, 15.55857060675665000, 9.260170889315961800 ) ) ;
#1815 = CARTESIAN_POINT ( 'NONE',  ( -1.371976086478000000, 17.12620721987000000, 6.612376242486998700 ) ) ;
#1816 = B_SPLINE_CURVE_WITH_KNOTS ( 'NONE', 3,
 ( #1934, #105, #511, #1763, #672, #1970, #828, #2182, #987, #2390, #1149, #119, #1324, #320, #1558, #518, #1771, #678, #1983, #834, #2192, #998, #2399, #1155, #126, #1335, #329, #1565, #525, #1780, #684, #1993, #842, #2199, #1005, #2408, #1162, #134, #1346, #339, #1571, #531, #1790, #691, #2000, #846, #2208, #1010, #2417, #1170, #145, #1352, #348, #1583, #538, #1798, #697, #2005, #851, #2217 ),
 .UNSPECIFIED., .F., .F.,
 ( 4, 2, 2, 2, 2, 2, 2, 2, 2, 2, 2, 2, 2, 2, 2, 2, 2, 2, 2, 2, 2, 2, 2, 2, 2, 2, 2, 2, 2, 4 ),
 ( 0.0000000000000000000, 0.0004214500942466290300, 0.001374288812845975400, 0.002327127531436863300, 0.003279966250036202300, 0.004232804968635549100, 0.005185643687226429600, 0.006138482405825783400, 0.007091321124416678600, 0.008044159843016018500, 0.008996998561615364400, 0.009949837280206244900, 0.01090267599880559100, 0.01185551471739647800, 0.01280835343599582600, 0.01376119215459517200, 0.01471403087318605200, 0.01566686959178539100, 0.01661970831037629500, 0.01757254702897562800, 0.01852538574757497900, 0.01947822446616586500, 0.02043106318476520600, 0.02138390190335609200, 0.02233674062195543600, 0.02328957934055478000, 0.02424241805914567300, 0.02519525677774501300, 0.02614809549633589900, 0.02656954559056381300 ),
 .UNSPECIFIED. ) ;
#1817 = ORIENTED_EDGE ( 'NONE', *, *, #893, .T. ) ;
#1818 = LINE ( 'NONE', #1776, #1551 ) ;
#1819 = ORIENTED_EDGE ( 'NONE', *, *, #1345, .F. ) ;
#1820 = ORIENTED_EDGE ( 'NONE', *, *, #1114, .F. ) ;
#1821 = CARTESIAN_POINT ( 'NONE',  ( -1.140156490882297200, 17.86999384199263500, 6.500000049066509100 ) ) ;
#1822 = CARTESIAN_POINT ( 'NONE',  ( 2.234764528267511700, 15.55376191649314200, 9.228680545562779600 ) ) ;
#1823 = CARTESIAN_POINT ( 'NONE',  ( -1.221221883580999800, 19.51383572931000600, 6.895433249022999300 ) ) ;
#1824 = CARTESIAN_POINT ( 'NONE',  ( -1.466669762714999800, 17.25368458058999700, 6.736751137261000700 ) ) ;
#1825 = DIRECTION ( 'NONE',  ( -7.881384666309545300E-031, -1.000000000000000000, 3.206885370684781300E-015 ) ) ;
#1826 = CARTESIAN_POINT ( 'NONE',  ( 1.141153324087000200, 18.74616285961999700, 6.612376242486998700 ) ) ;
#1827 = CARTESIAN_POINT ( 'NONE',  ( 2.237185760185010700, 15.54237967579302000, 9.165911220576715500 ) ) ;
#1828 = CARTESIAN_POINT ( 'NONE',  ( -1.721717074046000400, 19.52056682161999700, 6.871117638200999500 ) ) ;
#1829 = CARTESIAN_POINT ( 'NONE',  ( -1.521184358381999700, 17.34458439494000000, 6.861126032036001000 ) ) ;
#1830 = ADVANCED_FACE ( 'NONE', ( #392 ), #2245, .T. ) ;
#1831 = CARTESIAN_POINT ( 'NONE',  ( -0.6500000000001002800, 18.84942286340169600, 6.500000048434744200 ) ) ;
#1832 = CARTESIAN_POINT ( 'NONE',  ( 1.121184358381999800, 18.79541560505999700, 6.861126032036001000 ) ) ;
#1833 =( NAMED_UNIT ( * ) PLANE_ANGLE_UNIT ( ) SI_UNIT ( $, .RADIAN. ) );
#1834 = CARTESIAN_POINT ( 'NONE',  ( 2.236831145470901100, 15.53580400056366400, 9.134620521808102500 ) ) ;
#1835 = CARTESIAN_POINT ( 'NONE',  ( 0.9761564194951613000, 19.01134192318486500, 6.500000057730084700 ) ) ;
#1836 = ORIENTED_EDGE ( 'NONE', *, *, #916, .F. ) ;
#1837 = DIRECTION ( 'NONE',  ( 0.4699997645168693100, -0.8826665402937211600, -0.0000000000000000000 ) ) ;
#1838 = VERTEX_POINT ( 'NONE', #1059 ) ;
#1839 = VERTEX_POINT ( 'NONE', #2482 ) ;
#1840 = CARTESIAN_POINT ( 'NONE',  ( 0.2238775266802224000, 18.86403715833067800, 6.500000053683452400 ) ) ;
#1841 = CARTESIAN_POINT ( 'NONE',  ( 1.066669762714999900, 18.88631541941000300, 6.736751137261000700 ) ) ;
#1842 = VERTEX_POINT ( 'NONE', #1226 ) ;
#1843 = ORIENTED_EDGE ( 'NONE', *, *, #1025, .F. ) ;
#1844 = CARTESIAN_POINT ( 'NONE',  ( 2.232996215030082200, 15.52097181193311700, 9.072647096733016200 ) ) ;
#1845 = CARTESIAN_POINT ( 'NONE',  ( -0.07579176313188866500, 19.56525725337433400, 6.500000049410702200 ) ) ;
#1846 = EDGE_LOOP ( 'NONE', ( #1085, #140, #992, #2212 ) ) ;
#1847 = CARTESIAN_POINT ( 'NONE',  ( -2.068613317113208200, 19.38136529316156500, 6.849127379370473000 ) ) ;
#1848 = AXIS2_PLACEMENT_3D ( 'NONE', #2136, #1422, #2348 ) ;
#1849 = CARTESIAN_POINT ( 'NONE',  ( -1.140156490882297200, 17.86999384199263800, 6.500000048755547200 ) ) ;
#1850 = CARTESIAN_POINT ( 'NONE',  ( -0.02891148979973934300, 16.07276822382183600, 8.982322228503015500 ) ) ;
#1851 = CARTESIAN_POINT ( 'NONE',  ( 0.6425057339672354300, 18.38737868825235500, 6.500000057891370800 ) ) ;
#1852 = CARTESIAN_POINT ( 'NONE',  ( 1.091757351288558100, 14.18895164756428800, 10.37324060004293000 ) ) ;
#1853 = CARTESIAN_POINT ( 'NONE',  ( 2.229515183413406800, 15.51271252971633200, 9.041952801466974800 ) ) ;
#1854 = CARTESIAN_POINT ( 'NONE',  ( -0.2516613341301867100, 19.57520768224021900, 6.849127380331173900 ) ) ;
#1855 = CARTESIAN_POINT ( 'NONE',  ( 2.219472716608514900, 15.49461846173253800, 8.981561084395767800 ) ) ;
#1856 = CARTESIAN_POINT ( 'NONE',  ( -1.078016492429712000, 18.46119079447185700, 8.702015803410031200 ) ) ;
#1857 = CARTESIAN_POINT ( 'NONE',  ( 0.1286649949749912000, 16.27925035013395700, 9.549623523097654500 ) ) ;
#1858 = CARTESIAN_POINT ( 'NONE',  ( 0.5491521976044461100, 17.57075906244323000, 6.500000060184607500 ) ) ;
#1859 = CARTESIAN_POINT ( 'NONE',  ( 0.8691614349640001100, 19.13502433967000000, 6.861126032036001000 ) ) ;
#1860 = CARTESIAN_POINT ( 'NONE',  ( 2.212909406731366200, 15.48478029823487000, 8.951852388898178200 ) ) ;
#1861 = CARTESIAN_POINT ( 'NONE',  ( 1.786385284657196100, 17.49376891969155100, 6.894485627836399300 ) ) ;
#1862 = MECHANICAL_DESIGN_GEOMETRIC_PRESENTATION_REPRESENTATION (  '', ( #321 ), #2144 ) ;
#1863 = CARTESIAN_POINT ( 'NONE',  ( 1.804727830389059900, 14.56947011829176800, 10.22041896617239800 ) ) ;
#1864 = CARTESIAN_POINT ( 'NONE',  ( 2.196786739620972400, 15.46365377931542000, 8.893808132249091600 ) ) ;
#1865 = CARTESIAN_POINT ( 'NONE',  ( -1.078016478654351100, 18.46119078725378800, 6.500000047455527500 ) ) ;
#1866 = CARTESIAN_POINT ( 'NONE',  ( 2.187224372670228500, 15.45236148007641000, 8.865461735618829700 ) ) ;
#1867 = CARTESIAN_POINT ( 'NONE',  ( 0.5711400960349022300, 16.58590691097784400, 9.801058789659130400 ) ) ;
#1868 = CARTESIAN_POINT ( 'NONE',  ( 1.900100284478814200, 14.28408034335453000, 8.548868314813002900 ) ) ;
#1869 = CARTESIAN_POINT ( 'NONE',  ( 1.416145511922000100, 16.63614444147000200, 6.488001347711999300 ) ) ;
#1870 = CARTESIAN_POINT ( 'NONE',  ( 2.165225936785943900, 15.42847038938862200, 8.810500926572306200 ) ) ;
#1871 = CARTESIAN_POINT ( 'NONE',  ( -1.866747834873717200, 19.48816416925295400, 6.500000038818868100 ) ) ;
#1872 = ORIENTED_EDGE ( 'NONE', *, *, #532, .T. ) ;
#1873 = CARTESIAN_POINT ( 'NONE',  ( 1.495699454526801900, 14.37321963188817100, 10.13283328451546900 ) ) ;
#1874 = CARTESIAN_POINT ( 'NONE',  ( 2.152785761269236300, 15.41586713804330200, 8.783876254284216100 ) ) ;
#1875 = EDGE_LOOP ( 'NONE', ( #2300, #466 ) ) ;
#1876 = CARTESIAN_POINT ( 'NONE',  ( -0.8130809575153866700, 18.75528954720134300, 8.702015803719136900 ) ) ;
#1877 = CARTESIAN_POINT ( 'NONE',  ( 2.125190491476830300, 15.38951440886319200, 8.732695782652102800 ) ) ;
#1878 = CARTESIAN_POINT ( 'NONE',  ( 2.178336218155543200, 14.44069852847605700, 8.528541405804572800 ) ) ;
#1879 = EDGE_LOOP ( 'NONE', ( #2011, #1360, #1642, #863 ) ) ;
#1880 = CARTESIAN_POINT ( 'NONE',  ( 1.413290362023265700, 14.05421394571966900, 8.800303581374340200 ) ) ;
#1881 = CARTESIAN_POINT ( 'NONE',  ( -2.163095506181105200, 18.65863235526781200, 6.899999996324695000 ) ) ;
#1882 = CARTESIAN_POINT ( 'NONE',  ( 2.110030245823199200, 15.37576001160329600, 8.708130429136076600 ) ) ;
#1883 = ORIENTED_EDGE ( 'NONE', *, *, #1379, .T. ) ;
#1884 = CARTESIAN_POINT ( 'NONE',  ( -2.236932732810622800, 19.12903366797505500, 6.500000037831267900 ) ) ;
#1885 = CARTESIAN_POINT ( 'NONE',  ( -0.8130809437400256000, 18.75528953998327400, 6.500000047764633100 ) ) ;
#1886 = CARTESIAN_POINT ( 'NONE',  ( 1.174712935349316200, 14.09486536540029700, 9.675906011567377600 ) ) ;
#1887 = CARTESIAN_POINT ( 'NONE',  ( 2.077188043492779200, 15.34727979018386900, 8.661379250967769400 ) ) ;
#1888 = DIRECTION ( 'NONE',  ( 1.000000000000000000, 0.0000000000000000000, 0.0000000000000000000 ) ) ;
#1889 = CARTESIAN_POINT ( 'NONE',  ( 2.059499955958326900, 15.33254864944477100, 8.639184698983037000 ) ) ;
#1890 = CARTESIAN_POINT ( 'NONE',  ( 2.647532036273542800, 14.91604494244549700, 9.532722163182628000 ) ) ;
#1891 = CARTESIAN_POINT ( 'NONE',  ( 1.155683352820259000, 14.02098977002241000, 9.367604875967973800 ) ) ;
#1892 = CARTESIAN_POINT ( 'NONE',  ( 0.8233778704962002600, 14.82900924886000400, 9.763018725451997800 ) ) ;
#1893 = CARTESIAN_POINT ( 'NONE',  ( 2.001835603586458000, 15.28678096123153900, 8.577913279058934700 ) ) ;
#1894 = CARTESIAN_POINT ( 'NONE',  ( -2.201842984455587800, 18.63800020846039400, 6.500000014917568500 ) ) ;
#1895 = CARTESIAN_POINT ( 'NONE',  ( 1.226301507007280200, 14.00551133819755900, 9.090759354485360400 ) ) ;
#1896 = CARTESIAN_POINT ( 'NONE',  ( 2.021827252299269100, 15.30230205812451200, 8.597455607937986200 ) ) ;
#1897 = DIRECTION ( 'NONE',  ( -0.0000000000000000000, -0.0000000000000000000, -1.000000000000000000 ) ) ;
#1898 = CARTESIAN_POINT ( 'NONE',  ( 1.825561437046187700, 14.59152398783027800, 10.26965934850288600 ) ) ;
#1899 = B_SPLINE_CURVE_WITH_KNOTS ( 'NONE', 3,
 ( #211, #1657, #595, #1871, #751, #2082, #910, #2291, #1071, #18, #1238, #220, #1443, #426, #1666, #602, #1884, #759, #2091, #917, #2302, #1077, #27, #1246, #230, #1452, #437, #1679 ),
 .UNSPECIFIED., .F., .F.,
 ( 4, 2, 2, 2, 2, 2, 2, 2, 2, 2, 2, 2, 2, 4 ),
 ( 1.734723475976807100E-017, 0.001514866251977072400, 0.002272299377965611300, 0.003029732503954150400, 0.003787165629942689000, 0.004544598755931228600, 0.005302031881919766800, 0.006059465007908305900, 0.007574331259885383300, 0.008331764385873883400, 0.009089197511862382600, 0.009846630637850881800, 0.01060406376383938100, 0.01211893001581637900 ),
 .UNSPECIFIED. ) ;
#1900 = CARTESIAN_POINT ( 'NONE',  ( 1.277641336646864000, 14.20380036517588900, 9.919645336148008100 ) ) ;
#1901 = CARTESIAN_POINT ( 'NONE',  ( 0.9753640921630000200, 19.01652114236999900, 6.861126032036001000 ) ) ;
#1902 = CARTESIAN_POINT ( 'NONE',  ( 1.959810079395842000, 15.25515151950221300, 8.541735389980150500 ) ) ;
#1903 = CARTESIAN_POINT ( 'NONE',  ( -2.128465681977000000, 19.31173489232999800, 6.488001347711999300 ) ) ;
#1904 = ADVANCED_FACE ( 'NONE', ( #1140, #816 ), #204, .F. ) ;
#1905 = CARTESIAN_POINT ( 'NONE',  ( 1.627856632627824800, 14.14431668483306700, 8.633832081534825100 ) ) ;
#1906 = CARTESIAN_POINT ( 'NONE',  ( 1.891922887553438800, 15.20642603174462200, 8.494925115946898600 ) ) ;
#1907 = FACE_OUTER_BOUND ( 'NONE', #2178, .T. ) ;
#1908 = CARTESIAN_POINT ( 'NONE',  ( -0.1999999999999150000, 18.07000000000004600, 6.899999999999861800 ) ) ;
#1909 = VECTOR ( 'NONE', #1616, 100.0000000000000000 ) ;
#1910 = CARTESIAN_POINT ( 'NONE',  ( 1.725716594396080400, 14.52252953507542100, 10.21449487633000100 ) ) ;
#1911 = CARTESIAN_POINT ( 'NONE',  ( -0.2323638369074000300, 19.57688701997000200, 6.861126032036001000 ) ) ;
#1912 = ORIENTED_EDGE ( 'NONE', *, *, #1025, .T. ) ;
#1913 = CARTESIAN_POINT ( 'NONE',  ( 1.937768358731329900, 15.23903727018480200, 8.525093076207904000 ) ) ;
#1914 = CARTESIAN_POINT ( 'NONE',  ( -1.693373198903000100, 19.52210429404999900, 6.612376248815998300 ) ) ;
#1915 = VERTEX_POINT ( 'NONE', #2276 ) ;
#1916 = CARTESIAN_POINT ( 'NONE',  ( 1.293033139003702400, 16.61426271157466100, 6.849127380969509500 ) ) ;
#1917 = CARTESIAN_POINT ( 'NONE',  ( 1.868110578873291700, 15.18992295493578100, 8.481393837834335900 ) ) ;
#1918 = VERTEX_POINT ( 'NONE', #745 ) ;
#1919 = CARTESIAN_POINT ( 'NONE',  ( -0.6500000137754609100, 18.84942287061976500, 8.702015804389251500 ) ) ;
#1920 = CARTESIAN_POINT ( 'NONE',  ( 1.377246285866296400, 14.30012871827643100, 10.10973980429126600 ) ) ;
#1921 = CARTESIAN_POINT ( 'NONE',  ( 1.546180167867913200, 14.98904901066048200, 8.407685701136172100 ) ) ;
#1922 = CARTESIAN_POINT ( 'NONE',  ( 1.618419087380000000, 16.72831164659999800, 6.488001347711999300 ) ) ;
#1923 = CARTESIAN_POINT ( 'NONE',  ( 1.819026470080243900, 15.15674342239664100, 8.457618329110308900 ) ) ;
#1924 = CARTESIAN_POINT ( 'NONE',  ( 1.493181025357415100, 16.65329576888650100, 6.849127379370529000 ) ) ;
#1925 = CARTESIAN_POINT ( 'NONE',  ( 1.742045135808571800, 15.10673365488663400, 8.430288070579232200 ) ) ;
#1926 = CARTESIAN_POINT ( 'NONE',  ( 1.245955093723290600, 13.98862019777643300, 8.952068440797553700 ) ) ;
#1927 = CARTESIAN_POINT ( 'NONE',  ( 1.040952433229983100, 14.74448996300841900, 8.639184698983122200 ) ) ;
#1928 = EDGE_CURVE ( 'NONE', #2436, #1540, #294, .T. ) ;
#1929 = CARTESIAN_POINT ( 'NONE',  ( 1.793745506909541400, 15.14006077259978900, 8.447369659643229100 ) ) ;
#1930 = CARTESIAN_POINT ( 'NONE',  ( 1.831266762656816000, 17.45970785439183700, 6.849127379370473000 ) ) ;
#1931 = CARTESIAN_POINT ( 'NONE',  ( 1.715616078018398000, 15.09008296551037100, 8.423451957980089900 ) ) ;
#1932 = CARTESIAN_POINT ( 'NONE',  ( 1.298670865684000000, 15.76605022843000000, 8.226213950052997600 ) ) ;
#1933 = CARTESIAN_POINT ( 'NONE',  ( 0.5723472391927809700, 16.58952743940204800, 6.849127379678035900 ) ) ;
#1934 = CARTESIAN_POINT ( 'NONE',  ( 1.964556663273843400, 14.32087767904112000, 8.546246455336007100 ) ) ;
#1935 = CARTESIAN_POINT ( 'NONE',  ( 0.7703905317910768600, 14.69552505583326200, 9.165911220577283900 ) ) ;
#1936 = CARTESIAN_POINT ( 'NONE',  ( 1.293033139003702400, 16.61426271157466100, 6.849127380969509500 ) ) ;
#1937 = CARTESIAN_POINT ( 'NONE',  ( 1.634712942432139200, 15.04062322933688900, 8.409943984406771400 ) ) ;
#1938 = CARTESIAN_POINT ( 'NONE',  ( -2.176202139125798900, 18.68433208987499600, 6.899997398026101800 ) ) ;
#1939 = CARTESIAN_POINT ( 'NONE',  ( 1.661954988073645900, 15.05703084170371000, 8.413280888954629300 ) ) ;
#1940 = CARTESIAN_POINT ( 'NONE',  ( 0.7143987371623001800, 16.37319199371000200, 8.073663930216000000 ) ) ;
#1941 = ORIENTED_EDGE ( 'NONE', *, *, #1537, .F. ) ;
#1942 = CARTESIAN_POINT ( 'NONE',  ( -0.1771628616340000000, 16.56370849924329700, 6.852446001638699400 ) ) ;
#1943 = EDGE_LOOP ( 'NONE', ( #1614, #668, #1750, #1912 ) ) ;
#1944 = CARTESIAN_POINT ( 'NONE',  ( 0.8685415763250261500, 14.87236922242728500, 9.756155652224716600 ) ) ;
#1945 = CARTESIAN_POINT ( 'NONE',  ( 0.4816357013634000600, 19.40906855209000200, 6.488001347711999300 ) ) ;
#1946 = CARTESIAN_POINT ( 'NONE',  ( 1.595091740646703100, 15.01728812037113900, 8.407685701135871900 ) ) ;
#1947 = EDGE_LOOP ( 'NONE', ( #1433, #693, #342, #1296 ) ) ;
#1948 = FACE_OUTER_BOUND ( 'NONE', #2246, .T. ) ;
#1949 = CARTESIAN_POINT ( 'NONE',  ( 1.125686088240924100, 18.77589755117943000, 6.871117638202001400 ) ) ;
#1950 = ORIENTED_EDGE ( 'NONE', *, *, #1289, .F. ) ;
#1951 = CARTESIAN_POINT ( 'NONE',  ( 1.582894511693487800, 15.01017554533984100, 8.407339434296064300 ) ) ;
#1952 = CARTESIAN_POINT ( 'NONE',  ( -0.2005556380525522500, 18.97182820767913100, 6.900000000000004800 ) ) ;
#1953 = CARTESIAN_POINT ( 'NONE',  ( 0.8205840763485003900, 16.64474745988329800, 6.900036467719999700 ) ) ;
#1954 = CARTESIAN_POINT ( 'NONE',  ( 1.278115989783061400, 15.17180066578031900, 10.06539947689754100 ) ) ;
#1955 = CARTESIAN_POINT ( 'NONE',  ( -0.2322239029957000300, 19.57037158128000000, 6.488001347711999300 ) ) ;
#1956 = EDGE_CURVE ( 'NONE', #1578, #1839, #709, .T. ) ;
#1957 = CARTESIAN_POINT ( 'NONE',  ( -2.275397018082000700, 18.89943284260999700, 6.612376248815998300 ) ) ;
#1958 = CARTESIAN_POINT ( 'NONE',  ( -2.211777285282000300, 18.66538913740999900, 6.880997255274000000 ) ) ;
#1959 = CARTESIAN_POINT ( 'NONE',  ( 1.570666624907142200, 15.00311578290262900, 8.407339489747318600 ) ) ;
#1960 = CARTESIAN_POINT ( 'NONE',  ( 0.5149460901715219300, 18.61948667623983800, 6.899999999999997700 ) ) ;
#1961 = CARTESIAN_POINT ( 'NONE',  ( -1.691318326268524300, 19.47577440077247600, 6.899999996324695000 ) ) ;
#1962 = CARTESIAN_POINT ( 'NONE',  ( 1.321232676603000000, 16.63354661088000000, 6.889247048010001400 ) ) ;
#1963 = CARTESIAN_POINT ( 'NONE',  ( 1.164498938341109300, 15.67837908778866800, 8.268415103890053100 ) ) ;
#1964 = CARTESIAN_POINT ( 'NONE',  ( 1.562957742712207000, 14.99866506481015800, 8.407339524705705000 ) ) ;
#1965 = CARTESIAN_POINT ( 'NONE',  ( -2.079469930103999200, 19.36834781967999700, 6.736751149921000900 ) ) ;
#1966 = CARTESIAN_POINT ( 'NONE',  ( -1.985876629128299900, 18.21924497798999800, 6.852446001640701400 ) ) ;
#1967 = CARTESIAN_POINT ( 'NONE',  ( 1.555248860517271600, 14.99421434671768500, 8.407339559664091400 ) ) ;
#1968 = CARTESIAN_POINT ( 'NONE',  ( 0.6766869503122113800, 17.86579624769416700, 6.900000000000002100 ) ) ;
#1969 = CARTESIAN_POINT ( 'NONE',  ( -1.691443870920503500, 19.47943227717245000, 6.899999841221685400 ) ) ;
#1970 = CARTESIAN_POINT ( 'NONE',  ( 2.109506352297197700, 14.40784499785313400, 8.562358923567650500 ) ) ;
#1971 = AXIS2_PLACEMENT_3D ( 'NONE', #2376, #2365, #2356 ) ;
#1972 = ORIENTED_EDGE ( 'NONE', *, *, #596, .T. ) ;
#1973 = CARTESIAN_POINT ( 'NONE',  ( 0.6920435868542992300, 15.44431544026225800, 8.458531277530934000 ) ) ;
#1974 = CARTESIAN_POINT ( 'NONE',  ( 0.6188495328392003000, 19.32984810955000300, 6.488001347711999300 ) ) ;
#1975 = CARTESIAN_POINT ( 'NONE',  ( 1.547539978322336500, 14.98976362862521400, 8.407339594622477800 ) ) ;
#1976 = LINE ( 'NONE', #248, #1500 ) ;
#1977 = CARTESIAN_POINT ( 'NONE',  ( -1.668479698711999900, 19.52629179807000200, 6.861126051024999800 ) ) ;
#1978 = ORIENTED_EDGE ( 'NONE', *, *, #1432, .F. ) ;
#1979 = CARTESIAN_POINT ( 'NONE',  ( -1.474625589927300000, 17.35861228033999400, 6.900036467719999700 ) ) ;
#1980 = CARTESIAN_POINT ( 'NONE',  ( 1.005999595026704000, 15.92773908684611500, 9.942587509849278900 ) ) ;
#1981 = CARTESIAN_POINT ( 'NONE',  ( 1.292963453680171100, 16.61629306679912300, 6.732751591270474700 ) ) ;
#1982 = EDGE_LOOP ( 'NONE', ( #1817, #763, #1304, #1712 ) ) ;
#1983 = CARTESIAN_POINT ( 'NONE',  ( 2.519080765756230600, 14.70727644120631800, 8.871602748241192800 ) ) ;
#1984 = CARTESIAN_POINT ( 'NONE',  ( 0.3823230262761659300, 15.37486757808271200, 8.995696191401096400 ) ) ;
#1985 = ORIENTED_EDGE ( 'NONE', *, *, #1379, .F. ) ;
#1986 = CARTESIAN_POINT ( 'NONE',  ( 1.013708471057623800, 15.93218981561546400, 9.942587544807658200 ) ) ;
#1987 = UNCERTAINTY_MEASURE_WITH_UNIT (LENGTH_MEASURE( 1.000000000000000100E-005 ), #1695, 'distance_accuracy_value', 'NONE');
#1988 = CARTESIAN_POINT ( 'NONE',  ( -2.277649015052999500, 18.97453880388999900, 6.861126051024999800 ) ) ;
#1989 = CARTESIAN_POINT ( 'NONE',  ( -0.2516613341301867100, 19.57520768224021900, 6.849127380331173900 ) ) ;
#1990 = EDGE_CURVE ( 'NONE', #1915, #1367, #1072, .T. ) ;
#1991 = CARTESIAN_POINT ( 'NONE',  ( 1.021417347088543700, 15.93664054438481200, 9.942587579766039200 ) ) ;
#1992 = CARTESIAN_POINT ( 'NONE',  ( 1.765159254741058200, 16.87696778197377200, 6.500000069988750800 ) ) ;
#1993 = CARTESIAN_POINT ( 'NONE',  ( 2.617231810290885400, 14.88412060780036100, 9.461847179889176100 ) ) ;
#1994 = CARTESIAN_POINT ( 'NONE',  ( 0.4470067918663279700, 15.52833974775721900, 9.566050850188673800 ) ) ;
#1995 = CARTESIAN_POINT ( 'NONE',  ( 1.029126223119463600, 15.94109127315415900, 9.942587614724420300 ) ) ;
#1996 = CARTESIAN_POINT ( 'NONE',  ( -1.523999715343502500, 17.36500040385994100, 6.500000017364255800 ) ) ;
#1997 = CARTESIAN_POINT ( 'NONE',  ( 0.2499999999999996100, 17.29057713658979600, 6.500000059351373600 ) ) ;
#1998 = CARTESIAN_POINT ( 'NONE',  ( 1.041354100128157000, 15.94815105252696900, 9.942587670175665700 ) ) ;
#1999 = CARTESIAN_POINT ( 'NONE',  ( 1.825874791445784500, 17.45686608279600800, 6.500000068326460900 ) ) ;
#2000 = CARTESIAN_POINT ( 'NONE',  ( 2.346669908851176900, 14.83515570062537500, 9.988573701483993300 ) ) ;
#2001 = CARTESIAN_POINT ( 'NONE',  ( 0.8577474173267527500, 15.83747323091969200, 9.919639033893076900 ) ) ;
#2002 = CARTESIAN_POINT ( 'NONE',  ( -2.207426003706062900, 18.63502737817790900, 6.862360777354831000 ) ) ;
#2003 = CARTESIAN_POINT ( 'NONE',  ( 1.817086254414999900, 17.47743776735000100, 6.871117638202001400 ) ) ;
#2004 = CARTESIAN_POINT ( 'NONE',  ( 1.053612385267700000, 15.95515787514062500, 9.942241403335840400 ) ) ;
#2005 = CARTESIAN_POINT ( 'NONE',  ( 1.841442174212386300, 14.59059665296767200, 10.22007269933206800 ) ) ;
#2006 = EDGE_LOOP ( 'NONE', ( #1810, #2037, #1427, #1518 ) ) ;
#2007 = CARTESIAN_POINT ( 'NONE',  ( 0.7827873006826524500, 16.36776212167613000, 8.129490828935106000 ) ) ;
#2008 = ORIENTED_EDGE ( 'NONE', *, *, #1592, .T. ) ;
#2009 = CARTESIAN_POINT ( 'NONE',  ( -0.4285568872787031700, 16.58586552440845800, 6.500000057703621400 ) ) ;
#2010 = CARTESIAN_POINT ( 'NONE',  ( 1.585783151309399600, 17.92070524720749700, 6.848617413941101800 ) ) ;
#2011 = ORIENTED_EDGE ( 'NONE', *, *, #1990, .T. ) ;
#2012 = CARTESIAN_POINT ( 'NONE',  ( 1.093631783323872900, 15.97780328793320100, 9.939983120065086600 ) ) ;
#2013 = DIRECTION ( 'NONE',  ( -0.4699997645167355900, 0.8826665402937924300, 8.506076919212457500E-012 ) ) ;
#2014 = CARTESIAN_POINT ( 'NONE',  ( 1.176916739104439100, 16.02313759051161700, 9.926475146492238700 ) ) ;
#2015 = EDGE_LOOP ( 'NONE', ( #1080, #1466, #1715, #390 ) ) ;
#2016 = CARTESIAN_POINT ( 'NONE',  ( -1.018849532838999900, 16.81015189045000500, 6.488001347711999300 ) ) ;
#2017 = CARTESIAN_POINT ( 'NONE',  ( 0.3215415607453840400, 16.13619142197655500, 8.300064618246962000 ) ) ;
#2018 = B_SPLINE_CURVE_WITH_KNOTS ( 'NONE', 3,
 ( #73, #471, #799, #2146, #960, #2354, #1120, #84, #1291, #287 ),
 .UNSPECIFIED., .F., .F.,
 ( 4, 1, 1, 1, 1, 1, 1, 4 ),
 ( 0.0000000000000000000, 0.1382689154433706700, 0.2829613492680871900, 0.4276537830928035500, 0.5723462169168902500, 0.7170386507416067800, 0.8617310845663231900, 1.000000000000000000 ),
 .UNSPECIFIED. ) ;
#2019 = CARTESIAN_POINT ( 'NONE',  ( 1.417187235266999900, 16.63191785261000500, 6.736751149921000900 ) ) ;
#2020 = DIRECTION ( 'NONE',  ( 0.9994115292234111400, 0.03430153429983626200, 1.391119316095090600E-012 ) ) ;
#2021 = CARTESIAN_POINT ( 'NONE',  ( 0.2499999862246387300, 17.29057714380786900, 8.702015815305877300 ) ) ;
#2022 = CARTESIAN_POINT ( 'NONE',  ( 1.081394564280000000, 18.78499204383999900, 6.899230593224002600 ) ) ;
#2023 = CARTESIAN_POINT ( 'NONE',  ( 1.204551187989368900, 16.03770048126710900, 9.919639033892925900 ) ) ;
#2024 = CARTESIAN_POINT ( 'NONE',  ( -0.7211715679490001700, 19.52006653639999800, 6.899230593224002600 ) ) ;
#2025 = CARTESIAN_POINT ( 'NONE',  ( 1.259263504116382000, 16.06581075716742600, 9.902557444828481400 ) ) ;
#2026 = CARTESIAN_POINT ( 'NONE',  ( -1.148329389168999800, 16.90169176744000300, 6.612376242486998700 ) ) ;
#2027 = CARTESIAN_POINT ( 'NONE',  ( -0.8130809437400256000, 18.75528953998327400, 6.500000048075595100 ) ) ;
#2028 = CARTESIAN_POINT ( 'NONE',  ( 1.286351584230322100, 16.07936338860594800, 9.892308775361389200 ) ) ;
#2029 = CARTESIAN_POINT ( 'NONE',  ( -1.221835201538999700, 19.53170539756000000, 6.880997255274000000 ) ) ;
#2030 = CARTESIAN_POINT ( 'NONE',  ( -1.267620497545999700, 17.00651063512999500, 6.736751137261000700 ) ) ;
#2031 = FACE_OUTER_BOUND ( 'NONE', #2458, .T. ) ;
#2032 = CARTESIAN_POINT ( 'NONE',  ( -0.1483386657617995200, 16.56479231461203800, 6.849127380276262200 ) ) ;
#2033 =( NAMED_UNIT ( * ) PLANE_ANGLE_UNIT ( ) SI_UNIT ( $, .RADIAN. ) );
#2034 = CARTESIAN_POINT ( 'NONE',  ( 1.121462215268737900, 15.99319178532784800, 9.936646215517527000 ) ) ;
#2035 = CARTESIAN_POINT ( 'NONE',  ( -1.721863816190700100, 19.52484230940329700, 6.852446001638699400 ) ) ;
#2036 = ADVANCED_FACE ( 'NONE', ( #1752 ), #429, .T. ) ;
#2037 = ORIENTED_EDGE ( 'NONE', *, *, #1050, .T. ) ;
#2038 = CARTESIAN_POINT ( 'NONE',  ( -1.375364092162999700, 17.12347885763000100, 6.861126032036001000 ) ) ;
#2039 = EDGE_CURVE ( 'NONE', #1512, #85, #2110, .T. ) ;
#2040 = ORIENTED_EDGE ( 'NONE', *, *, #2185, .T. ) ;
#2041 = FACE_OUTER_BOUND ( 'NONE', #2403, .T. ) ;
#2042 = EDGE_LOOP ( 'NONE', ( #499, #150, #1372, #492 ) ) ;
#2043 = CARTESIAN_POINT ( 'NONE',  ( -0.5449320093711503800, 18.90313001372327800, 6.500000048883904000 ) ) ;
#2044 = CARTESIAN_POINT ( 'NONE',  ( -0.2323171922702000300, 19.57471520707000000, 6.736751137261000700 ) ) ;
#2045 = CARTESIAN_POINT ( 'NONE',  ( 1.339627956691232100, 16.10528170747391000, 9.868533266637562900 ) ) ;
#2046 = CARTESIAN_POINT ( 'NONE',  ( 0.7782182898420260100, 19.20927053767081500, 6.500000055836571800 ) ) ;
#2047 = CARTESIAN_POINT ( 'NONE',  ( 0.3000199487129196500, 18.81863231638227800, 6.500000054304227800 ) ) ;
#2048 = CARTESIAN_POINT ( 'NONE',  ( 1.143091859838000000, 18.74714020192999400, 6.736751137261000700 ) ) ;
#2049 = CARTESIAN_POINT ( 'NONE',  ( 1.365826194786228000, 16.11765223331111900, 9.855001988525041100 ) ) ;
#2050 = CARTESIAN_POINT ( 'NONE',  ( -0.1811644320129058300, 19.57029281573834500, 6.500000048753998200 ) ) ;
#2051 = PRESENTATION_LAYER_ASSIGNMENT (  '', '', ( #2200 ) ) ;
#2052 = CARTESIAN_POINT ( 'NONE',  ( -2.171556599694497000, 19.26735188147879500, 6.849127379370475700 ) ) ;
#2053 = CARTESIAN_POINT ( 'NONE',  ( -1.691700796029678200, 19.48691806232251300, 6.899174399753314400 ) ) ;
#2054 = CARTESIAN_POINT ( 'NONE',  ( 1.416991091311388800, 16.14104995678238600, 9.824834028263788700 ) ) ;
#2055 = CARTESIAN_POINT ( 'NONE',  ( -0.03097810700319736700, 16.09072613975126500, 9.076382252258284200 ) ) ;
#2056 = CARTESIAN_POINT ( 'NONE',  ( 0.6844425212313127700, 18.24689197218385700, 6.500000058637629900 ) ) ;
#2057 = CARTESIAN_POINT ( 'NONE',  ( -0.09953081621479785400, 19.02599072776429900, 6.500000051476203700 ) ) ;
#2058 = CARTESIAN_POINT ( 'NONE',  ( 1.441967300915451700, 16.15208152216327900, 9.808191714491250900 ) ) ;
#2059 = ORIENTED_EDGE ( 'NONE', *, *, #490, .F. ) ;
#2060 = CARTESIAN_POINT ( 'NONE',  ( 1.272243186433997800, 17.21999999999999900, 6.850000000000035200 ) ) ;
#2061 = CARTESIAN_POINT ( 'NONE',  ( 1.513809451614552800, 16.18221470005926900, 9.752471496534369100 ) ) ;
#2062 = CARTESIAN_POINT ( 'NONE',  ( -1.692070006705474400, 19.49767540638728400, 6.895433249022999300 ) ) ;
#2063 = CARTESIAN_POINT ( 'NONE',  ( 0.1840257861689331400, 16.32422808219694900, 9.613547166128560300 ) ) ;
#2064 = ORIENTED_EDGE ( 'NONE', *, *, #532, .F. ) ;
#2065 = CARTESIAN_POINT ( 'NONE',  ( 0.4781625482382529900, 17.47597552613545000, 6.500000060085953100 ) ) ;
#2066 = FILL_AREA_STYLE ('',( #1450 ) ) ;
#2067 = EDGE_LOOP ( 'NONE', ( #1469, #50, #40, #618, #2339, #1058, #1430, #1950 ) ) ;
#2068 = CARTESIAN_POINT ( 'NONE',  ( 1.490371963055320000, 16.17266197285650300, 9.772013825412591000 ) ) ;
#2069 = CARTESIAN_POINT ( 'NONE',  ( 1.763095506181125100, 17.48136764473195700, 6.899999996324695000 ) ) ;
#2070 = EDGE_LOOP ( 'NONE', ( #1646, #2271, #47, #2370 ) ) ;
#2071 = CARTESIAN_POINT ( 'NONE',  ( 1.816955835128490700, 14.57652994883332000, 10.22041891071989100 ) ) ;
#2072 = EDGE_CURVE ( 'NONE', #1918, #330, #2018, .T. ) ;
#2073 = CARTESIAN_POINT ( 'NONE',  ( 1.558840119903947200, 16.19971692279412800, 9.710742405490634600 ) ) ;
#2074 = EDGE_LOOP ( 'NONE', ( #53, #463, #362, #2166 ) ) ;
#2075 = ORIENTED_EDGE ( 'NONE', *, *, #1702, .T. ) ;
#2076 = CARTESIAN_POINT ( 'NONE',  ( -1.692405240452530500, 19.50744279664784700, 6.889247048010001400 ) ) ;
#2077 = CARTESIAN_POINT ( 'NONE',  ( 1.621527402201601300, 16.22187175639249500, 9.641796675335038800 ) ) ;
#2078 = CARTESIAN_POINT ( 'NONE',  ( 0.6229585267753131600, 16.61635459497570000, 9.803663339769640200 ) ) ;
#2079 = CARTESIAN_POINT ( 'NONE',  ( 1.816815328698936100, 14.23874604077609100, 8.562376288385854300 ) ) ;
#2080 = CARTESIAN_POINT ( 'NONE',  ( 1.859883175121000100, 17.09242870609999800, 6.488001347711999300 ) ) ;
#2081 = CARTESIAN_POINT ( 'NONE',  ( 1.580441705778535200, 16.20766968557086700, 9.688547853505305300 ) ) ;
#2082 = CARTESIAN_POINT ( 'NONE',  ( -1.937260596330779200, 19.45889453888821000, 6.500000038493709600 ) ) ;
#2083 = CARTESIAN_POINT ( 'NONE',  ( 1.427812262683638500, 14.32449414413234800, 10.08602301048602200 ) ) ;
#2084 = CARTESIAN_POINT ( 'NONE',  ( 1.641019182470909100, 16.22812371562566700, 9.617231321818717800 ) ) ;
#2085 = CARTESIAN_POINT ( 'NONE',  ( -1.692683324663473800, 19.51554507463729100, 6.880997255274000000 ) ) ;
#2086 = CARTESIAN_POINT ( 'NONE',  ( 1.677638950297162900, 16.23884555570060000, 9.566050850187254500 ) ) ;
#2087 = CARTESIAN_POINT ( 'NONE',  ( 2.334260159783486400, 14.54609890397605400, 8.604068315438571100 ) ) ;
#2088 = CARTESIAN_POINT ( 'NONE',  ( 1.352712885331450300, 14.03375991566196200, 8.871620113059748300 ) ) ;
#2089 = CARTESIAN_POINT ( 'NONE',  ( 1.797275276228000200, 14.52076712439999900, 10.27876922236999800 ) ) ;
#2090 = CARTESIAN_POINT ( 'NONE',  ( 1.726463283290926100, 16.25042309703179600, 9.484465368853511400 ) ) ;
#2091 = CARTESIAN_POINT ( 'NONE',  ( -2.262505935545636100, 19.03059559120404000, 6.500000038020855800 ) ) ;
#2092 = EDGE_CURVE ( 'NONE', #1578, #85, #1523, .T. ) ;
#2093 = CARTESIAN_POINT ( 'NONE',  ( 1.158107158666472800, 14.06693313391568800, 9.585805598997286100 ) ) ;
#2094 = CARTESIAN_POINT ( 'NONE',  ( 1.694773773890574400, 16.24331743805378600, 9.539426177899700900 ) ) ;
#2095 = CARTESIAN_POINT ( 'NONE',  ( -1.692889637895474800, 19.52155622914727900, 6.871117638200999500 ) ) ;
#2096 = CARTESIAN_POINT ( 'NONE',  ( 2.581803093440542300, 14.91715678474549400, 9.724566627126568700 ) ) ;
#2097 = B_SPLINE_CURVE_WITH_KNOTS ( 'NONE', 3,
 ( #1603, #1375, #363, #555, #1821, #713, #2027, #871 ),
 .UNSPECIFIED., .F., .F.,
 ( 4, 1, 1, 1, 1, 4 ),
 ( 4.336808689942017700E-019, 0.005623414933162611600, 0.01124683120705213800, 0.01687024748094166300, 0.02249366375483119100, 0.02811708002872072600 ),
 .UNSPECIFIED. ) ;
#2098 = CARTESIAN_POINT ( 'NONE',  ( 1.150485822285093300, 14.03718070098362800, 9.461864544709554200 ) ) ;
#2099 = CARTESIAN_POINT ( 'NONE',  ( 1.816473771596000400, 16.94925331269999800, 6.861126051024999800 ) ) ;
#2100 = VECTOR ( 'NONE', #2020, 100.0000000000000100 ) ;
#2101 = CARTESIAN_POINT ( 'NONE',  ( 1.741023884773500200, 16.25305820011348200, 9.456118972222624200 ) ) ;
#2102 = CARTESIAN_POINT ( 'NONE',  ( -1.693296993593000000, 19.51993280721999800, 6.488001347711999300 ) ) ;
#2103 = CARTESIAN_POINT ( 'NONE',  ( 1.267219544122654100, 14.01154582111235800, 9.004368701206416900 ) ) ;
#2104 = CARTESIAN_POINT ( 'NONE',  ( 1.779183074862213500, 16.25722249128703800, 9.368366020075473700 ) ) ;
#2105 = VERTEX_POINT ( 'NONE', #1520 ) ;
#2106 = ADVANCED_FACE ( 'NONE', ( #240 ), #750, .F. ) ;
#2107 = EDGE_LOOP ( 'NONE', ( #1271, #1786, #1088, #996 ) ) ;
#2108 = CARTESIAN_POINT ( 'NONE',  ( 1.328171626512495900, 14.24701172733468700, 9.988591066302300100 ) ) ;
#2109 = CARTESIAN_POINT ( 'NONE',  ( 1.877649015052999900, 17.16546119611000200, 6.861126051024999800 ) ) ;
#2110 = CIRCLE ( 'NONE', #942, 1.456101608965737900 ) ;
#2111 = PRESENTATION_LAYER_ASSIGNMENT (  '', '', ( #321 ) ) ;
#2112 = CARTESIAN_POINT ( 'NONE',  ( 1.767381320406926200, 16.25645757994963600, 9.398074715572510800 ) ) ;
#2113 = CARTESIAN_POINT ( 'NONE',  ( -2.210627643100000000, 19.18783832462000300, 6.488001347711999300 ) ) ;
#2114 = CARTESIAN_POINT ( 'NONE',  ( 1.707331243182825100, 14.18260552953809400, 8.596525294698611900 ) ) ;
#2115 = CARTESIAN_POINT ( 'NONE',  ( 1.799874230798171200, 16.25687248866394800, 9.307974303005247300 ) ) ;
#2116 = DIRECTION ( 'NONE',  ( 0.0000000000000000000, -1.000000000000000000, -1.044915787882004600E-013 ) ) ;
#2117 = CARTESIAN_POINT ( 'NONE',  ( 1.792579841824483200, 14.56227225640544300, 10.22009006415042800 ) ) ;
#2118 = CARTESIAN_POINT ( 'NONE',  ( 1.470887842650000100, 14.31037110245999800, 10.17093216314000200 ) ) ;
#2119 = CARTESIAN_POINT ( 'NONE',  ( 1.808767494823977400, 16.25575750936617700, 9.277280007739449300 ) ) ;
#2120 = DIRECTION ( 'NONE',  ( -6.297600072582289200E-014, 1.037738826290133700E-013, -1.000000000000000000 ) ) ;
#2121 = CARTESIAN_POINT ( 'NONE',  ( 0.7857678898888810200, 19.21725458590077600, 6.849127378789016300 ) ) ;
#2122 = CARTESIAN_POINT ( 'NONE',  ( 1.823530012191767900, 16.25166256223215900, 9.215306582665769900 ) ) ;
#2123 = AXIS2_PLACEMENT_3D ( 'NONE', #2060, #186, #901 ) ;
#2124 = CARTESIAN_POINT ( 'NONE',  ( -0.1999999999996010200, 18.06999999999623400, 6.800000000000102900 ) ) ;
#2125 = CARTESIAN_POINT ( 'NONE',  ( 1.257572595689313300, 14.20404532507643000, 9.977180316168494700 ) ) ;
#2126 = CARTESIAN_POINT ( 'NONE',  ( 1.478330337867088900, 14.95101510047537900, 8.413280888954815900 ) ) ;
#2127 = CARTESIAN_POINT ( 'NONE',  ( 1.829402021343850400, 16.24868182996660700, 9.184015883896931200 ) ) ;
#2128 = CARTESIAN_POINT ( 'NONE',  ( 1.628108830705226100, 16.72671827779907300, 6.849127379370521900 ) ) ;
#2129 = CARTESIAN_POINT ( 'NONE',  ( 1.838048714982573300, 16.24089386126831900, 9.121246558908529400 ) ) ;
#2130 = CARTESIAN_POINT ( 'NONE',  ( -1.693033138905127600, 19.52573728527702500, 6.849127381023962800 ) ) ;
#2131 = CARTESIAN_POINT ( 'NONE',  ( 1.362283955842296100, 14.02267992916587700, 8.789485049885488600 ) ) ;
#2132 = CARTESIAN_POINT ( 'NONE',  ( 0.9782651509334385800, 14.72233512940416000, 8.708130429137323600 ) ) ;
#2133 = EDGE_LOOP ( 'NONE', ( #1819, #1978 ) ) ;
#2134 = CARTESIAN_POINT ( 'NONE',  ( 1.840825013600363000, 16.23608517100758400, 9.089756215155414800 ) ) ;
#2135 = VERTEX_POINT ( 'NONE', #1736 ) ;
#2136 = CARTESIAN_POINT ( 'NONE',  ( -0.2000000000000234400, 18.07000000000006800, 6.849999999999923300 ) ) ;
#2137 = CARTESIAN_POINT ( 'NONE',  ( 1.843246245517771800, 16.22470293031072300, 9.026986890170789500 ) ) ;
#2138 = CARTESIAN_POINT ( 'NONE',  ( 2.031508112277999400, 14.29476519250999700, 8.504566368742002800 ) ) ;
#2139 = EDGE_LOOP ( 'NONE', ( #519, #1611, #1941, #305 ) ) ;
#2140 = CARTESIAN_POINT ( 'NONE',  ( -0.1787670422010000400, 16.61044799898000000, 6.900036467719999700 ) ) ;
#2141 = CARTESIAN_POINT ( 'NONE',  ( 0.7589675395350213800, 14.70812171479496700, 9.260170889315192600 ) ) ;
#2142 = CARTESIAN_POINT ( 'NONE',  ( 1.117376023461000200, 18.79332458303999700, 6.612376242486998700 ) ) ;
#2143 = ORIENTED_EDGE ( 'NONE', *, *, #862, .T. ) ;
#2144 =( GEOMETRIC_REPRESENTATION_CONTEXT ( 3 ) GLOBAL_UNCERTAINTY_ASSIGNED_CONTEXT ( ( #1987 ) ) GLOBAL_UNIT_ASSIGNED_CONTEXT ( ( #1695, #1524, #2475 ) ) REPRESENTATION_CONTEXT ( 'NONE', 'WORKASPACE' ) );
#2145 = CARTESIAN_POINT ( 'NONE',  ( 1.842891630803672900, 16.21812725508144800, 8.995696191402153400 ) ) ;
#2146 = CARTESIAN_POINT ( 'NONE',  ( -1.525686088240878000, 17.36410244882047500, 6.871117638202001400 ) ) ;
#2147 = CARTESIAN_POINT ( 'NONE',  ( 1.839056700362856000, 16.20329506645095200, 8.933722766326804200 ) ) ;
#2148 = CARTESIAN_POINT ( 'NONE',  ( -0.5985396694149216500, 18.87912671647295300, 6.899999999999999500 ) ) ;
#2149 = DIRECTION ( 'NONE',  ( 0.0000000000000000000, -1.000000000000000000, 1.387778780781333200E-014 ) ) ;
#2150 = CARTESIAN_POINT ( 'NONE',  ( 0.3207771472444001000, 16.63142532854170200, 6.899997398026101800 ) ) ;
#2151 = CARTESIAN_POINT ( 'NONE',  ( 0.9165440243102226400, 14.91460384111351100, 9.827472183910755300 ) ) ;
#2152 = CARTESIAN_POINT ( 'NONE',  ( -1.816666373593999900, 19.50596885295999900, 6.612376248815998300 ) ) ;
#2153 = CARTESIAN_POINT ( 'NONE',  ( 1.113221298442867100, 18.76926033541943900, 6.889247048010001400 ) ) ;
#2154 = CARTESIAN_POINT ( 'NONE',  ( 1.835575668746202100, 16.19503578423421100, 8.903028471061096700 ) ) ;
#2155 = CARTESIAN_POINT ( 'NONE',  ( -0.02424207867011648300, 18.95451582425790000, 6.899999999999999500 ) ) ;
#2156 = DIRECTION ( 'NONE',  ( 6.242543388921149100E-015, -1.368931755202617000E-014, -1.000000000000000000 ) ) ;
#2157 = CARTESIAN_POINT ( 'NONE',  ( 0.8212218835810003400, 16.62616427069000100, 6.895433249022999300 ) ) ;
#2158 = CARTESIAN_POINT ( 'NONE',  ( 1.359019125370504200, 15.22126040195141700, 10.07890745047112800 ) ) ;
#2159 = CARTESIAN_POINT ( 'NONE',  ( -0.1265974933545000200, 19.57078109108000100, 6.488001347711999300 ) ) ;
#2160 = CARTESIAN_POINT ( 'NONE',  ( 1.825533201941597700, 16.17694171624788500, 8.842636753991497400 ) ) ;
#2161 = CARTESIAN_POINT ( 'NONE',  ( -2.251918692503999800, 18.75208972249999900, 6.612376248815998300 ) ) ;
#2162 = CIRCLE ( 'NONE', #135, 0.8500000000004029900 ) ;
#2163 = CARTESIAN_POINT ( 'NONE',  ( -2.220269231299000000, 18.66086737019000100, 6.860127676785998200 ) ) ;
#2164 = CARTESIAN_POINT ( 'NONE',  ( 1.818969892064459700, 16.16710355274711800, 8.812928058493763900 ) ) ;
#2165 = CARTESIAN_POINT ( 'NONE',  ( 0.6078696644751014900, 18.47018436998041200, 6.900000000000000400 ) ) ;
#2166 = ORIENTED_EDGE ( 'NONE', *, *, #1412, .T. ) ;
#2167 = CARTESIAN_POINT ( 'NONE',  ( -0.2000000000000161400, 18.06999999999569100, 6.800000000000014000 ) ) ;
#2168 = CARTESIAN_POINT ( 'NONE',  ( 1.321717074046000300, 16.61943317838000000, 6.871117638200999500 ) ) ;
#2169 = ORIENTED_EDGE ( 'NONE', *, *, #1277, .F. ) ;
#2170 = CARTESIAN_POINT ( 'NONE',  ( 1.112221255144150600, 15.64872685238183100, 8.271019654000801000 ) ) ;
#2171 = CARTESIAN_POINT ( 'NONE',  ( 0.7469586507222001300, 19.23661953132999300, 6.488001347711999300 ) ) ;
#2172 = CARTESIAN_POINT ( 'NONE',  ( 1.802847224953409500, 16.14597703382684900, 8.754883801842334300 ) ) ;
#2173 = EDGE_LOOP ( 'NONE', ( #714, #1677 ) ) ;
#2174 = CARTESIAN_POINT ( 'NONE',  ( 1.343380973051000200, 16.61851117949000300, 6.736751149921000900 ) ) ;
#2175 = PRESENTATION_STYLE_ASSIGNMENT (( #1618 ) ) ;
#2176 = CARTESIAN_POINT ( 'NONE',  ( -2.177018061472999900, 19.25474126380000000, 6.736751149921000900 ) ) ;
#2177 = CARTESIAN_POINT ( 'NONE',  ( -1.706230784342000400, 17.80171890348500000, 6.899997398026101800 ) ) ;
#2178 = EDGE_LOOP ( 'NONE', ( #2364 ) ) ;
#2179 = CARTESIAN_POINT ( 'NONE',  ( 1.771286422118652200, 16.11079364390638700, 8.671576596166310900 ) ) ;
#2180 = CARTESIAN_POINT ( 'NONE',  ( 0.6337618346298259400, 17.72585429954007100, 6.900000000000000400 ) ) ;
#2181 = CARTESIAN_POINT ( 'NONE',  ( -1.693011501946247300, 19.52510686731606200, 6.860290307308532400 ) ) ;
#2182 = CARTESIAN_POINT ( 'NONE',  ( 2.187635781188297400, 14.45782280493938800, 8.586276625231333200 ) ) ;
#2183 = CARTESIAN_POINT ( 'NONE',  ( 0.6254113326882534400, 15.41886045474658900, 8.522454920561958900 ) ) ;
#2184 = CARTESIAN_POINT ( 'NONE',  ( 1.291318291983121900, 16.66422559805106500, 6.899999996324695000 ) ) ;
#2185 = EDGE_CURVE ( 'NONE', #1839, #1784, #1818, .T. ) ;
#2186 = CARTESIAN_POINT ( 'NONE',  ( 1.758846246602185900, 16.09819039256122200, 8.644951923879046900 ) ) ;
#2187 = B_SPLINE_CURVE_WITH_KNOTS ( 'NONE', 3,
 ( #2453, #353, #2250, #179 ),
 .UNSPECIFIED., .F., .F.,
 ( 4, 4 ),
 ( 0.0000000000000000000, 1.000000000000000000 ),
 .UNSPECIFIED. ) ;
#2188 = CARTESIAN_POINT ( 'NONE',  ( -1.743636609256000100, 19.52365029229999700, 6.861126051024999800 ) ) ;
#2189 = CARTESIAN_POINT ( 'NONE',  ( -1.491038007466999800, 17.34987304301000300, 6.895433249022999300 ) ) ;
#2190 = CARTESIAN_POINT ( 'NONE',  ( 1.731250976810042400, 16.07183766337849200, 8.593771452247285200 ) ) ;
#2191 = CARTESIAN_POINT ( 'NONE',  ( 1.393785223636549600, 16.63025363864859700, 6.500000068600318300 ) ) ;
#2192 = CARTESIAN_POINT ( 'NONE',  ( 2.559116211064802900, 14.74623242173400700, 8.949407892159781500 ) ) ;
#2193 = CARTESIAN_POINT ( 'NONE',  ( 0.3678043234851791600, 15.38563627904644600, 9.089756215158210800 ) ) ;
#2194 = CARTESIAN_POINT ( 'NONE',  ( 1.716090731156379600, 16.05808326611545000, 8.569206098730827400 ) ) ;
#2195 = CARTESIAN_POINT ( 'NONE',  ( -2.272527602502000500, 18.82434793335999500, 6.861126051024999800 ) ) ;
#2196 = FILL_AREA_STYLE_COLOUR ( '', #1301 ) ;
#2197 = CARTESIAN_POINT ( 'NONE',  ( 1.793284858002508000, 16.13468473459064300, 8.726537405211690400 ) ) ;
#2198 = CARTESIAN_POINT ( 'NONE',  ( 1.817486412347078400, 16.96445077769361400, 6.500000069999788200 ) ) ;
#2199 = CARTESIAN_POINT ( 'NONE',  ( 2.596597283770301500, 14.89119628719383400, 9.555111303732420700 ) ) ;
#2200 = STYLED_ITEM ( 'NONE', ( #2175 ), #1231 ) ;
#2201 = FACE_OUTER_BOUND ( 'NONE', #1685, .T. ) ;
#2202 = CARTESIAN_POINT ( 'NONE',  ( 0.4897623073115319700, 15.56844687419937400, 9.641796675334811400 ) ) ;
#2203 = CARTESIAN_POINT ( 'NONE',  ( 1.879747562059000100, 17.24071550813999600, 6.861126051024999800 ) ) ;
#2204 = CARTESIAN_POINT ( 'NONE',  ( 1.683248528825627400, 16.02960304469268800, 8.522454920561671100 ) ) ;
#2205 = ORIENTED_EDGE ( 'NONE', *, *, #1575, .T. ) ;
#2206 = CARTESIAN_POINT ( 'NONE',  ( 1.468300466681937700, 18.14136395061469600, 6.849127379677036700 ) ) ;
#2207 = CARTESIAN_POINT ( 'NONE',  ( 1.665560441291124000, 16.01487190395357600, 8.500260368576826800 ) ) ;
#2208 = CARTESIAN_POINT ( 'NONE',  ( 2.278201752000926100, 14.80810075068377300, 10.04984512140995700 ) ) ;
#2209 = CARTESIAN_POINT ( 'NONE',  ( 0.9378375650608230500, 15.88717604409906100, 9.936646215517722400 ) ) ;
#2210 = CARTESIAN_POINT ( 'NONE',  ( -2.202761968832453100, 18.63751087017823200, 6.875605298595885100 ) ) ;
#2211 = EDGE_LOOP ( 'NONE', ( #2205, #1364 ) ) ;
#2212 = ORIENTED_EDGE ( 'NONE', *, *, #1245, .F. ) ;
#2213 = CARTESIAN_POINT ( 'NONE',  ( -1.230788417254663900, 16.97805456366846900, 6.500000051465002000 ) ) ;
#2214 = CARTESIAN_POINT ( 'NONE',  ( 1.820862306521000100, 17.47944842881670300, 6.852446001640701400 ) ) ;
#2215 = CARTESIAN_POINT ( 'NONE',  ( 1.627887737632059100, 15.98462531263321100, 8.458531277531790200 ) ) ;
#2216 = CARTESIAN_POINT ( 'NONE',  ( 1.801842984455562600, 17.50199979153976700, 6.500000024337314400 ) ) ;
#2217 = CARTESIAN_POINT ( 'NONE',  ( 1.816955835128490700, 14.57652994883332000, 10.22041891071989100 ) ) ;
#2218 = CARTESIAN_POINT ( 'NONE',  ( 0.7583011385331109900, 16.35369551968755200, 8.129837040323694800 ) ) ;
#2219 = CARTESIAN_POINT ( 'NONE',  ( 0.2499999999999995800, 17.29057713658979600, 6.500000059351373600 ) ) ;
#2220 = CARTESIAN_POINT ( 'NONE',  ( -0.2890585284342052100, 16.57223380904515200, 6.500000058597381200 ) ) ;
#2221 = CARTESIAN_POINT ( 'NONE',  ( 1.806164472464999900, 17.50377276712999800, 6.736751149921000900 ) ) ;
#2222 = CARTESIAN_POINT ( 'NONE',  ( 1.309611267319999800, 18.34008112646000300, 6.900036467719999700 ) ) ;
#2223 = CARTESIAN_POINT ( 'NONE',  ( 1.607896088919220000, 15.96910421574041500, 8.438988948652735200 ) ) ;
#2224 = CARTESIAN_POINT ( 'NONE',  ( -0.2211015879695999700, 19.52572440191249800, 6.899997398026101800 ) ) ;
#2225 = CARTESIAN_POINT ( 'NONE',  ( 1.543828844064015800, 15.92136052469370900, 8.386168745801637000 ) ) ;
#2226 = CARTESIAN_POINT ( 'NONE',  ( -0.7368428253197001300, 16.66659998647999800, 6.488001347711999300 ) ) ;
#2227 = CARTESIAN_POINT ( 'NONE',  ( 0.2530734038952561800, 16.10913647203571800, 8.361336038170772900 ) ) ;
#2228 = CARTESIAN_POINT ( 'NONE',  ( 1.814525062096999900, 16.95022276691999600, 6.736751149921000900 ) ) ;
#2229 = CARTESIAN_POINT ( 'NONE',  ( 1.763095511439069200, 17.48136764757900600, 6.900000000000000400 ) ) ;
#2230 = CARTESIAN_POINT ( 'NONE',  ( 1.854009290000999900, 17.38851584527999700, 6.736751149921000900 ) ) ;
#2231 = CARTESIAN_POINT ( 'NONE',  ( 1.099664432439999800, 18.79472033117999500, 6.889247048010001400 ) ) ;
#2232 = CARTESIAN_POINT ( 'NONE',  ( 1.565870564728612200, 15.93747477401104000, 8.402811059573950900 ) ) ;
#2233 = CARTESIAN_POINT ( 'NONE',  ( -0.7218815580538002800, 19.54075285002999600, 6.889247048010001400 ) ) ;
#2234 = CIRCLE ( 'NONE', #1210, 0.8499999999993019800 ) ;
#2235 = CARTESIAN_POINT ( 'NONE',  ( 1.497983372885936900, 15.88874928625626200, 8.356000785540526700 ) ) ;
#2236 = CARTESIAN_POINT ( 'NONE',  ( -0.8826223804143001900, 16.72899312384000200, 6.612376242486998700 ) ) ;
#2237 = AXIS2_PLACEMENT_3D ( 'NONE', #2352, #1117, #77 ) ;
#2238 = LINE ( 'NONE', #609, #1109 ) ;
#2239 = EDGE_LOOP ( 'NONE', ( #1509 ) ) ;
#2240 = DIRECTION ( 'NONE',  ( -8.592823452948851800E-016, 3.206885370684781300E-015, 1.000000000000000000 ) ) ;
#2241 = CARTESIAN_POINT ( 'NONE',  ( 1.293525609520999900, 16.61355273227000100, 6.861126051024999800 ) ) ;
#2242 = CARTESIAN_POINT ( 'NONE',  ( 1.816955835128490700, 14.57652994883332000, 10.22041891071989100 ) ) ;
#2243 = CARTESIAN_POINT ( 'NONE',  ( 1.425086955413406900, 15.83906667691172000, 8.318693998704617300 ) ) ;
#2244 = CARTESIAN_POINT ( 'NONE',  ( -1.222165209264999900, 19.54132052214999900, 6.860127676783999800 ) ) ;
#2245 = TOROIDAL_SURFACE ( 'NONE', #2123, 0.5561016563227039200, 0.05000000000125344500 ) ;
#2246 = EDGE_LOOP ( 'NONE', ( #2008, #153 ) ) ;
#2247 = CARTESIAN_POINT ( 'NONE',  ( -1.021220129562000000, 16.80650458812999700, 6.736751137261000700 ) ) ;
#2248 = ADVANCED_FACE ( 'NONE', ( #1193, #1948 ), #1244, .T. ) ;
#2249 = CARTESIAN_POINT ( 'NONE',  ( 1.474171064205991100, 15.87224620945062100, 8.342469507428115000 ) ) ;
#2250 = CARTESIAN_POINT ( 'NONE',  ( 1.127585814536695900, 18.77690911201887000, 6.732751585859292100 ) ) ;
#2251 = CARTESIAN_POINT ( 'NONE',  ( -1.151070866063000200, 16.89831436495999700, 6.861126032036001000 ) ) ;
#2252 = CARTESIAN_POINT ( 'NONE',  ( -0.4334064671092653900, 18.93930117329851700, 6.500000049433627900 ) ) ;
#2253 = CARTESIAN_POINT ( 'NONE',  ( 0.03169489434760000600, 19.55900659363999900, 6.736751137261000700 ) ) ;
#2254 = DIRECTION ( 'NONE',  ( 1.000000000000000000, 0.0000000000000000000, 0.0000000000000000000 ) ) ;
#2255 = CARTESIAN_POINT ( 'NONE',  ( 1.399805992242565900, 15.82238402711179900, 8.308445329237748900 ) ) ;
#2256 = CARTESIAN_POINT ( 'NONE',  ( 0.6109833129609145700, 19.33377493297306100, 6.500000054386383400 ) ) ;
#2257 = CARTESIAN_POINT ( 'NONE',  ( -1.744161883112849600, 19.52398254552323200, 6.849127379370465900 ) ) ;
#2258 = CARTESIAN_POINT ( 'NONE',  ( 0.3707316999669864100, 18.76647195381531200, 6.500000054915721700 ) ) ;
#2259 = CARTESIAN_POINT ( 'NONE',  ( -0.2322705476329999800, 19.57254339417999500, 6.612376242486998700 ) ) ;
#2260 = LINE ( 'NONE', #1809, #2100 ) ;
#2261 = MANIFOLD_SOLID_BREP ( 'Импортированный2', #1632 ) ;
#2262 = CARTESIAN_POINT ( 'NONE',  ( 1.348105621141086200, 15.78905690939531300, 8.291363740173526500 ) ) ;
#2263 = CARTESIAN_POINT ( 'NONE',  ( -0.2514522975842762300, 19.56911718109357800, 6.500000016465919300 ) ) ;
#2264 = ORIENTED_EDGE ( 'NONE', *, *, #1400, .T. ) ;
#2265 = CARTESIAN_POINT ( 'NONE',  ( -2.242653850186787900, 19.13118449021131100, 6.849127379370477400 ) ) ;
#2266 = AXIS2_PLACEMENT_3D ( 'NONE', #1604, #1196, #167 ) ;
#2267 = EDGE_LOOP ( 'NONE', ( #1972, #2400 ) ) ;
#2268 = CARTESIAN_POINT ( 'NONE',  ( -0.6500000000001002800, 18.84942286340169600, 6.500000048434745100 ) ) ;
#2269 = CARTESIAN_POINT ( 'NONE',  ( 1.268015473406594300, 15.73935409621553700, 8.274356558548493700 ) ) ;
#2270 = CARTESIAN_POINT ( 'NONE',  ( -0.02366214494600680700, 16.11381761059907400, 9.169049972599522000 ) ) ;
#2271 = ORIENTED_EDGE ( 'NONE', *, *, #949, .F. ) ;
#2272 = CARTESIAN_POINT ( 'NONE',  ( 0.6982838164876229400, 18.12959035319600100, 6.500000059132306200 ) ) ;
#2273 = CARTESIAN_POINT ( 'NONE',  ( -0.4869190700355353600, 18.94355619403818700, 8.702015805059362600 ) ) ;
#2274 = CARTESIAN_POINT ( 'NONE',  ( 1.321676563350865100, 15.77240622001894500, 8.284527627574183500 ) ) ;
#2275 = EDGE_LOOP ( 'NONE', ( #2143 ) ) ;
#2276 = CARTESIAN_POINT ( 'NONE',  ( 1.293033139003702400, 16.61426271157466100, 6.849127380969509500 ) ) ;
#2277 = CARTESIAN_POINT ( 'NONE',  ( 1.240773427765279100, 15.72294648385186000, 8.271019654000580700 ) ) ;
#2278 = CARTESIAN_POINT ( 'NONE',  ( 0.2460429590719000700, 16.37137862081291600, 9.669267384085525700 ) ) ;
#2279 = CARTESIAN_POINT ( 'NONE',  ( 0.3499173192530564100, 17.35534362143710400, 6.500000059730570700 ) ) ;
#2280 = CARTESIAN_POINT ( 'NONE',  ( 1.268520126122000000, 16.62022099237999800, 6.488001347711999300 ) ) ;
#2281 = CARTESIAN_POINT ( 'NONE',  ( 1.188954997026291100, 15.69249879985727100, 8.268415103889847000 ) ) ;
#2282 = CARTESIAN_POINT ( 'NONE',  ( -2.203635859498648500, 18.63704554346249900, 6.616375798129515900 ) ) ;
#2283 = EDGE_CURVE ( 'NONE', #1839, #1512, #491, .T. ) ;
#2284 = CARTESIAN_POINT ( 'NONE',  ( 1.201152225979677000, 15.69961137488815000, 8.268761370729718500 ) ) ;
#2285 = CARTESIAN_POINT ( 'NONE',  ( -1.693035327581270400, 19.52580105242595100, 6.852786849250216000 ) ) ;
#2286 = CARTESIAN_POINT ( 'NONE',  ( 1.176727110239645900, 15.68543903741921700, 8.268415159341129700 ) ) ;
#2287 = CARTESIAN_POINT ( 'NONE',  ( 0.6428952957573765800, 16.62786507550589100, 9.803663249359869900 ) ) ;
#2288 = CARTESIAN_POINT ( 'NONE',  ( 1.734468563686705900, 14.19607287412038100, 8.586293990049743000 ) ) ;
#2289 = CARTESIAN_POINT ( 'NONE',  ( 1.872527602501999900, 17.31565206664000200, 6.861126051024999800 ) ) ;
#2290 = CARTESIAN_POINT ( 'NONE',  ( 1.169018228044522300, 15.68098831932621100, 8.268415194299533900 ) ) ;
#2291 = CARTESIAN_POINT ( 'NONE',  ( -2.002872804148220900, 19.42131723138661700, 6.500000038227360800 ) ) ;
#2292 = CARTESIAN_POINT ( 'NONE',  ( 1.365795089782422300, 14.27734360551138700, 10.03030279253043000 ) ) ;
#2293 = CARTESIAN_POINT ( 'NONE',  ( 1.161309345849398600, 15.67653760123320700, 8.268415229257938000 ) ) ;
#2294 = DIRECTION ( 'NONE',  ( 0.4699997429837490800, -0.8826665517596155000, 5.941117989082288400E-009 ) ) ;
#2295 = CARTESIAN_POINT ( 'NONE',  ( 1.153600463654274700, 15.67208688314020100, 8.268415264216342200 ) ) ;
#2296 = CARTESIAN_POINT ( 'NONE',  ( 2.467761317791543200, 14.64657515452605500, 8.718993475313569200 ) ) ;
#2297 = B_SPLINE_CURVE_WITH_KNOTS ( 'NONE', 3,
 ( #727, #2257, #1405, #391, #1627, #576, #1847, #732, #2052, #895, #2265, #1051, #2473, #1220, #195, #1413, #399, #1636 ),
 .UNSPECIFIED., .F., .F.,
 ( 4, 2, 2, 2, 2, 2, 2, 2, 4 ),
 ( 0.0000000000000000000, 0.1250000000000000000, 0.2500000000000000000, 0.3750000000000000000, 0.5000000000000000000, 0.6250000000000000000, 0.7500000000000000000, 0.8750000000000000000, 1.000000000000000000 ),
 .UNSPECIFIED. ) ;
#2298 = CARTESIAN_POINT ( 'NONE',  ( 1.298958293912629000, 14.01856619323417000, 8.949425256978202000 ) ) ;
#2299 = CARTESIAN_POINT ( 'NONE',  ( 0.5815216214334001400, 15.67836426591000000, 9.829124349178002300 ) ) ;
#2300 = ORIENTED_EDGE ( 'NONE', *, *, #931, .T. ) ;
#2301 = CARTESIAN_POINT ( 'NONE',  ( 0.6120600803590876500, 16.61006234135759400, 9.803663179442960300 ) ) ;
#2302 = CARTESIAN_POINT ( 'NONE',  ( -2.271734279942144500, 18.95528968548325100, 6.500000038228573200 ) ) ;
#2303 = DIRECTION ( 'NONE',  ( -6.064789581597154500E-009, 3.501513043991289700E-009, 1.000000000000000000 ) ) ;
#2304 = EDGE_LOOP ( 'NONE', ( #1585, #1756, #242, #1820 ) ) ;
#2305 = CARTESIAN_POINT ( 'NONE',  ( 1.150791196609683500, 14.04384166306602000, 9.493137878659542400 ) ) ;
#2306 = LINE ( 'NONE', #355, #1036 ) ;
#2307 = CARTESIAN_POINT ( 'NONE',  ( 0.6197689563901822600, 16.61451307012723100, 9.803663214401355600 ) ) ;
#2308 = ORIENTED_EDGE ( 'NONE', *, *, #2185, .F. ) ;
#2309 = CARTESIAN_POINT ( 'NONE',  ( 2.481136027849542000, 14.89458446185605200, 9.899158896742569900 ) ) ;
#2310 = CARTESIAN_POINT ( 'NONE',  ( 1.154675367439401900, 14.05858856483958000, 9.555128668549997400 ) ) ;
#2311 = CARTESIAN_POINT ( 'NONE',  ( 1.733419642476000000, 16.82401139549000400, 6.861126051024999800 ) ) ;
#2312 = CARTESIAN_POINT ( 'NONE',  ( 0.6274778324212769700, 16.61896379889686400, 9.803663249359749100 ) ) ;
#2313 = CARTESIAN_POINT ( 'NONE',  ( -2.207222042535696500, 18.63513598289894400, 6.849127380969642700 ) ) ;
#2314 = ADVANCED_FACE ( 'NONE', ( #2366 ), #2437, .F. ) ;
#2315 = CARTESIAN_POINT ( 'NONE',  ( 1.316043877116154900, 14.02312336244351000, 8.922783219872510300 ) ) ;
#2316 = CARTESIAN_POINT ( 'NONE',  ( 0.6351867084523715700, 16.62341452766650100, 9.803663284318144400 ) ) ;
#2317 = CARTESIAN_POINT ( 'NONE',  ( 1.129378760637001400, 18.77786381485215000, 6.849127380276180500 ) ) ;
#2318 = CARTESIAN_POINT ( 'NONE',  ( 1.385835978884391000, 14.29277941554779100, 10.04986248622841000 ) ) ;
#2319 = CARTESIAN_POINT ( 'NONE',  ( 0.8715279565098001900, 14.87269425413000300, 9.841040144878000700 ) ) ;
#2320 = CARTESIAN_POINT ( 'NONE',  ( 0.6474145854613422300, 16.63047430703977300, 9.803663339769411100 ) ) ;
#2321 = CARTESIAN_POINT ( 'NONE',  ( -2.259883175120999800, 19.04757129389999900, 6.488001347711999300 ) ) ;
#2322 = CARTESIAN_POINT ( 'NONE',  ( 1.789131639424738500, 14.22426843687691400, 8.569195036166812300 ) ) ;
#2323 = CARTESIAN_POINT ( 'NONE',  ( 0.6596728706009691300, 16.63748112965458100, 9.803317072929573300 ) ) ;
#2324 = CARTESIAN_POINT ( 'NONE',  ( 0.7089870045664606900, 16.49558832466952700, 8.966577056626759300 ) ) ;
#2325 = CARTESIAN_POINT ( 'NONE',  ( 1.817004957565379700, 14.57644459387256900, 10.22043627553974300 ) ) ;
#2326 = FACE_OUTER_BOUND ( 'NONE', #959, .T. ) ;
#2327 = CARTESIAN_POINT ( 'NONE',  ( 0.6996922686563554800, 16.66012654244781600, 9.801058789658942100 ) ) ;
#2328 = PLANE ( 'NONE',  #2410 ) ;
#2329 = VECTOR ( 'NONE', #1687, 100.0000000000000100 ) ;
#2330 = CARTESIAN_POINT ( 'NONE',  ( 0.4317658686318185900, 19.44433740574805100, 6.849127378789019900 ) ) ;
#2331 = CARTESIAN_POINT ( 'NONE',  ( 0.7829772244376074200, 16.70546084502372300, 9.787550816086025000 ) ) ;
#2332 = EDGE_LOOP ( 'NONE', ( #1554 ) ) ;
#2333 = DIRECTION ( 'NONE',  ( -0.01540465520972399500, -0.008202626906098796000, -0.9998476951564717600 ) ) ;
#2334 = CARTESIAN_POINT ( 'NONE',  ( 1.169911572003302000, 14.12033144098587200, 9.814596925256497100 ) ) ;
#2335 = VERTEX_POINT ( 'NONE', #1997 ) ;
#2336 = CARTESIAN_POINT ( 'NONE',  ( 1.395241365145537100, 14.90650640453228300, 8.430288070579599900 ) ) ;
#2337 = CARTESIAN_POINT ( 'NONE',  ( -0.2848795839002001300, 19.56738678648000000, 6.488001347711999300 ) ) ;
#2338 = CARTESIAN_POINT ( 'NONE',  ( 0.7275227006009492600, 16.67551503983929700, 9.797721885111460700 ) ) ;
#2339 = ORIENTED_EDGE ( 'NONE', *, *, #1063, .F. ) ;
#2340 = PLANE ( 'NONE',  #1546 ) ;
#2341 = CARTESIAN_POINT ( 'NONE',  ( 1.740339651703608300, 16.83160211968628400, 6.849127379370510300 ) ) ;
#2342 = ORIENTED_EDGE ( 'NONE', *, *, #2283, .F. ) ;
#2343 = CARTESIAN_POINT ( 'NONE',  ( 0.8106116733226413900, 16.72002373578231600, 9.780714703486488300 ) ) ;
#2344 = CARTESIAN_POINT ( 'NONE',  ( 1.116006813851000200, 18.80342227586999800, 6.861126031966000100 ) ) ;
#2345 = CARTESIAN_POINT ( 'NONE',  ( 1.505331460323268400, 14.07827868842586300, 8.656925561766492200 ) ) ;
#2346 = CARTESIAN_POINT ( 'NONE',  ( 0.9221536028390625600, 14.70536133009957800, 8.783876254283439900 ) ) ;
#2347 = CARTESIAN_POINT ( 'NONE',  ( 0.8924120695626558400, 16.76168664312378100, 9.753384444955081300 ) ) ;
#2348 = DIRECTION ( 'NONE',  ( 1.000000000000000000, 0.0000000000000000000, 0.0000000000000000000 ) ) ;
#2349 = CARTESIAN_POINT ( 'NONE',  ( 0.8653239894489883600, 16.74813401168545800, 9.763633114422082900 ) ) ;
#2350 = CARTESIAN_POINT ( 'NONE',  ( 1.212148061772000200, 15.71393842967999900, 8.215615801104002400 ) ) ;
#2351 = CARTESIAN_POINT ( 'NONE',  ( -2.543870137847177300, 19.21650250405955900, 6.500000035663486400 ) ) ;
#2352 = CARTESIAN_POINT ( 'NONE',  ( 0.7089870045660036100, 16.49558832466891500, 8.966577056626752200 ) ) ;
#2353 = CARTESIAN_POINT ( 'NONE',  ( 0.7569009223314947500, 14.72607963072442800, 9.354230913070749100 ) ) ;
#2354 = CARTESIAN_POINT ( 'NONE',  ( -1.513221298442821300, 17.37073966458046600, 6.889247048010001400 ) ) ;
#2355 = CARTESIAN_POINT ( 'NONE',  ( 0.9456884420227434900, 16.78760496198829700, 9.729608936231642200 ) ) ;
#2356 = DIRECTION ( 'NONE',  ( -0.9994115292233988200, -0.03430153430019776400, -9.699494642308065800E-013 ) ) ;
#2357 = CARTESIAN_POINT ( 'NONE',  ( 0.3211715679490001500, 16.61993346360000600, 6.899230593224002600 ) ) ;
#2358 = CARTESIAN_POINT ( 'NONE',  ( 0.9719048155033478400, 14.95958157317271500, 9.891395826940614800 ) ) ;
#2359 = CARTESIAN_POINT ( 'NONE',  ( 1.023051576643890100, 16.82337321129101000, 9.685909697857569600 ) ) ;
#2360 = CARTESIAN_POINT ( 'NONE',  ( -1.956008421473000200, 19.45263011928999900, 6.612376248815998300 ) ) ;
#2361 = CARTESIAN_POINT ( 'NONE',  ( 1.095094134899026600, 18.75960803502679000, 6.899174399752864100 ) ) ;
#2362 = CARTESIAN_POINT ( 'NONE',  ( 0.9718866801176629900, 16.79997548782239000, 9.716077658119262500 ) ) ;
#2363 = CARTESIAN_POINT ( 'NONE',  ( 0.1439671950621454200, 18.90328497990499600, 6.900000000000003000 ) ) ;
#2364 = ORIENTED_EDGE ( 'NONE', *, *, #822, .T. ) ;
#2365 = DIRECTION ( 'NONE',  ( 0.03429631001197436900, -0.9992593140536683000, 0.01745240374719499200 ) ) ;
#2366 = FACE_OUTER_BOUND ( 'NONE', #2015, .T. ) ;
#2367 = CARTESIAN_POINT ( 'NONE',  ( 0.8218352015390001400, 16.60829460244000100, 6.880997255274000000 ) ) ;
#2368 = CARTESIAN_POINT ( 'NONE',  ( 1.410837556111673100, 15.25170808594934300, 10.08151200058361100 ) ) ;
#2369 = CARTESIAN_POINT ( 'NONE',  ( 0.3174774591643000900, 16.49154597755999400, 9.780482673687004100 ) ) ;
#2370 = ORIENTED_EDGE ( 'NONE', *, *, #1432, .T. ) ;
#2371 = CARTESIAN_POINT ( 'NONE',  ( 1.048027786248306100, 16.83440477667206300, 9.669267384084912800 ) ) ;
#2372 = CARTESIAN_POINT ( 'NONE',  ( -2.204245807047000100, 18.63724698055000000, 6.612376248815998300 ) ) ;
#2373 = CARTESIAN_POINT ( 'NONE',  ( -2.220768828702000400, 18.66060134598669900, 6.848617413941101800 ) ) ;
#2374 = CARTESIAN_POINT ( 'NONE',  ( 1.119869936947643900, 16.86453795456810700, 9.613547166128023800 ) ) ;
#2375 = CARTESIAN_POINT ( 'NONE',  ( 0.6614731718558569700, 18.33196497130856900, 6.900000000000002100 ) ) ;
#2376 = CARTESIAN_POINT ( 'NONE',  ( -0.2516613360341000700, 19.57520773773000800, 6.849127379870199500 ) ) ;
#2377 = CARTESIAN_POINT ( 'NONE',  ( 1.321863816190699900, 16.61515769059670300, 6.852446001638699400 ) ) ;
#2378 = CARTESIAN_POINT ( 'NONE',  ( 1.028936299363570900, 15.60339254980328300, 8.284527627574302500 ) ) ;
#2379 = CARTESIAN_POINT ( 'NONE',  ( 1.763095506181125100, 17.48136764473195700, 6.899999996324695000 ) ) ;
#2380 = SURFACE_SIDE_STYLE ('',( #1674 ) ) ;
#2381 = CARTESIAN_POINT ( 'NONE',  ( 1.096432448388196000, 16.85498522736526200, 9.633089495006409200 ) ) ;
#2382 = B_SPLINE_CURVE_WITH_KNOTS ( 'NONE', 3,
 ( #961, #2148, #1293, #289, #1522, #493, #1738, #654, #1952, #807, #2155, #969, #2363, #1129, #94, #1305, #298, #1532, #502, #1749, #662, #1960, #819, #2165, #976, #2375, #1137, #103, #1315, #310, #1543, #509, #1761, #670, #1968, #826, #2180, #984, #2387, #1147, #115, #1323, #319, #1556, #516, #1770 ),
 .UNSPECIFIED., .F., .F.,
 ( 4, 2, 2, 2, 2, 2, 2, 2, 2, 2, 2, 2, 2, 2, 2, 2, 2, 2, 2, 2, 2, 2, 4 ),
 ( -0.01686685838295301200, -0.01511002976338915800, -0.01423161545360721700, -0.01335320114382527800, -0.01159637252426139900, -0.009839543904697517500, -0.008082715285133637900, -0.007204300975351699000, -0.006325886665569756600, -0.005447472355787816000, -0.004569058046005875300, -0.002812229426442056400, -0.001055400806878235800, -0.0001769864970963298800, 0.0007014278126855795500, 0.002458256432249398400, 0.003336670742031307800, 0.004215085051813213800, 0.005971913671377036100, 0.007728742290940855000, 0.008607156600722764400, 0.009485570910504670400, 0.01124239953006843700 ),
 .UNSPECIFIED. ) ;
#2383 = CARTESIAN_POINT ( 'NONE',  ( 0.5682352004689001900, 16.64952698014999700, 9.845343370912001300 ) ) ;
#2384 = CARTESIAN_POINT ( 'NONE',  ( -2.243714004549000500, 19.12067509111999900, 6.736751149921000900 ) ) ;
#2385 = CARTESIAN_POINT ( 'NONE',  ( -1.716380241673000300, 17.79631454935999500, 6.899230593224002600 ) ) ;
#2386 = CARTESIAN_POINT ( 'NONE',  ( 1.164900605237895800, 16.88204017730639700, 9.571818075083326600 ) ) ;
#2387 = CARTESIAN_POINT ( 'NONE',  ( 0.5499797365385817900, 17.56947389516375700, 6.900000000000002100 ) ) ;
#2388 = B_SPLINE_SURFACE_WITH_KNOTS ( 'NONE', 3, 3, ( 
 ( #1727, #1536, #1517, #1560, #1549, #2171, #1974, #1945, #1288, #1310, #1235, #2159, #1955, #2337 ),
 ( #1826, #2142, #527, #506, #258, #1282, #1217, #191, #1631, #1410, #2470, #1048, #2259, #892 ),
 ( #2048, #729, #1841, #574, #1624, #386, #1402, #183, #1207, #2460, #2253, #1040, #2044, #378 ),
 ( #883, #1832, #702, #1901, #1859, #1644, #1494, #588, #1266, #201, #2479, #1419, #1911, #2419 ) ),
 .UNSPECIFIED., .F., .F., .F.,
 ( 4, 4 ),
 ( 4, 1, 1, 1, 1, 1, 1, 1, 1, 1, 1, 4 ),
 ( 859.2294379385001500, 862.9606847816998000 ),
 ( 4.132165658817998900, 4.237660808194000600, 4.343155957569998700, 4.448651106945000300, 4.554146256320998500, 4.659641405697001000, 4.765136555072999200, 4.870631704448000800, 4.976126853824000700, 5.081622003200001500, 5.187117152575998700, 5.292612301951000300 ),
 .UNSPECIFIED. ) ;
#2389 = PLANE ( 'NONE',  #1971 ) ;
#2390 = CARTESIAN_POINT ( 'NONE',  ( 2.262000853152465100, 14.50768498727840900, 8.620300803422509300 ) ) ;
#2391 = CARTESIAN_POINT ( 'NONE',  ( 0.5648338559967133200, 15.39840642468896300, 8.593771452247718700 ) ) ;
#2392 = B_SPLINE_SURFACE_WITH_KNOTS ( 'NONE', 3, 1, ( 
 ( #2219, #2021 ),
 ( #332, #1800 ),
 ( #1000, #1574 ),
 ( #90, #781 ),
 ( #737, #948 ),
 ( #2057, #405 ),
 ( #1056, #2273 ),
 ( #899, #582 ) ),
 .UNSPECIFIED., .F., .F., .F.,
 ( 4, 1, 1, 1, 1, 4 ),
 ( 2, 2 ),
 ( 0.0000000000000000000, 1.000000023841859400, 2.000000047683717400, 3.000000071525576600, 4.000000095367434800, 5.000000119209291300 ),
 ( 0.0000000000000000000, 22.02015755954503700 ),
 .UNSPECIFIED. ) ;
#2393 = CARTESIAN_POINT ( 'NONE',  ( -1.889548274832999900, 19.48768758712999400, 6.861126051024999800 ) ) ;
#2394 = VERTEX_POINT ( 'NONE', #364 ) ;
#2395 = CARTESIAN_POINT ( 'NONE',  ( -1.506820253105999800, 17.34146935781999900, 6.880997255274000000 ) ) ;
#2396 = CARTESIAN_POINT ( 'NONE',  ( 1.186502191112404100, 16.88999294008609900, 9.549623523097890800 ) ) ;
#2397 = CARTESIAN_POINT ( 'NONE',  ( 1.490876454168988500, 16.66067762211130100, 6.500000069082628500 ) ) ;
#2398 = FACE_OUTER_BOUND ( 'NONE', #2304, .T. ) ;
#2399 = CARTESIAN_POINT ( 'NONE',  ( 2.590677013899456600, 14.78141581165467500, 9.032715097835712500 ) ) ;
#2400 = ORIENTED_EDGE ( 'NONE', *, *, #1114, .T. ) ;
#2401 = CARTESIAN_POINT ( 'NONE',  ( 0.3626067929501518600, 15.40182721000411300, 9.184015883895778400 ) ) ;
#2402 = CARTESIAN_POINT ( 'NONE',  ( 1.247079667803559800, 16.91044697014363200, 9.478306991412507500 ) ) ;
#2403 = EDGE_LOOP ( 'NONE', ( #1399, #1191, #1686, #1330 ) ) ;
#2404 = CARTESIAN_POINT ( 'NONE',  ( -2.230716385980000100, 18.68000337167999800, 6.861126051024999800 ) ) ;
#2405 = ORIENTED_EDGE ( 'NONE', *, *, #991, .T. ) ;
#2406 = CARTESIAN_POINT ( 'NONE',  ( 1.227587887534473700, 16.90419501091047400, 9.502872344928514200 ) ) ;
#2407 = CARTESIAN_POINT ( 'NONE',  ( 1.857233707516097200, 17.08424926063145900, 6.500000069821370000 ) ) ;
#2408 = CARTESIAN_POINT ( 'NONE',  ( 2.567012863808343100, 14.89266126911466300, 9.646197316069324400 ) ) ;
#2409 = CARTESIAN_POINT ( 'NONE',  ( 0.5402925971772669600, 15.61165823636169100, 9.710742405489673600 ) ) ;
#2410 = AXIS2_PLACEMENT_3D ( 'NONE', #2351, #2303, #2294 ) ;
#2411 = B_SPLINE_SURFACE_WITH_KNOTS ( 'NONE', 3, 3, ( 
 ( #2224, #1358, #1020, #2432, #1183, #158, #1369, #360, #1600, #553 ),
 ( #1813, #710, #2024, #867, #2233, #1024, #2442, #1190, #165, #1378 ),
 ( #366, #1606, #558, #1823, #716, #2029, #873, #2244, #1028, #2448 ),
 ( #1197, #169, #1384, #374, #1613, #563, #1828, #721, #2035, #878 ) ),
 .UNSPECIFIED., .F., .F., .F.,
 ( 4, 4 ),
 ( 4, 1, 1, 1, 1, 1, 1, 4 ),
 ( -0.07000810204480000000, 14.92908520428000200 ),
 ( -0.01020195370449000100, 0.2196056929750000200, 0.4494133396540001000, 0.6792209863340001900, 0.9090286330140002800, 1.138836279693000100, 1.368643926373000400, 1.598451573052000100 ),
 .UNSPECIFIED. ) ;
#2412 = CARTESIAN_POINT ( 'NONE',  ( 1.283699435629823700, 16.92116881021855300, 9.427126519781003500 ) ) ;
#2413 = CARTESIAN_POINT ( 'NONE',  ( -1.527585814536695800, 17.36309088798112700, 6.732751585859292100 ) ) ;
#2414 = CARTESIAN_POINT ( 'NONE',  ( -0.2508515908545649300, 19.55161495436122000, 6.894485627834473700 ) ) ;
#2415 = CARTESIAN_POINT ( 'NONE',  ( 1.332523768622778000, 16.93274635154642400, 9.345541038448923000 ) ) ;
#2416 = CARTESIAN_POINT ( 'NONE',  ( -1.463558446206934400, 17.23852452193317200, 6.849127378789010100 ) ) ;
#2417 = CARTESIAN_POINT ( 'NONE',  ( 2.204820880259317200, 14.77648873461157400, 10.10266532425560200 ) ) ;
#2418 = CARTESIAN_POINT ( 'NONE',  ( 1.004700812488658900, 15.92691876542671800, 9.942241403336113900 ) ) ;
#2419 = CARTESIAN_POINT ( 'NONE',  ( -0.2852481777419000300, 19.57388926355999800, 6.861126032036001000 ) ) ;
#2420 = CARTESIAN_POINT ( 'NONE',  ( -1.068484679897582200, 16.84501882371678500, 6.500000052915173600 ) ) ;
#2421 = CARTESIAN_POINT ( 'NONE',  ( 1.541216461733600200, 17.89697450332329600, 6.899997398026101800 ) ) ;
#2422 = CARTESIAN_POINT ( 'NONE',  ( 1.300834259223033800, 16.92564069257169000, 9.400501847493755400 ) ) ;
#2423 = CARTESIAN_POINT ( 'NONE',  ( 1.805428860695330200, 17.50390918870507700, 6.732751591270474700 ) ) ;
#2424 = B_SPLINE_SURFACE_WITH_KNOTS ( 'NONE', 3, 3, ( 
 ( #644, #2140, #1286, #282, #1515, #487, #1734, #650, #1942, #802 ),
 ( #2150, #964, #2357, #1123, #88, #1295, #291, #1525, #496, #1740 ),
 ( #656, #1953, #810, #2157, #971, #2367, #1131, #96, #1308, #300 ),
 ( #1534, #504, #1753, #664, #1962, #821, #2168, #978, #2377, #1141 ) ),
 .UNSPECIFIED., .F., .F., .F.,
 ( 4, 4 ),
 ( 4, 1, 1, 1, 1, 1, 1, 4 ),
 ( -0.07000810204480000000, 14.92908520428000200 ),
 ( -0.01020195370450000100, 0.2196056929750000200, 0.4494133396540001000, 0.6792209863340001900, 0.9090286330140002800, 1.138836279693000100, 1.368643926373000400, 1.598451573052000100 ),
 .UNSPECIFIED. ) ;
#2425 = EDGE_CURVE ( 'NONE', #1367, #1578, #622, .T. ) ;
#2426 = CARTESIAN_POINT ( 'NONE',  ( 0.6904513085326865500, 16.31566160950251300, 8.135432228142365200 ) ) ;
#2427 = CARTESIAN_POINT ( 'NONE',  ( 1.620925089393999900, 16.72475226536999700, 6.736751149921000900 ) ) ;
#2428 = CARTESIAN_POINT ( 'NONE',  ( -0.1837024768857148700, 16.56967667965493600, 6.500000059245300200 ) ) ;
#2429 = VERTEX_POINT ( 'NONE', #556 ) ;
#2430 = CARTESIAN_POINT ( 'NONE',  ( 1.326023684858999900, 18.34882036379000100, 6.895433249022999300 ) ) ;
#2431 = CARTESIAN_POINT ( 'NONE',  ( 1.347084370105486900, 16.93538145462519800, 9.317194641818149500 ) ) ;
#2432 = CARTESIAN_POINT ( 'NONE',  ( -0.2218707650314999900, 19.54813519021000100, 6.895433249022999300 ) ) ;
#2433 = CARTESIAN_POINT ( 'NONE',  ( 1.385243560195085200, 16.93954574579576900, 9.229441689669302600 ) ) ;
#2434 = CARTESIAN_POINT ( 'NONE',  ( -0.4310260661766001100, 16.58529168646999700, 6.488001347711999300 ) ) ;
#2435 = CARTESIAN_POINT ( 'NONE',  ( 0.1903861215985424000, 16.08698163843136800, 8.430281768325707900 ) ) ;
#2436 = VERTEX_POINT ( 'NONE', #2242 ) ;
#2437 = B_SPLINE_SURFACE_WITH_KNOTS ( 'NONE', 3, 3, ( 
 ( #1349, #689, #1579, #536, #1795, #695, #2003, #849, #2214, #1015 ),
 ( #2421, #1175, #149, #1356, #351, #1589, #543, #1802, #703, #2010 ),
 ( #856, #2222, #1019, #2430, #1182, #156, #1366, #358, #1598, #552 ),
 ( #1811, #708, #2022, #866, #2231, #1023, #2440, #1189, #163, #1376 ) ),
 .UNSPECIFIED., .F., .F., .F.,
 ( 4, 4 ),
 ( 4, 1, 1, 1, 1, 1, 1, 4 ),
 ( -0.07000810203712000400, 14.92908520389000100 ),
 ( -0.01020195370813000200, 0.2196056929680000000, 0.4494133396440001000, 0.6792209863200002800, 0.9090286329950001400, 1.138836279671000100, 1.368643926347000300, 1.598451573023000200 ),
 .UNSPECIFIED. ) ;
#2438 = ORIENTED_EDGE ( 'NONE', *, *, #1765, .T. ) ;
#2439 = DIRECTION ( 'NONE',  ( 6.255795766258626300E-009, -3.277939016430074300E-009, -1.000000000000000000 ) ) ;
#2440 = CARTESIAN_POINT ( 'NONE',  ( 1.112129222237999900, 18.80135754694000000, 6.871117638202001400 ) ) ;
#2441 = CARTESIAN_POINT ( 'NONE',  ( 1.373441805739677800, 16.93878083445831700, 9.259150385166734100 ) ) ;
#2442 = CARTESIAN_POINT ( 'NONE',  ( -0.7223659554964000400, 19.55486628251999900, 6.871117638200999500 ) ) ;
#2443 = CARTESIAN_POINT ( 'NONE',  ( -0.5866396994013001200, 16.61577082344000200, 6.612376242486998700 ) ) ;
#2444 = CARTESIAN_POINT ( 'NONE',  ( 1.807222042535697100, 17.50486401710098900, 6.849127380969648000 ) ) ;
#2445 = CARTESIAN_POINT ( 'NONE',  ( 1.864137159847000200, 17.09150520471999700, 6.736751149921000900 ) ) ;
#2446 = PLANE ( 'NONE',  #2266 ) ;
#2447 = CARTESIAN_POINT ( 'NONE',  ( 1.405934716131045600, 16.93919574317265000, 9.169049972599124100 ) ) ;
#2448 = CARTESIAN_POINT ( 'NONE',  ( -1.222184624249800000, 19.54188619828830300, 6.848617413939302300 ) ) ;
#2449 = CARTESIAN_POINT ( 'NONE',  ( -0.7383970032136001300, 16.66253709660999900, 6.736751137261000700 ) ) ;
#2450 = CARTESIAN_POINT ( 'NONE',  ( -0.1491484091454032300, 16.58838504563783900, 6.894485627833542000 ) ) ;
#2451 = CARTESIAN_POINT ( 'NONE',  ( 0.8913924218103001000, 15.88782856281000000, 9.979220505783002800 ) ) ;
#2452 = CARTESIAN_POINT ( 'NONE',  ( 1.429590497524979400, 16.93398581674372800, 9.076382252257751300 ) ) ;
#2453 = CARTESIAN_POINT ( 'NONE',  ( 1.123999715343219300, 18.77499959614057400, 6.500000021071733700 ) ) ;
#2454 = LINE ( 'NONE', #314, #334 ) ;
#2455 = CARTESIAN_POINT ( 'NONE',  ( -0.8845957385160000400, 16.72511647568999700, 6.861126032036001000 ) ) ;
#2456 = CIRCLE ( 'NONE', #560, 0.8999999999993035800 ) ;
#2457 = ADVANCED_FACE ( 'NONE', ( #2041 ), #2446, .F. ) ;
#2458 = EDGE_LOOP ( 'NONE', ( #2438, #1582, #1883, #1064 ) ) ;
#2459 = CARTESIAN_POINT ( 'NONE',  ( -0.3465854050147705900, 18.95807267780142500, 6.500000049894453000 ) ) ;
#2460 = CARTESIAN_POINT ( 'NONE',  ( 0.1871985578604000400, 19.52633115491000000, 6.736751137261000700 ) ) ;
#2461 = APPLICATION_CONTEXT ( 'automotive_design' ) ;
#2462 = B_SPLINE_CURVE_WITH_KNOTS ( 'NONE', 3,
 ( #800, #1121, #2191, #997, #2397, #1154, #125, #1333, #328, #1564, #524, #1778, #682, #1992, #841, #2198, #1003, #2407, #1160, #133, #1344, #338, #1570, #530, #1788, #690, #1999, #845 ),
 .UNSPECIFIED., .F., .F.,
 ( 4, 2, 2, 2, 2, 2, 2, 2, 2, 2, 2, 2, 2, 4 ),
 ( 0.0000000000000000000, 0.001514866253457534800, 0.002272299380186302300, 0.003029732506915069600, 0.003787165633643832200, 0.004544598760372595100, 0.005302031887101358100, 0.006059465013830120200, 0.007574331267287574100, 0.008331764394016342300, 0.009089197520745108700, 0.009846630647473876900, 0.01060406377420264500, 0.01211893002766009300 ),
 .UNSPECIFIED. ) ;
#2463 = CARTESIAN_POINT ( 'NONE',  ( 1.414827980156971000, 16.93808076387492900, 9.138355677332917500 ) ) ;
#2464 = CARTESIAN_POINT ( 'NONE',  ( 0.4900942170277100000, 19.40228775879806400, 6.500000053413318200 ) ) ;
#2465 = CARTESIAN_POINT ( 'NONE',  ( 1.968897956180872600, 14.31335854345741200, 8.497006067685298100 ) ) ;
#2466 = DIRECTION ( 'NONE',  ( -0.8825321059044156600, -0.4699281812762735600, 0.01745240643267089600 ) ) ;
#2467 = CARTESIAN_POINT ( 'NONE',  ( 1.435462506676791200, 16.93100508448134900, 9.045091553489250200 ) ) ;
#2468 = CARTESIAN_POINT ( 'NONE',  ( 0.04453220339375341800, 16.05239581488309900, 8.674003728087399200 ) ) ;
#2469 = CARTESIAN_POINT ( 'NONE',  ( 0.4360775015960038900, 18.70737940406189300, 6.500000055518939700 ) ) ;
#2470 = CARTESIAN_POINT ( 'NONE',  ( 0.03136048026210000500, 19.55685745358000500, 6.612376242486998700 ) ) ;
#2471 = CARTESIAN_POINT ( 'NONE',  ( 1.444109200315117700, 16.92321711578333400, 8.982322228503797100 ) ) ;
#2472 = CARTESIAN_POINT ( 'NONE',  ( 0.9000000000007305500, 16.16474411167014200, 6.799999999999836400 ) ) ;
#2473 = CARTESIAN_POINT ( 'NONE',  ( -2.277370511214919200, 18.98154782719314000, 6.849127379370481900 ) ) ;
#2474 = CARTESIAN_POINT ( 'NONE',  ( 1.446885498933065900, 16.91840842551969000, 8.950831884751032400 ) ) ;
#2475 =( NAMED_UNIT ( * ) SI_UNIT ( $, .STERADIAN. ) SOLID_ANGLE_UNIT ( ) );
#2476 = CARTESIAN_POINT ( 'NONE',  ( 1.449306730850655800, 16.90702618481952900, 8.888062559764970100 ) ) ;
#2477 = CARTESIAN_POINT ( 'NONE',  ( -0.007056368263570060200, 16.14174984208023400, 9.259150385167309600 ) ) ;
#2478 = CARTESIAN_POINT ( 'NONE',  ( 0.6996040917968292500, 18.04103337960940900, 6.500000059450394800 ) ) ;
#2479 = CARTESIAN_POINT ( 'NONE',  ( 0.03202930843310002100, 19.56115573370000100, 6.861126032036001000 ) ) ;
#2480 = CARTESIAN_POINT ( 'NONE',  ( 1.448952116136537300, 16.90045050959015800, 8.856771860996007100 ) ) ;
#2481 = CARTESIAN_POINT ( 'NONE',  ( 1.807222042535697100, 17.50486401710098900, 6.849127380969648000 ) ) ;
#2482 = CARTESIAN_POINT ( 'NONE',  ( -0.2516613341301867100, 19.57520768224021900, 6.849127380331173900 ) ) ;
#2483 = CARTESIAN_POINT ( 'NONE',  ( 1.445117185695715200, 16.88561832095965800, 8.794798435920634800 ) ) ;
ENDSEC;
END-ISO-10303-21;
