ISO-10303-21;
HEADER;
/* Generated by software containing ST-Developer
 * from STEP Tools, Inc. (www.steptools.com) 
 */
/* OPTION: using custom schema-name function */

FILE_DESCRIPTION(
/* description */ (''),
/* implementation_level */ '2;1');

FILE_NAME(
/* name */ '8C7D~1',
/* time_stamp */ '2016-03-29T15:41:55+06:00',
/* author */ (''),
/* organization */ (''),
/* preprocessor_version */ 'ST-DEVELOPER v15',
/* originating_system */ '',
/* authorisation */ '');

FILE_SCHEMA (('AUTOMOTIVE_DESIGN'));
ENDSEC;

DATA;
#10=SHAPE_REPRESENTATION_RELATIONSHIP('','',#1733,#13);
#11=PRESENTATION_LAYER_ASSIGNMENT('Default','',(#12));
#12=MANIFOLD_SOLID_BREP('brep_1',#14);
#13=ADVANCED_BREP_SHAPE_REPRESENTATION('brep_rep_0',(#12,#1746),#1732);
#14=CLOSED_SHELL('',(#19,#20,#21,#22,#23,#24,#25,#26,#27,#28,#29,#30,#31,
#32,#33,#34,#35,#36,#37,#38,#39,#40,#41,#42,#43,#44,#45,#46,#47,#48,#49,
#50,#51,#52,#53,#54,#55,#56,#57,#58,#59,#60,#61,#62,#63,#64,#65,#66,#67,
#68,#69,#70,#71,#72,#73,#74,#75,#76,#77,#78,#79,#80,#81,#82,#83,#84,#85,
#86,#87,#88,#89,#90,#91,#92,#93,#94,#95,#96,#97,#98,#99,#100,#101,#102,
#103,#104,#105,#106,#107,#108,#109,#110,#111,#112,#113,#114,#115,#116,#117,
#118,#119,#120,#121,#122,#123,#124,#125,#126,#127,#128,#129,#130,#131,#132,
#133,#134,#135));
#15=FACE_BOUND('',#262,.T.);
#16=FACE_BOUND('',#342,.T.);
#17=FACE_BOUND('',#352,.T.);
#18=FACE_BOUND('',#363,.T.);
#19=ADVANCED_FACE('',(#136),#1637,.T.);
#20=ADVANCED_FACE('',(#137),#1638,.T.);
#21=ADVANCED_FACE('',(#138),#1639,.T.);
#22=ADVANCED_FACE('',(#139),#1640,.T.);
#23=ADVANCED_FACE('',(#140),#1641,.T.);
#24=ADVANCED_FACE('',(#141),#1626,.T.);
#25=ADVANCED_FACE('',(#142),#1642,.T.);
#26=ADVANCED_FACE('',(#143),#1598,.T.);
#27=ADVANCED_FACE('',(#144,#15),#1627,.T.);
#28=ADVANCED_FACE('',(#145),#1643,.T.);
#29=ADVANCED_FACE('',(#146),#1644,.T.);
#30=ADVANCED_FACE('',(#147),#1645,.T.);
#31=ADVANCED_FACE('',(#148),#1646,.T.);
#32=ADVANCED_FACE('',(#149),#1647,.T.);
#33=ADVANCED_FACE('',(#150),#1648,.T.);
#34=ADVANCED_FACE('',(#151),#1649,.T.);
#35=ADVANCED_FACE('',(#152),#1650,.T.);
#36=ADVANCED_FACE('',(#153),#1628,.T.);
#37=ADVANCED_FACE('',(#154),#1599,.T.);
#38=ADVANCED_FACE('',(#155),#1600,.T.);
#39=ADVANCED_FACE('',(#156),#1601,.T.);
#40=ADVANCED_FACE('',(#157),#1651,.T.);
#41=ADVANCED_FACE('',(#158),#1652,.T.);
#42=ADVANCED_FACE('',(#159),#1653,.T.);
#43=ADVANCED_FACE('',(#160),#1654,.T.);
#44=ADVANCED_FACE('',(#161),#1655,.T.);
#45=ADVANCED_FACE('',(#162),#1656,.T.);
#46=ADVANCED_FACE('',(#163),#1657,.T.);
#47=ADVANCED_FACE('',(#164),#1658,.T.);
#48=ADVANCED_FACE('',(#165),#1659,.T.);
#49=ADVANCED_FACE('',(#166),#1660,.T.);
#50=ADVANCED_FACE('',(#167),#1661,.T.);
#51=ADVANCED_FACE('',(#168),#1629,.T.);
#52=ADVANCED_FACE('',(#169),#1662,.T.);
#53=ADVANCED_FACE('',(#170),#1663,.T.);
#54=ADVANCED_FACE('',(#171),#1664,.T.);
#55=ADVANCED_FACE('',(#172),#1630,.T.);
#56=ADVANCED_FACE('',(#173),#1665,.T.);
#57=ADVANCED_FACE('',(#174),#1602,.T.);
#58=ADVANCED_FACE('',(#175),#1603,.T.);
#59=ADVANCED_FACE('',(#176),#1666,.T.);
#60=ADVANCED_FACE('',(#177),#1667,.T.);
#61=ADVANCED_FACE('',(#178),#1668,.T.);
#62=ADVANCED_FACE('',(#179),#1669,.T.);
#63=ADVANCED_FACE('',(#180),#1670,.T.);
#64=ADVANCED_FACE('',(#181),#1631,.T.);
#65=ADVANCED_FACE('',(#182),#1604,.T.);
#66=ADVANCED_FACE('',(#183),#1671,.T.);
#67=ADVANCED_FACE('',(#184),#1672,.T.);
#68=ADVANCED_FACE('',(#185),#1673,.T.);
#69=ADVANCED_FACE('',(#186),#1674,.T.);
#70=ADVANCED_FACE('',(#187),#1675,.T.);
#71=ADVANCED_FACE('',(#188),#1676,.T.);
#72=ADVANCED_FACE('',(#189),#1605,.T.);
#73=ADVANCED_FACE('',(#190),#1677,.T.);
#74=ADVANCED_FACE('',(#191),#1606,.T.);
#75=ADVANCED_FACE('',(#192),#1678,.T.);
#76=ADVANCED_FACE('',(#193),#1679,.T.);
#77=ADVANCED_FACE('',(#194),#1680,.T.);
#78=ADVANCED_FACE('',(#195),#1681,.T.);
#79=ADVANCED_FACE('',(#196),#1682,.T.);
#80=ADVANCED_FACE('',(#197),#1683,.T.);
#81=ADVANCED_FACE('',(#198),#1684,.T.);
#82=ADVANCED_FACE('',(#199),#1685,.T.);
#83=ADVANCED_FACE('',(#200),#1607,.T.);
#84=ADVANCED_FACE('',(#201),#1686,.T.);
#85=ADVANCED_FACE('',(#202),#1687,.T.);
#86=ADVANCED_FACE('',(#203),#1688,.T.);
#87=ADVANCED_FACE('',(#204),#1689,.T.);
#88=ADVANCED_FACE('',(#205),#1690,.T.);
#89=ADVANCED_FACE('',(#206),#1691,.T.);
#90=ADVANCED_FACE('',(#207),#1692,.T.);
#91=ADVANCED_FACE('',(#208),#1693,.T.);
#92=ADVANCED_FACE('',(#209),#1694,.T.);
#93=ADVANCED_FACE('',(#210),#1695,.T.);
#94=ADVANCED_FACE('',(#211),#1696,.T.);
#95=ADVANCED_FACE('',(#212),#1697,.T.);
#96=ADVANCED_FACE('',(#213),#1698,.T.);
#97=ADVANCED_FACE('',(#214),#1699,.T.);
#98=ADVANCED_FACE('',(#215),#1700,.T.);
#99=ADVANCED_FACE('',(#216),#1701,.T.);
#100=ADVANCED_FACE('',(#217),#1702,.T.);
#101=ADVANCED_FACE('',(#218),#1703,.T.);
#102=ADVANCED_FACE('',(#219),#1704,.T.);
#103=ADVANCED_FACE('',(#220),#1705,.T.);
#104=ADVANCED_FACE('',(#221),#1706,.T.);
#105=ADVANCED_FACE('',(#222),#1632,.T.);
#106=ADVANCED_FACE('',(#223,#16),#1633,.T.);
#107=ADVANCED_FACE('',(#224),#1608,.T.);
#108=ADVANCED_FACE('',(#225),#1609,.T.);
#109=ADVANCED_FACE('',(#226),#1610,.T.);
#110=ADVANCED_FACE('',(#227),#1611,.T.);
#111=ADVANCED_FACE('',(#228),#1612,.T.);
#112=ADVANCED_FACE('',(#229),#1707,.T.);
#113=ADVANCED_FACE('',(#230),#1708,.T.);
#114=ADVANCED_FACE('',(#231),#1709,.T.);
#115=ADVANCED_FACE('',(#232,#17),#1634,.T.);
#116=ADVANCED_FACE('',(#233),#1710,.T.);
#117=ADVANCED_FACE('',(#234),#1613,.T.);
#118=ADVANCED_FACE('',(#235),#1614,.T.);
#119=ADVANCED_FACE('',(#236),#1635,.T.);
#120=ADVANCED_FACE('',(#237),#1615,.T.);
#121=ADVANCED_FACE('',(#238),#1616,.T.);
#122=ADVANCED_FACE('',(#239),#1711,.T.);
#123=ADVANCED_FACE('',(#240),#1712,.T.);
#124=ADVANCED_FACE('',(#241),#1713,.T.);
#125=ADVANCED_FACE('',(#242,#18),#1636,.T.);
#126=ADVANCED_FACE('',(#243),#1714,.T.);
#127=ADVANCED_FACE('',(#244),#1617,.T.);
#128=ADVANCED_FACE('',(#245),#1618,.T.);
#129=ADVANCED_FACE('',(#246),#1619,.T.);
#130=ADVANCED_FACE('',(#247),#1620,.T.);
#131=ADVANCED_FACE('',(#248),#1621,.T.);
#132=ADVANCED_FACE('',(#249),#1622,.T.);
#133=ADVANCED_FACE('',(#250),#1623,.T.);
#134=ADVANCED_FACE('',(#251),#1624,.T.);
#135=ADVANCED_FACE('',(#252),#1625,.T.);
#136=FACE_OUTER_BOUND('',#253,.T.);
#137=FACE_OUTER_BOUND('',#254,.T.);
#138=FACE_OUTER_BOUND('',#255,.T.);
#139=FACE_OUTER_BOUND('',#256,.T.);
#140=FACE_OUTER_BOUND('',#257,.T.);
#141=FACE_OUTER_BOUND('',#258,.T.);
#142=FACE_OUTER_BOUND('',#259,.T.);
#143=FACE_OUTER_BOUND('',#260,.T.);
#144=FACE_OUTER_BOUND('',#261,.T.);
#145=FACE_OUTER_BOUND('',#263,.T.);
#146=FACE_OUTER_BOUND('',#264,.T.);
#147=FACE_OUTER_BOUND('',#265,.T.);
#148=FACE_OUTER_BOUND('',#266,.T.);
#149=FACE_OUTER_BOUND('',#267,.T.);
#150=FACE_OUTER_BOUND('',#268,.T.);
#151=FACE_OUTER_BOUND('',#269,.T.);
#152=FACE_OUTER_BOUND('',#270,.T.);
#153=FACE_OUTER_BOUND('',#271,.T.);
#154=FACE_OUTER_BOUND('',#272,.T.);
#155=FACE_OUTER_BOUND('',#273,.T.);
#156=FACE_OUTER_BOUND('',#274,.T.);
#157=FACE_OUTER_BOUND('',#275,.T.);
#158=FACE_OUTER_BOUND('',#276,.T.);
#159=FACE_OUTER_BOUND('',#277,.T.);
#160=FACE_OUTER_BOUND('',#278,.T.);
#161=FACE_OUTER_BOUND('',#279,.T.);
#162=FACE_OUTER_BOUND('',#280,.T.);
#163=FACE_OUTER_BOUND('',#281,.T.);
#164=FACE_OUTER_BOUND('',#282,.T.);
#165=FACE_OUTER_BOUND('',#283,.T.);
#166=FACE_OUTER_BOUND('',#284,.T.);
#167=FACE_OUTER_BOUND('',#285,.T.);
#168=FACE_OUTER_BOUND('',#286,.T.);
#169=FACE_OUTER_BOUND('',#287,.T.);
#170=FACE_OUTER_BOUND('',#288,.T.);
#171=FACE_OUTER_BOUND('',#289,.T.);
#172=FACE_OUTER_BOUND('',#290,.T.);
#173=FACE_OUTER_BOUND('',#291,.T.);
#174=FACE_OUTER_BOUND('',#292,.T.);
#175=FACE_OUTER_BOUND('',#293,.T.);
#176=FACE_OUTER_BOUND('',#294,.T.);
#177=FACE_OUTER_BOUND('',#295,.T.);
#178=FACE_OUTER_BOUND('',#296,.T.);
#179=FACE_OUTER_BOUND('',#297,.T.);
#180=FACE_OUTER_BOUND('',#298,.T.);
#181=FACE_OUTER_BOUND('',#299,.T.);
#182=FACE_OUTER_BOUND('',#300,.T.);
#183=FACE_OUTER_BOUND('',#301,.T.);
#184=FACE_OUTER_BOUND('',#302,.T.);
#185=FACE_OUTER_BOUND('',#303,.T.);
#186=FACE_OUTER_BOUND('',#304,.T.);
#187=FACE_OUTER_BOUND('',#305,.T.);
#188=FACE_OUTER_BOUND('',#306,.T.);
#189=FACE_OUTER_BOUND('',#307,.T.);
#190=FACE_OUTER_BOUND('',#308,.T.);
#191=FACE_OUTER_BOUND('',#309,.T.);
#192=FACE_OUTER_BOUND('',#310,.T.);
#193=FACE_OUTER_BOUND('',#311,.T.);
#194=FACE_OUTER_BOUND('',#312,.T.);
#195=FACE_OUTER_BOUND('',#313,.T.);
#196=FACE_OUTER_BOUND('',#314,.T.);
#197=FACE_OUTER_BOUND('',#315,.T.);
#198=FACE_OUTER_BOUND('',#316,.T.);
#199=FACE_OUTER_BOUND('',#317,.T.);
#200=FACE_OUTER_BOUND('',#318,.T.);
#201=FACE_OUTER_BOUND('',#319,.T.);
#202=FACE_OUTER_BOUND('',#320,.T.);
#203=FACE_OUTER_BOUND('',#321,.T.);
#204=FACE_OUTER_BOUND('',#322,.T.);
#205=FACE_OUTER_BOUND('',#323,.T.);
#206=FACE_OUTER_BOUND('',#324,.T.);
#207=FACE_OUTER_BOUND('',#325,.T.);
#208=FACE_OUTER_BOUND('',#326,.T.);
#209=FACE_OUTER_BOUND('',#327,.T.);
#210=FACE_OUTER_BOUND('',#328,.T.);
#211=FACE_OUTER_BOUND('',#329,.T.);
#212=FACE_OUTER_BOUND('',#330,.T.);
#213=FACE_OUTER_BOUND('',#331,.T.);
#214=FACE_OUTER_BOUND('',#332,.T.);
#215=FACE_OUTER_BOUND('',#333,.T.);
#216=FACE_OUTER_BOUND('',#334,.T.);
#217=FACE_OUTER_BOUND('',#335,.T.);
#218=FACE_OUTER_BOUND('',#336,.T.);
#219=FACE_OUTER_BOUND('',#337,.T.);
#220=FACE_OUTER_BOUND('',#338,.T.);
#221=FACE_OUTER_BOUND('',#339,.T.);
#222=FACE_OUTER_BOUND('',#340,.T.);
#223=FACE_OUTER_BOUND('',#341,.T.);
#224=FACE_OUTER_BOUND('',#343,.T.);
#225=FACE_OUTER_BOUND('',#344,.T.);
#226=FACE_OUTER_BOUND('',#345,.T.);
#227=FACE_OUTER_BOUND('',#346,.T.);
#228=FACE_OUTER_BOUND('',#347,.T.);
#229=FACE_OUTER_BOUND('',#348,.T.);
#230=FACE_OUTER_BOUND('',#349,.T.);
#231=FACE_OUTER_BOUND('',#350,.T.);
#232=FACE_OUTER_BOUND('',#351,.T.);
#233=FACE_OUTER_BOUND('',#353,.T.);
#234=FACE_OUTER_BOUND('',#354,.T.);
#235=FACE_OUTER_BOUND('',#355,.T.);
#236=FACE_OUTER_BOUND('',#356,.T.);
#237=FACE_OUTER_BOUND('',#357,.T.);
#238=FACE_OUTER_BOUND('',#358,.T.);
#239=FACE_OUTER_BOUND('',#359,.T.);
#240=FACE_OUTER_BOUND('',#360,.T.);
#241=FACE_OUTER_BOUND('',#361,.T.);
#242=FACE_OUTER_BOUND('',#362,.T.);
#243=FACE_OUTER_BOUND('',#364,.T.);
#244=FACE_OUTER_BOUND('',#365,.T.);
#245=FACE_OUTER_BOUND('',#366,.T.);
#246=FACE_OUTER_BOUND('',#367,.T.);
#247=FACE_OUTER_BOUND('',#368,.T.);
#248=FACE_OUTER_BOUND('',#369,.T.);
#249=FACE_OUTER_BOUND('',#370,.T.);
#250=FACE_OUTER_BOUND('',#371,.T.);
#251=FACE_OUTER_BOUND('',#372,.T.);
#252=FACE_OUTER_BOUND('',#373,.T.);
#253=EDGE_LOOP('',(#374,#375,#376,#377));
#254=EDGE_LOOP('',(#378,#379,#380,#381));
#255=EDGE_LOOP('',(#382,#383,#384,#385));
#256=EDGE_LOOP('',(#386,#387,#388,#389,#390,#391,#392,#393,#394));
#257=EDGE_LOOP('',(#395,#396,#397,#398));
#258=EDGE_LOOP('',(#399,#400,#401,#402));
#259=EDGE_LOOP('',(#403,#404,#405,#406));
#260=EDGE_LOOP('',(#407,#408,#409,#410,#411));
#261=EDGE_LOOP('',(#412,#413,#414,#415,#416,#417,#418,#419,#420));
#262=EDGE_LOOP('',(#421,#422));
#263=EDGE_LOOP('',(#423,#424,#425,#426));
#264=EDGE_LOOP('',(#427,#428,#429,#430,#431));
#265=EDGE_LOOP('',(#432,#433,#434,#435));
#266=EDGE_LOOP('',(#436,#437,#438,#439));
#267=EDGE_LOOP('',(#440,#441,#442,#443));
#268=EDGE_LOOP('',(#444,#445,#446,#447));
#269=EDGE_LOOP('',(#448,#449,#450,#451));
#270=EDGE_LOOP('',(#452,#453,#454,#455));
#271=EDGE_LOOP('',(#456,#457,#458,#459));
#272=EDGE_LOOP('',(#460,#461,#462,#463));
#273=EDGE_LOOP('',(#464,#465,#466,#467,#468,#469));
#274=EDGE_LOOP('',(#470,#471,#472,#473));
#275=EDGE_LOOP('',(#474,#475,#476,#477));
#276=EDGE_LOOP('',(#478,#479,#480,#481));
#277=EDGE_LOOP('',(#482,#483,#484,#485));
#278=EDGE_LOOP('',(#486,#487,#488,#489));
#279=EDGE_LOOP('',(#490,#491,#492));
#280=EDGE_LOOP('',(#493,#494,#495,#496));
#281=EDGE_LOOP('',(#497,#498,#499,#500));
#282=EDGE_LOOP('',(#501,#502,#503,#504));
#283=EDGE_LOOP('',(#505,#506,#507,#508,#509,#510,#511,#512,#513,#514,#515,
#516,#517,#518,#519,#520,#521,#522,#523));
#284=EDGE_LOOP('',(#524,#525,#526,#527));
#285=EDGE_LOOP('',(#528,#529,#530,#531));
#286=EDGE_LOOP('',(#532,#533,#534,#535,#536,#537,#538,#539));
#287=EDGE_LOOP('',(#540,#541,#542,#543));
#288=EDGE_LOOP('',(#544,#545,#546,#547));
#289=EDGE_LOOP('',(#548,#549,#550,#551,#552,#553,#554,#555,#556,#557,#558,
#559,#560,#561,#562,#563,#564,#565,#566,#567));
#290=EDGE_LOOP('',(#568,#569,#570,#571));
#291=EDGE_LOOP('',(#572,#573,#574,#575));
#292=EDGE_LOOP('',(#576,#577,#578,#579,#580,#581,#582,#583));
#293=EDGE_LOOP('',(#584,#585,#586,#587));
#294=EDGE_LOOP('',(#588,#589,#590,#591));
#295=EDGE_LOOP('',(#592,#593,#594));
#296=EDGE_LOOP('',(#595,#596,#597,#598));
#297=EDGE_LOOP('',(#599,#600,#601,#602));
#298=EDGE_LOOP('',(#603,#604,#605,#606));
#299=EDGE_LOOP('',(#607,#608,#609,#610));
#300=EDGE_LOOP('',(#611,#612,#613,#614));
#301=EDGE_LOOP('',(#615,#616,#617,#618));
#302=EDGE_LOOP('',(#619,#620,#621,#622));
#303=EDGE_LOOP('',(#623,#624,#625,#626));
#304=EDGE_LOOP('',(#627,#628,#629,#630));
#305=EDGE_LOOP('',(#631,#632,#633,#634));
#306=EDGE_LOOP('',(#635,#636,#637,#638));
#307=EDGE_LOOP('',(#639,#640,#641,#642));
#308=EDGE_LOOP('',(#643,#644,#645,#646));
#309=EDGE_LOOP('',(#647,#648,#649));
#310=EDGE_LOOP('',(#650,#651,#652,#653));
#311=EDGE_LOOP('',(#654,#655,#656,#657,#658,#659));
#312=EDGE_LOOP('',(#660,#661,#662,#663));
#313=EDGE_LOOP('',(#664,#665,#666));
#314=EDGE_LOOP('',(#667,#668,#669,#670));
#315=EDGE_LOOP('',(#671,#672,#673,#674));
#316=EDGE_LOOP('',(#675,#676,#677,#678));
#317=EDGE_LOOP('',(#679,#680,#681,#682));
#318=EDGE_LOOP('',(#683,#684,#685,#686));
#319=EDGE_LOOP('',(#687,#688,#689,#690));
#320=EDGE_LOOP('',(#691,#692,#693,#694));
#321=EDGE_LOOP('',(#695,#696,#697,#698));
#322=EDGE_LOOP('',(#699,#700,#701,#702));
#323=EDGE_LOOP('',(#703,#704,#705,#706));
#324=EDGE_LOOP('',(#707,#708,#709,#710));
#325=EDGE_LOOP('',(#711,#712,#713,#714));
#326=EDGE_LOOP('',(#715,#716,#717,#718));
#327=EDGE_LOOP('',(#719,#720,#721,#722,#723,#724,#725,#726,#727));
#328=EDGE_LOOP('',(#728,#729,#730,#731));
#329=EDGE_LOOP('',(#732,#733,#734,#735));
#330=EDGE_LOOP('',(#736,#737,#738,#739));
#331=EDGE_LOOP('',(#740,#741,#742,#743));
#332=EDGE_LOOP('',(#744,#745,#746,#747));
#333=EDGE_LOOP('',(#748,#749,#750,#751));
#334=EDGE_LOOP('',(#752,#753,#754,#755));
#335=EDGE_LOOP('',(#756,#757,#758,#759));
#336=EDGE_LOOP('',(#760,#761,#762,#763));
#337=EDGE_LOOP('',(#764,#765,#766,#767));
#338=EDGE_LOOP('',(#768,#769,#770,#771));
#339=EDGE_LOOP('',(#772,#773,#774,#775));
#340=EDGE_LOOP('',(#776,#777));
#341=EDGE_LOOP('',(#778,#779));
#342=EDGE_LOOP('',(#780,#781));
#343=EDGE_LOOP('',(#782,#783,#784,#785,#786));
#344=EDGE_LOOP('',(#787,#788,#789,#790,#791));
#345=EDGE_LOOP('',(#792,#793,#794,#795,#796,#797,#798,#799));
#346=EDGE_LOOP('',(#800,#801,#802,#803));
#347=EDGE_LOOP('',(#804,#805,#806,#807));
#348=EDGE_LOOP('',(#808,#809,#810,#811));
#349=EDGE_LOOP('',(#812,#813,#814,#815));
#350=EDGE_LOOP('',(#816,#817,#818,#819));
#351=EDGE_LOOP('',(#820,#821));
#352=EDGE_LOOP('',(#822,#823));
#353=EDGE_LOOP('',(#824,#825,#826,#827));
#354=EDGE_LOOP('',(#828,#829,#830,#831));
#355=EDGE_LOOP('',(#832,#833,#834,#835));
#356=EDGE_LOOP('',(#836,#837));
#357=EDGE_LOOP('',(#838,#839,#840,#841));
#358=EDGE_LOOP('',(#842,#843,#844,#845));
#359=EDGE_LOOP('',(#846,#847,#848,#849));
#360=EDGE_LOOP('',(#850,#851,#852,#853));
#361=EDGE_LOOP('',(#854,#855,#856,#857));
#362=EDGE_LOOP('',(#858,#859));
#363=EDGE_LOOP('',(#860,#861));
#364=EDGE_LOOP('',(#862,#863,#864,#865));
#365=EDGE_LOOP('',(#866,#867,#868,#869));
#366=EDGE_LOOP('',(#870,#871,#872,#873));
#367=EDGE_LOOP('',(#874,#875,#876,#877));
#368=EDGE_LOOP('',(#878,#879,#880,#881,#882));
#369=EDGE_LOOP('',(#883,#884,#885,#886,#887));
#370=EDGE_LOOP('',(#888,#889,#890,#891));
#371=EDGE_LOOP('',(#892,#893,#894,#895,#896,#897,#898,#899));
#372=EDGE_LOOP('',(#900,#901,#902,#903));
#373=EDGE_LOOP('',(#904,#905,#906,#907));
#374=ORIENTED_EDGE('',*,*,#910,.F.);
#375=ORIENTED_EDGE('',*,*,#909,.F.);
#376=ORIENTED_EDGE('',*,*,#912,.F.);
#377=ORIENTED_EDGE('',*,*,#908,.F.);
#378=ORIENTED_EDGE('',*,*,#914,.F.);
#379=ORIENTED_EDGE('',*,*,#913,.F.);
#380=ORIENTED_EDGE('',*,*,#912,.T.);
#381=ORIENTED_EDGE('',*,*,#911,.F.);
#382=ORIENTED_EDGE('',*,*,#917,.F.);
#383=ORIENTED_EDGE('',*,*,#916,.F.);
#384=ORIENTED_EDGE('',*,*,#914,.T.);
#385=ORIENTED_EDGE('',*,*,#915,.F.);
#386=ORIENTED_EDGE('',*,*,#922,.F.);
#387=ORIENTED_EDGE('',*,*,#923,.F.);
#388=ORIENTED_EDGE('',*,*,#921,.F.);
#389=ORIENTED_EDGE('',*,*,#920,.F.);
#390=ORIENTED_EDGE('',*,*,#915,.T.);
#391=ORIENTED_EDGE('',*,*,#911,.T.);
#392=ORIENTED_EDGE('',*,*,#909,.T.);
#393=ORIENTED_EDGE('',*,*,#919,.T.);
#394=ORIENTED_EDGE('',*,*,#918,.T.);
#395=ORIENTED_EDGE('',*,*,#919,.F.);
#396=ORIENTED_EDGE('',*,*,#910,.T.);
#397=ORIENTED_EDGE('',*,*,#925,.F.);
#398=ORIENTED_EDGE('',*,*,#924,.T.);
#399=ORIENTED_EDGE('',*,*,#921,.T.);
#400=ORIENTED_EDGE('',*,*,#926,.T.);
#401=ORIENTED_EDGE('',*,*,#928,.F.);
#402=ORIENTED_EDGE('',*,*,#927,.F.);
#403=ORIENTED_EDGE('',*,*,#924,.F.);
#404=ORIENTED_EDGE('',*,*,#931,.F.);
#405=ORIENTED_EDGE('',*,*,#930,.F.);
#406=ORIENTED_EDGE('',*,*,#929,.T.);
#407=ORIENTED_EDGE('',*,*,#933,.F.);
#408=ORIENTED_EDGE('',*,*,#934,.F.);
#409=ORIENTED_EDGE('',*,*,#918,.F.);
#410=ORIENTED_EDGE('',*,*,#929,.F.);
#411=ORIENTED_EDGE('',*,*,#932,.F.);
#412=ORIENTED_EDGE('',*,*,#939,.T.);
#413=ORIENTED_EDGE('',*,*,#937,.F.);
#414=ORIENTED_EDGE('',*,*,#938,.F.);
#415=ORIENTED_EDGE('',*,*,#932,.T.);
#416=ORIENTED_EDGE('',*,*,#936,.F.);
#417=ORIENTED_EDGE('',*,*,#940,.T.);
#418=ORIENTED_EDGE('',*,*,#935,.F.);
#419=ORIENTED_EDGE('',*,*,#1024,.F.);
#420=ORIENTED_EDGE('',*,*,#998,.F.);
#421=ORIENTED_EDGE('',*,*,#1166,.T.);
#422=ORIENTED_EDGE('',*,*,#1174,.T.);
#423=ORIENTED_EDGE('',*,*,#930,.T.);
#424=ORIENTED_EDGE('',*,*,#941,.F.);
#425=ORIENTED_EDGE('',*,*,#942,.F.);
#426=ORIENTED_EDGE('',*,*,#936,.T.);
#427=ORIENTED_EDGE('',*,*,#943,.T.);
#428=ORIENTED_EDGE('',*,*,#944,.T.);
#429=ORIENTED_EDGE('',*,*,#945,.F.);
#430=ORIENTED_EDGE('',*,*,#926,.F.);
#431=ORIENTED_EDGE('',*,*,#923,.T.);
#432=ORIENTED_EDGE('',*,*,#922,.T.);
#433=ORIENTED_EDGE('',*,*,#934,.T.);
#434=ORIENTED_EDGE('',*,*,#946,.F.);
#435=ORIENTED_EDGE('',*,*,#943,.F.);
#436=ORIENTED_EDGE('',*,*,#944,.F.);
#437=ORIENTED_EDGE('',*,*,#947,.T.);
#438=ORIENTED_EDGE('',*,*,#949,.F.);
#439=ORIENTED_EDGE('',*,*,#948,.F.);
#440=ORIENTED_EDGE('',*,*,#946,.T.);
#441=ORIENTED_EDGE('',*,*,#951,.F.);
#442=ORIENTED_EDGE('',*,*,#950,.F.);
#443=ORIENTED_EDGE('',*,*,#947,.F.);
#444=ORIENTED_EDGE('',*,*,#953,.T.);
#445=ORIENTED_EDGE('',*,*,#950,.T.);
#446=ORIENTED_EDGE('',*,*,#952,.F.);
#447=ORIENTED_EDGE('',*,*,#954,.T.);
#448=ORIENTED_EDGE('',*,*,#949,.T.);
#449=ORIENTED_EDGE('',*,*,#953,.F.);
#450=ORIENTED_EDGE('',*,*,#956,.T.);
#451=ORIENTED_EDGE('',*,*,#955,.T.);
#452=ORIENTED_EDGE('',*,*,#958,.T.);
#453=ORIENTED_EDGE('',*,*,#956,.F.);
#454=ORIENTED_EDGE('',*,*,#954,.F.);
#455=ORIENTED_EDGE('',*,*,#957,.T.);
#456=ORIENTED_EDGE('',*,*,#963,.F.);
#457=ORIENTED_EDGE('',*,*,#960,.F.);
#458=ORIENTED_EDGE('',*,*,#959,.F.);
#459=ORIENTED_EDGE('',*,*,#957,.F.);
#460=ORIENTED_EDGE('',*,*,#952,.T.);
#461=ORIENTED_EDGE('',*,*,#961,.T.);
#462=ORIENTED_EDGE('',*,*,#962,.F.);
#463=ORIENTED_EDGE('',*,*,#963,.T.);
#464=ORIENTED_EDGE('',*,*,#964,.T.);
#465=ORIENTED_EDGE('',*,*,#965,.F.);
#466=ORIENTED_EDGE('',*,*,#961,.F.);
#467=ORIENTED_EDGE('',*,*,#951,.T.);
#468=ORIENTED_EDGE('',*,*,#933,.T.);
#469=ORIENTED_EDGE('',*,*,#938,.T.);
#470=ORIENTED_EDGE('',*,*,#966,.T.);
#471=ORIENTED_EDGE('',*,*,#965,.T.);
#472=ORIENTED_EDGE('',*,*,#967,.T.);
#473=ORIENTED_EDGE('',*,*,#968,.T.);
#474=ORIENTED_EDGE('',*,*,#969,.T.);
#475=ORIENTED_EDGE('',*,*,#970,.T.);
#476=ORIENTED_EDGE('',*,*,#962,.T.);
#477=ORIENTED_EDGE('',*,*,#966,.F.);
#478=ORIENTED_EDGE('',*,*,#973,.F.);
#479=ORIENTED_EDGE('',*,*,#972,.F.);
#480=ORIENTED_EDGE('',*,*,#968,.F.);
#481=ORIENTED_EDGE('',*,*,#971,.F.);
#482=ORIENTED_EDGE('',*,*,#974,.F.);
#483=ORIENTED_EDGE('',*,*,#975,.F.);
#484=ORIENTED_EDGE('',*,*,#969,.F.);
#485=ORIENTED_EDGE('',*,*,#972,.T.);
#486=ORIENTED_EDGE('',*,*,#971,.T.);
#487=ORIENTED_EDGE('',*,*,#977,.F.);
#488=ORIENTED_EDGE('',*,*,#978,.F.);
#489=ORIENTED_EDGE('',*,*,#976,.F.);
#490=ORIENTED_EDGE('',*,*,#979,.F.);
#491=ORIENTED_EDGE('',*,*,#977,.T.);
#492=ORIENTED_EDGE('',*,*,#967,.F.);
#493=ORIENTED_EDGE('',*,*,#981,.T.);
#494=ORIENTED_EDGE('',*,*,#978,.T.);
#495=ORIENTED_EDGE('',*,*,#979,.T.);
#496=ORIENTED_EDGE('',*,*,#980,.T.);
#497=ORIENTED_EDGE('',*,*,#980,.F.);
#498=ORIENTED_EDGE('',*,*,#964,.F.);
#499=ORIENTED_EDGE('',*,*,#982,.F.);
#500=ORIENTED_EDGE('',*,*,#983,.F.);
#501=ORIENTED_EDGE('',*,*,#937,.T.);
#502=ORIENTED_EDGE('',*,*,#984,.T.);
#503=ORIENTED_EDGE('',*,*,#985,.T.);
#504=ORIENTED_EDGE('',*,*,#982,.T.);
#505=ORIENTED_EDGE('',*,*,#976,.T.);
#506=ORIENTED_EDGE('',*,*,#981,.F.);
#507=ORIENTED_EDGE('',*,*,#988,.F.);
#508=ORIENTED_EDGE('',*,*,#987,.F.);
#509=ORIENTED_EDGE('',*,*,#986,.F.);
#510=ORIENTED_EDGE('',*,*,#925,.T.);
#511=ORIENTED_EDGE('',*,*,#908,.T.);
#512=ORIENTED_EDGE('',*,*,#913,.T.);
#513=ORIENTED_EDGE('',*,*,#916,.T.);
#514=ORIENTED_EDGE('',*,*,#1087,.F.);
#515=ORIENTED_EDGE('',*,*,#928,.T.);
#516=ORIENTED_EDGE('',*,*,#945,.T.);
#517=ORIENTED_EDGE('',*,*,#948,.T.);
#518=ORIENTED_EDGE('',*,*,#955,.F.);
#519=ORIENTED_EDGE('',*,*,#958,.F.);
#520=ORIENTED_EDGE('',*,*,#959,.T.);
#521=ORIENTED_EDGE('',*,*,#989,.F.);
#522=ORIENTED_EDGE('',*,*,#974,.T.);
#523=ORIENTED_EDGE('',*,*,#973,.T.);
#524=ORIENTED_EDGE('',*,*,#988,.T.);
#525=ORIENTED_EDGE('',*,*,#983,.T.);
#526=ORIENTED_EDGE('',*,*,#990,.T.);
#527=ORIENTED_EDGE('',*,*,#991,.F.);
#528=ORIENTED_EDGE('',*,*,#939,.F.);
#529=ORIENTED_EDGE('',*,*,#992,.T.);
#530=ORIENTED_EDGE('',*,*,#993,.T.);
#531=ORIENTED_EDGE('',*,*,#984,.F.);
#532=ORIENTED_EDGE('',*,*,#1058,.T.);
#533=ORIENTED_EDGE('',*,*,#999,.F.);
#534=ORIENTED_EDGE('',*,*,#992,.F.);
#535=ORIENTED_EDGE('',*,*,#998,.T.);
#536=ORIENTED_EDGE('',*,*,#994,.T.);
#537=ORIENTED_EDGE('',*,*,#997,.T.);
#538=ORIENTED_EDGE('',*,*,#996,.T.);
#539=ORIENTED_EDGE('',*,*,#995,.F.);
#540=ORIENTED_EDGE('',*,*,#996,.F.);
#541=ORIENTED_EDGE('',*,*,#1000,.T.);
#542=ORIENTED_EDGE('',*,*,#1001,.T.);
#543=ORIENTED_EDGE('',*,*,#1002,.F.);
#544=ORIENTED_EDGE('',*,*,#1001,.F.);
#545=ORIENTED_EDGE('',*,*,#1004,.T.);
#546=ORIENTED_EDGE('',*,*,#1005,.F.);
#547=ORIENTED_EDGE('',*,*,#1003,.F.);
#548=ORIENTED_EDGE('',*,*,#1082,.T.);
#549=ORIENTED_EDGE('',*,*,#1081,.T.);
#550=ORIENTED_EDGE('',*,*,#1017,.F.);
#551=ORIENTED_EDGE('',*,*,#1018,.F.);
#552=ORIENTED_EDGE('',*,*,#1013,.F.);
#553=ORIENTED_EDGE('',*,*,#995,.T.);
#554=ORIENTED_EDGE('',*,*,#1002,.T.);
#555=ORIENTED_EDGE('',*,*,#1003,.T.);
#556=ORIENTED_EDGE('',*,*,#1012,.F.);
#557=ORIENTED_EDGE('',*,*,#1011,.F.);
#558=ORIENTED_EDGE('',*,*,#1016,.T.);
#559=ORIENTED_EDGE('',*,*,#1010,.T.);
#560=ORIENTED_EDGE('',*,*,#1009,.T.);
#561=ORIENTED_EDGE('',*,*,#1008,.F.);
#562=ORIENTED_EDGE('',*,*,#1086,.F.);
#563=ORIENTED_EDGE('',*,*,#1084,.F.);
#564=ORIENTED_EDGE('',*,*,#1015,.F.);
#565=ORIENTED_EDGE('',*,*,#1007,.T.);
#566=ORIENTED_EDGE('',*,*,#1006,.F.);
#567=ORIENTED_EDGE('',*,*,#1014,.T.);
#568=ORIENTED_EDGE('',*,*,#1020,.T.);
#569=ORIENTED_EDGE('',*,*,#1016,.F.);
#570=ORIENTED_EDGE('',*,*,#1021,.F.);
#571=ORIENTED_EDGE('',*,*,#1019,.T.);
#572=ORIENTED_EDGE('',*,*,#1020,.F.);
#573=ORIENTED_EDGE('',*,*,#1023,.T.);
#574=ORIENTED_EDGE('',*,*,#1022,.T.);
#575=ORIENTED_EDGE('',*,*,#1010,.F.);
#576=ORIENTED_EDGE('',*,*,#1025,.F.);
#577=ORIENTED_EDGE('',*,*,#1026,.T.);
#578=ORIENTED_EDGE('',*,*,#1028,.T.);
#579=ORIENTED_EDGE('',*,*,#1027,.T.);
#580=ORIENTED_EDGE('',*,*,#1029,.T.);
#581=ORIENTED_EDGE('',*,*,#1030,.T.);
#582=ORIENTED_EDGE('',*,*,#994,.F.);
#583=ORIENTED_EDGE('',*,*,#1024,.T.);
#584=ORIENTED_EDGE('',*,*,#1031,.F.);
#585=ORIENTED_EDGE('',*,*,#1026,.F.);
#586=ORIENTED_EDGE('',*,*,#1032,.T.);
#587=ORIENTED_EDGE('',*,*,#1033,.T.);
#588=ORIENTED_EDGE('',*,*,#1014,.F.);
#589=ORIENTED_EDGE('',*,*,#1035,.F.);
#590=ORIENTED_EDGE('',*,*,#1033,.F.);
#591=ORIENTED_EDGE('',*,*,#1034,.T.);
#592=ORIENTED_EDGE('',*,*,#1036,.F.);
#593=ORIENTED_EDGE('',*,*,#1037,.F.);
#594=ORIENTED_EDGE('',*,*,#1032,.F.);
#595=ORIENTED_EDGE('',*,*,#1039,.T.);
#596=ORIENTED_EDGE('',*,*,#1038,.F.);
#597=ORIENTED_EDGE('',*,*,#1035,.T.);
#598=ORIENTED_EDGE('',*,*,#1006,.T.);
#599=ORIENTED_EDGE('',*,*,#1041,.T.);
#600=ORIENTED_EDGE('',*,*,#1040,.T.);
#601=ORIENTED_EDGE('',*,*,#1031,.T.);
#602=ORIENTED_EDGE('',*,*,#1038,.T.);
#603=ORIENTED_EDGE('',*,*,#1042,.F.);
#604=ORIENTED_EDGE('',*,*,#1041,.F.);
#605=ORIENTED_EDGE('',*,*,#1039,.F.);
#606=ORIENTED_EDGE('',*,*,#1007,.F.);
#607=ORIENTED_EDGE('',*,*,#1043,.T.);
#608=ORIENTED_EDGE('',*,*,#1042,.T.);
#609=ORIENTED_EDGE('',*,*,#1015,.T.);
#610=ORIENTED_EDGE('',*,*,#1044,.F.);
#611=ORIENTED_EDGE('',*,*,#1028,.F.);
#612=ORIENTED_EDGE('',*,*,#1040,.F.);
#613=ORIENTED_EDGE('',*,*,#1043,.F.);
#614=ORIENTED_EDGE('',*,*,#1045,.F.);
#615=ORIENTED_EDGE('',*,*,#1046,.T.);
#616=ORIENTED_EDGE('',*,*,#1027,.F.);
#617=ORIENTED_EDGE('',*,*,#1048,.F.);
#618=ORIENTED_EDGE('',*,*,#1047,.F.);
#619=ORIENTED_EDGE('',*,*,#1048,.T.);
#620=ORIENTED_EDGE('',*,*,#1045,.T.);
#621=ORIENTED_EDGE('',*,*,#1049,.T.);
#622=ORIENTED_EDGE('',*,*,#1050,.T.);
#623=ORIENTED_EDGE('',*,*,#1052,.T.);
#624=ORIENTED_EDGE('',*,*,#1047,.T.);
#625=ORIENTED_EDGE('',*,*,#1051,.F.);
#626=ORIENTED_EDGE('',*,*,#1008,.T.);
#627=ORIENTED_EDGE('',*,*,#1022,.F.);
#628=ORIENTED_EDGE('',*,*,#1053,.T.);
#629=ORIENTED_EDGE('',*,*,#1052,.F.);
#630=ORIENTED_EDGE('',*,*,#1009,.F.);
#631=ORIENTED_EDGE('',*,*,#1054,.F.);
#632=ORIENTED_EDGE('',*,*,#1029,.F.);
#633=ORIENTED_EDGE('',*,*,#1046,.F.);
#634=ORIENTED_EDGE('',*,*,#1053,.F.);
#635=ORIENTED_EDGE('',*,*,#1012,.T.);
#636=ORIENTED_EDGE('',*,*,#1005,.T.);
#637=ORIENTED_EDGE('',*,*,#1056,.T.);
#638=ORIENTED_EDGE('',*,*,#1055,.F.);
#639=ORIENTED_EDGE('',*,*,#1013,.T.);
#640=ORIENTED_EDGE('',*,*,#1057,.T.);
#641=ORIENTED_EDGE('',*,*,#1059,.T.);
#642=ORIENTED_EDGE('',*,*,#1058,.F.);
#643=ORIENTED_EDGE('',*,*,#1059,.F.);
#644=ORIENTED_EDGE('',*,*,#1061,.T.);
#645=ORIENTED_EDGE('',*,*,#1060,.T.);
#646=ORIENTED_EDGE('',*,*,#999,.T.);
#647=ORIENTED_EDGE('',*,*,#1063,.F.);
#648=ORIENTED_EDGE('',*,*,#1062,.F.);
#649=ORIENTED_EDGE('',*,*,#1061,.F.);
#650=ORIENTED_EDGE('',*,*,#1065,.T.);
#651=ORIENTED_EDGE('',*,*,#1062,.T.);
#652=ORIENTED_EDGE('',*,*,#1066,.T.);
#653=ORIENTED_EDGE('',*,*,#1064,.T.);
#654=ORIENTED_EDGE('',*,*,#993,.F.);
#655=ORIENTED_EDGE('',*,*,#1060,.F.);
#656=ORIENTED_EDGE('',*,*,#1065,.F.);
#657=ORIENTED_EDGE('',*,*,#1068,.F.);
#658=ORIENTED_EDGE('',*,*,#1069,.T.);
#659=ORIENTED_EDGE('',*,*,#1067,.F.);
#660=ORIENTED_EDGE('',*,*,#985,.F.);
#661=ORIENTED_EDGE('',*,*,#1067,.T.);
#662=ORIENTED_EDGE('',*,*,#1070,.F.);
#663=ORIENTED_EDGE('',*,*,#990,.F.);
#664=ORIENTED_EDGE('',*,*,#1070,.T.);
#665=ORIENTED_EDGE('',*,*,#1071,.T.);
#666=ORIENTED_EDGE('',*,*,#1072,.T.);
#667=ORIENTED_EDGE('',*,*,#941,.T.);
#668=ORIENTED_EDGE('',*,*,#1073,.F.);
#669=ORIENTED_EDGE('',*,*,#1071,.F.);
#670=ORIENTED_EDGE('',*,*,#1069,.F.);
#671=ORIENTED_EDGE('',*,*,#987,.T.);
#672=ORIENTED_EDGE('',*,*,#991,.T.);
#673=ORIENTED_EDGE('',*,*,#1072,.F.);
#674=ORIENTED_EDGE('',*,*,#1074,.F.);
#675=ORIENTED_EDGE('',*,*,#986,.T.);
#676=ORIENTED_EDGE('',*,*,#1074,.T.);
#677=ORIENTED_EDGE('',*,*,#1073,.T.);
#678=ORIENTED_EDGE('',*,*,#931,.T.);
#679=ORIENTED_EDGE('',*,*,#1075,.T.);
#680=ORIENTED_EDGE('',*,*,#1066,.F.);
#681=ORIENTED_EDGE('',*,*,#1076,.F.);
#682=ORIENTED_EDGE('',*,*,#1017,.T.);
#683=ORIENTED_EDGE('',*,*,#1018,.T.);
#684=ORIENTED_EDGE('',*,*,#1076,.T.);
#685=ORIENTED_EDGE('',*,*,#1063,.T.);
#686=ORIENTED_EDGE('',*,*,#1057,.F.);
#687=ORIENTED_EDGE('',*,*,#1078,.F.);
#688=ORIENTED_EDGE('',*,*,#1075,.F.);
#689=ORIENTED_EDGE('',*,*,#1077,.F.);
#690=ORIENTED_EDGE('',*,*,#1025,.T.);
#691=ORIENTED_EDGE('',*,*,#1079,.F.);
#692=ORIENTED_EDGE('',*,*,#1064,.F.);
#693=ORIENTED_EDGE('',*,*,#1078,.T.);
#694=ORIENTED_EDGE('',*,*,#935,.T.);
#695=ORIENTED_EDGE('',*,*,#942,.T.);
#696=ORIENTED_EDGE('',*,*,#1068,.T.);
#697=ORIENTED_EDGE('',*,*,#1079,.T.);
#698=ORIENTED_EDGE('',*,*,#940,.F.);
#699=ORIENTED_EDGE('',*,*,#1081,.F.);
#700=ORIENTED_EDGE('',*,*,#1080,.F.);
#701=ORIENTED_EDGE('',*,*,#1036,.T.);
#702=ORIENTED_EDGE('',*,*,#1077,.T.);
#703=ORIENTED_EDGE('',*,*,#1082,.F.);
#704=ORIENTED_EDGE('',*,*,#1034,.F.);
#705=ORIENTED_EDGE('',*,*,#1037,.T.);
#706=ORIENTED_EDGE('',*,*,#1080,.T.);
#707=ORIENTED_EDGE('',*,*,#1011,.T.);
#708=ORIENTED_EDGE('',*,*,#1055,.T.);
#709=ORIENTED_EDGE('',*,*,#1083,.T.);
#710=ORIENTED_EDGE('',*,*,#1021,.T.);
#711=ORIENTED_EDGE('',*,*,#1084,.T.);
#712=ORIENTED_EDGE('',*,*,#1085,.T.);
#713=ORIENTED_EDGE('',*,*,#1049,.F.);
#714=ORIENTED_EDGE('',*,*,#1044,.T.);
#715=ORIENTED_EDGE('',*,*,#1086,.T.);
#716=ORIENTED_EDGE('',*,*,#1051,.T.);
#717=ORIENTED_EDGE('',*,*,#1050,.F.);
#718=ORIENTED_EDGE('',*,*,#1085,.F.);
#719=ORIENTED_EDGE('',*,*,#1054,.T.);
#720=ORIENTED_EDGE('',*,*,#1023,.F.);
#721=ORIENTED_EDGE('',*,*,#1019,.F.);
#722=ORIENTED_EDGE('',*,*,#1083,.F.);
#723=ORIENTED_EDGE('',*,*,#1056,.F.);
#724=ORIENTED_EDGE('',*,*,#1004,.F.);
#725=ORIENTED_EDGE('',*,*,#1000,.F.);
#726=ORIENTED_EDGE('',*,*,#997,.F.);
#727=ORIENTED_EDGE('',*,*,#1030,.F.);
#728=ORIENTED_EDGE('',*,*,#1087,.T.);
#729=ORIENTED_EDGE('',*,*,#917,.T.);
#730=ORIENTED_EDGE('',*,*,#920,.T.);
#731=ORIENTED_EDGE('',*,*,#927,.T.);
#732=ORIENTED_EDGE('',*,*,#960,.T.);
#733=ORIENTED_EDGE('',*,*,#970,.F.);
#734=ORIENTED_EDGE('',*,*,#975,.T.);
#735=ORIENTED_EDGE('',*,*,#989,.T.);
#736=ORIENTED_EDGE('',*,*,#1089,.F.);
#737=ORIENTED_EDGE('',*,*,#1164,.F.);
#738=ORIENTED_EDGE('',*,*,#1091,.F.);
#739=ORIENTED_EDGE('',*,*,#1088,.F.);
#740=ORIENTED_EDGE('',*,*,#1090,.F.);
#741=ORIENTED_EDGE('',*,*,#1088,.T.);
#742=ORIENTED_EDGE('',*,*,#1093,.F.);
#743=ORIENTED_EDGE('',*,*,#1095,.F.);
#744=ORIENTED_EDGE('',*,*,#1092,.F.);
#745=ORIENTED_EDGE('',*,*,#1091,.T.);
#746=ORIENTED_EDGE('',*,*,#1165,.F.);
#747=ORIENTED_EDGE('',*,*,#1089,.T.);
#748=ORIENTED_EDGE('',*,*,#1097,.F.);
#749=ORIENTED_EDGE('',*,*,#1093,.T.);
#750=ORIENTED_EDGE('',*,*,#1092,.T.);
#751=ORIENTED_EDGE('',*,*,#1090,.T.);
#752=ORIENTED_EDGE('',*,*,#1096,.F.);
#753=ORIENTED_EDGE('',*,*,#1095,.T.);
#754=ORIENTED_EDGE('',*,*,#1094,.F.);
#755=ORIENTED_EDGE('',*,*,#1098,.F.);
#756=ORIENTED_EDGE('',*,*,#1102,.F.);
#757=ORIENTED_EDGE('',*,*,#1094,.T.);
#758=ORIENTED_EDGE('',*,*,#1097,.T.);
#759=ORIENTED_EDGE('',*,*,#1096,.T.);
#760=ORIENTED_EDGE('',*,*,#1101,.F.);
#761=ORIENTED_EDGE('',*,*,#1100,.F.);
#762=ORIENTED_EDGE('',*,*,#1099,.F.);
#763=ORIENTED_EDGE('',*,*,#1098,.T.);
#764=ORIENTED_EDGE('',*,*,#1099,.T.);
#765=ORIENTED_EDGE('',*,*,#1103,.F.);
#766=ORIENTED_EDGE('',*,*,#1101,.T.);
#767=ORIENTED_EDGE('',*,*,#1102,.T.);
#768=ORIENTED_EDGE('',*,*,#1105,.F.);
#769=ORIENTED_EDGE('',*,*,#1107,.F.);
#770=ORIENTED_EDGE('',*,*,#1103,.T.);
#771=ORIENTED_EDGE('',*,*,#1104,.F.);
#772=ORIENTED_EDGE('',*,*,#1104,.T.);
#773=ORIENTED_EDGE('',*,*,#1100,.T.);
#774=ORIENTED_EDGE('',*,*,#1107,.T.);
#775=ORIENTED_EDGE('',*,*,#1106,.F.);
#776=ORIENTED_EDGE('',*,*,#1105,.T.);
#777=ORIENTED_EDGE('',*,*,#1106,.T.);
#778=ORIENTED_EDGE('',*,*,#1109,.F.);
#779=ORIENTED_EDGE('',*,*,#1108,.F.);
#780=ORIENTED_EDGE('',*,*,#1164,.T.);
#781=ORIENTED_EDGE('',*,*,#1165,.T.);
#782=ORIENTED_EDGE('',*,*,#1110,.F.);
#783=ORIENTED_EDGE('',*,*,#1108,.T.);
#784=ORIENTED_EDGE('',*,*,#1162,.F.);
#785=ORIENTED_EDGE('',*,*,#1158,.F.);
#786=ORIENTED_EDGE('',*,*,#1159,.F.);
#787=ORIENTED_EDGE('',*,*,#1162,.T.);
#788=ORIENTED_EDGE('',*,*,#1109,.T.);
#789=ORIENTED_EDGE('',*,*,#1110,.T.);
#790=ORIENTED_EDGE('',*,*,#1160,.F.);
#791=ORIENTED_EDGE('',*,*,#1161,.F.);
#792=ORIENTED_EDGE('',*,*,#1167,.T.);
#793=ORIENTED_EDGE('',*,*,#1169,.T.);
#794=ORIENTED_EDGE('',*,*,#1155,.T.);
#795=ORIENTED_EDGE('',*,*,#1163,.F.);
#796=ORIENTED_EDGE('',*,*,#1160,.T.);
#797=ORIENTED_EDGE('',*,*,#1159,.T.);
#798=ORIENTED_EDGE('',*,*,#1113,.F.);
#799=ORIENTED_EDGE('',*,*,#1111,.T.);
#800=ORIENTED_EDGE('',*,*,#1118,.F.);
#801=ORIENTED_EDGE('',*,*,#1117,.F.);
#802=ORIENTED_EDGE('',*,*,#1116,.F.);
#803=ORIENTED_EDGE('',*,*,#1115,.F.);
#804=ORIENTED_EDGE('',*,*,#1118,.T.);
#805=ORIENTED_EDGE('',*,*,#1120,.T.);
#806=ORIENTED_EDGE('',*,*,#1116,.T.);
#807=ORIENTED_EDGE('',*,*,#1119,.F.);
#808=ORIENTED_EDGE('',*,*,#1123,.F.);
#809=ORIENTED_EDGE('',*,*,#1122,.F.);
#810=ORIENTED_EDGE('',*,*,#1121,.F.);
#811=ORIENTED_EDGE('',*,*,#1119,.T.);
#812=ORIENTED_EDGE('',*,*,#1117,.T.);
#813=ORIENTED_EDGE('',*,*,#1121,.T.);
#814=ORIENTED_EDGE('',*,*,#1127,.F.);
#815=ORIENTED_EDGE('',*,*,#1123,.T.);
#816=ORIENTED_EDGE('',*,*,#1125,.F.);
#817=ORIENTED_EDGE('',*,*,#1122,.T.);
#818=ORIENTED_EDGE('',*,*,#1124,.T.);
#819=ORIENTED_EDGE('',*,*,#1126,.F.);
#820=ORIENTED_EDGE('',*,*,#1171,.F.);
#821=ORIENTED_EDGE('',*,*,#1151,.F.);
#822=ORIENTED_EDGE('',*,*,#1128,.F.);
#823=ORIENTED_EDGE('',*,*,#1126,.T.);
#824=ORIENTED_EDGE('',*,*,#1124,.F.);
#825=ORIENTED_EDGE('',*,*,#1127,.T.);
#826=ORIENTED_EDGE('',*,*,#1125,.T.);
#827=ORIENTED_EDGE('',*,*,#1128,.T.);
#828=ORIENTED_EDGE('',*,*,#1132,.T.);
#829=ORIENTED_EDGE('',*,*,#1130,.T.);
#830=ORIENTED_EDGE('',*,*,#1138,.T.);
#831=ORIENTED_EDGE('',*,*,#1129,.T.);
#832=ORIENTED_EDGE('',*,*,#1129,.F.);
#833=ORIENTED_EDGE('',*,*,#1133,.F.);
#834=ORIENTED_EDGE('',*,*,#1130,.F.);
#835=ORIENTED_EDGE('',*,*,#1131,.T.);
#836=ORIENTED_EDGE('',*,*,#1131,.F.);
#837=ORIENTED_EDGE('',*,*,#1132,.F.);
#838=ORIENTED_EDGE('',*,*,#1133,.T.);
#839=ORIENTED_EDGE('',*,*,#1134,.T.);
#840=ORIENTED_EDGE('',*,*,#1135,.T.);
#841=ORIENTED_EDGE('',*,*,#1136,.T.);
#842=ORIENTED_EDGE('',*,*,#1137,.T.);
#843=ORIENTED_EDGE('',*,*,#1134,.F.);
#844=ORIENTED_EDGE('',*,*,#1138,.F.);
#845=ORIENTED_EDGE('',*,*,#1136,.F.);
#846=ORIENTED_EDGE('',*,*,#1137,.F.);
#847=ORIENTED_EDGE('',*,*,#1139,.T.);
#848=ORIENTED_EDGE('',*,*,#1140,.T.);
#849=ORIENTED_EDGE('',*,*,#1141,.T.);
#850=ORIENTED_EDGE('',*,*,#1141,.F.);
#851=ORIENTED_EDGE('',*,*,#1142,.T.);
#852=ORIENTED_EDGE('',*,*,#1139,.F.);
#853=ORIENTED_EDGE('',*,*,#1135,.F.);
#854=ORIENTED_EDGE('',*,*,#1145,.T.);
#855=ORIENTED_EDGE('',*,*,#1143,.F.);
#856=ORIENTED_EDGE('',*,*,#1140,.F.);
#857=ORIENTED_EDGE('',*,*,#1144,.T.);
#858=ORIENTED_EDGE('',*,*,#1153,.T.);
#859=ORIENTED_EDGE('',*,*,#1172,.T.);
#860=ORIENTED_EDGE('',*,*,#1147,.F.);
#861=ORIENTED_EDGE('',*,*,#1150,.T.);
#862=ORIENTED_EDGE('',*,*,#1149,.F.);
#863=ORIENTED_EDGE('',*,*,#1144,.F.);
#864=ORIENTED_EDGE('',*,*,#1142,.F.);
#865=ORIENTED_EDGE('',*,*,#1143,.T.);
#866=ORIENTED_EDGE('',*,*,#1148,.F.);
#867=ORIENTED_EDGE('',*,*,#1147,.T.);
#868=ORIENTED_EDGE('',*,*,#1146,.F.);
#869=ORIENTED_EDGE('',*,*,#1145,.F.);
#870=ORIENTED_EDGE('',*,*,#1149,.T.);
#871=ORIENTED_EDGE('',*,*,#1146,.T.);
#872=ORIENTED_EDGE('',*,*,#1150,.F.);
#873=ORIENTED_EDGE('',*,*,#1148,.T.);
#874=ORIENTED_EDGE('',*,*,#1171,.T.);
#875=ORIENTED_EDGE('',*,*,#1152,.T.);
#876=ORIENTED_EDGE('',*,*,#1172,.F.);
#877=ORIENTED_EDGE('',*,*,#1170,.F.);
#878=ORIENTED_EDGE('',*,*,#1114,.F.);
#879=ORIENTED_EDGE('',*,*,#1120,.F.);
#880=ORIENTED_EDGE('',*,*,#1157,.F.);
#881=ORIENTED_EDGE('',*,*,#1169,.F.);
#882=ORIENTED_EDGE('',*,*,#1154,.F.);
#883=ORIENTED_EDGE('',*,*,#1157,.T.);
#884=ORIENTED_EDGE('',*,*,#1115,.T.);
#885=ORIENTED_EDGE('',*,*,#1114,.T.);
#886=ORIENTED_EDGE('',*,*,#1156,.F.);
#887=ORIENTED_EDGE('',*,*,#1155,.F.);
#888=ORIENTED_EDGE('',*,*,#1173,.T.);
#889=ORIENTED_EDGE('',*,*,#1166,.F.);
#890=ORIENTED_EDGE('',*,*,#1112,.F.);
#891=ORIENTED_EDGE('',*,*,#1168,.F.);
#892=ORIENTED_EDGE('',*,*,#1168,.T.);
#893=ORIENTED_EDGE('',*,*,#1113,.T.);
#894=ORIENTED_EDGE('',*,*,#1158,.T.);
#895=ORIENTED_EDGE('',*,*,#1161,.T.);
#896=ORIENTED_EDGE('',*,*,#1163,.T.);
#897=ORIENTED_EDGE('',*,*,#1156,.T.);
#898=ORIENTED_EDGE('',*,*,#1154,.T.);
#899=ORIENTED_EDGE('',*,*,#1167,.F.);
#900=ORIENTED_EDGE('',*,*,#1170,.T.);
#901=ORIENTED_EDGE('',*,*,#1153,.F.);
#902=ORIENTED_EDGE('',*,*,#1152,.F.);
#903=ORIENTED_EDGE('',*,*,#1151,.T.);
#904=ORIENTED_EDGE('',*,*,#1111,.F.);
#905=ORIENTED_EDGE('',*,*,#1112,.T.);
#906=ORIENTED_EDGE('',*,*,#1174,.F.);
#907=ORIENTED_EDGE('',*,*,#1173,.F.);
#908=EDGE_CURVE('',#1442,#1443,#1242,.T.);
#909=EDGE_CURVE('',#1444,#1445,#1243,.T.);
#910=EDGE_CURVE('',#1445,#1442,#1244,.T.);
#911=EDGE_CURVE('',#1446,#1444,#1245,.T.);
#912=EDGE_CURVE('',#1443,#1444,#1246,.T.);
#913=EDGE_CURVE('',#1443,#1447,#1247,.T.);
#914=EDGE_CURVE('',#1447,#1446,#1248,.T.);
#915=EDGE_CURVE('',#1448,#1446,#1249,.T.);
#916=EDGE_CURVE('',#1447,#1449,#1250,.T.);
#917=EDGE_CURVE('',#1449,#1448,#1251,.T.);
#918=EDGE_CURVE('',#1450,#1451,#1175,.T.);
#919=EDGE_CURVE('',#1445,#1450,#1252,.T.);
#920=EDGE_CURVE('',#1448,#1452,#1253,.T.);
#921=EDGE_CURVE('',#1452,#1453,#1254,.T.);
#922=EDGE_CURVE('',#1454,#1451,#1255,.T.);
#923=EDGE_CURVE('',#1453,#1454,#1256,.T.);
#924=EDGE_CURVE('',#1455,#1450,#1257,.T.);
#925=EDGE_CURVE('',#1455,#1442,#1258,.T.);
#926=EDGE_CURVE('',#1453,#1456,#1259,.T.);
#927=EDGE_CURVE('',#1452,#1457,#1260,.T.);
#928=EDGE_CURVE('',#1457,#1456,#1261,.T.);
#929=EDGE_CURVE('',#1458,#1450,#1176,.T.);
#930=EDGE_CURVE('',#1458,#1459,#1262,.T.);
#931=EDGE_CURVE('',#1459,#1455,#1263,.T.);
#932=EDGE_CURVE('',#1460,#1458,#1177,.T.);
#933=EDGE_CURVE('',#1461,#1460,#1178,.T.);
#934=EDGE_CURVE('',#1451,#1461,#1264,.T.);
#935=EDGE_CURVE('',#1465,#1466,#1265,.T.);
#936=EDGE_CURVE('',#1467,#1458,#1266,.T.);
#937=EDGE_CURVE('',#1468,#1463,#1267,.T.);
#938=EDGE_CURVE('',#1460,#1468,#1179,.T.);
#939=EDGE_CURVE('',#1462,#1463,#1268,.T.);
#940=EDGE_CURVE('',#1467,#1466,#1269,.T.);
#941=EDGE_CURVE('',#1469,#1459,#1270,.T.);
#942=EDGE_CURVE('',#1467,#1469,#1271,.T.);
#943=EDGE_CURVE('',#1454,#1470,#1272,.T.);
#944=EDGE_CURVE('',#1470,#1471,#1273,.T.);
#945=EDGE_CURVE('',#1456,#1471,#1274,.T.);
#946=EDGE_CURVE('',#1470,#1461,#1275,.T.);
#947=EDGE_CURVE('',#1470,#1472,#1276,.T.);
#948=EDGE_CURVE('',#1471,#1473,#1277,.T.);
#949=EDGE_CURVE('',#1473,#1472,#1278,.T.);
#950=EDGE_CURVE('',#1472,#1474,#1279,.T.);
#951=EDGE_CURVE('',#1474,#1461,#1280,.T.);
#952=EDGE_CURVE('',#1475,#1474,#1180,.T.);
#953=EDGE_CURVE('',#1476,#1472,#1281,.T.);
#954=EDGE_CURVE('',#1475,#1476,#1282,.T.);
#955=EDGE_CURVE('',#1477,#1473,#1283,.T.);
#956=EDGE_CURVE('',#1476,#1477,#1284,.T.);
#957=EDGE_CURVE('',#1475,#1478,#1285,.T.);
#958=EDGE_CURVE('',#1478,#1477,#1286,.T.);
#959=EDGE_CURVE('',#1478,#1480,#1287,.T.);
#960=EDGE_CURVE('',#1480,#1479,#1288,.T.);
#961=EDGE_CURVE('',#1474,#1481,#1181,.T.);
#962=EDGE_CURVE('',#1479,#1481,#1182,.T.);
#963=EDGE_CURVE('',#1479,#1475,#1183,.T.);
#964=EDGE_CURVE('',#1468,#1482,#1184,.T.);
#965=EDGE_CURVE('',#1481,#1482,#1185,.T.);
#966=EDGE_CURVE('',#1483,#1481,#1186,.T.);
#967=EDGE_CURVE('',#1482,#1484,#1187,.T.);
#968=EDGE_CURVE('',#1484,#1483,#1188,.T.);
#969=EDGE_CURVE('',#1483,#1485,#1289,.T.);
#970=EDGE_CURVE('',#1485,#1479,#1290,.T.);
#971=EDGE_CURVE('',#1486,#1484,#1291,.T.);
#972=EDGE_CURVE('',#1483,#1487,#1292,.T.);
#973=EDGE_CURVE('',#1487,#1486,#1293,.T.);
#974=EDGE_CURVE('',#1488,#1487,#1294,.T.);
#975=EDGE_CURVE('',#1485,#1488,#1295,.T.);
#976=EDGE_CURVE('',#1486,#1489,#1296,.T.);
#977=EDGE_CURVE('',#1490,#1484,#1297,.T.);
#978=EDGE_CURVE('',#1489,#1490,#1298,.T.);
#979=EDGE_CURVE('',#1490,#1482,#1299,.T.);
#980=EDGE_CURVE('',#1482,#1491,#1300,.T.);
#981=EDGE_CURVE('',#1491,#1489,#1301,.T.);
#982=EDGE_CURVE('',#1492,#1468,#1302,.T.);
#983=EDGE_CURVE('',#1491,#1492,#1303,.T.);
#984=EDGE_CURVE('',#1463,#1493,#1304,.T.);
#985=EDGE_CURVE('',#1493,#1492,#1305,.T.);
#986=EDGE_CURVE('',#1455,#1494,#1306,.T.);
#987=EDGE_CURVE('',#1494,#1495,#1307,.T.);
#988=EDGE_CURVE('',#1495,#1491,#1308,.T.);
#989=EDGE_CURVE('',#1488,#1480,#1309,.T.);
#990=EDGE_CURVE('',#1492,#1496,#1310,.T.);
#991=EDGE_CURVE('',#1495,#1496,#1311,.T.);
#992=EDGE_CURVE('',#1462,#1497,#1312,.T.);
#993=EDGE_CURVE('',#1497,#1493,#1313,.T.);
#994=EDGE_CURVE('',#1464,#1498,#1189,.T.);
#995=EDGE_CURVE('',#1501,#1500,#1314,.T.);
#996=EDGE_CURVE('',#1499,#1500,#1315,.T.);
#997=EDGE_CURVE('',#1498,#1499,#1316,.T.);
#998=EDGE_CURVE('',#1462,#1464,#1317,.T.);
#999=EDGE_CURVE('',#1497,#1502,#1318,.T.);
#1000=EDGE_CURVE('',#1499,#1503,#1319,.T.);
#1001=EDGE_CURVE('',#1503,#1504,#1320,.T.);
#1002=EDGE_CURVE('',#1500,#1504,#1321,.T.);
#1003=EDGE_CURVE('',#1504,#1506,#1322,.T.);
#1004=EDGE_CURVE('',#1503,#1505,#1323,.T.);
#1005=EDGE_CURVE('',#1506,#1505,#1324,.T.);
#1006=EDGE_CURVE('',#1509,#1510,#1325,.T.);
#1007=EDGE_CURVE('',#1511,#1510,#1326,.T.);
#1008=EDGE_CURVE('',#1513,#1514,#1327,.T.);
#1009=EDGE_CURVE('',#1515,#1514,#1328,.T.);
#1010=EDGE_CURVE('',#1516,#1515,#1329,.T.);
#1011=EDGE_CURVE('',#1517,#1518,#1330,.T.);
#1012=EDGE_CURVE('',#1518,#1506,#1331,.T.);
#1013=EDGE_CURVE('',#1501,#1519,#1190,.T.);
#1014=EDGE_CURVE('',#1509,#1508,#1332,.T.);
#1015=EDGE_CURVE('',#1511,#1512,#1333,.T.);
#1016=EDGE_CURVE('',#1517,#1516,#1334,.T.);
#1017=EDGE_CURVE('',#1520,#1507,#1335,.T.);
#1018=EDGE_CURVE('',#1519,#1520,#1191,.T.);
#1019=EDGE_CURVE('',#1521,#1522,#1336,.T.);
#1020=EDGE_CURVE('',#1522,#1516,#1337,.T.);
#1021=EDGE_CURVE('',#1521,#1517,#1338,.T.);
#1022=EDGE_CURVE('',#1523,#1515,#1339,.T.);
#1023=EDGE_CURVE('',#1522,#1523,#1340,.T.);
#1024=EDGE_CURVE('',#1464,#1465,#1192,.T.);
#1025=EDGE_CURVE('',#1524,#1465,#1193,.T.);
#1026=EDGE_CURVE('',#1524,#1526,#1194,.T.);
#1027=EDGE_CURVE('',#1525,#1527,#1195,.T.);
#1028=EDGE_CURVE('',#1526,#1525,#1196,.T.);
#1029=EDGE_CURVE('',#1527,#1528,#1197,.T.);
#1030=EDGE_CURVE('',#1528,#1498,#1198,.T.);
#1031=EDGE_CURVE('',#1526,#1529,#1199,.T.);
#1032=EDGE_CURVE('',#1524,#1530,#1200,.T.);
#1033=EDGE_CURVE('',#1530,#1529,#1201,.T.);
#1034=EDGE_CURVE('',#1530,#1508,#1341,.T.);
#1035=EDGE_CURVE('',#1529,#1509,#1342,.T.);
#1036=EDGE_CURVE('',#1531,#1524,#1343,.T.);
#1037=EDGE_CURVE('',#1530,#1531,#1344,.T.);
#1038=EDGE_CURVE('',#1529,#1532,#1345,.T.);
#1039=EDGE_CURVE('',#1510,#1532,#1346,.T.);
#1040=EDGE_CURVE('',#1533,#1526,#1202,.T.);
#1041=EDGE_CURVE('',#1532,#1533,#1347,.T.);
#1042=EDGE_CURVE('',#1533,#1511,#1348,.T.);
#1043=EDGE_CURVE('',#1534,#1533,#1203,.T.);
#1044=EDGE_CURVE('',#1534,#1512,#1349,.T.);
#1045=EDGE_CURVE('',#1525,#1534,#1204,.T.);
#1046=EDGE_CURVE('',#1535,#1527,#1350,.T.);
#1047=EDGE_CURVE('',#1535,#1536,#1351,.T.);
#1048=EDGE_CURVE('',#1536,#1525,#1352,.T.);
#1049=EDGE_CURVE('',#1534,#1537,#1353,.T.);
#1050=EDGE_CURVE('',#1537,#1536,#1354,.T.);
#1051=EDGE_CURVE('',#1513,#1536,#1355,.T.);
#1052=EDGE_CURVE('',#1514,#1535,#1356,.T.);
#1053=EDGE_CURVE('',#1523,#1535,#1357,.T.);
#1054=EDGE_CURVE('',#1528,#1523,#1358,.T.);
#1055=EDGE_CURVE('',#1518,#1538,#1359,.T.);
#1056=EDGE_CURVE('',#1505,#1538,#1360,.T.);
#1057=EDGE_CURVE('',#1519,#1539,#1205,.T.);
#1058=EDGE_CURVE('',#1501,#1502,#1206,.T.);
#1059=EDGE_CURVE('',#1539,#1502,#1361,.T.);
#1060=EDGE_CURVE('',#1540,#1497,#1362,.T.);
#1061=EDGE_CURVE('',#1539,#1540,#1363,.T.);
#1062=EDGE_CURVE('',#1540,#1541,#1364,.T.);
#1063=EDGE_CURVE('',#1541,#1539,#1207,.T.);
#1064=EDGE_CURVE('',#1542,#1543,#1365,.T.);
#1065=EDGE_CURVE('',#1543,#1540,#1366,.T.);
#1066=EDGE_CURVE('',#1541,#1542,#1367,.T.);
#1067=EDGE_CURVE('',#1493,#1544,#1368,.T.);
#1068=EDGE_CURVE('',#1469,#1543,#1369,.T.);
#1069=EDGE_CURVE('',#1469,#1544,#1370,.T.);
#1070=EDGE_CURVE('',#1496,#1544,#1371,.T.);
#1071=EDGE_CURVE('',#1544,#1545,#1372,.T.);
#1072=EDGE_CURVE('',#1545,#1496,#1373,.T.);
#1073=EDGE_CURVE('',#1545,#1459,#1374,.T.);
#1074=EDGE_CURVE('',#1494,#1545,#1375,.T.);
#1075=EDGE_CURVE('',#1507,#1542,#1376,.T.);
#1076=EDGE_CURVE('',#1520,#1541,#1377,.T.);
#1077=EDGE_CURVE('',#1524,#1507,#1378,.T.);
#1078=EDGE_CURVE('',#1542,#1465,#1379,.T.);
#1079=EDGE_CURVE('',#1543,#1466,#1380,.T.);
#1080=EDGE_CURVE('',#1531,#1546,#1381,.T.);
#1081=EDGE_CURVE('',#1546,#1507,#1382,.T.);
#1082=EDGE_CURVE('',#1508,#1546,#1383,.T.);
#1083=EDGE_CURVE('',#1538,#1521,#1384,.T.);
#1084=EDGE_CURVE('',#1512,#1547,#1385,.T.);
#1085=EDGE_CURVE('',#1547,#1537,#1386,.T.);
#1086=EDGE_CURVE('',#1547,#1513,#1387,.T.);
#1087=EDGE_CURVE('',#1457,#1449,#1388,.T.);
#1088=EDGE_CURVE('',#1548,#1549,#1389,.T.);
#1089=EDGE_CURVE('',#1551,#1548,#1390,.T.);
#1090=EDGE_CURVE('',#1548,#1552,#1391,.T.);
#1091=EDGE_CURVE('',#1549,#1550,#1392,.T.);
#1092=EDGE_CURVE('',#1549,#1548,#1393,.T.);
#1093=EDGE_CURVE('',#1553,#1549,#1394,.T.);
#1094=EDGE_CURVE('',#1555,#1553,#1395,.T.);
#1095=EDGE_CURVE('',#1552,#1553,#1396,.T.);
#1096=EDGE_CURVE('',#1552,#1554,#1397,.T.);
#1097=EDGE_CURVE('',#1553,#1552,#1398,.T.);
#1098=EDGE_CURVE('',#1554,#1555,#1399,.T.);
#1099=EDGE_CURVE('',#1554,#1556,#1400,.T.);
#1100=EDGE_CURVE('',#1556,#1557,#1401,.T.);
#1101=EDGE_CURVE('',#1557,#1555,#1402,.T.);
#1102=EDGE_CURVE('',#1555,#1554,#1403,.T.);
#1103=EDGE_CURVE('',#1557,#1556,#1404,.T.);
#1104=EDGE_CURVE('',#1558,#1556,#1405,.T.);
#1105=EDGE_CURVE('',#1559,#1558,#1406,.T.);
#1106=EDGE_CURVE('',#1558,#1559,#1407,.T.);
#1107=EDGE_CURVE('',#1557,#1559,#1408,.T.);
#1108=EDGE_CURVE('',#1560,#1561,#1208,.T.);
#1109=EDGE_CURVE('',#1561,#1560,#1209,.T.);
#1110=EDGE_CURVE('',#1560,#1590,#1409,.T.);
#1111=EDGE_CURVE('',#1562,#1593,#1210,.T.);
#1112=EDGE_CURVE('',#1562,#1592,#1410,.T.);
#1113=EDGE_CURVE('',#1562,#1588,#1211,.T.);
#1114=EDGE_CURVE('',#1564,#1585,#1212,.T.);
#1115=EDGE_CURVE('',#1563,#1564,#1213,.T.);
#1116=EDGE_CURVE('',#1564,#1565,#1214,.T.);
#1117=EDGE_CURVE('',#1565,#1566,#1215,.T.);
#1118=EDGE_CURVE('',#1566,#1563,#1216,.T.);
#1119=EDGE_CURVE('',#1566,#1565,#1217,.T.);
#1120=EDGE_CURVE('',#1563,#1564,#1218,.T.);
#1121=EDGE_CURVE('',#1566,#1567,#1411,.T.);
#1122=EDGE_CURVE('',#1567,#1568,#1412,.T.);
#1123=EDGE_CURVE('',#1568,#1565,#1413,.T.);
#1124=EDGE_CURVE('',#1568,#1570,#1414,.T.);
#1125=EDGE_CURVE('',#1567,#1569,#1415,.T.);
#1126=EDGE_CURVE('',#1569,#1570,#1416,.T.);
#1127=EDGE_CURVE('',#1568,#1567,#1417,.T.);
#1128=EDGE_CURVE('',#1569,#1570,#1418,.T.);
#1129=EDGE_CURVE('',#1575,#1572,#1419,.T.);
#1130=EDGE_CURVE('',#1573,#1574,#1420,.T.);
#1131=EDGE_CURVE('',#1573,#1572,#1219,.T.);
#1132=EDGE_CURVE('',#1572,#1573,#1421,.T.);
#1133=EDGE_CURVE('',#1574,#1575,#1422,.T.);
#1134=EDGE_CURVE('',#1575,#1576,#1423,.T.);
#1135=EDGE_CURVE('',#1576,#1577,#1424,.T.);
#1136=EDGE_CURVE('',#1577,#1574,#1425,.T.);
#1137=EDGE_CURVE('',#1577,#1576,#1426,.T.);
#1138=EDGE_CURVE('',#1574,#1575,#1427,.T.);
#1139=EDGE_CURVE('',#1577,#1578,#1428,.T.);
#1140=EDGE_CURVE('',#1578,#1579,#1429,.T.);
#1141=EDGE_CURVE('',#1579,#1576,#1430,.T.);
#1142=EDGE_CURVE('',#1579,#1578,#1431,.T.);
#1143=EDGE_CURVE('',#1579,#1581,#1432,.T.);
#1144=EDGE_CURVE('',#1578,#1580,#1433,.T.);
#1145=EDGE_CURVE('',#1580,#1581,#1220,.T.);
#1146=EDGE_CURVE('',#1581,#1583,#1221,.T.);
#1147=EDGE_CURVE('',#1582,#1583,#1222,.T.);
#1148=EDGE_CURVE('',#1582,#1580,#1223,.T.);
#1149=EDGE_CURVE('',#1580,#1581,#1224,.T.);
#1150=EDGE_CURVE('',#1582,#1583,#1225,.T.);
#1151=EDGE_CURVE('',#1571,#1595,#1226,.T.);
#1152=EDGE_CURVE('',#1571,#1584,#1227,.T.);
#1153=EDGE_CURVE('',#1584,#1596,#1228,.T.);
#1154=EDGE_CURVE('',#1585,#1594,#1229,.T.);
#1155=EDGE_CURVE('',#1586,#1587,#1230,.T.);
#1156=EDGE_CURVE('',#1587,#1585,#1231,.T.);
#1157=EDGE_CURVE('',#1586,#1563,#1232,.T.);
#1158=EDGE_CURVE('',#1588,#1589,#1434,.T.);
#1159=EDGE_CURVE('',#1590,#1588,#1435,.T.);
#1160=EDGE_CURVE('',#1591,#1590,#1436,.T.);
#1161=EDGE_CURVE('',#1589,#1591,#1437,.T.);
#1162=EDGE_CURVE('',#1589,#1561,#1438,.T.);
#1163=EDGE_CURVE('',#1591,#1587,#1233,.T.);
#1164=EDGE_CURVE('',#1550,#1551,#1439,.T.);
#1165=EDGE_CURVE('',#1551,#1550,#1440,.T.);
#1166=EDGE_CURVE('',#1592,#1597,#1234,.T.);
#1167=EDGE_CURVE('',#1593,#1594,#1235,.T.);
#1168=EDGE_CURVE('',#1593,#1562,#1236,.T.);
#1169=EDGE_CURVE('',#1594,#1586,#1237,.T.);
#1170=EDGE_CURVE('',#1595,#1596,#1238,.T.);
#1171=EDGE_CURVE('',#1595,#1571,#1239,.T.);
#1172=EDGE_CURVE('',#1596,#1584,#1240,.T.);
#1173=EDGE_CURVE('',#1593,#1597,#1441,.T.);
#1174=EDGE_CURVE('',#1597,#1592,#1241,.T.);
#1175=(
BOUNDED_CURVE()
B_SPLINE_CURVE(3,(#6915,#6916,#6917,#6918,#6919,#6920,#6921,#6922,#6923,
#6924,#6925,#6926,#6927,#6928,#6929,#6930),.UNSPECIFIED.,.F.,.F.)
B_SPLINE_CURVE_WITH_KNOTS((4,3,3,3,3,4),(-34.4790706382646,-30.2185488285891,
-25.859298314075,-21.5000477995616,-17.2395259898884,-13.8191672637296),
 .UNSPECIFIED.)
CURVE()
GEOMETRIC_REPRESENTATION_ITEM()
RATIONAL_B_SPLINE_CURVE((1.,0.999999999999999,1.,1.,1.,1.,1.,1.,1.,1.,1.,
1.,1.,1.,1.,1.))
REPRESENTATION_ITEM('')
);
#1176=(
BOUNDED_CURVE()
B_SPLINE_CURVE(2,(#6979,#6980,#6981),.UNSPECIFIED.,.F.,.F.)
B_SPLINE_CURVE_WITH_KNOTS((3,3),(-1.5707963267949,0.),.UNSPECIFIED.)
CURVE()
GEOMETRIC_REPRESENTATION_ITEM()
RATIONAL_B_SPLINE_CURVE((1.,0.707117410163689,1.))
REPRESENTATION_ITEM('')
);
#1177=(
BOUNDED_CURVE()
B_SPLINE_CURVE(3,(#6991,#6992,#6993,#6994,#6995,#6996,#6997,#6998,#6999,
#7000,#7001),.UNSPECIFIED.,.F.,.F.)
B_SPLINE_CURVE_WITH_KNOTS((4,1,1,1,1,1,1,1,4),(0.,4.26051751837116,8.61976346590055,
12.9790091697991,17.2395259898884,21.5000477995616,25.859298314075,30.2185488285891,
34.4790706382646),.UNSPECIFIED.)
CURVE()
GEOMETRIC_REPRESENTATION_ITEM()
RATIONAL_B_SPLINE_CURVE((1.,1.,1.,1.,1.,1.,1.,1.,1.,0.999999999999999,1.))
REPRESENTATION_ITEM('')
);
#1178=(
BOUNDED_CURVE()
B_SPLINE_CURVE(2,(#7002,#7003,#7004),.UNSPECIFIED.,.F.,.F.)
B_SPLINE_CURVE_WITH_KNOTS((3,3),(0.,1.5707963267949),.UNSPECIFIED.)
CURVE()
GEOMETRIC_REPRESENTATION_ITEM()
RATIONAL_B_SPLINE_CURVE((1.,0.707117410163689,1.))
REPRESENTATION_ITEM('')
);
#1179=(
BOUNDED_CURVE()
B_SPLINE_CURVE(3,(#7023,#7024,#7025,#7026,#7027,#7028,#7029),
 .UNSPECIFIED.,.F.,.F.)
B_SPLINE_CURVE_WITH_KNOTS((4,1,1,1,4),(-20.2372038865306,-15.2581013617839,
-10.1186019432653,-4.97910252474663,0.),.UNSPECIFIED.)
CURVE()
GEOMETRIC_REPRESENTATION_ITEM()
RATIONAL_B_SPLINE_CURVE((1.,1.,1.,1.,1.,0.999999999999999,1.))
REPRESENTATION_ITEM('')
);
#1180=(
BOUNDED_CURVE()
B_SPLINE_CURVE(3,(#7091,#7092,#7093,#7094),.UNSPECIFIED.,.F.,.F.)
B_SPLINE_CURVE_WITH_KNOTS((4,4),(0.,0.917664267010916),.UNSPECIFIED.)
CURVE()
GEOMETRIC_REPRESENTATION_ITEM()
RATIONAL_B_SPLINE_CURVE((1.,1.,1.,1.))
REPRESENTATION_ITEM('')
);
#1181=(
BOUNDED_CURVE()
B_SPLINE_CURVE(3,(#7126,#7127,#7128,#7129,#7130,#7131,#7132,#7133,#7134,
#7135),.UNSPECIFIED.,.F.,.F.)
B_SPLINE_CURVE_WITH_KNOTS((4,3,3,4),(-17.7772710024723,-15.2581013617839,
-10.1186019432653,-8.73033405284),.UNSPECIFIED.)
CURVE()
GEOMETRIC_REPRESENTATION_ITEM()
RATIONAL_B_SPLINE_CURVE((1.,1.,1.,1.,1.,1.,1.,1.,1.,1.))
REPRESENTATION_ITEM('')
);
#1182=(
BOUNDED_CURVE()
B_SPLINE_CURVE(3,(#7136,#7137,#7138,#7139),.UNSPECIFIED.,.F.,.F.)
B_SPLINE_CURVE_WITH_KNOTS((4,4),(0.,0.917664267010916),.UNSPECIFIED.)
CURVE()
GEOMETRIC_REPRESENTATION_ITEM()
RATIONAL_B_SPLINE_CURVE((1.,1.,1.,1.))
REPRESENTATION_ITEM('')
);
#1183=(
BOUNDED_CURVE()
B_SPLINE_CURVE(3,(#7140,#7141,#7142,#7143,#7144,#7145),.UNSPECIFIED.,.F.,
 .F.)
B_SPLINE_CURVE_WITH_KNOTS((4,1,1,4),(0.,1.43334009181529,6.73970107533371,
9.34065934065553),.UNSPECIFIED.)
CURVE()
GEOMETRIC_REPRESENTATION_ITEM()
RATIONAL_B_SPLINE_CURVE((1.,0.997539185899449,0.987743791372212,0.985739179011313,
0.99553457353855,1.))
REPRESENTATION_ITEM('')
);
#1184=(
BOUNDED_CURVE()
B_SPLINE_CURVE(2,(#7146,#7147,#7148),.UNSPECIFIED.,.F.,.F.)
B_SPLINE_CURVE_WITH_KNOTS((3,3),(-1.5707963267949,0.),.UNSPECIFIED.)
CURVE()
GEOMETRIC_REPRESENTATION_ITEM()
RATIONAL_B_SPLINE_CURVE((1.,0.707117410163689,1.))
REPRESENTATION_ITEM('')
);
#1185=(
BOUNDED_CURVE()
B_SPLINE_CURVE(3,(#7149,#7150,#7151,#7152,#7153),.UNSPECIFIED.,.F.,.F.)
B_SPLINE_CURVE_WITH_KNOTS((4,1,4),(-8.73033405284,-4.97910252474663,0.),
 .UNSPECIFIED.)
CURVE()
GEOMETRIC_REPRESENTATION_ITEM()
RATIONAL_B_SPLINE_CURVE((1.,1.,1.,0.999999999999999,1.))
REPRESENTATION_ITEM('')
);
#1186=(
BOUNDED_CURVE()
B_SPLINE_CURVE(3,(#7154,#7155,#7156,#7157),.UNSPECIFIED.,.F.,.F.)
B_SPLINE_CURVE_WITH_KNOTS((4,4),(0.,1.94849355083295),.UNSPECIFIED.)
CURVE()
GEOMETRIC_REPRESENTATION_ITEM()
RATIONAL_B_SPLINE_CURVE((1.,1.,1.,1.))
REPRESENTATION_ITEM('')
);
#1187=(
BOUNDED_CURVE()
B_SPLINE_CURVE(3,(#7158,#7159,#7160,#7161),.UNSPECIFIED.,.F.,.F.)
B_SPLINE_CURVE_WITH_KNOTS((4,4),(-1.94849355083295,0.),.UNSPECIFIED.)
CURVE()
GEOMETRIC_REPRESENTATION_ITEM()
RATIONAL_B_SPLINE_CURVE((1.,1.,1.,1.))
REPRESENTATION_ITEM('')
);
#1188=(
BOUNDED_CURVE()
B_SPLINE_CURVE(3,(#7162,#7163,#7164,#7165,#7166),.UNSPECIFIED.,.F.,.F.)
B_SPLINE_CURVE_WITH_KNOTS((4,1,4),(0.,4.97910252474663,8.73033405284),
 .UNSPECIFIED.)
CURVE()
GEOMETRIC_REPRESENTATION_ITEM()
RATIONAL_B_SPLINE_CURVE((1.,1.,1.,1.,1.))
REPRESENTATION_ITEM('')
);
#1189=(
BOUNDED_CURVE()
B_SPLINE_CURVE(2,(#7279,#7280,#7281),.UNSPECIFIED.,.F.,.F.)
B_SPLINE_CURVE_WITH_KNOTS((3,3),(0.,1.57079632679073),.UNSPECIFIED.)
CURVE()
GEOMETRIC_REPRESENTATION_ITEM()
RATIONAL_B_SPLINE_CURVE((1.,0.707106781185107,1.))
REPRESENTATION_ITEM('')
);
#1190=(
BOUNDED_CURVE()
B_SPLINE_CURVE(3,(#7345,#7346,#7347,#7348,#7349,#7350,#7351,#7352,#7353,
#7354,#7355,#7356,#7357),.UNSPECIFIED.,.F.,.F.)
B_SPLINE_CURVE_WITH_KNOTS((4,3,3,3,4),(0.,5.7307046459822,11.6597035906561,
17.5887025817465,23.2104740992564),.UNSPECIFIED.)
CURVE()
GEOMETRIC_REPRESENTATION_ITEM()
RATIONAL_B_SPLINE_CURVE((1.,0.999999953445885,0.999999906891773,0.999999860337663,
0.999999860337663,0.999999860337663,0.999999860337663,0.999999860337663,
0.999999860337663,0.999999860337663,0.999999906891773,0.999999953445885,
1.))
REPRESENTATION_ITEM('')
);
#1191=(
BOUNDED_CURVE()
B_SPLINE_CURVE(3,(#7387,#7388,#7389,#7390,#7391,#7392,#7393,#7394,#7395,
#7396),.UNSPECIFIED.,.F.,.F.)
B_SPLINE_CURVE_WITH_KNOTS((4,3,3,4),(0.,7.91181322833584,11.8429972959054,
15.5251385326693),.UNSPECIFIED.)
CURVE()
GEOMETRIC_REPRESENTATION_ITEM()
RATIONAL_B_SPLINE_CURVE((1.,0.999999953445887,0.999999943162847,0.999999932182456,
0.999999949858156,0.999999967361691,0.999999980158106,0.99999999214386,
1.,1.))
REPRESENTATION_ITEM('')
);
#1192=(
BOUNDED_CURVE()
B_SPLINE_CURVE(2,(#7416,#7417,#7418,#7419,#7420),.UNSPECIFIED.,.F.,.F.)
B_SPLINE_CURVE_WITH_KNOTS((3,2,3),(-54.7161523341045,-27.3580761670522,
0.),.UNSPECIFIED.)
CURVE()
GEOMETRIC_REPRESENTATION_ITEM()
RATIONAL_B_SPLINE_CURVE((1.,0.780389369115023,1.,0.780389369115023,1.))
REPRESENTATION_ITEM('')
);
#1193=(
BOUNDED_CURVE()
B_SPLINE_CURVE(2,(#7421,#7422,#7423),.UNSPECIFIED.,.F.,.F.)
B_SPLINE_CURVE_WITH_KNOTS((3,3),(0.,1.57079632679491),.UNSPECIFIED.)
CURVE()
GEOMETRIC_REPRESENTATION_ITEM()
RATIONAL_B_SPLINE_CURVE((1.,0.7071067811894,1.))
REPRESENTATION_ITEM('')
);
#1194=(
BOUNDED_CURVE()
B_SPLINE_CURVE(2,(#7424,#7425,#7426),.UNSPECIFIED.,.F.,.F.)
B_SPLINE_CURVE_WITH_KNOTS((3,3),(63.6172512351933,72.4900207323514),
 .UNSPECIFIED.)
CURVE()
GEOMETRIC_REPRESENTATION_ITEM()
RATIONAL_B_SPLINE_CURVE((1.,0.976097649267398,1.))
REPRESENTATION_ITEM('')
);
#1195=(
BOUNDED_CURVE()
B_SPLINE_CURVE(2,(#7427,#7428,#7429),.UNSPECIFIED.,.F.,.F.)
B_SPLINE_CURVE_WITH_KNOTS((3,3),(81.3724658976052,83.7354378585545),
 .UNSPECIFIED.)
CURVE()
GEOMETRIC_REPRESENTATION_ITEM()
RATIONAL_B_SPLINE_CURVE((1.,0.99829841404895,1.))
REPRESENTATION_ITEM('')
);
#1196=(
BOUNDED_CURVE()
B_SPLINE_CURVE(2,(#7430,#7431,#7432),.UNSPECIFIED.,.F.,.F.)
B_SPLINE_CURVE_WITH_KNOTS((3,3),(72.4900207323514,81.3724658976052),
 .UNSPECIFIED.)
CURVE()
GEOMETRIC_REPRESENTATION_ITEM()
RATIONAL_B_SPLINE_CURVE((1.,0.97604568638573,1.))
REPRESENTATION_ITEM('')
);
#1197=(
BOUNDED_CURVE()
B_SPLINE_CURVE(2,(#7433,#7434,#7435),.UNSPECIFIED.,.F.,.F.)
B_SPLINE_CURVE_WITH_KNOTS((3,3),(83.7354378585545,97.6735289671219),
 .UNSPECIFIED.)
CURVE()
GEOMETRIC_REPRESENTATION_ITEM()
RATIONAL_B_SPLINE_CURVE((1.,0.941362445587043,1.))
REPRESENTATION_ITEM('')
);
#1198=(
BOUNDED_CURVE()
B_SPLINE_CURVE(2,(#7436,#7437,#7438),.UNSPECIFIED.,.F.,.F.)
B_SPLINE_CURVE_WITH_KNOTS((3,3),(97.6735289671219,118.333403569285),
 .UNSPECIFIED.)
CURVE()
GEOMETRIC_REPRESENTATION_ITEM()
RATIONAL_B_SPLINE_CURVE((1.,0.872685744043732,1.))
REPRESENTATION_ITEM('')
);
#1199=(
BOUNDED_CURVE()
B_SPLINE_CURVE(3,(#7439,#7440,#7441,#7442),.UNSPECIFIED.,.F.,.F.)
B_SPLINE_CURVE_WITH_KNOTS((4,4),(-1.9845807568077,0.),.UNSPECIFIED.)
CURVE()
GEOMETRIC_REPRESENTATION_ITEM()
RATIONAL_B_SPLINE_CURVE((1.,1.,1.,1.))
REPRESENTATION_ITEM('')
);
#1200=(
BOUNDED_CURVE()
B_SPLINE_CURVE(3,(#7443,#7444,#7445,#7446),.UNSPECIFIED.,.F.,.F.)
B_SPLINE_CURVE_WITH_KNOTS((4,4),(-1.9845807568077,0.),.UNSPECIFIED.)
CURVE()
GEOMETRIC_REPRESENTATION_ITEM()
RATIONAL_B_SPLINE_CURVE((1.,1.,1.,1.))
REPRESENTATION_ITEM('')
);
#1201=(
BOUNDED_CURVE()
B_SPLINE_CURVE(3,(#7447,#7448,#7449,#7450),.UNSPECIFIED.,.F.,.F.)
B_SPLINE_CURVE_WITH_KNOTS((4,4),(63.6172512351933,72.4900207323514),
 .UNSPECIFIED.)
CURVE()
GEOMETRIC_REPRESENTATION_ITEM()
RATIONAL_B_SPLINE_CURVE((1.,1.,1.,1.))
REPRESENTATION_ITEM('')
);
#1202=(
BOUNDED_CURVE()
B_SPLINE_CURVE(3,(#7473,#7474,#7475,#7476),.UNSPECIFIED.,.F.,.F.)
B_SPLINE_CURVE_WITH_KNOTS((4,4),(-0.901349440418002,0.),.UNSPECIFIED.)
CURVE()
GEOMETRIC_REPRESENTATION_ITEM()
RATIONAL_B_SPLINE_CURVE((1.,1.,1.,1.))
REPRESENTATION_ITEM('')
);
#1203=(
BOUNDED_CURVE()
B_SPLINE_CURVE(2,(#7483,#7484,#7485),.UNSPECIFIED.,.F.,.F.)
B_SPLINE_CURVE_WITH_KNOTS((3,3),(-9.34065934065552,0.),.UNSPECIFIED.)
CURVE()
GEOMETRIC_REPRESENTATION_ITEM()
RATIONAL_B_SPLINE_CURVE((1.,0.975945410979532,1.))
REPRESENTATION_ITEM('')
);
#1204=(
BOUNDED_CURVE()
B_SPLINE_CURVE(3,(#7488,#7489,#7490,#7491),.UNSPECIFIED.,.F.,.F.)
B_SPLINE_CURVE_WITH_KNOTS((4,4),(0.,0.901349440418002),.UNSPECIFIED.)
CURVE()
GEOMETRIC_REPRESENTATION_ITEM()
RATIONAL_B_SPLINE_CURVE((1.,1.,1.,1.))
REPRESENTATION_ITEM('')
);
#1205=(
BOUNDED_CURVE()
B_SPLINE_CURVE(2,(#7535,#7536,#7537),.UNSPECIFIED.,.F.,.F.)
B_SPLINE_CURVE_WITH_KNOTS((3,3),(-3.92699081698766,0.),.UNSPECIFIED.)
CURVE()
GEOMETRIC_REPRESENTATION_ITEM()
RATIONAL_B_SPLINE_CURVE((1.,0.707106900395777,1.))
REPRESENTATION_ITEM('')
);
#1206=(
BOUNDED_CURVE()
B_SPLINE_CURVE(2,(#7538,#7539,#7540),.UNSPECIFIED.,.F.,.F.)
B_SPLINE_CURVE_WITH_KNOTS((3,3),(-3.92699081698766,0.),.UNSPECIFIED.)
CURVE()
GEOMETRIC_REPRESENTATION_ITEM()
RATIONAL_B_SPLINE_CURVE((1.,0.707106900395777,1.))
REPRESENTATION_ITEM('')
);
#1207=(
BOUNDED_CURVE()
B_SPLINE_CURVE(3,(#7557,#7558,#7559,#7560,#7561,#7562,#7563,#7564,#7565,
#7566),.UNSPECIFIED.,.F.,.F.)
B_SPLINE_CURVE_WITH_KNOTS((4,3,3,4),(-15.5251385326693,-11.8429972959054,
-7.91181322833584,0.),.UNSPECIFIED.)
CURVE()
GEOMETRIC_REPRESENTATION_ITEM()
RATIONAL_B_SPLINE_CURVE((1.,1.,1.,1.,1.,1.,1.,1.,1.,1.))
REPRESENTATION_ITEM('')
);
#1208=(
BOUNDED_CURVE()
B_SPLINE_CURVE(2,(#7908,#7909,#7910,#7911,#7912),.UNSPECIFIED.,.F.,.F.)
B_SPLINE_CURVE_WITH_KNOTS((3,2,3),(-15.8650429006285,-7.93252145031423,
0.),.UNSPECIFIED.)
CURVE()
GEOMETRIC_REPRESENTATION_ITEM()
RATIONAL_B_SPLINE_CURVE((1.,0.707106781186548,1.,0.707106781186548,1.))
REPRESENTATION_ITEM('')
);
#1209=(
BOUNDED_CURVE()
B_SPLINE_CURVE(2,(#7913,#7914,#7915,#7916,#7917),.UNSPECIFIED.,.F.,.F.)
B_SPLINE_CURVE_WITH_KNOTS((3,2,3),(-15.8650429006285,-7.93252145031423,
0.),.UNSPECIFIED.)
CURVE()
GEOMETRIC_REPRESENTATION_ITEM()
RATIONAL_B_SPLINE_CURVE((1.,0.707106781186548,1.,0.707106781186548,1.))
REPRESENTATION_ITEM('')
);
#1210=(
BOUNDED_CURVE()
B_SPLINE_CURVE(2,(#7920,#7921,#7922,#7923,#7924),.UNSPECIFIED.,.F.,.F.)
B_SPLINE_CURVE_WITH_KNOTS((3,2,3),(-97.3893512860739,-73.0420134645554,
-48.6946756430369),.UNSPECIFIED.)
CURVE()
GEOMETRIC_REPRESENTATION_ITEM()
RATIONAL_B_SPLINE_CURVE((1.,0.707106781186548,1.,0.707106781186548,1.))
REPRESENTATION_ITEM('')
);
#1211=(
BOUNDED_CURVE()
B_SPLINE_CURVE(1,(#7927,#7928),.UNSPECIFIED.,.F.,.F.)
B_SPLINE_CURVE_WITH_KNOTS((2,2),(0.,7.34689993107587),.UNSPECIFIED.)
CURVE()
GEOMETRIC_REPRESENTATION_ITEM()
RATIONAL_B_SPLINE_CURVE((1.,1.))
REPRESENTATION_ITEM('')
);
#1212=(
BOUNDED_CURVE()
B_SPLINE_CURVE(3,(#7929,#7930,#7931,#7932),.UNSPECIFIED.,.F.,.F.)
B_SPLINE_CURVE_WITH_KNOTS((4,4),(0.,19.0055466576763),.UNSPECIFIED.)
CURVE()
GEOMETRIC_REPRESENTATION_ITEM()
RATIONAL_B_SPLINE_CURVE((1.,0.995980871402824,0.995980445557782,1.))
REPRESENTATION_ITEM('')
);
#1213=(
BOUNDED_CURVE()
B_SPLINE_CURVE(3,(#7933,#7934,#7935,#7936,#7937,#7938,#7939,#7940,#7941,
#7942,#7943,#7944,#7945,#7946,#7947,#7948,#7949,#7950),.UNSPECIFIED.,.F.,
 .F.)
B_SPLINE_CURVE_WITH_KNOTS((4,2,2,2,2,2,2,2,4),(0.,14.4005811240384,28.8011622480768,
43.2017433721152,57.6023244961536,72.002905620192,86.4034867442304,100.804067868269,
115.204648992307),.UNSPECIFIED.)
CURVE()
GEOMETRIC_REPRESENTATION_ITEM()
RATIONAL_B_SPLINE_CURVE((1.,1.,1.,0.999999999999999,1.,0.999999999999999,
1.,1.,1.,1.,1.,1.,1.,1.,1.,1.,1.,1.))
REPRESENTATION_ITEM('')
);
#1214=(
BOUNDED_CURVE()
B_SPLINE_CURVE(2,(#7951,#7952,#7953),.UNSPECIFIED.,.F.,.F.)
B_SPLINE_CURVE_WITH_KNOTS((3,3),(-8.0717240773461,0.),.UNSPECIFIED.)
CURVE()
GEOMETRIC_REPRESENTATION_ITEM()
RATIONAL_B_SPLINE_CURVE((1.,0.782177244769503,1.))
REPRESENTATION_ITEM('')
);
#1215=(
BOUNDED_CURVE()
B_SPLINE_CURVE(3,(#7954,#7955,#7956,#7957,#7958,#7959,#7960,#7961,#7962,
#7963,#7964,#7965,#7966,#7967,#7968,#7969,#7970,#7971),.UNSPECIFIED.,.F.,
 .F.)
B_SPLINE_CURVE_WITH_KNOTS((4,2,2,2,2,2,2,2,4),(-115.204648992307,-100.804067868269,
-86.4034867442304,-72.002905620192,-57.6023244961536,-43.2017433721152,
-28.8011622480768,-14.4005811240384,0.),.UNSPECIFIED.)
CURVE()
GEOMETRIC_REPRESENTATION_ITEM()
RATIONAL_B_SPLINE_CURVE((1.,1.,1.,1.,1.,1.,1.,1.,1.,1.,1.,1.,0.999999999999999,
1.,0.999999999999999,1.,1.,1.))
REPRESENTATION_ITEM('')
);
#1216=(
BOUNDED_CURVE()
B_SPLINE_CURVE(2,(#7972,#7973,#7974),.UNSPECIFIED.,.F.,.F.)
B_SPLINE_CURVE_WITH_KNOTS((3,3),(0.,8.0717240773461),.UNSPECIFIED.)
CURVE()
GEOMETRIC_REPRESENTATION_ITEM()
RATIONAL_B_SPLINE_CURVE((1.,0.782177244769503,1.))
REPRESENTATION_ITEM('')
);
#1217=(
BOUNDED_CURVE()
B_SPLINE_CURVE(3,(#7975,#7976,#7977,#7978,#7979,#7980,#7981,#7982,#7983,
#7984,#7985,#7986,#7987,#7988,#7989,#7990,#7991,#7992),.UNSPECIFIED.,.F.,
 .F.)
B_SPLINE_CURVE_WITH_KNOTS((4,2,2,2,2,2,2,2,4),(0.,14.40058120673,28.80116241346,
43.20174362019,57.6023248269201,72.0029060336501,86.4034872403801,100.80406844711,
115.20464965384),.UNSPECIFIED.)
CURVE()
GEOMETRIC_REPRESENTATION_ITEM()
RATIONAL_B_SPLINE_CURVE((1.,1.,1.,1.,1.,1.,1.,1.,1.,1.,1.,1.,1.,1.,1.,1.,
1.,1.))
REPRESENTATION_ITEM('')
);
#1218=(
BOUNDED_CURVE()
B_SPLINE_CURVE(3,(#7993,#7994,#7995,#7996,#7997,#7998,#7999,#8000,#8001,
#8002,#8003,#8004,#8005,#8006,#8007,#8008,#8009,#8010),.UNSPECIFIED.,.F.,
 .F.)
B_SPLINE_CURVE_WITH_KNOTS((4,2,2,2,2,2,2,2,4),(0.,14.40058120673,28.80116241346,
43.20174362019,57.6023248269201,72.0029060336501,86.4034872403801,100.80406844711,
115.20464965384),.UNSPECIFIED.)
CURVE()
GEOMETRIC_REPRESENTATION_ITEM()
RATIONAL_B_SPLINE_CURVE((1.,1.,1.,1.,1.,1.,1.,1.,1.,1.,1.,1.,1.,1.,1.,1.,
1.,1.))
REPRESENTATION_ITEM('')
);
#1219=(
BOUNDED_CURVE()
B_SPLINE_CURVE(3,(#8217,#8218,#8219,#8220,#8221,#8222,#8223),
 .UNSPECIFIED.,.F.,.F.)
B_SPLINE_CURVE_WITH_KNOTS((4,3,4),(47.1238901199483,70.6858350932813,94.2477802398965),
 .UNSPECIFIED.)
CURVE()
GEOMETRIC_REPRESENTATION_ITEM()
RATIONAL_B_SPLINE_CURVE((1.,0.85214905122617,0.90518877030893,1.19104433135851,
0.905188767371764,0.852149048720297,1.))
REPRESENTATION_ITEM('')
);
#1220=(
BOUNDED_CURVE()
B_SPLINE_CURVE(3,(#8523,#8524,#8525,#8526,#8527,#8528,#8529,#8530,#8531,
#8532,#8533),.UNSPECIFIED.,.F.,.F.)
B_SPLINE_CURVE_WITH_KNOTS((4,1,1,1,1,1,1,1,4),(0.,14.8366620034009,30.1519260069115,
45.706491010477,61.2610560140425,76.8156210176079,92.3701860211734,107.685450024684,
122.522112028085),.UNSPECIFIED.)
CURVE()
GEOMETRIC_REPRESENTATION_ITEM()
RATIONAL_B_SPLINE_CURVE((1.,1.,1.,1.,1.,1.,1.,1.,1.,1.,1.))
REPRESENTATION_ITEM('')
);
#1221=(
BOUNDED_CURVE()
B_SPLINE_CURVE(2,(#8534,#8535,#8536,#8537,#8538),.UNSPECIFIED.,.F.,.F.)
B_SPLINE_CURVE_WITH_KNOTS((3,2,3),(0.,0.5,1.),.UNSPECIFIED.)
CURVE()
GEOMETRIC_REPRESENTATION_ITEM()
RATIONAL_B_SPLINE_CURVE((1.,0.923879532512053,1.00000000000014,0.923879532512053,
1.))
REPRESENTATION_ITEM('')
);
#1222=(
BOUNDED_CURVE()
B_SPLINE_CURVE(3,(#8539,#8540,#8541,#8542,#8543,#8544,#8545,#8546,#8547,
#8548,#8549),.UNSPECIFIED.,.F.,.F.)
B_SPLINE_CURVE_WITH_KNOTS((4,1,1,1,1,1,1,1,4),(0.,14.8366620034009,30.1519260069115,
45.706491010477,61.2610560140425,76.8156210176079,92.3701860211734,107.685450024684,
122.522112028085),.UNSPECIFIED.)
CURVE()
GEOMETRIC_REPRESENTATION_ITEM()
RATIONAL_B_SPLINE_CURVE((1.,1.,1.,1.,1.,1.,1.,1.,1.,1.,1.))
REPRESENTATION_ITEM('')
);
#1223=(
BOUNDED_CURVE()
B_SPLINE_CURVE(2,(#8550,#8551,#8552,#8553,#8554),.UNSPECIFIED.,.F.,.F.)
B_SPLINE_CURVE_WITH_KNOTS((3,2,3),(-1.,-0.5,0.),.UNSPECIFIED.)
CURVE()
GEOMETRIC_REPRESENTATION_ITEM()
RATIONAL_B_SPLINE_CURVE((1.,0.923879532511922,1.,0.923879532511922,1.))
REPRESENTATION_ITEM('')
);
#1224=(
BOUNDED_CURVE()
B_SPLINE_CURVE(3,(#8555,#8556,#8557,#8558,#8559,#8560,#8561,#8562,#8563,
#8564,#8565),.UNSPECIFIED.,.F.,.F.)
B_SPLINE_CURVE_WITH_KNOTS((4,1,1,1,1,1,1,1,4),(-122.522112357604,-107.685450314301,
-92.3701862696002,-76.8156212242012,-61.2610561788022,-45.7064911334032,
-30.1519260880042,-14.8366620433037,0.),.UNSPECIFIED.)
CURVE()
GEOMETRIC_REPRESENTATION_ITEM()
RATIONAL_B_SPLINE_CURVE((1.,1.,1.,1.,1.,1.,1.,1.,1.,1.,1.))
REPRESENTATION_ITEM('')
);
#1225=(
BOUNDED_CURVE()
B_SPLINE_CURVE(3,(#8566,#8567,#8568,#8569,#8570,#8571,#8572,#8573,#8574,
#8575,#8576),.UNSPECIFIED.,.F.,.F.)
B_SPLINE_CURVE_WITH_KNOTS((4,1,1,1,1,1,1,1,4),(-122.522112357604,-107.685450314301,
-92.3701862696002,-76.8156212242012,-61.2610561788022,-45.7064911334032,
-30.1519260880042,-14.8366620433037,0.),.UNSPECIFIED.)
CURVE()
GEOMETRIC_REPRESENTATION_ITEM()
RATIONAL_B_SPLINE_CURVE((1.,1.,1.,1.,1.,1.,1.,1.,1.,1.,1.))
REPRESENTATION_ITEM('')
);
#1226=(
BOUNDED_CURVE()
B_SPLINE_CURVE(2,(#8577,#8578,#8579,#8580,#8581),.UNSPECIFIED.,.F.,.F.)
B_SPLINE_CURVE_WITH_KNOTS((3,2,3),(-135.716802635079,-67.8584013175395,
0.),.UNSPECIFIED.)
CURVE()
GEOMETRIC_REPRESENTATION_ITEM()
RATIONAL_B_SPLINE_CURVE((1.,0.707106781186548,1.,0.707106781186548,1.))
REPRESENTATION_ITEM('')
);
#1227=(
BOUNDED_CURVE()
B_SPLINE_CURVE(1,(#8582,#8583),.UNSPECIFIED.,.F.,.F.)
B_SPLINE_CURVE_WITH_KNOTS((2,2),(0.,1.),.UNSPECIFIED.)
CURVE()
GEOMETRIC_REPRESENTATION_ITEM()
RATIONAL_B_SPLINE_CURVE((1.,1.))
REPRESENTATION_ITEM('')
);
#1228=(
BOUNDED_CURVE()
B_SPLINE_CURVE(2,(#8584,#8585,#8586,#8587,#8588),.UNSPECIFIED.,.F.,.F.)
B_SPLINE_CURVE_WITH_KNOTS((3,2,3),(-135.716802635079,-67.8584013175395,
0.),.UNSPECIFIED.)
CURVE()
GEOMETRIC_REPRESENTATION_ITEM()
RATIONAL_B_SPLINE_CURVE((1.,0.707106781186548,1.,0.707106781186548,1.))
REPRESENTATION_ITEM('')
);
#1229=(
BOUNDED_CURVE()
B_SPLINE_CURVE(3,(#8589,#8590,#8591,#8592,#8593,#8594,#8595),
 .UNSPECIFIED.,.F.,.F.)
B_SPLINE_CURVE_WITH_KNOTS((4,3,4),(-125.479559941957,-64.1030001068634,
-27.2764979675393),.UNSPECIFIED.)
CURVE()
GEOMETRIC_REPRESENTATION_ITEM()
RATIONAL_B_SPLINE_CURVE((1.,0.852058772320288,0.904996983817327,1.19066582215303,
1.04437092062839,0.981008409865588,1.))
REPRESENTATION_ITEM('')
);
#1230=(
BOUNDED_CURVE()
B_SPLINE_CURVE(3,(#8596,#8597,#8598,#8599,#8600,#8601,#8602),
 .UNSPECIFIED.,.F.,.F.)
B_SPLINE_CURVE_WITH_KNOTS((4,3,4),(-125.479559921605,-64.1030001068563,
-27.2765042037478),.UNSPECIFIED.)
CURVE()
GEOMETRIC_REPRESENTATION_ITEM()
RATIONAL_B_SPLINE_CURVE((1.,0.852058772433184,0.904996983949641,1.19066582215303,
1.0443709486951,0.98100843757036,1.))
REPRESENTATION_ITEM('')
);
#1231=(
BOUNDED_CURVE()
B_SPLINE_CURVE(3,(#8603,#8604,#8605,#8606),.UNSPECIFIED.,.F.,.F.)
B_SPLINE_CURVE_WITH_KNOTS((4,4),(-27.2765042037478,-2.72643985476881),
 .UNSPECIFIED.)
CURVE()
GEOMETRIC_REPRESENTATION_ITEM()
RATIONAL_B_SPLINE_CURVE((1.,0.967469928900345,0.969002530110074,1.))
REPRESENTATION_ITEM('')
);
#1232=(
BOUNDED_CURVE()
B_SPLINE_CURVE(3,(#8607,#8608,#8609,#8610),.UNSPECIFIED.,.F.,.F.)
B_SPLINE_CURVE_WITH_KNOTS((4,4),(-19.0055465387332,0.),.UNSPECIFIED.)
CURVE()
GEOMETRIC_REPRESENTATION_ITEM()
RATIONAL_B_SPLINE_CURVE((1.,0.995980447520697,0.995980873361475,1.))
REPRESENTATION_ITEM('')
);
#1233=(
BOUNDED_CURVE()
B_SPLINE_CURVE(1,(#8647,#8648),.UNSPECIFIED.,.F.,.F.)
B_SPLINE_CURVE_WITH_KNOTS((2,2),(14.6531000687267,19.0014450794509),
 .UNSPECIFIED.)
CURVE()
GEOMETRIC_REPRESENTATION_ITEM()
RATIONAL_B_SPLINE_CURVE((1.,1.))
REPRESENTATION_ITEM('')
);
#1234=(
BOUNDED_CURVE()
B_SPLINE_CURVE(2,(#8795,#8796,#8797,#8798,#8799),.UNSPECIFIED.,.F.,.F.)
B_SPLINE_CURVE_WITH_KNOTS((3,2,3),(0.,24.347339272733,48.6946785454653),
 .UNSPECIFIED.)
CURVE()
GEOMETRIC_REPRESENTATION_ITEM()
RATIONAL_B_SPLINE_CURVE((1.,0.707106781186548,1.,0.707106781186562,1.))
REPRESENTATION_ITEM('')
);
#1235=(
BOUNDED_CURVE()
B_SPLINE_CURVE(1,(#8800,#8801),.UNSPECIFIED.,.F.,.F.)
B_SPLINE_CURVE_WITH_KNOTS((2,2),(0.,19.0014450794945),.UNSPECIFIED.)
CURVE()
GEOMETRIC_REPRESENTATION_ITEM()
RATIONAL_B_SPLINE_CURVE((1.,1.))
REPRESENTATION_ITEM('')
);
#1236=(
BOUNDED_CURVE()
B_SPLINE_CURVE(2,(#8802,#8803,#8804,#8805,#8806),.UNSPECIFIED.,.F.,.F.)
B_SPLINE_CURVE_WITH_KNOTS((3,2,3),(-48.6946756430369,-24.3473378215185,
0.),.UNSPECIFIED.)
CURVE()
GEOMETRIC_REPRESENTATION_ITEM()
RATIONAL_B_SPLINE_CURVE((1.,0.707106781186548,1.,0.707106781186548,1.))
REPRESENTATION_ITEM('')
);
#1237=(
BOUNDED_CURVE()
B_SPLINE_CURVE(3,(#8807,#8808,#8809,#8810),.UNSPECIFIED.,.F.,.F.)
B_SPLINE_CURVE_WITH_KNOTS((4,4),(-27.2764979675393,-2.72643983442818),
 .UNSPECIFIED.)
CURVE()
GEOMETRIC_REPRESENTATION_ITEM()
RATIONAL_B_SPLINE_CURVE((1.,0.967469943010214,0.969002542723153,1.))
REPRESENTATION_ITEM('')
);
#1238=(
BOUNDED_CURVE()
B_SPLINE_CURVE(1,(#8811,#8812),.UNSPECIFIED.,.F.,.F.)
B_SPLINE_CURVE_WITH_KNOTS((2,2),(0.,1.),.UNSPECIFIED.)
CURVE()
GEOMETRIC_REPRESENTATION_ITEM()
RATIONAL_B_SPLINE_CURVE((1.,1.))
REPRESENTATION_ITEM('')
);
#1239=(
BOUNDED_CURVE()
B_SPLINE_CURVE(2,(#8813,#8814,#8815,#8816,#8817),.UNSPECIFIED.,.F.,.F.)
B_SPLINE_CURVE_WITH_KNOTS((3,2,3),(0.,67.8584013175395,135.716802635079),
 .UNSPECIFIED.)
CURVE()
GEOMETRIC_REPRESENTATION_ITEM()
RATIONAL_B_SPLINE_CURVE((1.,0.707106781186548,1.,0.707106781186548,1.))
REPRESENTATION_ITEM('')
);
#1240=(
BOUNDED_CURVE()
B_SPLINE_CURVE(2,(#8818,#8819,#8820,#8821,#8822),.UNSPECIFIED.,.F.,.F.)
B_SPLINE_CURVE_WITH_KNOTS((3,2,3),(0.,67.8584013175395,135.716802635079),
 .UNSPECIFIED.)
CURVE()
GEOMETRIC_REPRESENTATION_ITEM()
RATIONAL_B_SPLINE_CURVE((1.,0.707106781186548,1.,0.707106781186548,1.))
REPRESENTATION_ITEM('')
);
#1241=(
BOUNDED_CURVE()
B_SPLINE_CURVE(2,(#8825,#8826,#8827,#8828,#8829),.UNSPECIFIED.,.F.,.F.)
B_SPLINE_CURVE_WITH_KNOTS((3,2,3),(48.6946785454653,73.042017818199,97.3893512860739),
 .UNSPECIFIED.)
CURVE()
GEOMETRIC_REPRESENTATION_ITEM()
RATIONAL_B_SPLINE_CURVE((1.,0.707106781186533,1.,0.707106900395836,1.))
REPRESENTATION_ITEM('')
);
#1242=B_SPLINE_CURVE_WITH_KNOTS('',3,(#6861,#6862,#6863,#6864,#6865,#6866),
 .UNSPECIFIED.,.F.,.F.,(4,2,4),(0.,0.780603705858308,1.56120741171662),
 .UNSPECIFIED.);
#1243=B_SPLINE_CURVE_WITH_KNOTS('',3,(#6867,#6868,#6869,#6870,#6871,#6872),
 .UNSPECIFIED.,.F.,.F.,(4,2,4),(-1.56120741171662,-0.780603705858308,0.),
 .UNSPECIFIED.);
#1244=B_SPLINE_CURVE_WITH_KNOTS('',3,(#6873,#6874,#6875,#6876),
 .UNSPECIFIED.,.F.,.F.,(4,4),(0.,1.5000002133232),.UNSPECIFIED.);
#1245=B_SPLINE_CURVE_WITH_KNOTS('',3,(#6877,#6878,#6879,#6880,#6881,#6882,
#6883,#6884,#6885,#6886),.UNSPECIFIED.,.F.,.F.,(4,2,2,2,4),(0.,0.480262588577185,
0.960525177154369,1.92105035430874,3.84210070861748),.UNSPECIFIED.);
#1246=B_SPLINE_CURVE_WITH_KNOTS('',1,(#6887,#6888),.UNSPECIFIED.,.F.,.F.,
(2,2),(-1.500000000002,0.),.UNSPECIFIED.);
#1247=B_SPLINE_CURVE_WITH_KNOTS('',3,(#6889,#6890,#6891,#6892,#6893,#6894,
#6895,#6896,#6897,#6898),.UNSPECIFIED.,.F.,.F.,(4,2,2,2,4),(-3.84210070861748,
-1.92105035430874,-0.960525177154369,-0.480262588577185,0.),
 .UNSPECIFIED.);
#1248=B_SPLINE_CURVE_WITH_KNOTS('',1,(#6899,#6900),.UNSPECIFIED.,.F.,.F.,
(2,2),(-1.500000000002,0.),.UNSPECIFIED.);
#1249=B_SPLINE_CURVE_WITH_KNOTS('',3,(#6901,#6902,#6903,#6904,#6905,#6906),
 .UNSPECIFIED.,.F.,.F.,(4,2,4),(0.,0.770316451094981,1.54063290218996),
 .UNSPECIFIED.);
#1250=B_SPLINE_CURVE_WITH_KNOTS('',3,(#6907,#6908,#6909,#6910,#6911,#6912),
 .UNSPECIFIED.,.F.,.F.,(4,2,4),(-1.54063290218996,-0.770316451094981,0.),
 .UNSPECIFIED.);
#1251=B_SPLINE_CURVE_WITH_KNOTS('',1,(#6913,#6914),.UNSPECIFIED.,.F.,.F.,
(2,2),(-1.500000000002,0.),.UNSPECIFIED.);
#1252=B_SPLINE_CURVE_WITH_KNOTS('',3,(#6931,#6932,#6933,#6934),
 .UNSPECIFIED.,.F.,.F.,(4,4),(0.,7.000000000015),.UNSPECIFIED.);
#1253=B_SPLINE_CURVE_WITH_KNOTS('',3,(#6935,#6936,#6937,#6938),
 .UNSPECIFIED.,.F.,.F.,(4,4),(0.,4.00000000290399),.UNSPECIFIED.);
#1254=B_SPLINE_CURVE_WITH_KNOTS('',3,(#6939,#6940,#6941,#6942,#6943,#6944,
#6945,#6946,#6947),.UNSPECIFIED.,.F.,.F.,(4,1,1,1,1,1,4),(0.,0.111271213634454,
2.161027526947,4.21078384026168,6.26054015357422,8.31029646688677,8.87362637362143),
 .UNSPECIFIED.);
#1255=B_SPLINE_CURVE_WITH_KNOTS('',3,(#6948,#6949,#6950,#6951),
 .UNSPECIFIED.,.F.,.F.,(4,4),(0.,2.614049143388),.UNSPECIFIED.);
#1256=B_SPLINE_CURVE_WITH_KNOTS('',3,(#6952,#6953,#6954,#6955),
 .UNSPECIFIED.,.F.,.F.,(4,4),(-1.,0.),.UNSPECIFIED.);
#1257=B_SPLINE_CURVE_WITH_KNOTS('',3,(#6956,#6957,#6958,#6959),
 .UNSPECIFIED.,.F.,.F.,(4,4),(-1.5000002133232,0.),.UNSPECIFIED.);
#1258=B_SPLINE_CURVE_WITH_KNOTS('',3,(#6960,#6961,#6962,#6963),
 .UNSPECIFIED.,.F.,.F.,(4,4),(-7.000000000015,0.),.UNSPECIFIED.);
#1259=B_SPLINE_CURVE_WITH_KNOTS('',3,(#6964,#6965,#6966,#6967),
 .UNSPECIFIED.,.F.,.F.,(4,4),(0.,1.500052950735),.UNSPECIFIED.);
#1260=B_SPLINE_CURVE_WITH_KNOTS('',1,(#6968,#6969),.UNSPECIFIED.,.F.,.F.,
(2,2),(0.,1.500000000002),.UNSPECIFIED.);
#1261=B_SPLINE_CURVE_WITH_KNOTS('',3,(#6970,#6971,#6972,#6973,#6974,#6975,
#6976,#6977,#6978),.UNSPECIFIED.,.F.,.F.,(4,1,1,1,1,1,4),(-9.49999999999918,
-8.48038201890307,-6.41812126772713,-4.35586051652843,-2.29359976535248,
-0.231339014176532,0.),.UNSPECIFIED.);
#1262=B_SPLINE_CURVE_WITH_KNOTS('',3,(#6982,#6983,#6984,#6985),
 .UNSPECIFIED.,.F.,.F.,(4,4),(0.,1.5000002133232),.UNSPECIFIED.);
#1263=B_SPLINE_CURVE_WITH_KNOTS('',3,(#6986,#6987,#6988,#6989,#6990),
 .UNSPECIFIED.,.F.,.F.,(4,1,4),(-1.57076378233331,-0.785381891166666,0.),
 .UNSPECIFIED.);
#1264=B_SPLINE_CURVE_WITH_KNOTS('',3,(#7005,#7006,#7007,#7008,#7009,#7010),
 .UNSPECIFIED.,.F.,.F.,(4,2,4),(0.,7.25587173562967,14.5117434712593),
 .UNSPECIFIED.);
#1265=B_SPLINE_CURVE_WITH_KNOTS('',3,(#7011,#7012,#7013,#7014),
 .UNSPECIFIED.,.F.,.F.,(4,4),(-0.749999999999037,0.),.UNSPECIFIED.);
#1266=B_SPLINE_CURVE_WITH_KNOTS('',3,(#7015,#7016,#7017,#7018),
 .UNSPECIFIED.,.F.,.F.,(4,4),(-0.750026138852823,0.),.UNSPECIFIED.);
#1267=B_SPLINE_CURVE_WITH_KNOTS('',3,(#7019,#7020,#7021,#7022),
 .UNSPECIFIED.,.F.,.F.,(4,4),(0.,0.750030063970035),.UNSPECIFIED.);
#1268=B_SPLINE_CURVE_WITH_KNOTS('',3,(#7030,#7031,#7032,#7033,#7034),
 .UNSPECIFIED.,.F.,.F.,(4,1,4),(-8.5714274857144,-4.28571426198997,0.),
 .UNSPECIFIED.);
#1269=B_SPLINE_CURVE_WITH_KNOTS('',3,(#7035,#7036,#7037,#7038,#7039),
 .UNSPECIFIED.,.F.,.F.,(4,1,4),(0.,4.28571372648396,8.57142745296811),
 .UNSPECIFIED.);
#1270=B_SPLINE_CURVE_WITH_KNOTS('',3,(#7040,#7041,#7042,#7043),
 .UNSPECIFIED.,.F.,.F.,(4,4),(-0.750026138852823,0.),.UNSPECIFIED.);
#1271=B_SPLINE_CURVE_WITH_KNOTS('',3,(#7044,#7045,#7046,#7047),
 .UNSPECIFIED.,.F.,.F.,(4,4),(0.,1.5000002133232),.UNSPECIFIED.);
#1272=B_SPLINE_CURVE_WITH_KNOTS('',3,(#7048,#7049,#7050,#7051,#7052,#7053),
 .UNSPECIFIED.,.F.,.F.,(4,2,4),(0.,7.25587173562967,14.5117434712593),
 .UNSPECIFIED.);
#1273=B_SPLINE_CURVE_WITH_KNOTS('',3,(#7054,#7055,#7056,#7057),
 .UNSPECIFIED.,.F.,.F.,(4,4),(-1.499934899812,0.),.UNSPECIFIED.);
#1274=B_SPLINE_CURVE_WITH_KNOTS('',3,(#7058,#7059,#7060,#7061,#7062,#7063,
#7064,#7065,#7066),.UNSPECIFIED.,.F.,.F.,(4,3,2,4),(0.,1.,1.5,2.),
 .UNSPECIFIED.);
#1275=B_SPLINE_CURVE_WITH_KNOTS('',3,(#7067,#7068,#7069,#7070),
 .UNSPECIFIED.,.F.,.F.,(4,4),(0.,2.614049143388),.UNSPECIFIED.);
#1276=B_SPLINE_CURVE_WITH_KNOTS('',3,(#7071,#7072,#7073,#7074),
 .UNSPECIFIED.,.F.,.F.,(4,4),(0.,2.34798527067155),.UNSPECIFIED.);
#1277=B_SPLINE_CURVE_WITH_KNOTS('',3,(#7075,#7076,#7077,#7078),
 .UNSPECIFIED.,.F.,.F.,(4,4),(0.,2.26340232555487),.UNSPECIFIED.);
#1278=B_SPLINE_CURVE_WITH_KNOTS('',3,(#7079,#7080,#7081,#7082),
 .UNSPECIFIED.,.F.,.F.,(4,4),(0.,1.499934899812),.UNSPECIFIED.);
#1279=B_SPLINE_CURVE_WITH_KNOTS('',3,(#7083,#7084,#7085,#7086),
 .UNSPECIFIED.,.F.,.F.,(4,4),(0.,2.614049143388),.UNSPECIFIED.);
#1280=B_SPLINE_CURVE_WITH_KNOTS('',3,(#7087,#7088,#7089,#7090),
 .UNSPECIFIED.,.F.,.F.,(4,4),(-2.34798527067155,0.),.UNSPECIFIED.);
#1281=B_SPLINE_CURVE_WITH_KNOTS('',3,(#7095,#7096,#7097,#7098),
 .UNSPECIFIED.,.F.,.F.,(4,4),(0.,1.),.UNSPECIFIED.);
#1282=B_SPLINE_CURVE_WITH_KNOTS('',3,(#7099,#7100,#7101,#7102),
 .UNSPECIFIED.,.F.,.F.,(4,4),(0.,0.324397970767069),.UNSPECIFIED.);
#1283=B_SPLINE_CURVE_WITH_KNOTS('',3,(#7103,#7104,#7105,#7106),
 .UNSPECIFIED.,.F.,.F.,(4,4),(0.,1.),.UNSPECIFIED.);
#1284=B_SPLINE_CURVE_WITH_KNOTS('',1,(#7107,#7108),.UNSPECIFIED.,.F.,.F.,
(2,2),(0.,1.500000000001),.UNSPECIFIED.);
#1285=B_SPLINE_CURVE_WITH_KNOTS('',1,(#7109,#7110),.UNSPECIFIED.,.F.,.F.,
(2,2),(0.,1.500000000001),.UNSPECIFIED.);
#1286=B_SPLINE_CURVE_WITH_KNOTS('',3,(#7111,#7112,#7113,#7114),
 .UNSPECIFIED.,.F.,.F.,(4,4),(0.,0.324397970744105),.UNSPECIFIED.);
#1287=B_SPLINE_CURVE_WITH_KNOTS('',3,(#7115,#7116,#7117,#7118,#7119,#7120,
#7121,#7122,#7123),.UNSPECIFIED.,.F.,.F.,(4,1,1,1,1,1,4),(-10.0000000000006,
-9.39318253151879,-7.33092180066614,-5.26866106981348,-3.20640033896083,
-1.14413960808543,0.),.UNSPECIFIED.);
#1288=B_SPLINE_CURVE_WITH_KNOTS('',1,(#7124,#7125),.UNSPECIFIED.,.F.,.F.,
(2,2),(0.,1.500000000002),.UNSPECIFIED.);
#1289=B_SPLINE_CURVE_WITH_KNOTS('',3,(#7167,#7168,#7169,#7170),
 .UNSPECIFIED.,.F.,.F.,(4,4),(0.,1.),.UNSPECIFIED.);
#1290=B_SPLINE_CURVE_WITH_KNOTS('',3,(#7171,#7172,#7173,#7174),
 .UNSPECIFIED.,.F.,.F.,(4,4),(-0.519421015873308,0.),.UNSPECIFIED.);
#1291=B_SPLINE_CURVE_WITH_KNOTS('',3,(#7175,#7176,#7177,#7178),
 .UNSPECIFIED.,.F.,.F.,(4,4),(0.,1.500193203775),.UNSPECIFIED.);
#1292=B_SPLINE_CURVE_WITH_KNOTS('',3,(#7179,#7180,#7181,#7182),
 .UNSPECIFIED.,.F.,.F.,(4,4),(-1.50035756394472,0.),.UNSPECIFIED.);
#1293=B_SPLINE_CURVE_WITH_KNOTS('',3,(#7183,#7184,#7185,#7186),
 .UNSPECIFIED.,.F.,.F.,(4,4),(0.,1.),.UNSPECIFIED.);
#1294=B_SPLINE_CURVE_WITH_KNOTS('',3,(#7187,#7188,#7189,#7190),
 .UNSPECIFIED.,.F.,.F.,(4,4),(-1.,0.),.UNSPECIFIED.);
#1295=B_SPLINE_CURVE_WITH_KNOTS('',1,(#7191,#7192),.UNSPECIFIED.,.F.,.F.,
(2,2),(-1.500000000002,0.),.UNSPECIFIED.);
#1296=B_SPLINE_CURVE_WITH_KNOTS('',3,(#7193,#7194,#7195,#7196,#7197),
 .UNSPECIFIED.,.F.,.F.,(4,1,4),(0.,0.355405982953246,0.711044045626738),
 .UNSPECIFIED.);
#1297=B_SPLINE_CURVE_WITH_KNOTS('',3,(#7198,#7199,#7200,#7201,#7202),
 .UNSPECIFIED.,.F.,.F.,(4,1,4),(-0.711044045626738,-0.355405982953246,0.),
 .UNSPECIFIED.);
#1298=B_SPLINE_CURVE_WITH_KNOTS('',3,(#7203,#7204,#7205,#7206),
 .UNSPECIFIED.,.F.,.F.,(4,4),(0.,1.50009380276988),.UNSPECIFIED.);
#1299=B_SPLINE_CURVE_WITH_KNOTS('',3,(#7207,#7208,#7209,#7210),
 .UNSPECIFIED.,.F.,.F.,(4,4),(-0.0940894512538801,0.),.UNSPECIFIED.);
#1300=B_SPLINE_CURVE_WITH_KNOTS('',3,(#7211,#7212,#7213,#7214),
 .UNSPECIFIED.,.F.,.F.,(4,4),(-1.50009380276988,0.),.UNSPECIFIED.);
#1301=B_SPLINE_CURVE_WITH_KNOTS('',3,(#7215,#7216,#7217,#7218),
 .UNSPECIFIED.,.F.,.F.,(4,4),(0.,0.0940894512538801),.UNSPECIFIED.);
#1302=B_SPLINE_CURVE_WITH_KNOTS('',3,(#7219,#7220,#7221,#7222),
 .UNSPECIFIED.,.F.,.F.,(4,4),(0.,1.50009380276988),.UNSPECIFIED.);
#1303=B_SPLINE_CURVE_WITH_KNOTS('',3,(#7223,#7224,#7225,#7226,#7227,#7228),
 .UNSPECIFIED.,.F.,.F.,(4,2,4),(0.,1.37432711358252,2.74865422716503),
 .UNSPECIFIED.);
#1304=B_SPLINE_CURVE_WITH_KNOTS('',3,(#7229,#7230,#7231,#7232),
 .UNSPECIFIED.,.F.,.F.,(4,4),(-1.50009380276988,0.),.UNSPECIFIED.);
#1305=B_SPLINE_CURVE_WITH_KNOTS('',3,(#7233,#7234,#7235,#7236),
 .UNSPECIFIED.,.F.,.F.,(4,4),(-0.750030063970035,0.),.UNSPECIFIED.);
#1306=B_SPLINE_CURVE_WITH_KNOTS('',3,(#7237,#7238,#7239,#7240,#7241,#7242,
#7243),.UNSPECIFIED.,.F.,.F.,(4,1,1,1,4),(0.,5.73070464598218,11.6597035906561,
17.5887025817465,23.2104740992564),.UNSPECIFIED.);
#1307=B_SPLINE_CURVE_WITH_KNOTS('',3,(#7244,#7245,#7246,#7247,#7248,#7249),
 .UNSPECIFIED.,.F.,.F.,(4,1,1,4),(0.,7.91181322833585,11.8429972959054,
15.5251385326693),.UNSPECIFIED.);
#1308=B_SPLINE_CURVE_WITH_KNOTS('',3,(#7250,#7251,#7252,#7253,#7254,#7255,
#7256),.UNSPECIFIED.,.F.,.F.,(4,1,1,1,4),(0.,5.92025913573084,11.5914756262473,
17.2626921189064,22.7356141741423),.UNSPECIFIED.);
#1309=B_SPLINE_CURVE_WITH_KNOTS('',3,(#7257,#7258,#7259,#7260),
 .UNSPECIFIED.,.F.,.F.,(4,4),(-0.519421015873308,0.),.UNSPECIFIED.);
#1310=B_SPLINE_CURVE_WITH_KNOTS('',3,(#7261,#7262,#7263,#7264,#7265,#7266),
 .UNSPECIFIED.,.F.,.F.,(4,2,4),(0.,9.81860699308596,19.6372139861719),
 .UNSPECIFIED.);
#1311=B_SPLINE_CURVE_WITH_KNOTS('',3,(#7267,#7268,#7269,#7270,#7271),
 .UNSPECIFIED.,.F.,.F.,(4,1,4),(0.,0.785381891166666,1.57076378233331),
 .UNSPECIFIED.);
#1312=B_SPLINE_CURVE_WITH_KNOTS('',1,(#7272,#7273),.UNSPECIFIED.,.F.,.F.,
(2,2),(0.,1.5),.UNSPECIFIED.);
#1313=B_SPLINE_CURVE_WITH_KNOTS('',3,(#7274,#7275,#7276,#7277,#7278),
 .UNSPECIFIED.,.F.,.F.,(4,1,4),(-8.5714274857144,-4.28571426198997,0.),
 .UNSPECIFIED.);
#1314=B_SPLINE_CURVE_WITH_KNOTS('',1,(#7282,#7283),.UNSPECIFIED.,.F.,.F.,
(2,2),(0.,7.000000000075),.UNSPECIFIED.);
#1315=B_SPLINE_CURVE_WITH_KNOTS('',1,(#7284,#7285),.UNSPECIFIED.,.F.,.F.,
(2,2),(-1.500000000002,0.),.UNSPECIFIED.);
#1316=B_SPLINE_CURVE_WITH_KNOTS('',1,(#7286,#7287),.UNSPECIFIED.,.F.,.F.,
(2,2),(-7.00000000008301,0.),.UNSPECIFIED.);
#1317=B_SPLINE_CURVE_WITH_KNOTS('',1,(#7288,#7289),.UNSPECIFIED.,.F.,.F.,
(2,2),(-0.749999999998202,0.),.UNSPECIFIED.);
#1318=B_SPLINE_CURVE_WITH_KNOTS('',1,(#7290,#7291),.UNSPECIFIED.,.F.,.F.,
(2,2),(0.,0.749999999998803),.UNSPECIFIED.);
#1319=B_SPLINE_CURVE_WITH_KNOTS('',3,(#7292,#7293,#7294,#7295),
 .UNSPECIFIED.,.F.,.F.,(4,4),(-1.,0.),.UNSPECIFIED.);
#1320=B_SPLINE_CURVE_WITH_KNOTS('',3,(#7296,#7297,#7298,#7299),
 .UNSPECIFIED.,.F.,.F.,(4,4),(-1.501553804508,0.),.UNSPECIFIED.);
#1321=B_SPLINE_CURVE_WITH_KNOTS('',3,(#7300,#7301,#7302,#7303),
 .UNSPECIFIED.,.F.,.F.,(4,4),(-1.,0.),.UNSPECIFIED.);
#1322=B_SPLINE_CURVE_WITH_KNOTS('',3,(#7304,#7305,#7306,#7307),
 .UNSPECIFIED.,.F.,.F.,(4,4),(0.,3.80150566246899),.UNSPECIFIED.);
#1323=B_SPLINE_CURVE_WITH_KNOTS('',3,(#7308,#7309,#7310,#7311),
 .UNSPECIFIED.,.F.,.F.,(4,4),(0.,3.80150566246899),.UNSPECIFIED.);
#1324=B_SPLINE_CURVE_WITH_KNOTS('',1,(#7312,#7313),.UNSPECIFIED.,.F.,.F.,
(2,2),(-1.500000000002,0.),.UNSPECIFIED.);
#1325=B_SPLINE_CURVE_WITH_KNOTS('',3,(#7314,#7315,#7316,#7317),
 .UNSPECIFIED.,.F.,.F.,(4,4),(0.,1.),.UNSPECIFIED.);
#1326=B_SPLINE_CURVE_WITH_KNOTS('',3,(#7318,#7319,#7320,#7321),
 .UNSPECIFIED.,.F.,.F.,(4,4),(0.,0.519421015873289),.UNSPECIFIED.);
#1327=B_SPLINE_CURVE_WITH_KNOTS('',3,(#7322,#7323,#7324,#7325),
 .UNSPECIFIED.,.F.,.F.,(4,4),(0.,1.),.UNSPECIFIED.);
#1328=B_SPLINE_CURVE_WITH_KNOTS('',3,(#7326,#7327,#7328,#7329,#7330),
 .UNSPECIFIED.,.F.,.F.,(4,1,4),(0.,7.77214254791449,15.5442855966336),
 .UNSPECIFIED.);
#1329=B_SPLINE_CURVE_WITH_KNOTS('',3,(#7331,#7332,#7333,#7334),
 .UNSPECIFIED.,.F.,.F.,(4,4),(0.,7.46613811574236),.UNSPECIFIED.);
#1330=B_SPLINE_CURVE_WITH_KNOTS('',3,(#7335,#7336,#7337,#7338),
 .UNSPECIFIED.,.F.,.F.,(4,4),(0.,4.00000000369428),.UNSPECIFIED.);
#1331=B_SPLINE_CURVE_WITH_KNOTS('',3,(#7339,#7340,#7341,#7342,#7343,#7344),
 .UNSPECIFIED.,.F.,.F.,(4,2,4),(0.,0.785614695665288,1.57122939133058),
 .UNSPECIFIED.);
#1332=B_SPLINE_CURVE_WITH_KNOTS('',3,(#7358,#7359,#7360,#7361),
 .UNSPECIFIED.,.F.,.F.,(4,4),(0.,1.),.UNSPECIFIED.);
#1333=B_SPLINE_CURVE_WITH_KNOTS('',3,(#7362,#7363,#7364,#7365,#7366,#7367,
#7368,#7369,#7370),.UNSPECIFIED.,.F.,.F.,(4,1,1,1,1,1,4),(0.,1.14413960808543,
3.20640033896083,5.26866106981348,7.33092180066614,9.39318253151879,10.0000000000006),
 .UNSPECIFIED.);
#1334=B_SPLINE_CURVE_WITH_KNOTS('',3,(#7371,#7372,#7373,#7374,#7375,#7376,
#7377,#7378,#7379),.UNSPECIFIED.,.F.,.F.,(4,1,1,1,1,1,4),(-9.49999999999918,
-8.48038201890307,-6.41812126772713,-4.35586051652843,-2.29359976535248,
-0.231339014176532,0.),.UNSPECIFIED.);
#1335=B_SPLINE_CURVE_WITH_KNOTS('',3,(#7380,#7381,#7382,#7383,#7384,#7385,
#7386),.UNSPECIFIED.,.F.,.F.,(4,1,1,1,4),(-22.7356141741423,-16.8153550384115,
-11.144138547895,-5.47292205523593,0.),.UNSPECIFIED.);
#1336=B_SPLINE_CURVE_WITH_KNOTS('',3,(#7397,#7398,#7399,#7400,#7401,#7402,
#7403,#7404,#7405),.UNSPECIFIED.,.F.,.F.,(4,1,1,1,1,1,4),(0.,0.111271213634454,
2.161027526947,4.21078384026168,6.26054015357422,8.31029646688677,8.87362637362143),
 .UNSPECIFIED.);
#1337=B_SPLINE_CURVE_WITH_KNOTS('',1,(#7406,#7407),.UNSPECIFIED.,.F.,.F.,
(2,2),(0.,1.500180861681),.UNSPECIFIED.);
#1338=B_SPLINE_CURVE_WITH_KNOTS('',1,(#7408,#7409),.UNSPECIFIED.,.F.,.F.,
(2,2),(0.,1.500000000002),.UNSPECIFIED.);
#1339=B_SPLINE_CURVE_WITH_KNOTS('',1,(#7410,#7411),.UNSPECIFIED.,.F.,.F.,
(2,2),(0.,1.500180861681),.UNSPECIFIED.);
#1340=B_SPLINE_CURVE_WITH_KNOTS('',3,(#7412,#7413,#7414,#7415),
 .UNSPECIFIED.,.F.,.F.,(4,4),(0.,7.46613811574236),.UNSPECIFIED.);
#1341=B_SPLINE_CURVE_WITH_KNOTS('',3,(#7451,#7452,#7453,#7454),
 .UNSPECIFIED.,.F.,.F.,(4,4),(-1.50008666124383,0.),.UNSPECIFIED.);
#1342=B_SPLINE_CURVE_WITH_KNOTS('',3,(#7455,#7456,#7457,#7458),
 .UNSPECIFIED.,.F.,.F.,(4,4),(-1.50034809348716,0.),.UNSPECIFIED.);
#1343=B_SPLINE_CURVE_WITH_KNOTS('',3,(#7459,#7460,#7461,#7462),
 .UNSPECIFIED.,.F.,.F.,(4,4),(-0.0693968968900118,0.),.UNSPECIFIED.);
#1344=B_SPLINE_CURVE_WITH_KNOTS('',3,(#7463,#7464,#7465,#7466),
 .UNSPECIFIED.,.F.,.F.,(4,4),(-1.,0.),.UNSPECIFIED.);
#1345=B_SPLINE_CURVE_WITH_KNOTS('',3,(#7467,#7468,#7469,#7470),
 .UNSPECIFIED.,.F.,.F.,(4,4),(0.,1.),.UNSPECIFIED.);
#1346=B_SPLINE_CURVE_WITH_KNOTS('',1,(#7471,#7472),.UNSPECIFIED.,.F.,.F.,
(2,2),(0.,1.500000000002),.UNSPECIFIED.);
#1347=B_SPLINE_CURVE_WITH_KNOTS('',3,(#7477,#7478,#7479,#7480),
 .UNSPECIFIED.,.F.,.F.,(4,4),(-0.519421015873289,0.),.UNSPECIFIED.);
#1348=B_SPLINE_CURVE_WITH_KNOTS('',1,(#7481,#7482),.UNSPECIFIED.,.F.,.F.,
(2,2),(-1.500000000002,0.),.UNSPECIFIED.);
#1349=B_SPLINE_CURVE_WITH_KNOTS('',1,(#7486,#7487),.UNSPECIFIED.,.F.,.F.,
(2,2),(0.,1.500000000002),.UNSPECIFIED.);
#1350=B_SPLINE_CURVE_WITH_KNOTS('',3,(#7492,#7493,#7494,#7495),
 .UNSPECIFIED.,.F.,.F.,(4,4),(0.,2.614049143388),.UNSPECIFIED.);
#1351=B_SPLINE_CURVE_WITH_KNOTS('',3,(#7496,#7497,#7498,#7499),
 .UNSPECIFIED.,.F.,.F.,(4,4),(0.,2.29779820281675),.UNSPECIFIED.);
#1352=B_SPLINE_CURVE_WITH_KNOTS('',3,(#7500,#7501,#7502,#7503),
 .UNSPECIFIED.,.F.,.F.,(4,4),(0.,2.614049143388),.UNSPECIFIED.);
#1353=B_SPLINE_CURVE_WITH_KNOTS('',3,(#7504,#7505,#7506,#7507),
 .UNSPECIFIED.,.F.,.F.,(4,4),(0.,0.324397970767065),.UNSPECIFIED.);
#1354=B_SPLINE_CURVE_WITH_KNOTS('',3,(#7508,#7509,#7510,#7511,#7512),
 .UNSPECIFIED.,.F.,.F.,(4,1,4),(0.,0.380383511853084,0.760514927448424),
 .UNSPECIFIED.);
#1355=B_SPLINE_CURVE_WITH_KNOTS('',1,(#7513,#7514),.UNSPECIFIED.,.F.,.F.,
(2,2),(-1.500000000002,0.),.UNSPECIFIED.);
#1356=B_SPLINE_CURVE_WITH_KNOTS('',1,(#7515,#7516),.UNSPECIFIED.,.F.,.F.,
(2,2),(-1.500180861681,0.),.UNSPECIFIED.);
#1357=B_SPLINE_CURVE_WITH_KNOTS('',3,(#7517,#7518,#7519,#7520,#7521,#7522),
 .UNSPECIFIED.,.F.,.F.,(4,2,4),(0.,7.28711114076557,14.5742222815311),
 .UNSPECIFIED.);
#1358=B_SPLINE_CURVE_WITH_KNOTS('',3,(#7523,#7524,#7525,#7526),
 .UNSPECIFIED.,.F.,.F.,(4,4),(-2.614049143388,0.),.UNSPECIFIED.);
#1359=B_SPLINE_CURVE_WITH_KNOTS('',1,(#7527,#7528),.UNSPECIFIED.,.F.,.F.,
(2,2),(-1.500000000002,0.),.UNSPECIFIED.);
#1360=B_SPLINE_CURVE_WITH_KNOTS('',3,(#7529,#7530,#7531,#7532,#7533,#7534),
 .UNSPECIFIED.,.F.,.F.,(4,2,4),(-1.57122939133058,-0.785614695665288,0.),
 .UNSPECIFIED.);
#1361=B_SPLINE_CURVE_WITH_KNOTS('',3,(#7541,#7542,#7543,#7544,#7545,#7546),
 .UNSPECIFIED.,.F.,.F.,(4,2,4),(-19.8553281820711,-9.92766409103556,0.),
 .UNSPECIFIED.);
#1362=B_SPLINE_CURVE_WITH_KNOTS('',3,(#7547,#7548,#7549,#7550),
 .UNSPECIFIED.,.F.,.F.,(4,4),(-19.6766992251927,0.),.UNSPECIFIED.);
#1363=B_SPLINE_CURVE_WITH_KNOTS('',1,(#7551,#7552),.UNSPECIFIED.,.F.,.F.,
(2,2),(0.,16.2959832339412),.UNSPECIFIED.);
#1364=B_SPLINE_CURVE_WITH_KNOTS('',3,(#7553,#7554,#7555,#7556),
 .UNSPECIFIED.,.F.,.F.,(4,4),(0.,16.3159647137345),.UNSPECIFIED.);
#1365=B_SPLINE_CURVE_WITH_KNOTS('',3,(#7567,#7568,#7569,#7570),
 .UNSPECIFIED.,.F.,.F.,(4,4),(-0.749999999999037,0.),.UNSPECIFIED.);
#1366=B_SPLINE_CURVE_WITH_KNOTS('',3,(#7571,#7572,#7573,#7574),
 .UNSPECIFIED.,.F.,.F.,(4,4),(-39.3148776793266,-19.6766992251927),
 .UNSPECIFIED.);
#1367=B_SPLINE_CURVE_WITH_KNOTS('',3,(#7575,#7576,#7577,#7578,#7579,#7580),
 .UNSPECIFIED.,.F.,.F.,(4,2,4),(-19.6241523511835,-9.81207617559174,0.),
 .UNSPECIFIED.);
#1368=B_SPLINE_CURVE_WITH_KNOTS('',3,(#7581,#7582,#7583,#7584),
 .UNSPECIFIED.,.F.,.F.,(4,4),(0.,19.6638954076146),.UNSPECIFIED.);
#1369=B_SPLINE_CURVE_WITH_KNOTS('',3,(#7585,#7586,#7587,#7588,#7589),
 .UNSPECIFIED.,.F.,.F.,(4,1,4),(0.,4.28571426198997,8.5714274857144),
 .UNSPECIFIED.);
#1370=B_SPLINE_CURVE_WITH_KNOTS('',3,(#7590,#7591,#7592,#7593),
 .UNSPECIFIED.,.F.,.F.,(4,4),(-39.3148776793266,-19.6638954076146),
 .UNSPECIFIED.);
#1371=B_SPLINE_CURVE_WITH_KNOTS('',3,(#7594,#7595,#7596,#7597),
 .UNSPECIFIED.,.F.,.F.,(4,4),(0.,16.3063601849766),.UNSPECIFIED.);
#1372=B_SPLINE_CURVE_WITH_KNOTS('',3,(#7598,#7599,#7600,#7601),
 .UNSPECIFIED.,.F.,.F.,(4,4),(0.,16.2853255182297),.UNSPECIFIED.);
#1373=B_SPLINE_CURVE_WITH_KNOTS('',3,(#7602,#7603,#7604,#7605,#7606,#7607),
 .UNSPECIFIED.,.F.,.F.,(4,1,1,4),(0.,7.91181322833585,11.8429972959054,
15.5251385326693),.UNSPECIFIED.);
#1374=B_SPLINE_CURVE_WITH_KNOTS('',3,(#7608,#7609,#7610,#7611,#7612,#7613),
 .UNSPECIFIED.,.F.,.F.,(4,2,4),(-19.8422981331413,-9.92114906657063,0.),
 .UNSPECIFIED.);
#1375=B_SPLINE_CURVE_WITH_KNOTS('',3,(#7614,#7615,#7616,#7617,#7618),
 .UNSPECIFIED.,.F.,.F.,(4,1,4),(0.,0.785381891166666,1.57076378233331),
 .UNSPECIFIED.);
#1376=B_SPLINE_CURVE_WITH_KNOTS('',3,(#7619,#7620,#7621,#7622,#7623),
 .UNSPECIFIED.,.F.,.F.,(4,1,4),(-1.57079384640449,-0.78539692320225,0.),
 .UNSPECIFIED.);
#1377=B_SPLINE_CURVE_WITH_KNOTS('',3,(#7624,#7625,#7626,#7627,#7628),
 .UNSPECIFIED.,.F.,.F.,(4,1,4),(-1.57079384640449,-0.78539692320225,0.),
 .UNSPECIFIED.);
#1378=B_SPLINE_CURVE_WITH_KNOTS('',3,(#7629,#7630,#7631,#7632),
 .UNSPECIFIED.,.F.,.F.,(4,4),(0.,1.5000002133232),.UNSPECIFIED.);
#1379=B_SPLINE_CURVE_WITH_KNOTS('',3,(#7633,#7634,#7635,#7636),
 .UNSPECIFIED.,.F.,.F.,(4,4),(-1.5000002133232,0.),.UNSPECIFIED.);
#1380=B_SPLINE_CURVE_WITH_KNOTS('',3,(#7637,#7638,#7639,#7640),
 .UNSPECIFIED.,.F.,.F.,(4,4),(-1.5000002133232,0.),.UNSPECIFIED.);
#1381=B_SPLINE_CURVE_WITH_KNOTS('',3,(#7641,#7642,#7643,#7644),
 .UNSPECIFIED.,.F.,.F.,(4,4),(-1.49998938993146,0.),.UNSPECIFIED.);
#1382=B_SPLINE_CURVE_WITH_KNOTS('',3,(#7645,#7646,#7647,#7648),
 .UNSPECIFIED.,.F.,.F.,(4,4),(-0.0693968968900118,0.),.UNSPECIFIED.);
#1383=B_SPLINE_CURVE_WITH_KNOTS('',3,(#7649,#7650,#7651,#7652),
 .UNSPECIFIED.,.F.,.F.,(4,4),(-1.,0.),.UNSPECIFIED.);
#1384=B_SPLINE_CURVE_WITH_KNOTS('',3,(#7653,#7654,#7655,#7656),
 .UNSPECIFIED.,.F.,.F.,(4,4),(0.,4.00000000290399),.UNSPECIFIED.);
#1385=B_SPLINE_CURVE_WITH_KNOTS('',3,(#7657,#7658,#7659,#7660),
 .UNSPECIFIED.,.F.,.F.,(4,4),(0.,0.324397970767065),.UNSPECIFIED.);
#1386=B_SPLINE_CURVE_WITH_KNOTS('',1,(#7661,#7662),.UNSPECIFIED.,.F.,.F.,
(2,2),(-1.500000000002,0.),.UNSPECIFIED.);
#1387=B_SPLINE_CURVE_WITH_KNOTS('',3,(#7663,#7664,#7665,#7666,#7667),
 .UNSPECIFIED.,.F.,.F.,(4,1,4),(0.324397970767065,0.704781482620148,1.08491289821549),
 .UNSPECIFIED.);
#1388=B_SPLINE_CURVE_WITH_KNOTS('',3,(#7668,#7669,#7670,#7671),
 .UNSPECIFIED.,.F.,.F.,(4,4),(0.,4.00000000449345),.UNSPECIFIED.);
#1389=B_SPLINE_CURVE_WITH_KNOTS('',3,(#7672,#7673,#7674,#7675,#7676,#7677,
#7678,#7679,#7680,#7681,#7682,#7683,#7684,#7685,#7686,#7687,#7688,#7689,
#7690,#7691,#7692,#7693,#7694,#7695,#7696,#7697,#7698),.UNSPECIFIED.,.F.,
 .F.,(4,1,1,1,1,1,1,1,1,1,1,1,1,1,1,1,1,1,1,1,1,1,1,1,4),(0.,0.329666156126017,
0.941903018774028,1.55413988141754,2.16637674406555,2.77861360670907,3.39085046935708,
4.00308733200059,4.61532419464861,5.22756105729212,5.83979791994013,6.45203478258814,
7.06427164523166,7.67650850787967,8.28874537052318,8.90098223317119,9.51321909581471,
10.1254559584623,10.737692821108,11.3499296837542,11.9621665464005,12.5744034090462,
13.1866402716924,13.7988771343384,14.1285431957406),.UNSPECIFIED.);
#1390=B_SPLINE_CURVE_WITH_KNOTS('',3,(#7699,#7700,#7701,#7702),
 .UNSPECIFIED.,.F.,.F.,(4,4),(0.,5.002744993254),.UNSPECIFIED.);
#1391=B_SPLINE_CURVE_WITH_KNOTS('',3,(#7703,#7704,#7705,#7706),
 .UNSPECIFIED.,.F.,.F.,(4,4),(0.,0.703224774497595),.UNSPECIFIED.);
#1392=B_SPLINE_CURVE_WITH_KNOTS('',3,(#7707,#7708,#7709,#7710),
 .UNSPECIFIED.,.F.,.F.,(4,4),(-5.002744993254,0.),.UNSPECIFIED.);
#1393=B_SPLINE_CURVE_WITH_KNOTS('',3,(#7711,#7712,#7713,#7714,#7715,#7716,
#7717,#7718,#7719,#7720,#7721,#7722,#7723,#7724,#7725,#7726,#7727,#7728,
#7729,#7730,#7731,#7732,#7733,#7734,#7735,#7736,#7737),.UNSPECIFIED.,.F.,
 .F.,(4,1,1,1,1,1,1,1,1,1,1,1,1,1,1,1,1,1,1,1,1,1,1,1,4),(0.,0.329666079454475,
0.941902945503783,1.55413981154859,2.16637667759789,2.7786135436427,3.39085040969201,
4.00308727574131,4.61532414178612,5.22756100783543,5.83979787388023,6.45203473992954,
7.06427160597435,7.67650847202365,8.28874533806846,8.90098220411776,9.51321907016707,
10.1254559362119,10.7376928022612,11.349929668306,11.9621665343553,12.5744034004001,
13.1866402664494,13.7988771324942,14.1285431957406),.UNSPECIFIED.);
#1394=B_SPLINE_CURVE_WITH_KNOTS('',3,(#7738,#7739,#7740,#7741),
 .UNSPECIFIED.,.F.,.F.,(4,4),(-0.703224774497598,0.),.UNSPECIFIED.);
#1395=B_SPLINE_CURVE_WITH_KNOTS('',3,(#7742,#7743,#7744,#7745),
 .UNSPECIFIED.,.F.,.F.,(4,4),(-6.5,0.),.UNSPECIFIED.);
#1396=B_SPLINE_CURVE_WITH_KNOTS('',3,(#7746,#7747,#7748,#7749,#7750,#7751,
#7752,#7753,#7754,#7755,#7756,#7757,#7758,#7759,#7760,#7761,#7762,#7763,
#7764,#7765,#7766,#7767,#7768,#7769,#7770,#7771),.UNSPECIFIED.,.F.,.F.,
(4,1,1,1,1,1,1,1,1,1,1,1,1,1,1,1,1,1,1,1,1,1,1,4),(-12.5663706143592,-12.2494794598174,
-11.6812609726878,-11.1130424855581,-10.5448239984284,-9.9766055112947,
-9.40838702416502,-8.84016853703533,-8.27195004990564,-7.70373156277196,
-7.13551307564228,-6.56729458851259,-5.9990761013829,-5.43085761425322,
-4.86263912711953,-4.29442063998985,-3.72620215285936,-3.15798366572888,
-2.58976517859839,-2.02154669146751,-1.45332820433702,-0.885109717206537,
-0.316891230075811,0.),.UNSPECIFIED.);
#1397=B_SPLINE_CURVE_WITH_KNOTS('',3,(#7772,#7773,#7774,#7775),
 .UNSPECIFIED.,.F.,.F.,(4,4),(0.,6.5),.UNSPECIFIED.);
#1398=B_SPLINE_CURVE_WITH_KNOTS('',3,(#7776,#7777,#7778,#7779,#7780,#7781,
#7782,#7783,#7784,#7785,#7786,#7787,#7788,#7789,#7790,#7791,#7792,#7793,
#7794,#7795,#7796,#7797,#7798,#7799,#7800,#7801),.UNSPECIFIED.,.F.,.F.,
(4,1,1,1,1,1,1,1,1,1,1,1,1,1,1,1,1,1,1,1,1,1,1,4),(-12.5663706143592,-12.2494793843244,
-11.6812608971917,-11.113042410059,-10.5448239229223,-9.97660543578963,
-9.40838694865693,-8.84016846152423,-8.27194997439153,-7.70373148725483,
-7.13551300012213,-6.56729451298943,-5.99907602585673,-5.43085753872004,
-4.86263905158734,-4.29442056445464,-3.72620207732194,-3.15798359018524,
-2.58976510305254,-2.02154661591984,-1.45332812878715,-0.885109641650447,
-0.316891154517748,0.),.UNSPECIFIED.);
#1399=B_SPLINE_CURVE_WITH_KNOTS('',3,(#7802,#7803,#7804,#7805,#7806,#7807,
#7808,#7809,#7810,#7811),.UNSPECIFIED.,.F.,.F.,(4,2,2,2,4),(-13.3474499512671,
-10.0105874634503,-6.67372497563356,-3.33686248781678,0.),.UNSPECIFIED.);
#1400=B_SPLINE_CURVE_WITH_KNOTS('',1,(#7812,#7813),.UNSPECIFIED.,.F.,.F.,
(2,2),(0.,0.4972552491881),.UNSPECIFIED.);
#1401=B_SPLINE_CURVE_WITH_KNOTS('',3,(#7814,#7815,#7816,#7817,#7818,#7819,
#7820,#7821,#7822,#7823),.UNSPECIFIED.,.F.,.F.,(4,2,2,2,4),(-13.3474499512671,
-10.0105874634503,-6.67372497563356,-3.33686248781678,0.),.UNSPECIFIED.);
#1402=B_SPLINE_CURVE_WITH_KNOTS('',1,(#7824,#7825),.UNSPECIFIED.,.F.,.F.,
(2,2),(-0.4972552491881,0.),.UNSPECIFIED.);
#1403=B_SPLINE_CURVE_WITH_KNOTS('',3,(#7826,#7827,#7828,#7829,#7830,#7831,
#7832,#7833,#7834,#7835),.UNSPECIFIED.,.F.,.F.,(4,2,2,2,4),(-13.3474499512283,
-10.0105874634212,-6.67372497561413,-3.33686248780707,0.),.UNSPECIFIED.);
#1404=B_SPLINE_CURVE_WITH_KNOTS('',3,(#7836,#7837,#7838,#7839,#7840,#7841,
#7842,#7843,#7844,#7845),.UNSPECIFIED.,.F.,.F.,(4,2,2,2,4),(-13.3474499512283,
-10.0105874634212,-6.67372497561413,-3.33686248780707,0.),.UNSPECIFIED.);
#1405=B_SPLINE_CURVE_WITH_KNOTS('',3,(#7846,#7847,#7848,#7849),
 .UNSPECIFIED.,.F.,.F.,(4,4),(-5.05553063932,0.),.UNSPECIFIED.);
#1406=B_SPLINE_CURVE_WITH_KNOTS('',3,(#7850,#7851,#7852,#7853,#7854,#7855,
#7856,#7857,#7858,#7859,#7860,#7861,#7862,#7863,#7864,#7865,#7866,#7867,
#7868,#7869,#7870,#7871,#7872,#7873,#7874,#7875,#7876),.UNSPECIFIED.,.F.,
 .F.,(4,1,1,1,1,1,1,1,1,1,1,1,1,1,1,1,1,1,1,1,1,1,1,1,4),(0.,0.274889416525109,
0.785398217340958,1.29590701815306,1.8064158189689,2.316924619781,2.82743342059685,
3.3379422214127,3.84845102222479,4.35895982304064,4.86946862385274,5.37997742466859,
5.89048622548068,6.40099502629653,6.91150382710863,7.42201262792447,7.93252142874032,
8.44303022955242,8.95353903036827,9.46404783118036,9.97455663199621,10.4850654328083,
10.9955742336242,11.5060830344363,11.7809724509617),.UNSPECIFIED.);
#1407=B_SPLINE_CURVE_WITH_KNOTS('',3,(#7877,#7878,#7879,#7880,#7881,#7882,
#7883,#7884,#7885,#7886,#7887,#7888,#7889,#7890,#7891,#7892,#7893,#7894,
#7895,#7896,#7897,#7898,#7899,#7900,#7901,#7902,#7903),.UNSPECIFIED.,.F.,
 .F.,(4,1,1,1,1,1,1,1,1,1,1,1,1,1,1,1,1,1,1,1,1,1,1,1,4),(0.,0.274889478986934,
0.785398274125593,1.2959070692605,1.80641586439916,2.31692465953407,2.82743345467273,
3.33794224980764,3.8484510449463,4.35895984008121,4.86946863521986,5.37997743035852,
5.89048622549343,6.40099502063209,6.911503815767,7.42201261090566,7.93252140604057,
8.44303020117885,8.95353899631564,9.4640477914528,9.97455658658996,10.4850653817267,
10.9955741768639,11.5060829720008,11.7809724509617),.UNSPECIFIED.);
#1408=B_SPLINE_CURVE_WITH_KNOTS('',3,(#7904,#7905,#7906,#7907),
 .UNSPECIFIED.,.F.,.F.,(4,4),(0.,5.05553063932),.UNSPECIFIED.);
#1409=B_SPLINE_CURVE_WITH_KNOTS('',1,(#7918,#7919),.UNSPECIFIED.,.F.,.F.,
(2,2),(0.,2.84573794041792),.UNSPECIFIED.);
#1410=B_SPLINE_CURVE_WITH_KNOTS('',1,(#7925,#7926),.UNSPECIFIED.,.F.,.F.,
(2,2),(0.,1.00000000005136),.UNSPECIFIED.);
#1411=B_SPLINE_CURVE_WITH_KNOTS('',3,(#8011,#8012,#8013,#8014),
 .UNSPECIFIED.,.F.,.F.,(4,4),(-29.56177413238,0.),.UNSPECIFIED.);
#1412=B_SPLINE_CURVE_WITH_KNOTS('',3,(#8015,#8016,#8017,#8018,#8019,#8020,
#8021,#8022,#8023,#8024,#8025,#8026,#8027,#8028,#8029,#8030,#8031,#8032,
#8033,#8034,#8035,#8036,#8037,#8038,#8039,#8040,#8041,#8042,#8043,#8044,
#8045,#8046,#8047,#8048,#8049,#8050,#8051,#8052,#8053,#8054,#8055,#8056,
#8057,#8058,#8059),.UNSPECIFIED.,.F.,.F.,(4,1,1,1,1,1,1,1,1,1,1,1,1,1,1,
1,1,1,1,1,1,1,1,1,1,1,1,1,1,1,1,1,1,1,1,1,1,1,1,1,1,1,4),(0.,0.583438760156959,
3.61731965939902,6.65120055864225,9.6850814578847,12.7189623571271,15.7528432563657,
18.7867241556081,21.8206050548506,24.854485954093,27.8883668533355,30.9222477525779,
33.9561286518204,36.9900095510628,40.023890450317,43.0577713495633,46.0916522487707,
49.125533148017,52.1594140472634,55.1932949465097,58.2271758457561,61.2610567450024,
64.2949376442488,67.3288185434951,70.3626994427414,73.3965803419488,76.4304612411952,
79.4643421404415,82.4982230396878,85.5321039389342,88.5659848381805,91.5998657374269,
94.6337466366732,97.6676275359196,100.701508435127,103.735389334373,106.76927023362,
109.803151132866,112.837032032112,115.870912931359,118.904793830605,121.938674729851,
122.522112190522),.UNSPECIFIED.);
#1413=B_SPLINE_CURVE_WITH_KNOTS('',3,(#8060,#8061,#8062,#8063),
 .UNSPECIFIED.,.F.,.F.,(4,4),(0.,29.56177413238),.UNSPECIFIED.);
#1414=B_SPLINE_CURVE_WITH_KNOTS('',1,(#8064,#8065),.UNSPECIFIED.,.F.,.F.,
(2,2),(0.,0.400000000014219),.UNSPECIFIED.);
#1415=B_SPLINE_CURVE_WITH_KNOTS('',1,(#8066,#8067),.UNSPECIFIED.,.F.,.F.,
(2,2),(0.,0.399999999985772),.UNSPECIFIED.);
#1416=B_SPLINE_CURVE_WITH_KNOTS('',3,(#8068,#8069,#8070,#8071,#8072,#8073,
#8074,#8075,#8076,#8077,#8078,#8079,#8080,#8081,#8082,#8083,#8084,#8085,
#8086,#8087,#8088,#8089,#8090,#8091,#8092,#8093,#8094,#8095,#8096,#8097,
#8098,#8099,#8100,#8101,#8102,#8103,#8104,#8105,#8106,#8107,#8108,#8109,
#8110,#8111,#8112),.UNSPECIFIED.,.F.,.F.,(4,1,1,1,1,1,1,1,1,1,1,1,1,1,1,
1,1,1,1,1,1,1,1,1,1,1,1,1,1,1,1,1,1,1,1,1,1,1,1,1,1,1,4),(0.,0.583438621716712,
3.61731952440322,6.65120042709089,9.68508132977779,12.7189622324647,15.7528431351477,
18.7867240378346,21.8206049405215,24.8544858432084,27.8883667458953,30.9222476485822,
33.956128551269,36.9900094539559,40.0238903566545,43.0577712593453,46.0916521619971,
49.1255330646879,52.1594139673787,55.1932948700695,58.2271757727603,61.2610566754511,
64.2949375781419,67.3288184808327,70.3626993835235,73.3965802861753,76.4304611888661,
79.4643420915569,82.4982229942477,85.5321038969385,88.5659847996292,91.59986570232,
94.6337466050108,97.6676275077016,100.701508410353,103.735389313044,106.769270215735,
109.803151118426,112.837032021117,115.870912923807,118.904793826498,121.938674729189,
122.522112028085),.UNSPECIFIED.);
#1417=B_SPLINE_CURVE_WITH_KNOTS('',3,(#8113,#8114,#8115,#8116,#8117,#8118,
#8119,#8120,#8121,#8122,#8123,#8124,#8125,#8126,#8127,#8128,#8129,#8130,
#8131,#8132,#8133,#8134,#8135,#8136,#8137,#8138,#8139,#8140,#8141,#8142,
#8143,#8144,#8145,#8146,#8147,#8148,#8149,#8150,#8151,#8152,#8153,#8154,
#8155,#8156,#8157),.UNSPECIFIED.,.F.,.F.,(4,1,1,1,1,1,1,1,1,1,1,1,1,1,1,
1,1,1,1,1,1,1,1,1,1,1,1,1,1,1,1,1,1,1,1,1,1,1,1,1,1,1,4),(0.,0.583438760177492,
3.61731965942365,6.6512005586698,9.68508145791596,12.7189623571231,15.7528432563693,
18.7867241556154,21.8206050548616,24.8544859541077,27.8883668533539,30.9222477526,
33.9561286518462,36.9900095510923,40.0238904502995,43.0577713495457,46.0916522487918,
49.125533148038,52.1594140472841,55.1932949465302,58.2271758457764,61.2610567450225,
64.2949376442687,67.3288185434758,70.362699442722,73.3965803419682,76.4304612412143,
79.4643421404604,82.4982230397066,85.5321039389528,88.5659848381989,91.5998657374451,
94.6337466366522,97.6676275358984,100.701508435145,103.735389334391,106.769270233637,
109.803151132883,112.837032032129,115.870912931375,118.904793830621,121.938674729829,
122.522112483429),.UNSPECIFIED.);
#1418=B_SPLINE_CURVE_WITH_KNOTS('',3,(#8158,#8159,#8160,#8161,#8162,#8163,
#8164,#8165,#8166,#8167,#8168,#8169,#8170,#8171,#8172,#8173,#8174,#8175,
#8176,#8177,#8178,#8179,#8180,#8181,#8182,#8183,#8184,#8185,#8186,#8187,
#8188,#8189,#8190,#8191,#8192,#8193,#8194,#8195,#8196,#8197,#8198,#8199,
#8200,#8201,#8202),.UNSPECIFIED.,.F.,.F.,(4,1,1,1,1,1,1,1,1,1,1,1,1,1,1,
1,1,1,1,1,1,1,1,1,1,1,1,1,1,1,1,1,1,1,1,1,1,1,1,1,1,1,4),(-122.522112357604,
-121.938674729829,-118.904793830621,-115.870912931375,-112.837032032129,
-109.803151132883,-106.769270233637,-103.735389334391,-100.701508435145,
-97.6676275358984,-94.6337466366522,-91.5998657374451,-88.5659848381989,
-85.5321039389528,-82.4982230397066,-79.4643421404604,-76.4304612412143,
-73.3965803419682,-70.362699442722,-67.3288185434758,-64.2949376442687,
-61.2610567450225,-58.2271758457764,-55.1932949465302,-52.1594140472841,
-49.125533148038,-46.0916522487918,-43.0577713495457,-40.0238904502995,
-36.9900095510923,-33.9561286518462,-30.9222477526,-27.8883668533539,-24.8544859541077,
-21.8206050548616,-18.7867241556154,-15.7528432563693,-12.7189623571231,
-9.68508145791596,-6.6512005586698,-3.61731965942365,-0.583438760177492,
0.),.UNSPECIFIED.);
#1419=B_SPLINE_CURVE_WITH_KNOTS('',3,(#8203,#8204,#8205,#8206,#8207,#8208,
#8209),.UNSPECIFIED.,.F.,.F.,(4,1,1,1,4),(0.,4.87663199550797,9.75326399101595,
14.6298959865239,19.5065268193522),.UNSPECIFIED.);
#1420=B_SPLINE_CURVE_WITH_KNOTS('',3,(#8210,#8211,#8212,#8213,#8214,#8215,
#8216),.UNSPECIFIED.,.F.,.F.,(4,1,1,1,4),(-19.5065268193522,-14.6298959865239,
-9.75326399101595,-4.87663199550797,0.),.UNSPECIFIED.);
#1421=B_SPLINE_CURVE_WITH_KNOTS('',3,(#8224,#8225,#8226,#8227,#8228,#8229,
#8230,#8231,#8232,#8233,#8234,#8235,#8236),.UNSPECIFIED.,.F.,.F.,(4,1,1,
1,3,1,1,1,4),(0.,5.89048587057236,11.7809731455463,17.6714604205203,23.5619476954943,
29.4524336527081,35.3429196099219,41.2334055671357,47.1238901199483),
 .UNSPECIFIED.);
#1422=B_SPLINE_CURVE_WITH_KNOTS('',3,(#8237,#8238,#8239,#8240,#8241,#8242,
#8243,#8244,#8245,#8246,#8247,#8248,#8249,#8250,#8251,#8252,#8253,#8254,
#8255,#8256,#8257,#8258,#8259,#8260,#8261,#8262,#8263,#8264,#8265,#8266,
#8267,#8268,#8269,#8270,#8271,#8272,#8273,#8274,#8275,#8276,#8277),
 .UNSPECIFIED.,.F.,.F.,(4,1,1,2,1,1,1,2,1,1,1,2,1,1,1,2,1,1,1,2,1,1,1,2,
1,1,1,2,1,1,1,4),(0.,7.2002905620192,10.8004358430288,14.4005811240384,
18.000726405048,21.6008716860576,25.2010169670672,28.8011622480768,32.4013075290864,
36.001452810096,39.6015980911056,43.2017433721152,46.8018886531248,50.4020339341344,
54.002179215144,57.6023244961536,61.2024697771632,64.8026150581728,68.4027603391824,
72.002905620192,75.6030509012016,79.2031961822112,82.8033414632208,86.4034867442304,
90.00363202524,93.6037773062496,97.2039225872592,100.804067868269,104.404213149278,
108.004358430288,111.604503711298,115.204648992307),.UNSPECIFIED.);
#1423=B_SPLINE_CURVE_WITH_KNOTS('',3,(#8278,#8279,#8280,#8281,#8282,#8283,
#8284),.UNSPECIFIED.,.F.,.F.,(4,1,1,1,4),(-8.0717240773461,-6.05379305800957,
-4.03586203867305,-2.01793101933652,0.),.UNSPECIFIED.);
#1424=B_SPLINE_CURVE_WITH_KNOTS('',3,(#8285,#8286,#8287,#8288,#8289,#8290,
#8291,#8292,#8293,#8294,#8295,#8296,#8297,#8298,#8299,#8300,#8301,#8302,
#8303,#8304,#8305,#8306,#8307,#8308,#8309,#8310,#8311,#8312,#8313,#8314,
#8315,#8316,#8317,#8318,#8319,#8320,#8321,#8322,#8323,#8324,#8325,#8326),
 .UNSPECIFIED.,.F.,.F.,(4,1,1,1,2,1,1,1,2,1,1,1,2,1,1,1,2,1,1,1,2,1,1,1,
2,1,1,1,2,1,1,1,4),(-115.204648992307,-111.604503711298,-108.004358430288,
-104.404213149278,-100.804067868269,-97.2039225872592,-93.6037773062496,
-90.00363202524,-86.4034867442304,-82.8033414632208,-79.2031961822112,-75.6030509012016,
-72.002905620192,-68.4027603391824,-64.8026150581728,-61.2024697771632,
-57.6023244961536,-54.002179215144,-50.4020339341344,-46.8018886531248,
-43.2017433721152,-39.6015980911056,-36.001452810096,-32.4013075290864,
-28.8011622480768,-25.2010169670672,-21.6008716860576,-18.000726405048,
-14.4005811240384,-10.8004358430288,-7.2002905620192,-3.6001452810096,0.),
 .UNSPECIFIED.);
#1425=B_SPLINE_CURVE_WITH_KNOTS('',3,(#8327,#8328,#8329,#8330,#8331,#8332,
#8333),.UNSPECIFIED.,.F.,.F.,(4,1,1,1,4),(0.,2.01793101933652,4.03586203867305,
6.05379305800957,8.0717240773461),.UNSPECIFIED.);
#1426=B_SPLINE_CURVE_WITH_KNOTS('',3,(#8334,#8335,#8336,#8337,#8338,#8339,
#8340,#8341,#8342,#8343,#8344,#8345,#8346,#8347,#8348,#8349,#8350,#8351,
#8352,#8353,#8354,#8355,#8356,#8357,#8358,#8359,#8360,#8361,#8362,#8363,
#8364,#8365,#8366,#8367,#8368,#8369,#8370,#8371,#8372,#8373,#8374,#8375),
 .UNSPECIFIED.,.F.,.F.,(4,1,1,1,2,1,1,1,2,1,1,1,2,1,1,1,2,1,1,1,2,1,1,1,
2,1,1,1,2,1,1,1,4),(0.,3.6001453016825,7.20029060336501,10.8004359050475,
14.40058120673,18.0007265084125,21.600871810095,25.2010171117775,28.80116241346,
32.4013077151425,36.001453016825,39.6015983185075,43.20174362019,46.8018889218725,
50.402034223555,54.0021795252376,57.6023248269201,61.2024701286026,64.8026154302851,
68.4027607319676,72.0029060336501,75.6030513353326,79.2031966370151,82.8033419386976,
86.4034872403801,90.0036325420626,93.6037778437451,97.2039231454276,100.80406844711,
104.404213748793,108.004359050475,111.604504352158,115.20464965384),
 .UNSPECIFIED.);
#1427=B_SPLINE_CURVE_WITH_KNOTS('',3,(#8376,#8377,#8378,#8379,#8380,#8381,
#8382,#8383,#8384,#8385,#8386,#8387,#8388,#8389,#8390,#8391,#8392,#8393,
#8394,#8395,#8396,#8397,#8398,#8399,#8400,#8401,#8402,#8403,#8404,#8405,
#8406,#8407,#8408,#8409,#8410,#8411,#8412,#8413,#8414,#8415,#8416),
 .UNSPECIFIED.,.F.,.F.,(4,1,1,2,1,1,1,2,1,1,1,2,1,1,1,2,1,1,1,2,1,1,1,2,
1,1,1,2,1,1,1,4),(0.,7.20029060336501,10.8004359050475,14.40058120673,18.0007265084125,
21.600871810095,25.2010171117775,28.80116241346,32.4013077151425,36.001453016825,
39.6015983185075,43.20174362019,46.8018889218725,50.402034223555,54.0021795252376,
57.6023248269201,61.2024701286026,64.8026154302851,68.4027607319676,72.0029060336501,
75.6030513353326,79.2031966370151,82.8033419386976,86.4034872403801,90.0036325420626,
93.6037778437451,97.2039231454276,100.80406844711,104.404213748793,108.004359050475,
111.604504352158,115.20464965384),.UNSPECIFIED.);
#1428=B_SPLINE_CURVE_WITH_KNOTS('',3,(#8417,#8418,#8419,#8420),
 .UNSPECIFIED.,.F.,.F.,(4,4),(-29.56177413238,0.),.UNSPECIFIED.);
#1429=B_SPLINE_CURVE_WITH_KNOTS('',3,(#8421,#8422,#8423,#8424,#8425,#8426,
#8427,#8428,#8429,#8430,#8431,#8432,#8433,#8434,#8435,#8436,#8437,#8438,
#8439,#8440,#8441,#8442,#8443,#8444,#8445,#8446,#8447,#8448,#8449,#8450,
#8451,#8452,#8453,#8454,#8455,#8456,#8457,#8458,#8459,#8460,#8461,#8462,
#8463,#8464,#8465),.UNSPECIFIED.,.F.,.F.,(4,1,1,1,1,1,1,1,1,1,1,1,1,1,1,
1,1,1,1,1,1,1,1,1,1,1,1,1,1,1,1,1,1,1,1,1,1,1,1,1,1,1,4),(0.,0.583438760156959,
3.61731965939902,6.65120055864225,9.6850814578847,12.7189623571271,15.7528432563657,
18.7867241556081,21.8206050548506,24.854485954093,27.8883668533355,30.9222477525779,
33.9561286518204,36.9900095510628,40.023890450317,43.0577713495633,46.0916522487707,
49.125533148017,52.1594140472634,55.1932949465097,58.2271758457561,61.2610567450024,
64.2949376442488,67.3288185434951,70.3626994427414,73.3965803419488,76.4304612411952,
79.4643421404415,82.4982230396878,85.5321039389342,88.5659848381805,91.5998657374269,
94.6337466366732,97.6676275359196,100.701508435127,103.735389334373,106.76927023362,
109.803151132866,112.837032032112,115.870912931359,118.904793830605,121.938674729851,
122.522112190522),.UNSPECIFIED.);
#1430=B_SPLINE_CURVE_WITH_KNOTS('',3,(#8466,#8467,#8468,#8469),
 .UNSPECIFIED.,.F.,.F.,(4,4),(0.,29.56177413238),.UNSPECIFIED.);
#1431=B_SPLINE_CURVE_WITH_KNOTS('',3,(#8470,#8471,#8472,#8473,#8474,#8475,
#8476,#8477,#8478,#8479,#8480,#8481,#8482,#8483,#8484,#8485,#8486,#8487,
#8488,#8489,#8490,#8491,#8492,#8493,#8494,#8495,#8496,#8497,#8498,#8499,
#8500,#8501,#8502,#8503,#8504,#8505,#8506,#8507,#8508,#8509,#8510,#8511,
#8512,#8513,#8514),.UNSPECIFIED.,.F.,.F.,(4,1,1,1,1,1,1,1,1,1,1,1,1,1,1,
1,1,1,1,1,1,1,1,1,1,1,1,1,1,1,1,1,1,1,1,1,1,1,1,1,1,1,4),(0.,0.583438760177492,
3.61731965942365,6.6512005586698,9.68508145791596,12.7189623571231,15.7528432563693,
18.7867241556154,21.8206050548616,24.8544859541077,27.8883668533539,30.9222477526,
33.9561286518462,36.9900095510923,40.0238904502995,43.0577713495457,46.0916522487918,
49.125533148038,52.1594140472841,55.1932949465302,58.2271758457764,61.2610567450225,
64.2949376442687,67.3288185434758,70.362699442722,73.3965803419682,76.4304612412143,
79.4643421404604,82.4982230397066,85.5321039389528,88.5659848381989,91.5998657374451,
94.6337466366522,97.6676275358984,100.701508435145,103.735389334391,106.769270233637,
109.803151132883,112.837032032129,115.870912931375,118.904793830621,121.938674729829,
122.522112483429),.UNSPECIFIED.);
#1432=B_SPLINE_CURVE_WITH_KNOTS('',3,(#8515,#8516,#8517,#8518),
 .UNSPECIFIED.,.F.,.F.,(4,4),(0.,0.400000000014219),.UNSPECIFIED.);
#1433=B_SPLINE_CURVE_WITH_KNOTS('',3,(#8519,#8520,#8521,#8522),
 .UNSPECIFIED.,.F.,.F.,(4,4),(0.,0.399999999985772),.UNSPECIFIED.);
#1434=B_SPLINE_CURVE_WITH_KNOTS('',3,(#8611,#8612,#8613,#8614,#8615,#8616,
#8617),.UNSPECIFIED.,.F.,.F.,(4,3,4),(0.,0.11928096369464,4.22243766723745),
 .UNSPECIFIED.);
#1435=B_SPLINE_CURVE_WITH_KNOTS('',3,(#8618,#8619,#8620,#8621,#8622,#8623,
#8624,#8625,#8626,#8627),.UNSPECIFIED.,.F.,.F.,(4,3,3,4),(0.,4.10315667590781,
8.20461668916903,12.1775511148224),.UNSPECIFIED.);
#1436=B_SPLINE_CURVE_WITH_KNOTS('',3,(#8628,#8629,#8630,#8631,#8632,#8633,
#8634,#8635,#8636,#8637),.UNSPECIFIED.,.F.,.F.,(4,3,3,4),(0.,3.97293410662717,
8.07439476840314,12.1775511148251),.UNSPECIFIED.);
#1437=B_SPLINE_CURVE_WITH_KNOTS('',3,(#8638,#8639,#8640,#8641,#8642,#8643,
#8644),.UNSPECIFIED.,.F.,.F.,(4,3,4),(0.,4.10315664827193,4.22243766723487),
 .UNSPECIFIED.);
#1438=B_SPLINE_CURVE_WITH_KNOTS('',1,(#8645,#8646),.UNSPECIFIED.,.F.,.F.,
(2,2),(-2.84573794040913,0.),.UNSPECIFIED.);
#1439=B_SPLINE_CURVE_WITH_KNOTS('',3,(#8649,#8650,#8651,#8652,#8653,#8654,
#8655,#8656,#8657,#8658,#8659,#8660,#8661,#8662,#8663,#8664,#8665,#8666,
#8667,#8668,#8669,#8670,#8671,#8672,#8673,#8674,#8675,#8676,#8677,#8678,
#8679,#8680,#8681,#8682,#8683,#8684,#8685,#8686,#8687,#8688,#8689,#8690,
#8691,#8692,#8693,#8694,#8695,#8696,#8697,#8698,#8699,#8700,#8701,#8702,
#8703,#8704,#8705,#8706,#8707,#8708,#8709,#8710,#8711,#8712,#8713,#8714,
#8715,#8716,#8717,#8718,#8719,#8720,#8721),.UNSPECIFIED.,.F.,.F.,(4,3,3,
3,3,3,3,3,3,3,3,3,3,3,3,3,3,3,3,3,3,3,3,3,4),(0.282788797124465,0.612709392662465,
1.22541878208239,1.83812817393125,2.45083756473708,3.06354695590387,3.67625634695967,
4.2889657380453,4.90167512911143,5.5143845201943,6.12709391127556,6.73980330235487,
7.35251269343564,7.96522208451021,8.57793147559314,9.19064086667971,9.80335025774516,
10.4160596488282,11.0287690399331,11.6414784309954,12.2541878221685,12.8668972129511,
13.4796066047856,14.0923159942293,14.4222366371812),.UNSPECIFIED.);
#1440=B_SPLINE_CURVE_WITH_KNOTS('',3,(#8722,#8723,#8724,#8725,#8726,#8727,
#8728,#8729,#8730,#8731,#8732,#8733,#8734,#8735,#8736,#8737,#8738,#8739,
#8740,#8741,#8742,#8743,#8744,#8745,#8746,#8747,#8748,#8749,#8750,#8751,
#8752,#8753,#8754,#8755,#8756,#8757,#8758,#8759,#8760,#8761,#8762,#8763,
#8764,#8765,#8766,#8767,#8768,#8769,#8770,#8771,#8772,#8773,#8774,#8775,
#8776,#8777,#8778,#8779,#8780,#8781,#8782,#8783,#8784,#8785,#8786,#8787,
#8788,#8789,#8790,#8791,#8792,#8793,#8794),.UNSPECIFIED.,.F.,.F.,(4,3,3,
3,3,3,3,3,3,3,3,3,3,3,3,3,3,3,3,3,3,3,3,3,4),(0.282788844531839,0.612709315840267,
1.22541870866773,1.83812810392987,2.45083749814105,3.06354689272386,3.67625628717927,
4.2889656816812,4.90167507615139,5.51438447064647,6.12709386513906,6.73980325962289,
7.35251265410915,7.96522204859583,8.57793144308727,9.19064083757508,9.80335023204949,
10.4160596265351,11.0287690210533,11.6414784155237,12.2541878101042,12.86689720429,
13.4796065995366,14.0923159923899,14.4222365897739),.UNSPECIFIED.);
#1441=B_SPLINE_CURVE_WITH_KNOTS('',1,(#8823,#8824),.UNSPECIFIED.,.F.,.F.,
(2,2),(0.,1.00000000005136),.UNSPECIFIED.);
#1442=VERTEX_POINT('',#6705);
#1443=VERTEX_POINT('',#6706);
#1444=VERTEX_POINT('',#6707);
#1445=VERTEX_POINT('',#6708);
#1446=VERTEX_POINT('',#6709);
#1447=VERTEX_POINT('',#6710);
#1448=VERTEX_POINT('',#6711);
#1449=VERTEX_POINT('',#6712);
#1450=VERTEX_POINT('',#6713);
#1451=VERTEX_POINT('',#6714);
#1452=VERTEX_POINT('',#6715);
#1453=VERTEX_POINT('',#6716);
#1454=VERTEX_POINT('',#6717);
#1455=VERTEX_POINT('',#6718);
#1456=VERTEX_POINT('',#6719);
#1457=VERTEX_POINT('',#6720);
#1458=VERTEX_POINT('',#6721);
#1459=VERTEX_POINT('',#6722);
#1460=VERTEX_POINT('',#6723);
#1461=VERTEX_POINT('',#6724);
#1462=VERTEX_POINT('',#6725);
#1463=VERTEX_POINT('',#6726);
#1464=VERTEX_POINT('',#6727);
#1465=VERTEX_POINT('',#6728);
#1466=VERTEX_POINT('',#6729);
#1467=VERTEX_POINT('',#6730);
#1468=VERTEX_POINT('',#6731);
#1469=VERTEX_POINT('',#6732);
#1470=VERTEX_POINT('',#6733);
#1471=VERTEX_POINT('',#6734);
#1472=VERTEX_POINT('',#6735);
#1473=VERTEX_POINT('',#6736);
#1474=VERTEX_POINT('',#6737);
#1475=VERTEX_POINT('',#6738);
#1476=VERTEX_POINT('',#6739);
#1477=VERTEX_POINT('',#6740);
#1478=VERTEX_POINT('',#6741);
#1479=VERTEX_POINT('',#6742);
#1480=VERTEX_POINT('',#6743);
#1481=VERTEX_POINT('',#6744);
#1482=VERTEX_POINT('',#6745);
#1483=VERTEX_POINT('',#6746);
#1484=VERTEX_POINT('',#6747);
#1485=VERTEX_POINT('',#6748);
#1486=VERTEX_POINT('',#6749);
#1487=VERTEX_POINT('',#6750);
#1488=VERTEX_POINT('',#6751);
#1489=VERTEX_POINT('',#6752);
#1490=VERTEX_POINT('',#6753);
#1491=VERTEX_POINT('',#6754);
#1492=VERTEX_POINT('',#6755);
#1493=VERTEX_POINT('',#6756);
#1494=VERTEX_POINT('',#6757);
#1495=VERTEX_POINT('',#6758);
#1496=VERTEX_POINT('',#6759);
#1497=VERTEX_POINT('',#6760);
#1498=VERTEX_POINT('',#6761);
#1499=VERTEX_POINT('',#6762);
#1500=VERTEX_POINT('',#6763);
#1501=VERTEX_POINT('',#6764);
#1502=VERTEX_POINT('',#6765);
#1503=VERTEX_POINT('',#6766);
#1504=VERTEX_POINT('',#6767);
#1505=VERTEX_POINT('',#6768);
#1506=VERTEX_POINT('',#6769);
#1507=VERTEX_POINT('',#6770);
#1508=VERTEX_POINT('',#6771);
#1509=VERTEX_POINT('',#6772);
#1510=VERTEX_POINT('',#6773);
#1511=VERTEX_POINT('',#6774);
#1512=VERTEX_POINT('',#6775);
#1513=VERTEX_POINT('',#6776);
#1514=VERTEX_POINT('',#6777);
#1515=VERTEX_POINT('',#6778);
#1516=VERTEX_POINT('',#6779);
#1517=VERTEX_POINT('',#6780);
#1518=VERTEX_POINT('',#6781);
#1519=VERTEX_POINT('',#6782);
#1520=VERTEX_POINT('',#6783);
#1521=VERTEX_POINT('',#6784);
#1522=VERTEX_POINT('',#6785);
#1523=VERTEX_POINT('',#6786);
#1524=VERTEX_POINT('',#6787);
#1525=VERTEX_POINT('',#6788);
#1526=VERTEX_POINT('',#6789);
#1527=VERTEX_POINT('',#6790);
#1528=VERTEX_POINT('',#6791);
#1529=VERTEX_POINT('',#6792);
#1530=VERTEX_POINT('',#6793);
#1531=VERTEX_POINT('',#6794);
#1532=VERTEX_POINT('',#6795);
#1533=VERTEX_POINT('',#6796);
#1534=VERTEX_POINT('',#6797);
#1535=VERTEX_POINT('',#6798);
#1536=VERTEX_POINT('',#6799);
#1537=VERTEX_POINT('',#6800);
#1538=VERTEX_POINT('',#6801);
#1539=VERTEX_POINT('',#6802);
#1540=VERTEX_POINT('',#6803);
#1541=VERTEX_POINT('',#6804);
#1542=VERTEX_POINT('',#6805);
#1543=VERTEX_POINT('',#6806);
#1544=VERTEX_POINT('',#6807);
#1545=VERTEX_POINT('',#6808);
#1546=VERTEX_POINT('',#6809);
#1547=VERTEX_POINT('',#6810);
#1548=VERTEX_POINT('',#6811);
#1549=VERTEX_POINT('',#6812);
#1550=VERTEX_POINT('',#6813);
#1551=VERTEX_POINT('',#6814);
#1552=VERTEX_POINT('',#6815);
#1553=VERTEX_POINT('',#6816);
#1554=VERTEX_POINT('',#6817);
#1555=VERTEX_POINT('',#6818);
#1556=VERTEX_POINT('',#6819);
#1557=VERTEX_POINT('',#6820);
#1558=VERTEX_POINT('',#6821);
#1559=VERTEX_POINT('',#6822);
#1560=VERTEX_POINT('',#6823);
#1561=VERTEX_POINT('',#6824);
#1562=VERTEX_POINT('',#6825);
#1563=VERTEX_POINT('',#6826);
#1564=VERTEX_POINT('',#6827);
#1565=VERTEX_POINT('',#6828);
#1566=VERTEX_POINT('',#6829);
#1567=VERTEX_POINT('',#6830);
#1568=VERTEX_POINT('',#6831);
#1569=VERTEX_POINT('',#6832);
#1570=VERTEX_POINT('',#6833);
#1571=VERTEX_POINT('',#6834);
#1572=VERTEX_POINT('',#6835);
#1573=VERTEX_POINT('',#6836);
#1574=VERTEX_POINT('',#6837);
#1575=VERTEX_POINT('',#6838);
#1576=VERTEX_POINT('',#6839);
#1577=VERTEX_POINT('',#6840);
#1578=VERTEX_POINT('',#6841);
#1579=VERTEX_POINT('',#6842);
#1580=VERTEX_POINT('',#6843);
#1581=VERTEX_POINT('',#6844);
#1582=VERTEX_POINT('',#6845);
#1583=VERTEX_POINT('',#6846);
#1584=VERTEX_POINT('',#6847);
#1585=VERTEX_POINT('',#6848);
#1586=VERTEX_POINT('',#6849);
#1587=VERTEX_POINT('',#6850);
#1588=VERTEX_POINT('',#6851);
#1589=VERTEX_POINT('',#6852);
#1590=VERTEX_POINT('',#6853);
#1591=VERTEX_POINT('',#6854);
#1592=VERTEX_POINT('',#6855);
#1593=VERTEX_POINT('',#6856);
#1594=VERTEX_POINT('',#6857);
#1595=VERTEX_POINT('',#6858);
#1596=VERTEX_POINT('',#6859);
#1597=VERTEX_POINT('',#6860);
#1598=(
BOUNDED_SURFACE()
B_SPLINE_SURFACE(2,3,((#1912,#1913,#1914,#1915,#1916,#1917,#1918,#1919,
#1920,#1921,#1922),(#1923,#1924,#1925,#1926,#1927,#1928,#1929,#1930,#1931,
#1932,#1933),(#1934,#1935,#1936,#1937,#1938,#1939,#1940,#1941,#1942,#1943,
#1944)),.UNSPECIFIED.,.F.,.F.,.F.)
B_SPLINE_SURFACE_WITH_KNOTS((3,3),(4,1,1,1,1,1,1,1,4),(-1.5707963267949,
0.),(0.,4.26051751837116,8.61976346590055,12.9790091697991,17.2395259898884,
21.5000477995616,25.859298314075,30.2185488285891,34.4790706382646),
 .UNSPECIFIED.)
GEOMETRIC_REPRESENTATION_ITEM()
RATIONAL_B_SPLINE_SURFACE(((1.,1.,1.,1.,1.,1.,1.,1.,1.,0.999999999999999,
1.),(0.707117410163689,0.707117410163688,0.707117410163689,0.707117410163689,
0.707117410163689,0.707117410163689,0.707117410163688,0.707117410163689,
0.707117410163689,0.707117410163688,0.707117410163689),(1.,1.,1.,1.,1.,
1.,1.,1.,1.,0.999999999999999,1.)))
REPRESENTATION_ITEM('')
SURFACE()
);
#1599=(
BOUNDED_SURFACE()
B_SPLINE_SURFACE(3,3,((#2127,#2128,#2129,#2130,#2131,#2132),(#2133,#2134,
#2135,#2136,#2137,#2138),(#2139,#2140,#2141,#2142,#2143,#2144),(#2145,#2146,
#2147,#2148,#2149,#2150)),.UNSPECIFIED.,.F.,.F.,.F.)
B_SPLINE_SURFACE_WITH_KNOTS((4,4),(4,1,1,4),(0.,0.917664267010916),(-9.34065934065553,
-6.73970107533371,-1.43334009181529,0.),.UNSPECIFIED.)
GEOMETRIC_REPRESENTATION_ITEM()
RATIONAL_B_SPLINE_SURFACE(((1.,0.99553457353855,0.985739179011313,0.987743791372212,
0.997539185899449,1.),(1.,0.9970230490257,0.990492786007542,0.991829194248141,
0.998359457266299,1.),(1.,0.99851152451285,0.995246393003771,0.99591459712407,
0.99917972863315,1.),(1.,1.,1.,1.,1.,1.)))
REPRESENTATION_ITEM('')
SURFACE()
);
#1600=(
BOUNDED_SURFACE()
B_SPLINE_SURFACE(2,3,((#2151,#2152,#2153,#2154,#2155,#2156,#2157),(#2158,
#2159,#2160,#2161,#2162,#2163,#2164),(#2165,#2166,#2167,#2168,#2169,#2170,
#2171)),.UNSPECIFIED.,.F.,.F.,.F.)
B_SPLINE_SURFACE_WITH_KNOTS((3,3),(4,1,1,1,4),(-1.5707963267949,0.),(0.,
4.97910252474663,10.1186019432653,15.2581013617839,20.2372038865306),
 .UNSPECIFIED.)
GEOMETRIC_REPRESENTATION_ITEM()
RATIONAL_B_SPLINE_SURFACE(((1.,0.999999999999999,1.,1.,1.,1.,1.),(0.707117410163689,
0.707117410163688,0.707117410163689,0.707117410163688,0.707117410163689,
0.707117410163689,0.707117410163689),(1.,0.999999999999999,1.,1.,1.,1.,
1.)))
REPRESENTATION_ITEM('')
SURFACE()
);
#1601=(
BOUNDED_SURFACE()
B_SPLINE_SURFACE(3,3,((#2172,#2173,#2174,#2175,#2176),(#2177,#2178,#2179,
#2180,#2181),(#2182,#2183,#2184,#2185,#2186),(#2187,#2188,#2189,#2190,#2191)),
 .UNSPECIFIED.,.F.,.F.,.F.)
B_SPLINE_SURFACE_WITH_KNOTS((4,4),(4,1,4),(0.,1.94849355083295),(-8.73033405284,
-4.97910252474663,0.),.UNSPECIFIED.)
GEOMETRIC_REPRESENTATION_ITEM()
RATIONAL_B_SPLINE_SURFACE(((1.,1.,1.,1.,1.),(1.,1.,1.,1.,1.),(1.,1.,1.,
0.999999999999999,1.),(1.,1.,1.,0.999999999999999,1.)))
REPRESENTATION_ITEM('')
SURFACE()
);
#1602=(
BOUNDED_SURFACE()
B_SPLINE_SURFACE(2,2,((#2801,#2802,#2803,#2804,#2805,#2806,#2807,#2808,
#2809),(#2810,#2811,#2812,#2813,#2814,#2815,#2816,#2817,#2818),(#2819,#2820,
#2821,#2822,#2823,#2824,#2825,#2826,#2827),(#2828,#2829,#2830,#2831,#2832,
#2833,#2834,#2835,#2836),(#2837,#2838,#2839,#2840,#2841,#2842,#2843,#2844,
#2845),(#2846,#2847,#2848,#2849,#2850,#2851,#2852,#2853,#2854),(#2855,#2856,
#2857,#2858,#2859,#2860,#2861,#2862,#2863),(#2864,#2865,#2866,#2867,#2868,
#2869,#2870,#2871,#2872),(#2873,#2874,#2875,#2876,#2877,#2878,#2879,#2880,
#2881)),.UNSPECIFIED.,.T.,.F.,.F.)
B_SPLINE_SURFACE_WITH_KNOTS((3,2,2,2,3),(3,2,2,2,3),(0.,1.57079632679474,
3.14159265358948,4.71238898038422,6.28318530717896),(0.,31.8086256175967,
63.6172512351933,95.42587685279,127.234502470387),.UNSPECIFIED.)
GEOMETRIC_REPRESENTATION_ITEM()
RATIONAL_B_SPLINE_SURFACE(((1.,0.707106781186548,1.,0.707106781186548,1.,
0.707106781186548,1.,0.707106781186548,1.),(0.707106781186548,0.5,0.707106781186548,
0.5,0.707106781186548,0.5,0.707106781186548,0.5,0.707106781186548),(1.,
0.707106781186548,1.,0.707106781186548,1.,0.707106781186548,1.,0.707106781186548,
1.),(0.707106781186548,0.5,0.707106781186548,0.5,0.707106781186548,0.5,
0.707106781186548,0.5,0.707106781186548),(1.,0.707106781186548,1.,0.707106781186548,
1.,0.707106781186548,1.,0.707106781186548,1.),(0.707106781186548,0.5,0.707106781186548,
0.5,0.707106781186548,0.5,0.707106781186548,0.5,0.707106781186548),(1.,
0.707106781186548,1.,0.707106781186548,1.,0.707106781186548,1.,0.707106781186548,
1.),(0.707106781186548,0.5,0.707106781186548,0.5,0.707106781186548,0.5,
0.707106781186548,0.5,0.707106781186548),(1.,0.707106781186548,1.,0.707106781186548,
1.,0.707106781186548,1.,0.707106781186548,1.)))
REPRESENTATION_ITEM('')
SURFACE()
);
#1603=(
BOUNDED_SURFACE()
B_SPLINE_SURFACE(3,3,((#2882,#2883,#2884,#2885),(#2886,#2887,#2888,#2889),
(#2890,#2891,#2892,#2893),(#2894,#2895,#2896,#2897)),.UNSPECIFIED.,.F.,
 .F.,.F.)
B_SPLINE_SURFACE_WITH_KNOTS((4,4),(4,4),(0.,1.9845807568077),(-72.4900207323514,
-63.6172512351933),.UNSPECIFIED.)
GEOMETRIC_REPRESENTATION_ITEM()
RATIONAL_B_SPLINE_SURFACE(((1.,1.,1.,1.),(1.,0.994688366503866,0.994688366503866,
1.),(1.,0.989376733007732,0.989376733007732,1.),(1.,0.984065099511598,0.984065099511598,
1.)))
REPRESENTATION_ITEM('')
SURFACE()
);
#1604=(
BOUNDED_SURFACE()
B_SPLINE_SURFACE(2,3,((#3045,#3046,#3047,#3048),(#3049,#3050,#3051,#3052),
(#3053,#3054,#3055,#3056)),.UNSPECIFIED.,.F.,.F.,.F.)
B_SPLINE_SURFACE_WITH_KNOTS((3,3),(4,4),(-9.34065934065552,0.),(0.,0.901349440418002),
 .UNSPECIFIED.)
GEOMETRIC_REPRESENTATION_ITEM()
RATIONAL_B_SPLINE_SURFACE(((1.,1.,1.,1.),(0.97604569952756,0.976012270011551,
0.975978840495541,0.975945410979532),(1.,1.,1.,1.)))
REPRESENTATION_ITEM('')
SURFACE()
);
#1605=(
BOUNDED_SURFACE()
B_SPLINE_SURFACE(3,2,((#3183,#3184,#3185),(#3186,#3187,#3188),(#3189,#3190,
#3191),(#3192,#3193,#3194),(#3195,#3196,#3197),(#3198,#3199,#3200),(#3201,
#3202,#3203)),.UNSPECIFIED.,.F.,.F.,.F.)
B_SPLINE_SURFACE_WITH_KNOTS((4,1,1,1,4),(3,3),(0.,5.7307046459822,11.6597035906561,
17.5887025817465,23.2104740992564),(-3.92699081698766,0.),.UNSPECIFIED.)
GEOMETRIC_REPRESENTATION_ITEM()
RATIONAL_B_SPLINE_SURFACE(((0.999999860337663,0.707106851017674,1.),(0.999999860337663,
0.707106851017674,1.),(0.999999860337663,0.707106851017674,1.),(0.999999860337662,
0.707106851017673,0.999999999999999),(0.999999860337664,0.707106851017674,
1.),(0.999999860337663,0.707106851017674,1.),(0.999999860337663,0.707106851017674,
1.)))
REPRESENTATION_ITEM('')
SURFACE()
);
#1606=(
BOUNDED_SURFACE()
B_SPLINE_SURFACE(3,3,((#3216,#3217,#3218,#3219),(#3220,#3221,#3222,#3223),
(#3224,#3225,#3226,#3227),(#3228,#3229,#3230,#3231),(#3232,#3233,#3234,
#3235),(#3236,#3237,#3238,#3239)),.UNSPECIFIED.,.F.,.F.,.F.)
B_SPLINE_SURFACE_WITH_KNOTS((4,1,1,4),(4,4),(0.,7.91181322833584,11.8429972959054,
15.5251385326693),(0.,16.3059739738378),.UNSPECIFIED.)
GEOMETRIC_REPRESENTATION_ITEM()
RATIONAL_B_SPLINE_SURFACE(((1.,1.,1.,1.),(1.,1.,1.,1.),(1.,1.,1.,1.),(1.,
1.,1.,1.),(1.,1.,1.,1.),(1.,1.,1.,1.)))
REPRESENTATION_ITEM('')
SURFACE()
);
#1607=(
BOUNDED_SURFACE()
B_SPLINE_SURFACE(3,3,((#3456,#3457,#3458,#3459,#3460),(#3461,#3462,#3463,
#3464,#3465),(#3466,#3467,#3468,#3469,#3470),(#3471,#3472,#3473,#3474,#3475),
(#3476,#3477,#3478,#3479,#3480),(#3481,#3482,#3483,#3484,#3485)),
 .UNSPECIFIED.,.F.,.F.,.F.)
B_SPLINE_SURFACE_WITH_KNOTS((4,1,1,4),(4,1,4),(0.,7.91181322833584,11.8429972959054,
15.5251385326693),(-3.92699081698766,-1.96349540849384,0.),
 .UNSPECIFIED.)
GEOMETRIC_REPRESENTATION_ITEM()
RATIONAL_B_SPLINE_SURFACE(((0.999999860337663,0.902368857231001,0.804737877401393,
0.902368950339224,1.),(0.999999860337665,0.902368857231002,0.804737877401394,
0.902368950339225,1.),(0.999999914630932,0.940322639432873,0.880645378462991,
0.940322696345584,1.),(0.999999983756367,0.988644866770324,0.977289752491553,
0.988644877599413,1.),(1.,1.,1.,1.,1.),(1.,1.,1.,1.,1.)))
REPRESENTATION_ITEM('')
SURFACE()
);
#1608=(
BOUNDED_SURFACE()
B_SPLINE_SURFACE(1,2,((#4570,#4571,#4572,#4573,#4574),(#4575,#4576,#4577,
#4578,#4579)),.UNSPECIFIED.,.F.,.F.,.F.)
B_SPLINE_SURFACE_WITH_KNOTS((2,2),(3,2,3),(0.,5.81728753154131),(0.,7.93252145031423,
15.8650429006285),.UNSPECIFIED.)
GEOMETRIC_REPRESENTATION_ITEM()
RATIONAL_B_SPLINE_SURFACE(((1.,0.707106781186548,1.,0.707106781186548,1.),
(1.,0.707106781186548,1.,0.707106781186548,1.)))
REPRESENTATION_ITEM('')
SURFACE()
);
#1609=(
BOUNDED_SURFACE()
B_SPLINE_SURFACE(1,2,((#4580,#4581,#4582,#4583,#4584),(#4585,#4586,#4587,
#4588,#4589)),.UNSPECIFIED.,.F.,.F.,.F.)
B_SPLINE_SURFACE_WITH_KNOTS((2,2),(3,2,3),(0.,5.81728753154131),(0.,7.93252145031423,
15.8650429006285),.UNSPECIFIED.)
GEOMETRIC_REPRESENTATION_ITEM()
RATIONAL_B_SPLINE_SURFACE(((1.,0.707106781186548,1.,0.707106781186548,1.),
(1.,0.707106781186548,1.,0.707106781186548,1.)))
REPRESENTATION_ITEM('')
SURFACE()
);
#1610=(
BOUNDED_SURFACE()
B_SPLINE_SURFACE(2,1,((#4590,#4591),(#4592,#4593),(#4594,#4595),(#4596,
#4597),(#4598,#4599)),.UNSPECIFIED.,.F.,.F.,.F.)
B_SPLINE_SURFACE_WITH_KNOTS((3,2,3),(2,2),(-97.3893512860739,-73.0420134645554,
-48.6946756430369),(0.,19.617743437822),.UNSPECIFIED.)
GEOMETRIC_REPRESENTATION_ITEM()
RATIONAL_B_SPLINE_SURFACE(((1.,1.),(0.707106781186548,0.707106781186548),
(1.,1.),(0.707106781186548,0.707106781186548),(1.,1.)))
REPRESENTATION_ITEM('')
SURFACE()
);
#1611=(
BOUNDED_SURFACE()
B_SPLINE_SURFACE(2,3,((#4600,#4601,#4602,#4603,#4604,#4605,#4606,#4607,
#4608,#4609,#4610,#4611,#4612,#4613,#4614,#4615,#4616,#4617),(#4618,#4619,
#4620,#4621,#4622,#4623,#4624,#4625,#4626,#4627,#4628,#4629,#4630,#4631,
#4632,#4633,#4634,#4635),(#4636,#4637,#4638,#4639,#4640,#4641,#4642,#4643,
#4644,#4645,#4646,#4647,#4648,#4649,#4650,#4651,#4652,#4653)),
 .UNSPECIFIED.,.F.,.F.,.F.)
B_SPLINE_SURFACE_WITH_KNOTS((3,3),(4,2,2,2,2,2,2,2,4),(-8.0717240773461,
0.),(0.,14.4005811240384,28.8011622480768,43.2017433721152,57.6023244961536,
72.002905620192,86.4034867442304,100.804067868269,115.204648992307),
 .UNSPECIFIED.)
GEOMETRIC_REPRESENTATION_ITEM()
RATIONAL_B_SPLINE_SURFACE(((1.,1.,1.,0.999999999999999,1.,0.999999999999999,
1.,1.,1.,1.,1.,1.,1.,1.,1.,1.,1.,1.),(0.782177244769503,0.782177244769503,
0.782177244769503,0.782177244769502,0.782177244769503,0.782177244769502,
0.782177244769503,0.782177244769502,0.782177244769503,0.782177244769503,
0.782177244769503,0.782177244769503,0.782177244769503,0.782177244769503,
0.782177244769503,0.782177244769503,0.782177244769503,0.782177244769503),
(1.,1.,1.,0.999999999999999,1.,0.999999999999999,1.,1.,1.,1.,1.,1.,1.,1.,
1.,1.,1.,1.)))
REPRESENTATION_ITEM('')
SURFACE()
);
#1612=(
BOUNDED_SURFACE()
B_SPLINE_SURFACE(2,3,((#4654,#4655,#4656,#4657,#4658,#4659,#4660,#4661,
#4662,#4663,#4664,#4665,#4666,#4667,#4668,#4669,#4670,#4671),(#4672,#4673,
#4674,#4675,#4676,#4677,#4678,#4679,#4680,#4681,#4682,#4683,#4684,#4685,
#4686,#4687,#4688,#4689),(#4690,#4691,#4692,#4693,#4694,#4695,#4696,#4697,
#4698,#4699,#4700,#4701,#4702,#4703,#4704,#4705,#4706,#4707)),
 .UNSPECIFIED.,.F.,.F.,.F.)
B_SPLINE_SURFACE_WITH_KNOTS((3,3),(4,2,2,2,2,2,2,2,4),(0.,8.0717240773461),
(0.,14.40058120673,28.80116241346,43.20174362019,57.6023248269201,72.0029060336501,
86.4034872403801,100.80406844711,115.20464965384),.UNSPECIFIED.)
GEOMETRIC_REPRESENTATION_ITEM()
RATIONAL_B_SPLINE_SURFACE(((1.,1.,1.,1.,1.,1.,1.,1.,1.,1.,1.,1.,1.,1.,1.,
1.,1.,1.),(0.782177244769503,0.782177244769503,0.782177244769503,0.782177244769503,
0.782177244769503,0.782177244769503,0.782177244769503,0.782177244769503,
0.782177244769503,0.782177244769503,0.782177244769503,0.782177244769502,
0.782177244769503,0.782177244769503,0.782177244769503,0.782177244769503,
0.782177244769503,0.782177244769503),(1.,1.,1.,1.,1.,1.,1.,1.,1.,1.,1.,
1.,1.,1.,1.,1.,1.,1.)))
REPRESENTATION_ITEM('')
SURFACE()
);
#1613=(
BOUNDED_SURFACE()
B_SPLINE_SURFACE(3,3,((#5249,#5250,#5251,#5252,#5253,#5254,#5255),(#5256,
#5257,#5258,#5259,#5260,#5261,#5262),(#5263,#5264,#5265,#5266,#5267,#5268,
#5269),(#5270,#5271,#5272,#5273,#5274,#5275,#5276)),.UNSPECIFIED.,.F.,.F.,
 .F.)
B_SPLINE_SURFACE_WITH_KNOTS((4,4),(4,3,4),(0.458766774097804,23.3455796555254),
(2.72643972472832,64.1030001068634,125.479560037634),.UNSPECIFIED.)
GEOMETRIC_REPRESENTATION_ITEM()
RATIONAL_B_SPLINE_SURFACE(((1.16044343313811,0.941018523236577,0.951218822643378,
1.19104433135851,0.951218824407059,0.941018523386604,1.16044342829714),
(1.15553084625616,0.937034843273183,0.947191961034407,1.18600219953983,
0.947191962790622,0.937034843422575,1.15553084143569),(1.15553084625616,
0.937034843273186,0.947191961034407,1.18600219953983,0.947191962790623,
0.937034843422577,1.15553084143569),(1.16044343313811,0.94101852323658,
0.95121882264338,1.19104433135851,0.951218824407063,0.941018523386607,1.16044342829715)))
REPRESENTATION_ITEM('')
SURFACE()
);
#1614=(
BOUNDED_SURFACE()
B_SPLINE_SURFACE(3,3,((#5277,#5278,#5279,#5280,#5281,#5282,#5283),(#5284,
#5285,#5286,#5287,#5288,#5289,#5290),(#5291,#5292,#5293,#5294,#5295,#5296,
#5297),(#5298,#5299,#5300,#5301,#5302,#5303,#5304)),.UNSPECIFIED.,.F.,.F.,
 .F.)
B_SPLINE_SURFACE_WITH_KNOTS((4,4),(4,3,4),(0.458766774096655,23.3455796555303),
(2.72643972473747,64.1030001068563,125.479560037598),.UNSPECIFIED.)
GEOMETRIC_REPRESENTATION_ITEM()
RATIONAL_B_SPLINE_SURFACE(((1.16044343313801,0.941018523236582,0.951218822643415,
1.19104433135851,0.951218824407145,0.941018523386613,1.16044342829691),
(1.15553084625606,0.937034843273189,0.947191961034445,1.18600219953983,
0.94719196279071,0.937034843422585,1.15553084143546),(1.15553084625606,
0.937034843273188,0.947191961034444,1.18600219953983,0.947191962790707,
0.937034843422584,1.15553084143546),(1.16044343313801,0.941018523236578,
0.951218822643411,1.1910443313585,0.951218824407141,0.941018523386607,1.16044342829691)))
REPRESENTATION_ITEM('')
SURFACE()
);
#1615=(
BOUNDED_SURFACE()
B_SPLINE_SURFACE(3,2,((#5306,#5307,#5308),(#5309,#5310,#5311),(#5312,#5313,
#5314),(#5315,#5316,#5317),(#5318,#5319,#5320),(#5321,#5322,#5323),(#5324,
#5325,#5326),(#5327,#5328,#5329),(#5330,#5331,#5332),(#5333,#5334,#5335),
(#5336,#5337,#5338),(#5339,#5340,#5341),(#5342,#5343,#5344),(#5345,#5346,
#5347),(#5348,#5349,#5350),(#5351,#5352,#5353),(#5354,#5355,#5356),(#5357,
#5358,#5359),(#5360,#5361,#5362),(#5363,#5364,#5365),(#5366,#5367,#5368),
(#5369,#5370,#5371),(#5372,#5373,#5374),(#5375,#5376,#5377),(#5378,#5379,
#5380)),.UNSPECIFIED.,.F.,.F.,.F.)
B_SPLINE_SURFACE_WITH_KNOTS((4,3,3,3,3,3,3,3,4),(3,3),(-0.000946951905471671,
14.4005811240384,28.8011622480768,43.2017433721152,57.6023244961536,72.002905620192,
86.4034867442304,100.804067868269,115.204883595392),(-8.0717240773461,0.),
 .UNSPECIFIED.)
GEOMETRIC_REPRESENTATION_ITEM()
RATIONAL_B_SPLINE_SURFACE(((1.,0.782177244769503,1.),(0.999999999999999,
0.782177244769503,0.999999999999999),(1.,0.782177244769501,1.),(0.999999999999999,
0.782177244769503,1.),(0.999999999999998,0.782177244769502,0.999999999999998),
(1.,0.782177244769504,1.),(1.,0.782177244769503,1.),(0.999999999999998,
0.782177244769501,0.999999999999998),(1.,0.782177244769504,1.),(1.,0.782177244769503,
1.),(1.,0.782177244769503,1.),(1.,0.782177244769503,1.),(1.,0.782177244769503,
1.),(1.,0.782177244769502,1.),(1.,0.782177244769503,1.),(1.,0.782177244769503,
1.),(1.,0.782177244769502,1.),(0.999999999999999,0.782177244769504,0.999999999999999),
(1.,0.782177244769503,1.),(1.,0.782177244769502,1.),(0.999999999999999,
0.782177244769504,0.999999999999999),(1.,0.782177244769503,1.),(0.999999999999999,
0.782177244769503,0.999999999999999),(1.,0.782177244769503,1.),(1.,0.782177244769503,
1.)))
REPRESENTATION_ITEM('')
SURFACE()
);
#1616=(
BOUNDED_SURFACE()
B_SPLINE_SURFACE(3,2,((#5381,#5382,#5383),(#5384,#5385,#5386),(#5387,#5388,
#5389),(#5390,#5391,#5392),(#5393,#5394,#5395),(#5396,#5397,#5398),(#5399,
#5400,#5401),(#5402,#5403,#5404),(#5405,#5406,#5407),(#5408,#5409,#5410),
(#5411,#5412,#5413),(#5414,#5415,#5416),(#5417,#5418,#5419),(#5420,#5421,
#5422),(#5423,#5424,#5425),(#5426,#5427,#5428),(#5429,#5430,#5431),(#5432,
#5433,#5434),(#5435,#5436,#5437),(#5438,#5439,#5440),(#5441,#5442,#5443),
(#5444,#5445,#5446),(#5447,#5448,#5449),(#5450,#5451,#5452),(#5453,#5454,
#5455)),.UNSPECIFIED.,.F.,.F.,.F.)
B_SPLINE_SURFACE_WITH_KNOTS((4,3,3,3,3,3,3,3,4),(3,3),(-0.000947145194279742,
14.40058120673,28.80116241346,43.20174362019,57.6023248269201,72.0029060336501,
86.4034872403801,100.80406844711,115.20488425693),(-2.25816187970906E-09,
8.0717240773461),.UNSPECIFIED.)
GEOMETRIC_REPRESENTATION_ITEM()
RATIONAL_B_SPLINE_SURFACE(((1.00000000012188,0.782177244708564,1.),(1.00000000012188,
0.782177244708566,0.999999999999999),(1.00000000012188,0.782177244708564,
1.),(1.00000000012188,0.782177244708564,1.),(1.00000000012188,0.782177244708563,
0.999999999999999),(1.00000000012188,0.782177244708566,1.),(1.00000000012188,
0.782177244708564,1.),(1.00000000012188,0.782177244708565,1.),(1.00000000012188,
0.782177244708564,1.),(1.00000000012188,0.782177244708564,1.),(1.00000000012188,
0.782177244708565,1.),(1.00000000012188,0.782177244708563,1.),(1.00000000012188,
0.782177244708564,1.),(1.00000000012188,0.782177244708565,1.),(1.00000000012188,
0.782177244708564,1.),(1.00000000012188,0.782177244708565,1.),(1.00000000012188,
0.782177244708564,1.),(1.00000000012188,0.782177244708564,1.),(1.00000000012188,
0.782177244708565,1.),(1.00000000012188,0.782177244708563,1.),(1.00000000012188,
0.782177244708565,1.),(1.00000000012188,0.782177244708564,1.),(1.00000000012188,
0.782177244708564,1.),(1.00000000012188,0.782177244708565,1.),(1.00000000012188,
0.782177244708564,1.)))
REPRESENTATION_ITEM('')
SURFACE()
);
#1617=(
BOUNDED_SURFACE()
B_SPLINE_SURFACE(2,3,((#6489,#6490,#6491,#6492,#6493,#6494,#6495,#6496,
#6497,#6498,#6499),(#6500,#6501,#6502,#6503,#6504,#6505,#6506,#6507,#6508,
#6509,#6510),(#6511,#6512,#6513,#6514,#6515,#6516,#6517,#6518,#6519,#6520,
#6521),(#6522,#6523,#6524,#6525,#6526,#6527,#6528,#6529,#6530,#6531,#6532),
(#6533,#6534,#6535,#6536,#6537,#6538,#6539,#6540,#6541,#6542,#6543)),
 .UNSPECIFIED.,.F.,.F.,.F.)
B_SPLINE_SURFACE_WITH_KNOTS((3,2,3),(4,1,1,1,1,1,1,1,4),(0.,0.5,1.),(0.,
14.8366620034009,30.1519260069115,45.706491010477,61.2610560140425,76.8156210176079,
92.3701860211734,107.685450024684,122.522112028085),.UNSPECIFIED.)
GEOMETRIC_REPRESENTATION_ITEM()
RATIONAL_B_SPLINE_SURFACE(((1.,1.,1.,1.,1.,1.,1.,1.,1.,1.,1.),(0.923879532511922,
0.923879498268301,0.923879490625895,0.923879465028526,0.923879446603057,
0.923879437812602,0.923879438971683,0.92387945491981,0.923879483281765,
0.923879495922105,0.923879532512053),(1.,0.999999962934972,0.999999954662892,
0.999999926956499,0.999999907012915,0.999999897498195,0.999999898752775,
0.999999916014904,0.999999946713662,0.999999960395468,1.00000000000014),
(0.923879532511922,0.923879498268301,0.923879490625895,0.923879465028526,
0.923879446603057,0.923879437812602,0.923879438971683,0.92387945491981,
0.923879483281765,0.923879495922105,0.923879532512053),(1.,1.,1.,1.,1.,
1.,1.,1.,1.,1.,1.)))
REPRESENTATION_ITEM('')
SURFACE()
);
#1618=(
BOUNDED_SURFACE()
B_SPLINE_SURFACE(3,2,((#6544,#6545,#6546,#6547,#6548),(#6549,#6550,#6551,
#6552,#6553),(#6554,#6555,#6556,#6557,#6558),(#6559,#6560,#6561,#6562,#6563),
(#6564,#6565,#6566,#6567,#6568),(#6569,#6570,#6571,#6572,#6573),(#6574,
#6575,#6576,#6577,#6578),(#6579,#6580,#6581,#6582,#6583),(#6584,#6585,#6586,
#6587,#6588),(#6589,#6590,#6591,#6592,#6593),(#6594,#6595,#6596,#6597,#6598)),
 .UNSPECIFIED.,.F.,.F.,.F.)
B_SPLINE_SURFACE_WITH_KNOTS((4,1,1,1,1,1,1,1,4),(3,2,3),(-122.522112357604,
-107.685450314301,-92.3701862696002,-76.8156212242012,-61.2610561788022,
-45.7064911334032,-30.1519260880042,-14.8366620433037,0.),(0.,0.5,1.),
 .UNSPECIFIED.)
GEOMETRIC_REPRESENTATION_ITEM()
RATIONAL_B_SPLINE_SURFACE(((1.,0.923879532511922,1.,0.923879532511922,1.),
(1.,0.923879498297795,0.999999962966897,0.923879498297795,1.),(1.,0.923879490485323,
0.999999954510738,0.923879490485323,1.),(1.,0.923879465290634,0.999999927240202,
0.923879465290634,1.),(1.,0.923879446184053,0.999999906559389,0.923879446184053,
1.),(1.,0.92387943847762,0.999999898218006,0.92387943847762,1.),(1.,0.923879438010779,
0.999999897712701,0.923879438010779,1.),(1.,0.923879456009802,0.999999917194703,
0.923879456009802,1.),(1.,0.923879482678176,0.999999946060342,0.923879482678176,
1.),(1.,0.923879495963939,0.999999960440749,0.923879495963939,1.),(1.,0.923879532512053,
1.00000000000014,0.923879532512053,1.)))
REPRESENTATION_ITEM('')
SURFACE()
);
#1619=(
BOUNDED_SURFACE()
B_SPLINE_SURFACE(1,2,((#6599,#6600,#6601,#6602,#6603),(#6604,#6605,#6606,
#6607,#6608)),.UNSPECIFIED.,.F.,.F.,.F.)
B_SPLINE_SURFACE_WITH_KNOTS((2,2),(3,2,3),(0.,1.),(-135.716802635079,-67.8584013175395,
0.),.UNSPECIFIED.)
GEOMETRIC_REPRESENTATION_ITEM()
RATIONAL_B_SPLINE_SURFACE(((1.,0.707106781186548,1.,0.707106781186548,1.),
(1.,0.707106781186548,1.,0.707106781186548,1.)))
REPRESENTATION_ITEM('')
SURFACE()
);
#1620=(
BOUNDED_SURFACE()
B_SPLINE_SURFACE(3,3,((#6609,#6610,#6611,#6612),(#6613,#6614,#6615,#6616),
(#6617,#6618,#6619,#6620),(#6621,#6622,#6623,#6624),(#6625,#6626,#6627,
#6628),(#6629,#6630,#6631,#6632),(#6633,#6634,#6635,#6636)),
 .UNSPECIFIED.,.F.,.F.,.F.)
B_SPLINE_SURFACE_WITH_KNOTS((4,3,4),(4,4),(2.72643972472832,64.1030001068634,
125.479560037634),(0.458766774097804,23.3455796555254),.UNSPECIFIED.)
GEOMETRIC_REPRESENTATION_ITEM()
RATIONAL_B_SPLINE_SURFACE(((1.16044343313811,1.15553084625616,1.15553084625616,
1.16044343313811),(0.941018523236578,0.937034843273184,0.937034843273185,
0.94101852323658),(0.951218822643377,0.947191961034406,0.947191961034407,
0.95121882264338),(1.19104433135851,1.18600219953983,1.18600219953983,1.19104433135851),
(0.951218824407059,0.947191962790622,0.947191962790623,0.951218824407062),
(0.941018523386604,0.937034843422575,0.937034843422576,0.941018523386607),
(1.16044342829714,1.15553084143569,1.15553084143569,1.16044342829715)))
REPRESENTATION_ITEM('')
SURFACE()
);
#1621=(
BOUNDED_SURFACE()
B_SPLINE_SURFACE(3,3,((#6637,#6638,#6639,#6640),(#6641,#6642,#6643,#6644),
(#6645,#6646,#6647,#6648),(#6649,#6650,#6651,#6652),(#6653,#6654,#6655,
#6656),(#6657,#6658,#6659,#6660),(#6661,#6662,#6663,#6664)),
 .UNSPECIFIED.,.F.,.F.,.F.)
B_SPLINE_SURFACE_WITH_KNOTS((4,3,4),(4,4),(2.72643972473747,64.1030001068563,
125.479560037598),(0.458766774096655,23.3455796555303),.UNSPECIFIED.)
GEOMETRIC_REPRESENTATION_ITEM()
RATIONAL_B_SPLINE_SURFACE(((1.16044343313801,1.15553084625606,1.15553084625606,
1.160443433138),(0.941018523236582,0.93703484327319,0.937034843273188,0.941018523236577),
(0.951218822643415,0.947191961034445,0.947191961034444,0.951218822643411),
(1.19104433135851,1.18600219953983,1.18600219953983,1.1910443313585),(0.951218824407145,
0.947191962790709,0.947191962790707,0.951218824407141),(0.941018523386612,
0.937034843422585,0.937034843422583,0.941018523386608),(1.16044342829691,
1.15553084143546,1.15553084143546,1.16044342829691)))
REPRESENTATION_ITEM('')
SURFACE()
);
#1622=(
BOUNDED_SURFACE()
B_SPLINE_SURFACE(2,1,((#6665,#6666),(#6667,#6668),(#6669,#6670),(#6671,
#6672),(#6673,#6674)),.UNSPECIFIED.,.F.,.F.,.F.)
B_SPLINE_SURFACE_WITH_KNOTS((3,2,3),(2,2),(0.,24.3473378215185,48.6946756430369),
(0.,1.28385813322957),.UNSPECIFIED.)
GEOMETRIC_REPRESENTATION_ITEM()
RATIONAL_B_SPLINE_SURFACE(((1.,1.),(0.707106781186548,0.707106781186548),
(1.,1.),(0.707106781186548,0.707106781186548),(1.,1.)))
REPRESENTATION_ITEM('')
SURFACE()
);
#1623=(
BOUNDED_SURFACE()
B_SPLINE_SURFACE(2,1,((#6675,#6676),(#6677,#6678),(#6679,#6680),(#6681,
#6682),(#6683,#6684)),.UNSPECIFIED.,.F.,.F.,.F.)
B_SPLINE_SURFACE_WITH_KNOTS((3,2,3),(2,2),(-48.6946756430369,-24.3473378215185,
0.),(0.,19.617743437822),.UNSPECIFIED.)
GEOMETRIC_REPRESENTATION_ITEM()
RATIONAL_B_SPLINE_SURFACE(((1.,1.),(0.707106781186548,0.707106781186548),
(1.,1.),(0.707106781186548,0.707106781186548),(1.,1.)))
REPRESENTATION_ITEM('')
SURFACE()
);
#1624=(
BOUNDED_SURFACE()
B_SPLINE_SURFACE(1,2,((#6685,#6686,#6687,#6688,#6689),(#6690,#6691,#6692,
#6693,#6694)),.UNSPECIFIED.,.F.,.F.,.F.)
B_SPLINE_SURFACE_WITH_KNOTS((2,2),(3,2,3),(0.,1.),(0.,67.8584013175395,
135.716802635079),.UNSPECIFIED.)
GEOMETRIC_REPRESENTATION_ITEM()
RATIONAL_B_SPLINE_SURFACE(((1.,0.707106781186548,1.,0.707106781186548,1.),
(1.,0.707106781186548,1.,0.707106781186548,1.)))
REPRESENTATION_ITEM('')
SURFACE()
);
#1625=(
BOUNDED_SURFACE()
B_SPLINE_SURFACE(2,1,((#6695,#6696),(#6697,#6698),(#6699,#6700),(#6701,
#6702),(#6703,#6704)),.UNSPECIFIED.,.F.,.F.,.F.)
B_SPLINE_SURFACE_WITH_KNOTS((3,2,3),(2,2),(48.6946756430369,73.0420134645554,
97.3893512860739),(0.,1.28385813322957),.UNSPECIFIED.)
GEOMETRIC_REPRESENTATION_ITEM()
RATIONAL_B_SPLINE_SURFACE(((1.,1.),(0.707106781186548,0.707106781186548),
(1.,1.),(0.707106781186548,0.707106781186548),(1.,1.)))
REPRESENTATION_ITEM('')
SURFACE()
);
#1626=PLANE('',#1735);
#1627=PLANE('',#1736);
#1628=PLANE('',#1737);
#1629=PLANE('',#1738);
#1630=PLANE('',#1739);
#1631=PLANE('',#1740);
#1632=PLANE('',#1741);
#1633=PLANE('',#1742);
#1634=PLANE('',#1743);
#1635=PLANE('',#1744);
#1636=PLANE('',#1745);
#1637=B_SPLINE_SURFACE_WITH_KNOTS('',3,3,((#1763,#1764,#1765,#1766,#1767,
#1768),(#1769,#1770,#1771,#1772,#1773,#1774),(#1775,#1776,#1777,#1778,#1779,
#1780),(#1781,#1782,#1783,#1784,#1785,#1786)),.UNSPECIFIED.,.F.,.F.,.F.,
(4,4),(4,2,4),(-1.5000002133232,0.),(0.,0.780603705858308,1.56120741171662),
 .UNSPECIFIED.);
#1638=B_SPLINE_SURFACE_WITH_KNOTS('',1,3,((#1787,#1788,#1789,#1790,#1791,
#1792,#1793,#1794,#1795,#1796),(#1797,#1798,#1799,#1800,#1801,#1802,#1803,
#1804,#1805,#1806)),.UNSPECIFIED.,.F.,.F.,.F.,(2,2),(4,2,2,2,4),(0.,1.500000000002),
(0.,0.480262588577185,0.960525177154369,1.92105035430874,3.84210070861748),
 .UNSPECIFIED.);
#1639=B_SPLINE_SURFACE_WITH_KNOTS('',1,3,((#1807,#1808,#1809,#1810,#1811,
#1812),(#1813,#1814,#1815,#1816,#1817,#1818)),.UNSPECIFIED.,.F.,.F.,.F.,
(2,2),(4,2,4),(0.,1.500000000002),(0.,0.770316451094981,1.54063290218996),
 .UNSPECIFIED.);
#1640=B_SPLINE_SURFACE_WITH_KNOTS('',3,3,((#1819,#1820,#1821,#1822,#1823,
#1824,#1825,#1826,#1827,#1828,#1829,#1830,#1831,#1832),(#1833,#1834,#1835,
#1836,#1837,#1838,#1839,#1840,#1841,#1842,#1843,#1844,#1845,#1846),(#1847,
#1848,#1849,#1850,#1851,#1852,#1853,#1854,#1855,#1856,#1857,#1858,#1859,
#1860),(#1861,#1862,#1863,#1864,#1865,#1866,#1867,#1868,#1869,#1870,#1871,
#1872,#1873,#1874)),.UNSPECIFIED.,.F.,.F.,.F.,(4,4),(4,1,1,1,1,1,1,1,1,
1,1,4),(0.,8.32000000006351),(0.,2.05199701947833,4.10399403895644,6.15599105843392,
8.20798807791352,10.259985097391,12.3119821168685,14.3639791363481,16.4159761558256,
18.467973175303,20.5199701947826,22.5719672142601),.UNSPECIFIED.);
#1641=B_SPLINE_SURFACE_WITH_KNOTS('',3,3,((#1875,#1876,#1877,#1878),(#1879,
#1880,#1881,#1882),(#1883,#1884,#1885,#1886),(#1887,#1888,#1889,#1890)),
 .UNSPECIFIED.,.F.,.F.,.F.,(4,4),(4,4),(-7.000000000015,0.),(0.,1.5000002133232),
 .UNSPECIFIED.);
#1642=B_SPLINE_SURFACE_WITH_KNOTS('',3,3,((#1892,#1893,#1894,#1895,#1896),
(#1897,#1898,#1899,#1900,#1901),(#1902,#1903,#1904,#1905,#1906),(#1907,
#1908,#1909,#1910,#1911)),.UNSPECIFIED.,.F.,.F.,.F.,(4,4),(4,1,4),(0.,1.5000002133232),
(0.,0.785381891166666,1.57076378233331),.UNSPECIFIED.);
#1643=B_SPLINE_SURFACE_WITH_KNOTS('',3,3,((#1946,#1947,#1948,#1949),(#1950,
#1951,#1952,#1953),(#1954,#1955,#1956,#1957),(#1958,#1959,#1960,#1961)),
 .UNSPECIFIED.,.F.,.F.,.F.,(4,4),(4,4),(0.,1.5000002133232),(0.,0.750026138852823),
 .UNSPECIFIED.);
#1644=B_SPLINE_SURFACE_WITH_KNOTS('',3,3,((#1962,#1963,#1964,#1965),(#1966,
#1967,#1968,#1969),(#1970,#1971,#1972,#1973),(#1974,#1975,#1976,#1977),
(#1978,#1979,#1980,#1981),(#1982,#1983,#1984,#1985),(#1986,#1987,#1988,
#1989),(#1990,#1991,#1992,#1993),(#1994,#1995,#1996,#1997),(#1998,#1999,
#2000,#2001),(#2002,#2003,#2004,#2005),(#2006,#2007,#2008,#2009)),
 .UNSPECIFIED.,.F.,.F.,.F.,(4,1,1,1,1,1,1,1,1,4),(4,4),(0.,0.46884383767067,
3.8177286243922,7.16661341111608,10.5154981978376,13.8643829845615,17.213267771283,
20.5621525580069,23.9110373447284,24.3798811824022),(0.,1.74640239813724),
 .UNSPECIFIED.);
#1645=B_SPLINE_SURFACE_WITH_KNOTS('',3,3,((#2010,#2011,#2012,#2013,#2014,
#2015),(#2016,#2017,#2018,#2019,#2020,#2021),(#2022,#2023,#2024,#2025,#2026,
#2027),(#2028,#2029,#2030,#2031,#2032,#2033)),.UNSPECIFIED.,.F.,.F.,.F.,
(4,4),(4,2,4),(0.,2.614049143388),(0.,7.25587173562967,14.5117434712593),
 .UNSPECIFIED.);
#1646=B_SPLINE_SURFACE_WITH_KNOTS('',3,3,((#2034,#2035,#2036,#2037),(#2038,
#2039,#2040,#2041),(#2042,#2043,#2044,#2045),(#2046,#2047,#2048,#2049)),
 .UNSPECIFIED.,.F.,.F.,.F.,(4,4),(4,4),(0.,1.499934899812),(0.,2.26340232555487),
 .UNSPECIFIED.);
#1647=B_SPLINE_SURFACE_WITH_KNOTS('',3,3,((#2050,#2051,#2052,#2053),(#2054,
#2055,#2056,#2057),(#2058,#2059,#2060,#2061),(#2062,#2063,#2064,#2065)),
 .UNSPECIFIED.,.F.,.F.,.F.,(4,4),(4,4),(0.,2.614049143388),(0.,2.34798527067155),
 .UNSPECIFIED.);
#1648=B_SPLINE_SURFACE_WITH_KNOTS('',3,3,((#2066,#2067,#2068,#2069,#2070,
#2071),(#2072,#2073,#2074,#2075,#2076,#2077),(#2078,#2079,#2080,#2081,#2082,
#2083),(#2084,#2085,#2086,#2087,#2088,#2089),(#2090,#2091,#2092,#2093,#2094,
#2095),(#2096,#2097,#2098,#2099,#2100,#2101)),.UNSPECIFIED.,.F.,.F.,.F.,
(4,1,1,4),(4,1,1,4),(0.,0.273269725310405,0.546539450620811,0.819809175931216),
(0.,0.303649756051404,0.607299512102808,0.910949268154212),
 .UNSPECIFIED.);
#1649=B_SPLINE_SURFACE_WITH_KNOTS('',3,3,((#2102,#2103,#2104,#2105),(#2106,
#2107,#2108,#2109),(#2110,#2111,#2112,#2113),(#2114,#2115,#2116,#2117)),
 .UNSPECIFIED.,.F.,.F.,.F.,(4,4),(4,4),(0.,1.49996606709418),(-1.,0.),
 .UNSPECIFIED.);
#1650=B_SPLINE_SURFACE_WITH_KNOTS('',3,1,((#2118,#2119),(#2120,#2121),(#2122,
#2123),(#2124,#2125)),.UNSPECIFIED.,.F.,.F.,.F.,(4,4),(2,2),(0.,0.324397970767069),
(-1.500000000001,0.),.UNSPECIFIED.);
#1651=B_SPLINE_SURFACE_WITH_KNOTS('',3,3,((#2192,#2193,#2194,#2195,#2196,
#2197),(#2198,#2199,#2200,#2201,#2202,#2203),(#2204,#2205,#2206,#2207,#2208,
#2209),(#2210,#2211,#2212,#2213,#2214,#2215),(#2216,#2217,#2218,#2219,#2220,
#2221),(#2222,#2223,#2224,#2225,#2226,#2227)),.UNSPECIFIED.,.F.,.F.,.F.,
(4,1,1,4),(4,1,1,4),(0.,0.296099113904903,0.592198227809806,0.888297341714709),
(0.,0.373330562560414,0.746661125120827,1.11999168768124),.UNSPECIFIED.);
#1652=B_SPLINE_SURFACE_WITH_KNOTS('',3,3,((#2228,#2229,#2230,#2231),(#2232,
#2233,#2234,#2235),(#2236,#2237,#2238,#2239),(#2240,#2241,#2242,#2243),
(#2244,#2245,#2246,#2247),(#2248,#2249,#2250,#2251),(#2252,#2253,#2254,
#2255),(#2256,#2257,#2258,#2259)),.UNSPECIFIED.,.F.,.F.,.F.,(4,1,1,1,1,
4),(4,4),(-0.01383397055576,0.,0.3088656997867,0.6748473913971,1.,1.013833972375),
(-0.07315376656876,1.073099412186),.UNSPECIFIED.);
#1653=B_SPLINE_SURFACE_WITH_KNOTS('',3,3,((#2260,#2261,#2262,#2263),(#2264,
#2265,#2266,#2267),(#2268,#2269,#2270,#2271),(#2272,#2273,#2274,#2275)),
 .UNSPECIFIED.,.F.,.F.,.F.,(4,4),(4,4),(0.,1.),(0.,1.50035756394472),
 .UNSPECIFIED.);
#1654=B_SPLINE_SURFACE_WITH_KNOTS('',3,3,((#2276,#2277,#2278,#2279,#2280),
(#2281,#2282,#2283,#2284,#2285),(#2286,#2287,#2288,#2289,#2290),(#2291,
#2292,#2293,#2294,#2295)),.UNSPECIFIED.,.F.,.F.,.F.,(4,4),(4,1,4),(0.,1.500193203775),
(0.,0.355405982953246,0.711044045626738),.UNSPECIFIED.);
#1655=B_SPLINE_SURFACE_WITH_KNOTS('',3,3,((#2296,#2297,#2298,#2299,#2300,
#2301,#2302,#2303),(#2304,#2305,#2306,#2307,#2308,#2309,#2310,#2311),(#2312,
#2313,#2314,#2315,#2316,#2317,#2318,#2319),(#2320,#2321,#2322,#2323,#2324,
#2325,#2326,#2327),(#2328,#2329,#2330,#2331,#2332,#2333,#2334,#2335),(#2336,
#2337,#2338,#2339,#2340,#2341,#2342,#2343)),.UNSPECIFIED.,.F.,.F.,.F.,(4,
1,1,4),(4,1,1,1,1,4),(0.,0.0313631504179316,0.0627263008358632,0.0940894512537948),
(0.,0.141013245530748,0.282026491061496,0.423039736592243,0.564052982122991,
0.705066227653739),.UNSPECIFIED.);
#1656=B_SPLINE_SURFACE_WITH_KNOTS('',3,3,((#2344,#2345,#2346,#2347),(#2348,
#2349,#2350,#2351),(#2352,#2353,#2354,#2355),(#2356,#2357,#2358,#2359)),
 .UNSPECIFIED.,.F.,.F.,.F.,(4,4),(4,4),(0.,0.0940894512538801),(0.,1.50009380276988),
 .UNSPECIFIED.);
#1657=B_SPLINE_SURFACE_WITH_KNOTS('',3,3,((#2360,#2361,#2362,#2363,#2364,
#2365),(#2366,#2367,#2368,#2369,#2370,#2371),(#2372,#2373,#2374,#2375,#2376,
#2377),(#2378,#2379,#2380,#2381,#2382,#2383)),.UNSPECIFIED.,.F.,.F.,.F.,
(4,4),(4,2,4),(0.,1.50009380276988),(0.,1.37432711358252,2.74865422716503),
 .UNSPECIFIED.);
#1658=B_SPLINE_SURFACE_WITH_KNOTS('',3,3,((#2384,#2385,#2386,#2387),(#2388,
#2389,#2390,#2391),(#2392,#2393,#2394,#2395),(#2396,#2397,#2398,#2399)),
 .UNSPECIFIED.,.F.,.F.,.F.,(4,4),(4,4),(0.,0.750030063970035),(-1.50009380276988,
0.),.UNSPECIFIED.);
#1659=B_SPLINE_SURFACE_WITH_KNOTS('',3,3,((#2400,#2401,#2402,#2403),(#2404,
#2405,#2406,#2407),(#2408,#2409,#2410,#2411),(#2412,#2413,#2414,#2415),
(#2416,#2417,#2418,#2419),(#2420,#2421,#2422,#2423),(#2424,#2425,#2426,
#2427),(#2428,#2429,#2430,#2431),(#2432,#2433,#2434,#2435),(#2436,#2437,
#2438,#2439),(#2440,#2441,#2442,#2443),(#2444,#2445,#2446,#2447),(#2448,
#2449,#2450,#2451),(#2452,#2453,#2454,#2455),(#2456,#2457,#2458,#2459),
(#2460,#2461,#2462,#2463),(#2464,#2465,#2466,#2467),(#2468,#2469,#2470,
#2471),(#2472,#2473,#2474,#2475),(#2476,#2477,#2478,#2479),(#2480,#2481,
#2482,#2483),(#2484,#2485,#2486,#2487),(#2488,#2489,#2490,#2491),(#2492,
#2493,#2494,#2495),(#2496,#2497,#2498,#2499),(#2500,#2501,#2502,#2503),
(#2504,#2505,#2506,#2507),(#2508,#2509,#2510,#2511),(#2512,#2513,#2514,
#2515),(#2516,#2517,#2518,#2519),(#2520,#2521,#2522,#2523),(#2524,#2525,
#2526,#2527),(#2528,#2529,#2530,#2531),(#2532,#2533,#2534,#2535)),
 .UNSPECIFIED.,.F.,.F.,.F.,(4,1,1,1,1,1,1,1,1,1,1,1,1,1,1,1,1,1,1,1,1,1,
1,1,1,1,1,1,1,1,1,4),(4,4),(0.,2.06433441566106,4.12866883134489,6.19300324700595,
8.25733766266701,10.3216720783281,12.3860064939891,14.450340909673,16.514675325334,
18.5790097409951,20.6433441566561,22.7076785723172,24.772012988001,26.8363474036621,
28.9006818193232,30.9650162349842,33.0293506506453,35.0936850663291,37.1580194819902,
39.2223538976512,41.2866883133123,43.3510227289961,45.4153571446572,47.4796915603182,
49.5440259759793,51.6083603916403,53.6726948073242,55.7370292229852,57.8013636386463,
59.8656980543073,61.9300324699684,63.9943668856522),(0.,8.32000000006352),
 .UNSPECIFIED.);
#1660=B_SPLINE_SURFACE_WITH_KNOTS('',3,3,((#2536,#2537,#2538,#2539,#2540),
(#2541,#2542,#2543,#2544,#2545),(#2546,#2547,#2548,#2549,#2550),(#2551,
#2552,#2553,#2554,#2555),(#2556,#2557,#2558,#2559,#2560),(#2561,#2562,#2563,
#2564,#2565),(#2566,#2567,#2568,#2569,#2570)),.UNSPECIFIED.,.F.,.F.,.F.,
(4,1,1,1,4),(4,1,4),(0.,5.92025913573084,11.5914756262473,17.2626921189064,
22.7356141741423),(0.,0.785381891166666,1.57076378233331),.UNSPECIFIED.);
#1661=B_SPLINE_SURFACE_WITH_KNOTS('',3,3,((#2571,#2572,#2573,#2574),(#2575,
#2576,#2577,#2578),(#2579,#2580,#2581,#2582),(#2583,#2584,#2585,#2586),
(#2587,#2588,#2589,#2590)),.UNSPECIFIED.,.F.,.F.,.F.,(4,1,4),(4,4),(0.,
4.28571426198997,8.5714274857144),(-1.50009380276988,0.),.UNSPECIFIED.);
#1662=B_SPLINE_SURFACE_WITH_KNOTS('',3,3,((#2592,#2593,#2594,#2595),(#2596,
#2597,#2598,#2599),(#2600,#2601,#2602,#2603),(#2604,#2605,#2606,#2607),
(#2608,#2609,#2610,#2611),(#2612,#2613,#2614,#2615),(#2616,#2617,#2618,
#2619),(#2620,#2621,#2622,#2623),(#2624,#2625,#2626,#2627),(#2628,#2629,
#2630,#2631),(#2632,#2633,#2634,#2635),(#2636,#2637,#2638,#2639)),
 .UNSPECIFIED.,.F.,.F.,.F.,(4,1,1,1,1,1,1,1,1,4),(4,4),(4.592384180116,
4.7935848387,4.994785497284,5.195986155868,5.397186814452,5.598387473036,
5.79958813162,6.000788790204,6.201989448788,6.403190107372),(-0.110943803273,
1.65268852822),.UNSPECIFIED.);
#1663=B_SPLINE_SURFACE_WITH_KNOTS('',3,3,((#2640,#2641,#2642,#2643),(#2644,
#2645,#2646,#2647),(#2648,#2649,#2650,#2651),(#2652,#2653,#2654,#2655)),
 .UNSPECIFIED.,.F.,.F.,.F.,(4,4),(4,4),(0.,1.501553804508),(0.,3.80150566246899),
 .UNSPECIFIED.);
#1664=B_SPLINE_SURFACE_WITH_KNOTS('',3,3,((#2656,#2657,#2658,#2659),(#2660,
#2661,#2662,#2663),(#2664,#2665,#2666,#2667),(#2668,#2669,#2670,#2671),
(#2672,#2673,#2674,#2675),(#2676,#2677,#2678,#2679),(#2680,#2681,#2682,
#2683),(#2684,#2685,#2686,#2687),(#2688,#2689,#2690,#2691),(#2692,#2693,
#2694,#2695),(#2696,#2697,#2698,#2699),(#2700,#2701,#2702,#2703),(#2704,
#2705,#2706,#2707),(#2708,#2709,#2710,#2711),(#2712,#2713,#2714,#2715),
(#2716,#2717,#2718,#2719),(#2720,#2721,#2722,#2723),(#2724,#2725,#2726,
#2727),(#2728,#2729,#2730,#2731),(#2732,#2733,#2734,#2735),(#2736,#2737,
#2738,#2739),(#2740,#2741,#2742,#2743),(#2744,#2745,#2746,#2747),(#2748,
#2749,#2750,#2751),(#2752,#2753,#2754,#2755),(#2756,#2757,#2758,#2759),
(#2760,#2761,#2762,#2763),(#2764,#2765,#2766,#2767),(#2768,#2769,#2770,
#2771),(#2772,#2773,#2774,#2775),(#2776,#2777,#2778,#2779),(#2780,#2781,
#2782,#2783),(#2784,#2785,#2786,#2787),(#2788,#2789,#2790,#2791)),
 .UNSPECIFIED.,.F.,.F.,.F.,(4,1,1,1,1,1,1,1,1,1,1,1,1,1,1,1,1,1,1,1,1,1,
1,1,1,1,1,1,1,1,1,4),(4,4),(0.,2.06433441566106,4.12866883134489,6.19300324700595,
8.25733766266701,10.3216720783281,12.3860064939891,14.450340909673,16.514675325334,
18.5790097409951,20.6433441566561,22.7076785723172,24.772012988001,26.8363474036621,
28.9006818193232,30.9650162349842,33.0293506506453,35.0936850663291,37.1580194819902,
39.2223538976512,41.2866883133123,43.3510227289961,45.4153571446572,47.4796915603182,
49.5440259759793,51.6083603916403,53.6726948073242,55.7370292229852,57.8013636386463,
59.8656980543073,61.9300324699684,63.9943668856522),(0.,8.32000000006352),
 .UNSPECIFIED.);
#1665=B_SPLINE_SURFACE_WITH_KNOTS('',1,3,((#2793,#2794,#2795,#2796),(#2797,
#2798,#2799,#2800)),.UNSPECIFIED.,.F.,.F.,.F.,(2,2),(4,4),(-1.500180861681,
0.),(0.,7.46613811574236),.UNSPECIFIED.);
#1666=B_SPLINE_SURFACE_WITH_KNOTS('',3,3,((#2898,#2899,#2900,#2901),(#2902,
#2903,#2904,#2905),(#2906,#2907,#2908,#2909),(#2910,#2911,#2912,#2913),
(#2914,#2915,#2916,#2917),(#2918,#2919,#2920,#2921),(#2922,#2923,#2924,
#2925),(#2926,#2927,#2928,#2929)),.UNSPECIFIED.,.F.,.F.,.F.,(4,1,1,1,1,
4),(4,4),(-0.01383397055621,0.,0.3088656997869,0.6748473913972,1.,1.013833972398),
(-0.07315376656861,1.073099412181),.UNSPECIFIED.);
#1667=B_SPLINE_SURFACE_WITH_KNOTS('',3,3,((#2930,#2931,#2932,#2933,#2934,
#2935,#2936,#2937,#2938),(#2939,#2940,#2941,#2942,#2943,#2944,#2945,#2946,
#2947),(#2948,#2949,#2950,#2951,#2952,#2953,#2954,#2955,#2956),(#2957,#2958,
#2959,#2960,#2961,#2962,#2963,#2964,#2965),(#2966,#2967,#2968,#2969,#2970,
#2971,#2972,#2973,#2974),(#2975,#2976,#2977,#2978,#2979,#2980,#2981,#2982,
#2983)),.UNSPECIFIED.,.F.,.F.,.F.,(4,1,1,4),(4,1,1,1,1,1,4),(0.,0.0231312120338656,
0.0462624240677312,0.0693936361015968),(0.,0.118086614160699,0.236173228321398,
0.354259842482097,0.472346456642796,0.590433070803495,0.708519684964194),
 .UNSPECIFIED.);
#1668=B_SPLINE_SURFACE_WITH_KNOTS('',3,3,((#2984,#2985,#2986,#2987),(#2988,
#2989,#2990,#2991),(#2992,#2993,#2994,#2995),(#2996,#2997,#2998,#2999)),
 .UNSPECIFIED.,.F.,.F.,.F.,(4,4),(4,4),(0.,1.50034809348716),(-1.,0.),
 .UNSPECIFIED.);
#1669=B_SPLINE_SURFACE_WITH_KNOTS('',3,3,((#3000,#3001,#3002,#3003,#3004,
#3005),(#3006,#3007,#3008,#3009,#3010,#3011),(#3012,#3013,#3014,#3015,#3016,
#3017),(#3018,#3019,#3020,#3021,#3022,#3023),(#3024,#3025,#3026,#3027,#3028,
#3029),(#3030,#3031,#3032,#3033,#3034,#3035)),.UNSPECIFIED.,.F.,.F.,.F.,
(4,1,1,4),(4,1,1,4),(0.,0.377883387716717,0.755766775433434,1.13365016315015),
(0.,0.293275875514642,0.586551751029284,0.879827626543927),
 .UNSPECIFIED.);
#1670=B_SPLINE_SURFACE_WITH_KNOTS('',1,3,((#3036,#3037,#3038,#3039),(#3040,
#3041,#3042,#3043)),.UNSPECIFIED.,.F.,.F.,.F.,(2,2),(4,4),(0.,1.500000000002),
(0.,0.519421015873289),.UNSPECIFIED.);
#1671=B_SPLINE_SURFACE_WITH_KNOTS('',3,3,((#3057,#3058,#3059,#3060),(#3061,
#3062,#3063,#3064),(#3065,#3066,#3067,#3068),(#3069,#3070,#3071,#3072)),
 .UNSPECIFIED.,.F.,.F.,.F.,(4,4),(4,4),(0.,2.614049143388),(0.,2.29779820281675),
 .UNSPECIFIED.);
#1672=B_SPLINE_SURFACE_WITH_KNOTS('',3,3,((#3073,#3074,#3075,#3076,#3077,
#3078,#3079,#3080),(#3081,#3082,#3083,#3084,#3085,#3086,#3087,#3088),(#3089,
#3090,#3091,#3092,#3093,#3094,#3095,#3096),(#3097,#3098,#3099,#3100,#3101,
#3102,#3103,#3104),(#3105,#3106,#3107,#3108,#3109,#3110,#3111,#3112),(#3113,
#3114,#3115,#3116,#3117,#3118,#3119,#3120)),.UNSPECIFIED.,.F.,.F.,.F.,(4,
1,1,4),(4,1,1,1,1,4),(0.,0.301699579822265,0.603399159644531,0.905098739466796),
(0.,0.162063547407216,0.324127094814432,0.486190642221648,0.648254189628865,
0.810317737036081),.UNSPECIFIED.);
#1673=B_SPLINE_SURFACE_WITH_KNOTS('',3,3,((#3121,#3122,#3123,#3124),(#3125,
#3126,#3127,#3128),(#3129,#3130,#3131,#3132),(#3133,#3134,#3135,#3136)),
 .UNSPECIFIED.,.F.,.F.,.F.,(4,4),(4,4),(0.,1.50003682092331),(-1.,0.),
 .UNSPECIFIED.);
#1674=B_SPLINE_SURFACE_WITH_KNOTS('',1,3,((#3137,#3138,#3139,#3140,#3141),
(#3142,#3143,#3144,#3145,#3146)),.UNSPECIFIED.,.F.,.F.,.F.,(2,2),(4,1,4),
(-1.500180861681,0.),(0.,7.77214254791449,15.5442855966336),
 .UNSPECIFIED.);
#1675=B_SPLINE_SURFACE_WITH_KNOTS('',3,3,((#3147,#3148,#3149,#3150,#3151,
#3152),(#3153,#3154,#3155,#3156,#3157,#3158),(#3159,#3160,#3161,#3162,#3163,
#3164),(#3165,#3166,#3167,#3168,#3169,#3170)),.UNSPECIFIED.,.F.,.F.,.F.,
(4,4),(4,2,4),(0.,2.614049143388),(0.,7.28711114076557,14.5742222815311),
 .UNSPECIFIED.);
#1676=B_SPLINE_SURFACE_WITH_KNOTS('',3,1,((#3171,#3172),(#3173,#3174),(#3175,
#3176),(#3177,#3178),(#3179,#3180),(#3181,#3182)),.UNSPECIFIED.,.F.,.F.,
 .F.,(4,2,4),(2,2),(0.,0.785614695665288,1.57122939133058),(-1.500000000002,
0.),.UNSPECIFIED.);
#1677=B_SPLINE_SURFACE_WITH_KNOTS('',3,1,((#3204,#3205),(#3206,#3207),(#3208,
#3209),(#3210,#3211),(#3212,#3213),(#3214,#3215)),.UNSPECIFIED.,.F.,.F.,
 .F.,(4,2,4),(2,2),(0.,9.92766409103556,19.8553281820711),(0.,16.2959832339412),
 .UNSPECIFIED.);
#1678=B_SPLINE_SURFACE_WITH_KNOTS('',3,3,((#3240,#3241,#3242,#3243),(#3244,
#3245,#3246,#3247),(#3248,#3249,#3250,#3251),(#3252,#3253,#3254,#3255),
(#3256,#3257,#3258,#3259),(#3260,#3261,#3262,#3263)),.UNSPECIFIED.,.F.,
 .F.,.F.,(4,2,4),(4,4),(0.,9.81207617559174,19.6241523511835),(0.,16.3159647137345),
 .UNSPECIFIED.);
#1679=B_SPLINE_SURFACE_WITH_KNOTS('',3,3,((#3264,#3265,#3266,#3267),(#3268,
#3269,#3270,#3271),(#3272,#3273,#3274,#3275),(#3276,#3277,#3278,#3279),
(#3280,#3281,#3282,#3283)),.UNSPECIFIED.,.F.,.F.,.F.,(4,1,4),(4,4),(0.,
4.28571426198997,8.5714274857144),(0.,39.3148776793266),.UNSPECIFIED.);
#1680=B_SPLINE_SURFACE_WITH_KNOTS('',3,3,((#3284,#3285,#3286,#3287,#3288,
#3289),(#3290,#3291,#3292,#3293,#3294,#3295),(#3296,#3297,#3298,#3299,#3300,
#3301),(#3302,#3303,#3304,#3305,#3306,#3307)),.UNSPECIFIED.,.F.,.F.,.F.,
(4,4),(4,2,4),(0.,16.3273948517235),(0.,9.81860699308596,19.6372139861719),
 .UNSPECIFIED.);
#1681=B_SPLINE_SURFACE_WITH_KNOTS('',3,3,((#3308,#3309,#3310,#3311,#3312,
#3313),(#3314,#3315,#3316,#3317,#3318,#3319),(#3320,#3321,#3322,#3323,#3324,
#3325),(#3326,#3327,#3328,#3329,#3330,#3331)),.UNSPECIFIED.,.F.,.F.,.F.,
(4,4),(4,1,1,4),(0.,16.3063601849766),(-15.5251385326693,-11.8429972959054,
-7.91181322833585,0.),.UNSPECIFIED.);
#1682=B_SPLINE_SURFACE_WITH_KNOTS('',3,3,((#3332,#3333,#3334,#3335,#3336,
#3337),(#3338,#3339,#3340,#3341,#3342,#3343),(#3344,#3345,#3346,#3347,#3348,
#3349),(#3350,#3351,#3352,#3353,#3354,#3355)),.UNSPECIFIED.,.F.,.F.,.F.,
(4,4),(4,2,4),(0.,16.2853255182297),(0.,9.92114906657063,19.8422981331413),
 .UNSPECIFIED.);
#1683=B_SPLINE_SURFACE_WITH_KNOTS('',3,3,((#3356,#3357,#3358,#3359,#3360),
(#3361,#3362,#3363,#3364,#3365),(#3366,#3367,#3368,#3369,#3370),(#3371,
#3372,#3373,#3374,#3375),(#3376,#3377,#3378,#3379,#3380),(#3381,#3382,#3383,
#3384,#3385)),.UNSPECIFIED.,.F.,.F.,.F.,(4,1,1,4),(4,1,4),(0.,7.91181322833585,
11.8429972959054,15.5251385326693),(0.,0.785381891166666,1.57076378233331),
 .UNSPECIFIED.);
#1684=B_SPLINE_SURFACE_WITH_KNOTS('',3,3,((#3386,#3387,#3388,#3389,#3390),
(#3391,#3392,#3393,#3394,#3395),(#3396,#3397,#3398,#3399,#3400),(#3401,
#3402,#3403,#3404,#3405),(#3406,#3407,#3408,#3409,#3410),(#3411,#3412,#3413,
#3414,#3415),(#3416,#3417,#3418,#3419,#3420)),.UNSPECIFIED.,.F.,.F.,.F.,
(4,1,1,1,4),(4,1,4),(0.,5.73070464598218,11.6597035906561,17.5887025817465,
23.2104740992564),(0.,0.785381891166666,1.57076378233331),.UNSPECIFIED.);
#1685=B_SPLINE_SURFACE_WITH_KNOTS('',3,3,((#3421,#3422,#3423,#3424,#3425,
#3426,#3427),(#3428,#3429,#3430,#3431,#3432,#3433,#3434),(#3435,#3436,#3437,
#3438,#3439,#3440,#3441),(#3442,#3443,#3444,#3445,#3446,#3447,#3448),(#3449,
#3450,#3451,#3452,#3453,#3454,#3455)),.UNSPECIFIED.,.F.,.F.,.F.,(4,1,4),
(4,1,1,1,4),(-1.57079384640449,-0.78539692320225,0.),(0.,5.47292205523593,
11.144138547895,16.8153550384115,22.7356141741423),.UNSPECIFIED.);
#1686=B_SPLINE_SURFACE_WITH_KNOTS('',3,3,((#3486,#3487,#3488,#3489,#3490),
(#3491,#3492,#3493,#3494,#3495),(#3496,#3497,#3498,#3499,#3500),(#3501,
#3502,#3503,#3504,#3505)),.UNSPECIFIED.,.F.,.F.,.F.,(4,4),(4,1,4),(0.,1.5000002133232),
(0.,0.78539692320225,1.57079384640449),.UNSPECIFIED.);
#1687=B_SPLINE_SURFACE_WITH_KNOTS('',3,3,((#3506,#3507,#3508,#3509),(#3510,
#3511,#3512,#3513),(#3514,#3515,#3516,#3517),(#3518,#3519,#3520,#3521)),
 .UNSPECIFIED.,.F.,.F.,.F.,(4,4),(4,4),(0.,1.5000002133232),(0.,0.749999999999037),
 .UNSPECIFIED.);
#1688=B_SPLINE_SURFACE_WITH_KNOTS('',3,3,((#3522,#3523,#3524,#3525,#3526),
(#3527,#3528,#3529,#3530,#3531),(#3532,#3533,#3534,#3535,#3536),(#3537,
#3538,#3539,#3540,#3541)),.UNSPECIFIED.,.F.,.F.,.F.,(4,4),(4,1,4),(0.,1.5000002133232),
(0.,4.28571372648396,8.57142745296811),.UNSPECIFIED.);
#1689=B_SPLINE_SURFACE_WITH_KNOTS('',3,3,((#3542,#3543,#3544,#3545),(#3546,
#3547,#3548,#3549),(#3550,#3551,#3552,#3553),(#3554,#3555,#3556,#3557)),
 .UNSPECIFIED.,.F.,.F.,.F.,(4,4),(4,4),(0.,0.0693968968900118),(0.,1.49998938993146),
 .UNSPECIFIED.);
#1690=B_SPLINE_SURFACE_WITH_KNOTS('',3,3,((#3558,#3559,#3560,#3561),(#3562,
#3563,#3564,#3565),(#3566,#3567,#3568,#3569),(#3570,#3571,#3572,#3573)),
 .UNSPECIFIED.,.F.,.F.,.F.,(4,4),(4,4),(0.,1.),(0.,1.50008666124383),
 .UNSPECIFIED.);
#1691=B_SPLINE_SURFACE_WITH_KNOTS('',3,1,((#3574,#3575),(#3576,#3577),(#3578,
#3579),(#3580,#3581)),.UNSPECIFIED.,.F.,.F.,.F.,(4,4),(2,2),(0.,4.00000000369428),
(-1.500000000002,0.),.UNSPECIFIED.);
#1692=B_SPLINE_SURFACE_WITH_KNOTS('',3,1,((#3582,#3583),(#3584,#3585),(#3586,
#3587),(#3588,#3589)),.UNSPECIFIED.,.F.,.F.,.F.,(4,4),(2,2),(0.,0.324397970767065),
(-1.500000000002,0.),.UNSPECIFIED.);
#1693=B_SPLINE_SURFACE_WITH_KNOTS('',3,1,((#3590,#3591),(#3592,#3593),(#3594,
#3595),(#3596,#3597),(#3598,#3599)),.UNSPECIFIED.,.F.,.F.,.F.,(4,1,4),(2,
2),(0.,0.380383511853084,0.760514927448424),(-1.500000000002,0.),
 .UNSPECIFIED.);
#1694=B_SPLINE_SURFACE_WITH_KNOTS('',3,3,((#3600,#3601,#3602,#3603,#3604,
#3605,#3606,#3607,#3608,#3609,#3610,#3611,#3612,#3613),(#3614,#3615,#3616,
#3617,#3618,#3619,#3620,#3621,#3622,#3623,#3624,#3625,#3626,#3627),(#3628,
#3629,#3630,#3631,#3632,#3633,#3634,#3635,#3636,#3637,#3638,#3639,#3640,
#3641),(#3642,#3643,#3644,#3645,#3646,#3647,#3648,#3649,#3650,#3651,#3652,
#3653,#3654,#3655)),.UNSPECIFIED.,.F.,.F.,.F.,(4,4),(4,1,1,1,1,1,1,1,1,
1,1,4),(0.,8.32000000006351),(0.,2.05199701947833,4.10399403895644,6.15599105843392,
8.20798807791352,10.259985097391,12.3119821168685,14.3639791363481,16.4159761558256,
18.467973175303,20.5199701947826,22.5719672142601),.UNSPECIFIED.);
#1695=B_SPLINE_SURFACE_WITH_KNOTS('',3,1,((#3656,#3657),(#3658,#3659),(#3660,
#3661),(#3662,#3663)),.UNSPECIFIED.,.F.,.F.,.F.,(4,4),(2,2),(0.,4.00000000449345),
(-1.500000000002,0.),.UNSPECIFIED.);
#1696=B_SPLINE_SURFACE_WITH_KNOTS('',1,3,((#3664,#3665,#3666,#3667),(#3668,
#3669,#3670,#3671)),.UNSPECIFIED.,.F.,.F.,.F.,(2,2),(4,4),(0.,1.500000000002),
(0.,0.519421015873308),.UNSPECIFIED.);
#1697=B_SPLINE_SURFACE_WITH_KNOTS('',3,3,((#3672,#3673,#3674,#3675),(#3676,
#3677,#3678,#3679),(#3680,#3681,#3682,#3683),(#3684,#3685,#3686,#3687),
(#3688,#3689,#3690,#3691),(#3692,#3693,#3694,#3695),(#3696,#3697,#3698,
#3699),(#3700,#3701,#3702,#3703),(#3704,#3705,#3706,#3707),(#3708,#3709,
#3710,#3711),(#3712,#3713,#3714,#3715),(#3716,#3717,#3718,#3719),(#3720,
#3721,#3722,#3723),(#3724,#3725,#3726,#3727),(#3728,#3729,#3730,#3731),
(#3732,#3733,#3734,#3735),(#3736,#3737,#3738,#3739),(#3740,#3741,#3742,
#3743),(#3744,#3745,#3746,#3747),(#3748,#3749,#3750,#3751),(#3752,#3753,
#3754,#3755),(#3756,#3757,#3758,#3759),(#3760,#3761,#3762,#3763),(#3764,
#3765,#3766,#3767),(#3768,#3769,#3770,#3771),(#3772,#3773,#3774,#3775),
(#3776,#3777,#3778,#3779)),.UNSPECIFIED.,.F.,.F.,.F.,(4,1,1,1,1,1,1,1,1,
1,1,1,1,1,1,1,1,1,1,1,1,1,1,1,4),(4,4),(-0.0628318530718,0.07330382858376,
0.2094395102393,0.3455751918949,0.4817108735504,0.617846555206,0.7539822368616,
0.8901179185171,1.026253600173,1.162389281828,1.298524963484,1.434660645139,
1.570796326795,1.70693200845,1.843067690106,1.979203371762,2.115339053417,
2.251474735073,2.387610416728,2.523746098384,2.659881780039,2.796017461695,
2.93215314335,3.068288825006,3.204424506662),(-8.622749793446,-3.379995199808),
 .UNSPECIFIED.);
#1698=B_SPLINE_SURFACE_WITH_KNOTS('',3,3,((#3780,#3781,#3782,#3783),(#3784,
#3785,#3786,#3787),(#3788,#3789,#3790,#3791),(#3792,#3793,#3794,#3795),
(#3796,#3797,#3798,#3799),(#3800,#3801,#3802,#3803),(#3804,#3805,#3806,
#3807),(#3808,#3809,#3810,#3811),(#3812,#3813,#3814,#3815),(#3816,#3817,
#3818,#3819),(#3820,#3821,#3822,#3823),(#3824,#3825,#3826,#3827),(#3828,
#3829,#3830,#3831),(#3832,#3833,#3834,#3835),(#3836,#3837,#3838,#3839),
(#3840,#3841,#3842,#3843),(#3844,#3845,#3846,#3847),(#3848,#3849,#3850,
#3851),(#3852,#3853,#3854,#3855),(#3856,#3857,#3858,#3859),(#3860,#3861,
#3862,#3863),(#3864,#3865,#3866,#3867),(#3868,#3869,#3870,#3871),(#3872,
#3873,#3874,#3875),(#3876,#3877,#3878,#3879),(#3880,#3881,#3882,#3883),
(#3884,#3885,#3886,#3887)),.UNSPECIFIED.,.F.,.F.,.F.,(4,1,1,1,1,1,1,1,1,
1,1,1,1,1,1,1,1,1,1,1,1,1,1,1,4),(4,4),(-0.0628318530718,0.07330382858376,
0.2094395102393,0.3455751918949,0.4817108735504,0.617846555206,0.7539822368616,
0.8901179185171,1.026253600173,1.162389281828,1.298524963484,1.434660645139,
1.570796326795,1.70693200845,1.843067690106,1.979203371762,2.115339053417,
2.251474735073,2.387610416728,2.523746098384,2.659881780039,2.796017461695,
2.93215314335,3.068288825006,3.204424506662),(3.915143792009,4.582111214736),
 .UNSPECIFIED.);
#1699=B_SPLINE_SURFACE_WITH_KNOTS('',3,3,((#3888,#3889,#3890,#3891),(#3892,
#3893,#3894,#3895),(#3896,#3897,#3898,#3899),(#3900,#3901,#3902,#3903),
(#3904,#3905,#3906,#3907),(#3908,#3909,#3910,#3911),(#3912,#3913,#3914,
#3915),(#3916,#3917,#3918,#3919),(#3920,#3921,#3922,#3923),(#3924,#3925,
#3926,#3927),(#3928,#3929,#3930,#3931),(#3932,#3933,#3934,#3935),(#3936,
#3937,#3938,#3939),(#3940,#3941,#3942,#3943),(#3944,#3945,#3946,#3947),
(#3948,#3949,#3950,#3951),(#3952,#3953,#3954,#3955),(#3956,#3957,#3958,
#3959),(#3960,#3961,#3962,#3963),(#3964,#3965,#3966,#3967),(#3968,#3969,
#3970,#3971),(#3972,#3973,#3974,#3975),(#3976,#3977,#3978,#3979),(#3980,
#3981,#3982,#3983),(#3984,#3985,#3986,#3987),(#3988,#3989,#3990,#3991),
(#3992,#3993,#3994,#3995)),.UNSPECIFIED.,.F.,.F.,.F.,(4,1,1,1,1,1,1,1,1,
1,1,1,1,1,1,1,1,1,1,1,1,1,1,1,4),(4,4),(3.078760800518,3.214896482174,3.351032163829,
3.487167845485,3.62330352714,3.759439208796,3.895574890451,4.031710572107,
4.167846253762,4.303981935418,4.440117617074,4.576253298729,4.712388980385,
4.84852466204,4.984660343696,5.120796025351,5.256931707007,5.393067388662,
5.529203070318,5.665338751974,5.801474433629,5.937610115285,6.07374579694,
6.209881478596,6.346017160251),(-8.622749793446,-3.379995199808),
 .UNSPECIFIED.);
#1700=B_SPLINE_SURFACE_WITH_KNOTS('',3,3,((#3996,#3997,#3998,#3999),(#4000,
#4001,#4002,#4003),(#4004,#4005,#4006,#4007),(#4008,#4009,#4010,#4011),
(#4012,#4013,#4014,#4015),(#4016,#4017,#4018,#4019),(#4020,#4021,#4022,
#4023),(#4024,#4025,#4026,#4027),(#4028,#4029,#4030,#4031),(#4032,#4033,
#4034,#4035),(#4036,#4037,#4038,#4039),(#4040,#4041,#4042,#4043),(#4044,
#4045,#4046,#4047),(#4048,#4049,#4050,#4051),(#4052,#4053,#4054,#4055),
(#4056,#4057,#4058,#4059),(#4060,#4061,#4062,#4063),(#4064,#4065,#4066,
#4067),(#4068,#4069,#4070,#4071),(#4072,#4073,#4074,#4075),(#4076,#4077,
#4078,#4079),(#4080,#4081,#4082,#4083),(#4084,#4085,#4086,#4087),(#4088,
#4089,#4090,#4091),(#4092,#4093,#4094,#4095),(#4096,#4097,#4098,#4099),
(#4100,#4101,#4102,#4103)),.UNSPECIFIED.,.F.,.F.,.F.,(4,1,1,1,1,1,1,1,1,
1,1,1,1,1,1,1,1,1,1,1,1,1,1,1,4),(4,4),(3.078760800518,3.214896482174,3.351032163829,
3.487167845485,3.62330352714,3.759439208796,3.895574890451,4.031710572107,
4.167846253762,4.303981935418,4.440117617074,4.576253298729,4.712388980385,
4.84852466204,4.984660343696,5.120796025351,5.256931707007,5.393067388662,
5.529203070318,5.665338751974,5.801474433629,5.937610115285,6.07374579694,
6.209881478596,6.346017160251),(3.915143792009,4.582111214736),
 .UNSPECIFIED.);
#1701=B_SPLINE_SURFACE_WITH_KNOTS('',3,3,((#4104,#4105,#4106,#4107),(#4108,
#4109,#4110,#4111),(#4112,#4113,#4114,#4115),(#4116,#4117,#4118,#4119),
(#4120,#4121,#4122,#4123),(#4124,#4125,#4126,#4127),(#4128,#4129,#4130,
#4131),(#4132,#4133,#4134,#4135),(#4136,#4137,#4138,#4139),(#4140,#4141,
#4142,#4143),(#4144,#4145,#4146,#4147),(#4148,#4149,#4150,#4151),(#4152,
#4153,#4154,#4155),(#4156,#4157,#4158,#4159),(#4160,#4161,#4162,#4163),
(#4164,#4165,#4166,#4167),(#4168,#4169,#4170,#4171),(#4172,#4173,#4174,
#4175),(#4176,#4177,#4178,#4179),(#4180,#4181,#4182,#4183),(#4184,#4185,
#4186,#4187),(#4188,#4189,#4190,#4191),(#4192,#4193,#4194,#4195),(#4196,
#4197,#4198,#4199),(#4200,#4201,#4202,#4203),(#4204,#4205,#4206,#4207)),
 .UNSPECIFIED.,.F.,.F.,.F.,(4,1,1,1,1,1,1,1,1,1,1,1,1,1,1,1,1,1,1,1,1,1,
1,4),(4,4),(-0.0628318530718,0.07922277126444,0.2212773956007,0.3633320199369,
0.5053866442731,0.6474412686094,0.7894958929456,0.9315505172818,1.073605141618,
1.215659765954,1.357714390291,1.499769014627,1.641823638963,1.783878263299,
1.925932887635,2.067987511972,2.210042136308,2.352096760644,2.49415138498,
2.636206009317,2.778260633653,2.920315257989,3.062369882325,3.204424506662),
(-15.63,-8.87),.UNSPECIFIED.);
#1702=B_SPLINE_SURFACE_WITH_KNOTS('',3,3,((#4208,#4209,#4210,#4211),(#4212,
#4213,#4214,#4215),(#4216,#4217,#4218,#4219),(#4220,#4221,#4222,#4223),
(#4224,#4225,#4226,#4227),(#4228,#4229,#4230,#4231),(#4232,#4233,#4234,
#4235),(#4236,#4237,#4238,#4239),(#4240,#4241,#4242,#4243),(#4244,#4245,
#4246,#4247),(#4248,#4249,#4250,#4251),(#4252,#4253,#4254,#4255),(#4256,
#4257,#4258,#4259),(#4260,#4261,#4262,#4263),(#4264,#4265,#4266,#4267),
(#4268,#4269,#4270,#4271),(#4272,#4273,#4274,#4275),(#4276,#4277,#4278,
#4279),(#4280,#4281,#4282,#4283),(#4284,#4285,#4286,#4287),(#4288,#4289,
#4290,#4291),(#4292,#4293,#4294,#4295),(#4296,#4297,#4298,#4299),(#4300,
#4301,#4302,#4303),(#4304,#4305,#4306,#4307),(#4308,#4309,#4310,#4311)),
 .UNSPECIFIED.,.F.,.F.,.F.,(4,1,1,1,1,1,1,1,1,1,1,1,1,1,1,1,1,1,1,1,1,1,
1,4),(4,4),(3.078760800518,3.220815424854,3.36287004919,3.504924673527,
3.646979297863,3.789033922199,3.931088546535,4.073143170872,4.215197795208,
4.357252419544,4.49930704388,4.641361668217,4.783416292553,4.925470916889,
5.067525541225,5.209580165562,5.351634789898,5.493689414234,5.63574403857,
5.777798662906,5.919853287243,6.061907911579,6.203962535915,6.346017160251),
(-15.63,-8.87),.UNSPECIFIED.);
#1703=B_SPLINE_SURFACE_WITH_KNOTS('',1,3,((#4312,#4313,#4314,#4315,#4316,
#4317,#4318,#4319,#4320,#4321),(#4322,#4323,#4324,#4325,#4326,#4327,#4328,
#4329,#4330,#4331)),.UNSPECIFIED.,.F.,.F.,.F.,(2,2),(4,2,2,2,4),(0.,0.4972552491881),
(0.,3.33686248781678,6.67372497563356,10.0105874634503,13.3474499512671),
 .UNSPECIFIED.);
#1704=B_SPLINE_SURFACE_WITH_KNOTS('',1,3,((#4332,#4333,#4334,#4335,#4336,
#4337,#4338,#4339,#4340,#4341),(#4342,#4343,#4344,#4345,#4346,#4347,#4348,
#4349,#4350,#4351)),.UNSPECIFIED.,.F.,.F.,.F.,(2,2),(4,2,2,2,4),(0.,0.4972552491881),
(0.,3.33686248780707,6.67372497561413,10.0105874634212,13.3474499512283),
 .UNSPECIFIED.);
#1705=B_SPLINE_SURFACE_WITH_KNOTS('',3,3,((#4352,#4353,#4354,#4355),(#4356,
#4357,#4358,#4359),(#4360,#4361,#4362,#4363),(#4364,#4365,#4366,#4367),
(#4368,#4369,#4370,#4371),(#4372,#4373,#4374,#4375),(#4376,#4377,#4378,
#4379),(#4380,#4381,#4382,#4383),(#4384,#4385,#4386,#4387),(#4388,#4389,
#4390,#4391),(#4392,#4393,#4394,#4395),(#4396,#4397,#4398,#4399),(#4400,
#4401,#4402,#4403),(#4404,#4405,#4406,#4407),(#4408,#4409,#4410,#4411),
(#4412,#4413,#4414,#4415),(#4416,#4417,#4418,#4419),(#4420,#4421,#4422,
#4423),(#4424,#4425,#4426,#4427),(#4428,#4429,#4430,#4431),(#4432,#4433,
#4434,#4435),(#4436,#4437,#4438,#4439),(#4440,#4441,#4442,#4443),(#4444,
#4445,#4446,#4447),(#4448,#4449,#4450,#4451),(#4452,#4453,#4454,#4455),
(#4456,#4457,#4458,#4459)),.UNSPECIFIED.,.F.,.F.,.F.,(4,1,1,1,1,1,1,1,1,
1,1,1,1,1,1,1,1,1,1,1,1,1,1,1,4),(4,4),(3.078760800518,3.214896482174,3.351032163829,
3.487167845485,3.62330352714,3.759439208796,3.895574890451,4.031710572107,
4.167846253762,4.303981935418,4.440117617074,4.576253298729,4.712388980385,
4.84852466204,4.984660343696,5.120796025351,5.256931707007,5.393067388662,
5.529203070318,5.665338751974,5.801474433629,5.937610115285,6.07374579694,
6.209881478596,6.346017160251),(24.97314924262,30.21052254476),
 .UNSPECIFIED.);
#1706=B_SPLINE_SURFACE_WITH_KNOTS('',3,3,((#4460,#4461,#4462,#4463),(#4464,
#4465,#4466,#4467),(#4468,#4469,#4470,#4471),(#4472,#4473,#4474,#4475),
(#4476,#4477,#4478,#4479),(#4480,#4481,#4482,#4483),(#4484,#4485,#4486,
#4487),(#4488,#4489,#4490,#4491),(#4492,#4493,#4494,#4495),(#4496,#4497,
#4498,#4499),(#4500,#4501,#4502,#4503),(#4504,#4505,#4506,#4507),(#4508,
#4509,#4510,#4511),(#4512,#4513,#4514,#4515),(#4516,#4517,#4518,#4519),
(#4520,#4521,#4522,#4523),(#4524,#4525,#4526,#4527),(#4528,#4529,#4530,
#4531),(#4532,#4533,#4534,#4535),(#4536,#4537,#4538,#4539),(#4540,#4541,
#4542,#4543),(#4544,#4545,#4546,#4547),(#4548,#4549,#4550,#4551),(#4552,
#4553,#4554,#4555),(#4556,#4557,#4558,#4559),(#4560,#4561,#4562,#4563),
(#4564,#4565,#4566,#4567)),.UNSPECIFIED.,.F.,.F.,.F.,(4,1,1,1,1,1,1,1,1,
1,1,1,1,1,1,1,1,1,1,1,1,1,1,1,4),(4,4),(-0.0628318530718,0.07330382858376,
0.2094395102393,0.3455751918949,0.4817108735504,0.617846555206,0.7539822368616,
0.8901179185171,1.026253600173,1.162389281828,1.298524963484,1.434660645139,
1.570796326795,1.70693200845,1.843067690106,1.979203371762,2.115339053417,
2.251474735073,2.387610416728,2.523746098384,2.659881780039,2.796017461695,
2.93215314335,3.068288825006,3.204424506662),(24.97314924262,30.21052254476),
 .UNSPECIFIED.);
#1707=B_SPLINE_SURFACE_WITH_KNOTS('',3,3,((#4708,#4709,#4710,#4711),(#4712,
#4713,#4714,#4715),(#4716,#4717,#4718,#4719),(#4720,#4721,#4722,#4723),
(#4724,#4725,#4726,#4727),(#4728,#4729,#4730,#4731),(#4732,#4733,#4734,
#4735),(#4736,#4737,#4738,#4739),(#4740,#4741,#4742,#4743),(#4744,#4745,
#4746,#4747),(#4748,#4749,#4750,#4751),(#4752,#4753,#4754,#4755),(#4756,
#4757,#4758,#4759),(#4760,#4761,#4762,#4763),(#4764,#4765,#4766,#4767),
(#4768,#4769,#4770,#4771),(#4772,#4773,#4774,#4775),(#4776,#4777,#4778,
#4779),(#4780,#4781,#4782,#4783),(#4784,#4785,#4786,#4787),(#4788,#4789,
#4790,#4791),(#4792,#4793,#4794,#4795),(#4796,#4797,#4798,#4799),(#4800,
#4801,#4802,#4803),(#4804,#4805,#4806,#4807),(#4808,#4809,#4810,#4811),
(#4812,#4813,#4814,#4815),(#4816,#4817,#4818,#4819),(#4820,#4821,#4822,
#4823),(#4824,#4825,#4826,#4827),(#4828,#4829,#4830,#4831),(#4832,#4833,
#4834,#4835),(#4836,#4837,#4838,#4839),(#4840,#4841,#4842,#4843),(#4844,
#4845,#4846,#4847),(#4848,#4849,#4850,#4851),(#4852,#4853,#4854,#4855),
(#4856,#4857,#4858,#4859),(#4860,#4861,#4862,#4863),(#4864,#4865,#4866,
#4867),(#4868,#4869,#4870,#4871),(#4872,#4873,#4874,#4875),(#4876,#4877,
#4878,#4879),(#4880,#4881,#4882,#4883),(#4884,#4885,#4886,#4887)),
 .UNSPECIFIED.,.F.,.F.,.F.,(4,1,1,1,1,1,1,1,1,1,1,1,1,1,1,1,1,1,1,1,1,1,
1,1,1,1,1,1,1,1,1,1,1,1,1,1,1,1,1,1,1,1,4),(4,4),(2.45226658841314,3.03614025053515,
6.07228050107031,9.10842075160663,12.1445610021422,15.1807012526777,18.2168415032094,
21.2529817537449,24.2891220042805,27.325262254816,30.3614025053515,33.3975427558871,
36.4336830064226,39.4698232569582,42.5059635075054,45.5421037580449,48.5782440085453,
51.6143842590847,54.6505245096242,57.6866647601636,60.7228050107031,63.7589452612425,
66.795085511782,69.8312257623214,72.8673660128609,75.9035062633613,78.9396465139007,
81.9757867644402,85.0119270149796,88.0480672655191,91.0842075160585,94.120347766598,
97.1564880171374,100.192628267677,103.228768518177,106.264908768717,109.301049019256,
112.337189269796,115.373329520335,118.409469770875,121.445610021414,124.481750271953,
125.065623522821),(0.591235482604526,30.1530096151139),.UNSPECIFIED.);
#1708=B_SPLINE_SURFACE_WITH_KNOTS('',3,3,((#4888,#4889,#4890,#4891),(#4892,
#4893,#4894,#4895),(#4896,#4897,#4898,#4899),(#4900,#4901,#4902,#4903),
(#4904,#4905,#4906,#4907),(#4908,#4909,#4910,#4911),(#4912,#4913,#4914,
#4915),(#4916,#4917,#4918,#4919),(#4920,#4921,#4922,#4923),(#4924,#4925,
#4926,#4927),(#4928,#4929,#4930,#4931),(#4932,#4933,#4934,#4935),(#4936,
#4937,#4938,#4939),(#4940,#4941,#4942,#4943),(#4944,#4945,#4946,#4947),
(#4948,#4949,#4950,#4951),(#4952,#4953,#4954,#4955),(#4956,#4957,#4958,
#4959),(#4960,#4961,#4962,#4963),(#4964,#4965,#4966,#4967),(#4968,#4969,
#4970,#4971),(#4972,#4973,#4974,#4975),(#4976,#4977,#4978,#4979),(#4980,
#4981,#4982,#4983),(#4984,#4985,#4986,#4987),(#4988,#4989,#4990,#4991),
(#4992,#4993,#4994,#4995),(#4996,#4997,#4998,#4999),(#5000,#5001,#5002,
#5003),(#5004,#5005,#5006,#5007),(#5008,#5009,#5010,#5011),(#5012,#5013,
#5014,#5015),(#5016,#5017,#5018,#5019),(#5020,#5021,#5022,#5023),(#5024,
#5025,#5026,#5027),(#5028,#5029,#5030,#5031),(#5032,#5033,#5034,#5035),
(#5036,#5037,#5038,#5039),(#5040,#5041,#5042,#5043),(#5044,#5045,#5046,
#5047),(#5048,#5049,#5050,#5051),(#5052,#5053,#5054,#5055),(#5056,#5057,
#5058,#5059),(#5060,#5061,#5062,#5063),(#5064,#5065,#5066,#5067)),
 .UNSPECIFIED.,.F.,.F.,.F.,(4,1,1,1,1,1,1,1,1,1,1,1,1,1,1,1,1,1,1,1,1,1,
1,1,1,1,1,1,1,1,1,1,1,1,1,1,1,1,1,1,1,1,4),(4,4),(2.45226699962321,3.03614025054046,
6.07228050108092,9.10842075162138,12.1445610021618,15.1807012526633,18.2168415032037,
21.2529817537442,24.2891220042847,27.3252622548251,30.3614025053656,33.397542755906,
36.4336830064465,39.469823256987,42.5059635074884,45.5421037580289,48.5782440085693,
51.6143842591098,54.6505245096502,57.6866647601907,60.7228050107311,63.7589452612716,
66.7950855118121,69.8312257623135,72.867366012854,75.9035062633944,78.9396465139349,
81.9757867644753,85.0119270150158,88.0480672655562,91.0842075160967,94.1203477666372,
97.1564880171386,100.192628267679,103.22876851822,106.26490876876,109.3010490193,
112.337189269841,115.373329520381,118.409469770922,121.445610021462,124.481750271964,
125.065623522857),(0.591235482644365,30.1530096150817),.UNSPECIFIED.);
#1709=B_SPLINE_SURFACE_WITH_KNOTS('',3,1,((#5068,#5069),(#5070,#5071),(#5072,
#5073),(#5074,#5075),(#5076,#5077),(#5078,#5079),(#5080,#5081),(#5082,#5083),
(#5084,#5085),(#5086,#5087),(#5088,#5089),(#5090,#5091),(#5092,#5093),(#5094,
#5095),(#5096,#5097),(#5098,#5099),(#5100,#5101),(#5102,#5103),(#5104,#5105),
(#5106,#5107),(#5108,#5109),(#5110,#5111),(#5112,#5113),(#5114,#5115),(#5116,
#5117),(#5118,#5119),(#5120,#5121),(#5122,#5123),(#5124,#5125),(#5126,#5127),
(#5128,#5129),(#5130,#5131),(#5132,#5133),(#5134,#5135),(#5136,#5137),(#5138,
#5139),(#5140,#5141),(#5142,#5143),(#5144,#5145),(#5146,#5147),(#5148,#5149),
(#5150,#5151),(#5152,#5153),(#5154,#5155),(#5156,#5157)),.UNSPECIFIED.,
 .F.,.F.,.F.,(4,1,1,1,1,1,1,1,1,1,1,1,1,1,1,1,1,1,1,1,1,1,1,1,1,1,1,1,1,
1,1,1,1,1,1,1,1,1,1,1,1,1,4),(2,2),(0.,0.583438760156959,3.61731965939902,
6.65120055864225,9.6850814578847,12.7189623571271,15.7528432563657,18.7867241556081,
21.8206050548506,24.854485954093,27.8883668533355,30.9222477525779,33.9561286518204,
36.9900095510628,40.023890450317,43.0577713495633,46.0916522487707,49.125533148017,
52.1594140472634,55.1932949465097,58.2271758457561,61.2610567450024,64.2949376442488,
67.3288185434951,70.3626994427414,73.3965803419488,76.4304612411952,79.4643421404415,
82.4982230396878,85.5321039389342,88.5659848381805,91.5998657374269,94.6337466366732,
97.6676275359196,100.701508435127,103.735389334373,106.76927023362,109.803151132866,
112.837032032112,115.870912931359,118.904793830605,121.938674729851,122.522112190522),
(0.,0.4000000000142),.UNSPECIFIED.);
#1710=B_SPLINE_SURFACE_WITH_KNOTS('',3,1,((#5159,#5160),(#5161,#5162),(#5163,
#5164),(#5165,#5166),(#5167,#5168),(#5169,#5170),(#5171,#5172),(#5173,#5174),
(#5175,#5176),(#5177,#5178),(#5179,#5180),(#5181,#5182),(#5183,#5184),(#5185,
#5186),(#5187,#5188),(#5189,#5190),(#5191,#5192),(#5193,#5194),(#5195,#5196),
(#5197,#5198),(#5199,#5200),(#5201,#5202),(#5203,#5204),(#5205,#5206),(#5207,
#5208),(#5209,#5210),(#5211,#5212),(#5213,#5214),(#5215,#5216),(#5217,#5218),
(#5219,#5220),(#5221,#5222),(#5223,#5224),(#5225,#5226),(#5227,#5228),(#5229,
#5230),(#5231,#5232),(#5233,#5234),(#5235,#5236),(#5237,#5238),(#5239,#5240),
(#5241,#5242),(#5243,#5244),(#5245,#5246),(#5247,#5248)),.UNSPECIFIED.,
 .F.,.F.,.F.,(4,1,1,1,1,1,1,1,1,1,1,1,1,1,1,1,1,1,1,1,1,1,1,1,1,1,1,1,1,
1,1,1,1,1,1,1,1,1,1,1,1,1,4),(2,2),(0.,0.583438760177492,3.61731965942365,
6.6512005586698,9.68508145791596,12.7189623571231,15.7528432563693,18.7867241556154,
21.8206050548616,24.8544859541077,27.8883668533539,30.9222477526,33.9561286518462,
36.9900095510923,40.0238904502995,43.0577713495457,46.0916522487918,49.125533148038,
52.1594140472841,55.1932949465302,58.2271758457764,61.2610567450225,64.2949376442687,
67.3288185434758,70.362699442722,73.3965803419682,76.4304612412143,79.4643421404604,
82.4982230397066,85.5321039389528,88.5659848381989,91.5998657374451,94.6337466366522,
97.6676275358984,100.701508435145,103.735389334391,106.769270233637,109.803151132883,
112.837032032129,115.870912931375,118.904793830621,121.938674729829,122.522112483429),
(0.,0.400000000014439),.UNSPECIFIED.);
#1711=B_SPLINE_SURFACE_WITH_KNOTS('',3,3,((#5456,#5457,#5458,#5459,#5460,
#5461,#5462,#5463,#5464,#5465,#5466,#5467,#5468,#5469,#5470,#5471,#5472,
#5473,#5474,#5475,#5476,#5477,#5478,#5479,#5480,#5481,#5482,#5483,#5484,
#5485,#5486,#5487,#5488,#5489,#5490,#5491,#5492,#5493,#5494,#5495,#5496,
#5497,#5498,#5499,#5500,#5501,#5502,#5503,#5504,#5505,#5506,#5507,#5508,
#5509,#5510,#5511,#5512,#5513,#5514,#5515,#5516,#5517,#5518,#5519,#5520,
#5521,#5522,#5523,#5524,#5525,#5526,#5527,#5528,#5529,#5530,#5531,#5532,
#5533,#5534,#5535,#5536,#5537,#5538,#5539,#5540,#5541),(#5542,#5543,#5544,
#5545,#5546,#5547,#5548,#5549,#5550,#5551,#5552,#5553,#5554,#5555,#5556,
#5557,#5558,#5559,#5560,#5561,#5562,#5563,#5564,#5565,#5566,#5567,#5568,
#5569,#5570,#5571,#5572,#5573,#5574,#5575,#5576,#5577,#5578,#5579,#5580,
#5581,#5582,#5583,#5584,#5585,#5586,#5587,#5588,#5589,#5590,#5591,#5592,
#5593,#5594,#5595,#5596,#5597,#5598,#5599,#5600,#5601,#5602,#5603,#5604,
#5605,#5606,#5607,#5608,#5609,#5610,#5611,#5612,#5613,#5614,#5615,#5616,
#5617,#5618,#5619,#5620,#5621,#5622,#5623,#5624,#5625,#5626,#5627),(#5628,
#5629,#5630,#5631,#5632,#5633,#5634,#5635,#5636,#5637,#5638,#5639,#5640,
#5641,#5642,#5643,#5644,#5645,#5646,#5647,#5648,#5649,#5650,#5651,#5652,
#5653,#5654,#5655,#5656,#5657,#5658,#5659,#5660,#5661,#5662,#5663,#5664,
#5665,#5666,#5667,#5668,#5669,#5670,#5671,#5672,#5673,#5674,#5675,#5676,
#5677,#5678,#5679,#5680,#5681,#5682,#5683,#5684,#5685,#5686,#5687,#5688,
#5689,#5690,#5691,#5692,#5693,#5694,#5695,#5696,#5697,#5698,#5699,#5700,
#5701,#5702,#5703,#5704,#5705,#5706,#5707,#5708,#5709,#5710,#5711,#5712,
#5713),(#5714,#5715,#5716,#5717,#5718,#5719,#5720,#5721,#5722,#5723,#5724,
#5725,#5726,#5727,#5728,#5729,#5730,#5731,#5732,#5733,#5734,#5735,#5736,
#5737,#5738,#5739,#5740,#5741,#5742,#5743,#5744,#5745,#5746,#5747,#5748,
#5749,#5750,#5751,#5752,#5753,#5754,#5755,#5756,#5757,#5758,#5759,#5760,
#5761,#5762,#5763,#5764,#5765,#5766,#5767,#5768,#5769,#5770,#5771,#5772,
#5773,#5774,#5775,#5776,#5777,#5778,#5779,#5780,#5781,#5782,#5783,#5784,
#5785,#5786,#5787,#5788,#5789,#5790,#5791,#5792,#5793,#5794,#5795,#5796,
#5797,#5798,#5799)),.UNSPECIFIED.,.F.,.F.,.F.,(4,4),(4,2,2,2,2,2,2,2,2,
2,2,2,2,2,2,2,2,2,2,2,2,2,2,2,2,2,2,2,2,2,2,2,2,2,2,2,2,2,2,2,2,2,4),(0.591235482604526,
30.1530096151139),(2.45226089583707,3.03614025053515,6.07228050107031,9.10842075160663,
12.1445610021422,15.1807012526777,18.2168415032094,21.2529817537449,24.2891220042805,
27.325262254816,30.3614025053515,33.3975427558871,36.4336830064226,39.4698232569582,
42.5059635075054,45.5421037580449,48.5782440085453,51.6143842590847,54.6505245096242,
57.6866647601636,60.7228050107031,63.7589452612425,66.795085511782,69.8312257623214,
72.8673660128609,75.9035062633613,78.9396465139007,81.9757867644402,85.0119270149796,
88.0480672655191,91.0842075160585,94.120347766598,97.1564880171374,100.192628267677,
103.228768518177,106.264908768717,109.301049019256,112.337189269796,115.373329520335,
118.409469770875,121.445610021414,124.481750271953,125.065629061225),
 .UNSPECIFIED.);
#1712=B_SPLINE_SURFACE_WITH_KNOTS('',3,3,((#5800,#5801,#5802,#5803,#5804,
#5805,#5806,#5807,#5808,#5809,#5810,#5811,#5812,#5813,#5814,#5815,#5816,
#5817,#5818,#5819,#5820,#5821,#5822,#5823,#5824,#5825,#5826,#5827,#5828,
#5829,#5830,#5831,#5832,#5833,#5834,#5835,#5836,#5837,#5838,#5839,#5840,
#5841,#5842,#5843,#5844,#5845,#5846,#5847,#5848,#5849,#5850,#5851,#5852,
#5853,#5854,#5855,#5856,#5857,#5858,#5859,#5860,#5861,#5862,#5863,#5864,
#5865,#5866,#5867,#5868,#5869,#5870,#5871,#5872,#5873,#5874,#5875,#5876,
#5877,#5878,#5879,#5880,#5881,#5882,#5883,#5884,#5885),(#5886,#5887,#5888,
#5889,#5890,#5891,#5892,#5893,#5894,#5895,#5896,#5897,#5898,#5899,#5900,
#5901,#5902,#5903,#5904,#5905,#5906,#5907,#5908,#5909,#5910,#5911,#5912,
#5913,#5914,#5915,#5916,#5917,#5918,#5919,#5920,#5921,#5922,#5923,#5924,
#5925,#5926,#5927,#5928,#5929,#5930,#5931,#5932,#5933,#5934,#5935,#5936,
#5937,#5938,#5939,#5940,#5941,#5942,#5943,#5944,#5945,#5946,#5947,#5948,
#5949,#5950,#5951,#5952,#5953,#5954,#5955,#5956,#5957,#5958,#5959,#5960,
#5961,#5962,#5963,#5964,#5965,#5966,#5967,#5968,#5969,#5970,#5971),(#5972,
#5973,#5974,#5975,#5976,#5977,#5978,#5979,#5980,#5981,#5982,#5983,#5984,
#5985,#5986,#5987,#5988,#5989,#5990,#5991,#5992,#5993,#5994,#5995,#5996,
#5997,#5998,#5999,#6000,#6001,#6002,#6003,#6004,#6005,#6006,#6007,#6008,
#6009,#6010,#6011,#6012,#6013,#6014,#6015,#6016,#6017,#6018,#6019,#6020,
#6021,#6022,#6023,#6024,#6025,#6026,#6027,#6028,#6029,#6030,#6031,#6032,
#6033,#6034,#6035,#6036,#6037,#6038,#6039,#6040,#6041,#6042,#6043,#6044,
#6045,#6046,#6047,#6048,#6049,#6050,#6051,#6052,#6053,#6054,#6055,#6056,
#6057),(#6058,#6059,#6060,#6061,#6062,#6063,#6064,#6065,#6066,#6067,#6068,
#6069,#6070,#6071,#6072,#6073,#6074,#6075,#6076,#6077,#6078,#6079,#6080,
#6081,#6082,#6083,#6084,#6085,#6086,#6087,#6088,#6089,#6090,#6091,#6092,
#6093,#6094,#6095,#6096,#6097,#6098,#6099,#6100,#6101,#6102,#6103,#6104,
#6105,#6106,#6107,#6108,#6109,#6110,#6111,#6112,#6113,#6114,#6115,#6116,
#6117,#6118,#6119,#6120,#6121,#6122,#6123,#6124,#6125,#6126,#6127,#6128,
#6129,#6130,#6131,#6132,#6133,#6134,#6135,#6136,#6137,#6138,#6139,#6140,
#6141,#6142,#6143)),.UNSPECIFIED.,.F.,.F.,.F.,(4,4),(4,2,2,2,2,2,2,2,2,
2,2,2,2,2,2,2,2,2,2,2,2,2,2,2,2,2,2,2,2,2,2,2,2,2,2,2,2,2,2,2,2,2,4),(0.591235482644365,
30.1530096150817),(2.4522608239965,3.03614025054046,6.07228050108092,9.10842075162138,
12.1445610021618,15.1807012526633,18.2168415032037,21.2529817537442,24.2891220042847,
27.3252622548251,30.3614025053656,33.397542755906,36.4336830064465,39.469823256987,
42.5059635074884,45.5421037580289,48.5782440085693,51.6143842591098,54.6505245096502,
57.6866647601907,60.7228050107311,63.7589452612716,66.7950855118121,69.8312257623135,
72.867366012854,75.9035062633944,78.9396465139349,81.9757867644753,85.0119270150158,
88.0480672655562,91.0842075160967,94.1203477666372,97.1564880171386,100.192628267679,
103.22876851822,106.26490876876,109.3010490193,112.337189269841,115.373329520381,
118.409469770922,121.445610021462,124.481750271964,125.065629133088),
 .UNSPECIFIED.);
#1713=B_SPLINE_SURFACE_WITH_KNOTS('',1,3,((#6144,#6145,#6146,#6147,#6148,
#6149,#6150,#6151,#6152,#6153,#6154,#6155,#6156,#6157,#6158,#6159,#6160,
#6161,#6162,#6163,#6164,#6165,#6166,#6167,#6168,#6169,#6170,#6171,#6172,
#6173,#6174,#6175,#6176,#6177,#6178,#6179,#6180,#6181,#6182,#6183,#6184,
#6185,#6186,#6187,#6188,#6189,#6190,#6191,#6192,#6193,#6194,#6195,#6196,
#6197,#6198,#6199,#6200,#6201,#6202,#6203,#6204,#6205,#6206,#6207,#6208,
#6209,#6210,#6211,#6212,#6213,#6214,#6215,#6216,#6217,#6218,#6219,#6220,
#6221,#6222,#6223,#6224,#6225,#6226,#6227,#6228,#6229),(#6230,#6231,#6232,
#6233,#6234,#6235,#6236,#6237,#6238,#6239,#6240,#6241,#6242,#6243,#6244,
#6245,#6246,#6247,#6248,#6249,#6250,#6251,#6252,#6253,#6254,#6255,#6256,
#6257,#6258,#6259,#6260,#6261,#6262,#6263,#6264,#6265,#6266,#6267,#6268,
#6269,#6270,#6271,#6272,#6273,#6274,#6275,#6276,#6277,#6278,#6279,#6280,
#6281,#6282,#6283,#6284,#6285,#6286,#6287,#6288,#6289,#6290,#6291,#6292,
#6293,#6294,#6295,#6296,#6297,#6298,#6299,#6300,#6301,#6302,#6303,#6304,
#6305,#6306,#6307,#6308,#6309,#6310,#6311,#6312,#6313,#6314,#6315)),
 .UNSPECIFIED.,.F.,.F.,.F.,(2,2),(4,2,2,2,2,2,2,2,2,2,2,2,2,2,2,2,2,2,2,
2,2,2,2,2,2,2,2,2,2,2,2,2,2,2,2,2,2,2,2,2,2,2,4),(-1.02424319026184E-12,
0.4000000000142),(-6.09927163230939E-06,0.583438760156959,3.61731965939902,
6.65120055864225,9.6850814578847,12.7189623571271,15.7528432563657,18.7867241556081,
21.8206050548506,24.854485954093,27.8883668533355,30.9222477525779,33.9561286518204,
36.9900095510628,40.023890450317,43.0577713495633,46.0916522487707,49.125533148017,
52.1594140472634,55.1932949465097,58.2271758457561,61.2610567450024,64.2949376442488,
67.3288185434951,70.3626994427414,73.3965803419488,76.4304612411952,79.4643421404415,
82.4982230396878,85.5321039389342,88.5659848381805,91.5998657374269,94.6337466366732,
97.6676275359196,100.701508435127,103.735389334373,106.76927023362,109.803151132866,
112.837032032112,115.870912931359,118.904793830605,121.938674729851,122.522118348535),
 .UNSPECIFIED.);
#1714=B_SPLINE_SURFACE_WITH_KNOTS('',1,3,((#6317,#6318,#6319,#6320,#6321,
#6322,#6323,#6324,#6325,#6326,#6327,#6328,#6329,#6330,#6331,#6332,#6333,
#6334,#6335,#6336,#6337,#6338,#6339,#6340,#6341,#6342,#6343,#6344,#6345,
#6346,#6347,#6348,#6349,#6350,#6351,#6352,#6353,#6354,#6355,#6356,#6357,
#6358,#6359,#6360,#6361,#6362,#6363,#6364,#6365,#6366,#6367,#6368,#6369,
#6370,#6371,#6372,#6373,#6374,#6375,#6376,#6377,#6378,#6379,#6380,#6381,
#6382,#6383,#6384,#6385,#6386,#6387,#6388,#6389,#6390,#6391,#6392,#6393,
#6394,#6395,#6396,#6397,#6398,#6399,#6400,#6401,#6402),(#6403,#6404,#6405,
#6406,#6407,#6408,#6409,#6410,#6411,#6412,#6413,#6414,#6415,#6416,#6417,
#6418,#6419,#6420,#6421,#6422,#6423,#6424,#6425,#6426,#6427,#6428,#6429,
#6430,#6431,#6432,#6433,#6434,#6435,#6436,#6437,#6438,#6439,#6440,#6441,
#6442,#6443,#6444,#6445,#6446,#6447,#6448,#6449,#6450,#6451,#6452,#6453,
#6454,#6455,#6456,#6457,#6458,#6459,#6460,#6461,#6462,#6463,#6464,#6465,
#6466,#6467,#6468,#6469,#6470,#6471,#6472,#6473,#6474,#6475,#6476,#6477,
#6478,#6479,#6480,#6481,#6482,#6483,#6484,#6485,#6486,#6487,#6488)),
 .UNSPECIFIED.,.F.,.F.,.F.,(2,2),(4,2,2,2,2,2,2,2,2,2,2,2,2,2,2,2,2,2,2,
2,2,2,2,2,2,2,2,2,2,2,2,2,2,2,2,2,2,2,2,2,2,2,4),(-7.75816910714155E-13,
0.400000000014439),(-6.17102921018908E-06,0.583438760177492,3.61731965942365,
6.6512005586698,9.68508145791596,12.7189623571231,15.7528432563693,18.7867241556154,
21.8206050548616,24.8544859541077,27.8883668533539,30.9222477526,33.9561286518462,
36.9900095510923,40.0238904502995,43.0577713495457,46.0916522487918,49.125533148038,
52.1594140472841,55.1932949465302,58.2271758457764,61.2610567450225,64.2949376442687,
67.3288185434758,70.362699442722,73.3965803419682,76.4304612412143,79.4643421404604,
82.4982230397066,85.5321039389528,88.5659848381989,91.5998657374451,94.6337466366522,
97.6676275358984,100.701508435145,103.735389334391,106.769270233637,109.803151132883,
112.837032032129,115.870912931375,118.904793830621,121.938674729829,122.522118572618),
 .UNSPECIFIED.);
#1715=SHAPE_DEFINITION_REPRESENTATION(#1716,#1733);
#1716=PRODUCT_DEFINITION_SHAPE('Document','',#1718);
#1717=PRODUCT_DEFINITION_CONTEXT('3D Mechanical Parts',#1722,'design');
#1718=PRODUCT_DEFINITION('A','First version',#1719,#1717);
#1719=PRODUCT_DEFINITION_FORMATION_WITH_SPECIFIED_SOURCE('A',
'First version',#1724,.MADE.);
#1720=PRODUCT_RELATED_PRODUCT_CATEGORY('tool','tool',(#1724));
#1721=APPLICATION_PROTOCOL_DEFINITION('Draft International Standard',
'automotive_design',1999,#1722);
#1722=APPLICATION_CONTEXT(
'data for automotive mechanical design processes');
#1723=PRODUCT_CONTEXT('3D Mechanical Parts',#1722,'mechanical');
#1724=PRODUCT('Document','Document','Rhino converted to STEP',(#1723));
#1725=(
LENGTH_UNIT()
NAMED_UNIT(*)
SI_UNIT(.MILLI.,.METRE.)
);
#1726=(
NAMED_UNIT(*)
PLANE_ANGLE_UNIT()
SI_UNIT($,.RADIAN.)
);
#1727=DIMENSIONAL_EXPONENTS(0.,0.,0.,0.,0.,0.,0.);
#1728=PLANE_ANGLE_MEASURE_WITH_UNIT(PLANE_ANGLE_MEASURE(0.01745329252),
#1726);
#1729=(
CONVERSION_BASED_UNIT('DEGREES',#1728)
NAMED_UNIT(#1727)
PLANE_ANGLE_UNIT()
);
#1730=(
NAMED_UNIT(*)
SI_UNIT($,.STERADIAN.)
SOLID_ANGLE_UNIT()
);
#1731=UNCERTAINTY_MEASURE_WITH_UNIT(LENGTH_MEASURE(0.01174568363898),#1725,
'DISTANCE_ACCURACY_VALUE',
'Maximum model space distance between geometric entities at asserted c
onnectivities');
#1732=(
GEOMETRIC_REPRESENTATION_CONTEXT(3)
GLOBAL_UNCERTAINTY_ASSIGNED_CONTEXT((#1731))
GLOBAL_UNIT_ASSIGNED_CONTEXT((#1730,#1729,#1725))
REPRESENTATION_CONTEXT('ID1','3D')
);
#1733=SHAPE_REPRESENTATION('Document',(#1734,#1746),#1732);
#1734=AXIS2_PLACEMENT_3D('',#1762,#1747,#1748);
#1735=AXIS2_PLACEMENT_3D('',#1891,#1749,$);
#1736=AXIS2_PLACEMENT_3D('',#1945,#1750,$);
#1737=AXIS2_PLACEMENT_3D('',#2126,#1751,$);
#1738=AXIS2_PLACEMENT_3D('',#2591,#1752,$);
#1739=AXIS2_PLACEMENT_3D('',#2792,#1753,$);
#1740=AXIS2_PLACEMENT_3D('',#3044,#1754,$);
#1741=AXIS2_PLACEMENT_3D('',#4568,#1755,$);
#1742=AXIS2_PLACEMENT_3D('',#4569,#1756,$);
#1743=AXIS2_PLACEMENT_3D('',#5158,#1757,$);
#1744=AXIS2_PLACEMENT_3D('',#5305,#1758,$);
#1745=AXIS2_PLACEMENT_3D('',#6316,#1759,$);
#1746=AXIS2_PLACEMENT_3D('',#8830,#1760,#1761);
#1747=DIRECTION('',(0.,0.,1.));
#1748=DIRECTION('',(1.,0.,0.));
#1749=DIRECTION('',(1.69896260874582E-05,0.000247663462042209,-0.999999969187081));
#1750=DIRECTION('',(1.69896266922026E-05,0.000247663467004801,-0.999999969187079));
#1751=DIRECTION('',(1.69896267083757E-05,0.000247663464875077,-0.99999996918708));
#1752=DIRECTION('',(-0.998087068949397,-0.0618239577731365,-3.22686637027881E-05));
#1753=DIRECTION('',(1.69896265447143E-05,0.000247663476989621,-0.999999969187077));
#1754=DIRECTION('',(1.69896267050983E-05,0.000247663464873973,-0.99999996918708));
#1755=DIRECTION('',(0.224951050036853,0.974370034943001,0.000245137699862641));
#1756=DIRECTION('',(0.224951053714891,0.974370034093859,0.000245137699526138));
#1757=DIRECTION('',(-1.69896274776963E-05,-0.000247663466314861,0.999999969187079));
#1758=DIRECTION('',(1.69896253986639E-05,0.00024766346508876,-0.99999996918708));
#1759=DIRECTION('',(1.69896274777422E-05,0.000247663466314711,-0.999999969187079));
#1760=DIRECTION('',(0.,0.,1.));
#1761=DIRECTION('',(1.,0.,0.));
#1762=CARTESIAN_POINT('',(0.,0.,0.));
#1763=CARTESIAN_POINT('',(-43.408057994072,105.68369138779,176.005596834186));
#1764=CARTESIAN_POINT('',(-43.4063880088855,105.683845264513,175.743148284001));
#1765=CARTESIAN_POINT('',(-43.515035573931,105.677794376097,175.483364977406));
#1766=CARTESIAN_POINT('',(-43.884929895584,105.650018054936,175.112660990267));
#1767=CARTESIAN_POINT('',(-44.1437902877431,105.62798353809,175.003931715729));
#1768=CARTESIAN_POINT('',(-44.4047688395936,105.600171856883,175.005559184913));
#1769=CARTESIAN_POINT('',(-43.3771437867815,105.184647935024,176.005473764566));
#1770=CARTESIAN_POINT('',(-43.3754651377782,105.184800444631,175.744140809103));
#1771=CARTESIAN_POINT('',(-43.4831795841274,105.17881719945,175.485418784864));
#1772=CARTESIAN_POINT('',(-43.8502827999914,105.1511716536,175.115108562275));
#1773=CARTESIAN_POINT('',(-44.1073413769914,105.129204718975,175.005579695658));
#1774=CARTESIAN_POINT('',(-44.3671892301101,105.10133208582,175.005501765174));
#1775=CARTESIAN_POINT('',(-43.346229579491,104.685604482257,176.005350694946));
#1776=CARTESIAN_POINT('',(-43.3445422666708,104.685755624749,175.745133334205));
#1777=CARTESIAN_POINT('',(-43.4513235943239,104.679840022803,175.487472592321));
#1778=CARTESIAN_POINT('',(-43.8156357043987,104.652325252265,175.117556134283));
#1779=CARTESIAN_POINT('',(-44.0708924662396,104.630425899859,175.007227675586));
#1780=CARTESIAN_POINT('',(-44.3296096206265,104.602492314757,175.005444345435));
#1781=CARTESIAN_POINT('',(-43.3153153722005,104.18656102949,176.005227625325));
#1782=CARTESIAN_POINT('',(-43.3136193955635,104.186710804867,175.746125859307));
#1783=CARTESIAN_POINT('',(-43.4194676045204,104.180862846157,175.489526399779));
#1784=CARTESIAN_POINT('',(-43.7809886088061,104.153478850929,175.120003706291));
#1785=CARTESIAN_POINT('',(-44.0344435554879,104.131647080744,175.008875655515));
#1786=CARTESIAN_POINT('',(-44.2920300111431,104.103652543694,175.005386925696));
#1787=CARTESIAN_POINT('',(-47.9026868671045,103.391635176913,175.006791633078));
#1788=CARTESIAN_POINT('',(-47.7552487692664,103.434270130365,175.003489842027));
#1789=CARTESIAN_POINT('',(-47.6072663228654,103.475307899784,175.005450548282));
#1790=CARTESIAN_POINT('',(-47.3105057880748,103.554170307819,175.004869297028));
#1791=CARTESIAN_POINT('',(-47.161685704721,103.591994753868,175.005053550139));
#1792=CARTESIAN_POINT('',(-46.7140741763163,103.70061012208,175.005036517005));
#1793=CARTESIAN_POINT('',(-46.4140894273689,103.76654652316,175.005065969509));
#1794=CARTESIAN_POINT('',(-45.5102890628243,103.944773748131,175.005183825625));
#1795=CARTESIAN_POINT('',(-44.9025858919606,104.037472411951,175.005004820706));
#1796=CARTESIAN_POINT('',(-44.2920300111431,104.103652543694,175.005386925696));
#1797=CARTESIAN_POINT('',(-48.3242561475816,104.831202106194,175.00530208987));
#1798=CARTESIAN_POINT('',(-48.1641857131347,104.877521493938,175.005316279797));
#1799=CARTESIAN_POINT('',(-48.0035916652756,104.922080262705,175.005330043957));
#1800=CARTESIAN_POINT('',(-47.6814972209602,105.007644309065,175.00535670967));
#1801=CARTESIAN_POINT('',(-47.5199689536747,105.048657165638,175.005369613574));
#1802=CARTESIAN_POINT('',(-47.0340996950905,105.16635359375,175.005407026122));
#1803=CARTESIAN_POINT('',(-46.7084709092082,105.237696966555,175.00543023614));
#1804=CARTESIAN_POINT('',(-45.7273239850943,105.430190032907,175.005494604646));
#1805=CARTESIAN_POINT('',(-45.0676064112391,105.5297905877,175.005530497556));
#1806=CARTESIAN_POINT('',(-44.4047688395936,105.600171856883,175.005559184913));
#1807=CARTESIAN_POINT('',(-48.7989475188405,103.110720087152,176.004868010061));
#1808=CARTESIAN_POINT('',(-48.8004017802876,103.110270231898,175.752700853554));
#1809=CARTESIAN_POINT('',(-48.7056849291561,103.142952813334,175.502695165052));
#1810=CARTESIAN_POINT('',(-48.376860786278,103.249183409043,175.135979076359));
#1811=CARTESIAN_POINT('',(-48.1446245213596,103.321712892244,175.020582965597));
#1812=CARTESIAN_POINT('',(-47.9026868671045,103.391635176913,175.006791633078));
#1813=CARTESIAN_POINT('',(-49.278764710281,104.531906978096,176.005211833677));
#1814=CARTESIAN_POINT('',(-49.2803350609818,104.531425246769,175.742761977498));
#1815=CARTESIAN_POINT('',(-49.1774232449359,104.566879965551,175.482995874173));
#1816=CARTESIAN_POINT('',(-48.8244043243314,104.680933434819,175.112337017397));
#1817=CARTESIAN_POINT('',(-48.5763985508218,104.758341852297,175.003641654035));
#1818=CARTESIAN_POINT('',(-48.3242561475816,104.831202106194,175.00530208987));
#1819=CARTESIAN_POINT('',(-60.9639641921478,92.5668214945844,183.162050217006));
#1820=CARTESIAN_POINT('',(-60.6555720923195,93.1765162927302,183.162206455635));
#1821=CARTESIAN_POINT('',(-59.9799321659961,94.3661345692865,183.162512559537));
#1822=CARTESIAN_POINT('',(-58.7993254319351,96.0446617972252,183.162948327471));
#1823=CARTESIAN_POINT('',(-57.4625486550731,97.6016822834138,183.163356655904));
#1824=CARTESIAN_POINT('',(-55.9820299096922,99.0227204516088,183.163733748595));
#1825=CARTESIAN_POINT('',(-54.3715338391389,100.294564622029,183.164076099629));
#1826=CARTESIAN_POINT('',(-52.6460334558218,101.405390288201,183.164380526236));
#1827=CARTESIAN_POINT('',(-50.8215710048646,102.344869931327,183.164644197913));
#1828=CARTESIAN_POINT('',(-48.9151087649378,103.104269070289,183.164864663467));
#1829=CARTESIAN_POINT('',(-46.9443714854766,103.676527453297,183.16503987299));
#1830=CARTESIAN_POINT('',(-44.9276810966982,104.056324721109,183.165168197696));
#1831=CARTESIAN_POINT('',(-43.5650858529331,104.178861435943,183.165221695573));
#1832=CARTESIAN_POINT('',(-42.882420827372,104.207179646762,183.165240307181));
#1833=CARTESIAN_POINT('',(-60.9639170742536,92.5675083479186,180.388716969106));
#1834=CARTESIAN_POINT('',(-60.6555249744253,93.1772031460644,180.388873207735));
#1835=CARTESIAN_POINT('',(-59.9798850481019,94.3668214226307,180.389179311637));
#1836=CARTESIAN_POINT('',(-58.799278314041,96.0453486505694,180.389615079571));
#1837=CARTESIAN_POINT('',(-57.462501537179,97.602369136748,180.390023408004));
#1838=CARTESIAN_POINT('',(-55.981982791798,99.023407304943,180.390400500695));
#1839=CARTESIAN_POINT('',(-54.3714867212448,100.295251475373,180.390742851729));
#1840=CARTESIAN_POINT('',(-52.6459863379276,101.406077141535,180.391047278336));
#1841=CARTESIAN_POINT('',(-50.8215238869704,102.345556784661,180.391310950013));
#1842=CARTESIAN_POINT('',(-48.9150616470436,103.104955923623,180.391531415567));
#1843=CARTESIAN_POINT('',(-46.9443243675825,103.677214306631,180.39170662509));
#1844=CARTESIAN_POINT('',(-44.927633978804,104.057011574454,180.391834949896));
#1845=CARTESIAN_POINT('',(-43.565038735039,104.179548289277,180.391888447673));
#1846=CARTESIAN_POINT('',(-42.8823737094778,104.207866500096,180.391907059281));
#1847=CARTESIAN_POINT('',(-60.9638699563594,92.5681952012627,177.615383721306));
#1848=CARTESIAN_POINT('',(-60.6554778565311,93.1778899994086,177.615539959835));
#1849=CARTESIAN_POINT('',(-59.9798379302077,94.3675082759648,177.615846063737));
#1850=CARTESIAN_POINT('',(-58.7992311961468,96.0460355039036,177.616281831671));
#1851=CARTESIAN_POINT('',(-57.4624544192848,97.6030559900822,177.616690160104));
#1852=CARTESIAN_POINT('',(-55.9819356739038,99.0240941582872,177.617067252795));
#1853=CARTESIAN_POINT('',(-54.3714396033506,100.295938328707,177.617409603929));
#1854=CARTESIAN_POINT('',(-52.6459392200334,101.40676399488,177.617714030436));
#1855=CARTESIAN_POINT('',(-50.8214767690762,102.346243638005,177.617977702113));
#1856=CARTESIAN_POINT('',(-48.9150145291494,103.105642776967,177.618198167667));
#1857=CARTESIAN_POINT('',(-46.9442772496883,103.677901159966,177.61837337729));
#1858=CARTESIAN_POINT('',(-44.9275868609098,104.057698427788,177.618501701996));
#1859=CARTESIAN_POINT('',(-43.5649916171448,104.180235142622,177.618555199874));
#1860=CARTESIAN_POINT('',(-42.8823265915836,104.20855335344,177.618573811481));
#1861=CARTESIAN_POINT('',(-60.9638228384652,92.5688820545969,174.842050473406));
#1862=CARTESIAN_POINT('',(-60.655430738637,93.1785768527427,174.842206712035));
#1863=CARTESIAN_POINT('',(-59.9797908123136,94.368195129309,174.842512815837));
#1864=CARTESIAN_POINT('',(-58.7991840782526,96.0467223572378,174.842948583771));
#1865=CARTESIAN_POINT('',(-57.4624073013906,97.6037428434264,174.843356912204));
#1866=CARTESIAN_POINT('',(-55.9818885560096,99.0247810116213,174.843734004895));
#1867=CARTESIAN_POINT('',(-54.3713924854564,100.296625182042,174.844076356029));
#1868=CARTESIAN_POINT('',(-52.6458921021393,101.407450848214,174.844380782536));
#1869=CARTESIAN_POINT('',(-50.8214296511821,102.346930491339,174.844644454313));
#1870=CARTESIAN_POINT('',(-48.9149674112552,103.106329630301,174.844864919767));
#1871=CARTESIAN_POINT('',(-46.9442301317941,103.67858801331,174.84504012939));
#1872=CARTESIAN_POINT('',(-44.9275397430157,104.058385281122,174.845168454096));
#1873=CARTESIAN_POINT('',(-43.5649444992506,104.180921995956,174.845221951974));
#1874=CARTESIAN_POINT('',(-42.8822794736895,104.209240206774,174.845240563581));
#1875=CARTESIAN_POINT('',(-43.3154342995912,104.184827385247,183.005227409668));
#1876=CARTESIAN_POINT('',(-43.3463485068817,104.683870838014,183.00535047928));
#1877=CARTESIAN_POINT('',(-43.3772627141722,105.18291429078,183.005473548893));
#1878=CARTESIAN_POINT('',(-43.4081769214627,105.681957743547,183.005596618506));
#1879=CARTESIAN_POINT('',(-43.3153946571096,104.185405266942,180.671893035612));
#1880=CARTESIAN_POINT('',(-43.3463088644001,104.684448719709,180.672016105225));
#1881=CARTESIAN_POINT('',(-43.3772230716906,105.183492172476,180.672139174838));
#1882=CARTESIAN_POINT('',(-43.4081372789811,105.682535625242,180.67226224445));
#1883=CARTESIAN_POINT('',(-43.3153550146551,104.185983148232,178.338560330496));
#1884=CARTESIAN_POINT('',(-43.3462692219456,104.685026600998,178.338683400109));
#1885=CARTESIAN_POINT('',(-43.3771834292361,105.184070053765,178.338806469722));
#1886=CARTESIAN_POINT('',(-43.4080976365266,105.683113506532,178.338929539334));
#1887=CARTESIAN_POINT('',(-43.3153153722005,104.18656102949,176.005227625348));
#1888=CARTESIAN_POINT('',(-43.346229579491,104.685604482257,176.005350694961));
#1889=CARTESIAN_POINT('',(-43.3771437867815,105.184647935024,176.005473764574));
#1890=CARTESIAN_POINT('',(-43.408057994072,105.68369138779,176.005596834186));
#1891=CARTESIAN_POINT('',(-58.2335955936258,101.634309328517,180.0043421931));
#1892=CARTESIAN_POINT('',(-43.3154342995912,104.184827385247,183.005227409668));
#1893=CARTESIAN_POINT('',(-43.3155471861786,104.186513114191,183.267521352965));
#1894=CARTESIAN_POINT('',(-43.3019837138642,103.967249149738,183.787343921018));
#1895=CARTESIAN_POINT('',(-43.2698499805849,103.448310913454,184.006793575277));
#1896=CARTESIAN_POINT('',(-43.2536358469446,103.186522276796,184.004981245798));
#1897=CARTESIAN_POINT('',(-43.3463485068817,104.683870838014,183.00535047928));
#1898=CARTESIAN_POINT('',(-43.3465178367708,104.68639943155,183.398791412929));
#1899=CARTESIAN_POINT('',(-43.3261726273322,104.357503469237,184.178525302073));
#1900=CARTESIAN_POINT('',(-43.277972025122,103.579096077811,184.50769979911));
#1901=CARTESIAN_POINT('',(-43.2536508235055,103.186413104157,184.504981304763));
#1902=CARTESIAN_POINT('',(-43.3772627141722,105.18291429078,183.005473548893));
#1903=CARTESIAN_POINT('',(-43.3774884873631,105.186285748909,183.530061472893));
#1904=CARTESIAN_POINT('',(-43.3503615408001,104.747757788736,184.569706683128));
#1905=CARTESIAN_POINT('',(-43.2860940696592,103.709881242167,185.008606022943));
#1906=CARTESIAN_POINT('',(-43.2536658000664,103.186303931518,185.004981363728));
#1907=CARTESIAN_POINT('',(-43.4081769214627,105.681957743547,183.005596618506));
#1908=CARTESIAN_POINT('',(-43.4084591379553,105.686172066267,183.661331532857));
#1909=CARTESIAN_POINT('',(-43.3745504542681,105.138012108235,184.960888064184));
#1910=CARTESIAN_POINT('',(-43.2942161141963,103.840666406523,185.509512246776));
#1911=CARTESIAN_POINT('',(-43.2536807766273,103.186194758879,185.504981422692));
#1912=CARTESIAN_POINT('',(-61.8729024580207,79.0766381611618,183.998693773726));
#1913=CARTESIAN_POINT('',(-62.1464775622767,80.4702246230615,183.999034266252));
#1914=CARTESIAN_POINT('',(-62.4017139377052,83.3481224052555,183.999742680046));
#1915=CARTESIAN_POINT('',(-61.862348035551,87.6659626952787,184.000821215001));
#1916=CARTESIAN_POINT('',(-60.4129267228529,91.768946759227,184.001861999418));
#1917=CARTESIAN_POINT('',(-58.1475019362306,95.4440900003482,184.002810686886));
#1918=CARTESIAN_POINT('',(-55.1645126044041,98.5650668260807,184.003634318727));
#1919=CARTESIAN_POINT('',(-51.5613102424885,101.004713074531,184.004299747059));
#1920=CARTESIAN_POINT('',(-47.5200543832357,102.618232442319,184.004768016303));
#1921=CARTESIAN_POINT('',(-44.6711253883643,103.098879390042,184.004935457237));
#1922=CARTESIAN_POINT('',(-43.2536358469446,103.186522276796,184.004981245798));
#1923=CARTESIAN_POINT('',(-62.8541664496122,78.8841262296622,183.998599361632));
#1924=CARTESIAN_POINT('',(-63.1412506186714,80.3465296880993,183.998956668101));
#1925=CARTESIAN_POINT('',(-63.4090900554896,83.3665414994186,183.999700064227));
#1926=CARTESIAN_POINT('',(-62.8430884197954,87.8976016648132,184.000831858488));
#1927=CARTESIAN_POINT('',(-61.3220918128178,92.2031955103266,184.001924037986));
#1928=CARTESIAN_POINT('',(-58.9447967045088,96.059820936664,184.002919572597));
#1929=CARTESIAN_POINT('',(-55.8145028851823,99.3349145360005,184.003783876183));
#1930=CARTESIAN_POINT('',(-52.0333693088748,101.895032478152,184.004482163938));
#1931=CARTESIAN_POINT('',(-47.7925508457494,103.588228264436,184.004973556614));
#1932=CARTESIAN_POINT('',(-44.8029381724906,104.092609331515,184.005149265786));
#1933=CARTESIAN_POINT('',(-43.3154512888693,104.184579729216,184.005197315342));
#1934=CARTESIAN_POINT('',(-62.854149460527,78.8843738858431,182.998629455957));
#1935=CARTESIAN_POINT('',(-63.1412336295749,80.3467773442824,182.998986762426));
#1936=CARTESIAN_POINT('',(-63.4090730663701,83.3667891556036,182.999730158553));
#1937=CARTESIAN_POINT('',(-62.8430714306413,87.8978493209937,183.000861952814));
#1938=CARTESIAN_POINT('',(-61.3220748236308,92.2034431664953,183.001954132311));
#1939=CARTESIAN_POINT('',(-58.9447797152924,96.0600685928146,183.002949666922));
#1940=CARTESIAN_POINT('',(-55.8144858959409,99.335162192127,183.003813970508));
#1941=CARTESIAN_POINT('',(-52.033352319614,101.895280134249,183.004512258263));
#1942=CARTESIAN_POINT('',(-47.7925338564757,103.588475920501,183.00500365094));
#1943=CARTESIAN_POINT('',(-44.8029211832132,104.092856987558,183.005179360112));
#1944=CARTESIAN_POINT('',(-43.3154342995912,104.184827385247,183.005227409668));
#1945=CARTESIAN_POINT('',(-17.280408606512,66.3614955209435,183.9963023081));
#1946=CARTESIAN_POINT('',(-43.2536358469446,103.186522276796,184.004981245798));
#1947=CARTESIAN_POINT('',(-43.2381793173108,102.936991820827,184.004919708819));
#1948=CARTESIAN_POINT('',(-43.2227227876767,102.687461364858,184.00485817184));
#1949=CARTESIAN_POINT('',(-43.2072662580429,102.437930908888,184.004796634861));
#1950=CARTESIAN_POINT('',(-43.2536508235055,103.186413104157,184.504981304763));
#1951=CARTESIAN_POINT('',(-43.2381942938717,102.936882648188,184.504919767784));
#1952=CARTESIAN_POINT('',(-43.2227377642376,102.687352192219,184.504858230804));
#1953=CARTESIAN_POINT('',(-43.2072812346038,102.437821736249,184.504796693826));
#1954=CARTESIAN_POINT('',(-43.2536658000664,103.186303931518,185.004981363728));
#1955=CARTESIAN_POINT('',(-43.2382092704326,102.936773475549,185.004919826749));
#1956=CARTESIAN_POINT('',(-43.2227527407985,102.68724301958,185.004858289769));
#1957=CARTESIAN_POINT('',(-43.2072962111647,102.437712563611,185.00479675279));
#1958=CARTESIAN_POINT('',(-43.2536807766273,103.186194758879,185.504981422692));
#1959=CARTESIAN_POINT('',(-43.2382242469935,102.93666430291,185.504919885714));
#1960=CARTESIAN_POINT('',(-43.2227677173594,102.687133846941,185.504858348734));
#1961=CARTESIAN_POINT('',(-43.2073111877256,102.437603390971,185.504796811755));
#1962=CARTESIAN_POINT('',(-55.9780443485,98.82332524242,179.9804229834));
#1963=CARTESIAN_POINT('',(-56.36173502957,99.25837123159,179.9805242097));
#1964=CARTESIAN_POINT('',(-56.74542571064,99.69341722076,179.9806254359));
#1965=CARTESIAN_POINT('',(-57.12911639171,100.1284632099,179.9807266621));
#1966=CARTESIAN_POINT('',(-56.08595227995,98.72816371523,179.9881513662));
#1967=CARTESIAN_POINT('',(-56.47260532446,99.16059731362,179.9882518952));
#1968=CARTESIAN_POINT('',(-56.85925836897,99.59303091201,179.9883524241));
#1969=CARTESIAN_POINT('',(-57.24591141348,100.0254645104,179.988452953));
#1970=CARTESIAN_POINT('',(-56.95668758185,97.94427329685,180.0510803925));
#1971=CARTESIAN_POINT('',(-57.36724465608,98.35518739428,180.0511751857));
#1972=CARTESIAN_POINT('',(-57.77780173031,98.76610149172,180.0512699789));
#1973=CARTESIAN_POINT('',(-58.18835880454,99.17701558916,180.0513647721));
#1974=CARTESIAN_POINT('',(-58.46724163672,96.33785531619,180.1691790151));
#1975=CARTESIAN_POINT('',(-58.91926748487,96.70466966402,180.1692621818));
#1976=CARTESIAN_POINT('',(-59.37129333302,97.07148401184,180.1693453486));
#1977=CARTESIAN_POINT('',(-59.82331918116,97.43829835967,180.1694285154));
#1978=CARTESIAN_POINT('',(-60.23493582322,93.8019140057,180.3346734523));
#1979=CARTESIAN_POINT('',(-60.73548962109,94.09911097686,180.3347385529));
#1980=CARTESIAN_POINT('',(-61.23604341896,94.39630794802,180.3348036536));
#1981=CARTESIAN_POINT('',(-61.73659721683,94.69350491919,180.3348687542));
#1982=CARTESIAN_POINT('',(-61.61515316387,91.03591579819,180.500117496));
#1983=CARTESIAN_POINT('',(-62.15359761511,91.25717970333,180.500163147));
#1984=CARTESIAN_POINT('',(-62.69204206635,91.47844360847,180.500208798));
#1985=CARTESIAN_POINT('',(-63.23048651758,91.69970751361,180.500254449));
#1986=CARTESIAN_POINT('',(-62.57856451761,88.09863815803,180.6655262014));
#1987=CARTESIAN_POINT('',(-63.14345716094,88.23926690952,180.6655514327));
#1988=CARTESIAN_POINT('',(-63.70834980427,88.379895661,180.665576664));
#1989=CARTESIAN_POINT('',(-64.2732424476,88.52052441249,180.6656018952));
#1990=CARTESIAN_POINT('',(-63.10469615492,85.05250131864,180.8309153755));
#1991=CARTESIAN_POINT('',(-63.68403246935,85.10950643452,180.8309196509));
#1992=CARTESIAN_POINT('',(-64.26336878377,85.1665115504,180.8309239263));
#1993=CARTESIAN_POINT('',(-64.8427050982,85.22351666628,180.8309282017));
#1994=CARTESIAN_POINT('',(-63.18236698281,81.96223527275,180.9963012397));
#1995=CARTESIAN_POINT('',(-63.76383549583,81.93440528592,180.9962844683));
#1996=CARTESIAN_POINT('',(-64.34530400885,81.90657529909,180.9962676969));
#1997=CARTESIAN_POINT('',(-64.92677252187,81.87874531227,180.9962509254));
#1998=CARTESIAN_POINT('',(-62.91669398702,79.77321789494,181.1142857511));
#1999=CARTESIAN_POINT('',(-63.49086899634,79.68529421588,181.1142542206));
#2000=CARTESIAN_POINT('',(-64.06504400566,79.59737053682,181.1142226901));
#2001=CARTESIAN_POINT('',(-64.63921901498,79.50944685776,181.1141911595));
#2002=CARTESIAN_POINT('',(-62.67938642856,78.6258913369,181.1771435927));
#2003=CARTESIAN_POINT('',(-63.24704666864,78.5064708435,181.1771043723));
#2004=CARTESIAN_POINT('',(-63.81470690872,78.38705035009,181.1770651519));
#2005=CARTESIAN_POINT('',(-64.3823671488,78.26762985669,181.1770259314));
#2006=CARTESIAN_POINT('',(-62.64880248912,78.48530471585,181.1848630783));
#2007=CARTESIAN_POINT('',(-63.21562311303,78.36202478893,181.1848229163));
#2008=CARTESIAN_POINT('',(-63.78244373693,78.23874486202,181.1847827543));
#2009=CARTESIAN_POINT('',(-64.34926436083,78.11546493511,181.1847425923));
#2010=CARTESIAN_POINT('',(-60.7642709904246,92.9524057278215,180.388099891076));
#2011=CARTESIAN_POINT('',(-61.8989437538298,90.8182693332981,180.517075690285));
#2012=CARTESIAN_POINT('',(-62.6657709710606,88.4893948724689,180.645999298285));
#2013=CARTESIAN_POINT('',(-63.3762191157155,83.7078778055315,180.903847157844));
#2014=CARTESIAN_POINT('',(-63.3195017337451,81.2566004375672,181.032756065046));
#2015=CARTESIAN_POINT('',(-62.8542074673941,78.8848325967616,181.16169717028));
#2016=CARTESIAN_POINT('',(-60.7642857947216,92.9521899255974,181.259449573655));
#2017=CARTESIAN_POINT('',(-61.8992325153712,90.8181954879634,181.345250857493));
#2018=CARTESIAN_POINT('',(-62.6659771216208,88.4892537667702,181.431003314018));
#2019=CARTESIAN_POINT('',(-63.3763660150459,83.7077073931175,181.602503122599));
#2020=CARTESIAN_POINT('',(-63.31982812275,81.2564103695192,181.68824034077));
#2021=CARTESIAN_POINT('',(-62.8541967649364,78.8846779999015,181.774007931906));
#2022=CARTESIAN_POINT('',(-60.7643005986267,92.9519741241107,182.130799256236));
#2023=CARTESIAN_POINT('',(-61.8995212766246,90.8181216433746,182.173426024705));
#2024=CARTESIAN_POINT('',(-62.6661832719898,88.4891126618038,182.216007329753));
#2025=CARTESIAN_POINT('',(-63.3765129143587,83.7075369813779,182.301159087358));
#2026=CARTESIAN_POINT('',(-63.3201545118098,81.2562203021005,182.343724616497));
#2027=CARTESIAN_POINT('',(-62.8541860625918,78.8845234036172,182.386318693535));
#2028=CARTESIAN_POINT('',(-60.7643154029236,92.951758321888,183.002148938828));
#2029=CARTESIAN_POINT('',(-61.8998100381661,90.8180477980411,183.001601191925));
#2030=CARTESIAN_POINT('',(-62.6663894225502,88.4889715561063,183.001011345496));
#2031=CARTESIAN_POINT('',(-63.3766598136894,83.7073665689649,182.999815052124));
#2032=CARTESIAN_POINT('',(-63.3204809008153,81.2560302340534,182.999208892231));
#2033=CARTESIAN_POINT('',(-62.8541753601347,78.8843688067578,182.99862945517));
#2034=CARTESIAN_POINT('',(-64.3259949818795,78.596074267207,181.161600664465));
#2035=CARTESIAN_POINT('',(-64.1809239934373,77.8566414052031,181.199100177794));
#2036=CARTESIAN_POINT('',(-63.9990893452999,77.1244141881535,181.236701744469));
#2037=CARTESIAN_POINT('',(-63.7813837813687,76.4030224406108,181.274220316474));
#2038=CARTESIAN_POINT('',(-63.8353700610996,78.6923310450646,181.161632839341));
#2039=CARTESIAN_POINT('',(-63.69348186517,77.9691189857279,181.19830972788));
#2040=CARTESIAN_POINT('',(-63.5156266393193,77.2529170849647,181.235088359342));
#2041=CARTESIAN_POINT('',(-63.3026974954704,76.5473542935847,181.271783696054));
#2042=CARTESIAN_POINT('',(-63.3447451403198,78.7885878229273,181.161665014149));
#2043=CARTESIAN_POINT('',(-63.2060397369031,78.0815965662577,181.197519277897));
#2044=CARTESIAN_POINT('',(-63.0321639333393,77.3814199817809,181.233474974146));
#2045=CARTESIAN_POINT('',(-62.824011209573,76.6916861465635,181.269347075564));
#2046=CARTESIAN_POINT('',(-62.8541198686186,78.8848446696309,181.161697188974));
#2047=CARTESIAN_POINT('',(-62.7185972599911,78.1940742272307,181.196728827343));
#2048=CARTESIAN_POINT('',(-62.5487008815603,77.5099229705022,181.231861587791));
#2049=CARTESIAN_POINT('',(-62.3453245812928,76.8360181027693,181.266910453326));
#2050=CARTESIAN_POINT('',(-62.8542074673941,78.8848325967616,181.16169717028));
#2051=CARTESIAN_POINT('',(-62.7186737380122,78.1940237695086,181.196731046298));
#2052=CARTESIAN_POINT('',(-62.5487988984129,77.5099578186778,181.231859690612));
#2053=CARTESIAN_POINT('',(-62.3454082351568,76.8359967354416,181.266911701112));
#2054=CARTESIAN_POINT('',(-62.8541967649364,78.8846779999015,181.774007931906));
#2055=CARTESIAN_POINT('',(-62.7086714310417,78.1426694390826,181.797295076205));
#2056=CARTESIAN_POINT('',(-62.5230284136216,77.4085363866769,181.820646530125));
#2057=CARTESIAN_POINT('',(-62.2985058488256,76.6865387102991,181.843948511782));
#2058=CARTESIAN_POINT('',(-62.8541860625918,78.8845234036172,182.386318693535));
#2059=CARTESIAN_POINT('',(-62.6986691242035,78.0913151092171,182.397859106164));
#2060=CARTESIAN_POINT('',(-62.4972579289801,77.3071149552201,182.40943336974));
#2061=CARTESIAN_POINT('',(-62.2516034626605,76.5370806856838,182.420985322604));
#2062=CARTESIAN_POINT('',(-62.8541753601347,78.8843688067578,182.99862945517));
#2063=CARTESIAN_POINT('',(-62.6886668172334,78.039960778791,182.998423136079));
#2064=CARTESIAN_POINT('',(-62.471487444189,77.2056935232184,182.998220209262));
#2065=CARTESIAN_POINT('',(-62.2047010763293,76.3876226605399,182.998022133283));
#2066=CARTESIAN_POINT('',(-62.2127993249069,76.4128286171364,181.773630232326));
#2067=CARTESIAN_POINT('',(-62.2127999372852,76.4128196903017,181.809674450158));
#2068=CARTESIAN_POINT('',(-62.2128011620404,76.4128018366518,181.881762805336));
#2069=CARTESIAN_POINT('',(-62.212802999181,76.4127750560562,181.989895821027));
#2070=CARTESIAN_POINT('',(-62.2128042239333,76.4127572024414,182.06198403004));
#2071=CARTESIAN_POINT('',(-62.2128048363105,76.4127482756196,182.09802819306));
#2072=CARTESIAN_POINT('',(-62.2117843193267,76.4095970216603,181.692031779924));
#2073=CARTESIAN_POINT('',(-62.2117975120264,76.4096370162737,181.748253526412));
#2074=CARTESIAN_POINT('',(-62.2118238974285,76.4097170055309,181.860696947846));
#2075=CARTESIAN_POINT('',(-62.2118634755427,76.4098369893226,182.029362509267));
#2076=CARTESIAN_POINT('',(-62.2118898609423,76.4099169786111,182.141805800777));
#2077=CARTESIAN_POINT('',(-62.211903053641,76.409956973236,182.198027498543));
#2078=CARTESIAN_POINT('',(-62.223046558554,76.4436190792931,181.52408360532));
#2079=CARTESIAN_POINT('',(-62.2216079951866,76.439258555849,181.621188327984));
#2080=CARTESIAN_POINT('',(-62.218730868463,76.4305375090127,181.815397719665));
#2081=CARTESIAN_POINT('',(-62.2144151783954,76.4174559387173,182.106712129147));
#2082=CARTESIAN_POINT('',(-62.21153805167,76.4087348919044,182.300921423386));
#2083=CARTESIAN_POINT('',(-62.2100994883019,76.4043743684689,182.398026109509));
#2084=CARTESIAN_POINT('',(-62.2741692916407,76.603573924668,181.332217259383));
#2085=CARTESIAN_POINT('',(-62.2667498303675,76.580510206479,181.48397356676));
#2086=CARTESIAN_POINT('',(-62.2519109078454,76.5343827701857,181.787486154708));
#2087=CARTESIAN_POINT('',(-62.2296525240897,76.4651916157845,182.242755197623));
#2088=CARTESIAN_POINT('',(-62.2148136015667,76.4190641795028,182.546267736851));
#2089=CARTESIAN_POINT('',(-62.2073941402933,76.3960004613182,182.698024025958));
#2090=CARTESIAN_POINT('',(-62.3218835541916,76.7581250437841,181.2743763945));
#2091=CARTESIAN_POINT('',(-62.3089621120376,76.7172686895949,181.454781532529));
#2092=CARTESIAN_POINT('',(-62.2831192277624,76.635555981323,181.815591799675));
#2093=CARTESIAN_POINT('',(-62.2443549013836,76.5129869190069,182.356807254077));
#2094=CARTESIAN_POINT('',(-62.2185120171082,76.4312742107387,182.717617504984));
#2095=CARTESIAN_POINT('',(-62.2055905749543,76.3904178565511,182.898022636923));
#2096=CARTESIAN_POINT('',(-62.3453951890376,76.835998729599,181.266911258955));
#2097=CARTESIAN_POINT('',(-62.3297611449354,76.7861795989368,181.459256890433));
#2098=CARTESIAN_POINT('',(-62.2984930567679,76.6865413377295,181.843948153423));
#2099=CARTESIAN_POINT('',(-62.2515909245541,76.537083946037,182.420985047936));
#2100=CARTESIAN_POINT('',(-62.2203228363868,76.4374456848296,182.805676310928));
#2101=CARTESIAN_POINT('',(-62.2046887922847,76.3876265541675,182.998021942406));
#2102=CARTESIAN_POINT('',(-63.7814427061248,76.4030046735955,181.27422061645));
#2103=CARTESIAN_POINT('',(-63.7046205923973,76.1484457347208,181.287468574615));
#2104=CARTESIAN_POINT('',(-63.6394618541698,75.9496314730775,181.50681327972));
#2105=CARTESIAN_POINT('',(-63.6394652700554,75.949561993278,181.773491259582));
#2106=CARTESIAN_POINT('',(-63.3027583653224,76.5473359413953,181.271783997975));
#2107=CARTESIAN_POINT('',(-63.22658947227,76.2949780990581,181.288539227089));
#2108=CARTESIAN_POINT('',(-63.1628275804361,76.1005940628866,181.508980879802));
#2109=CARTESIAN_POINT('',(-63.1639099550051,76.1039842012286,181.77353758383));
#2110=CARTESIAN_POINT('',(-62.824065364474,76.6916698207356,181.269347334757));
#2111=CARTESIAN_POINT('',(-62.7485527657723,76.4415121541039,181.289609849647));
#2112=CARTESIAN_POINT('',(-62.686190788126,76.2515574007388,181.511148492636));
#2113=CARTESIAN_POINT('',(-62.6883546399549,76.2584064091791,181.773583908078));
#2114=CARTESIAN_POINT('',(-62.3453821506207,76.8360007483005,181.266910722037));
#2115=CARTESIAN_POINT('',(-62.2705237964689,76.5880438538042,181.290680513698));
#2116=CARTESIAN_POINT('',(-62.2095566502412,76.402519953463,181.513316089843));
#2117=CARTESIAN_POINT('',(-62.2127993249047,76.4128286171297,181.773630232326));
#2118=CARTESIAN_POINT('',(-63.6394734118841,75.949480797618,182.097889220061));
#2119=CARTESIAN_POINT('',(-62.2128048363105,76.4127482756196,182.09802819306));
#2120=CARTESIAN_POINT('',(-63.6394715747588,75.9495075780042,181.989757060152));
#2121=CARTESIAN_POINT('',(-62.2128029991853,76.4127750560058,181.989896033151));
#2122=CARTESIAN_POINT('',(-63.6394697376017,75.949534358857,181.881623017616));
#2123=CARTESIAN_POINT('',(-62.2128011620282,76.4128018368586,181.881761990617));
#2124=CARTESIAN_POINT('',(-63.6394679004826,75.9495611391415,181.773491259326));
#2125=CARTESIAN_POINT('',(-62.212799324909,76.4128286171431,181.773630232325));
#2126=CARTESIAN_POINT('',(-60.7038610311412,66.520472667803,182.095603874125));
#2127=CARTESIAN_POINT('',(-62.2128048363105,76.4127482756196,182.09802819306));
#2128=CARTESIAN_POINT('',(-61.9459995713659,75.5911005716074,182.097829233859));
#2129=CARTESIAN_POINT('',(-60.9764949181645,73.1268049732963,182.097235389376));
#2130=CARTESIAN_POINT('',(-59.3099911398116,70.4768086618183,182.096607395366));
#2131=CARTESIAN_POINT('',(-57.8237810843813,68.7824342236329,182.096213010863));
#2132=CARTESIAN_POINT('',(-57.4986980781929,68.4359482673775,182.096132721987));
#2133=CARTESIAN_POINT('',(-62.210095387951,76.4043756483366,182.398026174676));
#2134=CARTESIAN_POINT('',(-61.9411399243607,75.5773106617553,182.398721662253));
#2135=CARTESIAN_POINT('',(-60.9651135573559,73.1024608467221,182.400109103395));
#2136=CARTESIAN_POINT('',(-59.2833378325542,70.4384335721649,182.399069788592));
#2137=CARTESIAN_POINT('',(-57.7860382307078,68.740534341153,182.396696255696));
#2138=CARTESIAN_POINT('',(-57.4576167931856,68.3925215496385,182.396122673824));
#2139=CARTESIAN_POINT('',(-62.2073859395914,76.3960030210535,182.698024156292));
#2140=CARTESIAN_POINT('',(-61.9362947658522,75.5635618649846,182.698717013362));
#2141=CARTESIAN_POINT('',(-60.9538409184011,73.0783492704213,182.700089578882));
#2142=CARTESIAN_POINT('',(-59.2569031976578,70.4003733241697,182.699050682432));
#2143=CARTESIAN_POINT('',(-57.7483573466305,68.6987032536514,182.696686140236));
#2144=CARTESIAN_POINT('',(-57.4165355081783,68.3490948318994,182.69611262566));
#2145=CARTESIAN_POINT('',(-62.2046764912319,76.3876303937705,182.998022137908));
#2146=CARTESIAN_POINT('',(-61.931464031143,75.5498539977078,182.997819293018));
#2147=CARTESIAN_POINT('',(-60.9426754508371,73.0544669280361,182.997218075796));
#2148=CARTESIAN_POINT('',(-59.2306845550283,70.3626240590677,182.996580490659));
#2149=CARTESIAN_POINT('',(-57.7107382796538,68.6569407918364,182.996183878551));
#2150=CARTESIAN_POINT('',(-57.375454223171,68.3056681141603,182.996102577497));
#2151=CARTESIAN_POINT('',(-49.4695211507885,64.1524993560276,183.995208338499));
#2152=CARTESIAN_POINT('',(-51.0123528234793,64.7642849813996,183.995333643181));
#2153=CARTESIAN_POINT('',(-53.9935513824559,66.3958517931265,183.995687073018));
#2154=CARTESIAN_POINT('',(-57.7434907168632,69.8922768920362,183.996489299619));
#2155=CARTESIAN_POINT('',(-60.4949754635562,74.2185630418363,183.997514016084));
#2156=CARTESIAN_POINT('',(-61.5536631832382,77.4479103894602,183.998295820969));
#2157=CARTESIAN_POINT('',(-61.8729024580207,79.0766381611618,183.998693773726));
#2158=CARTESIAN_POINT('',(-49.8382908583761,63.2230109453382,183.9949418103));
#2159=CARTESIAN_POINT('',(-51.457309631223,63.8650076063564,183.995073302754));
#2160=CARTESIAN_POINT('',(-54.5857237186967,65.5771438658492,183.995444185553));
#2161=CARTESIAN_POINT('',(-58.5208398240661,69.2462278219692,183.996286027357));
#2162=CARTESIAN_POINT('',(-61.4081961485443,73.7861523923504,183.997361345854));
#2163=CARTESIAN_POINT('',(-62.5191629124124,77.1749695634578,183.998181757398));
#2164=CARTESIAN_POINT('',(-62.8541664496122,78.8841262296622,183.998599361632));
#2165=CARTESIAN_POINT('',(-49.8382738692595,63.2232586013588,182.994971904625));
#2166=CARTESIAN_POINT('',(-51.4572926421154,63.8652552623878,182.99510339708));
#2167=CARTESIAN_POINT('',(-54.5857067296045,65.5773915219046,182.995474279879));
#2168=CARTESIAN_POINT('',(-58.5208228349874,69.2464754780656,182.996316121682));
#2169=CARTESIAN_POINT('',(-61.4081791594685,73.7864000484899,182.997391440179));
#2170=CARTESIAN_POINT('',(-62.5191459233314,77.1752172196254,182.998211851723));
#2171=CARTESIAN_POINT('',(-62.854149460527,78.8843738858431,182.998629455957));
#2172=CARTESIAN_POINT('',(-57.0965541782843,68.0192024960743,181.089068405738));
#2173=CARTESIAN_POINT('',(-56.2557340386011,67.1705989277292,181.280709058182));
#2174=CARTESIAN_POINT('',(-54.1305976257316,65.3630289753267,181.726763414902));
#2175=CARTESIAN_POINT('',(-51.6897685066058,63.9963415211661,182.172932462788));
#2176=CARTESIAN_POINT('',(-50.2278101175153,63.3824309183747,182.427434824843));
#2177=CARTESIAN_POINT('',(-57.1895208599132,68.1146910354363,181.724746462991));
#2178=CARTESIAN_POINT('',(-56.3269843251393,67.2325646245176,181.852433670233));
#2179=CARTESIAN_POINT('',(-54.1392282988457,65.3561817015657,182.149650074907));
#2180=CARTESIAN_POINT('',(-51.6122765517757,63.9526461015733,182.446989440885));
#2181=CARTESIAN_POINT('',(-50.09796470143,63.3293734793694,182.616613851437));
#2182=CARTESIAN_POINT('',(-57.2824875415421,68.2101795747983,182.360424520244));
#2183=CARTESIAN_POINT('',(-56.3982346116775,67.2945303213059,182.424158282284));
#2184=CARTESIAN_POINT('',(-54.1478589719597,65.3493344278046,182.572536734911));
#2185=CARTESIAN_POINT('',(-51.5347845969455,63.9089506819806,182.721046418982));
#2186=CARTESIAN_POINT('',(-49.9681192853448,63.2763160403641,182.805792878031));
#2187=CARTESIAN_POINT('',(-57.375454223171,68.3056681141603,182.996102577497));
#2188=CARTESIAN_POINT('',(-56.4694848982157,67.3564960180942,182.995882894335));
#2189=CARTESIAN_POINT('',(-54.1564896450738,65.3424871540436,182.995423394916));
#2190=CARTESIAN_POINT('',(-51.4572926421154,63.8652552623878,182.99510339708));
#2191=CARTESIAN_POINT('',(-49.8382738692595,63.2232586013588,182.994971904625));
#2192=CARTESIAN_POINT('',(-57.0965541903867,68.0192025090673,181.08906840314));
#2193=CARTESIAN_POINT('',(-57.1275430829183,68.0510320207444,181.30096108918));
#2194=CARTESIAN_POINT('',(-57.1895208679814,68.1146910440983,181.724746461259));
#2195=CARTESIAN_POINT('',(-57.2824875455762,68.2101795791293,182.360424519378));
#2196=CARTESIAN_POINT('',(-57.3444653306394,68.2738386024833,182.784209891457));
#2197=CARTESIAN_POINT('',(-57.375454223171,68.3056681141603,182.996102577497));
#2198=CARTESIAN_POINT('',(-57.1618671848407,68.08532816991,181.0740633682));
#2199=CARTESIAN_POINT('',(-57.1871206070629,68.1114187828911,181.2765125415));
#2200=CARTESIAN_POINT('',(-57.2376274515069,68.1636000088571,181.681410872449));
#2201=CARTESIAN_POINT('',(-57.3133877181746,68.2418718477829,182.288758462771));
#2202=CARTESIAN_POINT('',(-57.3638945626181,68.2940530737562,182.693656764531));
#2203=CARTESIAN_POINT('',(-57.3891479848401,68.32014368674,182.896105926885));
#2204=CARTESIAN_POINT('',(-57.3007009369918,68.2279908401163,181.098855067926));
#2205=CARTESIAN_POINT('',(-57.3135714449014,68.2414468392032,181.276328130234));
#2206=CARTESIAN_POINT('',(-57.3393124607198,68.2683588373887,181.6312742079));
#2207=CARTESIAN_POINT('',(-57.3779239844523,68.3087268345972,182.163693606094));
#2208=CARTESIAN_POINT('',(-57.4036650002692,68.3356388328043,182.518639596191));
#2209=CARTESIAN_POINT('',(-57.4165355081783,68.3490948318994,182.69611262566));
#2210=CARTESIAN_POINT('',(-57.4578433519165,68.3928563508291,181.290370753953));
#2211=CARTESIAN_POINT('',(-57.4578181787242,68.3928191506966,181.413232079058));
#2212=CARTESIAN_POINT('',(-57.4577678323379,68.3927447504549,181.658954635369));
#2213=CARTESIAN_POINT('',(-57.4576923127682,68.3926331499529,182.027539033223));
#2214=CARTESIAN_POINT('',(-57.457641966379,68.3925587497546,182.273261414396));
#2215=CARTESIAN_POINT('',(-57.4576167931856,68.3925215496385,182.396122673824));
#2216=CARTESIAN_POINT('',(-57.4979103437343,68.4353806585441,181.482506433857));
#2217=CARTESIAN_POINT('',(-57.4964763407109,68.4338353292387,181.561797872395));
#2218=CARTESIAN_POINT('',(-57.493608334662,68.430744670659,181.720380624272));
#2219=CARTESIAN_POINT('',(-57.4893063256015,68.4261086826034,181.958255503271));
#2220=CARTESIAN_POINT('',(-57.4864383195486,68.4230180240815,182.116838021631));
#2221=CARTESIAN_POINT('',(-57.4850043165238,68.4214726947979,182.196129372599));
#2222=CARTESIAN_POINT('',(-57.498689253421,68.4360769089843,181.576711722158));
#2223=CARTESIAN_POINT('',(-57.4986902339512,68.4360626154722,181.634425167595));
#2224=CARTESIAN_POINT('',(-57.4986921950092,68.4360340284828,181.749851917623));
#2225=CARTESIAN_POINT('',(-57.4986951366107,68.4359911477895,181.922992887745));
#2226=CARTESIAN_POINT('',(-57.4986970976643,68.4359625608652,182.038419375065));
#2227=CARTESIAN_POINT('',(-57.4986980781929,68.4359482673775,182.096132721987));
#2228=CARTESIAN_POINT('',(-57.15831105497,68.2535168925,181.0552246937));
#2229=CARTESIAN_POINT('',(-57.57436309999,67.84938415065,181.0551175362));
#2230=CARTESIAN_POINT('',(-57.990415145,67.4452514088,181.0550103787));
#2231=CARTESIAN_POINT('',(-58.40646719001,67.04111866695,181.0549032212));
#2232=CARTESIAN_POINT('',(-57.13113095236,68.22553465338,181.0615181629));
#2233=CARTESIAN_POINT('',(-57.54643689762,67.82063383881,181.0614108279));
#2234=CARTESIAN_POINT('',(-57.96174284288,67.41573302424,181.0613034928));
#2235=CARTESIAN_POINT('',(-58.37704878814,67.01083220968,181.0611961578));
#2236=CARTESIAN_POINT('',(-56.49530255774,67.57456070191,181.2083239467));
#2237=CARTESIAN_POINT('',(-56.89315487491,67.15179157965,181.2082124828));
#2238=CARTESIAN_POINT('',(-57.29100719208,66.72902245738,181.208101019));
#2239=CARTESIAN_POINT('',(-57.68885950925,66.30625333512,181.2079895552));
#2240=CARTESIAN_POINT('',(-55.04883756824,66.2732333798,181.5216491059));
#2241=CARTESIAN_POINT('',(-55.40698411567,65.81474481115,181.5215294703));
#2242=CARTESIAN_POINT('',(-55.76513066309,65.3562562425,181.5214098346));
#2243=CARTESIAN_POINT('',(-56.12327721051,64.89776767386,181.521290199));
#2244=CARTESIAN_POINT('',(-52.7113044269,64.6825650986,181.9766910698));
#2245=CARTESIAN_POINT('',(-53.00528521941,64.18041560617,181.9765617111));
#2246=CARTESIAN_POINT('',(-53.29926601193,63.67826611374,181.9764323523));
#2247=CARTESIAN_POINT('',(-53.59324680444,63.17611662131,181.9763029936));
#2248=CARTESIAN_POINT('',(-50.9255219276,63.79970756385,182.2975426308));
#2249=CARTESIAN_POINT('',(-51.17048264384,63.27332571728,182.2974081034));
#2250=CARTESIAN_POINT('',(-51.41544336008,62.74694387071,182.2972735761));
#2251=CARTESIAN_POINT('',(-51.66040407632,62.22056202413,182.2971390487));
#2252=CARTESIAN_POINT('',(-50.04190099234,63.43511641658,182.4518405482));
#2253=CARTESIAN_POINT('',(-50.26260614447,62.89872755229,182.4517039546));
#2254=CARTESIAN_POINT('',(-50.48331129659,62.362338688,182.451567361));
#2255=CARTESIAN_POINT('',(-50.70401644871,61.82594982371,182.4514307674));
#2256=CARTESIAN_POINT('',(-50.00579963887,63.42033760464,182.4581374399));
#2257=CARTESIAN_POINT('',(-50.22551380192,62.88354310317,182.4580007626));
#2258=CARTESIAN_POINT('',(-50.44522796497,62.34674860169,182.4578640854));
#2259=CARTESIAN_POINT('',(-50.66494212802,61.80995410022,182.4577274081));
#2260=CARTESIAN_POINT('',(-58.1944589222745,66.9961134050455,181.08189542173));
#2261=CARTESIAN_POINT('',(-57.8284852016413,67.3371363750265,181.084136038008));
#2262=CARTESIAN_POINT('',(-57.4624948668691,67.6781412910997,181.086521738176));
#2263=CARTESIAN_POINT('',(-57.0965542023316,68.0192025218986,181.089068399466));
#2264=CARTESIAN_POINT('',(-58.4065823389345,67.2110783100256,181.036639634634));
#2265=CARTESIAN_POINT('',(-58.0404935140458,67.5519250749881,181.037791256871));
#2266=CARTESIAN_POINT('',(-57.674365209907,67.8927232077694,181.039042382422));
#2267=CARTESIAN_POINT('',(-57.3082423106958,68.2335245899308,181.040435084349));
#2268=CARTESIAN_POINT('',(-58.5926071039732,67.4098386150481,181.27051081639));
#2269=CARTESIAN_POINT('',(-58.2271521651207,67.751199853752,181.270644157209));
#2270=CARTESIAN_POINT('',(-57.861665826562,68.092520772757,181.270808199705));
#2271=CARTESIAN_POINT('',(-57.4961618777966,68.4338177436197,181.27103757277));
#2272=CARTESIAN_POINT('',(-58.5925944983682,67.4097438724126,181.576438951912));
#2273=CARTESIAN_POINT('',(-58.2279594167184,67.7518548846024,181.576529875327));
#2274=CARTESIAN_POINT('',(-57.8633243350687,68.0939658967922,181.576620798742));
#2275=CARTESIAN_POINT('',(-57.4986892534188,68.436076908982,181.576711722158));
#2276=CARTESIAN_POINT('',(-50.7857935002463,61.9898710206476,182.430770165912));
#2277=CARTESIAN_POINT('',(-50.6774624947513,61.9444987407718,182.447660784986));
#2278=CARTESIAN_POINT('',(-50.4738166914798,61.8614130302662,182.570748605038));
#2279=CARTESIAN_POINT('',(-50.3907558652582,61.8287697699687,182.806483926672));
#2280=CARTESIAN_POINT('',(-50.3914432308701,61.8290029413813,182.925220301257));
#2281=CARTESIAN_POINT('',(-50.599811462766,62.4540586118986,182.42973770279));
#2282=CARTESIAN_POINT('',(-50.4936968356838,62.4095694161326,182.44444131385));
#2283=CARTESIAN_POINT('',(-50.2907814789126,62.3266974470846,182.561641619905));
#2284=CARTESIAN_POINT('',(-50.2030740828967,62.2921855428048,182.797112799239));
#2285=CARTESIAN_POINT('',(-50.2020726406438,62.29175662995,182.917584373659));
#2286=CARTESIAN_POINT('',(-50.4138186688871,62.9182456394001,182.428631250086));
#2287=CARTESIAN_POINT('',(-50.3099042962275,62.8746327692306,182.441150154819));
#2288=CARTESIAN_POINT('',(-50.1076886990985,62.7919620116282,182.552480835998));
#2289=CARTESIAN_POINT('',(-50.0153219339783,62.7555764303638,182.787723042131));
#2290=CARTESIAN_POINT('',(-50.012631568279,62.7544853821862,182.909947485007));
#2291=CARTESIAN_POINT('',(-50.2278101175153,63.3824309183747,182.427434824843));
#2292=CARTESIAN_POINT('',(-50.1260763834641,63.3396861677251,182.437772502947));
#2293=CARTESIAN_POINT('',(-49.9245236938527,63.2572016008716,182.543256673422));
#2294=CARTESIAN_POINT('',(-49.8274831748897,63.2189366972981,182.778313381953));
#2295=CARTESIAN_POINT('',(-49.8231043726247,63.2171836980745,182.902312276096));
#2296=CARTESIAN_POINT('',(-49.8382738692595,63.2232586013588,182.994971904625));
#2297=CARTESIAN_POINT('',(-49.8642429524766,63.2338700891599,182.957136099306));
#2298=CARTESIAN_POINT('',(-49.9161811189107,63.255093064762,182.881464488669));
#2299=CARTESIAN_POINT('',(-49.9940883685618,63.2869275281652,182.767957072712));
#2300=CARTESIAN_POINT('',(-50.071995618213,63.3187619915683,182.654449656756));
#2301=CARTESIAN_POINT('',(-50.1499028678641,63.3505964549715,182.540942240799));
#2302=CARTESIAN_POINT('',(-50.2018410342982,63.3718194305736,182.465270630162));
#2303=CARTESIAN_POINT('',(-50.2278101175153,63.3824309183747,182.427434824843));
#2304=CARTESIAN_POINT('',(-49.8365883696334,63.222583612105,182.984676390344));
#2305=CARTESIAN_POINT('',(-49.8598553085779,63.2320894313599,182.945853608477));
#2306=CARTESIAN_POINT('',(-49.9078080761633,63.2516597505428,182.868216396961));
#2307=CARTESIAN_POINT('',(-49.983516858729,63.2825321262701,182.753160167531));
#2308=CARTESIAN_POINT('',(-50.0625926562381,63.3147942055832,182.640546444445));
#2309=CARTESIAN_POINT('',(-50.1443449702494,63.3482049470043,182.531467628728));
#2310=CARTESIAN_POINT('',(-50.1999611894015,63.3709962826351,182.46155087783));
#2311=CARTESIAN_POINT('',(-50.2278101175153,63.3824309183747,182.427434824843));
#2312=CARTESIAN_POINT('',(-49.8332173703812,63.2212336335973,182.964085361782));
#2313=CARTESIAN_POINT('',(-49.8510800207807,63.22852811576,182.923288626818));
#2314=CARTESIAN_POINT('',(-49.8910619906686,63.2447931221045,182.841720213546));
#2315=CARTESIAN_POINT('',(-49.9623738390634,63.2737413224801,182.723566357167));
#2316=CARTESIAN_POINT('',(-50.0437867322885,63.306858633613,182.612740019823));
#2317=CARTESIAN_POINT('',(-50.1332291750199,63.3434219310699,182.512518404585));
#2318=CARTESIAN_POINT('',(-50.1962014996081,63.3693499867579,182.454111373166));
#2319=CARTESIAN_POINT('',(-50.2278101175153,63.3824309183747,182.427434824843));
#2320=CARTESIAN_POINT('',(-49.828160871503,63.2192086658359,182.933198818939));
#2321=CARTESIAN_POINT('',(-49.8379170890848,63.2231861423602,182.88944115433));
#2322=CARTESIAN_POINT('',(-49.8659428624266,63.234493179447,182.801975938423));
#2323=CARTESIAN_POINT('',(-49.9306593095649,63.2605551167951,182.679175641621));
#2324=CARTESIAN_POINT('',(-50.015577846364,63.2949552756576,182.57103038289));
#2325=CARTESIAN_POINT('',(-50.1165554821756,63.3362474071683,182.48409456837));
#2326=CARTESIAN_POINT('',(-50.1905619649179,63.3668805429422,182.442952116171));
#2327=CARTESIAN_POINT('',(-50.2278101175153,63.3824309183747,182.427434824843));
#2328=CARTESIAN_POINT('',(-49.8247898722508,63.2178586873283,182.912607790377));
#2329=CARTESIAN_POINT('',(-49.8291418012876,63.2196248267602,182.866876172671));
#2330=CARTESIAN_POINT('',(-49.8491967769319,63.2276265510087,182.775479755008));
#2331=CARTESIAN_POINT('',(-49.9095162898993,63.2517643130051,182.649581831258));
#2332=CARTESIAN_POINT('',(-49.9967719224143,63.2870197036874,182.543223958268));
#2333=CARTESIAN_POINT('',(-50.1054396869462,63.3314643912339,182.465145344227));
#2334=CARTESIAN_POINT('',(-50.1868022751245,63.3652342470651,182.435512611508));
#2335=CARTESIAN_POINT('',(-50.2278101175153,63.3824309183747,182.427434824843));
#2336=CARTESIAN_POINT('',(-49.8231043726247,63.2171836980745,182.902312276096));
#2337=CARTESIAN_POINT('',(-49.824754157389,63.2178441689603,182.855593681842));
#2338=CARTESIAN_POINT('',(-49.8408237341846,63.2241932367895,182.7622316633));
#2339=CARTESIAN_POINT('',(-49.8989447800665,63.2473689111102,182.634784926076));
#2340=CARTESIAN_POINT('',(-49.9873689604394,63.2830519177023,182.529320745957));
#2341=CARTESIAN_POINT('',(-50.0998817893314,63.3290728832666,182.455670732156));
#2342=CARTESIAN_POINT('',(-50.1849224302278,63.3644110991265,182.431792859176));
#2343=CARTESIAN_POINT('',(-50.2278101175153,63.3824309183747,182.427434824843));
#2344=CARTESIAN_POINT('',(-50.3914436930962,61.8289875069297,182.994617196471));
#2345=CARTESIAN_POINT('',(-50.2070537518173,62.293744538406,182.994735432522));
#2346=CARTESIAN_POINT('',(-50.0226638105384,62.7585015698825,182.994853668574));
#2347=CARTESIAN_POINT('',(-49.8382738692595,63.2232586013588,182.994971904625));
#2348=CARTESIAN_POINT('',(-50.3914433000873,61.8289932359579,182.971484887197));
#2349=CARTESIAN_POINT('',(-50.2053928435247,62.2930832164674,182.96901838977));
#2350=CARTESIAN_POINT('',(-50.0193194906046,62.7571634243676,182.966551597686));
#2351=CARTESIAN_POINT('',(-49.8332173703812,63.2212336335974,182.964085361782));
#2352=CARTESIAN_POINT('',(-50.3914429070782,61.8289989649818,182.948352594462));
#2353=CARTESIAN_POINT('',(-50.2037319369502,62.2924218952148,182.943301366226));
#2354=CARTESIAN_POINT('',(-50.0159751712101,62.7558252790694,182.93824952762));
#2355=CARTESIAN_POINT('',(-49.828160871503,63.2192086658359,182.933198818939));
#2356=CARTESIAN_POINT('',(-50.3914425140688,61.8290046940056,182.925220301702));
#2357=CARTESIAN_POINT('',(-50.2020710303727,62.2917605739611,182.917584342654));
#2358=CARTESIAN_POINT('',(-50.0126308518148,62.7544871337709,182.909947457553));
#2359=CARTESIAN_POINT('',(-49.8231043726247,63.2171836980745,182.902312276096));
#2360=CARTESIAN_POINT('',(-50.3914436930962,61.8289875069297,182.994617196471));
#2361=CARTESIAN_POINT('',(-50.3930106721579,61.8249036251061,183.650262784404));
#2362=CARTESIAN_POINT('',(-50.2920894907449,62.0791429616436,184.299550118205));
#2363=CARTESIAN_POINT('',(-49.9507602048593,62.9392754672857,185.225385864623));
#2364=CARTESIAN_POINT('',(-49.7113557630461,63.5426394493349,185.499250992759));
#2365=CARTESIAN_POINT('',(-49.4695595969832,64.1520887111773,185.495208494936));
#2366=CARTESIAN_POINT('',(-50.2070537518173,62.293744538406,182.994735432522));
#2367=CARTESIAN_POINT('',(-50.2082534409104,62.2906132694814,183.519266078664));
#2368=CARTESIAN_POINT('',(-50.1276569447866,62.4936508192926,184.038747760537));
#2369=CARTESIAN_POINT('',(-49.8545324471704,63.1819110340813,184.779584810892));
#2370=CARTESIAN_POINT('',(-49.6629879438095,63.6646553264216,184.998296754444));
#2371=CARTESIAN_POINT('',(-49.469546781585,64.1522255927939,184.995208442791));
#2372=CARTESIAN_POINT('',(-50.0226638105384,62.7585015698825,182.994853668574));
#2373=CARTESIAN_POINT('',(-50.0234962096631,62.7563229138567,183.388269372924));
#2374=CARTESIAN_POINT('',(-49.9632243988283,62.9081586769417,183.777945402868));
#2375=CARTESIAN_POINT('',(-49.7583046894816,63.424546600877,184.33378375716));
#2376=CARTESIAN_POINT('',(-49.614620124573,63.7866712035083,184.497342516128));
#2377=CARTESIAN_POINT('',(-49.4695339661868,64.1523624744106,184.495208390645));
#2378=CARTESIAN_POINT('',(-49.8382738692595,63.2232586013588,182.994971904625));
#2379=CARTESIAN_POINT('',(-49.8387389784156,63.2220325582321,183.257272667184));
#2380=CARTESIAN_POINT('',(-49.79879185287,63.3226665345909,183.5171430452));
#2381=CARTESIAN_POINT('',(-49.6620769317926,63.6671821676729,183.887982703429));
#2382=CARTESIAN_POINT('',(-49.5662523053363,63.9086870805954,183.996388277812));
#2383=CARTESIAN_POINT('',(-49.4695211507886,64.1524993560276,183.995208338499));
#2384=CARTESIAN_POINT('',(-49.4695211507886,64.1524993560276,183.995208338499));
#2385=CARTESIAN_POINT('',(-49.4695339661869,64.1523624744106,184.495208390645));
#2386=CARTESIAN_POINT('',(-49.469546781585,64.152225592794,184.995208442791));
#2387=CARTESIAN_POINT('',(-49.4695595969832,64.1520887111773,185.495208494936));
#2388=CARTESIAN_POINT('',(-49.3773222563386,64.3848877617819,183.995267459044));
#2389=CARTESIAN_POINT('',(-49.3773350717368,64.3847508801649,184.49526751119));
#2390=CARTESIAN_POINT('',(-49.377347887135,64.3846139985483,184.995267563335));
#2391=CARTESIAN_POINT('',(-49.3773607025331,64.3844771169316,185.495267615481));
#2392=CARTESIAN_POINT('',(-49.2851233618886,64.6172761675364,183.995326579589));
#2393=CARTESIAN_POINT('',(-49.2851361772868,64.6171392859194,184.495326631735));
#2394=CARTESIAN_POINT('',(-49.285148992685,64.6170024043027,184.99532668388));
#2395=CARTESIAN_POINT('',(-49.2851618080832,64.616865522686,185.495326736026));
#2396=CARTESIAN_POINT('',(-49.1929244674387,64.8496645732907,183.995385700134));
#2397=CARTESIAN_POINT('',(-49.1929372828369,64.8495276916738,184.49538575228));
#2398=CARTESIAN_POINT('',(-49.1929500982351,64.8493908100571,184.995385804425));
#2399=CARTESIAN_POINT('',(-49.1929629136333,64.8492539284404,185.495385856571));
#2400=CARTESIAN_POINT('',(-49.23698583464,61.40664739189,183.154532217));
#2401=CARTESIAN_POINT('',(-49.23693871674,61.40733424524,180.3811989691));
#2402=CARTESIAN_POINT('',(-49.23689159884,61.40802109858,177.6078657212));
#2403=CARTESIAN_POINT('',(-49.23684448094,61.40870795193,174.8345324734));
#2404=CARTESIAN_POINT('',(-49.88871445861,61.62527123138,183.1545752895));
#2405=CARTESIAN_POINT('',(-49.88866734071,61.62595808472,180.3812420416));
#2406=CARTESIAN_POINT('',(-49.88862022281,61.62664493807,177.6079087937));
#2407=CARTESIAN_POINT('',(-49.88857310491,61.62733179142,174.8345755459));
#2408=CARTESIAN_POINT('',(-51.17233929038,62.12163752261,183.154676413));
#2409=CARTESIAN_POINT('',(-51.17229217248,62.12232437595,180.3813431651));
#2410=CARTESIAN_POINT('',(-51.17224505458,62.1230112293,177.6080099172));
#2411=CARTESIAN_POINT('',(-51.17219793668,62.12369808264,174.8346766694));
#2412=CARTESIAN_POINT('',(-53.02247162059,63.03742994642,183.1548717883));
#2413=CARTESIAN_POINT('',(-53.02242450269,63.03811679976,180.3815385404));
#2414=CARTESIAN_POINT('',(-53.02237738479,63.03880365311,177.6082052925));
#2415=CARTESIAN_POINT('',(-53.02233026689,63.03949050646,174.8348720446));
#2416=CARTESIAN_POINT('',(-54.78210565399,64.1169449616,183.1551092492));
#2417=CARTESIAN_POINT('',(-54.78205853609,64.11763181494,180.3817760013));
#2418=CARTESIAN_POINT('',(-54.78201141819,64.11831866829,177.6084427534));
#2419=CARTESIAN_POINT('',(-54.78196430029,64.11900552164,174.8351095055));
#2420=CARTESIAN_POINT('',(-56.43679223961,65.35131811778,183.1553868458));
#2421=CARTESIAN_POINT('',(-56.43674512171,65.35200497113,180.3820535979));
#2422=CARTESIAN_POINT('',(-56.43669800381,65.35269182448,177.6087203501));
#2423=CARTESIAN_POINT('',(-56.43665088591,65.35337867782,174.8353871022));
#2424=CARTESIAN_POINT('',(-57.97294371808,66.73041323569,183.1557022987));
#2425=CARTESIAN_POINT('',(-57.97289660018,66.73110008904,180.3823690508));
#2426=CARTESIAN_POINT('',(-57.97284948228,66.73178694239,177.6090358029));
#2427=CARTESIAN_POINT('',(-57.97280236438,66.73247379573,174.835702555));
#2428=CARTESIAN_POINT('',(-59.37794586954,68.24290576588,183.1560530174));
#2429=CARTESIAN_POINT('',(-59.37789875164,68.24359261922,180.3827197695));
#2430=CARTESIAN_POINT('',(-59.37785163374,68.24427947257,177.6093865216));
#2431=CARTESIAN_POINT('',(-59.37780451584,68.24496632592,174.8360532737));
#2432=CARTESIAN_POINT('',(-60.64026139675,69.87637574782,183.1564361219));
#2433=CARTESIAN_POINT('',(-60.64021427885,69.87706260117,180.3831028741));
#2434=CARTESIAN_POINT('',(-60.64016716095,69.87774945451,177.6097696262));
#2435=CARTESIAN_POINT('',(-60.64012004305,69.87843630786,174.8364363783));
#2436=CARTESIAN_POINT('',(-61.74952469128,71.61740980642,183.1568484665));
#2437=CARTESIAN_POINT('',(-61.74947757338,71.61809665976,180.3835152186));
#2438=CARTESIAN_POINT('',(-61.74943045548,71.61878351311,177.6101819707));
#2439=CARTESIAN_POINT('',(-61.74938333758,71.61947036645,174.8368487229));
#2440=CARTESIAN_POINT('',(-62.6966269444,73.45171129464,183.1572866651));
#2441=CARTESIAN_POINT('',(-62.6965798265,73.45239814798,180.3839534172));
#2442=CARTESIAN_POINT('',(-62.6965327086,73.45308500133,177.6106201693));
#2443=CARTESIAN_POINT('',(-62.69648559071,73.45377185468,174.8372869214));
#2444=CARTESIAN_POINT('',(-63.47379094677,75.36421769228,183.1577471193));
#2445=CARTESIAN_POINT('',(-63.47374382887,75.36490454563,180.3844138714));
#2446=CARTESIAN_POINT('',(-63.47369671097,75.36559139898,177.6110806236));
#2447=CARTESIAN_POINT('',(-63.47364959308,75.36627825232,174.8377473757));
#2448=CARTESIAN_POINT('',(-64.0746349511,77.33922429296,183.1582260482));
#2449=CARTESIAN_POINT('',(-64.0745878332,77.33991114631,180.3848928003));
#2450=CARTESIAN_POINT('',(-64.0745407153,77.34059799965,177.6115595524));
#2451=CARTESIAN_POINT('',(-64.0744935974,77.341284853,174.8382263046));
#2452=CARTESIAN_POINT('',(-64.49422507655,79.36051316463,183.1587195189));
#2453=CARTESIAN_POINT('',(-64.49417795865,79.36120001798,180.3853862711));
#2454=CARTESIAN_POINT('',(-64.49413084075,79.36188687133,177.6120530232));
#2455=CARTESIAN_POINT('',(-64.49408372285,79.36257372467,174.8387197753));
#2456=CARTESIAN_POINT('',(-64.72911582367,81.41148632452,183.1592234794));
#2457=CARTESIAN_POINT('',(-64.72906870577,81.41217317787,180.3858902315));
#2458=CARTESIAN_POINT('',(-64.72902158787,81.41286003121,177.6125569836));
#2459=CARTESIAN_POINT('',(-64.72897446997,81.41354688456,174.8392237357));
#2460=CARTESIAN_POINT('',(-64.77737836744,83.47530203482,183.1597337912));
#2461=CARTESIAN_POINT('',(-64.77733124954,83.47598888817,180.3864005433));
#2462=CARTESIAN_POINT('',(-64.77728413164,83.47667574151,177.6130672954));
#2463=CARTESIAN_POINT('',(-64.77723701374,83.47736259486,174.8397340475));
#2464=CARTESIAN_POINT('',(-64.63861639594,85.53501310006,183.1602462639));
#2465=CARTESIAN_POINT('',(-64.63856927804,85.53569995341,180.386913016));
#2466=CARTESIAN_POINT('',(-64.63852216014,85.53638680675,177.6135797681));
#2467=CARTESIAN_POINT('',(-64.63847504224,85.5370736601,174.8402465203));
#2468=CARTESIAN_POINT('',(-64.31396936471,87.5737060304,183.1607566893));
#2469=CARTESIAN_POINT('',(-64.31392224681,87.57439288374,180.3874234414));
#2470=CARTESIAN_POINT('',(-64.31387512891,87.57507973709,177.6140901935));
#2471=CARTESIAN_POINT('',(-64.31382801101,87.57576659044,174.8407569457));
#2472=CARTESIAN_POINT('',(-63.80610314002,89.57463992817,183.161260876));
#2473=CARTESIAN_POINT('',(-63.80605602212,89.57532678151,180.3879276281));
#2474=CARTESIAN_POINT('',(-63.80600890422,89.57601363486,177.6145943802));
#2475=CARTESIAN_POINT('',(-63.80596178632,89.57670048821,174.8412611324));
#2476=CARTESIAN_POINT('',(-63.1191881079,91.52138395716,183.1617546838));
#2477=CARTESIAN_POINT('',(-63.11914099,91.52207081051,180.3884214359));
#2478=CARTESIAN_POINT('',(-63.1190938721,91.52275766386,177.6150881881));
#2479=CARTESIAN_POINT('',(-63.1190467542,91.5234445172,174.8417549402));
#2480=CARTESIAN_POINT('',(-62.25886492864,93.39795226582,183.1622340578));
#2481=CARTESIAN_POINT('',(-62.25881781074,93.39863911917,180.3889008099));
#2482=CARTESIAN_POINT('',(-62.25877069284,93.39932597251,177.6155675621));
#2483=CARTESIAN_POINT('',(-62.25872357494,93.40001282586,174.8422343142));
#2484=CARTESIAN_POINT('',(-61.23219821805,95.18893525638,183.1626950616));
#2485=CARTESIAN_POINT('',(-61.23215110015,95.18962210972,180.3893618137));
#2486=CARTESIAN_POINT('',(-61.23210398225,95.19030896307,177.6160285658));
#2487=CARTESIAN_POINT('',(-61.23205686435,95.19099581642,174.8426953179));
#2488=CARTESIAN_POINT('',(-60.04761853576,96.87962612207,183.1631339095));
#2489=CARTESIAN_POINT('',(-60.04757141786,96.88031297542,180.3898006616));
#2490=CARTESIAN_POINT('',(-60.04752429996,96.88099982877,177.6164674138));
#2491=CARTESIAN_POINT('',(-60.04747718206,96.88168668211,174.8431341659));
#2492=CARTESIAN_POINT('',(-58.71485315699,98.45614161333,183.163546998));
#2493=CARTESIAN_POINT('',(-58.7148060391,98.45682846668,180.3902137501));
#2494=CARTESIAN_POINT('',(-58.7147589212,98.45751532002,177.6168805022));
#2495=CARTESIAN_POINT('',(-58.7147118033,98.45820217337,174.8435472544));
#2496=CARTESIAN_POINT('',(-57.24484619627,99.90553604122,183.1639309349));
#2497=CARTESIAN_POINT('',(-57.24479907837,99.90622289456,180.3905976871));
#2498=CARTESIAN_POINT('',(-57.24475196047,99.90690974791,177.6172644392));
#2499=CARTESIAN_POINT('',(-57.24470484257,99.90759660126,174.8439311913));
#2500=CARTESIAN_POINT('',(-55.6496687387,101.2159075821,183.1642825676));
#2501=CARTESIAN_POINT('',(-55.6496216208,101.2165944354,180.3909493197));
#2502=CARTESIAN_POINT('',(-55.6495745029,101.2172812887,177.6176160718));
#2503=CARTESIAN_POINT('',(-55.649527385,101.2179681421,174.8442828239));
#2504=CARTESIAN_POINT('',(-53.94241971786,102.3764960102,183.1645990085));
#2505=CARTESIAN_POINT('',(-53.94237259996,102.3771828636,180.3912657606));
#2506=CARTESIAN_POINT('',(-53.94232548206,102.3778697169,177.6179325127));
#2507=CARTESIAN_POINT('',(-53.94227836416,102.3785565703,174.8445992648));
#2508=CARTESIAN_POINT('',(-52.13711835074,103.3777710567,183.1648776591));
#2509=CARTESIAN_POINT('',(-52.13707123284,103.3784579101,180.3915444112));
#2510=CARTESIAN_POINT('',(-52.13702411495,103.3791447634,177.6182111634));
#2511=CARTESIAN_POINT('',(-52.13697699705,103.3798316168,174.8448779155));
#2512=CARTESIAN_POINT('',(-50.24858902536,104.2115106676,183.1651162314));
#2513=CARTESIAN_POINT('',(-50.24854190746,104.212197521,180.3917829835));
#2514=CARTESIAN_POINT('',(-50.24849478956,104.2128843743,177.6184497356));
#2515=CARTESIAN_POINT('',(-50.24844767166,104.2135712277,174.8451164877));
#2516=CARTESIAN_POINT('',(-48.29233954084,104.8708685205,183.1653127662));
#2517=CARTESIAN_POINT('',(-48.29229242294,104.8715553738,180.3919795183));
#2518=CARTESIAN_POINT('',(-48.29224530504,104.8722422272,177.6186462704));
#2519=CARTESIAN_POINT('',(-48.29219818714,104.8729290805,174.8453130225));
#2520=CARTESIAN_POINT('',(-46.28443386894,105.3504302425,183.1654656497));
#2521=CARTESIAN_POINT('',(-46.28438675104,105.3511170959,180.3921324018));
#2522=CARTESIAN_POINT('',(-46.28433963314,105.3518039492,177.6187991539));
#2523=CARTESIAN_POINT('',(-46.28429251524,105.3524908026,174.845465906));
#2524=CARTESIAN_POINT('',(-44.24135985132,105.6462578745,183.1655736264));
#2525=CARTESIAN_POINT('',(-44.24131273342,105.6469447279,180.3922403786));
#2526=CARTESIAN_POINT('',(-44.24126561552,105.6476315812,177.6189071307));
#2527=CARTESIAN_POINT('',(-44.24121849762,105.6483184345,174.8455738828));
#2528=CARTESIAN_POINT('',(-42.86705013137,105.7193674221,183.165615082));
#2529=CARTESIAN_POINT('',(-42.86700301347,105.7200542754,180.3922818341));
#2530=CARTESIAN_POINT('',(-42.86695589557,105.7207411288,177.6189485863));
#2531=CARTESIAN_POINT('',(-42.86690877767,105.7214279821,174.8456153384));
#2532=CARTESIAN_POINT('',(-42.17965092642,105.7247448956,183.1656280925));
#2533=CARTESIAN_POINT('',(-42.17960380852,105.725431749,180.3922948446));
#2534=CARTESIAN_POINT('',(-42.17955669062,105.7261186023,177.6189615967));
#2535=CARTESIAN_POINT('',(-42.17950957272,105.7268054556,174.8456283488));
#2536=CARTESIAN_POINT('',(-64.3260865851056,78.5956074772759,182.998532931395));
#2537=CARTESIAN_POINT('',(-64.3304008030476,78.5946008469987,183.654266484205));
#2538=CARTESIAN_POINT('',(-63.7918032367507,78.6999517675342,184.953993440782));
#2539=CARTESIAN_POINT('',(-62.5164308521651,78.9500353629129,185.503021168342));
#2540=CARTESIAN_POINT('',(-61.8729708047341,79.0762780736013,185.498693942155));
#2541=CARTESIAN_POINT('',(-63.946595156083,76.6590090202256,182.998059754121));
#2542=CARTESIAN_POINT('',(-63.9508362263811,76.6576291033149,183.653793215724));
#2543=CARTESIAN_POINT('',(-63.4213946083517,76.8097046115397,184.953531588719));
#2544=CARTESIAN_POINT('',(-62.1677023259304,77.1704259916207,185.502586348879));
#2545=CARTESIAN_POINT('',(-61.5351803983135,77.3524880584847,185.498272761273));
#2546=CARTESIAN_POINT('',(-62.7059560555227,72.9651962829472,182.997166009652));
#2547=CARTESIAN_POINT('',(-62.709957980084,72.9631043594179,183.65289929898));
#2548=CARTESIAN_POINT('',(-62.2104504238686,73.2043023094908,184.952659235779));
#2549=CARTESIAN_POINT('',(-61.0276381310417,73.7760541131387,185.501765056241));
#2550=CARTESIAN_POINT('',(-60.4308768198934,74.064585976086,185.497477229754));
#2551=CARTESIAN_POINT('',(-59.5348704274128,68.1098706988118,182.996017398445));
#2552=CARTESIAN_POINT('',(-59.538261133656,68.1068429347519,183.651750466384));
#2553=CARTESIAN_POINT('',(-59.1152602648806,68.4651808013119,184.951538114641));
#2554=CARTESIAN_POINT('',(-58.1136059197699,69.3143047872119,185.500709552253));
#2555=CARTESIAN_POINT('',(-57.608243040314,69.7427774188022,185.496454831157));
#2556=CARTESIAN_POINT('',(-55.3743454585035,64.2890733642227,182.995141812214));
#2557=CARTESIAN_POINT('',(-55.3769342562557,64.2853091513103,183.650874711386));
#2558=CARTESIAN_POINT('',(-55.0543089185069,64.735828915419,184.95068348439));
#2559=CARTESIAN_POINT('',(-54.2903308577376,65.8032277205136,185.499904942675));
#2560=CARTESIAN_POINT('',(-53.9048812358128,66.3418251156134,185.49567545818));
#2561=CARTESIAN_POINT('',(-52.0873053524505,62.5014867093414,182.99475493792));
#2562=CARTESIAN_POINT('',(-52.089260536337,62.4973779076748,183.650487762514));
#2563=CARTESIAN_POINT('',(-51.8459451499542,62.9910301229423,184.950305870404));
#2564=CARTESIAN_POINT('',(-51.2697628037124,64.1605609977008,185.49954943249));
#2565=CARTESIAN_POINT('',(-50.9790605224683,64.7506864163309,185.495331099881));
#2566=CARTESIAN_POINT('',(-50.3914436930962,61.8289875069297,182.994617196471));
#2567=CARTESIAN_POINT('',(-50.3930719822311,61.8247490748986,183.650349994514));
#2568=CARTESIAN_POINT('',(-50.1906742792903,62.3346272300939,184.950171425801));
#2569=CARTESIAN_POINT('',(-49.7113797188624,63.5425790333766,185.499422857261));
#2570=CARTESIAN_POINT('',(-49.4695595969831,64.1520887111773,185.495208494936));
#2571=CARTESIAN_POINT('',(-49.1929244674387,64.8496645732907,183.995385700134));
#2572=CARTESIAN_POINT('',(-49.1929372828369,64.8495276916738,184.49538575228));
#2573=CARTESIAN_POINT('',(-49.1929500982351,64.8493908100571,184.995385804425));
#2574=CARTESIAN_POINT('',(-49.1929629136333,64.8492539284404,185.495385856571));
#2575=CARTESIAN_POINT('',(-47.8651123342654,64.322635486997,183.995277733312));
#2576=CARTESIAN_POINT('',(-47.8651241144256,64.3224982498749,184.495277785388));
#2577=CARTESIAN_POINT('',(-47.8651358945858,64.3223610127531,184.995277837463));
#2578=CARTESIAN_POINT('',(-47.865147674746,64.3222237756314,185.495277889538));
#2579=CARTESIAN_POINT('',(-45.0930558378868,63.5624259414218,183.99513655383));
#2580=CARTESIAN_POINT('',(-45.0930641043083,63.5622951232939,184.495136572128));
#2581=CARTESIAN_POINT('',(-45.0930723707298,63.5621643051661,184.995136590425));
#2582=CARTESIAN_POINT('',(-45.0930806371513,63.5620334870384,185.495136608722));
#2583=CARTESIAN_POINT('',(-42.2219726150593,63.4240050133012,183.995151051105));
#2584=CARTESIAN_POINT('',(-42.2219810244936,63.4238812038964,184.495151035708));
#2585=CARTESIAN_POINT('',(-42.2219894339279,63.4237573944918,184.995151020312));
#2586=CARTESIAN_POINT('',(-42.2219978433622,63.4236335850872,185.495151004915));
#2587=CARTESIAN_POINT('',(-40.7961316674475,63.512536397873,183.995197201601));
#2588=CARTESIAN_POINT('',(-40.7961401622611,63.5124125661404,184.495197186198));
#2589=CARTESIAN_POINT('',(-40.7961486570746,63.5122887344079,184.995197170794));
#2590=CARTESIAN_POINT('',(-40.7961571518882,63.5121649026754,185.49519715539));
#2591=CARTESIAN_POINT('',(-40.8035795523477,63.6318930822801,185.6852266875));
#2592=CARTESIAN_POINT('',(-39.4700518333,60.22035068651,175.0015960388));
#2593=CARTESIAN_POINT('',(-39.50639674714,60.80710354357,175.0017407386));
#2594=CARTESIAN_POINT('',(-39.54274166099,61.39385640063,175.0018854383));
#2595=CARTESIAN_POINT('',(-39.57908657483,61.98060925768,175.0020301381));
#2596=CARTESIAN_POINT('',(-39.5365088705,60.2162361549,174.9935648458));
#2597=CARTESIAN_POINT('',(-39.57285378434,60.80298901195,174.9937095456));
#2598=CARTESIAN_POINT('',(-39.60919869819,61.38974186901,174.9938542454));
#2599=CARTESIAN_POINT('',(-39.64554361203,61.97649472607,174.9939989451));
#2600=CARTESIAN_POINT('',(-39.6710388726,60.20790368211,174.9909447708));
#2601=CARTESIAN_POINT('',(-39.70738378645,60.79465653917,174.9910894705));
#2602=CARTESIAN_POINT('',(-39.74372870029,61.38140939623,174.9912341703));
#2603=CARTESIAN_POINT('',(-39.78007361413,61.96816225329,174.99137887));
#2604=CARTESIAN_POINT('',(-39.86954813108,60.19559851611,175.0274991909));
#2605=CARTESIAN_POINT('',(-39.90589304493,60.78235137316,175.0276438906));
#2606=CARTESIAN_POINT('',(-39.94223795877,61.36910423022,175.0277885904));
#2607=CARTESIAN_POINT('',(-39.97858287261,61.95585708728,175.0279332902));
#2608=CARTESIAN_POINT('',(-40.05676059227,60.18398348118,175.1030636006));
#2609=CARTESIAN_POINT('',(-40.09310550611,60.77073633824,175.1032083004));
#2610=CARTESIAN_POINT('',(-40.12945041996,61.3574891953,175.1033530002));
#2611=CARTESIAN_POINT('',(-40.1657953338,61.94424205236,175.1034976999));
#2612=CARTESIAN_POINT('',(-40.2251236795,60.17352715436,175.2145892633));
#2613=CARTESIAN_POINT('',(-40.26146859335,60.76028001142,175.2147339631));
#2614=CARTESIAN_POINT('',(-40.29781350719,61.34703286848,175.2148786628));
#2615=CARTESIAN_POINT('',(-40.33415842103,61.93378572554,175.2150233626));
#2616=CARTESIAN_POINT('',(-40.36784457753,60.16465140894,175.3575766472));
#2617=CARTESIAN_POINT('',(-40.40418949137,60.751404266,175.357721347));
#2618=CARTESIAN_POINT('',(-40.44053440522,61.33815712306,175.3578660467));
#2619=CARTESIAN_POINT('',(-40.47687931906,61.92490998012,175.3580107465));
#2620=CARTESIAN_POINT('',(-40.4791652014,60.15771433752,175.526256916));
#2621=CARTESIAN_POINT('',(-40.51551011524,60.74446719458,175.5264016158));
#2622=CARTESIAN_POINT('',(-40.55185502908,61.33122005163,175.5265463155));
#2623=CARTESIAN_POINT('',(-40.58819994292,61.91797290869,175.5266910153));
#2624=CARTESIAN_POINT('',(-40.5545942918,60.15299581806,175.7138244574));
#2625=CARTESIAN_POINT('',(-40.59093920564,60.73974867512,175.7139691572));
#2626=CARTESIAN_POINT('',(-40.62728411948,61.32650153218,175.7141138569));
#2627=CARTESIAN_POINT('',(-40.66362903332,61.91325438924,175.7142585567));
#2628=CARTESIAN_POINT('',(-40.59108857163,60.15068622473,175.91271237));
#2629=CARTESIAN_POINT('',(-40.62743348547,60.73743908178,175.9128570697));
#2630=CARTESIAN_POINT('',(-40.66377839931,61.32419193884,175.9130017695));
#2631=CARTESIAN_POINT('',(-40.70012331316,61.9109447959,175.9131464692));
#2632=CARTESIAN_POINT('',(-40.58848013959,60.15081455721,176.0475003367));
#2633=CARTESIAN_POINT('',(-40.62482505343,60.73756741427,176.0476450365));
#2634=CARTESIAN_POINT('',(-40.66116996727,61.32432027132,176.0477897362));
#2635=CARTESIAN_POINT('',(-40.69751488111,61.91107312838,176.047934436));
#2636=CARTESIAN_POINT('',(-40.58046758524,60.15129445396,176.114085139));
#2637=CARTESIAN_POINT('',(-40.61681249908,60.73804731102,176.1142298387));
#2638=CARTESIAN_POINT('',(-40.65315741293,61.32480016808,176.1143745385));
#2639=CARTESIAN_POINT('',(-40.68950232677,61.91155302514,176.1145192383));
#2640=CARTESIAN_POINT('',(-39.5983232349073,60.3547530348798,174.994439172805));
#2641=CARTESIAN_POINT('',(-38.2726571276406,60.4955183312063,174.99449655114));
#2642=CARTESIAN_POINT('',(-36.9594238844959,60.7531497830382,174.99457871042));
#2643=CARTESIAN_POINT('',(-35.6788368417751,61.1237264338876,174.994692244247));
#2644=CARTESIAN_POINT('',(-39.6292672302507,60.8543133791909,174.99456236993));
#2645=CARTESIAN_POINT('',(-38.347456338675,60.9916737785733,174.994618159895));
#2646=CARTESIAN_POINT('',(-37.0776355855447,61.2407901225442,174.994697472762));
#2647=CARTESIAN_POINT('',(-35.8389413895525,61.5979478809252,174.994806971473));
#2648=CARTESIAN_POINT('',(-39.6602112255911,61.3538737235062,174.994685567071));
#2649=CARTESIAN_POINT('',(-38.422255549707,61.4878292259449,174.994739768665));
#2650=CARTESIAN_POINT('',(-37.1958472865938,61.7284304620503,174.994816235104));
#2651=CARTESIAN_POINT('',(-35.9990459373299,62.0721693279627,174.994921698699));
#2652=CARTESIAN_POINT('',(-39.6911552430618,61.8534344251324,174.994808764246));
#2653=CARTESIAN_POINT('',(-38.4970548281329,61.9839850262927,174.994861377467));
#2654=CARTESIAN_POINT('',(-37.3140590012271,62.2160707980651,174.994934997445));
#2655=CARTESIAN_POINT('',(-36.1591504851073,62.5463907750003,174.995036425925));
#2656=CARTESIAN_POINT('',(-34.7663995738063,104.544234602448,183.165415670029));
#2657=CARTESIAN_POINT('',(-34.7663513845194,104.544918433279,180.392082421401));
#2658=CARTESIAN_POINT('',(-34.7663031952324,104.545602264121,177.618749172772));
#2659=CARTESIAN_POINT('',(-34.7662550059455,104.546286094953,174.845415924244));
#2660=CARTESIAN_POINT('',(-34.1146708698815,104.325611001211,183.165373087605));
#2661=CARTESIAN_POINT('',(-34.1146226805946,104.326294832053,180.392039838976));
#2662=CARTESIAN_POINT('',(-34.1145744913076,104.326978662885,177.618706590348));
#2663=CARTESIAN_POINT('',(-34.1145263020207,104.327662493716,174.845373341819));
#2664=CARTESIAN_POINT('',(-32.8310458565798,103.82924517922,183.165273001091));
#2665=CARTESIAN_POINT('',(-32.8309976672929,103.829929010062,180.391939752462));
#2666=CARTESIAN_POINT('',(-32.8309494780059,103.830612840894,177.618606503834));
#2667=CARTESIAN_POINT('',(-32.830901288719,103.831296671735,174.845273255305));
#2668=CARTESIAN_POINT('',(-30.9809131914416,102.913453431686,183.16507933883));
#2669=CARTESIAN_POINT('',(-30.9808650021546,102.914137262528,180.391746090201));
#2670=CARTESIAN_POINT('',(-30.9808168128677,102.91482109336,177.618412841573));
#2671=CARTESIAN_POINT('',(-30.9807686235807,102.915504924192,174.845079592944));
#2672=CARTESIAN_POINT('',(-29.221278763233,101.833939059647,183.164843734357));
#2673=CARTESIAN_POINT('',(-29.2212305739461,101.834622890489,180.391510485729));
#2674=CARTESIAN_POINT('',(-29.2211823846591,101.83530672132,177.6181772371));
#2675=CARTESIAN_POINT('',(-29.2211341953722,101.835990552152,174.844843988471));
#2676=CARTESIAN_POINT('',(-27.5665917261662,100.59956650819,183.164568122358));
#2677=CARTESIAN_POINT('',(-27.5665435368792,100.600250339022,180.39123487373));
#2678=CARTESIAN_POINT('',(-27.5664953475923,100.600934169854,177.617901625201));
#2679=CARTESIAN_POINT('',(-27.5664471583053,100.601618000695,174.844568376573));
#2680=CARTESIAN_POINT('',(-26.0304397433181,99.2204719516209,183.16425476616));
#2681=CARTESIAN_POINT('',(-26.0303915540312,99.2211557824526,180.390921517531));
#2682=CARTESIAN_POINT('',(-26.0303433647442,99.2218396132844,177.617588268903));
#2683=CARTESIAN_POINT('',(-26.0302951754573,99.2225234441261,174.844255020274));
#2684=CARTESIAN_POINT('',(-24.6254370386906,97.7079799347793,183.163906238779));
#2685=CARTESIAN_POINT('',(-24.6253888494036,97.7086637656211,180.39057299015));
#2686=CARTESIAN_POINT('',(-24.6253406601167,97.7093475964528,177.617239741522));
#2687=CARTESIAN_POINT('',(-24.6252924708297,97.7100314272846,174.843906492893));
#2688=CARTESIAN_POINT('',(-23.363120914066,96.0745104139802,183.163525402133));
#2689=CARTESIAN_POINT('',(-23.363072724779,96.0751942448119,180.390192153604));
#2690=CARTESIAN_POINT('',(-23.3630245354921,96.0758780756536,177.616858904976));
#2691=CARTESIAN_POINT('',(-23.3629763462051,96.0765619064854,174.843525656347));
#2692=CARTESIAN_POINT('',(-22.25385698278,94.3334767605267,183.163115383689));
#2693=CARTESIAN_POINT('',(-22.2538087934931,94.3341605913684,180.38978213506));
#2694=CARTESIAN_POINT('',(-22.2537606042061,94.3348444222001,177.616448886432));
#2695=CARTESIAN_POINT('',(-22.2537124149192,94.3355282530419,174.843115637903));
#2696=CARTESIAN_POINT('',(-21.3067540587915,92.4991756181319,183.16267955025));
#2697=CARTESIAN_POINT('',(-21.3067058695045,92.4998594489737,180.389346301621));
#2698=CARTESIAN_POINT('',(-21.3066576802176,92.5005432798054,177.616013052993));
#2699=CARTESIAN_POINT('',(-21.3066094909206,92.5012271106372,174.842679804364));
#2700=CARTESIAN_POINT('',(-20.5295893569492,90.5866695041562,183.162221480603));
#2701=CARTESIAN_POINT('',(-20.5295411676623,90.587353334988,180.388888231974));
#2702=CARTESIAN_POINT('',(-20.5294929783753,90.5880371658197,177.615554983446));
#2703=CARTESIAN_POINT('',(-20.5294447890784,90.5887209966614,174.842221734817));
#2704=CARTESIAN_POINT('',(-19.928744630287,88.6116631226502,183.161744936383));
#2705=CARTESIAN_POINT('',(-19.9286964410001,88.6123469534819,180.388411687755));
#2706=CARTESIAN_POINT('',(-19.9286482517131,88.6130307843237,177.615078439126));
#2707=CARTESIAN_POINT('',(-19.9286000624262,88.6137146151554,174.841745190598));
#2708=CARTESIAN_POINT('',(-19.5091537655764,86.5903744038641,183.161253830639));
#2709=CARTESIAN_POINT('',(-19.5091055762895,86.5910582346958,180.387920582111));
#2710=CARTESIAN_POINT('',(-19.5090573870025,86.5917420655275,177.614587333482));
#2711=CARTESIAN_POINT('',(-19.5090091977156,86.5924258963693,174.841254084853));
#2712=CARTESIAN_POINT('',(-19.2742622683379,84.5394013293124,183.160752196302));
#2713=CARTESIAN_POINT('',(-19.2742140790509,84.5400851601441,180.387418947673));
#2714=CARTESIAN_POINT('',(-19.274165889764,84.5407689909859,177.614085699045));
#2715=CARTESIAN_POINT('',(-19.274117700477,84.5414528218176,174.840752450416));
#2716=CARTESIAN_POINT('',(-19.2259989697511,82.4755856361045,183.160244152398));
#2717=CARTESIAN_POINT('',(-19.2259507804641,82.4762694669362,180.386910903769));
#2718=CARTESIAN_POINT('',(-19.2259025911772,82.476953297778,177.613577655141));
#2719=CARTESIAN_POINT('',(-19.2258544018902,82.4776371286097,174.840244406512));
#2720=CARTESIAN_POINT('',(-19.3647601879343,80.4158745195699,183.15973387084));
#2721=CARTESIAN_POINT('',(-19.3647119986473,80.4165583504017,180.386400622211));
#2722=CARTESIAN_POINT('',(-19.3646638093604,80.4172421812434,177.613067373583));
#2723=CARTESIAN_POINT('',(-19.3646156200734,80.4179260120751,174.839734125054));
#2724=CARTESIAN_POINT('',(-19.6894064735333,78.37718146997,183.15922554186));
#2725=CARTESIAN_POINT('',(-19.6893582842464,78.3778653008117,180.385892293232));
#2726=CARTESIAN_POINT('',(-19.6893100949594,78.3785491316435,177.612559044603));
#2727=CARTESIAN_POINT('',(-19.6892619056725,78.3792329624752,174.839225796075));
#2728=CARTESIAN_POINT('',(-20.1972719664011,76.3762473859539,183.158723339646));
#2729=CARTESIAN_POINT('',(-20.1972237771141,76.3769312167956,180.385390091018));
#2730=CARTESIAN_POINT('',(-20.1971755878272,76.3776150476274,177.612056842389));
#2731=CARTESIAN_POINT('',(-20.1971273985403,76.3782988784591,174.838723593861));
#2732=CARTESIAN_POINT('',(-20.884186286517,74.4295031052611,183.158231388045));
#2733=CARTESIAN_POINT('',(-20.8841380972301,74.4301869360928,180.384898139416));
#2734=CARTESIAN_POINT('',(-20.8840899079431,74.4308707669245,177.611564890888));
#2735=CARTESIAN_POINT('',(-20.8840417186562,74.4315545977663,174.838231642259));
#2736=CARTESIAN_POINT('',(-21.7445087794377,72.5529344815084,183.157753726801));
#2737=CARTESIAN_POINT('',(-21.7444605901508,72.5536183123402,180.384420478173));
#2738=CARTESIAN_POINT('',(-21.7444124008638,72.5543021431819,177.611087229644));
#2739=CARTESIAN_POINT('',(-21.7443642115769,72.5549859740136,174.837753981016));
#2740=CARTESIAN_POINT('',(-22.7711748349892,70.7619511150533,183.15729427829));
#2741=CARTESIAN_POINT('',(-22.7711266457022,70.762634945895,180.383961029662));
#2742=CARTESIAN_POINT('',(-22.7710784564153,70.7633187767268,177.610627781033));
#2743=CARTESIAN_POINT('',(-22.7710302671283,70.7640026075585,174.837294532405));
#2744=CARTESIAN_POINT('',(-23.9557538989203,69.0712598157525,183.156856815184));
#2745=CARTESIAN_POINT('',(-23.9557057096333,69.0719436465842,180.383523566555));
#2746=CARTESIAN_POINT('',(-23.9556575203464,69.0726274774159,177.610190318027));
#2747=CARTESIAN_POINT('',(-23.9556093310594,69.0733113082577,174.836857069398));
#2748=CARTESIAN_POINT('',(-25.2885187010887,67.4947438367265,183.156444929883));
#2749=CARTESIAN_POINT('',(-25.2884705117918,67.4954276675583,180.383111681255));
#2750=CARTESIAN_POINT('',(-25.2884223225048,67.4961114984,177.609778432626));
#2751=CARTESIAN_POINT('',(-25.2883741332179,67.4967953292317,174.836445184098));
#2752=CARTESIAN_POINT('',(-26.7585251316993,66.0453488709208,183.156062004529));
#2753=CARTESIAN_POINT('',(-26.7584769424124,66.0460327017625,180.382728756001));
#2754=CARTESIAN_POINT('',(-26.7584287531254,66.0467165325942,177.609395507372));
#2755=CARTESIAN_POINT('',(-26.7583805638385,66.047400363426,174.836062258744));
#2756=CARTESIAN_POINT('',(-28.3537021100051,64.7349767463923,183.155711183675));
#2757=CARTESIAN_POINT('',(-28.3536539207182,64.7356605772741,180.382377935047));
#2758=CARTESIAN_POINT('',(-28.3536057314312,64.7363444081558,177.609044686419));
#2759=CARTESIAN_POINT('',(-28.3535575421443,64.7370282389376,174.83571143779));
#2760=CARTESIAN_POINT('',(-30.0609507063617,63.574387693704,183.155395347979));
#2761=CARTESIAN_POINT('',(-30.0609025170747,63.5750715244857,180.38206209935));
#2762=CARTESIAN_POINT('',(-30.0608543277878,63.5757553553675,177.608728850722));
#2763=CARTESIAN_POINT('',(-30.0608061385008,63.5764391861492,174.835395602093));
#2764=CARTESIAN_POINT('',(-31.8662517072646,62.5731119868045,183.155117090931));
#2765=CARTESIAN_POINT('',(-31.8662035179776,62.5737958175863,180.381783842302));
#2766=CARTESIAN_POINT('',(-31.8661553286807,62.574479648468,177.608450593773));
#2767=CARTESIAN_POINT('',(-31.8661071393937,62.5751634792497,174.835117345145));
#2768=CARTESIAN_POINT('',(-33.7547807277012,61.7393716851169,183.154878697625));
#2769=CARTESIAN_POINT('',(-33.7547325384142,61.7400555158986,180.381545448997));
#2770=CARTESIAN_POINT('',(-33.7546843491272,61.7407393467804,177.608212200368));
#2771=CARTESIAN_POINT('',(-33.7546361598403,61.7414231775621,174.83487895174));
#2772=CARTESIAN_POINT('',(-35.7110299710554,61.0800131167135,183.154682125505));
#2773=CARTESIAN_POINT('',(-35.7109817817684,61.0806969475952,180.381348876876));
#2774=CARTESIAN_POINT('',(-35.7109335924815,61.081380778377,177.608015628248));
#2775=CARTESIAN_POINT('',(-35.7108854031945,61.0820646092587,174.834682379619));
#2776=CARTESIAN_POINT('',(-37.7189354675477,60.6004506603698,183.154528988803));
#2777=CARTESIAN_POINT('',(-37.7188872782607,60.6011344911516,180.381195740174));
#2778=CARTESIAN_POINT('',(-37.7188390889738,60.6018183220333,177.607862491546));
#2779=CARTESIAN_POINT('',(-37.7187908996868,60.6025021528151,174.834529242917));
#2780=CARTESIAN_POINT('',(-39.7620093769584,60.304622281216,183.15442054492));
#2781=CARTESIAN_POINT('',(-39.7619611876714,60.3053061119977,180.381087296391));
#2782=CARTESIAN_POINT('',(-39.7619129983845,60.3059899428794,177.607754047763));
#2783=CARTESIAN_POINT('',(-39.7618648090975,60.3066737737612,174.834420799134));
#2784=CARTESIAN_POINT('',(-41.1363190701602,60.2315122310636,183.154378638004));
#2785=CARTESIAN_POINT('',(-41.1362708808732,60.2321960619454,180.381045389376));
#2786=CARTESIAN_POINT('',(-41.1362226915863,60.232879892727,177.607712140847));
#2787=CARTESIAN_POINT('',(-41.1361745022993,60.2335637236088,174.834378892218));
#2788=CARTESIAN_POINT('',(-41.8237182731388,60.2261345062065,183.154365367827));
#2789=CARTESIAN_POINT('',(-41.8236700838519,60.2268183369882,180.381032119199));
#2790=CARTESIAN_POINT('',(-41.8236218945649,60.22750216787,177.60769887057));
#2791=CARTESIAN_POINT('',(-41.823573705278,60.2281859987517,174.834365621942));
#2792=CARTESIAN_POINT('',(-25.76966641481,64.31813928602,179.995651890825));
#2793=CARTESIAN_POINT('',(-26.6081990333509,66.2249635472799,179.99610989521));
#2794=CARTESIAN_POINT('',(-24.7157264507372,67.964034068264,180.125224069304));
#2795=CARTESIAN_POINT('',(-23.1212406474473,70.0263324395814,180.254406146286));
#2796=CARTESIAN_POINT('',(-21.9145840937285,72.2956517247874,180.383639283351));
#2797=CARTESIAN_POINT('',(-27.6232117804891,67.329508864669,179.996366206064));
#2798=CARTESIAN_POINT('',(-25.8555265833851,68.9539098299663,180.12545328683));
#2799=CARTESIAN_POINT('',(-24.3661771090969,70.8802187153782,180.254597296744));
#2800=CARTESIAN_POINT('',(-23.2390802461455,72.9999002716192,180.383795923489));
#2801=CARTESIAN_POINT('',(-49.8382738692595,63.2232586013589,182.994971904626));
#2802=CARTESIAN_POINT('',(-69.5904972206369,71.0598503414237,182.996577159237));
#2803=CARTESIAN_POINT('',(-61.7539053244775,90.8120730569048,183.001602204111));
#2804=CARTESIAN_POINT('',(-53.917313428318,110.564295772386,183.006627248984));
#2805=CARTESIAN_POINT('',(-34.1650900769406,102.727704032321,183.005021994374));
#2806=CARTESIAN_POINT('',(-14.4128667255631,94.8911122922563,183.003416739763));
#2807=CARTESIAN_POINT('',(-22.2494586217225,75.1388895767752,182.998391694889));
#2808=CARTESIAN_POINT('',(-30.086050517882,55.3866668612941,182.993366650016));
#2809=CARTESIAN_POINT('',(-49.8382738692595,63.2232586013589,182.994971904626));
#2810=CARTESIAN_POINT('',(-49.8382568796322,63.2235062648251,181.994971935439));
#2811=CARTESIAN_POINT('',(-69.5904802310097,71.0600980048899,181.99657719005));
#2812=CARTESIAN_POINT('',(-61.7538883348502,90.812320720371,182.001602234924));
#2813=CARTESIAN_POINT('',(-53.9172964386908,110.564543435852,182.006627279797));
#2814=CARTESIAN_POINT('',(-34.1650730873133,102.727951695787,182.005022025187));
#2815=CARTESIAN_POINT('',(-14.4128497359358,94.8913599557226,182.003416770576));
#2816=CARTESIAN_POINT('',(-22.2494416320952,75.1391372402414,181.998391725703));
#2817=CARTESIAN_POINT('',(-30.0860335282547,55.3869145247603,181.993366680829));
#2818=CARTESIAN_POINT('',(-49.8382568796322,63.2235062648251,181.994971935439));
#2819=CARTESIAN_POINT('',(-49.4694760845188,64.1530226279065,181.995208408139));
#2820=CARTESIAN_POINT('',(-68.2921830428904,71.6208335802036,181.996738121356));
#2821=CARTESIAN_POINT('',(-60.8243719418443,90.4435399326033,182.00152669353));
#2822=CARTESIAN_POINT('',(-53.3565608407982,109.266246285003,182.006315265704));
#2823=CARTESIAN_POINT('',(-34.5338538824266,101.798435332706,182.004785552487));
#2824=CARTESIAN_POINT('',(-15.7111469240551,94.3306243804089,182.00325583927));
#2825=CARTESIAN_POINT('',(-23.1789580251012,75.5079180280091,181.998467267096));
#2826=CARTESIAN_POINT('',(-30.6467691261472,56.6852116756094,181.993678694922));
#2827=CARTESIAN_POINT('',(-49.4694760845188,64.1530226279065,181.995208408139));
#2828=CARTESIAN_POINT('',(-49.1006952894055,65.0825389909879,181.995444880839));
#2829=CARTESIAN_POINT('',(-66.9938858547711,72.1815691555172,181.996899052663));
#2830=CARTESIAN_POINT('',(-59.8948555488384,90.0747591448356,182.001451152137));
#2831=CARTESIAN_POINT('',(-52.7958252429057,107.967949134154,182.006003251611));
#2832=CARTESIAN_POINT('',(-34.90263467754,100.868918969625,182.004549079787));
#2833=CARTESIAN_POINT('',(-17.0094441121743,93.7698888050952,182.003094907963));
#2834=CARTESIAN_POINT('',(-24.1084744181071,75.8766988157769,181.998542808489));
#2835=CARTESIAN_POINT('',(-31.2075047240398,57.9835088264585,181.993990709016));
#2836=CARTESIAN_POINT('',(-49.1006952894055,65.0825389909879,181.995444880839));
#2837=CARTESIAN_POINT('',(-49.1007122790327,65.0822913275216,182.995444850026));
#2838=CARTESIAN_POINT('',(-66.9939028443984,72.181321492051,182.99689902185));
#2839=CARTESIAN_POINT('',(-59.8948725384657,90.0745114813693,183.001451121324));
#2840=CARTESIAN_POINT('',(-52.7958422325329,107.967701470688,183.006003220798));
#2841=CARTESIAN_POINT('',(-34.9026516671673,100.868671306158,183.004549048974));
#2842=CARTESIAN_POINT('',(-17.0094611018016,93.769641141629,183.00309487715));
#2843=CARTESIAN_POINT('',(-24.1084914077343,75.8764511523107,182.998542777676));
#2844=CARTESIAN_POINT('',(-31.2075217136671,57.9832611629923,182.993990678203));
#2845=CARTESIAN_POINT('',(-49.1007122790327,65.0822913275216,182.995444850026));
#2846=CARTESIAN_POINT('',(-49.10072926866,65.0820436640554,183.995444819213));
#2847=CARTESIAN_POINT('',(-66.9939198340256,72.1810738285848,183.996898991037));
#2848=CARTESIAN_POINT('',(-59.8948895280929,90.0742638179031,184.001451090511));
#2849=CARTESIAN_POINT('',(-52.7958592221602,107.967453807221,184.006003189984));
#2850=CARTESIAN_POINT('',(-34.9026686567946,100.868423642692,184.004549018161));
#2851=CARTESIAN_POINT('',(-17.0094780914289,93.7693934781628,184.003094846337));
#2852=CARTESIAN_POINT('',(-24.1085083973616,75.8762034888444,183.998542746863));
#2853=CARTESIAN_POINT('',(-31.2075387032944,57.9830134995261,183.99399064739));
#2854=CARTESIAN_POINT('',(-49.10072926866,65.0820436640554,183.995444819213));
#2855=CARTESIAN_POINT('',(-49.4695100637734,64.152527300974,183.995208346513));
#2856=CARTESIAN_POINT('',(-68.2922170221449,71.6203382532711,183.99673805973));
#2857=CARTESIAN_POINT('',(-60.8244059210989,90.4430446056708,184.001526631904));
#2858=CARTESIAN_POINT('',(-53.3565948200528,109.265750958071,184.006315204078));
#2859=CARTESIAN_POINT('',(-34.5338878616812,101.797940005774,184.004785490861));
#2860=CARTESIAN_POINT('',(-15.7111809033096,94.3301290534764,184.003255777644));
#2861=CARTESIAN_POINT('',(-23.1789920043557,75.5074227010767,183.99846720547));
#2862=CARTESIAN_POINT('',(-30.6468031054018,56.684716348677,183.993678633296));
#2863=CARTESIAN_POINT('',(-49.4695100637734,64.152527300974,183.995208346513));
#2864=CARTESIAN_POINT('',(-49.8382908588867,63.2230109378927,183.994971873813));
#2865=CARTESIAN_POINT('',(-69.5905142102642,71.0596026779574,183.996577128424));
#2866=CARTESIAN_POINT('',(-61.7539223141047,90.8118253934386,184.001602173298));
#2867=CARTESIAN_POINT('',(-53.9173304179453,110.56404810892,184.006627218171));
#2868=CARTESIAN_POINT('',(-34.1651070665678,102.727456368855,184.005021963561));
#2869=CARTESIAN_POINT('',(-14.4128837151904,94.8908646287901,184.00341670895));
#2870=CARTESIAN_POINT('',(-22.2494756113498,75.138641913309,183.998391664076));
#2871=CARTESIAN_POINT('',(-30.0860675075092,55.3864191978279,183.993366619203));
#2872=CARTESIAN_POINT('',(-49.8382908588867,63.2230109378927,183.994971873813));
#2873=CARTESIAN_POINT('',(-49.8382738692595,63.2232586013589,182.994971904626));
#2874=CARTESIAN_POINT('',(-69.5904972206369,71.0598503414237,182.996577159237));
#2875=CARTESIAN_POINT('',(-61.7539053244775,90.8120730569048,183.001602204111));
#2876=CARTESIAN_POINT('',(-53.917313428318,110.564295772386,183.006627248984));
#2877=CARTESIAN_POINT('',(-34.1650900769406,102.727704032321,183.005021994374));
#2878=CARTESIAN_POINT('',(-14.4128667255631,94.8911122922563,183.003416739763));
#2879=CARTESIAN_POINT('',(-22.2494586217225,75.1388895767752,182.998391694889));
#2880=CARTESIAN_POINT('',(-30.086050517882,55.3866668612941,182.993366650016));
#2881=CARTESIAN_POINT('',(-49.8382738692595,63.2232586013589,182.994971904626));
#2882=CARTESIAN_POINT('',(-26.9067449705789,97.9327047101889,181.09698980121));
#2883=CARTESIAN_POINT('',(-28.8636216792264,99.9074596680263,181.543911549682));
#2884=CARTESIAN_POINT('',(-31.2121286721279,101.492606141638,181.990730152815));
#2885=CARTESIAN_POINT('',(-33.7755345430716,102.56881284797,182.437419378408));
#2886=CARTESIAN_POINT('',(-26.7794988492329,97.800770843328,181.732615275727));
#2887=CARTESIAN_POINT('',(-28.7994239912412,99.8771677011241,182.025539767603));
#2888=CARTESIAN_POINT('',(-31.2268872785273,101.519410667695,182.325138614475));
#2889=CARTESIAN_POINT('',(-33.9053863876946,102.621776576087,182.626620250396));
#2890=CARTESIAN_POINT('',(-26.652252727887,97.6688369764672,182.368240750243));
#2891=CARTESIAN_POINT('',(-28.7345369913316,99.8465504793,182.512339387863));
#2892=CARTESIAN_POINT('',(-31.2418043529914,101.546503002861,182.663137730993));
#2893=CARTESIAN_POINT('',(-34.0352382323176,102.674740304204,182.815821122385));
#2894=CARTESIAN_POINT('',(-26.525006606541,97.5369031096064,183.00386622476));
#2895=CARTESIAN_POINT('',(-28.6689495175156,99.8156027357226,183.004394150633));
#2896=CARTESIAN_POINT('',(-31.2568824615832,101.573887807612,183.004785645604));
#2897=CARTESIAN_POINT('',(-34.1650900769406,102.727704032321,183.005021994374));
#2898=CARTESIAN_POINT('',(-26.84498694196,97.69840710567,181.0630321296));
#2899=CARTESIAN_POINT('',(-26.42893489695,98.10253984752,181.063139287));
#2900=CARTESIAN_POINT('',(-26.01288285193,98.50667258937,181.0632464445));
#2901=CARTESIAN_POINT('',(-25.59683080692,98.91080533122,181.063353602));
#2902=CARTESIAN_POINT('',(-26.87216725864,97.72638622426,181.0693385348));
#2903=CARTESIAN_POINT('',(-26.45686131338,98.13128703883,181.0694458698));
#2904=CARTESIAN_POINT('',(-26.04155536812,98.5361878534,181.0695532049));
#2905=CARTESIAN_POINT('',(-25.62624942286,98.94108866797,181.0696605399));
#2906=CARTESIAN_POINT('',(-27.50800064672,98.37728738437,181.2164451404));
#2907=CARTESIAN_POINT('',(-27.11014832955,98.80005650663,181.2165566043));
#2908=CARTESIAN_POINT('',(-26.71229601238,99.2228256289,181.2166680681));
#2909=CARTESIAN_POINT('',(-26.31444369521,99.64559475116,181.2167795319));
#2910=CARTESIAN_POINT('',(-28.95447629289,99.67845936064,181.5303656937));
#2911=CARTESIAN_POINT('',(-28.59632974547,100.1369479293,181.5304853294));
#2912=CARTESIAN_POINT('',(-28.23818319805,100.5954364979,181.530604965));
#2913=CARTESIAN_POINT('',(-27.88003665063,101.0539250666,181.5307246006));
#2914=CARTESIAN_POINT('',(-31.29202490826,101.2689020718,181.9861160747));
#2915=CARTESIAN_POINT('',(-30.99804411574,101.7710515643,181.9862454334));
#2916=CARTESIAN_POINT('',(-30.70406332323,102.2732010567,181.9863747921));
#2917=CARTESIAN_POINT('',(-30.41008253072,102.7753505491,181.9865041508));
#2918=CARTESIAN_POINT('',(-33.07781831631,102.1516005869,182.3073442197));
#2919=CARTESIAN_POINT('',(-32.83285760007,102.6779824335,182.307478747));
#2920=CARTESIAN_POINT('',(-32.58789688384,103.2043642801,182.3076132744));
#2921=CARTESIAN_POINT('',(-32.3429361676,103.7307461266,182.3077478017));
#2922=CARTESIAN_POINT('',(-33.96144449711,102.516115269,182.4617926852));
#2923=CARTESIAN_POINT('',(-33.740739345,103.0525041333,182.4619292788));
#2924=CARTESIAN_POINT('',(-33.52003419288,103.5888929976,182.4620658724));
#2925=CARTESIAN_POINT('',(-33.29932904076,104.1252818619,182.462202466));
#2926=CARTESIAN_POINT('',(-33.99754606471,102.5308909604,182.4680956697));
#2927=CARTESIAN_POINT('',(-33.77783190167,103.0676854619,182.4682323469));
#2928=CARTESIAN_POINT('',(-33.55811773862,103.6044799634,182.4683690242));
#2929=CARTESIAN_POINT('',(-33.33840357558,104.1412744649,182.4685057014));
#2930=CARTESIAN_POINT('',(-34.1650878343078,102.727703130049,183.005018733092));
#2931=CARTESIAN_POINT('',(-34.1434459847947,102.718875892156,182.97348543561));
#2932=CARTESIAN_POINT('',(-34.1001622623965,102.701221406807,182.910418888415));
#2933=CARTESIAN_POINT('',(-34.0352368190309,102.674739736159,182.815818781001));
#2934=CARTESIAN_POINT('',(-33.9703108848542,102.648257864696,182.721219676765));
#2935=CARTESIAN_POINT('',(-33.9053867736906,102.621776739116,182.62661684644));
#2936=CARTESIAN_POINT('',(-33.8404558612855,102.595292830821,182.532027917292));
#2937=CARTESIAN_POINT('',(-33.7971855078989,102.577643814683,182.468934045441));
#2938=CARTESIAN_POINT('',(-33.7755411482161,102.568815553638,182.437397090878));
#2939=CARTESIAN_POINT('',(-34.165087699848,102.727705032418,182.997308329201));
#2940=CARTESIAN_POINT('',(-34.1458898065522,102.71987468606,182.964903003112));
#2941=CARTESIAN_POINT('',(-34.1065337545249,102.703836452721,182.900045396071));
#2942=CARTESIAN_POINT('',(-34.044643127791,102.678638293621,182.803497238588));
#2943=CARTESIAN_POINT('',(-33.9801588455124,102.65238317852,182.708351710798));
#2944=CARTESIAN_POINT('',(-33.9134791315088,102.625208598428,182.615216505727));
#2945=CARTESIAN_POINT('',(-33.8451027425569,102.597294267293,182.524615673579));
#2946=CARTESIAN_POINT('',(-33.7987686727246,102.578333552978,182.466122328195));
#2947=CARTESIAN_POINT('',(-33.7755411482161,102.568815553638,182.437397090878));
#2948=CARTESIAN_POINT('',(-34.1650874309285,102.727708837153,182.981887522151));
#2949=CARTESIAN_POINT('',(-34.1507774500675,102.721872273868,182.947738138809));
#2950=CARTESIAN_POINT('',(-34.1192767387819,102.709066544548,182.879298411993));
#2951=CARTESIAN_POINT('',(-34.0634557453111,102.686435408545,182.778854154249));
#2952=CARTESIAN_POINT('',(-33.9998547668288,102.660633806168,182.682615779231));
#2953=CARTESIAN_POINT('',(-33.9296638471454,102.632072317054,182.592415824546));
#2954=CARTESIAN_POINT('',(-33.8543965050997,102.601297140238,182.509791186276));
#2955=CARTESIAN_POINT('',(-33.8019350023763,102.579713029568,182.460498893744));
#2956=CARTESIAN_POINT('',(-33.7755411482161,102.568815553638,182.437397090878));
#2957=CARTESIAN_POINT('',(-34.1650870275494,102.727714544258,182.958756307177));
#2958=CARTESIAN_POINT('',(-34.1581089153404,102.724868655581,182.9219908382));
#2959=CARTESIAN_POINT('',(-34.1383912151675,102.716911682291,182.848177932211));
#2960=CARTESIAN_POINT('',(-34.0916746715915,102.698131080931,182.741889524809));
#2961=CARTESIAN_POINT('',(-34.0293986488036,102.673009747641,182.644011879681));
#2962=CARTESIAN_POINT('',(-33.9539409206003,102.642367894992,182.558214801308));
#2963=CARTESIAN_POINT('',(-33.868337148914,102.607301449654,182.487554454588));
#2964=CARTESIAN_POINT('',(-33.8066844968531,102.581782244453,182.452063741822));
#2965=CARTESIAN_POINT('',(-33.7755411482161,102.568815553638,182.437397090878));
#2966=CARTESIAN_POINT('',(-34.1650867586304,102.727718348994,182.94333550222));
#2967=CARTESIAN_POINT('',(-34.1629965588561,102.726866243388,182.904825975874));
#2968=CARTESIAN_POINT('',(-34.1511341994248,102.722141774118,182.827430949877));
#2969=CARTESIAN_POINT('',(-34.110487289112,102.705928195855,182.717246441865));
#2970=CARTESIAN_POINT('',(-34.0490945701202,102.681260375289,182.61827594916));
#2971=CARTESIAN_POINT('',(-33.970125636237,102.649231613618,182.535414120824));
#2972=CARTESIAN_POINT('',(-33.8776309114569,102.611304322598,182.472729967633));
#2973=CARTESIAN_POINT('',(-33.8098508265051,102.583161721042,182.446440307487));
#2974=CARTESIAN_POINT('',(-33.7755411482161,102.568815553638,182.437397090878));
#2975=CARTESIAN_POINT('',(-34.1650866241709,102.727720251362,182.935625099113));
#2976=CARTESIAN_POINT('',(-34.1654403806139,102.727865037292,182.896243544117));
#2977=CARTESIAN_POINT('',(-34.1575056915535,102.724756820031,182.817057458187));
#2978=CARTESIAN_POINT('',(-34.1198935978722,102.709826753317,182.704924899975));
#2979=CARTESIAN_POINT('',(-34.0589425307786,102.685385689113,182.605407983585));
#2980=CARTESIAN_POINT('',(-33.9782179940553,102.65266347293,182.524013780373));
#2981=CARTESIAN_POINT('',(-33.8822777927283,102.613305759071,182.465317724051));
#2982=CARTESIAN_POINT('',(-33.811433991331,102.583851459336,182.443628590285));
#2983=CARTESIAN_POINT('',(-33.7755411482161,102.568815553638,182.437397090878));
#2984=CARTESIAN_POINT('',(-25.4107344370127,98.5419221497464,181.584677157518));
#2985=CARTESIAN_POINT('',(-25.4107113180049,98.5419786081541,181.278749013149));
#2986=CARTESIAN_POINT('',(-25.5967281202241,98.7408544102498,181.04496970194));
#2987=CARTESIAN_POINT('',(-25.8088531724463,98.9557968461029,181.090324437345));
#2988=CARTESIAN_POINT('',(-25.7753673800693,98.1998133201329,181.584586275225));
#2989=CARTESIAN_POINT('',(-25.7761640791923,98.2006195592082,181.278700890834));
#2990=CARTESIAN_POINT('',(-25.9628147352006,98.4000093869814,181.045940087285));
#2991=CARTESIAN_POINT('',(-26.1748246873824,98.6147751138556,181.092383725197));
#2992=CARTESIAN_POINT('',(-26.14000032623,97.8577044944302,181.584495398165));
#2993=CARTESIAN_POINT('',(-26.1416482437501,97.859300818106,181.278683494022));
#2994=CARTESIAN_POINT('',(-26.3289408351776,98.0592129497772,181.047010002654));
#2995=CARTESIAN_POINT('',(-26.5408128239743,98.2737713671832,181.09458810854));
#2996=CARTESIAN_POINT('',(-26.5046332731369,97.5155956698897,181.584404529709));
#2997=CARTESIAN_POINT('',(-26.5071500212888,97.5180059937354,181.278731446801));
#2998=CARTESIAN_POINT('',(-26.6950615358911,97.7184131944604,181.048221499764));
#2999=CARTESIAN_POINT('',(-26.9067512972022,97.932711228156,181.09695343338));
#3000=CARTESIAN_POINT('',(-26.5046297671941,97.5155919529759,181.584422381109));
#3001=CARTESIAN_POINT('',(-26.5054050328277,97.5163344564589,181.490281526307));
#3002=CARTESIAN_POINT('',(-26.545386060424,97.5588693180374,181.298338720852));
#3003=CARTESIAN_POINT('',(-26.7024255326643,97.723732039891,181.106737882068));
#3004=CARTESIAN_POINT('',(-26.8413893280043,97.8665438301801,181.081926281833));
#3005=CARTESIAN_POINT('',(-26.9067470382076,97.9327068599892,181.096971365069));
#3006=CARTESIAN_POINT('',(-26.5046303804706,97.5155773093719,181.642137810054));
#3007=CARTESIAN_POINT('',(-26.5055710032543,97.5165020402341,181.569568222861));
#3008=CARTESIAN_POINT('',(-26.541612690003,97.5548402616141,181.421174741053));
#3009=CARTESIAN_POINT('',(-26.6819578253225,97.7021790865606,181.284196402251));
#3010=CARTESIAN_POINT('',(-26.8059841945101,97.8296523556834,181.284363991749));
#3011=CARTESIAN_POINT('',(-26.8643314346891,97.8887286655022,181.308848571701));
#3012=CARTESIAN_POINT('',(-26.5046316070211,97.5155480221987,181.757568527098));
#3013=CARTESIAN_POINT('',(-26.5059029441052,97.5168372078156,181.728141490774));
#3014=CARTESIAN_POINT('',(-26.5340659491595,97.546782148791,181.666846687558));
#3015=CARTESIAN_POINT('',(-26.6410224106381,97.6590731799115,181.639113395667));
#3016=CARTESIAN_POINT('',(-26.7351739275215,97.755869406694,181.689239395931));
#3017=CARTESIAN_POINT('',(-26.7795002276521,97.8007722765283,181.732602984966));
#3018=CARTESIAN_POINT('',(-26.5046334468615,97.5155040912306,181.930715447745));
#3019=CARTESIAN_POINT('',(-26.5064008553946,97.5173399590027,181.966002143826));
#3020=CARTESIAN_POINT('',(-26.5227458379039,97.5346949794174,182.035355170703));
#3021=CARTESIAN_POINT('',(-26.5796192886164,97.5944143198683,182.171489167486));
#3022=CARTESIAN_POINT('',(-26.6289585270402,97.6451949831868,182.296552596103));
#3023=CARTESIAN_POINT('',(-26.6522534170966,97.6688376930674,182.368234604863));
#3024=CARTESIAN_POINT('',(-26.5046346734074,97.5154748041221,182.046145902082));
#3025=CARTESIAN_POINT('',(-26.5067327962414,97.5176751266415,182.124575178221));
#3026=CARTESIAN_POINT('',(-26.5151990970572,97.5266368666373,182.28102694207));
#3027=CARTESIAN_POINT('',(-26.5386838739304,97.5513084132406,182.526406073333));
#3028=CARTESIAN_POINT('',(-26.5581482600511,97.5714120342044,182.701427971096));
#3029=CARTESIAN_POINT('',(-26.5674222100595,97.5808813040934,182.791989018127));
#3030=CARTESIAN_POINT('',(-26.5046352866821,97.5154601605424,182.103861232512));
#3031=CARTESIAN_POINT('',(-26.5068987666664,97.5178427104384,182.203861787207));
#3032=CARTESIAN_POINT('',(-26.5114257266351,97.5226078102304,182.403862896595));
#3033=CARTESIAN_POINT('',(-26.518216166588,97.5297554599183,182.703864560677));
#3034=CARTESIAN_POINT('',(-26.5227431265567,97.5345205597104,182.903865670065));
#3035=CARTESIAN_POINT('',(-26.525006606541,97.5369031096064,183.00386622476));
#3036=CARTESIAN_POINT('',(-25.4107271881526,98.5417958744225,182.10413400347));
#3037=CARTESIAN_POINT('',(-25.410724179691,98.5418385660471,181.930994543113));
#3038=CARTESIAN_POINT('',(-25.4107211711746,98.5418812584456,181.75785194452));
#3039=CARTESIAN_POINT('',(-25.4107181627219,98.5419239499421,181.584713003466));
#3040=CARTESIAN_POINT('',(-26.5046352866821,97.5154601605425,182.103861232513));
#3041=CARTESIAN_POINT('',(-26.5046322782204,97.5155028521672,181.930721772155));
#3042=CARTESIAN_POINT('',(-26.5046292697041,97.5155455445655,181.757579173562));
#3043=CARTESIAN_POINT('',(-26.5046262612513,97.515588236062,181.584440232508));
#3044=CARTESIAN_POINT('',(-23.2994723337259,99.4309357601213,182.104390080375));
#3045=CARTESIAN_POINT('',(-21.8058252810523,89.5853125214426,183.001977083346));
#3046=CARTESIAN_POINT('',(-21.8007263635564,89.5697617317302,182.701973309377));
#3047=CARTESIAN_POINT('',(-21.7956274460605,89.5542109420179,182.401969535409));
#3048=CARTESIAN_POINT('',(-21.7905285285645,89.5386601523056,182.10196576144));
#3049=CARTESIAN_POINT('',(-23.279190705817,94.0870726866218,183.003066972977));
#3050=CARTESIAN_POINT('',(-23.2716673112789,94.0759155157101,182.70308487901));
#3051=CARTESIAN_POINT('',(-23.2641434013537,94.0647575804809,182.403082234893));
#3052=CARTESIAN_POINT('',(-23.2566189759885,94.0535988808558,182.103059038513));
#3053=CARTESIAN_POINT('',(-26.525006606541,97.5369031096064,183.00386622476));
#3054=CARTESIAN_POINT('',(-26.5182161665881,97.5297554599184,182.703864560677));
#3055=CARTESIAN_POINT('',(-26.5114257266351,97.5226078102303,182.403862896595));
#3056=CARTESIAN_POINT('',(-26.5046352866821,97.5154601605423,182.103861232513));
#3057=CARTESIAN_POINT('',(-21.1488488997401,87.0697037242172,181.113313125181));
#3058=CARTESIAN_POINT('',(-21.2843164976959,87.7592477345781,181.173649488954));
#3059=CARTESIAN_POINT('',(-21.4541487267769,88.4420385773648,181.234137827815));
#3060=CARTESIAN_POINT('',(-21.6575116968886,89.1146916346095,181.294479620451));
#3061=CARTESIAN_POINT('',(-21.1571052490829,87.1094866196809,181.742673535946));
#3062=CARTESIAN_POINT('',(-21.3020438708963,87.8392291723075,181.782963731121));
#3063=CARTESIAN_POINT('',(-21.485671012226,88.5612816416795,181.823354185341));
#3064=CARTESIAN_POINT('',(-21.7069500196853,89.2715651186056,181.863645441193));
#3065=CARTESIAN_POINT('',(-21.1653615983078,87.1492695145532,182.372033946753));
#3066=CARTESIAN_POINT('',(-21.3197712439618,87.9192106094687,182.392277973368));
#3067=CARTESIAN_POINT('',(-21.5171932975255,88.6805247054496,182.412570542988));
#3068=CARTESIAN_POINT('',(-21.7563883423201,89.4284386020814,182.432811262094));
#3069=CARTESIAN_POINT('',(-21.1736179476502,87.1890524100167,183.001394357528));
#3070=CARTESIAN_POINT('',(-21.3374986171619,87.9991920471985,183.001592215544));
#3071=CARTESIAN_POINT('',(-21.5487155829745,88.7997677697653,183.001786900523));
#3072=CARTESIAN_POINT('',(-21.805826665117,89.5853120860791,183.001977082844));
#3073=CARTESIAN_POINT('',(-21.6575437118833,89.1146952496844,181.29448879648));
#3074=CARTESIAN_POINT('',(-21.6714036968609,89.1606621230782,181.296548272229));
#3075=CARTESIAN_POINT('',(-21.6994763625139,89.2522932356181,181.317596157356));
#3076=CARTESIAN_POINT('',(-21.7372945296154,89.3730928686688,181.391258431628));
#3077=CARTESIAN_POINT('',(-21.7670762443059,89.4665522840443,181.500176771112));
#3078=CARTESIAN_POINT('',(-21.7861592648379,89.5254983942525,181.632630616414));
#3079=CARTESIAN_POINT('',(-21.7906423311321,89.539122195133,181.729472070091));
#3080=CARTESIAN_POINT('',(-21.7905228918441,89.5387401402892,181.777567800583));
#3081=CARTESIAN_POINT('',(-21.6740195187015,89.1669860335286,181.484209717197));
#3082=CARTESIAN_POINT('',(-21.6862261909432,89.2074999050492,181.479373611776));
#3083=CARTESIAN_POINT('',(-21.7109530427135,89.2882586398701,181.484749341937));
#3084=CARTESIAN_POINT('',(-21.744229248033,89.3945993769822,181.530226667474));
#3085=CARTESIAN_POINT('',(-21.7703619400983,89.476637698383,181.607042717643));
#3086=CARTESIAN_POINT('',(-21.7869846818003,89.5279975263018,181.704779217429));
#3087=CARTESIAN_POINT('',(-21.7907430008072,89.5394164285366,181.777527008523));
#3088=CARTESIAN_POINT('',(-21.7905235181462,89.5387312527348,181.813612018429));
#3089=CARTESIAN_POINT('',(-21.706971132302,89.2715676011014,181.863651558668));
#3090=CARTESIAN_POINT('',(-21.7158711790742,89.3011754688845,181.845024285538));
#3091=CARTESIAN_POINT('',(-21.7339064030837,89.3601894482857,181.819055695031));
#3092=CARTESIAN_POINT('',(-21.7580986848461,89.4376123935479,181.808163106992));
#3093=CARTESIAN_POINT('',(-21.7769333316678,89.4968085270267,181.820774562428));
#3094=CARTESIAN_POINT('',(-21.788635515717,89.5329957903939,181.849076355075));
#3095=CARTESIAN_POINT('',(-21.790944340154,89.5400048953554,181.873636810269));
#3096=CARTESIAN_POINT('',(-21.7905247707492,89.5387134776468,181.885700373634));
#3097=CARTESIAN_POINT('',(-21.7563985526662,89.4284399523437,182.432814320905));
#3098=CARTESIAN_POINT('',(-21.7603386612371,89.4416888145206,182.393500328405));
#3099=CARTESIAN_POINT('',(-21.7683364436116,89.4680856607919,182.320515321282));
#3100=CARTESIAN_POINT('',(-21.7789028400473,89.502131918279,182.225067959458));
#3101=CARTESIAN_POINT('',(-21.7867904190126,89.5270647698745,182.141372619372));
#3102=CARTESIAN_POINT('',(-21.7911117665918,89.5404931864142,182.065522447891));
#3103=CARTESIAN_POINT('',(-21.79124634918,89.5408875954656,182.017801963618));
#3104=CARTESIAN_POINT('',(-21.7905266496624,89.5386868148966,181.993833389366));
#3105=CARTESIAN_POINT('',(-21.7893501662666,89.5330215199167,182.812256162377));
#3106=CARTESIAN_POINT('',(-21.7899836493678,89.5353643783586,182.759150992424));
#3107=CARTESIAN_POINT('',(-21.7912898039813,89.540016469215,182.654821645145));
#3108=CARTESIAN_POINT('',(-21.7927722768594,89.5451449348596,182.503004340512));
#3109=CARTESIAN_POINT('',(-21.7933618105807,89.5472355985403,182.355104376458));
#3110=CARTESIAN_POINT('',(-21.7927626005067,89.5454914505358,182.209819468606));
#3111=CARTESIAN_POINT('',(-21.7914476885247,89.5414760623189,182.113911628943));
#3112=CARTESIAN_POINT('',(-21.7905279022631,89.5386690398455,182.065921598406));
#3113=CARTESIAN_POINT('',(-21.8058259730846,89.5853123037608,183.001977083095));
#3114=CARTESIAN_POINT('',(-21.80480614345,89.5822021603305,182.941976328318));
#3115=CARTESIAN_POINT('',(-21.8027664841806,89.5759818734698,182.821974818764));
#3116=CARTESIAN_POINT('',(-21.7997069952766,89.5666514431787,182.641972554433));
#3117=CARTESIAN_POINT('',(-21.7966475063726,89.5573210128876,182.461970290102));
#3118=CARTESIAN_POINT('',(-21.7935880174685,89.5479905825965,182.281968025771));
#3119=CARTESIAN_POINT('',(-21.7915483581992,89.5417702957358,182.161966516217));
#3120=CARTESIAN_POINT('',(-21.7905285285645,89.5386601523055,182.10196576144));
#3121=CARTESIAN_POINT('',(-19.6772551199073,87.35581204715,181.164507258005));
#3122=CARTESIAN_POINT('',(-19.8223290091468,88.0952319098967,181.202367529762));
#3123=CARTESIAN_POINT('',(-20.004163228555,88.8274328215192,181.240324343099));
#3124=CARTESIAN_POINT('',(-20.2218724807169,89.5488136682574,181.278192374539));
#3125=CARTESIAN_POINT('',(-20.1678069887956,87.2604385236914,181.147442230163));
#3126=CARTESIAN_POINT('',(-20.3096854843589,87.9832318672879,181.192794572055));
#3127=CARTESIAN_POINT('',(-20.4875176713635,88.6989592191981,181.238261632117));
#3128=CARTESIAN_POINT('',(-20.700437734368,89.4041004704155,181.283621144167));
#3129=CARTESIAN_POINT('',(-20.6583588576445,87.1650650002427,181.130377202321));
#3130=CARTESIAN_POINT('',(-20.7970353352042,87.8712334668231,181.183221675804));
#3131=CARTESIAN_POINT('',(-20.9708654892395,88.5704872591613,181.236198982595));
#3132=CARTESIAN_POINT('',(-21.1790029878287,89.2593872726208,181.289049913798));
#3133=CARTESIAN_POINT('',(-21.1489107264452,87.0696914768061,181.113312174479));
#3134=CARTESIAN_POINT('',(-21.2843770729447,87.7592370787735,181.173648854938));
#3135=CARTESIAN_POINT('',(-21.4542051933175,88.4420173117115,181.234136408467));
#3136=CARTESIAN_POINT('',(-21.6575682410563,89.1146740748841,181.29447868343));
#3137=CARTESIAN_POINT('',(-21.9145840937285,72.2956517247874,180.383639283351));
#3138=CARTESIAN_POINT('',(-20.6998278167101,74.5801392296867,180.5137424858));
#3139=CARTESIAN_POINT('',(-19.0577886090783,79.5675466260656,180.77404096365));
#3140=CARTESIAN_POINT('',(-19.1790633422131,84.8167958492816,181.034368656454));
#3141=CARTESIAN_POINT('',(-19.6772553379727,87.3558119538799,181.164508242984));
#3142=CARTESIAN_POINT('',(-23.2390802461455,72.9999002716192,180.383795923489));
#3143=CARTESIAN_POINT('',(-22.1045967839852,75.1335308193877,180.505307483079));
#3144=CARTESIAN_POINT('',(-20.5699040206254,79.7934687447096,180.748519745642));
#3145=CARTESIAN_POINT('',(-20.6836524857208,84.6982384753451,180.991761556919));
#3146=CARTESIAN_POINT('',(-21.1489109224107,87.0696913578473,181.11331309344));
#3147=CARTESIAN_POINT('',(-23.2390030950543,72.9998592502379,180.383795914368));
#3148=CARTESIAN_POINT('',(-22.1041686326222,75.1343132773313,180.505351928675));
#3149=CARTESIAN_POINT('',(-21.3371859382533,77.4635808762087,180.626917999268));
#3150=CARTESIAN_POINT('',(-20.6267386555559,82.2458785499285,180.87014223639));
#3151=CARTESIAN_POINT('',(-20.6835106181768,84.6975178837057,180.991724774448));
#3152=CARTESIAN_POINT('',(-21.1488488997401,87.0697037242172,181.113313125181));
#3153=CARTESIAN_POINT('',(-23.2390178985692,72.999643449486,181.255145596947));
#3154=CARTESIAN_POINT('',(-22.1006404303365,75.1399553491381,181.336367086672));
#3155=CARTESIAN_POINT('',(-21.3327686708099,77.4764360226972,181.417609570147));
#3156=CARTESIAN_POINT('',(-20.6250394465001,82.27291736978,181.580161351659));
#3157=CARTESIAN_POINT('',(-20.6853971691732,84.7316032166586,181.661420133684));
#3158=CARTESIAN_POINT('',(-21.1571052490829,87.1094866196809,181.742673535946));
#3159=CARTESIAN_POINT('',(-23.2390327024761,72.9994276479967,182.126495279529));
#3160=CARTESIAN_POINT('',(-22.0971122283399,75.1455974201966,182.167382244678));
#3161=CARTESIAN_POINT('',(-21.3283514035582,77.4892911684479,182.208301141041));
#3162=CARTESIAN_POINT('',(-20.6233402374615,82.2999561889464,182.290180466957));
#3163=CARTESIAN_POINT('',(-20.6872837201119,84.7656885489685,182.331115492955));
#3164=CARTESIAN_POINT('',(-21.1653615983078,87.1492695145532,182.372033946753));
#3165=CARTESIAN_POINT('',(-23.2390475059911,72.9992118472435,182.99784496212));
#3166=CARTESIAN_POINT('',(-22.0935840260541,75.1512394920023,182.998397402688));
#3167=CARTESIAN_POINT('',(-21.3239341361145,77.5021463149354,182.998992711931));
#3168=CARTESIAN_POINT('',(-20.6216410284053,82.3269950087973,183.000199582237));
#3169=CARTESIAN_POINT('',(-20.6891702711079,84.7997738819209,183.000810852201));
#3170=CARTESIAN_POINT('',(-21.1736179476502,87.1890524100167,183.001394357528));
#3171=CARTESIAN_POINT('',(-34.7243609537538,61.4225216782091,175.994782487422));
#3172=CARTESIAN_POINT('',(-35.2041764763106,62.8437102463137,175.9951263137));
#3173=CARTESIAN_POINT('',(-34.722691397586,61.4231678044563,175.73230664772));
#3174=CARTESIAN_POINT('',(-35.2025025182192,62.8443592283176,175.732649422396));
#3175=CARTESIAN_POINT('',(-34.8256796839434,61.3878065935162,175.472524843352));
#3176=CARTESIAN_POINT('',(-35.3054863914615,62.808956270454,175.472850059267));
#3177=CARTESIAN_POINT('',(-35.178667589157,61.273947779378,175.101811313209));
#3178=CARTESIAN_POINT('',(-35.6586104290144,62.6954243508006,175.102149589449));
#3179=CARTESIAN_POINT('',(-35.4266745488311,61.1965831832872,174.992977623189));
#3180=CARTESIAN_POINT('',(-35.9067550405249,62.6184613321225,174.99332277246));
#3181=CARTESIAN_POINT('',(-35.6788368417751,61.1237264338876,174.994692244247));
#3182=CARTESIAN_POINT('',(-36.1591504851073,62.5463907750003,174.995036425925));
#3183=CARTESIAN_POINT('',(-40.5951867952762,60.2690011854307,182.994397279578));
#3184=CARTESIAN_POINT('',(-40.5952293214574,60.268382868088,185.494397202731));
#3185=CARTESIAN_POINT('',(-40.7497891789936,62.7635996236233,185.495012550882));
#3186=CARTESIAN_POINT('',(-38.688561086806,60.3867390187223,182.994335727363));
#3187=CARTESIAN_POINT('',(-38.6884997040543,60.3861135441583,185.494335650524));
#3188=CARTESIAN_POINT('',(-39.0525846713079,62.8683917649476,185.49495776283));
#3189=CARTESIAN_POINT('',(-34.8400873304153,61.1186555599961,182.994089074261));
#3190=CARTESIAN_POINT('',(-34.8398127054437,61.1180423602479,185.494088990758));
#3191=CARTESIAN_POINT('',(-35.6268156829889,63.5198866364685,185.494738208832));
#3192=CARTESIAN_POINT('',(-29.5005146113739,63.6586574083919,182.993369291256));
#3193=CARTESIAN_POINT('',(-29.4999333148639,63.6581436553948,185.493369177913));
#3194=CARTESIAN_POINT('',(-30.8737077263808,65.7808583862902,185.494097495205));
#3195=CARTESIAN_POINT('',(-25.0241806090531,67.4654638933752,182.99235043299));
#3196=CARTESIAN_POINT('',(-25.0233303289181,67.4651241914772,185.492350271971));
#3197=CARTESIAN_POINT('',(-26.8890029990339,69.1695029155846,185.493190552991));
#3198=CARTESIAN_POINT('',(-22.7941071066938,70.6402290537256,182.991526271584));
#3199=CARTESIAN_POINT('',(-22.7931137636098,70.6400451538097,185.491526069549));
#3200=CARTESIAN_POINT('',(-24.9038332107212,71.9955681659294,185.49245691263));
#3201=CARTESIAN_POINT('',(-21.9146249124023,72.2950002979301,182.991101503074));
#3202=CARTESIAN_POINT('',(-21.9135722900204,72.2948996147433,185.491101279422));
#3203=CARTESIAN_POINT('',(-24.1209371095812,73.4685841478012,185.492078799226));
#3204=CARTESIAN_POINT('',(-40.7497891789936,62.7635996236233,185.495012550882));
#3205=CARTESIAN_POINT('',(-40.7961571518881,63.5121649026753,185.49519715539));
#3206=CARTESIAN_POINT('',(-37.3113179295542,62.9716583240195,185.494902604003));
#3207=CARTESIAN_POINT('',(-40.2968666627061,66.6475735290461,185.495982181997));
#3208=CARTESIAN_POINT('',(-33.9348272482475,64.0822140226586,185.494570194658));
#3209=CARTESIAN_POINT('',(-39.7975712184247,69.7830132720952,185.496767216394));
#3210=CARTESIAN_POINT('',(-28.1426948659954,67.8109834272218,185.493548308421));
#3211=CARTESIAN_POINT('',(-38.7989750851614,76.053925693487,185.498337293435));
#3212=CARTESIAN_POINT('',(-25.7338204058849,70.4247278338129,185.492860053564));
#3213=CARTESIAN_POINT('',(-38.2996964749228,79.1892597233221,185.499122301365));
#3214=CARTESIAN_POINT('',(-24.1209371095812,73.4685841478012,185.492078799226));
#3215=CARTESIAN_POINT('',(-37.8003951098654,82.3247366472348,185.499907345072));
#3216=CARTESIAN_POINT('',(-24.1209371095812,73.4685841478012,185.492078799226));
#3217=CARTESIAN_POINT('',(-28.6807564430093,76.4206349809457,185.494688314508));
#3218=CARTESIAN_POINT('',(-33.2405757764374,79.3726858140902,185.49729782979));
#3219=CARTESIAN_POINT('',(-37.8003951098654,82.3247366472348,185.499907345072));
#3220=CARTESIAN_POINT('',(-23.0175451910038,75.5408916524551,185.491546818119));
#3221=CARTESIAN_POINT('',(-27.9451570884352,77.8021730355399,185.494333658323));
#3222=CARTESIAN_POINT('',(-32.8727860331452,80.0634554317929,185.497120506124));
#3223=CARTESIAN_POINT('',(-37.8003951098654,82.3247366472348,185.499907345072));
#3224=CARTESIAN_POINT('',(-21.9157787329149,78.9336233695362,185.498286295272));
#3225=CARTESIAN_POINT('',(-27.2106389468468,80.0639950149722,185.49882664758));
#3226=CARTESIAN_POINT('',(-32.505541981167,81.1943646729453,185.499366991352));
#3227=CARTESIAN_POINT('',(-37.8003951098654,82.3247366472348,185.499907345072));
#3228=CARTESIAN_POINT('',(-21.6660786486101,83.550393193276,185.50681289041));
#3229=CARTESIAN_POINT('',(-27.0441635216161,83.1418449983535,185.504511052612));
#3230=CARTESIAN_POINT('',(-32.422322498362,82.7332824705874,185.502209176537));
#3231=CARTESIAN_POINT('',(-37.8003951098654,82.3247366472348,185.499907345072));
#3232=CARTESIAN_POINT('',(-21.9211267076606,85.802143369855,185.508532876113));
#3233=CARTESIAN_POINT('',(-27.2141916343613,84.6430141508467,185.505657712544));
#3234=CARTESIAN_POINT('',(-32.5073447802693,83.4838620860946,185.502782500645));
#3235=CARTESIAN_POINT('',(-37.8003951098654,82.3247366472348,185.499907345072));
#3236=CARTESIAN_POINT('',(-22.1315100162365,86.8740964387123,185.508270966834));
#3237=CARTESIAN_POINT('',(-27.3544453791623,85.3576508210697,185.50548310697));
#3238=CARTESIAN_POINT('',(-32.5774754112855,83.8411777168355,185.502695196575));
#3239=CARTESIAN_POINT('',(-37.8003951098654,82.3247366472348,185.499907345072));
#3240=CARTESIAN_POINT('',(-34.8104978250587,101.100479309797,185.504608313688));
#3241=CARTESIAN_POINT('',(-34.7183026262805,101.332858400567,185.504667431863));
#3242=CARTESIAN_POINT('',(-34.626107427502,101.565237491337,185.504726550038));
#3243=CARTESIAN_POINT('',(-34.5339122287239,101.797616582107,185.504785668213));
#3244=CARTESIAN_POINT('',(-35.3088108609391,97.9712088246097,185.503824823916));
#3245=CARTESIAN_POINT('',(-34.0046269042437,98.8333387948807,185.504229705206));
#3246=CARTESIAN_POINT('',(-32.7004429475448,99.6954687651548,185.504634586496));
#3247=CARTESIAN_POINT('',(-31.3962589908502,100.557598735426,185.505039467787));
#3248=CARTESIAN_POINT('',(-35.807128842218,94.8419072836609,185.503041326369));
#3249=CARTESIAN_POINT('',(-33.3992323302948,96.0658379901952,185.503860176989));
#3250=CARTESIAN_POINT('',(-30.9913358183666,97.2897686967326,185.504679027609));
#3251=CARTESIAN_POINT('',(-28.5834393064443,98.5136994032669,185.50549787823));
#3252=CARTESIAN_POINT('',(-36.8037700392092,88.5832713309467,185.501474323043));
#3253=CARTESIAN_POINT('',(-32.6262100130187,90.1638695465534,185.503219431372));
#3254=CARTESIAN_POINT('',(-28.4486499868247,91.7444677621616,185.504964539702));
#3255=CARTESIAN_POINT('',(-24.2710899606347,93.3250659777684,185.506709648033));
#3256=CARTESIAN_POINT('',(-37.3020712194015,85.4540752962589,185.500690851911));
#3257=CARTESIAN_POINT('',(-32.4602833683023,87.0312512703058,185.502947831021));
#3258=CARTESIAN_POINT('',(-27.6184955172032,88.6084272443529,185.505204810131));
#3259=CARTESIAN_POINT('',(-22.776707666104,90.1856032183999,185.507461789241));
#3260=CARTESIAN_POINT('',(-37.8003951098654,82.3247366472348,185.499907345072));
#3261=CARTESIAN_POINT('',(-32.5774334119891,83.8411899110606,185.502695218993));
#3262=CARTESIAN_POINT('',(-27.3544717141128,85.3576431748865,185.505483092913));
#3263=CARTESIAN_POINT('',(-22.1315100162365,86.8740964387123,185.508270966834));
#3264=CARTESIAN_POINT('',(-49.1929629136333,64.8492539284404,185.495385856571));
#3265=CARTESIAN_POINT('',(-47.197745671664,77.3787037492841,185.498522841632));
#3266=CARTESIAN_POINT('',(-45.2025284296948,89.9081535701278,185.501659826694));
#3267=CARTESIAN_POINT('',(-43.2073111877256,102.437603390971,185.504796811755));
#3268=CARTESIAN_POINT('',(-47.865147674746,64.3222237756314,185.495277889538));
#3269=CARTESIAN_POINT('',(-45.8372566320748,77.056861147558,185.498466247177));
#3270=CARTESIAN_POINT('',(-43.8093655894036,89.7914985194847,185.501654604816));
#3271=CARTESIAN_POINT('',(-41.7814745467324,102.526135891411,185.504842962455));
#3272=CARTESIAN_POINT('',(-45.0930806371513,63.5620334870384,185.495136608722));
#3273=CARTESIAN_POINT('',(-43.0321822152972,76.5039283839255,185.498376892541));
#3274=CARTESIAN_POINT('',(-40.9712837934431,89.4458232808126,185.501617176359));
#3275=CARTESIAN_POINT('',(-38.9103853715891,102.3877181777,185.504857460178));
#3276=CARTESIAN_POINT('',(-42.2219978433622,63.4236335850872,185.495151004915));
#3277=CARTESIAN_POINT('',(-40.1941068170406,76.1582598728864,185.498339430364));
#3278=CARTESIAN_POINT('',(-38.166215790719,88.8928861606855,185.501527855813));
#3279=CARTESIAN_POINT('',(-36.1383247643973,101.627512448485,185.504716281261));
#3280=CARTESIAN_POINT('',(-40.7961571518882,63.5121649026754,185.49519715539));
#3281=CARTESIAN_POINT('',(-38.8009373762783,76.0416030383825,185.498334208156));
#3282=CARTESIAN_POINT('',(-36.8057176006685,88.5710411740897,185.501471260922));
#3283=CARTESIAN_POINT('',(-34.8104978250587,101.100479309797,185.504608313688));
#3284=CARTESIAN_POINT('',(-49.4695595969832,64.1520887111773,185.495208494936));
#3285=CARTESIAN_POINT('',(-52.6074483191892,65.3921521115044,185.495462301792));
#3286=CARTESIAN_POINT('',(-55.4203945547377,67.4360402883232,185.49592070732));
#3287=CARTESIAN_POINT('',(-59.7331722258094,72.6249999151874,185.497132550636));
#3288=CARTESIAN_POINT('',(-61.2276826502908,75.7646077845281,185.497884725605));
#3289=CARTESIAN_POINT('',(-61.8729708047341,79.0762780736013,185.498693942155));
#3290=CARTESIAN_POINT('',(-49.3773607025331,64.3844771169316,185.495267615481));
#3291=CARTESIAN_POINT('',(-51.3029648631903,66.2556431531571,185.495698319666));
#3292=CARTESIAN_POINT('',(-53.011939048786,68.662702739197,185.496265425563));
#3293=CARTESIAN_POINT('',(-55.5544758062006,74.2109550647265,185.497596328279));
#3294=CARTESIAN_POINT('',(-56.3844983921074,77.3484592309405,185.498359271656));
#3295=CARTESIAN_POINT('',(-56.6483652179945,80.6007192773852,185.499160254669));
#3296=CARTESIAN_POINT('',(-49.2851618080832,64.616865522686,185.495326736026));
#3297=CARTESIAN_POINT('',(-49.9984814071914,67.1191341948108,185.495934337546));
#3298=CARTESIAN_POINT('',(-50.6034835428345,69.889365190072,185.496610143812));
#3299=CARTESIAN_POINT('',(-51.3757793865917,75.7969102142664,185.498060105926));
#3300=CARTESIAN_POINT('',(-51.5413141339239,78.9323106773527,185.498833817707));
#3301=CARTESIAN_POINT('',(-51.4237596312549,82.1251604811688,185.499626567183));
#3302=CARTESIAN_POINT('',(-49.1929629136333,64.8492539284404,185.495385856571));
#3303=CARTESIAN_POINT('',(-48.6939979511927,67.982625236464,185.496170355422));
#3304=CARTESIAN_POINT('',(-48.1950280368829,71.1160276409473,185.496954862058));
#3305=CARTESIAN_POINT('',(-47.1970829669829,77.382865363806,185.498523883571));
#3306=CARTESIAN_POINT('',(-46.6981298757404,80.5161621237652,185.499308363758));
#3307=CARTESIAN_POINT('',(-46.1991540445153,83.6496016849526,185.500092879697));
#3308=CARTESIAN_POINT('',(-61.8729708047341,79.0762780736013,185.498693942155));
#3309=CARTESIAN_POINT('',(-62.0833863006079,80.14829288731,185.49895586618));
#3310=CARTESIAN_POINT('',(-62.3382202814776,82.4002356022061,185.499509260666));
#3311=CARTESIAN_POINT('',(-62.087388278146,87.0171896539702,185.500656973047));
#3312=CARTESIAN_POINT('',(-60.9847876281574,90.4094982660788,185.501515856741));
#3313=CARTESIAN_POINT('',(-59.881489453329,92.4816751206582,185.502047803898));
#3314=CARTESIAN_POINT('',(-56.6483915612338,80.6007115909257,185.499160252318));
#3315=CARTESIAN_POINT('',(-56.7886689121318,81.3153899351509,185.499334868774));
#3316=CARTESIAN_POINT('',(-56.9585586610152,82.8166888632917,185.499703799362));
#3317=CARTESIAN_POINT('',(-56.7913369038833,85.8946659909244,185.500468942878));
#3318=CARTESIAN_POINT('',(-56.056267950732,88.1562107671717,185.501041533451));
#3319=CARTESIAN_POINT('',(-55.3207339798485,89.5376654862993,185.501396165783));
#3320=CARTESIAN_POINT('',(-51.4237176187395,82.125172739627,185.499626570933));
#3321=CARTESIAN_POINT('',(-51.4938555533608,82.4825081374062,185.499713878239));
#3322=CARTESIAN_POINT('',(-51.578799530587,83.2331496728711,185.499898341584));
#3323=CARTESIAN_POINT('',(-51.4951895351465,84.7721219813861,185.500280909302));
#3324=CARTESIAN_POINT('',(-51.1276589405904,85.9028824259214,185.500567201564));
#3325=CARTESIAN_POINT('',(-50.7598958396241,86.5936024897967,185.500744515857));
#3326=CARTESIAN_POINT('',(-46.1991540445153,83.6496016849526,185.500092879697));
#3327=CARTESIAN_POINT('',(-46.1991540445153,83.6496016849526,185.500092879697));
#3328=CARTESIAN_POINT('',(-46.1991540445153,83.6496016849526,185.500092879697));
#3329=CARTESIAN_POINT('',(-46.1991540445153,83.6496016849526,185.500092879697));
#3330=CARTESIAN_POINT('',(-46.1991540445153,83.6496016849526,185.500092879697));
#3331=CARTESIAN_POINT('',(-46.1991540445153,83.6496016849526,185.500092879697));
#3332=CARTESIAN_POINT('',(-43.2073111877256,102.437603390971,185.504796811755));
#3333=CARTESIAN_POINT('',(-43.7059484835348,99.3062897449066,185.504012828079));
#3334=CARTESIAN_POINT('',(-44.2045907279608,96.174945022802,185.503228836623));
#3335=CARTESIAN_POINT('',(-45.2018804546525,89.9122226863161,185.501660845474));
#3336=CARTESIAN_POINT('',(-45.700505887059,86.7809835393603,185.50087688045));
#3337=CARTESIAN_POINT('',(-46.1991540445153,83.6496016849526,185.500092879697));
#3338=CARTESIAN_POINT('',(-43.2227677173594,102.687133846941,185.504858348734));
#3339=CARTESIAN_POINT('',(-44.7012836233391,100.5302323972,185.504299043594));
#3340=CARTESIAN_POINT('',(-46.1591411742615,98.0724952530966,185.503665583439));
#3341=CARTESIAN_POINT('',(-48.754590640724,92.654477873189,185.502279642688));
#3342=CARTESIAN_POINT('',(-49.8899122544151,89.6957796471636,185.501527592533));
#3343=CARTESIAN_POINT('',(-50.7599325141198,86.5936261635211,185.500744521097));
#3344=CARTESIAN_POINT('',(-43.2382242469935,102.93666430291,185.504919885714));
#3345=CARTESIAN_POINT('',(-45.6966187631466,101.754175049496,185.504585259116));
#3346=CARTESIAN_POINT('',(-48.1136916205659,99.9700454833939,185.504102330263));
#3347=CARTESIAN_POINT('',(-52.3073008267983,95.3967330600628,185.502898439907));
#3348=CARTESIAN_POINT('',(-54.0793186217713,92.6105757549671,185.502178304615));
#3349=CARTESIAN_POINT('',(-55.3207109837244,89.5376506420897,185.501396162498));
#3350=CARTESIAN_POINT('',(-43.2536807766273,103.186194758879,185.504981422692));
#3351=CARTESIAN_POINT('',(-46.6919539029503,102.978117701789,185.504871474632));
#3352=CARTESIAN_POINT('',(-50.0682420668652,101.867595713688,185.504539077079));
#3353=CARTESIAN_POINT('',(-55.8600110128694,98.1389882469352,185.503517237122));
#3354=CARTESIAN_POINT('',(-58.2687249891273,95.5253718627706,185.502829016697));
#3355=CARTESIAN_POINT('',(-59.881489453329,92.4816751206582,185.502047803898));
#3356=CARTESIAN_POINT('',(-62.0887388043366,93.6559586310476,183.002300842002));
#3357=CARTESIAN_POINT('',(-62.0926217487981,93.6578549506459,183.658035121093));
#3358=CARTESIAN_POINT('',(-61.6080070388695,93.3998412998028,184.95767116839));
#3359=CARTESIAN_POINT('',(-60.4604590808625,92.7895245535449,185.506483634522));
#3360=CARTESIAN_POINT('',(-59.881489453329,92.4816751206582,185.502047803898));
#3361=CARTESIAN_POINT('',(-63.3282662733327,91.3279169563427,183.001703211988));
#3362=CARTESIAN_POINT('',(-63.3323881771683,91.3293644642486,183.657437375865));
#3363=CARTESIAN_POINT('',(-62.81786272899,91.1275289335793,184.957087844603));
#3364=CARTESIAN_POINT('',(-61.5994900086828,90.6502347151136,185.505934458843));
#3365=CARTESIAN_POINT('',(-60.9847876281574,90.4094982660788,185.501515856741));
#3366=CARTESIAN_POINT('',(-64.5669670840758,87.5168627130957,183.000738308007));
#3367=CARTESIAN_POINT('',(-64.5713277207654,87.5175757005754,183.656472285915));
#3368=CARTESIAN_POINT('',(-64.0269198870828,87.4076806812093,184.956146032649));
#3369=CARTESIAN_POINT('',(-62.7377895401421,87.1480897106156,185.505047766177));
#3370=CARTESIAN_POINT('',(-62.087388278146,87.0171896539702,185.500656973047));
#3371=CARTESIAN_POINT('',(-64.8487717963417,82.3299178791926,182.999448903519));
#3372=CARTESIAN_POINT('',(-64.8531867621419,82.3296310476181,183.655182632885));
#3373=CARTESIAN_POINT('',(-64.3019785071651,82.3448841851856,184.954887489782));
#3374=CARTESIAN_POINT('',(-62.9967456416117,82.3816278752745,185.503862888154));
#3375=CARTESIAN_POINT('',(-62.3382202814776,82.4002356022061,185.499509260666));
#3376=CARTESIAN_POINT('',(-64.5624847149434,79.8000114898348,182.998827201952));
#3377=CARTESIAN_POINT('',(-64.5668445089445,79.7992370830147,183.654560811501));
#3378=CARTESIAN_POINT('',(-64.0225421508271,79.8755204032159,184.954280666018));
#3379=CARTESIAN_POINT('',(-62.7336615565269,80.0567756779739,185.503291576817));
#3380=CARTESIAN_POINT('',(-62.0833863006079,80.14829288731,185.49895586618));
#3381=CARTESIAN_POINT('',(-64.3260865851056,78.5956074772759,182.998532931395));
#3382=CARTESIAN_POINT('',(-64.3304008030476,78.5946008469987,183.654266484205));
#3383=CARTESIAN_POINT('',(-63.7918032367507,78.6999517675342,184.953993440782));
#3384=CARTESIAN_POINT('',(-62.5164308521651,78.9500353629129,185.503021168342));
#3385=CARTESIAN_POINT('',(-61.8729708047341,79.0762780736013,185.498693942155));
#3386=CARTESIAN_POINT('',(-43.4081769214627,105.681957743547,183.005596618506));
#3387=CARTESIAN_POINT('',(-43.4084591379553,105.686172066267,183.661331532857));
#3388=CARTESIAN_POINT('',(-43.3745504542681,105.138012108235,184.960888064184));
#3389=CARTESIAN_POINT('',(-43.2942161141963,103.840666406523,185.509512246776));
#3390=CARTESIAN_POINT('',(-43.2536807766273,103.186194758879,185.504981422692));
#3391=CARTESIAN_POINT('',(-45.3148026299329,105.564219910255,183.005535066291));
#3392=CARTESIAN_POINT('',(-45.3154523630131,105.56841154066,183.661269968779));
#3393=CARTESIAN_POINT('',(-45.235541324607,105.023091997887,184.960827985135));
#3394=CARTESIAN_POINT('',(-45.0462793544137,103.732472032402,185.509455684086));
#3395=CARTESIAN_POINT('',(-44.9507874737761,103.081393676364,185.504926634088));
#3396=CARTESIAN_POINT('',(-49.1632763863236,104.832303368982,183.005288413189));
#3397=CARTESIAN_POINT('',(-49.164667937672,104.83635391956,183.661023268133));
#3398=CARTESIAN_POINT('',(-48.991902916271,104.308693449345,184.96058723555));
#3399=CARTESIAN_POINT('',(-48.5827747151485,103.059887885397,185.509229025845));
#3400=CARTESIAN_POINT('',(-48.3763551664431,102.429905875239,185.50470708526));
#3401=CARTESIAN_POINT('',(-54.502849105365,102.292301520586,183.004568630183));
#3402=CARTESIAN_POINT('',(-54.5052698835233,102.29586247222,183.660303346385));
#3403=CARTESIAN_POINT('',(-54.2036757093966,101.829485494005,184.959884680244));
#3404=CARTESIAN_POINT('',(-53.4894967254109,100.725791318527,185.508567592027));
#3405=CARTESIAN_POINT('',(-53.1291719051592,100.16902140585,185.504066398197));
#3406=CARTESIAN_POINT('',(-58.9791831076859,98.4854950356025,183.003549771918));
#3407=CARTESIAN_POINT('',(-58.9824667024887,98.488322212763,183.659284291731));
#3408=CARTESIAN_POINT('',(-58.5728730738949,98.1137923738827,184.958890207645));
#3409=CARTESIAN_POINT('',(-57.602965340248,97.2275803535366,185.507631326555));
#3410=CARTESIAN_POINT('',(-57.1136193704923,96.7805352867792,185.503159499586));
#3411=CARTESIAN_POINT('',(-61.209256610045,95.310729875252,183.002725610512));
#3412=CARTESIAN_POINT('',(-61.2129700320279,95.3129451466253,183.658459971476));
#3413=CARTESIAN_POINT('',(-60.7495745871208,95.0150080470235,184.958085770685));
#3414=CARTESIAN_POINT('',(-59.6522711061812,94.3101577340019,185.506873970668));
#3415=CARTESIAN_POINT('',(-59.0986509952593,93.9546139004336,185.502425897203));
#3416=CARTESIAN_POINT('',(-62.0887388043366,93.6559586310476,183.002300842002));
#3417=CARTESIAN_POINT('',(-62.0926217487981,93.6578549506459,183.658035121093));
#3418=CARTESIAN_POINT('',(-61.6080070388695,93.3998412998028,184.95767116839));
#3419=CARTESIAN_POINT('',(-60.4604590808625,92.7895245535449,185.506483634522));
#3420=CARTESIAN_POINT('',(-59.881489453329,92.4816751206582,185.502047803898));
#3421=CARTESIAN_POINT('',(-33.6119343183701,104.121984939511,183.005331609426));
#3422=CARTESIAN_POINT('',(-31.9161026901003,103.44949922803,183.005469348044));
#3423=CARTESIAN_POINT('',(-28.6290538828786,101.66192699697,183.005856218619));
#3424=CARTESIAN_POINT('',(-24.4684877752435,97.8410852345983,183.006731815154));
#3425=CARTESIAN_POINT('',(-21.2974468332249,92.9858507882138,183.007880404549));
#3426=CARTESIAN_POINT('',(-20.0567652929276,89.2919651206403,183.008774166358));
#3427=CARTESIAN_POINT('',(-19.6772778868458,87.3553735912792,183.009247341985));
#3428=CARTESIAN_POINT('',(-33.6103223031994,104.125913720663,183.661071679968));
#3429=CARTESIAN_POINT('',(-31.9141886181236,103.453299682062,183.661209445236));
#3430=CARTESIAN_POINT('',(-28.626556436488,101.665391639494,183.661596389067));
#3431=CARTESIAN_POINT('',(-24.4652587840653,97.8438446496267,183.662472147833));
#3432=CARTESIAN_POINT('',(-21.2936687296088,92.9877232774311,183.663620947558));
#3433=CARTESIAN_POINT('',(-20.0527801464218,89.2931678958469,183.664514871713));
#3434=CARTESIAN_POINT('',(-19.6732329281691,87.3562264410157,183.664988132987));
#3435=CARTESIAN_POINT('',(-33.8127697985038,103.615376168911,184.960689111379));
#3436=CARTESIAN_POINT('',(-32.1576059322273,102.958991757039,184.960823553223));
#3437=CARTESIAN_POINT('',(-28.9493905518662,101.214237027467,184.961201158818));
#3438=CARTESIAN_POINT('',(-24.8886178458886,97.4849430814222,184.962055777754));
#3439=CARTESIAN_POINT('',(-21.7936633061958,92.7460667419864,184.963176842177));
#3440=CARTESIAN_POINT('',(-20.5827761339704,89.1407273333688,184.964049180508));
#3441=CARTESIAN_POINT('',(-20.2124120204557,87.2505607515525,184.964511013372));
#3442=CARTESIAN_POINT('',(-34.2920860063545,102.407141544618,185.509314472242));
#3443=CARTESIAN_POINT('',(-32.7338308418663,101.789179089353,185.509441044812));
#3444=CARTESIAN_POINT('',(-29.7134573086439,100.146564850232,185.509796545304));
#3445=CARTESIAN_POINT('',(-25.8904266926106,96.6355784961193,185.510601136569));
#3446=CARTESIAN_POINT('',(-22.9766830164564,92.1741152870038,185.511656574599));
#3447=CARTESIAN_POINT('',(-21.8367065226652,88.7798498703026,185.51247784236));
#3448=CARTESIAN_POINT('',(-21.4880338760887,87.0003423248571,185.512912637554));
#3449=CARTESIAN_POINT('',(-34.5339122287239,101.797616582107,185.504785668213));
#3450=CARTESIAN_POINT('',(-33.0245395592313,101.19903851981,185.504908270473));
#3451=CARTESIAN_POINT('',(-30.0989159333483,99.6079532484503,185.505252618888));
#3452=CARTESIAN_POINT('',(-26.3958026553439,96.2070957776719,185.506031972601));
#3453=CARTESIAN_POINT('',(-23.5734582833807,91.8855742683045,185.507054305024));
#3454=CARTESIAN_POINT('',(-22.4692444323805,88.5977834293663,185.507849810516));
#3455=CARTESIAN_POINT('',(-22.1315100162365,86.8740964387123,185.508270966834));
#3456=CARTESIAN_POINT('',(-21.9146249124023,72.2950002979301,182.991101503074));
#3457=CARTESIAN_POINT('',(-21.9143499633088,72.2949739990869,183.644111247087));
#3458=CARTESIAN_POINT('',(-22.3709505046773,72.5379984856495,184.973536911039));
#3459=CARTESIAN_POINT('',(-23.5443648231862,73.1620131774139,185.491823467247));
#3460=CARTESIAN_POINT('',(-24.1209371095812,73.4685841478012,185.492078799226));
#3461=CARTESIAN_POINT('',(-20.6750973281165,74.6230418264214,182.990503873094));
#3462=CARTESIAN_POINT('',(-20.6895576147887,74.6012419970754,183.643519259962));
#3463=CARTESIAN_POINT('',(-21.1916467253893,74.7657485442867,184.972965142773));
#3464=CARTESIAN_POINT('',(-22.4189417681448,75.2811301812687,185.491279518835));
#3465=CARTESIAN_POINT('',(-23.0175451910038,75.5408916524551,185.491546818119));
#3466=CARTESIAN_POINT('',(-19.4363934165801,78.434104078984,182.998057867209));
#3467=CARTESIAN_POINT('',(-19.4580848468012,78.2885193713203,183.652773864748));
#3468=CARTESIAN_POINT('',(-20.010288441054,78.2393376401285,184.969725123579));
#3469=CARTESIAN_POINT('',(-21.2886424444797,78.6695897535921,185.500571099085));
#3470=CARTESIAN_POINT('',(-21.9157787329149,78.9336233695362,185.498286295272));
#3471=CARTESIAN_POINT('',(-19.1545898779403,83.6210605917304,183.00761460361));
#3472=CARTESIAN_POINT('',(-19.1474416474896,83.587569056302,183.663296316658));
#3473=CARTESIAN_POINT('',(-19.6928297958035,83.5398516243786,184.965933134253));
#3474=CARTESIAN_POINT('',(-21.0047034517473,83.5380688554272,185.511155612178));
#3475=CARTESIAN_POINT('',(-21.6660786486101,83.550393193276,185.50681289041));
#3476=CARTESIAN_POINT('',(-19.4408788442708,86.150969638133,183.009541612512));
#3477=CARTESIAN_POINT('',(-19.4365600412533,86.1502311836461,183.66528279297));
#3478=CARTESIAN_POINT('',(-19.9812389797709,86.0723754993306,184.964798879273));
#3479=CARTESIAN_POINT('',(-21.2706178880016,85.8924011494146,185.51318334029));
#3480=CARTESIAN_POINT('',(-21.9211267076606,85.802143369855,185.508532876113));
#3481=CARTESIAN_POINT('',(-19.6772778868458,87.3553735912792,183.009247341985));
#3482=CARTESIAN_POINT('',(-19.6732329281691,87.3562264410157,183.664988132987));
#3483=CARTESIAN_POINT('',(-20.2124120204557,87.2505607515525,184.964511013372));
#3484=CARTESIAN_POINT('',(-21.4880338760887,87.0003423248571,185.512912637554));
#3485=CARTESIAN_POINT('',(-22.1315100162365,86.8740964387123,185.508270966834));
#3486=CARTESIAN_POINT('',(-34.5338878617113,101.797940005802,184.004785489956));
#3487=CARTESIAN_POINT('',(-34.4371573927898,102.04174993936,184.006601742776));
#3488=CARTESIAN_POINT('',(-34.2454294656495,102.525047426772,183.787160995934));
#3489=CARTESIAN_POINT('',(-34.1644470161198,102.729271145967,183.267318030723));
#3490=CARTESIAN_POINT('',(-34.1650900773099,102.727704031494,183.005021994396));
#3491=CARTESIAN_POINT('',(-34.5338959840488,101.797832197903,184.504785549375));
#3492=CARTESIAN_POINT('',(-34.3888002639781,102.163547141113,184.507505985931));
#3493=CARTESIAN_POINT('',(-34.1012095766009,102.888490340818,184.178337034416));
#3494=CARTESIAN_POINT('',(-33.9797387784797,103.194818670866,183.398569247138));
#3495=CARTESIAN_POINT('',(-33.98070482433,103.192464334166,183.005125199406));
#3496=CARTESIAN_POINT('',(-34.5339041063864,101.797724390005,185.004785608794));
#3497=CARTESIAN_POINT('',(-34.3404431351662,102.285344342865,185.008410229086));
#3498=CARTESIAN_POINT('',(-33.9569896875523,103.251933254865,184.569513072897));
#3499=CARTESIAN_POINT('',(-33.7950305408395,103.660366195764,183.529820463553));
#3500=CARTESIAN_POINT('',(-33.79631957135,103.657224636839,183.005228404416));
#3501=CARTESIAN_POINT('',(-34.5339122287239,101.797616582107,185.504785668213));
#3502=CARTESIAN_POINT('',(-34.2920860063545,102.407141544618,185.509314472242));
#3503=CARTESIAN_POINT('',(-33.8127697985038,103.615376168911,184.960689111379));
#3504=CARTESIAN_POINT('',(-33.6103223031994,104.125913720663,183.661071679968));
#3505=CARTESIAN_POINT('',(-33.6119343183701,104.121984939511,183.005331609426));
#3506=CARTESIAN_POINT('',(-34.8104734580461,101.100802733492,184.00460813543));
#3507=CARTESIAN_POINT('',(-34.7182782592678,101.333181824262,184.004667253606));
#3508=CARTESIAN_POINT('',(-34.6260830604895,101.565560915032,184.00472637178));
#3509=CARTESIAN_POINT('',(-34.5338878617113,101.797940005802,184.004785489956));
#3510=CARTESIAN_POINT('',(-34.8104815803836,101.100694925593,184.50460819485));
#3511=CARTESIAN_POINT('',(-34.7182863816053,101.333074016363,184.504667313025));
#3512=CARTESIAN_POINT('',(-34.6260911828271,101.565453107134,184.5047264312));
#3513=CARTESIAN_POINT('',(-34.5338959840488,101.797832197903,184.504785549375));
#3514=CARTESIAN_POINT('',(-34.8104897027211,101.100587117695,185.004608254269));
#3515=CARTESIAN_POINT('',(-34.7182945039429,101.332966208465,185.004667372444));
#3516=CARTESIAN_POINT('',(-34.6260993051645,101.565345299235,185.004726490619));
#3517=CARTESIAN_POINT('',(-34.5339041063864,101.797724390005,185.004785608794));
#3518=CARTESIAN_POINT('',(-34.8104978250587,101.100479309797,185.504608313688));
#3519=CARTESIAN_POINT('',(-34.7183026262805,101.332858400567,185.504667431863));
#3520=CARTESIAN_POINT('',(-34.626107427502,101.565237491337,185.504726550038));
#3521=CARTESIAN_POINT('',(-34.5339122287239,101.797616582107,185.504785668213));
#3522=CARTESIAN_POINT('',(-43.2072662580429,102.437930908888,184.004796634861));
#3523=CARTESIAN_POINT('',(-41.7814328386382,102.526461984285,184.004842785153));
#3524=CARTESIAN_POINT('',(-38.9103504215791,102.388042133449,184.004857282232));
#3525=CARTESIAN_POINT('',(-36.1382968756184,101.627835789797,184.004716103043));
#3526=CARTESIAN_POINT('',(-34.8104734580461,101.100802733492,184.00460813543));
#3527=CARTESIAN_POINT('',(-43.2072812346038,102.437821736249,184.504796693826));
#3528=CARTESIAN_POINT('',(-41.7814467413363,102.526353286661,184.504842844253));
#3529=CARTESIAN_POINT('',(-38.9103620715824,102.387934148199,184.504857341547));
#3530=CARTESIAN_POINT('',(-36.1383061718781,101.627728009359,184.504716162449));
#3531=CARTESIAN_POINT('',(-34.8104815803836,101.100694925593,184.50460819485));
#3532=CARTESIAN_POINT('',(-43.2072962111647,102.437712563611,185.00479675279));
#3533=CARTESIAN_POINT('',(-41.7814606440343,102.526244589036,185.004842903354));
#3534=CARTESIAN_POINT('',(-38.9103737215857,102.387826162949,185.004857400863));
#3535=CARTESIAN_POINT('',(-36.1383154681377,101.627620228922,185.004716221855));
#3536=CARTESIAN_POINT('',(-34.8104897027211,101.100587117695,185.004608254269));
#3537=CARTESIAN_POINT('',(-43.2073111877256,102.437603390971,185.504796811755));
#3538=CARTESIAN_POINT('',(-41.7814745467324,102.526135891411,185.504842962455));
#3539=CARTESIAN_POINT('',(-38.9103853715891,102.3877181777,185.504857460178));
#3540=CARTESIAN_POINT('',(-36.1383247643973,101.627512448485,185.504716281261));
#3541=CARTESIAN_POINT('',(-34.8104978250587,101.100479309797,185.504608313688));
#3542=CARTESIAN_POINT('',(-33.6119360624148,104.12197398737,183.005331606695));
#3543=CARTESIAN_POINT('',(-33.7963190552545,103.657219381593,183.00522840295));
#3544=CARTESIAN_POINT('',(-33.9807053901594,103.192456351828,183.005125197335));
#3545=CARTESIAN_POINT('',(-34.1650878300076,102.727703139918,183.0050219939));
#3546=CARTESIAN_POINT('',(-33.6119356604686,104.121979691187,182.982199297415));
#3547=CARTESIAN_POINT('',(-33.7963186533083,103.65722508541,182.98209609367));
#3548=CARTESIAN_POINT('',(-33.9807049882132,103.192462055645,182.981992888055));
#3549=CARTESIAN_POINT('',(-34.1650874280614,102.727708843735,182.98188968462));
#3550=CARTESIAN_POINT('',(-33.6119352585231,104.121985395001,182.959067004674));
#3551=CARTESIAN_POINT('',(-33.7963182513629,103.657230789224,182.958963800929));
#3552=CARTESIAN_POINT('',(-33.9807045862677,103.192467759458,182.958860595314));
#3553=CARTESIAN_POINT('',(-34.1650870261159,102.727714547548,182.958757391878));
#3554=CARTESIAN_POINT('',(-33.6119348565781,104.121991098814,182.935934711908));
#3555=CARTESIAN_POINT('',(-33.7963178494178,103.657236493037,182.935831508163));
#3556=CARTESIAN_POINT('',(-33.9807041843227,103.192473463272,182.935728302548));
#3557=CARTESIAN_POINT('',(-34.1650866241709,102.727720251362,182.935625099113));
#3558=CARTESIAN_POINT('',(-33.6119348565781,104.121991098814,182.935934711908));
#3559=CARTESIAN_POINT('',(-33.7963190587789,103.657233444729,182.935831507486));
#3560=CARTESIAN_POINT('',(-33.9807013888996,103.192480509398,182.935728304113));
#3561=CARTESIAN_POINT('',(-34.1650866241709,102.727720251362,182.935625099113));
#3562=CARTESIAN_POINT('',(-33.6119169924763,104.122046808527,182.688182374823));
#3563=CARTESIAN_POINT('',(-33.7970268830259,103.657565646816,182.688163832071));
#3564=CARTESIAN_POINT('',(-33.9821556262903,103.193094646608,182.688126505614));
#3565=CARTESIAN_POINT('',(-34.1673103868476,102.728630396051,182.688067114309));
#3566=CARTESIAN_POINT('',(-33.443200606507,104.055801031726,182.478160363989));
#3567=CARTESIAN_POINT('',(-33.6289890353823,103.591562340429,182.477645461022));
#3568=CARTESIAN_POINT('',(-33.814802074916,103.127330909428,182.477080283808));
#3569=CARTESIAN_POINT('',(-34.0006450252667,102.663113975653,182.476454836987));
#3570=CARTESIAN_POINT('',(-33.2175675494729,103.961367561572,182.441418682776));
#3571=CARTESIAN_POINT('',(-33.4035488453773,103.497182661799,182.440150039647));
#3572=CARTESIAN_POINT('',(-33.5895421411506,103.032995266321,182.438807395024));
#3573=CARTESIAN_POINT('',(-33.7755477533607,102.568818259307,182.437374803348));
#3574=CARTESIAN_POINT('',(-34.7244289122666,61.4215310243416,179.994782368654));
#3575=CARTESIAN_POINT('',(-35.2042444348184,62.8427195924496,179.99512619328));
#3576=CARTESIAN_POINT('',(-34.7244062595472,61.4218612405536,178.66145611565));
#3577=CARTESIAN_POINT('',(-35.204221782103,62.8430498086603,178.661799940841));
#3578=CARTESIAN_POINT('',(-34.7243836064196,61.4221914627505,177.328105695227));
#3579=CARTESIAN_POINT('',(-35.2041991289755,62.8433800308564,177.328449520969));
#3580=CARTESIAN_POINT('',(-34.7243609537538,61.4225216782091,175.994782487422));
#3581=CARTESIAN_POINT('',(-35.2041764763106,62.8437102463137,175.9951263137));
#3582=CARTESIAN_POINT('',(-20.3638599529905,90.0019276303071,182.102104734439));
#3583=CARTESIAN_POINT('',(-21.7905285285645,89.5386601523054,182.10196576144));
#3584=CARTESIAN_POINT('',(-20.363858074092,90.0019542928461,181.99397257449));
#3585=CARTESIAN_POINT('',(-21.790526649666,89.5386868148444,181.993833601491));
#3586=CARTESIAN_POINT('',(-20.3638561951608,90.0019809558488,181.885838531914));
#3587=CARTESIAN_POINT('',(-21.7905247707348,89.538713477847,181.885699558915));
#3588=CARTESIAN_POINT('',(-20.3638543162701,90.0020076182909,181.777706773583));
#3589=CARTESIAN_POINT('',(-21.7905228918441,89.5387401402892,181.777567800583));
#3590=CARTESIAN_POINT('',(-20.3638543162701,90.0020076182909,181.777706773583));
#3591=CARTESIAN_POINT('',(-21.7905228918441,89.5387401402892,181.777567800583));
#3592=CARTESIAN_POINT('',(-20.3641696792805,90.0029808688293,181.650638032663));
#3593=CARTESIAN_POINT('',(-21.7908472730503,89.5397601719875,181.649165767167));
#3594=CARTESIAN_POINT('',(-20.3320404636701,89.9052798099115,181.398931704854));
#3595=CARTESIAN_POINT('',(-21.7583744353275,89.4408715981115,181.402729747553));
#3596=CARTESIAN_POINT('',(-20.2584944613678,89.6703096589516,181.283615670153));
#3597=CARTESIAN_POINT('',(-21.6903220564128,89.2233189007864,181.299353160545));
#3598=CARTESIAN_POINT('',(-20.2218682130088,89.5488403118913,181.278199236859));
#3599=CARTESIAN_POINT('',(-21.6575746884631,89.1146955697493,181.294486017606));
#3600=CARTESIAN_POINT('',(-23.03940435,73.38406952419,183.1579436741));
#3601=CARTESIAN_POINT('',(-23.34779613848,72.77437456856,183.1577874355));
#3602=CARTESIAN_POINT('',(-24.02343545731,71.58475594698,183.1574813316));
#3603=CARTESIAN_POINT('',(-25.20404133421,69.90622811615,183.1570455635));
#3604=CARTESIAN_POINT('',(-26.54081731596,68.34920694732,183.1566372349));
#3605=CARTESIAN_POINT('',(-28.02133533567,66.92816802308,183.156260142));
#3606=CARTESIAN_POINT('',(-29.63183075674,65.65632303024,183.1559177907));
#3607=CARTESIAN_POINT('',(-31.3573305728,64.54549648292,183.155613364));
#3608=CARTESIAN_POINT('',(-33.181792544,63.60601590811,183.155349692));
#3609=CARTESIAN_POINT('',(-35.08825439613,62.84661579559,183.1551292263));
#3610=CARTESIAN_POINT('',(-37.05899138336,62.2743564062,183.1549540164));
#3611=CARTESIAN_POINT('',(-39.07568157819,61.89455810854,183.1548256914));
#3612=CARTESIAN_POINT('',(-40.43827675938,61.77202069788,183.1547721934));
#3613=CARTESIAN_POINT('',(-41.12094177048,61.74370213845,183.1547535817));
#3614=CARTESIAN_POINT('',(-23.0393572321,73.38475637754,180.3846104262));
#3615=CARTESIAN_POINT('',(-23.34774902058,72.77506142191,180.3844541876));
#3616=CARTESIAN_POINT('',(-24.02338833941,71.58544280032,180.3841480837));
#3617=CARTESIAN_POINT('',(-25.20399421631,69.90691496949,180.3837123156));
#3618=CARTESIAN_POINT('',(-26.54077019806,68.34989380067,180.383303987));
#3619=CARTESIAN_POINT('',(-28.02128821777,66.92885487643,180.3829268941));
#3620=CARTESIAN_POINT('',(-29.63178363884,65.65700988358,180.3825845428));
#3621=CARTESIAN_POINT('',(-31.3572834549,64.54618333627,180.3822801161));
#3622=CARTESIAN_POINT('',(-33.1817454261,63.60670276146,180.3820164441));
#3623=CARTESIAN_POINT('',(-35.08820727823,62.84730264894,180.3817959784));
#3624=CARTESIAN_POINT('',(-37.05894426546,62.27504325955,180.3816207685));
#3625=CARTESIAN_POINT('',(-39.07563446029,61.89524496188,180.3814924436));
#3626=CARTESIAN_POINT('',(-40.43822964148,61.77270755123,180.3814389455));
#3627=CARTESIAN_POINT('',(-41.12089465258,61.7443889918,180.3814203338));
#3628=CARTESIAN_POINT('',(-23.0393101142,73.38544323088,177.6112771784));
#3629=CARTESIAN_POINT('',(-23.34770190268,72.77574827525,177.6111209397));
#3630=CARTESIAN_POINT('',(-24.02334122151,71.58612965367,177.6108148358));
#3631=CARTESIAN_POINT('',(-25.20394709841,69.90760182284,177.6103790677));
#3632=CARTESIAN_POINT('',(-26.54072308016,68.35058065402,177.6099707391));
#3633=CARTESIAN_POINT('',(-28.02124109987,66.92954172977,177.6095936462));
#3634=CARTESIAN_POINT('',(-29.63173652094,65.65769673693,177.609251295));
#3635=CARTESIAN_POINT('',(-31.357236337,64.54687018961,177.6089468682));
#3636=CARTESIAN_POINT('',(-33.1816983082,63.6073896148,177.6086831962));
#3637=CARTESIAN_POINT('',(-35.08816016033,62.84798950228,177.6084627305));
#3638=CARTESIAN_POINT('',(-37.05889714756,62.2757301129,177.6082875207));
#3639=CARTESIAN_POINT('',(-39.07558734239,61.89593181523,177.6081591957));
#3640=CARTESIAN_POINT('',(-40.43818252358,61.77339440457,177.6081056977));
#3641=CARTESIAN_POINT('',(-41.12084753468,61.74507584514,177.608087086));
#3642=CARTESIAN_POINT('',(-23.0392629963,73.38613008423,174.8379439305));
#3643=CARTESIAN_POINT('',(-23.34765478478,72.7764351286,174.8377876919));
#3644=CARTESIAN_POINT('',(-24.02329410361,71.58681650701,174.8374815879));
#3645=CARTESIAN_POINT('',(-25.20389998051,69.90828867619,174.8370458198));
#3646=CARTESIAN_POINT('',(-26.54067596226,68.35126750736,174.8366374912));
#3647=CARTESIAN_POINT('',(-28.02119398197,66.93022858312,174.8362603983));
#3648=CARTESIAN_POINT('',(-29.63168940304,65.65838359028,174.8359180471));
#3649=CARTESIAN_POINT('',(-31.3571892191,64.54755704296,174.8356136203));
#3650=CARTESIAN_POINT('',(-33.1816511903,63.60807646815,174.8353499484));
#3651=CARTESIAN_POINT('',(-35.08811304243,62.84867635563,174.8351294826));
#3652=CARTESIAN_POINT('',(-37.05885002966,62.27641696624,174.8349542728));
#3653=CARTESIAN_POINT('',(-39.07554022449,61.89661866858,174.8348259478));
#3654=CARTESIAN_POINT('',(-40.43813540568,61.77408125792,174.8347724498));
#3655=CARTESIAN_POINT('',(-41.12080041678,61.74576269849,174.8347538381));
#3656=CARTESIAN_POINT('',(-49.2788330961729,104.530917590124,180.005211715224));
#3657=CARTESIAN_POINT('',(-48.7990175736229,103.109729022015,180.004867890618));
#3658=CARTESIAN_POINT('',(-49.2788104434607,104.531247806335,178.671885462209));
#3659=CARTESIAN_POINT('',(-48.7989949209108,103.110059238227,178.671541637604));
#3660=CARTESIAN_POINT('',(-49.2787877903332,104.531578028534,177.338535041787));
#3661=CARTESIAN_POINT('',(-48.7989722677833,103.110389460425,177.338191217182));
#3662=CARTESIAN_POINT('',(-49.2787651376673,104.531908243994,176.005211833982));
#3663=CARTESIAN_POINT('',(-48.7989496151174,103.110719675885,176.004868009376));
#3664=CARTESIAN_POINT('',(-58.5926061767227,67.4096125534979,182.09585995103));
#3665=CARTESIAN_POINT('',(-58.5926032351476,67.4096554338179,181.922720490731));
#3666=CARTESIAN_POINT('',(-58.5926002935192,67.4096983149154,181.749577892196));
#3667=CARTESIAN_POINT('',(-58.592597351953,67.409741195107,181.5764389512));
#3668=CARTESIAN_POINT('',(-57.4986980781929,68.4359482673775,182.096132721987));
#3669=CARTESIAN_POINT('',(-57.4986951366178,68.4359911476976,181.922993261688));
#3670=CARTESIAN_POINT('',(-57.4986921949894,68.436034028795,181.749850663153));
#3671=CARTESIAN_POINT('',(-57.4986892534232,68.4360769089866,181.576711722158));
#3672=CARTESIAN_POINT('',(-32.53079550024,104.0095560247,171.952451013));
#3673=CARTESIAN_POINT('',(-32.92391655056,102.3067616992,171.952022614));
#3674=CARTESIAN_POINT('',(-33.31703760087,100.6039673737,171.9515942151));
#3675=CARTESIAN_POINT('',(-33.71015865119,98.90117304814,171.9511658162));
#3676=CARTESIAN_POINT('',(-32.52845926478,104.0089653225,172.156515744));
#3677=CARTESIAN_POINT('',(-32.9215803151,102.3061709969,172.156087345));
#3678=CARTESIAN_POINT('',(-33.31470136541,100.6033766714,172.1556589461));
#3679=CARTESIAN_POINT('',(-33.70782241573,98.90058234588,172.1552305472));
#3680=CARTESIAN_POINT('',(-32.55089713793,104.0140427518,172.5649723441));
#3681=CARTESIAN_POINT('',(-32.94401818824,102.3112484263,172.5645439451));
#3682=CARTESIAN_POINT('',(-33.33713923856,100.6084541008,172.5641155462));
#3683=CARTESIAN_POINT('',(-33.73026028888,98.90565977523,172.5636871472));
#3684=CARTESIAN_POINT('',(-32.66526212482,104.040294451,173.167306468));
#3685=CARTESIAN_POINT('',(-33.05838317514,102.3375001255,173.1668780691));
#3686=CARTESIAN_POINT('',(-33.45150422545,100.6347058,173.1664496702));
#3687=CARTESIAN_POINT('',(-33.84462527577,98.93191147445,173.1660212712));
#3688=CARTESIAN_POINT('',(-32.85821905841,104.0846959396,173.7481426594));
#3689=CARTESIAN_POINT('',(-33.25134010872,102.3819016141,173.7477142605));
#3690=CARTESIAN_POINT('',(-33.64446115904,100.6791072886,173.7472858615));
#3691=CARTESIAN_POINT('',(-34.03758220936,98.97631296302,173.7468574626));
#3692=CARTESIAN_POINT('',(-33.12619739781,104.1464255972,174.2967333081));
#3693=CARTESIAN_POINT('',(-33.51931844813,102.4436312716,174.2963049092));
#3694=CARTESIAN_POINT('',(-33.91243949844,100.7408369461,174.2958765102));
#3695=CARTESIAN_POINT('',(-34.30556054876,99.03804262057,174.2954481113));
#3696=CARTESIAN_POINT('',(-33.46423838746,104.2243411587,174.802927019));
#3697=CARTESIAN_POINT('',(-33.85735943778,102.5215468332,174.8024986201));
#3698=CARTESIAN_POINT('',(-34.25048048809,100.8187525076,174.8020702211));
#3699=CARTESIAN_POINT('',(-34.64360153841,99.11595818211,174.8016418222));
#3700=CARTESIAN_POINT('',(-33.86608680874,104.3170008497,175.2573570487));
#3701=CARTESIAN_POINT('',(-34.25920785905,102.6142065242,175.2569286498));
#3702=CARTESIAN_POINT('',(-34.65232890937,100.9114121987,175.2565002508));
#3703=CARTESIAN_POINT('',(-35.04544995969,99.20861787314,175.2560718519));
#3704=CARTESIAN_POINT('',(-34.32430673032,104.4226900658,175.6516144718));
#3705=CARTESIAN_POINT('',(-34.71742778063,102.7198957403,175.6511860729));
#3706=CARTESIAN_POINT('',(-35.11054883095,101.0171014147,175.6507576739));
#3707=CARTESIAN_POINT('',(-35.50366988126,99.31430708921,175.650329275));
#3708=CARTESIAN_POINT('',(-34.83041910455,104.5394530999,175.9784038251));
#3709=CARTESIAN_POINT('',(-35.22354015487,102.8366587744,175.9779754261));
#3710=CARTESIAN_POINT('',(-35.61666120518,101.1338644489,175.9775470272));
#3711=CARTESIAN_POINT('',(-36.0097822555,99.43107012332,175.9771186282));
#3712=CARTESIAN_POINT('',(-35.37505866659,104.6651293317,176.2316780935));
#3713=CARTESIAN_POINT('',(-35.76817971691,102.9623350061,176.2312496946));
#3714=CARTESIAN_POINT('',(-36.16130076722,101.2595406806,176.2308212956));
#3715=CARTESIAN_POINT('',(-36.55442181754,99.55674635505,176.2303928967));
#3716=CARTESIAN_POINT('',(-35.94814723221,104.7973932079,176.4067506094));
#3717=CARTESIAN_POINT('',(-36.34126828253,103.0945988824,176.4063222105));
#3718=CARTESIAN_POINT('',(-36.73438933284,101.3918045568,176.4058938115));
#3719=CARTESIAN_POINT('',(-37.12751038316,99.68901023131,176.4054654126));
#3720=CARTESIAN_POINT('',(-36.53908018775,104.9337972757,176.5003817751));
#3721=CARTESIAN_POINT('',(-36.93220123806,103.2310029502,176.4999533761));
#3722=CARTESIAN_POINT('',(-37.32532228838,101.5282086247,176.4995249772));
#3723=CARTESIAN_POINT('',(-37.71844333869,99.82541429913,176.4990965783));
#3724=CARTESIAN_POINT('',(-37.13692272125,105.0718174707,176.5108390095));
#3725=CARTESIAN_POINT('',(-37.53004377156,103.3690231452,176.5104106106));
#3726=CARTESIAN_POINT('',(-37.92316482188,101.6662288196,176.5099822116));
#3727=CARTESIAN_POINT('',(-38.31628587219,99.96343449411,176.5095538127));
#3728=CARTESIAN_POINT('',(-37.73061216372,105.2088998231,176.4379288087));
#3729=CARTESIAN_POINT('',(-38.12373321404,103.5061054976,176.4375004098));
#3730=CARTESIAN_POINT('',(-38.51685426435,101.8033111721,176.4370720108));
#3731=CARTESIAN_POINT('',(-38.90997531467,100.1005168465,176.4366436119));
#3732=CARTESIAN_POINT('',(-38.30916269631,105.3425077174,176.2830003263));
#3733=CARTESIAN_POINT('',(-38.70228374663,103.6397133919,176.2825719274));
#3734=CARTESIAN_POINT('',(-39.09540479694,101.9369190663,176.2821435284));
#3735=CARTESIAN_POINT('',(-39.48852584726,100.2341247408,176.2817151295));
#3736=CARTESIAN_POINT('',(-38.86186863537,105.4701688304,176.0489204083));
#3737=CARTESIAN_POINT('',(-39.25498968568,103.7673745049,176.0484920094));
#3738=CARTESIAN_POINT('',(-39.648110736,102.0645801794,176.0480636105));
#3739=CARTESIAN_POINT('',(-40.04123178632,100.3617858538,176.0476352115));
#3740=CARTESIAN_POINT('',(-39.37850253385,105.5895208803,175.7400205444));
#3741=CARTESIAN_POINT('',(-39.77162358417,103.8867265547,175.7395921454));
#3742=CARTESIAN_POINT('',(-40.16474463449,102.1839322292,175.7391637465));
#3743=CARTESIAN_POINT('',(-40.5578656848,100.4811379037,175.7387353476));
#3744=CARTESIAN_POINT('',(-39.84950443326,105.6983553385,175.3620167159));
#3745=CARTESIAN_POINT('',(-40.24262548358,103.9955610129,175.3615883169));
#3746=CARTESIAN_POINT('',(-40.63574653389,102.2927666874,175.361159918));
#3747=CARTESIAN_POINT('',(-41.02886758421,100.5899723619,175.3607315191));
#3748=CARTESIAN_POINT('',(-40.26615876422,105.7946582975,174.9219036268));
#3749=CARTESIAN_POINT('',(-40.65927981454,104.091863972,174.9214752279));
#3750=CARTESIAN_POINT('',(-41.05240086485,102.3890696464,174.9210468289));
#3751=CARTESIAN_POINT('',(-41.44552191517,100.6862753209,174.92061843));
#3752=CARTESIAN_POINT('',(-40.62075562185,105.8766477367,174.4278252683));
#3753=CARTESIAN_POINT('',(-41.01387667217,104.1738534111,174.4273968694));
#3754=CARTESIAN_POINT('',(-41.40699772248,102.4710590856,174.4269684705));
#3755=CARTESIAN_POINT('',(-41.8001187728,100.7682647601,174.4265400715));
#3756=CARTESIAN_POINT('',(-40.90673343354,105.9428064974,173.888924231));
#3757=CARTESIAN_POINT('',(-41.29985448386,104.2400121718,173.8884958321));
#3758=CARTESIAN_POINT('',(-41.69297553417,102.5372178463,173.8880674332));
#3759=CARTESIAN_POINT('',(-42.08609658449,100.8344235208,173.8876390342));
#3760=CARTESIAN_POINT('',(-41.1188003717,105.9919103562,173.3151724854));
#3761=CARTESIAN_POINT('',(-41.51192142201,104.2891160306,173.3147440865));
#3762=CARTESIAN_POINT('',(-41.90504247233,102.5863217051,173.3143156875));
#3763=CARTESIAN_POINT('',(-42.29816352265,100.8835273796,173.3138872886));
#3764=CARTESIAN_POINT('',(-41.25303229295,106.023050682,172.7171870148));
#3765=CARTESIAN_POINT('',(-41.64615334327,104.3202563565,172.7167586159));
#3766=CARTESIAN_POINT('',(-42.03927439359,102.617462031,172.7163302169));
#3767=CARTESIAN_POINT('',(-42.4323954439,100.9146677055,172.715901818));
#3768=CARTESIAN_POINT('',(-41.30694528625,106.0356512352,172.1060327674));
#3769=CARTESIAN_POINT('',(-41.70006633656,104.3328569097,172.1056043685));
#3770=CARTESIAN_POINT('',(-42.09318738688,102.6300625841,172.1051759696));
#3771=CARTESIAN_POINT('',(-42.4863084372,100.9272682586,172.1047475706));
#3772=CARTESIAN_POINT('',(-41.28867634908,106.0315363355,171.6973576567));
#3773=CARTESIAN_POINT('',(-41.6817973994,104.32874201,171.6969292578));
#3774=CARTESIAN_POINT('',(-42.07491844971,102.6259476845,171.6965008588));
#3775=CARTESIAN_POINT('',(-42.46803950003,100.9231533589,171.6960724599));
#3776=CARTESIAN_POINT('',(-41.26607356625,106.0263690828,171.4946000796));
#3777=CARTESIAN_POINT('',(-41.65919461656,104.3235747573,171.4941716807));
#3778=CARTESIAN_POINT('',(-42.05231566688,102.6207804318,171.4937432818));
#3779=CARTESIAN_POINT('',(-42.44543671719,100.9179861062,171.4933148828));
#3780=CARTESIAN_POINT('',(-32.99399677217,104.5907544343,171.9594363575));
#3781=CARTESIAN_POINT('',(-32.82739903373,104.3241225138,171.9567572487));
#3782=CARTESIAN_POINT('',(-32.66080129528,104.0574905933,171.9540781398));
#3783=CARTESIAN_POINT('',(-32.49420355683,103.7908586728,171.951399031));
#3784=CARTESIAN_POINT('',(-32.99196293203,104.5902401908,172.1370875611));
#3785=CARTESIAN_POINT('',(-32.82524970144,104.3235790689,172.1444964228));
#3786=CARTESIAN_POINT('',(-32.65853647084,104.0569179469,172.1519052844));
#3787=CARTESIAN_POINT('',(-32.49182324024,103.790256825,172.1593141461));
#3788=CARTESIAN_POINT('',(-33.0114965141,104.5946604129,172.4926747625));
#3789=CARTESIAN_POINT('',(-32.84589250312,104.3282502944,172.5202757374));
#3790=CARTESIAN_POINT('',(-32.68028849214,104.061840176,172.5478767122));
#3791=CARTESIAN_POINT('',(-32.51468448116,103.7954300575,172.575477687));
#3792=CARTESIAN_POINT('',(-33.11105843972,104.6175141708,173.017044562));
#3793=CARTESIAN_POINT('',(-32.95110807898,104.352401809,173.0744220144));
#3794=CARTESIAN_POINT('',(-32.79115771824,104.0872894473,173.1317994668));
#3795=CARTESIAN_POINT('',(-32.6312073575,103.8221770855,173.1891769192));
#3796=CARTESIAN_POINT('',(-33.2790396059,104.6561684638,173.5226990569));
#3797=CARTESIAN_POINT('',(-33.12862810005,104.3932510962,173.6087902334));
#3798=CARTESIAN_POINT('',(-32.9782165942,104.1303337286,173.6948814098));
#3799=CARTESIAN_POINT('',(-32.82780508835,103.8674163611,173.7809725862));
#3800=CARTESIAN_POINT('',(-33.51233163189,104.7099080194,174.0002817756));
#3801=CARTESIAN_POINT('',(-33.37516767534,104.4500422667,174.1134926128));
#3802=CARTESIAN_POINT('',(-33.2380037188,104.190176514,174.2267034501));
#3803=CARTESIAN_POINT('',(-33.10083976226,103.9303107613,174.3399142873));
#3804=CARTESIAN_POINT('',(-33.80661760858,104.777738424,174.4409552891));
#3805=CARTESIAN_POINT('',(-33.68616475894,104.5217244388,174.5791898882));
#3806=CARTESIAN_POINT('',(-33.56571190931,104.2657104535,174.7174244872));
#3807=CARTESIAN_POINT('',(-33.44525905968,104.0096964683,174.8556590863));
#3808=CARTESIAN_POINT('',(-34.1564519741,104.8584045223,174.8365652571));
#3809=CARTESIAN_POINT('',(-34.05586456131,104.6069711827,174.9972646727));
#3810=CARTESIAN_POINT('',(-33.95527714851,104.3555378431,175.1579640883));
#3811=CARTESIAN_POINT('',(-33.85468973572,104.1041045036,175.318663504));
#3812=CARTESIAN_POINT('',(-34.55536128181,104.9504136428,175.1797911805));
#3813=CARTESIAN_POINT('',(-34.47742603941,104.7042050655,175.3599807709));
#3814=CARTESIAN_POINT('',(-34.39949079701,104.4579964881,175.5401703612));
#3815=CARTESIAN_POINT('',(-34.32155555461,104.2117879108,175.7203599515));
#3816=CARTESIAN_POINT('',(-34.99596398659,105.0520632196,175.4642818989));
#3817=CARTESIAN_POINT('',(-34.94304848514,104.8116268403,175.6606263698));
#3818=CARTESIAN_POINT('',(-34.8901329837,104.5711904611,175.8569708407));
#3819=CARTESIAN_POINT('',(-34.83721748226,104.3307540818,176.0533153116));
#3820=CARTESIAN_POINT('',(-35.47010703541,105.1614722964,175.6847731049));
#3821=CARTESIAN_POINT('',(-35.44411587221,104.9272487405,175.8936382271));
#3822=CARTESIAN_POINT('',(-35.41812470902,104.6930251845,176.1025033494));
#3823=CARTESIAN_POINT('',(-35.39213354583,104.4588016285,176.3113684716));
#3824=CARTESIAN_POINT('',(-35.96901673401,105.2766163328,175.8371847588));
#3825=CARTESIAN_POINT('',(-35.97135628982,105.0489312614,176.0547046171));
#3826=CARTESIAN_POINT('',(-35.97369584562,104.8212461899,176.2722244754));
#3827=CARTESIAN_POINT('',(-35.97603540143,104.5935611185,176.4897443337));
#3828=CARTESIAN_POINT('',(-36.48346109816,105.3953646667,175.9186965869));
#3829=CARTESIAN_POINT('',(-36.51501351305,105.1744227508,176.1408451159));
#3830=CARTESIAN_POINT('',(-36.54656592795,104.9534808348,176.3629936448));
#3831=CARTESIAN_POINT('',(-36.57811834284,104.7325389189,176.5851421738));
#3832=CARTESIAN_POINT('',(-37.0039206852,105.5155199412,175.9278002682));
#3833=CARTESIAN_POINT('',(-37.0650275352,105.3014010742,176.1504657521));
#3834=CARTESIAN_POINT('',(-37.1261343852,105.0872822073,176.3731312361));
#3835=CARTESIAN_POINT('',(-37.1872412352,104.8731633403,176.59579672));
#3836=CARTESIAN_POINT('',(-37.52076474488,105.6348587646,175.8643273454));
#3837=CARTESIAN_POINT('',(-37.61122072131,105.4275165842,176.0833885026));
#3838=CARTESIAN_POINT('',(-37.70167669774,105.2201744039,176.3024496598));
#3839=CARTESIAN_POINT('',(-37.79213267417,105.0128322235,176.5215108171));
#3840=CARTESIAN_POINT('',(-38.02442942981,105.7511728533,175.7294523416));
#3841=CARTESIAN_POINT('',(-38.14348613839,105.5504355992,175.9408545861));
#3842=CARTESIAN_POINT('',(-38.26254284698,105.3496983451,176.1522568306));
#3843=CARTESIAN_POINT('',(-38.38159955556,105.148961091,176.3636590751));
#3844=CARTESIAN_POINT('',(-38.50559476797,105.8623098943,175.5256710269));
#3845=CARTESIAN_POINT('',(-38.65197457736,105.6678835865,175.7255014957));
#3846=CARTESIAN_POINT('',(-38.79835438675,105.4734572786,175.9253319644));
#3847=CARTESIAN_POINT('',(-38.94473419614,105.2790309707,176.1251624332));
#3848=CARTESIAN_POINT('',(-38.95535712242,105.9662133724,175.2567542359));
#3849=CARTESIAN_POINT('',(-39.12727680589,105.777687251,175.4413141937));
#3850=CARTESIAN_POINT('',(-39.29919648936,105.5891611295,175.6258741514));
#3851=CARTESIAN_POINT('',(-39.47111617284,105.4006350081,175.8104341092));
#3852=CARTESIAN_POINT('',(-39.36539394704,106.0609606244,174.9276780905));
#3853=CARTESIAN_POINT('',(-39.56059767989,105.8778147507,175.0935513725));
#3854=CARTESIAN_POINT('',(-39.75580141275,105.694668877,175.2594246544));
#3855=CARTESIAN_POINT('',(-39.9510051456,105.5115230033,175.4252979363));
#3856=CARTESIAN_POINT('',(-39.72811778966,106.1447984169,174.5445319212));
#3857=CARTESIAN_POINT('',(-39.94391889171,105.9664132944,174.6886481467));
#3858=CARTESIAN_POINT('',(-40.15971999377,105.7880281719,174.8327643722));
#3859=CARTESIAN_POINT('',(-40.37552109582,105.6096430494,174.9768805977));
#3860=CARTESIAN_POINT('',(-40.03681669237,106.2161753887,174.1144055852));
#3861=CARTESIAN_POINT('',(-40.27014734315,106.0418434264,174.2340969731));
#3862=CARTESIAN_POINT('',(-40.50347799392,105.8675114641,174.353788361));
#3863=CARTESIAN_POINT('',(-40.73680864469,105.6931795017,174.473479749));
#3864=CARTESIAN_POINT('',(-40.28577839288,106.2737707576,173.6452582837));
#3865=CARTESIAN_POINT('',(-40.53324639957,106.1027093635,173.7383090182));
#3866=CARTESIAN_POINT('',(-40.78071440626,105.9316479695,173.8313597527));
#3867=CARTESIAN_POINT('',(-41.02818241295,105.7605865754,173.9244104872));
#3868=CARTESIAN_POINT('',(-40.47039602189,106.31651876,173.1457712451));
#3869=CARTESIAN_POINT('',(-40.7283475894,106.1478848226,173.2104584762));
#3870=CARTESIAN_POINT('',(-40.98629915692,105.9792508851,173.2751457073));
#3871=CARTESIAN_POINT('',(-41.24425072443,105.8106169476,173.3398329384));
#3872=CARTESIAN_POINT('',(-40.58725336541,106.3436283754,172.6251872223));
#3873=CARTESIAN_POINT('',(-40.85184070803,106.1765338646,172.6603129522));
#3874=CARTESIAN_POINT('',(-41.11642805066,106.0094393538,172.695438682));
#3875=CARTESIAN_POINT('',(-41.38101539328,105.842344843,172.7305644119));
#3876=CARTESIAN_POINT('',(-40.63418802237,106.3545979507,172.0931389498));
#3877=CARTESIAN_POINT('',(-40.90144056188,106.1881263502,172.098052178));
#3878=CARTESIAN_POINT('',(-41.1686931014,106.0216547496,172.1029654062));
#3879=CARTESIAN_POINT('',(-41.43594564092,105.855183149,172.1078786343));
#3880=CARTESIAN_POINT('',(-40.61828376169,106.3510156714,171.737361521));
#3881=CARTESIAN_POINT('',(-40.88463317357,106.1843406501,171.722071834));
#3882=CARTESIAN_POINT('',(-41.15098258544,106.0176656288,171.7067821469));
#3883=CARTESIAN_POINT('',(-41.41733199732,105.8509906076,171.6914924598));
#3884=CARTESIAN_POINT('',(-40.59860661535,106.3465172524,171.5608482773));
#3885=CARTESIAN_POINT('',(-40.86383865528,106.1795867872,171.5355352391));
#3886=CARTESIAN_POINT('',(-41.1290706952,106.012656322,171.5102222008));
#3887=CARTESIAN_POINT('',(-41.39430273512,105.8457258569,171.4849091626));
#3888=CARTESIAN_POINT('',(-41.29417192523,106.032714197,172.0586349418));
#3889=CARTESIAN_POINT('',(-41.68729297554,104.3299198715,172.0582065428));
#3890=CARTESIAN_POINT('',(-42.08041402586,102.627125546,172.0577781439));
#3891=CARTESIAN_POINT('',(-42.47353507617,100.9243312204,172.0573497449));
#3892=CARTESIAN_POINT('',(-41.29650816069,106.0333048993,171.8545702108));
#3893=CARTESIAN_POINT('',(-41.689629211,104.3305105737,171.8541418118));
#3894=CARTESIAN_POINT('',(-42.08275026132,102.6277162482,171.8537134129));
#3895=CARTESIAN_POINT('',(-42.47587131163,100.9249219227,171.8532850139));
#3896=CARTESIAN_POINT('',(-41.27407028754,106.0282274699,171.4461136107));
#3897=CARTESIAN_POINT('',(-41.66719133785,104.3254331444,171.4456852117));
#3898=CARTESIAN_POINT('',(-42.06031238817,102.6226388189,171.4452568128));
#3899=CARTESIAN_POINT('',(-42.45343343849,100.9198444933,171.4448284139));
#3900=CARTESIAN_POINT('',(-41.15970530064,106.0019757707,170.8437794867));
#3901=CARTESIAN_POINT('',(-41.55282635096,104.2991814452,170.8433510878));
#3902=CARTESIAN_POINT('',(-41.94594740128,102.5963871196,170.8429226888));
#3903=CARTESIAN_POINT('',(-42.33906845159,100.8935927941,170.8424942899));
#3904=CARTESIAN_POINT('',(-40.96674836706,105.9575742821,170.2629432953));
#3905=CARTESIAN_POINT('',(-41.35986941737,104.2547799566,170.2625148964));
#3906=CARTESIAN_POINT('',(-41.75299046769,102.5519856311,170.2620864974));
#3907=CARTESIAN_POINT('',(-42.14611151801,100.8491913055,170.2616580985));
#3908=CARTESIAN_POINT('',(-40.69877002766,105.8958446246,169.7143526466));
#3909=CARTESIAN_POINT('',(-41.09189107797,104.193050299,169.7139242477));
#3910=CARTESIAN_POINT('',(-41.48501212829,102.4902559735,169.7134958488));
#3911=CARTESIAN_POINT('',(-41.8781331786,100.787461648,169.7130674498));
#3912=CARTESIAN_POINT('',(-40.360729038,105.817929063,169.2081589357));
#3913=CARTESIAN_POINT('',(-40.75385008832,104.1151347375,169.2077305368));
#3914=CARTESIAN_POINT('',(-41.14697113863,102.412340412,169.2073021378));
#3915=CARTESIAN_POINT('',(-41.54009218895,100.7095460864,169.2068737389));
#3916=CARTESIAN_POINT('',(-39.95888061673,105.725269372,168.753728906));
#3917=CARTESIAN_POINT('',(-40.35200166704,104.0224750465,168.7533005071));
#3918=CARTESIAN_POINT('',(-40.74512271736,102.3196807209,168.7528721082));
#3919=CARTESIAN_POINT('',(-41.13824376768,100.6168863954,168.7524437092));
#3920=CARTESIAN_POINT('',(-39.50066069515,105.6195801559,168.3594714829));
#3921=CARTESIAN_POINT('',(-39.89378174547,103.9167858304,168.359043084));
#3922=CARTESIAN_POINT('',(-40.28690279578,102.2139915049,168.3586146851));
#3923=CARTESIAN_POINT('',(-40.6800238461,100.5111971793,168.3581862861));
#3924=CARTESIAN_POINT('',(-38.99454832092,105.5028171218,168.0326821297));
#3925=CARTESIAN_POINT('',(-39.38766937123,103.8000227963,168.0322537307));
#3926=CARTESIAN_POINT('',(-39.78079042155,102.0972284708,168.0318253318));
#3927=CARTESIAN_POINT('',(-40.17391147186,100.3944341452,168.0313969329));
#3928=CARTESIAN_POINT('',(-38.44990875888,105.3771408901,167.7794078612));
#3929=CARTESIAN_POINT('',(-38.84302980919,103.6743465646,167.7789794623));
#3930=CARTESIAN_POINT('',(-39.23615085951,101.971552239,167.7785510633));
#3931=CARTESIAN_POINT('',(-39.62927190982,100.2687579135,167.7781226644));
#3932=CARTESIAN_POINT('',(-37.87682019325,105.2448770138,167.6043353453));
#3933=CARTESIAN_POINT('',(-38.26994124357,103.5420826883,167.6039069464));
#3934=CARTESIAN_POINT('',(-38.66306229389,101.8392883628,167.6034785474));
#3935=CARTESIAN_POINT('',(-39.0561833442,100.1364940372,167.6030501485));
#3936=CARTESIAN_POINT('',(-37.28588723772,105.108472946,167.5107041797));
#3937=CARTESIAN_POINT('',(-37.67900828803,103.4056786205,167.5102757807));
#3938=CARTESIAN_POINT('',(-38.07212933835,101.702884295,167.5098473818));
#3939=CARTESIAN_POINT('',(-38.46525038867,100.0000899694,167.5094189828));
#3940=CARTESIAN_POINT('',(-36.68804470422,104.970452751,167.5002469452));
#3941=CARTESIAN_POINT('',(-37.08116575454,103.2676584255,167.4998185463));
#3942=CARTESIAN_POINT('',(-37.47428680485,101.5648641,167.4993901474));
#3943=CARTESIAN_POINT('',(-37.86740785517,99.86206977445,167.4989617484));
#3944=CARTESIAN_POINT('',(-36.09435526174,104.8333703986,167.573157146));
#3945=CARTESIAN_POINT('',(-36.48747631206,103.1305760731,167.5727287471));
#3946=CARTESIAN_POINT('',(-36.88059736238,101.4277817476,167.5723003482));
#3947=CARTESIAN_POINT('',(-37.27371841269,99.72498742202,167.5718719492));
#3948=CARTESIAN_POINT('',(-35.51580472915,104.6997625043,167.7280856284));
#3949=CARTESIAN_POINT('',(-35.90892577947,102.9969681788,167.7276572295));
#3950=CARTESIAN_POINT('',(-36.30204682979,101.2941738533,167.7272288306));
#3951=CARTESIAN_POINT('',(-36.6951678801,99.59137952774,167.7268004316));
#3952=CARTESIAN_POINT('',(-34.9630987901,104.5721013913,167.9621655464));
#3953=CARTESIAN_POINT('',(-35.35621984041,102.8693070658,167.9617371474));
#3954=CARTESIAN_POINT('',(-35.74934089073,101.1665127402,167.9613087485));
#3955=CARTESIAN_POINT('',(-36.14246194105,99.46371841471,167.9608803496));
#3956=CARTESIAN_POINT('',(-34.44646489161,104.4527493415,168.2710654104));
#3957=CARTESIAN_POINT('',(-34.83958594193,102.7499550159,168.2706370114));
#3958=CARTESIAN_POINT('',(-35.23270699224,101.0471606904,168.2702086125));
#3959=CARTESIAN_POINT('',(-35.62582804256,99.34436636489,168.2697802135));
#3960=CARTESIAN_POINT('',(-33.9754629922,104.3439148833,168.6490692389));
#3961=CARTESIAN_POINT('',(-34.36858404252,102.6411205578,168.6486408399));
#3962=CARTESIAN_POINT('',(-34.76170509284,100.9383262322,168.648212441));
#3963=CARTESIAN_POINT('',(-35.15482614315,99.23553190669,168.647784042));
#3964=CARTESIAN_POINT('',(-33.55880866124,104.2476119242,169.0891823279));
#3965=CARTESIAN_POINT('',(-33.95192971156,102.5448175987,169.088753929));
#3966=CARTESIAN_POINT('',(-34.34505076188,100.8420232732,169.08832553));
#3967=CARTESIAN_POINT('',(-34.73817181219,99.13922894765,169.0878971311));
#3968=CARTESIAN_POINT('',(-33.20421180361,104.1656224851,169.5832606864));
#3969=CARTESIAN_POINT('',(-33.59733285393,102.4628281596,169.5828322875));
#3970=CARTESIAN_POINT('',(-33.99045390425,100.760033834,169.5824038885));
#3971=CARTESIAN_POINT('',(-34.38357495456,99.05723950849,169.5819754896));
#3972=CARTESIAN_POINT('',(-32.91823399192,104.0994637244,170.1221617237));
#3973=CARTESIAN_POINT('',(-33.31135504224,102.3966693988,170.1217333248));
#3974=CARTESIAN_POINT('',(-33.70447609256,100.6938750733,170.1213049258));
#3975=CARTESIAN_POINT('',(-34.09759714287,98.99108074778,170.1208765269));
#3976=CARTESIAN_POINT('',(-32.70616705377,104.0503598656,170.6959134693));
#3977=CARTESIAN_POINT('',(-33.09928810408,102.3475655401,170.6954850704));
#3978=CARTESIAN_POINT('',(-33.4924091544,100.6447712145,170.6950566714));
#3979=CARTESIAN_POINT('',(-33.88553020472,98.94197688899,170.6946282725));
#3980=CARTESIAN_POINT('',(-32.57193513251,104.0192195397,171.2938989399));
#3981=CARTESIAN_POINT('',(-32.96505618283,102.3164252142,171.293470541));
#3982=CARTESIAN_POINT('',(-33.35817723314,100.6136308886,171.2930421421));
#3983=CARTESIAN_POINT('',(-33.75129828346,98.91083656311,171.2926137431));
#3984=CARTESIAN_POINT('',(-32.51802213922,104.0066189866,171.9050531873));
#3985=CARTESIAN_POINT('',(-32.91114318953,102.303824661,171.9046247883));
#3986=CARTESIAN_POINT('',(-33.30426423985,100.6010303355,171.9041963894));
#3987=CARTESIAN_POINT('',(-33.69738529017,98.89823600997,171.9037679905));
#3988=CARTESIAN_POINT('',(-32.53629107639,104.0107338862,172.313728298));
#3989=CARTESIAN_POINT('',(-32.9294121267,102.3079395607,172.3132998991));
#3990=CARTESIAN_POINT('',(-33.32253317702,100.6051452352,172.3128715001));
#3991=CARTESIAN_POINT('',(-33.71565422733,98.90235090962,172.3124431012));
#3992=CARTESIAN_POINT('',(-32.55889385922,104.0159011389,172.5164858751));
#3993=CARTESIAN_POINT('',(-32.95201490954,102.3131068134,172.5160574762));
#3994=CARTESIAN_POINT('',(-33.34513595985,100.6103124879,172.5156290772));
#3995=CARTESIAN_POINT('',(-33.73825701017,98.90751816234,172.5152006783));
#3996=CARTESIAN_POINT('',(-40.62306800693,106.352041074,172.0518761566));
#3997=CARTESIAN_POINT('',(-40.88968909343,106.1854242805,172.0544462662));
#3998=CARTESIAN_POINT('',(-41.15631017993,106.018807487,172.0570163758));
#3999=CARTESIAN_POINT('',(-41.42293126644,105.8521906935,172.0595864854));
#4000=CARTESIAN_POINT('',(-40.62510184707,106.3525553175,171.8742249531));
#4001=CARTESIAN_POINT('',(-40.89183842572,106.1859677255,171.8667070921));
#4002=CARTESIAN_POINT('',(-41.15857500438,106.0193801334,171.8591892312));
#4003=CARTESIAN_POINT('',(-41.42531158303,105.8527925414,171.8516713703));
#4004=CARTESIAN_POINT('',(-40.605568265,106.3481350954,171.5186377516));
#4005=CARTESIAN_POINT('',(-40.87119562404,106.1812964999,171.4909277775));
#4006=CARTESIAN_POINT('',(-41.13682298307,106.0144579044,171.4632178035));
#4007=CARTESIAN_POINT('',(-41.40245034211,105.8476193088,171.4355078294));
#4008=CARTESIAN_POINT('',(-40.50600633938,106.3252813375,170.9942679521));
#4009=CARTESIAN_POINT('',(-40.76598004818,106.1571449853,170.9367815005));
#4010=CARTESIAN_POINT('',(-41.02595375697,105.9890086331,170.8792950488));
#4011=CARTESIAN_POINT('',(-41.28592746577,105.8208722809,170.8218085972));
#4012=CARTESIAN_POINT('',(-40.3380251732,106.2866270446,170.4886134572));
#4013=CARTESIAN_POINT('',(-40.58846002711,106.1162956981,170.4024132815));
#4014=CARTESIAN_POINT('',(-40.83889488102,105.9459643517,170.3162131059));
#4015=CARTESIAN_POINT('',(-41.08932973493,105.7756330053,170.2300129302));
#4016=CARTESIAN_POINT('',(-40.10473314721,106.232887489,170.0110307386));
#4017=CARTESIAN_POINT('',(-40.34192045181,106.0595045277,169.8977109021));
#4018=CARTESIAN_POINT('',(-40.57910775641,105.8861215664,169.7843910656));
#4019=CARTESIAN_POINT('',(-40.81629506101,105.7127386051,169.6710712291));
#4020=CARTESIAN_POINT('',(-39.81044717052,106.1650570843,169.5703572251));
#4021=CARTESIAN_POINT('',(-40.03092336821,105.9878223555,169.4320136267));
#4022=CARTESIAN_POINT('',(-40.2513995659,105.8105876268,169.2936700284));
#4023=CARTESIAN_POINT('',(-40.47187576359,105.6333528981,169.1553264301));
#4024=CARTESIAN_POINT('',(-39.460612805,106.0843909861,169.174747257));
#4025=CARTESIAN_POINT('',(-39.66122356585,105.9025756116,169.0139388422));
#4026=CARTESIAN_POINT('',(-39.8618343267,105.7207602372,168.8531304273));
#4027=CARTESIAN_POINT('',(-40.06244508755,105.5389448628,168.6923220125));
#4028=CARTESIAN_POINT('',(-39.06170349729,105.9923818655,168.8315213336));
#4029=CARTESIAN_POINT('',(-39.23966208775,105.8053417288,168.651222744));
#4030=CARTESIAN_POINT('',(-39.4176206782,105.6183015922,168.4709241545));
#4031=CARTESIAN_POINT('',(-39.59557926866,105.4312614556,168.2906255649));
#4032=CARTESIAN_POINT('',(-38.62110079251,105.8907322887,168.5470306152));
#4033=CARTESIAN_POINT('',(-38.77403964201,105.697919954,168.3505771451));
#4034=CARTESIAN_POINT('',(-38.92697849152,105.5051076193,168.1541236749));
#4035=CARTESIAN_POINT('',(-39.07991734102,105.3122952846,167.9576702048));
#4036=CARTESIAN_POINT('',(-38.1469577437,105.7813232119,168.3265394093));
#4037=CARTESIAN_POINT('',(-38.27297225495,105.5822980539,168.1175652878));
#4038=CARTESIAN_POINT('',(-38.3989867662,105.3832728958,167.9085911663));
#4039=CARTESIAN_POINT('',(-38.52500127745,105.1842477378,167.6996170448));
#4040=CARTESIAN_POINT('',(-37.64804804509,105.6661791755,168.1741277553));
#4041=CARTESIAN_POINT('',(-37.74573183734,105.460615533,167.9564988978));
#4042=CARTESIAN_POINT('',(-37.84341562959,105.2550518904,167.7388700403));
#4043=CARTESIAN_POINT('',(-37.94109942184,105.0494882479,167.5212411827));
#4044=CARTESIAN_POINT('',(-37.13360368094,105.5474308416,168.0926159272));
#4045=CARTESIAN_POINT('',(-37.20207461411,105.3351240435,167.870358399));
#4046=CARTESIAN_POINT('',(-37.27054554727,105.1228172455,167.6481008708));
#4047=CARTESIAN_POINT('',(-37.33901648043,104.9105104474,167.4258433426));
#4048=CARTESIAN_POINT('',(-36.6131440939,105.4272755671,168.0835122459));
#4049=CARTESIAN_POINT('',(-36.65206059196,105.2081457201,167.8607377628));
#4050=CARTESIAN_POINT('',(-36.69097709002,104.9890158731,167.6379632796));
#4051=CARTESIAN_POINT('',(-36.72989358807,104.769886026,167.4151887964));
#4052=CARTESIAN_POINT('',(-36.09630003422,105.3079367437,168.1469851688));
#4053=CARTESIAN_POINT('',(-36.10586740585,105.0820302101,167.9278150123));
#4054=CARTESIAN_POINT('',(-36.11543477748,104.8561236764,167.7086448558));
#4055=CARTESIAN_POINT('',(-36.1250021491,104.6302171428,167.4894746993));
#4056=CARTESIAN_POINT('',(-35.59263534929,105.191622655,168.2818601725));
#4057=CARTESIAN_POINT('',(-35.57360198876,104.9591111951,168.0703489288));
#4058=CARTESIAN_POINT('',(-35.55456862824,104.7265997352,167.858837685));
#4059=CARTESIAN_POINT('',(-35.53553526771,104.4940882753,167.6473264413));
#4060=CARTESIAN_POINT('',(-35.11147001113,105.080485614,168.4856414872));
#4061=CARTESIAN_POINT('',(-35.0651135498,104.8416632079,168.2857020192));
#4062=CARTESIAN_POINT('',(-35.01875708847,104.6028408018,168.0857625512));
#4063=CARTESIAN_POINT('',(-34.97240062713,104.3640183956,167.8858230832));
#4064=CARTESIAN_POINT('',(-34.66170765668,104.9765821359,168.7545582782));
#4065=CARTESIAN_POINT('',(-34.58981132127,104.7318595434,168.5698893212));
#4066=CARTESIAN_POINT('',(-34.51791498585,104.4871369508,168.3852203642));
#4067=CARTESIAN_POINT('',(-34.44601865043,104.2424143582,168.2005514073));
#4068=CARTESIAN_POINT('',(-34.25167083206,104.8818348839,169.0836344236));
#4069=CARTESIAN_POINT('',(-34.15649044726,104.6317320437,168.9176521424));
#4070=CARTESIAN_POINT('',(-34.06131006247,104.3816292034,168.7516698613));
#4071=CARTESIAN_POINT('',(-33.96612967767,104.1315263631,168.5856875801));
#4072=CARTESIAN_POINT('',(-33.88894698944,104.7979970914,169.4667805929));
#4073=CARTESIAN_POINT('',(-33.77316923545,104.5431334999,169.3225553682));
#4074=CARTESIAN_POINT('',(-33.65739148145,104.2882699085,169.1783301435));
#4075=CARTESIAN_POINT('',(-33.54161372745,104.033406317,169.0341049187));
#4076=CARTESIAN_POINT('',(-33.58024808673,104.7266201196,169.8969069289));
#4077=CARTESIAN_POINT('',(-33.44694078401,104.467703368,169.7771065418));
#4078=CARTESIAN_POINT('',(-33.31363348129,104.2087866163,169.6573061546));
#4079=CARTESIAN_POINT('',(-33.18032617858,103.9498698646,169.5375057675));
#4080=CARTESIAN_POINT('',(-33.33128638622,104.6690247507,170.3660542304));
#4081=CARTESIAN_POINT('',(-33.18384172759,104.4068374308,170.2728944967));
#4082=CARTESIAN_POINT('',(-33.03639706896,104.1446501109,170.179734763));
#4083=CARTESIAN_POINT('',(-32.88895241032,103.882462791,170.0865750293));
#4084=CARTESIAN_POINT('',(-33.14666875721,104.6262767483,170.865541269));
#4085=CARTESIAN_POINT('',(-32.98874053775,104.3616619718,170.8007450387));
#4086=CARTESIAN_POINT('',(-32.8308123183,104.0970471952,170.7359488084));
#4087=CARTESIAN_POINT('',(-32.67288409885,103.8324324187,170.671152578));
#4088=CARTESIAN_POINT('',(-33.02981141369,104.5991671329,171.3861252918));
#4089=CARTESIAN_POINT('',(-32.86524741912,104.3330129297,171.3508905627));
#4090=CARTESIAN_POINT('',(-32.70068342456,104.0668587265,171.3156558336));
#4091=CARTESIAN_POINT('',(-32.53611942999,103.8007045233,171.2804211045));
#4092=CARTESIAN_POINT('',(-32.98287675673,104.5881975576,171.9181735644));
#4093=CARTESIAN_POINT('',(-32.81564756527,104.3214204442,171.9131513369));
#4094=CARTESIAN_POINT('',(-32.64841837381,104.0546433308,171.9081291095));
#4095=CARTESIAN_POINT('',(-32.48118918235,103.7878662173,171.9031068821));
#4096=CARTESIAN_POINT('',(-32.99878101741,104.591779837,172.2739509931));
#4097=CARTESIAN_POINT('',(-32.83245495359,104.3252061442,172.2891316809));
#4098=CARTESIAN_POINT('',(-32.66612888977,104.0586324515,172.3043123688));
#4099=CARTESIAN_POINT('',(-32.49980282596,103.7920587588,172.3194930566));
#4100=CARTESIAN_POINT('',(-33.01845816375,104.596278256,172.4504642369));
#4101=CARTESIAN_POINT('',(-32.85324947188,104.3299600071,172.4756682758));
#4102=CARTESIAN_POINT('',(-32.68804078002,104.0636417583,172.5008723148));
#4103=CARTESIAN_POINT('',(-32.52283208815,103.7973235095,172.5260763538));
#4104=CARTESIAN_POINT('',(-31.43898416118,110.9490594955,171.9600390562));
#4105=CARTESIAN_POINT('',(-31.94587386061,108.7534790167,171.9594866792));
#4106=CARTESIAN_POINT('',(-32.45276356003,106.557898538,171.9589343023));
#4107=CARTESIAN_POINT('',(-32.95965325946,104.3623180593,171.9583819253));
#4108=CARTESIAN_POINT('',(-31.43681589551,110.9485112633,172.1494320173));
#4109=CARTESIAN_POINT('',(-31.94370559493,108.7529307846,172.1488796403));
#4110=CARTESIAN_POINT('',(-32.45059529436,106.5573503058,172.1483272634));
#4111=CARTESIAN_POINT('',(-32.95748499378,104.3617698271,172.1477748864));
#4112=CARTESIAN_POINT('',(-31.45873810667,110.9534770278,172.5285346229));
#4113=CARTESIAN_POINT('',(-31.9656278061,108.757896549,172.5279822459));
#4114=CARTESIAN_POINT('',(-32.47251750552,106.5623160703,172.527429869));
#4115=CARTESIAN_POINT('',(-32.97940720495,104.3667355915,172.526877492));
#4116=CARTESIAN_POINT('',(-31.56973513209,110.978962287,173.0866883452));
#4117=CARTESIAN_POINT('',(-32.07662483152,108.7833818082,173.0861359682));
#4118=CARTESIAN_POINT('',(-32.58351453094,106.5878013295,173.0855835913));
#4119=CARTESIAN_POINT('',(-33.09040423037,104.3922208508,173.0850312143));
#4120=CARTESIAN_POINT('',(-31.75660978129,111.0219707471,173.6230960259));
#4121=CARTESIAN_POINT('',(-32.26349948072,108.8263902684,173.6225436489));
#4122=CARTESIAN_POINT('',(-32.77038918014,106.6308097896,173.621991272));
#4123=CARTESIAN_POINT('',(-33.27727887957,104.4352293109,173.621438895));
#4124=CARTESIAN_POINT('',(-32.01559734682,111.0816359756,174.1269518128));
#4125=CARTESIAN_POINT('',(-32.52248704624,108.8860554969,174.1263994358));
#4126=CARTESIAN_POINT('',(-33.02937674567,106.6904750181,174.1258470588));
#4127=CARTESIAN_POINT('',(-33.5362664451,104.4948945394,174.1252946819));
#4128=CARTESIAN_POINT('',(-32.34148036879,111.1567559806,174.5881051178));
#4129=CARTESIAN_POINT('',(-32.84837006822,108.9611755019,174.5875527409));
#4130=CARTESIAN_POINT('',(-33.35525976765,106.7655950231,174.5870003639));
#4131=CARTESIAN_POINT('',(-33.86214946707,104.5700145444,174.586447987));
#4132=CARTESIAN_POINT('',(-32.72769373635,111.2458174242,174.997265758));
#4133=CARTESIAN_POINT('',(-33.23458343578,109.0502369454,174.996713381));
#4134=CARTESIAN_POINT('',(-33.7414731352,106.8546564667,174.9961610041));
#4135=CARTESIAN_POINT('',(-34.24836283463,104.659075988,174.9956086271));
#4136=CARTESIAN_POINT('',(-33.16645694774,111.3470261097,175.3461909369));
#4137=CARTESIAN_POINT('',(-33.67334664716,109.1514456309,175.3456385599));
#4138=CARTESIAN_POINT('',(-34.18023634659,106.9558651522,175.3450861829));
#4139=CARTESIAN_POINT('',(-34.68712604602,104.7602846734,175.344533806));
#4140=CARTESIAN_POINT('',(-33.64893085272,111.4583431269,175.6278513479));
#4141=CARTESIAN_POINT('',(-34.15582055214,109.2627626481,175.6272989709));
#4142=CARTESIAN_POINT('',(-34.66271025157,107.0671821694,175.626746594));
#4143=CARTESIAN_POINT('',(-35.169599951,104.8716016907,175.626194217));
#4144=CARTESIAN_POINT('',(-34.16539572272,111.5775259272,175.8365727711));
#4145=CARTESIAN_POINT('',(-34.67228542215,109.3819454485,175.8360203942));
#4146=CARTESIAN_POINT('',(-35.17917512158,107.1863649697,175.8354680172));
#4147=CARTESIAN_POINT('',(-35.686064821,104.990784491,175.8349156403));
#4148=CARTESIAN_POINT('',(-34.70544706064,111.7021735011,175.9681503875));
#4149=CARTESIAN_POINT('',(-35.21233676006,109.5065930223,175.9675980106));
#4150=CARTESIAN_POINT('',(-35.71922645949,107.3110125436,175.9670456336));
#4151=CARTESIAN_POINT('',(-36.22611615892,105.1154320649,175.9664932567));
#4152=CARTESIAN_POINT('',(-35.25820520569,111.8297747477,176.0199334864));
#4153=CARTESIAN_POINT('',(-35.76509490511,109.634194269,176.0193811094));
#4154=CARTESIAN_POINT('',(-36.27198460454,107.4386137903,176.0188287325));
#4155=CARTESIAN_POINT('',(-36.77887430397,105.2430333115,176.0182763555));
#4156=CARTESIAN_POINT('',(-35.81253451078,111.9577590629,175.9908788658));
#4157=CARTESIAN_POINT('',(-36.31942421021,109.7621785841,175.9903264889));
#4158=CARTESIAN_POINT('',(-36.82631390963,107.5665981054,175.9897741119));
#4159=CARTESIAN_POINT('',(-37.33320360906,105.3710176267,175.9892217349));
#4160=CARTESIAN_POINT('',(-36.35726767687,112.0835481251,175.8815718488));
#4161=CARTESIAN_POINT('',(-36.86415737629,109.8879676464,175.8810194718));
#4162=CARTESIAN_POINT('',(-37.37104707572,107.6923871677,175.8804670948));
#4163=CARTESIAN_POINT('',(-37.87793677514,105.4968066889,175.8799147179));
#4164=CARTESIAN_POINT('',(-36.8814307249,112.2046078377,175.6942144912));
#4165=CARTESIAN_POINT('',(-37.38832042433,110.009027359,175.6936621142));
#4166=CARTESIAN_POINT('',(-37.89521012375,107.8134468803,175.6931097372));
#4167=CARTESIAN_POINT('',(-38.40209982318,105.6178664015,175.6925573603));
#4168=CARTESIAN_POINT('',(-37.37446407333,112.3184993796,175.4325812203));
#4169=CARTESIAN_POINT('',(-37.88135377275,110.1229189008,175.4320288434));
#4170=CARTESIAN_POINT('',(-38.38824347218,107.9273384221,175.4314764664));
#4171=CARTESIAN_POINT('',(-38.89513317161,105.7317579434,175.4309240894));
#4172=CARTESIAN_POINT('',(-37.82643526718,112.4229283367,175.1019427965));
#4173=CARTESIAN_POINT('',(-38.33332496661,110.227347858,175.1013904196));
#4174=CARTESIAN_POINT('',(-38.84021466604,108.0317673792,175.1008380426));
#4175=CARTESIAN_POINT('',(-39.34710436546,105.8361869005,175.1002856657));
#4176=CARTESIAN_POINT('',(-38.22823907352,112.5157909246,174.7089601313));
#4177=CARTESIAN_POINT('',(-38.73512877294,110.3202104459,174.7084077544));
#4178=CARTESIAN_POINT('',(-39.24201847237,108.1246299671,174.7078553774));
#4179=CARTESIAN_POINT('',(-39.7489081718,105.9290494884,174.7073030005));
#4180=CARTESIAN_POINT('',(-38.57178091145,112.5952163702,174.2615500961));
#4181=CARTESIAN_POINT('',(-39.07867061088,110.3996358915,174.2609977192));
#4182=CARTESIAN_POINT('',(-39.5855603103,108.2040554128,174.2604453422));
#4183=CARTESIAN_POINT('',(-40.09245000973,106.008474934,174.2598929652));
#4184=CARTESIAN_POINT('',(-38.85013992378,112.6596046002,173.7687260443));
#4185=CARTESIAN_POINT('',(-39.3570296232,110.4640241214,173.7681736673));
#4186=CARTESIAN_POINT('',(-39.86391932263,108.2684436427,173.7676212904));
#4187=CARTESIAN_POINT('',(-40.37080902205,106.072863164,173.7670689134));
#4188=CARTESIAN_POINT('',(-39.05770839664,112.7076584739,173.2404161855));
#4189=CARTESIAN_POINT('',(-39.56459809607,110.5120779951,173.2398638086));
#4190=CARTESIAN_POINT('',(-40.0714877955,108.3164975164,173.2393114316));
#4191=CARTESIAN_POINT('',(-40.57837749492,106.1209170377,173.2387590547));
#4192=CARTESIAN_POINT('',(-39.19030474967,112.7384099197,172.6872637492));
#4193=CARTESIAN_POINT('',(-39.6971944491,110.542829441,172.6867113723));
#4194=CARTESIAN_POINT('',(-40.20408414852,108.3472489623,172.6861589953));
#4195=CARTESIAN_POINT('',(-40.71097384795,106.1516684835,172.6856066184));
#4196=CARTESIAN_POINT('',(-39.24525770429,112.751239421,172.1204119234));
#4197=CARTESIAN_POINT('',(-39.75214740372,110.5556589423,172.1198595464));
#4198=CARTESIAN_POINT('',(-40.25903710314,108.3600784635,172.1193071694));
#4199=CARTESIAN_POINT('',(-40.76592680257,106.1644979848,172.1187547925));
#4200=CARTESIAN_POINT('',(-39.22939281303,112.7476721789,171.7409918293));
#4201=CARTESIAN_POINT('',(-39.73628251245,110.5520917002,171.7404394524));
#4202=CARTESIAN_POINT('',(-40.24317221188,108.3565112215,171.7398870754));
#4203=CARTESIAN_POINT('',(-40.75006191131,106.1609307427,171.7393346985));
#4204=CARTESIAN_POINT('',(-39.20841511664,112.7428764394,171.5528120409));
#4205=CARTESIAN_POINT('',(-39.71530481607,110.5472959607,171.552259664));
#4206=CARTESIAN_POINT('',(-40.2221945155,108.3517154819,171.551707287));
#4207=CARTESIAN_POINT('',(-40.72908421492,106.1561350032,171.55115491));
#4208=CARTESIAN_POINT('',(-39.23340668055,112.7485199835,172.054482381));
#4209=CARTESIAN_POINT('',(-39.74029637998,110.5529395047,172.053930004));
#4210=CARTESIAN_POINT('',(-40.24718607941,108.357359026,172.053377627));
#4211=CARTESIAN_POINT('',(-40.75407577883,106.1617785473,172.0528252501));
#4212=CARTESIAN_POINT('',(-39.23557494623,112.7490682157,171.8650894199));
#4213=CARTESIAN_POINT('',(-39.74246464565,110.5534877369,171.8645370429));
#4214=CARTESIAN_POINT('',(-40.24935434508,108.3579072582,171.863984666));
#4215=CARTESIAN_POINT('',(-40.75624404451,106.1623267794,171.863432289));
#4216=CARTESIAN_POINT('',(-39.21365273506,112.7441024512,171.4859868143));
#4217=CARTESIAN_POINT('',(-39.72054243449,110.5485219725,171.4854344373));
#4218=CARTESIAN_POINT('',(-40.22743213391,108.3529414937,171.4848820604));
#4219=CARTESIAN_POINT('',(-40.73432183334,106.157361015,171.4843296834));
#4220=CARTESIAN_POINT('',(-39.10265570964,112.718617192,170.927833092));
#4221=CARTESIAN_POINT('',(-39.60954540907,110.5230367133,170.927280715));
#4222=CARTESIAN_POINT('',(-40.11643510849,108.3274562345,170.926728338));
#4223=CARTESIAN_POINT('',(-40.62332480792,106.1318757558,170.9261759611));
#4224=CARTESIAN_POINT('',(-38.91578106044,112.6756087319,170.3914254113));
#4225=CARTESIAN_POINT('',(-39.42267075987,110.4800282531,170.3908730343));
#4226=CARTESIAN_POINT('',(-39.9295604593,108.2844477744,170.3903206574));
#4227=CARTESIAN_POINT('',(-40.43645015872,106.0888672956,170.3897682804));
#4228=CARTESIAN_POINT('',(-38.65679349492,112.6159435034,169.8875696244));
#4229=CARTESIAN_POINT('',(-39.16368319434,110.4203630246,169.8870172474));
#4230=CARTESIAN_POINT('',(-39.67057289377,108.2247825459,169.8864648705));
#4231=CARTESIAN_POINT('',(-40.1774625932,106.0292020672,169.8859124935));
#4232=CARTESIAN_POINT('',(-38.33091047294,112.5408234983,169.4264163193));
#4233=CARTESIAN_POINT('',(-38.83780017236,110.3452430196,169.4258639424));
#4234=CARTESIAN_POINT('',(-39.34468987179,108.1496625409,169.4253115654));
#4235=CARTESIAN_POINT('',(-39.85157957122,105.9540820621,169.4247591885));
#4236=CARTESIAN_POINT('',(-37.94469710538,112.4517620548,169.0172556792));
#4237=CARTESIAN_POINT('',(-38.45158680481,110.256181576,169.0167033022));
#4238=CARTESIAN_POINT('',(-38.95847650423,108.0606010973,169.0161509253));
#4239=CARTESIAN_POINT('',(-39.46536620366,105.8650206186,169.0155985483));
#4240=CARTESIAN_POINT('',(-37.50593389399,112.3505533693,168.6683305003));
#4241=CARTESIAN_POINT('',(-38.01282359342,110.1549728906,168.6677781233));
#4242=CARTESIAN_POINT('',(-38.51971329285,107.9593924118,168.6672257464));
#4243=CARTESIAN_POINT('',(-39.02660299227,105.7638119331,168.6666733694));
#4244=CARTESIAN_POINT('',(-37.02345998902,112.2392363521,168.3866700893));
#4245=CARTESIAN_POINT('',(-37.53034968844,110.0436558734,168.3861177123));
#4246=CARTESIAN_POINT('',(-38.03723938787,107.8480753946,168.3855653354));
#4247=CARTESIAN_POINT('',(-38.54412908729,105.6524949159,168.3850129584));
#4248=CARTESIAN_POINT('',(-36.50699511901,112.1200535518,168.177948666));
#4249=CARTESIAN_POINT('',(-37.01388481844,109.924473073,168.1773962891));
#4250=CARTESIAN_POINT('',(-37.52077451786,107.7288925943,168.1768439121));
#4251=CARTESIAN_POINT('',(-38.02766421729,105.5333121155,168.1762915351));
#4252=CARTESIAN_POINT('',(-35.9669437811,111.9954059779,168.0463710496));
#4253=CARTESIAN_POINT('',(-36.47383348052,109.7998254991,168.0458186727));
#4254=CARTESIAN_POINT('',(-36.98072317995,107.6042450204,168.0452662957));
#4255=CARTESIAN_POINT('',(-37.48761287937,105.4086645417,168.0447139187));
#4256=CARTESIAN_POINT('',(-35.41418563605,111.8678047312,167.9945879508));
#4257=CARTESIAN_POINT('',(-35.92107533547,109.6722242525,167.9940355738));
#4258=CARTESIAN_POINT('',(-36.4279650349,107.4766437738,167.9934831969));
#4259=CARTESIAN_POINT('',(-36.93485473433,105.281063295,167.9929308199));
#4260=CARTESIAN_POINT('',(-34.85985633095,111.7398204161,168.0236425713));
#4261=CARTESIAN_POINT('',(-35.36674603038,109.5442399373,168.0230901944));
#4262=CARTESIAN_POINT('',(-35.8736357298,107.3486594586,168.0225378174));
#4263=CARTESIAN_POINT('',(-36.38052542923,105.1530789799,168.0219854405));
#4264=CARTESIAN_POINT('',(-34.31512316487,111.6140313538,168.1329495884));
#4265=CARTESIAN_POINT('',(-34.82201286429,109.4184508751,168.1323972114));
#4266=CARTESIAN_POINT('',(-35.32890256372,107.2228703964,168.1318448345));
#4267=CARTESIAN_POINT('',(-35.83579226315,105.0272899176,168.1312924575));
#4268=CARTESIAN_POINT('',(-33.79096011683,111.4929716412,168.320306946));
#4269=CARTESIAN_POINT('',(-34.29784981626,109.2973911625,168.3197545691));
#4270=CARTESIAN_POINT('',(-34.80473951568,107.1018106838,168.3192021921));
#4271=CARTESIAN_POINT('',(-35.31162921511,104.906230205,168.3186498151));
#4272=CARTESIAN_POINT('',(-33.2979267684,111.3790800994,168.5819402169));
#4273=CARTESIAN_POINT('',(-33.80481646783,109.1834996206,168.5813878399));
#4274=CARTESIAN_POINT('',(-34.31170616726,106.9879191419,168.5808354629));
#4275=CARTESIAN_POINT('',(-34.81859586668,104.7923386632,168.580283086));
#4276=CARTESIAN_POINT('',(-32.84595557455,111.2746511423,168.9125786406));
#4277=CARTESIAN_POINT('',(-33.35284527398,109.0790706635,168.9120262637));
#4278=CARTESIAN_POINT('',(-33.8597349734,106.8834901848,168.9114738867));
#4279=CARTESIAN_POINT('',(-34.36662467283,104.6879097061,168.9109215098));
#4280=CARTESIAN_POINT('',(-32.44415176821,111.1817885544,169.3055613058));
#4281=CARTESIAN_POINT('',(-32.95104146764,108.9862080756,169.3050089289));
#4282=CARTESIAN_POINT('',(-33.45793116707,106.7906275969,169.3044565519));
#4283=CARTESIAN_POINT('',(-33.96482086649,104.5950471182,169.303904175));
#4284=CARTESIAN_POINT('',(-32.10060993028,111.1023631087,169.752971341));
#4285=CARTESIAN_POINT('',(-32.60749962971,108.90678263,169.7524189641));
#4286=CARTESIAN_POINT('',(-33.11438932914,106.7112021513,169.7518665871));
#4287=CARTESIAN_POINT('',(-33.62127902856,104.5156216725,169.7513142102));
#4288=CARTESIAN_POINT('',(-31.82225091796,111.0379748788,170.2457953929));
#4289=CARTESIAN_POINT('',(-32.32914061738,108.8423944,170.2452430159));
#4290=CARTESIAN_POINT('',(-32.83603031681,106.6468139213,170.2446906389));
#4291=CARTESIAN_POINT('',(-33.34292001624,104.4512334426,170.244138262));
#4292=CARTESIAN_POINT('',(-31.61468244509,110.9899210051,170.7741052516));
#4293=CARTESIAN_POINT('',(-32.12157214451,108.7943405263,170.7735528747));
#4294=CARTESIAN_POINT('',(-32.62846184394,106.5987600476,170.7730004977));
#4295=CARTESIAN_POINT('',(-33.13535154337,104.4031795689,170.7724481207));
#4296=CARTESIAN_POINT('',(-31.48208609206,110.9591695592,171.3272576879));
#4297=CARTESIAN_POINT('',(-31.98897579149,108.7635890805,171.326705311));
#4298=CARTESIAN_POINT('',(-32.49586549091,106.5680086018,171.326152934));
#4299=CARTESIAN_POINT('',(-33.00275519034,104.372428123,171.325600557));
#4300=CARTESIAN_POINT('',(-31.42713313744,110.946340058,171.8941095138));
#4301=CARTESIAN_POINT('',(-31.93402283687,108.7507595792,171.8935571369));
#4302=CARTESIAN_POINT('',(-32.4409125363,106.5551791005,171.8930047599));
#4303=CARTESIAN_POINT('',(-32.94780223572,104.3595986218,171.8924523829));
#4304=CARTESIAN_POINT('',(-31.44299802871,110.9499073,172.2735296078));
#4305=CARTESIAN_POINT('',(-31.94988772813,108.7543268213,172.2729772309));
#4306=CARTESIAN_POINT('',(-32.45677742756,106.5587463426,172.2724248539));
#4307=CARTESIAN_POINT('',(-32.96366712699,104.3631658638,172.271872477));
#4308=CARTESIAN_POINT('',(-31.46397572509,110.9547030395,172.4617093962));
#4309=CARTESIAN_POINT('',(-31.97086542452,108.7591225608,172.4611570193));
#4310=CARTESIAN_POINT('',(-32.47775512394,106.5635420821,172.4606046423));
#4311=CARTESIAN_POINT('',(-32.98464482337,104.3679616033,172.4600522654));
#4312=CARTESIAN_POINT('',(-31.4730468504082,110.82344074911,172.211244726498));
#4313=CARTESIAN_POINT('',(-31.5203959993548,110.834108445193,173.259461162085));
#4314=CARTESIAN_POINT('',(-31.9937737657568,110.943140799556,174.275080647034));
#4315=CARTESIAN_POINT('',(-33.5107209743873,111.293001835925,175.681462749995));
#4316=CARTESIAN_POINT('',(-34.5435866412908,111.531362860759,176.058296624383));
#4317=CARTESIAN_POINT('',(-36.5855548401967,112.002815294171,175.951280878789));
#4318=CARTESIAN_POINT('',(-37.5756197094613,112.231511267053,175.468405157872));
#4319=CARTESIAN_POINT('',(-38.9449068595422,112.548028000821,173.910755140665));
#4320=CARTESIAN_POINT('',(-39.3149014994085,112.633714644049,172.850882047695));
#4321=CARTESIAN_POINT('',(-39.2578312643463,112.62080252073,171.80321297485));
#4322=CARTESIAN_POINT('',(-30.9891683690482,110.711721620055,172.236606791183));
#4323=CARTESIAN_POINT('',(-31.0423911315984,110.723712569863,173.415103382931));
#4324=CARTESIAN_POINT('',(-31.5746487832799,110.84630664043,174.55702894741));
#4325=CARTESIAN_POINT('',(-33.2801371875912,111.239651865189,176.138209053835));
#4326=CARTESIAN_POINT('',(-34.4414418639563,111.507653580349,176.561913604467));
#4327=CARTESIAN_POINT('',(-36.7372273613821,112.037707705319,176.441580937314));
#4328=CARTESIAN_POINT('',(-37.8503697766334,112.294833468723,175.898686695233));
#4329=CARTESIAN_POINT('',(-39.3898851189451,112.650699200761,174.147373092891));
#4330=CARTESIAN_POINT('',(-39.8058669458943,112.747035957887,172.955795127545));
#4331=CARTESIAN_POINT('',(-39.7417100075587,112.732520515578,171.777850909877));
#4332=CARTESIAN_POINT('',(-39.2578312643463,112.62080252073,171.80321297485));
#4333=CARTESIAN_POINT('',(-39.2104821154101,112.610134824583,170.754996539381));
#4334=CARTESIAN_POINT('',(-38.7371043490153,112.501102470199,169.739377054282));
#4335=CARTESIAN_POINT('',(-37.2201571403811,112.151241433875,168.332994951485));
#4336=CARTESIAN_POINT('',(-36.1872914734818,111.912880409078,167.956161076827));
#4337=CARTESIAN_POINT('',(-34.1453232745797,111.441427975461,168.063176822678));
#4338=CARTESIAN_POINT('',(-33.1552584052977,111.212732002819,168.546052543464));
#4339=CARTESIAN_POINT('',(-31.7859712552394,110.896215268996,170.103702560756));
#4340=CARTESIAN_POINT('',(-31.4159766153607,110.810528625641,171.163575653531));
#4341=CARTESIAN_POINT('',(-31.4730468504082,110.82344074911,172.211244726498));
#4342=CARTESIAN_POINT('',(-39.7417100075587,112.732520515578,171.777850909877));
#4343=CARTESIAN_POINT('',(-39.6884872450375,112.720529565492,170.599354318159));
#4344=CARTESIAN_POINT('',(-39.1562295933293,112.597935495238,169.457428753621));
#4345=CARTESIAN_POINT('',(-37.4507411890299,112.204590270278,167.876248647277));
#4346=CARTESIAN_POINT('',(-36.2894365126554,111.936588555334,167.45254409659));
#4347=CARTESIAN_POINT('',(-33.9936510152307,111.406534430213,167.572876763746));
#4348=CARTESIAN_POINT('',(-32.8805085999787,111.149408666931,168.115771005829));
#4349=CARTESIAN_POINT('',(-31.3409932576672,110.793542934783,169.867084608173));
#4350=CARTESIAN_POINT('',(-30.9250114307271,110.697206177617,171.05866257351));
#4351=CARTESIAN_POINT('',(-30.9891683690482,110.711721620055,172.236606791183));
#4352=CARTESIAN_POINT('',(-37.85033865002,117.5491238122,172.0525445397));
#4353=CARTESIAN_POINT('',(-38.497261761,115.9067644822,172.0551967341));
#4354=CARTESIAN_POINT('',(-39.14418487198,114.2644051522,172.0578489286));
#4355=CARTESIAN_POINT('',(-39.79110798297,112.6220458223,172.0605011231));
#4356=CARTESIAN_POINT('',(-37.85227748675,117.5496140348,171.8831916627));
#4357=CARTESIAN_POINT('',(-38.49933613546,115.9072889746,171.874004952));
#4358=CARTESIAN_POINT('',(-39.14639478418,114.2649639145,171.8648182413));
#4359=CARTESIAN_POINT('',(-39.79345343289,112.6226388543,171.8556315306));
#4360=CARTESIAN_POINT('',(-37.83365634456,117.5454002872,171.5442144175));
#4361=CARTESIAN_POINT('',(-38.47941325019,115.9027806577,171.5113309174));
#4362=CARTESIAN_POINT('',(-39.12517015582,114.2601610283,171.4784474174));
#4363=CARTESIAN_POINT('',(-39.77092706145,112.6175413988,171.4455639173));
#4364=CARTESIAN_POINT('',(-37.73874509036,117.523614059,171.0443386364));
#4365=CARTESIAN_POINT('',(-38.37786706095,115.8794714257,170.9765104571));
#4366=CARTESIAN_POINT('',(-39.01698903154,114.2353287924,170.9086822778));
#4367=CARTESIAN_POINT('',(-39.65611100213,112.591186159,170.8408540984));
#4368=CARTESIAN_POINT('',(-37.57861055032,117.4867653601,170.5623039429));
#4369=CARTESIAN_POINT('',(-38.2065380395,115.8400467549,170.4607782963));
#4370=CARTESIAN_POINT('',(-38.83446552868,114.1933281496,170.3592526498));
#4371=CARTESIAN_POINT('',(-39.46239301787,112.5466095444,170.2577270032));
#4372=CARTESIAN_POINT('',(-37.35621590856,117.4355360514,170.1070297552));
#4373=CARTESIAN_POINT('',(-37.96859651646,115.7852361729,169.9736773808));
#4374=CARTESIAN_POINT('',(-38.58097712436,114.1349362944,169.8403250063));
#4375=CARTESIAN_POINT('',(-39.19335773226,112.484636416,169.7069726319));
#4376=CARTESIAN_POINT('',(-37.07567642554,117.3708740961,169.6869406941));
#4377=CARTESIAN_POINT('',(-37.66844543668,115.7160539121,169.5242212687));
#4378=CARTESIAN_POINT('',(-38.26121444781,114.061233728,169.3615018434));
#4379=CARTESIAN_POINT('',(-38.85398345895,112.4064135439,169.1987824181));
#4380=CARTESIAN_POINT('',(-36.74218329362,117.2939760198,169.3098101996));
#4381=CARTESIAN_POINT('',(-37.31163889177,115.633780143,169.1207268161));
#4382=CARTESIAN_POINT('',(-37.88109448992,113.9735842662,168.9316434326));
#4383=CARTESIAN_POINT('',(-38.45055008807,112.3133883894,168.7425600492));
#4384=CARTESIAN_POINT('',(-36.36190757604,117.206264769,168.9826168205));
#4385=CARTESIAN_POINT('',(-36.90477934382,115.5399372858,168.7706604192));
#4386=CARTESIAN_POINT('',(-37.44765111159,113.8736098026,168.5587040178));
#4387=CARTESIAN_POINT('',(-37.99052287936,112.2072823194,168.3467476165));
#4388=CARTESIAN_POINT('',(-35.94188601605,117.1093633806,168.7114150461));
#4389=CARTESIAN_POINT('',(-36.45539545172,115.4362618386,168.4804998166));
#4390=CARTESIAN_POINT('',(-36.9689048874,113.7631602966,168.2495845872));
#4391=CARTESIAN_POINT('',(-37.48241432307,112.0900587546,168.0186693577));
#4392=CARTESIAN_POINT('',(-35.48989082658,117.0050649489,168.5012232809));
#4393=CARTESIAN_POINT('',(-35.9718027584,115.324672245,168.2556142333));
#4394=CARTESIAN_POINT('',(-36.45371469023,113.6442795411,168.0100051857));
#4395=CARTESIAN_POINT('',(-36.93562662205,111.9638868373,167.7643961381));
#4396=CARTESIAN_POINT('',(-35.01428587083,116.8952994453,168.3559309802));
#4397=CARTESIAN_POINT('',(-35.46294981735,115.2072333944,168.1001650236));
#4398=CARTESIAN_POINT('',(-35.91161376386,113.5191673436,167.8443990669));
#4399=CARTESIAN_POINT('',(-36.36027771037,111.8311012927,167.5886331102));
#4400=CARTESIAN_POINT('',(-34.52387189466,116.7820980057,168.2782266792));
#4401=CARTESIAN_POINT('',(-34.93825260573,115.0861184128,168.0170286693));
#4402=CARTESIAN_POINT('',(-35.3526333168,113.3901388199,167.7558306594));
#4403=CARTESIAN_POINT('',(-35.76701402787,111.6941592271,167.4946326494));
#4404=CARTESIAN_POINT('',(-34.02772367474,116.6675553457,168.2695482431));
#4405=CARTESIAN_POINT('',(-34.40742028816,114.9635684505,168.0077435521));
#4406=CARTESIAN_POINT('',(-34.78711690158,113.2595815552,167.7459388611));
#4407=CARTESIAN_POINT('',(-35.166813515,111.55559466,167.4841341701));
#4408=CARTESIAN_POINT('',(-33.53502209605,116.5537909992,168.3300562604));
#4409=CARTESIAN_POINT('',(-33.88027555522,114.841851211,168.0724814868));
#4410=CARTESIAN_POINT('',(-34.22552901439,113.1299114227,167.8149067132));
#4411=CARTESIAN_POINT('',(-34.57078247356,111.4179716345,167.5573319395));
#4412=CARTESIAN_POINT('',(-33.05488426578,116.4429100979,168.4586310714));
#4413=CARTESIAN_POINT('',(-33.36657286122,114.7232189889,168.2100445419));
#4414=CARTESIAN_POINT('',(-33.67826145667,113.0035278799,167.9614580123));
#4415=CARTESIAN_POINT('',(-33.98995005211,111.283836771,167.7128714828));
#4416=CARTESIAN_POINT('',(-32.59619480754,116.3369644175,168.6528934868));
#4417=CARTESIAN_POINT('',(-32.87581792473,114.6098669929,168.4178872067));
#4418=CARTESIAN_POINT('',(-33.15544104191,112.8827695683,168.1828809267));
#4419=CARTESIAN_POINT('',(-33.43506415909,111.1556721436,167.9478746466));
#4420=CARTESIAN_POINT('',(-32.16744145742,116.2379144106,168.9092488129));
#4421=CARTESIAN_POINT('',(-32.41709183165,114.5038927243,168.6921634944));
#4422=CARTESIAN_POINT('',(-32.66674220588,112.769871038,168.4750781758));
#4423=CARTESIAN_POINT('',(-32.9163925801,111.0358493517,168.2579928573));
#4424=CARTESIAN_POINT('',(-31.77655800422,116.1475929302,169.2229533691));
#4425=CARTESIAN_POINT('',(-31.99888299599,114.4072571649,169.027798109));
#4426=CARTESIAN_POINT('',(-32.22120798777,112.6669213996,168.8326428489));
#4427=CARTESIAN_POINT('',(-32.44353297955,110.9265856343,168.6374875888));
#4428=CARTESIAN_POINT('',(-31.43077748001,116.0676713137,169.5882022657));
#4429=CARTESIAN_POINT('',(-31.62893008744,114.3217484898,169.4185803601));
#4430=CARTESIAN_POINT('',(-31.82708269486,112.575825666,169.2489584545));
#4431=CARTESIAN_POINT('',(-32.02523530229,110.8299028421,169.0793365489));
#4432=CARTESIAN_POINT('',(-31.13649831812,115.9996284562,169.9982368222));
#4433=CARTESIAN_POINT('',(-31.31407883282,114.248948979,169.85727909));
#4434=CARTESIAN_POINT('',(-31.49165934751,112.4982695017,169.7163213578));
#4435=CARTESIAN_POINT('',(-31.66923986221,110.7475900245,169.5753636255));
#4436=CARTESIAN_POINT('',(-30.8991659534,115.9447234444,170.4454696224));
#4437=CARTESIAN_POINT('',(-31.06015533951,114.1902057375,170.335776471));
#4438=CARTESIAN_POINT('',(-31.22114472562,112.4356880307,170.2260833196));
#4439=CARTESIAN_POINT('',(-31.38213411173,110.6811703238,170.1163901682));
#4440=CARTESIAN_POINT('',(-30.72317206208,115.9039722587,170.9216249498));
#4441=CARTESIAN_POINT('',(-30.87185829146,114.1466057698,170.8452182584));
#4442=CARTESIAN_POINT('',(-31.02054452083,112.389239281,170.768811567));
#4443=CARTESIAN_POINT('',(-31.16923075021,110.6318727922,170.6924048756));
#4444=CARTESIAN_POINT('',(-30.6117732822,115.8781289698,171.4178917929));
#4445=CARTESIAN_POINT('',(-30.7526719876,114.1189558613,171.3761774917));
#4446=CARTESIAN_POINT('',(-30.89357069301,112.3597827528,171.3344631905));
#4447=CARTESIAN_POINT('',(-31.03446939841,110.6006096442,171.2927488893));
#4448=CARTESIAN_POINT('',(-30.56703100618,115.8676717982,171.9250873753));
#4449=CARTESIAN_POINT('',(-30.70480192555,114.107767663,171.9188294567));
#4450=CARTESIAN_POINT('',(-30.84257284492,112.3478635278,171.912571538));
#4451=CARTESIAN_POINT('',(-30.98034376429,110.5879593926,171.9063136194));
#4452=CARTESIAN_POINT('',(-30.58219235745,115.8710867445,172.2642459619));
#4453=CARTESIAN_POINT('',(-30.72102315725,114.111421337,172.2816975097));
#4454=CARTESIAN_POINT('',(-30.85985395705,112.3517559295,172.2991490575));
#4455=CARTESIAN_POINT('',(-30.99868475685,110.5920905221,172.3166006052));
#4456=CARTESIAN_POINT('',(-30.60095035783,115.8753750363,172.4325140347));
#4457=CARTESIAN_POINT('',(-30.74109246802,114.1160094092,172.4617286525));
#4458=CARTESIAN_POINT('',(-30.88123457821,112.3566437822,172.4909432704));
#4459=CARTESIAN_POINT('',(-31.02137668841,110.5972781552,172.5201578882));
#4460=CARTESIAN_POINT('',(-30.57763159075,115.8701092398,171.9644227278));
#4461=CARTESIAN_POINT('',(-30.71614356228,114.1103754981,171.9609146149));
#4462=CARTESIAN_POINT('',(-30.85465553381,112.3506417565,171.9574065021));
#4463=CARTESIAN_POINT('',(-30.99316750534,110.5909080149,171.9538983892));
#4464=CARTESIAN_POINT('',(-30.57569275401,115.8696190172,172.1337756048));
#4465=CARTESIAN_POINT('',(-30.71406918782,114.1098510058,172.1421063971));
#4466=CARTESIAN_POINT('',(-30.85244562162,112.3500829943,172.1504371894));
#4467=CARTESIAN_POINT('',(-30.99082205542,110.5903149829,172.1587679816));
#4468=CARTESIAN_POINT('',(-30.5943138962,115.8738327648,172.47275285));
#4469=CARTESIAN_POINT('',(-30.73399207309,114.1143593227,172.5047804316));
#4470=CARTESIAN_POINT('',(-30.87367024997,112.3548858805,172.5368080133));
#4471=CARTESIAN_POINT('',(-31.01334842686,110.5954124383,172.568835595));
#4472=CARTESIAN_POINT('',(-30.6892251504,115.895618993,172.9726286311));
#4473=CARTESIAN_POINT('',(-30.83553826232,114.1376685547,173.039600892));
#4474=CARTESIAN_POINT('',(-30.98185137425,112.3797181164,173.1065731529));
#4475=CARTESIAN_POINT('',(-31.12816448618,110.6217676781,173.1735454138));
#4476=CARTESIAN_POINT('',(-30.84935969044,115.9324676919,173.4546633246));
#4477=CARTESIAN_POINT('',(-31.00686728377,114.1770932255,173.5553330528));
#4478=CARTESIAN_POINT('',(-31.16437487711,112.4217187591,173.6560027809));
#4479=CARTESIAN_POINT('',(-31.32188247045,110.6663442927,173.756672509));
#4480=CARTESIAN_POINT('',(-31.07175433221,115.9836970006,173.9099375123));
#4481=CARTESIAN_POINT('',(-31.24480880682,114.2319038075,174.0424339683));
#4482=CARTESIAN_POINT('',(-31.41786328143,112.4801106143,174.1749304243));
#4483=CARTESIAN_POINT('',(-31.59091775605,110.7283174212,174.3074268803));
#4484=CARTESIAN_POINT('',(-31.35229381523,116.0483589559,174.3300265735));
#4485=CARTESIAN_POINT('',(-31.5449598866,114.3010860683,174.4918900803));
#4486=CARTESIAN_POINT('',(-31.73762595798,112.5538131808,174.6537535872));
#4487=CARTESIAN_POINT('',(-31.93029202936,110.8065402932,174.8156170941));
#4488=CARTESIAN_POINT('',(-31.68578694715,116.1252570322,174.707157068));
#4489=CARTESIAN_POINT('',(-31.90176643151,114.3833598374,174.895384533));
#4490=CARTESIAN_POINT('',(-32.11774591587,112.6414626426,175.083611998));
#4491=CARTESIAN_POINT('',(-32.33372540024,110.8995654478,175.2718394631));
#4492=CARTESIAN_POINT('',(-32.06606266472,116.212968283,175.034350447));
#4493=CARTESIAN_POINT('',(-32.30862597946,114.4772026946,175.2454509299));
#4494=CARTESIAN_POINT('',(-32.55118929421,112.7414371062,175.4565514128));
#4495=CARTESIAN_POINT('',(-32.79375260895,111.0056715178,175.6676518957));
#4496=CARTESIAN_POINT('',(-32.48608422471,116.3098696714,175.3055522214));
#4497=CARTESIAN_POINT('',(-32.75800987156,114.5808781418,175.5356115324));
#4498=CARTESIAN_POINT('',(-33.0299355184,112.8518866122,175.7656708435));
#4499=CARTESIAN_POINT('',(-33.30186116524,111.1228950825,175.9957301545));
#4500=CARTESIAN_POINT('',(-32.93807941419,116.4141681031,175.5157439866));
#4501=CARTESIAN_POINT('',(-33.24160256488,114.6924677354,175.7604971158));
#4502=CARTESIAN_POINT('',(-33.54512571557,112.9707673677,176.005250245));
#4503=CARTESIAN_POINT('',(-33.84864886626,111.2490669999,176.2500033742));
#4504=CARTESIAN_POINT('',(-33.41368436993,116.5239336067,175.6610362873));
#4505=CARTESIAN_POINT('',(-33.75045550593,114.809906586,175.9159463255));
#4506=CARTESIAN_POINT('',(-34.08722664194,113.0958795652,176.1708563637));
#4507=CARTESIAN_POINT('',(-34.42399777794,111.3818525445,176.425766402));
#4508=CARTESIAN_POINT('',(-33.9040983461,116.6371350463,175.7387405883));
#4509=CARTESIAN_POINT('',(-34.27515271755,114.9310215676,175.9990826798));
#4510=CARTESIAN_POINT('',(-34.646207089,113.2249080888,176.2594247713));
#4511=CARTESIAN_POINT('',(-35.01726146044,111.5187946101,176.5197668628));
#4512=CARTESIAN_POINT('',(-34.40024656602,116.7516777063,175.7474190244));
#4513=CARTESIAN_POINT('',(-34.80598503512,115.0535715299,176.008367797));
#4514=CARTESIAN_POINT('',(-35.21172350421,113.3554653535,176.2693165695));
#4515=CARTESIAN_POINT('',(-35.61746197331,111.6573591771,176.5302653421));
#4516=CARTESIAN_POINT('',(-34.89294814472,116.8654420528,175.6869110071));
#4517=CARTESIAN_POINT('',(-35.33312976806,115.1752887694,175.9436298623));
#4518=CARTESIAN_POINT('',(-35.7733113914,113.485135486,176.2003487175));
#4519=CARTESIAN_POINT('',(-36.21349301475,111.7949822026,176.4570675727));
#4520=CARTESIAN_POINT('',(-35.37308597498,116.9763229541,175.5583361961));
#4521=CARTESIAN_POINT('',(-35.84683246206,115.2939209915,175.8060668072));
#4522=CARTESIAN_POINT('',(-36.32057894913,113.6115190288,176.0537974183));
#4523=CARTESIAN_POINT('',(-36.7943254362,111.9291170662,176.3015280294));
#4524=CARTESIAN_POINT('',(-35.83177543322,117.0822686345,175.3640737807));
#4525=CARTESIAN_POINT('',(-36.33758739855,115.4072729875,175.5982241423));
#4526=CARTESIAN_POINT('',(-36.84339936389,113.7322773405,175.832374504));
#4527=CARTESIAN_POINT('',(-37.34921132922,112.0572816936,176.0665248656));
#4528=CARTESIAN_POINT('',(-36.26052878334,117.1813186414,175.1077184546));
#4529=CARTESIAN_POINT('',(-36.79631349163,115.5132472561,175.3239478547));
#4530=CARTESIAN_POINT('',(-37.33209819992,113.8451758708,175.5401772548));
#4531=CARTESIAN_POINT('',(-37.86788290821,112.1771044855,175.7564066549));
#4532=CARTESIAN_POINT('',(-36.65141223654,117.2716401218,174.7940138984));
#4533=CARTESIAN_POINT('',(-37.21452232728,115.6098828155,174.9883132401));
#4534=CARTESIAN_POINT('',(-37.77763241802,113.9481255092,175.1826125818));
#4535=CARTESIAN_POINT('',(-38.34074250876,112.2863682029,175.3769119234));
#4536=CARTESIAN_POINT('',(-36.99719276075,117.3515617383,174.4287650018));
#4537=CARTESIAN_POINT('',(-37.58447523584,115.6953914906,174.597530989));
#4538=CARTESIAN_POINT('',(-38.17175771093,114.0392212428,174.7662969761));
#4539=CARTESIAN_POINT('',(-38.75904018603,112.3830509951,174.9350629633));
#4540=CARTESIAN_POINT('',(-37.29147192264,117.4196045958,174.0187304454));
#4541=CARTESIAN_POINT('',(-37.89932649046,115.7681910014,174.1588322591));
#4542=CARTESIAN_POINT('',(-38.50718105828,114.1167774071,174.2989340729));
#4543=CARTESIAN_POINT('',(-39.1150356261,112.4653638127,174.4390358867));
#4544=CARTESIAN_POINT('',(-37.52880428736,117.4745096076,173.5714976451));
#4545=CARTESIAN_POINT('',(-38.15324998377,115.8269342428,173.6803348781));
#4546=CARTESIAN_POINT('',(-38.77769568017,114.1793588781,173.789172111));
#4547=CARTESIAN_POINT('',(-39.40214137658,112.5317835133,173.898009344));
#4548=CARTESIAN_POINT('',(-37.70479817869,117.5152607933,173.0953423177));
#4549=CARTESIAN_POINT('',(-38.34154703182,115.8705342106,173.1708930907));
#4550=CARTESIAN_POINT('',(-38.97829588496,114.2258076278,173.2464438636));
#4551=CARTESIAN_POINT('',(-39.6150447381,112.581081045,173.3219946366));
#4552=CARTESIAN_POINT('',(-37.81619695856,117.5411040822,172.5990754746));
#4553=CARTESIAN_POINT('',(-38.46073333567,115.8981841191,172.6399338574));
#4554=CARTESIAN_POINT('',(-39.10526971279,114.255264156,172.6807922401));
#4555=CARTESIAN_POINT('',(-39.7498060899,112.6123441929,172.7216506229));
#4556=CARTESIAN_POINT('',(-37.86093923458,117.5515612538,172.0918798923));
#4557=CARTESIAN_POINT('',(-38.50860339773,115.9093723174,172.0972818924));
#4558=CARTESIAN_POINT('',(-39.15626756087,114.267183381,172.1026838926));
#4559=CARTESIAN_POINT('',(-39.80393172402,112.6249944445,172.1080858928));
#4560=CARTESIAN_POINT('',(-37.84577788331,117.5481463075,171.7527213056));
#4561=CARTESIAN_POINT('',(-38.49238216603,115.9057186434,171.7344138394));
#4562=CARTESIAN_POINT('',(-39.13898644874,114.2632909792,171.7161063732));
#4563=CARTESIAN_POINT('',(-39.78559073146,112.6208633151,171.697798907));
#4564=CARTESIAN_POINT('',(-37.82701988293,117.5438580157,171.5844532328));
#4565=CARTESIAN_POINT('',(-38.47231285526,115.9011305712,171.5543826965));
#4566=CARTESIAN_POINT('',(-39.11760582758,114.2584031266,171.5243121603));
#4567=CARTESIAN_POINT('',(-39.76289879991,112.615675682,171.494241624));
#4568=CARTESIAN_POINT('',(-30.2515679444375,115.673941685099,168.31250139365));
#4569=CARTESIAN_POINT('',(-43.1821538217151,101.21242742882,166.742119671));
#4570=CARTESIAN_POINT('',(-42.9854204743366,101.165684018907,172.004484946069));
#4571=CARTESIAN_POINT('',(-42.9855062719514,101.164433318415,177.054484790463));
#4572=CARTESIAN_POINT('',(-38.0649374448007,100.028430511126,177.054287042695));
#4573=CARTESIAN_POINT('',(-33.1443686176499,98.8924277038375,177.054089294926));
#4574=CARTESIAN_POINT('',(-33.1442828200351,98.893678404329,172.004089450531));
#4575=CARTESIAN_POINT('',(-44.2940254343193,95.4974933684651,172.003058909586));
#4576=CARTESIAN_POINT('',(-44.2941112319341,95.4962426679735,177.05305875398));
#4577=CARTESIAN_POINT('',(-39.3735424047834,94.3602398606846,177.052861006212));
#4578=CARTESIAN_POINT('',(-34.4529735776326,93.2242370533958,177.052663258443));
#4579=CARTESIAN_POINT('',(-34.4528877800178,93.2254877538873,172.002663414049));
#4580=CARTESIAN_POINT('',(-33.1442828200351,98.893678404329,172.004089450531));
#4581=CARTESIAN_POINT('',(-33.1441970224203,98.8949291048206,166.954089606137));
#4582=CARTESIAN_POINT('',(-38.0647658495711,100.030931912109,166.954287353905));
#4583=CARTESIAN_POINT('',(-42.9853346767218,101.166934719398,166.954485101674));
#4584=CARTESIAN_POINT('',(-42.9854204743366,101.165684018907,172.004484946069));
#4585=CARTESIAN_POINT('',(-34.4528877800178,93.2254877538873,172.002663414049));
#4586=CARTESIAN_POINT('',(-34.452801982403,93.2267384543789,166.952663569654));
#4587=CARTESIAN_POINT('',(-39.3733708095538,94.3627412616678,166.952861317422));
#4588=CARTESIAN_POINT('',(-44.2939396367045,95.4987440689566,166.953059065191));
#4589=CARTESIAN_POINT('',(-44.2940254343193,95.4974933684651,172.003058909586));
#4590=CARTESIAN_POINT('',(-42.0016819731106,98.4754775031595,183.003835732379));
#4591=CARTESIAN_POINT('',(-42.0013486749781,98.4803361014483,163.386092899037));
#4592=CARTESIAN_POINT('',(-26.5016853136559,98.47547743794,183.004099071524));
#4593=CARTESIAN_POINT('',(-26.5013520155234,98.4803360362289,163.386356238182));
#4594=CARTESIAN_POINT('',(-26.5016853136559,82.9754812516114,183.000260288664));
#4595=CARTESIAN_POINT('',(-26.5013520155234,82.9803398499003,163.382517455322));
#4596=CARTESIAN_POINT('',(-26.5016853136559,67.4754850652829,182.996421505803));
#4597=CARTESIAN_POINT('',(-26.5013520155234,67.4803436635717,163.378678672461));
#4598=CARTESIAN_POINT('',(-42.0016819731106,67.4754851305023,182.996158166658));
#4599=CARTESIAN_POINT('',(-42.0013486749781,67.4803437287912,163.378415333316));
#4600=CARTESIAN_POINT('',(-21.9019373498118,55.1354207647595,161.803299494045));
#4601=CARTESIAN_POINT('',(-18.2548798574406,57.7643169612761,161.804012537765));
#4602=CARTESIAN_POINT('',(-15.135784022843,61.1201025710473,161.80489663557));
#4603=CARTESIAN_POINT('',(-10.4135554337282,68.7718872188793,161.806871932052));
#4604=CARTESIAN_POINT('',(-8.81482089998539,73.0648451246562,161.807962302828));
#4605=CARTESIAN_POINT('',(-7.38062145511972,81.9414847359146,161.810185088747));
#4606=CARTESIAN_POINT('',(-7.54632635518335,86.5197350251457,161.811316138852));
#4607=CARTESIAN_POINT('',(-9.61830096182299,95.2694045330288,161.813447910313));
#4608=CARTESIAN_POINT('',(-11.5233728099495,99.4356939085744,161.814447381545));
#4609=CARTESIAN_POINT('',(-16.7859555657087,106.72640124589,161.81616361411));
#4610=CARTESIAN_POINT('',(-20.1404118835047,109.846535120126,161.816879366334));
#4611=CARTESIAN_POINT('',(-27.792344448263,114.568328788893,161.817918778665));
#4612=CARTESIAN_POINT('',(-32.0856642547294,116.167361898597,161.818241858854));
#4613=CARTESIAN_POINT('',(-40.9621618962872,117.601361112852,161.818446199691));
#4614=CARTESIAN_POINT('',(-45.5403029392861,117.435844792413,161.818327426434));
#4615=CARTESIAN_POINT('',(-54.2898502543776,115.363357610962,161.817665495508));
#4616=CARTESIAN_POINT('',(-58.4568354647305,113.459864455178,161.817123274254));
#4617=CARTESIAN_POINT('',(-62.1007062777171,110.826038129389,161.816409063666));
#4618=CARTESIAN_POINT('',(-19.1754701761097,51.3585136607366,160.733725245901));
#4619=CARTESIAN_POINT('',(-15.0336077965006,54.3441101224468,160.734532702539));
#4620=CARTESIAN_POINT('',(-11.4915448928207,58.154937660256,160.735541674086));
#4621=CARTESIAN_POINT('',(-6.12863773815359,66.844890515601,160.737780769299));
#4622=CARTESIAN_POINT('',(-4.31312597293196,71.719994826746,160.739022332251));
#4623=CARTESIAN_POINT('',(-2.68436209657675,81.8007943938521,160.741543385167));
#4624=CARTESIAN_POINT('',(-2.872531134566,86.9999704528814,160.742829867177));
#4625=CARTESIAN_POINT('',(-5.22559245564269,96.9366516313293,160.745249173504));
#4626=CARTESIAN_POINT('',(-7.38905616456489,101.668039629478,160.746384946214));
#4627=CARTESIAN_POINT('',(-13.365611238869,109.947816754698,160.7483340051));
#4628=CARTESIAN_POINT('',(-17.1748760280217,113.491012620988,160.749146070773));
#4629=CARTESIAN_POINT('',(-25.8650399141252,118.853463055867,160.750328178204));
#4630=CARTESIAN_POINT('',(-30.7403917020461,120.669266981877,160.750693026395));
#4631=CARTESIAN_POINT('',(-40.8212239452836,122.297880231404,160.750928367251));
#4632=CARTESIAN_POINT('',(-46.0202605543467,122.109878957125,160.750790144634));
#4633=CARTESIAN_POINT('',(-55.9566444747998,119.756336604203,160.750042644979));
#4634=CARTESIAN_POINT('',(-60.6891212165793,117.594497432063,160.749421842803));
#4635=CARTESIAN_POINT('',(-64.8271304740796,114.603479392304,160.748613109105));
#4636=CARTESIAN_POINT('',(-19.1753889759291,51.3596973428655,155.954327984081));
#4637=CARTESIAN_POINT('',(-15.0334555077137,54.3453765629046,155.955137797593));
#4638=CARTESIAN_POINT('',(-11.491519815572,58.1560364255525,155.956141735067));
#4639=CARTESIAN_POINT('',(-6.12849079514108,66.8462147067545,155.958385090649));
#4640=CARTESIAN_POINT('',(-4.31306883200345,71.7211134369158,155.959623268434));
#4641=CARTESIAN_POINT('',(-2.68428170400404,81.8020146825835,155.96214761188));
#4642=CARTESIAN_POINT('',(-2.87243542125981,87.0010475790589,155.96343202579));
#4643=CARTESIAN_POINT('',(-5.22553502603833,96.9379029422021,155.965853043633));
#4644=CARTESIAN_POINT('',(-7.3889516798267,101.669196218064,155.96698805645));
#4645=CARTESIAN_POINT('',(-13.3656429897653,109.949107677619,155.968937146351));
#4646=CARTESIAN_POINT('',(-17.1746768749421,113.492107015078,155.969749903793));
#4647=CARTESIAN_POINT('',(-25.8651214628447,118.85472094783,155.970930380077));
#4648=CARTESIAN_POINT('',(-30.7401178194728,120.670383969849,155.971297228996));
#4649=CARTESIAN_POINT('',(-40.8212248881686,122.299085360867,155.971529324653));
#4650=CARTESIAN_POINT('',(-46.0201115289669,122.111050671913,155.971394428161));
#4651=CARTESIAN_POINT('',(-55.9565102397346,119.757562523893,155.970642739426));
#4652=CARTESIAN_POINT('',(-60.6891811538386,117.595599149401,155.970026893606));
#4653=CARTESIAN_POINT('',(-64.8270562315364,114.604658052292,155.969215845944));
#4654=CARTESIAN_POINT('',(-19.1753889759291,51.3596973428655,155.954327984081));
#4655=CARTESIAN_POINT('',(-23.3134657418413,48.368675119801,155.953516912832));
#4656=CARTESIAN_POINT('',(-28.0456130053805,46.2069119842857,155.952901125531));
#4657=CARTESIAN_POINT('',(-37.9824948613009,43.8532633871383,155.952149388828));
#4658=CARTESIAN_POINT('',(-43.1810588804352,43.6653060197846,155.952014516999));
#4659=CARTESIAN_POINT('',(-53.2619984287134,45.293857710693,155.952246578389));
#4660=CARTESIAN_POINT('',(-58.1372806233893,47.1096136457616,155.952613445498));
#4661=CARTESIAN_POINT('',(-66.827607184494,52.4721130424672,155.953793895395));
#4662=CARTESIAN_POINT('',(-70.6369360891842,56.0153490294267,155.954606706454));
#4663=CARTESIAN_POINT('',(-76.6135474920742,64.2953180899379,155.956555811968));
#4664=CARTESIAN_POINT('',(-78.7768324221637,69.0262567686962,155.957690739204));
#4665=CARTESIAN_POINT('',(-81.1300035881483,78.9632600959687,155.960111792481));
#4666=CARTESIAN_POINT('',(-81.3181591687474,84.1619923762037,155.9613961319));
#4667=CARTESIAN_POINT('',(-79.6894614650258,94.2430996902989,155.963920524868));
#4668=CARTESIAN_POINT('',(-77.8738646285356,99.1182802326893,155.965158775412));
#4669=CARTESIAN_POINT('',(-72.5111400334362,107.808050588048,155.967402024811));
#4670=CARTESIAN_POINT('',(-68.9688498866884,111.619144128299,155.968406075662));
#4671=CARTESIAN_POINT('',(-64.8270562315364,114.604658052292,155.969215845944));
#4672=CARTESIAN_POINT('',(-19.1754701761097,51.3585136607366,160.733725245901));
#4673=CARTESIAN_POINT('',(-23.3134461565163,48.3675327929508,160.732911832487));
#4674=CARTESIAN_POINT('',(-28.0457916540826,46.2057021270794,160.732301009325));
#4675=CARTESIAN_POINT('',(-37.9824209033675,43.8520979059815,160.731545085102));
#4676=CARTESIAN_POINT('',(-43.1812094732308,43.6641197929598,160.731413542309));
#4677=CARTESIAN_POINT('',(-53.2620474739572,45.2926622629562,160.731642348529));
#4678=CARTESIAN_POINT('',(-58.1374613466642,47.1084785556202,160.732011265918));
#4679=CARTESIAN_POINT('',(-66.8276352792728,52.4708881990994,160.733190032202));
#4680=CARTESIAN_POINT('',(-70.6370409813779,56.0142012141744,160.734003598295));
#4681=CARTESIAN_POINT('',(-76.6135674229804,64.2940023082707,160.735952663932));
#4682=CARTESIAN_POINT('',(-78.7769652754622,69.0252234715552,160.737086922072));
#4683=CARTESIAN_POINT('',(-81.1300670792515,78.9619116078942,160.739509566229));
#4684=CARTESIAN_POINT('',(-81.3182426757421,84.1610266387657,160.740791969351));
#4685=CARTESIAN_POINT('',(-79.6895438013522,94.241846313371,160.743319554377));
#4686=CARTESIAN_POINT('',(-77.8739291699031,99.1171796309036,160.74455451068));
#4687=CARTESIAN_POINT('',(-72.5111536442489,107.806917336192,160.746801955114));
#4688=CARTESIAN_POINT('',(-68.9690404115256,111.617864432793,160.747800977016));
#4689=CARTESIAN_POINT('',(-64.8271304740796,114.603479392304,160.748613109105));
#4690=CARTESIAN_POINT('',(-21.9019373498118,55.1354207647595,161.803299494045));
#4691=CARTESIAN_POINT('',(-25.5455463124492,52.5017465503752,161.802585325578));
#4692=CARTESIAN_POINT('',(-29.7128065702974,50.5980723792816,161.80204305482));
#4693=CARTESIAN_POINT('',(-38.4623328773173,48.5256327331338,161.801381136024));
#4694=CARTESIAN_POINT('',(-43.0403283602804,48.3600849126933,161.801262357438));
#4695=CARTESIAN_POINT('',(-51.916999127324,49.7941022708187,161.801466699827));
#4696=CARTESIAN_POINT('',(-56.2101500263609,51.3930669319932,161.801789765933));
#4697=CARTESIAN_POINT('',(-63.8622146265072,56.1148973518992,161.802829185123));
#4698=CARTESIAN_POINT('',(-67.2166398820319,59.2350142676946,161.80354493367));
#4699=CARTESIAN_POINT('',(-72.4792461582438,66.5257060500943,161.805261162002));
#4700=CARTESIAN_POINT('',(-74.3843251511547,70.6920333277361,161.806260642522));
#4701=CARTESIAN_POINT('',(-76.4563050589997,79.4415650348218,161.808392379784));
#4702=CARTESIAN_POINT('',(-76.6220215655491,84.0199969115353,161.809523474671));
#4703=CARTESIAN_POINT('',(-75.1878583751976,92.8964677932561,161.811746218186));
#4704=CARTESIAN_POINT('',(-73.5891068616513,97.1895742986709,161.812836626048));
#4705=CARTESIAN_POINT('',(-68.8668266106172,104.841361482834,161.814811924015));
#4706=CARTESIAN_POINT('',(-65.7479908396215,108.196941147048,161.815695966381));
#4707=CARTESIAN_POINT('',(-62.1007062777171,110.826038129389,161.816409063666));
#4708=CARTESIAN_POINT('',(-19.1753894827117,51.3596987470563,155.95432798447));
#4709=CARTESIAN_POINT('',(-19.1752220682068,51.3621392042099,146.100403577314));
#4710=CARTESIAN_POINT('',(-19.1750546537011,51.3645796613583,136.246479170086));
#4711=CARTESIAN_POINT('',(-19.1748872391917,51.3670201185081,126.39255476293));
#4712=CARTESIAN_POINT('',(-19.3330795774157,51.2458735147616,155.954297115024));
#4713=CARTESIAN_POINT('',(-19.3329121629111,51.2483139719152,146.100372707867));
#4714=CARTESIAN_POINT('',(-19.3327447484049,51.250754429063,136.24644830064));
#4715=CARTESIAN_POINT('',(-19.3325773338954,51.2531948862134,126.392523893482));
#4716=CARTESIAN_POINT('',(-20.3160362592272,50.5474709487897,155.954107446169));
#4717=CARTESIAN_POINT('',(-20.3158688447243,50.5499114059431,146.100183038997));
#4718=CARTESIAN_POINT('',(-20.3157014302148,50.5523518630878,136.246258631784));
#4719=CARTESIAN_POINT('',(-20.3155340157052,50.5547923202412,126.392334224613));
#4720=CARTESIAN_POINT('',(-22.1823615042594,49.3476133035992,155.953778577111));
#4721=CARTESIAN_POINT('',(-22.1821940897498,49.3500537607527,146.099854169875));
#4722=CARTESIAN_POINT('',(-22.1820266752402,49.3524942178973,136.245929762727));
#4723=CARTESIAN_POINT('',(-22.1818592607306,49.3549346750508,126.39200535549));
#4724=CARTESIAN_POINT('',(-24.8561546302794,47.9091422654692,155.953376893611));
#4725=CARTESIAN_POINT('',(-24.8559872157702,47.9115827226227,146.099452486375));
#4726=CARTESIAN_POINT('',(-24.8558198012698,47.9140231797673,136.245528079227));
#4727=CARTESIAN_POINT('',(-24.8556523867606,47.9164636369208,126.39160367199));
#4728=CARTESIAN_POINT('',(-27.6336500024094,46.6828110097892,155.953025987517));
#4729=CARTESIAN_POINT('',(-27.6334825878998,46.6852514669427,146.099101580369));
#4730=CARTESIAN_POINT('',(-27.6333151733902,46.6876919240873,136.245177173132));
#4731=CARTESIAN_POINT('',(-27.6331477588806,46.6901323812408,126.391252765985));
#4732=CARTESIAN_POINT('',(-30.4980478557394,45.6760370536292,155.952727981317));
#4733=CARTESIAN_POINT('',(-30.4978804412298,45.6784775107827,146.098803574169));
#4734=CARTESIAN_POINT('',(-30.4977130267202,45.6809179679273,136.244879166932));
#4735=CARTESIAN_POINT('',(-30.4975456122106,45.6833584250808,126.390954759785));
#4736=CARTESIAN_POINT('',(-33.4320228454294,44.8949098762892,155.952484677517));
#4737=CARTESIAN_POINT('',(-33.4318554309202,44.8973503334427,146.098560270369));
#4738=CARTESIAN_POINT('',(-33.4316880164198,44.8997907905873,136.244635863132));
#4739=CARTESIAN_POINT('',(-33.4315206019106,44.9022312477408,126.390711455985));
#4740=CARTESIAN_POINT('',(-36.4178287745494,44.3441541402187,155.952297547711));
#4741=CARTESIAN_POINT('',(-36.4176613600398,44.3465945973633,146.098373140475));
#4742=CARTESIAN_POINT('',(-36.4174939455304,44.3490350545167,136.244448733327));
#4743=CARTESIAN_POINT('',(-36.41732653103,44.3514755116613,126.39052432609));
#4744=CARTESIAN_POINT('',(-39.4374059495594,44.0271010995292,155.952167723717));
#4745=CARTESIAN_POINT('',(-39.4372385350498,44.0295415566827,146.098243316569));
#4746=CARTESIAN_POINT('',(-39.4370711205404,44.0319820138273,136.244318909332));
#4747=CARTESIAN_POINT('',(-39.43690370604,44.0344224709808,126.390394502185));
#4748=CARTESIAN_POINT('',(-42.4724904100394,43.9456684547292,155.952095990917));
#4749=CARTESIAN_POINT('',(-42.4723229955298,43.9481089118827,146.098171583769));
#4750=CARTESIAN_POINT('',(-42.4721555810202,43.9505493690273,136.244247176532));
#4751=CARTESIAN_POINT('',(-42.4719881665106,43.9529898261808,126.390322769385));
#4752=CARTESIAN_POINT('',(-45.5047243997594,44.1003487523992,155.952082783017));
#4753=CARTESIAN_POINT('',(-45.5045569852502,44.1027892095531,146.098158375869));
#4754=CARTESIAN_POINT('',(-45.5043895707498,44.1052296667067,136.244233968632));
#4755=CARTESIAN_POINT('',(-45.5042221562406,44.1076701238513,126.390309561485));
#4756=CARTESIAN_POINT('',(-48.51576740355,44.4902064063392,155.952128180017));
#4757=CARTESIAN_POINT('',(-48.5155999890496,44.4926468634931,146.098203772869));
#4758=CARTESIAN_POINT('',(-48.5154325745402,44.4950873206467,136.244279365632));
#4759=CARTESIAN_POINT('',(-48.5152651600306,44.4975277777914,126.390354958485));
#4760=CARTESIAN_POINT('',(-51.4874070802694,45.1128833563692,155.952231907317));
#4761=CARTESIAN_POINT('',(-51.4872396657598,45.1153238135227,146.098307500169));
#4762=CARTESIAN_POINT('',(-51.4870722512502,45.1177642706673,136.244383092932));
#4763=CARTESIAN_POINT('',(-51.4869048367406,45.1202047278208,126.390458685785));
#4764=CARTESIAN_POINT('',(-54.4016694204,45.9646133311192,155.952393337511));
#4765=CARTESIAN_POINT('',(-54.4015020058996,45.9670537882727,146.098468930275));
#4766=CARTESIAN_POINT('',(-54.4013345913902,45.9694942454173,136.244544523127));
#4767=CARTESIAN_POINT('',(-54.4011671768806,45.9719347025708,126.39062011589));
#4768=CARTESIAN_POINT('',(-57.24092746218,47.0402446283987,155.952611494117));
#4769=CARTESIAN_POINT('',(-57.2407600476796,47.0426850855433,146.098687086969));
#4770=CARTESIAN_POINT('',(-57.2405926331702,47.0451255426967,136.244762679732));
#4771=CARTESIAN_POINT('',(-57.2404252186606,47.0475659998413,126.390838272585));
#4772=CARTESIAN_POINT('',(-59.98800790851,48.3332712753092,155.952885057717));
#4773=CARTESIAN_POINT('',(-59.9878404940096,48.3357117324627,146.098960650569));
#4774=CARTESIAN_POINT('',(-59.9876730795002,48.3381521896073,136.245036243332));
#4775=CARTESIAN_POINT('',(-59.9875056649906,48.3405926467608,126.391111836185));
#4776=CARTESIAN_POINT('',(-62.6262949999394,49.8358723797787,155.953212373617));
#4777=CARTESIAN_POINT('',(-62.6261275854302,49.8383128369233,146.099287966469));
#4778=CARTESIAN_POINT('',(-62.6259601709298,49.8407532940769,136.245363559232));
#4779=CARTESIAN_POINT('',(-62.6257927564206,49.8431937512308,126.391439152085));
#4780=CARTESIAN_POINT('',(-65.1398310153394,51.5389594352892,155.953591462017));
#4781=CARTESIAN_POINT('',(-65.1396636008302,51.5413998924427,146.099667054869));
#4782=CARTESIAN_POINT('',(-65.1394961863298,51.5438403495873,136.245742647632));
#4783=CARTESIAN_POINT('',(-65.1393287718206,51.5462808067408,126.391818240485));
#4784=CARTESIAN_POINT('',(-67.5134127924394,53.4322312929087,155.954020030111));
#4785=CARTESIAN_POINT('',(-67.5132453779298,53.4346717500533,146.100095622875));
#4786=CARTESIAN_POINT('',(-67.5130779634204,53.4371122072069,136.246171215727));
#4787=CARTESIAN_POINT('',(-67.51291054892,53.4395526643608,126.39224680849));
#4788=CARTESIAN_POINT('',(-69.7326836843794,55.5042364678992,155.954495485511));
#4789=CARTESIAN_POINT('',(-69.7325162698698,55.5066769250527,146.100571078275));
#4790=CARTESIAN_POINT('',(-69.7323488553604,55.5091173821973,136.246646671127));
#4791=CARTESIAN_POINT('',(-69.73218144086,55.5115578393508,126.39272226389));
#4792=CARTESIAN_POINT('',(-71.7842203961394,57.7424424042592,155.955014952511));
#4793=CARTESIAN_POINT('',(-71.7840529816298,57.7448828614131,146.101090545275));
#4794=CARTESIAN_POINT('',(-71.7838855671202,57.7473233185667,136.247166138127));
#4795=CARTESIAN_POINT('',(-71.7837181526106,57.7497637757113,126.39324173089));
#4796=CARTESIAN_POINT('',(-73.6556141755094,60.1333112780392,155.955575289111));
#4797=CARTESIAN_POINT('',(-73.6554467609998,60.1357517351931,146.101650881875));
#4798=CARTESIAN_POINT('',(-73.6552793464904,60.1381921923468,136.247726474727));
#4799=CARTESIAN_POINT('',(-73.65511193199,60.1406326494913,126.39380206749));
#4800=CARTESIAN_POINT('',(-75.3355458676894,62.6623818811092,155.956173106111));
#4801=CARTESIAN_POINT('',(-75.3353784531798,62.6648223382631,146.102248698875));
#4802=CARTESIAN_POINT('',(-75.3352110386702,62.6672627954167,136.248324291727));
#4803=CARTESIAN_POINT('',(-75.3350436241606,62.6697032525613,126.39439988449));
#4804=CARTESIAN_POINT('',(-76.8138543792994,65.3143570899992,155.956804787611));
#4805=CARTESIAN_POINT('',(-76.8136869647902,65.3167975471527,146.102880380375));
#4806=CARTESIAN_POINT('',(-76.8135195502898,65.3192380042973,136.248955973227));
#4807=CARTESIAN_POINT('',(-76.8133521357805,65.3216784614508,126.39503156599));
#4808=CARTESIAN_POINT('',(-78.0815981379794,68.0731963907792,155.957466512811));
#4809=CARTESIAN_POINT('',(-78.0814307234698,68.0756368479327,146.103542105575));
#4810=CARTESIAN_POINT('',(-78.0812633089604,68.0780773050773,136.249617698427));
#4811=CARTESIAN_POINT('',(-78.08109589446,68.0805177622308,126.39569329119));
#4812=CARTESIAN_POINT('',(-79.13110917558,70.9222129003886,155.958154279317));
#4813=CARTESIAN_POINT('',(-79.1309417610796,70.9246533575332,146.104229872169));
#4814=CARTESIAN_POINT('',(-79.1307743465702,70.9270938146867,136.250305464932));
#4815=CARTESIAN_POINT('',(-79.1306069320606,70.9295342718314,126.396381057785));
#4816=CARTESIAN_POINT('',(-79.9560395080294,73.8441742974787,155.958863927211));
#4817=CARTESIAN_POINT('',(-79.9558720935198,73.8466147546233,146.104939519975));
#4818=CARTESIAN_POINT('',(-79.9557046790102,73.8490552117769,136.251015112827));
#4819=CARTESIAN_POINT('',(-79.9555372645006,73.8514956689308,126.39709070559));
#4820=CARTESIAN_POINT('',(-80.5513995311794,76.8214070524092,155.959591164017));
#4821=CARTESIAN_POINT('',(-80.5512321166698,76.8238475095627,146.105666756869));
#4822=CARTESIAN_POINT('',(-80.5510647021602,76.8262879667073,136.251742349632));
#4823=CARTESIAN_POINT('',(-80.5508972876506,76.8287284238608,126.397817942485));
#4824=CARTESIAN_POINT('',(-80.9135882005294,79.8359033258592,155.960331591217));
#4825=CARTESIAN_POINT('',(-80.9134207860198,79.8383437830127,146.106407184069));
#4826=CARTESIAN_POINT('',(-80.9132533715102,79.8407842401573,136.252482776832));
#4827=CARTESIAN_POINT('',(-80.9130859570006,79.8432246973108,126.398558369685));
#4828=CARTESIAN_POINT('',(-81.0404148121994,82.8694298895192,155.961080730211));
#4829=CARTESIAN_POINT('',(-81.0402473976898,82.8718703466727,146.107156322975));
#4830=CARTESIAN_POINT('',(-81.0400799831802,82.8743108038173,136.253231915827));
#4831=CARTESIAN_POINT('',(-81.0399125686706,82.8767512609708,126.39930750859));
#4832=CARTESIAN_POINT('',(-80.9311122534194,85.9036384100792,155.961834049817));
#4833=CARTESIAN_POINT('',(-80.9309448389098,85.9060788672327,146.107909642669));
#4834=CARTESIAN_POINT('',(-80.9307774244004,85.9085193243773,136.253985235432));
#4835=CARTESIAN_POINT('',(-80.9306100099,85.9109597815308,126.400060828285));
#4836=CARTESIAN_POINT('',(-80.5863416424494,88.9201764293987,155.962586993617));
#4837=CARTESIAN_POINT('',(-80.5861742279398,88.9226168865433,146.108662586469));
#4838=CARTESIAN_POINT('',(-80.5860068134304,88.9250573436968,136.254738179232));
#4839=CARTESIAN_POINT('',(-80.58583939893,88.9274978008413,126.400813772085));
#4840=CARTESIAN_POINT('',(-80.0081883297694,91.9007983696286,155.963335007417));
#4841=CARTESIAN_POINT('',(-80.0080209152602,91.9032388267732,146.109410600269));
#4842=CARTESIAN_POINT('',(-80.0078535007598,91.9056792839269,136.255486193032));
#4843=CARTESIAN_POINT('',(-80.0076860862506,91.9081197410808,126.401561785885));
#4844=CARTESIAN_POINT('',(-79.2001492848194,94.8274758919092,155.964073566817));
#4845=CARTESIAN_POINT('',(-79.1999818703102,94.8299163490631,146.110149159669));
#4846=CARTESIAN_POINT('',(-79.1998144558098,94.8323568062167,136.256224752432));
#4847=CARTESIAN_POINT('',(-79.1996470413006,94.8347972633614,126.402300345285));
#4848=CARTESIAN_POINT('',(-78.1671119445394,97.6825069410393,155.964798204711));
#4849=CARTESIAN_POINT('',(-78.1669445300298,97.6849473981931,146.110873797475));
#4850=CARTESIAN_POINT('',(-78.1667771155202,97.6873878553467,136.256949390327));
#4851=CARTESIAN_POINT('',(-78.1666097010106,97.6898283124913,126.40302498309));
#4852=CARTESIAN_POINT('',(-76.9153246515194,100.448622816633,155.965504537917));
#4853=CARTESIAN_POINT('',(-76.9151572370098,100.45106327384,146.111580130769));
#4854=CARTESIAN_POINT('',(-76.9149898225002,100.45350373096,136.257655723532));
#4855=CARTESIAN_POINT('',(-76.9148224079906,100.455944188167,126.403731316385));
#4856=CARTESIAN_POINT('',(-75.4523588611994,103.109092623127,155.966188294411));
#4857=CARTESIAN_POINT('',(-75.4521914466898,103.111533080246,146.112263887175));
#4858=CARTESIAN_POINT('',(-75.4520240321804,103.113973537454,136.258339480027));
#4859=CARTESIAN_POINT('',(-75.45185661768,103.116413994573,126.40441507279));
#4860=CARTESIAN_POINT('',(-73.78706334441,105.647824467327,155.966845338311));
#4861=CARTESIAN_POINT('',(-73.7868959299096,105.650264924442,146.112920931075));
#4862=CARTESIAN_POINT('',(-73.7867285154002,105.65270538156,136.258996523927));
#4863=CARTESIAN_POINT('',(-73.7865611008906,105.655145838767,126.40507211669));
#4864=CARTESIAN_POINT('',(-71.9295106705494,108.049462787533,155.967471695511));
#4865=CARTESIAN_POINT('',(-71.9293432560402,108.05190324474,146.113547288275));
#4866=CARTESIAN_POINT('',(-71.9291758415398,108.054343701858,136.259622881127));
#4867=CARTESIAN_POINT('',(-71.9290084270306,108.056784158973,126.40569847389));
#4868=CARTESIAN_POINT('',(-69.89093626447,110.299481244027,155.968063577511));
#4869=CARTESIAN_POINT('',(-69.8907688499696,110.301921701146,146.114139170275));
#4870=CARTESIAN_POINT('',(-69.8906014354602,110.304362158354,136.260214763127));
#4871=CARTESIAN_POINT('',(-69.8904340209506,110.306802615473,126.40629035589));
#4872=CARTESIAN_POINT('',(-67.6836705197694,112.384270536827,155.968617404311));
#4873=CARTESIAN_POINT('',(-67.6835031052598,112.386710993942,146.114692997075));
#4874=CARTESIAN_POINT('',(-67.6833356907502,112.38915145106,136.260768589927));
#4875=CARTESIAN_POINT('',(-67.6831682762406,112.391591908267,126.40684418269));
#4876=CARTESIAN_POINT('',(-65.957150304119,113.777811204857,155.968991866334));
#4877=CARTESIAN_POINT('',(-65.9569828896094,113.780251661975,146.115067459162));
#4878=CARTESIAN_POINT('',(-65.9568154750997,113.782692119159,136.26114305195));
#4879=CARTESIAN_POINT('',(-65.9566480605901,113.785132576302,126.407218644778));
#4880=CARTESIAN_POINT('',(-64.9847462304641,114.490832921364,155.969184976537));
#4881=CARTESIAN_POINT('',(-64.9845788159545,114.493273378483,146.11526056938));
#4882=CARTESIAN_POINT('',(-64.9844114014449,114.495713835681,136.261336162153));
#4883=CARTESIAN_POINT('',(-64.9842439869353,114.498154292809,126.407411754996));
#4884=CARTESIAN_POINT('',(-64.8270553915606,114.60465688861,155.969215845683));
#4885=CARTESIAN_POINT('',(-64.8268879770509,114.607097345729,146.115291438528));
#4886=CARTESIAN_POINT('',(-64.8267205625413,114.609537802928,136.261367031299));
#4887=CARTESIAN_POINT('',(-64.8265531480317,114.611978260055,126.407442624143));
#4888=CARTESIAN_POINT('',(-64.8270553915573,114.60465688863,155.969215845683));
#4889=CARTESIAN_POINT('',(-64.8268879770477,114.607097345753,146.115291438479));
#4890=CARTESIAN_POINT('',(-64.826720562539,114.609537802871,136.261367031347));
#4891=CARTESIAN_POINT('',(-64.8265531480332,114.61197826007,126.407442624143));
#4892=CARTESIAN_POINT('',(-64.6693654067108,114.718482039097,155.969246715107));
#4893=CARTESIAN_POINT('',(-64.6691979922012,114.720922496223,146.115322307904));
#4894=CARTESIAN_POINT('',(-64.6690305776927,114.72336295334,136.261397900771));
#4895=CARTESIAN_POINT('',(-64.6688631631864,114.725803410538,126.407473493568));
#4896=CARTESIAN_POINT('',(-63.6864088329136,115.416884520514,155.96943638394));
#4897=CARTESIAN_POINT('',(-63.6862414184041,115.419324977655,146.115511976751));
#4898=CARTESIAN_POINT('',(-63.686074003897,115.421765434772,136.261587569603));
#4899=CARTESIAN_POINT('',(-63.6859065893875,115.424205891955,126.407663162415));
#4900=CARTESIAN_POINT('',(-61.8200837031794,116.616742091533,155.969765252977));
#4901=CARTESIAN_POINT('',(-61.8199162886702,116.61918254874,146.115840845853));
#4902=CARTESIAN_POINT('',(-61.8197488741698,116.621623005858,136.261916438641));
#4903=CARTESIAN_POINT('',(-61.8195814596606,116.624063462973,126.407992031517));
#4904=CARTESIAN_POINT('',(-59.1462905771594,118.055213129727,155.970166936477));
#4905=CARTESIAN_POINT('',(-59.1461231626498,118.057653586842,146.116242529353));
#4906=CARTESIAN_POINT('',(-59.1459557481404,118.06009404396,136.262318122141));
#4907=CARTESIAN_POINT('',(-59.14578833364,118.062534501167,126.408393715017));
#4908=CARTESIAN_POINT('',(-56.3687952050394,119.281544385333,155.970517842572));
#4909=CARTESIAN_POINT('',(-56.3686277905298,119.28398484254,146.116593435359));
#4910=CARTESIAN_POINT('',(-56.3684603760202,119.28642529966,136.262669028235));
#4911=CARTESIAN_POINT('',(-56.3682929615106,119.288865756867,126.408744621022));
#4912=CARTESIAN_POINT('',(-53.5043973517094,120.288318341527,155.970815848772));
#4913=CARTESIAN_POINT('',(-53.5042299371998,120.290758798646,146.116891441559));
#4914=CARTESIAN_POINT('',(-53.5040625226902,120.293199255854,136.262967034435));
#4915=CARTESIAN_POINT('',(-53.5038951081806,120.295639712973,126.409042627222));
#4916=CARTESIAN_POINT('',(-50.5704223620094,121.069445518833,155.971059152572));
#4917=CARTESIAN_POINT('',(-50.5702549474998,121.071885976041,146.117134745359));
#4918=CARTESIAN_POINT('',(-50.5700875329902,121.07432643316,136.263210338235));
#4919=CARTESIAN_POINT('',(-50.5699201184806,121.076766890367,126.409285931022));
#4920=CARTESIAN_POINT('',(-47.5846164328894,121.620201254933,155.971246282377));
#4921=CARTESIAN_POINT('',(-47.5844490183802,121.62264171214,146.117321875253));
#4922=CARTESIAN_POINT('',(-47.5842816038798,121.625082169258,136.263397468041));
#4923=CARTESIAN_POINT('',(-47.5841141893706,121.627522626373,126.409473060917));
#4924=CARTESIAN_POINT('',(-44.5650392578794,121.937254295627,155.971376106372));
#4925=CARTESIAN_POINT('',(-44.5648718433702,121.939694752746,146.117451699159));
#4926=CARTESIAN_POINT('',(-44.5647044288698,121.942135209954,136.263527292035));
#4927=CARTESIAN_POINT('',(-44.5645370143606,121.944575667073,126.409602884822));
#4928=CARTESIAN_POINT('',(-41.5299547974,122.018686940427,155.971447839177));
#4929=CARTESIAN_POINT('',(-41.5297873828996,122.021127397546,146.117523432053));
#4930=CARTESIAN_POINT('',(-41.5296199683902,122.023567854754,136.263599024841));
#4931=CARTESIAN_POINT('',(-41.5294525538806,122.026008311873,126.409674617717));
#4932=CARTESIAN_POINT('',(-38.4977208076794,121.864006642733,155.971461047072));
#4933=CARTESIAN_POINT('',(-38.4975533931698,121.86644709994,146.117536639859));
#4934=CARTESIAN_POINT('',(-38.4973859786604,121.868887557058,136.263612232735));
#4935=CARTESIAN_POINT('',(-38.49721856416,121.871328014173,126.409687825522));
#4936=CARTESIAN_POINT('',(-35.4866778038894,121.474148988827,155.971415650072));
#4937=CARTESIAN_POINT('',(-35.4865103893798,121.476589445946,146.117491242859));
#4938=CARTESIAN_POINT('',(-35.4863429748702,121.479029903154,136.263566835735));
#4939=CARTESIAN_POINT('',(-35.4861755603606,121.481470360273,126.409642428522));
#4940=CARTESIAN_POINT('',(-32.51503812717,120.851472038827,155.971311922771));
#4941=CARTESIAN_POINT('',(-32.5148707126696,120.853912495942,146.117387515559));
#4942=CARTESIAN_POINT('',(-32.5147032981602,120.85635295306,136.263463108435));
#4943=CARTESIAN_POINT('',(-32.5145358836506,120.858793410267,126.409538701222));
#4944=CARTESIAN_POINT('',(-29.6007757870394,119.999742064033,155.971150492577));
#4945=CARTESIAN_POINT('',(-29.6006083725298,120.00218252124,146.117226085453));
#4946=CARTESIAN_POINT('',(-29.6004409580202,120.004622978358,136.263301678241));
#4947=CARTESIAN_POINT('',(-29.6002735435106,120.007063435473,126.409377271117));
#4948=CARTESIAN_POINT('',(-26.7615177452594,118.924110766733,155.970932335972));
#4949=CARTESIAN_POINT('',(-26.7613503307498,118.92655122394,146.117007928759));
#4950=CARTESIAN_POINT('',(-26.7611829162402,118.928991681058,136.263083521635));
#4951=CARTESIAN_POINT('',(-26.7610155017306,118.931432138173,126.409159114422));
#4952=CARTESIAN_POINT('',(-24.0144372989294,117.631084119833,155.970658772371));
#4953=CARTESIAN_POINT('',(-24.0142698844198,117.63352457704,146.116734365159));
#4954=CARTESIAN_POINT('',(-24.0141024699102,117.635965034158,136.262809958035));
#4955=CARTESIAN_POINT('',(-24.0139350554006,117.638405491273,126.408885550822));
#4956=CARTESIAN_POINT('',(-21.3761502074994,116.128483015427,155.970331456471));
#4957=CARTESIAN_POINT('',(-21.3759827929898,116.130923472542,146.116407049259));
#4958=CARTESIAN_POINT('',(-21.3758153784804,116.13336392966,136.262482642135));
#4959=CARTESIAN_POINT('',(-21.37564796398,116.135804386867,126.408558234922));
#4960=CARTESIAN_POINT('',(-18.8626141920994,114.425395959833,155.969952368072));
#4961=CARTESIAN_POINT('',(-18.8624467775898,114.42783641704,146.116027960859));
#4962=CARTESIAN_POINT('',(-18.8622793630802,114.430276874159,136.262103553735));
#4963=CARTESIAN_POINT('',(-18.8621119485706,114.432717331367,126.408179146522));
#4964=CARTESIAN_POINT('',(-16.4890324149994,112.532124102233,155.969523799977));
#4965=CARTESIAN_POINT('',(-16.4888650004902,112.53456455944,146.115599392853));
#4966=CARTESIAN_POINT('',(-16.4886975859898,112.537005016558,136.261674985641));
#4967=CARTESIAN_POINT('',(-16.4885301714806,112.539445473673,126.407750578517));
#4968=CARTESIAN_POINT('',(-14.2697615230594,110.460118927233,155.969048344577));
#4969=CARTESIAN_POINT('',(-14.2695941085502,110.46255938444,146.115123937453));
#4970=CARTESIAN_POINT('',(-14.2694266940498,110.464999841558,136.261199530241));
#4971=CARTESIAN_POINT('',(-14.2692592795406,110.467440298673,126.407275123117));
#4972=CARTESIAN_POINT('',(-12.2182248113094,108.221912990927,155.968528877577));
#4973=CARTESIAN_POINT('',(-12.2180573967998,108.224353448042,146.114604470453));
#4974=CARTESIAN_POINT('',(-12.2178899822902,108.22679390516,136.260680063241));
#4975=CARTESIAN_POINT('',(-12.2177225677806,108.229234362367,126.406755656117));
#4976=CARTESIAN_POINT('',(-10.3468310319294,105.831044117127,155.967968540977));
#4977=CARTESIAN_POINT('',(-10.3466636174202,105.833484574246,146.114044133853));
#4978=CARTESIAN_POINT('',(-10.3464962029198,105.835925031454,136.260119726641));
#4979=CARTESIAN_POINT('',(-10.3463287884106,105.838365488573,126.406195319517));
#4980=CARTESIAN_POINT('',(-8.66689933975448,103.301973514033,155.967370723977));
#4981=CARTESIAN_POINT('',(-8.66673192524586,103.30441397124,146.113446316853));
#4982=CARTESIAN_POINT('',(-8.66656451073814,103.306854428358,136.259521909641));
#4983=CARTESIAN_POINT('',(-8.66639709622951,103.309294885473,126.405597502517));
#4984=CARTESIAN_POINT('',(-7.18859082813954,100.649998305133,155.966739042477));
#4985=CARTESIAN_POINT('',(-7.18842341363181,100.65243876234,146.112814635353));
#4986=CARTESIAN_POINT('',(-7.18825599912319,100.654879219458,136.258890228141));
#4987=CARTESIAN_POINT('',(-7.18808858461546,100.657319676573,126.404965821017));
#4988=CARTESIAN_POINT('',(-5.92084706946148,97.8911590043886,155.966077317277));
#4989=CARTESIAN_POINT('',(-5.92067965495286,97.8935994615333,146.112152910153));
#4990=CARTESIAN_POINT('',(-5.92051224044514,97.8960399186868,136.258228502941));
#4991=CARTESIAN_POINT('',(-5.92034482593652,97.8984803758313,126.404304095817));
#4992=CARTESIAN_POINT('',(-4.87133603185848,95.0421424947792,155.965389550772));
#4993=CARTESIAN_POINT('',(-4.87116861734986,95.0445829519327,146.111465143559));
#4994=CARTESIAN_POINT('',(-4.87100120284215,95.0470234090773,136.257540736435));
#4995=CARTESIAN_POINT('',(-4.87083378833446,95.0494638662308,126.403616329222));
#4996=CARTESIAN_POINT('',(-4.04640569941254,92.1201810976886,155.964679902877));
#4997=CARTESIAN_POINT('',(-4.04623828490481,92.1226215548332,146.110755495753));
#4998=CARTESIAN_POINT('',(-4.04607087039619,92.1250620119869,136.256831088541));
#4999=CARTESIAN_POINT('',(-4.04590345588846,92.1275024691408,126.402906681417));
#5000=CARTESIAN_POINT('',(-3.45104567626454,89.1429483427586,155.963952666071));
#5001=CARTESIAN_POINT('',(-3.45087826175681,89.1453887999032,146.110028258859));
#5002=CARTESIAN_POINT('',(-3.45071084724819,89.1478292570567,136.256103851735));
#5003=CARTESIAN_POINT('',(-3.45054343274046,89.1502697142013,126.402179444522));
#5004=CARTESIAN_POINT('',(-3.08885700691354,86.1284520693087,155.963212238877));
#5005=CARTESIAN_POINT('',(-3.08868959240581,86.1308925264533,146.109287831753));
#5006=CARTESIAN_POINT('',(-3.08852217789719,86.1333329836067,136.255363424541));
#5007=CARTESIAN_POINT('',(-3.08835476338946,86.1357734407514,126.401439017417));
#5008=CARTESIAN_POINT('',(-2.96203039524548,83.0949255056392,155.962463099877));
#5009=CARTESIAN_POINT('',(-2.96186298073686,83.0973659627931,146.108538692753));
#5010=CARTESIAN_POINT('',(-2.96169556622914,83.0998064199467,136.254614285541));
#5011=CARTESIAN_POINT('',(-2.96152815172052,83.1022468770914,126.400689878417));
#5012=CARTESIAN_POINT('',(-3.07133295402154,80.0607169850886,155.961709780271));
#5013=CARTESIAN_POINT('',(-3.07116553951381,80.0631574422333,146.107785373059));
#5014=CARTESIAN_POINT('',(-3.07099812500519,80.0655978993867,136.253860965935));
#5015=CARTESIAN_POINT('',(-3.07083071049746,80.0680383565314,126.399936558722));
#5016=CARTESIAN_POINT('',(-3.41610356499154,77.0441789657692,155.960956836472));
#5017=CARTESIAN_POINT('',(-3.41593615048381,77.0466194229227,146.107032429259));
#5018=CARTESIAN_POINT('',(-3.41576873597519,77.0490598800673,136.253108022135));
#5019=CARTESIAN_POINT('',(-3.41560132146746,77.0515003372208,126.399183614922));
#5020=CARTESIAN_POINT('',(-3.99425687766954,74.0635570255386,155.960208822672));
#5021=CARTESIAN_POINT('',(-3.99408946316181,74.0659974826833,146.106284415459));
#5022=CARTESIAN_POINT('',(-3.99392204865319,74.0684379398369,136.252360008335));
#5023=CARTESIAN_POINT('',(-3.99375463414546,74.0708783969908,126.398435601122));
#5024=CARTESIAN_POINT('',(-4.80229592262048,71.1368795032492,155.959470263272));
#5025=CARTESIAN_POINT('',(-4.80212850811187,71.1393199604027,146.105545856059));
#5026=CARTESIAN_POINT('',(-4.80196109360413,71.1417604175473,136.251621448935));
#5027=CARTESIAN_POINT('',(-4.80179367909552,71.1442008747008,126.397697041722));
#5028=CARTESIAN_POINT('',(-5.83533326290554,68.2818484541192,155.958745625377));
#5029=CARTESIAN_POINT('',(-5.83516584839781,68.2842889112727,146.104821218253));
#5030=CARTESIAN_POINT('',(-5.83499843388919,68.2867293684173,136.250896811041));
#5031=CARTESIAN_POINT('',(-5.83483101938146,68.2891698255708,126.396972403917));
#5032=CARTESIAN_POINT('',(-7.08712055592448,65.5157325784887,155.958039292171));
#5033=CARTESIAN_POINT('',(-7.08695314141586,65.5181730356333,146.104114884959));
#5034=CARTESIAN_POINT('',(-7.08678572690814,65.5206134927867,136.250190477835));
#5035=CARTESIAN_POINT('',(-7.08661831239952,65.5230539499313,126.396266070622));
#5036=CARTESIAN_POINT('',(-8.55008634624254,62.8552627720387,155.957355535677));
#5037=CARTESIAN_POINT('',(-8.54991893173481,62.8577032291833,146.103431128553));
#5038=CARTESIAN_POINT('',(-8.54975151722619,62.8601436863369,136.249506721341));
#5039=CARTESIAN_POINT('',(-8.54958410271846,62.8625841434908,126.395582314217));
#5040=CARTESIAN_POINT('',(-10.2153818630294,60.3165309278692,155.956698491777));
#5041=CARTESIAN_POINT('',(-10.2152144485198,60.3189713850227,146.102774084653));
#5042=CARTESIAN_POINT('',(-10.2150470340102,60.3214118421673,136.248849677441));
#5043=CARTESIAN_POINT('',(-10.2148796195006,60.3238522993208,126.394925270317));
#5044=CARTESIAN_POINT('',(-12.0729345368894,57.9148926076192,155.956072134577));
#5045=CARTESIAN_POINT('',(-12.0727671223798,57.9173330647727,146.102147727453));
#5046=CARTESIAN_POINT('',(-12.0725997078704,57.9197735219173,136.248223320241));
#5047=CARTESIAN_POINT('',(-12.07243229337,57.9222139790708,126.394298913117));
#5048=CARTESIAN_POINT('',(-14.1115089429694,55.6648741511387,155.955480252577));
#5049=CARTESIAN_POINT('',(-14.1113415284598,55.6673146082833,146.101555845453));
#5050=CARTESIAN_POINT('',(-14.1111741139502,55.6697550654367,136.247631438241));
#5051=CARTESIAN_POINT('',(-14.1110066994406,55.6721955225813,126.393707031117));
#5052=CARTESIAN_POINT('',(-16.3187746876794,53.5800848583792,155.954926425777));
#5053=CARTESIAN_POINT('',(-16.3186072731698,53.5825253155331,146.101002018653));
#5054=CARTESIAN_POINT('',(-16.3184398586602,53.5849657726867,136.247077611441));
#5055=CARTESIAN_POINT('',(-16.3182724441506,53.5874062298313,126.393153204317));
#5056=CARTESIAN_POINT('',(-18.0452949033336,52.1865441903241,155.954551963754));
#5057=CARTESIAN_POINT('',(-18.045127488824,52.1889846474777,146.100627556566));
#5058=CARTESIAN_POINT('',(-18.0449600743144,52.1914251046247,136.246703149418));
#5059=CARTESIAN_POINT('',(-18.0447926598048,52.1938655617758,126.392778742229));
#5060=CARTESIAN_POINT('',(-19.0176989769902,51.4735224738078,155.954358853551));
#5061=CARTESIAN_POINT('',(-19.0175315624806,51.4759629309614,146.100434446348));
#5062=CARTESIAN_POINT('',(-19.017364147971,51.4784033881102,136.246510039215));
#5063=CARTESIAN_POINT('',(-19.0171967334614,51.4808438452596,126.392585632012));
#5064=CARTESIAN_POINT('',(-19.1753898159015,51.3596985065555,155.954327984405));
#5065=CARTESIAN_POINT('',(-19.1752224013919,51.3621389637091,146.100403577201));
#5066=CARTESIAN_POINT('',(-19.1750549868822,51.3645794208583,136.246479170069));
#5067=CARTESIAN_POINT('',(-19.1748875723726,51.3670198780073,126.392554762864));
#5068=CARTESIAN_POINT('',(-19.1748875723877,51.3670198779976,126.392554762867));
#5069=CARTESIAN_POINT('',(-19.1748807765366,51.3671189433844,125.992554775178));
#5070=CARTESIAN_POINT('',(-19.3325775572256,51.2531947275345,126.392523893441));
#5071=CARTESIAN_POINT('',(-19.3325707613746,51.2532937929213,125.992523905752));
#5072=CARTESIAN_POINT('',(-20.3155341310126,50.5547922461103,126.392334224589));
#5073=CARTESIAN_POINT('',(-20.3155273351616,50.554891311497,125.9923342369));
#5074=CARTESIAN_POINT('',(-22.1818592607306,49.3549346750508,126.392005355524));
#5075=CARTESIAN_POINT('',(-22.1818524648795,49.3550337404375,125.992005367835));
#5076=CARTESIAN_POINT('',(-24.8556523867606,47.9164636369208,126.391603672038));
#5077=CARTESIAN_POINT('',(-24.8556455909095,47.9165627023075,125.991603684349));
#5078=CARTESIAN_POINT('',(-27.6331477588806,46.6901323812408,126.391252765965));
#5079=CARTESIAN_POINT('',(-27.6331409630295,46.6902314466275,125.991252778275));
#5080=CARTESIAN_POINT('',(-30.4975456122106,45.6833584250808,126.390954759774));
#5081=CARTESIAN_POINT('',(-30.4975388163595,45.6834574904675,125.990954772085));
#5082=CARTESIAN_POINT('',(-33.4315206019105,44.9022312477408,126.390711455959));
#5083=CARTESIAN_POINT('',(-33.4315138060595,44.9023303131275,125.99071146827));
#5084=CARTESIAN_POINT('',(-36.41732653103,44.3514755116613,126.390524326148));
#5085=CARTESIAN_POINT('',(-36.417319735179,44.3515745770481,125.990524338458));
#5086=CARTESIAN_POINT('',(-39.43690370604,44.0344224709808,126.390394502196));
#5087=CARTESIAN_POINT('',(-39.4368969101889,44.0345215363675,125.990394514507));
#5088=CARTESIAN_POINT('',(-42.4719881665106,43.9529898261808,126.390322769348));
#5089=CARTESIAN_POINT('',(-42.4719813706595,43.9530888915675,125.990322781659));
#5090=CARTESIAN_POINT('',(-45.5042221562406,44.1076701238514,126.39030956148));
#5091=CARTESIAN_POINT('',(-45.5042153603895,44.1077691892381,125.990309573791));
#5092=CARTESIAN_POINT('',(-48.5152651600306,44.4975277777913,126.39035495848));
#5093=CARTESIAN_POINT('',(-48.5152583641795,44.4976268431781,125.990354970791));
#5094=CARTESIAN_POINT('',(-51.4869048367406,45.1202047278208,126.390458685764));
#5095=CARTESIAN_POINT('',(-51.4868980408895,45.1203037932075,125.990458698075));
#5096=CARTESIAN_POINT('',(-54.4011671768806,45.9719347025708,126.390620115936));
#5097=CARTESIAN_POINT('',(-54.4011603810295,45.9720337679575,125.990620128247));
#5098=CARTESIAN_POINT('',(-57.2404252186606,47.0475659998413,126.390838272582));
#5099=CARTESIAN_POINT('',(-57.2404184228095,47.0476650652281,125.990838284893));
#5100=CARTESIAN_POINT('',(-59.9875056649906,48.3405926467608,126.391111836178));
#5101=CARTESIAN_POINT('',(-59.9874988691395,48.3406917121475,125.991111848489));
#5102=CARTESIAN_POINT('',(-62.6257927564206,49.8431937512308,126.391439152072));
#5103=CARTESIAN_POINT('',(-62.6257859605695,49.8432928166175,125.991439164383));
#5104=CARTESIAN_POINT('',(-65.1393287718206,51.5462808067408,126.391818240487));
#5105=CARTESIAN_POINT('',(-65.1393219759695,51.5463798721275,125.991818252798));
#5106=CARTESIAN_POINT('',(-67.51291054892,53.4395526643608,126.392246808502));
#5107=CARTESIAN_POINT('',(-67.512903753069,53.4396517297475,125.992246820813));
#5108=CARTESIAN_POINT('',(-69.73218144086,55.5115578393508,126.392722263916));
#5109=CARTESIAN_POINT('',(-69.732174645009,55.5116569047375,125.992722276227));
#5110=CARTESIAN_POINT('',(-71.7837181526106,57.7497637757113,126.393241730929));
#5111=CARTESIAN_POINT('',(-71.7837113567595,57.7498628410981,125.99324174324));
#5112=CARTESIAN_POINT('',(-73.65511193199,60.1406326494913,126.393802067537));
#5113=CARTESIAN_POINT('',(-73.655105136139,60.1407317148781,125.993802079847));
#5114=CARTESIAN_POINT('',(-75.3350436241606,62.6697032525613,126.394399884535));
#5115=CARTESIAN_POINT('',(-75.3350368283095,62.6698023179481,125.994399896846));
#5116=CARTESIAN_POINT('',(-76.8133521357806,65.3216784614508,126.395031566017));
#5117=CARTESIAN_POINT('',(-76.8133453399295,65.3217775268375,125.995031578328));
#5118=CARTESIAN_POINT('',(-78.08109589446,68.0805177622308,126.395693291249));
#5119=CARTESIAN_POINT('',(-78.0810890986089,68.0806168276175,125.99569330356));
#5120=CARTESIAN_POINT('',(-79.1306069320606,70.9295342718314,126.396381057774));
#5121=CARTESIAN_POINT('',(-79.1306001362096,70.9296333372181,125.996381070085));
#5122=CARTESIAN_POINT('',(-79.9555372645006,73.8514956689308,126.397090705627));
#5123=CARTESIAN_POINT('',(-79.9555304686495,73.8515947343175,125.997090717938));
#5124=CARTESIAN_POINT('',(-80.5508972876506,76.8287284238608,126.39781794249));
#5125=CARTESIAN_POINT('',(-80.5508904917995,76.8288274892475,125.997817954801));
#5126=CARTESIAN_POINT('',(-80.9130859570006,79.8432246973108,126.39855836966));
#5127=CARTESIAN_POINT('',(-80.9130791611495,79.8433237626976,125.998558381971));
#5128=CARTESIAN_POINT('',(-81.0399125686706,82.8767512609708,126.399307508652));
#5129=CARTESIAN_POINT('',(-81.0399057728195,82.8768503263575,125.999307520963));
#5130=CARTESIAN_POINT('',(-80.9306100099,85.9109597815308,126.400060828286));
#5131=CARTESIAN_POINT('',(-80.9306032140489,85.9110588469175,126.000060840597));
#5132=CARTESIAN_POINT('',(-80.58583939893,88.9274978008413,126.400813772098));
#5133=CARTESIAN_POINT('',(-80.585832603079,88.9275968662281,126.000813784409));
#5134=CARTESIAN_POINT('',(-80.0076860862506,91.9081197410808,126.401561785893));
#5135=CARTESIAN_POINT('',(-80.0076792903995,91.9082188064675,126.001561798204));
#5136=CARTESIAN_POINT('',(-79.1996470413006,94.8347972633613,126.4023003453));
#5137=CARTESIAN_POINT('',(-79.1996402454495,94.8348963287481,126.002300357611));
#5138=CARTESIAN_POINT('',(-78.1666097010106,97.6898283124913,126.40302498313));
#5139=CARTESIAN_POINT('',(-78.1666029051595,97.6899273778781,126.003024995441));
#5140=CARTESIAN_POINT('',(-76.9148224079906,100.455944188167,126.403731316399));
#5141=CARTESIAN_POINT('',(-76.9148156121395,100.456043253554,126.00373132871));
#5142=CARTESIAN_POINT('',(-75.45185661768,103.116413994573,126.40441507284));
#5143=CARTESIAN_POINT('',(-75.451849821829,103.11651305996,126.004415085151));
#5144=CARTESIAN_POINT('',(-73.7865611008906,105.655145838767,126.405072116741));
#5145=CARTESIAN_POINT('',(-73.7865543050395,105.655244904154,126.005072129052));
#5146=CARTESIAN_POINT('',(-71.9290084270306,108.056784158973,126.405698473961));
#5147=CARTESIAN_POINT('',(-71.9290016311795,108.05688322436,126.005698486272));
#5148=CARTESIAN_POINT('',(-69.8904340209506,110.306802615473,126.406290355971));
#5149=CARTESIAN_POINT('',(-69.8904272250995,110.30690168086,126.006290368282));
#5150=CARTESIAN_POINT('',(-67.6831682762406,112.391591908267,126.406844182755));
#5151=CARTESIAN_POINT('',(-67.6831614803895,112.391690973654,126.006844195066));
#5152=CARTESIAN_POINT('',(-65.9566483979071,113.78513230404,126.407218644742));
#5153=CARTESIAN_POINT('',(-65.956641602056,113.785231369427,126.007218657053));
#5154=CARTESIAN_POINT('',(-64.9842446855801,114.498153780524,126.407411754896));
#5155=CARTESIAN_POINT('',(-64.984237889729,114.49825284591,126.007411767207));
#5156=CARTESIAN_POINT('',(-64.8265536748659,114.611977879777,126.407442624079));
#5157=CARTESIAN_POINT('',(-64.8265468790149,114.612076945164,126.00744263639));
#5158=CARTESIAN_POINT('',(16.4237939401382,100.851761875704,126.005415122023));
#5159=CARTESIAN_POINT('',(-64.8265531480344,114.61197826007,126.407442624183));
#5160=CARTESIAN_POINT('',(-64.8265463521833,114.612077325456,126.007442636493));
#5161=CARTESIAN_POINT('',(-64.6688631631796,114.725803410543,126.407473493609));
#5162=CARTESIAN_POINT('',(-64.6688563673285,114.72590247593,126.00747350592));
#5163=CARTESIAN_POINT('',(-63.685906589384,115.424205891957,126.407663162461));
#5164=CARTESIAN_POINT('',(-63.6858997935329,115.424304957344,126.007663174772));
#5165=CARTESIAN_POINT('',(-61.8195814596606,116.624063462973,126.407992031526));
#5166=CARTESIAN_POINT('',(-61.8195746638095,116.62416252836,126.007992043837));
#5167=CARTESIAN_POINT('',(-59.14578833364,118.062534501167,126.408393715012));
#5168=CARTESIAN_POINT('',(-59.145781537789,118.062633566554,126.008393727323));
#5169=CARTESIAN_POINT('',(-56.3682929615106,119.288865756867,126.408744621085));
#5170=CARTESIAN_POINT('',(-56.3682861656596,119.288964822254,126.008744633396));
#5171=CARTESIAN_POINT('',(-53.5038951081806,120.295639712973,126.409042627276));
#5172=CARTESIAN_POINT('',(-53.5038883123296,120.29573877836,126.009042639587));
#5173=CARTESIAN_POINT('',(-50.5699201184806,121.076766890367,126.409285931091));
#5174=CARTESIAN_POINT('',(-50.5699133226295,121.076865955754,126.009285943401));
#5175=CARTESIAN_POINT('',(-47.5841141893706,121.627522626373,126.409473060902));
#5176=CARTESIAN_POINT('',(-47.5841073935195,121.62762169176,126.009473073213));
#5177=CARTESIAN_POINT('',(-44.5645370143606,121.944575667073,126.409602884853));
#5178=CARTESIAN_POINT('',(-44.5645302185095,121.94467473246,126.009602897164));
#5179=CARTESIAN_POINT('',(-41.5294525538806,122.026008311873,126.409674617702));
#5180=CARTESIAN_POINT('',(-41.5294457580295,122.02610737726,126.009674630012));
#5181=CARTESIAN_POINT('',(-38.49721856416,121.871328014173,126.40968782557));
#5182=CARTESIAN_POINT('',(-38.497211768309,121.87142707956,126.00968783788));
#5183=CARTESIAN_POINT('',(-35.4861755603606,121.481470360273,126.409642428569));
#5184=CARTESIAN_POINT('',(-35.4861687645095,121.48156942566,126.00964244088));
#5185=CARTESIAN_POINT('',(-32.5145358836506,120.858793410267,126.409538701286));
#5186=CARTESIAN_POINT('',(-32.5145290877995,120.858892475654,126.009538713596));
#5187=CARTESIAN_POINT('',(-29.6002735435106,120.007063435473,126.409377271114));
#5188=CARTESIAN_POINT('',(-29.6002667476595,120.00716250086,126.009377283425));
#5189=CARTESIAN_POINT('',(-26.7610155017306,118.931432138173,126.409159114468));
#5190=CARTESIAN_POINT('',(-26.7610087058795,118.93153120356,126.009159126779));
#5191=CARTESIAN_POINT('',(-24.0139350554006,117.638405491273,126.408885550872));
#5192=CARTESIAN_POINT('',(-24.0139282595495,117.63850455666,126.008885563182));
#5193=CARTESIAN_POINT('',(-21.37564796398,116.135804386867,126.408558234978));
#5194=CARTESIAN_POINT('',(-21.3756411681289,116.135903452254,126.008558247289));
#5195=CARTESIAN_POINT('',(-18.8621119485706,114.432717331367,126.408179146563));
#5196=CARTESIAN_POINT('',(-18.8621051527195,114.432816396754,126.008179158873));
#5197=CARTESIAN_POINT('',(-16.4885301714806,112.539445473673,126.407750578548));
#5198=CARTESIAN_POINT('',(-16.4885233756295,112.53954453906,126.007750590859));
#5199=CARTESIAN_POINT('',(-14.2692592795405,110.467440298673,126.407275123134));
#5200=CARTESIAN_POINT('',(-14.2692524836895,110.46753936406,126.007275135445));
#5201=CARTESIAN_POINT('',(-12.2177225677806,108.229234362367,126.406755656121));
#5202=CARTESIAN_POINT('',(-12.2177157719295,108.229333427754,126.006755668432));
#5203=CARTESIAN_POINT('',(-10.3463287884105,105.838365488573,126.406195319513));
#5204=CARTESIAN_POINT('',(-10.3463219925595,105.83846455396,126.006195331824));
#5205=CARTESIAN_POINT('',(-8.6663970962295,103.309294885473,126.405597502515));
#5206=CARTESIAN_POINT('',(-8.66639030037844,103.30939395086,126.005597514826));
#5207=CARTESIAN_POINT('',(-7.18808858461544,100.657319676573,126.404965821033));
#5208=CARTESIAN_POINT('',(-7.18808178876438,100.65741874196,126.004965833343));
#5209=CARTESIAN_POINT('',(-5.92034482593649,97.8984803758314,126.404304095801));
#5210=CARTESIAN_POINT('',(-5.92033803008544,97.8985794412181,126.004304108112));
#5211=CARTESIAN_POINT('',(-4.87083378833443,95.0494638662308,126.403616329276));
#5212=CARTESIAN_POINT('',(-4.87082699248338,95.0495629316176,126.003616341586));
#5213=CARTESIAN_POINT('',(-4.04590345588844,92.1275024691408,126.402906681423));
#5214=CARTESIAN_POINT('',(-4.04589666003738,92.1276015345276,126.002906693734));
#5215=CARTESIAN_POINT('',(-3.45054343274044,89.1502697142014,126.40217944456));
#5216=CARTESIAN_POINT('',(-3.45053663688939,89.1503687795881,126.002179456871));
#5217=CARTESIAN_POINT('',(-3.08835476338943,86.1357734407514,126.40143901739));
#5218=CARTESIAN_POINT('',(-3.08834796753838,86.1358725061381,126.001439029701));
#5219=CARTESIAN_POINT('',(-2.96152815172049,83.1022468770914,126.400689878398));
#5220=CARTESIAN_POINT('',(-2.96152135586944,83.1023459424781,126.000689890709));
#5221=CARTESIAN_POINT('',(-3.07083071049744,80.0680383565314,126.399936558764));
#5222=CARTESIAN_POINT('',(-3.07082391464639,80.0681374219181,125.999936571074));
#5223=CARTESIAN_POINT('',(-3.41560132146743,77.0515003372208,126.399183614952));
#5224=CARTESIAN_POINT('',(-3.41559452561638,77.0515994026076,125.999183627263));
#5225=CARTESIAN_POINT('',(-3.99375463414543,74.0708783969908,126.398435601157));
#5226=CARTESIAN_POINT('',(-3.99374783829438,74.0709774623775,125.998435613467));
#5227=CARTESIAN_POINT('',(-4.80179367909549,71.1442008747008,126.39769704175));
#5228=CARTESIAN_POINT('',(-4.80178688324444,71.1442999400876,125.997697054061));
#5229=CARTESIAN_POINT('',(-5.83483101938144,68.2891698255708,126.39697240392));
#5230=CARTESIAN_POINT('',(-5.83482422353039,68.2892688909576,125.996972416231));
#5231=CARTESIAN_POINT('',(-7.08661831239949,65.5230539499314,126.396266070651));
#5232=CARTESIAN_POINT('',(-7.08661151654844,65.5231530153181,125.996266082962));
#5233=CARTESIAN_POINT('',(-8.54958410271844,62.8625841434908,126.39558231421));
#5234=CARTESIAN_POINT('',(-8.54957730686739,62.8626832088776,125.995582326521));
#5235=CARTESIAN_POINT('',(-10.2148796195006,60.3238522993208,126.394925270309));
#5236=CARTESIAN_POINT('',(-10.2148728236495,60.3239513647076,125.99492528262));
#5237=CARTESIAN_POINT('',(-12.07243229337,57.9222139790708,126.394298913089));
#5238=CARTESIAN_POINT('',(-12.0724254975189,57.9223130444575,125.9942989254));
#5239=CARTESIAN_POINT('',(-14.1110066994406,55.6721955225814,126.393707031079));
#5240=CARTESIAN_POINT('',(-14.1109999035895,55.6722945879681,125.99370704339));
#5241=CARTESIAN_POINT('',(-16.3182724441506,53.5874062298314,126.393153204295));
#5242=CARTESIAN_POINT('',(-16.3182656482995,53.5875052952181,125.993153216606));
#5243=CARTESIAN_POINT('',(-18.0447923985202,52.1938657726687,126.392778742291));
#5244=CARTESIAN_POINT('',(-18.0447856026691,52.1939648380554,125.992778754602));
#5245=CARTESIAN_POINT('',(-19.0171961922935,51.4808442420746,126.392585632123));
#5246=CARTESIAN_POINT('',(-19.0171893964424,51.4809433074613,125.992585644434));
#5247=CARTESIAN_POINT('',(-19.1748871642946,51.3670201725651,126.392554762947));
#5248=CARTESIAN_POINT('',(-19.1748803684435,51.3671192379518,125.992554775258));
#5249=CARTESIAN_POINT('',(-33.2221667776753,70.8180660662887,162.497134530875));
#5250=CARTESIAN_POINT('',(-40.3851530045965,65.6476580764162,162.49573231323));
#5251=CARTESIAN_POINT('',(-49.0488627132184,67.115217433702,162.495948580871));
#5252=CARTESIAN_POINT('',(-54.1638264641842,74.2013919571388,162.497616666096));
#5253=CARTESIAN_POINT('',(-59.2787901679942,81.2875664153138,162.499284751395));
#5254=CARTESIAN_POINT('',(-57.9434866932285,89.9726429864613,162.501458413921));
#5255=CARTESIAN_POINT('',(-50.7805004656444,95.1430508620202,162.502860631567));
#5256=CARTESIAN_POINT('',(-29.4746346741804,65.6263057291802,162.495912390605));
#5257=CARTESIAN_POINT('',(-39.6952596410091,58.2488238639321,162.493911613243));
#5258=CARTESIAN_POINT('',(-52.0572166444756,60.3428351230081,162.494220198322));
#5259=CARTESIAN_POINT('',(-59.355586983471,70.4538600445774,162.496600333271));
#5260=CARTESIAN_POINT('',(-66.6539572552726,80.5648848730627,162.498980468201));
#5261=CARTESIAN_POINT('',(-64.7486574822174,92.9573295364979,162.502081994413));
#5262=CARTESIAN_POINT('',(-54.5280325144417,100.334811238632,162.504082771751));
#5263=CARTESIAN_POINT('',(-25.7508873679354,60.467691785027,161.774260166363));
#5264=CARTESIAN_POINT('',(-39.0097348986714,50.8971510862428,161.771664630141));
#5265=CARTESIAN_POINT('',(-55.046455121,53.6136362426535,161.772064946428));
#5266=CARTESIAN_POINT('',(-64.5143672948289,66.7303035941875,161.775152609517));
#5267=CARTESIAN_POINT('',(-73.9822793814801,79.846970824937,161.778240272579));
#5268=CARTESIAN_POINT('',(-71.5106028183357,95.9232415871283,161.782263770512));
#5269=CARTESIAN_POINT('',(-58.2517552863825,105.493782074326,161.784859306647));
#5270=CARTESIAN_POINT('',(-22.0982168638387,55.4077392045665,160.341342921619));
#5271=CARTESIAN_POINT('',(-38.337285018047,43.6860068051295,160.338163980922));
#5272=CARTESIAN_POINT('',(-57.9786144817523,47.0130823667691,160.338654277169));
#5273=CARTESIAN_POINT('',(-69.5746503146187,63.0780121869418,160.342435961122));
#5274=CARTESIAN_POINT('',(-81.1706860407068,79.1429418591691,160.346217645124));
#5275=CARTESIAN_POINT('',(-78.1434452438705,98.8327117254546,160.351145513643));
#5276=CARTESIAN_POINT('',(-61.9043770881727,110.554443865706,160.354324454209));
#5277=CARTESIAN_POINT('',(-50.7805005938138,95.1430507695102,162.502860631513));
#5278=CARTESIAN_POINT('',(-43.6175143669102,100.313458759416,162.504262849163));
#5279=CARTESIAN_POINT('',(-34.9538046582216,98.8458994020678,162.504046581523));
#5280=CARTESIAN_POINT('',(-29.838840907318,91.7597248786674,162.502378496297));
#5281=CARTESIAN_POINT('',(-24.7238772034725,84.6735504205187,162.500710410997));
#5282=CARTESIAN_POINT('',(-26.0591806782431,75.9884738493299,162.498536748472));
#5283=CARTESIAN_POINT('',(-33.2221669058281,70.8180659737914,162.497134530821));
#5284=CARTESIAN_POINT('',(-54.5280326973053,100.334811106627,162.504082771705));
#5285=CARTESIAN_POINT('',(-44.3074077304684,107.71229297184,162.506083549151));
#5286=CARTESIAN_POINT('',(-31.9454507270222,105.618281712781,162.505774964072));
#5287=CARTESIAN_POINT('',(-24.6470803880157,95.5072567912109,162.503394829123));
#5288=CARTESIAN_POINT('',(-17.3487101162292,85.3962319627442,162.501014694193));
#5289=CARTESIAN_POINT('',(-19.2540098892721,73.0037872993244,162.497913167982));
#5290=CARTESIAN_POINT('',(-29.4746348570227,65.6263055971904,162.495912390559));
#5291=CARTESIAN_POINT('',(-58.2517555236022,105.493781903066,161.784859306647));
#5292=CARTESIAN_POINT('',(-44.9929079928734,115.064322601852,161.787454842875));
#5293=CARTESIAN_POINT('',(-28.9561877705456,112.347837445374,161.787054526588));
#5294=CARTESIAN_POINT('',(-19.4882755967178,99.2311700938915,161.783966863499));
#5295=CARTESIAN_POINT('',(-10.0203635100714,86.1145028631486,161.780879200438));
#5296=CARTESIAN_POINT('',(-12.4920400732161,70.0382321009705,161.776855702505));
#5297=CARTESIAN_POINT('',(-25.7508876051562,60.4676916137946,161.774260166362));
#5298=CARTESIAN_POINT('',(-61.9043773786993,110.554443656031,160.354324454152));
#5299=CARTESIAN_POINT('',(-45.6653092245131,122.27617605539,160.357503394849));
#5300=CARTESIAN_POINT('',(-26.023979760806,118.949100493822,160.357013098602));
#5301=CARTESIAN_POINT('',(-14.4279439279333,102.884170673606,160.353231414649));
#5302=CARTESIAN_POINT('',(-2.83190820184846,86.8192410014099,160.349449730731));
#5303=CARTESIAN_POINT('',(-5.85914899868699,67.1294711351005,160.344521862218));
#5304=CARTESIAN_POINT('',(-22.0982171543808,55.4077389948691,160.341342921571));
#5305=CARTESIAN_POINT('',(-59.2787886410314,65.6476595488234,162.495411317774));
#5306=CARTESIAN_POINT('',(-22.098750968693,55.4073544133703,160.341342833086));
#5307=CARTESIAN_POINT('',(-20.0533583934255,52.5750654118921,159.539162506053));
#5308=CARTESIAN_POINT('',(-20.0533058012466,52.5759469596582,155.954614288794));
#5309=CARTESIAN_POINT('',(-18.4875934521457,58.0101350976788,160.342047973705));
#5310=CARTESIAN_POINT('',(-16.0730759753866,55.4436203308255,159.539921733489));
#5311=CARTESIAN_POINT('',(-16.072938132993,55.4446086780403,155.955394465382));
#5312=CARTESIAN_POINT('',(-15.39799149209,61.33407661469,160.342926778551));
#5313=CARTESIAN_POINT('',(-12.6637555051805,59.1113799621181,159.540950748506));
#5314=CARTESIAN_POINT('',(-12.6637390205377,59.1121592069757,155.956354639532));
#5315=CARTESIAN_POINT('',(-13.0600589533577,65.1224976421521,160.343899410275));
#5316=CARTESIAN_POINT('',(-10.0865304712585,63.2879632855927,159.541934289841));
#5317=CARTESIAN_POINT('',(-10.0864934185915,63.2888933400203,155.957440123948));
#5318=CARTESIAN_POINT('',(-10.7222542912561,68.910522919493,160.3448818833));
#5319=CARTESIAN_POINT('',(-7.50928518673285,67.4635700902634,159.543085439303));
#5320=CARTESIAN_POINT('',(-7.50914221570662,67.4645990871367,155.958513512776));
#5321=CARTESIAN_POINT('',(-9.13875503820947,73.1625634353149,160.345961934081));
#5322=CARTESIAN_POINT('',(-5.76191015770414,72.1556848956841,159.54428560079));
#5323=CARTESIAN_POINT('',(-5.76185903733496,72.1564911525698,155.959704292241));
#5324=CARTESIAN_POINT('',(-8.42879177091582,77.5570221365478,160.347057395077));
#5325=CARTESIAN_POINT('',(-4.97948497079506,76.9999376525981,159.545411335547));
#5326=CARTESIAN_POINT('',(-4.97947142301068,77.0008186227785,155.960922676352));
#5327=CARTESIAN_POINT('',(-7.71873402132783,81.9514505564601,160.348162907102));
#5328=CARTESIAN_POINT('',(-4.19655077952826,81.8440382412814,159.546707426477));
#5329=CARTESIAN_POINT('',(-4.19647280173446,81.8449682585887,155.962131390046));
#5330=CARTESIAN_POINT('',(-7.88285919128513,86.4860761534675,160.349283078306));
#5331=CARTESIAN_POINT('',(-4.37765807958557,86.8481221616083,159.54794638402));
#5332=CARTESIAN_POINT('',(-4.37756437153158,86.8489030576391,155.963367345919));
#5333=CARTESIAN_POINT('',(-8.90865194930903,90.8176471138878,160.350333385333));
#5334=CARTESIAN_POINT('',(-5.50863813356728,91.6229659716597,159.549022384281));
#5335=CARTESIAN_POINT('',(-5.50861771749766,91.6238266365518,155.964534952789));
#5336=CARTESIAN_POINT('',(-9.93434932455911,95.1492396257964,160.351393918174));
#5337=CARTESIAN_POINT('',(-6.63910562012944,96.3979272774156,159.55027210971));
#5338=CARTESIAN_POINT('',(-6.63905218163752,96.3988933060683,155.965695005769));
#5339=CARTESIAN_POINT('',(-11.8212677999042,99.2758300634489,160.352383732333));
#5340=CARTESIAN_POINT('',(-8.72138750622239,100.951779381745,159.551363477405));
#5341=CARTESIAN_POINT('',(-8.72128677177873,100.952643796404,155.966785769617));
#5342=CARTESIAN_POINT('',(-14.4265843728863,102.885114158654,160.353228376591));
#5343=CARTESIAN_POINT('',(-11.5935339606299,104.930327652474,159.552216014504));
#5344=CARTESIAN_POINT('',(-11.5935423755751,104.931229430757,155.967728556426));
#5345=CARTESIAN_POINT('',(-17.0318198944928,106.494454736789,160.354083045702));
#5346=CARTESIAN_POINT('',(-14.4652524387454,108.909189422159,159.553237731709));
#5347=CARTESIAN_POINT('',(-14.4653023020827,108.910209113698,155.968659916917));
#5348=CARTESIAN_POINT('',(-20.3543140085602,109.584859430299,160.354791937868));
#5349=CARTESIAN_POINT('',(-18.1315731488735,112.319429214352,159.554017285448));
#5350=CARTESIAN_POINT('',(-18.1313732989953,112.320229786829,155.969440496554));
#5351=CARTESIAN_POINT('',(-24.1424794239659,111.922371800746,160.355301587501));
#5352=CARTESIAN_POINT('',(-22.3076281052908,114.896036609967,159.554504165323));
#5353=CARTESIAN_POINT('',(-22.3076053565279,114.896887891984,155.970016315288));
#5354=CARTESIAN_POINT('',(-27.9305898644062,114.259968530694,160.355820945716));
#5355=CARTESIAN_POINT('',(-26.4833932117082,117.473098805989,159.555153136504));
#5356=CARTESIAN_POINT('',(-26.4835077961279,117.474082763937,155.970574493909));
#5357=CARTESIAN_POINT('',(-32.1830065770392,115.843766079596,160.356141165784));
#5358=CARTESIAN_POINT('',(-31.1758102141118,119.220766074521,159.555506074486));
#5359=CARTESIAN_POINT('',(-31.1755316302485,119.221598389041,155.970929865077));
#5360=CARTESIAN_POINT('',(-36.5773769421428,116.553626932615,160.356237242093));
#5361=CARTESIAN_POINT('',(-36.0200104636434,120.003103115056,159.555535358642));
#5362=CARTESIAN_POINT('',(-36.0199088931736,120.003935804811,155.971046715314));
#5363=CARTESIAN_POINT('',(-40.9717481743229,117.26358886031,160.35634321426));
#5364=CARTESIAN_POINT('',(-40.864183088996,120.785976809963,159.555730883993));
#5365=CARTESIAN_POINT('',(-40.8642050985193,120.786900009526,155.971149785384));
#5366=CARTESIAN_POINT('',(-45.5062585453313,117.099645972779,160.356225776658));
#5367=CARTESIAN_POINT('',(-45.8680996100407,120.605014338865,159.555598781228));
#5368=CARTESIAN_POINT('',(-45.8679658262619,120.605911825614,155.971026306555));
#5369=CARTESIAN_POINT('',(-49.8377477523539,116.073604216904,160.355893107674));
#5370=CARTESIAN_POINT('',(-50.6427113326951,119.47382609817,159.555156258952));
#5371=CARTESIAN_POINT('',(-50.6425931329337,119.474690514917,155.970662712843));
#5372=CARTESIAN_POINT('',(-54.169448424065,115.047610385465,160.355571105543));
#5373=CARTESIAN_POINT('',(-55.4180295279179,118.342997896185,159.554897363324));
#5374=CARTESIAN_POINT('',(-55.4179058626315,118.343962342941,155.970300770035));
#5375=CARTESIAN_POINT('',(-58.296720569076,113.162222689264,160.35503072624));
#5376=CARTESIAN_POINT('',(-59.972694286082,116.262252839102,159.554237070096));
#5377=CARTESIAN_POINT('',(-59.9727821060722,116.263042544247,155.969709961842));
#5378=CARTESIAN_POINT('',(-61.904377004877,110.554443750258,160.35432446967));
#5379=CARTESIAN_POINT('',(-63.94859669532,113.387956811212,159.553477874717));
#5380=CARTESIAN_POINT('',(-63.9485367340132,113.38884411992,155.96892965714));
#5381=CARTESIAN_POINT('',(-20.0533058008459,52.5759469601273,155.954614287224));
#5382=CARTESIAN_POINT('',(-20.053375204482,52.5750532760217,159.539162502601));
#5383=CARTESIAN_POINT('',(-22.0976833091788,55.4081250747094,160.341343042097));
#5384=CARTESIAN_POINT('',(-24.0294413326413,49.7014220056964,155.95383691504));
#5385=CARTESIAN_POINT('',(-24.0293827513427,49.700575508016,159.538364203193));
#5386=CARTESIAN_POINT('',(-25.705200556576,52.8003005868246,160.340635065101));
#5387=CARTESIAN_POINT('',(-28.5839612884149,47.6205773157065,155.953238125923));
#5388=CARTESIAN_POINT('',(-28.5841383602707,47.6196819209114,159.53783418079));
#5389=CARTESIAN_POINT('',(-29.8329492057367,50.9145920648673,160.340101010602));
#5390=CARTESIAN_POINT('',(-33.359778084654,46.4897022520867,155.952884179946));
#5391=CARTESIAN_POINT('',(-33.3598054849589,46.4887787282813,159.53737832277));
#5392=CARTESIAN_POINT('',(-34.1648475810551,49.8885748974335,160.339767963615));
#5393=CARTESIAN_POINT('',(-38.1346520007756,45.3584031388199,155.952518310456));
#5394=CARTESIAN_POINT('',(-38.1345519785653,45.3575488456869,159.537090259023));
#5395=CARTESIAN_POINT('',(-38.4963299683045,48.8625545065634,160.339444864834));
#5396=CARTESIAN_POINT('',(-43.1380629386222,45.1774892197909,155.952387574266));
#5397=CARTESIAN_POINT('',(-43.1382044273118,45.1766176464286,159.536968848563));
#5398=CARTESIAN_POINT('',(-43.0306921620655,48.6985819950353,160.33932728982));
#5399=CARTESIAN_POINT('',(-47.9823086712169,45.9603835601738,155.952504499664));
#5400=CARTESIAN_POINT('',(-47.9823921080453,45.9594531753792,159.536993130629));
#5401=CARTESIAN_POINT('',(-47.4251505871297,49.4085522085666,160.339423514978));
#5402=CARTESIAN_POINT('',(-52.8265780202747,46.742641980454,155.952611623151));
#5403=CARTESIAN_POINT('',(-52.8265957371291,46.7417576409218,159.537187660471));
#5404=CARTESIAN_POINT('',(-51.8196100415544,50.118423209283,160.339529772247));
#5405=CARTESIAN_POINT('',(-57.5189116144388,48.4902586984996,155.952964450322));
#5406=CARTESIAN_POINT('',(-57.519066520276,48.4894369480724,159.537543477656));
#5407=CARTESIAN_POINT('',(-56.0718531136055,51.7021510992652,160.339849657816));
#5408=CARTESIAN_POINT('',(-61.6947421531725,51.0673921692373,155.953536033977));
#5409=CARTESIAN_POINT('',(-61.6948447376869,51.0664764926213,159.538023447862));
#5410=CARTESIAN_POINT('',(-59.8600329396222,54.0397666675066,160.340359203297));
#5411=CARTESIAN_POINT('',(-65.8709033866041,53.6439833045,155.954099844896));
#5412=CARTESIAN_POINT('',(-65.8708957898475,53.643066363878,159.538676958078));
#5413=CARTESIAN_POINT('',(-63.648263212498,56.3772984480645,160.340878944683));
#5414=CARTESIAN_POINT('',(-69.5372862233411,57.0542591835226,155.954880493101));
#5415=CARTESIAN_POINT('',(-69.5373619937793,57.0534217506612,159.539458215846));
#5416=CARTESIAN_POINT('',(-66.9707257426541,59.4676843975481,160.341587739978));
#5417=CARTESIAN_POINT('',(-72.4089882814096,61.0332443425507,155.95582340481));
#5418=CARTESIAN_POINT('',(-72.4090626349596,61.0322932064241,159.540310849342));
#5419=CARTESIAN_POINT('',(-69.5759737705854,63.0770186102287,160.342432398056));
#5420=CARTESIAN_POINT('',(-75.2812204266032,65.0118831300421,155.95675466119));
#5421=CARTESIAN_POINT('',(-75.2811958066133,65.010857297425,159.541332468245));
#5422=CARTESIAN_POINT('',(-72.1813009828342,66.6862937312892,160.34328704852));
#5423=CARTESIAN_POINT('',(-77.3633109778281,69.5652572174506,155.957845319372));
#5424=CARTESIAN_POINT('',(-77.3634147996815,69.5645387693266,159.542422139999));
#5425=CARTESIAN_POINT('',(-74.0682281521806,70.8129231654299,160.344276966518));
#5426=CARTESIAN_POINT('',(-78.4937867144101,74.3404121341706,155.95901737341));
#5427=CARTESIAN_POINT('',(-78.4938969160064,74.3395109691312,159.543505209714));
#5428=CARTESIAN_POINT('',(-75.0939268178736,75.1444475165252,160.345327392818));
#5429=CARTESIAN_POINT('',(-79.6248757020027,79.1154232345147,155.960171608623));
#5430=CARTESIAN_POINT('',(-79.6249019958709,79.1143512390295,159.544750219266));
#5431=CARTESIAN_POINT('',(-76.1197228616119,79.4759462483801,160.346387498226));
#5432=CARTESIAN_POINT('',(-79.8059689033652,84.1190321371095,155.961410019435));
#5433=CARTESIAN_POINT('',(-79.8060135831644,84.1183820592854,159.545986289444));
#5434=CARTESIAN_POINT('',(-76.2838592921509,84.0107583040976,160.347508035826));
#5435=CARTESIAN_POINT('',(-79.0230113237162,88.9633090358308,155.96262847853));
#5436=CARTESIAN_POINT('',(-79.0231093995376,88.9624913155898,159.547117125647));
#5437=CARTESIAN_POINT('',(-75.5738194459395,88.4050996205974,160.34860334502));
#5438=CARTESIAN_POINT('',(-78.2406741643464,93.8077063886137,155.963833018907));
#5439=CARTESIAN_POINT('',(-78.2407233103503,93.8067433135552,159.54841409657));
#5440=CARTESIAN_POINT('',(-74.8638752615654,92.7994735857298,160.349708531558));
#5441=CARTESIAN_POINT('',(-76.4932104589888,98.4999070047286,155.965031133249));
#5442=CARTESIAN_POINT('',(-76.4932327382847,98.4990998247146,159.549603645451));
#5443=CARTESIAN_POINT('',(-73.2803564211748,97.0516646075186,160.350788752704));
#5444=CARTESIAN_POINT('',(-73.916010759359,102.675403239782,155.966106738089));
#5445=CARTESIAN_POINT('',(-73.9160672994541,102.674590947718,159.550600298582));
#5446=CARTESIAN_POINT('',(-70.9425293771972,100.839688407955,160.351761660931));
#5447=CARTESIAN_POINT('',(-71.3390632348025,106.851705360177,155.967184066932));
#5448=CARTESIAN_POINT('',(-71.3390211610902,106.850865965192,159.55178068314));
#5449=CARTESIAN_POINT('',(-68.6046812332995,104.627928005483,160.352745281137));
#5450=CARTESIAN_POINT('',(-67.9296811269388,110.519570104815,155.968152319052));
#5451=CARTESIAN_POINT('',(-67.9298693925317,110.518583844266,159.552679389997));
#5452=CARTESIAN_POINT('',(-65.5155354394463,107.951516415401,160.353617580107));
#5453=CARTESIAN_POINT('',(-63.9497425309321,113.387973748015,155.968929423057));
#5454=CARTESIAN_POINT('',(-63.949790686453,113.387094962082,159.553477638715));
#5455=CARTESIAN_POINT('',(-61.9043770052785,110.554443750907,160.354324469496));
#5456=CARTESIAN_POINT('',(-20.053306301633,52.5759478897558,155.954614289479));
#5457=CARTESIAN_POINT('',(-20.2049326345445,52.4664995978035,155.954584607062));
#5458=CARTESIAN_POINT('',(-20.3573766236433,52.3581863838406,155.954555191872));
#5459=CARTESIAN_POINT('',(-21.3074817045527,51.693767801102,155.954374497743));
#5460=CARTESIAN_POINT('',(-22.1260785389626,51.1674935073052,155.95423025118));
#5461=CARTESIAN_POINT('',(-23.8015932762532,50.1802116397595,155.953957271158));
#5462=CARTESIAN_POINT('',(-24.6586128299093,49.7191446589605,155.953828521259));
#5463=CARTESIAN_POINT('',(-26.4057854149438,48.8650585899999,155.953587311511));
#5464=CARTESIAN_POINT('',(-27.2960441979524,48.4719878491702,155.953474837073));
#5465=CARTESIAN_POINT('',(-29.1043068100693,47.756263444833,155.953266856561));
#5466=CARTESIAN_POINT('',(-30.0224200732207,47.4335664701676,155.953171337901));
#5467=CARTESIAN_POINT('',(-31.8808353982669,46.8605328008009,155.952997844608));
#5468=CARTESIAN_POINT('',(-32.8212499253517,46.6101614283189,155.952919859475));
#5469=CARTESIAN_POINT('',(-34.7185773094328,46.1832844950849,155.952781902771));
#5470=CARTESIAN_POINT('',(-35.6756049869906,46.0067531010476,155.95272192285));
#5471=CARTESIAN_POINT('',(-37.6003684153204,45.7286148761696,155.952620337143));
#5472=CARTESIAN_POINT('',(-38.5682206467511,45.626991213277,155.95257872521));
#5473=CARTESIAN_POINT('',(-40.5087781573275,45.4992740200814,155.952514124978));
#5474=CARTESIAN_POINT('',(-41.4816008730149,45.4731727607287,155.952491132769));
#5475=CARTESIAN_POINT('',(-43.4262149731132,45.4966490987088,155.952463908735));
#5476=CARTESIAN_POINT('',(-44.3981240395324,45.5462281167569,155.952459675263));
#5477=CARTESIAN_POINT('',(-46.3350327000542,45.7207559889012,155.952469992074));
#5478=CARTESIAN_POINT('',(-47.3001495098647,45.8457154048833,155.952484542981));
#5479=CARTESIAN_POINT('',(-49.2176373082049,46.1702391766078,155.952532338266));
#5480=CARTESIAN_POINT('',(-50.1701243371496,46.3698231715223,155.952565585537));
#5481=CARTESIAN_POINT('',(-52.0565933180803,46.8423799556659,155.952650570198));
#5482=CARTESIAN_POINT('',(-52.9906894333183,47.1153813425658,155.952702312732));
#5483=CARTESIAN_POINT('',(-54.8347292594244,47.7331128719596,155.952823972712));
#5484=CARTESIAN_POINT('',(-55.7447845658652,48.0778803976506,155.95289389752));
#5485=CARTESIAN_POINT('',(-57.5352415331537,48.8370503133881,155.953051496968));
#5486=CARTESIAN_POINT('',(-58.4157515469028,49.2514986460426,155.953139181146));
#5487=CARTESIAN_POINT('',(-60.1417960481151,50.1475150968932,155.953331766843));
#5488=CARTESIAN_POINT('',(-60.9874349904414,50.6291374392264,155.953436680016));
#5489=CARTESIAN_POINT('',(-62.6386270181789,51.6565808555487,155.953663087081));
#5490=CARTESIAN_POINT('',(-63.4442800286093,52.202464107227,155.953784594674));
#5491=CARTESIAN_POINT('',(-65.0106323218231,53.3551199812976,155.954043453711));
#5492=CARTESIAN_POINT('',(-65.7714263953909,53.9619623588496,155.954180820821));
#5493=CARTESIAN_POINT('',(-67.2434648474981,55.2328588334102,155.954470566094));
#5494=CARTESIAN_POINT('',(-67.9547983092389,55.8969898411317,155.954622961792));
#5495=CARTESIAN_POINT('',(-69.3236192724222,57.2784398787899,155.95494184074));
#5496=CARTESIAN_POINT('',(-69.9811896106641,57.9958425097986,155.955108343288));
#5497=CARTESIAN_POINT('',(-71.2385137497119,59.4794903881912,155.9554544272));
#5498=CARTESIAN_POINT('',(-71.8383436398769,60.2458254213455,155.955634029508));
#5499=CARTESIAN_POINT('',(-72.976566009889,61.8226972728607,155.956005225093));
#5500=CARTESIAN_POINT('',(-73.5150273714226,62.633329518614,155.956196840834));
#5501=CARTESIAN_POINT('',(-74.527263416419,64.2938876089549,155.956590902912));
#5502=CARTESIAN_POINT('',(-75.0010993572693,65.1439139453705,155.956793373097));
#5503=CARTESIAN_POINT('',(-75.8812265515558,66.8781143627203,155.95720791816));
#5504=CARTESIAN_POINT('',(-76.2875710675593,67.7623933920837,155.957420018124));
#5505=CARTESIAN_POINT('',(-77.0302659478967,69.5597467978182,155.957852538786));
#5506=CARTESIAN_POINT('',(-77.3666612578233,70.4729299444453,155.958072985658));
#5507=CARTESIAN_POINT('',(-77.9674316225099,72.3225650181266,155.958520865849));
#5508=CARTESIAN_POINT('',(-78.2318430340281,73.2591288793584,155.958748326272));
#5509=CARTESIAN_POINT('',(-78.687055114027,75.149858074041,155.959208856945));
#5510=CARTESIAN_POINT('',(-78.8778833305314,76.1041378285598,155.959441955065));
#5511=CARTESIAN_POINT('',(-79.1847837683846,78.02452503885,155.959912350701));
#5512=CARTESIAN_POINT('',(-79.300874562396,78.9907487105003,155.960149676683));
#5513=CARTESIAN_POINT('',(-79.4576070659622,80.9291784440425,155.96062709211));
#5514=CARTESIAN_POINT('',(-79.4982582604818,81.9015018136891,155.960867210446));
#5515=CARTESIAN_POINT('',(-79.5038748307378,83.8462494476307,155.96134875797));
#5516=CARTESIAN_POINT('',(-79.4688405463714,84.8187914020227,155.9615902163));
#5517=CARTESIAN_POINT('',(-79.3233072114036,86.7580940996025,155.962072983288));
#5518=CARTESIAN_POINT('',(-79.2127993535757,87.7249722033745,155.962314321162));
#5519=CARTESIAN_POINT('',(-78.9169963740595,89.6471000615995,155.962795387606));
#5520=CARTESIAN_POINT('',(-78.731683351292,90.6024661372701,155.963035145289));
#5521=CARTESIAN_POINT('',(-78.287399896217,92.4957931354459,155.963511601441));
#5522=CARTESIAN_POINT('',(-78.0284025772523,93.4338686362309,155.963748328745));
#5523=CARTESIAN_POINT('',(-77.4383259021186,95.2869429561109,155.964217292772));
#5524=CARTESIAN_POINT('',(-77.1072108363423,96.2020539175105,155.964449557876));
#5525=CARTESIAN_POINT('',(-76.3749100292279,98.0036672097923,155.964908193201));
#5526=CARTESIAN_POINT('',(-75.9736799713062,98.8902785687455,155.965134591178));
#5527=CARTESIAN_POINT('',(-75.1035843652151,100.629533747065,155.965580123756));
#5528=CARTESIAN_POINT('',(-74.6346661615884,101.482282820707,155.965799285321));
#5529=CARTESIAN_POINT('',(-73.6320385434412,103.148659972584,155.966229020366));
#5530=CARTESIAN_POINT('',(-73.0982684529297,103.962388894973,155.966439619853));
#5531=CARTESIAN_POINT('',(-71.9691732320941,105.545808911813,155.966850958055));
#5532=CARTESIAN_POINT('',(-71.3737797729488,106.315595829752,155.967051721662));
#5533=CARTESIAN_POINT('',(-70.1250462975711,107.806481370501,155.967442175062));
#5534=CARTESIAN_POINT('',(-69.4716307128803,108.527670221201,155.967631888486));
#5535=CARTESIAN_POINT('',(-68.1108119699947,109.91700363242,155.967999095436));
#5536=CARTESIAN_POINT('',(-67.403326485799,110.58523229902,155.96817661119));
#5537=CARTESIAN_POINT('',(-65.9386533326785,111.864610129469,155.96851835059));
#5538=CARTESIAN_POINT('',(-65.1813772692175,112.47583706534,155.968682594998));
#5539=CARTESIAN_POINT('',(-64.2515732361994,113.168380028412,155.968869909603));
#5540=CARTESIAN_POINT('',(-64.1007660237244,113.27896049246,155.9688998585));
#5541=CARTESIAN_POINT('',(-63.9491389617867,113.388407465015,155.968929540603));
#5542=CARTESIAN_POINT('',(-20.0531388871267,52.5783883469105,146.100689882322));
#5543=CARTESIAN_POINT('',(-20.2047652200389,52.4689400549578,146.100660199904));
#5544=CARTESIAN_POINT('',(-20.3572092091383,52.3606268409948,146.100630784711));
#5545=CARTESIAN_POINT('',(-21.3073142900506,51.6962082582544,146.100450090565));
#5546=CARTESIAN_POINT('',(-22.1259111244577,51.1699339644578,146.100305843972));
#5547=CARTESIAN_POINT('',(-23.801425861744,50.1826520969127,146.10003286392));
#5548=CARTESIAN_POINT('',(-24.6584454153998,49.7215851161142,146.099904114022));
#5549=CARTESIAN_POINT('',(-26.4056180004346,48.8674990471534,146.099662904304));
#5550=CARTESIAN_POINT('',(-27.2958767834429,48.4744283063236,146.099550429895));
#5551=CARTESIAN_POINT('',(-29.1041393955597,47.7587039019865,146.099342449412));
#5552=CARTESIAN_POINT('',(-30.022252658711,47.4360069273211,146.099246930752));
#5553=CARTESIAN_POINT('',(-31.8806679837574,46.8629732579544,146.099073437459));
#5554=CARTESIAN_POINT('',(-32.821082510843,46.6126018854721,146.098995452327));
#5555=CARTESIAN_POINT('',(-34.718409894927,46.1857249522347,146.098857495593));
#5556=CARTESIAN_POINT('',(-35.675437572484,46.0091935581947,146.098797515643));
#5557=CARTESIAN_POINT('',(-37.6002010008079,45.7310553333175,146.098695929936));
#5558=CARTESIAN_POINT('',(-38.5680532322378,45.6294316704278,146.098654318032));
#5559=CARTESIAN_POINT('',(-40.5086107428172,45.501714477235,146.098589717829));
#5560=CARTESIAN_POINT('',(-41.4814334585053,45.4756132178822,146.09856672562));
#5561=CARTESIAN_POINT('',(-43.4260475586034,45.4990895558625,146.098539501587));
#5562=CARTESIAN_POINT('',(-44.3979566250231,45.5486685739105,146.098535268115));
#5563=CARTESIAN_POINT('',(-46.3348652855482,45.7231964460551,146.098545584926));
#5564=CARTESIAN_POINT('',(-47.2999820953621,45.8481558620373,146.098560135833));
#5565=CARTESIAN_POINT('',(-49.2174698937011,46.1726796337614,146.098607931118));
#5566=CARTESIAN_POINT('',(-50.1699569226425,46.3722636286759,146.098641178388));
#5567=CARTESIAN_POINT('',(-52.0564259035745,46.8448204128195,146.098726163021));
#5568=CARTESIAN_POINT('',(-52.9905220188167,47.1178217997199,146.098777905524));
#5569=CARTESIAN_POINT('',(-54.8345618449275,47.7355533291113,146.098899565505));
#5570=CARTESIAN_POINT('',(-55.7446171513674,48.0803208547992,146.098969490343));
#5571=CARTESIAN_POINT('',(-57.5350741186509,48.8394907705345,146.099127089821));
#5572=CARTESIAN_POINT('',(-58.4155841323998,49.2539391031919,146.099214773999));
#5573=CARTESIAN_POINT('',(-60.1416286336124,50.149955554044,146.099407359695));
#5574=CARTESIAN_POINT('',(-60.9872675759357,50.6315778963743,146.099512272868));
#5575=CARTESIAN_POINT('',(-62.6384596036672,51.6590213126946,146.099738679933));
#5576=CARTESIAN_POINT('',(-63.4441126140981,52.2049045643761,146.099860187526));
#5577=CARTESIAN_POINT('',(-65.0104649073157,53.3575604384495,146.100119046533));
#5578=CARTESIAN_POINT('',(-65.7712589808831,53.9644028159985,146.100256413614));
#5579=CARTESIAN_POINT('',(-67.2432974329868,55.2352992905564,146.100546158858));
#5580=CARTESIAN_POINT('',(-67.9546308947275,55.8994302982804,146.100698554555));
#5581=CARTESIAN_POINT('',(-69.3234518579122,57.280880335943,146.101017433503));
#5582=CARTESIAN_POINT('',(-69.9810221961545,57.9982829669523,146.101183936051));
#5583=CARTESIAN_POINT('',(-71.2383463352022,59.481930845345,146.101530019964));
#5584=CARTESIAN_POINT('',(-71.8381762253673,60.2482658784992,146.101709622271));
#5585=CARTESIAN_POINT('',(-72.9763985953793,61.8251377300146,146.102080817856));
#5586=CARTESIAN_POINT('',(-73.5148599569132,62.635769975768,146.102272433597));
#5587=CARTESIAN_POINT('',(-74.5270960019097,64.2963280661088,146.102666495675));
#5588=CARTESIAN_POINT('',(-75.0009319427601,65.1463544025244,146.10286896586));
#5589=CARTESIAN_POINT('',(-75.8810591370465,66.8805548198736,146.103283510922));
#5590=CARTESIAN_POINT('',(-76.2874036530502,67.764833849238,146.103495610886));
#5591=CARTESIAN_POINT('',(-77.0300985333919,69.5621872549734,146.103928131579));
#5592=CARTESIAN_POINT('',(-77.3664938433212,70.4753704015965,146.104148578481));
#5593=CARTESIAN_POINT('',(-77.9672642080058,72.3250054752687,146.104596458673));
#5594=CARTESIAN_POINT('',(-78.2316756195202,73.2615693364991,146.104823919065));
#5595=CARTESIAN_POINT('',(-78.6868876995173,75.1522985311872,146.105284449738));
#5596=CARTESIAN_POINT('',(-78.8777159160218,76.1065782857095,146.105517547888));
#5597=CARTESIAN_POINT('',(-79.184616353875,78.0269654960033,146.105987943553));
#5598=CARTESIAN_POINT('',(-79.3007071478863,78.993189167654,146.106225269535));
#5599=CARTESIAN_POINT('',(-79.4574396514528,80.9316189011958,146.106702684933));
#5600=CARTESIAN_POINT('',(-79.4980908459721,81.9039422708427,146.106942803239));
#5601=CARTESIAN_POINT('',(-79.5037074162282,83.848689904784,146.107424350763));
#5602=CARTESIAN_POINT('',(-79.4686731318619,84.8212318591763,146.107665809122));
#5603=CARTESIAN_POINT('',(-79.3231397968939,86.7605345567526,146.10814857614));
#5604=CARTESIAN_POINT('',(-79.2126319390662,87.7274126605218,146.108389914014));
#5605=CARTESIAN_POINT('',(-78.9168289595499,89.649540518744,146.108870980458));
#5606=CARTESIAN_POINT('',(-78.7315159367828,90.6049065944151,146.10911073814));
#5607=CARTESIAN_POINT('',(-78.2872324817076,92.4982335925944,146.109587194292));
#5608=CARTESIAN_POINT('',(-78.0282351627426,93.4363090933828,146.109823921596));
#5609=CARTESIAN_POINT('',(-77.4381584876093,95.2893834132649,146.110292885594));
#5610=CARTESIAN_POINT('',(-77.1070434218324,96.2044943746655,146.110525150669));
#5611=CARTESIAN_POINT('',(-76.3747426147148,98.0061076669721,146.110983785995));
#5612=CARTESIAN_POINT('',(-75.9735125567936,98.8927190259415,146.111210184003));
#5613=CARTESIAN_POINT('',(-75.103416950712,100.631974204231,146.11165571658));
#5614=CARTESIAN_POINT('',(-74.6344987470877,101.48472327784,146.111874878112));
#5615=CARTESIAN_POINT('',(-73.6318711289358,103.1511004297,146.112304613126));
#5616=CARTESIAN_POINT('',(-73.0981010384234,103.964829352095,146.112515212615));
#5617=CARTESIAN_POINT('',(-71.9690058175787,105.548249368975,146.11292655082));
#5618=CARTESIAN_POINT('',(-71.3736123584314,106.318036286943,146.113127314429));
#5619=CARTESIAN_POINT('',(-70.1248788830752,107.808921827667,146.113517767827));
#5620=CARTESIAN_POINT('',(-69.471463298393,108.530110678333,146.113707481247));
#5621=CARTESIAN_POINT('',(-68.1106445554976,109.919444089532,146.114074688195));
#5622=CARTESIAN_POINT('',(-67.403159071295,110.587672756134,146.114252203951));
#5623=CARTESIAN_POINT('',(-65.9384859181685,111.867050586586,146.114593943381));
#5624=CARTESIAN_POINT('',(-65.181209854707,112.478277522458,146.114758187816));
#5625=CARTESIAN_POINT('',(-64.2514058216894,113.170820485531,146.114945502436));
#5626=CARTESIAN_POINT('',(-64.1005986092129,113.28140094958,146.114975451337));
#5627=CARTESIAN_POINT('',(-63.9489715472737,113.390847922137,146.115005133441));
#5628=CARTESIAN_POINT('',(-20.0529714726257,52.5808288040554,136.246765475094));
#5629=CARTESIAN_POINT('',(-20.2045978055373,52.4713805121024,136.246735792677));
#5630=CARTESIAN_POINT('',(-20.3570417946359,52.3630672981389,136.246706377486));
#5631=CARTESIAN_POINT('',(-21.3071468755424,51.6986487153985,136.246525683358));
#5632=CARTESIAN_POINT('',(-22.1257437099479,51.1723744216025,136.246381436794));
#5633=CARTESIAN_POINT('',(-23.8012584472357,50.1850925540586,136.246108456772));
#5634=CARTESIAN_POINT('',(-24.6582780008953,49.724025573259,136.245979706874));
#5635=CARTESIAN_POINT('',(-26.4054505859322,48.8699395042975,136.245738497127));
#5636=CARTESIAN_POINT('',(-27.2957093689378,48.4768687634676,136.245626022688));
#5637=CARTESIAN_POINT('',(-29.1039719810503,47.7611443591312,136.245418042176));
#5638=CARTESIAN_POINT('',(-30.0220852442011,47.4384473844658,136.245322523515));
#5639=CARTESIAN_POINT('',(-31.8805005692499,46.8654137150992,136.245149030222));
#5640=CARTESIAN_POINT('',(-32.8209150963381,46.6150423426172,136.245071045091));
#5641=CARTESIAN_POINT('',(-34.7182424804207,46.1881654093828,136.244933088386));
#5642=CARTESIAN_POINT('',(-35.6752701579752,46.0116340153456,136.244873108466));
#5643=CARTESIAN_POINT('',(-37.6000335863014,45.7334957904676,136.244771522759));
#5644=CARTESIAN_POINT('',(-38.567885817732,45.6318721275752,136.244729910826));
#5645=CARTESIAN_POINT('',(-40.5084433283084,45.5041549343795,136.244665310592));
#5646=CARTESIAN_POINT('',(-41.4812660439949,45.4780536750268,136.244642318384));
#5647=CARTESIAN_POINT('',(-43.4258801440935,45.5015300130099,136.24461509435));
#5648=CARTESIAN_POINT('',(-44.397789210516,45.551109031061,136.244610860878));
#5649=CARTESIAN_POINT('',(-46.3346978710439,45.7256369032086,136.244621177688));
#5650=CARTESIAN_POINT('',(-47.2998146808556,45.8505963191908,136.244635728596));
#5651=CARTESIAN_POINT('',(-49.2173024791951,46.1751200909128,136.244683523882));
#5652=CARTESIAN_POINT('',(-50.1697895081364,46.3747040858242,136.244716771152));
#5653=CARTESIAN_POINT('',(-52.0562584890657,46.8472608699645,136.244801755813));
#5654=CARTESIAN_POINT('',(-52.9903546043065,47.1202622568642,136.244853498347));
#5655=CARTESIAN_POINT('',(-54.834394430415,47.7379937862578,136.244975158328));
#5656=CARTESIAN_POINT('',(-55.7444497368553,48.0827613119487,136.245045083136));
#5657=CARTESIAN_POINT('',(-57.534906704144,48.8419312276862,136.245202682585));
#5658=CARTESIAN_POINT('',(-58.415416717893,49.2563795603406,136.245290366762));
#5659=CARTESIAN_POINT('',(-60.1414612191054,50.1523960111914,136.245482952459));
#5660=CARTESIAN_POINT('',(-60.9871001614316,50.6340183535246,136.245587865632));
#5661=CARTESIAN_POINT('',(-62.6382921891693,51.661461769847,136.245814272697));
#5662=CARTESIAN_POINT('',(-63.4439451995994,52.2073450215248,136.245935780289));
#5663=CARTESIAN_POINT('',(-65.0102974928084,53.3600008955944,136.246194639327));
#5664=CARTESIAN_POINT('',(-65.7710915663731,53.9668432731462,136.246332006437));
#5665=CARTESIAN_POINT('',(-67.2431300184787,55.2377397477081,136.246621751709));
#5666=CARTESIAN_POINT('',(-67.9544634802195,55.9018707554295,136.246774147407));
#5667=CARTESIAN_POINT('',(-69.3232844434011,57.2833207930892,136.247093026355));
#5668=CARTESIAN_POINT('',(-69.9808547816434,58.0007234241009,136.247259528904));
#5669=CARTESIAN_POINT('',(-71.2381789206925,59.4843713024984,136.247605612815));
#5670=CARTESIAN_POINT('',(-71.8380088108578,60.2507063356531,136.247785215123));
#5671=CARTESIAN_POINT('',(-72.97623118087,61.8275781871682,136.248156410708));
#5672=CARTESIAN_POINT('',(-73.514692542404,62.6382104329224,136.248348026449));
#5673=CARTESIAN_POINT('',(-74.5269285874057,64.2987685232639,136.248742088527));
#5674=CARTESIAN_POINT('',(-75.0007645282586,65.1487948596758,136.248944558712));
#5675=CARTESIAN_POINT('',(-75.8808917225417,66.8829952770164,136.249359103775));
#5676=CARTESIAN_POINT('',(-76.2872362385424,67.767274306379,136.249571203738));
#5677=CARTESIAN_POINT('',(-77.0299311188819,69.5646277121187,136.250003724401));
#5678=CARTESIAN_POINT('',(-77.3663264288112,70.4778108587463,136.250224171274));
#5679=CARTESIAN_POINT('',(-77.967096793496,72.3274459324218,136.250672051466));
#5680=CARTESIAN_POINT('',(-78.2315082050113,73.2640097936531,136.250899511888));
#5681=CARTESIAN_POINT('',(-78.6867202850075,75.1547389883383,136.251360042561));
#5682=CARTESIAN_POINT('',(-78.8775485015123,76.1090187428581,136.251593140681));
#5683=CARTESIAN_POINT('',(-79.1844489393653,78.029405953148,136.252063536316));
#5684=CARTESIAN_POINT('',(-79.300539733377,78.9956296247984,136.252300862299));
#5685=CARTESIAN_POINT('',(-79.4572722369429,80.9340593583407,136.252778277725));
#5686=CARTESIAN_POINT('',(-79.4979234314626,81.9063827279873,136.253018396062));
#5687=CARTESIAN_POINT('',(-79.5035400017185,83.8511303619289,136.253499943586));
#5688=CARTESIAN_POINT('',(-79.4685057173524,84.8236723163209,136.253741401915));
#5689=CARTESIAN_POINT('',(-79.3229723823844,86.7629750139005,136.254224168903));
#5690=CARTESIAN_POINT('',(-79.2124645245566,87.7298531176735,136.254465506777));
#5691=CARTESIAN_POINT('',(-78.9166615450431,89.6519809759013,136.254946573221));
#5692=CARTESIAN_POINT('',(-78.7313485222783,90.6073470515723,136.255186330903));
#5693=CARTESIAN_POINT('',(-78.287065067207,92.5006740497489,136.255662787056));
#5694=CARTESIAN_POINT('',(-78.0280677482427,93.4387495505358,136.255899514359));
#5695=CARTESIAN_POINT('',(-77.4379910731067,95.2918238704151,136.256368478387));
#5696=CARTESIAN_POINT('',(-77.1068760073276,96.2069348318148,136.256600743491));
#5697=CARTESIAN_POINT('',(-76.3745752002079,98.0085481241084,136.257059378818));
#5698=CARTESIAN_POINT('',(-75.9733451422855,98.8951594830693,136.257285776796));
#5699=CARTESIAN_POINT('',(-75.1032495361954,100.634414661393,136.257731309373));
#5700=CARTESIAN_POINT('',(-74.6343313325705,101.487163735031,136.257950470934));
#5701=CARTESIAN_POINT('',(-73.6317037144344,103.153540886865,136.258380205978));
#5702=CARTESIAN_POINT('',(-73.0979336239256,103.967269809225,136.258590805466));
#5703=CARTESIAN_POINT('',(-71.9688384030738,105.550689826091,136.259002143671));
#5704=CARTESIAN_POINT('',(-71.373444943924,106.320476744065,136.259202907282));
#5705=CARTESIAN_POINT('',(-70.1247114685574,107.811362284831,136.259593360682));
#5706=CARTESIAN_POINT('',(-69.4712958838737,108.532551135524,136.259783074101));
#5707=CARTESIAN_POINT('',(-68.1104771410033,109.921884546694,136.260150281046));
#5708=CARTESIAN_POINT('',(-67.4029916568026,110.590113213267,136.260327796801));
#5709=CARTESIAN_POINT('',(-65.938318503642,111.869491043749,136.260669536201));
#5710=CARTESIAN_POINT('',(-65.1810424401737,112.480717979654,136.260833780607));
#5711=CARTESIAN_POINT('',(-64.2512384071671,113.173260942736,136.261021095212));
#5712=CARTESIAN_POINT('',(-64.1004311946938,113.283841406785,136.261051044109));
#5713=CARTESIAN_POINT('',(-63.9488041327576,113.393288379341,136.261080726212));
#5714=CARTESIAN_POINT('',(-20.0528040581138,52.5832692612071,126.392841067937));
#5715=CARTESIAN_POINT('',(-20.2044303910252,52.4738209692546,126.392811385519));
#5716=CARTESIAN_POINT('',(-20.356874380124,52.3655077552915,126.392781970327));
#5717=CARTESIAN_POINT('',(-21.3069794610321,51.7010891725523,126.392601276181));
#5718=CARTESIAN_POINT('',(-22.1255762954382,51.1748148787561,126.392457029588));
#5719=CARTESIAN_POINT('',(-23.8010910327262,50.1875330112119,126.392184049537));
#5720=CARTESIAN_POINT('',(-24.6581105863858,49.7264660304127,126.392055299638));
#5721=CARTESIAN_POINT('',(-26.4052831714229,48.8723799614509,126.39181408992));
#5722=CARTESIAN_POINT('',(-27.2955419544283,48.4793092206211,126.391701615511));
#5723=CARTESIAN_POINT('',(-29.1038045665407,47.7635848162846,126.391493635029));
#5724=CARTESIAN_POINT('',(-30.0219178296915,47.4408878416193,126.391398116369));
#5725=CARTESIAN_POINT('',(-31.8803331547403,46.8678541722528,126.391224623075));
#5726=CARTESIAN_POINT('',(-32.8207476818292,46.6174827997705,126.391146637943));
#5727=CARTESIAN_POINT('',(-34.7180750659172,46.1906058665328,126.391008681209));
#5728=CARTESIAN_POINT('',(-35.6751027434742,46.0140744724928,126.390948701258));
#5729=CARTESIAN_POINT('',(-37.5998661717981,45.7359362476156,126.390847115552));
#5730=CARTESIAN_POINT('',(-38.5677184032281,45.6343125847259,126.390805503648));
#5731=CARTESIAN_POINT('',(-40.5082759138044,45.506595391533,126.390740903446));
#5732=CARTESIAN_POINT('',(-41.4810986294891,45.4804941321803,126.390717911237));
#5733=CARTESIAN_POINT('',(-43.4257127295876,45.5039704701606,126.390690687203));
#5734=CARTESIAN_POINT('',(-44.3976217960103,45.5535494882088,126.39068645373));
#5735=CARTESIAN_POINT('',(-46.3345304565353,45.7280773603533,126.39069677054));
#5736=CARTESIAN_POINT('',(-47.2996472663455,45.8530367763355,126.390711321447));
#5737=CARTESIAN_POINT('',(-49.2171350646819,46.1775605480596,126.390759116733));
#5738=CARTESIAN_POINT('',(-50.1696220936233,46.377144542974,126.390792364004));
#5739=CARTESIAN_POINT('',(-52.0560910745554,46.8497013271177,126.390877348637));
#5740=CARTESIAN_POINT('',(-52.9901871897976,47.1227027140179,126.390929091141));
#5741=CARTESIAN_POINT('',(-54.8342270159085,47.7404342434094,126.391050751121));
#5742=CARTESIAN_POINT('',(-55.7442823223482,48.0852017690973,126.391120675959));
#5743=CARTESIAN_POINT('',(-57.5347392896318,48.8443716848327,126.391278275437));
#5744=CARTESIAN_POINT('',(-58.4152493033804,49.2588200174898,126.391365959615));
#5745=CARTESIAN_POINT('',(-60.1412938045952,50.1548364683446,126.391558545311));
#5746=CARTESIAN_POINT('',(-60.9869327469223,50.6364588106783,126.391663458485));
#5747=CARTESIAN_POINT('',(-62.6381247746602,51.6639022270007,126.39188986555));
#5748=CARTESIAN_POINT('',(-63.4437777850905,52.2097854786788,126.392011373142));
#5749=CARTESIAN_POINT('',(-65.0101300783039,53.3624413527492,126.39227023215));
#5750=CARTESIAN_POINT('',(-65.7709241518714,53.9692837303014,126.39240759923));
#5751=CARTESIAN_POINT('',(-67.2429626039788,55.2401802048623,126.392697344472));
#5752=CARTESIAN_POINT('',(-67.9542960657192,55.9043112125832,126.39284974017));
#5753=CARTESIAN_POINT('',(-69.3231170288977,57.2857612502395,126.393168619118));
#5754=CARTESIAN_POINT('',(-69.9806873671368,58.0031638812486,126.393335121666));
#5755=CARTESIAN_POINT('',(-71.2380115061877,59.4868117596451,126.393681205578));
#5756=CARTESIAN_POINT('',(-71.8378413963558,60.2531467927997,126.393860807885));
#5757=CARTESIAN_POINT('',(-72.976063766365,61.8300186443108,126.39423200347));
#5758=CARTESIAN_POINT('',(-73.5145251278956,62.6406508900639,126.394423619211));
#5759=CARTESIAN_POINT('',(-74.5267611728951,64.3012089804093,126.394817681291));
#5760=CARTESIAN_POINT('',(-75.0005971137488,65.1512353168256,126.395020151476));
#5761=CARTESIAN_POINT('',(-75.880724308037,66.8854357341725,126.395434696538));
#5762=CARTESIAN_POINT('',(-76.2870688240401,67.7697147635354,126.395646796502));
#5763=CARTESIAN_POINT('',(-77.0297637043778,69.567068169268,126.396079317194));
#5764=CARTESIAN_POINT('',(-77.3661590143038,70.4802513158911,126.396299764097));
#5765=CARTESIAN_POINT('',(-77.966929378986,72.329886389568,126.396747644288));
#5766=CARTESIAN_POINT('',(-78.2313407905012,73.2664502508028,126.396975104681));
#5767=CARTESIAN_POINT('',(-78.686552870498,75.1571794454921,126.397435635354));
#5768=CARTESIAN_POINT('',(-78.8773810870026,76.1114592000116,126.397668733504));
#5769=CARTESIAN_POINT('',(-79.1842815248557,78.0318464103015,126.398139129169));
#5770=CARTESIAN_POINT('',(-79.3003723188671,78.998070081952,126.398376455151));
#5771=CARTESIAN_POINT('',(-79.4571048224334,80.936499815494,126.398853870548));
#5772=CARTESIAN_POINT('',(-79.4977560169531,81.9088231851415,126.399093988855));
#5773=CARTESIAN_POINT('',(-79.503372587212,83.8535708190861,126.399575536378));
#5774=CARTESIAN_POINT('',(-79.4683383028487,84.8261127734781,126.399816994737));
#5775=CARTESIAN_POINT('',(-79.3228049678839,86.7654154710516,126.400299761754));
#5776=CARTESIAN_POINT('',(-79.2122971100563,87.7322935748197,126.400541099628));
#5777=CARTESIAN_POINT('',(-78.9164941305401,89.654421433046,126.401022166073));
#5778=CARTESIAN_POINT('',(-78.7311811077728,90.6097875087201,126.401261923756));
#5779=CARTESIAN_POINT('',(-78.2868976526981,92.5031145068984,126.401738379909));
#5780=CARTESIAN_POINT('',(-78.0279003337336,93.4411900076823,126.401975107213));
#5781=CARTESIAN_POINT('',(-77.4378236585976,95.2942643275592,126.402444071211));
#5782=CARTESIAN_POINT('',(-77.1067085928176,96.2093752889611,126.402676336285));
#5783=CARTESIAN_POINT('',(-76.3744077856942,98.0109885812835,126.40313497161));
#5784=CARTESIAN_POINT('',(-75.9731777277717,98.8975999402642,126.403361369616));
#5785=CARTESIAN_POINT('',(-75.1030821216938,100.636855118562,126.403806902194));
#5786=CARTESIAN_POINT('',(-74.6341639180734,101.489604192169,126.404026063728));
#5787=CARTESIAN_POINT('',(-73.6315362999245,103.155981344024,126.404455798742));
#5788=CARTESIAN_POINT('',(-73.097766209411,103.969710266415,126.404666398227));
#5789=CARTESIAN_POINT('',(-71.9686709885749,105.553130283253,126.405077736431));
#5790=CARTESIAN_POINT('',(-71.3732775294296,106.322917201193,126.405278500044));
#5791=CARTESIAN_POINT('',(-70.1245440540512,107.813802741944,126.405668953447));
#5792=CARTESIAN_POINT('',(-69.4711284693607,108.534991592646,126.405858666869));
#5793=CARTESIAN_POINT('',(-68.110309726475,109.924325003862,126.406225873812));
#5794=CARTESIAN_POINT('',(-67.4028242422763,110.592553670459,126.406403389562));
#5795=CARTESIAN_POINT('',(-65.938151089149,111.871931500912,126.406745128991));
#5796=CARTESIAN_POINT('',(-65.1808750256872,112.483158436785,126.406909373432));
#5797=CARTESIAN_POINT('',(-64.2510709926698,113.175701399858,126.407096688057));
#5798=CARTESIAN_POINT('',(-64.100263780195,113.286281863906,126.407126636957));
#5799=CARTESIAN_POINT('',(-63.9486367182576,113.395728836461,126.407156319062));
#5800=CARTESIAN_POINT('',(-63.9491389617867,113.38840746503,155.968929540603));
#5801=CARTESIAN_POINT('',(-63.7975126104212,113.497855770726,155.968959223023));
#5802=CARTESIAN_POINT('',(-63.645068602664,113.606168998155,155.968988638217));
#5803=CARTESIAN_POINT('',(-62.6949635029057,114.27058759406,155.969169332346));
#5804=CARTESIAN_POINT('',(-61.8763666684921,114.796861887839,155.969313578906));
#5805=CARTESIAN_POINT('',(-60.2008519311698,115.784143755403,155.969586558928));
#5806=CARTESIAN_POINT('',(-59.3438323775128,116.245210736222,155.96971530883));
#5807=CARTESIAN_POINT('',(-57.5966597925136,117.099296805164,155.969956518578));
#5808=CARTESIAN_POINT('',(-56.7064010095077,117.492367545971,155.970068993012));
#5809=CARTESIAN_POINT('',(-54.898138397369,118.208091950305,155.970276973524));
#5810=CARTESIAN_POINT('',(-53.9800251342229,118.530788924979,155.970372492188));
#5811=CARTESIAN_POINT('',(-52.1216098091987,119.103822594338,155.970545985481));
#5812=CARTESIAN_POINT('',(-51.1811952821063,119.354193966811,155.970623970609));
#5813=CARTESIAN_POINT('',(-49.2838678979964,119.781070900049,155.970761927309));
#5814=CARTESIAN_POINT('',(-48.3268402204357,119.957602294096,155.97082190723));
#5815=CARTESIAN_POINT('',(-46.402076792114,120.235740518984,155.970923492941));
#5816=CARTESIAN_POINT('',(-45.4342245606857,120.337364181878,155.970965104879));
#5817=CARTESIAN_POINT('',(-43.4936670501111,120.465081375075,155.971029705118));
#5818=CARTESIAN_POINT('',(-42.5208443344264,120.491182634428,155.971052697328));
#5819=CARTESIAN_POINT('',(-40.5762302343361,120.467706296439,155.971079921358));
#5820=CARTESIAN_POINT('',(-39.6043211679138,120.418127278384,155.971084154824));
#5821=CARTESIAN_POINT('',(-37.6674125073728,120.243599406241,155.971073838011));
#5822=CARTESIAN_POINT('',(-36.7022956975581,120.118639990269,155.971059287108));
#5823=CARTESIAN_POINT('',(-34.7848078992199,119.794116218566,155.971011491828));
#5824=CARTESIAN_POINT('',(-33.8323208702819,119.594532223662,155.970978244557));
#5825=CARTESIAN_POINT('',(-31.9458518893687,119.121975439518,155.970893259891));
#5826=CARTESIAN_POINT('',(-31.0117557741287,118.848974052603,155.970841517353));
#5827=CARTESIAN_POINT('',(-29.1677159480201,118.231242523187,155.970719857368));
#5828=CARTESIAN_POINT('',(-28.257660641585,117.886474997492,155.97064993256));
#5829=CARTESIAN_POINT('',(-26.4672036742965,117.127305081752,155.970492333111));
#5830=CARTESIAN_POINT('',(-25.586693660541,116.712856749098,155.970404648934));
#5831=CARTESIAN_POINT('',(-23.8606491593066,115.81684029826,155.970212063242));
#5832=CARTESIAN_POINT('',(-23.01501021698,115.335217955947,155.970107150072));
#5833=CARTESIAN_POINT('',(-21.3638181892739,114.307774539637,155.969880743007));
#5834=CARTESIAN_POINT('',(-20.5581651788478,113.761891287936,155.969759235411));
#5835=CARTESIAN_POINT('',(-18.9918128856147,112.60923541383,155.96950037637));
#5836=CARTESIAN_POINT('',(-18.2310188120437,112.002393036282,155.96936300926));
#5837=CARTESIAN_POINT('',(-16.7589803599422,110.731496561729,155.969073263988));
#5838=CARTESIAN_POINT('',(-16.0476468981998,110.067365554003,155.968920868291));
#5839=CARTESIAN_POINT('',(-14.6788259350116,108.685915516351,155.968601989346));
#5840=CARTESIAN_POINT('',(-14.0212555967741,107.968512885361,155.968435486801));
#5841=CARTESIAN_POINT('',(-12.7639314577338,106.484865006988,155.968089402892));
#5842=CARTESIAN_POINT('',(-12.1641015675674,105.71852997383,155.967909800584));
#5843=CARTESIAN_POINT('',(-11.0258791975536,104.1416581223,155.967538604996));
#5844=CARTESIAN_POINT('',(-10.4874178360187,103.331025876535,155.967346989253));
#5845=CARTESIAN_POINT('',(-9.47518179102194,101.670467786181,155.966952927172));
#5846=CARTESIAN_POINT('',(-9.0013458501726,100.820441449767,155.966750456987));
#5847=CARTESIAN_POINT('',(-8.12121865588659,99.0862410324298,155.966335911927));
#5848=CARTESIAN_POINT('',(-7.71487413988417,98.2019620030788,155.966123811964));
#5849=CARTESIAN_POINT('',(-6.97217925954427,96.4046085973519,155.965691291303));
#5850=CARTESIAN_POINT('',(-6.63578394961435,95.491425450718,155.965470844429));
#5851=CARTESIAN_POINT('',(-6.03501358492772,93.6417903770341,155.965022964238));
#5852=CARTESIAN_POINT('',(-5.77060217341197,92.7052265158066,155.964795503816));
#5853=CARTESIAN_POINT('',(-5.31539009341583,90.8144973211276,155.964334973144));
#5854=CARTESIAN_POINT('',(-5.12456187691198,89.8602175666086,155.964101875023));
#5855=CARTESIAN_POINT('',(-4.81766143905907,87.9398303563177,155.96363147939));
#5856=CARTESIAN_POINT('',(-4.70157064504724,86.9736066846673,155.963394153409));
#5857=CARTESIAN_POINT('',(-4.54483814148146,85.0351769511232,155.962916737982));
#5858=CARTESIAN_POINT('',(-4.50418694696241,84.062853581473,155.962676619644));
#5859=CARTESIAN_POINT('',(-4.49857037670584,82.1181059475294,155.962195072118));
#5860=CARTESIAN_POINT('',(-4.53360466107087,81.1455639931408,155.961953613789));
#5861=CARTESIAN_POINT('',(-4.67913799603798,79.206261295561,155.961470846801));
#5862=CARTESIAN_POINT('',(-4.78964585386624,78.2393831917847,155.961229508927));
#5863=CARTESIAN_POINT('',(-5.08544883338173,76.3172553335632,155.960748442483));
#5864=CARTESIAN_POINT('',(-5.270761856147,75.3618892579005,155.9605086848));
#5865=CARTESIAN_POINT('',(-5.71504531121902,73.46856225973,155.960032228647));
#5866=CARTESIAN_POINT('',(-5.97404263018402,72.5304867589424,155.959795501344));
#5867=CARTESIAN_POINT('',(-6.5641193053211,70.6774124390532,155.959326537317));
#5868=CARTESIAN_POINT('',(-6.89523437110204,69.7623014776448,155.959094272213));
#5869=CARTESIAN_POINT('',(-7.62753517822252,67.9606881853405,155.958635636886));
#5870=CARTESIAN_POINT('',(-8.02876523614237,67.0740768263791,155.958409238908));
#5871=CARTESIAN_POINT('',(-8.89886084222544,65.3348216480762,155.95796370633));
#5872=CARTESIAN_POINT('',(-9.36777904584953,64.482072574452,155.957744544768));
#5873=CARTESIAN_POINT('',(-10.3704066639957,62.8156954225984,155.957314809725));
#5874=CARTESIAN_POINT('',(-10.9041767545079,62.001966500216,155.957104210237));
#5875=CARTESIAN_POINT('',(-12.0332719753507,60.4185464833609,155.956692872034));
#5876=CARTESIAN_POINT('',(-12.6286654344971,59.6487595654057,155.956492108424));
#5877=CARTESIAN_POINT('',(-13.8773989098672,58.1578740246566,155.956101655023));
#5878=CARTESIAN_POINT('',(-14.5308144945543,57.4366851739648,155.955911941602));
#5879=CARTESIAN_POINT('',(-15.8916332374399,56.0473517627669,155.955544734655));
#5880=CARTESIAN_POINT('',(-16.599118721643,55.379123096176,155.955367218902));
#5881=CARTESIAN_POINT('',(-18.0637918747783,54.0997452657199,155.955025479503));
#5882=CARTESIAN_POINT('',(-18.8210679382364,53.4885183298426,155.954861235095));
#5883=CARTESIAN_POINT('',(-19.7508719897033,52.7959753530198,155.954673920486));
#5884=CARTESIAN_POINT('',(-19.9016792208406,52.6853948755005,155.954643971585));
#5885=CARTESIAN_POINT('',(-20.0533063016407,52.5759478897531,155.954614289478));
#5886=CARTESIAN_POINT('',(-63.9489715472677,113.390847922161,146.115005133399));
#5887=CARTESIAN_POINT('',(-63.7973451959,113.50029622786,146.11503481582));
#5888=CARTESIAN_POINT('',(-63.6449011881411,113.608609455292,146.115064231017));
#5889=CARTESIAN_POINT('',(-62.6947960883699,114.273028051224,146.115244925165));
#5890=CARTESIAN_POINT('',(-61.87619925396,114.799302345029,146.115389171757));
#5891=CARTESIAN_POINT('',(-60.2006845166832,115.786584212567,146.115662151809));
#5892=CARTESIAN_POINT('',(-59.3436649630278,116.247651193356,146.115790901709));
#5893=CARTESIAN_POINT('',(-57.5964923779794,117.101737262322,146.116032111427));
#5894=CARTESIAN_POINT('',(-56.7062335949715,117.494808003158,146.116144585834));
#5895=CARTESIAN_POINT('',(-54.8979709828843,118.210532407473,146.116352566314));
#5896=CARTESIAN_POINT('',(-53.9798577197401,118.533229382119,146.116448084973));
#5897=CARTESIAN_POINT('',(-52.1214423946623,119.106263051495,146.116621578266));
#5898=CARTESIAN_POINT('',(-51.181027867562,119.356634423997,146.116699563399));
#5899=CARTESIAN_POINT('',(-49.2837004834796,119.783511357258,146.116837520135));
#5900=CARTESIAN_POINT('',(-48.3266728059333,119.960042751302,146.116897500085));
#5901=CARTESIAN_POINT('',(-46.4019093776408,120.238180976157,146.116999085791));
#5902=CARTESIAN_POINT('',(-45.4340571462129,120.339804639024,146.117040697693));
#5903=CARTESIAN_POINT('',(-43.4934996356118,120.467521832194,146.117105297926));
#5904=CARTESIAN_POINT('',(-42.5206769199158,120.493623091547,146.117128290166));
#5905=CARTESIAN_POINT('',(-40.576062819796,120.470146753587,146.117155514201));
#5906=CARTESIAN_POINT('',(-39.6041537533778,120.42056773556,146.117159747644));
#5907=CARTESIAN_POINT('',(-37.6672450928921,120.246039863422,146.117149430802));
#5908=CARTESIAN_POINT('',(-36.7021282830847,120.121080447423,146.117134879892));
#5909=CARTESIAN_POINT('',(-34.7846404847224,119.796556675685,146.117087084609));
#5910=CARTESIAN_POINT('',(-33.8321534557731,119.596972680778,146.117053837341));
#5911=CARTESIAN_POINT('',(-31.9456844748292,119.124415896654,146.11696885271));
#5912=CARTESIAN_POINT('',(-31.0115883595863,118.851414509769,146.116917110205));
#5913=CARTESIAN_POINT('',(-29.1675485335038,118.233682980392,146.116795450223));
#5914=CARTESIAN_POINT('',(-28.2574932270753,117.8889154547,146.116725525385));
#5915=CARTESIAN_POINT('',(-26.4670362597869,117.12974553896,146.116567925907));
#5916=CARTESIAN_POINT('',(-25.5865262460379,116.715297206309,146.116480241729));
#5917=CARTESIAN_POINT('',(-23.8604817448265,115.819280755453,146.116287656034));
#5918=CARTESIAN_POINT('',(-23.0148428024924,115.337658413107,146.116182742862));
#5919=CARTESIAN_POINT('',(-21.3636507747422,114.31021499677,146.115956335797));
#5920=CARTESIAN_POINT('',(-20.5579977643129,113.764331745095,146.115834828203));
#5921=CARTESIAN_POINT('',(-18.9916454711009,112.611675871034,146.115575969194));
#5922=CARTESIAN_POINT('',(-18.2308513975344,112.00483349349,146.115438602114));
#5923=CARTESIAN_POINT('',(-16.7588129454329,110.733937018937,146.115148856872));
#5924=CARTESIAN_POINT('',(-16.0474794836948,110.069806011215,146.114996461174));
#5925=CARTESIAN_POINT('',(-14.6786585205205,108.688355973548,146.114677582227));
#5926=CARTESIAN_POINT('',(-14.0210881822809,107.970953342526,146.114511079679));
#5927=CARTESIAN_POINT('',(-12.7637640432263,106.487305464108,146.114164995766));
#5928=CARTESIAN_POINT('',(-12.1639341530545,105.720970430944,146.113985393457));
#5929=CARTESIAN_POINT('',(-11.0257117830326,104.144098579432,146.113614197872));
#5930=CARTESIAN_POINT('',(-10.4872504214996,103.333466333697,146.113422582131));
#5931=CARTESIAN_POINT('',(-9.47501437651231,101.672908243387,146.113028520054));
#5932=CARTESIAN_POINT('',(-9.00117843566611,100.822881906977,146.112826049867));
#5933=CARTESIAN_POINT('',(-8.12105124138346,99.0886814896268,146.112411504806));
#5934=CARTESIAN_POINT('',(-7.71470672537964,98.2044024602531,146.112199404841));
#5935=CARTESIAN_POINT('',(-6.97201184503562,96.4070490545,146.11176688415));
#5936=CARTESIAN_POINT('',(-6.63561653510549,95.4938659078674,146.111546437247));
#5937=CARTESIAN_POINT('',(-6.03484617041978,93.6442308341857,146.111098557056));
#5938=CARTESIAN_POINT('',(-5.77043475890426,92.7076669729554,146.110871096662));
#5939=CARTESIAN_POINT('',(-5.31522267890813,90.8169377782723,146.11041056599));
#5940=CARTESIAN_POINT('',(-5.12439446240426,89.8626580237532,146.11017746784));
#5941=CARTESIAN_POINT('',(-4.81749402455134,87.9422708134623,146.109707072206));
#5942=CARTESIAN_POINT('',(-4.70140323053948,86.9760471418117,146.109469746256));
#5943=CARTESIAN_POINT('',(-4.5446707269734,85.0376174082702,146.108992330859));
#5944=CARTESIAN_POINT('',(-4.50401953245409,84.0652940386233,146.10875221252));
#5945=CARTESIAN_POINT('',(-4.49840296219751,82.1205464046805,146.108270664965));
#5946=CARTESIAN_POINT('',(-4.53343724656284,81.1480044502886,146.108029206606));
#5947=CARTESIAN_POINT('',(-4.67897058153023,79.2087017527087,146.107546439589));
#5948=CARTESIAN_POINT('',(-4.78947843935846,78.2418236489355,146.107305101714));
#5949=CARTESIAN_POINT('',(-5.08528141887406,76.3196957907134,146.10682403527));
#5950=CARTESIAN_POINT('',(-5.27059444163943,75.3643297150473,146.106584277587));
#5951=CARTESIAN_POINT('',(-5.71487789671094,73.4710027168781,146.106107821435));
#5952=CARTESIAN_POINT('',(-5.97387521567548,72.5329272160937,146.105871094131));
#5953=CARTESIAN_POINT('',(-6.56395189081259,70.679852896207,146.105402130133));
#5954=CARTESIAN_POINT('',(-6.89506695659398,69.7647419347985,146.105169865059));
#5955=CARTESIAN_POINT('',(-7.62736776371514,67.9631286424894,146.104711229733));
#5956=CARTESIAN_POINT('',(-8.02859782163485,67.076517283525,146.104484831725));
#5957=CARTESIAN_POINT('',(-8.8986934277172,65.3372621052208,146.104039299147));
#5958=CARTESIAN_POINT('',(-9.36761163134125,64.484513031597,146.103820137615));
#5959=CARTESIAN_POINT('',(-10.3702392494867,62.8181358797471,146.103390402601));
#5960=CARTESIAN_POINT('',(-10.9040093399981,62.0044069573677,146.103179803113));
#5961=CARTESIAN_POINT('',(-12.0331045608409,60.4209869405146,146.102768464909));
#5962=CARTESIAN_POINT('',(-12.6284980199878,59.6512000225589,146.1025677013));
#5963=CARTESIAN_POINT('',(-13.8772314953591,58.1603144818054,146.102177247899));
#5964=CARTESIAN_POINT('',(-14.5306470800461,57.4391256311108,146.101987534479));
#5965=CARTESIAN_POINT('',(-15.8914658229287,56.0497922199162,146.101620327532));
#5966=CARTESIAN_POINT('',(-16.5989513071313,55.3815635533287,146.101442811778));
#5967=CARTESIAN_POINT('',(-18.0636244602683,54.102185722874,146.101101072349));
#5968=CARTESIAN_POINT('',(-18.8209005237269,53.490958786996,146.100936827911));
#5969=CARTESIAN_POINT('',(-19.7507045751935,52.7984158101734,146.100749513285));
#5970=CARTESIAN_POINT('',(-19.9015118063312,52.687835332654,146.100719564382));
#5971=CARTESIAN_POINT('',(-20.0531388871313,52.5783883469066,146.100689882274));
#5972=CARTESIAN_POINT('',(-63.9488041327614,113.393288379277,136.261080726263));
#5973=CARTESIAN_POINT('',(-63.7971777813919,113.502736684977,136.261110408684));
#5974=CARTESIAN_POINT('',(-63.644733773632,113.61104991241,136.261139823878));
#5975=CARTESIAN_POINT('',(-62.6946286738616,114.275468508342,136.261320518011));
#5976=CARTESIAN_POINT('',(-61.8760318394553,114.801742802147,136.261464764575));
#5977=CARTESIAN_POINT('',(-60.2005171021809,115.789024669683,136.261737744597));
#5978=CARTESIAN_POINT('',(-59.3434975485231,116.250091650473,136.261866494495));
#5979=CARTESIAN_POINT('',(-57.5963249634696,117.10417771944,136.262107704241));
#5980=CARTESIAN_POINT('',(-56.7060661804554,117.49724846028,136.26222017868));
#5981=CARTESIAN_POINT('',(-54.8978035683426,118.212972864634,136.26242815919));
#5982=CARTESIAN_POINT('',(-53.9796903052036,118.535669839306,136.262523677849));
#5983=CARTESIAN_POINT('',(-52.1212749801796,119.108703508665,136.262697171142));
#5984=CARTESIAN_POINT('',(-51.180860453087,119.359074881137,136.262775156276));
#5985=CARTESIAN_POINT('',(-49.2835330689803,119.785951814375,136.262913112983));
#5986=CARTESIAN_POINT('',(-48.3265053914229,119.962483208422,136.262973092906));
#5987=CARTESIAN_POINT('',(-46.4017419631036,120.24062143331,136.26307467861));
#5988=CARTESIAN_POINT('',(-45.4338897316754,120.342245096204,136.263116290541));
#5989=CARTESIAN_POINT('',(-43.4933322211013,120.469962289402,136.263180890772));
#5990=CARTESIAN_POINT('',(-42.5205095054169,120.496063548754,136.263203882983));
#5991=CARTESIAN_POINT('',(-40.5758954053238,120.472587210766,136.263231107019));
#5992=CARTESIAN_POINT('',(-39.6039863388982,120.423008192709,136.263235340494));
#5993=CARTESIAN_POINT('',(-37.6670776783529,120.248480320567,136.263225023681));
#5994=CARTESIAN_POINT('',(-36.7019608685459,120.123520904596,136.263210472771));
#5995=CARTESIAN_POINT('',(-34.784473070242,119.798997132868,136.263162677483));
#5996=CARTESIAN_POINT('',(-33.8319860412991,119.599413137933,136.263129430214));
#5997=CARTESIAN_POINT('',(-31.9455170603265,119.126856353774,136.263044445556));
#5998=CARTESIAN_POINT('',(-31.0114209450768,118.853854966886,136.262992703023));
#5999=CARTESIAN_POINT('',(-29.1673811189942,118.236123437509,136.262871043045));
#6000=CARTESIAN_POINT('',(-28.2573258125657,117.891355911817,136.262801118236));
#6001=CARTESIAN_POINT('',(-26.4668688452773,117.132185996077,136.262643518787));
#6002=CARTESIAN_POINT('',(-25.5863588315282,116.717737663426,136.26255583461));
#6003=CARTESIAN_POINT('',(-23.860314330317,115.821721212571,136.262363248912));
#6004=CARTESIAN_POINT('',(-23.0146753879828,115.340098870224,136.262258335737));
#6005=CARTESIAN_POINT('',(-21.3634833602322,114.312655453887,136.262031928671));
#6006=CARTESIAN_POINT('',(-20.5578303498032,113.766772202213,136.261910421078));
#6007=CARTESIAN_POINT('',(-18.9914780565966,112.614116328155,136.261651562042));
#6008=CARTESIAN_POINT('',(-18.2306839830333,112.007273950609,136.261514194934));
#6009=CARTESIAN_POINT('',(-16.758645530933,110.736377476055,136.261224449662));
#6010=CARTESIAN_POINT('',(-16.0473120691942,110.072246468332,136.261072053965));
#6011=CARTESIAN_POINT('',(-14.6784911060151,108.690796430663,136.260753175015));
#6012=CARTESIAN_POINT('',(-14.0209207677691,107.973393799638,136.260586672466));
#6013=CARTESIAN_POINT('',(-12.7635966287063,106.489745921239,136.260240588551));
#6014=CARTESIAN_POINT('',(-12.1637667385424,105.723410888109,136.260060986243));
#6015=CARTESIAN_POINT('',(-11.0255443685389,104.146539036622,136.25968979066));
#6016=CARTESIAN_POINT('',(-10.4870830070036,103.335906790859,136.259498174921));
#6017=CARTESIAN_POINT('',(-9.4748469620054,101.675348700506,136.259104112842));
#6018=CARTESIAN_POINT('',(-9.00101102115683,100.825322364093,136.258901642658));
#6019=CARTESIAN_POINT('',(-8.12088382687238,99.0911219467501,136.258487097594));
#6020=CARTESIAN_POINT('',(-7.71453931086958,98.2068429173902,136.258274997629));
#6021=CARTESIAN_POINT('',(-6.97184443052814,96.4094895116504,136.257842476966));
#6022=CARTESIAN_POINT('',(-6.63544912059802,95.4963063650164,136.257622030093));
#6023=CARTESIAN_POINT('',(-6.03467875591138,93.6466712913321,136.257174149902));
#6024=CARTESIAN_POINT('',(-5.77026734439562,92.7101074301047,136.25694668948));
#6025=CARTESIAN_POINT('',(-5.31505526439948,90.8193782354259,136.256486158807));
#6026=CARTESIAN_POINT('',(-5.12422704789564,89.8650984809068,136.256253060687));
#6027=CARTESIAN_POINT('',(-4.81732661004271,87.9447112706158,136.255782665053));
#6028=CARTESIAN_POINT('',(-4.7012358160309,86.9784875989653,136.255545339073));
#6029=CARTESIAN_POINT('',(-4.54450331246509,85.0400578654242,136.255067923646));
#6030=CARTESIAN_POINT('',(-4.50385211794607,84.0677344957775,136.254827805308));
#6031=CARTESIAN_POINT('',(-4.49823554768949,82.1229868618338,136.254346257782));
#6032=CARTESIAN_POINT('',(-4.53326983205453,81.1504449074416,136.254104799453));
#6033=CARTESIAN_POINT('',(-4.67880316702166,79.2111422098591,136.253622032464));
#6034=CARTESIAN_POINT('',(-4.78931102484989,78.2442641060829,136.25338069459));
#6035=CARTESIAN_POINT('',(-5.08511400436539,76.3221362478613,136.252899628146));
#6036=CARTESIAN_POINT('',(-5.27042702713065,75.3667701721988,136.252659870464));
#6037=CARTESIAN_POINT('',(-5.71471048220267,73.4734431740282,136.252183414311));
#6038=CARTESIAN_POINT('',(-5.9737078011677,72.5353676732405,136.251946687007));
#6039=CARTESIAN_POINT('',(-6.56378447630474,70.6822933533513,136.251477722979));
#6040=CARTESIAN_POINT('',(-6.8948995420857,69.7671823919428,136.251245457877));
#6041=CARTESIAN_POINT('',(-7.62720034920617,67.9655690996387,136.250786822549));
#6042=CARTESIAN_POINT('',(-8.02843040712603,67.0789577406771,136.250560424572));
#6043=CARTESIAN_POINT('',(-8.89852601320905,65.3397025623743,136.250114891994));
#6044=CARTESIAN_POINT('',(-9.36744421683327,64.4869534887501,136.249895730432));
#6045=CARTESIAN_POINT('',(-10.370071834979,62.8205763368955,136.249465995388));
#6046=CARTESIAN_POINT('',(-10.9038419254902,62.0068474145134,136.249255395901));
#6047=CARTESIAN_POINT('',(-12.0329371463317,60.4234273976589,136.248844057698));
#6048=CARTESIAN_POINT('',(-12.628330605478,59.6536404797037,136.248643294087));
#6049=CARTESIAN_POINT('',(-13.8770640808482,58.1627549389547,136.248252840687));
#6050=CARTESIAN_POINT('',(-14.5304796655348,57.4415660882633,136.248063127265));
#6051=CARTESIAN_POINT('',(-15.8912984084187,56.05223267707,136.247695920319));
#6052=CARTESIAN_POINT('',(-16.598783892622,55.3840040104819,136.247518404566));
#6053=CARTESIAN_POINT('',(-18.0634570457608,54.1046261800227,136.247176665166));
#6054=CARTESIAN_POINT('',(-18.820733109219,53.4933992441426,136.247012420758));
#6055=CARTESIAN_POINT('',(-19.7505371606828,52.800856267323,136.246825106149));
#6056=CARTESIAN_POINT('',(-19.9013443918199,52.690275789804,136.246795157247));
#6057=CARTESIAN_POINT('',(-20.0529714726199,52.580828804057,136.246765475142));
#6058=CARTESIAN_POINT('',(-63.948636718264,113.39572883647,126.407156319052));
#6059=CARTESIAN_POINT('',(-63.7970103668978,113.505177142166,126.407186001474));
#6060=CARTESIAN_POINT('',(-63.6445663591402,113.613490369595,126.407215416671));
#6061=CARTESIAN_POINT('',(-62.6944612593788,114.277908965501,126.407396110823));
#6062=CARTESIAN_POINT('',(-61.8758644249681,114.80418325928,126.40754035742));
#6063=CARTESIAN_POINT('',(-60.2003496876505,115.791465126844,126.407813337471));
#6064=CARTESIAN_POINT('',(-59.3433301339882,116.252532107666,126.407942087366));
#6065=CARTESIAN_POINT('',(-57.5961575489607,117.10661817665,126.408183297079));
#6066=CARTESIAN_POINT('',(-56.7058987659562,117.499688917484,126.408295771488));
#6067=CARTESIAN_POINT('',(-54.8976361538652,118.2154133218,126.408503751975));
#6068=CARTESIAN_POINT('',(-53.9795228907208,118.538110296446,126.408599270639));
#6069=CARTESIAN_POINT('',(-52.1211075656431,119.111143965822,126.408772763932));
#6070=CARTESIAN_POINT('',(-51.1806930385497,119.361515338322,126.40885074906));
#6071=CARTESIAN_POINT('',(-49.2833656545001,119.788392271546,126.408988705794));
#6072=CARTESIAN_POINT('',(-48.3263379769503,119.964923665562,126.409048685749));
#6073=CARTESIAN_POINT('',(-46.4015745486006,120.243061890426,126.40915027146));
#6074=CARTESIAN_POINT('',(-45.4337223171647,120.344685553322,126.409191883364));
#6075=CARTESIAN_POINT('',(-43.4931648065916,120.472402746521,126.409256483598));
#6076=CARTESIAN_POINT('',(-42.5203420909076,120.498504005873,126.409279475839));
#6077=CARTESIAN_POINT('',(-40.5757279908189,120.475027667884,126.409306699872));
#6078=CARTESIAN_POINT('',(-39.6038189243961,120.425448649826,126.409310933314));
#6079=CARTESIAN_POINT('',(-37.666910263848,120.250920777683,126.409300616472));
#6080=CARTESIAN_POINT('',(-36.7017934540302,120.125961361713,126.409286065564));
#6081=CARTESIAN_POINT('',(-34.7843056556965,119.80143759001,126.409238270274));
#6082=CARTESIAN_POINT('',(-33.8318186267622,119.601853595105,126.409205022999));
#6083=CARTESIAN_POINT('',(-31.9453496458458,119.129296810958,126.409120038367));
#6084=CARTESIAN_POINT('',(-31.0112535306018,118.856295424044,126.409068295867));
#6085=CARTESIAN_POINT('',(-29.167213704491,118.238563894628,126.408946635891));
#6086=CARTESIAN_POINT('',(-28.2571583980561,117.893796368932,126.408876711053));
#6087=CARTESIAN_POINT('',(-26.4667014307676,117.134626453192,126.408719111575));
#6088=CARTESIAN_POINT('',(-25.5861914170124,116.720178120538,126.408631427397));
#6089=CARTESIAN_POINT('',(-23.8601469157826,115.824161669702,126.408438841697));
#6090=CARTESIAN_POINT('',(-23.0145079734527,115.342539327385,126.408333928519));
#6091=CARTESIAN_POINT('',(-21.3633159457224,114.315095911091,126.408107521451));
#6092=CARTESIAN_POINT('',(-20.5576629353004,113.769212659423,126.407986013858));
#6093=CARTESIAN_POINT('',(-18.9913106421109,112.61655678535,126.407727154854));
#6094=CARTESIAN_POINT('',(-18.2305165685465,112.009714407774,126.407589787778));
#6095=CARTESIAN_POINT('',(-16.7584781164276,110.738817933174,126.407300042538));
#6096=CARTESIAN_POINT('',(-16.0471446546805,110.074686925443,126.40714764684));
#6097=CARTESIAN_POINT('',(-14.6783236914874,108.69323688779,126.406828767889));
#6098=CARTESIAN_POINT('',(-14.0207533532467,107.975834256799,126.406662265337));
#6099=CARTESIAN_POINT('',(-12.763429214209,106.492186378431,126.406316181426));
#6100=CARTESIAN_POINT('',(-12.1635993240463,105.725851345276,126.406136579121));
#6101=CARTESIAN_POINT('',(-11.0253769540325,104.148979493744,126.405765383539));
#6102=CARTESIAN_POINT('',(-10.4869155924953,103.338347247977,126.405573767798));
#6103=CARTESIAN_POINT('',(-9.4746795474973,101.677789157622,126.405179705719));
#6104=CARTESIAN_POINT('',(-9.00084360664831,100.827762821208,126.404977235534));
#6105=CARTESIAN_POINT('',(-8.12071641236193,99.0935624038705,126.404562690471));
#6106=CARTESIAN_POINT('',(-7.71437189635911,98.2092833745199,126.404350590506));
#6107=CARTESIAN_POINT('',(-6.97167701601922,96.4119299687965,126.403918069813));
#6108=CARTESIAN_POINT('',(-6.63528170608975,95.4987468221659,126.40369762291));
#6109=CARTESIAN_POINT('',(-6.03451134140364,93.6491117484856,126.403249742719));
#6110=CARTESIAN_POINT('',(-5.77009992988796,92.7125478872586,126.403022282326));
#6111=CARTESIAN_POINT('',(-5.31488784989194,90.8218186925774,126.402561751653));
#6112=CARTESIAN_POINT('',(-5.12405963338802,89.8675389380551,126.402328653504));
#6113=CARTESIAN_POINT('',(-4.817159195535,87.9471517277605,126.40185825787));
#6114=CARTESIAN_POINT('',(-4.70106840152314,86.9809280561098,126.40162093192));
#6115=CARTESIAN_POINT('',(-4.54433589795705,85.0424983225685,126.401143516522));
#6116=CARTESIAN_POINT('',(-4.50368470343774,84.0701749529216,126.400903398184));
#6117=CARTESIAN_POINT('',(-4.49806813318117,82.1254273189787,126.400421850629));
#6118=CARTESIAN_POINT('',(-4.53310241754649,81.1528853645868,126.40018039227));
#6119=CARTESIAN_POINT('',(-4.67863575251389,79.2135826670069,126.399697625252));
#6120=CARTESIAN_POINT('',(-4.7891436103421,78.2467045632338,126.399456287378));
#6121=CARTESIAN_POINT('',(-5.08494658985761,76.3245767050152,126.398975220934));
#6122=CARTESIAN_POINT('',(-5.27025961262293,75.3692106293524,126.398735463251));
#6123=CARTESIAN_POINT('',(-5.71454306769475,73.4758836311816,126.398259007099));
#6124=CARTESIAN_POINT('',(-5.97354038665946,72.5378081303939,126.398022279795));
#6125=CARTESIAN_POINT('',(-6.56361706179635,70.684733810505,126.397553315797));
#6126=CARTESIAN_POINT('',(-6.89473212757763,69.7696228490964,126.397321050723));
#6127=CARTESIAN_POINT('',(-7.62703293469881,67.9680095567875,126.396862415396));
#6128=CARTESIAN_POINT('',(-8.0282629926184,67.0813981978233,126.396636017389));
#6129=CARTESIAN_POINT('',(-8.89835859870002,65.3421430195235,126.396190484811));
#6130=CARTESIAN_POINT('',(-9.36727680232418,64.4893939459026,126.395971323278));
#6131=CARTESIAN_POINT('',(-10.3699044204707,62.8230167940492,126.395541588265));
#6132=CARTESIAN_POINT('',(-10.9036745109813,62.0092878716669,126.395330988777));
#6133=CARTESIAN_POINT('',(-12.0327697318234,60.4258678548147,126.394919650574));
#6134=CARTESIAN_POINT('',(-12.6281631909733,59.6560809368587,126.394718886965));
#6135=CARTESIAN_POINT('',(-13.8768966663477,58.1651953961016,126.394328433564));
#6136=CARTESIAN_POINT('',(-14.5303122510319,57.444006545407,126.394138720142));
#6137=CARTESIAN_POINT('',(-15.8911309939099,56.054673134214,126.393771513195));
#6138=CARTESIAN_POINT('',(-16.598616478112,55.3864444676269,126.393593997441));
#6139=CARTESIAN_POINT('',(-18.0632896312491,54.1070666371721,126.393252258012));
#6140=CARTESIAN_POINT('',(-18.8205656947077,53.4958397012942,126.393088013575));
#6141=CARTESIAN_POINT('',(-19.7503697461743,52.8032967244717,126.392900698949));
#6142=CARTESIAN_POINT('',(-19.9011769773119,52.6927162469522,126.392870750045));
#6143=CARTESIAN_POINT('',(-20.0528040581121,52.5832692612047,126.392841067937));
#6144=CARTESIAN_POINT('',(-20.0528040581138,52.5832692612071,126.392841067942));
#6145=CARTESIAN_POINT('',(-20.2044303910254,52.4738209692544,126.392811385523));
#6146=CARTESIAN_POINT('',(-20.3568743801241,52.3655077552914,126.392781970329));
#6147=CARTESIAN_POINT('',(-21.306979461032,51.7010891725523,126.392601276182));
#6148=CARTESIAN_POINT('',(-22.1255762954382,51.1748148787561,126.392457029606));
#6149=CARTESIAN_POINT('',(-23.8010910327262,50.1875330112119,126.392184049576));
#6150=CARTESIAN_POINT('',(-24.6581105863858,49.7264660304127,126.392055299682));
#6151=CARTESIAN_POINT('',(-26.4052831714229,48.8723799614509,126.391814089946));
#6152=CARTESIAN_POINT('',(-27.2955419544283,48.4793092206211,126.391701615515));
#6153=CARTESIAN_POINT('',(-29.1038045665407,47.7635848162846,126.391493635013));
#6154=CARTESIAN_POINT('',(-30.0219178296915,47.4408878416193,126.391398116356));
#6155=CARTESIAN_POINT('',(-31.8803331547403,46.8678541722528,126.391224623061));
#6156=CARTESIAN_POINT('',(-32.8207476818292,46.6174827997705,126.391146637924));
#6157=CARTESIAN_POINT('',(-34.7180750659172,46.1906058665328,126.391008681213));
#6158=CARTESIAN_POINT('',(-35.6751027434742,46.0140744724929,126.39094870129));
#6159=CARTESIAN_POINT('',(-37.5998661717981,45.7359362476156,126.390847115596));
#6160=CARTESIAN_POINT('',(-38.5677184032281,45.6343125847259,126.390805503677));
#6161=CARTESIAN_POINT('',(-40.5082759138044,45.506595391533,126.390740903443));
#6162=CARTESIAN_POINT('',(-41.4810986294891,45.4804941321803,126.390717911218));
#6163=CARTESIAN_POINT('',(-43.4257127295875,45.5039704701606,126.390690687179));
#6164=CARTESIAN_POINT('',(-44.3976217960103,45.5535494882088,126.390686453717));
#6165=CARTESIAN_POINT('',(-46.3345304565353,45.7280773603534,126.390696770538));
#6166=CARTESIAN_POINT('',(-47.2996472663455,45.8530367763355,126.390711321446));
#6167=CARTESIAN_POINT('',(-49.2171350646819,46.1775605480596,126.390759116726));
#6168=CARTESIAN_POINT('',(-50.1696220936234,46.377144542974,126.390792363991));
#6169=CARTESIAN_POINT('',(-52.0560910745554,46.8497013271177,126.39087734864));
#6170=CARTESIAN_POINT('',(-52.9901871897976,47.1227027140179,126.390929091166));
#6171=CARTESIAN_POINT('',(-54.8342270159085,47.7404342434094,126.391050751152));
#6172=CARTESIAN_POINT('',(-55.7442823223482,48.0852017690973,126.391120675974));
#6173=CARTESIAN_POINT('',(-57.5347392896318,48.8443716848327,126.391278275435));
#6174=CARTESIAN_POINT('',(-58.4152493033804,49.2588200174898,126.391365959611));
#6175=CARTESIAN_POINT('',(-60.1412938045952,50.1548364683445,126.391558545305));
#6176=CARTESIAN_POINT('',(-60.9869327469223,50.6364588106784,126.391663458476));
#6177=CARTESIAN_POINT('',(-62.6381247746602,51.6639022270007,126.391889865544));
#6178=CARTESIAN_POINT('',(-63.4437777850905,52.2097854786789,126.392011373142));
#6179=CARTESIAN_POINT('',(-65.0101300783039,53.3624413527492,126.392270232157));
#6180=CARTESIAN_POINT('',(-65.7709241518715,53.9692837303013,126.39240759924));
#6181=CARTESIAN_POINT('',(-67.2429626039788,55.2401802048623,126.392697344491));
#6182=CARTESIAN_POINT('',(-67.9542960657192,55.9043112125832,126.392849740193));
#6183=CARTESIAN_POINT('',(-69.3231170288976,57.2857612502396,126.39316861915));
#6184=CARTESIAN_POINT('',(-69.9806873671369,58.0031638812485,126.393335121703));
#6185=CARTESIAN_POINT('',(-71.2380115061877,59.4868117596451,126.393681205622));
#6186=CARTESIAN_POINT('',(-71.8378413963559,60.2531467927996,126.393860807932));
#6187=CARTESIAN_POINT('',(-72.976063766365,61.8300186443108,126.394232003519));
#6188=CARTESIAN_POINT('',(-73.5145251278957,62.6406508900639,126.394423619259));
#6189=CARTESIAN_POINT('',(-74.5267611728951,64.3012089804093,126.394817681331));
#6190=CARTESIAN_POINT('',(-75.0005971137489,65.1512353168256,126.395020151511));
#6191=CARTESIAN_POINT('',(-75.8807243080369,66.8854357341724,126.395434696578));
#6192=CARTESIAN_POINT('',(-76.2870688240402,67.7697147635354,126.395646796552));
#6193=CARTESIAN_POINT('',(-77.0297637043777,69.567068169268,126.396079317232));
#6194=CARTESIAN_POINT('',(-77.3661590143039,70.4802513158912,126.396299764112));
#6195=CARTESIAN_POINT('',(-77.966929378986,72.3298863895679,126.396747644295));
#6196=CARTESIAN_POINT('',(-78.2313407905012,73.2664502508028,126.396975104704));
#6197=CARTESIAN_POINT('',(-78.686552870498,75.1571794454921,126.397435635381));
#6198=CARTESIAN_POINT('',(-78.8773810870026,76.1114592000115,126.397668733521));
#6199=CARTESIAN_POINT('',(-79.1842815248557,78.0318464103015,126.398139129165));
#6200=CARTESIAN_POINT('',(-79.3003723188672,78.998070081952,126.398376455138));
#6201=CARTESIAN_POINT('',(-79.4571048224334,80.9364998154941,126.398853870553));
#6202=CARTESIAN_POINT('',(-79.497756016953,81.9088231851415,126.399093988889));
#6203=CARTESIAN_POINT('',(-79.503372587212,83.8535708190861,126.399575536421));
#6204=CARTESIAN_POINT('',(-79.4683383028488,84.8261127734782,126.399816994761));
#6205=CARTESIAN_POINT('',(-79.322804967884,86.7654154710515,126.400299761762));
#6206=CARTESIAN_POINT('',(-79.2122971100564,87.7322935748198,126.40054109964));
#6207=CARTESIAN_POINT('',(-78.9164941305402,89.654421433046,126.401022166086));
#6208=CARTESIAN_POINT('',(-78.7311811077728,90.6097875087202,126.401261923768));
#6209=CARTESIAN_POINT('',(-78.2868976526981,92.5031145068982,126.401738379921));
#6210=CARTESIAN_POINT('',(-78.0279003337336,93.4411900076823,126.401975107227));
#6211=CARTESIAN_POINT('',(-77.4378236585976,95.2942643275593,126.402444071235));
#6212=CARTESIAN_POINT('',(-77.1067085928176,96.209375288961,126.402676336317));
#6213=CARTESIAN_POINT('',(-76.3744077856942,98.0109885812835,126.403134971643));
#6214=CARTESIAN_POINT('',(-75.9731777277718,98.8975999402642,126.403361369642));
#6215=CARTESIAN_POINT('',(-75.1030821216938,100.636855118562,126.403806902223));
#6216=CARTESIAN_POINT('',(-74.6341639180735,101.48960419217,126.404026063768));
#6217=CARTESIAN_POINT('',(-73.6315362999245,103.155981344024,126.404455798793));
#6218=CARTESIAN_POINT('',(-73.0977662094111,103.969710266415,126.404666398281));
#6219=CARTESIAN_POINT('',(-71.968670988575,105.553130283253,126.405077736492));
#6220=CARTESIAN_POINT('',(-71.3732775294296,106.322917201193,126.405278500108));
#6221=CARTESIAN_POINT('',(-70.1245440540511,107.813802741944,126.405668953519));
#6222=CARTESIAN_POINT('',(-69.4711284693608,108.534991592646,126.405858666943));
#6223=CARTESIAN_POINT('',(-68.1103097264745,109.924325003861,126.406225873888));
#6224=CARTESIAN_POINT('',(-67.402824242278,110.592553670462,126.406403389636));
#6225=CARTESIAN_POINT('',(-65.9381510891433,111.871931500904,126.406745129047));
#6226=CARTESIAN_POINT('',(-65.1808750257052,112.48315843681,126.406909373472));
#6227=CARTESIAN_POINT('',(-64.2510711663334,113.175701270445,126.407096688059));
#6228=CARTESIAN_POINT('',(-64.1002641497305,113.286281593054,126.407126636921));
#6229=CARTESIAN_POINT('',(-63.9486367182576,113.395728836461,126.407156319099));
#6230=CARTESIAN_POINT('',(-20.0527972622627,52.5833683265938,125.992841080252));
#6231=CARTESIAN_POINT('',(-20.2044235951743,52.4739200346411,125.992811397832));
#6232=CARTESIAN_POINT('',(-20.3568675842731,52.3656068206782,125.992781982639));
#6233=CARTESIAN_POINT('',(-21.306972665181,51.701188237939,125.992601288492));
#6234=CARTESIAN_POINT('',(-22.1255694995872,51.1749139441428,125.992457041916));
#6235=CARTESIAN_POINT('',(-23.8010842368751,50.1876320765986,125.992184061886));
#6236=CARTESIAN_POINT('',(-24.6581037905347,49.7265650957994,125.992055311992));
#6237=CARTESIAN_POINT('',(-26.4052763755719,48.8724790268376,125.991814102256));
#6238=CARTESIAN_POINT('',(-27.2955351585773,48.4794082860079,125.991701627825));
#6239=CARTESIAN_POINT('',(-29.1037977706896,47.7636838816713,125.991493647323));
#6240=CARTESIAN_POINT('',(-30.0219110338404,47.4409869070061,125.991398128666));
#6241=CARTESIAN_POINT('',(-31.8803263588893,46.8679532376395,125.991224635371));
#6242=CARTESIAN_POINT('',(-32.8207408859782,46.6175818651572,125.991146650234));
#6243=CARTESIAN_POINT('',(-34.7180682700661,46.1907049319196,125.991008693523));
#6244=CARTESIAN_POINT('',(-35.6750959476232,46.0141735378796,125.9909487136));
#6245=CARTESIAN_POINT('',(-37.5998593759471,45.7360353130023,125.990847127906));
#6246=CARTESIAN_POINT('',(-38.5677116073771,45.6344116501127,125.990805515987));
#6247=CARTESIAN_POINT('',(-40.5082691179534,45.5066944569197,125.990740915753));
#6248=CARTESIAN_POINT('',(-41.481091833638,45.480593197567,125.990717923528));
#6249=CARTESIAN_POINT('',(-43.4257059337365,45.5040695355474,125.990690699489));
#6250=CARTESIAN_POINT('',(-44.3976150001592,45.5536485535956,125.990686466027));
#6251=CARTESIAN_POINT('',(-46.3345236606842,45.7281764257401,125.990696782848));
#6252=CARTESIAN_POINT('',(-47.2996404704944,45.8531358417222,125.990711333756));
#6253=CARTESIAN_POINT('',(-49.2171282688308,46.1776596134464,125.990759129036));
#6254=CARTESIAN_POINT('',(-50.1696152977723,46.3772436083607,125.990792376301));
#6255=CARTESIAN_POINT('',(-52.0560842787043,46.8498003925044,125.99087736095));
#6256=CARTESIAN_POINT('',(-52.9901803939465,47.1228017794047,125.990929103476));
#6257=CARTESIAN_POINT('',(-54.8342202200575,47.7405333087962,125.991050763462));
#6258=CARTESIAN_POINT('',(-55.7442755264972,48.085300834484,125.991120688284));
#6259=CARTESIAN_POINT('',(-57.5347324937808,48.8444707502194,125.991278287745));
#6260=CARTESIAN_POINT('',(-58.4152425075293,49.2589190828765,125.991365971921));
#6261=CARTESIAN_POINT('',(-60.1412870087441,50.1549355337313,125.991558557614));
#6262=CARTESIAN_POINT('',(-60.9869259510713,50.6365578760651,125.991663470786));
#6263=CARTESIAN_POINT('',(-62.6381179788091,51.6640012923874,125.991889877854));
#6264=CARTESIAN_POINT('',(-63.4437709892395,52.2098845440656,125.992011385451));
#6265=CARTESIAN_POINT('',(-65.0101232824528,53.362540418136,125.992270244467));
#6266=CARTESIAN_POINT('',(-65.7709173560204,53.9693827956881,125.99240761155));
#6267=CARTESIAN_POINT('',(-67.2429558081277,55.240279270249,125.992697356801));
#6268=CARTESIAN_POINT('',(-67.9542892698682,55.90441027797,125.992849752503));
#6269=CARTESIAN_POINT('',(-69.3231102330466,57.2858603156263,125.99316863146));
#6270=CARTESIAN_POINT('',(-69.9806805712858,58.0032629466353,125.993335134013));
#6271=CARTESIAN_POINT('',(-71.2380047103367,59.4869108250319,125.993681217932));
#6272=CARTESIAN_POINT('',(-71.8378346005048,60.2532458581864,125.993860820242));
#6273=CARTESIAN_POINT('',(-72.9760569705139,61.8301177096975,125.994232015829));
#6274=CARTESIAN_POINT('',(-73.5145183320445,62.6407499554506,125.994423631569));
#6275=CARTESIAN_POINT('',(-74.526754377044,64.3013080457961,125.994817693641));
#6276=CARTESIAN_POINT('',(-75.0005903178978,65.1513343822124,125.99502016382));
#6277=CARTESIAN_POINT('',(-75.8807175121859,66.8855347995591,125.995434708888));
#6278=CARTESIAN_POINT('',(-76.2870620281891,67.7698138289222,125.995646808862));
#6279=CARTESIAN_POINT('',(-77.0297569085267,69.5671672346547,125.996079329542));
#6280=CARTESIAN_POINT('',(-77.3661522184528,70.4803503812779,125.996299776422));
#6281=CARTESIAN_POINT('',(-77.9669225831349,72.3299854549547,125.996747656605));
#6282=CARTESIAN_POINT('',(-78.2313339946502,73.2665493161896,125.996975117014));
#6283=CARTESIAN_POINT('',(-78.686546074647,75.1572785108788,125.997435647691));
#6284=CARTESIAN_POINT('',(-78.8773742911515,76.1115582653983,125.997668745831));
#6285=CARTESIAN_POINT('',(-79.1842747290046,78.0319454756882,125.998139141475));
#6286=CARTESIAN_POINT('',(-79.3003655230161,78.9981691473388,125.998376467448));
#6287=CARTESIAN_POINT('',(-79.4570980265823,80.9365988808808,125.998853882863));
#6288=CARTESIAN_POINT('',(-79.497749221102,81.9089222505282,125.999094001199));
#6289=CARTESIAN_POINT('',(-79.503365791361,83.8536698844729,125.999575548731));
#6290=CARTESIAN_POINT('',(-79.4683315069977,84.8262118388649,125.999817007071));
#6291=CARTESIAN_POINT('',(-79.3227981720329,86.7655145364383,126.000299774072));
#6292=CARTESIAN_POINT('',(-79.2122903142053,87.7323926402066,126.00054111195));
#6293=CARTESIAN_POINT('',(-78.9164873346892,89.6545204984328,126.001022178396));
#6294=CARTESIAN_POINT('',(-78.7311743119217,90.6098865741069,126.001261936078));
#6295=CARTESIAN_POINT('',(-78.286890856847,92.503213572285,126.001738392231));
#6296=CARTESIAN_POINT('',(-78.0278935378825,93.4412890730691,126.001975119537));
#6297=CARTESIAN_POINT('',(-77.4378168627466,95.294363392946,126.002444083545));
#6298=CARTESIAN_POINT('',(-77.1067017969665,96.2094743543477,126.002676348627));
#6299=CARTESIAN_POINT('',(-76.3744009898432,98.0110876466703,126.003134983953));
#6300=CARTESIAN_POINT('',(-75.9731709319207,98.8976990056509,126.003361381952));
#6301=CARTESIAN_POINT('',(-75.1030753258427,100.636954183948,126.003806914533));
#6302=CARTESIAN_POINT('',(-74.6341571222225,101.489703257556,126.004026076078));
#6303=CARTESIAN_POINT('',(-73.6315295040734,103.156080409411,126.004455811103));
#6304=CARTESIAN_POINT('',(-73.09775941356,103.969809331802,126.004666410591));
#6305=CARTESIAN_POINT('',(-71.968664192724,105.55322934864,126.005077748802));
#6306=CARTESIAN_POINT('',(-71.3732707335785,106.32301626658,126.005278512418));
#6307=CARTESIAN_POINT('',(-70.1245372582001,107.813901807331,126.005668965829));
#6308=CARTESIAN_POINT('',(-69.4711216735098,108.535090658033,126.005858679253));
#6309=CARTESIAN_POINT('',(-68.1103029306234,109.924424069247,126.006225886197));
#6310=CARTESIAN_POINT('',(-67.4028174464269,110.592652735848,126.006403401946));
#6311=CARTESIAN_POINT('',(-65.9381442932922,111.872030566291,126.006745141357));
#6312=CARTESIAN_POINT('',(-65.1808682298541,112.483257502197,126.006909385782));
#6313=CARTESIAN_POINT('',(-64.2510643704823,113.175800335832,126.007096700369));
#6314=CARTESIAN_POINT('',(-64.1002573538796,113.286380658441,126.007126649231));
#6315=CARTESIAN_POINT('',(-63.9486299224065,113.395827901848,126.007156331409));
#6316=CARTESIAN_POINT('',(16.4238194245794,100.852133370904,124.505415168242));
#6317=CARTESIAN_POINT('',(-63.9486367182641,113.39572883647,126.407156319099));
#6318=CARTESIAN_POINT('',(-63.7970103668896,113.505177142172,126.407186001522));
#6319=CARTESIAN_POINT('',(-63.6445663591365,113.613490369598,126.407215416719));
#6320=CARTESIAN_POINT('',(-62.6944612593788,114.277908965502,126.40739611087));
#6321=CARTESIAN_POINT('',(-61.8758644249681,114.80418325928,126.407540357446));
#6322=CARTESIAN_POINT('',(-60.2003496876505,115.791465126844,126.407813337476));
#6323=CARTESIAN_POINT('',(-59.3433301339883,116.252532107666,126.40794208737));
#6324=CARTESIAN_POINT('',(-57.5961575489607,117.10661817665,126.408183297105));
#6325=CARTESIAN_POINT('',(-56.7058987659562,117.499688917484,126.408295771537));
#6326=CARTESIAN_POINT('',(-54.8976361538653,118.2154133218,126.408503752039));
#6327=CARTESIAN_POINT('',(-53.9795228907209,118.538110296446,126.408599270696));
#6328=CARTESIAN_POINT('',(-52.1211075656431,119.111143965822,126.40877276399));
#6329=CARTESIAN_POINT('',(-51.1806930385497,119.361515338322,126.408850749128));
#6330=CARTESIAN_POINT('',(-49.2833656545001,119.788392271546,126.408988705839));
#6331=CARTESIAN_POINT('',(-48.3263379769503,119.964923665562,126.409048685762));
#6332=CARTESIAN_POINT('',(-46.4015745486007,120.243061890426,126.409150271456));
#6333=CARTESIAN_POINT('',(-45.4337223171646,120.344685553322,126.409191883375));
#6334=CARTESIAN_POINT('',(-43.4931648065916,120.472402746521,126.409256483609));
#6335=CARTESIAN_POINT('',(-42.5203420909076,120.498504005873,126.409279475834));
#6336=CARTESIAN_POINT('',(-40.5757279908189,120.475027667884,126.409306699873));
#6337=CARTESIAN_POINT('',(-39.6038189243961,120.425448649826,126.409310933335));
#6338=CARTESIAN_POINT('',(-37.666910263848,120.250920777683,126.409300616513));
#6339=CARTESIAN_POINT('',(-36.7017934540302,120.125961361713,126.409286065606));
#6340=CARTESIAN_POINT('',(-34.7843056556965,119.80143759001,126.409238270326));
#6341=CARTESIAN_POINT('',(-33.8318186267622,119.601853595105,126.409205023061));
#6342=CARTESIAN_POINT('',(-31.9453496458458,119.129296810958,126.409120038412));
#6343=CARTESIAN_POINT('',(-31.0112535306018,118.856295424044,126.409068295886));
#6344=CARTESIAN_POINT('',(-29.167213704491,118.238563894628,126.4089466359));
#6345=CARTESIAN_POINT('',(-28.2571583980561,117.893796368932,126.408876711078));
#6346=CARTESIAN_POINT('',(-26.4667014307676,117.134626453192,126.408719111617));
#6347=CARTESIAN_POINT('',(-25.5861914170124,116.720178120538,126.40863142744));
#6348=CARTESIAN_POINT('',(-23.8601469157825,115.824161669702,126.408438841747));
#6349=CARTESIAN_POINT('',(-23.0145079734527,115.342539327385,126.408333928576));
#6350=CARTESIAN_POINT('',(-21.3633159457224,114.315095911091,126.408107521508));
#6351=CARTESIAN_POINT('',(-20.5576629353004,113.769212659423,126.40798601391));
#6352=CARTESIAN_POINT('',(-18.9913106421109,112.61655678535,126.407727154895));
#6353=CARTESIAN_POINT('',(-18.2305165685464,112.009714407774,126.407589787811));
#6354=CARTESIAN_POINT('',(-16.7584781164275,110.738817933174,126.40730004256));
#6355=CARTESIAN_POINT('',(-16.0471446546805,110.074686925444,126.407147646859));
#6356=CARTESIAN_POINT('',(-14.6783236914873,108.69323688779,126.406828767902));
#6357=CARTESIAN_POINT('',(-14.0207533532467,107.9758342568,126.406662265349));
#6358=CARTESIAN_POINT('',(-12.7634292142089,106.492186378431,126.40631618143));
#6359=CARTESIAN_POINT('',(-12.1635993240463,105.725851345276,126.40613657912));
#6360=CARTESIAN_POINT('',(-11.0253769540324,104.148979493744,126.405765383533));
#6361=CARTESIAN_POINT('',(-10.4869155924953,103.338347247977,126.405573767793));
#6362=CARTESIAN_POINT('',(-9.47467954749728,101.677789157622,126.40517970572));
#6363=CARTESIAN_POINT('',(-9.00084360664827,100.827762821208,126.404977235541));
#6364=CARTESIAN_POINT('',(-8.1207164123619,99.0935624038705,126.404562690474));
#6365=CARTESIAN_POINT('',(-7.71437189635908,98.2092833745199,126.404350590499));
#6366=CARTESIAN_POINT('',(-6.9716770160192,96.4119299687966,126.40391806982));
#6367=CARTESIAN_POINT('',(-6.63528170608971,95.4987468221658,126.40369762294));
#6368=CARTESIAN_POINT('',(-6.03451134140361,93.6491117484857,126.403249742756));
#6369=CARTESIAN_POINT('',(-5.77009992988794,92.7125478872587,126.403022282348));
#6370=CARTESIAN_POINT('',(-5.31488784989191,90.8218186925774,126.40256175167));
#6371=CARTESIAN_POINT('',(-5.124059633388,89.8675389380551,126.402328653531));
#6372=CARTESIAN_POINT('',(-4.81715919553496,87.9471517277605,126.401858257886));
#6373=CARTESIAN_POINT('',(-4.70106840152311,86.9809280561098,126.401620931914));
#6374=CARTESIAN_POINT('',(-4.54433589795702,85.0424983225684,126.401143516498));
#6375=CARTESIAN_POINT('',(-4.50368470343772,84.0701749529217,126.400903398163));
#6376=CARTESIAN_POINT('',(-4.49806813318115,82.1254273189788,126.40042185063));
#6377=CARTESIAN_POINT('',(-4.53310241754646,81.1528853645867,126.400180392291));
#6378=CARTESIAN_POINT('',(-4.67863575251387,79.213582667007,126.39969762529));
#6379=CARTESIAN_POINT('',(-4.78914361034208,78.2467045632338,126.399456287412));
#6380=CARTESIAN_POINT('',(-5.08494658985758,76.3245767050152,126.398975220965));
#6381=CARTESIAN_POINT('',(-5.27025961262289,75.3692106293524,126.398735463284));
#6382=CARTESIAN_POINT('',(-5.71454306769471,73.4758836311816,126.398259007131));
#6383=CARTESIAN_POINT('',(-5.97354038665943,72.537808130394,126.398022279825));
#6384=CARTESIAN_POINT('',(-6.56361706179633,70.684733810505,126.397553315817));
#6385=CARTESIAN_POINT('',(-6.8947321275776,69.7696228490965,126.397321050735));
#6386=CARTESIAN_POINT('',(-7.62703293469879,67.9680095567875,126.396862415409));
#6387=CARTESIAN_POINT('',(-8.02826299261837,67.0813981978234,126.39663601741));
#6388=CARTESIAN_POINT('',(-8.8983585987,65.3421430195235,126.396190484828));
#6389=CARTESIAN_POINT('',(-9.36727680232416,64.4893939459026,126.395971323284));
#6390=CARTESIAN_POINT('',(-10.3699044204707,62.8230167940492,126.395541588258));
#6391=CARTESIAN_POINT('',(-10.9036745109813,62.0092878716669,126.395330988771));
#6392=CARTESIAN_POINT('',(-12.0327697318234,60.4258678548147,126.39491965056));
#6393=CARTESIAN_POINT('',(-12.6281631909732,59.6560809368588,126.394718886943));
#6394=CARTESIAN_POINT('',(-13.8768966663478,58.1651953961017,126.394328433533));
#6395=CARTESIAN_POINT('',(-14.5303122510318,57.4440065454068,126.394138720108));
#6396=CARTESIAN_POINT('',(-15.8911309939103,56.0546731342146,126.393771513164));
#6397=CARTESIAN_POINT('',(-16.5986164781107,55.3864444676251,126.393593997416));
#6398=CARTESIAN_POINT('',(-18.0632896312535,54.1070666371783,126.393252258005));
#6399=CARTESIAN_POINT('',(-18.8205656946938,53.4958397012748,126.393088013579));
#6400=CARTESIAN_POINT('',(-19.7503696116532,52.8032968247164,126.392900698982));
#6401=CARTESIAN_POINT('',(-19.9011766910666,52.6927164567557,126.392870750107));
#6402=CARTESIAN_POINT('',(-20.0528040581121,52.5832692612047,126.392841067942));
#6403=CARTESIAN_POINT('',(-63.9486299224129,113.395827901857,126.007156331409));
#6404=CARTESIAN_POINT('',(-63.7970035710384,113.505276207559,126.007186013832));
#6405=CARTESIAN_POINT('',(-63.6445595632855,113.613589434984,126.007215429029));
#6406=CARTESIAN_POINT('',(-62.6944544635276,114.278008030888,126.00739612318));
#6407=CARTESIAN_POINT('',(-61.8758576291171,114.804282324667,126.007540369756));
#6408=CARTESIAN_POINT('',(-60.2003428917995,115.791564192231,126.007813349785));
#6409=CARTESIAN_POINT('',(-59.3433233381372,116.252631173053,126.00794209968));
#6410=CARTESIAN_POINT('',(-57.5961507531097,117.106717242037,126.008183309415));
#6411=CARTESIAN_POINT('',(-56.7058919701051,117.499787982871,126.008295783847));
#6412=CARTESIAN_POINT('',(-54.8976293580142,118.215512387187,126.008503764349));
#6413=CARTESIAN_POINT('',(-53.9795160948698,118.538209361833,126.008599283006));
#6414=CARTESIAN_POINT('',(-52.121100769792,119.111243031209,126.0087727763));
#6415=CARTESIAN_POINT('',(-51.1806862426987,119.361614403709,126.008850761438));
#6416=CARTESIAN_POINT('',(-49.283358858649,119.788491336933,126.008988718149));
#6417=CARTESIAN_POINT('',(-48.3263311810993,119.965022730949,126.009048698072));
#6418=CARTESIAN_POINT('',(-46.4015677527496,120.243160955813,126.009150283766));
#6419=CARTESIAN_POINT('',(-45.4337155213136,120.344784618709,126.009191895685));
#6420=CARTESIAN_POINT('',(-43.4931580107406,120.472501811908,126.009256495919));
#6421=CARTESIAN_POINT('',(-42.5203352950565,120.49860307126,126.009279488144));
#6422=CARTESIAN_POINT('',(-40.5757211949679,120.47512673327,126.009306712183));
#6423=CARTESIAN_POINT('',(-39.6038121285451,120.425547715213,126.009310945645));
#6424=CARTESIAN_POINT('',(-37.666903467997,120.25101984307,126.009300628823));
#6425=CARTESIAN_POINT('',(-36.7017866581791,120.1260604271,126.009286077916));
#6426=CARTESIAN_POINT('',(-34.7842988598455,119.801536655397,126.009238282636));
#6427=CARTESIAN_POINT('',(-33.8318118309111,119.601952660492,126.00920503537));
#6428=CARTESIAN_POINT('',(-31.9453428499948,119.129395876345,126.009120050722));
#6429=CARTESIAN_POINT('',(-31.0112467347508,118.85639448943,126.009068308196));
#6430=CARTESIAN_POINT('',(-29.1672069086399,118.238662960014,126.00894664821));
#6431=CARTESIAN_POINT('',(-28.257151602205,117.893895434319,126.008876723388));
#6432=CARTESIAN_POINT('',(-26.4666946349166,117.134725518579,126.008719123927));
#6433=CARTESIAN_POINT('',(-25.5861846211614,116.720277185925,126.00863143975));
#6434=CARTESIAN_POINT('',(-23.8601401199315,115.824260735089,126.008438854057));
#6435=CARTESIAN_POINT('',(-23.0145011776016,115.342638392772,126.008333940886));
#6436=CARTESIAN_POINT('',(-21.3633091498714,114.315194976478,126.008107533818));
#6437=CARTESIAN_POINT('',(-20.5576561394493,113.76931172481,126.00798602622));
#6438=CARTESIAN_POINT('',(-18.9913038462599,112.616655850736,126.007727167204));
#6439=CARTESIAN_POINT('',(-18.2305097726954,112.009813473161,126.007589800121));
#6440=CARTESIAN_POINT('',(-16.7584713205765,110.73891699856,126.00730005487));
#6441=CARTESIAN_POINT('',(-16.0471378588294,110.07478599083,126.007147659169));
#6442=CARTESIAN_POINT('',(-14.6783168956363,108.693335953177,126.006828780211));
#6443=CARTESIAN_POINT('',(-14.0207465573957,107.975933322186,126.006662277659));
#6444=CARTESIAN_POINT('',(-12.7634224183579,106.492285443818,126.00631619374));
#6445=CARTESIAN_POINT('',(-12.1635925281952,105.725950410663,126.00613659143));
#6446=CARTESIAN_POINT('',(-11.0253701581814,104.149078559131,126.005765395843));
#6447=CARTESIAN_POINT('',(-10.4869087966442,103.338446313363,126.005573780103));
#6448=CARTESIAN_POINT('',(-9.47467275164623,101.677888223009,126.00517971803));
#6449=CARTESIAN_POINT('',(-9.00083681079722,100.827861886594,126.004977247851));
#6450=CARTESIAN_POINT('',(-8.12070961651085,99.0936614692573,126.004562702784));
#6451=CARTESIAN_POINT('',(-7.71436510050803,98.2093824399067,126.004350602809));
#6452=CARTESIAN_POINT('',(-6.97167022016814,96.4120290341833,126.00391808213));
#6453=CARTESIAN_POINT('',(-6.63527491023866,95.4988458875525,126.00369763525));
#6454=CARTESIAN_POINT('',(-6.03450454555255,93.6492108138724,126.003249755066));
#6455=CARTESIAN_POINT('',(-5.77009313403688,92.7126469526454,126.003022294658));
#6456=CARTESIAN_POINT('',(-5.31488105404086,90.8219177579642,126.00256176398));
#6457=CARTESIAN_POINT('',(-5.12405283753695,89.8676380034419,126.002328665841));
#6458=CARTESIAN_POINT('',(-4.81715239968391,87.9472507931472,126.001858270196));
#6459=CARTESIAN_POINT('',(-4.70106160567206,86.9810271214966,126.001620944224));
#6460=CARTESIAN_POINT('',(-4.54432910210597,85.0425973879552,126.001143528808));
#6461=CARTESIAN_POINT('',(-4.50367790758667,84.0702740183085,126.000903410473));
#6462=CARTESIAN_POINT('',(-4.49806133733009,82.1255263843655,126.00042186294));
#6463=CARTESIAN_POINT('',(-4.53309562169541,81.1529844299735,126.000180404601));
#6464=CARTESIAN_POINT('',(-4.67862895666281,79.2136817323937,125.9996976376));
#6465=CARTESIAN_POINT('',(-4.78913681449102,78.2468036286206,125.999456299722));
#6466=CARTESIAN_POINT('',(-5.08493979400653,76.324675770402,125.998975233275));
#6467=CARTESIAN_POINT('',(-5.27025281677184,75.3693096947392,125.998735475594));
#6468=CARTESIAN_POINT('',(-5.71453627184366,73.4759826965684,125.998259019441));
#6469=CARTESIAN_POINT('',(-5.97353359080838,72.5379071957807,125.998022292135));
#6470=CARTESIAN_POINT('',(-6.56361026594527,70.6848328758917,125.997553328127));
#6471=CARTESIAN_POINT('',(-6.89472533172655,69.7697219144832,125.997321063045));
#6472=CARTESIAN_POINT('',(-7.62702613884774,67.9681086221743,125.996862427719));
#6473=CARTESIAN_POINT('',(-8.02825619676731,67.0814972632101,125.996636029719));
#6474=CARTESIAN_POINT('',(-8.89835180284895,65.3422420849103,125.996190497138));
#6475=CARTESIAN_POINT('',(-9.36727000647309,64.4894930112894,125.995971335594));
#6476=CARTESIAN_POINT('',(-10.3698976246196,62.8231158594359,125.995541600568));
#6477=CARTESIAN_POINT('',(-10.9036677151302,62.0093869370536,125.995331001081));
#6478=CARTESIAN_POINT('',(-12.0327629359723,60.4259669202015,125.99491966287));
#6479=CARTESIAN_POINT('',(-12.6281563951222,59.6561800022455,125.994718899253));
#6480=CARTESIAN_POINT('',(-13.8768898704967,58.1652944614884,125.994328445843));
#6481=CARTESIAN_POINT('',(-14.5303054551807,57.4441056107935,125.994138732418));
#6482=CARTESIAN_POINT('',(-15.8911241980592,56.0547721996014,125.993771525474));
#6483=CARTESIAN_POINT('',(-16.5986096822596,55.3865435330119,125.993594009726));
#6484=CARTESIAN_POINT('',(-18.0632828354025,54.1071657025651,125.993252270315));
#6485=CARTESIAN_POINT('',(-18.8205588988428,53.4959387666616,125.993088025889));
#6486=CARTESIAN_POINT('',(-19.7503628158022,52.8033958901031,125.992900711291));
#6487=CARTESIAN_POINT('',(-19.9011698952156,52.6928155221424,125.992870762417));
#6488=CARTESIAN_POINT('',(-20.052797262261,52.5833683265915,125.992841080252));
#6489=CARTESIAN_POINT('',(-20.0527972661845,52.5833683237587,125.992841080279));
#6490=CARTESIAN_POINT('',(-23.9070140007746,49.7985363274243,125.99208589738));
#6491=CARTESIAN_POINT('',(-32.8319771260994,45.6525865840338,125.990907465269));
#6492=CARTESIAN_POINT('',(-47.7489063909979,44.9276536018879,125.99047449276));
#6493=CARTESIAN_POINT('',(-62.0216673302861,50.0945546524492,125.991511656528));
#6494=CARTESIAN_POINT('',(-73.2248327507853,60.4513114076969,125.993886309276));
#6495=CARTESIAN_POINT('',(-79.52681441976,74.3458552189899,125.997220411947));
#6496=CARTESIAN_POINT('',(-79.9363596695109,89.5195439165355,126.000971422391));
#6497=CARTESIAN_POINT('',(-74.5509693862666,103.449291710605,126.004512807901));
#6498=CARTESIAN_POINT('',(-67.8054764359394,110.61463725341,126.006402005704));
#6499=CARTESIAN_POINT('',(-63.9486299173457,113.39582790551,126.00715633141));
#6500=CARTESIAN_POINT('',(-20.0527867101809,52.5835222021053,125.371520755863));
#6501=CARTESIAN_POINT('',(-23.9070035634466,49.7986902484797,125.370765592321));
#6502=CARTESIAN_POINT('',(-32.8319666391598,45.6527405516773,125.369587140625));
#6503=CARTESIAN_POINT('',(-47.7488958803046,44.9278076326149,125.369154155213));
#6504=CARTESIAN_POINT('',(-62.0216567105478,50.094708705012,125.370191306909));
#6505=CARTESIAN_POINT('',(-73.2248220422606,60.4514654045679,125.372565952344));
#6506=CARTESIAN_POINT('',(-79.5268036657462,74.3460091143642,125.375900057474));
#6507=CARTESIAN_POINT('',(-79.9363489674966,89.5196976930177,125.379651077558));
#6508=CARTESIAN_POINT('',(-74.5509587612116,103.449445475637,125.383192478549));
#6509=CARTESIAN_POINT('',(-67.8054658991892,110.614790981554,125.38508169899));
#6510=CARTESIAN_POINT('',(-63.9486193613472,113.395981783864,125.385836006994));
#6511=CARTESIAN_POINT('',(-19.795643399695,52.2273998577713,124.932097084378));
#6512=CARTESIAN_POINT('',(-23.6950152795649,49.4099415760546,124.931333057036));
#6513=CARTESIAN_POINT('',(-32.7245406612236,45.2154190911968,124.930140795525));
#6514=CARTESIAN_POINT('',(-47.8162326863238,44.4819930191022,124.929702725341));
#6515=CARTESIAN_POINT('',(-62.2562092383639,49.7094280477051,124.930752019392));
#6516=CARTESIAN_POINT('',(-73.5906279135328,60.1875217414324,124.933154481443));
#6517=CARTESIAN_POINT('',(-79.9664418576493,74.2448502609359,124.936527648592));
#6518=CARTESIAN_POINT('',(-80.3807852517365,89.5963095754862,124.94032262206));
#6519=CARTESIAN_POINT('',(-74.9323012138335,103.689254575634,124.94390552647));
#6520=CARTESIAN_POINT('',(-68.107780056335,110.938547205605,124.94581688622));
#6521=CARTESIAN_POINT('',(-64.2057477447283,113.752321744084,124.946580049114));
#6522=CARTESIAN_POINT('',(-19.5385000892092,51.8712775134372,124.492673412893));
#6523=CARTESIAN_POINT('',(-23.4830269956832,49.0211929036295,124.49190052175));
#6524=CARTESIAN_POINT('',(-32.6171146832874,44.7780976307163,124.490694450425));
#6525=CARTESIAN_POINT('',(-47.8835694923431,44.0361784055894,124.49025129547));
#6526=CARTESIAN_POINT('',(-62.49076176618,49.3241473903982,124.491312731876));
#6527=CARTESIAN_POINT('',(-73.956433784805,59.9235780782968,124.493743010543));
#6528=CARTESIAN_POINT('',(-80.4060800495523,74.1436914075076,124.497155239711));
#6529=CARTESIAN_POINT('',(-80.8252215359763,89.6729214579547,124.500994166563));
#6530=CARTESIAN_POINT('',(-75.3136436664555,103.929063675631,124.50461857439));
#6531=CARTESIAN_POINT('',(-68.4100942134809,111.262303429656,124.506552073449));
#6532=CARTESIAN_POINT('',(-64.4628761281094,114.108661704303,124.507324091234));
#6533=CARTESIAN_POINT('',(-19.1748550880489,51.3674905858676,124.492554821466));
#6534=CARTESIAN_POINT('',(-23.1832407537072,48.4712653868693,124.491769431266));
#6535=CARTESIAN_POINT('',(-32.4652019119065,44.1594777902358,124.490543861912));
#6536=CARTESIAN_POINT('',(-47.9788086105632,43.4055474133064,124.490093570481));
#6537=CARTESIAN_POINT('',(-62.8224796773806,48.7791243292681,124.491172220761));
#6538=CARTESIAN_POINT('',(-74.4737719896617,59.5501514656865,124.493641859641));
#6539=CARTESIAN_POINT('',(-81.0278329451205,74.0004773246291,124.497109326491));
#6540=CARTESIAN_POINT('',(-81.4537599313363,89.7811132227308,124.501010377269));
#6541=CARTESIAN_POINT('',(-75.8529538905408,104.268051148568,124.504693418257));
#6542=CARTESIAN_POINT('',(-68.8376414904871,111.720010100691,124.506658183864));
#6543=CARTESIAN_POINT('',(-64.8265211311578,114.61244863051,124.507442682661));
#6544=CARTESIAN_POINT('',(-20.0527972661845,52.5833683237587,125.992841080279));
#6545=CARTESIAN_POINT('',(-20.0527867101809,52.5835222021053,125.371520755863));
#6546=CARTESIAN_POINT('',(-19.795643399695,52.2273998577713,124.932097084378));
#6547=CARTESIAN_POINT('',(-19.5385000892092,51.8712775134372,124.492673412893));
#6548=CARTESIAN_POINT('',(-19.1748550880489,51.3674905858676,124.492554821466));
#6549=CARTESIAN_POINT('',(-16.1959509882707,55.3645587580457,125.993595405927));
#6550=CARTESIAN_POINT('',(-16.1959404310164,55.364712766534,125.372275100864));
#6551=CARTESIAN_POINT('',(-15.8936113492752,55.0411741574421,124.932860250599));
#6552=CARTESIAN_POINT('',(-15.5912822675339,54.7176355483501,124.493445400335));
#6553=CARTESIAN_POINT('',(-15.1637349753146,54.2599288918391,124.493339320203));
#6554=CARTESIAN_POINT('',(-9.45045781897076,62.5299043805399,125.995484603754));
#6555=CARTESIAN_POINT('',(-9.45044733074199,62.5300583488559,125.374164279244));
#6556=CARTESIAN_POINT('',(-9.06908995377668,62.2904668653428,124.934771558562));
#6557=CARTESIAN_POINT('',(-8.68773257681138,62.0508753818297,124.495378837881));
#6558=CARTESIAN_POINT('',(-8.14842234965164,61.7118879253103,124.495304085835));
#6559=CARTESIAN_POINT('',(-4.06506751614582,76.4596521189831,125.99902598925));
#6560=CARTESIAN_POINT('',(-4.06505709259349,76.459806076873,125.377705651433));
#6561=CARTESIAN_POINT('',(-3.62060588545823,76.3834118094749,124.938354408701));
#6562=CARTESIAN_POINT('',(-3.17615467832298,76.3070175420768,124.499003165969));
#6563=CARTESIAN_POINT('',(-2.54761628733891,76.1988257941222,124.498987126808));
#6564=CARTESIAN_POINT('',(-4.47461265191053,91.6333408825958,126.002776999713));
#6565=CARTESIAN_POINT('',(-4.47460227897566,91.6334947323465,125.381456650438));
#6566=CARTESIAN_POINT('',(-4.03494916146027,91.7348711998497,124.94214934442));
#6567=CARTESIAN_POINT('',(-3.59529604394488,91.8362476673529,124.502842038402));
#6568=CARTESIAN_POINT('',(-2.97354315560868,91.9794617605095,124.502888177605));
#6569=CARTESIAN_POINT('',(-10.7765942937829,105.527884743515,126.006111102397));
#6570=CARTESIAN_POINT('',(-10.7765838785393,105.528038489567,125.384790744766));
#6571=CARTESIAN_POINT('',(-10.4107630780505,105.792199768043,124.945522496552));
#6572=CARTESIAN_POINT('',(-10.0449422775616,106.056361046518,124.506254248337));
#6573=CARTESIAN_POINT('',(-9.52760408247863,106.429787671345,124.50635564447));
#6574=CARTESIAN_POINT('',(-21.9797597042252,115.88464156412,126.00848575516));
#6575=CARTESIAN_POINT('',(-21.9797491962426,115.884795234463,125.387165401542));
#6576=CARTESIAN_POINT('',(-21.7451817367646,116.270293511567,124.947924973902));
#6577=CARTESIAN_POINT('',(-21.5106142772865,116.65579178867,124.508684546263));
#6578=CARTESIAN_POINT('',(-21.178896384701,117.200814875453,124.508825283366));
#6579=CARTESIAN_POINT('',(-36.2525206605138,121.051542665325,126.009522918941));
#6580=CARTESIAN_POINT('',(-36.2525099958803,121.051696370026,125.388202573051));
#6581=CARTESIAN_POINT('',(-36.1851582597503,121.497728604818,124.948974305088));
#6582=CARTESIAN_POINT('',(-36.1178065236203,121.94376083961,124.509746037125));
#6583=CARTESIAN_POINT('',(-36.0225674686104,122.57439184451,124.50990393366));
#6584=CARTESIAN_POINT('',(-51.1694499851676,120.326609686327,126.009089946432));
#6585=CARTESIAN_POINT('',(-51.1694393022558,120.326763464083,125.387769617656));
#6586=CARTESIAN_POINT('',(-51.2768503526923,120.764302545043,124.948536289777));
#6587=CARTESIAN_POINT('',(-51.3842614031287,121.201841626003,124.509302961897));
#6588=CARTESIAN_POINT('',(-51.536174230536,121.820461470032,124.509453642227));
#6589=CARTESIAN_POINT('',(-60.0944130887093,116.180659969746,126.007911514328));
#6590=CARTESIAN_POINT('',(-60.0944022962299,116.180813871946,125.386591207619));
#6591=CARTESIAN_POINT('',(-60.3063756513515,116.569780162813,124.947344079876));
#6592=CARTESIAN_POINT('',(-60.5183490064731,116.95874645368,124.508096952134));
#6593=CARTESIAN_POINT('',(-60.8181353639984,117.508673902795,124.508228072881));
#6594=CARTESIAN_POINT('',(-63.9486299173457,113.39582790551,126.00715633141));
#6595=CARTESIAN_POINT('',(-63.9486193613472,113.395981783864,125.385836006994));
#6596=CARTESIAN_POINT('',(-64.2057477447283,113.752321744084,124.946580049114));
#6597=CARTESIAN_POINT('',(-64.4628761281094,114.108661704303,124.507324091234));
#6598=CARTESIAN_POINT('',(-64.8265211311578,114.61244863051,124.507442682661));
#6599=CARTESIAN_POINT('',(-3.85737754592867,62.7084271069284,125.995623841667));
#6600=CARTESIAN_POINT('',(16.4237939401349,100.851761875715,126.005415122023));
#6601=CARTESIAN_POINT('',(-21.7195420782864,121.132932903206,126.009789986206));
#6602=CARTESIAN_POINT('',(-59.8628780967078,141.414103930698,126.014164850388));
#6603=CARTESIAN_POINT('',(-80.1440495827713,103.270769161912,126.004373570033));
#6604=CARTESIAN_POINT('',(-3.85735206148746,62.7087986021278,124.495623887887));
#6605=CARTESIAN_POINT('',(16.4238194245761,100.852133370914,124.505415168242));
#6606=CARTESIAN_POINT('',(-21.7195165938452,121.133304398406,124.509790032425));
#6607=CARTESIAN_POINT('',(-59.8628526122665,141.414475425898,124.514164896608));
#6608=CARTESIAN_POINT('',(-80.1440240983301,103.271140657111,124.504373616252));
#6609=CARTESIAN_POINT('',(-33.2221922621061,70.8176945710837,163.997134484656));
#6610=CARTESIAN_POINT('',(-29.4085272391427,65.5343149339141,163.995890777205));
#6611=CARTESIAN_POINT('',(-25.6190667451461,60.2846666260429,163.261503513712));
#6612=CARTESIAN_POINT('',(-21.9019373498036,55.1354207647523,161.803299494061));
#6613=CARTESIAN_POINT('',(-40.385178489032,65.6472865811979,163.99573226701));
#6614=CARTESIAN_POINT('',(-39.6831105366753,58.1178847061553,163.993879437024));
#6615=CARTESIAN_POINT('',(-38.9854882988836,50.6364765265092,163.258886918926));
#6616=CARTESIAN_POINT('',(-38.3011716556602,43.2980767580849,161.800089199428));
#6617=CARTESIAN_POINT('',(-49.0488881976793,67.1148459385175,163.995948534651));
#6618=CARTESIAN_POINT('',(-52.1103307277004,60.2229509987907,163.994189651234));
#6619=CARTESIAN_POINT('',(-55.1523204714616,53.3750015499615,163.259290483131));
#6620=CARTESIAN_POINT('',(-58.1362238209355,46.6579673115605,161.800584331472));
#6621=CARTESIAN_POINT('',(-54.1638519486155,74.2010204619366,163.997616619877));
#6622=CARTESIAN_POINT('',(-59.4472317711936,70.3873556332784,163.996582351767));
#6623=CARTESIAN_POINT('',(-64.6970493821664,66.5980893631686,163.262403197593));
#6624=CARTESIAN_POINT('',(-69.8466315140745,62.8813457546121,161.804403314224));
#6625=CARTESIAN_POINT('',(-59.2788156524438,81.2871949201057,163.999284705176));
#6626=CARTESIAN_POINT('',(-66.7841327471362,80.5517601741798,163.998975052279));
#6627=CARTESIAN_POINT('',(-74.2417782049821,79.8211770546158,163.265515912028));
#6628=CARTESIAN_POINT('',(-81.5570390993734,79.1047240482763,161.808222297031));
#6629=CARTESIAN_POINT('',(-57.9435121776779,89.9722714912676,164.001458367702));
#6630=CARTESIAN_POINT('',(-64.868774215874,93.0096289804181,164.002092952554));
#6631=CARTESIAN_POINT('',(-71.7500479990975,96.0278806554693,163.269572054116));
#6632=CARTESIAN_POINT('',(-78.4999405850845,98.988694384472,161.813198769183));
#6633=CARTESIAN_POINT('',(-50.7805259500924,95.1426793668307,164.002860585348));
#6634=CARTESIAN_POINT('',(-54.59419091739,100.426059044202,164.004104292711));
#6635=CARTESIAN_POINT('',(-58.3836264441262,105.676070541698,163.272188648813));
#6636=CARTESIAN_POINT('',(-62.1007062777133,110.826038129398,161.816409063684));
#6637=CARTESIAN_POINT('',(-50.780526078256,95.1426792743193,164.002860585293));
#6638=CARTESIAN_POINT('',(-54.5941911012213,100.426058911486,164.004104292666));
#6639=CARTESIAN_POINT('',(-58.3836266832699,105.676070369043,163.272188648814));
#6640=CARTESIAN_POINT('',(-62.1007065711132,110.826037917659,161.816409063624));
#6641=CARTESIAN_POINT('',(-43.6175398513379,100.313087264201,164.004262802944));
#6642=CARTESIAN_POINT('',(-44.3196078036831,107.842489139216,164.006115632931));
#6643=CARTESIAN_POINT('',(-45.0172051295356,115.324260468579,163.274805243603));
#6644=CARTESIAN_POINT('',(-45.7014722652613,122.663381924247,161.819619358258));
#6645=CARTESIAN_POINT('',(-34.9538301426849,98.8455279068815,164.004046535303));
#6646=CARTESIAN_POINT('',(-31.8923876126709,105.737422846595,164.005805418721));
#6647=CARTESIAN_POINT('',(-28.8503729569654,112.585735445061,163.274401679398));
#6648=CARTESIAN_POINT('',(-25.8664200999958,119.303491370824,161.819124226214));
#6649=CARTESIAN_POINT('',(-29.8388663917495,91.759353383465,164.002378450078));
#6650=CARTESIAN_POINT('',(-24.5554865691717,95.5730182121218,164.003412718189));
#6651=CARTESIAN_POINT('',(-19.3056440462646,99.3626476319034,163.271288964936));
#6652=CARTESIAN_POINT('',(-14.1560124068626,103.080112927729,161.815305243462));
#6653=CARTESIAN_POINT('',(-24.7239026879245,84.6731789253091,164.000710364778));
#6654=CARTESIAN_POINT('',(-17.2185855932426,85.4086136712361,164.001020017677));
#6655=CARTESIAN_POINT('',(-9.76091522345145,86.1395599404664,163.268176250503));
#6656=CARTESIAN_POINT('',(-2.4456048215703,86.8567346341036,161.811486260744));
#6657=CARTESIAN_POINT('',(-26.0592061626866,75.9881023541424,163.998536702252));
#6658=CARTESIAN_POINT('',(-19.1339441244918,72.9507448649965,163.997902117401));
#6659=CARTESIAN_POINT('',(-12.2526454293331,69.9328563396221,163.264120108414));
#6660=CARTESIAN_POINT('',(-5.50270333585011,66.9727642978962,161.806509788596));
#6661=CARTESIAN_POINT('',(-33.2221923902662,70.8176944785867,163.997134484601));
#6662=CARTESIAN_POINT('',(-29.4085274229655,65.5343148012296,163.995890777159));
#6663=CARTESIAN_POINT('',(-25.6190669842915,60.2846664534277,163.261503513713));
#6664=CARTESIAN_POINT('',(-21.901937643207,55.1354205529783,161.803299494011));
#6665=CARTESIAN_POINT('',(-42.0016819731106,98.4754775031595,183.003835732379));
#6666=CARTESIAN_POINT('',(-42.0017037853806,98.4751595384074,184.287693826049));
#6667=CARTESIAN_POINT('',(-57.5016786325652,98.4754775683789,183.003572393234));
#6668=CARTESIAN_POINT('',(-57.5017004448353,98.4751596036268,184.287430486904));
#6669=CARTESIAN_POINT('',(-57.5016786325652,82.9754813820504,182.999733610374));
#6670=CARTESIAN_POINT('',(-57.5017004448353,82.9751634172983,184.283591704044));
#6671=CARTESIAN_POINT('',(-57.5016786325652,67.4754851957218,182.995894827513));
#6672=CARTESIAN_POINT('',(-57.5017004448353,67.4751672309697,184.279752921183));
#6673=CARTESIAN_POINT('',(-42.0016819731106,67.4754851305023,182.996158166658));
#6674=CARTESIAN_POINT('',(-42.0017037853806,67.4751671657502,184.280016260328));
#6675=CARTESIAN_POINT('',(-42.0016819731106,67.4754851305023,182.996158166658));
#6676=CARTESIAN_POINT('',(-42.0013486749781,67.4803437287912,163.378415333316));
#6677=CARTESIAN_POINT('',(-57.5016786325652,67.4754851957218,182.995894827513));
#6678=CARTESIAN_POINT('',(-57.5013453344327,67.4803437940107,163.378151994171));
#6679=CARTESIAN_POINT('',(-57.5016786325652,82.9754813820504,182.999733610374));
#6680=CARTESIAN_POINT('',(-57.5013453344327,82.9803399803393,163.381990777032));
#6681=CARTESIAN_POINT('',(-57.5016786325652,98.4754775683789,183.003572393234));
#6682=CARTESIAN_POINT('',(-57.5013453344327,98.4803361666678,163.385829559892));
#6683=CARTESIAN_POINT('',(-42.0016819731106,98.4754775031595,183.003835732379));
#6684=CARTESIAN_POINT('',(-42.0013486749781,98.4803361014483,163.386092899037));
#6685=CARTESIAN_POINT('',(-80.1440495827713,103.270769161912,126.004373570033));
#6686=CARTESIAN_POINT('',(-100.425221068835,65.1274343931252,125.994582289677));
#6687=CARTESIAN_POINT('',(-62.2818850504135,44.8462633656336,125.990207425494));
#6688=CARTESIAN_POINT('',(-24.1385490319922,24.5650923381419,125.985832561312));
#6689=CARTESIAN_POINT('',(-3.85737754592867,62.7084271069284,125.995623841667));
#6690=CARTESIAN_POINT('',(-80.1440240983301,103.271140657111,124.504373616252));
#6691=CARTESIAN_POINT('',(-100.425195584394,65.1278058883248,124.494582335896));
#6692=CARTESIAN_POINT('',(-62.2818595659723,44.846634860833,124.490207471714));
#6693=CARTESIAN_POINT('',(-24.1385235475509,24.5654638333414,124.485832607531));
#6694=CARTESIAN_POINT('',(-3.85735206148746,62.7087986021278,124.495623887887));
#6695=CARTESIAN_POINT('',(-42.0016819731106,67.4754851305023,182.996158166658));
#6696=CARTESIAN_POINT('',(-42.0017037853806,67.4751671657502,184.280016260328));
#6697=CARTESIAN_POINT('',(-26.5016853136559,67.4754850652829,182.996421505803));
#6698=CARTESIAN_POINT('',(-26.501707125926,67.4751671005308,184.280279599473));
#6699=CARTESIAN_POINT('',(-26.5016853136559,82.9754812516114,183.000260288664));
#6700=CARTESIAN_POINT('',(-26.5017071259259,82.9751632868593,184.284118382334));
#6701=CARTESIAN_POINT('',(-26.5016853136559,98.47547743794,183.004099071524));
#6702=CARTESIAN_POINT('',(-26.5017071259259,98.4751594731879,184.287957165194));
#6703=CARTESIAN_POINT('',(-42.0016819731106,98.4754775031595,183.003835732379));
#6704=CARTESIAN_POINT('',(-42.0017037853806,98.4751595384074,184.287693826049));
#6705=CARTESIAN_POINT('',(-43.408057994072,105.68369138779,176.005596834186));
#6706=CARTESIAN_POINT('',(-44.4047688395936,105.600171856883,175.005559184913));
#6707=CARTESIAN_POINT('',(-44.2920300111431,104.103652543694,175.005386925696));
#6708=CARTESIAN_POINT('',(-43.3153153722005,104.18656102949,176.005227625325));
#6709=CARTESIAN_POINT('',(-47.9026868671045,103.391635176913,175.006791633078));
#6710=CARTESIAN_POINT('',(-48.3242561475816,104.831202106194,175.00530208987));
#6711=CARTESIAN_POINT('',(-48.7989475188405,103.110720087152,176.004868010061));
#6712=CARTESIAN_POINT('',(-49.278764710281,104.531906978096,176.005211833677));
#6713=CARTESIAN_POINT('',(-43.3154342995912,104.184827385247,183.005227409668));
#6714=CARTESIAN_POINT('',(-60.7643043493004,92.9517524435154,183.00214893754));
#6715=CARTESIAN_POINT('',(-48.7990154773452,103.109729433286,180.004867890774));
#6716=CARTESIAN_POINT('',(-56.3800915032499,98.6229878578267,180.003627889106));
#6717=CARTESIAN_POINT('',(-60.7642351318332,92.952383966174,180.388099894443));
#6718=CARTESIAN_POINT('',(-43.4081769214627,105.681957743547,183.005596618506));
#6719=CARTESIAN_POINT('',(-57.395062831662,99.7274849111273,180.003884188692));
#6720=CARTESIAN_POINT('',(-49.2788326687866,104.530916324225,180.005211714919));
#6721=CARTESIAN_POINT('',(-43.2536363444614,103.186530308843,184.004981248012));
#6722=CARTESIAN_POINT('',(-43.2536807766273,103.186194758879,185.504981422692));
#6723=CARTESIAN_POINT('',(-61.8729116928909,79.0766294982686,183.998693771735));
#6724=CARTESIAN_POINT('',(-62.8541624103308,78.8843713463004,182.998629455564));
#6725=CARTESIAN_POINT('',(-40.7961316674471,63.5125363978746,183.995197201606));
#6726=CARTESIAN_POINT('',(-49.1929244674393,64.8496645732909,183.995385700438));
#6727=CARTESIAN_POINT('',(-40.7497636945546,62.7639711188204,183.995012597106));
#6728=CARTESIAN_POINT('',(-34.5338878616981,101.797940005787,184.004785490415));
#6729=CARTESIAN_POINT('',(-34.8104734580373,101.100802733488,184.00460813571));
#6730=CARTESIAN_POINT('',(-43.2072662580334,102.437930908889,184.004796635141));
#6731=CARTESIAN_POINT('',(-49.4695224048979,64.1524961950313,183.995208337923));
#6732=CARTESIAN_POINT('',(-43.2073111877255,102.437603390971,185.504796811755));
#6733=CARTESIAN_POINT('',(-62.8541636680064,78.8848386331963,181.161697179627));
#6734=CARTESIAN_POINT('',(-64.3260151133416,78.5960703174984,181.161600663156));
#6735=CARTESIAN_POINT('',(-62.345377539027,76.8360035790276,181.266911033858));
#6736=CARTESIAN_POINT('',(-63.7814230645394,76.4030105959339,181.274220516458));
#6737=CARTESIAN_POINT('',(-62.2046857127695,76.3876275005621,182.998022087876));
#6738=CARTESIAN_POINT('',(-62.2128048363105,76.4127482756196,182.09802819306));
#6739=CARTESIAN_POINT('',(-62.2127993249069,76.4128286171364,181.773630232326));
#6740=CARTESIAN_POINT('',(-63.6394661468644,75.9495617085658,181.773491259497));
#6741=CARTESIAN_POINT('',(-63.639472535075,75.9494810823301,182.097889220158));
#6742=CARTESIAN_POINT('',(-57.4986980781929,68.4359482673775,182.096132721987));
#6743=CARTESIAN_POINT('',(-58.5926053206473,67.4096133566896,182.095859951255));
#6744=CARTESIAN_POINT('',(-57.375454223171,68.3056681141603,182.996102577497));
#6745=CARTESIAN_POINT('',(-49.8382738692595,63.2232586013588,182.994971904625));
#6746=CARTESIAN_POINT('',(-57.0965541873217,68.0192025057787,181.089068403521));
#6747=CARTESIAN_POINT('',(-50.2278101175153,63.3824309183747,182.427434824843));
#6748=CARTESIAN_POINT('',(-57.4986892534213,68.4360769089845,181.576711722158));
#6749=CARTESIAN_POINT('',(-50.7857932565594,61.9898716028891,182.43077016619));
#6750=CARTESIAN_POINT('',(-58.1944592160362,66.9961131151904,181.081895421842));
#6751=CARTESIAN_POINT('',(-58.5925956398021,67.4097428014904,181.576438951627));
#6752=CARTESIAN_POINT('',(-50.3914427291092,61.8290041682183,182.925220301568));
#6753=CARTESIAN_POINT('',(-49.8231043726247,63.2171836980745,182.902312276096));
#6754=CARTESIAN_POINT('',(-50.3914436930962,61.8289875069297,182.994617196471));
#6755=CARTESIAN_POINT('',(-49.4695595969832,64.1520887111773,185.495208494936));
#6756=CARTESIAN_POINT('',(-49.1929629136333,64.8492539284404,185.495385856571));
#6757=CARTESIAN_POINT('',(-62.0887388043366,93.6559586310476,183.002300842002));
#6758=CARTESIAN_POINT('',(-64.3260865851056,78.5956074772759,182.998532931395));
#6759=CARTESIAN_POINT('',(-61.8729708047341,79.0762780736013,185.498693942155));
#6760=CARTESIAN_POINT('',(-40.7961571518882,63.5121649026754,185.49519715539));
#6761=CARTESIAN_POINT('',(-40.6879227850467,61.7661324534945,182.99476648876));
#6762=CARTESIAN_POINT('',(-40.6878025382923,61.7678661794855,175.994766704374));
#6763=CARTESIAN_POINT('',(-40.5950656471073,60.2707323684467,175.994397494611));
#6764=CARTESIAN_POINT('',(-40.5951867952762,60.2690011854307,182.994397279578));
#6765=CARTESIAN_POINT('',(-40.7497891789936,62.7635996236233,185.495012550882));
#6766=CARTESIAN_POINT('',(-39.6911553657204,61.8534355475578,174.994807442603));
#6767=CARTESIAN_POINT('',(-39.5983221510086,60.3547491343401,174.994437947854));
#6768=CARTESIAN_POINT('',(-36.1591505066738,62.546390838879,174.99503642594));
#6769=CARTESIAN_POINT('',(-35.6788357941741,61.1237226504851,174.994692566627));
#6770=CARTESIAN_POINT('',(-33.6119351903924,104.12197946344,183.005331608061));
#6771=CARTESIAN_POINT('',(-33.2175620911653,103.961368769115,182.441433605618));
#6772=CARTESIAN_POINT('',(-25.8088484852296,98.9557972604007,181.090336587708));
#6773=CARTESIAN_POINT('',(-25.4107290122491,98.5419227498116,181.584689106167));
#6774=CARTESIAN_POINT('',(-25.4107326129163,98.5417952743573,182.104122054821));
#6775=CARTESIAN_POINT('',(-20.3638642622601,90.0019282523459,182.102096538388));
#6776=CARTESIAN_POINT('',(-20.2218710581475,89.5488225494687,181.278194661979));
#6777=CARTESIAN_POINT('',(-19.6772551925958,87.3558120160599,181.164507586331));
#6778=CARTESIAN_POINT('',(-21.9145840276446,72.2956517084871,180.383638952571));
#6779=CARTESIAN_POINT('',(-26.60819944002,66.2249630839706,179.996109532797));
#6780=CARTESIAN_POINT('',(-34.7244290172779,61.4215306811631,179.994782706145));
#6781=CARTESIAN_POINT('',(-34.7243605436749,61.4225198818984,175.994782824559));
#6782=CARTESIAN_POINT('',(-21.9146263785682,72.2950025759324,182.993296724658));
#6783=CARTESIAN_POINT('',(-19.6772809373299,87.3553687634784,183.006644737771));
#6784=CARTESIAN_POINT('',(-35.2042444563623,62.842719656262,179.99512619332));
#6785=CARTESIAN_POINT('',(-27.6231920724579,67.3294874185152,179.996366201088));
#6786=CARTESIAN_POINT('',(-23.2390416705999,72.9998797609285,180.383795918928));
#6787=CARTESIAN_POINT('',(-34.1650891791013,102.727703673221,183.005021342027));
#6788=CARTESIAN_POINT('',(-21.8058258000766,89.5853123581813,183.001977083158));
#6789=CARTESIAN_POINT('',(-26.525006606541,97.5369031096064,183.00386622476));
#6790=CARTESIAN_POINT('',(-21.173617442749,87.189052510686,183.001394357789));
#6791=CARTESIAN_POINT('',(-23.2390468779377,72.9992115133015,182.997844962049));
#6792=CARTESIAN_POINT('',(-26.9067470691419,97.9327068771307,181.096976100217));
#6793=CARTESIAN_POINT('',(-33.77553949693,102.568814877221,182.43740266276));
#6794=CARTESIAN_POINT('',(-34.1650866241709,102.727720251362,182.935625099113));
#6795=CARTESIAN_POINT('',(-26.5046297671941,97.5155919529759,181.584422381109));
#6796=CARTESIAN_POINT('',(-26.5046352866821,97.5154601605424,182.103861232513));
#6797=CARTESIAN_POINT('',(-21.7905285285645,89.5386601523055,182.10196576144));
#6798=CARTESIAN_POINT('',(-21.148879862084,87.0696975707719,181.11331287957));
#6799=CARTESIAN_POINT('',(-21.6575495845728,89.1146891322318,181.294483279492));
#6800=CARTESIAN_POINT('',(-21.7905228918441,89.5387401402892,181.777567800583));
#6801=CARTESIAN_POINT('',(-35.2041764978545,62.8437103101261,175.995126313715));
#6802=CARTESIAN_POINT('',(-24.1209371095812,73.4685841478012,185.492078799226));
#6803=CARTESIAN_POINT('',(-37.8003951098654,82.3247366472348,185.499907345072));
#6804=CARTESIAN_POINT('',(-22.1315100162365,86.8740964387123,185.508270966834));
#6805=CARTESIAN_POINT('',(-34.5339122287239,101.797616582107,185.504785668213));
#6806=CARTESIAN_POINT('',(-34.8104978250587,101.100479309797,185.504608313688));
#6807=CARTESIAN_POINT('',(-46.1991540445153,83.6496016849526,185.500092879697));
#6808=CARTESIAN_POINT('',(-59.881489453329,92.4816751206582,185.502047803898));
#6809=CARTESIAN_POINT('',(-33.6119348565781,104.121991098814,182.935934711908));
#6810=CARTESIAN_POINT('',(-20.3638586255397,90.0020082403297,181.777698577531));
#6811=CARTESIAN_POINT('',(-41.3157496555132,105.914605458267,171.776135670784));
#6812=CARTESIAN_POINT('',(-32.5632081839413,103.893806601278,172.234891495869));
#6813=CARTESIAN_POINT('',(-33.6885809209088,99.0192817868562,172.233665087136));
#6814=CARTESIAN_POINT('',(-42.4411223924791,101.040080643844,171.774909262059));
#6815=CARTESIAN_POINT('',(-40.7200157905364,106.287396100054,171.801619458678));
#6816=CARTESIAN_POINT('',(-32.9352267713359,104.490033265121,172.209651451656));
#6817=CARTESIAN_POINT('',(-39.2578312643359,112.620802520746,171.803212974851));
#6818=CARTESIAN_POINT('',(-31.4730468504086,110.823440749128,172.211244726459));
#6819=CARTESIAN_POINT('',(-39.7417100075587,112.732520515578,171.777850909877));
#6820=CARTESIAN_POINT('',(-30.9891683690482,110.711721620055,172.236606791183));
#6821=CARTESIAN_POINT('',(-37.889802224397,117.436484808955,171.817189623326));
#6822=CARTESIAN_POINT('',(-30.5915656083029,115.751457864553,172.19971945482));
#6823=CARTESIAN_POINT('',(-33.1442828200351,98.893678404329,172.004089450531));
#6824=CARTESIAN_POINT('',(-42.9854204743366,101.165684018907,172.004484946069));
#6825=CARTESIAN_POINT('',(-42.0016819731106,98.4754775031595,183.003835732379));
#6826=CARTESIAN_POINT('',(-21.9019374231603,55.1354207118164,161.803299494041));
#6827=CARTESIAN_POINT('',(-62.1007062777169,110.826038129395,161.816409063676));
#6828=CARTESIAN_POINT('',(-64.8270557095282,114.604657544096,155.969215845832));
#6829=CARTESIAN_POINT('',(-19.175389312618,51.3596979848356,155.954327984239));
#6830=CARTESIAN_POINT('',(-19.1748873683411,51.3670200252814,126.392554762907));
#6831=CARTESIAN_POINT('',(-64.8265534114501,114.611978069923,126.407442624131));
#6832=CARTESIAN_POINT('',(-19.1748805724901,51.3671190906681,125.992554775247));
#6833=CARTESIAN_POINT('',(-64.8265466155991,114.61207713531,126.007442636442));
#6834=CARTESIAN_POINT('',(-3.85737754592867,62.7084271069284,125.995623841667));
#6835=CARTESIAN_POINT('',(-50.7805005137166,95.1430508273264,162.502860631547));
#6836=CARTESIAN_POINT('',(-33.2221668257293,70.8180660315982,162.497134530856));
#6837=CARTESIAN_POINT('',(-22.0982169357732,55.4077391537705,160.341342917676));
#6838=CARTESIAN_POINT('',(-61.9043770876564,110.554443864991,160.354324450356));
#6839=CARTESIAN_POINT('',(-63.9491389848794,113.38840823512,155.96892954078));
#6840=CARTESIAN_POINT('',(-20.053306038972,52.5759472895104,155.954614289288));
#6841=CARTESIAN_POINT('',(-20.0528040581056,52.5832692611958,126.392841067939));
#6842=CARTESIAN_POINT('',(-63.9486367182683,113.395728836476,126.407156319099));
#6843=CARTESIAN_POINT('',(-20.0527972661845,52.5833683237587,125.992841080279));
#6844=CARTESIAN_POINT('',(-63.9486299173457,113.39582790551,126.00715633141));
#6845=CARTESIAN_POINT('',(-19.1748550880489,51.3674905858676,124.492554821466));
#6846=CARTESIAN_POINT('',(-64.8265211311578,114.61244863051,124.507442682661));
#6847=CARTESIAN_POINT('',(-3.85735206148746,62.7087986021278,124.495623887887));
#6848=CARTESIAN_POINT('',(-51.0731629204854,95.5480933921671,164.001510940259));
#6849=CARTESIAN_POINT('',(-32.9295553588043,70.4122811775798,163.9955939708));
#6850=CARTESIAN_POINT('',(-42.0013591456569,98.4801834668622,164.002391238418));
#6851=CARTESIAN_POINT('',(-42.0015571520253,98.4772970618435,175.656936027683));
#6852=CARTESIAN_POINT('',(-43.6255722226281,98.3928822448881,172.003787348416));
#6853=CARTESIAN_POINT('',(-33.7844345683286,96.1208766303018,172.003391852879));
#6854=CARTESIAN_POINT('',(-42.0014330224143,98.4791065406757,168.350736115157));
#6855=CARTESIAN_POINT('',(-42.001698962737,98.4752298396958,184.003835701618));
#6856=CARTESIAN_POINT('',(-42.0016819731106,67.4754851305023,182.996158166658));
#6857=CARTESIAN_POINT('',(-42.001359145657,67.4801918595897,163.994713672845));
#6858=CARTESIAN_POINT('',(-80.1440495827713,103.270769161912,126.004373570033));
#6859=CARTESIAN_POINT('',(-80.1440240983301,103.271140657111,124.504373616252));
#6860=CARTESIAN_POINT('',(-42.0016989627376,67.4752374670387,183.996158135895));
#6861=CARTESIAN_POINT('',(-43.408057994072,105.68369138779,176.005596834186));
#6862=CARTESIAN_POINT('',(-43.4063880088855,105.683845264513,175.743148284001));
#6863=CARTESIAN_POINT('',(-43.515035573931,105.677794376097,175.483364977406));
#6864=CARTESIAN_POINT('',(-43.884929895584,105.650018054936,175.112660990267));
#6865=CARTESIAN_POINT('',(-44.1437902877431,105.62798353809,175.003931715729));
#6866=CARTESIAN_POINT('',(-44.4047688395936,105.600171856883,175.005559184913));
#6867=CARTESIAN_POINT('',(-44.2920300111431,104.103652543694,175.005386925696));
#6868=CARTESIAN_POINT('',(-44.0344435554879,104.131647080744,175.008875655515));
#6869=CARTESIAN_POINT('',(-43.7809886088061,104.153478850929,175.120003706291));
#6870=CARTESIAN_POINT('',(-43.4194676045204,104.180862846157,175.489526399779));
#6871=CARTESIAN_POINT('',(-43.3136193955635,104.186710804867,175.746125859307));
#6872=CARTESIAN_POINT('',(-43.3153153722005,104.18656102949,176.005227625325));
#6873=CARTESIAN_POINT('',(-43.3153153722005,104.18656102949,176.005227625325));
#6874=CARTESIAN_POINT('',(-43.346229579491,104.685604482257,176.005350694946));
#6875=CARTESIAN_POINT('',(-43.3771437867815,105.184647935024,176.005473764566));
#6876=CARTESIAN_POINT('',(-43.408057994072,105.68369138779,176.005596834186));
#6877=CARTESIAN_POINT('',(-47.9026868671045,103.391635176913,175.006791633078));
#6878=CARTESIAN_POINT('',(-47.7552487692664,103.434270130365,175.003489842027));
#6879=CARTESIAN_POINT('',(-47.6072663228654,103.475307899784,175.005450548282));
#6880=CARTESIAN_POINT('',(-47.3105057880748,103.554170307819,175.004869297028));
#6881=CARTESIAN_POINT('',(-47.161685704721,103.591994753868,175.005053550139));
#6882=CARTESIAN_POINT('',(-46.7140741763163,103.70061012208,175.005036517005));
#6883=CARTESIAN_POINT('',(-46.4140894273689,103.76654652316,175.005065969509));
#6884=CARTESIAN_POINT('',(-45.5102890628243,103.944773748131,175.005183825625));
#6885=CARTESIAN_POINT('',(-44.9025858919607,104.037472411951,175.005004820706));
#6886=CARTESIAN_POINT('',(-44.2920300111431,104.103652543694,175.005386925696));
#6887=CARTESIAN_POINT('',(-44.4047688395936,105.600171856883,175.005559184913));
#6888=CARTESIAN_POINT('',(-44.2920300111431,104.103652543694,175.005386925696));
#6889=CARTESIAN_POINT('',(-44.4047688395936,105.600171856883,175.005559184913));
#6890=CARTESIAN_POINT('',(-45.0676064112391,105.5297905877,175.005530497556));
#6891=CARTESIAN_POINT('',(-45.7273239850944,105.430190032907,175.005494604646));
#6892=CARTESIAN_POINT('',(-46.7084709092082,105.237696966555,175.00543023614));
#6893=CARTESIAN_POINT('',(-47.0340996950905,105.16635359375,175.005407026122));
#6894=CARTESIAN_POINT('',(-47.5199689536747,105.048657165638,175.005369613574));
#6895=CARTESIAN_POINT('',(-47.6814972209602,105.007644309065,175.00535670967));
#6896=CARTESIAN_POINT('',(-48.0035916652756,104.922080262705,175.005330043957));
#6897=CARTESIAN_POINT('',(-48.1641857131347,104.877521493938,175.005316279797));
#6898=CARTESIAN_POINT('',(-48.3242561475816,104.831202106194,175.00530208987));
#6899=CARTESIAN_POINT('',(-48.3242561475816,104.831202106194,175.00530208987));
#6900=CARTESIAN_POINT('',(-47.9026868671045,103.391635176913,175.006791633078));
#6901=CARTESIAN_POINT('',(-48.7989475188405,103.110720087152,176.004868010061));
#6902=CARTESIAN_POINT('',(-48.8004017802876,103.110270231898,175.752700853554));
#6903=CARTESIAN_POINT('',(-48.7056849291561,103.142952813334,175.502695165052));
#6904=CARTESIAN_POINT('',(-48.376860786278,103.249183409043,175.135979076359));
#6905=CARTESIAN_POINT('',(-48.1446245213596,103.321712892244,175.020582965597));
#6906=CARTESIAN_POINT('',(-47.9026868671045,103.391635176913,175.006791633078));
#6907=CARTESIAN_POINT('',(-48.3242561475816,104.831202106194,175.00530208987));
#6908=CARTESIAN_POINT('',(-48.5763985508218,104.758341852297,175.003641654035));
#6909=CARTESIAN_POINT('',(-48.8244043243314,104.680933434819,175.112337017397));
#6910=CARTESIAN_POINT('',(-49.1774232449359,104.566879965551,175.482995874173));
#6911=CARTESIAN_POINT('',(-49.2803350609818,104.531425246769,175.742761977498));
#6912=CARTESIAN_POINT('',(-49.278764710281,104.531906978096,176.005211833677));
#6913=CARTESIAN_POINT('',(-49.278764710281,104.531906978096,176.005211833677));
#6914=CARTESIAN_POINT('',(-48.7989475188405,103.110720087152,176.004868010061));
#6915=CARTESIAN_POINT('',(-43.3154342995912,104.184827385247,183.005227409668));
#6916=CARTESIAN_POINT('',(-44.8029225686513,104.092857724341,183.005179360273));
#6917=CARTESIAN_POINT('',(-46.2806092367422,103.843556498135,183.005092512122));
#6918=CARTESIAN_POINT('',(-47.7159935604425,103.442755610175,183.00496886174));
#6919=CARTESIAN_POINT('',(-49.1846399214132,103.032666997769,183.004842346018));
#6920=CARTESIAN_POINT('',(-50.6090006851497,102.463975993506,183.004677302672));
#6921=CARTESIAN_POINT('',(-51.9561645281336,101.749698888631,183.004477514514));
#6922=CARTESIAN_POINT('',(-53.3033283711171,101.035421783757,183.004277726356));
#6923=CARTESIAN_POINT('',(-54.573295293348,100.175558578271,183.004043193385));
#6924=CARTESIAN_POINT('',(-55.7367876696632,99.1899867495874,183.003779335943));
#6925=CARTESIAN_POINT('',(-56.8739291640957,98.2267362419311,183.003521454368));
#6926=CARTESIAN_POINT('',(-57.9093643885115,97.143406751411,183.003235561566));
#6927=CARTESIAN_POINT('',(-58.8202617653818,95.9638978444075,183.002927964488));
#6928=CARTESIAN_POINT('',(-59.5515327060774,95.0169848222768,183.0026810247));
#6929=CARTESIAN_POINT('',(-60.2025399637884,94.0080849074352,183.002420096673));
#6930=CARTESIAN_POINT('',(-60.7643043493004,92.9517524435154,183.00214893754));
#6931=CARTESIAN_POINT('',(-43.3153153722005,104.18656102949,176.005227625325));
#6932=CARTESIAN_POINT('',(-43.3153550146551,104.185983148232,178.338560330481));
#6933=CARTESIAN_POINT('',(-43.3153946571096,104.185405266942,180.671893035605));
#6934=CARTESIAN_POINT('',(-43.3154342995912,104.184827385247,183.005227409668));
#6935=CARTESIAN_POINT('',(-48.7989475188405,103.110720087152,176.004868010061));
#6936=CARTESIAN_POINT('',(-48.7989701716859,103.11038986904,177.338201939414));
#6937=CARTESIAN_POINT('',(-48.7989928245148,103.110059651163,178.671534915092));
#6938=CARTESIAN_POINT('',(-48.7990154773452,103.109729433286,180.004867890774));
#6939=CARTESIAN_POINT('',(-48.7990154773452,103.109729433286,180.004867890774));
#6940=CARTESIAN_POINT('',(-48.8341570742551,103.0978651242,180.004864355376));
#6941=CARTESIAN_POINT('',(-49.5160476658128,102.865657426666,180.004795260945));
#6942=CARTESIAN_POINT('',(-50.8215171324335,102.345646719922,180.004644293821));
#6943=CARTESIAN_POINT('',(-52.6459753723229,101.406162261994,180.004380621018));
#6944=CARTESIAN_POINT('',(-54.3714715402458,100.295331776077,180.00407619332));
#6945=CARTESIAN_POINT('',(-55.5926687521061,99.33091934926,180.003816595907));
#6946=CARTESIAN_POINT('',(-56.2418291371408,98.7500452680801,180.003661705628));
#6947=CARTESIAN_POINT('',(-56.3800915032499,98.6229878578267,180.003627889106));
#6948=CARTESIAN_POINT('',(-60.7642351318332,92.952383966174,180.388099894443));
#6949=CARTESIAN_POINT('',(-60.764258204453,92.9521734583748,181.25944957547));
#6950=CARTESIAN_POINT('',(-60.7642812766807,92.9519629513132,182.1307992565));
#6951=CARTESIAN_POINT('',(-60.7643043493004,92.9517524435154,183.00214893754));
#6952=CARTESIAN_POINT('',(-56.3800915032499,98.6229878578267,180.003627889106));
#6953=CARTESIAN_POINT('',(-58.1477765069775,96.9985589398476,180.131845903749));
#6954=CARTESIAN_POINT('',(-59.637218998128,95.0721191200706,180.259993756354));
#6955=CARTESIAN_POINT('',(-60.7642351318332,92.952383966174,180.388099894443));
#6956=CARTESIAN_POINT('',(-43.4081769214627,105.681957743547,183.005596618506));
#6957=CARTESIAN_POINT('',(-43.3772627141722,105.18291429078,183.005473548893));
#6958=CARTESIAN_POINT('',(-43.3463485068817,104.683870838014,183.00535047928));
#6959=CARTESIAN_POINT('',(-43.3154342995912,104.184827385247,183.005227409668));
#6960=CARTESIAN_POINT('',(-43.4081769214627,105.681957743547,183.005596618506));
#6961=CARTESIAN_POINT('',(-43.4081372789811,105.682535625242,180.67226224445));
#6962=CARTESIAN_POINT('',(-43.4080976365266,105.683113506532,178.338929539334));
#6963=CARTESIAN_POINT('',(-43.408057994072,105.68369138779,176.005596834186));
#6964=CARTESIAN_POINT('',(-56.3800915032499,98.6229878578267,180.003627889106));
#6965=CARTESIAN_POINT('',(-56.7184153600497,98.9911536300375,180.003713322358));
#6966=CARTESIAN_POINT('',(-57.056738974861,99.3593191389177,180.003798755496));
#6967=CARTESIAN_POINT('',(-57.395062831662,99.7274849111273,180.003884188692));
#6968=CARTESIAN_POINT('',(-48.7990154773452,103.109729433286,180.004867890774));
#6969=CARTESIAN_POINT('',(-49.2788326687866,104.530916324225,180.005211714919));
#6970=CARTESIAN_POINT('',(-49.2788326687866,104.530916324225,180.005211714919));
#6971=CARTESIAN_POINT('',(-49.6008483764525,104.422198758563,180.005179318651));
#6972=CARTESIAN_POINT('',(-50.5668051841947,104.07178747154,180.00507612333));
#6973=CARTESIAN_POINT('',(-52.1370653348307,103.37855548804,180.004877756946));
#6974=CARTESIAN_POINT('',(-53.9423665776839,102.377279955873,180.004599106196));
#6975=CARTESIAN_POINT('',(-55.6496154744554,101.216691042793,180.004282665179));
#6976=CARTESIAN_POINT('',(-56.7727146372207,100.294111660762,180.004035094939));
#6977=CARTESIAN_POINT('',(-57.3382833204513,99.7796624932327,180.003898075864));
#6978=CARTESIAN_POINT('',(-57.395062831662,99.7274849111273,180.003884188692));
#6979=CARTESIAN_POINT('',(-43.2536363444614,103.186530308843,184.004981248012));
#6980=CARTESIAN_POINT('',(-43.3154515376277,104.18458374524,184.005197316449));
#6981=CARTESIAN_POINT('',(-43.3154342995912,104.184827385247,183.005227409668));
#6982=CARTESIAN_POINT('',(-43.2536363444614,103.186530308843,184.004981248012));
#6983=CARTESIAN_POINT('',(-43.2536511551834,103.186418458855,184.504981306239));
#6984=CARTESIAN_POINT('',(-43.2536659659053,103.186306608867,185.004981364466));
#6985=CARTESIAN_POINT('',(-43.2536807766273,103.186194758879,185.504981422692));
#6986=CARTESIAN_POINT('',(-43.2536807766273,103.186194758879,185.504981422692));
#6987=CARTESIAN_POINT('',(-43.2942161141963,103.840666406523,185.509512246776));
#6988=CARTESIAN_POINT('',(-43.3745504542681,105.138012108235,184.960888064184));
#6989=CARTESIAN_POINT('',(-43.4084591379553,105.686172066267,183.661331532857));
#6990=CARTESIAN_POINT('',(-43.4081769214627,105.681957743547,183.005596618506));
#6991=CARTESIAN_POINT('',(-61.8729116928909,79.0766294982686,183.998693771735));
#6992=CARTESIAN_POINT('',(-62.1464865287505,80.4702164730081,183.99903426439));
#6993=CARTESIAN_POINT('',(-62.4017222956147,83.348115418019,183.999742678477));
#6994=CARTESIAN_POINT('',(-61.8623553187124,87.6659577616225,184.000821213949));
#6995=CARTESIAN_POINT('',(-60.4129328204968,91.7689440908037,184.001861998937));
#6996=CARTESIAN_POINT('',(-58.147506802426,95.4440896849211,184.002810686997));
#6997=CARTESIAN_POINT('',(-55.1645162391543,98.5650688636433,184.003634319432));
#6998=CARTESIAN_POINT('',(-51.5613126917313,101.004717377307,184.004299748334));
#6999=CARTESIAN_POINT('',(-47.5200557577138,102.618238798707,184.004768018095));
#7000=CARTESIAN_POINT('',(-44.6711261542797,103.098886909244,184.004935459322));
#7001=CARTESIAN_POINT('',(-43.2536363444614,103.186530308843,184.004981248012));
#7002=CARTESIAN_POINT('',(-62.8541624103308,78.8843713463004,182.998629455564));
#7003=CARTESIAN_POINT('',(-62.8541775419492,78.8841206284443,183.99859936044));
#7004=CARTESIAN_POINT('',(-61.8729116928909,79.0766294982686,183.998693771735));
#7005=CARTESIAN_POINT('',(-60.7643043493004,92.9517524435154,183.00214893754));
#7006=CARTESIAN_POINT('',(-61.8997986808977,90.8180432676724,183.001601190906));
#7007=CARTESIAN_POINT('',(-62.6663777430995,88.4889684560357,183.001011344763));
#7008=CARTESIAN_POINT('',(-63.3766474897153,83.7073663301955,182.999815051963));
#7009=CARTESIAN_POINT('',(-63.3204682546547,81.2560314256001,182.999208892355));
#7010=CARTESIAN_POINT('',(-62.8541624103308,78.8843713463004,182.998629455564));
#7011=CARTESIAN_POINT('',(-34.5338878616981,101.797940005787,184.004785490415));
#7012=CARTESIAN_POINT('',(-34.6260830604778,101.565560915021,184.00472637218));
#7013=CARTESIAN_POINT('',(-34.7182782592575,101.333181824254,184.004667253945));
#7014=CARTESIAN_POINT('',(-34.8104734580373,101.100802733488,184.00460813571));
#7015=CARTESIAN_POINT('',(-43.2072662580334,102.437930908889,184.004796635141));
#7016=CARTESIAN_POINT('',(-43.2227229535094,102.687464042207,184.004858172764));
#7017=CARTESIAN_POINT('',(-43.2381796489855,102.936997175525,184.004919710389));
#7018=CARTESIAN_POINT('',(-43.2536363444614,103.186530308843,184.004981248012));
#7019=CARTESIAN_POINT('',(-49.4695224048979,64.1524961950313,183.995208337923));
#7020=CARTESIAN_POINT('',(-49.3773230924117,64.3848856544511,183.995267458761));
#7021=CARTESIAN_POINT('',(-49.2851237799254,64.6172751138711,183.9953265796));
#7022=CARTESIAN_POINT('',(-49.1929244674393,64.8496645732909,183.995385700438));
#7023=CARTESIAN_POINT('',(-61.8729116928909,79.0766294982686,183.998693771735));
#7024=CARTESIAN_POINT('',(-61.5536718190433,77.4479021395596,183.998295819084));
#7025=CARTESIAN_POINT('',(-60.4949827996627,74.2185556879414,183.99751401443));
#7026=CARTESIAN_POINT('',(-57.7434959613433,69.8922709800981,183.996489298336));
#7027=CARTESIAN_POINT('',(-53.9935545353254,66.3958473231344,183.995687072105));
#7028=CARTESIAN_POINT('',(-51.0123546766474,64.7642814074153,183.995333642499));
#7029=CARTESIAN_POINT('',(-49.4695224048979,64.1524961950313,183.995208337923));
#7030=CARTESIAN_POINT('',(-40.7961316674471,63.5125363978746,183.995197201606));
#7031=CARTESIAN_POINT('',(-42.221972615059,63.4240050133025,183.995151051159));
#7032=CARTESIAN_POINT('',(-45.0930558378869,63.5624259414226,183.995136553985));
#7033=CARTESIAN_POINT('',(-47.8651123342658,64.3226354869974,183.995277733567));
#7034=CARTESIAN_POINT('',(-49.1929244674393,64.8496645732909,183.995385700438));
#7035=CARTESIAN_POINT('',(-43.2072662580334,102.437930908889,184.004796635141));
#7036=CARTESIAN_POINT('',(-41.7814328386288,102.526461984285,184.004842785433));
#7037=CARTESIAN_POINT('',(-38.9103504215699,102.388042133448,184.004857282512));
#7038=CARTESIAN_POINT('',(-36.1382968756095,101.627835789794,184.004716103323));
#7039=CARTESIAN_POINT('',(-34.8104734580373,101.100802733488,184.00460813571));
#7040=CARTESIAN_POINT('',(-43.2073111877255,102.437603390971,185.504796811755));
#7041=CARTESIAN_POINT('',(-43.2227677173594,102.687133846941,185.504858348734));
#7042=CARTESIAN_POINT('',(-43.2382242469934,102.93666430291,185.504919885714));
#7043=CARTESIAN_POINT('',(-43.2536807766273,103.186194758879,185.504981422692));
#7044=CARTESIAN_POINT('',(-43.2072662580334,102.437930908889,184.004796635141));
#7045=CARTESIAN_POINT('',(-43.2072812345975,102.43782173625,184.504796694012));
#7046=CARTESIAN_POINT('',(-43.2072962111615,102.437712563611,185.004796752884));
#7047=CARTESIAN_POINT('',(-43.2073111877255,102.437603390971,185.504796811755));
#7048=CARTESIAN_POINT('',(-60.7642351318332,92.952383966174,180.388099894443));
#7049=CARTESIAN_POINT('',(-61.8989066233322,90.8182520241706,180.517075694611));
#7050=CARTESIAN_POINT('',(-62.6657324915172,88.4893822859012,180.645999303626));
#7051=CARTESIAN_POINT('',(-63.3761779372715,83.7078746669157,180.903847165217));
#7052=CARTESIAN_POINT('',(-63.3194592062261,81.2566020216132,181.032756073435));
#7053=CARTESIAN_POINT('',(-62.8541636680064,78.8848386331963,181.161697179627));
#7054=CARTESIAN_POINT('',(-62.8541636680064,78.8848386331963,181.161697179627));
#7055=CARTESIAN_POINT('',(-63.3447810503952,78.7885824820683,181.161665007481));
#7056=CARTESIAN_POINT('',(-63.8353980818684,78.6923263997809,181.161632835353));
#7057=CARTESIAN_POINT('',(-64.3260151133416,78.5960703174984,181.161600663156));
#7058=CARTESIAN_POINT('',(-57.395062831662,99.7274849111273,180.003884188692));
#7059=CARTESIAN_POINT('',(-59.2875288319137,97.988403972909,180.132071656471));
#7060=CARTESIAN_POINT('',(-60.8821199562545,95.9259833695145,180.260184106474));
#7061=CARTESIAN_POINT('',(-62.0887049418742,93.6566116553624,180.388251893485));
#7062=CARTESIAN_POINT('',(-63.3034800039226,91.3719397507422,180.517184614928));
#7063=CARTESIAN_POINT('',(-64.1244333711843,88.8785314030666,180.64607237765));
#7064=CARTESIAN_POINT('',(-64.8848917608425,83.7596013710356,180.903830509128));
#7065=CARTESIAN_POINT('',(-64.8241851655163,81.1352181028544,181.032701163416));
#7066=CARTESIAN_POINT('',(-64.3260151133416,78.5960703174984,181.161600663156));
#7067=CARTESIAN_POINT('',(-62.8541636680064,78.8848386331963,181.161697179627));
#7068=CARTESIAN_POINT('',(-62.8541632487433,78.8846828707054,181.774007938269));
#7069=CARTESIAN_POINT('',(-62.8541628295933,78.8845271087905,182.386318696913));
#7070=CARTESIAN_POINT('',(-62.8541624103308,78.8843713463004,182.998629455564));
#7071=CARTESIAN_POINT('',(-62.8541636680064,78.8848386331963,181.161697179627));
#7072=CARTESIAN_POINT('',(-62.7186343027825,78.1940300747723,181.196730830297));
#7073=CARTESIAN_POINT('',(-62.5487638380981,77.5099643934331,181.231859248707));
#7074=CARTESIAN_POINT('',(-62.345377539027,76.8360035790276,181.266911033858));
#7075=CARTESIAN_POINT('',(-64.3260151133416,78.5960703174984,181.161600663156));
#7076=CARTESIAN_POINT('',(-64.1809505035322,77.8566348260108,181.199100243528));
#7077=CARTESIAN_POINT('',(-63.9991222498579,77.1244049729519,181.236701877411));
#7078=CARTESIAN_POINT('',(-63.7814230645394,76.4030105959339,181.274220516458));
#7079=CARTESIAN_POINT('',(-63.7814230645394,76.4030105959339,181.274220516458));
#7080=CARTESIAN_POINT('',(-63.3027413368279,76.5473415558865,181.271784022887));
#7081=CARTESIAN_POINT('',(-62.8240596091172,76.6916725158439,181.269347529246));
#7082=CARTESIAN_POINT('',(-62.345377539027,76.8360035790276,181.266911033858));
#7083=CARTESIAN_POINT('',(-62.345377539027,76.8360035790276,181.266911033858));
#7084=CARTESIAN_POINT('',(-62.2984802635525,76.6865448860306,181.84394805181));
#7085=CARTESIAN_POINT('',(-62.251582988244,76.5370861935606,182.420985069915));
#7086=CARTESIAN_POINT('',(-62.2046857127695,76.3876275005621,182.998022087876));
#7087=CARTESIAN_POINT('',(-62.2046857127695,76.3876275005621,182.998022087876));
#7088=CARTESIAN_POINT('',(-62.4714728842232,77.2056975973589,182.998220179103));
#7089=CARTESIAN_POINT('',(-62.6886530638427,78.0399640842085,182.998423121225));
#7090=CARTESIAN_POINT('',(-62.8541624103308,78.8843713463004,182.998629455564));
#7091=CARTESIAN_POINT('',(-62.2128048363105,76.4127482756196,182.09802819306));
#7092=CARTESIAN_POINT('',(-62.2100984617968,76.4043746839338,182.398026157999));
#7093=CARTESIAN_POINT('',(-62.2073920872831,76.3960010922479,182.698024122938));
#7094=CARTESIAN_POINT('',(-62.2046857127695,76.3876275005621,182.998022087876));
#7095=CARTESIAN_POINT('',(-62.2127993249069,76.4128286171364,181.773630232326));
#7096=CARTESIAN_POINT('',(-62.2095553573988,76.4025207470522,181.513316177261));
#7097=CARTESIAN_POINT('',(-62.2705204755229,76.5880458922973,181.290680738249));
#7098=CARTESIAN_POINT('',(-62.345377539027,76.8360035790276,181.266911033858));
#7099=CARTESIAN_POINT('',(-62.2128048363105,76.4127482756196,182.09802819306));
#7100=CARTESIAN_POINT('',(-62.2128029991845,76.4127750560035,181.989896033151));
#7101=CARTESIAN_POINT('',(-62.2128011620267,76.4128018368541,181.881761990617));
#7102=CARTESIAN_POINT('',(-62.2127993249069,76.4128286171364,181.773630232326));
#7103=CARTESIAN_POINT('',(-63.6394661468644,75.9495617085658,181.773491259497));
#7104=CARTESIAN_POINT('',(-63.6394569787198,75.9496329284899,181.506813251626));
#7105=CARTESIAN_POINT('',(-63.7046066932966,76.1484499198915,181.287468502584));
#7106=CARTESIAN_POINT('',(-63.7814230645394,76.4030105959339,181.274220516458));
#7107=CARTESIAN_POINT('',(-62.2127993249069,76.4128286171364,181.773630232326));
#7108=CARTESIAN_POINT('',(-63.6394661468644,75.9495617085658,181.773491259497));
#7109=CARTESIAN_POINT('',(-62.2128048363105,76.4127482756196,182.09802819306));
#7110=CARTESIAN_POINT('',(-63.639472535075,75.9494810823301,182.097889220158));
#7111=CARTESIAN_POINT('',(-63.639472535075,75.9494810823301,182.097889220158));
#7112=CARTESIAN_POINT('',(-63.6394704056707,75.9495079577555,181.989756515053));
#7113=CARTESIAN_POINT('',(-63.6394682762679,75.9495348331619,181.881623887288));
#7114=CARTESIAN_POINT('',(-63.6394661468644,75.9495617085658,181.773491259497));
#7115=CARTESIAN_POINT('',(-63.639472535075,75.9494810823301,182.097889220158));
#7116=CARTESIAN_POINT('',(-63.5770026711903,75.7570967266036,182.097842634917));
#7117=CARTESIAN_POINT('',(-63.2909465404473,74.9145615249921,182.097638829712));
#7118=CARTESIAN_POINT('',(-62.6966107536712,73.4519729026016,182.097286697512));
#7119=CARTESIAN_POINT('',(-61.7495085512244,71.6176711433064,182.096848498844));
#7120=CARTESIAN_POINT('',(-60.6402453074219,69.8766368133437,182.096436154208));
#7121=CARTESIAN_POINT('',(-59.5652579870908,68.4855742457271,182.096109902493));
#7122=CARTESIAN_POINT('',(-58.8535540737152,67.6877435597516,182.09592440056));
#7123=CARTESIAN_POINT('',(-58.5926053206473,67.4096133566896,182.095859951255));
#7124=CARTESIAN_POINT('',(-58.5926053206473,67.4096133566896,182.095859951255));
#7125=CARTESIAN_POINT('',(-57.4986980781929,68.4359482673775,182.096132721987));
#7126=CARTESIAN_POINT('',(-62.2046857127695,76.3876275005621,182.998022087876));
#7127=CARTESIAN_POINT('',(-61.9314724110149,75.5498513685675,182.997819247553));
#7128=CARTESIAN_POINT('',(-61.6062288614782,74.7290427857519,182.997621493518));
#7129=CARTESIAN_POINT('',(-61.2311619974096,73.9316706036893,182.997430390341));
#7130=CARTESIAN_POINT('',(-60.4659670305239,72.3049068479408,182.99704051002));
#7131=CARTESIAN_POINT('',(-59.4933956159902,70.775690948642,182.996678312144));
#7132=CARTESIAN_POINT('',(-58.3443618881162,69.3931408891043,182.996355435923));
#7133=CARTESIAN_POINT('',(-58.0339879587652,69.0196901503717,182.996268221459));
#7134=CARTESIAN_POINT('',(-57.7107387434521,68.6569406463221,182.996183876035));
#7135=CARTESIAN_POINT('',(-57.375454223171,68.3056681141603,182.996102577497));
#7136=CARTESIAN_POINT('',(-57.4986980781929,68.4359482673775,182.096132721987));
#7137=CARTESIAN_POINT('',(-57.4576167931856,68.3925215496385,182.396122673824));
#7138=CARTESIAN_POINT('',(-57.4165355081783,68.3490948318994,182.69611262566));
#7139=CARTESIAN_POINT('',(-57.375454223171,68.3056681141603,182.996102577497));
#7140=CARTESIAN_POINT('',(-57.4986980781929,68.4359482673775,182.096132721987));
#7141=CARTESIAN_POINT('',(-57.8237810843813,68.7824342236329,182.096213010863));
#7142=CARTESIAN_POINT('',(-59.3099911398116,70.4768086618183,182.096607395365));
#7143=CARTESIAN_POINT('',(-60.9764949181645,73.1268049732963,182.097235389376));
#7144=CARTESIAN_POINT('',(-61.9459995713659,75.5911005716074,182.097829233859));
#7145=CARTESIAN_POINT('',(-62.2128048363105,76.4127482756196,182.09802819306));
#7146=CARTESIAN_POINT('',(-49.4695224048979,64.1524961950313,183.995208337923));
#7147=CARTESIAN_POINT('',(-49.8382914854308,63.22300936484,183.994941810012));
#7148=CARTESIAN_POINT('',(-49.8382738692595,63.2232586013588,182.994971904625));
#7149=CARTESIAN_POINT('',(-57.375454223171,68.3056681141603,182.996102577497));
#7150=CARTESIAN_POINT('',(-56.4694848982157,67.3564960180942,182.995882894335));
#7151=CARTESIAN_POINT('',(-54.1564896450738,65.3424871540436,182.995423394916));
#7152=CARTESIAN_POINT('',(-51.4572926421154,63.8652552623879,182.99510339708));
#7153=CARTESIAN_POINT('',(-49.8382738692595,63.2232586013588,182.994971904625));
#7154=CARTESIAN_POINT('',(-57.0965541873217,68.0192025057787,181.089068403521));
#7155=CARTESIAN_POINT('',(-57.1895208659381,68.1146910419059,181.724746461513));
#7156=CARTESIAN_POINT('',(-57.2824875445545,68.2101795780331,182.360424519505));
#7157=CARTESIAN_POINT('',(-57.375454223171,68.3056681141603,182.996102577497));
#7158=CARTESIAN_POINT('',(-49.8382738692595,63.2232586013588,182.994971904625));
#7159=CARTESIAN_POINT('',(-49.9681192853448,63.2763160403641,182.805792878031));
#7160=CARTESIAN_POINT('',(-50.09796470143,63.3293734793694,182.616613851437));
#7161=CARTESIAN_POINT('',(-50.2278101175153,63.3824309183747,182.427434824843));
#7162=CARTESIAN_POINT('',(-50.2278101175153,63.3824309183747,182.427434824843));
#7163=CARTESIAN_POINT('',(-51.6897685083024,63.9963415229878,182.172932462371));
#7164=CARTESIAN_POINT('',(-54.1305976304675,65.3630289804121,181.72676341374));
#7165=CARTESIAN_POINT('',(-56.2557340463604,67.1705989360611,181.280709056279));
#7166=CARTESIAN_POINT('',(-57.0965541873217,68.0192025057787,181.089068403521));
#7167=CARTESIAN_POINT('',(-57.0965541873217,68.0192025057787,181.089068403521));
#7168=CARTESIAN_POINT('',(-57.3082422996336,68.2335245780505,181.040435087338));
#7169=CARTESIAN_POINT('',(-57.4961618738445,68.4338177393752,181.271037573838));
#7170=CARTESIAN_POINT('',(-57.4986892534213,68.4360769089845,181.576711722158));
#7171=CARTESIAN_POINT('',(-57.4986892534213,68.4360769089845,181.576711722158));
#7172=CARTESIAN_POINT('',(-57.4986921949881,68.4360340287936,181.749850663153));
#7173=CARTESIAN_POINT('',(-57.4986951366171,68.4359911476969,181.922993261688));
#7174=CARTESIAN_POINT('',(-57.4986980781929,68.4359482673775,182.096132721987));
#7175=CARTESIAN_POINT('',(-50.7857932565594,61.9898716028891,182.43077016619));
#7176=CARTESIAN_POINT('',(-50.5998113003074,62.4540590000611,182.429737702975));
#7177=CARTESIAN_POINT('',(-50.4138185876575,62.9182458334822,182.428631250179));
#7178=CARTESIAN_POINT('',(-50.2278101175153,63.3824309183747,182.427434824843));
#7179=CARTESIAN_POINT('',(-57.0965541873217,68.0192025057787,181.089068403521));
#7180=CARTESIAN_POINT('',(-57.4624949547835,67.6781411837343,181.086521740916));
#7181=CARTESIAN_POINT('',(-57.8284853924794,67.3371361764162,181.084136039434));
#7182=CARTESIAN_POINT('',(-58.1944592160362,66.9961131151904,181.081895421842));
#7183=CARTESIAN_POINT('',(-58.1944592160362,66.9961131151904,181.081895421842));
#7184=CARTESIAN_POINT('',(-56.0872651147526,64.8606918670382,181.531398484109));
#7185=CARTESIAN_POINT('',(-53.5531202766609,63.1483024688615,181.98101383743));
#7186=CARTESIAN_POINT('',(-50.7857932565594,61.9898716028891,182.43077016619));
#7187=CARTESIAN_POINT('',(-58.5925956398021,67.4097428014904,181.576438951627));
#7188=CARTESIAN_POINT('',(-58.5926080221114,67.4098377498763,181.270510816209));
#7189=CARTESIAN_POINT('',(-58.4065828556056,67.2110778147759,181.036639634641));
#7190=CARTESIAN_POINT('',(-58.1944592160362,66.9961131151904,181.081895421842));
#7191=CARTESIAN_POINT('',(-57.4986892534213,68.4360769089845,181.576711722158));
#7192=CARTESIAN_POINT('',(-58.5925956398021,67.4097428014904,181.576438951627));
#7193=CARTESIAN_POINT('',(-50.7857932565594,61.9898716028891,182.43077016619));
#7194=CARTESIAN_POINT('',(-50.6774622156922,61.9444994113629,182.447660785268));
#7195=CARTESIAN_POINT('',(-50.4738163187743,61.8614139347592,182.570748605333));
#7196=CARTESIAN_POINT('',(-50.3907553988875,61.828770908411,182.806483926979));
#7197=CARTESIAN_POINT('',(-50.3914427291092,61.8290041682183,182.925220301568));
#7198=CARTESIAN_POINT('',(-49.8231043726247,63.2171836980745,182.902312276096));
#7199=CARTESIAN_POINT('',(-49.8274831748897,63.2189366972981,182.778313381953));
#7200=CARTESIAN_POINT('',(-49.9245236938527,63.2572016008716,182.543256673422));
#7201=CARTESIAN_POINT('',(-50.1260763834641,63.3396861677251,182.437772502947));
#7202=CARTESIAN_POINT('',(-50.2278101175153,63.3824309183747,182.427434824843));
#7203=CARTESIAN_POINT('',(-50.3914427291092,61.8290041682183,182.925220301568));
#7204=CARTESIAN_POINT('',(-50.2020711737331,62.2917602234359,182.917584342565));
#7205=CARTESIAN_POINT('',(-50.0126309234954,62.7544869585074,182.909947457508));
#7206=CARTESIAN_POINT('',(-49.8231043726247,63.2171836980745,182.902312276096));
#7207=CARTESIAN_POINT('',(-49.8231043726247,63.2171836980745,182.902312276096));
#7208=CARTESIAN_POINT('',(-49.828160871503,63.2192086658359,182.933198818939));
#7209=CARTESIAN_POINT('',(-49.8332173703812,63.2212336335973,182.964085361782));
#7210=CARTESIAN_POINT('',(-49.8382738692595,63.2232586013588,182.994971904625));
#7211=CARTESIAN_POINT('',(-49.8382738692595,63.2232586013588,182.994971904625));
#7212=CARTESIAN_POINT('',(-50.0226638105384,62.7585015698824,182.994853668574));
#7213=CARTESIAN_POINT('',(-50.2070537518173,62.293744538406,182.994735432522));
#7214=CARTESIAN_POINT('',(-50.3914436930962,61.8289875069297,182.994617196471));
#7215=CARTESIAN_POINT('',(-50.3914436930962,61.8289875069297,182.994617196471));
#7216=CARTESIAN_POINT('',(-50.3914433717674,61.8289930606954,182.971484887152));
#7217=CARTESIAN_POINT('',(-50.3914430504385,61.8289986144569,182.948352594372));
#7218=CARTESIAN_POINT('',(-50.3914427291092,61.8290041682183,182.925220301568));
#7219=CARTESIAN_POINT('',(-49.4695595969832,64.1520887111773,185.495208494936));
#7220=CARTESIAN_POINT('',(-49.4695471996214,64.1522245391285,184.995208442599));
#7221=CARTESIAN_POINT('',(-49.4695348022597,64.1523603670798,184.495208390261));
#7222=CARTESIAN_POINT('',(-49.4695224048979,64.1524961950313,183.995208337923));
#7223=CARTESIAN_POINT('',(-50.3914436930962,61.8289875069297,182.994617196471));
#7224=CARTESIAN_POINT('',(-50.3930106721579,61.8249036251061,183.650262784404));
#7225=CARTESIAN_POINT('',(-50.2920894907449,62.0791429616436,184.299550118205));
#7226=CARTESIAN_POINT('',(-49.9507602048593,62.9392754672857,185.225385864623));
#7227=CARTESIAN_POINT('',(-49.7113557630461,63.5426394493349,185.499250992759));
#7228=CARTESIAN_POINT('',(-49.4695595969832,64.1520887111773,185.495208494936));
#7229=CARTESIAN_POINT('',(-49.1929244674393,64.8496645732909,183.995385700438));
#7230=CARTESIAN_POINT('',(-49.1929372828373,64.8495276916739,184.495385752482));
#7231=CARTESIAN_POINT('',(-49.1929500982353,64.8493908100571,184.995385804527));
#7232=CARTESIAN_POINT('',(-49.1929629136333,64.8492539284404,185.495385856571));
#7233=CARTESIAN_POINT('',(-49.1929629136333,64.8492539284404,185.495385856571));
#7234=CARTESIAN_POINT('',(-49.2851618080832,64.616865522686,185.495326736026));
#7235=CARTESIAN_POINT('',(-49.3773607025331,64.3844771169316,185.495267615481));
#7236=CARTESIAN_POINT('',(-49.4695595969832,64.1520887111773,185.495208494936));
#7237=CARTESIAN_POINT('',(-43.4081769214627,105.681957743547,183.005596618506));
#7238=CARTESIAN_POINT('',(-45.3148026299329,105.564219910255,183.005535066291));
#7239=CARTESIAN_POINT('',(-49.1632763863236,104.832303368982,183.005288413189));
#7240=CARTESIAN_POINT('',(-54.502849105365,102.292301520586,183.004568630183));
#7241=CARTESIAN_POINT('',(-58.9791831076859,98.4854950356025,183.003549771918));
#7242=CARTESIAN_POINT('',(-61.209256610045,95.310729875252,183.002725610512));
#7243=CARTESIAN_POINT('',(-62.0887388043366,93.6559586310476,183.002300842002));
#7244=CARTESIAN_POINT('',(-62.0887388043366,93.6559586310476,183.002300842002));
#7245=CARTESIAN_POINT('',(-63.3282662733327,91.3279169563427,183.001703211988));
#7246=CARTESIAN_POINT('',(-64.5669670840758,87.5168627130957,183.000738308007));
#7247=CARTESIAN_POINT('',(-64.8487717963417,82.3299178791926,182.999448903519));
#7248=CARTESIAN_POINT('',(-64.5624847149434,79.8000114898348,182.998827201952));
#7249=CARTESIAN_POINT('',(-64.3260865851056,78.5956074772759,182.998532931395));
#7250=CARTESIAN_POINT('',(-64.3260865851056,78.5956074772759,182.998532931395));
#7251=CARTESIAN_POINT('',(-63.946595156083,76.6590090202256,182.998059754121));
#7252=CARTESIAN_POINT('',(-62.7059560555227,72.9651962829472,182.997166009652));
#7253=CARTESIAN_POINT('',(-59.5348704274128,68.1098706988118,182.996017398445));
#7254=CARTESIAN_POINT('',(-55.3743454585035,64.2890733642227,182.995141812214));
#7255=CARTESIAN_POINT('',(-52.0873053524505,62.5014867093414,182.99475493792));
#7256=CARTESIAN_POINT('',(-50.3914436930962,61.8289875069297,182.994617196471));
#7257=CARTESIAN_POINT('',(-58.5925956398021,67.4097428014904,181.576438951627));
#7258=CARTESIAN_POINT('',(-58.5925988667245,67.4096996535704,181.749577892555));
#7259=CARTESIAN_POINT('',(-58.5926020937151,67.4096565047388,181.922720491023));
#7260=CARTESIAN_POINT('',(-58.5926053206473,67.4096133566896,182.095859951255));
#7261=CARTESIAN_POINT('',(-49.4695595969832,64.1520887111773,185.495208494936));
#7262=CARTESIAN_POINT('',(-52.6074483191892,65.3921521115044,185.495462301792));
#7263=CARTESIAN_POINT('',(-55.4203945547377,67.4360402883232,185.49592070732));
#7264=CARTESIAN_POINT('',(-59.7331722258094,72.6249999151874,185.497132550636));
#7265=CARTESIAN_POINT('',(-61.2276826502908,75.7646077845281,185.497884725605));
#7266=CARTESIAN_POINT('',(-61.8729708047341,79.0762780736013,185.498693942155));
#7267=CARTESIAN_POINT('',(-64.3260865851056,78.5956074772759,182.998532931395));
#7268=CARTESIAN_POINT('',(-64.3304008030476,78.5946008469987,183.654266484205));
#7269=CARTESIAN_POINT('',(-63.7918032367507,78.6999517675342,184.953993440782));
#7270=CARTESIAN_POINT('',(-62.5164308521651,78.9500353629129,185.503021168342));
#7271=CARTESIAN_POINT('',(-61.8729708047341,79.0762780736013,185.498693942155));
#7272=CARTESIAN_POINT('',(-40.7961316674471,63.5125363978746,183.995197201606));
#7273=CARTESIAN_POINT('',(-40.7961571518882,63.5121649026754,185.49519715539));
#7274=CARTESIAN_POINT('',(-40.7961571518882,63.5121649026754,185.49519715539));
#7275=CARTESIAN_POINT('',(-42.2219978433622,63.4236335850872,185.495151004915));
#7276=CARTESIAN_POINT('',(-45.0930806371513,63.5620334870384,185.495136608722));
#7277=CARTESIAN_POINT('',(-47.865147674746,64.3222237756314,185.495277889538));
#7278=CARTESIAN_POINT('',(-49.1929629136333,64.8492539284404,185.495385856571));
#7279=CARTESIAN_POINT('',(-40.7497636945546,62.7639711188204,183.995012597106));
#7280=CARTESIAN_POINT('',(-40.6879397526741,61.7658844351405,183.994766102204));
#7281=CARTESIAN_POINT('',(-40.6879227850467,61.7661324534945,182.99476648876));
#7282=CARTESIAN_POINT('',(-40.5951867952762,60.2690011854307,182.994397279578));
#7283=CARTESIAN_POINT('',(-40.5950656471073,60.2707323684467,175.994397494611));
#7284=CARTESIAN_POINT('',(-40.6878025382923,61.7678661794855,175.994766704374));
#7285=CARTESIAN_POINT('',(-40.5950656471073,60.2707323684467,175.994397494611));
#7286=CARTESIAN_POINT('',(-40.6879227850467,61.7661324534945,182.99476648876));
#7287=CARTESIAN_POINT('',(-40.6878025382923,61.7678661794855,175.994766704374));
#7288=CARTESIAN_POINT('',(-40.7961316674471,63.5125363978746,183.995197201606));
#7289=CARTESIAN_POINT('',(-40.7497636945546,62.7639711188204,183.995012597106));
#7290=CARTESIAN_POINT('',(-40.7961571518882,63.5121649026754,185.49519715539));
#7291=CARTESIAN_POINT('',(-40.7497891789936,62.7635996236233,185.495012550882));
#7292=CARTESIAN_POINT('',(-40.6878025382923,61.7678661794855,175.994766704374));
#7293=CARTESIAN_POINT('',(-40.6877932521476,61.7680028745923,175.441865530549));
#7294=CARTESIAN_POINT('',(-40.2396447211111,61.7934495365251,174.994782751595));
#7295=CARTESIAN_POINT('',(-39.6911553657204,61.8534355475578,174.994807442603));
#7296=CARTESIAN_POINT('',(-39.6911553657204,61.8534355475578,174.994807442603));
#7297=CARTESIAN_POINT('',(-39.6602109460637,61.3538731716091,174.994684277659));
#7298=CARTESIAN_POINT('',(-39.6292665485376,60.8543111529725,174.994561112749));
#7299=CARTESIAN_POINT('',(-39.5983221510086,60.3547491343401,174.994437947854));
#7300=CARTESIAN_POINT('',(-40.5950656471073,60.2707323684467,175.994397494611));
#7301=CARTESIAN_POINT('',(-40.5950565067126,60.2708694085001,175.441572158385));
#7302=CARTESIAN_POINT('',(-40.1470163969512,60.2964579213431,174.994413578896));
#7303=CARTESIAN_POINT('',(-39.5983221510086,60.3547491343401,174.994437947854));
#7304=CARTESIAN_POINT('',(-39.5983221510086,60.3547491343401,174.994437947854));
#7305=CARTESIAN_POINT('',(-38.2726560558099,60.4955144696116,174.994495840635));
#7306=CARTESIAN_POINT('',(-36.9594228248267,60.7531459606904,174.994578518351));
#7307=CARTESIAN_POINT('',(-35.6788357941741,61.1237226504851,174.994692566627));
#7308=CARTESIAN_POINT('',(-39.6911553657204,61.8534355475578,174.994807442603));
#7309=CARTESIAN_POINT('',(-38.4970549171752,61.9839857967174,174.994860495318));
#7310=CARTESIAN_POINT('',(-37.3140590564099,62.2160712139448,174.994934557967));
#7311=CARTESIAN_POINT('',(-36.1591505066738,62.546390838879,174.99503642594));
#7312=CARTESIAN_POINT('',(-35.6788357941741,61.1237226504851,174.994692566627));
#7313=CARTESIAN_POINT('',(-36.1591505066738,62.546390838879,174.99503642594));
#7314=CARTESIAN_POINT('',(-25.8088484852296,98.9557972604007,181.090336587708));
#7315=CARTESIAN_POINT('',(-25.5967232390573,98.7408548733982,181.044981799259));
#7316=CARTESIAN_POINT('',(-25.4107060875275,98.5419791592841,181.278761014934));
#7317=CARTESIAN_POINT('',(-25.4107290122491,98.5419227498116,181.584689106167));
#7318=CARTESIAN_POINT('',(-25.4107326129163,98.5417952743573,182.104122054821));
#7319=CARTESIAN_POINT('',(-25.4107314127,98.5418377659612,181.930978611601));
#7320=CARTESIAN_POINT('',(-25.4107302124619,98.5418802583353,181.757832030072));
#7321=CARTESIAN_POINT('',(-25.4107290122491,98.5419227498116,181.584689106167));
#7322=CARTESIAN_POINT('',(-20.2218710581475,89.5488225494687,181.278194661979));
#7323=CARTESIAN_POINT('',(-20.0041623039958,88.8274387344012,181.240325978037));
#7324=CARTESIAN_POINT('',(-19.8223285838249,88.0952348471363,181.20236851059));
#7325=CARTESIAN_POINT('',(-19.6772551925958,87.3558120160599,181.164507586331));
#7326=CARTESIAN_POINT('',(-21.9145840276446,72.2956517084871,180.383638952571));
#7327=CARTESIAN_POINT('',(-20.6998277379269,74.5801392259554,180.513742102829));
#7328=CARTESIAN_POINT('',(-19.0577885033477,79.5675466490056,180.774040469933));
#7329=CARTESIAN_POINT('',(-19.1790632095357,84.8167958988922,181.034368051992));
#7330=CARTESIAN_POINT('',(-19.6772551925958,87.3558120160599,181.164507586331));
#7331=CARTESIAN_POINT('',(-26.60819944002,66.2249630839706,179.996109532797));
#7332=CARTESIAN_POINT('',(-24.7157267013266,67.9640337525349,180.125223717335));
#7333=CARTESIAN_POINT('',(-23.1212407374436,70.0263322757003,180.254405805062));
#7334=CARTESIAN_POINT('',(-21.9145840276446,72.2956517084871,180.383638952571));
#7335=CARTESIAN_POINT('',(-34.7244290172779,61.4215306811631,179.994782706145));
#7336=CARTESIAN_POINT('',(-34.7244061928627,61.4218604130003,178.661456453023));
#7337=CARTESIAN_POINT('',(-34.7243833680361,61.4221901508135,177.328106032482));
#7338=CARTESIAN_POINT('',(-34.7243605436749,61.4225198818984,175.994782824559));
#7339=CARTESIAN_POINT('',(-34.7243605436749,61.4225198818984,175.994782824559));
#7340=CARTESIAN_POINT('',(-34.722690904422,61.4231657491779,175.732306982933));
#7341=CARTESIAN_POINT('',(-34.8256790732899,61.3878041720349,175.472525175846));
#7342=CARTESIAN_POINT('',(-35.17866674214,61.2739446211758,175.101811640232));
#7343=CARTESIAN_POINT('',(-35.4266735843229,61.1965796588766,174.992977947493));
#7344=CARTESIAN_POINT('',(-35.6788357941741,61.1237226504851,174.994692566627));
#7345=CARTESIAN_POINT('',(-40.5951867952762,60.2690011854307,182.994397279578));
#7346=CARTESIAN_POINT('',(-38.688561196809,60.3867391896355,182.994500429692));
#7347=CARTESIAN_POINT('',(-36.7970495566894,60.7464738625752,182.994555590451));
#7348=CARTESIAN_POINT('',(-34.9801403557297,61.3361513951116,182.994561170733));
#7349=CARTESIAN_POINT('',(-33.1003623178561,61.946232996605,182.994566944104));
#7350=CARTESIAN_POINT('',(-31.3004388400209,62.8024457714736,182.994519646461));
#7351=CARTESIAN_POINT('',(-29.641308698253,63.8761715191481,182.99442080726));
#7352=CARTESIAN_POINT('',(-27.9821785434962,64.9498972752286,182.994321968058));
#7353=CARTESIAN_POINT('',(-26.4638417270111,66.2411360075206,182.994171587297));
#7354=CARTESIAN_POINT('',(-25.1372951984372,67.7060572853482,182.99397480547));
#7355=CARTESIAN_POINT('',(-23.8794873455105,69.0950696173557,182.993788220438));
#7356=CARTESIAN_POINT('',(-22.7941084649457,70.6402311640605,182.993559918547));
#7357=CARTESIAN_POINT('',(-21.9146263785682,72.2950025759325,182.993296724658));
#7358=CARTESIAN_POINT('',(-25.8088484852296,98.9557972604007,181.090336587708));
#7359=CARTESIAN_POINT('',(-27.9160586418064,101.090995307056,181.540823496435));
#7360=CARTESIAN_POINT('',(-30.4502193730951,102.80316134633,181.991198981191));
#7361=CARTESIAN_POINT('',(-33.2175620911653,103.961368769115,182.441433605618));
#7362=CARTESIAN_POINT('',(-25.4107326129163,98.5417952743573,182.104122054821));
#7363=CARTESIAN_POINT('',(-25.1497838326869,98.2636651238824,182.104057727942));
#7364=CARTESIAN_POINT('',(-24.4380798376424,97.4658345774377,182.103872576937));
#7365=CARTESIAN_POINT('',(-23.3630923580071,96.0747722021311,182.103546936766));
#7366=CARTESIAN_POINT('',(-22.2538288907499,94.3337380403035,182.103135357265));
#7367=CARTESIAN_POINT('',(-21.3067264302933,92.4994363900761,182.102697964472));
#7368=CARTESIAN_POINT('',(-20.7123904213985,91.0368478052384,182.102346474473));
#7369=CARTESIAN_POINT('',(-20.4263341569625,90.1943126079583,182.102143039164));
#7370=CARTESIAN_POINT('',(-20.3638642622601,90.0019282523459,182.102096538388));
#7371=CARTESIAN_POINT('',(-34.7244290172779,61.4215306811631,179.994782706145));
#7372=CARTESIAN_POINT('',(-34.4024133080848,61.5302482948208,179.994815157745));
#7373=CARTESIAN_POINT('',(-33.4364565031083,61.8806597232275,179.99491849424));
#7374=CARTESIAN_POINT('',(-31.8661963943567,62.5738919233819,179.995116964726));
#7375=CARTESIAN_POINT('',(-30.060895261449,63.5751676828517,179.995395528025));
#7376=CARTESIAN_POINT('',(-28.3536465332918,64.7357567881039,179.995711669525));
#7377=CARTESIAN_POINT('',(-27.2305475295725,65.6583362795898,179.995958881399));
#7378=CARTESIAN_POINT('',(-26.6649789415155,66.1727854969218,179.996095669415));
#7379=CARTESIAN_POINT('',(-26.60819944002,66.2249630839706,179.996109532797));
#7380=CARTESIAN_POINT('',(-19.6772809373299,87.3553687634784,183.006644737771));
#7381=CARTESIAN_POINT('',(-20.0567681703512,89.29196024134,183.006378317059));
#7382=CARTESIAN_POINT('',(-21.2974493475405,92.9858458008593,183.005918359442));
#7383=CARTESIAN_POINT('',(-24.4684897139154,97.8410800759429,183.005457490222));
#7384=CARTESIAN_POINT('',(-28.6290552621987,101.661921671862,183.005250149846));
#7385=CARTESIAN_POINT('',(-31.9161037221114,103.449493799569,183.005278208499));
#7386=CARTESIAN_POINT('',(-33.6119351903924,104.12197946344,183.005331608061));
#7387=CARTESIAN_POINT('',(-21.9146263785682,72.2950025759324,182.993296724658));
#7388=CARTESIAN_POINT('',(-20.6750990528517,74.6230429447184,182.991916063701));
#7389=CARTESIAN_POINT('',(-19.8475728218049,77.1690537173632,182.996130677167));
#7390=CARTESIAN_POINT('',(-19.4769422190725,79.7800858246331,183.000228420952));
#7391=CARTESIAN_POINT('',(-19.2927850605577,81.0774429508952,183.002264488256));
#7392=CARTESIAN_POINT('',(-19.2214285671909,82.3908528690147,183.004271702193));
#7393=CARTESIAN_POINT('',(-19.2632487665847,83.7006082767452,183.005549552012));
#7394=CARTESIAN_POINT('',(-19.3024196306946,84.927389875996,183.006746449261));
#7395=CARTESIAN_POINT('',(-19.440881774405,86.1509653501119,183.007303466584));
#7396=CARTESIAN_POINT('',(-19.6772809373299,87.3553687634784,183.006644737771));
#7397=CARTESIAN_POINT('',(-35.2042444563623,62.842719656262,179.99512619332));
#7398=CARTESIAN_POINT('',(-35.1691029534535,62.8545840752099,179.995129728746));
#7399=CARTESIAN_POINT('',(-34.4872141893748,63.0867939070671,179.995198823679));
#7400=CARTESIAN_POINT('',(-33.1817483531064,63.6068087972904,179.99534979173));
#7401=CARTESIAN_POINT('',(-31.3572955580682,64.5462993763164,179.995613466058));
#7402=CARTESIAN_POINT('',(-29.6318049275977,65.6571359381264,179.995917895125));
#7403=CARTESIAN_POINT('',(-28.4106119458333,66.6215528950354,179.996177493602));
#7404=CARTESIAN_POINT('',(-27.7614539284602,67.2024294723177,179.996332384474));
#7405=CARTESIAN_POINT('',(-27.6231920724579,67.3294874185152,179.996366201088));
#7406=CARTESIAN_POINT('',(-27.6231920724579,67.3294874185152,179.996366201088));
#7407=CARTESIAN_POINT('',(-26.60819944002,66.2249630839706,179.996109532797));
#7408=CARTESIAN_POINT('',(-35.2042444563623,62.842719656262,179.99512619332));
#7409=CARTESIAN_POINT('',(-34.7244290172779,61.4215306811631,179.994782706145));
#7410=CARTESIAN_POINT('',(-23.2390416705999,72.9998797609285,180.383795918928));
#7411=CARTESIAN_POINT('',(-21.9145840276446,72.2956517084871,180.383638952571));
#7412=CARTESIAN_POINT('',(-27.6231920724579,67.3294874185152,179.996366201088));
#7413=CARTESIAN_POINT('',(-25.8555006462072,68.9538886926575,180.125453281991));
#7414=CARTESIAN_POINT('',(-24.3661447627181,70.8801978958416,180.254597292046));
#7415=CARTESIAN_POINT('',(-23.2390416705999,72.9998797609285,180.383795918928));
#7416=CARTESIAN_POINT('',(-40.7497636945546,62.7639711188204,183.995012597106));
#7417=CARTESIAN_POINT('',(-24.5553105263461,63.7670952148885,183.995536172037));
#7418=CARTESIAN_POINT('',(-22.0036690668194,79.7906928574573,183.999547983151));
#7419=CARTESIAN_POINT('',(-19.4520276072927,95.8142905000261,184.003559794264));
#7420=CARTESIAN_POINT('',(-34.5338878616981,101.797940005787,184.004785490415));
#7421=CARTESIAN_POINT('',(-34.1650891791013,102.727703673221,183.005021342027));
#7422=CARTESIAN_POINT('',(-34.1651064974673,102.72745649225,184.005021635816));
#7423=CARTESIAN_POINT('',(-34.5338878616981,101.797940005787,184.004785490415));
#7424=CARTESIAN_POINT('',(-34.1650891791013,102.727703673221,183.005021342027));
#7425=CARTESIAN_POINT('',(-29.7671706403122,100.982852284055,183.004664251206));
#7426=CARTESIAN_POINT('',(-26.525006606541,97.5369031096064,183.00386622476));
#7427=CARTESIAN_POINT('',(-21.8058258000766,89.5853123581813,183.001977083158));
#7428=CARTESIAN_POINT('',(-21.419737314808,88.4056464838171,183.001691482351));
#7429=CARTESIAN_POINT('',(-21.173617442749,87.189052510686,183.001394357789));
#7430=CARTESIAN_POINT('',(-26.525006606541,97.5369031096064,183.00386622476));
#7431=CARTESIAN_POINT('',(-23.2791906950469,94.087072696755,183.00306697291));
#7432=CARTESIAN_POINT('',(-21.8058258000766,89.5853123581813,183.001977083158));
#7433=CARTESIAN_POINT('',(-21.173617442749,87.189052510686,183.001394357789));
#7434=CARTESIAN_POINT('',(-19.6634167435334,79.7239931089564,182.999571193219));
#7435=CARTESIAN_POINT('',(-23.2390468779377,72.9992115133015,182.997844962049));
#7436=CARTESIAN_POINT('',(-23.2390468779376,72.9992115133015,182.997844962049));
#7437=CARTESIAN_POINT('',(-28.8209367962746,62.5012029890732,182.995150154557));
#7438=CARTESIAN_POINT('',(-40.6879227850467,61.7661324534945,182.99476648876));
#7439=CARTESIAN_POINT('',(-26.525006606541,97.5369031096064,183.00386622476));
#7440=CARTESIAN_POINT('',(-26.652253427408,97.6688376987812,182.368236183246));
#7441=CARTESIAN_POINT('',(-26.779500248275,97.800772287956,181.732606141731));
#7442=CARTESIAN_POINT('',(-26.9067470691419,97.9327068771307,181.096976100217));
#7443=CARTESIAN_POINT('',(-34.1650891791013,102.727703673221,183.005021342027));
#7444=CARTESIAN_POINT('',(-34.0352392850442,102.674740741221,182.815815115605));
#7445=CARTESIAN_POINT('',(-33.9053893909871,102.621777809221,182.626608889183));
#7446=CARTESIAN_POINT('',(-33.77553949693,102.568814877221,182.43740266276));
#7447=CARTESIAN_POINT('',(-33.77553949693,102.568814877221,182.43740266276));
#7448=CARTESIAN_POINT('',(-31.2121326861541,101.492608216211,181.990714429453));
#7449=CARTESIAN_POINT('',(-28.86362471762,99.9074617896468,181.543896856405));
#7450=CARTESIAN_POINT('',(-26.9067470691419,97.9327068771307,181.096976100217));
#7451=CARTESIAN_POINT('',(-33.77553949693,102.568814877221,182.43740266276));
#7452=CARTESIAN_POINT('',(-33.5895348174259,103.032993414109,182.438830942253));
#7453=CARTESIAN_POINT('',(-33.4035424543677,103.497182339475,182.440169274652));
#7454=CARTESIAN_POINT('',(-33.2175620911653,103.961368769115,182.441433605618));
#7455=CARTESIAN_POINT('',(-26.9067470691419,97.9327068771307,181.096976100217));
#7456=CARTESIAN_POINT('',(-26.5408084428612,98.2737686046056,181.094607269872));
#7457=CARTESIAN_POINT('',(-26.1748201532175,98.6147739397165,181.092399381042));
#7458=CARTESIAN_POINT('',(-25.8088484852296,98.9557972604007,181.090336587708));
#7459=CARTESIAN_POINT('',(-34.1650866241709,102.727720251362,182.935625099113));
#7460=CARTESIAN_POINT('',(-34.1650874758137,102.727714725316,182.958757174588));
#7461=CARTESIAN_POINT('',(-34.165088327457,102.72770919927,182.981889250038));
#7462=CARTESIAN_POINT('',(-34.1650891791013,102.727703673221,183.005021342027));
#7463=CARTESIAN_POINT('',(-33.77553949693,102.568814877221,182.43740266276));
#7464=CARTESIAN_POINT('',(-34.0006391402684,102.663111564979,182.47647469455));
#7465=CARTESIAN_POINT('',(-34.167308011621,102.728629423085,182.688075128961));
#7466=CARTESIAN_POINT('',(-34.1650866241709,102.727720251362,182.935625099113));
#7467=CARTESIAN_POINT('',(-26.9067470691419,97.9327068771307,181.096976100217));
#7468=CARTESIAN_POINT('',(-26.6950574977236,97.7184090101853,181.048242900302));
#7469=CARTESIAN_POINT('',(-26.5071463251242,97.5180021097825,181.278750566694));
#7470=CARTESIAN_POINT('',(-26.5046297671941,97.5155919529759,181.584422381109));
#7471=CARTESIAN_POINT('',(-25.4107290122491,98.5419227498116,181.584689106167));
#7472=CARTESIAN_POINT('',(-26.5046297671941,97.5155919529759,181.584422381109));
#7473=CARTESIAN_POINT('',(-26.5046352866821,97.5154601605424,182.103861232513));
#7474=CARTESIAN_POINT('',(-26.5114257266351,97.5226078102304,182.403862896595));
#7475=CARTESIAN_POINT('',(-26.5182161665881,97.5297554599184,182.703864560677));
#7476=CARTESIAN_POINT('',(-26.525006606541,97.5369031096064,183.00386622476));
#7477=CARTESIAN_POINT('',(-26.5046297671941,97.5155919529759,181.584422381109));
#7478=CARTESIAN_POINT('',(-26.5046316070087,97.515548022518,181.757567272581));
#7479=CARTESIAN_POINT('',(-26.5046334468621,97.5155040911322,181.930715821719));
#7480=CARTESIAN_POINT('',(-26.5046352866821,97.5154601605424,182.103861232513));
#7481=CARTESIAN_POINT('',(-26.5046352866821,97.5154601605424,182.103861232513));
#7482=CARTESIAN_POINT('',(-25.4107326129163,98.5417952743573,182.104122054821));
#7483=CARTESIAN_POINT('',(-21.7905285285645,89.5386601523055,182.10196576144));
#7484=CARTESIAN_POINT('',(-23.2566189759885,94.0535988808558,182.103059038513));
#7485=CARTESIAN_POINT('',(-26.5046352866821,97.5154601605424,182.103861232513));
#7486=CARTESIAN_POINT('',(-21.7905285285645,89.5386601523055,182.10196576144));
#7487=CARTESIAN_POINT('',(-20.3638642622601,90.0019282523459,182.102096538388));
#7488=CARTESIAN_POINT('',(-21.8058258000766,89.5853123581813,183.001977083158));
#7489=CARTESIAN_POINT('',(-21.8007267095726,89.5697616228893,182.701973309252));
#7490=CARTESIAN_POINT('',(-21.7956276190685,89.5542108875974,182.401969535346));
#7491=CARTESIAN_POINT('',(-21.7905285285645,89.5386601523055,182.10196576144));
#7492=CARTESIAN_POINT('',(-21.148879862084,87.0696975707719,181.11331287957));
#7493=CARTESIAN_POINT('',(-21.1571257223451,87.1094825509405,181.742673372293));
#7494=CARTESIAN_POINT('',(-21.1653715824883,87.1492675305176,182.372033865057));
#7495=CARTESIAN_POINT('',(-21.173617442749,87.189052510686,183.001394357789));
#7496=CARTESIAN_POINT('',(-21.148879862084,87.0696975707719,181.11331287957));
#7497=CARTESIAN_POINT('',(-21.2843497665813,87.7592427971509,181.17365054382));
#7498=CARTESIAN_POINT('',(-21.4541843079275,88.4420348589732,181.234140186384));
#7499=CARTESIAN_POINT('',(-21.6575495845728,89.1146891322318,181.294483279492));
#7500=CARTESIAN_POINT('',(-21.6575495845728,89.1146891322318,181.294483279492));
#7501=CARTESIAN_POINT('',(-21.7069749897947,89.2715635410545,181.863647880658));
#7502=CARTESIAN_POINT('',(-21.7564003948546,89.4284379493569,182.432812481983));
#7503=CARTESIAN_POINT('',(-21.8058258000766,89.5853123581813,183.001977083158));
#7504=CARTESIAN_POINT('',(-21.7905285285645,89.5386601523055,182.10196576144));
#7505=CARTESIAN_POINT('',(-21.7905266496661,89.5386868148444,181.993833601491));
#7506=CARTESIAN_POINT('',(-21.7905247707348,89.5387134778471,181.885699558915));
#7507=CARTESIAN_POINT('',(-21.7905228918441,89.5387401402892,181.777567800583));
#7508=CARTESIAN_POINT('',(-21.7905228918441,89.5387401402892,181.777567800583));
#7509=CARTESIAN_POINT('',(-21.790843686663,89.539759252312,181.649165375995));
#7510=CARTESIAN_POINT('',(-21.7583612177849,89.4408682086703,181.402728305899));
#7511=CARTESIAN_POINT('',(-21.690300026938,89.2233132516568,181.299350757761));
#7512=CARTESIAN_POINT('',(-21.6575495845728,89.1146891322318,181.294483279492));
#7513=CARTESIAN_POINT('',(-20.2218710581475,89.5488225494687,181.278194661979));
#7514=CARTESIAN_POINT('',(-21.6575495845728,89.1146891322318,181.294483279492));
#7515=CARTESIAN_POINT('',(-19.6772551925958,87.3558120160599,181.164507586331));
#7516=CARTESIAN_POINT('',(-21.148879862084,87.0696975707719,181.11331287957));
#7517=CARTESIAN_POINT('',(-23.2390416705999,72.9998797609285,180.383795918928));
#7518=CARTESIAN_POINT('',(-22.1042059887699,75.1343295172573,180.505351893166));
#7519=CARTESIAN_POINT('',(-21.3372220009906,77.4635925861521,180.626917921258));
#7520=CARTESIAN_POINT('',(-20.6267721307178,82.2458811972639,180.870142073351));
#7521=CARTESIAN_POINT('',(-20.6835427999286,84.69751600106,180.991724568907));
#7522=CARTESIAN_POINT('',(-21.148879862084,87.0696975707719,181.11331287957));
#7523=CARTESIAN_POINT('',(-23.2390468779377,72.9992115133015,182.997844962049));
#7524=CARTESIAN_POINT('',(-23.239045142289,72.9994342622656,182.126495281001));
#7525=CARTESIAN_POINT('',(-23.2390434062484,72.9996570119658,181.255145599963));
#7526=CARTESIAN_POINT('',(-23.2390416705999,72.9998797609285,180.383795918928));
#7527=CARTESIAN_POINT('',(-34.7243605436749,61.4225198818984,175.994782824559));
#7528=CARTESIAN_POINT('',(-35.2041764978545,62.8437103101261,175.995126313715));
#7529=CARTESIAN_POINT('',(-36.1591505066738,62.546390838879,174.99503642594));
#7530=CARTESIAN_POINT('',(-35.9067550620884,62.6184613959926,174.993322772475));
#7531=CARTESIAN_POINT('',(-35.6586104505737,62.6954244146584,175.102149589465));
#7532=CARTESIAN_POINT('',(-35.3054864130125,62.8089563342873,175.472850059282));
#7533=CARTESIAN_POINT('',(-35.2025025397661,62.8443592921386,175.732649422412));
#7534=CARTESIAN_POINT('',(-35.2041764978545,62.8437103101261,175.995126313715));
#7535=CARTESIAN_POINT('',(-21.9146263785682,72.2950025759324,182.993296724658));
#7536=CARTESIAN_POINT('',(-21.9135730231031,72.2949007537441,185.492198889844));
#7537=CARTESIAN_POINT('',(-24.1209371095813,73.4685841478012,185.492078799226));
#7538=CARTESIAN_POINT('',(-40.5951867952762,60.2690011854307,182.994397279578));
#7539=CARTESIAN_POINT('',(-40.5952293214574,60.268382868088,185.494397202731));
#7540=CARTESIAN_POINT('',(-40.7497891789936,62.7635996236233,185.495012550882));
#7541=CARTESIAN_POINT('',(-24.1209371095812,73.4685841478012,185.492078799226));
#7542=CARTESIAN_POINT('',(-25.7338204058849,70.4247278338129,185.492860053564));
#7543=CARTESIAN_POINT('',(-28.1426948659954,67.8109834272218,185.493548308421));
#7544=CARTESIAN_POINT('',(-33.9348272482475,64.0822140226586,185.494570194658));
#7545=CARTESIAN_POINT('',(-37.3113179295542,62.9716583240195,185.494902604003));
#7546=CARTESIAN_POINT('',(-40.7497891789936,62.7635996236233,185.495012550882));
#7547=CARTESIAN_POINT('',(-37.8003951098654,82.3247366472348,185.499907345072));
#7548=CARTESIAN_POINT('',(-38.7989824572063,76.0538793990483,185.498337281845));
#7549=CARTESIAN_POINT('',(-39.7975698045473,69.7830221508618,185.496767218618));
#7550=CARTESIAN_POINT('',(-40.7961571518882,63.5121649026754,185.49519715539));
#7551=CARTESIAN_POINT('',(-24.1209371095812,73.4685841478012,185.492078799226));
#7552=CARTESIAN_POINT('',(-37.8003951098654,82.3247366472348,185.499907345072));
#7553=CARTESIAN_POINT('',(-37.8003951098654,82.3247366472348,185.499907345072));
#7554=CARTESIAN_POINT('',(-32.5774334119891,83.8411899110606,185.502695218993));
#7555=CARTESIAN_POINT('',(-27.3544717141128,85.3576431748865,185.505483092913));
#7556=CARTESIAN_POINT('',(-22.1315100162365,86.8740964387123,185.508270966834));
#7557=CARTESIAN_POINT('',(-22.1315100162365,86.8740964387123,185.508270966834));
#7558=CARTESIAN_POINT('',(-21.9211267076606,85.802143369855,185.508532876113));
#7559=CARTESIAN_POINT('',(-21.797774172724,84.713097276507,185.507701014866));
#7560=CARTESIAN_POINT('',(-21.7627228054214,83.6211849479659,185.506293415943));
#7561=CARTESIAN_POINT('',(-21.7253007273895,82.4554207707841,185.504790613604));
#7562=CARTESIAN_POINT('',(-21.7885283109002,81.2863895291929,185.502631559442));
#7563=CARTESIAN_POINT('',(-21.9521664488002,80.1315794234708,185.500446594245));
#7564=CARTESIAN_POINT('',(-22.2815009093203,77.8074344041517,185.496049182103));
#7565=CARTESIAN_POINT('',(-23.0175451910038,75.5408916524551,185.491546818119));
#7566=CARTESIAN_POINT('',(-24.1209371095812,73.4685841478012,185.492078799226));
#7567=CARTESIAN_POINT('',(-34.5339122287239,101.797616582107,185.504785668213));
#7568=CARTESIAN_POINT('',(-34.626107427502,101.565237491337,185.504726550038));
#7569=CARTESIAN_POINT('',(-34.7183026262805,101.332858400567,185.504667431863));
#7570=CARTESIAN_POINT('',(-34.8104978250587,101.100479309797,185.504608313688));
#7571=CARTESIAN_POINT('',(-34.8104978250587,101.100479309797,185.504608313688));
#7572=CARTESIAN_POINT('',(-35.8071302533276,94.8418984222762,185.503041324149));
#7573=CARTESIAN_POINT('',(-36.8037626815965,88.5833175347555,185.501474334611));
#7574=CARTESIAN_POINT('',(-37.8003951098654,82.3247366472348,185.499907345072));
#7575=CARTESIAN_POINT('',(-22.1315100162365,86.8740964387123,185.508270966834));
#7576=CARTESIAN_POINT('',(-22.776707666104,90.1856032183999,185.507461789241));
#7577=CARTESIAN_POINT('',(-24.2710899606347,93.3250659777684,185.506709648033));
#7578=CARTESIAN_POINT('',(-28.5834393064443,98.5136994032669,185.50549787823));
#7579=CARTESIAN_POINT('',(-31.3962589908502,100.557598735426,185.505039467787));
#7580=CARTESIAN_POINT('',(-34.5339122287239,101.797616582107,185.504785668213));
#7581=CARTESIAN_POINT('',(-49.1929629136333,64.8492539284404,185.495385856571));
#7582=CARTESIAN_POINT('',(-48.1950266239273,71.1160365139445,185.49695486428));
#7583=CARTESIAN_POINT('',(-47.1970903342213,77.3828190994485,185.498523871988));
#7584=CARTESIAN_POINT('',(-46.1991540445153,83.6496016849526,185.500092879697));
#7585=CARTESIAN_POINT('',(-43.2073111877255,102.437603390971,185.504796811755));
#7586=CARTESIAN_POINT('',(-41.7814745467324,102.526135891411,185.504842962455));
#7587=CARTESIAN_POINT('',(-38.910385371589,102.3877181777,185.504857460178));
#7588=CARTESIAN_POINT('',(-36.1383247643973,101.627512448485,185.504716281261));
#7589=CARTESIAN_POINT('',(-34.8104978250587,101.100479309797,185.504608313688));
#7590=CARTESIAN_POINT('',(-43.2073111877255,102.437603390971,185.504796811755));
#7591=CARTESIAN_POINT('',(-44.2045921399888,96.1749361556318,185.503228834402));
#7592=CARTESIAN_POINT('',(-45.201873092252,89.9122689202922,185.50166085705));
#7593=CARTESIAN_POINT('',(-46.1991540445153,83.6496016849526,185.500092879697));
#7594=CARTESIAN_POINT('',(-61.8729708047341,79.0762780736013,185.498693942155));
#7595=CARTESIAN_POINT('',(-56.6483915612338,80.6007115909257,185.499160252318));
#7596=CARTESIAN_POINT('',(-51.4237176187395,82.125172739627,185.499626570933));
#7597=CARTESIAN_POINT('',(-46.1991540445153,83.6496016849526,185.500092879697));
#7598=CARTESIAN_POINT('',(-46.1991540445153,83.6496016849526,185.500092879697));
#7599=CARTESIAN_POINT('',(-50.7599325141198,86.5936261635211,185.500744521097));
#7600=CARTESIAN_POINT('',(-55.3207109837244,89.5376506420897,185.501396162498));
#7601=CARTESIAN_POINT('',(-59.881489453329,92.4816751206582,185.502047803898));
#7602=CARTESIAN_POINT('',(-59.881489453329,92.4816751206582,185.502047803898));
#7603=CARTESIAN_POINT('',(-60.9847876281574,90.4094982660788,185.501515856741));
#7604=CARTESIAN_POINT('',(-62.087388278146,87.0171896539702,185.500656973047));
#7605=CARTESIAN_POINT('',(-62.3382202814776,82.4002356022061,185.499509260666));
#7606=CARTESIAN_POINT('',(-62.0833863006079,80.14829288731,185.49895586618));
#7607=CARTESIAN_POINT('',(-61.8729708047341,79.0762780736013,185.498693942155));
#7608=CARTESIAN_POINT('',(-59.881489453329,92.4816751206582,185.502047803898));
#7609=CARTESIAN_POINT('',(-58.2687249891273,95.5253718627706,185.502829016697));
#7610=CARTESIAN_POINT('',(-55.8600110128694,98.1389882469352,185.503517237122));
#7611=CARTESIAN_POINT('',(-50.0682420668652,101.867595713688,185.504539077079));
#7612=CARTESIAN_POINT('',(-46.6919539029503,102.978117701789,185.504871474632));
#7613=CARTESIAN_POINT('',(-43.2536807766273,103.186194758879,185.504981422692));
#7614=CARTESIAN_POINT('',(-62.0887388043366,93.6559586310476,183.002300842002));
#7615=CARTESIAN_POINT('',(-62.0926217487981,93.6578549506459,183.658035121093));
#7616=CARTESIAN_POINT('',(-61.6080070388695,93.3998412998028,184.95767116839));
#7617=CARTESIAN_POINT('',(-60.4604590808625,92.7895245535449,185.506483634522));
#7618=CARTESIAN_POINT('',(-59.881489453329,92.4816751206582,185.502047803898));
#7619=CARTESIAN_POINT('',(-33.6119351903924,104.12197946344,183.005331608061));
#7620=CARTESIAN_POINT('',(-33.6103230616235,104.12590895796,183.66107167878));
#7621=CARTESIAN_POINT('',(-33.8127702345124,103.615373430892,184.960689110697));
#7622=CARTESIAN_POINT('',(-34.2920861199545,102.407140831239,185.509314472064));
#7623=CARTESIAN_POINT('',(-34.5339122287239,101.797616582107,185.504785668213));
#7624=CARTESIAN_POINT('',(-19.6772809373299,87.3553687634784,183.006644737771));
#7625=CARTESIAN_POINT('',(-19.6732355812669,87.356222242132,183.662724569759));
#7626=CARTESIAN_POINT('',(-20.2124135456888,87.2505583376662,184.963209718856));
#7627=CARTESIAN_POINT('',(-21.4880342734812,87.0003416959302,185.512573591273));
#7628=CARTESIAN_POINT('',(-22.1315100162365,86.8740964387123,185.508270966834));
#7629=CARTESIAN_POINT('',(-34.1650891791013,102.727703673221,183.005021342027));
#7630=CARTESIAN_POINT('',(-33.9807045161983,103.192462269961,183.005124764038));
#7631=CARTESIAN_POINT('',(-33.7963198532954,103.657220866701,183.005228186049));
#7632=CARTESIAN_POINT('',(-33.6119351903924,104.12197946344,183.005331608061));
#7633=CARTESIAN_POINT('',(-34.5339122287239,101.797616582107,185.504785668213));
#7634=CARTESIAN_POINT('',(-34.533904106382,101.797724390001,185.004785608947));
#7635=CARTESIAN_POINT('',(-34.5338959840401,101.797832197894,184.504785549681));
#7636=CARTESIAN_POINT('',(-34.5338878616981,101.797940005787,184.004785490415));
#7637=CARTESIAN_POINT('',(-34.8104978250587,101.100479309797,185.504608313688));
#7638=CARTESIAN_POINT('',(-34.8104897027182,101.100587117694,185.004608254362));
#7639=CARTESIAN_POINT('',(-34.8104815803778,101.100694925591,184.504608195036));
#7640=CARTESIAN_POINT('',(-34.8104734580373,101.100802733488,184.00460813571));
#7641=CARTESIAN_POINT('',(-34.1650866241709,102.727720251362,182.935625099113));
#7642=CARTESIAN_POINT('',(-33.9807041843227,103.192473463272,182.935728302548));
#7643=CARTESIAN_POINT('',(-33.7963178494178,103.657236493037,182.935831508163));
#7644=CARTESIAN_POINT('',(-33.6119348565781,104.121991098814,182.935934711908));
#7645=CARTESIAN_POINT('',(-33.6119348565781,104.121991098814,182.935934711908));
#7646=CARTESIAN_POINT('',(-33.6119349678491,104.121987220357,182.959067005129));
#7647=CARTESIAN_POINT('',(-33.6119350791205,104.1219833419,182.982199298326));
#7648=CARTESIAN_POINT('',(-33.6119351903924,104.12197946344,183.005331608061));
#7649=CARTESIAN_POINT('',(-33.2175620911653,103.961368769115,182.441433605618));
#7650=CARTESIAN_POINT('',(-33.4431967159479,104.055801892435,182.478171000655));
#7651=CARTESIAN_POINT('',(-33.6119154222194,104.122047155915,182.688186667856));
#7652=CARTESIAN_POINT('',(-33.6119348565781,104.121991098814,182.935934711908));
#7653=CARTESIAN_POINT('',(-35.2041764978545,62.8437103101261,175.995126313715));
#7654=CARTESIAN_POINT('',(-35.2041991507016,62.8433800920134,177.328460242699));
#7655=CARTESIAN_POINT('',(-35.2042218035328,62.8430498741377,178.661793218008));
#7656=CARTESIAN_POINT('',(-35.2042444563623,62.842719656262,179.99512619332));
#7657=CARTESIAN_POINT('',(-20.3638642622601,90.0019282523459,182.102096538388));
#7658=CARTESIAN_POINT('',(-20.3638623833616,90.0019549148849,181.993964378438));
#7659=CARTESIAN_POINT('',(-20.3638605044304,90.0019815778876,181.885830335862));
#7660=CARTESIAN_POINT('',(-20.3638586255397,90.0020082403297,181.777698577531));
#7661=CARTESIAN_POINT('',(-20.3638586255397,90.0020082403297,181.777698577531));
#7662=CARTESIAN_POINT('',(-21.7905228918441,89.5387401402892,181.777567800583));
#7663=CARTESIAN_POINT('',(-20.3638586255397,90.0020082403297,181.777698577531));
#7664=CARTESIAN_POINT('',(-20.364173794415,90.0029790531969,181.650630316757));
#7665=CARTESIAN_POINT('',(-20.3320440407578,89.9052712382573,181.398925319676));
#7666=CARTESIAN_POINT('',(-20.2584975005367,89.6702943328818,181.283610615387));
#7667=CARTESIAN_POINT('',(-20.2218710581475,89.5488225494687,181.278194661979));
#7668=CARTESIAN_POINT('',(-49.2788326687866,104.530916324225,180.005211714919));
#7669=CARTESIAN_POINT('',(-49.2788100160744,104.531246540437,178.671885461904));
#7670=CARTESIAN_POINT('',(-49.278787362947,104.531576762636,177.338535041483));
#7671=CARTESIAN_POINT('',(-49.278764710281,104.531906978096,176.005211833677));
#7672=CARTESIAN_POINT('',(-41.3157496555132,105.914605458267,171.776135670784));
#7673=CARTESIAN_POINT('',(-41.3212163978633,105.915839944714,171.885881439337));
#7674=CARTESIAN_POINT('',(-41.3256461899,105.916783608238,172.200027029107));
#7675=CARTESIAN_POINT('',(-41.2800274987664,105.906121600633,172.717157597101));
#7676=CARTESIAN_POINT('',(-41.1457955775157,105.874981274827,173.315143067701));
#7677=CARTESIAN_POINT('',(-40.9337286393564,105.825877416027,173.888894813302));
#7678=CARTESIAN_POINT('',(-40.6477508276664,105.759718655327,174.427795850602));
#7679=CARTESIAN_POINT('',(-40.2931539700364,105.677729216133,174.921874209101));
#7680=CARTESIAN_POINT('',(-39.8764996390764,105.581426257127,175.361987298195));
#7681=CARTESIAN_POINT('',(-39.4054977396664,105.472591798927,175.739991126695));
#7682=CARTESIAN_POINT('',(-38.8888638411857,105.353239749033,176.048890990602));
#7683=CARTESIAN_POINT('',(-38.3361579021264,105.225578636033,176.282970908601));
#7684=CARTESIAN_POINT('',(-37.7576073695364,105.091970741733,176.437899391001));
#7685=CARTESIAN_POINT('',(-37.1639179270657,104.954888389333,176.510809591801));
#7686=CARTESIAN_POINT('',(-36.5660753935657,104.816868194333,176.500352357395));
#7687=CARTESIAN_POINT('',(-35.9751424380264,104.680464126533,176.406721191701));
#7688=CARTESIAN_POINT('',(-35.4020538724064,104.548200250327,176.231648675801));
#7689=CARTESIAN_POINT('',(-34.8574143103664,104.422524018533,175.978374407395));
#7690=CARTESIAN_POINT('',(-34.3513019361357,104.305760984433,175.651585054101));
#7691=CARTESIAN_POINT('',(-33.8930820145557,104.200071768333,175.257327631001));
#7692=CARTESIAN_POINT('',(-33.4912335932764,104.107412077333,174.802897601301));
#7693=CARTESIAN_POINT('',(-33.1531926036264,104.029496515827,174.296703890401));
#7694=CARTESIAN_POINT('',(-32.8852142642257,103.967766858233,173.748113241701));
#7695=CARTESIAN_POINT('',(-32.6922573306364,103.923365369633,173.167277050302));
#7696=CARTESIAN_POINT('',(-32.5954869534747,103.901152392552,172.657609695524));
#7697=CARTESIAN_POINT('',(-32.568675787794,103.895041286625,172.344637235094));
#7698=CARTESIAN_POINT('',(-32.5632081839413,103.893806601278,172.234891495869));
#7699=CARTESIAN_POINT('',(-42.4411223924791,101.040080643844,171.774909262059));
#7700=CARTESIAN_POINT('',(-42.0659982378258,102.664921861666,171.7753180964));
#7701=CARTESIAN_POINT('',(-41.6908740808238,104.289763078892,171.775726883461));
#7702=CARTESIAN_POINT('',(-41.3157496555132,105.914605458267,171.776135670784));
#7703=CARTESIAN_POINT('',(-41.3157496555132,105.914605458267,171.776135670784));
#7704=CARTESIAN_POINT('',(-41.1171717478575,106.038868975885,171.78463026472));
#7705=CARTESIAN_POINT('',(-40.9185938402143,106.163132493533,171.793124858681));
#7706=CARTESIAN_POINT('',(-40.7200157905364,106.287396100054,171.801619458678));
#7707=CARTESIAN_POINT('',(-32.5632081839413,103.893806601278,172.234891495869));
#7708=CARTESIAN_POINT('',(-32.9383326076776,102.26896422153,172.234482676978));
#7709=CARTESIAN_POINT('',(-33.3134567631137,100.644123003964,172.234073858353));
#7710=CARTESIAN_POINT('',(-33.6885809209088,99.0192817868562,172.233665087136));
#7711=CARTESIAN_POINT('',(-32.5632081839413,103.893806601278,172.234891495869));
#7712=CARTESIAN_POINT('',(-32.5577414408545,103.892572114666,172.125145674898));
#7713=CARTESIAN_POINT('',(-32.553311651859,103.891628451883,171.811000111367));
#7714=CARTESIAN_POINT('',(-32.5989303406811,103.90229045887,171.293869569498));
#7715=CARTESIAN_POINT('',(-32.7331622619405,103.933430784769,170.695884098898));
#7716=CARTESIAN_POINT('',(-32.9452292000911,103.982534643562,170.122132353297));
#7717=CARTESIAN_POINT('',(-33.2312070117812,104.048693404268,169.583231315996));
#7718=CARTESIAN_POINT('',(-33.5858038694111,104.130682843368,169.089152957495));
#7719=CARTESIAN_POINT('',(-34.0024582003711,104.226985802467,168.649039868488));
#7720=CARTESIAN_POINT('',(-34.4734600997811,104.33582026066,168.271036039987));
#7721=CARTESIAN_POINT('',(-34.9900939982705,104.455172310465,167.962136175985));
#7722=CARTESIAN_POINT('',(-35.5427999373211,104.582833423464,167.728056257991));
#7723=CARTESIAN_POINT('',(-36.1213504699111,104.716441317763,167.573127775589));
#7724=CARTESIAN_POINT('',(-36.7150399123911,104.853523670162,167.500217574788));
#7725=CARTESIAN_POINT('',(-37.3128824458905,104.991543865161,167.51067480928));
#7726=CARTESIAN_POINT('',(-37.9038154014211,105.12794793296,167.604305974885));
#7727=CARTESIAN_POINT('',(-38.4769039670504,105.260211809259,167.779378490784));
#7728=CARTESIAN_POINT('',(-39.0215435290905,105.385888040958,168.032652759276));
#7729=CARTESIAN_POINT('',(-39.5276559033211,105.502651075058,168.359442112482));
#7730=CARTESIAN_POINT('',(-39.9858758249005,105.608340291157,168.753699535581));
#7731=CARTESIAN_POINT('',(-40.3877242461711,105.700999982156,169.208129565279));
#7732=CARTESIAN_POINT('',(-40.7257652358305,105.778915543749,169.714323276179));
#7733=CARTESIAN_POINT('',(-40.9937435752305,105.840645201255,170.262913924878));
#7734=CARTESIAN_POINT('',(-41.1867005088111,105.885046689855,170.843750116278));
#7735=CARTESIAN_POINT('',(-41.2834708859808,105.907259666936,171.353417471133));
#7736=CARTESIAN_POINT('',(-41.3102820516628,105.913370772915,171.666389931576));
#7737=CARTESIAN_POINT('',(-41.3157496555132,105.914605458267,171.776135670784));
#7738=CARTESIAN_POINT('',(-32.9352267713359,104.490033265121,172.209651451656));
#7739=CARTESIAN_POINT('',(-32.8112206050927,104.291291091189,172.218064797694));
#7740=CARTESIAN_POINT('',(-32.6872144388594,104.092548917306,172.226478143775));
#7741=CARTESIAN_POINT('',(-32.5632081839413,103.893806601278,172.234891495869));
#7742=CARTESIAN_POINT('',(-31.4730468504086,110.823440749128,172.211244726459));
#7743=CARTESIAN_POINT('',(-31.9604403897846,108.712303914484,172.210713634571));
#7744=CARTESIAN_POINT('',(-32.4478335805584,106.601168589797,172.210182543157));
#7745=CARTESIAN_POINT('',(-32.9352267713359,104.490033265121,172.209651451656));
#7746=CARTESIAN_POINT('',(-40.7200157905364,106.287396100054,171.801619458678));
#7747=CARTESIAN_POINT('',(-40.7252704053722,106.288582682905,171.907112534555));
#7748=CARTESIAN_POINT('',(-40.7285838245197,106.289273365724,172.202360822314));
#7749=CARTESIAN_POINT('',(-40.6817328638086,106.278335383238,172.685638367742));
#7750=CARTESIAN_POINT('',(-40.549136416284,106.247583915615,173.238790808995));
#7751=CARTESIAN_POINT('',(-40.3415678054131,106.199530010052,173.767100674934));
#7752=CARTESIAN_POINT('',(-40.063208614366,106.135141738791,174.259924736102));
#7753=CARTESIAN_POINT('',(-39.7196665605843,106.055716243348,174.707334782711));
#7754=CARTESIAN_POINT('',(-39.3178625056166,105.962853598043,175.100317460944));
#7755=CARTESIAN_POINT('',(-38.8658910353699,105.858424577126,175.430955899137));
#7756=CARTESIAN_POINT('',(-38.3728573883441,105.744532966289,175.692589185683));
#7757=CARTESIAN_POINT('',(-37.8486940255245,105.62347318101,175.879946559783));
#7758=CARTESIAN_POINT('',(-37.3039605348209,105.497684043853,175.989253593805));
#7759=CARTESIAN_POINT('',(-36.7496309018048,105.369699652944,176.018308231594));
#7760=CARTESIAN_POINT('',(-36.1968724321318,105.242098331386,175.966525149804));
#7761=CARTESIAN_POINT('',(-35.6568207794323,105.117450684807,175.834947549904));
#7762=CARTESIAN_POINT('',(-35.1403556108359,104.998267815565,175.626226142261));
#7763=CARTESIAN_POINT('',(-34.6578814294597,104.886950734454,175.344565745744));
#7764=CARTESIAN_POINT('',(-34.2191179694414,104.785741991643,174.995640579882));
#7765=CARTESIAN_POINT('',(-33.8329043860303,104.696680498205,174.586479951091));
#7766=CARTESIAN_POINT('',(-33.5070211853332,104.621560451939,174.125326655359));
#7767=CARTESIAN_POINT('',(-33.2480334818023,104.561895191576,173.621470875698));
#7768=CARTESIAN_POINT('',(-33.0611587381071,104.518886709658,173.085063199951));
#7769=CARTESIAN_POINT('',(-32.9665266070803,104.497158880524,172.609201325451));
#7770=CARTESIAN_POINT('',(-32.9404827835262,104.491220170594,172.315144403852));
#7771=CARTESIAN_POINT('',(-32.9352267713359,104.490033265121,172.209651451656));
#7772=CARTESIAN_POINT('',(-40.7200157905364,106.287396100054,171.801619458678));
#7773=CARTESIAN_POINT('',(-40.2326210646648,108.39853107034,171.802150630575));
#7774=CARTESIAN_POINT('',(-39.7452263387993,110.509666040579,171.802681802544));
#7775=CARTESIAN_POINT('',(-39.2578312643359,112.620802520746,171.803212974851));
#7776=CARTESIAN_POINT('',(-32.9352267713359,104.490033265121,172.209651451656));
#7777=CARTESIAN_POINT('',(-32.9299721570781,104.488846682356,172.104158426188));
#7778=CARTESIAN_POINT('',(-32.9266587349259,104.488155998895,171.808910113111));
#7779=CARTESIAN_POINT('',(-32.9735096980703,104.499093981873,171.325632542579));
#7780=CARTESIAN_POINT('',(-33.1061061455955,104.529845449585,170.772480101326));
#7781=CARTESIAN_POINT('',(-33.3136747564666,104.577899355148,170.244170235388));
#7782=CARTESIAN_POINT('',(-33.5920339475139,104.64228762632,169.75134617422));
#7783=CARTESIAN_POINT('',(-33.9355760012959,104.721713121852,169.303936127708));
#7784=CARTESIAN_POINT('',(-34.3373800562639,104.814575767158,168.910953449477));
#7785=CARTESIAN_POINT('',(-34.7893515265109,104.919004788075,168.580315011191));
#7786=CARTESIAN_POINT('',(-35.2823851735365,105.032896398823,168.318681724646));
#7787=CARTESIAN_POINT('',(-35.8065485363569,105.153956184103,168.131324350548));
#7788=CARTESIAN_POINT('',(-36.3512820270603,105.279745321349,168.022017316529));
#7789=CARTESIAN_POINT('',(-36.9056116600868,105.407729712169,167.992962678748));
#7790=CARTESIAN_POINT('',(-37.4583701297507,105.535331033816,168.044745760534));
#7791=CARTESIAN_POINT('',(-37.9984217824506,105.659978680301,168.176323360436));
#7792=CARTESIAN_POINT('',(-38.5148869510474,105.779161549638,168.385044768086));
#7793=CARTESIAN_POINT('',(-38.9973611324238,105.890478630655,168.6667051646));
#7794=CARTESIAN_POINT('',(-39.4361245924418,105.99168737356,169.015630330469));
#7795=CARTESIAN_POINT('',(-39.8223381758537,106.080748866904,169.424790959351));
#7796=CARTESIAN_POINT('',(-40.1482213765605,106.155868913264,169.885944254989));
#7797=CARTESIAN_POINT('',(-40.4072090800821,106.215534173533,170.389800034656));
#7798=CARTESIAN_POINT('',(-40.5940838237769,106.258542655545,170.926207710398));
#7799=CARTESIAN_POINT('',(-40.6887159498838,106.28027048347,171.402069560163));
#7800=CARTESIAN_POINT('',(-40.7147597739116,106.286209193504,171.696126456298));
#7801=CARTESIAN_POINT('',(-40.7200157905364,106.287396100054,171.801619458678));
#7802=CARTESIAN_POINT('',(-39.2578312643359,112.620802520746,171.803212974851));
#7803=CARTESIAN_POINT('',(-39.3149014993981,112.633714644065,172.850882047696));
#7804=CARTESIAN_POINT('',(-38.9449068595325,112.548028000837,173.910755140663));
#7805=CARTESIAN_POINT('',(-37.5756197094535,112.231511267069,175.468405157863));
#7806=CARTESIAN_POINT('',(-36.5855548401903,112.002815294188,175.951280878775));
#7807=CARTESIAN_POINT('',(-34.5435866412872,111.531362860776,176.058296624359));
#7808=CARTESIAN_POINT('',(-33.5107209743851,111.293001835943,175.681462749965));
#7809=CARTESIAN_POINT('',(-31.9937737657566,110.943140799574,174.275080646996));
#7810=CARTESIAN_POINT('',(-31.5203959993552,110.834108445211,173.259461162046));
#7811=CARTESIAN_POINT('',(-31.4730468504086,110.823440749128,172.211244726459));
#7812=CARTESIAN_POINT('',(-39.2578312643359,112.620802520746,171.803212974851));
#7813=CARTESIAN_POINT('',(-39.7417100075587,112.732520515578,171.777850909877));
#7814=CARTESIAN_POINT('',(-39.7417100075587,112.732520515578,171.777850909877));
#7815=CARTESIAN_POINT('',(-39.8058669458943,112.747035957887,172.955795127545));
#7816=CARTESIAN_POINT('',(-39.3898851189451,112.650699200761,174.147373092891));
#7817=CARTESIAN_POINT('',(-37.8503697766334,112.294833468723,175.898686695233));
#7818=CARTESIAN_POINT('',(-36.7372273613821,112.037707705319,176.441580937314));
#7819=CARTESIAN_POINT('',(-34.4414418639563,111.507653580349,176.561913604467));
#7820=CARTESIAN_POINT('',(-33.2801371875912,111.239651865189,176.138209053835));
#7821=CARTESIAN_POINT('',(-31.5746487832799,110.84630664043,174.55702894741));
#7822=CARTESIAN_POINT('',(-31.0423911315984,110.723712569863,173.415103382931));
#7823=CARTESIAN_POINT('',(-30.9891683690482,110.711721620055,172.236606791183));
#7824=CARTESIAN_POINT('',(-30.9891683690482,110.711721620055,172.236606791183));
#7825=CARTESIAN_POINT('',(-31.4730468504086,110.823440749128,172.211244726459));
#7826=CARTESIAN_POINT('',(-31.4730468504086,110.823440749128,172.211244726459));
#7827=CARTESIAN_POINT('',(-31.4159766153611,110.810528625659,171.163575653492));
#7828=CARTESIAN_POINT('',(-31.7859712552392,110.896215269015,170.103702560719));
#7829=CARTESIAN_POINT('',(-33.1552584052955,111.212732002837,168.546052543434));
#7830=CARTESIAN_POINT('',(-34.1453232745761,111.441427975478,168.063176822654));
#7831=CARTESIAN_POINT('',(-36.1872914734754,111.912880409095,167.956161076813));
#7832=CARTESIAN_POINT('',(-37.2201571403733,112.151241433891,168.332994951476));
#7833=CARTESIAN_POINT('',(-38.7371043490055,112.501102470215,169.739377054281));
#7834=CARTESIAN_POINT('',(-39.2104821153997,112.610134824599,170.754996539381));
#7835=CARTESIAN_POINT('',(-39.2578312643359,112.620802520746,171.803212974851));
#7836=CARTESIAN_POINT('',(-30.9891683690482,110.711721620055,172.236606791183));
#7837=CARTESIAN_POINT('',(-30.9250114307271,110.697206177617,171.05866257351));
#7838=CARTESIAN_POINT('',(-31.3409932576672,110.793542934783,169.867084608173));
#7839=CARTESIAN_POINT('',(-32.8805085999787,111.149408666931,168.115771005829));
#7840=CARTESIAN_POINT('',(-33.9936510152307,111.406534430213,167.572876763746));
#7841=CARTESIAN_POINT('',(-36.2894365126554,111.936588555334,167.45254409659));
#7842=CARTESIAN_POINT('',(-37.4507411890299,112.204590270278,167.876248647277));
#7843=CARTESIAN_POINT('',(-39.1562295933293,112.597935495238,169.457428753621));
#7844=CARTESIAN_POINT('',(-39.6884872450375,112.720529565492,170.599354318159));
#7845=CARTESIAN_POINT('',(-39.7417100075587,112.732520515578,171.777850909877));
#7846=CARTESIAN_POINT('',(-37.889802224397,117.436484808955,171.817189623326));
#7847=CARTESIAN_POINT('',(-38.5071051131264,115.868495963477,171.804076712549));
#7848=CARTESIAN_POINT('',(-39.124407560341,114.300508239565,171.790963811213));
#7849=CARTESIAN_POINT('',(-39.7417100075587,112.732520515578,171.777850909877));
#7850=CARTESIAN_POINT('',(-30.5915656083029,115.751457864553,172.19971945482));
#7851=CARTESIAN_POINT('',(-30.5870072083592,115.750428497738,172.108208780877));
#7852=CARTESIAN_POINT('',(-30.5833134642822,115.749641632046,171.84626101849));
#7853=CARTESIAN_POINT('',(-30.6213522426317,115.758532061148,171.415055857399));
#7854=CARTESIAN_POINT('',(-30.7332804552262,115.784498172594,170.916430461522));
#7855=CARTESIAN_POINT('',(-30.9101107733335,115.825443031969,170.438012163129));
#7856=CARTESIAN_POINT('',(-31.1485710814497,115.880608984778,169.988653848847));
#7857=CARTESIAN_POINT('',(-31.4442488315077,115.948975222068,169.57667056626));
#7858=CARTESIAN_POINT('',(-31.7916727087384,116.029276673238,169.209685791451));
#7859=CARTESIAN_POINT('',(-32.1844138706847,116.120027414594,168.894490326154));
#7860=CARTESIAN_POINT('',(-32.6152049096396,116.219548165555,168.63691664832));
#7861=CARTESIAN_POINT('',(-33.076074330758,116.325997362321,168.441730983332));
#7862=CARTESIAN_POINT('',(-33.5584940592232,116.437405235072,168.312545108984));
#7863=CARTESIAN_POINT('',(-34.0535372464522,116.551710256854,168.251749521892));
#7864=CARTESIAN_POINT('',(-34.5520434553832,116.666797291139,168.260469203043));
#7865=CARTESIAN_POINT('',(-35.0447881680558,116.780536730754,168.338542800719));
#7866=CARTESIAN_POINT('',(-35.5226534791067,116.890823904778,168.484525616135));
#7867=CARTESIAN_POINT('',(-35.9767968163418,116.99561802415,168.69571633659));
#7868=CARTESIAN_POINT('',(-36.3988145665499,117.092979945108,168.968207021804));
#7869=CARTESIAN_POINT('',(-36.7808975786577,117.181108051513,169.296955416842));
#7870=CARTESIAN_POINT('',(-37.1159756666631,117.258371592836,169.675878257913));
#7871=CARTESIAN_POINT('',(-37.397848438792,117.323340859885,170.097963830043));
#7872=CARTESIAN_POINT('',(-37.6213000310768,117.374813640483,170.555401749237));
#7873=CARTESIAN_POINT('',(-37.782195624912,117.411837466137,171.03972735595));
#7874=CARTESIAN_POINT('',(-37.8628868297977,117.430359579428,171.464709402703));
#7875=CARTESIAN_POINT('',(-37.8852431055218,117.435455276183,171.725678987063));
#7876=CARTESIAN_POINT('',(-37.889802224397,117.436484808955,171.817189623326));
#7877=CARTESIAN_POINT('',(-37.889802224397,117.436484808955,171.817189623326));
#7878=CARTESIAN_POINT('',(-37.8943606237355,117.437514175581,171.908700253594));
#7879=CARTESIAN_POINT('',(-37.8980543703517,117.438301041854,172.170648037926));
#7880=CARTESIAN_POINT('',(-37.8600155900784,117.429410612302,172.601853220737));
#7881=CARTESIAN_POINT('',(-37.7480873774939,117.403444500856,173.100478616614));
#7882=CARTESIAN_POINT('',(-37.5712570593771,117.362499641475,173.578896915006));
#7883=CARTESIAN_POINT('',(-37.3327967512608,117.307333688672,174.028255229381));
#7884=CARTESIAN_POINT('',(-37.0371190012027,117.238967451382,174.440238511874));
#7885=CARTESIAN_POINT('',(-36.6896951239712,117.158666000212,174.807223286683));
#7886=CARTESIAN_POINT('',(-36.2969539620255,117.067915258856,175.122418751981));
#7887=CARTESIAN_POINT('',(-35.8661629230705,116.968394507895,175.379992429808));
#7888=CARTESIAN_POINT('',(-35.405293501952,116.861945311129,175.575178094803));
#7889=CARTESIAN_POINT('',(-34.922873773496,116.750537438378,175.704363969151));
#7890=CARTESIAN_POINT('',(-34.4278305862575,116.636232416595,175.765159556244));
#7891=CARTESIAN_POINT('',(-33.9293243773265,116.521145382311,175.756439875094));
#7892=CARTESIAN_POINT('',(-33.4365796646538,116.407405942695,175.678366277419));
#7893=CARTESIAN_POINT('',(-32.9587143536123,116.297118768672,175.532383462005));
#7894=CARTESIAN_POINT('',(-32.5045710163677,116.192324649299,175.321192741545));
#7895=CARTESIAN_POINT('',(-32.0825532661596,116.094962728341,175.048702056339));
#7896=CARTESIAN_POINT('',(-31.7004702540611,116.006834621936,174.719953661396));
#7897=CARTESIAN_POINT('',(-31.3653921660556,115.929571080613,174.34103082032));
#7898=CARTESIAN_POINT('',(-31.0835193939267,115.864601813564,173.918945248104));
#7899=CARTESIAN_POINT('',(-30.8600678016319,115.813129032966,173.461507328912));
#7900=CARTESIAN_POINT('',(-30.6991722077968,115.776105207312,172.9771817222));
#7901=CARTESIAN_POINT('',(-30.6184809988336,115.757583093085,172.552199653964));
#7902=CARTESIAN_POINT('',(-30.5961247234592,115.752487396416,172.291230047562));
#7903=CARTESIAN_POINT('',(-30.5915656083029,115.751457864553,172.19971945482));
#7904=CARTESIAN_POINT('',(-30.9891683690482,110.711721620055,172.236606791183));
#7905=CARTESIAN_POINT('',(-30.8566341470626,112.391633301051,172.224311015342));
#7906=CARTESIAN_POINT('',(-30.7240999250822,114.071544982068,172.212015239452));
#7907=CARTESIAN_POINT('',(-30.5915656083029,115.751457864553,172.19971945482));
#7908=CARTESIAN_POINT('',(-33.1442828200351,98.893678404329,172.004089450531));
#7909=CARTESIAN_POINT('',(-33.1443686176499,98.8924277038375,177.054089294926));
#7910=CARTESIAN_POINT('',(-38.0649374448007,100.028430511126,177.054287042695));
#7911=CARTESIAN_POINT('',(-42.9855062719514,101.164433318415,177.054484790463));
#7912=CARTESIAN_POINT('',(-42.9854204743366,101.165684018907,172.004484946069));
#7913=CARTESIAN_POINT('',(-42.9854204743366,101.165684018907,172.004484946069));
#7914=CARTESIAN_POINT('',(-42.9853346767218,101.166934719398,166.954485101674));
#7915=CARTESIAN_POINT('',(-38.0647658495711,100.030931912109,166.954287353905));
#7916=CARTESIAN_POINT('',(-33.1441970224203,98.8949291048206,166.954089606137));
#7917=CARTESIAN_POINT('',(-33.1442828200351,98.893678404329,172.004089450531));
#7918=CARTESIAN_POINT('',(-33.1442828200351,98.893678404329,172.004089450531));
#7919=CARTESIAN_POINT('',(-33.7844345683286,96.1208766303018,172.003391852879));
#7920=CARTESIAN_POINT('',(-42.0016819731106,98.4754775031595,183.003835732379));
#7921=CARTESIAN_POINT('',(-26.5016853136559,98.47547743794,183.004099071524));
#7922=CARTESIAN_POINT('',(-26.5016853136559,82.9754812516114,183.000260288664));
#7923=CARTESIAN_POINT('',(-26.5016853136559,67.4754850652829,182.996421505803));
#7924=CARTESIAN_POINT('',(-42.0016819731106,67.4754851305023,182.996158166658));
#7925=CARTESIAN_POINT('',(-42.0016819731106,98.4754775031595,183.003835732379));
#7926=CARTESIAN_POINT('',(-42.001698962737,98.4752298396958,184.003835701618));
#7927=CARTESIAN_POINT('',(-42.0016819731106,98.4754775031595,183.003835732379));
#7928=CARTESIAN_POINT('',(-42.0015571520253,98.4772970618435,175.656936027683));
#7929=CARTESIAN_POINT('',(-62.1007062777169,110.826038129395,161.816409063676));
#7930=CARTESIAN_POINT('',(-58.4794864363829,105.808883404897,163.234645454681));
#7931=CARTESIAN_POINT('',(-54.7888094809838,100.695690371616,163.966025672322));
#7932=CARTESIAN_POINT('',(-51.0731629204854,95.5480933921671,164.001510940259));
#7933=CARTESIAN_POINT('',(-21.9019374231603,55.1354207118164,161.803299494041));
#7934=CARTESIAN_POINT('',(-18.2548799307923,57.7643169083307,161.804012537762));
#7935=CARTESIAN_POINT('',(-15.1357840952385,61.1201025187922,161.804896635567));
#7936=CARTESIAN_POINT('',(-10.4135555024494,68.7718871692766,161.80687193205));
#7937=CARTESIAN_POINT('',(-8.81482096598858,73.0648450770155,161.807962302826));
#7938=CARTESIAN_POINT('',(-7.38062151433295,81.9414846931754,161.810185088747));
#7939=CARTESIAN_POINT('',(-7.54632641032865,86.5197349853431,161.811316138852));
#7940=CARTESIAN_POINT('',(-9.6183010080968,95.2694044996303,161.813447910314));
#7941=CARTESIAN_POINT('',(-11.5233728514249,99.4356938786397,161.814447381547));
#7942=CARTESIAN_POINT('',(-16.7859555975817,106.726401222887,161.816163614114));
#7943=CARTESIAN_POINT('',(-20.1404119105793,109.846535100587,161.816879366339));
#7944=CARTESIAN_POINT('',(-27.7923444664663,114.568328775758,161.817918778672));
#7945=CARTESIAN_POINT('',(-32.0856642688646,116.167361888398,161.818241858861));
#7946=CARTESIAN_POINT('',(-40.9621619036325,117.601361107555,161.818446199699));
#7947=CARTESIAN_POINT('',(-45.5403029439133,117.435844789079,161.818327426443));
#7948=CARTESIAN_POINT('',(-54.2898502553305,115.363357610279,161.817665495518));
#7949=CARTESIAN_POINT('',(-58.4568354647272,113.459864455186,161.817123274264));
#7950=CARTESIAN_POINT('',(-62.1007062777169,110.826038129395,161.816409063676));
#7951=CARTESIAN_POINT('',(-62.1007062777169,110.826038129395,161.816409063676));
#7952=CARTESIAN_POINT('',(-64.8271302130754,114.603479138209,160.748613109054));
#7953=CARTESIAN_POINT('',(-64.8270557095282,114.604657544096,155.969215845832));
#7954=CARTESIAN_POINT('',(-64.8270557095282,114.604657544096,155.969215845832));
#7955=CARTESIAN_POINT('',(-60.6891806317936,117.595598641156,155.970026893495));
#7956=CARTESIAN_POINT('',(-55.9565097288849,119.757562030644,155.970642739318));
#7957=CARTESIAN_POINT('',(-46.0201110611321,122.111050236279,155.971394428067));
#7958=CARTESIAN_POINT('',(-40.8212244521532,122.299084967853,155.971529324568));
#7959=CARTESIAN_POINT('',(-30.7401174629513,120.670383683312,155.971297228936));
#7960=CARTESIAN_POINT('',(-25.8651211539415,118.854720725074,155.970930380032));
#7961=CARTESIAN_POINT('',(-17.1746766699029,113.49210693144,155.969749903781));
#7962=CARTESIAN_POINT('',(-13.3656428408951,109.949107669216,155.968937146357));
#7963=CARTESIAN_POINT('',(-7.38895164337586,101.669196360239,155.966988056491));
#7964=CARTESIAN_POINT('',(-5.22553504576046,96.9379031596171,155.965853043691));
#7965=CARTESIAN_POINT('',(-2.87243554484406,87.00104793559,155.963432025882));
#7966=CARTESIAN_POINT('',(-2.68428187520931,81.8020151028996,155.962147611986));
#7967=CARTESIAN_POINT('',(-4.31306908270022,71.7211139637054,155.959623268565));
#7968=CARTESIAN_POINT('',(-6.1284910776559,66.8462152761622,155.958385090791));
#7969=CARTESIAN_POINT('',(-11.4915201411034,58.1560370525778,155.956141735222));
#7970=CARTESIAN_POINT('',(-15.0334558444389,54.3453772049233,155.955137797751));
#7971=CARTESIAN_POINT('',(-19.175389312618,51.3596979848356,155.954327984239));
#7972=CARTESIAN_POINT('',(-19.175389312618,51.3596979848356,155.954327984239));
#7973=CARTESIAN_POINT('',(-19.1754703811285,51.3585139552501,160.733725245978));
#7974=CARTESIAN_POINT('',(-21.9019374231603,55.1354207118164,161.803299494041));
#7975=CARTESIAN_POINT('',(-19.175389312618,51.3596979848356,155.954327984239));
#7976=CARTESIAN_POINT('',(-23.3134660785665,48.3686757618197,155.95351691299));
#7977=CARTESIAN_POINT('',(-28.0456133309119,46.2069126113111,155.952901125686));
#7978=CARTESIAN_POINT('',(-37.9824951438157,43.853263956546,155.95214938897));
#7979=CARTESIAN_POINT('',(-43.181059131132,43.6653065465742,155.95201451713));
#7980=CARTESIAN_POINT('',(-53.2619985999187,45.2938581310092,155.952246578495));
#7981=CARTESIAN_POINT('',(-58.1372807469736,47.1096140022927,155.952613445589));
#7982=CARTESIAN_POINT('',(-66.8276072042162,52.4721132598822,155.953793895454));
#7983=CARTESIAN_POINT('',(-70.6369360527334,56.0153491716018,155.954606706495));
#7984=CARTESIAN_POINT('',(-76.613547343204,64.295318081535,155.956555811974));
#7985=CARTESIAN_POINT('',(-78.7768322171245,69.0262566850589,155.957690739192));
#7986=CARTESIAN_POINT('',(-81.1300032792452,78.9632598732128,155.960111792436));
#7987=CARTESIAN_POINT('',(-81.318158812226,84.1619920896663,155.961396131841));
#7988=CARTESIAN_POINT('',(-79.6894610290104,94.2430992972849,155.963920524783));
#7989=CARTESIAN_POINT('',(-77.8738641607008,99.1182797970554,155.965158775317));
#7990=CARTESIAN_POINT('',(-72.5111395225865,107.808050094798,155.967402024703));
#7991=CARTESIAN_POINT('',(-68.9688493646434,111.619143620054,155.96840607555));
#7992=CARTESIAN_POINT('',(-64.8270557095282,114.604657544096,155.969215845832));
#7993=CARTESIAN_POINT('',(-21.9019374231603,55.1354207118164,161.803299494041));
#7994=CARTESIAN_POINT('',(-25.545546385801,52.5017464974298,161.802585325575));
#7995=CARTESIAN_POINT('',(-29.7128066426929,50.5980723270265,161.802043054816));
#7996=CARTESIAN_POINT('',(-38.4623329460385,48.5256326835311,161.801381136022));
#7997=CARTESIAN_POINT('',(-43.0403284262836,48.3600848650526,161.801262357436));
#7998=CARTESIAN_POINT('',(-51.9169991865372,49.7941022280795,161.801466699826));
#7999=CARTESIAN_POINT('',(-56.2101500815063,51.3930668921905,161.801789765933));
#8000=CARTESIAN_POINT('',(-63.862214672781,56.1148973185007,161.802829185125));
#8001=CARTESIAN_POINT('',(-67.2166399235073,59.2350142377598,161.803544933672));
#8002=CARTESIAN_POINT('',(-72.4792461901169,66.5257060270913,161.805261162006));
#8003=CARTESIAN_POINT('',(-74.3843251782293,70.692033308197,161.806260642527));
#8004=CARTESIAN_POINT('',(-76.4563050772029,79.4415650216867,161.80839237979));
#8005=CARTESIAN_POINT('',(-76.6220215796842,84.0199969013369,161.809523474678));
#8006=CARTESIAN_POINT('',(-75.1878583825429,92.8964677879591,161.811746218195));
#8007=CARTESIAN_POINT('',(-73.5891068662784,97.1895742953361,161.812836626057));
#8008=CARTESIAN_POINT('',(-68.8668266115701,104.841361482151,161.814811924025));
#8009=CARTESIAN_POINT('',(-65.7479908396182,108.196941147056,161.815695966391));
#8010=CARTESIAN_POINT('',(-62.1007062777169,110.826038129395,161.816409063676));
#8011=CARTESIAN_POINT('',(-19.175389312618,51.3596979848356,155.954327984239));
#8012=CARTESIAN_POINT('',(-19.1752222199117,51.3621385058108,146.100398878397));
#8013=CARTESIAN_POINT('',(-19.1750547941282,51.3645792655455,136.246476820619));
#8014=CARTESIAN_POINT('',(-19.1748873683411,51.3670200252814,126.392554762907));
#8015=CARTESIAN_POINT('',(-19.1748873683411,51.3670200252814,126.392554762907));
#8016=CARTESIAN_POINT('',(-19.3325773531791,51.2531948748183,126.392523893475));
#8017=CARTESIAN_POINT('',(-20.3155339269592,50.5547923933989,126.392334224629));
#8018=CARTESIAN_POINT('',(-22.1818590565862,49.3549348224051,126.392005355526));
#8019=CARTESIAN_POINT('',(-24.8556521823129,47.9164637844941,126.391603672026));
#8020=CARTESIAN_POINT('',(-27.6331475539524,46.690132529161,126.391252766021));
#8021=CARTESIAN_POINT('',(-30.4975454066277,45.6833585734737,126.390954759821));
#8022=CARTESIAN_POINT('',(-33.4315203955027,44.9022313967293,126.390711456021));
#8023=CARTESIAN_POINT('',(-36.417326323632,44.3514756613647,126.390524326127));
#8024=CARTESIAN_POINT('',(-39.4369034974925,44.0344226215141,126.390394502222));
#8025=CARTESIAN_POINT('',(-42.4719879566612,43.9529899776539,126.390322769422));
#8026=CARTESIAN_POINT('',(-45.504221944945,44.1076702763686,126.390309561522));
#8027=CARTESIAN_POINT('',(-48.515264947153,44.4975279314508,126.390354958523));
#8028=CARTESIAN_POINT('',(-51.4869046221549,45.1202048827134,126.390458685823));
#8029=CARTESIAN_POINT('',(-54.401166960471,45.9719348587802,126.390620115929));
#8030=CARTESIAN_POINT('',(-57.2404250003223,47.0475661574432,126.390838272624));
#8031=CARTESIAN_POINT('',(-59.9875054446306,48.3405928058223,126.391111836224));
#8032=CARTESIAN_POINT('',(-62.6257925339579,49.8431939118103,126.391439152124));
#8033=CARTESIAN_POINT('',(-65.1393285471871,51.5462809688876,126.391818240525));
#8034=CARTESIAN_POINT('',(-67.5129103220607,53.4395528281146,126.392246808531));
#8035=CARTESIAN_POINT('',(-69.7321812117333,55.5115580047416,126.392722263931));
#8036=CARTESIAN_POINT('',(-71.7837179211886,57.7497639427592,126.393241730932));
#8037=CARTESIAN_POINT('',(-73.6551116982588,60.1406328182064,126.393802067532));
#8038=CARTESIAN_POINT('',(-75.3350433881202,62.6697034229436,126.394399884532));
#8039=CARTESIAN_POINT('',(-76.8133518974449,65.3216786334901,126.395031566033));
#8040=CARTESIAN_POINT('',(-78.0810956538569,68.0805179359071,126.395693291233));
#8041=CARTESIAN_POINT('',(-79.1306066892317,70.9295344471146,126.396381057828));
#8042=CARTESIAN_POINT('',(-79.9555370195009,73.8514958457813,126.397090705634));
#8043=CARTESIAN_POINT('',(-80.5508970405482,76.8287286022294,126.397817942529));
#8044=CARTESIAN_POINT('',(-80.9130857078765,79.8432248771391,126.398558369729));
#8045=CARTESIAN_POINT('',(-81.0399123176178,82.8767514421915,126.399307508635));
#8046=CARTESIAN_POINT('',(-80.9306097570233,85.9109599640683,126.40006082833));
#8047=CARTESIAN_POINT('',(-80.5858391443452,88.927497984612,126.40081377213));
#8048=CARTESIAN_POINT('',(-80.0076858300838,91.9081199259936,126.401561785931));
#8049=CARTESIAN_POINT('',(-79.1996467836875,94.8347974493183,126.402300345331));
#8050=CARTESIAN_POINT('',(-78.1666094420957,97.6898284993882,126.403024983137));
#8051=CARTESIAN_POINT('',(-76.9148221479263,100.455944375894,126.403731316432));
#8052=CARTESIAN_POINT('',(-75.4518563566255,103.116414183015,126.404415072837));
#8053=CARTESIAN_POINT('',(-73.7865608390111,105.655146027805,126.405072116737));
#8054=CARTESIAN_POINT('',(-71.9290081644964,108.056784348483,126.405698473938));
#8055=CARTESIAN_POINT('',(-69.8904337579359,110.30680280533,126.406290355938));
#8056=CARTESIAN_POINT('',(-67.6831680129226,112.391592098343,126.406844182738));
#8057=CARTESIAN_POINT('',(-65.9566481344982,113.785132494182,126.407218644752));
#8058=CARTESIAN_POINT('',(-64.9842444221643,114.49815397067,126.407411754904));
#8059=CARTESIAN_POINT('',(-64.8265534114501,114.611978069923,126.407442624131));
#8060=CARTESIAN_POINT('',(-64.8265534114501,114.611978069923,126.407442624131));
#8061=CARTESIAN_POINT('',(-64.8267209801384,114.609537796981,136.261364682046));
#8062=CARTESIAN_POINT('',(-64.8268885488182,114.607097524129,146.115286739846));
#8063=CARTESIAN_POINT('',(-64.8270557095282,114.604657544096,155.969215845832));
#8064=CARTESIAN_POINT('',(-64.8265534114501,114.611978069923,126.407442624131));
#8065=CARTESIAN_POINT('',(-64.8265466155991,114.61207713531,126.007442636442));
#8066=CARTESIAN_POINT('',(-19.1748873683411,51.3670200252814,126.392554762907));
#8067=CARTESIAN_POINT('',(-19.1748805724901,51.3671190906681,125.992554775247));
#8068=CARTESIAN_POINT('',(-19.1748805724901,51.3671190906681,125.992554775247));
#8069=CARTESIAN_POINT('',(-19.3325706329271,51.2532938864924,125.992523905791));
#8070=CARTESIAN_POINT('',(-20.315527170141,50.5548914336929,125.992334236947));
#8071=CARTESIAN_POINT('',(-22.1818522607359,49.3550338877928,125.992005367889));
#8072=CARTESIAN_POINT('',(-24.8556453864625,47.9165628498818,125.991603684403));
#8073=CARTESIAN_POINT('',(-27.633140758102,46.6902315945487,125.99125277833));
#8074=CARTESIAN_POINT('',(-30.4975386107773,45.6834576388613,125.99095477214));
#8075=CARTESIAN_POINT('',(-33.4315135996523,44.9023304621168,125.990711468325));
#8076=CARTESIAN_POINT('',(-36.4173195277815,44.3515747267522,125.990524338513));
#8077=CARTESIAN_POINT('',(-39.4368967016419,44.0345216869015,125.990394514563));
#8078=CARTESIAN_POINT('',(-42.4719811608106,43.9530890430413,125.990322781715));
#8079=CARTESIAN_POINT('',(-45.5042151490943,44.1077693417559,125.990309573847));
#8080=CARTESIAN_POINT('',(-48.5152581513022,44.4976269968379,125.990354970847));
#8081=CARTESIAN_POINT('',(-51.4868978263041,45.1203039481005,125.990458698132));
#8082=CARTESIAN_POINT('',(-54.4011601646201,45.9720339241671,125.990620128303));
#8083=CARTESIAN_POINT('',(-57.2404182044713,47.04766522283,125.99083828495));
#8084=CARTESIAN_POINT('',(-59.9874986487795,48.340691871209,125.991111848547));
#8085=CARTESIAN_POINT('',(-62.6257857381067,49.8432929771969,125.991439164441));
#8086=CARTESIAN_POINT('',(-65.1393217513358,51.546380034274,125.991818252857));
#8087=CARTESIAN_POINT('',(-67.5129035262093,53.4396518935009,125.992246820872));
#8088=CARTESIAN_POINT('',(-69.7321744158818,55.5116570701277,125.992722276286));
#8089=CARTESIAN_POINT('',(-71.783711125337,57.7498630081452,125.993241743299));
#8090=CARTESIAN_POINT('',(-73.6551049024071,60.1407318835923,125.993802079908));
#8091=CARTESIAN_POINT('',(-75.3350365922684,62.6698024883293,125.994399896906));
#8092=CARTESIAN_POINT('',(-76.813345101593,65.3217776988757,125.995031578389));
#8093=CARTESIAN_POINT('',(-78.0810888580049,68.0806170012925,125.995693303621));
#8094=CARTESIAN_POINT('',(-79.1305998933796,70.9296335125,125.996381070147));
#8095=CARTESIAN_POINT('',(-79.9555302236487,73.8515949111665,125.997090718));
#8096=CARTESIAN_POINT('',(-80.5508902446959,76.8288276676144,125.997817954864));
#8097=CARTESIAN_POINT('',(-80.9130789120241,79.843323942524,125.998558382034));
#8098=CARTESIAN_POINT('',(-81.0399055217653,82.8768505075763,125.999307521026));
#8099=CARTESIAN_POINT('',(-80.9306029611707,85.9110590294529,126.000060840661));
#8100=CARTESIAN_POINT('',(-80.5858323484926,88.9275970499966,126.000813784473));
#8101=CARTESIAN_POINT('',(-80.0076790342311,91.9082189913781,126.001561798269));
#8102=CARTESIAN_POINT('',(-79.1996399878348,94.8348965147027,126.002300357676));
#8103=CARTESIAN_POINT('',(-78.1666026462429,97.6899275647725,126.003024995506));
#8104=CARTESIAN_POINT('',(-76.9148153520734,100.456043441278,126.003731328775));
#8105=CARTESIAN_POINT('',(-75.4518495607726,103.116513248399,126.004415085216));
#8106=CARTESIAN_POINT('',(-73.7865540431581,105.655245093189,126.005072129118));
#8107=CARTESIAN_POINT('',(-71.9290013686434,108.056883413867,126.005698486338));
#8108=CARTESIAN_POINT('',(-69.8904269620829,110.306901870714,126.006290368348));
#8109=CARTESIAN_POINT('',(-67.6831612170695,112.391691163727,126.006844195132));
#8110=CARTESIAN_POINT('',(-65.9566413808105,113.785231525532,126.00721865711));
#8111=CARTESIAN_POINT('',(-64.9842377136433,114.498252972017,126.007411767255));
#8112=CARTESIAN_POINT('',(-64.8265466155991,114.61207713531,126.007442636442));
#8113=CARTESIAN_POINT('',(-64.8265534114501,114.611978069923,126.407442624131));
#8114=CARTESIAN_POINT('',(-64.6688634265953,114.725803220396,126.407473493557));
#8115=CARTESIAN_POINT('',(-63.6859068527929,115.424205701816,126.407663162409));
#8116=CARTESIAN_POINT('',(-61.8195817229786,116.624063272897,126.407992031474));
#8117=CARTESIAN_POINT('',(-59.1457885966547,118.062534311311,126.408393714961));
#8118=CARTESIAN_POINT('',(-56.3682932240448,119.288865567358,126.408744621034));
#8119=CARTESIAN_POINT('',(-53.5038953700601,120.295639523936,126.409042627225));
#8120=CARTESIAN_POINT('',(-50.5699203795351,121.076766701926,126.40928593104));
#8121=CARTESIAN_POINT('',(-47.5841144494349,121.627522438646,126.409473060851));
#8122=CARTESIAN_POINT('',(-44.5645372732754,121.944575480176,126.409602884803));
#8123=CARTESIAN_POINT('',(-41.5294528114936,122.026008125916,126.409674617651));
#8124=CARTESIAN_POINT('',(-38.4972188203268,121.87132782926,126.409687825519));
#8125=CARTESIAN_POINT('',(-35.4861758149454,121.481470176502,126.40964242852));
#8126=CARTESIAN_POINT('',(-32.5145361365273,120.85879322773,126.409538701236));
#8127=CARTESIAN_POINT('',(-29.6002737945634,120.007063254252,126.409377271065));
#8128=CARTESIAN_POINT('',(-26.7610157508547,118.931431958345,126.409159114419));
#8129=CARTESIAN_POINT('',(-24.0139353025029,117.638405312905,126.408885550823));
#8130=CARTESIAN_POINT('',(-21.3756482089797,116.135804210017,126.40855823493));
#8131=CARTESIAN_POINT('',(-18.8621121913994,114.432717156084,126.408179146515));
#8132=CARTESIAN_POINT('',(-16.4885304120836,112.539445299997,126.407750578501));
#8133=CARTESIAN_POINT('',(-14.2692595178762,110.467440126634,126.407275123088));
#8134=CARTESIAN_POINT('',(-12.217722803821,108.229234191985,126.406755656075));
#8135=CARTESIAN_POINT('',(-10.3463290221417,105.838365319858,126.406195319468));
#8136=CARTESIAN_POINT('',(-8.66639732765145,103.309294718425,126.40559750247));
#8137=CARTESIAN_POINT('',(-7.18808881374214,100.657319511182,126.404965820988));
#8138=CARTESIAN_POINT('',(-5.92034505279579,97.8984802120776,126.404304095756));
#8139=CARTESIAN_POINT('',(-4.8708340129679,95.049463704084,126.403616329231));
#8140=CARTESIAN_POINT('',(-4.04590367835109,92.1275023085613,126.402906681379));
#8141=CARTESIAN_POINT('',(-3.45054365310045,89.1502695551399,126.402179444517));
#8142=CARTESIAN_POINT('',(-3.08835498172766,86.1357732831495,126.401439017347));
#8143=CARTESIAN_POINT('',(-2.96152836813005,83.102246720882,126.400689878356));
#8144=CARTESIAN_POINT('',(-3.0708309250831,80.0680382016387,126.399936558722));
#8145=CARTESIAN_POINT('',(-3.415601534345,77.0515001835614,126.399183614911));
#8146=CARTESIAN_POINT('',(-3.99375484544103,74.0708782444735,126.398435601115));
#8147=CARTESIAN_POINT('',(-4.80179388894482,71.1442007232277,126.397697041709));
#8148=CARTESIAN_POINT('',(-5.83483122792896,68.2891696750375,126.396972403879));
#8149=CARTESIAN_POINT('',(-7.08661851979752,65.523053800228,126.39626607061));
#8150=CARTESIAN_POINT('',(-8.54958430912626,62.8625839945023,126.395582314169));
#8151=CARTESIAN_POINT('',(-10.2148798250834,60.3238521509279,126.394925270269));
#8152=CARTESIAN_POINT('',(-12.0724324982982,57.9222138311506,126.394298913049));
#8153=CARTESIAN_POINT('',(-14.1110069038883,55.672195375008,126.393707031039));
#8154=CARTESIAN_POINT('',(-16.3182726482949,53.587406082477,126.393153204255));
#8155=CARTESIAN_POINT('',(-18.0447926025736,52.19386562538,126.392778742251));
#8156=CARTESIAN_POINT('',(-19.01719639634,51.4808440947908,126.392585632083));
#8157=CARTESIAN_POINT('',(-19.1748873683411,51.3670200252814,126.392554762907));
#8158=CARTESIAN_POINT('',(-19.1748805724901,51.3671190906681,125.992554775247));
#8159=CARTESIAN_POINT('',(-19.0171895328409,51.4809432097807,125.992585644421));
#8160=CARTESIAN_POINT('',(-18.0447857740609,52.1939647171289,125.992778754583));
#8161=CARTESIAN_POINT('',(-16.3182658524437,53.5875051478636,125.99315321658));
#8162=CARTESIAN_POINT('',(-14.1110001080371,55.6722944403946,125.993707043364));
#8163=CARTESIAN_POINT('',(-12.072425702447,57.9223128965372,125.994298925374));
#8164=CARTESIAN_POINT('',(-10.2148730292322,60.3239512163145,125.994925282593));
#8165=CARTESIAN_POINT('',(-8.5495775132751,62.862683059889,125.995582326494));
#8166=CARTESIAN_POINT('',(-7.08661172394639,65.5231528656146,125.996266082935));
#8167=CARTESIAN_POINT('',(-5.83482443207785,68.2892687404242,125.996972416204));
#8168=CARTESIAN_POINT('',(-4.80178709309375,71.1442997886144,125.997697054034));
#8169=CARTESIAN_POINT('',(-3.99374804958999,74.0709773098603,125.99843561344));
#8170=CARTESIAN_POINT('',(-3.415594738494,77.0515992489483,125.999183627235));
#8171=CARTESIAN_POINT('',(-3.07082412923214,80.0681372670256,125.999936571046));
#8172=CARTESIAN_POINT('',(-2.96152157227914,83.1023457862689,126.000689890681));
#8173=CARTESIAN_POINT('',(-3.08834818587679,86.1358723485365,126.001439029672));
#8174=CARTESIAN_POINT('',(-3.45053685724962,89.1503686205269,126.002179456842));
#8175=CARTESIAN_POINT('',(-4.04589688250032,92.1276013739484,126.002906693704));
#8176=CARTESIAN_POINT('',(-4.87082721711718,95.0495627694712,126.003616341556));
#8177=CARTESIAN_POINT('',(-5.92033825694513,97.8985792774649,126.004304108081));
#8178=CARTESIAN_POINT('',(-7.18808201789153,100.65741857657,126.004965833313));
#8179=CARTESIAN_POINT('',(-8.66639053180089,103.309393783813,126.005597514795));
#8180=CARTESIAN_POINT('',(-10.3463222262912,105.838464385246,126.006195331792));
#8181=CARTESIAN_POINT('',(-12.2177160079705,108.229333257373,126.0067556684));
#8182=CARTESIAN_POINT('',(-14.2692527220258,110.467539192021,126.007275135412));
#8183=CARTESIAN_POINT('',(-16.4885236162333,112.539544365385,126.007750590826));
#8184=CARTESIAN_POINT('',(-18.8621053955492,114.432816221472,126.00817915884));
#8185=CARTESIAN_POINT('',(-21.3756414131295,116.135903275405,126.008558247255));
#8186=CARTESIAN_POINT('',(-24.0139285066527,117.638504378293,126.008885563148));
#8187=CARTESIAN_POINT('',(-26.7610089550046,118.931531023733,126.009159126744));
#8188=CARTESIAN_POINT('',(-29.6002669987133,120.007162319641,126.00937728339));
#8189=CARTESIAN_POINT('',(-32.5145293406772,120.858892293118,126.009538713561));
#8190=CARTESIAN_POINT('',(-35.4861690190954,121.481569241891,126.009642440844));
#8191=CARTESIAN_POINT('',(-38.4972120244768,121.871426894649,126.009687837844));
#8192=CARTESIAN_POINT('',(-41.5294460156437,122.026107191304,126.009674629976));
#8193=CARTESIAN_POINT('',(-44.5645304774255,121.944674545565,126.009602897128));
#8194=CARTESIAN_POINT('',(-47.584107653585,121.627621504035,126.009473073176));
#8195=CARTESIAN_POINT('',(-50.5699135836853,121.076865767314,126.009285943364));
#8196=CARTESIAN_POINT('',(-53.5038885742103,120.295738589324,126.009042639549));
#8197=CARTESIAN_POINT('',(-56.368286428195,119.288964632746,126.008744633359));
#8198=CARTESIAN_POINT('',(-59.1457818008049,118.062633376699,126.008393727285));
#8199=CARTESIAN_POINT('',(-61.8195749271288,116.624162338286,126.007992043799));
#8200=CARTESIAN_POINT('',(-63.6859000569431,115.424304767204,126.007663174734));
#8201=CARTESIAN_POINT('',(-64.6688566307456,114.725902285785,126.007473505882));
#8202=CARTESIAN_POINT('',(-64.8265466155991,114.61207713531,126.007442636442));
#8203=CARTESIAN_POINT('',(-61.9043770876564,110.554443864991,160.354324450356));
#8204=CARTESIAN_POINT('',(-60.9950892803127,109.294636960448,160.710451883867));
#8205=CARTESIAN_POINT('',(-59.161868974594,106.754758100278,161.336340481327));
#8206=CARTESIAN_POINT('',(-56.3809674178679,102.901966480486,162.009810854801));
#8207=CARTESIAN_POINT('',(-53.5822175724246,99.0245212185596,162.414029805885));
#8208=CARTESIAN_POINT('',(-51.7134169686748,96.4354956886403,162.503173096082));
#8209=CARTESIAN_POINT('',(-50.7805005137166,95.1430508273264,162.502860631547));
#8210=CARTESIAN_POINT('',(-33.2221668257293,70.8180660315982,162.497134530856));
#8211=CARTESIAN_POINT('',(-32.2892506191751,69.5256214537048,162.496838512185));
#8212=CARTESIAN_POINT('',(-30.420447396824,66.9366410076925,162.406476365157));
#8213=CARTESIAN_POINT('',(-27.6216841691271,63.0593970161642,162.000432117376));
#8214=CARTESIAN_POINT('',(-24.840759562654,59.2069393340848,161.325148028466));
#8215=CARTESIAN_POINT('',(-23.0075173795935,56.6673700446871,160.698063596248));
#8216=CARTESIAN_POINT('',(-22.0982169357732,55.4077391537705,160.341342917676));
#8217=CARTESIAN_POINT('',(-33.2221668257293,70.8180660315982,162.497134530856));
#8218=CARTESIAN_POINT('',(-26.059180034614,75.9884780355877,162.498536749519));
#8219=CARTESIAN_POINT('',(-24.7238787304362,84.6735525359538,162.500710411495));
#8220=CARTESIAN_POINT('',(-29.8388409073141,91.7597248786702,162.502378496297));
#8221=CARTESIAN_POINT('',(-34.9538031312506,98.8458972866392,162.504046581025));
#8222=CARTESIAN_POINT('',(-43.6175101909515,100.313458052049,162.504262849059));
#8223=CARTESIAN_POINT('',(-50.7805005137166,95.1430508273264,162.502860631547));
#8224=CARTESIAN_POINT('',(-50.7805005137166,95.1430508273264,162.502860631547));
#8225=CARTESIAN_POINT('',(-52.3033261676344,94.0450625904458,162.50256282773));
#8226=CARTESIAN_POINT('',(-55.1398008118926,91.0957120569879,162.501784190688));
#8227=CARTESIAN_POINT('',(-57.3169219717482,85.0053618951112,162.500238844939));
#8228=CARTESIAN_POINT('',(-56.8046524894036,78.8105896205037,162.498713329384));
#8229=CARTESIAN_POINT('',(-55.1331150874307,75.5464620815555,162.49793332301));
#8230=CARTESIAN_POINT('',(-54.1638264641755,74.2013919571308,162.497616666118));
#8231=CARTESIAN_POINT('',(-53.192415863635,72.8578538887989,162.497300424722));
#8232=CARTESIAN_POINT('',(-50.6207184624306,70.2434834502457,162.496696632845));
#8233=CARTESIAN_POINT('',(-44.9024205191661,67.80654299219,162.496190243462));
#8234=CARTESIAN_POINT('',(-38.4363421837014,67.9550517747922,162.49633687992));
#8235=CARTESIAN_POINT('',(-34.7438331971185,69.718470384038,162.496836348643));
#8236=CARTESIAN_POINT('',(-33.2221668257293,70.8180660315982,162.497134530856));
#8237=CARTESIAN_POINT('',(-22.0982169357732,55.4077391537705,160.341342917676));
#8238=CARTESIAN_POINT('',(-20.2929577331766,56.70974671809,160.341694879808));
#8239=CARTESIAN_POINT('',(-17.7796459893843,58.9312766264937,160.342290002824));
#8240=CARTESIAN_POINT('',(-14.907484443815,62.3394772398197,160.343181481474));
#8241=CARTESIAN_POINT('',(-13.6451407363262,64.1758006685117,160.34365660178));
#8242=CARTESIAN_POINT('',(-12.4762653417277,66.069955911276,160.344145459426));
#8243=CARTESIAN_POINT('',(-11.4011248631651,68.0216506713105,160.344648339382));
#8244=CARTESIAN_POINT('',(-10.0827210748936,71.0932533207405,160.345432607371));
#8245=CARTESIAN_POINT('',(-9.07064312350539,74.2789571501344,160.346237596143));
#8246=CARTESIAN_POINT('',(-8.60710157975796,76.4585041045225,160.346783972524));
#8247=CARTESIAN_POINT('',(-8.25209385659355,78.655797421015,160.347334194159));
#8248=CARTESIAN_POINT('',(-8.00569472451469,80.8704486652339,160.34788820516));
#8249=CARTESIAN_POINT('',(-7.96310548009277,84.2128851085884,160.348717932187));
#8250=CARTESIAN_POINT('',(-8.24718426671595,87.5434957748597,160.34953674508));
#8251=CARTESIAN_POINT('',(-8.65300860764389,89.734525361273,160.35007115784));
#8252=CARTESIAN_POINT('',(-9.16589943651594,91.9003885498875,160.350598862629));
#8253=CARTESIAN_POINT('',(-9.78577007653537,94.0407221627989,160.351119759821));
#8254=CARTESIAN_POINT('',(-11.0255076783278,97.1449973370797,160.351868732304));
#8255=CARTESIAN_POINT('',(-12.5625176857235,100.113337586634,160.352576536409));
#8256=CARTESIAN_POINT('',(-13.7759132324675,101.982273034882,160.353017463899));
#8257=CARTESIAN_POINT('',(-15.0785933970136,103.786989023665,160.353442330762));
#8258=CARTESIAN_POINT('',(-16.4703500609885,105.527183988682,160.353850969796));
#8259=CARTESIAN_POINT('',(-18.8036733964639,107.920738538161,160.354405312181));
#8260=CARTESIAN_POINT('',(-21.3596194864536,110.074939635054,160.354894222432));
#8261=CARTESIAN_POINT('',(-23.1958470566928,111.337261147938,160.355174374569));
#8262=CARTESIAN_POINT('',(-25.0899797822683,112.506074419534,160.355431657162));
#8263=CARTESIAN_POINT('',(-27.0417421128078,113.581214504588,160.355666043393));
#8264=CARTESIAN_POINT('',(-30.1134843642558,114.899669408321,160.355941561557));
#8265=CARTESIAN_POINT('',(-33.2993237171185,115.911797563343,160.356136953979));
#8266=CARTESIAN_POINT('',(-35.4788808959803,116.375330424582,160.356213429241));
#8267=CARTESIAN_POINT('',(-37.6761379411711,116.730306025021,160.356263944754));
#8268=CARTESIAN_POINT('',(-39.890750989474,116.976690145904,160.356288630617));
#8269=CARTESIAN_POINT('',(-43.2331232543646,117.01928762427,160.356243618122));
#8270=CARTESIAN_POINT('',(-46.5636644723476,116.735204893192,160.356115499158));
#8271=CARTESIAN_POINT('',(-48.7546582836343,116.329349718485,160.355976461206));
#8272=CARTESIAN_POINT('',(-50.92051851975,115.816397026871,160.355812655524));
#8273=CARTESIAN_POINT('',(-53.0609333064436,115.196560615406,160.355624055215));
#8274=CARTESIAN_POINT('',(-56.1652373167637,113.956970488158,160.3552653492));
#8275=CARTESIAN_POINT('',(-59.1334142183974,112.419932272929,160.354833205987));
#8276=CARTESIAN_POINT('',(-61.0020914156104,111.206187609464,160.35450041018));
#8277=CARTESIAN_POINT('',(-61.9043770876564,110.554443864991,160.354324450356));
#8278=CARTESIAN_POINT('',(-61.9043770876564,110.554443864991,160.354324450356));
#8279=CARTESIAN_POINT('',(-62.1706624240596,110.923380726304,160.250150576984));
#8280=CARTESIAN_POINT('',(-62.7157206218509,111.678596546888,159.884367942898));
#8281=CARTESIAN_POINT('',(-63.4189677971496,112.653149247487,158.831676408562));
#8282=CARTESIAN_POINT('',(-63.8623407405501,113.26776942039,157.42521570379));
#8283=CARTESIAN_POINT('',(-63.9492126472887,113.388385334217,156.435699861493));
#8284=CARTESIAN_POINT('',(-63.9491389848794,113.38840823512,155.96892954078));
#8285=CARTESIAN_POINT('',(-63.9491389848794,113.38840823512,155.96892954078));
#8286=CARTESIAN_POINT('',(-62.95418141063,114.107091118686,155.969123855263));
#8287=CARTESIAN_POINT('',(-60.8938135603769,115.445374338785,155.969490781199));
#8288=CARTESIAN_POINT('',(-57.6204192343215,117.140488131998,155.969966819485));
#8289=CARTESIAN_POINT('',(-54.1967495809607,118.507602206625,155.970362549479));
#8290=CARTESIAN_POINT('',(-51.836429890181,119.191088769091,155.970571549095));
#8291=CARTESIAN_POINT('',(-49.4484678123037,119.756624903085,155.970753720719));
#8292=CARTESIAN_POINT('',(-47.0325559658181,120.20415075476,155.970905358063));
#8293=CARTESIAN_POINT('',(-43.359565528328,120.517457289238,155.971044298016));
#8294=CARTESIAN_POINT('',(-39.6734920731847,120.470461302206,155.971095983568));
#8295=CARTESIAN_POINT('',(-37.231399247804,120.198742708556,155.971071711934));
#8296=CARTESIAN_POINT('',(-34.808711655566,119.807332412534,155.971017010305));
#8297=CARTESIAN_POINT('',(-32.405327869326,119.296205205719,155.970929371518));
#8298=CARTESIAN_POINT('',(-28.8920109363742,118.18005207154,155.970710453321));
#8299=CARTESIAN_POINT('',(-25.5045211819291,116.726046558702,155.970409925534));
#8300=CARTESIAN_POINT('',(-23.3523273114115,115.540480930771,155.970155177271));
#8301=CARTESIAN_POINT('',(-21.2638442135372,114.251738113564,155.969871329439));
#8302=CARTESIAN_POINT('',(-19.2390087139789,112.859789605905,155.969558862437));
#8303=CARTESIAN_POINT('',(-16.4202848335487,110.484124850084,155.969016610399));
#8304=CARTESIAN_POINT('',(-13.8470996749948,107.844504188381,155.968408377038));
#8305=CARTESIAN_POINT('',(-12.3124437826069,105.92560597495,155.967960898484));
#8306=CARTESIAN_POINT('',(-10.8761334969613,103.935782498567,155.967491865268));
#8307=CARTESIAN_POINT('',(-9.53809450927425,101.874915995603,155.967002845832));
#8308=CARTESIAN_POINT('',(-7.84299699928818,98.6013126750264,155.966219959574));
#8309=CARTESIAN_POINT('',(-6.47577433518689,95.1777825421904,155.965396320698));
#8310=CARTESIAN_POINT('',(-5.7922620593789,92.8176219744563,155.964824416665));
#8311=CARTESIAN_POINT('',(-5.22676483021107,90.4296073527307,155.964242524599));
#8312=CARTESIAN_POINT('',(-4.77924894317604,88.0135617973824,155.963650682097));
#8313=CARTESIAN_POINT('',(-4.46594679319067,84.3404651974359,155.962745397125));
#8314=CARTESIAN_POINT('',(-4.51294089276916,80.6543345659389,155.961832705138));
#8315=CARTESIAN_POINT('',(-4.78466050177676,78.2122760772092,155.961224396591));
#8316=CARTESIAN_POINT('',(-5.17608237028236,75.7896365953765,155.960617845504));
#8317=CARTESIAN_POINT('',(-5.68719595380028,73.3862868089174,155.96001256049));
#8318=CARTESIAN_POINT('',(-6.80330835202469,69.8730588215428,155.959122314581));
#8319=CARTESIAN_POINT('',(-8.25726903523012,66.4856546250629,155.958260064794));
#8320=CARTESIAN_POINT('',(-9.4428317572818,64.3335252625351,155.957708272522));
#8321=CARTESIAN_POINT('',(-10.7316344438885,62.2450431978409,155.957168834583));
#8322=CARTESIAN_POINT('',(-12.1236379991464,60.2200081746423,155.956642207361));
#8323=CARTESIAN_POINT('',(-14.4992378873629,57.4011232554567,155.955902866892));
#8324=CARTESIAN_POINT('',(-17.1388199021978,54.8281422073734,155.955222157137));
#8325=CARTESIAN_POINT('',(-19.0578370080996,53.2940082230796,155.954810031724));
#8326=CARTESIAN_POINT('',(-20.053306038972,52.5759472895104,155.954614289288));
#8327=CARTESIAN_POINT('',(-20.053306038972,52.5759472895104,155.954614289288));
#8328=CARTESIAN_POINT('',(-20.0532475358551,52.5757394845757,156.421384567502));
#8329=CARTESIAN_POINT('',(-20.1401515572695,52.6958663443107,157.4109570821));
#8330=CARTESIAN_POINT('',(-20.58357136591,53.3097904654055,158.817706984511));
#8331=CARTESIAN_POINT('',(-21.2868550478929,54.2838211007955,159.870857213468));
#8332=CARTESIAN_POINT('',(-21.8319271229363,55.0388546097667,160.236995360715));
#8333=CARTESIAN_POINT('',(-22.0982169357732,55.4077391537705,160.341342917676));
#8334=CARTESIAN_POINT('',(-20.053306038972,52.5759472895104,155.954614289288));
#8335=CARTESIAN_POINT('',(-21.0483080545069,51.8572402065641,155.954420377675));
#8336=CARTESIAN_POINT('',(-23.1086927084096,50.5189516065046,155.954053504023));
#8337=CARTESIAN_POINT('',(-26.3819744570114,48.8238903110733,155.953576721836));
#8338=CARTESIAN_POINT('',(-29.8055288681299,47.4568150769353,155.95318082678));
#8339=CARTESIAN_POINT('',(-32.1658746965204,46.7733140828899,155.952972893358));
#8340=CARTESIAN_POINT('',(-34.5539607220404,46.2077401980626,155.9527925573));
#8341=CARTESIAN_POINT('',(-36.9699214985216,45.7602017659176,155.952639316056));
#8342=CARTESIAN_POINT('',(-40.6428499950396,45.4468992418933,155.952497925878));
#8343=CARTESIAN_POINT('',(-44.3288025326884,45.4938905064005,155.952448135051));
#8344=CARTESIAN_POINT('',(-46.7708327120688,45.7655899493383,155.9524753098));
#8345=CARTESIAN_POINT('',(-49.1934800028079,46.1569710283519,155.952530984078));
#8346=CARTESIAN_POINT('',(-51.5968609121175,46.6680793962302,155.952615613181));
#8347=CARTESIAN_POINT('',(-55.1102590738515,47.7842376409167,155.952831328298));
#8348=CARTESIAN_POINT('',(-58.4978286678989,49.2382591410039,155.953134798896));
#8349=CARTESIAN_POINT('',(-60.6500331993143,50.4238193865901,155.953392934553));
#8350=CARTESIAN_POINT('',(-62.7384832269256,51.7125322641813,155.95367670144));
#8351=CARTESIAN_POINT('',(-64.7633349273618,53.104483387999,155.95398601739));
#8352=CARTESIAN_POINT('',(-67.5821510092279,55.4802198040257,155.954525491299));
#8353=CARTESIAN_POINT('',(-70.1554255302788,58.1199341270083,155.955136471197));
#8354=CARTESIAN_POINT('',(-71.6900977105496,60.0388683477036,155.955586999809));
#8355=CARTESIAN_POINT('',(-73.1263934424662,62.0287006050983,155.956056036927));
#8356=CARTESIAN_POINT('',(-74.464404844557,64.0895422632145,155.956542008856));
#8357=CARTESIAN_POINT('',(-76.1594405225232,67.3630299262937,155.957322138119));
#8358=CARTESIAN_POINT('',(-77.5266250481165,70.7864509022002,155.958148555213));
#8359=CARTESIAN_POINT('',(-78.2101393629138,73.1465947917197,155.958723586473));
#8360=CARTESIAN_POINT('',(-78.7756549085769,75.5346501696845,155.959305574508));
#8361=CARTESIAN_POINT('',(-79.2231789294634,77.9506880017068,155.959894022595));
#8362=CARTESIAN_POINT('',(-79.5364914287661,81.6237023988472,155.96079635073));
#8363=CARTESIAN_POINT('',(-79.4895175770592,85.3097567084406,155.961712227493));
#8364=CARTESIAN_POINT('',(-79.2178154356669,87.7518211738056,155.962323536511));
#8365=CARTESIAN_POINT('',(-78.8264083062174,90.1745099396771,155.96292912582));
#8366=CARTESIAN_POINT('',(-78.3152933703145,92.5779235719691,155.96353150643));
#8367=CARTESIAN_POINT('',(-77.1991472427759,96.0912694937017,155.964419907279));
#8368=CARTESIAN_POINT('',(-75.7451632561875,99.4787300256311,155.965284605838));
#8369=CARTESIAN_POINT('',(-74.5596280754312,101.630817335408,155.965837993908));
#8370=CARTESIAN_POINT('',(-73.2708999771514,103.71919370642,155.966375563847));
#8371=CARTESIAN_POINT('',(-71.8789185170723,105.744208415378,155.966901112393));
#8372=CARTESIAN_POINT('',(-69.5032454566311,108.563190440099,155.967640649759));
#8373=CARTESIAN_POINT('',(-66.8635781866578,111.13626183422,155.968322147153));
#8374=CARTESIAN_POINT('',(-64.9445712295494,112.670381735989,155.968734220191));
#8375=CARTESIAN_POINT('',(-63.9491389848794,113.38840823512,155.96892954078));
#8376=CARTESIAN_POINT('',(-22.0982169357732,55.4077391537705,160.341342917676));
#8377=CARTESIAN_POINT('',(-23.9024607263519,54.1043245974668,160.34098828801));
#8378=CARTESIAN_POINT('',(-26.802410873453,52.4184376494165,160.340523718061));
#8379=CARTESIAN_POINT('',(-30.9416606932576,50.7656398014285,160.340042651011));
#8380=CARTESIAN_POINT('',(-33.082072160593,50.1457759097828,160.339851651835));
#8381=CARTESIAN_POINT('',(-35.2479402313829,49.6328362190916,160.339687704079));
#8382=CARTESIAN_POINT('',(-37.4389036171721,49.2269817727639,160.339551215291));
#8383=CARTESIAN_POINT('',(-40.7694034739937,48.9428986651306,160.339425419201));
#8384=CARTESIAN_POINT('',(-44.1117380102629,48.9854874989006,160.339377993269));
#8385=CARTESIAN_POINT('',(-46.3263699154513,49.2318674561687,160.339400093549));
#8386=CARTESIAN_POINT('',(-48.5236680493307,49.586847938929,160.339450678667));
#8387=CARTESIAN_POINT('',(-50.703240081738,50.05037755677,160.339529784325));
#8388=CARTESIAN_POINT('',(-53.8890413257997,51.0624874691974,160.339727525298));
#8389=CARTESIAN_POINT('',(-56.9607505316621,52.3809221036078,160.340000634788));
#8390=CARTESIAN_POINT('',(-58.9125172112092,53.456054601272,160.340232415634));
#8391=CARTESIAN_POINT('',(-60.8066825937077,54.6248816019319,160.340489723741));
#8392=CARTESIAN_POINT('',(-62.6429297139265,55.8872068397194,160.340772504268));
#8393=CARTESIAN_POINT('',(-65.1988825995581,58.0414089007581,160.341263816086));
#8394=CARTESIAN_POINT('',(-67.5322052677984,60.4349540215296,160.341815735666));
#8395=CARTESIAN_POINT('',(-68.9239608849033,62.1751458298541,160.34222174797));
#8396=CARTESIAN_POINT('',(-70.2266482265536,63.9798569733405,160.34264661322));
#8397=CARTESIAN_POINT('',(-71.4400468216707,65.8487951039169,160.343090167399));
#8398=CARTESIAN_POINT('',(-72.9770660272687,68.8171402892184,160.343800393442));
#8399=CARTESIAN_POINT('',(-74.2168049978536,71.9214098228889,160.344546962853));
#8400=CARTESIAN_POINT('',(-74.8366780699346,74.0617239038751,160.345065227032));
#8401=CARTESIAN_POINT('',(-75.3495658325827,76.2275515273079,160.345592900444));
#8402=CARTESIAN_POINT('',(-75.7553984788713,78.4185791595215,160.34612991604));
#8403=CARTESIAN_POINT('',(-76.0394857963684,81.7492273876556,160.346951142303));
#8404=CARTESIAN_POINT('',(-75.9969015954335,85.0917057641553,160.347778527127));
#8405=CARTESIAN_POINT('',(-75.7505100068248,87.3063441312704,160.348329903195));
#8406=CARTESIAN_POINT('',(-75.3955103303116,89.503597222131,160.348880045365));
#8407=CARTESIAN_POINT('',(-74.9319783693822,91.683127888204,160.349429001679));
#8408=CARTESIAN_POINT('',(-73.9198962350658,94.8688705057769,160.35023641205));
#8409=CARTESIAN_POINT('',(-72.6014793592603,97.940512439882,160.351018367661));
#8410=CARTESIAN_POINT('',(-71.5263285071729,99.8922354543229,160.351518706295));
#8411=CARTESIAN_POINT('',(-70.3574432892545,101.786378577938,160.352007706368));
#8412=CARTESIAN_POINT('',(-69.0951248357393,103.62271312565,160.352485220975));
#8413=CARTESIAN_POINT('',(-66.9410541177164,106.178738577229,160.353155888108));
#8414=CARTESIAN_POINT('',(-64.5475344041266,108.51189604873,160.353773344354));
#8415=CARTESIAN_POINT('',(-62.807092936546,109.903296080083,160.354147065282));
#8416=CARTESIAN_POINT('',(-61.9043770876564,110.554443864991,160.354324450356));
#8417=CARTESIAN_POINT('',(-20.053306038972,52.5759472895104,155.954614289288));
#8418=CARTESIAN_POINT('',(-20.0531389070848,52.578388334162,146.100682834217));
#8419=CARTESIAN_POINT('',(-20.0529714806981,52.5808287982256,136.246765475088));
#8420=CARTESIAN_POINT('',(-20.0528040581056,52.5832692611958,126.392841067939));
#8421=CARTESIAN_POINT('',(-20.0528040581056,52.5832692611958,126.392841067939));
#8422=CARTESIAN_POINT('',(-20.2044316023672,52.4738200492333,126.392811385272));
#8423=CARTESIAN_POINT('',(-21.1495758732913,51.8022839545366,126.392629012662));
#8424=CARTESIAN_POINT('',(-22.9441254781313,50.648570124863,126.392312791139));
#8425=CARTESIAN_POINT('',(-25.5150766051298,49.2654276296189,126.391926557753));
#8426=CARTESIAN_POINT('',(-28.1857472737564,48.0862615324922,126.391589147712));
#8427=CARTESIAN_POINT('',(-30.9399746567956,47.1182104151445,126.391302603506));
#8428=CARTESIAN_POINT('',(-33.7611055875044,46.3671260936916,126.391068657396));
#8429=CARTESIAN_POINT('',(-36.6320713362243,45.8375536318036,126.390888724958));
#8430=CARTESIAN_POINT('',(-39.5355122701993,45.5326946130014,126.390763894156));
#8431=CARTESIAN_POINT('',(-42.453862298351,45.4543942020272,126.390694920347));
#8432=CARTESIAN_POINT('',(-45.369471335928,45.6031250162202,126.390682220407));
#8433=CARTESIAN_POINT('',(-48.2647058034065,45.9779882905523,126.390725871392));
#8434=CARTESIAN_POINT('',(-51.122051520339,46.5767161542413,126.390825609183));
#8435=CARTESIAN_POINT('',(-53.9242261650015,47.3956869704047,126.390980830403));
#8436=CARTESIAN_POINT('',(-56.654282843119,48.4299481372057,126.391190596493));
#8437=CARTESIAN_POINT('',(-59.2957061588604,49.6732430081578,126.391453638424));
#8438=CARTESIAN_POINT('',(-61.832520116098,51.118051295042,126.391768365142));
#8439=CARTESIAN_POINT('',(-64.249382422583,52.7556355096384,126.392132873339));
#8440=CARTESIAN_POINT('',(-66.5316724153587,54.576089194387,126.392544957962));
#8441=CARTESIAN_POINT('',(-68.6655862955768,56.5684012866845,126.393002126487));
#8442=CARTESIAN_POINT('',(-70.638218367073,58.7205230508543,126.393501614149));
#8443=CARTESIAN_POINT('',(-72.4376352906631,61.0194353697353,126.394040399333));
#8444=CARTESIAN_POINT('',(-74.0529539297971,63.4512333684059,126.394615223214));
#8445=CARTESIAN_POINT('',(-75.474404862974,66.0012103307922,126.395222609455));
#8446=CARTESIAN_POINT('',(-76.6933890890089,68.6539403325948,126.395858883679));
#8447=CARTESIAN_POINT('',(-77.7025341770653,71.3933785777388,126.396520197509));
#8448=CARTESIAN_POINT('',(-78.4957366592223,74.2029577258644,126.397202551405));
#8449=CARTESIAN_POINT('',(-79.0681980836339,77.065681400317,126.397901817606));
#8450=CARTESIAN_POINT('',(-79.4164564411729,79.9642347892966,126.398613766645));
#8451=CARTESIAN_POINT('',(-79.5384051301735,82.8810881662187,126.399334092782));
#8452=CARTESIAN_POINT('',(-79.4333064082619,85.7985962004539,126.400058438576));
#8453=CARTESIAN_POINT('',(-79.1017963885893,88.6991128280854,126.400782422829));
#8454=CARTESIAN_POINT('',(-78.5458795503721,91.565096351772,126.40150166709));
#8455=CARTESIAN_POINT('',(-77.7689188589728,94.3792091702452,126.402211820319));
#8456=CARTESIAN_POINT('',(-76.775614061525,97.1244306904469,126.402908587287));
#8457=CARTESIAN_POINT('',(-75.5719720403101,99.7841583090543,126.403587754112));
#8458=CARTESIAN_POINT('',(-74.1652741378607,102.342302152369,126.404245212163));
#8459=CARTESIAN_POINT('',(-72.5640289255716,104.783389911745,126.404876984997));
#8460=CARTESIAN_POINT('',(-70.7779203382303,107.092658013537,126.405479251674));
#8461=CARTESIAN_POINT('',(-68.8177515103613,109.256137839606,126.40604836914));
#8462=CARTESIAN_POINT('',(-66.6953838138246,111.260740798188,126.406580894316));
#8463=CARTESIAN_POINT('',(-65.0352625869352,112.600687503365,126.406940955033));
#8464=CARTESIAN_POINT('',(-64.1002653128385,113.286280812231,126.40712663671));
#8465=CARTESIAN_POINT('',(-63.9486367182683,113.395728836476,126.407156319099));
#8466=CARTESIAN_POINT('',(-63.9486367182683,113.395728836476,126.407156319099));
#8467=CARTESIAN_POINT('',(-63.948803987921,113.393288484965,136.261076027641));
#8468=CARTESIAN_POINT('',(-63.9489712525274,113.390848137116,146.114995736061));
#8469=CARTESIAN_POINT('',(-63.9491389848794,113.38840823512,155.96892954078));
#8470=CARTESIAN_POINT('',(-63.9486367182683,113.395728836476,126.407156319099));
#8471=CARTESIAN_POINT('',(-63.7970091894811,113.505178037708,126.407186001761));
#8472=CARTESIAN_POINT('',(-62.8518648941575,114.176714152686,126.407368374377));
#8473=CARTESIAN_POINT('',(-61.0573153090689,115.33042797297,126.407684595903));
#8474=CARTESIAN_POINT('',(-58.4863641737822,116.713570480637,126.408070829286));
#8475=CARTESIAN_POINT('',(-55.8156935099905,117.892736580087,126.408408239326));
#8476=CARTESIAN_POINT('',(-53.0614661232856,118.860787704954,126.408694783541));
#8477=CARTESIAN_POINT('',(-50.2403351916306,119.611872031064,126.408928729646));
#8478=CARTESIAN_POINT('',(-47.3693694387855,120.141444498631,126.409108662092));
#8479=CARTESIAN_POINT('',(-44.4659285009262,120.446303521734,126.409233492895));
#8480=CARTESIAN_POINT('',(-41.5475784675269,120.524603936779,126.409302466752));
#8481=CARTESIAN_POINT('',(-38.6319694245499,120.375873125513,126.409315166645));
#8482=CARTESIAN_POINT('',(-35.7367349511223,120.001009853463,126.409271515661));
#8483=CARTESIAN_POINT('',(-32.8793892284037,119.402281991075,126.409171777864));
#8484=CARTESIAN_POINT('',(-30.0772145780179,118.583311175375,126.409016556651));
#8485=CARTESIAN_POINT('',(-27.3471578945804,117.549050008278,126.40880679056));
#8486=CARTESIAN_POINT('',(-24.705734574046,116.305755136508,126.40854374863));
#8487=CARTESIAN_POINT('',(-22.1689206127497,114.860946848427,126.408229021906));
#8488=CARTESIAN_POINT('',(-19.7520583030014,113.223362632395,126.407864513708));
#8489=CARTESIAN_POINT('',(-17.4697683077784,111.402908946094,126.407452429091));
#8490=CARTESIAN_POINT('',(-15.3358544258713,109.410596852461,126.406995260564));
#8491=CARTESIAN_POINT('',(-13.3632223534807,107.258475087449,126.406495772898));
#8492=CARTESIAN_POINT('',(-11.5638054296618,104.959562768224,126.405956987717));
#8493=CARTESIAN_POINT('',(-9.94848679075955,102.52776476986,126.405382163837));
#8494=CARTESIAN_POINT('',(-8.52703585816657,99.9777878086016,126.404774777596));
#8495=CARTESIAN_POINT('',(-7.30805163283664,97.3250578088067,126.404138503371));
#8496=CARTESIAN_POINT('',(-6.29890654541444,94.5856195664715,126.403477189542));
#8497=CARTESIAN_POINT('',(-5.50570406361348,91.776040421942,126.402794835647));
#8498=CARTESIAN_POINT('',(-4.93324263910987,88.9133167517388,126.402095569447));
#8499=CARTESIAN_POINT('',(-4.58498428086247,86.0147633675465,126.401383620457));
#8500=CARTESIAN_POINT('',(-4.46303559042209,83.0979099957586,126.400663294274));
#8501=CARTESIAN_POINT('',(-4.56813431008759,80.1804019667767,126.39993894848));
#8502=CARTESIAN_POINT('',(-4.89964432666907,77.2798853443113,126.399214964229));
#8503=CARTESIAN_POINT('',(-5.45556116097694,74.4139018254716,126.39849571997));
#8504=CARTESIAN_POINT('',(-6.23252184772703,71.5997890112789,126.397785566742));
#8505=CARTESIAN_POINT('',(-7.22582663989816,68.8545674946246,126.397088799776));
#8506=CARTESIAN_POINT('',(-8.42946865538149,66.1948398786772,126.396409632949));
#8507=CARTESIAN_POINT('',(-9.83616655185131,63.6366960368956,126.3957521749));
#8508=CARTESIAN_POINT('',(-11.4374117581025,61.195608277984,126.395120402063));
#8509=CARTESIAN_POINT('',(-13.2235203386305,58.88634017613,126.394518135391));
#8510=CARTESIAN_POINT('',(-15.1836891646673,56.7228603455946,126.393949017923));
#8511=CARTESIAN_POINT('',(-17.3060568479444,54.7182573902891,126.393416492744));
#8512=CARTESIAN_POINT('',(-18.9661781617491,53.378310611109,126.393056432011));
#8513=CARTESIAN_POINT('',(-19.9011754889118,52.6927172659022,126.392870750325));
#8514=CARTESIAN_POINT('',(-20.0528040581056,52.5832692611958,126.392841067939));
#8515=CARTESIAN_POINT('',(-63.9486367182683,113.395728836476,126.407156319099));
#8516=CARTESIAN_POINT('',(-63.948634447913,113.395761861919,126.273822989869));
#8517=CARTESIAN_POINT('',(-63.9486321826294,113.395794883715,126.14048966064));
#8518=CARTESIAN_POINT('',(-63.9486299173457,113.39582790551,126.00715633141));
#8519=CARTESIAN_POINT('',(-20.0528040581056,52.5832692611958,126.392841067939));
#8520=CARTESIAN_POINT('',(-20.0528017967509,52.5833022801833,126.259507675142));
#8521=CARTESIAN_POINT('',(-20.0527995314676,52.583335301971,126.12617437771));
#8522=CARTESIAN_POINT('',(-20.0527972661845,52.5833683237587,125.992841080279));
#8523=CARTESIAN_POINT('',(-20.0527972661845,52.5833683237587,125.992841080279));
#8524=CARTESIAN_POINT('',(-23.9070140007746,49.7985363274243,125.99208589738));
#8525=CARTESIAN_POINT('',(-32.8319771260994,45.6525865840338,125.990907465269));
#8526=CARTESIAN_POINT('',(-47.7489063909979,44.9276536018879,125.99047449276));
#8527=CARTESIAN_POINT('',(-62.0216673302861,50.0945546524492,125.991511656528));
#8528=CARTESIAN_POINT('',(-73.2248327507853,60.4513114076969,125.993886309276));
#8529=CARTESIAN_POINT('',(-79.52681441976,74.3458552189899,125.997220411947));
#8530=CARTESIAN_POINT('',(-79.9363596695109,89.5195439165355,126.000971422391));
#8531=CARTESIAN_POINT('',(-74.5509693862666,103.449291710605,126.004512807901));
#8532=CARTESIAN_POINT('',(-67.8054764359394,110.61463725341,126.006402005704));
#8533=CARTESIAN_POINT('',(-63.9486299173457,113.39582790551,126.00715633141));
#8534=CARTESIAN_POINT('',(-63.9486299173457,113.39582790551,126.00715633141));
#8535=CARTESIAN_POINT('',(-63.9486193613472,113.395981783864,125.385836006994));
#8536=CARTESIAN_POINT('',(-64.2057477447283,113.752321744084,124.946580049114));
#8537=CARTESIAN_POINT('',(-64.4628761281094,114.108661704303,124.507324091234));
#8538=CARTESIAN_POINT('',(-64.8265211311578,114.61244863051,124.507442682661));
#8539=CARTESIAN_POINT('',(-19.1748550880489,51.3674905858676,124.492554821466));
#8540=CARTESIAN_POINT('',(-23.1832407537072,48.4712653868693,124.491769431266));
#8541=CARTESIAN_POINT('',(-32.4652019119065,44.1594777902358,124.490543861912));
#8542=CARTESIAN_POINT('',(-47.9788086105632,43.4055474133064,124.490093570481));
#8543=CARTESIAN_POINT('',(-62.8224796773806,48.7791243292681,124.491172220761));
#8544=CARTESIAN_POINT('',(-74.4737719896617,59.5501514656865,124.493641859641));
#8545=CARTESIAN_POINT('',(-81.0278329451205,74.0004773246291,124.497109326491));
#8546=CARTESIAN_POINT('',(-81.4537599313363,89.7811132227308,124.501010377269));
#8547=CARTESIAN_POINT('',(-75.8529538905408,104.268051148568,124.504693418257));
#8548=CARTESIAN_POINT('',(-68.8376414904871,111.720010100691,124.506658183864));
#8549=CARTESIAN_POINT('',(-64.8265211311578,114.61244863051,124.507442682661));
#8550=CARTESIAN_POINT('',(-19.1748550880489,51.3674905858676,124.492554821466));
#8551=CARTESIAN_POINT('',(-19.5385000892092,51.8712775134372,124.492673412893));
#8552=CARTESIAN_POINT('',(-19.795643399695,52.2273998577713,124.932097084378));
#8553=CARTESIAN_POINT('',(-20.0527867101809,52.5835222021053,125.371520755863));
#8554=CARTESIAN_POINT('',(-20.0527972661845,52.5833683237587,125.992841080279));
#8555=CARTESIAN_POINT('',(-20.0527972661845,52.5833683237587,125.992841080279));
#8556=CARTESIAN_POINT('',(-16.1959509882707,55.3645587580457,125.993595405927));
#8557=CARTESIAN_POINT('',(-9.45045781897076,62.5299043805399,125.995484603754));
#8558=CARTESIAN_POINT('',(-4.06506751614582,76.4596521189831,125.99902598925));
#8559=CARTESIAN_POINT('',(-4.47461265191053,91.6333408825958,126.002776999713));
#8560=CARTESIAN_POINT('',(-10.7765942937829,105.527884743515,126.006111102397));
#8561=CARTESIAN_POINT('',(-21.9797597042252,115.88464156412,126.00848575516));
#8562=CARTESIAN_POINT('',(-36.2525206605138,121.051542665325,126.009522918941));
#8563=CARTESIAN_POINT('',(-51.1694499851676,120.326609686327,126.009089946432));
#8564=CARTESIAN_POINT('',(-60.0944130887093,116.180659969746,126.007911514328));
#8565=CARTESIAN_POINT('',(-63.9486299173457,113.39582790551,126.00715633141));
#8566=CARTESIAN_POINT('',(-19.1748550880489,51.3674905858676,124.492554821466));
#8567=CARTESIAN_POINT('',(-15.1637349753146,54.2599288918391,124.493339320203));
#8568=CARTESIAN_POINT('',(-8.14842234965164,61.7118879253103,124.495304085835));
#8569=CARTESIAN_POINT('',(-2.54761628733891,76.1988257941222,124.498987126808));
#8570=CARTESIAN_POINT('',(-2.97354315560868,91.9794617605095,124.502888177605));
#8571=CARTESIAN_POINT('',(-9.52760408247863,106.429787671345,124.50635564447));
#8572=CARTESIAN_POINT('',(-21.178896384701,117.200814875453,124.508825283366));
#8573=CARTESIAN_POINT('',(-36.0225674686104,122.57439184451,124.50990393366));
#8574=CARTESIAN_POINT('',(-51.536174230536,121.820461470032,124.509453642227));
#8575=CARTESIAN_POINT('',(-60.8181353639984,117.508673902795,124.508228072881));
#8576=CARTESIAN_POINT('',(-64.8265211311578,114.61244863051,124.507442682661));
#8577=CARTESIAN_POINT('',(-3.85737754592867,62.7084271069284,125.995623841667));
#8578=CARTESIAN_POINT('',(-24.1385490319922,24.5650923381419,125.985832561312));
#8579=CARTESIAN_POINT('',(-62.2818850504135,44.8462633656336,125.990207425494));
#8580=CARTESIAN_POINT('',(-100.425221068835,65.1274343931252,125.994582289677));
#8581=CARTESIAN_POINT('',(-80.1440495827713,103.270769161912,126.004373570033));
#8582=CARTESIAN_POINT('',(-3.85737754592867,62.7084271069284,125.995623841667));
#8583=CARTESIAN_POINT('',(-3.85735206148746,62.7087986021278,124.495623887887));
#8584=CARTESIAN_POINT('',(-3.85735206148746,62.7087986021278,124.495623887887));
#8585=CARTESIAN_POINT('',(-24.1385235475509,24.5654638333414,124.485832607531));
#8586=CARTESIAN_POINT('',(-62.2818595659723,44.846634860833,124.490207471714));
#8587=CARTESIAN_POINT('',(-100.425195584394,65.1278058883248,124.494582335896));
#8588=CARTESIAN_POINT('',(-80.1440240983301,103.271140657111,124.504373616252));
#8589=CARTESIAN_POINT('',(-51.0731629204854,95.5480933921671,164.001510940259));
#8590=CARTESIAN_POINT('',(-58.474914374812,90.2053354245802,164.000061981274));
#8591=CARTESIAN_POINT('',(-59.854725410617,81.230760387788,163.997815864385));
#8592=CARTESIAN_POINT('',(-54.5692656431998,73.9083838916432,163.996092177137));
#8593=CARTESIAN_POINT('',(-51.6884625697258,69.917373526711,163.99515269344));
#8594=CARTESIAN_POINT('',(-47.2291581206729,67.4801914738811,163.994624854401));
#8595=CARTESIAN_POINT('',(-42.001359145657,67.4801918595897,163.994713672845));
#8596=CARTESIAN_POINT('',(-32.9295553588043,70.4122811775798,163.9955939708));
#8597=CARTESIAN_POINT('',(-25.5278039155337,75.7550391426257,163.997042929812));
#8598=CARTESIAN_POINT('',(-24.1479928828477,84.7296141764478,163.9992890467));
#8599=CARTESIAN_POINT('',(-29.433452648068,92.0519906695412,164.001012733947));
#8600=CARTESIAN_POINT('',(-32.3142551666673,96.0430002657587,164.001952217463));
#8601=CARTESIAN_POINT('',(-36.7735585665191,98.480182210609,164.002480056494));
#8602=CARTESIAN_POINT('',(-42.0013591456569,98.4801834668622,164.002391238418));
#8603=CARTESIAN_POINT('',(-42.0013591456569,98.4801834668622,164.002391238418));
#8604=CARTESIAN_POINT('',(-45.3645452923602,98.4801834810199,164.00233409914));
#8605=CARTESIAN_POINT('',(-48.4759078418984,97.4228512141571,164.00201937567));
#8606=CARTESIAN_POINT('',(-51.0731629204854,95.548093392167,164.001510940259));
#8607=CARTESIAN_POINT('',(-32.9295553588043,70.4122811775798,163.9955939708));
#8608=CARTESIAN_POINT('',(-29.2139083140878,65.264703744429,163.957685227468));
#8609=CARTESIAN_POINT('',(-25.5232072627975,60.1518747465406,163.223898127957));
#8610=CARTESIAN_POINT('',(-21.9019374231603,55.1354207118164,161.803299494041));
#8611=CARTESIAN_POINT('',(-42.0015571520253,98.4772970618435,175.656936027683));
#8612=CARTESIAN_POINT('',(-42.0306716455938,98.4773037678729,175.629858685836));
#8613=CARTESIAN_POINT('',(-42.0594794154356,98.4772285186405,175.60245269674));
#8614=CARTESIAN_POINT('',(-42.0879734911426,98.4770765168733,175.574723678513));
#8615=CARTESIAN_POINT('',(-43.0530446336238,98.4719283407874,174.635564409937));
#8616=CARTESIAN_POINT('',(-43.6255952439229,98.3925466557837,173.358807943892));
#8617=CARTESIAN_POINT('',(-43.6255722226281,98.3928822448881,172.003787348416));
#8618=CARTESIAN_POINT('',(-33.7844345683286,96.1208766303018,172.003391852879));
#8619=CARTESIAN_POINT('',(-33.7844575896233,96.1205410411977,173.358412448355));
#8620=CARTESIAN_POINT('',(-34.264166601949,96.4428559982062,174.635211202599));
#8621=CARTESIAN_POINT('',(-35.129238321197,96.8705259399061,175.574444020937));
#8622=CARTESIAN_POINT('',(-35.9945822745329,97.2983304673679,176.513972411519));
#8623=CARTESIAN_POINT('',(-37.1948761656682,97.7749494619603,177.053743719772));
#8624=CARTESIAN_POINT('',(-38.5148403031972,98.0796871901443,177.053796766477));
#8625=CARTESIAN_POINT('',(-39.794303928467,98.3750746384644,177.053848185548));
#8626=CARTESIAN_POINT('',(-41.0449884009055,98.4770767311872,176.546573305188));
#8627=CARTESIAN_POINT('',(-42.0015571520253,98.4772970618435,175.656936027683));
#8628=CARTESIAN_POINT('',(-42.0014330224143,98.4791065406757,168.350736115157));
#8629=CARTESIAN_POINT('',(-41.044833446254,98.4793268147634,167.461131099764));
#8630=CARTESIAN_POINT('',(-39.7941320281907,98.3775759690213,166.953848496746));
#8631=CARTESIAN_POINT('',(-38.5146687079678,98.0821885911266,166.953797077688));
#8632=CARTESIAN_POINT('',(-37.194704570439,97.7774508629425,166.953744030983));
#8633=CARTESIAN_POINT('',(-35.9944290170109,97.3005645534624,167.493319975583));
#8634=CARTESIAN_POINT('',(-35.1291169850468,96.8722946975027,168.432665751012));
#8635=CARTESIAN_POINT('',(-34.2640773833697,96.444159675771,169.371715787759));
#8636=CARTESIAN_POINT('',(-33.7844117757563,96.1212123733993,170.648370648647));
#8637=CARTESIAN_POINT('',(-33.7844345683286,96.1208766303018,172.003391852879));
#8638=CARTESIAN_POINT('',(-43.6255722226281,98.3928822448881,172.003787348416));
#8639=CARTESIAN_POINT('',(-43.6255489282992,98.3932178721462,170.648766144164));
#8640=CARTESIAN_POINT('',(-43.0529549787042,98.4732319176159,169.37206899508));
#8641=CARTESIAN_POINT('',(-42.0878521549922,98.4788452744708,168.432945408588));
#8642=CARTESIAN_POINT('',(-42.0593571302996,98.4790110109481,168.405217430668));
#8643=CARTESIAN_POINT('',(-42.030548422295,98.4790998348555,168.377812454631));
#8644=CARTESIAN_POINT('',(-42.0014330224143,98.4791065406757,168.350736115157));
#8645=CARTESIAN_POINT('',(-43.6255722226281,98.3928822448881,172.003787348416));
#8646=CARTESIAN_POINT('',(-42.9854204743366,101.165684018907,172.004484946069));
#8647=CARTESIAN_POINT('',(-42.0014330224143,98.4791065406757,168.350736115157));
#8648=CARTESIAN_POINT('',(-42.0013591456569,98.4801834668622,164.002391238418));
#8649=CARTESIAN_POINT('',(-33.6885809209088,99.0192817868562,172.233665087136));
#8650=CARTESIAN_POINT('',(-33.6940485258583,99.0205164535932,172.343410810673));
#8651=CARTESIAN_POINT('',(-33.7034324365045,99.0226553412806,172.452951216066));
#8652=CARTESIAN_POINT('',(-33.7167164500669,99.0256947645232,172.561991435566));
#8653=CARTESIAN_POINT('',(-33.7413867494378,99.0313394053459,172.764494606234));
#8654=CARTESIAN_POINT('',(-33.7795084117345,99.0400899717521,172.965272647567));
#8655=CARTESIAN_POINT('',(-33.8307287318145,99.0518655030506,173.162467700133));
#8656=CARTESIAN_POINT('',(-33.8819490517604,99.0636410349299,173.359662752699));
#8657=CARTESIAN_POINT('',(-33.9462680296237,99.0784415311206,173.553274816497));
#8658=CARTESIAN_POINT('',(-34.0230905751221,99.0961300554737,173.741512623179));
#8659=CARTESIAN_POINT('',(-34.0999131204197,99.1138185806959,173.929750429861));
#8660=CARTESIAN_POINT('',(-34.1892392335531,99.1343951332115,174.112613979428));
#8661=CARTESIAN_POINT('',(-34.2902424550613,99.1576693363921,174.288411372694));
#8662=CARTESIAN_POINT('',(-34.3912456763066,99.1809435407123,174.464208765961));
#8663=CARTESIAN_POINT('',(-34.50392600619,99.2069153945582,174.632940002928));
#8664=CARTESIAN_POINT('',(-34.6272409080117,99.2353446033202,174.793043959695));
#8665=CARTESIAN_POINT('',(-34.7505558095121,99.2637738134738,174.953147916462));
#8666=CARTESIAN_POINT('',(-34.8845052832721,99.294660377152,175.104624593028));
#8667=CARTESIAN_POINT('',(-35.0278500070805,99.3277185283353,175.246072501828));
#8668=CARTESIAN_POINT('',(-35.1711947305156,99.3607766811353,175.387520410629));
#8669=CARTESIAN_POINT('',(-35.3239347043723,99.3960064198237,175.518939551662));
#8670=CARTESIAN_POINT('',(-35.4846567536739,99.4330817948539,175.63911401438));
#8671=CARTESIAN_POINT('',(-35.6453788025573,99.4701571716977,175.759288477098));
#8672=CARTESIAN_POINT('',(-35.8140829273043,99.5090781830698,175.868218261501));
#8673=CARTESIAN_POINT('',(-35.989208250018,99.5494847273772,175.964895531784));
#8674=CARTESIAN_POINT('',(-36.164333572274,99.5898912736616,176.061572802068));
#8675=CARTESIAN_POINT('',(-36.3458800929532,99.631783350904,176.145997558232));
#8676=CARTESIAN_POINT('',(-36.5321681142292,99.6747733689012,176.217388688964));
#8677=CARTESIAN_POINT('',(-36.7184561350218,99.7177633889983,176.288779819697));
#8678=CARTESIAN_POINT('',(-36.9094856568961,99.7618513477506,176.347137324997));
#8679=CARTESIAN_POINT('',(-37.1034892437553,99.8066293384309,176.391921271931));
#8680=CARTESIAN_POINT('',(-37.2974928301087,99.8514073312953,176.436705218864));
#8681=CARTESIAN_POINT('',(-37.4944704819513,99.8968753539035,176.467915607431));
#8682=CARTESIAN_POINT('',(-37.6925997301223,99.9426127310367,176.485263674114));
#8683=CARTESIAN_POINT('',(-37.8907289777788,99.9883501104054,176.502611740798));
#8684=CARTESIAN_POINT('',(-38.0900098222798,100.034356842064,176.506097485598));
#8685=CARTESIAN_POINT('',(-38.2885984849437,100.080207266626,176.495688657865));
#8686=CARTESIAN_POINT('',(-38.4871871470862,100.12605769344,176.485279830132));
#8687=CARTESIAN_POINT('',(-38.6850836279117,100.171751810906,176.460976429865));
#8688=CARTESIAN_POINT('',(-38.880456957089,100.216866852021,176.423003315999));
#8689=CARTESIAN_POINT('',(-39.0758302857568,100.261981895349,176.385030202133));
#8690=CARTESIAN_POINT('',(-39.2686804632873,100.306517860113,176.333387374666));
#8691=CARTESIAN_POINT('',(-39.4572232085628,100.350062694663,176.268552641267));
#8692=CARTESIAN_POINT('',(-39.6457659533468,100.393607531342,176.203717907868));
#8693=CARTESIAN_POINT('',(-39.8300012663672,100.436161235678,176.125691268537));
#8694=CARTESIAN_POINT('',(-40.0082245726244,100.477330096161,176.03519463822));
#8695=CARTESIAN_POINT('',(-40.186447878421,100.518498958633,175.944698007904));
#8696=CARTESIAN_POINT('',(-40.3586591779138,100.558282975264,175.841731386603));
#8697=CARTESIAN_POINT('',(-40.5232651442282,100.596314059946,175.727247437869));
#8698=CARTESIAN_POINT('',(-40.687871110122,100.634345146456,175.612763489134));
#8699=CARTESIAN_POINT('',(-40.8448717432592,100.670623299189,175.486762212967));
#8700=CARTESIAN_POINT('',(-40.9928144483213,100.704812868723,175.350409393366));
#8701=CARTESIAN_POINT('',(-41.1407571529964,100.739002439927,175.214056573767));
#8702=CARTESIAN_POINT('',(-41.2796419299824,100.771103426261,175.067352210735));
#8703=CARTESIAN_POINT('',(-41.408183794747,100.80081882596,174.911653636136));
#8704=CARTESIAN_POINT('',(-41.536725659178,100.83053422711,174.755955061537));
#8705=CARTESIAN_POINT('',(-41.6549246117218,100.857864040176,174.591262275372));
#8706=CARTESIAN_POINT('',(-41.7616870566089,100.882555406826,174.419099042739));
#8707=CARTESIAN_POINT('',(-41.8684495012192,100.907246774671,174.246935810108));
#8708=CARTESIAN_POINT('',(-41.9637754384488,100.929299694904,174.067302131009));
#8709=CARTESIAN_POINT('',(-42.0467828967568,100.948510131488,173.881860000525));
#8710=CARTESIAN_POINT('',(-42.1297903548505,100.967720569003,173.69641787004));
#8711=CARTESIAN_POINT('',(-42.2004793342375,100.984088521936,173.50516728817));
#8712=CARTESIAN_POINT('',(-42.2581958108061,100.997462552719,173.309877752135));
#8713=CARTESIAN_POINT('',(-42.3159122872259,101.010836584145,173.114588216102));
#8714=CARTESIAN_POINT('',(-42.3606562609759,101.021216692779,172.915259725903));
#8715=CARTESIAN_POINT('',(-42.3920137467342,101.028506839279,172.713736439571));
#8716=CARTESIAN_POINT('',(-42.4233712324084,101.035796986143,172.512213153239));
#8717=CARTESIAN_POINT('',(-42.4413422301749,101.03999717051,172.308495070774));
#8718=CARTESIAN_POINT('',(-42.4457604947657,101.04106853777,172.104467251865));
#8719=CARTESIAN_POINT('',(-42.4481395617526,101.041645428225,171.994606051765));
#8720=CARTESIAN_POINT('',(-42.446589133279,101.04131514573,171.884655046315));
#8721=CARTESIAN_POINT('',(-42.4411223924791,101.040080643844,171.774909262059));
#8722=CARTESIAN_POINT('',(-42.4411223924791,101.040080643844,171.774909262059));
#8723=CARTESIAN_POINT('',(-42.4356547833841,101.038845973115,171.665163502116));
#8724=CARTESIAN_POINT('',(-42.4262708748348,101.036707085893,171.55562313877));
#8725=CARTESIAN_POINT('',(-42.4129868663487,101.033667663808,171.446582960936));
#8726=CARTESIAN_POINT('',(-42.3883165669787,101.028023022977,171.244079790268));
#8727=CARTESIAN_POINT('',(-42.3501949046791,101.019272456575,171.043301748936));
#8728=CARTESIAN_POINT('',(-42.2989745845993,101.007496925275,170.84610669637));
#8729=CARTESIAN_POINT('',(-42.2477542646519,100.9957213934,170.648911643803));
#8730=CARTESIAN_POINT('',(-42.1834352867914,100.980920897202,170.455299580002));
#8731=CARTESIAN_POINT('',(-42.1066127412927,100.963232372852,170.267061773319));
#8732=CARTESIAN_POINT('',(-42.0297901959966,100.945543847627,170.078823966637));
#8733=CARTESIAN_POINT('',(-41.9404640828606,100.924967295125,169.895960417073));
#8734=CARTESIAN_POINT('',(-41.839460861351,100.901693091942,169.720163023807));
#8735=CARTESIAN_POINT('',(-41.7384576401029,100.878418887622,169.54436563054));
#8736=CARTESIAN_POINT('',(-41.6257773102189,100.852447033758,169.37563439357));
#8737=CARTESIAN_POINT('',(-41.5024624083982,100.824017824991,169.215530436803));
#8738=CARTESIAN_POINT('',(-41.3791475068972,100.795588614844,169.055426480036));
#8739=CARTESIAN_POINT('',(-41.2451980331412,100.764702051175,168.903949803473));
#8740=CARTESIAN_POINT('',(-41.1018533093334,100.731643899992,168.762501894674));
#8741=CARTESIAN_POINT('',(-40.9585085858969,100.698585747196,168.621053985874));
#8742=CARTESIAN_POINT('',(-40.8057686120362,100.663356008498,168.48963484484));
#8743=CARTESIAN_POINT('',(-40.6450465627323,100.626280633466,168.369460382122));
#8744=CARTESIAN_POINT('',(-40.4843245138478,100.589205256622,168.249285919404));
#8745=CARTESIAN_POINT('',(-40.3156203891022,100.550284245256,168.140356135003));
#8746=CARTESIAN_POINT('',(-40.1404950663899,100.509877700955,168.043678864719));
#8747=CARTESIAN_POINT('',(-39.9653697441352,100.469471154666,167.947001594434));
#8748=CARTESIAN_POINT('',(-39.7838232234548,100.42757907743,167.862576838267));
#8749=CARTESIAN_POINT('',(-39.5975352021777,100.38458905943,167.791185707533));
#8750=CARTESIAN_POINT('',(-39.4112471813849,100.341599039332,167.719794576799));
#8751=CARTESIAN_POINT('',(-39.2202176595111,100.297511080567,167.661437071499));
#8752=CARTESIAN_POINT('',(-39.0262140726522,100.252733089885,167.616653124567));
#8753=CARTESIAN_POINT('',(-38.8322104862981,100.207955097022,167.571869177634));
#8754=CARTESIAN_POINT('',(-38.6352328344555,100.162487074422,167.54065878907));
#8755=CARTESIAN_POINT('',(-38.4371035862845,100.116749697297,167.523310722388));
#8756=CARTESIAN_POINT('',(-38.238974338631,100.071012317923,167.505962655705));
#8757=CARTESIAN_POINT('',(-38.03969349413,100.025005586272,167.502476910905));
#8758=CARTESIAN_POINT('',(-37.8411048314661,99.9791551617081,167.512885738638));
#8759=CARTESIAN_POINT('',(-37.6425161693234,99.9333047348932,167.523294566371));
#8760=CARTESIAN_POINT('',(-37.4446196884979,99.8876106174175,167.547597966637));
#8761=CARTESIAN_POINT('',(-37.2492463593204,99.8424955762994,167.585571080504));
#8762=CARTESIAN_POINT('',(-37.0538730306505,99.7973805329761,167.62354419437));
#8763=CARTESIAN_POINT('',(-36.8610228531195,99.7528445682154,167.675187021837));
#8764=CARTESIAN_POINT('',(-36.6724801078454,99.7092997336626,167.740021755236));
#8765=CARTESIAN_POINT('',(-36.4839373630638,99.6657548969826,167.804856488634));
#8766=CARTESIAN_POINT('',(-36.2997020500478,99.623201192638,167.882883127965));
#8767=CARTESIAN_POINT('',(-36.1214787437917,99.5820323321626,167.973379758281));
#8768=CARTESIAN_POINT('',(-35.9432554379985,99.540863469676,168.063876388598));
#8769=CARTESIAN_POINT('',(-35.771044138501,99.5010794530695,168.166843009901));
#8770=CARTESIAN_POINT('',(-35.6064381721839,99.4630483683996,168.281326958636));
#8771=CARTESIAN_POINT('',(-35.441832206296,99.425017281876,168.395810907369));
#8772=CARTESIAN_POINT('',(-35.2848315731603,99.3887391291429,168.521812183535));
#8773=CARTESIAN_POINT('',(-35.1368888680994,99.3545495596035,168.658165003133));
#8774=CARTESIAN_POINT('',(-34.9889461634218,99.3203599883991,168.794517822732));
#8775=CARTESIAN_POINT('',(-34.8500613864348,99.2882590020532,168.941222185764));
#8776=CARTESIAN_POINT('',(-34.7215195216695,99.2585436023531,169.096920760363));
#8777=CARTESIAN_POINT('',(-34.5929776572385,99.2288282012048,169.252619334962));
#8778=CARTESIAN_POINT('',(-34.4747787046949,99.2014983881506,169.417312121129));
#8779=CARTESIAN_POINT('',(-34.368016259808,99.1768070215052,169.589475353763));
#8780=CARTESIAN_POINT('',(-34.2612538152,99.1521156536552,169.761638586395));
#8781=CARTESIAN_POINT('',(-34.1659278779705,99.1300627334188,169.941272265494));
#8782=CARTESIAN_POINT('',(-34.082920419664,99.1108522968355,170.126714395977));
#8783=CARTESIAN_POINT('',(-33.9999129615729,99.0916418593167,170.31215652646));
#8784=CARTESIAN_POINT('',(-33.929223982189,99.0752739063865,170.503407108328));
#8785=CARTESIAN_POINT('',(-33.8715075056203,99.0618998756078,170.698696644363));
#8786=CARTESIAN_POINT('',(-33.8137910292021,99.0485258441797,170.893986180397));
#8787=CARTESIAN_POINT('',(-33.769047055449,99.0381457355526,171.093314670598));
#8788=CARTESIAN_POINT('',(-33.7376895696907,99.0308555890495,171.294837956931));
#8789=CARTESIAN_POINT('',(-33.7063320840134,99.0235654421947,171.496361243264));
#8790=CARTESIAN_POINT('',(-33.68836108625,99.0193652578155,171.70007932573));
#8791=CARTESIAN_POINT('',(-33.6839428216585,99.0182938905393,171.904107144638));
#8792=CARTESIAN_POINT('',(-33.6815637550096,99.0177170001736,172.013968328951));
#8793=CARTESIAN_POINT('',(-33.6831141826927,99.0180472824877,172.123919318589));
#8794=CARTESIAN_POINT('',(-33.6885809209088,99.0192817868562,172.233665087136));
#8795=CARTESIAN_POINT('',(-42.001698962737,98.4752298396958,184.003835701618));
#8796=CARTESIAN_POINT('',(-57.5016956221917,98.4752299049153,184.003572362471));
#8797=CARTESIAN_POINT('',(-57.5016956221917,82.9752337185867,183.99973357961));
#8798=CARTESIAN_POINT('',(-57.5016956221917,67.4752375322588,183.99589479675));
#8799=CARTESIAN_POINT('',(-42.0016989627376,67.4752374670387,183.996158135895));
#8800=CARTESIAN_POINT('',(-42.0016819731106,67.4754851305023,182.996158166658));
#8801=CARTESIAN_POINT('',(-42.001359145657,67.4801910942051,163.994713672654));
#8802=CARTESIAN_POINT('',(-42.0016819731106,67.4754851305023,182.996158166658));
#8803=CARTESIAN_POINT('',(-57.5016786325652,67.4754851957218,182.995894827513));
#8804=CARTESIAN_POINT('',(-57.5016786325652,82.9754813820504,182.999733610374));
#8805=CARTESIAN_POINT('',(-57.5016786325652,98.4754775683789,183.003572393234));
#8806=CARTESIAN_POINT('',(-42.0016819731106,98.4754775031595,183.003835732379));
#8807=CARTESIAN_POINT('',(-42.001359145657,67.4801918595897,163.994713672845));
#8808=CARTESIAN_POINT('',(-38.638173116769,67.4801921077267,163.99477081218));
#8809=CARTESIAN_POINT('',(-35.5268100894409,68.5375244145595,163.995085535657));
#8810=CARTESIAN_POINT('',(-32.9295553588043,70.4122811775797,163.9955939708));
#8811=CARTESIAN_POINT('',(-80.1440495827713,103.270769161912,126.004373570033));
#8812=CARTESIAN_POINT('',(-80.1440240983301,103.271140657111,124.504373616252));
#8813=CARTESIAN_POINT('',(-80.1440495827713,103.270769161912,126.004373570033));
#8814=CARTESIAN_POINT('',(-59.8628780967078,141.414103930698,126.014164850388));
#8815=CARTESIAN_POINT('',(-21.7195420782864,121.132932903206,126.009789986206));
#8816=CARTESIAN_POINT('',(16.4237939401349,100.851761875715,126.005415122023));
#8817=CARTESIAN_POINT('',(-3.85737754592867,62.7084271069284,125.995623841667));
#8818=CARTESIAN_POINT('',(-80.1440240983301,103.271140657111,124.504373616252));
#8819=CARTESIAN_POINT('',(-59.8628526122665,141.414475425898,124.514164896608));
#8820=CARTESIAN_POINT('',(-21.7195165938452,121.133304398406,124.509790032425));
#8821=CARTESIAN_POINT('',(16.4238194245761,100.852133370914,124.505415168242));
#8822=CARTESIAN_POINT('',(-3.85735206148746,62.7087986021278,124.495623887887));
#8823=CARTESIAN_POINT('',(-42.0016819731106,67.4754851305023,182.996158166658));
#8824=CARTESIAN_POINT('',(-42.001698962737,67.4752374670387,183.996158135897));
#8825=CARTESIAN_POINT('',(-42.0016989627376,67.4752374670387,183.996158135895));
#8826=CARTESIAN_POINT('',(-26.5017023032823,67.4752374018186,183.99642147504));
#8827=CARTESIAN_POINT('',(-26.5017023032823,82.9752335881478,184.0002602579));
#8828=CARTESIAN_POINT('',(-26.5017023032823,98.4752245482689,184.004099039466));
#8829=CARTESIAN_POINT('',(-42.001698962737,98.4752298396958,184.003835701618));
#8830=CARTESIAN_POINT('',(0.,0.,0.));
ENDSEC;
END-ISO-10303-21;
