ISO-10303-21;
HEADER;
FILE_DESCRIPTION (( 'STEP AP214' ),
    '1' );
FILE_NAME ('Верхний патрубок 4.STEP',
    '2015-12-28T16:45:52',
    ( 'MMA' ),
    ( '' ),
    'SwSTEP 2.0',
    'SolidWorks 2014',
    '' );
FILE_SCHEMA (( 'AUTOMOTIVE_DESIGN' ));
ENDSEC;

DATA;
#1 = LINE ( 'NONE', #1898, #965 ) ;
#2 = CARTESIAN_POINT ( 'NONE',  ( -15.39945174432405000, -18.10140954703424000, 6.500000038863642100 ) ) ;
#3 = ORIENTED_EDGE ( 'NONE', *, *, #615, .T. ) ;
#4 = B_SPLINE_SURFACE_WITH_KNOTS ( 'NONE', 1, 3, ( 
 ( #793, #1186, #1008, #2327, #1193, #48, #1382, #247, #1572, #434, #1770, #625, #1955, #821, #2146, #1015, #2335, #1202 ),
 ( #57, #1390, #255, #1582, #442, #1779, #634, #1962, #831, #2154, #1023, #2346, #1208, #64, #1397, #265, #1589, #450 ) ),
 .UNSPECIFIED., .F., .F., .F.,
 ( 2, 2 ),
 ( 4, 2, 2, 2, 2, 2, 2, 2, 4 ),
 ( 0.0000000000000000000, 2.159339755007607700 ),
 ( 340.0000000000000000, 361.5987174058399200, 385.0000000000000000, 408.4012825941849800, 430.0000000000000000, 451.5987174058259400, 474.9999999999989200, 498.4012825941719600, 520.0000000000000000 ),
 .UNSPECIFIED. ) ;
#5 = CARTESIAN_POINT ( 'NONE',  ( -13.66898877205683700, -17.72318748986150200, 6.500000024895181000 ) ) ;
#6 = CARTESIAN_POINT ( 'NONE',  ( -13.61648223918893500, -18.27173431323426900, 7.152960415557320300 ) ) ;
#7 = DIRECTION ( 'NONE',  ( -0.4699997429837058900, 0.8826665517596380400, -2.282936478928931400E-008 ) ) ;
#8 = CARTESIAN_POINT ( 'NONE',  ( -13.62982649911509900, -17.81371914556779500, 5.678227254432317600 ) ) ;
#9 = CARTESIAN_POINT ( 'NONE',  ( -14.18751436856482200, -14.24970895875968000, 10.12106191063044700 ) ) ;
#10 = CARTESIAN_POINT ( 'NONE',  ( -15.34786139546954500, -17.76812078290390700, 7.152960406709780700 ) ) ;
#11 = UNCERTAINTY_MEASURE_WITH_UNIT (LENGTH_MEASURE( 1.000000000000000100E-005 ), #557, 'distance_accuracy_value', 'NONE');
#12 = CARTESIAN_POINT ( 'NONE',  ( -14.46987315687566800, -14.26103720791416800, 10.12938263774273700 ) ) ;
#13 = CARTESIAN_POINT ( 'NONE',  ( -13.67880843983561500, -18.43948560074925400, 6.500000045058453000 ) ) ;
#14 = CARTESIAN_POINT ( 'NONE',  ( -12.48422416450052600, -19.17536172811998400, 6.500000059949326400 ) ) ;
#15 = CARTESIAN_POINT ( 'NONE',  ( -14.97156646888230300, -17.29387424255612900, 6.500000015527961100 ) ) ;
#16 = CARTESIAN_POINT ( 'NONE',  ( -13.76210236082511300, -18.59835289585734900, 7.805920802037784200 ) ) ;
#17 = CARTESIAN_POINT ( 'NONE',  ( -12.99038873268330000, -17.79991887353999800, 6.900036467719999700 ) ) ;
#18 = CARTESIAN_POINT ( 'NONE',  ( -15.99329699359000000, -16.62006719278000200, 6.488001347711999300 ) ) ;
#19 = ORIENTED_EDGE ( 'NONE', *, *, #929, .T. ) ;
#20 = ORIENTED_EDGE ( 'NONE', *, *, #1471, .F. ) ;
#21 = CARTESIAN_POINT ( 'NONE',  ( -15.15821832773291600, -17.45620144018378300, 7.805920774746930100 ) ) ;
#22 = ORIENTED_EDGE ( 'NONE', *, *, #1527, .T. ) ;
#23 = CARTESIAN_POINT ( 'NONE',  ( -14.44833866581736200, -19.57520768381408200, 6.849127380303822400 ) ) ;
#24 = CARTESIAN_POINT ( 'NONE',  ( -14.34992274943978100, -18.95935473270155600, 6.500000059692394100 ) ) ;
#25 = CARTESIAN_POINT ( 'NONE',  ( -13.18071980908000300, -17.34562990594999500, 6.736751137261000700 ) ) ;
#26 = CARTESIAN_POINT ( 'NONE',  ( -14.55151783233219800, -16.56897339454652100, 6.871117638201003100 ) ) ;
#27 = CARTESIAN_POINT ( 'NONE',  ( -14.02843352553349000, -18.84612570380494000, 8.458881186703770500 ) ) ;
#28 = CARTESIAN_POINT ( 'NONE',  ( -13.20033556756000200, -17.34527966881999800, 6.889247048010001400 ) ) ;
#29 = CARTESIAN_POINT ( 'NONE',  ( -16.18799207971999700, -16.65637781538000100, 6.612376248815998300 ) ) ;
#30 = DIRECTION ( 'NONE',  ( 1.000000000000000000, 0.0000000000000000000, 0.0000000000000000000 ) ) ;
#31 = CARTESIAN_POINT ( 'NONE',  ( -14.86028765237288100, -17.24526192521502900, 8.458881145240155800 ) ) ;
#32 = CARTESIAN_POINT ( 'NONE',  ( -13.97751035001000000, -19.55847025259999900, 6.860127676783999800 ) ) ;
#33 = PRODUCT_DEFINITION_FORMATION_WITH_SPECIFIED_SOURCE ( 'ANY', '', #630, .NOT_KNOWN. ) ;
#34 = CARTESIAN_POINT ( 'NONE',  ( -16.47958262210669700, -17.45746794007000000, 6.900036467719999700 ) ) ;
#35 = CARTESIAN_POINT ( 'NONE',  ( -15.05175625051635200, -14.97447311773559900, 9.916636660231031200 ) ) ;
#36 = CARTESIAN_POINT ( 'NONE',  ( -13.43083856504000200, -17.00497566033000400, 6.861126032036001000 ) ) ;
#37 = CARTESIAN_POINT ( 'NONE',  ( -13.00703654632321900, -19.52370693320100500, 6.732751591270474700 ) ) ;
#38 = EDGE_CURVE ( 'NONE', #2027, #841, #189, .T. ) ;
#39 = CARTESIAN_POINT ( 'NONE',  ( -14.46859045297230200, -18.96945174431919800, 6.500000059976613000 ) ) ;
#40 = CARTESIAN_POINT ( 'NONE',  ( -12.47913769348000200, -18.66055157118329400, 6.852446001640701400 ) ) ;
#41 = CARTESIAN_POINT ( 'NONE',  ( -16.37946993009999700, -16.77165218031999700, 6.736751149921000900 ) ) ;
#42 = VECTOR ( 'NONE', #1296, 100.0000000000000100 ) ;
#43 = DIRECTION ( 'NONE',  ( 8.592823452936393700E-016, -3.206885370685025100E-015, 1.000000000000000000 ) ) ;
#44 = CARTESIAN_POINT ( 'NONE',  ( -14.47208040264252900, -18.86951266161728900, 6.500000057163402000 ) ) ;
#45 = CARTESIAN_POINT ( 'NONE',  ( -15.44350928888570400, -14.12266874627332800, 9.158186085773953900 ) ) ;
#46 = CARTESIAN_POINT ( 'NONE',  ( -13.96315717468000300, -16.66659998647999800, 6.488001347711999300 ) ) ;
#47 = VERTEX_POINT ( 'NONE', #2035 ) ;
#48 = CARTESIAN_POINT ( 'NONE',  ( -15.28302515760520200, -16.37372963330472300, 9.507672810808001500 ) ) ;
#49 = CARTESIAN_POINT ( 'NONE',  ( -14.52968670457032200, -13.96774516708955900, 8.455215492333763900 ) ) ;
#50 = CARTESIAN_POINT ( 'NONE',  ( -13.21474781656661100, -17.38563257925127600, 6.899999996324678100 ) ) ;
#51 = CARTESIAN_POINT ( 'NONE',  ( -16.51647377160000100, -16.94925331269999800, 6.861126051024999800 ) ) ;
#52 = B_SPLINE_CURVE_WITH_KNOTS ( 'NONE', 3,
 ( #2147, #49, #1957, #1016, #2337, #1203, #58, #1391, #257, #1583, #443, #1780, #635, #1963, #832, #2155, #1024, #2347 ),
 .UNSPECIFIED., .F., .F.,
 ( 4, 2, 2, 2, 2, 2, 2, 2, 4 ),
 ( 0.0000000000000000000, 0.003375665680461398900, 0.007033054452567503800, 0.01069044322467311800, 0.01406610890513500800, 0.01744177458559687700, 0.02109916335770234100, 0.02475655212980781500, 0.02813221781027001500 ),
 .UNSPECIFIED. ) ;
#53 = CARTESIAN_POINT ( 'NONE',  ( -13.79237738047481100, -18.44604691714920700, 6.500000045243149700 ) ) ;
#54 = CARTESIAN_POINT ( 'NONE',  ( -14.56829456514401000, -16.11429953480391900, 8.178730854217146600 ) ) ;
#55 = ORIENTED_EDGE ( 'NONE', *, *, #371, .F. ) ;
#56 = CARTESIAN_POINT ( 'NONE',  ( -14.42649124200000100, -16.56704650324999800, 6.612376242486998700 ) ) ;
#57 = CARTESIAN_POINT ( 'NONE',  ( -14.63220715223461000, -14.28408250307053100, 10.22786944775569800 ) ) ;
#58 = CARTESIAN_POINT ( 'NONE',  ( -13.84929933669879200, -14.02293560797683000, 8.902690953823903200 ) ) ;
#59 = CARTESIAN_POINT ( 'NONE',  ( -15.30661456312000200, -17.65227446694190000, 6.800000000000000700 ) ) ;
#60 = CARTESIAN_POINT ( 'NONE',  ( -16.57322174609000200, -17.24049298201999400, 6.488001347711999300 ) ) ;
#61 = CARTESIAN_POINT ( 'NONE',  ( -13.82031214918434400, -17.64505206406978400, 6.500000022695728900 ) ) ;
#62 = CARTESIAN_POINT ( 'NONE',  ( -14.56829456514392100, -16.11429953480287100, 8.178730854217423700 ) ) ;
#63 = CARTESIAN_POINT ( 'NONE',  ( -13.97922285275420300, -19.50857467145999600, 6.899997398026101800 ) ) ;
#64 = CARTESIAN_POINT ( 'NONE',  ( -15.19115335064787900, -14.02153788255823300, 8.629182591649222200 ) ) ;
#65 = CARTESIAN_POINT ( 'NONE',  ( -13.03147987388000000, -19.51977900761999900, 6.488001347711999300 ) ) ;
#66 = CARTESIAN_POINT ( 'NONE',  ( -16.52671697080999600, -17.45827793142999700, 6.612376248815998300 ) ) ;
#67 = CARTESIAN_POINT ( 'NONE',  ( -14.29781730962940100, -17.19249541302847500, 6.900000000000004800 ) ) ;
#68 = CARTESIAN_POINT ( 'NONE',  ( -15.82937875924220500, -18.77786381412168000, 6.849127380303738900 ) ) ;
#69 = TOROIDAL_SURFACE ( 'NONE', #1646, 2.200000000000415800, 0.8000000000005742500 ) ;
#70 = CARTESIAN_POINT ( 'NONE',  ( -15.05090732716427300, -16.38131222828823400, 9.596591541604022200 ) ) ;
#71 = CARTESIAN_POINT ( 'NONE',  ( -13.47877811641999900, -19.51383572931000600, 6.895433249022999300 ) ) ;
#72 = CARTESIAN_POINT ( 'NONE',  ( -14.75927999125187500, -18.93235341723364200, 6.899999999999996800 ) ) ;
#73 = CARTESIAN_POINT ( 'NONE',  ( -12.88333362641000200, -19.50596885295999900, 6.612376248815998300 ) ) ;
#74 = CARTESIAN_POINT ( 'NONE',  ( -13.66898962745808900, -17.72318638367245900, 6.900000000000002100 ) ) ;
#75 = SURFACE_SIDE_STYLE ('',( #2095 ) ) ;
#76 = CARTESIAN_POINT ( 'NONE',  ( -15.20165832736586100, -18.64628773941672400, 6.500000053220096800 ) ) ;
#77 = CARTESIAN_POINT ( 'NONE',  ( -15.34187396274317900, -18.38956378272648000, 6.899999999999997700 ) ) ;
#78 = CARTESIAN_POINT ( 'NONE',  ( -12.67907491061000000, -19.41524773462999700, 6.736751149921000900 ) ) ;
#79 = CARTESIAN_POINT ( 'NONE',  ( -13.67880683129707200, -18.43949139627211400, 6.900000000000004800 ) ) ;
#80 = EDGE_LOOP ( 'NONE', ( #370, #1041 ) ) ;
#81 = MECHANICAL_DESIGN_GEOMETRIC_PRESENTATION_REPRESENTATION (  '', ( #2021 ), #211 ) ;
#82 = ORIENTED_EDGE ( 'NONE', *, *, #2409, .F. ) ;
#83 = DIRECTION ( 'NONE',  ( 0.0000000000000000000, -1.000000000000000000, -2.495548767716676700E-015 ) ) ;
#84 = EDGE_CURVE ( 'NONE', #2027, #722, #1065, .T. ) ;
#85 = ORIENTED_EDGE ( 'NONE', *, *, #95, .T. ) ;
#86 = CARTESIAN_POINT ( 'NONE',  ( -15.29517836210145300, -17.64741877711668400, 6.900000000000002100 ) ) ;
#87 = CARTESIAN_POINT ( 'NONE',  ( -12.52116801178999900, -19.25594416861000400, 6.861126051024999800 ) ) ;
#88 = CARTESIAN_POINT ( 'NONE',  ( -14.34992375654784700, -18.95935621818335500, 6.900000000000000400 ) ) ;
#89 = B_SPLINE_SURFACE_WITH_KNOTS ( 'NONE', 3, 3, ( 
 ( #753, #347, #2268, #1133 ),
 ( #2458, #1323, #182, #1507 ),
 ( #378, #1709, #563, #2015 ),
 ( #1484, #158, #2432, #1299 ),
 ( #1111, #922, #2245, #2053 ),
 ( #1867, #726, #528, #1675 ),
 ( #346, #1475, #1288, #145 ),
 ( #2423, #2233, #1100, #911 ),
 ( #2041, #1853, #718, #518 ),
 ( #334, #1665, #1465, #136 ) ),
 .UNSPECIFIED., .F., .F., .F.,
 ( 4, 1, 1, 1, 1, 1, 1, 4 ),
 ( 4, 4 ),
 ( -0.01020195370450000100, 0.2196056929750000200, 0.4494133396540001000, 0.6792209863340001900, 0.9090286330140002800, 1.138836279693000100, 1.368643926373000400, 1.598451573052000100 ),
 ( -0.07000810204480000000, 14.92908520428000200 ),
 .UNSPECIFIED. ) ;
#90 = CARTESIAN_POINT ( 'NONE',  ( -14.59082596772838500, -17.17262311737397700, 6.900000000000002100 ) ) ;
#91 = CARTESIAN_POINT ( 'NONE',  ( -12.42885425831000000, -18.97395294769999900, 6.488001347711999300 ) ) ;
#92 = CARTESIAN_POINT ( 'NONE',  ( -15.42602338897749400, -14.23285308556725300, 9.780393986266320300 ) ) ;
#93 = LINE ( 'NONE', #1317, #1097 ) ;
#94 = FACE_OUTER_BOUND ( 'NONE', #1440, .T. ) ;
#95 = EDGE_CURVE ( 'NONE', #1162, #1650, #1320, .T. ) ;
#96 = CARTESIAN_POINT ( 'NONE',  ( -14.54994652090998900, -16.61475521694923400, 6.900000000000000400 ) ) ;
#97 = CARTESIAN_POINT ( 'NONE',  ( -14.79575326866559200, -14.27241719218082800, 10.12938263774264400 ) ) ;
#98 = CARTESIAN_POINT ( 'NONE',  ( -12.44808130749999900, -18.75208972249999900, 6.612376248815998300 ) ) ;
#99 = EDGE_LOOP ( 'NONE', ( #1861, #417, #1603, #1046 ) ) ;
#100 = CARTESIAN_POINT ( 'NONE',  ( -14.47208040264252900, -18.86951266161728900, 6.500000057163402000 ) ) ;
#101 = ORIENTED_EDGE ( 'NONE', *, *, #293, .F. ) ;
#102 = CARTESIAN_POINT ( 'NONE',  ( -16.52271544646165300, -16.96125784037741000, 6.849127379370499600 ) ) ;
#103 = B_SPLINE_SURFACE_WITH_KNOTS ( 'NONE', 3, 3, ( 
 ( #150, #903, #1478, #350, #1679, #534, #1871, #732, #2059, #927, #2250, #1118, #2438, #1304, #164, #1489, #358, #1692 ),
 ( #545, #1882, #744, #2070, #941, #2262, #1128, #2450, #1316, #176, #1500, #369, #1703, #556, #1893, #758, #2083, #952 ),
 ( #2272, #1137, #2462, #1327, #187, #1512, #382, #1714, #567, #1903, #768, #2092, #960, #2280, #1147, #2469, #1336, #196 ),
 ( #1521, #393, #1724, #576, #1909, #779, #2101, #969, #2289, #1158, #8, #1343, #208, #1530, #401, #1734, #587, #1920 ) ),
 .UNSPECIFIED., .F., .F., .F.,
 ( 4, 4 ),
 ( 4, 2, 2, 2, 2, 2, 2, 2, 4 ),
 ( 0.0000000000000000000, 1.121772745567683800 ),
 ( 80.00000000000000000, 101.5987174058220000, 124.9999999999940200, 148.4012825941669600, 169.9999999999930100, 191.5987174058240300, 214.9999999999990100, 238.4012825941689800, 260.0000000000000000 ),
 .UNSPECIFIED. ) ;
#104 = CARTESIAN_POINT ( 'NONE',  ( -13.59658723230380200, -18.15201932184109900, 6.800000000000000700 ) ) ;
#105 = CARTESIAN_POINT ( 'NONE',  ( -12.50644780095000100, -18.61469196045000600, 6.736751149921000900 ) ) ;
#106 = B_SPLINE_SURFACE_WITH_KNOTS ( 'NONE', 3, 3, ( 
 ( #977, #786, #2037, #1169 ),
 ( #18, #1353, #219, #1542 ),
 ( #410, #1745, #600, #1929 ),
 ( #796, #2121, #991, #2308 ),
 ( #1178, #29, #1363, #228 ),
 ( #1553, #421, #1758, #610 ),
 ( #1941, #806, #2131, #1001 ),
 ( #2322, #1189, #41, #1376 ),
 ( #240, #1566, #428, #1766 ),
 ( #621, #1949, #816, #2141 ),
 ( #1010, #2330, #1197, #51 ),
 ( #1384, #250, #1576, #437 ),
 ( #1774, #629, #1959, #823 ),
 ( #2149, #1018, #2339, #1205 ),
 ( #60, #1393, #259, #1585 ),
 ( #444, #1781, #636, #1964 ),
 ( #833, #2156, #1025, #2348 ),
 ( #1210, #66, #1399, #267 ),
 ( #1635, #492, #1831, #689 ),
 ( #2011, #883, #2207, #1070 ) ),
 .UNSPECIFIED., .F., .F., .F.,
 ( 4, 1, 1, 1, 1, 1, 1, 1, 1, 1, 1, 1, 1, 1, 1, 1, 1, 4 ),
 ( 4, 4 ),
 ( 2.088187795290000500, 2.212117778619000500, 2.336047761948999700, 2.459977745278000100, 2.583907728607000900, 2.707837711937001000, 2.831767695265999600, 2.955697678596000100, 3.079627661925000000, 3.203557645255000500, 3.327487628584000000, 3.451417611912999600, 3.575347595242999600, 3.699277578572000500, 3.823207561902000500, 3.947137545231000900, 4.071067528560000400, 4.194997511889998700 ),
 ( 343.6197832617000400, 347.3510302948000100 ),
 .UNSPECIFIED. ) ;
#107 = EDGE_CURVE ( 'NONE', #277, #1290, #1508, .T. ) ;
#108 = CARTESIAN_POINT ( 'NONE',  ( -14.44930179885780300, -19.54714578268404400, 6.895433249022999300 ) ) ;
#109 = CARTESIAN_POINT ( 'NONE',  ( -15.37017350089390000, -18.32628085443629800, 6.800000000000000700 ) ) ;
#110 = CARTESIAN_POINT ( 'NONE',  ( -15.27921404778295900, -19.35219717077606900, 6.500000072772493800 ) ) ;
#111 = CARTESIAN_POINT ( 'NONE',  ( -14.09008737505413000, -17.26060366801518600, 6.500000012099947700 ) ) ;
#112 = B_SPLINE_CURVE_WITH_KNOTS ( 'NONE', 3,
 ( #1834, #717, #1099, #2422, #1287, #144, #1474, #345, #1674, #527, #1866, #725, #2052, #921, #2244, #1110, #2431, #1298, #157, #1483 ),
 .UNSPECIFIED., .F., .F.,
 ( 4, 2, 2, 2, 2, 2, 2, 2, 2, 4 ),
 ( 0.0000000000000000000, 0.004161148227575113200, 0.006241722341362640300, 0.008322296455150167400, 0.009362583512043930500, 0.01040287056893769500, 0.01248344468272522200, 0.01456401879651275000, 0.01560430585340651300, 0.01664459291030027600 ),
 .UNSPECIFIED. ) ;
#113 = LINE ( 'NONE', #1888, #569 ) ;
#114 = CARTESIAN_POINT ( 'NONE',  ( -15.24208381814890200, -17.54613619971999600, 6.426075751477439400 ) ) ;
#115 = EDGE_LOOP ( 'NONE', ( #166, #1607, #2228, #2320 ) ) ;
#116 = CARTESIAN_POINT ( 'NONE',  ( -13.76210236455394800, -18.59835293161932100, 6.500000047797017900 ) ) ;
#117 = CARTESIAN_POINT ( 'NONE',  ( -12.53690448852796100, -18.65863235247888200, 6.900000000000000400 ) ) ;
#118 = CARTESIAN_POINT ( 'NONE',  ( -14.53140954703680000, -17.17054825568480000, 6.052151502954878000 ) ) ;
#119 = CARTESIAN_POINT ( 'NONE',  ( -14.96792304666895200, -17.37514197658265800, 6.800000000000114400 ) ) ;
#120 = CARTESIAN_POINT ( 'NONE',  ( -15.31884953284000200, -19.32984810955000300, 6.488001347711999300 ) ) ;
#121 = CARTESIAN_POINT ( 'NONE',  ( -14.47208040264252900, -18.86951266161728200, 6.699666671660462900 ) ) ;
#122 = CARTESIAN_POINT ( 'NONE',  ( -15.02326165251052700, -18.80461469931232400, 6.500000055336570000 ) ) ;
#123 = EDGE_LOOP ( 'NONE', ( #2443, #2415 ) ) ;
#124 = CARTESIAN_POINT ( 'NONE',  ( -15.02386380028649900, -18.81208381814639800, 6.052151502954878000 ) ) ;
#125 = ORIENTED_EDGE ( 'NONE', *, *, #1115, .F. ) ;
#126 = CARTESIAN_POINT ( 'NONE',  ( -15.29818024895448200, -18.28434794297162500, 6.699666671461429200 ) ) ;
#127 = CARTESIAN_POINT ( 'NONE',  ( -15.76666976272000100, -18.88631541941000300, 6.736751137261000700 ) ) ;
#128 = CARTESIAN_POINT ( 'NONE',  ( -13.00698849815851700, -19.52510686731950800, 6.860290307308971200 ) ) ;
#129 = CARTESIAN_POINT ( 'NONE',  ( -14.63284754492983100, -14.26574405564713300, 10.12956232063261000 ) ) ;
#130 = PLANE ( 'NONE',  #1711 ) ;
#131 = CARTESIAN_POINT ( 'NONE',  ( -15.35212191308922100, -16.20191936615109200, 8.520205967835680700 ) ) ;
#132 = CARTESIAN_POINT ( 'NONE',  ( -15.39734468488678200, -18.16064821880678100, 6.500000037209383100 ) ) ;
#133 = ADVANCED_FACE ( 'NONE', ( #2273 ), #89, .T. ) ;
#134 = CARTESIAN_POINT ( 'NONE',  ( -15.40341276771000200, -17.98798067816289500, 5.678227254432317600 ) ) ;
#135 = CARTESIAN_POINT ( 'NONE',  ( -14.57322426395538400, -18.87304087697765800, 6.599333342923320500 ) ) ;
#136 = CARTESIAN_POINT ( 'NONE',  ( -16.02186018352670200, -16.61526353216329400, 6.848617413939302300 ) ) ;
#137 = CARTESIAN_POINT ( 'NONE',  ( -12.75961031155123800, -19.46595299036060900, 6.849127379370542300 ) ) ;
#138 = CARTESIAN_POINT ( 'NONE',  ( -14.70828509205579800, -17.29755036030060800, 6.500000012913808700 ) ) ;
#139 = CARTESIAN_POINT ( 'NONE',  ( -13.86240145780846300, -16.29865708294769200, 9.363351357775048500 ) ) ;
#140 = FACE_OUTER_BOUND ( 'NONE', #1954, .T. ) ;
#141 = CARTESIAN_POINT ( 'NONE',  ( -14.37093680683071600, -18.86597684331690100, 6.599333343320616900 ) ) ;
#142 = CARTESIAN_POINT ( 'NONE',  ( -15.11818841240439500, -17.41321218943453200, 6.500000016169601700 ) ) ;
#143 = CARTESIAN_POINT ( 'NONE',  ( -12.83169954304807800, -17.99863605456615900, 6.849127379869591100 ) ) ;
#144 = CARTESIAN_POINT ( 'NONE',  ( -13.63151532058629000, -16.84501882452009600, 6.499999999409992800 ) ) ;
#145 = CARTESIAN_POINT ( 'NONE',  ( -16.02171707404999900, -16.61943317838000000, 6.871117638200999500 ) ) ;
#146 = CARTESIAN_POINT ( 'NONE',  ( -12.49277795887099500, -18.63513598360977900, 6.849127380997130000 ) ) ;
#147 = PRODUCT_RELATED_PRODUCT_CATEGORY ( 'part', '', ( #630 ) ) ;
#148 = ORIENTED_EDGE ( 'NONE', *, *, #1548, .T. ) ;
#149 = CARTESIAN_POINT ( 'NONE',  ( -15.23995142277600800, -17.76495028221392800, 6.500000026070770400 ) ) ;
#150 = CARTESIAN_POINT ( 'NONE',  ( -14.46859045297230200, -18.96945174431919800, 6.800000000000000700 ) ) ;
#151 = ADVANCED_FACE ( 'NONE', ( #309 ), #1751, .T. ) ;
#152 = EDGE_LOOP ( 'NONE', ( #1764, #2172, #3, #909 ) ) ;
#153 = EDGE_CURVE ( 'NONE', #540, #294, #1966, .T. ) ;
#154 = CARTESIAN_POINT ( 'NONE',  ( -13.68881192136913700, -18.22814756257696800, 6.499000014981238100 ) ) ;
#155 = CARTESIAN_POINT ( 'NONE',  ( -16.16830045695191800, -18.14136394543353600, 6.849127379869591100 ) ) ;
#156 = CARTESIAN_POINT ( 'NONE',  ( -15.99282410210522100, -16.62035322530437800, 6.500000001663091000 ) ) ;
#157 = CARTESIAN_POINT ( 'NONE',  ( -14.51629752309571400, -16.56967668078691200, 6.499999994396231000 ) ) ;
#158 = CARTESIAN_POINT ( 'NONE',  ( -15.02154632431000000, -16.60901454024000000, 6.895433249022999300 ) ) ;
#159 = ADVANCED_FACE ( 'NONE', ( #264 ), #1825, .T. ) ;
#160 = CARTESIAN_POINT ( 'NONE',  ( -16.56237456632965900, -17.10867259958903500, 6.500000014998581900 ) ) ;
#161 = CARTESIAN_POINT ( 'NONE',  ( -16.03465010983000400, -18.35341373797999900, 6.889247048010001400 ) ) ;
#162 = CARTESIAN_POINT ( 'NONE',  ( -14.42400994100199100, -17.16679772535138000, 8.458881141845740400 ) ) ;
#163 = CARTESIAN_POINT ( 'NONE',  ( -15.11905576742210900, -18.57894346007072900, 6.500000048984092300 ) ) ;
#164 = CARTESIAN_POINT ( 'NONE',  ( -14.08227446694440000, -17.26338543688820000, 6.800000000000000700 ) ) ;
#165 = ORIENTED_EDGE ( 'NONE', *, *, #38, .F. ) ;
#166 = ORIENTED_EDGE ( 'NONE', *, *, #712, .F. ) ;
#167 = CARTESIAN_POINT ( 'NONE',  ( -14.36497932761430700, -17.26480347032883200, 6.800000000000092200 ) ) ;
#168 = CARTESIAN_POINT ( 'NONE',  ( -14.68941992774913200, -18.95790221974968000, 8.458881191652050500 ) ) ;
#169 = CARTESIAN_POINT ( 'NONE',  ( -14.51665038299194400, -14.69328596970773900, 8.428827307946422200 ) ) ;
#170 = CARTESIAN_POINT ( 'NONE',  ( -14.46777609700000200, -19.57037158128000000, 6.488001347711999300 ) ) ;
#171 = CARTESIAN_POINT ( 'NONE',  ( -16.50352938840574900, -17.50289776311282000, 6.871117638202001400 ) ) ;
#172 = CARTESIAN_POINT ( 'NONE',  ( -16.23685224137898300, -16.68089798966410300, 6.500000002354718200 ) ) ;
#173 = CARTESIAN_POINT ( 'NONE',  ( -15.81531219912000100, -18.80305240940000300, 6.860127676785998200 ) ) ;
#174 = CARTESIAN_POINT ( 'NONE',  ( -13.98200391886030200, -17.32244444524048200, 6.500000013484799900 ) ) ;
#175 = DIRECTION ( 'NONE',  ( 0.0000000000000000000, 0.0000000000000000000, -1.000000000000000000 ) ) ;
#176 = CARTESIAN_POINT ( 'NONE',  ( -13.60450927907000100, -17.92516158409840100, 6.426075751477439400 ) ) ;
#177 = DIRECTION ( 'NONE',  ( -0.03436929493106020300, 0.9842078347379008600, 0.1736481776652858400 ) ) ;
#178 = CARTESIAN_POINT ( 'NONE',  ( -15.11379852406326300, -18.72821833145923500, 6.500000055212843200 ) ) ;
#179 = CARTESIAN_POINT ( 'NONE',  ( -13.83414096130080600, -14.06646836587482100, 9.158186085774682200 ) ) ;
#180 = CARTESIAN_POINT ( 'NONE',  ( -15.48576788988963100, -19.21725458590042000, 6.849127378788992400 ) ) ;
#181 = CARTESIAN_POINT ( 'NONE',  ( -14.63220715223465600, -14.28408250307057500, 10.22786944775594100 ) ) ;
#182 = CARTESIAN_POINT ( 'NONE',  ( -15.52058407634670300, -16.64474745988329800, 6.900036467719999700 ) ) ;
#183 = LINE ( 'NONE', #815, #1705 ) ;
#184 = DIRECTION ( 'NONE',  ( 0.03436929493110865000, -0.9842078347378983000, -0.1736481776652911400 ) ) ;
#185 = CARTESIAN_POINT ( 'NONE',  ( -13.72561216495293800, -17.59445521373066500, 7.152960397321981700 ) ) ;
#186 = CARTESIAN_POINT ( 'NONE',  ( -13.66470858812291100, -16.20127892262894800, 8.850557126550368600 ) ) ;
#187 = CARTESIAN_POINT ( 'NONE',  ( -13.92564715523440300, -18.77373324783249900, 6.052151502954878000 ) ) ;
#188 = CARTESIAN_POINT ( 'NONE',  ( -13.66468245811684100, -16.20202718810316600, 8.854803337619207700 ) ) ;
#189 = B_SPLINE_CURVE_WITH_KNOTS ( 'NONE', 3,
 ( #1645, #326, #128, #1455, #1272, #700, #320, #1656, #509, #1845 ),
 .UNSPECIFIED., .F., .F.,
 ( 4, 1, 1, 1, 1, 1, 1, 4 ),
 ( 0.0000000000000000000, 0.1382689154214062600, 0.2829613492470421900, 0.4276537830720481000, 0.5723462168976839500, 0.7170386507233196300, 0.8617310845483257000, 1.000000000000000000 ),
 .UNSPECIFIED. ) ;
#190 = CARTESIAN_POINT ( 'NONE',  ( -15.32473801928410100, -18.43028764008265300, 7.152960424776856600 ) ) ;
#191 = CARTESIAN_POINT ( 'NONE',  ( -14.55799216733812400, -16.40932160781105900, 9.852904034338687100 ) ) ;
#192 = CARTESIAN_POINT ( 'NONE',  ( -14.21228404934020200, -17.21671858073886700, 6.500000010638450100 ) ) ;
#193 = CARTESIAN_POINT ( 'NONE',  ( -15.99296345367674700, -16.61629306679899900, 6.732751591270486300 ) ) ;
#194 = CARTESIAN_POINT ( 'NONE',  ( -13.60434555034894700, -17.92985001868279600, 7.805920783280730500 ) ) ;
#195 = CARTESIAN_POINT ( 'NONE',  ( -14.44847802022713200, -19.57114744546470300, 6.616375792929615900 ) ) ;
#196 = CARTESIAN_POINT ( 'NONE',  ( -14.53140954703680000, -17.17054825568480000, 6.052151502954878000 ) ) ;
#197 = CARTESIAN_POINT ( 'NONE',  ( -14.19710826180140000, -13.97497580206778000, 8.562023029460181800 ) ) ;
#198 = CARTESIAN_POINT ( 'NONE',  ( -15.39945174059521800, -18.10140951127226900, 7.805920793104421700 ) ) ;
#199 = CARTESIAN_POINT ( 'NONE',  ( -15.03839700320999700, -19.47746290338999800, 6.736751137261000700 ) ) ;
#200 = B_SPLINE_CURVE_WITH_KNOTS ( 'NONE', 3,
 ( #1616, #1814, #1247, #108, #1436, #306, #1628, #487, #1826, #683 ),
 .UNSPECIFIED., .F., .F.,
 ( 4, 1, 1, 1, 1, 1, 1, 4 ),
 ( 0.0000000000000000000, 0.1382689154512796700, 0.2829613492763029000, 0.4276537831019556800, 0.5723462169276085600, 0.7170386507526314000, 0.8617310845782844000, 1.000000000000000000 ),
 .UNSPECIFIED. ) ;
#201 = CARTESIAN_POINT ( 'NONE',  ( -13.31960718880734400, -17.12416479823961900, 6.849127378789019900 ) ) ;
#202 = CARTESIAN_POINT ( 'NONE',  ( -13.63903868579881600, -17.80613275809246300, 6.500000027230032500 ) ) ;
#203 = VERTEX_POINT ( 'NONE', #191 ) ;
#204 = CARTESIAN_POINT ( 'NONE',  ( -12.45625046457412400, -18.73038531132201700, 6.500000047684004300 ) ) ;
#205 = CARTESIAN_POINT ( 'NONE',  ( -13.61648223546010400, -18.27173427747230500, 8.458881169798100800 ) ) ;
#206 = ORIENTED_EDGE ( 'NONE', *, *, #1693, .F. ) ;
#207 = CARTESIAN_POINT ( 'NONE',  ( -14.64311557344150900, -13.97170619047342700, 8.455215492333700000 ) ) ;
#208 = CARTESIAN_POINT ( 'NONE',  ( -13.79626675217399900, -17.49564715523189300, 5.678227254432317600 ) ) ;
#209 = CARTESIAN_POINT ( 'NONE',  ( -14.51877828336344000, -14.28012147968682800, 10.22786944775644700 ) ) ;
#210 = CARTESIAN_POINT ( 'NONE',  ( -15.34786139174071100, -17.76812074714193200, 8.458881160950561200 ) ) ;
#211 =( GEOMETRIC_REPRESENTATION_CONTEXT ( 3 ) GLOBAL_UNCERTAINTY_ASSIGNED_CONTEXT ( ( #1796 ) ) GLOBAL_UNIT_ASSIGNED_CONTEXT ( ( #858, #2185, #1050 ) ) REPRESENTATION_CONTEXT ( 'NONE', 'WORKASPACE' ) );
#212 = CARTESIAN_POINT ( 'NONE',  ( -16.50184298442768200, -17.50199979159513200, 6.500000010195698500 ) ) ;
#213 = CARTESIAN_POINT ( 'NONE',  ( -13.71904975289471900, -18.51830729801472600, 6.500000047277225700 ) ) ;
#214 = CARTESIAN_POINT ( 'NONE',  ( -12.53382308235611100, -19.26441987376238500, 6.500000062529768900 ) ) ;
#215 = CARTESIAN_POINT ( 'NONE',  ( -14.75876957344273100, -17.20091369858474900, 6.500000012374679100 ) ) ;
#216 = EDGE_CURVE ( 'NONE', #47, #1240, #373, .T. ) ;
#217 = CARTESIAN_POINT ( 'NONE',  ( -13.84178166854725100, -18.68379852405824000, 6.500000050364400600 ) ) ;
#218 = CARTESIAN_POINT ( 'NONE',  ( -12.51364840354000100, -18.67892773575000100, 6.899230593224002600 ) ) ;
#219 = CARTESIAN_POINT ( 'NONE',  ( -15.99344940421000100, -16.61572421911000000, 6.736751149921000900 ) ) ;
#220 = FACE_OUTER_BOUND ( 'NONE', #1367, .T. ) ;
#221 = CARTESIAN_POINT ( 'NONE',  ( -15.07331139805578100, -17.36514993729707600, 6.500000017770310600 ) ) ;
#222 = CARTESIAN_POINT ( 'NONE',  ( -15.99177232135948400, -16.65099796840700100, 6.900000000000376900 ) ) ;
#223 = CARTESIAN_POINT ( 'NONE',  ( -14.46859045297230200, -18.96945174431919800, 6.500000059976615700 ) ) ;
#224 = CARTESIAN_POINT ( 'NONE',  ( -13.23698670292999900, -17.25604101900000100, 6.488001347711999300 ) ) ;
#225 = CARTESIAN_POINT ( 'NONE',  ( -14.55166352201996100, -16.56472857127388600, 6.852786849251121900 ) ) ;
#226 = CARTESIAN_POINT ( 'NONE',  ( -14.13971234017845400, -18.89473800326503600, 7.152960434111949300 ) ) ;
#227 = CARTESIAN_POINT ( 'NONE',  ( -12.72320839210999700, -18.22408254420999900, 6.880997255274000000 ) ) ;
#228 = CARTESIAN_POINT ( 'NONE',  ( -16.18954827482999500, -16.65231241287000000, 6.861126051024999800 ) ) ;
#229 = APPLICATION_CONTEXT ( 'automotive_design' ) ;
#230 = ORIENTED_EDGE ( 'NONE', *, *, #235, .F. ) ;
#231 = CARTESIAN_POINT ( 'NONE',  ( -14.75876957157831300, -17.20091368070376300, 7.152960389495055100 ) ) ;
#232 = CARTESIAN_POINT ( 'NONE',  ( -12.97815923146000100, -19.52417079169000400, 6.860127676783999800 ) ) ;
#233 = CARTESIAN_POINT ( 'NONE',  ( -16.00961126731999700, -18.34008112646000300, 6.900036467719999700 ) ) ;
#234 = CARTESIAN_POINT ( 'NONE',  ( -15.25565492067049400, -16.35267129518181800, 9.393735043709332500 ) ) ;
#235 = EDGE_CURVE ( 'NONE', #1235, #2341, #1253, .T. ) ;
#236 = CARTESIAN_POINT ( 'NONE',  ( -13.55167061083000000, -16.90169176744000300, 6.612376242486998700 ) ) ;
#237 = CARTESIAN_POINT ( 'NONE',  ( -13.00717589789519300, -19.51964677469563000, 6.500000025286634100 ) ) ;
#238 = CARTESIAN_POINT ( 'NONE',  ( -14.46859044924346800, -18.96945170855722700, 7.805920814217394400 ) ) ;
#239 = CARTESIAN_POINT ( 'NONE',  ( -12.94910904826000200, -17.77793838479329800, 6.852446001640701400 ) ) ;
#240 = CARTESIAN_POINT ( 'NONE',  ( -16.42846568197999700, -16.82826510767000300, 6.488001347711999300 ) ) ;
#241 = B_SPLINE_CURVE_WITH_KNOTS ( 'NONE', 3,
 ( #270, #1377, #1974, #842, #2166, #1035 ),
 .UNSPECIFIED., .F., .F.,
 ( 4, 2, 4 ),
 ( 0.0000000000000000000, 0.5000000000000000000, 1.000000000000000000 ),
 .UNSPECIFIED. ) ;
#242 = CARTESIAN_POINT ( 'NONE',  ( -13.02775681357000400, -18.91999999999999500, 6.850000000000003200 ) ) ;
#243 = EDGE_LOOP ( 'NONE', ( #1218, #1082, #1260, #1988 ) ) ;
#244 = CARTESIAN_POINT ( 'NONE',  ( -14.36754747348843300, -18.86061248462157300, 6.500000056912867300 ) ) ;
#245 = CARTESIAN_POINT ( 'NONE',  ( -15.23255573079995200, -15.47453969044613800, 8.568175842920702200 ) ) ;
#246 = CARTESIAN_POINT ( 'NONE',  ( -13.96160299679000100, -16.66253709660999900, 6.736751137261000700 ) ) ;
#247 = CARTESIAN_POINT ( 'NONE',  ( -15.44013051881906900, -16.32297397021344000, 9.188903431763433700 ) ) ;
#248 = DIRECTION ( 'NONE',  ( -0.0000000000000000000, -0.0000000000000000000, 1.000000000000000000 ) ) ;
#249 = CARTESIAN_POINT ( 'NONE',  ( -15.15821833146174800, -17.45620147594574700, 6.500000020506161200 ) ) ;
#250 = CARTESIAN_POINT ( 'NONE',  ( -16.54166040352999900, -17.02004604205999500, 6.612376248815998300 ) ) ;
#251 = ORIENTED_EDGE ( 'NONE', *, *, #1115, .T. ) ;
#252 = CARTESIAN_POINT ( 'NONE',  ( -13.73217820587238900, -18.29969267962971500, 6.500000041123381100 ) ) ;
#253 = CARTESIAN_POINT ( 'NONE',  ( -14.61779413460504200, -14.69681732641960400, 8.428823561947462300 ) ) ;
#254 = CARTESIAN_POINT ( 'NONE',  ( -14.42627873929999900, -16.56270169190999700, 6.861126032036001000 ) ) ;
#255 = CARTESIAN_POINT ( 'NONE',  ( -14.85795551038078300, -14.28824529924657900, 10.20678223947224300 ) ) ;
#256 = EDGE_CURVE ( 'NONE', #2390, #2353, #2388, .T. ) ;
#257 = CARTESIAN_POINT ( 'NONE',  ( -13.73889744301335000, -14.07678808336366000, 9.229768751036607100 ) ) ;
#258 = CARTESIAN_POINT ( 'NONE',  ( -15.07435284477460000, -17.36626675217149800, 6.800000000000000700 ) ) ;
#259 = CARTESIAN_POINT ( 'NONE',  ( -16.57757229006999800, -17.24064133276999300, 6.736751149921000900 ) ) ;
#260 = TOROIDAL_SURFACE ( 'NONE', #495, 0.5561016563226853800, 0.05000000000016177600 ) ;
#261 = CARTESIAN_POINT ( 'NONE',  ( -13.91630012373501100, -17.52077857370877100, 6.500000019197512900 ) ) ;
#262 = CARTESIAN_POINT ( 'NONE',  ( -14.77743912750263200, -16.12522090558461200, 8.199236382062503400 ) ) ;
#263 = CARTESIAN_POINT ( 'NONE',  ( -12.97987173420420100, -19.47427521055830000, 6.899997398026101800 ) ) ;
#264 = FACE_OUTER_BOUND ( 'NONE', #152, .T. ) ;
#265 = CARTESIAN_POINT ( 'NONE',  ( -14.86860440191556900, -13.98330094407863000, 8.476302700617733200 ) ) ;
#266 = CARTESIAN_POINT ( 'NONE',  ( -13.03150682548000300, -19.52412086791999700, 6.736751149921000900 ) ) ;
#267 = CARTESIAN_POINT ( 'NONE',  ( -16.53071638597999600, -17.45999662831999900, 6.861126051024999800 ) ) ;
#268 = CARTESIAN_POINT ( 'NONE',  ( -14.21228711902646500, -17.21671629281509700, 6.900000000000004800 ) ) ;
#269 = AXIS2_PLACEMENT_3D ( 'NONE', #1733, #586, #1919 ) ;
#270 = CARTESIAN_POINT ( 'NONE',  ( -15.78525218343338200, -18.75436742074869700, 6.899999996324678100 ) ) ;
#271 = CARTESIAN_POINT ( 'NONE',  ( -14.76799512377125000, -16.39566178852564300, 9.733917731192164500 ) ) ;
#272 = ORIENTED_EDGE ( 'NONE', *, *, #466, .F. ) ;
#273 = CARTESIAN_POINT ( 'NONE',  ( -14.47779400122000100, -19.55790258048000400, 6.889247048010001400 ) ) ;
#274 = CARTESIAN_POINT ( 'NONE',  ( -14.87058451944250100, -18.89227786949498300, 6.899999999999996800 ) ) ;
#275 = CARTESIAN_POINT ( 'NONE',  ( -12.88229190306000000, -19.51019544182000200, 6.861126051024999800 ) ) ;
#276 = CARTESIAN_POINT ( 'NONE',  ( -13.63903716347127000, -17.80612904889092400, 6.899999999999999500 ) ) ;
#277 = VERTEX_POINT ( 'NONE', #212 ) ;
#278 = EDGE_LOOP ( 'NONE', ( #1282, #588 ) ) ;
#279 =( LENGTH_UNIT ( ) NAMED_UNIT ( * ) SI_UNIT ( .CENTI., .METRE. ) );
#280 = CARTESIAN_POINT ( 'NONE',  ( -15.32473802114851200, -18.43028765796362800, 6.500000047656477900 ) ) ;
#281 = CARTESIAN_POINT ( 'NONE',  ( -15.36922042313159100, -18.30527427265537800, 6.899999999999997700 ) ) ;
#282 = CARTESIAN_POINT ( 'NONE',  ( -12.62345683791000200, -19.36512551152999600, 6.488001347711999300 ) ) ;
#283 = CARTESIAN_POINT ( 'NONE',  ( -13.71905078274056300, -18.51831254576918800, 6.900000000000003000 ) ) ;
#284 = CARTESIAN_POINT ( 'NONE',  ( -12.49636388735335200, -18.63704540863354700, 6.616375793123364000 ) ) ;
#285 = CARTESIAN_POINT ( 'NONE',  ( -15.23469009052290900, -17.54687177524372300, 6.899999999999996800 ) ) ;
#286 = CARTESIAN_POINT ( 'NONE',  ( -12.48742364740000000, -19.18880777885000200, 6.612376248815998300 ) ) ;
#287 = CARTESIAN_POINT ( 'NONE',  ( -14.46859045183017000, -18.96945173336540700, 6.900000000000000400 ) ) ;
#288 = ORIENTED_EDGE ( 'NONE', *, *, #597, .F. ) ;
#289 = CARTESIAN_POINT ( 'NONE',  ( -14.53140954703646400, -17.17054825568508400, 6.799999999999879900 ) ) ;
#290 = CARTESIAN_POINT ( 'NONE',  ( -12.42451874272999700, -18.97434351848999900, 6.736751149921000900 ) ) ;
#291 = CARTESIAN_POINT ( 'NONE',  ( -15.53642528266301100, -14.17900061018054500, 9.453316189054298500 ) ) ;
#292 = DIRECTION ( 'NONE',  ( 1.000000000000000000, 0.0000000000000000000, 0.0000000000000000000 ) ) ;
#293 = EDGE_CURVE ( 'NONE', #1753, #642, #1248, .T. ) ;
#294 = VERTEX_POINT ( 'NONE', #23 ) ;
#295 = CARTESIAN_POINT ( 'NONE',  ( -14.41798067816540100, -17.16658723230129300, 6.800000000000000700 ) ) ;
#296 = CARTESIAN_POINT ( 'NONE',  ( -12.44390011250000000, -18.75087858695000200, 6.861126051024999800 ) ) ;
#297 = CARTESIAN_POINT ( 'NONE',  ( -14.52791959736637600, -17.27048733838699600, 6.799999999999919000 ) ) ;
#298 = CARTESIAN_POINT ( 'NONE',  ( -16.56998231606692700, -17.10741604407684900, 6.849127379370488100 ) ) ;
#299 = EDGE_LOOP ( 'NONE', ( #859, #55, #1608, #1011 ) ) ;
#300 = CARTESIAN_POINT ( 'NONE',  ( -13.69338543689069900, -18.48772553306209300, 6.800000000000000700 ) ) ;
#301 = CARTESIAN_POINT ( 'NONE',  ( -14.64483841590809900, -17.17450927906839900, 6.800000000000000700 ) ) ;
#302 = DIRECTION ( 'NONE',  ( 0.8825321059033461900, 0.4699281812783695500, -0.01745240643031851700 ) ) ;
#303 = VECTOR ( 'NONE', #435, 100.0000000000000000 ) ;
#304 = CARTESIAN_POINT ( 'NONE',  ( -14.52791959736651400, -17.27048733838671500, 6.649500007192508600 ) ) ;
#305 = B_SPLINE_CURVE_WITH_KNOTS ( 'NONE', 3,
 ( #1335, #575, #778, #2100 ),
 .UNSPECIFIED., .F., .F.,
 ( 4, 4 ),
 ( 0.0000000000000000000, 1.000000000000000000 ),
 .UNSPECIFIED. ) ;
#306 = CARTESIAN_POINT ( 'NONE',  ( -14.44868848089835800, -19.56501545093404100, 6.880997255274000000 ) ) ;
#307 = CARTESIAN_POINT ( 'NONE',  ( -15.20373324784000100, -18.64435284477209700, 6.800000000000000700 ) ) ;
#308 = CARTESIAN_POINT ( 'NONE',  ( -15.36669904576781700, -19.29476594248479400, 6.500000071449574300 ) ) ;
#309 = FACE_OUTER_BOUND ( 'NONE', #1577, .T. ) ;
#310 = CARTESIAN_POINT ( 'NONE',  ( -13.88620147594826200, -17.41178166854479400, 6.500000015657718700 ) ) ;
#311 = CARTESIAN_POINT ( 'NONE',  ( -14.73136048025999800, -19.55685745358000500, 6.612376242486998700 ) ) ;
#312 = CARTESIAN_POINT ( 'NONE',  ( -15.38593105067400100, -17.87504366781610100, 6.426075751477439400 ) ) ;
#313 = DIRECTION ( 'NONE',  ( 0.0000000000000000000, -2.814927278075249700E-008, -0.9999999999999996700 ) ) ;
#314 = ORIENTED_EDGE ( 'NONE', *, *, #615, .F. ) ;
#315 = CARTESIAN_POINT ( 'NONE',  ( -13.92668860195319200, -18.77485006270689300, 6.500000053100249500 ) ) ;
#316 = CARTESIAN_POINT ( 'NONE',  ( -13.00868167375137400, -19.47577440077391500, 6.899999996324695000 ) ) ;
#317 = CARTESIAN_POINT ( 'NONE',  ( -14.75628085443880300, -17.19982649911260400, 6.052151502954878000 ) ) ;
#318 = CARTESIAN_POINT ( 'NONE',  ( -14.96792304666914000, -17.37514197658283200, 6.599333342923680200 ) ) ;
#319 = CARTESIAN_POINT ( 'NONE',  ( -15.44832938916999900, -19.23830823255999400, 6.612376242486998700 ) ) ;
#320 = CARTESIAN_POINT ( 'NONE',  ( -13.00792999339535600, -19.49767540639087200, 6.895433249022999300 ) ) ;
#321 = CARTESIAN_POINT ( 'NONE',  ( -14.11602127021770400, -16.36100730362247500, 9.666543952503122500 ) ) ;
#322 = CARTESIAN_POINT ( 'NONE',  ( -15.15675107273067300, -18.68816242750756400, 6.500000052058527300 ) ) ;
#323 = CARTESIAN_POINT ( 'NONE',  ( -14.69495633219039700, -18.95593105067149500, 6.052151502954878000 ) ) ;
#324 = CARTESIAN_POINT ( 'NONE',  ( -15.29818024895416300, -18.28434794297179900, 6.499000014384905400 ) ) ;
#325 = CARTESIAN_POINT ( 'NONE',  ( -15.76301329707000000, -18.88395898100000300, 6.488001347711999300 ) ) ;
#326 = CARTESIAN_POINT ( 'NONE',  ( -13.00696467252106800, -19.52580105242945800, 6.852786849251135200 ) ) ;
#327 = CARTESIAN_POINT ( 'NONE',  ( -12.97813223790000200, -19.52495727893000000, 6.861126031966000100 ) ) ;
#328 = DIRECTION ( 'NONE',  ( -0.03429631001013658300, 0.9992593140067355100, -0.01745240643799869700 ) ) ;
#329 = EDGE_CURVE ( 'NONE', #1420, #942, #826, .T. ) ;
#330 = CARTESIAN_POINT ( 'NONE',  ( -15.12056304855642700, -16.14753759584839800, 8.257810761027458900 ) ) ;
#331 = CARTESIAN_POINT ( 'NONE',  ( -15.40009303882946100, -18.04321953665600400, 6.500000033903850400 ) ) ;
#332 = CARTESIAN_POINT ( 'NONE',  ( -15.37017350089390000, -18.32628085443629800, 5.678227254432317600 ) ) ;
#333 = CARTESIAN_POINT ( 'NONE',  ( -14.47208040264258100, -18.86951266161728600, 6.800000000000111700 ) ) ;
#334 = CARTESIAN_POINT ( 'NONE',  ( -14.52283350570080200, -16.56381434081170000, 6.848617413939302300 ) ) ;
#335 = CARTESIAN_POINT ( 'NONE',  ( -12.63138668287439800, -19.38136529314734700, 6.849127379370527200 ) ) ;
#336 = CARTESIAN_POINT ( 'NONE',  ( -14.78297789538256200, -17.32179978134923500, 6.500000013596409300 ) ) ;
#337 = CARTESIAN_POINT ( 'NONE',  ( -13.76329909010411600, -16.24338717135493200, 9.069705883363637300 ) ) ;
#338 = CARTESIAN_POINT ( 'NONE',  ( -14.13659417928628800, -18.81227012034120700, 6.800000000000092200 ) ) ;
#339 = CARTESIAN_POINT ( 'NONE',  ( -15.00265535516121000, -17.32287234509325600, 6.500000013626603000 ) ) ;
#340 = VERTEX_POINT ( 'NONE', #800 ) ;
#341 = ADVANCED_FACE ( 'NONE', ( #762 ), #915, .T. ) ;
#342 = CARTESIAN_POINT ( 'NONE',  ( -15.97224318643126800, -17.21999999999927100, 6.900000000000167300 ) ) ;
#343 = ORIENTED_EDGE ( 'NONE', *, *, #2314, .T. ) ;
#344 = EDGE_LOOP ( 'NONE', ( #2030, #2132, #809, #2211 ) ) ;
#345 = CARTESIAN_POINT ( 'NONE',  ( -13.77919170197519700, -16.75408225539986900, 6.499999997341399500 ) ) ;
#346 = CARTESIAN_POINT ( 'NONE',  ( -14.52269039622000300, -16.56798398702000000, 6.871117638200999500 ) ) ;
#347 = CARTESIAN_POINT ( 'NONE',  ( -15.02077714724579800, -16.63142532854170200, 6.899997398026101800 ) ) ;
#348 = EDGE_CURVE ( 'NONE', #1753, #1593, #688, .T. ) ;
#349 = CARTESIAN_POINT ( 'NONE',  ( -15.28111922522828400, -17.88968247796786300, 6.500000029581896900 ) ) ;
#350 = CARTESIAN_POINT ( 'NONE',  ( -14.02702543775460100, -18.84551063040119300, 6.800000000000000700 ) ) ;
#351 = CARTESIAN_POINT ( 'NONE',  ( -13.70022763738117900, -17.90142559598835000, 6.699666671660631700 ) ) ;
#352 = ADVANCED_FACE ( 'NONE', ( #1782 ), #379, .T. ) ;
#353 = CARTESIAN_POINT ( 'NONE',  ( -14.59304434987502200, -15.40555843061223100, 8.303777208082195200 ) ) ;
#354 = CARTESIAN_POINT ( 'NONE',  ( -16.54357722804028100, -17.03502823811255600, 6.500000012928186500 ) ) ;
#355 = CARTESIAN_POINT ( 'NONE',  ( -16.51177728528000100, -17.47461086258999800, 6.880997255274000000 ) ) ;
#356 = CARTESIAN_POINT ( 'NONE',  ( -14.31058006480337100, -17.18209770873046300, 7.152960387700062500 ) ) ;
#357 = CARTESIAN_POINT ( 'NONE',  ( -15.00685104390675800, -18.69061836006096700, 6.500000052127655100 ) ) ;
#358 = CARTESIAN_POINT ( 'NONE',  ( -14.41798067816540100, -17.16658723230129300, 6.800000000000000700 ) ) ;
#359 = CARTESIAN_POINT ( 'NONE',  ( -14.36497932761457200, -17.26480347032910600, 6.599333343320812300 ) ) ;
#360 = CIRCLE ( 'NONE', #1829, 0.5561016473539265300 ) ;
#361 = CARTESIAN_POINT ( 'NONE',  ( -14.80187919735721500, -18.91786137944967200, 7.152960436635878800 ) ) ;
#362 = CARTESIAN_POINT ( 'NONE',  ( -14.23094469983285900, -16.11042471659829200, 8.223538986866540100 ) ) ;
#363 = CARTESIAN_POINT ( 'NONE',  ( -14.46768280773000400, -19.57471520707000000, 6.736751137261000700 ) ) ;
#364 = CARTESIAN_POINT ( 'NONE',  ( -16.50727835804633900, -17.50489400378343400, 6.852786849251589100 ) ) ;
#365 = CARTESIAN_POINT ( 'NONE',  ( -16.16620649607778400, -16.65165716075678800, 6.500000001352251600 ) ) ;
#366 = CARTESIAN_POINT ( 'NONE',  ( -16.28587662912999800, -17.92075502201000200, 6.852446001640701400 ) ) ;
#367 = CARTESIAN_POINT ( 'NONE',  ( -13.98200391513146800, -17.32244440947850700, 7.805920767725579500 ) ) ;
#368 = CARTESIAN_POINT ( 'NONE',  ( -14.44840834190773500, -19.57317759709809500, 6.732751585859321400 ) ) ;
#369 = CARTESIAN_POINT ( 'NONE',  ( -13.72448936960530300, -17.59702543775210200, 6.426075751477439400 ) ) ;
#370 = ORIENTED_EDGE ( 'NONE', *, *, #853, .T. ) ;
#371 = EDGE_CURVE ( 'NONE', #2074, #841, #2163, .T. ) ;
#372 = DIRECTION ( 'NONE',  ( -0.0000000000000000000, 0.0000000000000000000, 1.000000000000000000 ) ) ;
#373 = B_SPLINE_CURVE_WITH_KNOTS ( 'NONE', 3,
 ( #2086, #1515, #1719, #571, #1906, #771, #2096, #963, #2284, #1152 ),
 .UNSPECIFIED., .F., .F.,
 ( 4, 1, 1, 1, 1, 1, 1, 4 ),
 ( 0.0000000000000000000, 0.1208045936606479300, 0.2819225655576738100, 0.4362502267764893900, 0.5637497732234525400, 0.6644600628956568400, 0.8053867746105597400, 1.000000000000000000 ),
 .UNSPECIFIED. ) ;
#374 = CARTESIAN_POINT ( 'NONE',  ( -15.11379852033442900, -18.72821829569726400, 7.805920809453622800 ) ) ;
#375 = CARTESIAN_POINT ( 'NONE',  ( -13.78266649783888000, -15.54068550762224800, 9.230048047452159600 ) ) ;
#376 = CARTESIAN_POINT ( 'NONE',  ( -15.13176586863319500, -19.44433740574761100, 6.849127378788981700 ) ) ;
#377 = CARTESIAN_POINT ( 'NONE',  ( -14.47199315790360400, -17.16847338965588300, 6.500000009280383600 ) ) ;
#378 = CARTESIAN_POINT ( 'NONE',  ( -14.52149600867000100, -16.60278373313999700, 6.899230593224002600 ) ) ;
#379 = PLANE ( 'NONE',  #391 ) ;
#380 = CARTESIAN_POINT ( 'NONE',  ( -13.72561216122409900, -17.59445517796869000, 8.458881151562762200 ) ) ;
#381 = CARTESIAN_POINT ( 'NONE',  ( -13.68597732690875500, -16.26342333038856900, 9.198571267894180900 ) ) ;
#382 = CARTESIAN_POINT ( 'NONE',  ( -13.69338543689069900, -18.48772553306209300, 6.052151502954878000 ) ) ;
#383 = CARTESIAN_POINT ( 'NONE',  ( -13.68402596726041100, -16.26164944796099100, 9.188903431764147800 ) ) ;
#384 = CARTESIAN_POINT ( 'NONE',  ( -15.32473801555526200, -18.43028760432068600, 8.458881179017639700 ) ) ;
#385 = VERTEX_POINT ( 'NONE', #1134 ) ;
#386 = B_SPLINE_CURVE_WITH_KNOTS ( 'NONE', 3,
 ( #1742, #1926, #2118, #986, #2305, #1175, #26, #1359, #225, #1550 ),
 .UNSPECIFIED., .F., .F.,
 ( 4, 1, 1, 1, 1, 1, 1, 4 ),
 ( 0.0000000000000000000, 0.1382689154513774000, 0.2829613492763751700, 0.4276537831020025800, 0.5723462169276299900, 0.7170386507526275200, 0.8617310845782549800, 1.000000000000000000 ),
 .UNSPECIFIED. ) ;
#387 = AXIS2_PLACEMENT_3D ( 'NONE', #327, #709, #2036 ) ;
#388 = CARTESIAN_POINT ( 'NONE',  ( -16.46309551147136900, -17.48136764752075600, 6.900000000000000400 ) ) ;
#389 = CARTESIAN_POINT ( 'NONE',  ( -14.07678624395254900, -17.27353790782815000, 6.500000012237877400 ) ) ;
#390 = CARTESIAN_POINT ( 'NONE',  ( -16.50184298442768200, -17.50199979159513200, 6.500000010195698500 ) ) ;
#391 = AXIS2_PLACEMENT_3D ( 'NONE', #1710, #564, #1899 ) ;
#392 = CARTESIAN_POINT ( 'NONE',  ( -13.60054825568690300, -18.03859045296975700, 6.500000032006907300 ) ) ;
#393 = CARTESIAN_POINT ( 'NONE',  ( -14.35516158410100100, -18.96549072093559500, 5.678227254432317600 ) ) ;
#394 = CARTESIAN_POINT ( 'NONE',  ( -13.91808258317447900, -14.00729816497876000, 8.800446715864366000 ) ) ;
#395 = CARTESIAN_POINT ( 'NONE',  ( -15.40365615521015200, -17.98101097206696500, 6.500000035578593400 ) ) ;
#396 = CARTESIAN_POINT ( 'NONE',  ( -13.23644155379385400, -17.23852452193385100, 6.849127378789021700 ) ) ;
#397 = CARTESIAN_POINT ( 'NONE',  ( -13.61040199498180800, -17.92119603730613200, 6.500000030468982900 ) ) ;
#398 = FACE_OUTER_BOUND ( 'NONE', #411, .T. ) ;
#399 = CARTESIAN_POINT ( 'NONE',  ( -12.43405279185467000, -18.82968077514765400, 6.500000050339786600 ) ) ;
#400 = CARTESIAN_POINT ( 'NONE',  ( -13.65213860081143300, -18.37187918133811200, 7.152960418401545600 ) ) ;
#401 = CARTESIAN_POINT ( 'NONE',  ( -14.08227446694440000, -17.26338543688820000, 5.678227254432317600 ) ) ;
#402 = CARTESIAN_POINT ( 'NONE',  ( -14.53140954424017700, -17.17054822886331800, 7.479440576574520000 ) ) ;
#403 = CARTESIAN_POINT ( 'NONE',  ( -15.30460580686120900, -17.64663263832286000, 7.152960403259382500 ) ) ;
#404 = CARTESIAN_POINT ( 'NONE',  ( -14.63281317563514800, -14.26672826348183400, 10.12938867245466800 ) ) ;
#405 = CARTESIAN_POINT ( 'NONE',  ( -13.80086644326014800, -18.63985917629485600, 6.500000050698819400 ) ) ;
#406 = CARTESIAN_POINT ( 'NONE',  ( -12.61769796429076600, -19.35874128257097500, 6.500000065352202800 ) ) ;
#407 = CARTESIAN_POINT ( 'NONE',  ( -14.53140954703680000, -17.17054825568480000, 6.500000010893936400 ) ) ;
#408 = CARTESIAN_POINT ( 'NONE',  ( -13.84178166481841600, -18.68379848829627600, 7.805920804605180200 ) ) ;
#409 = CARTESIAN_POINT ( 'NONE',  ( -12.98361975833000100, -17.79631454935999500, 6.899230593224002600 ) ) ;
#410 = CARTESIAN_POINT ( 'NONE',  ( -16.04286970064000100, -16.62283412308000400, 6.488001347711999300 ) ) ;
#411 = EDGE_LOOP ( 'NONE', ( #1334, #20, #1563, #2243 ) ) ;
#412 = FILL_AREA_STYLE ('',( #1735 ) ) ;
#413 = CARTESIAN_POINT ( 'NONE',  ( -15.07331139432694700, -17.36514990153510500, 7.805920772011091000 ) ) ;
#414 = CARTESIAN_POINT ( 'NONE',  ( -15.99285981490036000, -16.61931269234581900, 6.875605298595511200 ) ) ;
#415 = ORIENTED_EDGE ( 'NONE', *, *, #1418, .T. ) ;
#416 = CARTESIAN_POINT ( 'NONE',  ( -13.23333023728000100, -17.25368458058999700, 6.736751137261000700 ) ) ;
#417 = ORIENTED_EDGE ( 'NONE', *, *, #2425, .T. ) ;
#418 = CARTESIAN_POINT ( 'NONE',  ( -14.13971233644962300, -18.89473796750306900, 8.458881188352730600 ) ) ;
#419 = ORIENTED_EDGE ( 'NONE', *, *, #1431, .T. ) ;
#420 = CARTESIAN_POINT ( 'NONE',  ( -13.19317974688999900, -17.34146935781999900, 6.880997255274000000 ) ) ;
#421 = CARTESIAN_POINT ( 'NONE',  ( -16.25600842147000300, -16.68736988070999800, 6.612376248815998300 ) ) ;
#422 = CARTESIAN_POINT ( 'NONE',  ( -14.75876956784947000, -17.20091364494178500, 8.458881143735833800 ) ) ;
#423 = CARTESIAN_POINT ( 'NONE',  ( -13.97748730235670300, -19.55914177030669900, 6.852446001638699400 ) ) ;
#424 = CARTESIAN_POINT ( 'NONE',  ( -15.30515449013203600, -14.93518908679744900, 9.643827751439532700 ) ) ;
#425 = CARTESIAN_POINT ( 'NONE',  ( -13.54892913394000000, -16.89831436495999700, 6.861126032036001000 ) ) ;
#426 = EDGE_CURVE ( 'NONE', #1141, #277, #1700, .T. ) ;
#427 = CARTESIAN_POINT ( 'NONE',  ( -12.47923117130000000, -18.66060134598669900, 6.848617413941101800 ) ) ;
#428 = CARTESIAN_POINT ( 'NONE',  ( -16.43176832231000300, -16.82542929954999500, 6.736751149921000900 ) ) ;
#429 = CARTESIAN_POINT ( 'NONE',  ( -15.99303313894676000, -16.61426271314845600, 6.849127380996996800 ) ) ;
#430 = CARTESIAN_POINT ( 'NONE',  ( -14.26637369657311700, -18.83544670344882400, 6.500000056204460600 ) ) ;
#431 = FACE_OUTER_BOUND ( 'NONE', #2460, .T. ) ;
#432 = CARTESIAN_POINT ( 'NONE',  ( -15.28205530026136000, -14.05705748206249000, 8.818268550650822500 ) ) ;
#433 = CARTESIAN_POINT ( 'NONE',  ( -14.11391915906000200, -16.61787280179000300, 6.488001347711999300 ) ) ;
#434 = CARTESIAN_POINT ( 'NONE',  ( -15.46358594675095200, -16.26484628217168200, 8.854803337617756400 ) ) ;
#435 = DIRECTION ( 'NONE',  ( -0.9994115292208820600, -0.03430153437352478200, 3.792980643790890400E-009 ) ) ;
#436 = CARTESIAN_POINT ( 'NONE',  ( -14.69495633219039700, -18.95593105067149500, 6.800000000000000700 ) ) ;
#437 = CARTESIAN_POINT ( 'NONE',  ( -16.54576760556999600, -17.01860377569000000, 6.861126051024999800 ) ) ;
#438 = ORIENTED_EDGE ( 'NONE', *, *, #1548, .F. ) ;
#439 = CARTESIAN_POINT ( 'NONE',  ( -13.70206607178371700, -18.14627564789695300, 6.500000036804808100 ) ) ;
#440 = DIRECTION ( 'NONE',  ( 0.9993908270190961000, 0.03489949670248961000, -3.381080526188867800E-015 ) ) ;
#441 = CARTESIAN_POINT ( 'NONE',  ( -14.53227054762999900, -16.56745660581999900, 6.612376242486998700 ) ) ;
#442 = CARTESIAN_POINT ( 'NONE',  ( -15.18238602007654100, -14.27260138130209900, 10.05390234844035100 ) ) ;
#443 = CARTESIAN_POINT ( 'NONE',  ( -13.75824095215692300, -14.13641034322147800, 9.563868845181552600 ) ) ;
#444 = CARTESIAN_POINT ( 'NONE',  ( -16.56607934338999800, -17.31462457151999600, 6.488001347711999300 ) ) ;
#445 = ORIENTED_EDGE ( 'NONE', *, *, #1956, .T. ) ;
#446 = CARTESIAN_POINT ( 'NONE',  ( -14.03507496469024400, -17.41715439884511000, 6.500000016280573300 ) ) ;
#447 = CARTESIAN_POINT ( 'NONE',  ( -15.05866119626592700, -16.15927046870133000, 8.336562571649750500 ) ) ;
#448 = ORIENTED_EDGE ( 'NONE', *, *, #1649, .F. ) ;
#449 = CARTESIAN_POINT ( 'NONE',  ( -13.97909148292330000, -19.51240227056669200, 6.900036467719999700 ) ) ;
#450 = CARTESIAN_POINT ( 'NONE',  ( -14.64311557344150900, -13.97170619047342800, 8.455215492333700000 ) ) ;
#451 = CARTESIAN_POINT ( 'NONE',  ( -13.00670300641000000, -19.51993280721999800, 6.488001347711999300 ) ) ;
#452 = CARTESIAN_POINT ( 'NONE',  ( -14.07679079449408700, -17.27354136169380900, 6.900000000000002100 ) ) ;
#453 = CARTESIAN_POINT ( 'NONE',  ( -14.55859819073862800, -16.39196736822225000, 9.754423259037391600 ) ) ;
#454 = CARTESIAN_POINT ( 'NONE',  ( -13.47844288267000000, -19.52360311957999900, 6.889247048010001400 ) ) ;
#455 = CARTESIAN_POINT ( 'NONE',  ( -15.02326289528593000, -18.80462177251469000, 6.900000000000002100 ) ) ;
#456 = CARTESIAN_POINT ( 'NONE',  ( -12.81200792028000300, -19.48362218461999300, 6.612376248815998300 ) ) ;
#457 = CARTESIAN_POINT ( 'NONE',  ( -13.61040450960108900, -17.92119480424945600, 6.900000000000002100 ) ) ;
#458 = FACE_OUTER_BOUND ( 'NONE', #677, .T. ) ;
#459 =( NAMED_UNIT ( * ) SI_UNIT ( $, .STERADIAN. ) SOLID_ANGLE_UNIT ( ) );
#460 = CARTESIAN_POINT ( 'NONE',  ( -15.39565444593042400, -18.21014994555917000, 6.500000041830611900 ) ) ;
#461 = B_SPLINE_CURVE_WITH_KNOTS ( 'NONE', 3,
 ( #1267, #1450, #504, #1840, #702, #2026, #895, #2220, #1085, #2410, #1274, #131, #1458, #330, #1659, #514, #1849, #713 ),
 .UNSPECIFIED., .F., .F.,
 ( 4, 2, 2, 2, 2, 2, 2, 2, 4 ),
 ( 0.0000000000000000000, 0.1250000000000000000, 0.2500000000000000000, 0.3750000000000000000, 0.5000000000000000000, 0.6250000000000000000, 0.7500000000000000000, 0.8750000000000000000, 1.000000000000000000 ),
 .UNSPECIFIED. ) ;
#462 = CARTESIAN_POINT ( 'NONE',  ( -15.39734464305286500, -18.16064830097900200, 6.900000000000002100 ) ) ;
#463 = CARTESIAN_POINT ( 'NONE',  ( -12.62053006990000100, -19.36834781967999700, 6.736751149921000900 ) ) ;
#464 = CARTESIAN_POINT ( 'NONE',  ( -13.80086929837858500, -18.63986228533525100, 6.899999999999997700 ) ) ;
#465 = AXIS2_PLACEMENT_3D ( 'NONE', #1236, #1425, #292 ) ;
#466 = EDGE_CURVE ( 'NONE', #942, #1290, #2150, .T. ) ;
#467 = EDGE_LOOP ( 'NONE', ( #551, #1156, #513, #1886 ) ) ;
#468 = CARTESIAN_POINT ( 'NONE',  ( -15.11818769201010700, -17.41321146085223100, 6.900000000000002100 ) ) ;
#469 = CARTESIAN_POINT ( 'NONE',  ( -12.48352622840000200, -19.19074668729999500, 6.861126051024999800 ) ) ;
#470 = ORIENTED_EDGE ( 'NONE', *, *, #1819, .F. ) ;
#471 = VERTEX_POINT ( 'NONE', #2286 ) ;
#472 = VERTEX_POINT ( 'NONE', #966 ) ;
#473 = CARTESIAN_POINT ( 'NONE',  ( -14.74365325555120900, -13.99259310701154700, 8.553700013634703200 ) ) ;
#474 = CARTESIAN_POINT ( 'NONE',  ( -12.42677825390999900, -18.89950701798000000, 6.488001347711999300 ) ) ;
#475 = CARTESIAN_POINT ( 'NONE',  ( -15.51708177351935800, -14.11937835032254000, 9.119216094908351200 ) ) ;
#476 = EDGE_CURVE ( 'NONE', #1162, #340, #2340, .T. ) ;
#477 = VECTOR ( 'NONE', #627, 100.0000000000000000 ) ;
#478 = CARTESIAN_POINT ( 'NONE',  ( -12.47328302919000000, -18.68172206856999700, 6.612376248815998300 ) ) ;
#479 = CARTESIAN_POINT ( 'NONE',  ( -14.96792304666895200, -17.37514197658265800, 6.800000000000118800 ) ) ;
#480 = CARTESIAN_POINT ( 'NONE',  ( -16.57912559636597300, -17.26075481248294400, 6.849127379370479200 ) ) ;
#481 = ORIENTED_EDGE ( 'NONE', *, *, #1615, .T. ) ;
#482 = B_SPLINE_CURVE_WITH_KNOTS ( 'NONE', 3,
 ( #1947, #619, #814, #2139, #1009, #2328 ),
 .UNSPECIFIED., .F., .F.,
 ( 4, 2, 4 ),
 ( 0.0000000000000000000, 0.5000000000000000000, 1.000000000000000000 ),
 .UNSPECIFIED. ) ;
#483 = CARTESIAN_POINT ( 'NONE',  ( -13.92564715523440300, -18.77373324783249900, 6.800000000000000700 ) ) ;
#484 = CARTESIAN_POINT ( 'NONE',  ( -14.53140954703680000, -17.17054825568480000, 6.800000000000000700 ) ) ;
#485 = CARTESIAN_POINT ( 'NONE',  ( -14.58916696263590200, -19.57394204926200100, 6.500000076874566300 ) ) ;
#486 = CARTESIAN_POINT ( 'NONE',  ( -15.27234723883483300, -16.58952745041932200, 6.849127379870056500 ) ) ;
#487 = CARTESIAN_POINT ( 'NONE',  ( -14.44836030361168800, -19.57457724362210500, 6.860290307308964100 ) ) ;
#488 = CARTESIAN_POINT ( 'NONE',  ( -14.91772553306470300, -18.87661456311579800, 6.800000000000000700 ) ) ;
#489 = ORIENTED_EDGE ( 'NONE', *, *, #729, .F. ) ;
#490 = CARTESIAN_POINT ( 'NONE',  ( -15.47812390208941800, -19.20938119821596500, 6.500000069429511000 ) ) ;
#491 = CARTESIAN_POINT ( 'NONE',  ( -13.72561216681736200, -17.59445523161164000, 6.500000020201604800 ) ) ;
#492 = CARTESIAN_POINT ( 'NONE',  ( -16.50424580705000100, -17.50275301945000100, 6.612376248815998300 ) ) ;
#493 = CARTESIAN_POINT ( 'NONE',  ( -15.39549072093810100, -18.21483841590560000, 6.426075751477439400 ) ) ;
#494 = CARTESIAN_POINT ( 'NONE',  ( -14.52791959736649800, -17.27048733838670800, 6.699666671461701000 ) ) ;
#495 = AXIS2_PLACEMENT_3D ( 'NONE', #1456, #968, #1157 ) ;
#496 = FACE_BOUND ( 'NONE', #1619, .T. ) ;
#497 = STYLED_ITEM ( 'NONE', ( #577 ), #639 ) ;
#498 = CARTESIAN_POINT ( 'NONE',  ( -14.13971234204286800, -18.89473802114602200, 6.500000056991572400 ) ) ;
#499 = CARTESIAN_POINT ( 'NONE',  ( -14.52800684210540700, -18.97152661034816700, 6.500000060035020500 ) ) ;
#500 = CARTESIAN_POINT ( 'NONE',  ( -15.07435284477460000, -17.36626675217149800, 6.052151502954878000 ) ) ;
#501 = CARTESIAN_POINT ( 'NONE',  ( -15.20997472711632200, -17.66078088786113700, 6.800000000000146400 ) ) ;
#502 = CARTESIAN_POINT ( 'NONE',  ( -15.56916143496000000, -19.13502433967000000, 6.861126032036001000 ) ) ;
#503 = CARTESIAN_POINT ( 'NONE',  ( -14.16552083967845200, -14.94352509523821300, 9.916636660233141500 ) ) ;
#504 = CARTESIAN_POINT ( 'NONE',  ( -14.79356371699955700, -16.41347783064983900, 9.829835315512379900 ) ) ;
#505 = CARTESIAN_POINT ( 'NONE',  ( -15.24745779445932900, -18.57218042189648300, 6.500000048793716600 ) ) ;
#506 = CARTESIAN_POINT ( 'NONE',  ( -14.46859045297230200, -18.96945174431919800, 6.052151502954878000 ) ) ;
#507 = CARTESIAN_POINT ( 'NONE',  ( -15.12258854598604300, -18.62358784771165400, 6.699666671461888400 ) ) ;
#508 = CARTESIAN_POINT ( 'NONE',  ( -15.81928019092000100, -18.79437009405000200, 6.736751137261000700 ) ) ;
#509 = CARTESIAN_POINT ( 'NONE',  ( -13.00855612918134500, -19.47943227717783900, 6.899999841221483800 ) ) ;
#510 = ORIENTED_EDGE ( 'NONE', *, *, #1859, .F. ) ;
#511 = EDGE_LOOP ( 'NONE', ( #272, #880, #1791, #1185 ) ) ;
#512 = CARTESIAN_POINT ( 'NONE',  ( -14.45394222806394600, -16.38831270147645100, 9.754423259038107500 ) ) ;
#513 = ORIENTED_EDGE ( 'NONE', *, *, #1266, .F. ) ;
#514 = CARTESIAN_POINT ( 'NONE',  ( -14.80418822119753700, -16.10923183734159600, 8.103318797742160100 ) ) ;
#515 = CARTESIAN_POINT ( 'NONE',  ( -15.39305717005723300, -17.95452844101393800, 6.500000031407267000 ) ) ;
#516 = CARTESIAN_POINT ( 'NONE',  ( -15.20373324784000100, -18.64435284477209700, 5.678227254432317600 ) ) ;
#517 = CARTESIAN_POINT ( 'NONE',  ( -14.47208040264255600, -18.86951266161731400, 6.599333342923316100 ) ) ;
#518 = CARTESIAN_POINT ( 'NONE',  ( -16.02186381619329900, -16.61515769059670300, 6.852446001638699400 ) ) ;
#519 = CARTESIAN_POINT ( 'NONE',  ( -12.52844340029953300, -19.26735188146429000, 6.849127379370513900 ) ) ;
#520 = CARTESIAN_POINT ( 'NONE',  ( -14.87944656679537100, -17.36428609455865800, 6.500000014792366400 ) ) ;
#521 = CARTESIAN_POINT ( 'NONE',  ( -13.78601189361959100, -16.18960104256621000, 8.760359979946816400 ) ) ;
#522 = ADVANCED_FACE ( 'NONE', ( #1148 ), #918, .T. ) ;
#523 = CARTESIAN_POINT ( 'NONE',  ( -14.13659417928640000, -18.81227012034041100, 6.599333343320687100 ) ) ;
#524 = CARTESIAN_POINT ( 'NONE',  ( -14.92699698852943700, -17.27719103272158200, 6.500000012340703600 ) ) ;
#525 = LINE ( 'NONE', #402, #1555 ) ;
#526 = DIRECTION ( 'NONE',  ( 0.0000000000000000000, -1.000000000000000000, 2.495548767720525600E-015 ) ) ;
#527 = CARTESIAN_POINT ( 'NONE',  ( -13.87267110355215900, -16.70703363887969700, 6.499999996319923300 ) ) ;
#528 = CARTESIAN_POINT ( 'NONE',  ( -15.52183520153999800, -16.60829460244000100, 6.880997255274000000 ) ) ;
#529 = ADVANCED_FACE ( 'NONE', ( #1638 ), #928, .T. ) ;
#530 = VECTOR ( 'NONE', #1259, 100.0000000000000000 ) ;
#531 = CARTESIAN_POINT ( 'NONE',  ( -16.25136591906000300, -17.90237885743999900, 6.899230593224002600 ) ) ;
#532 = DIRECTION ( 'NONE',  ( 0.9994115292254224200, 0.03430153424123390200, -3.792980643780828600E-009 ) ) ;
#533 = CARTESIAN_POINT ( 'NONE',  ( -15.30121563484858000, -18.04491247667875000, 6.500000033951508300 ) ) ;
#534 = CARTESIAN_POINT ( 'NONE',  ( -13.75791618186010000, -18.59386380028400200, 6.800000000000000700 ) ) ;
#535 = EDGE_CURVE ( 'NONE', #1643, #2142, #2023, .T. ) ;
#536 = ORIENTED_EDGE ( 'NONE', *, *, #864, .T. ) ;
#537 = CARTESIAN_POINT ( 'NONE',  ( -13.70022763738098500, -17.90142559598803000, 6.499000014981193700 ) ) ;
#538 = CARTESIAN_POINT ( 'NONE',  ( -14.46859044924346800, -18.96945170855722700, 7.805920814217394400 ) ) ;
#539 = CARTESIAN_POINT ( 'NONE',  ( -12.51361471530285400, -18.64623108038749800, 6.894485627833728500 ) ) ;
#540 = VERTEX_POINT ( 'NONE', #68 ) ;
#541 = CARTESIAN_POINT ( 'NONE',  ( -16.51577583483389600, -16.96463827247785600, 6.500000010921223900 ) ) ;
#542 = CARTESIAN_POINT ( 'NONE',  ( -16.04180593050000100, -18.35722404898000100, 6.880997255274000000 ) ) ;
#543 = CARTESIAN_POINT ( 'NONE',  ( -14.31058006107452800, -17.18209767296849600, 8.458881141940839400 ) ) ;
#544 = CARTESIAN_POINT ( 'NONE',  ( -14.89896757920939600, -18.76339197012024200, 6.500000054176187100 ) ) ;
#545 = CARTESIAN_POINT ( 'NONE',  ( -14.46859045297230200, -18.96945174431919800, 6.426075751477439400 ) ) ;
#546 = CARTESIAN_POINT ( 'NONE',  ( -14.52791959736661200, -17.27048733838671900, 6.800000000000087800 ) ) ;
#547 = CARTESIAN_POINT ( 'NONE',  ( -14.80187919362838000, -18.91786134368770400, 8.458881190876658400 ) ) ;
#548 = EDGE_LOOP ( 'NONE', ( #148, #1293, #773, #2454 ) ) ;
#549 = CARTESIAN_POINT ( 'NONE',  ( -14.28044426929369100, -14.69294250821440100, 8.473631694597274900 ) ) ;
#550 = CARTESIAN_POINT ( 'NONE',  ( -14.41512041609999900, -19.56738678648000000, 6.488001347711999300 ) ) ;
#551 = ORIENTED_EDGE ( 'NONE', *, *, #987, .F. ) ;
#552 = CARTESIAN_POINT ( 'NONE',  ( -16.04392694380998200, -16.62210792551110200, 6.500000000193920400 ) ) ;
#553 = CARTESIAN_POINT ( 'NONE',  ( -15.81590527434670300, -18.80336820841000300, 6.852446001640701400 ) ) ;
#554 = CARTESIAN_POINT ( 'NONE',  ( -13.88620147594826200, -17.41178166854479400, 6.500000015657706200 ) ) ;
#555 = CARTESIAN_POINT ( 'NONE',  ( -14.55145229775626500, -16.57088281384249800, 6.499999999430198900 ) ) ;
#556 = CARTESIAN_POINT ( 'NONE',  ( -13.97613619972250200, -17.32791618185770200, 6.426075751477439400 ) ) ;
#557 =( LENGTH_UNIT ( ) NAMED_UNIT ( * ) SI_UNIT ( .CENTI., .METRE. ) );
#558 = CARTESIAN_POINT ( 'NONE',  ( -15.20165832736586100, -18.64628773941672400, 6.500000053220084300 ) ) ;
#559 = CARTESIAN_POINT ( 'NONE',  ( -13.83216606729987900, -14.12320329923787900, 9.480140755183013500 ) ) ;
#560 = B_SPLINE_CURVE_WITH_KNOTS ( 'NONE', 3,
 ( #1823, #485, #874, #2198, #1063, #2387, #1251, #110, #1438, #308, #1630, #490, #1828, #686, #2009, #879, #2202, #1067, #2394, #1256 ),
 .UNSPECIFIED., .F., .F.,
 ( 4, 2, 2, 2, 2, 2, 2, 2, 2, 4 ),
 ( 0.0000000000000000000, 0.004161148231061933400, 0.006241722346592908800, 0.008322296462123885900, 0.009362583519889337200, 0.01040287057765479000, 0.01248344469318580900, 0.01456401880871682900, 0.01560430586648236600, 0.01664459292424790000 ),
 .UNSPECIFIED. ) ;
#561 = CARTESIAN_POINT ( 'NONE',  ( -14.72892090692305400, -19.56516776181819100, 6.849127378788971900 ) ) ;
#562 = DIRECTION ( 'NONE',  ( -0.03489949670024174200, 0.9993908270191747000, 2.942906832457639100E-028 ) ) ;
#563 = CARTESIAN_POINT ( 'NONE',  ( -15.52084712722000000, -16.63708319405000700, 6.899230593224002600 ) ) ;
#564 = DIRECTION ( 'NONE',  ( -0.8825321059033461900, -0.4699281812783694400, -0.01745240643031852100 ) ) ;
#565 = CARTESIAN_POINT ( 'NONE',  ( -13.67526197699606300, -17.70971232415942300, 7.152960400334472400 ) ) ;
#566 = CARTESIAN_POINT ( 'NONE',  ( -13.84083277443760100, -16.32400119736716700, 9.511266393605421100 ) ) ;
#567 = CARTESIAN_POINT ( 'NONE',  ( -13.59658723230380200, -18.15201932184109900, 6.052151502954878000 ) ) ;
#568 = CARTESIAN_POINT ( 'NONE',  ( -13.83720809163051000, -16.32324058881325600, 9.507672810808577100 ) ) ;
#569 = VECTOR ( 'NONE', #2078, 100.0000000000000100 ) ;
#570 = CARTESIAN_POINT ( 'NONE',  ( -15.37201351957166700, -18.32206882743624400, 7.152960421948327200 ) ) ;
#571 = CARTESIAN_POINT ( 'NONE',  ( -13.84031171227163900, -18.57880975397303300, 6.800000000000097500 ) ) ;
#572 = CARTESIAN_POINT ( 'NONE',  ( -13.92912114692910700, -17.37175642429768600, 6.500000015002652500 ) ) ;
#573 = CARTESIAN_POINT ( 'NONE',  ( -13.97763404450000400, -19.55486628251999900, 6.871117638200999500 ) ) ;
#574 = CARTESIAN_POINT ( 'NONE',  ( -13.60054825195806700, -18.03859041720778900, 7.805920786247686900 ) ) ;
#575 = CARTESIAN_POINT ( 'NONE',  ( -13.17420718751072800, -17.36404562060292600, 6.616375792929582100 ) ) ;
#576 = CARTESIAN_POINT ( 'NONE',  ( -14.02702543775460100, -18.84551063040119300, 5.678227254432317600 ) ) ;
#577 = PRESENTATION_STYLE_ASSIGNMENT (( #1408 ) ) ;
#578 = CARTESIAN_POINT ( 'NONE',  ( -13.76097722196060000, -14.05805382807009900, 9.119216094909159400 ) ) ;
#579 = CARTESIAN_POINT ( 'NONE',  ( -15.40365615148131300, -17.98101093630499400, 7.805920789819373000 ) ) ;
#580 = CARTESIAN_POINT ( 'NONE',  ( -15.18459573852000200, -19.41488352431000300, 6.861126032036001000 ) ) ;
#581 = CARTESIAN_POINT ( 'NONE',  ( -13.51423211011097100, -16.92274541410007400, 6.849127378789009200 ) ) ;
#582 = CARTESIAN_POINT ( 'NONE',  ( -13.59952574783274500, -18.06732964822660400, 6.500000034582539500 ) ) ;
#583 = CARTESIAN_POINT ( 'NONE',  ( -12.42740846585660600, -18.90526343322061500, 6.500000052390597600 ) ) ;
#584 = CARTESIAN_POINT ( 'NONE',  ( -13.65213859708260300, -18.37187914557614100, 8.458881172642325200 ) ) ;
#585 = EDGE_LOOP ( 'NONE', ( #1806, #125, #2002, #1578 ) ) ;
#586 = DIRECTION ( 'NONE',  ( 0.0000000000000000000, -0.0000000000000000000, 1.000000000000000000 ) ) ;
#587 = CARTESIAN_POINT ( 'NONE',  ( -14.41798067816540100, -17.16658723230129300, 5.678227254432317600 ) ) ;
#588 = ORIENTED_EDGE ( 'NONE', *, *, #729, .T. ) ;
#589 = CARTESIAN_POINT ( 'NONE',  ( -15.30460580313237000, -17.64663260256089200, 8.458881157500163900 ) ) ;
#590 = EDGE_LOOP ( 'NONE', ( #1219, #2089, #1933, #343 ) ) ;
#591 = CARTESIAN_POINT ( 'NONE',  ( -14.73169489434999900, -19.55900659363999900, 6.736751137261000700 ) ) ;
#592 = CARTESIAN_POINT ( 'NONE',  ( -13.83213169800495200, -14.12418750707261100, 9.479967107005352400 ) ) ;
#593 = CARTESIAN_POINT ( 'NONE',  ( -13.92602395863535300, -18.76569445542802600, 6.500000054240993900 ) ) ;
#594 = CARTESIAN_POINT ( 'NONE',  ( -14.47889841203169900, -19.52572440191249800, 6.899997398026101800 ) ) ;
#595 = CARTESIAN_POINT ( 'NONE',  ( -12.67667646146714200, -19.40722112199126000, 6.500000066848190100 ) ) ;
#596 = CARTESIAN_POINT ( 'NONE',  ( -15.82399971534425000, -18.77499959613991700, 6.500000020761244300 ) ) ;
#597 = EDGE_CURVE ( 'NONE', #1810, #1490, #647, .T. ) ;
#598 = CARTESIAN_POINT ( 'NONE',  ( -13.92668860195319200, -18.77485006270689300, 6.500000053100237100 ) ) ;
#599 = CARTESIAN_POINT ( 'NONE',  ( -12.50400496036000000, -18.67379282259999900, 6.895433249022999300 ) ) ;
#600 = CARTESIAN_POINT ( 'NONE',  ( -16.04338097304999900, -16.61851117949000300, 6.736751149921000900 ) ) ;
#601 = SURFACE_STYLE_USAGE ( .BOTH. , #1746 ) ;
#602 = CARTESIAN_POINT ( 'NONE',  ( -14.97156646888231000, -17.29387424255612900, 6.500000015527948700 ) ) ;
#603 = CARTESIAN_POINT ( 'NONE',  ( -15.99303313894676000, -16.61426271314845600, 6.849127380996996800 ) ) ;
#604 = CARTESIAN_POINT ( 'NONE',  ( -14.63284754493041900, -14.26574405564707200, 10.12956232063211800 ) ) ;
#605 = CARTESIAN_POINT ( 'NONE',  ( -13.32971791636000200, -17.12757140099000400, 6.488001347711999300 ) ) ;
#606 = SHAPE_DEFINITION_REPRESENTATION ( #746, #2028 ) ;
#607 = CARTESIAN_POINT ( 'NONE',  ( -15.55511905312245200, -13.99943091481805100, 8.431846253968704000 ) ) ;
#608 = CARTESIAN_POINT ( 'NONE',  ( -14.24123044890562900, -18.93908629411170700, 7.152960435616272200 ) ) ;
#609 = CARTESIAN_POINT ( 'NONE',  ( -12.71789942298000000, -18.22125563946000100, 6.871117638202001400 ) ) ;
#610 = CARTESIAN_POINT ( 'NONE',  ( -16.25805521794000100, -16.68352802372999800, 6.861126051024999800 ) ) ;
#611 = FACE_OUTER_BOUND ( 'NONE', #511, .T. ) ;
#612 = CARTESIAN_POINT ( 'NONE',  ( -14.64752053462948000, -17.17460293359561900, 7.152960388456895300 ) ) ;
#613 = CARTESIAN_POINT ( 'NONE',  ( -12.97813618380670200, -19.52484230940329700, 6.852446001638699400 ) ) ;
#614 = CARTESIAN_POINT ( 'NONE',  ( -15.36727238906318900, -16.30562655040835200, 9.105001693586785900 ) ) ;
#615 = EDGE_CURVE ( 'NONE', #2341, #540, #241, .T. ) ;
#616 = CARTESIAN_POINT ( 'NONE',  ( -13.67996516879999900, -16.80832823928999900, 6.612376242486998700 ) ) ;
#617 = ORIENTED_EDGE ( 'NONE', *, *, #2409, .T. ) ;
#618 = DIRECTION ( 'NONE',  ( 4.534779972363120300E-015, -0.1737508294362049000, 0.9847896472192582100 ) ) ;
#619 = CARTESIAN_POINT ( 'NONE',  ( -13.20306533206276900, -17.37941192318524800, 6.899999999998024200 ) ) ;
#620 = CARTESIAN_POINT ( 'NONE',  ( -12.94920252608000100, -17.77798815959670600, 6.848617413941101800 ) ) ;
#621 = CARTESIAN_POINT ( 'NONE',  ( -16.47339020799999800, -16.88766454584000000, 6.488001347711999300 ) ) ;
#622 = CARTESIAN_POINT ( 'NONE',  ( -14.19203106814251900, -18.80862848354519600, 6.500000055449556100 ) ) ;
#623 = CARTESIAN_POINT ( 'NONE',  ( -14.92984274152386300, -15.42522538829069000, 8.348585340731462500 ) ) ;
#624 = CARTESIAN_POINT ( 'NONE',  ( -14.11280144214000000, -16.61366884509000400, 6.736751137261000700 ) ) ;
#625 = CARTESIAN_POINT ( 'NONE',  ( -15.35720954531511100, -16.20342374190979500, 8.527725540406137800 ) ) ;
#626 = EDGE_LOOP ( 'NONE', ( #314, #230, #983, #536 ) ) ;
#627 = DIRECTION ( 'NONE',  ( 5.256039487367995400E-013, 2.766336572298944700E-014, -1.000000000000000000 ) ) ;
#628 = CARTESIAN_POINT ( 'NONE',  ( -15.02386380028649900, -18.81208381814639800, 6.800000000000000700 ) ) ;
#629 = CARTESIAN_POINT ( 'NONE',  ( -16.56201016748000000, -17.09196695541000500, 6.612376248815998300 ) ) ;
#630 = PRODUCT ( 'Верхний патрубок 4', 'Верхний патрубок 4', '', ( #1364 ) ) ;
#631 = CARTESIAN_POINT ( 'NONE',  ( -13.70257740508037100, -17.98816988725213100, 6.500000032354242000 ) ) ;
#632 = CARTESIAN_POINT ( 'NONE',  ( -14.57677889275001700, -15.87134018056000600, 6.799999999999986500 ) ) ;
#633 = CARTESIAN_POINT ( 'NONE',  ( -14.53236383691000100, -16.56311298002999500, 6.861126032036001000 ) ) ;
#634 = CARTESIAN_POINT ( 'NONE',  ( -15.42602338897749800, -14.23285308556724100, 9.780393986266323800 ) ) ;
#635 = CARTESIAN_POINT ( 'NONE',  ( -13.91142307652702400, -14.19800148407373500, 9.882638224225985400 ) ) ;
#636 = CARTESIAN_POINT ( 'NONE',  ( -16.57037818280000300, -17.31530956826999900, 6.736751149921000900 ) ) ;
#637 = CARTESIAN_POINT ( 'NONE',  ( -14.64483841590809900, -17.17450927906839900, 6.800000000000000700 ) ) ;
#638 = CARTESIAN_POINT ( 'NONE',  ( -14.17121984080880500, -17.33929391903345900, 6.500000014088858100 ) ) ;
#639 = MANIFOLD_SOLID_BREP ( 'Импортированный2', #2318 ) ;
#640 = FACE_OUTER_BOUND ( 'NONE', #80, .T. ) ;
#641 = CARTESIAN_POINT ( 'NONE',  ( -15.26449129807268600, -16.20760982008128800, 8.569802755479388500 ) ) ;
#642 = VERTEX_POINT ( 'NONE', #1981 ) ;
#643 = CARTESIAN_POINT ( 'NONE',  ( -12.97974036437330100, -19.47810280966669400, 6.900036467719999700 ) ) ;
#644 = CARTESIAN_POINT ( 'NONE',  ( -14.46859045183017000, -18.96945173336540700, 6.900000000000000400 ) ) ;
#645 = CARTESIAN_POINT ( 'NONE',  ( -13.00655059579000100, -19.52427578089000400, 6.736751149921000900 ) ) ;
#646 = CARTESIAN_POINT ( 'NONE',  ( -13.92912328642425700, -17.37175459521240800, 6.900000000000003000 ) ) ;
#647 = LINE ( 'NONE', #1402, #1597 ) ;
#648 = CARTESIAN_POINT ( 'NONE',  ( -12.49277795887099500, -18.63513598360977900, 6.849127380997130000 ) ) ;
#649 = CARTESIAN_POINT ( 'NONE',  ( -14.47751591701000100, -19.56600485845999800, 6.880997255274000000 ) ) ;
#650 = B_SPLINE_CURVE_WITH_KNOTS ( 'NONE', 3,
 ( #666, #295, #674, #1999, #866, #2192, #1058, #2379, #1242, #104, #1432, #300, #1623, #483, #1821, #679, #2004, #872 ),
 .UNSPECIFIED., .F., .F.,
 ( 4, 2, 2, 2, 2, 2, 2, 2, 4 ),
 ( 0.0000000000000000000, 0.1199928744768390300, 0.2500000000000055500, 0.3800071255231998200, 0.5000000000000388600, 0.6199928744768502500, 0.7500000000000332000, 0.8800071255232110300, 1.000000000000000000 ),
 .UNSPECIFIED. ) ;
#651 = CARTESIAN_POINT ( 'NONE',  ( -15.15675024614589700, -18.68816336446947800, 6.900000000000002100 ) ) ;
#652 = CARTESIAN_POINT ( 'NONE',  ( -12.81045172516999900, -19.48768758712999400, 6.861126051024999800 ) ) ;
#653 = CARTESIAN_POINT ( 'NONE',  ( -13.59952569176804200, -18.06733067278970100, 6.899999999999999500 ) ) ;
#654 = ORIENTED_EDGE ( 'NONE', *, *, #293, .T. ) ;
#655 = CARTESIAN_POINT ( 'NONE',  ( -12.49457088531711200, -18.63609067598463700, 6.732751586246868300 ) ) ;
#656 = CARTESIAN_POINT ( 'NONE',  ( -15.40365615521014300, -17.98101097206695800, 6.500000035578605800 ) ) ;
#657 = EDGE_LOOP ( 'NONE', ( #1109, #1424, #415, #956 ) ) ;
#658 = CARTESIAN_POINT ( 'NONE',  ( -15.40009588871037500, -18.04321850394046600, 6.899999999999996800 ) ) ;
#659 = CARTESIAN_POINT ( 'NONE',  ( -12.57153431802000300, -19.31173489232999800, 6.488001347711999300 ) ) ;
#660 = CARTESIAN_POINT ( 'NONE',  ( -13.92602662002963900, -18.76569830655488900, 6.899999999999999500 ) ) ;
#661 = CARTESIAN_POINT ( 'NONE',  ( -15.00265156685945700, -17.32287029026304400, 6.900000000000004800 ) ) ;
#662 = CARTESIAN_POINT ( 'NONE',  ( -12.45833959647000100, -19.11995395794000500, 6.612376248815998300 ) ) ;
#663 = PLANE ( 'NONE',  #1034 ) ;
#664 = VECTOR ( 'NONE', #682, 100.0000000000000100 ) ;
#665 = SURFACE_SIDE_STYLE ('',( #2401 ) ) ;
#666 = CARTESIAN_POINT ( 'NONE',  ( -14.53140954703646400, -17.17054825568508400, 6.799999999999879900 ) ) ;
#667 = CARTESIAN_POINT ( 'NONE',  ( -14.88608084094000200, -19.52212719821000100, 6.488001347711999300 ) ) ;
#668 = CARTESIAN_POINT ( 'NONE',  ( -12.42242770993000000, -18.89935866723000400, 6.736751149921000900 ) ) ;
#669 = CARTESIAN_POINT ( 'NONE',  ( -15.36389964914917200, -14.05778720947025700, 8.800446715863770900 ) ) ;
#670 = ORIENTED_EDGE ( 'NONE', *, *, #597, .T. ) ;
#671 = CARTESIAN_POINT ( 'NONE',  ( -16.09506377114805900, -16.62428000016834100, 6.849127379370542300 ) ) ;
#672 = EDGE_CURVE ( 'NONE', #841, #1045, #1102, .T. ) ;
#673 = ORIENTED_EDGE ( 'NONE', *, *, #84, .T. ) ;
#674 = CARTESIAN_POINT ( 'NONE',  ( -14.30504366782000300, -17.18406894933250200, 6.800000000000000700 ) ) ;
#675 = CARTESIAN_POINT ( 'NONE',  ( -12.46928361402000200, -18.68000337167999800, 6.861126051024999800 ) ) ;
#676 = CARTESIAN_POINT ( 'NONE',  ( -15.30958331333747100, -17.95762553457894100, 6.800000000000093100 ) ) ;
#677 = EDGE_LOOP ( 'NONE', ( #288, #82, #1084, #481 ) ) ;
#678 = CARTESIAN_POINT ( 'NONE',  ( -16.54956213219001200, -17.41149425342937500, 6.849127379370467700 ) ) ;
#679 = CARTESIAN_POINT ( 'NONE',  ( -14.24371914557020000, -18.94017350089139700, 6.800000000000000700 ) ) ;
#680 = CARTESIAN_POINT ( 'NONE',  ( -14.97297456225440200, -17.29448936960279700, 6.800000000000000700 ) ) ;
#681 = CARTESIAN_POINT ( 'NONE',  ( -14.52791959736652800, -17.27048733838672600, 6.599333342923316100 ) ) ;
#682 = DIRECTION ( 'NONE',  ( -0.9994115292234446700, -0.03430153429885555300, 0.0000000000000000000 ) ) ;
#683 = CARTESIAN_POINT ( 'NONE',  ( -14.44833866581736200, -19.57520768381408200, 6.849127380303822400 ) ) ;
#684 = FACE_OUTER_BOUND ( 'NONE', #344, .T. ) ;
#685 = CARTESIAN_POINT ( 'NONE',  ( -14.58201932184360100, -18.97341276770280100, 6.800000000000000700 ) ) ;
#686 = CARTESIAN_POINT ( 'NONE',  ( -15.62625924392779800, -19.06315056863297400, 6.500000065848047900 ) ) ;
#687 = CARTESIAN_POINT ( 'NONE',  ( -13.62798647857276000, -17.81793115468723000, 6.500000026042624100 ) ) ;
#688 = LINE ( 'NONE', #2269, #1212 ) ;
#689 = CARTESIAN_POINT ( 'NONE',  ( -16.50808313788000000, -17.50479251480999900, 6.861126051024999800 ) ) ;
#690 = CARTESIAN_POINT ( 'NONE',  ( -15.27551063040370100, -18.54297456225189900, 6.426075751477439400 ) ) ;
#691 = CARTESIAN_POINT ( 'NONE',  ( -14.52791959736652000, -17.27048733838670800, 6.800000000000111700 ) ) ;
#692 = CARTESIAN_POINT ( 'NONE',  ( -15.18262238040999900, -19.41100687615999500, 6.612376242486998700 ) ) ;
#693 = CARTESIAN_POINT ( 'NONE',  ( -14.35247951656293500, -18.96539706107333200, 6.500000059534055900 ) ) ;
#694 = CARTESIAN_POINT ( 'NONE',  ( -14.46859045297230200, -18.96945174431919800, 6.500000059976615700 ) ) ;
#695 = EDGE_LOOP ( 'NONE', ( #1245, #2372, #2371, #1080 ) ) ;
#696 = CARTESIAN_POINT ( 'NONE',  ( -15.30661456312000200, -17.65227446694190000, 6.052151502954878000 ) ) ;
#697 = ORIENTED_EDGE ( 'NONE', *, *, #2128, .F. ) ;
#698 = CARTESIAN_POINT ( 'NONE',  ( -15.20997472711630900, -17.66078088786110500, 6.599333342923347200 ) ) ;
#699 = CARTESIAN_POINT ( 'NONE',  ( -15.56607956012999900, -19.13195439007000700, 6.612376242486998700 ) ) ;
#700 = CARTESIAN_POINT ( 'NONE',  ( -13.00759475965479500, -19.50744279665143600, 6.889247048009999700 ) ) ;
#701 = CARTESIAN_POINT ( 'NONE',  ( -14.39565817197909000, -16.38627631265669000, 9.754417224324770400 ) ) ;
#702 = CARTESIAN_POINT ( 'NONE',  ( -15.11183994581692900, -16.39733457538315500, 9.675343352225988600 ) ) ;
#703 = CARTESIAN_POINT ( 'NONE',  ( -15.29322802434412900, -18.49621392361652600, 6.500000046655314300 ) ) ;
#704 = CARTESIAN_POINT ( 'NONE',  ( -14.64483841590809900, -17.17450927906839900, 5.678227254432317600 ) ) ;
#705 = CARTESIAN_POINT ( 'NONE',  ( -15.12258854598564600, -18.62358784771124900, 6.499000014384942700 ) ) ;
#706 = CARTESIAN_POINT ( 'NONE',  ( -15.81547185600000200, -18.79227907203999600, 6.488001347711999300 ) ) ;
#707 = CARTESIAN_POINT ( 'NONE',  ( -13.00696686105296800, -19.52573728685153800, 6.849127380996996800 ) ) ;
#708 = AXIS2_PLACEMENT_3D ( 'NONE', #1813, #2383, #1246 ) ;
#709 = DIRECTION ( 'NONE',  ( 0.03429631001013309900, -0.9992593140067358400, -0.01745240643798281300 ) ) ;
#710 = CARTESIAN_POINT ( 'NONE',  ( -14.55859819073862800, -16.39196736822225000, 9.754423259037391600 ) ) ;
#711 = LINE ( 'NONE', #96, #1230 ) ;
#712 = EDGE_CURVE ( 'NONE', #722, #1162, #1817, .T. ) ;
#713 = CARTESIAN_POINT ( 'NONE',  ( -14.56890058854452300, -16.09694529521336300, 8.080250078916293400 ) ) ;
#714 = CARTESIAN_POINT ( 'NONE',  ( -15.36386839477851000, -17.81076003323082400, 6.500000027360288300 ) ) ;
#715 = ADVANCED_FACE ( 'NONE', ( #611 ), #130, .T. ) ;
#716 = CARTESIAN_POINT ( 'NONE',  ( -14.91772553306470300, -18.87661456311579800, 5.678227254432317600 ) ) ;
#717 = CARTESIAN_POINT ( 'NONE',  ( -13.24213146183377500, -17.24080812121199800, 6.500000009136655900 ) ) ;
#718 = CARTESIAN_POINT ( 'NONE',  ( -15.52218825691330300, -16.59800796014329500, 6.852446001638699400 ) ) ;
#719 = CARTESIAN_POINT ( 'NONE',  ( -12.45734614981261900, -19.13118449019862100, 6.849127379370497900 ) ) ;
#720 = CARTESIAN_POINT ( 'NONE',  ( -15.00912012884286800, -17.45100504430590500, 6.500000017233443100 ) ) ;
#721 = CARTESIAN_POINT ( 'NONE',  ( -13.92708204991173600, -16.14548714711716600, 8.482408757092150300 ) ) ;
#722 = VERTEX_POINT ( 'NONE', #1847 ) ;
#723 = CARTESIAN_POINT ( 'NONE',  ( -13.84031171227163900, -18.57880975397303300, 6.800000000000097500 ) ) ;
#724 = CARTESIAN_POINT ( 'NONE',  ( -14.81993490828487100, -17.22671749591400600, 6.500000010919918300 ) ) ;
#725 = CARTESIAN_POINT ( 'NONE',  ( -14.00232888924025900, -16.65322925485486000, 6.499999995216720400 ) ) ;
#726 = CARTESIAN_POINT ( 'NONE',  ( -15.02215964226000000, -16.59114487198999700, 6.880997255274000000 ) ) ;
#727 = CARTESIAN_POINT ( 'NONE',  ( -16.50184298442768200, -17.50199979159513200, 6.500000010195698500 ) ) ;
#728 = CARTESIAN_POINT ( 'NONE',  ( -15.78139456427999900, -18.78499204383999900, 6.899230593224002600 ) ) ;
#729 = EDGE_CURVE ( 'NONE', #1593, #385, #1381, .T. ) ;
#730 = CARTESIAN_POINT ( 'NONE',  ( -14.53140954703680000, -17.17054825568480000, 6.500000010893936400 ) ) ;
#731 = CARTESIAN_POINT ( 'NONE',  ( -15.29061050922646800, -18.20209812623823000, 6.500000038376168900 ) ) ;
#732 = CARTESIAN_POINT ( 'NONE',  ( -13.61406894933499800, -18.26495633218789600, 6.800000000000000700 ) ) ;
#733 = ADVANCED_FACE ( 'NONE', ( #94 ), #103, .T. ) ;
#734 = ORIENTED_EDGE ( 'NONE', *, *, #1819, .T. ) ;
#735 = CARTESIAN_POINT ( 'NONE',  ( -13.82030041789827600, -17.61225239163975700, 6.699666671660232000 ) ) ;
#736 = CARTESIAN_POINT ( 'NONE',  ( -14.57599005341337100, -18.97320222100973600, 6.500000060385978000 ) ) ;
#737 = CARTESIAN_POINT ( 'NONE',  ( -12.53690449380816600, -18.65863235529030500, 6.899999996324695000 ) ) ;
#738 = CARTESIAN_POINT ( 'NONE',  ( -16.46309550619172400, -17.48136764470939000, 6.899999996324695000 ) ) ;
#739 = ADVANCED_FACE ( 'NONE', ( #1558 ), #106, .T. ) ;
#740 = CARTESIAN_POINT ( 'NONE',  ( -16.46617691700840400, -16.87558012698415100, 6.500000008340779600 ) ) ;
#741 = CARTESIAN_POINT ( 'NONE',  ( -16.51708625441000300, -17.47743776735000100, 6.871117638202001400 ) ) ;
#742 = CARTESIAN_POINT ( 'NONE',  ( -14.19812079892369100, -17.22213858479236100, 7.152960388475452900 ) ) ;
#743 = CARTESIAN_POINT ( 'NONE',  ( -14.82914392463476000, -18.79928427622707700, 6.500000055186527300 ) ) ;
#744 = CARTESIAN_POINT ( 'NONE',  ( -14.24371914557020000, -18.94017350089139700, 6.426075751477439400 ) ) ;
#745 = ORIENTED_EDGE ( 'NONE', *, *, #2425, .F. ) ;
#746 = PRODUCT_DEFINITION_SHAPE ( 'NONE', 'NONE',  #2373 ) ;
#747 = CARTESIAN_POINT ( 'NONE',  ( -14.52791959736663300, -17.27048733838674700, 6.599333343320864700 ) ) ;
#748 = CARTESIAN_POINT ( 'NONE',  ( -14.90991262309229300, -18.87939631410721100, 7.152960435891002600 ) ) ;
#749 = CARTESIAN_POINT ( 'NONE',  ( -13.92552911236111900, -16.13850270090227200, 8.443129489055685600 ) ) ;
#750 = B_SPLINE_CURVE_WITH_KNOTS ( 'NONE', 3,
 ( #1146, #368, #195, #1520 ),
 .UNSPECIFIED., .F., .F.,
 ( 4, 4 ),
 ( 0.0000000000000000000, 1.000000000000000000 ),
 .UNSPECIFIED. ) ;
#751 = CARTESIAN_POINT ( 'NONE',  ( -14.41487468687000000, -19.57172177120000000, 6.736751137261000700 ) ) ;
#752 = CARTESIAN_POINT ( 'NONE',  ( -14.56890058854452300, -16.09694529521336300, 8.080250078916293400 ) ) ;
#753 = CARTESIAN_POINT ( 'NONE',  ( -14.52110158796830000, -16.61427559808750600, 6.899997398026101800 ) ) ;
#754 = LINE ( 'NONE', #1092, #1249 ) ;
#755 = CARTESIAN_POINT ( 'NONE',  ( -16.28578315130999600, -17.92070524720749700, 6.848617413941101800 ) ) ;
#756 = CARTESIAN_POINT ( 'NONE',  ( -13.88620147221942800, -17.41178163278282300, 7.805920769898484900 ) ) ;
#757 = CARTESIAN_POINT ( 'NONE',  ( -14.45116263053650100, -16.09283379512089600, 8.080250078916456900 ) ) ;
#758 = CARTESIAN_POINT ( 'NONE',  ( -14.30504366782000300, -17.18406894933250200, 6.426075751477439400 ) ) ;
#759 = DIRECTION ( 'NONE',  ( -2.855329388252001800E-009, -2.738449645453018600E-008, -0.9999999999999995600 ) ) ;
#760 = CARTESIAN_POINT ( 'NONE',  ( -15.20165832363701800, -18.64628770365475300, 7.805920807460865700 ) ) ;
#761 = CARTESIAN_POINT ( 'NONE',  ( -13.89073039618447300, -15.59540169476601400, 9.518781397574906900 ) ) ;
#762 = FACE_OUTER_BOUND ( 'NONE', #626, .T. ) ;
#763 = CARTESIAN_POINT ( 'NONE',  ( -14.44833866581736200, -19.57520768381408200, 6.849127380303822400 ) ) ;
#764 = CARTESIAN_POINT ( 'NONE',  ( -14.53140954703680000, -17.17054825568480300, 6.500000009338788400 ) ) ;
#765 = CARTESIAN_POINT ( 'NONE',  ( -14.45005347909003400, -19.52524478305083400, 6.900000000000000400 ) ) ;
#766 = CARTESIAN_POINT ( 'NONE',  ( -13.67526197326723100, -17.70971228839745100, 8.458881154575252000 ) ) ;
#767 = CARTESIAN_POINT ( 'NONE',  ( -14.10569959259130000, -16.37379009245696800, 9.741037505382928800 ) ) ;
#768 = CARTESIAN_POINT ( 'NONE',  ( -13.62982649911509900, -17.81371914556779500, 6.052151502954878000 ) ) ;
#769 = CARTESIAN_POINT ( 'NONE',  ( -14.11329938366831300, -16.37494806349915400, 9.746096497213054400 ) ) ;
#770 = CARTESIAN_POINT ( 'NONE',  ( -15.37201351584283400, -18.32206879167427300, 8.458881176189109400 ) ) ;
#771 = CARTESIAN_POINT ( 'NONE',  ( -13.70022763738098500, -17.90142559598803000, 6.800000000000100200 ) ) ;
#772 = CARTESIAN_POINT ( 'NONE',  ( -13.80443359365525200, -17.49581237983678900, 6.500000018494736400 ) ) ;
#773 = ORIENTED_EDGE ( 'NONE', *, *, #853, .F. ) ;
#774 = CARTESIAN_POINT ( 'NONE',  ( -15.99289377538983300, -16.61832321747066000, 6.616375798129531000 ) ) ;
#775 = AXIS2_PLACEMENT_3D ( 'NONE', #2276, #2456, #1142 ) ;
#776 = CARTESIAN_POINT ( 'NONE',  ( -13.59634384480381000, -18.15898902793747600, 6.500000035291956000 ) ) ;
#777 = ORIENTED_EDGE ( 'NONE', *, *, #1805, .T. ) ;
#778 = CARTESIAN_POINT ( 'NONE',  ( -13.17241418546368000, -17.36309088798151000, 6.732751585859306300 ) ) ;
#779 = CARTESIAN_POINT ( 'NONE',  ( -13.75791618186010000, -18.59386380028400200, 5.678227254432317600 ) ) ;
#780 = CARTESIAN_POINT ( 'NONE',  ( -13.73752179402871800, -14.11618151611185100, 9.453316189054840300 ) ) ;
#781 = CARTESIAN_POINT ( 'NONE',  ( -15.38351775895513100, -17.86826566888715100, 6.500000032433620200 ) ) ;
#782 = CARTESIAN_POINT ( 'NONE',  ( -13.86823413136727200, -16.69566259425295100, 6.849127378788997700 ) ) ;
#783 = CARTESIAN_POINT ( 'NONE',  ( -13.60361355575191100, -18.15594017176632800, 6.500000037076862500 ) ) ;
#784 = CARTESIAN_POINT ( 'NONE',  ( -12.43031073056762800, -18.98088773357210400, 6.500000054469820700 ) ) ;
#785 = CARTESIAN_POINT ( 'NONE',  ( -13.69539418942062500, -18.49336732591897500, 7.152960421851943800 ) ) ;
#786 = CARTESIAN_POINT ( 'NONE',  ( -15.96850665032000200, -16.61805006223000400, 6.612376248815998300 ) ) ;
#787 = CARTESIAN_POINT ( 'NONE',  ( -15.23789763359024400, -17.54164705050326100, 7.152960400193932400 ) ) ;
#788 = CARTESIAN_POINT ( 'NONE',  ( -15.03917409215999800, -19.47949434832999700, 6.861126032036001000 ) ) ;
#789 = CARTESIAN_POINT ( 'NONE',  ( -13.99974409725778700, -14.01326359615971900, 8.818094902473642800 ) ) ;
#790 = CARTESIAN_POINT ( 'NONE',  ( -14.02197855319873900, -18.83313121120128700, 6.500000056139292300 ) ) ;
#791 = CARTESIAN_POINT ( 'NONE',  ( -13.15884667591000200, -17.39383714038000100, 6.612376242486998700 ) ) ;
#792 = CARTESIAN_POINT ( 'NONE',  ( -12.74068493492394100, -19.44747046088697200, 6.500000068133167600 ) ) ;
#793 = CARTESIAN_POINT ( 'NONE',  ( -14.55799216733809900, -16.40932160781000000, 9.852904034338307000 ) ) ;
#794 = CARTESIAN_POINT ( 'NONE',  ( -13.92668859822435900, -18.77485002694491500, 7.805920807341017600 ) ) ;
#795 = CARTESIAN_POINT ( 'NONE',  ( -12.97397631514000200, -17.79117963621000000, 6.895433249022999300 ) ) ;
#796 = CARTESIAN_POINT ( 'NONE',  ( -16.11614551191999900, -16.63614444147000200, 6.488001347711999300 ) ) ;
#797 =( NAMED_UNIT ( * ) PLANE_ANGLE_UNIT ( ) SI_UNIT ( $, .RADIAN. ) );
#798 = EDGE_LOOP ( 'NONE', ( #1056, #857, #881, #2232 ) ) ;
#799 = CARTESIAN_POINT ( 'NONE',  ( -14.97156646515347100, -17.29387420679416500, 7.805920769768729200 ) ) ;
#800 = CARTESIAN_POINT ( 'NONE',  ( -13.00717589789519300, -19.51964677469563000, 6.500000025286634100 ) ) ;
#801 = CARTESIAN_POINT ( 'NONE',  ( -14.74628806850021300, -15.68891519273141100, 9.879463578190137000 ) ) ;
#802 = CARTESIAN_POINT ( 'NONE',  ( -13.32632991068000200, -17.12484303875000100, 6.736751137261000700 ) ) ;
#803 = CARTESIAN_POINT ( 'NONE',  ( -14.55159165068102200, -16.56682261883276300, 6.732751589630336900 ) ) ;
#804 = CARTESIAN_POINT ( 'NONE',  ( -14.24123044517678900, -18.93908625834973600, 8.458881189857052600 ) ) ;
#805 = CARTESIAN_POINT ( 'NONE',  ( -13.18787077775999900, -17.33864245305999700, 6.871117638202001400 ) ) ;
#806 = CARTESIAN_POINT ( 'NONE',  ( -16.31967208839000000, -16.72653195598999800, 6.612376248815998300 ) ) ;
#807 = EDGE_LOOP ( 'NONE', ( #1726, #1292, #165, #673 ) ) ;
#808 = CARTESIAN_POINT ( 'NONE',  ( -14.64752053090064100, -17.17460289783364800, 8.458881142697677500 ) ) ;
#809 = ORIENTED_EDGE ( 'NONE', *, *, #1305, .F. ) ;
#810 = CARTESIAN_POINT ( 'NONE',  ( -13.97749093502330500, -19.55903592873830000, 6.848617413939302300 ) ) ;
#811 = CARTESIAN_POINT ( 'NONE',  ( -15.41677195852407900, -14.88814434202400400, 9.355094401317574100 ) ) ;
#812 = CARTESIAN_POINT ( 'NONE',  ( -13.67759457208000200, -16.80468093696999800, 6.861126032036001000 ) ) ;
#813 = EDGE_CURVE ( 'NONE', #1536, #1045, #1052, .T. ) ;
#814 = CARTESIAN_POINT ( 'NONE',  ( -13.19145801547265300, -17.37323129231870000, 6.894485627832971800 ) ) ;
#815 = CARTESIAN_POINT ( 'NONE',  ( -16.81739017093260500, -16.90939768390962800, 6.500000010269693500 ) ) ;
#816 = CARTESIAN_POINT ( 'NONE',  ( -16.47701806147000200, -16.88525873620000100, 6.736751149921000900 ) ) ;
#817 = CARTESIAN_POINT ( 'NONE',  ( -14.07515404227664400, -18.74937189062772400, 6.500000053781531200 ) ) ;
#818 = CARTESIAN_POINT ( 'NONE',  ( -14.97934231098548500, -14.00774317990713400, 8.598678048461458400 ) ) ;
#819 = CARTESIAN_POINT ( 'NONE',  ( -14.26897393381999800, -16.58529168646999700, 6.488001347711999300 ) ) ;
#820 = B_SPLINE_SURFACE_WITH_KNOTS ( 'NONE', 3, 3, ( 
 ( #65, #1209, #266, #1590 ),
 ( #451, #1787, #645, #1971 ),
 ( #839, #2164, #1031, #2356 ),
 ( #1216, #73, #1406, #275 ),
 ( #1599, #456, #1794, #652 ),
 ( #1979, #846, #2170, #1039 ),
 ( #2361, #1224, #78, #1413 ),
 ( #282, #1605, #463, #1800 ),
 ( #659, #1984, #851, #2178 ),
 ( #1043, #2365, #1228, #87 ),
 ( #1416, #286, #1611, #469 ),
 ( #1803, #662, #1990, #855 ),
 ( #2182, #1048, #2368, #1233 ),
 ( #91, #1422, #290, #1617 ),
 ( #474, #1808, #668, #1995 ),
 ( #862, #2188, #1053, #2376 ),
 ( #1239, #98, #1427, #296 ),
 ( #1621, #478, #1815, #675 ),
 ( #2000, #867, #2193, #1059 ),
 ( #2381, #1243, #105, #1433 ) ),
 .UNSPECIFIED., .F., .F., .F.,
 ( 4, 1, 1, 1, 1, 1, 1, 1, 1, 1, 1, 1, 1, 1, 1, 1, 1, 4 ),
 ( 4, 4 ),
 ( 5.229780448879999700, 5.353710432208999700, 5.477640415538001400, 5.601570398867999700, 5.725500382196999600, 5.849430365526999700, 5.973360348856000500, 6.097290332184999600, 6.221220315515000500, 6.345150298843999600, 6.469080282174000600, 6.593010265502999600, 6.716940248832999700, 6.840870232161999600, 6.964800215490999600, 7.088730198821000500, 7.212660182150001400, 7.336590165480000500 ),
 ( 343.6197832617000400, 347.3510302948000100 ),
 .UNSPECIFIED. ) ;
#821 = CARTESIAN_POINT ( 'NONE',  ( -15.11693836575136800, -16.14677698729770900, 8.254217178231822800 ) ) ;
#822 = CARTESIAN_POINT ( 'NONE',  ( -15.27551063040370100, -18.54297456225189900, 6.800000000000000700 ) ) ;
#823 = CARTESIAN_POINT ( 'NONE',  ( -16.56626415221000300, -17.09104345404000100, 6.861126051024999800 ) ) ;
#824 = FACE_OUTER_BOUND ( 'NONE', #657, .T. ) ;
#825 = CARTESIAN_POINT ( 'NONE',  ( -13.72743526609407600, -17.86082444025789700, 6.500000028769561800 ) ) ;
#826 = B_SPLINE_CURVE_WITH_KNOTS ( 'NONE', 3,
 ( #1546, #222, #1356, #414, #1749, #603 ),
 .UNSPECIFIED., .F., .F.,
 ( 4, 2, 4 ),
 ( 0.0000000000000000000, 0.5000000000000000000, 1.000000000000000000 ),
 .UNSPECIFIED. ) ;
#827 = DIRECTION ( 'NONE',  ( 0.03436929493118899600, -0.9842078347378873100, -0.1736481776653372400 ) ) ;
#828 = CARTESIAN_POINT ( 'NONE',  ( -14.58500244851000200, -16.57044572115999900, 6.612376242486998700 ) ) ;
#829 = B_SPLINE_SURFACE_WITH_KNOTS ( 'NONE', 3, 3, ( 
 ( #1529, #2288, #2112, #976 ),
 ( #2297, #1168, #17, #1352 ),
 ( #218, #1541, #409, #1744 ),
 ( #599, #1928, #795, #2120 ),
 ( #990, #2307, #1177, #28 ),
 ( #1362, #227, #1552, #420 ),
 ( #1757, #609, #1940, #805 ),
 ( #2130, #1000, #2321, #1188 ),
 ( #40, #1375, #239, #1565 ),
 ( #427, #1765, #620, #1948 ) ),
 .UNSPECIFIED., .F., .F., .F.,
 ( 4, 1, 1, 1, 1, 1, 1, 4 ),
 ( 4, 4 ),
 ( -0.01020195370813000200, 0.2196056929680000000, 0.4494133396440001000, 0.6792209863200002800, 0.9090286329950001400, 1.138836279671000100, 1.368643926347000300, 1.598451573023000200 ),
 ( -0.07000810203712000400, 14.92908520389000100 ),
 .UNSPECIFIED. ) ;
#830 = VECTOR ( 'NONE', #1090, 100.0000000000000100 ) ;
#831 = CARTESIAN_POINT ( 'NONE',  ( -15.53642528266301100, -14.17900061018053000, 9.453316189054298500 ) ) ;
#832 = CARTESIAN_POINT ( 'NONE',  ( -14.18751436856482300, -14.24970895875963900, 10.12106191063045400 ) ) ;
#833 = CARTESIAN_POINT ( 'NONE',  ( -16.54982809501000300, -17.38730470973000000, 6.488001347711999300 ) ) ;
#834 = CARTESIAN_POINT ( 'NONE',  ( -14.63220715223465600, -14.28408250307057500, 10.22786944775594100 ) ) ;
#835 = CARTESIAN_POINT ( 'NONE',  ( -14.32073834985910600, -17.28907899333913200, 6.500000012675342600 ) ) ;
#836 = CARTESIAN_POINT ( 'NONE',  ( -15.36359366577733700, -16.26287973167414700, 8.863448229890886800 ) ) ;
#837 = CARTESIAN_POINT ( 'NONE',  ( -13.97882843204999800, -19.52006653639999800, 6.899230593224002600 ) ) ;
#838 = B_SPLINE_CURVE_WITH_KNOTS ( 'NONE', 3,
 ( #2152, #1395, #843, #2167, #1036, #2359, #1221, #76, #1410, #280, #1602, #460, #1797, #656, #1982, #849, #2175, #1575, #249, #1166, #15, #1350, #215, #1538, #407 ),
 .UNSPECIFIED., .F., .F.,
 ( 4, 3, 3, 3, 3, 3, 3, 3, 4 ),
 ( 0.0000000000000000000, 0.003373745396681375300, 0.007032969134785763300, 0.01069219287286095300, 0.01406593826954359800, 0.01743968366623034600, 0.02109890740432241600, 0.02475813114240839000, 0.02813187573472602700 ),
 .UNSPECIFIED. ) ;
#839 = CARTESIAN_POINT ( 'NONE',  ( -12.95713029936000300, -19.51716587692000000, 6.488001347711999300 ) ) ;
#840 = CARTESIAN_POINT ( 'NONE',  ( -13.80443602714529100, -17.49581324668487900, 6.900000000000002100 ) ) ;
#841 = VERTEX_POINT ( 'NONE', #316 ) ;
#842 = CARTESIAN_POINT ( 'NONE',  ( -15.82491866870439200, -18.77548891781001900, 6.875605298595116800 ) ) ;
#843 = CARTESIAN_POINT ( 'NONE',  ( -14.68941993334238200, -18.95790227339262700, 6.500000060290890500 ) ) ;
#844 = CARTESIAN_POINT ( 'NONE',  ( -13.47816479845999800, -19.53170539756000000, 6.880997255274000000 ) ) ;
#845 = CARTESIAN_POINT ( 'NONE',  ( -15.24745746511529100, -18.57218229737716800, 6.899999999999997700 ) ) ;
#846 = CARTESIAN_POINT ( 'NONE',  ( -12.74399157852999800, -19.45263011928999900, 6.612376248815998300 ) ) ;
#847 = CARTESIAN_POINT ( 'NONE',  ( -13.60361014860757800, -18.15594129050457500, 6.899999999999996800 ) ) ;
#848 = B_SPLINE_SURFACE_WITH_KNOTS ( 'NONE', 3, 3, ( 
 ( #2038, #121, #2227, #1095 ),
 ( #2420, #1283, #141, #1472 ),
 ( #338, #1670, #523, #1862 ),
 ( #723, #2048, #916, #2239 ),
 ( #1106, #2428, #1294, #154 ),
 ( #1479, #351, #1681, #537 ),
 ( #1872, #735, #2061, #930 ),
 ( #2252, #1119, #2439, #1306 ),
 ( #167, #1491, #359, #1694 ),
 ( #546, #1883, #747, #2073 ) ),
 .UNSPECIFIED., .F., .F., .F.,
 ( 4, 1, 1, 1, 1, 1, 1, 4 ),
 ( 4, 4 ),
 ( 0.0000000000000000000, 0.1208045936606479300, 0.2819225655576738100, 0.4362502267764893900, 0.5637497732234525400, 0.6644600628956568400, 0.8053867746105597400, 1.000000000000000000 ),
 ( 0.0000000000000000000, 1.000000000000000000 ),
 .UNSPECIFIED. ) ;
#849 = CARTESIAN_POINT ( 'NONE',  ( -15.34786139733395400, -17.76812080078489200, 6.500000029589402000 ) ) ;
#850 = CARTESIAN_POINT ( 'NONE',  ( -15.39305851858010000, -17.95452653682870200, 6.900000000000002100 ) ) ;
#851 = CARTESIAN_POINT ( 'NONE',  ( -12.56823167769000100, -19.31457070045000500, 6.736751149921000900 ) ) ;
#852 = CARTESIAN_POINT ( 'NONE',  ( -14.02198257021977800, -18.83313249631619300, 6.900000000000003000 ) ) ;
#853 = EDGE_CURVE ( 'NONE', #2315, #1632, #935, .T. ) ;
#854 = CARTESIAN_POINT ( 'NONE',  ( -14.92699361465736300, -17.27719043201540200, 6.899999999999996800 ) ) ;
#855 = CARTESIAN_POINT ( 'NONE',  ( -12.45423239443000100, -19.12139622431000100, 6.861126051024999800 ) ) ;
#856 = CARTESIAN_POINT ( 'NONE',  ( -14.74563602110599300, -14.28804352645447100, 10.22786944775621600 ) ) ;
#857 = ORIENTED_EDGE ( 'NONE', *, *, #2374, .F. ) ;
#858 =( LENGTH_UNIT ( ) NAMED_UNIT ( * ) SI_UNIT ( .CENTI., .METRE. ) );
#859 = ORIENTED_EDGE ( 'NONE', *, *, #38, .T. ) ;
#860 = ORIENTED_EDGE ( 'NONE', *, *, #235, .T. ) ;
#861 = CARTESIAN_POINT ( 'NONE',  ( -15.28202093096643400, -14.05804168989723700, 8.818094902473156100 ) ) ;
#862 = CARTESIAN_POINT ( 'NONE',  ( -12.43392065660999900, -18.82537542848000500, 6.488001347711999300 ) ) ;
#863 = CARTESIAN_POINT ( 'NONE',  ( -15.08780835711137900, -14.00607973478439300, 8.562023029459545900 ) ) ;
#864 = EDGE_CURVE ( 'NONE', #1141, #540, #1997, .T. ) ;
#865 = CARTESIAN_POINT ( 'NONE',  ( -16.24038968844903500, -16.67404700963803800, 6.849127379370531600 ) ) ;
#866 = CARTESIAN_POINT ( 'NONE',  ( -13.97613619972250200, -17.32791618185770200, 6.800000000000000700 ) ) ;
#867 = CARTESIAN_POINT ( 'NONE',  ( -12.49575419295000100, -18.63724698055000000, 6.612376248815998300 ) ) ;
#868 = CARTESIAN_POINT ( 'NONE',  ( -15.12258854598563800, -18.62358784771127400, 6.800000000000157000 ) ) ;
#869 = PRESENTATION_STYLE_ASSIGNMENT (( #601 ) ) ;
#870 = FACE_OUTER_BOUND ( 'NONE', #548, .T. ) ;
#871 = CARTESIAN_POINT ( 'NONE',  ( -16.50722204113224800, -17.50486401638400100, 6.849127380997073200 ) ) ;
#872 = CARTESIAN_POINT ( 'NONE',  ( -14.46859045297231100, -18.96945174431933600, 6.799999999999885200 ) ) ;
#873 = CARTESIAN_POINT ( 'NONE',  ( -15.24208381814890200, -17.54613619971999600, 6.800000000000000700 ) ) ;
#874 = CARTESIAN_POINT ( 'NONE',  ( -14.72714780942432000, -19.55925230003182200, 6.500000076866268000 ) ) ;
#875 = ORIENTED_EDGE ( 'NONE', *, *, #1360, .T. ) ;
#876 = CARTESIAN_POINT ( 'NONE',  ( -14.42400994659524300, -17.16679777899432600, 6.500000010484583000 ) ) ;
#877 = CARTESIAN_POINT ( 'NONE',  ( -15.82937875924220500, -18.77786381412168000, 6.849127380303738900 ) ) ;
#878 = CARTESIAN_POINT ( 'NONE',  ( -14.53140954703680000, -17.17054825568480000, 6.426075751477439400 ) ) ;
#879 = CARTESIAN_POINT ( 'NONE',  ( -15.73282664836114700, -18.92519611531270500, 6.500000062374512700 ) ) ;
#880 = ORIENTED_EDGE ( 'NONE', *, *, #2314, .F. ) ;
#881 = ORIENTED_EDGE ( 'NONE', *, *, #535, .F. ) ;
#882 = CARTESIAN_POINT ( 'NONE',  ( -13.60054825568689600, -18.03859045296975700, 6.500000032006919800 ) ) ;
#883 = CARTESIAN_POINT ( 'NONE',  ( -16.49167885629000100, -17.52421090408000000, 6.612376248815998300 ) ) ;
#884 = CARTESIAN_POINT ( 'NONE',  ( -15.02386380028649900, -18.81208381814639800, 6.426075751477439400 ) ) ;
#885 = CARTESIAN_POINT ( 'NONE',  ( -14.52791959736652000, -17.27048733838670800, 6.499000014384913400 ) ) ;
#886 = CARTESIAN_POINT ( 'NONE',  ( -15.32240542792000100, -19.33531906302999900, 6.861126032036001000 ) ) ;
#887 = CARTESIAN_POINT ( 'NONE',  ( -13.17062124075591700, -17.36213618588166700, 6.849127380303684700 ) ) ;
#888 = CARTESIAN_POINT ( 'NONE',  ( -14.70218492558688100, -18.94750077477897300, 6.500000059358707300 ) ) ;
#889 = TOROIDAL_SURFACE ( 'NONE', #465, 1.456101656323149700, 0.04999999999759968700 ) ;
#890 = CARTESIAN_POINT ( 'NONE',  ( -15.40341276771000200, -17.98798067816289500, 6.052151502954878000 ) ) ;
#891 = CARTESIAN_POINT ( 'NONE',  ( -15.30958331333747100, -17.95762553457894100, 6.800000000000089500 ) ) ;
#892 = CARTESIAN_POINT ( 'NONE',  ( -15.67536409216000200, -19.01652114236999900, 6.861126032036001000 ) ) ;
#893 = B_SPLINE_CURVE_WITH_KNOTS ( 'NONE', 3,
 ( #1824, #876, #2389, #1252, #111, #1441, #310, #1633, #491, #1830, #687, #2010, #882, #2206, #1069, #2395, #1258, #116, #1444, #315, #1639, #498, #1835, #693, #2016 ),
 .UNSPECIFIED., .F., .F.,
 ( 4, 3, 3, 3, 3, 3, 3, 3, 4 ),
 ( 0.0000000000000000000, 0.003373745300307229200, 0.007032968933878539300, 0.01069219256744295000, 0.01406593786775872000, 0.01743968316807240800, 0.02109890680163703900, 0.02475813043520139900, 0.02813187573551606900 ),
 .UNSPECIFIED. ) ;
#894 = CARTESIAN_POINT ( 'NONE',  ( -14.44515774144087800, -14.96879410427154900, 10.00450993205425300 ) ) ;
#895 = CARTESIAN_POINT ( 'NONE',  ( -15.34662822512516400, -16.35923800619343300, 9.412948145416958600 ) ) ;
#896 = CARTESIAN_POINT ( 'NONE',  ( -14.73102606617999700, -19.55470831353000000, 6.488001347711999300 ) ) ;
#897 = CARTESIAN_POINT ( 'NONE',  ( -15.33101122795127400, -18.41681251014458500, 6.500000044420224800 ) ) ;
#898 = CARTESIAN_POINT ( 'NONE',  ( -14.97297456225440200, -17.29448936960279700, 5.678227254432317600 ) ) ;
#899 = CARTESIAN_POINT ( 'NONE',  ( -14.81074243624942400, -18.83581189622508100, 6.699666671461955000 ) ) ;
#900 = CARTESIAN_POINT ( 'NONE',  ( -15.84309185984000300, -18.74714020192999400, 6.736751137261000700 ) ) ;
#901 = CARTESIAN_POINT ( 'NONE',  ( -13.18955705486442800, -17.33954035709072300, 6.500000045259953100 ) ) ;
#902 = CARTESIAN_POINT ( 'NONE',  ( -14.58066587483748000, -17.27233126386405700, 6.500000012203910800 ) ) ;
#903 = CARTESIAN_POINT ( 'NONE',  ( -14.35516158410100100, -18.96549072093559500, 6.800000000000000700 ) ) ;
#904 = ADVANCED_FACE ( 'NONE', ( #1004 ), #1775, .T. ) ;
#905 = CARTESIAN_POINT ( 'NONE',  ( -15.32119156017499900, -17.70051439925586900, 6.500000024256956400 ) ) ;
#906 = EDGE_LOOP ( 'NONE', ( #419, #1860, #2025, #85 ) ) ;
#907 = CARTESIAN_POINT ( 'NONE',  ( -14.58201932184360100, -18.97341276770280100, 5.678227254432317600 ) ) ;
#908 = EDGE_LOOP ( 'NONE', ( #445, #2283, #2186, #470 ) ) ;
#909 = ORIENTED_EDGE ( 'NONE', *, *, #153, .T. ) ;
#910 = CARTESIAN_POINT ( 'NONE',  ( -14.63281317563514800, -14.26672826348183400, 10.12938867245466800 ) ) ;
#911 = CARTESIAN_POINT ( 'NONE',  ( -16.02184076854000200, -16.61582920831000000, 6.860127676783999800 ) ) ;
#912 = CARTESIAN_POINT ( 'NONE',  ( -12.42262948878823200, -18.98154782718377500, 6.849127379370487200 ) ) ;
#913 = CARTESIAN_POINT ( 'NONE',  ( -15.12080206364942500, -17.56309681021906500, 6.500000020388750200 ) ) ;
#914 = CARTESIAN_POINT ( 'NONE',  ( -14.16503290648922200, -16.11776142569651800, 8.278167768845120700 ) ) ;
#915 = B_SPLINE_SURFACE_WITH_KNOTS ( 'NONE', 3, 3, ( 
 ( #996, #1339, #2312, #1182 ),
 ( #34, #1370, #233, #1559 ),
 ( #2079, #531, #1869, #728 ),
 ( #2056, #924, #2247, #1114 ),
 ( #2435, #1301, #161, #1486 ),
 ( #355, #1689, #542, #1879 ),
 ( #741, #2067, #938, #2259 ),
 ( #1125, #2447, #1313, #173 ),
 ( #1498, #366, #1701, #553 ),
 ( #1890, #755, #2080, #949 ) ),
 .UNSPECIFIED., .F., .F., .F.,
 ( 4, 1, 1, 1, 1, 1, 1, 4 ),
 ( 4, 4 ),
 ( -0.01020195370813000200, 0.2196056929680000000, 0.4494133396440001000, 0.6792209863200002800, 0.9090286329950001400, 1.138836279671000100, 1.368643926347000300, 1.598451573023000200 ),
 ( -0.07000810203712000400, 14.92908520389000100 ),
 .UNSPECIFIED. ) ;
#916 = CARTESIAN_POINT ( 'NONE',  ( -13.84031171227144300, -18.57880975397316400, 6.599333343320987300 ) ) ;
#917 = CARTESIAN_POINT ( 'NONE',  ( -14.65007725056953400, -17.18064526730247700, 6.500000009623015300 ) ) ;
#918 = B_SPLINE_SURFACE_WITH_KNOTS ( 'NONE', 3, 3, ( 
 ( #1924, #791, #2116, #984 ),
 ( #2303, #1173, #25, #1358 ),
 ( #224, #1549, #416, #1752 ),
 ( #605, #1937, #802, #2126 ),
 ( #998, #2316, #1184, #36 ),
 ( #1372, #236, #1561, #425 ),
 ( #1762, #616, #1945, #812 ),
 ( #2137, #1007, #2326, #1192 ),
 ( #46, #1379, #246, #1571 ),
 ( #433, #1769, #624, #1953 ),
 ( #819, #2145, #1014, #2334 ),
 ( #1200, #56, #1388, #254 ),
 ( #1581, #441, #1778, #633 ),
 ( #1961, #828, #2153, #1021 ) ),
 .UNSPECIFIED., .F., .F., .F.,
 ( 4, 1, 1, 1, 1, 1, 1, 1, 1, 1, 1, 4 ),
 ( 4, 4 ),
 ( 0.9905730052279999600, 1.096068154604000100, 1.201563303979999800, 1.307058453356000100, 1.412553602730999900, 1.518048752106999900, 1.623543901483000200, 1.729039050858999900, 1.834534200233999700, 1.940029349609999800, 2.045524498986000400, 2.151019648362000300 ),
 ( 859.2294379385001500, 862.9606847816998000 ),
 .UNSPECIFIED. ) ;
#919 = ADVANCED_FACE ( 'NONE', ( #1480 ), #1950, .T. ) ;
#920 = CARTESIAN_POINT ( 'NONE',  ( -16.46309550619172400, -17.48136764470939000, 6.899999996324695000 ) ) ;
#921 = CARTESIAN_POINT ( 'NONE',  ( -14.20303600001908100, -16.59805560041918000, 6.499999994278894600 ) ) ;
#922 = CARTESIAN_POINT ( 'NONE',  ( -15.02188155804999800, -16.59924714996999700, 6.889247048010001400 ) ) ;
#923 = CARTESIAN_POINT ( 'NONE',  ( -16.56594720760679400, -17.31031922492598000, 6.500000020530773500 ) ) ;
#924 = CARTESIAN_POINT ( 'NONE',  ( -16.26100936225000000, -17.90751377059999800, 6.895433249022999300 ) ) ;
#925 = CARTESIAN_POINT ( 'NONE',  ( -14.53140954330796900, -17.17054821992282500, 7.805920765134715100 ) ) ;
#926 = CARTESIAN_POINT ( 'NONE',  ( -15.26549916889294600, -18.30316005350209700, 6.500000041220984000 ) ) ;
#927 = CARTESIAN_POINT ( 'NONE',  ( -13.60450927907000100, -17.92516158409840100, 6.800000000000000700 ) ) ;
#928 = B_SPLINE_SURFACE_WITH_KNOTS ( 'NONE', 3, 3, ( 
 ( #594, #63, #1396, #263 ),
 ( #1588, #449, #1785, #643 ),
 ( #1970, #837, #2162, #1029 ),
 ( #2354, #1214, #71, #1404 ),
 ( #273, #1596, #454, #1792 ),
 ( #649, #1977, #844, #2168 ),
 ( #1037, #573, #995, #2311 ),
 ( #1181, #32, #1369, #232 ),
 ( #1557, #423, #1760, #613 ),
 ( #1943, #810, #2135, #1003 ) ),
 .UNSPECIFIED., .F., .F., .F.,
 ( 4, 1, 1, 1, 1, 1, 1, 4 ),
 ( 4, 4 ),
 ( -0.01020195370449000100, 0.2196056929750000200, 0.4494133396540001000, 0.6792209863340001900, 0.9090286330140002800, 1.138836279693000100, 1.368643926373000400, 1.598451573052000100 ),
 ( -0.07000810204480000000, 14.92908520428000200 ),
 .UNSPECIFIED. ) ;
#929 = EDGE_CURVE ( 'NONE', #1290, #1401, #2049, .T. ) ;
#930 = CARTESIAN_POINT ( 'NONE',  ( -13.82030041789811700, -17.61225239164038600, 6.499000014981216800 ) ) ;
#931 = ADVANCED_FACE ( 'NONE', ( #431 ), #945, .T. ) ;
#932 = VECTOR ( 'NONE', #248, 100.0000000000000000 ) ;
#933 = CARTESIAN_POINT ( 'NONE',  ( -14.57599004968453600, -18.97320218524777100, 7.805920814626758500 ) ) ;
#934 = CARTESIAN_POINT ( 'NONE',  ( -14.56829456514453000, -16.11429953480469000, 8.178730854217011600 ) ) ;
#935 = B_SPLINE_CURVE_WITH_KNOTS ( 'NONE', 3,
 ( #694, #499, #2397, #2017, #888, #2215, #1077, #2403, #1268, #122, #1451, #322, #1652, #505, #1841, #703, #2029, #897, #2221, #1086, #2411, #1275, #132, #1460, #331, #1660, #515, #1850, #714, #2039, #905, #2229, #1096, #2421, #1284, #142, #1473, #339, #1671, #524, #1863, #724, #2050, #917, #2241, #1107 ),
 .UNSPECIFIED., .F., .F.,
 ( 4, 2, 2, 2, 2, 2, 2, 2, 2, 2, 2, 2, 2, 2, 2, 2, 2, 2, 2, 2, 2, 2, 4 ),
 ( 0.0000000000000000000, 0.001758263613139271500, 0.002637395419708941500, 0.003516527226278611900, 0.005274790839418029600, 0.007033054452557446800, 0.008791318065696864000, 0.009670449872266581200, 0.01054958167883630000, 0.01142871348540601900, 0.01230784529197573800, 0.01406610890511525300, 0.01494524071168501000, 0.01582437251825476500, 0.01758263613139436600, 0.01846176793796417600, 0.01934089974453398500, 0.02109916335767349600, 0.02285742697081300300, 0.02373655877738276700, 0.02461569058395253100, 0.02637395419709202500, 0.02813221781023151800 ),
 .UNSPECIFIED. ) ;
#936 = DIRECTION ( 'NONE',  ( 0.9993908270191747000, 0.03489949670024174200, 1.938823184683401000E-012 ) ) ;
#937 = CARTESIAN_POINT ( 'NONE',  ( -16.38230203516235400, -16.78125871834843600, 6.500000005518356400 ) ) ;
#938 = CARTESIAN_POINT ( 'NONE',  ( -16.04711489962999900, -18.36005095374000000, 6.871117638202001400 ) ) ;
#939 = CARTESIAN_POINT ( 'NONE',  ( -14.19812079519485700, -17.22213854903039700, 8.458881142716229800 ) ) ;
#940 = CARTESIAN_POINT ( 'NONE',  ( -14.73075853817480100, -18.83767428515884400, 6.500000056267174000 ) ) ;
#941 = CARTESIAN_POINT ( 'NONE',  ( -13.92564715523440300, -18.77373324783249900, 6.426075751477439400 ) ) ;
#942 = VERTEX_POINT ( 'NONE', #429 ) ;
#943 = CARTESIAN_POINT ( 'NONE',  ( -17.29055585821000200, -18.20859120968999900, 6.900000000000000400 ) ) ;
#944 = CARTESIAN_POINT ( 'NONE',  ( -14.90991261936345300, -18.87939627834523600, 8.458881190131782200 ) ) ;
#945 = B_SPLINE_SURFACE_WITH_KNOTS ( 'NONE', 3, 3, ( 
 ( #730, #2057, #925, #2248 ),
 ( #1116, #2436, #1302, #162 ),
 ( #1487, #356, #1690, #543 ),
 ( #1880, #742, #2068, #939 ),
 ( #2260, #1126, #2448, #1314 ),
 ( #174, #1499, #367, #1702 ),
 ( #554, #1891, #756, #2081 ),
 ( #950, #2270, #1135, #2459 ),
 ( #1325, #185, #1510, #380 ),
 ( #1712, #565, #1900, #766 ),
 ( #2090, #958, #2278, #1145 ),
 ( #2468, #1333, #194, #1519 ),
 ( #392, #1721, #574, #1908 ),
 ( #776, #2099, #967, #2287 ),
 ( #1155, #6, #1342, #205 ),
 ( #1528, #400, #1732, #584 ),
 ( #1918, #785, #2110, #975 ),
 ( #2296, #1167, #16, #1351 ),
 ( #217, #1539, #408, #1743 ),
 ( #598, #1927, #794, #2119 ),
 ( #988, #2306, #1176, #27 ),
 ( #1361, #226, #1551, #418 ),
 ( #1756, #608, #1939, #804 ),
 ( #2129, #999, #2319, #1187 ),
 ( #39, #1374, #238, #1564 ) ),
 .UNSPECIFIED., .F., .F., .F.,
 ( 4, 3, 3, 3, 3, 3, 3, 3, 4 ),
 ( 4, 4 ),
 ( 0.0000000000000000000, 0.3412780316374762200, 0.7114342016580250700, 1.081590371677875900, 1.422868403316216000, 1.764146434954345400, 2.134302604974218600, 2.504458774994064600, 2.845736806632293400 ),
 ( 0.0000000000000000000, 1.958881131361171100 ),
 .UNSPECIFIED. ) ;
#946 = CARTESIAN_POINT ( 'NONE',  ( -13.97502868182225700, -14.72102049251683700, 8.693222196786102500 ) ) ;
#947 = CARTESIAN_POINT ( 'NONE',  ( -15.76355844620696300, -18.90147547806663300, 6.849127378789004800 ) ) ;
#948 = CARTESIAN_POINT ( 'NONE',  ( -14.50000000000002700, -18.06999999999988300, 6.899999999999861800 ) ) ;
#949 = CARTESIAN_POINT ( 'NONE',  ( -15.81581179652830100, -18.80331843360000100, 6.848617413941101800 ) ) ;
#950 = CARTESIAN_POINT ( 'NONE',  ( -13.79834167264786900, -17.49371226058747600, 6.500000017650464200 ) ) ;
#951 = CARTESIAN_POINT ( 'NONE',  ( -14.11523122256028500, -16.10083992246538600, 8.192116607872444300 ) ) ;
#952 = CARTESIAN_POINT ( 'NONE',  ( -14.53140954703680000, -17.17054825568480000, 6.426075751477439400 ) ) ;
#953 = CARTESIAN_POINT ( 'NONE',  ( -14.12289327690489100, -16.10021490680724900, 8.187057616042785900 ) ) ;
#954 = EDGE_LOOP ( 'NONE', ( #438, #1459 ) ) ;
#955 = CARTESIAN_POINT ( 'NONE',  ( -15.27438783319129100, -18.54554476839313200, 6.500000050668957000 ) ) ;
#956 = ORIENTED_EDGE ( 'NONE', *, *, #1231, .F. ) ;
#957 = DIRECTION ( 'NONE',  ( -0.03489949670248961000, 0.9993908270190961000, 0.0000000000000000000 ) ) ;
#958 = CARTESIAN_POINT ( 'NONE',  ( -13.62798647670834200, -17.81793113680624400, 7.152960403163001900 ) ) ;
#959 = CARTESIAN_POINT ( 'NONE',  ( -14.44025420932964500, -16.40521010771802700, 9.852904034338898500 ) ) ;
#960 = CARTESIAN_POINT ( 'NONE',  ( -13.79626675217399900, -17.49564715523189300, 6.052151502954878000 ) ) ;
#961 = CARTESIAN_POINT ( 'NONE',  ( -14.44456329846693200, -16.40536058442629400, 9.852904034339056600 ) ) ;
#962 = CARTESIAN_POINT ( 'NONE',  ( -15.39565444406601500, -18.21014992767818100, 7.152960418950988800 ) ) ;
#963 = CARTESIAN_POINT ( 'NONE',  ( -14.08168763583037200, -17.34419395408470200, 6.800000000000102900 ) ) ;
#964 = CARTESIAN_POINT ( 'NONE',  ( -13.73633725386042500, -17.59283180357761700, 6.500000021225763400 ) ) ;
#965 = VECTOR ( 'NONE', #827, 100.0000000000000100 ) ;
#966 = CARTESIAN_POINT ( 'NONE',  ( -14.53140954703680000, -17.17054825568480000, 6.500000010893936400 ) ) ;
#967 = CARTESIAN_POINT ( 'NONE',  ( -13.59634384107497600, -18.15898899217550900, 7.805920789532734700 ) ) ;
#968 = DIRECTION ( 'NONE',  ( -8.592823452748320400E-016, 3.206885370674184200E-015, 1.000000000000000000 ) ) ;
#969 = CARTESIAN_POINT ( 'NONE',  ( -13.61406894933499800, -18.26495633218789600, 5.678227254432317600 ) ) ;
#970 = CARTESIAN_POINT ( 'NONE',  ( -13.84389819546474100, -14.17760405637394400, 9.780393986267556600 ) ) ;
#971 = CARTESIAN_POINT ( 'NONE',  ( -15.38351775522629700, -17.86826563312518700, 7.805920786674398900 ) ) ;
#972 = CARTESIAN_POINT ( 'NONE',  ( -14.27107909307730800, -16.57483223818252000, 6.849127378788987000 ) ) ;
#973 = CARTESIAN_POINT ( 'NONE',  ( -13.62111501494955100, -18.27258570918525000, 6.500000040360341700 ) ) ;
#974 = CARTESIAN_POINT ( 'NONE',  ( -12.44290081889364300, -19.05631136456844700, 6.500000056571206400 ) ) ;
#975 = CARTESIAN_POINT ( 'NONE',  ( -13.69539418569178900, -18.49336729015700700, 8.458881176092724300 ) ) ;
#976 = CARTESIAN_POINT ( 'NONE',  ( -13.22875489305170000, -17.36041231028499600, 6.899997398026101800 ) ) ;
#977 = CARTESIAN_POINT ( 'NONE',  ( -15.96852012612000100, -16.62022099237999800, 6.488001347711999300 ) ) ;
#978 = CARTESIAN_POINT ( 'NONE',  ( -15.23789762986141100, -17.54164701474129400, 8.458881154434712000 ) ) ;
#979 = ORIENTED_EDGE ( 'NONE', *, *, #2195, .T. ) ;
#980 =( GEOMETRIC_REPRESENTATION_CONTEXT ( 3 ) GLOBAL_UNCERTAINTY_ASSIGNED_CONTEXT ( ( #11 ) ) GLOBAL_UNIT_ASSIGNED_CONTEXT ( ( #557, #2299, #1170 ) ) REPRESENTATION_CONTEXT ( 'NONE', 'WORKASPACE' ) );
#981 = CARTESIAN_POINT ( 'NONE',  ( -14.54136579842715300, -13.98552907334972100, 8.553700013634319500 ) ) ;
#982 = CARTESIAN_POINT ( 'NONE',  ( -14.09951362488225600, -18.87652473837354000, 6.500000057360789900 ) ) ;
#983 = ORIENTED_EDGE ( 'NONE', *, *, #1798, .T. ) ;
#984 = CARTESIAN_POINT ( 'NONE',  ( -13.15496960440999900, -17.39188245577000200, 6.861126032036001000 ) ) ;
#985 = CARTESIAN_POINT ( 'NONE',  ( -12.80981866540572300, -19.47960022092617600, 6.500000069210430300 ) ) ;
#986 = CARTESIAN_POINT ( 'NONE',  ( -14.55069820114219000, -16.59285421731596300, 6.895433249023002800 ) ) ;
#987 = EDGE_CURVE ( 'NONE', #1536, #2390, #482, .T. ) ;
#988 = CARTESIAN_POINT ( 'NONE',  ( -14.02843353112674400, -18.84612575744789400, 6.500000055342601600 ) ) ;
#989 = ORIENTED_EDGE ( 'NONE', *, *, #535, .T. ) ;
#990 = CARTESIAN_POINT ( 'NONE',  ( -12.49537853538000000, -18.66919944841000100, 6.889247048010001400 ) ) ;
#991 = CARTESIAN_POINT ( 'NONE',  ( -16.11718723527000200, -16.63191785261000500, 6.736751149921000900 ) ) ;
#992 = CARTESIAN_POINT ( 'NONE',  ( -14.86028765796614300, -17.24526197885797500, 6.500000013878988600 ) ) ;
#993 = CARTESIAN_POINT ( 'NONE',  ( -15.18360905947000100, -19.41294520023999900, 6.736751137261000700 ) ) ;
#994 = VERTEX_POINT ( 'NONE', #1195 ) ;
#995 = CARTESIAN_POINT ( 'NONE',  ( -13.47795848522999900, -19.53771655206999800, 6.871117638200999500 ) ) ;
#996 = CARTESIAN_POINT ( 'NONE',  ( -16.47620213912829400, -17.45566791012499400, 6.899997398026101800 ) ) ;
#997 = CARTESIAN_POINT ( 'NONE',  ( -14.79578763796052800, -14.27143298434607200, 10.12955628592031100 ) ) ;
#998 = CARTESIAN_POINT ( 'NONE',  ( -13.43546137729000000, -17.00958058471999500, 6.488001347711999300 ) ) ;
#999 = CARTESIAN_POINT ( 'NONE',  ( -14.35247951469852100, -18.96539704319234700, 7.152960436654433700 ) ) ;
#1000 = CARTESIAN_POINT ( 'NONE',  ( -12.71471644609000000, -18.21956077699000100, 6.860127676785998200 ) ) ;
#1001 = CARTESIAN_POINT ( 'NONE',  ( -16.32217809040000100, -16.72297257475999300, 6.861126051024999800 ) ) ;
#1002 = CARTESIAN_POINT ( 'NONE',  ( -14.53140954517238400, -17.17054823780381100, 7.152960388014324900 ) ) ;
#1003 = CARTESIAN_POINT ( 'NONE',  ( -12.97813981647330200, -19.52473646783670000, 6.848617413939302300 ) ) ;
#1004 = FACE_OUTER_BOUND ( 'NONE', #908, .T. ) ;
#1005 = CARTESIAN_POINT ( 'NONE',  ( -15.36925993469425900, -16.24889205884985800, 8.783047024178523900 ) ) ;
#1006 = EDGE_CURVE ( 'NONE', #1632, #2111, #2380, .T. ) ;
#1007 = CARTESIAN_POINT ( 'NONE',  ( -13.81737761958999900, -16.72899312384000200, 6.612376242486998700 ) ) ;
#1008 = CARTESIAN_POINT ( 'NONE',  ( -14.78374052548427100, -16.41348440398606100, 9.831816826054845700 ) ) ;
#1009 = CARTESIAN_POINT ( 'NONE',  ( -13.17041729642390100, -17.36202759018881300, 6.862360777353779400 ) ) ;
#1010 = CARTESIAN_POINT ( 'NONE',  ( -16.51062764309999800, -16.95216167537999800, 6.488001347711999300 ) ) ;
#1011 = ORIENTED_EDGE ( 'NONE', *, *, #1755, .T. ) ;
#1012 = CARTESIAN_POINT ( 'NONE',  ( -13.95078451671246400, -18.65346376470115400, 6.500000051081785900 ) ) ;
#1013 = CARTESIAN_POINT ( 'NONE',  ( -14.69418805538577100, -15.40909110756115700, 8.303780954081586800 ) ) ;
#1014 = CARTESIAN_POINT ( 'NONE',  ( -14.26830510564999700, -16.58099340635999800, 6.736751137261000700 ) ) ;
#1015 = CARTESIAN_POINT ( 'NONE',  ( -14.79438941701906900, -16.10854004881809900, 8.101337287200337300 ) ) ;
#1016 = CARTESIAN_POINT ( 'NONE',  ( -14.19710826180140200, -13.97497580206773700, 8.562023029460188900 ) ) ;
#1017 = CARTESIAN_POINT ( 'NONE',  ( -15.39549072093810100, -18.21483841590560000, 6.800000000000000700 ) ) ;
#1018 = CARTESIAN_POINT ( 'NONE',  ( -16.57331349948000100, -17.16585176690000500, 6.612376248815998300 ) ) ;
#1019 = CARTESIAN_POINT ( 'NONE',  ( -13.75152134848782700, -17.78649814121530400, 6.500000026677329700 ) ) ;
#1020 = ORIENTED_EDGE ( 'NONE', *, *, #2238, .F. ) ;
#1021 = CARTESIAN_POINT ( 'NONE',  ( -14.58524817774000000, -16.56611073643999900, 6.861126032036001000 ) ) ;
#1022 = B_SPLINE_CURVE_WITH_KNOTS ( 'NONE', 3,
 ( #297, #1428, #479, #1816, #676, #2001, #868, #2194, #1060, #2382 ),
 .UNSPECIFIED., .F., .F.,
 ( 4, 1, 1, 1, 1, 1, 1, 4 ),
 ( 0.0000000000000000000, 0.1946132253893152200, 0.3355399371044908700, 0.4362502267769989800, 0.5637497732234476600, 0.7180774344417604200, 0.8791954063395225300, 1.000000000000000000 ),
 .UNSPECIFIED. ) ;
#1023 = CARTESIAN_POINT ( 'NONE',  ( -15.51708177351935800, -14.11937835032252800, 9.119216094908354700 ) ) ;
#1024 = CARTESIAN_POINT ( 'NONE',  ( -14.51877828336344000, -14.28012147968678600, 10.22786944775645400 ) ) ;
#1025 = CARTESIAN_POINT ( 'NONE',  ( -16.55400929000000000, -17.38851584527999700, 6.736751149921000900 ) ) ;
#1026 = CARTESIAN_POINT ( 'NONE',  ( -14.53140954589466800, -17.17054824473100500, 6.900000000000002100 ) ) ;
#1027 = CARTESIAN_POINT ( 'NONE',  ( -14.47510865930480500, -17.26864512710025700, 6.500000012100143100 ) ) ;
#1028 = CARTESIAN_POINT ( 'NONE',  ( -15.34088086226203800, -16.31666586046285500, 9.172794133307922600 ) ) ;
#1029 = CARTESIAN_POINT ( 'NONE',  ( -12.97947731350000200, -19.48576707549999300, 6.899230593224002600 ) ) ;
#1030 = CARTESIAN_POINT ( 'NONE',  ( -14.58663384853624500, -18.96774517916664500, 6.899999999999997700 ) ) ;
#1031 = CARTESIAN_POINT ( 'NONE',  ( -12.95661902695000100, -19.52148882051000100, 6.736751149921000900 ) ) ;
#1032 = CARTESIAN_POINT ( 'NONE',  ( -13.73633628736200800, -17.59282981404523100, 6.900000000000000400 ) ) ;
#1033 = FACE_OUTER_BOUND ( 'NONE', #99, .T. ) ;
#1034 = AXIS2_PLACEMENT_3D ( 'NONE', #1244, #302, #1624 ) ;
#1035 = CARTESIAN_POINT ( 'NONE',  ( -15.82937875924220500, -18.77786381412168000, 6.849127380303738900 ) ) ;
#1036 = CARTESIAN_POINT ( 'NONE',  ( -14.90991262495670400, -18.87939633198819000, 6.500000058770624800 ) ) ;
#1037 = CARTESIAN_POINT ( 'NONE',  ( -14.47730960378000000, -19.57201601297999700, 6.871117638200999500 ) ) ;
#1038 = CARTESIAN_POINT ( 'NONE',  ( -15.29322924761443200, -18.49621559221600000, 6.899999999999997700 ) ) ;
#1039 = CARTESIAN_POINT ( 'NONE',  ( -12.74194478205999700, -19.45647197626999900, 6.861126051024999800 ) ) ;
#1040 = CARTESIAN_POINT ( 'NONE',  ( -13.62112016931856200, -18.27258797482142300, 6.900000000000003000 ) ) ;
#1041 = ORIENTED_EDGE ( 'NONE', *, *, #1859, .T. ) ;
#1042 = CARTESIAN_POINT ( 'NONE',  ( -15.36386553081374200, -17.81075629854008100, 6.900000000000002100 ) ) ;
#1043 = CARTESIAN_POINT ( 'NONE',  ( -12.52660979200000200, -19.25233545415999700, 6.488001347711999300 ) ) ;
#1044 = CARTESIAN_POINT ( 'NONE',  ( -14.09951655780052900, -18.87652578082475000, 6.900000000000003000 ) ) ;
#1045 = VERTEX_POINT ( 'NONE', #1574 ) ;
#1046 = ORIENTED_EDGE ( 'NONE', *, *, #348, .T. ) ;
#1047 = CARTESIAN_POINT ( 'NONE',  ( -14.81993164449319500, -17.22671568365110400, 6.900000000000003000 ) ) ;
#1048 = CARTESIAN_POINT ( 'NONE',  ( -12.43798983252000300, -19.04803304458999600, 6.612376248815998300 ) ) ;
#1049 = CARTESIAN_POINT ( 'NONE',  ( -15.07821446387654700, -14.28081289147641400, 10.12106191063007500 ) ) ;
#1050 =( NAMED_UNIT ( * ) SI_UNIT ( $, .STERADIAN. ) SOLID_ANGLE_UNIT ( ) );
#1051 = CARTESIAN_POINT ( 'NONE',  ( -15.44148737395974700, -14.18038744566667500, 9.479967107004604500 ) ) ;
#1052 = LINE ( 'NONE', #117, #530 ) ;
#1053 = CARTESIAN_POINT ( 'NONE',  ( -12.42962181720000100, -18.82469043172999800, 6.736751149921000900 ) ) ;
#1054 = CARTESIAN_POINT ( 'NONE',  ( -14.75654444231292200, -13.97566721385738700, 8.455215492334252400 ) ) ;
#1055 = CARTESIAN_POINT ( 'NONE',  ( -16.36861331712610800, -16.75863470685110500, 6.849127379370520100 ) ) ;
#1056 = ORIENTED_EDGE ( 'NONE', *, *, #216, .T. ) ;
#1057 = EDGE_CURVE ( 'NONE', #47, #1643, #1878, .T. ) ;
#1058 = CARTESIAN_POINT ( 'NONE',  ( -13.72448936960530300, -17.59702543775210200, 6.800000000000000700 ) ) ;
#1059 = CARTESIAN_POINT ( 'NONE',  ( -12.49191686212000000, -18.63520748519000100, 6.861126051024999800 ) ) ;
#1060 = CARTESIAN_POINT ( 'NONE',  ( -14.57322426395513700, -18.87304087697777200, 6.800000000000122400 ) ) ;
#1061 = PLANE ( 'NONE',  #708 ) ;
#1062 = CARTESIAN_POINT ( 'NONE',  ( -15.38593105067400100, -17.87504366781610100, 6.800000000000000700 ) ) ;
#1063 = CARTESIAN_POINT ( 'NONE',  ( -14.99752808259140100, -19.48679715861040800, 6.500000075654137200 ) ) ;
#1064 = CARTESIAN_POINT ( 'NONE',  ( -15.82579262203795900, -18.77595427798079100, 6.616375796696102500 ) ) ;
#1065 = B_SPLINE_CURVE_WITH_KNOTS ( 'NONE', 3,
 ( #707, #2224, #2414, #1279, #137, #1466, #335, #1666, #519, #1854, #719, #2042, #912, #2234, #1101, #2424, #1289, #146 ),
 .UNSPECIFIED., .F., .F.,
 ( 4, 2, 2, 2, 2, 2, 2, 2, 4 ),
 ( 0.0000000000000000000, 0.1250000000000000000, 0.2500000000000000000, 0.3750000000000000000, 0.5000000000000000000, 0.6250000000000000000, 0.7500000000000000000, 0.8750000000000000000, 1.000000000000000000 ),
 .UNSPECIFIED. ) ;
#1066 = CARTESIAN_POINT ( 'NONE',  ( -14.75628085443880300, -17.19982649911260400, 6.426075751477439400 ) ) ;
#1067 = CARTESIAN_POINT ( 'NONE',  ( -15.78987390771840200, -18.83645848834632400, 6.500000060107360000 ) ) ;
#1068 = FACE_OUTER_BOUND ( 'NONE', #1771, .T. ) ;
#1069 = CARTESIAN_POINT ( 'NONE',  ( -13.61648224105334400, -18.27173433111525500, 6.500000038436941600 ) ) ;
#1070 = CARTESIAN_POINT ( 'NONE',  ( -16.49542554180999700, -17.52640517501000200, 6.861126051024999800 ) ) ;
#1071 = CARTESIAN_POINT ( 'NONE',  ( -14.69495633219039700, -18.95593105067149500, 6.426075751477439400 ) ) ;
#1072 = CARTESIAN_POINT ( 'NONE',  ( -14.69085943940438600, -17.27618345459459400, 6.699666671461579300 ) ) ;
#1073 = CARTESIAN_POINT ( 'NONE',  ( -15.32122012955999900, -19.33349541187000400, 6.736751137261000700 ) ) ;
#1074 = COLOUR_RGB ( '',1.000000000000000000, 1.000000000000000000, 1.000000000000000000 ) ;
#1075 = B_SPLINE_CURVE_WITH_KNOTS ( 'NONE', 3,
 ( #1807, #473, #1994, #861, #2187, #1051, #2375, #1238, #97, #1426 ),
 .UNSPECIFIED., .F., .F.,
 ( 4, 1, 1, 1, 1, 1, 1, 4 ),
 ( -0.02193275195900269000, -0.01892113457274333800, -0.01490451839367774200, -0.01105718234773098700, -0.007878662068126277000, -0.005367988838241463000, -0.001854733900415479100, 0.002996907543130651600 ),
 .UNSPECIFIED. ) ;
#1076 = DIRECTION ( 'NONE',  ( -2.213069257839155800E-013, -0.0000000000000000000, 1.000000000000000000 ) ) ;
#1077 = CARTESIAN_POINT ( 'NONE',  ( -14.78771595066842300, -18.92328141926553900, 6.500000058676954000 ) ) ;
#1078 = CARTESIAN_POINT ( 'NONE',  ( -15.37017350089390000, -18.32628085443629800, 6.052151502954878000 ) ) ;
#1079 = CARTESIAN_POINT ( 'NONE',  ( -15.30958331333770900, -17.95762553457899100, 6.599333342923380000 ) ) ;
#1080 = ORIENTED_EDGE ( 'NONE', *, *, #1527, .F. ) ;
#1081 = CARTESIAN_POINT ( 'NONE',  ( -15.67197608647999900, -19.01379278012999700, 6.612376242486998700 ) ) ;
#1082 = ORIENTED_EDGE ( 'NONE', *, *, #256, .F. ) ;
#1083 = CARTESIAN_POINT ( 'NONE',  ( -14.55859819073828000, -16.39196736822441700, 9.754423259037011500 ) ) ;
#1084 = ORIENTED_EDGE ( 'NONE', *, *, #1917, .F. ) ;
#1085 = CARTESIAN_POINT ( 'NONE',  ( -15.46218416776054600, -16.30498798039355200, 9.082596986703599400 ) ) ;
#1086 = CARTESIAN_POINT ( 'NONE',  ( -15.36096131420948100, -18.33386724191349200, 6.500000042085377000 ) ) ;
#1087 = CARTESIAN_POINT ( 'NONE',  ( -15.24208381814890200, -17.54613619971999600, 5.678227254432317600 ) ) ;
#1088 = CARTESIAN_POINT ( 'NONE',  ( -14.81074243624836500, -18.83581189622568200, 6.499000014384935600 ) ) ;
#1089 = CARTESIAN_POINT ( 'NONE',  ( -15.83921478834000000, -18.74518551731999600, 6.488001347711999300 ) ) ;
#1090 = DIRECTION ( 'NONE',  ( -0.4699997645189435400, 0.8826665402926167100, -0.0000000000000000000 ) ) ;
#1091 = AXIS2_PLACEMENT_3D ( 'NONE', #943, #372, #1704 ) ;
#1092 = CARTESIAN_POINT ( 'NONE',  ( -14.46859045297230200, -18.96945174431919800, 6.239113627216158700 ) ) ;
#1093 = CARTESIAN_POINT ( 'NONE',  ( -14.15656034651852100, -16.36038379902309000, 9.654986344410621900 ) ) ;
#1094 = EDGE_CURVE ( 'NONE', #1490, #1833, #52, .T. ) ;
#1095 = CARTESIAN_POINT ( 'NONE',  ( -14.47208040264258100, -18.86951266161728600, 6.499000014981222200 ) ) ;
#1096 = CARTESIAN_POINT ( 'NONE',  ( -15.28095024711574900, -17.62169270199032300, 6.500000022038183700 ) ) ;
#1097 = VECTOR ( 'NONE', #177, 100.0000000000000000 ) ;
#1098 = CARTESIAN_POINT ( 'NONE',  ( -12.49815701557136900, -18.63800020840561400, 6.500000016754328600 ) ) ;
#1099 = CARTESIAN_POINT ( 'NONE',  ( -13.32384358119870500, -17.12865807738765500, 6.500000006298788200 ) ) ;
#1100 = CARTESIAN_POINT ( 'NONE',  ( -15.52216520926000100, -16.59867947784999800, 6.860127676783999800 ) ) ;
#1101 = CARTESIAN_POINT ( 'NONE',  ( -12.42650763353136700, -18.82798566561964600, 6.849127379370473000 ) ) ;
#1102 = CIRCLE ( 'NONE', #2088, 0.5561016473547841800 ) ;
#1103 = CARTESIAN_POINT ( 'NONE',  ( -15.19363767372484200, -17.67083659113873400, 6.500000023421543800 ) ) ;
#1104 = CARTESIAN_POINT ( 'NONE',  ( -14.46363860246805700, -16.11064486805633000, 8.178730854217134200 ) ) ;
#1105 = ADVANCED_FACE ( 'NONE', ( #2332 ), #820, .T. ) ;
#1106 = CARTESIAN_POINT ( 'NONE',  ( -13.68881192136913700, -18.22814756257700700, 6.800000000000093100 ) ) ;
#1107 = CARTESIAN_POINT ( 'NONE',  ( -14.53140954703680000, -17.17054825568480300, 6.500000009338788400 ) ) ;
#1108 = CARTESIAN_POINT ( 'NONE',  ( -14.52791959736637600, -17.27048733838699600, 6.799999999999919000 ) ) ;
#1109 = ORIENTED_EDGE ( 'NONE', *, *, #2043, .F. ) ;
#1110 = CARTESIAN_POINT ( 'NONE',  ( -14.37579176320818800, -16.57474274758755000, 6.499999994133760900 ) ) ;
#1111 = CARTESIAN_POINT ( 'NONE',  ( -14.52220599877999900, -16.58209741951999700, 6.889247048010001400 ) ) ;
#1112 = ADVANCED_FACE ( 'NONE', ( #870 ), #2451, .T. ) ;
#1113 = CARTESIAN_POINT ( 'NONE',  ( -16.57259153354600700, -17.23473656695480100, 6.500000018479950900 ) ) ;
#1114 = CARTESIAN_POINT ( 'NONE',  ( -15.79103800746999800, -18.79012695698999700, 6.895433249022999300 ) ) ;
#1115 = EDGE_CURVE ( 'NONE', #1420, #1235, #360, .T. ) ;
#1116 = CARTESIAN_POINT ( 'NONE',  ( -14.42400994659524300, -17.16679777899432600, 6.500000010484570500 ) ) ;
#1117 = CARTESIAN_POINT ( 'NONE',  ( -15.23869973630098700, -18.37741183563078500, 6.500000043311119100 ) ) ;
#1118 = CARTESIAN_POINT ( 'NONE',  ( -13.72448936960530300, -17.59702543775210200, 6.800000000000000700 ) ) ;
#1119 = CARTESIAN_POINT ( 'NONE',  ( -14.08168763583056900, -17.34419395408572500, 6.699666671660446900 ) ) ;
#1120 = CARTESIAN_POINT ( 'NONE',  ( -14.68941993334238200, -18.95790227339262700, 6.500000060290878100 ) ) ;
#1121 = CARTESIAN_POINT ( 'NONE',  ( -14.64254391933607000, -13.98807622222741100, 8.553869915812613900 ) ) ;
#1122 = CARTESIAN_POINT ( 'NONE',  ( -14.57350875800000100, -19.57295349675000300, 6.612376242486998700 ) ) ;
#1123 = CARTESIAN_POINT ( 'NONE',  ( -16.48243817363574600, -17.49166717316336800, 6.895433249022999300 ) ) ;
#1124 = CARTESIAN_POINT ( 'NONE',  ( -16.32332353805196900, -16.73277887901448600, 6.500000004022350500 ) ) ;
#1125 = CARTESIAN_POINT ( 'NONE',  ( -16.52026923129999500, -17.47913262981000000, 6.860127676785998200 ) ) ;
#1126 = CARTESIAN_POINT ( 'NONE',  ( -14.09008737318971400, -17.26060365013420000, 7.152960389220323700 ) ) ;
#1127 = CARTESIAN_POINT ( 'NONE',  ( -14.57737346407339300, -18.86788417731750300, 6.500000057117562200 ) ) ;
#1128 = CARTESIAN_POINT ( 'NONE',  ( -13.69338543689069900, -18.48772553306209300, 6.426075751477439400 ) ) ;
#1129 = CARTESIAN_POINT ( 'NONE',  ( -15.01799607928521500, -18.81755553688161700, 7.152960434506140600 ) ) ;
#1130 = CARTESIAN_POINT ( 'NONE',  ( -13.75989160710929200, -16.19269167845206400, 8.783047024179078100 ) ) ;
#1131 = CARTESIAN_POINT ( 'NONE',  ( -15.82937875924220500, -18.77786381412168000, 6.849127380303738900 ) ) ;
#1132 = DIRECTION ( 'NONE',  ( 1.000000000000000000, 0.0000000000000000000, 0.0000000000000000000 ) ) ;
#1133 = CARTESIAN_POINT ( 'NONE',  ( -16.02012826579579800, -16.66572478944169700, 6.899997398026101800 ) ) ;
#1134 = CARTESIAN_POINT ( 'NONE',  ( -14.56829456514392100, -16.11429953480287100, 8.178730854217423700 ) ) ;
#1135 = CARTESIAN_POINT ( 'NONE',  ( -13.79834166891903500, -17.49371222482550100, 7.805920771891244700 ) ) ;
#1136 = CARTESIAN_POINT ( 'NONE',  ( -13.84753650891037700, -16.13203135906282500, 8.421887719649976800 ) ) ;
#1137 = CARTESIAN_POINT ( 'NONE',  ( -14.35516158410100100, -18.96549072093559500, 6.052151502954878000 ) ) ;
#1138 = CARTESIAN_POINT ( 'NONE',  ( -13.84386759827797100, -16.13253726971823800, 8.425481302446970100 ) ) ;
#1139 = LINE ( 'NONE', #1686, #2158 ) ;
#1140 = CARTESIAN_POINT ( 'NONE',  ( -15.27438782946245700, -18.54554473263117100, 7.805920804909736600 ) ) ;
#1141 = VERTEX_POINT ( 'NONE', #1286 ) ;
#1142 = DIRECTION ( 'NONE',  ( 1.000000000000000000, 0.0000000000000000000, 0.0000000000000000000 ) ) ;
#1143 = CARTESIAN_POINT ( 'NONE',  ( -14.32655924624805300, -17.18637342934543700, 6.500000009784255200 ) ) ;
#1144 = CARTESIAN_POINT ( 'NONE',  ( -16.50722204113224800, -17.50486401638400100, 6.849127380997073200 ) ) ;
#1145 = CARTESIAN_POINT ( 'NONE',  ( -13.62798647297951100, -17.81793110104427300, 8.458881157403782300 ) ) ;
#1146 = CARTESIAN_POINT ( 'NONE',  ( -14.44833866581736200, -19.57520768381408200, 6.849127380303822400 ) ) ;
#1147 = CARTESIAN_POINT ( 'NONE',  ( -14.08227446694440000, -17.26338543688820000, 6.052151502954878000 ) ) ;
#1148 = FACE_OUTER_BOUND ( 'NONE', #243, .T. ) ;
#1149 = CARTESIAN_POINT ( 'NONE',  ( -14.64311557344150900, -13.97170619047342100, 8.455215492333700000 ) ) ;
#1150 = CARTESIAN_POINT ( 'NONE',  ( -15.39565444033718000, -18.21014989191620600, 8.458881173191768400 ) ) ;
#1151 = AXIS2_PLACEMENT_3D ( 'NONE', #948, #2267, #1132 ) ;
#1152 = CARTESIAN_POINT ( 'NONE',  ( -14.52791959736637600, -17.27048733838699600, 6.799999999999919000 ) ) ;
#1153 = CARTESIAN_POINT ( 'NONE',  ( -13.69331049866989500, -17.66986093224801700, 6.500000023394074200 ) ) ;
#1154 = CARTESIAN_POINT ( 'NONE',  ( -12.49815701557136900, -18.63800020840561400, 6.500000016754328600 ) ) ;
#1155 = CARTESIAN_POINT ( 'NONE',  ( -13.61648224105335100, -18.27173433111525500, 6.500000038436929200 ) ) ;
#1156 = ORIENTED_EDGE ( 'NONE', *, *, #813, .T. ) ;
#1157 = DIRECTION ( 'NONE',  ( -7.881384666038792500E-031, -1.000000000000000000, 3.206885370674184200E-015 ) ) ;
#1158 = CARTESIAN_POINT ( 'NONE',  ( -13.60450927907000100, -17.92516158409840100, 5.678227254432317600 ) ) ;
#1159 = CARTESIAN_POINT ( 'NONE',  ( -14.08416937502662100, -14.23425081098576900, 10.05390234844077000 ) ) ;
#1160 = ORIENTED_EDGE ( 'NONE', *, *, #107, .F. ) ;
#1161 = CARTESIAN_POINT ( 'NONE',  ( -15.34786139733396100, -17.76812080078489200, 6.500000029589389600 ) ) ;
#1162 = VERTEX_POINT ( 'NONE', #1098 ) ;
#1163 = CARTESIAN_POINT ( 'NONE',  ( -14.55166133418282300, -16.56479231618588300, 6.849127380303821500 ) ) ;
#1164 = CARTESIAN_POINT ( 'NONE',  ( -13.66702510170153900, -18.41208452676140100, 6.500000044287134000 ) ) ;
#1165 = CARTESIAN_POINT ( 'NONE',  ( -12.46468706474943900, -19.12878196501851500, 6.500000058617983400 ) ) ;
#1166 = CARTESIAN_POINT ( 'NONE',  ( -15.07331139805578100, -17.36514993729707600, 6.500000017770323000 ) ) ;
#1167 = CARTESIAN_POINT ( 'NONE',  ( -13.76210236268953200, -18.59835291373833500, 7.152960424917393900 ) ) ;
#1168 = CARTESIAN_POINT ( 'NONE',  ( -12.75540305528670100, -18.24122546673329700, 6.900036467719999700 ) ) ;
#1169 = CARTESIAN_POINT ( 'NONE',  ( -15.96847969871000000, -16.61370820192999900, 6.861126051024999800 ) ) ;
#1170 =( NAMED_UNIT ( * ) SI_UNIT ( $, .STERADIAN. ) SOLID_ANGLE_UNIT ( ) );
#1171 = CARTESIAN_POINT ( 'NONE',  ( -15.15821832959733100, -17.45620145806476800, 7.152960397626539900 ) ) ;
#1172 = CARTESIAN_POINT ( 'NONE',  ( -14.23552346603404900, -18.93227879690980900, 6.500000058930226000 ) ) ;
#1173 = CARTESIAN_POINT ( 'NONE',  ( -13.18262397654000000, -17.34667541696000000, 6.612376242486998700 ) ) ;
#1174 = LINE ( 'NONE', #304, #2123 ) ;
#1175 = CARTESIAN_POINT ( 'NONE',  ( -14.55131151910164200, -16.57498454906596700, 6.880997255274000000 ) ) ;
#1176 = CARTESIAN_POINT ( 'NONE',  ( -14.02843352739790600, -18.84612572168592600, 7.805920809583382100 ) ) ;
#1177 = CARTESIAN_POINT ( 'NONE',  ( -12.96534989017000300, -17.78658626201999500, 6.889247048010001400 ) ) ;
#1178 = CARTESIAN_POINT ( 'NONE',  ( -16.18721398215999600, -16.65841051662999900, 6.488001347711999300 ) ) ;
#1179 = DIRECTION ( 'NONE',  ( 0.0000000000000000000, 0.0000000000000000000, 1.000000000000000000 ) ) ;
#1180 = CARTESIAN_POINT ( 'NONE',  ( -14.86028765423730400, -17.24526194309601100, 7.805920768119769100 ) ) ;
#1181 = CARTESIAN_POINT ( 'NONE',  ( -14.47718590928000300, -19.57561998304999700, 6.860127676783999800 ) ) ;
#1182 = CARTESIAN_POINT ( 'NONE',  ( -15.77124510694830100, -18.77958768971499700, 6.899997398026101800 ) ) ;
#1183 = CARTESIAN_POINT ( 'NONE',  ( -15.02700646578613500, -15.68321422192927100, 9.791590306365852900 ) ) ;
#1184 = CARTESIAN_POINT ( 'NONE',  ( -13.43237950244999700, -17.00651063512999500, 6.736751137261000700 ) ) ;
#1185 = ORIENTED_EDGE ( 'NONE', *, *, #929, .F. ) ;
#1186 = CARTESIAN_POINT ( 'NONE',  ( -14.67142103620949300, -16.41328263119392300, 9.852904034338822100 ) ) ;
#1187 = CARTESIAN_POINT ( 'NONE',  ( -14.35247951096968500, -18.96539700743038300, 8.458881190895214200 ) ) ;
#1188 = CARTESIAN_POINT ( 'NONE',  ( -13.18468780088000300, -17.33694759060000100, 6.860127676785998200 ) ) ;
#1189 = CARTESIAN_POINT ( 'NONE',  ( -16.37800654609999600, -16.77326333438999800, 6.612376248815998300 ) ) ;
#1190 = CARTESIAN_POINT ( 'NONE',  ( -14.53140954144355000, -17.17054820204183600, 8.458881142255103600 ) ) ;
#1191 = CARTESIAN_POINT ( 'NONE',  ( -15.41875950415560400, -14.83140985046499300, 9.033139731909212600 ) ) ;
#1192 = CARTESIAN_POINT ( 'NONE',  ( -13.81540426148000100, -16.72511647568999700, 6.861126032036001000 ) ) ;
#1193 = CARTESIAN_POINT ( 'NONE',  ( -15.10817103518002800, -16.39784048604158400, 9.678936935022953500 ) ) ;
#1194 = EDGE_CURVE ( 'NONE', #722, #2390, #1385, .T. ) ;
#1195 = CARTESIAN_POINT ( 'NONE',  ( -14.46859045297230200, -18.96945174431919800, 6.500000059976613000 ) ) ;
#1196 = ORIENTED_EDGE ( 'NONE', *, *, #1471, .T. ) ;
#1197 = CARTESIAN_POINT ( 'NONE',  ( -16.51452506210000200, -16.95022276691999600, 6.736751149921000900 ) ) ;
#1198 = CARTESIAN_POINT ( 'NONE',  ( -13.84709274559873500, -18.53472468450672700, 6.500000047739362700 ) ) ;
#1199 = CARTESIAN_POINT ( 'NONE',  ( -14.74368762484613500, -13.99160889917680000, 8.553873661812369600 ) ) ;
#1200 = CARTESIAN_POINT ( 'NONE',  ( -14.42659749334999800, -16.56921890891999600, 6.488001347711999300 ) ) ;
#1201 = B_SPLINE_CURVE_WITH_KNOTS ( 'NONE', 3,
 ( #1892, #757, #2082, #951, #2271, #1136, #2461, #1326, #186, #1511, #381, #1713, #566, #1902, #767, #2091, #959, #2279 ),
 .UNSPECIFIED., .F., .F.,
 ( 4, 2, 2, 2, 2, 2, 2, 2, 4 ),
 ( 0.0000000000000000000, 0.1250000000000000000, 0.2500000000000000000, 0.3750000000000000000, 0.5000000000000000000, 0.6250000000000000000, 0.7500000000000000000, 0.8750000000000000000, 1.000000000000000000 ),
 .UNSPECIFIED. ) ;
#1202 = CARTESIAN_POINT ( 'NONE',  ( -14.56890058854500000, -16.09694529521291200, 8.080250078916302300 ) ) ;
#1203 = CARTESIAN_POINT ( 'NONE',  ( -13.91808258317448100, -14.00729816497871700, 8.800446715864374900 ) ) ;
#1204 = CARTESIAN_POINT ( 'NONE',  ( -15.38593105067400100, -17.87504366781610100, 6.800000000000000700 ) ) ;
#1205 = CARTESIAN_POINT ( 'NONE',  ( -16.57764901505000000, -17.16546119611000200, 6.861126051024999800 ) ) ;
#1206 = CARTESIAN_POINT ( 'NONE',  ( -13.79406962466243400, -17.69010910967913500, 6.500000023964059200 ) ) ;
#1207 = FACE_BOUND ( 'NONE', #2060, .T. ) ;
#1208 = CARTESIAN_POINT ( 'NONE',  ( -15.36389964914917200, -14.05778720947024300, 8.800446715863770900 ) ) ;
#1209 = CARTESIAN_POINT ( 'NONE',  ( -13.03149334968000200, -19.52194993776999600, 6.612376248815998300 ) ) ;
#1210 = CARTESIAN_POINT ( 'NONE',  ( -16.52471726322999900, -17.45741858297999700, 6.488001347711999300 ) ) ;
#1211 = CARTESIAN_POINT ( 'NONE',  ( -14.32656126109695200, -17.18637087813264200, 6.899999999999995000 ) ) ;
#1212 = VECTOR ( 'NONE', #184, 100.0000000000000000 ) ;
#1213 = CARTESIAN_POINT ( 'NONE',  ( -15.19981070596991300, -16.36077975591175700, 9.450745356162833800 ) ) ;
#1214 = CARTESIAN_POINT ( 'NONE',  ( -13.97845367569000000, -19.53098545976000400, 6.895433249022999300 ) ) ;
#1215 = CARTESIAN_POINT ( 'NONE',  ( -14.70218268808901600, -18.94750456506958300, 6.899999999999996800 ) ) ;
#1216 = CARTESIAN_POINT ( 'NONE',  ( -12.88385448808000100, -19.50385555853000200, 6.488001347711999300 ) ) ;
#1217 = CARTESIAN_POINT ( 'NONE',  ( -13.69331038059132800, -17.66985975329008000, 6.899999999999999500 ) ) ;
#1218 = ORIENTED_EDGE ( 'NONE', *, *, #2024, .T. ) ;
#1219 = ORIENTED_EDGE ( 'NONE', *, *, #329, .F. ) ;
#1220 = FILL_AREA_STYLE ('',( #2358 ) ) ;
#1221 = CARTESIAN_POINT ( 'NONE',  ( -15.11379852406326300, -18.72821833145923500, 6.500000055212855600 ) ) ;
#1222 = EDGE_LOOP ( 'NONE', ( #1728, #617 ) ) ;
#1223 = CARTESIAN_POINT ( 'NONE',  ( -15.33101037025466700, -18.41681359445246400, 6.899999999999996800 ) ) ;
#1224 = CARTESIAN_POINT ( 'NONE',  ( -12.68032791160999800, -19.41346804401000300, 6.612376248815998300 ) ) ;
#1225 = CARTESIAN_POINT ( 'NONE',  ( -13.66702578288444800, -18.41208933492303900, 6.899999999999996800 ) ) ;
#1226 = DIRECTION ( 'NONE',  ( 8.592823452936393700E-016, -3.206885370685025100E-015, 1.000000000000000000 ) ) ;
#1227 = CARTESIAN_POINT ( 'NONE',  ( -15.32119316644923900, -17.70050858186984000, 6.900000000000004800 ) ) ;
#1228 = CARTESIAN_POINT ( 'NONE',  ( -12.52298193853000000, -19.25474126380000000, 6.736751149921000900 ) ) ;
#1229 = CARTESIAN_POINT ( 'NONE',  ( -14.23552724237487700, -18.93227796444265100, 6.899999999999997700 ) ) ;
#1230 = VECTOR ( 'NONE', #1435, 100.0000000000000300 ) ;
#1231 = EDGE_CURVE ( 'NONE', #340, #2066, #2434, .T. ) ;
#1232 = CARTESIAN_POINT ( 'NONE',  ( -14.65007624074515700, -17.18064376308555900, 6.900000000000004800 ) ) ;
#1233 = CARTESIAN_POINT ( 'NONE',  ( -12.43373584779000000, -19.04895654595999600, 6.861126051024999800 ) ) ;
#1234 = CARTESIAN_POINT ( 'NONE',  ( -15.35724014250171100, -14.24849052856527500, 9.882638224225395600 ) ) ;
#1235 = VERTEX_POINT ( 'NONE', #920 ) ;
#1236 = CARTESIAN_POINT ( 'NONE',  ( -14.49999999999937100, -18.06999999999873600, 6.849999999999837100 ) ) ;
#1237 = ORIENTED_EDGE ( 'NONE', *, *, #1917, .T. ) ;
#1238 = CARTESIAN_POINT ( 'NONE',  ( -15.07647166595214800, -14.26671622137902200, 10.04150936591890000 ) ) ;
#1239 = CARTESIAN_POINT ( 'NONE',  ( -12.45017190498999900, -18.75269529026999700, 6.488001347711999300 ) ) ;
#1240 = VERTEX_POINT ( 'NONE', #1108 ) ;
#1241 = CARTESIAN_POINT ( 'NONE',  ( -16.47155659970123800, -16.87264811853405200, 6.849127379370507600 ) ) ;
#1242 = CARTESIAN_POINT ( 'NONE',  ( -13.60450927907000100, -17.92516158409840100, 6.800000000000000700 ) ) ;
#1243 = CARTESIAN_POINT ( 'NONE',  ( -12.50832114370999700, -18.61578909591999700, 6.612376248815998300 ) ) ;
#1244 = CARTESIAN_POINT ( 'NONE',  ( -13.18399318614999800, -17.33657772413000200, 6.861126031966000100 ) ) ;
#1245 = ORIENTED_EDGE ( 'NONE', *, *, #2195, .F. ) ;
#1246 = DIRECTION ( 'NONE',  ( 0.8826665517596384800, 0.4699997429837056700, -1.539100611549294600E-008 ) ) ;
#1247 = CARTESIAN_POINT ( 'NONE',  ( -14.44967100953652500, -19.53638843862944100, 6.899174399753012400 ) ) ;
#1248 = B_SPLINE_CURVE_WITH_KNOTS ( 'NONE', 3,
 ( #404, #12, #1534, #1737, #592, #1922, #789, #2114, #981, #2301 ),
 .UNSPECIFIED., .F., .F.,
 ( 4, 1, 1, 1, 1, 1, 1, 4 ),
 ( -0.02193211213008466500, -0.01708048365610261000, -0.01356723811007695900, -0.01105657159181747100, -0.007878059809160953300, -0.004030734048060580900, -1.412860636988352800E-005, 0.002997480729108287900 ),
 .UNSPECIFIED. ) ;
#1249 = VECTOR ( 'NONE', #175, 100.0000000000000000 ) ;
#1250 = CARTESIAN_POINT ( 'NONE',  ( -15.39549072093810100, -18.21483841590560000, 6.800000000000000700 ) ) ;
#1251 = CARTESIAN_POINT ( 'NONE',  ( -15.18896954028121000, -19.40421961786615100, 6.500000073939422600 ) ) ;
#1252 = CARTESIAN_POINT ( 'NONE',  ( -14.19812080078810900, -17.22213860267333300, 6.500000011355074200 ) ) ;
#1253 = LINE ( 'NONE', #388, #2203 ) ;
#1254 = CARTESIAN_POINT ( 'NONE',  ( -15.99303313894676000, -16.61426271314845600, 6.849127380996996800 ) ) ;
#1255 = CARTESIAN_POINT ( 'NONE',  ( -15.07435284477460000, -17.36626675217149800, 6.426075751477439400 ) ) ;
#1256 = CARTESIAN_POINT ( 'NONE',  ( -15.82399971534425000, -18.77499959613991700, 6.500000020761244300 ) ) ;
#1257 = B_SPLINE_CURVE_WITH_KNOTS ( 'NONE', 3,
 ( #62, #2344, #262, #1587, #447, #1784, #641, #1969, #836, #2161, #1028, #2351, #1213, #70, #1403, #271, #1595, #453 ),
 .UNSPECIFIED., .F., .F.,
 ( 4, 2, 2, 2, 2, 2, 2, 2, 4 ),
 ( 0.0000000000000000000, 0.1250000000000000000, 0.2500000000000000000, 0.3750000000000000000, 0.5000000000000000000, 0.6250000000000000000, 0.7500000000000000000, 0.8750000000000000000, 1.000000000000000000 ),
 .UNSPECIFIED. ) ;
#1258 = CARTESIAN_POINT ( 'NONE',  ( -13.69539419128504300, -18.49336734379995700, 6.500000044731566900 ) ) ;
#1259 = DIRECTION ( 'NONE',  ( 0.4699997645191573700, -0.8826665402925029100, -0.0000000000000000000 ) ) ;
#1260 = ORIENTED_EDGE ( 'NONE', *, *, #1431, .F. ) ;
#1261 = CARTESIAN_POINT ( 'NONE',  ( -14.46859045297230200, -18.96945174431919800, 6.426075751477439400 ) ) ;
#1262 = ORIENTED_EDGE ( 'NONE', *, *, #1411, .F. ) ;
#1263 = CARTESIAN_POINT ( 'NONE',  ( -14.69085943940408300, -17.27618345459459400, 6.499000014384861900 ) ) ;
#1264 = CARTESIAN_POINT ( 'NONE',  ( -15.32003483120000300, -19.33167176071000500, 6.612376242486998700 ) ) ;
#1265 = AXIS2_PLACEMENT_3D ( 'NONE', #2006, #313, #1637 ) ;
#1266 = EDGE_CURVE ( 'NONE', #722, #1045, #2071, .T. ) ;
#1267 = CARTESIAN_POINT ( 'NONE',  ( -14.55799216733812400, -16.40932160781105900, 9.852904034338687100 ) ) ;
#1268 = CARTESIAN_POINT ( 'NONE',  ( -14.92321375605587600, -18.86646209217631000, 6.500000057077532900 ) ) ;
#1269 = CARTESIAN_POINT ( 'NONE',  ( -15.20373324784000100, -18.64435284477209700, 6.052151502954878000 ) ) ;
#1270 = CARTESIAN_POINT ( 'NONE',  ( -15.29818024895414700, -18.28434794297167800, 6.800000000000080600 ) ) ;
#1271 = CARTESIAN_POINT ( 'NONE',  ( -15.76849799554000100, -18.88749363861999700, 6.861126032036001000 ) ) ;
#1272 = CARTESIAN_POINT ( 'NONE',  ( -13.00731667544479500, -19.51554507464087600, 6.880997255274000000 ) ) ;
#1273 = CARTESIAN_POINT ( 'NONE',  ( -14.60809776019930200, -14.97448515983957400, 10.00451596676742500 ) ) ;
#1274 = CARTESIAN_POINT ( 'NONE',  ( -15.44091542897402800, -16.24284357263384500, 8.734582845359421200 ) ) ;
#1275 = CARTESIAN_POINT ( 'NONE',  ( -15.38959800502683900, -18.21880396269996500, 6.500000038846424700 ) ) ;
#1276 = CARTESIAN_POINT ( 'NONE',  ( -15.38593105067400100, -17.87504366781610100, 5.678227254432317600 ) ) ;
#1277 = CARTESIAN_POINT ( 'NONE',  ( -14.57322426395480600, -18.87304087697827300, 6.699666671461700100 ) ) ;
#1278 = CARTESIAN_POINT ( 'NONE',  ( -15.84115332409000000, -18.74616285961999700, 6.612376242486998700 ) ) ;
#1279 = CARTESIAN_POINT ( 'NONE',  ( -12.80681897464719100, -19.48670423111240500, 6.849127379370544900 ) ) ;
#1280 = CARTESIAN_POINT ( 'NONE',  ( -14.63231650822130400, -17.27949264229223700, 6.500000012405501500 ) ) ;
#1281 = CARTESIAN_POINT ( 'NONE',  ( -13.92112317482603100, -16.31612700338832400, 9.450745356163986700 ) ) ;
#1282 = ORIENTED_EDGE ( 'NONE', *, *, #1936, .T. ) ;
#1283 = CARTESIAN_POINT ( 'NONE',  ( -14.37093680683080900, -18.86597684331682200, 6.699666671660270200 ) ) ;
#1284 = CARTESIAN_POINT ( 'NONE',  ( -15.19913355674977000, -17.50014082371024700, 6.500000018616582100 ) ) ;
#1285 = ADVANCED_FACE ( 'NONE', ( #1777 ), #1627, .T. ) ;
#1286 = CARTESIAN_POINT ( 'NONE',  ( -16.50722204113224800, -17.50486401638400100, 6.849127380997073200 ) ) ;
#1287 = CARTESIAN_POINT ( 'NONE',  ( -13.52178171076152700, -16.93072946306460800, 6.500000001443809500 ) ) ;
#1288 = CARTESIAN_POINT ( 'NONE',  ( -15.52204151477000200, -16.60228344792999900, 6.871117638200999500 ) ) ;
#1289 = CARTESIAN_POINT ( 'NONE',  ( -12.46873323734825700, -18.68029214560878900, 6.849127379370457900 ) ) ;
#1290 = VERTEX_POINT ( 'NONE', #156 ) ;
#1291 = CARTESIAN_POINT ( 'NONE',  ( -15.22945444892212500, -17.74066040851127100, 6.500000025387030300 ) ) ;
#1292 = ORIENTED_EDGE ( 'NONE', *, *, #672, .F. ) ;
#1293 = ORIENTED_EDGE ( 'NONE', *, *, #1006, .F. ) ;
#1294 = CARTESIAN_POINT ( 'NONE',  ( -13.68881192136956000, -18.22814756257721700, 6.599333343320562800 ) ) ;
#1295 = ADVANCED_FACE ( 'NONE', ( #824 ), #1846, .T. ) ;
#1296 = DIRECTION ( 'NONE',  ( 0.4699997645158876500, -0.8826665402942438500, 0.0000000000000000000 ) ) ;
#1297 = CARTESIAN_POINT ( 'NONE',  ( -14.88775741632000300, -19.52843313325999500, 6.861126032036001000 ) ) ;
#1298 = CARTESIAN_POINT ( 'NONE',  ( -14.48116443202239300, -16.56970718521244400, 6.499999994296749700 ) ) ;
#1299 = CARTESIAN_POINT ( 'NONE',  ( -16.02089744286000100, -16.64331400113999800, 6.895433249022999300 ) ) ;
#1300 = CARTESIAN_POINT ( 'NONE',  ( -16.56968926879277500, -17.15911226671620000, 6.500000016400734100 ) ) ;
#1301 = CARTESIAN_POINT ( 'NONE',  ( -16.26963578721999700, -17.91210714478999900, 6.889247048010001400 ) ) ;
#1302 = CARTESIAN_POINT ( 'NONE',  ( -14.42400994286640900, -17.16679774323236200, 7.805920764725351000 ) ) ;
#1303 = CARTESIAN_POINT ( 'NONE',  ( -15.17976492013783700, -18.49433156671207700, 6.500000046602331800 ) ) ;
#1304 = CARTESIAN_POINT ( 'NONE',  ( -13.97613619972250200, -17.32791618185770200, 6.800000000000000700 ) ) ;
#1305 = EDGE_CURVE ( 'NONE', #2142, #1643, #1625, .T. ) ;
#1306 = CARTESIAN_POINT ( 'NONE',  ( -14.08168763583042000, -17.34419395408470200, 6.499000014981184800 ) ) ;
#1307 = CARTESIAN_POINT ( 'NONE',  ( -14.68941992961354800, -18.95790223763066300, 7.805920814531658500 ) ) ;
#1308 = CARTESIAN_POINT ( 'NONE',  ( -14.49190059826157700, -15.40202707389926600, 8.303780954081615200 ) ) ;
#1309 = CARTESIAN_POINT ( 'NONE',  ( -14.57372126069999800, -19.57729830809000400, 6.861126032036001000 ) ) ;
#1310 = CARTESIAN_POINT ( 'NONE',  ( -16.49822041927574300, -17.50007085835337500, 6.880997255274000000 ) ) ;
#1311 = CARTESIAN_POINT ( 'NONE',  ( -16.25931506467613000, -16.69252954019558300, 6.500000002737381000 ) ) ;
#1312 = FACE_OUTER_BOUND ( 'NONE', #585, .T. ) ;
#1313 = CARTESIAN_POINT ( 'NONE',  ( -16.05029787651999500, -18.36174581619999900, 6.860127676785998200 ) ) ;
#1314 = CARTESIAN_POINT ( 'NONE',  ( -14.09008736946088000, -17.26060361437223600, 8.458881143461104200 ) ) ;
#1315 = CARTESIAN_POINT ( 'NONE',  ( -14.47208040264252900, -18.86951266161728900, 6.500000057163402000 ) ) ;
#1316 = CARTESIAN_POINT ( 'NONE',  ( -13.59658723230380200, -18.15201932184109900, 6.426075751477439400 ) ) ;
#1317 = CARTESIAN_POINT ( 'NONE',  ( -14.60541924223974200, -15.05118787851564300, 8.366300385014872300 ) ) ;
#1318 = CARTESIAN_POINT ( 'NONE',  ( -15.01799607555638100, -18.81755550111965300, 8.458881188746920200 ) ) ;
#1319 = CARTESIAN_POINT ( 'NONE',  ( -13.80939117657024100, -14.77520947006702200, 9.033139731909305000 ) ) ;
#1320 = LINE ( 'NONE', #901, #830 ) ;
#1321 = CARTESIAN_POINT ( 'NONE',  ( -15.68039281119340000, -19.01583520176087200, 6.849127378789002100 ) ) ;
#1322 = CARTESIAN_POINT ( 'NONE',  ( -14.58334797546935700, -15.68322626403138600, 9.879469612901775800 ) ) ;
#1323 = CARTESIAN_POINT ( 'NONE',  ( -15.02090851707670000, -16.62759772943330100, 6.900036467719999700 ) ) ;
#1324 = AXIS2_PLACEMENT_3D ( 'NONE', #242, #43, #1481 ) ;
#1325 = CARTESIAN_POINT ( 'NONE',  ( -13.72561216681736200, -17.59445523161165100, 6.500000020201592400 ) ) ;
#1326 = CARTESIAN_POINT ( 'NONE',  ( -13.68883258308134500, -16.18165949144237100, 8.734582845361234900 ) ) ;
#1327 = CARTESIAN_POINT ( 'NONE',  ( -14.02702543775460100, -18.84551063040119300, 6.052151502954878000 ) ) ;
#1328 = CARTESIAN_POINT ( 'NONE',  ( -13.68676223706409300, -16.18329293280956800, 8.744250681491760000 ) ) ;
#1329 = CARTESIAN_POINT ( 'NONE',  ( -15.32473802114852100, -18.43028765796363500, 6.500000047656465400 ) ) ;
#1330 = DIRECTION ( 'NONE',  ( 0.4699997645191001400, -0.8826665402925333300, 0.0000000000000000000 ) ) ;
#1331 = CARTESIAN_POINT ( 'NONE',  ( -14.24071682271847200, -17.20764941865019500, 6.500000010383161000 ) ) ;
#1332 = CARTESIAN_POINT ( 'NONE',  ( -16.50542911468352300, -17.50390932401417400, 6.732751586246882500 ) ) ;
#1333 = CARTESIAN_POINT ( 'NONE',  ( -13.60434555221336200, -17.92985003656377800, 7.152960406160340200 ) ) ;
#1334 = ORIENTED_EDGE ( 'NONE', *, *, #1993, .F. ) ;
#1335 = CARTESIAN_POINT ( 'NONE',  ( -13.17600028465634000, -17.36500040385898900, 6.500000005369889400 ) ) ;
#1336 = CARTESIAN_POINT ( 'NONE',  ( -14.41798067816540100, -17.16658723230129300, 6.052151502954878000 ) ) ;
#1337 = CARTESIAN_POINT ( 'NONE',  ( -14.41736721529533200, -13.96754339429744000, 8.476302700617518200 ) ) ;
#1338 = CARTESIAN_POINT ( 'NONE',  ( -15.39945174245963200, -18.10140952915325500, 7.152960415984031400 ) ) ;
#1339 = CARTESIAN_POINT ( 'NONE',  ( -16.24121646173669800, -17.89697450332329600, 6.899997398026101800 ) ) ;
#1340 = CARTESIAN_POINT ( 'NONE',  ( -13.65812671096785300, -17.75043837207245200, 6.500000025662275000 ) ) ;
#1341 = CARTESIAN_POINT ( 'NONE',  ( -12.47412506069099300, -18.68313419569567200, 6.500000046441099900 ) ) ;
#1342 = CARTESIAN_POINT ( 'NONE',  ( -13.61648223732452000, -18.27173429535329100, 7.805920792677710600 ) ) ;
#1343 = CARTESIAN_POINT ( 'NONE',  ( -13.72448936960530300, -17.59702543775210200, 5.678227254432317600 ) ) ;
#1344 = B_SPLINE_CURVE_WITH_KNOTS ( 'NONE', 3,
 ( #1254, #2200, #671, #1998, #865, #2190, #1055, #2378, #1241, #102, #1430, #298, #1622, #480, #1818, #678, #2003, #871 ),
 .UNSPECIFIED., .F., .F.,
 ( 4, 2, 2, 2, 2, 2, 2, 2, 4 ),
 ( 0.0000000000000000000, 0.1250000000000000000, 0.2500000000000000000, 0.3750000000000000000, 0.5000000000000000000, 0.6250000000000000000, 0.7500000000000000000, 0.8750000000000000000, 1.000000000000000000 ),
 .UNSPECIFIED. ) ;
#1345 = CARTESIAN_POINT ( 'NONE',  ( -14.40671832376071200, -14.27248774946547100, 10.20678223947242100 ) ) ;
#1346 = CARTESIAN_POINT ( 'NONE',  ( -15.34786139360513100, -17.76812076502292100, 7.805920783830171000 ) ) ;
#1347 = CARTESIAN_POINT ( 'NONE',  ( -12.90636027417411900, -19.50975183697213200, 6.500000070311768000 ) ) ;
#1348 = CARTESIAN_POINT ( 'NONE',  ( -13.70482266945527200, -18.49257482007895700, 6.500000046552877100 ) ) ;
#1349 = CARTESIAN_POINT ( 'NONE',  ( -12.49557034882621500, -19.19825548011177600, 6.500000060608661200 ) ) ;
#1350 = CARTESIAN_POINT ( 'NONE',  ( -14.86028765796614300, -17.24526197885797500, 6.500000013879001100 ) ) ;
#1351 = CARTESIAN_POINT ( 'NONE',  ( -13.76210235896069300, -18.59835287797636400, 8.458881179158174400 ) ) ;
#1352 = CARTESIAN_POINT ( 'NONE',  ( -13.22537441007329800, -17.35861228033999400, 6.900036467719999700 ) ) ;
#1353 = CARTESIAN_POINT ( 'NONE',  ( -15.99337319889999900, -16.61789570595000900, 6.612376248815998300 ) ) ;
#1354 = APPLICATION_PROTOCOL_DEFINITION ( 'draft international standard', 'automotive_design', 1998, #1543 ) ;
#1355 = CARTESIAN_POINT ( 'NONE',  ( -15.15821832586849600, -17.45620142230280100, 8.458881151867320400 ) ) ;
#1356 = CARTESIAN_POINT ( 'NONE',  ( -15.99222339631165300, -16.63785542193664900, 6.894485627834916000 ) ) ;
#1357 = CARTESIAN_POINT ( 'NONE',  ( -14.40917360524164800, -18.96737686227565000, 6.500000059918209100 ) ) ;
#1358 = CARTESIAN_POINT ( 'NONE',  ( -13.17881564161999800, -17.34458439494000000, 6.861126032036001000 ) ) ;
#1359 = CARTESIAN_POINT ( 'NONE',  ( -14.55163969638831900, -16.56542275637789200, 6.860290307308962300 ) ) ;
#1360 = EDGE_CURVE ( 'NONE', #471, #2315, #754, .T. ) ;
#1361 = CARTESIAN_POINT ( 'NONE',  ( -14.13971234204286800, -18.89473802114602200, 6.500000056991559900 ) ) ;
#1362 = CARTESIAN_POINT ( 'NONE',  ( -12.48822271472000100, -18.66538913740999900, 6.880997255274000000 ) ) ;
#1363 = CARTESIAN_POINT ( 'NONE',  ( -16.18877017726999800, -16.65434511412000200, 6.736751149921000900 ) ) ;
#1364 = PRODUCT_CONTEXT ( 'NONE', #1543, 'mechanical' ) ;
#1365 = ORIENTED_EDGE ( 'NONE', *, *, #476, .T. ) ;
#1366 = CARTESIAN_POINT ( 'NONE',  ( -14.75876957344273100, -17.20091369858474900, 6.500000012374666600 ) ) ;
#1367 = EDGE_LOOP ( 'NONE', ( #22, #1389, #19, #206, #1567, #1365, #1901, #1812 ) ) ;
#1368 = EDGE_LOOP ( 'NONE', ( #1856, #2393 ) ) ;
#1369 = CARTESIAN_POINT ( 'NONE',  ( -13.47783479074000100, -19.54132052214999900, 6.860127676783999800 ) ) ;
#1370 = CARTESIAN_POINT ( 'NONE',  ( -16.24459694471329400, -17.89877453326669600, 6.900036467719999700 ) ) ;
#1371 = CARTESIAN_POINT ( 'NONE',  ( -15.07650603524708400, -14.26573201354427500, 10.04168301409657200 ) ) ;
#1372 = CARTESIAN_POINT ( 'NONE',  ( -13.55304134928000100, -16.90338046867000100, 6.488001347711999300 ) ) ;
#1373 = CARTESIAN_POINT ( 'NONE',  ( -13.00710622461014400, -19.52167678252934700, 6.616375798129515900 ) ) ;
#1374 = CARTESIAN_POINT ( 'NONE',  ( -14.46859045110788400, -18.96945172643821200, 7.152960437097004100 ) ) ;
#1375 = CARTESIAN_POINT ( 'NONE',  ( -12.71412337086999900, -18.21924497798999800, 6.852446001640701400 ) ) ;
#1376 = CARTESIAN_POINT ( 'NONE',  ( -16.38093331410999900, -16.77004102624000100, 6.861126051024999800 ) ) ;
#1377 = CARTESIAN_POINT ( 'NONE',  ( -15.79693466793783700, -18.76058807681464900, 6.900000000000090900 ) ) ;
#1378 = CARTESIAN_POINT ( 'NONE',  ( -15.20780594606986600, -16.18328079463901400, 8.443129489055319700 ) ) ;
#1379 = CARTESIAN_POINT ( 'NONE',  ( -13.96238008573000000, -16.66456854154000000, 6.612376242486998700 ) ) ;
#1380 = SURFACE_STYLE_FILL_AREA ( #412 ) ;
#1381 = B_SPLINE_CURVE_WITH_KNOTS ( 'NONE', 3,
 ( #710, #512, #2226, #1093, #2417, #1281, #139, #1469, #337, #1669, #521, #1858, #721, #2045, #914, #2237, #1104, #2427 ),
 .UNSPECIFIED., .F., .F.,
 ( 4, 2, 2, 2, 2, 2, 2, 2, 4 ),
 ( 0.0000000000000000000, 0.1250000000000000000, 0.2500000000000000000, 0.3750000000000000000, 0.5000000000000000000, 0.6250000000000000000, 0.7500000000000000000, 0.8750000000000000000, 1.000000000000000000 ),
 .UNSPECIFIED. ) ;
#1382 = CARTESIAN_POINT ( 'NONE',  ( -15.35180840408099100, -16.35809219030671000, 9.405428572848933300 ) ) ;
#1383 = CARTESIAN_POINT ( 'NONE',  ( -14.58201932184360100, -18.97341276770280100, 6.800000000000000700 ) ) ;
#1384 = CARTESIAN_POINT ( 'NONE',  ( -16.53960680250999700, -17.02076717525000000, 6.488001347711999300 ) ) ;
#1385 = LINE ( 'NONE', #143, #1822 ) ;
#1386 = CARTESIAN_POINT ( 'NONE',  ( -13.76911228135436700, -18.39859076971254100, 6.500000043907292000 ) ) ;
#1387 = CARTESIAN_POINT ( 'NONE',  ( -14.59304434987442400, -15.40555843061166600, 8.303777208082275200 ) ) ;
#1388 = CARTESIAN_POINT ( 'NONE',  ( -14.42638499065000200, -16.56487409758000200, 6.736751137261000700 ) ) ;
#1389 = ORIENTED_EDGE ( 'NONE', *, *, #107, .T. ) ;
#1390 = CARTESIAN_POINT ( 'NONE',  ( -14.74563602110599300, -14.28804352645445900, 10.22786944775621800 ) ) ;
#1391 = CARTESIAN_POINT ( 'NONE',  ( -13.76097722196060100, -14.05805382807005800, 9.119216094909166500 ) ) ;
#1392 = CARTESIAN_POINT ( 'NONE',  ( -15.24208381814890200, -17.54613619971999600, 6.800000000000000700 ) ) ;
#1393 = CARTESIAN_POINT ( 'NONE',  ( -16.57539701808000000, -17.24056715739000000, 6.612376248815998300 ) ) ;
#1394 = CARTESIAN_POINT ( 'NONE',  ( -13.88130671366179800, -17.56051794336722000, 6.500000020316154100 ) ) ;
#1395 = CARTESIAN_POINT ( 'NONE',  ( -14.57599005341337100, -18.97320222100973600, 6.500000060385991300 ) ) ;
#1396 = CARTESIAN_POINT ( 'NONE',  ( -13.47954729348170300, -19.49142494100829700, 6.899997398026101800 ) ) ;
#1397 = CARTESIAN_POINT ( 'NONE',  ( -15.08780835711137900, -14.00607973478437900, 8.562023029459545900 ) ) ;
#1398 = CARTESIAN_POINT ( 'NONE',  ( -14.75628085443880300, -17.19982649911260400, 6.800000000000000700 ) ) ;
#1399 = CARTESIAN_POINT ( 'NONE',  ( -16.52871667839999500, -17.45913727986999600, 6.736751149921000900 ) ) ;
#1400 = CARTESIAN_POINT ( 'NONE',  ( -14.24072000646501700, -17.20764656086538100, 6.900000000000005700 ) ) ;
#1401 = VERTEX_POINT ( 'NONE', #555 ) ;
#1402 = CARTESIAN_POINT ( 'NONE',  ( -14.60600808099325400, -15.03432574284316400, 8.267732785625000200 ) ) ;
#1403 = CARTESIAN_POINT ( 'NONE',  ( -14.96185984939230300, -16.38850547733221300, 9.654986344410049900 ) ) ;
#1404 = CARTESIAN_POINT ( 'NONE',  ( -12.97910255714000400, -19.49668599885999900, 6.895433249022999300 ) ) ;
#1405 = CARTESIAN_POINT ( 'NONE',  ( -14.78771287868973000, -18.92328368528444900, 6.899999999999997700 ) ) ;
#1406 = CARTESIAN_POINT ( 'NONE',  ( -12.88281276473000100, -19.50808214738999900, 6.736751149921000900 ) ) ;
#1407 = CARTESIAN_POINT ( 'NONE',  ( -13.65812603497028000, -17.75043619539952600, 6.899999999999999500 ) ) ;
#1408 = SURFACE_STYLE_USAGE ( .BOTH. , #75 ) ;
#1409 = PRESENTATION_STYLE_ASSIGNMENT (( #1992 ) ) ;
#1410 = CARTESIAN_POINT ( 'NONE',  ( -15.27438783319129100, -18.54554476839313200, 6.500000050668969500 ) ) ;
#1411 = EDGE_CURVE ( 'NONE', #1810, #203, #1201, .T. ) ;
#1412 = CARTESIAN_POINT ( 'NONE',  ( -15.36096283424359400, -18.33387092923727800, 6.900000000000002100 ) ) ;
#1413 = CARTESIAN_POINT ( 'NONE',  ( -12.67782190959999900, -19.41702742524000400, 6.861126051024999800 ) ) ;
#1414 = CARTESIAN_POINT ( 'NONE',  ( -13.70482163564821200, -18.49258120102478400, 6.900000000000007500 ) ) ;
#1415 = CARTESIAN_POINT ( 'NONE',  ( -15.28094921501074500, -17.62168743237203500, 6.899999999999997700 ) ) ;
#1416 = CARTESIAN_POINT ( 'NONE',  ( -12.48937235690000100, -19.18783832462000300, 6.488001347711999300 ) ) ;
#1417 = CARTESIAN_POINT ( 'NONE',  ( -14.40917402958336900, -18.96737686618007500, 6.900000000000003000 ) ) ;
#1418 = EDGE_CURVE ( 'NONE', #294, #2066, #750, .T. ) ;
#1419 = ORIENTED_EDGE ( 'NONE', *, *, #672, .T. ) ;
#1420 = VERTEX_POINT ( 'NONE', #1723 ) ;
#1421 = CARTESIAN_POINT ( 'NONE',  ( -14.53140954589466800, -17.17054824473100500, 6.900000000000002100 ) ) ;
#1422 = CARTESIAN_POINT ( 'NONE',  ( -12.42668650052000200, -18.97414823309999600, 6.612376248815998300 ) ) ;
#1423 = CARTESIAN_POINT ( 'NONE',  ( -15.51434550371558000, -14.19773486547397600, 9.563868845180827800 ) ) ;
#1424 = ORIENTED_EDGE ( 'NONE', *, *, #1755, .F. ) ;
#1425 = DIRECTION ( 'NONE',  ( 0.0000000000000000000, -0.0000000000000000000, 1.000000000000000000 ) ) ;
#1426 = CARTESIAN_POINT ( 'NONE',  ( -14.63281317563514800, -14.26672826348183400, 10.12938867245466800 ) ) ;
#1427 = CARTESIAN_POINT ( 'NONE',  ( -12.44599071000000000, -18.75148415472000000, 6.736751149921000900 ) ) ;
#1428 = CARTESIAN_POINT ( 'NONE',  ( -14.69085943940408300, -17.27618345459459400, 6.800000000000060200 ) ) ;
#1429 = VECTOR ( 'NONE', #532, 100.0000000000000100 ) ;
#1430 = CARTESIAN_POINT ( 'NONE',  ( -16.54265385018842200, -17.00881550979968900, 6.849127379370497000 ) ) ;
#1431 = EDGE_CURVE ( 'NONE', #1650, #2390, #305, .T. ) ;
#1432 = CARTESIAN_POINT ( 'NONE',  ( -13.61406894933499800, -18.26495633218789600, 6.800000000000000700 ) ) ;
#1433 = CARTESIAN_POINT ( 'NONE',  ( -12.50457445819000000, -18.61359482499000300, 6.861126051024999800 ) ) ;
#1434 = ORIENTED_EDGE ( 'NONE', *, *, #153, .F. ) ;
#1435 = DIRECTION ( 'NONE',  ( -0.9994115292233526300, -0.03430153430153883000, 0.0000000000000000000 ) ) ;
#1436 = CARTESIAN_POINT ( 'NONE',  ( -14.44896656510836200, -19.55691317295404400, 6.889247048010001400 ) ) ;
#1437 = CARTESIAN_POINT ( 'NONE',  ( -15.27551063040370100, -18.54297456225189900, 6.800000000000000700 ) ) ;
#1438 = CARTESIAN_POINT ( 'NONE',  ( -15.30874793591959300, -19.33378300263787300, 6.500000072352567500 ) ) ;
#1439 = B_SPLINE_CURVE_WITH_KNOTS ( 'NONE', 3,
 ( #834, #856, #2183, #1049, #2369, #1234, #92, #1423, #291, #1618, #475, #1809, #669, #1996, #863, #2189, #1054, #2377 ),
 .UNSPECIFIED., .F., .F.,
 ( 4, 2, 2, 2, 2, 2, 2, 2, 4 ),
 ( 2.775557561562891000E-017, 0.003375665680463717800, 0.007033054452566437000, 0.01069044322467304800, 0.01406610890513284600, 0.01744177458559435100, 0.02109916335769908600, 0.02475655212980383200, 0.02813221781026566500 ),
 .UNSPECIFIED. ) ;
#1440 = EDGE_LOOP ( 'NONE', ( #1463, #875, #510, #2173 ) ) ;
#1441 = CARTESIAN_POINT ( 'NONE',  ( -13.98200391886029500, -17.32244444524048200, 6.500000013484812400 ) ) ;
#1442 = CARTESIAN_POINT ( 'NONE',  ( -15.30661456312000200, -17.65227446694190000, 6.426075751477439400 ) ) ;
#1443 = PLANE ( 'NONE',  #1265 ) ;
#1444 = CARTESIAN_POINT ( 'NONE',  ( -13.84178166854725100, -18.68379852405823300, 6.500000050364413100 ) ) ;
#1445 = FACE_OUTER_BOUND ( 'NONE', #1368, .T. ) ;
#1446 = CARTESIAN_POINT ( 'NONE',  ( -14.64483841590809900, -17.17450927906839900, 6.052151502954878000 ) ) ;
#1447 = CARTESIAN_POINT ( 'NONE',  ( -14.96792304666839400, -17.37514197658259700, 6.699666671461751700 ) ) ;
#1448 = CARTESIAN_POINT ( 'NONE',  ( -15.44970012762000000, -19.23999693380000100, 6.736751137261000700 ) ) ;
#1449 = CARTESIAN_POINT ( 'NONE',  ( -13.94022996564540900, -14.17791948638114100, 9.768874105304664800 ) ) ;
#1450 = CARTESIAN_POINT ( 'NONE',  ( -14.67573012534679200, -16.41343310790211200, 9.852904034338898500 ) ) ;
#1451 = CARTESIAN_POINT ( 'NONE',  ( -15.07087885307951300, -18.76824357570766800, 6.500000054312751600 ) ) ;
#1452 = CARTESIAN_POINT ( 'NONE',  ( -14.91772553306470300, -18.87661456311579800, 6.052151502954878000 ) ) ;
#1453 = CARTESIAN_POINT ( 'NONE',  ( -15.29818024895454100, -18.28434794297192000, 6.599333342923246800 ) ) ;
#1454 = CARTESIAN_POINT ( 'NONE',  ( -15.76484152989000100, -18.88513720019999900, 6.612376242486998700 ) ) ;
#1455 = CARTESIAN_POINT ( 'NONE',  ( -13.00711036220535100, -19.52155622915086800, 6.871117638200999500 ) ) ;
#1456 = CARTESIAN_POINT ( 'NONE',  ( -15.97224318643126800, -17.21999999999927100, 6.850000000000005900 ) ) ;
#1457 = CARTESIAN_POINT ( 'NONE',  ( -16.02186776210000500, -16.61504272107000100, 6.861126031966000100 ) ) ;
#1458 = CARTESIAN_POINT ( 'NONE',  ( -15.28605998144427000, -16.18226570565527200, 8.421887719648156100 ) ) ;
#1459 = ORIENTED_EDGE ( 'NONE', *, *, #2176, .F. ) ;
#1460 = CARTESIAN_POINT ( 'NONE',  ( -15.40047425217892200, -18.07267035177970600, 6.500000034732869900 ) ) ;
#1461 = EDGE_LOOP ( 'NONE', ( #2416, #1020, #2191, #1160 ) ) ;
#1462 = CARTESIAN_POINT ( 'NONE',  ( -15.39549072093810100, -18.21483841590560000, 5.678227254432317600 ) ) ;
#1463 = ORIENTED_EDGE ( 'NONE', *, *, #2176, .T. ) ;
#1464 = CARTESIAN_POINT ( 'NONE',  ( -14.57322426395510800, -18.87304087697777200, 6.499000014384908000 ) ) ;
#1465 = CARTESIAN_POINT ( 'NONE',  ( -15.52218462424920300, -16.59811380171169400, 6.848617413939302300 ) ) ;
#1466 = CARTESIAN_POINT ( 'NONE',  ( -12.67189116929963100, -19.41328172220002600, 6.849127379370532500 ) ) ;
#1467 = STYLED_ITEM ( 'NONE', ( #869 ), #2028 ) ;
#1468 = CARTESIAN_POINT ( 'NONE',  ( -14.73335415963124900, -17.30480132815988600, 6.500000013117916500 ) ) ;
#1469 = CARTESIAN_POINT ( 'NONE',  ( -13.78347388813335800, -16.26228001051869000, 9.172794133309553300 ) ) ;
#1470 = ADVANCED_FACE ( 'NONE', ( #1312 ), #260, .T. ) ;
#1471 = EDGE_CURVE ( 'NONE', #1536, #1533, #2199, .T. ) ;
#1472 = CARTESIAN_POINT ( 'NONE',  ( -14.37093680683037900, -18.86597684331629700, 6.499000014981160000 ) ) ;
#1473 = CARTESIAN_POINT ( 'NONE',  ( -15.07397604137452900, -17.37430554457670000, 6.500000015074408400 ) ) ;
#1474 = CARTESIAN_POINT ( 'NONE',  ( -13.68901668755399500, -16.80622506785685000, 6.499999998511822400 ) ) ;
#1475 = CARTESIAN_POINT ( 'NONE',  ( -15.02236595550000000, -16.58513371747999800, 6.871117638200999500 ) ) ;
#1476 = CARTESIAN_POINT ( 'NONE',  ( -14.73202930843000000, -19.56115573370000100, 6.861126032036001000 ) ) ;
#1477 = CARTESIAN_POINT ( 'NONE',  ( -15.26769869995403200, -17.83906013130507200, 6.500000028156911500 ) ) ;
#1478 = CARTESIAN_POINT ( 'NONE',  ( -14.24371914557020000, -18.94017350089139700, 6.800000000000000700 ) ) ;
#1479 = CARTESIAN_POINT ( 'NONE',  ( -13.70022763738098500, -17.90142559598803000, 6.800000000000100200 ) ) ;
#1480 = FACE_OUTER_BOUND ( 'NONE', #807, .T. ) ;
#1481 = DIRECTION ( 'NONE',  ( -7.881384666300663600E-031, -1.000000000000000000, -3.206885370685025100E-015 ) ) ;
#1482 = CARTESIAN_POINT ( 'NONE',  ( -14.88719855786000100, -19.52633115491000000, 6.736751137261000700 ) ) ;
#1483 = CARTESIAN_POINT ( 'NONE',  ( -14.55145229775626500, -16.57088281384249800, 6.499999999430198900 ) ) ;
#1484 = CARTESIAN_POINT ( 'NONE',  ( -14.52187076502999500, -16.59186480979000300, 6.895433249022999300 ) ) ;
#1485 = CARTESIAN_POINT ( 'NONE',  ( -16.55709918044211500, -17.08368863583594800, 6.500000014299338600 ) ) ;
#1486 = CARTESIAN_POINT ( 'NONE',  ( -15.79966443244000000, -18.79472033117999500, 6.889247048010001400 ) ) ;
#1487 = CARTESIAN_POINT ( 'NONE',  ( -14.31058006666779500, -17.18209772661145300, 6.500000010579672200 ) ) ;
#1488 = CARTESIAN_POINT ( 'NONE',  ( -15.08415605240125700, -18.61868539866452100, 6.500000050102794800 ) ) ;
#1489 = CARTESIAN_POINT ( 'NONE',  ( -14.30504366782000300, -17.18406894933250200, 6.800000000000000700 ) ) ;
#1490 = VERTEX_POINT ( 'NONE', #207 ) ;
#1491 = CARTESIAN_POINT ( 'NONE',  ( -14.36497932761535300, -17.26480347032946800, 6.699666671660622800 ) ) ;
#1492 = ADVANCED_FACE ( 'NONE', ( #2264 ), #829, .T. ) ;
#1493 = CARTESIAN_POINT ( 'NONE',  ( -14.80187919922163300, -18.91786139733065800, 6.500000059515487600 ) ) ;
#1494 = CARTESIAN_POINT ( 'NONE',  ( -14.54140016772208500, -13.98454486551498900, 8.553873661811980600 ) ) ;
#1495 = CARTESIAN_POINT ( 'NONE',  ( -14.46772945237000100, -19.57254339417999500, 6.612376242486998700 ) ) ;
#1496 = CARTESIAN_POINT ( 'NONE',  ( -16.50666526329231900, -17.50456754483287000, 6.860290307310218200 ) ) ;
#1497 = CARTESIAN_POINT ( 'NONE',  ( -16.19018133429477400, -16.66039978022323000, 6.500000001660123600 ) ) ;
#1498 = CARTESIAN_POINT ( 'NONE',  ( -16.52086230651999800, -17.47944842881670300, 6.852446001640701400 ) ) ;
#1499 = CARTESIAN_POINT ( 'NONE',  ( -13.98200391699588600, -17.32244442735949600, 7.152960390605189300 ) ) ;
#1500 = CARTESIAN_POINT ( 'NONE',  ( -13.62982649911509900, -17.81371914556779500, 6.426075751477439400 ) ) ;
#1501 = PLANE ( 'NONE',  #1091 ) ;
#1502 = CARTESIAN_POINT ( 'NONE',  ( -15.11379852219884900, -18.72821831357825000, 7.152960432333232500 ) ) ;
#1503 = ORIENTED_EDGE ( 'NONE', *, *, #2336, .T. ) ;
#1504 = CARTESIAN_POINT ( 'NONE',  ( -13.75791671310832600, -16.24942661181514900, 9.105001693587494700 ) ) ;
#1505 = CARTESIAN_POINT ( 'NONE',  ( -15.37432817243309400, -19.30429399435336500, 6.849127378788991500 ) ) ;
#1506 = CARTESIAN_POINT ( 'NONE',  ( -14.57677889274420500, -15.87134018055973100, 6.800000000000094900 ) ) ;
#1507 = CARTESIAN_POINT ( 'NONE',  ( -16.02025963562669700, -16.66189719033329900, 6.900036467719999700 ) ) ;
#1508 = B_SPLINE_CURVE_WITH_KNOTS ( 'NONE', 3,
 ( #727, #1868, #1676, #2055, #923, #2246, #1113, #2433, #1300, #160, #1485, #354, #1688, #541, #1877, #740, #2065, #937, #2258, #1124, #2446, #1311, #172, #1497, #365, #1699, #552, #1889 ),
 .UNSPECIFIED., .F., .F.,
 ( 4, 2, 2, 2, 2, 2, 2, 2, 2, 2, 2, 2, 2, 4 ),
 ( 0.0000000000000000000, 0.001514866250809824000, 0.002272299376214785600, 0.003029732501619747700, 0.003787165627024709000, 0.004544598752429671000, 0.005302031877834632700, 0.006059465003239594300, 0.007574331254049517700, 0.008331764379454452400, 0.009089197504859383700, 0.009846630630264318500, 0.01060406375566925300, 0.01211893000647909500 ),
 .UNSPECIFIED. ) ;
#1509 = DIRECTION ( 'NONE',  ( 0.9994115292233507500, 0.03430153430159596500, 0.0000000000000000000 ) ) ;
#1510 = CARTESIAN_POINT ( 'NONE',  ( -13.72561216308851900, -17.59445519584968000, 7.805920774442372000 ) ) ;
#1511 = CARTESIAN_POINT ( 'NONE',  ( -13.66328067912601100, -16.24216888632936000, 9.082596986705043600 ) ) ;
#1512 = CARTESIAN_POINT ( 'NONE',  ( -13.75791618186010000, -18.59386380028400200, 6.052151502954878000 ) ) ;
#1513 = CARTESIAN_POINT ( 'NONE',  ( -13.66330680913221100, -16.24142062085131900, 9.078350775637442600 ) ) ;
#1514 = CARTESIAN_POINT ( 'NONE',  ( -15.32473801741968200, -18.43028762220166800, 7.805920801897247700 ) ) ;
#1515 = CARTESIAN_POINT ( 'NONE',  ( -14.37093680683037900, -18.86597684331629700, 6.800000000000030900 ) ) ;
#1516 = CARTESIAN_POINT ( 'NONE',  ( -14.12941122186493300, -17.24772009445213100, 6.500000011511118300 ) ) ;
#1517 = FACE_OUTER_BOUND ( 'NONE', #954, .T. ) ;
#1518 = CARTESIAN_POINT ( 'NONE',  ( -16.50363611264696200, -17.50295459136586000, 6.616375793123370200 ) ) ;
#1519 = CARTESIAN_POINT ( 'NONE',  ( -13.60434554848452700, -17.92985000080181400, 8.458881160401119800 ) ) ;
#1520 = CARTESIAN_POINT ( 'NONE',  ( -14.44854770224372800, -19.56911718615749900, 6.500000026700625700 ) ) ;
#1521 = CARTESIAN_POINT ( 'NONE',  ( -14.46859045297230200, -18.96945174431919800, 5.678227254432317600 ) ) ;
#1522 = B_SPLINE_CURVE_WITH_KNOTS ( 'NONE', 3,
 ( #644, #1786, #1030, #2355, #1215, #72, #1405, #274, #1598, #455, #1793, #651, #1978, #845, #2169, #1038, #2360, #1223, #77, #1412, #281, #1604, #462, #1799, #658, #1983, #850, #2177, #1042, #2364, #1227, #86, #1415, #285, #1610, #468, #1802, #661, #1989, #854, #2181, #1047, #2367, #1232, #90, #1421 ),
 .UNSPECIFIED., .F., .F.,
 ( 4, 2, 2, 2, 2, 2, 2, 2, 2, 2, 2, 2, 2, 2, 2, 2, 2, 2, 2, 2, 2, 2, 4 ),
 ( 2.775557561562891400E-017, 0.001758242233420401200, 0.002637363350130587900, 0.003516484466840774600, 0.005274726700261254800, 0.007032968933681734000, 0.008791211167102214200, 0.009670332283812463300, 0.01054945340052271300, 0.01142857451723296200, 0.01230769563394321100, 0.01406593786736369000, 0.01494505898407388900, 0.01582418010078409000, 0.01758242233420440400, 0.01846154345091459800, 0.01934066456762479800, 0.02109890680104507100, 0.02285714903446535100, 0.02373627015117543000, 0.02461539126788550900, 0.02637363350130574700, 0.02813187573472597900 ),
 .UNSPECIFIED. ) ;
#1523 = CARTESIAN_POINT ( 'NONE',  ( -14.09293670559577200, -13.98318731224174300, 8.629182591649184900 ) ) ;
#1524 = CARTESIAN_POINT ( 'NONE',  ( -15.39945173873080200, -18.10140949339128700, 8.458881170224811900 ) ) ;
#1525 = CARTESIAN_POINT ( 'NONE',  ( -13.63078016784000300, -17.83473013859563500, 6.500000028035030300 ) ) ;
#1526 = CARTESIAN_POINT ( 'NONE',  ( -12.43845988506231300, -18.80436388206017300, 6.500000049659071500 ) ) ;
#1527 = EDGE_CURVE ( 'NONE', #1987, #277, #183, .T. ) ;
#1528 = CARTESIAN_POINT ( 'NONE',  ( -13.65213860267585100, -18.37187919921909400, 6.500000041281156300 ) ) ;
#1529 = CARTESIAN_POINT ( 'NONE',  ( -12.52379786087169900, -18.68433208987499600, 6.899997398026101800 ) ) ;
#1530 = CARTESIAN_POINT ( 'NONE',  ( -13.97613619972250200, -17.32791618185770200, 5.678227254432317600 ) ) ;
#1531 = CARTESIAN_POINT ( 'NONE',  ( -14.63220715223469900, -14.28408250307061100, 10.22786944775618800 ) ) ;
#1532 = CARTESIAN_POINT ( 'NONE',  ( -15.30460580872563300, -17.64663265620384500, 6.500000026138991400 ) ) ;
#1533 = VERTEX_POINT ( 'NONE', #2140 ) ;
#1534 = CARTESIAN_POINT ( 'NONE',  ( -14.19023625511445300, -14.23576819887988700, 10.04150936592103000 ) ) ;
#1535 = CARTESIAN_POINT ( 'NONE',  ( -13.76530287736808200, -18.59312693925983600, 6.500000049383346300 ) ) ;
#1536 = VERTEX_POINT ( 'NONE', #50 ) ;
#1537 = CARTESIAN_POINT ( 'NONE',  ( -12.56438357337975600, -19.30451865879347300, 6.500000063715114100 ) ) ;
#1538 = CARTESIAN_POINT ( 'NONE',  ( -14.64752053649390000, -17.17460295147660100, 6.500000011336518400 ) ) ;
#1539 = CARTESIAN_POINT ( 'NONE',  ( -13.84178166668283400, -18.68379850617726100, 7.152960427484790900 ) ) ;
#1540 = ORIENTED_EDGE ( 'NONE', *, *, #1418, .F. ) ;
#1541 = CARTESIAN_POINT ( 'NONE',  ( -12.74863408093999900, -18.23762114255999800, 6.899230593224002600 ) ) ;
#1542 = CARTESIAN_POINT ( 'NONE',  ( -15.99352560952000100, -16.61355273227000100, 6.861126051024999800 ) ) ;
#1543 = APPLICATION_CONTEXT ( 'automotive_design' ) ;
#1544 = CARTESIAN_POINT ( 'NONE',  ( -15.07331139619136300, -17.36514991941609100, 7.152960394890700800 ) ) ;
#1545 = CARTESIAN_POINT ( 'NONE',  ( -15.03684282532000100, -19.47340001351999600, 6.488001347711999300 ) ) ;
#1546 = CARTESIAN_POINT ( 'NONE',  ( -15.99131829196026400, -16.66422559804881200, 6.899999996324695000 ) ) ;
#1547 = CARTESIAN_POINT ( 'NONE',  ( -14.55859819073891100, -16.39196736822359300, 9.754423259036650900 ) ) ;
#1548 = EDGE_CURVE ( 'NONE', #471, #2111, #2342, .T. ) ;
#1549 = CARTESIAN_POINT ( 'NONE',  ( -13.23515847010999700, -17.25486279980000500, 6.612376242486998700 ) ) ;
#1550 = CARTESIAN_POINT ( 'NONE',  ( -14.55166133418282300, -16.56479231618588300, 6.849127380303821500 ) ) ;
#1551 = CARTESIAN_POINT ( 'NONE',  ( -14.13971233831403900, -18.89473798538405400, 7.805920811232340400 ) ) ;
#1552 = CARTESIAN_POINT ( 'NONE',  ( -12.95819406950000100, -17.78277595101999600, 6.880997255274000000 ) ) ;
#1553 = CARTESIAN_POINT ( 'NONE',  ( -16.25498502324000700, -16.68929080919999900, 6.488001347711999300 ) ) ;
#1554 = APPLICATION_PROTOCOL_DEFINITION ( 'draft international standard', 'automotive_design', 1998, #229 ) ;
#1555 = VECTOR ( 'NONE', #759, 100.0000000000000100 ) ;
#1556 = CARTESIAN_POINT ( 'NONE',  ( -14.75876956971389100, -17.20091366282277400, 7.805920766615444400 ) ) ;
#1557 = CARTESIAN_POINT ( 'NONE',  ( -14.47716286163330000, -19.57629150075670000, 6.852446001638699400 ) ) ;
#1558 = FACE_OUTER_BOUND ( 'NONE', #1461, .T. ) ;
#1559 = CARTESIAN_POINT ( 'NONE',  ( -15.77462558992670000, -18.78138771966000000, 6.900036467719999700 ) ) ;
#1560 = CARTESIAN_POINT ( 'NONE',  ( -15.28040470540062400, -15.64393019098917700, 9.518781397574208800 ) ) ;
#1561 = CARTESIAN_POINT ( 'NONE',  ( -13.55029987238000400, -16.90000306620000000, 6.736751137261000700 ) ) ;
#1562 = PLANE ( 'NONE',  #2174 ) ;
#1563 = ORIENTED_EDGE ( 'NONE', *, *, #987, .T. ) ;
#1564 = CARTESIAN_POINT ( 'NONE',  ( -14.46859044737905200, -18.96945169067624100, 8.458881191337784600 ) ) ;
#1565 = CARTESIAN_POINT ( 'NONE',  ( -13.18409472565330100, -17.33663179159329800, 6.852446001640701400 ) ) ;
#1566 = CARTESIAN_POINT ( 'NONE',  ( -16.43011700213999800, -16.82684720361000100, 6.612376248815998300 ) ) ;
#1567 = ORIENTED_EDGE ( 'NONE', *, *, #95, .F. ) ;
#1568 = CARTESIAN_POINT ( 'NONE',  ( -14.53140954703680000, -17.17054825568480000, 6.239113627216158700 ) ) ;
#1569 = CARTESIAN_POINT ( 'NONE',  ( -14.29147514195144300, -18.84266784084374500, 6.500000056407738000 ) ) ;
#1570 = CARTESIAN_POINT ( 'NONE',  ( -15.25730551553061800, -14.76579858625490400, 8.693222196785550100 ) ) ;
#1571 = CARTESIAN_POINT ( 'NONE',  ( -13.96082590783999900, -16.66050565167000000, 6.861126032036001000 ) ) ;
#1572 = CARTESIAN_POINT ( 'NONE',  ( -15.46221029776650200, -16.30423971492000800, 9.078350775636900800 ) ) ;
#1573 = EDGE_CURVE ( 'NONE', #2419, #1811, #1894, .T. ) ;
#1574 = CARTESIAN_POINT ( 'NONE',  ( -12.53690449380816600, -18.65863235529030500, 6.899999996324695000 ) ) ;
#1575 = CARTESIAN_POINT ( 'NONE',  ( -15.23789763545466200, -17.54164706838424000, 6.500000023073555500 ) ) ;
#1576 = CARTESIAN_POINT ( 'NONE',  ( -16.54371400454999700, -17.01932490888000200, 6.736751149921000900 ) ) ;
#1577 = EDGE_LOOP ( 'NONE', ( #1540, #1434, #979, #2212 ) ) ;
#1578 = ORIENTED_EDGE ( 'NONE', *, *, #2238, .T. ) ;
#1579 = CARTESIAN_POINT ( 'NONE',  ( -13.71875043050769500, -18.24905778040549700, 6.500000039698052000 ) ) ;
#1580 = CARTESIAN_POINT ( 'NONE',  ( -14.64254391933553000, -13.98807622222740000, 8.553869915812613900 ) ) ;
#1581 = CARTESIAN_POINT ( 'NONE',  ( -14.53222390300000000, -16.56962841871999700, 6.488001347711999300 ) ) ;
#1582 = CARTESIAN_POINT ( 'NONE',  ( -15.07821446387654700, -14.28081289147639900, 10.12106191063007700 ) ) ;
#1583 = CARTESIAN_POINT ( 'NONE',  ( -13.73752179402872100, -14.11618151611180800, 9.453316189054849200 ) ) ;
#1584 = CARTESIAN_POINT ( 'NONE',  ( -14.97297456225440200, -17.29448936960279700, 6.800000000000000700 ) ) ;
#1585 = CARTESIAN_POINT ( 'NONE',  ( -16.57974756205999600, -17.24071550813999600, 6.861126051024999800 ) ) ;
#1586 = CARTESIAN_POINT ( 'NONE',  ( -13.99357368735703700, -17.44879462283598000, 6.500000017171217300 ) ) ;
#1587 = CARTESIAN_POINT ( 'NONE',  ( -14.97033240936213300, -16.14588310400563000, 8.278167768844003400 ) ) ;
#1588 = CARTESIAN_POINT ( 'NONE',  ( -14.47876704220330000, -19.52955200101999700, 6.900036467719999700 ) ) ;
#1589 = CARTESIAN_POINT ( 'NONE',  ( -14.75654444231292200, -13.97566721385737400, 8.455215492334256000 ) ) ;
#1590 = CARTESIAN_POINT ( 'NONE',  ( -13.03152030128999800, -19.52629179807000200, 6.861126051024999800 ) ) ;
#1591 = CARTESIAN_POINT ( 'NONE',  ( -14.12941547827177600, -17.24772210860621900, 6.900000000000002100 ) ) ;
#1592 = CIRCLE ( 'NONE', #1151, 1.456101608965870700 ) ;
#1593 = VERTEX_POINT ( 'NONE', #1804 ) ;
#1594 = DIRECTION ( 'NONE',  ( -0.03436929493119406100, 0.9842078347378864200, 0.1736481776653413800 ) ) ;
#1595 = CARTESIAN_POINT ( 'NONE',  ( -14.66325415341329100, -16.39562203497222400, 9.754423259038091500 ) ) ;
#1596 = CARTESIAN_POINT ( 'NONE',  ( -13.97811844194999700, -19.54075285002999600, 6.889247048010001400 ) ) ;
#1597 = VECTOR ( 'NONE', #1594, 100.0000000000000000 ) ;
#1598 = CARTESIAN_POINT ( 'NONE',  ( -14.92320920321906300, -18.86645861640876400, 6.900000000000002100 ) ) ;
#1599 = CARTESIAN_POINT ( 'NONE',  ( -12.81278601784000600, -19.48158948336999400, 6.488001347711999300 ) ) ;
#1600 = CARTESIAN_POINT ( 'NONE',  ( -13.63077957458402500, -17.83472570547405700, 6.900000000000003000 ) ) ;
#1601 =( NAMED_UNIT ( * ) PLANE_ANGLE_UNIT ( ) SI_UNIT ( $, .RADIAN. ) );
#1602 = CARTESIAN_POINT ( 'NONE',  ( -15.37201352143607400, -18.32206884531721900, 6.500000044827950200 ) ) ;
#1603 = ORIENTED_EDGE ( 'NONE', *, *, #2128, .T. ) ;
#1604 = CARTESIAN_POINT ( 'NONE',  ( -15.38959548811756100, -18.21880517388276400, 6.899999999999996800 ) ) ;
#1605 = CARTESIAN_POINT ( 'NONE',  ( -12.62199345389999800, -19.36673666560999900, 6.612376248815998300 ) ) ;
#1606 = CARTESIAN_POINT ( 'NONE',  ( -13.76530990723347400, -18.59312820289673200, 6.900000000000004800 ) ) ;
#1607 = ORIENTED_EDGE ( 'NONE', *, *, #84, .F. ) ;
#1608 = ORIENTED_EDGE ( 'NONE', *, *, #2184, .T. ) ;
#1609 = UNCERTAINTY_MEASURE_WITH_UNIT (LENGTH_MEASURE( 1.000000000000000100E-005 ), #1930, 'distance_accuracy_value', 'NONE');
#1610 = CARTESIAN_POINT ( 'NONE',  ( -15.19913069938136000, -17.50013769280457500, 6.900000000000000400 ) ) ;
#1611 = CARTESIAN_POINT ( 'NONE',  ( -12.48547493790000300, -19.18977723307999700, 6.736751149921000900 ) ) ;
#1612 = CARTESIAN_POINT ( 'NONE',  ( -14.53140954703680000, -17.17054825568480300, 6.500000009338788400 ) ) ;
#1613 = PRESENTATION_LAYER_ASSIGNMENT (  '', '', ( #1467 ) ) ;
#1614 = FACE_OUTER_BOUND ( 'NONE', #798, .T. ) ;
#1615 = EDGE_CURVE ( 'NONE', #1833, #1490, #1439, .T. ) ;
#1616 = CARTESIAN_POINT ( 'NONE',  ( -14.45005348020711200, -19.52524475149865100, 6.899999996324678100 ) ) ;
#1617 = CARTESIAN_POINT ( 'NONE',  ( -12.42235098494999900, -18.97453880388999900, 6.861126051024999800 ) ) ;
#1618 = CARTESIAN_POINT ( 'NONE',  ( -15.53780093164746000, -14.13960717743223100, 9.229768751035146900 ) ) ;
#1619 = EDGE_LOOP ( 'NONE', ( #697, #101 ) ) ;
#1620 = CARTESIAN_POINT ( 'NONE',  ( -14.52791959736650200, -17.27048733838671200, 6.500000012152002100 ) ) ;
#1621 = CARTESIAN_POINT ( 'NONE',  ( -12.47528273677000100, -18.68258141702000000, 6.488001347711999300 ) ) ;
#1622 = CARTESIAN_POINT ( 'NONE',  ( -16.57737051121306800, -17.15845217281456300, 6.849127379370484500 ) ) ;
#1623 = CARTESIAN_POINT ( 'NONE',  ( -13.75791618186010000, -18.59386380028400200, 6.800000000000000700 ) ) ;
#1624 = DIRECTION ( 'NONE',  ( 0.4699997645189435400, -0.8826665402926167100, 0.0000000000000000000 ) ) ;
#1625 = B_SPLINE_CURVE_WITH_KNOTS ( 'NONE', 3,
 ( #2225, #902, #1280, #138, #1468, #336, #1668, #520, #1857, #720, #2044, #913, #2236, #1103, #2426, #1291, #149, #1477, #349, #1678, #533, #1870, #731, #2058, #926, #2249, #1117, #2437, #1303, #163, #1488, #357, #1691, #544, #1881, #743, #2069, #940, #2261, #1127, #2449, #1315 ),
 .UNSPECIFIED., .F., .F.,
 ( 4, 2, 2, 2, 2, 2, 2, 2, 2, 2, 2, 2, 2, 2, 2, 2, 2, 2, 2, 2, 4 ),
 ( 1.962615573354718900E-016, 0.001560994571122664400, 0.002341491856683898500, 0.003121989142245132700, 0.004682983713367708600, 0.006243978284490286200, 0.007804972855612863000, 0.008585470141174151800, 0.009365967426735439700, 0.01092696199785801600, 0.01248795656898059200, 0.01404895114010316700, 0.01482944842566444500, 0.01560994571122572400, 0.01717094028234824500, 0.01873193485347076200, 0.02029292942459327800, 0.02107342671015455200, 0.02185392399571582300, 0.02341491856683841600, 0.02497591313796100600 ),
 .UNSPECIFIED. ) ;
#1626 = CARTESIAN_POINT ( 'NONE',  ( -14.46859045297230200, -18.96945174431919800, 6.500000059976615700 ) ) ;
#1627 = B_SPLINE_SURFACE_WITH_KNOTS ( 'NONE', 3, 3, ( 
 ( #934, #353, #2254, #1121 ),
 ( #2442, #1308, #169, #1494 ),
 ( #362, #1696, #549, #1885 ),
 ( #749, #2076, #946, #2266 ),
 ( #1130, #2455, #1319, #179 ),
 ( #1504, #375, #1707, #559 ),
 ( #1896, #761, #2298, #1449 ),
 ( #321, #1648, #503, #1839 ),
 ( #701, #2022, #894, #2219 ),
 ( #1083, #2408, #1273, #129 ) ),
 .UNSPECIFIED., .F., .F., .F.,
 ( 4, 1, 1, 1, 1, 1, 1, 4 ),
 ( 4, 4 ),
 ( 0.0000000000000000000, 0.1208045936605667700, 0.2819225655575504600, 0.4362502267765199800, 0.5637497732235620100, 0.6644600628957683100, 0.8053867746102004700, 1.000000000000000000 ),
 ( 0.0000000000000000000, 1.000000000000000000 ),
 .UNSPECIFIED. ) ;
#1628 = CARTESIAN_POINT ( 'NONE',  ( -14.44848216766780500, -19.57102660545347200, 6.871117638200999500 ) ) ;
#1629 = CARTESIAN_POINT ( 'NONE',  ( -15.02386380028649900, -18.81208381814639800, 6.800000000000000700 ) ) ;
#1630 = CARTESIAN_POINT ( 'NONE',  ( -15.39522565152839900, -19.27407564406805200, 6.500000070964431700 ) ) ;
#1631 = FACE_OUTER_BOUND ( 'NONE', #906, .T. ) ;
#1632 = VERTEX_POINT ( 'NONE', #1612 ) ;
#1633 = CARTESIAN_POINT ( 'NONE',  ( -13.79834167264786900, -17.49371226058747600, 6.500000017650477500 ) ) ;
#1634 = B_SPLINE_SURFACE_WITH_KNOTS ( 'NONE', 3, 3, ( 
 ( #691, #494, #681, #885 ),
 ( #2209, #1072, #2399, #1263 ),
 ( #119, #1447, #318, #1642 ),
 ( #501, #1837, #698, #2019 ),
 ( #891, #2217, #1079, #2405 ),
 ( #1270, #126, #1453, #324 ),
 ( #1654, #507, #1843, #705 ),
 ( #2033, #899, #2223, #1088 ),
 ( #2413, #1277, #135, #1464 ),
 ( #333, #1664, #517, #1852 ) ),
 .UNSPECIFIED., .F., .F., .F.,
 ( 4, 1, 1, 1, 1, 1, 1, 4 ),
 ( 4, 4 ),
 ( 0.0000000000000000000, 0.1946132253893152200, 0.3355399371044908700, 0.4362502267769989800, 0.5637497732234476600, 0.7180774344417604200, 0.8791954063395225300, 1.000000000000000000 ),
 ( 0.0000000000000000000, 1.000000000000000000 ),
 .UNSPECIFIED. ) ;
#1635 = CARTESIAN_POINT ( 'NONE',  ( -16.50232714162999800, -17.50173327175999200, 6.488001347711999300 ) ) ;
#1636 = CARTESIAN_POINT ( 'NONE',  ( -15.40341276771000200, -17.98798067816289500, 6.426075751477439400 ) ) ;
#1637 = DIRECTION ( 'NONE',  ( 0.0000000000000000000, 0.9999999999999996700, -2.814927278075249700E-008 ) ) ;
#1638 = FACE_OUTER_BOUND ( 'NONE', #299, .T. ) ;
#1639 = CARTESIAN_POINT ( 'NONE',  ( -14.02843353112674400, -18.84612575744789400, 6.500000055342614000 ) ) ;
#1640 = CARTESIAN_POINT ( 'NONE',  ( -14.46859045297230200, -18.96945174431919800, 6.500000059976613000 ) ) ;
#1641 = CARTESIAN_POINT ( 'NONE',  ( -14.97297456225440200, -17.29448936960279700, 6.052151502954878000 ) ) ;
#1642 = CARTESIAN_POINT ( 'NONE',  ( -14.96792304666896300, -17.37514197658266100, 6.499000014384931100 ) ) ;
#1643 = VERTEX_POINT ( 'NONE', #100 ) ;
#1644 = CARTESIAN_POINT ( 'NONE',  ( -15.44695865071999900, -19.23661953132999300, 6.488001347711999300 ) ) ;
#1645 = CARTESIAN_POINT ( 'NONE',  ( -13.00696686105296800, -19.52573728685153800, 6.849127380996996800 ) ) ;
#1646 = AXIS2_PLACEMENT_3D ( 'NONE', #1506, #936, #562 ) ;
#1647 = ORIENTED_EDGE ( 'NONE', *, *, #1573, .F. ) ;
#1648 = CARTESIAN_POINT ( 'NONE',  ( -14.14077105494801100, -15.65226619943011400, 9.791590306367545800 ) ) ;
#1649 = EDGE_CURVE ( 'NONE', #1240, #47, #1022, .T. ) ;
#1650 = VERTEX_POINT ( 'NONE', #1991 ) ;
#1651 = CARTESIAN_POINT ( 'NONE',  ( -14.45547171967382000, -16.09298427182907800, 8.080250078916359200 ) ) ;
#1652 = CARTESIAN_POINT ( 'NONE',  ( -15.19556640635434700, -18.64418762017038500, 6.500000050820665900 ) ) ;
#1653 = CARTESIAN_POINT ( 'NONE',  ( -14.58201932184360100, -18.97341276770280100, 6.052151502954878000 ) ) ;
#1654 = CARTESIAN_POINT ( 'NONE',  ( -15.12258854598563800, -18.62358784771127400, 6.800000000000153500 ) ) ;
#1655 = CARTESIAN_POINT ( 'NONE',  ( -15.82118435838000200, -18.79541560505999700, 6.861126032036001000 ) ) ;
#1656 = CARTESIAN_POINT ( 'NONE',  ( -13.00829920407407100, -19.48691806232696100, 6.899174399753016800 ) ) ;
#1657 = B_SPLINE_SURFACE_WITH_KNOTS ( 'NONE', 1, 3, ( 
 ( #2263, #1651, #2084, #953, #2274, #1138, #2463, #1328, #188, #1513, #383, #1717, #568, #1904, #769, #2093, #961, #2281 ),
 ( #1149, #2471, #1337, #197, #1523, #394, #1725, #578, #1910, #780, #2102, #970, #2290, #1159, #9, #1345, #209, #1531 ) ),
 .UNSPECIFIED., .F., .F., .F.,
 ( 2, 2 ),
 ( 4, 2, 2, 2, 2, 2, 2, 2, 4 ),
 ( 0.0000000000000000000, 2.159339755007607700 ),
 ( 340.0000000000000000, 361.5987174058219000, 385.0000000000000000, 408.4012825941749700, 430.0000000000000000, 451.5987174058249100, 474.9999999999989200, 498.4012825941729800, 520.0000000000000000 ),
 .UNSPECIFIED. ) ;
#1658 = DIRECTION ( 'NONE',  ( 0.9994115292234070400, 0.03430153429995410500, 0.0000000000000000000 ) ) ;
#1659 = CARTESIAN_POINT ( 'NONE',  ( -15.02119316328959500, -16.13247681056559200, 8.192116607871087200 ) ) ;
#1660 = CARTESIAN_POINT ( 'NONE',  ( -15.39638644426009200, -17.98405982823977200, 6.500000032238547800 ) ) ;
#1661 = ADVANCED_FACE ( 'NONE', ( #1631 ), #663, .T. ) ;
#1662 = FACE_OUTER_BOUND ( 'NONE', #2032, .T. ) ;
#1663 = CARTESIAN_POINT ( 'NONE',  ( -15.27551063040370100, -18.54297456225189900, 5.678227254432317600 ) ) ;
#1664 = CARTESIAN_POINT ( 'NONE',  ( -14.47208040264252900, -18.86951266161728200, 6.699666671461701000 ) ) ;
#1665 = CARTESIAN_POINT ( 'NONE',  ( -15.02250906497670300, -16.58096407126169700, 6.848617413939302300 ) ) ;
#1666 = CARTESIAN_POINT ( 'NONE',  ( -12.55966034830144600, -19.30839788031305200, 6.849127379370519200 ) ) ;
#1667 = EDGE_CURVE ( 'NONE', #2066, #1987, #560, .T. ) ;
#1668 = CARTESIAN_POINT ( 'NONE',  ( -14.80760998842308100, -17.33159215373022400, 6.500000013872058200 ) ) ;
#1669 = CARTESIAN_POINT ( 'NONE',  ( -13.76456834254555500, -16.20704053695441300, 8.863448229892760800 ) ) ;
#1670 = CARTESIAN_POINT ( 'NONE',  ( -14.13659417928727400, -18.81227012034047900, 6.699666671660656500 ) ) ;
#1671 = CARTESIAN_POINT ( 'NONE',  ( -14.97802144681103400, -17.30686878880319000, 6.500000013176113500 ) ) ;
#1672 = DIRECTION ( 'NONE',  ( -8.592823452748320400E-016, 3.206885370674184200E-015, 1.000000000000000000 ) ) ;
#1673 = EDGE_LOOP ( 'NONE', ( #1789, #1722 ) ) ;
#1674 = CARTESIAN_POINT ( 'NONE',  ( -13.80990578341336500, -16.73771224208429200, 6.499999996980822200 ) ) ;
#1675 = CARTESIAN_POINT ( 'NONE',  ( -16.02151076081000300, -16.62544433288999800, 6.880997255274000000 ) ) ;
#1676 = CARTESIAN_POINT ( 'NONE',  ( -16.54374953498955800, -17.40961468861958700, 6.500000023186540700 ) ) ;
#1677 = CARTESIAN_POINT ( 'NONE',  ( -15.99282410700715000, -16.62035308251018500, 6.499999999999945800 ) ) ;
#1678 = CARTESIAN_POINT ( 'NONE',  ( -15.29785627430897300, -17.99239643765706400, 6.500000032473220600 ) ) ;
#1679 = CARTESIAN_POINT ( 'NONE',  ( -13.92564715523440300, -18.77373324783249900, 6.800000000000000700 ) ) ;
#1680 = ADVANCED_FACE ( 'NONE', ( #1207, #640 ), #1443, .T. ) ;
#1681 = CARTESIAN_POINT ( 'NONE',  ( -13.70022763738090700, -17.90142559598814700, 6.599333343320945600 ) ) ;
#1682 = CARTESIAN_POINT ( 'NONE',  ( -14.46859045110788400, -18.96945172643821200, 7.152960437097004100 ) ) ;
#1683 = CARTESIAN_POINT ( 'NONE',  ( -14.88663969940000300, -19.52422917655999500, 6.612376242486998700 ) ) ;
#1684 = CARTESIAN_POINT ( 'NONE',  ( -12.49723803112859400, -18.63751087025734400, 6.875605298594337000 ) ) ;
#1685 = ORIENTED_EDGE ( 'NONE', *, *, #348, .F. ) ;
#1686 = CARTESIAN_POINT ( 'NONE',  ( -13.72765276116516600, -19.55047254958066800, 6.849127379870056500 ) ) ;
#1687 = ADVANCED_FACE ( 'NONE', ( #684 ), #1634, .T. ) ;
#1688 = CARTESIAN_POINT ( 'NONE',  ( -16.53531293457889400, -17.01121803550034900, 6.500000012252574100 ) ) ;
#1689 = CARTESIAN_POINT ( 'NONE',  ( -16.27679160789000100, -17.91591745579000200, 6.880997255274000000 ) ) ;
#1690 = CARTESIAN_POINT ( 'NONE',  ( -14.31058006293895200, -17.18209769084948100, 7.805920764820452700 ) ) ;
#1691 = CARTESIAN_POINT ( 'NONE',  ( -14.96532416667830700, -18.72221177240470200, 6.500000053016990800 ) ) ;
#1692 = CARTESIAN_POINT ( 'NONE',  ( -14.53140954703680000, -17.17054825568480000, 6.800000000000000700 ) ) ;
#1693 = EDGE_CURVE ( 'NONE', #1650, #1401, #112, .T. ) ;
#1694 = CARTESIAN_POINT ( 'NONE',  ( -14.36497932761430700, -17.26480347032883200, 6.499000014981206200 ) ) ;
#1695 = CARTESIAN_POINT ( 'NONE',  ( -14.80187919549279800, -18.91786136156869000, 7.805920813756269000 ) ) ;
#1696 = CARTESIAN_POINT ( 'NONE',  ( -14.25569448456253100, -15.40168361240440500, 8.348585340731464300 ) ) ;
#1697 = CARTESIAN_POINT ( 'NONE',  ( -14.46763616309000100, -19.57688701997000200, 6.861126032036001000 ) ) ;
#1698 = CARTESIAN_POINT ( 'NONE',  ( -16.50722204113224800, -17.50486401638400100, 6.849127380997073200 ) ) ;
#1699 = CARTESIAN_POINT ( 'NONE',  ( -16.09363972564318600, -16.63024816423471100, 6.500000000558775200 ) ) ;
#1700 = B_SPLINE_CURVE_WITH_KNOTS ( 'NONE', 3,
 ( #1144, #1332, #1518, #390 ),
 .UNSPECIFIED., .F., .F.,
 ( 4, 4 ),
 ( 0.0000000000000000000, 1.000000000000000000 ),
 .UNSPECIFIED. ) ;
#1701 = CARTESIAN_POINT ( 'NONE',  ( -16.05089095174000100, -18.36206161520670200, 6.852446001640701400 ) ) ;
#1702 = CARTESIAN_POINT ( 'NONE',  ( -13.98200391326705200, -17.32244439159752100, 8.458881144845969800 ) ) ;
#1703 = CARTESIAN_POINT ( 'NONE',  ( -13.79626675217399900, -17.49564715523189300, 6.426075751477439400 ) ) ;
#1704 = DIRECTION ( 'NONE',  ( 0.8660254037847202600, -0.4999999999995122200, 0.0000000000000000000 ) ) ;
#1705 = VECTOR ( 'NONE', #7, 100.0000000000000100 ) ;
#1706 = CARTESIAN_POINT ( 'NONE',  ( -15.11379851847001300, -18.72821827781627800, 8.458881186574013000 ) ) ;
#1707 = CARTESIAN_POINT ( 'NONE',  ( -13.80741628256931000, -14.83194440343136300, 9.355094401318089200 ) ) ;
#1708 = CARTESIAN_POINT ( 'NONE',  ( -15.00066767105435000, -19.49732732782916100, 6.849127378788979000 ) ) ;
#1709 = CARTESIAN_POINT ( 'NONE',  ( -15.02117156794999900, -16.61993346360000600, 6.899230593224002600 ) ) ;
#1710 = CARTESIAN_POINT ( 'NONE',  ( -15.81600681385000200, -18.80342227586999800, 6.861126031966000100 ) ) ;
#1711 = AXIS2_PLACEMENT_3D ( 'NONE', #1457, #328, #1658 ) ;
#1712 = CARTESIAN_POINT ( 'NONE',  ( -13.67526197886048100, -17.70971234204040800, 6.500000023214082200 ) ) ;
#1713 = CARTESIAN_POINT ( 'NONE',  ( -13.77477084279296600, -16.30434753687132600, 9.412948145417859200 ) ) ;
#1714 = CARTESIAN_POINT ( 'NONE',  ( -13.61406894933499800, -18.26495633218789600, 6.052151502954878000 ) ) ;
#1715 = VECTOR ( 'NONE', #1509, 100.0000000000000100 ) ;
#1716 = B_SPLINE_CURVE_WITH_KNOTS ( 'NONE', 3,
 ( #764, #377, #2277, #1143, #2465, #1331, #192, #1516, #389, #1720, #572, #1907, #772, #2097, #964, #2285, #1153, #5, #1340, #202, #1525, #397, #1730, #582, #1915, #783, #2107, #973, #2293, #1164, #13, #1348, #213, #1535, #405, #1738, #593, #1923, #790, #2115, #982, #2302, #1172, #24, #1357, #223 ),
 .UNSPECIFIED., .F., .F.,
 ( 4, 2, 2, 2, 2, 2, 2, 2, 2, 2, 2, 2, 2, 2, 2, 2, 2, 2, 2, 2, 2, 2, 4 ),
 ( 0.0000000000000000000, 0.001758263613142325700, 0.002637395419713488600, 0.003516527226284651400, 0.005274790839426977300, 0.007033054452569302700, 0.008791318065711628200, 0.009670449872282781800, 0.01054958167885393500, 0.01142871348542508900, 0.01230784529199624300, 0.01406610890513856700, 0.01494524071170973100, 0.01582437251828089400, 0.01758263613142320400, 0.01846176793799438400, 0.01934089974456556400, 0.02109916335770796100, 0.02285742697085036200, 0.02373655877742153500, 0.02461569058399271100, 0.02637395419713502200, 0.02813221781027733600 ),
 .UNSPECIFIED. ) ;
#1717 = CARTESIAN_POINT ( 'NONE',  ( -13.76968321056823400, -16.30284316111342200, 9.405428572850164300 ) ) ;
#1718 = CARTESIAN_POINT ( 'NONE',  ( -15.37201352143608100, -18.32206884531722600, 6.500000044827937800 ) ) ;
#1719 = CARTESIAN_POINT ( 'NONE',  ( -14.13659417928628800, -18.81227012034120700, 6.800000000000092200 ) ) ;
#1720 = CARTESIAN_POINT ( 'NONE',  ( -13.97673834749796400, -17.33538530069257500, 6.500000013978837600 ) ) ;
#1721 = CARTESIAN_POINT ( 'NONE',  ( -13.60054825382248600, -18.03859043508877500, 7.152960409127297600 ) ) ;
#1722 = ORIENTED_EDGE ( 'NONE', *, *, #2336, .F. ) ;
#1723 = CARTESIAN_POINT ( 'NONE',  ( -15.99131829196026400, -16.66422559804881200, 6.899999996324695000 ) ) ;
#1724 = CARTESIAN_POINT ( 'NONE',  ( -14.24371914557020000, -18.94017350089139700, 5.678227254432317600 ) ) ;
#1725 = CARTESIAN_POINT ( 'NONE',  ( -13.84929933669879200, -14.02293560797686900, 8.902690953823896100 ) ) ;
#1726 = ORIENTED_EDGE ( 'NONE', *, *, #1266, .T. ) ;
#1727 = CARTESIAN_POINT ( 'NONE',  ( -15.40365615334573200, -17.98101095418598000, 7.152960412698982800 ) ) ;
#1728 = ORIENTED_EDGE ( 'NONE', *, *, #1411, .T. ) ;
#1729 = CARTESIAN_POINT ( 'NONE',  ( -13.17062124075591700, -17.36213618588166700, 6.849127380303684700 ) ) ;
#1730 = CARTESIAN_POINT ( 'NONE',  ( -13.60265531512246400, -17.97935178119941900, 6.500000032106026300 ) ) ;
#1731 = CARTESIAN_POINT ( 'NONE',  ( -12.42855174774673800, -18.88006454000298000, 6.500000051703811000 ) ) ;
#1732 = CARTESIAN_POINT ( 'NONE',  ( -13.65213859894701900, -18.37187916345712700, 7.805920795521936700 ) ) ;
#1733 = CARTESIAN_POINT ( 'NONE',  ( -14.49999999999937100, -18.06999999999873600, 6.899999999997414000 ) ) ;
#1734 = CARTESIAN_POINT ( 'NONE',  ( -14.30504366782000300, -17.18406894933250200, 5.678227254432317600 ) ) ;
#1735 = FILL_AREA_STYLE_COLOUR ( '', #1875 ) ;
#1736 = CARTESIAN_POINT ( 'NONE',  ( -15.30460580499679000, -17.64663262044187800, 7.805920780379772800 ) ) ;
#1737 = CARTESIAN_POINT ( 'NONE',  ( -13.94019559635047400, -14.17890369421587200, 9.768700457127002000 ) ) ;
#1738 = CARTESIAN_POINT ( 'NONE',  ( -13.88181158760552800, -18.72678781057031800, 6.500000053145798900 ) ) ;
#1739 = CARTESIAN_POINT ( 'NONE',  ( -13.00717589789519300, -19.51964677469563000, 6.500000025286634100 ) ) ;
#1740 = FACE_BOUND ( 'NONE', #1673, .T. ) ;
#1741 = CARTESIAN_POINT ( 'NONE',  ( -12.63684684723762100, -19.37588474046898000, 6.500000065876333700 ) ) ;
#1742 = CARTESIAN_POINT ( 'NONE',  ( -14.54994649595499300, -16.61475524768322000, 6.899999996324675400 ) ) ;
#1743 = CARTESIAN_POINT ( 'NONE',  ( -13.84178166295399700, -18.68379847041529000, 8.458881181725569600 ) ) ;
#1744 = CARTESIAN_POINT ( 'NONE',  ( -13.21860543571999900, -17.35500795615999800, 6.899230593224002600 ) ) ;
#1745 = CARTESIAN_POINT ( 'NONE',  ( -16.04312533685000000, -16.62067265128000000, 6.612376248815998300 ) ) ;
#1746 = SURFACE_SIDE_STYLE ('',( #1380 ) ) ;
#1747 = CARTESIAN_POINT ( 'NONE',  ( -15.07331139246252900, -17.36514988365411600, 8.458881149131480400 ) ) ;
#1748 = MECHANICAL_DESIGN_GEOMETRIC_PRESENTATION_REPRESENTATION (  '', ( #1467 ), #1855 ) ;
#1749 = CARTESIAN_POINT ( 'NONE',  ( -15.99304106517495700, -16.61403177366115700, 6.862360777354600900 ) ) ;
#1750 = CARTESIAN_POINT ( 'NONE',  ( -14.60809776019995700, -14.97448515983927600, 10.00451596676697700 ) ) ;
#1751 = B_SPLINE_SURFACE_WITH_KNOTS ( 'NONE', 3, 3, ( 
 ( #1089, #1278, #900, #2034 ),
 ( #706, #1844, #508, #1655 ),
 ( #325, #1454, #127, #1271 ),
 ( #2406, #1081, #2218, #892 ),
 ( #2020, #699, #1838, #502 ),
 ( #1644, #319, #1448, #2400 ),
 ( #120, #1264, #1073, #886 ),
 ( #2210, #692, #993, #580 ),
 ( #1545, #2104, #199, #788 ),
 ( #667, #1683, #1482, #1297 ),
 ( #896, #311, #591, #1476 ),
 ( #2256, #1122, #2444, #1309 ),
 ( #170, #1495, #363, #1697 ),
 ( #550, #1887, #751, #2077 ) ),
 .UNSPECIFIED., .F., .F., .F.,
 ( 4, 1, 1, 1, 1, 1, 1, 1, 1, 1, 1, 4 ),
 ( 4, 4 ),
 ( 4.132165658817998900, 4.237660808194000600, 4.343155957569998700, 4.448651106945000300, 4.554146256320998500, 4.659641405697001000, 4.765136555072999200, 4.870631704448000800, 4.976126853824000700, 5.081622003200001500, 5.187117152575998700, 5.292612301951000300 ),
 ( 859.2294379385001500, 862.9606847816998000 ),
 .UNSPECIFIED. ) ;
#1752 = CARTESIAN_POINT ( 'NONE',  ( -13.23150200445999900, -17.25250636137999600, 6.861126032036001000 ) ) ;
#1753 = VERTEX_POINT ( 'NONE', #910 ) ;
#1754 = CARTESIAN_POINT ( 'NONE',  ( -14.55145229775626500, -16.57088281384249800, 6.499999999430198900 ) ) ;
#1755 = EDGE_CURVE ( 'NONE', #294, #2027, #1139, .T. ) ;
#1756 = CARTESIAN_POINT ( 'NONE',  ( -14.24123045077004900, -18.93908631199268900, 6.500000058495883700 ) ) ;
#1757 = CARTESIAN_POINT ( 'NONE',  ( -12.48291374558999900, -18.66256223264999600, 6.871117638202001400 ) ) ;
#1758 = CARTESIAN_POINT ( 'NONE',  ( -16.25703181971000100, -16.68544895221999600, 6.736751149921000900 ) ) ;
#1759 = CARTESIAN_POINT ( 'NONE',  ( -14.64752053649390000, -17.17460295147660100, 6.500000011336506000 ) ) ;
#1760 = CARTESIAN_POINT ( 'NONE',  ( -13.47781174308669900, -19.54199203985670200, 6.852446001638699400 ) ) ;
#1761 = CARTESIAN_POINT ( 'NONE',  ( -15.32990427486196900, -14.22644798260526700, 9.768874105304787400 ) ) ;
#1762 = CARTESIAN_POINT ( 'NONE',  ( -13.68115046716000000, -16.81015189045000500, 6.488001347711999300 ) ) ;
#1763 = DIRECTION ( 'NONE',  ( -0.03436929493120123600, 0.9842078347378860900, 0.1736481776653419400 ) ) ;
#1764 = ORIENTED_EDGE ( 'NONE', *, *, #2184, .F. ) ;
#1765 = CARTESIAN_POINT ( 'NONE',  ( -12.71421684868999900, -18.21929475279250400, 6.848617413941101800 ) ) ;
#1766 = CARTESIAN_POINT ( 'NONE',  ( -16.43341964247999700, -16.82401139549000400, 6.861126051024999800 ) ) ;
#1767 = CARTESIAN_POINT ( 'NONE',  ( -14.21669767505425200, -18.81845323542179900, 6.500000055726104600 ) ) ;
#1768 = CARTESIAN_POINT ( 'NONE',  ( -14.90509295679390800, -16.13396649248384300, 8.223538986866039100 ) ) ;
#1769 = CARTESIAN_POINT ( 'NONE',  ( -14.11336030059999700, -16.61577082344000200, 6.612376242486998700 ) ) ;
#1770 = CARTESIAN_POINT ( 'NONE',  ( -15.44286678862284900, -16.24461745506199900, 8.744250681490953500 ) ) ;
#1771 = EDGE_LOOP ( 'NONE', ( #2370, #448 ) ) ;
#1772 = CARTESIAN_POINT ( 'NONE',  ( -14.47208040264255400, -18.86951266161729300, 6.649500007192508600 ) ) ;
#1773 = CARTESIAN_POINT ( 'NONE',  ( -14.91772553306470300, -18.87661456311579800, 6.800000000000000700 ) ) ;
#1774 = CARTESIAN_POINT ( 'NONE',  ( -16.55988317512000000, -17.09242870609999800, 6.488001347711999300 ) ) ;
#1775 = B_SPLINE_SURFACE_WITH_KNOTS ( 'NONE', 3, 3, ( 
 ( #1640, #1682, #538, #1874 ),
 ( #736, #2062, #933, #2253 ),
 ( #1120, #2441, #1307, #168 ),
 ( #1493, #361, #1695, #547 ),
 ( #1884, #748, #2075, #944 ),
 ( #2265, #1129, #2453, #1318 ),
 ( #178, #1502, #374, #1706 ),
 ( #558, #1895, #760, #2085 ),
 ( #955, #2275, #1140, #2464 ),
 ( #1329, #190, #1514, #384 ),
 ( #1718, #570, #1905, #770 ),
 ( #2094, #962, #2282, #1150 ),
 ( #2, #1338, #198, #1524 ),
 ( #395, #1727, #579, #1912 ),
 ( #781, #2103, #971, #2291 ),
 ( #1161, #10, #1346, #210 ),
 ( #1532, #403, #1736, #589 ),
 ( #1921, #787, #2113, #978 ),
 ( #2300, #1171, #21, #1355 ),
 ( #221, #1544, #413, #1747 ),
 ( #602, #1932, #799, #2124 ),
 ( #992, #2310, #1180, #31 ),
 ( #1366, #231, #1556, #422 ),
 ( #1759, #612, #1942, #808 ),
 ( #2134, #1002, #2323, #1190 ) ),
 .UNSPECIFIED., .F., .F., .F.,
 ( 4, 3, 3, 3, 3, 3, 3, 3, 4 ),
 ( 4, 4 ),
 ( 0.0000000000000000000, 0.3412780413961898400, 0.7114342220016139900, 1.081590402604084800, 1.422868444000402900, 1.764146485397136000, 2.134302666001314500, 2.504458846604876100, 2.845736806634024100 ),
 ( 0.0000000000000000000, 1.958881131361171100 ),
 .UNSPECIFIED. ) ;
#1776 = CARTESIAN_POINT ( 'NONE',  ( -13.69876647629650000, -18.09369371994958400, 6.500000035324660500 ) ) ;
#1777 = FACE_OUTER_BOUND ( 'NONE', #2384, .T. ) ;
#1778 = CARTESIAN_POINT ( 'NONE',  ( -14.53231719226999800, -16.56528479292999700, 6.736751137261000700 ) ) ;
#1779 = CARTESIAN_POINT ( 'NONE',  ( -15.35724014250171100, -14.24849052856526100, 9.882638224225397400 ) ) ;
#1780 = CARTESIAN_POINT ( 'NONE',  ( -13.84389819546474100, -14.17760405637390500, 9.780393986267563700 ) ) ;
#1781 = CARTESIAN_POINT ( 'NONE',  ( -16.56822876309000100, -17.31496706989001000, 6.612376248815998300 ) ) ;
#1782 = FACE_OUTER_BOUND ( 'NONE', #695, .T. ) ;
#1783 = CARTESIAN_POINT ( 'NONE',  ( -14.12374060907525600, -17.36247733623370200, 6.500000014741452500 ) ) ;
#1784 = CARTESIAN_POINT ( 'NONE',  ( -15.20576958105499300, -16.19013989964060900, 8.482408757090464500 ) ) ;
#1785 = CARTESIAN_POINT ( 'NONE',  ( -13.47941592365330100, -19.49525254011669500, 6.900036467719999700 ) ) ;
#1786 = CARTESIAN_POINT ( 'NONE',  ( -14.52800625538281100, -18.97152657894545100, 6.899999999999999500 ) ) ;
#1787 = CARTESIAN_POINT ( 'NONE',  ( -13.00662680110000100, -19.52210429404999900, 6.612376248815998300 ) ) ;
#1788 = CARTESIAN_POINT ( 'NONE',  ( -13.97673710242547400, -17.33537820559159900, 6.899999999999997700 ) ) ;
#1789 = ORIENTED_EDGE ( 'NONE', *, *, #1956, .F. ) ;
#1790 = FILL_AREA_STYLE ('',( #2385 ) ) ;
#1791 = ORIENTED_EDGE ( 'NONE', *, *, #2024, .F. ) ;
#1792 = CARTESIAN_POINT ( 'NONE',  ( -12.97876732340000100, -19.50645338911999700, 6.889247048010001400 ) ) ;
#1793 = CARTESIAN_POINT ( 'NONE',  ( -15.07087671128673500, -18.76824538289617200, 6.900000000000000400 ) ) ;
#1794 = CARTESIAN_POINT ( 'NONE',  ( -12.81122982273000100, -19.48565488587999500, 6.736751149921000900 ) ) ;
#1795 = CARTESIAN_POINT ( 'NONE',  ( -13.60265535466842100, -17.97935167715502700, 6.899999999999999500 ) ) ;
#1796 = UNCERTAINTY_MEASURE_WITH_UNIT (LENGTH_MEASURE( 1.000000000000000100E-005 ), #858, 'distance_accuracy_value', 'NONE');
#1797 = CARTESIAN_POINT ( 'NONE',  ( -15.39945174432404200, -18.10140954703424000, 6.500000038863654500 ) ) ;
#1798 = EDGE_CURVE ( 'NONE', #1235, #1141, #2159, .T. ) ;
#1799 = CARTESIAN_POINT ( 'NONE',  ( -15.40047430595922200, -18.07266930534709100, 6.900000000000000400 ) ) ;
#1800 = CARTESIAN_POINT ( 'NONE',  ( -12.61906668588999900, -19.36995897375999900, 6.861126051024999800 ) ) ;
#1801 = CARTESIAN_POINT ( 'NONE',  ( -13.88181230575829500, -18.72678851728546000, 6.899999999999999500 ) ) ;
#1802 = CARTESIAN_POINT ( 'NONE',  ( -15.07397337774138400, -17.37430167157982200, 6.900000000000003000 ) ) ;
#1803 = CARTESIAN_POINT ( 'NONE',  ( -12.46039319748999900, -19.11923282475000000, 6.488001347711999300 ) ) ;
#1804 = CARTESIAN_POINT ( 'NONE',  ( -14.55859819073862800, -16.39196736822225000, 9.754423259037391600 ) ) ;
#1805 = EDGE_CURVE ( 'NONE', #2341, #2074, #1592, .T. ) ;
#1806 = ORIENTED_EDGE ( 'NONE', *, *, #1798, .F. ) ;
#1807 = CARTESIAN_POINT ( 'NONE',  ( -14.64250955004086800, -13.98906043006215000, 8.553696267634949300 ) ) ;
#1808 = CARTESIAN_POINT ( 'NONE',  ( -12.42460298192000000, -18.89943284260999700, 6.612376248815998300 ) ) ;
#1809 = CARTESIAN_POINT ( 'NONE',  ( -15.43142453021161800, -14.07818463717033300, 8.902690953823533700 ) ) ;
#1810 = VERTEX_POINT ( 'NONE', #752 ) ;
#1811 = VERTEX_POINT ( 'NONE', #2457 ) ;
#1812 = ORIENTED_EDGE ( 'NONE', *, *, #1667, .T. ) ;
#1813 = CARTESIAN_POINT ( 'NONE',  ( -16.84387006961383200, -16.92349762408477100, 6.500000010731421100 ) ) ;
#1814 = CARTESIAN_POINT ( 'NONE',  ( -14.44992793464379400, -19.52890265347442500, 6.899999841221482900 ) ) ;
#1815 = CARTESIAN_POINT ( 'NONE',  ( -12.47128332160000000, -18.68086272013000100, 6.736751149921000900 ) ) ;
#1816 = CARTESIAN_POINT ( 'NONE',  ( -15.20997472711632200, -17.66078088786113700, 6.800000000000149900 ) ) ;
#1817 = B_SPLINE_CURVE_WITH_KNOTS ( 'NONE', 3,
 ( #648, #655, #284, #2345 ),
 .UNSPECIFIED., .F., .F.,
 ( 4, 4 ),
 ( 0.0000000000000000000, 1.000000000000000000 ),
 .UNSPECIFIED. ) ;
#1818 = CARTESIAN_POINT ( 'NONE',  ( -16.57349236647015200, -17.31201433437879400, 6.849127379370474800 ) ) ;
#1819 = EDGE_CURVE ( 'NONE', #994, #1811, #113, .T. ) ;
#1820 = PRODUCT_DEFINITION_CONTEXT ( 'detailed design', #229, 'design' ) ;
#1821 = CARTESIAN_POINT ( 'NONE',  ( -14.02702543775460100, -18.84551063040119300, 6.800000000000000700 ) ) ;
#1822 = VECTOR ( 'NONE', #1865, 100.0000000000000100 ) ;
#1823 = CARTESIAN_POINT ( 'NONE',  ( -14.44854770224372800, -19.56911718615749900, 6.500000026700625700 ) ) ;
#1824 = CARTESIAN_POINT ( 'NONE',  ( -14.53140954703680000, -17.17054825568480000, 6.500000010893936400 ) ) ;
#1825 = TOROIDAL_SURFACE ( 'NONE', #775, 1.456101656322981400, 0.04999999999998373800 ) ;
#1826 = CARTESIAN_POINT ( 'NONE',  ( -14.44833647798004800, -19.57527142872611100, 6.852786849251120100 ) ) ;
#1827 = CARTESIAN_POINT ( 'NONE',  ( -14.69495633219039700, -18.95593105067149500, 6.800000000000000700 ) ) ;
#1828 = CARTESIAN_POINT ( 'NONE',  ( -15.52981178616267500, -19.16283994132142600, 6.500000068302600900 ) ) ;
#1829 = AXIS2_PLACEMENT_3D ( 'NONE', #342, #1672, #526 ) ;
#1830 = CARTESIAN_POINT ( 'NONE',  ( -13.67526197886048100, -17.70971234204040800, 6.500000023214094600 ) ) ;
#1831 = CARTESIAN_POINT ( 'NONE',  ( -16.50616447247000100, -17.50377276712999800, 6.736751149921000900 ) ) ;
#1832 = CARTESIAN_POINT ( 'NONE',  ( -15.37017350089390000, -18.32628085443629800, 6.426075751477439400 ) ) ;
#1833 = VERTEX_POINT ( 'NONE', #181 ) ;
#1834 = CARTESIAN_POINT ( 'NONE',  ( -13.17600028465634000, -17.36500040385898900, 6.500000005369889400 ) ) ;
#1835 = CARTESIAN_POINT ( 'NONE',  ( -14.24123045077004900, -18.93908631199268900, 6.500000058495896100 ) ) ;
#1836 = CARTESIAN_POINT ( 'NONE',  ( -15.24208381814890200, -17.54613619971999600, 6.052151502954878000 ) ) ;
#1837 = CARTESIAN_POINT ( 'NONE',  ( -15.20997472711602700, -17.66078088786098700, 6.699666671461981700 ) ) ;
#1838 = CARTESIAN_POINT ( 'NONE',  ( -15.56762049754999900, -19.13348936487000200, 6.736751137261000700 ) ) ;
#1839 = CARTESIAN_POINT ( 'NONE',  ( -14.19027062440938500, -14.23478399104515500, 10.04168301409869600 ) ) ;
#1840 = CARTESIAN_POINT ( 'NONE',  ( -15.01166153332337300, -16.40542698055749300, 9.741037505382699600 ) ) ;
#1841 = CARTESIAN_POINT ( 'NONE',  ( -15.26366274614822400, -18.54716819642910500, 6.500000048089639800 ) ) ;
#1842 = CARTESIAN_POINT ( 'NONE',  ( -14.53140954703680000, -17.17054825568480000, 5.678227254432317600 ) ) ;
#1843 = CARTESIAN_POINT ( 'NONE',  ( -15.12258854598545500, -18.62358784771142300, 6.599333342923394200 ) ) ;
#1844 = CARTESIAN_POINT ( 'NONE',  ( -15.81737602346000000, -18.79332458303999700, 6.612376242486998700 ) ) ;
#1845 = CARTESIAN_POINT ( 'NONE',  ( -13.00868167375137400, -19.47577440077391500, 6.899999996324695000 ) ) ;
#1846 = PLANE ( 'NONE',  #387 ) ;
#1847 = CARTESIAN_POINT ( 'NONE',  ( -12.49277795887099500, -18.63513598360977900, 6.849127380997130000 ) ) ;
#1848 = ADVANCED_FACE ( 'NONE', ( #1068, #2087 ), #69, .F. ) ;
#1849 = CARTESIAN_POINT ( 'NONE',  ( -14.68663854655047600, -16.10105679530475700, 8.080250078916043000 ) ) ;
#1850 = CARTESIAN_POINT ( 'NONE',  ( -15.37888498506115400, -17.86741429082060900, 6.500000028955063200 ) ) ;
#1851 = CARTESIAN_POINT ( 'NONE',  ( -15.02386380028649900, -18.81208381814639800, 5.678227254432317600 ) ) ;
#1852 = CARTESIAN_POINT ( 'NONE',  ( -14.47208040264258100, -18.86951266161728600, 6.499000014384913400 ) ) ;
#1853 = CARTESIAN_POINT ( 'NONE',  ( -15.02251269764330400, -16.58085822969330200, 6.852446001638699400 ) ) ;
#1854 = CARTESIAN_POINT ( 'NONE',  ( -12.47728455353930200, -19.17874215962088900, 6.849127379370502300 ) ) ;
#1855 =( GEOMETRIC_REPRESENTATION_CONTEXT ( 3 ) GLOBAL_UNCERTAINTY_ASSIGNED_CONTEXT ( ( #1609 ) ) GLOBAL_UNIT_ASSIGNED_CONTEXT ( ( #1930, #797, #2122 ) ) REPRESENTATION_CONTEXT ( 'NONE', 'WORKASPACE' ) );
#1856 = ORIENTED_EDGE ( 'NONE', *, *, #1615, .F. ) ;
#1857 = CARTESIAN_POINT ( 'NONE',  ( -14.92453617201297800, -17.39035059706904800, 6.500000015526064000 ) ) ;
#1858 = CARTESIAN_POINT ( 'NONE',  ( -13.86728473599915800, -16.15881829179861400, 8.569802755481186200 ) ) ;
#1859 = EDGE_CURVE ( 'NONE', #1632, #2315, #1716, .T. ) ;
#1860 = ORIENTED_EDGE ( 'NONE', *, *, #1194, .F. ) ;
#1861 = ORIENTED_EDGE ( 'NONE', *, *, #1936, .F. ) ;
#1862 = CARTESIAN_POINT ( 'NONE',  ( -14.13659417928628800, -18.81227012034120700, 6.499000014981228400 ) ) ;
#1863 = CARTESIAN_POINT ( 'NONE',  ( -14.90048637512743400, -17.26347526163080200, 6.500000011954620400 ) ) ;
#1864 = ADVANCED_FACE ( 'NONE', ( #1033 ), #2470, .T. ) ;
#1865 = DIRECTION ( 'NONE',  ( -0.4699997645158726600, 0.8826665402942518400, 0.0000000000000000000 ) ) ;
#1866 = CARTESIAN_POINT ( 'NONE',  ( -13.90485273044106100, -16.69267402282655900, 6.499999996018569700 ) ) ;
#1867 = CARTESIAN_POINT ( 'NONE',  ( -14.52248408299000100, -16.57399514154000300, 6.880997255274000000 ) ) ;
#1868 = CARTESIAN_POINT ( 'NONE',  ( -16.52587493893469500, -17.45686580419006300, 6.500000024429455800 ) ) ;
#1869 = CARTESIAN_POINT ( 'NONE',  ( -16.01638024166999900, -18.34368545064000200, 6.899230593224002600 ) ) ;
#1870 = CARTESIAN_POINT ( 'NONE',  ( -15.29754021731764600, -18.15040055158218400, 6.500000036920922300 ) ) ;
#1871 = CARTESIAN_POINT ( 'NONE',  ( -13.69338543689069900, -18.48772553306209300, 6.800000000000000700 ) ) ;
#1872 = CARTESIAN_POINT ( 'NONE',  ( -13.82030041789811700, -17.61225239164038600, 6.800000000000045100 ) ) ;
#1873 = ADVANCED_FACE ( 'NONE', ( #1517, #2012 ), #1975, .T. ) ;
#1874 = CARTESIAN_POINT ( 'NONE',  ( -14.46859044737905200, -18.96945169067624100, 8.458881191337784600 ) ) ;
#1875 = COLOUR_RGB ( '',1.000000000000000000, 1.000000000000000000, 1.000000000000000000 ) ;
#1876 = CARTESIAN_POINT ( 'NONE',  ( -12.52522203189232100, -18.65241171125437000, 6.899999999999531400 ) ) ;
#1877 = CARTESIAN_POINT ( 'NONE',  ( -16.50442965051639600, -16.94174452052901400, 6.500000010261882000 ) ) ;
#1878 = LINE ( 'NONE', #1772, #477 ) ;
#1879 = CARTESIAN_POINT ( 'NONE',  ( -15.80682025311000200, -18.79853064217999400, 6.880997255274000000 ) ) ;
#1880 = CARTESIAN_POINT ( 'NONE',  ( -14.19812080078810900, -17.22213860267334300, 6.500000011355061800 ) ) ;
#1881 = CARTESIAN_POINT ( 'NONE',  ( -14.87616364059414000, -18.77607384022317300, 6.500000054533170900 ) ) ;
#1882 = CARTESIAN_POINT ( 'NONE',  ( -14.35516158410100100, -18.96549072093559500, 6.426075751477439400 ) ) ;
#1883 = CARTESIAN_POINT ( 'NONE',  ( -14.52791959736661200, -17.27048733838674400, 6.699666671660474500 ) ) ;
#1884 = CARTESIAN_POINT ( 'NONE',  ( -14.90991262495671100, -18.87939633198819700, 6.500000058770612400 ) ) ;
#1885 = CARTESIAN_POINT ( 'NONE',  ( -14.30519405402432300, -13.98420140402114600, 8.598678048462154800 ) ) ;
#1886 = ORIENTED_EDGE ( 'NONE', *, *, #1194, .T. ) ;
#1887 = CARTESIAN_POINT ( 'NONE',  ( -14.41499755149000000, -19.56955427883999800, 6.612376242486998700 ) ) ;
#1888 = CARTESIAN_POINT ( 'NONE',  ( -14.46859045017567900, -18.96945171749771900, 7.479440625657199200 ) ) ;
#1889 = CARTESIAN_POINT ( 'NONE',  ( -15.99282410210522100, -16.62035322530437800, 6.500000001663091000 ) ) ;
#1890 = CARTESIAN_POINT ( 'NONE',  ( -16.52076882870000000, -17.47939865401329800, 6.848617413941101800 ) ) ;
#1891 = CARTESIAN_POINT ( 'NONE',  ( -13.88620147408384600, -17.41178165066380900, 7.152960392778094700 ) ) ;
#1892 = CARTESIAN_POINT ( 'NONE',  ( -14.56890058854452300, -16.09694529521336300, 8.080250078916293400 ) ) ;
#1893 = CARTESIAN_POINT ( 'NONE',  ( -14.08227446694440000, -17.26338543688820000, 6.426075751477439400 ) ) ;
#1894 = B_SPLINE_CURVE_WITH_KNOTS ( 'NONE', 3,
 ( #1026, #2157, #2349, #1211, #67, #1400, #268, #1591, #452, #1788, #646, #1972, #840, #2165, #1032, #2357, #1217, #74, #1407, #276, #1600, #457, #1795, #653, #1980, #847, #2171, #1040, #2362, #1225, #79, #1414, #283, #1606, #464, #1801, #660, #1985, #852, #2179, #1044, #2366, #1229, #88, #1417, #287 ),
 .UNSPECIFIED., .F., .F.,
 ( 4, 2, 2, 2, 2, 2, 2, 2, 2, 2, 2, 2, 2, 2, 2, 2, 2, 2, 2, 2, 2, 2, 4 ),
 ( 2.775557561562891400E-017, 0.001758242233469699000, 0.002637363350204541400, 0.003516484466939383700, 0.005274726700409039300, 0.007032968933878694500, 0.008791211167348348900, 0.009670332284083177400, 0.01054945340081800600, 0.01142857451755283300, 0.01230769563428766100, 0.01406593786775731600, 0.01494505898449218300, 0.01582418010122705100, 0.01758242233469679800, 0.01846154345143167400, 0.01934066456816654600, 0.02109890680163636200, 0.02285714903510618600, 0.02373627015184113000, 0.02461539126857607500, 0.02637363350204591900, 0.02813187573551576700 ),
 .UNSPECIFIED. ) ;
#1895 = CARTESIAN_POINT ( 'NONE',  ( -15.20165832550143700, -18.64628772153573900, 7.152960430340477200 ) ) ;
#1896 = CARTESIAN_POINT ( 'NONE',  ( -13.86598061145391000, -16.30414279895843100, 9.393735043709009200 ) ) ;
#1897 = CARTESIAN_POINT ( 'NONE',  ( -14.58829966352729600, -19.58001145261479400, 6.849127378788965700 ) ) ;
#1898 = CARTESIAN_POINT ( 'NONE',  ( -14.59509965978645100, -15.34670205544035000, 10.04038674104749300 ) ) ;
#1899 = DIRECTION ( 'NONE',  ( -0.4699997645189434900, 0.8826665402926168200, 0.0000000000000000000 ) ) ;
#1900 = CARTESIAN_POINT ( 'NONE',  ( -13.67526197513164700, -17.70971230627843700, 7.805920777454862700 ) ) ;
#1901 = ORIENTED_EDGE ( 'NONE', *, *, #1231, .T. ) ;
#1902 = CARTESIAN_POINT ( 'NONE',  ( -14.00632970732478600, -16.35872930717411600, 9.675343352226356300 ) ) ;
#1903 = CARTESIAN_POINT ( 'NONE',  ( -13.60450927907000100, -17.92516158409840100, 6.052151502954878000 ) ) ;
#1904 = CARTESIAN_POINT ( 'NONE',  ( -14.00995439013011200, -16.35948991572524500, 9.678936935023376300 ) ) ;
#1905 = CARTESIAN_POINT ( 'NONE',  ( -15.37201351770725000, -18.32206880955525800, 7.805920799068717400 ) ) ;
#1906 = CARTESIAN_POINT ( 'NONE',  ( -13.68881192136913700, -18.22814756257700700, 6.800000000000093100 ) ) ;
#1907 = CARTESIAN_POINT ( 'NONE',  ( -13.84324892727909000, -17.45183757249947500, 6.500000017256876800 ) ) ;
#1908 = CARTESIAN_POINT ( 'NONE',  ( -13.60054825009365100, -18.03859039932680700, 8.458881163368078000 ) ) ;
#1909 = CARTESIAN_POINT ( 'NONE',  ( -13.92564715523440300, -18.77373324783249900, 5.678227254432317600 ) ) ;
#1910 = CARTESIAN_POINT ( 'NONE',  ( -13.73889744301334800, -14.07678808336370000, 9.229768751036600000 ) ) ;
#1911 = COLOUR_RGB ( '',1.000000000000000000, 1.000000000000000000, 1.000000000000000000 ) ;
#1912 = CARTESIAN_POINT ( 'NONE',  ( -15.40365614961689300, -17.98101091842400800, 8.458881166939763200 ) ) ;
#1913 = AXIS2_PLACEMENT_3D ( 'NONE', #632, #440, #957 ) ;
#1914 = CARTESIAN_POINT ( 'NONE',  ( -13.62567182756746200, -16.83570600564714000, 6.849127378789006600 ) ) ;
#1915 = CARTESIAN_POINT ( 'NONE',  ( -13.59990696118252600, -18.09678046335026700, 6.500000035411559900 ) ) ;
#1916 = CARTESIAN_POINT ( 'NONE',  ( -12.42828854670963400, -18.95567503257633700, 6.500000053773604200 ) ) ;
#1917 = EDGE_CURVE ( 'NONE', #1833, #203, #1, .T. ) ;
#1918 = CARTESIAN_POINT ( 'NONE',  ( -13.69539419128504300, -18.49336734379995700, 6.500000044731554500 ) ) ;
#1919 = DIRECTION ( 'NONE',  ( 1.000000000000000000, 0.0000000000000000000, 0.0000000000000000000 ) ) ;
#1920 = CARTESIAN_POINT ( 'NONE',  ( -14.53140954703680000, -17.17054825568480000, 5.678227254432317600 ) ) ;
#1921 = CARTESIAN_POINT ( 'NONE',  ( -15.23789763545466200, -17.54164706838424700, 6.500000023073543100 ) ) ;
#1922 = CARTESIAN_POINT ( 'NONE',  ( -13.83410659200587600, -14.06745257370954300, 9.158012437597019300 ) ) ;
#1923 = CARTESIAN_POINT ( 'NONE',  ( -13.99734464484860500, -18.81712765491128500, 6.500000055688801100 ) ) ;
#1924 = CARTESIAN_POINT ( 'NONE',  ( -13.16078521166000400, -17.39481448268000500, 6.488001347711999300 ) ) ;
#1925 = CARTESIAN_POINT ( 'NONE',  ( -12.69744950248026200, -19.42152967404920000, 6.500000067299340300 ) ) ;
#1926 = CARTESIAN_POINT ( 'NONE',  ( -14.55007206535619900, -16.61109734652557900, 6.899999841221483800 ) ) ;
#1927 = CARTESIAN_POINT ( 'NONE',  ( -13.92668860008877400, -18.77485004482590400, 7.152960430220627300 ) ) ;
#1928 = CARTESIAN_POINT ( 'NONE',  ( -12.73899063774999800, -18.23248622939999900, 6.895433249022999300 ) ) ;
#1929 = CARTESIAN_POINT ( 'NONE',  ( -16.04363660925999500, -16.61634970770000000, 6.861126051024999800 ) ) ;
#1930 =( LENGTH_UNIT ( ) NAMED_UNIT ( * ) SI_UNIT ( .CENTI., .METRE. ) );
#1931 = ORIENTED_EDGE ( 'NONE', *, *, #1094, .T. ) ;
#1932 = CARTESIAN_POINT ( 'NONE',  ( -14.97156646701789000, -17.29387422467514700, 7.152960392648338900 ) ) ;
#1933 = ORIENTED_EDGE ( 'NONE', *, *, #1993, .T. ) ;
#1934 = CARTESIAN_POINT ( 'NONE',  ( -12.95607305607431300, -19.51789207571596300, 6.500000070676641400 ) ) ;
#1935 = CARTESIAN_POINT ( 'NONE',  ( -14.72153828376899500, -16.39765629692254100, 9.754417224324834400 ) ) ;
#1936 = EDGE_CURVE ( 'NONE', #385, #1593, #1257, .T. ) ;
#1937 = CARTESIAN_POINT ( 'NONE',  ( -13.32802391351999900, -17.12620721987000000, 6.612376242486998700 ) ) ;
#1938 = CARTESIAN_POINT ( 'NONE',  ( -14.55152197236779300, -16.56885277017258700, 6.616375796696083000 ) ) ;
#1939 = CARTESIAN_POINT ( 'NONE',  ( -14.24123044704120900, -18.93908627623072100, 7.805920812736662400 ) ) ;
#1940 = CARTESIAN_POINT ( 'NONE',  ( -12.95288510037000100, -17.77994904625999700, 6.871117638202001400 ) ) ;
#1941 = CARTESIAN_POINT ( 'NONE',  ( -16.31841908737999700, -16.72831164659999800, 6.488001347711999300 ) ) ;
#1942 = CARTESIAN_POINT ( 'NONE',  ( -14.64752053276506100, -17.17460291571463300, 7.805920765577285500 ) ) ;
#1943 = CARTESIAN_POINT ( 'NONE',  ( -14.47716649429920100, -19.57618565918830100, 6.848617413939302300 ) ) ;
#1944 = CARTESIAN_POINT ( 'NONE',  ( -15.39202217379326900, -15.59688544621706900, 9.230048047452463300 ) ) ;
#1945 = CARTESIAN_POINT ( 'NONE',  ( -13.67877987044000000, -16.80650458812999700, 6.736751137261000700 ) ) ;
#1946 = CARTESIAN_POINT ( 'NONE',  ( -14.44854770224372800, -19.56911718615749900, 6.500000026700625700 ) ) ;
#1947 = CARTESIAN_POINT ( 'NONE',  ( -13.21474781656661100, -17.38563257925127600, 6.899999996324678100 ) ) ;
#1948 = CARTESIAN_POINT ( 'NONE',  ( -13.18418820347170100, -17.33668156639670200, 6.848617413941101800 ) ) ;
#1949 = CARTESIAN_POINT ( 'NONE',  ( -16.47520413473999700, -16.88646164101999900, 6.612376248815998300 ) ) ;
#1950 = TOROIDAL_SURFACE ( 'NONE', #1324, 0.5561016563227514400, 0.04999999999997988700 ) ;
#1951 = CARTESIAN_POINT ( 'NONE',  ( -14.12016864560149900, -18.77571490725291200, 6.500000054523062500 ) ) ;
#1952 = CARTESIAN_POINT ( 'NONE',  ( -14.95459252625400200, -14.71648428410085600, 8.473631694596869900 ) ) ;
#1953 = CARTESIAN_POINT ( 'NONE',  ( -14.11224258368000100, -16.61156686674000200, 6.861126032036001000 ) ) ;
#1954 = EDGE_LOOP ( 'NONE', ( #777, #2133, #1419, #1967, #1196, #2108, #251, #860 ) ) ;
#1955 = CARTESIAN_POINT ( 'NONE',  ( -15.28968466425266100, -16.18302631420970900, 8.425481302446373300 ) ) ;
#1956 = EDGE_CURVE ( 'NONE', #994, #472, #838, .T. ) ;
#1957 = CARTESIAN_POINT ( 'NONE',  ( -14.41736721529533200, -13.96754339429739900, 8.476302700617525300 ) ) ;
#1958 = CARTESIAN_POINT ( 'NONE',  ( -15.20373324784000100, -18.64435284477209700, 6.800000000000000700 ) ) ;
#1959 = CARTESIAN_POINT ( 'NONE',  ( -16.56413715985000200, -17.09150520471999700, 6.736751149921000900 ) ) ;
#1960 = CARTESIAN_POINT ( 'NONE',  ( -13.70957248650555400, -17.93656279738171100, 6.500000030901538200 ) ) ;
#1961 = CARTESIAN_POINT ( 'NONE',  ( -14.58487958389999800, -16.57261321351999300, 6.488001347711999300 ) ) ;
#1962 = CARTESIAN_POINT ( 'NONE',  ( -15.51434550371558000, -14.19773486547396300, 9.563868845180831400 ) ) ;
#1963 = CARTESIAN_POINT ( 'NONE',  ( -14.08416937502662100, -14.23425081098572800, 10.05390234844077700 ) ) ;
#1964 = CARTESIAN_POINT ( 'NONE',  ( -16.57252760249999600, -17.31565206664000200, 6.861126051024999800 ) ) ;
#1965 = CARTESIAN_POINT ( 'NONE',  ( -14.53140954703646400, -17.17054825568508400, 6.799999999999879900 ) ) ;
#1966 = B_SPLINE_CURVE_WITH_KNOTS ( 'NONE', 3,
 ( #1131, #947, #1321, #180, #1505, #376, #1708, #561, #1897, #763 ),
 .UNSPECIFIED., .F., .F.,
 ( 4, 2, 2, 2, 4 ),
 ( 0.0000000000000000000, 0.2500000000000000000, 0.5000000000000000000, 0.7500000000000000000, 1.000000000000000000 ),
 .UNSPECIFIED. ) ;
#1967 = ORIENTED_EDGE ( 'NONE', *, *, #813, .F. ) ;
#1968 = CARTESIAN_POINT ( 'NONE',  ( -14.27015714384842200, -17.30246157819037800, 6.500000013052055400 ) ) ;
#1969 = CARTESIAN_POINT ( 'NONE',  ( -15.34341886774801200, -16.24398689251037800, 8.760359979944928100 ) ) ;
#1970 = CARTESIAN_POINT ( 'NONE',  ( -14.47850399132999900, -19.53721626686000000, 6.899230593224002600 ) ) ;
#1971 = CARTESIAN_POINT ( 'NONE',  ( -13.00647439048000300, -19.52644726772999600, 6.861126051024999800 ) ) ;
#1972 = CARTESIAN_POINT ( 'NONE',  ( -13.84324975156573600, -17.45183661364457700, 6.900000000000005700 ) ) ;
#1973 = B_SPLINE_CURVE_WITH_KNOTS ( 'NONE', 3,
 ( #2317, #37, #1373, #237 ),
 .UNSPECIFIED., .F., .F.,
 ( 4, 4 ),
 ( 0.0000000000000000000, 1.000000000000000000 ),
 .UNSPECIFIED. ) ;
#1974 = CARTESIAN_POINT ( 'NONE',  ( -15.80854198452832000, -18.76676870768103100, 6.894485627834602500 ) ) ;
#1975 = TOROIDAL_SURFACE ( 'NONE', #1913, 2.200000000000104100, 0.8999999999999730400 ) ;
#1976 = CARTESIAN_POINT ( 'NONE',  ( -13.00696686105296800, -19.52573728685153800, 6.849127380996996800 ) ) ;
#1977 = CARTESIAN_POINT ( 'NONE',  ( -13.97784035774000200, -19.54885512801000800, 6.880997255274000000 ) ) ;
#1978 = CARTESIAN_POINT ( 'NONE',  ( -15.19556397056612500, -18.64418673143139300, 6.899999999999996800 ) ) ;
#1979 = CARTESIAN_POINT ( 'NONE',  ( -12.74501497676000000, -19.45070919079999800, 6.488001347711999300 ) ) ;
#1980 = CARTESIAN_POINT ( 'NONE',  ( -13.59990410901846600, -18.09678147419717600, 6.899999999999997700 ) ) ;
#1981 = CARTESIAN_POINT ( 'NONE',  ( -14.64250955004086800, -13.98906043006215000, 8.553696267634949300 ) ) ;
#1982 = CARTESIAN_POINT ( 'NONE',  ( -15.38351775895512200, -17.86826566888715100, 6.500000032433632700 ) ) ;
#1983 = CARTESIAN_POINT ( 'NONE',  ( -15.39638984912404000, -17.98405868763469700, 6.899999999999999500 ) ) ;
#1984 = CARTESIAN_POINT ( 'NONE',  ( -12.56988299786000200, -19.31315279639000300, 6.612376248815998300 ) ) ;
#1985 = CARTESIAN_POINT ( 'NONE',  ( -13.99734843091694700, -18.81712968786813900, 6.899999999999995000 ) ) ;
#1986 = CLOSED_SHELL ( 'NONE', ( #1492, #2429, #1661, #931, #904, #529, #159, #341, #1470, #133, #2230, #919, #522, #2240, #1105, #1295, #151, #352, #739, #715 ) ) ;
#1987 = VERTEX_POINT ( 'NONE', #596 ) ;
#1988 = ORIENTED_EDGE ( 'NONE', *, *, #1693, .T. ) ;
#1989 = CARTESIAN_POINT ( 'NONE',  ( -14.97801742755845200, -17.30686748181376400, 6.899999999999997700 ) ) ;
#1990 = CARTESIAN_POINT ( 'NONE',  ( -12.45628599545000300, -19.12067509111999900, 6.736751149921000900 ) ) ;
#1991 = CARTESIAN_POINT ( 'NONE',  ( -13.17600028465634000, -17.36500040385898900, 6.500000005369889400 ) ) ;
#1992 = SURFACE_STYLE_USAGE ( .BOTH. , #665 ) ;
#1993 = EDGE_CURVE ( 'NONE', #1533, #2353, #386, .T. ) ;
#1994 = CARTESIAN_POINT ( 'NONE',  ( -14.97930794169055000, -14.00872738774189100, 8.598504400283792000 ) ) ;
#1995 = CARTESIAN_POINT ( 'NONE',  ( -12.42025243794000000, -18.89928449186000100, 6.861126051024999800 ) ) ;
#1996 = CARTESIAN_POINT ( 'NONE',  ( -15.19115335064787900, -14.02153788255824700, 8.629182591649218600 ) ) ;
#1997 = LINE ( 'NONE', #155, #42 ) ;
#1998 = CARTESIAN_POINT ( 'NONE',  ( -16.19318102535300600, -16.65329576888630900, 6.849127379370534300 ) ) ;
#1999 = CARTESIAN_POINT ( 'NONE',  ( -14.08227446694440000, -17.26338543688820000, 6.800000000000000700 ) ) ;
#2000 = CARTESIAN_POINT ( 'NONE',  ( -12.49767285837000200, -18.63826672824000500, 6.488001347711999300 ) ) ;
#2001 = CARTESIAN_POINT ( 'NONE',  ( -15.29818024895414700, -18.28434794297167800, 6.800000000000085100 ) ) ;
#2002 = ORIENTED_EDGE ( 'NONE', *, *, #329, .T. ) ;
#2003 = CARTESIAN_POINT ( 'NONE',  ( -16.53126676265344100, -17.45970785438979400, 6.849127379370463200 ) ) ;
#2004 = CARTESIAN_POINT ( 'NONE',  ( -14.35516158410100100, -18.96549072093559500, 6.800000000000000700 ) ) ;
#2005 = CARTESIAN_POINT ( 'NONE',  ( -15.07435284477460000, -17.36626675217149800, 6.800000000000000700 ) ) ;
#2006 = CARTESIAN_POINT ( 'NONE',  ( -15.41800122051113900, -18.98800122048460200, 6.500000060498768700 ) ) ;
#2007 = CARTESIAN_POINT ( 'NONE',  ( -15.78525218343338200, -18.75436742074869700, 6.899999996324678100 ) ) ;
#2008 = CARTESIAN_POINT ( 'NONE',  ( -14.46859045297230200, -18.96945174431919800, 6.800000000000000700 ) ) ;
#2009 = CARTESIAN_POINT ( 'NONE',  ( -15.67101971491757000, -19.01000330850520100, 6.500000064520436100 ) ) ;
#2010 = CARTESIAN_POINT ( 'NONE',  ( -13.60434555407777100, -17.92985005444476300, 6.500000029039962400 ) ) ;
#2011 = CARTESIAN_POINT ( 'NONE',  ( -16.48980551352999800, -17.52311376862000000, 6.488001347711999300 ) ) ;
#2012 = FACE_OUTER_BOUND ( 'NONE', #1222, .T. ) ;
#2013 = CARTESIAN_POINT ( 'NONE',  ( -15.20373324784000100, -18.64435284477209700, 6.426075751477439400 ) ) ;
#2014 = DIRECTION ( 'NONE',  ( 0.9994115292234445600, 0.03430153429886091700, 0.0000000000000000000 ) ) ;
#2015 = CARTESIAN_POINT ( 'NONE',  ( -16.02052268649999400, -16.65423292450000000, 6.899230593224002600 ) ) ;
#2016 = CARTESIAN_POINT ( 'NONE',  ( -14.46859045297230200, -18.96945174431919800, 6.500000059976613000 ) ) ;
#2017 = CARTESIAN_POINT ( 'NONE',  ( -14.67344075376073000, -18.95362657065878800, 6.500000059531149800 ) ) ;
#2018 = CARTESIAN_POINT ( 'NONE',  ( -15.38593105067400100, -17.87504366781610100, 6.052151502954878000 ) ) ;
#2019 = CARTESIAN_POINT ( 'NONE',  ( -15.20997472711629900, -17.66078088786112900, 6.499000014384923100 ) ) ;
#2020 = CARTESIAN_POINT ( 'NONE',  ( -15.56453862271000000, -19.13041941528000200, 6.488001347711999300 ) ) ;
#2021 = STYLED_ITEM ( 'NONE', ( #1409 ), #2204 ) ;
#2022 = CARTESIAN_POINT ( 'NONE',  ( -14.42040795670970800, -15.67753520846445200, 9.879463578190462100 ) ) ;
#2023 = B_SPLINE_CURVE_WITH_KNOTS ( 'NONE', 3,
 ( #44, #2324, #244, #1569, #430, #1767, #622, #1951, #817, #2143, #1012, #2331, #1198, #53, #1386, #252, #1579, #439, #1776, #631, #1960, #825, #2151, #1019, #2343, #1206, #61, #1394, #261, #1586, #446, #1783, #638, #1968, #835, #2160, #1027, #2350 ),
 .UNSPECIFIED., .F., .F.,
 ( 4, 2, 2, 2, 2, 2, 2, 2, 2, 2, 2, 2, 2, 2, 2, 2, 2, 2, 4 ),
 ( 5.117875266520903200E-016, 0.001562590420350962400, 0.002343885630526187700, 0.003125180840701413000, 0.004687771261051863600, 0.006250361681402314200, 0.007812952101752763900, 0.009375542522103215400, 0.01093813294245366700, 0.01250072336280411700, 0.01406331378315456800, 0.01484460899332984200, 0.01562590420350511800, 0.01718849462385567100, 0.01875108504420622300, 0.02031367546455677100, 0.02187626588490732000, 0.02343885630525787600, 0.02500144672560842400 ),
 .UNSPECIFIED. ) ;
#2024 = EDGE_CURVE ( 'NONE', #1401, #2353, #2396, .T. ) ;
#2025 = ORIENTED_EDGE ( 'NONE', *, *, #712, .T. ) ;
#2026 = CARTESIAN_POINT ( 'NONE',  ( -15.27935624697343500, -16.37423554395988400, 9.511266393604715900 ) ) ;
#2027 = VERTEX_POINT ( 'NONE', #1976 ) ;
#2028 = ADVANCED_BREP_SHAPE_REPRESENTATION ( 'TхЁїэшщ ярЄЁєсюъ 4', ( #2204, #639, #2235 ), #980 ) ;
#2029 = CARTESIAN_POINT ( 'NONE',  ( -15.30668950133814700, -18.47013906775819000, 6.500000045921326300 ) ) ;
#2030 = ORIENTED_EDGE ( 'NONE', *, *, #1649, .T. ) ;
#2031 = CARTESIAN_POINT ( 'NONE',  ( -14.75628085443880300, -17.19982649911260400, 5.678227254432317600 ) ) ;
#2032 = EDGE_LOOP ( 'NONE', ( #1237, #1262, #670, #1931 ) ) ;
#2033 = CARTESIAN_POINT ( 'NONE',  ( -14.81074243624839700, -18.83581189622568200, 6.800000000000136600 ) ) ;
#2034 = CARTESIAN_POINT ( 'NONE',  ( -15.84503039559000100, -18.74811754422999500, 6.861126032036001000 ) ) ;
#2035 = CARTESIAN_POINT ( 'NONE',  ( -14.47208040264260700, -18.86951266161743100, 6.800000000000035300 ) ) ;
#2036 = DIRECTION ( 'NONE',  ( -0.9994115292234071500, -0.03430153429995061500, 0.0000000000000000000 ) ) ;
#2037 = CARTESIAN_POINT ( 'NONE',  ( -15.96849317452000100, -16.61587913208000300, 6.736751149921000900 ) ) ;
#2038 = CARTESIAN_POINT ( 'NONE',  ( -14.47208040264258100, -18.86951266161728600, 6.800000000000086900 ) ) ;
#2039 = CARTESIAN_POINT ( 'NONE',  ( -15.33297489830906300, -17.72791547324386500, 6.500000025028278100 ) ) ;
#2040 = CARTESIAN_POINT ( 'NONE',  ( -14.69495633219039700, -18.95593105067149500, 5.678227254432317600 ) ) ;
#2041 = CARTESIAN_POINT ( 'NONE',  ( -14.52283713836670400, -16.56370849924329700, 6.852446001638699400 ) ) ;
#2042 = CARTESIAN_POINT ( 'NONE',  ( -12.43001768393429000, -19.03258395592147400, 6.849127379370488100 ) ) ;
#2043 = EDGE_CURVE ( 'NONE', #2027, #340, #1973, .T. ) ;
#2044 = CARTESIAN_POINT ( 'NONE',  ( -15.04882414912068700, -17.48591815900048700, 6.500000018216225900 ) ) ;
#2045 = CARTESIAN_POINT ( 'NONE',  ( -14.07598542871730500, -16.12495467474056500, 8.336562571651091600 ) ) ;
#2046 = ADVANCED_FACE ( 'NONE', ( #496, #1445 ), #1562, .T. ) ;
#2047 = FACE_BOUND ( 'NONE', #123, .T. ) ;
#2048 = CARTESIAN_POINT ( 'NONE',  ( -13.84031171227114500, -18.57880975397308300, 6.699666671660699200 ) ) ;
#2049 = LINE ( 'NONE', #1677, #1429 ) ;
#2050 = CARTESIAN_POINT ( 'NONE',  ( -14.76447653397545400, -17.20772120309433000, 6.500000010385184300 ) ) ;
#2051 = CARTESIAN_POINT ( 'NONE',  ( -13.00717589295422100, -19.51964691872589700, 6.500000070870603600 ) ) ;
#2052 = CARTESIAN_POINT ( 'NONE',  ( -14.06847874201859100, -16.63173686263455100, 6.499999994817033900 ) ) ;
#2053 = CARTESIAN_POINT ( 'NONE',  ( -16.02123267659999700, -16.63354661088000000, 6.889247048010001400 ) ) ;
#2054 = ADVANCED_FACE ( 'NONE', ( #458 ), #4, .T. ) ;
#2055 = CARTESIAN_POINT ( 'NONE',  ( -16.56154011442261600, -17.33563611797998400, 6.500000021211469000 ) ) ;
#2056 = CARTESIAN_POINT ( 'NONE',  ( -16.49599503964000000, -17.46620717739999800, 6.895433249022999300 ) ) ;
#2057 = CARTESIAN_POINT ( 'NONE',  ( -14.53140954517238400, -17.17054823780381100, 7.152960388014324900 ) ) ;
#2058 = CARTESIAN_POINT ( 'NONE',  ( -15.27272431949694100, -18.27809046317090800, 6.500000040515296900 ) ) ;
#2059 = CARTESIAN_POINT ( 'NONE',  ( -13.59658723230380200, -18.15201932184109900, 6.800000000000000700 ) ) ;
#2060 = EDGE_LOOP ( 'NONE', ( #2105, #989 ) ) ;
#2061 = CARTESIAN_POINT ( 'NONE',  ( -13.82030041789839100, -17.61225239164056300, 6.599333343320762600 ) ) ;
#2062 = CARTESIAN_POINT ( 'NONE',  ( -14.57599005154895400, -18.97320220312875700, 7.152960437506368200 ) ) ;
#2063 = CARTESIAN_POINT ( 'NONE',  ( -14.75628085443880300, -17.19982649911260400, 6.800000000000000700 ) ) ;
#2064 = CARTESIAN_POINT ( 'NONE',  ( -16.46632609240628000, -17.48308785805275200, 6.899999841221665900 ) ) ;
#2065 = CARTESIAN_POINT ( 'NONE',  ( -16.43561642601142100, -16.83548134202355600, 6.500000007155448700 ) ) ;
#2066 = VERTEX_POINT ( 'NONE', #1946 ) ;
#2067 = CARTESIAN_POINT ( 'NONE',  ( -16.28210057701999200, -17.91874436053999600, 6.871117638202001400 ) ) ;
#2068 = CARTESIAN_POINT ( 'NONE',  ( -14.19812079705927500, -17.22213856691137900, 7.805920765595843100 ) ) ;
#2069 = CARTESIAN_POINT ( 'NONE',  ( -14.80486629966879000, -18.80982892373385300, 6.500000055483348600 ) ) ;
#2070 = CARTESIAN_POINT ( 'NONE',  ( -14.02702543775460100, -18.84551063040119300, 6.426075751477439400 ) ) ;
#2071 = B_SPLINE_CURVE_WITH_KNOTS ( 'NONE', 3,
 ( #2242, #2430, #1684, #539, #1876, #737 ),
 .UNSPECIFIED., .F., .F.,
 ( 4, 2, 4 ),
 ( 0.0000000000000000000, 0.5000000000000000000, 1.000000000000000000 ),
 .UNSPECIFIED. ) ;
#2072 = EDGE_CURVE ( 'NONE', #1811, #2419, #1522, .T. ) ;
#2073 = CARTESIAN_POINT ( 'NONE',  ( -14.52791959736661200, -17.27048733838671900, 6.499000014981223900 ) ) ;
#2074 = VERTEX_POINT ( 'NONE', #2138 ) ;
#2075 = CARTESIAN_POINT ( 'NONE',  ( -14.90991262122787100, -18.87939629622622200, 7.805920813011392800 ) ) ;
#2076 = CARTESIAN_POINT ( 'NONE',  ( -13.95027889709110600, -15.42976159670981300, 8.568175842921091200 ) ) ;
#2077 = CARTESIAN_POINT ( 'NONE',  ( -14.41475182226000000, -19.57388926355999800, 6.861126032036001000 ) ) ;
#2078 = DIRECTION ( 'NONE',  ( 2.855329388251989400E-009, 2.738448795307222000E-008, 0.9999999999999995600 ) ) ;
#2079 = CARTESIAN_POINT ( 'NONE',  ( -16.48635159645999700, -17.46107226424999900, 6.899230593224002600 ) ) ;
#2080 = CARTESIAN_POINT ( 'NONE',  ( -16.05079747391999600, -18.36201184040329400, 6.848617413941101800 ) ) ;
#2081 = CARTESIAN_POINT ( 'NONE',  ( -13.88620147035501200, -17.41178161490183700, 8.458881147018875200 ) ) ;
#2082 = CARTESIAN_POINT ( 'NONE',  ( -14.33332903888388500, -16.09278907237314400, 8.103318797742939900 ) ) ;
#2083 = CARTESIAN_POINT ( 'NONE',  ( -14.41798067816540100, -17.16658723230129300, 6.426075751477439400 ) ) ;
#2084 = CARTESIAN_POINT ( 'NONE',  ( -14.34315223039882000, -16.09278249903690700, 8.101337287200120600 ) ) ;
#2085 = CARTESIAN_POINT ( 'NONE',  ( -15.20165832177259800, -18.64628768577376800, 8.458881184581255000 ) ) ;
#2086 = CARTESIAN_POINT ( 'NONE',  ( -14.47208040264260700, -18.86951266161743100, 6.800000000000035300 ) ) ;
#2087 = FACE_OUTER_BOUND ( 'NONE', #278, .T. ) ;
#2088 = AXIS2_PLACEMENT_3D ( 'NONE', #2363, #1226, #83 ) ;
#2089 = ORIENTED_EDGE ( 'NONE', *, *, #2295, .F. ) ;
#2090 = CARTESIAN_POINT ( 'NONE',  ( -13.62798647857276000, -17.81793115468723000, 6.500000026042611600 ) ) ;
#2091 = CARTESIAN_POINT ( 'NONE',  ( -14.32270453468281500, -16.39703506568110600, 9.829835315512420700 ) ) ;
#2092 = CARTESIAN_POINT ( 'NONE',  ( -13.72448936960530300, -17.59702543775210200, 6.052151502954878000 ) ) ;
#2093 = CARTESIAN_POINT ( 'NONE',  ( -14.33250333886420300, -16.39772685420493700, 9.831816826055021600 ) ) ;
#2094 = CARTESIAN_POINT ( 'NONE',  ( -15.39565444593043300, -18.21014994555917000, 6.500000041830598500 ) ) ;
#2095 = SURFACE_STYLE_FILL_AREA ( #1220 ) ;
#2096 = CARTESIAN_POINT ( 'NONE',  ( -13.82030041789811700, -17.61225239164038600, 6.800000000000045100 ) ) ;
#2097 = CARTESIAN_POINT ( 'NONE',  ( -13.75254220554957000, -17.56781957811045900, 6.500000020521690100 ) ) ;
#2098 = CARTESIAN_POINT ( 'NONE',  ( -15.99282410210522100, -16.62035322530437800, 6.500000001663091000 ) ) ;
#2099 = CARTESIAN_POINT ( 'NONE',  ( -13.59634384293939200, -18.15898901005649100, 7.152960412412344500 ) ) ;
#2100 = CARTESIAN_POINT ( 'NONE',  ( -13.17062124075591700, -17.36213618588166700, 6.849127380303684700 ) ) ;
#2101 = CARTESIAN_POINT ( 'NONE',  ( -13.69338543689069900, -18.48772553306209300, 5.678227254432317600 ) ) ;
#2102 = CARTESIAN_POINT ( 'NONE',  ( -13.75824095215691900, -14.13641034322152000, 9.563868845181545500 ) ) ;
#2103 = CARTESIAN_POINT ( 'NONE',  ( -15.38351775709071500, -17.86826565100616900, 7.152960409554008700 ) ) ;
#2104 = CARTESIAN_POINT ( 'NONE',  ( -15.03761991427000100, -19.47543145845999700, 6.612376242486998700 ) ) ;
#2105 = ORIENTED_EDGE ( 'NONE', *, *, #1305, .T. ) ;
#2106 = CARTESIAN_POINT ( 'NONE',  ( -13.99933232894608500, -16.64267267217144300, 6.849127378788994100 ) ) ;
#2107 = CARTESIAN_POINT ( 'NONE',  ( -13.60694282995448000, -18.18547155899205600, 6.500000037908138000 ) ) ;
#2108 = ORIENTED_EDGE ( 'NONE', *, *, #2295, .T. ) ;
#2109 = CARTESIAN_POINT ( 'NONE',  ( -12.43762543301303800, -19.03132740078081000, 6.500000055871970200 ) ) ;
#2110 = CARTESIAN_POINT ( 'NONE',  ( -13.69539418755620600, -18.49336730803798900, 7.805920798972334000 ) ) ;
#2111 = VERTEX_POINT ( 'NONE', #289 ) ;
#2112 = CARTESIAN_POINT ( 'NONE',  ( -12.99376921566170200, -17.80171890348500000, 6.899997398026101800 ) ) ;
#2113 = CARTESIAN_POINT ( 'NONE',  ( -15.23789763172582700, -17.54164703262227600, 7.805920777314323500 ) ) ;
#2114 = CARTESIAN_POINT ( 'NONE',  ( -14.30515968472939600, -13.98518561185587700, 8.598504400284493700 ) ) ;
#2115 = CARTESIAN_POINT ( 'NONE',  ( -14.07300301148027600, -18.86280896728278800, 6.500000056974698700 ) ) ;
#2116 = CARTESIAN_POINT ( 'NONE',  ( -13.15690814015999900, -17.39285979807000300, 6.736751137261000700 ) ) ;
#2117 = CARTESIAN_POINT ( 'NONE',  ( -12.76314775825221800, -19.45910201144208400, 6.500000068515834800 ) ) ;
#2118 = CARTESIAN_POINT ( 'NONE',  ( -14.55032899046347700, -16.60361156137056000, 6.899174399753013300 ) ) ;
#2119 = CARTESIAN_POINT ( 'NONE',  ( -13.92668859635994300, -18.77485000906392900, 8.458881184461407800 ) ) ;
#2120 = CARTESIAN_POINT ( 'NONE',  ( -13.20896199252999600, -17.34987304301000300, 6.895433249022999300 ) ) ;
#2121 = CARTESIAN_POINT ( 'NONE',  ( -16.11666637359000000, -16.63403114704000500, 6.612376248815998300 ) ) ;
#2122 =( NAMED_UNIT ( * ) SI_UNIT ( $, .STERADIAN. ) SOLID_ANGLE_UNIT ( ) );
#2123 = VECTOR ( 'NONE', #1076, 100.0000000000000000 ) ;
#2124 = CARTESIAN_POINT ( 'NONE',  ( -14.97156646328905100, -17.29387418891318300, 8.458881146889119400 ) ) ;
#2125 = CARTESIAN_POINT ( 'NONE',  ( -14.77103785322966300, -14.98017408853892200, 10.00450993205464200 ) ) ;
#2126 = CARTESIAN_POINT ( 'NONE',  ( -13.32463590784000100, -17.12347885763000100, 6.861126032036001000 ) ) ;
#2127 = CARTESIAN_POINT ( 'NONE',  ( -14.55166133418282300, -16.56479231618588300, 6.849127380303821500 ) ) ;
#2128 = EDGE_CURVE ( 'NONE', #642, #1753, #1075, .T. ) ;
#2129 = CARTESIAN_POINT ( 'NONE',  ( -14.35247951656293500, -18.96539706107333200, 6.500000059534043500 ) ) ;
#2130 = CARTESIAN_POINT ( 'NONE',  ( -12.47973076870000100, -18.66086737019000100, 6.860127676785998200 ) ) ;
#2131 = CARTESIAN_POINT ( 'NONE',  ( -16.32092508939000200, -16.72475226536999700, 6.736751149921000900 ) ) ;
#2132 = ORIENTED_EDGE ( 'NONE', *, *, #1057, .T. ) ;
#2133 = ORIENTED_EDGE ( 'NONE', *, *, #371, .T. ) ;
#2134 = CARTESIAN_POINT ( 'NONE',  ( -14.53140954703680000, -17.17054825568480000, 6.500000010893936400 ) ) ;
#2135 = CARTESIAN_POINT ( 'NONE',  ( -13.47781537575079900, -19.54188619828830300, 6.848617413939302300 ) ) ;
#2136 = CARTESIAN_POINT ( 'NONE',  ( -15.44152174325467700, -14.17940323783192700, 9.480140755182272700 ) ) ;
#2137 = CARTESIAN_POINT ( 'NONE',  ( -13.81836429864000100, -16.73093144791000200, 6.488001347711999300 ) ) ;
#2138 = CARTESIAN_POINT ( 'NONE',  ( -14.45005348020711200, -19.52524475149865100, 6.899999996324678100 ) ) ;
#2139 = CARTESIAN_POINT ( 'NONE',  ( -13.17508133129714100, -17.36451108218924600, 6.875605298594329900 ) ) ;
#2140 = CARTESIAN_POINT ( 'NONE',  ( -14.54994649595499300, -16.61475524768322000, 6.899999996324675400 ) ) ;
#2141 = CARTESIAN_POINT ( 'NONE',  ( -16.47883198821000100, -16.88405583139000000, 6.861126051024999800 ) ) ;
#2142 = VERTEX_POINT ( 'NONE', #1620 ) ;
#2143 = CARTESIAN_POINT ( 'NONE',  ( -13.99058029504976600, -18.68838933350837900, 6.500000052064915000 ) ) ;
#2144 = CARTESIAN_POINT ( 'NONE',  ( -14.66943827065466400, -16.11783221175326400, 8.178734600216913000 ) ) ;
#2145 = CARTESIAN_POINT ( 'NONE',  ( -14.26863951974000400, -16.58314254641999200, 6.612376242486998700 ) ) ;
#2146 = CARTESIAN_POINT ( 'NONE',  ( -15.01359337221487100, -16.13131883952385700, 8.187057616042150000 ) ) ;
#2147 = CARTESIAN_POINT ( 'NONE',  ( -14.64311557344150900, -13.97170619047342700, 8.455215492333700000 ) ) ;
#2148 = CARTESIAN_POINT ( 'NONE',  ( -15.37017350089390000, -18.32628085443629800, 6.800000000000000700 ) ) ;
#2149 = CARTESIAN_POINT ( 'NONE',  ( -16.57114574169000300, -17.16604705229999800, 6.488001347711999300 ) ) ;
#2150 = B_SPLINE_CURVE_WITH_KNOTS ( 'NONE', 3,
 ( #2466, #193, #774, #2098 ),
 .UNSPECIFIED., .F., .F.,
 ( 4, 4 ),
 ( 0.0000000000000000000, 1.000000000029843000 ),
 .UNSPECIFIED. ) ;
#2151 = CARTESIAN_POINT ( 'NONE',  ( -13.73463120092494600, -17.83586005540630000, 6.500000028066835100 ) ) ;
#2152 = CARTESIAN_POINT ( 'NONE',  ( -14.46859045297230200, -18.96945174431919800, 6.500000059976613000 ) ) ;
#2153 = CARTESIAN_POINT ( 'NONE',  ( -14.58512531313000200, -16.56827822880000100, 6.736751137261000700 ) ) ;
#2154 = CARTESIAN_POINT ( 'NONE',  ( -15.53780093164746000, -14.13960717743222000, 9.229768751035148700 ) ) ;
#2155 = CARTESIAN_POINT ( 'NONE',  ( -14.40671832376071200, -14.27248774946542800, 10.20678223947242800 ) ) ;
#2156 = CARTESIAN_POINT ( 'NONE',  ( -16.55191869250000300, -17.38791027749999800, 6.612376248815998300 ) ) ;
#2157 = CARTESIAN_POINT ( 'NONE',  ( -14.47199374234036600, -17.16847339915094800, 6.900000000000005700 ) ) ;
#2158 = VECTOR ( 'NONE', #2014, 100.0000000000000100 ) ;
#2159 = B_SPLINE_CURVE_WITH_KNOTS ( 'NONE', 3,
 ( #738, #2064, #2257, #1123, #2445, #1310, #171, #1496, #364, #1698 ),
 .UNSPECIFIED., .F., .F.,
 ( 4, 1, 1, 1, 1, 1, 1, 4 ),
 ( 0.0000000000000000000, 0.1382689154751730000, 0.2829613492917635300, 0.4276537831083540600, 0.5723462169243147500, 0.7170386507409053400, 0.8617310845574958100, 1.000000000000000000 ),
 .UNSPECIFIED. ) ;
#2160 = CARTESIAN_POINT ( 'NONE',  ( -14.42314223806240400, -17.27219960588064800, 6.500000012200198200 ) ) ;
#2161 = CARTESIAN_POINT ( 'NONE',  ( -15.36232441333602900, -16.29922636607466700, 9.069705883361896400 ) ) ;
#2162 = CARTESIAN_POINT ( 'NONE',  ( -13.47915287278000400, -19.50291680595000100, 6.899230593224002600 ) ) ;
#2163 = LINE ( 'NONE', #765, #1715 ) ;
#2164 = CARTESIAN_POINT ( 'NONE',  ( -12.95687466315000000, -19.51932734871999700, 6.612376248815998300 ) ) ;
#2165 = CARTESIAN_POINT ( 'NONE',  ( -13.75254253259572400, -17.56781768074238300, 6.899999999999996800 ) ) ;
#2166 = CARTESIAN_POINT ( 'NONE',  ( -15.82958270357782700, -18.77797240981017500, 6.862360777354156800 ) ) ;
#2167 = CARTESIAN_POINT ( 'NONE',  ( -14.80187919922163300, -18.91786139733065800, 6.500000059515500100 ) ) ;
#2168 = CARTESIAN_POINT ( 'NONE',  ( -12.97848923919000300, -19.51455566711000600, 6.880997255274000000 ) ) ;
#2169 = CARTESIAN_POINT ( 'NONE',  ( -15.26366371034909800, -18.54717016407510100, 6.899999999999996800 ) ) ;
#2170 = CARTESIAN_POINT ( 'NONE',  ( -12.74296818028999600, -19.45455104778000100, 6.736751149921000900 ) ) ;
#2171 = CARTESIAN_POINT ( 'NONE',  ( -13.60694147915263700, -18.18547344131074100, 6.900000000000003000 ) ) ;
#2172 = ORIENTED_EDGE ( 'NONE', *, *, #1805, .F. ) ;
#2173 = ORIENTED_EDGE ( 'NONE', *, *, #1006, .T. ) ;
#2174 = AXIS2_PLACEMENT_3D ( 'NONE', #607, #1763, #618 ) ;
#2175 = CARTESIAN_POINT ( 'NONE',  ( -15.30460580872562400, -17.64663265620384500, 6.500000026139003900 ) ) ;
#2176 = EDGE_CURVE ( 'NONE', #2111, #471, #650, .T. ) ;
#2177 = CARTESIAN_POINT ( 'NONE',  ( -15.37887982841753900, -17.86741200331914200, 6.900000000000000400 ) ) ;
#2178 = CARTESIAN_POINT ( 'NONE',  ( -12.56658035752000100, -19.31598860451000400, 6.861126051024999800 ) ) ;
#2179 = CARTESIAN_POINT ( 'NONE',  ( -14.07300638312467500, -18.86280954611190500, 6.900000000000003000 ) ) ;
#2180 = LINE ( 'NONE', #486, #664 ) ;
#2181 = CARTESIAN_POINT ( 'NONE',  ( -14.90048343997915800, -17.26347419729959800, 6.900000000000004800 ) ) ;
#2182 = CARTESIAN_POINT ( 'NONE',  ( -12.44011682488000000, -19.04757129389999900, 6.488001347711999300 ) ) ;
#2183 = CARTESIAN_POINT ( 'NONE',  ( -14.85795551038078300, -14.28824529924659400, 10.20678223947224200 ) ) ;
#2184 = EDGE_CURVE ( 'NONE', #2074, #294, #200, .T. ) ;
#2185 =( NAMED_UNIT ( * ) PLANE_ANGLE_UNIT ( ) SI_UNIT ( $, .RADIAN. ) );
#2186 = ORIENTED_EDGE ( 'NONE', *, *, #2072, .F. ) ;
#2187 = CARTESIAN_POINT ( 'NONE',  ( -15.44347491959077200, -14.12365295410807600, 9.158012437596287500 ) ) ;
#2188 = CARTESIAN_POINT ( 'NONE',  ( -12.43177123690999900, -18.82503293010999500, 6.612376248815998300 ) ) ;
#2189 = CARTESIAN_POINT ( 'NONE',  ( -14.86860440191556900, -13.98330094407864400, 8.476302700617729600 ) ) ;
#2190 = CARTESIAN_POINT ( 'NONE',  ( -16.32810883070079200, -16.72671827779847900, 6.849127379370524500 ) ) ;
#2191 = ORIENTED_EDGE ( 'NONE', *, *, #466, .T. ) ;
#2192 = CARTESIAN_POINT ( 'NONE',  ( -13.79626675217399900, -17.49564715523189300, 6.800000000000000700 ) ) ;
#2193 = CARTESIAN_POINT ( 'NONE',  ( -12.49383552753000100, -18.63622723286999900, 6.736751149921000900 ) ) ;
#2194 = CARTESIAN_POINT ( 'NONE',  ( -14.81074243624839700, -18.83581189622568200, 6.800000000000141000 ) ) ;
#2195 = EDGE_CURVE ( 'NONE', #540, #1987, #2214, .T. ) ;
#2196 = CARTESIAN_POINT ( 'NONE',  ( -15.82758562382797000, -18.77690901046981200, 6.732751589630373300 ) ) ;
#2197 = CARTESIAN_POINT ( 'NONE',  ( -15.30661456312000200, -17.65227446694190000, 6.800000000000000700 ) ) ;
#2198 = CARTESIAN_POINT ( 'NONE',  ( -14.93025827885675800, -19.50866167385548900, 6.500000076060816300 ) ) ;
#2199 = CIRCLE ( 'NONE', #269, 1.456101608964510700 ) ;
#2200 = CARTESIAN_POINT ( 'NONE',  ( -16.04416188313993900, -16.61601745447956100, 6.849127379370546700 ) ) ;
#2201 = CARTESIAN_POINT ( 'NONE',  ( -14.64483841590809900, -17.17450927906839900, 6.426075751477439400 ) ) ;
#2202 = CARTESIAN_POINT ( 'NONE',  ( -15.75257430611004000, -18.89601004357502500, 6.500000061631642900 ) ) ;
#2203 = VECTOR ( 'NONE', #1330, 100.0000000000000100 ) ;
#2204 = MANIFOLD_SOLID_BREP ( 'Импортированный1', #1986 ) ;
#2205 =( GEOMETRIC_REPRESENTATION_CONTEXT ( 3 ) GLOBAL_UNCERTAINTY_ASSIGNED_CONTEXT ( ( #2251 ) ) GLOBAL_UNIT_ASSIGNED_CONTEXT ( ( #279, #1601, #459 ) ) REPRESENTATION_CONTEXT ( 'NONE', 'WORKASPACE' ) );
#2206 = CARTESIAN_POINT ( 'NONE',  ( -13.59634384480380100, -18.15898902793747600, 6.500000035291968500 ) ) ;
#2207 = CARTESIAN_POINT ( 'NONE',  ( -16.49355219905000100, -17.52530803954999800, 6.736751149921000900 ) ) ;
#2208 = CARTESIAN_POINT ( 'NONE',  ( -14.91772553306470300, -18.87661456311579800, 6.426075751477439400 ) ) ;
#2209 = CARTESIAN_POINT ( 'NONE',  ( -14.69085943940408300, -17.27618345459459400, 6.800000000000055800 ) ) ;
#2210 = CARTESIAN_POINT ( 'NONE',  ( -15.18163570135999900, -19.40906855209000200, 6.488001347711999300 ) ) ;
#2211 = ORIENTED_EDGE ( 'NONE', *, *, #2374, .T. ) ;
#2212 = ORIENTED_EDGE ( 'NONE', *, *, #1667, .F. ) ;
#2213 = CARTESIAN_POINT ( 'NONE',  ( -14.55166133418282300, -16.56479231618588300, 6.849127380303821500 ) ) ;
#2214 = B_SPLINE_CURVE_WITH_KNOTS ( 'NONE', 3,
 ( #877, #2196, #1064, #2391 ),
 .UNSPECIFIED., .F., .F.,
 ( 4, 4 ),
 ( 0.0000000000000000000, 1.000000000000000000 ),
 .UNSPECIFIED. ) ;
#2215 = CARTESIAN_POINT ( 'NONE',  ( -14.75928317729019500, -18.93235058135419300, 6.500000058932239500 ) ) ;
#2216 = CARTESIAN_POINT ( 'NONE',  ( -15.39549072093810100, -18.21483841590560000, 6.052151502954878000 ) ) ;
#2217 = CARTESIAN_POINT ( 'NONE',  ( -15.30958331333741600, -17.95762553457906900, 6.699666671461755200 ) ) ;
#2218 = CARTESIAN_POINT ( 'NONE',  ( -15.67367008932000000, -19.01515696125000300, 6.736751137261000700 ) ) ;
#2219 = CARTESIAN_POINT ( 'NONE',  ( -14.46990752617059400, -14.26005300007943600, 10.12955628592040300 ) ) ;
#2220 = CARTESIAN_POINT ( 'NONE',  ( -15.43806017280226000, -16.32460741158017800, 9.198571267892909000 ) ) ;
#2221 = CARTESIAN_POINT ( 'NONE',  ( -15.34187328904036100, -18.38956162793361700, 6.500000043653138000 ) ) ;
#2222 = CARTESIAN_POINT ( 'NONE',  ( -15.07435284477460000, -17.36626675217149800, 5.678227254432317600 ) ) ;
#2223 = CARTESIAN_POINT ( 'NONE',  ( -14.81074243624828100, -18.83581189622566400, 6.599333342923238800 ) ) ;
#2224 = CARTESIAN_POINT ( 'NONE',  ( -12.95583811686009300, -19.52398254551943800, 6.849127379370558300 ) ) ;
#2225 = CARTESIAN_POINT ( 'NONE',  ( -14.52791959736650200, -17.27048733838671200, 6.500000012152002100 ) ) ;
#2226 = CARTESIAN_POINT ( 'NONE',  ( -14.34945362837780500, -16.38104599744397300, 9.733917731192363500 ) ) ;
#2227 = CARTESIAN_POINT ( 'NONE',  ( -14.47208040264258400, -18.86951266161732800, 6.599333343320866500 ) ) ;
#2228 = ORIENTED_EDGE ( 'NONE', *, *, #2043, .T. ) ;
#2229 = CARTESIAN_POINT ( 'NONE',  ( -15.29517733055528500, -17.64742517992607800, 6.500000022762531400 ) ) ;
#2230 = ADVANCED_FACE ( 'NONE', ( #398 ), #889, .T. ) ;
#2231 = CARTESIAN_POINT ( 'NONE',  ( -14.46859045297230200, -18.96945174431919800, 5.678227254432317600 ) ) ;
#2232 = ORIENTED_EDGE ( 'NONE', *, *, #1057, .F. ) ;
#2233 = CARTESIAN_POINT ( 'NONE',  ( -15.02248964999000000, -16.58152974739999800, 6.860127676783999800 ) ) ;
#2234 = CARTESIAN_POINT ( 'NONE',  ( -12.42087440363547800, -18.87924518751545500, 6.849127379370477400 ) ) ;
#2235 = AXIS2_PLACEMENT_3D ( 'NONE', #2309, #1179, #30 ) ;
#2236 = CARTESIAN_POINT ( 'NONE',  ( -15.15245051172449700, -17.60454165126247600, 6.500000021555388600 ) ) ;
#2237 = CARTESIAN_POINT ( 'NONE',  ( -14.35889763211016000, -16.11060511450296000, 8.199236382063054100 ) ) ;
#2238 = EDGE_CURVE ( 'NONE', #942, #1141, #1344, .T. ) ;
#2239 = CARTESIAN_POINT ( 'NONE',  ( -13.84031171227163900, -18.57880975397295100, 6.499000014981212400 ) ) ;
#2240 = ADVANCED_FACE ( 'NONE', ( #1740, #220 ), #1061, .T. ) ;
#2241 = CARTESIAN_POINT ( 'NONE',  ( -14.59082639476755400, -17.17262313772834800, 6.500000009397193200 ) ) ;
#2242 = CARTESIAN_POINT ( 'NONE',  ( -12.49277795887099500, -18.63513598360977900, 6.849127380997130000 ) ) ;
#2243 = ORIENTED_EDGE ( 'NONE', *, *, #256, .T. ) ;
#2244 = CARTESIAN_POINT ( 'NONE',  ( -14.27144311286199100, -16.58586552550998400, 6.499999994140404500 ) ) ;
#2245 = CARTESIAN_POINT ( 'NONE',  ( -15.52155711733000100, -16.61639688041999800, 6.889247048010001400 ) ) ;
#2246 = CARTESIAN_POINT ( 'NONE',  ( -16.57144825167372900, -17.25993546013726700, 6.500000019166750000 ) ) ;
#2247 = CARTESIAN_POINT ( 'NONE',  ( -16.02602368485999700, -18.34882036379000100, 6.895433249022999300 ) ) ;
#2248 = CARTESIAN_POINT ( 'NONE',  ( -14.53140954144355000, -17.17054820204183600, 8.458881142255103600 ) ) ;
#2249 = CARTESIAN_POINT ( 'NONE',  ( -15.24851213712297400, -18.35277467407292600, 6.500000042617598300 ) ) ;
#2250 = CARTESIAN_POINT ( 'NONE',  ( -13.62982649911509900, -17.81371914556779500, 6.800000000000000700 ) ) ;
#2251 = UNCERTAINTY_MEASURE_WITH_UNIT (LENGTH_MEASURE( 1.000000000000000100E-005 ), #279, 'distance_accuracy_value', 'NONE');
#2252 = CARTESIAN_POINT ( 'NONE',  ( -14.08168763583037200, -17.34419395408470200, 6.800000000000102900 ) ) ;
#2253 = CARTESIAN_POINT ( 'NONE',  ( -14.57599004782012000, -18.97320216736678600, 8.458881191747151400 ) ) ;
#2254 = CARTESIAN_POINT ( 'NONE',  ( -14.61779413460553900, -14.69681732641984000, 8.428823561947405500 ) ) ;
#2255 = ORIENTED_EDGE ( 'NONE', *, *, #2452, .T. ) ;
#2256 = CARTESIAN_POINT ( 'NONE',  ( -14.57340250665000200, -19.57078109108000100, 6.488001347711999300 ) ) ;
#2257 = CARTESIAN_POINT ( 'NONE',  ( -16.47293743507008700, -17.48660824695959800, 6.899174399753293900 ) ) ;
#2258 = CARTESIAN_POINT ( 'NONE',  ( -16.36315315223740500, -16.76411526048140700, 6.500000004994207700 ) ) ;
#2259 = CARTESIAN_POINT ( 'NONE',  ( -15.81212922224000100, -18.80135754694000000, 6.871117638202001400 ) ) ;
#2260 = CARTESIAN_POINT ( 'NONE',  ( -14.09008737505413000, -17.26060366801518600, 6.500000012099935300 ) ) ;
#2261 = CARTESIAN_POINT ( 'NONE',  ( -14.68011425709813400, -18.85106465284265600, 6.500000056644106300 ) ) ;
#2262 = CARTESIAN_POINT ( 'NONE',  ( -13.75791618186010000, -18.59386380028400200, 6.426075751477439400 ) ) ;
#2263 = CARTESIAN_POINT ( 'NONE',  ( -14.56890058854500000, -16.09694529521290100, 8.080250078916302300 ) ) ;
#2264 = FACE_OUTER_BOUND ( 'NONE', #467, .T. ) ;
#2265 = CARTESIAN_POINT ( 'NONE',  ( -15.01799608114963100, -18.81755555476260300, 6.500000057385749500 ) ) ;
#2266 = CARTESIAN_POINT ( 'NONE',  ( -13.99977846655272100, -14.01227938832498800, 8.818268550651305700 ) ) ;
#2267 = DIRECTION ( 'NONE',  ( 0.0000000000000000000, 0.0000000000000000000, 1.000000000000000000 ) ) ;
#2268 = CARTESIAN_POINT ( 'NONE',  ( -15.52045270651830000, -16.64857505899170000, 6.899997398026101800 ) ) ;
#2269 = CARTESIAN_POINT ( 'NONE',  ( -14.59572286783466000, -15.32885571193532900, 9.941992789834378300 ) ) ;
#2270 = CARTESIAN_POINT ( 'NONE',  ( -13.79834167078345100, -17.49371224270649000, 7.152960394770853500 ) ) ;
#2271 = CARTESIAN_POINT ( 'NONE',  ( -14.01505281006681400, -16.10893232763966800, 8.257810761029025700 ) ) ;
#2272 = CARTESIAN_POINT ( 'NONE',  ( -14.46859045297230200, -18.96945174431919800, 6.052151502954878000 ) ) ;
#2273 = FACE_OUTER_BOUND ( 'NONE', #590, .T. ) ;
#2274 = CARTESIAN_POINT ( 'NONE',  ( -14.01872172069926000, -16.10842641698121700, 8.254217178231785500 ) ) ;
#2275 = CARTESIAN_POINT ( 'NONE',  ( -15.27438783132687500, -18.54554475051215700, 7.152960427789347300 ) ) ;
#2276 = CARTESIAN_POINT ( 'NONE',  ( -14.50000000000002700, -18.06999999999988300, 6.849999999999900200 ) ) ;
#2277 = CARTESIAN_POINT ( 'NONE',  ( -14.41336451125312700, -17.17225189147511700, 6.500000009386744700 ) ) ;
#2278 = CARTESIAN_POINT ( 'NONE',  ( -13.62798647484392600, -17.81793111892525900, 7.805920780283391200 ) ) ;
#2279 = CARTESIAN_POINT ( 'NONE',  ( -14.55799216733812400, -16.40932160781105900, 9.852904034338687100 ) ) ;
#2280 = CARTESIAN_POINT ( 'NONE',  ( -13.97613619972250200, -17.32791618185770200, 6.052151502954878000 ) ) ;
#2281 = CARTESIAN_POINT ( 'NONE',  ( -14.55799216733820200, -16.40932160781008900, 9.852904034338800800 ) ) ;
#2282 = CARTESIAN_POINT ( 'NONE',  ( -15.39565444220159800, -18.21014990979719200, 7.805920796071379000 ) ) ;
#2283 = ORIENTED_EDGE ( 'NONE', *, *, #2452, .F. ) ;
#2284 = CARTESIAN_POINT ( 'NONE',  ( -14.36497932761430700, -17.26480347032883200, 6.800000000000092200 ) ) ;
#2285 = CARTESIAN_POINT ( 'NONE',  ( -13.70677197566407000, -17.64378607638982600, 6.500000022660088000 ) ) ;
#2286 = CARTESIAN_POINT ( 'NONE',  ( -14.46859045297231100, -18.96945174431933600, 6.799999999999885200 ) ) ;
#2287 = CARTESIAN_POINT ( 'NONE',  ( -13.59634383921056000, -18.15898897429452300, 8.458881166653125000 ) ) ;
#2288 = CARTESIAN_POINT ( 'NONE',  ( -12.75878353826330200, -18.24302549667670100, 6.899997398026101800 ) ) ;
#2289 = CARTESIAN_POINT ( 'NONE',  ( -13.59658723230380200, -18.15201932184109900, 5.678227254432317600 ) ) ;
#2290 = CARTESIAN_POINT ( 'NONE',  ( -13.91142307652702200, -14.19800148407377800, 9.882638224225976500 ) ) ;
#2291 = CARTESIAN_POINT ( 'NONE',  ( -15.38351775336188100, -17.86826561524420100, 8.458881163794789200 ) ) ;
#2292 = CARTESIAN_POINT ( 'NONE',  ( -14.41170033647301600, -16.55998854738599100, 6.849127378788981700 ) ) ;
#2293 = CARTESIAN_POINT ( 'NONE',  ( -13.63613160523160400, -18.32923996677493900, 6.500000041955122900 ) ) ;
#2294 = CARTESIAN_POINT ( 'NONE',  ( -12.45642277128844100, -19.10497176236758700, 6.500000057942356700 ) ) ;
#2295 = EDGE_CURVE ( 'NONE', #1533, #1420, #711, .T. ) ;
#2296 = CARTESIAN_POINT ( 'NONE',  ( -13.76210236455394800, -18.59835293161932100, 6.500000047797005500 ) ) ;
#2297 = CARTESIAN_POINT ( 'NONE',  ( -12.52041737789330100, -18.68253205992999400, 6.900036467719999700 ) ) ;
#2298 = CARTESIAN_POINT ( 'NONE',  ( -13.91548018091483200, -14.88666059057287300, 9.643827751439472400 ) ) ;
#2299 =( NAMED_UNIT ( * ) PLANE_ANGLE_UNIT ( ) SI_UNIT ( $, .RADIAN. ) );
#2300 = CARTESIAN_POINT ( 'NONE',  ( -15.15821833146174800, -17.45620147594574700, 6.500000020506148800 ) ) ;
#2301 = CARTESIAN_POINT ( 'NONE',  ( -14.64250955004086800, -13.98906043006215000, 8.553696267634949300 ) ) ;
#2302 = CARTESIAN_POINT ( 'NONE',  ( -14.18006509172470500, -18.91328250409020800, 6.500000058395494700 ) ) ;
#2303 = CARTESIAN_POINT ( 'NONE',  ( -13.18452814400000000, -17.34772092795999800, 6.488001347711999300 ) ) ;
#2304 = CARTESIAN_POINT ( 'NONE',  ( -12.83379350364798600, -19.48834284040719600, 6.500000069518291600 ) ) ;
#2305 = CARTESIAN_POINT ( 'NONE',  ( -14.55103343489164100, -16.58308682704595700, 6.889247048010001400 ) ) ;
#2306 = CARTESIAN_POINT ( 'NONE',  ( -14.02843352926232600, -18.84612573956690800, 7.152960432462991800 ) ) ;
#2307 = CARTESIAN_POINT ( 'NONE',  ( -12.73036421278000000, -18.22789285521000100, 6.889247048010001400 ) ) ;
#2308 = CARTESIAN_POINT ( 'NONE',  ( -16.11770809694000300, -16.62980455818000200, 6.861126051024999800 ) ) ;
#2309 = CARTESIAN_POINT ( 'NONE',  ( 0.0000000000000000000, 0.0000000000000000000, 0.0000000000000000000 ) ) ;
#2310 = CARTESIAN_POINT ( 'NONE',  ( -14.86028765610172200, -17.24526196097699700, 7.152960390999378900 ) ) ;
#2311 = CARTESIAN_POINT ( 'NONE',  ( -12.97828292594999900, -19.52056682161999700, 6.871117638200999500 ) ) ;
#2312 = CARTESIAN_POINT ( 'NONE',  ( -16.00623078433999800, -18.33828109651500100, 6.899997398026101800 ) ) ;
#2313 = CARTESIAN_POINT ( 'NONE',  ( -15.00225668105559900, -16.39195532612067700, 9.666543952501124100 ) ) ;
#2314 = EDGE_CURVE ( 'NONE', #2353, #942, #2180, .T. ) ;
#2315 = VERTEX_POINT ( 'NONE', #1626 ) ;
#2316 = CARTESIAN_POINT ( 'NONE',  ( -13.43392043986999900, -17.00804560992999700, 6.612376242486998700 ) ) ;
#2317 = CARTESIAN_POINT ( 'NONE',  ( -13.00696686105296800, -19.52573728685153800, 6.849127380996996800 ) ) ;
#2318 = CLOSED_SHELL ( 'NONE', ( #1680, #1687, #2418, #733, #1112, #1848, #1873, #1864, #1285, #2440, #2054, #2046 ) ) ;
#2319 = CARTESIAN_POINT ( 'NONE',  ( -14.35247951283410100, -18.96539702531136800, 7.805920813774823100 ) ) ;
#2320 = ORIENTED_EDGE ( 'NONE', *, *, #476, .F. ) ;
#2321 = CARTESIAN_POINT ( 'NONE',  ( -12.94970212348000000, -17.77825418380000100, 6.860127676785998200 ) ) ;
#2322 = CARTESIAN_POINT ( 'NONE',  ( -16.37654316209000200, -16.77487448847000500, 6.488001347711999300 ) ) ;
#2323 = CARTESIAN_POINT ( 'NONE',  ( -14.53140954330796900, -17.17054821992282500, 7.805920765134715100 ) ) ;
#2324 = CARTESIAN_POINT ( 'NONE',  ( -14.41927613519923500, -18.86766670890326100, 6.500000057111439100 ) ) ;
#2325 = CARTESIAN_POINT ( 'NONE',  ( -15.39400971942541000, -15.54015095465749000, 8.908093378043465900 ) ) ;
#2326 = CARTESIAN_POINT ( 'NONE',  ( -13.81639094052999900, -16.72705479976000100, 6.736751137261000700 ) ) ;
#2327 = CARTESIAN_POINT ( 'NONE',  ( -15.00399947898004300, -16.40605199621587200, 9.746096497212684900 ) ) ;
#2328 = CARTESIAN_POINT ( 'NONE',  ( -13.17062124075591700, -17.36213618588166700, 6.849127380303684700 ) ) ;
#2329 = CARTESIAN_POINT ( 'NONE',  ( -14.46859045297231100, -18.96945174431933600, 6.799999999999885200 ) ) ;
#2330 = CARTESIAN_POINT ( 'NONE',  ( -16.51257635260000000, -16.95119222114999900, 6.612376248815998300 ) ) ;
#2331 = CARTESIAN_POINT ( 'NONE',  ( -13.87870698377787400, -18.57625242743662500, 6.500000048908341400 ) ) ;
#2332 = FACE_OUTER_BOUND ( 'NONE', #115, .T. ) ;
#2333 = CARTESIAN_POINT ( 'NONE',  ( -14.71893784011584200, -14.70035000336767100, 8.428827307947319300 ) ) ;
#2334 = CARTESIAN_POINT ( 'NONE',  ( -14.26797069156999800, -16.57884426629999900, 6.861126032036001000 ) ) ;
#2335 = CARTESIAN_POINT ( 'NONE',  ( -14.68232945741641000, -16.10090631859684200, 8.080250078916860100 ) ) ;
#2336 = EDGE_CURVE ( 'NONE', #472, #994, #893, .T. ) ;
#2337 = CARTESIAN_POINT ( 'NONE',  ( -14.09293670559577200, -13.98318731224170200, 8.629182591649192000 ) ) ;
#2338 = CARTESIAN_POINT ( 'NONE',  ( -15.40341276771000200, -17.98798067816289500, 6.800000000000000700 ) ) ;
#2339 = CARTESIAN_POINT ( 'NONE',  ( -16.57548125726999900, -17.16565648150999800, 6.736751149921000900 ) ) ;
#2340 = B_SPLINE_CURVE_WITH_KNOTS ( 'NONE', 3,
 ( #1154, #1341, #204, #1526, #399, #1731, #583, #1916, #784, #2109, #974, #2294, #1165, #14, #1349, #214, #1537, #406, #1741, #595, #1925, #792, #2117, #985, #2304, #1347, #1934, #1739 ),
 .UNSPECIFIED., .F., .F.,
 ( 4, 2, 2, 2, 2, 2, 2, 2, 2, 2, 2, 2, 2, 4 ),
 ( 0.0000000000000000000, 0.001514866253044759500, 0.002272299379567139200, 0.003029732506089519100, 0.003787165632611898500, 0.004544598759134278400, 0.005302031885656658700, 0.006059465012179038200, 0.007574331265223725900, 0.008331764391746099300, 0.009089197518268473500, 0.009846630644790846000, 0.01060406377131321900, 0.01211893002435796400 ),
 .UNSPECIFIED. ) ;
#2341 = VERTEX_POINT ( 'NONE', #2007 ) ;
#2342 = B_SPLINE_CURVE_WITH_KNOTS ( 'NONE', 3,
 ( #2329, #1383, #436, #1773, #628, #1958, #822, #2148, #1017, #2338, #1204, #59, #1392, #258, #1584, #2063, #637, #1965 ),
 .UNSPECIFIED., .F., .F.,
 ( 4, 2, 2, 2, 2, 2, 2, 2, 4 ),
 ( 0.0000000000000000000, 0.1199928744768279700, 0.2500000000000388600, 0.3800071255232165800, 0.5000000000000445200, 0.6199928744768612400, 0.7500000000000220900, 0.8800071255231889400, 1.000000000000000000 ),
 .UNSPECIFIED. ) ;
#2343 = CARTESIAN_POINT ( 'NONE',  ( -13.76126439618402800, -17.76199534153902000, 6.500000025987602300 ) ) ;
#2344 = CARTESIAN_POINT ( 'NONE',  ( -14.67295052781639200, -16.11795420155206000, 8.178730854216913900 ) ) ;
#2345 = CARTESIAN_POINT ( 'NONE',  ( -12.49815701557136900, -18.63800020840561400, 6.500000016754328600 ) ) ;
#2346 = CARTESIAN_POINT ( 'NONE',  ( -15.43142453021162000, -14.07818463717032000, 8.902690953823535500 ) ) ;
#2347 = CARTESIAN_POINT ( 'NONE',  ( -14.63220715223465600, -14.28408250307057500, 10.22786944775594100 ) ) ;
#2348 = CARTESIAN_POINT ( 'NONE',  ( -16.55609988749999700, -17.38912141305000200, 6.861126051024999800 ) ) ;
#2349 = CARTESIAN_POINT ( 'NONE',  ( -14.41336614918528800, -17.17225479893001600, 6.899999999999997700 ) ) ;
#2350 = CARTESIAN_POINT ( 'NONE',  ( -14.52791959736650200, -17.27048733838671200, 6.500000012152002100 ) ) ;
#2351 = CARTESIAN_POINT ( 'NONE',  ( -15.25960801988249000, -16.34744861123036600, 9.363351357773712600 ) ) ;
#2352 = MECHANICAL_DESIGN_GEOMETRIC_PRESENTATION_REPRESENTATION (  '', ( #497 ), #2205 ) ;
#2353 = VERTEX_POINT ( 'NONE', #2213 ) ;
#2354 = CARTESIAN_POINT ( 'NONE',  ( -14.47812923497000000, -19.54813519021000100, 6.895433249022999300 ) ) ;
#2355 = CARTESIAN_POINT ( 'NONE',  ( -14.67343873662223300, -18.95362909996499600, 6.899999999999997700 ) ) ;
#2356 = CARTESIAN_POINT ( 'NONE',  ( -12.95636339074000000, -19.52365029229999700, 6.861126051024999800 ) ) ;
#2357 = CARTESIAN_POINT ( 'NONE',  ( -13.70677075009699500, -17.64378438590601300, 6.899999999999999500 ) ) ;
#2358 = FILL_AREA_STYLE_COLOUR ( '', #1074 ) ;
#2359 = CARTESIAN_POINT ( 'NONE',  ( -15.01799608114963100, -18.81755555476259500, 6.500000057385761900 ) ) ;
#2360 = CARTESIAN_POINT ( 'NONE',  ( -15.30668961712036800, -18.47014022483282100, 6.899999999999997700 ) ) ;
#2361 = CARTESIAN_POINT ( 'NONE',  ( -12.68158091262000300, -19.41168835340000200, 6.488001347711999300 ) ) ;
#2362 = CARTESIAN_POINT ( 'NONE',  ( -13.63613446692491300, -18.32924367960117400, 6.899999999999997700 ) ) ;
#2363 = CARTESIAN_POINT ( 'NONE',  ( -13.02775681357000400, -18.91999999999999500, 6.899999999999982600 ) ) ;
#2364 = CARTESIAN_POINT ( 'NONE',  ( -15.33297421485996500, -17.72791064321877700, 6.900000000000002100 ) ) ;
#2365 = CARTESIAN_POINT ( 'NONE',  ( -12.52479586526000000, -19.25353835897999800, 6.612376248815998300 ) ) ;
#2366 = CARTESIAN_POINT ( 'NONE',  ( -14.18006835333757100, -18.91328429448799000, 6.900000000000005700 ) ) ;
#2367 = CARTESIAN_POINT ( 'NONE',  ( -14.76447275541938400, -17.20772201414726200, 6.900000000000004800 ) ) ;
#2368 = CARTESIAN_POINT ( 'NONE',  ( -12.43586284015000000, -19.04849479528000000, 6.736751149921000900 ) ) ;
#2369 = CARTESIAN_POINT ( 'NONE',  ( -15.18238602007654100, -14.27260138130211300, 10.05390234844034800 ) ) ;
#2370 = ORIENTED_EDGE ( 'NONE', *, *, #216, .F. ) ;
#2371 = ORIENTED_EDGE ( 'NONE', *, *, #426, .T. ) ;
#2372 = ORIENTED_EDGE ( 'NONE', *, *, #864, .F. ) ;
#2373 = PRODUCT_DEFINITION ( 'UNKNOWN', '', #33, #1820 ) ;
#2374 = EDGE_CURVE ( 'NONE', #2142, #1240, #1174, .T. ) ;
#2375 = CARTESIAN_POINT ( 'NONE',  ( -15.32986990556703300, -14.22743219044002300, 9.768700457127121000 ) ) ;
#2376 = CARTESIAN_POINT ( 'NONE',  ( -12.42747239750000100, -18.82434793335999500, 6.861126051024999800 ) ) ;
#2377 = CARTESIAN_POINT ( 'NONE',  ( -14.64311557344150900, -13.97170619047342700, 8.455215492333700000 ) ) ;
#2378 = CARTESIAN_POINT ( 'NONE',  ( -16.44033965169923300, -16.83160211968531100, 6.849127379370510300 ) ) ;
#2379 = CARTESIAN_POINT ( 'NONE',  ( -13.62982649911509900, -17.81371914556779500, 6.800000000000000700 ) ) ;
#2380 = LINE ( 'NONE', #1568, #932 ) ;
#2381 = CARTESIAN_POINT ( 'NONE',  ( -12.51019448647000100, -18.61688623138000100, 6.488001347711999300 ) ) ;
#2382 = CARTESIAN_POINT ( 'NONE',  ( -14.47208040264260700, -18.86951266161743100, 6.800000000000035300 ) ) ;
#2383 = DIRECTION ( 'NONE',  ( -2.855330712626423300E-009, -2.738448561596723400E-008, -0.9999999999999996700 ) ) ;
#2384 = EDGE_LOOP ( 'NONE', ( #489, #1685, #654, #745 ) ) ;
#2385 = FILL_AREA_STYLE_COLOUR ( '', #1911 ) ;
#2386 = CARTESIAN_POINT ( 'NONE',  ( -15.40341276771000200, -17.98798067816289500, 6.800000000000000700 ) ) ;
#2387 = CARTESIAN_POINT ( 'NONE',  ( -15.12662247796561800, -19.43462038410131900, 6.500000074593907900 ) ) ;
#2388 = B_SPLINE_CURVE_WITH_KNOTS ( 'NONE', 3,
 ( #1729, #396, #201, #581, #1914, #782, #2106, #972, #2292, #1163 ),
 .UNSPECIFIED., .F., .F.,
 ( 4, 2, 2, 2, 4 ),
 ( 0.0000000000000000000, 0.2500000000000000000, 0.5000000000000000000, 0.7500000000000000000, 1.000000000000000000 ),
 .UNSPECIFIED. ) ;
#2389 = CARTESIAN_POINT ( 'NONE',  ( -14.31058006666779500, -17.18209772661145300, 6.500000010579684700 ) ) ;
#2390 = VERTEX_POINT ( 'NONE', #887 ) ;
#2391 = CARTESIAN_POINT ( 'NONE',  ( -15.82399971534425000, -18.77499959613991700, 6.500000020761244300 ) ) ;
#2392 = CARTESIAN_POINT ( 'NONE',  ( -14.97297456225440200, -17.29448936960279700, 6.426075751477439400 ) ) ;
#2393 = ORIENTED_EDGE ( 'NONE', *, *, #1094, .F. ) ;
#2394 = CARTESIAN_POINT ( 'NONE',  ( -15.80746687086329200, -18.80604759114404300, 6.500000059324808200 ) ) ;
#2395 = CARTESIAN_POINT ( 'NONE',  ( -13.65213860267585100, -18.37187919921909400, 6.500000041281168700 ) ) ;
#2396 = B_SPLINE_CURVE_WITH_KNOTS ( 'NONE', 3,
 ( #1754, #1938, #803, #2127 ),
 .UNSPECIFIED., .F., .F.,
 ( 4, 4 ),
 ( 64.93143750157057100, 65.93143750158985500 ),
 .UNSPECIFIED. ) ;
#2397 = CARTESIAN_POINT ( 'NONE',  ( -14.58663548875577300, -18.96774810852896200, 6.500000059928661100 ) ) ;
#2398 = CARTESIAN_POINT ( 'NONE',  ( -14.58201932184360100, -18.97341276770280100, 6.426075751477439400 ) ) ;
#2399 = CARTESIAN_POINT ( 'NONE',  ( -14.69085943940421600, -17.27618345459453400, 6.599333342923621600 ) ) ;
#2400 = CARTESIAN_POINT ( 'NONE',  ( -15.45107086606000200, -19.24168563504000000, 6.861126032036001000 ) ) ;
#2401 = SURFACE_STYLE_FILL_AREA ( #1790 ) ;
#2402 = CARTESIAN_POINT ( 'NONE',  ( -14.53140954589466800, -17.17054824473100500, 6.900000000000002100 ) ) ;
#2403 = CARTESIAN_POINT ( 'NONE',  ( -14.87058877814355100, -18.89227990555227900, 6.500000057804284000 ) ) ;
#2404 = CARTESIAN_POINT ( 'NONE',  ( -15.27551063040370100, -18.54297456225189900, 6.052151502954878000 ) ) ;
#2405 = CARTESIAN_POINT ( 'NONE',  ( -15.30958331333753700, -17.95762553457895900, 6.499000014384903600 ) ) ;
#2406 = CARTESIAN_POINT ( 'NONE',  ( -15.67028208364000000, -19.01242859901000100, 6.488001347711999300 ) ) ;
#2407 = PRESENTATION_LAYER_ASSIGNMENT (  '', '', ( #2021 ) ) ;
#2408 = CARTESIAN_POINT ( 'NONE',  ( -14.58334797546877200, -15.68322626403198300, 9.879469612902202200 ) ) ;
#2409 = EDGE_CURVE ( 'NONE', #203, #1810, #461, .T. ) ;
#2410 = CARTESIAN_POINT ( 'NONE',  ( -15.46361207675703600, -16.26409801669306900, 8.850557126548650900 ) ) ;
#2411 = CARTESIAN_POINT ( 'NONE',  ( -15.36921983216833000, -18.30526986141024200, 6.500000041280376500 ) ) ;
#2412 = CARTESIAN_POINT ( 'NONE',  ( -15.30661456312000200, -17.65227446694190000, 5.678227254432317600 ) ) ;
#2413 = CARTESIAN_POINT ( 'NONE',  ( -14.57322426395513700, -18.87304087697777200, 6.800000000000118800 ) ) ;
#2414 = CARTESIAN_POINT ( 'NONE',  ( -12.90493622885202600, -19.51571999983056200, 6.849127379370554700 ) ) ;
#2415 = ORIENTED_EDGE ( 'NONE', *, *, #1573, .T. ) ;
#2416 = ORIENTED_EDGE ( 'NONE', *, *, #426, .F. ) ;
#2417 = CARTESIAN_POINT ( 'NONE',  ( -14.06823155961485800, -16.34699643432746500, 9.596591541604796700 ) ) ;
#2418 = ADVANCED_FACE ( 'NONE', ( #1614 ), #848, .T. ) ;
#2419 = VERTEX_POINT ( 'NONE', #2402 ) ;
#2420 = CARTESIAN_POINT ( 'NONE',  ( -14.37093680683037900, -18.86597684331629700, 6.800000000000030900 ) ) ;
#2421 = CARTESIAN_POINT ( 'NONE',  ( -15.23469712264208200, -17.54687306074523400, 6.500000019932064900 ) ) ;
#2422 = CARTESIAN_POINT ( 'NONE',  ( -13.46921158328275300, -16.97805456433566500, 6.500000002589661800 ) ) ;
#2423 = CARTESIAN_POINT ( 'NONE',  ( -14.52281409072000100, -16.56438001695000000, 6.860127676783999800 ) ) ;
#2424 = CARTESIAN_POINT ( 'NONE',  ( -12.45043786781163700, -18.72850574656915500, 6.849127379370463200 ) ) ;
#2425 = EDGE_CURVE ( 'NONE', #385, #642, #93, .T. ) ;
#2426 = CARTESIAN_POINT ( 'NONE',  ( -15.20630731888539000, -17.69363104125492100, 6.500000024063187900 ) ) ;
#2427 = CARTESIAN_POINT ( 'NONE',  ( -14.56829456514392100, -16.11429953480287100, 8.178730854217423700 ) ) ;
#2428 = CARTESIAN_POINT ( 'NONE',  ( -13.68881192136911000, -18.22814756257720600, 6.699666671660225800 ) ) ;
#2429 = ADVANCED_FACE ( 'NONE', ( #2047, #140 ), #1501, .T. ) ;
#2430 = CARTESIAN_POINT ( 'NONE',  ( -12.49257399625594400, -18.63502737825649200, 6.862360777353759800 ) ) ;
#2431 = CARTESIAN_POINT ( 'NONE',  ( -14.41094147161126700, -16.57223381016916300, 6.499999994165428100 ) ) ;
#2432 = CARTESIAN_POINT ( 'NONE',  ( -15.52122188357999700, -16.62616427069000100, 6.895433249022999300 ) ) ;
#2433 = CARTESIAN_POINT ( 'NONE',  ( -16.57171145266289300, -17.18432496767311700, 6.500000017096940800 ) ) ;
#2434 = LINE ( 'NONE', #2051, #303 ) ;
#2435 = CARTESIAN_POINT ( 'NONE',  ( -16.50462146462000100, -17.47080055158999900, 6.889247048010001400 ) ) ;
#2436 = CARTESIAN_POINT ( 'NONE',  ( -14.42400994473082500, -17.16679776111334400, 7.152960387604960800 ) ) ;
#2437 = CARTESIAN_POINT ( 'NONE',  ( -15.20591561007818300, -18.44925929033799500, 6.500000045333573300 ) ) ;
#2438 = CARTESIAN_POINT ( 'NONE',  ( -13.79626675217399900, -17.49564715523189300, 6.800000000000000700 ) ) ;
#2439 = CARTESIAN_POINT ( 'NONE',  ( -14.08168763583040000, -17.34419395408482200, 6.599333343320820300 ) ) ;
#2440 = ADVANCED_FACE ( 'NONE', ( #1662 ), #1657, .T. ) ;
#2441 = CARTESIAN_POINT ( 'NONE',  ( -14.68941993147796400, -18.95790225551164800, 7.152960437411266500 ) ) ;
#2442 = CARTESIAN_POINT ( 'NONE',  ( -14.46715081353042400, -16.11076817809222900, 8.178734600216392500 ) ) ;
#2443 = ORIENTED_EDGE ( 'NONE', *, *, #2072, .T. ) ;
#2444 = CARTESIAN_POINT ( 'NONE',  ( -14.57361500935000000, -19.57512590241999800, 6.736751137261000700 ) ) ;
#2445 = CARTESIAN_POINT ( 'NONE',  ( -16.49106459861517800, -17.49626054735337300, 6.889247048010001400 ) ) ;
#2446 = CARTESIAN_POINT ( 'NONE',  ( -16.30255049706376300, -16.71847032698313000, 6.500000003571209100 ) ) ;
#2447 = CARTESIAN_POINT ( 'NONE',  ( -16.28528355390999500, -17.92043922300999600, 6.860127676785998200 ) ) ;
#2448 = CARTESIAN_POINT ( 'NONE',  ( -14.09008737132529600, -17.26060363225322200, 7.805920766340712200 ) ) ;
#2449 = CARTESIAN_POINT ( 'NONE',  ( -14.52484421981818700, -18.87135322917937300, 6.500000057215213000 ) ) ;
#2450 = CARTESIAN_POINT ( 'NONE',  ( -13.61406894933499800, -18.26495633218789600, 6.426075751477439400 ) ) ;
#2451 = B_SPLINE_SURFACE_WITH_KNOTS ( 'NONE', 3, 3, ( 
 ( #484, #301, #1398, #680, #2005, #873, #2197, #1062, #2386, #1250, #109, #1437, #307, #1629, #488, #1827, #685, #2008 ),
 ( #878, #2201, #1066, #2392, #1255, #114, #1442, #312, #1636, #493, #1832, #690, #2013, #884, #2208, #1071, #2398, #1261 ),
 ( #118, #1446, #317, #1641, #500, #1836, #696, #2018, #890, #2216, #1078, #2404, #1269, #124, #1452, #323, #1653, #506 ),
 ( #1842, #704, #2031, #898, #2222, #1087, #2412, #1276, #134, #1462, #332, #1663, #516, #1851, #716, #2040, #907, #2231 ) ),
 .UNSPECIFIED., .F., .F., .F.,
 ( 4, 4 ),
 ( 4, 2, 2, 2, 2, 2, 2, 2, 4 ),
 ( 0.0000000000000000000, 1.121772745567683800 ),
 ( 80.00000000000000000, 101.5987174058259900, 124.9999999999960200, 148.4012825941649700, 169.9999999999919900, 191.5987174058210200, 214.9999999999930100, 238.4012825941709700, 260.0000000000000000 ),
 .UNSPECIFIED. ) ;
#2452 = EDGE_CURVE ( 'NONE', #2419, #472, #525, .T. ) ;
#2453 = CARTESIAN_POINT ( 'NONE',  ( -15.01799607742080100, -18.81755551900063500, 7.805920811626530800 ) ) ;
#2454 = ORIENTED_EDGE ( 'NONE', *, *, #1360, .F. ) ;
#2455 = CARTESIAN_POINT ( 'NONE',  ( -13.78464139183981600, -15.48395057426021300, 8.908093378044075200 ) ) ;
#2456 = DIRECTION ( 'NONE',  ( 0.0000000000000000000, 0.0000000000000000000, 1.000000000000000000 ) ) ;
#2457 = CARTESIAN_POINT ( 'NONE',  ( -14.46859045183017000, -18.96945173336540700, 6.900000000000000400 ) ) ;
#2458 = CARTESIAN_POINT ( 'NONE',  ( -14.52123295779670000, -16.61044799898000000, 6.900036467719999700 ) ) ;
#2459 = CARTESIAN_POINT ( 'NONE',  ( -13.79834166705461700, -17.49371220694451500, 8.458881149011636700 ) ) ;
#2460 = EDGE_LOOP ( 'NONE', ( #1503, #734, #1647, #2255 ) ) ;
#2461 = CARTESIAN_POINT ( 'NONE',  ( -13.78026453075862000, -16.14702889682921900, 8.520205967837545900 ) ) ;
#2462 = CARTESIAN_POINT ( 'NONE',  ( -14.24371914557020000, -18.94017350089139700, 6.052151502954878000 ) ) ;
#2463 = CARTESIAN_POINT ( 'NONE',  ( -13.77508435180228300, -16.14817471271634000, 8.527725540406498400 ) ) ;
#2464 = CARTESIAN_POINT ( 'NONE',  ( -15.27438782759804100, -18.54554471475018600, 8.458881182030126000 ) ) ;
#2465 = CARTESIAN_POINT ( 'NONE',  ( -14.29781507442185700, -17.19249922522530800, 6.500000009956696800 ) ) ;
#2466 = CARTESIAN_POINT ( 'NONE',  ( -15.99303313894676000, -16.61426271314845600, 6.849127380996996800 ) ) ;
#2467 = PRESENTATION_LAYER_ASSIGNMENT (  '', '', ( #497 ) ) ;
#2468 = CARTESIAN_POINT ( 'NONE',  ( -13.60434555407778000, -17.92985005444476300, 6.500000029039950000 ) ) ;
#2469 = CARTESIAN_POINT ( 'NONE',  ( -14.30504366782000300, -17.18406894933250200, 6.052151502954878000 ) ) ;
#2470 = B_SPLINE_SURFACE_WITH_KNOTS ( 'NONE', 3, 3, ( 
 ( #1547, #1322, #1750, #604 ),
 ( #1935, #801, #2125, #997 ),
 ( #2313, #1183, #35, #1371 ),
 ( #234, #1560, #424, #1761 ),
 ( #614, #1944, #811, #2136 ),
 ( #1005, #2325, #1191, #45 ),
 ( #1378, #245, #1570, #432 ),
 ( #1768, #623, #1952, #818 ),
 ( #2144, #1013, #2333, #1199 ),
 ( #54, #1387, #253, #1580 ) ),
 .UNSPECIFIED., .F., .F., .F.,
 ( 4, 1, 1, 1, 1, 1, 1, 4 ),
 ( 4, 4 ),
 ( 0.0000000000000000000, 0.1946132253884555700, 0.3355399371040865300, 0.4362502267761120800, 0.5637497732232952300, 0.7180774344421546600, 0.8791954063391184100, 1.000000000000000000 ),
 ( 0.0000000000000000000, 1.000000000000000000 ),
 .UNSPECIFIED. ) ;
#2471 = CARTESIAN_POINT ( 'NONE',  ( -14.52968670457032200, -13.96774516708960200, 8.455215492333755000 ) ) ;
ENDSEC;
END-ISO-10303-21;
