ISO-10303-21;
HEADER;
FILE_DESCRIPTION (( 'STEP AP214' ),
    '1' );
FILE_NAME ('Верхний патрубок 3.STEP',
    '2015-12-28T16:30:05',
    ( 'MMA' ),
    ( '' ),
    'SwSTEP 2.0',
    'SolidWorks 2014',
    '' );
FILE_SCHEMA (( 'AUTOMOTIVE_DESIGN' ));
ENDSEC;

DATA;
#1 = CARTESIAN_POINT ( 'NONE',  ( 2.378062254369548900, -16.97137282908772300, 7.935087349737147000 ) ) ;
#3 = CARTESIAN_POINT ( 'NONE',  ( 1.715884609645864200, -17.38722373561048000, 7.864897657576139300 ) ) ;
#2 = CARTESIAN_POINT ( 'NONE',  ( 3.672748701855693000, -17.58017900706446600, 7.649655258033914300 ) ) ;
#4 = B_SPLINE_CURVE_WITH_KNOTS ( 'NONE', 2,
 ( #2094, #5967, #6526, #3201, #7080, #3763, #453, #4317, #1008, #4875, #1560, #5434, #2119, #5992, #2674, #6550, #3227, #7103, #3786, #478, #4343, #1030, #4898, #1586, #5455, #2142, #6015, #2696, #6573, #3250, #7128, #3806, #501, #4365, #1052, #4919, #1610, #5478, #2165, #6038, #2720, #6598, #3273, #7152, #3830, #523, #4390, #1078, #4942, #1633, #5502, #2187, #6060, #2742, #6623, #3296, #7174, #3852, #547, #4412, #1100, #4966, #1657, #5525, #2211, #6082, #2763 ),
 .UNSPECIFIED., .F., .F.,
 ( 3, 2, 2, 2, 2, 2, 2, 2, 2, 2, 2, 2, 2, 2, 2, 2, 2, 2, 2, 2, 2, 2, 2, 2, 2, 2, 2, 2, 2, 2, 2, 2, 2, 3 ),
 ( 0.0000000000000000000, 0.03125000000000000000, 0.06250000000000000000, 0.09375000000000000000, 0.1250000000000000000, 0.1562500000000000000, 0.1875000000000000000, 0.2187500000000000000, 0.2343750000000000000, 0.2500000000000000000, 0.2812500000000000000, 0.3125000000000000000, 0.3437500000000000000, 0.3750000000000000000, 0.4062500000000000000, 0.4375000000000000000, 0.4687500000000000000, 0.5000000000000000000, 0.5312500000000000000, 0.5625000000000000000, 0.5937500000000000000, 0.6250000000000000000, 0.6562500000000000000, 0.6875000000000000000, 0.7187500000000000000, 0.7500000000000000000, 0.7812500000000000000, 0.8125000000000000000, 0.8437500000000000000, 0.8750000000000000000, 0.9062500000000000000, 0.9375000000000000000, 0.9687500000000000000, 1.000000000000000000 ),
 .UNSPECIFIED. ) ;
#5 = CARTESIAN_POINT ( 'NONE',  ( 1.413749340339542200, -18.19382832101970500, 8.507572632808969400 ) ) ;
#6 = CARTESIAN_POINT ( 'NONE',  ( 3.281633047846280100, -18.15303306498230300, 8.651954270633339700 ) ) ;
#7 = CARTESIAN_POINT ( 'NONE',  ( 4.323999696359005700, -18.77499958603122800, 6.500000004530885900 ) ) ;
#8 = CARTESIAN_POINT ( 'NONE',  ( 2.042331198272597800, -18.28156163242894300, 7.377524438328672200 ) ) ;
#9 = CARTESIAN_POINT ( 'NONE',  ( 2.631938257638130300, -16.59563236094432200, 6.499999999663483400 ) ) ;
#10 = CARTESIAN_POINT ( 'NONE',  ( 2.542479333488172300, -16.85947918870109100, 8.263149411744143100 ) ) ;
#11 = CARTESIAN_POINT ( 'NONE',  ( 1.823368993800395000, -17.05429998146899700, 7.985163057653599200 ) ) ;
#12 = CARTESIAN_POINT ( 'NONE',  ( 1.896237719828524500, -16.48339195405410600, 9.127491286653096800 ) ) ;
#13 = CARTESIAN_POINT ( 'NONE',  ( 2.367340377151961200, -18.72032090989004900, 7.085166144775105800 ) ) ;
#14 = CARTESIAN_POINT ( 'NONE',  ( 3.696953379672540700, -18.63943479571439000, 6.800000000000176600 ) ) ;
#15 = ORIENTED_EDGE ( 'NONE', *, *, #4065, .T. ) ;
#16 = CARTESIAN_POINT ( 'NONE',  ( 1.976078675895594600, -17.91564558965180600, 7.414435218881210200 ) ) ;
#17 = CARTESIAN_POINT ( 'NONE',  ( 2.914874686871999900, -19.57172177120000000, 6.736751137261000700 ) ) ;
#18 = CARTESIAN_POINT ( 'NONE',  ( 1.691148765975943700, -16.91776443492590000, 9.654986344409461900 ) ) ;
#19 = CARTESIAN_POINT ( 'NONE',  ( 2.065833564831767200, -16.89970556791820800, 9.558312940162155200 ) ) ;
#20 = CARTESIAN_POINT ( 'NONE',  ( 4.493033139019668300, -16.61426271157999700, 6.849127380715888300 ) ) ;
#21 = CARTESIAN_POINT ( 'NONE',  ( 3.295953588180481600, -17.24064931579156500, 8.077977385042704100 ) ) ;
#22 = CARTESIAN_POINT ( 'NONE',  ( 2.140620779265236500, -18.42352353839479700, 7.180923154031945400 ) ) ;
#23 = CARTESIAN_POINT ( 'NONE',  ( 1.869154995155906300, -17.46871904518108200, 7.719238815542815300 ) ) ;
#25 = CARTESIAN_POINT ( 'NONE',  ( 1.583510447472209000, -18.03760231178437600, 8.054741125780678200 ) ) ;
#24 = CARTESIAN_POINT ( 'NONE',  ( 3.115526407764999100, -17.14471448223744700, 7.418875064674952400 ) ) ;
#26 = CARTESIAN_POINT ( 'NONE',  ( 1.741778150649469600, -18.28558364586567100, 9.170063795587781300 ) ) ;
#27 = CARTESIAN_POINT ( 'NONE',  ( 3.341228396360520500, -17.44097078127279600, 8.442259766292586700 ) ) ;
#28 = CARTESIAN_POINT ( 'NONE',  ( 3.594915877498442700, -18.60284325884163800, 6.499999997032309000 ) ) ;
#29 = CARTESIAN_POINT ( 'NONE',  ( 3.497671110831817900, -19.48677074569268400, 6.500000026182971300 ) ) ;
#30 = CARTESIAN_POINT ( 'NONE',  ( 2.489359604552751300, -18.81780073117946000, 7.634337113364711800 ) ) ;
#31 = DIRECTION ( 'NONE',  ( 0.9994115292234101400, -0.03430153429986276100, 0.0000000000000000000 ) ) ;
#32 = CARTESIAN_POINT ( 'NONE',  ( 1.995902291952286900, -17.14603756337256300, 7.848338271069144100 ) ) ;
#33 = CARTESIAN_POINT ( 'NONE',  ( 1.530422428146729100, -17.67868595944311800, 7.965258909502033200 ) ) ;
#34 = CARTESIAN_POINT ( 'NONE',  ( 1.688364245488906700, -16.56212732299644900, 8.417587036108663800 ) ) ;
#35 = CARTESIAN_POINT ( 'NONE',  ( 3.065993351425507100, -18.95261711024421200, 7.191505375076359600 ) ) ;
#36 = ORIENTED_EDGE ( 'NONE', *, *, #4372, .F. ) ;
#37 = CARTESIAN_POINT ( 'NONE',  ( 3.889570102456527700, -17.92122226104200800, 6.799999999998944700 ) ) ;
#38 = CARTESIAN_POINT ( 'NONE',  ( 2.164268002316531700, -18.59288617223363000, 7.657557673770059900 ) ) ;
#39 = CARTESIAN_POINT ( 'NONE',  ( 3.232029308433000300, -19.56115573370000100, 6.861126032036001000 ) ) ;
#40 = ORIENTED_EDGE ( 'NONE', *, *, #2448, .F. ) ;
#41 = CARTESIAN_POINT ( 'NONE',  ( 1.321329379467026700, -17.05883254004729800, 8.178730854218374100 ) ) ;
#42 = CARTESIAN_POINT ( 'NONE',  ( 2.037370980906608100, -16.53884802573815800, 8.908473587987613100 ) ) ;
#43 = CARTESIAN_POINT ( 'NONE',  ( 5.066058957496047700, -17.09108799994454100, 6.849127384410598700 ) ) ;
#44 = CARTESIAN_POINT ( 'NONE',  ( 2.686903827795007200, -17.05599598936952400, 7.692818880687693400 ) ) ;
#45 = CARTESIAN_POINT ( 'NONE',  ( 2.684943947395075800, -18.90220895660195300, 7.348097445208864500 ) ) ;
#46 = CARTESIAN_POINT ( 'NONE',  ( 1.763360134129304100, -18.13323008646195000, 7.873473302520508800 ) ) ;
#47 = ORIENTED_EDGE ( 'NONE', *, *, #6790, .F. ) ;
#49 = CARTESIAN_POINT ( 'NONE',  ( 1.826511151105201700, -18.46535795671628200, 8.612697471180624100 ) ) ;
#48 = CARTESIAN_POINT ( 'NONE',  ( 2.411130598296307200, -17.30518277926948300, 7.237743499767403500 ) ) ;
#50 = CARTESIAN_POINT ( 'NONE',  ( 2.906295851882801700, -17.02044938939747400, 8.009397056733369900 ) ) ;
#51 = CARTESIAN_POINT ( 'NONE',  ( 2.914713433007723800, -18.86608283640882500, 6.500000009893591700 ) ) ;
#52 = CARTESIAN_POINT ( 'NONE',  ( 3.193236700759701600, -18.79451632891025500, 7.876889386125059300 ) ) ;
#53 = CARTESIAN_POINT ( 'NONE',  ( 4.288482792236475700, -18.75608764612204700, 6.899999841221296400 ) ) ;
#54 = CARTESIAN_POINT ( 'NONE',  ( 1.699441531565462500, -17.76855501086237200, 7.822749991442441900 ) ) ;
#55 = CARTESIAN_POINT ( 'NONE',  ( 1.542272512188288300, -18.26216530367909400, 8.426333727404594900 ) ) ;
#56 = VECTOR ( 'NONE', #350, 100.0000000000000100 ) ;
#57 = CARTESIAN_POINT ( 'NONE',  ( 1.317370186654198000, -17.10861597542181300, 8.073683491962189200 ) ) ;
#58 = CARTESIAN_POINT ( 'NONE',  ( 3.706517362680952700, -18.57908806140539300, 7.248662750288176000 ) ) ;
#59 = CARTESIAN_POINT ( 'NONE',  ( 3.474534312843196900, -17.30300132417312800, 6.799999999998078700 ) ) ;
#60 = CARTESIAN_POINT ( 'NONE',  ( 2.783477387617549600, -18.83946495512006800, 7.990266437971330400 ) ) ;
#61 = CARTESIAN_POINT ( 'NONE',  ( 3.818849532838999300, -19.32984810955000300, 6.488001347711999300 ) ) ;
#62 = EDGE_CURVE ( 'NONE', #909, #876, #3605, .T. ) ;
#63 = DIRECTION ( 'NONE',  ( 1.000000000000000000, 0.0000000000000000000, 0.0000000000000000000 ) ) ;
#64 = CARTESIAN_POINT ( 'NONE',  ( 1.722290445152650200, -16.71704045100417700, 8.258634235814039200 ) ) ;
#65 = CARTESIAN_POINT ( 'NONE',  ( 2.948478020225635100, -19.57114744546447200, 6.616375792929636300 ) ) ;
#66 = CARTESIAN_POINT ( 'NONE',  ( 1.570079796813879100, -16.63610861368280800, 8.298830000683258500 ) ) ;
#67 = CARTESIAN_POINT ( 'NONE',  ( 2.094541576803920600, -17.45513310038667100, 7.485796043609363800 ) ) ;
#68 = B_SPLINE_CURVE_WITH_KNOTS ( 'NONE', 3,
 ( #6004, #2223, #3330, #28, #3884, #580, #4449, #1135, #5002, #1691, #5558, #2243, #6114, #2796, #6674, #3350, #51, #3905, #604, #4473, #1156, #5024, #1714, #5583, #2264, #6135, #2817, #6697, #3373, #76, #3928, #627, #4495, #1178, #5049, #1737, #5605, #2287, #6159, #2840, #6723, #3397, #100 ),
 .UNSPECIFIED., .F., .F.,
 ( 4, 2, 2, 2, 2, 2, 2, 2, 1, 2, 2, 2, 2, 2, 2, 2, 2, 2, 2, 2, 2, 4 ),
 ( 3.103167691559091400E-017, 0.001558163030075284700, 0.002337244545112911400, 0.003116326060150538600, 0.004674489090225776100, 0.006232652120301013900, 0.007790815150376250900, 0.008569896665413863400, 0.009348978180451475800, 0.01012805969548909000, 0.01090714121052670200, 0.01246530424060189400, 0.01402346727067708600, 0.01558163030075228000, 0.01636071181578991100, 0.01713979333082754300, 0.01869795636090273300, 0.02025611939097792300, 0.02103520090601552300, 0.02181428242105311700, 0.02337244545112830700, 0.02493060848120349700 ),
 .UNSPECIFIED. ) ;
#69 = CARTESIAN_POINT ( 'NONE',  ( 3.408005960863608900, -18.79777003755612300, 7.487791674622909200 ) ) ;
#71 = CARTESIAN_POINT ( 'NONE',  ( 2.086336118580454100, -18.60350934250492500, 8.350823752308480500 ) ) ;
#70 = CARTESIAN_POINT ( 'NONE',  ( 3.723198441996600200, -17.53833927017762300, 7.026503489329876100 ) ) ;
#73 = CARTESIAN_POINT ( 'NONE',  ( 2.337689880783351700, -18.33961401549710900, 9.139671381869071400 ) ) ;
#72 = CARTESIAN_POINT ( 'NONE',  ( 2.060347554539331900, -17.89881655634195200, 7.186180252606945400 ) ) ;
#74 = CARTESIAN_POINT ( 'NONE',  ( 2.822084280399084700, -17.18573495928660900, 6.500000004822116900 ) ) ;
#75 = CARTESIAN_POINT ( 'NONE',  ( 2.274642862904357800, -17.17349134890421400, 7.647688194512452900 ) ) ;
#76 = CARTESIAN_POINT ( 'NONE',  ( 2.303434766808327700, -18.46766654274190600, 6.500000021451625400 ) ) ;
#77 = CARTESIAN_POINT ( 'NONE',  ( 2.740839525905340400, -17.31014885051638800, 6.500000013181182400 ) ) ;
#78 = CARTESIAN_POINT ( 'NONE',  ( 3.670585700335752500, -18.22769863130703200, 7.938612208105415600 ) ) ;
#79 = CARTESIAN_POINT ( 'NONE',  ( 1.778169844724313900, -18.38759414029304300, 8.227436248049450300 ) ) ;
#80 = CARTESIAN_POINT ( 'NONE',  ( 1.920164774234401900, -18.38043349610853000, 9.057306431834906100 ) ) ;
#81 = CARTESIAN_POINT ( 'NONE',  ( 2.168655712249366400, -17.36367629666261100, 9.655442653878568000 ) ) ;
#82 = CARTESIAN_POINT ( 'NONE',  ( 1.088344147603848700, -17.72714388095395300, 8.281550998206592200 ) ) ;
#83 = CARTESIAN_POINT ( 'NONE',  ( 3.852126367595144300, -17.84949429886377100, 7.217320666729469800 ) ) ;
#84 = CARTESIAN_POINT ( 'NONE',  ( 2.736865465749921200, -17.20932571963999500, 6.799999999998172800 ) ) ;
#85 = CARTESIAN_POINT ( 'NONE',  ( 3.408474295484992000, -18.48604774581181700, 8.184078876994087500 ) ) ;
#86 = CARTESIAN_POINT ( 'NONE',  ( 4.171976086477999800, -19.01379278012999700, 6.612376242486998700 ) ) ;
#87 = CARTESIAN_POINT ( 'NONE',  ( 1.391067290883587700, -17.28122918648653800, 8.034534058508887400 ) ) ;
#88 = CARTESIAN_POINT ( 'NONE',  ( 4.516380241678999300, -18.34368545063000200, 6.899230593224002600 ) ) ;
#89 = CARTESIAN_POINT ( 'NONE',  ( 1.313031335773619200, -17.03959673428841600, 8.085963420504473500 ) ) ;
#90 = AXIS2_PLACEMENT_3D ( 'NONE', #3308, #1575, #4425 ) ;
#91 = CARTESIAN_POINT ( 'NONE',  ( 1.934836069348859800, -18.12541284437881500, 7.542201568489237400 ) ) ;
#92 = CARTESIAN_POINT ( 'NONE',  ( 3.818629670265191800, -18.17683449265366800, 7.504630888821934900 ) ) ;
#94 = CARTESIAN_POINT ( 'NONE',  ( 2.673049228033454100, -18.51792774342700600, 8.801667685471867800 ) ) ;
#93 = CARTESIAN_POINT ( 'NONE',  ( 3.080026630630323200, -17.17082845422668300, 6.961724881136517800 ) ) ;
#96 = CARTESIAN_POINT ( 'NONE',  ( 2.766002493942569400, -17.74672320874125100, 9.273771617285707000 ) ) ;
#95 = CARTESIAN_POINT ( 'NONE',  ( 2.237376315811013100, -18.60622825438450800, 7.332398277736222900 ) ) ;
#97 = CARTESIAN_POINT ( 'NONE',  ( 3.377917210590895900, -17.25200653663734600, 6.499999995295541000 ) ) ;
#98 = EDGE_LOOP ( 'NONE', ( #3061, #7108, #307, #2543 ) ) ;
#99 = CARTESIAN_POINT ( 'NONE',  ( 1.909030196189901700, -17.75421117024406600, 7.562159774259226800 ) ) ;
#100 = CARTESIAN_POINT ( 'NONE',  ( 2.290248209206304800, -17.69261828652439700, 6.500000021700954800 ) ) ;
#101 = CARTESIAN_POINT ( 'NONE',  ( 3.423596653819803500, -17.38977932529256900, 6.500000000271620100 ) ) ;
#102 = CARTESIAN_POINT ( 'NONE',  ( 3.600470023043824700, -17.50468350440241100, 7.779172444357379300 ) ) ;
#103 = CARTESIAN_POINT ( 'NONE',  ( 3.793228353883247600, -18.49176699722021800, 6.109137163900562900 ) ) ;
#104 = CARTESIAN_POINT ( 'NONE',  ( 2.247583776259320500, -18.55452526759142600, 8.781242207218085100 ) ) ;
#105 = CARTESIAN_POINT ( 'NONE',  ( 2.404587506520730500, -17.95227167179521600, 9.424866207713586500 ) ) ;
#106 = VERTEX_POINT ( 'NONE', #336 ) ;
#107 = CARTESIAN_POINT ( 'NONE',  ( 2.284828760091462700, -16.77354454408634500, 9.216251369159849100 ) ) ;
#108 = CARTESIAN_POINT ( 'NONE',  ( 1.083163683094467500, -18.07011309697143600, 8.941600047685772900 ) ) ;
#109 = CARTESIAN_POINT ( 'NONE',  ( 3.402825618123893400, -17.26487313485804300, 7.119002818971741100 ) ) ;
#110 = CARTESIAN_POINT ( 'NONE',  ( 3.616729128445486100, -17.77615014181380500, 8.109049597028363400 ) ) ;
#111 = CARTESIAN_POINT ( 'NONE',  ( 4.343091859837999300, -18.74714020192999400, 6.736751137261000700 ) ) ;
#112 = CARTESIAN_POINT ( 'NONE',  ( 3.508967831296319100, -18.85429575694676200, 6.900000000000000400 ) ) ;
#113 = CARTESIAN_POINT ( 'NONE',  ( 1.180297284998954100, -17.91291047904353600, 8.367866978949937400 ) ) ;
#114 = CARTESIAN_POINT ( 'NONE',  ( 4.776791607903001100, -17.91591745575999900, 6.880997255274000000 ) ) ;
#115 = CARTESIAN_POINT ( 'NONE',  ( 1.991568899137037900, -18.10010765876701200, 9.435842670412061000 ) ) ;
#116 = CARTESIAN_POINT ( 'NONE',  ( 2.272190089444047400, -18.70232965172601800, 7.870547568874378000 ) ) ;
#117 = TOROIDAL_SURFACE ( 'NONE', #3045, 2.200000000004172400, 0.7999999999998843600 ) ;
#118 = CARTESIAN_POINT ( 'NONE',  ( 3.634825549012670600, -17.46582027180634000, 7.387051016050310900 ) ) ;
#120 = CARTESIAN_POINT ( 'NONE',  ( 3.120583244576192500, -17.93525713813999900, 8.916394954406889900 ) ) ;
#119 = CARTESIAN_POINT ( 'NONE',  ( 2.377554873102233100, -17.41060143127108600, 6.917308710531294500 ) ) ;
#122 = CARTESIAN_POINT ( 'NONE',  ( 2.822555520613204900, -17.09105902643040800, 8.927369603134387400 ) ) ;
#121 = CARTESIAN_POINT ( 'NONE',  ( 2.876908950499502500, -18.92074349043667800, 7.545649443501860200 ) ) ;
#123 = CARTESIAN_POINT ( 'NONE',  ( 3.781537291355627300, -17.62553308339975900, 6.499999993204998100 ) ) ;
#124 = CARTESIAN_POINT ( 'NONE',  ( 1.980461241120267100, -18.44409378836637000, 7.833105179232003200 ) ) ;
#125 = CARTESIAN_POINT ( 'NONE',  ( 3.798731599500868600, -18.04883614982296100, 6.499999993178565000 ) ) ;
#126 = CARTESIAN_POINT ( 'NONE',  ( 3.026412090962295100, -17.11679080014221600, 7.505469646806917100 ) ) ;
#127 = CARTESIAN_POINT ( 'NONE',  ( 3.892933770295816700, -18.16957756803435900, 6.109137163900562900 ) ) ;
#128 = CARTESIAN_POINT ( 'NONE',  ( 2.785320517359762600, -18.15471100460443000, 9.103850131147252600 ) ) ;
#129 = ORIENTED_EDGE ( 'NONE', *, *, #2512, .T. ) ;
#130 = CARTESIAN_POINT ( 'NONE',  ( 2.667261855734114600, -17.27130943785553500, 9.282575313138773200 ) ) ;
#131 = EDGE_LOOP ( 'NONE', ( #5316, #1481, #4456 ) ) ;
#132 = CARTESIAN_POINT ( 'NONE',  ( 2.053021852355534800, -16.62476032725200500, 8.525218302955446200 ) ) ;
#133 = CARTESIAN_POINT ( 'NONE',  ( 1.364601170413885200, -17.87403234554285800, 9.601649097163983600 ) ) ;
#134 = CARTESIAN_POINT ( 'NONE',  ( 2.666906916823845300, -17.21930193829837900, 7.020684971214984100 ) ) ;
#135 = CARTESIAN_POINT ( 'NONE',  ( 0.1161434838819702400, -15.74919485745164800, 9.727555812183791100 ) ) ;
#136 = CARTESIAN_POINT ( 'NONE',  ( 3.263146445531222500, -17.19060440138235900, 7.814206914940588600 ) ) ;
#137 = CARTESIAN_POINT ( 'NONE',  ( 3.787604225084269900, -18.50217878438656900, 6.500000006094921900 ) ) ;
#138 = CARTESIAN_POINT ( 'NONE',  ( 5.008083137883000200, -17.50479251480999900, 6.861126051024999800 ) ) ;
#139 = CARTESIAN_POINT ( 'NONE',  ( 1.303166945367962200, -18.16750509216578300, 9.055950777718303300 ) ) ;
#140 = CARTESIAN_POINT ( 'NONE',  ( 5.020862306539299900, -17.47944842878000000, 6.852446001638699400 ) ) ;
#141 = CARTESIAN_POINT ( 'NONE',  ( 2.384581971085195700, -17.47848632502956400, 9.545710175718646400 ) ) ;
#142 = CARTESIAN_POINT ( 'NONE',  ( 2.927610014256064800, -18.75227272853744900, 8.218198051535614100 ) ) ;
#143 = CARTESIAN_POINT ( 'NONE',  ( 2.985411414330405100, -17.14605094900842600, 7.215567063118258200 ) ) ;
#145 = CARTESIAN_POINT ( 'NONE',  ( 3.127484361046196900, -17.25319256687529900, 8.620036361793122400 ) ) ;
#144 = CARTESIAN_POINT ( 'NONE',  ( 2.096937741257017200, -18.04154308548825400, 6.880927988960210400 ) ) ;
#147 = CARTESIAN_POINT ( 'NONE',  ( 2.465943837960575400, -16.81878454387192400, 8.332717440324792300 ) ) ;
#146 = CARTESIAN_POINT ( 'NONE',  ( 3.546868425906885700, -18.62506520452289400, 7.681182832626054900 ) ) ;
#148 = CARTESIAN_POINT ( 'NONE',  ( 3.891083766997674300, -18.19325842785363200, 6.499999999555649700 ) ) ;
#149 = CARTESIAN_POINT ( 'NONE',  ( 2.507448485925820100, -18.74982817446261800, 8.259416539422149500 ) ) ;
#150 = CARTESIAN_POINT ( 'NONE',  ( 1.476617113737981500, -17.39342906736965600, 9.847190692750643800 ) ) ;
#151 = CARTESIAN_POINT ( 'NONE',  ( 2.307786142108411400, -17.66782009504618100, 6.798716799893473900 ) ) ;
#152 = CARTESIAN_POINT ( 'NONE',  ( 2.342637373285775000, -17.33039987640705700, 7.305465008487213500 ) ) ;
#153 = CARTESIAN_POINT ( 'NONE',  ( 3.859117336088862900, -17.80603762379175900, 5.318274327801128200 ) ) ;
#154 = CARTESIAN_POINT ( 'NONE',  ( 3.027355780075411800, -17.46277477371295800, 8.978961138647635600 ) ) ;
#155 = CARTESIAN_POINT ( 'NONE',  ( 2.527531633318851300, -16.79947106765626300, 8.723414555997820200 ) ) ;
#156 = CARTESIAN_POINT ( 'NONE',  ( 1.632606999885886300, -17.01450562098248300, 8.051403822852304200 ) ) ;
#157 = CARTESIAN_POINT ( 'NONE',  ( 1.743157289190388600, -17.26829876052011100, 9.812061681782626700 ) ) ;
#158 = CARTESIAN_POINT ( 'NONE',  ( 2.170415112190379900, -17.69561577362346600, 6.950974033428666500 ) ) ;
#159 = CARTESIAN_POINT ( 'NONE',  ( 2.911705014101372100, -16.55994628491693600, 6.849127379545574700 ) ) ;
#160 = CARTESIAN_POINT ( 'NONE',  ( 2.590543724353797600, -17.13152506968102900, 7.502029514830087300 ) ) ;
#161 = CARTESIAN_POINT ( 'NONE',  ( 0.9477389501497738300, -17.97385531885818800, 8.744250681490642700 ) ) ;
#162 = EDGE_CURVE ( 'NONE', #230, #4856, #2021, .T. ) ;
#163 = CARTESIAN_POINT ( 'NONE',  ( 5.073221746093001800, -17.24049298201999400, 6.488001347711999300 ) ) ;
#164 = CARTESIAN_POINT ( 'NONE',  ( 1.674053857112439000, -17.87581134993555000, 9.630927560123106800 ) ) ;
#165 = CARTESIAN_POINT ( 'NONE',  ( 2.467543729989816600, -16.87069581688751900, 9.123396676303311600 ) ) ;
#166 = CARTESIAN_POINT ( 'NONE',  ( 3.455600094889267600, -18.24553298469419400, 8.350000000000672900 ) ) ;
#167 = CARTESIAN_POINT ( 'NONE',  ( 2.309171676965307000, -17.43838996040592400, 7.106579141585391400 ) ) ;
#169 = CARTESIAN_POINT ( 'NONE',  ( 2.685637562596543400, -16.93559776933848200, 8.111291404011430100 ) ) ;
#168 = CARTESIAN_POINT ( 'NONE',  ( 2.382744350402210600, -18.72851134775260100, 6.914414752997724500 ) ) ;
#170 = CARTESIAN_POINT ( 'NONE',  ( 1.941065042651015900, -17.11688008071251900, 7.898183369743648500 ) ) ;
#171 = CARTESIAN_POINT ( 'NONE',  ( 2.205347166426888900, -17.64747559349452600, 6.799999999999625900 ) ) ;
#172 = CARTESIAN_POINT ( 'NONE',  ( 3.130257007795084000, -18.46769750366116400, 8.551721648061589000 ) ) ;
#173 = CARTESIAN_POINT ( 'NONE',  ( 1.120171165869222200, -17.91800510184038200, 9.458993942167284200 ) ) ;
#174 = CARTESIAN_POINT ( 'NONE',  ( 2.735554870122246300, -17.31487346339367800, 6.799188865337603400 ) ) ;
#175 = CARTESIAN_POINT ( 'NONE',  ( 2.031272735689266400, -17.94499279181614800, 7.268057446204115200 ) ) ;
#176 = CARTESIAN_POINT ( 'NONE',  ( 3.420516669842398100, -17.27427963390573500, 4.527411491701691700 ) ) ;
#177 = CARTESIAN_POINT ( 'NONE',  ( 2.806520106272424500, -16.94781187005141000, 8.488184664065350700 ) ) ;
#178 = CARTESIAN_POINT ( 'NONE',  ( 2.081354423716959000, -16.86078431602930600, 8.131378999367036900 ) ) ;
#179 = CARTESIAN_POINT ( 'NONE',  ( 1.356963012116754600, -17.64809154280981200, 8.077820582596922700 ) ) ;
#180 = CARTESIAN_POINT ( 'NONE',  ( 1.958864438244724200, -16.66889057932020200, 9.428340190307665100 ) ) ;
#181 = CARTESIAN_POINT ( 'NONE',  ( 2.170074525829592800, -18.43918437324122600, 6.991738089412577600 ) ) ;
#182 = CARTESIAN_POINT ( 'NONE',  ( 2.076790581796208000, -18.13704636942020800, 6.109137163900562900 ) ) ;
#183 = CARTESIAN_POINT ( 'NONE',  ( 2.097804258349519600, -17.59029401496463400, 7.349403740262761000 ) ) ;
#184 = CARTESIAN_POINT ( 'NONE',  ( -0.5321148228810624900, -17.01118484988568400, 9.841493579282556000 ) ) ;
#185 = CARTESIAN_POINT ( 'NONE',  ( 5.041660403532001800, -17.02004604205999500, 6.612376248815998300 ) ) ;
#186 = CARTESIAN_POINT ( 'NONE',  ( 2.042225190358207200, -17.23230347623444200, 9.700237203330788200 ) ) ;
#187 = CARTESIAN_POINT ( 'NONE',  ( 0.9984806753445686400, -17.72653646413983400, 8.339849240340452500 ) ) ;
#188 = CARTESIAN_POINT ( 'NONE',  ( 2.183481461945886900, -16.69412693212241200, 8.458919482528006700 ) ) ;
#189 = PRESENTATION_LAYER_ASSIGNMENT (  '', '', ( #6997 ) ) ;
#190 = CARTESIAN_POINT ( 'NONE',  ( 3.495497368629438800, -17.52299704884164900, 8.174495406349164400 ) ) ;
#191 = CARTESIAN_POINT ( 'NONE',  ( 2.073264541366319800, -18.08807543597863800, 7.087046910985529600 ) ) ;
#192 = ORIENTED_EDGE ( 'NONE', *, *, #3322, .T. ) ;
#194 = CARTESIAN_POINT ( 'NONE',  ( 2.098474352733072900, -17.20057609551502900, 7.739532868150828200 ) ) ;
#193 = CARTESIAN_POINT ( 'NONE',  ( 3.087141508159762600, -18.96386178464252800, 6.957080325302802800 ) ) ;
#195 = CARTESIAN_POINT ( 'NONE',  ( 1.645590691776495300, -17.73992201144350000, 7.873926550698039200 ) ) ;
#196 = CARTESIAN_POINT ( 'NONE',  ( 3.857339009696763900, -18.37462885605829000, 6.799999999999902100 ) ) ;
#197 = CARTESIAN_POINT ( 'NONE',  ( 3.425361600241981600, -17.78533935473661400, 8.509859140301065500 ) ) ;
#198 = CARTESIAN_POINT ( 'NONE',  ( 0.9500351588914676100, -17.96672635779252400, 8.736767921309075600 ) ) ;
#199 = CARTESIAN_POINT ( 'NONE',  ( 2.241301492696046200, -18.63384560562272400, 7.453260494228495700 ) ) ;
#200 = CARTESIAN_POINT ( 'NONE',  ( 2.486557049145937400, -17.28320860111360700, 6.900000000000000400 ) ) ;
#201 = CARTESIAN_POINT ( 'NONE',  ( 2.274469003617448000, -16.96346515955436700, 7.968553914589661800 ) ) ;
#202 = CARTESIAN_POINT ( 'NONE',  ( 1.688533880052032400, -17.37268109472253000, 7.886587718449551900 ) ) ;
#203 = CARTESIAN_POINT ( 'NONE',  ( 1.336579396273283300, -18.17225557456372100, 8.606563195383056800 ) ) ;
#204 = CARTESIAN_POINT ( 'NONE',  ( 3.205667940728764700, -18.04592946785277300, 8.788912471151148200 ) ) ;
#205 = CARTESIAN_POINT ( 'NONE',  ( 1.867160997841418100, -16.48094681961667300, 8.714440227239997200 ) ) ;
#206 = CARTESIAN_POINT ( 'NONE',  ( 2.727323947331719900, -18.92474280228263700, 7.075885453126153000 ) ) ;
#207 = CARTESIAN_POINT ( 'NONE',  ( 2.356111809429307000, -18.74695162175742500, 5.318274327801128200 ) ) ;
#208 = CARTESIAN_POINT ( 'NONE',  ( 2.023752534374853700, -18.31885702055487600, 7.478410468452644000 ) ) ;
#209 = CARTESIAN_POINT ( 'NONE',  ( 3.794652833575488300, -18.49252440650396800, 6.799999999999903000 ) ) ;
#210 = CARTESIAN_POINT ( 'NONE',  ( 4.931768322310001700, -16.82542929954999500, 6.736751149921000900 ) ) ;
#211 = CARTESIAN_POINT ( 'NONE',  ( 2.154844935912721700, -16.67890062113914200, 9.216282374239115800 ) ) ;
#212 = CARTESIAN_POINT ( 'NONE',  ( 0.9813312437032234400, -18.01596782849769300, 9.024587021667651100 ) ) ;
#213 = CARTESIAN_POINT ( 'NONE',  ( 1.727237142569569600, -17.06482136036711200, 8.003313330656990100 ) ) ;
#214 = CARTESIAN_POINT ( 'NONE',  ( 3.019902995427852700, -17.08085537912504400, 7.812209355091632700 ) ) ;
#215 = ORIENTED_EDGE ( 'NONE', *, *, #297, .F. ) ;
#216 = CARTESIAN_POINT ( 'NONE',  ( 2.394380904000956700, -18.74771384593679000, 7.209529932749355800 ) ) ;
#218 = CARTESIAN_POINT ( 'NONE',  ( 1.798856848609276400, -17.82141507258655400, 7.710155180778787800 ) ) ;
#217 = CARTESIAN_POINT ( 'NONE',  ( 3.730753020140537700, -18.59197438905969700, 6.980013086033741500 ) ) ;
#219 = CARTESIAN_POINT ( 'NONE',  ( 1.703011065603525600, -18.34763150856210200, 8.298862575444280400 ) ) ;
#220 = CARTESIAN_POINT ( 'NONE',  ( 0.9837142238550058400, -19.19065316233728800, 6.849127384410598700 ) ) ;
#221 = CARTESIAN_POINT ( 'NONE',  ( 3.190103716250146400, -17.17135270766149800, 8.162577450473177600 ) ) ;
#222 = CARTESIAN_POINT ( 'NONE',  ( 1.083552049315482900, -17.50271635516810100, 8.169917155340664600 ) ) ;
#223 = CARTESIAN_POINT ( 'NONE',  ( 4.285252194581699000, -18.75436742668591000, 6.899999997794734200 ) ) ;
#224 = CARTESIAN_POINT ( 'NONE',  ( 1.845545353330520200, -17.45616557594428600, 7.745978388781761500 ) ) ;
#225 = VECTOR ( 'NONE', #6726, 100.0000000000000100 ) ;
#226 = CARTESIAN_POINT ( 'NONE',  ( 1.518380457855669000, -18.05014592096922500, 8.141731825005267700 ) ) ;
#227 = CARTESIAN_POINT ( 'NONE',  ( 1.650858799771824300, -18.20017672205373300, 9.280235520123177700 ) ) ;
#228 = CARTESIAN_POINT ( 'NONE',  ( 3.235058597030402000, -17.34745505018161500, 8.535535037196060800 ) ) ;
#229 = CARTESIAN_POINT ( 'NONE',  ( 1.528135184972193600, -16.83568578988807500, 8.154124302306197300 ) ) ;
#230 = VERTEX_POINT ( 'NONE', #1441 ) ;
#231 = CARTESIAN_POINT ( 'NONE',  ( 3.461187400371803500, -18.82604711053267400, 7.146200697464025500 ) ) ;
#232 = EDGE_CURVE ( 'NONE', #5489, #6850, #4894, .T. ) ;
#233 = CARTESIAN_POINT ( 'NONE',  ( 2.993062121683849300, -19.01184856793388900, 4.527411491701691700 ) ) ;
#234 = CARTESIAN_POINT ( 'NONE',  ( 2.492476333029462600, -18.81288734363747700, 7.779548101259783800 ) ) ;
#235 = CARTESIAN_POINT ( 'NONE',  ( 3.539915546990207500, -18.66054206487490700, 6.800467177243533000 ) ) ;
#236 = CARTESIAN_POINT ( 'NONE',  ( 4.758055217943999400, -16.68352802372999800, 6.861126051024999800 ) ) ;
#237 = CARTESIAN_POINT ( 'NONE',  ( 1.937749149818826200, -16.58899904176767800, 8.510460151630796900 ) ) ;
#238 = CARTESIAN_POINT ( 'NONE',  ( 1.246805564278136600, -17.75958053555688900, 9.671302395365206200 ) ) ;
#239 = CARTESIAN_POINT ( 'NONE',  ( 1.453444355438822100, -17.69939158303378000, 8.024916935597222100 ) ) ;
#240 = CARTESIAN_POINT ( 'NONE',  ( 2.354272157402198800, -17.21583099582564500, 7.509475780438723500 ) ) ;
#241 = CARTESIAN_POINT ( 'NONE',  ( 3.099642494084673400, -18.93344442933377200, 7.356107299832999000 ) ) ;
#243 = CARTESIAN_POINT ( 'NONE',  ( 1.916922255721067000, -18.46137010588631000, 8.070289422893523600 ) ) ;
#242 = CARTESIAN_POINT ( 'NONE',  ( 3.874669002844435300, -17.86148043064081700, 6.967437972140653600 ) ) ;
#244 = CARTESIAN_POINT ( 'NONE',  ( 2.143265460369158300, -18.49905823513722700, 8.880379982887294700 ) ) ;
#245 = DIRECTION ( 'NONE',  ( -7.555639549250113500E-016, 1.000000000000000000, 0.0000000000000000000 ) ) ;
#246 = CARTESIAN_POINT ( 'NONE',  ( 2.587590323917700300, -17.04025431009574400, 7.746979966033834800 ) ) ;
#247 = CARTESIAN_POINT ( 'NONE',  ( 1.650174257556680900, -16.53304130671854100, 8.425481302445986000 ) ) ;
#248 = CARTESIAN_POINT ( 'NONE',  ( 1.712260148387313700, -18.15323358103315200, 7.968105702323772000 ) ) ;
#249 = CARTESIAN_POINT ( 'NONE',  ( 1.762776127911888300, -18.42489886228818100, 8.737309228999780700 ) ) ;
#250 = CARTESIAN_POINT ( 'NONE',  ( 2.084781876034622600, -17.71679600748834500, 9.642334641269842500 ) ) ;
#251 = CARTESIAN_POINT ( 'NONE',  ( 2.796720057341709300, -16.97520213884210300, 8.064135481108643000 ) ) ;
#252 = CARTESIAN_POINT ( 'NONE',  ( 1.228956498440180600, -17.45675809041197400, 8.100103809340133400 ) ) ;
#253 = CARTESIAN_POINT ( 'NONE',  ( 3.873113151778830000, -18.20580387364495300, 7.154676734489696900 ) ) ;
#254 = CARTESIAN_POINT ( 'NONE',  ( 3.793228353883247600, -18.49176699722021800, 6.900000000000000400 ) ) ;
#255 = CARTESIAN_POINT ( 'NONE',  ( 3.182086783660043100, -18.73311724653409600, 8.046014993848292100 ) ) ;
#256 = CARTESIAN_POINT ( 'NONE',  ( 3.233973278080236800, -18.83518315840138900, 6.800340121340177300 ) ) ;
#257 = CARTESIAN_POINT ( 'NONE',  ( 4.493296993593001600, -16.62006719278000200, 6.488001347711999300 ) ) ;
#258 = CARTESIAN_POINT ( 'NONE',  ( 1.536272604273920500, -17.02743223373046900, 8.061869506856311300 ) ) ;
#259 = CARTESIAN_POINT ( 'NONE',  ( 1.612593224236439800, -17.13344462146974600, 9.835873509990639400 ) ) ;
#260 = CARTESIAN_POINT ( 'NONE',  ( 1.472983243777777500, -18.24478278679713800, 8.531768828417313000 ) ) ;
#261 = CARTESIAN_POINT ( 'NONE',  ( 1.981088443146916700, -17.79252521978046200, 7.430918210625618400 ) ) ;
#262 = CARTESIAN_POINT ( 'NONE',  ( 3.711589520435781600, -18.51507274232460500, 7.427114729345568400 ) ) ;
#264 = CARTESIAN_POINT ( 'NONE',  ( 2.440168302115163000, -18.65692427638175500, 8.563126741007467400 ) ) ;
#263 = CARTESIAN_POINT ( 'NONE',  ( 3.420057365230878300, -17.27403541731920500, 6.927990749976772600 ) ) ;
#265 = CARTESIAN_POINT ( 'NONE',  ( 3.699892257011119200, -18.45414134717827900, 6.498999859684976100 ) ) ;
#266 = CARTESIAN_POINT ( 'NONE',  ( 2.025418276846289200, -17.48509182304900000, 7.545649367256366700 ) ) ;
#267 = CARTESIAN_POINT ( 'NONE',  ( -0.4147548065085678300, -16.25434266256673500, 8.414070847391194300 ) ) ;
#268 = CARTESIAN_POINT ( 'NONE',  ( 0.01994988899749493300, -17.27291068252474600, 9.616397988143997800 ) ) ;
#269 = CARTESIAN_POINT ( 'NONE',  ( 2.042716505551060500, -18.57374580138273100, 8.486612716032372100 ) ) ;
#270 = CARTESIAN_POINT ( 'NONE',  ( 2.253885916932034200, -18.23958409121467700, 9.264316294371317500 ) ) ;
#271 = ORIENTED_EDGE ( 'NONE', *, *, #232, .F. ) ;
#272 = CARTESIAN_POINT ( 'NONE',  ( 2.343679913965136800, -17.04743909230580800, 9.443778621702096000 ) ) ;
#273 = CARTESIAN_POINT ( 'NONE',  ( 2.185632084059519800, -17.18528309242292800, 7.694149920180345600 ) ) ;
#274 = CARTESIAN_POINT ( 'NONE',  ( 1.091198686573351200, -17.99679479855522900, 8.592357388285002200 ) ) ;
#275 = CARTESIAN_POINT ( 'NONE',  ( 3.680217517613534100, -17.48995560963370400, 7.095492775940141600 ) ) ;
#276 = CARTESIAN_POINT ( 'NONE',  ( 0.7146802495525097500, -16.85487393432385200, 8.290062326434565400 ) ) ;
#277 = CARTESIAN_POINT ( 'NONE',  ( 3.624723162592726800, -18.13788109315074200, 8.097951537893134600 ) ) ;
#278 = CARTESIAN_POINT ( 'NONE',  ( 2.882679679255819600, -18.86150787818148400, 6.800225775034578000 ) ) ;
#279 = CARTESIAN_POINT ( 'NONE',  ( 1.479740364415700100, -19.47810280966669400, 6.900036467719999700 ) ) ;
#280 = CARTESIAN_POINT ( 'NONE',  ( 1.274270215158268300, -17.66324261688656300, 8.133378311011776800 ) ) ;
#281 = CARTESIAN_POINT ( 'NONE',  ( 1.830658045841480500, -16.56365778385051600, 9.410760419024468200 ) ) ;
#282 = CARTESIAN_POINT ( 'NONE',  ( 1.838128012676604900, -18.29974952881553200, 9.177550130468576500 ) ) ;
#283 = CARTESIAN_POINT ( 'NONE',  ( 2.078135968456710900, -18.49602836212660900, 7.655207652099988100 ) ) ;
#284 = CARTESIAN_POINT ( 'NONE',  ( 3.809976760223269900, -17.77990911613472100, 7.373788959512429700 ) ) ;
#286 = CARTESIAN_POINT ( 'NONE',  ( 3.009263800787526800, -18.27378376056104900, 8.850218675283832300 ) ) ;
#285 = CARTESIAN_POINT ( 'NONE',  ( 2.678827775788521000, -17.22564037144366000, 6.888543527813864900 ) ) ;
#287 = CARTESIAN_POINT ( 'NONE',  ( 1.034840745271761800, -19.26303221802749700, 6.500000069431095500 ) ) ;
#288 = CARTESIAN_POINT ( 'NONE',  ( 1.901500356939894700, -18.15950670687457300, 7.636690406112185400 ) ) ;
#289 = CARTESIAN_POINT ( 'NONE',  ( 0.09208860369219661100, -15.90155336565033100, 10.01275770349749900 ) ) ;
#290 = FACE_OUTER_BOUND ( 'NONE', #6546, .T. ) ;
#291 = CARTESIAN_POINT ( 'NONE',  ( 3.784500212487439200, -18.09705194717457400, 7.669785524936263400 ) ) ;
#292 = CARTESIAN_POINT ( 'NONE',  ( -0.6603082831574445000, -16.85035634327380200, 8.777123905708506900 ) ) ;
#293 = CARTESIAN_POINT ( 'NONE',  ( 2.609978596274200100, -18.42892192736769600, 8.945422700824163800 ) ) ;
#294 = CARTESIAN_POINT ( 'NONE',  ( 2.657832917778304400, -17.62377643059750600, 9.367034217025791400 ) ) ;
#295 = ORIENTED_EDGE ( 'NONE', *, *, #3257, .T. ) ;
#296 = CARTESIAN_POINT ( 'NONE',  ( 2.249758661846231100, -16.65177655886298400, 8.820922758683551000 ) ) ;
#297 = EDGE_CURVE ( 'NONE', #5022, #6092, #6177, .T. ) ;
#298 = CARTESIAN_POINT ( 'NONE',  ( 1.853973192661938500, -17.78908536167746100, 7.635177977770207600 ) ) ;
#299 = CARTESIAN_POINT ( 'NONE',  ( 1.271631948046989300, -18.06720256779749800, 9.310282893501863600 ) ) ;
#300 = CARTESIAN_POINT ( 'NONE',  ( 3.017543897819773500, -17.16313609354285700, 7.009176139232418600 ) ) ;
#301 = CARTESIAN_POINT ( 'NONE',  ( 0.4995373498142697800, -16.01390364515822600, 8.665792433491054300 ) ) ;
#302 = CARTESIAN_POINT ( 'NONE',  ( 3.516940694016722700, -17.42867008022154000, 7.898315589099869500 ) ) ;
#303 = CARTESIAN_POINT ( 'NONE',  ( 2.290870944763722800, -18.45129720181994100, 6.799367350074278200 ) ) ;
#304 = CARTESIAN_POINT ( 'NONE',  ( 1.978442882697000000, -19.52360311957999900, 6.889247048010001400 ) ) ;
#305 = CARTESIAN_POINT ( 'NONE',  ( 1.254455406963423500, -18.14160470776590000, 8.702331323344360200 ) ) ;
#306 = CARTESIAN_POINT ( 'NONE',  ( 1.751306119927149800, -16.43880492897067200, 8.680988625978839600 ) ) ;
#307 = ORIENTED_EDGE ( 'NONE', *, *, #3573, .F. ) ;
#308 = CARTESIAN_POINT ( 'NONE',  ( 2.299391241461475200, -17.83090583120926500, 9.524657816710384100 ) ) ;
#309 = CARTESIAN_POINT ( 'NONE',  ( 2.645428737524508500, -18.82319357562135700, 8.008109510246530500 ) ) ;
#310 = CARTESIAN_POINT ( 'NONE',  ( 3.332244734621089100, -17.22734461340428100, 7.233132999291753700 ) ) ;
#312 = CARTESIAN_POINT ( 'NONE',  ( 3.239159362805653900, -17.57539273631111600, 8.739078744218568700 ) ) ;
#311 = CARTESIAN_POINT ( 'NONE',  ( 2.177693008688210700, -17.69948549983423500, 6.837815467125760300 ) ) ;
#313 = CARTESIAN_POINT ( 'NONE',  ( 1.777999513885707400, -16.74666148827622800, 9.634324112569963500 ) ) ;
#314 = CARTESIAN_POINT ( 'NONE',  ( 0.9741252086530107800, -18.68313391725326200, 6.500000061976561700 ) ) ;
#315 = CARTESIAN_POINT ( 'NONE',  ( 2.258590906860284500, -18.69509883808307300, 8.009446192400803400 ) ) ;
#316 = CARTESIAN_POINT ( 'NONE',  ( 3.859117336088862900, -17.80603762379175900, 6.900000000000000400 ) ) ;
#317 = CARTESIAN_POINT ( 'NONE',  ( 3.565528590887239600, -17.40344412791753500, 7.514420859246177600 ) ) ;
#318 = CARTESIAN_POINT ( 'NONE',  ( 3.028768294211929400, -17.82100626878539300, 9.034848463072052000 ) ) ;
#320 = CARTESIAN_POINT ( 'NONE',  ( 2.698766364832427800, -16.99363907264761800, 8.972202594628669200 ) ) ;
#319 = CARTESIAN_POINT ( 'NONE',  ( 2.890397751113838300, -18.89631552082840900, 7.706707578178839700 ) ) ;
#321 = CARTESIAN_POINT ( 'NONE',  ( 1.869219457898526200, -16.79516399286622900, 8.198066895665975900 ) ) ;
#322 = CARTESIAN_POINT ( 'NONE',  ( 1.952863179547665900, -18.45494993640009800, 7.951398379295361500 ) ) ;
#323 = CARTESIAN_POINT ( 'NONE',  ( 2.332876994540892900, -17.45099430134170900, 6.954316948809314200 ) ) ;
#324 = CARTESIAN_POINT ( 'NONE',  ( 0.1152739502470103600, -15.74873251821679300, 9.727729460361459200 ) ) ;
#325 = CARTESIAN_POINT ( 'NONE',  ( 2.932757333038508800, -17.09252397970157800, 7.584204069543526200 ) ) ;
#326 = CARTESIAN_POINT ( 'NONE',  ( 1.272166432376368000, -17.15129459575297900, 8.178730854216985000 ) ) ;
#327 = CARTESIAN_POINT ( 'NONE',  ( 2.697434749151153000, -18.04254931846069700, 9.228148701442725300 ) ) ;
#328 = CARTESIAN_POINT ( 'NONE',  ( 2.477510350022000400, -19.55847025259999900, 6.860127676785998200 ) ) ;
#329 = CARTESIAN_POINT ( 'NONE',  ( 1.551719279015169300, -18.11039905638726600, 9.383206381303901700 ) ) ;
#330 = CARTESIAN_POINT ( 'NONE',  ( 1.429031163027671100, -16.84462683758524900, 8.147717702807106800 ) ) ;
#331 = CARTESIAN_POINT ( 'NONE',  ( 2.543297384791635800, -17.15357758426920400, 9.334322307683690300 ) ) ;
#332 = CARTESIAN_POINT ( 'NONE',  ( 3.295873188783565900, -18.55575718912932000, 8.250080580260970500 ) ) ;
#333 = CARTESIAN_POINT ( 'NONE',  ( 2.599368942584540300, -17.23521013559475500, 7.100287442412928300 ) ) ;
#335 = CARTESIAN_POINT ( 'NONE',  ( 2.970618287656900500, -17.03506442081264200, 8.302331978456631800 ) ) ;
#334 = CARTESIAN_POINT ( 'NONE',  ( 2.179317505815853400, -18.44409895287685300, 6.848025910498877900 ) ) ;
#336 = CARTESIAN_POINT ( 'NONE',  ( 1.508681673649872900, -19.47577440316453600, 6.899999997794818500 ) ) ;
#337 = CARTESIAN_POINT ( 'NONE',  ( 3.566939040764477700, -18.64608952300622100, 6.700014895513881200 ) ) ;
#338 = CARTESIAN_POINT ( 'NONE',  ( 2.902299408609473100, -18.69164100184550400, 8.382201978688447900 ) ) ;
#339 = CARTESIAN_POINT ( 'NONE',  ( 3.158369799148427000, -18.98565001706517600, 6.500000025164581500 ) ) ;
#340 = CARTESIAN_POINT ( 'NONE',  ( 2.904194181005126400, -17.13446707215207400, 7.301807071902609400 ) ) ;
#341 = CARTESIAN_POINT ( 'NONE',  ( 3.012648736086007300, -17.16053328987645400, 8.691109825451084300 ) ) ;
#343 = CARTESIAN_POINT ( 'NONE',  ( 2.348575841934570800, -16.78190917107717400, 8.350965980531873000 ) ) ;
#342 = CARTESIAN_POINT ( 'NONE',  ( 3.532804623481189400, -18.55215535384976600, 7.854347805274978900 ) ) ;
#344 = CARTESIAN_POINT ( 'NONE',  ( 1.514955847944278600, -17.34710190075095300, 7.978200123148276600 ) ) ;
#345 = CARTESIAN_POINT ( 'NONE',  ( 2.478434592870518000, -18.70887091620785700, 8.412588914489054700 ) ) ;
#346 = CARTESIAN_POINT ( 'NONE',  ( 2.093859259569234200, -18.09902584188986900, 6.923669777211352500 ) ) ;
#347 = CARTESIAN_POINT ( 'NONE',  ( 1.010194486467999900, -18.61688623138000100, 6.488001347711999300 ) ) ;
#348 = EDGE_CURVE ( 'NONE', #4622, #3984, #1569, .T. ) ;
#349 = CARTESIAN_POINT ( 'NONE',  ( 2.270731660248852100, -17.35380252147556500, 7.368830025071046600 ) ) ;
#350 = DIRECTION ( 'NONE',  ( 0.4699997645168672600, 0.8826665402937223800, 0.0000000000000000000 ) ) ;
#351 = CARTESIAN_POINT ( 'NONE',  ( 2.913534900409300300, -17.35043636327915800, 9.058526330425156200 ) ) ;
#352 = CARTESIAN_POINT ( 'NONE',  ( 4.492824102074460600, -16.62035322575875900, 6.499999976833249700 ) ) ;
#353 = CARTESIAN_POINT ( 'NONE',  ( 1.966017310973533900, -17.58693553490026700, 9.713047124437386200 ) ) ;
#354 = CARTESIAN_POINT ( 'NONE',  ( 1.140259635333935600, -17.47123272262019400, 8.140805064698769300 ) ) ;
#355 = CARTESIAN_POINT ( 'NONE',  ( 2.402347644340012700, -16.73290956002296800, 8.737253591278333800 ) ) ;
#356 = CARTESIAN_POINT ( 'NONE',  ( 2.137645970675405000, -17.74490434520990700, 7.026750047238611100 ) ) ;
#358 = CARTESIAN_POINT ( 'NONE',  ( 2.388057034782344900, -17.02386098704902300, 7.839907512375480900 ) ) ;
#357 = CARTESIAN_POINT ( 'NONE',  ( 2.740623358677444900, -18.93181422473110200, 6.869102858594428300 ) ) ;
#359 = CARTESIAN_POINT ( 'NONE',  ( 2.142644061298973200, -17.76540298276440300, 6.800000000000000700 ) ) ;
#360 = CARTESIAN_POINT ( 'NONE',  ( 1.557889263822202200, -17.75492592590738600, 9.706422190839173700 ) ) ;
#361 = CARTESIAN_POINT ( 'NONE',  ( 3.029434563369234100, -18.87828930066151800, 6.800207487370812500 ) ) ;
#362 = CARTESIAN_POINT ( 'NONE',  ( 3.396341460649876500, -18.14731237676376500, 8.501030281654809800 ) ) ;
#363 = CARTESIAN_POINT ( 'NONE',  ( 2.143987404907677700, -18.43726127152096700, 6.600000024139209400 ) ) ;
#364 = ORIENTED_EDGE ( 'NONE', *, *, #2078, .T. ) ;
#365 = CARTESIAN_POINT ( 'NONE',  ( 2.254658232882480500, -17.47483664231254300, 7.177953416307630600 ) ) ;
#366 = CARTESIAN_POINT ( 'NONE',  ( 2.572689780895435400, -16.90107266619021300, 8.150264018640191600 ) ) ;
#368 = CARTESIAN_POINT ( 'NONE',  ( 1.846989951762084000, -17.12849505848307500, 7.925008211324079200 ) ) ;
#367 = CARTESIAN_POINT ( 'NONE',  ( 3.734319656317312700, -17.83867413455807200, 7.797192856970712100 ) ) ;
#369 = CARTESIAN_POINT ( 'NONE',  ( 1.337636628005533200, -17.99656929169194800, 8.296322482921372200 ) ) ;
#370 = CARTESIAN_POINT ( 'NONE',  ( 3.075965153270262300, -18.37468149305909300, 8.705702042581954500 ) ) ;
#371 = CARTESIAN_POINT ( 'NONE',  ( 2.423763395983374200, -18.76333679405003000, 6.976439716319456300 ) ) ;
#372 = CARTESIAN_POINT ( 'NONE',  ( 0.9501719049928001300, -18.75269529026999700, 6.488001347711999300 ) ) ;
#373 = CARTESIAN_POINT ( 'NONE',  ( 1.998521702754546100, -17.98921434958871400, 7.351210423820804300 ) ) ;
#374 = CARTESIAN_POINT ( 'NONE',  ( 2.977158915680000500, -19.57640647027999800, 6.861126031966000100 ) ) ;
#375 = CARTESIAN_POINT ( 'NONE',  ( 2.685359775268312300, -16.88338977931301700, 8.526433228854568100 ) ) ;
#376 = CARTESIAN_POINT ( 'NONE',  ( 2.212836691661135300, -16.93069467798928300, 9.465340487678705700 ) ) ;
#377 = ADVANCED_FACE ( 'NONE', ( #2364, #728 ), #5313, .T. ) ;
#378 = CARTESIAN_POINT ( 'NONE',  ( 0.9977283735809201500, -17.97262604922421400, 8.671340764539756700 ) ) ;
#379 = CARTESIAN_POINT ( 'NONE',  ( 1.974779952059590600, -16.85129150322279700, 8.140184874873947200 ) ) ;
#380 = B_SPLINE_CURVE_WITH_KNOTS ( 'NONE', 3,
 ( #20, #6085, #4439, #1125, #4994, #1683, #5550, #2236, #6107, #2788, #6666, #3343, #43, #3897, #593, #4465, #1147, #5015, #1704, #5571 ),
 .UNSPECIFIED., .F., .F.,
 ( 4, 1, 1, 1, 1, 1, 1, 1, 1, 1, 1, 1, 1, 1, 1, 1, 1, 4 ),
 ( 118.0685624983999000, 122.8478566049991200, 129.9485215572351500, 137.0491865095285100, 144.1498514617645100, 151.2505164140004900, 158.3511813662937900, 165.4518463185297300, 172.5525112708230900, 179.6531762230590100, 186.7538411753523600, 193.8545061275883100, 200.9551710798243700, 208.0558360321176700, 215.1565009843536400, 222.2571659366468300, 229.3578308888829200, 234.1371249967999700 ),
 .UNSPECIFIED. ) ;
#381 = CARTESIAN_POINT ( 'NONE',  ( 2.184394784364888800, -18.48386283719751300, 7.095199608191167700 ) ) ;
#383 = CARTESIAN_POINT ( 'NONE',  ( 1.936805521907497600, -17.50468946831203700, 7.635623892592710700 ) ) ;
#382 = CARTESIAN_POINT ( 'NONE',  ( 3.477876448060208200, -18.83492083459454100, 6.886715184040799200 ) ) ;
#384 = CARTESIAN_POINT ( 'NONE',  ( 3.331649402594542700, -17.34190933201508900, 6.800003241739167600 ) ) ;
#385 = CARTESIAN_POINT ( 'NONE',  ( 2.104780281476469600, -16.86594021539317400, 6.500000013640877800 ) ) ;
#386 = CARTESIAN_POINT ( 'NONE',  ( 1.911975915155663500, -17.10141311726108500, 9.728196008585579000 ) ) ;
#387 = CARTESIAN_POINT ( 'NONE',  ( 2.379879127211728100, -18.59114263522422300, 6.498036452101510800 ) ) ;
#388 = CARTESIAN_POINT ( 'NONE',  ( 3.401441270621510200, -17.43592228699579700, 8.284327589053919600 ) ) ;
#389 = CARTESIAN_POINT ( 'NONE',  ( 2.204213502828306700, -17.64687281386393600, 6.700000007790190900 ) ) ;
#390 = CARTESIAN_POINT ( 'NONE',  ( 2.060853590338263900, -18.13694698255265100, 7.175721745246856500 ) ) ;
#391 = CARTESIAN_POINT ( 'NONE',  ( 2.009553170277474300, -17.21493145500949500, 7.779427097365959800 ) ) ;
#393 = CARTESIAN_POINT ( 'NONE',  ( 1.574753753019832800, -17.76389293387713800, 7.939481726125348100 ) ) ;
#392 = CARTESIAN_POINT ( 'NONE',  ( 3.354251570019998400, -17.23904585534632300, 7.572590964746157600 ) ) ;
#394 = CARTESIAN_POINT ( 'NONE',  ( 1.529557205502807000, -18.28787892871634600, 8.953007821699692700 ) ) ;
#395 = CARTESIAN_POINT ( 'NONE',  ( 3.335109924517965800, -17.68188112123883100, 8.629446824120391200 ) ) ;
#396 = CARTESIAN_POINT ( 'NONE',  ( 4.543927258898424500, -16.62210793696153400, 6.499999963904361500 ) ) ;
#397 = CARTESIAN_POINT ( 'NONE',  ( 3.139541453774913100, -18.95465908251519200, 7.039590336088361200 ) ) ;
#398 = CARTESIAN_POINT ( 'NONE',  ( 0.9266865005204001400, -18.97414823309999600, 6.612376248815998300 ) ) ;
#399 = CARTESIAN_POINT ( 'NONE',  ( 2.243605260442866000, -18.65452978130698700, 7.579292866423561900 ) ) ;
#400 = CARTESIAN_POINT ( 'NONE',  ( 2.227652760807177200, -19.55047256059794900, 6.849127379678135300 ) ) ;
#401 = CARTESIAN_POINT ( 'NONE',  ( 2.170566698298524800, -16.95539316279294100, 7.994340127284951700 ) ) ;
#402 = CARTESIAN_POINT ( 'NONE',  ( 2.126620163568254900, -16.58630265792776400, 8.811971301339065500 ) ) ;
#403 = CARTESIAN_POINT ( 'NONE',  ( 1.164352504105764300, -17.97856098351376300, 9.397369453003769000 ) ) ;
#404 = CARTESIAN_POINT ( 'NONE',  ( 1.603777073329809100, -17.39432898402041200, 7.925833024920366100 ) ) ;
#405 = CARTESIAN_POINT ( 'NONE',  ( 2.764388055473092200, -18.93143490527311100, 7.222547541838740600 ) ) ;
#407 = CARTESIAN_POINT ( 'NONE',  ( 1.824949322446508300, -18.21315147772700300, 7.831838618631358900 ) ) ;
#406 = CARTESIAN_POINT ( 'NONE',  ( 3.890210797679732200, -18.21489485323017700, 6.888838233230765200 ) ) ;
#408 = CARTESIAN_POINT ( 'NONE',  ( 3.797135055111607600, -17.98274769822130600, 6.800558262882330700 ) ) ;
#409 = CARTESIAN_POINT ( 'NONE',  ( 3.706359911678774200, -18.44557542726829500, 6.800563182518263100 ) ) ;
#410 = CARTESIAN_POINT ( 'NONE',  ( 2.027482280494382800, -16.58565039834385100, 9.205149601277479800 ) ) ;
#411 = CARTESIAN_POINT ( 'NONE',  ( 2.193689403889294500, -18.15551109799312700, 6.598081543458429900 ) ) ;
#412 = CARTESIAN_POINT ( 'NONE',  ( 2.917910489468165100, -17.03964023463140600, 7.881160063436565700 ) ) ;
#413 = CARTESIAN_POINT ( 'NONE',  ( 2.413536480423485100, -18.77091427947357600, 7.338910875805507500 ) ) ;
#414 = CARTESIAN_POINT ( 'NONE',  ( 1.738759000098967400, -17.85109607059164500, 7.783621125282983200 ) ) ;
#416 = CARTESIAN_POINT ( 'NONE',  ( 1.644488614647936300, -18.33597381006991300, 8.410981835999361800 ) ) ;
#415 = CARTESIAN_POINT ( 'NONE',  ( 2.653606286244515600, -17.16505602862346800, 7.334784028932110900 ) ) ;
#417 = CARTESIAN_POINT ( 'NONE',  ( 1.958144464535854800, -18.02686500534973000, 9.501747413910679900 ) ) ;
#418 = CARTESIAN_POINT ( 'NONE',  ( 3.083293882221226100, -17.10154567862958800, 8.238209950737394000 ) ) ;
#419 = CARTESIAN_POINT ( 'NONE',  ( 4.882720287079672900, -16.78165553450077500, 6.499999959865294700 ) ) ;
#420 = CARTESIAN_POINT ( 'NONE',  ( 3.756583041137394400, -18.53899622164602700, 7.070182802517917000 ) ) ;
#421 = CARTESIAN_POINT ( 'NONE',  ( 0.9854749379028001600, -19.18977723307999700, 6.736751149921000900 ) ) ;
#422 = CARTESIAN_POINT ( 'NONE',  ( 2.896117073455929200, -18.86229229103072700, 7.869893293974892700 ) ) ;
#423 = CARTESIAN_POINT ( 'NONE',  ( 3.021496008675000200, -16.60278373313999700, 6.899230593224002600 ) ) ;
#424 = CARTESIAN_POINT ( 'NONE',  ( 1.767673242471551300, -17.48147412296677700, 7.795857776055149700 ) ) ;
#425 = CARTESIAN_POINT ( 'NONE',  ( 1.763519631763029300, -16.79078117357982000, 8.194882674088093600 ) ) ;
#426 = CARTESIAN_POINT ( 'NONE',  ( 1.450440211958428800, -18.05654802120523100, 8.229815898085581300 ) ) ;
#427 = CARTESIAN_POINT ( 'NONE',  ( 3.486656034306251200, -18.78046940925658600, 7.322498625913599600 ) ) ;
#429 = CARTESIAN_POINT ( 'NONE',  ( 2.205426946523361100, -18.66026047747813300, 8.289858436282701200 ) ) ;
#428 = CARTESIAN_POINT ( 'NONE',  ( 3.694462125049060600, -17.49752960175791500, 6.874014034736244800 ) ) ;
#430 = CARTESIAN_POINT ( 'NONE',  ( 4.325792812489166500, -18.77595437939777100, 6.616375792929546600 ) ) ;
#431 = CARTESIAN_POINT ( 'NONE',  ( 3.791405612837873900, -18.22971996599938300, 6.498960503409137800 ) ) ;
#432 = CARTESIAN_POINT ( 'NONE',  ( 1.823875058906183200, -16.56005120572383800, 8.489369876713192700 ) ) ;
#433 = CARTESIAN_POINT ( 'NONE',  ( 2.292495270867915400, -17.69381306258524900, 6.698212105470490000 ) ) ;
#434 = CARTESIAN_POINT ( 'NONE',  ( 2.271352655020372400, -17.23086152849060000, 7.564727514471907300 ) ) ;
#435 = CARTESIAN_POINT ( 'NONE',  ( 2.948547698547081100, -19.56911729383107400, 6.500000037787375000 ) ) ;
#436 = CARTESIAN_POINT ( 'NONE',  ( 3.122721675504180900, -18.90318927800004200, 7.523332992934041600 ) ) ;
#437 = CARTESIAN_POINT ( 'NONE',  ( 1.876356724504595800, -18.45926027098300900, 8.190628502419707900 ) ) ;
#439 = CARTESIAN_POINT ( 'NONE',  ( 2.073588202395512800, -18.42494593247057800, 9.011721340349586400 ) ) ;
#438 = CARTESIAN_POINT ( 'NONE',  ( 2.147544170972410300, -17.61674119563657800, 7.209091270912646000 ) ) ;
#440 = CARTESIAN_POINT ( 'NONE',  ( 2.333271192514027300, -17.38705538062879400, 9.567894337602053800 ) ) ;
#441 = CARTESIAN_POINT ( 'NONE',  ( 2.488099597893340700, -17.02988072247472900, 7.796068171801026700 ) ) ;
#442 = CARTESIAN_POINT ( 'NONE',  ( 5.065840265996462800, -17.31106013735160700, 6.499999964256337700 ) ) ;
#443 = CARTESIAN_POINT ( 'NONE',  ( 1.119066685889999800, -19.36995897375999900, 6.861126051024999800 ) ) ;
#444 = CARTESIAN_POINT ( 'NONE',  ( 3.511840193643757300, -18.47557637449742500, 8.026091130157981400 ) ) ;
#445 = CARTESIAN_POINT ( 'NONE',  ( 4.521717074006999400, -16.61943317838000000, 6.871117638202001400 ) ) ;
#446 = CARTESIAN_POINT ( 'NONE',  ( 1.658589505047896500, -18.16722296353522400, 8.064746413471667100 ) ) ;
#447 = ORIENTED_EDGE ( 'NONE', *, *, #1962, .F. ) ;
#448 = CARTESIAN_POINT ( 'NONE',  ( 1.428056736217736300, -17.36760905664032600, 8.014060643928809600 ) ) ;
#449 = CARTESIAN_POINT ( 'NONE',  ( 1.691866467936748600, -18.37418029439893600, 8.857313745736600900 ) ) ;
#450 = CARTESIAN_POINT ( 'NONE',  ( 3.855192278087251600, -18.13463958519836400, 7.326412988350840600 ) ) ;
#451 = CARTESIAN_POINT ( 'NONE',  ( 3.027627501314904100, -17.16849764062664700, 6.852393734451567300 ) ) ;
#452 = EDGE_LOOP ( 'NONE', ( #4505, #4450, #5661, #1133 ) ) ;
#453 = CARTESIAN_POINT ( 'NONE',  ( 3.616349390086734500, -18.72379452122803700, 6.500000012620595200 ) ) ;
#454 = CARTESIAN_POINT ( 'NONE',  ( 2.290216399096940900, -17.69260140871762100, 6.497195378612369500 ) ) ;
#455 = CARTESIAN_POINT ( 'NONE',  ( 1.440978383072188500, -17.04219539181251600, 8.072407568689158100 ) ) ;
#456 = CARTESIAN_POINT ( 'NONE',  ( -0.7238500646874001000, -17.08505567380711900, 9.078071449966142100 ) ) ;
#457 = CARTESIAN_POINT ( 'NONE',  ( 1.933286558343233000, -17.83125702626739100, 7.506890380610458100 ) ) ;
#458 = CARTESIAN_POINT ( 'NONE',  ( 2.543686422990278000, -17.28983250190901400, 6.500000011630302100 ) ) ;
#459 = CARTESIAN_POINT ( 'NONE',  ( 3.701387133636241200, -18.44293415420768400, 7.602339039818215100 ) ) ;
#460 = CARTESIAN_POINT ( 'NONE',  ( 2.391920560499599400, -18.59420624967864600, 8.709197649886624100 ) ) ;
#462 = CARTESIAN_POINT ( 'NONE',  ( 2.569227169722436300, -17.97438013926755200, 9.334619043839405000 ) ) ;
#461 = CARTESIAN_POINT ( 'NONE',  ( 2.085171987775514200, -18.35151432321592000, 7.305150912527833100 ) ) ;
#463 = APPLICATION_CONTEXT ( 'automotive_design' ) ;
#464 = FACE_OUTER_BOUND ( 'NONE', #3665, .T. ) ;
#465 = CARTESIAN_POINT ( 'NONE',  ( 2.397324869724538400, -16.80782948893614700, 9.106023208730325900 ) ) ;
#466 = ADVANCED_FACE ( 'NONE', ( #6087 ), #3978, .T. ) ;
#467 = CARTESIAN_POINT ( 'NONE',  ( 1.958267606048492900, -17.51610106087300500, 7.606655564136439700 ) ) ;
#468 = CARTESIAN_POINT ( 'NONE',  ( 1.691458015470891400, -17.37323129231809900, 6.894485627834000300 ) ) ;
#469 = CARTESIAN_POINT ( 'NONE',  ( 1.383854488077999900, -19.50385555853000200, 6.488001347711999300 ) ) ;
#470 = CARTESIAN_POINT ( 'NONE',  ( 3.671048696387392100, -17.75321359321770500, 7.940440492510081300 ) ) ;
#471 = CARTESIAN_POINT ( 'NONE',  ( 4.022184624223799100, -16.59811380171169400, 6.848617413941101800 ) ) ;
#472 = CARTESIAN_POINT ( 'NONE',  ( 1.991365447079162400, -18.53342672638288100, 8.619800846241993500 ) ) ;
#473 = CARTESIAN_POINT ( 'NONE',  ( 1.260600207302932500, -17.99267254765205200, 8.380551937127354000 ) ) ;
#474 = CARTESIAN_POINT ( 'NONE',  ( 2.161821676302121600, -18.13516209986093100, 9.381663678192609300 ) ) ;
#475 = CARTESIAN_POINT ( 'NONE',  ( 3.623593349152203700, -17.43431770753477000, 7.232382936567156600 ) ) ;
#476 = CARTESIAN_POINT ( 'NONE',  ( 2.340316040552928200, -17.45494971226909800, 6.838652789304687100 ) ) ;
#477 = CARTESIAN_POINT ( 'NONE',  ( 3.568161148417951200, -18.04365801725141000, 8.250080580260046800 ) ) ;
#478 = CARTESIAN_POINT ( 'NONE',  ( 3.207744051737218000, -18.94576057759158200, 6.500000023639270100 ) ) ;
#479 = VERTEX_POINT ( 'NONE', #2625 ) ;
#480 = CARTESIAN_POINT ( 'NONE',  ( 3.094894155599683800, -17.26606147887218900, 6.598689544606706600 ) ) ;
#481 = CARTESIAN_POINT ( 'NONE',  ( 1.190530218693442100, -17.67418783725037200, 8.191283340226366500 ) ) ;
#482 = DIRECTION ( 'NONE',  ( -0.8829475928583115900, 0.4694715627870483200, -8.549176856234803700E-029 ) ) ;
#483 = CARTESIAN_POINT ( 'NONE',  ( 2.062206676541702400, -18.51308890504318000, 7.774537715598704300 ) ) ;
#484 = CARTESIAN_POINT ( 'NONE',  ( 3.759370306551817400, -17.70582734846607000, 7.523332992931878800 ) ) ;
#485 = CARTESIAN_POINT ( 'NONE',  ( 1.808317205808377200, -16.41705797316037200, 8.908567091587462600 ) ) ;
#486 = CARTESIAN_POINT ( 'NONE',  ( 2.934034092910008600, -18.16835142106302900, 8.987928756472964400 ) ) ;
#488 = CARTESIAN_POINT ( 'NONE',  ( 2.794283474939376800, -17.28702925561734100, 9.157559009753867900 ) ) ;
#487 = CARTESIAN_POINT ( 'NONE',  ( 2.581159087433621700, -18.86004080058048900, 7.529380869291409300 ) ) ;
#489 = CARTESIAN_POINT ( 'NONE',  ( 2.109398071640715700, -16.68026639243533200, 8.432408881230610800 ) ) ;
#490 = CARTESIAN_POINT ( 'NONE',  ( 1.866616079319026100, -18.18813224639486800, 7.734104165969363000 ) ) ;
#491 = CARTESIAN_POINT ( 'NONE',  ( 1.725374410072700200, -17.35861228033999400, 6.900036467719999700 ) ) ;
#492 = CARTESIAN_POINT ( 'NONE',  ( 1.531493349681999800, -19.52194993776999600, 6.612376248815998300 ) ) ;
#493 = CARTESIAN_POINT ( 'NONE',  ( 3.264408587352323600, -17.19127549409298800, 7.671760641120725300 ) ) ;
#494 = CARTESIAN_POINT ( 'NONE',  ( -0.3994225824610270200, -16.26249495070115700, 8.512551622692415200 ) ) ;
#495 = CARTESIAN_POINT ( 'NONE',  ( 2.537654306454064600, -18.33499585404003400, 9.083615591458979600 ) ) ;
#496 = CARTESIAN_POINT ( 'NONE',  ( 1.442072182179714900, -18.22834708380177200, 9.062395739186341000 ) ) ;
#497 = CARTESIAN_POINT ( 'NONE',  ( 2.541935036603968400, -17.49800391457873200, 9.444870589926402700 ) ) ;
#498 = CARTESIAN_POINT ( 'NONE',  ( 2.944978693311306500, -17.15615258201141200, 7.103704479693028000 ) ) ;
#499 = CARTESIAN_POINT ( 'NONE',  ( 2.098626769604489400, -18.10156077194138600, 6.799999999999838200 ) ) ;
#500 = CARTESIAN_POINT ( 'NONE',  ( 3.426152039843673300, -17.35486659884181300, 8.008109510243880200 ) ) ;
#501 = CARTESIAN_POINT ( 'NONE',  ( 2.645657051101499800, -18.89706737930333300, 6.500000033544864700 ) ) ;
#502 = CARTESIAN_POINT ( 'NONE',  ( 3.804070134401428500, -17.98468094792486500, 6.699990788694157700 ) ) ;
#503 = CARTESIAN_POINT ( 'NONE',  ( 1.165201146150713900, -18.10716260835970500, 8.795566487325391600 ) ) ;
#504 = CARTESIAN_POINT ( 'NONE',  ( 3.929740024978912900, -18.10971457202934300, 6.699999999231863500 ) ) ;
#505 = CARTESIAN_POINT ( 'NONE',  ( 2.631575429521646000, -18.79029734342850200, 8.164887032312583100 ) ) ;
#506 = CARTESIAN_POINT ( 'NONE',  ( 3.253138034529155800, -17.19185341632617900, 7.338910875802656400 ) ) ;
#507 = CARTESIAN_POINT ( 'NONE',  ( 3.133606203012587100, -17.46745035051213100, 8.835087349737760200 ) ) ;
#509 = CARTESIAN_POINT ( 'NONE',  ( 2.594203156571322400, -16.83492094539316900, 8.602134497435090000 ) ) ;
#508 = CARTESIAN_POINT ( 'NONE',  ( 3.294893946004892700, -18.79309787871258700, 7.727794661838684600 ) ) ;
#510 = CARTESIAN_POINT ( 'NONE',  ( 1.662904341426794300, -17.09476352272264800, 8.004288207464174600 ) ) ;
#511 = CARTESIAN_POINT ( 'NONE',  ( 2.235507757960052200, -18.68282531010007800, 8.149480163423074700 ) ) ;
#512 = CARTESIAN_POINT ( 'NONE',  ( 1.465349890160999800, -17.78658626202999600, 6.889247048010001400 ) ) ;
#513 = CARTESIAN_POINT ( 'NONE',  ( 2.948511990556730700, -19.57015768395084300, 6.875605298594782000 ) ) ;
#514 = CARTESIAN_POINT ( 'NONE',  ( 2.571150526488457500, -17.16838736241434300, 7.403080789732341000 ) ) ;
#515 = CARTESIAN_POINT ( 'NONE',  ( 1.169866494976273600, -17.82144372716245700, 9.450745356165004600 ) ) ;
#516 = CARTESIAN_POINT ( 'NONE',  ( 2.926969182848727900, -17.70273020165000200, 9.139525387278691700 ) ) ;
#517 = CARTESIAN_POINT ( 'NONE',  ( 1.851554280278880000, -17.91107038490712400, 9.597551868021742600 ) ) ;
#518 = CARTESIAN_POINT ( 'NONE',  ( 2.571169535959670200, -16.90026433761789100, 9.003528104957341700 ) ) ;
#519 = CARTESIAN_POINT ( 'NONE',  ( 1.525705464075133300, -17.48496180050678100, 9.820302077726971400 ) ) ;
#520 = CARTESIAN_POINT ( 'NONE',  ( 2.285376504149773800, -17.49116983687001800, 7.028745571904263300 ) ) ;
#521 = CARTESIAN_POINT ( 'NONE',  ( 2.430565204292028300, -18.76695337968042300, 6.800000000000809800 ) ) ;
#522 = CARTESIAN_POINT ( 'NONE',  ( 2.837693694770787400, -17.06750804429400500, 7.655207652097409700 ) ) ;
#523 = CARTESIAN_POINT ( 'NONE',  ( 2.229423162196857000, -18.54013077097501100, 6.500000036120014500 ) ) ;
#524 = CARTESIAN_POINT ( 'NONE',  ( 3.694693314173963300, -18.46748550539447500, 6.800557697624569200 ) ) ;
#525 = CARTESIAN_POINT ( 'NONE',  ( 1.447190202557812100, -18.01229339078243200, 9.478474576559358800 ) ) ;
#526 = CARTESIAN_POINT ( 'NONE',  ( 3.243267317470915700, -17.17160332162918800, 6.799999999999998000 ) ) ;
#527 = CARTESIAN_POINT ( 'NONE',  ( 3.256941719949296000, -18.47090844047288600, 8.412976488924732300 ) ) ;
#528 = CARTESIAN_POINT ( 'NONE',  ( 2.530337556298936500, -17.25397606271748400, 7.175721745245263100 ) ) ;
#529 = EDGE_CURVE ( 'NONE', #4856, #5565, #2844, .T. ) ;
#530 = CARTESIAN_POINT ( 'NONE',  ( 2.853583808972775400, -16.97283608466641500, 8.355634918609613500 ) ) ;
#532 = CARTESIAN_POINT ( 'NONE',  ( 2.107504886374468100, -16.92186260261506100, 8.046709985117281900 ) ) ;
#531 = CARTESIAN_POINT ( 'NONE',  ( 3.742232366393537700, -18.20036184511946300, 7.766467108443817000 ) ) ;
#533 = UNCERTAINTY_MEASURE_WITH_UNIT (LENGTH_MEASURE( 1.000000000000000100E-005 ), #2635, 'distance_accuracy_value', 'NONE');
#534 = CARTESIAN_POINT ( 'NONE',  ( 1.408278039841531300, -17.73449584118743500, 8.068563014991987400 ) ) ;
#535 = EDGE_LOOP ( 'NONE', ( #3755, #1395, #1912, #5842 ) ) ;
#536 = CARTESIAN_POINT ( 'NONE',  ( 2.865586935616674800, -18.62030185850028400, 8.541790987717504900 ) ) ;
#537 = CARTESIAN_POINT ( 'NONE',  ( 1.214716446080000000, -18.21956077702000000, 6.860127676783999800 ) ) ;
#538 = CARTESIAN_POINT ( 'NONE',  ( 0.1703204845258932700, -15.57037083774602600, 9.522724200238306100 ) ) ;
#539 = CARTESIAN_POINT ( 'NONE',  ( 2.097050540340044600, -17.65660713882011700, 7.280161101733609600 ) ) ;
#540 = CARTESIAN_POINT ( 'NONE',  ( 3.051661336413199300, -16.56479225125309500, 6.849127379678100700 ) ) ;
#541 = CARTESIAN_POINT ( 'NONE',  ( 2.891954063509146100, -17.07082849644801900, 8.749135040014525800 ) ) ;
#542 = CARTESIAN_POINT ( 'NONE',  ( 2.232460830091091500, -16.74570002179001400, 8.359853706135963200 ) ) ;
#543 = CARTESIAN_POINT ( 'NONE',  ( 1.836022969986084600, -16.82933188233744200, 9.656575072037108900 ) ) ;
#544 = CARTESIAN_POINT ( 'NONE',  ( 2.091530022255954500, -18.15325793073336100, 7.010495075703750500 ) ) ;
#545 = CARTESIAN_POINT ( 'NONE',  ( 3.148777738964410500, -18.95957010246441100, 6.800000000000880000 ) ) ;
#546 = CARTESIAN_POINT ( 'NONE',  ( 2.200194869901495500, -17.38044596425697500, 7.430918210624873200 ) ) ;
#547 = CARTESIAN_POINT ( 'NONE',  ( 2.099430005811358900, -17.99964408545974200, 6.500000030560042500 ) ) ;
#548 = CARTESIAN_POINT ( 'NONE',  ( 2.970695952615808500, -17.26170576752679900, 6.799524152655729700 ) ) ;
#550 = CARTESIAN_POINT ( 'NONE',  ( 1.842845733861733700, -17.45473016280717700, 9.771030964893535400 ) ) ;
#549 = CARTESIAN_POINT ( 'NONE',  ( 2.816951228701859200, -18.53897122812608700, 8.695145269469103200 ) ) ;
#551 = CARTESIAN_POINT ( 'NONE',  ( 2.201946175630920000, -17.64566725460841200, 6.500000023370574800 ) ) ;
#552 = CARTESIAN_POINT ( 'NONE',  ( 3.508844851465315400, -17.77425762050655700, 8.348434460953754400 ) ) ;
#553 = CARTESIAN_POINT ( 'NONE',  ( 2.107310758356534900, -17.79420682098634300, 7.103927744638366600 ) ) ;
#554 = CARTESIAN_POINT ( 'NONE',  ( 2.286943463104164700, -17.01727178626676500, 7.876182487482438400 ) ) ;
#555 = MECHANICAL_DESIGN_GEOMETRIC_PRESENTATION_REPRESENTATION (  '', ( #6997 ), #923 ) ;
#557 = CARTESIAN_POINT ( 'NONE',  ( 1.715581181501171700, -17.45377628283396700, 7.843207596702821000 ) ) ;
#556 = CARTESIAN_POINT ( 'NONE',  ( 3.616375986190099000, -17.48154076291081400, 7.617816274773050000 ) ) ;
#558 = CARTESIAN_POINT ( 'NONE',  ( 1.445644419386034900, -18.24326170890153900, 8.609859316838827300 ) ) ;
#559 = CARTESIAN_POINT ( 'NONE',  ( 3.324156412999677000, -18.04349891182482000, 8.641623204886494500 ) ) ;
#560 = CARTESIAN_POINT ( 'NONE',  ( 4.257868538063812400, -18.89919187877049500, 6.500000003092703000 ) ) ;
#561 = CARTESIAN_POINT ( 'NONE',  ( 2.076901001100945000, -18.38964313136094500, 7.409807992575531800 ) ) ;
#562 = CARTESIAN_POINT ( 'NONE',  ( 1.907205353055669800, -17.01404830605881500, 6.499999999663483400 ) ) ;
#563 = CARTESIAN_POINT ( 'NONE',  ( 2.459540726664077400, -16.86644054453929400, 8.179771607671316500 ) ) ;
#564 = CARTESIAN_POINT ( 'NONE',  ( 1.753692274820083800, -17.14303632318916500, 7.950761580182470900 ) ) ;
#565 = CARTESIAN_POINT ( 'NONE',  ( 1.883516137032187300, -16.45704195414287300, 9.013176794588536800 ) ) ;
#566 = CARTESIAN_POINT ( 'NONE',  ( 2.457536762548385500, -18.79430964447565000, 7.101920469164969800 ) ) ;
#567 = CARTESIAN_POINT ( 'NONE',  ( 3.766998675833287200, -18.54453431285108100, 6.799999999999998900 ) ) ;
#568 = CARTESIAN_POINT ( 'NONE',  ( 1.965841565019151000, -18.03095762627688400, 7.437083265018791200 ) ) ;
#569 = CARTESIAN_POINT ( 'NONE',  ( 2.967776097004000100, -19.57037158128000000, 6.488001347711999300 ) ) ;
#570 = CARTESIAN_POINT ( 'NONE',  ( 1.770539842511577000, -16.69174146542812300, 9.450745356162446600 ) ) ;
#571 = CARTESIAN_POINT ( 'NONE',  ( 2.083838833605448700, -16.81493146124845900, 9.478474576557196900 ) ) ;
#572 = DIRECTION ( 'NONE',  ( 0.01133570258621851600, -0.006027299874238917200, 0.9999175833552997900 ) ) ;
#573 = CARTESIAN_POINT ( 'NONE',  ( 3.219874676717205700, -17.17416697524755500, 8.017293566801980000 ) ) ;
#574 = CARTESIAN_POINT ( 'NONE',  ( 2.194086542600514300, -18.52608028388999600, 7.203523516462776200 ) ) ;
#575 = CARTESIAN_POINT ( 'NONE',  ( 1.865110479242768200, -17.53328242075341600, 7.692499242303964200 ) ) ;
#577 = CARTESIAN_POINT ( 'NONE',  ( 1.592432219472900600, -18.13204651082165600, 8.124881020322678900 ) ) ;
#576 = CARTESIAN_POINT ( 'NONE',  ( 3.003754741754707200, -17.13027397153999200, 7.383925838056551800 ) ) ;
#578 = CARTESIAN_POINT ( 'NONE',  ( 1.811337922132007600, -18.24844073756831300, 9.257637152449939700 ) ) ;
#579 = CARTESIAN_POINT ( 'NONE',  ( 3.302551197245614300, -17.34627725485438500, 8.383740875319938700 ) ) ;
#580 = CARTESIAN_POINT ( 'NONE',  ( 3.539883722786987300, -18.65864505099485300, 6.499999998072867800 ) ) ;
#581 = CARTESIAN_POINT ( 'NONE',  ( 3.296964000032558000, -19.54194440022061100, 6.500000030796426700 ) ) ;
#582 = CARTESIAN_POINT ( 'NONE',  ( 2.593259713314186600, -18.85345958460573000, 7.677432099521221100 ) ) ;
#583 = CARTESIAN_POINT ( 'NONE',  ( 3.793226705440420100, -18.49176612249600300, 6.500000008756943600 ) ) ;
#584 = CARTESIAN_POINT ( 'NONE',  ( 1.921217485408764700, -17.23211105770076300, 7.817908377746539000 ) ) ;
#585 = CARTESIAN_POINT ( 'NONE',  ( 1.503758454111620500, -17.78526367799406000, 8.008210284575504500 ) ) ;
#586 = CARTESIAN_POINT ( 'NONE',  ( 1.635569762085077300, -16.62375640694849500, 8.331951131914548700 ) ) ;
#587 = CARTESIAN_POINT ( 'NONE',  ( 3.181779410629285800, -18.93459083277930000, 7.205241472001562300 ) ) ;
#588 = CARTESIAN_POINT ( 'NONE',  ( 3.860674280366423800, -17.80686546575780600, 6.799999999998767000 ) ) ;
#589 = CARTESIAN_POINT ( 'NONE',  ( 2.241120504409694500, -18.66622384597274500, 7.708926926901067800 ) ) ;
#590 = CARTESIAN_POINT ( 'NONE',  ( 3.386639699401000000, -19.52422917655999500, 6.612376242486998700 ) ) ;
#591 = CARTESIAN_POINT ( 'NONE',  ( 4.261755401738471800, -18.89647680219751500, 6.849127382565398200 ) ) ;
#592 = CARTESIAN_POINT ( 'NONE',  ( 2.004802700256384600, -16.52810174521231100, 8.795566487322540500 ) ) ;
#593 = CARTESIAN_POINT ( 'NONE',  ( 5.079537709724169400, -17.24070835231087200, 6.849127384410598700 ) ) ;
#594 = CARTESIAN_POINT ( 'NONE',  ( 1.646604100961340100, -16.53992306028351300, 8.425926647947505900 ) ) ;
#595 = EDGE_CURVE ( 'NONE', #3146, #3316, #5430, .T. ) ;
#596 = CARTESIAN_POINT ( 'NONE',  ( 2.582692033585408900, -17.08017641269647400, 7.643067020227333000 ) ) ;
#597 = B_SPLINE_CURVE_WITH_KNOTS ( 'NONE', 3,
 ( #4426, #3351, #4474, #1157, #5025, #1715, #5584, #2265, #6136, #2818, #6698, #3374, #77, #3929, #628, #4496, #1179, #5051, #1738, #5606, #2288, #6160, #2841, #6724, #3399, #101, #3954, #654, #4521, #1203, #5078, #1763, #5630, #2312, #6185, #2865, #6747, #3425, #125, #3979, #680, #4548, #1227, #5103, #1789, #5657 ),
 .UNSPECIFIED., .F., .F.,
 ( 4, 2, 2, 2, 2, 2, 2, 2, 2, 2, 2, 2, 2, 2, 2, 2, 2, 2, 2, 2, 2, 2, 4 ),
 ( 6.788728842740755300E-011, 0.001571364009680113700, 0.002357045980576561200, 0.003142727951473009900, 0.004714091893265958700, 0.005499773864162409500, 0.006285455835058860300, 0.007856819776851750600, 0.008642501747748193600, 0.009428183718644640000, 0.01021386568954108600, 0.01099954766043753300, 0.01257091160223041900, 0.01414227554402330500, 0.01571363948581619400, 0.01649932145671264100, 0.01728500342760909100, 0.01885636736940198700, 0.02042773131119488700, 0.02121341328209133700, 0.02199909525298778300, 0.02357045919478060000, 0.02514182313657341300 ),
 .UNSPECIFIED. ) ;
#598 = CARTESIAN_POINT ( 'NONE',  ( 2.796744102360230400, -18.92917967992892200, 7.374494927431031900 ) ) ;
#600 = CARTESIAN_POINT ( 'NONE',  ( 1.782335484351292000, -18.23301986786147200, 7.933480345156991300 ) ) ;
#599 = CARTESIAN_POINT ( 'NONE',  ( 3.885671124054451500, -18.15084547506580700, 7.064211900223192200 ) ) ;
#602 = CARTESIAN_POINT ( 'NONE',  ( 1.896173966010679100, -18.48281251808462500, 8.706326498554767900 ) ) ;
#601 = CARTESIAN_POINT ( 'NONE',  ( 2.322230319014442200, -17.38118484405949400, 7.223556268070245400 ) ) ;
#603 = CARTESIAN_POINT ( 'NONE',  ( 2.811768909340496500, -17.00266299603092800, 7.941046321702235600 ) ) ;
#604 = CARTESIAN_POINT ( 'NONE',  ( 2.812303481270833800, -18.84758788400367600, 6.500000011829937000 ) ) ;
#605 = DIRECTION ( 'NONE',  ( -3.206885370672238800E-015, 8.592823452958578500E-016, 1.000000000000000000 ) ) ;
#606 = CARTESIAN_POINT ( 'NONE',  ( 3.292954060063300000, -18.73659585676907800, 7.901064232962874600 ) ) ;
#607 = CARTESIAN_POINT ( 'NONE',  ( 3.051556818932612500, -16.56783747871097400, 6.674563689839000200 ) ) ;
#608 = CARTESIAN_POINT ( 'NONE',  ( 1.679007591771059400, -17.87844529737869000, 7.860448496152984400 ) ) ;
#609 = CARTESIAN_POINT ( 'NONE',  ( 1.581866361299849600, -18.31569220021674500, 8.523754054309510100 ) ) ;
#610 = CARTESIAN_POINT ( 'NONE',  ( 1.322344673919221500, -17.17797484004814000, 8.065490937268151600 ) ) ;
#611 = CARTESIAN_POINT ( 'NONE',  ( 3.766895449940149900, -18.47776554383948200, 7.249503972189989700 ) ) ;
#612 = CARTESIAN_POINT ( 'NONE',  ( 3.370514500172121100, -17.24769300869607800, 6.799999999998022700 ) ) ;
#613 = ORIENTED_EDGE ( 'NONE', *, *, #5718, .F. ) ;
#614 = CARTESIAN_POINT ( 'NONE',  ( 2.891527725975111100, -18.82278784426029700, 8.034246531556766200 ) ) ;
#615 = CARTESIAN_POINT ( 'NONE',  ( 3.821220129561999600, -19.33349541187000400, 6.736751137261000700 ) ) ;
#616 = CARTESIAN_POINT ( 'NONE',  ( 4.175200668938881400, -19.01638953758671100, 6.849127382565398200 ) ) ;
#617 = CARTESIAN_POINT ( 'NONE',  ( 1.660014184654114800, -16.79121691741520200, 8.191283340224773100 ) ) ;
#618 = CARTESIAN_POINT ( 'NONE',  ( 2.948408341905682100, -19.57317759709792800, 6.732751585859360500 ) ) ;
#619 = CARTESIAN_POINT ( 'NONE',  ( 2.034872317188095800, -17.55683250829599000, 7.482749155187586400 ) ) ;
#620 = CARTESIAN_POINT ( 'NONE',  ( 3.501417613330321600, -18.72668268916878600, 7.499429986625369100 ) ) ;
#622 = CARTESIAN_POINT ( 'NONE',  ( 2.169419352159758700, -18.62809966705903300, 8.430926539379060000 ) ) ;
#621 = CARTESIAN_POINT ( 'NONE',  ( 3.648627938370448300, -17.44762883474030700, 7.017017284569816700 ) ) ;
#624 = CARTESIAN_POINT ( 'NONE',  ( 2.418201262572351700, -18.27148154396705900, 9.192194136793050400 ) ) ;
#623 = CARTESIAN_POINT ( 'NONE',  ( 2.047399919808634100, -18.01520335859952800, 7.199115555738434800 ) ) ;
#625 = CARTESIAN_POINT ( 'NONE',  ( 2.913051177680472400, -17.17250135328793800, 6.500000002905800900 ) ) ;
#626 = CARTESIAN_POINT ( 'NONE',  ( 2.188846748683776200, -17.24862795080424100, 7.617553230382122300 ) ) ;
#627 = CARTESIAN_POINT ( 'NONE',  ( 2.246884480645848600, -18.35087909525258000, 6.500000022520883800 ) ) ;
#628 = CARTESIAN_POINT ( 'NONE',  ( 2.867514916473398800, -17.27734313839402300, 6.500000010786004100 ) ) ;
#629 = CARTESIAN_POINT ( 'NONE',  ( 3.700760951999365400, -18.11416258345292000, 7.928021605595208900 ) ) ;
#630 = CARTESIAN_POINT ( 'NONE',  ( 1.831894370009159000, -18.44863445062782900, 8.312942256796397100 ) ) ;
#631 = FACE_OUTER_BOUND ( 'NONE', #4793, .T. ) ;
#632 = CARTESIAN_POINT ( 'NONE',  ( 1.996315893796151200, -18.34679526975227400, 9.140713427912531900 ) ) ;
#633 = CARTESIAN_POINT ( 'NONE',  ( 2.207840959043772900, -17.25872735159603300, 9.618510070413082100 ) ) ;
#634 = CARTESIAN_POINT ( 'NONE',  ( 1.066205540452450400, -17.80972025262401800, 8.362643711094914800 ) ) ;
#635 = CARTESIAN_POINT ( 'NONE',  ( 3.818428041676922300, -17.73722890324532700, 7.205241471999400500 ) ) ;
#636 = EDGE_LOOP ( 'NONE', ( #1247, #2535, #4341, #4681 ) ) ;
#637 = CARTESIAN_POINT ( 'NONE',  ( 2.625901047129487200, -17.24931750582372200, 6.799999999998275900 ) ) ;
#638 = CARTESIAN_POINT ( 'NONE',  ( 3.476901292974563100, -18.39028679828177800, 8.191843228484936300 ) ) ;
#639 = CARTESIAN_POINT ( 'NONE',  ( 4.175364092163000900, -19.01652114236999900, 6.861126032036001000 ) ) ;
#640 = CARTESIAN_POINT ( 'NONE',  ( 1.532814241183863000, -17.28988349403759600, 9.852904034338690700 ) ) ;
#641 = CARTESIAN_POINT ( 'NONE',  ( 1.341095970289297700, -17.38680319148948100, 8.050956445578465900 ) ) ;
#642 = CARTESIAN_POINT ( 'NONE',  ( 4.986351596475000000, -17.46107226420999900, 6.899230593224002600 ) ) ;
#643 = CARTESIAN_POINT ( 'NONE',  ( 1.954363031801075000, -18.23478812862955000, 7.581801948467164800 ) ) ;
#644 = CARTESIAN_POINT ( 'NONE',  ( 3.830977916958067100, -18.06012899012315700, 7.494229084426609500 ) ) ;
#646 = CARTESIAN_POINT ( 'NONE',  ( 2.761089016137813900, -18.45379819654023700, 8.846602671683157800 ) ) ;
#645 = CARTESIAN_POINT ( 'NONE',  ( 2.962562913801686000, -17.16550227789486300, 6.952432290732342100 ) ) ;
#647 = VERTEX_POINT ( 'NONE', #5569 ) ;
#649 = CARTESIAN_POINT ( 'NONE',  ( 2.804591568247413000, -17.63766086974184000, 9.250762262816349900 ) ) ;
#648 = CARTESIAN_POINT ( 'NONE',  ( 2.312708536120542400, -18.69127264474401400, 7.364263468223024100 ) ) ;
#650 = SHAPE_DEFINITION_REPRESENTATION ( #3952, #4388 ) ;
#651 = CARTESIAN_POINT ( 'NONE',  ( 3.451343608973246500, -17.29034968542740500, 6.499999994475999200 ) ) ;
#652 = CARTESIAN_POINT ( 'NONE',  ( 1.885620999731295600, -17.86754839006860600, 7.584944183085035300 ) ) ;
#653 = CARTESIAN_POINT ( 'NONE',  ( 3.049946520261663400, -16.61475523588118000, 6.899999997795150700 ) ) ;
#654 = CARTESIAN_POINT ( 'NONE',  ( 3.548933243740878000, -17.48646691186074500, 6.499999997901759300 ) ) ;
#655 = ORIENTED_EDGE ( 'NONE', *, *, #2007, .T. ) ;
#656 = CARTESIAN_POINT ( 'NONE',  ( 3.536625268672521000, -17.41360625655687900, 7.739791655740517300 ) ) ;
#657 = CARTESIAN_POINT ( 'NONE',  ( 3.793228353883247600, -18.49176699722021800, 5.318274327801128200 ) ) ;
#658 = CARTESIAN_POINT ( 'NONE',  ( 2.335832958818863800, -18.52731969543596700, 8.854448688480763600 ) ) ;
#659 = CARTESIAN_POINT ( 'NONE',  ( 2.467382939208412100, -17.85351636814498000, 9.439591079389703800 ) ) ;
#660 = CARTESIAN_POINT ( 'NONE',  ( 2.270498694099669600, -16.71486451750690700, 9.115056216241797000 ) ) ;
#661 = CARTESIAN_POINT ( 'NONE',  ( 1.109886612822850200, -18.07775134928076400, 9.056281044187528600 ) ) ;
#662 = CARTESIAN_POINT ( 'NONE',  ( 3.297138316654056700, -17.21524878132825600, 7.101920469162119600 ) ) ;
#663 = CARTESIAN_POINT ( 'NONE',  ( 1.036904491714902800, -18.65863235412933500, 6.899999997794817700 ) ) ;
#664 = CARTESIAN_POINT ( 'NONE',  ( 3.595244897704899000, -17.66573415955383900, 8.073489906242748800 ) ) ;
#665 = CARTESIAN_POINT ( 'NONE',  ( 2.139443339644679000, -17.76321799240701800, 6.500000026296189200 ) ) ;
#666 = EDGE_CURVE ( 'NONE', #3316, #6620, #2886, .T. ) ;
#667 = CARTESIAN_POINT ( 'NONE',  ( 3.793228353883247600, -18.49176699722021800, 6.900000000000000400 ) ) ;
#668 = CARTESIAN_POINT ( 'NONE',  ( 1.176786572130537900, -17.98517229475816800, 8.460889315850145900 ) ) ;
#669 = CARTESIAN_POINT ( 'NONE',  ( 4.312129222237999200, -18.80135754694000000, 6.871117638200999500 ) ) ;
#670 = CARTESIAN_POINT ( 'NONE',  ( 2.063102884814994400, -18.02355277319435000, 9.490044088503960800 ) ) ;
#671 = CARTESIAN_POINT ( 'NONE',  ( 2.362273889714118400, -18.75022805796956900, 7.929452431129238500 ) ) ;
#672 = CARTESIAN_POINT ( 'NONE',  ( 3.558016779309069100, -17.37999078620768100, 7.361426917790431000 ) ) ;
#674 = CARTESIAN_POINT ( 'NONE',  ( 3.155874247983034800, -17.82444118373782500, 8.896709676524764600 ) ) ;
#673 = CARTESIAN_POINT ( 'NONE',  ( 2.298620670243810800, -17.49821188489693600, 6.914809671413248500 ) ) ;
#676 = CARTESIAN_POINT ( 'NONE',  ( 2.789997274311649900, -17.01661711000945200, 8.841810115494046900 ) ) ;
#675 = CARTESIAN_POINT ( 'NONE',  ( 2.990989148416088600, -18.91273666808903200, 7.574678848861261700 ) ) ;
#677 = CARTESIAN_POINT ( 'NONE',  ( 3.822558950594138400, -17.70741369115988600, 6.499999993644022900 ) ) ;
#678 = CARTESIAN_POINT ( 'NONE',  ( 2.038017631305507800, -18.52575765921566700, 7.895534381820120900 ) ) ;
#679 = CARTESIAN_POINT ( 'NONE',  ( 1.527756813559304300, -18.92000000000600200, 6.900000000000004800 ) ) ;
#680 = CARTESIAN_POINT ( 'NONE',  ( 3.796808991515068200, -18.12826084125359900, 6.499999993214919100 ) ) ;
#681 = CARTESIAN_POINT ( 'NONE',  ( 2.915896498279349800, -17.10908921250235100, 7.465268345751308500 ) ) ;
#682 = CARTESIAN_POINT ( 'NONE',  ( 3.892933770295816700, -18.16957756803435900, 4.527411491701691700 ) ) ;
#683 = CARTESIAN_POINT ( 'NONE',  ( 2.850251771184177900, -18.05709133719694400, 9.116774179406322200 ) ) ;
#684 = CARTESIAN_POINT ( 'NONE',  ( 2.671569438157160200, -17.17460720591442300, 9.215137371377530000 ) ) ;
#685 = CARTESIAN_POINT ( 'NONE',  ( 1.994569060008554800, -16.65081081603840800, 8.426088552886335800 ) ) ;
#686 = CARTESIAN_POINT ( 'NONE',  ( 1.423390585379222100, -17.79800189047507800, 9.670058150057611700 ) ) ;
#687 = CARTESIAN_POINT ( 'NONE',  ( 2.561013988216627600, -17.27028701089819100, 7.010495075702157100 ) ) ;
#688 = CARTESIAN_POINT ( 'NONE',  ( 0.07266848441507359200, -15.60159352437319500, 9.116867792653963000 ) ) ;
#689 = CARTESIAN_POINT ( 'NONE',  ( 3.170151243426446700, -17.14115797532391700, 7.761312506131409900 ) ) ;
#690 = CARTESIAN_POINT ( 'NONE',  ( 1.479530153623765900, -17.39009628769428100, 9.852904034337710100 ) ) ;
#691 = CARTESIAN_POINT ( 'NONE',  ( 5.026716970811000000, -17.45827793142999700, 6.612376248815998300 ) ) ;
#692 = CARTESIAN_POINT ( 'NONE',  ( 1.348417923421404200, -18.15909099045922300, 9.164601932854184300 ) ) ;
#693 = CARTESIAN_POINT ( 'NONE',  ( 4.550797473923200400, -18.36201184039329300, 6.848617413939302300 ) ) ;
#694 = CARTESIAN_POINT ( 'NONE',  ( 2.420974405855879800, -17.37205241546910600, 9.510196883200217500 ) ) ;
#695 = CARTESIAN_POINT ( 'NONE',  ( 3.029205573238609600, -18.70729943132025900, 8.257798431513260000 ) ) ;
#696 = CARTESIAN_POINT ( 'NONE',  ( 2.869986069868667200, -17.15334254425103200, 7.192223335244976900 ) ) ;
#698 = CARTESIAN_POINT ( 'NONE',  ( 3.082662352342607100, -17.17222989231748500, 8.546837337809501300 ) ) ;
#697 = CARTESIAN_POINT ( 'NONE',  ( 2.102900448145804900, -18.15930369342124700, 6.884455123916506400 ) ) ;
#700 = CARTESIAN_POINT ( 'NONE',  ( 2.387366618633539200, -16.82806489057746200, 8.245375290977200700 ) ) ;
#699 = CARTESIAN_POINT ( 'NONE',  ( 3.620563007650997400, -18.53338532014264900, 7.687777192976589000 ) ) ;
#701 = CARTESIAN_POINT ( 'NONE',  ( 3.874454155784565300, -18.28085969786548800, 6.500000001169607500 ) ) ;
#702 = CARTESIAN_POINT ( 'NONE',  ( 2.608245349012822300, -18.74629242746377100, 8.320571555953224100 ) ) ;
#703 = CARTESIAN_POINT ( 'NONE',  ( 1.418847644633315400, -17.49357648434062500, 9.824556327231755800 ) ) ;
#704 = CARTESIAN_POINT ( 'NONE',  ( 0.6970197337657156900, -16.84548367151186800, 10.01981441857545200 ) ) ;
#705 = CARTESIAN_POINT ( 'NONE',  ( 2.257887960853676400, -17.41112192485830700, 7.290792982566777000 ) ) ;
#706 = CARTESIAN_POINT ( 'NONE',  ( 3.792041276238092200, -17.58688546052605500, 6.900000000000000400 ) ) ;
#707 = CARTESIAN_POINT ( 'NONE',  ( 3.021881587512734500, -17.36087147975352000, 8.919770727146119100 ) ) ;
#708 = CARTESIAN_POINT ( 'NONE',  ( 2.472901295454241800, -16.77042360175888200, 8.623101814745908200 ) ) ;
#709 = ORIENTED_EDGE ( 'NONE', *, *, #6291, .T. ) ;
#710 = CARTESIAN_POINT ( 'NONE',  ( 1.569542495600944500, -17.11055414301754900, 8.024745042854020100 ) ) ;
#711 = CARTESIAN_POINT ( 'NONE',  ( 1.792720781788848400, -17.16378814844486900, 9.789688252632222600 ) ) ;
#712 = CARTESIAN_POINT ( 'NONE',  ( 2.130811064572449600, -17.80670215544859000, 6.952982365234141100 ) ) ;
#713 = CARTESIAN_POINT ( 'NONE',  ( 2.486990897082880500, -17.17545766888899200, 7.466469824044749800 ) ) ;
#714 = CARTESIAN_POINT ( 'NONE',  ( 0.9709905197085751900, -17.81040013732173600, 8.425481302446026900 ) ) ;
#715 = CARTESIAN_POINT ( 'NONE',  ( 5.077572290070000900, -17.24064133276999300, 6.736751149921000900 ) ) ;
#716 = CARTESIAN_POINT ( 'NONE',  ( 1.738124829362119900, -17.78912328514534000, 9.678830463599617000 ) ) ;
#717 = CARTESIAN_POINT ( 'NONE',  ( 1.768056478843964600, -16.42825201214524400, 8.736767921306297400 ) ) ;
#718 = CARTESIAN_POINT ( 'NONE',  ( 2.445561368564177100, -16.80794699265202000, 9.026090375746687000 ) ) ;
#719 = CARTESIAN_POINT ( 'NONE',  ( 3.497152990615178600, -18.13548282378897300, 8.341353376181933400 ) ) ;
#720 = EDGE_CURVE ( 'NONE', #4446, #1219, #4134, .T. ) ;
#721 = CARTESIAN_POINT ( 'NONE',  ( 2.235171529849346400, -17.52990737279596800, 7.101276347690220100 ) ) ;
#723 = CARTESIAN_POINT ( 'NONE',  ( 2.594541061108930800, -16.93822149564156000, 8.036567252883399300 ) ) ;
#722 = CARTESIAN_POINT ( 'NONE',  ( 2.473845763164104200, -18.80298129392435800, 6.921136946083547200 ) ) ;
#724 = CARTESIAN_POINT ( 'NONE',  ( 1.867971985347600000, -17.20379992312453500, 7.866306633281586100 ) ) ;
#725 = CARTESIAN_POINT ( 'NONE',  ( 2.268050271554313800, -17.52954820421844000, 6.800000000000000700 ) ) ;
#726 = CARTESIAN_POINT ( 'NONE',  ( 3.204709024560485000, -18.37770382941516100, 8.568167953336752500 ) ) ;
#727 = CARTESIAN_POINT ( 'NONE',  ( 1.076195803845597400, -17.96328732663764100, 9.359353926038034300 ) ) ;
#728 = FACE_OUTER_BOUND ( 'NONE', #1305, .T. ) ;
#729 = CARTESIAN_POINT ( 'NONE',  ( 2.758542722675988700, -17.30730213518813100, 6.799219218016627800 ) ) ;
#730 = CARTESIAN_POINT ( 'NONE',  ( 2.023070074620228800, -18.06138656459208000, 7.285310016224438600 ) ) ;
#731 = CARTESIAN_POINT ( 'NONE',  ( 3.250050520263177800, -17.18364117439524500, 6.109137163900562900 ) ) ;
#732 = CARTESIAN_POINT ( 'NONE',  ( 2.737339551756732300, -16.91102791672788200, 8.400139977669592600 ) ) ;
#733 = VERTEX_POINT ( 'NONE', #3941 ) ;
#734 = CARTESIAN_POINT ( 'NONE',  ( 2.003593409609674100, -16.91843066555612700, 8.063941057606072600 ) ) ;
#735 = CARTESIAN_POINT ( 'NONE',  ( 1.330674939425930300, -17.74870410706173700, 8.133512633053365800 ) ) ;
#736 = CARTESIAN_POINT ( 'NONE',  ( 1.966715808599730700, -16.60440088744377000, 9.329848856873974600 ) ) ;
#737 = CARTESIAN_POINT ( 'NONE',  ( 2.225287794771318800, -18.54267028394927400, 7.003114006750959900 ) ) ;
#738 = CARTESIAN_POINT ( 'NONE',  ( 2.076790581796208000, -18.13704636942020800, 4.527411491701691700 ) ) ;
#739 = CARTESIAN_POINT ( 'NONE',  ( 2.047139099495904400, -17.69678098817285400, 7.351855551272120900 ) ) ;
#740 = CARTESIAN_POINT ( 'NONE',  ( -0.6546231971117115700, -17.12186425222151300, 9.522724200238448200 ) ) ;
#741 = CARTESIAN_POINT ( 'NONE',  ( 5.045767605566001500, -17.01860377569000000, 6.861126051024999800 ) ) ;
#742 = CARTESIAN_POINT ( 'NONE',  ( 2.080796828928648700, -17.12954119849548800, 9.657423723866255500 ) ) ;
#743 = CARTESIAN_POINT ( 'NONE',  ( 0.9746993457430535000, -17.80359211561054900, 8.425926647949785000 ) ) ;
#744 = CARTESIAN_POINT ( 'NONE',  ( 2.117532558254249700, -16.71619166780605100, 8.363599212967875100 ) ) ;
#745 = CARTESIAN_POINT ( 'NONE',  ( 3.451323079861649200, -17.42538066800808800, 8.125517803367278800 ) ) ;
#746 = CARTESIAN_POINT ( 'NONE',  ( 2.083897792997059000, -18.20467036874332900, 7.100287442414678000 ) ) ;
#748 = CARTESIAN_POINT ( 'NONE',  ( 2.020812208670176100, -17.28506651140293100, 7.712261246251783200 ) ) ;
#747 = CARTESIAN_POINT ( 'NONE',  ( 3.203669557510257200, -18.94623003033684200, 6.962591541012057100 ) ) ;
#749 = CARTESIAN_POINT ( 'NONE',  ( 1.623171813185292800, -17.84875688728028500, 7.913511420381742500 ) ) ;
#750 = PLANE ( 'NONE',  #2302 ) ;
#751 = CARTESIAN_POINT ( 'NONE',  ( 3.424009732010761600, -17.67367942106437400, 8.472317658529155100 ) ) ;
#752 = CARTESIAN_POINT ( 'NONE',  ( 0.9516560804774119000, -17.92259867877509200, 8.627394406600611600 ) ) ;
#753 = CARTESIAN_POINT ( 'NONE',  ( 2.322768439960539500, -18.70963682338134900, 7.492391977410255400 ) ) ;
#754 = CARTESIAN_POINT ( 'NONE',  ( 2.486557049145937400, -17.28320860111360700, 5.318274327801128200 ) ) ;
#755 = CARTESIAN_POINT ( 'NONE',  ( 2.186926214524440600, -17.01591044706285100, 7.909363503088422400 ) ) ;
#756 = CARTESIAN_POINT ( 'NONE',  ( 1.636042280011913400, -17.47819693192550600, 7.891436807626394800 ) ) ;
#757 = CARTESIAN_POINT ( 'NONE',  ( 1.366215633985876000, -18.21404390744275400, 8.712703936003016700 ) ) ;
#758 = CARTESIAN_POINT ( 'NONE',  ( 3.244367984334289200, -17.93564265748758400, 8.774138938281952300 ) ) ;
#759 = CARTESIAN_POINT ( 'NONE',  ( 1.825887253147087600, -16.50399071859569100, 8.606327606182620800 ) ) ;
#760 = CARTESIAN_POINT ( 'NONE',  ( 2.841165208864116800, -18.95279880122246800, 7.089172654896389100 ) ) ;
#761 = CARTESIAN_POINT ( 'NONE',  ( 2.575467856827576600, -18.86358530105107100, 6.900000000000000400 ) ) ;
#762 = CARTESIAN_POINT ( 'NONE',  ( 2.066566394752453700, -18.42121237112213100, 7.518445462292505400 ) ) ;
#763 = CARTESIAN_POINT ( 'NONE',  ( 3.706359911678774200, -18.44557542726829500, 6.800563182518263100 ) ) ;
#764 = CARTESIAN_POINT ( 'NONE',  ( 4.876543162092001000, -16.77487448847000500, 6.488001347711999300 ) ) ;
#765 = CARTESIAN_POINT ( 'NONE',  ( 2.142635609214359200, -16.62741926866669600, 9.110814441660892300 ) ) ;
#766 = CARTESIAN_POINT ( 'NONE',  ( 1.007339022981220000, -18.01021059568327600, 9.139490872122211200 ) ) ;
#767 = CARTESIAN_POINT ( 'NONE',  ( 1.662156722951019900, -17.15979800120586800, 7.977679027193010700 ) ) ;
#768 = CARTESIAN_POINT ( 'NONE',  ( 2.918955389197931200, -17.05965505831823800, 7.755002953735903800 ) ) ;
#769 = CARTESIAN_POINT ( 'NONE',  ( 2.487195921604304200, -18.81665028054937100, 7.233132999294620700 ) ) ;
#771 = CARTESIAN_POINT ( 'NONE',  ( 1.782087351571377100, -17.93325377787830300, 7.743703447370847900 ) ) ;
#770 = CARTESIAN_POINT ( 'NONE',  ( 3.791176548136347100, -18.49067603276202800, 6.980350602242604700 ) ) ;
#772 = CARTESIAN_POINT ( 'NONE',  ( 1.752233444306560100, -18.40627798509660100, 8.388647150175053500 ) ) ;
#773 = CARTESIAN_POINT ( 'NONE',  ( 0.9339410425038536800, -19.04891200005545600, 6.849127384410598700 ) ) ;
#774 = CARTESIAN_POINT ( 'NONE',  ( 3.113834039835374800, -17.11121358700904700, 8.095654600947234800 ) ) ;
#775 = CARTESIAN_POINT ( 'NONE',  ( 1.127737916177243200, -17.40293921556314800, 8.125518250275742800 ) ) ;
#776 = CARTESIAN_POINT ( 'NONE',  ( 0.4210397009100164700, -16.69874248509226800, 8.247160463153447200 ) ) ;
#777 = CARTESIAN_POINT ( 'NONE',  ( 1.793754444659130300, -17.56205397735670100, 7.750199984046194100 ) ) ;
#778 = CARTESIAN_POINT ( 'NONE',  ( 1.531370828014491500, -18.13664384050196800, 8.220911359883700700 ) ) ;
#779 = CARTESIAN_POINT ( 'NONE',  ( 1.716994390294129100, -18.15575082210425600, 9.367255412239098100 ) ) ;
#780 = CARTESIAN_POINT ( 'NONE',  ( 3.195087366307227700, -17.25753763026519000, 8.470499635513716500 ) ) ;
#781 = CARTESIAN_POINT ( 'NONE',  ( 1.467852716173189400, -16.92690421442542400, 8.110237242341009200 ) ) ;
#782 = CARTESIAN_POINT ( 'NONE',  ( 3.555498950596196900, -18.75543824627063900, 7.152058854637431300 ) ) ;
#783 = CARTESIAN_POINT ( 'NONE',  ( 3.261577589972442800, -18.92984643840875900, 6.109137163900562900 ) ) ;
#784 = CARTESIAN_POINT ( 'NONE',  ( 2.595728968509572800, -18.84175727799781400, 7.828379969393981100 ) ) ;
#785 = CARTESIAN_POINT ( 'NONE',  ( 3.498359033086960900, -18.69600879263381500, 6.800447424314745200 ) ) ;
#786 = CARTESIAN_POINT ( 'NONE',  ( 4.687992079714998500, -16.65637781538000100, 6.612376248815998300 ) ) ;
#787 = CARTESIAN_POINT ( 'NONE',  ( 1.881174337500537600, -16.62758202000948800, 8.414378147397656000 ) ) ;
#788 = CARTESIAN_POINT ( 'NONE',  ( 1.302827930194917500, -17.67842702331540400, 9.735759614953027000 ) ) ;
#789 = CARTESIAN_POINT ( 'NONE',  ( 1.431361289236043400, -17.80223998889561400, 8.078303253450707500 ) ) ;
#790 = CARTESIAN_POINT ( 'NONE',  ( 2.265645254751440100, -17.28946244081829800, 7.484254210369384100 ) ) ;
#791 = CARTESIAN_POINT ( 'NONE',  ( 3.212437014105459000, -18.90371793075122000, 7.373788959514458300 ) ) ;
#793 = CARTESIAN_POINT ( 'NONE',  ( 1.978958300966648300, -18.52682972977569200, 8.146382053057234200 ) ) ;
#792 = CARTESIAN_POINT ( 'NONE',  ( 3.840318188557894500, -17.74886810080287000, 6.962591541009895300 ) ) ;
#794 = CARTESIAN_POINT ( 'NONE',  ( 2.227660103180984000, -18.46980316784317800, 8.957249584030275700 ) ) ;
#795 = CARTESIAN_POINT ( 'NONE',  ( 1.508681673649872900, -19.47577440316453600, 6.899999997794818500 ) ) ;
#796 = CARTESIAN_POINT ( 'NONE',  ( 2.487190341346165100, -17.07657110114122300, 7.696846351066123600 ) ) ;
#797 = CARTESIAN_POINT ( 'NONE',  ( 1.772682631787411400, -16.42236190438270800, 8.744250681490495200 ) ) ;
#798 = CARTESIAN_POINT ( 'NONE',  ( -0.1549765313353596300, -16.39246922161707000, 10.08841767568964300 ) ) ;
#799 = CARTESIAN_POINT ( 'NONE',  ( 1.736691928396113700, -18.24581500609467000, 8.037039049863993900 ) ) ;
#800 = CARTESIAN_POINT ( 'NONE',  ( 1.829652168768424200, -18.43442701819528700, 8.833886853604473900 ) ) ;
#801 = CARTESIAN_POINT ( 'NONE',  ( 2.142119284276580600, -17.61385673221030100, 9.647663887237842000 ) ) ;
#802 = CARTESIAN_POINT ( 'NONE',  ( 2.702952082260779300, -16.97033436041660400, 7.992746989428556300 ) ) ;
#803 = CARTESIAN_POINT ( 'NONE',  ( 1.188160999250643700, -17.55833792048505200, 8.143651444835480600 ) ) ;
#804 = CARTESIAN_POINT ( 'NONE',  ( 3.884657109976180900, -18.08867072333557900, 7.149440974782973700 ) ) ;
#805 = CARTESIAN_POINT ( 'NONE',  ( 3.793228353883247600, -18.49176699722021800, 5.318274327801128200 ) ) ;
#806 = CARTESIAN_POINT ( 'NONE',  ( 3.278101652939069400, -18.66957907766762800, 8.071637076830805700 ) ) ;
#807 = CARTESIAN_POINT ( 'NONE',  ( 3.181212587175066700, -18.84936561558047400, 6.800321350319922700 ) ) ;
#808 = FACE_OUTER_BOUND ( 'NONE', #98, .T. ) ;
#809 = CARTESIAN_POINT ( 'NONE',  ( 4.493449404212001700, -16.61572421911000000, 6.736751149921000900 ) ) ;
#810 = CARTESIAN_POINT ( 'NONE',  ( 1.475641026406258700, -17.12605784047770300, 8.040043384299499600 ) ) ;
#811 = CARTESIAN_POINT ( 'NONE',  ( 1.661910533334357800, -17.03008658609492100, 9.807635862979372700 ) ) ;
#812 = CARTESIAN_POINT ( 'NONE',  ( 1.510633596598291100, -18.29083230026549600, 8.633515186640783800 ) ) ;
#813 = CARTESIAN_POINT ( 'NONE',  ( 1.959833394169421700, -17.90700782013791000, 7.449779214488673400 ) ) ;
#814 = CARTESIAN_POINT ( 'NONE',  ( 3.766897835912830200, -18.41105292965352900, 7.427114729345380100 ) ) ;
#816 = CARTESIAN_POINT ( 'NONE',  ( 2.535533442245264900, -18.63350232598188700, 8.628273901843748200 ) ) ;
#815 = CARTESIAN_POINT ( 'NONE',  ( 3.313447317269774900, -17.22392043077696400, 6.921136946080697100 ) ) ;
#817 = CARTESIAN_POINT ( 'NONE',  ( 1.507175898914775900, -19.51964674654693300, 6.500000039759099100 ) ) ;
#818 = B_SPLINE_CURVE_WITH_KNOTS ( 'NONE', 1,
 ( #3658, #2474 ),
 .UNSPECIFIED., .F., .F.,
 ( 2, 2 ),
 ( 0.0000000000000000000, 1.000000000000000000 ),
 .UNSPECIFIED. ) ;
#819 = CARTESIAN_POINT ( 'NONE',  ( 2.016915306144896100, -17.54728459615978100, 7.514672750053971800 ) ) ;
#820 = CARTESIAN_POINT ( 'NONE',  ( -0.3054857146740654900, -16.05675745146189800, 8.435158055675474400 ) ) ;
#821 = CARTESIAN_POINT ( 'NONE',  ( 1.038371576360764200, -17.93889319612835500, 9.105001693586324100 ) ) ;
#822 = CARTESIAN_POINT ( 'NONE',  ( 2.123547972985158500, -18.59069418922403500, 8.570692762368889100 ) ) ;
#823 = CARTESIAN_POINT ( 'NONE',  ( 2.330813985691566600, -18.16589729049167400, 9.314990577507115800 ) ) ;
#824 = CARTESIAN_POINT ( 'NONE',  ( 2.353643021341765600, -16.95838889257028400, 9.367255412236936300 ) ) ;
#825 = CARTESIAN_POINT ( 'NONE',  ( 2.104040193527151500, -17.26517109644133200, 7.665170593025558300 ) ) ;
#826 = CARTESIAN_POINT ( 'NONE',  ( 1.097929692313633200, -18.04536327610458100, 8.699633861531459900 ) ) ;
#827 = CARTESIAN_POINT ( 'NONE',  ( 3.601427440950522900, -17.40307264443767800, 7.082594857839645800 ) ) ;
#828 = CARTESIAN_POINT ( 'NONE',  ( -0.4002921160959838100, -16.26203261146630300, 8.512725270870085100 ) ) ;
#829 = CARTESIAN_POINT ( 'NONE',  ( 3.645075486033603900, -18.02291850511126700, 8.081163701708577600 ) ) ;
#830 = CARTESIAN_POINT ( 'NONE',  ( 2.828941479974282500, -18.85165706237876300, 6.800210097177792800 ) ) ;
#831 = CARTESIAN_POINT ( 'NONE',  ( 2.479091482938699600, -19.51240227056669200, 6.900036467719999700 ) ) ;
#832 = CARTESIAN_POINT ( 'NONE',  ( 1.248048482175548200, -17.76024140672839000, 8.194882674089843300 ) ) ;
#833 = CARTESIAN_POINT ( 'NONE',  ( 1.837992369034188800, -16.51042712288297700, 9.305759706654505700 ) ) ;
#834 = CARTESIAN_POINT ( 'NONE',  ( 1.910834006118878200, -18.25881717406843300, 9.260967271371097100 ) ) ;
#835 = CARTESIAN_POINT ( 'NONE',  ( 2.141594715404067500, -18.58083057173538000, 7.706886738451642800 ) ) ;
#836 = CARTESIAN_POINT ( 'NONE',  ( 3.771547249302959600, -17.66977537400673300, 7.356107299830719100 ) ) ;
#838 = CARTESIAN_POINT ( 'NONE',  ( 3.075451322874893200, -18.17683206283767900, 8.861719911732651100 ) ) ;
#837 = CARTESIAN_POINT ( 'NONE',  ( 2.572384414106477600, -17.27633277358607700, 6.884455123914913900 ) ) ;
#839 = CARTESIAN_POINT ( 'NONE',  ( 0.9825135876729156300, -19.17554922231237300, 6.500000069122724400 ) ) ;
#840 = CARTESIAN_POINT ( 'NONE',  ( 1.923869865335469600, -18.26574846336657700, 7.682486666221698200 ) ) ;
#841 = CARTESIAN_POINT ( 'NONE',  ( -0.03607171058812099600, -16.20000741845601400, 10.16563759452931500 ) ) ;
#842 = CARTESIAN_POINT ( 'NONE',  ( 3.791869801967076500, -17.98021522237730000, 7.655312546213190600 ) ) ;
#843 = CARTESIAN_POINT ( 'NONE',  ( 0.5633131386933538700, -17.15638337628667600, 8.334870459083966000 ) ) ;
#844 = CARTESIAN_POINT ( 'NONE',  ( 2.694229077865574900, -18.35912852260992500, 8.989539504188979200 ) ) ;
#845 = CARTESIAN_POINT ( 'NONE',  ( 2.690691097227137600, -17.51546332414851300, 9.333831937389621900 ) ) ;
#846 = CARTESIAN_POINT ( 'NONE',  ( 2.205817188091546900, -16.63498304429536000, 8.712703936000167500 ) ) ;
#847 = CARTESIAN_POINT ( 'NONE',  ( 1.834112944167621200, -17.90179666199945200, 7.663152687088409500 ) ) ;
#848 = CARTESIAN_POINT ( 'NONE',  ( 1.323215972695336300, -18.02596594068014800, 9.408012490589944900 ) ) ;
#849 = CARTESIAN_POINT ( 'NONE',  ( 2.900313569236247600, -17.16946796170388400, 6.997426048079384800 ) ) ;
#850 = CARTESIAN_POINT ( 'NONE',  ( 1.744257499252861000, -16.49039316942455000, 8.783047024178355100 ) ) ;
#851 = CARTESIAN_POINT ( 'NONE',  ( 3.451008482173339300, -17.34255270599865300, 7.852316975126960600 ) ) ;
#852 = CARTESIAN_POINT ( 'NONE',  ( 2.198911298747261000, -18.15090714624371800, 6.799159994750835900 ) ) ;
#853 = CARTESIAN_POINT ( 'NONE',  ( 2.977794001220000400, -19.55790258048000400, 6.889247048010001400 ) ) ;
#854 = CARTESIAN_POINT ( 'NONE',  ( 1.281571350551470500, -18.17560832507285400, 8.811971301341932500 ) ) ;
#855 = CARTESIAN_POINT ( 'NONE',  ( 1.713452645666003300, -16.46973847502042800, 8.573800187217081300 ) ) ;
#856 = CARTESIAN_POINT ( 'NONE',  ( 2.357131032335946200, -17.72818050657206300, 9.529766424075976500 ) ) ;
#857 = CARTESIAN_POINT ( 'NONE',  ( 2.752007489701811400, -18.82273211358466700, 8.058733821452234400 ) ) ;
#858 = CARTESIAN_POINT ( 'NONE',  ( 3.223192341030040700, -17.18894624153945100, 7.209529932746542100 ) ) ;
#860 = CARTESIAN_POINT ( 'NONE',  ( 3.227931629715385100, -17.47043023058768400, 8.686404620404028200 ) ) ;
#859 = CARTESIAN_POINT ( 'NONE',  ( 2.138185775275214300, -17.81062335868524500, 6.838318507308671600 ) ) ;
#861 = CARTESIAN_POINT ( 'NONE',  ( 1.744300713197199900, -16.83603285960097700, 9.703531005157522300 ) ) ;
#862 = CARTESIAN_POINT ( 'NONE',  ( 2.348257039023885300, -18.73620458478637100, 8.074211083823762200 ) ) ;
#863 = CARTESIAN_POINT ( 'NONE',  ( 3.639787556601231900, -17.39086803248401500, 6.900000000000000400 ) ) ;
#864 = CARTESIAN_POINT ( 'NONE',  ( 3.482172109086633300, -17.32664822682459200, 7.481593916777673500 ) ) ;
#865 = CARTESIAN_POINT ( 'NONE',  ( 3.056828758066035200, -17.71014217170423800, 9.005942707502725900 ) ) ;
#867 = CARTESIAN_POINT ( 'NONE',  ( 2.667100155861114300, -16.92574125533728600, 8.881228461499086200 ) ) ;
#866 = CARTESIAN_POINT ( 'NONE',  ( 3.002398774328800100, -18.88173902636886900, 7.740210231761906800 ) ) ;
#868 = CARTESIAN_POINT ( 'NONE',  ( 1.800158905386603200, -16.86573318722657100, 8.133512633051772400 ) ) ;
#869 = CARTESIAN_POINT ( 'NONE',  ( 2.011166672188209300, -18.53093999164871200, 8.020312067067603600 ) ) ;
#870 = CARTESIAN_POINT ( 'NONE',  ( 2.258466824705589900, -17.54229370078467900, 6.951647781657846400 ) ) ;
#871 = CARTESIAN_POINT ( 'NONE',  ( 1.154472092125609300, -16.58654765587614200, 9.777875424719404400 ) ) ;
#872 = CARTESIAN_POINT ( 'NONE',  ( 2.823755599622700200, -17.09169711976100100, 7.539144291726460200 ) ) ;
#873 = DIRECTION ( 'NONE',  ( -0.01540465520569629700, 0.008202626913794556700, 0.9998476951564705400 ) ) ;
#874 = CARTESIAN_POINT ( 'NONE',  ( 2.755920853189358400, -17.94022081557163200, 9.232701367933472600 ) ) ;
#875 = CARTESIAN_POINT ( 'NONE',  ( 1.478136183849299900, -19.52484230940329700, 6.852446001640701400 ) ) ;
#876 = VERTEX_POINT ( 'NONE', #640 ) ;
#877 = CARTESIAN_POINT ( 'NONE',  ( 1.615296945543324400, -18.05450349260578200, 9.465340487680734300 ) ) ;
#878 = CARTESIAN_POINT ( 'NONE',  ( 1.370800804878285600, -16.93944931731744700, 8.108597786023361600 ) ) ;
#879 = CARTESIAN_POINT ( 'NONE',  ( 2.547482637166514700, -17.06145524453446400, 9.260967271368937000 ) ) ;
#880 = CARTESIAN_POINT ( 'NONE',  ( 3.371880118268167700, -18.46659027664153300, 8.263694882466401400 ) ) ;
#881 = CARTESIAN_POINT ( 'NONE',  ( 2.496761323700184700, -17.29159382945687200, 7.087046910984093500 ) ) ;
#883 = CARTESIAN_POINT ( 'NONE',  ( 2.892879443739803300, -16.99372994429547400, 8.223980154322040500 ) ) ;
#882 = CARTESIAN_POINT ( 'NONE',  ( 2.235079165411751700, -18.54787644806797800, 6.850875311938247900 ) ) ;
#884 = CARTESIAN_POINT ( 'NONE',  ( 3.367374551946204600, -18.78898679360994700, 6.499004102857182600 ) ) ;
#885 = CARTESIAN_POINT ( 'NONE',  ( 2.998635452886043900, -18.63557444370972500, 8.420835274684687700 ) ) ;
#886 = CARTESIAN_POINT ( 'NONE',  ( 2.382586157377570400, -18.76681740426728600, 6.500000036586806500 ) ) ;
#887 = FACE_OUTER_BOUND ( 'NONE', #2970, .T. ) ;
#888 = CARTESIAN_POINT ( 'NONE',  ( 2.790575421485541600, -17.14818340096049100, 7.273702088592772300 ) ) ;
#889 = CARTESIAN_POINT ( 'NONE',  ( 2.967836802724159300, -17.08564576692161600, 8.611908153632477100 ) ) ;
#891 = CARTESIAN_POINT ( 'NONE',  ( 2.273140738961344300, -16.79893000513214600, 8.261848638249768200 ) ) ;
#890 = CARTESIAN_POINT ( 'NONE',  ( 3.601929084376641800, -18.45676525419088100, 7.860262444310206900 ) ) ;
#892 = CARTESIAN_POINT ( 'NONE',  ( 1.466632554655103600, -17.45355217741566300, 7.993873128145118300 ) ) ;
#893 = EDGE_CURVE ( 'NONE', #2944, #3404, #6714, .T. ) ;
#894 = CARTESIAN_POINT ( 'NONE',  ( 2.577001504009006200, -18.69261553296413700, 8.475369752971282400 ) ) ;
#895 = CARTESIAN_POINT ( 'NONE',  ( 2.105442477923878700, -18.21612588092143900, 6.929374257940345700 ) ) ;
#896 = CARTESIAN_POINT ( 'NONE',  ( 2.950053479738563600, -19.52524476411819500, 6.899999997794734200 ) ) ;
#897 = CARTESIAN_POINT ( 'NONE',  ( 2.194073122909567800, -17.44262296792127000, 7.356712182518728000 ) ) ;
#898 = VERTEX_POINT ( 'NONE', #1213 ) ;
#899 = CARTESIAN_POINT ( 'NONE',  ( 4.963095508285944900, -17.48136764587040700, 6.899999997794806100 ) ) ;
#900 = CARTESIAN_POINT ( 'NONE',  ( 2.907003762717769400, -17.25261601787270700, 8.993154108240187100 ) ) ;
#901 = CARTESIAN_POINT ( 'NONE',  ( 2.021325626450581700, -17.48291572222919000, 9.713047124437197900 ) ) ;
#902 = CARTESIAN_POINT ( 'NONE',  ( 1.099214283634959400, -17.57016372702693400, 8.190227060758738600 ) ) ;
#903 = CARTESIAN_POINT ( 'NONE',  ( 2.350235150703961800, -16.71177143711810200, 8.633515186637930900 ) ) ;
#904 = VECTOR ( 'NONE', #7167, 100.0000000000000000 ) ;
#905 = B_SPLINE_CURVE_WITH_KNOTS ( 'NONE', 3,
 ( #5139, #1359, #2471, #6336 ),
 .UNSPECIFIED., .F., .F.,
 ( 4, 4 ),
 ( 0.0000000000000000000, 0.3002380414962132500 ),
 .UNSPECIFIED. ) ;
#906 = CARTESIAN_POINT ( 'NONE',  ( 2.103385347522559000, -17.85755163730092200, 7.030741096571036400 ) ) ;
#908 = CARTESIAN_POINT ( 'NONE',  ( 2.294760705161746500, -17.07324706279352400, 7.787233388561221000 ) ) ;
#907 = CARTESIAN_POINT ( 'NONE',  ( 2.855105146776118400, -18.96021079768747000, 6.872430992117352300 ) ) ;
#909 = VERTEX_POINT ( 'NONE', #5089 ) ;
#910 = CARTESIAN_POINT ( 'NONE',  ( 2.910837937134331800, -16.56601404449069300, 6.499999993950675400 ) ) ;
#911 = CARTESIAN_POINT ( 'NONE',  ( 1.619290205926508900, -17.66430220417553400, 9.749969826334174500 ) ) ;
#912 = CARTESIAN_POINT ( 'NONE',  ( 2.900696794752441100, -18.87238618605498200, 6.599122257548086300 ) ) ;
#913 = CARTESIAN_POINT ( 'NONE',  ( 3.433625191795873600, -18.03627249970565700, 8.488395121916967800 ) ) ;
#914 = CARTESIAN_POINT ( 'NONE',  ( 2.140510246862778100, -17.76394632252614500, 6.600000017530790700 ) ) ;
#915 = ADVANCED_FACE ( 'NONE', ( #4959 ), #3994, .T. ) ;
#916 = CARTESIAN_POINT ( 'NONE',  ( 2.185248172929253200, -17.57007488625873400, 7.172991694963506900 ) ) ;
#917 = CARTESIAN_POINT ( 'NONE',  ( 2.484377259036659100, -16.91124645516824300, 8.072678860596223400 ) ) ;
#919 = CARTESIAN_POINT ( 'NONE',  ( 1.779358426148684300, -17.22211525220319200, 7.901042049598941300 ) ) ;
#918 = CARTESIAN_POINT ( 'NONE',  ( 3.709641136513951700, -17.72655971867595400, 7.770104601699051400 ) ) ;
#920 = CARTESIAN_POINT ( 'NONE',  ( 1.343460937539717300, -18.07379462686284200, 8.385100048866982900 ) ) ;
#921 = CARTESIAN_POINT ( 'NONE',  ( 3.146135715077626100, -18.28112785404109900, 8.719963425718825400 ) ) ;
#922 = CARTESIAN_POINT ( 'NONE',  ( 2.518271859799236200, -18.83317364998584200, 6.986608737024646100 ) ) ;
#923 =( GEOMETRIC_REPRESENTATION_CONTEXT ( 3 ) GLOBAL_UNCERTAINTY_ASSIGNED_CONTEXT ( ( #2402 ) ) GLOBAL_UNIT_ASSIGNED_CONTEXT ( ( #2105, #5977, #2660 ) ) REPRESENTATION_CONTEXT ( 'NONE', 'WORKASPACE' ) );
#924 = CARTESIAN_POINT ( 'NONE',  ( 0.9459907099986000200, -18.75148415472000000, 6.736751149921000900 ) ) ;
#925 = CARTESIAN_POINT ( 'NONE',  ( 2.000195082130041600, -18.10469428162736300, 7.375234171093136800 ) ) ;
#926 = DIRECTION ( 'NONE',  ( -0.03429631001004116600, -0.9992593140067260700, -0.01745240643872566000 ) ) ;
#927 = CARTESIAN_POINT ( 'NONE',  ( 2.618092204832550300, -16.85419355913614900, 8.433984088646031600 ) ) ;
#928 = CARTESIAN_POINT ( 'NONE',  ( 2.223624034233455700, -16.84673000106023000, 9.383206381301620900 ) ) ;
#929 = CARTESIAN_POINT ( 'NONE',  ( 1.004703045519101100, -18.00880902160566100, 8.783437455372627800 ) ) ;
#930 = CARTESIAN_POINT ( 'NONE',  ( 1.900845255196716500, -16.91926906906044800, 8.078303253449114200 ) ) ;
#931 = CARTESIAN_POINT ( 'NONE',  ( 2.243909038069514600, -18.58417146675647300, 7.112768831393140100 ) ) ;
#933 = CARTESIAN_POINT ( 'NONE',  ( 1.885421877820634200, -17.61079441614522900, 7.639353011470764600 ) ) ;
#932 = CARTESIAN_POINT ( 'NONE',  ( 3.572470398248414700, -18.76446212505677400, 6.888182515508102500 ) ) ;
#934 = CARTESIAN_POINT ( 'NONE',  ( 3.354208362398625200, -17.35267094650749100, 6.800031003745527200 ) ) ;
#935 = CARTESIAN_POINT ( 'NONE',  ( 1.970179999772570400, -16.97713708489731100, 6.500000017835458400 ) ) ;
#936 = CARTESIAN_POINT ( 'NONE',  ( 1.950503765535677800, -17.00114353365882600, 9.679471676766041800 ) ) ;
#937 = CARTESIAN_POINT ( 'NONE',  ( 2.384262618069697700, -18.59510418016467900, 6.699053755659612400 ) ) ;
#938 = CARTESIAN_POINT ( 'NONE',  ( 3.355235210996564600, -17.34268974974747500, 8.228705640252288200 ) ) ;
#939 = CARTESIAN_POINT ( 'NONE',  ( 3.731966657448483100, -18.61041995695432000, 6.799999999999902100 ) ) ;
#940 = CARTESIAN_POINT ( 'NONE',  ( 2.076314602584509800, -18.25245709007369800, 7.193910129527318500 ) ) ;
#941 = CARTESIAN_POINT ( 'NONE',  ( 1.938458544265069000, -17.30671028558465700, 7.758562264578822400 ) ) ;
#943 = CARTESIAN_POINT ( 'NONE',  ( 1.557957789860243900, -17.86955254229321700, 7.989144468023452500 ) ) ;
#942 = CARTESIAN_POINT ( 'NONE',  ( 3.256504919637442300, -17.18707303942450800, 7.532297665884167200 ) ) ;
#944 = CARTESIAN_POINT ( 'NONE',  ( 1.585711596661764500, -18.28526227459531800, 9.056701035733754100 ) ) ;
#945 = CARTESIAN_POINT ( 'NONE',  ( 3.330891113161246900, -17.57234859796344400, 8.585841183392984600 ) ) ;
#946 = DIRECTION ( 'NONE',  ( 0.9994115292234103700, -0.03430153429986201900, 0.0000000000000000000 ) ) ;
#947 = CARTESIAN_POINT ( 'NONE',  ( 3.253604577583319100, -18.92560711253158000, 7.047208209090419100 ) ) ;
#948 = CARTESIAN_POINT ( 'NONE',  ( 0.9223509849469999600, -18.97453880388999900, 6.861126051024999800 ) ) ;
#949 = CARTESIAN_POINT ( 'NONE',  ( 2.326531854800837800, -18.72465309943117300, 7.625078545116389600 ) ) ;
#950 = DIRECTION ( 'NONE',  ( -0.0000000000000000000, 0.0000000000000000000, 1.000000000000000000 ) ) ;
#951 = CARTESIAN_POINT ( 'NONE',  ( 2.087591755169698500, -17.01856394442642200, 7.939192733074820700 ) ) ;
#952 = CARTESIAN_POINT ( 'NONE',  ( 2.083266843992507500, -16.58283710336856500, 8.702331323341546500 ) ) ;
#953 = ADVANCED_FACE ( 'NONE', ( #5067 ), #1616, .T. ) ;
#954 = CARTESIAN_POINT ( 'NONE',  ( 1.212576519858719300, -17.93007365266331000, 9.493341705917062600 ) ) ;
#955 = CARTESIAN_POINT ( 'NONE',  ( 1.556635324229880300, -17.50140749887447500, 7.940809416688214400 ) ) ;
#956 = CARTESIAN_POINT ( 'NONE',  ( 2.879608145823992600, -18.94770897571687500, 7.241833043456731300 ) ) ;
#958 = CARTESIAN_POINT ( 'NONE',  ( 1.856031221518998000, -18.30926883381638600, 7.892730445425851100 ) ) ;
#957 = CARTESIAN_POINT ( 'NONE',  ( 3.901502359379712500, -18.09762750132262400, 6.887526797783246800 ) ) ;
#959 = CARTESIAN_POINT ( 'NONE',  ( 3.797567902324191300, -18.15505243953451100, 6.800587691765436200 ) ) ;
#960 = CARTESIAN_POINT ( 'NONE',  ( 2.014797528237280800, -16.54643132240127900, 9.094635320280305600 ) ) ;
#961 = CARTESIAN_POINT ( 'NONE',  ( 2.195738881282589100, -18.15782909687920100, 6.799089683805391400 ) ) ;
#962 = CARTESIAN_POINT ( 'NONE',  ( 2.817298625986945500, -17.03113349619420400, 7.820104593238215600 ) ) ;
#963 = CARTESIAN_POINT ( 'NONE',  ( 4.986385284651249500, -17.49376891970420500, 6.894485627834325400 ) ) ;
#964 = EDGE_LOOP ( 'NONE', ( #6450, #447, #3398, #1595 ) ) ;
#965 = CARTESIAN_POINT ( 'NONE',  ( 2.511287032246259700, -18.82945975129668900, 7.369401899226960300 ) ) ;
#966 = CARTESIAN_POINT ( 'NONE',  ( 1.729110979788175900, -17.96055630763743200, 7.826490897522850400 ) ) ;
#967 = EDGE_CURVE ( 'NONE', #1933, #5749, #818, .T. ) ;
#969 = CARTESIAN_POINT ( 'NONE',  ( 1.692215397194780200, -18.38738105626126500, 8.505631613895470600 ) ) ;
#968 = CARTESIAN_POINT ( 'NONE',  ( 2.546859169910824100, -17.20729019420927800, 7.307695773660730000 ) ) ;
#970 = CARTESIAN_POINT ( 'NONE',  ( 2.027022612051242200, -17.94273296098796100, 9.547464424621058000 ) ) ;
#971 = CARTESIAN_POINT ( 'NONE',  ( 3.004389765867831100, -17.05302103429884800, 8.165109416229707800 ) ) ;
#972 = CARTESIAN_POINT ( 'NONE',  ( 4.934588545002796400, -16.83675827695082500, 6.499999959701978200 ) ) ;
#973 = CARTESIAN_POINT ( 'NONE',  ( 3.811891356614442600, -18.43497640897495400, 7.070182802517728700 ) ) ;
#974 = CARTESIAN_POINT ( 'NONE',  ( 1.026609792001999600, -19.25233545415999700, 6.488001347711999300 ) ) ;
#975 = CARTESIAN_POINT ( 'NONE',  ( 3.005942966674644900, -18.84109693709723700, 7.907430857751288400 ) ) ;
#976 = CARTESIAN_POINT ( 'NONE',  ( 4.021221883555000400, -16.62616427069000100, 6.895433249022999300 ) ) ;
#977 = CARTESIAN_POINT ( 'NONE',  ( 1.722711721863726000, -17.58971188587327100, 7.809105172311217500 ) ) ;
#978 = CARTESIAN_POINT ( 'NONE',  ( 1.697766997492133400, -16.86676101036479700, 8.133378311010339700 ) ) ;
#979 = CARTESIAN_POINT ( 'NONE',  ( 1.462957214897655500, -18.13733192458282400, 8.314647594883025400 ) ) ;
#980 = CARTESIAN_POINT ( 'NONE',  ( 3.576956161305636000, -18.70521165670088900, 7.330327350790273800 ) ) ;
#982 = CARTESIAN_POINT ( 'NONE',  ( 2.294369761207689000, -18.68152174515589800, 8.364130001513267100 ) ) ;
#981 = CARTESIAN_POINT ( 'NONE',  ( 3.615050287737281200, -17.41031604056068400, 6.870783407674991000 ) ) ;
#983 = CARTESIAN_POINT ( 'NONE',  ( 3.781887562220860800, -17.86736588945117200, 6.498910572782133200 ) ) ;
#984 = CARTESIAN_POINT ( 'NONE',  ( 1.770762323705295600, -16.60593915833506900, 8.394752413453687700 ) ) ;
#985 = DIRECTION ( 'NONE',  ( 0.4694715627870482700, 0.8829475928583114800, -1.478479476638039000E-012 ) ) ;
#986 = CARTESIAN_POINT ( 'NONE',  ( 2.186982567662489900, -17.30927233905385500, 7.539942757099603400 ) ) ;
#987 = ORIENTED_EDGE ( 'NONE', *, *, #5857, .F. ) ;
#988 = CARTESIAN_POINT ( 'NONE',  ( 2.201946163806713900, -17.64566727684651300, 6.500000023370576600 ) ) ;
#989 = CARTESIAN_POINT ( 'NONE',  ( 3.232877413736808100, -18.86741244507361900, 7.544893668925629600 ) ) ;
#990 = CARTESIAN_POINT ( 'NONE',  ( 1.937706419866901800, -18.51791094840509200, 8.272331893450420600 ) ) ;
#992 = CARTESIAN_POINT ( 'NONE',  ( 2.154555395284659000, -18.38840613538624100, 9.089320322730950300 ) ) ;
#991 = CARTESIAN_POINT ( 'NONE',  ( 2.097100985244251700, -17.72334619404918500, 7.210916912801076600 ) ) ;
#993 = FILL_AREA_STYLE_COLOUR ( '', #5935 ) ;
#994 = CARTESIAN_POINT ( 'NONE',  ( 2.367546392151073300, -17.28200864578638000, 9.527034511637868500 ) ) ;
#995 = CARTESIAN_POINT ( 'NONE',  ( 2.391270466745617700, -17.07274343808032000, 7.744377649067402600 ) ) ;
#996 = CARTESIAN_POINT ( 'NONE',  ( 5.043681527156121700, -17.40974343084487700, 6.499999966139244000 ) ) ;
#997 = ORIENTED_EDGE ( 'NONE', *, *, #4811, .F. ) ;
#998 = CARTESIAN_POINT ( 'NONE',  ( 1.180327911613000300, -19.41346804401000300, 6.612376248815998300 ) ) ;
#999 = CARTESIAN_POINT ( 'NONE',  ( 3.571853270216622400, -18.37405977730693300, 8.028389994308817300 ) ) ;
#1000 = CARTESIAN_POINT ( 'NONE',  ( 3.522365955483999700, -16.58513371747999800, 6.871117638202001400 ) ) ;
#1001 = CARTESIAN_POINT ( 'NONE',  ( 1.683456110298570100, -18.25457326693911900, 8.139784454674705600 ) ) ;
#1002 = CARTESIAN_POINT ( 'NONE',  ( 1.381306564882569300, -17.47361553816556100, 8.035429441780351600 ) ) ;
#1003 = CARTESIAN_POINT ( 'NONE',  ( 1.755838001662328500, -18.37572008870925100, 8.956398139402882200 ) ) ;
#1004 = EDGE_LOOP ( 'NONE', ( #6010, #4254, #5806, #1858, #2717, #4075, #4887, #1154 ) ) ;
#1005 = CARTESIAN_POINT ( 'NONE',  ( 3.861385572110171100, -18.01717741301232300, 7.317653628989714500 ) ) ;
#1006 = CARTESIAN_POINT ( 'NONE',  ( 2.909830744549594300, -17.17452833358105100, 6.849450611216179000 ) ) ;
#1007 = ADVANCED_FACE ( 'NONE', ( #3657 ), #3098, .T. ) ;
#1008 = CARTESIAN_POINT ( 'NONE',  ( 3.548994320396299700, -18.78121605180768600, 6.500000014745967100 ) ) ;
#1009 = CARTESIAN_POINT ( 'NONE',  ( 3.694111845840276400, -18.46587829850814400, 6.599510948201873000 ) ) ;
#1010 = CARTESIAN_POINT ( 'NONE',  ( 1.382250202165483900, -17.14311329159565000, 8.055703574176259700 ) ) ;
#1011 = CARTESIAN_POINT ( 'NONE',  ( -0.6818874275907801400, -17.13161877405308100, 9.412171544111661300 ) ) ;
#1012 = CARTESIAN_POINT ( 'NONE',  ( 1.916082951198451800, -17.94538088785147800, 7.530568031894118200 ) ) ;
#1013 = CARTESIAN_POINT ( 'NONE',  ( 2.617817407785877100, -17.25128380700864000, 6.500000009656781200 ) ) ;
#1014 = CARTESIAN_POINT ( 'NONE',  ( 3.751746904926422900, -18.33628480355167100, 7.600837506539383200 ) ) ;
#1015 = CARTESIAN_POINT ( 'NONE',  ( 2.484056550559217600, -18.56360500739020100, 8.776182487484948800 ) ) ;
#1017 = CARTESIAN_POINT ( 'NONE',  ( 2.627472890479995500, -17.87192382232095200, 9.339371337296908500 ) ) ;
#1016 = CARTESIAN_POINT ( 'NONE',  ( 2.131610390451441200, -18.45579687710867500, 7.334961351210187900 ) ) ;
#1018 = CARTESIAN_POINT ( 'NONE',  ( 2.374531574205542800, -16.75072054041733700, 9.005367961274492600 ) ) ;
#1019 = CARTESIAN_POINT ( 'NONE',  ( 1.950958774332109700, -17.57892876894483100, 7.576625984459045800 ) ) ;
#1020 = CARTESIAN_POINT ( 'NONE',  ( 1.714747805418619200, -17.38563257331430000, 6.899999997795150700 ) ) ;
#1021 = CARTESIAN_POINT ( 'NONE',  ( 1.382812764733000400, -19.50808214738999900, 6.736751149921000900 ) ) ;
#1022 = CARTESIAN_POINT ( 'NONE',  ( 3.642591597722281400, -17.64373500756326500, 7.907430857749125700 ) ) ;
#1023 = CARTESIAN_POINT ( 'NONE',  ( 3.022833505700799800, -16.56381434081170000, 6.848617413941101800 ) ) ;
#1024 = CARTESIAN_POINT ( 'NONE',  ( 2.069761457777934000, -18.54263615114666700, 8.707446137980763700 ) ) ;
#1025 = CARTESIAN_POINT ( 'NONE',  ( 1.265133517040473200, -18.06374729074183000, 8.474620726499072300 ) ) ;
#1026 = CARTESIAN_POINT ( 'NONE',  ( 2.234146301909379200, -18.05286258040663200, 9.425348718999465800 ) ) ;
#1027 = CARTESIAN_POINT ( 'NONE',  ( 3.537568848278061000, -17.35610319553654400, 7.212515361874446600 ) ) ;
#1028 = CARTESIAN_POINT ( 'NONE',  ( 2.265777200099083900, -17.54618069633060500, 6.837984225311533500 ) ) ;
#1029 = CARTESIAN_POINT ( 'NONE',  ( 3.584206826791330100, -17.92891847401837100, 8.228674401801997700 ) ) ;
#1030 = CARTESIAN_POINT ( 'NONE',  ( 3.116336120995403000, -18.96263574422691200, 6.500000025617945100 ) ) ;
#1031 = CARTESIAN_POINT ( 'NONE',  ( 2.735596875473934400, -17.30370753765744900, 6.598164924900204100 ) ) ;
#1032 = CARTESIAN_POINT ( 'NONE',  ( 1.163859583964664800, -17.76729615070320300, 8.258634235815936400 ) ) ;
#1033 = CARTESIAN_POINT ( 'NONE',  ( 2.127054614395357000, -18.59255870353662800, 7.832865909439099100 ) ) ;
#1034 = CARTESIAN_POINT ( 'NONE',  ( 3.711569850888095400, -17.60082057815327200, 7.498814840702333800 ) ) ;
#1035 = EDGE_CURVE ( 'NONE', #479, #4981, #2102, .T. ) ;
#1036 = CARTESIAN_POINT ( 'NONE',  ( 2.992963809772859900, -18.06625879129683900, 8.992031021679281400 ) ) ;
#1038 = CARTESIAN_POINT ( 'NONE',  ( 2.791204026332295500, -17.19104420585226800, 9.089320322728788400 ) ) ;
#1037 = CARTESIAN_POINT ( 'NONE',  ( 2.688832684542134600, -18.89126140193569000, 7.565741544569150700 ) ) ;
#1039 = CARTESIAN_POINT ( 'NONE',  ( 2.043181191708416800, -16.71372259238603100, 8.340711265891794600 ) ) ;
#1040 = CARTESIAN_POINT ( 'NONE',  ( 1.891363425817870600, -18.29099105265433800, 7.786320488799797000 ) ) ;
#1041 = CARTESIAN_POINT ( 'NONE',  ( 1.255403055276299800, -18.24122546676000000, 6.900036467719999700 ) ) ;
#1042 = CARTESIAN_POINT ( 'NONE',  ( 1.531520301287999900, -19.52629179807000200, 6.861126051024999800 ) ) ;
#1043 = CARTESIAN_POINT ( 'NONE',  ( 3.166133408906509000, -17.14559223628377500, 7.625078545113539400 ) ) ;
#1044 = CARTESIAN_POINT ( 'NONE',  ( 3.022841084319999500, -16.56359352971999500, 6.861126031966000100 ) ) ;
#1045 = CARTESIAN_POINT ( 'NONE',  ( 2.616338499313818600, -18.25607777647519500, 9.122257278655761000 ) ) ;
#1046 = CARTESIAN_POINT ( 'NONE',  ( 1.496940424776401500, -18.21253150757617000, 9.165653792703473400 ) ) ;
#1047 = CARTESIAN_POINT ( 'NONE',  ( 2.573129927777405800, -17.39131935067378300, 9.405826848070335100 ) ) ;
#1048 = CARTESIAN_POINT ( 'NONE',  ( 2.829075693290054700, -17.16865435860088600, 7.086694736684538800 ) ) ;
#1049 = CARTESIAN_POINT ( 'NONE',  ( 2.110429897542005900, -18.21877773897229600, 6.800000000000023800 ) ) ;
#1050 = ORIENTED_EDGE ( 'NONE', *, *, #6221, .F. ) ;
#1051 = CARTESIAN_POINT ( 'NONE',  ( 3.358451627602966100, -17.27388011281317400, 7.955376926613682000 ) ) ;
#1052 = CARTESIAN_POINT ( 'NONE',  ( 2.570871147458914300, -18.86112383102032600, 6.500000034425709400 ) ) ;
#1053 = CARTESIAN_POINT ( 'NONE',  ( 3.687118608923923600, -17.64382027839998600, 6.699781336359681200 ) ) ;
#1054 = CARTESIAN_POINT ( 'NONE',  ( 1.192322167889823700, -18.12815369288324900, 8.908473587990480200 ) ) ;
#1055 = CARTESIAN_POINT ( 'NONE',  ( 3.855422998387662200, -17.70553083229300400, 6.499999992994701400 ) ) ;
#1056 = CARTESIAN_POINT ( 'NONE',  ( 2.736104374780831300, -18.77721202995866900, 8.218024413794109900 ) ) ;
#1057 = CARTESIAN_POINT ( 'NONE',  ( 3.143803101036826600, -17.15974946674652600, 7.309005359110093600 ) ) ;
#1058 = CARTESIAN_POINT ( 'NONE',  ( 3.120705181606854100, -17.36624307785622900, 8.776182487482788700 ) ) ;
#1059 = AXIS2_PLACEMENT_3D ( 'NONE', #374, #926, #4794 ) ;
#1061 = CARTESIAN_POINT ( 'NONE',  ( 2.531816951300450900, -16.80832019311386800, 8.505631613892617800 ) ) ;
#1060 = CARTESIAN_POINT ( 'NONE',  ( 3.393228494010827000, -18.73079310490365800, 7.746873109476699600 ) ) ;
#1062 = LINE ( 'NONE', #4979, #2532 ) ;
#1063 = B_SPLINE_CURVE_WITH_KNOTS ( 'NONE', 3,
 ( #583, #5005, #4476, #1159, #5027, #1717, #5586, #2267, #6138, #2820 ),
 .UNSPECIFIED., .F., .F.,
 ( 4, 1, 1, 1, 1, 1, 1, 4 ),
 ( 0.0000000000000000000, 0.1392458657977475000, 0.2827048881647896100, 0.4261639105318316100, 0.5696229328988736700, 0.7130819552659158900, 0.8565409776329578900, 1.000000000000000000 ),
 .UNSPECIFIED. ) ;
#1064 = CARTESIAN_POINT ( 'NONE',  ( 1.600082457984996400, -17.19222452333788800, 7.983458048824940300 ) ) ;
#1065 = CARTESIAN_POINT ( 'NONE',  ( 2.326295970295587900, -18.71151244452966000, 8.219183198359015600 ) ) ;
#1066 = CARTESIAN_POINT ( 'NONE',  ( 0.9953785353647000000, -18.66919944844000100, 6.889247048010001400 ) ) ;
#1067 = CARTESIAN_POINT ( 'NONE',  ( 2.948338665761737400, -19.57520768538792300, 6.849127380276417700 ) ) ;
#1068 = CARTESIAN_POINT ( 'NONE',  ( 2.469679048090714700, -17.22172336179219300, 7.375234171091543400 ) ) ;
#1069 = CARTESIAN_POINT ( 'NONE',  ( 1.312853102353797900, -17.62923510122379900, 9.654986344411172500 ) ) ;
#1070 = CARTESIAN_POINT ( 'NONE',  ( 2.952480176341525800, -17.59302345573964400, 9.104989170030638200 ) ) ;
#1071 = CARTESIAN_POINT ( 'NONE',  ( 1.917355277246049800, -17.82278621384569200, 9.639468272806613700 ) ) ;
#1072 = CARTESIAN_POINT ( 'NONE',  ( 2.540788121712080000, -16.83912071480249400, 8.907346650303855600 ) ) ;
#1073 = CARTESIAN_POINT ( 'NONE',  ( 1.583570578693427800, -17.38358500023795000, 9.837245250063537200 ) ) ;
#1074 = CARTESIAN_POINT ( 'NONE',  ( 2.215563178884922400, -17.58619366084655400, 7.025742630966316700 ) ) ;
#1075 = ORIENTED_EDGE ( 'NONE', *, *, #5551, .T. ) ;
#1076 = CARTESIAN_POINT ( 'NONE',  ( 2.525465687155336700, -18.83699867584117300, 6.800000000000889800 ) ) ;
#1077 = CARTESIAN_POINT ( 'NONE',  ( 2.730566125935389700, -17.07921164509901100, 7.607167909592593700 ) ) ;
#1078 = CARTESIAN_POINT ( 'NONE',  ( 2.185664187671439800, -18.46027352834560300, 6.500000035762760800 ) ) ;
#1079 = CARTESIAN_POINT ( 'NONE',  ( 3.702470754413392100, -18.45288049829942200, 6.800561353249891600 ) ) ;
#1080 = CARTESIAN_POINT ( 'NONE',  ( 1.507402703643781800, -17.94996126761723300, 9.558312940164052300 ) ) ;
#1081 = CARTESIAN_POINT ( 'NONE',  ( 2.829712692651098000, -17.15359757219405900, 6.600000002790709500 ) ) ;
#1082 = CARTESIAN_POINT ( 'NONE',  ( 3.328466625771917500, -18.37807491894151800, 8.425047250872440300 ) ) ;
#1083 = CARTESIAN_POINT ( 'NONE',  ( 1.836150460010303800, -16.45144299128594100, 9.139490872119397500 ) ) ;
#1084 = CARTESIAN_POINT ( 'NONE',  ( 2.431131305032105500, -17.31581734368098000, 7.160030319551219200 ) ) ;
#1085 = CARTESIAN_POINT ( 'NONE',  ( 2.777307973972572300, -16.93885008525769500, 8.272331893447569600 ) ) ;
#1087 = CARTESIAN_POINT ( 'NONE',  ( 2.027441755820917000, -16.98658162245805100, 7.989144468021860000 ) ) ;
#1086 = CARTESIAN_POINT ( 'NONE',  ( 3.761064813933067400, -18.08459112472827700, 7.753966725324182200 ) ) ;
#1088 = EDGE_CURVE ( 'NONE', #647, #4247, #5134, .T. ) ;
#1089 = CARTESIAN_POINT ( 'NONE',  ( 1.388237647770484500, -17.83478130829233200, 8.127077661298391900 ) ) ;
#1090 = CARTESIAN_POINT ( 'NONE',  ( 2.957948959274031800, -18.55847048502291900, 8.580892060579932600 ) ) ;
#1091 = CARTESIAN_POINT ( 'NONE',  ( 1.684094725655700400, -17.33663179159329800, 6.852446001638699400 ) ) ;
#1092 = CARTESIAN_POINT ( 'NONE',  ( 0.1283578474292982600, -15.52380773750002300, 9.188624106092801100 ) ) ;
#1093 = CARTESIAN_POINT ( 'NONE',  ( 2.056470560638425500, -17.76717460835167400, 7.286548443916864000 ) ) ;
#1094 = CARTESIAN_POINT ( 'NONE',  ( 2.847570775439040200, -17.00223994526021800, 8.664057548584773700 ) ) ;
#1095 = CARTESIAN_POINT ( 'NONE',  ( 2.159331122363834100, -16.77548060600266300, 8.272231746481919500 ) ) ;
#1096 = CARTESIAN_POINT ( 'NONE',  ( 1.862910749380359800, -16.74463575409476200, 9.578977610109147300 ) ) ;
#1097 = CARTESIAN_POINT ( 'NONE',  ( 2.108476055635860400, -18.26955763799740900, 7.020684971216879500 ) ) ;
#1098 = CARTESIAN_POINT ( 'NONE',  ( 3.263134534248612900, -18.93067428037430800, 6.800000000000795600 ) ) ;
#1099 = CARTESIAN_POINT ( 'NONE',  ( 2.128079657110294200, -17.47296561400556300, 7.420005435481716200 ) ) ;
#1100 = CARTESIAN_POINT ( 'NONE',  ( 2.110377546189523100, -17.91153991427257400, 6.500000029046058900 ) ) ;
#1101 = CARTESIAN_POINT ( 'NONE',  ( 2.623076182708662200, -17.35412350448241300, 6.799046108155478100 ) ) ;
#1103 = CARTESIAN_POINT ( 'NONE',  ( 1.896683662916898200, -17.34993018143962800, 9.765470844240770300 ) ) ;
#1102 = CARTESIAN_POINT ( 'NONE',  ( 2.905457734489878900, -18.47144079157507300, 8.734115562441564500 ) ) ;
#1104 = CARTESIAN_POINT ( 'NONE',  ( 2.204213502828306700, -17.64687281386393600, 6.700000007790190900 ) ) ;
#1105 = CARTESIAN_POINT ( 'NONE',  ( 3.500484994462258000, -17.66252326420405100, 8.311526869049952600 ) ) ;
#1106 = CARTESIAN_POINT ( 'NONE',  ( 2.078242135091993100, -17.90833127359759700, 7.110543278971216600 ) ) ;
#1107 = CARTESIAN_POINT ( 'NONE',  ( 2.198594945748849000, -17.07758538780226200, 7.826490897521257000 ) ) ;
#1109 = CARTESIAN_POINT ( 'NONE',  ( 1.669926706346972700, -17.56164559527244200, 7.857084863861987700 ) ) ;
#1108 = CARTESIAN_POINT ( 'NONE',  ( 3.546279319553084200, -17.39320910879639500, 7.583565267596749300 ) ) ;
#1110 = CARTESIAN_POINT ( 'NONE',  ( 1.483779452476605300, -18.28312428002533000, 8.714169713898400000 ) ) ;
#1111 = CARTESIAN_POINT ( 'NONE',  ( 3.357553916149691500, -17.93167616547722400, 8.624493668423120600 ) ) ;
#1112 = DIRECTION ( 'NONE',  ( 0.4699996770454313300, 0.8826665868702574500, -2.198072076318924900E-008 ) ) ;
#1113 = CARTESIAN_POINT ( 'NONE',  ( 4.176156418753008000, -19.01134192267337400, 6.500000006301405600 ) ) ;
#1114 = CARTESIAN_POINT ( 'NONE',  ( 2.126586237930354200, -18.49018973525629800, 7.445988207664900200 ) ) ;
#1115 = CARTESIAN_POINT ( 'NONE',  ( 1.676000189559300200, -17.36500035322159600, 6.500000000000000000 ) ) ;
#1116 = CARTESIAN_POINT ( 'NONE',  ( 2.373655216609025200, -16.88943874834580700, 8.102265434070801600 ) ) ;
#1117 = CARTESIAN_POINT ( 'NONE',  ( 1.689300063741260700, -17.23966236578899500, 7.930857253192837000 ) ) ;
#1118 = CARTESIAN_POINT ( 'NONE',  ( 1.862473441332222800, -16.44585335437179600, 8.897751947434320700 ) ) ;
#1119 = CARTESIAN_POINT ( 'NONE',  ( 2.557776805107109500, -18.85417880200313700, 7.119002818974608200 ) ) ;
#1120 = CARTESIAN_POINT ( 'NONE',  ( 3.822306991310335400, -18.44051450018000400, 6.799999999999810600 ) ) ;
#1121 = CARTESIAN_POINT ( 'NONE',  ( 1.971519747495398900, -18.14491790203756200, 7.466469824046499500 ) ) ;
#1122 = CARTESIAN_POINT ( 'NONE',  ( 2.967682807730000100, -19.57471520707000000, 6.736751137261000700 ) ) ;
#1123 = CARTESIAN_POINT ( 'NONE',  ( 1.792731622114607700, -16.54561018990522600, 9.172794133307967000 ) ) ;
#1124 = CARTESIAN_POINT ( 'NONE',  ( 2.092832325017532000, -16.74012256825736200, 9.387684790867458800 ) ) ;
#1125 = CARTESIAN_POINT ( 'NONE',  ( 4.617657848492572500, -16.63000843143014200, 6.849127384410598700 ) ) ;
#1126 = CARTESIAN_POINT ( 'NONE',  ( 3.134028507796311900, -17.12195117609155300, 7.955421647239468500 ) ) ;
#1127 = B_SPLINE_CURVE_WITH_KNOTS ( 'NONE', 3,
 ( #1275, #1836, #5177, #1860, #5729, #2413, #6280, #2962, #6843, #3522, #220, #4079, #773, #4640, #1322, #5201, #1883, #5754, #2438, #6304 ),
 .UNSPECIFIED., .F., .F.,
 ( 4, 1, 1, 1, 1, 1, 1, 1, 1, 1, 1, 1, 1, 1, 1, 1, 1, 4 ),
 ( 118.0685624983999000, 122.8478566049991200, 129.9485215572351000, 137.0491865094711300, 144.1498514617644000, 151.2505164140004600, 158.3511813662937600, 165.4518463185297300, 172.5525112707657100, 179.6531762230590100, 186.7538411752950100, 193.8545061275883400, 200.9551710798242500, 208.0558360321175500, 215.1565009843536100, 222.2571659365896200, 229.3578308888828600, 234.1371249967999700 ),
 .UNSPECIFIED. ) ;
#1128 = CARTESIAN_POINT ( 'NONE',  ( 2.262046256344515200, -18.61934549444493200, 7.228123151742839700 ) ) ;
#1129 = CARTESIAN_POINT ( 'NONE',  ( 1.821445117299986400, -17.64220936344705100, 7.704371711852675600 ) ) ;
#1131 = CARTESIAN_POINT ( 'NONE',  ( 1.613373679676337600, -18.21730977758328200, 8.203486878013309900 ) ) ;
#1130 = CARTESIAN_POINT ( 'NONE',  ( 2.890673550469984800, -17.12727802537441900, 7.350373897246290000 ) ) ;
#1132 = CARTESIAN_POINT ( 'NONE',  ( 1.883170269898768700, -18.19693426565677900, 9.335778733694052500 ) ) ;
#1133 = ORIENTED_EDGE ( 'NONE', *, *, #2377, .T. ) ;
#1134 = CARTESIAN_POINT ( 'NONE',  ( 3.250688273420396300, -17.26157085931884400, 8.320045287281127200 ) ) ;
#1135 = CARTESIAN_POINT ( 'NONE',  ( 3.459149912812655700, -18.72537027901132600, 6.499999999599379100 ) ) ;
#1136 = CARTESIAN_POINT ( 'NONE',  ( 3.124208236801773600, -19.56525725311681200, 6.500000034408729200 ) ) ;
#1137 = CARTESIAN_POINT ( 'NONE',  ( 2.700644170011883700, -18.87808243951649000, 7.719691005215363300 ) ) ;
#1138 = CARTESIAN_POINT ( 'NONE',  ( 1.714747805418619200, -17.38563257331430000, 6.899999997795150700 ) ) ;
#1139 = CARTESIAN_POINT ( 'NONE',  ( 1.853927648420271400, -17.32719640527498900, 7.800301966874773300 ) ) ;
#1140 = CARTESIAN_POINT ( 'NONE',  ( 1.488122260022193100, -17.88789089870469700, 8.063941057607822300 ) ) ;
#1141 = CARTESIAN_POINT ( 'NONE',  ( 1.580388944949022000, -16.69340886017374700, 8.254353669986867800 ) ) ;
#1142 = CARTESIAN_POINT ( 'NONE',  ( 3.293695506407158500, -18.89974999856280000, 7.217320666731365200 ) ) ;
#1143 = CARTESIAN_POINT ( 'NONE',  ( 3.820682494182697100, -17.69590104713737200, 6.799999999998600100 ) ) ;
#1144 = CARTESIAN_POINT ( 'NONE',  ( 2.325102430409661900, -18.73046364246900800, 7.761312506134276900 ) ) ;
#1145 = CARTESIAN_POINT ( 'NONE',  ( 3.387757416318999800, -19.52843313325999500, 6.861126032036001000 ) ) ;
#1146 = CARTESIAN_POINT ( 'NONE',  ( 1.964741026690842300, -16.53283104129792800, 8.684827495817367900 ) ) ;
#1147 = CARTESIAN_POINT ( 'NONE',  ( 5.055898203861119100, -17.38906299285650900, 6.849127384410598700 ) ) ;
#1148 = CARTESIAN_POINT ( 'NONE',  ( 2.480954069301566800, -17.12042905542511300, 7.599316425429954300 ) ) ;
#1149 = CARTESIAN_POINT ( 'NONE',  ( 2.911460391026780700, -18.93911481724284600, 7.399607104674892400 ) ) ;
#1151 = CARTESIAN_POINT ( 'NONE',  ( 1.814544000829983100, -18.32427393471175500, 8.000730304466442200 ) ) ;
#1150 = CARTESIAN_POINT ( 'NONE',  ( 3.891357258925448400, -18.03311364157532300, 7.059815490877661600 ) ) ;
#1153 = CARTESIAN_POINT ( 'NONE',  ( 1.969985362328967400, -18.48958426014176500, 8.798139040822903200 ) ) ;
#1152 = CARTESIAN_POINT ( 'NONE',  ( 2.244474700629715400, -17.46942196216603400, 7.214533206800120400 ) ) ;
#1154 = ORIENTED_EDGE ( 'NONE', *, *, #666, .T. ) ;
#1155 = CARTESIAN_POINT ( 'NONE',  ( 2.713484792813821500, -17.00146499962656300, 7.876023613914978400 ) ) ;
#1156 = CARTESIAN_POINT ( 'NONE',  ( 2.711674567803735500, -18.81747521864719300, 6.500000013732627500 ) ) ;
#1157 = CARTESIAN_POINT ( 'NONE',  ( 2.394413223574089100, -17.54144816563709200, 6.500000019731406700 ) ) ;
#1158 = CARTESIAN_POINT ( 'NONE',  ( 3.384418887688402900, -18.66447336325164800, 7.919695643535066100 ) ) ;
#1159 = CARTESIAN_POINT ( 'NONE',  ( 3.855422998387662200, -17.70553083229300400, 6.499999992994701400 ) ) ;
#1160 = CARTESIAN_POINT ( 'NONE',  ( 1.671455064936959700, -17.98537068021142500, 7.909363503090170300 ) ) ;
#1161 = CARTESIAN_POINT ( 'NONE',  ( 1.627852482437456700, -18.35972926890397300, 8.623101814748775200 ) ) ;
#1162 = CARTESIAN_POINT ( 'NONE',  ( 1.268218890015330400, -17.28262176627767500, 8.071138413586052000 ) ) ;
#1163 = CARTESIAN_POINT ( 'NONE',  ( 3.817132626027958300, -18.37105100815809100, 7.248662750287800300 ) ) ;
#1164 = CARTESIAN_POINT ( 'NONE',  ( 3.259376641321112300, -17.20818577528308400, 6.799999999997995200 ) ) ;
#1165 = CARTESIAN_POINT ( 'NONE',  ( 2.997705151587088100, -18.78954297417033800, 8.073489906244777400 ) ) ;
#1166 = CARTESIAN_POINT ( 'NONE',  ( 3.946958650721999800, -19.23661953132999300, 6.488001347711999300 ) ) ;
#1167 = CARTESIAN_POINT ( 'NONE',  ( 3.950938628683654800, -19.24152272327009800, 6.849127382565398200 ) ) ;
#1168 = CARTESIAN_POINT ( 'NONE',  ( 1.597155615385553700, -16.87238460371634800, 8.133178587362222000 ) ) ;
#1169 = EDGE_LOOP ( 'NONE', ( #4153, #5240, #2629, #5292 ) ) ;
#1170 = CARTESIAN_POINT ( 'NONE',  ( 2.023912697285683100, -17.61771905785630600, 7.450000000000075700 ) ) ;
#1171 = CARTESIAN_POINT ( 'NONE',  ( 3.587700128391877500, -18.64677580584534100, 7.508595026207759200 ) ) ;
#1173 = CARTESIAN_POINT ( 'NONE',  ( 2.256390799279635900, -18.64186873224856800, 8.509475262248136200 ) ) ;
#1172 = CARTESIAN_POINT ( 'NONE',  ( 3.561453122511308400, -17.36880268941516200, 7.007045551769558700 ) ) ;
#1175 = CARTESIAN_POINT ( 'NONE',  ( 2.494864157638526900, -18.19148872330117000, 9.232673111404048800 ) ) ;
#1174 = CARTESIAN_POINT ( 'NONE',  ( 2.051203588966170600, -18.13181598580747400, 7.216510457629232700 ) ) ;
#1176 = CARTESIAN_POINT ( 'NONE',  ( 3.002920858934892600, -17.16863750558756200, 6.500000001149226500 ) ) ;
#1177 = CARTESIAN_POINT ( 'NONE',  ( 2.108561384192902300, -17.33172357564924900, 7.593822285635938300 ) ) ;
#1178 = CARTESIAN_POINT ( 'NONE',  ( 2.206216155441513400, -18.19903934627220500, 6.500000023289842900 ) ) ;
#1179 = CARTESIAN_POINT ( 'NONE',  ( 2.973079979140989000, -17.26871862028192000, 6.500000008789981200 ) ) ;
#1180 = CARTESIAN_POINT ( 'NONE',  ( 3.714849183940057000, -17.99838224748963000, 7.911369681472729500 ) ) ;
#1181 = FILL_AREA_STYLE ('',( #4498 ) ) ;
#1182 = CARTESIAN_POINT ( 'NONE',  ( 1.892290738739947700, -18.50033358387297300, 8.400139977672459700 ) ) ;
#1183 = CARTESIAN_POINT ( 'NONE',  ( 2.074029692039349300, -18.29841602053092600, 9.215137371379558600 ) ) ;
#1184 = CARTESIAN_POINT ( 'NONE',  ( 2.241445700953631300, -17.15584010478708900, 9.571610880773837600 ) ) ;
#1185 = CARTESIAN_POINT ( 'NONE',  ( 1.052511740960995000, -17.88202994747758400, 8.454859905061013600 ) ) ;
#1186 = CARTESIAN_POINT ( 'NONE',  ( 3.768625760361298500, -17.63115774335284800, 7.191505375073975700 ) ) ;
#1187 = CARTESIAN_POINT ( 'NONE',  ( 2.522123551938354200, -17.30507916541962000, 6.799999999998400200 ) ) ;
#1188 = CARTESIAN_POINT ( 'NONE',  ( 3.532209608451611200, -18.28626698561070500, 8.191843228484748000 ) ) ;
#1189 = CARTESIAN_POINT ( 'NONE',  ( 4.264841529893999400, -18.88513720019999900, 6.612376242486998700 ) ) ;
#1190 = CARTESIAN_POINT ( 'NONE',  ( 2.201946175630920000, -17.64566725460841200, 6.900000000000000400 ) ) ;
#1191 = CARTESIAN_POINT ( 'NONE',  ( 1.295349303226329200, -17.49205977091138200, 8.078185763929356600 ) ) ;
#1192 = CARTESIAN_POINT ( 'NONE',  ( 4.526023684865001500, -18.34882036378000000, 6.895433249022999300 ) ) ;
#1193 = CARTESIAN_POINT ( 'NONE',  ( 1.542842885233464100, -16.67344526610117900, 8.261851717889911100 ) ) ;
#1194 = CARTESIAN_POINT ( 'NONE',  ( 1.984015423545511600, -18.34025499370885000, 7.625504593651584200 ) ) ;
#1195 = CARTESIAN_POINT ( 'NONE',  ( 3.826368213646828200, -17.94308778695343800, 7.480241134928671300 ) ) ;
#1197 = CARTESIAN_POINT ( 'NONE',  ( 2.843554009143105500, -18.37689040607201800, 8.881233798108736400 ) ) ;
#1196 = CARTESIAN_POINT ( 'NONE',  ( 2.845675064719769900, -17.17748040095000300, 6.943894932000653800 ) ) ;
#1199 = CARTESIAN_POINT ( 'NONE',  ( 2.831909107592257300, -17.52891468129974900, 9.214583959989557400 ) ) ;
#1198 = CARTESIAN_POINT ( 'NONE',  ( 2.399695145029034900, -18.76355471089742700, 7.397415556439533200 ) ) ;
#1200 = CARTESIAN_POINT ( 'NONE',  ( 3.521609248625645600, -17.33578491166067400, 6.499999993821428600 ) ) ;
#1201 = CARTESIAN_POINT ( 'NONE',  ( 1.872049624215889700, -17.98108756673747900, 7.613877179644496200 ) ) ;
#1202 = CARTESIAN_POINT ( 'NONE',  ( 3.050400515903185700, -16.60152759207260000, 6.900000000000552800 ) ) ;
#1203 = CARTESIAN_POINT ( 'NONE',  ( 3.635619111868584300, -17.58500691542815300, 6.499999996262695300 ) ) ;
#1204 = CARTESIAN_POINT ( 'NONE',  ( 3.464102827692945800, -17.33005585236801600, 7.698770836302265300 ) ) ;
#1205 = CARTESIAN_POINT ( 'NONE',  ( 3.850695580906517100, -18.38368683718135400, 6.900000000000000400 ) ) ;
#1206 = CARTESIAN_POINT ( 'NONE',  ( 2.424341841394923600, -18.48468029437001900, 8.919770727148147700 ) ) ;
#1207 = CARTESIAN_POINT ( 'NONE',  ( 2.522691254685459800, -17.74949655547390700, 9.439591079389515500 ) ) ;
#1208 = CARTESIAN_POINT ( 'NONE',  ( 2.246647574392579100, -16.66970817867374800, 9.008681638514852700 ) ) ;
#1209 = CARTESIAN_POINT ( 'NONE',  ( 1.144215181364300700, -18.06997370718111300, 9.168759868128681500 ) ) ;
#1210 = CARTESIAN_POINT ( 'NONE',  ( 3.185361697104458000, -17.18184656424276800, 7.085166144772327500 ) ) ;
#1211 = CARTESIAN_POINT ( 'NONE',  ( 1.013614715347116400, -18.64623108029412200, 6.894485627836191500 ) ) ;
#1212 = CARTESIAN_POINT ( 'NONE',  ( 3.563432481193398200, -17.55911878893325500, 8.034246531554487100 ) ) ;
#1213 = CARTESIAN_POINT ( 'NONE',  ( 4.323999696359005700, -18.77499958603122800, 6.500000004530885900 ) ) ;
#1214 = CARTESIAN_POINT ( 'NONE',  ( 1.182729557671814600, -18.04546262600668500, 8.562140593021029000 ) ) ;
#1215 = CARTESIAN_POINT ( 'NONE',  ( 4.782100577034998200, -17.91874436051999500, 6.871117638200999500 ) ) ;
#1216 = CARTESIAN_POINT ( 'NONE',  ( 2.132073566334149500, -17.93695395330461300, 9.530349677898666300 ) ) ;
#1217 = CARTESIAN_POINT ( 'NONE',  ( 2.459609796747098500, -18.78239666342545500, 7.987790644909116700 ) ) ;
#1218 = CARTESIAN_POINT ( 'NONE',  ( 3.469493989539250900, -17.30689191820154700, 7.334767972621669700 ) ) ;
#1219 = VERTEX_POINT ( 'NONE', #4816 ) ;
#1221 = CARTESIAN_POINT ( 'NONE',  ( 3.178006130865792300, -17.71293773284546400, 8.865757919690516100 ) ) ;
#1220 = CARTESIAN_POINT ( 'NONE',  ( 2.228633477357287800, -17.59314326181916500, 6.913302465571096200 ) ) ;
#1223 = CARTESIAN_POINT ( 'NONE',  ( 2.750064282234925700, -16.95039482317503100, 8.752687464145678200 ) ) ;
#1222 = CARTESIAN_POINT ( 'NONE',  ( 3.104143660090943800, -18.89331117198309700, 7.601858715170441100 ) ) ;
#1224 = CARTESIAN_POINT ( 'NONE',  ( 3.855752969476553100, -17.79528290761410900, 6.499999994319892100 ) ) ;
#1225 = CARTESIAN_POINT ( 'NONE',  ( 2.107307508207725300, -18.59507421381259500, 7.961158869472384900 ) ) ;
#1226 = DIRECTION ( 'NONE',  ( 1.000000000000000000, 0.0000000000000000000, 2.495548767735575100E-015 ) ) ;
#1227 = CARTESIAN_POINT ( 'NONE',  ( 3.777499083201899800, -18.25795597995950500, 6.499999993580034100 ) ) ;
#1228 = CARTESIAN_POINT ( 'NONE',  ( 2.804376028451441200, -17.11845706641725700, 7.427898100117831200 ) ) ;
#1229 = CARTESIAN_POINT ( 'NONE',  ( 3.907314201701514600, -18.04119512350893100, 6.109137163900562900 ) ) ;
#1230 = CARTESIAN_POINT ( 'NONE',  ( 2.905560086661225700, -17.95307152452586800, 9.116774179406132100 ) ) ;
#1231 = LINE ( 'NONE', #435, #5647 ) ;
#1232 = CARTESIAN_POINT ( 'NONE',  ( 2.668220649014437600, -17.08312621442523100, 9.140713427910252900 ) ) ;
#1233 = CARTESIAN_POINT ( 'NONE',  ( 1.931896172468893900, -16.69161554548297100, 8.335015321363604500 ) ) ;
#1234 = CARTESIAN_POINT ( 'NONE',  ( 1.483240994233525600, -17.71523473690971100, 9.729075793062479600 ) ) ;
#1235 = CARTESIAN_POINT ( 'NONE',  ( 2.460526584186911900, -17.33144709085424800, 7.001704081086776600 ) ) ;
#1236 = CARTESIAN_POINT ( 'NONE',  ( -0.2341033408059472200, -15.96840398827535700, 8.557359755342139000 ) ) ;
#1237 = CARTESIAN_POINT ( 'NONE',  ( 3.069931941438778500, -17.10745624157540900, 7.708926926898253200 ) ) ;
#1238 = CARTESIAN_POINT ( 'NONE',  ( 5.030716385980000800, -17.45999662831999900, 6.861126051024999800 ) ) ;
#1239 = CARTESIAN_POINT ( 'NONE',  ( 1.399825343765710000, -18.13536420537814900, 9.267962815629347900 ) ) ;
#1240 = CARTESIAN_POINT ( 'NONE',  ( 5.020768828720199500, -17.47939865397749800, 6.848617413939302300 ) ) ;
#1241 = CARTESIAN_POINT ( 'NONE',  ( 2.451032669062187500, -17.26727947248429000, 9.465099993563669000 ) ) ;
#1242 = CARTESIAN_POINT ( 'NONE',  ( 3.125240634772752400, -18.64742104672484800, 8.290524219562026800 ) ) ;
#1243 = EDGE_LOOP ( 'NONE', ( #5757, #3492, #5627, #4711 ) ) ;
#1244 = CARTESIAN_POINT ( 'NONE',  ( 2.755572114439767800, -17.17209838223428200, 7.170366897095510300 ) ) ;
#1246 = CARTESIAN_POINT ( 'NONE',  ( 3.029954867910686000, -17.09921528741307000, 8.470589907238661500 ) ) ;
#1245 = CARTESIAN_POINT ( 'NONE',  ( 2.120396914600535300, -18.27589607114268900, 6.888543527815760300 ) ) ;
#1247 = ORIENTED_EDGE ( 'NONE', *, *, #3573, .T. ) ;
#1249 = CARTESIAN_POINT ( 'NONE',  ( 2.305535358510411000, -16.85321877731110600, 8.164183949165609600 ) ) ;
#1248 = CARTESIAN_POINT ( 'NONE',  ( 3.680779934470694000, -18.43197711205104400, 7.689441734145351100 ) ) ;
#1250 = CARTESIAN_POINT ( 'NONE',  ( 3.849162251188395600, -18.36678850539310700, 6.500000002922543100 ) ) ;
#1251 = CARTESIAN_POINT ( 'NONE',  ( 2.709820900540171900, -18.72617261137834900, 8.376756353911726900 ) ) ;
#1252 = CARTESIAN_POINT ( 'NONE',  ( 1.360617286483929700, -17.58839896407282000, 9.785436410448008700 ) ) ;
#1253 = CARTESIAN_POINT ( 'NONE',  ( 2.374132423182543600, -17.57000749333552400, 6.798771835382647000 ) ) ;
#1254 = CARTESIAN_POINT ( 'NONE',  ( 2.184774850524758200, -17.50311098307425100, 7.282303905265830000 ) ) ;
#1255 = CARTESIAN_POINT ( 'NONE',  ( 3.792041276238092200, -17.58688546052605500, 5.318274327801128200 ) ) ;
#1256 = CARTESIAN_POINT ( 'NONE',  ( 3.007737714037150000, -17.26365064010892800, 8.854448688478482800 ) ) ;
#1257 = CARTESIAN_POINT ( 'NONE',  ( 2.410677798328933400, -16.75692459581940600, 8.523754054306694500 ) ) ;
#1258 = CARTESIAN_POINT ( 'NONE',  ( 1.509126542408769200, -17.21057463835799700, 8.008666755535594800 ) ) ;
#1259 = CARTESIAN_POINT ( 'NONE',  ( 1.836768408914335900, -17.06142457686066300, 9.751019323043976800 ) ) ;
#1260 = CARTESIAN_POINT ( 'NONE',  ( 2.102253967765566100, -17.92109859150193400, 6.956312301731919100 ) ) ;
#1261 = CARTESIAN_POINT ( 'NONE',  ( 3.787605562935044500, -18.50217951888548700, 6.500000006094923700 ) ) ;
#1262 = CARTESIAN_POINT ( 'NONE',  ( 2.389338347353016100, -17.23447601975511400, 7.437083265017355100 ) ) ;
#1263 = CARTESIAN_POINT ( 'NONE',  ( 1.064256179084233300, -17.54544432731057000, 8.187057616041714800 ) ) ;
#1264 = EDGE_CURVE ( 'NONE', #7059, #5378, #3377, .T. ) ;
#1265 = CARTESIAN_POINT ( 'NONE',  ( 5.071145741693001700, -17.16604705229999800, 6.488001347711999300 ) ) ;
#1266 = CARTESIAN_POINT ( 'NONE',  ( 1.801301889310616100, -17.69693101341535500, 9.716553460403829900 ) ) ;
#1267 = CARTESIAN_POINT ( 'NONE',  ( 1.177055225275160700, -17.29958118018832600, 8.097280603264478000 ) ) ;
#1268 = CARTESIAN_POINT ( 'NONE',  ( 1.713452645666003300, -16.46973847502042800, 8.573800187217081300 ) ) ;
#1269 = CARTESIAN_POINT ( 'NONE',  ( 2.413666289517684600, -16.75851360477018700, 8.923803691716827300 ) ) ;
#1270 = CARTESIAN_POINT ( 'NONE',  ( 3.528941396325278000, -18.02280450515610600, 8.327016747065696800 ) ) ;
#1271 = CARTESIAN_POINT ( 'NONE',  ( 2.174877472555396500, -17.63127456988694400, 7.099937822302071500 ) ) ;
#1273 = CARTESIAN_POINT ( 'NONE',  ( 2.501072151526429400, -16.95718753439524900, 7.967105324809333300 ) ) ;
#1272 = CARTESIAN_POINT ( 'NONE',  ( 2.575008552214093100, -18.86334108446429500, 6.927990749979640500 ) ) ;
#1274 = CARTESIAN_POINT ( 'NONE',  ( 1.801603117447929000, -17.29937495864955500, 7.847863094441268400 ) ) ;
#1275 = CARTESIAN_POINT ( 'NONE',  ( 1.506966860986475500, -19.52573728842466800, 6.849127380969894900 ) ) ;
#1276 = CARTESIAN_POINT ( 'NONE',  ( 3.271992947611582100, -18.28133509842509200, 8.578086952689194100 ) ) ;
#1277 = CARTESIAN_POINT ( 'NONE',  ( 1.038342329584450900, -17.99422087268739600, 9.252165487276277700 ) ) ;
#1278 = CARTESIAN_POINT ( 'NONE',  ( 2.764092212151727500, -17.30557271322097500, 6.799226632872310100 ) ) ;
#1279 = CARTESIAN_POINT ( 'NONE',  ( 2.031388020323343200, -18.17675042735785200, 7.307695773662478800 ) ) ;
#1280 = CARTESIAN_POINT ( 'NONE',  ( 3.250050520263177800, -17.18364117439524500, 4.527411491701691700 ) ) ;
#1281 = CARTESIAN_POINT ( 'NONE',  ( 2.660705807038243000, -16.88986684623049300, 8.312942256793583300 ) ) ;
#1282 = CARTESIAN_POINT ( 'NONE',  ( 1.927255236445485400, -16.98878207147229300, 8.008210284574069200 ) ) ;
#1283 = B_SPLINE_CURVE_WITH_KNOTS ( 'NONE', 3,
 ( #1538, #665, #1774, #5641, #2322, #6195, #2876, #6756, #3435, #137 ),
 .UNSPECIFIED., .F., .F.,
 ( 4, 1, 1, 1, 1, 1, 1, 4 ),
 ( 0.0000000000000000000, 0.1428571428571428500, 0.2857142857142857000, 0.4285714285714285500, 0.5714285714285714000, 0.7142857142857143000, 0.8571428571428571000, 1.000000000000000000 ),
 .UNSPECIFIED. ) ;
#1284 = CARTESIAN_POINT ( 'NONE',  ( 1.310788596710540600, -17.84541969256525800, 8.198066895667873100 ) ) ;
#1285 = CARTESIAN_POINT ( 'NONE',  ( 1.965708648155861200, -16.55280477540133100, 9.223896121492837000 ) ) ;
#1286 = CARTESIAN_POINT ( 'NONE',  ( 2.295149601930861000, -18.63694685551317700, 7.015496260281473400 ) ) ;
#1287 = CARTESIAN_POINT ( 'NONE',  ( 2.136499389038874600, -18.33163174761594000, 6.109137163900562900 ) ) ;
#1288 = CARTESIAN_POINT ( 'NONE',  ( 2.011285456221647600, -17.80858125644048000, 7.361568813766456100 ) ) ;
#1289 = CARTESIAN_POINT ( 'NONE',  ( -0.7166909655856216200, -17.11311340464601500, 9.188624106092744300 ) ) ;
#1290 = CARTESIAN_POINT ( 'NONE',  ( 5.012576352598999900, -16.95119222114999900, 6.612376248815998300 ) ) ;
#1291 = CARTESIAN_POINT ( 'NONE',  ( 2.111451342027271100, -17.03125031179118300, 9.599849790938600700 ) ) ;
#1292 = CARTESIAN_POINT ( 'NONE',  ( 0.9589904036701205600, -17.86936801780755200, 8.522393694230649100 ) ) ;
#1293 = CARTESIAN_POINT ( 'NONE',  ( 2.047972786771711900, -16.75333457610341300, 8.276025856105716700 ) ) ;
#1294 = CARTESIAN_POINT ( 'NONE',  ( 3.393476782938905000, -17.33749285656341500, 8.072207544563490000 ) ) ;
#1295 = CARTESIAN_POINT ( 'NONE',  ( 2.111377986952978100, -18.31827446119682900, 7.116309366009508300 ) ) ;
#1297 = CARTESIAN_POINT ( 'NONE',  ( 1.951799716031380700, -17.37923590672038200, 7.696482177452446100 ) ) ;
#1296 = CARTESIAN_POINT ( 'NONE',  ( 3.316238141656450400, -18.91173613033984700, 6.967437972142549900 ) ) ;
#1298 = CARTESIAN_POINT ( 'NONE',  ( 1.613043765232758300, -17.95431284124289600, 7.964874045771084700 ) ) ;
#1299 = CARTESIAN_POINT ( 'NONE',  ( 3.407760629229517900, -17.56604700571637100, 8.426889968877407700 ) ) ;
#1300 = CARTESIAN_POINT ( 'NONE',  ( 0.9589904036701205600, -17.86936801780755200, 8.522393694230649100 ) ) ;
#1301 = CARTESIAN_POINT ( 'NONE',  ( 2.411456106620657900, -18.77637870656959900, 7.532297665887035100 ) ) ;
#1302 = CARTESIAN_POINT ( 'NONE',  ( 2.304353871214426300, -17.45306647367504700, 6.900000000000000400 ) ) ;
#1303 = CARTESIAN_POINT ( 'NONE',  ( 2.102504374104924500, -17.08196369085692400, 7.860448496151546400 ) ) ;
#1304 = CARTESIAN_POINT ( 'NONE',  ( 1.592952882183871700, -17.58614988125166400, 7.910647291572608700 ) ) ;
#1305 = EDGE_LOOP ( 'NONE', ( #3036, #3029 ) ) ;
#1306 = CARTESIAN_POINT ( 'NONE',  ( 1.404709848829446300, -18.24108222600807500, 8.820922758686418100 ) ) ;
#1307 = CARTESIAN_POINT ( 'NONE',  ( 3.269639860037370800, -17.82329584178549800, 8.748605226017861700 ) ) ;
#1308 = CARTESIAN_POINT ( 'NONE',  ( 1.780485444558505700, -16.53698053853892300, 8.502537376368188400 ) ) ;
#1309 = CARTESIAN_POINT ( 'NONE',  ( 2.957823221724621200, -18.96376637160402700, 7.101812896989195600 ) ) ;
#1310 = CARTESIAN_POINT ( 'NONE',  ( 2.575467856827576600, -18.86358530105107100, 5.318274327801128200 ) ) ;
#1311 = CARTESIAN_POINT ( 'NONE',  ( 2.119067924797652500, -18.51779226936967900, 7.561204762559723000 ) ) ;
#1312 = CARTESIAN_POINT ( 'NONE',  ( 3.693295793276871300, -18.46957011470948700, 6.800553951662465100 ) ) ;
#1313 = CARTESIAN_POINT ( 'NONE',  ( 4.879469930104001200, -16.77165218031999700, 6.736751149921000900 ) ) ;
#1314 = CARTESIAN_POINT ( 'NONE',  ( 2.121321155579732700, -16.59005570687019200, 9.001087113770086700 ) ) ;
#1315 = CARTESIAN_POINT ( 'NONE',  ( 1.038342329584450900, -17.99422087268739600, 9.252165487276277700 ) ) ;
#1316 = CARTESIAN_POINT ( 'NONE',  ( 1.600524942705033200, -17.25917202983453100, 7.962218616164146400 ) ) ;
#1317 = CARTESIAN_POINT ( 'NONE',  ( 2.814563233912490000, -17.05520936009685000, 7.700581957133315400 ) ) ;
#1318 = CARTESIAN_POINT ( 'NONE',  ( 2.589110012555158900, -18.87083896392727700, 7.256965326230184300 ) ) ;
#1320 = CARTESIAN_POINT ( 'NONE',  ( 1.779289555574265600, -18.04270729594209400, 7.787233388562969900 ) ) ;
#1319 = CARTESIAN_POINT ( 'NONE',  ( 3.841368283487542400, -18.38393733581239400, 6.980013086033364900 ) ) ;
#1321 = CARTESIAN_POINT ( 'NONE',  ( 1.808038592762459600, -18.45553592321873600, 8.480208087249304000 ) ) ;
#1322 = CARTESIAN_POINT ( 'NONE',  ( 0.9204622902761969700, -18.89929164768912200, 6.849127384410598700 ) ) ;
#1323 = CARTESIAN_POINT ( 'NONE',  ( 3.028625997639281300, -17.06590766731995500, 8.028081718995459000 ) ) ;
#1324 = CARTESIAN_POINT ( 'NONE',  ( 1.177055225275160700, -17.29958118018832600, 8.097280603264478000 ) ) ;
#1325 = CARTESIAN_POINT ( 'NONE',  ( 4.304594873469133300, -18.76466696123088000, 6.895433249022999300 ) ) ;
#1326 = CARTESIAN_POINT ( 'NONE',  ( 1.753440953769424000, -17.67148290258340300, 7.766924545112571500 ) ) ;
#1327 = ORIENTED_EDGE ( 'NONE', *, *, #1510, .F. ) ;
#1328 = CARTESIAN_POINT ( 'NONE',  ( 1.552019435129749400, -18.21628723920155200, 8.305478913969730900 ) ) ;
#1329 = CARTESIAN_POINT ( 'NONE',  ( 1.785249052777151200, -18.09769479200483700, 9.443778621703993200 ) ) ;
#1330 = CARTESIAN_POINT ( 'NONE',  ( 3.142634710908342100, -17.17858746333852000, 8.400537350867693900 ) ) ;
#1331 = CARTESIAN_POINT ( 'NONE',  ( 1.408297988766892300, -17.02481891792990300, 8.082325128160693600 ) ) ;
#1332 = CARTESIAN_POINT ( 'NONE',  ( 3.642490125003500900, -18.67590816380517200, 7.156672087412300900 ) ) ;
#1333 = EDGE_CURVE ( 'NONE', #5577, #4185, #4672, .T. ) ;
#1334 = CARTESIAN_POINT ( 'NONE',  ( 3.261577589972442800, -18.92984643840875900, 4.527411491701691700 ) ) ;
#1335 = CARTESIAN_POINT ( 'NONE',  ( 2.703251285775866400, -18.85393836988964000, 7.875316282116065400 ) ) ;
#1336 = CARTESIAN_POINT ( 'NONE',  ( 3.454479174400478600, -18.72855707407476800, 6.800427649505840200 ) ) ;
#1337 = CARTESIAN_POINT ( 'NONE',  ( 4.689548274833000200, -16.65231241287000000, 6.861126051024999800 ) ) ;
#1338 = CARTESIAN_POINT ( 'NONE',  ( 1.821861393479925000, -16.67563558545282400, 8.324417777991389000 ) ) ;
#1339 = CARTESIAN_POINT ( 'NONE',  ( 1.360617286483929700, -17.58839896407282000, 9.785436410448008700 ) ) ;
#1340 = ORIENTED_EDGE ( 'NONE', *, *, #3486, .F. ) ;
#1341 = CARTESIAN_POINT ( 'NONE',  ( 1.416349090871605200, -17.90154720292182600, 8.140184874875842500 ) ) ;
#1342 = CARTESIAN_POINT ( 'NONE',  ( 2.183130676264019200, -17.37137277155613900, 7.464392508090972100 ) ) ;
#1343 = CARTESIAN_POINT ( 'NONE',  ( 3.321985804591708600, -18.86297344173679500, 7.389810883109010600 ) ) ;
#1345 = CARTESIAN_POINT ( 'NONE',  ( 2.047830630723019000, -18.58303561144056500, 8.223980154324907600 ) ) ;
#1344 = CARTESIAN_POINT ( 'NONE',  ( 3.789773917095554000, -17.64240241775116400, 6.957080325300419000 ) ) ;
#1346 = CARTESIAN_POINT ( 'NONE',  ( 2.312729585445723900, -18.42533500519243400, 9.025840219334700300 ) ) ;
#1347 = CARTESIAN_POINT ( 'NONE',  ( 1.406214776363663700, -19.50974636130617100, 6.500000066069051600 ) ) ;
#1348 = B_SPLINE_CURVE_WITH_KNOTS ( 'NONE', 3,
 ( #653, #1202, #5077, #1762, #5629, #2311 ),
 .UNSPECIFIED., .F., .F.,
 ( 4, 2, 4 ),
 ( 0.0000000000000000000, 0.5000000000000000000, 1.000000000000000000 ),
 .UNSPECIFIED. ) ;
#1349 = CARTESIAN_POINT ( 'NONE',  ( 2.388872642034590500, -17.12328726726114800, 7.651418661414656900 ) ) ;
#1350 = CARTESIAN_POINT ( 'NONE',  ( 1.834750400261323300, -16.43111275195821000, 9.078350775636195600 ) ) ;
#1351 = LINE ( 'NONE', #3630, #4295 ) ;
#1352 = CARTESIAN_POINT ( 'NONE',  ( 0.8834525445708427700, -17.12926526868375300, 9.865748696541453800 ) ) ;
#1353 = CARTESIAN_POINT ( 'NONE',  ( 1.769560511895346800, -18.33195588149233800, 8.110663182733539100 ) ) ;
#1354 = CARTESIAN_POINT ( 'NONE',  ( 1.902209958027606400, -18.42801714077199500, 8.926715528066528900 ) ) ;
#1355 = CARTESIAN_POINT ( 'NONE',  ( 2.195397139381627400, -17.50875895424104200, 9.642334641269464200 ) ) ;
#1356 = CARTESIAN_POINT ( 'NONE',  ( 2.607154786240007700, -16.97652842437881300, 7.924212641772243200 ) ) ;
#1357 = CARTESIAN_POINT ( 'NONE',  ( 1.154515923279632900, -17.65503869670412500, 8.202212642769513500 ) ) ;
#1358 = CARTESIAN_POINT ( 'NONE',  ( 3.878965830197086200, -17.97105443575682300, 7.142400124986422400 ) ) ;
#1359 = CARTESIAN_POINT ( 'NONE',  ( 3.792303743360080600, -18.49574277729935200, 6.700000002031575100 ) ) ;
#1360 = CARTESIAN_POINT ( 'NONE',  ( 3.365276958565523100, -18.59265982811565700, 8.090690326588543300 ) ) ;
#1361 = CARTESIAN_POINT ( 'NONE',  ( 3.127607084994853200, -18.85991467877578000, 6.800302943002699300 ) ) ;
#1362 = CARTESIAN_POINT ( 'NONE',  ( 4.468520126122000700, -16.62022099237999800, 6.488001347711999300 ) ) ;
#1363 = CARTESIAN_POINT ( 'NONE',  ( 1.418721448622111800, -17.22921928015100000, 8.034534058508793200 ) ) ;
#1364 = CARTESIAN_POINT ( 'NONE',  ( 1.706096400196117900, -16.93030944648997100, 9.763236957914452700 ) ) ;
#1365 = CARTESIAN_POINT ( 'NONE',  ( 1.557298831323227900, -18.32221522716805900, 8.737253591281200800 ) ) ;
#1366 = CARTESIAN_POINT ( 'NONE',  ( 1.948997483161177600, -18.02200146908522900, 7.473730038231769500 ) ) ;
#1367 = CARTESIAN_POINT ( 'NONE',  ( 3.806714167469585200, -18.30007942120087000, 7.423616390535045200 ) ) ;
#1369 = CARTESIAN_POINT ( 'NONE',  ( 2.630391883597574600, -18.59423904520418700, 8.686404620406056800 ) ) ;
#1368 = CARTESIAN_POINT ( 'NONE',  ( 3.200765670354706900, -17.19003700210531700, 6.914414752994946200 ) ) ;
#1370 = CARTESIAN_POINT ( 'NONE',  ( 1.309123545834201700, -19.47932237785936800, 6.500000067453533400 ) ) ;
#1371 = CARTESIAN_POINT ( 'NONE',  ( 1.965889166087476000, -17.65357963225728400, 7.517862103143927200 ) ) ;
#1372 = CARTESIAN_POINT ( 'NONE',  ( -0.1297224294688763800, -15.78361434727199100, 8.588037946706878100 ) ) ;
#1373 = CARTESIAN_POINT ( 'NONE',  ( -0.07660078928778961400, -17.34605187327017000, 9.327664638021582600 ) ) ;
#1374 = CARTESIAN_POINT ( 'NONE',  ( 2.209519467085918600, -18.59141650517857900, 8.651508989544431900 ) ) ;
#1375 = CARTESIAN_POINT ( 'NONE',  ( 2.403795848200092500, -18.08143125336609500, 9.352673297274321800 ) ) ;
#1376 = CARTESIAN_POINT ( 'NONE',  ( 2.353491208707616100, -16.87871735516236900, 9.280235520120792000 ) ) ;
#1377 = CARTESIAN_POINT ( 'NONE',  ( 2.030932701068664000, -17.35587966694242800, 7.646739777904801200 ) ) ;
#1378 = CARTESIAN_POINT ( 'NONE',  ( 1.113544579213956200, -18.07969632451206400, 8.811242769254697300 ) ) ;
#1379 = CARTESIAN_POINT ( 'NONE',  ( 3.510843327771084000, -17.32887775133292200, 7.069176048407031800 ) ) ;
#1380 = CARTESIAN_POINT ( 'NONE',  ( 0.7621938807369921200, -16.76551519763361500, 8.290066072434008500 ) ) ;
#1381 = CARTESIAN_POINT ( 'NONE',  ( 3.654765062500327800, -17.90731533927637600, 8.059845509506109500 ) ) ;
#1382 = CARTESIAN_POINT ( 'NONE',  ( 2.776000753476016500, -18.83816216964615400, 6.800195015098882600 ) ) ;
#1383 = CARTESIAN_POINT ( 'NONE',  ( 1.479477313541000000, -19.48576707549999300, 6.899230593224002600 ) ) ;
#1384 = CARTESIAN_POINT ( 'NONE',  ( 1.230931693697101100, -17.85013286299771500, 8.269307043780825600 ) ) ;
#1385 = CARTESIAN_POINT ( 'NONE',  ( 1.839613290620133200, -16.46629944386554800, 9.196386191946039900 ) ) ;
#1386 = CARTESIAN_POINT ( 'NONE',  ( 1.984866523603650000, -18.20383328396823300, 9.334322307685587500 ) ) ;
#1387 = CARTESIAN_POINT ( 'NONE',  ( 2.217089046670541700, -18.65344609323613100, 7.761210891629433600 ) ) ;
#1388 = CARTESIAN_POINT ( 'NONE',  ( 3.717536433329391400, -17.56692881888299600, 7.336291444193235200 ) ) ;
#1389 = ORIENTED_EDGE ( 'NONE', *, *, #529, .F. ) ;
#1391 = CARTESIAN_POINT ( 'NONE',  ( 3.130759638351940900, -18.07281225016660300, 8.861719911732462800 ) ) ;
#1390 = CARTESIAN_POINT ( 'NONE',  ( 2.471422142185247100, -17.33724036180541400, 6.880927988958940300 ) ) ;
#1392 = CARTESIAN_POINT ( 'NONE',  ( 0.9427662925169595400, -19.05575073937804800, 6.500000068097108400 ) ) ;
#1393 = CARTESIAN_POINT ( 'NONE',  ( 1.960789356115843600, -18.36496972202525400, 7.734564795744819100 ) ) ;
#1394 = CARTESIAN_POINT ( 'NONE',  ( -0.1387747736528685000, -16.40108384898633500, 10.18672480281320100 ) ) ;
#1395 = ORIENTED_EDGE ( 'NONE', *, *, #6411, .T. ) ;
#1396 = CARTESIAN_POINT ( 'NONE',  ( 3.782470919423426700, -17.86427661529837600, 7.636533396746251900 ) ) ;
#1397 = CARTESIAN_POINT ( 'NONE',  ( -0.5516592269552833500, -16.56354205342792000, 8.557533403519702400 ) ) ;
#1398 = CARTESIAN_POINT ( 'NONE',  ( 2.772656077703879300, -18.27755771635930100, 9.022345910818666300 ) ) ;
#1399 = CARTESIAN_POINT ( 'NONE',  ( 2.716261352960907900, -17.40830406526116300, 9.291669709270191600 ) ) ;
#1400 = CARTESIAN_POINT ( 'NONE',  ( 2.154600716225779900, -16.63378122891644000, 8.606563195380276800 ) ) ;
#1401 = EDGE_CURVE ( 'NONE', #1565, #6620, #5963, .T. ) ;
#1402 = CARTESIAN_POINT ( 'NONE',  ( 1.828620794200912300, -18.01346661450396500, 7.700772008341894000 ) ) ;
#1403 = CARTESIAN_POINT ( 'NONE',  ( 2.784209629926760200, -17.18732521931844600, 6.986424585848041600 ) ) ;
#1404 = CARTESIAN_POINT ( 'NONE',  ( 0.6292851336043605600, -15.89755184656728200, 9.005709968613414800 ) ) ;
#1405 = CARTESIAN_POINT ( 'NONE',  ( 3.372914087798601500, -17.26855470642030700, 7.803964035324067800 ) ) ;
#1406 = CARTESIAN_POINT ( 'NONE',  ( 2.207233273869505700, -17.96092976278395500, 6.798830423816185400 ) ) ;
#1407 = LINE ( 'NONE', #2912, #2869 ) ;
#1408 = CARTESIAN_POINT ( 'NONE',  ( 1.978164798486999700, -19.53170539756000000, 6.880997255274000000 ) ) ;
#1409 = CARTESIAN_POINT ( 'NONE',  ( 1.317148221789981500, -18.19452488305923400, 8.922676230120467600 ) ) ;
#1410 = CARTESIAN_POINT ( 'NONE',  ( 1.669477283642378800, -16.51502069981768600, 8.474160171087833100 ) ) ;
#1411 = CARTESIAN_POINT ( 'NONE',  ( 2.410006504808480000, -17.62286877796196200, 9.524657816710007600 ) ) ;
#1412 = CARTESIAN_POINT ( 'NONE',  ( 2.858895021975534200, -18.80543672776292400, 8.105243770401969500 ) ) ;
#1413 = ORIENTED_EDGE ( 'NONE', *, *, #62, .T. ) ;
#1414 = CARTESIAN_POINT ( 'NONE',  ( 3.110755558339400200, -17.16163701724637400, 7.186384786357498600 ) ) ;
#1416 = CARTESIAN_POINT ( 'NONE',  ( 3.207438197463551500, -17.36983327065485100, 8.628273901841469100 ) ) ;
#1415 = CARTESIAN_POINT ( 'NONE',  ( 2.109789202318844500, -17.92510514678391300, 6.839152578581239300 ) ) ;
#1417 = CARTESIAN_POINT ( 'NONE',  ( 1.706096400196117900, -16.93030944648997100, 9.763236957914452700 ) ) ;
#1418 = CARTESIAN_POINT ( 'NONE',  ( -0.1387747736528674200, -16.40108384898633500, 10.18672480281320100 ) ) ;
#1419 = CARTESIAN_POINT ( 'NONE',  ( 2.444320137269188700, -18.76125177438964500, 8.137732321362173900 ) ) ;
#1420 = EDGE_LOOP ( 'NONE', ( #1832, #6361 ) ) ;
#1421 = CARTESIAN_POINT ( 'NONE',  ( 3.250050520263177800, -17.18364117439524500, 6.900000000000000400 ) ) ;
#1422 = CARTESIAN_POINT ( 'NONE',  ( 3.391557523985575500, -17.25888178292723700, 7.448117502563872200 ) ) ;
#1423 = CARTESIAN_POINT ( 'NONE',  ( 3.076306589376727200, -17.59974351328943600, 8.969236461015039900 ) ) ;
#1425 = CARTESIAN_POINT ( 'NONE',  ( 2.625025585369240100, -16.87089533584439500, 8.785598041299312700 ) ) ;
#1424 = CARTESIAN_POINT ( 'NONE',  ( 3.112101390396140800, -18.85036853329245700, 7.770104601701080900 ) ) ;
#1426 = CARTESIAN_POINT ( 'NONE',  ( 1.731447413044984800, -16.94378881912697200, 8.077820582595652600 ) ) ;
#1427 = CARTESIAN_POINT ( 'NONE',  ( 2.080436836497651300, -18.59380205711320500, 8.092008881724890300 ) ) ;
#1428 = CARTESIAN_POINT ( 'NONE',  ( 2.198069269928903900, -17.64360586728792800, 6.950974033428572300 ) ) ;
#1429 = AXIS2_PLACEMENT_3D ( 'NONE', #4260, #950, #4820 ) ;
#1430 = CARTESIAN_POINT ( 'NONE',  ( 0.03949972647716780400, -15.99370633301761800, 10.00053836915482100 ) ) ;
#1431 = CARTESIAN_POINT ( 'NONE',  ( 2.714642007753790900, -17.10780888870053200, 7.497746632853783000 ) ) ;
#1432 = CARTESIAN_POINT ( 'NONE',  ( 3.793228353883248100, -18.49176699722022100, 6.500000005834142100 ) ) ;
#1433 = CARTESIAN_POINT ( 'NONE',  ( 2.808050012498157800, -17.83451226521339400, 9.228148701442350400 ) ) ;
#1434 = CARTESIAN_POINT ( 'NONE',  ( 2.477487302372000300, -19.55914177030669900, 6.852446001640701400 ) ) ;
#1435 = CARTESIAN_POINT ( 'NONE',  ( 1.680248753595206900, -17.99004636740718200, 9.539764857371437800 ) ) ;
#1436 = CARTESIAN_POINT ( 'NONE',  ( 1.313031335773619200, -17.03959673428841600, 8.085963420504473500 ) ) ;
#1437 = CARTESIAN_POINT ( 'NONE',  ( 2.540760421612396700, -16.97829016192416800, 9.177550130466190800 ) ) ;
#1438 = CARTESIAN_POINT ( 'NONE',  ( 2.403068990218656200, -17.36253193710133800, 7.076842512217925000 ) ) ;
#1440 = CARTESIAN_POINT ( 'NONE',  ( 2.807769737995732000, -16.96806212537835300, 8.146382053054420400 ) ) ;
#1439 = CARTESIAN_POINT ( 'NONE',  ( 2.305537874949517000, -18.64247039825617900, 6.853976777075761400 ) ) ;
#1441 = CARTESIAN_POINT ( 'NONE',  ( -0.1541069977004065600, -16.39293156085191000, 10.08824402751195000 ) ) ;
#1442 = CARTESIAN_POINT ( 'NONE',  ( 3.373809989786883600, -18.78686702834148300, 6.700044103253838500 ) ) ;
#1443 = CARTESIAN_POINT ( 'NONE',  ( 3.090877971716981000, -18.57003048053045200, 8.454164870326829700 ) ) ;
#1444 = CARTESIAN_POINT ( 'NONE',  ( 2.066793769476101200, -18.03045455700973000, 6.500000031634183300 ) ) ;
#1445 = CARTESIAN_POINT ( 'NONE',  ( 2.679429301624252100, -17.17878636945501100, 7.248624052128727500 ) ) ;
#1446 = CARTESIAN_POINT ( 'NONE',  ( 2.911943676297193300, -17.02345239090604800, 8.528652739197815100 ) ) ;
#1448 = CARTESIAN_POINT ( 'NONE',  ( 2.194865734939222400, -16.83143894208906100, 8.179974081512863600 ) ) ;
#1447 = CARTESIAN_POINT ( 'NONE',  ( 3.657237399853690500, -18.35274544151980800, 7.860262444310017700 ) ) ;
#1449 = CARTESIAN_POINT ( 'NONE',  ( 1.423618417275670700, -17.56026166864260300, 8.019859925360759000 ) ) ;
#1450 = CARTESIAN_POINT ( 'NONE',  ( 2.675631120825538100, -18.66546701326806400, 8.534150660661255800 ) ) ;
#1451 = CARTESIAN_POINT ( 'NONE',  ( 2.134072194793552600, -18.33034118555011100, 6.936277059000624400 ) ) ;
#1452 = CARTESIAN_POINT ( 'NONE',  ( 1.004574458193999700, -18.61359482499000300, 6.861126051024999800 ) ) ;
#1453 = EDGE_CURVE ( 'NONE', #5749, #3146, #2356, .T. ) ;
#1454 = CARTESIAN_POINT ( 'NONE',  ( 2.125458416088043600, -17.53828410862909600, 7.349403740262666900 ) ) ;
#1455 = CARTESIAN_POINT ( 'NONE',  ( 2.642872893968913700, -15.48527849552566900, 6.499999982985120700 ) ) ;
#1456 = CARTESIAN_POINT ( 'NONE',  ( 2.888095190710863000, -17.16297133459884000, 8.918814783456401300 ) ) ;
#1457 = DIRECTION ( 'NONE',  ( -0.4699997645168665900, -0.8826665402937226000, 0.0000000000000000000 ) ) ;
#1458 = CARTESIAN_POINT ( 'NONE',  ( 2.070879574938510300, -17.37711979654078600, 9.696796787243007600 ) ) ;
#1459 = ADVANCED_FACE ( 'NONE', ( #3828 ), #6408, .T. ) ;
#1460 = CARTESIAN_POINT ( 'NONE',  ( 1.064917795361541400, -17.66286909332232100, 8.254353669988615700 ) ) ;
#1461 = CARTESIAN_POINT ( 'NONE',  ( 2.291004563730274500, -16.70630844114985400, 8.531768828414536500 ) ) ;
#1462 = CARTESIAN_POINT ( 'NONE',  ( 2.085786307116374700, -17.97397817189800100, 7.037638993383303900 ) ) ;
#1464 = CARTESIAN_POINT ( 'NONE',  ( 2.205584133905242000, -17.13677217135653300, 7.743703447369410000 ) ) ;
#1463 = CARTESIAN_POINT ( 'NONE',  ( 2.972372498683673000, -18.97150235938744700, 6.875597077360438900 ) ) ;
#1465 = CARTESIAN_POINT ( 'NONE',  ( 2.772864933921652700, -16.58070594463697500, 6.499999996777416900 ) ) ;
#1466 = CARTESIAN_POINT ( 'NONE',  ( 1.679556280928887100, -17.56676573089708200, 9.777666066984227900 ) ) ;
#1467 = CARTESIAN_POINT ( 'NONE',  ( 2.906243819900548300, -18.87340944876818600, 6.800154176683621500 ) ) ;
#1468 = CARTESIAN_POINT ( 'NONE',  ( 3.456449195677230100, -17.92262412746844900, 8.466557249011884800 ) ) ;
#1469 = CARTESIAN_POINT ( 'NONE',  ( 3.792303743360080600, -18.49574277729935200, 6.700000002031575100 ) ) ;
#1470 = CARTESIAN_POINT ( 'NONE',  ( 2.166235743873063100, -17.62667968124060600, 7.136464758632836700 ) ) ;
#1471 = CARTESIAN_POINT ( 'NONE',  ( 2.394271415627151600, -16.93746482323837200, 8.001399239126994800 ) ) ;
#1473 = CARTESIAN_POINT ( 'NONE',  ( 1.716188037790556500, -17.32067118838699200, 7.886587718449457700 ) ) ;
#1472 = CARTESIAN_POINT ( 'NONE',  ( 3.674303529547086300, -17.61806997104183000, 7.740210231759626900 ) ) ;
#1474 = CARTESIAN_POINT ( 'NONE',  ( 1.359564740065160000, -18.13948756033524700, 8.481731054232485100 ) ) ;
#1475 = CARTESIAN_POINT ( 'NONE',  ( 3.205463112670385000, -18.17924667486978800, 8.723563268325845500 ) ) ;
#1476 = CARTESIAN_POINT ( 'NONE',  ( 2.621895845678662100, -18.88827150062444100, 6.996876531067234100 ) ) ;
#1477 = CARTESIAN_POINT ( 'NONE',  ( 0.9339206566107004500, -18.82537542848000500, 6.488001347711999300 ) ) ;
#1478 = CARTESIAN_POINT ( 'NONE',  ( 2.012719665300472200, -18.21864306211337200, 7.403080789734237200 ) ) ;
#1479 = PLANE ( 'NONE',  #1803 ) ;
#1480 = CARTESIAN_POINT ( 'NONE',  ( 2.543997557838737900, -16.84082720226237500, 8.343310211698447900 ) ) ;
#1481 = ORIENTED_EDGE ( 'NONE', *, *, #1333, .F. ) ;
#1482 = CARTESIAN_POINT ( 'NONE',  ( 2.224770600615338700, -16.77321114636086800, 9.291158597090047900 ) ) ;
#1483 = CARTESIAN_POINT ( 'NONE',  ( 1.017424628315438500, -18.03515902151688600, 8.897751947437187800 ) ) ;
#1484 = CARTESIAN_POINT ( 'NONE',  ( 1.827928756367051900, -16.99508885935094000, 8.024916935595952000 ) ) ;
#1485 = CARTESIAN_POINT ( 'NONE',  ( 2.317385236051422700, -18.67430004956159800, 7.131669045166988900 ) ) ;
#1487 = CARTESIAN_POINT ( 'NONE',  ( 1.846721834215109700, -17.72108122651041700, 7.654126544339959500 ) ) ;
#1486 = CARTESIAN_POINT ( 'NONE',  ( 3.659683959445648500, -18.68505028774499600, 6.889338022507319100 ) ) ;
#1488 = CARTESIAN_POINT ( 'NONE',  ( 3.367200556231591900, -17.35924725073320500, 6.800046317395820800 ) ) ;
#1489 = CARTESIAN_POINT ( 'NONE',  ( 1.828976763358561200, -17.12997875308843700, 6.500000022772665500 ) ) ;
#1490 = CARTESIAN_POINT ( 'NONE',  ( 1.981533715907207100, -16.90670131835212000, 9.616250309041699800 ) ) ;
#1491 = CARTESIAN_POINT ( 'NONE',  ( 2.308787140831243300, -18.49300688058162100, 6.497900996188589900 ) ) ;
#1492 = CARTESIAN_POINT ( 'NONE',  ( 3.296075395142581400, -17.26017332234713200, 8.168869942863453900 ) ) ;
#1493 = CARTESIAN_POINT ( 'NONE',  ( 3.170795645609405500, -18.98480447747966000, 6.799999999999870100 ) ) ;
#1494 = ADVANCED_FACE ( 'NONE', ( #887 ), #3865, .T. ) ;
#1495 = CARTESIAN_POINT ( 'NONE',  ( 2.108252570957486000, -18.36378648698222100, 7.215470805519173900 ) ) ;
#1496 = CARTESIAN_POINT ( 'NONE',  ( 1.873199511069044500, -17.40415566960875200, 7.745978388781667300 ) ) ;
#1498 = CARTESIAN_POINT ( 'NONE',  ( 1.549074025186483000, -17.97211830231408700, 8.046709985119179000 ) ) ;
#1497 = CARTESIAN_POINT ( 'NONE',  ( 3.151579876989623500, -17.15086921898401000, 7.492391977407440800 ) ) ;
#1499 = CARTESIAN_POINT ( 'NONE',  ( 1.647491538148982500, -18.26705065683606200, 9.155345381732200100 ) ) ;
#1500 = CARTESIAN_POINT ( 'NONE',  ( 3.312279751873174600, -17.46810508373409100, 8.534150660659094000 ) ) ;
#1501 = CARTESIAN_POINT ( 'NONE',  ( 3.364302890983323000, -18.88547383569232400, 7.054111010150417200 ) ) ;
#1502 = CARTESIAN_POINT ( 'NONE',  ( 0.9379898325160002100, -19.04803304458999600, 6.612376248815998300 ) ) ;
#1503 = CARTESIAN_POINT ( 'NONE',  ( 2.419359774335539700, -18.78058116123807900, 7.671760641123592400 ) ) ;
#1504 = ORIENTED_EDGE ( 'NONE', *, *, #6358, .F. ) ;
#1505 = CARTESIAN_POINT ( 'NONE',  ( 3.520777147231900700, -16.63142532854170200, 6.899997398026101800 ) ) ;
#1506 = CARTESIAN_POINT ( 'NONE',  ( 2.006876083507895400, -17.09023684096288400, 7.891616146549019100 ) ) ;
#1507 = CARTESIAN_POINT ( 'NONE',  ( 2.035254515759826100, -16.58978296914069300, 8.594818456910180900 ) ) ;
#1508 = ORIENTED_EDGE ( 'NONE', *, *, #2448, .T. ) ;
#1509 = CARTESIAN_POINT ( 'NONE',  ( 1.515580259105805600, -17.60915864729689800, 7.965641186726661400 ) ) ;
#1510 = EDGE_CURVE ( 'NONE', #5653, #6092, #1062, .T. ) ;
#1511 = CARTESIAN_POINT ( 'NONE',  ( 2.995999891892319400, -18.95246517508495600, 7.260347502041115700 ) ) ;
#1513 = CARTESIAN_POINT ( 'NONE',  ( 1.896002452242171900, -18.39918625373281100, 7.957765847108196200 ) ) ;
#1512 = CARTESIAN_POINT ( 'NONE',  ( 3.895471666425314600, -17.97983074455732200, 6.885763229452996900 ) ) ;
#1514 = CARTESIAN_POINT ( 'NONE',  ( 3.758526983297786600, -18.33136506502549400, 6.800585430548634800 ) ) ;
#1515 = CARTESIAN_POINT ( 'NONE',  ( 1.996252892802586400, -16.51698515048116200, 8.981934545581191600 ) ) ;
#1516 = CARTESIAN_POINT ( 'NONE',  ( 2.203381886001683800, -17.91705546285426800, 6.597780395313887600 ) ) ;
#1517 = FACE_OUTER_BOUND ( 'NONE', #535, .T. ) ;
#1518 = CARTESIAN_POINT ( 'NONE',  ( 2.714931063304027800, -17.03383408740358700, 7.761490148214718100 ) ) ;
#1519 = CARTESIAN_POINT ( 'NONE',  ( 5.007426003700236300, -17.50497262183306200, 6.862360777354342500 ) ) ;
#1520 = CARTESIAN_POINT ( 'NONE',  ( 2.614484842980147900, -18.87776041912211500, 7.399892922648394500 ) ) ;
#1521 = CARTESIAN_POINT ( 'NONE',  ( 1.728512601916179200, -18.06752748596579400, 7.876182487484334700 ) ) ;
#1523 = CARTESIAN_POINT ( 'NONE',  ( 1.749154343554537600, -18.42422661253825900, 8.602134497437957000 ) ) ;
#1522 = CARTESIAN_POINT ( 'NONE',  ( 2.446566856954093700, -17.26490495807031400, 7.285310016223000700 ) ) ;
#1524 = CARTESIAN_POINT ( 'NONE',  ( 2.093985268362903900, -17.85255352654874600, 9.583466055498638200 ) ) ;
#1525 = CARTESIAN_POINT ( 'NONE',  ( 2.920038390603322000, -17.01474119396580800, 8.092008881722041000 ) ) ;
#1526 = CARTESIAN_POINT ( 'NONE',  ( 4.979312731769578400, -16.89824074288201700, 6.499999959768411300 ) ) ;
#1527 = FACE_OUTER_BOUND ( 'NONE', #636, .T. ) ;
#1528 = CARTESIAN_POINT ( 'NONE',  ( 3.851456693301663800, -18.32386944418286100, 7.068675596675204200 ) ) ;
#1529 = CARTESIAN_POINT ( 'NONE',  ( 1.022981938527000000, -19.25474126380000000, 6.736751149921000900 ) ) ;
#1530 = CARTESIAN_POINT ( 'NONE',  ( 3.112617835199406300, -18.80346929291673400, 7.940440492511976700 ) ) ;
#1531 = CARTESIAN_POINT ( 'NONE',  ( 3.021870765032000300, -16.59186480979000300, 6.895433249022999300 ) ) ;
#1532 = CARTESIAN_POINT ( 'NONE',  ( 1.685271608417378000, -17.69938513819775800, 7.831070162446213300 ) ) ;
#1533 = CARTESIAN_POINT ( 'NONE',  ( 1.632478581295943700, -16.95280174872612700, 8.085977264452633800 ) ) ;
#1534 = CARTESIAN_POINT ( 'NONE',  ( 1.486345759750104200, -18.20689822425774200, 8.406983671695723400 ) ) ;
#1535 = CARTESIAN_POINT ( 'NONE',  ( 3.655602081053852100, -18.61744792022634700, 7.335306409829881200 ) ) ;
#1537 = CARTESIAN_POINT ( 'NONE',  ( 2.388137736288620200, -18.68638952358139700, 8.435518493193356400 ) ) ;
#1536 = CARTESIAN_POINT ( 'NONE',  ( 3.523819303675775200, -17.33577720010684700, 6.867422309508236300 ) ) ;
#1538 = CARTESIAN_POINT ( 'NONE',  ( 2.201946175630920000, -17.64566725460841200, 6.500000023370504600 ) ) ;
#1539 = CARTESIAN_POINT ( 'NONE',  ( 3.615884331296793900, -17.54671641057783300, 6.498716362598030600 ) ) ;
#1540 = CARTESIAN_POINT ( 'NONE',  ( 1.713605642920797800, -16.66524882079703200, 8.310325386132555900 ) ) ;
#1541 = CARTESIAN_POINT ( 'NONE',  ( -0.4680388940691300700, -16.35455545622366500, 8.414070847391187200 ) ) ;
#1542 = CARTESIAN_POINT ( 'NONE',  ( 2.112108145565269700, -17.39904141640094400, 7.524179683012286900 ) ) ;
#1543 = CARTESIAN_POINT ( 'NONE',  ( 2.252037114157175300, -17.56250723878674000, 6.500000021189815200 ) ) ;
#1544 = CARTESIAN_POINT ( 'NONE',  ( 3.337285321210366800, -18.81563777273080600, 7.563082053205788700 ) ) ;
#1545 = CARTESIAN_POINT ( 'NONE',  ( 2.008534995955991100, -18.56214175181150600, 8.355634918612480500 ) ) ;
#1547 = CARTESIAN_POINT ( 'NONE',  ( 2.235852613751391400, -18.33728495531637000, 9.157559009755765100 ) ) ;
#1546 = CARTESIAN_POINT ( 'NONE',  ( 2.062126725913595600, -17.83561403905367700, 7.218149500800286100 ) ) ;
#1548 = SURFACE_SIDE_STYLE ('',( #2983 ) ) ;
#1549 = CARTESIAN_POINT ( 'NONE',  ( 2.392423218173728800, -17.18064570837058000, 9.472087777363533700 ) ) ;
#1550 = CARTESIAN_POINT ( 'NONE',  ( 2.298104760161585200, -17.13049569466879500, 7.700772008340300600 ) ) ;
#1551 = CARTESIAN_POINT ( 'NONE',  ( 5.001842958985220900, -17.50199977797787200, 6.499999981109266600 ) ) ;
#1552 = CARTESIAN_POINT ( 'NONE',  ( 1.177821909598999900, -19.41702742524000400, 6.861126051024999800 ) ) ;
#1553 = CARTESIAN_POINT ( 'NONE',  ( 3.622455456990761200, -18.26753932125012300, 8.026091130157603000 ) ) ;
#1554 = CARTESIAN_POINT ( 'NONE',  ( 4.521840768500000600, -16.61582920831000000, 6.860127676785998200 ) ) ;
#1555 = CARTESIAN_POINT ( 'NONE',  ( 1.720286727756960200, -18.33128684339973400, 8.221460509710381000 ) ) ;
#1556 = CARTESIAN_POINT ( 'NONE',  ( 1.342121318088163300, -17.57856448323213900, 8.072362025245837500 ) ) ;
#1557 = CARTESIAN_POINT ( 'NONE',  ( 1.825054465618682700, -18.36146254008561800, 9.050658070517103600 ) ) ;
#1558 = CARTESIAN_POINT ( 'NONE',  ( 3.850460408859436500, -17.90042726808606200, 7.306288082074718900 ) ) ;
#1559 = CARTESIAN_POINT ( 'NONE',  ( 2.793196465673585900, -17.19210360464609600, 6.846695002030308800 ) ) ;
#1560 = CARTESIAN_POINT ( 'NONE',  ( 3.478148290285874900, -18.83061973254934800, 6.500000016818405300 ) ) ;
#1561 = CARTESIAN_POINT ( 'NONE',  ( 3.702046536837524400, -18.45128366509114000, 6.599515132466715200 ) ) ;
#1562 = CARTESIAN_POINT ( 'NONE',  ( 1.386847414934698100, -17.21227155581423300, 8.045916211084556100 ) ) ;
#1563 = CARTESIAN_POINT ( 'NONE',  ( -0.5800488690057271600, -17.06293416718920500, 9.739249341323549900 ) ) ;
#1564 = CARTESIAN_POINT ( 'NONE',  ( 1.914163351110522900, -18.05895039882163600, 7.562408833528050600 ) ) ;
#1565 = VERTEX_POINT ( 'NONE', #1670 ) ;
#1566 = CARTESIAN_POINT ( 'NONE',  ( 3.786390703903960800, -18.22384124966063000, 7.594888929416161900 ) ) ;
#1567 = CARTESIAN_POINT ( 'NONE',  ( 2.575175341824602200, -18.51770605021116000, 8.835087349739655600 ) ) ;
#1568 = AXIS2_PLACEMENT_3D ( 'NONE', #4275, #2075, #6504 ) ;
#1569 = B_SPLINE_CURVE_WITH_KNOTS ( 'NONE', 3,
 ( #409, #3717, #7034, #4270 ),
 .UNSPECIFIED., .F., .F.,
 ( 4, 4 ),
 ( -0.3002583912210211600, 0.0005126401063891283800 ),
 .UNSPECIFIED. ) ;
#1571 = CARTESIAN_POINT ( 'NONE',  ( 2.679842433069440600, -17.76634308602024600, 9.334619043839028400 ) ) ;
#1570 = CARTESIAN_POINT ( 'NONE',  ( 2.187983106117034700, -18.55443512126232600, 7.366800334471052200 ) ) ;
#1572 = CARTESIAN_POINT ( 'NONE',  ( 2.342205710858239300, -16.70750210822068000, 8.900647682119265300 ) ) ;
#1573 = ORIENTED_EDGE ( 'NONE', *, *, #1962, .T. ) ;
#1574 = CARTESIAN_POINT ( 'NONE',  ( 1.908435409178712300, -17.68846292210231800, 7.586957050205891000 ) ) ;
#1575 = DIRECTION ( 'NONE',  ( -0.8825321059044110000, 0.4699281812762731700, -0.01745240643292196200 ) ) ;
#1576 = CARTESIAN_POINT ( 'NONE',  ( 1.457130299357999800, -19.51716587692000000, 6.488001347711999300 ) ) ;
#1577 = CARTESIAN_POINT ( 'NONE',  ( 3.598749482391721400, -17.54083292413936200, 7.869893293972508800 ) ) ;
#1578 = CARTESIAN_POINT ( 'NONE',  ( 2.152700064602028900, -18.53567479530846300, 8.790823942053590300 ) ) ;
#1579 = CARTESIAN_POINT ( 'NONE',  ( 1.279463583032267100, -18.12242731732126800, 8.575815879417122600 ) ) ;
#1580 = CARTESIAN_POINT ( 'NONE',  ( 2.303823020889690800, -17.96412623868646500, 9.459750196470594100 ) ) ;
#1581 = ORIENTED_EDGE ( 'NONE', *, *, #4440, .F. ) ;
#1582 = CARTESIAN_POINT ( 'NONE',  ( 3.444233458102884600, -17.28689007391954000, 7.192254712851935000 ) ) ;
#1583 = CARTESIAN_POINT ( 'NONE',  ( 2.205347166426735200, -17.64747559349869700, 6.837815467125666100 ) ) ;
#1584 = FACE_OUTER_BOUND ( 'NONE', #6322, .T. ) ;
#1585 = CARTESIAN_POINT ( 'NONE',  ( 3.584569288467392300, -17.81452101786821300, 8.199888190118347400 ) ) ;
#1586 = CARTESIAN_POINT ( 'NONE',  ( 3.025801874079129900, -18.96989832746244500, 6.500000027437503800 ) ) ;
#1587 = CARTESIAN_POINT ( 'NONE',  ( 2.428715011136584900, -17.49409408384389800, 6.597821941168813700 ) ) ;
#1588 = CARTESIAN_POINT ( 'NONE',  ( 1.145854315190983200, -17.85207025737295400, 8.338472599420894600 ) ) ;
#1589 = CARTESIAN_POINT ( 'NONE',  ( 3.787605562935042700, -18.50217951888548700, 6.500000006094921000 ) ) ;
#1590 = CARTESIAN_POINT ( 'NONE',  ( 2.203133525858633300, -18.65904104408064200, 7.893549727679824100 ) ) ;
#1591 = CARTESIAN_POINT ( 'NONE',  ( 3.653742397077218500, -17.50140883600715800, 7.472628274085797900 ) ) ;
#1592 = CARTESIAN_POINT ( 'NONE',  ( 3.044649356257012900, -17.96031436781573000, 8.987928756472586000 ) ) ;
#1594 = CARTESIAN_POINT ( 'NONE',  ( 2.776220611331304600, -17.10348656557921400, 9.011721340347202500 ) ) ;
#1593 = CARTESIAN_POINT ( 'NONE',  ( 2.800604350552427000, -18.90570191263314800, 7.600690771187550400 ) ) ;
#1595 = ORIENTED_EDGE ( 'NONE', *, *, #2949, .F. ) ;
#1596 = CARTESIAN_POINT ( 'NONE',  ( 1.974840501323438200, -16.75697601994076500, 8.254855944540070200 ) ) ;
#1597 = CARTESIAN_POINT ( 'NONE',  ( 1.930040624932775500, -18.38568457907274800, 7.844839379772444900 ) ) ;
#1598 = CARTESIAN_POINT ( 'NONE',  ( 1.718605435720000200, -17.35500795615999800, 6.899230593224002600 ) ) ;
#1599 = ORIENTED_EDGE ( 'NONE', *, *, #3859, .F. ) ;
#1600 = CARTESIAN_POINT ( 'NONE',  ( 2.201946175630920000, -17.64566725460841200, 6.633333348913719600 ) ) ;
#1601 = CARTESIAN_POINT ( 'NONE',  ( 3.061626580395363300, -17.11605543565970700, 7.579292866420783700 ) ) ;
#1602 = CARTESIAN_POINT ( 'NONE',  ( 1.098499683537623700, -17.51526136673293600, 8.278167768846683900 ) ) ;
#1603 = CARTESIAN_POINT ( 'NONE',  ( 2.691023305857341200, -18.17000428214699400, 9.152687171978367800 ) ) ;
#1604 = CARTESIAN_POINT ( 'NONE',  ( 1.555393217123381700, -18.18648101878977000, 9.264783542772585500 ) ) ;
#1605 = CARTESIAN_POINT ( 'NONE',  ( 2.593864472558299100, -17.28775392325313100, 9.353322314381879100 ) ) ;
#1606 = CARTESIAN_POINT ( 'NONE',  ( 1.265371003262548500, -17.86844456871126500, 9.578977610111175900 ) ) ;
#1607 = CARTESIAN_POINT ( 'NONE',  ( 2.715891348891785300, -17.19817358388522900, 7.071516967293682400 ) ) ;
#1608 = CARTESIAN_POINT ( 'NONE',  ( 2.139325719632110300, -18.33313453425649400, 6.800000000000201400 ) ) ;
#1609 = CARTESIAN_POINT ( 'NONE',  ( 3.279405042604075500, -17.20581983226017500, 7.900514701166843100 ) ) ;
#1610 = CARTESIAN_POINT ( 'NONE',  ( 2.499594785587872200, -18.81829197824094300, 6.500000035138010700 ) ) ;
#1611 = CARTESIAN_POINT ( 'NONE',  ( 3.433947805267411300, -17.38745009051112000, 6.699626195719073300 ) ) ;
#1612 = CARTESIAN_POINT ( 'NONE',  ( 1.224890448540046700, -18.13889997340909900, 9.021380688655551000 ) ) ;
#1613 = CARTESIAN_POINT ( 'NONE',  ( 3.854417663690089800, -17.70187283447626900, 6.699999997664813000 ) ) ;
#1614 = CARTESIAN_POINT ( 'NONE',  ( 2.840316168990430600, -18.75303160663171900, 8.267776274254471100 ) ) ;
#1615 = CARTESIAN_POINT ( 'NONE',  ( 3.030434588396929000, -17.14445989763517600, 7.280260714736880500 ) ) ;
#1616 = B_SPLINE_SURFACE_WITH_KNOTS ( 'NONE', 3, 3, ( 
 ( #6340, #4533, #6905, #3584 ),
 ( #279, #4137, #831, #4698 ),
 ( #1383, #5259, #1943, #5814 ),
 ( #2495, #6366, #3050, #6927 ),
 ( #3608, #304, #4161, #853 ),
 ( #4723, #1408, #5280, #1965 ),
 ( #5839, #2519, #6390, #3075 ),
 ( #6953, #3633, #328, #4187 ),
 ( #875, #4747, #1434, #5306 ),
 ( #1989, #5864, #2545, #6415 ) ),
 .UNSPECIFIED., .F., .F., .F.,
 ( 4, 1, 1, 1, 1, 1, 1, 4 ),
 ( 4, 4 ),
 ( -0.01020195370813000200, 0.2196056929680000000, 0.4494133396440001000, 0.6792209863200002800, 0.9090286329950001400, 1.138836279671000100, 1.368643926347000300, 1.598451573023000200 ),
 ( -0.07000810203712000400, 14.92908520389000100 ),
 .UNSPECIFIED. ) ;
#1617 = CARTESIAN_POINT ( 'NONE',  ( 3.094552969435391300, -17.27274688278728100, 8.709197649884240300 ) ) ;
#1619 = CARTESIAN_POINT ( 'NONE',  ( 2.462509934600433300, -16.79749946442263200, 8.410981835996585300 ) ) ;
#1618 = CARTESIAN_POINT ( 'NONE',  ( 3.482128773292691100, -18.65479104011364700, 7.761060341173857700 ) ) ;
#1620 = CARTESIAN_POINT ( 'NONE',  ( 1.542610005682802700, -17.29509199441541500, 7.978200123148182500 ) ) ;
#1621 = CARTESIAN_POINT ( 'NONE',  ( 2.420822912837894000, -18.72929883789620600, 8.287533933390149000 ) ) ;
#1622 = CARTESIAN_POINT ( 'NONE',  ( 1.458194069495000000, -17.78277595102999700, 6.880997255274000000 ) ) ;
#1623 = CARTESIAN_POINT ( 'NONE',  ( -0.1387747736528674200, -16.40108384898633500, 10.18672480281320100 ) ) ;
#1624 = CARTESIAN_POINT ( 'NONE',  ( 2.373006103682775900, -17.28491162590587400, 7.351210423819535000 ) ) ;
#1625 = CARTESIAN_POINT ( 'NONE',  ( 1.468319070047070300, -17.37419326161113600, 9.754423259038063100 ) ) ;
#1626 = CARTESIAN_POINT ( 'NONE',  ( 2.965571232484588200, -17.48539391331943400, 9.058546183375909800 ) ) ;
#1627 = CARTESIAN_POINT ( 'NONE',  ( 1.980419781530991600, -17.72673769181062300, 9.666127052804899500 ) ) ;
#1628 = CARTESIAN_POINT ( 'NONE',  ( 2.500567688219584600, -16.79170466520070400, 8.807280841163715100 ) ) ;
#1629 = CARTESIAN_POINT ( 'NONE',  ( 1.638878894170475300, -17.27956518756687400, 9.837245250063347200 ) ) ;
#1630 = CARTESIAN_POINT ( 'NONE',  ( 2.193706973290854300, -17.64128639302169800, 6.988501665756357900 ) ) ;
#1631 = CARTESIAN_POINT ( 'NONE',  ( 2.629485499826412600, -18.89230699131821800, 6.800000000000945700 ) ) ;
#1632 = CARTESIAN_POINT ( 'NONE',  ( 2.623921273228210400, -17.10209838827500000, 7.562188904248078100 ) ) ;
#1633 = CARTESIAN_POINT ( 'NONE',  ( 2.149544532859136500, -18.37454639485256900, 6.500000035173987300 ) ) ;
#1634 = CARTESIAN_POINT ( 'NONE',  ( 3.761912619100458200, -18.34125651550150900, 6.800589292671996400 ) ) ;
#1635 = CARTESIAN_POINT ( 'NONE',  ( 1.569678964142316800, -17.87578480120620800, 9.625663835753318400 ) ) ;
#1636 = CARTESIAN_POINT ( 'NONE',  ( 2.829352053179249500, -17.15516971477019900, 6.800000000000003400 ) ) ;
#1637 = CARTESIAN_POINT ( 'NONE',  ( 1.782309426530380700, -16.42281520597479300, 8.793663241132904300 ) ) ;
#1638 = CARTESIAN_POINT ( 'NONE',  ( 3.388135885387742800, -18.27637551103220300, 8.428094139294218600 ) ) ;
#1639 = CARTESIAN_POINT ( 'NONE',  ( 2.341582804450048600, -17.39147474309186600, 7.148361765788157700 ) ) ;
#1640 = EDGE_CURVE ( 'NONE', #3984, #5056, #68, .T. ) ;
#1641 = CARTESIAN_POINT ( 'NONE',  ( 2.694378044457093100, -16.92078592533572800, 8.190628502416931400 ) ) ;
#1643 = CARTESIAN_POINT ( 'NONE',  ( 1.949238153948063000, -17.05959021019429800, 7.939481726124078900 ) ) ;
#1642 = CARTESIAN_POINT ( 'NONE',  ( 3.768824361643688300, -17.96796174440037300, 7.738092995856067800 ) ) ;
#1644 = CARTESIAN_POINT ( 'NONE',  ( 1.378600692887139700, -17.92864986263144900, 8.197884274863632500 ) ) ;
#1645 = CARTESIAN_POINT ( 'NONE',  ( 3.043745073494613900, -18.48333388312289200, 8.611027024710264000 ) ) ;
#1646 = CARTESIAN_POINT ( 'NONE',  ( 1.214123370858700000, -18.21924497801329700, 6.852446001638699400 ) ) ;
#1647 = CARTESIAN_POINT ( 'NONE',  ( 0.02651928884426152000, -15.59249234436385300, 8.861546308880889500 ) ) ;
#1648 = CARTESIAN_POINT ( 'NONE',  ( 2.026295308974812100, -17.88071065620578500, 7.297139046427069800 ) ) ;
#1649 = CARTESIAN_POINT ( 'NONE',  ( 2.630442449014676500, -16.58964266015304300, 6.849127379340213700 ) ) ;
#1650 = CARTESIAN_POINT ( 'NONE',  ( 2.792782992777452600, -16.94707829871087100, 8.575544143893585800 ) ) ;
#1651 = CARTESIAN_POINT ( 'NONE',  ( 2.084518038453761600, -16.81529260087466300, 8.190192410172363300 ) ) ;
#1652 = CARTESIAN_POINT ( 'NONE',  ( 1.884481275077005700, -16.66640459733627100, 9.493341705914783500 ) ) ;
#1653 = CARTESIAN_POINT ( 'NONE',  ( 2.142174381554081000, -18.38182303361585200, 7.032764165946948900 ) ) ;
#1654 = CARTESIAN_POINT ( 'NONE',  ( 3.374098952869046400, -18.89068249419058200, 6.800000000000692600 ) ) ;
#1655 = ORIENTED_EDGE ( 'NONE', *, *, #5718, .T. ) ;
#1656 = CARTESIAN_POINT ( 'NONE',  ( 2.068261392860318600, -17.57458579474554500, 7.417250844812377500 ) ) ;
#1657 = CARTESIAN_POINT ( 'NONE',  ( 2.130670534323412000, -17.82267501904421500, 6.500000027344087900 ) ) ;
#1658 = CARTESIAN_POINT ( 'NONE',  ( 2.349069516095613000, -17.59000165259774900, 6.798718789551995400 ) ) ;
#1660 = CARTESIAN_POINT ( 'NONE',  ( 1.945106770022579000, -17.24481321564213900, 9.743443489279050200 ) ) ;
#1659 = CARTESIAN_POINT ( 'NONE',  ( 2.987049625022247100, -18.39155278755667000, 8.763094889596352700 ) ) ;
#1661 = CARTESIAN_POINT ( 'NONE',  ( 3.049946520261663400, -16.61475523588118000, 6.899999997795150700 ) ) ;
#1662 = CARTESIAN_POINT ( 'NONE',  ( 3.476964800038066600, -17.55566967709774700, 8.267776274252309300 ) ) ;
#1663 = B_SPLINE_CURVE_WITH_KNOTS ( 'NONE', 3,
 ( #3363, #65, #618, #4486 ),
 .UNSPECIFIED., .F., .F.,
 ( 4, 4 ),
 ( 0.0000000000000000000, 1.000000000000000000 ),
 .UNSPECIFIED. ) ;
#1664 = CARTESIAN_POINT ( 'NONE',  ( 2.065893888399117800, -18.02503677612810800, 7.120945083366543700 ) ) ;
#1665 = CARTESIAN_POINT ( 'NONE',  ( 2.113243401027197400, -17.14679334690880800, 7.783621125281713100 ) ) ;
#1667 = CARTESIAN_POINT ( 'NONE',  ( 1.631337632042129800, -17.67070793427184900, 7.880094218331349200 ) ) ;
#1666 = CARTESIAN_POINT ( 'NONE',  ( 3.463807323016962600, -17.31688349686075100, 7.547561206927465300 ) ) ;
#1668 = CARTESIAN_POINT ( 'NONE',  ( 1.530482443410329200, -18.30795670079148300, 8.819493294660121700 ) ) ;
#1669 = CARTESIAN_POINT ( 'NONE',  ( 3.376708591402152800, -17.81858970520781300, 8.597560380995213700 ) ) ;
#1670 = CARTESIAN_POINT ( 'NONE',  ( 1.670621185030073400, -17.36213615621525400, 6.849127379413459900 ) ) ;
#1671 = CARTESIAN_POINT ( 'NONE',  ( 3.978218289272203600, -19.20927053717329600, 6.500000012980197400 ) ) ;
#1672 = CARTESIAN_POINT ( 'NONE',  ( 2.190430992301657800, -18.58126698310182700, 7.485368996281763100 ) ) ;
#1673 = CARTESIAN_POINT ( 'NONE',  ( 2.286899035772106600, -16.92290048593852000, 8.029697380729096800 ) ) ;
#1674 = CARTESIAN_POINT ( 'NONE',  ( 1.631431231068333400, -17.34231907768487700, 7.925833024920272000 ) ) ;
#1675 = CARTESIAN_POINT ( 'NONE',  ( 1.833514482548184600, -16.45004141720832200, 8.783437455369814000 ) ) ;
#1676 = CARTESIAN_POINT ( 'NONE',  ( 2.663464106576947500, -18.90380315553292300, 7.136085168784229700 ) ) ;
#1677 = VERTEX_POINT ( 'NONE', #3953 ) ;
#1678 = CARTESIAN_POINT ( 'NONE',  ( 3.861814224723332700, -18.32937664132899500, 6.799999999999616100 ) ) ;
#1679 = CARTESIAN_POINT ( 'NONE',  ( 1.993003978235986700, -18.25533388429752800, 7.502029514832115900 ) ) ;
#1680 = CARTESIAN_POINT ( 'NONE',  ( 3.073402506644999900, -19.57078109108000100, 6.488001347711999300 ) ) ;
#1681 = CARTESIAN_POINT ( 'NONE',  ( 1.754345607509470300, -16.50161777037226000, 8.863448229891474700 ) ) ;
#1682 = CARTESIAN_POINT ( 'NONE',  ( 2.095663540122401100, -16.67296361248601900, 9.290716930124594000 ) ) ;
#1683 = CARTESIAN_POINT ( 'NONE',  ( 4.757956488906724100, -16.68371333909778500, 6.849127384410598700 ) ) ;
#1684 = CARTESIAN_POINT ( 'NONE',  ( 3.042735079964304000, -17.07998018093324800, 7.893549727676973900 ) ) ;
#1685 = CARTESIAN_POINT ( 'NONE',  ( 2.338855026048116200, -18.70517498004359100, 7.253747250002719600 ) ) ;
#1686 = CARTESIAN_POINT ( 'NONE',  ( 1.786154113893144000, -17.75302531784922500, 7.724056989734799900 ) ) ;
#1688 = CARTESIAN_POINT ( 'NONE',  ( 1.645931925977892800, -18.29175169400423700, 8.289046365653646800 ) ) ;
#1687 = CARTESIAN_POINT ( 'NONE',  ( 2.777812048304480800, -17.14139699506020200, 7.319548805169316300 ) ) ;
#1689 = LINE ( 'NONE', #3932, #225 ) ;
#1690 = CARTESIAN_POINT ( 'NONE',  ( 3.190646651759925700, -17.18465662447688300, 8.253697067559720300 ) ) ;
#1691 = CARTESIAN_POINT ( 'NONE',  ( 3.323316410747977600, -18.80188094239863300, 6.500000002167724700 ) ) ;
#1692 = CARTESIAN_POINT ( 'NONE',  ( 3.018835567965187500, -19.57029281552400200, 6.500000036475802800 ) ) ;
#1693 = CARTESIAN_POINT ( 'NONE',  ( 2.811159762694829500, -18.88578402715635500, 7.759892306270972800 ) ) ;
#1694 = CARTESIAN_POINT ( 'NONE',  ( 4.493033139019668300, -16.61426271157999700, 6.849127380715888300 ) ) ;
#1695 = CARTESIAN_POINT ( 'NONE',  ( 1.795327400210075600, -17.42946421663123900, 7.795857776055055600 ) ) ;
#1696 = CARTESIAN_POINT ( 'NONE',  ( 1.483814677599148300, -17.98459313064580600, 8.131378999369065500 ) ) ;
#1697 = CARTESIAN_POINT ( 'NONE',  ( 1.522711065968824600, -16.77368212050516800, 8.190227060757301600 ) ) ;
#1698 = CARTESIAN_POINT ( 'NONE',  ( 3.399588435014375700, -18.84876492596298900, 7.227510562244192200 ) ) ;
#1699 = CARTESIAN_POINT ( 'NONE',  ( 3.764920834586799700, -17.59212355194624100, 6.799999999998450000 ) ) ;
#1700 = CARTESIAN_POINT ( 'NONE',  ( 2.418097632514439000, -18.77991006852745000, 7.814206914943455700 ) ) ;
#1701 = CARTESIAN_POINT ( 'NONE',  ( 3.537619914267000600, -19.47543145845999700, 6.612376242486998700 ) ) ;
#1702 = CARTESIAN_POINT ( 'NONE',  ( 4.309751840691021100, -18.81472229924103300, 6.849127382565398200 ) ) ;
#1703 = CARTESIAN_POINT ( 'NONE',  ( 1.917956724637943600, -16.55294492495567500, 8.578387170382081100 ) ) ;
#1704 = CARTESIAN_POINT ( 'NONE',  ( 5.015142273732397600, -17.48998883589586500, 6.849127384410598700 ) ) ;
#1705 = EDGE_CURVE ( 'NONE', #3316, #647, #1348, .T. ) ;
#1706 = CARTESIAN_POINT ( 'NONE',  ( 2.383647317071195800, -17.17597947898646600, 7.562408833526457200 ) ) ;
#1707 = CARTESIAN_POINT ( 'NONE',  ( 3.026885735488518600, -18.93182322200023600, 7.422950832548173700 ) ) ;
#1708 = B_SPLINE_SURFACE_WITH_KNOTS ( 'NONE', 3, 3, ( 
 ( #3020, #276, #4133, #828 ),
 ( #4694, #1380, #5256, #1940 ),
 ( #5811, #2492, #6363, #3046 ),
 ( #6924, #3604, #301, #4158 ),
 ( #850, #4720, #1404, #5277 ),
 ( #1961, #5835, #2515, #6386 ),
 ( #3071, #6948, #3628, #324 ),
 ( #4183, #871, #4743, #1430 ),
 ( #5300, #1985, #5860, #2541 ),
 ( #6410, #3093, #6975, #3653 ) ),
 .UNSPECIFIED., .F., .F., .F.,
 ( 4, 1, 1, 1, 1, 1, 1, 4 ),
 ( 4, 4 ),
 ( 0.0000000000000000000, 0.1208045936606518100, 0.2819225655576205700, 0.4362502267765027700, 0.5637497732236121900, 0.6644600628956266500, 0.8053867746105920500, 1.000000000000000000 ),
 ( 0.0000000000000000000, 1.000000000000000000 ),
 .UNSPECIFIED. ) ;
#1710 = CARTESIAN_POINT ( 'NONE',  ( 1.859366009533572200, -18.40523660926956500, 8.073929328450065100 ) ) ;
#1709 = CARTESIAN_POINT ( 'NONE',  ( 3.879774040570803400, -17.91601360254375300, 7.054111010148668400 ) ) ;
#1712 = CARTESIAN_POINT ( 'NONE',  ( 2.048562581656003400, -18.48030391343622700, 8.885481190170493100 ) ) ;
#1711 = CARTESIAN_POINT ( 'NONE',  ( 2.175198328710934400, -17.56473128930104000, 7.209091270912551900 ) ) ;
#1713 = CARTESIAN_POINT ( 'NONE',  ( 2.613334434311115100, -17.01687844897217900, 7.815579934283737100 ) ) ;
#1714 = CARTESIAN_POINT ( 'NONE',  ( 2.572307077180555600, -18.74766121836301400, 6.500000016367793300 ) ) ;
#1715 = CARTESIAN_POINT ( 'NONE',  ( 2.449343062044861500, -17.48458441523697700, 6.500000018692787800 ) ) ;
#1716 = CARTESIAN_POINT ( 'NONE',  ( 3.469168300120501600, -18.58375131480040200, 7.934367669455502500 ) ) ;
#1717 = CARTESIAN_POINT ( 'NONE',  ( 3.246106647699619000, -17.17165483279506000, 6.499999996595833300 ) ) ;
#1718 = CARTESIAN_POINT ( 'NONE',  ( 1.676929257499637100, -18.08727397417086600, 7.968553914591690400 ) ) ;
#1719 = CARTESIAN_POINT ( 'NONE',  ( 1.682482820302066500, -18.38877673480135400, 8.723414556000687300 ) ) ;
#1720 = CARTESIAN_POINT ( 'NONE',  ( 1.218655397416870800, -17.38713237835291600, 8.093511842736456100 ) ) ;
#1721 = CARTESIAN_POINT ( 'NONE',  ( 3.851290743451446700, -18.25834921280397100, 7.245330107959387300 ) ) ;
#1722 = CARTESIAN_POINT ( 'NONE',  ( 3.144894853222440100, -17.17978920232671700, 6.799999999997987200 ) ) ;
#1723 = CARTESIAN_POINT ( 'NONE',  ( 3.101257978858005200, -18.74561037496237500, 8.109049597030113100 ) ) ;
#1724 = CARTESIAN_POINT ( 'NONE',  ( 3.949700127616000000, -19.23999693380000100, 6.736751137261000700 ) ) ;
#1725 = CARTESIAN_POINT ( 'NONE',  ( 3.684500551974581000, -19.41469653101749100, 6.849127382565398200 ) ) ;
#1726 = CARTESIAN_POINT ( 'NONE',  ( 1.534636199975944100, -16.96241362264270700, 8.089970376337410200 ) ) ;
#1727 = CARTESIAN_POINT ( 'NONE',  ( 4.741216461745800400, -17.89697450329500200, 6.899997398026101800 ) ) ;
#1728 = CARTESIAN_POINT ( 'NONE',  ( 1.982359801559771700, -17.72776921876152300, 7.458646623818816900 ) ) ;
#1729 = CARTESIAN_POINT ( 'NONE',  ( 3.661700275507838900, -18.55525839345529700, 7.513897820102929600 ) ) ;
#1731 = CARTESIAN_POINT ( 'NONE',  ( 2.347487300767249000, -18.63924500594548700, 8.584199413376167000 ) ) ;
#1730 = CARTESIAN_POINT ( 'NONE',  ( 3.466944658695446400, -17.29896583347935000, 6.996876531064366100 ) ) ;
#1733 = CARTESIAN_POINT ( 'NONE',  ( 2.567957214941942700, -18.10456888088915400, 9.264549847866108600 ) ) ;
#1732 = CARTESIAN_POINT ( 'NONE',  ( 2.066197452490041300, -18.24707770594684000, 7.236673390320835800 ) ) ;
#1734 = CARTESIAN_POINT ( 'NONE',  ( 3.091090736212168500, -17.17361085865770300, 6.499999999555888600 ) ) ;
#1735 = EDGE_LOOP ( 'NONE', ( #7025, #3587, #2968, #6238 ) ) ;
#1736 = CARTESIAN_POINT ( 'NONE',  ( 2.038031124266106400, -17.42508595978459600, 7.580091814774720900 ) ) ;
#1737 = CARTESIAN_POINT ( 'NONE',  ( 2.196976276152222200, -18.09558814858337100, 6.500000023464540500 ) ) ;
#1738 = CARTESIAN_POINT ( 'NONE',  ( 3.051814111670958500, -17.27030358667126800, 6.500000007301277800 ) ) ;
#1739 = CARTESIAN_POINT ( 'NONE',  ( 3.712579346372173900, -17.88258517300449700, 7.888976809542374000 ) ) ;
#1740 = SURFACE_STYLE_USAGE ( .BOTH. , #5053 ) ;
#1741 = CARTESIAN_POINT ( 'NONE',  ( 1.961471293255640000, -18.53711753719650100, 8.488184664068217700 ) ) ;
#1742 = CARTESIAN_POINT ( 'NONE',  ( 2.151790706146633700, -18.24076967100410900, 9.282575313140522900 ) ) ;
#1743 = CARTESIAN_POINT ( 'NONE',  ( 2.266087761757137600, -17.05800138834863600, 9.510757692983844400 ) ) ;
#1744 = CARTESIAN_POINT ( 'NONE',  ( 1.044660370605988000, -17.94651963935401500, 8.553351238494702400 ) ) ;
#1745 = CARTESIAN_POINT ( 'NONE',  ( 3.708660260408221700, -17.53060918190757900, 7.176834562452332200 ) ) ;
#1746 = CARTESIAN_POINT ( 'NONE',  ( 2.427529601750149100, -17.37553787495738100, 6.799999999998547700 ) ) ;
#1747 = CARTESIAN_POINT ( 'NONE',  ( 3.573335140535783600, -18.17598959142642200, 8.184078876993526200 ) ) ;
#1748 = CARTESIAN_POINT ( 'NONE',  ( 4.268497995536000300, -18.88749363861999700, 6.861126032036001000 ) ) ;
#1749 = CARTESIAN_POINT ( 'NONE',  ( 2.136499389038874600, -18.33163174761594000, 6.900000000000000400 ) ) ;
#1750 = CARTESIAN_POINT ( 'NONE',  ( 1.256777664655887500, -17.59482204865033900, 8.120999243393887600 ) ) ;
#1751 = CARTESIAN_POINT ( 'NONE',  ( 4.995995039662000500, -17.46620717735999400, 6.895433249022999300 ) ) ;
#1752 = CARTESIAN_POINT ( 'NONE',  ( 2.028189712313301900, -18.43787137454241100, 7.674482196633471500 ) ) ;
#1753 = LINE ( 'NONE', #3321, #6952 ) ;
#1754 = CARTESIAN_POINT ( 'NONE',  ( 3.810440052678206500, -17.82732929205071300, 7.464027299059350400 ) ) ;
#1756 = CARTESIAN_POINT ( 'NONE',  ( 2.921216153206003300, -18.29239999018411900, 8.908505420007783100 ) ) ;
#1755 = CARTESIAN_POINT ( 'NONE',  ( 2.731611940911363500, -17.20653237093361200, 6.936277058998594900 ) ) ;
#1758 = CARTESIAN_POINT ( 'NONE',  ( 2.847429537638524800, -17.42257685989691400, 9.165932759329468400 ) ) ;
#1757 = CARTESIAN_POINT ( 'NONE',  ( 2.496662568322318700, -18.82168378589520300, 7.431216714555910500 ) ) ;
#1759 = VERTEX_POINT ( 'NONE', #2775 ) ;
#1760 = CARTESIAN_POINT ( 'NONE',  ( 3.588327085040635000, -17.38831572574452600, 6.499999993339199200 ) ) ;
#1761 = CARTESIAN_POINT ( 'NONE',  ( 1.873401492447109400, -18.09274750040971800, 7.651418661416406600 ) ) ;
#1762 = CARTESIAN_POINT ( 'NONE',  ( 3.051488009446607000, -16.56984231596650800, 6.875605298468929800 ) ) ;
#1763 = CARTESIAN_POINT ( 'NONE',  ( 3.680480148616693800, -17.65043637176798400, 6.499999995414465400 ) ) ;
#1764 = CARTESIAN_POINT ( 'NONE',  ( 3.380039472993594100, -17.25932810804877000, 7.656093362734547500 ) ) ;
#1765 = CARTESIAN_POINT ( 'NONE',  ( 3.850695580906517100, -18.38368683718135400, 5.318274327801128200 ) ) ;
#1766 = CARTESIAN_POINT ( 'NONE',  ( 2.511884630487931000, -18.43223500686153200, 8.978961138649383500 ) ) ;
#1767 = CARTESIAN_POINT ( 'NONE',  ( 2.569448351571522500, -17.64221351740982200, 9.424866207713025200 ) ) ;
#1768 = VERTEX_POINT ( 'NONE', #5536 ) ;
#1769 = CARTESIAN_POINT ( 'NONE',  ( 2.216715648095258100, -16.63420727680087200, 8.900202469940936100 ) ) ;
#1770 = CARTESIAN_POINT ( 'NONE',  ( 1.185488926058631400, -18.04692980820209400, 9.276872489186056100 ) ) ;
#1771 = CARTESIAN_POINT ( 'NONE',  ( 3.069646279774404600, -17.16530912377242800, 7.069062189731235800 ) ) ;
#1772 = CARTESIAN_POINT ( 'NONE',  ( 0.9925739962956460200, -18.63502737816396100, 6.862360777355033500 ) ) ;
#1773 = CARTESIAN_POINT ( 'NONE',  ( 3.516837450270846600, -17.46021527666437800, 7.990266437968840000 ) ) ;
#1774 = CARTESIAN_POINT ( 'NONE',  ( 2.066793769476101200, -18.03045455700973000, 6.500000031634183300 ) ) ;
#1775 = EDGE_CURVE ( 'NONE', #5402, #106, #6776, .T. ) ;
#1776 = CARTESIAN_POINT ( 'NONE',  ( 1.194938884370177400, -18.09694397847912800, 8.667608525599250800 ) ) ;
#1777 = CARTESIAN_POINT ( 'NONE',  ( 4.315312199123000300, -18.80305240940000300, 6.860127676783999800 ) ) ;
#1778 = CARTESIAN_POINT ( 'NONE',  ( 1.256834208327737700, -17.14314230762047600, 8.080250078916426700 ) ) ;
#1779 = CARTESIAN_POINT ( 'NONE',  ( 2.197153985952699200, -17.84197731246586100, 9.555983981362645700 ) ) ;
#1780 = CARTESIAN_POINT ( 'NONE',  ( 2.560557402977019500, -18.80359698423226400, 8.044997046264846600 ) ) ;
#1781 = CARTESIAN_POINT ( 'NONE',  ( 3.370960309186985100, -17.24793004955308700, 7.307587083895142200 ) ) ;
#1783 = CARTESIAN_POINT ( 'NONE',  ( 3.186553088046307500, -17.60289205014845100, 8.824135178575918600 ) ) ;
#1782 = CARTESIAN_POINT ( 'NONE',  ( 2.203889369308623000, -17.64670046902147900, 6.875630897713808300 ) ) ;
#1785 = CARTESIAN_POINT ( 'NONE',  ( 2.699906523844600100, -16.89769500419954800, 8.659965532958230100 ) ) ;
#1784 = CARTESIAN_POINT ( 'NONE',  ( 3.213745635983395100, -18.85723989839749800, 7.625760038790015300 ) ) ;
#1786 = CARTESIAN_POINT ( 'NONE',  ( 3.878052631206891500, -17.87859251820379600, 6.499999995134111900 ) ) ;
#1787 = CARTESIAN_POINT ( 'NONE',  ( 2.183577184622496900, -18.65521333446504600, 8.028081718998327800 ) ) ;
#1788 = CARTESIAN_POINT ( 'NONE',  ( 4.492893785301865800, -16.61832293082905200, 6.616375793123547000 ) ) ;
#1789 = CARTESIAN_POINT ( 'NONE',  ( 3.725470253126906600, -18.40757876376000000, 6.499999994563790300 ) ) ;
#1790 = CARTESIAN_POINT ( 'NONE',  ( 2.693618157919482200, -17.13915687922319400, 7.392908810200108100 ) ) ;
#1791 = CARTESIAN_POINT ( 'NONE',  ( 3.907314201701514600, -18.04119512350893100, 4.527411491701691700 ) ) ;
#1792 = CARTESIAN_POINT ( 'NONE',  ( 2.950181362410554200, -17.84465285021903500, 9.103850131146691300 ) ) ;
#1793 = CARTESIAN_POINT ( 'NONE',  ( 2.653524836887698700, -17.00118381765284400, 9.057306431832417500 ) ) ;
#1794 = CARTESIAN_POINT ( 'NONE',  ( 1.866208981407594200, -16.74638945517385100, 8.253750806958851900 ) ) ;
#1795 = CARTESIAN_POINT ( 'NONE',  ( 1.543523463032529900, -17.62401631237236200, 9.772962853027667800 ) ) ;
#1796 = CARTESIAN_POINT ( 'NONE',  ( 2.370025384966504900, -17.40659793141357900, 6.995166868006203100 ) ) ;
#1797 = CARTESIAN_POINT ( 'NONE',  ( -0.3994225824610270200, -16.26249495070115700, 8.512551622692415200 ) ) ;
#1798 = CARTESIAN_POINT ( 'NONE',  ( 2.966156880640784500, -17.08475253650714600, 7.657557673767337600 ) ) ;
#1799 = CARTESIAN_POINT ( 'NONE',  ( 1.306979018661861900, -17.67450235039372700, 9.746096497211727400 ) ) ;
#1800 = CARTESIAN_POINT ( 'NONE',  ( 5.051918692504001400, -17.38791027749999800, 6.612376248815998300 ) ) ;
#1801 = CARTESIAN_POINT ( 'NONE',  ( 1.456400156083999000, -18.09678122713634000, 9.364044819862487000 ) ) ;
#1802 = CARTESIAN_POINT ( 'NONE',  ( 2.471073061133234100, -17.16699400537939700, 9.406585347257264500 ) ) ;
#1803 = AXIS2_PLACEMENT_3D ( 'NONE', #1455, #4233, #2591 ) ;
#1804 = CARTESIAN_POINT ( 'NONE',  ( 3.213867537423510600, -18.57378960173219800, 8.315745789631364500 ) ) ;
#1805 = CARTESIAN_POINT ( 'NONE',  ( 2.644862613866964600, -17.20758077450152600, 7.151146868731907500 ) ) ;
#1807 = CARTESIAN_POINT ( 'NONE',  ( 2.966506710466998900, -17.03944883791032400, 8.391263171513827500 ) ) ;
#1806 = CARTESIAN_POINT ( 'NONE',  ( 2.154747728887076400, -18.38850840098063700, 6.893389958946519500 ) ) ;
#1808 = CARTESIAN_POINT ( 'NONE',  ( 2.222575120779096500, -16.88869885365512900, 8.088165519281091100 ) ) ;
#1809 = CARTESIAN_POINT ( 'NONE',  ( 3.814821584284981500, -18.45115605753069900, 6.500000004823412800 ) ) ;
#1810 = CARTESIAN_POINT ( 'NONE',  ( 2.810220883111706600, -18.68985582033287000, 8.426889968879436300 ) ) ;
#1811 = CARTESIAN_POINT ( 'NONE',  ( 1.302827930194917500, -17.67842702331540400, 9.735759614953027000 ) ) ;
#1812 = CARTESIAN_POINT ( 'NONE',  ( 2.479047945084664300, -17.46061248657331800, 6.798884140527327700 ) ) ;
#1813 = CARTESIAN_POINT ( 'NONE',  ( 2.124704698078568700, -17.60459723248457900, 7.280161101733514600 ) ) ;
#1814 = CARTESIAN_POINT ( 'NONE',  ( 3.639787556601231900, -17.39086803248401500, 6.900000000000000400 ) ) ;
#1815 = CARTESIAN_POINT ( 'NONE',  ( 2.980943838912617500, -17.17527558913573700, 8.781242207215598200 ) ) ;
#1816 = CARTESIAN_POINT ( 'NONE',  ( 2.344161390512540700, -16.75403166795261400, 8.426333727401871700 ) ) ;
#1817 = B_SPLINE_CURVE_WITH_KNOTS ( 'NONE', 3,
 ( #6007, #6566, #7120, #3799 ),
 .UNSPECIFIED., .F., .F.,
 ( 4, 4 ),
 ( 0.0000000000000000000, 0.3999999766294216600 ),
 .UNSPECIFIED. ) ;
#1818 = CARTESIAN_POINT ( 'NONE',  ( 1.512349226399096500, -17.27900205266076100, 7.994181630132124500 ) ) ;
#1819 = CARTESIAN_POINT ( 'NONE',  ( 1.876547690372960800, -16.96182039096597900, 9.701915217895189500 ) ) ;
#1820 = CARTESIAN_POINT ( 'NONE',  ( 2.090710009568214300, -18.03823174181130500, 6.961548061438642200 ) ) ;
#1821 = CARTESIAN_POINT ( 'NONE',  ( 2.201946175630920000, -17.64566725460841200, 5.318274327801128200 ) ) ;
#1822 = CARTESIAN_POINT ( 'NONE',  ( 2.299464856176902700, -17.30744464187143100, 7.414435218880114100 ) ) ;
#1823 = CARTESIAN_POINT ( 'NONE',  ( 1.203550120768044100, -17.24335510127472300, 8.080250078915693000 ) ) ;
#1824 = CARTESIAN_POINT ( 'NONE',  ( 5.075481257265998600, -17.16565648150999800, 6.736751149921000900 ) ) ;
#1825 = CARTESIAN_POINT ( 'NONE',  ( 1.861933467178277900, -17.59830540666812100, 9.738379582960641700 ) ) ;
#1826 = CARTESIAN_POINT ( 'NONE',  ( 1.127737916177243200, -17.40293921556314800, 8.125518250275742800 ) ) ;
#1827 = CARTESIAN_POINT ( 'NONE',  ( 1.692350466323417500, -16.49011833935186300, 8.522393694228160400 ) ) ;
#1828 = CARTESIAN_POINT ( 'NONE',  ( 2.375531256427113800, -16.71865103364639200, 8.819493294657254600 ) ) ;
#1829 = CARTESIAN_POINT ( 'NONE',  ( 3.545566039084358900, -17.90837280274754300, 8.304474832194841800 ) ) ;
#1830 = EDGE_CURVE ( 'NONE', #4247, #7059, #2632, .T. ) ;
#1831 = CARTESIAN_POINT ( 'NONE',  ( 2.154456911263417800, -17.68713064767802100, 7.062983596176558800 ) ) ;
#1832 = ORIENTED_EDGE ( 'NONE', *, *, #2007, .F. ) ;
#1834 = CARTESIAN_POINT ( 'NONE',  ( 2.407215729304147600, -16.98687400667626300, 7.902068997152683800 ) ) ;
#1833 = CARTESIAN_POINT ( 'NONE',  ( 2.681618600175195600, -18.91345607100654300, 6.934844553875716900 ) ) ;
#1835 = CARTESIAN_POINT ( 'NONE',  ( 1.743235339239696000, -17.40176637649842900, 7.843207596702726800 ) ) ;
#1836 = CARTESIAN_POINT ( 'NONE',  ( 1.490124460534993700, -19.52515881924408000, 6.849127384410598700 ) ) ;
#1837 = CARTESIAN_POINT ( 'NONE',  ( 3.327301263088630700, -18.17731528575401600, 8.578086952689005800 ) ) ;
#1838 = CARTESIAN_POINT ( 'NONE',  ( 1.007339022981220000, -18.01021059568327600, 9.139490872122211200 ) ) ;
#1839 = CARTESIAN_POINT ( 'NONE',  ( 2.830286998932020700, -17.28535294030507400, 6.799315453400621000 ) ) ;
#1840 = CARTESIAN_POINT ( 'NONE',  ( 2.056066540126704600, -18.28886484323996700, 7.334784028934139500 ) ) ;
#1841 = CARTESIAN_POINT ( 'NONE',  ( 3.002674512628557200, -17.12599374795914600, 6.109137163900562900 ) ) ;
#1842 = CARTESIAN_POINT ( 'NONE',  ( 2.580058723048567000, -16.87946050456655900, 8.227436248046728900 ) ) ;
#1843 = CARTESIAN_POINT ( 'NONE',  ( 1.853808608428037000, -17.07048501166274300, 7.965258909500937200 ) ) ;
#1844 = CARTESIAN_POINT ( 'NONE',  ( 1.300825489333911700, -17.93446989230077900, 8.274590105133032800 ) ) ;
#1845 = CARTESIAN_POINT ( 'NONE',  ( 1.955862334122659300, -16.51509492383360100, 9.112520456155289500 ) ) ;
#1846 = CARTESIAN_POINT ( 'NONE',  ( 2.373939678593871800, -18.72382982070920200, 7.028394178381969200 ) ) ;
#1847 = CARTESIAN_POINT ( 'NONE',  ( 2.136499389038874600, -18.33163174761594000, 4.527411491701691700 ) ) ;
#1848 = CARTESIAN_POINT ( 'NONE',  ( 1.990933132780770400, -17.92354384447995100, 7.378356649951012300 ) ) ;
#1849 = CARTESIAN_POINT ( 'NONE',  ( -0.7166962450997239600, -16.99027746850826000, 8.861546308880930300 ) ) ;
#1850 = CARTESIAN_POINT ( 'NONE',  ( 5.016473771596000800, -16.94925331269999800, 6.861126051024999800 ) ) ;
#1851 = CARTESIAN_POINT ( 'NONE',  ( 2.136398951807987800, -16.93722584972247000, 9.533114184052150700 ) ) ;
#1852 = CARTESIAN_POINT ( 'NONE',  ( 0.9516560804774119000, -17.92259867877509200, 8.627394406600611600 ) ) ;
#1853 = CARTESIAN_POINT ( 'NONE',  ( 1.976140439004950600, -16.80484104801495000, 8.197884274861602100 ) ) ;
#1854 = CARTESIAN_POINT ( 'NONE',  ( 3.327202607891723800, -17.25726471430236900, 8.016677155828192600 ) ) ;
#1855 = CARTESIAN_POINT ( 'NONE',  ( 2.149807497873288800, -18.42840820332482100, 7.133991025691218900 ) ) ;
#1857 = CARTESIAN_POINT ( 'NONE',  ( 1.892764636981292300, -17.48127251441787800, 7.692499242303870100 ) ) ;
#1856 = CARTESIAN_POINT ( 'NONE',  ( 3.422681503338492500, -18.86104372819742300, 6.971526376041500900 ) ) ;
#1858 = ORIENTED_EDGE ( 'NONE', *, *, #5927, .T. ) ;
#1859 = CARTESIAN_POINT ( 'NONE',  ( 1.615401405956304700, -18.05455903519519700, 8.027026238379333400 ) ) ;
#1860 = CARTESIAN_POINT ( 'NONE',  ( 1.382342151507426800, -19.50999156856986600, 6.849127384410598700 ) ) ;
#1861 = CARTESIAN_POINT ( 'NONE',  ( 3.381725655758458500, -17.46250355605131000, 8.376756353909446100 ) ) ;
#1862 = CARTESIAN_POINT ( 'NONE',  ( 0.9746993457430535000, -17.80359211561054900, 8.425926647949785000 ) ) ;
#1863 = CARTESIAN_POINT ( 'NONE',  ( 2.509202757003214000, -18.82835152249141300, 7.572590964749024600 ) ) ;
#1864 = CARTESIAN_POINT ( 'NONE',  ( 2.304353871214426300, -17.45306647367504700, 5.318274327801128200 ) ) ;
#1865 = CARTESIAN_POINT ( 'NONE',  ( 2.022827711846770300, -17.16035406308199600, 7.822749991441345000 ) ) ;
#1866 = CARTESIAN_POINT ( 'NONE',  ( 1.560094702735038900, -17.69446298770066100, 7.943849571208779100 ) ) ;
#1867 = CARTESIAN_POINT ( 'NONE',  ( 1.448651322584130700, -18.25787574057570600, 8.929141581369801600 ) ) ;
#1868 = CARTESIAN_POINT ( 'NONE',  ( 3.285576576369118000, -17.71101433913777600, 8.716181000542656300 ) ) ;
#1869 = CARTESIAN_POINT ( 'NONE',  ( 1.729802855235068200, -16.58416062263351900, 8.407182433749071000 ) ) ;
#1870 = CARTESIAN_POINT ( 'NONE',  ( 3.075053550308148000, -18.95743450344299700, 7.113562988142230200 ) ) ;
#1871 = CARTESIAN_POINT ( 'NONE',  ( 2.745805553105066000, -18.95415546072930700, 6.900000000000000400 ) ) ;
#1872 = CARTESIAN_POINT ( 'NONE',  ( 2.185000136641035400, -18.60390964359256600, 7.607203376532631000 ) ) ;
#1873 = CARTESIAN_POINT ( 'NONE',  ( 3.664380755691962300, -18.51592788797034900, 6.800535148100586900 ) ) ;
#1874 = CARTESIAN_POINT ( 'NONE',  ( 4.818419087380000600, -16.72831164659999800, 6.488001347711999300 ) ) ;
#1875 = CARTESIAN_POINT ( 'NONE',  ( 2.091311653300660800, -16.56752879000036700, 8.889211483628638900 ) ) ;
#1876 = CARTESIAN_POINT ( 'NONE',  ( 1.076195803845597400, -17.96328732663764100, 9.359353926038034300 ) ) ;
#1877 = CARTESIAN_POINT ( 'NONE',  ( 1.602515443327294600, -17.32694428061896000, 7.944740758483558100 ) ) ;
#1878 = CARTESIAN_POINT ( 'NONE',  ( 2.708734976865198700, -17.06760381723426800, 7.649993395140144000 ) ) ;
#1879 = CARTESIAN_POINT ( 'NONE',  ( 2.698162406146207300, -18.90923733579209900, 7.280568392775396800 ) ) ;
#1881 = CARTESIAN_POINT ( 'NONE',  ( 1.790517288664534200, -18.14766980166552200, 7.839907512377510400 ) ) ;
#1880 = CARTESIAN_POINT ( 'NONE',  ( 3.875346379775222800, -18.27113982152246400, 6.978675958692504000 ) ) ;
#1882 = CARTESIAN_POINT ( 'NONE',  ( 1.872583331740596400, -18.48985496969748300, 8.572658370465568100 ) ) ;
#1883 = CARTESIAN_POINT ( 'NONE',  ( 0.9441017961384818900, -18.75093700714349900, 6.849127384410598700 ) ) ;
#1884 = B_SPLINE_CURVE_WITH_KNOTS ( 'NONE', 3,
 ( #2506, #7038, #963, #4832, #1519, #5389 ),
 .UNSPECIFIED., .F., .F.,
 ( 4, 2, 4 ),
 ( 0.0000000000000000000, 0.5000000000000000000, 1.000000000000000000 ),
 .UNSPECIFIED. ) ;
#1885 = CARTESIAN_POINT ( 'NONE',  ( 2.936118945236808800, -17.03630660941525900, 7.961158869469570300 ) ) ;
#1886 = CARTESIAN_POINT ( 'NONE',  ( 1.229180050589213600, -17.19515221395601400, 8.080250078916520800 ) ) ;
#1887 = CARTESIAN_POINT ( 'NONE',  ( 4.320377119108187000, -18.77307064642087700, 6.880997255273996400 ) ) ;
#1888 = CARTESIAN_POINT ( 'NONE',  ( 1.725380489915318700, -17.78234699966455400, 7.795830300681899400 ) ) ;
#1889 = CARTESIAN_POINT ( 'NONE',  ( 1.583685644101062700, -18.28418505651188400, 8.396453047099315700 ) ) ;
#1890 = CARTESIAN_POINT ( 'NONE',  ( 1.854309605289074000, -18.02712559764448800, 9.508332884318194900 ) ) ;
#1891 = CARTESIAN_POINT ( 'NONE',  ( 3.078709790894609300, -17.11212350691967600, 8.326994218895169600 ) ) ;
#1892 = CARTESIAN_POINT ( 'NONE',  ( 1.349998831657745400, -17.12596493371260200, 8.065490937268055700 ) ) ;
#1893 = CARTESIAN_POINT ( 'NONE',  ( 3.716900294838804800, -18.58460876436220500, 7.159341254563768700 ) ) ;
#1894 = CARTESIAN_POINT ( 'NONE',  ( 3.508967831296319100, -18.85429575694676200, 6.109137163900562900 ) ) ;
#1895 = CARTESIAN_POINT ( 'NONE',  ( 2.812253019191675500, -18.85476522983022100, 7.920376059933131400 ) ) ;
#1896 = CARTESIAN_POINT ( 'NONE',  ( 3.408480538564510700, -18.75803516958508200, 6.800407919271026300 ) ) ;
#1897 = CARTESIAN_POINT ( 'NONE',  ( 4.616666373594000600, -16.63403114704000500, 6.612376248815998300 ) ) ;
#1898 = CARTESIAN_POINT ( 'NONE',  ( 1.759606402964534000, -16.73688169772432500, 8.245308783206095200 ) ) ;
#1899 = CARTESIAN_POINT ( 'NONE',  ( 1.418847644633315400, -17.49357648434062500, 9.824556327231755800 ) ) ;
#1900 = CARTESIAN_POINT ( 'NONE',  ( 1.412163838496726100, -17.99366954265656600, 8.213539911190599300 ) ) ;
#1901 = CARTESIAN_POINT ( 'NONE',  ( 2.111310616957107600, -17.46404935719611700, 7.452900739545540000 ) ) ;
#1902 = CARTESIAN_POINT ( 'NONE',  ( 3.424593423476062400, -18.80658974787467800, 7.403051414537845400 ) ) ;
#1904 = CARTESIAN_POINT ( 'NONE',  ( 2.125569474640116100, -18.62437008795773300, 8.302331978459500700 ) ) ;
#1903 = CARTESIAN_POINT ( 'NONE',  ( 3.729015935954501400, -17.54143248658381900, 6.951194081673135900 ) ) ;
#1905 = CARTESIAN_POINT ( 'NONE',  ( 2.397155822699600600, -18.37123261767680700, 9.087992411942666500 ) ) ;
#1906 = CARTESIAN_POINT ( 'NONE',  ( 1.507929993294673900, -19.49767540638597700, 6.895433249022999300 ) ) ;
#1907 = CARTESIAN_POINT ( 'NONE',  ( 2.295546406549754600, -17.18460596021571300, 7.613877179643060000 ) ) ;
#1908 = CARTESIAN_POINT ( 'NONE',  ( 1.834755679775425200, -16.55394868809596100, 9.405428572848018500 ) ) ;
#1909 = CARTESIAN_POINT ( 'NONE',  ( -0.2315198210777106000, -16.53642394582596300, 10.08841164097696800 ) ) ;
#1910 = CARTESIAN_POINT ( 'NONE',  ( 1.814372445257194500, -18.40684340444718000, 8.189864854552146400 ) ) ;
#1911 = CARTESIAN_POINT ( 'NONE',  ( 1.977645061000832300, -18.41099630671702400, 9.015832870348635500 ) ) ;
#1912 = ORIENTED_EDGE ( 'NONE', *, *, #5857, .T. ) ;
#1913 = CARTESIAN_POINT ( 'NONE',  ( 2.241601419149768400, -17.40246221702095800, 9.621221935277141300 ) ) ;
#1914 = CARTESIAN_POINT ( 'NONE',  ( 2.510172474669571900, -16.99909050947123000, 7.861248249074689600 ) ) ;
#1915 = CARTESIAN_POINT ( 'NONE',  ( 1.126101865784256800, -17.74722001582858200, 8.270092617011263400 ) ) ;
#1916 = CARTESIAN_POINT ( 'NONE',  ( 3.861783982736919400, -17.85462934392217700, 7.134238872831601500 ) ) ;
#1917 = CARTESIAN_POINT ( 'NONE',  ( 3.441935495904807000, -18.50383938166995200, 8.102808169140862700 ) ) ;
#1918 = CARTESIAN_POINT ( 'NONE',  ( 3.073406679807774800, -18.86678116837549300, 6.800284946386830700 ) ) ;
#1919 = CARTESIAN_POINT ( 'NONE',  ( 4.468493174515000300, -16.61587913208000300, 6.736751149921000900 ) ) ;
#1920 = CARTESIAN_POINT ( 'NONE',  ( 1.422442758907654500, -17.29791181875780400, 8.021600407022335200 ) ) ;
#1921 = CARTESIAN_POINT ( 'NONE',  ( 1.744300713197199900, -16.83603285960097700, 9.703531005157522300 ) ) ;
#1922 = CARTESIAN_POINT ( 'NONE',  ( 1.609411324959278700, -18.34335335007292000, 8.840991995921603700 ) ) ;
#1923 = CARTESIAN_POINT ( 'NONE',  ( 1.953898703452162700, -18.13554862672395300, 7.504806992570927100 ) ) ;
#1924 = CARTESIAN_POINT ( 'NONE',  ( 3.835623243981159300, -18.18587013607626800, 7.417815931639477600 ) ) ;
#1926 = CARTESIAN_POINT ( 'NONE',  ( 2.723688213218173000, -18.54485296945968600, 8.739078744220316600 ) ) ;
#1925 = CARTESIAN_POINT ( 'NONE',  ( 3.084180357010621000, -17.17303702971973300, 6.907953501994212400 ) ) ;
#1927 = CARTESIAN_POINT ( 'NONE',  ( 1.240344880851220300, -19.44728520391305400, 6.500000068278732900 ) ) ;
#1928 = CARTESIAN_POINT ( 'NONE',  ( 1.928605434941479600, -17.76461950931539500, 7.530497262881769200 ) ) ;
#1929 = CARTESIAN_POINT ( 'NONE',  ( 0.02651928884429566700, -15.59249234436387100, 8.861546308880884100 ) ) ;
#1930 = FACE_OUTER_BOUND ( 'NONE', #6261, .T. ) ;
#1931 = CARTESIAN_POINT ( 'NONE',  ( 0.9882442925844602300, -17.91224721535658300, 8.783047024178229000 ) ) ;
#1932 = CARTESIAN_POINT ( 'NONE',  ( 2.297831988944695000, -18.58124271620055300, 8.729094147588401900 ) ) ;
#1933 = VERTEX_POINT ( 'NONE', #5102 ) ;
#1934 = CARTESIAN_POINT ( 'NONE',  ( 2.471427373813492400, -17.98781105964598100, 9.376639458999459700 ) ) ;
#1935 = CARTESIAN_POINT ( 'NONE',  ( 2.346554798936301400, -16.80636486111940200, 9.187294087155931900 ) ) ;
#1936 = CARTESIAN_POINT ( 'NONE',  ( 1.964459679646021900, -17.45267956197649900, 7.635623892592616500 ) ) ;
#1937 = CARTESIAN_POINT ( 'NONE',  ( 1.137742925492145600, -18.09913339492734300, 8.925036817838126500 ) ) ;
#1938 = CARTESIAN_POINT ( 'NONE',  ( 1.826380056720007900, -16.42666216135260300, 9.024587021664784100 ) ) ;
#1939 = CARTESIAN_POINT ( 'NONE',  ( 3.410207966280589500, -17.26879839900089700, 7.055494518109373600 ) ) ;
#1940 = CARTESIAN_POINT ( 'NONE',  ( -0.3527784849115063200, -16.17267387477816200, 8.512729016869387900 ) ) ;
#1941 = CARTESIAN_POINT ( 'NONE',  ( 3.648376436741104000, -17.79297731412147600, 8.032184478187289800 ) ) ;
#1942 = CARTESIAN_POINT ( 'NONE',  ( 2.724104308691596800, -18.82108610949947500, 6.800180573995007200 ) ) ;
#1943 = CARTESIAN_POINT ( 'NONE',  ( 2.478828432063999300, -19.52006653639999800, 6.899230593224002600 ) ) ;
#1944 = CARTESIAN_POINT ( 'NONE',  ( 1.220144351124780700, -17.93409753992677100, 8.351441150157910400 ) ) ;
#1945 = CARTESIAN_POINT ( 'NONE',  ( 1.832687629400474400, -16.43658653870632900, 9.082595552292755100 ) ) ;
#1946 = VERTEX_POINT ( 'NONE', #2891 ) ;
#1947 = CARTESIAN_POINT ( 'NONE',  ( 2.058801220466524000, -18.13585571813057800, 9.396203929110418700 ) ) ;
#1948 = CARTESIAN_POINT ( 'NONE',  ( 2.299685930819262800, -18.71694944991683200, 7.816609832768685700 ) ) ;
#1949 = CARTESIAN_POINT ( 'NONE',  ( 3.648983450510550500, -17.47334816156545400, 7.314722638695697800 ) ) ;
#1951 = CARTESIAN_POINT ( 'NONE',  ( 3.174124645838317900, -17.96372560617565400, 8.850218675283271000 ) ) ;
#1950 = CARTESIAN_POINT ( 'NONE',  ( 2.380567818804514500, -17.41220344291814800, 6.878305119331592700 ) ) ;
#1952 = CARTESIAN_POINT ( 'NONE',  ( 0.9302707686196402000, -18.98043394281753400, 6.500000067216077100 ) ) ;
#1953 = CARTESIAN_POINT ( 'NONE',  ( 2.006995415740789200, -18.45820225927357700, 7.790186744546448800 ) ) ;
#1954 = CARTESIAN_POINT ( 'NONE',  ( 3.756484394154980600, -17.75146672057379900, 7.613809376978199600 ) ) ;
#1955 = CARTESIAN_POINT ( 'NONE',  ( 0.6671677847785637500, -16.94423329120463300, 8.290066072433766900 ) ) ;
#1956 = CARTESIAN_POINT ( 'NONE',  ( 2.843750703716284800, -18.18577888578413800, 9.043210743605802900 ) ) ;
#1957 = CARTESIAN_POINT ( 'NONE',  ( 2.730478412824505900, -17.30492227749785500, 9.236962879469256600 ) ) ;
#1958 = CARTESIAN_POINT ( 'NONE',  ( 2.097094622822762500, -16.64819423498899600, 8.504542625931662800 ) ) ;
#1959 = CARTESIAN_POINT ( 'NONE',  ( 1.832839605557632100, -18.12299913777934900, 7.744377649069297900 ) ) ;
#1960 = CARTESIAN_POINT ( 'NONE',  ( 2.672013997995459800, -17.22201742152567400, 6.976750163388118200 ) ) ;
#1961 = CARTESIAN_POINT ( 'NONE',  ( 1.794378839828158600, -16.51705032773167400, 9.105001693586503500 ) ) ;
#1962 = EDGE_CURVE ( 'NONE', #876, #909, #5212, .T. ) ;
#1963 = CARTESIAN_POINT ( 'NONE',  ( 3.287665699030532600, -17.20364151972538700, 7.754654446322590800 ) ) ;
#1964 = CARTESIAN_POINT ( 'NONE',  ( 2.221052749344658600, -17.88602936044298300, 6.798762220691342500 ) ) ;
#1965 = CARTESIAN_POINT ( 'NONE',  ( 2.977515917009999800, -19.56600485845999800, 6.880997255274000000 ) ) ;
#1966 = CARTESIAN_POINT ( 'NONE',  ( 1.360501541365728700, -18.19799043761843300, 9.032316208117984900 ) ) ;
#1967 = CARTESIAN_POINT ( 'NONE',  ( 1.621961046110880200, -16.56934668536385800, 8.380868479993589300 ) ) ;
#1968 = CARTESIAN_POINT ( 'NONE',  ( 2.454616677968051200, -17.51572443922301400, 9.504419207723341100 ) ) ;
#1969 = CARTESIAN_POINT ( 'NONE',  ( 2.964034877379778400, -18.77164017180749800, 8.146744531418066900 ) ) ;
#1970 = CARTESIAN_POINT ( 'NONE',  ( 1.840231207908703500, -16.48608723696091300, 9.252165487273554600 ) ) ;
#1971 = CARTESIAN_POINT ( 'NONE',  ( 2.995433639630324500, -17.15137986072673800, 7.164366587289684700 ) ) ;
#1973 = CARTESIAN_POINT ( 'NONE',  ( 3.173528364768459600, -17.27767459792606200, 8.563126741004978700 ) ) ;
#1972 = CARTESIAN_POINT ( 'NONE',  ( 2.098497640618864200, -18.04237249869146700, 6.840464014028757600 ) ) ;
#1974 = CARTESIAN_POINT ( 'NONE',  ( 1.661910533334357800, -17.03008658609492100, 9.807635862979372700 ) ) ;
#1975 = CARTESIAN_POINT ( 'NONE',  ( 3.706359474533104300, -18.44557799475191500, 6.800563181062557300 ) ) ;
#1976 = CARTESIAN_POINT ( 'NONE',  ( 2.544932000750408400, -18.76975851282684700, 8.198787791560521400 ) ) ;
#1977 = CARTESIAN_POINT ( 'NONE',  ( 2.734039135155306600, -17.20782293299886900, 6.900000000000000400 ) ) ;
#1978 = CARTESIAN_POINT ( 'NONE',  ( 3.291865238692631000, -17.20587445457298500, 7.414315926542213800 ) ) ;
#1979 = CARTESIAN_POINT ( 'NONE',  ( 3.082618535093018900, -17.49215850177561600, 8.921608940630102700 ) ) ;
#1981 = CARTESIAN_POINT ( 'NONE',  ( 2.576509662482471700, -16.82551314770689300, 8.688075600361639100 ) ) ;
#1980 = CARTESIAN_POINT ( 'NONE',  ( 3.218848506729831400, -18.80813436770664300, 7.797192856972460900 ) ) ;
#1982 = CARTESIAN_POINT ( 'NONE',  ( 1.664575611250544100, -17.03150363316227400, 8.036406520062682200 ) ) ;
#1983 = CARTESIAN_POINT ( 'NONE',  ( 2.159340952851046800, -18.64232670144393800, 8.165109416232576600 ) ) ;
#1984 = CARTESIAN_POINT ( 'NONE',  ( 2.173325161880239200, -17.69716307449024100, 6.913302465571284500 ) ) ;
#1985 = CARTESIAN_POINT ( 'NONE',  ( 1.036537244997114400, -16.84135482115061000, 9.865748696540949300 ) ) ;
#1986 = CARTESIAN_POINT ( 'NONE',  ( 2.607515842552317900, -17.14054930500255800, 7.460807560971387500 ) ) ;
#1987 = CARTESIAN_POINT ( 'NONE',  ( 0.9981570404172492900, -18.63800022170469000, 6.500000038377288000 ) ) ;
#1988 = CARTESIAN_POINT ( 'NONE',  ( 2.849703540290252400, -17.72579585024647700, 9.210112545919022500 ) ) ;
#1989 = CARTESIAN_POINT ( 'NONE',  ( 1.478139816515200000, -19.52473646783670000, 6.848617413941101800 ) ) ;
#1990 = CARTESIAN_POINT ( 'NONE',  ( 1.746001387866102500, -17.91406653062220400, 9.601269220449189800 ) ) ;
#1991 = CARTESIAN_POINT ( 'NONE',  ( 1.256834208327737700, -17.14314230762047600, 8.080250078916426700 ) ) ;
#1992 = CARTESIAN_POINT ( 'NONE',  ( 2.526806505295298200, -16.90220639346404100, 9.088456609194235400 ) ) ;
#1993 = CARTESIAN_POINT ( 'NONE',  ( 2.316565442020139800, -17.44232129502114900, 7.068806663154365600 ) ) ;
#1995 = CARTESIAN_POINT ( 'NONE',  ( 2.718811134045319800, -16.95323647015982300, 8.070289422890802200 ) ) ;
#1994 = CARTESIAN_POINT ( 'NONE',  ( 2.384949712261294600, -18.72968395945340700, 6.857207404137014400 ) ) ;
#1996 = CARTESIAN_POINT ( 'NONE',  ( 3.731966657448483100, -18.61041995695433100, 6.799999999999902100 ) ) ;
#1997 = CARTESIAN_POINT ( 'NONE',  ( 3.253522033190853000, -18.83658871619184100, 6.498987947169999800 ) ) ;
#1998 = CARTESIAN_POINT ( 'NONE',  ( 3.175248059074863500, -18.49161966996719600, 8.478949627699133600 ) ) ;
#1999 = CARTESIAN_POINT ( 'NONE',  ( 2.201946175630920000, -17.64566725460841200, 6.500000023370574800 ) ) ;
#2000 = EDGE_LOOP ( 'NONE', ( #709, #4190 ) ) ;
#2001 = ADVANCED_FACE ( 'NONE', ( #5305 ), #6423, .T. ) ;
#2002 = CARTESIAN_POINT ( 'NONE',  ( 2.571374179825476800, -17.22032505619836200, 7.225900032360953200 ) ) ;
#2003 = CARTESIAN_POINT ( 'NONE',  ( 2.849335801265813700, -16.97057737890268600, 8.443750140004128800 ) ) ;
#2005 = CARTESIAN_POINT ( 'NONE',  ( 2.115256797625649100, -16.87881052799237500, 8.106917531480732500 ) ) ;
#2004 = CARTESIAN_POINT ( 'NONE',  ( 3.697665468531981400, -18.24209719946437100, 7.854347805274418400 ) ) ;
#2006 = CARTESIAN_POINT ( 'NONE',  ( 1.389343217638624700, -17.66530840348501400, 8.060719751324944200 ) ) ;
#2007 = EDGE_CURVE ( 'NONE', #3404, #2944, #6495, .T. ) ;
#2008 = CARTESIAN_POINT ( 'NONE',  ( 2.772460251973261100, -18.62260429766247300, 8.585841183394880000 ) ) ;
#2009 = CARTESIAN_POINT ( 'NONE',  ( 2.173770309501483800, -18.44114945627704200, 6.943894932002933700 ) ) ;
#2010 = CARTESIAN_POINT ( 'NONE',  ( 0.9957541929527000700, -18.63724698055000000, 6.612376248815998300 ) ) ;
#2011 = CARTESIAN_POINT ( 'NONE',  ( 2.111915091471240600, -17.59779687802413800, 7.315131287935500400 ) ) ;
#2012 = CARTESIAN_POINT ( 'NONE',  ( -0.6594387495224827100, -16.85081868250865600, 8.776950257530836900 ) ) ;
#2013 = CARTESIAN_POINT ( 'NONE',  ( 2.861125659184411000, -17.07996704077298500, 8.839416806706172000 ) ) ;
#2014 = CARTESIAN_POINT ( 'NONE',  ( 3.787604225084269900, -18.50217878438656900, 6.500000006094921900 ) ) ;
#2015 = CARTESIAN_POINT ( 'NONE',  ( 2.115934213619321500, -17.27149525910111200, 9.669852738068240000 ) ) ;
#2016 = CARTESIAN_POINT ( 'NONE',  ( 1.038030015967266200, -17.74756522156499400, 8.331951131916577300 ) ) ;
#2017 = CARTESIAN_POINT ( 'NONE',  ( 2.225795447132185200, -16.71662567713726600, 8.433972060230608700 ) ) ;
#2018 = CARTESIAN_POINT ( 'NONE',  ( 2.079593013093454800, -18.09144034408404200, 7.046398352744429200 ) ) ;
#2020 = CARTESIAN_POINT ( 'NONE',  ( 2.122243028890584200, -17.21321412480617900, 7.710155180777691800 ) ) ;
#2019 = CARTESIAN_POINT ( 'NONE',  ( 3.090169255448983200, -18.96547166643304300, 6.878540200595825400 ) ) ;
#2021 = LINE ( 'NONE', #5092, #5050 ) ;
#2022 = CARTESIAN_POINT ( 'NONE',  ( 2.569762610131437700, -16.63130809303597200, 6.500000001368333000 ) ) ;
#2023 = CARTESIAN_POINT ( 'NONE',  ( 1.738284461835591900, -17.46584783111394800, 9.794370061497126300 ) ) ;
#2024 = CARTESIAN_POINT ( 'NONE',  ( 2.670963491188384600, -18.80851038211700700, 6.599213469533142800 ) ) ;
#2025 = CARTESIAN_POINT ( 'NONE',  ( 3.469277458876066000, -17.80868983097207400, 8.438826220023635500 ) ) ;
#2026 = CARTESIAN_POINT ( 'NONE',  ( 3.547220824523095400, -18.82244880290288300, 6.700000005189174600 ) ) ;
#2027 = CARTESIAN_POINT ( 'NONE',  ( 2.115875972582880800, -17.73332903189662000, 7.137966291911668600 ) ) ;
#2028 = CARTESIAN_POINT ( 'NONE',  ( 2.304105837226598600, -16.97922334350903700, 7.937796534701105200 ) ) ;
#2030 = CARTESIAN_POINT ( 'NONE',  ( 1.715884609645864200, -17.38722373561048000, 7.864897657576139300 ) ) ;
#2029 = CARTESIAN_POINT ( 'NONE',  ( 3.623757813767135300, -17.51706584237272300, 7.706707578176351000 ) ) ;
#2031 = CARTESIAN_POINT ( 'NONE',  ( 1.382358035584155200, -18.19659650885406100, 8.582386301688318400 ) ) ;
#2032 = CARTESIAN_POINT ( 'NONE',  ( 3.256750978424630900, -18.07309080079379600, 8.719963425718448800 ) ) ;
#2033 = CARTESIAN_POINT ( 'NONE',  ( 2.732641685482224900, -18.92757029381250100, 7.007045551772373300 ) ) ;
#2034 = AXIS2_PLACEMENT_3D ( 'NONE', #5953, #3212, #7090 ) ;
#2035 = CARTESIAN_POINT ( 'NONE',  ( 0.9296218172021001300, -18.82469043172999800, 6.736751149921000900 ) ) ;
#2036 = CARTESIAN_POINT ( 'NONE',  ( 2.041176763965582500, -18.32812164776780900, 7.436090424495192900 ) ) ;
#2037 = CARTESIAN_POINT ( 'NONE',  ( 4.020452706493300900, -16.64857505899170000, 6.899997398026101800 ) ) ;
#2038 = CARTESIAN_POINT ( 'NONE',  ( 2.464501374288642100, -16.84354787000058100, 8.256156113222406400 ) ) ;
#2039 = CARTESIAN_POINT ( 'NONE',  ( 2.216254331504143900, -16.71155257596788200, 9.190968083469968500 ) ) ;
#2040 = ADVANCED_FACE ( 'NONE', ( #5476 ), #6437, .T. ) ;
#2041 = VECTOR ( 'NONE', #4890, 99.99999999999998600 ) ;
#2042 = CARTESIAN_POINT ( 'NONE',  ( 1.038467324015402800, -18.04634762128796400, 9.013176794591403900 ) ) ;
#2043 = CARTESIAN_POINT ( 'NONE',  ( 1.757930001978454100, -17.08114104319956200, 7.985217476016570600 ) ) ;
#2044 = CARTESIAN_POINT ( 'NONE',  ( 2.403409736925564900, -18.75251456155982100, 7.151536619859697000 ) ) ;
#2046 = CARTESIAN_POINT ( 'NONE',  ( 1.821449958512028100, -17.83342804221250300, 7.679660256604048400 ) ) ;
#2045 = CARTESIAN_POINT ( 'NONE',  ( 3.734222799899492800, -18.59381930368348900, 6.890006586500471800 ) ) ;
#2047 = CARTESIAN_POINT ( 'NONE',  ( 3.373352390559723800, -17.36245871667243200, 6.800053371067897400 ) ) ;
#2048 = CARTESIAN_POINT ( 'NONE',  ( 1.747417789678049200, -17.24398482768128100, 6.500000026006016000 ) ) ;
#2049 = CARTESIAN_POINT ( 'NONE',  ( 2.004468767198088800, -16.81990348729606700, 9.539748249538801500 ) ) ;
#2050 = CARTESIAN_POINT ( 'NONE',  ( 2.311932797157128000, -18.49613223740568200, 6.698919477741386100 ) ) ;
#2051 = CARTESIAN_POINT ( 'NONE',  ( 3.225100025175621000, -17.18996057519067100, 8.105971702590153400 ) ) ;
#2052 = CARTESIAN_POINT ( 'NONE',  ( 2.391228756148797700, -18.77405479340356500, 6.799999999999996300 ) ) ;
#2053 = CARTESIAN_POINT ( 'NONE',  ( 2.156053026621208800, -18.46879325729502200, 7.239988957748718000 ) ) ;
#2054 = CARTESIAN_POINT ( 'NONE',  ( 1.869154995155906300, -17.46871904518108200, 7.719238815542815300 ) ) ;
#2056 = CARTESIAN_POINT ( 'NONE',  ( 1.552153473793564500, -18.06810335207916300, 8.114948672144258500 ) ) ;
#2055 = CARTESIAN_POINT ( 'NONE',  ( 3.043190371020299000, -17.12571196989623700, 7.453260494225773400 ) ) ;
#2057 = CARTESIAN_POINT ( 'NONE',  ( 1.713708418081281400, -18.23359445688536300, 9.247042997071018200 ) ) ;
#2058 = CARTESIAN_POINT ( 'NONE',  ( 3.279633912944798000, -17.37115616607277200, 8.475369752968898500 ) ) ;
#2059 = CARTESIAN_POINT ( 'NONE',  ( 4.666747834411246700, -16.65183583200691300, 6.499999962023074400 ) ) ;
#2060 = CARTESIAN_POINT ( 'NONE',  ( 3.467860476591583000, -18.82959524809709300, 7.059815490879099500 ) ) ;
#2061 = CARTESIAN_POINT ( 'NONE',  ( 0.9337358477899000400, -19.04895654595999600, 6.861126051024999800 ) ) ;
#2062 = CARTESIAN_POINT ( 'NONE',  ( 2.517634952781355300, -18.82626441904729800, 7.718442737130777300 ) ) ;
#2063 = CARTESIAN_POINT ( 'NONE',  ( 4.520259635584301000, -16.66189719033329900, 6.900036467719999700 ) ) ;
#2064 = CARTESIAN_POINT ( 'NONE',  ( 1.931077660607711100, -17.17320528636337000, 7.856236954844867200 ) ) ;
#2065 = CARTESIAN_POINT ( 'NONE',  ( 1.981220196586688000, -16.61211300733845400, 8.492540439063645900 ) ) ;
#2066 = CARTESIAN_POINT ( 'NONE',  ( 1.484385367932368400, -17.71584321120184700, 8.004684928582730000 ) ) ;
#2067 = CARTESIAN_POINT ( 'NONE',  ( 3.111902891913571600, -18.93996339849548200, 7.277357245049604900 ) ) ;
#2069 = CARTESIAN_POINT ( 'NONE',  ( 1.948455107641057200, -18.47813642065948200, 8.027728131754218000 ) ) ;
#2068 = CARTESIAN_POINT ( 'NONE',  ( 3.877896395360275900, -17.86319646568132000, 6.883719026515692000 ) ) ;
#2070 = CARTESIAN_POINT ( 'NONE',  ( 3.706359911678774200, -18.44557542726829500, 6.800563182518263100 ) ) ;
#2071 = DIRECTION ( 'NONE',  ( 0.1958357569375920900, 0.0000000000000000000, 0.9806367096456670700 ) ) ;
#2072 = CARTESIAN_POINT ( 'NONE',  ( 1.969330584215273700, -16.50267030508334500, 8.868139090089327300 ) ) ;
#2073 = CARTESIAN_POINT ( 'NONE',  ( 2.205445461212260500, -17.91881556443326000, 6.798788471136689700 ) ) ;
#2074 = CARTESIAN_POINT ( 'NONE',  ( 2.611912466799243000, -17.05318662286419200, 7.707639443270151600 ) ) ;
#2075 = DIRECTION ( 'NONE',  ( 3.206885370684749800E-015, -8.592823452948479100E-016, 1.000000000000000000 ) ) ;
#2076 = CARTESIAN_POINT ( 'NONE',  ( 2.723819776472478100, -18.90986436870176800, 7.429798439340958200 ) ) ;
#2077 = CARTESIAN_POINT ( 'NONE',  ( 1.741413623321912400, -18.16873475862169200, 7.935087349739308800 ) ) ;
#2078 = EDGE_CURVE ( 'NONE', #5749, #2115, #1884, .T. ) ;
#2080 = CARTESIAN_POINT ( 'NONE',  ( 1.811540548825409000, -18.45082736481756300, 8.698637380980430900 ) ) ;
#2079 = CARTESIAN_POINT ( 'NONE',  ( 2.354658915970574600, -17.33679184403577300, 7.268057446203019200 ) ) ;
#2081 = CARTESIAN_POINT ( 'NONE',  ( 2.156807151804701800, -17.75509252593351000, 9.604296214137871600 ) ) ;
#2082 = CARTESIAN_POINT ( 'NONE',  ( 2.829187992140706600, -16.99246564600143500, 8.020312067064825400 ) ) ;
#2083 = CARTESIAN_POINT ( 'NONE',  ( 5.036932731539360800, -17.01096633250108400, 6.499999960351162900 ) ) ;
#2084 = CARTESIAN_POINT ( 'NONE',  ( 1.071534318022999700, -19.31173489232999800, 6.488001347711999300 ) ) ;
#2085 = CARTESIAN_POINT ( 'NONE',  ( 3.214089313597148700, -18.75013329353888000, 7.968287111152773300 ) ) ;
#2086 = CARTESIAN_POINT ( 'NONE',  ( 4.021557117302999800, -16.61639688041999800, 6.889247048010001400 ) ) ;
#2087 = CARTESIAN_POINT ( 'NONE',  ( 1.659760614924580000, -17.80909188410811700, 7.865606379694267700 ) ) ;
#2088 = ORIENTED_EDGE ( 'NONE', *, *, #4440, .T. ) ;
#2089 = CARTESIAN_POINT ( 'NONE',  ( 1.568342797955534200, -17.04448425818626900, 8.048649474317958400 ) ) ;
#2090 = CARTESIAN_POINT ( 'NONE',  ( 1.516727173997694200, -18.26804184707313500, 8.503165126349209400 ) ) ;
#2091 = CARTESIAN_POINT ( 'NONE',  ( 3.725415406318703500, -18.52242409624981100, 7.338309350767827000 ) ) ;
#2093 = CARTESIAN_POINT ( 'NONE',  ( 2.483935032309392300, -18.68019545961918800, 8.504052840849668700 ) ) ;
#2092 = CARTESIAN_POINT ( 'NONE',  ( 3.422524406507680500, -17.27534716643450000, 6.863995405904568700 ) ) ;
#2094 = CARTESIAN_POINT ( 'NONE',  ( 3.787605562935044500, -18.50217951888548700, 6.500000006094923700 ) ) ;
#2095 = CARTESIAN_POINT ( 'NONE',  ( 3.326700668310671000, -17.32987904245034000, 6.498471326909919000 ) ) ;
#2096 = CARTESIAN_POINT ( 'NONE',  ( 1.654472097681349400, -16.73279957120890800, 8.233823326629934800 ) ) ;
#2097 = CARTESIAN_POINT ( 'NONE',  ( -0.4147548065085666100, -16.25434266256673500, 8.414070847391194300 ) ) ;
#2098 = CARTESIAN_POINT ( 'NONE',  ( 2.044569463883420600, -17.49527468982424600, 7.514672750053877700 ) ) ;
#2099 = CARTESIAN_POINT ( 'NONE',  ( 2.308698479049220400, -17.48775802011882500, 6.500000019009590300 ) ) ;
#2100 = CARTESIAN_POINT ( 'NONE',  ( 3.436491572477198300, -18.75379649176730700, 7.578773478899833500 ) ) ;
#2101 = CARTESIAN_POINT ( 'NONE',  ( 2.084810830956194100, -18.59612775122022700, 8.438937943774526200 ) ) ;
#2102 = B_SPLINE_CURVE_WITH_KNOTS ( 'NONE', 3,
 ( #2014, #5329, #6443, #3121 ),
 .UNSPECIFIED., .F., .F.,
 ( 4, 4 ),
 ( 0.0000000000000000000, 1.000000000000000000 ),
 .UNSPECIFIED. ) ;
#2104 = CARTESIAN_POINT ( 'NONE',  ( 2.315915744304943000, -18.27256593547338100, 9.215124526851187900 ) ) ;
#2103 = CARTESIAN_POINT ( 'NONE',  ( 2.043294278374066000, -17.95138475944486300, 7.230649883919920900 ) ) ;
#2105 =( LENGTH_UNIT ( ) NAMED_UNIT ( * ) SI_UNIT ( .CENTI., .METRE. ) );
#2106 = TOROIDAL_SURFACE ( 'NONE', #6385, 1.456101656321566500, 0.05000000000092179300 ) ;
#2107 = CARTESIAN_POINT ( 'NONE',  ( 2.410673744156134100, -17.08306034368166600, 9.408397432240958500 ) ) ;
#2108 = CARTESIAN_POINT ( 'NONE',  ( 2.208597345095850700, -17.19749393831661200, 7.663152687087141100 ) ) ;
#2109 = CARTESIAN_POINT ( 'NONE',  ( 3.787605562935044500, -18.50217951888548700, 6.500000006094923700 ) ) ;
#2110 = CARTESIAN_POINT ( 'NONE',  ( 1.243991578526999700, -19.45263011928999900, 6.612376248815998300 ) ) ;
#2111 = CARTESIAN_POINT ( 'NONE',  ( 3.658059625760064400, -18.15560640503525400, 8.016983792416551700 ) ) ;
#2112 = CARTESIAN_POINT ( 'NONE',  ( 3.522489649978001000, -16.58152974739999800, 6.860127676785998200 ) ) ;
#2113 = CARTESIAN_POINT ( 'NONE',  ( 1.764670015827065400, -18.39987539458754300, 8.306538001140131300 ) ) ;
#2114 = CARTESIAN_POINT ( 'NONE',  ( 1.308516576178304600, -17.68145173004108300, 8.119261214885082000 ) ) ;
#2115 = VERTEX_POINT ( 'NONE', #5948 ) ;
#2116 = CARTESIAN_POINT ( 'NONE',  ( 1.898184173345940800, -18.33168195587296600, 9.138280030171147300 ) ) ;
#2117 = CARTESIAN_POINT ( 'NONE',  ( 3.822626982429651500, -17.78663535859463400, 7.292535014438432700 ) ) ;
#2118 = CARTESIAN_POINT ( 'NONE',  ( 2.680534465826287500, -17.22654783463374500, 6.844271785294417000 ) ) ;
#2119 = CARTESIAN_POINT ( 'NONE',  ( 3.404797627125767200, -18.87212989461057300, 6.500000018821102900 ) ) ;
#2120 = EDGE_LOOP ( 'NONE', ( #1075, #15, #47, #5921 ) ) ;
#2121 = CARTESIAN_POINT ( 'NONE',  ( 3.792446228056753900, -18.22689781294742100, 6.599480026233655900 ) ) ;
#2122 = CARTESIAN_POINT ( 'NONE',  ( 1.333009485879533600, -17.31707153718178600, 8.051476331737323000 ) ) ;
#2123 = CARTESIAN_POINT ( 'NONE',  ( -0.4238071506925800100, -16.87181216428112800, 10.01275770349754200 ) ) ;
#2124 = CARTESIAN_POINT ( 'NONE',  ( 1.922523208113581500, -18.17068475512414200, 7.599316425431851500 ) ) ;
#2125 = CARTESIAN_POINT ( 'NONE',  ( 3.804652003049534300, -18.10776684428149300, 7.584607755780267800 ) ) ;
#2126 = CARTESIAN_POINT ( 'NONE',  ( 2.663523859179917100, -18.45739244867565900, 8.884778939700838800 ) ) ;
#2127 = ORIENTED_EDGE ( 'NONE', *, *, #3322, .F. ) ;
#2129 = CARTESIAN_POINT ( 'NONE',  ( 2.722448279737412800, -17.65813302798158800, 9.315792032445578700 ) ) ;
#2128 = CARTESIAN_POINT ( 'NONE',  ( 2.258079772754050000, -18.64276677537674600, 7.401051341647352000 ) ) ;
#2130 = CARTESIAN_POINT ( 'NONE',  ( 2.300969211403241400, -16.67900569106315000, 8.793877131479972000 ) ) ;
#2131 = ADVANCED_FACE ( 'NONE', ( #2705 ), #3999, .T. ) ;
#2132 = CARTESIAN_POINT ( 'NONE',  ( 1.875037906028698800, -17.80028566844990900, 7.604086586669264800 ) ) ;
#2133 = CARTESIAN_POINT ( 'NONE',  ( 1.456619026949000000, -19.52148882051000100, 6.736751149921000900 ) ) ;
#2134 = CARTESIAN_POINT ( 'NONE',  ( 3.545149726567824900, -17.44366908888717700, 7.829801369211776500 ) ) ;
#2135 = CARTESIAN_POINT ( 'NONE',  ( 1.676000157674614000, -17.36500033624373200, 6.500000029772859700 ) ) ;
#2136 = CARTESIAN_POINT ( 'NONE',  ( 2.238585574657081500, -18.51267659150195000, 8.868330115654105200 ) ) ;
#2137 = CARTESIAN_POINT ( 'NONE',  ( 1.303314702739356800, -18.16758365615442400, 8.682190457144066900 ) ) ;
#2138 = CARTESIAN_POINT ( 'NONE',  ( 2.368215231968513900, -17.86750019608663500, 9.479654523460228100 ) ) ;
#2139 = CARTESIAN_POINT ( 'NONE',  ( 3.341793940117524700, -17.23242201603173400, 7.171797268879341700 ) ) ;
#2140 = CARTESIAN_POINT ( 'NONE',  ( 2.177693008688198300, -17.69948549983429600, 6.799999999999157800 ) ) ;
#2141 = CARTESIAN_POINT ( 'NONE',  ( 3.574404507401690800, -17.70182696641816000, 8.166521261562618200 ) ) ;
#2142 = CARTESIAN_POINT ( 'NONE',  ( 2.936743396634854600, -18.96808546744582800, 6.500000029094528600 ) ) ;
#2143 = CARTESIAN_POINT ( 'NONE',  ( 2.291355815619406900, -17.69320723271637900, 6.597702303168138500 ) ) ;
#2144 = CARTESIAN_POINT ( 'NONE',  ( 1.136860823778900200, -17.92687915036405100, 8.429262385110634500 ) ) ;
#2145 = CARTESIAN_POINT ( 'NONE',  ( 3.794652833572599500, -18.49252440650629500, 6.799999999999902100 ) ) ;
#2146 = CARTESIAN_POINT ( 'NONE',  ( 2.288979694779527100, -18.71125684323664400, 7.955421647242336500 ) ) ;
#2147 = CARTESIAN_POINT ( 'NONE',  ( 3.582080785785861200, -17.41224508605998600, 7.444457893337243200 ) ) ;
#2148 = EDGE_CURVE ( 'NONE', #2343, #4162, #1231, .T. ) ;
#2149 = CARTESIAN_POINT ( 'NONE',  ( 3.084545437086255500, -17.85066350172300900, 8.971676941539545400 ) ) ;
#2151 = CARTESIAN_POINT ( 'NONE',  ( 2.753443336401253800, -17.02271133412562100, 8.928841892398292400 ) ) ;
#2150 = CARTESIAN_POINT ( 'NONE',  ( 2.913685541837149000, -18.90869785879872500, 7.634242711997811300 ) ) ;
#2152 = CARTESIAN_POINT ( 'NONE',  ( 1.904646726821549700, -16.81400100589069900, 8.179356830719957100 ) ) ;
#2153 = CARTESIAN_POINT ( 'NONE',  ( 1.981903548757994300, -18.47039097460828900, 7.908534967811258200 ) ) ;
#2154 = CARTESIAN_POINT ( 'NONE',  ( 1.248634080922999900, -18.23762114258000000, 6.899230593224002600 ) ) ;
#2155 = CARTESIAN_POINT ( 'NONE',  ( 4.329378760636831900, -18.77786381485248800, 6.849127380276195600 ) ) ;
#2156 = CARTESIAN_POINT ( 'NONE',  ( 2.952898755361953700, -17.10323336391815400, 7.535284496161221300 ) ) ;
#2157 = CARTESIAN_POINT ( 'NONE',  ( 1.019108607002037900, -17.74128433623100800, 8.482408757093724100 ) ) ;
#2158 = CARTESIAN_POINT ( 'NONE',  ( 2.758313142845834500, -18.07491893457276800, 9.170293582850131700 ) ) ;
#2159 = CARTESIAN_POINT ( 'NONE',  ( 1.618066104663042700, -18.14567628934520400, 9.355856774295316900 ) ) ;
#2160 = CARTESIAN_POINT ( 'NONE',  ( 2.607313560832586100, -17.18761558884926200, 9.292462794425301100 ) ) ;
#2161 = CARTESIAN_POINT ( 'NONE',  ( 1.320551820398603300, -17.79879211548601600, 9.656575072038856800 ) ) ;
#2162 = CARTESIAN_POINT ( 'NONE',  ( 2.605989325931670200, -17.23873025586172900, 7.057763899657675000 ) ) ;
#2163 = CARTESIAN_POINT ( 'NONE',  ( 2.179317505815837400, -18.44409895287693100, 6.800000000000366600 ) ) ;
#2164 = CARTESIAN_POINT ( 'NONE',  ( 3.190533097395423100, -17.15199519931385600, 7.844578352758414800 ) ) ;
#2165 = CARTESIAN_POINT ( 'NONE',  ( 2.431581195170379000, -18.76828559822174800, 6.500000035682187900 ) ) ;
#2166 = CARTESIAN_POINT ( 'NONE',  ( 3.094389140475871000, -17.26633380524310400, 6.699197627043849600 ) ) ;
#2167 = CARTESIAN_POINT ( 'NONE',  ( 1.264952122105589700, -18.13417067732348500, 9.132119680160721800 ) ) ;
#2168 = CARTESIAN_POINT ( 'NONE',  ( 3.612073796677226100, -17.36950621018780400, 6.499999992611164700 ) ) ;
#2169 = CARTESIAN_POINT ( 'NONE',  ( 2.942054133274272200, -18.71277896390308000, 8.311526869051849800 ) ) ;
#2170 = CARTESIAN_POINT ( 'NONE',  ( 2.915820393129468600, -17.14064883879319000, 7.252665294181448500 ) ) ;
#2171 = CARTESIAN_POINT ( 'NONE',  ( 3.059846881583666400, -17.18562898899466900, 8.637654619412336000 ) ) ;
#2173 = CARTESIAN_POINT ( 'NONE',  ( 2.387615535115814100, -16.80266694415093600, 8.320006173091435600 ) ) ;
#2172 = CARTESIAN_POINT ( 'NONE',  ( 3.559884391677418300, -18.56655392200710600, 7.770083402443981800 ) ) ;
#2174 = CARTESIAN_POINT ( 'NONE',  ( 1.545216627227985000, -17.36319184250560700, 7.962218616164334700 ) ) ;
#2175 = ORIENTED_EDGE ( 'NONE', *, *, #2611, .F. ) ;
#2176 = CARTESIAN_POINT ( 'NONE',  ( 2.519107029364569000, -18.73049683430057400, 8.352556641177406100 ) ) ;
#2177 = CARTESIAN_POINT ( 'NONE',  ( 0.9882227146988001900, -18.66538913743999800, 6.880997255274000000 ) ) ;
#2178 = CARTESIAN_POINT ( 'NONE',  ( 3.000000000000081700, -18.07000000000005700, 6.849999999999924100 ) ) ;
#2179 = CARTESIAN_POINT ( 'NONE',  ( 2.285341436211733200, -17.36157067714957900, 7.333345738219901700 ) ) ;
#2180 = CARTESIAN_POINT ( 'NONE',  ( 2.970160532534634100, -17.38054474595418600, 9.004712777485142500 ) ) ;
#2181 = CARTESIAN_POINT ( 'NONE',  ( 2.040835734723166700, -17.62671719647017500, 9.682205340123326600 ) ) ;
#2182 = CARTESIAN_POINT ( 'NONE',  ( 2.451282054363279600, -16.75892844736527100, 8.705255888325098100 ) ) ;
#2183 = CARTESIAN_POINT ( 'NONE',  ( 1.690566309125924900, -17.17490364612138600, 9.820302077726411800 ) ) ;
#2184 = CARTESIAN_POINT ( 'NONE',  ( 2.143469797203045000, -17.74800092870308900, 6.989342887658548200 ) ) ;
#2185 = CARTESIAN_POINT ( 'NONE',  ( 2.740623358677421400, -18.93181422473121200, 6.800000000000973300 ) ) ;
#2186 = CARTESIAN_POINT ( 'NONE',  ( 2.520043735560357800, -17.14121339965561200, 7.522635443955179500 ) ) ;
#2187 = CARTESIAN_POINT ( 'NONE',  ( 2.124243715805243800, -18.29133341817136900, 6.500000034417946700 ) ) ;
#2188 = CARTESIAN_POINT ( 'NONE',  ( 3.804266164917927900, -17.98229491093870500, 6.800505479108580600 ) ) ;
#2189 = CARTESIAN_POINT ( 'NONE',  ( 1.632537533410878300, -17.79461711490506200, 9.683768588615869500 ) ) ;
#2190 = CARTESIAN_POINT ( 'NONE',  ( 2.448621361230436800, -17.31709025457716000, 6.600000009217044500 ) ) ;
#2191 = CARTESIAN_POINT ( 'NONE',  ( 3.439081889118922300, -18.17003786569421600, 8.425047250872063700 ) ) ;
#2192 = B_SPLINE_CURVE_WITH_KNOTS ( 'NONE', 3,
 ( #5467, #1600, #6028, #2709 ),
 .UNSPECIFIED., .F., .F.,
 ( 4, 4 ),
 ( 1.972588531668887100, 2.372588508298308700 ),
 .UNSPECIFIED. ) ;
#2193 = CARTESIAN_POINT ( 'NONE',  ( 2.263414918144903700, -17.47949265445674500, 7.140940580472718400 ) ) ;
#2194 = CARTESIAN_POINT ( 'NONE',  ( 2.606389546374086000, -16.91899114934011900, 8.112096673543803100 ) ) ;
#2196 = CARTESIAN_POINT ( 'NONE',  ( 1.875307771719299900, -17.14355191043851100, 7.902551214827252800 ) ) ;
#2195 = CARTESIAN_POINT ( 'NONE',  ( 3.759931462287442900, -17.85229217335446000, 7.717496327818114600 ) ) ;
#2197 = ORIENTED_EDGE ( 'NONE', *, *, #6358, .T. ) ;
#2198 = CARTESIAN_POINT ( 'NONE',  ( 1.376068031553425300, -18.01700363143045200, 8.276025856107995800 ) ) ;
#2199 = CARTESIAN_POINT ( 'NONE',  ( 3.124030437985488200, -18.40023825827788400, 8.634757969456446200 ) ) ;
#2200 = CARTESIAN_POINT ( 'NONE',  ( 1.684188203474800100, -17.33668156639670200, 6.848617413939302300 ) ) ;
#2201 = CARTESIAN_POINT ( 'NONE',  ( -0.1297224294689105500, -15.78361434727197100, 8.588037946706883500 ) ) ;
#2202 = CARTESIAN_POINT ( 'NONE',  ( 2.012207077034120900, -17.99649099216907500, 7.313790970549549200 ) ) ;
#2203 = CARTESIAN_POINT ( 'NONE',  ( 1.902766082582126600, -17.00975797802767900, 6.849127379340213700 ) ) ;
#2204 = CARTESIAN_POINT ( 'NONE',  ( 2.728644802141445300, -16.90640483635133200, 8.485297774861019000 ) ) ;
#2205 = CARTESIAN_POINT ( 'NONE',  ( 2.008632596065174100, -16.86929127332733800, 8.118048982225865000 ) ) ;
#2206 = CARTESIAN_POINT ( 'NONE',  ( 1.897712566759061500, -16.59931130505807300, 9.397369453001278600 ) ) ;
#2207 = CARTESIAN_POINT ( 'NONE',  ( 2.191976662869705300, -18.48789419350833500, 7.046500262872372700 ) ) ;
#2208 = CARTESIAN_POINT ( 'NONE',  ( 3.477876448060179800, -18.83492083459468300, 6.800000000000568300 ) ) ;
#2209 = CARTESIAN_POINT ( 'NONE',  ( 2.056039267489274500, -17.63480105824066500, 7.383676192590115800 ) ) ;
#2210 = EDGE_CURVE ( 'NONE', #733, #5577, #4454, .T. ) ;
#2211 = CARTESIAN_POINT ( 'NONE',  ( 2.160972300656164500, -17.73380044931078800, 6.500000025452727900 ) ) ;
#2212 = CARTESIAN_POINT ( 'NONE',  ( 4.991678856290001000, -17.52421090408000000, 6.612376248815998300 ) ) ;
#2213 = CARTESIAN_POINT ( 'NONE',  ( 1.987183421396991000, -17.14140165766150800, 9.705372694127179400 ) ) ;
#2214 = CARTESIAN_POINT ( 'NONE',  ( 1.507175898914775900, -19.51964674654693300, 6.500000039759099100 ) ) ;
#2215 = EDGE_CURVE ( 'NONE', #2115, #5378, #5741, .T. ) ;
#2216 = CARTESIAN_POINT ( 'NONE',  ( 3.438736783716623600, -17.45575266306730500, 8.218024413791726000 ) ) ;
#2217 = CARTESIAN_POINT ( 'NONE',  ( 2.070503591710356700, -18.14207797929783100, 7.134933032864481100 ) ) ;
#2218 = CARTESIAN_POINT ( 'NONE',  ( 2.033997621902502200, -17.22792880049040700, 7.751742043549918500 ) ) ;
#2220 = CARTESIAN_POINT ( 'NONE',  ( 1.604020092697285600, -17.77945412271394000, 7.916272521158140800 ) ) ;
#2219 = CARTESIAN_POINT ( 'NONE',  ( 3.374094722470461600, -17.24959664665827600, 7.510844816130471300 ) ) ;
#2221 = CARTESIAN_POINT ( 'NONE',  ( 1.584854852488600400, -18.31728120916752500, 8.923803691719641100 ) ) ;
#2222 = CARTESIAN_POINT ( 'NONE',  ( 3.381251913406026200, -17.70641525192643300, 8.561341524147126200 ) ) ;
#2223 = CARTESIAN_POINT ( 'NONE',  ( 3.674607569557945700, -18.50032140329613700, 6.499999995525505400 ) ) ;
#2224 = CARTESIAN_POINT ( 'NONE',  ( 3.810983312516061300, -19.33377493250282300, 6.500000017989246500 ) ) ;
#2225 = CARTESIAN_POINT ( 'NONE',  ( 2.262953433281232700, -18.66481738729069000, 7.526389815720014200 ) ) ;
#2226 = DIRECTION ( 'NONE',  ( 0.03429631001004480900, 0.9992593140067256300, -0.01745240643874052000 ) ) ;
#2227 = CARTESIAN_POINT ( 'NONE',  ( 2.200511119919457100, -16.97131489419454600, 7.965882772237868900 ) ) ;
#2228 = CARTESIAN_POINT ( 'NONE',  ( 1.632692861070848200, -17.40970378108632800, 7.906925291357079100 ) ) ;
#2229 = CARTESIAN_POINT ( 'NONE',  ( 1.799617251905173000, -16.46449241349772700, 8.671340764537033500 ) ) ;
#2230 = CARTESIAN_POINT ( 'NONE',  ( 2.775240726126546200, -18.93720537261841100, 7.152839493174021800 ) ) ;
#2231 = CARTESIAN_POINT ( 'NONE',  ( 3.890210797679702500, -18.21489485323031900, 6.799999999999421600 ) ) ;
#2232 = CARTESIAN_POINT ( 'NONE',  ( 2.024816394747488900, -18.36194925491811200, 7.541272889520378400 ) ) ;
#2233 = CARTESIAN_POINT ( 'NONE',  ( 3.073615009351999800, -19.57512590241999800, 6.736751137261000700 ) ) ;
#2234 = CARTESIAN_POINT ( 'NONE',  ( 1.661225721449724800, -16.56646165391083200, 8.569802755480486300 ) ) ;
#2235 = CARTESIAN_POINT ( 'NONE',  ( 2.089255912832904500, -16.61849602128637200, 9.186403081062124400 ) ) ;
#2236 = CARTESIAN_POINT ( 'NONE',  ( 4.880792138867560600, -16.77019645712271900, 6.849127384410598700 ) ) ;
#2237 = CARTESIAN_POINT ( 'NONE',  ( 2.945075934347854300, -17.05408435788934800, 7.832865909436320900 ) ) ;
#2238 = CARTESIAN_POINT ( 'NONE',  ( 2.427377815817934900, -18.77827384804972200, 7.280406195171480900 ) ) ;
#2239 = CARTESIAN_POINT ( 'NONE',  ( 1.764022231010385900, -17.86452876874158200, 7.755008746569049400 ) ) ;
#2241 = CARTESIAN_POINT ( 'NONE',  ( 1.685864918054616800, -18.35797398083866100, 8.378169017002019100 ) ) ;
#2240 = CARTESIAN_POINT ( 'NONE',  ( 2.667341628098622400, -17.17235923943449200, 7.292043619537577300 ) ) ;
#2242 = CARTESIAN_POINT ( 'NONE',  ( 3.119568162889418100, -17.12083305578776300, 8.184669329152679800 ) ) ;
#2243 = CARTESIAN_POINT ( 'NONE',  ( 3.174433444510061700, -18.85128125454349800, 6.500000004982791100 ) ) ;
#2244 = CARTESIAN_POINT ( 'NONE',  ( 2.948547702974516800, -19.56911716479423900, 6.500000019645869800 ) ) ;
#2245 = CARTESIAN_POINT ( 'NONE',  ( 2.922680232522737200, -18.87641617324145200, 7.797262551904447400 ) ) ;
#2246 = CARTESIAN_POINT ( 'NONE',  ( 2.205347166426888900, -17.64747559349452600, 6.799999999999625900 ) ) ;
#2247 = CARTESIAN_POINT ( 'NONE',  ( 1.793250758351145400, -17.49507392939851500, 7.771550462331673800 ) ) ;
#2248 = CARTESIAN_POINT ( 'NONE',  ( 1.487163466741870900, -18.07607412213500100, 8.205802942836344400 ) ) ;
#2249 = CARTESIAN_POINT ( 'NONE',  ( 1.463645815615243700, -16.86303177483981800, 8.140805064697673300 ) ) ;
#2250 = CARTESIAN_POINT ( 'NONE',  ( 3.500075839044092300, -18.78760484600693200, 7.236301556859572800 ) ) ;
#2251 = CARTESIAN_POINT ( 'NONE',  ( 3.694462125049035300, -17.49752960175803200, 6.799999999998320300 ) ) ;
#2252 = CARTESIAN_POINT ( 'NONE',  ( 2.518316934502107300, -18.81361180227595800, 7.866592494176609700 ) ) ;
#2253 = CARTESIAN_POINT ( 'NONE',  ( 3.539174092161000200, -19.47949434832999700, 6.861126032036001000 ) ) ;
#2254 = CARTESIAN_POINT ( 'NONE',  ( 1.867264673253860700, -16.58312187290874800, 8.476202377058198700 ) ) ;
#2255 = CARTESIAN_POINT ( 'NONE',  ( 3.219179255189464700, -17.29929094382752900, 6.799852280267426600 ) ) ;
#2256 = CARTESIAN_POINT ( 'NONE',  ( 2.290567352126681400, -17.24107816416864100, 7.530568031892848100 ) ) ;
#2257 = CARTESIAN_POINT ( 'NONE',  ( 3.141299690917418000, -18.91306738401698300, 7.444807270697642900 ) ) ;
#2259 = CARTESIAN_POINT ( 'NONE',  ( 1.912073493965493100, -18.47825121417398000, 8.150176759020903100 ) ) ;
#2258 = CARTESIAN_POINT ( 'NONE',  ( 3.851144323701130000, -17.80179829791508100, 7.047208209088390500 ) ) ;
#2261 = CARTESIAN_POINT ( 'NONE',  ( 2.130393841779131500, -18.45515002670258700, 8.966672531982085900 ) ) ;
#2260 = CARTESIAN_POINT ( 'NONE',  ( 2.157594015190729100, -17.62208479259426900, 7.172991694963601000 ) ) ;
#2262 = CARTESIAN_POINT ( 'NONE',  ( 2.693095371004271800, -17.22044225264857800, 6.500000007775905300 ) ) ;
#2263 = CARTESIAN_POINT ( 'NONE',  ( 2.513222255687536800, -17.04323867657241800, 7.758987278964996300 ) ) ;
#2264 = CARTESIAN_POINT ( 'NONE',  ( 2.447710669091395900, -18.65209468153007000, 6.500000018723666200 ) ) ;
#2265 = CARTESIAN_POINT ( 'NONE',  ( 2.530015695752591700, -17.41651207590372500, 6.500000017167444400 ) ) ;
#2266 = CARTESIAN_POINT ( 'NONE',  ( 3.542281410449419400, -18.49176225658445500, 7.942856746756449500 ) ) ;
#2267 = CARTESIAN_POINT ( 'NONE',  ( 2.448145606009672000, -17.31604020419268900, 6.500000013825565600 ) ) ;
#2268 = CARTESIAN_POINT ( 'NONE',  ( 1.691073130975222500, -18.18449481381545900, 8.033875953259325800 ) ) ;
#2269 = FACE_OUTER_BOUND ( 'NONE', #452, .T. ) ;
#2270 = CARTESIAN_POINT ( 'NONE',  ( 1.744706317427374700, -18.40227574074083000, 8.822762316439899200 ) ) ;
#2271 = CARTESIAN_POINT ( 'NONE',  ( 1.174607770291383300, -17.48949594993712300, 8.132180772324700200 ) ) ;
#2272 = CARTESIAN_POINT ( 'NONE',  ( 3.868712618935603100, -18.14182847794689100, 7.239570163398763500 ) ) ;
#2273 = CARTESIAN_POINT ( 'NONE',  ( 3.027627501314886800, -17.16849764062673200, 6.799999999998009400 ) ) ;
#2274 = CARTESIAN_POINT ( 'NONE',  ( 3.198910528587869200, -18.68659202409625000, 8.138436156057506900 ) ) ;
#2275 = CARTESIAN_POINT ( 'NONE',  ( 4.064538622708999700, -19.13041941528000200, 6.488001347711999300 ) ) ;
#2276 = CARTESIAN_POINT ( 'NONE',  ( 3.387703502329642900, -19.52823035197151900, 6.849127382565398200 ) ) ;
#2277 = CARTESIAN_POINT ( 'NONE',  ( 1.473658777377484700, -17.05957186569513300, 8.062490009217622600 ) ) ;
#2278 = CARTESIAN_POINT ( 'NONE',  ( 4.274625589927300200, -18.78138771966000000, 6.900036467719999700 ) ) ;
#2279 = CARTESIAN_POINT ( 'NONE',  ( 1.950571395849672000, -17.84044753739439000, 7.472983252935053500 ) ) ;
#2280 = CARTESIAN_POINT ( 'NONE',  ( 3.721994332801788800, -18.45389119636432400, 7.515236345491080000 ) ) ;
#2282 = CARTESIAN_POINT ( 'NONE',  ( 2.440956210349750400, -18.62027896719180500, 8.653661341450231200 ) ) ;
#2281 = CARTESIAN_POINT ( 'NONE',  ( 3.363320672816021000, -17.24386798284075100, 6.986608737021779100 ) ) ;
#2284 = CARTESIAN_POINT ( 'NONE',  ( 2.634326082841613300, -18.00899384536413500, 9.282993386706426300 ) ) ;
#2283 = CARTESIAN_POINT ( 'NONE',  ( 2.097581658522841100, -18.35811266219618400, 7.260574713940676400 ) ) ;
#2285 = CARTESIAN_POINT ( 'NONE',  ( 3.176958221562121900, -17.18688885497058300, 6.499999998129279500 ) ) ;
#2286 = CARTESIAN_POINT ( 'NONE',  ( 1.978612932070634000, -17.52691886260929600, 7.576625984458951600 ) ) ;
#2287 = CARTESIAN_POINT ( 'NONE',  ( 2.198063107533929200, -18.01693926186962000, 6.500000023443994300 ) ) ;
#2288 = CARTESIAN_POINT ( 'NONE',  ( 3.129856201626367400, -17.27944637454914200, 6.500000005825658200 ) ) ;
#2289 = CARTESIAN_POINT ( 'NONE',  ( 3.699363391300828600, -17.76826878355798200, 7.863020585567204200 ) ) ;
#2290 =( NAMED_UNIT ( * ) PLANE_ANGLE_UNIT ( ) SI_UNIT ( $, .RADIAN. ) );
#2291 = CARTESIAN_POINT ( 'NONE',  ( 2.038105037974129000, -18.55827860769389700, 8.575382384944223400 ) ) ;
#2292 = CARTESIAN_POINT ( 'NONE',  ( 2.228128879310822300, -18.17041826508793900, 9.338306086172526200 ) ) ;
#2293 = CARTESIAN_POINT ( 'NONE',  ( 2.281293041842152600, -16.96709356503781800, 9.437121288698040900 ) ) ;
#2294 = CARTESIAN_POINT ( 'NONE',  ( 1.045667531049857800, -17.99811575139645800, 8.659303973875839900 ) ) ;
#2295 = CARTESIAN_POINT ( 'NONE',  ( 3.634698631143306300, -17.44022249071084800, 7.161052333972593300 ) ) ;
#2296 = CARTESIAN_POINT ( 'NONE',  ( 2.340316040552915300, -17.45494971226915800, 6.799999999998705700 ) ) ;
#2297 = CARTESIAN_POINT ( 'NONE',  ( 3.604414951289300500, -18.06293450617191000, 8.171205109151747700 ) ) ;
#2298 = CARTESIAN_POINT ( 'NONE',  ( 4.317376023461000600, -18.79332458303999700, 6.612376242486998700 ) ) ;
#2299 = CARTESIAN_POINT ( 'NONE',  ( 2.356111809429307000, -18.74695162175742500, 6.900000000000000400 ) ) ;
#2300 = CARTESIAN_POINT ( 'NONE',  ( 1.226123151557265300, -17.69311293535464500, 8.178573176321540600 ) ) ;
#2301 = CARTESIAN_POINT ( 'NONE',  ( 4.534650109839000200, -18.35341373796999800, 6.889247048010001400 ) ) ;
#2302 = AXIS2_PLACEMENT_3D ( 'NONE', #6869, #3545, #245 ) ;
#2303 = CARTESIAN_POINT ( 'NONE',  ( 2.086036009236045700, -18.52575918598708800, 7.727792455437260300 ) ) ;
#2304 = CARTESIAN_POINT ( 'NONE',  ( 3.777948321965054500, -17.71570545448301500, 7.444807270695480200 ) ) ;
#2306 = CARTESIAN_POINT ( 'NONE',  ( 2.990228645844798600, -18.19823059486666800, 8.924284488807119300 ) ) ;
#2305 = CARTESIAN_POINT ( 'NONE',  ( 2.620913627511359600, -17.24666564777286800, 6.929374257938597700 ) ) ;
#2308 = CARTESIAN_POINT ( 'NONE',  ( 2.854834795076584400, -17.31922496363403900, 9.109539748869591900 ) ) ;
#2307 = CARTESIAN_POINT ( 'NONE',  ( 2.599077250526716600, -18.86956805689528200, 7.465017872672269100 ) ) ;
#2309 = CARTESIAN_POINT ( 'NONE',  ( 3.650715799620598600, -17.44773931557965300, 6.499999993041076800 ) ) ;
#2310 = CARTESIAN_POINT ( 'NONE',  ( 1.889650595228354200, -18.20037991575772200, 7.696846351068152200 ) ) ;
#2311 = CARTESIAN_POINT ( 'NONE',  ( 3.051661336349419600, -16.56479225309706400, 6.849127379191497900 ) ) ;
#2312 = CARTESIAN_POINT ( 'NONE',  ( 3.730580699744489200, -17.74239454534526000, 6.499999994467166300 ) ) ;
#2313 = CARTESIAN_POINT ( 'NONE',  ( 3.286052536995481200, -17.20278378625680600, 7.612580326009707600 ) ) ;
#2314 = CARTESIAN_POINT ( 'NONE',  ( 3.881348373379689400, -18.27300711996703000, 6.900000000000000400 ) ) ;
#2315 = CARTESIAN_POINT ( 'NONE',  ( 2.596306470907447500, -18.36618176306745900, 9.027876145586260400 ) ) ;
#2316 = CARTESIAN_POINT ( 'NONE',  ( 2.609865639888764700, -17.53412325704390500, 9.400451473310765100 ) ) ;
#2317 = CARTESIAN_POINT ( 'NONE',  ( 2.178295442053462600, -16.61377889088220900, 8.790669625715118200 ) ) ;
#2318 = CARTESIAN_POINT ( 'NONE',  ( 1.230890734647213800, -18.01393998825886600, 9.380662719000490300 ) ) ;
#2319 = CARTESIAN_POINT ( 'NONE',  ( 2.952779010122459800, -17.16030008402995200, 7.053602078059839200 ) ) ;
#2320 = CARTESIAN_POINT ( 'NONE',  ( 2.201946175630920000, -17.64566725460841200, 6.109137163900562900 ) ) ;
#2321 = CARTESIAN_POINT ( 'NONE',  ( 3.456356267544987500, -17.37092647158682000, 7.942395778146382300 ) ) ;
#2322 = CARTESIAN_POINT ( 'NONE',  ( 2.382586157377570400, -18.76681740426728600, 6.500000036586806500 ) ) ;
#2323 = LINE ( 'NONE', #3887, #3543 ) ;
#2324 = CARTESIAN_POINT ( 'NONE',  ( 4.993552199048001400, -17.52530803954999800, 6.736751149921000900 ) ) ;
#2325 = CARTESIAN_POINT ( 'NONE',  ( 1.216253338004803100, -18.13430754027563200, 8.777335853490054500 ) ) ;
#2326 = CARTESIAN_POINT ( 'NONE',  ( 4.785283553920000300, -17.92043922297999400, 6.860127676783999800 ) ) ;
#2327 = CARTESIAN_POINT ( 'NONE',  ( 1.429031163027671100, -16.84462683758524900, 8.147717702807106800 ) ) ;
#2328 = CARTESIAN_POINT ( 'NONE',  ( 2.258785766198685900, -17.74260328383719800, 9.571444392391509100 ) ) ;
#2329 = CARTESIAN_POINT ( 'NONE',  ( 2.664949558262460700, -18.80804268245365300, 8.099418042867434100 ) ) ;
#2330 = CARTESIAN_POINT ( 'NONE',  ( 3.266979369923605200, -17.19921298490232800, 7.280406195168629900 ) ) ;
#2332 = CARTESIAN_POINT ( 'NONE',  ( 3.185875191874082200, -17.49524226487339400, 8.775889058373390800 ) ) ;
#2331 = CARTESIAN_POINT ( 'NONE',  ( 2.153697633957428100, -17.75343916597110900, 6.875968413923046400 ) ) ;
#2334 = CARTESIAN_POINT ( 'NONE',  ( 2.640489006653163900, -16.85953156843429900, 8.565428240572414300 ) ) ;
#2333 = CARTESIAN_POINT ( 'NONE',  ( 3.317686394734578500, -18.80521683867300500, 7.645922971481314600 ) ) ;
#2335 = CARTESIAN_POINT ( 'NONE',  ( 3.892447970563221100, -17.96503881537024200, 6.499999996144318000 ) ) ;
#2336 = CARTESIAN_POINT ( 'NONE',  ( 2.268785226818590400, -18.70051925415413800, 8.095654600950101800 ) ) ;
#2337 = CARTESIAN_POINT ( 'NONE',  ( 1.527756813559304500, -18.92000000000600200, 6.849999999999901900 ) ) ;
#2338 = CARTESIAN_POINT ( 'NONE',  ( 2.586123730861335600, -17.17634875640169400, 7.362140066453179100 ) ) ;
#2339 = CARTESIAN_POINT ( 'NONE',  ( 3.893247819601692000, -17.91754938091913000, 6.109137163900562900 ) ) ;
#2340 = CARTESIAN_POINT ( 'NONE',  ( 2.987057329150941200, -17.73467963577014900, 9.082421271691171000 ) ) ;
#2341 = CARTESIAN_POINT ( 'NONE',  ( 2.627764741069120300, -16.93035654196156500, 8.966521087588407800 ) ) ;
#2342 = UNCERTAINTY_MEASURE_WITH_UNIT (LENGTH_MEASURE( 1.000000000000000100E-005 ), #5608, 'distance_accuracy_value', 'NONE');
#2343 = VERTEX_POINT ( 'NONE', #2361 ) ;
#2344 = CARTESIAN_POINT ( 'NONE',  ( 1.799345664962279400, -16.80983021333096500, 8.180114402673325500 ) ) ;
#2345 = CARTESIAN_POINT ( 'NONE',  ( 1.603078190438826900, -17.52610160886788600, 9.800874967207985100 ) ) ;
#2346 = CARTESIAN_POINT ( 'NONE',  ( 2.291251583542092800, -17.49429367199475400, 6.991009208822193300 ) ) ;
#2347 = CARTESIAN_POINT ( 'NONE',  ( 1.670621185030073400, -17.36213615621525400, 6.849127379413459900 ) ) ;
#2348 = CARTESIAN_POINT ( 'NONE',  ( 2.859074940789342100, -17.07887665446286400, 7.608689612084323700 ) ) ;
#2349 = CARTESIAN_POINT ( 'NONE',  ( 1.139474191956104000, -17.89998449493674200, 9.507672810807061800 ) ) ;
#2350 = CARTESIAN_POINT ( 'NONE',  ( 5.056099887498000100, -17.38912141305000200, 6.861126051024999800 ) ) ;
#2351 = CARTESIAN_POINT ( 'NONE',  ( 1.515713100104611600, -18.04872766169299700, 9.454005189268754000 ) ) ;
#2352 = CARTESIAN_POINT ( 'NONE',  ( 1.724745579230000600, -20.55598786873000000, 6.900000000000000400 ) ) ;
#2353 = CARTESIAN_POINT ( 'NONE',  ( 1.370800804878285600, -16.93944931731744700, 8.108597786023361600 ) ) ;
#2354 = CARTESIAN_POINT ( 'NONE',  ( 2.480710016016579400, -17.07312545104027600, 9.335778733692023900 ) ) ;
#2355 = CARTESIAN_POINT ( 'NONE',  ( 3.296382115910931900, -18.49187927099435700, 8.335607491909776500 ) ) ;
#2356 = CIRCLE ( 'NONE', #5418, 0.5561016473531105200 ) ;
#2357 = CARTESIAN_POINT ( 'NONE',  ( 2.539987557671029800, -17.25910705946266100, 7.134933032862887700 ) ) ;
#2359 = CARTESIAN_POINT ( 'NONE',  ( 2.893538587446481600, -16.99408041722098200, 8.310383333128349600 ) ) ;
#2358 = CARTESIAN_POINT ( 'NONE',  ( 2.205292000349417000, -18.49497408403234300, 6.898901174655995800 ) ) ;
#2360 = CARTESIAN_POINT ( 'NONE',  ( 2.139525266400943900, -16.93888814068062100, 8.021316732276206500 ) ) ;
#2361 = CARTESIAN_POINT ( 'NONE',  ( 2.948547702974516800, -19.56911716479423900, 6.500000019645869800 ) ) ;
#2362 = CARTESIAN_POINT ( 'NONE',  ( 2.908538582423280800, -18.64313965421294500, 8.472317658530904800 ) ) ;
#2363 = CARTESIAN_POINT ( 'NONE',  ( 1.246805564278136600, -17.75958053555688900, 9.671302395365206200 ) ) ;
#2364 = FACE_BOUND ( 'NONE', #4005, .T. ) ;
#2365 = CARTESIAN_POINT ( 'NONE',  ( 2.605138954094452500, -17.37351356384844800, 6.799027710599181900 ) ) ;
#2366 = CARTESIAN_POINT ( 'NONE',  ( 2.108470276786965400, -17.66267912039611700, 7.244626186323174900 ) ) ;
#2367 = CARTESIAN_POINT ( 'NONE',  ( 3.639787556601231900, -17.39086803248401500, 5.318274327801128200 ) ) ;
#2368 = CARTESIAN_POINT ( 'NONE',  ( 2.942015461467929200, -17.09744661390503500, 8.701559735542103300 ) ) ;
#2369 = ORIENTED_EDGE ( 'NONE', *, *, #5485, .F. ) ;
#2370 = CARTESIAN_POINT ( 'NONE',  ( 2.272523963500163700, -16.76700196768564800, 8.333656838909202900 ) ) ;
#2371 = CARTESIAN_POINT ( 'NONE',  ( 1.459071371294049700, -17.38409983063002100, 7.999510876100503200 ) ) ;
#2372 = CARTESIAN_POINT ( 'NONE',  ( 1.909201412306829500, -16.86824155031383700, 9.638201082216847100 ) ) ;
#2373 = CARTESIAN_POINT ( 'NONE',  ( 2.096401289347308100, -18.15584802939006100, 6.968588911235191800 ) ) ;
#2374 = CARTESIAN_POINT ( 'NONE',  ( 2.074430145973377400, -17.88549002634141900, 6.900000000000000400 ) ) ;
#2375 = CARTESIAN_POINT ( 'NONE',  ( 2.215968603270074500, -17.38883300706165300, 7.396600137704402800 ) ) ;
#2376 = CARTESIAN_POINT ( 'NONE',  ( -0.1387747736528676100, -16.40108384898633500, 10.18672480281320100 ) ) ;
#2377 = EDGE_CURVE ( 'NONE', #7059, #5022, #1407, .T. ) ;
#2378 = CARTESIAN_POINT ( 'NONE',  ( 5.059883175121001400, -17.09242870609999800, 6.488001347711999300 ) ) ;
#2379 = CARTESIAN_POINT ( 'NONE',  ( 1.918853044962424600, -17.49514396699482100, 9.743888908751351600 ) ) ;
#2380 = CARTESIAN_POINT ( 'NONE',  ( 1.083552049315482900, -17.50271635516810100, 8.169917155340664600 ) ) ;
#2381 = CARTESIAN_POINT ( 'NONE',  ( 2.328828265493390100, -16.69381861288023900, 8.714169713895533000 ) ) ;
#2382 = CARTESIAN_POINT ( 'NONE',  ( 3.546707069966354100, -17.79438931918738500, 8.274161325536050900 ) ) ;
#2383 = CARTESIAN_POINT ( 'NONE',  ( 2.114640579706662700, -17.79810415613067700, 7.066481934986892800 ) ) ;
#2385 = CARTESIAN_POINT ( 'NONE',  ( 2.314584031190082500, -17.03196853701463500, 7.844877607884276600 ) ) ;
#2384 = CARTESIAN_POINT ( 'NONE',  ( 2.794300247090263600, -18.94733949967818600, 6.941566746961467700 ) ) ;
#2386 = CARTESIAN_POINT ( 'NONE',  ( 1.742095726591957400, -17.46787431653503800, 7.820165089778624800 ) ) ;
#2387 = CARTESIAN_POINT ( 'NONE',  ( 2.829352053179249500, -17.15516971477019900, 6.800000000000003400 ) ) ;
#2388 = CARTESIAN_POINT ( 'NONE',  ( 3.369569869611276100, -18.06764567502976600, 8.568167953336193000 ) ) ;
#2389 = CARTESIAN_POINT ( 'NONE',  ( 0.9813312437032234400, -18.01596782849769300, 9.024587021667651100 ) ) ;
#2390 = CARTESIAN_POINT ( 'NONE',  ( 3.012148097444902200, -17.26787384097886500, 6.799561364559458800 ) ) ;
#2391 = CARTESIAN_POINT ( 'NONE',  ( 2.091404147093569600, -18.39735459087409500, 7.364678398873564000 ) ) ;
#2392 = CARTESIAN_POINT ( 'NONE',  ( 3.002674512628557200, -17.12599374795914600, 4.527411491701691700 ) ) ;
#2393 = CARTESIAN_POINT ( 'NONE',  ( 2.494978648678649200, -16.88528322191304600, 8.146093564339381000 ) ) ;
#2394 = CARTESIAN_POINT ( 'NONE',  ( 1.783248325190399400, -17.15875155393380800, 7.931435185529493600 ) ) ;
#2395 = CARTESIAN_POINT ( 'NONE',  ( 1.300977301968061500, -18.01414142970869000, 8.361609997249177100 ) ) ;
#2396 = CARTESIAN_POINT ( 'NONE',  ( 3.060157117480735200, -18.30084421705557300, 8.781525704717111600 ) ) ;
#2397 = CARTESIAN_POINT ( 'NONE',  ( 1.940212294606997300, -16.48718783586448900, 8.998941254870960200 ) ) ;
#2398 = CARTESIAN_POINT ( 'NONE',  ( 2.464523791773309800, -18.79802471381395900, 7.041812987814583200 ) ) ;
#2399 = CARTESIAN_POINT ( 'NONE',  ( 2.203748386686312800, -18.55078989605002700, 6.109137163900562900 ) ) ;
#2400 = CARTESIAN_POINT ( 'NONE',  ( 1.981243556314046900, -18.03914701031484200, 7.399674842153480400 ) ) ;
#2401 = CARTESIAN_POINT ( 'NONE',  ( -0.6456181838536879700, -16.75387314590288300, 8.588037946706922600 ) ) ;
#2402 = UNCERTAINTY_MEASURE_WITH_UNIT (LENGTH_MEASURE( 1.000000000000000100E-005 ), #2105, 'distance_accuracy_value', 'NONE');
#2403 = CARTESIAN_POINT ( 'NONE',  ( 4.975204134735001600, -16.88646164101999900, 6.612376248815998300 ) ) ;
#2404 = CARTESIAN_POINT ( 'NONE',  ( 2.152361731152247600, -16.85136573215902400, 9.454005189266592200 ) ) ;
#2405 = CARTESIAN_POINT ( 'NONE',  ( 0.9500351588914676100, -17.96672635779252400, 8.736767921309075600 ) ) ;
#2406 = CARTESIAN_POINT ( 'NONE',  ( 1.903708797357965600, -16.86532107514375800, 8.127077661296642200 ) ) ;
#2407 = PRODUCT_DEFINITION ( 'UNKNOWN', '', #2769, #3030 ) ;
#2408 = CARTESIAN_POINT ( 'NONE',  ( 3.249639859660640600, -17.18999340375386400, 7.958904133984410700 ) ) ;
#2409 = CARTESIAN_POINT ( 'NONE',  ( 2.203818313846857000, -18.53125475844855800, 7.153806881328702800 ) ) ;
#2411 = CARTESIAN_POINT ( 'NONE',  ( 1.887689280027977900, -17.54528778208660700, 7.664592221049075800 ) ) ;
#2410 = CARTESIAN_POINT ( 'NONE',  ( 3.523643775259723800, -18.80013613997809000, 6.975053510997472700 ) ) ;
#2412 = CARTESIAN_POINT ( 'NONE',  ( 1.626105879120570700, -18.14995111325498900, 8.095616873684008400 ) ) ;
#2413 = CARTESIAN_POINT ( 'NONE',  ( 1.242043511093274600, -19.45628666090221200, 6.849127384410598700 ) ) ;
#2414 = B_SPLINE_CURVE_WITH_KNOTS ( 'NONE', 3,
 ( #795, #4102, #5224, #1906, #5778, #2461, #6325, #3010, #6892, #3569 ),
 .UNSPECIFIED., .F., .F.,
 ( 4, 1, 1, 1, 1, 1, 1, 4 ),
 ( 0.0000000000000000000, 0.1382689154269442800, 0.2829613492517214500, 0.4276537830764987100, 0.5723462169006461300, 0.7170386507254231700, 0.8617310845502004200, 1.000000000000000000 ),
 .UNSPECIFIED. ) ;
#2415 = CARTESIAN_POINT ( 'NONE',  ( 3.341605411666118900, -17.36704274900807800, 8.320571555950735400 ) ) ;
#2416 = CARTESIAN_POINT ( 'NONE',  ( 0.9984806753445686400, -17.72653646413983400, 8.339849240340452500 ) ) ;
#2417 = CARTESIAN_POINT ( 'NONE',  ( 2.614127799651032400, -18.86455534293191100, 7.612496653225750100 ) ) ;
#2418 = CARTESIAN_POINT ( 'NONE',  ( 2.201946175630920000, -17.64566725460841200, 6.900000000000000400 ) ) ;
#2419 = CARTESIAN_POINT ( 'NONE',  ( 1.947361346833363300, -17.24601199540036200, 7.793062843700843300 ) ) ;
#2420 = CARTESIAN_POINT ( 'NONE',  ( 1.534524447001268200, -17.80162224658800700, 7.986011799328209400 ) ) ;
#2421 = CARTESIAN_POINT ( 'NONE',  ( 1.499867794449897000, -18.25907755595462600, 9.035282321989690500 ) ) ;
#2422 = CARTESIAN_POINT ( 'NONE',  ( 3.287293812955945700, -17.60098627744406500, 8.674109538392365000 ) ) ;
#2423 = CARTESIAN_POINT ( 'NONE',  ( 1.674814590145960300, -16.64462325217248700, 8.322097354648724000 ) ) ;
#2424 = CARTESIAN_POINT ( 'NONE',  ( 3.191157489617633100, -18.93957724582843100, 7.124564450373573400 ) ) ;
#2425 = CARTESIAN_POINT ( 'NONE',  ( 2.745805553105066000, -18.95415546072930700, 5.318274327801128200 ) ) ;
#2426 = CARTESIAN_POINT ( 'NONE',  ( 2.263094531015773300, -18.67790764317091100, 7.655556316335522900 ) ) ;
#2427 = CARTESIAN_POINT ( 'NONE',  ( 3.632400085289989800, -18.56022360709556200, 6.800516014244470500 ) ) ;
#2428 = CARTESIAN_POINT ( 'NONE',  ( 4.820925089394000600, -16.72475226536999700, 6.736751149921000900 ) ) ;
#2429 = CARTESIAN_POINT ( 'NONE',  ( 2.055854892110474000, -16.55524667712823800, 8.777335853487205200 ) ) ;
#2430 = CARTESIAN_POINT ( 'NONE',  ( 1.120171165869222200, -17.91800510184038200, 9.458993942167284200 ) ) ;
#2431 = CARTESIAN_POINT ( 'NONE',  ( 1.549639970854760600, -17.43225600922906400, 7.949849365849526200 ) ) ;
#2432 = CARTESIAN_POINT ( 'NONE',  ( 2.603306653406809400, -17.09113740048573900, 7.602627962237705500 ) ) ;
#2433 = CARTESIAN_POINT ( 'NONE',  ( 2.810599188836848200, -18.93654656008517600, 7.303713539164441200 ) ) ;
#2434 = ORIENTED_EDGE ( 'NONE', *, *, #1705, .T. ) ;
#2436 = CARTESIAN_POINT ( 'NONE',  ( 1.811010720916369100, -18.24826676159835900, 7.898038230940070300 ) ) ;
#2435 = CARTESIAN_POINT ( 'NONE',  ( 3.892457117231398200, -18.15445365164135100, 6.976364945810050100 ) ) ;
#2437 = CARTESIAN_POINT ( 'NONE',  ( 1.944625856184196000, -18.50857484507187000, 8.664219307539763500 ) ) ;
#2438 = CARTESIAN_POINT ( 'NONE',  ( 0.9848577262677052900, -18.65001116410407900, 6.849127384410598700 ) ) ;
#2439 = CARTESIAN_POINT ( 'NONE',  ( 2.839906509629760700, -17.01762402348918000, 7.895534381817398600 ) ) ;
#2440 = CARTESIAN_POINT ( 'NONE',  ( 1.310118295889093800, -17.04292951396099200, 8.080250078915700100 ) ) ;
#2441 = CARTESIAN_POINT ( 'NONE',  ( 4.328821963121575900, -18.77756733290027900, 6.860290307308964900 ) ) ;
#2442 = CARTESIAN_POINT ( 'NONE',  ( 1.705902658604626400, -17.89274565807935600, 7.832536547169584500 ) ) ;
#2443 = CARTESIAN_POINT ( 'NONE',  ( 1.625760214592936600, -18.33903097600477500, 8.492083467299089200 ) ) ;
#2444 = CARTESIAN_POINT ( 'NONE',  ( 1.923021097630692300, -17.94906996574409100, 9.564024934774316500 ) ) ;
#2445 = CARTESIAN_POINT ( 'NONE',  ( 3.007911215518582500, -17.05489342229112300, 8.251996056917230100 ) ) ;
#2446 = CARTESIAN_POINT ( 'NONE',  ( 1.354596044426959800, -17.19512319793118500, 8.055703574176353900 ) ) ;
#2447 = CARTESIAN_POINT ( 'NONE',  ( 3.777297849615489900, -18.48329659785895300, 7.160015002793040900 ) ) ;
#2448 = EDGE_CURVE ( 'NONE', #6850, #5489, #7029, .T. ) ;
#2449 = CARTESIAN_POINT ( 'NONE',  ( 3.508967831296319100, -18.85429575694676200, 4.527411491701691700 ) ) ;
#2450 = CARTESIAN_POINT ( 'NONE',  ( 2.921366611060584300, -18.83865346089069000, 7.961773718805808600 ) ) ;
#2451 = CARTESIAN_POINT ( 'NONE',  ( 3.360577570734297300, -18.78430565262154400, 6.800388298015374000 ) ) ;
#2452 = CARTESIAN_POINT ( 'NONE',  ( 4.617708096938999400, -16.62980455818000200, 6.861126051024999800 ) ) ;
#2453 = CARTESIAN_POINT ( 'NONE',  ( 1.695607117517938100, -16.81014201551947500, 8.178573176319947200 ) ) ;
#2454 = CARTESIAN_POINT ( 'NONE',  ( 1.476617113737981300, -17.39342906736965600, 9.847190692750643800 ) ) ;
#2455 = CARTESIAN_POINT ( 'NONE',  ( 1.418886054050844100, -18.07683462526686200, 8.296957052093343800 ) ) ;
#2456 = CARTESIAN_POINT ( 'NONE',  ( 2.051566855024207700, -17.56570915152076800, 7.449999999999981500 ) ) ;
#2457 = CARTESIAN_POINT ( 'NONE',  ( 3.518285756957591800, -18.73565164023020900, 7.413255813304013800 ) ) ;
#2459 = CARTESIAN_POINT ( 'NONE',  ( 2.210679180384187400, -18.65003790687485700, 8.379930079727117200 ) ) ;
#2458 = CARTESIAN_POINT ( 'NONE',  ( 3.654201789552526900, -17.45059250398463400, 6.944861914245965600 ) ) ;
#2460 = CARTESIAN_POINT ( 'NONE',  ( 2.479002142000681800, -18.30380994501261000, 9.139355037331697000 ) ) ;
#2461 = CARTESIAN_POINT ( 'NONE',  ( 1.507316675336673600, -19.51554507463598000, 6.880997255274000000 ) ) ;
#2462 = CARTESIAN_POINT ( 'NONE',  ( 2.209007180012603700, -17.25934744228823400, 7.584944183083938400 ) ) ;
#2463 = CARTESIAN_POINT ( 'NONE',  ( 1.763677618529363000, -16.79035301070137700, 9.678936935022008500 ) ) ;
#2464 = CARTESIAN_POINT ( 'NONE',  ( 0.7381561603858770600, -17.36952404664324200, 9.777875424719850300 ) ) ;
#2465 = CARTESIAN_POINT ( 'NONE',  ( 1.870265571684161000, -18.46903678046274800, 8.273120268986810200 ) ) ;
#2466 = CARTESIAN_POINT ( 'NONE',  ( 2.055920065022954500, -18.37848736976010900, 9.097707427085536500 ) ) ;
#2467 = CARTESIAN_POINT ( 'NONE',  ( 2.279843178809220800, -17.29701161094606800, 9.584731966039704800 ) ) ;
#2468 = CARTESIAN_POINT ( 'NONE',  ( 2.413871033550912100, -17.03758653366327300, 7.805065211404847300 ) ) ;
#2469 = CARTESIAN_POINT ( 'NONE',  ( 1.106029927821716900, -17.83089525499848400, 8.350558155257905600 ) ) ;
#2470 = CARTESIAN_POINT ( 'NONE',  ( 3.827806120665270500, -17.74221531629445900, 7.124564450371410700 ) ) ;
#2471 = CARTESIAN_POINT ( 'NONE',  ( 3.789954653147561200, -18.49896114809242700, 6.600000004063247200 ) ) ;
#2472 = CARTESIAN_POINT ( 'NONE',  ( 3.510550202726330700, -18.40817824096212600, 8.110116611396923900 ) ) ;
#2473 = CARTESIAN_POINT ( 'NONE',  ( 3.018864053313357100, -18.86993307288518600, 6.800267403459228500 ) ) ;
#2474 = CARTESIAN_POINT ( 'NONE',  ( 4.963095508285944900, -17.48136764587040700, 6.899999997794806100 ) ) ;
#2475 = CARTESIAN_POINT ( 'NONE',  ( 1.372888810419725200, -17.40370774444621200, 8.037850744216523700 ) ) ;
#2476 = CARTESIAN_POINT ( 'NONE',  ( 1.777999513885707400, -16.74666148827622800, 9.634324112569963500 ) ) ;
#2477 = CARTESIAN_POINT ( 'NONE',  ( 1.668641911932966100, -18.34881634604116800, 8.942738354144999800 ) ) ;
#2478 = CARTESIAN_POINT ( 'NONE',  ( 1.974442758276473000, -18.24546470858180700, 7.542412174103657400 ) ) ;
#2479 = CARTESIAN_POINT ( 'NONE',  ( 3.847720630496640000, -18.06903124882340700, 7.408695694966356300 ) ) ;
#2481 = CARTESIAN_POINT ( 'NONE',  ( 2.812864784474677000, -18.48132786089667300, 8.782608685412128600 ) ) ;
#2480 = CARTESIAN_POINT ( 'NONE',  ( 2.966477970178756300, -17.16758395029613700, 6.901750574716213100 ) ) ;
#2482 = CARTESIAN_POINT ( 'NONE',  ( 1.176303447953506400, -19.40695961875343700, 6.500000068891420600 ) ) ;
#2483 = CARTESIAN_POINT ( 'NONE',  ( 1.905781431060123100, -17.87826788155260300, 7.552335135786851300 ) ) ;
#2484 = CARTESIAN_POINT ( 'NONE',  ( 0.1283578474293324000, -15.52380773750004300, 9.188624106092794000 ) ) ;
#2485 = CARTESIAN_POINT ( 'NONE',  ( -0.1267280730641153800, -17.31940589250117000, 9.005709968614061400 ) ) ;
#2486 = CARTESIAN_POINT ( 'NONE',  ( 2.387937832354202400, -18.55502434813042400, 8.800373769057630500 ) ) ;
#2487 = CARTESIAN_POINT ( 'NONE',  ( 2.534597762171620700, -17.88925512346217800, 9.391093790148943300 ) ) ;
#2488 = CARTESIAN_POINT ( 'NONE',  ( 2.329639581407857700, -16.74631028508564500, 9.087311695715378300 ) ) ;
#2489 = CARTESIAN_POINT ( 'NONE',  ( 1.958267606048492900, -17.51610106087300500, 7.606655564136439700 ) ) ;
#2490 = CARTESIAN_POINT ( 'NONE',  ( 1.167388530681448400, -18.10832566134493100, 9.038830866421539800 ) ) ;
#2491 = CARTESIAN_POINT ( 'NONE',  ( 3.304125345878981000, -17.21896385066656200, 7.041812987811732100 ) ) ;
#2492 = CARTESIAN_POINT ( 'NONE',  ( 0.8799994912077014900, -16.56078297189832000, 8.334870459084427800 ) ) ;
#2493 = CARTESIAN_POINT ( 'NONE',  ( 3.626032522379867700, -17.68210422997216100, 7.998712790686175500 ) ) ;
#2494 = CARTESIAN_POINT ( 'NONE',  ( 2.673494084044263800, -18.80050844119707400, 6.800167155436970000 ) ) ;
#2495 = CARTESIAN_POINT ( 'NONE',  ( 1.479102557182999900, -19.49668599885999900, 6.895433249022999300 ) ) ;
#2496 = CARTESIAN_POINT ( 'NONE',  ( 1.218997784742897900, -18.00761639462613300, 8.443488934369485200 ) ) ;
#2497 = CARTESIAN_POINT ( 'NONE',  ( 1.817348631264192400, -16.42186006725648900, 8.966577056626123400 ) ) ;
#2498 = CARTESIAN_POINT ( 'NONE',  ( 2.131717719296188500, -18.06003592784008300, 9.449590246963582600 ) ) ;
#2499 = CARTESIAN_POINT ( 'NONE',  ( 2.391282637938014800, -18.76565228300106000, 7.872546872753878800 ) ) ;
#2500 = CARTESIAN_POINT ( 'NONE',  ( 3.571556704772134600, -17.38719009228053000, 7.292255590500680300 ) ) ;
#2502 = CARTESIAN_POINT ( 'NONE',  ( 3.208917643256326900, -17.85264485729219100, 8.831148924498782200 ) ) ;
#2501 = CARTESIAN_POINT ( 'NONE',  ( 2.301569430864380400, -17.49977976873067900, 6.876636977592916400 ) ) ;
#2503 = CARTESIAN_POINT ( 'NONE',  ( 1.830658045841480500, -16.56365778385051600, 9.410760419024468200 ) ) ;
#2504 = CARTESIAN_POINT ( 'NONE',  ( 0.9274180554024769000, -18.90487630928252800, 6.500000066149155500 ) ) ;
#2505 = CARTESIAN_POINT ( 'NONE',  ( 2.066155231594772000, -18.54071868667392000, 7.850022441935284000 ) ) ;
#2506 = CARTESIAN_POINT ( 'NONE',  ( 4.963095508285944900, -17.48136764587040700, 6.899999997794806100 ) ) ;
#2507 = CARTESIAN_POINT ( 'NONE',  ( 3.719703283394167700, -17.64220944835778600, 7.588731340513900700 ) ) ;
#2508 = CARTESIAN_POINT ( 'NONE',  ( -0.4478045808700301100, -16.35139196834583700, 8.512729016869382500 ) ) ;
#2509 = CARTESIAN_POINT ( 'NONE',  ( 2.909009736912309600, -18.08833350176004400, 9.055794619402959700 ) ) ;
#2510 = CARTESIAN_POINT ( 'NONE',  ( 2.733068748454338800, -17.20730696924029600, 9.170763977115639100 ) ) ;
#2511 = CARTESIAN_POINT ( 'NONE',  ( 2.036109442131778900, -16.67289822900824700, 8.406600884761115100 ) ) ;
#2512 = EDGE_CURVE ( 'NONE', #5122, #1677, #1127, .T. ) ;
#2513 = CARTESIAN_POINT ( 'NONE',  ( 1.851450966845704200, -18.22724265200870200, 7.796068171803188600 ) ) ;
#2514 = CARTESIAN_POINT ( 'NONE',  ( 2.565885255307981200, -17.27287710955489100, 6.968588911233599200 ) ) ;
#2515 = CARTESIAN_POINT ( 'NONE',  ( 0.6794064741796587100, -15.92420900487469000, 9.327664638021836700 ) ) ;
#2516 = CARTESIAN_POINT ( 'NONE',  ( 3.193391732800625200, -17.15351516272074100, 7.704865905334133700 ) ) ;
#2517 = CARTESIAN_POINT ( 'NONE',  ( 2.247981332123293500, -17.79559789839129300, 6.798726200741477000 ) ) ;
#2518 = CARTESIAN_POINT ( 'NONE',  ( 2.518794654011944400, -18.26584838480824800, 9.161250311162984200 ) ) ;
#2519 = CARTESIAN_POINT ( 'NONE',  ( 1.977958485254999800, -19.53771655206999800, 6.871117638202001400 ) ) ;
#2520 = EDGE_LOOP ( 'NONE', ( #215, #3467, #5483, #5815, #3207, #6348, #5837, #6505 ) ) ;
#2521 = CARTESIAN_POINT ( 'NONE',  ( 1.408513869598410500, -18.19104457184630900, 9.139829074549352200 ) ) ;
#2522 = CARTESIAN_POINT ( 'NONE',  ( 1.570079796813879100, -16.63610861368280800, 8.298830000683258500 ) ) ;
#2523 = CARTESIAN_POINT ( 'NONE',  ( 2.490103276771795700, -17.40880888813540000, 9.469439976752177300 ) ) ;
#2524 = CARTESIAN_POINT ( 'NONE',  ( 3.066647528734418600, -18.72720767219742300, 8.184349712950517400 ) ) ;
#2525 = CARTESIAN_POINT ( 'NONE',  ( 2.879445314795864500, -17.15837211399532300, 7.143898953507577000 ) ) ;
#2527 = CARTESIAN_POINT ( 'NONE',  ( 3.126854538044356900, -17.19572729426101200, 8.492216533214486800 ) ) ;
#2526 = CARTESIAN_POINT ( 'NONE',  ( 2.104528333573262100, -18.16016925545677200, 6.842227582359007500 ) ) ;
#2528 = CARTESIAN_POINT ( 'NONE',  ( 1.612593224236439800, -17.13344462146974600, 9.835873509990639400 ) ) ;
#2529 = CARTESIAN_POINT ( 'NONE',  ( 3.645841065500528400, -18.55497088509543200, 6.599484061266913700 ) ) ;
#2530 = CARTESIAN_POINT ( 'NONE',  ( 2.647299563433326100, -18.76705792161746400, 8.257402236584020700 ) ) ;
#2531 = CARTESIAN_POINT ( 'NONE',  ( 2.304353871214426300, -17.45306647367504700, 6.900000000000000400 ) ) ;
#2532 = VECTOR ( 'NONE', #1112, 100.0000000000000300 ) ;
#2533 = CARTESIAN_POINT ( 'NONE',  ( 3.185013277603872900, -17.16864607342338200, 7.380839512328464900 ) ) ;
#2534 = CARTESIAN_POINT ( 'NONE',  ( 3.075643156872566800, -17.38945701324325600, 8.863976473481491400 ) ) ;
#2535 = ORIENTED_EDGE ( 'NONE', *, *, #6047, .T. ) ;
#2537 = CARTESIAN_POINT ( 'NONE',  ( 2.519324950496490100, -16.79510749699718600, 8.589605908233894000 ) ) ;
#2536 = CARTESIAN_POINT ( 'NONE',  ( 3.319140819686562200, -18.75051960384560700, 7.819578614410190200 ) ) ;
#2538 = CARTESIAN_POINT ( 'NONE',  ( 1.600830076460770600, -17.12719004485466800, 8.010067229096105000 ) ) ;
#2539 = CARTESIAN_POINT ( 'NONE',  ( 2.243692328115555400, -18.68060654177698500, 8.238209950740243300 ) ) ;
#2540 = CARTESIAN_POINT ( 'NONE',  ( 2.133759825193019200, -17.80827003928233100, 6.914809671413809000 ) ) ;
#2541 = CARTESIAN_POINT ( 'NONE',  ( -0.07843512065150114200, -16.24851349829500400, 10.08841164097699300 ) ) ;
#2542 = CARTESIAN_POINT ( 'NONE',  ( 2.503103331660751200, -17.18402480232117200, 7.427335873470551200 ) ) ;
#2543 = ORIENTED_EDGE ( 'NONE', *, *, #4740, .F. ) ;
#2544 = CARTESIAN_POINT ( 'NONE',  ( 2.880080045743344600, -17.61616321432763100, 9.178939907013964100 ) ) ;
#2545 = CARTESIAN_POINT ( 'NONE',  ( 2.477490935037999400, -19.55903592873830000, 6.848617413941101800 ) ) ;
#2546 = CARTESIAN_POINT ( 'NONE',  ( 1.811289804062292500, -17.82802579226087400, 9.648670267006897600 ) ) ;
#2547 = CARTESIAN_POINT ( 'NONE',  ( 1.262061871177150100, -17.21263578809288600, 8.073683491962379200 ) ) ;
#2548 = CARTESIAN_POINT ( 'NONE',  ( 2.502342156405142200, -16.83813787308439200, 8.992613635458317500 ) ) ;
#2549 = CARTESIAN_POINT ( 'NONE',  ( 2.242437407494769300, -17.53377070846941900, 7.064157206818298300 ) ) ;
#2551 = CARTESIAN_POINT ( 'NONE',  ( 2.625824231264136000, -16.95485505226547900, 7.997901776238000700 ) ) ;
#2550 = CARTESIAN_POINT ( 'NONE',  ( 2.476180696322801500, -18.80422279990724400, 6.860568502303768100 ) ) ;
#2552 = CARTESIAN_POINT ( 'NONE',  ( 3.170795645609405500, -18.98480447747966000, 6.799999999999870100 ) ) ;
#2553 = CARTESIAN_POINT ( 'NONE',  ( 1.406929021080278100, -17.94371230191256900, 9.539748249540830100 ) ) ;
#2554 = CARTESIAN_POINT ( 'NONE',  ( 3.260624173049351300, -18.83525689671292700, 6.700022808768809800 ) ) ;
#2555 = CARTESIAN_POINT ( 'NONE',  ( 3.250122481172083700, -18.40185059262010700, 8.494712701786449200 ) ) ;
#2556 = CARTESIAN_POINT ( 'NONE',  ( 3.726405962909912400, -18.61604238708525800, 6.600000006023607900 ) ) ;
#2557 = CARTESIAN_POINT ( 'NONE',  ( 2.470000930028210600, -17.27736507574624600, 7.207120882894326300 ) ) ;
#2558 = CARTESIAN_POINT ( 'NONE',  ( 2.777922259732324300, -16.93260612532101600, 8.358022868177629400 ) ) ;
#2560 = CARTESIAN_POINT ( 'NONE',  ( 2.035778536725151500, -16.93554380120274400, 8.040718629127393800 ) ) ;
#2559 = CARTESIAN_POINT ( 'NONE',  ( 3.727588842463221800, -18.12842722584433000, 7.844540973384071400 ) ) ;
#2561 = CARTESIAN_POINT ( 'NONE',  ( 1.364466391615969200, -17.76667134090081000, 8.115666485599277300 ) ) ;
#2562 = CARTESIAN_POINT ( 'NONE',  ( 2.865625958557293200, -18.56485204107399800, 8.629446824121984600 ) ) ;
#2563 = CARTESIAN_POINT ( 'NONE',  ( 2.229202851148389000, -18.54475195635054900, 6.952432290734830800 ) ) ;
#2564 = CARTESIAN_POINT ( 'NONE',  ( 0.9919168621170000300, -18.63520748519000100, 6.861126051024999800 ) ) ;
#2565 = CARTESIAN_POINT ( 'NONE',  ( 2.061312904697101700, -17.70431733408094700, 7.317430152086713800 ) ) ;
#2566 = CARTESIAN_POINT ( 'NONE',  ( -0.6332174384771271900, -17.05009355107693000, 9.438822462061979800 ) ) ;
#2567 = CARTESIAN_POINT ( 'NONE',  ( 2.822659671916315300, -17.00845371720902600, 8.754003882267722900 ) ) ;
#2568 = B_SPLINE_CURVE_WITH_KNOTS ( 'NONE', 3,
 ( #763, #4068, #1312, #5191, #1873, #5743, #2427, #6294, #2977, #6858, #3534, #235, #4091, #785, #4652, #1336, #5214, #1896, #5767, #2451, #6315, #3001, #6882, #3559, #256, #4114, #807, #4674, #1361, #5236, #1918, #5791, #2473, #6338, #3022, #6904, #3583, #278, #4136, #830, #4696, #1382, #5258, #1942, #5813, #2494, #6365, #3048, #6926, #3607, #303, #4160, #852, #4722, #1406, #5279, #1964, #5838, #2517, #6388, #3073, #6950 ),
 .UNSPECIFIED., .F., .F.,
 ( 4, 1, 1, 1, 1, 1, 1, 1, 1, 1, 1, 1, 1, 1, 1, 1, 1, 1, 1, 1, 1, 1, 1, 1, 1, 1, 1, 1, 1, 1, 1, 1, 1, 1, 1, 1, 1, 1, 1, 1, 1, 1, 1, 1, 1, 1, 1, 1, 1, 1, 1, 1, 1, 1, 1, 1, 1, 1, 1, 4 ),
 ( 0.0000000000000000000, 0.01087697666185371100, 0.02175395331514328900, 0.03263092995957436000, 0.04350790659486752900, 0.05438488322076292400, 0.06526185983701771100, 0.07613883644340831100, 0.08701581303972809300, 0.09789278962579331400, 0.1087697662014353700, 0.1196467427665061200, 0.1305237193208760600, 0.1414006958644357100, 0.1522776723970944200, 0.1631546489187784600, 0.1740316254294353700, 0.1849086019290293300, 0.1957855784175422700, 0.2066625548949740700, 0.2175395313613425200, 0.2284165078166814900, 0.2392934842610400500, 0.2501704606944844000, 0.2610474371170961600, 0.2719244135289691800, 0.2828013899302137500, 0.2936783663209516800, 0.3045553427013188400, 0.3154323190714609100, 0.3263092954315363600, 0.3371862717817135100, 0.3480632481221707100, 0.3589402244530947000, 0.3698172007746807800, 0.3806941770871318800, 0.3915711533906575100, 0.4024481296854727200, 0.4133251059717986700, 0.4242020822498602200, 0.4350790585198867100, 0.4459560347821107100, 0.4568330110367672100, 0.4677099872840925800, 0.4785869635243236200, 0.4894639397577008100, 0.5003409159844607300, 0.5330437435430190900, 0.6250534706352211000, 0.6874932878319624000, 0.7499330736929334900, 0.8123895789145696400, 0.8748461299516191400, 0.8872919036270879900, 0.9015490072049220400, 0.9176173282380639700, 0.9354967387384151000, 0.9551870955012352600, 0.9766882402980214800, 1.000000000000000000 ),
 .UNSPECIFIED. ) ;
#2569 = CARTESIAN_POINT ( 'NONE',  ( 2.153417755067879000, -17.16815442985988600, 9.627487795943363100 ) ) ;
#2570 = CARTESIAN_POINT ( 'NONE',  ( 1.016459490270619900, -17.82579637832348900, 8.417587036110942800 ) ) ;
#2571 = CARTESIAN_POINT ( 'NONE',  ( 2.157415213579998900, -16.73739765180256700, 8.340085250849382300 ) ) ;
#2572 = CARTESIAN_POINT ( 'NONE',  ( 2.090518176344189300, -18.20819048901029900, 7.057763899659424700 ) ) ;
#2574 = CARTESIAN_POINT ( 'NONE',  ( 2.043890956490760600, -17.29733769929016400, 7.683736298798100600 ) ) ;
#2573 = CARTESIAN_POINT ( 'NONE',  ( 3.206803534324990800, -18.94789639536799800, 6.881295809781695600 ) ) ;
#2575 = CARTESIAN_POINT ( 'NONE',  ( 2.373411811813842300, -16.70538446943852800, 6.500000006179824700 ) ) ;
#2576 = CARTESIAN_POINT ( 'NONE',  ( 1.793592777312639700, -17.36182801844287500, 9.794370061496938000 ) ) ;
#2577 = CARTESIAN_POINT ( 'NONE',  ( 2.675779426832579900, -18.81110435224364300, 6.800243167174222100 ) ) ;
#2578 = CARTESIAN_POINT ( 'NONE',  ( 3.466961378817368100, -17.69651721677703500, 8.402844329342555000 ) ) ;
#2579 = CARTESIAN_POINT ( 'NONE',  ( 2.754240533953271600, -18.96747423473014400, 6.700000010869136900 ) ) ;
#2580 = ADVANCED_FACE ( 'NONE', ( #4175, #4352 ), #750, .T. ) ;
#2581 = CARTESIAN_POINT ( 'NONE',  ( 2.081232173605343000, -17.84577258578766000, 7.143914869034889900 ) ) ;
#2582 = CARTESIAN_POINT ( 'NONE',  ( 2.215061862475815600, -17.03087043644460500, 7.880164067552773800 ) ) ;
#2583 = EDGE_CURVE ( 'NONE', #106, #5122, #2414, .T. ) ;
#2585 = CARTESIAN_POINT ( 'NONE',  ( 1.663515067056418900, -17.49280447191118200, 7.869649951034020300 ) ) ;
#2584 = CARTESIAN_POINT ( 'NONE',  ( 3.558976460772056400, -17.42549059620524300, 7.670241213462708700 ) ) ;
#2586 = CARTESIAN_POINT ( 'NONE',  ( 1.414683898931459000, -18.23981494105071700, 8.687106580843545700 ) ) ;
#2587 = CARTESIAN_POINT ( 'NONE',  ( 3.295071580024840700, -17.96260223753560600, 8.705702042581210200 ) ) ;
#2588 = CARTESIAN_POINT ( 'NONE',  ( 2.846739060046195500, -18.95576247046679400, 7.017017284572538000 ) ) ;
#2589 = CARTESIAN_POINT ( 'NONE',  ( 0.9267782539070000800, -18.89950701798000000, 6.488001347711999300 ) ) ;
#2590 = CARTESIAN_POINT ( 'NONE',  ( 2.085018879296143300, -18.43102373119171100, 7.473627988271809700 ) ) ;
#2591 = DIRECTION ( 'NONE',  ( 0.8826665868702575600, -0.4699996770454316600, -9.717214741975544100E-009 ) ) ;
#2592 = CARTESIAN_POINT ( 'NONE',  ( 2.382405277150682700, -16.85702699063390100, 8.172486474824710400 ) ) ;
#2593 = CARTESIAN_POINT ( 'NONE',  ( 2.201364555673285500, -16.65864600341059200, 9.086605090422226600 ) ) ;
#2594 = CARTESIAN_POINT ( 'NONE',  ( 1.067426282799440700, -18.04215955845144100, 9.127491286655912400 ) ) ;
#2595 = CARTESIAN_POINT ( 'NONE',  ( 1.692195729325767000, -17.17577002421314000, 7.959968670342298900 ) ) ;
#2596 = CARTESIAN_POINT ( 'NONE',  ( 2.496745127100740400, -18.82172768317682500, 7.171797268882208700 ) ) ;
#2598 = CARTESIAN_POINT ( 'NONE',  ( 1.805513242180280600, -17.94570954486022500, 7.712084482079255600 ) ) ;
#2597 = CARTESIAN_POINT ( 'NONE',  ( 3.794652833571841900, -18.49252440651539700, 6.890175344686340100 ) ) ;
#2599 = CARTESIAN_POINT ( 'NONE',  ( 3.520669172185055800, -17.45544127446054400, 6.800217056938338400 ) ) ;
#2600 = CARTESIAN_POINT ( 'NONE',  ( 1.692523779493025900, -17.33394625272390900, 6.500000028378484500 ) ) ;
#2601 = CARTESIAN_POINT ( 'NONE',  ( 2.021677095514066800, -16.73935290904749400, 9.455321222217419200 ) ) ;
#2602 = CARTESIAN_POINT ( 'NONE',  ( 2.215280417598497900, -18.27502168703742700, 6.497754921063127600 ) ) ;
#2603 = CARTESIAN_POINT ( 'NONE',  ( 3.147111508693913000, -17.12890753106310600, 8.041829038474261900 ) ) ;
#2604 = CARTESIAN_POINT ( 'NONE',  ( 2.069755650709394200, -18.03352265480838700, 6.799999999999998900 ) ) ;
#2605 = EDGE_LOOP ( 'NONE', ( #5149, #192, #2646, #7050 ) ) ;
#2606 = CARTESIAN_POINT ( 'NONE',  ( 2.213880480432085700, -18.56820499944113200, 7.266175524365253900 ) ) ;
#2607 = CARTESIAN_POINT ( 'NONE',  ( 1.817469448671752900, -17.57466346866219100, 7.723341080749508900 ) ) ;
#2609 = CARTESIAN_POINT ( 'NONE',  ( 1.567136888794555600, -18.15566099235221700, 8.192547654525848000 ) ) ;
#2608 = CARTESIAN_POINT ( 'NONE',  ( 2.931718665355231000, -17.11750200796603800, 7.416034340109891200 ) ) ;
#2610 = CARTESIAN_POINT ( 'NONE',  ( 1.782049108466260000, -18.19034102933062900, 9.332898318422742500 ) ) ;
#2611 = EDGE_CURVE ( 'NONE', #4162, #5653, #3699, .T. ) ;
#2612 = CARTESIAN_POINT ( 'NONE',  ( 3.237992319184594500, -17.28035059837525400, 8.412588914486473600 ) ) ;
#2613 = CARTESIAN_POINT ( 'NONE',  ( 4.737260595713908500, -16.68110546231459400, 6.499999961124017600 ) ) ;
#2614 = CARTESIAN_POINT ( 'NONE',  ( 3.562284943773143200, -18.75904642284618300, 7.064211900224289100 ) ) ;
#2615 = CARTESIAN_POINT ( 'NONE',  ( 0.9583395964685002000, -19.11995395794000500, 6.612376248815998300 ) ) ;
#2616 = CARTESIAN_POINT ( 'NONE',  ( 2.622141781292500500, -18.85580121967136700, 7.764228415823533100 ) ) ;
#2617 = CARTESIAN_POINT ( 'NONE',  ( 3.520908517061300400, -16.62759772943330100, 6.900036467719999700 ) ) ;
#2618 = CARTESIAN_POINT ( 'NONE',  ( 1.861654806176426400, -17.26587301365579900, 7.833735834030757200 ) ) ;
#2619 = CARTESIAN_POINT ( 'NONE',  ( 1.922203476869631000, -16.64939760038509000, 8.397465042261313100 ) ) ;
#2620 = CARTESIAN_POINT ( 'NONE',  ( 1.463650823151475100, -17.81940863862249800, 8.057189462271185900 ) ) ;
#2621 = CARTESIAN_POINT ( 'NONE',  ( 3.225087236311840100, -18.91044417321113600, 7.292535014440461300 ) ) ;
#2623 = CARTESIAN_POINT ( 'NONE',  ( 2.012380027654789400, -18.54460037707832500, 8.101271263726740600 ) ) ;
#2622 = CARTESIAN_POINT ( 'NONE',  ( 3.843452165372627200, -17.75053446583402900, 6.881295809779533800 ) ) ;
#2624 = CARTESIAN_POINT ( 'NONE',  ( 3.051452301438996300, -16.57088270657253700, 6.499999976862758500 ) ) ;
#2625 = CARTESIAN_POINT ( 'NONE',  ( 3.787604225084269900, -18.50217878438656900, 6.500000006094921900 ) ) ;
#2626 = CARTESIAN_POINT ( 'NONE',  ( 1.934548572792878600, -16.50376219591098300, 8.755438315390264800 ) ) ;
#2627 = CARTESIAN_POINT ( 'NONE',  ( 2.235922406663517900, -17.79730251991990600, 6.597709542964688400 ) ) ;
#2628 = CARTESIAN_POINT ( 'NONE',  ( 2.510224857255493300, -17.08881877050407300, 7.659588536164912800 ) ) ;
#2629 = ORIENTED_EDGE ( 'NONE', *, *, #7161, .F. ) ;
#2630 = CARTESIAN_POINT ( 'NONE',  ( 2.837188289112375200, -18.92515393781311800, 7.458543083714171300 ) ) ;
#2631 = CARTESIAN_POINT ( 'NONE',  ( 1.767565835493375600, -18.26223095369064400, 8.002072187337855500 ) ) ;
#2632 = B_SPLINE_CURVE_WITH_KNOTS ( 'NONE', 3,
 ( #3424, #3977, #1788, #5656 ),
 .UNSPECIFIED., .F., .F.,
 ( 4, 4 ),
 ( 0.0000000000000000000, 1.000000000000000000 ),
 .UNSPECIFIED. ) ;
#2634 = CARTESIAN_POINT ( 'NONE',  ( 1.880847565525426600, -18.46164809350879900, 8.793287158876465200 ) ) ;
#2633 = CARTESIAN_POINT ( 'NONE',  ( 2.269560556760925200, -17.41732835419424700, 7.254471241683159400 ) ) ;
#2635 =( LENGTH_UNIT ( ) NAMED_UNIT ( * ) SI_UNIT ( .CENTI., .METRE. ) );
#2636 = CARTESIAN_POINT ( 'NONE',  ( 2.214279604106895500, -17.65222505485597900, 9.609554139814628500 ) ) ;
#2637 = CARTESIAN_POINT ( 'NONE',  ( 2.733586481866830300, -16.98662295962055400, 7.951398379292711200 ) ) ;
#2638 = CARTESIAN_POINT ( 'NONE',  ( 5.062505934229037900, -17.10940440904385100, 6.499999961327912200 ) ) ;
#2639 = ORIENTED_EDGE ( 'NONE', *, *, #348, .T. ) ;
#2640 = CARTESIAN_POINT ( 'NONE',  ( 1.068231677689999800, -19.31457070045000500, 6.736751149921000900 ) ) ;
#2641 = CARTESIAN_POINT ( 'NONE',  ( 3.310762258005087900, -18.68694502942520000, 7.992310858424782600 ) ) ;
#2642 = CARTESIAN_POINT ( 'NONE',  ( 3.022205998780001000, -16.58209741951999700, 6.889247048010001400 ) ) ;
#2643 = CARTESIAN_POINT ( 'NONE',  ( 1.646669558781517400, -17.91672142652832300, 7.912049366348996100 ) ) ;
#2644 = CARTESIAN_POINT ( 'NONE',  ( 1.507156512985500000, -17.14281492193536100, 8.027052014113966300 ) ) ;
#2645 = CARTESIAN_POINT ( 'NONE',  ( 1.556947607490189800, -18.31545789667492500, 8.603230935489349900 ) ) ;
#2646 = ORIENTED_EDGE ( 'NONE', *, *, #2215, .T. ) ;
#2647 = CARTESIAN_POINT ( 'NONE',  ( 3.780723721795752100, -18.41840428357873800, 7.338309350767638700 ) ) ;
#2649 = CARTESIAN_POINT ( 'NONE',  ( 2.580917343879828100, -18.65763337452676800, 8.567017233547222300 ) ) ;
#2648 = CARTESIAN_POINT ( 'NONE',  ( 3.315782250428472200, -17.22516193675985000, 6.860568502300916200 ) ) ;
#2650 = CARTESIAN_POINT ( 'NONE',  ( 2.914997551486000500, -19.56955427883999800, 6.612376242486998700 ) ) ;
#2651 = CARTESIAN_POINT ( 'NONE',  ( 2.971449979731605400, -17.26016683802238200, 6.498001066129161200 ) ) ;
#2652 = CARTESIAN_POINT ( 'NONE',  ( 1.593527680799262700, -16.81133598252900900, 8.170601958905905300 ) ) ;
#2653 = CARTESIAN_POINT ( 'NONE',  ( -0.5174578695732752200, -16.45541909309713100, 8.435158055675501000 ) ) ;
#2654 = CARTESIAN_POINT ( 'NONE',  ( 2.034872317188095800, -17.55683250829599000, 7.482749155187586400 ) ) ;
#2655 = CARTESIAN_POINT ( 'NONE',  ( 2.370940680422409100, -17.42129093356100700, 6.500000016846704500 ) ) ;
#2656 = CARTESIAN_POINT ( 'NONE',  ( 3.526040073059254700, -18.67813909235642500, 7.590442032662895000 ) ) ;
#2657 = CARTESIAN_POINT ( 'NONE',  ( 2.167740760471673900, -18.61419191114219300, 8.520641334805164400 ) ) ;
#2659 = CARTESIAN_POINT ( 'NONE',  ( 2.394119346177797000, -18.19955734773713400, 9.264787268748971600 ) ) ;
#2658 = CARTESIAN_POINT ( 'NONE',  ( 2.035534730663445000, -18.06801413977276700, 7.246523613388035300 ) ) ;
#2660 =( NAMED_UNIT ( * ) SI_UNIT ( $, .STERADIAN. ) SOLID_ANGLE_UNIT ( ) );
#2661 = CARTESIAN_POINT ( 'NONE',  ( 2.418697739513896700, -16.99297909979665600, 9.332898318420582500 ) ) ;
#2662 = CARTESIAN_POINT ( 'NONE',  ( 2.126261152296324800, -17.27698618979955500, 7.635177977769283900 ) ) ;
#2663 = CARTESIAN_POINT ( 'NONE',  ( 3.793228353883248100, -18.49176699722022100, 6.500000005834142100 ) ) ;
#2664 = CARTESIAN_POINT ( 'NONE',  ( 1.241944782055999700, -19.45647197626999900, 6.861126051024999800 ) ) ;
#2665 = CARTESIAN_POINT ( 'NONE',  ( 3.677980772021917300, -18.04041455602297400, 8.001243201223502400 ) ) ;
#2666 = CARTESIAN_POINT ( 'NONE',  ( 4.521863816150700500, -16.61515769059670300, 6.852446001640701400 ) ) ;
#2667 = CARTESIAN_POINT ( 'NONE',  ( 1.819457798488653700, -18.45503704113688700, 8.395051405831319300 ) ) ;
#2668 = CARTESIAN_POINT ( 'NONE',  ( 1.283874515374798400, -17.77929044647953600, 8.180114402675076900 ) ) ;
#2669 = CARTESIAN_POINT ( 'NONE',  ( 1.972997257256013000, -18.29186996100096600, 9.220319366480701700 ) ) ;
#2670 = CARTESIAN_POINT ( 'NONE',  ( 3.783807647131857800, -17.67629434316844300, 7.277357245047325000 ) ) ;
#2671 = CARTESIAN_POINT ( 'NONE',  ( 2.574012299533935200, -17.27719833562160200, 6.842227582357414100 ) ) ;
#2672 = ADVANCED_FACE ( 'NONE', ( #7126 ), #4046, .T. ) ;
#2673 = CARTESIAN_POINT ( 'NONE',  ( 3.467755988913744100, -18.31871027102725700, 8.271905860707317300 ) ) ;
#2674 = CARTESIAN_POINT ( 'NONE',  ( 3.329928658286281700, -18.90587086914892700, 6.500000020737258100 ) ) ;
#2675 = CARTESIAN_POINT ( 'NONE',  ( 3.781790313914148400, -17.86539474148142800, 6.599424057708177700 ) ) ;
#2676 = CARTESIAN_POINT ( 'NONE',  ( 1.284586378773852300, -17.42218850297927100, 8.073503686699043100 ) ) ;
#2677 = CARTESIAN_POINT ( 'NONE',  ( -0.2480438654873549600, -16.59866906009129300, 10.16563759452932600 ) ) ;
#2678 = CARTESIAN_POINT ( 'NONE',  ( 1.946043402537772000, -18.27753834223044600, 7.643067020229493900 ) ) ;
#2679 = CARTESIAN_POINT ( 'NONE',  ( 3.811686272582274900, -17.99075182670582900, 7.571552110417330000 ) ) ;
#2680 = CARTESIAN_POINT ( 'NONE',  ( 2.748875403901568600, -18.38818448956911300, 8.927648711940381800 ) ) ;
#2682 = CARTESIAN_POINT ( 'NONE',  ( 2.754470717573486400, -17.54937554983465400, 9.283252524396287300 ) ) ;
#2681 = CARTESIAN_POINT ( 'NONE',  ( 2.340551769290171200, -18.71909238731238600, 7.437055402316637800 ) ) ;
#2683 = CARTESIAN_POINT ( 'NONE',  ( 2.254285453037129900, -16.66075407790332400, 8.687106580840694600 ) ) ;
#2684 = CARTESIAN_POINT ( 'NONE',  ( 1.855883230776237600, -17.91337212871932000, 7.631019874097172600 ) ) ;
#2685 = CARTESIAN_POINT ( 'NONE',  ( 4.472243186433987100, -17.22000000000000200, 6.899999999999979900 ) ) ;
#2686 = CARTESIAN_POINT ( 'NONE',  ( 1.506703006406999900, -19.51993280721999800, 6.488001347711999300 ) ) ;
#2687 = CARTESIAN_POINT ( 'NONE',  ( 3.478036090722324200, -17.35692354037956500, 7.786672202949117300 ) ) ;
#2688 = CARTESIAN_POINT ( 'NONE',  ( 1.272166432376368000, -17.15129459575297900, 8.178730854216985000 ) ) ;
#2689 = CARTESIAN_POINT ( 'NONE',  ( 2.325341755493998800, -18.47921485390924100, 8.940898168995810000 ) ) ;
#2690 = CARTESIAN_POINT ( 'NONE',  ( 1.333246629036678200, -18.20308455802730000, 8.790669625717985300 ) ) ;
#2691 = CARTESIAN_POINT ( 'NONE',  ( 2.426084064641441000, -17.76484348419075200, 9.484678751732794000 ) ) ;
#2692 = CARTESIAN_POINT ( 'NONE',  ( 3.232221173954648900, -17.19374695716248200, 7.151536619856882400 ) ) ;
#2693 = CARTESIAN_POINT ( 'NONE',  ( 2.138185775275201400, -17.81062335868530500, 6.799999999999352300 ) ) ;
#2694 = VERTEX_POINT ( 'NONE', #1418 ) ;
#2695 = CARTESIAN_POINT ( 'NONE',  ( 3.548744739593488800, -17.59383574796383300, 8.126967801269456600 ) ) ;
#2696 = CARTESIAN_POINT ( 'NONE',  ( 2.849763282587408400, -18.95773270930531900, 6.500000030585568700 ) ) ;
#2697 = CARTESIAN_POINT ( 'NONE',  ( 3.696346275517878900, -18.46302891328867100, 6.700035197306871000 ) ) ;
#2698 = CARTESIAN_POINT ( 'NONE',  ( 1.134029608674030900, -17.99403810613539200, 8.526230245853497500 ) ) ;
#2699 = CARTESIAN_POINT ( 'NONE',  ( 3.853886133115894000, -18.38118185224275100, 6.600000002085297800 ) ) ;
#2700 = CARTESIAN_POINT ( 'NONE',  ( 2.380273122611535000, -18.75322783839494900, 8.017293566804829300 ) ) ;
#2701 = CARTESIAN_POINT ( 'NONE',  ( 3.497963746755397000, -17.33504478951460500, 7.414845680991861700 ) ) ;
#2702 = CARTESIAN_POINT ( 'NONE',  ( 3.111884473745224300, -17.73941581499794000, 8.943588252805183100 ) ) ;
#2704 = CARTESIAN_POINT ( 'NONE',  ( 2.719487198257167100, -16.95359593987628300, 8.839683751159633100 ) ) ;
#2703 = CARTESIAN_POINT ( 'NONE',  ( 3.026547044002653000, -18.89457888911293900, 7.665067804074785900 ) ) ;
#2705 = FACE_OUTER_BOUND ( 'NONE', #6328, .T. ) ;
#2706 = CARTESIAN_POINT ( 'NONE',  ( 1.833950357576642000, -16.88370042106564400, 8.115666485597685700 ) ) ;
#2707 = CARTESIAN_POINT ( 'NONE',  ( 2.041945170418463500, -18.54730520945025100, 7.974883187532663300 ) ) ;
#2708 = CARTESIAN_POINT ( 'NONE',  ( 1.708961992533000000, -17.34987304301000300, 6.895433249022999300 ) ) ;
#2709 = CARTESIAN_POINT ( 'NONE',  ( 2.201946175630920000, -17.64566725460841200, 6.900000000000000400 ) ) ;
#2710 = CARTESIAN_POINT ( 'NONE',  ( 2.842739710922063800, -17.10179115079070300, 7.493035600349385200 ) ) ;
#2711 = CARTESIAN_POINT ( 'NONE',  ( 0.9969168273990879300, -17.88741561175407600, 8.760359979948354700 ) ) ;
#2712 = CARTESIAN_POINT ( 'NONE',  ( 2.816913391056029800, -17.97265112321651900, 9.174737773669850300 ) ) ;
#2713 = CARTESIAN_POINT ( 'NONE',  ( 1.683753295724342000, -18.09090237965432000, 9.437121288700069500 ) ) ;
#2714 = CARTESIAN_POINT ( 'NONE',  ( 2.609645888303649300, -17.09450803146699700, 9.220319366478541700 ) ) ;
#2715 = CARTESIAN_POINT ( 'NONE',  ( 1.378229699378801000, -17.71851885515459600, 9.720701681268424800 ) ) ;
#2716 = CARTESIAN_POINT ( 'NONE',  ( 2.503089795427319700, -17.29495873756227600, 7.046398352742993000 ) ) ;
#2717 = ORIENTED_EDGE ( 'NONE', *, *, #967, .T. ) ;
#2718 = CARTESIAN_POINT ( 'NONE',  ( 2.235079165411734300, -18.54787644806806300, 6.800000000000516700 ) ) ;
#2719 = CARTESIAN_POINT ( 'NONE',  ( 3.096213893275657500, -17.10841537036523600, 7.788642004350002400 ) ) ;
#2720 = CARTESIAN_POINT ( 'NONE',  ( 2.367610117797197800, -18.71130782805379100, 6.500000036046513300 ) ) ;
#2721 = ORIENTED_EDGE ( 'NONE', *, *, #5347, .F. ) ;
#2722 = CARTESIAN_POINT ( 'NONE',  ( 2.735767882955037600, -17.30453560741058500, 6.698672137967840900 ) ) ;
#2723 = CARTESIAN_POINT ( 'NONE',  ( 1.311736424158487900, -18.11405679366573900, 9.238560005596010400 ) ) ;
#2724 = CARTESIAN_POINT ( 'NONE',  ( 3.609946745372946800, -17.36719701361301200, 6.699999997537068100 ) ) ;
#2725 = CARTESIAN_POINT ( 'NONE',  ( 3.039360885504642300, -18.65722854034172300, 8.348434460955347800 ) ) ;
#2726 = CARTESIAN_POINT ( 'NONE',  ( 2.801550477984532600, -17.15401894201412200, 7.227312621311218900 ) ) ;
#2727 = CARTESIAN_POINT ( 'NONE',  ( 3.013058240164024200, -17.10969043172184800, 8.560691707938945100 ) ) ;
#2729 = CARTESIAN_POINT ( 'NONE',  ( 2.309937240645489400, -16.81849505212986900, 8.232667758130293800 ) ) ;
#2728 = CARTESIAN_POINT ( 'NONE',  ( 3.629160763596198900, -18.47124459487210000, 7.775525338331551200 ) ) ;
#2730 = CARTESIAN_POINT ( 'NONE',  ( 1.497295877900228300, -17.46985615559126300, 7.977679027193571100 ) ) ;
#2731 = CARTESIAN_POINT ( 'NONE',  ( 2.619257387867275800, -18.71508338495495500, 8.413000320808647500 ) ) ;
#2732 = CARTESIAN_POINT ( 'NONE',  ( 1.452885100363000100, -17.77994904626999800, 6.871117638200999500 ) ) ;
#2733 = CARTESIAN_POINT ( 'NONE',  ( -0.03607171058815514300, -16.20000741845599300, 10.16563759452932200 ) ) ;
#2734 = CARTESIAN_POINT ( 'NONE',  ( 2.208371665363242400, -17.45022563780298700, 7.321983820956679000 ) ) ;
#2735 = CARTESIAN_POINT ( 'NONE',  ( 0.4359371581404456500, -16.70666360360943500, 8.345728062543418700 ) ) ;
#2736 = CARTESIAN_POINT ( 'NONE',  ( 2.961990386541635300, -17.28185292437526900, 8.940898168993648200 ) ) ;
#2737 = CARTESIAN_POINT ( 'NONE',  ( 2.396549161595860500, -16.73639703352753100, 8.603230935486497100 ) ) ;
#2738 = CARTESIAN_POINT ( 'NONE',  ( 1.739158365198567100, -17.07115998687268300, 9.792209265671639100 ) ) ;
#2739 = CARTESIAN_POINT ( 'NONE',  ( 2.109311679779556600, -17.86070272405720900, 6.992675529986961200 ) ) ;
#2740 = CARTESIAN_POINT ( 'NONE',  ( 2.855105146776094400, -18.96021079768758400, 6.800000000000981300 ) ) ;
#2741 = CARTESIAN_POINT ( 'NONE',  ( 2.420932059267343100, -17.19580412806942200, 7.489268515399754900 ) ) ;
#2742 = CARTESIAN_POINT ( 'NONE',  ( 2.107644840325848500, -18.21163800212807600, 6.500000033549552500 ) ) ;
#2743 = CARTESIAN_POINT ( 'NONE',  ( 3.686562073217852100, -17.64241259994484400, 6.800292281641795000 ) ) ;
#2744 = CARTESIAN_POINT ( 'NONE',  ( 1.695056948820487400, -17.70458809597870300, 9.726976799640681300 ) ) ;
#2745 = CARTESIAN_POINT ( 'NONE',  ( 2.449572871671964200, -17.31919035534611200, 6.800000000000003400 ) ) ;
#2746 = CARTESIAN_POINT ( 'NONE',  ( 3.476048146703873500, -18.05882918494939900, 8.412976488923988000 ) ) ;
#2747 = CARTESIAN_POINT ( 'NONE',  ( 2.193889901611587100, -17.57466977490506800, 7.136464758632741700 ) ) ;
#2748 = CARTESIAN_POINT ( 'NONE',  ( 2.516140661259969900, -16.92813535571215400, 8.036704582530088500 ) ) ;
#2750 = CARTESIAN_POINT ( 'NONE',  ( 1.807072988773224600, -17.23685134654511900, 7.879063456730184700 ) ) ;
#2749 = CARTESIAN_POINT ( 'NONE',  ( 3.734557210326323200, -17.73980783012215000, 7.692572989704496300 ) ) ;
#2751 = CARTESIAN_POINT ( 'NONE',  ( 1.384172495600952900, -18.09544134626174400, 8.363599212970363800 ) ) ;
#2752 = CARTESIAN_POINT ( 'NONE',  ( 3.194560697912284000, -18.30687587414254100, 8.648488440317663600 ) ) ;
#2753 = CARTESIAN_POINT ( 'NONE',  ( 1.214216848677800000, -18.21929475281420400, 6.848617413939302300 ) ) ;
#2754 = CARTESIAN_POINT ( 'NONE',  ( -0.3054857146740996300, -16.05675745146187700, 8.435158055675481500 ) ) ;
#2755 = CARTESIAN_POINT ( 'NONE',  ( 2.014476914602004100, -18.11228806665420900, 7.336183842479905500 ) ) ;
#2756 = CARTESIAN_POINT ( 'NONE',  ( 1.670621183403800100, -17.36213615534949600, 6.849127379678100700 ) ) ;
#2757 = CARTESIAN_POINT ( 'NONE',  ( 2.659059352594324500, -16.87597617798949300, 8.395051405828466400 ) ) ;
#2758 = CARTESIAN_POINT ( 'NONE',  ( 1.933134789112148000, -16.93643771878732800, 8.057189462269592500 ) ) ;
#2759 = CARTESIAN_POINT ( 'NONE',  ( 1.902350061697191300, -16.54464671507199800, 9.292907304400518600 ) ) ;
#2760 = CARTESIAN_POINT ( 'NONE',  ( 2.251942162822782000, -18.58844275495360400, 7.061171075494017100 ) ) ;
#2761 = CARTESIAN_POINT ( 'NONE',  ( 3.572470398248385000, -18.76446212505691900, 6.800000000000420800 ) ) ;
#2762 = CARTESIAN_POINT ( 'NONE',  ( 2.014913735405101700, -17.74507845242494900, 7.391440544081337500 ) ) ;
#2763 = CARTESIAN_POINT ( 'NONE',  ( 2.201946163806713900, -17.64566727684651300, 6.500000023370576600 ) ) ;
#2764 = CARTESIAN_POINT ( 'NONE',  ( 2.024459840698394700, -17.04046667635167700, 9.657028135636895900 ) ) ;
#2765 = CARTESIAN_POINT ( 'NONE',  ( 1.507036546219984800, -19.52370693319744900, 6.732751591270489800 ) ) ;
#2766 = CARTESIAN_POINT ( 'NONE',  ( 3.391133155835722900, -17.36177702559589900, 8.164887032310003800 ) ) ;
#2767 = CARTESIAN_POINT ( 'NONE',  ( 2.086431752678978800, -18.25783647420055500, 7.151146868733802900 ) ) ;
#2768 = CARTESIAN_POINT ( 'NONE',  ( 1.962382253307923600, -17.31943074732315700, 7.731466988215468700 ) ) ;
#2769 = PRODUCT_DEFINITION_FORMATION_WITH_SPECIFIED_SOURCE ( 'ANY', '', #4705, .NOT_KNOWN. ) ;
#2771 = CARTESIAN_POINT ( 'NONE',  ( 1.588499662651018200, -17.88579194411677500, 7.964923721818228900 ) ) ;
#2770 = CARTESIAN_POINT ( 'NONE',  ( 3.275313182853457400, -17.19707357036977400, 7.473771793110764800 ) ) ;
#2772 = CARTESIAN_POINT ( 'NONE',  ( 1.643672490239924200, -18.31608062837850800, 9.026090375749408400 ) ) ;
#2773 = ORIENTED_EDGE ( 'NONE', *, *, #6411, .F. ) ;
#2774 = CARTESIAN_POINT ( 'NONE',  ( 3.375933288180238600, -17.59629794724378700, 8.519359202120814000 ) ) ;
#2775 = CARTESIAN_POINT ( 'NONE',  ( -0.4147548065085666100, -16.25434266256673500, 8.414070847391194300 ) ) ;
#2776 = CARTESIAN_POINT ( 'NONE',  ( 3.690094216662312300, -19.40228775835555900, 6.500000021291374000 ) ) ;
#2777 = CARTESIAN_POINT ( 'NONE',  ( 2.347016787980583400, -18.73554513160993200, 7.569067289287731100 ) ) ;
#2778 = CARTESIAN_POINT ( 'NONE',  ( 4.493041065282094200, -16.61403177355429200, 6.862360776981741900 ) ) ;
#2779 = CARTESIAN_POINT ( 'NONE',  ( 2.116153524742190300, -17.03375050669315300, 7.912049366347402700 ) ) ;
#2780 = CARTESIAN_POINT ( 'NONE',  ( 1.585935764184785800, -17.51698681915041100, 7.921650163033569400 ) ) ;
#2781 = CARTESIAN_POINT ( 'NONE',  ( 1.759010760034024300, -16.49396215411870900, 8.564702110708077900 ) ) ;
#2782 = CARTESIAN_POINT ( 'NONE',  ( 2.890956143456599600, -18.95374281308875600, 7.168943448215113500 ) ) ;
#2783 = CARTESIAN_POINT ( 'NONE',  ( 3.901502359379682700, -18.09762750132276900, 6.799999999999227100 ) ) ;
#2784 = CARTESIAN_POINT ( 'NONE',  ( 2.071411425670039600, -18.46085276718698900, 7.585252983106024700 ) ) ;
#2785 = CARTESIAN_POINT ( 'NONE',  ( 3.231026066176999800, -19.55470831353000000, 6.488001347711999300 ) ) ;
#2786 = CARTESIAN_POINT ( 'NONE',  ( 1.527548622454113900, -16.73026994706349100, 8.336562571651178600 ) ) ;
#2787 = CARTESIAN_POINT ( 'NONE',  ( 2.073732722351902000, -16.57776772096895700, 9.076750184405321800 ) ) ;
#2788 = CARTESIAN_POINT ( 'NONE',  ( 4.978656995491417300, -16.88417187774388500, 6.849127384410598700 ) ) ;
#2789 = CARTESIAN_POINT ( 'NONE',  ( 2.842929978860866800, -17.04476192826363600, 7.774537715596054000 ) ) ;
#2790 = CARTESIAN_POINT ( 'NONE',  ( 2.525911496170200700, -18.83723571669817800, 7.307587083898009300 ) ) ;
#2791 = CARTESIAN_POINT ( 'NONE',  ( 1.755475273829871300, -17.97457445143859500, 7.796631487683647800 ) ) ;
#2793 = CARTESIAN_POINT ( 'NONE',  ( 1.736022676444942200, -18.41067379981414100, 8.470890948189465400 ) ) ;
#2792 = CARTESIAN_POINT ( 'NONE',  ( 2.559898779607172200, -17.21422347767010700, 7.267120281424239700 ) ) ;
#2794 = ORIENTED_EDGE ( 'NONE', *, *, #4811, .T. ) ;
#2795 = CARTESIAN_POINT ( 'NONE',  ( 3.038820317597587200, -17.07132808339102000, 8.114290127544759200 ) ) ;
#2796 = CARTESIAN_POINT ( 'NONE',  ( 3.045137371315472600, -18.86831896146875900, 6.500000007427521700 ) ) ;
#2797 = CARTESIAN_POINT ( 'NONE',  ( 1.517482017137022500, -17.28173120590349000, 9.754423259036615300 ) ) ;
#2798 = CARTESIAN_POINT ( 'NONE',  ( 3.033438103054696200, -18.85571636043551200, 7.832251841822171400 ) ) ;
#2799 = CARTESIAN_POINT ( 'NONE',  ( 4.492223396420802900, -16.63785542179444500, 6.894485627769827700 ) ) ;
#2800 = CARTESIAN_POINT ( 'NONE',  ( 1.748629482601817600, -17.60349260370534800, 7.784474510591117300 ) ) ;
#2801 = CARTESIAN_POINT ( 'NONE',  ( 1.501859278868609600, -18.15801651890738800, 8.289209938914178000 ) ) ;
#2802 = CARTESIAN_POINT ( 'NONE',  ( 1.404410705264482500, -16.95732001835005700, 8.101885799598651500 ) ) ;
#2803 = CARTESIAN_POINT ( 'NONE',  ( 3.590577038264498800, -18.71245400544760100, 7.242838769940146200 ) ) ;
#2804 = CARTESIAN_POINT ( 'NONE',  ( 3.615050287737257700, -17.41031604056079700, 6.799999999998204800 ) ) ;
#2805 = CARTESIAN_POINT ( 'NONE',  ( 2.622091995300101600, -18.83631550734422400, 7.917961747307527000 ) ) ;
#2806 = CARTESIAN_POINT ( 'NONE',  ( 3.682622380413999700, -19.41100687615999500, 6.612376242486998700 ) ) ;
#2807 = CARTESIAN_POINT ( 'NONE',  ( 1.811721792175522900, -16.62771769403662200, 8.382322393158304400 ) ) ;
#2808 = CARTESIAN_POINT ( 'NONE',  ( 2.205574517977619400, -17.31915785438948100, 7.506890380609535300 ) ) ;
#2809 = CARTESIAN_POINT ( 'NONE',  ( 3.252009191490221200, -18.87758499174974200, 7.464027299061245700 ) ) ;
#2811 = CARTESIAN_POINT ( 'NONE',  ( 1.975521651409180200, -18.53801766367672600, 8.229503494745737100 ) ) ;
#2810 = CARTESIAN_POINT ( 'NONE',  ( 3.811446208993199300, -17.69099002718815300, 7.039590336086081200 ) ) ;
#2812 = LINE ( 'NONE', #6977, #56 ) ;
#2814 = CARTESIAN_POINT ( 'NONE',  ( 2.213354079510446000, -18.41966995035856100, 9.042690961866604500 ) ) ;
#2813 = CARTESIAN_POINT ( 'NONE',  ( 2.107195678663420100, -17.72871363774996900, 7.174656236132739700 ) ) ;
#2815 = CARTESIAN_POINT ( 'NONE',  ( 2.756798252052942800, -17.20080002201530800, 6.500000006280028100 ) ) ;
#2816 = CARTESIAN_POINT ( 'NONE',  ( 2.415089395186137200, -17.08540818698431700, 7.709221052969672500 ) ) ;
#2817 = CARTESIAN_POINT ( 'NONE',  ( 2.361551948087178500, -18.55484953970104200, 6.500000020352751500 ) ) ;
#2818 = CARTESIAN_POINT ( 'NONE',  ( 2.643124109671490400, -17.35043643401527500, 6.500000015028782700 ) ) ;
#2819 = CARTESIAN_POINT ( 'NONE',  ( 3.602351562895609300, -18.39027600717412600, 7.944999550288766700 ) ) ;
#2820 = CARTESIAN_POINT ( 'NONE',  ( 2.201946175630920000, -17.64566725460841200, 6.500000023370504600 ) ) ;
#2821 = CARTESIAN_POINT ( 'NONE',  ( 1.717867006099755200, -18.27286986478864600, 8.107082434522212100 ) ) ;
#2822 = CARTESIAN_POINT ( 'NONE',  ( 1.811222725243767400, -18.40516866860762600, 8.920182643344725500 ) ) ;
#2823 = CARTESIAN_POINT ( 'NONE',  ( 2.096144050200214400, -17.52269738379909800, 9.682205340123138300 ) ) ;
#2824 = CARTESIAN_POINT ( 'NONE',  ( 1.134828488832758400, -17.58910013583181000, 8.181284877473489200 ) ) ;
#2825 = CARTESIAN_POINT ( 'NONE',  ( 3.874680938410413900, -18.02424668467173400, 7.232255843443020600 ) ) ;
#2826 = CARTESIAN_POINT ( 'NONE',  ( 2.909830744549577500, -17.17452833358113300, 6.799999999998057400 ) ) ;
#2827 = CARTESIAN_POINT ( 'NONE',  ( 3.288784019763983000, -18.61362340197993600, 8.161084202194748700 ) ) ;
#2828 = CARTESIAN_POINT ( 'NONE',  ( 4.067620497546000600, -19.13348936487000200, 6.736751137261000700 ) ) ;
#2829 = CARTESIAN_POINT ( 'NONE',  ( 3.084872205469063800, -19.57595063236352900, 6.849127382565398200 ) ) ;
#2830 = CARTESIAN_POINT ( 'NONE',  ( 1.414501572673222200, -17.16026164947869500, 8.045916211084462000 ) ) ;
#2831 = CARTESIAN_POINT ( 'NONE',  ( 4.744596944723699700, -17.89877453323999700, 6.900036467719999700 ) ) ;
#2832 = CARTESIAN_POINT ( 'NONE',  ( 1.933946753090592300, -17.95487923980295300, 7.495525167805908500 ) ) ;
#2833 = CARTESIAN_POINT ( 'NONE',  ( 3.772315538854843700, -18.34722134020799400, 7.513897820102553900 ) ) ;
#2835 = CARTESIAN_POINT ( 'NONE',  ( 2.534812632572031300, -18.59059249491079100, 8.718697669106880700 ) ) ;
#2834 = CARTESIAN_POINT ( 'NONE',  ( 3.252574833012458200, -17.20456918965269100, 6.976439716316641600 ) ) ;
#2837 = CARTESIAN_POINT ( 'NONE',  ( 2.692693861049846300, -17.90660242751526000, 9.287648884444967800 ) ) ;
#2836 = CARTESIAN_POINT ( 'NONE',  ( 2.144752392309542200, -18.46278460344764500, 7.287754580250075200 ) ) ;
#2838 = CARTESIAN_POINT ( 'NONE',  ( 3.259920727034576700, -17.20793893699842400, 6.499999996872894300 ) ) ;
#2839 = CARTESIAN_POINT ( 'NONE',  ( 1.970109961369241000, -17.58911163572007700, 7.545649367256555900 ) ) ;
#2840 = CARTESIAN_POINT ( 'NONE',  ( 2.215819326405608500, -17.88786760331068500, 6.500000023108262900 ) ) ;
#2841 = CARTESIAN_POINT ( 'NONE',  ( 3.207331020010294200, -17.29635644941318200, 6.500000004360756200 ) ) ;
#2842 = CARTESIAN_POINT ( 'NONE',  ( 3.670086734102332700, -17.65835443090153900, 7.832251841820009600 ) ) ;
#2843 = CARTESIAN_POINT ( 'NONE',  ( 2.118752121963805500, -18.56868494935782400, 8.660888393691081400 ) ) ;
#2844 = B_SPLINE_CURVE_WITH_KNOTS ( 'NONE', 3,
 ( #6645, #6083, #3179, #18, #3875, #570, #4436, #1123, #4992, #1681, #5548, #2234, #6105, #2786, #6664, #3341, #41, #3895 ),
 .UNSPECIFIED., .F., .F.,
 ( 4, 2, 2, 2, 2, 2, 2, 2, 4 ),
 ( 0.0000000000000000000, 0.1250000000000000000, 0.2500000000000000000, 0.3750000000000000000, 0.5000000000000000000, 0.6250000000000000000, 0.7500000000000000000, 0.8750000000000000000, 1.000000000000000000 ),
 .UNSPECIFIED. ) ;
#2845 = CARTESIAN_POINT ( 'NONE',  ( 2.301575507328270700, -18.08871532489748900, 9.381257461245658300 ) ) ;
#2846 = CARTESIAN_POINT ( 'NONE',  ( 2.289970859881328600, -16.88200723401816500, 9.355856774293036100 ) ) ;
#2847 = CARTESIAN_POINT ( 'NONE',  ( 1.055513845083059700, -18.03582560296418800, 8.770679639213389200 ) ) ;
#2848 = CARTESIAN_POINT ( 'NONE',  ( 3.548163853380830600, -17.36173665967833200, 7.144462330976312000 ) ) ;
#2849 = CARTESIAN_POINT ( 'NONE',  ( 2.265777200099071000, -17.54618069633066600, 6.799999999998878100 ) ) ;
#2850 = ORIENTED_EDGE ( 'NONE', *, *, #3698, .F. ) ;
#2851 = CARTESIAN_POINT ( 'NONE',  ( 3.619925448801280900, -17.94791040222721500, 8.150963295235556000 ) ) ;
#2852 = CARTESIAN_POINT ( 'NONE',  ( 4.321184358381998400, -18.79541560505999700, 6.861126032036001000 ) ) ;
#2853 = CARTESIAN_POINT ( 'NONE',  ( 2.745805553105066000, -18.95415546072930700, 6.900000000000000400 ) ) ;
#2854 = CARTESIAN_POINT ( 'NONE',  ( 1.201175541776548800, -17.78713739742335400, 8.245308783207990500 ) ) ;
#2855 = CARTESIAN_POINT ( 'NONE',  ( 5.004621464635000900, -17.47080055155999600, 6.889247048010001400 ) ) ;
#2856 = CARTESIAN_POINT ( 'NONE',  ( 2.152310184283227300, -18.60598732824813000, 7.783322844172555900 ) ) ;
#2857 = CARTESIAN_POINT ( 'NONE',  ( 3.729518144424310400, -17.61036385510887200, 7.422950832545789800 ) ) ;
#2858 = ORIENTED_EDGE ( 'NONE', *, *, #5114, .T. ) ;
#2860 = CARTESIAN_POINT ( 'NONE',  ( 3.049263724894886200, -18.09619398716916900, 8.928267423955697200 ) ) ;
#2859 = CARTESIAN_POINT ( 'NONE',  ( 2.517356041903099100, -17.30254423536809900, 6.923669777209914500 ) ) ;
#2862 = CARTESIAN_POINT ( 'NONE',  ( 2.850002710558082500, -17.22230802082458800, 9.042690961864444400 ) ) ;
#2861 = CARTESIAN_POINT ( 'NONE',  ( 2.707644093588383000, -18.90126360554857500, 7.498169960888706200 ) ) ;
#2863 = CARTESIAN_POINT ( 'NONE',  ( 3.707994866947832000, -17.51385312395137100, 6.499999992938813700 ) ) ;
#2864 = CARTESIAN_POINT ( 'NONE',  ( 1.915685568699413600, -18.30392336542278300, 7.746979966036114700 ) ) ;
#2865 = CARTESIAN_POINT ( 'NONE',  ( 3.780534597532156500, -17.89281275492184500, 6.499999993522632000 ) ) ;
#2866 = CARTESIAN_POINT ( 'NONE',  ( 3.186618342086253700, -17.15648426846253800, 7.569067289284879200 ) ) ;
#2867 = CARTESIAN_POINT ( 'NONE',  ( 3.881348373379689400, -18.27300711996703000, 5.318274327801128200 ) ) ;
#2868 = CARTESIAN_POINT ( 'NONE',  ( 2.675983133165601200, -18.28779139084239000, 9.065574650296461800 ) ) ;
#2869 = VECTOR ( 'NONE', #4592, 100.0000000000000000 ) ;
#2870 = CARTESIAN_POINT ( 'NONE',  ( 2.640057735330393100, -17.42690549719032200, 9.362063449178357600 ) ) ;
#2871 = CARTESIAN_POINT ( 'NONE',  ( 2.132126139768440800, -16.60881605175708500, 8.682190457141253100 ) ) ;
#2872 = CARTESIAN_POINT ( 'NONE',  ( 1.281573323970651300, -17.96675990416427000, 9.476017661619607700 ) ) ;
#2873 = CARTESIAN_POINT ( 'NONE',  ( 2.836439133488533900, -17.17256956920399000, 7.039398447680136800 ) ) ;
#2874 = CARTESIAN_POINT ( 'NONE',  ( -0.1541069977004065600, -16.39293156085191000, 10.08824402751195000 ) ) ;
#2875 = CARTESIAN_POINT ( 'NONE',  ( 3.387337475679141900, -17.28923899067698500, 7.892531522961649900 ) ) ;
#2876 = CARTESIAN_POINT ( 'NONE',  ( 3.158369799148427000, -18.98565001706517600, 6.500000025164581500 ) ) ;
#2877 = CARTESIAN_POINT ( 'NONE',  ( 5.002327141629000300, -17.50173327175999200, 6.488001347711999300 ) ) ;
#2878 = CARTESIAN_POINT ( 'NONE',  ( 1.246262840283876000, -18.15683445714545700, 8.889211483631505900 ) ) ;
#2879 = CARTESIAN_POINT ( 'NONE',  ( 4.315905274344299200, -18.80336820841000300, 6.852446001638699400 ) ) ;
#2880 = CARTESIAN_POINT ( 'NONE',  ( 2.314094081675733600, -17.63858347116612200, 9.571444392391320800 ) ) ;
#2881 = CARTESIAN_POINT ( 'NONE',  ( 2.770777815309752400, -18.79564822531623500, 8.150006604860605500 ) ) ;
#2882 = ORIENTED_EDGE ( 'NONE', *, *, #4228, .T. ) ;
#2883 = CARTESIAN_POINT ( 'NONE',  ( 3.156876346000613500, -17.16670063439631000, 7.253747249999940500 ) ) ;
#2885 = CARTESIAN_POINT ( 'NONE',  ( 3.171461263619668200, -17.39323056537681800, 8.718697669104720700 ) ) ;
#2884 = CARTESIAN_POINT ( 'NONE',  ( 2.119719537669749100, -17.86623668026103900, 6.877305541263907300 ) ) ;
#2886 = CIRCLE ( 'NONE', #3186, 1.456101608965853400 ) ;
#2888 = CARTESIAN_POINT ( 'NONE',  ( 2.575624230550612700, -16.83161293666674400, 8.470890948186614400 ) ) ;
#2887 = CARTESIAN_POINT ( 'NONE',  ( 3.416489628924558500, -18.74316126972862400, 7.663317873371788400 ) ) ;
#2889 = CARTESIAN_POINT ( 'NONE',  ( 3.898419719470034300, -18.05530318127415200, 6.499999997370435900 ) ) ;
#2890 = CARTESIAN_POINT ( 'NONE',  ( 2.361292279221062400, -18.73012031205883300, 8.162577450475991400 ) ) ;
#2891 = CARTESIAN_POINT ( 'NONE',  ( 2.201946175630920000, -17.64566725460841200, 6.500000023370504600 ) ) ;
#2892 = CARTESIAN_POINT ( 'NONE',  ( 2.483960880562676700, -17.22931714681903900, 7.336183842478312100 ) ) ;
#2893 = CARTESIAN_POINT ( 'NONE',  ( 3.893247819601692000, -17.91754938091913000, 4.527411491701691700 ) ) ;
#2894 = CARTESIAN_POINT ( 'NONE',  ( 3.011681297742877700, -17.62450125035388000, 9.048728028899560600 ) ) ;
#2895 = CARTESIAN_POINT ( 'NONE',  ( 2.594913011538697100, -16.86789942921110000, 8.871954946465489700 ) ) ;
#2896 = CARTESIAN_POINT ( 'NONE',  ( 1.732013358512170000, -16.88497012351932000, 8.119261214883644900 ) ) ;
#2897 = CARTESIAN_POINT ( 'NONE',  ( 1.661377347547974100, -17.42495559308518000, 9.817709158100623100 ) ) ;
#2898 = CARTESIAN_POINT ( 'NONE',  ( 2.221361131029378400, -17.58927648668616000, 6.988501665756263700 ) ) ;
#2899 = CARTESIAN_POINT ( 'NONE',  ( 1.902766082582126600, -17.00975797802767900, 6.849127379340213700 ) ) ;
#2900 = CARTESIAN_POINT ( 'NONE',  ( 2.750746319144556000, -17.08994164416118600, 7.563262936310817300 ) ) ;
#2901 = CARTESIAN_POINT ( 'NONE',  ( 1.016965817725454800, -18.01066389727257200, 9.188903431762950500 ) ) ;
#2902 = CARTESIAN_POINT ( 'NONE',  ( 5.068228763094001700, -17.31496706989001000, 6.612376248815998300 ) ) ;
#2903 = CARTESIAN_POINT ( 'NONE',  ( 1.577968090620002200, -17.98748154942149600, 9.533114184054046100 ) ) ;
#2904 = PLANE ( 'NONE',  #4537 ) ;
#2905 = CARTESIAN_POINT ( 'NONE',  ( 1.514831702275073700, -16.71402202222192200, 8.229623108095999800 ) ) ;
#2906 = CARTESIAN_POINT ( 'NONE',  ( 2.483242677350293800, -16.98477168224127400, 9.257637152447658800 ) ) ;
#2907 = CARTESIAN_POINT ( 'NONE',  ( 3.368202175217843000, -18.39920268535437800, 8.347099260455209400 ) ) ;
#2908 = CARTESIAN_POINT ( 'NONE',  ( 2.440378289327347300, -17.32073405244527100, 7.120945083365273700 ) ) ;
#2910 = CARTESIAN_POINT ( 'NONE',  ( 2.815123205514850700, -16.95895680052932900, 8.229503494742884200 ) ) ;
#2909 = CARTESIAN_POINT ( 'NONE',  ( 2.266049981490468700, -18.59594401519968400, 6.904787418283278900 ) ) ;
#2911 = CARTESIAN_POINT ( 'NONE',  ( 2.057983628611691300, -17.00282102428160500, 7.964923721816635500 ) ) ;
#2912 = CARTESIAN_POINT ( 'NONE',  ( 3.022624865319121200, -16.56989329929956500, 6.499999962361351400 ) ) ;
#2913 = CARTESIAN_POINT ( 'NONE',  ( 3.001864817908116700, -18.58182096125838000, 8.509859140302502600 ) ) ;
#2914 = CARTESIAN_POINT ( 'NONE',  ( 1.193628028049221100, -17.83029815213473400, 9.593304872916693400 ) ) ;
#2915 = CARTESIAN_POINT ( 'NONE',  ( 2.681364627966213100, -17.33599050301275900, 6.799119899784192200 ) ) ;
#2916 = CARTESIAN_POINT ( 'NONE',  ( 2.068042208108674500, -17.77332736245155300, 7.250540825358772400 ) ) ;
#2917 = CARTESIAN_POINT ( 'NONE',  ( 3.420516669842398100, -17.27427963390573500, 6.900000000000000400 ) ) ;
#2918 = CARTESIAN_POINT ( 'NONE',  ( 2.895447051244481400, -17.02769621265895600, 8.618558851158766700 ) ) ;
#2919 = CARTESIAN_POINT ( 'NONE',  ( 2.197143781741032000, -16.79558595362982800, 8.247506440872877300 ) ) ;
#2920 = CARTESIAN_POINT ( 'NONE',  ( 1.412867091525908500, -17.49039656785010500, 8.020623582092827800 ) ) ;
#2921 = CARTESIAN_POINT ( 'NONE',  ( 1.934101335177570000, -16.78248846000880000, 9.561102740717926100 ) ) ;
#2922 = CARTESIAN_POINT ( 'NONE',  ( 2.113583136807474000, -18.27227312122470300, 6.976750163390013500 ) ) ;
#2923 = CARTESIAN_POINT ( 'NONE',  ( 2.074430145973377400, -17.88549002634141900, 5.318274327801128200 ) ) ;
#2924 = CARTESIAN_POINT ( 'NONE',  ( 2.143580557641712000, -17.48120758901745100, 7.386280950457151400 ) ) ;
#2925 = CARTESIAN_POINT ( 'NONE',  ( -0.2480438654873479400, -16.59866906009129700, 10.16563759452932400 ) ) ;
#2926 = CARTESIAN_POINT ( 'NONE',  ( 5.064137159846998400, -17.09150520471999700, 6.736751149921000900 ) ) ;
#2927 = CARTESIAN_POINT ( 'NONE',  ( 1.972548730525282200, -17.39026835342081900, 9.738379582960266800 ) ) ;
#2928 = CARTESIAN_POINT ( 'NONE',  ( 1.045347736314400800, -17.59699294205709200, 8.229623108097593200 ) ) ;
#2929 = CARTESIAN_POINT ( 'NONE',  ( 2.274455856415118500, -16.68449410450420300, 8.609859316836013600 ) ) ;
#2930 = CARTESIAN_POINT ( 'NONE',  ( 3.537444750931974200, -17.68217511531110400, 8.239024065306285400 ) ) ;
#2931 = CARTESIAN_POINT ( 'NONE',  ( 2.085731503195089200, -17.91231344125528200, 7.072282393882460400 ) ) ;
#2933 = CARTESIAN_POINT ( 'NONE',  ( 2.224959239790544400, -17.09160353160342900, 7.796631487682054400 ) ) ;
#2932 = CARTESIAN_POINT ( 'NONE',  ( 2.910885560434350000, -18.96433947206377000, 6.948027997962201500 ) ) ;
#2934 = CARTESIAN_POINT ( 'NONE',  ( 1.696793961125634600, -17.57593116804119400, 7.833735834031317700 ) ) ;
#2935 = CARTESIAN_POINT ( 'NONE',  ( 3.608883219720806900, -17.36604241532559500, 6.800000000000020300 ) ) ;
#2936 = B_SPLINE_CURVE_WITH_KNOTS ( 'NONE', 3,
 ( #663, #3962, #1211, #5086, #1772, #5639 ),
 .UNSPECIFIED., .F., .F.,
 ( 4, 2, 4 ),
 ( 0.0000000000000000000, 0.5000000000000000000, 1.000000000000000000 ),
 .UNSPECIFIED. ) ;
#2937 = CARTESIAN_POINT ( 'NONE',  ( 3.402544967429470100, -17.95559833178325700, 8.551721648060665300 ) ) ;
#2938 = CARTESIAN_POINT ( 'NONE',  ( 0.9632683927915928200, -18.00636364030546600, 8.908567091590329700 ) ) ;
#2939 = CARTESIAN_POINT ( 'NONE',  ( 3.171848881807574300, -17.28692395728426600, 6.799785105173304700 ) ) ;
#2940 = CARTESIAN_POINT ( 'NONE',  ( 2.141949862873521000, -18.49835871954320200, 7.398181052456839900 ) ) ;
#2941 = CARTESIAN_POINT ( 'NONE',  ( 2.734039135155306600, -17.20782293299886900, 6.109137163900562900 ) ) ;
#2942 = CARTESIAN_POINT ( 'NONE',  ( 2.407102477473280500, -16.90722297241068600, 8.070479193888385100 ) ) ;
#2943 = CARTESIAN_POINT ( 'NONE',  ( 1.718344893280755700, -17.25510577559622800, 7.911865140536524300 ) ) ;
#2944 = VERTEX_POINT ( 'NONE', #5413 ) ;
#2945 = CARTESIAN_POINT ( 'NONE',  ( 1.307913711739376000, -18.08649392375166100, 8.454551430214037200 ) ) ;
#2946 = CARTESIAN_POINT ( 'NONE',  ( 3.126630138903376800, -18.20404432202150200, 8.792641590029296200 ) ) ;
#2947 = CARTESIAN_POINT ( 'NONE',  ( 1.916212697615506700, -16.47442702378820600, 8.884258840494851500 ) ) ;
#2948 = CARTESIAN_POINT ( 'NONE',  ( 2.565159153263805200, -18.85810406614598700, 7.055494518112240600 ) ) ;
#2949 = EDGE_CURVE ( 'NONE', #1759, #2694, #4985, .T. ) ;
#2950 = CARTESIAN_POINT ( 'NONE',  ( 2.203748386686312800, -18.55078989605002700, 4.527411491701691700 ) ) ;
#2951 = CARTESIAN_POINT ( 'NONE',  ( 1.987632182073269900, -18.15348503546974300, 7.427335873472301800 ) ) ;
#2952 = CARTESIAN_POINT ( 'NONE',  ( -0.5174578695732682300, -16.45541909309713400, 8.435158055675499300 ) ) ;
#2953 = CARTESIAN_POINT ( 'NONE',  ( 4.978831988211001500, -16.88405583139000000, 6.861126051024999800 ) ) ;
#2954 = CARTESIAN_POINT ( 'NONE',  ( 2.159032565019790800, -16.77532186024497200, 9.364044819860103200 ) ) ;
#2955 = CARTESIAN_POINT ( 'NONE',  ( 0.9569608201111261500, -17.99643926295174300, 8.850558560962360500 ) ) ;
#2956 = CARTESIAN_POINT ( 'NONE',  ( 1.831774822175396400, -16.93801423466567300, 8.068563014990550300 ) ) ;
#2957 = CARTESIAN_POINT ( 'NONE',  ( 3.162280802595867500, -17.13697318770270400, 7.899999999998941600 ) ) ;
#2958 = CARTESIAN_POINT ( 'NONE',  ( 2.272371296665697500, -18.62483541576610000, 7.175375686826241900 ) ) ;
#2960 = CARTESIAN_POINT ( 'NONE',  ( 1.844324272541601100, -17.65437442607755300, 7.676093457498269300 ) ) ;
#2959 = CARTESIAN_POINT ( 'NONE',  ( 3.614498098640455600, -18.72517305886535900, 6.977676380624819400 ) ) ;
#2961 = CARTESIAN_POINT ( 'NONE',  ( 1.649045214497385500, -18.23627666908958700, 8.172486474827197300 ) ) ;
#2962 = CARTESIAN_POINT ( 'NONE',  ( 1.119207861132440100, -19.36980354287727800, 6.849127384410598700 ) ) ;
#2963 = CARTESIAN_POINT ( 'NONE',  ( 3.288171788244984600, -17.28150119768307400, 8.259416539419499200 ) ) ;
#2964 = CARTESIAN_POINT ( 'NONE',  ( 1.027371735645983300, -17.64290549924975300, 8.261851717891659100 ) ) ;
#2965 = CARTESIAN_POINT ( 'NONE',  ( 2.722517305620357300, -18.88971259201968800, 7.651628136407417500 ) ) ;
#2966 = CARTESIAN_POINT ( 'NONE',  ( 2.201946175630920000, -17.64566725460841200, 5.318274327801128200 ) ) ;
#2967 = CARTESIAN_POINT ( 'NONE',  ( 1.879619308471855800, -17.34085690323954400, 7.775886177480269400 ) ) ;
#2968 = ORIENTED_EDGE ( 'NONE', *, *, #3859, .T. ) ;
#2969 = CARTESIAN_POINT ( 'NONE',  ( 1.520307387137671100, -17.90500403435131500, 8.040718629129143500 ) ) ;
#2970 = EDGE_LOOP ( 'NONE', ( #2197, #1655, #3930, #1327 ) ) ;
#2971 = CARTESIAN_POINT ( 'NONE',  ( 1.557373887852914900, -18.24466454988206700, 9.137302891438304500 ) ) ;
#2972 = CARTESIAN_POINT ( 'NONE',  ( 3.274758531116297900, -17.49532853571822600, 8.623200271215033300 ) ) ;
#2973 = CARTESIAN_POINT ( 'NONE',  ( 1.617645916486370300, -16.71321874333537800, 8.244999013150081900 ) ) ;
#2974 = CARTESIAN_POINT ( 'NONE',  ( 3.303353121548934500, -18.90488504362120600, 7.134238872833496900 ) ) ;
#2975 = CARTESIAN_POINT ( 'NONE',  ( 2.993062121683849300, -19.01184856793388900, 6.900000000000000400 ) ) ;
#2976 = CARTESIAN_POINT ( 'NONE',  ( 2.348342919783841700, -18.74282082986583100, 7.704865905337000800 ) ) ;
#2977 = CARTESIAN_POINT ( 'NONE',  ( 3.597473448589147500, -18.60223511931296900, 6.800496616338859800 ) ) ;
#2978 = CARTESIAN_POINT ( 'NONE',  ( 4.754985023236998600, -16.68929080919999900, 6.488001347711999300 ) ) ;
#2979 = CARTESIAN_POINT ( 'NONE',  ( 2.012960204322674000, -16.55846963283184400, 8.667608525596472500 ) ) ;
#2980 = CARTESIAN_POINT ( 'NONE',  ( 1.167687403400720500, -17.86367911629421100, 9.552285633261528000 ) ) ;
#2981 = CARTESIAN_POINT ( 'NONE',  ( 1.505029797695189000, -17.53940034796800900, 7.970087974836193500 ) ) ;
#2982 = CARTESIAN_POINT ( 'NONE',  ( 2.500498902430962300, -17.13082122754036300, 7.560975934692566900 ) ) ;
#2983 = SURFACE_STYLE_FILL_AREA ( #4861 ) ;
#2984 = CARTESIAN_POINT ( 'NONE',  ( 2.925921107545923900, -18.94680371660481600, 7.325731738232255100 ) ) ;
#2986 = CARTESIAN_POINT ( 'NONE',  ( 1.844920553611460300, -18.34042543432714500, 7.963185391776559800 ) ) ;
#2985 = CARTESIAN_POINT ( 'NONE',  ( 3.898030335145228300, -18.03666177913974200, 6.973430284292736500 ) ) ;
#2987 = CARTESIAN_POINT ( 'NONE',  ( 2.020770793592062500, -18.51658735293551000, 8.754003882270446000 ) ) ;
#2988 = CARTESIAN_POINT ( 'NONE',  ( 1.456072740920685300, -19.51789206480553300, 6.500000065247175700 ) ) ;
#2989 = CARTESIAN_POINT ( 'NONE',  ( 2.740018967434344300, -17.01557347053376600, 7.833105179229424000 ) ) ;
#2990 = CARTESIAN_POINT ( 'NONE',  ( 1.366103300163101100, -16.94555709651294600, 8.101337287199980300 ) ) ;
#2991 = LINE ( 'NONE', #2735, #904 ) ;
#2992 = CARTESIAN_POINT ( 'NONE',  ( 4.329378760636831900, -18.77786381485248800, 6.849127380276195600 ) ) ;
#2993 = CARTESIAN_POINT ( 'NONE',  ( 1.699590712888334500, -18.00033066959317900, 7.880164067554523500 ) ) ;
#2994 = CARTESIAN_POINT ( 'NONE',  ( 1.674276137479705300, -18.38441316414227700, 8.589605908236761100 ) ) ;
#2995 = CARTESIAN_POINT ( 'NONE',  ( 1.989892899425133000, -17.86135515170879300, 9.605438997307286900 ) ) ;
#2996 = CARTESIAN_POINT ( 'NONE',  ( 2.928227416047601000, -17.01252479456178400, 8.176269425701814700 ) ) ;
#2997 = CARTESIAN_POINT ( 'NONE',  ( 1.300614187947432000, -17.29984665172973000, 8.061307372661687500 ) ) ;
#2998 = CARTESIAN_POINT ( 'NONE',  ( 3.827515558185809600, -18.37657171111490200, 7.159341254563392100 ) ) ;
#2999 = CARTESIAN_POINT ( 'NONE',  ( 3.690915858780358300, -18.68418881449627400, 6.109137163900562900 ) ) ;
#3000 = CARTESIAN_POINT ( 'NONE',  ( 3.028492776262056800, -18.80591304458866400, 7.998712790688205000 ) ) ;
#3001 = CARTESIAN_POINT ( 'NONE',  ( 3.310993594026110400, -18.80724605048748500, 6.800368847704778100 ) ) ;
#3002 = CARTESIAN_POINT ( 'NONE',  ( 4.543125336846999900, -16.62067265128000000, 6.612376248815998300 ) ) ;
#3003 = CARTESIAN_POINT ( 'NONE',  ( 1.631262065584117200, -16.89051932496749900, 8.120999243392617500 ) ) ;
#3004 = CARTESIAN_POINT ( 'NONE',  ( 1.532814241183863000, -17.28988349403759600, 9.852904034338690700 ) ) ;
#3005 = CARTESIAN_POINT ( 'NONE',  ( 1.432839970367942600, -18.15291839372698500, 8.386050573365299200 ) ) ;
#3006 = CARTESIAN_POINT ( 'NONE',  ( 2.040607235121794500, -17.62659570108108300, 7.417250844812471700 ) ) ;
#3007 = CARTESIAN_POINT ( 'NONE',  ( 3.604789305156108600, -18.65586228231040200, 7.421291662367572400 ) ) ;
#3009 = CARTESIAN_POINT ( 'NONE',  ( 2.299637784334600100, -18.66486356209338400, 8.456022709890735500 ) ) ;
#3008 = CARTESIAN_POINT ( 'NONE',  ( 3.566770860661813800, -17.37163018094502600, 6.938205650415778100 ) ) ;
#3010 = CARTESIAN_POINT ( 'NONE',  ( 1.506988498054827200, -19.52510686731485000, 6.860290307310230600 ) ) ;
#3011 = CARTESIAN_POINT ( 'NONE',  ( 2.128136622944480500, -17.34213191472057900, 7.562159774258480700 ) ) ;
#3012 = CARTESIAN_POINT ( 'NONE',  ( 1.635517304249046100, -17.08880706350706900, 9.831816826053811900 ) ) ;
#3013 = CARTESIAN_POINT ( 'NONE',  ( -0.3768162052627208600, -16.77668272378601300, 10.00053836915489600 ) ) ;
#3014 = CARTESIAN_POINT ( 'NONE',  ( 1.932873446715539700, -18.52191179246610600, 8.358022868180496400 ) ) ;
#3015 = CARTESIAN_POINT ( 'NONE',  ( 2.135529002336527900, -18.33111578385679500, 9.170763977117669400 ) ) ;
#3016 = CARTESIAN_POINT ( 'NONE',  ( 2.312249824677252300, -17.19348732517164500, 9.538394834254814800 ) ) ;
#3017 = CARTESIAN_POINT ( 'NONE',  ( 2.319267155180933800, -17.08627737340536600, 7.754155944227799000 ) ) ;
#3018 = CARTESIAN_POINT ( 'NONE',  ( 1.094686282369947700, -17.90445454892081800, 8.442061145085824900 ) ) ;
#3019 = CARTESIAN_POINT ( 'NONE',  ( 3.777685959243939800, -17.63597513655163200, 7.113562988139846300 ) ) ;
#3020 = CARTESIAN_POINT ( 'NONE',  ( 1.272166432376752100, -17.15129459575255300, 8.178730854216798500 ) ) ;
#3021 = CARTESIAN_POINT ( 'NONE',  ( 3.565858518203378800, -18.30415842829105000, 8.110116611396735600 ) ) ;
#3022 = CARTESIAN_POINT ( 'NONE',  ( 2.964233482643139400, -18.86935569816502300, 6.800250353023311200 ) ) ;
#3023 = CARTESIAN_POINT ( 'NONE',  ( 5.020963846026999600, -17.47950249627999900, 6.861126031966000100 ) ) ;
#3024 = CARTESIAN_POINT ( 'NONE',  ( 1.327834171738914600, -17.50933228188588600, 8.064794793391291300 ) ) ;
#3025 = CARTESIAN_POINT ( 'NONE',  ( 1.804336034448357200, -16.66631718676024200, 9.552285633259364400 ) ) ;
#3026 = CARTESIAN_POINT ( 'NONE',  ( 1.733851028531055300, -18.33849911005376000, 9.040535122328927600 ) ) ;
#3027 = CARTESIAN_POINT ( 'NONE',  ( 2.005217604580241500, -18.35152839333692000, 7.583912935120006100 ) ) ;
#3028 = CARTESIAN_POINT ( 'NONE',  ( 3.842773579994558800, -17.95181067497056700, 7.396431148821834600 ) ) ;
#3029 = ORIENTED_EDGE ( 'NONE', *, *, #2949, .T. ) ;
#3030 = PRODUCT_DEFINITION_CONTEXT ( 'detailed design', #463, 'design' ) ;
#3032 = CARTESIAN_POINT ( 'NONE',  ( 2.896205889489335200, -18.40488590744703100, 8.816156952003845900 ) ) ;
#3031 = CARTESIAN_POINT ( 'NONE',  ( 2.849370848391660900, -17.17944548398582000, 6.896051774591009900 ) ) ;
#3033 = CARTESIAN_POINT ( 'NONE',  ( 1.117279711627202400, -19.35834446690701700, 6.500000069286257600 ) ) ;
#3034 = CARTESIAN_POINT ( 'NONE',  ( 1.892953167861286800, -17.99220217804897700, 7.580066164775102400 ) ) ;
#3035 = CARTESIAN_POINT ( 'NONE',  ( 0.1703204845259274300, -15.57037083774604200, 9.522724200238299000 ) ) ;
#3036 = ORIENTED_EDGE ( 'NONE', *, *, #4607, .T. ) ;
#3037 = CARTESIAN_POINT ( 'NONE',  ( 3.748576561829733300, -18.26916710794737500, 7.684480012800761100 ) ) ;
#3038 = CARTESIAN_POINT ( 'NONE',  ( 1.012150265315409500, -17.73961832756015500, 8.443129489055220200 ) ) ;
#3039 = CARTESIAN_POINT ( 'NONE',  ( 2.478103410754755900, -18.51326582785975800, 8.863976473483520000 ) ) ;
#3040 = CARTESIAN_POINT ( 'NONE',  ( 2.589906077648668000, -17.78523531079110100, 9.391093790148755000 ) ) ;
#3041 = CARTESIAN_POINT ( 'NONE',  ( 2.303070995546098000, -16.69970904386782700, 8.982211951676930500 ) ) ;
#3042 = CARTESIAN_POINT ( 'NONE',  ( 1.906979740294248100, -17.62225693494900000, 7.610255406743836400 ) ) ;
#3043 = CARTESIAN_POINT ( 'NONE',  ( 1.204583651734945300, -18.10207219225230100, 9.150439774144700800 ) ) ;
#3044 = CARTESIAN_POINT ( 'NONE',  ( 3.191960998546369100, -17.18535547506191800, 7.028394178379191000 ) ) ;
#3045 = AXIS2_PLACEMENT_3D ( 'NONE', #7106, #985, #482 ) ;
#3046 = CARTESIAN_POINT ( 'NONE',  ( -0.2349728744409070000, -15.96794164904050100, 8.557533403519809000 ) ) ;
#3047 = CARTESIAN_POINT ( 'NONE',  ( 3.593271366278870900, -17.57498440556364700, 7.961773718803530500 ) ) ;
#3048 = CARTESIAN_POINT ( 'NONE',  ( 2.608126147387376900, -18.76822254295956300, 6.800160944544189500 ) ) ;
#3049 = FACE_OUTER_BOUND ( 'NONE', #2000, .T. ) ;
#3050 = CARTESIAN_POINT ( 'NONE',  ( 2.478453675705999600, -19.53098545976000400, 6.895433249022999300 ) ) ;
#3051 = CARTESIAN_POINT ( 'NONE',  ( 1.227514053854092500, -18.06927496501911500, 8.543679447989562800 ) ) ;
#3052 = CARTESIAN_POINT ( 'NONE',  ( 1.796562374216796900, -16.41737839980434500, 8.850558560959511200 ) ) ;
#3053 = CARTESIAN_POINT ( 'NONE',  ( 2.201716473684786300, -17.97398374399146100, 9.489289706542964000 ) ) ;
#3054 = CARTESIAN_POINT ( 'NONE',  ( 2.490116898074436600, -18.79861757693401400, 7.927945813893076700 ) ) ;
#3055 = CARTESIAN_POINT ( 'NONE',  ( 3.482390981578448400, -17.31374937050899000, 7.268881195044484000 ) ) ;
#3057 = CARTESIAN_POINT ( 'NONE',  ( 3.230266496284960500, -17.74072506204112200, 8.801164979506719300 ) ) ;
#3056 = CARTESIAN_POINT ( 'NONE',  ( 2.231543527047147500, -17.59469056268594000, 6.875630897713714200 ) ) ;
#3058 = CARTESIAN_POINT ( 'NONE',  ( 1.814949103768547200, -16.62943368604751600, 9.507227465305332400 ) ) ;
#3059 = CARTESIAN_POINT ( 'NONE',  ( 0.9341597322632332300, -18.82893986239279000, 6.500000064895199400 ) ) ;
#3060 = CARTESIAN_POINT ( 'NONE',  ( 2.137130601561732800, -18.61093143383038000, 7.912920682208585400 ) ) ;
#3061 = ORIENTED_EDGE ( 'NONE', *, *, #5114, .F. ) ;
#3062 = CARTESIAN_POINT ( 'NONE',  ( 3.892933770295816700, -18.16957756803435900, 6.900000000000000400 ) ) ;
#3063 = ORIENTED_EDGE ( 'NONE', *, *, #4973, .T. ) ;
#3064 = CARTESIAN_POINT ( 'NONE',  ( 3.667539831309592800, -17.54034515403755300, 7.560626357203855000 ) ) ;
#3065 = CARTESIAN_POINT ( 'NONE',  ( 0.7146802495525883500, -16.85487393432379800, 8.290062326434526300 ) ) ;
#3066 = CARTESIAN_POINT ( 'NONE',  ( 2.964318052389357300, -17.98431368908896700, 9.055794619402771400 ) ) ;
#3067 = CARTESIAN_POINT ( 'NONE',  ( 2.727824820241240700, -17.11481831443306900, 9.097707427083259200 ) ) ;
#3068 = CARTESIAN_POINT ( 'NONE',  ( 1.971109979675927900, -16.71246589662640500, 8.316619109732469500 ) ) ;
#3069 = CARTESIAN_POINT ( 'NONE',  ( 1.884096805774081200, -18.32419156967002000, 7.854849079493386700 ) ) ;
#3070 = CARTESIAN_POINT ( 'NONE',  ( 2.465194410496444300, -17.33392901812846500, 6.961548061437373000 ) ) ;
#3071 = CARTESIAN_POINT ( 'NONE',  ( 1.787732498719745200, -16.63799450250302700, 9.393735043708154800 ) ) ;
#3072 = CARTESIAN_POINT ( 'NONE',  ( 3.091905968044857300, -17.11914003877357600, 7.655556316332708300 ) ) ;
#3073 = CARTESIAN_POINT ( 'NONE',  ( 2.284839896668209300, -17.71184911109350000, 6.798716767826102000 ) ) ;
#3074 = CARTESIAN_POINT ( 'NONE',  ( 2.594593076912128800, -18.18287993940776600, 9.196629502867136100 ) ) ;
#3075 = CARTESIAN_POINT ( 'NONE',  ( 2.977309603777999600, -19.57201601296999600, 6.871117638202001400 ) ) ;
#3076 = CARTESIAN_POINT ( 'NONE',  ( 1.462548188771548100, -18.16871453364854700, 9.242107092395887200 ) ) ;
#3077 = CARTESIAN_POINT ( 'NONE',  ( 1.514831702275073700, -16.71402202222192200, 8.229623108095999800 ) ) ;
#3078 = CARTESIAN_POINT ( 'NONE',  ( 2.519011255627285500, -17.30342432811215400, 9.425021270211255200 ) ) ;
#3079 = CARTESIAN_POINT ( 'NONE',  ( 3.163523116279018900, -18.66777620320933900, 8.215426667289364100 ) ) ;
#3080 = CARTESIAN_POINT ( 'NONE',  ( 2.764504247940608100, -17.17684768186163800, 7.124735366001210000 ) ) ;
#3082 = CARTESIAN_POINT ( 'NONE',  ( 3.072218115789704400, -17.12168705492315700, 8.418353237626297100 ) ) ;
#3081 = CARTESIAN_POINT ( 'NONE',  ( 2.122103604638302200, -18.27680353433277500, 6.844271785296313300 ) ) ;
#3083 = CARTESIAN_POINT ( 'NONE',  ( 1.560468398922387300, -17.23787358770205800, 9.852904034338596500 ) ) ;
#3084 = CARTESIAN_POINT ( 'NONE',  ( 3.650937674305251100, -18.54996926381211300, 6.800523400681171900 ) ) ;
#3085 = CARTESIAN_POINT ( 'NONE',  ( 2.750318159938110400, -18.74770538615685900, 8.311252941528586300 ) ) ;
#3086 = CARTESIAN_POINT ( 'NONE',  ( 3.074734237098435900, -17.14248414100129400, 7.348012569860051400 ) ) ;
#3087 = CARTESIAN_POINT ( 'NONE',  ( 3.059842587572489100, -17.29135529280338100, 8.800373769055351400 ) ) ;
#3089 = CARTESIAN_POINT ( 'NONE',  ( 2.454571651622020400, -16.78026337160743600, 8.492083467296275500 ) ) ;
#3088 = CARTESIAN_POINT ( 'NONE',  ( 3.411048760670080800, -18.67863271788014900, 7.836831184430172600 ) ) ;
#3090 = CARTESIAN_POINT ( 'NONE',  ( 1.540003384137620600, -17.22699214632522300, 7.994181630132030300 ) ) ;
#3091 = CARTESIAN_POINT ( 'NONE',  ( 2.334542726578171300, -18.70288208974135800, 8.309906765397459000 ) ) ;
#3092 = CARTESIAN_POINT ( 'NONE',  ( 2.105266913467847400, -17.92270060314899300, 6.917308710532217300 ) ) ;
#3093 = CARTESIAN_POINT ( 'NONE',  ( 0.9599958343131307400, -16.98531054447463300, 9.865754731254138900 ) ) ;
#3094 = CARTESIAN_POINT ( 'NONE',  ( 2.404740338647911800, -17.24266540379307600, 7.399674842152044200 ) ) ;
#3095 = CARTESIAN_POINT ( 'NONE',  ( 2.205347166426888900, -17.64747559349452600, 6.799999999999625900 ) ) ;
#3096 = CARTESIAN_POINT ( 'NONE',  ( 2.902498924334547100, -17.50732833849084700, 9.139355037330259900 ) ) ;
#3097 = B_SPLINE_CURVE_WITH_KNOTS ( 'NONE', 3,
 ( #2688, #5448, #4911, #1602, #5469, #2157, #6030, #2711, #6589, #3265, #7144, #3821, #515, #4381, #1069, #4933, #1625, #5494 ),
 .UNSPECIFIED., .F., .F.,
 ( 4, 2, 2, 2, 2, 2, 2, 2, 4 ),
 ( 0.0000000000000000000, 0.1250000000000000000, 0.2500000000000000000, 0.3750000000000000000, 0.5000000000000000000, 0.6250000000000000000, 0.7500000000000000000, 0.8750000000000000000, 1.000000000000000000 ),
 .UNSPECIFIED. ) ;
#3098 = PLANE ( 'NONE',  #5788 ) ;
#3099 = CARTESIAN_POINT ( 'NONE',  ( 1.875425587402702200, -17.73634328280072500, 9.685998057141571100 ) ) ;
#3100 = CARTESIAN_POINT ( 'NONE',  ( 1.210374456221700500, -17.31729732953837700, 8.090626664299314500 ) ) ;
#3101 = CARTESIAN_POINT ( 'NONE',  ( 2.467838055475206200, -16.78731724365970700, 8.891865175030487100 ) ) ;
#3102 = CARTESIAN_POINT ( 'NONE',  ( 2.182111069001942300, -17.63512074134248300, 7.062983596176463800 ) ) ;
#3104 = CARTESIAN_POINT ( 'NONE',  ( 2.530598046199706600, -16.97288673107138700, 7.930611811355930700 ) ) ;
#3103 = CARTESIAN_POINT ( 'NONE',  ( 2.577475593490896200, -18.86465283357959400, 6.863995405907435700 ) ) ;
#3105 = CARTESIAN_POINT ( 'NONE',  ( 2.391228756148797700, -18.77405479340356500, 6.799999999999996300 ) ) ;
#3106 = CARTESIAN_POINT ( 'NONE',  ( 1.466062566319726000, -17.87616155150069400, 9.616250309043449500 ) ) ;
#3107 = CARTESIAN_POINT ( 'NONE',  ( 3.019324842217661100, -18.87785766298865700, 6.498664153555308700 ) ) ;
#3108 = CARTESIAN_POINT ( 'NONE',  ( 3.317661162853932800, -18.30561731919680600, 8.504219634744860200 ) ) ;
#3109 = CARTESIAN_POINT ( 'NONE',  ( 3.162511747968753500, -18.98536817053666700, 6.600000016776343500 ) ) ;
#3110 = CARTESIAN_POINT ( 'NONE',  ( 2.377259917455290900, -17.34880900969036700, 7.192647904171593600 ) ) ;
#3111 = CARTESIAN_POINT ( 'NONE',  ( 2.699077008713244700, -16.91026917606540900, 8.273120268983994700 ) ) ;
#3113 = CARTESIAN_POINT ( 'NONE',  ( 1.958021229335133600, -17.00514064006624100, 7.986011799326772300 ) ) ;
#3112 = CARTESIAN_POINT ( 'NONE',  ( 3.741281039439556800, -18.01243631435522400, 7.829121395474079900 ) ) ;
#3114 = CARTESIAN_POINT ( 'NONE',  ( 1.346215865633564100, -17.86425670558972800, 8.179356830721854300 ) ) ;
#3115 = CARTESIAN_POINT ( 'NONE',  ( 2.955133373623027600, -18.49785379742618500, 8.667066145375141400 ) ) ;
#3116 = CARTESIAN_POINT ( 'NONE',  ( 2.299303328311158800, -18.63915543100622700, 6.961724881139168100 ) ) ;
#3117 = CARTESIAN_POINT ( 'NONE',  ( 0.9732830291885998800, -18.68172206856999700, 6.612376248815998300 ) ) ;
#3118 = CARTESIAN_POINT ( 'NONE',  ( 2.025708735927799400, -17.81625025029581600, 7.326537489827765100 ) ) ;
#3119 = CARTESIAN_POINT ( 'NONE',  ( -0.3759466716277590800, -16.77714506302086800, 10.00036472097722800 ) ) ;
#3120 = CARTESIAN_POINT ( 'NONE',  ( 2.773437293213279800, -16.94980724067453400, 8.664219307536949800 ) ) ;
#3121 = CARTESIAN_POINT ( 'NONE',  ( 3.793226705440420100, -18.49176612249600300, 6.500000008756943600 ) ) ;
#3122 = EDGE_LOOP ( 'NONE', ( #1581, #2850, #5924, #6964 ) ) ;
#3123 = CARTESIAN_POINT ( 'NONE',  ( 2.182609036691327600, -17.06908552917952400, 9.570517038908722200 ) ) ;
#3124 = ADVANCED_FACE ( 'NONE', ( #1584, #3049 ), #117, .F. ) ;
#3125 = CARTESIAN_POINT ( 'NONE',  ( 1.003228198588564700, -17.89288967060168600, 8.513559289024446000 ) ) ;
#3126 = CARTESIAN_POINT ( 'NONE',  ( 2.085621712393273400, -16.77335286494842500, 8.253828853332537500 ) ) ;
#3127 = CARTESIAN_POINT ( 'NONE',  ( 2.118351602773974400, -18.32198239850172800, 7.071516967295711900 ) ) ;
#3129 = CARTESIAN_POINT ( 'NONE',  ( 1.974479278694025300, -17.39129484409415500, 7.668450616197315400 ) ) ;
#3128 = CARTESIAN_POINT ( 'NONE',  ( 3.319465534172290500, -18.91345216538034900, 6.883719026517587400 ) ) ;
#3130 = CARTESIAN_POINT ( 'NONE',  ( 2.220798831160204900, -16.78779418771285800, 6.500000010287937600 ) ) ;
#3131 = CARTESIAN_POINT ( 'NONE',  ( 1.844417125979678700, -17.25670757651168700, 9.777666066983666600 ) ) ;
#3132 = CARTESIAN_POINT ( 'NONE',  ( 2.561698709879113100, -18.74963418707973500, 6.599126761249532800 ) ) ;
#3133 = CARTESIAN_POINT ( 'NONE',  ( 3.449545515599671500, -17.58826442390047600, 8.359303848631794800 ) ) ;
#3134 = CARTESIAN_POINT ( 'NONE',  ( 2.145066802543478300, -18.43867715765337000, 6.700000012069606800 ) ) ;
#3135 = CARTESIAN_POINT ( 'NONE',  ( 2.062970874459769500, -17.96184699116679800, 7.154196042670784900 ) ) ;
#3136 = VECTOR ( 'NONE', #6700, 100.0000000000000100 ) ;
#3137 = CARTESIAN_POINT ( 'NONE',  ( 2.129399440938491300, -17.09626405155759000, 7.832536547168146500 ) ) ;
#3139 = CARTESIAN_POINT ( 'NONE',  ( 1.620909220388446500, -17.60101452994984300, 7.888476962427469100 ) ) ;
#3138 = CARTESIAN_POINT ( 'NONE',  ( 3.485478416093788800, -17.34142145432821300, 7.632256190434319800 ) ) ;
#3140 = CARTESIAN_POINT ( 'NONE',  ( 1.455920398386456800, -18.26831135820824100, 8.793877131482839000 ) ) ;
#3141 = CARTESIAN_POINT ( 'NONE',  ( 3.319687650304098600, -17.84990672390433600, 8.681053500032973600 ) ) ;
#3142 = CARTESIAN_POINT ( 'NONE',  ( 2.963640715682523300, -18.96685958801022300, 7.026503489332455400 ) ) ;
#3143 = PRODUCT_RELATED_PRODUCT_CATEGORY ( 'part', '', ( #4705 ) ) ;
#3144 = CARTESIAN_POINT ( 'NONE',  ( 0.9224277099300000100, -18.89935866723000400, 6.736751149921000900 ) ) ;
#3145 = CARTESIAN_POINT ( 'NONE',  ( 2.138618635120039400, -18.52818756644389400, 7.513719913032542100 ) ) ;
#3146 = VERTEX_POINT ( 'NONE', #4853 ) ;
#3147 = CARTESIAN_POINT ( 'NONE',  ( 2.298010634338857100, -16.88628205792795000, 8.095616873681727600 ) ) ;
#3148 = CARTESIAN_POINT ( 'NONE',  ( 2.177261401116339400, -16.61979966303160000, 8.978027325808115600 ) ) ;
#3149 = CARTESIAN_POINT ( 'NONE',  ( 1.101323513442452800, -18.02770856216203300, 9.239587977488691100 ) ) ;
#3150 = CARTESIAN_POINT ( 'NONE',  ( 1.630169601065818700, -17.27493437428342600, 7.944740758483463900 ) ) ;
#3151 = CARTESIAN_POINT ( 'NONE',  ( 2.599184645086100700, -18.87619574106463500, 7.192254712854802000 ) ) ;
#3153 = CARTESIAN_POINT ( 'NONE',  ( 1.803796005593453000, -18.05573760655393700, 7.754155944229547800 ) ) ;
#3152 = CARTESIAN_POINT ( 'NONE',  ( 3.844838063246497100, -18.38578225043619000, 6.890006586500094300 ) ) ;
#3154 = CARTESIAN_POINT ( 'NONE',  ( 3.704362852406585500, -17.67650532722792500, 6.800425126206828700 ) ) ;
#3155 = CARTESIAN_POINT ( 'NONE',  ( 2.030019667748189400, -16.66966023853007400, 9.360703758957702900 ) ) ;
#3156 = CARTESIAN_POINT ( 'NONE',  ( 2.217378328513198900, -18.27744917358927500, 6.698764462069592100 ) ) ;
#3157 = LINE ( 'NONE', #776, #4635 ) ;
#3158 = CARTESIAN_POINT ( 'NONE',  ( 3.060167931060224800, -17.08267881081285500, 7.977063346321609800 ) ) ;
#3159 = CARTESIAN_POINT ( 'NONE',  ( 2.205347166427000300, -17.64747559349170200, 6.800000000000000700 ) ) ;
#3160 = CARTESIAN_POINT ( 'NONE',  ( 2.285542091723443000, -18.65736874938830800, 7.294345905113807800 ) ) ;
#3161 = CARTESIAN_POINT ( 'NONE',  ( 1.777573367842510500, -17.68431433475491200, 7.739592895682549500 ) ) ;
#3162 = B_SPLINE_CURVE_WITH_KNOTS ( 'NONE', 3,
 ( #4009, #151, #4571, #1253, #5130, #1812, #5683, #2365, #6233, #2915, #6799, #3475, #174, #4033, #729, #4595, #1278, #5157, #1839, #5706, #2390, #6257, #2939, #2255, #7008, #3690, #384, #4241, #934, #4803, #1488, #5360, #2047, #5916, #2599, #6475, #3154, #7033, #3716, #408, #4269, #959, #4827, #1514, #5384, #2070 ),
 .UNSPECIFIED., .F., .F.,
 ( 4, 2, 2, 2, 2, 2, 1, 1, 1, 2, 2, 2, 2, 2, 2, 2, 1, 2, 2, 2, 2, 2, 2, 2, 4 ),
 ( 0.0000000000000000000, 0.06250000000001752800, 0.1250000000000350600, 0.1875000000000525700, 0.2187500000000612000, 0.2343750000000656700, 0.2421875000000678900, 0.2460937500000690300, 0.2480468750000695600, 0.2490234375000695000, 0.2500000000000694400, 0.3125000000000551200, 0.3750000000000407500, 0.4375000000000268100, 0.4687500000000204800, 0.4843750000000168200, 0.4921875000000164900, 0.4960937500000167600, 0.5000000000000171000, 0.6250000000000128800, 0.7500000000000085500, 0.8125000000000064400, 0.8750000000000043300, 0.9375000000000022200, 1.000000000000000000 ),
 .UNSPECIFIED. ) ;
#3164 = CARTESIAN_POINT ( 'NONE',  ( 1.589914163724605900, -18.23643622380581100, 8.275427102474756300 ) ) ;
#3163 = CARTESIAN_POINT ( 'NONE',  ( 2.819309413919337100, -17.12639728831728200, 7.381429725662817600 ) ) ;
#3165 = CARTESIAN_POINT ( 'NONE',  ( 1.852242882968148800, -18.13331604338069500, 9.408397432242855600 ) ) ;
#3166 = CARTESIAN_POINT ( 'NONE',  ( 3.183742759157831300, -17.20044500031014000, 8.345051991847373800 ) ) ;
#3167 = CARTESIAN_POINT ( 'NONE',  ( 4.802872803383960100, -16.71868276973719600, 6.499999960440863600 ) ) ;
#3168 = CARTESIAN_POINT ( 'NONE',  ( 3.649365039012072200, -18.67956362042556200, 7.067674023052775000 ) ) ;
#3169 = CARTESIAN_POINT ( 'NONE',  ( 0.9542323944343001900, -19.12139622431000100, 6.861126051024999800 ) ) ;
#3170 = CARTESIAN_POINT ( 'NONE',  ( 2.730869606325910100, -18.86862329141291300, 7.808236786083097200 ) ) ;
#3171 = CARTESIAN_POINT ( 'NONE',  ( 4.520522686459000500, -16.65423292450000000, 6.899230593224002600 ) ) ;
#3172 = CARTESIAN_POINT ( 'NONE',  ( 1.797404042069005800, -17.36385450386396200, 7.820165089778435600 ) ) ;
#3173 = CARTESIAN_POINT ( 'NONE',  ( 1.860604205732900600, -16.69623550413691500, 8.308447146703768400 ) ) ;
#3174 = CARTESIAN_POINT ( 'NONE',  ( 1.450201734877188700, -17.91954697302636700, 8.118048982227762200 ) ) ;
#3175 = CARTESIAN_POINT ( 'NONE',  ( 3.334989259271956100, -18.86988750123463600, 7.306288082076468600 ) ) ;
#3177 = CARTESIAN_POINT ( 'NONE',  ( 2.083178603030816600, -18.60183046170687500, 8.176269425704681700 ) ) ;
#3176 = CARTESIAN_POINT ( 'NONE',  ( 3.792801664384774600, -17.64401229954167900, 6.878540200593441500 ) ) ;
#3178 = CARTESIAN_POINT ( 'NONE',  ( 2.290248209206304800, -17.69261828652439700, 6.500000021700954800 ) ) ;
#3179 = CARTESIAN_POINT ( 'NONE',  ( 1.612596113777284000, -17.09514601644563200, 9.733917731191613900 ) ) ;
#3180 = CARTESIAN_POINT ( 'NONE',  ( 1.894941261830945400, -16.51517708863926600, 8.644924034393181200 ) ) ;
#3181 = CARTESIAN_POINT ( 'NONE',  ( 2.238067607303583900, -17.79876577208309700, 6.798717642378032400 ) ) ;
#3182 = CARTESIAN_POINT ( 'NONE',  ( 2.410740397507465700, -17.13491455909544200, 7.616048055454433200 ) ) ;
#3183 = CARTESIAN_POINT ( 'NONE',  ( 5.007222042533561200, -17.50486401710479700, 6.849127380969428600 ) ) ;
#3184 = CARTESIAN_POINT ( 'NONE',  ( 2.951802484379835600, -18.92896499665510000, 7.486138504269603400 ) ) ;
#3185 = CARTESIAN_POINT ( 'NONE',  ( 1.802271923345100600, -18.34934884748325200, 8.073615217809758000 ) ) ;
#3186 = AXIS2_PLACEMENT_3D ( 'NONE', #6685, #3361, #63 ) ;
#3188 = CARTESIAN_POINT ( 'NONE',  ( 1.955741965010045800, -18.45648061378049600, 8.884262821781613100 ) ) ;
#3187 = CARTESIAN_POINT ( 'NONE',  ( 2.196245549558007800, -17.50921006193806700, 7.246610409033264600 ) ) ;
#3189 =( NAMED_UNIT ( * ) SI_UNIT ( $, .STERADIAN. ) SOLID_ANGLE_UNIT ( ) );
#3190 = CARTESIAN_POINT ( 'NONE',  ( 2.267422415151706200, -17.54705547268620300, 9.604296214137495000 ) ) ;
#3191 = CARTESIAN_POINT ( 'NONE',  ( 2.636028956215257700, -16.99188109288616700, 7.885239891770415200 ) ) ;
#3192 = CARTESIAN_POINT ( 'NONE',  ( 5.071734278617869400, -17.18471031460289600, 6.499999962270554700 ) ) ;
#3193 = CARTESIAN_POINT ( 'NONE',  ( 1.123456837908000100, -19.36512551152999600, 6.488001347711999300 ) ) ;
#3194 = CARTESIAN_POINT ( 'NONE',  ( 3.398426925476131500, -18.61028597818149400, 8.010175544024415100 ) ) ;
#3195 = CARTESIAN_POINT ( 'NONE',  ( 4.021835201512999400, -16.60829460244000100, 6.880997255274000000 ) ) ;
#3196 = CARTESIAN_POINT ( 'NONE',  ( 1.642080258731471600, -18.02157059389357500, 7.965882772239764300 ) ) ;
#3197 = CARTESIAN_POINT ( 'NONE',  ( 1.450096916646178300, -17.24590191242226900, 8.021600407022241100 ) ) ;
#3198 = CARTESIAN_POINT ( 'NONE',  ( 1.606233241346494800, -18.34823411451036200, 8.705255888327965200 ) ) ;
#3199 = CARTESIAN_POINT ( 'NONE',  ( 3.820462926104643700, -18.30738976584095200, 7.335306409829319900 ) ) ;
#3200 = CARTESIAN_POINT ( 'NONE',  ( 3.202971032213791000, -17.19120961380612700, 6.857207404134237000 ) ) ;
#3201 = CARTESIAN_POINT ( 'NONE',  ( 3.709872823432343500, -18.62282193784411500, 6.500000009354370600 ) ) ;
#3202 = CARTESIAN_POINT ( 'NONE',  ( 2.622015869437536400, -17.35138005293598000, 6.497524677077517000 ) ) ;
#3203 = CARTESIAN_POINT ( 'NONE',  ( 1.531944929126720200, -16.89934705766813700, 8.121877627086709200 ) ) ;
#3204 = CARTESIAN_POINT ( 'NONE',  ( -0.6456181838536949600, -16.75387314590288000, 8.588037946706924300 ) ) ;
#3205 = CARTESIAN_POINT ( 'NONE',  ( 1.983926313456915800, -17.66317015363397400, 7.485796043609739500 ) ) ;
#3206 = CARTESIAN_POINT ( 'NONE',  ( 2.437774128392095300, -17.36297731406962800, 6.500000014717962000 ) ) ;
#3207 = ORIENTED_EDGE ( 'NONE', *, *, #4740, .T. ) ;
#3208 = CARTESIAN_POINT ( 'NONE',  ( 3.604207959364400100, -18.59012118099154500, 7.597863217978333400 ) ) ;
#3209 = CARTESIAN_POINT ( 'NONE',  ( 2.255729258554680400, -18.61598668713780200, 8.599173163678292700 ) ) ;
#3211 = CARTESIAN_POINT ( 'NONE',  ( 2.468049728406560100, -18.11559564749292100, 9.301717780045796900 ) ) ;
#3210 = CARTESIAN_POINT ( 'NONE',  ( 2.044427630019691300, -18.18368371081868100, 7.267120281425988500 ) ) ;
#3212 = DIRECTION ( 'NONE',  ( 0.0000000000000000000, 0.0000000000000000000, 1.000000000000000000 ) ) ;
#3213 = CARTESIAN_POINT ( 'NONE',  ( 2.416340827017073000, -16.91213508999399900, 9.247042997068634300 ) ) ;
#3214 = ADVANCED_FACE ( 'NONE', ( #5827 ), #6462, .T. ) ;
#3215 = CARTESIAN_POINT ( 'NONE',  ( 2.052680284544934800, -17.36744306219269900, 7.617386098311894400 ) ) ;
#3216 = CARTESIAN_POINT ( 'NONE',  ( 1.728754893050600300, -17.36041231028499600, 6.899997398026101800 ) ) ;
#3217 = CARTESIAN_POINT ( 'NONE',  ( 1.312007920285000400, -19.48362218461999300, 6.612376248815998300 ) ) ;
#3218 = CARTESIAN_POINT ( 'NONE',  ( 3.687122814078921200, -17.92452026097826900, 7.981254862956147300 ) ) ;
#3219 = CARTESIAN_POINT ( 'NONE',  ( 3.522512697628000600, -16.58085822969330200, 6.852446001640701400 ) ) ;
#3220 = CARTESIAN_POINT ( 'NONE',  ( 1.883595989124660800, -18.49571050349642200, 8.485297774863887800 ) ) ;
#3221 = CARTESIAN_POINT ( 'NONE',  ( 1.268669235289783300, -17.87019826979035400, 8.253750806960880500 ) ) ;
#3222 = CARTESIAN_POINT ( 'NONE',  ( 2.048882699644600300, -18.23787128854829100, 9.292462794427198200 ) ) ;
#3223 = CARTESIAN_POINT ( 'NONE',  ( 3.729359954545616400, -17.57321549662926700, 7.260347502038627900 ) ) ;
#3224 = CARTESIAN_POINT ( 'NONE',  ( 2.472982041547094200, -17.33806977500862700, 6.840464014027487500 ) ) ;
#3225 = FACE_OUTER_BOUND ( 'NONE', #5545, .T. ) ;
#3226 = CARTESIAN_POINT ( 'NONE',  ( 3.518552988010772400, -18.21229339851993600, 8.269151270037603800 ) ) ;
#3227 = CARTESIAN_POINT ( 'NONE',  ( 3.292233036539992300, -18.91986676458376900, 6.500000021657630400 ) ) ;
#3228 = CARTESIAN_POINT ( 'NONE',  ( 3.615131846492675800, -17.54548148912695600, 6.599226451639547800 ) ) ;
#3229 = CARTESIAN_POINT ( 'NONE',  ( 1.242509727399440800, -17.52560006095989900, 8.111574481850912100 ) ) ;
#3230 = CARTESIAN_POINT ( 'NONE',  ( -0.1387747736528674200, -16.40108384898633500, 10.18672480281320100 ) ) ;
#3231 = CARTESIAN_POINT ( 'NONE',  ( 1.984271418859215700, -18.37745535626088900, 7.692818880690078100 ) ) ;
#3232 = ORIENTED_EDGE ( 'NONE', *, *, #4372, .T. ) ;
#3233 = CARTESIAN_POINT ( 'NONE',  ( 3.801852301759804500, -17.87458187908544700, 7.554611995991060700 ) ) ;
#3234 = CARTESIAN_POINT ( 'NONE',  ( 2.828121183026264300, -18.30704903598751400, 8.959527793672176400 ) ) ;
#3236 = CARTESIAN_POINT ( 'NONE',  ( 2.778979698933562700, -17.44165200135322600, 9.241931923030902500 ) ) ;
#3235 = CARTESIAN_POINT ( 'NONE',  ( 2.430264369836672600, -18.78637923751486500, 7.473771793113631800 ) ) ;
#3237 = CARTESIAN_POINT ( 'NONE',  ( 2.200379355536652000, -16.65812216320678000, 8.582386301685540200 ) ) ;
#3238 = CARTESIAN_POINT ( 'NONE',  ( 1.851339908772363400, -18.02554658200070000, 7.667238730945260100 ) ) ;
#3239 = DIRECTION ( 'NONE',  ( 1.000000000000000000, 0.0000000000000000000, -2.495548767724187500E-015 ) ) ;
#3240 = ORIENTED_EDGE ( 'NONE', *, *, #2210, .T. ) ;
#3241 = CARTESIAN_POINT ( 'NONE',  ( 1.506550595788000100, -19.52427578089000400, 6.736751149921000900 ) ) ;
#3242 = CARTESIAN_POINT ( 'NONE',  ( 3.398699804066011700, -17.28226521496199600, 7.741335576474341500 ) ) ;
#3243 = CARTESIAN_POINT ( 'NONE',  ( 0.9963638873569410400, -18.63704540863365000, 6.616375793123381800 ) ) ;
#3244 = CARTESIAN_POINT ( 'NONE',  ( 2.411729671346648300, -18.43080044565321500, 9.004712777487037900 ) ) ;
#3245 = CARTESIAN_POINT ( 'NONE',  ( 1.371666835078473800, -18.22351294394596300, 8.900202469943803200 ) ) ;
#3246 = CARTESIAN_POINT ( 'NONE',  ( 2.478830495315518700, -17.65946314283933200, 9.479654523459851500 ) ) ;
#3247 = CARTESIAN_POINT ( 'NONE',  ( 3.119274114375675000, -17.16616641383511400, 7.131669045164265700 ) ) ;
#3248 = CARTESIAN_POINT ( 'NONE',  ( 2.109789202318831600, -17.92510514678397700, 6.799999999999546900 ) ) ;
#3249 = CARTESIAN_POINT ( 'NONE',  ( 3.508083664774464900, -17.49262505378243300, 8.081988795924717200 ) ) ;
#3250 = CARTESIAN_POINT ( 'NONE',  ( 2.765469330920071300, -18.93937653678380400, 6.500000031907092100 ) ) ;
#3251 = CARTESIAN_POINT ( 'NONE',  ( 3.704202308834188900, -18.44842912117037400, 6.700039118140348500 ) ) ;
#3252 = CARTESIAN_POINT ( 'NONE',  ( 1.140437235963527300, -18.04850569733504200, 8.630544094915967100 ) ) ;
#3253 = CARTESIAN_POINT ( 'NONE',  ( 3.857339009696763900, -18.37462885605829000, 6.799999999999902100 ) ) ;
#3254 = CARTESIAN_POINT ( 'NONE',  ( 2.477932268227984300, -18.77912366143884500, 8.077977385045482400 ) ) ;
#3255 = CARTESIAN_POINT ( 'NONE',  ( 1.839613290620133200, -16.46629944386554800, 9.196386191946039900 ) ) ;
#3256 = CARTESIAN_POINT ( 'NONE',  ( 3.406573557015420800, -17.26686594931548400, 7.384647599424805100 ) ) ;
#3257 = EDGE_CURVE ( 'NONE', #4162, #5122, #6268, .T. ) ;
#3258 = CARTESIAN_POINT ( 'NONE',  ( 3.130446193924203000, -17.62853005165395400, 8.907919566348379400 ) ) ;
#3260 = CARTESIAN_POINT ( 'NONE',  ( 2.675005494204501800, -16.89747012476584200, 8.745962269925634300 ) ) ;
#3259 = CARTESIAN_POINT ( 'NONE',  ( 3.137017464208512200, -18.86361664473864900, 7.692572989706524900 ) ) ;
#3261 = CARTESIAN_POINT ( 'NONE',  ( 1.763827618566854900, -16.96100567980217400, 8.060719751323674100 ) ) ;
#3262 = CARTESIAN_POINT ( 'NONE',  ( 2.113023659288971500, -18.61112877813937100, 8.043910925939703900 ) ) ;
#3263 = CARTESIAN_POINT ( 'NONE',  ( 1.238990637735999800, -18.23248622942999800, 6.895433249022999300 ) ) ;
#3264 = CARTESIAN_POINT ( 'NONE',  ( 2.732562865541806800, -17.11733757780999500, 7.454220376189465600 ) ) ;
#3265 = CARTESIAN_POINT ( 'NONE',  ( 1.035302842004326700, -17.93140803128705600, 9.069705883365047700 ) ) ;
#3266 = CARTESIAN_POINT ( 'NONE',  ( 2.868928406192839300, -17.86688188132546500, 9.170293582849756900 ) ) ;
#3267 = CARTESIAN_POINT ( 'NONE',  ( 1.750616612169656700, -18.02746162149721000, 9.510757692985594100 ) ) ;
#3268 = CARTESIAN_POINT ( 'NONE',  ( 2.600816582281732600, -17.01022258898160200, 9.138280030168763400 ) ) ;
#3269 = CARTESIAN_POINT ( 'NONE',  ( 1.437294949732382100, -17.62916920081994500, 9.770123677328051300 ) ) ;
#3270 = CARTESIAN_POINT ( 'NONE',  ( 2.409172487397682500, -17.36577722411762500, 7.037638993382207000 ) ) ;
#3271 = CARTESIAN_POINT ( 'NONE',  ( 2.305537874949498800, -18.64247039825626800, 6.800000000000648200 ) ) ;
#3272 = CARTESIAN_POINT ( 'NONE',  ( 2.995587074123593900, -17.08094160731235100, 7.733779778903235400 ) ) ;
#3273 = CARTESIAN_POINT ( 'NONE',  ( 2.308461295059089500, -18.64756180482810800, 6.500000036219254300 ) ) ;
#3274 = CARTESIAN_POINT ( 'NONE',  ( 2.429534135807121000, -17.49496031936552900, 6.698328947983829300 ) ) ;
#3275 = CARTESIAN_POINT ( 'NONE',  ( 1.362428475542571300, -18.08387984571266200, 9.340744798919894600 ) ) ;
#3276 = CARTESIAN_POINT ( 'NONE',  ( 3.246106647699619000, -17.17165483279506000, 6.499999996595833300 ) ) ;
#3277 = CARTESIAN_POINT ( 'NONE',  ( 3.132440850449157200, -18.59212985515955200, 8.380275262588957800 ) ) ;
#3278 = CARTESIAN_POINT ( 'NONE',  ( 2.689823332888809000, -17.18431297391146000, 7.204690467521217600 ) ) ;
#3279 = CARTESIAN_POINT ( 'NONE',  ( 2.955087232743018000, -17.04639222678387300, 8.479789639287030700 ) ) ;
#3280 = AXIS2_PLACEMENT_3D ( 'NONE', #5539, #4983, #4957 ) ;
#3282 = CARTESIAN_POINT ( 'NONE',  ( 2.229601354815204900, -16.84990819879183700, 8.152427550916630800 ) ) ;
#3281 = CARTESIAN_POINT ( 'NONE',  ( 3.684469079073247100, -18.36722478220102400, 7.775525338331362900 ) ) ;
#3283 = CARTESIAN_POINT ( 'NONE',  ( 1.454949182935183500, -17.57692053224502300, 8.003313330657913800 ) ) ;
#3284 = CARTESIAN_POINT ( 'NONE',  ( 2.719369566490853700, -18.68872315735471500, 8.469592976127387400 ) ) ;
#3285 = CARTESIAN_POINT ( 'NONE',  ( 0.9829137455664999100, -18.66256223268999600, 6.871117638200999500 ) ) ;
#3286 = CARTESIAN_POINT ( 'NONE',  ( 0.09208860369216247100, -15.90155336565031200, 10.01275770349750600 ) ) ;
#3287 = CARTESIAN_POINT ( 'NONE',  ( 2.139569249209764700, -17.54578697168859900, 7.315131287935406200 ) ) ;
#3288 = CARTESIAN_POINT ( 'NONE',  ( 0.9927779574664711300, -18.63513598289512200, 6.849127380969428600 ) ) ;
#3289 = CARTESIAN_POINT ( 'NONE',  ( 2.941217983592873300, -17.19121722461058600, 8.868330115651721400 ) ) ;
#3290 = CARTESIAN_POINT ( 'NONE',  ( 2.334748493950191200, -16.72956750142585500, 8.503165126346431200 ) ) ;
#3291 = CARTESIAN_POINT ( 'NONE',  ( 1.782203894828813000, -16.97077651920645600, 9.748038088982271500 ) ) ;
#3292 = CARTESIAN_POINT ( 'NONE',  ( 2.091889804295400600, -17.97722345891428800, 6.998435474547585900 ) ) ;
#3293 = CARTESIAN_POINT ( 'NONE',  ( 2.972372498683647300, -18.97150235938756800, 6.800000000000959100 ) ) ;
#3294 = EDGE_LOOP ( 'NONE', ( #4366, #5046, #2858, #6145 ) ) ;
#3295 = CARTESIAN_POINT ( 'NONE',  ( 2.326294955910962700, -17.26007486807159100, 7.460482303716428700 ) ) ;
#3296 = CARTESIAN_POINT ( 'NONE',  ( 2.098084211168894400, -18.12856576710351300, 6.500000032497983900 ) ) ;
#3297 = CARTESIAN_POINT ( 'NONE',  ( 3.433101346666794100, -17.38678892482431900, 6.800135850956159800 ) ) ;
#3299 = CARTESIAN_POINT ( 'NONE',  ( 1.756034371418947000, -17.60742985292628000, 9.754457166760470700 ) ) ;
#3298 = CARTESIAN_POINT ( 'NONE',  ( 2.677218784998487000, -18.61913735033472900, 8.623200271217063700 ) ) ;
#3300 = CARTESIAN_POINT ( 'NONE',  ( 2.265992486684546200, -17.52794862638906200, 6.600000013613914100 ) ) ;
#3301 = CARTESIAN_POINT ( 'NONE',  ( 3.498323447804996300, -17.94488906226876100, 8.392114088229517300 ) ) ;
#3302 = CARTESIAN_POINT ( 'NONE',  ( 2.174877472555396500, -17.63127456988694400, 7.099937822302071500 ) ) ;
#3303 = CARTESIAN_POINT ( 'NONE',  ( 2.424255827598365000, -16.95340781788640100, 7.967439792140854000 ) ) ;
#3305 = CARTESIAN_POINT ( 'NONE',  ( 1.743538767384388300, -17.33521382927494200, 7.864897657576045200 ) ) ;
#3304 = CARTESIAN_POINT ( 'NONE',  ( 3.698451799220940000, -17.63090983378590000, 7.665067804072506000 ) ) ;
#3306 = CARTESIAN_POINT ( 'NONE',  ( 1.402758159626722500, -18.16245390890195600, 8.458919482530657100 ) ) ;
#3307 = CARTESIAN_POINT ( 'NONE',  ( 3.253978890107756000, -18.20504297131783700, 8.651954270633433800 ) ) ;
#3308 = CARTESIAN_POINT ( 'NONE',  ( 0.9790361539729999200, -18.66049750371999500, 6.861126031966000100 ) ) ;
#3309 = CARTESIAN_POINT ( 'NONE',  ( -0.4147548065085666100, -16.25434266256673500, 8.414070847391194300 ) ) ;
#3310 = CARTESIAN_POINT ( 'NONE',  ( 2.027692869673349800, -18.22660445610072300, 7.362140066455075300 ) ) ;
#3311 = CARTESIAN_POINT ( 'NONE',  ( 2.912061047080163800, -16.56605639360734700, 6.499999999868011400 ) ) ;
#3312 = CARTESIAN_POINT ( 'NONE',  ( 2.582691335779562400, -16.86140104894026200, 8.306538001137354900 ) ) ;
#3313 = CARTESIAN_POINT ( 'NONE',  ( 1.858869768860598200, -17.01154048751900700, 8.004684928581459900 ) ) ;
#3314 = CARTESIAN_POINT ( 'NONE',  ( 1.901161844391495700, -16.49902539041103100, 9.184094782193939800 ) ) ;
#3315 = CARTESIAN_POINT ( 'NONE',  ( 2.325903792087697900, -18.67882944615033500, 7.076953303973756000 ) ) ;
#3316 = VERTEX_POINT ( 'NONE', #1661 ) ;
#3317 = CARTESIAN_POINT ( 'NONE',  ( 3.659683959445618300, -18.68505028774514500, 6.800000000000262700 ) ) ;
#3318 = CARTESIAN_POINT ( 'NONE',  ( 1.983833924651584600, -17.85813353767945700, 7.404314311923114300 ) ) ;
#3319 = CARTESIAN_POINT ( 'NONE',  ( 2.915120416099999700, -19.56738678648000000, 6.488001347711999300 ) ) ;
#3320 = CARTESIAN_POINT ( 'NONE',  ( 2.053866019507584600, -16.94516108639040700, 9.594299535866552400 ) ) ;
#3321 = CARTESIAN_POINT ( 'NONE',  ( 2.291925581923747400, -17.69351015360738400, 6.647960082065890400 ) ) ;
#3322 = EDGE_CURVE ( 'NONE', #4247, #2115, #380, .T. ) ;
#3323 = CARTESIAN_POINT ( 'NONE',  ( 3.330469896232549900, -17.27846120297413200, 8.107724125456194000 ) ) ;
#3324 = CARTESIAN_POINT ( 'NONE',  ( 2.118923483392131300, -18.36946031176825400, 7.170366897097673100 ) ) ;
#3325 = CARTESIAN_POINT ( 'NONE',  ( 1.896809152894430400, -17.41670913884554700, 7.719238815542721200 ) ) ;
#3327 = CARTESIAN_POINT ( 'NONE',  ( 1.581094405212958300, -17.98914384037965100, 8.021316732278103600 ) ) ;
#3326 = CARTESIAN_POINT ( 'NONE',  ( 3.169363206319255600, -17.16032478291504800, 7.437055402313823100 ) ) ;
#3328 = CARTESIAN_POINT ( 'NONE',  ( 1.707986003675740200, -18.29921613472011900, 9.123396676305890900 ) ) ;
#3329 = CARTESIAN_POINT ( 'NONE',  ( 3.356018197538489300, -17.49136122782074000, 8.469592976125225500 ) ) ;
#3330 = CARTESIAN_POINT ( 'NONE',  ( 3.645033414660803200, -18.54315225831647100, 6.499999996084686600 ) ) ;
#3331 = CARTESIAN_POINT ( 'NONE',  ( 3.595147269628994600, -19.44732597767106700, 6.500000023754746600 ) ) ;
#3332 = CARTESIAN_POINT ( 'NONE',  ( 2.441003723978697200, -18.79208945340189600, 7.612580326012574600 ) ) ;
#3333 = PLANE ( 'NONE',  #4025 ) ;
#3334 = CARTESIAN_POINT ( 'NONE',  ( 2.034245015852809600, -17.10478916042527700, 7.865606379692997600 ) ) ;
#3335 = CARTESIAN_POINT ( 'NONE',  ( 1.545518475867543100, -17.62507707951632700, 7.946064897435829400 ) ) ;
#3336 = CARTESIAN_POINT ( 'NONE',  ( 1.712476253365384100, -16.53788365757122100, 8.465573162565311400 ) ) ;
#3337 = CARTESIAN_POINT ( 'NONE',  ( 3.007823413108544000, -18.95875185283123100, 7.184403559886508400 ) ) ;
#3338 = CARTESIAN_POINT ( 'NONE',  ( 3.895471666425286200, -17.97983074455746100, 6.799999999999037000 ) ) ;
#3339 = CARTESIAN_POINT ( 'NONE',  ( 2.131892608395898700, -18.55014157226454700, 7.633123642928481400 ) ) ;
#3340 = CARTESIAN_POINT ( 'NONE',  ( 3.231694894348000200, -19.55900659363999900, 6.736751137261000700 ) ) ;
#3341 = CARTESIAN_POINT ( 'NONE',  ( 1.373665437058809700, -16.96810432212366500, 8.199236382064006200 ) ) ;
#3342 = CARTESIAN_POINT ( 'NONE',  ( 2.052293490998175600, -16.54678246509783400, 8.964927836291423100 ) ) ;
#3343 = CARTESIAN_POINT ( 'NONE',  ( 5.045569491044958900, -17.01867334468383000, 6.849127384410598700 ) ) ;
#3344 = CARTESIAN_POINT ( 'NONE',  ( 2.739089657860946500, -17.04667943998530800, 7.718541509194504400 ) ) ;
#3345 = CARTESIAN_POINT ( 'NONE',  ( 2.629892435433579300, -18.88595278134894400, 7.334767972624519800 ) ) ;
#3346 = CARTESIAN_POINT ( 'NONE',  ( 1.756153170002096900, -18.08222423671366400, 7.844877607886171900 ) ) ;
#3348 = CARTESIAN_POINT ( 'NONE',  ( 1.795440193636379100, -18.44883723557939000, 8.565428240575281300 ) ) ;
#3347 = CARTESIAN_POINT ( 'NONE',  ( 2.459031512997309900, -17.27153253325100100, 7.246523613386597300 ) ) ;
#3349 = CARTESIAN_POINT ( 'NONE',  ( 2.952625213394642200, -17.03206791499197300, 8.043910925936852900 ) ) ;
#3350 = CARTESIAN_POINT ( 'NONE',  ( 2.966603107913497400, -18.86902162839979300, 6.500000008912450300 ) ) ;
#3351 = CARTESIAN_POINT ( 'NONE',  ( 2.315159507651086900, -17.64569132184384200, 6.500000021229928000 ) ) ;
#3352 = CARTESIAN_POINT ( 'NONE',  ( 3.140932530112842800, -18.81852448325701100, 7.863020585569099600 ) ) ;
#3353 = CARTESIAN_POINT ( 'NONE',  ( 4.491318326350101300, -16.66422559683591900, 6.899999997794808800 ) ) ;
#3354 = CARTESIAN_POINT ( 'NONE',  ( 1.711753515861431000, -17.71346581815423700, 7.805903370046636700 ) ) ;
#3355 = CARTESIAN_POINT ( 'NONE',  ( 1.527619374687187800, -18.22884379459867400, 8.379995283158187600 ) ) ;
#3356 = CARTESIAN_POINT ( 'NONE',  ( 1.346059897280502200, -17.05715833195590000, 8.079367528998856700 ) ) ;
#3357 = CARTESIAN_POINT ( 'NONE',  ( 3.669350839688910500, -18.62475826486642600, 7.246996429124154200 ) ) ;
#3358 = CARTESIAN_POINT ( 'NONE',  ( 3.523819303675753000, -17.33577720010695700, 6.799999999998113300 ) ) ;
#3359 = CARTESIAN_POINT ( 'NONE',  ( 2.729173935151544100, -18.84219138938850300, 7.966829808990540100 ) ) ;
#3360 = CARTESIAN_POINT ( 'NONE',  ( 3.684595738516000600, -19.41488352431000300, 6.861126032036001000 ) ) ;
#3361 = DIRECTION ( 'NONE',  ( 0.0000000000000000000, 0.0000000000000000000, 1.000000000000000000 ) ) ;
#3362 = CARTESIAN_POINT ( 'NONE',  ( 1.752396695695634900, -16.68587438942157800, 8.298553417616386000 ) ) ;
#3363 = CARTESIAN_POINT ( 'NONE',  ( 2.948547702974516800, -19.56911716479423900, 6.500000019645869800 ) ) ;
#3364 = CARTESIAN_POINT ( 'NONE',  ( 2.130304029715231800, -17.40871633962098700, 7.491831424583217800 ) ) ;
#3365 = CARTESIAN_POINT ( 'NONE',  ( 3.356884247686155100, -18.82605870678860800, 7.480241134930263800 ) ) ;
#3367 = CARTESIAN_POINT ( 'NONE',  ( 2.048489774429697300, -18.58338608436607200, 8.310383333131216700 ) ) ;
#3366 = CARTESIAN_POINT ( 'NONE',  ( 3.756013667346294500, -17.58738752711464700, 7.031052977354184100 ) ) ;
#3369 = CARTESIAN_POINT ( 'NONE',  ( 2.296403933888598600, -18.36948066333306800, 9.109539748871489100 ) ) ;
#3368 = CARTESIAN_POINT ( 'NONE',  ( 2.072399096999957300, -17.84107595564590600, 7.181250596483643300 ) ) ;
#3370 = CARTESIAN_POINT ( 'NONE',  ( 2.802370316425312900, -17.18964289072161100, 6.500000005252839900 ) ) ;
#3371 = ORIENTED_EDGE ( 'NONE', *, *, #6221, .T. ) ;
#3372 = CARTESIAN_POINT ( 'NONE',  ( 2.320823874733036500, -17.14257566216553400, 7.667238730943666700 ) ) ;
#3373 = CARTESIAN_POINT ( 'NONE',  ( 2.316797821091222300, -18.49003358310055500, 6.500000021198962600 ) ) ;
#3374 = CARTESIAN_POINT ( 'NONE',  ( 2.716061880072723900, -17.31895511667356400, 6.500000013649678700 ) ) ;
#3375 = CARTESIAN_POINT ( 'NONE',  ( 3.652896673796425000, -18.28372520333715200, 7.942856746756072000 ) ) ;
#3376 = CARTESIAN_POINT ( 'NONE',  ( 1.756795383544443200, -18.35069884001934800, 8.186764906195705300 ) ) ;
#3377 = B_SPLINE_CURVE_WITH_KNOTS ( 'NONE', 3,
 ( #352, #396, #5372, #2059, #5932, #2613, #6487, #3167, #7046, #3727, #419, #4283, #972, #4840, #1526, #5398, #2083, #5956, #2638, #6514, #3192, #7070, #3752, #442, #4308, #996, #4864, #1551 ),
 .UNSPECIFIED., .F., .F.,
 ( 4, 2, 2, 2, 2, 2, 2, 2, 2, 2, 2, 2, 2, 4 ),
 ( 0.0000000000000000000, 0.001514866248550689100, 0.002272299372826054900, 0.003029732497101421000, 0.003787165621376787200, 0.004544598745652152400, 0.005302031869927519400, 0.006059464994202885500, 0.007574331242753687900, 0.008331764367029051400, 0.009089197491304412300, 0.009846630615579775000, 0.01060406373985513800, 0.01211892998840586500 ),
 .UNSPECIFIED. ) ;
#3378 = CARTESIAN_POINT ( 'NONE',  ( 1.882860152256144300, -18.39219836887459200, 9.012859531837392500 ) ) ;
#3379 = CARTESIAN_POINT ( 'NONE',  ( 2.145280626581782500, -17.41667953742522800, 9.666127052804339900 ) ) ;
#3380 = CARTESIAN_POINT ( 'NONE',  ( 1.102174766898889500, -17.68267897648395200, 8.244999013151831600 ) ) ;
#3381 = CARTESIAN_POINT ( 'NONE',  ( 3.863463863539683600, -17.90734132758390700, 7.222765281042177900 ) ) ;
#3382 = CARTESIAN_POINT ( 'NONE',  ( 2.793196465673570400, -17.19210360464617100, 6.799999999998125800 ) ) ;
#3383 = CARTESIAN_POINT ( 'NONE',  ( 3.372280272670810800, -18.53223503678971800, 8.178919283370461800 ) ) ;
#3384 = CARTESIAN_POINT ( 'NONE',  ( 4.170282083636000600, -19.01242859901000100, 6.488001347711999300 ) ) ;
#3385 = CARTESIAN_POINT ( 'NONE',  ( 2.948338665761737400, -19.57520768538792300, 6.849127380276417700 ) ) ;
#3386 = CARTESIAN_POINT ( 'NONE',  ( 1.418721448622111800, -17.22921928015100000, 8.034534058508793200 ) ) ;
#3387 = CARTESIAN_POINT ( 'NONE',  ( 4.281394564280000200, -18.78499204383999900, 6.899230593224002600 ) ) ;
#3388 = CARTESIAN_POINT ( 'NONE',  ( 1.932805722208596600, -18.06886272336311400, 7.525838674464699500 ) ) ;
#3389 = FACE_OUTER_BOUND ( 'NONE', #1735, .T. ) ;
#3390 = CARTESIAN_POINT ( 'NONE',  ( 3.806806555146456700, -18.23469655032185300, 7.508595026207014000 ) ) ;
#3392 = CARTESIAN_POINT ( 'NONE',  ( 2.627444330686096400, -18.54549796457242300, 8.775889058375288000 ) ) ;
#3391 = CARTESIAN_POINT ( 'NONE',  ( 3.138477458448487600, -17.17637701299839700, 6.966467983516476000 ) ) ;
#3394 = CARTESIAN_POINT ( 'NONE',  ( 2.744941346188618100, -17.80095679211683200, 9.282993386706049700 ) ) ;
#3393 = CARTESIAN_POINT ( 'NONE',  ( 2.201907272847843300, -18.56183873204123500, 7.316783985609670400 ) ) ;
#3395 = CARTESIAN_POINT ( 'NONE',  ( 3.339375664679353300, -17.23622854721343600, 6.499999995790224400 ) ) ;
#3396 = CARTESIAN_POINT ( 'NONE',  ( 1.927841354846595100, -17.69878124644432700, 7.555568366609369600 ) ) ;
#3397 = CARTESIAN_POINT ( 'NONE',  ( 2.265496738572535800, -17.73909743071993700, 6.500000022168961800 ) ) ;
#3398 = ORIENTED_EDGE ( 'NONE', *, *, #5188, .T. ) ;
#3399 = CARTESIAN_POINT ( 'NONE',  ( 3.331254542544037600, -17.34000255218565600, 6.500000002017620700 ) ) ;
#3400 = CARTESIAN_POINT ( 'NONE',  ( 3.625312641458528600, -17.55495680635008400, 7.797262551902063500 ) ) ;
#3401 = CARTESIAN_POINT ( 'NONE',  ( 3.793228353883247600, -18.49176699722021800, 6.900000000000000400 ) ) ;
#3402 = CARTESIAN_POINT ( 'NONE',  ( 2.203832196333723300, -18.56286223201133400, 8.742231077398427500 ) ) ;
#3403 = CARTESIAN_POINT ( 'NONE',  ( 2.372135790565908800, -18.00044878262642800, 9.415081185217101000 ) ) ;
#3404 = VERTEX_POINT ( 'NONE', #6126 ) ;
#3405 = CARTESIAN_POINT ( 'NONE',  ( 2.288753279776678500, -16.80723134033407700, 9.264783542770096900 ) ) ;
#3406 = CARTESIAN_POINT ( 'NONE',  ( 1.071163884598722100, -18.06373269093329600, 8.884258840497718500 ) ) ;
#3407 = CARTESIAN_POINT ( 'NONE',  ( 3.454308090633826400, -17.29224685105689800, 7.127544099476552700 ) ) ;
#3408 = CARTESIAN_POINT ( 'NONE',  ( 2.205347166426722300, -17.64747559349876100, 6.799999999999063700 ) ) ;
#3409 = CARTESIAN_POINT ( 'NONE',  ( 3.619568219683610100, -17.83313027969414200, 8.123742876542216600 ) ) ;
#3410 = CARTESIAN_POINT ( 'NONE',  ( 4.341153324087000200, -18.74616285961999700, 6.612376242486998700 ) ) ;
#3411 = FACE_OUTER_BOUND ( 'NONE', #2520, .T. ) ;
#3412 = CARTESIAN_POINT ( 'NONE',  ( 3.261577589972442800, -18.92984643840875900, 6.900000000000000400 ) ) ;
#3413 = CARTESIAN_POINT ( 'NONE',  ( 1.185212762432288600, -17.87299751498680000, 8.324417777993550900 ) ) ;
#3414 = CARTESIAN_POINT ( 'NONE',  ( 4.541805930504999400, -18.35722404897000000, 6.880997255274000000 ) ) ;
#3415 = CARTESIAN_POINT ( 'NONE',  ( 1.955601911545753200, -18.13645423852796800, 9.406585347259014200 ) ) ;
#3416 = CARTESIAN_POINT ( 'NONE',  ( 2.229872932514310500, -18.67325863879663600, 7.841095866016338800 ) ) ;
#3417 = CARTESIAN_POINT ( 'NONE',  ( 3.671018117340858000, -17.51059449941024200, 7.399607104672314000 ) ) ;
#3419 = CARTESIAN_POINT ( 'NONE',  ( 3.100843909191803000, -17.99019354161936600, 8.924284488806742700 ) ) ;
#3418 = CARTESIAN_POINT ( 'NONE',  ( 2.422931574721539400, -17.37309306061901300, 6.919273367864725800 ) ) ;
#3421 = CARTESIAN_POINT ( 'NONE',  ( 2.833026250714923300, -17.13369065981122200, 8.966672531979702000 ) ) ;
#3420 = CARTESIAN_POINT ( 'NONE',  ( 2.820274331531244600, -18.91616062704034800, 7.530035151375380500 ) ) ;
#3422 = CARTESIAN_POINT ( 'NONE',  ( 3.759385758014550200, -17.58645686210337900, 6.499999993044160500 ) ) ;
#3423 = CARTESIAN_POINT ( 'NONE',  ( 1.955805812791753000, -18.39938417246601400, 7.803164763994825400 ) ) ;
#3424 = CARTESIAN_POINT ( 'NONE',  ( 4.493033139019668300, -16.61426271157999700, 6.849127380715888300 ) ) ;
#3425 = CARTESIAN_POINT ( 'NONE',  ( 3.797589368865223600, -18.02258723333430300, 6.499999993200162000 ) ) ;
#3426 = CARTESIAN_POINT ( 'NONE',  ( 3.080974753233729500, -17.12634304164340900, 7.526389815717236900 ) ) ;
#3427 = CARTESIAN_POINT ( 'NONE',  ( 3.892933770295816700, -18.16957756803435900, 6.900000000000000400 ) ) ;
#3428 = CARTESIAN_POINT ( 'NONE',  ( 2.751449498179008700, -18.20213345852402000, 9.095261798036965200 ) ) ;
#3429 = CARTESIAN_POINT ( 'NONE',  ( 2.659443758689401100, -17.32262304821085400, 9.310440699654931200 ) ) ;
#3430 = CARTESIAN_POINT ( 'NONE',  ( 2.081352461356519500, -16.61429368159478400, 8.575815879414399500 ) ) ;
#3431 = CARTESIAN_POINT ( 'NONE',  ( 1.336561589059758900, -17.90629727462530200, 9.561102740719954700 ) ) ;
#3432 = CARTESIAN_POINT ( 'NONE',  ( 2.722864964712781600, -17.20188152119012800, 7.026724568579885100 ) ) ;
#3433 = CARTESIAN_POINT ( 'NONE',  ( 0.04036926011212763100, -15.99416867225247400, 10.00036472097715300 ) ) ;
#3434 = CARTESIAN_POINT ( 'NONE',  ( 3.306919267383240600, -17.22044940508025900, 7.840653465385940100 ) ) ;
#3435 = CARTESIAN_POINT ( 'NONE',  ( 3.723625615640626700, -18.61885360215072500, 6.500000009035460400 ) ) ;
#3436 = CARTESIAN_POINT ( 'NONE',  ( 5.006164472465000500, -17.50377276712999800, 6.736751149921000900 ) ) ;
#3437 = CARTESIAN_POINT ( 'NONE',  ( 1.281719601474062400, -18.16911657001758600, 9.001087113772937800 ) ) ;
#3438 = CARTESIAN_POINT ( 'NONE',  ( 4.785876629141300000, -17.92075502198670000, 6.852446001638699400 ) ) ;
#3439 = CARTESIAN_POINT ( 'NONE',  ( 2.362014831003490300, -17.53191915808046600, 9.555983981362086200 ) ) ;
#3440 = CARTESIAN_POINT ( 'NONE',  ( 2.876206138768141700, -18.77211464206476100, 8.197372037763043900 ) ) ;
#3441 = CARTESIAN_POINT ( 'NONE',  ( 3.042769558663680000, -17.15101851766538800, 7.228123151740188500 ) ) ;
#3443 = CARTESIAN_POINT ( 'NONE',  ( 3.143588619285542200, -17.29881960030044000, 8.653661341447847400 ) ) ;
#3442 = CARTESIAN_POINT ( 'NONE',  ( 2.102608800213572800, -17.98292285014215600, 6.879616554146363000 ) ) ;
#3445 = CARTESIAN_POINT ( 'NONE',  ( 2.503886238007114100, -16.81949963519138100, 8.378169016999240900 ) ) ;
#3444 = CARTESIAN_POINT ( 'NONE',  ( 3.505738435487704100, -18.66734452018127000, 7.676253176502931400 ) ) ;
#3446 = CARTESIAN_POINT ( 'NONE',  ( 3.895024047828966800, -18.14873156309071300, 6.499999998820610100 ) ) ;
#3447 = CARTESIAN_POINT ( 'NONE',  ( 2.457504714828111500, -18.74880289798491300, 8.228201938128162100 ) ) ;
#3448 = CARTESIAN_POINT ( 'NONE',  ( 1.505160083445338900, -17.34189340037313100, 9.852904034338786600 ) ) ;
#3449 = CARTESIAN_POINT ( 'NONE',  ( 1.506966860986475500, -19.52573728842466800, 6.849127380969894900 ) ) ;
#3450 = CARTESIAN_POINT ( 'NONE',  ( 2.386691477962351400, -17.29218826848623500, 7.313790970548280000 ) ) ;
#3451 = CARTESIAN_POINT ( 'NONE',  ( 3.859117336088862900, -17.80603762379175900, 6.109137163900562900 ) ) ;
#3452 = CARTESIAN_POINT ( 'NONE',  ( 3.023579516658362100, -17.51623746512932600, 9.003418642116228600 ) ) ;
#3453 = CARTESIAN_POINT ( 'NONE',  ( 2.552122497374219800, -16.81911684347588200, 8.773569686408679400 ) ) ;
#3454 = CARTESIAN_POINT ( 'NONE',  ( 1.665507498369471100, -16.97036353545176700, 8.072362025244741400 ) ) ;
#3455 = CARTESIAN_POINT ( 'NONE',  ( 1.716685663025021800, -17.32093578041410700, 9.817709158100433000 ) ) ;
#3456 = CARTESIAN_POINT ( 'NONE',  ( 2.198069269928903900, -17.64360586728792800, 6.950974033428572300 ) ) ;
#3457 = CARTESIAN_POINT ( 'NONE',  ( 2.630442449014676500, -16.58964266015304300, 6.849127379340213700 ) ) ;
#3458 = CARTESIAN_POINT ( 'NONE',  ( 2.642976935831761000, -17.11223046380797200, 7.520730512407931600 ) ) ;
#3459 = CARTESIAN_POINT ( 'NONE',  ( 0.9548980492515450900, -18.00191304969707300, 8.854803337617251900 ) ) ;
#3460 = CARTESIAN_POINT ( 'NONE',  ( 5.072527602502000300, -17.31565206664000200, 6.861126051024999800 ) ) ;
#3461 = CARTESIAN_POINT ( 'NONE',  ( 1.641967376066598000, -17.91422123162635000, 9.599849790940194100 ) ) ;
#3462 = DIRECTION ( 'NONE',  ( 0.8660254037846667500, 0.4999999999996049300, 0.0000000000000000000 ) ) ;
#3463 = CARTESIAN_POINT ( 'NONE',  ( 1.486820519316683200, -16.75459877834266500, 8.197394498302090300 ) ) ;
#3464 = CARTESIAN_POINT ( 'NONE',  ( 2.475138213302766800, -16.90633396740998200, 9.170063795585292600 ) ) ;
#3465 = CARTESIAN_POINT ( 'NONE',  ( 3.427945937150743500, -18.29754289102973200, 8.350000000000768800 ) ) ;
#3466 = CARTESIAN_POINT ( 'NONE',  ( 2.350530094726379200, -17.39623210171968600, 7.110543278970293800 ) ) ;
#3467 = ORIENTED_EDGE ( 'NONE', *, *, #2377, .F. ) ;
#3469 = CARTESIAN_POINT ( 'NONE',  ( 2.730094813917990100, -16.93977686852670000, 8.150176759018126700 ) ) ;
#3468 = CARTESIAN_POINT ( 'NONE',  ( 2.340864127892444000, -18.68678399779886600, 6.911119585710448400 ) ) ;
#3470 = CARTESIAN_POINT ( 'NONE',  ( 1.978504493625515800, -17.07515139903110000, 7.916272521156870700 ) ) ;
#3471 = CARTESIAN_POINT ( 'NONE',  ( 5.001842958985220900, -17.50199977797787200, 6.499999981109266600 ) ) ;
#3472 = B_SPLINE_CURVE_WITH_KNOTS ( 'NONE', 3,
 ( #896, #4909, #3819, #513, #4379, #1067 ),
 .UNSPECIFIED., .F., .F.,
 ( 4, 2, 4 ),
 ( 0.0000000000000000000, 0.5000000000000000000, 1.000000000000000000 ),
 .UNSPECIFIED. ) ;
#3473 = CARTESIAN_POINT ( 'NONE',  ( 3.088404044445268100, -18.50707947918585800, 8.538792136861623300 ) ) ;
#3474 = CARTESIAN_POINT ( 'NONE',  ( 1.143044348550260800, -17.89310274137455500, 9.507227465307611400 ) ) ;
#3475 = CARTESIAN_POINT ( 'NONE',  ( 2.722768456576426700, -17.31951776594386400, 6.799172343947160100 ) ) ;
#3476 = CARTESIAN_POINT ( 'NONE',  ( 2.038118834177434100, -17.88699733607159500, 7.260347657249119500 ) ) ;
#3477 = CARTESIAN_POINT ( 'NONE',  ( 3.420516669842398100, -17.27427963390573500, 5.318274327801128200 ) ) ;
#3478 = CARTESIAN_POINT ( 'NONE',  ( 2.838385898761944600, -16.97132579393415600, 8.532205918724050900 ) ) ;
#3479 = CARTESIAN_POINT ( 'NONE',  ( 2.120223607363160400, -16.83427758862673000, 8.166844909156289100 ) ) ;
#3480 = CARTESIAN_POINT ( 'NONE',  ( 1.374625331866456300, -17.59584717392499800, 8.057113551330264300 ) ) ;
#3481 = CARTESIAN_POINT ( 'NONE',  ( 1.953478079188937900, -16.70309084883723100, 9.476017661617326800 ) ) ;
#3482 = CARTESIAN_POINT ( 'NONE',  ( 2.147560998879123800, -18.38468714885241800, 6.986424585850203400 ) ) ;
#3483 = CARTESIAN_POINT ( 'NONE',  ( 2.076790581796208000, -18.13704636942020800, 6.900000000000000400 ) ) ;
#3484 = CARTESIAN_POINT ( 'NONE',  ( 2.083693425227798500, -17.58279115190512700, 7.383676192590021600 ) ) ;
#3485 = CARTESIAN_POINT ( 'NONE',  ( -0.4238071506925729100, -16.87181216428113100, 10.01275770349754000 ) ) ;
#3486 = EDGE_CURVE ( 'NONE', #5056, #1768, #1753, .T. ) ;
#3487 = CARTESIAN_POINT ( 'NONE',  ( 5.039606802514001900, -17.02076717525000000, 6.488001347711999300 ) ) ;
#3488 = CARTESIAN_POINT ( 'NONE',  ( 2.020408316065194200, -17.28485175789186800, 9.716553460403085700 ) ) ;
#3489 = CARTESIAN_POINT ( 'NONE',  ( 1.011648935625893800, -17.68636431338183700, 8.298830000685153900 ) ) ;
#3490 = CARTESIAN_POINT ( 'NONE',  ( 2.215638218663794800, -16.68569468529321800, 8.507572632806248000 ) ) ;
#3491 = CARTESIAN_POINT ( 'NONE',  ( 3.512854769815777700, -17.57475271253078800, 8.197372037760883900 ) ) ;
#3492 = ORIENTED_EDGE ( 'NONE', *, *, #595, .F. ) ;
#3493 = CARTESIAN_POINT ( 'NONE',  ( 2.073634116679608000, -18.02915232850814300, 7.081402630555581700 ) ) ;
#3495 = CARTESIAN_POINT ( 'NONE',  ( 2.138506631938616100, -17.16022604505874200, 7.755008746567779300 ) ) ;
#3494 = CARTESIAN_POINT ( 'NONE',  ( 3.028587947266215200, -18.96979255148737300, 6.954230925240201700 ) ) ;
#3496 = CARTESIAN_POINT ( 'NONE',  ( 1.658789700973325000, -17.68530445824127600, 7.856236954845790000 ) ) ;
#3497 = CARTESIAN_POINT ( 'NONE',  ( 3.930226550434059400, -18.10661466171369900, 6.799999999999910100 ) ) ;
#3498 = CARTESIAN_POINT ( 'NONE',  ( 3.421035482023682100, -17.84215873102771300, 8.525862625660387600 ) ) ;
#3499 = CARTESIAN_POINT ( 'NONE',  ( 0.9534979895012969400, -17.98158281037213200, 8.793663241135718100 ) ) ;
#3500 = ORIENTED_EDGE ( 'NONE', *, *, #5674, .F. ) ;
#3501 = CARTESIAN_POINT ( 'NONE',  ( 2.206731215868599900, -18.58993396571068100, 7.434647417170483100 ) ) ;
#3502 = CARTESIAN_POINT ( 'NONE',  ( 2.734039135155306600, -17.20782293299886900, 4.527411491701691700 ) ) ;
#3503 = CARTESIAN_POINT ( 'NONE',  ( 2.318482465694506900, -16.93969369351258800, 7.999682411988537500 ) ) ;
#3504 = CARTESIAN_POINT ( 'NONE',  ( 1.660347018809372300, -17.35769387475079000, 7.906925291356985000 ) ) ;
#3505 = LINE ( 'NONE', #400, #2041 ) ;
#3506 = CARTESIAN_POINT ( 'NONE',  ( 1.324828929267819700, -18.14654849978541800, 8.554533821654590800 ) ) ;
#3507 = CARTESIAN_POINT ( 'NONE',  ( 3.181938454380425000, -18.10002450935042600, 8.792641590029107900 ) ) ;
#3508 = CARTESIAN_POINT ( 'NONE',  ( 1.884325282112143700, -16.47705799856684900, 8.770679639210573700 ) ) ;
#3509 = CARTESIAN_POINT ( 'NONE',  ( 2.671241773665413700, -18.90793861448031500, 7.069176048409882000 ) ) ;
#3510 = CARTESIAN_POINT ( 'NONE',  ( 2.356111809429307000, -18.74695162175742500, 6.109137163900562900 ) ) ;
#3511 = CARTESIAN_POINT ( 'NONE',  ( 2.009976096434507000, -18.26435811961905700, 7.460807560973416100 ) ) ;
#3512 = CARTESIAN_POINT ( 'NONE',  ( -0.4147548065085667800, -16.25434266256673500, 8.414070847391194300 ) ) ;
#3513 = CARTESIAN_POINT ( 'NONE',  ( 4.930117002144001500, -16.82684720361000100, 6.612376248815998300 ) ) ;
#3514 = CARTESIAN_POINT ( 'NONE',  ( 2.159383070079786900, -16.70684388754554600, 9.267962815626768600 ) ) ;
#3515 = CARTESIAN_POINT ( 'NONE',  ( 0.9722998182474080800, -18.01116573440158000, 8.966577056628990400 ) ) ;
#3516 = CARTESIAN_POINT ( 'NONE',  ( 1.761722483329147200, -17.02152195042224400, 8.023466125354342900 ) ) ;
#3517 = CARTESIAN_POINT ( 'NONE',  ( 3.069474486619980800, -17.09419777564924200, 7.841095866013487700 ) ) ;
#3518 = CARTESIAN_POINT ( 'NONE',  ( 2.349798042404113400, -18.71099348505102000, 7.197842735021257700 ) ) ;
#3520 = CARTESIAN_POINT ( 'NONE',  ( 1.809531275123592600, -17.76545517496101600, 7.695163208282757200 ) ) ;
#3519 = CARTESIAN_POINT ( 'NONE',  ( 3.693496486580590600, -18.63759673305282400, 6.979344522363495800 ) ) ;
#3521 = CARTESIAN_POINT ( 'NONE',  ( 1.683778071969477700, -18.31187484678012500, 8.256156113225056700 ) ) ;
#3522 = CARTESIAN_POINT ( 'NONE',  ( 1.021343004508584100, -19.25582812225612300, 6.849127384410598700 ) ) ;
#3523 = CARTESIAN_POINT ( 'NONE',  ( 3.226494054490805400, -17.20371702660962400, 8.195714694459557100 ) ) ;
#3524 = CARTESIAN_POINT ( 'NONE',  ( 1.063323736982818100, -17.55108038486442700, 8.197394498303527400 ) ) ;
#3525 = CARTESIAN_POINT ( 'NONE',  ( 1.036904491714902800, -18.65863235412933500, 6.899999997794817700 ) ) ;
#3526 = CARTESIAN_POINT ( 'NONE',  ( 1.820904916089669800, -17.44306402306297700, 7.771550462331579600 ) ) ;
#3527 = CARTESIAN_POINT ( 'NONE',  ( 1.517717051507838000, -18.00261934260887400, 8.106917531482761100 ) ) ;
#3528 = CARTESIAN_POINT ( 'NONE',  ( 1.618359068543898900, -18.21996055586281200, 9.235244632608854000 ) ) ;
#3529 = CARTESIAN_POINT ( 'NONE',  ( 3.252822099098114700, -17.39396431919973200, 8.567017233544941500 ) ) ;
#3530 = CARTESIAN_POINT ( 'NONE',  ( 1.558325271166623300, -16.79261852931004400, 8.181284877472053900 ) ) ;
#3531 = CARTESIAN_POINT ( 'NONE',  ( 3.409481864236413500, -18.85402535559199000, 7.142400124988015800 ) ) ;
#3532 = CARTESIAN_POINT ( 'NONE',  ( 2.993062121683849300, -19.01184856793388900, 5.318274327801128200 ) ) ;
#3533 = CARTESIAN_POINT ( 'NONE',  ( 2.442616886013748300, -18.79294718687047800, 7.754654446325457900 ) ) ;
#3534 = CARTESIAN_POINT ( 'NONE',  ( 3.559761560425526400, -18.64176544404404000, 6.800477024278114500 ) ) ;
#3535 = CARTESIAN_POINT ( 'NONE',  ( 4.757031819707998800, -16.68544895221999600, 6.736751149921000900 ) ) ;
#3536 = CARTESIAN_POINT ( 'NONE',  ( 1.963452859990979300, -16.57713564922714200, 8.562140593018378700 ) ) ;
#3537 = CARTESIAN_POINT ( 'NONE',  ( 1.219568652697721900, -17.79691718797525700, 9.634324112571858800 ) ) ;
#3538 = CARTESIAN_POINT ( 'NONE',  ( 1.469543198891445100, -17.64631589905562600, 8.005067205807357300 ) ) ;
#3539 = CARTESIAN_POINT ( 'NONE',  ( 2.402289688169269700, -17.18589180352794400, 7.525838674463106100 ) ) ;
#3540 = CARTESIAN_POINT ( 'NONE',  ( 3.041909432380383900, -18.93981146333622700, 7.346199372014361000 ) ) ;
#3542 = CARTESIAN_POINT ( 'NONE',  ( 1.891594380335563300, -18.42237273799219500, 8.034095599567052700 ) ) ;
#3541 = CARTESIAN_POINT ( 'NONE',  ( 3.886300603453102900, -17.91948383758476700, 6.969622467787078600 ) ) ;
#3543 = VECTOR ( 'NONE', #6097, 100.0000000000000300 ) ;
#3544 = CARTESIAN_POINT ( 'NONE',  ( 2.101567932870334500, -18.50848735860559200, 8.839416806708751300 ) ) ;
#3545 = DIRECTION ( 'NONE',  ( -1.890799101339205100E-008, -1.428619646976507200E-023, -0.9999999999999998900 ) ) ;
#3546 = CARTESIAN_POINT ( 'NONE',  ( 2.638378099681375000, -17.03019440205303400, 7.775072365013086200 ) ) ;
#3547 = CARTESIAN_POINT ( 'NONE',  ( 1.541866585368289800, -16.67241399232304400, 8.254217178231380500 ) ) ;
#3548 = CARTESIAN_POINT ( 'NONE',  ( 4.492824102074460600, -16.62035322575875900, 6.499999976833249700 ) ) ;
#3549 = CARTESIAN_POINT ( 'NONE',  ( 1.706566091108787400, -18.10303215812553600, 7.937796534703133800 ) ) ;
#3550 = CARTESIAN_POINT ( 'NONE',  ( 1.731460849465686900, -18.41481881485198400, 8.688075600364506100 ) ) ;
#3551 = ORIENTED_EDGE ( 'NONE', *, *, #1640, .F. ) ;
#3552 = CARTESIAN_POINT ( 'NONE',  ( 2.053638434214906500, -17.76566874001639500, 9.631778288273864100 ) ) ;
#3553 = CARTESIAN_POINT ( 'NONE',  ( 2.841191464683873000, -16.98583277268098600, 8.101271263723926800 ) ) ;
#3554 = CARTESIAN_POINT ( 'NONE',  ( 1.251620888095361700, -17.40466044066609500, 8.083507764717749600 ) ) ;
#3555 = CARTESIAN_POINT ( 'NONE',  ( 3.861596551758080100, -18.26382890828168100, 7.156672087411555700 ) ) ;
#3556 = AXIS2_PLACEMENT_3D ( 'NONE', #4828, #5385, #2071 ) ;
#3557 = CARTESIAN_POINT ( 'NONE',  ( 3.690915858780358300, -18.68418881449627400, 4.527411491701691700 ) ) ;
#3558 = CARTESIAN_POINT ( 'NONE',  ( 3.132905287153623600, -18.76243754727004600, 8.032184478189039500 ) ) ;
#3559 = CARTESIAN_POINT ( 'NONE',  ( 3.259959768400275700, -18.82674941530591200, 6.800349627505595700 ) ) ;
#3560 = CARTESIAN_POINT ( 'NONE',  ( 4.543636609256000500, -16.61634970770000000, 6.861126051024999800 ) ) ;
#3561 = CARTESIAN_POINT ( 'NONE',  ( 1.567637262860715400, -16.97996059903347500, 8.078185763928432900 ) ) ;
#3562 = CARTESIAN_POINT ( 'NONE',  ( 1.587232377084986100, -17.18539201412235700, 9.847190692750269000 ) ) ;
#3563 = CARTESIAN_POINT ( 'NONE',  ( 1.457304319258098800, -18.21698691410663800, 8.481893547101218900 ) ) ;
#3564 = CARTESIAN_POINT ( 'NONE',  ( 1.999276418455103100, -17.73676394351666400, 7.425461823053855600 ) ) ;
#3565 = CARTESIAN_POINT ( 'NONE',  ( 3.678917339681478300, -18.56441286886213100, 7.425941118703639700 ) ) ;
#3567 = CARTESIAN_POINT ( 'NONE',  ( 2.392624687115783900, -18.66324497998772700, 8.528410356543538700 ) ) ;
#3566 = CARTESIAN_POINT ( 'NONE',  ( 3.472001216690694800, -17.30165445305729600, 6.931417694293791100 ) ) ;
#3568 = CLOSED_SHELL ( 'NONE', ( #4211, #7014, #3710, #1459, #4885, #953, #6468, #3672, #2131, #5341, #5888, #4340, #1007, #1494, #4797, #915, #6430, #5979, #6560, #5923, #2580, #3214, #2040, #3762, #7101, #3124, #466, #2672, #4248, #377, #2001, #5433 ) ) ;
#3569 = CARTESIAN_POINT ( 'NONE',  ( 1.506966860986475500, -19.52573728842466800, 6.849127380969894900 ) ) ;
#3570 = CARTESIAN_POINT ( 'NONE',  ( 2.057267776850293400, -17.43531426939728800, 7.548976958959135800 ) ) ;
#3571 = CARTESIAN_POINT ( 'NONE',  ( 1.532814241184297800, -17.28988349403740100, 9.852904034337703000 ) ) ;
#3572 = TOROIDAL_SURFACE ( 'NONE', #3280, 1.456101656325265600, 0.04999999999990788900 ) ;
#3573 = EDGE_CURVE ( 'NONE', #2343, #1219, #1663, .T. ) ;
#3574 = CARTESIAN_POINT ( 'NONE',  ( 0.5774360718217862500, -17.56933134395281100, 9.505066515925095800 ) ) ;
#3575 = CARTESIAN_POINT ( 'NONE',  ( 2.004286988249029300, -18.55988304604777600, 8.443750140006995900 ) ) ;
#3576 = CARTESIAN_POINT ( 'NONE',  ( 2.215007263237025000, -18.27438251064642900, 9.236962879471006400 ) ) ;
#3577 = CARTESIAN_POINT ( 'NONE',  ( 2.335337317822241400, -17.09482203044699500, 9.478270934378388200 ) ) ;
#3578 = CARTESIAN_POINT ( 'NONE',  ( 2.229010024514145500, -17.14922793833845600, 7.712084482077817600 ) ) ;
#3579 = CARTESIAN_POINT ( 'NONE',  ( 1.089344989640009600, -17.97027887274470400, 8.539790742174099900 ) ) ;
#3580 = CARTESIAN_POINT ( 'NONE',  ( 3.717380948038699000, -17.53524605377142400, 7.101812896986616300 ) ) ;
#3581 = CARTESIAN_POINT ( 'NONE',  ( 1.006447800952000100, -18.61469196045000600, 6.736751149921000900 ) ) ;
#3582 = CARTESIAN_POINT ( 'NONE',  ( 3.606796340955598100, -18.19378122728455700, 8.102808169140301300 ) ) ;
#3583 = CARTESIAN_POINT ( 'NONE',  ( 2.909769654923471300, -18.86505173593398500, 6.800233829561470600 ) ) ;
#3584 = CARTESIAN_POINT ( 'NONE',  ( 2.978898412029699300, -19.52572440190999700, 6.899997398026101800 ) ) ;
#3585 = CARTESIAN_POINT ( 'NONE',  ( 1.290350630290357100, -17.61267311112711600, 8.107159735516166400 ) ) ;
#3586 = CARTESIAN_POINT ( 'NONE',  ( 1.822803574805014000, -16.59654573494901800, 9.458993942164900300 ) ) ;
#3587 = ORIENTED_EDGE ( 'NONE', *, *, #1775, .F. ) ;
#3588 = CARTESIAN_POINT ( 'NONE',  ( 1.802231262083242100, -18.31772713538845900, 9.134421931710152300 ) ) ;
#3589 = CARTESIAN_POINT ( 'NONE',  ( 2.050649829418954800, -18.44981363064382800, 7.630422884069950000 ) ) ;
#3590 = CARTESIAN_POINT ( 'NONE',  ( 3.826454390163262600, -17.83584426633349900, 7.382214959506293400 ) ) ;
#3592 = CARTESIAN_POINT ( 'NONE',  ( 2.974557961889159300, -18.32076233296304600, 8.842575833983438800 ) ) ;
#3591 = CARTESIAN_POINT ( 'NONE',  ( 2.735112067861616800, -17.20839342144516200, 6.890966743379110900 ) ) ;
#3593 = CARTESIAN_POINT ( 'NONE',  ( 1.065411453539701500, -19.30324172429529400, 6.500000069449559000 ) ) ;
#3594 = CARTESIAN_POINT ( 'NONE',  ( 1.895269247919984600, -18.10437479224401600, 7.616048055456182900 ) ) ;
#3595 = CARTESIAN_POINT ( 'NONE',  ( 0.1470689149670795200, -15.73382601928241300, 9.841493579282506200 ) ) ;
#3596 = CARTESIAN_POINT ( 'NONE',  ( 3.778026395122090300, -18.15524534830336000, 7.676253176502008600 ) ) ;
#3597 = CARTESIAN_POINT ( 'NONE',  ( -0.1028221003331294400, -17.14677700470194600, 8.665792433490866000 ) ) ;
#3598 = CARTESIAN_POINT ( 'NONE',  ( 2.567147385505538000, -18.46161873492418700, 8.921608940631850600 ) ) ;
#3599 = CARTESIAN_POINT ( 'NONE',  ( 2.636288218864284000, -17.67775290526058600, 9.376639458998898400 ) ) ;
#3600 = CARTESIAN_POINT ( 'NONE',  ( 2.270367838797050700, -16.66273465262645500, 8.875032839014430400 ) ) ;
#3601 = CARTESIAN_POINT ( 'NONE',  ( 1.868659138694037400, -17.73274549820718700, 7.624516789881073300 ) ) ;
#3602 = CARTESIAN_POINT ( 'NONE',  ( 1.248612675108559800, -18.08049330093391700, 9.257716247391032400 ) ) ;
#3603 = CARTESIAN_POINT ( 'NONE',  ( 3.075872904250025500, -17.16861987873363300, 7.015496260278822200 ) ) ;
#3604 = CARTESIAN_POINT ( 'NONE',  ( 1.057023532638544900, -16.31032430658738300, 8.554460961272692300 ) ) ;
#3605 = B_SPLINE_CURVE_WITH_KNOTS ( 'NONE', 3,
 ( #1778, #5118, #89, #3996, #2353, #5068, #2327, #6199, #3463, #2905, #1193, #66, #6224, #5572, #594, #4585, #1827, #1268, #5145, #6787, #717, #1637, #4946, #485, #6579, #1938, #6854, #1083, #3255, #1970, #5578, #5823, #2503, #6374, #3058, #6935, #3616, #313, #4171, #861, #4731, #1417, #5288, #1974, #5848, #2528, #6398, #3083, #6961 ),
 .UNSPECIFIED., .F., .F.,
 ( 4, 3, 3, 3, 3, 3, 3, 3, 3, 3, 3, 3, 3, 3, 3, 3, 4 ),
 ( 0.0000000000000000000, 0.06250000000000006900, 0.1250000000000000000, 0.1874999999999999200, 0.2500000000000000000, 0.3125000000000000600, 0.3750000000000000000, 0.4375000000000000000, 0.5000000000000000000, 0.5625000000000000000, 0.6250000000000000000, 0.6874999999999998900, 0.7500000000000000000, 0.8125000000000001100, 0.8750000000000000000, 0.9374999999999998900, 1.000000000000000000 ),
 .UNSPECIFIED. ) ;
#3606 = CARTESIAN_POINT ( 'NONE',  ( 3.545613081844972000, -17.47551555137453100, 7.920376059930641900 ) ) ;
#3607 = CARTESIAN_POINT ( 'NONE',  ( 2.392610036748135100, -18.60289192383778100, 6.799620428251797600 ) ) ;
#3608 = CARTESIAN_POINT ( 'NONE',  ( 1.478767323436000100, -19.50645338911999700, 6.889247048010001400 ) ) ;
#3609 = CARTESIAN_POINT ( 'NONE',  ( 1.242403829684950700, -18.12218153757640200, 8.648042441037304700 ) ) ;
#3610 = CARTESIAN_POINT ( 'NONE',  ( 1.768056478843964600, -16.42825201214524400, 8.736767921306297400 ) ) ;
#3611 = CARTESIAN_POINT ( 'NONE',  ( 2.267450746337473800, -17.87935476297788300, 9.514538512217235700 ) ) ;
#3612 = CARTESIAN_POINT ( 'NONE',  ( 2.592533788045742000, -18.82059912976390900, 7.982269967070775100 ) ) ;
#3613 = CARTESIAN_POINT ( 'NONE',  ( 3.383201780096516000, -17.25443895509323200, 7.245049162759535500 ) ) ;
#3615 = CARTESIAN_POINT ( 'NONE',  ( 3.237760464807098300, -17.63011949534301000, 8.760843714814630100 ) ) ;
#3614 = CARTESIAN_POINT ( 'NONE',  ( 2.205347166426735200, -17.64747559349869700, 6.837815467125666100 ) ) ;
#3616 = CARTESIAN_POINT ( 'NONE',  ( 1.791167774167032400, -16.70648933751823500, 9.593304872914663100 ) ) ;
#3617 = CARTESIAN_POINT ( 'NONE',  ( 0.9563184712249970200, -18.73025656864503600, 6.500000063012299400 ) ) ;
#3618 = CARTESIAN_POINT ( 'NONE',  ( 2.215119118043440400, -18.67198447795794500, 7.977063346324476900 ) ) ;
#3619 = CARTESIAN_POINT ( 'NONE',  ( 3.893247819601692000, -17.91754938091913000, 6.900000000000000400 ) ) ;
#3620 = CARTESIAN_POINT ( 'NONE',  ( 3.600997633850409100, -17.44783365026080400, 7.530035151372730200 ) ) ;
#3621 = CARTESIAN_POINT ( 'NONE',  ( -0.4002921160959861900, -16.26203261146630300, 8.512725270870085100 ) ) ;
#3622 = CARTESIAN_POINT ( 'NONE',  ( 3.008611548767076400, -17.87572073139874400, 9.043210743605241600 ) ) ;
#3624 = CARTESIAN_POINT ( 'NONE',  ( 2.711005123654129300, -17.03174662826133800, 9.015832870346145000 ) ) ;
#3623 = CARTESIAN_POINT ( 'NONE',  ( 2.833989011285425800, -18.89792255394988600, 7.688854290523300600 ) ) ;
#3625 = CARTESIAN_POINT ( 'NONE',  ( 1.903346789140037300, -16.76613597781651800, 8.236328500398423500 ) ) ;
#3626 = CARTESIAN_POINT ( 'NONE',  ( 1.925738399534284300, -18.41499713736753900, 7.917629917975811600 ) ) ;
#3627 = CARTESIAN_POINT ( 'NONE',  ( 2.374541927399952200, -17.40899941962402400, 6.956312301730996200 ) ) ;
#3628 = CARTESIAN_POINT ( 'NONE',  ( 0.6727601330712798000, -16.04515317964547800, 9.616397988143923200 ) ) ;
#3629 = CARTESIAN_POINT ( 'NONE',  ( 2.986889014965288200, -17.09577600786608200, 7.607203376529908700 ) ) ;
#3630 = CARTESIAN_POINT ( 'NONE',  ( 1.673310686481550100, -17.36356825428554600, 6.674563689839049900 ) ) ;
#3631 = CARTESIAN_POINT ( 'NONE',  ( 2.664015931343413500, -18.09021221211533300, 9.219130623681246900 ) ) ;
#3632 = B_SPLINE_CURVE_WITH_KNOTS ( 'NONE', 3,
 ( #223, #53, #4643, #1325, #5204, #1887, #5758, #2441, #6306, #2992 ),
 .UNSPECIFIED., .F., .F.,
 ( 4, 1, 1, 1, 1, 1, 1, 4 ),
 ( 0.0000000000000000000, 0.1382689154241952000, 0.2829613492537777500, 0.4276537830839899400, 0.5723462169142020700, 0.7170386507437843700, 0.8617310845739967200, 1.000000000000000000 ),
 .UNSPECIFIED. ) ;
#3633 = CARTESIAN_POINT ( 'NONE',  ( 1.977834790760999700, -19.54132052214999900, 6.860127676785998200 ) ) ;
#3634 = CARTESIAN_POINT ( 'NONE',  ( 1.521564908488605600, -18.13142994060191200, 9.337182489198218200 ) ) ;
#3635 = CARTESIAN_POINT ( 'NONE',  ( 1.458036450243712900, -16.79841363148526100, 8.169917155339394600 ) ) ;
#3636 = CARTESIAN_POINT ( 'NONE',  ( 2.537559117227108400, -17.20234526847866300, 9.367386588006397100 ) ) ;
#3637 = CARTESIAN_POINT ( 'NONE',  ( 3.252797807323332800, -18.59448919341526400, 8.239377491032119100 ) ) ;
#3638 = CARTESIAN_POINT ( 'NONE',  ( 2.653331218200970300, -17.21208361129901800, 7.107883366013749300 ) ) ;
#3640 = CARTESIAN_POINT ( 'NONE',  ( 3.006763119036838000, -17.06085355003188700, 8.341506921822308100 ) ) ;
#3639 = CARTESIAN_POINT ( 'NONE',  ( 2.156547834625949500, -18.38946553418006500, 6.846695002032471500 ) ) ;
#3641 = CARTESIAN_POINT ( 'NONE',  ( 3.564183323929206900, -18.64806620242894700, 6.599494967016686300 ) ) ;
#3642 = CARTESIAN_POINT ( 'NONE',  ( 2.852005769481860100, -18.71207323851697500, 8.359303848633823400 ) ) ;
#3643 = CARTESIAN_POINT ( 'NONE',  ( 3.540600441788036800, -18.82591020410121600, 6.500000015567694700 ) ) ;
#3644 = ORIENTED_EDGE ( 'NONE', *, *, #348, .F. ) ;
#3645 = CARTESIAN_POINT ( 'NONE',  ( 2.961464999161920200, -17.13331841420863500, 7.316783985607092000 ) ) ;
#3646 = CARTESIAN_POINT ( 'NONE',  ( 3.031192051597992000, -17.20199303774486300, 8.729094147585913200 ) ) ;
#3648 = CARTESIAN_POINT ( 'NONE',  ( 2.385574522425315500, -16.77605142078540000, 8.396453047096592600 ) ) ;
#3647 = CARTESIAN_POINT ( 'NONE',  ( 3.496147119879730700, -18.59809620772167400, 7.850417388950031500 ) ) ;
#3649 = CARTESIAN_POINT ( 'NONE',  ( 1.542610005682802700, -17.29509199441541500, 7.978200123148182500 ) ) ;
#3650 = CARTESIAN_POINT ( 'NONE',  ( 2.430144236852048500, -18.70872477612223900, 8.378820453169574000 ) ) ;
#3651 = CARTESIAN_POINT ( 'NONE',  ( 2.093823875412615700, -18.03988741364978000, 6.921238025199426300 ) ) ;
#3652 = STYLED_ITEM ( 'NONE', ( #6718 ), #6937 ) ;
#3653 = CARTESIAN_POINT ( 'NONE',  ( -0.1549765313353572100, -16.39246922161707000, 10.08841767568964300 ) ) ;
#3654 = CARTESIAN_POINT ( 'NONE',  ( 2.314319313062078300, -17.31534289669958000, 7.378356649949916200 ) ) ;
#3655 = CARTESIAN_POINT ( 'NONE',  ( -0.4469350472350684400, -16.35185430758069500, 8.512555368691714400 ) ) ;
#3656 = CARTESIAN_POINT ( 'NONE',  ( 2.912626972287081500, -17.40177238452823600, 9.087992411940918600 ) ) ;
#3657 = FACE_OUTER_BOUND ( 'NONE', #3294, .T. ) ;
#3658 = CARTESIAN_POINT ( 'NONE',  ( 4.285252194581699000, -18.75436742668591000, 6.899999997794734200 ) ) ;
#3659 = CARTESIAN_POINT ( 'NONE',  ( 1.936611872372736400, -17.63801261905163600, 9.707595517345565000 ) ) ;
#3660 = CARTESIAN_POINT ( 'NONE',  ( 1.161782400149058200, -17.42104098878708000, 8.118719476354085500 ) ) ;
#3661 = CARTESIAN_POINT ( 'NONE',  ( 2.427042381743282500, -16.74603998481264000, 8.789123434890587600 ) ) ;
#3662 = CARTESIAN_POINT ( 'NONE',  ( 2.160254863407874200, -17.69021347351762700, 7.025742630966505900 ) ) ;
#3664 = CARTESIAN_POINT ( 'NONE',  ( 2.435096309094948900, -17.00169837391133100, 7.867609065457367400 ) ) ;
#3663 = CARTESIAN_POINT ( 'NONE',  ( 2.684217749570104500, -18.91483806325424100, 6.867422309511088200 ) ) ;
#3665 = EDGE_LOOP ( 'NONE', ( #6596, #4542, #2434, #5410 ) ) ;
#3666 = CARTESIAN_POINT ( 'NONE',  ( 2.069755650709394200, -18.03352265480838700, 6.799999999999998900 ) ) ;
#3667 = CARTESIAN_POINT ( 'NONE',  ( 1.527006983201812900, -17.79762514018059200, 9.679471676767480700 ) ) ;
#3668 = CARTESIAN_POINT ( 'NONE',  ( 3.026062077620557100, -18.87814454899046300, 6.699693137953666200 ) ) ;
#3669 = CARTESIAN_POINT ( 'NONE',  ( 3.372969478330980900, -18.20159750652573300, 8.504219634744671900 ) ) ;
#3670 = EDGE_LOOP ( 'NONE', ( #1599, #6169, #5464, #613 ) ) ;
#3671 = CARTESIAN_POINT ( 'NONE',  ( 2.385467023634645600, -18.76922986731270600, 6.600000024391201600 ) ) ;
#3672 = ADVANCED_FACE ( 'NONE', ( #290 ), #6474, .T. ) ;
#3673 = CARTESIAN_POINT ( 'NONE',  ( 2.291505523754536100, -17.42899670012241800, 7.181250596482898100 ) ) ;
#3674 = CARTESIAN_POINT ( 'NONE',  ( 2.616261323581447100, -16.89870976872069600, 8.189864854549423300 ) ) ;
#3676 = CARTESIAN_POINT ( 'NONE',  ( 1.883480883016347000, -17.08626203992028500, 7.943849571207682200 ) ) ;
#3675 = CARTESIAN_POINT ( 'NONE',  ( 3.738478629168869600, -17.89635606594095700, 7.808385735689732600 ) ) ;
#3677 = CARTESIAN_POINT ( 'NONE',  ( 1.338191870275801800, -17.95433794947473800, 8.254855944542230300 ) ) ;
#3678 = CARTESIAN_POINT ( 'NONE',  ( 3.037469566422553500, -18.41836154594324200, 8.695040854692999600 ) ) ;
#3679 = CARTESIAN_POINT ( 'NONE',  ( 2.378342014498041400, -18.72617058423090000, 6.971404465689847300 ) ) ;
#3680 = CARTESIAN_POINT ( 'NONE',  ( 0.9692836140203000600, -18.68000337167999800, 6.861126051024999800 ) ) ;
#3681 = CARTESIAN_POINT ( 'NONE',  ( 2.005787589665946500, -17.93144209930810000, 7.342278081020814400 ) ) ;
#3682 = CARTESIAN_POINT ( 'NONE',  ( -0.1541069977004065600, -16.39293156085191000, 10.08824402751195000 ) ) ;
#3683 = CARTESIAN_POINT ( 'NONE',  ( 2.717632144757380800, -16.90054930255239200, 8.572658370462701100 ) ) ;
#3684 = CARTESIAN_POINT ( 'NONE',  ( 2.205860572649298600, -16.97415924866246000, 9.504480590603810300 ) ) ;
#3685 = CARTESIAN_POINT ( 'NONE',  ( 0.9985907036504340100, -17.94755426058776100, 8.618021437625206000 ) ) ;
#3686 = CARTESIAN_POINT ( 'NONE',  ( 2.011796210801976700, -16.82379955817269500, 8.176862393031193200 ) ) ;
#3687 = CARTESIAN_POINT ( 'NONE',  ( 2.157170938071768100, -18.43232341392792500, 7.086694736686818700 ) ) ;
#3689 = CARTESIAN_POINT ( 'NONE',  ( 1.915343437766502200, -17.49327787575106900, 7.664592221048980700 ) ) ;
#3688 = CARTESIAN_POINT ( 'NONE',  ( 3.425987700464641500, -18.86280166439249200, 6.885763229454590300 ) ) ;
#3690 = CARTESIAN_POINT ( 'NONE',  ( 3.303198668663587200, -17.32939217153953500, 6.799966722423407700 ) ) ;
#3691 = CARTESIAN_POINT ( 'NONE',  ( 2.133309759356868200, -16.84524505038484000, 6.500000012794443700 ) ) ;
#3692 = CARTESIAN_POINT ( 'NONE',  ( 1.891578165560895200, -17.15220303229762400, 9.749969826333252600 ) ) ;
#3693 = CARTESIAN_POINT ( 'NONE',  ( 2.567007452943479400, -18.75327977366785600, 6.800148223677188000 ) ) ;
#3694 = CARTESIAN_POINT ( 'NONE',  ( 3.422222915156397000, -17.48403633082982400, 8.311252941526307200 ) ) ;
#3695 = CARTESIAN_POINT ( 'NONE',  ( 2.141577154080875000, -17.76467465264527900, 6.700000008765397500 ) ) ;
#3696 = CARTESIAN_POINT ( 'NONE',  ( 2.055936604927028000, -18.07886200874246200, 7.167251688033720900 ) ) ;
#3697 = CARTESIAN_POINT ( 'NONE',  ( 2.048766670196626700, -17.17414605188418300, 7.795830300680803400 ) ) ;
#3698 = EDGE_CURVE ( 'NONE', #106, #4513, #4224, .T. ) ;
#3699 = B_SPLINE_CURVE_WITH_KNOTS ( 'NONE', 3,
 ( #817, #2988, #1347, #4684, #1370, #5246, #1927, #5800, #2482, #6349, #3033, #6913, #3593, #287, #4146, #839, #4708, #1392, #5267, #1952, #5824, #2504, #6375, #3059, #6936, #3617, #314, #4172 ),
 .UNSPECIFIED., .F., .F.,
 ( 4, 2, 2, 2, 2, 2, 2, 2, 2, 2, 2, 2, 2, 4 ),
 ( 0.0000000000000000000, 0.001514866253339724800, 0.002272299380009577800, 0.003029732506679430900, 0.003787165633349283500, 0.004544598760019136600, 0.005302031886688989200, 0.006059465013358842700, 0.007574331266698550500, 0.008331764393368367600, 0.009089197520038182900, 0.009846630646707996500, 0.01060406377337781200, 0.01211893002671736300 ),
 .UNSPECIFIED. ) ;
#3701 = CARTESIAN_POINT ( 'NONE',  ( 1.588886782552373400, -17.70977200809677800, 7.921016470476762300 ) ) ;
#3700 = CARTESIAN_POINT ( 'NONE',  ( 3.400400057266443500, -17.27015402274093200, 7.592737116011552900 ) ) ;
#3702 = CARTESIAN_POINT ( 'NONE',  ( 1.502604156752568300, -18.28656297136807400, 8.900647682122116300 ) ) ;
#3703 = CARTESIAN_POINT ( 'NONE',  ( 3.334791585929693700, -17.73718242390064500, 8.649753315674622900 ) ) ;
#3704 = CARTESIAN_POINT ( 'NONE',  ( 3.772347239192291200, -16.58952743941755200, 6.849127378789202000 ) ) ;
#3705 = CARTESIAN_POINT ( 'NONE',  ( 3.081097529233955100, -18.96064814404276400, 7.035321656722517000 ) ) ;
#3706 = CARTESIAN_POINT ( 'NONE',  ( 0.9288542583070001900, -18.97395294769999900, 6.488001347711999300 ) ) ;
#3707 = CARTESIAN_POINT ( 'NONE',  ( 2.205732270965539100, -18.61493311495150500, 7.556849079295201200 ) ) ;
#3708 = CARTESIAN_POINT ( 'NONE',  ( 2.212941152074115800, -16.93075022057869800, 8.027026238377303000 ) ) ;
#3709 = CARTESIAN_POINT ( 'NONE',  ( 2.144408599187510600, -16.59576093692095400, 8.867323765728333000 ) ) ;
#3710 = ADVANCED_FACE ( 'NONE', ( #4525, #6001 ), #2904, .T. ) ;
#3711 = CARTESIAN_POINT ( 'NONE',  ( 1.141930005313601200, -17.99823882154105100, 9.346226631317646700 ) ) ;
#3712 = CARTESIAN_POINT ( 'NONE',  ( 1.631431231068333400, -17.34231907768487700, 7.925833024920272000 ) ) ;
#3713 = CARTESIAN_POINT ( 'NONE',  ( 2.708757411248977000, -18.91487079993388300, 7.212515361877261300 ) ) ;
#3715 = CARTESIAN_POINT ( 'NONE',  ( 1.816331287433101200, -18.16139534827977500, 7.805065211406876800 ) ) ;
#3714 = CARTESIAN_POINT ( 'NONE',  ( 3.878790386200227300, -18.27297103222150900, 6.889338022506574800 ) ) ;
#3716 = CARTESIAN_POINT ( 'NONE',  ( 3.777639824408710800, -17.87426145585148200, 6.800523140503150500 ) ) ;
#3717 = CARTESIAN_POINT ( 'NONE',  ( 3.704207717559632400, -18.44842298440736200, 6.700375526731414200 ) ) ;
#3718 = CARTESIAN_POINT ( 'NONE',  ( 2.029335977427724200, -16.61216632415437300, 9.257716247388382100 ) ) ;
#3719 = CARTESIAN_POINT ( 'NONE',  ( 2.192664735259333100, -18.15435218684330100, 6.497577470338552700 ) ) ;
#3720 = CARTESIAN_POINT ( 'NONE',  ( 2.965942038590816400, -17.05216382943304200, 7.912920682205770700 ) ) ;
#3721 = CARTESIAN_POINT ( 'NONE',  ( 2.369659130753907200, -18.73456904593368900, 7.323958117459189200 ) ) ;
#3722 = CARTESIAN_POINT ( 'NONE',  ( 1.750234331183541800, -17.79556202147998100, 7.767681584416911800 ) ) ;
#3724 = CARTESIAN_POINT ( 'NONE',  ( 1.623870301868692600, -18.30555161805514800, 8.364585243713415600 ) ) ;
#3723 = CARTESIAN_POINT ( 'NONE',  ( 2.707719388371316400, -17.14665463645257000, 7.349029861362889300 ) ) ;
#3725 = CARTESIAN_POINT ( 'NONE',  ( 1.922939252213055900, -18.06361662820575000, 9.472087777365127100 ) ) ;
#3726 = CARTESIAN_POINT ( 'NONE',  ( 3.117928964375947100, -17.13297671136183500, 8.274058358066037400 ) ) ;
#3727 = CARTESIAN_POINT ( 'NONE',  ( 4.863721232746523300, -16.76459493445527500, 6.499999959971436400 ) ) ;
#3728 = CARTESIAN_POINT ( 'NONE',  ( 3.723826657489671500, -18.58829157671095100, 7.069677170298755100 ) ) ;
#3729 = CARTESIAN_POINT ( 'NONE',  ( 0.9874236474013000600, -19.18880777885000200, 6.612376248815998300 ) ) ;
#3730 = CARTESIAN_POINT ( 'NONE',  ( 2.841028650765800900, -18.87006550454037400, 7.850485681894933300 ) ) ;
#3731 = CARTESIAN_POINT ( 'NONE',  ( 3.521171567936001200, -16.61993346360000600, 6.899230593224002600 ) ) ;
#3732 = CARTESIAN_POINT ( 'NONE',  ( 1.795327400210075600, -17.42946421663123900, 7.795857776055055600 ) ) ;
#3733 = CARTESIAN_POINT ( 'NONE',  ( 1.796338673896923100, -16.75641259262551200, 8.230166940853825600 ) ) ;
#3734 = CARTESIAN_POINT ( 'NONE',  ( 1.447869407406125100, -18.01265453040863200, 8.190192410174525200 ) ) ;
#3735 = CARTESIAN_POINT ( 'NONE',  ( 3.437888789776305700, -18.81365901953408600, 7.317653628991151600 ) ) ;
#3737 = CARTESIAN_POINT ( 'NONE',  ( 2.162862402501798200, -18.64419908943621400, 8.251996056920097200 ) ) ;
#3736 = CARTESIAN_POINT ( 'NONE',  ( 3.731930224997749500, -17.54298204155484000, 6.875597077357860500 ) ) ;
#3738 = DIRECTION ( 'NONE',  ( -0.8695336349508420200, 0.4623392348504718500, 0.1736481776669597000 ) ) ;
#3739 = CARTESIAN_POINT ( 'NONE',  ( 3.757130722441197200, -18.34993072480595100, 6.499022983377692200 ) ) ;
#3740 = CARTESIAN_POINT ( 'NONE',  ( 1.848902715954086100, -16.54175855491210000, 8.539790742171520700 ) ) ;
#3741 = CARTESIAN_POINT ( 'NONE',  ( 2.291355892980885900, -17.69320724462706800, 6.597708058661290800 ) ) ;
#3742 = CARTESIAN_POINT ( 'NONE',  ( 2.316449950195151900, -17.19572057152721100, 7.580066164773666200 ) ) ;
#3743 = CARTESIAN_POINT ( 'NONE',  ( 2.224846063871198900, -17.60259886865619800, 6.500000022298685600 ) ) ;
#3744 = CARTESIAN_POINT ( 'NONE',  ( 3.066072399524771600, -18.91559489343416800, 7.511491177139832900 ) ) ;
#3745 = CARTESIAN_POINT ( 'NONE',  ( 1.849060564764742500, -18.42528740475607300, 8.150578129283149000 ) ) ;
#3747 = CARTESIAN_POINT ( 'NONE',  ( 2.033420259480370100, -18.44065250580156200, 8.971601236742756700 ) ) ;
#3746 = CARTESIAN_POINT ( 'NONE',  ( 2.136124434525489500, -17.61066921406057900, 7.244626186323080800 ) ) ;
#3748 = APPLICATION_PROTOCOL_DEFINITION ( 'draft international standard', 'automotive_design', 1998, #4305 ) ;
#3749 = LINE ( 'NONE', #607, #3136 ) ;
#3750 = CARTESIAN_POINT ( 'NONE',  ( 2.313091695117482200, -17.44047427102525900, 9.583466055497893900 ) ) ;
#3751 = CARTESIAN_POINT ( 'NONE',  ( 2.537429473204488000, -17.01358331267114500, 7.824458267211589700 ) ) ;
#3752 = CARTESIAN_POINT ( 'NONE',  ( 5.071423749402852000, -17.26039284155690000, 6.499999963399137200 ) ) ;
#3753 = CARTESIAN_POINT ( 'NONE',  ( 1.120530069896000300, -19.36834781967999700, 6.736751149921000900 ) ) ;
#3754 = CARTESIAN_POINT ( 'NONE',  ( 3.475396696324621400, -18.52163101752808300, 8.021537461287637800 ) ) ;
#3755 = ORIENTED_EDGE ( 'NONE', *, *, #6291, .F. ) ;
#3756 = CARTESIAN_POINT ( 'NONE',  ( 3.022484082990000200, -16.57399514154000300, 6.880997255274000000 ) ) ;
#3757 = CARTESIAN_POINT ( 'NONE',  ( 1.650250404724470200, -18.12026241547249200, 8.029697380731258600 ) ) ;
#3758 = CARTESIAN_POINT ( 'NONE',  ( 1.453818226931721000, -17.31459445102907300, 8.008666755535783100 ) ) ;
#3759 = CARTESIAN_POINT ( 'NONE',  ( 1.660966134113913900, -18.37076552834809800, 8.807280841166568000 ) ) ;
#3760 = CARTESIAN_POINT ( 'NONE',  ( 3.849244120940022100, -18.19311248482297900, 7.330327350789350900 ) ) ;
#3761 = CARTESIAN_POINT ( 'NONE',  ( 3.086261177268681400, -17.17414342147663600, 6.853976777073110100 ) ) ;
#3762 = ADVANCED_FACE ( 'NONE', ( #6164, #3225 ), #4082, .T. ) ;
#3763 = CARTESIAN_POINT ( 'NONE',  ( 3.649519217116237200, -18.69255623972519600, 6.500000011530013400 ) ) ;
#3764 = CARTESIAN_POINT ( 'NONE',  ( 2.345867413939437500, -17.58776810609221300, 6.497198038366088100 ) ) ;
#3765 = CARTESIAN_POINT ( 'NONE',  ( 1.470727314849940200, -16.99258118514260800, 8.083507764717005300 ) ) ;
#3766 = CARTESIAN_POINT ( 'NONE',  ( -0.7166962450997309600, -16.99027746850825700, 8.861546308880932100 ) ) ;
#3767 = CARTESIAN_POINT ( 'NONE',  ( 1.946960055871964400, -17.77437883437879400, 7.497866805557816100 ) ) ;
#3768 = CARTESIAN_POINT ( 'NONE',  ( 2.508209233073633600, -17.31268849660104100, 6.500000012640162700 ) ) ;
#3769 = CARTESIAN_POINT ( 'NONE',  ( 3.673732975897717100, -18.49494406054322200, 7.602339039818309300 ) ) ;
#3770 = CARTESIAN_POINT ( 'NONE',  ( 2.345978143668797400, -18.60684248076577100, 8.674565254692007300 ) ) ;
#3772 = CARTESIAN_POINT ( 'NONE',  ( 2.536284511352635600, -18.02229621138631200, 9.325205538142864000 ) ) ;
#3771 = CARTESIAN_POINT ( 'NONE',  ( 2.069801881980811100, -18.29616805405099500, 7.292043619539606800 ) ) ;
#3773 = PRODUCT_CONTEXT ( 'NONE', #4305, 'mechanical' ) ;
#3774 = CARTESIAN_POINT ( 'NONE',  ( 2.407049264463059200, -16.83853033900345900, 9.155345381729620900 ) ) ;
#3775 = CARTESIAN_POINT ( 'NONE',  ( 1.985921763787017200, -17.46409115453746700, 7.606655564136345600 ) ) ;
#3776 = CARTESIAN_POINT ( 'NONE',  ( 1.670621185030073400, -17.36213615621525400, 6.849127379413459900 ) ) ;
#3777 = CARTESIAN_POINT ( 'NONE',  ( 1.310451725167000000, -19.48768758712999400, 6.861126051024999800 ) ) ;
#3778 = CARTESIAN_POINT ( 'NONE',  ( 3.680023745036722400, -17.80980448642915100, 7.955319359346213500 ) ) ;
#3779 = CARTESIAN_POINT ( 'NONE',  ( 4.521860183484801800, -16.61526353216329400, 6.848617413941101800 ) ) ;
#3780 = CARTESIAN_POINT ( 'NONE',  ( 1.953181438671781600, -18.52613916185826400, 8.575544143896438600 ) ) ;
#3781 = CARTESIAN_POINT ( 'NONE',  ( 1.259991417250607300, -17.95528460081001000, 8.335015321365885300 ) ) ;
#3782 = CARTESIAN_POINT ( 'NONE',  ( 2.124380506597626000, -18.17072484308830100, 9.353322314383472500 ) ) ;
#3783 = CARTESIAN_POINT ( 'NONE',  ( 3.660331448143157500, -17.47938199893733100, 7.241833043454081000 ) ) ;
#3784 = CARTESIAN_POINT ( 'NONE',  ( 2.382077161953230600, -17.41300597490600700, 6.839152578580316400 ) ) ;
#3785 = CARTESIAN_POINT ( 'NONE',  ( 3.554928938627145200, -18.10077084599234400, 8.258238494894076400 ) ) ;
#3786 = CARTESIAN_POINT ( 'NONE',  ( 3.253007407891440400, -18.93241789872038800, 6.500000022585497900 ) ) ;
#3787 = CARTESIAN_POINT ( 'NONE',  ( 3.325911981940247400, -17.32956880001219000, 6.598980477797800500 ) ) ;
#3788 = CARTESIAN_POINT ( 'NONE',  ( 1.205233308098036400, -17.62653504226973700, 8.159919040341193900 ) ) ;
#3789 = CARTESIAN_POINT ( 'NONE',  ( 2.031875046740116100, -18.47143099373229800, 7.745956262171799400 ) ) ;
#3790 = CARTESIAN_POINT ( 'NONE',  ( 3.775339290738305200, -17.76149204692033100, 7.534113330927806600 ) ) ;
#3791 = CARTESIAN_POINT ( 'NONE',  ( 2.899736551620842700, -18.21554708915476400, 8.979802849006626200 ) ) ;
#3793 = CARTESIAN_POINT ( 'NONE',  ( 2.791819721597669400, -17.33753802992319800, 9.188317130668288300 ) ) ;
#3792 = CARTESIAN_POINT ( 'NONE',  ( 2.529045909453676400, -18.83890231380336600, 7.510844816133338300 ) ) ;
#3794 = CARTESIAN_POINT ( 'NONE',  ( 2.140288042384324900, -16.67116058355570400, 8.481731054229834800 ) ) ;
#3795 = CARTESIAN_POINT ( 'NONE',  ( 1.856658533998151800, -18.13566388668334600, 7.709221052971569700 ) ) ;
#3796 = CARTESIAN_POINT ( 'NONE',  ( 1.023797860855600000, -18.68433208990669700, 6.899997398026101800 ) ) ;
#3797 = CARTESIAN_POINT ( 'NONE',  ( 1.531479873878000000, -19.51977900761999900, 6.488001347711999300 ) ) ;
#3798 = CARTESIAN_POINT ( 'NONE',  ( 3.312184952529842400, -17.21667863806841600, 7.695101977704593900 ) ) ;
#3799 = CARTESIAN_POINT ( 'NONE',  ( 3.793226705440420100, -18.49176612249600300, 6.500000008756943600 ) ) ;
#3800 = CARTESIAN_POINT ( 'NONE',  ( 2.496087266523915100, -18.36836483315460100, 9.058546183377503200 ) ) ;
#3801 = CARTESIAN_POINT ( 'NONE',  ( 1.417836137363495100, -18.22847578307108700, 9.008681638517666500 ) ) ;
#3802 = CARTESIAN_POINT ( 'NONE',  ( 2.522929447644269200, -17.55204698316297800, 9.459750196469848000 ) ) ;
#3803 = CARTESIAN_POINT ( 'NONE',  ( 3.003466764383591500, -17.15565114892386900, 7.112768831390561700 ) ) ;
#3804 = CARTESIAN_POINT ( 'NONE',  ( 2.098497640618850500, -18.04237249869153100, 6.799999999999741400 ) ) ;
#3805 = CARTESIAN_POINT ( 'NONE',  ( 3.457881413317351900, -17.39726770364619700, 8.033949053419707600 ) ) ;
#3806 = CARTESIAN_POINT ( 'NONE',  ( 2.684467753037629700, -18.91355371845157400, 6.500000033055600000 ) ) ;
#3807 = CARTESIAN_POINT ( 'NONE',  ( 3.793488598635083700, -18.22407811993172200, 6.699999608459716400 ) ) ;
#3808 = CARTESIAN_POINT ( 'NONE',  ( 1.155960426444529600, -18.08923399765245700, 8.740196991572768000 ) ) ;
#3809 = CARTESIAN_POINT ( 'NONE',  ( 3.929253499523766000, -18.11281448234499100, 6.599999998463816900 ) ) ;
#3810 = CARTESIAN_POINT ( 'NONE',  ( 2.580078223714971300, -18.78844609106455700, 8.136305578885750100 ) ) ;
#3811 = CARTESIAN_POINT ( 'NONE',  ( 3.306098133510667400, -17.21344221898771200, 7.354156199023380600 ) ) ;
#3812 = CARTESIAN_POINT ( 'NONE',  ( 3.135569456356976900, -17.52031300602702400, 8.861638313050109500 ) ) ;
#3814 = CARTESIAN_POINT ( 'NONE',  ( 2.624034813302229100, -16.85078271863904200, 8.650386535769698100 ) ) ;
#3813 = CARTESIAN_POINT ( 'NONE',  ( 3.244460312699961600, -18.82175240650303400, 7.717496327819863400 ) ) ;
#3815 = CARTESIAN_POINT ( 'NONE',  ( 1.695906376910056900, -17.04816249676469300, 8.019859925359835300 ) ) ;
#3816 = ORIENTED_EDGE ( 'NONE', *, *, #1035, .T. ) ;
#3817 = CARTESIAN_POINT ( 'NONE',  ( 2.193771504580802800, -18.66063375053611400, 8.114290127547626200 ) ) ;
#3818 = CARTESIAN_POINT ( 'NONE',  ( 1.700335567560000500, -17.34527966881999800, 6.889247048010001400 ) ) ;
#3819 = CARTESIAN_POINT ( 'NONE',  ( 2.949148409145589500, -19.55161495436051000, 6.894485627834175300 ) ) ;
#3820 = CARTESIAN_POINT ( 'NONE',  ( 2.624487960750838200, -17.14957354032408800, 7.419585607112686000 ) ) ;
#3821 = CARTESIAN_POINT ( 'NONE',  ( 1.128422728064181900, -17.86656414774831700, 9.363351357776190700 ) ) ;
#3822 = CARTESIAN_POINT ( 'NONE',  ( 2.910129732611919500, -17.75792502662350400, 9.152687171977621700 ) ) ;
#3823 = CARTESIAN_POINT ( 'NONE',  ( 1.817948918619766200, -17.95232171130885500, 9.571610880775274700 ) ) ;
#3824 = CARTESIAN_POINT ( 'NONE',  ( 2.584612191932759800, -16.93294222225301500, 9.050658070514524300 ) ) ;
#3825 = CARTESIAN_POINT ( 'NONE',  ( 1.496530060083143300, -17.53488095730970300, 9.809042942427074900 ) ) ;
#3826 = CARTESIAN_POINT ( 'NONE',  ( 2.322491774277137800, -17.44547238177743500, 7.030741096570290300 ) ) ;
#3827 = CARTESIAN_POINT ( 'NONE',  ( 2.384949712261275500, -18.72968395945350300, 6.800000000000763700 ) ) ;
#3828 = FACE_OUTER_BOUND ( 'NONE', #3670, .T. ) ;
#3829 = CARTESIAN_POINT ( 'NONE',  ( 2.890588644249553900, -17.07010249015145200, 7.681047195273165200 ) ) ;
#3830 = CARTESIAN_POINT ( 'NONE',  ( 2.254914468546818500, -18.57725066563572700, 6.500000036188681400 ) ) ;
#3831 = CARTESIAN_POINT ( 'NONE',  ( 2.292495232172019100, -17.69381305665842800, 6.698209227723908500 ) ) ;
#3832 = CARTESIAN_POINT ( 'NONE',  ( 1.417971356620908900, -18.03928402458478800, 9.434624782819788900 ) ) ;
#3833 = CARTESIAN_POINT ( 'NONE',  ( 3.244213760880482900, -17.17162049201781200, 6.699999998865275000 ) ) ;
#3834 = CARTESIAN_POINT ( 'NONE',  ( 3.217433684598219700, -18.51405016493871300, 8.403952913872270600 ) ) ;
#3835 = CARTESIAN_POINT ( 'NONE',  ( 2.581241725336980200, -17.22557172321426900, 7.184191802458242300 ) ) ;
#3836 = CARTESIAN_POINT ( 'NONE',  ( 2.890360366431526300, -16.99239052713126000, 8.397286946154871100 ) ) ;
#3838 = CARTESIAN_POINT ( 'NONE',  ( 2.148153495607834500, -16.89630201258012600, 8.080829328629690200 ) ) ;
#3837 = CARTESIAN_POINT ( 'NONE',  ( 3.724745236728209900, -18.25649576762171100, 7.770083402443421300 ) ) ;
#3839 = ORIENTED_EDGE ( 'NONE', *, *, #1333, .T. ) ;
#3840 = CARTESIAN_POINT ( 'NONE',  ( 1.421723423160494500, -17.68252526416021600, 8.043618920052964000 ) ) ;
#3841 = CARTESIAN_POINT ( 'NONE',  ( 2.817502426992252800, -18.64655364694281700, 8.519359202122709400 ) ) ;
#3842 = CARTESIAN_POINT ( 'NONE',  ( 1.449702123479000000, -17.77825418381000200, 6.860127676783999800 ) ) ;
#3843 = CARTESIAN_POINT ( 'NONE',  ( 0.1631666649382239900, -15.66514904304488300, 9.739249341323517900 ) ) ;
#3844 = CARTESIAN_POINT ( 'NONE',  ( 2.124704698078568700, -17.60459723248457900, 7.280161101733514600 ) ) ;
#3845 = CARTESIAN_POINT ( 'NONE',  ( 2.912257790916105400, -17.10715447747585900, 8.790823942051011000 ) ) ;
#3846 = CARTESIAN_POINT ( 'NONE',  ( 2.267069062069269100, -16.73857124747819800, 8.406983671693073000 ) ) ;
#3847 = CARTESIAN_POINT ( 'NONE',  ( 1.818874725849375200, -16.87568456548513400, 9.688638376652047400 ) ) ;
#3848 = CARTESIAN_POINT ( 'NONE',  ( 2.085921484820589800, -18.09480525218944500, 7.005749794503328700 ) ) ;
#3849 = CARTESIAN_POINT ( 'NONE',  ( 3.090169255448956600, -18.96547166643317100, 6.800000000000909300 ) ) ;
#3850 = B_SPLINE_CURVE_WITH_KNOTS ( 'NONE', 3,
 ( #4745, #5862, #6413, #3095 ),
 .UNSPECIFIED., .F., .F.,
 ( 4, 4 ),
 ( 0.0000000000000000000, 0.3002380414962132500 ),
 .UNSPECIFIED. ) ;
#3851 = CARTESIAN_POINT ( 'NONE',  ( 2.240144192990497300, -17.33753887664347800, 7.439076125258726100 ) ) ;
#3852 = CARTESIAN_POINT ( 'NONE',  ( 2.096222447632605700, -18.04287124576129400, 6.500000031261945900 ) ) ;
#3853 = CARTESIAN_POINT ( 'NONE',  ( 3.093885229827956400, -17.26660571270515700, 6.799705717683902900 ) ) ;
#3855 = CARTESIAN_POINT ( 'NONE',  ( 1.815191576123210000, -17.50674006914271500, 9.771030964893629500 ) ) ;
#3854 = CARTESIAN_POINT ( 'NONE',  ( 2.771822663368464800, -18.57044651059263500, 8.674109538394112900 ) ) ;
#3856 = CARTESIAN_POINT ( 'NONE',  ( 2.268050271554313800, -17.52954820421844000, 6.800000000000000700 ) ) ;
#3857 = CARTESIAN_POINT ( 'NONE',  ( 3.510454935600349800, -17.83058428371859300, 8.365621771833252400 ) ) ;
#3858 = CARTESIAN_POINT ( 'NONE',  ( 2.124556266502341200, -17.73794442604327100, 7.101276347690596700 ) ) ;
#3859 = EDGE_CURVE ( 'NONE', #5402, #1677, #2936, .T. ) ;
#3860 = CARTESIAN_POINT ( 'NONE',  ( 2.332502858736856600, -16.99432230767724400, 7.905634918609792700 ) ) ;
#3862 = CARTESIAN_POINT ( 'NONE',  ( 1.743235339239696000, -17.40176637649842900, 7.843207596702726800 ) ) ;
#3861 = CARTESIAN_POINT ( 'NONE',  ( 3.647045604490446000, -17.52944818034303500, 7.634242711995323600 ) ) ;
#3863 = CARTESIAN_POINT ( 'NONE',  ( 1.428136674895027300, -18.22093744314440000, 8.558209407993581800 ) ) ;
#3864 = CARTESIAN_POINT ( 'NONE',  ( 3.305175961259287900, -18.09883882089523900, 8.648488440317288800 ) ) ;
#3865 = PLANE ( 'NONE',  #90 ) ;
#3866 = CARTESIAN_POINT ( 'NONE',  ( 2.056969526871845800, -18.33651880875716600, 7.392908810202270000 ) ) ;
#3867 = CARTESIAN_POINT ( 'NONE',  ( 2.240230307374493800, -16.75401331611797000, 6.499999999558586900 ) ) ;
#3868 = CARTESIAN_POINT ( 'NONE',  ( 2.501010030076125100, -16.86295986662019100, 8.221460509707730700 ) ) ;
#3869 = CARTESIAN_POINT ( 'NONE',  ( 1.787868218740191800, -17.09705947541899100, 7.965641186725738600 ) ) ;
#3870 = CARTESIAN_POINT ( 'NONE',  ( 1.891313595265553100, -16.46775851769717700, 9.070887791112253900 ) ) ;
#3871 = CARTESIAN_POINT ( 'NONE',  ( 2.412438569850173600, -18.75731527718284800, 7.093543306970037300 ) ) ;
#3872 = CARTESIAN_POINT ( 'NONE',  ( 3.734222799899463000, -18.59381930368363800, 6.800000000000090400 ) ) ;
#3873 = CARTESIAN_POINT ( 'NONE',  ( 1.968323427139604600, -17.97315764162415200, 7.424556125839306000 ) ) ;
#3874 = CARTESIAN_POINT ( 'NONE',  ( 2.914751822257999800, -19.57388926355999800, 6.861126032036001000 ) ) ;
#3875 = CARTESIAN_POINT ( 'NONE',  ( 1.723719361511372200, -16.83457577923418900, 9.596591541603475100 ) ) ;
#3876 = CARTESIAN_POINT ( 'NONE',  ( 2.074836199218608200, -16.85731851458333400, 9.518393758359676900 ) ) ;
#3877 = CARTESIAN_POINT ( 'NONE',  ( 3.257914132448843400, -17.20740814551955800, 8.047635475922341200 ) ) ;
#3878 = CARTESIAN_POINT ( 'NONE',  ( 2.167353660932875400, -18.47480191114239600, 7.192223335247360800 ) ) ;
#3879 = CARTESIAN_POINT ( 'NONE',  ( 1.892764636981292300, -17.48127251441787800, 7.692499242303870100 ) ) ;
#3881 = CARTESIAN_POINT ( 'NONE',  ( 1.585926489731460000, -18.08606078318910100, 8.088165519283251100 ) ) ;
#3880 = CARTESIAN_POINT ( 'NONE',  ( 3.059968651078302800, -17.13463313965025800, 7.401051341644629700 ) ) ;
#3882 = CARTESIAN_POINT ( 'NONE',  ( 1.776558036390738700, -18.26701219171699000, 9.213850474018860500 ) ) ;
#3883 = CARTESIAN_POINT ( 'NONE',  ( 3.321889796803067200, -17.39362401806359100, 8.413000320806263600 ) ) ;
#3884 = CARTESIAN_POINT ( 'NONE',  ( 3.577236689132977400, -18.62196999921019000, 6.499999997366597200 ) ) ;
#3885 = CARTESIAN_POINT ( 'NONE',  ( 3.431521258050081800, -19.50826313794555100, 6.500000027752572700 ) ) ;
#3886 = CARTESIAN_POINT ( 'NONE',  ( 2.540437918887924300, -18.83838897119616700, 7.656093362737399500 ) ) ;
#3887 = CARTESIAN_POINT ( 'NONE',  ( 5.317390235280738500, -16.90939752910786400, 6.499999953541546900 ) ) ;
#3888 = CARTESIAN_POINT ( 'NONE',  ( 1.957559568051763900, -17.18728596631984800, 7.831070162445290500 ) ) ;
#3889 = CARTESIAN_POINT ( 'NONE',  ( 1.515326380425914900, -17.73229483936991000, 7.984452921568236900 ) ) ;
#3890 = CARTESIAN_POINT ( 'NONE',  ( 1.662563920961935200, -16.59093561687481600, 8.372759977984568300 ) ) ;
#3891 = CARTESIAN_POINT ( 'NONE',  ( 3.124163289742469800, -18.94648236765719000, 7.198607190266210800 ) ) ;
#3892 = CARTESIAN_POINT ( 'NONE',  ( 3.877896395360247400, -17.86319646568145500, 6.799999999998853200 ) ) ;
#3893 = CARTESIAN_POINT ( 'NONE',  ( 2.200911400261743400, -18.63182905317438600, 7.682987898113212000 ) ) ;
#3894 = CARTESIAN_POINT ( 'NONE',  ( 3.386080840942000200, -19.52212719821000100, 6.488001347711999300 ) ) ;
#3895 = CARTESIAN_POINT ( 'NONE',  ( 1.272166432376368000, -17.15129459575297900, 8.178730854216985000 ) ) ;
#3896 = CARTESIAN_POINT ( 'NONE',  ( 2.022448470815040500, -16.53091358637848500, 8.852019339683803200 ) ) ;
#3897 = CARTESIAN_POINT ( 'NONE',  ( 5.077439887626522500, -17.16548003563779200, 6.849127384410598700 ) ) ;
#3898 = CARTESIAN_POINT ( 'NONE',  ( 2.634717997729068000, -17.06531253875374100, 7.667096252180883200 ) ) ;
#3899 = CARTESIAN_POINT ( 'NONE',  ( 2.739995459356572300, -18.91846513185495800, 7.361426917793209200 ) ) ;
#3901 = CARTESIAN_POINT ( 'NONE',  ( 1.770567098256511200, -18.18423593621023600, 7.902068997154845700 ) ) ;
#3900 = CARTESIAN_POINT ( 'NONE',  ( 3.879949605026836100, -18.20943888031619900, 7.066176557556796700 ) ) ;
#3903 = CARTESIAN_POINT ( 'NONE',  ( 1.860304969738929600, -18.47675586734694500, 8.659965532961083000 ) ) ;
#3902 = CARTESIAN_POINT ( 'NONE',  ( 2.366680458655374700, -17.34318381166448800, 7.230649883918824000 ) ) ;
#3904 = CARTESIAN_POINT ( 'NONE',  ( 2.859966490370960700, -17.00883086380297400, 7.974883187529885100 ) ) ;
#3905 = CARTESIAN_POINT ( 'NONE',  ( 2.863369118880692900, -18.85811919591232000, 6.500000010864388500 ) ) ;
#3906 = CARTESIAN_POINT ( 'NONE',  ( 3.243095380411500800, -18.76555609283966700, 7.888976809543966500 ) ) ;
#3907 = CARTESIAN_POINT ( 'NONE',  ( 1.687129547269494300, -17.82364420357050600, 7.839596612838247000 ) ) ;
#3908 = B_SPLINE_CURVE_WITH_KNOTS ( 'NONE', 3,
 ( #7058, #6499, #430, #4294 ),
 .UNSPECIFIED., .F., .F.,
 ( 4, 4 ),
 ( 0.0000000000000000000, 1.000000000000000000 ),
 .UNSPECIFIED. ) ;
#3909 = CARTESIAN_POINT ( 'NONE',  ( 1.560471104217610900, -18.29130090734913200, 8.474561424281104000 ) ) ;
#3910 = CARTESIAN_POINT ( 'NONE',  ( 1.289716028915674200, -17.16062588175734800, 8.073683491962285100 ) ) ;
#3911 = CARTESIAN_POINT ( 'NONE',  ( 3.739241292201625400, -18.52977545017502000, 7.249503972190083800 ) ) ;
#3912 = ORIENTED_EDGE ( 'NONE', *, *, #5347, .T. ) ;
#3913 = CARTESIAN_POINT ( 'NONE',  ( 3.422524406507659200, -17.27534716643460300, 6.799999999998050300 ) ) ;
#3914 = CARTESIAN_POINT ( 'NONE',  ( 2.837502556796330100, -18.83112639969018100, 8.012256484764048300 ) ) ;
#3915 = CARTESIAN_POINT ( 'NONE',  ( 3.820034831201000200, -19.33167176071000500, 6.612376242486998700 ) ) ;
#3916 = CARTESIAN_POINT ( 'NONE',  ( 4.329378760636831900, -18.77786381485248800, 6.849127380276195600 ) ) ;
#3917 = CARTESIAN_POINT ( 'NONE',  ( 1.691298278876328000, -16.75238039908243300, 8.222647640109787700 ) ) ;
#3918 = CARTESIAN_POINT ( 'NONE',  ( 4.271245106949400800, -18.77958768971499700, 6.899997398026101800 ) ) ;
#3919 = CARTESIAN_POINT ( 'NONE',  ( 2.062526474926620300, -17.50482260196045200, 7.482749155187491400 ) ) ;
#3920 = CARTESIAN_POINT ( 'NONE',  ( 3.456493516029837600, -18.76443171380599400, 7.494229084427879600 ) ) ;
#3922 = CARTESIAN_POINT ( 'NONE',  ( 2.126905156361328200, -18.61850970105772200, 8.391263171516680300 ) ) ;
#3921 = CARTESIAN_POINT ( 'NONE',  ( 3.685913190183524300, -17.49298405245896500, 7.021760386949845900 ) ) ;
#3924 = CARTESIAN_POINT ( 'NONE',  ( 2.377945571677851700, -18.30554777973208400, 9.165932759331060000 ) ) ;
#3923 = CARTESIAN_POINT ( 'NONE',  ( 2.053873737173983000, -17.95700995747074200, 7.192647904172690500 ) ) ;
#3925 = PRESENTATION_STYLE_ASSIGNMENT (( #5421 ) ) ;
#3926 = CARTESIAN_POINT ( 'NONE',  ( 2.867222340557106500, -17.17678716753649600, 6.500000003835909400 ) ) ;
#3927 = CARTESIAN_POINT ( 'NONE',  ( 2.230367631704467200, -17.20906940503648000, 7.631019874095902500 ) ) ;
#3928 = CARTESIAN_POINT ( 'NONE',  ( 2.266765488825619900, -18.39891553034194200, 6.500000022144971200 ) ) ;
#3929 = CARTESIAN_POINT ( 'NONE',  ( 2.816100921791184800, -17.28746952683449900, 6.500000011758142000 ) ) ;
#3930 = ORIENTED_EDGE ( 'NONE', *, *, #5551, .F. ) ;
#3931 = CARTESIAN_POINT ( 'NONE',  ( 3.688274726875080000, -18.17167205927691500, 7.934367669454759100 ) ) ;
#3932 = CARTESIAN_POINT ( 'NONE',  ( 4.668300466681937900, -18.14136395061469600, 6.849127379677136100 ) ) ;
#3933 = CARTESIAN_POINT ( 'NONE',  ( 1.803363793767890100, -18.42044924126542700, 8.269765790579040000 ) ) ;
#3934 = CARTESIAN_POINT ( 'NONE',  ( 1.958240334015276500, -18.36361438293040000, 9.099009929873719900 ) ) ;
#3935 = CARTESIAN_POINT ( 'NONE',  ( 2.189643236880436400, -17.31068704196778500, 9.639468272805691700 ) ) ;
#3936 = CARTESIAN_POINT ( 'NONE',  ( 1.077274844028149700, -17.76843206678898600, 8.322097354650754400 ) ) ;
#3937 = CARTESIAN_POINT ( 'NONE',  ( 3.835277204636033100, -17.79336160105454900, 7.211281069364434700 ) ) ;
#3938 = CARTESIAN_POINT ( 'NONE',  ( 2.680534465826272400, -17.22654783463381600, 6.799999999998219900 ) ) ;
#3939 = CARTESIAN_POINT ( 'NONE',  ( 3.444668318299173700, -18.43986045483391600, 8.189238470617713300 ) ) ;
#3940 = CARTESIAN_POINT ( 'NONE',  ( 4.173670089321000800, -19.01515696125000300, 6.736751137261000700 ) ) ;
#3941 = CARTESIAN_POINT ( 'NONE',  ( 2.201946163806713900, -17.64566727684651300, 6.500000023370576600 ) ) ;
#3942 = CARTESIAN_POINT ( 'NONE',  ( 1.365025763059253700, -17.33409489372500500, 8.040043384299876200 ) ) ;
#3943 = CARTESIAN_POINT ( 'NONE',  ( 4.751365919077000100, -17.90237885741999700, 6.899230593224002600 ) ) ;
#3944 = CARTESIAN_POINT ( 'NONE',  ( 1.942068041242976900, -18.18107692723939200, 7.560975934694464100 ) ) ;
#3945 = CARTESIAN_POINT ( 'NONE',  ( 3.824803793611629500, -18.11848174138841100, 7.499429986624273100 ) ) ;
#3947 = CARTESIAN_POINT ( 'NONE',  ( 2.717069122085634000, -18.48586296998362100, 8.824135178577512000 ) ) ;
#3946 = CARTESIAN_POINT ( 'NONE',  ( 3.021575802812159300, -17.16527989545496900, 6.956981778756558700 ) ) ;
#3949 = CARTESIAN_POINT ( 'NONE',  ( 2.787063641696521100, -17.69248962536566700, 9.264549847865364300 ) ) ;
#3948 = CARTESIAN_POINT ( 'NONE',  ( 2.272845358774183000, -18.65061777672777800, 7.348012569862774500 ) ) ;
#3950 = CARTESIAN_POINT ( 'NONE',  ( 3.414720446546275000, -17.27122512808785300, 6.499999994884765500 ) ) ;
#3951 = CARTESIAN_POINT ( 'NONE',  ( 1.894866257028401200, -17.81082858969083600, 7.572014671884895500 ) ) ;
#3952 = PRODUCT_DEFINITION_SHAPE ( 'NONE', 'NONE',  #2407 ) ;
#3953 = CARTESIAN_POINT ( 'NONE',  ( 0.9927779574664711300, -18.63513598289512200, 6.849127380969428600 ) ) ;
#3954 = CARTESIAN_POINT ( 'NONE',  ( 3.468036497088806200, -17.41960349811925800, 6.499999999431355300 ) ) ;
#3955 = CARTESIAN_POINT ( 'NONE',  ( 3.570717489008906000, -17.45726370932375500, 7.759892306268394400 ) ) ;
#3956 = CARTESIAN_POINT ( 'NONE',  ( 0.9599958343132140000, -16.98531054447459400, 9.865754731254075000 ) ) ;
#3957 = CARTESIAN_POINT ( 'NONE',  ( 2.291708367539092400, -18.54092248151369700, 8.817845447849425300 ) ) ;
#3958 = CARTESIAN_POINT ( 'NONE',  ( 2.437039222475552600, -17.90409456096400800, 9.434651230210072000 ) ) ;
#3959 = CARTESIAN_POINT ( 'NONE',  ( 2.277663727095566400, -16.74420453079662600, 9.165653792700823000 ) ) ;
#3960 = CARTESIAN_POINT ( 'NONE',  ( 1.095163481590212700, -18.07649350300958000, 8.998941254873827200 ) ) ;
#3961 = CARTESIAN_POINT ( 'NONE',  ( 3.351343145613960000, -17.23749941865918700, 7.110461538466929600 ) ) ;
#3962 = CARTESIAN_POINT ( 'NONE',  ( 1.025222031937976600, -18.65241171116195300, 6.900000000001214500 ) ) ;
#3963 = CARTESIAN_POINT ( 'NONE',  ( 3.608569224253036700, -17.71999266859825500, 8.092190903820725400 ) ) ;
#3964 = CARTESIAN_POINT ( 'NONE',  ( 4.345030395589000200, -18.74811754422999500, 6.861126032036001000 ) ) ;
#3965 = CARTESIAN_POINT ( 'NONE',  ( 3.690915858780358300, -18.68418881449627400, 6.900000000000000400 ) ) ;
#3966 = CARTESIAN_POINT ( 'NONE',  ( 1.178541928564746000, -17.94904138690085200, 8.414378147400041600 ) ) ;
#3967 = CARTESIAN_POINT ( 'NONE',  ( 5.011777285301001900, -17.47461086255999500, 6.880997255274000000 ) ) ;
#3968 = CARTESIAN_POINT ( 'NONE',  ( 2.027535886728322600, -18.06376107900605600, 9.465099993565107900 ) ) ;
#3969 = CARTESIAN_POINT ( 'NONE',  ( 2.317231989579083200, -18.72627885484779500, 7.900000000001808700 ) ) ;
#3970 = CARTESIAN_POINT ( 'NONE',  ( 3.598632980684483200, -17.42104604420243800, 7.374494927428308700 ) ) ;
#3972 = CARTESIAN_POINT ( 'NONE',  ( 3.140322579960581200, -17.88032073466062900, 8.908505420007038800 ) ) ;
#3971 = CARTESIAN_POINT ( 'NONE',  ( 2.335851479482610400, -17.45257586303963000, 6.915811245036238100 ) ) ;
#3974 = CARTESIAN_POINT ( 'NONE',  ( 2.808120307970080300, -17.05178359560362400, 8.885481190167915600 ) ) ;
#3973 = CARTESIAN_POINT ( 'NONE',  ( 2.934179768656296300, -18.91959483249324200, 7.560626357206342800 ) ) ;
#3975 = CARTESIAN_POINT ( 'NONE',  ( 3.804107187779509400, -17.66534731448328400, 6.499999993368872400 ) ) ;
#3976 = CARTESIAN_POINT ( 'NONE',  ( 2.009239436212887600, -18.48492572379101900, 7.864319780526061600 ) ) ;
#3977 = CARTESIAN_POINT ( 'NONE',  ( 4.492963463592250400, -16.61629277919119100, 6.732751586247045900 ) ) ;
#3978 = B_SPLINE_SURFACE_WITH_KNOTS ( 'NONE', 3, 3, ( 
 ( #6500, #5944, #4779, #7060, #3739, #431, #4296, #983, #4851, #1539, #5411, #2095, #5968, #2651, #6527, #3202, #7081, #3764, #454 ),
 ( #4318, #1009, #4876, #1561, #5435, #2121, #5993, #2675, #6551, #3228, #7104, #3787, #480, #4344, #1031, #4899, #1587, #5456, #2143 ),
 ( #6017, #2697, #6574, #3251, #7129, #3807, #502, #4367, #1053, #4920, #1611, #5479, #2166, #6039, #2722, #6599, #3274, #7153, #3831 ),
 ( #524, #4391, #1079, #4943, #1634, #5503, #2188, #6061, #2743, #6624, #3297, #7175, #3853, #548, #4413, #1101, #4967, #1658, #5526 ) ),
 .UNSPECIFIED., .F., .F., .F.,
 ( 4, 4 ),
 ( 4, 3, 2, 2, 2, 2, 2, 2, 4 ),
 ( -0.001522003865795191500, 0.3002380414962132500 ),
 ( -0.07000000000000009000, -8.081462399615021000E-017, 1.000000000000000000, 2.000000000000000000, 3.000000000000000000, 4.000000000000000000, 5.000000000000000000, 6.000000000000000000, 7.000000000000000000 ),
 .UNSPECIFIED. ) ;
#3979 = CARTESIAN_POINT ( 'NONE',  ( 3.798358876290563100, -18.10167834714361100, 6.499999993185612700 ) ) ;
#3980 = CARTESIAN_POINT ( 'NONE',  ( 2.971154294620822300, -17.11294000632228300, 7.485368996279112800 ) ) ;
#3981 = CARTESIAN_POINT ( 'NONE',  ( 3.892933770295816700, -18.16957756803435900, 5.318274327801128200 ) ) ;
#3982 = CARTESIAN_POINT ( 'NONE',  ( 2.819191536540516000, -18.10728855068483900, 9.112438464257538200 ) ) ;
#3983 = CARTESIAN_POINT ( 'NONE',  ( 2.671329736873536000, -17.22165359342932000, 9.250603281166913700 ) ) ;
#3984 = VERTEX_POINT ( 'NONE', #4530 ) ;
#3985 = CARTESIAN_POINT ( 'NONE',  ( 2.024691243354550100, -16.63522697290923000, 8.474620726496493000 ) ) ;
#3986 = CARTESIAN_POINT ( 'NONE',  ( 1.393730262719348400, -17.83770178346241100, 9.638201082218596800 ) ) ;
#3987 = CARTESIAN_POINT ( 'NONE',  ( 2.612609709278800100, -17.24225037612870200, 7.015240356902421800 ) ) ;
#3988 = CARTESIAN_POINT ( 'NONE',  ( 0.1227898249903875100, -15.62825068268030600, 9.438822462062145000 ) ) ;
#3989 = CARTESIAN_POINT ( 'NONE',  ( 3.216648844478834600, -17.16588118835314000, 7.787759710535999200 ) ) ;
#3990 = CARTESIAN_POINT ( 'NONE',  ( 1.532814241184298900, -17.28988349403740100, 9.852904034337703000 ) ) ;
#3991 = EDGE_CURVE ( 'NONE', #230, #6416, #6808, .T. ) ;
#3992 = CARTESIAN_POINT ( 'NONE',  ( 5.024717263226998300, -17.45741858297999700, 6.488001347711999300 ) ) ;
#3993 = CARTESIAN_POINT ( 'NONE',  ( 1.324614289261862000, -18.16589361431397600, 9.110814441663670500 ) ) ;
#3994 = B_SPLINE_SURFACE_WITH_KNOTS ( 'NONE', 3, 3, ( 
 ( #5642, #2212, #2324, #6196 ),
 ( #2877, #6757, #3436, #138 ),
 ( #3992, #691, #4558, #1238 ),
 ( #5115, #1800, #5669, #2350 ),
 ( #6222, #2902, #6784, #3460 ),
 ( #163, #4021, #715, #4582 ),
 ( #1265, #5142, #1824, #5694 ),
 ( #2378, #6245, #2926, #6811 ),
 ( #3487, #185, #4044, #741 ),
 ( #4608, #1290, #5168, #1850 ),
 ( #5719, #2403, #6271, #2953 ),
 ( #6834, #3513, #210, #4069 ),
 ( #764, #4630, #1313, #5192 ),
 ( #1874, #5744, #2428, #6295 ),
 ( #2978, #6859, #3535, #236 ),
 ( #4092, #786, #4653, #1337 ),
 ( #5215, #1897, #5768, #2452 ),
 ( #6316, #3002, #6883, #3560 ),
 ( #257, #4115, #809, #4675 ),
 ( #1362, #5237, #1919, #5792 ) ),
 .UNSPECIFIED., .F., .F., .F.,
 ( 4, 1, 1, 1, 1, 1, 1, 1, 1, 1, 1, 1, 1, 1, 1, 1, 1, 4 ),
 ( 4, 4 ),
 ( 5.229780448879999700, 5.353710432208999700, 5.477640415538001400, 5.601570398867999700, 5.725500382196999600, 5.849430365526999700, 5.973360348856000500, 6.097290332184999600, 6.221220315515000500, 6.345150298843999600, 6.469080282174000600, 6.593010265502999600, 6.716940248832999700, 6.840870232161999600, 6.964800215490999600, 7.088730198821000500, 7.212660182150001400, 7.336590165480000500 ),
 ( 343.6197832617000400, 347.3510302948000100 ),
 .UNSPECIFIED. ) ;
#3995 = CARTESIAN_POINT ( 'NONE',  ( 4.315811796525199600, -18.80331843360000100, 6.848617413939302300 ) ) ;
#3996 = CARTESIAN_POINT ( 'NONE',  ( 1.341916070325952500, -16.98952302580293100, 8.097280603263918400 ) ) ;
#3997 = CARTESIAN_POINT ( 'NONE',  ( 2.404361525968535600, -17.42485478142670600, 9.530349677897742600 ) ) ;
#3998 = CARTESIAN_POINT ( 'NONE',  ( 2.979013889743988400, -18.73243081501013300, 8.239024065308182500 ) ) ;
#3999 = TOROIDAL_SURFACE ( 'NONE', #1568, 0.5561016563227417800, 0.04999999999997919300 ) ;
#4000 = CARTESIAN_POINT ( 'NONE',  ( 2.927446605253811300, -17.14683060543430700, 7.203523516460287500 ) ) ;
#4002 = CARTESIAN_POINT ( 'NONE',  ( 3.107045027081325500, -17.21072468811288300, 8.584199413373589500 ) ) ;
#4001 = CARTESIAN_POINT ( 'NONE',  ( 2.097035582299742600, -18.10071472264375800, 6.882551215663677400 ) ) ;
#4004 = CARTESIAN_POINT ( 'NONE',  ( 2.426655228297057500, -16.82342471722469300, 8.289046365650996500 ) ) ;
#4003 = CARTESIAN_POINT ( 'NONE',  ( 3.583715716778941700, -18.57922526233277000, 7.684480012801321500 ) ) ;
#4005 = EDGE_LOOP ( 'NONE', ( #4268, #987 ) ) ;
#4006 = CARTESIAN_POINT ( 'NONE',  ( 3.882732033420853500, -18.23725359158622800, 6.500000000366212800 ) ) ;
#4007 = CARTESIAN_POINT ( 'NONE',  ( 2.557392257023528300, -18.75085345094032600, 8.290631140716136800 ) ) ;
#4008 = CARTESIAN_POINT ( 'NONE',  ( 1.447732379185648500, -17.44350277585514100, 9.835873509991198900 ) ) ;
#4009 = CARTESIAN_POINT ( 'NONE',  ( 2.293638509985862500, -17.69442093359881700, 6.798716122200283400 ) ) ;
#4010 = CARTESIAN_POINT ( 'NONE',  ( 2.298583268609198700, -17.36861148432787900, 7.297139046426147000 ) ) ;
#4011 = CARTESIAN_POINT ( 'NONE',  ( 3.859117336088862900, -17.80603762379175900, 4.527411491701691700 ) ) ;
#4012 = CARTESIAN_POINT ( 'NONE',  ( 3.026786164659967900, -17.41065312862921000, 8.950899224545128900 ) ) ;
#4013 = ORIENTED_EDGE ( 'NONE', *, *, #3991, .T. ) ;
#4014 = CARTESIAN_POINT ( 'NONE',  ( 2.500216464386546500, -16.78494733470757400, 8.673258185371864200 ) ) ;
#4015 = CARTESIAN_POINT ( 'NONE',  ( 1.600412991637147700, -17.06153628264207400, 8.035429441779607300 ) ) ;
#4016 = CARTESIAN_POINT ( 'NONE',  ( 1.767939035489618500, -17.21604345448249200, 9.800874967207425600 ) ) ;
#4017 = CARTESIAN_POINT ( 'NONE',  ( 2.147851561358584700, -17.75033075403197800, 6.951647781658222900 ) ) ;
#4018 = CARTESIAN_POINT ( 'NONE',  ( 3.051661336349419600, -16.56479225309706400, 6.849127379191497900 ) ) ;
#4019 = CARTESIAN_POINT ( 'NONE',  ( 2.538110512875834300, -17.15081967555408200, 7.483328517252243000 ) ) ;
#4020 = CARTESIAN_POINT ( 'NONE',  ( 0.9548927697374426400, -17.87907711355932200, 8.527725540405430800 ) ) ;
#4021 = CARTESIAN_POINT ( 'NONE',  ( 5.075397018082001400, -17.24056715739000000, 6.612376248815998300 ) ) ;
#4022 = CARTESIAN_POINT ( 'NONE',  ( 1.706312428000418900, -17.83384392217832800, 9.657423723867525600 ) ) ;
#4023 = CARTESIAN_POINT ( 'NONE',  ( 1.229180050589213600, -17.19515221395601400, 8.080250078916520800 ) ) ;
#4024 = CARTESIAN_POINT ( 'NONE',  ( 2.456552549276996600, -16.83932140476977000, 9.074743526024999300 ) ) ;
#4025 = AXIS2_PLACEMENT_3D ( 'NONE', #1044, #2226, #31 ) ;
#4026 = CARTESIAN_POINT ( 'NONE',  ( 3.478817438564847800, -18.19116563210707600, 8.347099260454832900 ) ) ;
#4027 = CARTESIAN_POINT ( 'NONE',  ( 2.272171603407326900, -17.48414866660094400, 7.103927744637806200 ) ) ;
#4029 = CARTESIAN_POINT ( 'NONE',  ( 2.640089311852737100, -16.93690963249002100, 8.073929328447414700 ) ) ;
#4028 = CARTESIAN_POINT ( 'NONE',  ( 2.428295056783157600, -18.76574632083847800, 6.917775849540635800 ) ) ;
#4030 = CARTESIAN_POINT ( 'NONE',  ( 1.903625591676515900, -17.15860876239394300, 7.880094218330426300 ) ) ;
#4031 = CARTESIAN_POINT ( 'NONE',  ( 3.169274601513391700, -18.42429500675351400, 8.561576545687080000 ) ) ;
#4032 = CARTESIAN_POINT ( 'NONE',  ( 1.097297983188183500, -17.94290746230620600, 9.410760419026956900 ) ) ;
#4033 = CARTESIAN_POINT ( 'NONE',  ( 2.750822310447887700, -17.30977100920691900, 6.799208959311068100 ) ) ;
#4034 = CARTESIAN_POINT ( 'NONE',  ( 2.024426637201099100, -18.00298824756070100, 7.275767235159110900 ) ) ;
#4035 = CARTESIAN_POINT ( 'NONE',  ( 3.250050520263177800, -17.18364117439524500, 6.900000000000000400 ) ) ;
#4036 = CARTESIAN_POINT ( 'NONE',  ( 2.771929829014578400, -16.92941989338964600, 8.444162320867471600 ) ) ;
#4037 = CARTESIAN_POINT ( 'NONE',  ( 2.042485240070757600, -16.88729104343188300, 8.095913089577784700 ) ) ;
#4038 = CARTESIAN_POINT ( 'NONE',  ( 1.342218685998424900, -17.69937145969941400, 8.103450683115152500 ) ) ;
#4039 = CARTESIAN_POINT ( 'NONE',  ( 1.964250797300510800, -16.63469030980317200, 9.380662718998001600 ) ) ;
#4040 = CARTESIAN_POINT ( 'NONE',  ( 2.197681160300455800, -18.49092732859524800, 6.997426048081768700 ) ) ;
#4041 = CARTESIAN_POINT ( 'NONE',  ( 2.076790581796208000, -18.13704636942020800, 5.318274327801128200 ) ) ;
#4042 = CARTESIAN_POINT ( 'NONE',  ( 2.070150100610995500, -17.64230392130016900, 7.349403740262855100 ) ) ;
#4043 = CARTESIAN_POINT ( 'NONE',  ( -0.5800488690057200600, -17.06293416718920900, 9.739249341323548100 ) ) ;
#4044 = CARTESIAN_POINT ( 'NONE',  ( 5.043714004548999900, -17.01932490888000200, 6.736751149921000900 ) ) ;
#4045 = CARTESIAN_POINT ( 'NONE',  ( 2.061511009643428100, -17.18092233736496500, 9.678830463598521000 ) ) ;
#4046 = B_SPLINE_SURFACE_WITH_KNOTS ( 'NONE', 3, 3, ( 
 ( #265, #4732, #5289, #1975 ),
 ( #5849, #2529, #6399, #3084 ),
 ( #6962, #3641, #337, #4197 ),
 ( #884, #4756, #1442, #5314 ),
 ( #1997, #5873, #2554, #6426 ),
 ( #3107, #6987, #3668, #361 ),
 ( #4219, #912, #4781, #1467 ),
 ( #5338, #2024, #5896, #2577 ),
 ( #6453, #3132, #7011, #3693 ),
 ( #387, #4244, #937, #4806 ),
 ( #1491, #5363, #2050, #5919 ),
 ( #2602, #6478, #3156, #7036 ),
 ( #3719, #411, #4272, #961 ),
 ( #4830, #1516, #5387, #2073 ),
 ( #5946, #2627, #6502, #3181 ),
 ( #7062, #3741, #433, #4298 ) ),
 .UNSPECIFIED., .F., .F., .F.,
 ( 4, 2, 2, 2, 2, 2, 2, 4 ),
 ( 4, 4 ),
 ( -8.072367305308158900E-014, 1.000000000000000000, 2.000000000000000000, 3.000000000000000000, 4.000000000000000000, 5.000000000000000000, 6.000000000000000000, 7.000000000000000000 ),
 ( -0.001513466348891043900, 0.3002583912210211600 ),
 .UNSPECIFIED. ) ;
#4047 = CARTESIAN_POINT ( 'NONE',  ( 0.9853124150632436300, -17.76670861489782600, 8.380868479995751100 ) ) ;
#4048 = CARTESIAN_POINT ( 'NONE',  ( 2.151324705227978900, -16.70255917895160300, 8.410266332249765500 ) ) ;
#4049 = CARTESIAN_POINT ( 'NONE',  ( 3.473410224245544200, -17.47418885842487100, 8.150006604858221600 ) ) ;
#4050 = CARTESIAN_POINT ( 'NONE',  ( 2.078581167181689600, -18.14637290236098400, 7.093667176700104300 ) ) ;
#4052 = CARTESIAN_POINT ( 'NONE',  ( 2.058442073527530200, -17.24092614597131500, 7.724056989733877100 ) ) ;
#4051 = CARTESIAN_POINT ( 'NONE',  ( 3.145695069053310100, -18.95793101779768700, 6.959929725365404900 ) ) ;
#4053 = CARTESIAN_POINT ( 'NONE',  ( 1.632391682579665800, -17.79453956464572400, 7.891616146550288300 ) ) ;
#4054 = CARTESIAN_POINT ( 'NONE',  ( 3.794652833575488300, -18.49252440650396800, 6.799999999999903000 ) ) ;
#4055 = CARTESIAN_POINT ( 'NONE',  ( 3.424685666126371600, -17.72950938790049200, 8.491088399415110300 ) ) ;
#4056 = CARTESIAN_POINT ( 'NONE',  ( 0.9494172416028972000, -17.94693856469715600, 8.680988625981561000 ) ) ;
#4057 = CARTESIAN_POINT ( 'NONE',  ( 2.280229260546867000, -18.67400310758770800, 7.472632440198872000 ) ) ;
#4058 = CARTESIAN_POINT ( 'NONE',  ( 2.486557049145937400, -17.28320860111360700, 6.109137163900562900 ) ) ;
#4059 = CARTESIAN_POINT ( 'NONE',  ( 2.230455541540389500, -16.98723662559614700, 7.937425417190785200 ) ) ;
#4060 = CARTESIAN_POINT ( 'NONE',  ( 1.660879722313508100, -17.42469100105806800, 7.886587718449646000 ) ) ;
#4061 = CARTESIAN_POINT ( 'NONE',  ( 1.351397515129579600, -18.19314974100323600, 8.659633565693036800 ) ) ;
#4062 = CARTESIAN_POINT ( 'NONE',  ( 3.225017962531526700, -17.99078606267017800, 8.781525704716550300 ) ) ;
#4063 = CARTESIAN_POINT ( 'NONE',  ( 1.847556409374110600, -16.48998211566997400, 8.659303973873116800 ) ) ;
#4064 = CARTESIAN_POINT ( 'NONE',  ( 2.783406120998026100, -18.94154699008495900, 7.082594857842424000 ) ) ;
#4065 = EDGE_CURVE ( 'NONE', #1565, #647, #5519, .T. ) ;
#4066 = CARTESIAN_POINT ( 'NONE',  ( 2.356111809429307000, -18.74695162175742500, 4.527411491701691700 ) ) ;
#4067 = CARTESIAN_POINT ( 'NONE',  ( 2.042737252535504800, -18.37147794402757100, 7.497746632856062000 ) ) ;
#4068 = CARTESIAN_POINT ( 'NONE',  ( 3.702003949501922400, -18.45357485518027800, 6.800560104390768000 ) ) ;
#4069 = CARTESIAN_POINT ( 'NONE',  ( 4.933419642476000200, -16.82401139549000400, 6.861126051024999800 ) ) ;
#4070 = CARTESIAN_POINT ( 'NONE',  ( 2.150306801745656600, -16.65095735473273600, 9.164601932851461200 ) ) ;
#4071 = CARTESIAN_POINT ( 'NONE',  ( 0.9930860752948038600, -18.01564740185372300, 9.082595552295606100 ) ) ;
#4072 = CARTESIAN_POINT ( 'NONE',  ( 1.693835164573101300, -17.11120973311867700, 7.987952832836266600 ) ) ;
#4073 = CARTESIAN_POINT ( 'NONE',  ( 2.970331504235724600, -17.06751298260084900, 7.783322844169777700 ) ) ;
#4074 = CARTESIAN_POINT ( 'NONE',  ( 2.438963765597800500, -18.78443420682256000, 7.221217130477454800 ) ) ;
#4075 = ORIENTED_EDGE ( 'NONE', *, *, #1453, .T. ) ;
#4077 = CARTESIAN_POINT ( 'NONE',  ( 1.788182422094960000, -17.87737497021208800, 7.725147153274819300 ) ) ;
#4076 = CARTESIAN_POINT ( 'NONE',  ( 3.763522390397823000, -18.54268593909756600, 6.980350602242698900 ) ) ;
#4078 = CARTESIAN_POINT ( 'NONE',  ( 1.725976237886240900, -18.37930154790965900, 8.343310211701224300 ) ) ;
#4079 = CARTESIAN_POINT ( 'NONE',  ( 0.9544305089553525300, -19.12132665531616400, 6.849127384410598700 ) ) ;
#4080 = CARTESIAN_POINT ( 'NONE',  ( 3.153713378009487500, -17.13898838871336800, 8.129440206486796300 ) ) ;
#4081 = CARTESIAN_POINT ( 'NONE',  ( 1.105644982746363000, -17.45282778536562400, 8.147717702808202800 ) ) ;
#4082 = B_SPLINE_SURFACE_WITH_KNOTS ( 'NONE', 3, 3, ( 
 ( #4584, #4023, #5671, #1267, #5144, #1826, #5696, #2380, #6247, #2928, #6813, #3489, #187, #4047, #743, #4610, #1292, #5170, #1852, #5721, #2405, #6273, #2955, #6836, #3515, #212, #4071, #766, #4632, #1315, #5194, #1876, #5746, #2430, #6297, #2980, #6861, #3537, #238, #4095, #788, #4655, #1339, #5217, #1899, #5771, #2454, #6318, #3004, #6885, #3562, #259, #4118, #811, #4677, #1364, #5239, #1921, #5794, #2476, #6342, #3025, #6907, #3586, #281, #4140, #833, #4700, #1385, #5261, #1945, #5817, #2497, #6368, #3052, #6929, #3610, #306, #4165, #855, #4725, #1410, #5282, #1967, #5841, #2522, #6392, #3077, #6955, #3635, #330, #4189, #878, #4749, #1436, #5308, #1991 ),
 ( #5866, #2547, #6418, #3100, #6980, #3660, #354, #4212, #902, #4774, #1460, #5331, #2016, #5889, #2570, #6445, #3125, #7003, #3685, #378, #4236, #929, #4798, #1483, #5355, #2042, #5911, #2594, #6469, #3149, #7027, #3711, #403, #4263, #954, #4915, #1606, #5473, #2161, #6034, #2715, #6593, #3269, #7148, #3825, #519, #4385, #1073, #4937, #1629, #5498, #2183, #6056, #2738, #6618, #3291, #7170, #3847, #543, #4408, #1096, #4961, #1652, #5521, #2206, #6078, #2759, #6640, #3314, #12, #3870, #565, #4431, #1118, #4987, #1675, #5542, #2229, #6100, #2781, #6659, #3336, #34, #3890, #586, #4457, #1141, #5008, #1697, #5563, #2249, #6120, #2802, #6680, #3356, #57, #3910 ),
 ( #610, #4479, #1162, #5030, #1720, #5589, #2271, #6142, #2824, #6704, #3380, #82, #3936, #634, #4502, #1185, #5058, #1744, #5612, #2294, #6167, #2847, #6730, #3406, #108, #3960, #661, #4528, #1209, #5084, #1770, #5637, #2318, #6191, #2872, #6753, #3431, #133, #3986, #686, #4554, #1234, #5109, #1795, #5664, #2345, #6216, #2897, #6779, #3455, #157, #4016, #711, #4577, #1259, #5137, #1819, #5689, #2372, #6240, #2921, #6805, #3481, #180, #4039, #736, #4602, #1285, #5163, #1845, #5713, #2397, #6265, #2947, #6829, #3508, #205, #4063, #759, #4626, #1308, #5186, #1869, #5738, #2423, #6289, #2973, #6853, #3530, #229, #4087, #781, #4648, #1331, #5209, #1892, #5763 ),
 ( #2446, #6311, #2997, #6878, #3554, #252, #4110, #803, #4669, #1357, #5233, #1915, #5786, #2469, #6334, #3018, #6900, #3579, #274, #4131, #826, #4692, #1378, #5254, #1937, #5809, #2490, #6360, #3043, #6922, #3602, #299, #4156, #848, #4718, #5872, #2553, #6425, #3106, #6986, #3667, #360, #4218, #911, #4780, #1466, #5337, #2023, #5895, #2576, #6452, #3131, #7010, #3692, #386, #4243, #936, #4805, #1490, #5362, #2049, #5918, #2601, #6477, #3155, #7035, #3718, #410, #4271, #960, #4829, #1515, #5386, #2072, #5945, #2626, #6501, #3180, #7061, #3740, #432, #4297, #984, #4852, #1540, #5412, #2096, #5969, #2652, #6528, #3203, #7082, #3765, #455, #4319, #1010, #4877 ),
 ( #1562, #5436, #2122, #5994, #2676, #6552, #3229, #7105, #3788, #481, #4345, #1032, #4900, #1588, #5457, #2144, #6018, #2698, #6575, #3252, #7130, #3808, #503, #4368, #1054, #4921, #1612, #5480, #2167, #6040, #2723, #6600, #3275, #7154, #3832, #525, #4392, #1080, #4944, #1635, #5504, #2189, #6062, #2744, #6625, #3299, #7177, #3855, #550, #4415, #1103, #4969, #1660, #5527, #2213, #6084, #2764, #6646, #3320, #19, #3876, #571, #4437, #1124, #4993, #1682, #5549, #2235, #6106, #2787, #6665, #3342, #42, #3896, #592, #4464, #1146, #5014, #1703, #5570, #2254, #6125, #2807, #6686, #3362, #64, #3917, #617, #4485, #1168, #5036, #1726, #5595, #2277, #6149, #2830, #6710 ),
 ( #3386, #87, #3942, #641, #4509, #1191, #5065, #1750, #5618, #2300, #6174, #2854, #6737, #3413, #113, #3966, #668, #4534, #1214, #5090, #1776, #5643, #2325, #6197, #2878, #6758, #3437, #139, #3993, #692, #4559, #1239, #5116, #1801, #5670, #2351, #6223, #2903, #6785, #3461, #164, #4022, #716, #4583, #1266, #5143, #1825, #5695, #2379, #6246, #2927, #6812, #3488, #186, #4045, #742, #4609, #1291, #5169, #1851, #5720, #2404, #6272, #2954, #6835, #3514, #211, #4070, #765, #4631, #1314, #5193, #1875, #5745, #2429, #6296, #2979, #6860, #3536, #237, #4093, #787, #4654, #1338, #5216, #1898, #5769, #2453, #6317, #3003, #6884, #3561, #258, #4116, #810, #4676, #1363 ),
 ( #5238, #1920, #5793, #2475, #6341, #3024, #6906, #3585, #280, #4138, #832, #4699, #1384, #5260, #1944, #5816, #2496, #6367, #3051, #6928, #3609, #305, #4163, #854, #4724, #1409, #5281, #1966, #5840, #2521, #6391, #3076, #6954, #3634, #329, #4188, #877, #4748, #1435, #5307, #1990, #5865, #2546, #6417, #3099, #6979, #3659, #353, #4210, #901, #4773, #1458, #5330, #2015, #5887, #2569, #6444, #3123, #7002, #3684, #376, #4235, #928, #4796, #1482, #5354, #2039, #5910, #2593, #6467, #3148, #7026, #3709, #402, #4262, #952, #4822, #1507, #5379, #2065, #5939, #2619, #6493, #3173, #7053, #3733, #425, #4289, #978, #4846, #1533, #5405, #2089, #5961, #2644, #6519, #3197 ),
 ( #7076, #3758, #448, #4313, #1002, #4869, #1556, #5428, #2114, #5987, #2668, #6544, #3221, #7097, #3781, #473, #4336, #1025, #4892, #1579, #5450, #2137, #6009, #2690, #6568, #3245, #7122, #3801, #496, #4359, #1046, #4913, #1604, #5471, #2159, #6032, #2713, #6591, #3267, #7146, #3823, #517, #4383, #1071, #4935, #1627, #5496, #2181, #6141, #2823, #6703, #3379, #81, #3935, #633, #4501, #1184, #5057, #1743, #5611, #2293, #6166, #2846, #6729, #3405, #107, #3959, #660, #4527, #1208, #5083, #1769, #5636, #2317, #6190, #2871, #6752, #3430, #132, #3985, #685, #4553, #1233, #5108, #1794, #5663, #2344, #6215, #2896, #6778, #3454, #156, #4015, #710, #4576, #1258, #5136 ),
 ( #1818, #5688, #2371, #6239, #2920, #6804, #3480, #179, #4038, #735, #4601, #1284, #5162, #1844, #5711, #2395, #6263, #2945, #6827, #3506, #203, #4061, #757, #4624, #1306, #5184, #1867, #5736, #2421, #6287, #2971, #6851, #3528, #227, #4085, #779, #4646, #1329, #5207, #1890, #5761, #2444, #6309, #2995, #6876, #3552, #250, #4108, #801, #4667, #1355, #5231, #1913, #5784, #2467, #6332, #3016, #6898, #3577, #272, #4129, #824, #4690, #1376, #5252, #1935, #5807, #2488, #6357, #3041, #6920, #3600, #296, #4154, #846, #4716, #1400, #5274, #1958, #5832, #2511, #6382, #3068, #6945, #3625, #321, #4180, #868, #4739, #1426, #5297, #1982, #5856, #2538, #6406, #3090, #6971 ),
 ( #3649, #344, #4204, #892, #4764, #1449, #5322, #2006, #5880, #2561, #6435, #3114, #6994, #3677, #369, #4227, #920, #4788, #1474, #5346, #2031, #5904, #2586, #6460, #3140, #7019, #3702, #394, #4253, #944, #4814, #1499, #5370, #2057, #5930, #2610, #6485, #3165, #7044, #3725, #417, #4281, #970, #4838, #1524, #5396, #2081, #5954, #2636, #6511, #3190, #7068, #3750, #440, #4306, #994, #4862, #1549, #5422, #2107, #5978, #2661, #6536, #3213, #7091, #3774, #465, #4328, #1018, #4884, #1572, #5443, #2130, #6002, #2683, #6559, #3237, #7114, #3794, #489, #4353, #1039, #4906, #1596, #5463, #2152, #6025, #2706, #6583, #3261, #7138, #3815, #510, #4376, #1064, #4928, #1620 ),
 ( #5490, #2174, #6048, #2730, #6609, #3283, #7162, #3840, #534, #4400, #1089, #4952, #1644, #5512, #2198, #6069, #2751, #6632, #3306, #5, #3863, #558, #4422, #1110, #4977, #1668, #5534, #2221, #6093, #2772, #6653, #3328, #26, #3882, #578, #4447, #1132, #5000, #3415, #115, #3968, #670, #4536, #1216, #5093, #1779, #5645, #2328, #6200, #2880, #6760, #3439, #141, #3997, #694, #4561, #1241, #5119, #1802, #5672, #2354, #6225, #2906, #6788, #3464, #165, #4024, #718, #4586, #1269, #5146, #1828, #5697, #2381, #6248, #2929, #6814, #3490, #188, #4048, #744, #4611, #1293, #5171, #1853, #5722, #2406, #6274, #2956, #6837, #3516, #213, #4072, #767, #4633, #1316, #5195 ),
 ( #1877, #5747, #2431, #6298, #2981, #6862, #3538, #239, #4096, #789, #4656, #1341, #5218, #1900, #5772, #2455, #6319, #3005, #6887, #3563, #260, #4119, #812, #4678, #1365, #5241, #1922, #5795, #2477, #6343, #3026, #6908, #3588, #282, #4141, #834, #4701, #1386, #5262, #1947, #5818, #2498, #6369, #3053, #6930, #3611, #308, #4166, #856, #4726, #1411, #5283, #1968, #5843, #2523, #6393, #3078, #6956, #3636, #331, #4191, #879, #4750, #1437, #5309, #1992, #5867, #2548, #6419, #3101, #6981, #3661, #355, #4213, #903, #4775, #1461, #5332, #2017, #5890, #2571, #6446, #3126, #7004, #3686, #379, #4237, #930, #4799, #1484, #5356, #2043, #5912, #2595, #6470, #3150, #7028 ),
 ( #3712, #404, #4264, #955, #4823, #1509, #5380, #2066, #5940, #2620, #6494, #3174, #7054, #3734, #426, #4290, #979, #4847, #1534, #5406, #2090, #5962, #2645, #6520, #3198, #7077, #3759, #449, #4314, #1003, #4870, #1557, #5429, #2116, #5988, #2669, #6545, #3222, #7098, #3782, #474, #4337, #1026, #4893, #1580, #5451, #2138, #6011, #2691, #6569, #3246, #7123, #3802, #497, #4360, #1047, #4914, #1605, #5472, #2160, #6033, #2714, #6592, #3268, #7147, #3824, #518, #4384, #1072, #4936, #1628, #5497, #2182, #6055, #2737, #6617, #3290, #7169, #3846, #542, #4407, #1095, #4960, #1651, #5520, #2205, #6077, #2758, #6639, #3313, #11, #3869, #564, #4430, #1117, #4986, #1674 ),
 ( #5541, #2228, #6099, #2780, #6658, #3335, #33, #3889, #585, #4455, #1140, #5007, #1696, #5562, #2248, #6119, #2801, #6679, #3355, #55, #3909, #609, #4478, #1161, #5029, #1719, #5588, #2270, #6140, #2822, #6702, #3378, #80, #3934, #632, #4500, #1183, #5055, #1742, #5610, #2292, #6165, #2845, #6728, #3403, #105, #3958, #659, #4526, #1207, #5082, #1767, #5634, #2316, #6189, #2870, #6751, #3429, #130, #3983, #684, #4552, #1232, #5107, #1793, #5662, #2341, #6214, #2895, #6777, #3453, #155, #4014, #708, #4575, #1257, #5135, #1816, #5687, #2370, #6237, #2919, #6803, #3479, #178, #4037, #734, #4599, #1282, #5161, #1843, #5710, #2394, #6262, #2943, #6826, #3504 ),
 ( #202, #4060, #756, #4623, #1304, #5183, #1866, #5735, #2420, #6286, #2969, #6849, #3527, #226, #4084, #778, #4645, #1328, #5206, #1889, #5760, #2443, #6308, #2994, #6875, #3550, #249, #4107, #800, #4666, #1354, #5230, #1911, #5783, #2466, #6331, #3015, #6897, #3576, #270, #4128, #823, #4689, #1375, #5251, #1934, #5805, #2487, #6356, #3040, #6919, #3599, #294, #4152, #845, #4715, #1399, #5273, #1957, #5831, #2510, #6381, #3067, #6944, #3624, #320, #4179, #867, #4738, #1425, #5296, #1981, #5855, #2537, #6405, #3089, #6970, #3648, #343, #4203, #891, #4763, #1448, #5321, #2005, #5879, #2560, #6434, #3113, #6993, #3676, #368, #4226, #919, #4787, #1473, #5345 ),
 ( #2030, #5903, #2585, #6459, #3139, #7018, #3701, #393, #4252, #943, #4813, #1498, #5369, #2056, #5929, #2609, #6484, #3164, #7043, #3724, #416, #4279, #969, #4836, #1523, #5394, #2080, #5952, #2634, #6509, #3188, #7067, #3747, #439, #4304, #992, #4860, #1547, #5420, #2104, #5976, #2659, #6535, #3211, #7089, #3772, #462, #4326, #1017, #4883, #1571, #5442, #2129, #6000, #2682, #6558, #3236, #7113, #3793, #488, #4351, #1038, #4905, #1594, #5462, #2151, #6024, #2704, #6582, #3260, #7136, #3814, #509, #4375, #1061, #4927, #1619, #5488, #2173, #6046, #2729, #6607, #3282, #7160, #3838, #532, #4399, #1087, #4951, #1643, #5511, #2196, #6068, #2750, #6631, #3305, #3 ),
 ( #3862, #557, #4421, #1109, #4976, #1667, #5533, #2220, #6091, #2771, #6652, #3327, #25, #3881, #577, #4445, #1131, #4999, #1688, #5556, #2241, #6112, #2793, #6672, #3348, #49, #3903, #602, #4471, #1153, #5021, #1712, #5580, #2261, #6132, #2814, #6693, #3369, #73, #3924, #624, #4492, #1175, #5045, #1733, #5602, #2284, #6156, #2837, #6720, #3394, #96, #3949, #649, #4517, #1199, #5074, #1758, #5625, #2308, #6182, #2862, #6744, #3421, #122, #3974, #676, #4544, #1223, #5099, #1785, #5652, #2334, #6206, #2888, #6768, #3445, #147, #4004, #700, #4567, #1249, #5126, #1808, #5679, #2360, #6230, #2911, #6795, #3470, #170, #4030, #724, #4591, #1274, #5154, #1835 ),
 ( #5702, #2386, #6253, #2934, #6819, #3496, #195, #4053, #749, #4616, #1298, #5176, #1859, #5728, #2412, #6279, #2961, #6842, #3521, #219, #4078, #772, #4639, #1321, #5200, #1882, #5753, #2437, #6303, #2987, #6868, #3544, #244, #4101, #794, #4661, #1346, #5223, #1905, #5777, #2460, #2518, #6389, #3074, #6951, #3631, #327, #4186, #874, #4746, #1433, #5304, #1988, #5863, #2544, #6414, #3096, #6978, #3656, #351, #4209, #900, #4770, #1456, #5328, #2013, #5886, #2567, #6442, #3120, #7001, #3683, #375, #4234, #927, #4795, #1480, #5353, #2038, #5909, #2592, #6466, #3147, #7024, #3708, #401, #4261, #951, #4821, #1506, #5377, #2064, #5938, #2618, #6492, #3172, #7052 ),
 ( #3732, #424, #4288, #977, #4845, #1532, #5404, #2087, #5960, #2643, #6518, #3196, #7075, #3757, #446, #4312, #1001, #4868, #1555, #5427, #2113, #5985, #2667, #6543, #3220, #7096, #3780, #472, #4334, #1024, #4891, #1578, #5449, #2136, #6008, #2689, #6567, #3244, #7121, #3800, #495, #4358, #1045, #4912, #1603, #5470, #2158, #6031, #2712, #6590, #3266, #7145, #3822, #516, #4382, #1070, #4934, #1626, #5495, #2180, #6053, #2736, #6615, #3289, #7168, #3845, #541, #4406, #1094, #4958, #1650, #5518, #2204, #6076, #2757, #6638, #3312, #10, #3868, #563, #4429, #1116, #4984, #1673, #5540, #2227, #6098, #2779, #6657, #3334, #32, #3888, #584, #4453, #1139, #5006, #1695 ),
 ( #5561, #2247, #6118, #2800, #6678, #3354, #54, #3907, #608, #4477, #1160, #5028, #1718, #5587, #2268, #6139, #2821, #6701, #3376, #79, #3933, #630, #4499, #1182, #5054, #1741, #5609, #2291, #6163, #2843, #6727, #3402, #104, #3957, #658, #4524, #1206, #5081, #1766, #5633, #2315, #6188, #2868, #6750, #3428, #128, #3982, #683, #4551, #1230, #5106, #1792, #5660, #2340, #6213, #2894, #6775, #3452, #154, #4012, #707, #4574, #1256, #5133, #1815, #5686, #2368, #6236, #2918, #6802, #3478, #177, #4036, #732, #4598, #1281, #5160, #1842, #5709, #2393, #6260, #2942, #6825, #3503, #201, #4059, #755, #4621, #1303, #5182, #1865, #5734, #2419, #6285, #2967, #6848, #3526 ),
 ( #224, #4083, #777, #4644, #1326, #5205, #1888, #5759, #2442, #6307, #2993, #6873, #3549, #248, #4106, #799, #4665, #1353, #5229, #1910, #5782, #2465, #6330, #3014, #6896, #3575, #269, #4127, #822, #4688, #1374, #5250, #1932, #5804, #2486, #6355, #3039, #6918, #3598, #293, #4151, #844, #4714, #1398, #5272, #1956, #5830, #2509, #6380, #3066, #6943, #3622, #318, #4177, #865, #4736, #1423, #5294, #1979, #5853, #2534, #6403, #3087, #6968, #3646, #341, #4201, #889, #4760, #1446, #5319, #2003, #5877, #2558, #6432, #3111, #6991, #3674, #366, #4223, #917, #4785, #1471, #5343, #2028, #5901, #2582, #6457, #3137, #7016, #3697, #391, #4250, #941, #4810, #1496, #5367 ),
 ( #2054, #5926, #2607, #6482, #3161, #7040, #3722, #414, #4277, #966, #4834, #1521, #5392, #2077, #5950, #2631, #6507, #3185, #7065, #3745, #437, #4302, #990, #4858, #1545, #5417, #2101, #5974, #2657, #6533, #3209, #7087, #3770, #460, #4324, #1015, #4881, #1567, #5440, #2126, #5998, #2680, #6556, #3234, #7111, #3791, #486, #4349, #1036, #4903, #1592, #5460, #2149, #6022, #2702, #6580, #3258, #7134, #3812, #507, #4373, #1058, #4925, #1617, #5486, #2171, #6044, #2727, #6605, #3279, #7158, #3836, #530, #4396, #1085, #4949, #1641, #5508, #2194, #6066, #2748, #6629, #3303, #1, #3860, #554, #4419, #1107, #4974, #1665, #5531, #2218, #6089, #2768, #6650, #3325, #23 ),
 ( #3879, #575, #4443, #1129, #4997, #1686, #5554, #2239, #6110, #2791, #6670, #3346, #46, #3901, #600, #4469, #1151, #5019, #1710, #5576, #2259, #6130, #2811, #6691, #3367, #71, #3922, #622, #4490, #1173, #5043, #1731, #5600, #2282, #6154, #2835, #6717, #3392, #94, #3947, #646, #4515, #1197, #5072, #1756, #5623, #2306, #6180, #2860, #6742, #3419, #120, #3972, #674, #4541, #1221, #5097, #1783, #5650, #2332, #6204, #2885, #6766, #3443, #145, #4002, #698, #4565, #1246, #5124, #1807, #5678, #2359, #6229, #2910, #6794, #3469, #169, #4029, #723, #4590, #1273, #5153, #1834, #5701, #2385, #6252, #2933, #6818, #3495, #194, #4052, #748, #4615, #1297, #5175, #1857 ),
 ( #5727, #2411, #6278, #2960, #6841, #3520, #218, #4077, #771, #4638, #1320, #5199, #1881, #5752, #2436, #6302, #2986, #6866, #3542, #243, #4100, #793, #4660, #1345, #5222, #1904, #5776, #2459, #6324, #3009, #6891, #3567, #264, #4123, #816, #4683, #1369, #5245, #1926, #5799, #2481, #6347, #3032, #6912, #3592, #286, #4145, #838, #4707, #1391, #5266, #1951, #5822, #2502, #6373, #3057, #6934, #3615, #312, #4170, #860, #4730, #1416, #5287, #1973, #5847, #2527, #6397, #3082, #6960, #3640, #335, #4195, #883, #4754, #1440, #5312, #1995, #5870, #2551, #6422, #3104, #6984, #3664, #358, #4216, #908, #4778, #1464, #5335, #2020, #5893, #2574, #6449, #3129, #7007, #3689 ),
 ( #383, #4240, #933, #4802, #1487, #5359, #2046, #5915, #2598, #6473, #3153, #7032, #3715, #407, #4267, #958, #4826, #1513, #5383, #2069, #5943, #2623, #6498, #3177, #7057, #3737, #429, #4293, #982, #4850, #1537, #5409, #2093, #5966, #2649, #6524, #3298, #7176, #3854, #549, #4414, #1102, #4968, #1659, #5712, #2396, #6264, #2946, #6828, #3507, #204, #4062, #758, #4625, #1307, #5185, #1868, #5737, #2422, #6288, #2972, #6852, #3529, #228, #4086, #780, #4647, #1330, #5208, #1891, #5762, #2445, #6310, #2996, #6877, #3553, #251, #4109, #802, #4668, #1356, #5232, #1914, #5785, #2468, #6333, #3017, #6899, #3578, #273, #4130, #825, #4691, #1377, #5253, #1936, #5808 ),
 ( #2489, #6359, #3042, #6921, #3601, #298, #4155, #847, #4717, #1402, #5275, #1959, #5833, #2513, #6383, #3069, #6946, #3626, #322, #4181, #869, #4741, #1427, #5298, #1983, #5858, #2539, #6407, #3091, #6973, #3650, #345, #4205, #894, #4765, #1450, #5323, #2008, #5881, #2562, #6436, #3115, #6995, #3678, #370, #4229, #921, #4789, #1475, #5348, #2032, #5905, #2587, #6461, #3141, #7020, #3703, #395, #4255, #945, #4815, #1500, #5371, #2058, #5931, #2612, #6486, #3166, #7045, #3726, #418, #4282, #971, #4839, #1525, #5397, #2082, #5955, #2637, #6512, #3191, #7069, #3751, #441, #4307, #995, #4863, #1550, #5423, #2108, #5980, #2662, #6537, #3215, #7092, #3775, #467 ),
 ( #4329, #1019, #4886, #1574, #5444, #2132, #6003, #2684, #6561, #3238, #7116, #3795, #490, #4354, #1040, #4907, #1597, #5465, #2153, #6026, #2707, #6584, #3262, #7139, #3817, #511, #4377, #1065, #4929, #1621, #5491, #2176, #6049, #2731, #6610, #3284, #7163, #3841, #536, #4401, #1090, #4953, #1645, #5513, #2199, #6071, #2752, #6633, #3307, #6, #3864, #559, #4424, #1111, #4978, #1669, #5535, #2222, #6094, #2774, #6654, #3329, #27, #3883, #579, #4448, #1134, #5001, #1690, #5557, #2242, #6113, #2795, #6673, #3349, #50, #3904, #603, #4472, #1155, #5023, #1713, #5582, #2263, #6134, #2816, #6696, #3372, #75, #3927, #626, #4494, #1177, #5048, #1736, #5604, #2286 ),
 ( #6158, #2839, #6722, #3396, #99, #3951, #652, #4519, #1201, #5076, #1761, #5628, #2310, #6184, #2864, #6746, #3423, #124, #3976, #678, #4546, #1225, #5101, #1787, #5655, #2336, #6208, #2890, #6770, #3447, #149, #4007, #702, #4569, #1251, #5128, #1810, #5681, #2362, #6231, #2913, #6797, #3473, #172, #4031, #726, #4593, #1276, #5155, #1837, #5704, #2388, #6255, #2937, #6821, #3498, #197, #4055, #751, #4617, #1299, #5178, #1861, #5730, #2415, #6281, #2963, #6844, #3523, #221, #4080, #774, #4641, #1323, #5202, #1885, #5755, #2439, #6305, #2989, #6870, #3546, #246, #4103, #796, #4662, #1349, #5225, #1907, #5779, #2462, #6326, #3011, #6893, #3570, #266, #4124 ),
 ( #819, #4685, #1371, #5247, #1928, #5801, #2483, #6350, #3034, #6914, #3594, #288, #4147, #840, #4709, #1393, #5268, #1953, #5825, #2505, #6376, #3060, #6938, #3618, #315, #4173, #862, #4733, #1419, #5290, #1976, #5850, #2530, #6400, #3085, #6963, #3642, #338, #4198, #885, #4757, #1443, #5315, #1998, #5874, #2555, #6427, #3108, #6988, #3669, #362, #4220, #913, #4782, #1468, #5339, #2025, #5897, #2578, #6454, #3133, #7012, #3694, #388, #4245, #938, #4807, #1492, #5364, #2051, #5920, #2603, #6479, #3158, #7037, #3720, #412, #4273, #962, #4831, #1518, #5388, #2074, #5947, #2628, #6503, #3182, #7063, #3742, #434, #4299, #986, #4854, #1542, #5414, #2098, #5971 ),
 ( #2654, #6530, #3205, #7084, #3767, #457, #4321, #1012, #4879, #1564, #5438, #2124, #5996, #2678, #6554, #3231, #7107, #3789, #483, #4347, #1033, #4901, #1590, #5458, #2146, #6020, #2700, #6577, #3254, #7132, #3810, #505, #4370, #1056, #4923, #1614, #5482, #2169, #6042, #2725, #6602, #3277, #7156, #3834, #527, #4394, #1082, #4947, #1638, #5506, #2191, #6064, #2746, #6627, #3301, #7179, #3857, #552, #4417, #1105, #4971, #1662, #5529, #2216, #6086, #2766, #6648, #3323, #21, #3877, #573, #4441, #1126, #4995, #1684, #5552, #2237, #6108, #2789, #6668, #3344, #44, #3898, #596, #4466, #1148, #5016, #1706, #5573, #2256, #6127, #2808, #6688, #3364, #67, #3919, #619 ),
 ( #4487, #1170, #5038, #1728, #5597, #2279, #6151, #2832, #6713, #3388, #91, #3944, #643, #4511, #1194, #5069, #1752, #5620, #2303, #6176, #2856, #6739, #3416, #116, #3969, #671, #4538, #1217, #5094, #1780, #5646, #2329, #6201, #2881, #6762, #3440, #142, #3998, #695, #4562, #1242, #5120, #1804, #5673, #2355, #6226, #2907, #6789, #3465, #166, #4026, #719, #4587, #1270, #5148, #1829, #5698, #2382, #6249, #2930, #6815, #3491, #190, #4049, #745, #4612, #1294, #5172, #1854, #5723, #2408, #6275, #2957, #6838, #3517, #214, #4073, #768, #4634, #1317, #5196, #1878, #5748, #2432, #6299, #2982, #6863, #3539, #240, #4097, #790, #4657, #1342, #5219, #1901, #5773, #2456 ),
 ( #6320, #3006, #6888, #3564, #261, #4120, #813, #4679, #1366, #5242, #1923, #5796, #2478, #6344, #3027, #6909, #3589, #283, #4142, #835, #4702, #1387, #5263, #1948, #5819, #2499, #6370, #3054, #6931, #3612, #309, #4167, #857, #4727, #1412, #5284, #1969, #5844, #2524, #6394, #3079, #6957, #3637, #332, #4192, #880, #4751, #5991, #2673, #6549, #3226, #7102, #3785, #477, #4342, #1029, #4897, #1585, #5454, #2141, #6014, #2695, #6572, #3249, #7127, #3805, #500, #4364, #1051, #4918, #1609, #5477, #2164, #6037, #2719, #6597, #3272, #7151, #3829, #522, #4389, #1077, #4941, #1632, #5501, #2186, #6059, #2741, #6622, #3295, #7173, #3851, #546, #4411, #1099, #4965, #1656 ),
 ( #5524, #2209, #6081, #2762, #6643, #3318, #16, #3873, #568, #4434, #1121, #4990, #1679, #5546, #2232, #6103, #2784, #6662, #3339, #38, #3893, #589, #4461, #1144, #5011, #1700, #5567, #2252, #6123, #2805, #6683, #3359, #60, #3914, #614, #4482, #1165, #5033, #1723, #5592, #2274, #6146, #2827, #6707, #3383, #85, #3939, #638, #4506, #1188, #5061, #1747, #5615, #2297, #6171, #2851, #6733, #3409, #110, #3963, #664, #4531, #1212, #5087, #1773, #5640, #2321, #6194, #2875, #6755, #3434, #136, #3989, #689, #4557, #1237, #5112, #1798, #5667, #2348, #6219, #2900, #6782, #3458, #160, #4019, #713, #4580, #1262, #5140, #1822, #5692, #2375, #6243, #2924, #6809, #3484 ),
 ( #183, #4042, #739, #4605, #1288, #5166, #1848, #5716, #2400, #6269, #2951, #6832, #3511, #208, #4067, #762, #4629, #1311, #5190, #1872, #5742, #2426, #6293, #2976, #6857, #3533, #234, #4090, #784, #4651, #1335, #5213, #1895, #5766, #2450, #6314, #3000, #6881, #3558, #255, #4113, #806, #4673, #1360, #5235, #1917, #5790, #2472, #6337, #3021, #6903, #3582, #277, #4135, #829, #4695, #1381, #5257, #1941, #5812, #2493, #6364, #3047, #6925, #3606, #302, #4159, #851, #4721, #1405, #5278, #1963, #5836, #2516, #6387, #3072, #6949, #3629, #325, #4184, #872, #4744, #1431, #5302, #1986, #5861, #2542, #6412, #3094, #6976, #3654, #349, #4208, #897, #4768, #1454, #5326 ),
 ( #2011, #5884, #2565, #6440, #3118, #6999, #3681, #373, #4232, #925, #4792, #1478, #5351, #2036, #5908, #2590, #6465, #3145, #7023, #3707, #399, #4259, #949, #4819, #1503, #5375, #2062, #5936, #2616, #6490, #3170, #7049, #3730, #422, #4286, #975, #4843, #1530, #5401, #2085, #5958, #2641, #6516, #3194, #7073, #3754, #444, #4310, #999, #4866, #1553, #5425, #2111, #5983, #2665, #6541, #3218, #7094, #3778, #470, #4332, #1022, #4889, #1577, #5447, #2134, #6006, #2687, #6565, #3242, #7119, #3798, #493, #4357, #1043, #4910, #1601, #5468, #2156, #6029, #2710, #6588, #3264, #7143, #3820, #514, #4380, #1068, #4932, #1624, #5493, #2179, #6051, #2734, #6613, #3287, #7166 ),
 ( #3844, #539, #4404, #1093, #4956, #1648, #5516, #2202, #6074, #2755, #6636, #3310, #8, #3866, #561, #4427, #1114, #4982, #1672, #5538, #2225, #6096, #2777, #6656, #3332, #30, #3886, #582, #4452, #1137, #5004, #1693, #5560, #2245, #6116, #2798, #6676, #3352, #52, #3906, #606, #4475, #1158, #5026, #1716, #5585, #2266, #6137, #2819, #6699, #3375, #78, #3931, #629, #4497, #1180, #5052, #1739, #5607, #2289, #6161, #2842, #6725, #3400, #102, #3955, #656, #4522, #1204, #5079, #1764, #5631, #2313, #6186, #2866, #6748, #3426, #126, #3980, #681, #4549, #1228, #5104, #1790, #5658, #2338, #6211, #2892, #6773, #3450, #152, #4010, #705, #4572, #1254, #5131, #1813 ),
 ( #5684, #2366, #6234, #2916, #6800, #3476, #175, #4034, #730, #4596, #1279, #5158, #1840, #5707, #2391, #6258, #2940, #6823, #3501, #199, #4057, #753, #4619, #1301, #5180, #1863, #5732, #2417, #6283, #2965, #6846, #3623, #319, #4178, #866, #4737, #1424, #5295, #1980, #5854, #2536, #6404, #3088, #6969, #3647, #342, #4202, #890, #4762, #1447, #5320, #2004, #5878, #2559, #6433, #3112, #6992, #3675, #367, #4225, #918, #4786, #1472, #5344, #2029, #5902, #2584, #6458, #3138, #7017, #3700, #392, #4251, #942, #4812, #1497, #5368, #2055, #5928, #2608, #6483, #3163, #7042, #3723, #415, #4278, #968, #4835, #1522, #5393, #2079, #5951, #2633, #6508, #3187, #7066, #3746 ),
 ( #438, #4303, #991, #4859, #1546, #5419, #2103, #5975, #2658, #6534, #3210, #7088, #3771, #461, #4325, #1016, #4882, #1570, #5441, #2128, #5999, #2681, #6557, #3235, #7112, #3792, #487, #4350, #1037, #4904, #1593, #5461, #2150, #6023, #2703, #6581, #3259, #7135, #3813, #508, #4374, #1060, #4926, #1618, #5487, #2172, #6045, #2728, #6606, #3281, #7159, #3837, #531, #4398, #1086, #4950, #1642, #5510, #2195, #6067, #2749, #6630, #3304, #2, #3861, #556, #4420, #1108, #4975, #1666, #5532, #2219, #6090, #2770, #6651, #3326, #24, #3880, #576, #4444, #1130, #4998, #1687, #5555, #2240, #6111, #2792, #6671, #3347, #48, #3902, #601, #4470, #1152, #5020, #1711, #5579 ),
 ( #2260, #6131, #2813, #6692, #3368, #72, #3923, #623, #4491, #1174, #5044, #1732, #5601, #2283, #6155, #2836, #6719, #3393, #95, #3948, #648, #4516, #1198, #5073, #1757, #5624, #2307, #6181, #2861, #6743, #3420, #121, #3973, #675, #4543, #1222, #5098, #1784, #5651, #2333, #6205, #2887, #6767, #3444, #146, #4003, #699, #4566, #1248, #5125, #6353, #3037, #6916, #3596, #291, #4149, #842, #4712, #1396, #5270, #1954, #5828, #2507, #6378, #3064, #6941, #3620, #317, #4176, #864, #4735, #1422, #5293, #1978, #5852, #2533, #6402, #3086, #6967, #3645, #340, #4200, #888, #4759, #1445, #5318, #2002, #5876, #2557, #6431, #3110, #6990, #3673, #365, #4222, #916, #4784 ),
 ( #1470, #5342, #2027, #5900, #2581, #6456, #3135, #7015, #3696, #390, #4249, #940, #4809, #1495, #5366, #2053, #5925, #2606, #6481, #3160, #7039, #3721, #413, #4276, #965, #4833, #1520, #5390, #2076, #5949, #2630, #6506, #3184, #7064, #3744, #436, #4301, #989, #4857, #1544, #5416, #2100, #5973, #2656, #6532, #3208, #7086, #3769, #459, #4323, #1014, #4880, #1566, #5439, #2125, #5997, #2679, #6555, #3233, #7109, #3790, #484, #4348, #1034, #4902, #1591, #5459, #2147, #6021, #2701, #6578, #3256, #7133, #3811, #506, #4371, #1057, #4924, #1615, #5484, #2170, #6043, #2726, #6603, #3278, #7157, #3835, #528, #4395, #1084, #4948, #1639, #5507, #2193, #6065, #2747, #6628 ),
 ( #3302, #7180, #3858, #553, #4418, #1106, #4972, #1664, #5530, #2217, #6088, #2767, #6649, #3324, #22, #3878, #574, #4442, #1128, #4996, #1685, #5553, #2238, #6109, #2790, #6669, #3345, #45, #3899, #598, #4467, #1149, #5017, #1707, #5574, #2257, #6128, #2809, #6689, #3365, #69, #3920, #620, #4488, #1171, #5041, #1729, #5598, #2280, #6152, #2833, #6715, #3390, #92, #3945, #644, #4512, #1195, #5070, #1754, #5621, #2304, #6178, #2857, #6740, #3417, #118, #3970, #672, #4539, #1218, #5095, #1781, #5648, #2330, #6202, #2883, #6763, #3441, #143, #4000, #696, #4563, #1244, #5121, #1805, #5675, #2357, #6227, #2908, #6792, #3466, #167, #4027, #721, #4588, #1271 ),
 ( #5150, #1831, #5699, #2383, #6250, #2931, #6816, #3493, #191, #4050, #746, #4613, #1295, #5173, #1855, #5724, #2409, #6276, #2958, #6839, #3518, #216, #4074, #769, #4636, #1318, #5197, #1879, #5750, #2433, #6300, #2984, #6864, #3540, #241, #4098, #791, #4658, #1343, #5220, #1902, #5774, #2457, #6321, #3007, #6889, #3565, #262, #4121, #814, #4680, #1367, #5243, #1924, #5797, #2479, #6345, #3028, #6910, #3590, #284, #4143, #836, #4704, #1388, #5264, #1949, #5820, #2500, #6371, #3055, #6932, #3613, #310, #4168, #858, #4728, #1414, #5285, #1971, #5845, #2525, #6395, #3080, #6958, #3638, #333, #4193, #881, #4752, #1438, #5310, #1993, #5868, #2549, #6420, #3102 ),
 ( #6982, #3662, #356, #4214, #906, #4776, #1462, #5333, #2018, #5891, #2572, #6447, #3127, #7005, #3687, #381, #4238, #931, #4800, #1485, #5357, #2044, #5913, #2596, #6471, #3151, #7030, #3713, #405, #4265, #956, #4824, #1511, #5381, #2067, #5941, #2621, #6496, #3175, #7055, #3735, #427, #4291, #980, #4848, #1535, #5407, #2091, #5964, #2647, #6522, #3199, #7078, #3760, #450, #4315, #1005, #4872, #1558, #5431, #2117, #5989, #2670, #6547, #3223, #7099, #3783, #475, #4338, #1027, #4895, #1582, #5452, #2139, #6012, #2692, #6570, #3247, #7124, #3803, #498, #4361, #1048, #4916, #1607, #5474, #2162, #6035, #2716, #6594, #3270, #7149, #3826, #520, #4386, #1074, #4938 ),
 ( #1630, #5499, #2184, #6057, #2739, #6619, #3292, #7171, #3848, #544, #4409, #1097, #4962, #1653, #5522, #2207, #6079, #2760, #6641, #3315, #13, #3871, #566, #4432, #1119, #4988, #1676, #5543, #2230, #6101, #2782, #6660, #3337, #35, #3891, #587, #4458, #1142, #5009, #1698, #5564, #2250, #6121, #2803, #6681, #3357, #58, #3911, #611, #4480, #1163, #5031, #1721, #5590, #2272, #6143, #2825, #6705, #3381, #83, #3937, #635, #4503, #1186, #5059, #1745, #5613, #2295, #6168, #2848, #6731, #3407, #109, #3961, #662, #4529, #1210, #5085, #1771, #5638, #2319, #6192, #2873, #6754, #3432, #134, #3987, #687, #4555, #1235, #5110, #1796, #5665, #2346, #6217, #2898, #6780 ),
 ( #3456, #158, #4017, #712, #4578, #1260, #5138, #1820, #5690, #2373, #6241, #2922, #6806, #3482, #181, #4040, #737, #4603, #1286, #5164, #1846, #5714, #2398, #6266, #2948, #6830, #3509, #206, #4064, #760, #4627, #1309, #5187, #1870, #5739, #2424, #6290, #2974, #6855, #3531, #231, #4088, #782, #4649, #1332, #5210, #1893, #5764, #2447, #6312, #2998, #6879, #3555, #253, #4111, #804, #4670, #1358, #5234, #1916, #5787, #2470, #6335, #3019, #6901, #3580, #275, #4132, #827, #4693, #1379, #5255, #1939, #5810, #2491, #6362, #3044, #6923, #3603, #300, #4157, #849, #4719, #1403, #5276, #1960, #5834, #2514, #6384, #3070, #6947, #3627, #323, #4182, #870, #4742, #1428 ),
 ( #5299, #1984, #5859, #2540, #6409, #3092, #6974, #3651, #346, #4206, #895, #4766, #1451, #5324, #2009, #5882, #2563, #6438, #3116, #6996, #3679, #371, #4230, #922, #4790, #1476, #5349, #2033, #5906, #2588, #6463, #3142, #7021, #3705, #397, #4257, #947, #4817, #1501, #5373, #2060, #5933, #2614, #6488, #3168, #7047, #3728, #420, #4284, #973, #4841, #1528, #5399, #3900, #599, #4468, #1150, #5018, #1709, #5575, #2258, #6129, #2810, #6690, #3366, #70, #3921, #621, #4489, #1172, #5042, #1730, #5599, #2281, #6153, #2834, #6716, #3391, #93, #3946, #645, #4514, #1196, #5071, #1755, #5622, #2305, #6179, #2859, #6741, #3418, #119, #3971, #673, #4540, #1220, #5096 ),
 ( #1782, #5649, #2331, #6203, #2884, #6765, #3442, #144, #4001, #697, #4564, #1245, #5123, #1806, #5677, #2358, #6228, #2909, #6793, #3468, #168, #4028, #722, #4589, #1272, #5152, #1833, #5700, #2384, #6251, #2932, #6817, #3494, #193, #4051, #747, #4614, #1296, #5174, #1856, #5726, #2410, #6277, #2959, #6840, #3519, #217, #4076, #770, #4637, #1319, #5198, #1880, #5751, #2435, #6301, #2985, #6865, #3541, #242, #4099, #792, #4659, #1344, #5221, #1903, #5775, #2458, #6323, #3008, #6890, #3566, #263, #4122, #815, #4682, #1368, #5244, #1925, #5798, #2480, #6346, #3031, #6911, #3591, #285, #4144, #837, #4706, #1390, #5265, #1950, #5821, #2501, #6372, #3056, #6933 ),
 ( #3614, #311, #4169, #859, #4729, #1415, #5286, #1972, #5846, #2526, #6396, #3081, #6959, #3639, #334, #4194, #882, #4753, #1439, #5311, #1994, #5869, #2550, #6421, #3103, #6983, #3663, #357, #4215, #907, #4777, #1463, #5334, #2019, #5892, #2573, #6448, #3128, #7006, #3688, #382, #4239, #932, #4801, #1486, #5358, #2045, #5914, #2597, #6472, #3152, #7031, #3714, #406, #4266, #957, #4825, #1512, #5382, #2068, #5942, #2622, #6497, #3176, #7056, #3736, #428, #4292, #981, #4849, #1536, #5408, #2092, #5965, #2648, #6523, #3200, #7079, #3761, #451, #4316, #1006, #4873, #1559, #5432, #2118, #5990, #2671, #6548, #3224, #7100, #3784, #476, #4339, #1028, #4896, #1583 ),
 ( #5453, #2140, #6013, #2693, #6571, #3248, #7125, #3804, #499, #4363, #1049, #4917, #1608, #5475, #2163, #6036, #2718, #6595, #3271, #7150, #3827, #521, #4387, #1076, #4939, #1631, #5500, #2185, #6058, #2740, #6621, #3293, #7172, #3849, #545, #4410, #1098, #4964, #1654, #5523, #2208, #6080, #2761, #6642, #3317, #14, #3872, #567, #4433, #1120, #4989, #1678, #5544, #2231, #6102, #2783, #6661, #3338, #37, #3892, #588, #4460, #1143, #5010, #1699, #5566, #2251, #6122, #2804, #6682, #3358, #59, #3913, #612, #4481, #1164, #5032, #1722, #5591, #2273, #6144, #2826, #6706, #3382, #84, #3938, #637, #4504, #1187, #5060, #1746, #5614, #2296, #6170, #2849, #6732, #3408 ) ),
 .UNSPECIFIED., .F., .T., .F.,
 ( 4, 3, 3, 3, 3, 3, 3, 3, 3, 3, 3, 3, 3, 3, 3, 3, 4 ),
 ( 4, 3, 3, 3, 3, 3, 3, 3, 3, 3, 3, 3, 3, 3, 3, 3, 3, 3, 3, 3, 3, 3, 3, 3, 3, 3, 3, 3, 3, 3, 3, 3, 4 ),
 ( 1.745329251993901200, 1.832595714593615400, 1.919862177193329300, 2.007128639793043200, 2.094395102392757400, 2.181661564992471500, 2.268928027592185300, 2.356194490191899400, 2.443460952791613600, 2.530727415391327700, 2.617993877991041900, 2.705260340590755600, 2.792526803190469800, 2.879793265790183900, 2.967059728389897600, 3.054326190989611800, 3.141592653589325900 ),
 ( -3.141592653589793100, -2.945243112740430800, -2.748893571891069000, -2.552544031041707100, -2.356194490192344800, -2.159844949342982500, -1.963495408493620700, -1.767145867644258600, -1.570796326794896600, -1.374446785945534500, -1.178097245096172400, -0.9817477042468103500, -0.7853981633974482800, -0.5890486225480862100, -0.3926990816987241400, -0.1963495408493620700, 0.0000000000000000000, 0.1963495408493620700, 0.3926990816987241400, 0.5890486225480862100, 0.7853981633974482800, 0.9817477042468103500, 1.178097245096172400, 1.374446785945534500, 1.570796326794896600, 1.767145867644258600, 1.963495408493620700, 2.159844949342982500, 2.356194490192344800, 2.552544031041707100, 2.748893571891069000, 2.945243112740430800, 3.141592653589793100 ),
 .UNSPECIFIED. ) ;
#4083 = CARTESIAN_POINT ( 'NONE',  ( 1.817891195591996100, -17.50817548227982500, 7.745978388781855600 ) ) ;
#4084 = CARTESIAN_POINT ( 'NONE',  ( 1.522960979720935800, -18.09510799741610000, 8.179974081515144500 ) ) ;
#4085 = CARTESIAN_POINT ( 'NONE',  ( 1.683358530999749900, -18.18039288824465800, 9.325226407637501300 ) ) ;
#4086 = CARTESIAN_POINT ( 'NONE',  ( 3.217295094962688800, -17.30094578116349900, 8.504052840847180100 ) ) ;
#4087 = CARTESIAN_POINT ( 'NONE',  ( 1.497993950572691400, -16.88129500215674700, 8.132180772323604100 ) ) ;
#4088 = CARTESIAN_POINT ( 'NONE',  ( 3.510172709047950400, -18.79297344701841900, 7.149440974784243800 ) ) ;
#4089 = CARTESIAN_POINT ( 'NONE',  ( 3.261577589972442800, -18.92984643840875900, 6.900000000000000400 ) ) ;
#4090 = CARTESIAN_POINT ( 'NONE',  ( 2.544102650769517500, -18.82732231081764600, 7.803964035326882400 ) ) ;
#4091 = CARTESIAN_POINT ( 'NONE',  ( 3.519440081522414100, -18.67863021070112200, 6.800457307736364100 ) ) ;
#4092 = CARTESIAN_POINT ( 'NONE',  ( 4.687213982155999900, -16.65841051662999900, 6.488001347711999300 ) ) ;
#4093 = CARTESIAN_POINT ( 'NONE',  ( 1.910146634783835000, -16.60592261630248200, 8.460889315847657200 ) ) ;
#4094 = B_SPLINE_SURFACE_WITH_KNOTS ( 'NONE', 3, 3, ( 
 ( #6218, #2320, #1821, #5691 ),
 ( #2374, #6242, #2923, #6807 ),
 ( #3483, #182, #4041, #738 ),
 ( #4604, #1287, #5165, #1847 ),
 ( #5715, #2399, #6267, #2950 ),
 ( #6831, #3510, #207, #4066 ),
 ( #761, #4628, #1310, #5189 ),
 ( #1871, #5740, #2425, #6292 ),
 ( #2975, #6856, #3532, #233 ),
 ( #4089, #783, #4650, #1334 ),
 ( #5211, #1894, #5765, #2449 ),
 ( #6313, #2999, #6880, #3557 ),
 ( #254, #4112, #805, #4671 ) ),
 .UNSPECIFIED., .F., .F., .F.,
 ( 4, 3, 3, 3, 4 ),
 ( 4, 4 ),
 ( 0.0000000000000000000, 0.7255321518546501400, 1.451501150205589700, 2.177138121771224900, 2.902398506064990200 ),
 ( 0.0000000000000000000, 2.372588508298308700 ),
 .UNSPECIFIED. ) ;
#4095 = CARTESIAN_POINT ( 'NONE',  ( 1.274816747236527000, -17.71900377943614700, 9.703531005159115700 ) ) ;
#4096 = CARTESIAN_POINT ( 'NONE',  ( 1.440635220035954900, -17.75170045907886900, 8.049485912348279400 ) ) ;
#4097 = CARTESIAN_POINT ( 'NONE',  ( 2.308431154018821800, -17.25057651612011600, 7.495525167804638400 ) ) ;
#4098 = CARTESIAN_POINT ( 'NONE',  ( 3.156850499235640800, -18.92133589546991200, 7.365362959520728800 ) ) ;
#4100 = CARTESIAN_POINT ( 'NONE',  ( 1.946230802590214900, -18.49641297733005300, 8.107958895155240600 ) ) ;
#4099 = CARTESIAN_POINT ( 'NONE',  ( 3.857493595701164700, -17.80517426572184200, 6.965014756575274500 ) ) ;
#4101 = CARTESIAN_POINT ( 'NONE',  ( 2.185462781775071100, -18.48443070149020400, 8.918814783458785200 ) ) ;
#4102 = CARTESIAN_POINT ( 'NONE',  ( 1.508556129079941200, -19.47943227717424000, 6.899999841221343500 ) ) ;
#4103 = CARTESIAN_POINT ( 'NONE',  ( 2.536870376035321500, -17.05581260520251200, 7.720736972592266800 ) ) ;
#4104 = CARTESIAN_POINT ( 'NONE',  ( 1.698108303681462200, -16.48129198941492700, 8.527725540405384700 ) ) ;
#4105 = CARTESIAN_POINT ( 'NONE',  ( 0.4025096514889308600, -16.68888988304581000, 9.977086203471863300 ) ) ;
#4106 = CARTESIAN_POINT ( 'NONE',  ( 1.722366660408865200, -18.20113387856541100, 8.001399239129273900 ) ) ;
#4107 = CARTESIAN_POINT ( 'NONE',  ( 1.796214148340156400, -18.42966294024173400, 8.785598041302126400 ) ) ;
#4108 = CARTESIAN_POINT ( 'NONE',  ( 2.114465126538057000, -17.66586663854584000, 9.647663887237936100 ) ) ;
#4109 = CARTESIAN_POINT ( 'NONE',  ( 2.750343985965309800, -16.97000278493299800, 8.027728131751496600 ) ) ;
#4110 = CARTESIAN_POINT ( 'NONE',  ( 1.208558748845412100, -17.50754800544851300, 8.121877627087807000 ) ) ;
#4111 = CARTESIAN_POINT ( 'NONE',  ( 3.878885130877505200, -18.14723729849026400, 7.152058854636335300 ) ) ;
#4112 = CARTESIAN_POINT ( 'NONE',  ( 3.793228353883247600, -18.49176699722021800, 6.109137163900562900 ) ) ;
#4113 = CARTESIAN_POINT ( 'NONE',  ( 3.231268280166462500, -18.70379694579814300, 8.059845509507546500 ) ) ;
#4114 = CARTESIAN_POINT ( 'NONE',  ( 3.207714012996902400, -18.84272482260988100, 6.800330693455817900 ) ) ;
#4115 = CARTESIAN_POINT ( 'NONE',  ( 4.493373198903001700, -16.61789570595000900, 6.612376248815998300 ) ) ;
#4116 = CARTESIAN_POINT ( 'NONE',  ( 1.505956815340089700, -17.07674503710408600, 8.050956445577906400 ) ) ;
#4117 = B_SPLINE_SURFACE_WITH_KNOTS ( 'NONE', 3, 3, ( 
 ( #3319, #2650, #17, #3874 ),
 ( #569, #4435, #1122, #4991 ),
 ( #1680, #5547, #2233, #6104 ),
 ( #2785, #6663, #3340, #39 ),
 ( #3894, #590, #4462, #1145 ),
 ( #5012, #1701, #5568, #2253 ),
 ( #6124, #2806, #6684, #3360 ),
 ( #61, #3915, #615, #4483 ),
 ( #1166, #5034, #1724, #5593 ),
 ( #2275, #6147, #2828, #6708 ),
 ( #3384, #86, #3940, #639 ),
 ( #4507, #1189, #5062, #1748 ),
 ( #5616, #2298, #6172, #2852 ),
 ( #6734, #3410, #111, #3964 ) ),
 .UNSPECIFIED., .F., .F., .F.,
 ( 4, 1, 1, 1, 1, 1, 1, 1, 1, 1, 1, 4 ),
 ( 4, 4 ),
 ( 4.132165658817998900, 4.237660808194000600, 4.343155957569998700, 4.448651106945000300, 4.554146256320998500, 4.659641405697001000, 4.765136555072999200, 4.870631704448000800, 4.976126853824000700, 5.081622003200001500, 5.187117152575998700, 5.292612301951000300 ),
 ( 859.2294379385001500, 862.9606847816998000 ),
 .UNSPECIFIED. ) ;
#4118 = CARTESIAN_POINT ( 'NONE',  ( 1.637954071387893700, -17.08149722881713500, 9.824556327231009700 ) ) ;
#4119 = CARTESIAN_POINT ( 'NONE',  ( 1.491808420188034200, -18.26780754353131500, 8.582642007529047500 ) ) ;
#4120 = CARTESIAN_POINT ( 'NONE',  ( 1.967856233356110900, -17.84963804852139200, 7.439076125259648900 ) ) ;
#4121 = CARTESIAN_POINT ( 'NONE',  ( 3.739243678174306100, -18.46306283598906700, 7.427114729345474200 ) ) ;
#4123 = CARTESIAN_POINT ( 'NONE',  ( 2.487850872180214200, -18.64521330118181900, 8.595700321425606900 ) ) ;
#4122 = CARTESIAN_POINT ( 'NONE',  ( 3.368113513771061400, -17.24641638158111700, 6.924563805659754000 ) ) ;
#4124 = CARTESIAN_POINT ( 'NONE',  ( 1.997764119107765100, -17.53710172938453800, 7.545649367256461700 ) ) ;
#4125 = CARTESIAN_POINT ( 'NONE',  ( -0.3614707189480732000, -16.15412986890993700, 8.414070847391194300 ) ) ;
#4126 = CARTESIAN_POINT ( 'NONE',  ( -0.5375362938267815900, -16.97649002109502800, 9.727729460361363300 ) ) ;
#4127 = CARTESIAN_POINT ( 'NONE',  ( 2.083132239268109300, -18.58221999530338300, 8.528652739200630600 ) ) ;
#4128 = CARTESIAN_POINT ( 'NONE',  ( 2.292764570627043000, -18.20478567178292900, 9.291669709271628700 ) ) ;
#4129 = CARTESIAN_POINT ( 'NONE',  ( 2.348661467653451000, -17.00291399243804600, 9.405517016969517000 ) ) ;
#4130 = CARTESIAN_POINT ( 'NONE',  ( 2.144836138793335700, -17.22522709443213200, 7.679660256602952400 ) ) ;
#4131 = CARTESIAN_POINT ( 'NONE',  ( 1.093052383506692500, -18.02331072436575000, 8.644924034395904400 ) ) ;
#4132 = CARTESIAN_POINT ( 'NONE',  ( 3.643054087188369600, -17.44466516549598000, 7.089172654893667800 ) ) ;
#4133 = CARTESIAN_POINT ( 'NONE',  ( 0.1571940667282658300, -16.55845327289503300, 8.401393798652328800 ) ) ;
#4134 = B_SPLINE_CURVE_WITH_KNOTS ( 'NONE', 3,
 ( #3916, #1702, #591, #616, #4484, #1167, #5035, #1725, #5594, #2276, #6148, #2829, #6709, #3385 ),
 .UNSPECIFIED., .F., .F.,
 ( 4, 1, 1, 1, 1, 1, 1, 1, 1, 1, 1, 4 ),
 ( 65.93143750158985500, 70.69723555769502400, 76.74166237874345600, 82.78608919979208700, 88.83051602084066200, 94.87494284183203800, 100.9193696628805100, 106.9637964839292300, 113.0082233049777200, 119.0526501259690900, 125.0970769470175700, 129.8628750031799900 ),
 .UNSPECIFIED. ) ;
#4135 = CARTESIAN_POINT ( 'NONE',  ( 3.637564918199908300, -18.08056065623774700, 8.090690326587621300 ) ) ;
#4136 = CARTESIAN_POINT ( 'NONE',  ( 2.855726479927101400, -18.85704125122530800, 6.800217863105164200 ) ) ;
#4137 = CARTESIAN_POINT ( 'NONE',  ( 1.979415923677300300, -19.49525254011669500, 6.900036467719999700 ) ) ;
#4138 = CARTESIAN_POINT ( 'NONE',  ( 1.261159348666908400, -17.71174201180747700, 8.164130492550809100 ) ) ;
#4139 = B_SPLINE_SURFACE_WITH_KNOTS ( 'NONE', 3, 3, ( 
 ( #5352, #2037, #1505, #5376 ),
 ( #2063, #5937, #2617, #6491 ),
 ( #3171, #7051, #3731, #423 ),
 ( #4287, #976, #4844, #1531 ),
 ( #5403, #2086, #5959, #2642 ),
 ( #6517, #3195, #7074, #3756 ),
 ( #445, #4311, #1000, #4867 ),
 ( #1554, #5426, #2112, #5984 ),
 ( #2666, #6542, #3219, #7095 ),
 ( #3779, #471, #4333, #1023 ) ),
 .UNSPECIFIED., .F., .F., .F.,
 ( 4, 1, 1, 1, 1, 1, 1, 4 ),
 ( 4, 4 ),
 ( -0.01020195370813000200, 0.2196056929680000000, 0.4494133396440001000, 0.6792209863200002800, 0.9090286329950001400, 1.138836279671000100, 1.368643926347000300, 1.598451573023000200 ),
 ( -0.07000810203712000400, 14.92908520389000100 ),
 .UNSPECIFIED. ) ;
#4140 = CARTESIAN_POINT ( 'NONE',  ( 1.835753530159673900, -16.53476700880504100, 9.359353926035456800 ) ) ;
#4141 = CARTESIAN_POINT ( 'NONE',  ( 1.874024763269967600, -18.28177192224260500, 9.220678329226998900 ) ) ;
#4142 = CARTESIAN_POINT ( 'NONE',  ( 2.109865341930389000, -18.53842946693099600, 7.681047195275815500 ) ) ;
#4143 = CARTESIAN_POINT ( 'NONE',  ( 3.793499130283277200, -17.72397396593594000, 7.365362959518566100 ) ) ;
#4145 = CARTESIAN_POINT ( 'NONE',  ( 3.043969639685894200, -18.22680518815905500, 8.857861516584224000 ) ) ;
#4144 = CARTESIAN_POINT ( 'NONE',  ( 2.624236463579347600, -17.24843243105016600, 6.886359032167586500 ) ) ;
#4146 = CARTESIAN_POINT ( 'NONE',  ( 1.020687266624609800, -19.24175925816101800, 6.500000069383133900 ) ) ;
#4147 = CARTESIAN_POINT ( 'NONE',  ( 1.912685111137682100, -18.21262758512057500, 7.659588536166942200 ) ) ;
#4148 = CARTESIAN_POINT ( 'NONE',  ( 0.05380325559149835800, -15.99878182929362100, 10.07991726568730200 ) ) ;
#4149 = CARTESIAN_POINT ( 'NONE',  ( 3.790974029852788100, -18.03885854604578400, 7.663317873370519200 ) ) ;
#4150 = CARTESIAN_POINT ( 'NONE',  ( 1.120799321517577600, -17.45280403771424500, 8.223538986866463700 ) ) ;
#4151 = CARTESIAN_POINT ( 'NONE',  ( 2.652809807042862300, -18.39622511981120200, 8.969236461016477000 ) ) ;
#4152 = CARTESIAN_POINT ( 'NONE',  ( 2.676083807834478600, -17.56933208148818800, 9.352673297273399900 ) ) ;
#4153 = ORIENTED_EDGE ( 'NONE', *, *, #5188, .F. ) ;
#4154 = CARTESIAN_POINT ( 'NONE',  ( 2.229149484895411000, -16.64081846509951700, 8.766812678352673400 ) ) ;
#4155 = CARTESIAN_POINT ( 'NONE',  ( 1.844043068414779700, -17.84544101183845700, 7.649165332429309000 ) ) ;
#4156 = CARTESIAN_POINT ( 'NONE',  ( 1.296659605094892600, -18.04890991698576400, 9.360703758960193400 ) ) ;
#4157 = CARTESIAN_POINT ( 'NONE',  ( 2.958647857424615300, -17.16342060549358800, 7.003114006748472100 ) ) ;
#4158 = CARTESIAN_POINT ( 'NONE',  ( -0.05794883300997746200, -15.71748298373060700, 8.777123905708524600 ) ) ;
#4159 = CARTESIAN_POINT ( 'NONE',  ( 3.483974588095031200, -17.38561139311009600, 7.875316282113415100 ) ) ;
#4160 = CARTESIAN_POINT ( 'NONE',  ( 2.230081408877891300, -18.30559853815618300, 6.799276826103980700 ) ) ;
#4161 = CARTESIAN_POINT ( 'NONE',  ( 2.478118441958999900, -19.54075285002999600, 6.889247048010001400 ) ) ;
#4162 = VERTEX_POINT ( 'NONE', #4579 ) ;
#4163 = CARTESIAN_POINT ( 'NONE',  ( 1.266506984241896300, -18.16102787795539800, 8.756620205651415700 ) ) ;
#4164 = B_SPLINE_SURFACE_WITH_KNOTS ( 'NONE', 3, 3, ( 
 ( #3401, #103, #657, #4523 ),
 ( #1205, #5080, #1765, #5632 ),
 ( #2314, #6187, #2867, #6749 ),
 ( #3427, #127, #3981, #682 ),
 ( #4550, #1229, #5105, #1791 ),
 ( #5659, #2339, #6212, #2893 ),
 ( #6774, #3451, #153, #4011 ),
 ( #706, #4573, #1255, #5132 ),
 ( #1814, #5685, #2367, #6235 ),
 ( #2917, #6801, #3477, #176 ),
 ( #4035, #731, #4597, #1280 ),
 ( #5159, #1841, #5708, #2392 ),
 ( #6259, #2941, #6824, #3502 ),
 ( #200, #4058, #754, #4620 ),
 ( #1302, #5181, #1864, #5733 ),
 ( #2418, #6284, #2966, #6847 ) ),
 .UNSPECIFIED., .F., .F., .F.,
 ( 4, 3, 3, 3, 3, 4 ),
 ( 4, 4 ),
 ( 0.0000000000000000000, 0.3412857270386917000, 0.7115095103814881300, 1.437146545919429700, 2.163115608193399500, 2.888647650953148500 ),
 ( 0.0000000000000000000, 2.372588508298308700 ),
 .UNSPECIFIED. ) ;
#4165 = CARTESIAN_POINT ( 'NONE',  ( 1.732379382796576600, -16.45427170199554800, 8.627394406597959500 ) ) ;
#4166 = CARTESIAN_POINT ( 'NONE',  ( 2.329476874597422600, -17.78019041290760100, 9.529766424076070700 ) ) ;
#4167 = CARTESIAN_POINT ( 'NONE',  ( 2.698323687003275000, -18.82578802147880000, 8.033949053422286800 ) ) ;
#4168 = CARTESIAN_POINT ( 'NONE',  ( 3.278565319703470800, -17.20537334367516600, 7.221217130474603800 ) ) ;
#4170 = CARTESIAN_POINT ( 'NONE',  ( 3.235862019098164000, -17.52182073236746600, 8.714106173486047900 ) ) ;
#4169 = CARTESIAN_POINT ( 'NONE',  ( 2.155161936752079100, -17.75421774957790400, 6.837984225311910100 ) ) ;
#4171 = CARTESIAN_POINT ( 'NONE',  ( 1.762276713865617500, -16.79012030240831500, 9.671302395363456500 ) ) ;
#4172 = CARTESIAN_POINT ( 'NONE',  ( 0.9981570404172492900, -18.63800022170469000, 6.500000038377288000 ) ) ;
#4173 = CARTESIAN_POINT ( 'NONE',  ( 2.302062695677129100, -18.71821319820819700, 8.041829038477128900 ) ) ;
#4174 = CARTESIAN_POINT ( 'NONE',  ( 3.792041276238092200, -17.58688546052605500, 6.900000000000000400 ) ) ;
#4175 = FACE_BOUND ( 'NONE', #4963, .T. ) ;
#4176 = CARTESIAN_POINT ( 'NONE',  ( 3.525665413540880300, -17.36278925990129800, 7.498169960885928000 ) ) ;
#4177 = CARTESIAN_POINT ( 'NONE',  ( 3.044944037338265500, -17.76545854448139000, 9.022345910817742600 ) ) ;
#4179 = CARTESIAN_POINT ( 'NONE',  ( 2.682933260346771000, -16.95969016399245200, 8.926715528063876800 ) ) ;
#4178 = CARTESIAN_POINT ( 'NONE',  ( 2.946398262721319200, -18.88902727359863900, 7.723458904970373200 ) ) ;
#4180 = CARTESIAN_POINT ( 'NONE',  ( 1.834602342440916400, -16.82857652127549000, 8.163574582989831200 ) ) ;
#4181 = CARTESIAN_POINT ( 'NONE',  ( 1.979987959561047500, -18.49490273543265700, 7.985166840614911400 ) ) ;
#4182 = CARTESIAN_POINT ( 'NONE',  ( 2.295671909623241600, -17.49664400106319600, 6.952982365233579800 ) ) ;
#4183 = CARTESIAN_POINT ( 'NONE',  ( 1.711958274949889400, -16.88296831730390900, 9.666543952501530900 ) ) ;
#4184 = CARTESIAN_POINT ( 'NONE',  ( 2.878625651111729000, -17.08927195153707900, 7.561204762557144600 ) ) ;
#4185 = VERTEX_POINT ( 'NONE', #1261 ) ;
#4186 = CARTESIAN_POINT ( 'NONE',  ( 2.728266695450834300, -17.99223072190717000, 9.232701367933566800 ) ) ;
#4187 = CARTESIAN_POINT ( 'NONE',  ( 2.977185909283999600, -19.57561998304999700, 6.860127676785998200 ) ) ;
#4188 = CARTESIAN_POINT ( 'NONE',  ( 1.583164179625335500, -18.08459203685007900, 9.426200384755762900 ) ) ;
#4189 = CARTESIAN_POINT ( 'NONE',  ( 1.400025875811629300, -16.89084004368524100, 8.125518250274819100 ) ) ;
#4190 = ORIENTED_EDGE ( 'NONE', *, *, #529, .T. ) ;
#4191 = CARTESIAN_POINT ( 'NONE',  ( 2.545390010979075200, -17.10751641440183200, 9.297644789526312800 ) ) ;
#4192 = CARTESIAN_POINT ( 'NONE',  ( 3.335822511872567300, -18.51285010151583100, 8.258238494894822400 ) ) ;
#4193 = CARTESIAN_POINT ( 'NONE',  ( 2.548065133142362300, -17.26340198252581400, 7.093667176698510900 ) ) ;
#4195 = CARTESIAN_POINT ( 'NONE',  ( 2.931748865698351900, -17.01439718255406000, 8.263156066389337100 ) ) ;
#4194 = CARTESIAN_POINT ( 'NONE',  ( 2.207198335613802500, -18.49598770047241600, 6.849450611218562900 ) ) ;
#4196 = CARTESIAN_POINT ( 'NONE',  ( 3.794652833575488300, -18.49252440650396800, 6.799999999999903000 ) ) ;
#4197 = CARTESIAN_POINT ( 'NONE',  ( 3.569698126337640200, -18.64411356940382800, 6.800534742204117600 ) ) ;
#4198 = CARTESIAN_POINT ( 'NONE',  ( 2.951490229229887200, -18.66597744992560900, 8.402844329344304700 ) ) ;
#4199 = CARTESIAN_POINT ( 'NONE',  ( 2.748969825198126000, -18.96555239991162300, 6.500000032607370100 ) ) ;
#4200 = CARTESIAN_POINT ( 'NONE',  ( 2.847384801245334000, -17.14132523655628000, 7.287754580247690400 ) ) ;
#4201 = CARTESIAN_POINT ( 'NONE',  ( 2.990242769405083500, -17.12308952839903500, 8.651508989541781600 ) ) ;
#4203 = CARTESIAN_POINT ( 'NONE',  ( 2.311577161443825600, -16.78776692136894900, 8.305478913967153400 ) ) ;
#4202 = CARTESIAN_POINT ( 'NONE',  ( 3.569462127082648100, -18.50621449997785800, 7.858278221599926300 ) ) ;
#4204 = CARTESIAN_POINT ( 'NONE',  ( 1.489467194637991600, -17.40026157658519100, 7.983458048825317700 ) ) ;
#4205 = CARTESIAN_POINT ( 'NONE',  ( 2.527701762503621600, -18.70346664285662500, 8.444978940691870100 ) ) ;
#4206 = CARTESIAN_POINT ( 'NONE',  ( 2.099650868746556500, -18.15757586140565400, 6.926522017575849500 ) ) ;
#4207 = CARTESIAN_POINT ( 'NONE',  ( 1.008321143709999900, -18.61578909591999700, 6.612376248815998300 ) ) ;
#4208 = CARTESIAN_POINT ( 'NONE',  ( 2.230391882976225900, -17.39650200091699300, 7.361568813765711800 ) ) ;
#4209 = CARTESIAN_POINT ( 'NONE',  ( 2.910269331563534800, -17.30152619057593500, 9.025840219332671700 ) ) ;
#4210 = CARTESIAN_POINT ( 'NONE',  ( 1.993671468712057600, -17.53492562856472900, 9.713047124437292000 ) ) ;
#4211 = ADVANCED_FACE ( 'NONE', ( #1930 ), #4094, .T. ) ;
#4212 = CARTESIAN_POINT ( 'NONE',  ( 1.118736870518812800, -17.52142445645330300, 8.162890653043453100 ) ) ;
#4213 = CARTESIAN_POINT ( 'NONE',  ( 2.377652906936742900, -16.71977913523329900, 8.685383747666080000 ) ) ;
#4214 = CARTESIAN_POINT ( 'NONE',  ( 2.120515659098981800, -17.80122799125541300, 7.028745571904823700 ) ) ;
#4216 = CARTESIAN_POINT ( 'NONE',  ( 2.341017760469741300, -17.04602360018671400, 7.812205959293594400 ) ) ;
#4215 = CARTESIAN_POINT ( 'NONE',  ( 2.797028967784784800, -18.94879038620796400, 6.870783407677767400 ) ) ;
#4217 = CARTESIAN_POINT ( 'NONE',  ( 2.205347166426888900, -17.64747559349452600, 6.799999999999625900 ) ) ;
#4218 = CARTESIAN_POINT ( 'NONE',  ( 1.588589734874355400, -17.70961406504146000, 9.728196008586675000 ) ) ;
#4219 = CARTESIAN_POINT ( 'NONE',  ( 2.897927530623321000, -18.87187887426798800, 6.498606151234712400 ) ) ;
#4220 = CARTESIAN_POINT ( 'NONE',  ( 3.414983326222874800, -18.09179243823471200, 8.494712701785889700 ) ) ;
#4221 = CARTESIAN_POINT ( 'NONE',  ( 2.067781063220532900, -18.03147725627594900, 6.600000021089451600 ) ) ;
#4222 = CARTESIAN_POINT ( 'NONE',  ( 2.217810942010425300, -17.52067658450266300, 7.174656236132364000 ) ) ;
#4223 = CARTESIAN_POINT ( 'NONE',  ( 2.529118238209423300, -16.90343556365973400, 8.110663182730961700 ) ) ;
#4224 = B_SPLINE_CURVE_WITH_KNOTS ( 'NONE', 1,
 ( #5037, #5117 ),
 .UNSPECIFIED., .F., .F.,
 ( 2, 2 ),
 ( 0.0000000000000000000, 1.000000000000000000 ),
 .UNSPECIFIED. ) ;
#4226 = CARTESIAN_POINT ( 'NONE',  ( 1.812059308938450500, -17.17407062572817700, 7.910647291571865300 ) ) ;
#4225 = CARTESIAN_POINT ( 'NONE',  ( 3.724645353710927400, -17.78171144142253000, 7.784350434129963900 ) ) ;
#4227 = CARTESIAN_POINT ( 'NONE',  ( 1.340548782772625200, -18.03518195927739500, 8.340711265894178400 ) ) ;
#4228 = EDGE_CURVE ( 'NONE', #5489, #479, #905, .T. ) ;
#4229 = CARTESIAN_POINT ( 'NONE',  ( 3.111050434173944000, -18.32790467355009800, 8.712832734150390800 ) ) ;
#4230 = CARTESIAN_POINT ( 'NONE',  ( 2.469184777468707000, -18.80050300386915700, 6.981474966949065200 ) ) ;
#4231 = CARTESIAN_POINT ( 'NONE',  ( 0.9480813074957001900, -18.75208972249999900, 6.612376248815998300 ) ) ;
#4232 = CARTESIAN_POINT ( 'NONE',  ( 1.996645547608942600, -18.04733639435280400, 7.362266419288170400 ) ) ;
#4233 = DIRECTION ( 'NONE',  ( -1.890799243010966900E-008, -1.483455998248285300E-008, -0.9999999999999997800 ) ) ;
#4234 = CARTESIAN_POINT ( 'NONE',  ( 2.653087405779244200, -16.86623025607364600, 8.480208087246436900 ) ) ;
#4235 = CARTESIAN_POINT ( 'NONE',  ( 2.219812810672972000, -16.88723010731610700, 9.426200384753601100 ) ) ;
#4236 = CARTESIAN_POINT ( 'NONE',  ( 0.9997789209561297500, -17.99317558524873200, 8.726833959831784800 ) ) ;
#4237 = CARTESIAN_POINT ( 'NONE',  ( 1.937558508023613100, -16.88331928556379000, 8.107120594551386000 ) ) ;
#4238 = CARTESIAN_POINT ( 'NONE',  ( 2.211618630658009900, -18.53540226046709800, 7.103704479695515800 ) ) ;
#4240 = CARTESIAN_POINT ( 'NONE',  ( 1.909151364168973200, -17.55669937464757500, 7.635623892592804800 ) ) ;
#4239 = CARTESIAN_POINT ( 'NONE',  ( 3.527017958451482900, -18.80193022500546400, 6.887526797784516900 ) ) ;
#4241 = CARTESIAN_POINT ( 'NONE',  ( 3.340843895825515600, -17.34617434517607700, 6.800014764258520500 ) ) ;
#4242 = CARTESIAN_POINT ( 'NONE',  ( 2.021887121100172100, -16.93062105815492300, 6.500000016167732900 ) ) ;
#4243 = CARTESIAN_POINT ( 'NONE',  ( 1.932373664750431900, -17.05062320222454600, 9.706422190837905400 ) ) ;
#4244 = CARTESIAN_POINT ( 'NONE',  ( 2.382070405393124100, -18.59312271722360800, 6.598545130306014500 ) ) ;
#4245 = CARTESIAN_POINT ( 'NONE',  ( 3.380659626086623100, -17.38780824316177100, 8.257402236581532100 ) ) ;
#4246 = CARTESIAN_POINT ( 'NONE',  ( 3.794652833572599500, -18.49252440650629500, 6.799999999999902100 ) ) ;
#4247 = VERTEX_POINT ( 'NONE', #5789 ) ;
#4248 = ADVANCED_FACE ( 'NONE', ( #4874 ), #1708, .T. ) ;
#4249 = CARTESIAN_POINT ( 'NONE',  ( 2.065770575749499300, -18.19503195636284300, 7.184191802459991100 ) ) ;
#4250 = CARTESIAN_POINT ( 'NONE',  ( 1.972547380524002800, -17.25940364705991200, 7.766924545111828100 ) ) ;
#4252 = CARTESIAN_POINT ( 'NONE',  ( 1.564377801192297300, -17.81749555657820100, 7.962337071842146200 ) ) ;
#4251 = CARTESIAN_POINT ( 'NONE',  ( 3.305378244828720100, -17.21305944738541500, 7.552444315315162800 ) ) ;
#4253 = CARTESIAN_POINT ( 'NONE',  ( 1.556510254253045800, -18.28919488606461700, 9.005367961277270800 ) ) ;
#4254 = ORIENTED_EDGE ( 'NONE', *, *, #1775, .T. ) ;
#4255 = CARTESIAN_POINT ( 'NONE',  ( 3.335428263106237500, -17.62657981857701400, 8.609140332566161300 ) ) ;
#4256 = CARTESIAN_POINT ( 'NONE',  ( 1.670417296423875700, -17.36202759018801300, 6.862360777354084900 ) ) ;
#4257 = CARTESIAN_POINT ( 'NONE',  ( 3.197413523563945100, -18.94290363808263700, 7.043577995692815300 ) ) ;
#4258 = CARTESIAN_POINT ( 'NONE',  ( 0.9245187427336999400, -18.97434351848999900, 6.736751149921000900 ) ) ;
#4259 = CARTESIAN_POINT ( 'NONE',  ( 2.285068557621852100, -18.68959144036907800, 7.602185705769976200 ) ) ;
#4260 = CARTESIAN_POINT ( 'NONE',  ( 3.000000000001008100, -18.06999999999733900, 6.899999999999782800 ) ) ;
#4261 = CARTESIAN_POINT ( 'NONE',  ( 2.128514914820239100, -16.98485260809432200, 7.964874045769336800 ) ) ;
#4262 = CARTESIAN_POINT ( 'NONE',  ( 2.106108538347567300, -16.58196701480800400, 8.756620205648566500 ) ) ;
#4263 = CARTESIAN_POINT ( 'NONE',  ( 1.188464511982241900, -17.95431731808853500, 9.445355579460414900 ) ) ;
#4264 = CARTESIAN_POINT ( 'NONE',  ( 1.578684800394255700, -17.44769941903629700, 7.930857253193213600 ) ) ;
#4265 = CARTESIAN_POINT ( 'NONE',  ( 2.821704470827950800, -18.94245134326125400, 7.232382936569879700 ) ) ;
#4267 = CARTESIAN_POINT ( 'NONE',  ( 1.838267719451285300, -18.26275956479826900, 7.861248249076970400 ) ) ;
#4266 = CARTESIAN_POINT ( 'NONE',  ( 3.895856578529722600, -18.15626117727639900, 6.888182515507006400 ) ) ;
#4268 = ORIENTED_EDGE ( 'NONE', *, *, #3991, .F. ) ;
#4269 = CARTESIAN_POINT ( 'NONE',  ( 3.801505622051964300, -18.03938589959363600, 6.800571476045785600 ) ) ;
#4270 = CARTESIAN_POINT ( 'NONE',  ( 3.699913651945811100, -18.45411298671878300, 6.499999993204070000 ) ) ;
#4271 = CARTESIAN_POINT ( 'NONE',  ( 2.022604971687442400, -16.56359784660502000, 9.150439774141924300 ) ) ;
#4272 = CARTESIAN_POINT ( 'NONE',  ( 2.194714119426764800, -18.15667006953030000, 6.698585614585220500 ) ) ;
#4273 = CARTESIAN_POINT ( 'NONE',  ( 2.868044109919024800, -17.03258505094743200, 7.850022441932560800 ) ) ;
#4274 = ORIENTED_EDGE ( 'NONE', *, *, #5485, .T. ) ;
#4275 = CARTESIAN_POINT ( 'NONE',  ( 4.472243186433987100, -17.22000000000000200, 6.850000000000002300 ) ) ;
#4276 = CARTESIAN_POINT ( 'NONE',  ( 2.461049320493883000, -18.80274788613280300, 7.354156199026247600 ) ) ;
#4277 = CARTESIAN_POINT ( 'NONE',  ( 1.731672611004563000, -17.90644778482396800, 7.803350270873715500 ) ) ;
#4279 = CARTESIAN_POINT ( 'NONE',  ( 1.668352005921358100, -18.36167743316558900, 8.458306724947416200 ) ) ;
#4278 = CARTESIAN_POINT ( 'NONE',  ( 2.599493184117714700, -17.18345742079436500, 7.320538196501331600 ) ) ;
#4280 = CARTESIAN_POINT ( 'NONE',  ( 1.714747805418619200, -17.38563257331430000, 6.899999997795150700 ) ) ;
#4281 = CARTESIAN_POINT ( 'NONE',  ( 1.993061991222843100, -17.98631136946922000, 9.527034511639138600 ) ) ;
#4282 = CARTESIAN_POINT ( 'NONE',  ( 3.045204143380264100, -17.07472242376960400, 8.201660135377826700 ) ) ;
#4283 = CARTESIAN_POINT ( 'NONE',  ( 4.918100451422569500, -16.81769608759361000, 6.499999959730972800 ) ) ;
#4284 = CARTESIAN_POINT ( 'NONE',  ( 3.784237198875918500, -18.48698631531049200, 7.070182802517822800 ) ) ;
#4285 = CARTESIAN_POINT ( 'NONE',  ( 0.9835262284042001200, -19.19074668729999500, 6.861126051024999800 ) ) ;
#4286 = CARTESIAN_POINT ( 'NONE',  ( 2.951205496146057900, -18.85451907752108300, 7.889300906054852900 ) ) ;
#4287 = CARTESIAN_POINT ( 'NONE',  ( 4.520897442817000600, -16.64331400113999800, 6.895433249022999300 ) ) ;
#4288 = CARTESIAN_POINT ( 'NONE',  ( 1.743312385073266400, -17.53523345852228800, 7.800301966875150800 ) ) ;
#4289 = CARTESIAN_POINT ( 'NONE',  ( 1.730643314627581500, -16.82877109197230700, 8.164130492549217500 ) ) ;
#4290 = CARTESIAN_POINT ( 'NONE',  ( 1.456698713428042200, -18.09693997289402700, 8.272231746484303400 ) ) ;
#4291 = CARTESIAN_POINT ( 'NONE',  ( 3.531806097805943800, -18.74284053297874000, 7.326412988351936700 ) ) ;
#4293 = CARTESIAN_POINT ( 'NONE',  ( 2.249898353865525300, -18.67089111131701500, 8.326994218897985100 ) ) ;
#4292 = CARTESIAN_POINT ( 'NONE',  ( 3.656994025100371200, -17.45207716196098600, 6.872430992114629200 ) ) ;
#4294 = CARTESIAN_POINT ( 'NONE',  ( 4.323999696359005700, -18.77499958603122800, 6.500000004530885900 ) ) ;
#4295 = VECTOR ( 'NONE', #873, 100.0000000000000100 ) ;
#4296 = CARTESIAN_POINT ( 'NONE',  ( 3.803682782516122800, -17.98945895814033600, 6.498961556431930300 ) ) ;
#4297 = CARTESIAN_POINT ( 'NONE',  ( 1.797318691305739500, -16.58299518202945300, 8.442061145083441100 ) ) ;
#4298 = CARTESIAN_POINT ( 'NONE',  ( 2.293634648754928800, -17.69441888054348800, 6.798716152279681100 ) ) ;
#4299 = CARTESIAN_POINT ( 'NONE',  ( 2.229167611341431200, -17.27006693377222700, 7.552335135785755300 ) ) ;
#4300 = DIRECTION ( 'NONE',  ( -0.9994115292234109200, 0.03430153429983649100, 1.838801807924896000E-008 ) ) ;
#4301 = CARTESIAN_POINT ( 'NONE',  ( 3.177799544620494300, -18.88530086153683000, 7.534113330929835200 ) ) ;
#4302 = CARTESIAN_POINT ( 'NONE',  ( 1.907031572185748700, -18.48858560969404900, 8.231480197935065100 ) ) ;
#4304 = CARTESIAN_POINT ( 'NONE',  ( 2.113756145310655000, -18.40923935913959400, 9.051841443956416100 ) ) ;
#4303 = CARTESIAN_POINT ( 'NONE',  ( 2.119890013233886300, -17.66875110197211600, 7.209091270912740200 ) ) ;
#4305 = APPLICATION_CONTEXT ( 'automotive_design' ) ;
#4306 = CARTESIAN_POINT ( 'NONE',  ( 2.350408792332550100, -17.33453201320758900, 9.547464424619962000 ) ) ;
#4307 = CARTESIAN_POINT ( 'NONE',  ( 2.439685032319479000, -17.05131208027752600, 7.770222910434214600 ) ) ;
#4308 = CARTESIAN_POINT ( 'NONE',  ( 5.061424177457881900, -17.33619426600589700, 6.499999964712696300 ) ) ;
#4309 = CARTESIAN_POINT ( 'NONE',  ( 1.181580912620000100, -19.41168835340000200, 6.488001347711999300 ) ) ;
#4310 = CARTESIAN_POINT ( 'NONE',  ( 3.544199112478098300, -18.42606968364247100, 8.028389994308911400 ) ) ;
#4311 = CARTESIAN_POINT ( 'NONE',  ( 4.022041514744999300, -16.60228344792999900, 6.871117638202001400 ) ) ;
#4312 = CARTESIAN_POINT ( 'NONE',  ( 1.671022807673233200, -18.21089811523717100, 8.102265434073185400 ) ) ;
#4313 = CARTESIAN_POINT ( 'NONE',  ( 1.404681650550152700, -17.42061229740294300, 8.024745042854581500 ) ) ;
#4314 = CARTESIAN_POINT ( 'NONE',  ( 1.722766801759583200, -18.37759506044977400, 8.907346650306632100 ) ) ;
#4315 = CARTESIAN_POINT ( 'NONE',  ( 3.861140435234480700, -18.07616668557375000, 7.322498625912329500 ) ) ;
#4316 = CARTESIAN_POINT ( 'NONE',  ( 2.968439228065048700, -17.16862676961229200, 6.850875311935760200 ) ) ;
#4317 = CARTESIAN_POINT ( 'NONE',  ( 3.584181412010880600, -18.75408929345030300, 6.500000013678236300 ) ) ;
#4318 = CARTESIAN_POINT ( 'NONE',  ( 3.690144500341652200, -18.47317561521664300, 6.599508856069451000 ) ) ;
#4319 = CARTESIAN_POINT ( 'NONE',  ( 1.411229451294436800, -17.09180959848242800, 8.061307372661309100 ) ) ;
#4320 = CARTESIAN_POINT ( 'NONE',  ( -0.7166909655856287300, -17.11311340464601500, 9.188624106092746000 ) ) ;
#4321 = CARTESIAN_POINT ( 'NONE',  ( 1.924684754770842600, -17.88831895705943600, 7.518729206252287700 ) ) ;
#4322 = CARTESIAN_POINT ( 'NONE',  ( 2.581256404582373600, -17.27029581611157400, 6.500000010630111000 ) ) ;
#4323 = CARTESIAN_POINT ( 'NONE',  ( 3.729041291374765700, -18.39092424787215000, 7.602339039818121000 ) ) ;
#4324 = CARTESIAN_POINT ( 'NONE',  ( 2.437862977330401900, -18.58157001859152400, 8.743830045081241000 ) ) ;
#4326 = CARTESIAN_POINT ( 'NONE',  ( 2.599818732741471500, -17.92393372865649000, 9.339371337297002600 ) ) ;
#4325 = CARTESIAN_POINT ( 'NONE',  ( 2.105907293086194600, -18.40506605038724100, 7.319548805171597100 ) ) ;
#4327 = APPLICATION_PROTOCOL_DEFINITION ( 'draft international standard', 'automotive_design', 1998, #463 ) ;
#4328 = CARTESIAN_POINT ( 'NONE',  ( 2.387600474986017100, -16.77712863886883100, 9.056701035731032700 ) ) ;
#4329 = CARTESIAN_POINT ( 'NONE',  ( 1.978612932070634000, -17.52691886260929600, 7.576625984458951600 ) ) ;
#4330 = CARTESIAN_POINT ( 'NONE',  ( 1.703065332060278700, -17.37941192318463000, 6.900000000000007500 ) ) ;
#4331 = CARTESIAN_POINT ( 'NONE',  ( 1.383333626406000100, -19.50596885295999900, 6.612376248815998300 ) ) ;
#4332 = CARTESIAN_POINT ( 'NONE',  ( 3.656820147054836500, -17.69847430039048300, 7.923935675129604000 ) ) ;
#4333 = CARTESIAN_POINT ( 'NONE',  ( 3.522509064962000600, -16.58096407126169700, 6.848617413941101800 ) ) ;
#4334 = CARTESIAN_POINT ( 'NONE',  ( 2.029549455486543400, -18.54071429090749800, 8.664057548587550200 ) ) ;
#4335 = EDGE_LOOP ( 'NONE', ( #1413, #1573 ) ) ;
#4336 = CARTESIAN_POINT ( 'NONE',  ( 1.261208997355257800, -18.03006049449409800, 8.426088552888824500 ) ) ;
#4337 = CARTESIAN_POINT ( 'NONE',  ( 2.198645526849175800, -18.09562207435662300, 9.405826848071605200 ) ) ;
#4338 = CARTESIAN_POINT ( 'NONE',  ( 3.582409375425589000, -17.39296055962583100, 7.222547541835962400 ) ) ;
#4339 = CARTESIAN_POINT ( 'NONE',  ( 2.303046620326006300, -17.50056520429985000, 6.838318507308111200 ) ) ;
#4340 = ADVANCED_FACE ( 'NONE', ( #631 ), #6513, .T. ) ;
#4341 = ORIENTED_EDGE ( 'NONE', *, *, #3257, .F. ) ;
#4342 = CARTESIAN_POINT ( 'NONE',  ( 3.576183987604640600, -17.98628824563489200, 8.239377491031021300 ) ) ;
#4343 = CARTESIAN_POINT ( 'NONE',  ( 3.161484550367493500, -18.95430072052825900, 6.500000024640632600 ) ) ;
#4344 = CARTESIAN_POINT ( 'NONE',  ( 2.971197697037284000, -17.26068038710571500, 6.598508755308514200 ) ) ;
#4345 = CARTESIAN_POINT ( 'NONE',  ( 1.175827129288847400, -17.72184063223100700, 8.222647640111537400 ) ) ;
#4346 = CARTESIAN_POINT ( 'NONE',  ( 3.789954653147561200, -18.49896114809242700, 6.600000004063247200 ) ) ;
#4347 = CARTESIAN_POINT ( 'NONE',  ( 2.092538306343288700, -18.55474681635406100, 7.803119169025610100 ) ) ;
#4348 = CARTESIAN_POINT ( 'NONE',  ( 3.737977154743058700, -17.65192583810712500, 7.511491177137552100 ) ) ;
#4349 = CARTESIAN_POINT ( 'NONE',  ( 2.965309652034335800, -18.11826869763237400, 8.992031021679375500 ) ) ;
#4351 = CARTESIAN_POINT ( 'NONE',  ( 2.792743750635835900, -17.23903673073480600, 9.123439666241328200 ) ) ;
#4350 = CARTESIAN_POINT ( 'NONE',  ( 2.634995885987878200, -18.87565110125808900, 7.547561206930280000 ) ) ;
#4352 = FACE_OUTER_BOUND ( 'NONE', #6712, .T. ) ;
#4353 = CARTESIAN_POINT ( 'NONE',  ( 2.076821000193014300, -16.69454494840714900, 8.385100048864496000 ) ) ;
#4354 = CARTESIAN_POINT ( 'NONE',  ( 1.876573624639900300, -18.24060060610639400, 7.758987278967157200 ) ) ;
#4355 = CARTESIAN_POINT ( 'NONE',  ( 1.490388732674299900, -17.79991887354999800, 6.900036467719999700 ) ) ;
#4356 = CARTESIAN_POINT ( 'NONE',  ( 1.531506825484999900, -19.52412086791999700, 6.736751149921000900 ) ) ;
#4357 = CARTESIAN_POINT ( 'NONE',  ( 3.216632222174805400, -17.16587235011756000, 7.648419304536857600 ) ) ;
#4358 = CARTESIAN_POINT ( 'NONE',  ( 2.577995775413295800, -18.29732617942248400, 9.104989170031906600 ) ) ;
#4359 = CARTESIAN_POINT ( 'NONE',  ( 1.468609815775416800, -18.22299815323339100, 9.115056216244520100 ) ) ;
#4360 = CARTESIAN_POINT ( 'NONE',  ( 2.557532482190687100, -17.44466163262625700, 9.425348718998369800 ) ) ;
#4361 = CARTESIAN_POINT ( 'NONE',  ( 2.887027193300680600, -17.16240347030614900, 7.095199608188782900 ) ) ;
#4362 = EDGE_LOOP ( 'NONE', ( #1389, #6016, #4013, #2773 ) ) ;
#4363 = CARTESIAN_POINT ( 'NONE',  ( 2.104528333573247900, -18.16016925545683900, 6.799999999999931400 ) ) ;
#4364 = CARTESIAN_POINT ( 'NONE',  ( 3.394422666369994300, -17.31246549403742600, 7.982269967068051900 ) ) ;
#4365 = CARTESIAN_POINT ( 'NONE',  ( 2.607367777662663600, -18.88080253697476300, 6.500000034027555900 ) ) ;
#4366 = ORIENTED_EDGE ( 'NONE', *, *, #2215, .F. ) ;
#4367 = CARTESIAN_POINT ( 'NONE',  ( 3.781694962774827300, -17.86342510581594900, 6.699937577346686300 ) ) ;
#4368 = CARTESIAN_POINT ( 'NONE',  ( 1.177399657798256400, -18.12021925352357600, 8.852019339686670200 ) ) ;
#4369 = CARTESIAN_POINT ( 'NONE',  ( 3.930226550434059400, -18.10661466171369900, 6.799999999999910100 ) ) ;
#4370 = CARTESIAN_POINT ( 'NONE',  ( 2.683918544714892600, -18.78652857934288500, 8.192301785287298800 ) ) ;
#4371 = CARTESIAN_POINT ( 'NONE',  ( 3.198470567782991200, -17.17580144153635000, 7.323958117456374600 ) ) ;
#4372 = EDGE_CURVE ( 'NONE', #1946, #2944, #2192, .T. ) ;
#4373 = CARTESIAN_POINT ( 'NONE',  ( 3.127155692309720800, -17.41684671418418200, 8.805634918610273600 ) ) ;
#4375 = CARTESIAN_POINT ( 'NONE',  ( 2.564371499840415700, -16.81905917214729500, 8.553882459100483600 ) ) ;
#4374 = CARTESIAN_POINT ( 'NONE',  ( 3.345327579309823800, -18.76444335092213900, 7.738092995857505800 ) ) ;
#4376 = CARTESIAN_POINT ( 'NONE',  ( 1.631493399705895400, -17.14349402303026800, 7.993873128144557000 ) ) ;
#4377 = CARTESIAN_POINT ( 'NONE',  ( 2.279966608783747400, -18.69989391893516000, 8.184669329155530800 ) ) ;
#4378 = CARTESIAN_POINT ( 'NONE',  ( 1.230364212762999700, -18.22789285524000000, 6.889247048010001400 ) ) ;
#4379 = CARTESIAN_POINT ( 'NONE',  ( 2.948330740282830900, -19.57543860263533700, 6.862360777354005800 ) ) ;
#4380 = CARTESIAN_POINT ( 'NONE',  ( 2.519215766238622300, -17.19259193575335200, 7.388201922896353600 ) ) ;
#4381 = CARTESIAN_POINT ( 'NONE',  ( 1.262099827059894700, -17.70275585459536700, 9.596591541605514300 ) ) ;
#4382 = CARTESIAN_POINT ( 'NONE',  ( 2.939724679595126800, -17.64787682869482300, 9.122257278654665000 ) ) ;
#4383 = CARTESIAN_POINT ( 'NONE',  ( 1.884454778762465000, -17.86692829937640800, 9.618510070414178200 ) ) ;
#4384 = CARTESIAN_POINT ( 'NONE',  ( 2.557726879986581100, -16.86758645298276700, 8.956398139400159100 ) ) ;
#4385 = CARTESIAN_POINT ( 'NONE',  ( 1.554880868067123300, -17.43504264370385900, 9.831561213026869700 ) ) ;
#4386 = CARTESIAN_POINT ( 'NONE',  ( 2.248261234022409700, -17.53686729196260100, 7.026750047238235400 ) ) ;
#4387 = CARTESIAN_POINT ( 'NONE',  ( 2.476180696322781000, -18.80422279990734300, 6.800000000000855100 ) ) ;
#4388 = ADVANCED_BREP_SHAPE_REPRESENTATION ( 'TхЁїэшщ ярЄЁєсюъ 3', ( #6937, #2034 ), #5509 ) ;
#4389 = CARTESIAN_POINT ( 'NONE',  ( 2.784009892072251400, -17.07056395218813800, 7.630422884067461300 ) ) ;
#4390 = CARTESIAN_POINT ( 'NONE',  ( 2.207749379851144900, -18.50057754756770500, 6.500000035943067200 ) ) ;
#4391 = CARTESIAN_POINT ( 'NONE',  ( 3.698582034293677700, -18.46018300184694600, 6.800559525437230400 ) ) ;
#4392 = CARTESIAN_POINT ( 'NONE',  ( 1.477296453100797000, -17.98112732919983300, 9.518393758361705500 ) ) ;
#4393 = CARTESIAN_POINT ( 'NONE',  ( 2.829893012387022300, -17.15281150090598700, 6.500000004186065700 ) ) ;
#4394 = CARTESIAN_POINT ( 'NONE',  ( 3.292704172860606800, -18.42449167970720200, 8.419011869898586300 ) ) ;
#4395 = CARTESIAN_POINT ( 'NONE',  ( 2.479433387260892900, -17.28238040222069600, 7.167251688032283900 ) ) ;
#4396 = CARTESIAN_POINT ( 'NONE',  ( 2.816807251514024600, -16.95328164220157100, 8.313982891064357600 ) ) ;
#4397 = PRESENTATION_LAYER_ASSIGNMENT (  '', '', ( #3652 ) ) ;
#4399 = CARTESIAN_POINT ( 'NONE',  ( 2.067008928115671400, -16.95214929485966200, 8.015951864203009000 ) ) ;
#4398 = CARTESIAN_POINT ( 'NONE',  ( 3.754416732927078100, -18.14269186823573700, 7.761060341172934900 ) ) ;
#4400 = CARTESIAN_POINT ( 'NONE',  ( 1.398257843806008000, -17.78463857473988300, 8.097820338145190500 ) ) ;
#4401 = CARTESIAN_POINT ( 'NONE',  ( 2.911767947445353100, -18.58938617176160300, 8.561341524148719600 ) ) ;
#4402 = CARTESIAN_POINT ( 'NONE',  ( 0.9797307686820000400, -18.66086737022000000, 6.860127676783999800 ) ) ;
#4403 = CARTESIAN_POINT ( 'NONE',  ( 0.1631613854241220900, -15.54231310690714100, 9.412171544111700400 ) ) ;
#4404 = CARTESIAN_POINT ( 'NONE',  ( 2.074159587177753400, -17.71114803632155700, 7.282303905266207500 ) ) ;
#4405 = CARTESIAN_POINT ( 'NONE',  ( 2.911705014101372100, -16.55994628491693600, 6.849127379545574700 ) ) ;
#4406 = CARTESIAN_POINT ( 'NONE',  ( 2.871650336102186800, -17.03450251542018300, 8.707446137978040600 ) ) ;
#4407 = CARTESIAN_POINT ( 'NONE',  ( 2.196317277550953000, -16.75808224612713500, 8.314647594880536700 ) ) ;
#4408 = CARTESIAN_POINT ( 'NONE',  ( 1.850796023327392100, -16.78536807893855700, 9.619786456179300100 ) ) ;
#4409 = CARTESIAN_POINT ( 'NONE',  ( 2.097138559691319200, -18.21171060927727200, 7.015240356904171500 ) ) ;
#4410 = CARTESIAN_POINT ( 'NONE',  ( 3.206803534324963700, -18.94789639536812900, 6.800000000000842700 ) ) ;
#4411 = CARTESIAN_POINT ( 'NONE',  ( 2.164137263505895100, -17.42670578913126900, 7.425461823053295200 ) ) ;
#4412 = CARTESIAN_POINT ( 'NONE',  ( 2.102720180272073900, -17.95530353389142100, 6.500000029840058400 ) ) ;
#4413 = CARTESIAN_POINT ( 'NONE',  ( 2.735939248450491900, -17.30536321253704600, 6.799179354532201500 ) ) ;
#4415 = CARTESIAN_POINT ( 'NONE',  ( 1.870499891600257500, -17.40272025647163900, 9.771030964893441300 ) ) ;
#4414 = CARTESIAN_POINT ( 'NONE',  ( 2.862079794035253100, -18.50749594565954200, 8.716181000544095200 ) ) ;
#4416 = CARTESIAN_POINT ( 'NONE',  ( 2.203079839229614000, -17.64627003423617100, 6.600000015580382000 ) ) ;
#4417 = CARTESIAN_POINT ( 'NONE',  ( 3.507234767330281500, -17.71793095729451700, 8.331247150074256400 ) ) ;
#4418 = CARTESIAN_POINT ( 'NONE',  ( 2.090065250210728600, -17.85046921592941200, 7.106579141586136600 ) ) ;
#4419 = CARTESIAN_POINT ( 'NONE',  ( 2.242020498159270000, -17.04520459730232300, 7.849631524170236600 ) ) ;
#4421 = CARTESIAN_POINT ( 'NONE',  ( 1.690987854100924000, -17.50741201189685700, 7.847863094441645900 ) ) ;
#4420 = CARTESIAN_POINT ( 'NONE',  ( 3.581327652871591800, -17.43737493585360500, 7.600690771184899200 ) ) ;
#4422 = CARTESIAN_POINT ( 'NONE',  ( 1.463152163877042400, -18.26558597465868100, 8.661509225684072900 ) ) ;
#4423 = ORIENTED_EDGE ( 'NONE', *, *, #5301, .T. ) ;
#4424 = CARTESIAN_POINT ( 'NONE',  ( 3.343136864740066500, -17.98815900275439700, 8.634757969455702000 ) ) ;
#4425 = DIRECTION ( 'NONE',  ( 0.4699997645168682000, 0.8826665402937217100, 0.0000000000000000000 ) ) ;
#4426 = CARTESIAN_POINT ( 'NONE',  ( 2.290248209206304800, -17.69261828652439700, 6.500000021700954800 ) ) ;
#4427 = CARTESIAN_POINT ( 'NONE',  ( 2.101743619515649400, -18.43991643330862100, 7.427898100120216000 ) ) ;
#4428 = CARTESIAN_POINT ( 'NONE',  ( 1.741520740975848000, -17.24186235915737000, 6.499999999867998900 ) ) ;
#4429 = CARTESIAN_POINT ( 'NONE',  ( 2.416816172951867300, -16.87532358848342900, 8.139784454672216900 ) ) ;
#4430 = CARTESIAN_POINT ( 'NONE',  ( 1.721496169280672300, -17.19134934448908000, 7.940809416687653900 ) ) ;
#4431 = CARTESIAN_POINT ( 'NONE',  ( 1.872994789182205000, -16.45144765425733300, 8.955464371011428800 ) ) ;
#4432 = CARTESIAN_POINT ( 'NONE',  ( 2.506294332597176900, -18.82680508580428100, 7.110461538469796700 ) ) ;
#4433 = CARTESIAN_POINT ( 'NONE',  ( 3.794652833571811300, -18.49252440651554300, 6.799999999999904800 ) ) ;
#4434 = CARTESIAN_POINT ( 'NONE',  ( 1.968680656257275000, -18.08793776415722100, 7.451776544532645400 ) ) ;
#4435 = CARTESIAN_POINT ( 'NONE',  ( 2.967729452367000600, -19.57254339417999500, 6.612376242486998700 ) ) ;
#4436 = CARTESIAN_POINT ( 'NONE',  ( 1.784771306116410300, -16.63215200651695000, 9.363351357773458600 ) ) ;
#4437 = CARTESIAN_POINT ( 'NONE',  ( 2.089876111839196000, -16.77561496925775200, 9.434624782817509800 ) ) ;
#4438 = SURFACE_STYLE_FILL_AREA ( #1181 ) ;
#4439 = CARTESIAN_POINT ( 'NONE',  ( 4.551681050814886800, -16.61802395567983100, 6.849127384410598700 ) ) ;
#4440 = EDGE_CURVE ( 'NONE', #4513, #1219, #3472, .T. ) ;
#4441 = CARTESIAN_POINT ( 'NONE',  ( 3.178313954507006900, -17.14549816579299000, 7.986357989501732900 ) ) ;
#4442 = CARTESIAN_POINT ( 'NONE',  ( 2.225853688016328200, -18.57457126684102600, 7.215567063120836600 ) ) ;
#4443 = CARTESIAN_POINT ( 'NONE',  ( 1.841184452684375700, -17.58727295996768100, 7.696482177452823600 ) ) ;
#4445 = CARTESIAN_POINT ( 'NONE',  ( 1.602902949574619000, -18.17467814420247100, 8.164183949167993500 ) ) ;
#4444 = CARTESIAN_POINT ( 'NONE',  ( 2.947540832431111600, -17.12591480342972300, 7.366800334468473800 ) ) ;
#4446 = VERTEX_POINT ( 'NONE', #2155 ) ;
#4447 = CARTESIAN_POINT ( 'NONE',  ( 1.847103826638391000, -18.22493123655700100, 9.298541224606388800 ) ) ;
#4448 = CARTESIAN_POINT ( 'NONE',  ( 3.278664755678645900, -17.30197651646797000, 8.352556641174828700 ) ) ;
#4449 = CARTESIAN_POINT ( 'NONE',  ( 3.520151064676328500, -18.67622246948945300, 6.499999998445969300 ) ) ;
#4450 = ORIENTED_EDGE ( 'NONE', *, *, #1088, .T. ) ;
#4451 = CARTESIAN_POINT ( 'NONE',  ( 3.228556887176126100, -19.55413447515736900, 6.500000032270706100 ) ) ;
#4452 = CARTESIAN_POINT ( 'NONE',  ( 2.646081507740448500, -18.86853019801529600, 7.698770836305042700 ) ) ;
#4453 = CARTESIAN_POINT ( 'NONE',  ( 1.887572566914518000, -17.27965373148787600, 7.809105172310657000 ) ) ;
#4454 = B_SPLINE_CURVE_WITH_KNOTS ( 'NONE', 2,
 ( #988, #3743, #1543, #5415, #2099, #5972, #2655, #6531, #3206, #7085, #3768, #458, #4322, #1013, #5581, #2262, #6133, #2815, #6695, #3370, #74, #3926, #625, #4493, #1176, #5047, #1734, #5603, #2285, #6157, #2838, #6721, #3395, #97, #3950, #651, #4518, #1200, #5075, #1760, #5626, #2309, #6183, #2863, #6745, #3422, #123, #3975, #677, #4545, #1224, #5100, #1786, #5654, #2335, #6207, #2889, #6769, #3446, #148, #4006, #701, #4568, #1250, #5127, #1809, #5680 ),
 .UNSPECIFIED., .F., .F.,
 ( 3, 2, 2, 2, 2, 2, 2, 2, 2, 2, 2, 2, 2, 2, 2, 2, 2, 2, 2, 2, 2, 2, 2, 2, 2, 2, 2, 2, 2, 2, 2, 2, 2, 3 ),
 ( 0.0000000000000000000, 0.03125000000000000000, 0.06250000000000000000, 0.09375000000000000000, 0.1250000000000000000, 0.1562500000000000000, 0.1875000000000000000, 0.2187500000000000000, 0.2500000000000000000, 0.2678571428571428500, 0.2812500000000000000, 0.3125000000000000000, 0.3437500000000000000, 0.3750000000000000000, 0.4062500000000000000, 0.4375000000000000000, 0.4687500000000000000, 0.5000000000000000000, 0.5312500000000000000, 0.5625000000000000000, 0.5937500000000000000, 0.6250000000000000000, 0.6562500000000000000, 0.6875000000000000000, 0.7187500000000000000, 0.7500000000000000000, 0.7812500000000000000, 0.8125000000000000000, 0.8437500000000000000, 0.8750000000000000000, 0.9062500000000000000, 0.9375000000000000000, 0.9687500000000000000, 1.000000000000000000 ),
 .UNSPECIFIED. ) ;
#4455 = CARTESIAN_POINT ( 'NONE',  ( 1.495940357066906800, -17.83657728834937800, 8.036075671091664300 ) ) ;
#4456 = ORIENTED_EDGE ( 'NONE', *, *, #2210, .F. ) ;
#4457 = CARTESIAN_POINT ( 'NONE',  ( 1.608575603208219500, -16.65657719702217300, 8.291142285844529200 ) ) ;
#4458 = CARTESIAN_POINT ( 'NONE',  ( 3.237737458518222100, -18.91717041567105200, 7.211281069366464200 ) ) ;
#4459 = FACE_OUTER_BOUND ( 'NONE', #5986, .T. ) ;
#4460 = CARTESIAN_POINT ( 'NONE',  ( 3.843452165372600100, -17.75053446583415700, 6.799999999998680900 ) ) ;
#4461 = CARTESIAN_POINT ( 'NONE',  ( 2.281329608557645500, -18.70061863877110800, 7.734865955688922800 ) ) ;
#4462 = CARTESIAN_POINT ( 'NONE',  ( 3.387198557860001000, -19.52633115491000000, 6.736751137261000700 ) ) ;
#4463 = CARTESIAN_POINT ( 'NONE',  ( 3.049946520261663400, -16.61475523588118000, 6.899999997795150700 ) ) ;
#4464 = CARTESIAN_POINT ( 'NONE',  ( 1.984771863473613600, -16.53046639325511800, 8.740196991569954200 ) ) ;
#4465 = CARTESIAN_POINT ( 'NONE',  ( 5.072320244182807700, -17.31561902521665500, 6.849127384410598700 ) ) ;
#4466 = CARTESIAN_POINT ( 'NONE',  ( 2.531823051443487800, -17.10030273406079400, 7.621191722828643700 ) ) ;
#4467 = CARTESIAN_POINT ( 'NONE',  ( 2.854102246693505800, -18.93414724858588400, 7.387051016052962100 ) ) ;
#4469 = CARTESIAN_POINT ( 'NONE',  ( 1.798439742590637500, -18.27864690128661400, 7.967105324811717200 ) ) ;
#4468 = CARTESIAN_POINT ( 'NONE',  ( 3.891392643082067300, -18.09225206981541600, 7.062247242889588600 ) ) ;
#4471 = CARTESIAN_POINT ( 'NONE',  ( 1.932042962282428400, -18.48886916882230800, 8.752687464148454700 ) ) ;
#4470 = CARTESIAN_POINT ( 'NONE',  ( 2.281233152668173900, -17.42353478353019000, 7.218149500799542700 ) ) ;
#4472 = CARTESIAN_POINT ( 'NONE',  ( 2.762626851077159000, -17.00206399782874600, 7.908534967808607000 ) ) ;
#4473 = CARTESIAN_POINT ( 'NONE',  ( 2.786777096507737200, -18.84099332056682700, 6.500000012312590100 ) ) ;
#4474 = CARTESIAN_POINT ( 'NONE',  ( 2.344508324725401500, -17.60218205900810800, 6.500000020675007500 ) ) ;
#4475 = CARTESIAN_POINT ( 'NONE',  ( 3.340364783011826600, -18.70268497117247000, 7.911369681473999500 ) ) ;
#4476 = CARTESIAN_POINT ( 'NONE',  ( 3.928048976580881900, -18.11189696160898400, 6.499999997649749300 ) ) ;
#4477 = CARTESIAN_POINT ( 'NONE',  ( 1.675231328354009500, -17.93190798879505700, 7.884905999621577300 ) ) ;
#4478 = CARTESIAN_POINT ( 'NONE',  ( 1.603261618382088200, -18.34008349308435400, 8.572946684337914300 ) ) ;
#4479 = CARTESIAN_POINT ( 'NONE',  ( 1.294690516180697400, -17.22998474638367800, 8.065490937268245700 ) ) ;
#4480 = CARTESIAN_POINT ( 'NONE',  ( 3.794549607678674000, -18.42575563750394700, 7.249503972189895500 ) ) ;
#4481 = CARTESIAN_POINT ( 'NONE',  ( 3.315782250428452200, -17.22516193675995000, 6.799999999998003200 ) ) ;
#4482 = CARTESIAN_POINT ( 'NONE',  ( 2.945271940109124700, -18.80883758004339500, 8.054788908666932200 ) ) ;
#4483 = CARTESIAN_POINT ( 'NONE',  ( 3.822405427922999500, -19.33531906302999900, 6.861126032036001000 ) ) ;
#4484 = CARTESIAN_POINT ( 'NONE',  ( 4.069012778211619400, -19.13487625814113400, 6.849127382565398200 ) ) ;
#4485 = CARTESIAN_POINT ( 'NONE',  ( 1.628730090431901800, -16.83005343574797100, 8.159919040339758600 ) ) ;
#4486 = CARTESIAN_POINT ( 'NONE',  ( 2.948338665761737400, -19.57520768538792300, 6.849127380276417700 ) ) ;
#4487 = CARTESIAN_POINT ( 'NONE',  ( 2.051566855024207700, -17.56570915152076800, 7.449999999999981500 ) ) ;
#4488 = CARTESIAN_POINT ( 'NONE',  ( 3.546341710630805700, -18.68893366453157900, 7.504630888822859400 ) ) ;
#4490 = CARTESIAN_POINT ( 'NONE',  ( 2.211933547958188800, -18.63768963306034700, 8.470589907241437900 ) ) ;
#4489 = CARTESIAN_POINT ( 'NONE',  ( 3.606874503996641700, -17.40596889923429200, 7.012080802399167600 ) ) ;
#4492 = CARTESIAN_POINT ( 'NONE',  ( 2.457424706664026900, -18.23321740498258900, 9.214583959990827500 ) ) ;
#4491 = CARTESIAN_POINT ( 'NONE',  ( 2.046504147694345700, -18.07384668226800900, 7.207120882895763400 ) ) ;
#4493 = CARTESIAN_POINT ( 'NONE',  ( 2.957821094375585200, -17.16831456699960500, 6.500000001997182000 ) ) ;
#4494 = CARTESIAN_POINT ( 'NONE',  ( 2.147325865663085100, -17.28818649657199900, 7.604086586668342000 ) ) ;
#4495 = CARTESIAN_POINT ( 'NONE',  ( 2.216430337921524400, -18.25031572888522600, 6.500000023096712100 ) ) ;
#4496 = CARTESIAN_POINT ( 'NONE',  ( 2.946557627128033800, -17.26989350236689800, 6.500000009291465400 ) ) ;
#4497 = CARTESIAN_POINT ( 'NONE',  ( 3.707805067969711200, -18.05627241547127700, 7.919695643533969200 ) ) ;
#4498 = FILL_AREA_STYLE_COLOUR ( '', #5040 ) ;
#4499 = CARTESIAN_POINT ( 'NONE',  ( 1.860424946250427900, -18.47681965999023000, 8.356118723013755900 ) ) ;
#4500 = CARTESIAN_POINT ( 'NONE',  ( 2.035160508393147900, -18.32492274793349900, 9.179671461590306300 ) ) ;
#4501 = CARTESIAN_POINT ( 'NONE',  ( 2.226038681207109800, -17.20676766122428300, 9.597551868020472600 ) ) ;
#4502 = CARTESIAN_POINT ( 'NONE',  ( 1.057898100016781500, -17.84782967796055400, 8.407182433751350100 ) ) ;
#4503 = CARTESIAN_POINT ( 'NONE',  ( 3.796068044960756400, -17.68281331233015100, 7.198607190263930800 ) ) ;
#4504 = CARTESIAN_POINT ( 'NONE',  ( 2.574012299533921000, -17.27719833562167300, 6.799999999998338000 ) ) ;
#4505 = ORIENTED_EDGE ( 'NONE', *, *, #6790, .T. ) ;
#4506 = CARTESIAN_POINT ( 'NONE',  ( 3.504555450713087200, -18.33827689194624400, 8.191843228484842100 ) ) ;
#4507 = CARTESIAN_POINT ( 'NONE',  ( 4.263013297073000800, -18.88395898100000300, 6.488001347711999300 ) ) ;
#4508 = CARTESIAN_POINT ( 'NONE',  ( 2.074430145973377400, -17.88549002634141900, 6.900000000000000400 ) ) ;
#4509 = CARTESIAN_POINT ( 'NONE',  ( 1.317166177519342000, -17.43951148925395600, 8.061869506857057400 ) ) ;
#4510 = CARTESIAN_POINT ( 'NONE',  ( 4.291038007467000700, -18.79012695698999700, 6.895433249022999300 ) ) ;
#4511 = CARTESIAN_POINT ( 'NONE',  ( 1.966658022359172800, -18.28849933001970700, 7.602627962239866500 ) ) ;
#4512 = CARTESIAN_POINT ( 'NONE',  ( 3.831502743197473700, -18.00128843103435700, 7.487791674621472100 ) ) ;
#4513 = VERTEX_POINT ( 'NONE', #7142 ) ;
#4515 = CARTESIAN_POINT ( 'NONE',  ( 2.803521729937562800, -18.41724045652830500, 8.865757919691786200 ) ) ;
#4514 = CARTESIAN_POINT ( 'NONE',  ( 2.904118989260728000, -17.17149133942243100, 6.948163611366498000 ) ) ;
#4517 = CARTESIAN_POINT ( 'NONE',  ( 2.818250337919835100, -17.58328777552079500, 9.232673111402952800 ) ) ;
#4516 = CARTESIAN_POINT ( 'NONE',  ( 2.356201840574788900, -18.72741367782072100, 7.380839512331278700 ) ) ;
#4518 = CARTESIAN_POINT ( 'NONE',  ( 3.486326995234204000, -17.31297067168804900, 6.499999994150106100 ) ) ;
#4519 = CARTESIAN_POINT ( 'NONE',  ( 1.876375742434190000, -17.92426819044638000, 7.597873694285175000 ) ) ;
#4520 = CARTESIAN_POINT ( 'NONE',  ( 3.793228353883247600, -18.49176699722021800, 6.900000000000000400 ) ) ;
#4521 = CARTESIAN_POINT ( 'NONE',  ( 3.585746693770083000, -17.52366591236943400, 6.499999997205682300 ) ) ;
#4522 = CARTESIAN_POINT ( 'NONE',  ( 3.502533048336136500, -17.36994880379000600, 7.719691005212641100 ) ) ;
#4523 = CARTESIAN_POINT ( 'NONE',  ( 3.793228353883247600, -18.49176699722021800, 4.527411491701691700 ) ) ;
#4524 = CARTESIAN_POINT ( 'NONE',  ( 2.380328379317865100, -18.50845176041180200, 8.888642229749271100 ) ) ;
#4525 = FACE_OUTER_BOUND ( 'NONE', #1004, .T. ) ;
#4526 = CARTESIAN_POINT ( 'NONE',  ( 2.495037096946935800, -17.80150646180944200, 9.439591079389609600 ) ) ;
#4527 = CARTESIAN_POINT ( 'NONE',  ( 2.260093502132212200, -16.68987273815449200, 9.062395739183562800 ) ) ;
#4528 = CARTESIAN_POINT ( 'NONE',  ( 1.127050897093575300, -18.07386252823094000, 9.112520456158105000 ) ) ;
#4529 = CARTESIAN_POINT ( 'NONE',  ( 3.241250006879257100, -17.19854767278551200, 7.093543306967223600 ) ) ;
#4530 = CARTESIAN_POINT ( 'NONE',  ( 3.699913651945811100, -18.45411298671878300, 6.499999993204070000 ) ) ;
#4531 = CARTESIAN_POINT ( 'NONE',  ( 3.581920571156761200, -17.61147565050942300, 8.054788908664770400 ) ) ;
#4532 = ORIENTED_EDGE ( 'NONE', *, *, #720, .F. ) ;
#4533 = CARTESIAN_POINT ( 'NONE',  ( 1.979547293506700000, -19.49142494100829700, 6.899997398026101800 ) ) ;
#4534 = CARTESIAN_POINT ( 'NONE',  ( 1.178191423504749700, -18.01751935960027900, 8.510460151633376200 ) ) ;
#4535 = CARTESIAN_POINT ( 'NONE',  ( 4.547114899636998300, -18.36005095372999900, 6.871117638200999500 ) ) ;
#4536 = CARTESIAN_POINT ( 'NONE',  ( 2.097588225574571900, -17.98025336324948100, 9.510196883201313500 ) ) ;
#4537 = AXIS2_PLACEMENT_3D ( 'NONE', #2352, #6786, #3462 ) ;
#4538 = CARTESIAN_POINT ( 'NONE',  ( 2.410038305554969900, -18.76905426690125700, 7.958904133987261700 ) ) ;
#4539 = CARTESIAN_POINT ( 'NONE',  ( 3.513755384424160200, -17.34344135220461400, 7.348097445206050800 ) ) ;
#4541 = CARTESIAN_POINT ( 'NONE',  ( 3.166940189424413800, -17.76868945829164700, 8.881233798107640400 ) ) ;
#4540 = CARTESIAN_POINT ( 'NONE',  ( 2.261389861005011600, -17.54384790675424100, 6.913808097790258100 ) ) ;
#4542 = ORIENTED_EDGE ( 'NONE', *, *, #666, .F. ) ;
#4544 = CARTESIAN_POINT ( 'NONE',  ( 2.771874240653220000, -16.98145062441528100, 8.798139040820180100 ) ) ;
#4543 = CARTESIAN_POINT ( 'NONE',  ( 3.047798528175881000, -18.90587850368482500, 7.588731340516180700 ) ) ;
#4545 = CARTESIAN_POINT ( 'NONE',  ( 3.841379496787612700, -17.75032082113915500, 6.499999993924672200 ) ) ;
#4546 = CARTESIAN_POINT ( 'NONE',  ( 2.070917169967065900, -18.56270989486446900, 7.928021625486003600 ) ) ;
#4547 = DIRECTION ( 'NONE',  ( -3.206885370672238800E-015, 8.592823452958578500E-016, 1.000000000000000000 ) ) ;
#4548 = CARTESIAN_POINT ( 'NONE',  ( 3.788261606151457800, -18.20672247054074700, 6.499999993376534700 ) ) ;
#4549 = CARTESIAN_POINT ( 'NONE',  ( 2.859946300583651200, -17.11094005680060800, 7.445988207662409800 ) ) ;
#4550 = CARTESIAN_POINT ( 'NONE',  ( 3.907314201701514600, -18.04119512350893100, 6.900000000000000400 ) ) ;
#4551 = CARTESIAN_POINT ( 'NONE',  ( 2.877905928922702000, -18.00508143086140600, 9.116774179406226300 ) ) ;
#4552 = CARTESIAN_POINT ( 'NONE',  ( 2.671809139440784400, -17.12756081839953000, 9.179671461588146300 ) ) ;
#4553 = CARTESIAN_POINT ( 'NONE',  ( 1.963232616238724400, -16.67121318076068800, 8.380551937124970200 ) ) ;
#4554 = CARTESIAN_POINT ( 'NONE',  ( 1.453050908039095600, -17.75830199748774500, 9.701915217896626600 ) ) ;
#4555 = CARTESIAN_POINT ( 'NONE',  ( 2.509418267154454700, -17.29832364566768300, 7.005749794501891600 ) ) ;
#4556 = CARTESIAN_POINT ( 'NONE',  ( -0.05707929937501764200, -15.71794532296545900, 8.776950257530856400 ) ) ;
#4557 = CARTESIAN_POINT ( 'NONE',  ( 3.120931162663316300, -17.12155777562371000, 7.734865955686072600 ) ) ;
#4558 = CARTESIAN_POINT ( 'NONE',  ( 5.028716678395998200, -17.45913727986999600, 6.736751149921000900 ) ) ;
#4559 = CARTESIAN_POINT ( 'NONE',  ( 1.374121633593557100, -18.14722759791868600, 9.216282374241766100 ) ) ;
#4560 = CARTESIAN_POINT ( 'NONE',  ( 4.785783151322200400, -17.92070524718579300, 6.848617413939302300 ) ) ;
#4561 = CARTESIAN_POINT ( 'NONE',  ( 2.437587285743224400, -17.31925004951151000, 9.490044088502692400 ) ) ;
#4562 = CARTESIAN_POINT ( 'NONE',  ( 3.077223104005681000, -18.67736023902255100, 8.274161325537644300 ) ) ;
#4563 = CARTESIAN_POINT ( 'NONE',  ( 2.812525534483523200, -17.15985448306775800, 7.180923154029665400 ) ) ;
#4565 = CARTESIAN_POINT ( 'NONE',  ( 3.058279677603888700, -17.13373509652208400, 8.509475262245413100 ) ) ;
#4564 = CARTESIAN_POINT ( 'NONE',  ( 2.108765313991866700, -18.21789266419873600, 6.886359032169335300 ) ) ;
#4567 = CARTESIAN_POINT ( 'NONE',  ( 2.346733742329634200, -16.83806009912759500, 8.203486878010819400 ) ) ;
#4566 = CARTESIAN_POINT ( 'NONE',  ( 3.653125776732169900, -18.48398701838658200, 7.689441734145445300 ) ) ;
#4568 = CARTESIAN_POINT ( 'NONE',  ( 3.861893502754204700, -18.32353429884554100, 6.500000002040164500 ) ) ;
#4569 = CARTESIAN_POINT ( 'NONE',  ( 2.659033124776497100, -18.73623251942105800, 8.348663954932474600 ) ) ;
#4570 = CARTESIAN_POINT ( 'NONE',  ( 1.389622573699971400, -17.54218575797283100, 9.807635862980296400 ) ) ;
#4571 = CARTESIAN_POINT ( 'NONE',  ( 2.326022270606297000, -17.63703714872896100, 6.798728690881110200 ) ) ;
#4572 = CARTESIAN_POINT ( 'NONE',  ( 2.221331405689217500, -17.45711645396627900, 7.286548443916303500 ) ) ;
#4573 = CARTESIAN_POINT ( 'NONE',  ( 3.792041276238092200, -17.58688546052605500, 6.109137163900562900 ) ) ;
#4574 = CARTESIAN_POINT ( 'NONE',  ( 3.016977010365501100, -17.31108983087783000, 8.888642229747109300 ) ) ;
#4575 = CARTESIAN_POINT ( 'NONE',  ( 2.442863172487759200, -16.76102262993696000, 8.572946684335063200 ) ) ;
#4576 = CARTESIAN_POINT ( 'NONE',  ( 1.538671999564741100, -17.15957200339302300, 8.014060643928433000 ) ) ;
#4577 = CARTESIAN_POINT ( 'NONE',  ( 1.815811422666916200, -17.11191714049445500, 9.772962853026745800 ) ) ;
#4578 = CARTESIAN_POINT ( 'NONE',  ( 2.113770567786314600, -17.86307355686519900, 6.954316948810059400 ) ) ;
#4579 = CARTESIAN_POINT ( 'NONE',  ( 1.507175898914775900, -19.51964674654693300, 6.500000039759099100 ) ) ;
#4580 = CARTESIAN_POINT ( 'NONE',  ( 2.438164622217947800, -17.20496684432205500, 7.451776544531052000 ) ) ;
#4581 = CARTESIAN_POINT ( 'NONE',  ( 1.025970830983479000, -17.64267279095392400, 8.254217178231423100 ) ) ;
#4582 = CARTESIAN_POINT ( 'NONE',  ( 5.079747562059001400, -17.24071550813999600, 6.861126051024999800 ) ) ;
#4583 = CARTESIAN_POINT ( 'NONE',  ( 1.769937230723820800, -17.74440264811235200, 9.700237203331710100 ) ) ;
#4584 = CARTESIAN_POINT ( 'NONE',  ( 1.256834208327737700, -17.14314230762047600, 8.080250078916426700 ) ) ;
#4585 = CARTESIAN_POINT ( 'NONE',  ( 1.669477283642378800, -16.51502069981768600, 8.474160171087833100 ) ) ;
#4586 = CARTESIAN_POINT ( 'NONE',  ( 2.431174034008691800, -16.78083787052732500, 8.975453600562072900 ) ) ;
#4587 = CARTESIAN_POINT ( 'NONE',  ( 3.515488542665509800, -18.07980001547087000, 8.335607491909032200 ) ) ;
#4588 = CARTESIAN_POINT ( 'NONE',  ( 2.202531630293920600, -17.57926466355140600, 7.099937822301977300 ) ) ;
#4590 = CARTESIAN_POINT ( 'NONE',  ( 2.547904063483280400, -16.94502425625606500, 8.000730304463953500 ) ) ;
#4589 = CARTESIAN_POINT ( 'NONE',  ( 2.523064700754275700, -18.83572204872620800, 6.924563805662622000 ) ) ;
#4591 = CARTESIAN_POINT ( 'NONE',  ( 1.834787551397764500, -17.25158744088704700, 7.857084863861427200 ) ) ;
#4592 = DIRECTION ( 'NONE',  ( -0.9994115292234101400, 0.03430153429986276100, -0.0000000000000000000 ) ) ;
#4593 = CARTESIAN_POINT ( 'NONE',  ( 3.240143447607578300, -18.33111265207680400, 8.574759360986425000 ) ) ;
#4594 = CARTESIAN_POINT ( 'NONE',  ( 1.057269066715024200, -17.97875409966252000, 9.305759706657156000 ) ) ;
#4595 = CARTESIAN_POINT ( 'NONE',  ( 2.761869957717894200, -17.30626205638444000, 6.799223660729053300 ) ) ;
#4596 = CARTESIAN_POINT ( 'NONE',  ( 2.027229047471786200, -18.11906849597496500, 7.296502894943459200 ) ) ;
#4597 = CARTESIAN_POINT ( 'NONE',  ( 3.250050520263177800, -17.18364117439524500, 5.318274327801128200 ) ) ;
#4598 = CARTESIAN_POINT ( 'NONE',  ( 2.700026500356098600, -16.89775879684283700, 8.356118723010903100 ) ) ;
#4599 = CARTESIAN_POINT ( 'NONE',  ( 1.965424323027579600, -16.95360636851420800, 8.036075671090070900 ) ) ;
#4600 = EDGE_LOOP ( 'NONE', ( #6521, #6940, #2088, #4532 ) ) ;
#4601 = CARTESIAN_POINT ( 'NONE',  ( 1.319131192853435500, -17.79803675442406100, 8.163574582991579100 ) ) ;
#4602 = CARTESIAN_POINT ( 'NONE',  ( 1.966212228377796100, -16.57860283142255000, 9.276872489183405800 ) ) ;
#4603 = CARTESIAN_POINT ( 'NONE',  ( 2.257986171505696600, -18.59165641137545700, 7.009176139234998700 ) ) ;
#4604 = CARTESIAN_POINT ( 'NONE',  ( 2.136499389038874600, -18.33163174761594000, 6.900000000000000400 ) ) ;
#4605 = CARTESIAN_POINT ( 'NONE',  ( 2.029212277858775800, -17.75268112230666500, 7.356712182519288500 ) ) ;
#4606 = CARTESIAN_POINT ( 'NONE',  ( -0.6818874275907731400, -17.13161877405308400, 9.412171544111659600 ) ) ;
#4607 = EDGE_CURVE ( 'NONE', #2694, #1759, #4761, .T. ) ;
#4608 = CARTESIAN_POINT ( 'NONE',  ( 5.010627643100000300, -16.95216167537999800, 6.488001347711999300 ) ) ;
#4609 = CARTESIAN_POINT ( 'NONE',  ( 2.097550639446303900, -17.07932974341378300, 9.630927560121669700 ) ) ;
#4610 = CARTESIAN_POINT ( 'NONE',  ( 0.9668448747065870900, -17.83648006670905100, 8.474160171090217000 ) ) ;
#4611 = CARTESIAN_POINT ( 'NONE',  ( 2.082752672512981000, -16.73476312195473200, 8.319812534536795900 ) ) ;
#4612 = CARTESIAN_POINT ( 'NONE',  ( 3.424507284576537600, -17.37952236462104600, 8.099418042864856600 ) ) ;
#4613 = CARTESIAN_POINT ( 'NONE',  ( 2.094900357012984900, -18.26233931099804800, 7.107883366015645500 ) ) ;
#4615 = CARTESIAN_POINT ( 'NONE',  ( 1.986305962350778200, -17.33215120906165700, 7.704371711852115100 ) ) ;
#4614 = CARTESIAN_POINT ( 'NONE',  ( 3.259953849583353800, -18.92898308033834500, 6.965014756577304000 ) ) ;
#4616 = CARTESIAN_POINT ( 'NONE',  ( 1.618107789209025400, -17.90153486426158800, 7.939192733076414000 ) ) ;
#4617 = CARTESIAN_POINT ( 'NONE',  ( 3.418331778988848800, -17.61884162469513300, 8.450780590403681500 ) ) ;
#4618 = CARTESIAN_POINT ( 'NONE',  ( 0.9538949193519266100, -17.89825879285302800, 8.573800187219660500 ) ) ;
#4619 = CARTESIAN_POINT ( 'NONE',  ( 2.365307619374212000, -18.74527053917498900, 7.512151514621638900 ) ) ;
#4620 = CARTESIAN_POINT ( 'NONE',  ( 2.486557049145937400, -17.28320860111360700, 4.527411491701691700 ) ) ;
#4621 = CARTESIAN_POINT ( 'NONE',  ( 2.144715294314682600, -17.04893706895988700, 7.884905999619984800 ) ) ;
#4622 = VERTEX_POINT ( 'NONE', #4931 ) ;
#4623 = CARTESIAN_POINT ( 'NONE',  ( 1.614497581097892500, -17.53217340658858700, 7.901042049599501700 ) ) ;
#4624 = CARTESIAN_POINT ( 'NONE',  ( 1.384100671878626200, -18.23012413224460800, 8.766812678355540500 ) ) ;
#4625 = CARTESIAN_POINT ( 'NONE',  ( 3.259337584656633300, -17.87945361567876300, 8.763094889595429000 ) ) ;
#4626 = CARTESIAN_POINT ( 'NONE',  ( 1.804218096920064700, -16.51799932152141200, 8.553351238492123100 ) ) ;
#4627 = CARTESIAN_POINT ( 'NONE',  ( 2.899494215294369200, -18.95828258641324700, 7.095492775942792800 ) ) ;
#4628 = CARTESIAN_POINT ( 'NONE',  ( 2.575467856827576600, -18.86358530105107100, 6.109137163900562900 ) ) ;
#4629 = CARTESIAN_POINT ( 'NONE',  ( 2.090395536969403200, -18.47094679821669100, 7.539144291728949700 ) ) ;
#4630 = CARTESIAN_POINT ( 'NONE',  ( 4.878006546097998900, -16.77326333438999800, 6.612376248815998300 ) ) ;
#4631 = CARTESIAN_POINT ( 'NONE',  ( 2.131978382397046200, -16.60873748776844400, 9.055950777715489500 ) ) ;
#4632 = CARTESIAN_POINT ( 'NONE',  ( 1.021591970667636200, -18.00477378951282900, 9.196386191948818100 ) ) ;
#4633 = CARTESIAN_POINT ( 'NONE',  ( 1.630478281328938500, -17.20838626929305800, 7.967405221549754800 ) ) ;
#4634 = CARTESIAN_POINT ( 'NONE',  ( 2.866759311555210600, -17.05743220920754400, 7.727792455434609100 ) ) ;
#4635 = VECTOR ( 'NONE', #4837, 100.0000000000000100 ) ;
#4636 = CARTESIAN_POINT ( 'NONE',  ( 2.538152967079731600, -18.84374462223832200, 7.245049162762402500 ) ) ;
#4638 = CARTESIAN_POINT ( 'NONE',  ( 1.780688453572821400, -17.98798053691019700, 7.765468417966908500 ) ) ;
#4637 = CARTESIAN_POINT ( 'NONE',  ( 3.818830705874871200, -18.43866612642649400, 6.980350602242510600 ) ) ;
#4639 = CARTESIAN_POINT ( 'NONE',  ( 1.778490650726879600, -18.43325442228354300, 8.433984088648882600 ) ) ;
#4640 = CARTESIAN_POINT ( 'NONE',  ( 0.9225601123734541400, -18.97451996436221200, 6.849127384410598700 ) ) ;
#4641 = CARTESIAN_POINT ( 'NONE',  ( 3.071230018737328000, -17.08856062716450100, 8.061868159971346900 ) ) ;
#4642 = CARTESIAN_POINT ( 'NONE',  ( 1.151694378123707000, -17.35152857284093400, 8.108597786024107600 ) ) ;
#4643 = CARTESIAN_POINT ( 'NONE',  ( 4.295094134898607600, -18.75960803502840700, 6.899174399752738800 ) ) ;
#4644 = CARTESIAN_POINT ( 'NONE',  ( 1.773597699214277200, -17.61676843997005200, 7.758562264579382800 ) ) ;
#4645 = CARTESIAN_POINT ( 'NONE',  ( 1.539780676308047500, -18.17817968358783200, 8.261848638252256900 ) ) ;
#4646 = CARTESIAN_POINT ( 'NONE',  ( 1.751121721535640300, -18.12672280705454500, 9.405517016971545600 ) ) ;
#4647 = CARTESIAN_POINT ( 'NONE',  ( 3.168861038607785100, -17.21806254680185300, 8.435518493190704300 ) ) ;
#4648 = CARTESIAN_POINT ( 'NONE',  ( 1.437761824171449400, -16.97505312282942900, 8.093511842735711800 ) ) ;
#4649 = CARTESIAN_POINT ( 'NONE',  ( 3.600825192144443400, -18.71790304552286000, 7.154676734490619700 ) ) ;
#4650 = CARTESIAN_POINT ( 'NONE',  ( 3.261577589972442800, -18.92984643840875900, 5.318274327801128200 ) ) ;
#4651 = CARTESIAN_POINT ( 'NONE',  ( 2.649119603849087000, -18.85068634172513700, 7.852316975129683700 ) ) ;
#4652 = CARTESIAN_POINT ( 'NONE',  ( 3.476696979285497100, -18.71265755036297000, 6.800437535448660100 ) ) ;
#4653 = CARTESIAN_POINT ( 'NONE',  ( 4.688770177274000700, -16.65434511412000200, 6.736751149921000900 ) ) ;
#4654 = CARTESIAN_POINT ( 'NONE',  ( 1.852202040217240300, -16.64924142371649700, 8.367866978947656500 ) ) ;
#4655 = CARTESIAN_POINT ( 'NONE',  ( 1.331611999267887900, -17.63461217017281200, 9.763236957915722800 ) ) ;
#4656 = CARTESIAN_POINT ( 'NONE',  ( 1.422087358436132200, -17.85277951871236000, 8.107120594553137500 ) ) ;
#4657 = CARTESIAN_POINT ( 'NONE',  ( 2.222859355484058300, -17.32834836551647900, 7.472983252934130700 ) ) ;
#4658 = CARTESIAN_POINT ( 'NONE',  ( 3.268023528975277300, -18.88609996603252800, 7.382214959508188700 ) ) ;
#4660 = CARTESIAN_POINT ( 'NONE',  ( 2.011685799343081400, -18.55724648222132700, 8.184805210959227800 ) ) ;
#4659 = CARTESIAN_POINT ( 'NONE',  ( 3.817599824271596300, -17.69426196247064800, 6.959929725363124900 ) ) ;
#4661 = CARTESIAN_POINT ( 'NONE',  ( 2.270355131670132900, -18.44997794740668000, 8.993154108242349000 ) ) ;
#4662 = CARTESIAN_POINT ( 'NONE',  ( 2.437510306657008700, -17.09732959707993400, 7.672955729539980400 ) ) ;
#4663 = CARTESIAN_POINT ( 'NONE',  ( 1.799946862266498900, -16.41260738255109400, 8.854803337617301700 ) ) ;
#4664 = CARTESIAN_POINT ( 'NONE',  ( 1.440938727395149900, -17.42568593011223400, 9.754417224323743700 ) ) ;
#4665 = CARTESIAN_POINT ( 'NONE',  ( 1.751017196383362300, -18.29049613362392900, 8.072678860598712100 ) ) ;
#4666 = CARTESIAN_POINT ( 'NONE',  ( 1.865211277536861400, -18.43387489106377000, 8.881228461501807600 ) ) ;
#4667 = CARTESIAN_POINT ( 'NONE',  ( 2.169773442015104700, -17.56184682587476300, 9.647663887237747800 ) ) ;
#4668 = CARTESIAN_POINT ( 'NONE',  ( 2.655560178556248400, -16.97066593590020700, 7.957765847105616100 ) ) ;
#4669 = CARTESIAN_POINT ( 'NONE',  ( 1.170030898465397300, -17.60781758905077200, 8.170601958907342400 ) ) ;
#4670 = CARTESIAN_POINT ( 'NONE',  ( 3.884684182705668800, -18.02956550401090400, 7.146200697462587600 ) ) ;
#4671 = CARTESIAN_POINT ( 'NONE',  ( 3.793228353883247600, -18.49176699722021800, 4.527411491701691700 ) ) ;
#4672 = B_SPLINE_CURVE_WITH_KNOTS ( 'NONE', 2,
 ( #2663, #5981, #2109 ),
 .UNSPECIFIED., .F., .F.,
 ( 3, 3 ),
 ( 0.0000000000000000000, 1.000000000000000000 ),
 .UNSPECIFIED. ) ;
#4673 = CARTESIAN_POINT ( 'NONE',  ( 3.321689305752296500, -18.63111945289164200, 8.081163701709675400 ) ) ;
#4674 = CARTESIAN_POINT ( 'NONE',  ( 3.154499896959509700, -18.85509779523137300, 6.800312098169286800 ) ) ;
#4675 = CARTESIAN_POINT ( 'NONE',  ( 4.493525609520999900, -16.61355273227000100, 6.861126051024999800 ) ) ;
#4676 = CARTESIAN_POINT ( 'NONE',  ( 1.446375606360635700, -17.17720937381546500, 8.034534058508697300 ) ) ;
#4677 = CARTESIAN_POINT ( 'NONE',  ( 1.684003466765237700, -16.98019801629244800, 9.785436410446912700 ) ) ;
#4678 = CARTESIAN_POINT ( 'NONE',  ( 1.532604093919958100, -18.30908480237839000, 8.685383747668947100 ) ) ;
#4679 = CARTESIAN_POINT ( 'NONE',  ( 1.951810554982732700, -17.96437759175443100, 7.460482303717698800 ) ) ;
#4680 = CARTESIAN_POINT ( 'NONE',  ( 3.789532603028483500, -18.35637581561482900, 7.425941118703264000 ) ) ;
#4681 = ORIENTED_EDGE ( 'NONE', *, *, #2148, .F. ) ;
#4683 = CARTESIAN_POINT ( 'NONE',  ( 2.583352609284970600, -18.61640165834187900, 8.658703067324170300 ) ) ;
#4682 = CARTESIAN_POINT ( 'NONE',  ( 3.257106493812241200, -17.20697871644113900, 6.917775849537822100 ) ) ;
#4684 = CARTESIAN_POINT ( 'NONE',  ( 1.333252165000301500, -19.48816416973268800, 6.500000067128467200 ) ) ;
#4685 = CARTESIAN_POINT ( 'NONE',  ( 1.989261148406372000, -17.59929450249531900, 7.514672750054066000 ) ) ;
#4686 = CARTESIAN_POINT ( 'NONE',  ( -0.1889195839862108700, -15.86972380621057100, 8.520878384517180500 ) ) ;
#4687 = CARTESIAN_POINT ( 'NONE',  ( 0.4808853935364301700, -17.64247253469918400, 9.216333165804742900 ) ) ;
#4688 = CARTESIAN_POINT ( 'NONE',  ( 2.165947924399906500, -18.59377940264809600, 8.611908153635200200 ) ) ;
#4689 = CARTESIAN_POINT ( 'NONE',  ( 2.367304916945829800, -18.12366427192888500, 9.333831937390717900 ) ) ;
#4690 = CARTESIAN_POINT ( 'NONE',  ( 2.355263286218036300, -16.91672383291761900, 9.325226407635220500 ) ) ;
#4691 = CARTESIAN_POINT ( 'NONE',  ( 2.065828260969688300, -17.30900197098693000, 7.654126544339215200 ) ) ;
#4692 = CARTESIAN_POINT ( 'NONE',  ( 1.105737135763794600, -18.06252980030832200, 8.755438315393078600 ) ) ;
#4693 = CARTESIAN_POINT ( 'NONE',  ( 3.556135384360803500, -17.36597519788530200, 7.075885453123338400 ) ) ;
#4694 = CARTESIAN_POINT ( 'NONE',  ( 1.319680063561230000, -17.06193585906447700, 8.178734600216106500 ) ) ;
#4695 = CARTESIAN_POINT ( 'NONE',  ( 3.652586053867299400, -17.96527635398478800, 8.071637076829535600 ) ) ;
#4696 = CARTESIAN_POINT ( 'NONE',  ( 2.802355906351249500, -18.84536158890199400, 6.800202478735842600 ) ) ;
#4697 = TOROIDAL_SURFACE ( 'NONE', #6761, 0.5561016563245224600, 0.05000000000010343400 ) ;
#4698 = CARTESIAN_POINT ( 'NONE',  ( 2.978767042200300500, -19.52955200101999700, 6.900036467719999700 ) ) ;
#4699 = CARTESIAN_POINT ( 'NONE',  ( 1.237907812708937800, -17.80666829232453800, 8.230166940855721000 ) ) ;
#4700 = CARTESIAN_POINT ( 'NONE',  ( 1.840231207908703500, -16.48608723696091300, 9.252165487273554600 ) ) ;
#4701 = CARTESIAN_POINT ( 'NONE',  ( 1.947850264861264100, -18.23132522901833100, 9.297644789528341400 ) ) ;
#4702 = CARTESIAN_POINT ( 'NONE',  ( 2.177565754171096700, -18.61941595295963100, 7.733779778906013600 ) ) ;
#4703 = ORIENTED_EDGE ( 'NONE', *, *, #5674, .T. ) ;
#4704 = CARTESIAN_POINT ( 'NONE',  ( 3.744541841316175700, -17.61835209644486300, 7.346199372011977100 ) ) ;
#4705 = PRODUCT ( 'Верхний патрубок 3', 'Верхний патрубок 3', '', ( #3773 ) ) ;
#4707 = CARTESIAN_POINT ( 'NONE',  ( 3.103105480613417300, -18.12482215650214100, 8.861719911732556900 ) ) ;
#4706 = CARTESIAN_POINT ( 'NONE',  ( 2.520532364633607500, -17.30423311612199200, 6.882551215662240400 ) ) ;
#4708 = CARTESIAN_POINT ( 'NONE',  ( 0.9630672666951275400, -19.12903366820422200, 6.500000068800377800 ) ) ;
#4709 = CARTESIAN_POINT ( 'NONE',  ( 1.940007711580956400, -18.31685567819122800, 7.707639443272430700 ) ) ;
#4710 = CARTESIAN_POINT ( 'NONE',  ( -0.08549068609237356300, -16.30087105532954100, 10.18672480281320100 ) ) ;
#4711 = ORIENTED_EDGE ( 'NONE', *, *, #1088, .F. ) ;
#4712 = CARTESIAN_POINT ( 'NONE',  ( 3.787170360695251600, -17.92224591883783800, 7.645922971479721200 ) ) ;
#4713 = CARTESIAN_POINT ( 'NONE',  ( 0.005826955869014861800, -16.85996271485810300, 8.446201931301841300 ) ) ;
#4714 = CARTESIAN_POINT ( 'NONE',  ( 2.733442577784727300, -18.31834311948461300, 9.005942707503821900 ) ) ;
#4715 = CARTESIAN_POINT ( 'NONE',  ( 2.705298386619796600, -17.46159456680883400, 9.314990577505845700 ) ) ;
#4716 = CARTESIAN_POINT ( 'NONE',  ( 2.180208952158663400, -16.63438213660590000, 8.659633565690223000 ) ) ;
#4717 = CARTESIAN_POINT ( 'NONE',  ( 1.828939132789184200, -17.95816531184214800, 7.680465516787663200 ) ) ;
#4718 = CARTESIAN_POINT ( 'NONE',  ( 1.349772340295780200, -18.00302196437452900, 9.455321222219698300 ) ) ;
#4719 = CARTESIAN_POINT ( 'NONE',  ( 2.841979281047879400, -17.17551531791418300, 6.991738089410297600 ) ) ;
#4720 = CARTESIAN_POINT ( 'NONE',  ( 1.186771316428472600, -16.19397250799697100, 8.894378496396173600 ) ) ;
#4721 = CARTESIAN_POINT ( 'NONE',  ( 3.413750288462069600, -17.30328293235053700, 7.828379969391202800 ) ) ;
#4722 = CARTESIAN_POINT ( 'NONE',  ( 2.198643086759213700, -18.03507428628155300, 6.798957562298703300 ) ) ;
#4723 = CARTESIAN_POINT ( 'NONE',  ( 1.478489239225000000, -19.51455566711000600, 6.880997255274000000 ) ) ;
#4724 = CARTESIAN_POINT ( 'NONE',  ( 1.299359786170726000, -18.18506660406604400, 8.867323765731200100 ) ) ;
#4725 = CARTESIAN_POINT ( 'NONE',  ( 1.692350466323417500, -16.49011833935186300, 8.522393694228160400 ) ) ;
#4726 = CARTESIAN_POINT ( 'NONE',  ( 2.384785190074469900, -17.67617060023652800, 9.529766424075882400 ) ) ;
#4727 = CARTESIAN_POINT ( 'NONE',  ( 2.805451255838673100, -18.81408442067379700, 8.081988795927101100 ) ) ;
#4728 = CARTESIAN_POINT ( 'NONE',  ( 3.167819362356611100, -17.17251913940374000, 7.197842735018479500 ) ) ;
#4730 = CARTESIAN_POINT ( 'NONE',  ( 3.220001240332606600, -17.41903972880790600, 8.658703067322008500 ) ) ;
#4729 = CARTESIAN_POINT ( 'NONE',  ( 2.121209613798349400, -17.86702896779258500, 6.838652789305431400 ) ) ;
#4731 = CARTESIAN_POINT ( 'NONE',  ( 1.726324712528782400, -16.88194541679363800, 9.735759614951589900 ) ) ;
#4732 = CARTESIAN_POINT ( 'NONE',  ( 3.702044815999178300, -18.45128686537852000, 6.599521040518870200 ) ) ;
#4733 = CARTESIAN_POINT ( 'NONE',  ( 2.396288588146537000, -18.74872817958801000, 8.105971702592967200 ) ) ;
#4734 = CARTESIAN_POINT ( 'NONE',  ( 3.420516669842398100, -17.27427963390573500, 6.900000000000000400 ) ) ;
#4735 = CARTESIAN_POINT ( 'NONE',  ( 3.438678804632386800, -17.29050719374788500, 7.465017872669419000 ) ) ;
#4736 = CARTESIAN_POINT ( 'NONE',  ( 3.068713478793804800, -17.65482579892708500, 8.989539504187709100 ) ) ;
#4738 = CARTESIAN_POINT ( 'NONE',  ( 2.647673488720921200, -16.89595267254801000, 8.833886853601697500 ) ) ;
#4737 = CARTESIAN_POINT ( 'NONE',  ( 3.057988288269339900, -18.86876992546335100, 7.755858769270301600 ) ) ;
#4739 = CARTESIAN_POINT ( 'NONE',  ( 1.765715468332290000, -16.90288985317764800, 8.103450683113715400 ) ) ;
#4740 = EDGE_CURVE ( 'NONE', #898, #2343, #6054, .T. ) ;
#4741 = CARTESIAN_POINT ( 'NONE',  ( 2.045801754342930300, -18.56237102438095800, 8.056160474396246900 ) ) ;
#4742 = CARTESIAN_POINT ( 'NONE',  ( 2.225723427667428000, -17.59159596095239300, 6.950974033428478200 ) ) ;
#4743 = CARTESIAN_POINT ( 'NONE',  ( 0.5969859093014121500, -16.29012699444640000, 9.889206896937015000 ) ) ;
#4744 = CARTESIAN_POINT ( 'NONE',  ( 2.769198803688245600, -17.09975300423076700, 7.518445462290121600 ) ) ;
#4745 = CARTESIAN_POINT ( 'NONE',  ( 2.201946175630920000, -17.64566725460841200, 6.500000023370504600 ) ) ;
#4746 = CARTESIAN_POINT ( 'NONE',  ( 2.783575010927882100, -17.88821090923609300, 9.232701367933378500 ) ) ;
#4747 = CARTESIAN_POINT ( 'NONE',  ( 1.977811743110299900, -19.54199203985670200, 6.852446001640701400 ) ) ;
#4748 = CARTESIAN_POINT ( 'NONE',  ( 1.647429711461313000, -18.02441494836148600, 9.504480590605705700 ) ) ;
#4749 = CARTESIAN_POINT ( 'NONE',  ( 1.341916070325952500, -16.98952302580293100, 8.097280603263918400 ) ) ;
#4750 = CARTESIAN_POINT ( 'NONE',  ( 2.545929518488253800, -17.01810286691556200, 9.220678329224718100 ) ) ;
#4751 = CARTESIAN_POINT ( 'NONE',  ( 3.407937724663767700, -18.42033045176723900, 8.269151270037978600 ) ) ;
#4752 = CARTESIAN_POINT ( 'NONE',  ( 2.448118517607837500, -17.32484960482530700, 7.081402630554311600 ) ) ;
#4754 = CARTESIAN_POINT ( 'NONE',  ( 2.851287353448752200, -16.97818561907393000, 8.184805210956378500 ) ) ;
#4753 = CARTESIAN_POINT ( 'NONE',  ( 2.268069775000827600, -18.59701795845925400, 6.852393734454145700 ) ) ;
#4755 = DIRECTION ( 'NONE',  ( 0.8695336349508481200, -0.4623392348504754000, -0.1736481776669201200 ) ) ;
#4756 = CARTESIAN_POINT ( 'NONE',  ( 3.370591775932324700, -18.78792553605807200, 6.599524104300677200 ) ) ;
#4757 = CARTESIAN_POINT ( 'NONE',  ( 3.045780676542201100, -18.60517143749384100, 8.438826220025070800 ) ) ;
#4758 = CARTESIAN_POINT ( 'NONE',  ( 2.142908007271876200, -18.43584538538857100, 6.500000036208813700 ) ) ;
#4759 = CARTESIAN_POINT ( 'NONE',  ( 2.734230289570477500, -17.16075073266221600, 7.260574713938513700 ) ) ;
#4760 = CARTESIAN_POINT ( 'NONE',  ( 2.941569292937655800, -17.05221984357675800, 8.570692762366112700 ) ) ;
#4761 = B_SPLINE_CURVE_WITH_KNOTS ( 'NONE', 3,
 ( #1623, #6587, #2733, #6612, #3286, #7165, #3843, #538, #4403, #1092, #4955, #1647, #5515, #2201, #6073, #2754, #6635, #3309 ),
 .UNSPECIFIED., .F., .F.,
 ( 4, 2, 2, 2, 2, 2, 2, 2, 4 ),
 ( 2.866315599644800600E-017, 0.003375665680462592400, 0.007033054452568595800, 0.01069044322467443100, 0.01406610890513730600, 0.01744177458559844500, 0.02109916335770271900, 0.02475655212980825600, 0.02813221781027049800 ),
 .UNSPECIFIED. ) ;
#4763 = CARTESIAN_POINT ( 'NONE',  ( 2.234003236950283400, -16.81518447361060400, 8.220911359881316800 ) ) ;
#4762 = CARTESIAN_POINT ( 'NONE',  ( 3.629583242115166400, -18.40475534785534600, 7.860262444310111900 ) ) ;
#4764 = CARTESIAN_POINT ( 'NONE',  ( 1.443797914672215700, -17.50684277824613500, 8.004288207464918900 ) ) ;
#4765 = CARTESIAN_POINT ( 'NONE',  ( 2.626301245514391300, -18.68176442307165200, 8.505760565250696500 ) ) ;
#4766 = CARTESIAN_POINT ( 'NONE',  ( 2.116990025704004600, -18.27408459618369500, 6.932646845602887400 ) ) ;
#4767 = MECHANICAL_DESIGN_GEOMETRIC_PRESENTATION_REPRESENTATION (  '', ( #3652 ), #5147 ) ;
#4768 = CARTESIAN_POINT ( 'NONE',  ( 2.157754362842909200, -17.48874393492554800, 7.351855551271743400 ) ) ;
#4769 = CARTESIAN_POINT ( 'NONE',  ( -0.3994225824610270200, -16.26249495070115700, 8.512551622692415200 ) ) ;
#4770 = CARTESIAN_POINT ( 'NONE',  ( 2.899564858399270600, -17.20613411251613900, 8.957249584027996600 ) ) ;
#4771 = DIRECTION ( 'NONE',  ( 0.8825321059044155500, -0.4699281812762735600, -0.01745240643267480200 ) ) ;
#4772 = EDGE_LOOP ( 'NONE', ( #5899, #1340, #2794, #3644 ) ) ;
#4773 = CARTESIAN_POINT ( 'NONE',  ( 2.047227135719740700, -17.42997556580433000, 9.707595517345188400 ) ) ;
#4774 = CARTESIAN_POINT ( 'NONE',  ( 1.082066039498250400, -17.61651641017462600, 8.222290365373677200 ) ) ;
#4775 = CARTESIAN_POINT ( 'NONE',  ( 2.320619857217118400, -16.70903993913398000, 8.582642007526233700 ) ) ;
#4776 = CARTESIAN_POINT ( 'NONE',  ( 2.091734464263604200, -17.91550527227338600, 7.033724630944792700 ) ) ;
#4778 = CARTESIAN_POINT ( 'NONE',  ( 2.250172419533494200, -17.10500961707503000, 7.765468417965316000 ) ) ;
#4777 = CARTESIAN_POINT ( 'NONE',  ( 2.913738822729895700, -18.96585657853745800, 6.874014034738895200 ) ) ;
#4779 = CARTESIAN_POINT ( 'NONE',  ( 3.695885336425340600, -18.46143640812223900, 6.498989004364210200 ) ) ;
#4780 = CARTESIAN_POINT ( 'NONE',  ( 1.649807349151135400, -17.61637993756699300, 9.766565870956380700 ) ) ;
#4781 = CARTESIAN_POINT ( 'NONE',  ( 2.903468873569087400, -18.87289641314889000, 6.699638266322598000 ) ) ;
#4782 = CARTESIAN_POINT ( 'NONE',  ( 3.447536018709249200, -17.97952049808929000, 8.478949627698211700 ) ) ;
#4783 = CARTESIAN_POINT ( 'NONE',  ( 2.203079839229614000, -17.64627003423617100, 6.600000015580382000 ) ) ;
#4784 = CARTESIAN_POINT ( 'NONE',  ( 2.157594015190729100, -17.62208479259426900, 7.172991694963601000 ) ) ;
#4785 = CARTESIAN_POINT ( 'NONE',  ( 2.439324337331905600, -16.92435563920330600, 8.037039049861610000 ) ) ;
#4787 = CARTESIAN_POINT ( 'NONE',  ( 1.746657543358918400, -17.27015987867820400, 7.891436807626018200 ) ) ;
#4786 = CARTESIAN_POINT ( 'NONE',  ( 3.694636919316976400, -17.67140799592938200, 7.755858769268139800 ) ) ;
#4788 = CARTESIAN_POINT ( 'NONE',  ( 1.349840345326639200, -18.10878671026793200, 8.432408881233191900 ) ) ;
#4789 = CARTESIAN_POINT ( 'NONE',  ( 3.177808954931860900, -18.23125658120532200, 8.723563268325939600 ) ) ;
#4790 = CARTESIAN_POINT ( 'NONE',  ( 2.570083852738949100, -18.86072257530514300, 6.991742634045940500 ) ) ;
#4791 = CARTESIAN_POINT ( 'NONE',  ( 0.9439001125016002200, -18.75087858695000200, 6.861126051024999800 ) ) ;
#4792 = CARTESIAN_POINT ( 'NONE',  ( 2.003744616651141000, -18.16205216890192300, 7.388201922898103300 ) ) ;
#4793 = EDGE_LOOP ( 'NONE', ( #295, #129, #1504, #2175 ) ) ;
#4794 = DIRECTION ( 'NONE',  ( -0.9994115292234103700, 0.03430153429985910400, 0.0000000000000000000 ) ) ;
#4795 = CARTESIAN_POINT ( 'NONE',  ( 2.581044881335643900, -16.84751038069926200, 8.388647150172239700 ) ) ;
#4796 = CARTESIAN_POINT ( 'NONE',  ( 2.224197317424397200, -16.80997057371054700, 9.337182489195834400 ) ) ;
#4797 = ADVANCED_FACE ( 'NONE', ( #464 ), #2106, .T. ) ;
#4798 = CARTESIAN_POINT ( 'NONE',  ( 1.009627170082072300, -18.02444245796258600, 8.840040950913470800 ) ) ;
#4799 = CARTESIAN_POINT ( 'NONE',  ( 1.864132002369820000, -16.95521885255710600, 8.049485912346842300 ) ) ;
#4800 = CARTESIAN_POINT ( 'NONE',  ( 2.280647137060468800, -18.62923575815903400, 7.122218938280064500 ) ) ;
#4802 = CARTESIAN_POINT ( 'NONE',  ( 1.866071856017872000, -17.66593782132782300, 7.646739777905361600 ) ) ;
#4801 = CARTESIAN_POINT ( 'NONE',  ( 3.617922838045346100, -18.72699402510808400, 6.888838233231688000 ) ) ;
#4803 = CARTESIAN_POINT ( 'NONE',  ( 3.360783811083095400, -17.35594405569466000, 6.800038862472987100 ) ) ;
#4804 = CARTESIAN_POINT ( 'NONE',  ( 1.873724500079233700, -17.07681562593760600, 6.500000021137923400 ) ) ;
#4805 = CARTESIAN_POINT ( 'NONE',  ( 1.966018740721442400, -16.95392242600547300, 9.647860992903870800 ) ) ;
#4806 = CARTESIAN_POINT ( 'NONE',  ( 2.386455759048819100, -18.59708699297155800, 6.799562329061789300 ) ) ;
#4807 = CARTESIAN_POINT ( 'NONE',  ( 3.325655303069573200, -17.30143153604730300, 8.198787791557871100 ) ) ;
#4808 = CARTESIAN_POINT ( 'NONE',  ( 3.550531015890624300, -18.82071810230371900, 6.799999999999912800 ) ) ;
#4809 = CARTESIAN_POINT ( 'NONE',  ( 2.092283586770998100, -18.30812178852795900, 7.204690467523246200 ) ) ;
#4810 = CARTESIAN_POINT ( 'NONE',  ( 1.904369708006135300, -17.35401692410939800, 7.750199984045816700 ) ) ;
#4811 = EDGE_CURVE ( 'NONE', #5056, #3984, #597, .T. ) ;
#4813 = CARTESIAN_POINT ( 'NONE',  ( 1.551537778528190700, -17.92160952800823300, 8.015951864204758700 ) ) ;
#4812 = CARTESIAN_POINT ( 'NONE',  ( 3.204909173479882700, -17.16620967602759500, 7.512151514618786900 ) ) ;
#4814 = CARTESIAN_POINT ( 'NONE',  ( 1.616601567405373500, -18.27615646571569000, 9.106023208732978000 ) ) ;
#4815 = CARTESIAN_POINT ( 'NONE',  ( 3.321585432517210700, -17.52022684084876800, 8.559995922026040200 ) ) ;
#4816 = CARTESIAN_POINT ( 'NONE',  ( 2.948338665761737400, -19.57520768538792300, 6.849127380276417700 ) ) ;
#4817 = CARTESIAN_POINT ( 'NONE',  ( 3.309795631602692600, -18.90831058698052700, 7.050838422488022900 ) ) ;
#4818 = CARTESIAN_POINT ( 'NONE',  ( 0.9401168248790000600, -19.04757129389999900, 6.488001347711999300 ) ) ;
#4819 = CARTESIAN_POINT ( 'NONE',  ( 2.371583409158021500, -18.75517801726265100, 7.648419304539724600 ) ) ;
#4820 = DIRECTION ( 'NONE',  ( 1.000000000000000000, 0.0000000000000000000, 0.0000000000000000000 ) ) ;
#4821 = CARTESIAN_POINT ( 'NONE',  ( 2.046668595519157900, -17.05227528075851900, 7.913511420380305400 ) ) ;
#4822 = CARTESIAN_POINT ( 'NONE',  ( 2.060425149637447700, -16.58370719192912200, 8.648042441034526500 ) ) ;
#4823 = CARTESIAN_POINT ( 'NONE',  ( 1.534585848065504800, -17.55511557871265200, 7.950761580183216100 ) ) ;
#4824 = CARTESIAN_POINT ( 'NONE',  ( 2.937511820820034400, -18.95296660817249900, 7.251283150343583700 ) ) ;
#4826 = CARTESIAN_POINT ( 'NONE',  ( 1.873794723586710500, -18.35577810283450300, 7.924212641774731800 ) ) ;
#4825 = CARTESIAN_POINT ( 'NONE',  ( 3.901373230394073100, -18.03843922807277500, 6.886715184039362100 ) ) ;
#4827 = CARTESIAN_POINT ( 'NONE',  ( 3.789250313354450800, -18.21407923256112200, 6.800590684540286400 ) ) ;
#4828 = CARTESIAN_POINT ( 'NONE',  ( -0.8728717731003048400, -17.14187151080743700, 8.483125976971372500 ) ) ;
#4829 = CARTESIAN_POINT ( 'NONE',  ( 2.006990084787119200, -16.52926479819753800, 9.038830866418686900 ) ) ;
#4830 = CARTESIAN_POINT ( 'NONE',  ( 2.202350077867842400, -17.91617538631527000, 6.497276358265177800 ) ) ;
#4831 = CARTESIAN_POINT ( 'NONE',  ( 2.766553142054865700, -17.02968194144097300, 7.790186744543870400 ) ) ;
#4832 = CARTESIAN_POINT ( 'NONE',  ( 5.002761968826655800, -17.50248912983342500, 6.875605298595035100 ) ) ;
#4833 = CARTESIAN_POINT ( 'NONE',  ( 2.561524743998636400, -18.85617161646057500, 7.384647599427672100 ) ) ;
#4834 = CARTESIAN_POINT ( 'NONE',  ( 1.726549348571788900, -18.01466483045089700, 7.849631524171986300 ) ) ;
#4836 = CARTESIAN_POINT ( 'NONE',  ( 1.719322686823630900, -18.40836483929238900, 8.553882459103350700 ) ) ;
#4835 = CARTESIAN_POINT ( 'NONE',  ( 2.496713013432458900, -17.23609757613979800, 7.296502894941865800 ) ) ;
#4837 = DIRECTION ( 'NONE',  ( 0.8695336349508422400, -0.4623392348504719000, -0.1736481776669583100 ) ) ;
#4838 = CARTESIAN_POINT ( 'NONE',  ( 2.060983232879641100, -17.89915455250670100, 9.567894337602975700 ) ) ;
#4839 = CARTESIAN_POINT ( 'NONE',  ( 2.963575388355398600, -17.03131964482809500, 8.128558697081590600 ) ) ;
#4840 = CARTESIAN_POINT ( 'NONE',  ( 4.965159253171704800, -16.87696778309134200, 6.499999959720439900 ) ) ;
#4841 = CARTESIAN_POINT ( 'NONE',  ( 3.834441920836675800, -18.38025452346364800, 7.069677170298378500 ) ) ;
#4842 = CARTESIAN_POINT ( 'NONE',  ( 1.024795865265000000, -19.25353835897999800, 6.612376248815998300 ) ) ;
#4843 = CARTESIAN_POINT ( 'NONE',  ( 3.059280400937025600, -18.82228311500698600, 7.923935675131632600 ) ) ;
#4844 = CARTESIAN_POINT ( 'NONE',  ( 3.521546324293999500, -16.60901454024000000, 6.895433249022999300 ) ) ;
#4845 = CARTESIAN_POINT ( 'NONE',  ( 1.702111058654185900, -17.64419031322425400, 7.817908377747285100 ) ) ;
#4846 = CARTESIAN_POINT ( 'NONE',  ( 1.664835031218586700, -16.90837038744427500, 8.107159735514898100 ) ) ;
#4847 = CARTESIAN_POINT ( 'NONE',  ( 1.472903103777014800, -18.17422033962261800, 8.359853706138540700 ) ) ;
#4848 = CARTESIAN_POINT ( 'NONE',  ( 3.618486810926488500, -18.66314537531893000, 7.333310885163853300 ) ) ;
#4850 = CARTESIAN_POINT ( 'NONE',  ( 2.340745832584089300, -18.68672109906500400, 8.400537350870415300 ) ) ;
#4849 = CARTESIAN_POINT ( 'NONE',  ( 3.569434795706528400, -17.37304662033376700, 6.869102858591613600 ) ) ;
#4851 = CARTESIAN_POINT ( 'NONE',  ( 3.688234822576725400, -17.64663515871112800, 6.498759458367723100 ) ) ;
#4852 = CARTESIAN_POINT ( 'NONE',  ( 1.742678558869353400, -16.63353332546451200, 8.350558155255742000 ) ) ;
#4853 = CARTESIAN_POINT ( 'NONE',  ( 4.491318326350101300, -16.66422559683591900, 6.899999997794808800 ) ) ;
#4854 = CARTESIAN_POINT ( 'NONE',  ( 2.147711861696058200, -17.35254025379190800, 7.530497262881024100 ) ) ;
#4855 = CARTESIAN_POINT ( 'NONE',  ( 5.005428860647997500, -17.50390918879397600, 6.732751591270441900 ) ) ;
#4856 = VERTEX_POINT ( 'NONE', #2797 ) ;
#4857 = CARTESIAN_POINT ( 'NONE',  ( 3.286381152172323200, -18.84404211223401800, 7.554611995992808600 ) ) ;
#4858 = CARTESIAN_POINT ( 'NONE',  ( 1.971758438497240200, -18.54258730934666100, 8.313982891067224700 ) ) ;
#4860 = CARTESIAN_POINT ( 'NONE',  ( 2.195204004518025000, -18.36284554535130600, 9.123439666243356800 ) ) ;
#4859 = CARTESIAN_POINT ( 'NONE',  ( 2.079613855578923400, -17.77948011655142900, 7.214533206800681800 ) ) ;
#4861 = FILL_AREA_STYLE ('',( #993 ) ) ;
#4862 = CARTESIAN_POINT ( 'NONE',  ( 2.381641246869719900, -17.23038339882796800, 9.501747413909242800 ) ) ;
#4863 = CARTESIAN_POINT ( 'NONE',  ( 2.343773605200121200, -17.09930768401721200, 7.721078499894376900 ) ) ;
#4864 = CARTESIAN_POINT ( 'NONE',  ( 5.025874789811150700, -17.45686608210929000, 6.499999967174983500 ) ) ;
#4865 = CARTESIAN_POINT ( 'NONE',  ( 1.179074910606000100, -19.41524773462999700, 6.736751149921000900 ) ) ;
#4866 = CARTESIAN_POINT ( 'NONE',  ( 3.599507427955146900, -18.32204987097139800, 8.028389994308723100 ) ) ;
#4867 = CARTESIAN_POINT ( 'NONE',  ( 3.022690396222000000, -16.56798398703000100, 6.871117638202001400 ) ) ;
#4868 = CARTESIAN_POINT ( 'NONE',  ( 1.699983000350000900, -18.29496086237189800, 8.179771607673895800 ) ) ;
#4869 = CARTESIAN_POINT ( 'NONE',  ( 1.360319040251499700, -17.52660479286039000, 8.051403822853227900 ) ) ;
#4870 = CARTESIAN_POINT ( 'NONE',  ( 1.790446233640505600, -18.36859131439743500, 9.003528104959993800 ) ) ;
#4871 = ORIENTED_EDGE ( 'NONE', *, *, #3486, .T. ) ;
#4872 = CARTESIAN_POINT ( 'NONE',  ( 3.855922990484803600, -17.95880234054919500, 7.311970855532217200 ) ) ;
#4873 = CARTESIAN_POINT ( 'NONE',  ( 2.851222261034140000, -17.18042989754981100, 6.848025910496597900 ) ) ;
#4874 = FACE_OUTER_BOUND ( 'NONE', #4362, .T. ) ;
#4875 = CARTESIAN_POINT ( 'NONE',  ( 3.514841530433764600, -18.80754543676203700, 6.500000015782311500 ) ) ;
#4876 = CARTESIAN_POINT ( 'NONE',  ( 3.698079191338900200, -18.45858098179964200, 6.599513040334294100 ) ) ;
#4877 = CARTESIAN_POINT ( 'NONE',  ( 1.354596044426959800, -17.19512319793118500, 8.055703574176353900 ) ) ;
#4878 = CARTESIAN_POINT ( 'NONE',  ( -0.6546231971117186800, -17.12186425222151000, 9.522724200238450000 ) ) ;
#4879 = CARTESIAN_POINT ( 'NONE',  ( 1.912553266975489200, -18.00262373560959600, 7.545221522648552600 ) ) ;
#4880 = CARTESIAN_POINT ( 'NONE',  ( 3.769068804415191700, -18.28006302660615000, 7.597863217977772100 ) ) ;
#4881 = CARTESIAN_POINT ( 'NONE',  ( 2.529615946191909900, -18.54065552880068100, 8.805634918612302200 ) ) ;
#4883 = CARTESIAN_POINT ( 'NONE',  ( 2.655127048218519200, -17.81991391598541300, 9.339371337296814300 ) ) ;
#4882 = CARTESIAN_POINT ( 'NONE',  ( 2.157313487816687700, -18.50652770383010500, 7.350373897248779500 ) ) ;
#4884 = CARTESIAN_POINT ( 'NONE',  ( 2.358368642531891300, -16.72911132431900700, 8.953007821696878900 ) ) ;
#4885 = ADVANCED_FACE ( 'NONE', ( #3389 ), #4697, .T. ) ;
#4886 = CARTESIAN_POINT ( 'NONE',  ( 1.927415860919101200, -17.63312301303189500, 7.580091814775097500 ) ) ;
#4887 = ORIENTED_EDGE ( 'NONE', *, *, #595, .T. ) ;
#4888 = CARTESIAN_POINT ( 'NONE',  ( 1.382291903061000100, -19.51019544182000200, 6.861126051024999800 ) ) ;
#4889 = CARTESIAN_POINT ( 'NONE',  ( 3.623110251364344900, -17.59085002219404000, 7.889300906052573800 ) ) ;
#4890 = DIRECTION ( 'NONE',  ( -0.9994115292234104800, 0.03430153429985836200, 0.0000000000000000000 ) ) ;
#4891 = CARTESIAN_POINT ( 'NONE',  ( 2.111230761189981200, -18.53915547322756300, 8.749135040017176100 ) ) ;
#4892 = CARTESIAN_POINT ( 'NONE',  ( 1.272298550036370200, -18.09308730403154900, 8.525218302958096600 ) ) ;
#4893 = CARTESIAN_POINT ( 'NONE',  ( 2.269647076969582200, -18.01010308645663800, 9.444870589927326400 ) ) ;
#4894 = B_SPLINE_CURVE_WITH_KNOTS ( 'NONE', 3,
 ( #4196, #1996, #5871, #2552, #6424, #3105, #6985, #3666, #359, #4217 ),
 .UNSPECIFIED., .F., .F.,
 ( 4, 1, 1, 1, 1, 1, 1, 4 ),
 ( 0.0000000000000000000, 0.1428571428571428500, 0.2857142857142857000, 0.4285714285714285500, 0.5714285714285714000, 0.7142857142857143000, 0.8571428571428571000, 1.000000000000000000 ),
 .UNSPECIFIED. ) ;
#4895 = CARTESIAN_POINT ( 'NONE',  ( 3.492728321130532900, -17.31924583144726200, 7.202483181912931800 ) ) ;
#4896 = CARTESIAN_POINT ( 'NONE',  ( 2.233001324165259300, -17.59546568716316300, 6.837815467125571100 ) ) ;
#4897 = CARTESIAN_POINT ( 'NONE',  ( 3.587019898612884300, -17.87129459668757300, 8.215426667287925300 ) ) ;
#4898 = CARTESIAN_POINT ( 'NONE',  ( 3.070540732133640200, -18.96630941286326400, 6.500000026538342200 ) ) ;
#4899 = CARTESIAN_POINT ( 'NONE',  ( 2.622369001525078200, -17.35229487780103600, 6.598031818242948700 ) ) ;
#4900 = CARTESIAN_POINT ( 'NONE',  ( 1.154856949577824000, -17.80968320403808000, 8.298553417618414600 ) ) ;
#4901 = CARTESIAN_POINT ( 'NONE',  ( 2.165094070126995200, -18.62579987380863500, 7.863207818559462000 ) ) ;
#4902 = CARTESIAN_POINT ( 'NONE',  ( 3.685162547033132200, -17.54971531819941400, 7.486138504267114700 ) ) ;
#4903 = CARTESIAN_POINT ( 'NONE',  ( 3.020617967511383600, -18.01424888496130100, 8.992031021679187200 ) ) ;
#4905 = CARTESIAN_POINT ( 'NONE',  ( 2.785660900528941700, -17.14557030381255100, 9.051841443954138800 ) ) ;
#4904 = CARTESIAN_POINT ( 'NONE',  ( 2.744390441228831400, -18.90134274452288200, 7.583565267599472500 ) ) ;
#4906 = CARTESIAN_POINT ( 'NONE',  ( 2.009541383223819800, -16.73290023636490900, 8.296322482919093100 ) ) ;
#4907 = CARTESIAN_POINT ( 'NONE',  ( 1.910702025375323300, -18.33833781586354300, 7.815579934286121000 ) ) ;
#4908 = CARTESIAN_POINT ( 'NONE',  ( 1.020417377877700100, -18.68253205996329000, 6.900036467719999700 ) ) ;
#4909 = CARTESIAN_POINT ( 'NONE',  ( 2.949599484098586600, -19.53847240789044900, 6.899999999999767700 ) ) ;
#4910 = CARTESIAN_POINT ( 'NONE',  ( 3.113879994650935700, -17.13082383597174300, 7.602185705767161600 ) ) ;
#4911 = CARTESIAN_POINT ( 'NONE',  ( 1.177052335736269200, -17.33787978521300500, 8.199236382064608400 ) ) ;
#4912 = CARTESIAN_POINT ( 'NONE',  ( 2.654681223214341300, -18.21482937352790900, 9.139525387279615400 ) ) ;
#4913 = CARTESIAN_POINT ( 'NONE',  ( 1.525271033777386300, -18.20206486191894500, 9.216251369162426600 ) ) ;
#4914 = CARTESIAN_POINT ( 'NONE',  ( 2.585318458635986500, -17.33868049333916500, 9.381663678191172200 ) ) ;
#4915 = CARTESIAN_POINT ( 'NONE',  ( 1.238376844385690800, -17.90126535878494400, 9.538168764041158100 ) ) ;
#4916 = CARTESIAN_POINT ( 'NONE',  ( 2.771663630271163000, -17.18065439297175700, 7.078749765972998100 ) ) ;
#4917 = CARTESIAN_POINT ( 'NONE',  ( 2.122103604638287100, -18.27680353433284600, 6.800000000000115300 ) ) ;
#4918 = CARTESIAN_POINT ( 'NONE',  ( 3.318928335103520600, -17.23984997253667500, 7.927945813890262100 ) ) ;
#4919 = CARTESIAN_POINT ( 'NONE',  ( 2.534384050277305600, -18.84145026519906100, 6.500000034823758100 ) ) ;
#4920 = CARTESIAN_POINT ( 'NONE',  ( 3.614380045040787200, -17.54424655018435400, 6.699736546754787800 ) ) ;
#4921 = CARTESIAN_POINT ( 'NONE',  ( 1.207244677981391200, -18.13608813224292500, 8.964927836294290100 ) ) ;
#4922 = CARTESIAN_POINT ( 'NONE',  ( 3.854920331038876200, -17.70370183338463500, 6.599999995329756800 ) ) ;
#4923 = CARTESIAN_POINT ( 'NONE',  ( 2.788290204846770100, -18.76789548057445200, 8.243747042300920900 ) ) ;
#4924 = CARTESIAN_POINT ( 'NONE',  ( 3.087430970047695800, -17.14923511366182000, 7.294345905111085500 ) ) ;
#4925 = CARTESIAN_POINT ( 'NONE',  ( 3.109767732548688500, -17.31790096326448100, 8.743830045078961900 ) ) ;
#4927 = CARTESIAN_POINT ( 'NONE',  ( 2.497163442950442100, -16.80290982876825000, 8.458306724944602500 ) ) ;
#4926 = CARTESIAN_POINT ( 'NONE',  ( 3.437678633651759100, -18.69279207250865200, 7.753966725325279100 ) ) ;
#4928 = CARTESIAN_POINT ( 'NONE',  ( 1.570264163421326800, -17.24308208807987700, 7.978200123148088400 ) ) ;
#4929 = CARTESIAN_POINT ( 'NONE',  ( 2.372625331807428900, -18.72313097012416000, 8.253697067562498500 ) ) ;
#4930 = CARTESIAN_POINT ( 'NONE',  ( 1.693179746894000000, -17.34146935781999900, 6.880997255274000000 ) ) ;
#4931 = CARTESIAN_POINT ( 'NONE',  ( 3.706359911678774200, -18.44557542726829500, 6.800563182518263100 ) ) ;
#4932 = CARTESIAN_POINT ( 'NONE',  ( 2.420142329942807500, -17.25085478783103500, 7.362266419286733300 ) ) ;
#4933 = CARTESIAN_POINT ( 'NONE',  ( 1.415983012455270800, -17.46492147953487600, 9.733917731192526900 ) ) ;
#4934 = CARTESIAN_POINT ( 'NONE',  ( 2.961151088787929500, -17.53851424751826800, 9.083615591457542500 ) ) ;
#4935 = CARTESIAN_POINT ( 'NONE',  ( 1.949549285494788200, -17.77575555218609800, 9.655442653879314100 ) ) ;
#4936 = CARTESIAN_POINT ( 'NONE',  ( 2.520677904965832500, -16.81541269000160100, 8.857313745733785400 ) ) ;
#4937 = CARTESIAN_POINT ( 'NONE',  ( 1.611224736431951400, -17.33157509390241200, 9.837245250063443100 ) ) ;
#4938 = CARTESIAN_POINT ( 'NONE',  ( 2.187909021146398300, -17.63820356718208900, 7.025742630966410800 ) ) ;
#4939 = CARTESIAN_POINT ( 'NONE',  ( 2.577475593490874900, -18.86465283357969400, 6.800000000000918200 ) ) ;
#4940 = ORIENTED_EDGE ( 'NONE', *, *, #1035, .F. ) ;
#4941 = CARTESIAN_POINT ( 'NONE',  ( 2.677122359798528100, -17.08785933800988100, 7.583912935117726100 ) ) ;
#4942 = CARTESIAN_POINT ( 'NONE',  ( 2.167745770562832200, -18.41774558771505700, 6.500000035470679700 ) ) ;
#4943 = CARTESIAN_POINT ( 'NONE',  ( 3.706359474533106500, -18.44557799475189300, 6.800563181062552000 ) ) ;
#4944 = CARTESIAN_POINT ( 'NONE',  ( 1.538394869920103100, -17.91462131953897700, 9.594299535868302100 ) ) ;
#4945 = CARTESIAN_POINT ( 'NONE',  ( 2.829532372915174200, -17.15438364348213100, 6.700000001395356000 ) ) ;
#4946 = CARTESIAN_POINT ( 'NONE',  ( 1.796562374216796900, -16.41737839980434500, 8.850558560959511200 ) ) ;
#4947 = CARTESIAN_POINT ( 'NONE',  ( 3.360481727649218700, -18.32838541736774100, 8.428094139294312700 ) ) ;
#4948 = CARTESIAN_POINT ( 'NONE',  ( 2.386357054741076800, -17.35364604338642300, 7.154196042669688900 ) ) ;
#4949 = CARTESIAN_POINT ( 'NONE',  ( 2.735843009214832500, -16.92981800529671300, 8.231480197932249600 ) ) ;
#4951 = CARTESIAN_POINT ( 'NONE',  ( 1.987874583526162400, -17.02101395005643500, 7.962337071840710000 ) ) ;
#4950 = CARTESIAN_POINT ( 'NONE',  ( 3.767712894939057000, -18.02649038122081700, 7.746873109475430400 ) ) ;
#4952 = CARTESIAN_POINT ( 'NONE',  ( 1.381643134556587600, -17.88309371861420200, 8.160646765775835500 ) ) ;
#4953 = CARTESIAN_POINT ( 'NONE',  ( 3.002224190473922900, -18.52289242889065300, 8.597560380996483800 ) ) ;
#4954 = CARTESIAN_POINT ( 'NONE',  ( 1.449109048257699800, -17.77793838480329900, 6.852446001638699400 ) ) ;
#4955 = CARTESIAN_POINT ( 'NONE',  ( 0.1010936169502103500, -15.53356225933163200, 9.078071449966001800 ) ) ;
#4956 = CARTESIAN_POINT ( 'NONE',  ( 2.038781534099097600, -17.82320118038179400, 7.290792982567520400 ) ) ;
#4957 = DIRECTION ( 'NONE',  ( 1.000000000000000000, 0.0000000000000000000, 0.0000000000000000000 ) ) ;
#4958 = CARTESIAN_POINT ( 'NONE',  ( 2.820176884108246200, -16.97465912198554200, 8.619800846239179700 ) ) ;
#4959 = FACE_OUTER_BOUND ( 'NONE', #2605, .T. ) ;
#4960 = CARTESIAN_POINT ( 'NONE',  ( 2.122344967176715600, -16.79287896587819200, 8.229815898083300500 ) ) ;
#4961 = CARTESIAN_POINT ( 'NONE',  ( 1.875025475433327300, -16.70390342925097100, 9.538168764038996300 ) ) ;
#4962 = CARTESIAN_POINT ( 'NONE',  ( 2.125325218594970700, -18.32569033580663000, 7.026724568581914600 ) ) ;
#4963 = EDGE_LOOP ( 'NONE', ( #3551, #997 ) ) ;
#4964 = CARTESIAN_POINT ( 'NONE',  ( 3.319465534172262100, -18.91345216538048400, 6.800000000000748600 ) ) ;
#4965 = CARTESIAN_POINT ( 'NONE',  ( 2.095915550598842700, -17.52257588841000700, 7.417250844812282500 ) ) ;
#4966 = CARTESIAN_POINT ( 'NONE',  ( 2.118238862884753700, -17.86661066872491300, 6.500000028230912700 ) ) ;
#4967 = CARTESIAN_POINT ( 'NONE',  ( 2.430353526357027100, -17.49582611384969900, 6.798835956813061200 ) ) ;
#4969 = CARTESIAN_POINT ( 'NONE',  ( 1.920895216469738600, -17.29737169854088200, 9.754457166759909400 ) ) ;
#4968 = CARTESIAN_POINT ( 'NONE',  ( 2.946253679756063000, -18.43149678956587000, 8.748605226018959500 ) ) ;
#4970 = CARTESIAN_POINT ( 'NONE',  ( 2.205347166427000300, -17.64747559349170200, 6.800000000000000700 ) ) ;
#4971 = CARTESIAN_POINT ( 'NONE',  ( 3.488724897250162500, -17.60909647065089700, 8.289651571651131000 ) ) ;
#4972 = CARTESIAN_POINT ( 'NONE',  ( 2.072068011745555400, -17.96668402486285400, 7.115744181168880200 ) ) ;
#4973 = EDGE_CURVE ( 'NONE', #1768, #4622, #3162, .T. ) ;
#4974 = CARTESIAN_POINT ( 'NONE',  ( 2.155169393338427900, -17.10996617830220100, 7.803350270872277500 ) ) ;
#4976 = CARTESIAN_POINT ( 'NONE',  ( 1.648865558593021200, -17.61587917864802200, 7.866306633282330400 ) ) ;
#4975 = CARTESIAN_POINT ( 'NONE',  ( 3.506854004494631900, -17.35278705628841000, 7.565741544566373400 ) ) ;
#4977 = CARTESIAN_POINT ( 'NONE',  ( 1.507130947943467100, -18.29554049040840600, 8.766831504279261700 ) ) ;
#4978 = CARTESIAN_POINT ( 'NONE',  ( 3.367131253775922200, -17.87513293534252100, 8.611027024709166300 ) ) ;
#4979 = CARTESIAN_POINT ( 'NONE',  ( 2.669390222361068600, -15.49939836362287700, 6.499999982693192500 ) ) ;
#4980 = CARTESIAN_POINT ( 'NONE',  ( 4.030788416732454100, -19.16194543585923400, 6.500000011284158500 ) ) ;
#4981 = VERTEX_POINT ( 'NONE', #6210 ) ;
#4982 = CARTESIAN_POINT ( 'NONE',  ( 2.156338771965272900, -18.53760953033495400, 7.465268345753886900 ) ) ;
#4983 = DIRECTION ( 'NONE',  ( -0.0000000000000000000, 0.0000000000000000000, 1.000000000000000000 ) ) ;
#4984 = CARTESIAN_POINT ( 'NONE',  ( 2.330494260266182700, -16.90355390820818100, 8.064746413469386300 ) ) ;
#4985 = B_SPLINE_CURVE_WITH_KNOTS ( 'NONE', 3,
 ( #2097, #1541, #2653, #6529, #3204, #7083, #3766, #456, #4320, #1011, #4878, #1563, #5437, #2123, #5995, #2677, #6553, #3230 ),
 .UNSPECIFIED., .F., .F.,
 ( 4, 2, 2, 2, 2, 2, 2, 2, 4 ),
 ( 1.734723475976806900E-018, 0.003375665680463296700, 0.007033054452569439800, 0.01069044322467512000, 0.01406610890513856700, 0.01744177458560074900, 0.02109916335770642100, 0.02475655212981304000, 0.02813221781027522600 ),
 .UNSPECIFIED. ) ;
#4986 = CARTESIAN_POINT ( 'NONE',  ( 1.659085388806857500, -17.29030917134933900, 7.925833024920176900 ) ) ;
#4987 = CARTESIAN_POINT ( 'NONE',  ( 1.849228724187742800, -16.44538159481519200, 8.840040950910619700 ) ) ;
#4988 = CARTESIAN_POINT ( 'NONE',  ( 2.609259277617042500, -18.88155251820199300, 7.127544099479419700 ) ) ;
#4989 = CARTESIAN_POINT ( 'NONE',  ( 3.844838063246467400, -18.38578225043633600, 6.799999999999712900 ) ) ;
#4990 = CARTESIAN_POINT ( 'NONE',  ( 1.979679651687849000, -18.20107537525311200, 7.483328517254138400 ) ) ;
#4991 = CARTESIAN_POINT ( 'NONE',  ( 2.967636163092999700, -19.57688701997000200, 6.861126032036001000 ) ) ;
#4992 = CARTESIAN_POINT ( 'NONE',  ( 1.786457342463550100, -16.51869188271401600, 9.069705883362122000 ) ) ;
#4993 = CARTESIAN_POINT ( 'NONE',  ( 2.095788538195868100, -16.70463016725697300, 9.340744798917405900 ) ) ;
#4994 = CARTESIAN_POINT ( 'NONE',  ( 4.689473210385744800, -16.65250851115359500, 6.849127384410598700 ) ) ;
#4995 = CARTESIAN_POINT ( 'NONE',  ( 3.089743061085616900, -17.09840418639011600, 7.924485304977205000 ) ) ;
#4996 = CARTESIAN_POINT ( 'NONE',  ( 2.298238824672702600, -18.66411972204883400, 7.240679240364841900 ) ) ;
#4997 = CARTESIAN_POINT ( 'NONE',  ( 1.801705781915597300, -17.69714576692641800, 7.712261246252527500 ) ) ;
#4999 = CARTESIAN_POINT ( 'NONE',  ( 1.627808892319462700, -18.25658520841006500, 8.245375290979779900 ) ) ;
#4998 = CARTESIAN_POINT ( 'NONE',  ( 2.834242799387233000, -17.13433751021731100, 7.334961351207804000 ) ) ;
#5000 = CARTESIAN_POINT ( 'NONE',  ( 1.919236713159146100, -18.16893729475655300, 9.373016242781718100 ) ) ;
#5001 = CARTESIAN_POINT ( 'NONE',  ( 3.222711791162146300, -17.22116520216971800, 8.287533933387427600 ) ) ;
#5002 = CARTESIAN_POINT ( 'NONE',  ( 3.415668074993781600, -18.75370263374692600, 6.500000000421538400 ) ) ;
#5003 = CARTESIAN_POINT ( 'NONE',  ( 3.089058528389801800, -19.56776619054655700, 6.500000035110545600 ) ) ;
#5004 = CARTESIAN_POINT ( 'NONE',  ( 2.755901966353356600, -18.88193323333642200, 7.739791655743168500 ) ) ;
#5005 = CARTESIAN_POINT ( 'NONE',  ( 3.854382463507045400, -18.37657056619850200, 6.500000002968958400 ) ) ;
#5006 = CARTESIAN_POINT ( 'NONE',  ( 1.822981557948599700, -17.37745431029570000, 7.795857776054961400 ) ) ;
#5007 = CARTESIAN_POINT ( 'NONE',  ( 1.484054378882772300, -17.93754674313091300, 8.095913089579680000 ) ) ;
#5008 = CARTESIAN_POINT ( 'NONE',  ( 1.551550005458923300, -16.73354549033945900, 8.222290365372083800 ) ) ;
#5009 = CARTESIAN_POINT ( 'NONE',  ( 3.347992713952203200, -18.87680156073247800, 7.222765281043927600 ) ) ;
#5010 = CARTESIAN_POINT ( 'NONE',  ( 3.792801664384748400, -17.64401229954180600, 6.799999999998525400 ) ) ;
#5011 = CARTESIAN_POINT ( 'NONE',  ( 2.371600031462050200, -18.75518685549823100, 7.787759710538866300 ) ) ;
#5012 = CARTESIAN_POINT ( 'NONE',  ( 3.536842825319999100, -19.47340001351999600, 6.488001347711999300 ) ) ;
#5013 = CARTESIAN_POINT ( 'NONE',  ( 4.491318326350101300, -16.66422559683591900, 6.899999997794808800 ) ) ;
#5014 = CARTESIAN_POINT ( 'NONE',  ( 1.942326114287780100, -16.54037206160855800, 8.630544094913245700 ) ) ;
#5015 = CARTESIAN_POINT ( 'NONE',  ( 5.033288665474495700, -17.45219281358518900, 6.849127384410598700 ) ) ;
#5016 = CARTESIAN_POINT ( 'NONE',  ( 2.431244584833037500, -17.14581682888510300, 7.579596144405799800 ) ) ;
#5017 = CARTESIAN_POINT ( 'NONE',  ( 2.969425200103374500, -18.93833516081696200, 7.411650651332863000 ) ) ;
#5019 = CARTESIAN_POINT ( 'NONE',  ( 1.834983334794854100, -18.36674181347416700, 8.036567252885976800 ) ) ;
#5018 = CARTESIAN_POINT ( 'NONE',  ( 3.885565649748126100, -17.97456362205953800, 7.056963250513165400 ) ) ;
#5021 = CARTESIAN_POINT ( 'NONE',  ( 2.009273971992485500, -18.48494408678899600, 8.841810115496699000 ) ) ;
#5020 = CARTESIAN_POINT ( 'NONE',  ( 2.207716248591256900, -17.51530914080187900, 7.210916912800699100 ) ) ;
#5022 = VERTEX_POINT ( 'NONE', #2624 ) ;
#5023 = CARTESIAN_POINT ( 'NONE',  ( 2.663400687586072700, -17.00643490061705500, 7.844839379769956300 ) ) ;
#5024 = CARTESIAN_POINT ( 'NONE',  ( 2.663840658584016600, -18.79710025521097400, 6.500000014637075600 ) ) ;
#5025 = CARTESIAN_POINT ( 'NONE',  ( 2.412044279229175200, -17.52197070955871500, 6.500000019398030700 ) ) ;
#5026 = CARTESIAN_POINT ( 'NONE',  ( 3.428472992364978800, -18.62626175533082700, 7.928021605596131700 ) ) ;
#5027 = CARTESIAN_POINT ( 'NONE',  ( 3.612073796677226100, -17.36950621018780400, 6.499999992611164700 ) ) ;
#5028 = CARTESIAN_POINT ( 'NONE',  ( 1.672024680352403900, -18.03749232529517600, 7.937425417192681500 ) ) ;
#5029 = CARTESIAN_POINT ( 'NONE',  ( 1.655167651369761700, -18.37425300185266500, 8.673258185374731300 ) ) ;
#5030 = CARTESIAN_POINT ( 'NONE',  ( 1.243437143716100500, -17.33487707231529700, 8.082325128161253100 ) ) ;
#5031 = CARTESIAN_POINT ( 'NONE',  ( 3.834211684739702100, -18.31470011048103100, 7.246996429123593800 ) ) ;
#5032 = CARTESIAN_POINT ( 'NONE',  ( 3.202971032213772300, -17.19120961380622200, 6.799999999997987200 ) ) ;
#5033 = CARTESIAN_POINT ( 'NONE',  ( 3.050138363065051400, -18.77024836829728500, 8.092190903822620700 ) ) ;
#5034 = CARTESIAN_POINT ( 'NONE',  ( 3.948329389169000300, -19.23830823255999400, 6.612376242486998700 ) ) ;
#5035 = CARTESIAN_POINT ( 'NONE',  ( 3.822291080251972500, -19.33514313242065100, 6.849127382565398200 ) ) ;
#5036 = CARTESIAN_POINT ( 'NONE',  ( 1.565895907680748800, -16.91739911317952800, 8.111574481849816100 ) ) ;
#5037 = CARTESIAN_POINT ( 'NONE',  ( 1.508681673649872900, -19.47577440316453600, 6.899999997794818500 ) ) ;
#5038 = CARTESIAN_POINT ( 'NONE',  ( 2.000695353610102400, -17.67208641044342000, 7.452900739545915700 ) ) ;
#5039 = EDGE_LOOP ( 'NONE', ( #7137, #6070, #3500, #3912 ) ) ;
#5040 = COLOUR_RGB ( '',1.000000000000000000, 1.000000000000000000, 1.000000000000000000 ) ;
#5041 = CARTESIAN_POINT ( 'NONE',  ( 3.624700201949858400, -18.60101709965032100, 7.511246423155344400 ) ) ;
#5043 = CARTESIAN_POINT ( 'NONE',  ( 2.301939050023442200, -18.64055686909702900, 8.546837337812151600 ) ) ;
#5042 = CARTESIAN_POINT ( 'NONE',  ( 3.516031741025975200, -17.33163647959603500, 7.002010301139948800 ) ) ;
#5045 = CARTESIAN_POINT ( 'NONE',  ( 2.532303608613026800, -18.14976004161974600, 9.250762262817271900 ) ) ;
#5044 = CARTESIAN_POINT ( 'NONE',  ( 2.055903030237995500, -18.18978528934693600, 7.225900032362702100 ) ) ;
#5046 = ORIENTED_EDGE ( 'NONE', *, *, #6972, .T. ) ;
#5047 = CARTESIAN_POINT ( 'NONE',  ( 3.047030993352330100, -17.16895335789106600, 6.500000000319877500 ) ) ;
#5048 = CARTESIAN_POINT ( 'NONE',  ( 2.073296254229504100, -17.37840476771691900, 7.586957050205329600 ) ) ;
#5049 = CARTESIAN_POINT ( 'NONE',  ( 2.198354620631780800, -18.12155861284445600, 6.500000023438488500 ) ) ;
#5050 = VECTOR ( 'NONE', #4755, 100.0000000000000100 ) ;
#5051 = CARTESIAN_POINT ( 'NONE',  ( 3.025646796963828300, -17.26893001859457800, 6.500000007796050000 ) ) ;
#5052 = CARTESIAN_POINT ( 'NONE',  ( 3.716450842397164900, -17.94011425024731200, 7.901064232961436700 ) ) ;
#5053 = SURFACE_SIDE_STYLE ('',( #4438 ) ) ;
#5054 = CARTESIAN_POINT ( 'NONE',  ( 1.926881015997793800, -18.51872556053473700, 8.444162320870338700 ) ) ;
#5055 = CARTESIAN_POINT ( 'NONE',  ( 2.112898875685550700, -18.27190929312834900, 9.250603281168810800 ) ) ;
#5056 = VERTEX_POINT ( 'NONE', #3178 ) ;
#5057 = CARTESIAN_POINT ( 'NONE',  ( 2.253766731355384400, -17.10692074656786200, 9.541184286878841900 ) ) ;
#5058 = CARTESIAN_POINT ( 'NONE',  ( 1.047125381905208700, -17.91623021699461300, 8.502537376370677100 ) ) ;
#5059 = CARTESIAN_POINT ( 'NONE',  ( 3.741183475761841000, -17.57950217437554100, 7.184403559884019700 ) ) ;
#5060 = CARTESIAN_POINT ( 'NONE',  ( 2.472982041547080500, -17.33806977500869100, 6.799999999998471300 ) ) ;
#5061 = CARTESIAN_POINT ( 'NONE',  ( 3.555283581646177600, -18.23182340158661300, 8.189238470617334900 ) ) ;
#5062 = CARTESIAN_POINT ( 'NONE',  ( 4.266669762715000800, -18.88631541941000300, 6.736751137261000700 ) ) ;
#5063 = CIRCLE ( 'NONE', #1429, 1.456101608968020300 ) ;
#5064 = CARTESIAN_POINT ( 'NONE',  ( 2.076790581796208000, -18.13704636942020800, 6.900000000000000400 ) ) ;
#5065 = CARTESIAN_POINT ( 'NONE',  ( 1.276063483941108500, -17.54344090978086300, 8.099592503661622100 ) ) ;
#5066 = CARTESIAN_POINT ( 'NONE',  ( 4.761009362264001500, -17.90751377056999500, 6.895433249022999300 ) ) ;
#5067 = FACE_OUTER_BOUND ( 'NONE', #3122, .T. ) ;
#5068 = CARTESIAN_POINT ( 'NONE',  ( 1.400025875811629300, -16.89084004368524100, 8.125518250274819100 ) ) ;
#5069 = CARTESIAN_POINT ( 'NONE',  ( 2.006102567929406900, -18.38906318412563200, 7.649993395142527900 ) ) ;
#5070 = CARTESIAN_POINT ( 'NONE',  ( 3.821233684096182700, -17.88488714287251800, 7.472690595235870400 ) ) ;
#5072 = CARTESIAN_POINT ( 'NONE',  ( 2.883586288348648700, -18.33654035561573200, 8.896709676525688300 ) ) ;
#5071 = CARTESIAN_POINT ( 'NONE',  ( 2.787802994930736600, -17.18923584538255500, 6.939907272396199600 ) ) ;
#5074 = CARTESIAN_POINT ( 'NONE',  ( 2.841698044906216600, -17.47499993744529300, 9.192194136791613300 ) ) ;
#5073 = CARTESIAN_POINT ( 'NONE',  ( 2.446816425675846700, -18.79518012171807600, 7.414315926545081800 ) ) ;
#5075 = CARTESIAN_POINT ( 'NONE',  ( 3.554781453933519900, -17.36190330883021800, 6.499999993581663900 ) ) ;
#5076 = CARTESIAN_POINT ( 'NONE',  ( 1.872725558331499500, -18.03691753357360000, 7.632647920530451400 ) ) ;
#5077 = CARTESIAN_POINT ( 'NONE',  ( 3.050851590857411200, -16.58838504556676000, 6.894485627802568600 ) ) ;
#5078 = CARTESIAN_POINT ( 'NONE',  ( 3.651396770451416500, -17.60648390916012900, 6.499999995964376600 ) ) ;
#5079 = CARTESIAN_POINT ( 'NONE',  ( 3.422071150343270100, -17.29469198020839500, 7.677432099518406400 ) ) ;
#5080 = CARTESIAN_POINT ( 'NONE',  ( 3.850695580906517100, -18.38368683718135400, 6.109137163900562900 ) ) ;
#5081 = CARTESIAN_POINT ( 'NONE',  ( 2.468355303471982100, -18.46090882832824000, 8.950899224547024200 ) ) ;
#5082 = CARTESIAN_POINT ( 'NONE',  ( 2.547654485822557400, -17.69605750771670200, 9.434651230209695400 ) ) ;
#5083 = CARTESIAN_POINT ( 'NONE',  ( 2.233201646652946500, -16.64954361919300400, 8.954967537846142600 ) ) ;
#5084 = CARTESIAN_POINT ( 'NONE',  ( 1.163819769831608600, -18.06093841112781500, 9.223896121495560200 ) ) ;
#5085 = CARTESIAN_POINT ( 'NONE',  ( 3.127792670411950300, -17.17069581042385100, 7.076953303971032800 ) ) ;
#5086 = CARTESIAN_POINT ( 'NONE',  ( 0.9972380311698638700, -18.63751087016387900, 6.875605298596575200 ) ) ;
#5087 = CARTESIAN_POINT ( 'NONE',  ( 3.540134965732122400, -17.50966703279881600, 8.012256484761664400 ) ) ;
#5088 = CARTESIAN_POINT ( 'NONE',  ( 5.001842958985220900, -17.50199977797787200, 6.499999981109266600 ) ) ;
#5089 = CARTESIAN_POINT ( 'NONE',  ( 1.256834208327737700, -17.14314230762047600, 8.080250078916426700 ) ) ;
#5090 = CARTESIAN_POINT ( 'NONE',  ( 1.187267691838879800, -18.07340589241308800, 8.613821034408683600 ) ) ;
#5091 = CARTESIAN_POINT ( 'NONE',  ( 5.017086254433999100, -17.47743776731000100, 6.871117638200999500 ) ) ;
#5092 = CARTESIAN_POINT ( 'NONE',  ( 0.6812527429010719600, -16.83710021376020500, 9.921420467362974400 ) ) ;
#5093 = CARTESIAN_POINT ( 'NONE',  ( 2.165475544330617300, -17.89056558055305100, 9.545710175719390700 ) ) ;
#5094 = CARTESIAN_POINT ( 'NONE',  ( 2.509181287939226600, -18.79573905994965000, 8.016677155830970800 ) ) ;
#5095 = CARTESIAN_POINT ( 'NONE',  ( 3.421589590045266000, -17.27485011570373200, 7.321177696285738000 ) ) ;
#5097 = CARTESIAN_POINT ( 'NONE',  ( 3.184585798471679200, -17.65731659001847100, 8.846602671681719000 ) ) ;
#5096 = CARTESIAN_POINT ( 'NONE',  ( 2.200979319618763700, -17.64515316815470300, 6.913302465571190300 ) ) ;
#5099 = CARTESIAN_POINT ( 'NONE',  ( 2.724985403039763100, -16.92404491368729000, 8.706326498551954200 ) ) ;
#5098 = CARTESIAN_POINT ( 'NONE',  ( 3.158944648037169200, -18.87527553519029800, 7.613809376980228200 ) ) ;
#5100 = CARTESIAN_POINT ( 'NONE',  ( 3.868895390457767600, -17.83639410470862100, 6.499999994681261700 ) ) ;
#5101 = CARTESIAN_POINT ( 'NONE',  ( 2.143697846448384700, -18.62743853276072400, 7.994296113458765300 ) ) ;
#5102 = CARTESIAN_POINT ( 'NONE',  ( 4.285252194581699000, -18.75436742668591000, 6.899999997794734200 ) ) ;
#5103 = CARTESIAN_POINT ( 'NONE',  ( 3.746169132839560800, -18.35834316053247800, 6.499999994172418900 ) ) ;
#5104 = CARTESIAN_POINT ( 'NONE',  ( 2.748805756319231600, -17.12597407603390200, 7.409807992573251800 ) ) ;
#5105 = CARTESIAN_POINT ( 'NONE',  ( 3.907314201701514600, -18.04119512350893100, 5.318274327801128200 ) ) ;
#5106 = CARTESIAN_POINT ( 'NONE',  ( 2.929806799887520800, -17.89925149743753600, 9.112438464257161600 ) ) ;
#5107 = CARTESIAN_POINT ( 'NONE',  ( 2.660872742951068100, -17.04215501603903600, 9.099009929871334300 ) ) ;
#5108 = CARTESIAN_POINT ( 'NONE',  ( 1.899347017985876200, -16.71683542282100600, 8.292476515416147700 ) ) ;
#5109 = CARTESIAN_POINT ( 'NONE',  ( 1.513382228633027600, -17.66962552464103500, 9.751019323045074600 ) ) ;
#5110 = CARTESIAN_POINT ( 'NONE',  ( 2.415275984576708400, -17.36902251113391300, 6.998435474546489800 ) ) ;
#5111 = CARTESIAN_POINT ( 'NONE',  ( -0.3519089512765464800, -16.17313621401301700, 8.512555368691717900 ) ) ;
#5112 = CARTESIAN_POINT ( 'NONE',  ( 3.018932720214240600, -17.09335470752710500, 7.682987898110433800 ) ) ;
#5113 = CARTESIAN_POINT ( 'NONE',  ( 1.423545149349819000, -17.48746870514235900, 9.831816826053819000 ) ) ;
#5114 = EDGE_CURVE ( 'NONE', #4446, #898, #3908, .T. ) ;
#5115 = CARTESIAN_POINT ( 'NONE',  ( 5.049828095007001100, -17.38730470973000000, 6.488001347711999300 ) ) ;
#5116 = CARTESIAN_POINT ( 'NONE',  ( 1.427427858800702100, -18.11844063084334500, 9.317533651412485800 ) ) ;
#5117 = CARTESIAN_POINT ( 'NONE',  ( 2.950053479738563600, -19.52524476411819500, 6.899999997794734200 ) ) ;
#5118 = CARTESIAN_POINT ( 'NONE',  ( 1.284488366066261800, -17.09113240128493800, 8.080250078916332500 ) ) ;
#5119 = CARTESIAN_POINT ( 'NONE',  ( 2.461052865097710800, -17.21713673893184200, 9.435842670410467600 ) ) ;
#5120 = CARTESIAN_POINT ( 'NONE',  ( 3.171081638156128400, -18.61267552643038000, 8.304474832196111900 ) ) ;
#5121 = CARTESIAN_POINT ( 'NONE',  ( 2.700217364153366000, -17.18983957836790600, 7.160756882913708500 ) ) ;
#5122 = VERTEX_POINT ( 'NONE', #3449 ) ;
#5124 = CARTESIAN_POINT ( 'NONE',  ( 2.998230789188842200, -17.06933206266169700, 8.430926539376244500 ) ) ;
#5123 = CARTESIAN_POINT ( 'NONE',  ( 2.137572321743805800, -18.33220223606166100, 6.890966743381139500 ) ) ;
#5126 = CARTESIAN_POINT ( 'NONE',  ( 2.264336974691187000, -16.86837745549461700, 8.124881020320398100 ) ) ;
#5125 = CARTESIAN_POINT ( 'NONE',  ( 3.708434092209218000, -18.37996720571550900, 7.689441734145257000 ) ) ;
#5127 = CARTESIAN_POINT ( 'NONE',  ( 3.832129752139057400, -18.40863365230362400, 6.500000003865348900 ) ) ;
#5128 = CARTESIAN_POINT ( 'NONE',  ( 2.760540848422550700, -18.71061431627158100, 8.402999347353294000 ) ) ;
#5129 = CARTESIAN_POINT ( 'NONE',  ( 1.331611999267887900, -17.63461217017281200, 9.763236957915722800 ) ) ;
#5130 = CARTESIAN_POINT ( 'NONE',  ( 2.404038283182351200, -17.53374076977828400, 6.798802972662477900 ) ) ;
#5131 = CARTESIAN_POINT ( 'NONE',  ( 2.152358855817092700, -17.55258732614904100, 7.280161101733420500 ) ) ;
#5132 = CARTESIAN_POINT ( 'NONE',  ( 3.792041276238092200, -17.58688546052605500, 4.527411491701691700 ) ) ;
#5133 = CARTESIAN_POINT ( 'NONE',  ( 2.994340776474883700, -17.21946311462233200, 8.817845447847041400 ) ) ;
#5134 = LINE ( 'NONE', #3704, #6608 ) ;
#5135 = CARTESIAN_POINT ( 'NONE',  ( 2.378492424170108000, -16.75282656170185200, 8.474561424278327600 ) ) ;
#5136 = CARTESIAN_POINT ( 'NONE',  ( 1.481472384670245100, -17.26258454469353500, 8.008666755535689000 ) ) ;
#5137 = CARTESIAN_POINT ( 'NONE',  ( 1.857725395161755400, -17.01093201322687100, 9.729075793061209500 ) ) ;
#5138 = CARTESIAN_POINT ( 'NONE',  ( 2.096481988666890000, -17.97966516665662000, 6.958930181585280600 ) ) ;
#5139 = CARTESIAN_POINT ( 'NONE',  ( 3.794652833575488300, -18.49252440650396800, 6.799999999999903000 ) ) ;
#5140 = CARTESIAN_POINT ( 'NONE',  ( 2.342807828067834400, -17.26885491794131200, 7.424556125838035900 ) ) ;
#5141 = CARTESIAN_POINT ( 'NONE',  ( 1.154131145263898000, -17.34421873814820000, 8.101337287200001600 ) ) ;
#5142 = CARTESIAN_POINT ( 'NONE',  ( 5.073313499480001100, -17.16585176690000500, 6.612376248815998300 ) ) ;
#5143 = CARTESIAN_POINT ( 'NONE',  ( 1.831617678244447100, -17.64761821004173800, 9.727466521682236700 ) ) ;
#5144 = CARTESIAN_POINT ( 'NONE',  ( 1.151694378123707000, -17.35152857284093400, 8.108597786024107600 ) ) ;
#5145 = CARTESIAN_POINT ( 'NONE',  ( 1.732379382796576600, -16.45427170199554800, 8.627394406597959500 ) ) ;
#5146 = CARTESIAN_POINT ( 'NONE',  ( 2.396158545026677400, -16.73618933901304800, 8.872153782871580000 ) ) ;
#5147 =( GEOMETRIC_REPRESENTATION_CONTEXT ( 3 ) GLOBAL_UNCERTAINTY_ASSIGNED_CONTEXT ( ( #2342 ) ) GLOBAL_UNIT_ASSIGNED_CONTEXT ( ( #5608, #2290, #6162 ) ) REPRESENTATION_CONTEXT ( 'NONE', 'WORKASPACE' ) );
#5148 = CARTESIAN_POINT ( 'NONE',  ( 3.537253717704818400, -17.96558865395182600, 8.315745789630268400 ) ) ;
#5149 = ORIENTED_EDGE ( 'NONE', *, *, #1830, .F. ) ;
#5150 = CARTESIAN_POINT ( 'NONE',  ( 2.182111069001942300, -17.63512074134248300, 7.062983596176463800 ) ) ;
#5151 = B_SPLINE_CURVE_WITH_KNOTS ( 'NONE', 3,
 ( #4769, #3655, #5327, #2012, #5885, #2566, #6441, #3119, #7000, #3682 ),
 .UNSPECIFIED., .F., .F.,
 ( 4, 1, 1, 1, 1, 1, 1, 4 ),
 ( -0.02193275195902660200, -0.01892113457277045200, -0.01490451839370270800, -0.01105718234775402900, -0.007878662068149093800, -0.005367988838262286600, -0.001854733900450485800, 0.002996907543124708400 ),
 .UNSPECIFIED. ) ;
#5153 = CARTESIAN_POINT ( 'NONE',  ( 2.454240239569578400, -16.96935081253442900, 7.933480345154713100 ) ) ;
#5152 = CARTESIAN_POINT ( 'NONE',  ( 2.626952403673910500, -18.89096012020238600, 6.931417694296658100 ) ) ;
#5154 = CARTESIAN_POINT ( 'NONE',  ( 1.770889496978220300, -17.34975647016289100, 7.843207596702632700 ) ) ;
#5155 = CARTESIAN_POINT ( 'NONE',  ( 3.299647105350106600, -18.22932519208955400, 8.578086952689099900 ) ) ;
#5156 = CARTESIAN_POINT ( 'NONE',  ( 1.021591970667636200, -18.00477378951282900, 9.196386191948818100 ) ) ;
#5157 = CARTESIAN_POINT ( 'NONE',  ( 2.765321133025446800, -17.30519471240281200, 6.799228279422643500 ) ) ;
#5158 = CARTESIAN_POINT ( 'NONE',  ( 2.041062322929729300, -18.23371312049339500, 7.320538196503227900 ) ) ;
#5159 = CARTESIAN_POINT ( 'NONE',  ( 3.002674512628557200, -17.12599374795914600, 6.900000000000000400 ) ) ;
#5160 = CARTESIAN_POINT ( 'NONE',  ( 2.621385113720387400, -16.88197489561814600, 8.269765790576261800 ) ) ;
#5161 = CARTESIAN_POINT ( 'NONE',  ( 1.889810781354144700, -17.02799211568707000, 7.984452921566967700 ) ) ;
#5162 = CARTESIAN_POINT ( 'NONE',  ( 1.305807043022226200, -17.88994479243301700, 8.236328500400452100 ) ) ;
#5163 = CARTESIAN_POINT ( 'NONE',  ( 1.962236501316797900, -16.53149936153383200, 9.168759868125905000 ) ) ;
#5164 = CARTESIAN_POINT ( 'NONE',  ( 2.332313032356025100, -18.68223729965090000, 7.021816381327947300 ) ) ;
#5165 = CARTESIAN_POINT ( 'NONE',  ( 2.136499389038874600, -18.33163174761594000, 5.318274327801128200 ) ) ;
#5166 = CARTESIAN_POINT ( 'NONE',  ( 1.998443700614465500, -17.86590169335347200, 7.368830025071969400 ) ) ;
#5167 = CARTESIAN_POINT ( 'NONE',  ( -0.7238500646873929900, -17.08505567380711900, 9.078071449966140300 ) ) ;
#5168 = CARTESIAN_POINT ( 'NONE',  ( 5.014525062096998600, -16.95022276691999600, 6.736751149921000900 ) ) ;
#5169 = CARTESIAN_POINT ( 'NONE',  ( 2.125352044608237900, -16.98317088016857900, 9.568772021755531700 ) ) ;
#5170 = CARTESIAN_POINT ( 'NONE',  ( 0.9538949193519266100, -17.89825879285302800, 8.573800187219660500 ) ) ;
#5171 = CARTESIAN_POINT ( 'NONE',  ( 2.012206882265328300, -16.77684407711472400, 8.235121783949267600 ) ) ;
#5172 = CARTESIAN_POINT ( 'NONE',  ( 3.362446281301271900, -17.29546334850578000, 8.044997046262123400 ) ) ;
#5173 = CARTESIAN_POINT ( 'NONE',  ( 2.127855616892971200, -18.37420961139561000, 7.124735366003371900 ) ) ;
#5175 = CARTESIAN_POINT ( 'NONE',  ( 1.920418794719816400, -17.42926260808234000, 7.692499242303775900 ) ) ;
#5174 = CARTESIAN_POINT ( 'NONE',  ( 3.370829453865622500, -18.88894407073333800, 6.969622467788827400 ) ) ;
#5176 = CARTESIAN_POINT ( 'NONE',  ( 1.612135837110539200, -18.00564886249197000, 7.994340127286847100 ) ) ;
#5177 = CARTESIAN_POINT ( 'NONE',  ( 1.448318949185092100, -19.52197604432016600, 6.849127384410598700 ) ) ;
#5178 = CARTESIAN_POINT ( 'NONE',  ( 3.397189479470187100, -17.51325238673760900, 8.402999347351132200 ) ) ;
#5179 = CARTESIAN_POINT ( 'NONE',  ( 0.9668448747065870900, -17.83648006670905100, 8.474160171090217000 ) ) ;
#5180 = CARTESIAN_POINT ( 'NONE',  ( 2.460329431811935800, -18.80236511453050600, 7.552444315318029800 ) ) ;
#5181 = CARTESIAN_POINT ( 'NONE',  ( 2.304353871214426300, -17.45306647367504700, 6.109137163900562900 ) ) ;
#5182 = CARTESIAN_POINT ( 'NONE',  ( 2.061613948197723800, -17.11934147988766600, 7.839596612836977000 ) ) ;
#5183 = CARTESIAN_POINT ( 'NONE',  ( 1.574701992127697900, -17.64059423036098600, 7.925008211325002000 ) ) ;
#5184 = CARTESIAN_POINT ( 'NONE',  ( 1.425319025780266400, -18.25204031977154500, 8.875032839017297400 ) ) ;
#5185 = CARTESIAN_POINT ( 'NONE',  ( 3.279942135418108900, -17.76713806789223300, 8.734115562440296200 ) ) ;
#5186 = CARTESIAN_POINT ( 'NONE',  ( 1.755144149896787200, -16.56057058058621900, 8.454859905058629700 ) ) ;
#5187 = CARTESIAN_POINT ( 'NONE',  ( 3.016719262119780300, -18.96348185965329600, 7.107875029473143000 ) ) ;
#5188 = EDGE_CURVE ( 'NONE', #876, #2694, #6339, .T. ) ;
#5189 = CARTESIAN_POINT ( 'NONE',  ( 2.575467856827576600, -18.86358530105107100, 4.527411491701691700 ) ) ;
#5190 = CARTESIAN_POINT ( 'NONE',  ( 2.152034030719344000, -18.56085095648112200, 7.584204069546177400 ) ) ;
#5191 = CARTESIAN_POINT ( 'NONE',  ( 3.679204633213464200, -18.49297984560846000, 6.800544592129363700 ) ) ;
#5192 = CARTESIAN_POINT ( 'NONE',  ( 4.880933314110000000, -16.77004102624000100, 6.861126051024999800 ) ) ;
#5193 = CARTESIAN_POINT ( 'NONE',  ( 2.107678421518273600, -16.57623115502741500, 8.945149990294263300 ) ) ;
#5194 = CARTESIAN_POINT ( 'NONE',  ( 1.057269066715024200, -17.97875409966252000, 9.305759706657156000 ) ) ;
#5195 = CARTESIAN_POINT ( 'NONE',  ( 1.572870784966508900, -17.31118193617006900, 7.962218616164240500 ) ) ;
#5196 = CARTESIAN_POINT ( 'NONE',  ( 2.761549774966598900, -17.05862169608672500, 7.674482196630982900 ) ) ;
#5197 = CARTESIAN_POINT ( 'NONE',  ( 2.642789427472776800, -18.89281023365638400, 7.268881195047334200 ) ) ;
#5199 = CARTESIAN_POINT ( 'NONE',  ( 1.782586899281755500, -18.09627929988574400, 7.812205959295489800 ) ) ;
#5198 = CARTESIAN_POINT ( 'NONE',  ( 3.858357331631382600, -18.32753857866742900, 6.979344522362934500 ) ) ;
#5200 = CARTESIAN_POINT ( 'NONE',  ( 1.840310962251527900, -18.47269544645811100, 8.526433228857435200 ) ) ;
#5201 = CARTESIAN_POINT ( 'NONE',  ( 0.9276797558170222200, -18.82438097478334500, 6.849127384410598700 ) ) ;
#5202 = CARTESIAN_POINT ( 'NONE',  ( 2.983299400554055400, -17.04837766961332700, 7.994296113455915200 ) ) ;
#5203 = CARTESIAN_POINT ( 'NONE',  ( 1.202416072426614400, -17.24763378753571500, 8.085963420504850100 ) ) ;
#5204 = CARTESIAN_POINT ( 'NONE',  ( 4.313221298442189600, -18.76926033542087400, 6.889247048010001400 ) ) ;
#5205 = CARTESIAN_POINT ( 'NONE',  ( 1.737265210643088400, -17.72703062688740200, 7.779427097366882600 ) ) ;
#5206 = CARTESIAN_POINT ( 'NONE',  ( 1.567852539615405900, -18.25023614785671800, 8.350965980534523300 ) ) ;
#5207 = CARTESIAN_POINT ( 'NONE',  ( 1.819866168234760800, -18.06428226359556900, 9.478270934380136100 ) ) ;
#5208 = CARTESIAN_POINT ( 'NONE',  ( 3.112391081160186300, -17.14304739950861700, 8.364130001510488900 ) ) ;
#5209 = CARTESIAN_POINT ( 'NONE',  ( 1.378834153362335200, -17.07458471303037200, 8.071138413585673600 ) ) ;
#5210 = CARTESIAN_POINT ( 'NONE',  ( 3.679695209921153100, -18.63025846408368800, 7.158006670988034300 ) ) ;
#5211 = CARTESIAN_POINT ( 'NONE',  ( 3.508967831296319100, -18.85429575694676200, 6.900000000000000400 ) ) ;
#5212 = B_SPLINE_CURVE_WITH_KNOTS ( 'NONE', 3,
 ( #6771, #3448, #150, #4008, #703, #4570, #1252, #5129, #1811, #5682, #2363, #6232, #2914, #6798, #3474, #173, #4032, #727, #4594, #1277, #5156, #1838, #5705, #2389, #6256, #2938, #6822, #3499, #198, #4056, #752, #4618, #1300, #5179, #1862, #5731, #2416, #6282, #2964, #6845, #3524, #222, #4081, #775, #4642, #1324, #5203, #1886, #5756 ),
 .UNSPECIFIED., .F., .F.,
 ( 4, 3, 3, 3, 3, 3, 3, 3, 3, 3, 3, 3, 3, 3, 3, 3, 4 ),
 ( 0.0000000000000000000, 0.06250000000000000000, 0.1250000000000000000, 0.1875000000000000000, 0.2500000000000000000, 0.3125000000000000000, 0.3750000000000000000, 0.4375000000000000000, 0.5000000000000000000, 0.5625000000000000000, 0.6250000000000000000, 0.6874999999999998900, 0.7500000000000000000, 0.8125000000000001100, 0.8750000000000000000, 0.9374999999999998900, 1.000000000000000000 ),
 .UNSPECIFIED. ) ;
#5213 = CARTESIAN_POINT ( 'NONE',  ( 2.757382967702646200, -18.85719039805414000, 7.898315589102447900 ) ) ;
#5214 = CARTESIAN_POINT ( 'NONE',  ( 3.431731520810919800, -18.74368882753661900, 6.800417774738615000 ) ) ;
#5215 = CARTESIAN_POINT ( 'NONE',  ( 4.616145511921999400, -16.63614444147000200, 6.488001347711999300 ) ) ;
#5216 = CARTESIAN_POINT ( 'NONE',  ( 1.790733898222229400, -16.70625864158857600, 8.284863280598742100 ) ) ;
#5217 = CARTESIAN_POINT ( 'NONE',  ( 1.389622573699971400, -17.54218575797283100, 9.807635862980296400 ) ) ;
#5218 = CARTESIAN_POINT ( 'NONE',  ( 1.414256464684165500, -17.94760837278919400, 8.176862393033221800 ) ) ;
#5219 = CARTESIAN_POINT ( 'NONE',  ( 2.147220646610563200, -17.41771106437612800, 7.458646623818256500 ) ) ;
#5220 = CARTESIAN_POINT ( 'NONE',  ( 3.373289614033885700, -18.83478159480573700, 7.396431148823428000 ) ) ;
#5222 = CARTESIAN_POINT ( 'NONE',  ( 2.086700052681567600, -18.60370284969915000, 8.263156066392204100 ) ) ;
#5221 = CARTESIAN_POINT ( 'NONE',  ( 3.761948009919512200, -17.59054287303168400, 6.954230925237713000 ) ) ;
#5223 = CARTESIAN_POINT ( 'NONE',  ( 2.355104039221314900, -18.40069206297818700, 9.058526330427053400 ) ) ;
#5224 = CARTESIAN_POINT ( 'NONE',  ( 1.508299203971349200, -19.48691806232268000, 6.899174399752805400 ) ) ;
#5225 = CARTESIAN_POINT ( 'NONE',  ( 2.342209524292172300, -17.15394661373843000, 7.632647920528858000 ) ) ;
#5226 = CARTESIAN_POINT ( 'NONE',  ( 1.841909499363093800, -16.45917048279709900, 9.188903431762799600 ) ) ;
#5227 = FACE_OUTER_BOUND ( 'NONE', #964, .T. ) ;
#5228 = CARTESIAN_POINT ( 'NONE',  ( 0.3259663617465823300, -16.83284460725589000, 9.977080168759743000 ) ) ;
#5229 = CARTESIAN_POINT ( 'NONE',  ( 1.791966478576270600, -18.36939964296975700, 8.150264018642843700 ) ) ;
#5230 = CARTESIAN_POINT ( 'NONE',  ( 1.939208638518351300, -18.42215939048022100, 8.972202594631248500 ) ) ;
#5231 = CARTESIAN_POINT ( 'NONE',  ( 2.218499279265697700, -17.45561058563100000, 9.631778288273302700 ) ) ;
#5232 = CARTESIAN_POINT ( 'NONE',  ( 2.558663630454789800, -16.98780946692502200, 7.892730445423466400 ) ) ;
#5233 = CARTESIAN_POINT ( 'NONE',  ( 1.139000948093868500, -17.70225980435747800, 8.233823326631684500 ) ) ;
#5234 = CARTESIAN_POINT ( 'NONE',  ( 3.873247477688504000, -17.91254336750273900, 7.138599552510258100 ) ) ;
#5235 = CARTESIAN_POINT ( 'NONE',  ( 3.405616735838148400, -18.54996034867422900, 8.097951537893878900 ) ) ;
#5236 = CARTESIAN_POINT ( 'NONE',  ( 3.100565503918346200, -18.86381065051302000, 6.800293890574203600 ) ) ;
#5237 = CARTESIAN_POINT ( 'NONE',  ( 4.468506650318000000, -16.61805006223000400, 6.612376248815998300 ) ) ;
#5238 = CARTESIAN_POINT ( 'NONE',  ( 1.450096916646178300, -17.24590191242226900, 8.021600407022241100 ) ) ;
#5239 = CARTESIAN_POINT ( 'NONE',  ( 1.726324712528782400, -16.88194541679363800, 9.735759614951589900 ) ) ;
#5240 = ORIENTED_EDGE ( 'NONE', *, *, #62, .F. ) ;
#5241 = CARTESIAN_POINT ( 'NONE',  ( 1.581993568726497900, -18.33534565195773100, 8.789123434893454600 ) ) ;
#5242 = CARTESIAN_POINT ( 'NONE',  ( 1.951448093306670000, -18.07877504790459300, 7.489268515401348300 ) ) ;
#5243 = CARTESIAN_POINT ( 'NONE',  ( 3.823895731910687000, -18.24378302678691500, 7.421291662366827200 ) ) ;
#5245 = CARTESIAN_POINT ( 'NONE',  ( 2.677431157910178600, -18.57207643206649500, 8.714106173487943300 ) ) ;
#5244 = CARTESIAN_POINT ( 'NONE',  ( 3.142753006216696800, -17.17865036207238200, 6.911119585707727000 ) ) ;
#5246 = CARTESIAN_POINT ( 'NONE',  ( 1.262739403472285600, -19.45889453936633700, 6.500000068027528500 ) ) ;
#5247 = CARTESIAN_POINT ( 'NONE',  ( 1.947247300514477700, -17.70909957078633900, 7.524179683012848200 ) ) ;
#5248 = CARTESIAN_POINT ( 'NONE',  ( -0.02141475728048586300, -15.64424166166747700, 8.759302070921480200 ) ) ;
#5249 = CARTESIAN_POINT ( 'NONE',  ( -0.6340869721120889800, -17.04963121184207600, 9.438996110239648000 ) ) ;
#5250 = CARTESIAN_POINT ( 'NONE',  ( 2.253091009771930800, -18.58905360770906200, 8.691109825453663600 ) ) ;
#5251 = CARTESIAN_POINT ( 'NONE',  ( 2.438726491023726100, -18.03585568612099300, 9.367034217026535700 ) ) ;
#5252 = CARTESIAN_POINT ( 'NONE',  ( 2.351719131197195900, -16.84071087740712300, 9.235244632606365300 ) ) ;
#5253 = CARTESIAN_POINT ( 'NONE',  ( 1.996037141167639200, -17.40275736289792600, 7.639353011470387100 ) ) ;
#5254 = CARTESIAN_POINT ( 'NONE',  ( 1.124281771198489400, -18.09197597222843600, 8.868139090092194400 ) ) ;
#5255 = CARTESIAN_POINT ( 'NONE',  ( 3.461888100700198000, -17.29627721390140800, 7.062335367834942100 ) ) ;
#5256 = CARTESIAN_POINT ( 'NONE',  ( 0.2047076979127476200, -16.46909453620761400, 8.401397544651757700 ) ) ;
#5257 = CARTESIAN_POINT ( 'NONE',  ( 3.651570749620716100, -17.85014632669892600, 8.046014993846698700 ) ) ;
#5258 = CARTESIAN_POINT ( 'NONE',  ( 2.749906747272622600, -18.83006720037006700, 6.800187690472479400 ) ) ;
#5259 = CARTESIAN_POINT ( 'NONE',  ( 1.979152872802000000, -19.50291680595000100, 6.899230593224002600 ) ) ;
#5260 = CARTESIAN_POINT ( 'NONE',  ( 1.223955574685264200, -17.89359743367089100, 8.308447146705930200 ) ) ;
#5261 = CARTESIAN_POINT ( 'NONE',  ( 1.836150460010303800, -16.45144299128594100, 9.139490872119397500 ) ) ;
#5262 = CARTESIAN_POINT ( 'NONE',  ( 2.022087967639627500, -18.17180550162723700, 9.367386588008146800 ) ) ;
#5263 = CARTESIAN_POINT ( 'NONE',  ( 2.256612339169987300, -18.68747623351263000, 7.788642004352852600 ) ) ;
#5264 = CARTESIAN_POINT ( 'NONE',  ( 3.685478833860000000, -17.51828339877221200, 7.325731738229676700 ) ) ;
#5266 = CARTESIAN_POINT ( 'NONE',  ( 3.154584903032898500, -18.01876813491174900, 8.857861516583847500 ) ) ;
#5265 = CARTESIAN_POINT ( 'NONE',  ( 2.425994980494881000, -17.37472190236178100, 6.879616554145267000 ) ) ;
#5267 = CARTESIAN_POINT ( 'NONE',  ( 0.9374940639494461200, -19.03059559133618400, 6.500000067823625800 ) ) ;
#5268 = CARTESIAN_POINT ( 'NONE',  ( 1.981571000650730600, -18.41308376585927700, 7.761490148217206700 ) ) ;
#5269 = CARTESIAN_POINT ( 'NONE',  ( 3.850695580906517100, -18.38368683718135400, 6.900000000000000400 ) ) ;
#5270 = CARTESIAN_POINT ( 'NONE',  ( 3.772176497171380500, -17.80698419869846900, 7.625760038788119000 ) ) ;
#5271 = CARTESIAN_POINT ( 'NONE',  ( 1.224653967602835200, -17.24065395263213700, 8.178734600216067500 ) ) ;
#5272 = CARTESIAN_POINT ( 'NONE',  ( 2.809661867457351000, -18.23308552430888000, 9.034848463072796300 ) ) ;
#5273 = CARTESIAN_POINT ( 'NONE',  ( 2.723369882892706900, -17.35661317137950700, 9.264316294369724100 ) ) ;
#5274 = CARTESIAN_POINT ( 'NONE',  ( 2.126717807592072500, -16.63841486405893000, 8.554533821651869400 ) ) ;
#5275 = CARTESIAN_POINT ( 'NONE',  ( 1.828302455612640400, -18.06876791716578300, 7.721078499896124800 ) ) ;
#5276 = CARTESIAN_POINT ( 'NONE',  ( 2.728111813961110200, -17.20467132042206200, 6.981587374618079900 ) ) ;
#5277 = CARTESIAN_POINT ( 'NONE',  ( 0.07179895078011377900, -15.60113118513833900, 9.117041440831632900 ) ) ;
#5278 = CARTESIAN_POINT ( 'NONE',  ( 3.332077887135133300, -17.23382648049008000, 7.779548101256933600 ) ) ;
#5279 = CARTESIAN_POINT ( 'NONE',  ( 2.212839863840478500, -17.92555329636408600, 6.798792731830988400 ) ) ;
#5280 = CARTESIAN_POINT ( 'NONE',  ( 2.477840357747999700, -19.54885512801000800, 6.880997255274000000 ) ) ;
#5281 = CARTESIAN_POINT ( 'NONE',  ( 1.337659847010668900, -18.19886052617899400, 8.978027325810964900 ) ) ;
#5282 = CARTESIAN_POINT ( 'NONE',  ( 1.646604100961340100, -16.53992306028351300, 8.425926647947505900 ) ) ;
#5283 = CARTESIAN_POINT ( 'NONE',  ( 2.432311591388265800, -17.56929660859248800, 9.514538512216674300 ) ) ;
#5284 = CARTESIAN_POINT ( 'NONE',  ( 2.912096108545852800, -18.79119767749780200, 8.126967801271616700 ) ) ;
#5285 = CARTESIAN_POINT ( 'NONE',  ( 3.053094598984862400, -17.15650843898655600, 7.175375686823591600 ) ) ;
#5287 = CARTESIAN_POINT ( 'NONE',  ( 3.190483281116005500, -17.32375393429045500, 8.595700321423223000 ) ) ;
#5286 = CARTESIAN_POINT ( 'NONE',  ( 2.104143421468854100, -17.98373882273769200, 6.839808296304998900 ) ) ;
#5288 = CARTESIAN_POINT ( 'NONE',  ( 1.684003466765237700, -16.98019801629244800, 9.785436410446912700 ) ) ;
#5289 = CARTESIAN_POINT ( 'NONE',  ( 3.704200557512233000, -18.44843245121100500, 6.700042148769036000 ) ) ;
#5290 = CARTESIAN_POINT ( 'NONE',  ( 2.494186516818329000, -18.76830695807361900, 8.168869942866177100 ) ) ;
#5291 = CARTESIAN_POINT ( 'NONE',  ( 3.002674512628557200, -17.12599374795914600, 6.900000000000000400 ) ) ;
#5292 = ORIENTED_EDGE ( 'NONE', *, *, #4607, .F. ) ;
#5293 = CARTESIAN_POINT ( 'NONE',  ( 3.341711381339103500, -17.23237811875010900, 7.431216714553043400 ) ) ;
#5294 = CARTESIAN_POINT ( 'NONE',  ( 3.079462562234873200, -17.54595100753252600, 8.945422700822570400 ) ) ;
#5296 = CARTESIAN_POINT ( 'NONE',  ( 2.602377682017559000, -16.84583799914078400, 8.737309228996927900 ) ) ;
#5295 = CARTESIAN_POINT ( 'NONE',  ( 3.166214492522941600, -18.83196714112155900, 7.784350434131859200 ) ) ;
#5297 = CARTESIAN_POINT ( 'NONE',  ( 1.698011512147764400, -16.98764622614462300, 8.057113551329168300 ) ) ;
#5298 = CARTESIAN_POINT ( 'NONE',  ( 2.118526575338614200, -18.62062531197318500, 8.128558697084457700 ) ) ;
#5299 = CARTESIAN_POINT ( 'NONE',  ( 2.200979319618763700, -17.64515316815470300, 6.913302465571190300 ) ) ;
#5300 = CARTESIAN_POINT ( 'NONE',  ( 1.594023427821224900, -17.13777548258123700, 9.754417224323711700 ) ) ;
#5301 = EDGE_CURVE ( 'NONE', #4185, #733, #4, .T. ) ;
#5302 = CARTESIAN_POINT ( 'NONE',  ( 2.660401165422490200, -17.12149509102090400, 7.478410468450482200 ) ) ;
#5303 = PLANE ( 'NONE',  #1059 ) ;
#5304 = CARTESIAN_POINT ( 'NONE',  ( 2.828876776394205100, -17.78015405772993400, 9.219130623680687400 ) ) ;
#5305 = FACE_OUTER_BOUND ( 'NONE', #1169, .T. ) ;
#5306 = CARTESIAN_POINT ( 'NONE',  ( 2.977162861633300100, -19.57629150075670000, 6.852446001640701400 ) ) ;
#5307 = CARTESIAN_POINT ( 'NONE',  ( 1.713125070730654700, -17.95205644901469100, 9.570517038910313800 ) ) ;
#5308 = CARTESIAN_POINT ( 'NONE',  ( 1.284488366066261800, -17.09113240128493800, 8.080250078916332500 ) ) ;
#5309 = CARTESIAN_POINT ( 'NONE',  ( 2.535591324736539100, -16.93847745693277000, 9.134421931707665400 ) ) ;
#5310 = CARTESIAN_POINT ( 'NONE',  ( 2.358019462829474800, -17.40021426937737200, 7.072282393881537600 ) ) ;
#5312 = CARTESIAN_POINT ( 'NONE',  ( 2.764252122542711900, -16.95793863168277600, 8.107958895152462400 ) ) ;
#5311 = CARTESIAN_POINT ( 'NONE',  ( 2.343005974898205900, -18.68792283805310800, 6.855559819697376200 ) ) ;
#5313 = PLANE ( 'NONE',  #3556 ) ;
#5314 = CARTESIAN_POINT ( 'NONE',  ( 3.377029296417260400, -18.78581123079812400, 6.800564095782022800 ) ) ;
#5315 = CARTESIAN_POINT ( 'NONE',  ( 3.133063015395922700, -18.53082507524882400, 8.466557249012982600 ) ) ;
#5316 = ORIENTED_EDGE ( 'NONE', *, *, #5301, .F. ) ;
#5317 = CARTESIAN_POINT ( 'NONE',  ( 2.139443339644679000, -17.76321799240701800, 6.500000026296189200 ) ) ;
#5318 = CARTESIAN_POINT ( 'NONE',  ( 2.624628313678026600, -17.19682200624781000, 7.236673390318940400 ) ) ;
#5319 = CARTESIAN_POINT ( 'NONE',  ( 2.882318059656730800, -16.99468493823533400, 8.486612716029519300 ) ) ;
#5321 = CARTESIAN_POINT ( 'NONE',  ( 2.155029088903305000, -16.85278399143525300, 8.141731825003105900 ) ) ;
#5320 = CARTESIAN_POINT ( 'NONE',  ( 3.680077390429653800, -18.29817744673055600, 7.858278221599548800 ) ) ;
#5322 = CARTESIAN_POINT ( 'NONE',  ( 1.406480817457147700, -17.61278503606380900, 8.040289838342850700 ) ) ;
#5323 = CARTESIAN_POINT ( 'NONE',  ( 2.724045686399399400, -18.64403565546527000, 8.559995922028068800 ) ) ;
#5324 = CARTESIAN_POINT ( 'NONE',  ( 2.151154363883100100, -18.38659777491652700, 6.939907272398361500 ) ) ;
#5325 = CARTESIAN_POINT ( 'NONE',  ( 0.9976728583706002700, -18.63826672824000500, 6.488001347711999300 ) ) ;
#5326 = CARTESIAN_POINT ( 'NONE',  ( 2.097804258349519600, -17.59029401496463400, 7.349403740262761000 ) ) ;
#5327 = CARTESIAN_POINT ( 'NONE',  ( -0.5507896933203215700, -16.56400439266278100, 8.557359755342032400 ) ) ;
#5328 = CARTESIAN_POINT ( 'NONE',  ( 2.876625523022455800, -17.11980855668154100, 8.880379982884806000 ) ) ;
#5329 = CARTESIAN_POINT ( 'NONE',  ( 3.789501412079709000, -18.49872224093642400, 6.500000006007787200 ) ) ;
#5330 = CARTESIAN_POINT ( 'NONE',  ( 2.094532014157280300, -17.32426402727723800, 9.685998057140826800 ) ) ;
#5331 = CARTESIAN_POINT ( 'NONE',  ( 1.050144742020234100, -17.70683289672120300, 8.291142285846426300 ) ) ;
#5332 = CARTESIAN_POINT ( 'NONE',  ( 2.259193197582351200, -16.70885327838015400, 8.481893547098495700 ) ) ;
#5333 = CARTESIAN_POINT ( 'NONE',  ( 2.079838149969144700, -18.03245107152261500, 7.041553355821814200 ) ) ;
#5335 = CARTESIAN_POINT ( 'NONE',  ( 2.162666823023189400, -17.17307224652924800, 7.725147153273550900 ) ) ;
#5334 = CARTESIAN_POINT ( 'NONE',  ( 3.031560771933528900, -18.97137323040180200, 6.877115499876245200 ) ) ;
#5336 = CARTESIAN_POINT ( 'NONE',  ( 3.051452301438996300, -16.57088270657253700, 6.499999976862758500 ) ) ;
#5337 = CARTESIAN_POINT ( 'NONE',  ( 1.709305212706639000, -17.51715152422717400, 9.788766263012076900 ) ) ;
#5338 = CARTESIAN_POINT ( 'NONE',  ( 2.668551681929202300, -18.80721505588359200, 6.498698696350570200 ) ) ;
#5339 = CARTESIAN_POINT ( 'NONE',  ( 3.465362372645211400, -17.86572775684761200, 8.454164870325559600 ) ) ;
#5340 = CARTESIAN_POINT ( 'NONE',  ( 3.729186310179197300, -18.61323117201979100, 6.700000003011755500 ) ) ;
#5341 = ADVANCED_FACE ( 'NONE', ( #808 ), #4117, .T. ) ;
#5342 = CARTESIAN_POINT ( 'NONE',  ( 2.138581586134538500, -17.67868958757614500, 7.136464758632930800 ) ) ;
#5343 = CARTESIAN_POINT ( 'NONE',  ( 2.348908779434950100, -16.95587165149918000, 7.968105702321609300 ) ) ;
#5345 = CARTESIAN_POINT ( 'NONE',  ( 1.688533880052032400, -17.37268109472253000, 7.886587718449551900 ) ) ;
#5344 = CARTESIAN_POINT ( 'NONE',  ( 3.649030671657111000, -17.56756790670727500, 7.723458904967989400 ) ) ;
#5346 = CARTESIAN_POINT ( 'NONE',  ( 1.369289134803681100, -18.17018841040255900, 8.531053227231780100 ) ) ;
#5347 = EDGE_CURVE ( 'NONE', #1946, #479, #1283, .T. ) ;
#5348 = CARTESIAN_POINT ( 'NONE',  ( 3.233117270408909100, -18.12723676853424900, 8.723563268325751400 ) ) ;
#5349 = CARTESIAN_POINT ( 'NONE',  ( 2.676430186920304900, -18.91069734274342900, 7.002010301142799900 ) ) ;
#5350 = CARTESIAN_POINT ( 'NONE',  ( 0.9317712369064001800, -18.82503293010999500, 6.612376248815998300 ) ) ;
#5351 = CARTESIAN_POINT ( 'NONE',  ( 2.026948214633027300, -18.27338235494059000, 7.419585607114714600 ) ) ;
#5352 = CARTESIAN_POINT ( 'NONE',  ( 4.520128265754900500, -16.66572478944169700, 6.899997398026101800 ) ) ;
#5353 = CARTESIAN_POINT ( 'NONE',  ( 2.504899943927778100, -16.83949787283562200, 8.298862575441559000 ) ) ;
#5354 = CARTESIAN_POINT ( 'NONE',  ( 2.222105915085625000, -16.74019421581594700, 9.242107092393309700 ) ) ;
#5355 = CARTESIAN_POINT ( 'NONE',  ( 1.027945976165420600, -18.04075332140242700, 8.955464371014295800 ) ) ;
#5356 = CARTESIAN_POINT ( 'NONE',  ( 1.792929379172753000, -17.03811495127525100, 8.005067205806261300 ) ) ;
#5357 = CARTESIAN_POINT ( 'NONE',  ( 2.358569209778037300, -18.71565719747053400, 7.141504439898181300 ) ) ;
#5359 = CARTESIAN_POINT ( 'NONE',  ( 1.831752233892765600, -17.77727026831923900, 7.665170593026482800 ) ) ;
#5358 = CARTESIAN_POINT ( 'NONE',  ( 3.696953379672570400, -18.63943479571424400, 6.889672304503895000 ) ) ;
#5360 = CARTESIAN_POINT ( 'NONE',  ( 3.371443300257189500, -17.36145529867374600, 6.800051196285745700 ) ) ;
#5361 = CARTESIAN_POINT ( 'NONE',  ( 1.767167140633338700, -17.21479706484313300, 6.500000025199602400 ) ) ;
#5362 = CARTESIAN_POINT ( 'NONE',  ( 1.994432798216819100, -16.86174110688102000, 9.579981018662122600 ) ) ;
#5363 = CARTESIAN_POINT ( 'NONE',  ( 2.310359693296056600, -18.49456831619017200, 6.598410261541277900 ) ) ;
#5364 = CARTESIAN_POINT ( 'NONE',  ( 3.262341457221685600, -17.22277742874236800, 8.137732321359395700 ) ) ;
#5365 = CARTESIAN_POINT ( 'NONE',  ( 2.756875888330844400, -18.96843515213940600, 6.800000000000020300 ) ) ;
#5366 = CARTESIAN_POINT ( 'NONE',  ( 2.129645722766245500, -18.41768799734116500, 7.227312621313498800 ) ) ;
#5367 = CARTESIAN_POINT ( 'NONE',  ( 1.845545353330520200, -17.45616557594428600, 7.745978388781761500 ) ) ;
#5369 = CARTESIAN_POINT ( 'NONE',  ( 1.550613749490023600, -18.02011082719662500, 8.080829328631718800 ) ) ;
#5368 = CARTESIAN_POINT ( 'NONE',  ( 3.098250580499364300, -17.13552876194042800, 7.472632440196094600 ) ) ;
#5370 = CARTESIAN_POINT ( 'NONE',  ( 1.680068609596684100, -18.25277210086424200, 9.202654214098316700 ) ) ;
#5371 = CARTESIAN_POINT ( 'NONE',  ( 3.298206000732677900, -17.41809536774461300, 8.505760565248415600 ) ) ;
#5372 = CARTESIAN_POINT ( 'NONE',  ( 4.593785223293505000, -16.63025364046610500, 6.499999963082488300 ) ) ;
#5373 = CARTESIAN_POINT ( 'NONE',  ( 3.416081683787453000, -18.85753454189470800, 7.056963250514758800 ) ) ;
#5374 = CARTESIAN_POINT ( 'NONE',  ( 0.9358628401528998900, -19.04849479528000000, 6.736751149921000900 ) ) ;
#5375 = CARTESIAN_POINT ( 'NONE',  ( 2.467136139513057500, -18.80598430521350700, 7.695101977707461000 ) ) ;
#5376 = CARTESIAN_POINT ( 'NONE',  ( 3.021101587970300700, -16.61427559809000700, 6.899997398026101800 ) ) ;
#5377 = CARTESIAN_POINT ( 'NONE',  ( 1.968976872057803100, -17.13172106366312900, 7.873926550696943100 ) ) ;
#5378 = VERTEX_POINT ( 'NONE', #5088 ) ;
#5379 = CARTESIAN_POINT ( 'NONE',  ( 2.008237356173256900, -16.60094798823957200, 8.543679447986912500 ) ) ;
#5380 = CARTESIAN_POINT ( 'NONE',  ( 1.499982813519087100, -17.66250092924937200, 7.985163057654695300 ) ) ;
#5381 = CARTESIAN_POINT ( 'NONE',  ( 3.053951391902945300, -18.94621428679021900, 7.268852373545360700 ) ) ;
#5383 = CARTESIAN_POINT ( 'NONE',  ( 1.922228779941614500, -18.43866133719614800, 7.992746989431206700 ) ) ;
#5382 = CARTESIAN_POINT ( 'NONE',  ( 3.889570102456556100, -17.92122226104187300, 6.884811274866632600 ) ) ;
#5384 = CARTESIAN_POINT ( 'NONE',  ( 3.736111408146507000, -18.38961924961862200, 6.800577174803519800 ) ) ;
#5385 = DIRECTION ( 'NONE',  ( -0.8695336349508443500, 0.4623392348504673000, 0.1736481776669606400 ) ) ;
#5386 = CARTESIAN_POINT ( 'NONE',  ( 1.982791738508930200, -16.50982772778225200, 8.925036817835259500 ) ) ;
#5387 = CARTESIAN_POINT ( 'NONE',  ( 2.204413680392236500, -17.91793552177889000, 6.698284432946198100 ) ) ;
#5388 = CARTESIAN_POINT ( 'NONE',  ( 2.663421765051635400, -17.04351035513389000, 7.734564795742435300 ) ) ;
#5389 = CARTESIAN_POINT ( 'NONE',  ( 5.007222042533561200, -17.50486401710479700, 6.849127380969428600 ) ) ;
#5390 = CARTESIAN_POINT ( 'NONE',  ( 2.669152309726313000, -18.89381239391194000, 7.414845680994676300 ) ) ;
#5391 = FACE_OUTER_BOUND ( 'NONE', #4600, .T. ) ;
#5392 = CARTESIAN_POINT ( 'NONE',  ( 1.734963112619045900, -18.11813112229374300, 7.905634918611821300 ) ) ;
#5394 = CARTESIAN_POINT ( 'NONE',  ( 1.778986000285444300, -18.44008838578413300, 8.650386535772565100 ) ) ;
#5393 = CARTESIAN_POINT ( 'NONE',  ( 2.398911038129329500, -17.29868552387786100, 7.275767235157841700 ) ) ;
#5395 = ORIENTED_EDGE ( 'NONE', *, *, #7041, .T. ) ;
#5396 = CARTESIAN_POINT ( 'NONE',  ( 2.125396210083802600, -17.80382302624112600, 9.593881134818255800 ) ) ;
#5397 = CARTESIAN_POINT ( 'NONE',  ( 2.874613191372014300, -17.00360341998361900, 8.056160474393433200 ) ) ;
#5398 = CARTESIAN_POINT ( 'NONE',  ( 5.017486410616311500, -16.96445077853779200, 6.499999960028817200 ) ) ;
#5399 = CARTESIAN_POINT ( 'NONE',  ( 3.868471465766651500, -18.26748436490207400, 7.067674023052029900 ) ) ;
#5400 = CARTESIAN_POINT ( 'NONE',  ( 1.021168011788999900, -19.25594416861000400, 6.861126051024999800 ) ) ;
#5401 = CARTESIAN_POINT ( 'NONE',  ( 3.164552595449241500, -18.77926471957772100, 7.955319359347963200 ) ) ;
#5402 = VERTEX_POINT ( 'NONE', #6644 ) ;
#5403 = CARTESIAN_POINT ( 'NONE',  ( 4.521232676563999900, -16.63354661088000000, 6.889247048010001400 ) ) ;
#5404 = CARTESIAN_POINT ( 'NONE',  ( 1.672516111670979000, -17.75423851115293800, 7.848338271070240100 ) ) ;
#5405 = CARTESIAN_POINT ( 'NONE',  ( 1.600122131373300700, -16.99723311000797900, 8.064794793390369400 ) ) ;
#5406 = CARTESIAN_POINT ( 'NONE',  ( 1.499788415723193500, -18.23957610889286600, 8.454113637252906000 ) ) ;
#5407 = CARTESIAN_POINT ( 'NONE',  ( 3.692717351181215700, -18.57175046513376400, 7.337301934495908300 ) ) ;
#5409 = CARTESIAN_POINT ( 'NONE',  ( 2.435529639993151200, -18.68605794809779400, 8.470499635516295800 ) ) ;
#5408 = CARTESIAN_POINT ( 'NONE',  ( 3.474534312843219100, -17.30300132417302400, 6.865708878890897500 ) ) ;
#5410 = ORIENTED_EDGE ( 'NONE', *, *, #4065, .F. ) ;
#5411 = CARTESIAN_POINT ( 'NONE',  ( 3.435644149534313700, -17.38877221850184200, 6.498606917358388900 ) ) ;
#5412 = CARTESIAN_POINT ( 'NONE',  ( 1.684532726972242100, -16.69696431612955200, 8.270092617009368000 ) ) ;
#5413 = CARTESIAN_POINT ( 'NONE',  ( 2.201946175630920000, -17.64566725460841200, 6.900000000000000400 ) ) ;
#5414 = CARTESIAN_POINT ( 'NONE',  ( 2.076504429434480800, -17.44554257900998500, 7.517862103143550600 ) ) ;
#5415 = CARTESIAN_POINT ( 'NONE',  ( 2.278402763404277400, -17.52363261497613000, 6.500000020114606000 ) ) ;
#5416 = CARTESIAN_POINT ( 'NONE',  ( 3.388189490248410400, -18.78723343322759500, 7.571552110418768000 ) ) ;
#5417 = CARTESIAN_POINT ( 'NONE',  ( 2.045311553414741900, -18.58169619427635100, 8.397286946157738200 ) ) ;
#5418 = AXIS2_PLACEMENT_3D ( 'NONE', #2685, #6563, #3239 ) ;
#5420 = CARTESIAN_POINT ( 'NONE',  ( 2.276348572010188600, -18.30699826307176500, 9.188317130670038000 ) ) ;
#5419 = CARTESIAN_POINT ( 'NONE',  ( 2.049942359380055600, -17.89328401593740400, 7.223556268071168200 ) ) ;
#5421 = SURFACE_STYLE_USAGE ( .BOTH. , #1548 ) ;
#5422 = CARTESIAN_POINT ( 'NONE',  ( 2.403205189477737800, -17.13090801791319600, 9.442428140817826300 ) ) ;
#5423 = CARTESIAN_POINT ( 'NONE',  ( 2.252435915123049100, -17.16168370532037800, 7.680465516786225200 ) ) ;
#5424 = CARTESIAN_POINT ( 'NONE',  ( 1.245014976763000100, -19.45070919079999800, 6.488001347711999300 ) ) ;
#5425 = CARTESIAN_POINT ( 'NONE',  ( 3.640257541375412600, -18.21157286314268800, 8.021537461287078200 ) ) ;
#5426 = CARTESIAN_POINT ( 'NONE',  ( 4.022165209238999700, -16.59867947784999800, 6.860127676785998200 ) ) ;
#5427 = CARTESIAN_POINT ( 'NONE',  ( 1.740590455163919500, -18.36761282442757400, 8.263149411746866200 ) ) ;
#5428 = CARTESIAN_POINT ( 'NONE',  ( 1.323923595924826600, -17.63052417360388800, 8.093320227638447100 ) ) ;
#5429 = CARTESIAN_POINT ( 'NONE',  ( 1.861198018158822100, -18.34908031574849500, 9.095864181772530100 ) ) ;
#5430 = B_SPLINE_CURVE_WITH_KNOTS ( 'NONE', 1,
 ( #5013, #4463 ),
 .UNSPECIFIED., .F., .F.,
 ( 2, 2 ),
 ( 0.0000000000000000000, 1.000000000000000000 ),
 .UNSPECIFIED. ) ;
#5431 = CARTESIAN_POINT ( 'NONE',  ( 3.839290378879203200, -17.84266928259863500, 7.299767813117881600 ) ) ;
#5432 = CARTESIAN_POINT ( 'NONE',  ( 2.736865465749936700, -17.20932571963992100, 6.845483393662362900 ) ) ;
#5433 = ADVANCED_FACE ( 'NONE', ( #5227 ), #6538, .T. ) ;
#5434 = CARTESIAN_POINT ( 'NONE',  ( 3.442485844552815300, -18.85304582024361900, 6.500000017825390900 ) ) ;
#5435 = CARTESIAN_POINT ( 'NONE',  ( 3.758722901103583900, -18.34703628354113300, 6.599545020072739000 ) ) ;
#5436 = CARTESIAN_POINT ( 'NONE',  ( 1.359193257196174000, -17.26428146214976800, 8.045916211084652000 ) ) ;
#5437 = CARTESIAN_POINT ( 'NONE',  ( -0.5321148228810695900, -17.01118484988568000, 9.841493579282557700 ) ) ;
#5438 = CARTESIAN_POINT ( 'NONE',  ( 1.915773435245556700, -18.11527706203367300, 7.579596144407547700 ) ) ;
#5439 = CARTESIAN_POINT ( 'NONE',  ( 3.798328032693640800, -18.16603992047851400, 7.590442032661972100 ) ) ;
#5440 = CARTESIAN_POINT ( 'NONE',  ( 2.620098306769496100, -18.48977323917559800, 8.861638313051859200 ) ) ;
#5442 = CARTESIAN_POINT ( 'NONE',  ( 2.701145356403426700, -17.71223805700091700, 9.325205538142302700 ) ) ;
#5441 = CARTESIAN_POINT ( 'NONE',  ( 2.223031439435542400, -18.59860094831953600, 7.383925838059202100 ) ) ;
#5443 = CARTESIAN_POINT ( 'NONE',  ( 2.322949547612082300, -16.69069284313642500, 8.847263066835841600 ) ) ;
#5444 = CARTESIAN_POINT ( 'NONE',  ( 1.889454957438323500, -17.74380283117273600, 7.593822285636683500 ) ) ;
#5445 = CARTESIAN_POINT ( 'NONE',  ( 1.493769215652399400, -17.80171890349500100, 6.899997398026101800 ) ) ;
#5446 = CARTESIAN_POINT ( 'NONE',  ( 1.456874663152999800, -19.51932734871999700, 6.612376248815998300 ) ) ;
#5447 = CARTESIAN_POINT ( 'NONE',  ( 3.574388713419097900, -17.49081582608468500, 7.850485681892443800 ) ) ;
#5448 = CARTESIAN_POINT ( 'NONE',  ( 1.223003485285213600, -17.24375665146266500, 8.178730854218688500 ) ) ;
#5449 = CARTESIAN_POINT ( 'NONE',  ( 2.195424618314239400, -18.52679175136432800, 8.830811095052689900 ) ) ;
#5450 = CARTESIAN_POINT ( 'NONE',  ( 1.289868774999724000, -18.14741909667368000, 8.628476356475358600 ) ) ;
#5451 = CARTESIAN_POINT ( 'NONE',  ( 2.336019126429102100, -17.91581321738655000, 9.469702359965410200 ) ) ;
#5452 = CARTESIAN_POINT ( 'NONE',  ( 3.393013699110204700, -17.25965604497563900, 7.182025990865638800 ) ) ;
#5453 = CARTESIAN_POINT ( 'NONE',  ( 2.205347166426722300, -17.64747559349876100, 6.799999999999063700 ) ) ;
#5454 = CARTESIAN_POINT ( 'NONE',  ( 3.582118678321900300, -17.75774743904885300, 8.184349712948769500 ) ) ;
#5455 = CARTESIAN_POINT ( 'NONE',  ( 2.980780233783757900, -18.96898187420705300, 6.500000028275178600 ) ) ;
#5456 = CARTESIAN_POINT ( 'NONE',  ( 2.346934640971458700, -17.58851292797691500, 6.597704955192844200 ) ) ;
#5457 = CARTESIAN_POINT ( 'NONE',  ( 1.139817036957236200, -17.89138674936366200, 8.382322393160581700 ) ) ;
#5458 = CARTESIAN_POINT ( 'NONE',  ( 2.244694248068832100, -18.68770985353520700, 7.924485304980072100 ) ) ;
#5459 = CARTESIAN_POINT ( 'NONE',  ( 3.617911591431540100, -17.45682696103357400, 7.458543083711520100 ) ) ;
#5460 = CARTESIAN_POINT ( 'NONE',  ( 3.064597396671634200, -17.90548893476937000, 8.979802849006066600 ) ) ;
#5462 = CARTESIAN_POINT ( 'NONE',  ( 2.766780322133667100, -17.06140282734587300, 8.971601236740266200 ) ) ;
#5461 = CARTESIAN_POINT ( 'NONE',  ( 2.856818259876022600, -18.91006108074341800, 7.617816274775628400 ) ) ;
#5463 = CARTESIAN_POINT ( 'NONE',  ( 1.939743614072494000, -16.78548851291573400, 8.217106387630012800 ) ) ;
#5464 = ORIENTED_EDGE ( 'NONE', *, *, #1401, .F. ) ;
#5465 = CARTESIAN_POINT ( 'NONE',  ( 1.953927066499745000, -18.42998531745916300, 7.876023613917556800 ) ) ;
#5466 = CARTESIAN_POINT ( 'NONE',  ( 1.483619758320999800, -17.79631454936999500, 6.899230593224002600 ) ) ;
#5467 = CARTESIAN_POINT ( 'NONE',  ( 2.201946175630920000, -17.64566725460841200, 6.500000023370504600 ) ) ;
#5468 = CARTESIAN_POINT ( 'NONE',  ( 3.007621149289792000, -17.10679947922501800, 7.556849079292478100 ) ) ;
#5469 = CARTESIAN_POINT ( 'NONE',  ( 1.065929088002207400, -17.59845002242476000, 8.336562571652665500 ) ) ;
#5470 = CARTESIAN_POINT ( 'NONE',  ( 2.724668224351587800, -18.12246160835988100, 9.161490377414249800 ) ) ;
#5471 = CARTESIAN_POINT ( 'NONE',  ( 1.586729660893212200, -18.16607865406748700, 9.310320158533951200 ) ) ;
#5472 = CARTESIAN_POINT ( 'NONE',  ( 2.602410486480611700, -17.23682735316710100, 9.324980950572586000 ) ) ;
#5473 = CARTESIAN_POINT ( 'NONE',  ( 1.292365162139406100, -17.83562377863758600, 9.619786456181195400 ) ) ;
#5474 = CARTESIAN_POINT ( 'NONE',  ( 2.660119067512408000, -17.21569277479870100, 7.064284168614366700 ) ) ;
#5475 = CARTESIAN_POINT ( 'NONE',  ( 2.156547834625933500, -18.38946553418014300, 6.800000000000287600 ) ) ;
#5476 = FACE_OUTER_BOUND ( 'NONE', #5039, .T. ) ;
#5477 = CARTESIAN_POINT ( 'NONE',  ( 3.236331450954798200, -17.17634661585596900, 7.872546872751011700 ) ) ;
#5478 = CARTESIAN_POINT ( 'NONE',  ( 2.464500431156818800, -18.79493060116730900, 6.500000035455018500 ) ) ;
#5479 = CARTESIAN_POINT ( 'NONE',  ( 3.325124526562075500, -17.32925832619626400, 6.699489639520328100 ) ) ;
#5480 = CARTESIAN_POINT ( 'NONE',  ( 1.244921285322818200, -18.13653532536629200, 9.076750184408135500 ) ) ;
#5481 = CARTESIAN_POINT ( 'NONE',  ( 3.853914996341304600, -17.70004383556789000, 6.799999999999871000 ) ) ;
#5482 = CARTESIAN_POINT ( 'NONE',  ( 2.891185151132351200, -18.73290528526740000, 8.289651571653159600 ) ) ;
#5483 = ORIENTED_EDGE ( 'NONE', *, *, #1264, .T. ) ;
#5484 = CARTESIAN_POINT ( 'NONE',  ( 2.973438206746162700, -17.13968468160852900, 7.266175524362675600 ) ) ;
#5485 = EDGE_CURVE ( 'NONE', #4622, #1768, #2568, .T. ) ;
#5486 = CARTESIAN_POINT ( 'NONE',  ( 3.079338206322094400, -17.22759280231008100, 8.674565254689516900 ) ) ;
#5488 = CARTESIAN_POINT ( 'NONE',  ( 2.425759180192945700, -16.79741798232866400, 8.364585243710692500 ) ) ;
#5487 = CARTESIAN_POINT ( 'NONE',  ( 3.523125939638959400, -18.61244110064295000, 7.766467108444560500 ) ) ;
#5489 = VERTEX_POINT ( 'NONE', #209 ) ;
#5490 = CARTESIAN_POINT ( 'NONE',  ( 1.572870784966508900, -17.31118193617006900, 7.962218616164240500 ) ) ;
#5491 = CARTESIAN_POINT ( 'NONE',  ( 2.469964971101231500, -18.72989783609838800, 8.320045287283777600 ) ) ;
#5492 = CARTESIAN_POINT ( 'NONE',  ( 1.223208392096999600, -18.22408254423999800, 6.880997255274000000 ) ) ;
#5493 = CARTESIAN_POINT ( 'NONE',  ( 2.329173769947254800, -17.32324115152772800, 7.342278081019718300 ) ) ;
#5494 = CARTESIAN_POINT ( 'NONE',  ( 1.517482017137022500, -17.28173120590349000, 9.754423259036615300 ) ) ;
#5495 = CARTESIAN_POINT ( 'NONE',  ( 2.969991376181246400, -17.43227357912059700, 9.033476775294277100 ) ) ;
#5496 = CARTESIAN_POINT ( 'NONE',  ( 2.011290277567194800, -17.67771983143514800, 9.676811451730486600 ) ) ;
#5497 = CARTESIAN_POINT ( 'NONE',  ( 2.477287007531066900, -16.77275552623445200, 8.756268995444203900 ) ) ;
#5498 = CARTESIAN_POINT ( 'NONE',  ( 1.665496131414128100, -17.22700559045656000, 9.831561213026493100 ) ) ;
#5499 = CARTESIAN_POINT ( 'NONE',  ( 2.166052815552330200, -17.69329629935723200, 6.988501665756452000 ) ) ;
#5500 = CARTESIAN_POINT ( 'NONE',  ( 2.684217749570081900, -18.91483806325435100, 6.800000000000965300 ) ) ;
#5501 = CARTESIAN_POINT ( 'NONE',  ( 2.571982504394283900, -17.12165589396530800, 7.542412174101628800 ) ) ;
#5502 = CARTESIAN_POINT ( 'NONE',  ( 2.135827712993156900, -18.32943253907405200, 6.500000034764100000 ) ) ;
#5503 = CARTESIAN_POINT ( 'NONE',  ( 3.794532800883275900, -18.22126085811484900, 6.800519248446238200 ) ) ;
#5504 = CARTESIAN_POINT ( 'NONE',  ( 1.600963058364530000, -17.83694828287344000, 9.657028135638333000 ) ) ;
#5505 = CARTESIAN_POINT ( 'NONE',  ( 2.448145606009672000, -17.31604020419268900, 6.500000013825565600 ) ) ;
#5506 = CARTESIAN_POINT ( 'NONE',  ( 3.415790043126266900, -18.22436560469666500, 8.428094139294124400 ) ) ;
#5507 = CARTESIAN_POINT ( 'NONE',  ( 2.300338600359921800, -17.43369333026417300, 7.143914869034144700 ) ) ;
#5508 = CARTESIAN_POINT ( 'NONE',  ( 2.650949443088995500, -16.91715376902958900, 8.150578129280425800 ) ) ;
#5509 =( GEOMETRIC_REPRESENTATION_CONTEXT ( 3 ) GLOBAL_UNCERTAINTY_ASSIGNED_CONTEXT ( ( #533 ) ) GLOBAL_UNIT_ASSIGNED_CONTEXT ( ( #2635, #6510, #3189 ) ) REPRESENTATION_CONTEXT ( 'NONE', 'WORKASPACE' ) );
#5511 = CARTESIAN_POINT ( 'NONE',  ( 1.912272962833681400, -17.10157106031640200, 7.921016470475665400 ) ) ;
#5510 = CARTESIAN_POINT ( 'NONE',  ( 3.764377911965565400, -17.91012695887741700, 7.727794661837091200 ) ) ;
#5512 = CARTESIAN_POINT ( 'NONE',  ( 1.375558251217691800, -17.97420600664869600, 8.235121783951427700 ) ) ;
#5513 = CARTESIAN_POINT ( 'NONE',  ( 3.085265956515304900, -18.44377533735513500, 8.624493668424044300 ) ) ;
#5514 = CARTESIAN_POINT ( 'NONE',  ( 0.9791376934607000100, -18.66055157121999700, 6.852446001638699400 ) ) ;
#5515 = CARTESIAN_POINT ( 'NONE',  ( -0.02141475728052001300, -15.64424166166745800, 8.759302070921487300 ) ) ;
#5516 = CARTESIAN_POINT ( 'NONE',  ( 2.019251193004466800, -17.93860082418743200, 7.305465008488310400 ) ) ;
#5517 = CARTESIAN_POINT ( 'NONE',  ( 2.237143612195538400, -16.74866689355727400, 6.849127379234891700 ) ) ;
#5518 = CARTESIAN_POINT ( 'NONE',  ( 2.762076125514902400, -16.92418058630190100, 8.530421517264025900 ) ) ;
#5519 = B_SPLINE_CURVE_WITH_KNOTS ( 'NONE', 3,
 ( #2347, #5666, #2899, #6781, #3457, #159, #4018 ),
 .UNSPECIFIED., .F., .F.,
 ( 4, 1, 1, 1, 4 ),
 ( 0.0000000000000000000, 0.2500057574323999400, 0.5000115148648438500, 0.7500057574324128200, 1.000000000000000000 ),
 .UNSPECIFIED. ) ;
#5520 = CARTESIAN_POINT ( 'NONE',  ( 2.046575317259467800, -16.84229193710099900, 8.154120696199115100 ) ) ;
#5521 = CARTESIAN_POINT ( 'NONE',  ( 1.891096920918033500, -16.63285795119717000, 9.445355579458031100 ) ) ;
#5522 = CARTESIAN_POINT ( 'NONE',  ( 2.164534378270247700, -18.43623862453103300, 7.039398447682416700 ) ) ;
#5523 = CARTESIAN_POINT ( 'NONE',  ( 3.425987700464613100, -18.86280166439263100, 6.800000000000630400 ) ) ;
#5524 = CARTESIAN_POINT ( 'NONE',  ( 2.083693425227798500, -17.58279115190512700, 7.383676192590021600 ) ) ;
#5525 = CARTESIAN_POINT ( 'NONE',  ( 2.143440166681618700, -17.77754495776405400, 6.500000026433154300 ) ) ;
#5526 = CARTESIAN_POINT ( 'NONE',  ( 2.293634648755242800, -17.69441888054289800, 6.798716152279681100 ) ) ;
#5527 = CARTESIAN_POINT ( 'NONE',  ( 1.967344908454873800, -17.19248892410079700, 9.726976799639757600 ) ) ;
#5528 = CARTESIAN_POINT ( 'NONE',  ( 1.507106224506343100, -19.52167678252580500, 6.616375798129568300 ) ) ;
#5529 = CARTESIAN_POINT ( 'NONE',  ( 3.460194960065057200, -17.50422642524741300, 8.243747042298640100 ) ) ;
#5530 = CARTESIAN_POINT ( 'NONE',  ( 2.065369062159710700, -18.08387733521691100, 7.127382493171680300 ) ) ;
#5531 = CARTESIAN_POINT ( 'NONE',  ( 2.073620511464850000, -17.18736107369960600, 7.767681584415815800 ) ) ;
#5533 = CARTESIAN_POINT ( 'NONE',  ( 1.617678862369707800, -17.72508102849289500, 7.898183369744744600 ) ) ;
#5532 = CARTESIAN_POINT ( 'NONE',  ( 3.420760641539292800, -17.28097993743309500, 7.529380869288557300 ) ) ;
#5534 = CARTESIAN_POINT ( 'NONE',  ( 1.556556990921006200, -18.31525020216044200, 8.872153782874431000 ) ) ;
#5535 = CARTESIAN_POINT ( 'NONE',  ( 3.381445741607897100, -17.76198887850115700, 8.580892060578495500 ) ) ;
#5536 = CARTESIAN_POINT ( 'NONE',  ( 2.293638509985862500, -17.69442093359881700, 6.798716122200283400 ) ) ;
#5537 = CARTESIAN_POINT ( 'NONE',  ( 3.868484679475104700, -19.29498117579913700, 6.500000016326520600 ) ) ;
#5538 = CARTESIAN_POINT ( 'NONE',  ( 2.224523212638042300, -18.62492443586869900, 7.505469646809640200 ) ) ;
#5539 = CARTESIAN_POINT ( 'NONE',  ( 3.000000000001008100, -18.06999999999733900, 6.849999999999897500 ) ) ;
#5540 = CARTESIAN_POINT ( 'NONE',  ( 2.243705077845782100, -16.94710769006653100, 7.997790076483482800 ) ) ;
#5541 = CARTESIAN_POINT ( 'NONE',  ( 1.660347018809372300, -17.35769387475079000, 7.906925291356985000 ) ) ;
#5542 = CARTESIAN_POINT ( 'NONE',  ( 1.817800240908626700, -16.45470123960145200, 8.726833959829006600 ) ) ;
#5543 = CARTESIAN_POINT ( 'NONE',  ( 2.719352416351746600, -18.92050426407566700, 7.144462330979125800 ) ) ;
#5544 = CARTESIAN_POINT ( 'NONE',  ( 3.878790386200197600, -18.27297103222165500, 6.799999999999519300 ) ) ;
#5545 = EDGE_LOOP ( 'NONE', ( #271, #40 ) ) ;
#5546 = CARTESIAN_POINT ( 'NONE',  ( 2.006328304784124500, -18.30959239334194400, 7.520730512410094300 ) ) ;
#5547 = CARTESIAN_POINT ( 'NONE',  ( 3.073508757999000400, -19.57295349675000300, 6.612376242486998700 ) ) ;
#5548 = CARTESIAN_POINT ( 'NONE',  ( 1.728520786802916700, -16.51146868315581200, 8.760359979945699000 ) ) ;
#5549 = CARTESIAN_POINT ( 'NONE',  ( 2.092459726477652500, -16.64572981688619500, 9.238560005593358300 ) ) ;
#5550 = CARTESIAN_POINT ( 'NONE',  ( 4.822057211178447200, -16.72314426465980800, 6.849127384410598700 ) ) ;
#5551 = EDGE_CURVE ( 'NONE', #6092, #1565, #1351, .T. ) ;
#5552 = CARTESIAN_POINT ( 'NONE',  ( 2.993905507156079200, -17.06703226941129600, 7.863207818556647400 ) ) ;
#5553 = CARTESIAN_POINT ( 'NONE',  ( 2.383116420933025600, -18.74172441404665800, 7.267076722587099800 ) ) ;
#5554 = CARTESIAN_POINT ( 'NONE',  ( 1.775088172451765100, -17.80877704329540400, 7.739532868151924200 ) ) ;
#5556 = CARTESIAN_POINT ( 'NONE',  ( 1.664054959636322800, -18.32691817959840800, 8.332717440327515500 ) ) ;
#5555 = CARTESIAN_POINT ( 'NONE',  ( 2.721820618823150600, -17.15415239368194700, 7.305150912525670400 ) ) ;
#5557 = CARTESIAN_POINT ( 'NONE',  ( 3.155107407324671900, -17.15274484013232100, 8.219183198356200000 ) ) ;
#5558 = CARTESIAN_POINT ( 'NONE',  ( 3.274142841779315000, -18.82176056209992900, 6.500000003097489400 ) ) ;
#5559 = CARTESIAN_POINT ( 'NONE',  ( 2.983702476884375600, -19.57032331995895900, 6.500000037140553700 ) ) ;
#5560 = CARTESIAN_POINT ( 'NONE',  ( 2.867109960390527700, -18.88393318285809700, 7.779172444359868000 ) ) ;
#5561 = CARTESIAN_POINT ( 'NONE',  ( 1.820904916089669800, -17.44306402306297700, 7.771550462331579600 ) ) ;
#5562 = CARTESIAN_POINT ( 'NONE',  ( 1.483574976315524400, -18.03163951816070200, 8.166844909158451000 ) ) ;
#5563 = CARTESIAN_POINT ( 'NONE',  ( 1.493221271447042800, -16.81712173277046700, 8.162890653042183000 ) ) ;
#5564 = CARTESIAN_POINT ( 'NONE',  ( 3.451184156076548600, -18.82072829119349700, 7.232255843444457700 ) ) ;
#5565 = VERTEX_POINT ( 'NONE', #326 ) ;
#5566 = CARTESIAN_POINT ( 'NONE',  ( 3.731930224997723800, -17.54298204155496400, 6.799999999998380700 ) ) ;
#5567 = CARTESIAN_POINT ( 'NONE',  ( 2.467317713277569400, -18.79951026822765700, 7.840653465388790300 ) ) ;
#5568 = CARTESIAN_POINT ( 'NONE',  ( 3.538397003214000000, -19.47746290338999800, 6.736751137261000700 ) ) ;
#5569 = CARTESIAN_POINT ( 'NONE',  ( 3.051661336349419600, -16.56479225309706400, 6.849127379191497900 ) ) ;
#5570 = CARTESIAN_POINT ( 'NONE',  ( 1.893587334988107200, -16.56551778830278800, 8.526230245850918300 ) ) ;
#5571 = CARTESIAN_POINT ( 'NONE',  ( 5.007222042533561200, -17.50486401710479700, 6.849127380969428600 ) ) ;
#5572 = CARTESIAN_POINT ( 'NONE',  ( 1.621961046110880200, -16.56934668536385800, 8.380868479993589300 ) ) ;
#5573 = CARTESIAN_POINT ( 'NONE',  ( 2.336050049309354100, -17.20614212908783000, 7.545221522647114700 ) ) ;
#5574 = CARTESIAN_POINT ( 'NONE',  ( 3.084346270873662600, -18.92531128318351100, 7.434251013763485200 ) ) ;
#5576 = CARTESIAN_POINT ( 'NONE',  ( 1.883748684272290600, -18.44373140506496300, 8.111291404014151500 ) ) ;
#5575 = CARTESIAN_POINT ( 'NONE',  ( 3.868226492790677500, -17.85805488728149700, 7.050838422486127600 ) ) ;
#5577 = VERTEX_POINT ( 'NONE', #1432 ) ;
#5578 = CARTESIAN_POINT ( 'NONE',  ( 1.837992369034188800, -16.51042712288297700, 9.305759706654505700 ) ) ;
#5580 = CARTESIAN_POINT ( 'NONE',  ( 2.089195457959907900, -18.47030870488609700, 8.927369603136876100 ) ) ;
#5579 = CARTESIAN_POINT ( 'NONE',  ( 2.147544170972410300, -17.61674119563657800, 7.209091270912646000 ) ) ;
#5581 = CARTESIAN_POINT ( 'NONE',  ( 2.655926053033670800, -17.23567060755758400, 6.500000008704607700 ) ) ;
#5582 = CARTESIAN_POINT ( 'NONE',  ( 2.563268181036157500, -17.02732199732729900, 7.786320488797517000 ) ) ;
#5583 = CARTESIAN_POINT ( 'NONE',  ( 2.528203197165521200, -18.71820095061983800, 6.500000017201715600 ) ) ;
#5584 = CARTESIAN_POINT ( 'NONE',  ( 2.469047016989439000, -17.46666723392228700, 6.500000018320239500 ) ) ;
#5585 = CARTESIAN_POINT ( 'NONE',  ( 3.505724855284960500, -18.53775678569242700, 7.938612208105976000 ) ) ;
#5586 = CARTESIAN_POINT ( 'NONE',  ( 2.829893012387022300, -17.15281150090598700, 6.500000004186065700 ) ) ;
#5587 = CARTESIAN_POINT ( 'NONE',  ( 1.681833834646870400, -18.13705562304655700, 7.999682411990699300 ) ) ;
#5588 = CARTESIAN_POINT ( 'NONE',  ( 1.712520943268549100, -18.39817770662327600, 8.773569686411530500 ) ) ;
#5589 = CARTESIAN_POINT ( 'NONE',  ( 1.195564756538803200, -17.43900338630333000, 8.110237242341931100 ) ) ;
#5590 = CARTESIAN_POINT ( 'NONE',  ( 3.862864997898884900, -18.20035483356969100, 7.242838769939223400 ) ) ;
#5591 = CARTESIAN_POINT ( 'NONE',  ( 3.086261177268663700, -17.17414342147672500, 6.799999999997997900 ) ) ;
#5592 = CARTESIAN_POINT ( 'NONE',  ( 3.150084253722937400, -18.71610119952931200, 8.123742876543810000 ) ) ;
#5593 = CARTESIAN_POINT ( 'NONE',  ( 3.951070866063001000, -19.24168563504000000, 6.861126032036001000 ) ) ;
#5594 = CARTESIAN_POINT ( 'NONE',  ( 3.539099125119625500, -19.47929837151495000, 6.849127382565398200 ) ) ;
#5595 = CARTESIAN_POINT ( 'NONE',  ( 1.503692805528430900, -17.01010924745578400, 8.073503686698298800 ) ) ;
#5596 = CARTESIAN_POINT ( 'NONE',  ( 4.976202139144402500, -17.45566791009329700, 6.899997398026101800 ) ) ;
#5597 = CARTESIAN_POINT ( 'NONE',  ( 1.964024249509440400, -17.78345202707962600, 7.464392508091717300 ) ) ;
#5598 = CARTESIAN_POINT ( 'NONE',  ( 3.694340175063264700, -18.50590110269986300, 7.515236345491175000 ) ) ;
#5600 = CARTESIAN_POINT ( 'NONE',  ( 2.394124298392899400, -18.63244224533098900, 8.620036361795611100 ) ) ;
#5599 = CARTESIAN_POINT ( 'NONE',  ( 3.415132665755733900, -17.27141690816004900, 6.991742634043072600 ) ) ;
#5602 = CARTESIAN_POINT ( 'NONE',  ( 2.601141648891778200, -18.05678136312664600, 9.273771617286268300 ) ) ;
#5601 = CARTESIAN_POINT ( 'NONE',  ( 2.081889555506441200, -18.30259518407151400, 7.248624052130756100 ) ) ;
#5603 = CARTESIAN_POINT ( 'NONE',  ( 3.134251210586332300, -17.17817329886816300, 6.499999998807492600 ) ) ;
#5604 = CARTESIAN_POINT ( 'NONE',  ( 2.006267089809158100, -17.47490895627375800, 7.576625984458856600 ) ) ;
#5605 = CARTESIAN_POINT ( 'NONE',  ( 2.196812383013632800, -18.04334757928132800, 6.500000023467636700 ) ) ;
#5606 = CARTESIAN_POINT ( 'NONE',  ( 3.103918806078441500, -17.27556185118452700, 6.500000006316085400 ) ) ;
#5607 = CARTESIAN_POINT ( 'NONE',  ( 3.708707850347182900, -17.82505609576168100, 7.876889386123310500 ) ) ;
#5608 =( LENGTH_UNIT ( ) NAMED_UNIT ( * ) SI_UNIT ( .CENTI., .METRE. ) );
#5609 = CARTESIAN_POINT ( 'NONE',  ( 1.998784344656273600, -18.55038665708155000, 8.532205918726901900 ) ) ;
#5610 = CARTESIAN_POINT ( 'NONE',  ( 2.189959792728728000, -18.20559396804602400, 9.310440699656524500 ) ) ;
#5611 = CARTESIAN_POINT ( 'NONE',  ( 2.275322193490609400, -17.01109264760245000, 9.475846997155470000 ) ) ;
#5612 = CARTESIAN_POINT ( 'NONE',  ( 1.045163950827922900, -17.97231769537523500, 8.606327606185271200 ) ) ;
#5613 = CARTESIAN_POINT ( 'NONE',  ( 3.671679445775764000, -17.48541583630921200, 7.168943448212463200 ) ) ;
#5614 = CARTESIAN_POINT ( 'NONE',  ( 2.382077161953217700, -17.41300597490607100, 6.799999999998624000 ) ) ;
#5615 = CARTESIAN_POINT ( 'NONE',  ( 3.591386699425389100, -18.12015578126623100, 8.178919283369717500 ) ) ;
#5616 = CARTESIAN_POINT ( 'NONE',  ( 4.315471856000998600, -18.79227907203999600, 6.488001347711999300 ) ) ;
#5617 = CARTESIAN_POINT ( 'NONE',  ( 2.203748386686312800, -18.55078989605002700, 6.900000000000000400 ) ) ;
#5618 = CARTESIAN_POINT ( 'NONE',  ( 1.240023854138232000, -17.64503350373204100, 8.147495407138471500 ) ) ;
#5619 = CARTESIAN_POINT ( 'NONE',  ( 4.299664432440001100, -18.79472033117999500, 6.889247048010001400 ) ) ;
#5620 = CARTESIAN_POINT ( 'NONE',  ( 2.055005507598413500, -18.48372967792945300, 7.700581957135893800 ) ) ;
#5621 = CARTESIAN_POINT ( 'NONE',  ( 3.794194187321630300, -17.77151737326686400, 7.454417284877415300 ) ) ;
#5623 = CARTESIAN_POINT ( 'NONE',  ( 2.955722399525400900, -18.24531529252539400, 8.916394954407451200 ) ) ;
#5622 = CARTESIAN_POINT ( 'NONE',  ( 2.675420886891990400, -17.22382889648466500, 6.932646845600991100 ) ) ;
#5625 = CARTESIAN_POINT ( 'NONE',  ( 2.853161030370832600, -17.37015378234853800, 9.139671381867321600 ) ) ;
#5624 = CARTESIAN_POINT ( 'NONE',  ( 2.546508710968791200, -18.84818745007233100, 7.448117502566739200 ) ) ;
#5626 = CARTESIAN_POINT ( 'NONE',  ( 3.619310073049965200, -17.41782619704896700, 6.499999993191147900 ) ) ;
#5627 = ORIENTED_EDGE ( 'NONE', *, *, #6667, .F. ) ;
#5628 = CARTESIAN_POINT ( 'NONE',  ( 1.879079445469023400, -18.14758529677896000, 7.672955729541877500 ) ) ;
#5629 = CARTESIAN_POINT ( 'NONE',  ( 3.051669259719572000, -16.56456139730926200, 6.862360777168230900 ) ) ;
#5630 = CARTESIAN_POINT ( 'NONE',  ( 3.693865630620764200, -17.67299359429753000, 6.499999995161373600 ) ) ;
#5631 = CARTESIAN_POINT ( 'NONE',  ( 3.334408417569535200, -17.22849506403436900, 7.634337113361844700 ) ) ;
#5632 = CARTESIAN_POINT ( 'NONE',  ( 3.850695580906517100, -18.38368683718135400, 4.527411491701691700 ) ) ;
#5633 = CARTESIAN_POINT ( 'NONE',  ( 2.554095550697689000, -18.39920838496449600, 9.003418642117821900 ) ) ;
#5634 = CARTESIAN_POINT ( 'NONE',  ( 2.591242217320487700, -17.58836952710294100, 9.415081185216356700 ) ) ;
#5635 = ORIENTED_EDGE ( 'NONE', *, *, #893, .T. ) ;
#5636 = CARTESIAN_POINT ( 'NONE',  ( 2.197505545074360400, -16.62399308384154000, 8.845436047828027200 ) ) ;
#5637 = CARTESIAN_POINT ( 'NONE',  ( 1.207158082285654200, -18.03292120527637400, 9.329848856876553900 ) ) ;
#5638 = CARTESIAN_POINT ( 'NONE',  ( 3.011499889136858500, -17.15992243712100400, 7.061171075491438700 ) ) ;
#5639 = CARTESIAN_POINT ( 'NONE',  ( 0.9927779574664711300, -18.63513598289512200, 6.849127380969428600 ) ) ;
#5640 = CARTESIAN_POINT ( 'NONE',  ( 3.488731661465621000, -17.41367107155590300, 7.966829808987961700 ) ) ;
#5641 = CARTESIAN_POINT ( 'NONE',  ( 2.142908007271876200, -18.43584538538857100, 6.500000036208813700 ) ) ;
#5642 = CARTESIAN_POINT ( 'NONE',  ( 4.989805513532001400, -17.52311376862000000, 6.488001347711999300 ) ) ;
#5643 = CARTESIAN_POINT ( 'NONE',  ( 1.205596111187490200, -18.11562575937738000, 8.722472189544653500 ) ) ;
#5644 = CARTESIAN_POINT ( 'NONE',  ( 4.550297876520999400, -18.36174581618999800, 6.860127676783999800 ) ) ;
#5645 = CARTESIAN_POINT ( 'NONE',  ( 2.228832427574780600, -17.79338904437867100, 9.566257787005902500 ) ) ;
#5646 = CARTESIAN_POINT ( 'NONE',  ( 2.612753480619740100, -18.80581983334295900, 8.072207544566140300 ) ) ;
#5647 = VECTOR ( 'NONE', #4300, 100.0000000000000000 ) ;
#5648 = CARTESIAN_POINT ( 'NONE',  ( 3.320331028328703700, -17.22100998340244300, 7.293996471504546400 ) ) ;
#5650 = CARTESIAN_POINT ( 'NONE',  ( 3.188520377620935400, -17.54846751027843500, 8.801667685470118100 ) ) ;
#5649 = CARTESIAN_POINT ( 'NONE',  ( 2.176235211570098900, -17.69871037535701700, 6.875630897713902500 ) ) ;
#5652 = CARTESIAN_POINT ( 'NONE',  ( 2.671559964121986500, -16.87605228957119200, 8.612697471177757100 ) ) ;
#5651 = CARTESIAN_POINT ( 'NONE',  ( 3.266999769835945400, -18.83373684844694700, 7.636533396748000700 ) ) ;
#5653 = VERTEX_POINT ( 'NONE', #1987 ) ;
#5654 = CARTESIAN_POINT ( 'NONE',  ( 3.887346837146552000, -17.92142209493941600, 6.499999995593734400 ) ) ;
#5655 = CARTESIAN_POINT ( 'NONE',  ( 2.226181205720543700, -18.67786629430959200, 8.061868159974213900 ) ) ;
#5656 = CARTESIAN_POINT ( 'NONE',  ( 4.492824102074460600, -16.62035322575875900, 6.499999976833249700 ) ) ;
#5657 = CARTESIAN_POINT ( 'NONE',  ( 3.699913651945811100, -18.45411298671878300, 6.499999993204070000 ) ) ;
#5658 = CARTESIAN_POINT ( 'NONE',  ( 2.639870944390409100, -17.15775281781244400, 7.377524438326643600 ) ) ;
#5659 = CARTESIAN_POINT ( 'NONE',  ( 3.893247819601692000, -17.91754938091913000, 6.900000000000000400 ) ) ;
#5660 = CARTESIAN_POINT ( 'NONE',  ( 2.970555924933587100, -17.79005420300053000, 9.095261798036220900 ) ) ;
#5661 = ORIENTED_EDGE ( 'NONE', *, *, #1830, .T. ) ;
#5662 = CARTESIAN_POINT ( 'NONE',  ( 2.642417878570221000, -16.96367805104198500, 9.012859531834815000 ) ) ;
#5663 = CARTESIAN_POINT ( 'NONE',  ( 1.833070944829312100, -16.77594348752669600, 8.215025098501554300 ) ) ;
#5664 = CARTESIAN_POINT ( 'NONE',  ( 1.573614355034270100, -17.57586740396835600, 9.789688252632966900 ) ) ;
#5665 = CARTESIAN_POINT ( 'NONE',  ( 2.328418106534135400, -17.44862346853372200, 6.992675529986216000 ) ) ;
#5666 = CARTESIAN_POINT ( 'NONE',  ( 1.736407266761001800, -17.23849893708428700, 6.849127379545564900 ) ) ;
#5667 = CARTESIAN_POINT ( 'NONE',  ( 2.912615910715063500, -17.08181459548500300, 7.633123642925830200 ) ) ;
#5668 = CARTESIAN_POINT ( 'NONE',  ( 1.247781864144593900, -17.76061180933218300, 9.678936935022042200 ) ) ;
#5669 = CARTESIAN_POINT ( 'NONE',  ( 5.054009290001000700, -17.38851584527999700, 6.736751149921000900 ) ) ;
#5670 = CARTESIAN_POINT ( 'NONE',  ( 1.485372453367296100, -18.07512182342933100, 9.410555988312486500 ) ) ;
#5671 = CARTESIAN_POINT ( 'NONE',  ( 1.202416072426614400, -17.24763378753571500, 8.085963420504850100 ) ) ;
#5672 = CARTESIAN_POINT ( 'NONE',  ( 2.477667574347131900, -17.11868159505752400, 9.373016242779820900 ) ) ;
#5673 = CARTESIAN_POINT ( 'NONE',  ( 3.256653436690892800, -18.53490367703401600, 8.327016747066618800 ) ) ;
#5674 = EDGE_CURVE ( 'NONE', #1946, #6850, #3850, .T. ) ;
#5675 = CARTESIAN_POINT ( 'NONE',  ( 2.591109270848483500, -17.23081839023017600, 7.142483572555533100 ) ) ;
#5676 = B_SPLINE_CURVE_WITH_KNOTS ( 'NONE', 3,
 ( #6052, #3243, #6614, #3288 ),
 .UNSPECIFIED., .F., .F.,
 ( 4, 4 ),
 ( 0.0000000000000000000, 1.000000000000000000 ),
 .UNSPECIFIED. ) ;
#5678 = CARTESIAN_POINT ( 'NONE',  ( 2.931384931597238500, -17.01420367535983400, 8.350823752305611700 ) ) ;
#5677 = CARTESIAN_POINT ( 'NONE',  ( 2.177466093173374300, -18.44311453931285900, 6.896051774593289900 ) ) ;
#5679 = CARTESIAN_POINT ( 'NONE',  ( 2.181050193590019900, -16.91379349716787700, 8.054741125778647900 ) ) ;
#5680 = CARTESIAN_POINT ( 'NONE',  ( 3.793228353883248100, -18.49176699722022100, 6.500000005834142100 ) ) ;
#5681 = CARTESIAN_POINT ( 'NONE',  ( 2.859900917800863000, -18.66909732439415800, 8.450780590405578600 ) ) ;
#5682 = CARTESIAN_POINT ( 'NONE',  ( 1.274816747236527000, -17.71900377943614700, 9.703531005159115700 ) ) ;
#5683 = CARTESIAN_POINT ( 'NONE',  ( 2.524202084545658300, -17.42374182445383800, 6.798934035690035000 ) ) ;
#5684 = CARTESIAN_POINT ( 'NONE',  ( 2.136124434525489500, -17.61066921406057900, 7.244626186323080800 ) ) ;
#5685 = CARTESIAN_POINT ( 'NONE',  ( 3.639787556601231900, -17.39086803248401500, 6.109137163900562900 ) ) ;
#5686 = CARTESIAN_POINT ( 'NONE',  ( 2.963389922647799800, -17.13434191417873000, 8.742231077395850000 ) ) ;
#5687 = CARTESIAN_POINT ( 'NONE',  ( 2.308342677006352400, -16.76051681781913100, 8.379995283155537300 ) ) ;
#5688 = CARTESIAN_POINT ( 'NONE',  ( 1.484695068660572400, -17.33101195899629900, 7.994181630132218600 ) ) ;
#5689 = CARTESIAN_POINT ( 'NONE',  ( 1.892874551339895200, -16.91503097063990800, 9.670058150056018300 ) ) ;
#5690 = CARTESIAN_POINT ( 'NONE',  ( 2.090682936838725900, -18.09733696113597600, 6.964788338759027500 ) ) ;
#5691 = CARTESIAN_POINT ( 'NONE',  ( 2.201946175630920000, -17.64566725460841200, 4.527411491701691700 ) ) ;
#5692 = CARTESIAN_POINT ( 'NONE',  ( 2.256121884285970900, -17.34603436580155000, 7.404314311922191500 ) ) ;
#5693 = CARTESIAN_POINT ( 'NONE',  ( 1.256834208328599700, -17.14314230761779700, 8.080250078915700100 ) ) ;
#5694 = CARTESIAN_POINT ( 'NONE',  ( 5.077649015053002500, -17.16546119611000200, 6.861126051024999800 ) ) ;
#5695 = CARTESIAN_POINT ( 'NONE',  ( 1.891198887223900700, -17.54715387333035900, 9.743888908751445800 ) ) ;
#5696 = CARTESIAN_POINT ( 'NONE',  ( 1.105644982746363000, -17.45282778536562400, 8.147717702808202800 ) ) ;
#5697 = CARTESIAN_POINT ( 'NONE',  ( 2.352179760960251700, -16.70623482326331600, 8.766831504276394700 ) ) ;
#5698 = CARTESIAN_POINT ( 'NONE',  ( 3.548737417106616800, -17.85093944020308500, 8.290524219560587900 ) ) ;
#5699 = CARTESIAN_POINT ( 'NONE',  ( 2.131822144147764500, -17.74180776171672100, 7.064157206818674900 ) ) ;
#5701 = CARTESIAN_POINT ( 'NONE',  ( 2.360899880247115100, -17.00942127184544700, 7.873473302518480200 ) ) ;
#5700 = CARTESIAN_POINT ( 'NONE',  ( 2.737959423632729400, -18.93039778534236500, 6.938205650418592700 ) ) ;
#5702 = CARTESIAN_POINT ( 'NONE',  ( 1.769749884330481700, -17.41586441019950000, 7.820165089778530600 ) ) ;
#5703 = CARTESIAN_POINT ( 'NONE',  ( 2.449572871671964200, -17.31919035534611200, 6.800000000000003400 ) ) ;
#5704 = CARTESIAN_POINT ( 'NONE',  ( 3.350758710954582200, -18.12307559882950200, 8.574759360986048400 ) ) ;
#5705 = CARTESIAN_POINT ( 'NONE',  ( 0.9930860752948038600, -18.01564740185372300, 9.082595552295606100 ) ) ;
#5706 = CARTESIAN_POINT ( 'NONE',  ( 2.893127743117781800, -17.27493249949079900, 6.799399231136771200 ) ) ;
#5707 = CARTESIAN_POINT ( 'NONE',  ( 2.071070757323680000, -18.34401656598654300, 7.349029861365051100 ) ) ;
#5708 = CARTESIAN_POINT ( 'NONE',  ( 3.002674512628557200, -17.12599374795914600, 5.318274327801128200 ) ) ;
#5709 = CARTESIAN_POINT ( 'NONE',  ( 2.537518685863608100, -16.88237186323980400, 8.186764906193055000 ) ) ;
#5710 = CARTESIAN_POINT ( 'NONE',  ( 1.817806435501929200, -17.11297790763842000, 7.946064897434906600 ) ) ;
#5711 = CARTESIAN_POINT ( 'NONE',  ( 1.299205224457641100, -17.97613495195344400, 8.316619109734748600 ) ) ;
#5712 = CARTESIAN_POINT ( 'NONE',  ( 3.025261557579710800, -18.34772191301107100, 8.774138938282696600 ) ) ;
#5713 = CARTESIAN_POINT ( 'NONE',  ( 1.949488166928520700, -16.49869048613337000, 9.056281044184675700 ) ) ;
#5714 = CARTESIAN_POINT ( 'NONE',  ( 2.419231735183590800, -18.76092726726157900, 7.035103583098275800 ) ) ;
#5715 = CARTESIAN_POINT ( 'NONE',  ( 2.203748386686312800, -18.55078989605002700, 6.900000000000000400 ) ) ;
#5716 = CARTESIAN_POINT ( 'NONE',  ( 1.983422564947075100, -17.98118599560643500, 7.387883274830055100 ) ) ;
#5717 = CARTESIAN_POINT ( 'NONE',  ( -0.7005984951285917400, -16.92160049227068100, 8.759302070921521000 ) ) ;
#5718 = EDGE_CURVE ( 'NONE', #1677, #1565, #2812, .T. ) ;
#5719 = CARTESIAN_POINT ( 'NONE',  ( 4.973390207998000400, -16.88766454584000000, 6.488001347711999300 ) ) ;
#5720 = CARTESIAN_POINT ( 'NONE',  ( 2.144380341480117900, -16.89429579094074500, 9.493559686659370600 ) ) ;
#5721 = CARTESIAN_POINT ( 'NONE',  ( 0.9494172416028972000, -17.94693856469715600, 8.680988625981561000 ) ) ;
#5722 = CARTESIAN_POINT ( 'NONE',  ( 1.940073995744573000, -16.83283801891517200, 8.160646765773938300 ) ) ;
#5723 = CARTESIAN_POINT ( 'NONE',  ( 3.288421233776182000, -17.22362905902811600, 7.987790644906302100 ) ) ;
#5724 = CARTESIAN_POINT ( 'NONE',  ( 2.176812905860072700, -18.47983148088668800, 7.143898953509960800 ) ) ;
#5725 = ORIENTED_EDGE ( 'NONE', *, *, #6667, .T. ) ;
#5727 = CARTESIAN_POINT ( 'NONE',  ( 1.915343437766502200, -17.49327787575106900, 7.664592221048980700 ) ) ;
#5726 = CARTESIAN_POINT ( 'NONE',  ( 3.474533552811363000, -18.83314338566151100, 6.973430284294174400 ) ) ;
#5728 = CARTESIAN_POINT ( 'NONE',  ( 1.618666974802070100, -18.10346920789842400, 8.059712349471817900 ) ) ;
#5729 = CARTESIAN_POINT ( 'NONE',  ( 1.310526789614256100, -19.48749148884639500, 6.849127384410598700 ) ) ;
#5730 = CARTESIAN_POINT ( 'NONE',  ( 3.361665533712288900, -17.41477315252969400, 8.348663954930090700 ) ) ;
#5731 = CARTESIAN_POINT ( 'NONE',  ( 0.9853124150632436300, -17.76670861489782600, 8.380868479995751100 ) ) ;
#5732 = CARTESIAN_POINT ( 'NONE',  ( 2.560798503160773200, -18.84921488588832600, 7.592737116014404800 ) ) ;
#5733 = CARTESIAN_POINT ( 'NONE',  ( 2.304353871214426300, -17.45306647367504700, 4.527411491701691700 ) ) ;
#5734 = CARTESIAN_POINT ( 'NONE',  ( 1.984041475495816900, -17.20136664627632700, 7.805903370045713900 ) ) ;
#5735 = CARTESIAN_POINT ( 'NONE',  ( 1.545487413342380400, -17.74833174504033600, 7.962690931092556200 ) ) ;
#5736 = CARTESIAN_POINT ( 'NONE',  ( 1.474259558517014000, -18.25847664826516600, 8.982211951679746100 ) ) ;
#5737 = CARTESIAN_POINT ( 'NONE',  ( 3.286435194662531900, -17.65600030829092000, 8.695145269467511500 ) ) ;
#5738 = CARTESIAN_POINT ( 'NONE',  ( 1.702854171500086900, -16.61235832309004200, 8.362643711092753000 ) ) ;
#5739 = CARTESIAN_POINT ( 'NONE',  ( 3.133387838496516100, -18.95138714723269800, 7.119250946811317400 ) ) ;
#5740 = CARTESIAN_POINT ( 'NONE',  ( 2.745805553105066000, -18.95415546072930700, 6.109137163900562900 ) ) ;
#5741 = B_SPLINE_CURVE_WITH_KNOTS ( 'NONE', 3,
 ( #3183, #4855, #6796, #3471 ),
 .UNSPECIFIED., .F., .F.,
 ( 4, 4 ),
 ( 0.0000000000000000000, 1.000000000000000000 ),
 .UNSPECIFIED. ) ;
#5742 = CARTESIAN_POINT ( 'NONE',  ( 2.222258330352304700, -18.64317941724068500, 7.631140382268387900 ) ) ;
#5743 = CARTESIAN_POINT ( 'NONE',  ( 3.648766476042305300, -18.53834762751456800, 6.800525618325255400 ) ) ;
#5744 = CARTESIAN_POINT ( 'NONE',  ( 4.819672088387001500, -16.72653195598999800, 6.612376248815998300 ) ) ;
#5745 = CARTESIAN_POINT ( 'NONE',  ( 2.074944885083047600, -16.55882642497331500, 8.833272976963012700 ) ) ;
#5746 = CARTESIAN_POINT ( 'NONE',  ( 1.097297983188183500, -17.94290746230620600, 9.410760419026956900 ) ) ;
#5747 = CARTESIAN_POINT ( 'NONE',  ( 1.574861285588770300, -17.37895418695449800, 7.944740758483652200 ) ) ;
#5748 = CARTESIAN_POINT ( 'NONE',  ( 2.655920178763798000, -17.07658593838181100, 7.625504593649304200 ) ) ;
#5749 = VERTEX_POINT ( 'NONE', #899 ) ;
#5750 = CARTESIAN_POINT ( 'NONE',  ( 2.753535384819637800, -18.92566443792781100, 7.292255590503458500 ) ) ;
#5752 = CARTESIAN_POINT ( 'NONE',  ( 1.798447678047312600, -18.19906030344530400, 7.867609065459530100 ) ) ;
#5751 = CARTESIAN_POINT ( 'NONE',  ( 3.886786058274842100, -18.21307388698744800, 6.977676380623896600 ) ) ;
#5753 = CARTESIAN_POINT ( 'NONE',  ( 1.907578532687289800, -18.50189166663498200, 8.618882369065971700 ) ) ;
#5754 = CARTESIAN_POINT ( 'NONE',  ( 0.9667113345257435400, -18.68780718641480800, 6.849127384410598700 ) ) ;
#5755 = CARTESIAN_POINT ( 'NONE',  ( 2.888938489919562700, -17.02423554921718800, 7.928021625483225400 ) ) ;
#5756 = CARTESIAN_POINT ( 'NONE',  ( 1.256834208327737700, -17.14314230762047600, 8.080250078916426700 ) ) ;
#5757 = ORIENTED_EDGE ( 'NONE', *, *, #1705, .F. ) ;
#5758 = CARTESIAN_POINT ( 'NONE',  ( 4.325686088240187700, -18.77589755118088600, 6.871117638200999500 ) ) ;
#5759 = CARTESIAN_POINT ( 'NONE',  ( 1.713495769187549000, -17.83766337244171000, 7.812233503996917100 ) ) ;
#5760 = CARTESIAN_POINT ( 'NONE',  ( 1.603112311241255300, -18.31397363930116000, 8.443794654996706200 ) ) ;
#5761 = CARTESIAN_POINT ( 'NONE',  ( 1.888753042343387100, -17.98996893169340800, 9.538394834256253700 ) ) ;
#5762 = CARTESIAN_POINT ( 'NONE',  ( 3.045028500629031900, -17.08119961433073500, 8.289858436279850200 ) ) ;
#5763 = CARTESIAN_POINT ( 'NONE',  ( 1.322344673919221500, -17.17797484004814000, 8.065490937268151600 ) ) ;
#5764 = CARTESIAN_POINT ( 'NONE',  ( 3.749643691876965800, -18.53530650419449100, 7.160015002793135100 ) ) ;
#5765 = CARTESIAN_POINT ( 'NONE',  ( 3.508967831296319100, -18.85429575694676200, 5.318274327801128200 ) ) ;
#5766 = CARTESIAN_POINT ( 'NONE',  ( 2.866809815126129600, -18.84670934536045600, 7.941074889369470900 ) ) ;
#5767 = CARTESIAN_POINT ( 'NONE',  ( 3.384753334521155100, -18.77157937472531300, 6.800398091086394800 ) ) ;
#5768 = CARTESIAN_POINT ( 'NONE',  ( 4.617187235266998300, -16.63191785261000500, 6.736751149921000900 ) ) ;
#5769 = CARTESIAN_POINT ( 'NONE',  ( 1.727693598563779100, -16.77173213382867400, 8.209650945502859900 ) ) ;
#5770 = FACE_OUTER_BOUND ( 'NONE', #1243, .T. ) ;
#5771 = CARTESIAN_POINT ( 'NONE',  ( 1.447732379185648500, -17.44350277585514100, 9.835873509991198900 ) ) ;
#5772 = CARTESIAN_POINT ( 'NONE',  ( 1.413716957174986800, -18.03702192027546400, 8.253828853334816500 ) ) ;
#5773 = CARTESIAN_POINT ( 'NONE',  ( 2.079221012762731700, -17.51369924518522900, 7.449999999999887400 ) ) ;
#5774 = CARTESIAN_POINT ( 'NONE',  ( 3.473236229568410500, -18.77333397250624400, 7.408695694967626400 ) ) ;
#5776 = CARTESIAN_POINT ( 'NONE',  ( 2.167161564931167300, -18.63991441317928000, 8.341506921825159200 ) ) ;
#5775 = CARTESIAN_POINT ( 'NONE',  ( 3.691608862753514000, -17.49601249528422600, 6.948027997959551200 ) ) ;
#5777 = CARTESIAN_POINT ( 'NONE',  ( 2.438078982350141200, -18.33752128134471000, 9.113673724637182600 ) ) ;
#5778 = CARTESIAN_POINT ( 'NONE',  ( 1.507594759547618200, -19.50744279664654000, 6.889247048010001400 ) ) ;
#5779 = CARTESIAN_POINT ( 'NONE',  ( 2.250860143362420000, -17.21996546676354000, 7.597873694283904900 ) ) ;
#5780 = CARTESIAN_POINT ( 'NONE',  ( 1.818657929804246500, -16.62262566433346900, 9.507672810807012100 ) ) ;
#5781 = CARTESIAN_POINT ( 'NONE',  ( 1.295642343210152000, -17.66594470807232800, 9.666543952501564600 ) ) ;
#5782 = CARTESIAN_POINT ( 'NONE',  ( 1.840639955043698500, -18.44026932779203800, 8.231080245818512600 ) ) ;
#5783 = CARTESIAN_POINT ( 'NONE',  ( 2.016782563011893200, -18.39474183823856600, 9.056770148717085100 ) ) ;
#5784 = CARTESIAN_POINT ( 'NONE',  ( 2.262180859059518900, -17.34925597983088300, 9.605438997306365000 ) ) ;
#5785 = CARTESIAN_POINT ( 'NONE',  ( 2.461597953494144800, -17.01578954819303000, 7.831838618629197100 ) ) ;
#5786 = CARTESIAN_POINT ( 'NONE',  ( 1.116065896802986800, -17.78905763541353100, 8.310325386134584500 ) ) ;
#5787 = CARTESIAN_POINT ( 'NONE',  ( 3.844795051701094900, -17.79842233010832000, 7.129401661601505700 ) ) ;
#5788 = AXIS2_PLACEMENT_3D ( 'NONE', #3023, #4771, #1457 ) ;
#5789 = CARTESIAN_POINT ( 'NONE',  ( 4.493033139019668300, -16.61426271157999700, 6.849127380715888300 ) ) ;
#5790 = CARTESIAN_POINT ( 'NONE',  ( 3.478254255971465500, -18.45771841466567100, 8.107664800387846400 ) ) ;
#5791 = CARTESIAN_POINT ( 'NONE',  ( 3.046162275427206600, -18.86882276922400000, 6.800276115686972200 ) ) ;
#5792 = CARTESIAN_POINT ( 'NONE',  ( 4.468479698712001500, -16.61370820192999900, 6.861126051024999800 ) ) ;
#5793 = CARTESIAN_POINT ( 'NONE',  ( 1.396541249638495000, -17.35085197518266400, 8.027052014114342900 ) ) ;
#5794 = CARTESIAN_POINT ( 'NONE',  ( 1.762276713865617500, -16.79012030240831500, 9.671302395363456500 ) ) ;
#5795 = CARTESIAN_POINT ( 'NONE',  ( 1.639026618446122400, -18.34608484805704600, 8.891865175033302600 ) ) ;
#5796 = CARTESIAN_POINT ( 'NONE',  ( 1.961612874372372400, -18.19146909935464200, 7.522635443957076600 ) ) ;
#5797 = CARTESIAN_POINT ( 'NONE',  ( 3.841671937238899700, -18.12745069244983800, 7.413255813302916900 ) ) ;
#5799 = CARTESIAN_POINT ( 'NONE',  ( 2.768276498846424800, -18.51309041517818000, 8.760843714816223500 ) ) ;
#5798 = CARTESIAN_POINT ( 'NONE',  ( 3.025607707804545600, -17.16742369736708100, 6.904787418280698800 ) ) ;
#5800 = CARTESIAN_POINT ( 'NONE',  ( 1.197127195586100900, -19.42131723184937200, 6.500000068710671800 ) ) ;
#5801 = CARTESIAN_POINT ( 'NONE',  ( 1.914694608028103800, -17.82137151093176200, 7.539942757100526200 ) ) ;
#5802 = CARTESIAN_POINT ( 'NONE',  ( 0.1010936169502445100, -15.53356225933165100, 9.078071449965994700 ) ) ;
#5803 = CARTESIAN_POINT ( 'NONE',  ( 0.4307581097601430000, -17.61582655392835800, 8.894378496395656700 ) ) ;
#5804 = CARTESIAN_POINT ( 'NONE',  ( 2.342884910649448900, -18.56813353216548600, 8.764733958323017000 ) ) ;
#5805 = CARTESIAN_POINT ( 'NONE',  ( 2.504128256603258300, -17.93976643317096600, 9.386244700972383700 ) ) ;
#5806 = ORIENTED_EDGE ( 'NONE', *, *, #3698, .T. ) ;
#5807 = CARTESIAN_POINT ( 'NONE',  ( 2.338097190172079700, -16.77633757310252300, 9.137302891435654200 ) ) ;
#5808 = CARTESIAN_POINT ( 'NONE',  ( 1.936805521907497600, -17.50468946831203700, 7.635623892592710700 ) ) ;
#5809 = CARTESIAN_POINT ( 'NONE',  ( 1.151204079785802100, -18.10629081762625200, 8.981934545584058700 ) ) ;
#5810 = CARTESIAN_POINT ( 'NONE',  ( 3.358527831860981000, -17.24131958410038100, 7.048653668383804100 ) ) ;
#5811 = CARTESIAN_POINT ( 'NONE',  ( 1.437485674031815600, -16.85720363332677300, 8.223538986866458300 ) ) ;
#5812 = CARTESIAN_POINT ( 'NONE',  ( 3.639808960320214400, -17.73660313090798000, 8.016315698165403300 ) ) ;
#5813 = CARTESIAN_POINT ( 'NONE',  ( 2.698623520700235800, -18.81122940107302800, 6.800173416507217200 ) ) ;
#5814 = CARTESIAN_POINT ( 'NONE',  ( 2.978503991324999800, -19.53721626686000000, 6.899230593224002600 ) ) ;
#5815 = ORIENTED_EDGE ( 'NONE', *, *, #6604, .T. ) ;
#5816 = CARTESIAN_POINT ( 'NONE',  ( 1.219571067933839400, -17.97085696727645400, 8.397465042263698700 ) ) ;
#5817 = CARTESIAN_POINT ( 'NONE',  ( 1.826380056720007900, -16.42666216135260300, 9.024587021664784100 ) ) ;
#5818 = CARTESIAN_POINT ( 'NONE',  ( 2.095514473293420600, -18.09990593463392000, 9.425021270212690500 ) ) ;
#5819 = CARTESIAN_POINT ( 'NONE',  ( 2.345484284378638800, -18.74130086645894600, 7.844578352761281800 ) ) ;
#5820 = CARTESIAN_POINT ( 'NONE',  ( 3.612488067161100600, -17.42841292435869200, 7.303713539161718900 ) ) ;
#5822 = CARTESIAN_POINT ( 'NONE',  ( 3.193664388643737700, -17.90868307743955900, 8.842575833982694500 ) ) ;
#5821 = CARTESIAN_POINT ( 'NONE',  ( 2.338825964424327900, -17.45415742473754900, 6.877305541263162100 ) ) ;
#5823 = CARTESIAN_POINT ( 'NONE',  ( 1.835753530159673900, -16.53476700880504100, 9.359353926035456800 ) ) ;
#5824 = CARTESIAN_POINT ( 'NONE',  ( 0.9282657195604178100, -18.95528968555179000, 6.500000066880991400 ) ) ;
#5825 = CARTESIAN_POINT ( 'NONE',  ( 2.036575323667780600, -18.49946047297374800, 7.820104593240865900 ) ) ;
#5826 = CARTESIAN_POINT ( 'NONE',  ( 3.723625615640626700, -18.61885360215072500, 6.500000009035460400 ) ) ;
#5827 = FACE_OUTER_BOUND ( 'NONE', #7115, .T. ) ;
#5828 = CARTESIAN_POINT ( 'NONE',  ( 3.740792291138580300, -17.69594924244912400, 7.601858715168279300 ) ) ;
#5829 = CARTESIAN_POINT ( 'NONE',  ( 0.1096816019542608400, -16.64781262977474800, 8.401397544651537400 ) ) ;
#5830 = CARTESIAN_POINT ( 'NONE',  ( 2.877839539975218600, -18.13847224725939400, 9.051573024138807700 ) ) ;
#5831 = CARTESIAN_POINT ( 'NONE',  ( 2.733732154802169600, -17.25483354760064700, 9.205578270638145700 ) ) ;
#5832 = CARTESIAN_POINT ( 'NONE',  ( 2.067471438053452500, -16.65797360591905700, 8.454551430211457900 ) ) ;
#5833 = CARTESIAN_POINT ( 'NONE',  ( 1.842145286201668100, -18.17512089489402500, 7.770222910436243200 ) ) ;
#5834 = CARTESIAN_POINT ( 'NONE',  ( 2.617590791443371600, -17.24489886449557100, 6.972389483709608100 ) ) ;
#5835 = CARTESIAN_POINT ( 'NONE',  ( 1.236892657003951300, -16.22062966630307600, 9.216333165804178100 ) ) ;
#5836 = CARTESIAN_POINT ( 'NONE',  ( 3.240528715915579100, -17.17857834122306200, 7.729760175828362300 ) ) ;
#5837 = ORIENTED_EDGE ( 'NONE', *, *, #2611, .T. ) ;
#5838 = CARTESIAN_POINT ( 'NONE',  ( 2.232508931561443300, -17.84258741373919600, 6.798740595016320200 ) ) ;
#5839 = CARTESIAN_POINT ( 'NONE',  ( 1.478282925993000400, -19.52056682161999700, 6.871117638202001400 ) ) ;
#5840 = CARTESIAN_POINT ( 'NONE',  ( 1.383343235720788400, -18.19712034905787600, 9.086605090425004900 ) ) ;
#5841 = CARTESIAN_POINT ( 'NONE',  ( 1.596020421462379700, -16.60272764952333400, 8.339849240338423900 ) ) ;
#5842 = ORIENTED_EDGE ( 'NONE', *, *, #162, .T. ) ;
#5843 = CARTESIAN_POINT ( 'NONE',  ( 2.474004433319172400, -17.46188457211355400, 9.489289706542040300 ) ) ;
#5844 = CARTESIAN_POINT ( 'NONE',  ( 3.015973646213704600, -18.75208266611719000, 8.166521261564515300 ) ) ;
#5845 = CARTESIAN_POINT ( 'NONE',  ( 2.937178376500153600, -17.15200507999286800, 7.153806881326215000 ) ) ;
#5847 = CARTESIAN_POINT ( 'NONE',  ( 3.152182413429860400, -17.23472466215512700, 8.528410356540957700 ) ) ;
#5846 = CARTESIAN_POINT ( 'NONE',  ( 2.098626769604503600, -18.10156077194131900, 6.841275627772643200 ) ) ;
#5848 = CARTESIAN_POINT ( 'NONE',  ( 1.637954071387893700, -17.08149722881713500, 9.824556327231009700 ) ) ;
#5849 = CARTESIAN_POINT ( 'NONE',  ( 3.643297258151889700, -18.55747172643517500, 6.498964269018821400 ) ) ;
#5850 = CARTESIAN_POINT ( 'NONE',  ( 2.595677484682488200, -18.77121006758007800, 8.228705640254867500 ) ) ;
#5851 = CARTESIAN_POINT ( 'NONE',  ( 2.486557049145937400, -17.28320860111360700, 6.900000000000000400 ) ) ;
#5852 = CARTESIAN_POINT ( 'NONE',  ( 3.239296699134706100, -17.18449384775003000, 7.397415556436683000 ) ) ;
#5853 = CARTESIAN_POINT ( 'NONE',  ( 3.081337214151092900, -17.43965843615087200, 8.894285641102127800 ) ) ;
#5855 = CARTESIAN_POINT ( 'NONE',  ( 2.547917306489480900, -16.81031032235204100, 8.638840754297765700 ) ) ;
#5854 = CARTESIAN_POINT ( 'NONE',  ( 3.268994663208197000, -18.77932698577612700, 7.808385735691326000 ) ) ;
#5856 = CARTESIAN_POINT ( 'NONE',  ( 1.631973518280487100, -17.07831731232661800, 8.020623582092083500 ) ) ;
#5857 = EDGE_CURVE ( 'NONE', #6416, #230, #5151, .T. ) ;
#5858 = CARTESIAN_POINT ( 'NONE',  ( 2.200155330363479800, -18.66402809091469500, 8.201660135380693700 ) ) ;
#5859 = CARTESIAN_POINT ( 'NONE',  ( 2.150774597658006400, -17.75188496000154400, 6.913808097790634700 ) ) ;
#5860 = CARTESIAN_POINT ( 'NONE',  ( 0.4790510621727459000, -16.54493415972326900, 9.977080168759435700 ) ) ;
#5861 = CARTESIAN_POINT ( 'NONE',  ( 2.554630519682146200, -17.15960351898421300, 7.443204653492292900 ) ) ;
#5862 = CARTESIAN_POINT ( 'NONE',  ( 2.203079839229614000, -17.64627003423617100, 6.600000015580382000 ) ) ;
#5863 = CARTESIAN_POINT ( 'NONE',  ( 2.866881036546514900, -17.67078076752985500, 9.196629502866212400 ) ) ;
#5864 = CARTESIAN_POINT ( 'NONE',  ( 1.977815375776200300, -19.54188619828830300, 6.848617413941101800 ) ) ;
#5865 = CARTESIAN_POINT ( 'NONE',  ( 1.778933354139649500, -17.87245715354272600, 9.627487795944633200 ) ) ;
#5866 = CARTESIAN_POINT ( 'NONE',  ( 1.289716028915674200, -17.16062588175734800, 8.073683491962285100 ) ) ;
#5867 = CARTESIAN_POINT ( 'NONE',  ( 2.514574330850220200, -16.87017213327421700, 9.040535122326275500 ) ) ;
#5868 = CARTESIAN_POINT ( 'NONE',  ( 2.279501424757454800, -17.48804600174528200, 7.066481934986332400 ) ) ;
#5870 = CARTESIAN_POINT ( 'NONE',  ( 2.672317682654727900, -16.95404576121265100, 8.034095599564402300 ) ) ;
#5869 = CARTESIAN_POINT ( 'NONE',  ( 2.430565204292047800, -18.76695337968032700, 6.858887953220390800 ) ) ;
#5871 = CARTESIAN_POINT ( 'NONE',  ( 3.550531015890624300, -18.82071810230371900, 6.799999999999912800 ) ) ;
#5872 = CARTESIAN_POINT ( 'NONE',  ( 1.377856105131722400, -17.97542779724508900, 9.499515480417644000 ) ) ;
#5873 = CARTESIAN_POINT ( 'NONE',  ( 3.257072832256561900, -18.83592205995358200, 6.599505384982876400 ) ) ;
#5874 = CARTESIAN_POINT ( 'NONE',  ( 3.214518765041295200, -18.44835175522914000, 8.488395121917713800 ) ) ;
#5875 = CARTESIAN_POINT ( 'NONE',  ( 3.789954653147561200, -18.49896114809242700, 6.600000004063247200 ) ) ;
#5876 = CARTESIAN_POINT ( 'NONE',  ( 2.520687554926843700, -17.24884506597230400, 7.216510457627639300 ) ) ;
#5877 = CARTESIAN_POINT ( 'NONE',  ( 2.813629030499069200, -16.95159175211184900, 8.400886504090879100 ) ) ;
#5879 = CARTESIAN_POINT ( 'NONE',  ( 2.075484506347992800, -16.90483706454949700, 8.072103237958359000 ) ) ;
#5878 = CARTESIAN_POINT ( 'NONE',  ( 3.715253546634309100, -18.18601695219818700, 7.850417388949288100 ) ) ;
#5880 = CARTESIAN_POINT ( 'NONE',  ( 1.375248362919978100, -17.71693365044342600, 8.086006849053569900 ) ) ;
#5881 = CARTESIAN_POINT ( 'NONE',  ( 2.819957113518757100, -18.59604005172558100, 8.609140332567909200 ) ) ;
#5882 = CARTESIAN_POINT ( 'NONE',  ( 2.201486580324936600, -18.49295070631379500, 6.948163611368881800 ) ) ;
#5883 = CARTESIAN_POINT ( 'NONE',  ( 0.9938355275349000100, -18.63622723286999900, 6.736751149921000900 ) ) ;
#5884 = CARTESIAN_POINT ( 'NONE',  ( 2.084260933732716500, -17.64980678435967600, 7.315131287935594500 ) ) ;
#5885 = CARTESIAN_POINT ( 'NONE',  ( -0.6833447222534430000, -17.02344757030526500, 9.116867792653858200 ) ) ;
#5886 = CARTESIAN_POINT ( 'NONE',  ( 2.841892665550362900, -17.04421037899100700, 8.796710344486948300 ) ) ;
#5887 = CARTESIAN_POINT ( 'NONE',  ( 2.134675984343600500, -17.21982484448049900, 9.648670267005801500 ) ) ;
#5888 = ADVANCED_FACE ( 'NONE', ( #1527 ), #5303, .T. ) ;
#5889 = CARTESIAN_POINT ( 'NONE',  ( 1.025915289914298300, -17.78829754640878800, 8.372759977986730100 ) ) ;
#5890 = CARTESIAN_POINT ( 'NONE',  ( 2.192397696682019300, -16.72439807589438100, 8.386050573362721700 ) ) ;
#5891 = CARTESIAN_POINT ( 'NONE',  ( 2.085055594718821800, -18.14981541654717000, 7.052081126201927400 ) ) ;
#5893 = CARTESIAN_POINT ( 'NONE',  ( 2.081819234757978700, -17.25335600308310900, 7.695163208281832600 ) ) ;
#5892 = CARTESIAN_POINT ( 'NONE',  ( 3.148777738964437600, -18.95957010246428400, 6.879964901315406500 ) ) ;
#5894 = CARTESIAN_POINT ( 'NONE',  ( 2.502504761607968300, -16.65320017412386400, 6.500000002964805300 ) ) ;
#5895 = CARTESIAN_POINT ( 'NONE',  ( 1.765938619574115800, -17.41383792477840900, 9.794370061497032200 ) ) ;
#5896 = CARTESIAN_POINT ( 'NONE',  ( 2.673372728678443400, -18.80980678706383800, 6.699728293724770200 ) ) ;
#5897 = CARTESIAN_POINT ( 'NONE',  ( 3.468119418846717000, -17.75260352387455500, 8.420835274683094300 ) ) ;
#5898 = CARTESIAN_POINT ( 'NONE',  ( 3.166653696789077700, -18.98508632400815800, 6.700000008388105500 ) ) ;
#5899 = ORIENTED_EDGE ( 'NONE', *, *, #4973, .F. ) ;
#5900 = CARTESIAN_POINT ( 'NONE',  ( 2.098554073094112100, -17.78955080884214000, 7.140940580473278800 ) ) ;
#5901 = CARTESIAN_POINT ( 'NONE',  ( 2.259302895018247000, -17.00257503551889500, 7.907487367080601200 ) ) ;
#5903 = CARTESIAN_POINT ( 'NONE',  ( 1.688230451907339900, -17.43923364194601800, 7.864897657576233500 ) ) ;
#5902 = CARTESIAN_POINT ( 'NONE',  ( 3.593546737599502700, -17.46940223611728600, 7.688854290520722200 ) ) ;
#5904 = CARTESIAN_POINT ( 'NONE',  ( 1.398520967257807200, -18.21820572495238700, 8.634746441265932000 ) ) ;
#5905 = CARTESIAN_POINT ( 'NONE',  ( 3.275911279224735600, -18.01784651916470300, 8.712832734149829500 ) ) ;
#5906 = CARTESIAN_POINT ( 'NONE',  ( 2.788853184044144800, -18.94444324488157200, 7.012080802401945900 ) ) ;
#5907 = CARTESIAN_POINT ( 'NONE',  ( 0.9274723974978001900, -18.82434793335999500, 6.861126051024999800 ) ) ;
#5908 = CARTESIAN_POINT ( 'NONE',  ( 2.060658110323520200, -18.38100663313703400, 7.454220376191744700 ) ) ;
#5909 = CARTESIAN_POINT ( 'NONE',  ( 2.424102804649506100, -16.84759786716554000, 8.213449651003253700 ) ) ;
#5910 = CARTESIAN_POINT ( 'NONE',  ( 2.210402747922663100, -16.68291093611982100, 9.139829074546629100 ) ) ;
#5911 = CARTESIAN_POINT ( 'NONE',  ( 1.051712041159882600, -18.04681938084457100, 9.070887791115104900 ) ) ;
#5912 = CARTESIAN_POINT ( 'NONE',  ( 1.724136224449768200, -17.12732109244452200, 7.970087974835447400 ) ) ;
#5913 = CARTESIAN_POINT ( 'NONE',  ( 2.448250264073093000, -18.78937192564910300, 7.161568799821211900 ) ) ;
#5915 = CARTESIAN_POINT ( 'NONE',  ( 1.811147683131290500, -17.88958581610576800, 7.694149920181613900 ) ) ;
#5914 = CARTESIAN_POINT ( 'NONE',  ( 3.766998675833317800, -18.54453431285093100, 6.890175344686435100 ) ) ;
#5916 = CARTESIAN_POINT ( 'NONE',  ( 3.448629198605717600, -17.40249179619124200, 6.800138077428565400 ) ) ;
#5917 = CARTESIAN_POINT ( 'NONE',  ( 1.710116887784640700, -17.30353525601504600, 6.500000027594701600 ) ) ;
#5918 = CARTESIAN_POINT ( 'NONE',  ( 2.014504736179358900, -16.77806586771111300, 9.499515480415480400 ) ) ;
#5919 = CARTESIAN_POINT ( 'NONE',  ( 2.313506456865086000, -18.49769856385869100, 6.799428646036513900 ) ) ;
#5920 = CARTESIAN_POINT ( 'NONE',  ( 3.187858593129556400, -17.15714372163897700, 8.074211083820911100 ) ) ;
#5921 = ORIENTED_EDGE ( 'NONE', *, *, #297, .T. ) ;
#5922 = CARTESIAN_POINT ( 'NONE',  ( 2.146146200179277900, -18.44009304378576500, 6.800000000000003400 ) ) ;
#5923 = ADVANCED_FACE ( 'NONE', ( #7071, #3411 ), #1479, .T. ) ;
#5924 = ORIENTED_EDGE ( 'NONE', *, *, #2583, .T. ) ;
#5925 = CARTESIAN_POINT ( 'NONE',  ( 2.182460330476171600, -18.51989851724888000, 7.252665294183937100 ) ) ;
#5926 = CARTESIAN_POINT ( 'NONE',  ( 1.841500837417382000, -17.52072895151662000, 7.719238815542910400 ) ) ;
#5927 = EDGE_CURVE ( 'NONE', #4513, #1933, #5063, .T. ) ;
#5929 = CARTESIAN_POINT ( 'NONE',  ( 1.557696599596918300, -18.11357725411888000, 8.152427550918911700 ) ) ;
#5928 = CARTESIAN_POINT ( 'NONE',  ( 2.987454518187764800, -17.12160698893113800, 7.434647417167831800 ) ) ;
#5930 = CARTESIAN_POINT ( 'NONE',  ( 1.747348226565878600, -18.21441681290648500, 9.291431780043719600 ) ) ;
#5931 = CARTESIAN_POINT ( 'NONE',  ( 3.261061825156918100, -17.32421696440093600, 8.444978940689381400 ) ) ;
#5932 = CARTESIAN_POINT ( 'NONE',  ( 4.690876453498946200, -16.66067762386362000, 6.499999961698013500 ) ) ;
#5933 = CARTESIAN_POINT ( 'NONE',  ( 3.516908242153836900, -18.79655479349825600, 7.062247242890857800 ) ) ;
#5934 = CARTESIAN_POINT ( 'NONE',  ( 0.9603931974856001500, -19.11923282475000000, 6.488001347711999300 ) ) ;
#5935 = COLOUR_RGB ( '',1.000000000000000000, 1.000000000000000000, 1.000000000000000000 ) ;
#5936 = CARTESIAN_POINT ( 'NONE',  ( 2.569888367036928100, -18.84103281935933100, 7.741335576477155200 ) ) ;
#5937 = CARTESIAN_POINT ( 'NONE',  ( 4.020584076322698800, -16.64474745988329800, 6.900036467719999700 ) ) ;
#5938 = CARTESIAN_POINT ( 'NONE',  ( 1.895073623984165900, -17.21821012000116400, 7.842753911792235600 ) ) ;
#5939 = CARTESIAN_POINT ( 'NONE',  ( 1.952357847396194900, -16.62836671617044400, 8.443488934366996500 ) ) ;
#5940 = CARTESIAN_POINT ( 'NONE',  ( 1.472196837073787700, -17.76848206853646400, 8.028848098461892800 ) ) ;
#5941 = CARTESIAN_POINT ( 'NONE',  ( 3.169314954932463300, -18.92796336412460400, 7.285302215761145600 ) ) ;
#5943 = CARTESIAN_POINT ( 'NONE',  ( 1.978698737389212200, -18.51367648448938400, 8.064135481111421200 ) ) ;
#5942 = CARTESIAN_POINT ( 'NONE',  ( 3.860674280366451800, -17.80686546575767400, 6.882507418147612900 ) ) ;
#5944 = CARTESIAN_POINT ( 'NONE',  ( 3.691878628928976000, -18.46873117245134200, 6.498986781438094200 ) ) ;
#5945 = CARTESIAN_POINT ( 'NONE',  ( 1.953146133319626900, -16.50063546136467000, 8.811242769251844500 ) ) ;
#5946 = CARTESIAN_POINT ( 'NONE',  ( 2.234849813970108300, -17.79657090573313400, 6.497205492907731600 ) ) ;
#5947 = CARTESIAN_POINT ( 'NONE',  ( 2.560518496383105800, -17.06838653383260200, 7.682486666219537200 ) ) ;
#5948 = CARTESIAN_POINT ( 'NONE',  ( 5.007222042533561200, -17.50486401710479700, 6.849127380969428600 ) ) ;
#5949 = CARTESIAN_POINT ( 'NONE',  ( 2.780191907461608400, -18.92037872178647000, 7.444457893339966300 ) ) ;
#5950 = CARTESIAN_POINT ( 'NONE',  ( 1.752351072380078600, -18.21707687321344300, 7.967439792143133000 ) ) ;
#5952 = CARTESIAN_POINT ( 'NONE',  ( 1.846194057175417800, -18.45623772916318100, 8.745962269928448100 ) ) ;
#5951 = CARTESIAN_POINT ( 'NONE',  ( 2.310406793811820200, -17.37489816419368800, 7.260347657248196600 ) ) ;
#5953 = CARTESIAN_POINT ( 'NONE',  ( 0.0000000000000000000, 0.0000000000000000000, 0.0000000000000000000 ) ) ;
#5954 = CARTESIAN_POINT ( 'NONE',  ( 2.186625446368371400, -17.70423496119151700, 9.609554139814722600 ) ) ;
#5955 = CARTESIAN_POINT ( 'NONE',  ( 2.781876837885300300, -16.98676909970616900, 7.985166840612190100 ) ) ;
#5956 = CARTESIAN_POINT ( 'NONE',  ( 5.057233705669592200, -17.08424926108131500, 6.499999961054431500 ) ) ;
#5957 = CARTESIAN_POINT ( 'NONE',  ( 1.069882997856000100, -19.31315279639000300, 6.612376248815998300 ) ) ;
#5958 = CARTESIAN_POINT ( 'NONE',  ( 3.263626031745055800, -18.72100186750003600, 7.981254862957583500 ) ) ;
#5959 = CARTESIAN_POINT ( 'NONE',  ( 3.521881558041001400, -16.59924714996999700, 6.889247048010001400 ) ) ;
#5960 = CARTESIAN_POINT ( 'NONE',  ( 1.651089702478176100, -17.86360109232948500, 7.886979958267363400 ) ) ;
#5961 = CARTESIAN_POINT ( 'NONE',  ( 1.537749655470517200, -17.09364959006081700, 8.037850744215962400 ) ) ;
#5962 = CARTESIAN_POINT ( 'NONE',  ( 1.536837390743941900, -18.29174987187403200, 8.553198030919279700 ) ) ;
#5963 = B_SPLINE_CURVE_WITH_KNOTS ( 'NONE', 3,
 ( #3776, #4256, #6539, #468, #4330, #1020 ),
 .UNSPECIFIED., .F., .F.,
 ( 4, 2, 4 ),
 ( 0.0000000000000000000, 0.5000000000000000000, 1.000000000000000000 ),
 .UNSPECIFIED. ) ;
#5964 = CARTESIAN_POINT ( 'NONE',  ( 3.753069564057228000, -18.47041418991427600, 7.338309350767732800 ) ) ;
#5966 = CARTESIAN_POINT ( 'NONE',  ( 2.532426188094610200, -18.66891441707298000, 8.535535037198444600 ) ) ;
#5965 = CARTESIAN_POINT ( 'NONE',  ( 3.370514500172141900, -17.24769300869597900, 6.862281932918240700 ) ) ;
#5967 = CARTESIAN_POINT ( 'NONE',  ( 3.764243454530126400, -18.54478275156312300, 6.500000007168653200 ) ) ;
#5968 = CARTESIAN_POINT ( 'NONE',  ( 3.095400264979849800, -17.26578875005268200, 6.498181470261382500 ) ) ;
#5969 = CARTESIAN_POINT ( 'NONE',  ( 1.623999889240306000, -16.77206777686895800, 8.202212642767920100 ) ) ;
#5970 = CARTESIAN_POINT ( 'NONE',  ( 3.792303743360080600, -18.49574277729935200, 6.700000002031575100 ) ) ;
#5971 = CARTESIAN_POINT ( 'NONE',  ( 2.016915306144896100, -17.54728459615978100, 7.514672750053971800 ) ) ;
#5972 = CARTESIAN_POINT ( 'NONE',  ( 2.338060802848785700, -17.45298869884833700, 6.500000017938620400 ) ) ;
#5973 = CARTESIAN_POINT ( 'NONE',  ( 3.481265822768226500, -18.71596779206186800, 7.584607755781363800 ) ) ;
#5974 = CARTESIAN_POINT ( 'NONE',  ( 2.126275795713934000, -18.60515983118120800, 8.479789639289844400 ) ) ;
#5976 = CARTESIAN_POINT ( 'NONE',  ( 2.355482916599697800, -18.23813360787499600, 9.241931923032337800 ) ) ;
#5975 = CARTESIAN_POINT ( 'NONE',  ( 2.036646197368076700, -18.00948550295232300, 7.237743499768672700 ) ) ;
#5977 =( NAMED_UNIT ( * ) PLANE_ANGLE_UNIT ( ) SI_UNIT ( $, .RADIAN. ) );
#5978 = CARTESIAN_POINT ( 'NONE',  ( 2.414685741835015200, -17.03801972173916100, 9.370647875330769600 ) ) ;
#5979 = ADVANCED_FACE ( 'NONE', ( #5770 ), #4139, .T. ) ;
#5980 = CARTESIAN_POINT ( 'NONE',  ( 2.167429248696087600, -17.23724006405808100, 7.649165332428212100 ) ) ;
#5981 = CARTESIAN_POINT ( 'NONE',  ( 3.790448704895972700, -18.49699475403474800, 6.500000005964251300 ) ) ;
#5982 = CARTESIAN_POINT ( 'NONE',  ( 1.242968180291999800, -19.45455104778000100, 6.736751149921000900 ) ) ;
#5983 = CARTESIAN_POINT ( 'NONE',  ( 3.670714885110516700, -18.09818680630358800, 8.010175544023493200 ) ) ;
#5984 = CARTESIAN_POINT ( 'NONE',  ( 3.022814090715999900, -16.56438001695000000, 6.860127676785998200 ) ) ;
#5985 = CARTESIAN_POINT ( 'NONE',  ( 1.792063907157859700, -18.42745621786221500, 8.350794703485725300 ) ) ;
#5986 = EDGE_LOOP ( 'NONE', ( #6694, #1050, #655, #36 ) ) ;
#5987 = CARTESIAN_POINT ( 'NONE',  ( 1.296195545776551500, -17.73037108826030900, 8.149687808780079500 ) ) ;
#5988 = CARTESIAN_POINT ( 'NONE',  ( 1.935170328533059500, -18.31428359599743800, 9.180695878569764500 ) ) ;
#5989 = CARTESIAN_POINT ( 'NONE',  ( 3.805963585980099800, -17.73060143459063600, 7.285302215758983700 ) ) ;
#5990 = CARTESIAN_POINT ( 'NONE',  ( 2.625901047129501900, -17.24931750582365100, 6.843179536943623900 ) ) ;
#5991 = CARTESIAN_POINT ( 'NONE',  ( 3.440101831175220100, -18.37072017736279500, 8.271905860707413200 ) ) ;
#5992 = CARTESIAN_POINT ( 'NONE',  ( 3.368101388195071000, -18.89071166367663300, 6.500000019790608300 ) ) ;
#5993 = CARTESIAN_POINT ( 'NONE',  ( 3.803875692742117600, -17.98706896522478300, 6.599476147824523400 ) ) ;
#5994 = CARTESIAN_POINT ( 'NONE',  ( 1.308797932326692900, -17.36963002008052800, 8.062490009218183900 ) ) ;
#5995 = CARTESIAN_POINT ( 'NONE',  ( -0.3646099961753113700, -16.78570270534266100, 10.07991726568723400 ) ) ;
#5996 = CARTESIAN_POINT ( 'NONE',  ( 1.934283305325676700, -18.22411154867729300, 7.621191722830672300 ) ) ;
#5997 = CARTESIAN_POINT ( 'NONE',  ( 3.810975973405427400, -18.04949376808447100, 7.578773478898563500 ) ) ;
#5998 = CARTESIAN_POINT ( 'NONE',  ( 2.706949411590338100, -18.42501165817572000, 8.907919566349816500 ) ) ;
#6000 = CARTESIAN_POINT ( 'NONE',  ( 2.740337688040946200, -17.60349647561501400, 9.301717780044874900 ) ) ;
#5999 = CARTESIAN_POINT ( 'NONE',  ( 2.297505087812501400, -18.68318882788472700, 7.418875064677729700 ) ) ;
#6001 = FACE_BOUND ( 'NONE', #1420, .T. ) ;
#6002 = CARTESIAN_POINT ( 'NONE',  ( 2.278988875194400500, -16.66731853898987800, 8.740491196124104100 ) ) ;
#6003 = CARTESIAN_POINT ( 'NONE',  ( 1.865460568402468100, -17.85682889858461300, 7.617553230383218300 ) ) ;
#6004 = CARTESIAN_POINT ( 'NONE',  ( 3.699913651945811100, -18.45411298671878300, 6.499999993204070000 ) ) ;
#6005 = CARTESIAN_POINT ( 'NONE',  ( 1.456363390743999700, -19.52365029229999700, 6.861126051024999800 ) ) ;
#6006 = CARTESIAN_POINT ( 'NONE',  ( 3.511592908645074600, -17.40029631463336900, 7.808236786080446900 ) ) ;
#6007 = CARTESIAN_POINT ( 'NONE',  ( 3.793228353883247600, -18.49176699722021800, 6.900000000000000400 ) ) ;
#6008 = CARTESIAN_POINT ( 'NONE',  ( 2.281746530999923600, -18.49856143163957300, 8.905849136255520500 ) ) ;
#6009 = CARTESIAN_POINT ( 'NONE',  ( 1.316760630478989600, -18.18774821563516800, 8.735904557812777000 ) ) ;
#6010 = ORIENTED_EDGE ( 'NONE', *, *, #7110, .T. ) ;
#6011 = CARTESIAN_POINT ( 'NONE',  ( 2.398429906902917400, -17.81685339052629000, 9.484678751732888100 ) ) ;
#6012 = CARTESIAN_POINT ( 'NONE',  ( 3.287851818178763700, -17.21031106250171000, 7.161568799818361700 ) ) ;
#6013 = CARTESIAN_POINT ( 'NONE',  ( 2.155161936752066200, -17.75421774957796500, 6.799999999999255500 ) ) ;
#6014 = CARTESIAN_POINT ( 'NONE',  ( 3.561574623497589800, -17.64783135719099500, 8.146744531416038300 ) ) ;
#6015 = CARTESIAN_POINT ( 'NONE',  ( 2.892807335911725500, -18.96285600304129600, 6.500000029847694100 ) ) ;
#6016 = ORIENTED_EDGE ( 'NONE', *, *, #162, .F. ) ;
#6017 = CARTESIAN_POINT ( 'NONE',  ( 3.692418258859723900, -18.47032880934781900, 6.700033236890131900 ) ) ;
#6018 = CARTESIAN_POINT ( 'NONE',  ( 1.133904610600563900, -17.96237155136443800, 8.476202377060685600 ) ) ;
#6019 = CARTESIAN_POINT ( 'NONE',  ( 3.852159694825459300, -18.38445835033498800, 6.500000003127998300 ) ) ;
#6020 = CARTESIAN_POINT ( 'NONE',  ( 2.333265141490222100, -18.73480383293808100, 7.986357989504600000 ) ) ;
#6021 = CARTESIAN_POINT ( 'NONE',  ( 3.541841096424974500, -17.37139002305448800, 7.429798439338180000 ) ) ;
#6022 = CARTESIAN_POINT ( 'NONE',  ( 3.100409142660649900, -17.79494986410960800, 8.959527793671254500 ) ) ;
#6024 = CARTESIAN_POINT ( 'NONE',  ( 2.736465267329210700, -16.98815363700095200, 8.884262821778962800 ) ) ;
#6023 = CARTESIAN_POINT ( 'NONE',  ( 2.970116292919900800, -18.90163837395583000, 7.649655258036299100 ) ) ;
#6025 = CARTESIAN_POINT ( 'NONE',  ( 1.869155569899440900, -16.84694879820962400, 8.145326122143236700 ) ) ;
#6026 = CARTESIAN_POINT ( 'NONE',  ( 2.009880031016243700, -18.51079663175741500, 7.941046321704958700 ) ) ;
#6027 = CARTESIAN_POINT ( 'NONE',  ( 1.013648403525000000, -18.67892773579000100, 6.899230593224002600 ) ) ;
#6028 = CARTESIAN_POINT ( 'NONE',  ( 2.201946175630920000, -17.64566725460841200, 6.766666674456860000 ) ) ;
#6029 = CARTESIAN_POINT ( 'NONE',  ( 2.898176361434115800, -17.09966724861129000, 7.513719913029963700 ) ) ;
#6030 = CARTESIAN_POINT ( 'NONE',  ( 1.004877143397230300, -17.80087379514225900, 8.569802755482754700 ) ) ;
#6031 = CARTESIAN_POINT ( 'NONE',  ( 2.789259233317506100, -18.02466102955205700, 9.174737773669944500 ) ) ;
#6032 = CARTESIAN_POINT ( 'NONE',  ( 1.650615259146059900, -18.12045641200716200, 9.398395580242773700 ) ) ;
#6033 = CARTESIAN_POINT ( 'NONE',  ( 2.608479724568117500, -17.14106181015812800, 9.256391080451921400 ) ) ;
#6034 = CARTESIAN_POINT ( 'NONE',  ( 1.349390759888702100, -17.75865548532030400, 9.688638376653640800 ) ) ;
#6035 = CARTESIAN_POINT ( 'NONE',  ( 2.554539560679494900, -17.26684449671200400, 7.052081126200334000 ) ) ;
#6036 = CARTESIAN_POINT ( 'NONE',  ( 2.207198335613785600, -18.49598770047249700, 6.800000000000442100 ) ) ;
#6037 = CARTESIAN_POINT ( 'NONE',  ( 3.144734743836048000, -17.12764378277174200, 7.816609832765817800 ) ) ;
#6038 = CARTESIAN_POINT ( 'NONE',  ( 2.398283464507292800, -18.74133423969192300, 6.500000035911969400 ) ) ;
#6039 = CARTESIAN_POINT ( 'NONE',  ( 2.970946352896919300, -17.26119336908802300, 6.699016450782472100 ) ) ;
#6040 = CARTESIAN_POINT ( 'NONE',  ( 1.287367034508651900, -18.12662965701285600, 9.186403081064845800 ) ) ;
#6041 = CARTESIAN_POINT ( 'NONE',  ( 3.611010271025086200, -17.36835161190041200, 6.599999995074115900 ) ) ;
#6042 = CARTESIAN_POINT ( 'NONE',  ( 2.991763617742800600, -18.68739119044309000, 8.331247150076006100 ) ) ;
#6043 = CARTESIAN_POINT ( 'NONE',  ( 2.858685435557000600, -17.14733389040365800, 7.239988957746333200 ) ) ;
#6044 = CARTESIAN_POINT ( 'NONE',  ( 3.036452560873845300, -17.14765971035825800, 8.599173163675640600 ) ) ;
#6046 = CARTESIAN_POINT ( 'NONE',  ( 2.349471890038682600, -16.80791590597320700, 8.275427102472177100 ) ) ;
#6045 = CARTESIAN_POINT ( 'NONE',  ( 3.596642843715876800, -18.52066674337126200, 7.773699696443403100 ) ) ;
#6047 = EDGE_CURVE ( 'NONE', #1219, #5122, #3505, .T. ) ;
#6048 = CARTESIAN_POINT ( 'NONE',  ( 1.519863017981933500, -17.41642332254036100, 7.967405221550132300 ) ) ;
#6049 = CARTESIAN_POINT ( 'NONE',  ( 2.569191134592318200, -18.72552693331007800, 8.383740875322427400 ) ) ;
#6050 = CARTESIAN_POINT ( 'NONE',  ( 1.687870777761999900, -17.33864245305999700, 6.871117638200999500 ) ) ;
#6051 = CARTESIAN_POINT ( 'NONE',  ( 2.244815162682377800, -17.40417099477232900, 7.326537489827021700 ) ) ;
#6052 = CARTESIAN_POINT ( 'NONE',  ( 0.9981570404172492900, -18.63800022170469000, 6.500000038377288000 ) ) ;
#6053 = CARTESIAN_POINT ( 'NONE',  ( 2.966075459538134700, -17.33119883516472700, 8.972805473239395400 ) ) ;
#6054 = B_SPLINE_CURVE_WITH_KNOTS ( 'NONE', 3,
 ( #7, #560, #1113, #4980, #1671, #5537, #2224, #6095, #2776, #6655, #3331, #29, #3885, #581, #4451, #1136, #5003, #1692, #5559, #2244 ),
 .UNSPECIFIED., .F., .F.,
 ( 4, 2, 2, 2, 2, 2, 2, 2, 2, 4 ),
 ( 3.469446951953614200E-017, 0.004161148228542434900, 0.006241722342813665400, 0.008322296457084895800, 0.009362583514220519300, 0.01040287057135614600, 0.01248344468562745000, 0.01456401879989875500, 0.01560430585703440900, 0.01664459291417006600 ),
 .UNSPECIFIED. ) ;
#6055 = CARTESIAN_POINT ( 'NONE',  ( 2.425277101195492300, -16.74510136849609100, 8.654242781205994100 ) ) ;
#6056 = CARTESIAN_POINT ( 'NONE',  ( 1.715636486837721400, -17.12280170178621200, 9.809042942426330600 ) ) ;
#6057 = CARTESIAN_POINT ( 'NONE',  ( 2.126390738491300800, -17.80435182638014900, 6.991009208822754700 ) ) ;
#6058 = CARTESIAN_POINT ( 'NONE',  ( 2.797028967784760800, -18.94879038620807800, 6.800000000000981300 ) ) ;
#6059 = CARTESIAN_POINT ( 'NONE',  ( 2.469369853039643700, -17.16608839357537900, 7.504806992569178300 ) ) ;
#6060 = CARTESIAN_POINT ( 'NONE',  ( 2.116026766779817600, -18.25188175941287100, 6.500000033988065700 ) ) ;
#6061 = CARTESIAN_POINT ( 'NONE',  ( 3.781601559792967700, -17.86145696337932500, 6.800451131371216800 ) ) ;
#6062 = CARTESIAN_POINT ( 'NONE',  ( 1.663797241115682700, -17.74960260544188300, 9.705372694128275400 ) ) ;
#6063 = CARTESIAN_POINT ( 'NONE',  ( 2.449097116451199900, -17.31814030496162400, 6.700000004608523500 ) ) ;
#6064 = CARTESIAN_POINT ( 'NONE',  ( 3.457565017911397900, -18.11443352532180700, 8.419011869898025000 ) ) ;
#6065 = CARTESIAN_POINT ( 'NONE',  ( 2.226491235929886100, -17.52529197864931400, 7.137966291911292100 ) ) ;
#6066 = CARTESIAN_POINT ( 'NONE',  ( 2.561829649659177000, -16.92082852965064900, 8.073615217807180500 ) ) ;
#6068 = CARTESIAN_POINT ( 'NONE',  ( 1.840015647143025300, -17.18893527442635600, 7.888476962426725700 ) ) ;
#6067 = CARTESIAN_POINT ( 'NONE',  ( 3.749927316121025800, -17.79515409928707500, 7.705680282692722600 ) ) ;
#6069 = CARTESIAN_POINT ( 'NONE',  ( 1.380120263577189000, -18.05622248884609600, 8.319812534539179800 ) ) ;
#6070 = ORIENTED_EDGE ( 'NONE', *, *, #232, .T. ) ;
#6071 = CARTESIAN_POINT ( 'NONE',  ( 3.159295567948885900, -18.35355706621021500, 8.641623204887055800 ) ) ;
#6072 = CARTESIAN_POINT ( 'NONE',  ( 1.449202526076800200, -17.77798815960670700, 6.848617413939302300 ) ) ;
#6073 = CARTESIAN_POINT ( 'NONE',  ( -0.1889195839862450300, -15.86972380621055300, 8.520878384517185800 ) ) ;
#6074 = CARTESIAN_POINT ( 'NONE',  ( 2.010605418577012600, -18.05475898941139300, 7.324096419060842000 ) ) ;
#6075 = CARTESIAN_POINT ( 'NONE',  ( 1.736407266761001800, -17.23849893708428700, 6.849127379545564900 ) ) ;
#6076 = CARTESIAN_POINT ( 'NONE',  ( 2.695213478767987800, -16.88862908640076200, 8.440174032458013900 ) ) ;
#6077 = CARTESIAN_POINT ( 'NONE',  ( 1.970575958816643600, -16.90087497555995800, 8.085530826078729300 ) ) ;
#6078 = CARTESIAN_POINT ( 'NONE',  ( 1.901487731627677500, -16.56971850370845100, 9.346226631315069300 ) ) ;
#6079 = CARTESIAN_POINT ( 'NONE',  ( 2.219418947469162800, -18.53954976248564200, 7.053602078062327900 ) ) ;
#6080 = CARTESIAN_POINT ( 'NONE',  ( 3.527017958451453200, -18.80193022500560900, 6.800000000000497200 ) ) ;
#6081 = CARTESIAN_POINT ( 'NONE',  ( 2.032965294294707200, -17.68924464226475700, 7.386280950457528900 ) ) ;
#6082 = CARTESIAN_POINT ( 'NONE',  ( 2.178994659673070300, -17.68883277809019100, 6.500000024444885200 ) ) ;
#6083 = CARTESIAN_POINT ( 'NONE',  ( 1.566644964228336900, -17.18926915019587300, 9.754423259037601200 ) ) ;
#6084 = CARTESIAN_POINT ( 'NONE',  ( 2.007021934339107800, -17.09031439122222200, 9.683768588614599400 ) ) ;
#6085 = CARTESIAN_POINT ( 'NONE',  ( 4.509875539465002500, -16.61484118075592100, 6.849127384410598700 ) ) ;
#6086 = CARTESIAN_POINT ( 'NONE',  ( 3.417278607368189600, -17.40727890088719900, 8.192301785284811900 ) ) ;
#6087 = FACE_OUTER_BOUND ( 'NONE', #4772, .T. ) ;
#6088 = CARTESIAN_POINT ( 'NONE',  ( 2.075638121261002700, -18.20027862337875000, 7.142483572557281900 ) ) ;
#6089 = CARTESIAN_POINT ( 'NONE',  ( 1.996679794597089300, -17.27223507923142200, 7.739592895681806100 ) ) ;
#6091 = CARTESIAN_POINT ( 'NONE',  ( 1.594231155383326200, -17.83336886656839600, 7.938662344356083100 ) ) ;
#6090 = CARTESIAN_POINT ( 'NONE',  ( 3.324703952661959500, -17.22333510851402500, 7.492308304620618000 ) ) ;
#6092 = VERTEX_POINT ( 'NONE', #2135 ) ;
#6093 = CARTESIAN_POINT ( 'NONE',  ( 1.613152714056194800, -18.31931221617460900, 8.975453600564851100 ) ) ;
#6094 = CARTESIAN_POINT ( 'NONE',  ( 3.381058085204155600, -17.65084162535171000, 8.541790987715755200 ) ) ;
#6095 = CARTESIAN_POINT ( 'NONE',  ( 3.720808298100125800, -19.38591774502011200, 6.500000020467789200 ) ) ;
#6096 = CARTESIAN_POINT ( 'NONE',  ( 2.304985110630907800, -18.70018125945031100, 7.547728552503872200 ) ) ;
#6097 = DIRECTION ( 'NONE',  ( -0.4699996770454313300, -0.8826665868702574500, 2.198072076318924900E-008 ) ) ;
#6098 = CARTESIAN_POINT ( 'NONE',  ( 2.157720564672339900, -17.00038152757858600, 7.937118774428879100 ) ) ;
#6099 = CARTESIAN_POINT ( 'NONE',  ( 1.607729629933750700, -17.46314282884353000, 7.911865140536900000 ) ) ;
#6100 = CARTESIAN_POINT ( 'NONE',  ( 1.779314005969598700, -16.47922728380821800, 8.618021437622555700 ) ) ;
#6101 = CARTESIAN_POINT ( 'NONE',  ( 2.832809752819053500, -18.94835612643733200, 7.161052333975316500 ) ) ;
#6102 = CARTESIAN_POINT ( 'NONE',  ( 3.895856578529692400, -18.15626117727654400, 6.799999999999324800 ) ) ;
#6103 = CARTESIAN_POINT ( 'NONE',  ( 2.048113910208764200, -18.41140101105255100, 7.563262936313202000 ) ) ;
#6104 = CARTESIAN_POINT ( 'NONE',  ( 3.073721260705000600, -19.57729830809000400, 6.861126032036001000 ) ) ;
#6105 = CARTESIAN_POINT ( 'NONE',  ( 1.619781954537670200, -16.61158207449661400, 8.482408757091697300 ) ) ;
#6106 = CARTESIAN_POINT ( 'NONE',  ( 2.082973442058086500, -16.59569633167620500, 9.132119680157945400 ) ) ;
#6107 = CARTESIAN_POINT ( 'NONE',  ( 4.933260336699918400, -16.82414818320164000, 6.849127384410598700 ) ) ;
#6108 = CARTESIAN_POINT ( 'NONE',  ( 2.894427184667541600, -17.04661318062757800, 7.803119169022886900 ) ) ;
#6109 = CARTESIAN_POINT ( 'NONE',  ( 2.475282215311919400, -18.81031565054753300, 7.293996471507413500 ) ) ;
#6110 = CARTESIAN_POINT ( 'NONE',  ( 1.757442563404499400, -17.92014991156857900, 7.774163994577847300 ) ) ;
#6112 = CARTESIAN_POINT ( 'NONE',  ( 1.710943797249779600, -18.38432389032639900, 8.424529982595743100 ) ) ;
#6111 = CARTESIAN_POINT ( 'NONE',  ( 2.612862637374093700, -17.19056608518703700, 7.278936326549484200 ) ) ;
#6113 = CARTESIAN_POINT ( 'NONE',  ( 3.080556570976836600, -17.09351964295498800, 8.149480163420207600 ) ) ;
#6114 = CARTESIAN_POINT ( 'NONE',  ( 3.123433128031547500, -18.86115772142478900, 6.500000005947104100 ) ) ;
#6115 = DIRECTION ( 'NONE',  ( 0.0000000000000000000, 0.0000000000000000000, 1.000000000000000000 ) ) ;
#6116 = CARTESIAN_POINT ( 'NONE',  ( 2.978250504654946800, -18.86889916362480300, 7.815352659449027700 ) ) ;
#6117 = CARTESIAN_POINT ( 'NONE',  ( 4.492859815010154600, -16.61931269218424500, 6.875605298342303900 ) ) ;
#6118 = CARTESIAN_POINT ( 'NONE',  ( 1.769004045124850800, -17.54889395648684300, 7.775886177480646900 ) ) ;
#6119 = CARTESIAN_POINT ( 'NONE',  ( 1.494511372805240200, -18.11704532052119300, 8.247506440875261200 ) ) ;
#6120 = CARTESIAN_POINT ( 'NONE',  ( 1.434070359783444500, -16.90894181690917000, 8.118719476353163600 ) ) ;
#6121 = CARTESIAN_POINT ( 'NONE',  ( 3.545326438654295800, -18.75002942572726600, 7.239570163399859500 ) ) ;
#6122 = CARTESIAN_POINT ( 'NONE',  ( 3.656994025100347200, -17.45207716196110300, 6.799999999998259000 ) ) ;
#6123 = CARTESIAN_POINT ( 'NONE',  ( 2.569316155726645100, -18.82771333632426200, 7.892531522964428200 ) ) ;
#6124 = CARTESIAN_POINT ( 'NONE',  ( 3.681635701363000100, -19.40906855209000200, 6.488001347711999300 ) ) ;
#6125 = CARTESIAN_POINT ( 'NONE',  ( 1.839493232714692000, -16.60541978347268700, 8.429262385108250700 ) ) ;
#6126 = CARTESIAN_POINT ( 'NONE',  ( 3.793228353883247600, -18.49176699722021800, 6.900000000000000400 ) ) ;
#6127 = CARTESIAN_POINT ( 'NONE',  ( 2.248070935052150600, -17.28011800927906100, 7.518729206251191700 ) ) ;
#6128 = CARTESIAN_POINT ( 'NONE',  ( 3.196654441203819400, -18.89532618788336300, 7.454417284879443900 ) ) ;
#6130 = CARTESIAN_POINT ( 'NONE',  ( 1.943797572687336700, -18.50813443892535300, 8.189840126883320100 ) ) ;
#6129 = CARTESIAN_POINT ( 'NONE',  ( 3.834062154611582500, -17.74554170854866400, 7.043577995690652600 ) ) ;
#6132 = CARTESIAN_POINT ( 'NONE',  ( 2.171592225598355500, -18.43999134851907600, 9.005975460827295700 ) ) ;
#6131 = CARTESIAN_POINT ( 'NONE',  ( 2.129939857452205000, -17.67409469892980700, 7.172991694963696000 ) ) ;
#6133 = CARTESIAN_POINT ( 'NONE',  ( 2.731228588542879100, -17.20868420589540500, 6.500000006880457100 ) ) ;
#6134 = CARTESIAN_POINT ( 'NONE',  ( 2.464155825436837000, -17.06432343177836900, 7.734104165967334400 ) ) ;
#6135 = CARTESIAN_POINT ( 'NONE',  ( 2.411102667748200400, -18.61536418447254700, 6.500000019415845800 ) ) ;
#6136 = CARTESIAN_POINT ( 'NONE',  ( 2.573561810697139400, -17.38749528164486300, 6.500000016344066500 ) ) ;
#6137 = CARTESIAN_POINT ( 'NONE',  ( 3.574697405157085200, -18.44228591350966400, 7.944999550288861700 ) ) ;
#6138 = CARTESIAN_POINT ( 'NONE',  ( 2.264963594249662200, -17.52714883747435700, 6.500000020420872100 ) ) ;
#6139 = CARTESIAN_POINT ( 'NONE',  ( 1.704470068537488700, -18.22868233930205100, 8.070479193890769000 ) ) ;
#6140 = CARTESIAN_POINT ( 'NONE',  ( 1.776891691586200300, -18.40637377485838000, 8.871954946468266100 ) ) ;
#6141 = CARTESIAN_POINT ( 'NONE',  ( 2.068489892461690800, -17.57470729013463600, 9.682205340123232400 ) ) ;
#6142 = CARTESIAN_POINT ( 'NONE',  ( 1.153650784043963600, -17.53998851357091500, 8.154124302307467400 ) ) ;
#6143 = CARTESIAN_POINT ( 'NONE',  ( 3.874560239972321800, -18.08330212232409200, 7.236301556858302700 ) ) ;
#6144 = CARTESIAN_POINT ( 'NONE',  ( 2.968439228065031800, -17.16862676961237400, 6.799999999998028100 ) ) ;
#6145 = ORIENTED_EDGE ( 'NONE', *, *, #6604, .F. ) ;
#6146 = CARTESIAN_POINT ( 'NONE',  ( 3.245441047873050900, -18.65221312591005500, 8.150963295236826100 ) ) ;
#6147 = CARTESIAN_POINT ( 'NONE',  ( 4.066079560126999200, -19.13195439007000700, 6.612376242486998700 ) ) ;
#6148 = CARTESIAN_POINT ( 'NONE',  ( 3.231997046959399700, -19.56094840264424700, 6.849127382565398200 ) ) ;
#6149 = CARTESIAN_POINT ( 'NONE',  ( 1.443624749226538400, -17.10903448393448300, 8.051476331736944700 ) ) ;
#6150 = CARTESIAN_POINT ( 'NONE',  ( 4.509611267325999200, -18.34008112645000600, 6.900036467719999700 ) ) ;
#6151 = CARTESIAN_POINT ( 'NONE',  ( 1.942259074470132200, -17.89766338859867300, 7.484254210370481000 ) ) ;
#6152 = CARTESIAN_POINT ( 'NONE',  ( 3.749648490540312900, -18.40188129002878600, 7.515236345490985800 ) ) ;
#6154 = CARTESIAN_POINT ( 'NONE',  ( 2.487788122306601400, -18.60811568905262400, 8.687286321104851400 ) ) ;
#6153 = CARTESIAN_POINT ( 'NONE',  ( 3.308786331574378200, -17.22144214072176300, 6.981474966946215100 ) ) ;
#6156 = CARTESIAN_POINT ( 'NONE',  ( 2.665039703311322200, -17.95861233385079800, 9.287648884445062000 ) ) ;
#6155 = CARTESIAN_POINT ( 'NONE',  ( 2.118670666267255000, -18.41185245628753000, 7.273702088595052300 ) ) ;
#6157 = CARTESIAN_POINT ( 'NONE',  ( 3.218875711523439000, -17.19544328730108900, 6.499999997463605800 ) ) ;
#6158 = CARTESIAN_POINT ( 'NONE',  ( 1.997764119107765100, -17.53710172938453800, 7.545649367256461700 ) ) ;
#6159 = CARTESIAN_POINT ( 'NONE',  ( 2.205709746745476300, -17.93881450230993100, 6.500000023299409500 ) ) ;
#6160 = CARTESIAN_POINT ( 'NONE',  ( 3.181492878562645700, -17.28981587445586500, 6.500000004849311200 ) ) ;
#6161 = CARTESIAN_POINT ( 'NONE',  ( 3.684725062701580600, -17.71331160722976300, 7.847636213693606400 ) ) ;
#6162 =( NAMED_UNIT ( * ) SI_UNIT ( $, .STERADIAN. ) SOLID_ANGLE_UNIT ( ) );
#6163 = CARTESIAN_POINT ( 'NONE',  ( 2.077425731291984600, -18.56617055830624000, 8.618558851161543200 ) ) ;
#6164 = FACE_OUTER_BOUND ( 'NONE', #4335, .T. ) ;
#6165 = CARTESIAN_POINT ( 'NONE',  ( 2.265573334402163100, -18.13120822087316200, 9.362063449179627700 ) ) ;
#6166 = CARTESIAN_POINT ( 'NONE',  ( 2.287263890193696400, -16.92309448247318900, 9.398395580240610100 ) ) ;
#6167 = CARTESIAN_POINT ( 'NONE',  ( 1.049139677888921300, -18.01942116526395300, 8.714440227242773700 ) ) ;
#6168 = CARTESIAN_POINT ( 'NONE',  ( 3.593262046079043000, -17.39873102697113100, 7.152839493171243600 ) ) ;
#6169 = ORIENTED_EDGE ( 'NONE', *, *, #7110, .F. ) ;
#6170 = CARTESIAN_POINT ( 'NONE',  ( 2.303046620325993400, -17.50056520429991000, 6.799999999998791900 ) ) ;
#6171 = CARTESIAN_POINT ( 'NONE',  ( 3.612170200045290900, -18.00542245419956400, 8.161084202193652700 ) ) ;
#6172 = CARTESIAN_POINT ( 'NONE',  ( 4.319280190922000900, -18.79437009405000200, 6.736751137261000700 ) ) ;
#6173 = CARTESIAN_POINT ( 'NONE',  ( 2.575467856827576600, -18.86358530105107100, 6.900000000000000400 ) ) ;
#6174 = CARTESIAN_POINT ( 'NONE',  ( 1.212222448976298700, -17.74119236697724500, 8.209650945504609600 ) ) ;
#6175 = CARTESIAN_POINT ( 'NONE',  ( 4.769635787237000100, -17.91210714475999700, 6.889247048010001400 ) ) ;
#6176 = CARTESIAN_POINT ( 'NONE',  ( 2.117066510873678400, -18.56778869404472200, 7.755002953738626900 ) ) ;
#6177 = B_SPLINE_CURVE_WITH_KNOTS ( 'NONE', 3,
 ( #5336, #910, #1465, #2022, #5894, #2575, #6451, #3130, #7009, #3691, #385, #4242, #935, #4804, #1489, #5361, #2048, #5917, #2600, #6476 ),
 .UNSPECIFIED., .F., .F.,
 ( 4, 2, 2, 2, 2, 2, 2, 2, 2, 4 ),
 ( 4.249305067495560800E-013, 0.004160942836842216100, 0.006241414255050853500, 0.008321885673259490900, 0.009362121382363794400, 0.01040235709146809600, 0.01248282850967675200, 0.01456329992788540900, 0.01560353563698970100, 0.01664377134609399500 ),
 .UNSPECIFIED. ) ;
#6178 = CARTESIAN_POINT ( 'NONE',  ( 3.756251026091949300, -17.66164222785646800, 7.434251013761204300 ) ) ;
#6180 = CARTESIAN_POINT ( 'NONE',  ( 3.021609567156362100, -18.14820389350470700, 8.928267423955791300 ) ) ;
#6179 = CARTESIAN_POINT ( 'NONE',  ( 2.569134834707229600, -17.27460494157048400, 6.926522017574256100 ) ) ;
#6182 = CARTESIAN_POINT ( 'NONE',  ( 2.852418752817333500, -17.27076649222931300, 9.076115355367017300 ) ) ;
#6181 = CARTESIAN_POINT ( 'NONE',  ( 2.653360672057549800, -18.88541583122193000, 7.481593916780488100 ) ) ;
#6183 = CARTESIAN_POINT ( 'NONE',  ( 3.679132492428895100, -17.48053900786780800, 6.499999992990343100 ) ) ;
#6184 = CARTESIAN_POINT ( 'NONE',  ( 1.900221744987685000, -18.25317453473648400, 7.720736972594427700 ) ) ;
#6185 = CARTESIAN_POINT ( 'NONE',  ( 3.750481600209320200, -17.79111976017360400, 6.499999994090872600 ) ) ;
#6186 = CARTESIAN_POINT ( 'NONE',  ( 3.237696656421427100, -17.17707250847924500, 7.590823538657570400 ) ) ;
#6187 = CARTESIAN_POINT ( 'NONE',  ( 3.881348373379689400, -18.27300711996703000, 6.109137163900562900 ) ) ;
#6188 = CARTESIAN_POINT ( 'NONE',  ( 2.637196896814647800, -18.32880397403672000, 9.048728028900830700 ) ) ;
#6189 = CARTESIAN_POINT ( 'NONE',  ( 2.624961687609578900, -17.48051437711711400, 9.381257461244562300 ) ) ;
#6190 = CARTESIAN_POINT ( 'NONE',  ( 2.156362184584660100, -16.60868735248777000, 8.735904557809927700 ) ) ;
#6191 = CARTESIAN_POINT ( 'NONE',  ( 1.256232029308932600, -17.99034994621156600, 9.428340190310049000 ) ) ;
#6192 = CARTESIAN_POINT ( 'NONE',  ( 2.894609071805497100, -17.16643482661697100, 7.046500262869988000 ) ) ;
#6193 = CARTESIAN_POINT ( 'NONE',  ( -0.07756558701654131500, -16.24897583752985900, 10.08823799279932700 ) ) ;
#6194 = CARTESIAN_POINT ( 'NONE',  ( 3.423980873624354000, -17.32818187161773700, 7.917961747304803800 ) ) ;
#6195 = CARTESIAN_POINT ( 'NONE',  ( 2.748969825198126000, -18.96555239991162300, 6.500000032607370100 ) ) ;
#6196 = CARTESIAN_POINT ( 'NONE',  ( 4.995425541805999200, -17.52640517501000200, 6.861126051024999800 ) ) ;
#6197 = CARTESIAN_POINT ( 'NONE',  ( 1.229896072066263100, -18.14813209211840900, 8.833272976965879800 ) ) ;
#6198 = CARTESIAN_POINT ( 'NONE',  ( 5.020269231318000200, -17.47913262977999700, 6.860127676783999800 ) ) ;
#6199 = CARTESIAN_POINT ( 'NONE',  ( 1.458036450243712900, -16.79841363148526100, 8.169917155339394600 ) ) ;
#6200 = CARTESIAN_POINT ( 'NONE',  ( 2.286439923937210000, -17.69059337750166000, 9.571444392391415000 ) ) ;
#6201 = CARTESIAN_POINT ( 'NONE',  ( 2.717963017208352200, -18.80463034646377800, 8.125517803369767500 ) ) ;
#6202 = CARTESIAN_POINT ( 'NONE',  ( 3.211927857962109600, -17.18295680964931900, 7.267076722584285200 ) ) ;
#6204 = CARTESIAN_POINT ( 'NONE',  ( 3.178668227746875200, -17.44423641512510400, 8.747293363739055700 ) ) ;
#6203 = CARTESIAN_POINT ( 'NONE',  ( 2.136708585813588800, -17.80983792311607400, 6.876636977593476800 ) ) ;
#6206 = CARTESIAN_POINT ( 'NONE',  ( 2.609418049184341300, -16.84301084729740700, 8.518159009967071400 ) ) ;
#6205 = CARTESIAN_POINT ( 'NONE',  ( 3.368373019633212000, -18.77669682889906300, 7.655312546214627600 ) ) ;
#6207 = CARTESIAN_POINT ( 'NONE',  ( 3.897704873641317600, -18.00998742838633500, 6.499999996711712100 ) ) ;
#6208 = CARTESIAN_POINT ( 'NONE',  ( 2.314111823903816300, -18.71804925186076600, 8.129440206489647400 ) ) ;
#6209 = CARTESIAN_POINT ( 'NONE',  ( 1.256834208328598800, -17.14314230761779700, 8.080250078915700100 ) ) ;
#6210 = CARTESIAN_POINT ( 'NONE',  ( 3.793226705440420100, -18.49176612249600300, 6.500000008756943600 ) ) ;
#6211 = CARTESIAN_POINT ( 'NONE',  ( 2.533819560214476400, -17.20035691074845000, 7.348271265897220200 ) ) ;
#6212 = CARTESIAN_POINT ( 'NONE',  ( 3.893247819601692000, -17.91754938091913000, 5.318274327801128200 ) ) ;
#6213 = CARTESIAN_POINT ( 'NONE',  ( 2.999369313446909500, -17.67959044306201500, 9.065574650295365800 ) ) ;
#6214 = CARTESIAN_POINT ( 'NONE',  ( 2.613111603568020000, -16.89703503288114200, 8.920182643342002400 ) ) ;
#6215 = CARTESIAN_POINT ( 'NONE',  ( 1.765679511737224600, -16.84740016842514300, 8.149687808778486100 ) ) ;
#6216 = CARTESIAN_POINT ( 'NONE',  ( 1.632542025843384000, -17.47633581376741700, 9.812061681783005100 ) ) ;
#6217 = CARTESIAN_POINT ( 'NONE',  ( 2.254085060550050200, -17.53996387545578600, 6.989342887658171600 ) ) ;
#6218 = CARTESIAN_POINT ( 'NONE',  ( 2.201946175630920000, -17.64566725460841200, 6.900000000000000400 ) ) ;
#6219 = CARTESIAN_POINT ( 'NONE',  ( 2.804771488323336600, -17.08160308873129900, 7.585252983103535100 ) ) ;
#6220 = CARTESIAN_POINT ( 'NONE',  ( 1.091540145831447100, -17.95173381224026700, 9.405428572848054000 ) ) ;
#6221 = EDGE_CURVE ( 'NONE', #3404, #4981, #1817, .T. ) ;
#6222 = CARTESIAN_POINT ( 'NONE',  ( 5.066079343389000100, -17.31462457151999600, 6.488001347711999300 ) ) ;
#6223 = CARTESIAN_POINT ( 'NONE',  ( 1.546840595362306800, -18.01810460555724800, 9.493559686661399200 ) ) ;
#6224 = CARTESIAN_POINT ( 'NONE',  ( 1.596020421462379700, -16.60272764952333400, 8.339849240338423900 ) ) ;
#6225 = CARTESIAN_POINT ( 'NONE',  ( 2.483752457686027300, -17.02756930702302900, 9.298541224604226900 ) ) ;
#6226 = CARTESIAN_POINT ( 'NONE',  ( 3.332292145564387500, -18.44554097817436800, 8.341353376182493000 ) ) ;
#6227 = CARTESIAN_POINT ( 'NONE',  ( 2.488865844493575600, -17.28739572869514500, 7.127382493170242300 ) ) ;
#6229 = CARTESIAN_POINT ( 'NONE',  ( 2.855692243295724800, -16.97395715908212600, 8.269942913951085800 ) ) ;
#6228 = CARTESIAN_POINT ( 'NONE',  ( 2.233117907525459700, -18.54683362875182300, 6.901750574718700900 ) ) ;
#6230 = CARTESIAN_POINT ( 'NONE',  ( 2.098239319506190800, -16.96875478851658100, 7.991185099278625100 ) ) ;
#6231 = CARTESIAN_POINT ( 'NONE',  ( 2.955201700165698500, -18.61248030773566200, 8.491088399416703700 ) ) ;
#6232 = CARTESIAN_POINT ( 'NONE',  ( 1.219568652697721900, -17.79691718797525700, 9.634324112571858800 ) ) ;
#6233 = CARTESIAN_POINT ( 'NONE',  ( 2.634304985370945900, -17.35763768567016300, 6.799062140506900500 ) ) ;
#6234 = CARTESIAN_POINT ( 'NONE',  ( 2.085630286211002500, -17.71724711518536900, 7.246610409033642100 ) ) ;
#6235 = CARTESIAN_POINT ( 'NONE',  ( 3.639787556601231900, -17.39086803248401500, 4.527411491701691700 ) ) ;
#6236 = CARTESIAN_POINT ( 'NONE',  ( 2.920641000288058300, -17.06055131363134000, 8.660888393688358300 ) ) ;
#6237 = CARTESIAN_POINT ( 'NONE',  ( 2.235219341521906600, -16.77876684045170200, 8.289209938911689300 ) ) ;
#6238 = ORIENTED_EDGE ( 'NONE', *, *, #2512, .F. ) ;
#6239 = CARTESIAN_POINT ( 'NONE',  ( 1.435969231409979200, -17.43724819924006300, 8.010067229096664600 ) ) ;
#6240 = CARTESIAN_POINT ( 'NONE',  ( 1.923032031601871000, -16.82377664584383200, 9.601649097162088300 ) ) ;
#6241 = CARTESIAN_POINT ( 'NONE',  ( 2.102119641855890700, -18.21435909764414200, 6.972389483711356900 ) ) ;
#6242 = CARTESIAN_POINT ( 'NONE',  ( 2.074430145973377400, -17.88549002634141900, 6.109137163900562900 ) ) ;
#6243 = CARTESIAN_POINT ( 'NONE',  ( 2.179774580455893200, -17.43502029803955400, 7.391440544080777100 ) ) ;
#6244 = CARTESIAN_POINT ( 'NONE',  ( -0.1920588612134011300, -16.50129664264322600, 10.18672480281320100 ) ) ;
#6245 = CARTESIAN_POINT ( 'NONE',  ( 5.062010167483999900, -17.09196695541000500, 6.612376248815998300 ) ) ;
#6246 = CARTESIAN_POINT ( 'NONE',  ( 1.946507202700948500, -17.44313406065928600, 9.743888908751257500 ) ) ;
#6247 = CARTESIAN_POINT ( 'NONE',  ( 1.063323736982818100, -17.55108038486442700, 8.197394498303527400 ) ) ;
#6248 = CARTESIAN_POINT ( 'NONE',  ( 2.302753717982712900, -16.68652511151128700, 8.661509225681223600 ) ) ;
#6249 = CARTESIAN_POINT ( 'NONE',  ( 3.544676722826090900, -17.73783919817168500, 8.257798431511512000 ) ) ;
#6250 = CARTESIAN_POINT ( 'NONE',  ( 2.097459015265561000, -17.85440055054463600, 7.068806663155110700 ) ) ;
#6252 = CARTESIAN_POINT ( 'NONE',  ( 2.268979133842724300, -17.05953875816004100, 7.819098980787699400 ) ) ;
#6251 = CARTESIAN_POINT ( 'NONE',  ( 2.852312911228274100, -18.95872613971112100, 6.944861914248686900 ) ) ;
#6253 = CARTESIAN_POINT ( 'NONE',  ( 1.717620725021681900, -17.52157296055773400, 7.824717756269654600 ) ) ;
#6254 = CARTESIAN_POINT ( 'NONE',  ( 3.243267317470915700, -17.17160332162918800, 6.799999999999998000 ) ) ;
#6255 = CARTESIAN_POINT ( 'NONE',  ( 3.388381028267970100, -18.01221575123002700, 8.561576545686335700 ) ) ;
#6256 = CARTESIAN_POINT ( 'NONE',  ( 0.9722998182474080800, -18.01116573440158000, 8.966577056628990400 ) ) ;
#6257 = CARTESIAN_POINT ( 'NONE',  ( 3.068342896854739700, -17.27120754160855400, 6.799639608905927400 ) ) ;
#6258 = CARTESIAN_POINT ( 'NONE',  ( 2.116677004983545300, -18.44785665520864600, 7.381429725665202400 ) ) ;
#6259 = CARTESIAN_POINT ( 'NONE',  ( 2.734039135155306600, -17.20782293299886900, 6.900000000000000400 ) ) ;
#6260 = CARTESIAN_POINT ( 'NONE',  ( 2.451227068753052000, -16.89362018633296000, 8.107082434519723400 ) ) ;
#6261 = EDGE_LOOP ( 'NONE', ( #4940, #2721, #3232, #5635, #3371 ) ) ;
#6262 = CARTESIAN_POINT ( 'NONE',  ( 1.750796609235577600, -17.20692866476501600, 7.921650163033009000 ) ) ;
#6263 = CARTESIAN_POINT ( 'NONE',  ( 1.302749379478481900, -18.05214790746394000, 8.406600884763603800 ) ) ;
#6264 = CARTESIAN_POINT ( 'NONE',  ( 3.095052677381759900, -18.25396652110007500, 8.788912471151524700 ) ) ;
#6265 = CARTESIAN_POINT ( 'NONE',  ( 1.928212496111252100, -16.48080742982634600, 8.941600047682905800 ) ) ;
#6266 = CARTESIAN_POINT ( 'NONE',  ( 2.513479018844196200, -18.83062525124547200, 7.048653668386671200 ) ) ;
#6267 = CARTESIAN_POINT ( 'NONE',  ( 2.203748386686312800, -18.55078989605002700, 5.318274327801128200 ) ) ;
#6268 = B_SPLINE_CURVE_WITH_KNOTS ( 'NONE', 3,
 ( #2214, #5528, #2765, #6647 ),
 .UNSPECIFIED., .F., .F.,
 ( 4, 4 ),
 ( 117.0685624983647000, 118.0685624983999000 ),
 .UNSPECIFIED. ) ;
#6269 = CARTESIAN_POINT ( 'NONE',  ( 1.984437869193658400, -18.09631602289229200, 7.413505357812891100 ) ) ;
#6270 = CARTESIAN_POINT ( 'NONE',  ( -0.6073328357529331800, -16.65664468225951100, 8.520878384517207100 ) ) ;
#6271 = CARTESIAN_POINT ( 'NONE',  ( 4.977018061473000200, -16.88525873620000100, 6.736751149921000900 ) ) ;
#6272 = CARTESIAN_POINT ( 'NONE',  ( 2.157277208585582700, -16.81145276810229200, 9.410555988310207500 ) ) ;
#6273 = CARTESIAN_POINT ( 'NONE',  ( 0.9534979895012969400, -17.98158281037213200, 8.793663241135718100 ) ) ;
#6274 = CARTESIAN_POINT ( 'NONE',  ( 1.867741809766680900, -16.90166765490471300, 8.097820338143597100 ) ) ;
#6275 = CARTESIAN_POINT ( 'NONE',  ( 3.207322702730902400, -17.16092239082447800, 7.929452431126371400 ) ) ;
#6276 = CARTESIAN_POINT ( 'NONE',  ( 2.235875913316247600, -18.57990017855933800, 7.164366587292263100 ) ) ;
#6278 = CARTESIAN_POINT ( 'NONE',  ( 1.863864015347020300, -17.59933189734145700, 7.668450616197692900 ) ) ;
#6277 = CARTESIAN_POINT ( 'NONE',  ( 3.569070936950089500, -18.76265459942172200, 6.976364945811146100 ) ) ;
#6279 = CARTESIAN_POINT ( 'NONE',  ( 1.637575546808978100, -18.19311389117228800, 8.134051674255603700 ) ) ;
#6280 = CARTESIAN_POINT ( 'NONE',  ( 1.177942788821552600, -19.41685573534019200, 6.849127384410598700 ) ) ;
#6281 = CARTESIAN_POINT ( 'NONE',  ( 3.316949983337605300, -17.32233313310772300, 8.290631140713559300 ) ) ;
#6282 = CARTESIAN_POINT ( 'NONE',  ( 1.011648935625893800, -17.68636431338183700, 8.298830000685153900 ) ) ;
#6283 = CARTESIAN_POINT ( 'NONE',  ( 2.667457096141291600, -18.87989579997549300, 7.632256190437096200 ) ) ;
#6284 = CARTESIAN_POINT ( 'NONE',  ( 2.201946175630920000, -17.64566725460841200, 6.109137163900562900 ) ) ;
#6285 = CARTESIAN_POINT ( 'NONE',  ( 1.913490327652609600, -17.29343444931995300, 7.784474510590556800 ) ) ;
#6286 = CARTESIAN_POINT ( 'NONE',  ( 1.527415917069469700, -17.85331314046966300, 8.013365214228676000 ) ) ;
#6287 = CARTESIAN_POINT ( 'NONE',  ( 1.527750703083605100, -18.25444392081212900, 9.087311695718099700 ) ) ;
#6288 = CARTESIAN_POINT ( 'NONE',  ( 3.283376566129705400, -17.54708466516545300, 8.649973678439517100 ) ) ;
#6289 = CARTESIAN_POINT ( 'NONE',  ( 1.646775008791833800, -16.67688818125492700, 8.281550998204696900 ) ) ;
#6290 = CARTESIAN_POINT ( 'NONE',  ( 3.247255305583284000, -18.92223114472481900, 7.129401661603535200 ) ) ;
#6291 = EDGE_CURVE ( 'NONE', #5565, #4856, #3097, .T. ) ;
#6292 = CARTESIAN_POINT ( 'NONE',  ( 2.745805553105066000, -18.95415546072930700, 4.527411491701691700 ) ) ;
#6293 = CARTESIAN_POINT ( 'NONE',  ( 2.303930731679241900, -18.71263586910114200, 7.679972250402657100 ) ) ;
#6294 = CARTESIAN_POINT ( 'NONE',  ( 3.615295281599264500, -18.58152746102421900, 6.800506343923896000 ) ) ;
#6295 = CARTESIAN_POINT ( 'NONE',  ( 4.822178090400999700, -16.72297257475999300, 6.861126051024999800 ) ) ;
#6296 = CARTESIAN_POINT ( 'NONE',  ( 2.034407548216574200, -16.55685815498004100, 8.722472189541838000 ) ) ;
#6297 = CARTESIAN_POINT ( 'NONE',  ( 1.143044348550260800, -17.89310274137455500, 9.507227465307611400 ) ) ;
#6298 = CARTESIAN_POINT ( 'NONE',  ( 1.527334884274974800, -17.48582817859853500, 7.959968670342859400 ) ) ;
#6299 = CARTESIAN_POINT ( 'NONE',  ( 2.551902777918885900, -17.11097931401305100, 7.581801948465136200 ) ) ;
#6300 = CARTESIAN_POINT ( 'NONE',  ( 2.868260148191386100, -18.94167513834499800, 7.314722638698348200 ) ) ;
#6302 = CARTESIAN_POINT ( 'NONE',  ( 1.827965637263914800, -18.29434609796275200, 7.930611811358315500 ) ) ;
#6301 = CARTESIAN_POINT ( 'NONE',  ( 3.898128176187953800, -18.09583341629525000, 6.975053510996202600 ) ) ;
#6303 = CARTESIAN_POINT ( 'NONE',  ( 1.981673179681102000, -18.51525802350875700, 8.709556246013555400 ) ) ;
#6304 = CARTESIAN_POINT ( 'NONE',  ( 0.9927779574664711300, -18.63513598289512200, 6.849127380969428600 ) ) ;
#6305 = CARTESIAN_POINT ( 'NONE',  ( 2.789962738532052000, -17.01659874701147500, 7.864319780523411300 ) ) ;
#6306 = CARTESIAN_POINT ( 'NONE',  ( 4.329435057876848300, -18.77789379185420800, 6.852786849251122800 ) ) ;
#6307 = CARTESIAN_POINT ( 'NONE',  ( 1.702746685746480600, -17.94653816383626600, 7.856350307362053100 ) ) ;
#6308 = CARTESIAN_POINT ( 'NONE',  ( 1.648408117944617700, -18.36408831270838600, 8.540372279601474000 ) ) ;
#6309 = CARTESIAN_POINT ( 'NONE',  ( 1.956456998527912500, -17.90521255872644000, 9.584731966040802600 ) ) ;
#6310 = CARTESIAN_POINT ( 'NONE',  ( 2.968069315783091500, -17.03370910842645400, 8.214132741309523300 ) ) ;
#6311 = CARTESIAN_POINT ( 'NONE',  ( 1.326941886688435700, -17.24713310426672300, 8.055703574176448000 ) ) ;
#6312 = CARTESIAN_POINT ( 'NONE',  ( 3.804952007354014400, -18.43128669152341500, 7.160015002792946800 ) ) ;
#6313 = CARTESIAN_POINT ( 'NONE',  ( 3.690915858780358300, -18.68418881449627400, 6.900000000000000400 ) ) ;
#6314 = CARTESIAN_POINT ( 'NONE',  ( 2.975607453391884600, -18.82496725857031400, 7.981109883209110300 ) ) ;
#6315 = CARTESIAN_POINT ( 'NONE',  ( 3.335981432205899400, -18.79619916650842600, 6.800378547724427000 ) ) ;
#6316 = CARTESIAN_POINT ( 'NONE',  ( 4.542869700642000900, -16.62283412308000400, 6.488001347711999300 ) ) ;
#6317 = CARTESIAN_POINT ( 'NONE',  ( 1.663520636472097100, -16.84855189721027500, 8.147495407137036200 ) ) ;
#6318 = CARTESIAN_POINT ( 'NONE',  ( 1.505160083445338900, -17.34189340037313100, 9.852904034338786600 ) ) ;
#6319 = CARTESIAN_POINT ( 'NONE',  ( 1.424055150926701400, -18.11664733025825700, 8.340085250851871000 ) ) ;
#6320 = CARTESIAN_POINT ( 'NONE',  ( 2.068261392860318600, -17.57458579474554500, 7.417250844812377500 ) ) ;
#6321 = CARTESIAN_POINT ( 'NONE',  ( 3.563335284346773200, -18.69796930795417800, 7.417815931640400400 ) ) ;
#6322 = EDGE_LOOP ( 'NONE', ( #3063, #4274 ) ) ;
#6324 = CARTESIAN_POINT ( 'NONE',  ( 2.254196795837207100, -18.66016140057043400, 8.418353237629075300 ) ) ;
#6323 = CARTESIAN_POINT ( 'NONE',  ( 3.612321567042760900, -17.40886515403090600, 6.941566746958689500 ) ) ;
#6325 = CARTESIAN_POINT ( 'NONE',  ( 1.507110362104674200, -19.52155622914597500, 6.871117638202001400 ) ) ;
#6326 = CARTESIAN_POINT ( 'NONE',  ( 2.167154216662787700, -17.29872941781292900, 7.572014671883972700 ) ) ;
#6327 = CARTESIAN_POINT ( 'NONE',  ( 1.725392270428665100, -16.88758147434468200, 9.746096497211805600 ) ) ;
#6328 = EDGE_LOOP ( 'NONE', ( #5725, #6886, #364, #2127 ) ) ;
#6329 = CARTESIAN_POINT ( 'NONE',  ( 0.1806699775615938100, -17.07310338521399700, 9.889206896937190900 ) ) ;
#6330 = CARTESIAN_POINT ( 'NONE',  ( 1.899891188324623200, -18.49780423313345800, 8.315160292155106000 ) ) ;
#6331 = CARTESIAN_POINT ( 'NONE',  ( 2.095756711058871500, -18.35714232041391700, 9.135949683595294200 ) ) ;
#6332 = CARTESIAN_POINT ( 'NONE',  ( 2.297505498558922300, -17.24476724206125100, 9.564024934773046400 ) ) ;
#6333 = CARTESIAN_POINT ( 'NONE',  ( 2.366144113607679500, -17.05938351913351500, 7.778291804180498500 ) ) ;
#6334 = CARTESIAN_POINT ( 'NONE',  ( 1.098857568487009000, -17.86960821366210800, 8.394752413455966800 ) ) ;
#6335 = CARTESIAN_POINT ( 'NONE',  ( 3.805292593714802800, -17.68771809190565800, 7.119250946809037500 ) ) ;
#6336 = CARTESIAN_POINT ( 'NONE',  ( 3.787604225084269900, -18.50217878438656900, 6.500000006094921900 ) ) ;
#6337 = CARTESIAN_POINT ( 'NONE',  ( 3.538204360464854800, -18.35616833462658800, 8.110116611396829700 ) ) ;
#6338 = CARTESIAN_POINT ( 'NONE',  ( 2.991543838745653000, -18.87011078492643500, 6.800258814422107900 ) ) ;
#6339 = LINE ( 'NONE', #704, #6525 ) ;
#6340 = CARTESIAN_POINT ( 'NONE',  ( 1.479871734245099800, -19.47427521055830000, 6.899997398026101800 ) ) ;
#6341 = CARTESIAN_POINT ( 'NONE',  ( 1.349236371200955600, -17.45656351370975700, 8.048649474318704500 ) ) ;
#6342 = CARTESIAN_POINT ( 'NONE',  ( 1.791167774167032400, -16.70648933751823500, 9.593304872914663100 ) ) ;
#6343 = CARTESIAN_POINT ( 'NONE',  ( 1.700453278080889600, -18.34627150881087200, 8.992613635461040600 ) ) ;
#6344 = CARTESIAN_POINT ( 'NONE',  ( 1.987272642180573500, -18.29946031780897200, 7.562188904250239000 ) ) ;
#6345 = CARTESIAN_POINT ( 'NONE',  ( 3.848090205809927800, -18.01010814135291200, 7.403051414536408400 ) ) ;
#6347 = CARTESIAN_POINT ( 'NONE',  ( 2.855782095356730100, -18.44502778572396200, 8.801164979507987600 ) ) ;
#6346 = CARTESIAN_POINT ( 'NONE',  ( 2.907924409285208800, -17.17351471714097900, 6.898901174653611100 ) ) ;
#6348 = ORIENTED_EDGE ( 'NONE', *, *, #2148, .T. ) ;
#6349 = CARTESIAN_POINT ( 'NONE',  ( 1.136278766014541300, -19.37540506699590300, 6.500000069180107900 ) ) ;
#6350 = CARTESIAN_POINT ( 'NONE',  ( 1.896868254092142700, -17.93516425217344000, 7.564727514473176500 ) ) ;
#6351 = CARTESIAN_POINT ( 'NONE',  ( 0.1631613854241562300, -15.54231310690716100, 9.412171544111693300 ) ) ;
#6352 = ORIENTED_EDGE ( 'NONE', *, *, #1640, .T. ) ;
#6353 = CARTESIAN_POINT ( 'NONE',  ( 3.731178270998002100, -18.32534826689534300, 7.687777192976212400 ) ) ;
#6354 = CARTESIAN_POINT ( 'NONE',  ( -0.6842142558884047900, -17.02298523107040000, 9.117041440831528100 ) ) ;
#6355 = CARTESIAN_POINT ( 'NONE',  ( 2.433300468546404400, -18.53661751986961500, 8.833667305863016800 ) ) ;
#6356 = CARTESIAN_POINT ( 'NONE',  ( 2.562251919910144300, -17.83724521712664000, 9.391093790148849200 ) ) ;
#6357 = CARTESIAN_POINT ( 'NONE',  ( 2.317889114402394800, -16.72060321030734500, 9.035282321986912300 ) ) ;
#6358 = EDGE_CURVE ( 'NONE', #5653, #1677, #5676, .T. ) ;
#6359 = CARTESIAN_POINT ( 'NONE',  ( 1.930613448309968800, -17.56811096720854300, 7.606655564136534800 ) ) ;
#6360 = CARTESIAN_POINT ( 'NONE',  ( 1.185986091208197000, -18.10519892679861400, 9.094635320283121200 ) ) ;
#6361 = ORIENTED_EDGE ( 'NONE', *, *, #893, .F. ) ;
#6362 = CARTESIAN_POINT ( 'NONE',  ( 3.248043172212675200, -17.20215966286424000, 7.035103583095462000 ) ) ;
#6363 = CARTESIAN_POINT ( 'NONE',  ( 0.3225133083833291400, -16.26436231046799800, 8.446201931301185800 ) ) ;
#6364 = CARTESIAN_POINT ( 'NONE',  ( 3.612256084439521100, -17.62760532903634600, 7.981109883206947600 ) ) ;
#6365 = CARTESIAN_POINT ( 'NONE',  ( 2.648745316831419200, -18.78893619605336700, 6.800158298503634800 ) ) ;
#6366 = CARTESIAN_POINT ( 'NONE',  ( 1.978778116445000000, -19.51383572931000600, 6.895433249022999300 ) ) ;
#6367 = CARTESIAN_POINT ( 'NONE',  ( 1.221662470272611300, -18.04063332517105400, 8.492540439066223400 ) ) ;
#6368 = CARTESIAN_POINT ( 'NONE',  ( 1.808317205808377200, -16.41705797316037200, 8.908567091587462600 ) ) ;
#6369 = CARTESIAN_POINT ( 'NONE',  ( 2.166717096490487400, -18.01700983591577200, 9.469439976753273300 ) ) ;
#6370 = CARTESIAN_POINT ( 'NONE',  ( 2.439803488498404800, -18.78488069540756900, 7.900514701169693200 ) ) ;
#6371 = CARTESIAN_POINT ( 'NONE',  ( 3.526973843175291300, -17.35046973139476000, 7.280568392772582200 ) ) ;
#6373 = CARTESIAN_POINT ( 'NONE',  ( 3.219592069770643900, -17.79668495966665600, 8.816156952002749800 ) ) ;
#6372 = CARTESIAN_POINT ( 'NONE',  ( 2.264312897304433300, -17.54540211272380600, 6.875968413922669800 ) ) ;
#6374 = CARTESIAN_POINT ( 'NONE',  ( 1.822803574805014000, -16.59654573494901800, 9.458993942164900300 ) ) ;
#6375 = CARTESIAN_POINT ( 'NONE',  ( 0.9285762488101966200, -18.87960715835694000, 6.500000065752400900 ) ) ;
#6376 = CARTESIAN_POINT ( 'NONE',  ( 2.099889169515667800, -18.57811458027868300, 7.881160063439343900 ) ) ;
#6377 = CARTESIAN_POINT ( 'NONE',  ( 3.881348373379689400, -18.27300711996703000, 6.900000000000000400 ) ) ;
#6378 = CARTESIAN_POINT ( 'NONE',  ( 3.693621557351880500, -17.59127730119766800, 7.574678848858877900 ) ) ;
#6379 = CARTESIAN_POINT ( 'NONE',  ( 1.272166432376874000, -17.15129459575263100, 8.178730854216773600 ) ) ;
#6380 = CARTESIAN_POINT ( 'NONE',  ( 2.936663894650833200, -18.03632359542450600, 9.055794619402865600 ) ) ;
#6381 = CARTESIAN_POINT ( 'NONE',  ( 2.732405342106508000, -17.15978039087994800, 9.135949683593134200 ) ) ;
#6382 = CARTESIAN_POINT ( 'NONE',  ( 2.003609710903853500, -16.69268206281732600, 8.361609997246793200 ) ) ;
#6383 = CARTESIAN_POINT ( 'NONE',  ( 1.865524717986201800, -18.27725236799818000, 7.824458267213869600 ) ) ;
#6384 = CARTESIAN_POINT ( 'NONE',  ( 2.514179719172590800, -17.30085535461420700, 6.964788338757589500 ) ) ;
#6385 = AXIS2_PLACEMENT_3D ( 'NONE', #2178, #6115, #6675 ) ;
#6386 = CARTESIAN_POINT ( 'NONE',  ( 0.1219202913554277200, -15.62778834344544900, 9.438996110239813200 ) ) ;
#6387 = CARTESIAN_POINT ( 'NONE',  ( 3.143532285784912600, -17.13357500595374500, 7.679972250399806900 ) ) ;
#6388 = CARTESIAN_POINT ( 'NONE',  ( 2.267920487761251500, -17.74534886658621200, 6.798717964600807100 ) ) ;
#6389 = CARTESIAN_POINT ( 'NONE',  ( 2.556693865462036400, -18.22436416210800700, 9.178939907015060100 ) ) ;
#6390 = CARTESIAN_POINT ( 'NONE',  ( 2.477634044516000300, -19.55486628251999900, 6.871117638202001400 ) ) ;
#6391 = CARTESIAN_POINT ( 'NONE',  ( 1.435531029184979400, -18.17987955274742600, 9.190968083472620600 ) ) ;
#6392 = CARTESIAN_POINT ( 'NONE',  ( 1.542842885233464100, -16.67344526610117900, 8.261851717889911100 ) ) ;
#6393 = CARTESIAN_POINT ( 'NONE',  ( 2.506202120224418900, -17.35573320415724700, 9.449590246962312500 ) ) ;
#6394 = CARTESIAN_POINT ( 'NONE',  ( 3.115085322506718800, -18.69749193770338300, 8.199888190119940700 ) ) ;
#6395 = CARTESIAN_POINT ( 'NONE',  ( 2.821712253091575500, -17.16473914799777800, 7.133991025688938900 ) ) ;
#6397 = CARTESIAN_POINT ( 'NONE',  ( 3.101526662658852900, -17.15672992636690000, 8.456022709888014100 ) ) ;
#6396 = CARTESIAN_POINT ( 'NONE',  ( 2.110429897542020600, -18.21877773897222100, 6.843179536945371800 ) ) ;
#6398 = CARTESIAN_POINT ( 'NONE',  ( 1.587232377084986100, -17.18539201412235700, 9.847190692750269000 ) ) ;
#6399 = CARTESIAN_POINT ( 'NONE',  ( 3.648387876090547300, -18.55247009314412700, 6.700003772510408200 ) ) ;
#6400 = CARTESIAN_POINT ( 'NONE',  ( 2.698808861685718400, -18.75738165388716200, 8.284327589056303500 ) ) ;
#6401 = CARTESIAN_POINT ( 'NONE',  ( 2.201946175630920000, -17.64566725460841200, 6.900000000000000400 ) ) ;
#6402 = CARTESIAN_POINT ( 'NONE',  ( 3.130729856073039700, -17.15279829909673700, 7.364263468220245900 ) ) ;
#6403 = CARTESIAN_POINT ( 'NONE',  ( 3.069949099594040400, -17.33925559033564300, 8.833667305860855000 ) ) ;
#6405 = CARTESIAN_POINT ( 'NONE',  ( 2.488009672050288200, -16.78502744956099200, 8.540372279598623000 ) ) ;
#6404 = CARTESIAN_POINT ( 'NONE',  ( 3.366796638511326800, -18.71673903803806400, 7.829121395475350000 ) ) ;
#6406 = CARTESIAN_POINT ( 'NONE',  ( 1.569686634641054300, -17.17606277738271800, 7.999510876100125700 ) ) ;
#6407 = CARTESIAN_POINT ( 'NONE',  ( 2.289117527346863100, -18.69174431575917000, 8.274058358068851100 ) ) ;
#6408 = B_SPLINE_SURFACE_WITH_KNOTS ( 'NONE', 3, 3, ( 
 ( #3216, #5445, #7117, #3796 ),
 ( #491, #4355, #1041, #4908 ),
 ( #1598, #5466, #2154, #6027 ),
 ( #2708, #6586, #3263, #7140 ),
 ( #3818, #512, #4378, #1066 ),
 ( #4930, #1622, #5492, #2177 ),
 ( #6050, #2732, #6611, #3285 ),
 ( #7164, #3842, #537, #4402 ),
 ( #1091, #4954, #1646, #5514 ),
 ( #2200, #6072, #2753, #6634 ) ),
 .UNSPECIFIED., .F., .F., .F.,
 ( 4, 1, 1, 1, 1, 1, 1, 4 ),
 ( 4, 4 ),
 ( -0.01020195370450000100, 0.2196056929750000200, 0.4494133396540001000, 0.6792209863340001900, 0.9090286330140002800, 1.138836279693000100, 1.368643926373000400, 1.598451573052000100 ),
 ( -0.07000810204480000000, 14.92908520428000200 ),
 .UNSPECIFIED. ) ;
#6409 = CARTESIAN_POINT ( 'NONE',  ( 2.116745052728031600, -17.86465511856311700, 6.915811245036983300 ) ) ;
#6410 = CARTESIAN_POINT ( 'NONE',  ( 1.517482017137378800, -17.28173120590329100, 9.754423259036354200 ) ) ;
#6411 = EDGE_CURVE ( 'NONE', #5565, #6416, #2991, .T. ) ;
#6412 = CARTESIAN_POINT ( 'NONE',  ( 2.453921835154331300, -17.21334510305712200, 7.413505357811297700 ) ) ;
#6413 = CARTESIAN_POINT ( 'NONE',  ( 2.204213502828306700, -17.64687281386393600, 6.700000007790190900 ) ) ;
#6414 = CARTESIAN_POINT ( 'NONE',  ( 2.893279054940174300, -17.56154566112540700, 9.161250311161714100 ) ) ;
#6415 = CARTESIAN_POINT ( 'NONE',  ( 2.977166494299199300, -19.57618565918830100, 6.848617413941101800 ) ) ;
#6416 = VERTEX_POINT ( 'NONE', #494 ) ;
#6417 = CARTESIAN_POINT ( 'NONE',  ( 1.843646253984935400, -17.78359443097902200, 9.669852738069161900 ) ) ;
#6418 = CARTESIAN_POINT ( 'NONE',  ( 1.235444633933497200, -17.26519538520320300, 8.079367528999233300 ) ) ;
#6419 = CARTESIAN_POINT ( 'NONE',  ( 2.486663231885462900, -16.81034200039388800, 8.942738354142223400 ) ) ;
#6420 = CARTESIAN_POINT ( 'NONE',  ( 2.209765226740466400, -17.58311083500694500, 7.062983596176369600 ) ) ;
#6422 = CARTESIAN_POINT ( 'NONE',  ( 2.578280616264757400, -16.96117575587145500, 7.963185391774072000 ) ) ;
#6421 = CARTESIAN_POINT ( 'NONE',  ( 2.525465687155357600, -18.83699867584107000, 6.862281932921107800 ) ) ;
#6423 = B_SPLINE_SURFACE_WITH_KNOTS ( 'NONE', 1, 3, ( 
 ( #6209, #2440, #2990, #6871, #3547, #247, #4104, #797, #4663, #1350, #5226, #1908, #5780, #2463, #6327, #3012, #6894, #3571 ),
 ( #267, #4125, #820, #4686, #1372, #5248, #1929, #5802, #2484, #6351, #3035, #6915, #3595, #289, #4148, #841, #4710, #1394 ) ),
 .UNSPECIFIED., .F., .F., .F.,
 ( 2, 2 ),
 ( 4, 2, 2, 2, 2, 2, 2, 2, 4 ),
 ( 0.0000000000000000000, 1.922397188156689900 ),
 ( 340.0000000000000000, 361.5987174058269000, 385.0000000000010200, 408.4012825941670100, 429.9999999999869300, 451.5987174058179200, 474.9999999999939200, 498.4012825941709900, 520.0000000000000000 ),
 .UNSPECIFIED. ) ;
#6424 = CARTESIAN_POINT ( 'NONE',  ( 2.756875888330844400, -18.96843515213940600, 6.800000000000020300 ) ) ;
#6425 = CARTESIAN_POINT ( 'NONE',  ( 1.436001937028833700, -17.91199680658004600, 9.579981018664018000 ) ) ;
#6426 = CARTESIAN_POINT ( 'NONE',  ( 3.264176113175673700, -18.83459320611874000, 6.800540216105234800 ) ) ;
#6427 = CARTESIAN_POINT ( 'NONE',  ( 3.285726197302872600, -18.35534943001107100, 8.501030281655186400 ) ) ;
#6428 = CARTESIAN_POINT ( 'NONE',  ( 3.543910633155564800, -18.82417950350204800, 6.600000010378432000 ) ) ;
#6429 = B_SPLINE_CURVE_WITH_KNOTS ( 'NONE', 1,
 ( #4280, #3525 ),
 .UNSPECIFIED., .F., .F.,
 ( 2, 2 ),
 ( 0.0000000000000000000, 1.000000000000000000 ),
 .UNSPECIFIED. ) ;
#6430 = ADVANCED_FACE ( 'NONE', ( #6867 ), #6562, .T. ) ;
#6431 = CARTESIAN_POINT ( 'NONE',  ( 2.421884320736863700, -17.31090063491668800, 7.199115555737164700 ) ) ;
#6432 = CARTESIAN_POINT ( 'NONE',  ( 2.739492742430293900, -16.91874336998606100, 8.315160292152254900 ) ) ;
#6434 = CARTESIAN_POINT ( 'NONE',  ( 1.996899883030142800, -16.97034222063449200, 8.013365214227082600 ) ) ;
#6433 = CARTESIAN_POINT ( 'NONE',  ( 3.734434940951389500, -18.07043177009977700, 7.836831184429075700 ) ) ;
#6435 = CARTESIAN_POINT ( 'NONE',  ( 1.353684420311960000, -17.81640903135819800, 8.145326122144986400 ) ) ;
#6436 = CARTESIAN_POINT ( 'NONE',  ( 2.911294803595829300, -18.53366403042241500, 8.649753315676060000 ) ) ;
#6437 = B_SPLINE_SURFACE_WITH_KNOTS ( 'NONE', 3, 3, ( 
 ( #6965, #5826, #3643, #339, #4199, #886, #4758, #1444, #5317, #1999 ),
 ( #5875, #2556, #6428, #3109, #6989, #3671, #363, #4221, #914, #4783 ),
 ( #1469, #5340, #2026, #5898, #2579, #6455, #3134, #7013, #3695, #389 ),
 ( #4246, #939, #4808, #1493, #5365, #2052, #5922, #2604, #6480, #3159 ) ),
 .UNSPECIFIED., .F., .F., .F.,
 ( 4, 4 ),
 ( 4, 1, 1, 1, 1, 1, 1, 4 ),
 ( 0.0000000000000000000, 0.3002583912210211600 ),
 ( 0.0000000000000000000, 1.000000000000000000, 2.000000000000000000, 3.000000000000000000, 4.000000000000000000, 5.000000000000000000, 6.000000000000000000, 7.000000000000000000 ),
 .UNSPECIFIED. ) ;
#6438 = CARTESIAN_POINT ( 'NONE',  ( 2.262018076498082400, -18.59380021328756900, 6.956981778759138800 ) ) ;
#6439 = CARTESIAN_POINT ( 'NONE',  ( 0.9752827367727000500, -18.68258141702000000, 6.488001347711999300 ) ) ;
#6440 = CARTESIAN_POINT ( 'NONE',  ( 2.043510820312450300, -17.76028379218838200, 7.321983820957239400 ) ) ;
#6441 = CARTESIAN_POINT ( 'NONE',  ( -0.5366667601918198000, -16.97695236032988600, 9.727555812183695100 ) ) ;
#6442 = CARTESIAN_POINT ( 'NONE',  ( 2.799694499633599100, -16.97678367786147600, 8.709556246010778900 ) ) ;
#6443 = CARTESIAN_POINT ( 'NONE',  ( 3.791374620156037900, -18.49525068790166300, 6.500000005920870900 ) ) ;
#6444 = CARTESIAN_POINT ( 'NONE',  ( 2.169498170199967400, -17.11758492410043800, 9.601269220447754500 ) ) ;
#6445 = CARTESIAN_POINT ( 'NONE',  ( 1.009843844429592300, -17.85934302446258600, 8.465573162567695300 ) ) ;
#6446 = CARTESIAN_POINT ( 'NONE',  ( 2.121518462986636200, -16.75537525837549800, 8.296957052090959900 ) ) ;
#6447 = CARTESIAN_POINT ( 'NONE',  ( 2.101688206324422700, -18.26594847449773000, 7.064284168616262100 ) ) ;
#6449 = CARTESIAN_POINT ( 'NONE',  ( 2.009185117592392700, -17.34431627169215800, 7.676093457497708000 ) ) ;
#6448 = CARTESIAN_POINT ( 'NONE',  ( 3.263134534248640900, -18.93067428037417300, 6.882507418149641500 ) ) ;
#6450 = ORIENTED_EDGE ( 'NONE', *, *, #7161, .T. ) ;
#6451 = CARTESIAN_POINT ( 'NONE',  ( 2.311052194125339900, -16.73576861947275100, 6.500000007809651600 ) ) ;
#6452 = CARTESIAN_POINT ( 'NONE',  ( 1.819920476053643600, -17.30911447097987100, 9.788766263011698500 ) ) ;
#6453 = CARTESIAN_POINT ( 'NONE',  ( 2.559043535197016900, -18.74781123123789700, 6.498616053570276400 ) ) ;
#6454 = CARTESIAN_POINT ( 'NONE',  ( 3.460730269797458900, -17.64138530214647800, 8.382201978686550700 ) ) ;
#6455 = CARTESIAN_POINT ( 'NONE',  ( 2.388347889891722100, -18.77164233035812300, 6.700000012195599400 ) ) ;
#6456 = CARTESIAN_POINT ( 'NONE',  ( 2.069294844815662500, -17.90357391496977600, 7.148361765789081400 ) ) ;
#6457 = CARTESIAN_POINT ( 'NONE',  ( 2.172230651707153500, -17.06356724400109900, 7.856350307360459700 ) ) ;
#6459 = CARTESIAN_POINT ( 'NONE',  ( 1.642212143722432800, -17.54690950093051400, 7.879063456730745200 ) ) ;
#6458 = CARTESIAN_POINT ( 'NONE',  ( 3.524406183944610100, -17.38157895629320000, 7.651628136404695200 ) ) ;
#6460 = CARTESIAN_POINT ( 'NONE',  ( 1.433940062177615700, -18.25662420613496900, 8.740491196126971100 ) ) ;
#6461 = CARTESIAN_POINT ( 'NONE',  ( 3.309757526056939600, -17.90626237406533100, 8.695040854692075900 ) ) ;
#6462 = B_SPLINE_SURFACE_WITH_KNOTS ( 'NONE', 3, 3, ( 
 ( #1589, #4346, #5970, #2145 ),
 ( #6019, #2699, #6576, #3253 ),
 ( #7131, #3809, #504, #4369 ),
 ( #1055, #4922, #1613, #5481 ),
 ( #2168, #6041, #2724, #6601 ),
 ( #3276, #7155, #3833, #526 ),
 ( #4393, #1081, #4945, #1636 ),
 ( #5505, #2190, #6063, #2745 ),
 ( #6626, #3300, #7178, #3856 ),
 ( #551, #4416, #1104, #4970 ) ),
 .UNSPECIFIED., .F., .F., .F.,
 ( 4, 1, 1, 1, 1, 1, 1, 4 ),
 ( 4, 4 ),
 ( 0.0000000000000000000, 1.000000000000000000, 2.000000000000000000, 3.000000000000000000, 4.000000000000000000, 5.000000000000000000, 6.000000000000000000, 7.000000000000000000 ),
 ( 0.0000000000000000000, 0.3002380414962132500 ),
 .UNSPECIFIED. ) ;
#6463 = CARTESIAN_POINT ( 'NONE',  ( 2.905189887864359400, -18.96131102923850900, 7.021760386952497200 ) ) ;
#6464 = CARTESIAN_POINT ( 'NONE',  ( 0.9246029819184999900, -18.89943284260999700, 6.612376248815998300 ) ) ;
#6465 = CARTESIAN_POINT ( 'NONE',  ( 2.109379648268766300, -18.48104082924638900, 7.493035600351874800 ) ) ;
#6466 = CARTESIAN_POINT ( 'NONE',  ( 2.340207955744769900, -16.87165452428092400, 8.134051674253219800 ) ) ;
#6467 = CARTESIAN_POINT ( 'NONE',  ( 2.189312978394812400, -16.63922283322109400, 9.032316208115171100 ) ) ;
#6468 = ADVANCED_FACE ( 'NONE', ( #5391 ), #3572, .T. ) ;
#6469 = CARTESIAN_POINT ( 'NONE',  ( 1.083140524438998900, -18.03749973605831200, 9.184094782196718000 ) ) ;
#6470 = CARTESIAN_POINT ( 'NONE',  ( 1.660255234201765800, -17.22421895598175800, 7.949849365849150500 ) ) ;
#6471 = CARTESIAN_POINT ( 'NONE',  ( 2.547964886093420800, -18.84896171212073000, 7.182025990868505800 ) ) ;
#6473 = CARTESIAN_POINT ( 'NONE',  ( 1.804654623886866800, -18.00072357570708100, 7.733120213154401200 ) ) ;
#6472 = CARTESIAN_POINT ( 'NONE',  ( 3.822306991310366000, -18.44051450017985900, 6.890175344686245900 ) ) ;
#6474 = B_SPLINE_SURFACE_WITH_KNOTS ( 'NONE', 3, 3, ( 
 ( #3918, #6687, #1727, #5596 ),
 ( #2278, #6150, #2831, #6711 ),
 ( #3387, #88, #3943, #642 ),
 ( #4510, #1192, #5066, #1751 ),
 ( #5619, #2301, #6175, #2855 ),
 ( #6738, #3414, #114, #3967 ),
 ( #669, #4535, #1215, #5091 ),
 ( #1777, #5644, #2326, #6198 ),
 ( #2879, #6759, #3438, #140 ),
 ( #3995, #693, #4560, #1240 ) ),
 .UNSPECIFIED., .F., .F., .F.,
 ( 4, 1, 1, 1, 1, 1, 1, 4 ),
 ( 4, 4 ),
 ( -0.01020195370449000100, 0.2196056929750000200, 0.4494133396540001000, 0.6792209863340001900, 0.9090286330140002800, 1.138836279693000100, 1.368643926373000400, 1.598451573052000100 ),
 ( -0.07000810204480000000, 14.92908520428000200 ),
 .UNSPECIFIED. ) ;
#6475 = CARTESIAN_POINT ( 'NONE',  ( 3.648583853200400900, -17.59238322345851200, 6.800360624845011700 ) ) ;
#6476 = CARTESIAN_POINT ( 'NONE',  ( 1.676000157674614000, -17.36500033624373200, 6.500000029772859700 ) ) ;
#6477 = CARTESIAN_POINT ( 'NONE',  ( 2.025848381631128300, -16.70450657378878400, 9.408012490587561100 ) ) ;
#6478 = CARTESIAN_POINT ( 'NONE',  ( 2.216329446414888600, -18.27623543439492700, 6.598259689269470500 ) ) ;
#6479 = CARTESIAN_POINT ( 'NONE',  ( 3.103639719877069300, -17.10579317093797900, 8.009446192397936300 ) ) ;
#6480 = CARTESIAN_POINT ( 'NONE',  ( 2.142644061298973200, -17.76540298276440300, 6.800000000000000700 ) ) ;
#6481 = CARTESIAN_POINT ( 'NONE',  ( 2.249711286077764200, -18.61278687441472000, 7.280260714739530800 ) ) ;
#6482 = CARTESIAN_POINT ( 'NONE',  ( 1.797521408257131800, -17.62948890170855200, 7.731466988216029200 ) ) ;
#6484 = CARTESIAN_POINT ( 'NONE',  ( 1.576577177992192700, -18.19774473058555800, 8.232667758132784300 ) ) ;
#6483 = CARTESIAN_POINT ( 'NONE',  ( 2.875309925526818000, -17.11910904108751200, 7.398181052454350300 ) ) ;
#6485 = CARTESIAN_POINT ( 'NONE',  ( 1.817145995717204500, -18.16182853635566400, 9.370647875332800000 ) ) ;
#6486 = CARTESIAN_POINT ( 'NONE',  ( 3.210867539171212900, -17.24039779934269500, 8.378820453166923700 ) ) ;
#6487 = CARTESIAN_POINT ( 'NONE',  ( 4.759655118262231500, -16.69271479774078400, 6.499999960872801600 ) ) ;
#6488 = CARTESIAN_POINT ( 'NONE',  ( 3.607661645392449500, -18.72153805219410900, 7.066176557557719600 ) ) ;
#6489 = CARTESIAN_POINT ( 'NONE',  ( 0.9562859954514000300, -19.12067509111999900, 6.736751149921000900 ) ) ;
#6490 = CARTESIAN_POINT ( 'NONE',  ( 2.676147212398072300, -18.86505717610605300, 7.786672202951840500 ) ) ;
#6491 = CARTESIAN_POINT ( 'NONE',  ( 3.021232957799699900, -16.61044799898000000, 6.900036467719999700 ) ) ;
#6492 = CARTESIAN_POINT ( 'NONE',  ( 1.828235988368686700, -17.31353590731043500, 7.824717756269277100 ) ) ;
#6493 = CARTESIAN_POINT ( 'NONE',  ( 1.892049106343067100, -16.67042848459973200, 8.351441150155631400 ) ) ;
#6494 = CARTESIAN_POINT ( 'NONE',  ( 1.455104809229162500, -17.87033520870852900, 8.085530826080479000 ) ) ;
#6495 = B_SPLINE_CURVE_WITH_KNOTS ( 'NONE', 3,
 ( #4520, #5269, #6377, #3062, #6939, #3619, #316, #4174, #863, #4734, #1421, #5291, #1977, #5851, #2531, #6401 ),
 .UNSPECIFIED., .F., .F.,
 ( 4, 3, 3, 3, 3, 4 ),
 ( 0.0000000000000000000, 0.3412857270386917000, 0.7115095103814881300, 1.437146545919429700, 2.163115608193399500, 2.888647650953148500 ),
 .UNSPECIFIED. ) ;
#6496 = CARTESIAN_POINT ( 'NONE',  ( 3.280859517691217400, -18.89292498229766400, 7.299767813119777000 ) ) ;
#6498 = CARTESIAN_POINT ( 'NONE',  ( 2.046061317920366400, -18.57552426966726600, 8.138407046342059900 ) ) ;
#6497 = CARTESIAN_POINT ( 'NONE',  ( 3.820682494182724200, -17.69590104713724100, 6.879964901313126500 ) ) ;
#6499 = CARTESIAN_POINT ( 'NONE',  ( 4.327585814536560900, -18.77690911201912600, 6.732751585859254800 ) ) ;
#6500 = CARTESIAN_POINT ( 'NONE',  ( 3.687871921432611400, -18.47602593678044500, 6.498984558511979000 ) ) ;
#6501 = CARTESIAN_POINT ( 'NONE',  ( 1.915951012266130300, -16.50688893045730100, 8.699633861528683500 ) ) ;
#6502 = CARTESIAN_POINT ( 'NONE',  ( 2.236995004463108400, -17.79803414221918000, 6.698213592784736800 ) ) ;
#6503 = CARTESIAN_POINT ( 'NONE',  ( 2.459931218127880300, -17.10925100717554800, 7.636690406110288300 ) ) ;
#6504 = DIRECTION ( 'NONE',  ( 1.000000000000000000, 7.881384666309092500E-031, -3.206885370684749800E-015 ) ) ;
#6505 = ORIENTED_EDGE ( 'NONE', *, *, #1510, .T. ) ;
#6506 = CARTESIAN_POINT ( 'NONE',  ( 2.894184670763142000, -18.92992915383976200, 7.472628274088376300 ) ) ;
#6507 = CARTESIAN_POINT ( 'NONE',  ( 1.782780598606672700, -18.30738503416784000, 8.036704582532577100 ) ) ;
#6509 = CARTESIAN_POINT ( 'NONE',  ( 1.917598319932914300, -18.46172957560276700, 8.839683751162356300 ) ) ;
#6508 = CARTESIAN_POINT ( 'NONE',  ( 2.232903053159466500, -17.46326920806615800, 7.250540825358212000 ) ) ;
#6510 =( NAMED_UNIT ( * ) PLANE_ANGLE_UNIT ( ) SI_UNIT ( $, .RADIAN. ) );
#6511 = CARTESIAN_POINT ( 'NONE',  ( 2.241933761845419100, -17.60021514852044400, 9.609554139814534300 ) ) ;
#6512 = CARTESIAN_POINT ( 'NONE',  ( 2.685296125848360700, -16.98647681953493900, 7.917629917973231500 ) ) ;
#6513 = B_SPLINE_SURFACE_WITH_KNOTS ( 'NONE', 3, 3, ( 
 ( #347, #4207, #3581, #1452 ),
 ( #5325, #2010, #5883, #2564 ),
 ( #6439, #3117, #6998, #3680 ),
 ( #372, #4231, #924, #4791 ),
 ( #1477, #5350, #2035, #5907 ),
 ( #2589, #6464, #3144, #7022 ),
 ( #3706, #398, #4258, #948 ),
 ( #4818, #1502, #5374, #2061 ),
 ( #5934, #2615, #6489, #3169 ),
 ( #7048, #3729, #421, #4285 ),
 ( #974, #4842, #1529, #5400 ),
 ( #2084, #5957, #2640, #6515 ),
 ( #3193, #7072, #3753, #443 ),
 ( #4309, #998, #4865, #1552 ),
 ( #5424, #2110, #5982, #2664 ),
 ( #6540, #3217, #7093, #3777 ),
 ( #469, #4331, #1021, #4888 ),
 ( #1576, #5446, #2133, #6005 ),
 ( #2686, #6564, #3241, #7118 ),
 ( #3797, #492, #4356, #1042 ) ),
 .UNSPECIFIED., .F., .F., .F.,
 ( 4, 1, 1, 1, 1, 1, 1, 1, 1, 1, 1, 1, 1, 1, 1, 1, 1, 4 ),
 ( 4, 4 ),
 ( 2.088187795290000500, 2.212117778619000500, 2.336047761948999700, 2.459977745278000100, 2.583907728607000900, 2.707837711937001000, 2.831767695265999600, 2.955697678596000100, 3.079627661925000000, 3.203557645255000500, 3.327487628584000000, 3.451417611912999600, 3.575347595242999600, 3.699277578572000500, 3.823207561902000500, 3.947137545231000900, 4.071067528560000400, 4.194997511889998700 ),
 ( 343.6197832617000400, 347.3510302948000100 ),
 .UNSPECIFIED. ) ;
#6514 = CARTESIAN_POINT ( 'NONE',  ( 5.069729229555274900, -17.15956605741397600, 6.499999961935455600 ) ) ;
#6515 = CARTESIAN_POINT ( 'NONE',  ( 1.066580357523999800, -19.31598860451000400, 6.861126051024999800 ) ) ;
#6516 = CARTESIAN_POINT ( 'NONE',  ( 3.354594591740609500, -18.64861550380334900, 8.001243201224598400 ) ) ;
#6517 = CARTESIAN_POINT ( 'NONE',  ( 4.521510760774999600, -16.62544433288999800, 6.880997255274000000 ) ) ;
#6518 = CARTESIAN_POINT ( 'NONE',  ( 1.642249415084859000, -17.96984176072716000, 7.937118774430628000 ) ) ;
#6519 = CARTESIAN_POINT ( 'NONE',  ( 1.477751074384702400, -17.19389200608673100, 8.021600407022146900 ) ) ;
#6520 = CARTESIAN_POINT ( 'NONE',  ( 1.580228288178707500, -18.33440703564118100, 8.654242781208861100 ) ) ;
#6521 = ORIENTED_EDGE ( 'NONE', *, *, #7041, .F. ) ;
#6522 = CARTESIAN_POINT ( 'NONE',  ( 3.803332614528220900, -18.36371341188645800, 7.337301934495532600 ) ) ;
#6524 = CARTESIAN_POINT ( 'NONE',  ( 2.629491865055254300, -18.64093433580497100, 8.596426863992713100 ) ) ;
#6523 = CARTESIAN_POINT ( 'NONE',  ( 3.259376641321131400, -17.20818577528298800, 6.858887953217577000 ) ) ;
#6525 = VECTOR ( 'NONE', #3738, 100.0000000000000100 ) ;
#6526 = CARTESIAN_POINT ( 'NONE',  ( 3.736641338726412400, -18.58440058592449900, 6.500000008278267000 ) ) ;
#6527 = CARTESIAN_POINT ( 'NONE',  ( 2.735426226744966300, -17.30287900952304600, 6.497657715269829400 ) ) ;
#6528 = CARTESIAN_POINT ( 'NONE',  ( 1.562645400178873700, -16.85403519680221200, 8.143651444834210600 ) ) ;
#6529 = CARTESIAN_POINT ( 'NONE',  ( -0.6073328357529402800, -16.65664468225950400, 8.520878384517208900 ) ) ;
#6530 = CARTESIAN_POINT ( 'NONE',  ( 2.007218159449571700, -17.60884241463152500, 7.482749155187680600 ) ) ;
#6531 = CARTESIAN_POINT ( 'NONE',  ( 2.402818337519015700, -17.39055935646508600, 6.500000015788074000 ) ) ;
#6532 = CARTESIAN_POINT ( 'NONE',  ( 3.567284277149381600, -18.63592050518411700, 7.594888929416907100 ) ) ;
#6533 = CARTESIAN_POINT ( 'NONE',  ( 2.211169361839771400, -18.61782406744833200, 8.560691707941668200 ) ) ;
#6535 = CARTESIAN_POINT ( 'NONE',  ( 2.431084537292178500, -18.15757649761502900, 9.283252524397383400 ) ) ;
#6534 = CARTESIAN_POINT ( 'NONE',  ( 2.039981180341567900, -18.12584892529572400, 7.256821947407011900 ) ) ;
#6536 = CARTESIAN_POINT ( 'NONE',  ( 2.419252981784164800, -16.95074775757944600, 9.291431780041440500 ) ) ;
#6537 = CARTESIAN_POINT ( 'NONE',  ( 2.087765565448616000, -17.32066624268370000, 7.624516789880329900 ) ) ;
#6538 = B_SPLINE_SURFACE_WITH_KNOTS ( 'NONE', 1, 3, ( 
 ( #3990, #690, #5113, #1799, #5668, #2349, #6220, #2901, #6783, #3459, #161, #4020, #714, #4581, #1263, #5141, #1823, #5693 ),
 ( #2376, #6244, #2925, #6810, #3485, #184, #4043, #740, #4606, #1289, #5167, #1849, #5717, #2401, #6270, #2952, #6833, #3512 ) ),
 .UNSPECIFIED., .F., .F., .F.,
 ( 2, 2 ),
 ( 4, 2, 2, 2, 2, 2, 2, 2, 4 ),
 ( 0.0000000000000000000, 1.922397188156689900 ),
 ( 340.0000000000000000, 361.5987174058229200, 385.0000000000000000, 408.4012825941709900, 429.9999999999939200, 451.5987174058249100, 474.9999999999959600, 498.4012825941699700, 520.0000000000000000 ),
 .UNSPECIFIED. ) ;
#6539 = CARTESIAN_POINT ( 'NONE',  ( 1.675081331296628200, -17.36451108218856400, 6.875605298594537700 ) ) ;
#6540 = CARTESIAN_POINT ( 'NONE',  ( 1.312786017843999800, -19.48158948336999400, 6.488001347711999300 ) ) ;
#6541 = CARTESIAN_POINT ( 'NONE',  ( 3.685246658933317900, -17.98264230574236000, 7.992310858423512500 ) ) ;
#6542 = CARTESIAN_POINT ( 'NONE',  ( 4.022188256889698700, -16.59800796014329500, 6.852446001640701400 ) ) ;
#6543 = CARTESIAN_POINT ( 'NONE',  ( 1.850164665751203400, -18.47793475354585600, 8.440174032460880900 ) ) ;
#6544 = CARTESIAN_POINT ( 'NONE',  ( 1.274640083641327000, -17.82619918722572200, 8.215025098503451400 ) ) ;
#6545 = CARTESIAN_POINT ( 'NONE',  ( 2.010939978450306600, -18.26487062477463000, 9.256391080453950000 ) ) ;
#6546 = EDGE_LOOP ( 'NONE', ( #6874, #6764, #5395, #6616 ) ) ;
#6547 = CARTESIAN_POINT ( 'NONE',  ( 3.756583800838737100, -17.62475491989885500, 7.268852373542976000 ) ) ;
#6548 = CARTESIAN_POINT ( 'NONE',  ( 2.522123551938368500, -17.30507916541955300, 6.841275627771205200 ) ) ;
#6549 = CARTESIAN_POINT ( 'NONE',  ( 3.495410146652268200, -18.26670036469172200, 8.271905860707223100 ) ) ;
#6550 = CARTESIAN_POINT ( 'NONE',  ( 3.311247971661505800, -18.91328936836512800, 6.500000021200522200 ) ) ;
#6551 = CARTESIAN_POINT ( 'NONE',  ( 3.687676190748943900, -17.64522779049120900, 6.599270395164255700 ) ) ;
#6552 = CARTESIAN_POINT ( 'NONE',  ( 1.262348240341558000, -17.47451279452061400, 8.089970376338333900 ) ) ;
#6553 = CARTESIAN_POINT ( 'NONE',  ( -0.1920588612134081800, -16.50129664264322200, 10.18672480281320200 ) ) ;
#6554 = CARTESIAN_POINT ( 'NONE',  ( 1.962813242510781600, -18.32898159408078000, 7.667096252183163200 ) ) ;
#6555 = CARTESIAN_POINT ( 'NONE',  ( 3.806769287171039900, -17.93266685289563600, 7.563082053204195400 ) ) ;
#6556 = CARTESIAN_POINT ( 'NONE',  ( 2.788498293463916400, -18.34761676277831600, 8.943588252806279100 ) ) ;
#6558 = CARTESIAN_POINT ( 'NONE',  ( 2.768603747106027000, -17.49525462405429400, 9.264787268747701500 ) ) ;
#6557 = CARTESIAN_POINT ( 'NONE',  ( 2.383598450767840900, -18.75499594674004600, 7.455235739955545800 ) ) ;
#6559 = CARTESIAN_POINT ( 'NONE',  ( 2.227332404286891200, -16.65943812055505200, 8.634746441263118300 ) ) ;
#6560 = ADVANCED_FACE ( 'NONE', ( #2269 ), #3333, .T. ) ;
#6561 = CARTESIAN_POINT ( 'NONE',  ( 1.851146080570492700, -17.96997295542597700, 7.647688194513889000 ) ) ;
#6562 = B_SPLINE_SURFACE_WITH_KNOTS ( 'NONE', 1, 3, ( 
 ( #540, #4405, #1649, #5517, #2203, #6075, #2756 ),
 ( #6637, #3311, #9, #3867, #562, #4428, #1115 ) ),
 .UNSPECIFIED., .F., .F., .F.,
 ( 2, 2 ),
 ( 4, 1, 1, 1, 4 ),
 ( 0.0000000000000000000, 1.000000000000000000 ),
 ( 0.0000000000000000000, 0.4201248195400642000, 0.8402496390800977500, 1.260393809787893900, 1.680537980495616200 ),
 .UNSPECIFIED. ) ;
#6563 = DIRECTION ( 'NONE',  ( 3.206885370684749800E-015, -8.592823452948479100E-016, 1.000000000000000000 ) ) ;
#6564 = CARTESIAN_POINT ( 'NONE',  ( 1.506626801096999900, -19.52210429404999900, 6.612376248815998300 ) ) ;
#6565 = CARTESIAN_POINT ( 'NONE',  ( 3.440163101244997400, -17.31732687402409000, 7.764228415820754800 ) ) ;
#6566 = CARTESIAN_POINT ( 'NONE',  ( 3.793228353883247600, -18.49176699722021800, 6.766666674456860000 ) ) ;
#6567 = CARTESIAN_POINT ( 'NONE',  ( 2.368535713420323800, -18.45500764978122600, 8.972805473241424000 ) ) ;
#6568 = CARTESIAN_POINT ( 'NONE',  ( 1.352456732057576000, -18.21329875098663100, 8.845436047830894200 ) ) ;
#6569 = CARTESIAN_POINT ( 'NONE',  ( 2.453738222379965100, -17.71283357785521800, 9.484678751732698000 ) ) ;
#6570 = CARTESIAN_POINT ( 'NONE',  ( 3.176590529730534600, -17.17718285182325400, 7.141504439895403100 ) ) ;
#6571 = CARTESIAN_POINT ( 'NONE',  ( 2.121209613798336900, -17.86702896779264900, 6.799999999999449200 ) ) ;
#6572 = CARTESIAN_POINT ( 'NONE',  ( 3.530799777193820900, -17.54176767243588500, 8.105243770399688700 ) ) ;
#6573 = CARTESIAN_POINT ( 'NONE',  ( 2.807226319111420000, -18.94846969784764900, 6.500000031252445100 ) ) ;
#6574 = CARTESIAN_POINT ( 'NONE',  ( 3.700274292176033900, -18.45572901722952300, 6.700037157723609300 ) ) ;
#6575 = CARTESIAN_POINT ( 'NONE',  ( 1.137233422318779000, -18.02127190173521900, 8.578387170384733200 ) ) ;
#6576 = CARTESIAN_POINT ( 'NONE',  ( 3.855612571406329200, -18.37790535415052800, 6.700000001042600900 ) ) ;
#6577 = CARTESIAN_POINT ( 'NONE',  ( 2.429102695419759400, -18.76617574991689700, 8.047635475925156700 ) ) ;
#6578 = CARTESIAN_POINT ( 'NONE',  ( 3.454086397085819100, -17.29869955597471800, 7.399892922645544300 ) ) ;
#6579 = CARTESIAN_POINT ( 'NONE',  ( 1.817348631264192400, -16.42186006725648900, 8.966577056626123400 ) ) ;
#6580 = CARTESIAN_POINT ( 'NONE',  ( 3.123359804829799000, -17.68388176588627700, 8.927648711939111700 ) ) ;
#6582 = CARTESIAN_POINT ( 'NONE',  ( 2.698868885477923900, -16.92317374786151900, 8.793287158873686900 ) ) ;
#6581 = CARTESIAN_POINT ( 'NONE',  ( 3.082538473483984000, -18.88182349049119300, 7.679465696718431800 ) ) ;
#6583 = CARTESIAN_POINT ( 'NONE',  ( 1.798745145253843200, -16.92045204392166000, 8.086006849052132800 ) ) ;
#6584 = CARTESIAN_POINT ( 'NONE',  ( 2.077484414853717700, -18.57921699379481200, 8.009397056736183600 ) ) ;
#6585 = B_SPLINE_SURFACE_WITH_KNOTS ( 'NONE', 3, 3, ( 
 ( #6872, #3956, #4105, #798 ),
 ( #4664, #1352, #5228, #1909 ),
 ( #5781, #2464, #6329, #3013 ),
 ( #6895, #3574, #268, #4126 ),
 ( #821, #4687, #1373, #5249 ),
 ( #1931, #5803, #2485, #6354 ),
 ( #3038, #6917, #3597, #292 ),
 ( #4150, #843, #4713, #1397 ),
 ( #5271, #1955, #5829, #2508 ),
 ( #6379, #3065, #6942, #3621 ) ),
 .UNSPECIFIED., .F., .F., .F.,
 ( 4, 1, 1, 1, 1, 1, 1, 4 ),
 ( 4, 4 ),
 ( 0.0000000000000000000, 0.1946132253894812000, 0.3355399371044416300, 0.4362502267764745700, 0.5637497732235747800, 0.7180774344424002400, 0.8791954063393340200, 1.000000000000000000 ),
 ( 0.0000000000000000000, 1.000000000000000000 ),
 .UNSPECIFIED. ) ;
#6586 = CARTESIAN_POINT ( 'NONE',  ( 1.473976315134999600, -17.79117963621999700, 6.895433249022999300 ) ) ;
#6587 = CARTESIAN_POINT ( 'NONE',  ( -0.08549068609240770300, -16.30087105532952300, 10.18672480281320800 ) ) ;
#6588 = CARTESIAN_POINT ( 'NONE',  ( 2.787651288231935100, -17.10956436430034700, 7.473627988269425000 ) ) ;
#6589 = CARTESIAN_POINT ( 'NONE',  ( 1.003191107050177300, -17.91433391894531400, 8.863448229894272500 ) ) ;
#6590 = CARTESIAN_POINT ( 'NONE',  ( 2.844567548794553900, -17.92064121688098100, 9.174737773669756200 ) ) ;
#6591 = CARTESIAN_POINT ( 'NONE',  ( 1.716891332302623800, -18.06134834730147500, 9.475846997157365300 ) ) ;
#6592 = CARTESIAN_POINT ( 'NONE',  ( 2.607075083751345900, -17.05061454067039900, 9.180695878567485500 ) ) ;
#6593 = CARTESIAN_POINT ( 'NONE',  ( 1.407719493900582800, -17.67507924288929600, 9.748038088983541600 ) ) ;
#6594 = CARTESIAN_POINT ( 'NONE',  ( 2.454322550897374700, -17.32814834783977900, 7.041553355820544100 ) ) ;
#6595 = CARTESIAN_POINT ( 'NONE',  ( 2.268069775000810300, -18.59701795845934000, 6.800000000000587800 ) ) ;
#6596 = ORIENTED_EDGE ( 'NONE', *, *, #1401, .T. ) ;
#6597 = CARTESIAN_POINT ( 'NONE',  ( 3.045900483699625700, -17.09467848883879500, 7.761210891626618900 ) ) ;
#6598 = CARTESIAN_POINT ( 'NONE',  ( 2.336512040957392100, -18.68086564431780500, 6.500000036182918000 ) ) ;
#6599 = CARTESIAN_POINT ( 'NONE',  ( 2.622722438799497200, -17.35320936334214900, 6.698538961920040600 ) ) ;
#6600 = CARTESIAN_POINT ( 'NONE',  ( 1.336105813808324200, -18.10148393031862200, 9.290716930127173300 ) ) ;
#6601 = CARTESIAN_POINT ( 'NONE',  ( 3.608883219720806900, -17.36604241532559500, 6.800000000000020300 ) ) ;
#6602 = CARTESIAN_POINT ( 'NONE',  ( 3.086958153266484500, -18.62706589024036000, 8.365621771834689500 ) ) ;
#6603 = CARTESIAN_POINT ( 'NONE',  ( 2.744901202005122400, -17.16642455744824900, 7.215470805517012000 ) ) ;
#6604 = EDGE_CURVE ( 'NONE', #5378, #898, #2323, .T. ) ;
#6605 = CARTESIAN_POINT ( 'NONE',  ( 2.985762080424171100, -17.07571756549491200, 8.520641334802386200 ) ) ;
#6607 = CARTESIAN_POINT ( 'NONE',  ( 2.269769297730347200, -16.83420162546085300, 8.192547654523462300 ) ) ;
#6606 = CARTESIAN_POINT ( 'NONE',  ( 3.656814921334723000, -18.41923468853656200, 7.775525338331457100 ) ) ;
#6608 = VECTOR ( 'NONE', #946, 100.0000000000000000 ) ;
#6609 = CARTESIAN_POINT ( 'NONE',  ( 1.474728737818523000, -17.52328898864216500, 7.987952832837010000 ) ) ;
#6610 = CARTESIAN_POINT ( 'NONE',  ( 2.669323641142233400, -18.70463983659983500, 8.442259766294867500 ) ) ;
#6611 = CARTESIAN_POINT ( 'NONE',  ( 1.217899422964999800, -18.22125563948000200, 6.871117638200999500 ) ) ;
#6612 = CARTESIAN_POINT ( 'NONE',  ( 0.05380325559146420500, -15.99878182929360400, 10.07991726568730900 ) ) ;
#6613 = CARTESIAN_POINT ( 'NONE',  ( 2.171928168044106500, -17.49628028083364500, 7.317430152086336300 ) ) ;
#6614 = CARTESIAN_POINT ( 'NONE',  ( 0.9945708853223258500, -18.63609067598104100, 6.732751586246949100 ) ) ;
#6615 = CARTESIAN_POINT ( 'NONE',  ( 2.953651286218210300, -17.23489237631253300, 8.905849136253239700 ) ) ;
#6616 = ORIENTED_EDGE ( 'NONE', *, *, #6972, .F. ) ;
#6617 = CARTESIAN_POINT ( 'NONE',  ( 2.365648827773025900, -16.73298226747669300, 8.553198030916464100 ) ) ;
#6618 = CARTESIAN_POINT ( 'NONE',  ( 1.760681130013690200, -17.02096825303957000, 9.770123677326955300 ) ) ;
#6619 = CARTESIAN_POINT ( 'NONE',  ( 2.097737425332119300, -17.91869710329148900, 6.995166868007125900 ) ) ;
#6620 = VERTEX_POINT ( 'NONE', #1138 ) ;
#6621 = CARTESIAN_POINT ( 'NONE',  ( 2.913738822729870800, -18.96585657853757600, 6.800000000000970600 ) ) ;
#6622 = CARTESIAN_POINT ( 'NONE',  ( 2.372494265495042500, -17.22551986256346300, 7.473730038230332400 ) ) ;
#6623 = CARTESIAN_POINT ( 'NONE',  ( 2.102917946549645500, -18.17056605756601300, 6.500000033029644800 ) ) ;
#6624 = CARTESIAN_POINT ( 'NONE',  ( 3.613628928423994000, -17.54301158473465700, 6.800246647815071400 ) ) ;
#6625 = CARTESIAN_POINT ( 'NONE',  ( 1.726000343268000700, -17.65689247116562700, 9.743443489279792800 ) ) ;
#6626 = CARTESIAN_POINT ( 'NONE',  ( 2.264963594249662200, -17.52714883747435700, 6.500000020420872100 ) ) ;
#6627 = CARTESIAN_POINT ( 'NONE',  ( 3.489721644232605300, -18.00195099306080200, 8.403952913871346900 ) ) ;
#6628 = CARTESIAN_POINT ( 'NONE',  ( 2.166235743873063100, -17.62667968124060600, 7.136464758632836700 ) ) ;
#6629 = CARTESIAN_POINT ( 'NONE',  ( 2.470198244429167500, -16.94077158679927900, 8.002072187335471700 ) ) ;
#6631 = CARTESIAN_POINT ( 'NONE',  ( 1.774130330403423900, -17.28476741866387900, 7.869649951033642800 ) ) ;
#6630 = CARTESIAN_POINT ( 'NONE',  ( 3.719187104531620500, -17.68446156095722100, 7.679465696716270000 ) ) ;
#6632 = CARTESIAN_POINT ( 'NONE',  ( 1.391766978913902400, -18.13107949678420600, 8.410266332252346500 ) ) ;
#6633 = CARTESIAN_POINT ( 'NONE',  ( 3.226324732369231900, -18.25705287765337600, 8.651954270633528000 ) ) ;
#6634 = CARTESIAN_POINT ( 'NONE',  ( 0.9792311712798997800, -18.66060134602249900, 6.848617413939302300 ) ) ;
#6635 = CARTESIAN_POINT ( 'NONE',  ( -0.3614707189481073400, -16.15412986890991900, 8.414070847391201400 ) ) ;
#6636 = CARTESIAN_POINT ( 'NONE',  ( 2.018348410626995100, -18.16981714389702400, 7.348271265898969100 ) ) ;
#6637 = CARTESIAN_POINT ( 'NONE',  ( 3.051452301452799400, -16.57088270616889900, 6.500000000000000000 ) ) ;
#6638 = CARTESIAN_POINT ( 'NONE',  ( 2.620875344186943700, -16.86868861346487600, 8.350794703482911500 ) ) ;
#6639 = CARTESIAN_POINT ( 'NONE',  ( 1.895693619407652600, -16.97200046201469800, 8.028848098460455800 ) ) ;
#6640 = CARTESIAN_POINT ( 'NONE',  ( 1.903212391766705200, -16.51957492643554600, 9.239587977485969700 ) ) ;
#6641 = CARTESIAN_POINT ( 'NONE',  ( 2.288922977455239800, -18.63363610055197100, 7.069062189733886100 ) ) ;
#6642 = CARTESIAN_POINT ( 'NONE',  ( 3.617922838045316300, -18.72699402510823000, 6.800000000000344400 ) ) ;
#6643 = CARTESIAN_POINT ( 'NONE',  ( 1.996862176515496400, -17.80091226258514000, 7.396600137705146200 ) ) ;
#6644 = CARTESIAN_POINT ( 'NONE',  ( 1.036904491714902800, -18.65863235412933500, 6.899999997794817700 ) ) ;
#6645 = CARTESIAN_POINT ( 'NONE',  ( 1.517482017137022500, -17.28173120590349000, 9.754423259036615300 ) ) ;
#6646 = CARTESIAN_POINT ( 'NONE',  ( 2.039162930102989900, -16.99281388137104200, 9.625663835751725000 ) ) ;
#6647 = CARTESIAN_POINT ( 'NONE',  ( 1.506966860986475500, -19.52573728842466800, 6.849127380969894900 ) ) ;
#6648 = CARTESIAN_POINT ( 'NONE',  ( 3.360801526034136600, -17.32011911428501300, 8.136305578883099800 ) ) ;
#6649 = CARTESIAN_POINT ( 'NONE',  ( 2.102677618035555100, -18.31364839298440500, 7.160756882915738000 ) ) ;
#6650 = CARTESIAN_POINT ( 'NONE',  ( 1.928084712018757900, -17.36662641541489200, 7.723341080749131400 ) ) ;
#6652 = CARTESIAN_POINT ( 'NONE',  ( 1.582768169918710400, -17.93821502166515100, 7.991185099280374800 ) ) ;
#6651 = CARTESIAN_POINT ( 'NONE',  ( 3.223200004873511700, -17.17593508359264800, 7.455235739952693800 ) ) ;
#6653 = CARTESIAN_POINT ( 'NONE',  ( 1.675829246957832200, -18.30764838154931300, 9.074743526027649700 ) ) ;
#6654 = CARTESIAN_POINT ( 'NONE',  ( 3.365975742859364000, -17.54382958753226500, 8.494476089123018900 ) ) ;
#6655 = CARTESIAN_POINT ( 'NONE',  ( 3.627328896521028900, -19.43296636159889000, 6.500000022933247300 ) ) ;
#6656 = CARTESIAN_POINT ( 'NONE',  ( 2.392647843404642800, -18.76637817562433600, 7.590823538660437500 ) ) ;
#6657 = CARTESIAN_POINT ( 'NONE',  ( 2.074586484812041200, -17.06711948580772300, 7.886979958265925500 ) ) ;
#6658 = CARTESIAN_POINT ( 'NONE',  ( 1.564141898435820600, -17.57083080945729500, 7.931435185530238700 ) ) ;
#6659 = CARTESIAN_POINT ( 'NONE',  ( 1.736588261241861500, -16.51363999214599700, 8.513559289021957400 ) ) ;
#6660 = CARTESIAN_POINT ( 'NONE',  ( 2.949102534094145200, -18.95912949974017900, 7.176834562454910600 ) ) ;
#6661 = CARTESIAN_POINT ( 'NONE',  ( 3.901373230394044300, -18.03843922807291700, 6.799999999999130300 ) ) ;
#6662 = CARTESIAN_POINT ( 'NONE',  ( 2.099517214475265600, -18.50739697229546400, 7.608689612086902100 ) ) ;
#6663 = CARTESIAN_POINT ( 'NONE',  ( 3.231360480262000000, -19.55685745358000500, 6.612376242486998700 ) ) ;
#6664 = CARTESIAN_POINT ( 'NONE',  ( 1.476795347160238200, -16.80379070043495200, 8.278167768845495500 ) ) ;
#6665 = CARTESIAN_POINT ( 'NONE',  ( 2.064492002645717400, -16.55983911026170600, 9.021380688652698200 ) ) ;
#6666 = CARTESIAN_POINT ( 'NONE',  ( 5.016285776145158700, -16.94934683766270600, 6.849127384410598700 ) ) ;
#6667 = EDGE_CURVE ( 'NONE', #4247, #3146, #6966, .T. ) ;
#6668 = CARTESIAN_POINT ( 'NONE',  ( 2.791432773054193000, -17.04291067589969100, 7.745956262169221100 ) ) ;
#6669 = CARTESIAN_POINT ( 'NONE',  ( 2.576540777028481600, -18.86415578284882200, 7.321177696288605900 ) ) ;
#6670 = CARTESIAN_POINT ( 'NONE',  ( 1.753507984255243200, -18.02899899130861500, 7.819098980789449100 ) ) ;
#6672 = CARTESIAN_POINT ( 'NONE',  ( 1.764369236167556300, -18.43231651444249800, 8.518159009969938500 ) ) ;
#6671 = CARTESIAN_POINT ( 'NONE',  ( 2.509465146302241000, -17.24287800546055400, 7.256821947405418500 ) ) ;
#6673 = CARTESIAN_POINT ( 'NONE',  ( 2.997084064218337800, -17.04913652382705500, 8.079100091669309000 ) ) ;
#6674 = CARTESIAN_POINT ( 'NONE',  ( 3.018769207571367500, -18.86941349630559000, 6.500000007926094400 ) ) ;
#6675 = DIRECTION ( 'NONE',  ( 1.000000000000000000, 0.0000000000000000000, 0.0000000000000000000 ) ) ;
#6676 = CARTESIAN_POINT ( 'NONE',  ( 3.087185316583769700, -18.83712042184626200, 7.847636213695635900 ) ) ;
#6677 = CARTESIAN_POINT ( 'NONE',  ( 4.491772321465444600, -16.65099796833614200, 6.899999999999884000 ) ) ;
#6678 = CARTESIAN_POINT ( 'NONE',  ( 1.728254920078784700, -17.65809125092385300, 7.793062843701588500 ) ) ;
#6679 = CARTESIAN_POINT ( 'NONE',  ( 1.512966237186087000, -18.19552228551825100, 8.333656838911782200 ) ) ;
#6680 = CARTESIAN_POINT ( 'NONE',  ( 1.375235301272492300, -17.00723917515297900, 8.090626664298755000 ) ) ;
#6681 = CARTESIAN_POINT ( 'NONE',  ( 3.632184316696868400, -18.67042846832745800, 7.245330107960132400 ) ) ;
#6682 = CARTESIAN_POINT ( 'NONE',  ( 3.569434795706505300, -17.37304662033387700, 6.799999999998158600 ) ) ;
#6683 = CARTESIAN_POINT ( 'NONE',  ( 2.675632965225823100, -18.83925344836636400, 7.942395778149033500 ) ) ;
#6684 = CARTESIAN_POINT ( 'NONE',  ( 3.683609059465001100, -19.41294520023999900, 6.736751137261000700 ) ) ;
#6685 = CARTESIAN_POINT ( 'NONE',  ( 3.000000000000081700, -18.07000000000005700, 6.900000000000823700 ) ) ;
#6686 = CARTESIAN_POINT ( 'NONE',  ( 1.782502946238619700, -16.65470832783897800, 8.338472599418732800 ) ) ;
#6687 = CARTESIAN_POINT ( 'NONE',  ( 4.506230784348001200, -18.33828109650500000, 6.899997398026101800 ) ) ;
#6688 = CARTESIAN_POINT ( 'NONE',  ( 2.166066482626543000, -17.36229957885530700, 7.497866805557071000 ) ) ;
#6689 = CARTESIAN_POINT ( 'NONE',  ( 3.305762534508701400, -18.85434737602109200, 7.472690595237619200 ) ) ;
#6691 = CARTESIAN_POINT ( 'NONE',  ( 2.010643430278940400, -18.56326282622721600, 8.269942913953952900 ) ) ;
#6690 = CARTESIAN_POINT ( 'NONE',  ( 3.783729938169746900, -17.63918877715140000, 7.035321656720132200 ) ) ;
#6693 = CARTESIAN_POINT ( 'NONE',  ( 2.254879006699522600, -18.39457530684581600, 9.076115355369045900 ) ) ;
#6692 = CARTESIAN_POINT ( 'NONE',  ( 2.089797387831688900, -17.78489479669793700, 7.177953416308191900 ) ) ;
#6694 = ORIENTED_EDGE ( 'NONE', *, *, #6735, .F. ) ;
#6695 = CARTESIAN_POINT ( 'NONE',  ( 2.782911914196663200, -17.19440677296878300, 6.500000005691429500 ) ) ;
#6696 = CARTESIAN_POINT ( 'NONE',  ( 2.367004886561714800, -17.11165997542685300, 7.686789267374879700 ) ) ;
#6697 = CARTESIAN_POINT ( 'NONE',  ( 2.345856809064846200, -18.53364218806471800, 6.500000020649518500 ) ) ;
#6698 = CARTESIAN_POINT ( 'NONE',  ( 2.667139739730286100, -17.33911774002080000, 6.500000014574699700 ) ) ;
#6699 = CARTESIAN_POINT ( 'NONE',  ( 3.630005720634133800, -18.33826610083859200, 7.944999550288672600 ) ) ;
#6700 = DIRECTION ( 'NONE',  ( 0.0005986443193074269200, 0.01744213620751864500, 0.9998476951563658500 ) ) ;
#6701 = CARTESIAN_POINT ( 'NONE',  ( 1.735420922364572700, -18.31380353974565300, 8.146093564341958500 ) ) ;
#6702 = CARTESIAN_POINT ( 'NONE',  ( 1.847041438749955900, -18.39868351874110900, 8.966521087591058100 ) ) ;
#6703 = CARTESIAN_POINT ( 'NONE',  ( 2.121905540914199100, -17.46968277818784500, 9.676811451730110000 ) ) ;
#6704 = CARTESIAN_POINT ( 'NONE',  ( 1.118501627865824000, -17.63588955615788100, 8.213141945312660400 ) ) ;
#6705 = CARTESIAN_POINT ( 'NONE',  ( 3.869072400975048800, -17.96579400612781900, 7.227510562242598800 ) ) ;
#6706 = CARTESIAN_POINT ( 'NONE',  ( 2.851222261034123600, -17.18042989754988900, 6.799999999998086700 ) ) ;
#6707 = CARTESIAN_POINT ( 'NONE',  ( 3.332126991654914800, -18.57503367804981700, 8.171205109152671400 ) ) ;
#6708 = CARTESIAN_POINT ( 'NONE',  ( 4.069161434964001100, -19.13502433967000000, 6.861126032036001000 ) ) ;
#6709 = CARTESIAN_POINT ( 'NONE',  ( 2.990072509561607600, -19.57663951631045800, 6.849127382565398200 ) ) ;
#6710 = CARTESIAN_POINT ( 'NONE',  ( 1.386847414934698100, -17.21227155581423300, 8.045916211084556100 ) ) ;
#6711 = CARTESIAN_POINT ( 'NONE',  ( 4.979582622122301800, -17.45746794003670000, 6.900036467719999700 ) ) ;
#6712 = EDGE_LOOP ( 'NONE', ( #3839, #4423, #3240 ) ) ;
#6713 = CARTESIAN_POINT ( 'NONE',  ( 1.930775375068333600, -18.01231260234741400, 7.509475780440161500 ) ) ;
#6714 = B_SPLINE_CURVE_WITH_KNOTS ( 'NONE', 3,
 ( #1190, #4508, #5064, #1749, #5617, #2299, #6173, #2853, #6736, #3412, #112, #3965, #667 ),
 .UNSPECIFIED., .F., .F.,
 ( 4, 3, 3, 3, 4 ),
 ( 0.0000000000000000000, 0.7255321518546501400, 1.451501150205589700, 2.177138121771224900, 2.902398506064990200 ),
 .UNSPECIFIED. ) ;
#6715 = CARTESIAN_POINT ( 'NONE',  ( 3.789561047000650400, -18.29095894526492200, 7.511246423154784000 ) ) ;
#6717 = CARTESIAN_POINT ( 'NONE',  ( 2.581128481629063800, -18.56804522974160700, 8.747293363741084300 ) ) ;
#6716 = CARTESIAN_POINT ( 'NONE',  ( 3.196363334450538200, -17.18769623858361900, 6.971404465687068200 ) ) ;
#6718 = PRESENTATION_STYLE_ASSIGNMENT (( #1740 ) ) ;
#6720 = CARTESIAN_POINT ( 'NONE',  ( 2.720348018788370000, -17.85459252117972500, 9.287648884444873700 ) ) ;
#6719 = CARTESIAN_POINT ( 'NONE',  ( 2.170834118351829400, -18.51371675060776300, 7.301807071905097100 ) ) ;
#6721 = CARTESIAN_POINT ( 'NONE',  ( 3.300300069230218500, -17.22023193064947200, 6.499999996291763600 ) ) ;
#6722 = CARTESIAN_POINT ( 'NONE',  ( 1.946652513503288600, -17.64335132264459100, 7.548976958959512400 ) ) ;
#6723 = CARTESIAN_POINT ( 'NONE',  ( 2.245619627576686200, -17.78814603064350300, 6.500000022544802500 ) ) ;
#6724 = CARTESIAN_POINT ( 'NONE',  ( 3.283000610543211000, -17.31966803511948400, 6.500000002929998500 ) ) ;
#6725 = CARTESIAN_POINT ( 'NONE',  ( 3.650155259873232500, -17.60523010829776100, 7.815352659446747700 ) ) ;
#6726 = DIRECTION ( 'NONE',  ( -0.4699997645168665900, -0.8826665402937226000, 0.0000000000000000000 ) ) ;
#6727 = CARTESIAN_POINT ( 'NONE',  ( 2.161292159148764400, -18.56577359068457900, 8.701559735544755400 ) ) ;
#6728 = CARTESIAN_POINT ( 'NONE',  ( 2.337577680254378600, -18.04622242892181600, 9.400451473311688800 ) ) ;
#6729 = CARTESIAN_POINT ( 'NONE',  ( 2.289362069829003600, -16.84461928717612300, 9.310320158531567400 ) ) ;
#6730 = CARTESIAN_POINT ( 'NONE',  ( 1.061888012277198100, -18.05223004066441900, 8.826919051184003000 ) ) ;
#6731 = CARTESIAN_POINT ( 'NONE',  ( 3.503065660682617800, -17.32474229238553000, 7.136085168781379600 ) ) ;
#6732 = CARTESIAN_POINT ( 'NONE',  ( 2.233001324165246400, -17.59546568716322300, 6.799999999998969500 ) ) ;
#6733 = CARTESIAN_POINT ( 'NONE',  ( 3.622407310921734500, -17.89011041757448000, 8.138436156056071600 ) ) ;
#6734 = CARTESIAN_POINT ( 'NONE',  ( 4.339214788336000200, -18.74518551731999600, 6.488001347711999300 ) ) ;
#6735 = EDGE_CURVE ( 'NONE', #4981, #1946, #1063, .T. ) ;
#6736 = CARTESIAN_POINT ( 'NONE',  ( 2.993062121683849300, -19.01184856793388900, 6.900000000000000400 ) ) ;
#6737 = CARTESIAN_POINT ( 'NONE',  ( 1.193194152104418700, -17.83006745620507500, 8.284863280600770700 ) ) ;
#6738 = CARTESIAN_POINT ( 'NONE',  ( 4.306820253105999400, -18.79853064217999400, 6.880997255274000000 ) ) ;
#6739 = CARTESIAN_POINT ( 'NONE',  ( 2.191091558398768700, -18.63962298352238300, 7.812209355094447400 ) ) ;
#6740 = CARTESIAN_POINT ( 'NONE',  ( 3.702785262756671500, -17.55908548236127200, 7.411650651330374400 ) ) ;
#6742 = CARTESIAN_POINT ( 'NONE',  ( 3.076917882633409800, -18.04418408083363400, 8.928267423955601200 ) ) ;
#6741 = CARTESIAN_POINT ( 'NONE',  ( 2.468308276340845700, -17.33558468996693900, 6.921238025198156200 ) ) ;
#6744 = CARTESIAN_POINT ( 'NONE',  ( 2.843496980816642200, -17.17632229319203300, 9.005975460825018400 ) ) ;
#6743 = CARTESIAN_POINT ( 'NONE',  ( 2.763639712562986400, -18.91157776364401900, 7.514420859248900800 ) ) ;
#6745 = CARTESIAN_POINT ( 'NONE',  ( 3.733468351915663500, -17.54984141281023500, 6.499999992991031500 ) ) ;
#6746 = CARTESIAN_POINT ( 'NONE',  ( 1.935745690745583400, -18.35165376894439900, 7.775072365015470100 ) ) ;
#6747 = CARTESIAN_POINT ( 'NONE',  ( 3.790363029271696800, -17.94433290853422500, 6.499999993336796700 ) ) ;
#6748 = CARTESIAN_POINT ( 'NONE',  ( 3.133796547659991400, -17.14141365505297200, 7.547728552501058500 ) ) ;
#6749 = CARTESIAN_POINT ( 'NONE',  ( 3.881348373379689400, -18.27300711996703000, 4.527411491701691700 ) ) ;
#6750 = CARTESIAN_POINT ( 'NONE',  ( 2.714769369516554700, -18.24677880764805900, 9.082421271692094700 ) ) ;
#6751 = CARTESIAN_POINT ( 'NONE',  ( 2.651625661644687600, -17.37393665856617600, 9.338306086171090900 ) ) ;
#6752 = CARTESIAN_POINT ( 'NONE',  ( 2.107890094952221000, -16.60894475102639900, 8.628476356472578600 ) ) ;
#6753 = CARTESIAN_POINT ( 'NONE',  ( 1.308522007705632300, -17.93856220370774300, 9.520556384275927500 ) ) ;
#6754 = CARTESIAN_POINT ( 'NONE',  ( 2.778823012601717900, -17.18446110408188000, 7.032764165944787000 ) ) ;
#6755 = CARTESIAN_POINT ( 'NONE',  ( 3.347128371531191200, -17.25484419787862200, 7.866592494173795000 ) ) ;
#6756 = CARTESIAN_POINT ( 'NONE',  ( 3.540600441788036800, -18.82591020410121600, 6.500000015567694700 ) ) ;
#6757 = CARTESIAN_POINT ( 'NONE',  ( 5.004245807046999100, -17.50275301945000100, 6.612376248815998300 ) ) ;
#6758 = CARTESIAN_POINT ( 'NONE',  ( 1.262629608501489200, -18.16553682217250600, 8.945149990297132100 ) ) ;
#6759 = CARTESIAN_POINT ( 'NONE',  ( 4.550890951742300000, -18.36206161519670100, 6.852446001638699400 ) ) ;
#6760 = CARTESIAN_POINT ( 'NONE',  ( 2.339447690921785000, -17.58535199113136800, 9.566257787005524100 ) ) ;
#6761 = AXIS2_PLACEMENT_3D ( 'NONE', #2337, #605, #6772 ) ;
#6762 = CARTESIAN_POINT ( 'NONE',  ( 2.823592613411152600, -18.78666610416868800, 8.174495406351445200 ) ) ;
#6763 = CARTESIAN_POINT ( 'NONE',  ( 3.100127702996955400, -17.15598608632234700, 7.240679240362118700 ) ) ;
#6764 = ORIENTED_EDGE ( 'NONE', *, *, #967, .F. ) ;
#6766 = CARTESIAN_POINT ( 'NONE',  ( 3.159692877524887600, -17.34444663372558200, 8.687286321102574100 ) ) ;
#6765 = CARTESIAN_POINT ( 'NONE',  ( 2.108279859170128400, -17.92430261479605500, 6.878305119332515500 ) ) ;
#6768 = CARTESIAN_POINT ( 'NONE',  ( 2.539755234278863400, -16.82555628592906400, 8.424529982592927600 ) ) ;
#6767 = CARTESIAN_POINT ( 'NONE',  ( 3.461114032206131300, -18.70525289495494500, 7.669785524937360300 ) ) ;
#6769 = CARTESIAN_POINT ( 'NONE',  ( 3.899156816675931400, -18.10202950112504900, 6.499999998049663200 ) ) ;
#6770 = CARTESIAN_POINT ( 'NONE',  ( 2.408472734538308600, -18.74219137225690400, 8.195714694462335400 ) ) ;
#6771 = CARTESIAN_POINT ( 'NONE',  ( 1.532814241183863000, -17.28988349403759600, 9.852904034338690700 ) ) ;
#6772 = DIRECTION ( 'NONE',  ( 1.000000000000000000, 7.881384666272685000E-031, 3.206885370672238800E-015 ) ) ;
#6773 = CARTESIAN_POINT ( 'NONE',  ( 2.434102200910877500, -17.25827738288962700, 7.324096419059404900 ) ) ;
#6774 = CARTESIAN_POINT ( 'NONE',  ( 3.859117336088862900, -17.80603762379175900, 6.900000000000000400 ) ) ;
#6775 = CARTESIAN_POINT ( 'NONE',  ( 3.019803253241312400, -17.56970015654569300, 9.027876145584821500 ) ) ;
#6776 = CIRCLE ( 'NONE', #6902, 0.5561016473505729900 ) ;
#6777 = CARTESIAN_POINT ( 'NONE',  ( 2.573517754456458500, -16.84350813634349100, 8.822762316437083600 ) ) ;
#6778 = CARTESIAN_POINT ( 'NONE',  ( 1.698407996853056100, -16.92622144992105100, 8.093320227637177000 ) ) ;
#6779 = CARTESIAN_POINT ( 'NONE',  ( 1.689031505286497900, -17.37294568674964500, 9.817709158100527100 ) ) ;
#6780 = CARTESIAN_POINT ( 'NONE',  ( 2.193706973290854300, -17.64128639302169800, 6.988501665756357900 ) ) ;
#6781 = CARTESIAN_POINT ( 'NONE',  ( 2.237143612195538400, -16.74866689355727400, 6.849127379234891700 ) ) ;
#6782 = CARTESIAN_POINT ( 'NONE',  ( 2.696721149965775500, -17.09828019959107000, 7.541272889518099400 ) ) ;
#6783 = CARTESIAN_POINT ( 'NONE',  ( 0.9897015872463936800, -18.02041841910413900, 9.078350775636161900 ) ) ;
#6784 = CARTESIAN_POINT ( 'NONE',  ( 5.070378182798002300, -17.31530956826999900, 6.736751149921000900 ) ) ;
#6785 = CARTESIAN_POINT ( 'NONE',  ( 1.609880895020757000, -17.95263111331715300, 9.568772021757283100 ) ) ;
#6786 = DIRECTION ( 'NONE',  ( 0.0000000000000000000, -0.0000000000000000000, 1.000000000000000000 ) ) ;
#6787 = CARTESIAN_POINT ( 'NONE',  ( 1.751306119927149800, -16.43880492897067200, 8.680988625978839600 ) ) ;
#6788 = CARTESIAN_POINT ( 'NONE',  ( 2.479190445326530300, -16.94555282482562600, 9.213850474016476600 ) ) ;
#6789 = CARTESIAN_POINT ( 'NONE',  ( 3.400291779412219400, -18.34955279736526600, 8.350000000000863000 ) ) ;
#6790 = EDGE_CURVE ( 'NONE', #5022, #647, #3749, .T. ) ;
#6791 = EDGE_LOOP ( 'NONE', ( #2639, #6352, #4871, #2369 ) ) ;
#6792 = CARTESIAN_POINT ( 'NONE',  ( 2.395454192026863300, -17.35848307708247900, 7.115744181167784200 ) ) ;
#6794 = CARTESIAN_POINT ( 'NONE',  ( 2.772609009716420700, -16.94936683452801400, 8.189840126880506300 ) ) ;
#6793 = CARTESIAN_POINT ( 'NONE',  ( 2.303457054691456100, -18.64136400649927700, 6.907953501996863600 ) ) ;
#6795 = CARTESIAN_POINT ( 'NONE',  ( 2.017727937717191300, -17.03688726004663000, 7.938662344354646900 ) ) ;
#6796 = CARTESIAN_POINT ( 'NONE',  ( 5.003635859451474500, -17.50295445662609200, 6.616375798129448400 ) ) ;
#6797 = CARTESIAN_POINT ( 'NONE',  ( 3.046551081095452100, -18.54646145471055300, 8.525862625661655900 ) ) ;
#6798 = CARTESIAN_POINT ( 'NONE',  ( 1.167687403400720500, -17.86367911629421100, 9.552285633261528000 ) ) ;
#6799 = CARTESIAN_POINT ( 'NONE',  ( 2.697601308366800700, -17.32913702580118100, 6.799140177353647700 ) ) ;
#6800 = CARTESIAN_POINT ( 'NONE',  ( 2.050454130006346400, -17.82940760971773400, 7.254471241683903700 ) ) ;
#6801 = CARTESIAN_POINT ( 'NONE',  ( 3.420516669842398100, -17.27427963390573500, 6.109137163900562900 ) ) ;
#6802 = CARTESIAN_POINT ( 'NONE',  ( 2.866916475003213000, -16.99951100329655800, 8.575382384941407900 ) ) ;
#6803 = CARTESIAN_POINT ( 'NONE',  ( 2.159068221960157400, -16.81240506680795800, 8.205802942834065300 ) ) ;
#6804 = CARTESIAN_POINT ( 'NONE',  ( 1.392287651616158000, -17.54360280504018000, 8.036406520063604100 ) ) ;
#6805 = CARTESIAN_POINT ( 'NONE',  ( 1.945170638753269000, -16.74120027417377100, 9.520556384273765700 ) ) ;
#6806 = CARTESIAN_POINT ( 'NONE',  ( 2.130572067843298900, -18.32848013503856100, 6.981587374620108500 ) ) ;
#6807 = CARTESIAN_POINT ( 'NONE',  ( 2.074430145973377400, -17.88549002634141900, 4.527411491701691700 ) ) ;
#6808 = B_SPLINE_CURVE_WITH_KNOTS ( 'NONE', 3,
 ( #2874, #6193, #3433, #135, #3988, #688, #4556, #1236, #5111, #1797 ),
 .UNSPECIFIED., .F., .F.,
 ( 4, 1, 1, 1, 1, 1, 1, 4 ),
 ( -0.02193211213007696700, -0.01708048365610524000, -0.01356723811006670600, -0.01105657159181229500, -0.007878059809154465400, -0.004030734048056719400, -1.412860636686511000E-005, 0.002997480729113072300 ),
 .UNSPECIFIED. ) ;
#6809 = CARTESIAN_POINT ( 'NONE',  ( 2.111347582966322600, -17.53078124556958900, 7.383676192589927500 ) ) ;
#6810 = CARTESIAN_POINT ( 'NONE',  ( -0.3646099961753043200, -16.78570270534266500, 10.07991726568723200 ) ) ;
#6811 = CARTESIAN_POINT ( 'NONE',  ( 5.066264152210001400, -17.09104345404000100, 6.861126051024999800 ) ) ;
#6812 = CARTESIAN_POINT ( 'NONE',  ( 1.996478523295238200, -17.33756005565634300, 9.727466521681675400 ) ) ;
#6813 = CARTESIAN_POINT ( 'NONE',  ( 1.027371735645983300, -17.64290549924975300, 8.261851717891659100 ) ) ;
#6814 = CARTESIAN_POINT ( 'NONE',  ( 2.246157994847524100, -16.68246309749712000, 8.558209407990803500 ) ) ;
#6815 = CARTESIAN_POINT ( 'NONE',  ( 3.525149760373876200, -17.62846391392094600, 8.218198051533583700 ) ) ;
#6816 = CARTESIAN_POINT ( 'NONE',  ( 2.079682809937348300, -17.97073288488171300, 7.076842512219021100 ) ) ;
#6818 = CARTESIAN_POINT ( 'NONE',  ( 2.180939345738364600, -17.12366830504681300, 7.774163994576409400 ) ) ;
#6817 = CARTESIAN_POINT ( 'NONE',  ( 2.969458209640425400, -18.96995280441641900, 6.951194081675716100 ) ) ;
#6819 = CARTESIAN_POINT ( 'NONE',  ( 1.675967197229587300, -17.63028937552465400, 7.842753911792980800 ) ) ;
#6820 = CARTESIAN_POINT ( 'NONE',  ( 3.853914996341304600, -17.70004383556789000, 6.799999999999871000 ) ) ;
#6821 = CARTESIAN_POINT ( 'NONE',  ( 3.411790224726576300, -17.89887853140548700, 8.538792136860525500 ) ) ;
#6822 = CARTESIAN_POINT ( 'NONE',  ( 0.9569608201111261500, -17.99643926295174300, 8.850558560962360500 ) ) ;
#6823 = CARTESIAN_POINT ( 'NONE',  ( 2.172160939041154000, -18.54602232579863900, 7.416034340112469500 ) ) ;
#6824 = CARTESIAN_POINT ( 'NONE',  ( 2.734039135155306600, -17.20782293299886900, 5.318274327801128200 ) ) ;
#6825 = CARTESIAN_POINT ( 'NONE',  ( 2.362977886193509100, -16.92082575848841600, 8.033875953257045000 ) ) ;
#6826 = CARTESIAN_POINT ( 'NONE',  ( 1.688001176547896600, -17.30568396841525200, 7.906925291356890800 ) ) ;
#6827 = CARTESIAN_POINT ( 'NONE',  ( 1.316371320503597800, -18.11652121176853900, 8.504542625934313100 ) ) ;
#6828 = CARTESIAN_POINT ( 'NONE',  ( 3.154284296641900900, -18.15203441568596400, 8.792641590029202100 ) ) ;
#6829 = CARTESIAN_POINT ( 'NONE',  ( 1.901489566382869000, -16.47316917751702500, 8.826919051181150200 ) ) ;
#6830 = CARTESIAN_POINT ( 'NONE',  ( 2.616839287683413700, -18.88558288104649900, 7.062335367837809100 ) ) ;
#6831 = CARTESIAN_POINT ( 'NONE',  ( 2.356111809429307000, -18.74695162175742500, 6.900000000000000400 ) ) ;
#6832 = CARTESIAN_POINT ( 'NONE',  ( 1.996199658494160400, -18.20985921868324200, 7.443204653494188200 ) ) ;
#6833 = CARTESIAN_POINT ( 'NONE',  ( -0.4680388940691229700, -16.35455545622366500, 8.414070847391185400 ) ) ;
#6834 = CARTESIAN_POINT ( 'NONE',  ( 4.928465681977000300, -16.82826510767000300, 6.488001347711999300 ) ) ;
#6835 = CARTESIAN_POINT ( 'NONE',  ( 2.160787921453998500, -16.73919095238765600, 9.317533651409998900 ) ) ;
#6836 = CARTESIAN_POINT ( 'NONE',  ( 0.9632683927915928200, -18.00636364030546600, 8.908567091590329700 ) ) ;
#6837 = CARTESIAN_POINT ( 'NONE',  ( 1.796207824088724700, -16.97822254047737500, 8.043618920051693900 ) ) ;
#6838 = CARTESIAN_POINT ( 'NONE',  ( 3.117238902460832200, -17.11302398458092700, 7.870547568871511000 ) ) ;
#6839 = CARTESIAN_POINT ( 'NONE',  ( 2.308866680015147800, -18.66977065297286100, 7.186384786360220800 ) ) ;
#6841 = CARTESIAN_POINT ( 'NONE',  ( 1.824784529736181800, -17.70941695481365100, 7.683736298798844900 ) ) ;
#6840 = CARTESIAN_POINT ( 'NONE',  ( 3.656239953020643500, -18.68321907704595500, 6.978675958693249200 ) ) ;
#6842 = CARTESIAN_POINT ( 'NONE',  ( 1.664545078335429600, -18.27611818499814300, 8.213449651005831200 ) ) ;
#6843 = CARTESIAN_POINT ( 'NONE',  ( 1.066739663300081400, -19.31585181679836400, 6.849127384410598700 ) ) ;
#6844 = CARTESIAN_POINT ( 'NONE',  ( 3.259393593152363900, -17.24066926225842500, 8.228201938125440800 ) ) ;
#6845 = CARTESIAN_POINT ( 'NONE',  ( 1.045347736314400800, -17.59699294205709200, 8.229623108097593200 ) ) ;
#6846 = CARTESIAN_POINT ( 'NONE',  ( 2.778253158452891600, -18.89381757298478700, 7.670241213465359000 ) ) ;
#6847 = CARTESIAN_POINT ( 'NONE',  ( 2.201946175630920000, -17.64566725460841200, 4.527411491701691700 ) ) ;
#6848 = CARTESIAN_POINT ( 'NONE',  ( 1.848559073828193800, -17.39105411672743900, 7.771550462331484600 ) ) ;
#6849 = CARTESIAN_POINT ( 'NONE',  ( 1.517053645160007000, -17.95509276424852600, 8.072103237960256200 ) ) ;
#6850 = VERTEX_POINT ( 'NONE', #2246 ) ;
#6851 = CARTESIAN_POINT ( 'NONE',  ( 1.586997072622224900, -18.23488517895200500, 9.187294087158511100 ) ) ;
#6852 = CARTESIAN_POINT ( 'NONE',  ( 3.266140496102890800, -17.44357240627099900, 8.596426863990551200 ) ) ;
#6853 = CARTESIAN_POINT ( 'NONE',  ( 1.587985593826496800, -16.75291863632271100, 8.213141945311067000 ) ) ;
#6854 = CARTESIAN_POINT ( 'NONE',  ( 1.832687629400474400, -16.43658653870632900, 9.082595552292755100 ) ) ;
#6855 = CARTESIAN_POINT ( 'NONE',  ( 3.357776328101023100, -18.88200360065130900, 7.138599552512007000 ) ) ;
#6856 = CARTESIAN_POINT ( 'NONE',  ( 2.993062121683849300, -19.01184856793388900, 6.109137163900562900 ) ) ;
#6857 = CARTESIAN_POINT ( 'NONE',  ( 2.395479902898794800, -18.76788400836815600, 7.729760175831229300 ) ) ;
#6858 = CARTESIAN_POINT ( 'NONE',  ( 3.578954977175816200, -18.62232223473500500, 6.800486840206282600 ) ) ;
#6859 = CARTESIAN_POINT ( 'NONE',  ( 4.756008421473001800, -16.68736988070999800, 6.612376248815998300 ) ) ;
#6860 = CARTESIAN_POINT ( 'NONE',  ( 1.989156570163132600, -16.56527225668660500, 8.613821034405960500 ) ) ;
#6861 = CARTESIAN_POINT ( 'NONE',  ( 1.193628028049221100, -17.83029815213473400, 9.593304872916693400 ) ) ;
#6862 = CARTESIAN_POINT ( 'NONE',  ( 1.485642042344068200, -17.59324021507747200, 7.985217476017493400 ) ) ;
#6863 = CARTESIAN_POINT ( 'NONE',  ( 2.450307218936340600, -17.15595261123024100, 7.542201568487488600 ) ) ;
#6864 = CARTESIAN_POINT ( 'NONE',  ( 2.984176370676094400, -18.94617849733868600, 7.336291444195723900 ) ) ;
#6866 = CARTESIAN_POINT ( 'NONE',  ( 1.866266504950059700, -18.38337537009808300, 7.997901776240580900 ) ) ;
#6865 = CARTESIAN_POINT ( 'NONE',  ( 3.892165469299165600, -17.97807280836225600, 6.971526376039907500 ) ) ;
#6867 = FACE_OUTER_BOUND ( 'NONE', #2120, .T. ) ;
#6868 = CARTESIAN_POINT ( 'NONE',  ( 2.061169363231198500, -18.51253735577055100, 8.796710344489598700 ) ) ;
#6869 = CARTESIAN_POINT ( 'NONE',  ( 2.076040586483027800, -18.98735417986020100, 6.500000025751194100 ) ) ;
#6870 = CARTESIAN_POINT ( 'NONE',  ( 2.689165875445050300, -17.02013449401032100, 7.803164763992337600 ) ) ;
#6871 = CARTESIAN_POINT ( 'NONE',  ( 1.482669430850955800, -16.75852345126163500, 8.187057616041689900 ) ) ;
#6872 = CARTESIAN_POINT ( 'NONE',  ( 1.517482017137501000, -17.28173120590336300, 9.754423259036329300 ) ) ;
#6873 = CARTESIAN_POINT ( 'NONE',  ( 1.700872033830261200, -18.05283073521792400, 7.907487367082496600 ) ) ;
#6874 = ORIENTED_EDGE ( 'NONE', *, *, #2078, .F. ) ;
#6875 = CARTESIAN_POINT ( 'NONE',  ( 1.702868493472696100, -18.39961598949713200, 8.638840754300632700 ) ) ;
#6876 = CARTESIAN_POINT ( 'NONE',  ( 2.022494992395190000, -17.81454147254444100, 9.621221935277885600 ) ) ;
#6877 = CARTESIAN_POINT ( 'NONE',  ( 2.885662872026037100, -16.99646340651986900, 8.138407046339208900 ) ) ;
#6878 = CARTESIAN_POINT ( 'NONE',  ( 1.276117538021396700, -17.35225354619791100, 8.072407568689717600 ) ) ;
#6879 = CARTESIAN_POINT ( 'NONE',  ( 3.844556054971944600, -18.32020030969829300, 7.158006670987473900 ) ) ;
#6880 = CARTESIAN_POINT ( 'NONE',  ( 3.690915858780358300, -18.68418881449627400, 5.318274327801128200 ) ) ;
#6881 = CARTESIAN_POINT ( 'NONE',  ( 3.081378099132228600, -18.78685883060700900, 8.016315698167298700 ) ) ;
#6882 = CARTESIAN_POINT ( 'NONE',  ( 3.285643187943142700, -18.81743342569290100, 6.800359205261933900 ) ) ;
#6883 = CARTESIAN_POINT ( 'NONE',  ( 4.543380973050999700, -16.61851117949000300, 6.736751149921000900 ) ) ;
#6884 = CARTESIAN_POINT ( 'NONE',  ( 1.599449664222416300, -16.93523996200048700, 8.099592503660526100 ) ) ;
#6885 = CARTESIAN_POINT ( 'NONE',  ( 1.560468398922387100, -17.23787358770205800, 9.852904034338596500 ) ) ;
#6886 = ORIENTED_EDGE ( 'NONE', *, *, #1453, .F. ) ;
#6887 = CARTESIAN_POINT ( 'NONE',  ( 1.445072144813020600, -18.18495265391681000, 8.433972060233259100 ) ) ;
#6888 = CARTESIAN_POINT ( 'NONE',  ( 2.017464393763289500, -17.68100266725286900, 7.420005435482092800 ) ) ;
#6889 = CARTESIAN_POINT ( 'NONE',  ( 3.641853322418793700, -18.61013757558626500, 7.423616390535606500 ) ) ;
#6891 = CARTESIAN_POINT ( 'NONE',  ( 2.346131235725192000, -18.66405427104055500, 8.492216533217137100 ) ) ;
#6890 = CARTESIAN_POINT ( 'NONE',  ( 3.521220154280866300, -17.33439520785914900, 6.934844553872866700 ) ) ;
#6892 = CARTESIAN_POINT ( 'NONE',  ( 1.506964672419819400, -19.52580105242470400, 6.852786849251618400 ) ) ;
#6893 = CARTESIAN_POINT ( 'NONE',  ( 2.092702199897387100, -17.38872309205893200, 7.555568366608808300 ) ) ;
#6894 = CARTESIAN_POINT ( 'NONE',  ( 1.586098328744793200, -17.18967070038059900, 9.852904034337704800 ) ) ;
#6895 = CARTESIAN_POINT ( 'NONE',  ( 1.134922254646081800, -17.86575200538124600, 9.393735043708078400 ) ) ;
#6896 = CARTESIAN_POINT ( 'NONE',  ( 1.968580217482284600, -18.54089741925694000, 8.400886504093746200 ) ) ;
#6897 = CARTESIAN_POINT ( 'NONE',  ( 2.175301293614183800, -18.30508924729967300, 9.205578270640042900 ) ) ;
#6898 = CARTESIAN_POINT ( 'NONE',  ( 2.323793571249746800, -17.14415467780931800, 9.508332884316601500 ) ) ;
#6899 = CARTESIAN_POINT ( 'NONE',  ( 2.274138589847539900, -17.11775265587191100, 7.733120213152807800 ) ) ;
#6900 = CARTESIAN_POINT ( 'NONE',  ( 1.090514996252886400, -17.93930088417952700, 8.489369876715681300 ) ) ;
#6901 = CARTESIAN_POINT ( 'NONE',  ( 3.750079324773077300, -17.58423218119760600, 7.107875029470654300 ) ) ;
#6902 = AXIS2_PLACEMENT_3D ( 'NONE', #679, #4547, #1226 ) ;
#6903 = CARTESIAN_POINT ( 'NONE',  ( 3.588869519318469400, -18.24968136141836800, 8.107664800387469800 ) ) ;
#6904 = CARTESIAN_POINT ( 'NONE',  ( 2.936964824431485900, -18.86766869290934800, 6.800242023439233600 ) ) ;
#6905 = CARTESIAN_POINT ( 'NONE',  ( 2.479222852768099700, -19.50857467145999600, 6.899997398026101800 ) ) ;
#6906 = CARTESIAN_POINT ( 'NONE',  ( 1.309092401014635900, -17.56100269650649900, 8.085977264453729800 ) ) ;
#6907 = CARTESIAN_POINT ( 'NONE',  ( 1.814949103768547200, -16.62943368604751600, 9.507227465305332400 ) ) ;
#6908 = CARTESIAN_POINT ( 'NONE',  ( 1.767248778981221200, -18.33072671129664500, 9.088456609196814600 ) ) ;
#6909 = CARTESIAN_POINT ( 'NONE',  ( 2.027933716999597900, -18.40067101199037600, 7.607167909594977600 ) ) ;
#6910 = CARTESIAN_POINT ( 'NONE',  ( 3.837456954179189400, -17.89351320858822100, 7.389810883107260000 ) ) ;
#6912 = CARTESIAN_POINT ( 'NONE',  ( 2.936629683621940800, -18.36474402917009700, 8.831148924499705900 ) ) ;
#6911 = CARTESIAN_POINT ( 'NONE',  ( 2.791396359934712900, -17.19114647144666500, 6.893389958944356800 ) ) ;
#6913 = CARTESIAN_POINT ( 'NONE',  ( 1.081899547172881600, -19.32230391371006900, 6.500000069420580400 ) ) ;
#6914 = CARTESIAN_POINT ( 'NONE',  ( 1.894111207890635700, -18.04828848514649700, 7.598057110115642700 ) ) ;
#6915 = CARTESIAN_POINT ( 'NONE',  ( 0.1631666649382581000, -15.66514904304490200, 9.739249341323510800 ) ) ;
#6916 = CARTESIAN_POINT ( 'NONE',  ( 3.765974852661464900, -18.21298594899940700, 7.681182832625308900 ) ) ;
#6917 = CARTESIAN_POINT ( 'NONE',  ( 0.4546640824911347700, -17.44319766613030600, 8.554460961272667400 ) ) ;
#6918 = CARTESIAN_POINT ( 'NONE',  ( 2.522906352963107500, -18.48991413584990100, 8.894285641104025000 ) ) ;
#6919 = CARTESIAN_POINT ( 'NONE',  ( 2.614743519950263100, -17.73172937992366400, 9.386244700972005400 ) ) ;
#6920 = CARTESIAN_POINT ( 'NONE',  ( 2.288252876689801600, -16.67881487742831200, 8.929141581366950600 ) ) ;
#6921 = CARTESIAN_POINT ( 'NONE',  ( 1.887819439494142800, -17.67750121657809400, 7.617386098312454800 ) ) ;
#6922 = CARTESIAN_POINT ( 'NONE',  ( 1.225593402170130500, -18.09378403407033500, 9.205149601280203000 ) ) ;
#6923 = CARTESIAN_POINT ( 'NONE',  ( 3.134201910680277900, -17.17410366392441300, 7.021816381325225900 ) ) ;
#6924 = CARTESIAN_POINT ( 'NONE',  ( 1.614509715462758600, -16.60674496801676600, 8.443129489055275300 ) ) ;
#6925 = CARTESIAN_POINT ( 'NONE',  ( 3.569442224061921500, -17.52524997846909100, 7.941074889367086200 ) ) ;
#6926 = CARTESIAN_POINT ( 'NONE',  ( 2.510637240596669700, -18.70983466161948900, 6.799849434615895300 ) ) ;
#6927 = CARTESIAN_POINT ( 'NONE',  ( 2.978129234967999700, -19.54813519021000100, 6.895433249022999300 ) ) ;
#6928 = CARTESIAN_POINT ( 'NONE',  ( 1.233365637435573500, -18.09791660486718000, 8.594818456912904000 ) ) ;
#6929 = CARTESIAN_POINT ( 'NONE',  ( 1.782309426530380700, -16.42281520597479300, 8.793663241132904300 ) ) ;
#6930 = CARTESIAN_POINT ( 'NONE',  ( 2.235510251213472400, -17.92780369474650100, 9.504419207724087200 ) ) ;
#6931 = CARTESIAN_POINT ( 'NONE',  ( 2.540430307650468400, -18.81235445846045500, 7.955376926616460200 ) ) ;
#6932 = CARTESIAN_POINT ( 'NONE',  ( 3.434158825571943300, -17.28153329678218200, 7.256965326227317300 ) ) ;
#6934 = CARTESIAN_POINT ( 'NONE',  ( 3.236361566808542400, -17.68484625437490700, 8.782608685410691500 ) ) ;
#6933 = CARTESIAN_POINT ( 'NONE',  ( 2.203889369308623000, -17.64670046902147900, 6.875630897713808300 ) ) ;
#6935 = CARTESIAN_POINT ( 'NONE',  ( 1.804336034448357200, -16.66631718676024200, 9.552285633259364400 ) ) ;
#6936 = CARTESIAN_POINT ( 'NONE',  ( 0.9385758208279314500, -18.80380573368088500, 6.500000064438848900 ) ) ;
#6937 = MANIFOLD_SOLID_BREP ( 'Импортированный2', #3568 ) ;
#6938 = CARTESIAN_POINT ( 'NONE',  ( 2.174372033607797400, -18.64374828738207400, 7.944681300977826800 ) ) ;
#6939 = CARTESIAN_POINT ( 'NONE',  ( 3.907314201701514600, -18.04119512350893100, 6.900000000000000400 ) ) ;
#6940 = ORIENTED_EDGE ( 'NONE', *, *, #5927, .F. ) ;
#6941 = CARTESIAN_POINT ( 'NONE',  ( 3.636466676813578900, -17.49222317260407800, 7.545649443499281800 ) ) ;
#6942 = CARTESIAN_POINT ( 'NONE',  ( 0.1571940667283042200, -16.55845327289504700, 8.401393798652300400 ) ) ;
#6943 = CARTESIAN_POINT ( 'NONE',  ( 2.988454803322222900, -17.93043519401209100, 9.051573024138431100 ) ) ;
#6944 = CARTESIAN_POINT ( 'NONE',  ( 2.719414971947685000, -17.07328247134720200, 9.056770148714701200 ) ) ;
#6945 = CARTESIAN_POINT ( 'NONE',  ( 1.937474120381548200, -16.73710796276681000, 8.274590105130871000 ) ) ;
#6946 = CARTESIAN_POINT ( 'NONE',  ( 1.902668893561960700, -18.37113077134186100, 7.885239891772903900 ) ) ;
#6947 = CARTESIAN_POINT ( 'NONE',  ( 2.419868168948198200, -17.37146421887624500, 6.958930181584184600 ) ) ;
#6948 = CARTESIAN_POINT ( 'NONE',  ( 1.230246315895484600, -16.34157384107379600, 9.505066515926111800 ) ) ;
#6949 = CARTESIAN_POINT ( 'NONE',  ( 3.040279650304802000, -17.10470507159340800, 7.631140382265609600 ) ) ;
#6950 = CARTESIAN_POINT ( 'NONE',  ( 2.293638509985862500, -17.69442093359881700, 6.798716122200283400 ) ) ;
#6951 = CARTESIAN_POINT ( 'NONE',  ( 2.630597113535674000, -18.13787510576996500, 9.210112545919768600 ) ) ;
#6952 = VECTOR ( 'NONE', #572, 100.0000000000000000 ) ;
#6953 = CARTESIAN_POINT ( 'NONE',  ( 1.478159231500000100, -19.52417079169000400, 6.860127676785998200 ) ) ;
#6954 = CARTESIAN_POINT ( 'NONE',  ( 1.491410537962041900, -18.15246082481655800, 9.291158597092536600 ) ) ;
#6955 = CARTESIAN_POINT ( 'NONE',  ( 1.486820519316683200, -16.75459877834266500, 8.197394498302090300 ) ) ;
#6956 = CARTESIAN_POINT ( 'NONE',  ( 2.528285186427196700, -17.25288479829540800, 9.396203929108825300 ) ) ;
#6957 = CARTESIAN_POINT ( 'NONE',  ( 3.209722425863100100, -18.63322119770120700, 8.228674401803266000 ) ) ;
#6958 = CARTESIAN_POINT ( 'NONE',  ( 2.708917733070789000, -17.19446564658033000, 7.116309366007479700 ) ) ;
#6960 = CARTESIAN_POINT ( 'NONE',  ( 3.039490617413271000, -17.09127030247752200, 8.379930079724303500 ) ) ;
#6959 = CARTESIAN_POINT ( 'NONE',  ( 2.139325719632125800, -18.33313453425642000, 6.845483393664392400 ) ) ;
#6961 = CARTESIAN_POINT ( 'NONE',  ( 1.532814241183863000, -17.28988349403759600, 9.852904034338690700 ) ) ;
#6962 = CARTESIAN_POINT ( 'NONE',  ( 3.561430958024646400, -18.65004372795122800, 6.498974959732676900 ) ) ;
#6963 = CARTESIAN_POINT ( 'NONE',  ( 2.801712130354247600, -18.73250547518845000, 8.336405718579200700 ) ) ;
#6964 = ORIENTED_EDGE ( 'NONE', *, *, #6047, .F. ) ;
#6965 = CARTESIAN_POINT ( 'NONE',  ( 3.787605562935042700, -18.50217951888548700, 6.500000006094921000 ) ) ;
#6966 = B_SPLINE_CURVE_WITH_KNOTS ( 'NONE', 3,
 ( #1694, #2778, #6117, #2799, #6677, #3353 ),
 .UNSPECIFIED., .F., .F.,
 ( 4, 2, 4 ),
 ( 0.0000000000000000000, 0.5000000000000000000, 1.000000000000000000 ),
 .UNSPECIFIED. ) ;
#6967 = CARTESIAN_POINT ( 'NONE',  ( 3.018099618130177600, -17.13790127760496400, 7.332398277733571700 ) ) ;
#6968 = CARTESIAN_POINT ( 'NONE',  ( 3.045517319585240700, -17.24667416527412200, 8.764733958320631400 ) ) ;
#6970 = CARTESIAN_POINT ( 'NONE',  ( 2.421133631193752600, -16.77549929365388300, 8.443794654993928000 ) ) ;
#6969 = CARTESIAN_POINT ( 'NONE',  ( 3.455300882828835200, -18.64052639772223700, 7.844540973384994200 ) ) ;
#6971 = CARTESIAN_POINT ( 'NONE',  ( 1.512349226399096500, -17.27900205266076100, 7.994181630132124500 ) ) ;
#6972 = EDGE_CURVE ( 'NONE', #2115, #4446, #1689, .T. ) ;
#6973 = CARTESIAN_POINT ( 'NONE',  ( 2.381853880833579000, -18.70857863603662400, 8.345051991850095200 ) ) ;
#6974 = CARTESIAN_POINT ( 'NONE',  ( 2.099545394440231600, -17.98129400839938800, 6.919273367865821800 ) ) ;
#6975 = CARTESIAN_POINT ( 'NONE',  ( 0.4025096514888918400, -16.68888988304577500, 9.977086203471893500 ) ) ;
#6976 = CARTESIAN_POINT ( 'NONE',  ( 2.357906965875304900, -17.27688327192359500, 7.387883274828785000 ) ) ;
#6977 = CARTESIAN_POINT ( 'NONE',  ( 1.331699533318062100, -17.99863604938529700, 6.849127379677136100 ) ) ;
#6978 = CARTESIAN_POINT ( 'NONE',  ( 2.907562948310814300, -17.45455036150954000, 9.113673724635589200 ) ) ;
#6979 = CARTESIAN_POINT ( 'NONE',  ( 1.906018729887719400, -17.68717795092618100, 9.696796787243569000 ) ) ;
#6980 = CARTESIAN_POINT ( 'NONE',  ( 1.185304278509903700, -17.36939927387354700, 8.101885799599397600 ) ) ;
#6981 = CARTESIAN_POINT ( 'NONE',  ( 2.449012879064949900, -16.76429248692552700, 8.840991995918752600 ) ) ;
#6982 = CARTESIAN_POINT ( 'NONE',  ( 2.187909021146398300, -17.63820356718208900, 7.025742630966410800 ) ) ;
#6984 = CARTESIAN_POINT ( 'NONE',  ( 2.482915476134655500, -16.98459770627132000, 7.898038230937790300 ) ) ;
#6983 = CARTESIAN_POINT ( 'NONE',  ( 2.629485499826434800, -18.89230699131811500, 6.865708878893764600 ) ) ;
#6985 = CARTESIAN_POINT ( 'NONE',  ( 2.146146200179277900, -18.44009304378576500, 6.800000000000003400 ) ) ;
#6986 = CARTESIAN_POINT ( 'NONE',  ( 1.496534774760769600, -17.83689334584064300, 9.647860992905464200 ) ) ;
#6987 = CARTESIAN_POINT ( 'NONE',  ( 3.022692155753424500, -18.87800064951562700, 6.599178693820227300 ) ) ;
#6988 = CARTESIAN_POINT ( 'NONE',  ( 3.345315320592456800, -18.25360741286127100, 8.504219634744766100 ) ) ;
#6989 = CARTESIAN_POINT ( 'NONE',  ( 2.751605179575698400, -18.96651331732088200, 6.600000021738253500 ) ) ;
#6990 = CARTESIAN_POINT ( 'NONE',  ( 2.332635514173718100, -17.38671738446404200, 7.186180252606022600 ) ) ;
#6991 = CARTESIAN_POINT ( 'NONE',  ( 2.658661274996195500, -16.90179498214475700, 8.231080245815736200 ) ) ;
#6993 = CARTESIAN_POINT ( 'NONE',  ( 1.919971814270610100, -17.04402902135749500, 7.962690931091286100 ) ) ;
#6992 = CARTESIAN_POINT ( 'NONE',  ( 3.742637602020426600, -17.95403799732384400, 7.819578614408752200 ) ) ;
#6994 = CARTESIAN_POINT ( 'NONE',  ( 1.342203867954682800, -17.90929732753223300, 8.217106387632041400 ) ) ;
#6995 = CARTESIAN_POINT ( 'NONE',  ( 2.996301470022790800, -18.45810767168471100, 8.681053500034071400 ) ) ;
#6996 = CARTESIAN_POINT ( 'NONE',  ( 2.336588580124234800, -18.68451064872488500, 6.966467983519198300 ) ) ;
#6997 = STYLED_ITEM ( 'NONE', ( #3925 ), #4388 ) ;
#6998 = CARTESIAN_POINT ( 'NONE',  ( 0.9712833216045000400, -18.68086272013000100, 6.736751149921000900 ) ) ;
#6999 = CARTESIAN_POINT ( 'NONE',  ( 2.013053476577346700, -17.87366984902748600, 7.333345738220824500 ) ) ;
#7000 = CARTESIAN_POINT ( 'NONE',  ( -0.2306502874427488200, -16.53688628506081700, 10.08823799279930200 ) ) ;
#7001 = CARTESIAN_POINT ( 'NONE',  ( 2.747180086792960600, -16.92283080348758900, 8.618882369063120700 ) ) ;
#7002 = CARTESIAN_POINT ( 'NONE',  ( 2.195719903182687700, -17.02058613425860800, 9.539764857369688000 ) ) ;
#7003 = CARTESIAN_POINT ( 'NONE',  ( 0.9994530337199478700, -17.92248247195130900, 8.564702110710657100 ) ) ;
#7004 = CARTESIAN_POINT ( 'NONE',  ( 2.048812469544362800, -16.79630761312259300, 8.213539911188437500 ) ) ;
#7005 = CARTESIAN_POINT ( 'NONE',  ( 2.135014999223526100, -18.37801632250572900, 7.078749765975160800 ) ) ;
#7007 = CARTESIAN_POINT ( 'NONE',  ( 1.942997595505026300, -17.44126796941553400, 7.664592221048886600 ) ) ;
#7006 = CARTESIAN_POINT ( 'NONE',  ( 3.374098952869074800, -18.89068249419044300, 6.884811274868381400 ) ) ;
#7008 = CARTESIAN_POINT ( 'NONE',  ( 3.283073330730740900, -17.32141634537717000, 6.799939772139262900 ) ) ;
#7009 = CARTESIAN_POINT ( 'NONE',  ( 2.191264778166958700, -16.80621628067383700, 6.500000011119653600 ) ) ;
#7010 = CARTESIAN_POINT ( 'NONE',  ( 1.868913775905713700, -17.20430068204350600, 9.766565870955636400 ) ) ;
#7011 = CARTESIAN_POINT ( 'NONE',  ( 2.564353349109575100, -18.75145703385940300, 6.699637484712917000 ) ) ;
#7012 = CARTESIAN_POINT ( 'NONE',  ( 3.438360761401884500, -17.53514354565447400, 8.336405718577038800 ) ) ;
#7013 = CARTESIAN_POINT ( 'NONE',  ( 2.068768356964963300, -18.03249995554216800, 6.700000010544727000 ) ) ;
#7014 = ADVANCED_FACE ( 'NONE', ( #4459 ), #4164, .T. ) ;
#7015 = CARTESIAN_POINT ( 'NONE',  ( 2.056646904103876000, -18.02012006736381600, 7.160030319552489300 ) ) ;
#7016 = CARTESIAN_POINT ( 'NONE',  ( 2.087980170115779200, -17.13336064875887000, 7.812233503995647000 ) ) ;
#7018 = CARTESIAN_POINT ( 'NONE',  ( 1.603019812084914000, -17.65565108231641700, 7.902551214828175600 ) ) ;
#7017 = CARTESIAN_POINT ( 'NONE',  ( 3.442939236680116400, -17.30578773853457300, 7.612496653222936300 ) ) ;
#7019 = CARTESIAN_POINT ( 'NONE',  ( 1.477900734595297900, -18.27999851028151600, 8.847263066838708700 ) ) ;
#7020 = CARTESIAN_POINT ( 'NONE',  ( 3.329617774551257200, -17.79355107374334500, 8.667066145373873100 ) ) ;
#7021 = CARTESIAN_POINT ( 'NONE',  ( 3.022653604692997500, -18.96663720557033300, 7.031052977356671900 ) ) ;
#7022 = CARTESIAN_POINT ( 'NONE',  ( 0.9202524379413999900, -18.89928449186000100, 6.861126051024999800 ) ) ;
#7023 = CARTESIAN_POINT ( 'NONE',  ( 2.172175453042789300, -18.57156034069769700, 7.535284496163871600 ) ) ;
#7024 = CARTESIAN_POINT ( 'NONE',  ( 2.255315605849706800, -16.90610727836445200, 8.059712349469656100 ) ) ;
#7025 = ORIENTED_EDGE ( 'NONE', *, *, #2583, .F. ) ;
#7026 = CARTESIAN_POINT ( 'NONE',  ( 2.162197034806765800, -16.60521921591414300, 8.922676230117600600 ) ) ;
#7027 = CARTESIAN_POINT ( 'NONE',  ( 1.121626759378026900, -18.01297369185154200, 9.292907304403168900 ) ) ;
#7028 = CARTESIAN_POINT ( 'NONE',  ( 1.602515443327294600, -17.32694428061896000, 7.944740758483558100 ) ) ;
#7029 = B_SPLINE_CURVE_WITH_KNOTS ( 'NONE', 3,
 ( #171, #725, #5703, #2387, #6254, #2935, #6820, #3497, #196, #4054 ),
 .UNSPECIFIED., .F., .F.,
 ( 4, 1, 1, 1, 1, 1, 1, 4 ),
 ( 0.0000000000000000000, 0.1428571428571428500, 0.2857142857142857000, 0.4285714285714285500, 0.5714285714285714000, 0.7142857142857143000, 0.8571428571428571000, 1.000000000000000000 ),
 .UNSPECIFIED. ) ;
#7030 = CARTESIAN_POINT ( 'NONE',  ( 2.653126767024862200, -18.89830669459465500, 7.202483181915782000 ) ) ;
#7032 = CARTESIAN_POINT ( 'NONE',  ( 1.807713252419693900, -18.10963921883254500, 7.778291804182393900 ) ) ;
#7031 = CARTESIAN_POINT ( 'NONE',  ( 3.861814224723362400, -18.32937664132884900, 6.889672304503334600 ) ) ;
#7033 = CARTESIAN_POINT ( 'NONE',  ( 3.762523193343494400, -17.82241242420063900, 6.800501240262611300 ) ) ;
#7034 = CARTESIAN_POINT ( 'NONE',  ( 3.702059115065778900, -18.45126793205124800, 6.600187796946609200 ) ) ;
#7035 = CARTESIAN_POINT ( 'NONE',  ( 2.031189674361066000, -16.63868224996489400, 9.310282893499284300 ) ) ;
#7036 = CARTESIAN_POINT ( 'NONE',  ( 2.218427065196228100, -18.27866291804494700, 6.799269239204027000 ) ) ;
#7037 = CARTESIAN_POINT ( 'NONE',  ( 3.013973587713468100, -17.06468742423467700, 7.944681300974975700 ) ) ;
#7038 = CARTESIAN_POINT ( 'NONE',  ( 4.974777968061554000, -17.48758828883709500, 6.899999999999895600 ) ) ;
#7039 = CARTESIAN_POINT ( 'NONE',  ( 2.325781781084329800, -18.69822381239380200, 7.309005359112871900 ) ) ;
#7040 = CARTESIAN_POINT ( 'NONE',  ( 1.761709662268116300, -17.74002797236831300, 7.751742043550841300 ) ) ;
#7041 = EDGE_CURVE ( 'NONE', #1933, #4446, #3632, .T. ) ;
#7043 = CARTESIAN_POINT ( 'NONE',  ( 1.606892232796649300, -18.27099392093047900, 8.320006173094086000 ) ) ;
#7042 = CARTESIAN_POINT ( 'NONE',  ( 2.763308902311856200, -17.13368553554705200, 7.364678398871284100 ) ) ;
#7044 = CARTESIAN_POINT ( 'NONE',  ( 1.887734039890256900, -18.10036825106177000, 9.442428140819576000 ) ) ;
#7045 = CARTESIAN_POINT ( 'NONE',  ( 3.152564046530668100, -17.16440774409407800, 8.309906765394680800 ) ) ;
#7046 = CARTESIAN_POINT ( 'NONE',  ( 4.823696550945910200, -16.73304038279295700, 6.499999960260121900 ) ) ;
#7047 = CARTESIAN_POINT ( 'NONE',  ( 3.686595848250871800, -18.63392759856825600, 7.068675596675764600 ) ) ;
#7048 = CARTESIAN_POINT ( 'NONE',  ( 0.9893723568999001100, -19.18783832462000300, 6.488001347711999300 ) ) ;
#7049 = CARTESIAN_POINT ( 'NONE',  ( 2.785592000253748400, -18.87218940671977700, 7.829801369214354900 ) ) ;
#7050 = ORIENTED_EDGE ( 'NONE', *, *, #1264, .F. ) ;
#7051 = CARTESIAN_POINT ( 'NONE',  ( 4.020847127197999500, -16.63708319405000700, 6.899230593224002600 ) ) ;
#7052 = CARTESIAN_POINT ( 'NONE',  ( 1.769749884330481700, -17.41586441019950000, 7.820165089778530600 ) ) ;
#7053 = CARTESIAN_POINT ( 'NONE',  ( 1.828471439814911800, -16.72632404838121500, 8.269307043778797000 ) ) ;
#7054 = CARTESIAN_POINT ( 'NONE',  ( 1.449035571141656900, -17.96610075171750200, 8.154120696201143700 ) ) ;
#7055 = CARTESIAN_POINT ( 'NONE',  ( 3.386439024524130900, -18.84177326038436100, 7.311970855533809700 ) ) ;
#7057 = CARTESIAN_POINT ( 'NONE',  ( 2.123020502766307200, -18.62301477557154400, 8.214132741312390400 ) ) ;
#7056 = CARTESIAN_POINT ( 'NONE',  ( 3.764920834586825500, -17.59212355194611600, 6.877115499873756500 ) ) ;
#7058 = CARTESIAN_POINT ( 'NONE',  ( 4.329378760636831900, -18.77786381485248800, 6.849127380276195600 ) ) ;
#7059 = VERTEX_POINT ( 'NONE', #3548 ) ;
#7060 = CARTESIAN_POINT ( 'NONE',  ( 3.699892043921705100, -18.45414164379313600, 6.498991227290325400 ) ) ;
#7061 = CARTESIAN_POINT ( 'NONE',  ( 1.871921988892515800, -16.52846782177568500, 8.592357388282351800 ) ) ;
#7062 = CARTESIAN_POINT ( 'NONE',  ( 2.290216515093841800, -17.69260142666889000, 6.497204011852102400 ) ) ;
#7063 = CARTESIAN_POINT ( 'NONE',  ( 2.363595173851308600, -17.16531756531132700, 7.598057110114049300 ) ) ;
#7064 = CARTESIAN_POINT ( 'NONE',  ( 3.008937441952303600, -18.92227994504463600, 7.498814840704717700 ) ) ;
#7065 = CARTESIAN_POINT ( 'NONE',  ( 1.825666244054921600, -18.38731812611966300, 8.112096673546453500 ) ) ;
#7067 = CARTESIAN_POINT ( 'NONE',  ( 1.993885610087177400, -18.45123165195822400, 8.928841892400871700 ) ) ;
#7066 = CARTESIAN_POINT ( 'NONE',  ( 2.163778592264013600, -17.55865930772504100, 7.244626186322985700 ) ) ;
#7068 = CARTESIAN_POINT ( 'NONE',  ( 2.290257055134594200, -17.49376487185573100, 9.593881134817694400 ) ) ;
#7069 = CARTESIAN_POINT ( 'NONE',  ( 2.586729214709873000, -17.00273220277865600, 7.854849079491002900 ) ) ;
#7070 = CARTESIAN_POINT ( 'NONE',  ( 5.072581942794906600, -17.23512369071330500, 6.499999963002385300 ) ) ;
#7071 = FACE_BOUND ( 'NONE', #131, .T. ) ;
#7072 = CARTESIAN_POINT ( 'NONE',  ( 1.121993453901999800, -19.36673666560999900, 6.612376248815998300 ) ) ;
#7073 = CARTESIAN_POINT ( 'NONE',  ( 3.438953199005486000, -18.56768566055874100, 8.016983792417296000 ) ) ;
#7074 = CARTESIAN_POINT ( 'NONE',  ( 3.522159642252000700, -16.59114487198999700, 6.880997255274000000 ) ) ;
#7075 = CARTESIAN_POINT ( 'NONE',  ( 1.646165331727971000, -18.07091650468303400, 7.997790076485511400 ) ) ;
#7076 = CARTESIAN_POINT ( 'NONE',  ( 1.481472384670245100, -17.26258454469353500, 8.008666755535689000 ) ) ;
#7077 = CARTESIAN_POINT ( 'NONE',  ( 1.632238194514282100, -18.36206119337954200, 8.756268995447070900 ) ) ;
#7078 = CARTESIAN_POINT ( 'NONE',  ( 3.837593237681066900, -18.25106611979544300, 7.333310885163108100 ) ) ;
#7079 = CARTESIAN_POINT ( 'NONE',  ( 3.144894853222458800, -17.17978920232662400, 6.855559819694653900 ) ) ;
#7080 = CARTESIAN_POINT ( 'NONE',  ( 3.679227171986875000, -18.65823080965282800, 6.500000010459093100 ) ) ;
#7081 = CARTESIAN_POINT ( 'NONE',  ( 2.427896150111687100, -17.49322741519702600, 6.497314936309662100 ) ) ;
#7082 = CARTESIAN_POINT ( 'NONE',  ( 1.501244458074566700, -16.94465891853406300, 8.100103809339209700 ) ) ;
#7083 = CARTESIAN_POINT ( 'NONE',  ( -0.7005984951285988400, -16.92160049227067700, 8.759302070921522800 ) ) ;
#7084 = CARTESIAN_POINT ( 'NONE',  ( 1.965443184664440000, -17.71877449400638200, 7.491831424583778300 ) ) ;
#7085 = CARTESIAN_POINT ( 'NONE',  ( 2.471690020916316400, -17.33621580869046100, 6.500000013679684900 ) ) ;
#7086 = CARTESIAN_POINT ( 'NONE',  ( 3.641131641579418200, -18.54432185679897300, 7.600837506539759800 ) ) ;
#7087 = CARTESIAN_POINT ( 'NONE',  ( 2.300289155269589900, -18.61414930682727200, 8.637654619414915300 ) ) ;
#7089 = CARTESIAN_POINT ( 'NONE',  ( 2.503341852982834400, -18.07021228350507500, 9.315792032446323000 ) ) ;
#7088 = CARTESIAN_POINT ( 'NONE',  ( 2.054431776186108400, -18.24082178488606600, 7.278936326551380500 ) ) ;
#7090 = DIRECTION ( 'NONE',  ( 1.000000000000000000, 0.0000000000000000000, 0.0000000000000000000 ) ) ;
#7091 = CARTESIAN_POINT ( 'NONE',  ( 2.413428672249981100, -16.87352242240855200, 9.202654214095829800 ) ) ;
#7092 = CARTESIAN_POINT ( 'NONE',  ( 2.017595003641253100, -17.41421988170169400, 7.610255406743458900 ) ) ;
#7093 = CARTESIAN_POINT ( 'NONE',  ( 1.311229822726000000, -19.48565488587999500, 6.736751149921000900 ) ) ;
#7094 = CARTESIAN_POINT ( 'NONE',  ( 3.683573279557821800, -17.86716237370371000, 7.968287111151179900 ) ) ;
#7095 = CARTESIAN_POINT ( 'NONE',  ( 3.022837138366699900, -16.56370849924329700, 6.852446001640701400 ) ) ;
#7096 = CARTESIAN_POINT ( 'NONE',  ( 1.917027312498118100, -18.51348625344699200, 8.530421517266892900 ) ) ;
#7097 = CARTESIAN_POINT ( 'NONE',  ( 1.262698386938239800, -17.91419735235498200, 8.292476515418309500 ) ) ;
#7098 = CARTESIAN_POINT ( 'NONE',  ( 2.086939336893130400, -18.20628758631567100, 9.324980950574335700 ) ) ;
#7099 = CARTESIAN_POINT ( 'NONE',  ( 3.697069547134110800, -17.52444629033989500, 7.251283150341005300 ) ) ;
#7100 = CARTESIAN_POINT ( 'NONE',  ( 2.427529601750162400, -17.37553787495731700, 6.839808296303902000 ) ) ;
#7101 = ADVANCED_FACE ( 'NONE', ( #1517 ), #6585, .T. ) ;
#7102 = CARTESIAN_POINT ( 'NONE',  ( 3.536740963318958800, -18.15653212225613800, 8.263694882465840100 ) ) ;
#7103 = CARTESIAN_POINT ( 'NONE',  ( 3.272904115877427200, -18.92655277055034400, 6.500000022122284400 ) ) ;
#7104 = CARTESIAN_POINT ( 'NONE',  ( 3.434795408697690600, -17.38811118316831600, 6.599116551167067100 ) ) ;
#7105 = CARTESIAN_POINT ( 'NONE',  ( 1.222671214457323500, -17.57668732739918800, 8.133178587363492100 ) ) ;
#7106 = CARTESIAN_POINT ( 'NONE',  ( 1.057515295708271400, -17.03716256187394200, 6.799999999997356600 ) ) ;
#7107 = CARTESIAN_POINT ( 'NONE',  ( 2.005729595207649500, -18.42592911844099400, 7.718541509196992200 ) ) ;
#7108 = ORIENTED_EDGE ( 'NONE', *, *, #720, .T. ) ;
#7109 = CARTESIAN_POINT ( 'NONE',  ( 3.791308274924793500, -17.81715674537458900, 7.544893668923734300 ) ) ;
#7110 = EDGE_CURVE ( 'NONE', #6620, #5402, #6429, .T. ) ;
#7111 = CARTESIAN_POINT ( 'NONE',  ( 2.865439010331677100, -18.26274275724650000, 8.971676941540289700 ) ) ;
#7113 = CARTESIAN_POINT ( 'NONE',  ( 2.785399710265616100, -17.38959501563821100, 9.215124526849596300 ) ) ;
#7112 = CARTESIAN_POINT ( 'NONE',  ( 2.479655139645174700, -18.81264077565911600, 7.492308304623485100 ) ) ;
#7114 = CARTESIAN_POINT ( 'NONE',  ( 2.171178013127933700, -16.66205477467607600, 8.531053227229058700 ) ) ;
#7115 = EDGE_LOOP ( 'NONE', ( #3816, #7141, #4703, #1508, #2882 ) ) ;
#7116 = CARTESIAN_POINT ( 'NONE',  ( 1.851533736974234000, -18.08112020857542400, 7.686789267376630300 ) ) ;
#7117 = CARTESIAN_POINT ( 'NONE',  ( 1.258783538254200100, -18.24302549670499800, 6.899997398026101800 ) ) ;
#7118 = CARTESIAN_POINT ( 'NONE',  ( 1.506474390478999700, -19.52644726772999600, 6.861126051024999800 ) ) ;
#7119 = CARTESIAN_POINT ( 'NONE',  ( 3.357236506887026500, -17.24720355589990100, 7.718442737127927200 ) ) ;
#7120 = CARTESIAN_POINT ( 'NONE',  ( 3.793228353883247600, -18.49176699722021800, 6.633333348913719600 ) ) ;
#7121 = CARTESIAN_POINT ( 'NONE',  ( 2.454520226593765600, -18.40173381226916800, 9.033476775296026800 ) ) ;
#7122 = CARTESIAN_POINT ( 'NONE',  ( 1.393600092547275300, -18.22860448234039800, 8.954967537848993700 ) ) ;
#7123 = CARTESIAN_POINT ( 'NONE',  ( 2.500879971479894200, -17.60575506300115500, 9.469702359964850700 ) ) ;
#7124 = CARTESIAN_POINT ( 'NONE',  ( 3.061370439379633300, -17.16090878137949000, 7.122218938277413300 ) ) ;
#7125 = CARTESIAN_POINT ( 'NONE',  ( 2.104143421468841300, -17.98373882273775600, 6.799999999999643700 ) ) ;
#7126 = FACE_OUTER_BOUND ( 'NONE', #6791, .T. ) ;
#7127 = CARTESIAN_POINT ( 'NONE',  ( 3.485367552355108400, -17.44348243512897800, 8.058733821449745700 ) ) ;
#7128 = CARTESIAN_POINT ( 'NONE',  ( 2.724641463976718500, -18.92636085710777400, 6.500000032485983700 ) ) ;
#7129 = CARTESIAN_POINT ( 'NONE',  ( 3.760316832522113500, -18.34414489175397700, 6.700067124093756400 ) ) ;
#7130 = CARTESIAN_POINT ( 'NONE',  ( 1.146719706738345000, -18.07130538694520900, 8.684827495820144300 ) ) ;
#7131 = CARTESIAN_POINT ( 'NONE',  ( 3.928766974068619500, -18.11591439266064200, 6.499999997695769400 ) ) ;
#7132 = CARTESIAN_POINT ( 'NONE',  ( 2.528581017908297000, -18.78659483870061600, 8.107724125458917200 ) ) ;
#7133 = CARTESIAN_POINT ( 'NONE',  ( 3.356335845263044100, -17.24015408415159800, 7.369401899224092400 ) ) ;
#7134 = CARTESIAN_POINT ( 'NONE',  ( 3.133007825140590200, -17.57442152884048900, 8.884778939699245400 ) ) ;
#7136 = CARTESIAN_POINT ( 'NONE',  ( 2.651142102931079800, -16.87176650167016600, 8.698637380977579900 ) ) ;
#7135 = CARTESIAN_POINT ( 'NONE',  ( 3.191496454933040500, -18.84540979898610400, 7.705680282694618900 ) ) ;
#7137 = ORIENTED_EDGE ( 'NONE', *, *, #4228, .F. ) ;
#7138 = CARTESIAN_POINT ( 'NONE',  ( 1.729866997738455800, -17.00458408828343300, 8.040289838341754700 ) ) ;
#7139 = CARTESIAN_POINT ( 'NONE',  ( 2.152035251201553500, -18.63844219097214600, 8.079100091672177800 ) ) ;
#7140 = CARTESIAN_POINT ( 'NONE',  ( 1.004004960338000100, -18.67379282263999900, 6.895433249022999300 ) ) ;
#7141 = ORIENTED_EDGE ( 'NONE', *, *, #6735, .T. ) ;
#7142 = CARTESIAN_POINT ( 'NONE',  ( 2.950053479738563600, -19.52524476411819500, 6.899999997794734200 ) ) ;
#7143 = CARTESIAN_POINT ( 'NONE',  ( 2.677825395013218900, -17.13075971823383600, 7.436090424493030100 ) ) ;
#7144 = CARTESIAN_POINT ( 'NONE',  ( 1.061127662710917600, -17.92155711850345800, 9.172794133310887300 ) ) ;
#7145 = CARTESIAN_POINT ( 'NONE',  ( 2.889529069402379400, -17.81240345397448600, 9.161490377413688400 ) ) ;
#7146 = CARTESIAN_POINT ( 'NONE',  ( 1.784282765394711300, -17.98989166640303200, 9.541184286880435300 ) ) ;
#7147 = CARTESIAN_POINT ( 'NONE',  ( 2.594558080812118900, -16.96983063729280900, 9.095864181770041400 ) ) ;
#7148 = CARTESIAN_POINT ( 'NONE',  ( 1.466870405564181200, -17.58325915875059300, 9.792209265672562800 ) ) ;
#7149 = CARTESIAN_POINT ( 'NONE',  ( 2.364022423897989900, -17.40340610039547500, 7.033724630943869900 ) ) ;
#7150 = CARTESIAN_POINT ( 'NONE',  ( 2.343005974898187300, -18.68792283805320100, 6.800000000000709500 ) ) ;
#7151 = CARTESIAN_POINT ( 'NONE',  ( 2.943483593728320400, -17.07269693600889600, 7.706886738448920600 ) ) ;
#7152 = CARTESIAN_POINT ( 'NONE',  ( 2.279965983150993300, -18.61373014497005200, 6.500000036256165200 ) ) ;
#7153 = CARTESIAN_POINT ( 'NONE',  ( 2.348002007717425100, -17.58925744507510900, 6.698211872252427300 ) ) ;
#7154 = CARTESIAN_POINT ( 'NONE',  ( 1.390199916081740200, -18.06158193514872700, 9.387684790869842600 ) ) ;
#7155 = CARTESIAN_POINT ( 'NONE',  ( 3.245160204290050500, -17.17163766240643200, 6.599999997730552800 ) ) ;
#7156 = CARTESIAN_POINT ( 'NONE',  ( 3.174937267523688400, -18.55309001004913200, 8.392114088230613300 ) ) ;
#7157 = CARTESIAN_POINT ( 'NONE',  ( 2.634745463772495600, -17.20220139037466800, 7.193910129525423100 ) ) ;
#7158 = CARTESIAN_POINT ( 'NONE',  ( 2.924412385061864800, -17.01706688807282900, 8.438937943771673400 ) ) ;
#7160 = CARTESIAN_POINT ( 'NONE',  ( 2.188802104841201000, -16.87074142254519100, 8.114948672142098500 ) ) ;
#7159 = CARTESIAN_POINT ( 'NONE',  ( 3.707258107062882100, -18.31262969012395900, 7.773699696443026500 ) ) ;
#7161 = EDGE_CURVE ( 'NONE', #1759, #909, #3157, .T. ) ;
#7162 = CARTESIAN_POINT ( 'NONE',  ( 1.438336303047839100, -17.62972289820261900, 8.023466125355438900 ) ) ;
#7163 = CARTESIAN_POINT ( 'NONE',  ( 2.768435996741553100, -18.66763840214876400, 8.494476089125049300 ) ) ;
#7164 = CARTESIAN_POINT ( 'NONE',  ( 1.684687800877000500, -17.33694759060000100, 6.860127676783999800 ) ) ;
#7165 = CARTESIAN_POINT ( 'NONE',  ( 0.1470689149670454100, -15.73382601928239700, 9.841493579282513300 ) ) ;
#7166 = CARTESIAN_POINT ( 'NONE',  ( 2.111915091471240600, -17.59779687802413800, 7.315131287935500400 ) ) ;
#7167 = DIRECTION ( 'NONE',  ( -0.8695336349508059300, 0.4623392348505536200, 0.1736481776669229500 ) ) ;
#7168 = CARTESIAN_POINT ( 'NONE',  ( 2.928784680967536400, -17.14754207290863900, 8.830811095050201200 ) ) ;
#7169 = CARTESIAN_POINT ( 'NONE',  ( 2.301677294047446100, -16.73144247316638200, 8.454113637250184600 ) ) ;
#7170 = CARTESIAN_POINT ( 'NONE',  ( 1.801726481712665900, -16.92203724863282900, 9.720701681266987700 ) ) ;
#7171 = CARTESIAN_POINT ( 'NONE',  ( 2.086042183258682000, -18.03574981453708800, 7.001704081088046600 ) ) ;
#7172 = CARTESIAN_POINT ( 'NONE',  ( 3.031560771933502700, -18.97137323040192700, 6.800000000000938600 ) ) ;
#7173 = CARTESIAN_POINT ( 'NONE',  ( 2.283219574450730000, -17.29880687235753500, 7.449779214487577400 ) ) ;
#7174 = CARTESIAN_POINT ( 'NONE',  ( 2.097164582745779000, -18.08623648306959500, 6.500000031887435800 ) ) ;
#7175 = CARTESIAN_POINT ( 'NONE',  ( 3.324338310838316400, -17.32894760302892600, 6.799998812095106300 ) ) ;
#7177 = CARTESIAN_POINT ( 'NONE',  ( 1.786068399569893600, -17.55796723468693100, 9.765470844241146900 ) ) ;
#7176 = CARTESIAN_POINT ( 'NONE',  ( 2.724945704941719600, -18.59734036486448300, 8.649973678441412500 ) ) ;
#7178 = CARTESIAN_POINT ( 'NONE',  ( 2.267021379119429400, -17.52874841530374500, 6.700000006806957000 ) ) ;
#7179 = CARTESIAN_POINT ( 'NONE',  ( 3.506925251377387200, -17.88782713147671500, 8.380275262587687700 ) ) ;
#7180 = CARTESIAN_POINT ( 'NONE',  ( 2.147223314816872500, -17.68328447622247900, 7.099937822302165600 ) ) ;
ENDSEC;
END-ISO-10303-21;
