TIMESTAMP_SEC,ENGINE_RPM,PROP_RPM,TPS,CHT_1,CHT_2,CHT_3,CHT_4,EGT_1,EGT_2,EGT_3,EGT_4,OIL_PRESS,OIL_TEMP,FUEL_FLOW,FUEL_RAIL_P,MAP,VIB_GEARBOX_RMS,BUS_VOLTAGE,BATTERY_CURRENT,FADEC_ACTIVE_LANE,ALTITUDE_FT,OAT_C,TAS_KNOTS,FLIGHT_PHASE,HEALTH_INDEX,FAULT_ID,RUL_HOURS,RES_d_CHT_1,RES_d_CHT_2,RES_d_CHT_3,RES_d_CHT_4,RES_d_EGT_1,RES_d_EGT_2,RES_d_EGT_3,RES_d_EGT_4,RES_d_OIL_PRESS,RES_d_OIL_TEMP,RES_d_FUEL_FLOW,RES_d_MAP,RES_d_VIB_RMS,RES_d_BUS_VOLTAGE,RES_ANOMALY_SCORE,RES_IS_ANOMALY
0.0,5136.1,2113.6,72.0,87.75,90.21,87.48,89.7,778.89,787.24,784.03,787.18,4.77,66.54,12.38,3.0,43.59,0.715,14.08,4.06,LANE_A,18500.0,-22.0,88.0,CRUISE_LOITER,1.0,0,500.0,-0.06,-0.1,0.17,-0.11,-1.78,1.57,1.36,1.51,0.0,-0.1,-0.18,-0.16,-0.006,-0.02,0.0451,0
0.05,5148.8,2118.9,72.0,88.02,90.41,87.11,89.34,782.92,786.0,782.26,783.75,4.79,66.44,12.56,3.0,43.69,0.72,14.1,4.01,LANE_A,18501.0,-22.0,88.0,CRUISE_LOITER,1.0,0,500.0,0.22,0.11,-0.19,-0.46,2.25,0.33,-0.41,-1.92,0.02,-0.2,0.0,-0.06,-0.001,0.0,0.0532,0
0.1,5149.5,2119.2,72.0,87.93,90.43,87.53,89.82,781.04,786.69,780.77,784.22,4.76,66.46,12.62,3.01,43.74,0.701,14.09,4.1,LANE_A,18502.0,-22.0,88.0,CRUISE_LOITER,1.0,0,500.0,0.13,0.13,0.23,0.02,0.37,1.02,-1.9,-1.45,-0.01,-0.18,0.06,-0.01,-0.02,-0.01,0.0452,0
0.15000000000000002,5160.6,2123.7,72.1,87.7,90.18,87.34,89.91,781.04,784.71,782.74,785.37,4.75,66.36,12.49,2.99,43.73,0.71,14.08,4.07,LANE_A,18503.0,-22.0,88.0,CRUISE_LOITER,1.0,0,500.0,-0.1,-0.12,0.04,0.11,0.38,-0.95,0.08,-0.29,-0.02,-0.28,-0.07,-0.01,-0.011,-0.02,0.0255,0
0.2,5144.3,2117.0,72.2,87.8,90.15,87.3,89.76,780.66,784.75,781.79,784.64,4.77,66.88,12.62,2.99,43.86,0.702,14.13,4.01,LANE_A,18503.0,-22.0,88.0,CRUISE_LOITER,1.0,0,500.0,0.01,-0.14,0.01,-0.03,0.0,-0.91,-0.87,-1.02,0.0,0.25,0.06,0.12,-0.019,0.03,0.0321,0
0.25,5161.1,2123.9,71.9,87.99,90.48,87.52,89.82,779.79,785.05,783.33,786.76,4.78,66.68,12.71,3.0,43.73,0.73,14.12,4.06,LANE_A,18504.0,-22.0,88.0,CRUISE_LOITER,1.0,0,500.0,0.2,0.19,0.23,0.03,-0.87,-0.61,0.67,1.1,0.01,0.05,0.15,-0.01,0.009,0.02,0.0366,0
0.30000000000000004,5160.5,2123.7,72.2,87.82,90.27,87.46,89.72,780.52,786.36,783.34,785.78,4.75,66.68,12.62,3.0,43.8,0.727,14.1,4.11,LANE_A,18505.0,-22.0,88.0,CRUISE_LOITER,1.0,0,500.0,0.03,-0.02,0.17,-0.07,-0.14,0.7,0.68,0.12,-0.02,0.05,0.06,0.06,0.006,0.0,0.0241,0
0.35000000000000003,5143.1,2116.5,72.2,87.95,90.5,87.18,89.82,782.35,784.77,781.6,785.53,4.74,66.34,12.62,3.01,43.73,0.742,14.11,4.18,LANE_A,18506.0,-22.0,88.0,CRUISE_LOITER,1.0,0,500.0,0.16,0.21,-0.11,0.03,1.69,-0.89,-1.06,-0.13,-0.03,-0.29,0.06,-0.01,0.021,0.01,0.0414,0
0.4,5165.0,2125.5,72.2,87.95,90.17,87.27,89.74,780.41,784.21,781.96,786.87,4.79,66.63,12.47,2.97,43.74,0.723,14.1,4.03,LANE_A,18507.0,-22.0,88.0,CRUISE_LOITER,1.0,0,500.0,0.17,-0.11,-0.01,-0.04,-0.25,-1.45,-0.7,1.21,0.02,0.01,-0.09,0.0,0.002,0.0,0.0348,0
0.45,5148.4,2118.7,72.3,87.88,90.28,87.1,90.09,782.17,786.0,780.33,782.71,4.75,66.52,12.5,3.0,43.74,0.752,14.09,4.05,LANE_A,18508.0,-22.0,88.0,CRUISE_LOITER,1.0,0,500.0,0.1,0.0,-0.18,0.31,1.51,0.34,-2.33,-2.95,-0.02,-0.1,-0.06,0.0,0.031,-0.01,0.0687,0
0.5,5154.1,2121.0,72.2,87.61,90.11,87.04,89.68,780.6,784.53,780.76,784.52,4.81,66.48,12.53,3.01,43.81,0.726,14.09,3.96,LANE_A,18509.0,-22.0,88.0,CRUISE_LOITER,1.0,0,500.0,-0.17,-0.17,-0.24,-0.1,-0.05,-1.12,-1.89,-1.13,0.04,-0.14,-0.03,0.07,0.005,-0.01,0.0478,0
0.55,5142.3,2116.2,72.4,88.02,90.43,87.38,89.81,781.43,783.06,784.22,783.44,4.78,66.45,12.62,2.98,43.64,0.73,14.09,3.89,LANE_A,18510.0,-22.0,88.1,CRUISE_LOITER,1.0,0,500.0,0.25,0.16,0.11,0.04,0.78,-2.59,1.57,-2.21,0.01,-0.17,0.06,-0.09,0.009,-0.01,0.0604,0
0.6000000000000001,5148.0,2118.5,71.9,87.77,90.36,87.3,89.8,779.68,787.23,782.62,786.19,4.71,66.51,12.56,3.0,43.8,0.73,14.08,3.9,LANE_A,18510.0,-22.0,88.1,CRUISE_LOITER,1.0,0,500.0,0.0,0.09,0.03,0.03,-0.97,1.58,-0.03,0.54,-0.06,-0.1,0.0,0.07,0.009,-0.02,0.0667,0
0.65,5135.5,2113.4,71.8,87.75,90.33,87.35,89.88,781.53,785.0,783.41,785.39,4.75,66.56,12.64,2.98,43.61,0.732,14.09,4.13,LANE_A,18511.0,-22.0,88.1,CRUISE_LOITER,1.0,0,500.0,-0.02,0.06,0.08,0.11,0.88,-0.65,0.76,-0.26,-0.02,-0.05,0.08,-0.12,0.011,-0.01,0.0253,0
0.7000000000000001,5135.4,2113.3,71.9,87.82,90.14,87.36,89.79,780.28,786.68,781.13,786.82,4.82,66.68,12.63,2.98,43.79,0.72,14.11,4.01,LANE_A,18512.0,-22.0,88.1,CRUISE_LOITER,1.0,0,500.0,0.05,-0.13,0.09,0.02,-0.37,1.03,-1.52,1.17,0.05,0.07,0.07,0.06,-0.001,0.01,0.0569,0
0.75,5135.2,2113.2,72.0,87.95,90.19,87.39,89.41,782.8,786.67,783.71,785.56,4.77,66.61,12.49,3.02,43.59,0.711,14.13,3.93,LANE_A,18513.0,-22.0,88.1,CRUISE_LOITER,1.0,0,500.0,0.19,-0.07,0.13,-0.35,2.15,1.02,1.06,-0.09,0.0,0.01,-0.07,-0.14,-0.01,0.03,0.0505,0
0.8,5173.9,2129.2,72.3,87.77,89.93,86.97,89.7,779.66,786.02,785.29,787.2,4.73,66.64,12.47,3.0,43.73,0.726,14.13,4.13,LANE_A,18514.0,-22.0,88.1,CRUISE_LOITER,1.0,0,500.0,0.01,-0.33,-0.29,-0.06,-0.99,0.37,2.64,1.55,-0.04,0.04,-0.09,0.0,0.005,0.03,0.062,0
0.8500000000000001,5132.3,2112.0,72.3,87.39,90.16,87.25,89.71,782.85,785.54,786.42,783.47,4.82,66.49,12.5,3.01,44.03,0.735,14.12,4.31,LANE_A,18515.0,-22.0,88.1,CRUISE_LOITER,1.0,0,500.0,-0.37,-0.1,-0.01,-0.05,2.2,-0.11,3.77,-2.18,0.05,-0.11,-0.06,0.3,0.014,0.02,0.0865,0
0.9,5141.9,2116.0,72.0,87.82,90.42,86.85,89.84,781.95,785.21,783.7,784.73,4.79,66.71,12.58,2.99,43.77,0.741,14.1,3.84,LANE_A,18516.0,-22.0,88.1,CRUISE_LOITER,1.0,0,500.0,0.07,0.17,-0.4,0.09,1.31,-0.43,1.06,-0.91,0.02,0.11,0.02,0.04,0.02,0.0,0.0371,0
0.9500000000000001,5147.4,2118.3,72.0,87.54,89.78,87.19,89.94,780.57,786.43,782.26,786.02,4.75,66.63,12.58,2.97,43.88,0.727,14.11,4.04,LANE_A,18517.0,-22.0,88.1,CRUISE_LOITER,1.0,0,500.0,-0.21,-0.47,-0.06,0.19,-0.07,0.79,-0.38,0.38,-0.02,0.04,0.02,0.16,0.006,0.01,0.041,0
1.0,5161.9,2124.3,72.1,87.61,90.71,87.46,89.97,780.86,786.68,784.41,787.82,4.75,66.54,12.56,2.99,43.79,0.726,14.11,3.92,LANE_A,18517.0,-22.0,88.1,CRUISE_LOITER,1.0,0,500.0,-0.14,0.46,0.21,0.22,0.22,1.04,1.77,2.18,-0.02,-0.05,0.0,0.07,0.005,0.01,0.052,0
1.05,5150.6,2119.6,72.3,87.9,89.99,87.34,89.62,780.84,786.7,780.87,784.88,4.88,66.63,12.55,3.01,43.76,0.733,14.09,4.29,LANE_A,18518.0,-22.0,88.1,CRUISE_LOITER,1.0,0,500.0,0.15,-0.26,0.09,-0.13,0.2,1.06,-1.77,-0.76,0.11,0.04,-0.01,0.04,0.012,-0.01,0.117,0
1.1,5170.1,2127.6,72.0,87.73,90.29,87.07,89.8,782.67,785.0,781.9,783.86,4.75,66.51,12.41,3.01,43.63,0.71,14.09,4.0,LANE_A,18519.0,-22.0,88.1,CRUISE_LOITER,1.0,0,500.0,-0.01,0.05,-0.17,0.06,2.03,-0.64,-0.74,-1.78,-0.02,-0.08,-0.15,-0.09,-0.011,-0.01,0.0484,0
1.1500000000000001,5160.5,2123.7,72.1,87.92,90.44,87.09,89.42,780.76,786.26,781.05,785.79,4.77,66.69,12.43,3.02,43.61,0.724,14.08,4.09,LANE_A,18520.0,-22.0,88.1,CRUISE_LOITER,1.0,0,500.0,0.18,0.2,-0.15,-0.32,0.12,0.62,-1.59,0.15,0.0,0.11,-0.13,-0.11,0.003,-0.02,0.0385,0
1.2000000000000002,5158.4,2122.8,72.2,87.71,90.32,87.04,89.56,781.26,785.98,784.78,782.66,4.74,66.7,12.57,2.97,43.67,0.715,14.1,3.88,LANE_A,18521.0,-22.0,88.1,CRUISE_LOITER,1.0,0,500.0,-0.03,0.08,-0.2,-0.18,0.62,0.34,2.14,-2.98,-0.03,0.12,0.01,-0.05,-0.006,0.0,0.0675,0
1.25,5151.0,2119.8,72.2,87.65,90.31,87.41,89.96,779.94,784.58,781.19,785.03,4.77,66.54,12.55,2.95,43.72,0.741,14.08,4.13,LANE_A,18522.0,-22.0,88.1,CRUISE_LOITER,1.0,0,500.0,-0.08,0.08,0.18,0.23,-0.7,-1.06,-1.45,-0.61,0.0,-0.04,-0.01,0.0,0.02,-0.02,0.0354,0
1.3,5157.3,2122.4,71.9,87.94,90.29,87.49,89.79,780.79,785.75,784.27,786.05,4.74,66.59,12.61,3.01,43.78,0.73,14.15,4.13,LANE_A,18523.0,-22.0,88.1,CRUISE_LOITER,1.0,0,500.0,0.21,0.06,0.26,0.06,0.16,0.12,1.64,0.42,-0.03,0.01,0.05,0.06,0.009,0.05,0.0502,0
1.35,5144.6,2117.1,72.0,87.92,90.43,87.18,89.72,778.45,787.61,784.85,786.06,4.76,66.44,12.54,2.99,43.79,0.714,14.1,4.06,LANE_A,18524.0,-22.0,88.1,CRUISE_LOITER,1.0,0,500.0,0.19,0.2,-0.05,-0.01,-2.18,1.98,2.22,0.43,-0.01,-0.13,-0.02,0.08,-0.007,0.0,0.0529,0
1.4000000000000001,5139.2,2114.9,72.0,87.71,90.42,87.53,89.8,780.94,783.26,781.7,785.68,4.79,66.57,12.53,3.02,43.72,0.736,14.12,4.0,LANE_A,18524.0,-22.0,88.1,CRUISE_LOITER,1.0,0,500.0,-0.02,0.19,0.3,0.07,0.31,-2.37,-0.93,0.05,0.02,0.0,-0.03,0.01,0.015,0.02,0.054,0
1.4500000000000002,5170.3,2127.7,72.4,87.89,90.45,87.2,89.67,781.64,786.54,782.02,786.3,4.76,66.5,12.54,3.0,43.68,0.725,14.07,3.89,LANE_A,18525.0,-22.1,88.1,CRUISE_LOITER,1.0,0,500.0,0.17,0.23,-0.02,-0.05,1.01,0.91,-0.61,0.67,-0.01,-0.07,-0.02,-0.03,0.004,-0.03,0.0314,0
1.5,5137.3,2114.1,71.9,87.73,90.36,87.02,89.56,782.7,786.52,782.18,785.88,4.76,66.52,12.57,2.98,44.03,0.73,14.11,4.18,LANE_A,18526.0,-22.1,88.1,CRUISE_LOITER,1.0,0,500.0,0.01,0.14,-0.2,-0.16,2.07,0.89,-0.45,0.25,-0.01,-0.05,0.01,0.32,0.009,0.01,0.048,0
1.55,5130.9,2111.5,71.9,87.88,90.47,87.06,89.58,780.77,786.1,783.08,783.6,4.78,66.57,12.49,3.01,44.06,0.725,14.1,4.14,LANE_A,18527.0,-22.1,88.2,CRUISE_LOITER,1.0,0,500.0,0.16,0.25,-0.16,-0.14,0.14,0.47,0.45,-2.03,0.01,0.01,-0.07,0.35,0.004,0.0,0.0474,0
1.6,5169.4,2127.3,72.2,87.79,90.18,87.19,89.75,779.43,785.74,783.81,786.13,4.8,66.64,12.61,3.03,43.76,0.705,14.12,4.16,LANE_A,18528.0,-22.1,88.2,CRUISE_LOITER,1.0,0,500.0,0.08,-0.03,-0.02,0.04,-1.2,0.11,1.18,0.5,0.03,0.08,0.05,0.05,-0.016,0.02,0.0363,0
1.6500000000000001,5146.1,2117.8,72.0,87.72,90.35,87.46,89.69,779.88,787.12,782.46,784.81,4.8,66.63,12.47,2.95,43.87,0.709,14.13,4.16,LANE_A,18529.0,-22.1,88.2,CRUISE_LOITER,1.0,0,500.0,0.01,0.14,0.25,-0.02,-0.74,1.5,-0.16,-0.81,0.03,0.07,-0.09,0.16,-0.012,0.03,0.0376,0
1.7000000000000002,5145.2,2117.4,72.2,87.78,90.28,87.01,89.31,782.2,783.18,783.82,784.3,4.74,66.5,12.44,2.98,43.79,0.744,14.11,4.13,LANE_A,18530.0,-22.1,88.2,CRUISE_LOITER,1.0,0,500.0,0.07,0.07,-0.2,-0.4,1.58,-2.44,1.2,-1.32,-0.03,-0.05,-0.12,0.08,0.023,0.01,0.0585,0
1.75,5147.0,2118.1,72.1,87.91,90.41,87.08,89.88,779.7,785.53,782.62,785.79,4.79,66.47,12.5,2.98,43.72,0.742,14.09,4.01,LANE_A,18531.0,-22.1,88.2,CRUISE_LOITER,1.0,0,500.0,0.2,0.2,-0.13,0.17,-0.92,-0.09,0.0,0.17,0.02,-0.08,-0.06,0.01,0.021,-0.01,0.0309,0
1.8,5153.0,2120.6,72.2,87.44,90.27,87.36,89.72,781.2,787.06,781.85,785.83,4.74,66.8,12.7,2.98,43.77,0.729,14.11,4.02,LANE_A,18531.0,-22.1,88.2,CRUISE_LOITER,1.0,0,500.0,-0.26,0.07,0.16,0.02,0.58,1.44,-0.77,0.21,-0.03,0.25,0.15,0.07,0.008,0.01,0.0374,0
1.85,5150.9,2119.7,72.0,87.77,90.23,87.13,89.74,782.02,785.35,781.86,787.59,4.79,66.82,12.51,3.02,43.7,0.722,14.09,4.1,LANE_A,18532.0,-22.1,88.2,CRUISE_LOITER,1.0,0,500.0,0.07,0.03,-0.07,0.04,1.4,-0.27,-0.76,1.97,0.02,0.27,-0.04,0.0,0.001,-0.01,0.0456,0
1.9000000000000001,5159.2,2123.1,72.4,87.61,90.27,87.19,89.42,781.02,784.87,783.04,785.53,4.8,66.49,12.43,3.01,43.57,0.712,14.09,3.91,LANE_A,18533.0,-22.1,88.2,CRUISE_LOITER,1.0,0,500.0,-0.09,0.07,-0.01,-0.28,0.4,-0.75,0.42,-0.09,0.03,-0.05,-0.12,-0.13,-0.009,-0.01,0.0359,0
1.9500000000000002,5139.7,2115.1,72.2,87.89,90.55,87.34,90.04,780.51,786.14,785.44,786.54,4.77,66.5,12.71,3.01,43.78,0.716,14.11,4.12,LANE_A,18534.0,-22.1,88.2,CRUISE_LOITER,1.0,0,500.0,0.2,0.36,0.15,0.35,-0.11,0.52,2.82,0.92,0.0,-0.04,0.16,0.08,-0.005,0.01,0.0642,0
2.0,5150.2,2119.4,72.0,87.82,90.07,86.73,89.67,780.14,784.82,783.63,785.57,4.77,66.63,12.7,3.04,43.8,0.723,14.11,4.03,LANE_A,18535.0,-22.1,88.2,CRUISE_LOITER,1.0,0,500.0,0.13,-0.12,-0.46,-0.02,-0.48,-0.8,1.01,-0.05,0.0,0.09,0.15,0.1,0.002,0.01,0.0408,0
2.0500000000000003,5154.9,2121.4,72.2,87.63,90.09,87.19,89.48,781.22,784.61,783.26,785.9,4.76,66.68,12.58,3.04,43.63,0.7,14.11,3.96,LANE_A,18536.0,-22.1,88.2,CRUISE_LOITER,1.0,0,500.0,-0.06,-0.1,0.0,-0.21,0.61,-1.0,0.65,0.29,-0.01,0.14,0.03,-0.07,-0.021,0.01,0.0304,0
2.1,5164.4,2125.3,72.1,87.65,89.98,87.31,89.87,777.02,783.69,782.32,785.67,4.8,66.68,12.58,2.98,43.73,0.732,14.13,3.95,LANE_A,18537.0,-22.1,88.2,CRUISE_LOITER,1.0,0,500.0,-0.04,-0.21,0.12,0.18,-3.59,-1.92,-0.29,0.06,0.03,0.15,0.03,0.03,0.011,0.03,0.08,0
2.15,5143.4,2116.6,72.1,87.84,90.17,87.07,89.57,777.44,786.65,783.07,782.96,4.8,66.48,12.57,2.97,43.7,0.708,14.08,3.99,LANE_A,18538.0,-22.1,88.2,CRUISE_LOITER,1.0,0,500.0,0.16,-0.01,-0.11,-0.11,-3.17,1.04,0.46,-2.65,0.03,-0.05,0.02,0.0,-0.014,-0.02,0.0725,0
2.2,5141.6,2115.9,72.1,87.38,90.28,87.23,89.52,779.68,784.51,784.18,784.59,4.75,66.44,12.51,3.03,43.54,0.733,14.14,4.32,LANE_A,18538.0,-22.1,88.2,CRUISE_LOITER,1.0,0,500.0,-0.3,0.1,0.05,-0.16,-0.93,-1.1,1.57,-1.02,-0.02,-0.09,-0.04,-0.15,0.011,0.04,0.0424,0
2.25,5165.1,2125.6,72.0,87.88,90.34,87.29,89.47,782.17,785.17,783.4,786.69,4.71,66.7,12.42,3.0,43.67,0.738,14.09,4.16,LANE_A,18539.0,-22.1,88.2,CRUISE_LOITER,1.0,0,500.0,0.2,0.16,0.11,-0.21,1.56,-0.44,0.79,1.08,-0.06,0.17,-0.13,-0.02,0.016,-0.01,0.068,0
2.3000000000000003,5139.3,2114.9,71.8,87.81,90.04,87.63,89.72,781.77,785.94,783.09,785.31,4.79,66.63,12.64,3.04,43.48,0.729,14.11,3.98,LANE_A,18540.0,-22.1,88.2,CRUISE_LOITER,1.0,0,500.0,0.14,-0.13,0.46,0.05,1.16,0.33,0.48,-0.3,0.02,0.11,0.09,-0.21,0.007,0.01,0.041,0
2.35,5137.1,2114.0,72.3,87.89,89.88,87.41,89.61,781.1,783.98,783.39,786.13,4.73,66.24,12.42,3.0,43.53,0.705,14.12,4.09,LANE_A,18541.0,-22.1,88.2,CRUISE_LOITER,1.0,0,500.0,0.22,-0.29,0.24,-0.06,0.49,-1.63,0.78,0.52,-0.04,-0.28,-0.13,-0.16,-0.017,0.02,0.0488,0
2.4000000000000004,5158.3,2122.8,72.5,87.63,90.07,87.14,89.37,780.42,785.12,783.08,784.89,4.74,66.64,12.51,3.01,43.74,0.712,14.12,3.89,LANE_A,18542.0,-22.1,88.2,CRUISE_LOITER,1.0,0,500.0,-0.04,-0.1,-0.03,-0.3,-0.18,-0.48,0.48,-0.71,-0.03,0.12,-0.04,0.05,-0.01,0.02,0.0356,0
2.45,5168.2,2126.9,72.3,87.74,90.07,87.06,89.85,781.29,788.01,782.28,784.8,4.81,66.35,12.64,3.0,43.78,0.702,14.1,4.2,LANE_A,18543.0,-22.1,88.2,CRUISE_LOITER,1.0,0,500.0,0.07,-0.1,-0.11,0.18,0.69,2.41,-0.32,-0.8,0.04,-0.17,0.09,0.09,-0.02,0.0,0.0561,0
2.5,5158.6,2122.9,72.1,87.69,90.07,86.88,89.78,782.33,786.69,783.56,786.08,4.77,66.47,12.66,2.98,43.77,0.744,14.11,4.04,LANE_A,18544.0,-22.1,88.2,CRUISE_LOITER,1.0,0,500.0,0.03,-0.09,-0.28,0.12,1.73,1.09,0.96,0.48,0.0,-0.04,0.11,0.08,0.022,0.01,0.0417,0
2.5500000000000003,5164.9,2125.5,71.8,87.3,90.06,87.1,89.63,780.59,783.99,783.45,785.79,4.8,66.4,12.4,3.0,43.91,0.727,14.12,4.14,LANE_A,18545.0,-22.1,88.3,CRUISE_LOITER,1.0,0,500.0,-0.36,-0.1,-0.06,-0.03,-0.01,-1.61,0.85,0.19,0.03,-0.11,-0.15,0.22,0.005,0.02,0.0403,0
2.6,5146.1,2117.7,72.1,87.73,90.44,86.79,89.99,781.34,786.98,782.49,786.39,4.77,66.39,12.53,3.02,43.91,0.724,14.1,4.14,LANE_A,18545.0,-22.1,88.3,CRUISE_LOITER,1.0,0,500.0,0.07,0.28,-0.37,0.33,0.74,1.38,-0.11,0.79,0.0,-0.12,-0.02,0.23,0.002,0.0,0.035,0
2.6500000000000004,5151.6,2120.0,72.4,87.67,90.19,87.35,89.8,779.29,785.38,783.22,785.69,4.77,66.66,12.53,3.01,43.74,0.733,14.11,4.02,LANE_A,18546.0,-22.1,88.3,CRUISE_LOITER,1.0,0,500.0,0.02,0.04,0.2,0.15,-1.31,-0.22,0.62,0.09,0.0,0.16,-0.02,0.06,0.011,0.01,0.0307,0
2.7,5161.5,2124.1,72.2,87.7,89.99,87.21,89.81,784.15,786.35,782.72,787.98,4.73,66.39,12.61,2.99,43.69,0.74,14.09,4.06,LANE_A,18547.0,-22.1,88.3,CRUISE_LOITER,1.0,0,500.0,0.05,-0.16,0.06,0.16,3.55,0.75,0.12,2.38,-0.04,-0.11,0.06,0.01,0.018,-0.01,0.08,0
2.75,5146.2,2117.8,72.0,87.55,90.1,87.19,89.49,780.31,787.62,782.91,783.17,4.83,66.47,12.54,2.99,43.88,0.739,14.11,4.13,LANE_A,18548.0,-22.1,88.3,CRUISE_LOITER,1.0,0,500.0,-0.1,-0.05,0.04,-0.16,-0.29,2.02,0.31,-2.43,0.06,-0.03,-0.01,0.2,0.017,0.01,0.0691,0
2.8000000000000003,5134.0,2112.7,72.2,87.69,89.91,86.98,89.6,783.08,784.29,783.72,786.49,4.79,66.31,12.78,3.01,43.7,0.71,14.12,4.06,LANE_A,18549.0,-22.1,88.3,CRUISE_LOITER,1.0,0,500.0,0.04,-0.24,-0.17,-0.05,2.49,-1.3,1.13,0.9,0.02,-0.19,0.23,0.02,-0.012,0.02,0.059,0
2.85,5151.4,2119.9,72.5,87.79,89.9,87.16,89.53,781.73,786.02,782.51,787.11,4.77,66.32,12.5,2.97,43.7,0.724,14.08,4.18,LANE_A,18550.0,-22.1,88.3,CRUISE_LOITER,1.0,0,500.0,0.15,-0.24,0.02,-0.11,1.14,0.43,-0.08,1.52,0.0,-0.17,-0.05,0.02,0.002,-0.02,0.0361,0
2.9000000000000004,5140.4,2115.4,72.2,87.83,90.11,87.18,89.57,781.11,785.51,782.59,784.64,4.8,66.58,12.69,3.01,43.75,0.723,14.07,4.03,LANE_A,18551.0,-22.1,88.3,CRUISE_LOITER,1.0,0,500.0,0.19,-0.03,0.04,-0.07,0.52,-0.08,0.0,-0.95,0.03,0.09,0.14,0.07,0.001,-0.03,0.0364,0
2.95,5172.1,2128.4,72.0,87.73,90.15,87.09,89.46,778.91,786.54,781.12,787.12,4.78,66.66,12.57,2.98,43.76,0.714,14.07,4.12,LANE_A,18552.0,-22.1,88.3,CRUISE_LOITER,1.0,0,500.0,0.09,0.01,-0.05,-0.18,-1.68,0.95,-1.47,1.53,0.01,0.17,0.02,0.08,-0.008,-0.03,0.0414,0
3.0,5158.3,2122.8,72.5,87.66,90.1,87.04,89.51,782.09,784.68,783.18,785.05,4.77,66.39,12.46,3.01,43.98,0.752,14.09,4.17,LANE_A,18552.0,-22.1,88.3,CRUISE_LOITER,1.0,0,500.0,0.03,-0.03,-0.09,-0.12,1.5,-0.91,0.59,-0.54,0.0,-0.1,-0.09,0.3,0.03,-0.01,0.0433,0
3.0500000000000003,5142.8,2116.4,72.1,87.49,90.44,87.15,89.52,781.6,785.99,780.28,786.34,4.77,66.54,12.59,3.02,43.65,0.68,14.1,4.07,LANE_A,18553.0,-22.1,88.3,CRUISE_LOITER,1.0,0,500.0,-0.14,0.31,0.02,-0.11,1.01,0.4,-2.31,0.75,0.0,0.06,0.04,-0.02,-0.042,0.0,0.0584,0
3.1,5150.8,2119.7,72.0,87.78,90.13,87.3,89.74,780.81,786.13,782.74,785.35,4.72,66.31,12.6,3.0,43.57,0.742,14.1,3.97,LANE_A,18554.0,-22.1,88.3,CRUISE_LOITER,1.0,0,500.0,0.15,0.0,0.17,0.11,0.22,0.54,0.15,-0.24,-0.05,-0.17,0.05,-0.1,0.02,0.0,0.0559,0
3.1500000000000004,5169.0,2127.2,72.1,87.43,89.96,87.07,89.48,780.78,786.57,784.42,786.31,4.76,66.71,12.64,2.99,43.66,0.7,14.11,3.92,LANE_A,18555.0,-22.1,88.3,CRUISE_LOITER,1.0,0,500.0,-0.2,-0.17,-0.06,-0.15,0.19,0.98,1.83,0.72,-0.01,0.23,0.09,-0.01,-0.022,0.01,0.0434,0
3.2,5156.5,2122.0,72.4,87.52,90.2,87.07,89.88,779.58,785.05,782.32,785.19,4.8,66.43,12.47,2.99,43.63,0.719,14.12,4.05,LANE_A,18556.0,-22.1,88.3,CRUISE_LOITER,1.0,0,500.0,-0.1,0.08,-0.05,0.26,-1.0,-0.53,-0.26,-0.39,0.03,-0.05,-0.08,-0.04,-0.003,0.02,0.0357,0
3.25,5175.2,2129.7,72.4,87.43,90.27,87.2,89.78,780.51,786.81,782.25,786.13,4.74,66.61,12.53,2.96,43.89,0.734,14.12,4.12,LANE_A,18557.0,-22.1,88.3,CRUISE_LOITER,1.0,0,500.0,-0.19,0.15,0.08,0.16,-0.07,1.23,-0.33,0.55,-0.03,0.14,-0.02,0.22,0.012,0.02,0.0366,0
3.3000000000000003,5158.6,2122.9,72.4,87.52,90.26,87.15,89.72,779.72,787.82,780.08,787.71,4.81,66.03,12.44,2.98,43.8,0.713,14.07,4.24,LANE_A,18558.0,-22.1,88.3,CRUISE_LOITER,1.0,0,500.0,-0.1,0.14,0.03,0.1,-0.86,2.24,-2.5,2.13,0.04,-0.44,-0.11,0.13,-0.009,-0.03,0.0612,0
3.35,5123.9,2108.6,72.3,87.33,89.79,87.2,89.51,778.87,785.93,784.57,783.86,4.77,66.41,12.38,2.99,43.67,0.712,14.1,4.15,LANE_A,18559.0,-22.1,88.3,CRUISE_LOITER,1.0,0,500.0,-0.28,-0.32,0.09,-0.1,-1.71,0.35,1.99,-1.72,0.0,-0.06,-0.17,0.0,-0.01,0.0,0.0488,0
3.4000000000000004,5152.2,2120.2,71.7,87.41,89.75,87.03,89.75,780.81,786.89,782.08,784.8,4.79,66.69,12.55,3.0,43.81,0.702,14.11,3.97,LANE_A,18559.0,-22.1,88.3,CRUISE_LOITER,1.0,0,500.0,-0.2,-0.36,-0.08,0.14,0.23,1.31,-0.5,-0.78,0.02,0.22,0.0,0.14,-0.02,0.01,0.0341,0
3.45,5153.1,2120.6,71.8,87.61,90.1,87.2,89.61,780.06,785.86,781.2,788.36,4.79,66.35,12.62,3.01,43.62,0.712,14.09,4.17,LANE_A,18560.0,-22.1,88.3,CRUISE_LOITER,1.0,0,500.0,0.0,-0.01,0.09,0.0,-0.52,0.28,-1.38,2.78,0.02,-0.11,0.07,-0.04,-0.01,-0.01,0.062,0
3.5,5162.9,2124.7,72.3,87.93,90.28,87.36,89.29,781.19,786.79,783.17,786.56,4.8,66.46,12.57,2.97,43.47,0.711,14.07,4.15,LANE_A,18561.0,-22.1,88.3,CRUISE_LOITER,1.0,0,500.0,0.32,0.17,0.25,-0.32,0.61,1.21,0.59,0.98,0.03,0.0,0.02,-0.19,-0.011,-0.03,0.0384,0
3.5500000000000003,5146.9,2118.1,72.4,87.73,89.73,86.97,89.38,782.97,785.43,783.62,784.99,4.74,66.45,12.41,3.04,43.66,0.725,14.1,4.03,LANE_A,18562.0,-22.1,88.4,CRUISE_LOITER,1.0,0,500.0,0.13,-0.37,-0.13,-0.22,2.4,-0.14,1.05,-0.58,-0.03,-0.01,-0.14,0.0,0.003,0.0,0.0559,0
3.6,5146.9,2118.1,71.9,87.77,90.36,87.2,89.32,781.67,785.82,783.66,784.07,4.73,66.5,12.49,3.02,43.71,0.688,14.08,4.07,LANE_A,18563.0,-22.1,88.4,CRUISE_LOITER,1.0,0,500.0,0.17,0.26,0.1,-0.28,1.1,0.25,1.09,-1.5,-0.04,0.05,-0.06,0.05,-0.034,-0.02,0.0499,0
3.6500000000000004,5144.4,2117.0,72.1,87.51,90.21,87.01,89.73,781.61,786.08,782.4,784.55,4.79,66.32,12.7,2.97,43.61,0.719,14.08,4.2,LANE_A,18564.0,-22.1,88.4,CRUISE_LOITER,1.0,0,500.0,-0.09,0.11,-0.09,0.13,1.04,0.51,-0.17,-1.02,0.02,-0.13,0.15,-0.05,-0.003,-0.02,0.0362,0
3.7,5153.1,2120.6,72.1,87.8,90.24,87.3,89.66,781.51,784.43,782.41,786.74,4.77,66.41,12.62,3.01,43.79,0.739,14.07,4.07,LANE_A,18565.0,-22.1,88.4,CRUISE_LOITER,1.0,0,500.0,0.21,0.15,0.21,0.07,0.94,-1.14,-0.16,1.17,0.0,-0.04,0.07,0.13,0.017,-0.03,0.0329,0
3.75,5139.0,2114.8,72.0,87.6,90.57,87.17,89.83,781.28,784.61,783.3,784.72,4.74,66.31,12.49,3.02,43.76,0.691,14.09,3.91,LANE_A,18566.0,-22.1,88.4,CRUISE_LOITER,1.0,0,500.0,0.01,0.48,0.08,0.24,0.71,-0.96,0.73,-0.85,-0.03,-0.14,-0.06,0.1,-0.031,-0.01,0.0455,0
3.8000000000000003,5161.9,2124.2,72.2,87.63,90.19,87.24,89.45,779.09,785.12,780.74,785.65,4.79,66.59,12.45,3.02,43.72,0.718,14.11,3.97,LANE_A,18566.0,-22.1,88.4,CRUISE_LOITER,1.0,0,500.0,0.04,0.1,0.15,-0.14,-1.48,-0.45,-1.83,0.08,0.02,0.15,-0.09,0.06,-0.004,0.01,0.0431,0
3.85,5165.7,2125.8,72.3,87.28,90.21,86.96,90.0,782.75,788.02,781.98,785.74,4.85,66.42,12.64,2.99,43.69,0.737,14.09,3.94,LANE_A,18567.0,-22.1,88.4,CRUISE_LOITER,1.0,0,500.0,-0.31,0.12,-0.13,0.41,2.18,2.45,-0.59,0.17,0.08,-0.02,0.1,0.04,0.015,-0.01,0.0899,0
3.9000000000000004,5153.9,2121.0,72.2,87.66,90.35,87.07,89.36,782.35,785.32,782.38,786.95,4.75,66.54,12.39,2.97,43.61,0.732,14.13,4.12,LANE_A,18568.0,-22.1,88.4,CRUISE_LOITER,1.0,0,500.0,0.08,0.27,-0.01,-0.22,1.78,-0.25,-0.19,1.38,-0.02,0.1,-0.15,-0.04,0.01,0.03,0.0436,0
3.95,5161.0,2123.9,71.9,87.44,89.99,87.63,89.56,781.56,784.66,783.59,785.54,4.75,66.34,12.52,3.01,43.58,0.703,14.08,4.0,LANE_A,18569.0,-22.1,88.4,CRUISE_LOITER,1.0,0,500.0,-0.14,-0.09,0.55,-0.02,1.0,-0.9,1.03,-0.02,-0.02,-0.1,-0.02,-0.07,-0.019,-0.02,0.0482,0
4.0,5162.4,2124.4,71.9,87.5,89.95,86.98,89.92,778.84,785.42,781.03,783.46,4.82,66.41,12.52,3.0,43.61,0.723,14.13,4.13,LANE_A,18570.0,-22.1,88.4,CRUISE_LOITER,1.0,0,500.0,-0.08,-0.13,-0.1,0.34,-1.72,-0.14,-1.53,-2.1,0.05,-0.02,-0.02,-0.04,0.001,0.03,0.0594,0
4.05,5155.0,2121.4,72.1,87.54,90.31,87.03,89.78,779.87,784.32,786.93,784.82,4.76,66.08,12.66,2.99,43.46,0.743,14.12,4.01,LANE_A,18571.0,-22.1,88.4,CRUISE_LOITER,1.0,0,500.0,-0.03,0.24,-0.04,0.21,-0.69,-1.24,4.37,-0.74,-0.01,-0.35,0.12,-0.19,0.021,0.02,0.0955,0
4.1000000000000005,5152.6,2120.4,71.8,87.85,90.16,87.0,89.91,782.21,783.95,779.75,783.34,4.8,66.36,12.57,3.0,43.45,0.728,14.1,4.0,LANE_A,18572.0,-22.1,88.4,CRUISE_LOITER,1.0,0,500.0,0.28,0.09,-0.07,0.34,1.65,-1.61,-2.81,-2.22,0.03,-0.07,0.03,-0.2,0.006,0.0,0.0664,0
4.15,5161.2,2123.9,72.0,87.68,89.99,87.16,89.55,779.54,784.88,780.78,787.11,4.78,66.43,12.45,3.01,43.63,0.722,14.06,4.24,LANE_A,18573.0,-22.1,88.4,CRUISE_LOITER,1.0,0,500.0,0.11,-0.08,0.09,-0.02,-1.02,-0.68,-1.78,1.55,0.01,0.0,-0.09,-0.02,0.0,-0.04,0.0432,0
4.2,5159.2,2123.1,72.3,87.62,90.35,87.13,89.75,780.0,786.64,780.33,787.06,4.75,66.59,12.7,3.01,43.51,0.735,14.1,4.08,LANE_A,18573.0,-22.1,88.4,CRUISE_LOITER,1.0,0,500.0,0.05,0.28,0.06,0.18,-0.56,1.08,-2.23,1.5,-0.02,0.17,0.16,-0.14,0.013,0.0,0.053,0
4.25,5159.0,2123.0,72.5,87.94,90.18,87.23,89.35,782.59,785.01,784.41,785.11,4.76,66.34,12.47,2.98,43.43,0.719,14.11,4.12,LANE_A,18574.0,-22.1,88.4,CRUISE_LOITER,1.0,0,500.0,0.38,0.12,0.17,-0.21,2.03,-0.55,1.85,-0.45,-0.01,-0.08,-0.07,-0.22,-0.003,0.01,0.0487,0
4.3,5141.4,2115.8,72.1,87.32,90.0,86.84,89.63,781.63,782.14,783.51,786.99,4.75,66.86,12.48,3.02,43.78,0.731,14.1,4.19,LANE_A,18575.0,-22.2,88.4,CRUISE_LOITER,1.0,0,500.0,-0.24,-0.06,-0.22,0.07,1.08,-3.41,0.96,1.44,-0.02,0.44,-0.06,0.14,0.009,0.0,0.0764,0
4.3500000000000005,5157.8,2122.6,72.3,87.54,90.15,87.15,89.75,780.97,788.63,782.39,786.48,4.8,66.48,12.6,3.03,43.62,0.683,14.14,3.98,LANE_A,18576.0,-22.2,88.4,CRUISE_LOITER,1.0,0,500.0,-0.02,0.09,0.09,0.19,0.42,3.08,-0.16,0.93,0.03,0.06,0.06,-0.02,-0.039,0.04,0.0707,0
4.4,5172.6,2128.7,72.0,87.56,90.25,87.02,89.65,780.51,786.88,783.35,784.29,4.79,66.39,12.51,3.01,43.48,0.704,14.1,4.16,LANE_A,18577.0,-22.2,88.4,CRUISE_LOITER,1.0,0,500.0,0.01,0.2,-0.03,0.1,-0.04,1.33,0.8,-1.26,0.02,-0.02,-0.03,-0.16,-0.018,0.0,0.0331,0
4.45,5169.1,2127.2,72.6,87.27,90.04,87.06,89.53,781.82,786.87,781.49,784.1,4.79,66.54,12.53,3.03,43.56,0.741,14.1,4.24,LANE_A,18578.0,-22.2,88.4,CRUISE_LOITER,1.0,0,500.0,-0.28,-0.01,0.01,-0.02,1.27,1.32,-1.06,-1.45,0.02,0.13,-0.01,-0.08,0.019,0.0,0.0366,0
4.5,5153.7,2120.9,72.1,87.39,90.19,87.25,89.67,780.5,786.26,783.41,783.83,4.78,66.17,12.49,3.01,43.78,0.725,14.1,4.07,LANE_A,18579.0,-22.2,88.4,CRUISE_LOITER,1.0,0,500.0,-0.16,0.14,0.2,0.12,-0.05,0.71,0.86,-1.72,0.01,-0.24,-0.05,0.14,0.003,0.0,0.0402,0
4.55,5154.4,2121.2,72.1,87.33,90.01,87.11,89.53,779.36,785.85,784.0,786.47,4.73,66.51,12.6,2.96,43.65,0.744,14.1,4.08,LANE_A,18580.0,-22.2,88.5,CRUISE_LOITER,1.0,0,500.0,-0.22,-0.04,0.06,-0.02,-1.19,0.3,1.45,0.92,-0.04,0.1,0.06,0.01,0.022,0.0,0.0473,0
4.6000000000000005,5166.7,2126.2,72.4,87.46,90.11,86.94,89.52,779.41,783.68,784.45,782.98,4.77,66.29,12.59,3.02,43.54,0.707,14.08,3.96,LANE_A,18580.0,-22.2,88.5,CRUISE_LOITER,1.0,0,500.0,-0.08,0.07,-0.1,-0.02,-1.14,-1.87,1.9,-2.57,0.0,-0.11,0.05,-0.1,-0.015,-0.02,0.06,0
4.65,5135.6,2113.4,71.9,87.48,89.95,86.93,89.4,779.15,784.46,784.1,783.69,4.75,66.05,12.49,3.01,43.64,0.7,14.08,4.25,LANE_A,18581.0,-22.2,88.5,CRUISE_LOITER,1.0,0,500.0,-0.06,-0.09,-0.11,-0.14,-1.4,-1.09,1.55,-1.86,-0.02,-0.35,-0.05,0.0,-0.022,-0.02,0.0459,0
4.7,5131.3,2111.6,72.3,87.45,90.23,86.86,89.32,780.09,785.54,782.61,785.9,4.75,66.41,12.65,2.98,43.63,0.73,14.06,4.08,LANE_A,18582.0,-22.2,88.5,CRUISE_LOITER,1.0,0,500.0,-0.09,0.19,-0.18,-0.22,-0.45,0.0,0.07,0.36,-0.02,0.01,0.11,0.0,0.008,-0.04,0.0403,0
4.75,5141.6,2115.9,72.5,87.35,90.09,86.8,89.35,781.76,784.97,781.96,786.3,4.75,66.48,12.5,3.06,43.77,0.715,14.13,3.89,LANE_A,18583.0,-22.2,88.5,CRUISE_LOITER,1.0,0,500.0,-0.18,0.06,-0.23,-0.18,1.22,-0.57,-0.58,0.76,-0.02,0.09,-0.04,0.14,-0.007,0.03,0.0325,0
4.800000000000001,5175.3,2129.7,72.3,87.56,90.18,87.05,89.38,779.14,788.08,783.43,786.25,4.77,66.41,12.65,2.99,43.62,0.729,14.12,4.03,LANE_A,18584.0,-22.2,88.5,CRUISE_LOITER,1.0,0,500.0,0.03,0.15,0.02,-0.15,-1.4,2.54,0.89,0.71,0.0,0.02,0.11,-0.01,0.007,0.02,0.0577,0
4.8500000000000005,5161.1,2123.9,72.0,87.68,90.24,86.88,89.64,783.52,786.31,785.09,783.96,4.72,66.29,12.6,2.98,43.73,0.716,14.08,4.07,LANE_A,18585.0,-22.2,88.5,CRUISE_LOITER,1.0,0,500.0,0.15,0.21,-0.15,0.11,2.98,0.77,2.55,-1.58,-0.05,-0.1,0.06,0.1,-0.006,-0.02,0.0703,0
4.9,5150.9,2119.7,72.6,87.53,90.12,86.99,89.92,777.99,784.61,785.41,786.94,4.78,66.33,12.61,2.98,43.69,0.742,14.1,4.07,LANE_A,18586.0,-22.2,88.5,CRUISE_LOITER,1.0,0,500.0,0.0,0.09,-0.04,0.39,-2.55,-0.93,2.87,1.4,0.01,-0.06,0.07,0.06,0.02,0.0,0.0668,0
4.95,5151.4,2119.9,72.2,87.52,89.96,86.71,89.81,778.27,785.07,781.52,783.42,4.77,66.29,12.44,2.99,43.78,0.731,14.08,4.0,LANE_A,18587.0,-22.2,88.5,CRUISE_LOITER,1.0,0,500.0,0.0,-0.06,-0.31,0.29,-2.27,-0.47,-1.02,-2.12,0.0,-0.09,-0.1,0.15,0.009,-0.02,0.054,0
5.0,5157.2,2122.3,72.3,87.47,89.81,87.18,89.47,778.78,785.61,781.93,784.78,4.77,66.57,12.54,2.99,43.65,0.699,14.1,4.01,LANE_A,18587.0,-22.2,88.5,CRUISE_LOITER,1.0,0,500.0,-0.05,-0.21,0.16,-0.05,-1.76,0.07,-0.61,-0.76,0.0,0.19,0.0,0.02,-0.023,0.0,0.0411,0
5.050000000000001,5156.8,2122.1,72.1,87.3,90.25,87.07,89.43,784.24,785.72,783.19,785.51,4.76,66.61,12.55,3.02,43.75,0.712,14.11,4.21,LANE_A,18588.0,-22.2,88.5,CRUISE_LOITER,1.0,0,500.0,-0.22,0.23,0.05,-0.09,3.7,0.18,0.65,-0.03,-0.01,0.23,0.01,0.12,-0.01,0.01,0.0804,0
5.1000000000000005,5179.8,2131.6,72.4,87.59,90.25,87.28,89.4,779.56,784.99,784.64,785.31,4.76,66.45,12.63,2.99,43.65,0.714,14.12,3.95,LANE_A,18589.0,-22.2,88.5,CRUISE_LOITER,1.0,0,500.0,0.07,0.23,0.26,-0.12,-0.97,-0.54,2.11,-0.22,-0.01,0.07,0.09,0.03,-0.008,0.02,0.0487,0
5.15,5158.5,2122.9,72.1,87.51,89.78,87.31,89.46,783.02,786.97,783.02,786.78,4.78,66.21,12.55,3.01,43.55,0.716,14.07,4.27,LANE_A,18590.0,-22.2,88.5,CRUISE_LOITER,1.0,0,500.0,0.0,-0.23,0.3,-0.05,2.49,1.44,0.49,1.25,0.01,-0.16,0.01,-0.07,-0.006,-0.03,0.0575,0
5.2,5162.4,2124.5,72.3,87.28,89.99,86.93,89.55,781.0,783.26,779.98,784.96,4.77,66.17,12.57,3.01,43.67,0.724,14.11,4.12,LANE_A,18591.0,-22.2,88.5,CRUISE_LOITER,1.0,0,500.0,-0.23,-0.02,-0.08,0.04,0.47,-2.27,-2.55,-0.57,0.0,-0.2,0.03,0.05,0.002,0.01,0.0584,0
5.25,5151.5,2119.9,72.5,87.82,89.86,87.1,89.41,782.08,785.3,781.89,784.53,4.8,66.32,12.45,2.96,43.42,0.731,14.14,3.95,LANE_A,18592.0,-22.2,88.5,CRUISE_LOITER,1.0,0,500.0,0.31,-0.15,0.09,-0.1,1.55,-0.23,-0.64,-1.0,0.03,-0.05,-0.09,-0.2,0.009,0.04,0.0426,0
5.300000000000001,5145.2,2117.4,72.2,87.16,90.06,87.03,89.87,780.85,783.67,783.85,785.36,4.76,66.29,12.56,2.95,43.6,0.709,14.1,3.9,LANE_A,18593.0,-22.2,88.5,CRUISE_LOITER,1.0,0,500.0,-0.34,0.06,0.03,0.37,0.32,-1.86,1.32,-0.17,-0.01,-0.08,0.02,-0.02,-0.013,0.0,0.0441,0
5.3500000000000005,5159.1,2123.1,72.2,87.67,89.94,87.2,89.55,779.93,785.73,783.57,787.13,4.8,66.44,12.49,2.97,43.57,0.725,14.08,4.18,LANE_A,18594.0,-22.2,88.5,CRUISE_LOITER,1.0,0,500.0,0.17,-0.06,0.2,0.05,-0.6,0.2,1.04,1.6,0.02,0.08,-0.05,-0.05,0.003,-0.02,0.038,0
5.4,5146.1,2117.7,71.8,87.46,89.86,87.12,89.68,781.39,787.43,782.82,785.74,4.77,66.21,12.37,2.98,43.36,0.728,14.07,4.04,LANE_A,18594.0,-22.2,88.5,CRUISE_LOITER,1.0,0,500.0,-0.04,-0.14,0.12,0.18,0.86,1.9,0.29,0.21,-0.01,-0.15,-0.17,-0.26,0.006,-0.03,0.0458,0
5.45,5132.3,2112.1,72.3,87.38,90.18,87.37,89.51,782.39,786.74,781.76,785.48,4.78,66.44,12.39,2.98,43.55,0.725,14.11,4.03,LANE_A,18595.0,-22.2,88.5,CRUISE_LOITER,1.0,0,500.0,-0.12,0.18,0.37,0.01,1.87,1.22,-0.76,-0.04,0.0,0.08,-0.15,-0.07,0.003,0.01,0.0447,0
5.5,5131.6,2111.8,72.4,87.61,89.9,87.24,89.57,780.75,783.37,781.62,785.1,4.78,66.71,12.69,2.96,43.67,0.716,14.13,3.9,LANE_A,18596.0,-22.2,88.5,CRUISE_LOITER,1.0,0,500.0,0.12,-0.09,0.25,0.08,0.23,-2.15,-0.9,-0.42,0.0,0.35,0.15,0.05,-0.006,0.03,0.0504,0
5.550000000000001,5134.2,2112.8,72.5,87.7,90.02,86.76,89.51,779.15,787.27,783.25,787.68,4.75,66.24,12.52,3.02,43.57,0.72,14.1,3.9,LANE_A,18597.0,-22.2,88.6,CRUISE_LOITER,1.0,0,500.0,0.21,0.03,-0.23,0.02,-1.37,1.75,0.73,2.16,-0.03,-0.11,-0.02,-0.04,-0.002,0.0,0.0513,0
5.6000000000000005,5189.0,2135.4,72.3,87.82,90.19,87.06,89.7,782.05,784.81,780.7,784.09,4.84,66.52,12.58,3.0,43.73,0.708,14.07,4.14,LANE_A,18598.0,-22.2,88.6,CRUISE_LOITER,1.0,0,500.0,0.33,0.2,0.07,0.21,1.53,-0.71,-1.82,-1.43,0.06,0.17,0.04,0.12,-0.014,-0.03,0.0695,0
5.65,5160.0,2123.5,72.1,87.31,89.67,87.12,89.62,781.68,785.8,779.19,787.31,4.76,66.47,12.48,3.01,43.6,0.735,14.11,4.15,LANE_A,18599.0,-22.2,88.6,CRUISE_LOITER,1.0,0,500.0,-0.17,-0.31,0.14,0.14,1.16,0.28,-3.33,1.79,-0.02,0.12,-0.06,-0.01,0.013,0.01,0.0746,0
5.7,5158.7,2122.9,72.4,87.35,89.96,87.03,89.39,781.39,784.78,784.04,783.77,4.75,66.19,12.6,3.03,43.59,0.727,14.14,4.08,LANE_A,18600.0,-22.2,88.6,CRUISE_LOITER,1.0,0,500.0,-0.13,-0.02,0.05,-0.09,0.87,-0.74,1.52,-1.75,-0.03,-0.15,0.06,-0.02,0.005,0.04,0.0432,0
5.75,5163.9,2125.1,72.2,87.74,89.91,87.01,89.51,782.68,783.76,781.08,785.19,4.76,66.39,12.59,3.0,43.51,0.704,14.08,4.15,LANE_A,18601.0,-22.2,88.6,CRUISE_LOITER,1.0,0,500.0,0.26,-0.07,0.03,0.03,2.16,-1.76,-1.44,-0.33,-0.02,0.05,0.05,-0.1,-0.018,-0.02,0.0514,0
5.800000000000001,5146.4,2117.9,72.2,87.4,90.1,86.97,89.53,781.4,784.81,783.09,787.05,4.79,66.48,12.6,2.99,43.73,0.73,14.11,4.08,LANE_A,18601.0,-22.2,88.6,CRUISE_LOITER,1.0,0,500.0,-0.08,0.12,-0.01,0.05,0.88,-0.71,0.57,1.53,0.01,0.14,0.06,0.12,0.008,0.01,0.036,0
5.8500000000000005,5152.9,2120.5,72.2,87.79,90.14,87.0,89.46,780.83,784.33,781.71,785.27,4.73,66.25,12.41,3.0,43.67,0.712,14.06,4.04,LANE_A,18602.0,-22.2,88.6,CRUISE_LOITER,1.0,0,500.0,0.32,0.17,0.03,-0.01,0.32,-1.18,-0.8,-0.24,-0.05,-0.09,-0.12,0.06,-0.01,-0.04,0.0579,0
5.9,5143.8,2116.8,72.5,87.62,90.13,86.55,89.7,781.5,786.47,783.03,786.14,4.77,66.14,12.54,3.03,43.58,0.715,14.08,4.08,LANE_A,18603.0,-22.2,88.6,CRUISE_LOITER,1.0,0,500.0,0.15,0.16,-0.42,0.23,0.99,0.96,0.52,0.63,-0.01,-0.19,0.01,-0.03,-0.007,-0.02,0.0379,0
5.95,5157.3,2122.3,72.0,87.55,90.16,86.82,89.59,781.84,786.03,780.41,786.09,4.81,66.54,12.42,2.97,43.78,0.74,14.13,4.06,LANE_A,18604.0,-22.2,88.6,CRUISE_LOITER,1.0,0,500.0,0.08,0.19,-0.15,0.12,1.33,0.52,-2.1,0.58,0.03,0.21,-0.11,0.18,0.018,0.03,0.0506,0
6.0,5154.4,2121.2,72.4,87.62,90.03,86.85,89.37,781.21,784.98,782.18,786.93,4.78,66.23,12.41,3.01,43.9,0.719,14.11,3.99,LANE_A,18605.0,-22.2,88.6,CRUISE_LOITER,1.0,0,500.0,0.16,0.07,-0.11,-0.09,0.7,-0.53,-0.33,1.42,0.0,-0.1,-0.12,0.3,-0.003,0.01,0.0363,0
6.050000000000001,5154.6,2121.3,71.7,87.22,90.02,87.02,89.1,777.86,787.59,782.37,784.2,4.82,66.43,12.47,3.0,43.52,0.739,14.1,3.96,LANE_A,18606.0,-22.2,88.6,CRUISE_LOITER,1.0,0,500.0,-0.24,0.06,0.06,-0.36,-2.65,2.08,-0.14,-1.31,0.04,0.1,-0.06,-0.08,0.017,0.0,0.0626,0
6.1000000000000005,5166.2,2126.0,72.2,87.46,89.93,86.86,89.41,778.33,785.92,781.8,787.12,4.79,66.3,12.53,3.0,43.74,0.749,14.09,3.98,LANE_A,18607.0,-22.2,88.6,CRUISE_LOITER,1.0,0,500.0,0.0,-0.03,-0.1,-0.05,-2.18,0.41,-0.71,1.61,0.01,-0.02,0.0,0.14,0.027,-0.01,0.0508,0
6.15,5142.5,2116.2,72.3,87.39,89.91,87.0,89.74,780.78,787.04,782.53,783.3,4.72,66.32,12.45,2.99,43.68,0.706,14.08,4.04,LANE_A,18608.0,-22.2,88.6,CRUISE_LOITER,1.0,0,500.0,-0.07,-0.05,0.04,0.28,0.27,1.53,0.02,-2.21,-0.06,0.0,-0.08,0.08,-0.016,-0.02,0.0686,0
6.2,5163.3,2124.8,72.4,87.3,89.94,86.66,89.47,782.43,784.92,785.62,787.38,4.79,66.31,12.62,3.02,43.41,0.731,14.11,4.06,LANE_A,18608.0,-22.2,88.6,CRUISE_LOITER,1.0,0,500.0,-0.15,-0.01,-0.29,0.02,1.93,-0.58,3.12,1.88,0.01,-0.01,0.09,-0.19,0.009,0.01,0.0711,0
6.25,5145.5,2117.5,72.4,87.47,89.99,86.81,89.12,780.52,785.0,782.93,783.59,4.77,66.5,12.51,2.99,43.52,0.73,14.13,3.99,LANE_A,18609.0,-22.2,88.6,CRUISE_LOITER,1.0,0,500.0,0.02,0.04,-0.14,-0.33,0.02,-0.5,0.43,-1.91,-0.01,0.18,-0.02,-0.08,0.008,0.03,0.0444,0
6.300000000000001,5161.0,2123.9,72.3,87.3,89.99,86.88,89.18,779.13,785.7,781.18,783.61,4.79,66.33,12.54,3.0,43.4,0.702,14.09,4.26,LANE_A,18610.0,-22.2,88.6,CRUISE_LOITER,1.0,0,500.0,-0.15,0.04,-0.07,-0.27,-1.37,0.2,-1.32,-1.89,0.01,0.02,0.01,-0.2,-0.02,-0.01,0.0453,0
6.3500000000000005,5157.1,2122.3,72.5,87.38,89.78,87.01,89.41,781.17,785.06,781.56,783.99,4.81,66.38,12.49,2.99,43.57,0.722,14.1,4.02,LANE_A,18611.0,-22.2,88.6,CRUISE_LOITER,1.0,0,500.0,-0.06,-0.16,0.07,-0.03,0.67,-0.44,-0.94,-1.51,0.03,0.07,-0.04,-0.02,0.0,0.0,0.0361,0
6.4,5148.8,2118.9,72.2,87.57,89.75,87.03,89.44,782.26,785.8,781.88,785.18,4.74,66.22,12.53,2.99,43.65,0.716,14.07,4.08,LANE_A,18612.0,-22.2,88.6,CRUISE_LOITER,1.0,0,500.0,0.13,-0.19,0.09,0.0,1.76,0.3,-0.62,-0.32,-0.04,-0.09,0.0,0.06,-0.006,-0.03,0.0469,0
6.45,5170.3,2127.7,72.0,87.29,89.97,87.21,89.21,779.77,784.92,782.86,786.06,4.77,66.5,12.53,2.99,43.44,0.731,14.08,3.87,LANE_A,18613.0,-22.2,88.6,CRUISE_LOITER,1.0,0,500.0,-0.15,0.03,0.27,-0.23,-0.73,-0.58,0.36,0.56,-0.01,0.19,0.0,-0.15,0.009,-0.02,0.026,0
6.5,5165.3,2125.6,72.2,87.35,90.07,86.9,89.45,780.61,786.61,780.8,785.71,4.74,66.28,12.58,3.0,43.75,0.736,14.11,4.16,LANE_A,18614.0,-22.2,88.6,CRUISE_LOITER,1.0,0,500.0,-0.09,0.13,-0.04,0.01,0.11,1.11,-1.7,0.21,-0.04,-0.02,0.05,0.16,0.014,0.01,0.0469,0
6.550000000000001,5146.0,2117.7,72.0,87.52,90.1,86.97,89.56,779.96,786.71,781.81,785.39,4.73,66.23,12.67,2.99,43.66,0.718,14.08,3.95,LANE_A,18615.0,-22.2,88.7,CRUISE_LOITER,1.0,0,500.0,0.09,0.17,0.04,0.13,-0.54,1.21,-0.69,-0.11,-0.05,-0.07,0.14,0.07,-0.004,-0.02,0.0569,0
6.6000000000000005,5157.2,2122.3,72.2,87.7,90.13,86.91,89.31,779.18,786.69,782.87,784.76,4.79,66.63,12.45,2.99,43.76,0.749,14.1,4.04,LANE_A,18615.0,-22.2,88.7,CRUISE_LOITER,1.0,0,500.0,0.27,0.2,-0.02,-0.12,-1.31,1.2,0.38,-0.73,0.01,0.33,-0.08,0.17,0.027,0.0,0.04,0
6.65,5164.5,2125.3,72.1,87.51,89.79,87.3,89.22,781.73,784.24,782.36,783.44,4.77,66.19,12.6,2.99,43.61,0.713,14.09,3.95,LANE_A,18616.0,-22.2,88.7,CRUISE_LOITER,1.0,0,500.0,0.08,-0.14,0.37,-0.21,1.24,-1.25,-0.13,-2.05,-0.01,-0.11,0.07,0.02,-0.009,-0.01,0.0483,0
6.7,5144.5,2117.1,72.6,87.35,89.82,86.86,89.28,779.73,785.63,783.45,784.54,4.83,66.34,12.46,2.97,43.58,0.723,14.09,4.07,LANE_A,18617.0,-22.2,88.7,CRUISE_LOITER,1.0,0,500.0,-0.07,-0.1,-0.06,-0.14,-0.76,0.14,0.96,-0.95,0.05,0.05,-0.07,-0.01,0.001,-0.01,0.056,0
6.75,5156.7,2122.1,72.2,87.4,90.0,86.82,89.1,780.39,785.81,783.11,786.78,4.74,66.17,12.65,2.99,43.68,0.705,14.1,4.02,LANE_A,18618.0,-22.2,88.7,CRUISE_LOITER,1.0,0,500.0,-0.02,0.08,-0.1,-0.32,-0.1,0.32,0.62,1.29,-0.04,-0.12,0.12,0.1,-0.017,0.0,0.047,0
6.800000000000001,5155.1,2121.5,72.2,87.48,90.18,86.7,89.57,780.77,785.75,782.0,784.34,4.83,66.35,12.6,2.99,43.56,0.749,14.14,3.98,LANE_A,18619.0,-22.2,88.7,CRUISE_LOITER,1.0,0,500.0,0.06,0.26,-0.22,0.15,0.28,0.26,-0.49,-1.15,0.05,0.06,0.07,-0.02,0.027,0.04,0.0582,0
6.8500000000000005,5161.5,2124.1,72.3,87.37,89.79,87.28,89.64,779.02,783.38,781.78,783.85,4.77,66.19,12.47,2.99,43.62,0.716,14.12,4.24,LANE_A,18620.0,-22.2,88.7,CRUISE_LOITER,1.0,0,500.0,-0.05,-0.13,0.36,0.22,-1.47,-2.11,-0.71,-1.64,-0.01,-0.09,-0.06,0.04,-0.006,0.02,0.0504,0
6.9,5158.0,2122.6,72.2,87.66,89.98,86.84,89.66,780.45,785.3,782.99,785.53,4.77,66.19,12.67,2.99,43.69,0.75,14.11,4.09,LANE_A,18621.0,-22.2,88.7,CRUISE_LOITER,1.0,0,500.0,0.25,0.07,-0.07,0.25,-0.04,-0.19,0.5,0.04,-0.01,-0.09,0.14,0.11,0.028,0.01,0.0398,0
6.95,5157.1,2122.2,72.4,87.62,89.91,86.7,89.68,782.43,786.55,781.65,786.0,4.82,66.09,12.53,2.98,43.63,0.702,14.1,4.08,LANE_A,18622.0,-22.2,88.7,CRUISE_LOITER,1.0,0,500.0,0.21,0.0,-0.21,0.27,1.95,1.07,-0.83,0.52,0.04,-0.19,0.0,0.05,-0.02,0.0,0.0483,0
7.0,5146.8,2118.0,72.3,87.54,89.79,87.09,89.78,780.93,784.59,783.09,785.73,4.78,66.22,12.53,2.98,43.57,0.713,14.09,4.14,LANE_A,18622.0,-22.2,88.7,CRUISE_LOITER,1.0,0,500.0,0.13,-0.12,0.18,0.37,0.45,-0.89,0.61,0.25,0.0,-0.06,0.0,-0.01,-0.009,-0.01,0.0326,0
7.050000000000001,5165.3,2125.6,72.3,87.32,90.14,86.88,89.35,780.35,786.21,784.23,785.92,4.78,66.36,12.49,2.99,43.78,0.737,14.12,4.17,LANE_A,18623.0,-22.2,88.7,CRUISE_LOITER,1.0,0,500.0,-0.08,0.24,-0.02,-0.05,-0.13,0.73,1.75,0.44,0.0,0.09,-0.04,0.2,0.015,0.02,0.041,0
7.1000000000000005,5159.5,2123.3,72.7,87.41,90.07,87.12,89.77,779.83,785.0,781.94,785.15,4.77,66.32,12.5,3.0,43.57,0.737,14.13,4.09,LANE_A,18624.0,-22.2,88.7,CRUISE_LOITER,1.0,0,500.0,0.01,0.17,0.22,0.37,-0.65,-0.48,-0.54,-0.33,-0.01,0.05,-0.03,-0.01,0.015,0.03,0.0338,0
7.15,5142.8,2116.4,72.2,87.74,89.9,86.69,88.94,780.14,784.64,782.53,783.73,4.77,66.22,12.54,2.97,43.44,0.735,14.11,3.91,LANE_A,18625.0,-22.3,88.7,CRUISE_LOITER,1.0,0,500.0,0.34,0.0,-0.21,-0.46,-0.34,-0.84,0.05,-1.75,-0.01,-0.05,0.01,-0.14,0.013,0.01,0.0424,0
7.2,5158.5,2122.8,72.4,87.13,89.74,87.06,89.39,783.26,785.54,781.53,785.85,4.79,66.17,12.35,3.02,43.44,0.702,14.11,4.21,LANE_A,18626.0,-22.3,88.7,CRUISE_LOITER,1.0,0,500.0,-0.27,-0.16,0.16,-0.01,2.78,0.06,-0.95,0.37,0.01,-0.1,-0.18,-0.13,-0.02,0.01,0.0634,0
7.25,5162.5,2124.5,72.3,87.54,89.73,87.08,89.53,781.02,786.25,781.93,783.18,4.75,66.34,12.39,3.0,43.44,0.713,14.14,4.04,LANE_A,18627.0,-22.3,88.7,CRUISE_LOITER,1.0,0,500.0,0.15,-0.16,0.19,0.14,0.54,0.77,-0.55,-2.3,-0.03,0.08,-0.14,-0.13,-0.009,0.04,0.0545,0
7.300000000000001,5157.2,2122.3,72.1,87.5,90.51,86.83,89.15,781.37,784.97,783.97,784.58,4.84,66.11,12.53,2.99,43.55,0.712,14.1,4.0,LANE_A,18628.0,-22.3,88.7,CRUISE_LOITER,1.0,0,500.0,0.11,0.62,-0.06,-0.24,0.89,-0.51,1.49,-0.9,0.06,-0.15,0.0,-0.02,-0.01,0.0,0.0686,0
7.3500000000000005,5152.2,2120.2,71.8,87.32,89.8,87.03,89.25,779.64,785.07,781.59,784.02,4.81,66.24,12.33,3.0,43.44,0.711,14.11,3.8,LANE_A,18629.0,-22.3,88.7,CRUISE_LOITER,1.0,0,500.0,-0.07,-0.09,0.14,-0.14,-0.83,-0.4,-0.88,-1.45,0.03,-0.02,-0.2,-0.13,-0.011,0.01,0.0475,0
7.4,5147.7,2118.4,72.4,87.6,89.82,86.59,89.42,779.73,784.56,781.17,784.6,4.72,66.43,12.58,2.97,43.61,0.715,14.06,3.95,LANE_A,18629.0,-22.3,88.7,CRUISE_LOITER,1.0,0,500.0,0.22,-0.06,-0.29,0.04,-0.74,-0.91,-1.3,-0.87,-0.06,0.17,0.05,0.04,-0.007,-0.04,0.0681,0
7.45,5136.7,2113.9,72.2,87.13,89.55,87.01,89.38,780.7,786.88,781.69,786.46,4.73,66.19,12.54,3.0,43.44,0.717,14.14,3.95,LANE_A,18630.0,-22.3,88.7,CRUISE_LOITER,1.0,0,500.0,-0.25,-0.33,0.13,0.0,0.23,1.41,-0.78,0.99,-0.05,-0.06,0.01,-0.13,-0.005,0.04,0.0582,0
7.5,5157.4,2122.4,72.1,87.52,89.8,87.24,89.67,780.32,786.19,783.49,786.96,4.78,66.06,12.5,3.03,43.56,0.706,14.08,4.02,LANE_A,18631.0,-22.3,88.7,CRUISE_LOITER,1.0,0,500.0,0.14,-0.08,0.36,0.29,-0.15,0.72,1.02,1.49,0.0,-0.19,-0.03,-0.01,-0.016,-0.02,0.0369,0
7.550000000000001,5170.1,2127.6,72.3,87.79,89.63,86.76,89.3,781.27,785.75,783.13,785.33,4.75,66.25,12.41,3.03,43.77,0.716,14.1,4.0,LANE_A,18632.0,-22.3,88.8,CRUISE_LOITER,1.0,0,500.0,0.41,-0.25,-0.12,-0.08,0.8,0.28,0.66,-0.14,-0.03,0.0,-0.12,0.2,-0.006,0.0,0.0379,0
7.6000000000000005,5156.4,2122.0,71.9,87.21,89.99,87.02,89.28,779.42,786.04,780.63,784.84,4.76,66.15,12.47,2.99,43.58,0.741,14.08,4.13,LANE_A,18633.0,-22.3,88.8,CRUISE_LOITER,1.0,0,500.0,-0.16,0.12,0.15,-0.09,-1.05,0.57,-1.84,-0.63,-0.02,-0.1,-0.06,0.02,0.019,-0.02,0.0436,0
7.65,5162.0,2124.3,72.2,87.14,89.56,86.96,89.12,780.78,785.33,784.78,784.52,4.72,66.16,12.41,2.97,43.62,0.738,14.12,4.13,LANE_A,18634.0,-22.3,88.8,CRUISE_LOITER,1.0,0,500.0,-0.23,-0.31,0.09,-0.25,0.31,-0.14,2.31,-0.95,-0.06,-0.08,-0.12,0.06,0.016,0.02,0.0691,0
7.7,5152.8,2120.5,72.1,87.45,89.73,86.83,89.59,781.72,786.6,781.48,785.69,4.74,66.15,12.56,3.04,43.42,0.748,14.1,4.11,LANE_A,18635.0,-22.3,88.8,CRUISE_LOITER,1.0,0,500.0,0.08,-0.14,-0.04,0.22,1.25,1.13,-0.99,0.22,-0.04,-0.09,0.03,-0.14,0.026,0.0,0.0476,0
7.75,5161.7,2124.2,72.3,87.39,89.86,86.81,89.69,780.28,784.15,782.16,787.38,4.74,65.96,12.55,3.01,43.47,0.719,14.09,3.86,LANE_A,18636.0,-22.3,88.8,CRUISE_LOITER,1.0,0,500.0,0.02,-0.01,-0.06,0.32,-0.18,-1.31,-0.3,1.92,-0.04,-0.28,0.02,-0.09,-0.003,-0.01,0.0476,0
7.800000000000001,5159.0,2123.0,72.8,87.26,90.06,86.84,88.89,780.96,785.4,783.29,786.35,4.79,66.23,12.6,2.99,43.57,0.7,14.09,3.87,LANE_A,18636.0,-22.3,88.8,CRUISE_LOITER,1.0,0,500.0,-0.1,0.2,-0.02,-0.47,0.5,-0.06,0.83,0.89,0.01,-0.01,0.07,0.01,-0.022,-0.01,0.0415,0
7.8500000000000005,5158.5,2122.8,72.3,87.34,89.77,86.86,89.57,782.25,784.14,779.96,785.42,4.76,66.26,12.51,3.01,43.52,0.726,14.11,4.02,LANE_A,18637.0,-22.3,88.8,CRUISE_LOITER,1.0,0,500.0,-0.02,-0.09,0.0,0.21,1.79,-1.32,-2.5,-0.04,-0.02,0.03,-0.01,-0.04,0.004,0.01,0.0573,0
7.9,5161.3,2124.0,72.5,87.44,89.51,86.94,89.5,780.11,783.96,782.75,785.19,4.77,66.37,12.46,3.01,43.52,0.723,14.1,4.09,LANE_A,18638.0,-22.3,88.8,CRUISE_LOITER,1.0,0,500.0,0.08,-0.35,0.08,0.14,-0.35,-1.5,0.29,-0.27,-0.01,0.14,-0.06,-0.04,0.001,0.0,0.0352,0
7.95,5184.1,2133.4,72.3,87.37,89.98,86.73,88.98,779.66,784.09,784.53,783.52,4.78,66.32,12.4,3.02,43.56,0.726,14.08,4.02,LANE_A,18639.0,-22.3,88.8,CRUISE_LOITER,1.0,0,500.0,0.02,0.13,-0.12,-0.37,-0.8,-1.37,2.07,-1.94,0.0,0.09,-0.12,0.0,0.004,-0.02,0.05,0
8.0,5166.7,2126.2,72.7,87.37,89.97,87.02,89.5,781.21,783.54,781.67,784.44,4.73,66.12,12.38,3.01,43.67,0.735,14.1,4.15,LANE_A,18640.0,-22.3,88.8,CRUISE_LOITER,1.0,0,500.0,0.02,0.12,0.17,0.15,0.75,-1.92,-0.79,-1.02,-0.05,-0.1,-0.14,0.12,0.013,0.0,0.0582,0
8.05,5146.0,2117.7,72.4,87.54,90.03,86.71,89.29,780.57,785.17,784.37,785.51,4.81,66.34,12.48,3.01,43.4,0.737,14.09,4.19,LANE_A,18641.0,-22.3,88.8,CRUISE_LOITER,1.0,0,500.0,0.19,0.18,-0.14,-0.06,0.11,-0.29,1.91,0.05,0.03,0.12,-0.04,-0.15,0.015,-0.01,0.0447,0
8.1,5163.4,2124.9,72.0,87.25,89.89,86.84,89.3,780.76,785.18,781.4,785.91,4.8,66.36,12.59,3.02,43.56,0.723,14.11,4.07,LANE_A,18642.0,-22.3,88.8,CRUISE_LOITER,1.0,0,500.0,-0.1,0.04,-0.01,-0.05,0.31,-0.27,-1.05,0.46,0.02,0.14,0.07,0.01,0.001,0.01,0.0254,0
8.15,5147.3,2118.2,72.5,87.49,90.05,86.75,89.38,781.04,786.77,782.77,784.63,4.8,66.58,12.44,3.02,43.49,0.748,14.1,4.07,LANE_A,18643.0,-22.3,88.8,CRUISE_LOITER,1.0,0,500.0,0.15,0.21,-0.09,0.04,0.59,1.32,0.32,-0.82,0.02,0.36,-0.08,-0.06,0.026,0.0,0.0382,0
8.200000000000001,5146.3,2117.8,71.9,87.42,90.12,86.79,89.57,780.25,784.51,782.87,785.37,4.78,66.19,12.5,3.02,43.46,0.725,14.13,3.99,LANE_A,18643.0,-22.3,88.8,CRUISE_LOITER,1.0,0,500.0,0.08,0.28,-0.05,0.23,-0.2,-0.94,0.42,-0.08,0.0,-0.02,-0.02,-0.09,0.003,0.03,0.0309,0
8.25,5150.6,2119.6,72.4,87.42,89.61,86.86,89.19,780.14,787.4,782.62,785.94,4.78,66.17,12.51,2.99,43.72,0.705,14.1,4.15,LANE_A,18644.0,-22.3,88.8,CRUISE_LOITER,1.0,0,500.0,0.08,-0.23,0.02,-0.15,-0.31,1.95,0.17,0.49,0.0,-0.04,-0.01,0.17,-0.017,0.0,0.0445,0
8.3,5127.5,2110.1,72.2,87.15,89.71,86.74,89.2,780.39,784.76,782.77,787.04,4.76,66.34,12.55,2.99,43.71,0.735,14.09,4.11,LANE_A,18645.0,-22.3,88.8,CRUISE_LOITER,1.0,0,500.0,-0.18,-0.12,-0.09,-0.13,-0.06,-0.69,0.32,1.59,-0.02,0.13,0.03,0.16,0.013,-0.01,0.0376,0
8.35,5145.5,2117.5,72.2,87.54,89.75,86.82,89.28,780.51,785.09,782.54,787.59,4.75,66.03,12.5,3.0,43.57,0.735,14.14,3.96,LANE_A,18646.0,-22.3,88.8,CRUISE_LOITER,1.0,0,500.0,0.21,-0.08,-0.01,-0.05,0.06,-0.36,0.09,2.14,-0.03,-0.18,-0.02,0.02,0.013,0.04,0.05,0
8.4,5162.4,2124.4,72.2,87.36,90.08,86.66,89.76,780.78,784.24,782.67,787.4,4.77,66.17,12.47,3.01,43.51,0.68,14.1,3.96,LANE_A,18647.0,-22.3,88.8,CRUISE_LOITER,1.0,0,500.0,0.03,0.25,-0.17,0.43,0.33,-1.21,0.22,1.95,-0.01,-0.03,-0.05,-0.04,-0.042,0.0,0.0587,0
8.450000000000001,5155.0,2121.4,72.0,87.24,89.87,86.84,89.16,780.58,784.32,783.35,783.84,4.75,66.2,12.58,2.99,43.61,0.736,14.08,4.27,LANE_A,18648.0,-22.3,88.8,CRUISE_LOITER,1.0,0,500.0,-0.09,0.04,0.01,-0.17,0.13,-1.13,0.9,-1.61,-0.03,0.0,0.06,0.07,0.014,-0.02,0.0392,0
8.5,5173.9,2129.2,72.1,87.13,89.75,86.72,89.34,781.52,786.06,781.11,785.1,4.76,66.32,12.54,3.01,43.79,0.718,14.1,4.1,LANE_A,18649.0,-22.3,88.8,CRUISE_LOITER,1.0,0,500.0,-0.19,-0.07,-0.1,0.02,1.08,0.62,-1.33,-0.34,-0.02,0.12,0.02,0.25,-0.004,0.0,0.0328,0
8.55,5163.1,2124.8,71.9,87.3,89.73,86.85,89.23,781.71,785.27,780.33,782.5,4.79,66.13,12.49,3.03,43.27,0.719,14.1,4.13,LANE_A,18650.0,-22.3,88.9,CRUISE_LOITER,1.0,0,500.0,-0.02,-0.09,0.03,-0.09,1.27,-0.17,-2.11,-2.94,0.01,-0.07,-0.03,-0.27,-0.003,0.0,0.0667,0
8.6,5168.8,2127.1,72.2,87.52,89.74,87.07,89.37,782.65,783.03,782.02,786.38,4.71,66.09,12.52,2.98,43.59,0.713,14.05,4.12,LANE_A,18650.0,-22.3,88.9,CRUISE_LOITER,1.0,0,500.0,0.2,-0.08,0.25,0.05,2.21,-2.41,-0.42,0.94,-0.07,-0.1,0.0,0.05,-0.009,-0.05,0.0804,0
8.65,5133.6,2112.6,72.6,87.54,89.83,86.99,88.79,780.59,786.5,782.34,788.79,4.76,66.38,12.5,3.0,43.34,0.726,14.06,3.8,LANE_A,18651.0,-22.3,88.9,CRUISE_LOITER,1.0,0,500.0,0.23,0.02,0.18,-0.52,0.15,1.06,-0.1,3.35,-0.02,0.19,-0.02,-0.2,0.004,-0.04,0.0757,0
8.700000000000001,5164.5,2125.3,72.2,87.34,89.86,86.78,89.08,780.42,786.8,782.77,786.04,4.82,66.32,12.64,3.03,43.55,0.741,14.11,4.13,LANE_A,18652.0,-22.3,88.9,CRUISE_LOITER,1.0,0,500.0,0.03,0.05,-0.03,-0.23,-0.02,1.36,0.33,0.6,0.04,0.13,0.12,0.01,0.019,0.01,0.0468,0
8.75,5154.6,2121.2,72.2,87.47,89.74,87.08,89.4,780.79,785.98,784.17,786.31,4.75,66.3,12.57,2.99,43.58,0.741,14.14,4.07,LANE_A,18653.0,-22.3,88.9,CRUISE_LOITER,1.0,0,500.0,0.16,-0.07,0.27,0.09,0.35,0.54,1.73,0.87,-0.03,0.11,0.05,0.04,0.019,0.04,0.0428,0
8.8,5136.7,2113.9,72.0,87.48,89.66,87.05,89.4,780.89,784.69,783.85,785.2,4.79,65.82,12.48,2.99,43.31,0.72,14.1,4.2,LANE_A,18654.0,-22.3,88.9,CRUISE_LOITER,1.0,0,500.0,0.17,-0.15,0.24,0.09,0.45,-0.75,1.41,-0.24,0.01,-0.36,-0.04,-0.23,-0.002,0.0,0.0345,0
8.85,5165.1,2125.6,72.1,87.44,89.81,86.85,89.22,781.05,784.27,781.52,785.39,4.78,66.51,12.49,2.99,43.39,0.722,14.1,4.11,LANE_A,18655.0,-22.3,88.9,CRUISE_LOITER,1.0,0,500.0,0.14,0.01,0.05,-0.08,0.62,-1.16,-0.91,-0.04,0.0,0.33,-0.03,-0.14,0.0,0.0,0.0282,0
8.9,5147.9,2118.5,72.4,87.36,89.98,86.86,89.46,780.84,785.45,782.45,786.66,4.83,66.23,12.46,3.0,43.68,0.727,14.06,4.01,LANE_A,18656.0,-22.3,88.9,CRUISE_LOITER,1.0,0,500.0,0.06,0.18,0.06,0.16,0.41,0.02,0.02,1.23,0.05,0.05,-0.06,0.15,0.005,-0.04,0.0571,0
8.950000000000001,5135.9,2113.5,72.4,86.83,89.99,86.55,89.1,779.67,786.1,784.2,787.84,4.8,66.08,12.49,3.0,43.64,0.747,14.08,4.12,LANE_A,18657.0,-22.3,88.9,CRUISE_LOITER,1.0,0,500.0,-0.47,0.19,-0.25,-0.2,-0.76,0.67,1.77,2.41,0.02,-0.1,-0.03,0.11,0.025,-0.02,0.0577,0
9.0,5157.5,2122.4,72.2,87.04,89.64,86.35,89.2,781.46,786.1,782.64,784.8,4.8,66.17,12.32,2.99,43.28,0.712,14.12,4.13,LANE_A,18657.0,-22.3,88.9,CRUISE_LOITER,1.0,0,500.0,-0.25,-0.15,-0.44,-0.09,1.03,0.67,0.21,-0.63,0.02,0.0,-0.2,-0.25,-0.01,0.02,0.0482,0
9.05,5144.6,2117.1,72.2,87.17,89.52,86.71,89.31,779.63,785.35,781.41,786.36,4.74,66.36,12.4,2.99,43.22,0.721,14.13,4.01,LANE_A,18658.0,-22.3,88.9,CRUISE_LOITER,1.0,0,500.0,-0.12,-0.27,-0.08,0.02,-0.8,-0.08,-1.02,0.93,-0.04,0.19,-0.12,-0.31,-0.001,0.03,0.0482,0
9.1,5166.6,2126.2,72.5,87.37,89.74,86.55,89.25,779.56,787.42,781.53,786.97,4.76,65.92,12.55,3.01,43.69,0.722,14.06,4.07,LANE_A,18659.0,-22.3,88.9,CRUISE_LOITER,1.0,0,500.0,0.08,-0.05,-0.24,-0.04,-0.87,1.99,-0.9,1.54,-0.02,-0.25,0.03,0.16,0.0,-0.04,0.0481,0
9.15,5147.0,2118.1,72.1,87.33,90.01,86.73,89.62,781.58,785.03,783.01,785.91,4.77,66.19,12.67,3.0,43.39,0.732,14.06,4.15,LANE_A,18660.0,-22.3,88.9,CRUISE_LOITER,1.0,0,500.0,0.04,0.22,-0.06,0.33,1.15,-0.4,0.58,0.48,-0.01,0.03,0.15,-0.14,0.01,-0.04,0.0417,0
9.200000000000001,5146.4,2117.9,71.9,87.08,90.01,86.96,89.22,777.69,784.83,783.35,786.65,4.82,66.35,12.59,2.98,43.42,0.705,14.11,4.18,LANE_A,18661.0,-22.3,88.9,CRUISE_LOITER,1.0,0,500.0,-0.2,0.23,0.18,-0.06,-2.74,-0.6,0.92,1.22,0.04,0.19,0.07,-0.11,-0.017,0.01,0.0634,0
9.25,5113.5,2104.3,72.3,87.28,90.02,86.76,89.33,780.27,784.22,782.15,786.35,4.77,66.21,12.44,2.99,43.6,0.739,14.1,3.95,LANE_A,18662.0,-22.3,88.9,CRUISE_LOITER,1.0,0,500.0,0.0,0.24,-0.02,0.05,-0.15,-1.2,-0.27,0.93,-0.01,0.05,-0.08,0.08,0.017,0.0,0.0295,0
9.3,5151.6,2120.0,72.2,87.35,89.59,86.95,89.37,778.19,785.89,783.79,788.21,4.82,66.32,12.58,3.03,43.51,0.719,14.09,3.99,LANE_A,18663.0,-22.3,88.9,CRUISE_LOITER,1.0,0,500.0,0.07,-0.19,0.17,0.09,-2.23,0.47,1.37,2.79,0.04,0.16,0.06,-0.01,-0.003,-0.01,0.065,0
9.35,5152.7,2120.4,72.3,87.46,89.73,86.78,89.26,779.49,783.35,782.66,784.81,4.76,66.22,12.4,3.01,43.5,0.718,14.12,4.09,LANE_A,18664.0,-22.3,88.9,CRUISE_LOITER,1.0,0,500.0,0.19,-0.04,0.01,-0.01,-0.93,-2.07,0.24,-0.61,-0.02,0.07,-0.12,-0.02,-0.004,0.02,0.0478,0
9.4,5150.5,2119.5,72.2,87.5,89.97,86.66,89.23,780.2,785.73,784.2,786.27,4.79,65.86,12.52,2.99,43.67,0.748,14.08,4.06,LANE_A,18664.0,-22.3,88.9,CRUISE_LOITER,1.0,0,500.0,0.23,0.2,-0.11,-0.04,-0.22,0.31,1.78,0.85,0.01,-0.29,0.0,0.15,0.026,-0.02,0.0428,0
9.450000000000001,5150.3,2119.4,72.5,87.45,89.65,86.89,89.46,780.97,786.44,784.11,786.83,4.84,66.07,12.55,3.02,43.49,0.743,14.1,4.02,LANE_A,18665.0,-22.3,88.9,CRUISE_LOITER,1.0,0,500.0,0.18,-0.12,0.12,0.19,0.55,1.02,1.69,1.41,0.06,-0.08,0.03,-0.03,0.021,0.0,0.0681,0
9.5,5170.7,2127.9,72.4,86.96,89.71,86.73,89.64,781.13,786.99,781.74,784.92,4.79,65.78,12.65,2.97,43.69,0.703,14.08,3.89,LANE_A,18666.0,-22.3,88.9,CRUISE_LOITER,1.0,0,500.0,-0.31,-0.06,-0.04,0.37,0.71,1.57,-0.68,-0.5,0.01,-0.37,0.13,0.17,-0.019,-0.02,0.0399,0
9.55,5149.3,2119.1,72.5,86.97,89.53,86.9,89.42,782.45,787.05,783.37,785.13,4.81,66.25,12.58,2.98,43.44,0.701,14.08,4.11,LANE_A,18667.0,-22.3,88.9,CRUISE_LOITER,1.0,0,500.0,-0.29,-0.23,0.14,0.16,2.03,1.63,0.95,-0.29,0.03,0.11,0.06,-0.08,-0.021,-0.02,0.0494,0
9.600000000000001,5159.5,2123.3,72.2,87.53,89.86,86.41,89.05,779.2,783.25,781.13,784.27,4.77,65.86,12.47,3.0,43.63,0.704,14.13,4.18,LANE_A,18668.0,-22.3,89.0,CRUISE_LOITER,1.0,0,500.0,0.27,0.1,-0.35,-0.21,-1.21,-2.16,-1.28,-1.14,-0.01,-0.28,-0.05,0.11,-0.018,0.03,0.0522,0
9.65,5169.3,2127.3,72.5,87.14,89.75,87.04,89.6,779.5,785.69,782.13,784.91,4.78,66.07,12.55,2.99,43.63,0.704,14.09,3.93,LANE_A,18669.0,-22.3,89.0,CRUISE_LOITER,1.0,0,500.0,-0.12,-0.01,0.28,0.34,-0.91,0.28,-0.28,-0.5,0.0,-0.07,0.03,0.11,-0.018,-0.01,0.0312,0
9.700000000000001,5127.1,2109.9,72.3,87.21,89.79,87.13,88.87,780.76,786.59,781.78,785.45,4.77,66.24,12.4,2.99,43.4,0.716,14.09,4.09,LANE_A,18670.0,-22.3,89.0,CRUISE_LOITER,1.0,0,500.0,-0.05,0.03,0.37,-0.39,0.35,1.18,-0.63,0.04,-0.01,0.1,-0.12,-0.11,-0.006,-0.01,0.036,0
9.75,5170.3,2127.7,72.6,87.31,89.74,86.39,89.06,781.85,785.13,781.8,784.04,4.8,66.29,12.53,3.0,43.44,0.725,14.1,3.92,LANE_A,18671.0,-22.3,89.0,CRUISE_LOITER,1.0,0,500.0,0.06,-0.01,-0.36,-0.19,1.44,-0.28,-0.61,-1.37,0.02,0.16,0.01,-0.07,0.003,0.0,0.0355,0
9.8,5157.0,2122.2,72.4,87.57,89.73,86.66,89.35,779.81,785.89,782.17,787.92,4.81,66.21,12.64,3.0,43.31,0.723,14.11,3.98,LANE_A,18671.0,-22.3,89.0,CRUISE_LOITER,1.0,0,500.0,0.32,-0.02,-0.09,0.1,-0.6,0.48,-0.24,2.51,0.03,0.08,0.12,-0.2,0.001,0.01,0.0576,0
9.850000000000001,5167.2,2126.4,72.3,87.28,89.57,86.38,89.22,781.11,784.49,781.52,785.05,4.81,66.04,12.48,3.01,43.55,0.721,14.1,4.04,LANE_A,18672.0,-22.3,89.0,CRUISE_LOITER,1.0,0,500.0,0.03,-0.18,-0.37,-0.03,0.7,-0.92,-0.89,-0.36,0.03,-0.09,-0.04,0.04,-0.001,0.0,0.0361,0
9.9,5142.1,2116.1,72.1,87.4,89.84,87.01,89.33,781.13,786.31,782.06,784.37,4.76,66.11,12.4,3.0,43.2,0.736,14.11,4.16,LANE_A,18673.0,-22.3,89.0,CRUISE_LOITER,1.0,0,500.0,0.16,0.1,0.27,0.09,0.72,0.9,-0.35,-1.04,-0.02,-0.02,-0.11,-0.31,0.014,0.01,0.0382,0
9.950000000000001,5160.7,2123.8,71.9,87.3,89.61,86.77,89.3,783.81,786.02,781.78,785.54,4.83,66.18,12.41,3.01,43.58,0.732,14.1,4.02,LANE_A,18674.0,-22.3,89.0,CRUISE_LOITER,1.0,0,500.0,0.06,-0.13,0.03,0.06,3.4,0.61,-0.63,0.13,0.05,0.06,-0.1,0.07,0.01,0.0,0.076,0
10.0,5156.3,2121.9,72.6,87.2,89.78,86.5,89.04,779.15,783.81,781.73,786.99,4.77,66.25,12.55,2.99,43.58,0.744,14.08,4.23,LANE_A,18675.0,-22.3,89.0,CRUISE_LOITER,1.0,3,497.4,-0.04,0.04,-0.24,-0.2,-1.25,-1.59,-0.67,1.59,-0.01,0.13,0.04,0.07,0.022,-0.02,0.0398,0
10.05,5137.7,2114.3,72.8,87.53,89.68,86.62,89.29,780.11,784.01,781.78,785.14,4.76,66.27,12.45,3.0,43.45,0.748,14.1,4.01,LANE_A,18676.0,-22.4,89.0,CRUISE_LOITER,0.99,3,494.8,0.29,-0.06,-0.12,0.05,-0.29,-1.39,-0.62,-0.26,-0.02,0.15,-0.06,-0.06,0.026,0.0,0.0376,0
10.100000000000001,5152.6,2120.4,72.0,87.17,90.05,86.97,89.43,780.43,783.67,781.64,784.71,4.79,66.45,12.49,3.01,43.56,0.749,14.07,4.07,LANE_A,18677.0,-22.4,89.0,CRUISE_LOITER,0.99,3,492.1,-0.06,0.32,0.24,0.2,0.03,-1.73,-0.76,-0.69,0.01,0.33,-0.02,0.06,0.027,-0.03,0.0427,0
10.15,5147.5,2118.3,72.3,87.3,89.76,86.68,89.24,778.46,780.16,783.61,784.46,4.74,65.89,12.47,3.01,43.66,0.778,14.07,4.04,LANE_A,18678.0,-22.4,89.0,CRUISE_LOITER,0.99,3,489.5,0.07,0.03,-0.05,0.01,-1.94,-5.24,1.21,-0.94,-0.04,-0.22,-0.04,0.16,0.056,-0.03,0.1152,0
10.200000000000001,5134.0,2112.8,72.1,87.6,89.63,86.7,89.07,781.21,780.49,785.18,785.87,4.8,65.79,12.42,3.0,43.29,0.754,14.09,4.09,LANE_A,18678.0,-22.4,89.0,CRUISE_LOITER,0.98,3,486.9,0.37,-0.1,-0.03,-0.16,0.81,-4.91,2.78,0.47,0.02,-0.32,-0.09,-0.21,0.032,-0.01,0.1078,0
10.25,5157.3,2122.3,72.3,87.2,90.12,86.55,88.92,780.76,783.41,781.75,786.13,4.74,66.15,12.44,2.99,43.48,0.78,14.1,4.13,LANE_A,18679.0,-22.4,89.0,CRUISE_LOITER,0.98,3,484.3,-0.02,0.4,-0.17,-0.3,0.36,-1.99,-0.65,0.73,-0.04,0.04,-0.07,-0.02,0.058,0.0,0.0788,0
10.3,5155.4,2121.6,72.5,87.33,89.52,86.66,89.23,780.97,778.19,781.66,785.15,4.73,66.06,12.52,3.0,43.38,0.785,14.1,4.0,LANE_A,18680.0,-22.4,89.0,CRUISE_LOITER,0.98,3,481.6,0.11,-0.2,-0.06,0.01,0.57,-7.21,-0.74,-0.25,-0.05,-0.05,0.01,-0.12,0.063,0.0,0.152,0
10.350000000000001,5151.5,2120.0,72.3,87.21,89.86,86.57,89.26,778.12,780.89,780.85,786.13,4.76,65.96,12.42,2.96,43.52,0.792,14.09,4.02,LANE_A,18681.0,-22.4,89.0,CRUISE_LOITER,0.97,3,479.0,-0.01,0.14,-0.15,0.04,-2.28,-4.51,-1.55,0.73,-0.02,-0.14,-0.09,0.02,0.07,-0.01,0.102,0
10.4,5150.9,2119.7,72.3,87.24,89.62,86.44,89.34,779.52,775.86,780.05,784.4,4.79,66.12,12.38,2.97,43.46,0.813,14.11,4.07,LANE_A,18682.0,-22.4,89.0,CRUISE_LOITER,0.97,3,476.4,0.02,-0.1,-0.28,0.12,-0.87,-9.53,-2.34,-0.99,0.01,0.02,-0.13,-0.04,0.091,0.01,0.1959,0
10.450000000000001,5168.6,2127.0,72.1,87.44,89.9,87.01,89.23,780.47,779.14,782.22,785.74,4.77,66.26,12.67,3.03,43.44,0.773,14.09,3.99,LANE_A,18683.0,-22.4,89.0,CRUISE_LOITER,0.97,3,473.8,0.23,0.19,0.3,0.02,0.08,-6.25,-0.17,0.35,-0.01,0.16,0.16,-0.06,0.051,-0.01,0.1329,0
10.5,5152.6,2120.4,72.4,86.96,89.81,86.96,88.98,777.89,776.56,781.3,785.06,4.76,66.05,12.45,3.0,43.51,0.808,14.09,4.2,LANE_A,18684.0,-22.4,89.0,CRUISE_LOITER,0.96,3,471.1,-0.25,0.1,0.25,-0.23,-2.5,-8.83,-1.09,-0.33,-0.02,-0.04,-0.06,0.02,0.086,-0.01,0.1833,0
10.55,5111.5,2103.5,73.1,87.2,89.73,86.73,89.3,779.71,776.16,785.71,784.75,4.8,66.32,12.69,3.0,43.54,0.848,14.09,4.23,LANE_A,18685.0,-22.4,89.0,CRUISE_LOITER,0.96,3,468.5,-0.01,0.02,0.02,0.09,-0.68,-9.23,3.32,-0.64,0.02,0.23,0.18,0.05,0.126,-0.01,0.1938,0
10.600000000000001,5132.1,2112.0,72.2,87.63,89.46,86.86,89.22,780.49,776.36,782.47,784.19,4.8,66.02,12.33,3.0,43.46,0.83,14.09,4.26,LANE_A,18685.0,-22.4,89.1,CRUISE_LOITER,0.96,3,465.9,0.43,-0.24,0.16,0.02,0.1,-9.03,0.08,-1.2,0.02,-0.07,-0.18,-0.03,0.108,-0.01,0.1882,0
10.65,5167.5,2126.5,72.4,87.2,89.31,86.95,89.15,780.72,775.64,782.95,784.42,4.76,66.12,12.52,2.98,43.4,0.864,14.1,3.99,LANE_A,18686.0,-22.4,89.1,CRUISE_LOITER,0.95,3,463.3,0.0,-0.39,0.25,-0.05,0.33,-9.75,0.56,-0.97,-0.02,0.03,0.01,-0.09,0.142,0.0,0.2031,0
10.700000000000001,5153.2,2120.7,72.5,87.57,89.52,87.02,88.88,780.53,773.03,781.77,785.32,4.78,66.2,12.46,2.99,43.69,0.86,14.13,4.06,LANE_A,18687.0,-22.4,89.1,CRUISE_LOITER,0.95,3,460.6,0.37,-0.18,0.32,-0.32,0.14,-12.36,-0.62,-0.07,0.0,0.12,-0.05,0.2,0.138,0.03,0.2469,0
10.75,5161.3,2124.0,72.0,87.03,89.6,87.04,88.99,780.96,771.13,784.72,787.18,4.8,66.13,12.59,2.98,43.41,0.851,14.12,4.01,LANE_A,18688.0,-22.4,89.1,CRUISE_LOITER,0.95,3,458.0,-0.17,-0.1,0.34,-0.21,0.58,-14.25,2.34,1.8,0.02,0.05,0.08,-0.08,0.129,0.02,0.2772,0
10.8,5150.7,2119.6,72.5,87.37,89.63,86.75,89.01,780.5,771.5,781.28,782.99,4.78,66.27,12.55,3.0,43.46,0.889,14.1,3.95,LANE_A,18689.0,-22.4,89.1,CRUISE_LOITER,0.94,3,455.4,0.18,-0.06,0.06,-0.18,0.12,-13.88,-1.1,-2.39,0.0,0.19,0.04,-0.03,0.167,0.0,0.2734,0
10.850000000000001,5146.0,2117.7,72.1,87.52,89.67,86.43,89.07,780.23,769.97,784.36,787.39,4.73,65.98,12.47,3.03,43.33,0.894,14.13,4.11,LANE_A,18690.0,-22.4,89.1,CRUISE_LOITER,0.94,3,452.8,0.33,-0.02,-0.26,-0.12,-0.15,-15.41,1.98,2.01,-0.05,-0.1,-0.04,-0.16,0.172,0.03,0.2981,0
10.9,5129.0,2110.7,72.1,87.26,89.49,86.85,89.05,779.58,769.89,782.22,785.79,4.78,65.96,12.43,3.0,43.29,0.912,14.08,4.06,LANE_A,18691.0,-22.4,89.1,CRUISE_LOITER,0.93,3,450.1,0.07,-0.2,0.16,-0.14,-0.8,-15.49,-0.16,0.41,0.0,-0.11,-0.08,-0.2,0.19,-0.02,0.2998,0
10.950000000000001,5151.7,2120.0,73.0,87.38,89.51,86.87,88.96,781.34,770.24,782.26,785.96,4.79,65.87,12.52,2.99,43.46,0.894,14.13,4.05,LANE_A,18692.0,-22.4,89.1,CRUISE_LOITER,0.93,3,447.5,0.19,-0.18,0.18,-0.23,0.96,-15.14,-0.12,0.58,0.01,-0.2,0.01,-0.02,0.172,0.03,0.2933,0
11.0,5121.8,2107.7,72.2,86.79,89.69,86.58,89.01,779.74,768.49,782.22,784.66,4.75,65.77,12.51,2.98,43.74,0.926,14.14,4.08,LANE_A,18692.0,-22.4,89.1,CRUISE_LOITER,0.93,3,444.9,-0.39,0.01,-0.1,-0.17,-0.64,-16.89,-0.16,-0.72,-0.03,-0.3,0.0,0.26,0.204,0.04,0.322,0
11.05,5139.9,2115.2,72.2,87.14,89.73,86.86,89.08,779.62,767.91,783.38,784.73,4.74,66.09,12.5,3.04,43.44,0.934,14.1,4.07,LANE_A,18693.0,-22.4,89.1,CRUISE_LOITER,0.92,3,442.2,-0.04,0.05,0.18,-0.1,-0.76,-17.47,1.0,-0.65,-0.04,0.02,-0.01,-0.04,0.212,0.0,0.3308,0
11.100000000000001,5133.3,2112.5,72.5,87.11,89.58,86.56,89.2,780.81,766.26,782.54,787.02,4.74,65.88,12.45,3.01,43.59,0.938,14.11,4.01,LANE_A,18694.0,-22.4,89.1,CRUISE_LOITER,0.92,3,439.6,-0.07,-0.1,-0.12,0.02,0.43,-19.12,0.16,1.64,-0.04,-0.18,-0.06,0.11,0.216,0.01,0.3548,0
11.15,5188.4,2135.1,72.3,87.24,89.84,86.53,88.7,779.56,765.94,784.13,784.25,4.72,66.15,12.5,2.99,43.36,0.943,14.13,4.15,LANE_A,18695.0,-22.4,89.1,CRUISE_LOITER,0.92,3,437.0,0.07,0.17,-0.14,-0.47,-0.81,-19.43,1.76,-1.12,-0.06,0.09,-0.01,-0.12,0.221,0.03,0.3599,0
11.200000000000001,5115.8,2105.3,72.6,86.97,90.08,86.78,88.92,780.53,766.49,782.49,783.91,4.77,66.13,12.35,2.98,43.49,0.934,14.1,3.79,LANE_A,18696.0,-22.4,89.1,CRUISE_LOITER,0.91,3,434.4,-0.2,0.41,0.11,-0.25,0.16,-18.88,0.12,-1.46,-0.01,0.07,-0.16,0.01,0.212,0.0,0.3512,0
11.25,5124.1,2108.7,72.5,87.18,89.8,86.38,89.34,781.81,763.8,782.52,786.12,4.83,66.28,12.61,2.98,43.52,0.992,14.11,3.88,LANE_A,18697.0,-22.4,89.1,CRUISE_LOITER,0.91,3,431.8,0.01,0.13,-0.29,0.17,1.44,-21.57,0.15,0.75,0.05,0.22,0.1,0.04,0.27,0.01,0.3916,0
11.3,5109.6,2102.7,72.1,87.15,89.53,86.32,88.94,780.27,765.8,781.57,785.17,4.84,65.96,12.47,2.98,43.43,0.984,14.1,3.95,LANE_A,18698.0,-22.4,89.1,CRUISE_LOITER,0.91,3,429.1,-0.02,-0.14,-0.35,-0.23,-0.1,-19.57,-0.8,-0.2,0.06,-0.09,-0.04,-0.05,0.262,0.0,0.3641,0
11.350000000000001,5161.9,2124.2,72.5,87.38,89.33,86.83,89.01,779.62,765.14,782.79,786.99,4.82,65.99,12.51,2.98,43.39,0.992,14.07,4.07,LANE_A,18699.0,-22.4,89.1,CRUISE_LOITER,0.9,3,426.5,0.22,-0.33,0.17,-0.15,-0.75,-20.23,0.42,1.62,0.04,-0.06,0.0,-0.08,0.27,-0.03,0.3737,0
11.4,5116.9,2105.7,72.3,87.25,89.77,86.83,89.25,781.62,763.22,781.84,784.95,4.79,65.76,12.55,3.02,43.48,0.992,14.1,3.97,LANE_A,18699.0,-22.4,89.1,CRUISE_LOITER,0.9,3,423.9,0.09,0.11,0.17,0.09,1.25,-22.15,-0.53,-0.42,0.01,-0.29,0.04,0.01,0.27,0.0,0.399,0
11.450000000000001,5099.2,2098.4,72.4,86.97,89.77,86.86,89.24,781.85,760.91,782.44,785.12,4.81,65.91,12.53,3.0,43.26,0.975,14.09,4.16,LANE_A,18700.0,-22.4,89.1,CRUISE_LOITER,0.9,3,421.2,-0.19,0.11,0.2,0.08,1.48,-24.46,0.07,-0.25,0.03,-0.14,0.02,-0.21,0.253,-0.01,0.4277,0
11.5,5156.6,2122.1,72.3,87.5,89.67,86.81,89.13,780.34,760.36,784.57,784.39,4.8,66.15,12.62,3.02,43.24,1.004,14.09,3.87,LANE_A,18701.0,-22.4,89.1,CRUISE_LOITER,0.89,3,418.6,0.35,0.02,0.16,-0.02,-0.02,-25.0,2.21,-0.97,0.02,0.11,0.11,-0.23,0.282,-0.01,0.436,0
11.55,5111.4,2103.5,72.6,87.12,89.79,86.45,89.15,779.79,760.69,782.5,786.07,4.79,66.4,12.5,3.03,43.39,1.011,14.11,4.18,LANE_A,18702.0,-22.4,89.1,CRUISE_LOITER,0.89,3,416.0,-0.03,0.14,-0.2,0.0,-0.57,-24.67,0.14,0.71,0.01,0.36,-0.01,-0.08,0.289,0.01,0.4321,0
11.600000000000001,5139.3,2114.9,72.4,87.47,89.65,86.46,89.2,781.11,759.15,783.81,785.43,4.78,65.99,12.38,3.01,43.42,1.041,14.07,4.01,LANE_A,18703.0,-22.4,89.1,CRUISE_LOITER,0.89,3,413.4,0.32,0.0,-0.19,0.05,0.75,-26.21,1.45,0.07,0.0,-0.05,-0.13,-0.05,0.319,-0.03,0.4526,0
11.65,5139.2,2114.9,72.4,87.06,89.66,86.86,89.14,779.75,758.75,783.74,783.04,4.78,66.07,12.52,2.98,43.46,1.058,14.14,4.11,LANE_A,18704.0,-22.4,89.2,CRUISE_LOITER,0.88,3,410.8,-0.09,0.01,0.21,-0.01,-0.61,-26.61,1.38,-2.32,0.0,0.03,0.01,-0.01,0.336,0.04,0.4583,0
11.700000000000001,5122.1,2107.9,72.5,87.43,89.77,86.67,89.13,780.72,756.75,783.46,787.24,4.77,65.97,12.46,2.97,43.57,1.031,14.12,4.11,LANE_A,18705.0,-22.4,89.2,CRUISE_LOITER,0.88,3,408.1,0.29,0.13,0.03,-0.01,0.36,-28.61,1.1,1.88,-0.01,-0.06,-0.05,0.1,0.309,0.02,0.48,0
11.75,5152.7,2120.5,72.3,87.23,89.44,86.5,89.14,781.35,756.02,782.01,784.24,4.81,65.86,12.64,2.96,43.53,1.048,14.11,4.1,LANE_A,18706.0,-22.4,89.2,CRUISE_LOITER,0.88,3,405.5,0.09,-0.2,-0.14,0.0,0.99,-29.34,-0.35,-1.12,0.03,-0.17,0.13,0.07,0.326,0.01,0.489,0
11.8,5103.8,2100.3,72.4,86.98,89.74,86.74,89.07,780.3,756.33,781.22,784.67,4.79,65.76,12.48,3.0,43.47,1.089,14.08,4.06,LANE_A,18706.0,-22.4,89.2,CRUISE_LOITER,0.87,3,402.9,-0.16,0.1,0.1,-0.07,-0.06,-29.03,-1.14,-0.69,0.01,-0.27,-0.03,0.01,0.367,-0.02,0.4875,0
11.850000000000001,5143.9,2116.8,72.1,87.21,89.39,86.32,89.36,782.1,753.13,783.01,784.41,4.74,66.06,12.45,2.99,43.33,1.075,14.1,4.1,LANE_A,18707.0,-22.4,89.2,CRUISE_LOITER,0.87,3,400.2,0.08,-0.24,-0.31,0.23,1.74,-32.23,0.65,-0.95,-0.04,0.04,-0.06,-0.13,0.353,0.0,0.5215,0
11.9,5098.6,2098.2,72.2,86.99,89.49,86.09,89.31,779.34,756.67,782.04,783.75,4.81,65.96,12.51,2.99,43.37,1.105,14.1,3.92,LANE_A,18708.0,-22.4,89.2,CRUISE_LOITER,0.87,3,397.6,-0.14,-0.14,-0.54,0.18,-1.01,-28.68,-0.31,-1.6,0.03,-0.06,0.01,-0.09,0.383,0.0,0.4846,0
11.950000000000001,5133.4,2112.5,72.4,87.28,89.6,86.84,88.86,779.91,751.58,781.11,785.0,4.79,66.18,12.38,3.03,43.52,1.077,14.1,3.96,LANE_A,18709.0,-22.4,89.2,CRUISE_LOITER,0.86,3,395.0,0.15,-0.03,0.21,-0.27,-0.44,-33.77,-1.24,-0.35,0.01,0.16,-0.12,0.06,0.355,0.0,0.5373,0
12.0,5125.9,2109.4,72.3,87.08,89.6,86.76,89.24,780.97,752.8,782.35,786.99,4.8,66.19,12.47,2.98,43.34,1.09,14.12,3.9,LANE_A,18710.0,-22.4,89.2,CRUISE_LOITER,0.86,3,392.4,-0.05,-0.03,0.13,0.11,0.62,-32.55,0.0,1.64,0.02,0.17,-0.03,-0.12,0.368,0.02,0.5254,0
12.05,5120.5,2107.2,72.1,87.11,89.59,86.72,89.19,779.84,754.07,784.88,785.67,4.75,66.15,12.34,2.99,43.68,1.111,14.09,4.25,LANE_A,18711.0,-22.4,89.2,CRUISE_LOITER,0.86,3,389.8,-0.01,-0.03,0.1,0.07,-0.51,-31.28,2.53,0.32,-0.03,0.14,-0.16,0.22,0.389,-0.01,0.5132,0
12.100000000000001,5168.8,2127.1,72.5,86.75,89.54,86.9,89.11,780.83,751.16,782.83,783.91,4.82,65.94,12.49,2.99,43.54,1.113,14.08,4.01,LANE_A,18712.0,-22.4,89.2,CRUISE_LOITER,0.85,3,387.1,-0.37,-0.08,0.28,-0.01,0.48,-34.19,0.48,-1.44,0.04,-0.07,-0.01,0.08,0.391,-0.02,0.5432,0
12.15,5083.0,2091.8,72.5,87.13,90.13,86.51,88.89,780.09,749.9,782.08,787.82,4.79,65.83,12.44,2.99,43.52,1.104,14.08,3.96,LANE_A,18712.0,-22.4,89.2,CRUISE_LOITER,0.85,3,384.5,0.01,0.51,-0.11,-0.23,-0.26,-35.45,-0.27,2.47,0.01,-0.18,-0.06,0.07,0.382,-0.02,0.5552,0
12.200000000000001,5092.9,2095.8,72.4,87.06,89.74,86.56,89.32,780.38,750.22,783.54,786.24,4.78,65.97,12.48,3.02,43.33,1.126,14.1,4.0,LANE_A,18713.0,-22.4,89.2,CRUISE_LOITER,0.85,3,381.9,-0.06,0.12,-0.06,0.2,0.03,-35.13,1.19,0.89,0.0,-0.04,-0.02,-0.12,0.404,0.0,0.5529,0
12.25,5128.4,2110.5,72.5,86.74,89.78,86.75,89.05,780.63,749.89,782.57,783.77,4.79,66.13,12.6,3.01,43.38,1.168,14.08,4.02,LANE_A,18714.0,-22.4,89.2,CRUISE_LOITER,0.84,3,379.3,-0.37,0.17,0.14,-0.06,0.29,-35.45,0.23,-1.57,0.01,0.13,0.1,-0.07,0.446,-0.02,0.5579,0
12.3,5136.9,2114.0,72.3,87.09,89.74,86.58,89.17,781.34,749.2,782.48,785.5,4.75,66.07,12.51,3.0,43.65,1.142,14.11,4.22,LANE_A,18715.0,-22.4,89.2,CRUISE_LOITER,0.84,3,376.6,-0.02,0.13,-0.03,0.06,1.0,-36.14,0.14,0.16,-0.03,0.07,0.01,0.2,0.42,0.01,0.5633,0
12.350000000000001,5063.9,2083.9,72.5,87.09,89.79,86.97,89.11,779.84,748.12,782.11,782.51,4.75,66.03,12.6,3.01,43.64,1.167,14.11,4.1,LANE_A,18716.0,-22.4,89.2,CRUISE_LOITER,0.83,3,374.0,-0.02,0.18,0.36,0.0,-0.5,-37.22,-0.23,-2.83,-0.03,0.03,0.1,0.19,0.445,0.01,0.5746,0
12.4,5109.6,2102.7,72.2,87.27,89.8,86.68,89.07,779.17,746.45,784.37,785.42,4.81,65.97,12.46,2.96,43.41,1.142,14.12,3.97,LANE_A,18717.0,-22.4,89.2,CRUISE_LOITER,0.83,3,371.4,0.17,0.2,0.08,-0.03,-1.17,-38.89,2.03,0.08,0.03,-0.03,-0.04,-0.04,0.42,0.02,0.5888,0
12.450000000000001,5165.8,2125.8,72.6,87.2,89.71,87.05,89.08,779.29,745.97,783.61,784.12,4.78,65.92,12.42,2.99,43.33,1.16,14.08,4.04,LANE_A,18718.0,-22.4,89.2,CRUISE_LOITER,0.83,3,368.8,0.1,0.11,0.45,-0.02,-1.05,-39.37,1.27,-1.22,0.0,-0.07,-0.08,-0.12,0.438,-0.02,0.5938,0
12.5,5108.0,2102.1,72.8,86.71,89.82,86.55,89.42,779.51,745.92,783.18,786.37,4.78,65.99,12.6,3.0,43.3,1.157,14.11,4.01,LANE_A,18719.0,-22.4,89.2,CRUISE_LOITER,0.82,3,366.1,-0.39,0.22,-0.05,0.32,-0.83,-39.42,0.84,1.03,0.0,0.0,0.1,-0.15,0.435,0.01,0.5941,0
12.55,5087.4,2093.6,72.6,86.89,89.88,87.05,88.91,780.75,744.46,783.23,785.57,4.76,66.13,12.58,3.01,43.4,1.188,14.09,3.88,LANE_A,18719.0,-22.4,89.2,CRUISE_LOITER,0.82,3,363.5,-0.21,0.28,0.45,-0.19,0.41,-40.88,0.89,0.23,-0.02,0.14,0.08,-0.05,0.466,-0.01,0.608,0
12.600000000000001,5166.6,2126.2,72.5,86.97,89.62,86.59,89.1,779.93,742.1,784.79,786.06,4.77,66.16,12.57,2.96,43.45,1.195,14.11,3.99,LANE_A,18720.0,-22.4,89.2,CRUISE_LOITER,0.82,3,360.9,-0.12,0.03,0.0,0.01,-0.41,-43.24,2.45,0.72,-0.01,0.17,0.07,0.01,0.473,0.01,0.6279,0
12.65,5175.6,2129.9,72.0,87.19,89.69,86.56,88.98,780.47,741.2,782.39,783.27,4.78,66.06,12.35,3.03,43.7,1.209,14.1,4.2,LANE_A,18721.0,-22.4,89.3,CRUISE_LOITER,0.81,3,358.2,0.1,0.1,-0.03,-0.11,0.14,-44.13,0.06,-2.06,0.0,0.08,-0.15,0.26,0.487,0.0,0.6355,0
12.700000000000001,5158.2,2122.7,72.3,87.16,89.55,86.58,88.97,777.76,743.48,780.68,784.47,4.83,66.22,12.55,3.01,43.57,1.211,14.14,4.19,LANE_A,18722.0,-22.4,89.3,CRUISE_LOITER,0.81,3,355.6,0.07,-0.04,-0.01,-0.12,-2.57,-41.85,-1.65,-0.86,0.05,0.24,0.05,0.13,0.489,0.04,0.6171,0
12.75,5114.3,2104.7,72.6,87.04,89.67,86.59,89.27,780.51,740.08,781.93,785.36,4.81,65.92,12.45,3.02,43.47,1.208,14.13,4.11,LANE_A,18723.0,-22.4,89.3,CRUISE_LOITER,0.81,3,353.0,-0.04,0.09,0.01,0.19,0.18,-45.25,-0.4,0.03,0.03,-0.06,-0.05,0.03,0.486,0.03,0.6443,0
12.8,5145.2,2117.4,72.4,86.91,89.84,86.84,88.85,781.26,740.42,781.21,784.21,4.76,66.0,12.48,2.98,43.18,1.232,14.1,4.09,LANE_A,18724.0,-22.4,89.3,CRUISE_LOITER,0.8,3,350.4,-0.17,0.26,0.26,-0.23,0.93,-44.91,-1.12,-1.12,-0.02,0.02,-0.02,-0.26,0.51,0.0,0.6425,0
12.850000000000001,5077.4,2089.5,72.6,87.12,89.65,86.49,89.24,779.97,739.78,782.38,785.02,4.75,65.76,12.53,3.0,43.34,1.245,14.11,4.16,LANE_A,18725.0,-22.4,89.3,CRUISE_LOITER,0.8,3,347.8,0.04,0.07,-0.09,0.16,-0.36,-45.55,0.05,-0.31,-0.03,-0.21,0.03,-0.1,0.523,0.01,0.6478,0
12.9,5139.0,2114.8,72.2,87.23,89.63,86.56,89.23,782.25,738.73,779.48,785.18,4.82,65.83,12.56,3.02,43.14,1.229,14.07,4.08,LANE_A,18726.0,-22.5,89.3,CRUISE_LOITER,0.8,3,345.1,0.15,0.05,-0.02,0.15,1.92,-46.6,-2.85,-0.15,0.04,-0.14,0.06,-0.3,0.507,-0.03,0.6554,1
12.950000000000001,5138.8,2114.7,72.4,86.99,89.98,86.6,88.92,780.76,738.23,783.31,784.11,4.82,65.74,12.46,2.98,43.55,1.257,14.09,4.02,LANE_A,18726.0,-22.5,89.3,CRUISE_LOITER,0.79,3,342.5,-0.08,0.41,0.03,-0.15,0.43,-47.1,0.98,-1.22,0.04,-0.23,-0.04,0.11,0.535,-0.01,0.6599,1
13.0,5057.9,2081.4,72.3,87.11,89.52,86.48,89.14,779.61,740.0,780.78,785.52,4.81,65.98,12.41,2.99,43.37,1.247,14.09,3.96,LANE_A,18727.0,-22.5,89.3,CRUISE_LOITER,0.79,3,339.9,0.04,-0.05,-0.09,0.07,-0.72,-45.33,-1.55,0.19,0.03,0.01,-0.09,-0.06,0.525,-0.01,0.6462,0
13.05,5173.6,2129.1,72.4,86.99,89.88,86.55,89.19,782.41,735.68,781.23,784.75,4.76,66.1,12.56,2.99,43.41,1.291,14.08,4.17,LANE_A,18728.0,-22.5,89.3,CRUISE_LOITER,0.79,3,337.2,-0.08,0.31,-0.02,0.12,2.09,-49.64,-1.09,-0.57,-0.02,0.14,0.06,-0.02,0.569,-0.02,0.6793,1
13.100000000000001,5148.1,2118.6,72.4,87.13,89.51,86.35,89.08,778.49,734.76,782.88,784.27,4.71,65.84,12.45,2.97,43.58,1.293,14.11,3.97,LANE_A,18729.0,-22.5,89.3,CRUISE_LOITER,0.78,3,334.6,0.07,-0.05,-0.21,0.02,-1.83,-50.56,0.56,-1.05,-0.07,-0.12,-0.05,0.15,0.571,0.01,0.6858,1
13.15,5164.0,2125.1,72.5,87.2,89.45,86.57,89.15,778.1,734.6,782.03,783.35,4.78,66.01,12.46,3.03,43.52,1.309,14.13,4.13,LANE_A,18730.0,-22.5,89.3,CRUISE_LOITER,0.78,3,332.0,0.14,-0.11,0.01,0.09,-2.22,-50.72,-0.29,-1.97,0.0,0.05,-0.04,0.09,0.587,0.03,0.6873,1
13.200000000000001,5049.1,2077.8,72.7,87.27,89.63,86.53,88.85,781.86,733.87,782.34,785.06,4.78,65.82,12.48,3.01,43.45,1.311,14.11,4.02,LANE_A,18731.0,-22.5,89.3,CRUISE_LOITER,0.78,3,329.4,0.21,0.07,-0.03,-0.21,1.54,-51.45,0.02,-0.26,0.0,-0.14,-0.02,0.02,0.589,0.01,0.6923,1
13.25,5176.3,2130.2,72.8,87.27,89.49,86.48,89.02,777.81,733.01,783.28,785.42,4.78,65.59,12.44,2.98,43.5,1.313,14.12,4.05,LANE_A,18732.0,-22.5,89.3,CRUISE_LOITER,0.77,3,326.8,0.21,-0.07,-0.08,-0.04,-2.51,-52.31,0.96,0.1,0.0,-0.36,-0.06,0.07,0.591,0.02,0.6981,1
13.3,5100.1,2098.8,72.4,87.26,89.43,86.59,89.18,781.16,731.88,784.25,786.45,4.81,66.09,12.57,2.99,43.46,1.347,14.1,4.11,LANE_A,18733.0,-22.5,89.3,CRUISE_LOITER,0.77,3,324.1,0.21,-0.12,0.04,0.13,0.84,-53.44,1.93,1.13,0.03,0.14,0.07,0.03,0.625,0.0,0.7064,1
13.350000000000001,5140.1,2115.3,72.9,86.89,89.58,86.69,89.31,780.12,730.62,782.4,785.13,4.76,66.16,12.54,2.99,43.54,1.355,14.11,4.25,LANE_A,18733.0,-22.5,89.3,CRUISE_LOITER,0.77,3,321.5,-0.16,0.03,0.14,0.26,-0.2,-54.7,0.08,-0.19,-0.02,0.21,0.04,0.11,0.633,0.01,0.7145,1
13.4,5063.5,2083.7,72.4,86.62,89.18,86.8,88.78,778.52,732.07,782.34,786.04,4.77,66.0,12.59,2.99,43.34,1.364,14.11,4.04,LANE_A,18734.0,-22.5,89.3,CRUISE_LOITER,0.76,3,318.9,-0.43,-0.37,0.25,-0.27,-1.79,-53.24,0.03,0.73,-0.01,0.06,0.09,-0.08,0.642,0.01,0.7056,1
13.450000000000001,5185.2,2133.8,72.2,87.19,89.45,86.4,88.81,780.26,729.91,782.56,786.79,4.78,66.02,12.53,2.95,43.39,1.32,14.1,3.91,LANE_A,18735.0,-22.5,89.3,CRUISE_LOITER,0.76,3,316.2,0.14,-0.1,-0.15,-0.24,-0.05,-55.4,0.25,1.48,0.0,0.08,0.03,-0.03,0.598,0.0,0.7179,1
13.5,5105.9,2101.2,72.3,87.35,89.09,86.53,88.99,780.77,730.41,781.47,785.97,4.77,66.3,12.46,3.02,43.64,1.365,14.09,4.08,LANE_A,18736.0,-22.5,89.3,CRUISE_LOITER,0.76,3,313.6,0.31,-0.45,-0.01,-0.05,0.46,-54.9,-0.84,0.66,-0.01,0.36,-0.04,0.22,0.643,-0.01,0.7161,1
13.55,5097.0,2097.5,72.4,87.22,89.25,86.61,88.94,778.4,729.52,781.61,786.26,4.76,66.3,12.5,3.04,43.25,1.361,14.08,4.1,LANE_A,18737.0,-22.5,89.3,CRUISE_LOITER,0.75,3,311.0,0.18,-0.29,0.07,-0.1,-1.91,-55.79,-0.7,0.95,-0.02,0.36,0.0,-0.17,0.639,-0.02,0.7214,1
13.600000000000001,5048.8,2077.7,72.4,86.88,89.65,86.44,88.91,778.79,726.7,782.58,785.64,4.8,65.69,12.36,3.0,43.35,1.401,14.08,3.98,LANE_A,18738.0,-22.5,89.3,CRUISE_LOITER,0.75,3,308.4,-0.16,0.11,-0.1,-0.13,-1.52,-58.61,0.27,0.33,0.02,-0.24,-0.14,-0.07,0.679,-0.02,0.739,1
13.65,5129.1,2110.7,72.6,87.08,89.31,86.59,89.18,779.94,728.22,779.9,786.04,4.79,65.94,12.49,3.01,43.32,1.423,14.08,4.13,LANE_A,18739.0,-22.5,89.3,CRUISE_LOITER,0.75,3,305.8,0.05,-0.22,0.06,0.15,-0.37,-57.09,-2.41,0.73,0.01,0.01,-0.01,-0.1,0.701,-0.02,0.7308,1
13.700000000000001,5159.0,2123.0,72.7,87.02,89.63,86.41,88.75,780.3,726.0,783.3,784.7,4.75,66.01,12.57,2.97,43.34,1.417,14.11,4.15,LANE_A,18740.0,-22.5,89.4,CRUISE_LOITER,0.74,3,303.1,-0.01,0.1,-0.12,-0.28,-0.01,-59.31,0.99,-0.61,-0.03,0.08,0.07,-0.08,0.695,0.01,0.7434,1
13.75,5036.8,2072.8,72.5,87.05,89.65,86.35,88.83,781.48,726.21,780.08,785.38,4.75,65.91,12.6,3.0,43.41,1.438,14.13,4.04,LANE_A,18740.0,-22.5,89.4,CRUISE_LOITER,0.74,3,300.5,0.02,0.12,-0.18,-0.2,1.17,-59.1,-2.23,0.07,-0.03,-0.02,0.1,-0.01,0.716,0.03,0.7428,1
13.8,5031.9,2070.7,72.8,87.17,89.48,86.44,89.08,780.73,724.03,782.73,785.16,4.79,65.97,12.56,2.99,43.47,1.423,14.11,3.91,LANE_A,18741.0,-22.5,89.4,CRUISE_LOITER,0.74,3,297.9,0.14,-0.05,-0.09,0.05,0.43,-61.27,0.43,-0.14,0.01,0.05,0.06,0.05,0.7,0.01,0.7542,1
13.850000000000001,5060.5,2082.5,72.6,86.99,89.63,86.4,89.15,779.92,723.85,783.25,785.52,4.81,66.01,12.39,2.99,43.67,1.428,14.11,4.16,LANE_A,18742.0,-22.5,89.4,CRUISE_LOITER,0.73,3,295.2,-0.03,0.11,-0.12,0.13,-0.38,-61.45,0.95,0.22,0.03,0.09,-0.11,0.26,0.705,0.01,0.7553,1
13.9,5120.1,2107.0,72.4,86.88,89.63,86.54,89.03,777.47,722.58,781.4,785.89,4.77,66.15,12.5,2.96,43.51,1.439,14.14,3.88,LANE_A,18743.0,-22.5,89.4,CRUISE_LOITER,0.73,3,292.6,-0.14,0.11,0.02,0.01,-2.83,-62.72,-0.9,0.59,-0.01,0.23,0.0,0.1,0.716,0.04,0.7623,1
13.950000000000001,5162.3,2124.4,72.5,86.73,89.29,86.49,88.85,780.67,723.64,782.34,785.07,4.76,65.99,12.56,3.01,43.43,1.417,14.08,4.21,LANE_A,18744.0,-22.5,89.4,CRUISE_LOITER,0.72,3,290.0,-0.29,-0.23,-0.03,-0.17,0.37,-61.66,0.04,-0.23,-0.02,0.07,0.07,0.02,0.694,-0.02,0.7562,1
14.0,5163.6,2124.9,72.7,86.89,89.42,86.43,89.26,780.69,723.15,781.93,787.17,4.79,65.76,12.45,2.99,43.43,1.43,14.13,4.29,LANE_A,18745.0,-22.5,89.4,CRUISE_LOITER,0.72,3,287.4,-0.12,-0.09,-0.08,0.25,0.39,-62.15,-0.37,1.87,0.01,-0.15,-0.04,0.02,0.707,0.03,0.7591,1
14.05,5150.3,2119.5,72.4,87.0,89.54,86.79,89.06,779.53,723.11,782.8,785.82,4.75,65.76,12.61,2.97,43.46,1.455,14.09,4.15,LANE_A,18746.0,-22.5,89.4,CRUISE_LOITER,0.72,3,284.8,-0.01,0.03,0.28,0.05,-0.77,-62.19,0.5,0.52,-0.03,-0.15,0.12,0.05,0.732,-0.01,0.7598,1
14.100000000000001,5122.0,2107.8,72.3,87.27,89.48,86.57,89.09,780.44,720.18,781.92,783.85,4.83,65.85,12.57,3.02,43.28,1.448,14.07,3.96,LANE_A,18747.0,-22.5,89.4,CRUISE_LOITER,0.71,3,282.1,0.26,-0.03,0.06,0.08,0.14,-65.12,-0.38,-1.45,0.05,-0.06,0.08,-0.13,0.725,-0.03,0.7746,1
14.15,5048.2,2077.4,72.5,86.9,89.63,86.36,89.14,780.1,719.67,782.24,785.61,4.79,65.64,12.51,3.02,43.5,1.488,14.09,3.98,LANE_A,18747.0,-22.5,89.4,CRUISE_LOITER,0.71,3,279.5,-0.11,0.12,-0.15,0.13,-0.19,-65.62,-0.05,0.32,0.01,-0.27,0.02,0.09,0.765,-0.01,0.7778,1
14.200000000000001,5035.7,2072.3,72.4,86.85,89.6,86.41,88.91,779.99,719.32,783.72,785.37,4.82,65.96,12.58,2.99,43.56,1.497,14.1,3.96,LANE_A,18748.0,-22.5,89.4,CRUISE_LOITER,0.71,3,276.9,-0.15,0.1,-0.09,-0.09,-0.3,-65.97,1.43,0.08,0.04,0.06,0.09,0.15,0.774,0.0,0.7797,1
14.25,5154.8,2121.3,72.5,86.91,89.72,86.67,88.81,780.07,717.16,782.33,786.0,4.75,66.12,12.53,2.99,43.51,1.502,14.1,4.06,LANE_A,18749.0,-22.5,89.4,CRUISE_LOITER,0.7,3,274.3,-0.09,0.22,0.17,-0.19,-0.22,-68.13,0.04,0.71,-0.03,0.22,0.04,0.11,0.779,0.0,0.79,1
14.3,5083.7,2092.1,72.6,87.16,89.58,86.78,88.93,782.35,715.97,781.6,784.71,4.74,65.97,12.54,3.01,43.37,1.519,14.08,4.08,LANE_A,18750.0,-22.5,89.4,CRUISE_LOITER,0.7,3,271.6,0.16,0.08,0.28,-0.07,2.06,-69.32,-0.69,-0.58,-0.04,0.07,0.05,-0.03,0.796,-0.02,0.7957,1
14.350000000000001,5038.5,2073.5,72.3,87.17,89.55,86.34,88.96,781.62,714.83,780.63,783.88,4.83,65.94,12.38,2.99,43.48,1.516,14.13,4.11,LANE_A,18751.0,-22.5,89.4,CRUISE_LOITER,0.7,3,269.0,0.17,0.05,-0.16,-0.04,1.33,-70.46,-1.66,-1.41,0.05,0.04,-0.11,0.08,0.793,0.03,0.8007,1
14.4,5162.6,2124.5,72.6,86.99,89.56,86.45,89.02,779.04,716.8,781.55,784.28,4.8,65.92,12.43,3.0,43.54,1.538,14.08,3.92,LANE_A,18752.0,-22.5,89.4,CRUISE_LOITER,0.69,3,266.4,0.0,0.07,-0.04,0.03,-1.25,-68.49,-0.74,-1.01,0.02,0.03,-0.06,0.14,0.815,-0.02,0.7923,1
14.450000000000001,5099.4,2098.5,72.2,87.14,89.78,86.5,88.94,780.04,715.6,780.63,785.64,4.8,65.81,12.64,2.99,43.52,1.553,14.09,4.07,LANE_A,18753.0,-22.5,89.4,CRUISE_LOITER,0.69,3,263.8,0.15,0.29,0.01,-0.05,-0.25,-69.69,-1.66,0.35,0.02,-0.08,0.15,0.12,0.83,-0.01,0.798,1
14.5,5153.0,2120.6,72.7,86.73,89.69,86.53,88.97,779.87,714.38,782.94,787.55,4.76,65.82,12.44,3.04,43.32,1.531,14.1,4.12,LANE_A,18754.0,-22.5,89.4,CRUISE_LOITER,0.69,3,261.1,-0.26,0.2,0.04,-0.02,-0.42,-70.91,0.65,2.26,-0.02,-0.07,-0.05,-0.08,0.808,0.0,0.8029,1
14.55,5006.8,2060.4,72.3,86.62,89.25,86.63,89.06,781.6,710.21,784.57,783.3,4.78,65.88,12.55,3.0,43.31,1.567,14.13,4.12,LANE_A,18754.0,-22.5,89.4,CRUISE_LOITER,0.68,3,258.5,-0.36,-0.23,0.15,0.08,1.32,-75.07,2.29,-1.98,0.0,-0.01,0.06,-0.09,0.844,0.03,0.8206,1
14.600000000000001,5035.7,2072.3,72.6,86.94,89.11,86.19,88.89,778.38,711.04,782.66,784.14,4.72,65.87,12.44,2.95,43.58,1.572,14.11,4.14,LANE_A,18755.0,-22.5,89.4,CRUISE_LOITER,0.68,3,255.9,-0.04,-0.37,-0.29,-0.09,-1.9,-74.24,0.38,-1.14,-0.06,-0.01,-0.05,0.18,0.849,0.01,0.8174,1
14.65,5020.7,2066.1,72.9,86.92,89.54,86.59,88.9,781.34,710.77,782.06,786.57,4.8,65.99,12.38,3.01,43.31,1.586,14.1,4.01,LANE_A,18756.0,-22.5,89.4,CRUISE_LOITER,0.68,3,253.3,-0.06,0.06,0.11,-0.08,1.06,-74.51,-0.22,1.29,0.02,0.11,-0.11,-0.08,0.863,0.0,0.8187,1
14.700000000000001,5172.9,2128.8,72.4,87.19,89.82,86.33,89.38,781.09,712.23,784.17,785.08,4.78,65.73,12.6,2.98,43.49,1.571,14.1,4.11,LANE_A,18757.0,-22.5,89.4,CRUISE_LOITER,0.67,3,250.6,0.21,0.34,-0.15,0.4,0.81,-73.05,1.89,-0.2,0.0,-0.15,0.11,0.1,0.848,0.0,0.8126,1
14.75,5012.0,2062.6,72.6,87.09,89.43,86.36,89.35,780.6,711.24,784.21,785.14,4.81,66.04,12.24,3.0,43.26,1.573,14.12,3.92,LANE_A,18758.0,-22.5,89.5,CRUISE_LOITER,0.67,3,248.0,0.12,-0.04,-0.11,0.38,0.32,-74.04,1.93,-0.14,0.03,0.16,-0.25,-0.13,0.85,0.02,0.8166,1
14.8,5021.7,2066.5,72.3,87.13,89.13,86.44,88.75,780.89,709.18,781.65,785.62,4.82,66.06,12.39,3.0,43.26,1.604,14.1,4.22,LANE_A,18759.0,-22.5,89.5,CRUISE_LOITER,0.67,3,245.4,0.16,-0.34,-0.03,-0.22,0.61,-76.1,-0.63,0.34,0.04,0.19,-0.1,-0.13,0.881,0.0,0.8252,1
14.850000000000001,5145.0,2117.3,72.6,86.91,89.26,86.74,89.2,781.32,709.47,780.72,785.47,4.84,65.71,12.62,3.03,43.4,1.599,14.11,4.14,LANE_A,18760.0,-22.5,89.5,CRUISE_LOITER,0.66,3,242.8,-0.06,-0.21,0.27,0.23,1.04,-75.81,-1.56,0.19,0.05,-0.16,0.13,0.01,0.876,0.01,0.824,1
14.9,5042.5,2075.1,72.7,87.19,89.3,86.25,88.72,779.53,709.77,780.55,785.17,4.76,66.01,12.41,2.99,43.39,1.634,14.1,4.01,LANE_A,18761.0,-22.5,89.5,CRUISE_LOITER,0.66,3,240.1,0.23,-0.16,-0.21,-0.24,-0.75,-75.51,-1.73,-0.11,-0.03,0.14,-0.08,0.0,0.911,0.0,0.8235,1
14.950000000000001,5109.6,2102.7,72.3,86.89,89.3,86.54,88.78,780.89,705.91,785.7,784.23,4.72,66.15,12.6,3.01,43.44,1.622,14.1,4.05,LANE_A,18761.0,-22.5,89.5,CRUISE_LOITER,0.66,3,237.5,-0.07,-0.16,0.08,-0.18,0.62,-79.36,3.43,-1.04,-0.07,0.28,0.11,0.05,0.899,0.0,0.8375,1
15.0,4997.4,2056.5,72.3,87.08,89.21,86.47,88.92,779.19,708.48,783.06,785.93,4.75,65.92,12.56,3.01,43.63,1.622,14.09,4.0,LANE_A,18762.0,-22.5,89.5,CRUISE_LOITER,0.65,3,234.9,0.12,-0.25,0.01,-0.04,-1.08,-76.79,0.79,0.66,-0.04,0.06,0.07,0.24,0.899,-0.01,0.8281,1
15.05,5017.9,2065.0,72.5,86.86,89.68,86.67,89.02,778.88,704.26,784.59,787.2,4.82,65.83,12.56,2.98,43.29,1.649,14.11,4.09,LANE_A,18763.0,-22.5,89.5,CRUISE_LOITER,0.65,3,232.2,-0.1,0.22,0.21,0.06,-1.39,-81.01,2.32,1.93,0.03,-0.03,0.07,-0.1,0.926,0.01,0.8436,1
15.100000000000001,5050.8,2078.5,72.6,87.17,89.42,86.56,88.81,781.72,705.04,781.73,784.44,4.8,65.86,12.46,3.0,43.48,1.677,14.13,3.83,LANE_A,18764.0,-22.5,89.5,CRUISE_LOITER,0.65,3,229.6,0.22,-0.03,0.11,-0.14,1.45,-80.23,-0.54,-0.83,0.01,0.0,-0.03,0.1,0.954,0.03,0.8414,1
15.15,5127.9,2110.2,72.2,86.95,89.32,86.08,89.1,782.79,702.91,780.31,784.58,4.81,65.63,12.53,3.0,43.24,1.675,14.07,4.1,LANE_A,18765.0,-22.5,89.5,CRUISE_LOITER,0.64,3,227.0,0.0,-0.13,-0.37,0.15,2.52,-82.36,-1.96,-0.69,0.02,-0.22,0.04,-0.14,0.952,-0.03,0.8486,1
15.200000000000001,5054.5,2080.0,72.5,87.0,89.39,86.34,88.95,779.86,703.46,781.89,786.24,4.75,65.71,12.46,2.99,43.32,1.676,14.12,4.02,LANE_A,18766.0,-22.5,89.5,CRUISE_LOITER,0.64,3,224.4,0.05,-0.06,-0.11,0.0,-0.41,-81.81,-0.38,0.97,-0.04,-0.14,-0.03,-0.06,0.953,0.02,0.8467,1
15.25,5087.2,2093.5,72.4,87.21,89.5,86.36,89.13,780.97,701.75,782.44,786.0,4.78,65.85,12.38,2.99,43.29,1.697,14.12,3.94,LANE_A,18767.0,-22.5,89.5,CRUISE_LOITER,0.64,3,221.8,0.26,0.05,-0.09,0.18,0.7,-83.52,0.17,0.73,-0.01,0.0,-0.11,-0.09,0.974,0.02,0.8526,1
15.3,5089.5,2094.4,72.3,86.92,89.48,86.37,89.04,779.08,700.69,783.0,786.21,4.81,65.99,12.6,2.98,43.33,1.675,14.12,3.99,LANE_A,18767.0,-22.5,89.5,CRUISE_LOITER,0.63,3,219.1,-0.02,0.04,-0.07,0.1,-1.18,-84.57,0.74,0.95,0.02,0.14,0.11,-0.05,0.952,0.02,0.8557,1
15.350000000000001,4986.2,2051.9,72.2,86.79,89.47,86.56,88.95,778.47,698.72,779.72,785.59,4.82,65.72,12.62,3.0,43.41,1.716,14.07,3.89,LANE_A,18768.0,-22.5,89.5,CRUISE_LOITER,0.63,3,216.5,-0.15,0.03,0.12,0.01,-1.79,-86.54,-2.54,0.33,0.03,-0.12,0.13,0.03,0.993,-0.03,0.8623,1
15.4,4987.0,2052.3,72.4,87.23,89.18,86.58,89.05,782.08,700.66,781.51,782.41,4.79,65.78,12.43,3.03,43.38,1.738,14.12,4.14,LANE_A,18769.0,-22.5,89.5,CRUISE_LOITER,0.63,3,213.9,0.29,-0.26,0.14,0.11,1.82,-84.6,-0.75,-2.85,0.0,-0.06,-0.06,0.0,1.015,0.02,0.8566,1
15.450000000000001,5040.8,2074.4,72.5,86.54,89.32,86.64,89.22,779.57,700.73,782.78,787.27,4.81,66.14,12.45,3.01,43.13,1.737,14.09,4.05,LANE_A,18770.0,-22.5,89.5,CRUISE_LOITER,0.62,3,211.2,-0.39,-0.11,0.21,0.29,-0.69,-84.53,0.52,2.01,0.02,0.3,-0.04,-0.25,1.014,-0.01,0.8564,1
15.5,5065.7,2084.7,73.0,86.93,89.3,86.38,88.97,780.42,698.38,782.35,786.71,4.75,65.87,12.45,3.0,43.24,1.707,14.12,4.09,LANE_A,18771.0,-22.5,89.5,CRUISE_LOITER,0.62,3,208.6,0.0,-0.13,-0.05,0.04,0.16,-86.88,0.09,1.45,-0.04,0.03,-0.04,-0.13,0.984,0.02,0.8632,1
15.55,5168.8,2127.1,72.3,86.94,89.41,86.39,89.01,780.8,698.88,781.04,784.07,4.78,65.87,12.41,2.99,43.32,1.7,14.1,4.11,LANE_A,18772.0,-22.5,89.5,CRUISE_LOITER,0.61,3,206.0,0.01,-0.02,-0.04,0.08,0.54,-86.38,-1.22,-1.19,-0.01,0.04,-0.08,-0.05,0.977,0.0,0.8616,1
15.600000000000001,5057.1,2081.1,72.9,86.91,89.75,86.34,89.1,779.86,696.55,784.09,785.3,4.79,66.12,12.61,3.01,43.23,1.743,14.09,4.11,LANE_A,18773.0,-22.5,89.5,CRUISE_LOITER,0.61,3,203.4,-0.02,0.32,-0.09,0.17,-0.4,-88.71,1.83,0.04,0.0,0.29,0.12,-0.14,1.02,-0.01,0.869,1
15.65,5061.6,2083.0,72.8,86.9,89.09,86.38,88.99,780.98,697.83,783.5,786.22,4.76,65.84,12.48,3.03,43.58,1.776,14.11,4.12,LANE_A,18774.0,-22.5,89.5,CRUISE_LOITER,0.61,3,200.8,-0.02,-0.33,-0.04,0.07,0.72,-87.43,1.24,0.96,-0.03,0.01,-0.01,0.21,1.053,0.01,0.8657,1
15.700000000000001,5166.8,2126.3,72.6,86.97,89.24,86.42,89.01,781.9,695.26,783.04,783.36,4.85,65.67,12.49,2.95,43.38,1.798,14.09,3.78,LANE_A,18774.0,-22.5,89.5,CRUISE_LOITER,0.6,3,198.1,0.05,-0.18,0.0,0.09,1.65,-89.99,0.79,-1.89,0.06,-0.16,0.0,0.01,1.075,-0.01,0.8733,1
15.75,5086.6,2093.3,72.2,87.03,89.2,86.32,88.87,780.63,693.96,782.24,784.0,4.75,65.64,12.49,2.99,43.39,1.773,14.1,3.98,LANE_A,18775.0,-22.6,89.5,CRUISE_LOITER,0.6,3,195.5,0.11,-0.22,-0.1,-0.05,0.38,-91.29,-0.01,-1.25,-0.04,-0.18,0.0,0.02,1.05,0.0,0.8765,1
15.8,5127.5,2110.1,72.8,86.93,89.38,86.08,88.74,781.26,692.19,784.78,785.34,4.82,65.68,12.58,2.97,43.45,1.785,14.09,4.01,LANE_A,18776.0,-22.6,89.6,CRUISE_LOITER,0.6,3,192.9,0.02,-0.03,-0.33,-0.17,1.01,-93.06,2.53,0.09,0.03,-0.14,0.09,0.08,1.062,-0.01,0.8813,1
15.850000000000001,5080.4,2090.7,72.6,86.72,89.48,86.4,88.72,778.8,694.75,781.73,784.44,4.78,66.09,12.44,2.98,43.32,1.795,14.15,4.16,LANE_A,18777.0,-22.6,89.6,CRUISE_LOITER,0.59,3,190.2,-0.19,0.07,-0.01,-0.19,-1.45,-90.5,-0.52,-0.81,-0.01,0.27,-0.05,-0.05,1.072,0.05,0.8746,1
15.9,5181.0,2132.1,72.6,87.15,89.41,86.52,88.93,780.99,692.03,784.86,785.16,4.74,65.99,12.59,3.03,43.41,1.797,14.1,3.99,LANE_A,18778.0,-22.6,89.6,CRUISE_LOITER,0.59,3,187.6,0.24,0.0,0.11,0.02,0.74,-93.22,2.61,-0.09,-0.05,0.17,0.1,0.05,1.074,0.0,0.8819,1
15.950000000000001,4993.0,2054.7,72.6,86.82,89.48,86.62,89.01,780.12,691.31,784.26,784.49,4.83,65.9,12.53,2.98,43.13,1.799,14.07,4.21,LANE_A,18779.0,-22.6,89.6,CRUISE_LOITER,0.59,3,185.0,-0.09,0.07,0.21,0.1,-0.13,-93.94,2.01,-0.76,0.04,0.09,0.05,-0.23,1.076,-0.03,0.8837,1
16.0,5166.8,2126.3,72.1,86.89,89.31,86.06,88.81,781.99,691.82,781.39,785.55,4.77,65.97,12.49,2.99,43.29,1.81,14.15,4.07,LANE_A,18780.0,-22.6,89.6,CRUISE_LOITER,0.58,3,182.4,-0.01,-0.09,-0.34,-0.09,1.74,-93.43,-0.86,0.3,-0.02,0.16,0.01,-0.07,1.087,0.05,0.8826,1
16.05,5030.9,2070.3,72.1,86.85,89.39,86.26,88.92,780.46,688.69,782.5,786.88,4.8,65.63,12.41,2.99,43.39,1.826,14.1,3.94,LANE_A,18781.0,-22.6,89.6,CRUISE_LOITER,0.58,3,179.8,-0.05,-0.01,-0.14,0.02,0.22,-96.55,0.26,1.64,0.01,-0.18,-0.07,0.03,1.103,0.0,0.8904,1
16.1,5142.4,2116.2,72.5,86.95,89.28,86.13,88.7,782.11,689.5,780.34,783.69,4.77,65.57,12.55,3.0,43.54,1.814,14.09,4.01,LANE_A,18781.0,-22.6,89.6,CRUISE_LOITER,0.58,3,177.1,0.05,-0.12,-0.27,-0.2,1.87,-95.74,-1.9,-1.55,-0.02,-0.24,0.07,0.18,1.091,-0.01,0.8884,1
16.150000000000002,5047.4,2077.1,72.6,87.04,89.35,86.2,88.82,780.42,689.38,782.48,783.58,4.77,65.88,12.54,3.02,43.36,1.84,14.11,4.16,LANE_A,18782.0,-22.6,89.6,CRUISE_LOITER,0.57,3,174.5,0.14,-0.05,-0.2,-0.08,0.18,-95.86,0.24,-1.66,-0.02,0.08,0.06,0.0,1.117,0.01,0.8889,1
16.2,5141.5,2115.8,72.3,87.05,89.28,86.57,88.81,778.65,687.07,781.95,783.88,4.79,65.5,12.58,3.02,43.53,1.835,14.12,4.03,LANE_A,18783.0,-22.6,89.6,CRUISE_LOITER,0.57,3,171.9,0.16,-0.11,0.18,-0.08,-1.59,-98.17,-0.29,-1.36,0.0,-0.3,0.1,0.17,1.112,0.02,0.8943,1
16.25,5126.6,2109.7,73.0,86.62,89.27,86.3,88.71,780.45,686.66,783.42,784.8,4.78,65.8,12.36,2.96,43.32,1.862,14.11,3.95,LANE_A,18784.0,-22.6,89.6,CRUISE_LOITER,0.57,3,169.3,-0.27,-0.12,-0.09,-0.18,0.21,-98.58,1.18,-0.44,-0.01,0.0,-0.12,-0.04,1.139,0.01,0.8955,1
16.3,5161.6,2124.1,72.4,86.78,89.32,86.4,88.82,778.45,685.78,781.82,787.31,4.82,65.91,12.45,3.02,43.23,1.848,14.09,4.26,LANE_A,18785.0,-22.6,89.6,CRUISE_LOITER,0.56,3,166.6,-0.11,-0.07,0.01,-0.07,-1.79,-99.46,-0.42,2.07,0.03,0.11,-0.03,-0.13,1.125,-0.01,0.8974,1
16.35,4982.9,2050.6,72.4,87.12,89.13,86.61,89.17,778.77,685.23,782.21,782.0,4.82,65.91,12.56,3.04,43.42,1.888,14.08,3.97,LANE_A,18786.0,-22.6,89.6,CRUISE_LOITER,0.56,3,164.0,0.24,-0.25,0.23,0.29,-1.47,-100.01,-0.03,-3.24,0.03,0.12,0.08,0.07,1.165,-0.02,0.899,1
16.400000000000002,5103.0,2100.0,72.5,86.77,89.59,86.58,89.12,781.76,684.68,781.82,785.62,4.81,65.88,12.52,3.02,43.09,1.887,14.1,3.89,LANE_A,18787.0,-22.6,89.6,CRUISE_LOITER,0.56,3,161.4,-0.11,0.21,0.2,0.24,1.52,-100.56,-0.42,0.38,0.02,0.09,0.04,-0.26,1.164,0.0,0.9002,1
16.45,4978.5,2048.8,72.3,87.1,89.39,86.49,89.09,779.67,684.08,779.5,787.65,4.83,65.73,12.44,2.97,43.46,1.916,14.12,3.97,LANE_A,18788.0,-22.6,89.6,CRUISE_LOITER,0.55,3,158.8,0.22,0.01,0.11,0.21,-0.56,-101.15,-2.73,2.42,0.04,-0.06,-0.04,0.11,1.193,0.02,0.9018,1
16.5,5121.5,2107.6,72.6,87.02,89.38,86.42,88.57,778.29,683.85,780.83,785.72,4.82,65.67,12.57,3.01,43.36,1.922,14.09,4.13,LANE_A,18788.0,-22.6,89.6,CRUISE_LOITER,0.55,3,156.1,0.14,0.0,0.04,-0.31,-1.94,-101.38,-1.4,0.49,0.03,-0.12,0.09,0.01,1.199,-0.01,0.9023,1
16.55,4959.3,2040.9,72.7,86.88,89.31,85.96,89.0,779.07,682.78,780.17,786.0,4.8,65.61,12.49,2.99,43.37,1.956,14.12,4.1,LANE_A,18789.0,-22.6,89.6,CRUISE_LOITER,0.55,3,153.5,0.01,-0.06,-0.41,0.13,-1.16,-102.45,-2.06,0.77,0.01,-0.17,0.01,0.02,1.233,0.02,0.9049,1
16.6,5066.6,2085.0,72.9,86.77,89.56,85.98,89.0,781.05,681.84,782.06,784.22,4.81,65.72,12.5,2.98,43.2,1.901,14.12,4.09,LANE_A,18790.0,-22.6,89.6,CRUISE_LOITER,0.54,3,150.9,-0.1,0.19,-0.39,0.13,0.82,-103.39,-0.17,-1.01,0.02,-0.06,0.02,-0.15,1.178,0.02,0.9063,1
16.650000000000002,5073.7,2087.9,72.4,87.21,89.03,86.57,89.01,780.36,680.63,782.55,785.54,4.78,65.73,12.48,3.0,43.29,1.915,14.08,4.22,LANE_A,18791.0,-22.6,89.6,CRUISE_LOITER,0.54,3,148.2,0.34,-0.34,0.2,0.14,0.13,-104.6,0.32,0.31,-0.01,-0.05,0.0,-0.06,1.192,-0.02,0.9089,1
16.7,5007.0,2060.5,72.8,86.61,89.17,85.92,89.19,779.54,680.37,782.61,784.92,4.78,65.68,12.42,3.0,43.37,1.956,14.1,4.09,LANE_A,18792.0,-22.6,89.6,CRUISE_LOITER,0.54,3,145.6,-0.26,-0.2,-0.45,0.32,-0.69,-104.86,0.38,-0.31,-0.01,-0.1,-0.06,0.02,1.233,0.0,0.9097,1
16.75,4951.8,2037.8,72.9,87.15,89.19,86.6,88.64,779.61,680.13,781.91,786.16,4.8,65.82,12.51,2.96,43.42,1.944,14.1,3.66,LANE_A,18793.0,-22.6,89.6,CRUISE_LOITER,0.53,3,143.0,0.29,-0.17,0.24,-0.22,-0.62,-105.1,-0.32,0.93,0.01,0.05,0.03,0.08,1.221,0.0,0.9101,1
16.8,5043.4,2075.5,72.2,87.0,89.66,86.48,88.59,779.02,676.33,781.18,786.77,4.8,65.71,12.44,3.02,43.15,1.959,14.14,4.1,LANE_A,18794.0,-22.6,89.6,CRUISE_LOITER,0.53,3,140.4,0.14,0.3,0.12,-0.27,-1.2,-108.89,-1.04,1.55,0.01,-0.06,-0.04,-0.19,1.236,0.04,0.9174,1
16.85,5154.6,2121.2,72.4,86.81,89.54,86.18,88.83,779.69,679.87,783.34,783.72,4.8,65.69,12.57,3.01,43.17,1.97,14.09,4.05,LANE_A,18795.0,-22.6,89.7,CRUISE_LOITER,0.53,3,137.8,-0.05,0.18,-0.18,-0.03,-0.53,-105.35,1.12,-1.5,0.01,-0.08,0.09,-0.17,1.247,-0.01,0.9108,1
16.900000000000002,5180.4,2131.9,72.7,86.77,89.43,86.22,88.95,782.36,674.91,782.79,784.58,4.82,65.91,12.41,3.01,43.19,1.979,14.1,3.85,LANE_A,18795.0,-22.6,89.7,CRUISE_LOITER,0.52,3,135.1,-0.08,0.08,-0.13,0.1,2.14,-110.31,0.57,-0.64,0.03,0.14,-0.07,-0.15,1.256,0.0,0.92,1
16.95,4908.6,2020.0,72.2,87.05,89.4,86.34,88.76,780.65,676.45,781.61,782.9,4.8,65.98,12.31,3.03,43.27,1.955,14.1,4.0,LANE_A,18796.0,-22.6,89.7,CRUISE_LOITER,0.52,3,132.5,0.2,0.05,-0.01,-0.09,0.43,-108.77,-0.61,-2.32,0.01,0.22,-0.17,-0.07,1.232,0.0,0.9171,1
17.0,5161.8,2124.2,72.3,87.11,89.25,86.18,88.58,779.87,674.55,782.53,785.5,4.82,65.9,12.47,3.01,43.38,1.99,14.1,4.06,LANE_A,18797.0,-22.6,89.7,CRUISE_LOITER,0.52,3,129.9,0.26,-0.1,-0.17,-0.27,-0.35,-110.67,0.31,0.28,0.03,0.14,-0.01,0.04,1.267,0.0,0.9207,1
17.05,5081.7,2091.2,72.5,86.48,89.26,85.94,88.93,779.98,672.93,783.23,785.97,4.8,65.97,12.48,3.0,43.31,2.002,14.13,4.11,LANE_A,18798.0,-22.6,89.7,CRUISE_LOITER,0.51,3,127.2,-0.37,-0.09,-0.41,0.08,-0.24,-112.29,1.01,0.75,0.01,0.21,0.0,-0.03,1.279,0.03,0.9236,1
17.1,4990.1,2053.5,72.7,86.54,89.28,86.39,88.89,779.13,674.61,782.66,785.21,4.82,65.73,12.43,3.0,43.24,2.031,14.1,4.26,LANE_A,18799.0,-22.6,89.7,CRUISE_LOITER,0.51,3,124.6,-0.3,-0.06,0.05,0.05,-1.09,-110.61,0.44,-0.01,0.03,-0.02,-0.05,-0.1,1.308,0.0,0.9209,1
17.150000000000002,4918.1,2023.9,72.6,86.75,89.64,86.05,88.88,781.85,670.0,781.77,783.88,4.8,65.89,12.42,2.98,43.25,2.04,14.11,4.04,LANE_A,18800.0,-22.6,89.7,CRUISE_LOITER,0.5,3,122.0,-0.09,0.3,-0.29,0.04,1.63,-115.22,-0.45,-1.34,0.01,0.14,-0.06,-0.08,1.317,0.01,0.9286,1
17.2,4949.2,2036.7,72.5,86.76,89.31,86.54,88.79,780.53,673.86,779.04,785.09,4.8,65.63,12.51,3.02,43.23,2.057,14.1,4.24,LANE_A,18801.0,-22.6,89.7,CRUISE_LOITER,0.5,3,119.4,-0.08,-0.03,0.2,-0.05,0.32,-111.35,-3.17,-0.12,0.01,-0.12,0.03,-0.1,1.334,0.0,0.9224,1
17.25,5088.2,2093.9,72.6,86.81,89.36,85.89,88.96,781.4,670.03,783.83,785.47,4.79,65.63,12.55,2.99,43.28,2.024,14.1,4.1,LANE_A,18802.0,-22.6,89.7,CRUISE_LOITER,0.5,3,116.8,-0.02,0.03,-0.44,0.13,1.19,-115.18,1.62,0.26,0.0,-0.12,0.07,-0.05,1.301,0.0,0.9284,1
17.3,5190.9,2136.2,72.4,86.78,89.48,86.34,88.68,780.14,671.04,781.06,785.44,4.71,65.88,12.47,3.03,43.2,2.073,14.09,4.01,LANE_A,18802.0,-22.6,89.7,CRUISE_LOITER,0.49,3,114.1,-0.05,0.15,0.01,-0.15,-0.07,-114.17,-1.15,0.23,-0.08,0.14,-0.01,-0.13,1.35,-0.01,0.9271,1
17.35,5079.4,2090.3,72.3,86.9,89.41,86.53,88.79,781.19,670.34,783.46,784.98,4.75,65.96,12.51,3.02,43.29,2.052,14.11,4.0,LANE_A,18803.0,-22.6,89.7,CRUISE_LOITER,0.49,3,111.5,0.07,0.08,0.2,-0.04,0.98,-114.87,1.25,-0.23,-0.04,0.22,0.03,-0.04,1.329,0.01,0.9281,1
17.400000000000002,5118.3,2106.3,72.5,86.85,89.63,86.61,89.06,779.9,668.0,781.28,785.78,4.86,65.83,12.56,2.96,43.22,2.095,14.12,4.12,LANE_A,18804.0,-22.6,89.7,CRUISE_LOITER,0.49,3,108.9,0.02,0.3,0.28,0.23,-0.31,-117.21,-0.93,0.57,0.07,0.09,0.08,-0.11,1.372,0.02,0.932,1
17.45,4888.0,2011.5,72.7,86.73,89.55,86.0,89.01,779.34,668.58,779.98,783.11,4.75,65.55,12.42,3.01,43.32,2.086,14.1,3.92,LANE_A,18805.0,-22.6,89.7,CRUISE_LOITER,0.48,3,106.3,-0.09,0.23,-0.32,0.19,-0.87,-116.63,-2.23,-2.1,-0.04,-0.19,-0.06,-0.01,1.363,0.0,0.931,1
17.5,4927.5,2027.8,72.4,86.88,89.46,86.5,88.43,780.88,667.41,779.98,785.09,4.78,65.59,12.48,2.99,43.25,2.106,14.1,4.07,LANE_A,18806.0,-22.6,89.7,CRUISE_LOITER,0.48,3,103.6,0.06,0.14,0.18,-0.39,0.67,-117.8,-2.23,-0.12,-0.01,-0.14,0.0,-0.08,1.383,0.0,0.9329,1
17.55,4959.9,2041.1,72.5,86.72,89.45,86.15,88.77,779.12,665.34,781.53,784.91,4.84,65.97,12.51,3.02,43.33,2.079,14.13,3.97,LANE_A,18807.0,-22.6,89.7,CRUISE_LOITER,0.48,3,101.0,-0.1,0.13,-0.17,-0.05,-1.09,-119.87,-0.68,-0.3,0.05,0.24,0.03,0.01,1.356,0.03,0.9357,1
17.6,4924.3,2026.5,72.5,86.95,89.33,86.68,88.69,780.28,664.54,781.56,786.91,4.79,65.88,12.49,2.98,43.4,2.111,14.13,3.8,LANE_A,18808.0,-22.6,89.7,CRUISE_LOITER,0.47,3,98.4,0.13,0.01,0.36,-0.13,0.08,-120.66,-0.64,1.71,0.0,0.15,0.01,0.08,1.388,0.03,0.937,1
17.650000000000002,4948.0,2036.2,72.5,86.98,89.69,86.36,88.69,780.92,664.02,780.52,784.36,4.79,65.74,12.36,3.01,43.21,2.109,14.09,4.1,LANE_A,18808.0,-22.6,89.7,CRUISE_LOITER,0.47,3,95.7,0.17,0.38,0.05,-0.12,0.72,-121.18,-1.68,-0.84,0.0,0.01,-0.12,-0.11,1.386,-0.01,0.9377,1
17.7,5147.0,2118.1,72.5,86.88,89.47,86.45,88.87,778.84,663.84,783.62,785.1,4.77,65.87,12.53,3.02,43.13,2.118,14.1,4.03,LANE_A,18809.0,-22.6,89.7,CRUISE_LOITER,0.47,3,93.1,0.07,0.16,0.14,0.06,-1.36,-121.36,1.42,-0.1,-0.02,0.15,0.05,-0.19,1.395,0.0,0.938,1
17.75,4994.4,2055.3,72.9,86.87,89.05,86.41,89.02,780.02,663.8,781.15,783.76,4.74,65.68,12.5,3.0,43.56,2.137,14.09,4.18,LANE_A,18810.0,-22.6,89.7,CRUISE_LOITER,0.46,3,90.5,0.06,-0.26,0.1,0.21,-0.18,-121.4,-1.05,-1.44,-0.05,-0.04,0.02,0.24,1.414,-0.01,0.9382,1
17.8,4863.4,2001.4,72.5,86.82,89.18,86.33,88.72,779.09,661.24,781.42,787.24,4.83,65.93,12.58,2.99,43.12,2.158,14.09,3.91,LANE_A,18811.0,-22.6,89.7,CRUISE_LOITER,0.46,3,87.9,0.02,-0.12,0.03,-0.08,-1.11,-123.96,-0.78,2.04,0.04,0.21,0.1,-0.2,1.435,-0.01,0.9416,1
17.85,4902.8,2017.6,72.6,86.85,89.3,86.17,88.64,779.5,660.48,782.04,784.95,4.8,65.49,12.45,3.01,43.32,2.185,14.05,4.01,LANE_A,18812.0,-22.6,89.7,CRUISE_LOITER,0.46,3,85.2,0.05,0.0,-0.13,-0.16,-0.7,-124.72,-0.16,-0.25,0.01,-0.23,-0.03,0.0,1.462,-0.05,0.9427,1
17.900000000000002,5168.9,2127.1,72.7,86.97,89.32,86.3,88.48,780.56,661.06,782.07,785.24,4.79,65.55,12.48,2.98,43.16,2.162,14.08,4.09,LANE_A,18813.0,-22.6,89.8,CRUISE_LOITER,0.45,3,82.6,0.17,0.02,0.0,-0.32,0.36,-124.14,-0.13,0.04,0.0,-0.16,0.0,-0.16,1.439,-0.02,0.9419,1
17.95,4929.3,2028.5,72.5,86.75,89.4,86.13,88.91,780.35,661.82,783.82,786.8,4.82,65.73,12.49,3.0,43.24,2.18,14.1,4.06,LANE_A,18814.0,-22.6,89.8,CRUISE_LOITER,0.45,3,80.0,-0.05,0.1,-0.17,0.11,0.16,-123.37,1.63,1.61,0.03,0.02,0.01,-0.08,1.457,0.0,0.941,1
18.0,5019.9,2065.8,72.5,87.21,89.05,86.32,88.98,781.99,660.13,781.54,785.68,4.77,66.02,12.57,2.99,43.38,2.155,14.09,3.86,LANE_A,18815.0,-22.6,89.8,CRUISE_LOITER,0.45,3,80.0,0.42,-0.24,0.03,0.19,1.8,-125.06,-0.65,0.49,-0.02,0.31,0.1,0.07,1.432,-0.01,0.943,1
18.05,4990.1,2053.5,72.7,86.47,89.38,86.31,88.71,780.51,662.37,783.79,785.76,4.84,65.78,12.36,3.01,43.22,2.191,14.09,4.03,LANE_A,18815.0,-22.6,89.8,CRUISE_LOITER,0.45,3,80.0,-0.32,0.09,0.02,-0.08,0.32,-122.82,1.6,0.57,0.05,0.07,-0.11,-0.09,1.468,-0.01,0.9403,1
18.1,5126.5,2109.7,72.5,86.77,89.48,86.13,88.83,781.07,657.34,782.95,782.53,4.79,65.63,12.63,3.0,43.29,2.171,14.1,4.08,LANE_A,18816.0,-22.6,89.8,CRUISE_LOITER,0.45,3,80.0,-0.02,0.19,-0.16,0.04,0.88,-127.85,0.76,-2.66,0.0,-0.07,0.16,-0.02,1.448,0.0,0.9464,1
18.150000000000002,4917.6,2023.7,72.7,86.75,89.11,86.52,88.75,780.0,660.94,781.51,785.78,4.8,65.97,12.41,2.99,43.34,2.159,14.07,3.96,LANE_A,18817.0,-22.6,89.8,CRUISE_LOITER,0.45,3,80.0,-0.04,-0.18,0.23,-0.04,-0.19,-124.25,-0.68,0.59,0.01,0.27,-0.06,0.03,1.436,-0.03,0.942,1
18.2,5120.4,2107.2,72.4,86.73,89.39,86.44,89.16,779.58,659.14,782.93,785.75,4.83,65.61,12.38,3.0,43.28,2.164,14.13,4.07,LANE_A,18818.0,-22.6,89.8,CRUISE_LOITER,0.45,3,80.0,-0.05,0.11,0.16,0.38,-0.61,-126.05,0.74,0.56,0.04,-0.09,-0.09,-0.03,1.441,0.03,0.9443,1
18.25,4919.5,2024.5,72.3,87.06,89.12,86.21,89.14,780.08,660.04,782.05,784.25,4.78,65.45,12.43,2.97,43.44,2.198,14.11,4.2,LANE_A,18819.0,-22.6,89.8,CRUISE_LOITER,0.45,3,80.0,0.28,-0.16,-0.07,0.36,-0.11,-125.15,-0.14,-0.94,-0.01,-0.25,-0.04,0.13,1.475,0.01,0.9433,1
18.3,5142.5,2116.3,72.6,87.01,89.43,86.22,88.9,780.27,660.07,784.64,785.6,4.74,65.66,12.4,2.97,43.43,2.201,14.06,4.17,LANE_A,18820.0,-22.6,89.8,CRUISE_LOITER,0.45,3,80.0,0.23,0.15,-0.06,0.12,0.08,-125.12,2.45,0.41,-0.05,-0.03,-0.07,0.12,1.478,-0.04,0.9433,1
18.35,5152.4,2120.3,72.5,86.72,89.35,86.13,88.75,780.12,661.37,780.29,787.31,4.79,65.6,12.48,3.0,43.46,2.16,14.11,4.05,LANE_A,18821.0,-22.6,89.8,CRUISE_LOITER,0.45,3,80.0,-0.05,0.08,-0.14,-0.02,-0.06,-123.81,-1.89,2.13,0.0,-0.09,0.01,0.15,1.437,0.01,0.9414,1
18.400000000000002,5177.9,2130.8,72.5,86.73,89.53,86.34,88.76,779.03,659.85,780.92,786.84,4.8,65.88,12.56,3.03,43.21,2.158,14.09,3.97,LANE_A,18822.0,-22.6,89.8,CRUISE_LOITER,0.45,3,80.0,-0.04,0.26,0.07,-0.01,-1.15,-125.33,-1.26,1.66,0.01,0.19,0.09,-0.09,1.435,-0.01,0.9433,1
18.45,5028.4,2069.3,72.8,86.83,89.11,86.3,88.85,782.63,658.68,780.47,784.2,4.85,65.7,12.39,3.0,43.32,2.147,14.08,4.06,LANE_A,18822.0,-22.6,89.8,CRUISE_LOITER,0.45,3,80.0,0.06,-0.16,0.03,0.08,2.45,-126.5,-1.71,-0.98,0.06,0.01,-0.08,0.02,1.424,-0.02,0.9447,1
18.5,5090.0,2094.7,72.4,86.8,89.08,86.37,89.0,779.32,664.7,780.85,784.46,4.82,65.26,12.51,3.02,43.28,2.174,14.1,4.01,LANE_A,18823.0,-22.6,89.8,CRUISE_LOITER,0.45,3,80.0,0.03,-0.19,0.1,0.23,-0.86,-120.48,-1.33,-0.72,0.03,-0.42,0.04,-0.02,1.451,0.0,0.9371,1
18.55,5025.1,2067.9,72.2,87.16,89.28,86.3,88.89,779.38,660.87,783.02,787.2,4.75,65.75,12.51,2.99,43.33,2.175,14.1,4.08,LANE_A,18824.0,-22.6,89.8,CRUISE_LOITER,0.45,3,80.0,0.4,0.02,0.04,0.13,-0.8,-124.31,0.84,2.02,-0.04,0.07,0.04,0.03,1.452,0.0,0.9422,1
18.6,5073.4,2087.8,72.5,86.84,89.24,86.04,88.95,781.41,659.79,781.11,787.0,4.82,65.8,12.47,2.99,43.19,2.177,14.1,4.01,LANE_A,18825.0,-22.7,89.8,CRUISE_LOITER,0.45,3,80.0,0.08,-0.02,-0.22,0.19,1.23,-125.39,-1.07,1.82,0.03,0.12,0.0,-0.11,1.454,0.0,0.9435,1
18.650000000000002,5144.2,2117.0,72.5,86.53,88.76,85.99,88.94,780.85,660.8,780.43,785.92,4.75,65.57,12.53,2.98,43.48,2.185,14.14,4.01,LANE_A,18826.0,-22.7,89.8,CRUISE_LOITER,0.45,3,80.0,-0.23,-0.5,-0.27,0.18,0.67,-124.38,-1.75,0.74,-0.04,-0.11,0.06,0.18,1.462,0.04,0.9423,1
18.7,5022.5,2066.9,73.0,86.55,89.18,85.94,88.88,779.28,660.61,783.64,783.47,4.8,65.83,12.48,3.01,43.14,2.161,14.07,4.2,LANE_A,18827.0,-22.7,89.8,CRUISE_LOITER,0.45,3,80.0,-0.21,-0.08,-0.32,0.12,-0.89,-124.56,1.47,-1.7,0.01,0.16,0.01,-0.16,1.438,-0.03,0.9424,1
18.75,5006.1,2060.1,72.5,87.18,89.05,86.2,88.79,779.31,660.56,780.21,784.63,4.82,65.82,12.46,2.99,43.38,2.174,14.11,3.91,LANE_A,18828.0,-22.7,89.8,CRUISE_LOITER,0.45,3,80.0,0.43,-0.2,-0.05,0.04,-0.86,-124.61,-1.96,-0.54,0.03,0.15,-0.01,0.08,1.451,0.01,0.9425,1
18.8,5026.5,2068.5,72.3,86.64,89.16,86.51,88.64,778.46,659.56,781.05,785.48,4.83,65.6,12.56,2.97,43.22,2.157,14.11,3.88,LANE_A,18829.0,-22.7,89.8,CRUISE_LOITER,0.45,3,80.0,-0.11,-0.09,0.26,-0.11,-1.71,-125.61,-1.12,0.31,0.04,-0.07,0.09,-0.07,1.434,0.01,0.9437,1
18.85,5135.5,2113.4,72.2,86.75,89.16,86.12,88.83,779.24,662.38,783.39,785.32,4.8,65.64,12.41,2.99,43.25,2.164,14.11,4.04,LANE_A,18829.0,-22.7,89.8,CRUISE_LOITER,0.45,3,80.0,0.0,-0.09,-0.13,0.08,-0.93,-122.79,1.22,0.15,0.01,-0.03,-0.06,-0.04,1.441,0.01,0.9401,1
18.900000000000002,5169.0,2127.2,72.7,86.47,89.15,86.3,88.66,780.58,660.38,779.12,787.23,4.86,65.58,12.4,3.03,43.34,2.166,14.1,3.96,LANE_A,18830.0,-22.7,89.8,CRUISE_LOITER,0.45,3,80.0,-0.27,-0.09,0.06,-0.08,0.41,-124.79,-3.05,2.06,0.07,-0.08,-0.07,0.05,1.443,0.0,0.9427,1
18.95,5084.1,2092.2,72.7,86.66,89.36,86.13,88.77,779.15,659.82,779.63,783.9,4.73,65.75,12.61,3.03,43.11,2.159,14.08,4.08,LANE_A,18831.0,-22.7,89.8,CRUISE_LOITER,0.45,3,80.0,-0.08,0.12,-0.11,0.03,-1.02,-125.35,-2.54,-1.27,-0.06,0.09,0.14,-0.18,1.436,-0.02,0.9434,1
19.0,4987.4,2052.4,72.4,87.16,89.16,86.26,88.51,781.62,661.46,782.1,786.79,4.78,65.59,12.46,3.01,43.27,2.172,14.07,4.21,LANE_A,18832.0,-22.7,89.9,CRUISE_LOITER,0.45,3,80.0,0.42,-0.08,0.02,-0.23,1.45,-123.71,-0.07,1.62,-0.01,-0.07,-0.01,-0.02,1.449,-0.03,0.9414,1
19.05,5124.8,2109.0,72.6,86.67,89.21,86.16,88.91,780.52,660.65,784.9,784.75,4.8,65.69,12.39,3.02,43.17,2.189,14.07,4.05,LANE_A,18833.0,-22.7,89.9,CRUISE_LOITER,0.45,3,80.0,-0.07,-0.03,-0.08,0.17,0.35,-124.52,2.73,-0.42,0.01,0.03,-0.08,-0.12,1.466,-0.03,0.9425,1
19.1,5067.5,2085.4,72.5,86.56,89.33,86.38,88.55,779.03,661.2,780.06,784.1,4.8,66.01,12.39,2.98,43.34,2.154,14.1,4.02,LANE_A,18834.0,-22.7,89.9,CRUISE_LOITER,0.45,3,80.0,-0.17,0.1,0.15,-0.18,-1.13,-123.96,-2.1,-1.06,0.01,0.36,-0.08,0.05,1.431,0.0,0.9416,1
19.150000000000002,5055.7,2080.5,72.5,86.67,89.26,86.17,88.87,780.01,662.42,780.0,784.98,4.8,65.57,12.34,3.02,43.39,2.169,14.08,4.17,LANE_A,18835.0,-22.7,89.9,CRUISE_LOITER,0.45,3,80.0,-0.06,0.03,-0.06,0.14,-0.15,-122.74,-2.16,-0.18,0.01,-0.08,-0.13,0.1,1.446,-0.02,0.9401,1
19.200000000000003,5146.0,2117.7,72.5,86.49,88.83,86.11,88.92,781.17,660.84,781.03,786.76,4.84,65.38,12.45,3.03,43.4,2.188,14.12,4.11,LANE_A,18835.0,-22.7,89.9,CRUISE_LOITER,0.45,3,80.0,-0.24,-0.4,-0.12,0.19,1.01,-124.32,-1.13,1.6,0.05,-0.27,-0.02,0.11,1.465,0.02,0.9423,1
19.25,4926.3,2027.3,72.9,86.69,89.29,86.1,88.59,780.24,657.63,781.76,785.21,4.74,65.62,12.63,2.98,43.29,2.151,14.11,4.04,LANE_A,18836.0,-22.7,89.9,CRUISE_LOITER,0.45,3,80.0,-0.04,0.06,-0.13,-0.14,0.08,-127.53,-0.4,0.05,-0.05,-0.03,0.16,0.01,1.428,0.01,0.946,1
19.3,4958.9,2040.7,72.5,86.63,88.92,86.14,88.71,780.21,660.67,781.96,784.01,4.81,65.57,12.59,2.99,43.15,2.188,14.09,3.91,LANE_A,18837.0,-22.7,89.9,CRUISE_LOITER,0.45,3,80.0,-0.09,-0.3,-0.08,-0.01,0.05,-124.49,-0.2,-1.15,0.02,-0.07,0.12,-0.13,1.465,-0.01,0.9425,1
19.35,5196.3,2138.4,72.5,86.55,89.22,86.3,88.82,781.04,660.16,783.93,785.0,4.8,65.99,12.53,3.03,43.38,2.168,14.13,4.12,LANE_A,18838.0,-22.7,89.9,CRUISE_LOITER,0.45,3,80.0,-0.17,0.0,0.08,0.1,0.88,-125.0,1.77,-0.16,0.01,0.35,0.06,0.1,1.445,0.03,0.943,1
19.400000000000002,4893.9,2014.0,72.6,86.45,89.31,86.3,88.68,779.52,659.06,780.45,787.39,4.73,65.88,12.44,3.03,43.27,2.182,14.08,4.23,LANE_A,18839.0,-22.7,89.9,CRUISE_LOITER,0.45,3,80.0,-0.27,0.09,0.08,-0.04,-0.64,-126.1,-1.71,2.23,-0.06,0.24,-0.03,-0.01,1.459,-0.02,0.9444,1
19.450000000000003,5112.1,2103.7,72.4,86.44,89.2,85.83,88.82,782.43,660.1,782.45,784.4,4.76,65.8,12.62,3.0,43.1,2.161,14.09,4.01,LANE_A,18840.0,-22.7,89.9,CRUISE_LOITER,0.45,3,80.0,-0.27,-0.01,-0.38,0.11,2.27,-125.06,0.29,-0.76,-0.03,0.16,0.15,-0.18,1.438,-0.01,0.943,1
19.5,5001.7,2058.3,72.9,86.71,89.27,86.28,88.66,779.47,659.16,780.57,784.71,4.78,65.74,12.51,2.99,43.19,2.175,14.09,4.13,LANE_A,18841.0,-22.7,89.9,CRUISE_LOITER,0.45,3,80.0,0.0,0.06,0.07,-0.05,-0.68,-125.99,-1.58,-0.44,-0.01,0.11,0.04,-0.09,1.452,-0.01,0.9442,1
19.55,5176.9,2130.4,72.4,86.87,89.4,86.15,88.92,781.32,657.88,783.79,786.14,4.81,65.6,12.39,2.97,43.37,2.182,14.13,4.0,LANE_A,18842.0,-22.7,89.9,CRUISE_LOITER,0.45,3,80.0,0.16,0.19,-0.06,0.21,1.17,-127.27,1.64,0.99,0.02,-0.03,-0.08,0.09,1.459,0.03,0.9458,1
19.6,5028.7,2069.4,72.5,86.83,89.33,86.24,88.4,780.38,661.41,782.82,786.46,4.83,65.51,12.45,2.99,43.24,2.188,14.11,4.15,LANE_A,18842.0,-22.7,89.9,CRUISE_LOITER,0.45,3,80.0,0.12,0.12,0.03,-0.31,0.23,-123.74,0.67,1.31,0.04,-0.12,-0.02,-0.04,1.465,0.01,0.9415,1
19.650000000000002,5012.8,2062.9,72.5,86.63,88.98,86.26,88.66,777.79,660.43,782.01,786.75,4.78,65.7,12.47,3.02,43.31,2.159,14.09,4.21,LANE_A,18843.0,-22.7,89.9,CRUISE_LOITER,0.45,3,80.0,-0.07,-0.22,0.06,-0.04,-2.36,-124.72,-0.14,1.6,-0.01,0.07,0.0,0.04,1.436,-0.01,0.9426,1
19.700000000000003,5095.0,2096.7,72.5,86.96,89.12,86.38,88.67,779.43,659.94,781.73,785.51,4.84,65.7,12.59,3.0,43.44,2.168,14.1,4.11,LANE_A,18844.0,-22.7,89.9,CRUISE_LOITER,0.45,3,80.0,0.26,-0.08,0.18,-0.03,-0.72,-125.21,-0.42,0.36,0.05,0.08,0.12,0.17,1.445,0.0,0.9432,1
19.75,5158.4,2122.8,72.4,86.82,89.22,86.46,89.05,779.48,658.67,781.81,786.16,4.8,65.77,12.32,3.0,43.32,2.164,14.09,4.05,LANE_A,18845.0,-22.7,89.9,CRUISE_LOITER,0.45,3,80.0,0.12,0.02,0.26,0.35,-0.67,-126.48,-0.34,1.01,0.01,0.15,-0.15,0.05,1.441,-0.01,0.9448,1
19.8,5116.3,2105.5,72.6,86.93,89.24,86.16,88.79,779.26,659.39,782.28,784.3,4.8,65.67,12.46,2.99,43.29,2.189,14.13,4.0,LANE_A,18846.0,-22.7,89.9,CRUISE_LOITER,0.45,3,80.0,0.23,0.04,-0.04,0.09,-0.89,-125.76,0.13,-0.85,0.01,0.05,-0.01,0.02,1.466,0.03,0.944,1
19.85,5015.8,2064.1,72.7,86.96,89.34,86.28,88.57,778.81,659.73,782.39,785.22,4.77,65.46,12.54,3.02,43.32,2.183,14.09,4.01,LANE_A,18847.0,-22.7,89.9,CRUISE_LOITER,0.45,3,80.0,0.27,0.15,0.09,-0.12,-1.33,-125.41,0.25,0.08,-0.02,-0.16,0.07,0.05,1.46,-0.01,0.9436,1
19.900000000000002,5185.4,2133.9,72.8,86.96,89.58,86.08,88.86,778.86,661.42,780.86,786.19,4.77,65.65,12.44,3.0,43.49,2.171,14.11,4.14,LANE_A,18848.0,-22.7,89.9,CRUISE_LOITER,0.45,3,80.0,0.27,0.39,-0.11,0.17,-1.28,-123.72,-1.28,1.05,-0.02,0.04,-0.03,0.22,1.448,0.01,0.9414,1
19.950000000000003,4911.9,2021.4,72.5,86.5,89.29,85.89,88.65,780.54,661.58,783.48,784.16,4.79,65.54,12.46,3.02,43.2,2.192,14.09,3.99,LANE_A,18849.0,-22.7,89.9,CRUISE_LOITER,0.45,3,80.0,-0.19,0.1,-0.3,-0.04,0.4,-123.56,1.34,-0.98,0.0,-0.07,-0.01,-0.07,1.469,-0.01,0.9413,1
20.0,5100.2,2098.8,72.6,86.4,89.25,86.07,88.69,782.26,660.8,781.42,785.26,4.81,65.54,12.48,3.0,43.34,2.176,14.13,4.04,LANE_A,18849.0,-22.7,89.9,CRUISE_LOITER,0.45,3,80.0,-0.28,0.07,-0.11,0.01,2.12,-124.34,-0.72,0.12,0.02,-0.07,0.02,0.07,1.453,0.03,0.9422,1
20.05,5042.4,2075.1,72.6,87.03,89.32,86.45,88.43,781.29,658.17,781.49,784.23,4.8,65.76,12.4,2.98,43.17,2.164,14.11,4.18,LANE_A,18850.0,-22.7,90.0,CRUISE_LOITER,0.45,3,80.0,0.35,0.14,0.27,-0.25,1.15,-126.97,-0.65,-0.91,0.01,0.15,-0.06,-0.09,1.441,0.01,0.9454,1
20.1,5125.8,2109.4,73.0,86.74,89.52,86.32,88.68,779.12,661.9,782.76,783.1,4.81,65.81,12.53,2.98,43.29,2.15,14.1,4.0,LANE_A,18851.0,-22.7,90.0,CRUISE_LOITER,0.45,3,80.0,0.06,0.34,0.14,0.0,-1.02,-123.24,0.62,-2.04,0.02,0.21,0.07,0.03,1.427,0.0,0.9407,1
20.150000000000002,5186.0,2134.2,72.7,86.44,89.24,86.15,88.58,778.86,658.46,781.88,785.3,4.79,65.56,12.47,2.99,43.28,2.19,14.13,4.12,LANE_A,18852.0,-22.7,90.0,CRUISE_LOITER,0.45,3,80.0,-0.24,0.06,-0.03,-0.1,-1.28,-126.68,-0.26,0.16,0.0,-0.04,0.01,0.02,1.467,0.03,0.9452,1
20.200000000000003,5203.9,2141.5,73.0,86.8,89.02,86.39,88.77,781.84,660.83,781.96,785.15,4.84,65.49,12.37,3.02,43.3,2.174,14.1,4.16,LANE_A,18853.0,-22.7,90.0,CRUISE_LOITER,0.45,3,80.0,0.13,-0.15,0.22,0.1,1.7,-124.31,-0.18,0.01,0.05,-0.11,-0.09,0.04,1.451,0.0,0.9422,1
20.25,4958.3,2040.5,73.1,87.08,89.27,85.83,89.01,780.24,659.55,783.25,784.78,4.82,65.54,12.44,3.0,43.38,2.182,14.09,3.94,LANE_A,18854.0,-22.7,90.0,CRUISE_LOITER,0.45,3,80.0,0.41,0.1,-0.34,0.34,0.11,-125.58,1.12,-0.35,0.03,-0.05,-0.02,0.12,1.459,-0.01,0.9438,1
20.3,4910.4,2020.7,72.6,86.36,89.3,86.18,88.46,778.59,660.92,783.83,784.11,4.79,65.67,12.47,3.02,43.28,2.16,14.1,4.09,LANE_A,18855.0,-22.7,90.0,CRUISE_LOITER,0.45,3,80.0,-0.31,0.13,0.01,-0.21,-1.54,-124.21,1.7,-1.02,0.0,0.08,0.01,0.02,1.437,0.0,0.942,1
20.35,4980.4,2049.5,72.7,86.87,88.78,86.06,88.77,778.75,660.55,781.98,785.28,4.78,65.77,12.44,2.99,43.32,2.137,14.08,4.12,LANE_A,18856.0,-22.7,90.0,CRUISE_LOITER,0.45,3,80.0,0.2,-0.39,-0.11,0.1,-1.38,-124.58,-0.15,0.15,-0.01,0.18,-0.02,0.06,1.414,-0.02,0.9423,1
20.400000000000002,5192.6,2136.9,72.7,86.53,89.18,86.34,88.19,779.97,660.71,783.63,783.55,4.78,65.67,12.46,3.0,43.29,2.149,14.1,3.89,LANE_A,18856.0,-22.7,90.0,CRUISE_LOITER,0.45,3,80.0,-0.13,0.02,0.18,-0.47,-0.16,-124.42,1.5,-1.58,-0.01,0.08,0.0,0.03,1.426,0.0,0.9422,1
20.450000000000003,4973.6,2046.7,72.3,86.64,89.27,86.32,88.85,782.31,660.94,782.33,784.17,4.8,65.69,12.52,2.99,43.41,2.201,14.06,3.93,LANE_A,18857.0,-22.7,90.0,CRUISE_LOITER,0.45,3,80.0,-0.02,0.11,0.16,0.19,2.18,-124.19,0.2,-0.96,0.01,0.11,0.06,0.15,1.478,-0.04,0.9422,1
20.5,5153.9,2120.9,72.5,86.71,89.03,86.38,88.67,780.14,660.87,784.1,785.76,4.78,65.7,12.51,2.99,43.24,2.192,14.11,4.19,LANE_A,18858.0,-22.7,90.0,CRUISE_LOITER,0.45,3,80.0,0.05,-0.13,0.22,0.01,0.01,-124.26,1.97,0.63,-0.01,0.12,0.05,-0.01,1.469,0.01,0.9422,1
20.55,4944.4,2034.7,72.7,86.8,89.2,86.04,88.77,778.13,659.78,782.07,784.48,4.8,65.65,12.44,2.99,43.25,2.146,14.09,4.14,LANE_A,18859.0,-22.7,90.0,CRUISE_LOITER,0.45,3,80.0,0.15,0.05,-0.11,0.12,-2.0,-125.35,-0.06,-0.65,0.01,0.07,-0.02,0.0,1.423,-0.01,0.9433,1
20.6,5192.6,2136.9,72.4,86.73,89.21,86.28,88.57,780.01,661.0,782.66,784.54,4.81,65.3,12.46,2.99,43.17,2.138,14.11,4.02,LANE_A,18860.0,-22.7,90.0,CRUISE_LOITER,0.45,3,80.0,0.08,0.06,0.13,-0.08,-0.11,-124.12,0.54,-0.58,0.02,-0.28,0.0,-0.08,1.415,0.01,0.9417,1
20.650000000000002,4977.8,2048.5,72.3,86.5,89.15,86.27,88.59,780.15,659.56,782.16,786.73,4.82,65.61,12.35,3.02,43.26,2.188,14.1,4.04,LANE_A,18861.0,-22.7,90.0,CRUISE_LOITER,0.45,3,80.0,-0.15,0.0,0.12,-0.06,0.03,-125.56,0.04,1.61,0.03,0.04,-0.11,0.01,1.465,0.0,0.9438,1
20.700000000000003,5048.2,2077.4,72.3,86.49,88.78,86.33,88.77,780.58,659.31,781.57,785.71,4.75,65.32,12.47,3.02,43.54,2.166,14.11,3.94,LANE_A,18862.0,-22.7,90.0,CRUISE_LOITER,0.45,3,80.0,-0.16,-0.37,0.18,0.12,0.46,-125.81,-0.55,0.59,-0.04,-0.25,0.01,0.29,1.443,0.01,0.944,1
20.75,5048.3,2077.5,72.5,86.18,89.46,85.85,88.42,777.82,659.85,782.7,785.56,4.72,65.63,12.5,3.01,43.2,2.191,14.1,4.01,LANE_A,18862.0,-22.7,90.0,CRUISE_LOITER,0.45,3,80.0,-0.46,0.32,-0.29,-0.22,-2.3,-125.27,0.58,0.44,-0.07,0.06,0.04,-0.05,1.468,0.0,0.9435,1
20.8,4971.6,2045.9,72.7,86.74,88.84,86.07,88.59,782.14,660.71,783.07,786.5,4.77,65.56,12.39,2.98,43.24,2.165,14.1,3.98,LANE_A,18863.0,-22.7,90.0,CRUISE_LOITER,0.45,3,80.0,0.1,-0.3,-0.07,-0.05,2.02,-124.41,0.95,1.38,-0.02,-0.01,-0.07,-0.01,1.442,0.0,0.9422,1
20.85,5052.1,2079.1,72.5,86.6,89.01,86.13,88.53,778.58,661.77,782.87,783.08,4.77,65.32,12.39,3.01,43.33,2.183,14.11,4.05,LANE_A,18864.0,-22.7,90.0,CRUISE_LOITER,0.45,3,80.0,-0.04,-0.13,-0.01,-0.11,-1.54,-123.35,0.75,-2.04,-0.02,-0.24,-0.07,0.08,1.46,0.01,0.941,1
20.900000000000002,4899.1,2016.1,72.6,86.75,89.09,86.11,88.74,779.05,660.36,780.94,783.62,4.77,65.65,12.35,3.0,43.18,2.191,14.11,4.07,LANE_A,18865.0,-22.7,90.0,CRUISE_LOITER,0.45,3,80.0,0.11,-0.05,-0.03,0.1,-1.07,-124.76,-1.18,-1.5,-0.02,0.09,-0.11,-0.06,1.468,0.01,0.9428,1
20.950000000000003,5137.2,2114.1,72.8,87.01,89.09,86.67,88.55,779.92,661.65,783.55,786.48,4.78,65.49,12.35,3.02,43.26,2.205,14.11,4.2,LANE_A,18866.0,-22.7,90.0,CRUISE_LOITER,0.45,3,80.0,0.38,-0.04,0.54,-0.08,-0.2,-123.47,1.43,1.36,-0.01,-0.07,-0.11,0.02,1.482,0.01,0.9413,1
21.0,5183.3,2133.0,72.7,86.78,88.74,86.05,88.32,780.37,660.93,783.39,783.28,4.77,65.27,12.49,2.99,43.13,2.16,14.07,4.03,LANE_A,18867.0,-22.7,90.0,CRUISE_LOITER,0.45,3,80.0,0.15,-0.39,-0.08,-0.31,0.26,-124.18,1.28,-1.83,-0.02,-0.29,0.03,-0.11,1.437,-0.03,0.9419,1
21.05,4960.7,2041.4,72.4,86.75,88.99,86.04,88.31,780.62,660.78,782.86,785.46,4.79,65.55,12.49,2.97,43.17,2.167,14.11,4.09,LANE_A,18868.0,-22.7,90.0,CRUISE_LOITER,0.45,3,80.0,0.12,-0.14,-0.09,-0.32,0.51,-124.33,0.75,0.35,0.0,0.0,0.03,-0.07,1.444,0.01,0.9421,1
21.1,5008.0,2060.9,72.6,86.54,88.99,85.77,88.45,779.61,659.47,782.62,782.41,4.8,65.71,12.55,3.01,43.04,2.176,14.09,4.18,LANE_A,18869.0,-22.7,90.0,CRUISE_LOITER,0.45,3,80.0,-0.08,-0.13,-0.35,-0.17,-0.5,-125.64,0.51,-2.7,0.01,0.16,0.09,-0.2,1.453,-0.01,0.9438,1
21.150000000000002,5030.3,2070.1,72.8,86.35,89.11,86.31,88.71,781.58,657.95,781.53,786.81,4.78,65.46,12.42,3.03,43.28,2.168,14.13,3.99,LANE_A,18869.0,-22.7,90.1,CRUISE_LOITER,0.45,3,80.0,-0.27,-0.01,0.19,0.09,1.47,-127.16,-0.58,1.7,-0.01,-0.09,-0.04,0.04,1.445,0.03,0.9456,1
21.200000000000003,5025.6,2068.1,72.5,86.89,88.84,85.96,88.25,778.74,658.77,781.76,787.18,4.78,65.28,12.59,3.01,43.03,2.173,14.15,3.97,LANE_A,18870.0,-22.7,90.1,CRUISE_LOITER,0.45,3,80.0,0.27,-0.28,-0.16,-0.37,-1.37,-126.34,-0.35,2.07,-0.01,-0.27,0.13,-0.21,1.45,0.05,0.9447,1
21.25,5062.3,2083.3,72.2,86.84,89.22,86.14,88.85,778.88,661.48,782.81,783.06,4.8,65.67,12.37,3.0,43.36,2.181,14.09,3.8,LANE_A,18871.0,-22.7,90.1,CRUISE_LOITER,0.45,3,80.0,0.22,0.1,0.02,0.23,-1.23,-123.63,0.7,-2.05,0.01,0.13,-0.09,0.12,1.458,-0.01,0.9413,1
21.3,5031.8,2070.7,73.5,86.48,89.05,86.22,88.55,779.04,659.69,781.05,786.04,4.79,65.37,12.58,3.0,43.25,2.171,14.11,4.08,LANE_A,18872.0,-22.7,90.1,CRUISE_LOITER,0.45,3,80.0,-0.13,-0.06,0.11,-0.06,-1.07,-125.42,-1.06,0.93,0.0,-0.17,0.12,0.02,1.448,0.01,0.9435,1
21.35,4926.5,2027.4,72.8,86.71,88.97,86.06,88.6,780.63,659.68,781.77,785.25,4.79,65.46,12.52,2.99,43.19,2.189,14.06,4.11,LANE_A,18873.0,-22.7,90.1,CRUISE_LOITER,0.45,3,80.0,0.1,-0.14,-0.05,-0.01,0.52,-125.43,-0.34,0.14,0.0,-0.08,0.06,-0.04,1.466,-0.04,0.9436,1
21.400000000000002,4974.1,2047.0,72.3,86.73,89.3,85.92,88.49,777.42,659.05,781.28,785.17,4.78,65.57,12.54,3.05,43.32,2.155,14.09,4.17,LANE_A,18874.0,-22.7,90.1,CRUISE_LOITER,0.45,3,80.0,0.12,0.19,-0.19,-0.12,-2.68,-126.05,-0.82,0.07,-0.01,0.03,0.08,0.09,1.432,-0.01,0.9442,1
21.450000000000003,5045.1,2076.2,72.7,86.69,89.29,85.89,88.44,779.7,661.05,782.22,783.67,4.85,65.4,12.42,3.03,43.22,2.171,14.09,3.93,LANE_A,18875.0,-22.7,90.1,CRUISE_LOITER,0.45,3,80.0,0.08,0.18,-0.22,-0.17,-0.4,-124.05,0.12,-1.43,0.06,-0.13,-0.04,-0.01,1.448,-0.01,0.9418,1
21.5,4895.6,2014.7,72.4,86.59,89.12,86.15,88.55,779.72,660.49,781.74,784.69,4.73,65.49,12.51,3.0,43.39,2.166,14.11,4.07,LANE_A,18876.0,-22.8,90.1,CRUISE_LOITER,0.45,3,80.0,-0.01,0.02,0.05,-0.05,-0.38,-124.61,-0.36,-0.41,-0.06,-0.04,0.05,0.16,1.443,0.01,0.9425,1
21.55,5121.7,2107.7,73.0,86.52,89.01,86.2,88.7,779.24,661.27,782.44,784.61,4.77,65.58,12.46,3.02,43.22,2.171,14.11,4.02,LANE_A,18876.0,-22.8,90.1,CRUISE_LOITER,0.45,3,80.0,-0.08,-0.09,0.1,0.1,-0.86,-123.83,0.34,-0.49,-0.02,0.05,0.0,-0.01,1.448,0.01,0.9415,1
21.6,4931.3,2029.3,72.5,86.67,89.41,86.3,88.24,779.47,659.85,782.99,784.84,4.83,65.29,12.41,3.0,43.33,2.178,14.08,4.07,LANE_A,18877.0,-22.8,90.1,CRUISE_LOITER,0.45,3,80.0,0.07,0.31,0.2,-0.36,-0.63,-125.25,0.89,-0.26,0.04,-0.24,-0.05,0.1,1.455,-0.02,0.9434,1
21.650000000000002,5190.8,2136.1,72.4,86.44,88.94,86.31,88.48,781.56,658.94,781.23,783.52,4.76,65.38,12.47,3.01,43.29,2.185,14.07,3.97,LANE_A,18878.0,-22.8,90.1,CRUISE_LOITER,0.45,3,80.0,-0.15,-0.15,0.22,-0.11,1.46,-126.16,-0.87,-1.58,-0.03,-0.14,0.01,0.06,1.462,-0.03,0.9445,1
21.700000000000003,5178.9,2131.2,72.6,86.65,89.17,86.15,88.59,780.13,660.85,781.42,786.36,4.77,65.47,12.5,3.0,43.19,2.154,14.11,4.12,LANE_A,18879.0,-22.8,90.1,CRUISE_LOITER,0.45,3,80.0,0.06,0.08,0.06,0.0,0.03,-124.25,-0.68,1.26,-0.02,-0.05,0.04,-0.04,1.431,0.01,0.942,1
21.75,5014.0,2063.4,72.9,86.67,89.36,86.15,88.4,779.17,658.92,780.28,785.14,4.82,65.2,12.6,3.0,43.21,2.172,14.09,4.14,LANE_A,18880.0,-22.8,90.1,CRUISE_LOITER,0.45,3,80.0,0.08,0.27,0.06,-0.19,-0.92,-126.17,-1.81,0.05,0.03,-0.32,0.14,-0.01,1.449,-0.01,0.9444,1
21.8,5183.1,2133.0,72.7,86.88,89.2,86.26,88.57,780.51,662.38,781.26,785.64,4.78,65.49,12.44,3.0,43.07,2.167,14.12,4.04,LANE_A,18881.0,-22.8,90.1,CRUISE_LOITER,0.45,3,80.0,0.29,0.11,0.17,-0.02,0.42,-122.71,-0.83,0.55,-0.01,-0.03,-0.02,-0.15,1.444,0.02,0.9401,1
21.85,5018.3,2065.1,72.6,86.15,89.2,86.11,88.46,781.33,659.16,782.54,784.67,4.83,65.6,12.4,3.02,43.35,2.191,14.12,4.19,LANE_A,18882.0,-22.8,90.1,CRUISE_LOITER,0.45,3,80.0,-0.43,0.12,0.03,-0.12,1.24,-125.93,0.45,-0.42,0.04,0.09,-0.06,0.13,1.468,0.02,0.9443,1
21.900000000000002,5166.1,2126.0,72.6,86.69,89.21,86.23,88.68,781.37,660.01,782.94,786.82,4.8,65.53,12.46,2.98,43.08,2.162,14.12,3.98,LANE_A,18882.0,-22.8,90.1,CRUISE_LOITER,0.45,3,80.0,0.11,0.13,0.15,0.1,1.28,-125.08,0.85,1.73,0.01,0.02,0.0,-0.14,1.439,0.02,0.9431,1
21.950000000000003,4889.3,2012.1,72.5,86.29,89.03,86.09,88.63,780.31,661.85,781.94,786.32,4.79,65.6,12.47,2.96,43.17,2.165,14.06,4.06,LANE_A,18883.0,-22.8,90.1,CRUISE_LOITER,0.45,3,80.0,-0.29,-0.05,0.01,0.05,0.22,-123.24,-0.15,1.23,0.0,0.09,0.01,-0.05,1.442,-0.04,0.9407,1
22.0,4962.3,2042.1,72.6,86.57,89.14,85.94,88.67,780.88,659.15,781.56,784.73,4.77,65.59,12.51,2.96,43.38,2.161,14.08,3.94,LANE_A,18884.0,-22.8,90.1,CRUISE_LOITER,0.45,3,80.0,-0.01,0.06,-0.14,0.09,0.79,-125.94,-0.53,-0.36,-0.02,0.08,0.06,0.16,1.438,-0.02,0.9441,1
22.05,5058.5,2081.7,72.9,86.56,89.09,86.12,88.35,782.02,659.39,781.06,784.62,4.78,65.65,12.36,2.98,43.33,2.173,14.11,4.06,LANE_A,18885.0,-22.8,90.1,CRUISE_LOITER,0.45,3,80.0,-0.01,0.02,0.05,-0.22,1.93,-125.7,-1.03,-0.47,-0.01,0.15,-0.09,0.11,1.45,0.01,0.9439,1
22.1,4967.9,2044.4,72.4,86.85,88.7,86.15,88.5,782.39,661.78,780.54,784.48,4.77,65.56,12.48,3.04,43.36,2.17,14.11,3.99,LANE_A,18886.0,-22.8,90.1,CRUISE_LOITER,0.45,3,80.0,0.28,-0.37,0.08,-0.07,2.3,-123.31,-1.55,-0.61,-0.02,0.06,0.03,0.14,1.447,0.01,0.9409,1
22.150000000000002,5145.3,2117.4,72.9,86.59,89.38,85.88,88.7,778.91,660.16,782.51,785.81,4.81,65.39,12.59,3.0,43.13,2.19,14.07,3.96,LANE_A,18887.0,-22.8,90.1,CRUISE_LOITER,0.45,3,80.0,0.02,0.31,-0.19,0.13,-1.17,-124.92,0.43,0.73,0.02,-0.11,0.14,-0.08,1.467,-0.03,0.943,1
22.200000000000003,5005.8,2060.0,72.6,86.88,89.04,85.85,88.72,779.6,659.91,781.55,785.7,4.78,65.27,12.41,2.99,43.23,2.166,14.08,4.13,LANE_A,18888.0,-22.8,90.1,CRUISE_LOITER,0.45,3,80.0,0.32,-0.02,-0.21,0.16,-0.48,-125.17,-0.53,0.62,-0.01,-0.23,-0.04,0.02,1.443,-0.02,0.9432,1
22.25,5022.2,2066.7,72.6,86.54,89.22,86.29,88.68,779.43,658.77,782.06,784.81,4.73,65.19,12.32,2.98,43.35,2.193,14.11,4.1,LANE_A,18889.0,-22.8,90.2,CRUISE_LOITER,0.45,3,80.0,-0.02,0.16,0.23,0.12,-0.65,-126.31,-0.02,-0.27,-0.06,-0.3,-0.13,0.14,1.47,0.01,0.9447,1
22.3,4894.6,2014.2,72.6,86.34,89.0,86.26,88.6,780.53,659.54,783.66,785.12,4.8,65.74,12.57,3.03,43.09,2.169,14.11,3.85,LANE_A,18889.0,-22.8,90.2,CRUISE_LOITER,0.45,3,80.0,-0.22,-0.06,0.2,0.04,0.45,-125.54,1.58,0.04,0.01,0.25,0.12,-0.12,1.446,0.01,0.9437,1
22.35,5163.8,2125.0,72.7,86.16,88.68,85.97,88.25,780.73,660.1,780.36,786.08,4.87,65.6,12.51,2.97,43.21,2.176,14.08,4.18,LANE_A,18890.0,-22.8,90.2,CRUISE_LOITER,0.45,3,80.0,-0.4,-0.38,-0.09,-0.31,0.65,-124.98,-1.72,1.0,0.08,0.11,0.06,0.0,1.453,-0.02,0.943,1
22.400000000000002,5091.7,2095.3,72.9,86.52,89.02,86.12,88.54,781.13,659.84,780.65,785.48,4.78,65.59,12.51,2.98,43.2,2.183,14.11,4.09,LANE_A,18891.0,-22.8,90.2,CRUISE_LOITER,0.45,3,80.0,-0.03,-0.03,0.07,-0.01,1.05,-125.24,-1.43,0.4,-0.01,0.1,0.06,-0.01,1.46,0.01,0.9434,1
22.450000000000003,5134.1,2112.8,72.6,86.6,89.18,85.9,88.45,781.16,660.33,782.09,784.65,4.76,65.35,12.35,2.99,42.99,2.177,14.09,3.97,LANE_A,18892.0,-22.8,90.2,CRUISE_LOITER,0.45,3,80.0,0.05,0.13,-0.15,-0.1,1.08,-124.75,0.01,-0.43,-0.03,-0.13,-0.1,-0.22,1.454,-0.01,0.9427,1
22.5,5199.0,2139.5,72.3,86.44,88.78,86.31,88.42,781.27,658.74,781.8,783.72,4.77,65.49,12.42,3.03,43.08,2.181,14.12,4.21,LANE_A,18893.0,-22.8,90.2,CRUISE_LOITER,0.45,3,80.0,-0.11,-0.27,0.26,-0.13,1.19,-126.34,-0.28,-1.36,-0.02,0.01,-0.03,-0.13,1.458,0.02,0.9447,1
22.55,5005.4,2059.8,72.5,86.86,88.96,86.36,88.52,781.92,658.47,779.81,788.02,4.74,65.42,12.55,2.98,43.15,2.19,14.09,3.99,LANE_A,18894.0,-22.8,90.2,CRUISE_LOITER,0.45,3,80.0,0.31,-0.09,0.31,-0.03,1.85,-126.6,-2.26,2.95,-0.05,-0.06,0.1,-0.05,1.467,-0.01,0.9451,1
22.6,5134.0,2112.8,72.4,86.59,89.17,86.0,88.35,779.26,659.73,783.13,786.73,4.75,65.46,12.55,2.99,42.92,2.179,14.13,4.14,LANE_A,18895.0,-22.8,90.2,CRUISE_LOITER,0.45,3,80.0,0.05,0.13,-0.04,-0.19,-0.81,-125.34,1.06,1.66,-0.04,-0.02,0.1,-0.28,1.456,0.03,0.9435,1
22.650000000000002,5175.4,2129.8,72.5,86.68,89.05,86.37,88.74,780.77,660.79,780.61,785.35,4.8,65.25,12.37,3.0,43.01,2.193,14.12,4.01,LANE_A,18896.0,-22.8,90.2,CRUISE_LOITER,0.45,3,80.0,0.14,0.01,0.33,0.2,0.7,-124.28,-1.46,0.28,0.01,-0.22,-0.08,-0.19,1.47,0.02,0.9422,1
22.700000000000003,4960.3,2041.3,72.7,86.63,89.06,85.97,88.79,779.98,659.17,782.25,786.25,4.84,65.44,12.35,3.04,43.1,2.173,14.11,4.17,LANE_A,18896.0,-22.8,90.2,CRUISE_LOITER,0.45,3,80.0,0.09,0.02,-0.07,0.25,-0.09,-125.9,0.18,1.18,0.05,-0.03,-0.1,-0.1,1.45,0.01,0.9441,1
22.75,5083.9,2092.1,72.6,86.53,88.96,85.99,88.49,779.03,662.15,782.65,787.39,4.77,65.46,12.4,3.02,43.15,2.165,14.09,4.2,LANE_A,18897.0,-22.8,90.2,CRUISE_LOITER,0.45,3,80.0,-0.01,-0.08,-0.05,-0.05,-1.04,-122.92,0.58,2.32,-0.02,-0.01,-0.05,-0.05,1.442,-0.01,0.9403,1
22.8,4962.4,2042.1,72.5,86.56,89.29,86.17,88.52,782.94,657.19,780.42,784.37,4.8,65.39,12.52,2.99,43.17,2.139,14.1,4.03,LANE_A,18898.0,-22.8,90.2,CRUISE_LOITER,0.45,3,80.0,0.03,0.26,0.14,-0.01,2.87,-127.88,-1.65,-0.7,0.01,-0.08,0.07,-0.03,1.416,0.0,0.9463,1
22.85,4887.5,2011.3,72.4,86.31,89.07,85.86,88.3,782.03,660.95,780.63,785.56,4.76,65.64,12.59,3.02,42.94,2.16,14.09,4.19,LANE_A,18899.0,-22.8,90.2,CRUISE_LOITER,0.45,3,80.0,-0.22,0.04,-0.17,-0.23,1.96,-124.12,-1.44,0.49,-0.03,0.18,0.14,-0.26,1.437,-0.01,0.9418,1
22.900000000000002,5022.4,2066.8,72.7,86.34,88.84,86.28,88.41,781.67,659.59,781.35,786.95,4.75,65.69,12.54,2.99,43.18,2.192,14.12,3.97,LANE_A,18900.0,-22.8,90.2,CRUISE_LOITER,0.45,3,80.0,-0.19,-0.19,0.25,-0.12,1.61,-125.47,-0.71,1.89,-0.04,0.23,0.09,-0.02,1.469,0.02,0.9437,1
22.950000000000003,5168.5,2127.0,72.8,86.68,88.76,86.41,88.3,779.85,660.6,782.3,784.84,4.78,65.55,12.49,3.04,43.21,2.178,14.11,3.97,LANE_A,18901.0,-22.8,90.2,CRUISE_LOITER,0.45,3,80.0,0.16,-0.26,0.39,-0.22,-0.21,-124.46,0.24,-0.22,-0.01,0.09,0.04,0.01,1.455,0.01,0.9424,1
23.0,5036.1,2072.5,72.8,86.43,88.97,85.98,88.48,777.22,658.94,782.69,785.04,4.79,65.55,12.46,3.01,43.17,2.19,14.11,4.18,LANE_A,18902.0,-22.8,90.2,CRUISE_LOITER,0.45,3,80.0,-0.09,-0.05,-0.04,-0.04,-2.84,-126.12,0.63,-0.02,0.0,0.09,0.01,-0.02,1.467,0.01,0.9445,1
23.05,4975.3,2047.4,72.6,86.39,88.93,86.05,88.41,779.14,659.14,781.57,785.02,4.79,65.21,12.46,3.02,43.09,2.166,14.11,4.0,LANE_A,18902.0,-22.8,90.2,CRUISE_LOITER,0.45,3,80.0,-0.13,-0.09,0.03,-0.11,-0.92,-125.92,-0.49,-0.04,0.0,-0.24,0.01,-0.1,1.443,0.01,0.9441,1
23.1,4983.1,2050.7,72.4,86.55,89.04,86.14,88.17,778.44,661.08,783.47,786.72,4.79,65.12,12.59,2.98,43.2,2.153,14.13,3.95,LANE_A,18903.0,-22.8,90.2,CRUISE_LOITER,0.45,3,80.0,0.03,0.02,0.12,-0.35,-1.62,-123.98,1.41,1.66,0.0,-0.33,0.14,0.01,1.43,0.03,0.9416,1
23.150000000000002,5190.2,2135.9,72.7,86.6,89.24,85.95,88.39,781.03,660.78,780.5,784.87,4.75,65.55,12.41,2.99,43.06,2.156,14.1,3.9,LANE_A,18904.0,-22.8,90.2,CRUISE_LOITER,0.45,3,80.0,0.09,0.23,-0.06,-0.12,0.97,-124.28,-1.56,-0.19,-0.04,0.1,-0.04,-0.13,1.433,0.0,0.942,1
23.200000000000003,5159.6,2123.3,72.9,86.5,89.1,86.05,88.62,780.41,660.45,780.22,786.25,4.79,65.52,12.29,3.0,43.2,2.17,14.09,4.2,LANE_A,18905.0,-22.8,90.2,CRUISE_LOITER,0.45,3,80.0,-0.01,0.09,0.04,0.11,0.35,-124.61,-1.84,1.19,0.0,0.07,-0.16,0.01,1.447,-0.01,0.9425,1
23.25,4917.8,2023.8,72.5,86.57,89.17,85.91,88.51,780.15,659.97,784.38,787.4,4.8,65.56,12.61,2.98,43.07,2.18,14.08,4.06,LANE_A,18906.0,-22.8,90.2,CRUISE_LOITER,0.45,3,80.0,0.06,0.16,-0.1,0.0,0.09,-125.09,2.32,2.34,0.01,0.12,0.16,-0.12,1.457,-0.02,0.9432,1
23.3,5142.0,2116.0,72.6,86.52,88.98,85.96,88.55,782.05,658.01,781.04,784.74,4.82,65.61,12.37,2.98,43.36,2.173,14.14,3.86,LANE_A,18907.0,-22.8,90.2,CRUISE_LOITER,0.45,3,80.0,0.01,-0.03,-0.05,0.04,2.0,-127.04,-1.01,-0.31,0.03,0.17,-0.08,0.17,1.45,0.04,0.9455,1
23.35,4930.6,2029.1,72.6,86.4,88.99,86.18,88.42,780.73,660.75,784.54,787.4,4.77,65.35,12.56,3.02,42.95,2.174,14.12,4.05,LANE_A,18908.0,-22.8,90.3,CRUISE_LOITER,0.45,3,80.0,-0.1,-0.01,0.18,-0.08,0.68,-124.3,2.49,2.35,-0.02,-0.09,0.11,-0.24,1.451,0.02,0.9421,1
23.400000000000002,5034.6,2071.9,72.7,86.78,89.06,86.37,88.56,780.43,658.97,781.72,785.39,4.86,65.68,12.59,2.99,43.2,2.181,14.08,4.08,LANE_A,18909.0,-22.8,90.3,CRUISE_LOITER,0.45,3,80.0,0.28,0.06,0.37,0.06,0.38,-126.08,-0.33,0.34,0.07,0.24,0.14,0.02,1.458,-0.02,0.9444,1
23.450000000000003,4974.1,2047.0,72.8,86.57,88.96,86.07,88.6,779.65,657.31,783.29,785.06,4.77,65.49,12.47,2.98,43.3,2.167,14.09,3.97,LANE_A,18909.0,-22.8,90.3,CRUISE_LOITER,0.45,3,80.0,0.07,-0.04,0.07,0.1,-0.4,-127.74,1.24,0.01,-0.02,0.06,0.02,0.12,1.444,-0.01,0.9463,1
23.5,4937.0,2031.7,72.8,86.43,88.92,85.93,88.32,778.37,660.13,781.19,785.81,4.75,65.46,12.36,3.0,43.23,2.188,14.11,4.07,LANE_A,18910.0,-22.8,90.3,CRUISE_LOITER,0.45,3,80.0,-0.06,-0.07,-0.06,-0.17,-1.68,-124.92,-0.86,0.76,-0.04,0.03,-0.09,0.05,1.465,0.01,0.943,1
23.55,4953.6,2038.5,72.7,86.47,88.91,85.98,88.44,778.84,660.36,783.46,786.69,4.83,65.34,12.51,3.01,43.66,2.169,14.11,4.22,LANE_A,18911.0,-22.8,90.3,CRUISE_LOITER,0.45,3,80.0,-0.02,-0.08,-0.01,-0.05,-1.21,-124.69,1.41,1.64,0.04,-0.09,0.06,0.48,1.446,0.01,0.9426,1
23.6,5112.9,2104.1,72.7,86.45,88.68,85.91,88.36,779.95,659.61,782.52,786.25,4.75,65.55,12.31,3.0,43.38,2.162,14.09,4.07,LANE_A,18912.0,-22.8,90.3,CRUISE_LOITER,0.45,3,80.0,-0.04,-0.31,-0.08,-0.13,-0.1,-125.44,0.47,1.2,-0.04,0.12,-0.14,0.2,1.439,-0.01,0.9435,1
23.650000000000002,5037.9,2073.2,72.4,86.57,89.09,86.32,88.47,778.83,660.2,780.97,783.65,4.76,65.29,12.38,2.98,43.34,2.163,14.1,3.95,LANE_A,18913.0,-22.8,90.3,CRUISE_LOITER,0.45,3,80.0,0.08,0.1,0.33,-0.02,-1.21,-124.84,-1.07,-1.39,-0.03,-0.13,-0.07,0.16,1.44,0.0,0.9428,1
23.700000000000003,5134.4,2112.9,72.5,86.18,89.26,85.92,88.63,781.84,659.16,781.2,784.62,4.77,65.34,12.34,3.01,42.97,2.147,14.09,4.07,LANE_A,18914.0,-22.8,90.3,CRUISE_LOITER,0.45,3,80.0,-0.3,0.28,-0.06,0.15,1.8,-125.88,-0.84,-0.42,-0.02,-0.08,-0.11,-0.21,1.424,-0.01,0.944,1
23.75,5061.0,2082.7,72.6,86.57,89.07,85.73,88.3,780.21,660.99,783.68,785.84,4.76,65.28,12.44,3.01,43.27,2.181,14.1,4.07,LANE_A,18915.0,-22.8,90.3,CRUISE_LOITER,0.45,3,80.0,0.09,0.09,-0.25,-0.18,0.17,-124.05,1.64,0.8,-0.03,-0.14,-0.01,0.09,1.458,0.0,0.9419,1
23.8,4912.8,2021.7,72.7,86.39,89.05,85.86,88.51,780.5,660.54,782.02,785.65,4.81,65.31,12.47,3.0,43.3,2.154,14.11,4.03,LANE_A,18916.0,-22.8,90.3,CRUISE_LOITER,0.45,3,80.0,-0.09,0.07,-0.12,0.03,0.46,-124.5,-0.02,0.61,0.02,-0.11,0.02,0.13,1.431,0.01,0.9423,1
23.85,5035.0,2072.0,72.5,86.13,89.1,86.1,88.33,781.52,659.34,782.37,785.97,4.78,65.1,12.38,3.0,43.16,2.164,14.11,4.05,LANE_A,18916.0,-22.8,90.3,CRUISE_LOITER,0.45,3,80.0,-0.35,0.12,0.12,-0.15,1.48,-125.7,0.33,0.93,-0.01,-0.31,-0.07,-0.01,1.441,0.01,0.9438,1
23.900000000000002,5215.0,2146.1,72.8,86.23,88.73,86.11,88.56,780.26,660.47,783.68,783.68,4.74,65.44,12.48,3.03,43.0,2.189,14.1,4.35,LANE_A,18917.0,-22.8,90.3,CRUISE_LOITER,0.45,3,80.0,-0.24,-0.24,0.14,0.09,0.22,-124.57,1.64,-1.36,-0.05,0.03,0.03,-0.17,1.466,0.0,0.9426,1
23.950000000000003,5050.3,2078.3,72.6,86.4,88.94,86.08,88.7,781.49,661.74,781.21,785.09,4.81,65.43,12.41,3.01,42.91,2.193,14.1,4.14,LANE_A,18918.0,-22.8,90.3,CRUISE_LOITER,0.45,3,80.0,-0.07,-0.03,0.11,0.23,1.45,-123.3,-0.83,0.05,0.02,0.02,-0.04,-0.26,1.47,0.0,0.941,1
24.0,5054.8,2080.2,72.9,86.29,88.93,85.66,88.65,782.15,661.74,780.45,786.37,4.8,65.5,12.51,2.99,43.28,2.163,14.12,3.92,LANE_A,18919.0,-22.8,90.3,CRUISE_LOITER,0.45,3,80.0,-0.18,-0.04,-0.31,0.18,2.11,-123.3,-1.59,1.33,0.01,0.09,0.07,0.11,1.44,0.02,0.9408,1
24.05,5051.7,2078.9,72.7,86.63,89.51,86.32,88.72,780.51,658.71,783.79,784.05,4.79,65.22,12.52,2.98,43.03,2.174,14.1,4.05,LANE_A,18920.0,-22.8,90.3,CRUISE_LOITER,0.45,3,80.0,0.16,0.54,0.35,0.25,0.48,-126.32,1.76,-0.98,0.0,-0.18,0.08,-0.14,1.451,0.0,0.9446,1
24.1,4948.7,2036.5,72.7,86.45,88.92,85.74,88.75,781.05,659.01,781.78,783.94,4.8,65.25,12.4,3.01,43.13,2.16,14.1,4.12,LANE_A,18921.0,-22.8,90.3,CRUISE_LOITER,0.45,3,80.0,-0.01,-0.04,-0.22,0.29,1.02,-126.02,-0.25,-1.09,0.01,-0.15,-0.04,-0.04,1.437,0.0,0.9442,1
24.150000000000002,5058.4,2081.6,72.7,86.06,89.03,85.82,88.23,780.8,661.27,782.78,785.4,4.79,65.36,12.3,3.02,43.26,2.16,14.07,4.14,LANE_A,18922.0,-22.8,90.3,CRUISE_LOITER,0.45,3,80.0,-0.4,0.07,-0.14,-0.23,0.77,-123.76,0.75,0.37,0.0,-0.04,-0.14,0.09,1.437,-0.03,0.9414,1
24.200000000000003,4928.7,2028.3,72.9,86.44,88.81,85.81,88.55,779.83,659.36,782.46,784.97,4.82,65.16,12.42,3.0,43.3,2.161,14.12,4.17,LANE_A,18922.0,-22.8,90.3,CRUISE_LOITER,0.45,3,80.0,-0.02,-0.15,-0.15,0.09,-0.2,-125.67,0.43,-0.06,0.03,-0.24,-0.02,0.14,1.438,0.02,0.9438,1
24.25,5033.4,2071.4,72.6,86.23,88.89,85.98,88.38,780.74,662.17,782.36,785.04,4.83,65.23,12.42,3.01,43.0,2.166,14.09,3.94,LANE_A,18923.0,-22.8,90.3,CRUISE_LOITER,0.45,3,80.0,-0.22,-0.06,0.03,-0.07,0.71,-122.86,0.33,0.01,0.04,-0.16,-0.02,-0.16,1.443,-0.01,0.9403,1
24.3,5174.7,2129.5,72.9,86.34,88.84,86.09,88.36,779.81,658.75,780.82,784.07,4.77,65.28,12.53,3.01,43.06,2.165,14.11,3.98,LANE_A,18924.0,-22.8,90.3,CRUISE_LOITER,0.45,3,80.0,-0.11,-0.11,0.14,-0.09,-0.22,-126.28,-1.21,-0.96,-0.02,-0.11,0.09,-0.1,1.442,0.01,0.9445,1
24.35,5021.3,2066.4,72.8,86.66,88.7,85.96,88.47,780.89,659.14,781.23,784.6,4.8,65.45,12.44,3.02,43.09,2.156,14.08,4.11,LANE_A,18925.0,-22.9,90.3,CRUISE_LOITER,0.45,3,80.0,0.21,-0.25,0.01,0.02,0.86,-125.89,-0.8,-0.43,0.01,0.06,0.0,-0.07,1.433,-0.02,0.944,1
24.400000000000002,5144.2,2117.0,72.8,86.36,88.73,85.96,88.28,780.63,660.4,783.45,784.72,4.76,65.48,12.48,3.01,43.31,2.162,14.12,4.04,LANE_A,18926.0,-22.9,90.3,CRUISE_LOITER,0.45,3,80.0,-0.09,-0.22,0.01,-0.17,0.6,-124.63,1.42,-0.31,-0.03,0.09,0.04,0.15,1.439,0.02,0.9425,1
24.450000000000003,5088.3,2094.0,72.7,86.43,88.93,86.3,88.35,782.01,660.51,780.39,784.42,4.74,65.3,12.53,3.0,43.14,2.179,14.13,3.92,LANE_A,18927.0,-22.9,90.3,CRUISE_LOITER,0.45,3,80.0,-0.01,-0.01,0.36,-0.09,1.99,-124.51,-1.63,-0.6,-0.05,-0.08,0.09,-0.02,1.456,0.03,0.9424,1
24.5,4997.0,2056.4,72.5,86.49,88.96,85.83,88.63,779.56,660.06,781.48,784.7,4.77,65.46,12.38,3.02,43.17,2.152,14.09,4.09,LANE_A,18928.0,-22.9,90.4,CRUISE_LOITER,0.45,3,80.0,0.05,0.02,-0.11,0.19,-0.46,-124.96,-0.54,-0.32,-0.02,0.08,-0.06,0.01,1.429,-0.01,0.9428,1
24.55,4959.0,2040.7,72.6,86.55,89.14,86.09,88.57,779.09,660.08,782.2,785.77,4.73,65.44,12.48,2.99,43.1,2.165,14.07,4.02,LANE_A,18929.0,-22.9,90.4,CRUISE_LOITER,0.45,3,80.0,0.11,0.2,0.15,0.13,-0.93,-124.94,0.18,0.75,-0.06,0.06,0.04,-0.06,1.442,-0.03,0.9429,1
24.6,5053.4,2079.6,72.5,86.51,88.59,86.17,88.53,777.87,661.24,780.78,785.21,4.81,65.35,12.55,3.02,43.23,2.154,14.05,4.05,LANE_A,18929.0,-22.9,90.4,CRUISE_LOITER,0.45,3,80.0,0.07,-0.35,0.23,0.09,-2.15,-123.78,-1.24,0.19,0.02,-0.03,0.11,0.07,1.431,-0.05,0.9414,1
24.650000000000002,5125.6,2109.3,72.9,86.43,89.03,85.78,88.11,777.23,658.15,782.26,786.91,4.85,65.14,12.41,2.99,43.23,2.171,14.1,4.11,LANE_A,18930.0,-22.9,90.4,CRUISE_LOITER,0.45,3,80.0,0.0,0.1,-0.15,-0.32,-2.79,-126.87,0.24,1.89,0.05,-0.23,-0.03,0.08,1.448,0.0,0.9453,1
24.700000000000003,4914.9,2022.6,73.2,86.63,89.11,86.03,88.58,779.04,659.62,780.21,784.65,4.81,65.47,12.33,2.97,43.02,2.204,14.06,3.93,LANE_A,18931.0,-22.9,90.4,CRUISE_LOITER,0.45,3,80.0,0.2,0.18,0.1,0.15,-0.98,-125.4,-1.81,-0.37,0.01,0.1,-0.11,-0.13,1.481,-0.04,0.9437,1
24.75,4961.4,2041.7,73.0,86.29,89.09,85.85,88.84,778.54,659.66,781.53,785.21,4.79,64.98,12.51,2.96,43.16,2.17,14.16,4.08,LANE_A,18932.0,-22.9,90.4,CRUISE_LOITER,0.45,3,80.0,-0.14,0.16,-0.08,0.41,-1.48,-125.36,-0.49,0.19,-0.01,-0.39,0.07,0.01,1.447,0.06,0.9434,1
24.8,4929.4,2028.6,72.8,86.29,88.85,85.97,88.11,780.29,658.31,783.01,783.95,4.81,65.06,12.46,2.97,43.27,2.178,14.08,4.0,LANE_A,18933.0,-22.9,90.4,CRUISE_LOITER,0.45,3,80.0,-0.13,-0.07,0.05,-0.31,0.28,-126.7,1.0,-1.06,0.01,-0.31,0.02,0.12,1.455,-0.02,0.9451,1
24.85,4985.1,2051.5,73.2,86.27,89.25,85.79,88.43,781.29,661.58,780.12,783.66,4.8,65.07,12.45,2.99,43.29,2.198,14.12,4.09,LANE_A,18934.0,-22.9,90.4,CRUISE_LOITER,0.45,3,80.0,-0.15,0.33,-0.13,0.01,1.28,-123.43,-1.89,-1.35,0.0,-0.29,0.01,0.14,1.475,0.02,0.9412,1
24.900000000000002,4970.4,2045.4,72.9,86.46,88.7,86.02,88.27,780.94,660.82,783.48,784.72,4.8,65.6,12.58,3.03,43.07,2.155,14.11,4.04,LANE_A,18935.0,-22.9,90.4,CRUISE_LOITER,0.45,3,80.0,0.04,-0.22,0.1,-0.15,0.93,-124.19,1.47,-0.29,0.0,0.24,0.14,-0.08,1.432,0.01,0.9419,1
24.950000000000003,4939.5,2032.7,72.8,86.7,88.92,85.85,87.99,779.74,656.85,783.78,785.29,4.8,65.36,12.43,3.02,43.15,2.188,14.07,3.93,LANE_A,18935.0,-22.9,90.4,CRUISE_LOITER,0.45,3,80.0,0.28,0.0,-0.07,-0.43,-0.27,-128.16,1.77,0.28,0.0,0.0,-0.01,0.0,1.465,-0.03,0.9469,1
25.0,4891.8,2013.1,72.4,86.38,89.29,86.01,88.69,780.29,659.39,782.87,784.3,4.81,65.54,12.53,3.01,43.31,2.188,14.09,4.2,LANE_A,18936.0,-22.9,90.4,CRUISE_LOITER,0.45,3,80.0,-0.03,0.38,0.1,0.28,0.28,-125.62,0.86,-0.71,0.01,0.18,0.09,0.16,1.465,-0.01,0.9439,1
25.05,4971.8,2046.0,72.7,86.51,88.7,86.12,88.35,781.63,659.92,782.43,784.54,4.82,65.28,12.47,2.96,43.12,2.201,14.08,4.09,LANE_A,18937.0,-22.9,90.4,CRUISE_LOITER,0.45,3,80.0,0.1,-0.21,0.21,-0.06,1.62,-125.09,0.42,-0.47,0.02,-0.07,0.03,-0.02,1.478,-0.02,0.9433,1
25.1,5123.1,2108.3,72.9,86.58,88.66,86.05,88.56,779.69,659.95,782.25,783.86,4.81,65.48,12.44,3.0,43.22,2.178,14.1,4.14,LANE_A,18938.0,-22.9,90.4,CRUISE_LOITER,0.45,3,80.0,0.17,-0.25,0.14,0.15,-0.32,-125.06,0.24,-1.15,0.01,0.13,0.0,0.08,1.455,0.0,0.9431,1
25.150000000000002,5038.7,2073.5,72.8,86.28,88.86,85.88,88.53,779.11,659.21,783.41,785.37,4.84,65.41,12.46,3.02,43.0,2.186,14.14,4.11,LANE_A,18939.0,-22.9,90.4,CRUISE_LOITER,0.45,3,80.0,-0.13,-0.05,-0.03,0.12,-0.9,-125.8,1.4,0.36,0.04,0.06,0.02,-0.14,1.463,0.04,0.9441,1
25.200000000000003,5054.2,2079.9,72.5,86.35,88.74,86.05,88.66,779.95,660.46,780.6,786.41,4.82,65.5,12.46,3.01,43.04,2.173,14.12,4.05,LANE_A,18940.0,-22.9,90.4,CRUISE_LOITER,0.45,3,80.0,-0.05,-0.16,0.15,0.26,-0.05,-124.54,-1.4,1.41,0.02,0.15,0.02,-0.1,1.45,0.02,0.9424,1
25.25,5119.6,2106.8,72.7,86.5,88.86,85.8,88.3,779.4,659.3,782.31,785.89,4.76,65.58,12.44,3.02,43.21,2.149,14.08,4.03,LANE_A,18941.0,-22.9,90.4,CRUISE_LOITER,0.45,3,80.0,0.1,-0.04,-0.1,-0.1,-0.6,-125.7,0.31,0.89,-0.04,0.24,0.0,0.07,1.426,-0.02,0.9437,1
25.3,5148.5,2118.7,72.8,86.21,88.82,85.7,88.41,780.38,660.35,782.76,785.26,4.79,65.31,12.45,2.98,43.23,2.177,14.07,4.01,LANE_A,18942.0,-22.9,90.4,CRUISE_LOITER,0.45,3,80.0,-0.19,-0.08,-0.2,0.01,0.38,-124.65,0.76,0.26,-0.01,-0.03,0.01,0.09,1.454,-0.03,0.9426,1
25.35,5073.4,2087.8,72.9,86.47,88.96,85.83,88.24,778.93,661.22,783.13,784.46,4.75,65.46,12.41,2.99,42.99,2.176,14.09,4.15,LANE_A,18942.0,-22.9,90.4,CRUISE_LOITER,0.45,3,80.0,0.07,0.06,-0.07,-0.16,-1.07,-123.78,1.13,-0.54,-0.05,0.12,-0.03,-0.15,1.453,-0.01,0.9415,1
25.400000000000002,4934.7,2030.7,72.7,86.27,88.99,85.89,88.32,779.02,662.1,782.03,784.42,4.82,65.17,12.46,2.95,43.16,2.16,14.09,3.96,LANE_A,18943.0,-22.9,90.4,CRUISE_LOITER,0.45,3,80.0,-0.12,0.1,0.0,-0.07,-0.98,-122.9,0.03,-0.58,0.02,-0.17,0.02,0.02,1.437,-0.01,0.9403,1
25.450000000000003,4941.3,2033.5,72.6,85.98,88.35,85.97,88.53,780.16,658.06,783.34,785.47,4.78,65.29,12.32,3.01,43.17,2.165,14.11,4.2,LANE_A,18944.0,-22.9,90.4,CRUISE_LOITER,0.45,3,80.0,-0.41,-0.54,0.08,0.14,0.16,-126.94,1.34,0.47,-0.02,-0.04,-0.12,0.04,1.442,0.01,0.9453,1
25.5,4963.4,2042.6,72.8,86.44,88.78,85.81,88.17,781.35,661.46,784.12,784.2,4.85,65.51,12.45,3.0,43.21,2.195,14.07,3.98,LANE_A,18945.0,-22.9,90.4,CRUISE_LOITER,0.45,3,80.0,0.05,-0.11,-0.08,-0.22,1.35,-123.54,2.12,-0.8,0.05,0.18,0.01,0.08,1.472,-0.03,0.9413,1
25.55,5194.2,2137.5,72.8,86.26,88.97,85.84,88.69,781.11,659.94,781.99,786.2,4.86,65.21,12.52,3.01,43.03,2.16,14.07,4.05,LANE_A,18946.0,-22.9,90.4,CRUISE_LOITER,0.45,3,80.0,-0.12,0.09,-0.04,0.31,1.11,-125.06,-0.01,1.2,0.06,-0.12,0.08,-0.1,1.437,-0.03,0.943,1
25.6,5082.8,2091.7,73.0,86.15,88.81,85.7,88.4,779.59,659.35,783.81,784.46,4.8,65.08,12.38,3.01,43.21,2.172,14.09,4.05,LANE_A,18947.0,-22.9,90.4,CRUISE_LOITER,0.45,3,80.0,-0.23,-0.07,-0.18,0.02,-0.4,-125.64,1.82,-0.53,0.0,-0.25,-0.06,0.08,1.449,-0.01,0.9438,1
25.650000000000002,4995.9,2055.9,72.9,86.51,88.81,85.84,88.77,779.38,662.0,781.41,784.94,4.77,65.34,12.48,2.97,43.25,2.188,14.11,3.78,LANE_A,18948.0,-22.9,90.5,CRUISE_LOITER,0.45,3,80.0,0.13,-0.07,-0.04,0.39,-0.61,-122.99,-0.58,-0.05,-0.03,0.02,0.04,0.12,1.465,0.01,0.9405,1
25.700000000000003,5074.0,2088.1,73.0,86.3,89.0,85.93,88.45,779.81,657.63,782.66,786.31,4.8,65.09,12.43,3.02,43.0,2.18,14.09,4.25,LANE_A,18949.0,-22.9,90.5,CRUISE_LOITER,0.45,3,80.0,-0.08,0.12,0.05,0.07,-0.18,-127.36,0.67,1.32,0.0,-0.23,-0.01,-0.13,1.457,-0.01,0.9459,1
25.75,5190.2,2135.9,72.6,86.57,88.75,85.59,88.5,780.18,657.61,782.35,784.84,4.77,65.33,12.42,2.98,42.97,2.17,14.08,4.14,LANE_A,18949.0,-22.9,90.5,CRUISE_LOITER,0.45,3,80.0,0.2,-0.12,-0.28,0.13,0.19,-127.38,0.36,-0.15,-0.03,0.01,-0.02,-0.16,1.447,-0.02,0.9459,1
25.8,4891.4,2012.9,72.4,86.29,88.66,86.05,88.18,778.58,658.82,782.88,786.56,4.8,65.13,12.41,2.99,43.01,2.207,14.11,3.9,LANE_A,18950.0,-22.9,90.5,CRUISE_LOITER,0.45,3,80.0,-0.08,-0.21,0.18,-0.19,-1.41,-126.17,0.89,1.57,0.0,-0.19,-0.03,-0.12,1.484,0.01,0.9446,1
25.85,5010.5,2061.9,72.9,86.37,88.88,85.78,88.24,780.94,659.93,783.17,783.65,4.8,65.58,12.39,3.03,43.09,2.164,14.13,4.06,LANE_A,18951.0,-22.9,90.5,CRUISE_LOITER,0.45,3,80.0,0.0,0.01,-0.09,-0.13,0.95,-125.06,1.18,-1.34,0.0,0.27,-0.05,-0.04,1.441,0.03,0.943,1
25.900000000000002,5024.6,2067.7,72.8,86.35,88.66,85.68,88.3,780.37,659.25,782.26,782.76,4.87,65.24,12.44,3.02,43.1,2.148,14.12,4.09,LANE_A,18952.0,-22.9,90.5,CRUISE_LOITER,0.45,3,80.0,-0.02,-0.21,-0.19,-0.07,0.38,-125.74,0.27,-2.23,0.07,-0.07,0.0,-0.02,1.424,0.02,0.9438,1
25.950000000000003,5025.1,2067.9,72.7,86.48,88.67,85.93,88.33,781.25,663.97,783.32,785.74,4.8,65.29,12.35,3.01,43.19,2.162,14.16,3.95,LANE_A,18953.0,-22.9,90.5,CRUISE_LOITER,0.45,3,80.0,0.12,-0.19,0.07,-0.03,1.27,-121.01,1.34,0.76,0.0,-0.02,-0.09,0.07,1.438,0.06,0.9378,1
26.0,5114.9,2104.9,72.7,86.38,89.03,85.58,88.35,778.98,659.48,780.77,785.06,4.78,65.36,12.42,3.0,43.11,2.162,14.14,4.04,LANE_A,18954.0,-22.9,90.5,CRUISE_LOITER,0.45,3,80.0,0.02,0.17,-0.28,-0.01,-1.0,-125.5,-1.21,0.08,-0.02,0.05,-0.02,-0.01,1.438,0.04,0.9436,1
26.05,5078.6,2090.0,72.8,86.36,88.44,85.4,88.15,782.51,658.89,783.18,785.15,4.8,65.45,12.38,3.01,43.17,2.202,14.1,3.89,LANE_A,18955.0,-22.9,90.5,CRUISE_LOITER,0.45,3,80.0,0.0,-0.42,-0.46,-0.21,2.53,-126.09,1.2,0.17,0.0,0.15,-0.05,0.05,1.478,0.0,0.9445,1
26.1,5062.8,2083.5,73.1,86.59,88.96,85.83,88.51,780.17,660.09,782.69,785.75,4.75,65.38,12.36,2.96,43.16,2.173,14.12,3.93,LANE_A,18955.0,-22.9,90.5,CRUISE_LOITER,0.45,3,80.0,0.23,0.1,-0.03,0.15,0.19,-124.89,0.71,0.77,-0.05,0.08,-0.07,0.04,1.449,0.02,0.9429,1
26.150000000000002,4899.6,2016.3,72.3,86.34,88.65,85.87,88.25,779.68,660.49,781.45,785.5,4.79,65.28,12.56,3.02,43.04,2.16,14.11,4.15,LANE_A,18956.0,-22.9,90.5,CRUISE_LOITER,0.45,3,80.0,-0.01,-0.2,0.02,-0.1,-0.3,-124.49,-0.53,0.52,-0.01,-0.02,0.13,-0.08,1.436,0.01,0.9423,1
26.200000000000003,5035.9,2072.4,73.2,86.25,88.66,85.58,88.41,781.55,659.34,780.25,785.94,4.78,65.23,12.42,2.98,43.14,2.195,14.11,4.15,LANE_A,18957.0,-22.9,90.5,CRUISE_LOITER,0.45,3,80.0,-0.1,-0.19,-0.27,0.06,1.57,-125.64,-1.73,0.96,-0.02,-0.07,-0.01,0.02,1.471,0.01,0.9439,1
26.25,4990.4,2053.7,73.0,86.1,89.04,85.89,88.37,779.38,661.56,780.69,785.22,4.86,65.04,12.47,3.02,43.2,2.168,14.09,4.18,LANE_A,18958.0,-22.9,90.5,CRUISE_LOITER,0.45,3,80.0,-0.25,0.19,0.04,0.02,-0.6,-123.42,-1.29,0.24,0.06,-0.25,0.04,0.08,1.444,-0.01,0.941,1
26.3,5168.2,2126.8,73.0,86.58,88.76,85.9,88.55,779.95,659.27,783.08,786.72,4.8,65.13,12.44,3.0,42.93,2.167,14.09,4.01,LANE_A,18959.0,-22.9,90.5,CRUISE_LOITER,0.45,3,80.0,0.23,-0.09,0.05,0.2,-0.03,-125.71,1.1,1.74,0.0,-0.16,0.01,-0.18,1.443,-0.01,0.9439,1
26.35,5020.9,2066.2,72.7,86.57,89.21,86.15,88.13,779.75,660.93,782.96,785.36,4.83,65.36,12.37,2.96,43.04,2.169,14.09,4.0,LANE_A,18960.0,-22.9,90.5,CRUISE_LOITER,0.45,3,80.0,0.23,0.37,0.31,-0.21,-0.22,-124.04,0.99,0.39,0.03,0.07,-0.06,-0.07,1.445,-0.01,0.9418,1
26.400000000000002,5121.3,2107.5,72.6,86.36,89.02,85.76,88.12,782.01,659.84,781.26,783.59,4.81,65.44,12.51,2.97,43.04,2.145,14.07,4.12,LANE_A,18961.0,-22.9,90.5,CRUISE_LOITER,0.45,3,80.0,0.02,0.18,-0.08,-0.22,2.04,-125.13,-0.71,-1.38,0.01,0.15,0.08,-0.07,1.421,-0.03,0.943,1
26.450000000000003,4973.8,2046.8,72.7,86.23,88.74,85.91,88.02,779.87,659.9,784.17,784.36,4.86,65.47,12.33,3.02,43.25,2.142,14.1,4.24,LANE_A,18962.0,-22.9,90.5,CRUISE_LOITER,0.45,3,80.0,-0.11,-0.1,0.07,-0.32,-0.1,-125.07,2.2,-0.61,0.06,0.18,-0.1,0.14,1.418,0.0,0.9429,1
26.5,5051.3,2078.7,72.6,86.49,88.7,85.82,88.16,779.06,657.75,782.47,784.28,4.77,65.21,12.46,3.01,42.84,2.173,14.08,4.22,LANE_A,18962.0,-22.9,90.5,CRUISE_LOITER,0.45,3,80.0,0.16,-0.13,-0.01,-0.17,-0.91,-127.22,0.5,-0.69,-0.03,-0.07,0.03,-0.27,1.449,-0.02,0.9457,1
26.55,4996.1,2056.0,73.3,86.53,88.67,85.77,88.2,780.05,659.06,783.39,785.91,4.75,65.09,12.48,2.98,43.15,2.16,14.11,4.18,LANE_A,18963.0,-22.9,90.5,CRUISE_LOITER,0.45,3,80.0,0.2,-0.16,-0.06,-0.13,0.08,-125.91,1.42,0.94,-0.05,-0.19,0.05,0.04,1.436,0.01,0.9441,1
26.6,5052.6,2079.3,73.0,85.92,88.39,85.69,88.3,778.08,659.84,780.42,784.13,4.77,65.34,12.54,2.99,43.39,2.196,14.11,4.13,LANE_A,18964.0,-22.9,90.5,CRUISE_LOITER,0.45,3,80.0,-0.41,-0.44,-0.14,-0.03,-1.89,-125.13,-1.55,-0.84,-0.03,0.06,0.11,0.28,1.472,0.01,0.9433,1
26.650000000000002,4961.6,2041.8,72.4,86.23,88.97,85.98,88.58,779.84,659.47,781.85,784.33,4.81,65.4,12.31,2.99,42.97,2.179,14.09,4.01,LANE_A,18965.0,-22.9,90.5,CRUISE_LOITER,0.45,3,80.0,-0.1,0.14,0.15,0.25,-0.13,-125.5,-0.12,-0.64,0.01,0.12,-0.12,-0.14,1.455,-0.01,0.9437,1
26.700000000000003,4946.5,2035.6,73.2,86.28,88.69,85.8,88.46,779.66,659.97,780.28,785.21,4.8,65.35,12.42,3.02,43.29,2.217,14.05,4.05,LANE_A,18966.0,-22.9,90.5,CRUISE_LOITER,0.45,3,80.0,-0.04,-0.13,-0.02,0.14,-0.31,-125.0,-1.69,0.24,0.0,0.08,-0.01,0.19,1.493,-0.05,0.9433,1
26.75,4908.1,2019.8,73.0,86.73,88.94,85.67,88.4,780.17,659.79,783.82,786.29,4.88,65.0,12.52,2.99,43.14,2.186,14.08,4.08,LANE_A,18967.0,-22.9,90.5,CRUISE_LOITER,0.45,3,80.0,0.41,0.12,-0.15,0.08,0.21,-125.17,1.86,1.33,0.08,-0.27,0.09,0.04,1.462,-0.02,0.9433,1
26.8,5044.7,2076.0,72.7,86.13,88.68,85.79,88.63,780.14,661.61,779.75,786.64,4.81,65.29,12.37,3.0,43.03,2.185,14.11,4.02,LANE_A,18968.0,-22.9,90.6,CRUISE_LOITER,0.45,3,80.0,-0.19,-0.14,-0.03,0.31,0.18,-123.35,-2.21,1.68,0.01,0.02,-0.06,-0.07,1.461,0.01,0.941,1
26.85,5127.7,2110.2,73.0,86.69,88.64,85.8,88.02,780.32,660.05,783.6,783.14,4.8,65.27,12.46,2.98,43.0,2.16,14.14,4.03,LANE_A,18968.0,-22.9,90.6,CRUISE_LOITER,0.45,3,80.0,0.37,-0.18,-0.02,-0.3,0.36,-124.91,1.64,-1.82,0.0,0.0,0.03,-0.1,1.436,0.04,0.9428,1
26.900000000000002,5057.2,2081.2,73.0,86.21,88.48,85.98,88.22,779.18,662.57,780.6,783.1,4.75,65.25,12.49,3.04,43.15,2.211,14.06,4.01,LANE_A,18969.0,-22.9,90.6,CRUISE_LOITER,0.45,3,80.0,-0.1,-0.33,0.17,-0.09,-0.78,-122.39,-1.36,-1.86,-0.05,-0.01,0.06,0.05,1.487,-0.04,0.9399,1
26.950000000000003,4929.8,2028.7,72.7,86.57,88.82,85.65,88.28,781.18,659.74,781.82,785.01,4.75,65.41,12.53,2.98,43.13,2.191,14.11,4.06,LANE_A,18970.0,-22.9,90.6,CRUISE_LOITER,0.45,3,80.0,0.26,0.01,-0.16,-0.03,1.22,-125.22,-0.14,0.05,-0.05,0.15,0.1,0.03,1.467,0.01,0.9434,1
27.0,5144.6,2117.1,72.8,86.35,88.82,85.9,88.5,778.73,659.81,784.27,785.72,4.84,65.27,12.43,3.01,43.03,2.142,14.09,4.05,LANE_A,18971.0,-22.9,90.6,CRUISE_LOITER,0.45,3,80.0,0.04,0.01,0.09,0.19,-1.23,-125.15,2.31,0.76,0.04,0.01,0.0,-0.07,1.418,-0.01,0.943,1
27.05,5106.1,2101.3,72.7,86.09,88.61,86.02,88.28,780.99,659.55,783.53,785.43,4.79,65.34,12.3,3.0,43.05,2.211,14.11,4.05,LANE_A,18972.0,-22.9,90.6,CRUISE_LOITER,0.45,3,80.0,-0.22,-0.2,0.21,-0.03,1.03,-125.41,1.57,0.47,-0.01,0.08,-0.13,-0.05,1.487,0.01,0.9437,1
27.1,5059.9,2082.3,72.5,86.32,88.83,85.51,88.27,779.91,659.86,782.24,784.6,4.79,65.65,12.47,2.99,43.15,2.198,14.08,3.95,LANE_A,18973.0,-22.9,90.6,CRUISE_LOITER,0.45,3,80.0,0.02,0.03,-0.29,-0.03,-0.04,-125.09,0.29,-0.35,-0.01,0.4,0.04,0.05,1.474,-0.02,0.9433,1
27.150000000000002,4894.8,2014.3,72.7,86.48,88.93,85.39,88.26,777.88,659.57,778.63,785.89,4.82,65.19,12.46,3.01,43.33,2.159,14.1,4.1,LANE_A,18974.0,-22.9,90.6,CRUISE_LOITER,0.45,3,80.0,0.18,0.13,-0.41,-0.04,-2.07,-125.38,-3.32,0.94,0.02,-0.06,0.03,0.24,1.435,0.0,0.9434,1
27.200000000000003,4972.3,2046.2,72.9,86.18,88.57,86.04,88.36,781.47,660.14,784.46,785.66,4.85,65.15,12.31,2.99,43.1,2.176,14.11,3.92,LANE_A,18975.0,-22.9,90.6,CRUISE_LOITER,0.45,3,80.0,-0.12,-0.23,0.24,0.06,1.52,-124.81,2.51,0.71,0.05,-0.1,-0.12,0.01,1.452,0.01,0.9428,1
27.25,4958.6,2040.6,73.2,86.34,88.88,86.22,88.02,779.72,659.56,783.28,787.67,4.81,65.09,12.49,3.0,42.96,2.183,14.1,4.05,LANE_A,18975.0,-23.0,90.6,CRUISE_LOITER,0.45,3,80.0,0.05,0.09,0.43,-0.27,-0.23,-125.39,1.33,2.72,0.01,-0.16,0.06,-0.13,1.459,0.0,0.9435,1
27.3,5192.1,2136.7,72.9,86.07,88.8,85.86,87.72,777.8,659.25,782.62,786.11,4.74,65.14,12.27,3.01,42.96,2.177,14.07,4.08,LANE_A,18976.0,-23.0,90.6,CRUISE_LOITER,0.45,3,80.0,-0.22,0.01,0.07,-0.57,-2.15,-125.7,0.67,1.16,-0.06,-0.1,-0.16,-0.13,1.453,-0.03,0.9439,1
27.35,5119.9,2107.0,72.5,86.26,88.97,85.92,88.61,780.91,658.79,782.58,783.44,4.81,65.22,12.59,3.0,43.04,2.178,14.11,3.97,LANE_A,18977.0,-23.0,90.6,CRUISE_LOITER,0.45,3,80.0,-0.03,0.18,0.13,0.32,0.96,-126.16,0.63,-1.51,0.01,-0.02,0.16,-0.05,1.454,0.01,0.9445,1
27.400000000000002,5173.9,2129.2,72.3,86.25,88.81,85.57,88.14,778.11,659.32,781.64,786.39,4.8,65.24,12.25,2.96,43.04,2.174,14.1,4.04,LANE_A,18978.0,-23.0,90.6,CRUISE_LOITER,0.45,3,80.0,-0.04,0.02,-0.22,-0.15,-1.84,-125.63,-0.31,1.44,0.0,0.0,-0.18,-0.05,1.45,0.0,0.9438,1
27.450000000000003,5121.0,2107.4,73.2,86.33,88.56,85.98,88.23,778.64,659.75,781.65,784.37,4.77,65.15,12.51,2.98,43.08,2.171,14.08,4.04,LANE_A,18979.0,-23.0,90.6,CRUISE_LOITER,0.45,3,80.0,0.05,-0.22,0.2,-0.05,-1.31,-125.2,-0.3,-0.58,-0.03,-0.09,0.08,-0.01,1.447,-0.02,0.9432,1
27.5,5183.0,2132.9,72.6,86.35,88.78,85.75,88.26,780.07,657.87,781.87,784.18,4.77,65.08,12.53,3.03,43.18,2.185,14.11,4.18,LANE_A,18980.0,-23.0,90.6,CRUISE_LOITER,0.45,3,80.0,0.07,0.0,-0.03,-0.02,0.13,-127.07,-0.07,-0.76,-0.03,-0.15,0.1,0.09,1.461,0.01,0.9456,1
27.55,5166.1,2126.0,72.8,86.63,88.76,85.92,88.24,780.61,659.63,781.68,784.6,4.79,65.48,12.33,3.0,43.03,2.181,14.14,3.97,LANE_A,18981.0,-23.0,90.6,CRUISE_LOITER,0.45,3,80.0,0.35,-0.02,0.14,-0.04,0.67,-125.31,-0.26,-0.34,-0.01,0.25,-0.1,-0.05,1.457,0.04,0.9434,1
27.6,5039.6,2073.9,73.2,86.15,88.7,86.0,88.35,780.09,658.93,783.8,785.17,4.76,65.12,12.4,2.99,42.95,2.196,14.09,4.18,LANE_A,18981.0,-23.0,90.6,CRUISE_LOITER,0.45,3,80.0,-0.13,-0.08,0.22,0.07,0.15,-126.01,1.86,0.23,-0.04,-0.11,-0.03,-0.13,1.472,-0.01,0.9444,1
27.650000000000002,5085.0,2092.6,72.6,86.43,88.85,85.75,88.31,779.51,660.88,783.48,785.09,4.84,65.39,12.48,2.97,43.03,2.181,14.12,4.0,LANE_A,18982.0,-23.0,90.6,CRUISE_LOITER,0.45,3,80.0,0.16,0.08,-0.02,0.04,-0.43,-124.06,1.54,0.15,0.04,0.16,0.05,-0.05,1.457,0.02,0.9419,1
27.700000000000003,4997.8,2056.7,72.8,86.15,88.83,85.65,88.44,779.53,659.14,782.68,787.42,4.79,65.1,12.33,2.98,42.96,2.166,14.09,3.96,LANE_A,18983.0,-23.0,90.6,CRUISE_LOITER,0.45,3,80.0,-0.12,0.06,-0.12,0.17,-0.41,-125.8,0.74,2.48,-0.01,-0.12,-0.1,-0.12,1.442,-0.01,0.944,1
27.75,5190.3,2135.9,72.8,86.24,88.78,85.77,88.45,781.91,660.08,781.45,785.76,4.82,65.16,12.39,2.98,43.05,2.18,14.15,4.16,LANE_A,18984.0,-23.0,90.6,CRUISE_LOITER,0.45,3,80.0,-0.03,0.01,0.0,0.18,1.97,-124.86,-0.49,0.82,0.02,-0.06,-0.04,-0.03,1.456,0.05,0.9429,1
27.8,5021.7,2066.5,73.0,86.28,88.76,85.53,88.71,779.81,657.75,782.75,782.44,4.79,65.3,12.41,3.0,43.19,2.188,14.11,4.08,LANE_A,18985.0,-23.0,90.6,CRUISE_LOITER,0.45,3,80.0,0.01,-0.01,-0.24,0.44,-0.13,-127.19,0.81,-2.5,-0.01,0.08,-0.02,0.11,1.464,0.01,0.9457,1
27.85,5123.7,2108.5,72.4,86.42,88.59,85.8,88.52,780.9,659.51,783.16,783.73,4.81,65.14,12.42,3.01,43.02,2.157,14.1,4.16,LANE_A,18986.0,-23.0,90.6,CRUISE_LOITER,0.45,3,80.0,0.16,-0.17,0.04,0.26,0.96,-125.43,1.22,-1.21,0.01,-0.08,-0.01,-0.06,1.433,0.0,0.9435,1
27.900000000000002,4941.2,2033.4,72.8,86.71,88.38,85.71,87.93,781.75,658.83,780.47,784.41,4.78,65.04,12.47,3.03,43.04,2.18,14.09,3.9,LANE_A,18987.0,-23.0,90.6,CRUISE_LOITER,0.45,3,80.0,0.45,-0.38,-0.05,-0.33,1.82,-126.1,-1.46,-0.52,-0.02,-0.17,0.04,-0.04,1.456,-0.01,0.9444,1
27.950000000000003,5068.7,2085.9,73.0,86.56,88.87,85.51,88.37,780.59,661.04,781.59,784.15,4.8,65.2,12.5,2.96,43.29,2.185,14.11,3.95,LANE_A,18988.0,-23.0,90.7,CRUISE_LOITER,0.45,3,80.0,0.3,0.11,-0.25,0.11,0.66,-123.89,-0.34,-0.78,0.0,-0.01,0.07,0.22,1.461,0.01,0.9417,1
28.0,4933.5,2030.2,73.0,86.19,88.64,85.65,88.26,779.83,659.41,782.96,784.11,4.82,65.17,12.46,2.97,43.0,2.168,14.11,4.06,LANE_A,18988.0,-23.0,90.7,CRUISE_LOITER,0.45,3,80.0,-0.07,-0.12,-0.11,0.0,-0.1,-125.52,1.03,-0.82,0.02,-0.04,0.03,-0.07,1.444,0.01,0.9436,1
28.05,4963.7,2042.7,73.0,86.23,88.52,85.94,88.08,780.79,658.38,781.32,784.56,4.83,65.12,12.41,3.03,43.1,2.187,14.07,4.05,LANE_A,18989.0,-23.0,90.7,CRUISE_LOITER,0.45,3,80.0,-0.02,-0.23,0.19,-0.17,0.86,-126.55,-0.61,-0.37,0.03,-0.09,-0.01,0.03,1.463,-0.03,0.945,1
28.1,5151.1,2119.8,73.0,86.55,88.21,85.68,88.3,781.78,658.85,783.18,784.69,4.82,65.21,12.5,3.02,42.91,2.156,14.12,4.24,LANE_A,18990.0,-23.0,90.7,CRUISE_LOITER,0.45,3,80.0,0.3,-0.54,-0.07,0.05,1.85,-126.08,1.25,-0.24,0.02,0.01,0.08,-0.16,1.432,0.02,0.9442,1
28.150000000000002,5018.0,2065.0,72.7,86.15,88.63,85.75,88.13,779.59,659.6,782.21,782.5,4.8,64.88,12.54,3.0,43.15,2.173,14.1,4.0,LANE_A,18991.0,-23.0,90.7,CRUISE_LOITER,0.45,3,80.0,-0.1,-0.12,0.0,-0.12,-0.34,-125.33,0.28,-2.43,0.0,-0.32,0.12,0.08,1.449,0.0,0.9434,1
28.200000000000003,5079.3,2090.2,72.7,86.11,88.73,85.77,88.06,779.7,660.82,780.47,782.44,4.81,65.28,12.43,2.99,43.07,2.181,14.09,3.92,LANE_A,18992.0,-23.0,90.7,CRUISE_LOITER,0.45,3,80.0,-0.13,-0.01,0.03,-0.18,-0.23,-124.11,-1.46,-2.49,0.01,0.08,0.01,0.0,1.457,-0.01,0.9419,1
28.25,5107.3,2101.8,72.7,86.11,88.56,85.72,87.97,780.88,659.1,782.65,784.02,4.78,65.15,12.43,3.01,43.01,2.16,14.11,3.92,LANE_A,18993.0,-23.0,90.7,CRUISE_LOITER,0.45,3,80.0,-0.13,-0.18,-0.02,-0.27,0.96,-125.82,0.73,-0.9,-0.02,-0.05,0.01,-0.06,1.436,0.01,0.9439,1
28.3,5006.9,2060.5,72.8,86.43,88.97,85.64,88.34,779.87,659.22,780.24,784.46,4.82,65.27,12.33,2.97,43.24,2.167,14.11,3.72,LANE_A,18994.0,-23.0,90.7,CRUISE_LOITER,0.45,3,80.0,0.19,0.23,-0.1,0.1,-0.05,-125.7,-1.68,-0.46,0.02,0.08,-0.09,0.17,1.443,0.01,0.9438,1
28.35,5126.7,2109.8,73.0,86.1,88.58,85.76,88.13,779.68,660.81,780.12,786.72,4.8,65.35,12.32,2.99,43.23,2.18,14.11,4.05,LANE_A,18994.0,-23.0,90.7,CRUISE_LOITER,0.45,3,80.0,-0.14,-0.16,0.02,-0.11,-0.24,-124.11,-1.8,1.8,0.0,0.16,-0.1,0.16,1.456,0.01,0.9419,1
28.400000000000002,5028.0,2069.1,73.1,86.37,88.72,85.67,88.41,778.71,658.02,780.73,786.11,4.79,65.28,12.39,3.0,43.08,2.197,14.06,4.02,LANE_A,18995.0,-23.0,90.7,CRUISE_LOITER,0.45,3,80.0,0.14,-0.01,-0.06,0.18,-1.21,-126.9,-1.19,1.19,-0.01,0.09,-0.03,0.02,1.473,-0.04,0.9454,1
28.450000000000003,4971.1,2045.7,72.9,86.31,88.78,85.61,88.22,782.39,658.41,782.71,785.35,4.82,64.94,12.32,3.0,42.94,2.179,14.1,3.93,LANE_A,18996.0,-23.0,90.7,CRUISE_LOITER,0.45,3,80.0,0.08,0.05,-0.12,-0.01,2.47,-126.51,0.79,0.43,0.02,-0.25,-0.1,-0.12,1.455,0.0,0.9449,1
28.5,5117.4,2105.9,72.8,86.49,88.97,85.7,88.38,778.22,658.44,781.48,785.19,4.8,65.14,12.47,2.97,43.02,2.183,14.07,3.97,LANE_A,18997.0,-23.0,90.7,CRUISE_LOITER,0.45,3,80.0,0.26,0.24,-0.03,0.15,-1.7,-126.48,-0.44,0.27,0.0,-0.04,0.05,-0.04,1.459,-0.03,0.9449,1
28.55,5101.8,2099.5,73.1,86.2,88.87,85.67,88.13,779.73,660.12,782.28,786.07,4.85,65.34,12.44,3.02,42.98,2.192,14.07,4.03,LANE_A,18998.0,-23.0,90.7,CRUISE_LOITER,0.45,3,80.0,-0.03,0.14,-0.06,-0.1,-0.19,-124.8,0.36,1.15,0.05,0.16,0.02,-0.08,1.468,-0.03,0.9429,1
28.6,5129.3,2110.8,72.7,86.18,88.97,85.95,88.16,780.07,662.33,782.36,785.02,4.77,65.13,12.56,3.0,43.13,2.172,14.08,4.09,LANE_A,18999.0,-23.0,90.7,CRUISE_LOITER,0.45,3,80.0,-0.04,0.25,0.23,-0.06,0.15,-122.59,0.44,0.1,-0.03,-0.05,0.14,0.07,1.448,-0.02,0.9399,1
28.650000000000002,5202.3,2140.9,72.7,86.2,88.54,85.54,88.52,778.22,659.14,780.09,784.69,4.74,65.28,12.31,2.99,43.06,2.187,14.11,4.12,LANE_A,19000.0,-23.0,90.7,CRUISE_LOITER,0.45,3,80.0,-0.02,-0.18,-0.18,0.3,-1.69,-125.77,-1.82,-0.22,-0.06,0.1,-0.11,0.0,1.463,0.01,0.944,1
28.700000000000003,4913.1,2021.9,72.7,86.2,88.53,85.52,88.38,778.78,658.99,783.29,786.59,4.78,65.3,12.47,3.04,42.87,2.178,14.12,3.9,LANE_A,19001.0,-23.0,90.7,CRUISE_LOITER,0.45,3,80.0,-0.02,-0.19,-0.2,0.16,-1.13,-125.92,1.38,1.68,-0.02,0.13,0.05,-0.19,1.454,0.02,0.9442,1
28.75,4910.2,2020.7,72.9,86.5,88.9,85.88,88.21,778.82,659.91,782.21,786.07,4.75,65.05,12.57,3.02,43.4,2.178,14.09,3.98,LANE_A,19001.0,-23.0,90.7,CRUISE_LOITER,0.45,3,80.0,0.28,0.18,0.16,-0.01,-1.09,-125.0,0.3,1.16,-0.05,-0.12,0.15,0.34,1.454,-0.01,0.943,1
28.8,5188.2,2135.1,73.1,86.22,88.73,85.49,88.22,777.85,661.65,783.26,783.68,4.77,65.32,12.44,2.99,43.24,2.185,14.08,4.0,LANE_A,19002.0,-23.0,90.7,CRUISE_LOITER,0.45,3,80.0,0.01,0.02,-0.22,0.01,-2.06,-123.26,1.35,-1.23,-0.03,0.15,0.02,0.19,1.461,-0.02,0.9409,1
28.85,5151.9,2120.1,73.0,86.03,88.67,85.86,88.02,780.0,658.66,780.51,785.65,4.81,65.21,12.53,3.01,42.9,2.192,14.11,4.18,LANE_A,19003.0,-23.0,90.7,CRUISE_LOITER,0.45,3,80.0,-0.18,-0.04,0.15,-0.19,0.09,-126.25,-1.4,0.74,0.01,0.04,0.11,-0.15,1.468,0.01,0.9446,1
28.900000000000002,5110.3,2103.0,72.8,86.47,88.74,85.49,88.14,779.75,660.06,782.0,785.17,4.75,65.11,12.43,3.02,43.09,2.197,14.1,4.04,LANE_A,19004.0,-23.0,90.7,CRUISE_LOITER,0.45,3,80.0,0.26,0.03,-0.22,-0.07,-0.16,-124.85,0.09,0.26,-0.05,-0.05,0.01,0.04,1.473,0.0,0.943,1
28.950000000000003,5197.4,2138.8,72.7,86.27,88.64,85.52,88.33,780.96,662.04,783.87,786.5,4.8,64.97,12.36,2.99,42.93,2.142,14.1,4.09,LANE_A,19005.0,-23.0,90.7,CRUISE_LOITER,0.45,3,80.0,0.06,-0.07,-0.19,0.12,1.05,-122.87,1.96,1.59,0.0,-0.19,-0.06,-0.12,1.418,0.0,0.9401,1
29.0,5058.4,2081.6,72.8,86.29,88.81,86.0,87.84,779.31,660.09,783.01,783.27,4.81,65.11,12.42,2.98,42.98,2.15,14.11,3.98,LANE_A,19006.0,-23.0,90.7,CRUISE_LOITER,0.45,3,80.0,0.09,0.11,0.3,-0.36,-0.6,-124.82,1.1,-1.64,0.01,-0.05,0.0,-0.07,1.426,0.01,0.9427,1
29.05,5136.1,2113.6,72.8,86.11,88.44,85.67,88.51,777.34,660.36,781.22,785.24,4.75,65.17,12.35,3.01,43.0,2.186,14.15,3.95,LANE_A,19007.0,-23.0,90.7,CRUISE_LOITER,0.45,3,80.0,-0.09,-0.26,-0.03,0.31,-2.56,-124.54,-0.68,0.34,-0.05,0.01,-0.07,-0.05,1.462,0.05,0.9425,1
29.1,5096.7,2097.4,72.8,86.11,88.73,85.68,88.08,781.0,661.73,782.82,785.35,4.78,65.61,12.4,2.99,43.17,2.19,14.08,4.16,LANE_A,19007.0,-23.0,90.7,CRUISE_LOITER,0.45,3,80.0,-0.09,0.03,-0.02,-0.12,1.1,-123.17,0.92,0.45,-0.02,0.46,-0.02,0.12,1.466,-0.02,0.9408,1
29.150000000000002,5119.8,2106.9,72.8,86.39,88.72,85.5,87.89,782.22,657.33,782.85,788.29,4.77,65.21,12.4,3.03,43.04,2.175,14.11,3.98,LANE_A,19008.0,-23.0,90.8,CRUISE_LOITER,0.45,3,80.0,0.2,0.03,-0.19,-0.3,2.32,-127.57,0.95,3.39,-0.03,0.06,-0.02,-0.01,1.451,0.01,0.9461,1
29.200000000000003,5152.8,2120.5,72.8,86.04,88.73,85.62,88.63,777.84,657.88,780.88,785.02,4.81,65.24,12.5,2.97,42.87,2.17,14.1,4.08,LANE_A,19009.0,-23.0,90.8,CRUISE_LOITER,0.45,3,80.0,-0.15,0.04,-0.07,0.44,-2.06,-127.02,-1.02,0.12,0.01,0.09,0.08,-0.17,1.446,0.0,0.9455,1
29.25,4997.0,2056.4,72.5,86.24,88.57,85.48,88.21,780.55,662.06,780.96,785.59,4.83,65.19,12.4,3.01,42.91,2.17,14.11,4.12,LANE_A,19010.0,-23.0,90.8,CRUISE_LOITER,0.45,3,80.0,0.05,-0.12,-0.21,0.02,0.65,-122.84,-0.94,0.69,0.03,0.04,-0.02,-0.13,1.446,0.01,0.9402,1
29.3,4958.3,2040.5,72.9,85.96,88.68,85.54,88.29,780.19,661.09,782.19,785.5,4.79,65.3,12.63,2.98,42.97,2.195,14.09,4.02,LANE_A,19011.0,-23.0,90.8,CRUISE_LOITER,0.45,3,80.0,-0.23,-0.01,-0.15,0.1,0.29,-123.81,0.29,0.6,-0.01,0.15,0.21,-0.07,1.471,-0.01,0.9416,1
29.35,5160.2,2123.5,72.9,86.13,88.69,85.81,88.5,779.24,660.03,781.26,785.91,4.8,65.14,12.46,2.97,43.02,2.174,14.1,4.05,LANE_A,19012.0,-23.0,90.8,CRUISE_LOITER,0.45,3,80.0,-0.05,0.01,0.13,0.32,-0.66,-124.87,-0.64,1.01,0.0,0.0,0.04,-0.02,1.45,0.0,0.9429,1
29.400000000000002,5051.1,2078.6,72.7,86.1,88.54,85.5,88.17,780.74,660.15,782.3,784.36,4.83,65.12,12.41,3.0,43.06,2.176,14.1,3.91,LANE_A,19013.0,-23.0,90.8,CRUISE_LOITER,0.45,3,80.0,-0.08,-0.14,-0.18,-0.01,0.85,-124.74,0.41,-0.53,0.03,-0.02,-0.01,0.02,1.452,0.0,0.9427,1
29.450000000000003,4963.6,2042.6,73.0,86.12,88.35,85.62,88.13,779.32,658.68,781.87,784.69,4.81,65.14,12.52,2.97,42.92,2.186,14.1,4.01,LANE_A,19014.0,-23.0,90.8,CRUISE_LOITER,0.45,3,80.0,-0.06,-0.33,-0.06,-0.05,-0.57,-126.21,-0.02,-0.2,0.01,0.0,0.1,-0.12,1.462,0.0,0.9446,1
29.5,5147.6,2118.4,72.5,86.3,89.1,85.53,88.24,780.09,660.11,781.89,784.52,4.83,65.14,12.38,2.98,43.09,2.181,14.14,3.91,LANE_A,19014.0,-23.0,90.8,CRUISE_LOITER,0.45,3,80.0,0.12,0.42,-0.15,0.06,0.2,-124.78,0.0,-0.37,0.03,0.0,-0.04,0.05,1.457,0.04,0.9428,1
29.55,4935.1,2030.9,72.7,86.04,88.56,85.42,88.4,781.52,660.12,781.16,786.12,4.75,65.14,12.39,3.0,43.23,2.177,14.13,4.17,LANE_A,19015.0,-23.0,90.8,CRUISE_LOITER,0.45,3,80.0,-0.13,-0.11,-0.25,0.23,1.63,-124.77,-0.73,1.23,-0.05,0.01,-0.03,0.19,1.453,0.03,0.9427,1
29.6,5099.8,2098.7,72.9,86.39,88.85,85.8,88.51,780.87,657.74,782.63,784.54,4.78,65.12,12.6,3.01,43.16,2.169,14.13,4.17,LANE_A,19016.0,-23.0,90.8,CRUISE_LOITER,0.45,3,80.0,0.22,0.18,0.13,0.34,0.98,-127.15,0.74,-0.35,-0.02,-0.01,0.18,0.12,1.445,0.03,0.9456,1
29.650000000000002,4992.9,2054.7,72.6,85.9,88.48,85.79,88.09,780.07,660.94,780.35,783.39,4.77,65.04,12.35,2.98,42.86,2.188,14.12,4.15,LANE_A,19017.0,-23.0,90.8,CRUISE_LOITER,0.45,3,80.0,-0.27,-0.19,0.12,-0.08,0.18,-123.95,-1.54,-1.5,-0.03,-0.09,-0.07,-0.17,1.464,0.02,0.9418,1
29.700000000000003,4975.5,2047.5,72.6,86.01,88.29,85.53,88.25,780.0,659.97,781.95,785.72,4.8,65.28,12.37,3.0,43.11,2.153,14.13,4.04,LANE_A,19018.0,-23.0,90.8,CRUISE_LOITER,0.45,3,80.0,-0.16,-0.38,-0.14,0.08,0.11,-124.92,0.06,0.83,0.0,0.15,-0.05,0.08,1.429,0.03,0.9428,1
29.75,5117.5,2106.0,72.9,86.17,88.66,85.76,88.44,780.83,659.5,781.95,783.61,4.76,65.0,12.51,2.96,43.08,2.186,14.08,4.22,LANE_A,19019.0,-23.0,90.8,CRUISE_LOITER,0.45,3,80.0,0.01,0.0,0.1,0.28,0.94,-125.39,0.06,-1.28,-0.04,-0.12,0.09,0.05,1.462,-0.02,0.9436,1
29.8,4895.6,2014.7,72.9,85.82,89.03,85.7,88.11,779.8,659.4,782.36,786.95,4.8,65.25,12.42,3.01,43.09,2.19,14.09,4.03,LANE_A,19020.0,-23.0,90.8,CRUISE_LOITER,0.45,3,80.0,-0.34,0.37,0.04,-0.05,-0.08,-125.48,0.48,2.07,0.0,0.13,0.0,0.06,1.466,-0.01,0.9437,1
29.85,5104.7,2100.7,72.6,86.24,88.51,85.88,88.05,780.63,660.85,781.27,783.82,4.79,65.12,12.32,3.01,43.0,2.19,14.08,4.06,LANE_A,19020.0,-23.0,90.8,CRUISE_LOITER,0.45,3,80.0,0.08,-0.15,0.22,-0.11,0.75,-124.03,-0.61,-1.06,-0.01,0.0,-0.1,-0.03,1.466,-0.02,0.9419,1
29.900000000000002,4963.2,2042.5,72.6,86.54,88.65,85.74,88.22,779.2,656.83,779.64,786.34,4.85,64.99,12.44,3.01,43.12,2.196,14.11,4.03,LANE_A,19021.0,-23.0,90.8,CRUISE_LOITER,0.45,3,80.0,0.38,-0.01,0.08,0.06,-0.68,-128.05,-2.24,1.46,0.05,-0.13,0.02,0.09,1.472,0.01,0.9468,1
29.950000000000003,4917.4,2023.6,72.9,86.3,88.76,85.65,88.14,779.67,660.18,782.82,784.59,4.81,65.19,12.46,2.98,43.03,2.196,14.09,4.03,LANE_A,19022.0,-23.0,90.8,CRUISE_LOITER,0.45,3,80.0,0.15,0.11,0.0,-0.01,-0.21,-124.7,0.94,-0.29,0.01,0.08,0.04,0.0,1.472,-0.01,0.9428,1
30.0,4936.8,2031.6,72.9,86.26,88.62,85.87,88.18,779.4,659.16,781.56,785.16,4.79,65.3,12.41,3.01,43.14,2.189,14.11,4.07,LANE_A,19023.0,-23.0,90.8,CRUISE_LOITER,0.45,3,80.0,0.11,-0.03,0.22,0.03,-0.48,-125.72,-0.32,0.28,-0.01,0.19,-0.01,0.11,1.465,0.01,0.944,1
30.05,5119.2,2106.7,73.0,86.53,88.6,85.59,88.19,780.96,659.7,780.5,786.4,4.76,65.07,12.25,3.02,43.0,2.176,14.09,4.12,LANE_A,19024.0,-23.0,90.8,CRUISE_LOITER,0.45,3,80.0,0.38,-0.05,-0.06,0.04,1.08,-125.18,-1.38,1.52,-0.04,-0.04,-0.16,-0.02,1.452,-0.01,0.9433,1
30.1,4885.1,2010.3,72.6,86.19,88.68,86.05,88.11,782.96,659.93,782.27,785.42,4.82,65.19,12.49,2.99,42.74,2.169,14.09,4.09,LANE_A,19025.0,-23.0,90.8,CRUISE_LOITER,0.45,3,80.0,0.04,0.03,0.4,-0.04,3.08,-124.95,0.39,0.54,0.02,0.08,0.08,-0.28,1.445,-0.01,0.9429,1
30.150000000000002,5178.2,2130.9,73.1,86.18,88.37,85.78,88.13,780.42,661.24,780.91,784.01,4.8,65.42,12.46,3.0,42.98,2.176,14.1,4.23,LANE_A,19026.0,-23.1,90.8,CRUISE_LOITER,0.45,3,80.0,0.04,-0.27,0.14,-0.01,0.54,-123.64,-0.97,-0.87,0.0,0.32,0.05,-0.04,1.452,0.0,0.9413,1
30.200000000000003,5027.5,2068.9,72.9,86.06,88.58,85.73,88.01,779.82,658.61,781.11,785.02,4.78,64.9,12.34,3.01,43.08,2.202,14.11,4.07,LANE_A,19026.0,-23.1,90.8,CRUISE_LOITER,0.45,3,80.0,-0.08,-0.06,0.09,-0.13,-0.05,-126.26,-0.76,0.15,-0.02,-0.2,-0.07,0.06,1.478,0.01,0.9447,1
30.25,5049.7,2078.1,72.7,86.34,88.54,85.96,88.17,778.46,661.12,783.38,784.77,4.78,65.08,12.31,2.98,42.9,2.168,14.08,4.06,LANE_A,19027.0,-23.1,90.8,CRUISE_LOITER,0.45,3,80.0,0.2,-0.1,0.32,0.03,-1.41,-123.75,1.51,-0.1,-0.02,-0.02,-0.1,-0.12,1.444,-0.02,0.9414,1
30.3,4871.5,2004.7,72.4,85.77,88.68,85.76,88.09,779.75,658.69,782.26,786.13,4.81,64.83,12.33,2.97,43.0,2.178,14.14,4.04,LANE_A,19028.0,-23.1,90.8,CRUISE_LOITER,0.45,3,80.0,-0.36,0.05,0.13,-0.04,-0.12,-126.18,0.39,1.26,0.01,-0.27,-0.08,-0.02,1.454,0.04,0.9445,1
30.35,4922.5,2025.7,72.8,86.24,88.43,85.73,87.99,780.75,657.32,783.42,786.84,4.82,65.16,12.28,3.01,42.94,2.161,14.09,4.03,LANE_A,19029.0,-23.1,90.9,CRUISE_LOITER,0.45,3,80.0,0.11,-0.2,0.1,-0.14,0.88,-127.55,1.55,1.97,0.02,0.07,-0.13,-0.08,1.437,-0.01,0.946,1
30.400000000000002,5080.3,2090.7,72.8,85.99,88.81,85.72,88.14,778.56,660.18,781.28,785.17,4.78,65.18,12.45,3.0,43.04,2.168,14.09,3.92,LANE_A,19030.0,-23.1,90.9,CRUISE_LOITER,0.45,3,80.0,-0.14,0.18,0.09,0.01,-1.31,-124.69,-0.59,0.3,-0.02,0.09,0.04,0.02,1.444,-0.01,0.9426,1
30.450000000000003,5016.0,2064.2,72.8,86.12,88.76,85.33,87.91,779.92,660.91,779.88,787.83,4.8,64.79,12.37,2.97,42.89,2.188,14.1,4.09,LANE_A,19031.0,-23.1,90.9,CRUISE_LOITER,0.45,3,80.0,-0.01,0.13,-0.3,-0.22,0.05,-123.96,-1.99,2.96,0.0,-0.3,-0.04,-0.12,1.464,0.0,0.9418,1
30.5,5114.3,2104.7,72.8,86.24,88.22,85.53,87.94,778.77,660.23,781.32,786.14,4.81,65.22,12.45,3.01,42.81,2.159,14.1,4.0,LANE_A,19032.0,-23.1,90.9,CRUISE_LOITER,0.45,3,80.0,0.12,-0.4,-0.09,-0.18,-1.1,-124.64,-0.55,1.27,0.01,0.13,0.04,-0.2,1.435,0.0,0.9425,1
30.55,5156.2,2121.9,72.8,86.12,88.48,85.71,88.26,780.05,659.79,780.63,783.66,4.77,65.26,12.4,2.99,42.76,2.176,14.11,4.17,LANE_A,19033.0,-23.1,90.9,CRUISE_LOITER,0.45,3,80.0,0.0,-0.14,0.09,0.14,0.18,-125.08,-1.24,-1.21,-0.03,0.18,-0.01,-0.25,1.452,0.01,0.9431,1
30.6,5076.3,2089.0,72.8,86.01,88.57,85.56,88.15,778.43,660.85,782.36,784.5,4.82,65.35,12.45,3.0,43.02,2.173,14.09,3.98,LANE_A,19033.0,-23.1,90.9,CRUISE_LOITER,0.45,3,80.0,-0.11,-0.05,-0.06,0.03,-1.43,-124.01,0.5,-0.36,0.02,0.27,0.04,0.01,1.449,-0.01,0.9418,1
30.650000000000002,4918.0,2023.9,72.9,85.67,88.79,85.56,88.11,776.82,661.67,781.43,785.24,4.78,64.92,12.42,3.01,43.18,2.165,14.08,4.13,LANE_A,19034.0,-23.1,90.9,CRUISE_LOITER,0.45,3,80.0,-0.45,0.17,-0.06,-0.01,-3.04,-123.19,-0.43,0.38,-0.02,-0.16,0.01,0.17,1.441,-0.02,0.9407,1
30.700000000000003,5162.0,2124.3,72.7,85.91,88.71,85.99,88.07,779.58,659.63,783.98,786.18,4.77,65.22,12.47,3.0,43.26,2.171,14.12,4.02,LANE_A,19035.0,-23.1,90.9,CRUISE_LOITER,0.45,3,80.0,-0.2,0.1,0.38,-0.04,-0.28,-125.23,2.12,1.32,-0.03,0.14,0.06,0.25,1.447,0.02,0.9433,1
30.75,4885.4,2010.5,72.9,86.16,88.9,85.45,87.72,781.11,659.6,781.8,784.51,4.74,64.91,12.16,2.98,43.14,2.194,14.09,4.04,LANE_A,19036.0,-23.1,90.9,CRUISE_LOITER,0.45,3,80.0,0.05,0.29,-0.16,-0.39,1.25,-125.26,-0.06,-0.35,-0.06,-0.16,-0.25,0.13,1.47,-0.01,0.9435,1
30.8,4966.3,2043.7,73.0,85.99,88.42,85.72,88.0,780.77,659.71,779.88,784.92,4.8,65.07,12.33,3.01,43.08,2.165,14.12,3.98,LANE_A,19037.0,-23.1,90.9,CRUISE_LOITER,0.45,3,80.0,-0.12,-0.19,0.11,-0.11,0.91,-125.15,-1.98,0.06,0.0,0.0,-0.08,0.07,1.441,0.02,0.9432,1
30.85,5099.4,2098.5,73.0,85.97,88.57,85.55,88.44,781.0,660.31,782.06,786.43,4.75,65.08,12.45,2.98,43.16,2.199,14.13,3.95,LANE_A,19038.0,-23.1,90.9,CRUISE_LOITER,0.45,3,80.0,-0.14,-0.04,-0.06,0.33,1.14,-124.55,0.2,1.57,-0.05,0.01,0.04,0.15,1.475,0.03,0.9426,1
30.900000000000002,5003.4,2059.0,72.9,86.43,88.71,85.62,88.31,778.61,657.75,779.91,785.48,4.83,65.45,12.5,2.97,43.03,2.174,14.11,3.99,LANE_A,19039.0,-23.1,90.9,CRUISE_LOITER,0.45,3,80.0,0.33,0.11,0.02,0.21,-1.25,-127.11,-1.95,0.62,0.03,0.38,0.09,0.03,1.45,0.01,0.9456,1
30.950000000000003,5076.0,2088.9,72.8,86.26,88.79,85.58,88.09,780.34,658.58,782.73,783.52,4.76,65.2,12.44,3.0,43.0,2.182,14.1,4.19,LANE_A,19039.0,-23.1,90.9,CRUISE_LOITER,0.45,3,80.0,0.16,0.19,-0.02,-0.01,0.49,-126.27,0.88,-1.33,-0.04,0.13,0.03,0.0,1.458,0.0,0.9446,1
31.0,5028.1,2069.2,73.1,86.3,88.8,85.39,88.17,780.86,659.45,782.62,781.76,4.85,65.27,12.39,2.96,43.19,2.181,14.15,4.01,LANE_A,19040.0,-23.1,90.9,CRUISE_LOITER,0.45,3,80.0,0.2,0.2,-0.21,0.07,1.01,-125.4,0.77,-3.09,0.05,0.21,-0.02,0.19,1.457,0.05,0.9436,1
31.05,4987.7,2052.6,72.9,86.11,88.44,85.57,87.95,779.48,661.31,780.59,784.69,4.8,65.26,12.47,3.02,43.03,2.175,14.08,3.93,LANE_A,19041.0,-23.1,90.9,CRUISE_LOITER,0.45,3,80.0,0.01,-0.16,-0.03,-0.15,-0.37,-123.54,-1.26,-0.16,0.0,0.2,0.06,0.03,1.451,-0.02,0.9412,1
31.1,5110.3,2103.0,72.7,86.36,88.53,85.57,87.76,780.12,660.19,782.11,783.8,4.85,65.04,12.16,2.96,42.96,2.141,14.12,4.17,LANE_A,19042.0,-23.1,90.9,CRUISE_LOITER,0.45,3,80.0,0.27,-0.06,-0.02,-0.33,0.27,-124.66,0.26,-1.05,0.05,-0.02,-0.25,-0.04,1.417,0.02,0.9424,1
31.150000000000002,5083.2,2091.9,73.0,86.44,88.39,85.57,87.88,779.76,660.32,785.06,784.78,4.82,65.07,12.44,3.0,43.17,2.173,14.09,4.1,LANE_A,19043.0,-23.1,90.9,CRUISE_LOITER,0.45,3,80.0,0.35,-0.2,-0.02,-0.21,-0.09,-124.53,3.21,-0.07,0.02,0.01,0.03,0.17,1.449,-0.01,0.9424,1
31.200000000000003,4905.3,2018.6,73.0,86.09,89.0,85.35,88.25,780.08,658.96,781.8,784.14,4.78,64.79,12.54,2.98,43.07,2.18,14.08,4.24,LANE_A,19044.0,-23.1,90.9,CRUISE_LOITER,0.45,3,80.0,0.0,0.41,-0.24,0.16,0.23,-125.89,-0.05,-0.71,-0.02,-0.26,0.13,0.07,1.456,-0.02,0.9441,1
31.25,4987.5,2052.5,73.2,86.31,88.37,85.75,88.04,781.05,658.74,780.9,787.75,4.84,65.09,12.37,3.03,43.01,2.184,14.11,3.95,LANE_A,19045.0,-23.1,90.9,CRUISE_LOITER,0.45,3,80.0,0.22,-0.22,0.16,-0.05,1.2,-126.11,-0.95,2.9,0.04,0.04,-0.04,0.01,1.46,0.01,0.9444,1
31.3,5113.1,2104.2,72.7,85.75,88.42,85.69,87.79,781.09,660.06,782.38,783.95,4.79,64.96,12.28,3.0,43.06,2.17,14.1,4.05,LANE_A,19046.0,-23.1,90.9,CRUISE_LOITER,0.45,3,80.0,-0.33,-0.16,0.11,-0.29,1.24,-124.79,0.53,-0.9,-0.01,-0.09,-0.13,0.07,1.446,0.0,0.9427,1
31.35,5066.3,2084.9,73.0,85.95,88.57,85.47,88.12,779.76,660.88,781.72,786.12,4.79,64.65,12.39,2.96,43.05,2.179,14.07,4.2,LANE_A,19046.0,-23.1,90.9,CRUISE_LOITER,0.45,3,80.0,-0.13,-0.01,-0.11,0.04,-0.08,-123.96,-0.12,1.28,-0.01,-0.4,-0.02,0.06,1.455,-0.03,0.9417,1
31.400000000000002,4974.5,2047.1,73.2,85.89,88.68,85.38,88.12,780.08,660.97,782.47,784.23,4.77,65.0,12.5,3.0,43.07,2.168,14.09,3.89,LANE_A,19047.0,-23.1,90.9,CRUISE_LOITER,0.45,3,80.0,-0.19,0.1,-0.2,0.04,0.24,-123.87,0.63,-0.61,-0.03,-0.04,0.09,0.08,1.444,-0.01,0.9416,1
31.450000000000003,5195.2,2137.9,73.0,86.3,88.15,85.62,88.32,779.97,661.34,781.15,784.84,4.83,64.98,12.34,2.96,43.11,2.177,14.09,4.0,LANE_A,19048.0,-23.1,90.9,CRUISE_LOITER,0.45,3,80.0,0.22,-0.43,0.04,0.24,0.13,-123.5,-0.69,0.0,0.03,-0.06,-0.07,0.12,1.453,-0.01,0.9411,1
31.5,5082.2,2091.4,72.9,85.83,88.58,85.83,87.9,779.83,658.82,781.12,785.14,4.8,64.91,12.37,2.98,42.74,2.187,14.09,4.11,LANE_A,19049.0,-23.1,90.9,CRUISE_LOITER,0.45,3,80.0,-0.24,0.01,0.26,-0.17,-0.01,-126.02,-0.72,0.3,0.0,-0.13,-0.04,-0.25,1.463,-0.01,0.9443,1
31.55,4973.8,2046.8,72.9,86.35,88.68,85.53,88.07,782.31,661.31,782.99,784.42,4.79,65.13,12.46,2.98,42.87,2.173,14.13,3.87,LANE_A,19050.0,-23.1,90.9,CRUISE_LOITER,0.45,3,80.0,0.28,0.11,-0.04,0.0,2.47,-123.53,1.15,-0.42,-0.01,0.09,0.05,-0.12,1.449,0.03,0.9412,1
31.6,5086.2,2093.1,73.1,85.84,88.46,85.2,87.77,782.17,659.13,783.0,784.44,4.81,65.42,12.31,3.04,42.89,2.14,14.11,4.15,LANE_A,19051.0,-23.1,91.0,CRUISE_LOITER,0.45,3,80.0,-0.23,-0.11,-0.37,-0.3,2.33,-125.71,1.16,-0.4,0.01,0.39,-0.1,-0.1,1.416,0.01,0.9437,1
31.650000000000002,5066.0,2084.8,73.2,85.94,88.32,85.45,88.08,780.6,659.74,782.0,784.22,4.76,65.23,12.41,3.03,43.26,2.177,14.09,4.1,LANE_A,19052.0,-23.1,91.0,CRUISE_LOITER,0.45,3,80.0,-0.12,-0.24,-0.11,0.02,0.76,-125.1,0.16,-0.62,-0.04,0.2,0.0,0.27,1.453,-0.01,0.9432,1
31.700000000000003,5174.9,2129.6,73.3,86.42,88.56,86.01,88.14,781.62,659.01,780.53,787.2,4.8,65.16,12.46,2.99,42.92,2.184,14.08,4.04,LANE_A,19052.0,-23.1,91.0,CRUISE_LOITER,0.45,3,80.0,0.36,0.0,0.45,0.08,1.78,-125.83,-1.31,2.36,0.0,0.13,0.05,-0.06,1.46,-0.02,0.9441,1
31.75,5066.5,2085.0,72.9,86.14,88.44,85.4,87.7,779.27,660.9,782.5,786.81,4.78,64.87,12.54,3.0,43.09,2.184,14.11,3.99,LANE_A,19053.0,-23.1,91.0,CRUISE_LOITER,0.45,3,80.0,0.08,-0.12,-0.16,-0.36,-0.56,-123.93,0.67,1.98,-0.02,-0.16,0.13,0.11,1.46,0.01,0.9417,1
31.8,5141.8,2116.0,72.9,85.63,88.51,85.58,88.02,779.51,659.75,780.97,785.79,4.8,64.98,12.29,3.02,43.04,2.177,14.13,4.06,LANE_A,19054.0,-23.1,91.0,CRUISE_LOITER,0.45,3,80.0,-0.43,-0.05,0.02,-0.04,-0.32,-125.08,-0.86,0.96,0.0,-0.04,-0.12,0.06,1.453,0.03,0.9431,1
31.85,4999.3,2057.3,72.7,86.16,88.64,85.68,88.01,779.48,661.33,782.17,784.93,4.81,65.13,12.44,3.0,42.93,2.137,14.1,3.94,LANE_A,19055.0,-23.1,91.0,CRUISE_LOITER,0.45,3,80.0,0.11,0.09,0.13,-0.04,-0.35,-123.5,0.34,0.1,0.01,0.11,0.03,-0.05,1.413,0.0,0.9409,1
31.900000000000002,4908.3,2019.9,73.1,86.51,88.53,85.92,87.68,779.46,660.07,782.55,784.4,4.79,65.28,12.48,3.01,43.04,2.166,14.08,4.16,LANE_A,19056.0,-23.1,91.0,CRUISE_LOITER,0.45,3,80.0,0.46,-0.02,0.37,-0.37,-0.37,-124.76,0.72,-0.43,-0.01,0.26,0.07,0.06,1.442,-0.02,0.9427,1
31.950000000000003,5139.7,2115.1,73.2,86.14,88.35,85.4,87.62,778.79,659.18,782.23,781.73,4.78,64.86,12.5,2.98,43.03,2.142,14.14,4.17,LANE_A,19057.0,-23.1,91.0,CRUISE_LOITER,0.45,3,80.0,0.09,-0.2,-0.15,-0.43,-1.04,-125.65,0.4,-3.1,-0.02,-0.16,0.09,0.05,1.418,0.04,0.9437,1
32.0,4968.8,2044.8,72.6,85.82,88.41,85.37,87.98,780.87,657.92,780.81,783.76,4.8,65.13,12.42,3.01,42.92,2.154,14.15,4.11,LANE_A,19058.0,-23.1,91.0,CRUISE_LOITER,0.45,3,80.0,-0.23,-0.14,-0.18,-0.07,1.04,-126.91,-1.02,-1.07,0.0,0.12,0.02,-0.06,1.43,0.05,0.9452,1
32.050000000000004,4968.5,2044.7,73.1,86.01,88.63,85.58,88.2,780.28,661.06,782.87,783.78,4.81,65.21,12.52,3.01,42.79,2.169,14.1,4.03,LANE_A,19058.0,-23.1,91.0,CRUISE_LOITER,0.45,3,80.0,-0.03,0.09,0.04,0.16,0.45,-123.77,1.04,-1.05,0.01,0.2,0.12,-0.19,1.445,0.0,0.9414,1
32.1,4896.4,2015.0,72.8,86.28,88.8,85.51,87.98,781.6,661.92,781.13,785.61,4.82,64.66,12.49,3.01,42.94,2.177,14.08,3.98,LANE_A,19059.0,-23.1,91.0,CRUISE_LOITER,0.45,3,80.0,0.24,0.26,-0.03,-0.06,1.78,-122.9,-0.69,0.79,0.02,-0.35,0.09,-0.04,1.453,-0.02,0.9404,1
32.15,5006.0,2060.1,72.9,86.23,88.19,85.92,87.83,778.61,659.85,783.61,783.96,4.85,65.04,12.38,2.97,42.92,2.192,14.11,4.04,LANE_A,19060.0,-23.1,91.0,CRUISE_LOITER,0.45,3,80.0,0.19,-0.35,0.38,-0.21,-1.21,-124.97,1.79,-0.86,0.05,0.03,-0.02,-0.05,1.468,0.01,0.9431,1
32.2,4889.1,2012.0,73.0,86.15,88.59,85.52,87.89,780.91,661.1,783.46,783.88,4.76,65.05,12.48,2.98,42.97,2.189,14.1,4.15,LANE_A,19061.0,-23.1,91.0,CRUISE_LOITER,0.45,3,80.0,0.11,0.05,-0.02,-0.15,1.09,-123.72,1.64,-0.94,-0.04,0.05,0.08,0.0,1.465,0.0,0.9415,1
32.25,5082.7,2091.6,72.9,85.96,88.22,85.45,88.09,781.26,657.74,781.39,784.34,4.78,64.86,12.41,3.03,42.89,2.181,14.11,3.99,LANE_A,19062.0,-23.1,91.0,CRUISE_LOITER,0.45,3,80.0,-0.07,-0.31,-0.08,0.06,1.44,-127.08,-0.43,-0.48,-0.02,-0.14,0.01,-0.08,1.457,0.01,0.9456,1
32.300000000000004,4951.0,2037.4,72.6,85.8,88.58,85.41,87.95,780.26,662.56,781.92,784.64,4.81,64.99,12.45,2.98,42.99,2.163,14.11,4.03,LANE_A,19063.0,-23.1,91.0,CRUISE_LOITER,0.45,3,80.0,-0.23,0.05,-0.12,-0.08,0.44,-122.26,0.1,-0.18,0.01,-0.01,0.05,0.02,1.439,0.01,0.9394,1
32.35,5141.1,2115.7,72.8,86.09,88.61,85.31,87.73,778.05,659.25,781.11,787.39,4.81,64.78,12.43,3.02,42.9,2.17,14.1,4.07,LANE_A,19064.0,-23.1,91.0,CRUISE_LOITER,0.45,3,80.0,0.06,0.08,-0.22,-0.3,-1.77,-125.57,-0.71,2.57,0.01,-0.22,0.03,-0.07,1.446,0.0,0.9437,1
32.4,5036.0,2072.4,73.0,85.87,88.39,85.47,87.73,775.49,659.27,782.16,784.46,4.81,65.12,12.31,3.01,43.16,2.208,14.12,4.06,LANE_A,19065.0,-23.1,91.0,CRUISE_LOITER,0.45,3,80.0,-0.16,-0.14,-0.06,-0.3,-4.33,-125.55,0.34,-0.36,0.01,0.12,-0.09,0.19,1.484,0.02,0.9439,1
32.45,4876.0,2006.6,73.0,85.78,88.44,85.6,88.29,777.76,658.88,783.68,783.17,4.83,64.87,12.38,2.95,42.89,2.196,14.11,4.01,LANE_A,19065.0,-23.1,91.0,CRUISE_LOITER,0.45,3,80.0,-0.24,-0.08,0.08,0.27,-2.06,-125.94,1.86,-1.65,0.03,-0.12,-0.02,-0.08,1.472,0.01,0.9443,1
32.5,5006.8,2060.4,73.0,86.19,88.63,85.65,88.23,779.61,657.34,782.88,784.55,4.75,64.88,12.37,3.02,42.83,2.176,14.11,4.19,LANE_A,19066.0,-23.1,91.0,CRUISE_LOITER,0.45,3,80.0,0.17,0.11,0.13,0.21,-0.2,-127.47,1.07,-0.26,-0.05,-0.11,-0.03,-0.14,1.452,0.01,0.946,1
32.550000000000004,5142.6,2116.3,73.1,85.77,88.33,85.35,88.14,781.49,661.41,783.04,785.55,4.78,64.76,12.31,3.05,43.01,2.197,14.1,3.91,LANE_A,19067.0,-23.1,91.0,CRUISE_LOITER,0.45,3,80.0,-0.25,-0.19,-0.17,0.12,1.68,-123.4,1.23,0.74,-0.02,-0.23,-0.09,0.05,1.473,0.0,0.9411,1
32.6,5178.7,2131.2,73.0,85.96,88.6,85.73,87.86,776.83,658.44,782.5,784.66,4.78,65.0,12.37,3.02,42.94,2.167,14.14,4.22,LANE_A,19068.0,-23.1,91.0,CRUISE_LOITER,0.45,3,80.0,-0.06,0.08,0.21,-0.16,-2.98,-126.37,0.69,-0.15,-0.02,0.01,-0.03,-0.02,1.443,0.04,0.9447,1
32.65,5148.2,2118.6,73.0,86.06,88.51,85.43,88.21,779.26,660.09,780.83,788.08,4.8,65.21,12.52,3.01,42.99,2.181,14.12,3.95,LANE_A,19069.0,-23.1,91.0,CRUISE_LOITER,0.45,3,80.0,0.05,0.0,-0.08,0.2,-0.55,-124.72,-0.98,3.27,0.0,0.23,0.12,0.03,1.457,0.02,0.9427,1
32.7,4952.6,2038.1,73.2,86.0,88.56,85.26,87.88,778.13,660.53,780.9,782.77,4.79,64.95,12.44,2.99,42.87,2.196,14.07,4.05,LANE_A,19070.0,-23.1,91.0,CRUISE_LOITER,0.45,3,80.0,-0.01,0.05,-0.25,-0.13,-1.68,-124.28,-0.91,-2.04,-0.01,-0.03,0.04,-0.09,1.472,-0.03,0.9422,1
32.75,4924.4,2026.5,72.9,86.09,88.21,85.45,88.14,778.54,661.27,780.83,785.58,4.73,64.68,12.41,3.01,42.98,2.161,14.1,3.8,LANE_A,19071.0,-23.1,91.0,CRUISE_LOITER,0.45,3,80.0,0.08,-0.3,-0.06,0.13,-1.27,-123.54,-0.98,0.77,-0.07,-0.3,0.01,0.02,1.437,0.0,0.9411,1
32.800000000000004,4942.7,2034.0,73.4,85.98,88.52,85.53,88.18,780.64,661.22,782.81,783.68,4.81,65.13,12.4,2.94,42.82,2.166,14.09,3.92,LANE_A,19071.0,-23.1,91.0,CRUISE_LOITER,0.45,3,80.0,-0.03,0.01,0.02,0.17,0.83,-123.59,1.0,-1.13,0.01,0.15,0.0,-0.14,1.442,-0.01,0.9412,1
32.85,5168.5,2127.0,73.0,86.0,88.38,85.33,88.14,779.35,661.06,780.73,783.91,4.83,64.89,12.41,2.98,43.08,2.154,14.12,4.12,LANE_A,19072.0,-23.1,91.1,CRUISE_LOITER,0.45,3,80.0,0.0,-0.12,-0.17,0.14,-0.46,-123.75,-1.08,-0.9,0.03,-0.08,0.01,0.12,1.43,0.02,0.9413,1
32.9,4967.7,2044.3,73.2,86.03,88.41,85.35,87.89,779.45,659.86,783.23,785.39,4.79,64.9,12.37,3.03,42.91,2.168,14.09,4.06,LANE_A,19073.0,-23.1,91.1,CRUISE_LOITER,0.45,3,80.0,0.03,-0.09,-0.15,-0.11,-0.35,-124.94,1.43,0.59,-0.01,-0.07,-0.03,-0.05,1.444,-0.01,0.9429,1
32.95,4886.2,2010.8,72.7,86.17,88.75,85.67,88.09,778.32,659.26,781.75,787.26,4.82,64.9,12.36,3.01,42.9,2.189,14.07,3.75,LANE_A,19074.0,-23.1,91.1,CRUISE_LOITER,0.45,3,80.0,0.17,0.25,0.17,0.09,-1.48,-125.54,-0.05,2.46,0.02,-0.07,-0.04,-0.06,1.465,-0.03,0.9438,1
33.0,5196.8,2138.6,73.2,85.71,88.9,85.66,87.89,778.96,660.85,782.68,784.15,4.77,64.79,12.32,3.0,42.9,2.162,14.06,4.09,LANE_A,19075.0,-23.1,91.1,CRUISE_LOITER,0.45,3,80.0,-0.29,0.4,0.16,-0.11,-0.84,-123.95,0.88,-0.65,-0.03,-0.18,-0.08,-0.05,1.438,-0.04,0.9416,1
33.050000000000004,5007.1,2060.5,72.9,85.83,88.45,85.3,87.98,779.9,659.83,782.33,785.27,4.73,65.01,12.38,3.0,42.93,2.177,14.09,4.16,LANE_A,19076.0,-23.2,91.1,CRUISE_LOITER,0.45,3,80.0,-0.16,-0.04,-0.19,-0.01,0.1,-124.97,0.53,0.47,-0.07,0.05,-0.02,-0.02,1.453,-0.01,0.943,1
33.1,4989.3,2053.2,72.8,85.97,88.53,85.81,87.88,779.78,659.47,781.87,785.6,4.84,64.97,12.38,2.99,42.72,2.174,14.1,4.07,LANE_A,19077.0,-23.2,91.1,CRUISE_LOITER,0.45,3,80.0,-0.02,0.04,0.32,-0.11,-0.02,-125.33,0.07,0.8,0.04,0.01,-0.02,-0.23,1.45,0.0,0.9434,1
33.15,5179.6,2131.5,73.1,86.15,88.29,85.45,87.94,779.37,660.29,780.73,783.18,4.84,64.76,12.47,2.99,42.95,2.18,14.09,4.1,LANE_A,19077.0,-23.2,91.1,CRUISE_LOITER,0.45,3,80.0,0.16,-0.2,-0.04,-0.05,-0.43,-124.51,-1.07,-1.62,0.04,-0.2,0.07,0.0,1.456,-0.01,0.9424,1
33.2,4902.9,2017.7,72.8,86.24,88.69,85.37,88.1,779.33,659.05,781.89,784.8,4.79,64.82,12.37,3.03,43.01,2.143,14.12,4.15,LANE_A,19078.0,-23.2,91.1,CRUISE_LOITER,0.45,3,80.0,0.25,0.2,-0.12,0.11,-0.47,-125.75,0.09,0.0,-0.01,-0.14,-0.03,0.06,1.419,0.02,0.9438,1
33.25,4977.8,2048.5,73.0,86.15,88.21,85.27,87.85,780.05,660.98,781.43,784.15,4.79,65.25,12.41,2.97,43.15,2.172,14.1,4.0,LANE_A,19079.0,-23.2,91.1,CRUISE_LOITER,0.45,3,80.0,0.17,-0.27,-0.21,-0.13,0.25,-123.82,-0.37,-0.65,-0.01,0.3,0.01,0.2,1.448,0.0,0.9415,1
33.300000000000004,4981.3,2049.9,72.6,85.99,88.49,85.52,88.14,781.48,660.17,782.22,785.99,4.83,64.94,12.46,2.99,42.99,2.171,14.1,3.93,LANE_A,19080.0,-23.2,91.1,CRUISE_LOITER,0.45,3,80.0,0.01,0.01,0.04,0.16,1.69,-124.62,0.43,1.2,0.03,-0.01,0.06,0.04,1.447,0.0,0.9425,1
33.35,4994.4,2055.3,73.2,86.2,88.74,85.56,88.09,780.34,659.39,783.08,784.37,4.79,64.81,12.45,2.98,43.09,2.174,14.11,4.16,LANE_A,19081.0,-23.2,91.1,CRUISE_LOITER,0.45,3,80.0,0.22,0.26,0.08,0.11,0.55,-125.4,1.29,-0.42,-0.01,-0.14,0.05,0.14,1.45,0.01,0.9435,1
33.4,5161.7,2124.2,73.1,86.12,88.64,85.29,88.0,779.42,658.82,779.85,784.6,4.79,65.06,12.43,2.96,42.97,2.181,14.12,4.1,LANE_A,19082.0,-23.2,91.1,CRUISE_LOITER,0.45,3,80.0,0.15,0.17,-0.18,0.03,-0.37,-125.97,-1.94,-0.19,-0.01,0.11,0.03,0.03,1.457,0.02,0.9442,1
33.45,5181.0,2132.1,73.2,85.73,88.49,85.24,87.79,778.75,660.47,780.09,785.43,4.81,64.85,12.25,2.96,42.78,2.177,14.09,4.01,LANE_A,19083.0,-23.2,91.1,CRUISE_LOITER,0.45,3,80.0,-0.24,0.02,-0.23,-0.18,-1.04,-124.32,-1.7,0.64,0.01,-0.09,-0.15,-0.16,1.453,-0.01,0.9422,1
33.5,4990.2,2053.6,73.0,86.04,88.19,85.46,87.74,778.02,661.58,781.94,783.58,4.81,64.92,12.27,3.02,42.93,2.189,14.1,4.13,LANE_A,19084.0,-23.2,91.1,CRUISE_LOITER,0.45,3,80.0,0.07,-0.28,-0.01,-0.23,-1.77,-123.21,0.15,-1.21,0.01,-0.02,-0.13,-0.01,1.465,0.0,0.9408,1
33.550000000000004,4943.7,2034.4,73.2,86.04,88.3,85.15,87.92,779.38,660.54,780.17,785.49,4.77,64.97,12.29,3.01,42.9,2.193,14.05,4.06,LANE_A,19084.0,-23.2,91.1,CRUISE_LOITER,0.45,3,80.0,0.07,-0.17,-0.32,-0.05,-0.41,-124.25,-1.62,0.7,-0.03,0.03,-0.11,-0.04,1.469,-0.05,0.9422,1
33.6,5150.5,2119.5,72.7,85.92,88.38,85.27,87.89,781.58,661.03,779.88,784.07,4.8,64.84,12.38,2.99,43.24,2.18,14.08,4.24,LANE_A,19085.0,-23.2,91.1,CRUISE_LOITER,0.45,3,80.0,-0.04,-0.08,-0.19,-0.07,1.79,-123.76,-1.91,-0.72,0.0,-0.1,-0.02,0.3,1.456,-0.02,0.9415,1
33.65,5222.6,2149.2,72.9,85.82,88.51,85.8,87.83,781.02,662.54,781.48,785.55,4.81,65.07,12.26,2.98,42.91,2.161,14.09,3.94,LANE_A,19086.0,-23.2,91.1,CRUISE_LOITER,0.45,3,80.0,-0.14,0.05,0.34,-0.13,1.24,-122.24,-0.3,0.77,0.01,0.13,-0.14,-0.03,1.437,-0.01,0.9394,1
33.7,5141.4,2115.8,73.0,85.65,88.47,85.45,87.8,779.89,660.08,783.6,786.3,4.77,64.85,12.44,3.01,43.26,2.183,14.1,4.05,LANE_A,19087.0,-23.2,91.1,CRUISE_LOITER,0.45,3,80.0,-0.31,0.01,-0.01,-0.16,0.11,-124.7,1.82,1.52,-0.03,-0.08,0.04,0.32,1.459,0.0,0.9427,1
33.75,5003.0,2058.8,72.8,86.12,88.52,85.51,87.78,778.72,661.37,781.98,786.62,4.85,64.5,12.37,3.03,42.78,2.166,14.1,4.02,LANE_A,19088.0,-23.2,91.1,CRUISE_LOITER,0.45,3,80.0,0.16,0.06,0.05,-0.18,-1.06,-123.41,0.2,1.84,0.05,-0.43,-0.03,-0.16,1.442,0.0,0.941,1
33.800000000000004,5064.3,2084.1,73.3,85.84,88.3,85.4,88.24,781.27,659.6,782.64,784.61,4.78,65.02,12.25,2.98,42.92,2.187,14.06,3.97,LANE_A,19089.0,-23.2,91.1,CRUISE_LOITER,0.45,3,80.0,-0.11,-0.15,-0.05,0.29,1.49,-125.18,0.86,-0.17,-0.02,0.09,-0.15,-0.01,1.463,-0.04,0.9433,1
33.85,4948.3,2036.3,72.8,86.17,88.3,85.45,87.98,779.17,660.37,779.83,786.48,4.79,64.64,12.42,3.0,42.86,2.168,14.08,4.23,LANE_A,19090.0,-23.2,91.1,CRUISE_LOITER,0.45,3,80.0,0.22,-0.15,0.0,0.03,-0.61,-124.41,-1.95,1.7,-0.01,-0.29,0.02,-0.07,1.444,-0.02,0.9422,1
33.9,5037.2,2072.9,73.2,85.86,88.21,85.49,87.94,779.59,657.3,780.42,785.73,4.8,64.86,12.48,2.99,42.97,2.172,14.12,3.87,LANE_A,19090.0,-23.2,91.1,CRUISE_LOITER,0.45,3,80.0,-0.09,-0.24,0.04,-0.01,-0.19,-127.48,-1.36,0.95,0.0,-0.06,0.08,0.04,1.448,0.02,0.946,1
33.95,5004.6,2059.5,72.9,85.88,88.5,85.68,87.7,782.29,659.68,779.66,785.98,4.78,64.87,12.22,3.01,42.88,2.186,14.12,4.07,LANE_A,19091.0,-23.2,91.1,CRUISE_LOITER,0.45,3,80.0,-0.07,0.05,0.23,-0.25,2.51,-125.1,-2.12,1.2,-0.02,-0.05,-0.18,-0.05,1.462,0.02,0.9432,1
34.0,5091.2,2095.1,73.0,85.72,88.32,85.51,88.01,780.79,661.46,783.07,787.65,4.81,64.73,12.3,3.0,43.06,2.186,14.11,4.0,LANE_A,19092.0,-23.2,91.1,CRUISE_LOITER,0.45,3,80.0,-0.22,-0.12,0.07,0.07,1.01,-123.32,1.29,2.87,0.01,-0.19,-0.09,0.13,1.462,0.01,0.941,1
34.050000000000004,4934.3,2030.6,72.6,85.73,88.19,85.24,87.94,780.81,658.2,781.58,781.79,4.84,64.9,12.44,3.02,42.83,2.18,14.12,4.08,LANE_A,19093.0,-23.2,91.1,CRUISE_LOITER,0.45,3,80.0,-0.21,-0.25,-0.2,0.0,1.04,-126.57,-0.19,-2.98,0.04,-0.02,0.05,-0.1,1.456,0.02,0.945,1
34.1,4899.2,2016.1,73.0,86.0,88.4,85.5,87.85,780.51,659.1,781.53,784.35,4.78,64.87,12.35,3.04,42.84,2.185,14.15,3.84,LANE_A,19094.0,-23.2,91.2,CRUISE_LOITER,0.45,3,80.0,0.06,-0.04,0.06,-0.09,0.74,-125.67,-0.24,-0.42,-0.02,-0.04,-0.04,-0.09,1.461,0.05,0.9439,1
34.15,5021.3,2066.4,72.9,85.74,88.32,85.47,87.58,782.1,659.68,782.9,785.53,4.81,65.09,12.49,2.98,42.93,2.16,14.11,4.06,LANE_A,19095.0,-23.2,91.2,CRUISE_LOITER,0.45,3,80.0,-0.2,-0.12,0.03,-0.36,2.33,-125.09,1.13,0.76,0.01,0.18,0.1,0.0,1.436,0.01,0.9431,1
34.2,5034.2,2071.7,73.1,85.63,88.18,85.58,87.9,778.43,660.02,782.37,784.55,4.79,64.77,12.23,2.98,43.02,2.178,14.09,4.09,LANE_A,19096.0,-23.2,91.2,CRUISE_LOITER,0.45,3,80.0,-0.3,-0.25,0.15,-0.03,-1.34,-124.75,0.6,-0.22,-0.01,-0.14,-0.16,0.09,1.454,-0.01,0.9427,1
34.25,4941.5,2033.5,73.3,86.06,88.27,85.21,87.74,779.58,662.5,780.86,785.41,4.81,65.01,12.29,3.0,42.98,2.184,14.1,4.17,LANE_A,19096.0,-23.2,91.2,CRUISE_LOITER,0.45,3,80.0,0.13,-0.16,-0.22,-0.19,-0.19,-122.27,-0.91,0.64,0.01,0.1,-0.1,0.06,1.46,0.0,0.9396,1
34.300000000000004,5111.6,2103.5,73.1,85.8,88.4,85.26,88.0,779.45,660.22,783.56,785.51,4.82,64.88,12.29,2.98,43.0,2.18,14.09,3.98,LANE_A,19097.0,-23.2,91.2,CRUISE_LOITER,0.45,3,80.0,-0.13,-0.03,-0.17,0.07,-0.32,-124.55,1.79,0.74,0.02,-0.02,-0.1,0.08,1.456,-0.01,0.9425,1
34.35,4948.4,2036.4,72.6,86.29,88.07,85.54,88.0,777.54,660.76,780.28,781.84,4.8,64.83,12.4,2.98,43.02,2.166,14.07,3.95,LANE_A,19098.0,-23.2,91.2,CRUISE_LOITER,0.45,3,80.0,0.36,-0.36,0.11,0.07,-2.23,-124.01,-1.49,-2.93,0.0,-0.07,0.01,0.1,1.442,-0.03,0.9417,1
34.4,5116.4,2105.5,73.2,85.7,88.61,85.74,87.89,780.77,660.86,779.96,784.31,4.77,64.77,12.46,3.02,42.87,2.177,14.1,4.23,LANE_A,19099.0,-23.2,91.2,CRUISE_LOITER,0.45,3,80.0,-0.22,0.19,0.32,-0.03,1.0,-123.91,-1.81,-0.46,-0.03,-0.13,0.07,-0.05,1.453,0.0,0.9417,1
34.45,4971.9,2046.0,73.0,85.97,88.06,85.47,88.02,779.27,660.88,783.22,785.81,4.79,64.97,12.43,3.0,42.84,2.173,14.08,4.23,LANE_A,19100.0,-23.2,91.2,CRUISE_LOITER,0.45,3,80.0,0.05,-0.36,0.05,0.1,-0.49,-123.88,1.46,1.05,-0.01,0.07,0.04,-0.08,1.449,-0.02,0.9416,1
34.5,4956.7,2039.8,73.0,86.14,88.48,85.61,88.08,779.18,659.24,782.54,782.89,4.82,64.84,12.39,2.99,43.09,2.18,14.09,3.87,LANE_A,19101.0,-23.2,91.2,CRUISE_LOITER,0.45,3,80.0,0.22,0.06,0.19,0.16,-0.58,-125.52,0.78,-1.87,0.02,-0.05,0.0,0.17,1.456,-0.01,0.9437,1
34.550000000000004,5120.0,2107.0,73.2,85.95,88.36,85.23,88.1,780.59,660.36,781.15,786.03,4.82,64.88,12.37,3.02,42.82,2.171,14.12,4.04,LANE_A,19102.0,-23.2,91.2,CRUISE_LOITER,0.45,3,80.0,0.03,-0.06,-0.19,0.18,0.83,-124.4,-0.61,1.27,0.02,-0.01,-0.02,-0.1,1.447,0.02,0.9422,1
34.6,5021.2,2066.3,72.8,85.84,88.38,85.15,87.86,780.01,657.9,782.92,784.96,4.84,65.11,12.54,3.0,42.93,2.175,14.13,4.0,LANE_A,19102.0,-23.2,91.2,CRUISE_LOITER,0.45,3,80.0,-0.07,-0.03,-0.26,-0.05,0.25,-126.86,1.16,0.2,0.04,0.22,0.15,0.01,1.451,0.03,0.9453,1
34.65,4991.9,2054.3,73.1,86.11,88.04,85.23,87.81,779.33,658.24,783.11,785.71,4.79,64.78,12.37,2.99,43.0,2.188,14.13,3.99,LANE_A,19103.0,-23.2,91.2,CRUISE_LOITER,0.45,3,80.0,0.2,-0.37,-0.18,-0.1,-0.43,-126.52,1.35,0.95,-0.01,-0.11,-0.02,0.09,1.464,0.03,0.9449,1
34.7,5138.0,2114.4,73.5,86.14,88.74,85.47,87.99,779.57,660.12,780.66,784.13,4.81,64.84,12.48,3.0,42.84,2.165,14.12,4.02,LANE_A,19104.0,-23.2,91.2,CRUISE_LOITER,0.45,3,80.0,0.23,0.33,0.06,0.08,-0.19,-124.64,-1.1,-0.63,0.01,-0.05,0.09,-0.07,1.441,0.02,0.9425,1
34.75,5037.4,2073.0,72.9,85.93,88.23,85.54,88.03,778.0,660.11,779.8,783.53,4.85,64.96,12.53,3.01,42.8,2.171,14.08,3.86,LANE_A,19105.0,-23.2,91.2,CRUISE_LOITER,0.45,3,80.0,0.02,-0.18,0.13,0.12,-1.76,-124.65,-1.96,-1.23,0.05,0.08,0.14,-0.11,1.447,-0.02,0.9426,1
34.800000000000004,5100.8,2099.1,73.0,85.88,88.52,84.75,87.77,780.02,662.22,782.09,784.16,4.8,64.76,12.4,3.01,42.88,2.182,14.1,4.08,LANE_A,19106.0,-23.2,91.2,CRUISE_LOITER,0.45,3,80.0,-0.02,0.12,-0.65,-0.13,0.26,-122.54,0.33,-0.6,0.0,-0.12,0.01,-0.03,1.458,0.0,0.9399,1
34.85,5167.4,2126.5,72.8,86.38,88.4,85.18,87.58,780.61,659.95,780.96,784.15,4.81,64.99,12.45,3.01,42.81,2.174,14.11,4.1,LANE_A,19107.0,-23.2,91.2,CRUISE_LOITER,0.45,3,80.0,0.48,0.0,-0.22,-0.32,0.86,-124.8,-0.79,-0.6,0.0,0.11,0.06,-0.1,1.45,0.01,0.9428,1
34.9,5065.3,2084.5,73.1,85.79,88.65,85.39,88.03,780.01,658.9,782.75,784.26,4.79,64.8,12.53,3.0,43.0,2.181,14.11,4.13,LANE_A,19108.0,-23.2,91.2,CRUISE_LOITER,0.45,3,80.0,-0.11,0.25,-0.01,0.13,0.26,-125.85,1.0,-0.49,-0.02,-0.08,0.14,0.09,1.457,0.01,0.9441,1
34.95,5193.3,2137.2,73.3,85.91,88.39,85.25,87.79,780.48,659.51,780.72,785.03,4.84,64.81,12.65,2.97,43.07,2.188,14.06,3.97,LANE_A,19109.0,-23.2,91.2,CRUISE_LOITER,0.45,3,80.0,0.01,-0.01,-0.15,-0.11,0.73,-125.24,-1.03,0.28,0.03,-0.06,0.26,0.16,1.464,-0.04,0.9434,1
35.0,4928.8,2028.3,73.2,85.74,88.68,85.35,87.77,777.57,661.17,782.06,786.21,4.78,64.78,12.43,3.0,42.8,2.154,14.1,4.08,LANE_A,19109.0,-23.2,91.2,CRUISE_LOITER,0.45,3,80.0,-0.15,0.29,-0.04,-0.12,-2.18,-123.58,0.31,1.46,-0.03,-0.09,0.04,-0.11,1.43,0.0,0.9411,1
35.050000000000004,5138.1,2114.4,72.9,85.83,88.5,85.34,87.95,778.79,660.26,783.67,786.55,4.84,64.85,12.36,2.99,42.9,2.172,14.1,4.05,LANE_A,19110.0,-23.2,91.2,CRUISE_LOITER,0.45,3,80.0,-0.06,0.11,-0.05,0.06,-0.96,-124.49,1.92,1.8,0.03,-0.02,-0.03,0.0,1.448,0.0,0.9424,1
35.1,5154.2,2121.1,73.2,85.93,88.37,85.25,88.26,778.45,659.95,780.94,783.1,4.82,65.02,12.31,2.99,42.89,2.204,14.11,4.03,LANE_A,19111.0,-23.2,91.2,CRUISE_LOITER,0.45,3,80.0,0.04,-0.02,-0.14,0.37,-1.3,-124.8,-0.81,-1.65,0.01,0.15,-0.08,-0.01,1.48,0.01,0.9429,1
35.15,5005.8,2060.0,73.0,85.98,88.3,85.13,87.81,781.17,660.14,781.46,783.08,4.82,64.88,12.49,2.98,42.85,2.183,14.12,4.07,LANE_A,19112.0,-23.2,91.2,CRUISE_LOITER,0.45,3,80.0,0.09,-0.09,-0.26,-0.08,1.42,-124.61,-0.29,-1.67,0.01,0.02,0.1,-0.05,1.459,0.02,0.9426,1
35.2,5119.2,2106.7,73.2,85.7,88.29,85.47,87.66,778.69,658.89,782.56,783.97,4.76,64.89,12.33,2.96,42.89,2.171,14.07,4.02,LANE_A,19113.0,-23.2,91.2,CRUISE_LOITER,0.45,3,80.0,-0.18,-0.09,0.09,-0.22,-1.06,-125.86,0.81,-0.78,-0.05,0.03,-0.06,-0.01,1.447,-0.03,0.9441,1
35.25,5056.3,2080.8,73.2,85.97,88.3,85.7,87.86,780.08,659.88,782.42,784.33,4.84,64.85,12.57,2.99,43.03,2.153,14.15,4.12,LANE_A,19114.0,-23.2,91.2,CRUISE_LOITER,0.45,3,80.0,0.09,-0.08,0.32,-0.02,0.34,-124.86,0.68,-0.41,0.03,-0.01,0.18,0.13,1.429,0.05,0.9427,1
35.300000000000004,5037.2,2072.9,73.3,85.89,88.15,85.41,87.75,780.14,659.05,782.8,785.34,4.82,64.91,12.39,3.04,42.97,2.175,14.09,3.93,LANE_A,19115.0,-23.2,91.2,CRUISE_LOITER,0.45,3,80.0,0.01,-0.23,0.03,-0.13,0.4,-125.69,1.06,0.6,0.01,0.05,0.0,0.07,1.451,-0.01,0.9439,1
35.35,5202.1,2140.8,73.3,86.07,88.17,85.26,88.33,779.58,661.04,780.12,783.68,4.83,64.89,12.47,3.02,42.96,2.15,14.06,4.05,LANE_A,19115.0,-23.2,91.2,CRUISE_LOITER,0.45,3,80.0,0.19,-0.21,-0.12,0.45,-0.16,-123.7,-1.62,-1.06,0.02,0.04,0.08,0.06,1.426,-0.04,0.9412,1
35.4,5012.3,2062.7,73.0,85.88,88.15,85.49,87.88,780.52,660.51,782.74,786.38,4.75,64.59,12.53,2.97,43.11,2.162,14.09,4.07,LANE_A,19116.0,-23.2,91.3,CRUISE_LOITER,0.45,3,80.0,0.01,-0.22,0.12,0.01,0.78,-124.23,1.0,1.64,-0.06,-0.26,0.14,0.21,1.438,-0.01,0.942,1
35.45,5138.2,2114.5,73.1,86.0,88.69,85.71,88.05,779.24,661.19,781.51,784.23,4.81,64.94,12.29,3.02,42.74,2.174,14.12,3.92,LANE_A,19117.0,-23.2,91.3,CRUISE_LOITER,0.45,3,80.0,0.13,0.32,0.34,0.18,-0.5,-123.55,-0.23,-0.51,0.0,0.09,-0.1,-0.16,1.45,0.02,0.9412,1
35.5,5144.0,2116.9,72.8,85.88,87.9,85.43,87.84,779.53,659.39,782.19,785.49,4.78,64.75,12.51,3.02,43.03,2.191,14.12,4.06,LANE_A,19118.0,-23.2,91.3,CRUISE_LOITER,0.45,3,80.0,0.01,-0.47,0.06,-0.03,-0.21,-125.35,0.45,0.75,-0.03,-0.1,0.12,0.14,1.467,0.02,0.9435,1
35.550000000000004,5128.8,2110.6,73.0,85.83,88.36,84.98,87.84,779.37,659.67,784.22,782.51,4.81,64.86,12.49,2.99,42.84,2.158,14.09,4.14,LANE_A,19119.0,-23.2,91.3,CRUISE_LOITER,0.45,3,80.0,-0.04,-0.01,-0.39,-0.03,-0.37,-125.07,2.48,-2.23,0.0,0.02,0.1,-0.05,1.434,-0.01,0.943,1
35.6,5063.7,2083.8,73.1,86.0,88.32,85.62,87.8,779.51,659.78,780.18,783.62,4.74,64.56,12.34,3.01,42.85,2.162,14.09,4.05,LANE_A,19120.0,-23.2,91.3,CRUISE_LOITER,0.45,3,80.0,0.14,-0.04,0.26,-0.06,-0.22,-124.95,-1.55,-1.11,-0.07,-0.28,-0.05,-0.04,1.438,-0.01,0.9429,1
35.65,5106.8,2101.6,73.2,85.7,87.85,85.3,87.89,780.94,659.72,781.53,785.46,4.8,64.87,12.36,2.98,42.78,2.185,14.12,4.05,LANE_A,19121.0,-23.2,91.3,CRUISE_LOITER,0.45,3,80.0,-0.16,-0.51,-0.06,0.03,1.21,-125.01,-0.2,0.73,-0.01,0.03,-0.03,-0.11,1.461,0.02,0.9431,1
35.7,4986.8,2052.2,73.1,85.79,88.62,85.13,87.6,778.78,660.56,780.2,784.47,4.8,64.55,12.4,3.0,42.99,2.163,14.1,4.2,LANE_A,19121.0,-23.2,91.3,CRUISE_LOITER,0.45,3,80.0,-0.07,0.26,-0.23,-0.26,-0.95,-124.17,-1.53,-0.26,-0.01,-0.29,0.01,0.1,1.439,0.0,0.9419,1
35.75,5112.0,2103.7,72.8,85.93,88.24,85.27,87.9,779.69,661.69,781.18,784.9,4.79,64.89,12.48,2.98,42.86,2.184,14.08,4.01,LANE_A,19122.0,-23.2,91.3,CRUISE_LOITER,0.45,3,80.0,0.07,-0.12,-0.09,0.04,-0.04,-123.04,-0.55,0.17,-0.02,0.05,0.09,-0.03,1.46,-0.02,0.9406,1
35.800000000000004,4982.7,2050.5,73.0,85.72,88.42,85.57,88.09,779.22,658.2,780.31,784.07,4.8,64.74,12.56,2.99,42.91,2.166,14.09,4.08,LANE_A,19123.0,-23.2,91.3,CRUISE_LOITER,0.45,3,80.0,-0.13,0.07,0.22,0.24,-0.51,-126.53,-1.42,-0.66,-0.01,-0.09,0.17,0.02,1.442,-0.01,0.9448,1
35.85,5184.0,2133.3,72.7,85.8,88.47,85.3,88.15,780.57,661.18,782.45,783.71,4.84,64.53,12.39,3.0,42.76,2.162,14.08,4.19,LANE_A,19124.0,-23.2,91.3,CRUISE_LOITER,0.45,3,80.0,-0.05,0.12,-0.05,0.3,0.84,-123.55,0.72,-1.02,0.03,-0.3,0.0,-0.13,1.438,-0.02,0.9411,1
35.9,4970.8,2045.6,73.1,85.99,88.24,85.44,87.75,780.0,659.55,782.77,785.12,4.82,65.04,12.41,3.0,42.88,2.17,14.09,3.95,LANE_A,19125.0,-23.2,91.3,CRUISE_LOITER,0.45,3,80.0,0.14,-0.11,0.09,-0.1,0.27,-125.18,1.04,0.39,0.01,0.21,0.02,0.0,1.446,-0.01,0.9432,1
35.95,4928.7,2028.3,73.0,86.05,88.34,85.44,88.01,779.12,659.11,784.18,786.01,4.86,65.15,12.46,3.01,43.02,2.153,14.09,3.92,LANE_A,19126.0,-23.3,91.3,CRUISE_LOITER,0.45,3,80.0,0.2,-0.01,0.09,0.16,-0.61,-125.62,2.45,1.28,0.05,0.32,0.07,0.14,1.429,-0.01,0.9437,1
36.0,4929.8,2028.7,73.3,85.82,88.23,85.33,87.78,778.34,660.4,782.31,783.43,4.86,64.97,12.4,3.01,42.86,2.172,14.12,4.13,LANE_A,19127.0,-23.3,91.3,CRUISE_LOITER,0.45,3,80.0,-0.02,-0.11,-0.01,-0.06,-1.38,-124.32,0.59,-1.29,0.05,0.15,0.02,-0.02,1.448,0.02,0.9422,1
36.050000000000004,5097.3,2097.7,73.1,85.73,88.08,84.9,88.23,779.22,659.98,782.08,786.55,4.79,64.73,12.48,2.97,42.83,2.172,14.11,4.05,LANE_A,19127.0,-23.3,91.3,CRUISE_LOITER,0.45,3,80.0,-0.11,-0.26,-0.44,0.39,-0.5,-124.74,0.36,1.83,-0.02,-0.09,0.1,-0.05,1.448,0.01,0.9427,1
36.1,5140.7,2115.5,73.2,85.75,88.26,85.34,87.75,780.6,657.05,782.91,785.41,4.8,64.88,12.17,2.99,42.7,2.171,14.08,3.98,LANE_A,19128.0,-23.3,91.3,CRUISE_LOITER,0.45,3,80.0,-0.09,-0.08,0.0,-0.09,0.88,-127.67,1.19,0.69,-0.01,0.06,-0.21,-0.18,1.447,-0.02,0.9462,1
36.15,5210.2,2144.1,72.8,85.74,88.44,85.17,88.11,779.65,658.75,781.8,784.7,4.79,64.79,12.35,3.01,43.14,2.165,14.1,3.98,LANE_A,19129.0,-23.3,91.3,CRUISE_LOITER,0.45,3,80.0,-0.1,0.1,-0.17,0.27,-0.07,-125.97,0.08,-0.02,-0.02,-0.03,-0.03,0.26,1.441,0.0,0.9442,1
36.2,4893.6,2013.8,73.1,85.97,88.31,85.41,88.0,778.89,660.83,779.08,783.4,4.8,64.52,12.43,2.95,42.71,2.181,14.08,4.22,LANE_A,19130.0,-23.3,91.3,CRUISE_LOITER,0.45,3,80.0,0.14,-0.02,0.08,0.17,-0.83,-123.89,-2.64,-1.32,-0.01,-0.29,0.05,-0.17,1.457,-0.02,0.9417,1
36.25,5110.8,2103.2,73.3,85.94,88.09,84.78,87.71,778.46,661.09,780.89,785.42,4.82,64.58,12.3,3.03,42.78,2.175,14.12,4.1,LANE_A,19131.0,-23.3,91.3,CRUISE_LOITER,0.45,3,80.0,0.11,-0.24,-0.55,-0.12,-1.26,-123.63,-0.83,0.7,0.01,-0.23,-0.08,-0.1,1.451,0.02,0.9413,1
36.300000000000004,5044.6,2076.0,73.1,85.73,88.21,85.4,87.82,781.45,659.72,783.47,781.51,4.82,64.96,12.59,2.98,42.99,2.177,14.11,3.98,LANE_A,19132.0,-23.3,91.3,CRUISE_LOITER,0.45,3,80.0,-0.1,-0.12,0.07,-0.01,1.73,-125.0,1.75,-3.21,0.01,0.15,0.21,0.12,1.453,0.01,0.943,1
36.35,4907.1,2019.4,73.3,85.83,88.29,85.29,87.83,780.71,659.56,782.89,783.36,4.83,64.87,12.37,2.98,42.93,2.161,14.11,4.05,LANE_A,19133.0,-23.3,91.3,CRUISE_LOITER,0.45,3,80.0,0.0,-0.04,-0.04,0.0,0.99,-125.16,1.17,-1.36,0.02,0.06,-0.01,0.06,1.437,0.01,0.9431,1
36.4,4969.9,2045.2,73.3,85.81,88.42,85.2,87.9,779.45,658.24,782.76,784.68,4.83,64.88,12.4,3.01,42.85,2.176,14.13,3.86,LANE_A,19133.0,-23.3,91.3,CRUISE_LOITER,0.45,3,80.0,-0.01,0.1,-0.12,0.08,-0.26,-126.47,1.05,-0.03,0.02,0.08,0.02,-0.02,1.452,0.03,0.9448,1
36.45,4904.4,2018.3,73.0,85.87,88.31,85.13,88.11,780.27,659.64,781.43,785.13,4.77,64.78,12.46,2.97,43.1,2.173,14.06,4.16,LANE_A,19134.0,-23.3,91.3,CRUISE_LOITER,0.45,3,80.0,0.05,-0.01,-0.19,0.29,0.56,-125.07,-0.28,0.42,-0.04,-0.02,0.08,0.23,1.449,-0.04,0.9431,1
36.5,4962.8,2042.3,73.4,85.99,88.44,85.36,87.93,780.07,659.17,782.65,785.46,4.83,64.66,12.27,2.99,42.94,2.186,14.09,4.14,LANE_A,19135.0,-23.3,91.3,CRUISE_LOITER,0.45,3,80.0,0.17,0.12,0.04,0.11,0.36,-125.54,0.94,0.75,0.02,-0.14,-0.11,0.07,1.462,-0.01,0.9437,1
36.550000000000004,5063.5,2083.7,73.2,86.04,88.25,85.34,87.99,776.18,662.0,783.27,783.14,4.77,64.74,12.36,2.99,42.79,2.151,14.13,4.0,LANE_A,19136.0,-23.3,91.3,CRUISE_LOITER,0.45,3,80.0,0.22,-0.07,0.02,0.17,-3.53,-122.71,1.56,-1.57,-0.04,-0.06,-0.02,-0.08,1.427,0.03,0.94,1
36.6,5156.9,2122.2,73.1,85.78,88.21,85.42,87.54,781.57,658.43,782.66,786.74,4.82,64.65,12.49,3.01,42.96,2.18,14.1,4.12,LANE_A,19137.0,-23.3,91.3,CRUISE_LOITER,0.45,3,80.0,-0.03,-0.1,0.11,-0.27,1.86,-126.28,0.95,2.03,0.01,-0.15,0.11,0.09,1.456,0.0,0.9446,1
36.65,5139.9,2115.2,73.4,85.81,88.33,85.23,87.9,778.5,659.24,781.71,785.2,4.8,64.81,12.45,2.97,42.9,2.165,14.16,3.99,LANE_A,19138.0,-23.3,91.3,CRUISE_LOITER,0.45,3,80.0,0.0,0.02,-0.08,0.09,-1.21,-125.47,0.0,0.49,-0.01,0.02,0.07,0.03,1.441,0.06,0.9435,1
36.7,5206.8,2142.7,72.5,86.15,88.12,85.34,87.57,779.92,659.0,781.24,785.69,4.86,64.63,12.54,3.0,42.77,2.183,14.13,4.24,LANE_A,19139.0,-23.3,91.3,CRUISE_LOITER,0.45,3,80.0,0.34,-0.19,0.03,-0.24,0.21,-125.71,-0.47,0.98,0.05,-0.16,0.16,-0.1,1.459,0.03,0.9439,1
36.75,4913.6,2022.1,73.1,85.88,88.72,85.24,87.78,781.65,659.15,783.77,785.07,4.82,64.73,12.48,2.96,43.01,2.177,14.12,3.72,LANE_A,19140.0,-23.3,91.4,CRUISE_LOITER,0.45,3,80.0,0.07,0.41,-0.07,-0.03,1.94,-125.56,2.06,0.36,0.01,-0.06,0.1,0.15,1.453,0.02,0.9437,1
36.800000000000004,5080.4,2090.7,72.8,85.62,88.36,85.09,88.05,779.89,658.23,781.3,785.03,4.8,64.77,12.37,3.02,42.76,2.172,14.08,4.05,LANE_A,19140.0,-23.3,91.4,CRUISE_LOITER,0.45,3,80.0,-0.18,0.06,-0.21,0.25,0.19,-126.47,-0.4,0.33,-0.01,-0.02,-0.01,-0.1,1.448,-0.02,0.9448,1
36.85,4937.8,2032.0,73.2,85.81,88.39,85.11,87.71,778.88,659.57,781.23,783.28,4.84,64.73,12.3,3.01,42.66,2.159,14.12,4.18,LANE_A,19141.0,-23.3,91.4,CRUISE_LOITER,0.45,3,80.0,0.01,0.09,-0.19,-0.09,-0.82,-125.13,-0.47,-1.42,0.03,-0.05,-0.08,-0.2,1.435,0.02,0.9431,1
36.9,4885.8,2010.6,73.4,85.64,88.28,85.23,87.93,781.6,660.36,782.29,785.6,4.84,64.73,12.38,3.0,42.88,2.162,14.13,4.08,LANE_A,19142.0,-23.3,91.4,CRUISE_LOITER,0.45,3,80.0,-0.16,-0.02,-0.07,0.13,1.9,-124.34,0.59,0.9,0.03,-0.05,0.0,0.02,1.438,0.03,0.9421,1
36.95,4976.0,2047.7,73.1,85.74,88.07,85.32,87.62,778.87,660.59,781.96,784.16,4.77,65.05,12.4,3.01,42.9,2.153,14.12,4.05,LANE_A,19143.0,-23.3,91.4,CRUISE_LOITER,0.45,3,80.0,-0.06,-0.23,0.02,-0.18,-0.83,-124.11,0.26,-0.54,-0.04,0.27,0.02,0.04,1.429,0.02,0.9418,1
37.0,5123.1,2108.3,73.0,85.81,88.26,85.67,87.91,777.03,660.26,782.15,783.15,4.79,64.77,12.44,3.03,42.91,2.159,14.1,4.04,LANE_A,19144.0,-23.3,91.4,CRUISE_LOITER,0.45,3,80.0,0.02,-0.03,0.38,0.12,-2.67,-124.44,0.45,-1.55,-0.02,-0.01,0.06,0.05,1.435,0.0,0.9422,1
37.050000000000004,5197.9,2139.1,73.2,85.98,88.42,85.2,87.69,779.42,659.87,783.59,784.95,4.78,64.56,12.52,2.98,42.78,2.18,14.11,3.96,LANE_A,19145.0,-23.3,91.4,CRUISE_LOITER,0.45,3,80.0,0.19,0.13,-0.09,-0.1,-0.28,-124.83,1.89,0.25,-0.03,-0.21,0.14,-0.08,1.456,0.01,0.9428,1
37.1,4928.3,2028.1,73.1,86.0,88.62,84.97,87.94,779.24,661.2,782.83,784.67,4.82,64.57,12.35,3.02,42.81,2.182,14.12,4.14,LANE_A,19146.0,-23.3,91.4,CRUISE_LOITER,0.45,3,80.0,0.21,0.33,-0.32,0.15,-0.46,-123.5,1.13,-0.03,0.01,-0.2,-0.03,-0.05,1.458,0.02,0.9412,1
37.15,4909.5,2020.4,73.2,85.81,88.28,85.24,87.18,778.69,660.64,779.82,784.78,4.82,64.88,12.45,2.99,42.86,2.154,14.06,3.98,LANE_A,19146.0,-23.3,91.4,CRUISE_LOITER,0.45,3,80.0,0.02,-0.01,-0.05,-0.61,-1.01,-124.06,-1.88,0.08,0.01,0.11,0.07,0.01,1.43,-0.04,0.9417,1
37.2,5133.9,2112.7,73.2,85.69,88.5,85.36,87.9,781.32,659.68,781.91,782.21,4.85,64.81,12.35,2.95,42.65,2.17,14.1,3.99,LANE_A,19147.0,-23.3,91.4,CRUISE_LOITER,0.45,3,80.0,-0.09,0.22,0.08,0.12,1.63,-125.01,0.22,-2.48,0.04,0.04,-0.03,-0.2,1.446,0.0,0.943,1
37.25,5043.7,2075.6,73.0,85.54,88.44,85.05,88.05,780.03,660.52,782.83,784.81,4.78,64.69,12.25,3.0,42.77,2.138,14.09,4.07,LANE_A,19148.0,-23.3,91.4,CRUISE_LOITER,0.45,3,80.0,-0.24,0.16,-0.23,0.27,0.34,-124.17,1.14,0.12,-0.03,-0.07,-0.13,-0.08,1.414,-0.01,0.9418,1
37.300000000000004,5089.7,2094.5,73.1,85.73,88.42,85.34,87.58,779.84,659.88,781.21,786.89,4.77,64.43,12.49,3.0,42.87,2.191,14.12,4.04,LANE_A,19149.0,-23.3,91.4,CRUISE_LOITER,0.45,3,80.0,-0.05,0.14,0.06,-0.2,0.15,-124.81,-0.48,2.2,-0.04,-0.33,0.11,0.02,1.467,0.02,0.9429,1
37.35,4898.5,2015.8,72.9,85.77,88.16,85.47,87.94,781.19,660.94,780.66,784.27,4.81,64.78,12.41,3.01,42.75,2.172,14.1,4.01,LANE_A,19150.0,-23.3,91.4,CRUISE_LOITER,0.45,3,80.0,-0.01,-0.12,0.19,0.16,1.5,-123.75,-1.03,-0.42,0.0,0.02,0.03,-0.1,1.448,0.0,0.9414,1
37.4,4938.0,2032.1,73.1,85.64,88.31,85.34,87.61,780.19,658.73,780.38,781.96,4.81,64.74,12.26,3.01,42.98,2.158,14.08,4.07,LANE_A,19151.0,-23.3,91.4,CRUISE_LOITER,0.45,3,80.0,-0.13,0.04,0.07,-0.16,0.5,-125.96,-1.31,-2.73,0.0,-0.02,-0.12,0.13,1.434,-0.02,0.9441,1
37.45,5128.3,2110.4,73.1,85.83,88.33,85.18,87.78,779.4,660.34,781.37,784.89,4.82,64.85,12.24,2.99,42.68,2.172,14.07,4.01,LANE_A,19152.0,-23.3,91.4,CRUISE_LOITER,0.45,3,80.0,0.06,0.06,-0.09,0.01,-0.29,-124.35,-0.32,0.2,0.01,0.09,-0.14,-0.17,1.448,-0.03,0.9422,1
37.5,5108.8,2102.4,72.9,85.59,88.27,85.29,87.92,779.8,660.25,782.56,785.73,4.78,65.03,12.45,3.0,42.79,2.199,14.11,4.11,LANE_A,19152.0,-23.3,91.4,CRUISE_LOITER,0.45,3,80.0,-0.18,0.0,0.02,0.15,0.11,-124.44,0.87,1.04,-0.03,0.28,0.07,-0.06,1.475,0.01,0.9425,1
37.550000000000004,5184.5,2133.5,73.2,85.77,88.26,85.29,87.65,780.66,658.31,782.63,783.18,4.86,64.6,12.38,3.02,42.92,2.163,14.09,4.06,LANE_A,19153.0,-23.3,91.4,CRUISE_LOITER,0.45,3,80.0,0.0,-0.01,0.02,-0.12,0.98,-126.37,0.95,-1.5,0.05,-0.15,0.0,0.08,1.439,-0.01,0.9446,1
37.6,5064.8,2084.3,73.2,85.93,88.31,85.22,87.64,779.2,659.36,780.25,785.16,4.83,64.93,12.41,3.0,42.75,2.17,14.07,4.13,LANE_A,19154.0,-23.3,91.4,CRUISE_LOITER,0.45,3,80.0,0.17,0.05,-0.04,-0.12,-0.48,-125.32,-1.43,0.48,0.02,0.18,0.03,-0.09,1.446,-0.03,0.9434,1
37.65,5144.3,2117.0,72.9,85.35,88.27,85.06,87.77,779.48,660.41,781.52,782.94,4.82,64.73,12.23,2.98,43.01,2.17,14.12,4.09,LANE_A,19155.0,-23.3,91.4,CRUISE_LOITER,0.45,3,80.0,-0.41,0.01,-0.2,0.01,-0.2,-124.27,-0.16,-1.74,0.01,-0.02,-0.15,0.17,1.446,0.02,0.9421,1
37.7,5087.7,2093.7,73.4,85.71,88.27,85.03,87.77,778.87,660.24,780.34,785.78,4.78,64.81,12.33,2.99,42.9,2.183,14.09,4.18,LANE_A,19156.0,-23.3,91.4,CRUISE_LOITER,0.45,3,80.0,-0.05,0.01,-0.23,0.01,-0.81,-124.44,-1.34,1.1,-0.03,0.07,-0.05,0.06,1.459,-0.01,0.9424,1
37.75,5105.4,2101.0,73.0,85.82,88.06,85.11,87.97,778.8,658.98,781.18,784.51,4.79,64.6,12.47,2.99,43.09,2.172,14.1,4.15,LANE_A,19157.0,-23.3,91.4,CRUISE_LOITER,0.45,3,80.0,0.06,-0.2,-0.15,0.21,-0.88,-125.7,-0.5,-0.17,-0.02,-0.14,0.09,0.25,1.448,0.0,0.9439,1
37.800000000000004,4927.3,2027.7,72.9,86.01,88.36,84.91,87.7,778.13,660.85,781.32,786.38,4.82,64.84,12.3,3.0,43.05,2.161,14.11,4.11,LANE_A,19158.0,-23.3,91.4,CRUISE_LOITER,0.45,3,80.0,0.26,0.11,-0.34,-0.05,-1.55,-123.83,-0.36,1.7,0.01,0.1,-0.08,0.21,1.437,0.01,0.9415,1
37.85,5000.7,2057.9,73.3,85.79,88.13,85.23,87.58,780.21,661.38,782.87,785.43,4.83,64.48,12.28,3.02,42.96,2.179,14.1,3.97,LANE_A,19158.0,-23.3,91.4,CRUISE_LOITER,0.45,3,80.0,0.04,-0.12,-0.02,-0.17,0.53,-123.3,1.19,0.75,0.02,-0.26,-0.1,0.12,1.455,0.0,0.9409,1
37.9,5207.7,2143.1,73.4,85.61,88.44,85.28,87.84,781.2,658.43,779.91,785.74,4.81,64.55,12.39,3.03,42.84,2.159,14.09,3.85,LANE_A,19159.0,-23.3,91.4,CRUISE_LOITER,0.45,3,80.0,-0.14,0.19,0.03,0.09,1.52,-126.25,-1.77,1.06,0.0,-0.18,0.01,0.0,1.435,-0.01,0.9445,1
37.95,5063.0,2083.5,73.2,85.93,88.2,85.07,87.86,780.72,660.21,780.81,785.97,4.82,64.74,12.32,3.03,42.94,2.195,14.1,3.93,LANE_A,19160.0,-23.3,91.4,CRUISE_LOITER,0.45,3,80.0,0.18,-0.05,-0.18,0.11,1.05,-124.46,-0.86,1.3,0.01,0.01,-0.06,0.1,1.471,0.0,0.9425,1
38.0,4956.3,2039.6,72.9,85.95,88.18,85.03,88.17,775.96,656.48,782.98,785.19,4.8,64.43,12.38,3.02,42.87,2.176,14.09,4.1,LANE_A,19161.0,-23.3,91.4,CRUISE_LOITER,0.45,3,80.0,0.21,-0.06,-0.21,0.43,-3.71,-128.19,1.31,0.52,-0.01,-0.3,0.01,0.04,1.452,-0.01,0.9469,1
38.050000000000004,5182.6,2132.8,73.3,86.06,88.15,85.13,87.8,780.1,658.71,780.35,785.29,4.77,64.99,12.26,3.0,42.57,2.144,14.13,4.09,LANE_A,19162.0,-23.3,91.4,CRUISE_LOITER,0.45,3,80.0,0.32,-0.09,-0.11,0.06,0.43,-125.96,-1.32,0.62,-0.04,0.26,-0.11,-0.26,1.42,0.03,0.944,1
38.1,5099.9,2098.7,73.5,85.7,88.43,85.26,87.69,779.63,659.84,782.86,783.82,4.81,64.79,12.43,3.02,42.73,2.163,14.08,4.17,LANE_A,19163.0,-23.3,91.5,CRUISE_LOITER,0.45,3,80.0,-0.04,0.19,0.02,-0.05,-0.04,-124.83,1.19,-0.85,0.0,0.06,0.06,-0.1,1.439,-0.02,0.9427,1
38.15,4895.0,2014.4,72.8,85.48,88.32,85.37,87.85,778.66,661.08,783.01,784.98,4.77,64.52,12.36,2.99,42.7,2.152,14.15,4.11,LANE_A,19164.0,-23.3,91.5,CRUISE_LOITER,0.45,3,80.0,-0.26,0.08,0.13,0.11,-1.01,-123.59,1.34,0.31,-0.04,-0.2,-0.01,-0.13,1.428,0.05,0.9411,1
38.2,5108.8,2102.4,73.2,85.55,88.24,85.2,87.7,780.58,660.99,782.7,782.67,4.77,64.95,12.34,2.99,42.9,2.183,14.14,4.01,LANE_A,19164.0,-23.3,91.5,CRUISE_LOITER,0.45,3,80.0,-0.18,0.01,-0.03,-0.03,0.91,-123.68,1.03,-2.0,-0.04,0.23,-0.03,0.07,1.459,0.04,0.9414,1
38.25,4936.6,2031.5,73.0,85.53,88.28,85.18,87.56,778.87,659.82,781.84,783.56,4.8,64.93,12.4,3.01,42.93,2.18,14.09,4.11,LANE_A,19165.0,-23.3,91.5,CRUISE_LOITER,0.45,3,80.0,-0.2,0.05,-0.05,-0.17,-0.8,-124.85,0.17,-1.11,-0.01,0.21,0.03,0.1,1.456,-0.01,0.9429,1
38.300000000000004,5184.4,2133.5,73.3,85.65,88.33,85.41,87.81,779.35,659.74,782.35,785.18,4.79,64.68,12.38,3.03,42.8,2.175,14.09,4.0,LANE_A,19166.0,-23.3,91.5,CRUISE_LOITER,0.45,3,80.0,-0.08,0.1,0.18,0.08,-0.32,-124.93,0.68,0.51,-0.02,-0.04,0.01,-0.03,1.451,-0.01,0.9429,1
38.35,4883.4,2009.6,73.0,85.51,88.67,85.34,87.87,780.65,658.23,781.57,784.34,4.81,64.96,12.36,2.99,42.76,2.198,14.11,4.01,LANE_A,19167.0,-23.3,91.5,CRUISE_LOITER,0.45,3,80.0,-0.22,0.44,0.11,0.14,0.99,-126.43,-0.09,-0.32,0.0,0.25,-0.01,-0.07,1.474,0.01,0.9449,1
38.400000000000006,4946.6,2035.6,73.1,86.01,88.3,85.13,87.74,778.26,660.59,781.89,783.36,4.79,64.59,12.28,3.02,42.77,2.194,14.1,4.17,LANE_A,19168.0,-23.3,91.5,CRUISE_LOITER,0.45,3,80.0,0.29,0.08,-0.09,0.02,-1.4,-124.07,0.23,-1.3,-0.02,-0.12,-0.09,-0.05,1.47,0.0,0.942,1
38.45,5024.0,2067.5,73.0,85.72,88.37,85.06,88.14,779.23,660.2,781.91,784.03,4.83,64.98,12.42,3.02,42.88,2.157,14.11,4.12,LANE_A,19169.0,-23.3,91.5,CRUISE_LOITER,0.45,3,80.0,0.0,0.15,-0.16,0.42,-0.43,-124.46,0.25,-0.63,0.02,0.27,0.05,0.06,1.433,0.01,0.9422,1
38.5,4886.4,2010.9,73.2,85.84,88.22,85.24,87.93,779.44,660.69,782.79,785.51,4.76,64.79,12.44,3.01,43.01,2.19,14.11,4.18,LANE_A,19170.0,-23.3,91.5,CRUISE_LOITER,0.45,3,80.0,0.12,0.0,0.02,0.21,-0.22,-123.97,1.13,0.85,-0.05,0.08,0.07,0.19,1.466,0.01,0.9418,1
38.550000000000004,5115.6,2105.2,73.4,85.52,88.31,85.09,87.54,781.43,658.44,784.3,783.67,4.78,64.63,12.38,2.99,42.71,2.18,14.13,4.14,LANE_A,19170.0,-23.3,91.5,CRUISE_LOITER,0.45,3,80.0,-0.2,0.09,-0.13,-0.18,1.77,-126.22,2.64,-0.99,-0.03,-0.07,0.01,-0.11,1.456,0.03,0.9445,1
38.6,5167.3,2126.5,73.0,85.82,88.4,85.01,87.68,779.72,659.0,781.99,784.39,4.8,64.6,12.47,3.04,42.67,2.168,14.13,4.27,LANE_A,19171.0,-23.3,91.5,CRUISE_LOITER,0.45,3,80.0,0.11,0.19,-0.2,-0.03,0.06,-125.66,0.33,-0.27,-0.01,-0.1,0.1,-0.15,1.444,0.03,0.9438,1
38.650000000000006,5087.9,2093.8,73.0,85.83,88.19,85.29,87.74,779.35,659.65,781.67,785.96,4.77,64.75,12.35,3.01,42.69,2.166,14.13,4.11,LANE_A,19172.0,-23.3,91.5,CRUISE_LOITER,0.45,3,80.0,0.12,-0.02,0.08,0.03,-0.31,-125.01,0.01,1.3,-0.04,0.05,-0.02,-0.13,1.442,0.03,0.943,1
38.7,4907.5,2019.5,73.1,85.54,88.07,85.49,87.78,780.1,659.84,783.56,784.19,4.84,64.76,12.32,2.99,42.83,2.165,14.07,4.02,LANE_A,19173.0,-23.3,91.5,CRUISE_LOITER,0.45,3,80.0,-0.17,-0.14,0.28,0.07,0.44,-124.82,1.9,-0.47,0.03,0.06,-0.05,0.01,1.441,-0.03,0.9427,1
38.75,5190.2,2135.9,73.0,85.85,88.28,85.01,87.55,779.01,659.56,779.42,783.32,4.78,64.75,12.39,3.02,42.73,2.143,14.11,4.01,LANE_A,19174.0,-23.3,91.5,CRUISE_LOITER,0.45,3,80.0,0.14,0.07,-0.2,-0.16,-0.64,-125.09,-2.23,-1.33,-0.03,0.06,0.02,-0.09,1.419,0.01,0.943,1
38.800000000000004,5182.5,2132.7,72.8,85.32,87.99,85.24,87.89,779.34,659.4,783.89,784.61,4.81,64.57,12.34,2.98,42.59,2.164,14.09,3.99,LANE_A,19175.0,-23.3,91.5,CRUISE_LOITER,0.45,3,80.0,-0.38,-0.21,0.04,0.19,-0.31,-125.25,2.24,-0.04,0.0,-0.12,-0.03,-0.23,1.44,-0.01,0.9433,1
38.85,5166.9,2126.3,73.5,85.98,88.3,85.14,87.57,778.02,659.43,782.37,785.16,4.85,64.66,12.55,3.02,42.88,2.183,14.13,3.91,LANE_A,19176.0,-23.4,91.5,CRUISE_LOITER,0.45,3,80.0,0.28,0.1,-0.06,-0.13,-1.63,-125.22,0.72,0.51,0.04,-0.03,0.18,0.07,1.459,0.03,0.9433,1
38.900000000000006,5230.1,2152.3,73.4,85.7,88.05,84.99,87.54,778.56,661.23,782.14,784.46,4.84,64.77,12.37,2.98,42.89,2.162,14.09,4.14,LANE_A,19176.0,-23.4,91.5,CRUISE_LOITER,0.45,3,80.0,0.0,-0.15,-0.21,-0.16,-1.09,-123.42,0.49,-0.19,0.03,0.08,0.0,0.08,1.438,-0.01,0.9409,1
38.95,5110.8,2103.2,73.2,86.11,88.36,85.05,87.59,779.69,660.09,781.81,785.15,4.81,64.63,12.42,2.99,42.75,2.146,14.1,3.91,LANE_A,19177.0,-23.4,91.5,CRUISE_LOITER,0.45,3,80.0,0.41,0.16,-0.15,-0.11,0.04,-124.56,0.16,0.5,0.0,-0.06,0.05,-0.06,1.421,0.0,0.9423,1
39.0,5062.2,2083.2,72.8,85.77,88.08,85.27,87.74,780.04,661.48,782.27,784.09,4.81,64.97,12.35,2.99,42.99,2.173,14.1,4.08,LANE_A,19178.0,-23.4,91.5,CRUISE_LOITER,0.45,3,80.0,0.08,-0.11,0.08,0.05,0.39,-123.17,0.62,-0.56,0.0,0.29,-0.02,0.18,1.448,0.0,0.9407,1
39.050000000000004,5005.1,2059.7,72.9,85.47,87.91,85.09,87.8,779.04,659.41,781.16,784.93,4.8,64.53,12.51,2.96,42.85,2.194,14.13,4.05,LANE_A,19179.0,-23.4,91.5,CRUISE_LOITER,0.45,3,80.0,-0.22,-0.28,-0.1,0.11,-0.61,-125.24,-0.49,0.28,-0.01,-0.15,0.14,0.04,1.469,0.03,0.9434,1
39.1,5128.9,2110.7,73.3,85.65,88.09,85.3,87.72,779.61,659.33,784.81,784.51,4.88,64.73,12.46,3.02,42.88,2.19,14.1,3.83,LANE_A,19180.0,-23.4,91.5,CRUISE_LOITER,0.45,3,80.0,-0.04,-0.1,0.11,0.03,-0.04,-125.32,3.16,-0.14,0.07,0.05,0.09,0.07,1.465,0.0,0.9435,1
39.150000000000006,4964.9,2043.2,72.9,85.84,88.25,85.08,87.25,780.17,658.35,781.77,784.76,4.82,64.73,12.42,3.0,42.92,2.187,14.11,4.03,LANE_A,19181.0,-23.4,91.5,CRUISE_LOITER,0.45,3,80.0,0.15,0.06,-0.11,-0.44,0.53,-126.29,0.13,0.12,0.01,0.05,0.05,0.11,1.462,0.01,0.9447,1
39.2,5005.0,2059.7,73.2,85.5,88.08,85.26,87.67,779.15,659.52,782.52,786.83,4.85,64.62,12.36,3.0,42.73,2.172,14.06,3.9,LANE_A,19182.0,-23.4,91.5,CRUISE_LOITER,0.45,3,80.0,-0.18,-0.1,0.08,-0.01,-0.49,-125.12,0.88,2.19,0.04,-0.05,-0.01,-0.08,1.447,-0.04,0.9431,1
39.25,5167.8,2126.7,72.7,85.64,88.43,85.05,87.77,779.57,659.3,781.55,784.21,4.87,64.76,12.32,2.98,42.92,2.179,14.11,4.1,LANE_A,19182.0,-23.4,91.5,CRUISE_LOITER,0.45,3,80.0,-0.04,0.25,-0.13,0.09,-0.07,-125.34,-0.09,-0.43,0.06,0.09,-0.05,0.12,1.454,0.01,0.9435,1
39.300000000000004,4933.5,2030.2,73.2,85.84,88.1,84.84,87.92,779.72,657.64,783.99,785.14,4.84,64.83,12.34,3.0,42.88,2.173,14.09,4.27,LANE_A,19183.0,-23.4,91.5,CRUISE_LOITER,0.45,3,80.0,0.16,-0.08,-0.34,0.24,0.08,-127.0,2.35,0.5,0.03,0.16,-0.03,0.08,1.448,-0.01,0.9454,1
39.35,5114.2,2104.6,73.0,85.54,87.85,85.11,87.73,780.49,660.07,780.62,782.01,4.81,64.8,12.25,2.97,42.92,2.158,14.08,4.03,LANE_A,19184.0,-23.4,91.5,CRUISE_LOITER,0.45,3,80.0,-0.14,-0.33,-0.07,0.05,0.85,-124.57,-1.02,-2.63,0.0,0.13,-0.12,0.12,1.433,-0.02,0.9424,1
39.400000000000006,5080.9,2090.9,73.3,85.58,87.98,84.99,87.73,779.21,659.79,782.46,785.49,4.83,64.64,12.45,2.96,42.75,2.201,14.12,4.06,LANE_A,19185.0,-23.4,91.5,CRUISE_LOITER,0.45,3,80.0,-0.09,-0.19,-0.18,0.06,-0.43,-124.85,0.82,0.85,0.02,-0.02,0.08,-0.05,1.476,0.02,0.943,1
39.45,4972.7,2046.4,73.1,85.74,88.51,84.92,87.73,779.62,658.32,780.72,782.53,4.81,64.89,12.38,2.96,42.7,2.163,14.1,4.03,LANE_A,19186.0,-23.4,91.5,CRUISE_LOITER,0.45,3,80.0,0.07,0.34,-0.25,0.06,-0.02,-126.32,-0.92,-2.11,0.0,0.23,0.01,-0.1,1.438,0.0,0.9446,1
39.5,5088.1,2093.9,73.2,85.35,88.35,85.06,87.55,778.22,658.26,782.89,784.76,4.8,64.67,12.39,2.99,42.86,2.204,14.05,4.18,LANE_A,19187.0,-23.4,91.6,CRUISE_LOITER,0.45,3,80.0,-0.32,0.18,-0.11,-0.12,-1.42,-126.38,1.25,0.12,-0.01,0.01,0.02,0.06,1.479,-0.05,0.9449,1
39.550000000000004,4953.6,2038.5,73.0,85.65,88.34,85.53,87.75,779.2,659.78,783.41,782.57,4.83,64.59,12.37,3.03,42.63,2.159,14.12,3.95,LANE_A,19188.0,-23.4,91.6,CRUISE_LOITER,0.45,3,80.0,-0.02,0.17,0.36,0.08,-0.43,-124.85,1.78,-2.06,0.02,-0.07,0.0,-0.17,1.434,0.02,0.9427,1
39.6,5021.5,2066.5,73.1,85.88,87.82,85.14,87.77,780.76,658.68,779.76,785.99,4.75,64.83,12.33,3.0,43.05,2.153,14.07,4.11,LANE_A,19188.0,-23.4,91.6,CRUISE_LOITER,0.45,3,80.0,0.22,-0.34,-0.02,0.11,1.13,-125.95,-1.87,1.36,-0.06,0.17,-0.04,0.25,1.428,-0.03,0.9441,1
39.650000000000006,5126.7,2109.8,73.1,85.4,88.23,85.21,87.62,780.9,657.58,783.67,784.92,4.83,64.52,12.37,3.01,42.77,2.187,14.04,4.0,LANE_A,19189.0,-23.4,91.6,CRUISE_LOITER,0.45,3,80.0,-0.26,0.07,0.05,-0.04,1.27,-127.05,2.04,0.29,0.02,-0.13,0.0,-0.02,1.462,-0.06,0.9456,1
39.7,4928.0,2028.0,73.1,85.84,88.1,85.3,87.51,779.86,660.45,782.24,784.59,4.8,64.6,12.16,3.04,42.83,2.19,14.09,4.01,LANE_A,19190.0,-23.4,91.6,CRUISE_LOITER,0.45,3,80.0,0.18,-0.06,0.14,-0.15,0.23,-124.18,0.61,-0.04,-0.01,-0.05,-0.21,0.04,1.465,-0.01,0.9421,1
39.75,5107.1,2101.7,73.5,85.78,88.34,84.99,87.68,780.9,659.09,782.45,783.67,4.83,64.69,12.32,3.03,42.77,2.187,14.08,3.93,LANE_A,19191.0,-23.4,91.6,CRUISE_LOITER,0.45,3,80.0,0.12,0.18,-0.17,0.02,1.27,-125.54,0.82,-0.96,0.02,0.04,-0.05,-0.02,1.462,-0.02,0.9437,1
39.800000000000004,4980.6,2049.6,73.3,85.72,88.23,84.96,87.63,781.41,660.62,783.28,784.08,4.77,64.59,12.3,3.0,42.87,2.187,14.07,3.83,LANE_A,19192.0,-23.4,91.6,CRUISE_LOITER,0.45,3,80.0,0.07,0.08,-0.19,-0.02,1.78,-124.01,1.65,-0.55,-0.04,-0.06,-0.07,0.08,1.462,-0.03,0.9418,1
39.85,4986.8,2052.2,73.3,85.54,87.78,85.2,87.35,781.15,660.26,781.9,784.06,4.83,64.64,12.35,3.03,42.88,2.2,14.09,3.98,LANE_A,19193.0,-23.4,91.6,CRUISE_LOITER,0.45,3,80.0,-0.11,-0.37,0.05,-0.3,1.52,-124.37,0.27,-0.57,0.02,0.0,-0.02,0.09,1.475,-0.01,0.9424,1
39.900000000000006,5005.7,2060.0,73.2,85.66,88.2,85.13,87.63,778.5,659.49,781.4,783.73,4.84,64.78,12.27,2.98,42.71,2.188,14.07,4.03,LANE_A,19194.0,-23.4,91.6,CRUISE_LOITER,0.45,3,80.0,0.01,0.05,-0.02,-0.02,-1.13,-125.14,-0.23,-0.9,0.03,0.14,-0.1,-0.08,1.463,-0.03,0.9433,1
39.95,5192.2,2136.7,73.2,85.48,87.96,85.21,87.84,780.21,659.17,780.88,785.25,4.81,64.66,12.44,3.01,42.76,2.151,14.1,4.07,LANE_A,19194.0,-23.4,91.6,CRUISE_LOITER,0.45,3,80.0,-0.17,-0.19,0.06,0.19,0.59,-125.45,-0.74,0.63,0.0,0.02,0.08,-0.03,1.426,0.0,0.9434,1
