TIMESTAMP_SEC,ENGINE_RPM,PROP_RPM,TPS,CHT_1,CHT_2,CHT_3,CHT_4,EGT_1,EGT_2,EGT_3,EGT_4,OIL_PRESS,OIL_TEMP,FUEL_FLOW,FUEL_RAIL_P,MAP,VIB_GEARBOX_RMS,BUS_VOLTAGE,BATTERY_CURRENT,FADEC_ACTIVE_LANE,ALTITUDE_FT,OAT_C,TAS_KNOTS,FLIGHT_PHASE,HEALTH_INDEX,FAULT_ID,RUL_HOURS,RES_d_CHT_1,RES_d_CHT_2,RES_d_CHT_3,RES_d_CHT_4,RES_d_EGT_1,RES_d_EGT_2,RES_d_EGT_3,RES_d_EGT_4,RES_d_OIL_PRESS,RES_d_OIL_TEMP,RES_d_FUEL_FLOW,RES_d_MAP,RES_d_VIB_RMS,RES_d_BUS_VOLTAGE,RES_ANOMALY_SCORE,RES_IS_ANOMALY
0.0,5135.7,2113.5,72.1,87.76,90.59,87.64,89.8,780.85,786.29,783.66,785.1,4.73,66.45,12.54,3.0,43.65,0.714,14.11,4.1,LANE_A,18500.0,-22.0,88.0,CRUISE_LOITER,1.0,0,500.0,-0.05,0.28,0.33,-0.01,0.18,0.62,0.99,-0.57,-0.04,-0.19,-0.02,-0.1,-0.007,0.01,0.0465,0
0.05,5149.5,2119.1,72.0,87.94,90.07,87.52,89.98,781.03,786.6,784.0,784.81,4.79,66.45,12.57,3.01,43.74,0.716,14.1,3.97,LANE_A,18501.0,-22.0,88.0,CRUISE_LOITER,1.0,0,500.0,0.14,-0.23,0.22,0.18,0.36,0.93,1.33,-0.86,0.02,-0.19,0.01,-0.01,-0.005,0.0,0.0329,0
0.1,5120.1,2107.0,71.8,87.79,90.27,86.96,90.01,779.82,786.47,782.48,784.7,4.77,66.39,12.49,2.96,43.7,0.699,14.12,4.05,LANE_A,18502.0,-22.0,88.0,CRUISE_LOITER,1.0,0,500.0,-0.01,-0.03,-0.34,0.21,-0.85,0.8,-0.19,-0.97,0.0,-0.25,-0.07,-0.05,-0.022,0.02,0.0332,0
0.15000000000000002,5170.5,2127.8,72.1,88.01,89.93,87.25,89.75,780.84,786.47,784.2,784.83,4.74,66.64,12.51,3.04,43.56,0.71,14.09,4.06,LANE_A,18503.0,-22.0,88.0,CRUISE_LOITER,1.0,0,500.0,0.21,-0.37,-0.05,-0.05,0.18,0.81,1.54,-0.83,-0.03,0.0,-0.05,-0.18,-0.011,-0.01,0.0383,0
0.2,5165.8,2125.9,71.9,87.57,90.29,87.51,89.87,781.41,784.63,782.37,786.8,4.83,66.57,12.51,2.99,43.66,0.741,14.09,4.14,LANE_A,18503.0,-22.0,88.0,CRUISE_LOITER,1.0,0,500.0,-0.22,0.0,0.22,0.08,0.75,-1.03,-0.29,1.14,0.06,-0.06,-0.05,-0.08,0.02,-0.01,0.0672,0
0.25,5152.5,2120.4,71.8,87.74,90.19,87.16,89.81,780.5,786.09,780.42,786.2,4.8,66.77,12.52,3.01,43.65,0.732,14.1,4.08,LANE_A,18504.0,-22.0,88.0,CRUISE_LOITER,1.0,0,500.0,-0.05,-0.1,-0.13,0.02,-0.16,0.43,-2.24,0.54,0.03,0.14,-0.04,-0.09,0.011,0.0,0.0508,0
0.30000000000000004,5160.5,2123.7,72.2,87.62,90.67,87.5,89.91,782.94,785.56,784.17,785.9,4.78,66.57,12.54,3.0,43.89,0.721,14.09,4.01,LANE_A,18505.0,-22.0,88.0,CRUISE_LOITER,1.0,0,500.0,-0.17,0.38,0.21,0.12,2.28,-0.1,1.51,0.24,0.01,-0.06,-0.02,0.15,0.0,-0.01,0.0527,0
0.35000000000000003,5141.1,2115.7,72.0,87.94,89.62,87.39,90.08,780.39,785.05,783.45,784.91,4.82,66.61,12.54,3.01,43.79,0.727,14.08,4.06,LANE_A,18506.0,-22.0,88.0,CRUISE_LOITER,1.0,0,500.0,0.15,-0.67,0.1,0.29,-0.27,-0.61,0.79,-0.75,0.05,-0.02,-0.02,0.05,0.006,-0.02,0.0587,0
0.4,5136.1,2113.6,72.2,87.79,90.37,87.25,89.76,780.84,785.67,782.39,786.61,4.8,66.76,12.47,2.98,43.69,0.738,14.08,4.15,LANE_A,18507.0,-22.0,88.0,CRUISE_LOITER,1.0,0,500.0,0.01,0.09,-0.03,-0.02,0.18,0.01,-0.27,0.95,0.03,0.14,-0.09,-0.05,0.017,-0.02,0.0356,0
0.45,5137.1,2114.0,72.0,87.83,90.36,87.13,89.89,781.29,786.24,783.07,782.95,4.74,66.74,12.64,2.98,43.81,0.742,14.1,4.29,LANE_A,18508.0,-22.0,88.0,CRUISE_LOITER,1.0,0,500.0,0.05,0.08,-0.15,0.11,0.63,0.58,0.41,-2.71,-0.03,0.12,0.08,0.07,0.021,0.0,0.0612,0
0.5,5164.7,2125.4,72.2,87.72,90.54,87.3,89.78,781.81,785.79,782.79,784.56,4.82,66.72,12.5,3.01,43.7,0.706,14.08,4.12,LANE_A,18509.0,-22.0,88.0,CRUISE_LOITER,1.0,0,500.0,-0.06,0.26,0.02,0.0,1.16,0.14,0.14,-1.09,0.05,0.1,-0.06,-0.04,-0.015,-0.02,0.0567,0
0.55,5164.9,2125.5,72.2,87.56,90.2,87.33,89.69,779.53,784.39,781.84,783.95,4.79,66.51,12.51,3.0,43.71,0.709,14.1,4.06,LANE_A,18510.0,-22.0,88.1,CRUISE_LOITER,1.0,0,500.0,-0.21,-0.07,0.06,-0.08,-1.12,-1.26,-0.81,-1.7,0.02,-0.11,-0.05,-0.02,-0.012,0.0,0.0408,0
0.6000000000000001,5152.5,2120.4,72.0,87.77,90.02,86.99,89.51,782.57,784.75,782.67,785.46,4.83,66.75,12.71,3.0,43.72,0.733,14.12,4.07,LANE_A,18510.0,-22.0,88.1,CRUISE_LOITER,1.0,0,500.0,0.0,-0.25,-0.28,-0.26,1.92,-0.9,0.02,-0.19,0.06,0.14,0.15,-0.01,0.012,0.02,0.0686,0
0.65,5165.7,2125.8,71.7,87.62,90.39,87.68,89.78,778.39,786.0,783.48,785.21,4.76,66.94,12.43,3.02,43.7,0.722,14.13,3.99,LANE_A,18511.0,-22.0,88.1,CRUISE_LOITER,1.0,0,500.0,-0.15,0.12,0.41,0.01,-2.26,0.35,0.83,-0.44,-0.01,0.33,-0.13,-0.03,0.001,0.03,0.053,0
0.7000000000000001,5129.0,2110.7,71.9,87.71,90.29,87.16,89.74,782.25,783.97,783.41,788.63,4.79,66.73,12.73,3.03,43.71,0.701,14.11,4.09,LANE_A,18512.0,-22.0,88.1,CRUISE_LOITER,1.0,0,500.0,-0.06,0.02,-0.11,-0.03,1.6,-1.68,0.76,2.98,0.02,0.12,0.17,-0.02,-0.02,0.01,0.0684,0
0.75,5130.1,2111.1,71.9,87.65,90.15,87.22,89.69,781.75,785.06,782.42,785.98,4.75,66.72,12.59,3.0,43.71,0.722,14.11,3.9,LANE_A,18513.0,-22.0,88.1,CRUISE_LOITER,1.0,0,500.0,-0.11,-0.11,-0.04,-0.07,1.1,-0.59,-0.23,0.33,-0.02,0.12,0.03,-0.02,0.001,0.01,0.0264,0
0.8,5159.3,2123.2,72.0,87.47,89.98,87.23,89.95,780.54,785.97,780.95,785.37,4.75,66.57,12.61,3.01,43.93,0.708,14.04,3.95,LANE_A,18514.0,-22.0,88.1,CRUISE_LOITER,1.0,0,500.0,-0.29,-0.28,-0.03,0.19,-0.11,0.32,-1.7,-0.28,-0.02,-0.03,0.05,0.2,-0.013,-0.06,0.0593,0
0.8500000000000001,5161.6,2124.1,72.2,87.65,90.06,87.18,89.86,781.84,784.97,782.09,784.86,4.81,66.51,12.47,3.01,43.68,0.73,14.11,4.02,LANE_A,18515.0,-22.0,88.1,CRUISE_LOITER,1.0,0,500.0,-0.11,-0.2,-0.08,0.1,1.19,-0.68,-0.56,-0.79,0.04,-0.09,-0.09,-0.05,0.009,0.01,0.0464,0
0.9,5157.5,2122.4,71.6,87.74,90.19,87.34,89.9,777.04,784.62,784.07,784.18,4.74,66.68,12.49,3.02,43.53,0.738,14.07,4.0,LANE_A,18516.0,-22.0,88.1,CRUISE_LOITER,1.0,0,500.0,-0.01,-0.06,0.09,0.15,-3.6,-1.02,1.43,-1.46,-0.03,0.08,-0.07,-0.2,0.017,-0.03,0.0808,0
0.9500000000000001,5156.2,2121.9,72.4,88.03,90.27,87.42,89.61,781.81,785.31,783.77,784.99,4.75,66.63,12.44,3.0,44.0,0.735,14.1,3.91,LANE_A,18517.0,-22.0,88.1,CRUISE_LOITER,1.0,0,500.0,0.28,0.02,0.17,-0.14,1.17,-0.33,1.13,-0.65,-0.02,0.04,-0.12,0.28,0.014,0.0,0.0356,0
1.0,5129.0,2110.7,71.8,88.12,90.09,87.14,89.58,779.55,785.2,783.1,786.16,4.8,66.57,12.6,3.03,43.92,0.738,14.13,4.01,LANE_A,18517.0,-22.0,88.1,CRUISE_LOITER,1.0,0,500.0,0.37,-0.16,-0.11,-0.17,-1.09,-0.44,0.46,0.52,0.03,-0.02,0.04,0.2,0.017,0.03,0.0378,0
1.05,5150.8,2119.7,72.2,87.83,90.43,86.97,89.44,780.85,784.5,783.14,788.47,4.79,66.7,12.56,3.02,43.75,0.698,14.09,3.96,LANE_A,18518.0,-22.0,88.1,CRUISE_LOITER,1.0,0,500.0,0.08,0.18,-0.28,-0.31,0.21,-1.14,0.5,2.83,0.02,0.11,0.0,0.03,-0.023,-0.01,0.0642,0
1.1,5171.8,2128.3,72.2,87.56,89.96,87.25,89.72,782.72,783.51,781.95,786.96,4.76,66.79,12.6,3.0,43.72,0.701,14.12,4.18,LANE_A,18519.0,-22.0,88.1,CRUISE_LOITER,1.0,0,500.0,-0.18,-0.28,0.01,-0.02,2.08,-2.13,-0.69,1.32,-0.01,0.2,0.04,0.0,-0.02,0.02,0.0513,0
1.1500000000000001,5150.0,2119.3,72.0,87.83,89.92,87.48,89.75,780.63,783.87,783.48,785.9,4.73,66.82,12.57,2.97,43.76,0.698,14.07,4.09,LANE_A,18520.0,-22.0,88.1,CRUISE_LOITER,1.0,0,500.0,0.09,-0.32,0.24,0.01,-0.01,-1.77,0.84,0.26,-0.04,0.24,0.01,0.04,-0.023,-0.03,0.0484,0
1.2000000000000002,5149.4,2119.1,72.0,87.82,90.18,87.58,89.6,780.29,786.24,781.41,787.49,4.78,66.82,12.65,3.01,43.46,0.721,14.13,3.98,LANE_A,18521.0,-22.0,88.1,CRUISE_LOITER,1.0,0,500.0,0.08,-0.06,0.34,-0.14,-0.35,0.6,-1.23,1.85,0.01,0.24,0.09,-0.26,0.0,0.03,0.0449,0
1.25,5149.0,2118.9,72.1,87.86,90.42,87.13,89.77,780.18,784.96,781.38,785.09,4.75,66.44,12.43,2.98,43.59,0.715,14.08,3.86,LANE_A,18522.0,-22.0,88.1,CRUISE_LOITER,1.0,0,500.0,0.13,0.19,-0.1,0.04,-0.46,-0.68,-1.26,-0.55,-0.02,-0.14,-0.13,-0.13,-0.006,-0.02,0.0326,0
1.3,5146.1,2117.7,72.2,87.99,90.29,87.01,89.26,779.03,786.52,780.91,786.74,4.77,66.6,12.5,2.97,43.57,0.719,14.13,3.89,LANE_A,18523.0,-22.0,88.1,CRUISE_LOITER,1.0,0,500.0,0.26,0.06,-0.22,-0.47,-1.6,0.89,-1.72,1.11,0.0,0.02,-0.06,-0.15,-0.002,0.03,0.0442,0
1.35,5159.2,2123.1,72.0,87.96,89.95,87.36,89.57,780.28,787.09,782.62,787.07,4.76,66.86,12.7,2.99,43.85,0.714,14.08,4.09,LANE_A,18524.0,-22.0,88.1,CRUISE_LOITER,1.0,0,500.0,0.23,-0.28,0.13,-0.16,-0.35,1.46,-0.01,1.44,-0.01,0.29,0.14,0.14,-0.007,-0.02,0.0371,0
1.4000000000000001,5124.1,2108.7,71.9,87.32,89.99,87.49,89.53,780.3,784.43,783.44,787.59,4.78,66.72,12.6,3.0,43.72,0.723,14.13,3.99,LANE_A,18524.0,-22.0,88.1,CRUISE_LOITER,1.0,0,500.0,-0.41,-0.24,0.26,-0.2,-0.33,-1.2,0.81,1.96,0.01,0.15,0.04,0.01,0.002,0.03,0.0472,0
1.4500000000000002,5166.2,2126.0,72.0,87.42,90.23,87.27,89.38,782.65,786.66,781.27,785.32,4.8,66.72,12.64,2.99,43.87,0.699,14.1,4.13,LANE_A,18525.0,-22.1,88.1,CRUISE_LOITER,1.0,0,500.0,-0.3,0.01,0.05,-0.34,2.02,1.03,-1.36,-0.31,0.03,0.15,0.08,0.16,-0.022,0.0,0.0492,0
1.5,5153.7,2120.9,72.0,87.64,90.18,87.21,90.06,781.91,784.18,780.4,784.88,4.72,66.62,12.42,2.96,43.81,0.701,14.09,4.24,LANE_A,18526.0,-22.1,88.1,CRUISE_LOITER,1.0,0,500.0,-0.08,-0.04,-0.01,0.34,1.28,-1.45,-2.23,-0.75,-0.05,0.05,-0.14,0.1,-0.02,-0.01,0.0598,0
1.55,5142.3,2116.2,71.9,87.53,90.58,87.29,89.65,781.53,785.41,782.53,784.74,4.77,66.5,12.6,2.98,43.6,0.738,14.11,4.07,LANE_A,18527.0,-22.1,88.2,CRUISE_LOITER,1.0,0,500.0,-0.19,0.36,0.07,-0.07,0.9,-0.22,-0.1,-0.89,0.0,-0.06,0.04,-0.11,0.017,0.01,0.0326,0
1.6,5164.3,2125.2,72.3,87.57,90.18,87.3,89.57,781.35,786.38,781.5,787.53,4.77,66.58,12.55,2.98,43.71,0.724,14.08,4.04,LANE_A,18528.0,-22.1,88.2,CRUISE_LOITER,1.0,0,500.0,-0.14,-0.03,0.09,-0.14,0.72,0.75,-1.13,1.9,0.0,0.02,-0.01,0.0,0.003,-0.02,0.0437,0
1.6500000000000001,5159.8,2123.4,72.0,87.92,90.12,87.34,89.66,780.74,785.03,783.09,784.02,4.76,66.56,12.47,3.01,43.62,0.69,14.1,3.97,LANE_A,18529.0,-22.1,88.2,CRUISE_LOITER,1.0,0,500.0,0.21,-0.09,0.13,-0.05,0.12,-0.59,0.47,-1.6,-0.01,0.0,-0.09,-0.09,-0.031,0.0,0.0436,0
1.7000000000000002,5151.3,2119.9,72.1,87.97,89.97,87.28,89.77,782.05,785.3,783.03,784.36,4.78,66.37,12.6,3.0,43.57,0.728,14.07,4.16,LANE_A,18530.0,-22.1,88.2,CRUISE_LOITER,1.0,0,500.0,0.26,-0.24,0.07,0.06,1.43,-0.32,0.41,-1.26,0.01,-0.18,0.04,-0.14,0.007,-0.03,0.0356,0
1.75,5156.7,2122.1,72.1,87.55,90.63,87.27,89.6,780.15,786.45,783.05,786.13,4.78,66.72,12.56,3.02,43.66,0.687,14.13,4.19,LANE_A,18531.0,-22.1,88.2,CRUISE_LOITER,1.0,0,500.0,-0.16,0.42,0.06,-0.11,-0.47,0.83,0.43,0.51,0.01,0.17,0.0,-0.05,-0.034,0.03,0.0478,0
1.8,5147.6,2118.3,72.1,87.76,90.47,87.27,89.93,778.9,786.57,782.61,786.31,4.75,66.47,12.59,3.03,43.45,0.731,14.12,3.96,LANE_A,18531.0,-22.1,88.2,CRUISE_LOITER,1.0,0,500.0,0.06,0.27,0.07,0.23,-1.72,0.95,-0.01,0.69,-0.02,-0.08,0.04,-0.25,0.01,0.02,0.0416,0
1.85,5153.8,2120.9,72.1,87.69,89.92,87.08,89.67,781.5,786.95,780.92,786.18,4.75,66.25,12.54,3.0,43.77,0.724,14.1,4.14,LANE_A,18532.0,-22.1,88.2,CRUISE_LOITER,1.0,0,500.0,-0.01,-0.28,-0.12,-0.03,0.88,1.33,-1.7,0.56,-0.02,-0.3,-0.01,0.07,0.003,0.0,0.0407,0
1.9000000000000001,5168.8,2127.1,72.1,87.66,90.19,87.0,89.95,779.7,782.96,781.99,785.93,4.74,66.69,12.51,2.97,43.54,0.725,14.08,4.17,LANE_A,18533.0,-22.1,88.2,CRUISE_LOITER,1.0,0,500.0,-0.04,-0.01,-0.2,0.25,-0.92,-2.66,-0.63,0.31,-0.03,0.15,-0.04,-0.16,0.004,-0.02,0.0604,0
1.9500000000000002,5124.3,2108.8,72.0,87.76,90.17,86.87,89.57,779.69,788.38,781.93,784.55,4.81,66.66,12.66,3.02,43.56,0.707,14.07,4.0,LANE_A,18534.0,-22.1,88.2,CRUISE_LOITER,1.0,0,500.0,0.07,-0.02,-0.32,-0.12,-0.93,2.76,-0.69,-1.07,0.04,0.12,0.11,-0.14,-0.014,-0.03,0.0642,0
2.0,5158.5,2122.8,71.9,87.78,90.43,87.08,89.58,780.89,785.57,782.04,786.86,4.71,66.68,12.58,2.97,43.64,0.75,14.08,4.04,LANE_A,18535.0,-22.1,88.2,CRUISE_LOITER,1.0,0,500.0,0.09,0.24,-0.11,-0.11,0.27,-0.05,-0.58,1.24,-0.06,0.14,0.03,-0.06,0.029,-0.02,0.0675,0
2.0500000000000003,5171.9,2128.4,71.8,87.48,90.07,86.81,89.66,781.33,785.38,782.22,785.04,4.78,66.45,12.58,2.98,43.6,0.696,14.13,3.98,LANE_A,18536.0,-22.1,88.2,CRUISE_LOITER,1.0,0,500.0,-0.21,-0.12,-0.38,-0.03,0.72,-0.23,-0.39,-0.57,0.01,-0.09,0.03,-0.1,-0.025,0.03,0.0367,0
2.1,5162.1,2124.3,71.9,87.75,89.87,87.53,89.52,782.04,786.19,780.82,785.79,4.79,66.59,12.74,3.0,43.77,0.709,14.08,4.06,LANE_A,18537.0,-22.1,88.2,CRUISE_LOITER,1.0,0,500.0,0.06,-0.32,0.34,-0.17,1.43,0.58,-1.79,0.18,0.02,0.06,0.19,0.07,-0.012,-0.02,0.0468,0
2.15,5151.0,2119.7,72.4,87.98,90.07,87.39,89.56,781.14,784.22,783.25,786.64,4.79,66.58,12.49,3.01,43.49,0.711,14.11,3.85,LANE_A,18538.0,-22.1,88.2,CRUISE_LOITER,1.0,0,500.0,0.3,-0.11,0.21,-0.12,0.53,-1.39,0.64,1.03,0.02,0.05,-0.06,-0.21,-0.011,0.01,0.0349,0
2.2,5163.3,2124.8,72.2,87.81,90.39,87.15,89.74,779.59,787.78,782.39,785.09,4.79,66.42,12.49,2.98,43.81,0.714,14.13,4.28,LANE_A,18538.0,-22.1,88.2,CRUISE_LOITER,1.0,0,500.0,0.13,0.21,-0.03,0.06,-1.02,2.17,-0.22,-0.52,0.02,-0.11,-0.06,0.12,-0.008,0.03,0.0502,0
2.25,5133.7,2112.6,72.3,87.46,90.28,87.29,89.61,781.28,785.84,782.07,788.72,4.75,66.43,12.68,3.0,43.51,0.739,14.1,3.98,LANE_A,18539.0,-22.1,88.2,CRUISE_LOITER,1.0,0,500.0,-0.22,0.1,0.11,-0.07,0.67,0.23,-0.54,3.11,-0.02,-0.1,0.13,-0.18,0.017,0.0,0.0694,0
2.3000000000000003,5159.7,2123.4,72.6,87.52,90.4,87.29,89.62,779.58,786.6,783.43,787.36,4.79,66.45,12.42,3.0,43.65,0.72,14.11,3.91,LANE_A,18540.0,-22.1,88.2,CRUISE_LOITER,1.0,0,500.0,-0.15,0.23,0.12,-0.05,-1.03,0.99,0.82,1.75,0.02,-0.07,-0.13,-0.04,-0.002,0.01,0.0421,0
2.35,5155.7,2121.7,72.4,87.74,90.14,86.93,89.46,778.81,785.75,782.88,784.94,4.77,66.44,12.5,3.01,43.59,0.717,14.11,4.18,LANE_A,18541.0,-22.1,88.2,CRUISE_LOITER,1.0,0,500.0,0.07,-0.03,-0.24,-0.21,-1.8,0.14,0.27,-0.67,0.0,-0.08,-0.05,-0.1,-0.005,0.01,0.0412,0
2.4000000000000004,5172.7,2128.7,72.1,88.01,89.87,87.71,90.05,780.5,785.58,781.14,786.25,4.82,66.68,12.57,2.99,43.86,0.714,14.12,4.13,LANE_A,18542.0,-22.1,88.2,CRUISE_LOITER,1.0,0,500.0,0.34,-0.3,0.54,0.38,-0.1,-0.02,-1.46,0.65,0.05,0.16,0.02,0.17,-0.008,0.02,0.0594,0
2.45,5155.7,2121.7,71.9,87.58,89.92,87.0,89.34,778.14,784.64,782.19,786.39,4.78,66.67,12.45,2.98,43.59,0.707,14.08,4.16,LANE_A,18543.0,-22.1,88.2,CRUISE_LOITER,1.0,0,500.0,-0.09,-0.25,-0.17,-0.33,-2.46,-0.96,-0.41,0.79,0.01,0.15,-0.1,-0.1,-0.015,-0.02,0.0568,0
2.5,5160.6,2123.7,72.1,87.77,90.12,87.46,89.63,781.87,784.93,784.01,785.2,4.82,66.6,12.47,2.98,43.87,0.683,14.14,3.94,LANE_A,18544.0,-22.1,88.2,CRUISE_LOITER,1.0,0,500.0,0.11,-0.04,0.3,-0.03,1.27,-0.67,1.41,-0.4,0.05,0.09,-0.08,0.18,-0.039,0.04,0.06,0
2.5500000000000003,5155.4,2121.6,71.9,87.75,90.14,87.25,89.53,783.36,785.83,784.51,785.3,4.81,66.33,12.44,3.0,43.81,0.729,14.13,4.04,LANE_A,18545.0,-22.1,88.3,CRUISE_LOITER,1.0,0,500.0,0.09,-0.02,0.09,-0.13,2.76,0.23,1.91,-0.3,0.04,-0.18,-0.11,0.12,0.007,0.03,0.0641,0
2.6,5154.1,2121.0,72.8,87.89,90.42,87.4,89.69,780.0,784.8,783.5,784.01,4.74,66.26,12.69,3.0,43.75,0.701,14.13,4.17,LANE_A,18545.0,-22.1,88.3,CRUISE_LOITER,1.0,0,500.0,0.23,0.26,0.24,0.03,-0.6,-0.8,0.9,-1.59,-0.03,-0.25,0.14,0.07,-0.021,0.03,0.041,0
2.6500000000000004,5151.4,2119.9,72.0,87.75,90.33,87.19,89.84,781.57,786.77,782.54,785.68,4.81,66.53,12.47,2.99,43.6,0.733,14.09,4.07,LANE_A,18546.0,-22.1,88.3,CRUISE_LOITER,1.0,0,500.0,0.1,0.18,0.04,0.19,0.97,1.17,-0.06,0.08,0.04,0.03,-0.08,-0.08,0.011,-0.01,0.0463,0
2.7,5173.2,2128.9,72.2,87.5,90.05,87.29,89.61,781.71,783.49,782.82,786.15,4.76,66.44,12.64,2.97,43.71,0.706,14.12,4.2,LANE_A,18547.0,-22.1,88.3,CRUISE_LOITER,1.0,0,500.0,-0.15,-0.1,0.14,-0.04,1.11,-2.11,0.22,0.55,-0.01,-0.06,0.09,0.03,-0.016,0.02,0.0486,0
2.75,5153.2,2120.7,72.3,87.7,89.92,87.33,89.71,780.41,786.31,781.5,786.04,4.78,66.65,12.5,3.03,43.49,0.712,14.07,4.23,LANE_A,18548.0,-22.1,88.3,CRUISE_LOITER,1.0,0,500.0,0.05,-0.23,0.18,0.06,-0.19,0.71,-1.1,0.44,0.01,0.15,-0.05,-0.19,-0.01,-0.03,0.0319,0
2.8000000000000003,5170.3,2127.7,71.9,87.64,90.12,87.08,89.6,780.6,784.38,782.2,784.29,4.85,66.19,12.65,3.0,43.91,0.705,14.11,4.06,LANE_A,18549.0,-22.1,88.3,CRUISE_LOITER,1.0,0,500.0,-0.01,-0.03,-0.07,-0.05,0.01,-1.21,-0.39,-1.3,0.08,-0.31,0.1,0.23,-0.017,0.01,0.0876,0
2.85,5135.0,2113.2,71.8,87.39,89.94,87.39,89.53,780.42,784.49,780.35,786.92,4.7,66.52,12.53,3.02,43.61,0.702,14.1,4.1,LANE_A,18550.0,-22.1,88.3,CRUISE_LOITER,1.0,0,500.0,-0.25,-0.2,0.25,-0.11,-0.17,-1.1,-2.24,1.33,-0.07,0.03,-0.02,-0.07,-0.02,0.0,0.0788,0
2.9000000000000004,5156.9,2122.2,72.0,87.84,90.24,87.18,89.68,781.21,785.99,783.18,785.7,4.78,66.4,12.55,3.01,43.58,0.744,14.14,4.02,LANE_A,18551.0,-22.1,88.3,CRUISE_LOITER,1.0,0,500.0,0.2,0.1,0.04,0.04,0.62,0.4,0.59,0.11,0.01,-0.09,0.0,-0.1,0.022,0.04,0.04,0
2.95,5149.0,2118.9,71.8,87.27,89.94,87.27,89.35,781.77,785.16,782.3,786.43,4.77,66.84,12.5,2.98,43.5,0.713,14.12,4.16,LANE_A,18552.0,-22.1,88.3,CRUISE_LOITER,1.0,0,500.0,-0.37,-0.2,0.13,-0.29,1.18,-0.43,-0.29,0.84,0.0,0.35,-0.05,-0.18,-0.009,0.02,0.0351,0
3.0,5125.1,2109.1,72.0,87.56,90.23,87.06,89.56,780.71,787.34,783.5,785.58,4.74,66.45,12.51,3.0,43.85,0.697,14.08,4.08,LANE_A,18552.0,-22.1,88.3,CRUISE_LOITER,1.0,0,500.0,-0.07,0.1,-0.07,-0.07,0.12,1.75,0.91,-0.01,-0.03,-0.04,-0.04,0.17,-0.025,-0.02,0.0422,0
3.0500000000000003,5142.4,2116.2,72.1,87.63,89.96,87.13,89.42,781.34,784.5,781.69,786.47,4.78,66.64,12.63,3.01,43.64,0.745,14.09,3.99,LANE_A,18553.0,-22.1,88.3,CRUISE_LOITER,1.0,0,500.0,0.0,-0.17,0.0,-0.21,0.75,-1.09,-0.9,0.88,0.01,0.16,0.08,-0.03,0.023,-0.01,0.034,0
3.1,5172.0,2128.4,71.9,87.71,90.17,87.01,89.34,781.23,787.81,781.6,788.24,4.78,66.44,12.63,3.0,43.7,0.72,14.11,4.14,LANE_A,18554.0,-22.1,88.3,CRUISE_LOITER,1.0,0,500.0,0.08,0.04,-0.12,-0.29,0.64,2.22,-0.99,2.65,0.01,-0.04,0.08,0.03,-0.002,0.01,0.061,0
3.1500000000000004,5157.1,2122.3,72.0,87.48,90.13,87.32,89.5,780.33,785.16,780.87,786.11,4.74,66.18,12.52,3.01,43.62,0.76,14.12,4.06,LANE_A,18555.0,-22.1,88.3,CRUISE_LOITER,1.0,0,500.0,-0.15,0.0,0.19,-0.13,-0.26,-0.43,-1.72,0.52,-0.03,-0.3,-0.03,-0.05,0.038,0.02,0.0534,0
3.2,5135.8,2113.5,72.4,87.45,90.2,86.94,89.5,782.35,782.23,783.86,787.29,4.75,66.37,12.56,2.98,43.74,0.692,14.11,4.07,LANE_A,18556.0,-22.1,88.3,CRUISE_LOITER,1.0,0,500.0,-0.17,0.08,-0.18,-0.12,1.77,-3.35,1.28,1.71,-0.02,-0.11,0.01,0.07,-0.03,0.01,0.0762,0
3.25,5146.1,2117.7,72.1,87.4,90.18,87.03,89.64,780.69,786.24,783.74,786.44,4.74,66.45,12.45,3.01,43.75,0.708,14.09,4.16,LANE_A,18557.0,-22.1,88.3,CRUISE_LOITER,1.0,0,500.0,-0.22,0.06,-0.09,0.02,0.11,0.66,1.16,0.86,-0.03,-0.02,-0.1,0.08,-0.014,-0.01,0.0364,0
3.3000000000000003,5154.5,2121.2,72.3,87.73,89.95,86.93,89.67,779.49,787.23,781.96,784.0,4.75,66.46,12.4,3.03,43.64,0.724,14.11,3.91,LANE_A,18558.0,-22.1,88.3,CRUISE_LOITER,1.0,0,500.0,0.11,-0.17,-0.19,0.05,-1.09,1.65,-0.62,-1.58,-0.02,-0.01,-0.15,-0.03,0.002,0.01,0.0408,0
3.35,5170.9,2128.0,72.2,87.56,90.33,87.02,89.9,780.77,784.66,783.43,786.19,4.77,66.61,12.54,3.03,43.79,0.724,14.14,4.05,LANE_A,18559.0,-22.1,88.3,CRUISE_LOITER,1.0,0,500.0,-0.05,0.22,-0.09,0.29,0.19,-0.92,0.85,0.61,0.0,0.14,-0.01,0.12,0.002,0.04,0.0403,0
3.4000000000000004,5152.1,2120.2,72.1,87.35,90.19,86.96,89.51,779.8,786.85,786.68,785.23,4.82,66.86,12.61,2.96,43.4,0.724,14.1,4.02,LANE_A,18559.0,-22.1,88.3,CRUISE_LOITER,1.0,0,500.0,-0.26,0.08,-0.15,-0.1,-0.78,1.27,4.1,-0.35,0.05,0.39,0.06,-0.27,0.002,0.0,0.091,0
3.45,5141.9,2116.0,72.1,87.67,90.37,86.69,89.85,781.11,784.92,784.01,786.27,4.76,66.51,12.58,3.0,43.57,0.696,14.1,4.2,LANE_A,18560.0,-22.1,88.3,CRUISE_LOITER,1.0,0,500.0,0.06,0.26,-0.42,0.24,0.53,-0.66,1.43,0.69,-0.01,0.05,0.03,-0.09,-0.026,0.0,0.039,0
3.5,5180.8,2132.0,71.9,87.76,89.94,87.05,89.26,781.98,786.55,783.83,785.47,4.78,66.31,12.6,2.99,43.63,0.738,14.12,3.85,LANE_A,18561.0,-22.1,88.3,CRUISE_LOITER,1.0,0,500.0,0.15,-0.17,-0.06,-0.35,1.4,0.97,1.25,-0.11,0.01,-0.15,0.05,-0.03,0.016,0.02,0.0352,0
3.5500000000000003,5153.7,2120.8,72.3,87.45,89.92,87.4,89.54,782.09,784.75,783.35,785.41,4.73,66.46,12.61,3.0,43.74,0.736,14.1,4.09,LANE_A,18562.0,-22.1,88.4,CRUISE_LOITER,1.0,0,500.0,-0.15,-0.18,0.3,-0.06,1.52,-0.82,0.78,-0.16,-0.04,0.0,0.06,0.08,0.014,0.0,0.0471,0
3.6,5149.5,2119.1,72.6,87.64,90.32,86.93,89.35,781.31,785.78,783.12,786.0,4.76,66.65,12.63,3.02,43.6,0.721,14.12,4.19,LANE_A,18563.0,-22.1,88.4,CRUISE_LOITER,1.0,0,500.0,0.04,0.22,-0.17,-0.25,0.74,0.21,0.55,0.43,-0.01,0.2,0.08,-0.06,-0.001,0.02,0.0243,0
3.6500000000000004,5137.2,2114.1,72.1,87.61,90.19,87.41,89.63,778.81,784.97,781.3,784.33,4.76,66.35,12.55,3.0,43.71,0.704,14.11,4.03,LANE_A,18564.0,-22.1,88.4,CRUISE_LOITER,1.0,0,500.0,0.01,0.09,0.31,0.03,-1.76,-0.6,-1.27,-1.24,-0.01,-0.1,0.0,0.05,-0.018,0.01,0.0422,0
3.7,5153.9,2120.9,72.1,87.48,89.99,87.1,89.11,781.55,787.57,781.19,785.33,4.75,66.55,12.55,2.99,43.54,0.738,14.12,4.22,LANE_A,18565.0,-22.1,88.4,CRUISE_LOITER,1.0,0,500.0,-0.11,-0.1,0.01,-0.48,0.98,2.0,-1.38,-0.24,-0.02,0.1,0.0,-0.12,0.016,0.02,0.0481,0
3.75,5145.8,2117.6,72.2,87.7,90.19,86.89,89.79,779.89,784.55,783.62,786.52,4.76,66.47,12.78,2.97,43.84,0.7,14.1,4.06,LANE_A,18566.0,-22.1,88.4,CRUISE_LOITER,1.0,0,500.0,0.11,0.1,-0.2,0.2,-0.68,-1.02,1.05,0.95,-0.01,0.02,0.23,0.18,-0.022,0.0,0.0535,0
3.8000000000000003,5157.1,2122.3,71.9,87.76,89.5,87.24,89.53,781.45,784.12,782.02,785.71,4.8,66.56,12.41,3.02,43.68,0.73,14.12,4.17,LANE_A,18566.0,-22.1,88.4,CRUISE_LOITER,1.0,0,500.0,0.17,-0.59,0.15,-0.06,0.88,-1.45,-0.55,0.14,0.03,0.12,-0.13,0.02,0.008,0.02,0.0522,0
3.85,5179.2,2131.4,71.9,87.55,90.23,87.01,89.49,781.72,784.04,782.17,786.84,4.76,66.56,12.55,2.98,43.79,0.723,14.09,4.05,LANE_A,18567.0,-22.1,88.4,CRUISE_LOITER,1.0,0,500.0,-0.04,0.14,-0.08,-0.1,1.15,-1.53,-0.4,1.27,-0.01,0.12,0.01,0.14,0.001,-0.01,0.0366,0
3.9000000000000004,5154.0,2121.0,72.1,87.65,89.84,87.1,89.7,778.85,785.0,781.58,786.33,4.75,66.52,12.63,3.0,43.74,0.714,14.12,4.14,LANE_A,18568.0,-22.1,88.4,CRUISE_LOITER,1.0,0,500.0,0.07,-0.24,0.02,0.12,-1.72,-0.57,-0.99,0.76,-0.02,0.08,0.09,0.09,-0.008,0.02,0.0411,0
3.95,5163.8,2125.0,72.4,87.49,89.62,87.06,89.67,781.58,783.98,784.7,784.97,4.7,66.25,12.62,2.97,43.64,0.716,14.1,4.0,LANE_A,18569.0,-22.1,88.4,CRUISE_LOITER,1.0,0,500.0,-0.09,-0.46,-0.02,0.09,1.02,-1.58,2.14,-0.59,-0.07,-0.19,0.08,-0.01,-0.006,0.0,0.079,0
4.0,5163.7,2125.0,72.2,87.76,90.33,87.12,89.44,781.38,783.17,782.75,787.21,4.79,66.39,12.57,2.98,43.42,0.71,14.11,4.04,LANE_A,18570.0,-22.1,88.4,CRUISE_LOITER,1.0,0,500.0,0.18,0.25,0.04,-0.14,0.82,-2.39,0.19,1.65,0.02,-0.04,0.03,-0.23,-0.012,0.01,0.0555,0
4.05,5143.1,2116.5,72.3,87.4,90.17,87.02,89.74,780.7,784.52,782.04,786.7,4.77,66.48,12.52,3.02,43.66,0.723,14.09,4.08,LANE_A,18571.0,-22.1,88.4,CRUISE_LOITER,1.0,0,500.0,-0.17,0.1,-0.05,0.17,0.14,-1.04,-0.52,1.14,0.0,0.05,-0.02,0.01,0.001,-0.01,0.0274,0
4.1000000000000005,5171.4,2128.1,72.3,87.37,90.49,87.05,89.49,780.15,784.11,781.74,784.97,4.71,66.5,12.44,3.03,43.6,0.727,14.11,4.14,LANE_A,18572.0,-22.1,88.4,CRUISE_LOITER,1.0,0,500.0,-0.2,0.42,-0.02,-0.08,-0.41,-1.45,-0.82,-0.59,-0.06,0.07,-0.1,-0.05,0.005,0.01,0.0676,0
4.15,5157.8,2122.6,72.3,87.55,89.98,87.17,89.49,780.96,785.44,782.61,785.12,4.77,66.53,12.51,2.97,43.53,0.718,14.1,4.01,LANE_A,18573.0,-22.1,88.4,CRUISE_LOITER,1.0,0,500.0,-0.02,-0.09,0.1,-0.08,0.4,-0.12,0.05,-0.44,0.0,0.1,-0.03,-0.12,-0.004,0.0,0.0148,0
4.2,5158.6,2122.9,72.3,87.53,89.88,86.97,89.62,780.16,786.72,783.13,782.53,4.78,66.44,12.57,2.98,43.61,0.739,14.08,3.85,LANE_A,18573.0,-22.1,88.4,CRUISE_LOITER,1.0,0,500.0,-0.04,-0.19,-0.1,0.05,-0.4,1.16,0.57,-3.03,0.01,0.02,0.03,-0.04,0.017,-0.02,0.0672,0
4.25,5170.6,2127.8,72.1,87.55,89.84,87.33,89.46,780.87,786.33,783.34,786.76,4.76,66.23,12.58,3.0,43.58,0.693,14.09,4.1,LANE_A,18574.0,-22.1,88.4,CRUISE_LOITER,1.0,0,500.0,-0.01,-0.22,0.27,-0.1,0.31,0.77,0.78,1.2,-0.01,-0.19,0.04,-0.07,-0.029,-0.01,0.0413,0
4.3,5161.7,2124.2,72.0,87.54,89.88,86.83,89.73,780.38,784.85,784.12,787.0,4.79,66.41,12.56,2.96,43.82,0.727,14.1,4.03,LANE_A,18575.0,-22.2,88.4,CRUISE_LOITER,1.0,0,500.0,-0.02,-0.18,-0.23,0.17,-0.17,-0.7,1.57,1.45,0.02,-0.01,0.02,0.18,0.005,0.0,0.0381,0
4.3500000000000005,5155.9,2121.8,72.4,87.64,89.78,86.76,89.66,781.35,788.19,782.15,786.44,4.75,66.36,12.49,3.02,43.71,0.717,14.09,4.11,LANE_A,18576.0,-22.2,88.4,CRUISE_LOITER,1.0,0,500.0,0.08,-0.28,-0.3,0.1,0.8,2.64,-0.4,0.89,-0.02,-0.06,-0.05,0.07,-0.005,-0.01,0.0597,0
4.4,5163.0,2124.7,72.1,87.39,90.13,86.96,89.77,781.75,785.1,783.69,786.6,4.81,66.47,12.46,3.03,43.82,0.718,14.11,4.16,LANE_A,18577.0,-22.2,88.4,CRUISE_LOITER,1.0,0,500.0,-0.16,0.08,-0.09,0.22,1.2,-0.45,1.14,1.05,0.04,0.06,-0.08,0.18,-0.004,0.01,0.0472,0
4.45,5140.2,2115.3,72.3,87.76,90.33,87.45,89.6,778.92,784.55,782.77,786.46,4.77,66.38,12.4,2.97,43.77,0.713,14.09,4.01,LANE_A,18578.0,-22.2,88.4,CRUISE_LOITER,1.0,0,500.0,0.21,0.28,0.4,0.05,-1.63,-1.0,0.22,0.91,0.0,-0.03,-0.14,0.13,-0.009,-0.01,0.0404,0
4.5,5153.7,2120.9,72.3,87.17,90.18,86.74,89.71,781.06,786.39,780.46,785.78,4.77,66.63,12.47,3.01,43.67,0.724,14.12,4.09,LANE_A,18579.0,-22.2,88.4,CRUISE_LOITER,1.0,0,500.0,-0.38,0.13,-0.31,0.16,0.51,0.84,-2.09,0.23,0.0,0.22,-0.07,0.03,0.002,0.02,0.0489,0
4.55,5166.9,2126.3,72.3,87.5,90.09,87.07,89.55,783.12,787.47,783.39,785.28,4.76,66.33,12.42,3.01,43.76,0.746,14.11,4.08,LANE_A,18580.0,-22.2,88.5,CRUISE_LOITER,1.0,0,500.0,-0.05,0.04,0.02,0.0,2.57,1.92,0.84,-0.27,-0.01,-0.08,-0.12,0.12,0.024,0.01,0.0593,0
4.6000000000000005,5153.7,2120.9,71.9,87.82,90.14,86.73,89.77,779.54,786.86,782.83,787.26,4.74,66.51,12.44,3.01,43.49,0.721,14.08,4.18,LANE_A,18580.0,-22.2,88.5,CRUISE_LOITER,1.0,0,500.0,0.28,0.1,-0.31,0.23,-1.01,1.31,0.28,1.71,-0.03,0.11,-0.1,-0.15,-0.001,-0.02,0.0428,0
4.65,5150.5,2119.6,72.3,87.59,90.11,86.93,89.41,780.31,783.52,780.97,786.13,4.74,66.3,12.61,3.04,43.45,0.702,14.13,4.21,LANE_A,18581.0,-22.2,88.5,CRUISE_LOITER,1.0,0,500.0,0.05,0.07,-0.11,-0.13,-0.24,-2.03,-1.58,0.58,-0.03,-0.1,0.07,-0.19,-0.02,0.03,0.049,0
4.7,5146.7,2118.0,72.3,87.29,89.65,87.25,89.8,778.9,784.95,782.32,784.24,4.77,66.09,12.57,3.01,43.51,0.705,14.09,4.1,LANE_A,18582.0,-22.2,88.5,CRUISE_LOITER,1.0,0,500.0,-0.25,-0.39,0.21,0.26,-1.64,-0.59,-0.22,-1.3,0.0,-0.31,0.03,-0.12,-0.017,-0.01,0.0408,0
4.75,5155.5,2121.6,72.4,87.45,90.02,87.29,89.74,782.72,784.64,781.46,785.71,4.75,66.74,12.67,3.02,43.56,0.731,14.09,4.14,LANE_A,18583.0,-22.2,88.5,CRUISE_LOITER,1.0,0,500.0,-0.08,-0.01,0.26,0.21,2.18,-0.9,-1.08,0.17,-0.02,0.35,0.13,-0.07,0.009,-0.01,0.0512,0
4.800000000000001,5137.5,2114.2,72.0,87.36,90.13,86.94,89.48,780.86,785.48,781.27,785.0,4.79,66.41,12.51,2.97,43.67,0.716,14.11,4.12,LANE_A,18584.0,-22.2,88.5,CRUISE_LOITER,1.0,0,500.0,-0.17,0.1,-0.09,-0.05,0.32,-0.06,-1.27,-0.54,0.02,0.02,-0.03,0.04,-0.006,0.01,0.03,0
4.8500000000000005,5139.8,2115.2,71.9,87.41,90.05,87.0,89.64,780.5,785.38,783.96,785.12,4.76,66.1,12.57,3.02,43.66,0.75,14.09,3.89,LANE_A,18585.0,-22.2,88.5,CRUISE_LOITER,1.0,0,500.0,-0.12,0.02,-0.03,0.11,-0.04,-0.16,1.42,-0.42,-0.01,-0.29,0.03,0.03,0.028,-0.01,0.0393,0
4.9,5159.3,2123.2,72.4,87.31,90.06,87.46,89.39,779.75,787.22,783.43,785.16,4.79,66.53,12.64,2.97,43.63,0.71,14.08,3.92,LANE_A,18586.0,-22.2,88.5,CRUISE_LOITER,1.0,0,500.0,-0.22,0.03,0.43,-0.14,-0.79,1.68,0.89,-0.38,0.02,0.14,0.1,0.0,-0.012,-0.02,0.0413,0
4.95,5120.3,2107.1,72.1,87.77,90.15,86.95,89.71,778.98,785.7,784.8,785.83,4.78,66.33,12.61,3.0,43.43,0.735,14.11,4.18,LANE_A,18587.0,-22.2,88.5,CRUISE_LOITER,1.0,0,500.0,0.25,0.13,-0.07,0.19,-1.56,0.16,2.26,0.29,0.01,-0.05,0.07,-0.2,0.013,0.01,0.0523,0
5.0,5167.8,2126.7,72.2,87.86,89.95,87.03,89.52,781.32,785.89,783.13,786.92,4.81,66.26,12.62,3.01,43.56,0.729,14.06,4.05,LANE_A,18587.0,-22.2,88.5,CRUISE_LOITER,1.0,0,500.0,0.34,-0.07,0.01,0.0,0.78,0.35,0.59,1.38,0.04,-0.12,0.08,-0.07,0.007,-0.04,0.0478,0
5.050000000000001,5152.3,2120.3,72.1,87.36,89.88,86.99,89.31,778.07,785.8,780.34,784.34,4.77,66.41,12.57,2.98,43.54,0.73,14.13,4.08,LANE_A,18588.0,-22.2,88.5,CRUISE_LOITER,1.0,0,500.0,-0.16,-0.14,-0.03,-0.21,-2.47,0.26,-2.2,-1.2,0.0,0.03,0.03,-0.09,0.008,0.03,0.0576,0
5.1000000000000005,5150.2,2119.4,72.3,87.61,89.9,87.32,89.49,779.87,784.88,783.08,784.85,4.77,66.47,12.57,3.01,43.82,0.754,14.08,4.01,LANE_A,18589.0,-22.2,88.5,CRUISE_LOITER,1.0,0,500.0,0.09,-0.12,0.3,-0.03,-0.66,-0.65,0.55,-0.68,0.0,0.09,0.03,0.2,0.032,-0.02,0.0447,0
5.15,5157.1,2122.3,72.0,87.44,90.05,87.08,89.6,780.67,785.59,779.45,783.35,4.77,66.23,12.4,3.0,43.68,0.721,14.08,3.94,LANE_A,18590.0,-22.2,88.5,CRUISE_LOITER,1.0,0,500.0,-0.07,0.04,0.07,0.09,0.14,0.06,-3.08,-2.18,0.0,-0.14,-0.14,0.06,-0.001,-0.02,0.0693,0
5.2,5150.8,2119.7,72.1,87.22,89.76,87.05,89.6,781.02,786.31,783.77,787.44,4.83,66.45,12.43,3.01,43.69,0.741,14.1,4.14,LANE_A,18591.0,-22.2,88.5,CRUISE_LOITER,1.0,0,500.0,-0.29,-0.25,0.04,0.09,0.49,0.78,1.24,1.91,0.06,0.08,-0.11,0.07,0.019,0.0,0.0686,0
5.25,5133.0,2112.4,72.0,87.54,90.15,87.14,89.51,777.39,784.64,781.79,787.04,4.72,66.39,12.42,3.02,43.5,0.704,14.1,4.01,LANE_A,18592.0,-22.2,88.5,CRUISE_LOITER,1.0,0,500.0,0.03,0.14,0.13,0.0,-3.14,-0.89,-0.74,1.51,-0.05,0.02,-0.12,-0.12,-0.018,0.0,0.072,0
5.300000000000001,5167.7,2126.6,72.1,87.67,90.02,87.16,89.8,781.49,784.34,781.58,786.74,4.72,66.5,12.52,2.99,43.64,0.733,14.1,4.1,LANE_A,18593.0,-22.2,88.5,CRUISE_LOITER,1.0,0,500.0,0.17,0.02,0.16,0.3,0.96,-1.19,-0.95,1.21,-0.05,0.13,-0.02,0.02,0.011,0.0,0.0574,0
5.3500000000000005,5153.1,2120.6,72.3,87.15,90.06,87.1,89.2,779.29,786.53,783.28,784.88,4.8,66.45,12.46,3.03,43.51,0.746,14.08,4.0,LANE_A,18594.0,-22.2,88.5,CRUISE_LOITER,1.0,0,500.0,-0.35,0.06,0.1,-0.3,-1.24,1.0,0.75,-0.65,0.02,0.09,-0.08,-0.11,0.024,-0.02,0.0369,0
5.4,5147.7,2118.4,71.9,87.68,89.81,86.82,89.76,780.76,786.98,782.08,785.29,4.79,66.36,12.55,3.0,43.44,0.7,14.12,3.97,LANE_A,18594.0,-22.2,88.5,CRUISE_LOITER,1.0,0,500.0,0.18,-0.19,-0.18,0.26,0.23,1.45,-0.45,-0.24,0.01,0.0,0.01,-0.18,-0.022,0.02,0.0357,0
5.45,5175.5,2129.8,72.4,87.36,89.93,86.53,89.75,778.82,786.33,780.51,786.19,4.75,66.41,12.58,2.98,43.53,0.718,14.1,3.91,LANE_A,18595.0,-22.2,88.5,CRUISE_LOITER,1.0,0,500.0,-0.14,-0.07,-0.47,0.25,-1.7,0.81,-2.01,0.67,-0.03,0.05,0.04,-0.09,-0.004,0.0,0.0489,0
5.5,5172.7,2128.7,72.4,87.33,89.8,86.93,89.46,781.62,786.84,782.43,785.04,4.78,66.3,12.51,3.02,43.65,0.714,14.1,4.02,LANE_A,18596.0,-22.2,88.5,CRUISE_LOITER,1.0,0,500.0,-0.16,-0.19,-0.06,-0.03,1.1,1.32,-0.09,-0.48,0.0,-0.06,-0.03,0.03,-0.008,0.0,0.0312,0
5.550000000000001,5140.8,2115.6,72.4,87.5,89.98,86.85,89.52,780.21,787.09,783.21,783.27,4.75,66.1,12.48,3.01,43.59,0.705,14.07,3.92,LANE_A,18597.0,-22.2,88.6,CRUISE_LOITER,1.0,0,500.0,0.01,-0.01,-0.14,0.03,-0.31,1.57,0.69,-2.25,-0.03,-0.25,-0.06,-0.02,-0.017,-0.03,0.053,0
5.6000000000000005,5158.6,2122.9,71.9,87.63,89.92,86.92,89.66,779.67,785.3,784.54,785.31,4.77,66.07,12.56,3.0,43.74,0.743,14.14,4.16,LANE_A,18598.0,-22.2,88.6,CRUISE_LOITER,1.0,0,500.0,0.14,-0.07,-0.07,0.17,-0.85,-0.22,2.02,-0.21,-0.01,-0.28,0.02,0.13,0.021,0.04,0.0478,0
5.65,5135.7,2113.5,72.3,87.62,90.18,86.98,89.7,781.04,785.72,780.78,785.58,4.78,66.48,12.38,3.01,43.78,0.703,14.12,4.16,LANE_A,18599.0,-22.2,88.6,CRUISE_LOITER,1.0,0,500.0,0.14,0.2,0.0,0.22,0.52,0.2,-1.74,0.06,0.0,0.13,-0.16,0.17,-0.019,0.02,0.042,0
5.7,5177.1,2130.5,71.8,87.2,90.04,86.96,89.52,781.01,785.78,780.84,785.05,4.8,66.14,12.56,3.0,43.66,0.724,14.1,3.97,LANE_A,18600.0,-22.2,88.6,CRUISE_LOITER,1.0,0,500.0,-0.28,0.06,-0.02,0.04,0.49,0.26,-1.68,-0.47,0.02,-0.2,0.02,0.05,0.002,0.0,0.0389,0
5.75,5150.1,2119.4,71.9,87.72,90.18,86.98,89.51,780.38,784.84,783.05,785.83,4.78,66.29,12.5,2.97,43.63,0.713,14.11,4.19,LANE_A,18601.0,-22.2,88.6,CRUISE_LOITER,1.0,0,500.0,0.24,0.2,0.0,0.03,-0.14,-0.68,0.53,0.31,0.0,-0.05,-0.04,0.02,-0.009,0.01,0.0221,0
5.800000000000001,5161.4,2124.0,72.1,87.78,90.14,87.15,89.7,782.01,786.66,783.09,788.77,4.76,66.18,12.53,3.01,43.85,0.729,14.1,4.25,LANE_A,18601.0,-22.2,88.6,CRUISE_LOITER,1.0,0,500.0,0.3,0.16,0.17,0.22,1.49,1.14,0.57,3.25,-0.02,-0.16,-0.01,0.24,0.007,0.0,0.0731,0
5.8500000000000005,5169.9,2127.5,72.2,87.62,90.02,87.28,89.54,780.21,784.31,783.17,783.66,4.78,66.48,12.49,3.0,43.66,0.743,14.13,4.17,LANE_A,18602.0,-22.2,88.6,CRUISE_LOITER,1.0,0,500.0,0.15,0.05,0.31,0.07,-0.3,-1.2,0.66,-1.85,0.0,0.14,-0.04,0.05,0.021,0.03,0.0443,0
5.9,5157.6,2122.5,72.1,87.38,89.99,86.88,89.39,781.08,786.25,782.05,782.69,4.76,66.55,12.44,3.02,43.8,0.708,14.09,3.96,LANE_A,18603.0,-22.2,88.6,CRUISE_LOITER,1.0,0,500.0,-0.09,0.02,-0.09,-0.08,0.57,0.74,-0.46,-2.82,-0.02,0.22,-0.09,0.19,-0.014,-0.01,0.0632,0
5.95,5138.9,2114.8,72.3,87.76,89.5,86.93,89.56,780.52,784.65,784.31,785.05,4.76,66.26,12.58,2.98,43.65,0.727,14.08,4.04,LANE_A,18604.0,-22.2,88.6,CRUISE_LOITER,1.0,0,500.0,0.29,-0.47,-0.04,0.09,0.01,-0.86,1.8,-0.46,-0.02,-0.07,0.05,0.05,0.005,-0.02,0.0434,0
6.0,5137.9,2114.4,72.3,87.55,89.91,87.2,89.24,780.43,783.98,781.76,784.49,4.74,66.34,12.53,2.99,43.44,0.738,14.13,4.15,LANE_A,18605.0,-22.2,88.6,CRUISE_LOITER,1.0,0,500.0,0.09,-0.05,0.24,-0.22,-0.08,-1.53,-0.75,-1.02,-0.04,0.01,0.0,-0.16,0.016,0.03,0.0479,0
6.050000000000001,5150.8,2119.7,72.2,87.78,89.95,87.14,89.79,779.64,784.97,783.89,785.65,4.77,66.41,12.62,2.99,43.53,0.721,14.08,3.95,LANE_A,18606.0,-22.2,88.6,CRUISE_LOITER,1.0,0,500.0,0.32,-0.01,0.18,0.33,-0.87,-0.54,1.38,0.14,-0.01,0.08,0.09,-0.07,-0.001,-0.02,0.0344,0
6.1000000000000005,5163.2,2124.8,72.1,87.17,90.12,87.08,89.3,782.22,787.56,783.89,784.85,4.8,66.18,12.51,2.98,43.71,0.715,14.09,3.98,LANE_A,18607.0,-22.2,88.6,CRUISE_LOITER,1.0,0,500.0,-0.29,0.16,0.12,-0.16,1.71,2.05,1.38,-0.66,0.02,-0.14,-0.02,0.11,-0.007,-0.01,0.049,0
6.15,5165.5,2125.7,72.3,87.76,89.85,87.14,89.24,778.39,782.09,781.9,782.82,4.78,66.32,12.48,3.01,43.67,0.73,14.13,3.99,LANE_A,18608.0,-22.2,88.6,CRUISE_LOITER,1.0,0,500.0,0.3,-0.11,0.18,-0.22,-2.12,-3.42,-0.61,-2.69,0.0,0.0,-0.05,0.07,0.008,0.03,0.0785,0
6.2,5147.7,2118.4,72.3,87.44,89.91,87.18,89.58,779.68,783.52,781.29,785.19,4.84,66.15,12.65,2.99,43.65,0.732,14.1,4.24,LANE_A,18608.0,-22.2,88.6,CRUISE_LOITER,1.0,0,500.0,-0.01,-0.04,0.23,0.13,-0.82,-1.98,-1.21,-0.31,0.06,-0.17,0.12,0.05,0.01,0.0,0.0681,0
6.25,5156.6,2122.0,71.9,87.35,90.07,86.85,89.45,778.36,784.99,779.68,785.2,4.78,66.36,12.46,2.98,43.54,0.728,14.08,4.15,LANE_A,18609.0,-22.2,88.6,CRUISE_LOITER,1.0,0,500.0,-0.1,0.12,-0.1,0.0,-2.14,-0.51,-2.82,-0.3,0.0,0.04,-0.07,-0.06,0.006,-0.02,0.0637,0
6.300000000000001,5163.7,2125.0,72.4,87.47,89.85,87.08,89.8,779.28,784.03,782.29,788.02,4.78,66.26,12.5,3.03,43.56,0.728,14.07,3.85,LANE_A,18610.0,-22.2,88.6,CRUISE_LOITER,1.0,0,500.0,0.02,-0.1,0.13,0.35,-1.22,-1.47,-0.21,2.52,0.0,-0.05,-0.03,-0.04,0.006,-0.03,0.0579,0
6.3500000000000005,5148.7,2118.8,72.3,87.8,89.96,86.9,89.62,780.05,785.57,782.46,786.4,4.75,66.63,12.58,3.01,43.31,0.717,14.09,4.28,LANE_A,18611.0,-22.2,88.6,CRUISE_LOITER,1.0,0,500.0,0.36,0.02,-0.04,0.18,-0.45,0.07,-0.04,0.9,-0.03,0.32,0.05,-0.28,-0.005,-0.01,0.037,0
6.4,5163.3,2124.8,72.0,87.44,90.02,87.01,89.55,779.9,785.4,782.19,786.73,4.74,66.37,12.42,2.99,43.63,0.71,14.14,4.2,LANE_A,18612.0,-22.2,88.6,CRUISE_LOITER,1.0,0,500.0,0.0,0.08,0.07,0.11,-0.6,-0.1,-0.31,1.23,-0.04,0.06,-0.11,0.04,-0.012,0.04,0.0472,0
6.45,5148.6,2118.7,72.4,87.37,89.89,87.17,89.45,781.86,784.89,783.67,786.07,4.79,66.44,12.5,3.0,43.58,0.722,14.09,3.98,LANE_A,18613.0,-22.2,88.6,CRUISE_LOITER,1.0,0,500.0,-0.07,-0.05,0.23,0.01,1.36,-0.61,1.17,0.57,0.01,0.13,-0.03,-0.01,0.0,-0.01,0.0325,0
6.5,5157.1,2122.2,72.2,87.11,90.09,86.68,89.29,781.38,788.42,782.25,786.01,4.78,66.43,12.47,2.97,43.42,0.719,14.13,4.09,LANE_A,18614.0,-22.2,88.6,CRUISE_LOITER,1.0,0,500.0,-0.33,0.15,-0.26,-0.15,0.88,2.92,-0.25,0.51,0.0,0.13,-0.06,-0.17,-0.003,0.03,0.0658,0
6.550000000000001,5122.7,2108.1,72.0,87.33,89.86,87.06,89.28,779.88,783.86,783.11,785.43,4.72,66.31,12.5,3.0,43.55,0.704,14.12,3.97,LANE_A,18615.0,-22.2,88.7,CRUISE_LOITER,1.0,0,500.0,-0.1,-0.07,0.13,-0.15,-0.62,-1.64,0.61,-0.07,-0.06,0.01,-0.03,-0.04,-0.018,0.02,0.0671,0
6.6000000000000005,5162.2,2124.4,71.8,87.48,90.11,86.94,89.34,781.48,785.87,780.94,785.35,4.8,66.24,12.43,3.02,43.61,0.726,14.11,4.08,LANE_A,18615.0,-22.2,88.7,CRUISE_LOITER,1.0,0,500.0,0.05,0.18,0.01,-0.09,0.99,0.38,-1.55,-0.14,0.02,-0.06,-0.1,0.02,0.004,0.01,0.0367,0
6.65,5157.2,2122.3,72.0,87.31,90.08,87.06,89.11,778.26,789.98,782.27,787.24,4.77,66.29,12.55,3.0,43.58,0.72,14.09,4.17,LANE_A,18616.0,-22.2,88.7,CRUISE_LOITER,1.0,0,500.0,-0.12,0.15,0.13,-0.32,-2.23,4.49,-0.22,1.75,-0.01,-0.01,0.02,-0.01,-0.002,-0.01,0.098,0
6.7,5156.2,2121.9,72.2,87.53,89.64,86.91,89.69,780.41,785.8,783.0,785.65,4.81,66.25,12.51,3.0,43.76,0.728,14.1,4.02,LANE_A,18617.0,-22.2,88.7,CRUISE_LOITER,1.0,0,500.0,0.11,-0.28,-0.01,0.27,-0.08,0.31,0.51,0.16,0.03,-0.04,-0.02,0.17,0.006,0.0,0.0354,0
6.75,5150.0,2119.3,72.5,87.58,89.87,86.76,89.57,781.51,785.35,782.36,784.64,4.79,66.45,12.39,3.0,43.7,0.722,14.08,4.07,LANE_A,18618.0,-22.2,88.7,CRUISE_LOITER,1.0,0,500.0,0.16,-0.05,-0.16,0.15,1.02,-0.14,-0.13,-0.85,0.01,0.16,-0.14,0.12,0.0,-0.02,0.0338,0
6.800000000000001,5152.0,2120.2,72.2,87.64,89.84,87.22,89.3,779.2,787.02,783.3,784.55,4.82,66.4,12.61,2.99,43.76,0.724,14.12,3.99,LANE_A,18619.0,-22.2,88.7,CRUISE_LOITER,1.0,0,500.0,0.22,-0.08,0.3,-0.12,-1.29,1.53,0.81,-0.94,0.04,0.11,0.08,0.18,0.002,0.02,0.0483,0
6.8500000000000005,5173.5,2129.0,72.2,87.48,90.05,86.83,89.24,778.36,785.67,784.27,785.75,4.75,66.34,12.65,3.04,43.59,0.712,14.08,3.86,LANE_A,18620.0,-22.2,88.7,CRUISE_LOITER,1.0,0,500.0,0.06,0.13,-0.09,-0.18,-2.13,0.18,1.78,0.26,-0.03,0.06,0.12,0.01,-0.01,-0.02,0.0505,0
6.9,5169.8,2127.5,72.1,87.57,90.04,87.07,89.29,780.88,783.42,782.44,788.26,4.78,66.58,12.44,2.99,43.59,0.75,14.13,3.83,LANE_A,18621.0,-22.2,88.7,CRUISE_LOITER,1.0,0,500.0,0.16,0.13,0.16,-0.12,0.39,-2.07,-0.05,2.77,0.0,0.3,-0.09,0.01,0.028,0.03,0.0642,0
6.95,5175.9,2130.0,72.5,87.58,89.91,86.67,89.29,780.32,784.87,783.07,783.49,4.81,66.34,12.45,2.97,43.47,0.73,14.1,3.97,LANE_A,18622.0,-22.2,88.7,CRUISE_LOITER,1.0,0,500.0,0.17,0.0,-0.24,-0.12,-0.16,-0.61,0.59,-1.99,0.03,0.06,-0.08,-0.11,0.008,0.0,0.0464,0
7.0,5150.6,2119.6,72.2,87.52,89.8,87.01,89.4,781.89,785.35,783.78,784.73,4.72,66.52,12.61,2.99,43.65,0.725,14.1,4.19,LANE_A,18622.0,-22.2,88.7,CRUISE_LOITER,1.0,0,500.0,0.11,-0.11,0.1,-0.01,1.41,-0.13,1.3,-0.75,-0.06,0.24,0.08,0.07,0.003,0.0,0.067,0
7.050000000000001,5143.6,2116.7,72.1,87.47,90.27,87.14,89.1,781.4,787.39,781.45,785.31,4.8,66.26,12.51,2.98,43.62,0.714,14.1,3.89,LANE_A,18623.0,-22.2,88.7,CRUISE_LOITER,1.0,0,500.0,0.07,0.37,0.24,-0.3,0.92,1.91,-1.03,-0.17,0.02,-0.01,-0.02,0.04,-0.008,0.0,0.0455,0
7.1000000000000005,5157.0,2122.2,72.3,87.56,90.03,86.91,89.15,779.61,784.51,783.41,784.95,4.73,66.13,12.54,3.0,43.53,0.729,14.08,4.06,LANE_A,18624.0,-22.2,88.7,CRUISE_LOITER,1.0,0,500.0,0.16,0.13,0.01,-0.25,-0.87,-0.97,0.93,-0.53,-0.05,-0.14,0.01,-0.05,0.007,-0.02,0.0567,0
7.15,5140.0,2115.2,72.3,87.52,89.8,87.01,89.31,781.84,785.31,783.18,783.11,4.75,66.34,12.53,3.02,43.52,0.714,14.14,4.09,LANE_A,18625.0,-22.3,88.7,CRUISE_LOITER,1.0,0,500.0,0.12,-0.1,0.11,-0.09,1.36,-0.17,0.7,-2.37,-0.03,0.07,0.0,-0.06,-0.008,0.04,0.0552,0
7.2,5153.5,2120.8,72.1,87.56,89.85,86.72,89.37,778.32,787.06,785.56,785.8,4.78,66.21,12.62,3.02,43.67,0.74,14.07,3.97,LANE_A,18626.0,-22.3,88.7,CRUISE_LOITER,1.0,0,500.0,0.16,-0.05,-0.18,-0.03,-2.16,1.58,3.08,0.32,0.0,-0.06,0.09,0.1,0.018,-0.03,0.0705,0
7.25,5148.3,2118.6,72.4,87.55,89.49,87.16,89.2,781.23,785.55,782.4,784.72,4.79,66.38,12.4,3.0,43.34,0.72,14.09,4.05,LANE_A,18627.0,-22.3,88.7,CRUISE_LOITER,1.0,0,500.0,0.16,-0.4,0.27,-0.19,0.75,0.07,-0.08,-0.76,0.01,0.12,-0.13,-0.23,-0.002,-0.01,0.0369,0
7.300000000000001,5148.7,2118.8,72.4,87.5,89.88,86.82,89.61,779.37,784.44,784.59,783.9,4.76,66.05,12.46,2.99,43.65,0.708,14.13,4.01,LANE_A,18628.0,-22.3,88.7,CRUISE_LOITER,1.0,0,500.0,0.11,-0.01,-0.07,0.22,-1.11,-1.04,2.11,-1.58,-0.02,-0.21,-0.07,0.08,-0.014,0.03,0.0505,0
7.3500000000000005,5150.5,2119.6,72.1,87.29,89.8,86.98,89.36,781.97,784.87,782.01,783.28,4.75,66.33,12.44,3.0,43.53,0.742,14.09,3.89,LANE_A,18629.0,-22.3,88.7,CRUISE_LOITER,1.0,0,500.0,-0.1,-0.09,0.09,-0.03,1.5,-0.6,-0.46,-2.19,-0.03,0.07,-0.09,-0.04,0.02,-0.01,0.0514,0
7.4,5152.4,2120.3,72.0,87.66,89.71,86.55,89.32,778.84,784.44,783.9,785.7,4.77,66.1,12.53,2.99,43.51,0.714,14.09,3.95,LANE_A,18629.0,-22.3,88.7,CRUISE_LOITER,1.0,0,500.0,0.28,-0.17,-0.33,-0.06,-1.63,-1.03,1.43,0.23,-0.01,-0.16,0.0,-0.06,-0.008,-0.01,0.0398,0
7.45,5168.3,2126.9,72.6,87.23,89.6,86.74,89.52,780.58,788.25,785.13,783.85,4.78,66.36,12.53,2.97,43.51,0.7,14.11,3.94,LANE_A,18630.0,-22.3,88.7,CRUISE_LOITER,1.0,0,500.0,-0.15,-0.28,-0.14,0.14,0.11,2.78,2.66,-1.62,0.0,0.11,0.0,-0.06,-0.022,0.01,0.065,0
7.5,5149.4,2119.1,72.2,87.03,89.94,87.0,89.6,781.22,785.03,783.15,782.67,4.8,66.32,12.51,3.02,43.64,0.729,14.12,3.98,LANE_A,18631.0,-22.3,88.7,CRUISE_LOITER,1.0,0,500.0,-0.35,0.06,0.12,0.22,0.75,-0.44,0.68,-2.8,0.02,0.07,-0.02,0.07,0.007,0.02,0.063,0
7.550000000000001,5138.6,2114.7,72.2,87.7,89.81,86.97,89.41,780.11,784.83,782.15,784.34,4.85,66.28,12.48,3.02,43.47,0.708,14.09,4.24,LANE_A,18632.0,-22.3,88.8,CRUISE_LOITER,1.0,0,500.0,0.32,-0.07,0.09,0.03,-0.36,-0.64,-0.32,-1.13,0.07,0.03,-0.05,-0.1,-0.014,-0.01,0.0768,0
7.6000000000000005,5140.7,2115.5,72.0,87.21,89.95,86.99,89.16,781.43,787.27,780.9,785.58,4.79,66.09,12.62,3.02,43.31,0.716,14.09,4.01,LANE_A,18633.0,-22.3,88.8,CRUISE_LOITER,1.0,0,500.0,-0.16,0.08,0.12,-0.21,0.96,1.8,-1.57,0.11,0.01,-0.16,0.09,-0.25,-0.006,-0.01,0.0435,0
7.65,5164.5,2125.3,72.0,87.53,89.91,86.85,89.41,776.98,785.48,782.94,783.88,4.76,66.22,12.47,3.02,43.44,0.714,14.12,4.01,LANE_A,18634.0,-22.3,88.8,CRUISE_LOITER,1.0,0,500.0,0.16,0.04,-0.02,0.04,-3.49,0.01,0.47,-1.59,-0.02,-0.02,-0.06,-0.12,-0.008,0.02,0.0769,0
7.7,5161.4,2124.0,72.3,87.53,89.65,87.04,89.29,779.89,785.29,783.9,783.51,4.79,66.16,12.54,2.99,43.64,0.712,14.12,3.9,LANE_A,18635.0,-22.3,88.8,CRUISE_LOITER,1.0,0,500.0,0.16,-0.22,0.17,-0.08,-0.58,-0.18,1.43,-1.96,0.01,-0.08,0.01,0.08,-0.01,0.02,0.0457,0
7.75,5176.4,2130.2,72.3,87.33,89.89,87.01,89.57,779.71,786.17,782.53,784.82,4.73,66.02,12.53,3.04,43.43,0.732,14.1,4.13,LANE_A,18636.0,-22.3,88.8,CRUISE_LOITER,1.0,0,500.0,-0.04,0.02,0.14,0.2,-0.75,0.71,0.07,-0.64,-0.05,-0.22,0.0,-0.13,0.01,0.0,0.0559,0
7.800000000000001,5157.4,2122.4,72.0,87.3,90.01,87.02,89.54,781.35,784.56,783.1,784.11,4.77,66.37,12.6,2.98,43.62,0.722,14.07,4.16,LANE_A,18636.0,-22.3,88.8,CRUISE_LOITER,1.0,0,500.0,-0.06,0.15,0.16,0.18,0.89,-0.9,0.64,-1.35,-0.01,0.13,0.07,0.06,0.0,-0.03,0.0335,0
7.8500000000000005,5164.8,2125.5,72.5,87.44,89.87,87.13,89.4,782.94,786.14,782.51,784.79,4.77,66.25,12.68,3.01,43.64,0.724,14.1,4.23,LANE_A,18637.0,-22.3,88.8,CRUISE_LOITER,1.0,0,500.0,0.08,0.01,0.27,0.04,2.48,0.68,0.05,-0.67,-0.01,0.02,0.16,0.08,0.002,0.0,0.0561,0
7.9,5148.9,2118.9,72.1,87.27,89.75,86.65,89.54,781.4,785.24,784.7,782.97,4.75,66.27,12.48,2.98,43.62,0.715,14.11,4.05,LANE_A,18638.0,-22.3,88.8,CRUISE_LOITER,1.0,0,500.0,-0.09,-0.11,-0.21,0.18,0.94,-0.22,2.24,-2.49,-0.03,0.04,-0.04,0.06,-0.007,0.01,0.0582,0
7.95,5146.3,2117.8,72.0,87.06,89.89,86.8,89.53,778.58,785.53,782.76,784.92,4.77,66.05,12.4,2.98,43.77,0.74,14.12,4.04,LANE_A,18639.0,-22.3,88.8,CRUISE_LOITER,1.0,0,500.0,-0.29,0.04,-0.05,0.18,-1.88,0.07,0.3,-0.54,-0.01,-0.18,-0.12,0.21,0.018,0.02,0.0448,0
8.0,5173.9,2129.2,72.2,87.33,89.98,86.96,89.45,779.22,783.17,780.99,784.67,4.75,66.13,12.5,3.0,43.68,0.708,14.08,4.03,LANE_A,18640.0,-22.3,88.8,CRUISE_LOITER,1.0,0,500.0,-0.02,0.13,0.11,0.1,-1.24,-2.29,-1.47,-0.79,-0.03,-0.09,-0.02,0.13,-0.014,-0.02,0.0538,0
8.05,5149.2,2119.0,72.3,87.02,90.02,87.12,88.99,778.94,785.0,780.65,786.14,4.75,66.08,12.56,2.99,43.53,0.713,14.09,4.22,LANE_A,18641.0,-22.3,88.8,CRUISE_LOITER,1.0,0,500.0,-0.33,0.17,0.27,-0.36,-1.52,-0.46,-1.81,0.68,-0.03,-0.14,0.04,-0.02,-0.009,-0.01,0.0448,0
8.1,5143.5,2116.7,72.2,87.52,90.08,86.9,89.31,781.11,787.04,782.83,783.93,4.79,66.56,12.45,3.05,43.49,0.722,14.12,4.01,LANE_A,18642.0,-22.3,88.8,CRUISE_LOITER,1.0,0,500.0,0.17,0.23,0.05,-0.04,0.66,1.59,0.38,-1.52,0.01,0.34,-0.07,-0.06,0.0,0.02,0.0388,0
8.15,5143.6,2116.7,72.4,87.6,89.66,86.58,89.41,778.79,787.19,782.35,785.82,4.85,66.08,12.51,3.01,43.6,0.718,14.12,4.02,LANE_A,18643.0,-22.3,88.8,CRUISE_LOITER,1.0,0,500.0,0.26,-0.18,-0.26,0.07,-1.66,1.74,-0.1,0.37,0.07,-0.14,-0.01,0.05,-0.004,0.02,0.0781,0
8.200000000000001,5134.1,2112.8,72.2,87.39,89.48,86.66,89.54,779.9,787.4,782.4,783.35,4.76,66.21,12.6,3.0,43.73,0.729,14.12,4.14,LANE_A,18643.0,-22.3,88.8,CRUISE_LOITER,1.0,0,500.0,0.05,-0.36,-0.18,0.2,-0.55,1.95,-0.05,-2.1,-0.02,0.0,0.08,0.18,0.007,0.02,0.0504,0
8.25,5152.7,2120.4,72.2,87.59,90.18,86.8,89.48,780.33,785.3,784.09,785.3,4.79,65.93,12.41,3.01,43.34,0.724,14.09,3.95,LANE_A,18644.0,-22.3,88.8,CRUISE_LOITER,1.0,0,500.0,0.25,0.34,-0.04,0.14,-0.12,-0.15,1.64,-0.15,0.01,-0.28,-0.11,-0.21,0.002,-0.01,0.0396,0
8.3,5150.8,2119.7,72.6,87.31,89.9,86.71,89.21,781.18,785.29,782.62,785.33,4.78,66.25,12.48,2.97,43.71,0.745,14.11,3.99,LANE_A,18645.0,-22.3,88.8,CRUISE_LOITER,1.0,0,500.0,-0.02,0.07,-0.12,-0.12,0.73,-0.16,0.17,-0.12,0.0,0.04,-0.04,0.16,0.023,0.01,0.032,0
8.35,5164.0,2125.1,72.5,87.35,89.87,86.8,89.48,781.71,785.95,785.1,783.2,4.81,66.16,12.61,3.01,43.62,0.714,14.09,4.0,LANE_A,18646.0,-22.3,88.8,CRUISE_LOITER,1.0,0,500.0,0.02,0.04,-0.03,0.15,1.26,0.5,2.65,-2.25,0.03,-0.05,0.09,0.07,-0.008,-0.01,0.0616,0
8.4,5153.2,2120.6,72.2,87.44,89.75,86.77,89.47,780.12,786.84,785.53,787.2,4.77,66.05,12.48,3.0,43.5,0.732,14.11,3.92,LANE_A,18647.0,-22.3,88.8,CRUISE_LOITER,1.0,0,500.0,0.11,-0.08,-0.06,0.14,-0.33,1.39,3.08,1.75,-0.01,-0.15,-0.04,-0.05,0.01,0.01,0.0689,0
8.450000000000001,5143.1,2116.5,72.5,87.36,89.88,87.05,89.24,780.22,786.42,783.83,783.72,4.73,66.29,12.42,2.99,43.43,0.755,14.11,4.24,LANE_A,18648.0,-22.3,88.8,CRUISE_LOITER,1.0,0,500.0,0.03,0.05,0.22,-0.09,-0.23,0.97,1.38,-1.73,-0.05,0.09,-0.1,-0.11,0.033,0.01,0.059,0
8.5,5139.4,2115.0,72.2,87.17,89.77,87.08,89.72,779.64,784.64,780.74,785.11,4.71,66.12,12.49,3.0,43.65,0.778,14.08,3.93,LANE_A,18649.0,-22.3,88.8,CRUISE_LOITER,1.0,0,500.0,-0.15,-0.05,0.26,0.4,-0.8,-0.8,-1.7,-0.33,-0.07,-0.08,-0.03,0.11,0.056,-0.02,0.0808,0
8.55,5157.2,2122.3,72.3,87.55,89.73,86.62,89.3,779.4,785.24,781.84,786.57,4.77,66.23,12.6,3.04,43.55,0.719,14.08,4.08,LANE_A,18650.0,-22.3,88.9,CRUISE_LOITER,1.0,0,500.0,0.23,-0.09,-0.2,-0.02,-1.04,-0.2,-0.6,1.13,-0.01,0.03,0.08,0.01,-0.003,-0.02,0.0284,0
8.6,5162.5,2124.5,72.0,87.37,89.78,86.93,89.31,781.24,785.41,782.61,787.27,4.78,66.2,12.59,2.99,43.58,0.719,14.07,4.04,LANE_A,18650.0,-22.3,88.9,CRUISE_LOITER,1.0,0,500.0,0.05,-0.04,0.11,-0.01,0.8,-0.03,0.17,1.83,0.0,0.01,0.07,0.04,-0.003,-0.03,0.0419,0
8.65,5160.9,2123.8,72.5,87.37,89.44,86.72,89.52,779.0,784.87,781.71,786.56,4.74,66.19,12.39,3.01,43.35,0.74,14.06,4.06,LANE_A,18651.0,-22.3,88.9,CRUISE_LOITER,1.0,0,500.0,0.06,-0.37,-0.09,0.21,-1.44,-0.57,-0.73,1.12,-0.04,0.0,-0.13,-0.19,0.018,-0.04,0.0495,0
8.700000000000001,5145.9,2117.6,72.3,87.58,89.82,86.98,89.39,780.14,785.34,783.02,784.26,4.78,66.45,12.38,2.97,43.55,0.743,14.11,4.0,LANE_A,18652.0,-22.3,88.9,CRUISE_LOITER,1.0,0,500.0,0.27,0.01,0.17,0.08,-0.3,-0.1,0.58,-1.18,0.0,0.26,-0.14,0.01,0.021,0.01,0.0345,0
8.75,5177.1,2130.5,72.0,87.54,89.8,86.84,89.41,777.31,783.41,781.31,783.65,4.78,66.11,12.64,3.0,43.53,0.72,14.1,3.92,LANE_A,18653.0,-22.3,88.9,CRUISE_LOITER,1.0,0,500.0,0.23,-0.01,0.03,0.1,-3.13,-2.03,-1.13,-1.79,0.0,-0.08,0.12,-0.01,-0.002,0.0,0.0712,0
8.8,5138.7,2114.7,72.1,87.17,89.8,87.24,89.19,780.29,786.2,782.74,784.89,4.76,66.34,12.45,3.0,43.38,0.71,14.11,3.93,LANE_A,18654.0,-22.3,88.9,CRUISE_LOITER,1.0,0,500.0,-0.14,-0.01,0.43,-0.12,-0.15,0.76,0.3,-0.55,-0.02,0.16,-0.07,-0.16,-0.012,0.01,0.0382,0
8.85,5159.8,2123.4,72.2,87.23,89.68,86.75,89.3,779.68,786.89,782.58,784.56,4.73,66.26,12.35,3.0,43.48,0.722,14.12,4.17,LANE_A,18655.0,-22.3,88.9,CRUISE_LOITER,1.0,0,500.0,-0.07,-0.12,-0.05,0.0,-0.75,1.46,0.15,-0.87,-0.05,0.08,-0.17,-0.05,0.0,0.02,0.0574,0
8.9,5163.4,2124.9,72.3,87.24,90.1,86.69,89.58,781.11,784.89,780.65,785.04,4.76,66.3,12.54,3.02,43.51,0.744,14.1,3.94,LANE_A,18656.0,-22.3,88.9,CRUISE_LOITER,1.0,0,500.0,-0.06,0.3,-0.11,0.28,0.68,-0.54,-1.78,-0.39,-0.02,0.12,0.02,-0.02,0.022,0.0,0.0425,0
8.950000000000001,5171.4,2128.1,72.1,87.12,90.0,86.99,89.22,779.16,786.57,781.03,784.95,4.78,66.44,12.53,3.01,43.43,0.724,14.12,4.1,LANE_A,18657.0,-22.3,88.9,CRUISE_LOITER,1.0,0,500.0,-0.18,0.2,0.19,-0.08,-1.27,1.14,-1.4,-0.48,0.0,0.26,0.01,-0.1,0.002,0.02,0.0348,0
9.0,5148.0,2118.5,72.1,87.34,90.18,86.95,89.23,781.37,784.36,783.26,785.01,4.75,66.2,12.6,3.01,43.52,0.704,14.16,4.09,LANE_A,18657.0,-22.3,88.9,CRUISE_LOITER,1.0,0,500.0,0.05,0.39,0.16,-0.06,0.94,-1.07,0.83,-0.42,-0.03,0.03,0.08,-0.01,-0.018,0.06,0.0596,0
9.05,5142.8,2116.4,72.0,87.27,89.6,87.12,89.33,781.56,785.62,781.25,784.89,4.77,65.86,12.59,2.98,43.21,0.718,14.14,4.01,LANE_A,18658.0,-22.3,88.9,CRUISE_LOITER,1.0,0,500.0,-0.02,-0.19,0.33,0.04,1.13,0.19,-1.18,-0.54,-0.01,-0.31,0.07,-0.32,-0.004,0.04,0.0423,0
9.1,5170.2,2127.6,72.3,87.76,89.65,87.15,89.17,780.53,786.02,780.65,786.22,4.8,65.93,12.46,3.01,43.55,0.747,14.08,3.92,LANE_A,18659.0,-22.3,88.9,CRUISE_LOITER,1.0,0,500.0,0.47,-0.14,0.36,-0.12,0.1,0.59,-1.78,0.79,0.02,-0.24,-0.06,0.02,0.025,-0.02,0.0444,0
9.15,5172.2,2128.5,72.5,87.13,89.76,86.82,89.06,781.12,785.99,782.14,785.64,4.75,66.13,12.44,3.01,43.51,0.72,14.1,4.24,LANE_A,18660.0,-22.3,88.9,CRUISE_LOITER,1.0,0,500.0,-0.16,-0.03,0.03,-0.23,0.69,0.56,-0.29,0.21,-0.03,-0.03,-0.08,-0.02,-0.002,0.0,0.0349,0
9.200000000000001,5154.4,2121.2,71.9,87.07,89.56,86.81,88.93,781.17,788.56,782.55,785.19,4.79,66.2,12.47,3.0,43.48,0.722,14.09,4.01,LANE_A,18661.0,-22.3,88.9,CRUISE_LOITER,1.0,0,500.0,-0.21,-0.22,0.03,-0.35,0.74,3.13,0.12,-0.24,0.01,0.04,-0.05,-0.05,0.0,-0.01,0.0691,0
9.25,5164.6,2125.3,72.5,87.31,89.53,87.06,89.23,780.14,785.92,779.73,785.44,4.79,66.1,12.49,2.98,43.4,0.734,14.09,4.03,LANE_A,18662.0,-22.3,88.9,CRUISE_LOITER,1.0,0,500.0,0.03,-0.25,0.28,-0.05,-0.28,0.5,-2.69,0.02,0.01,-0.06,-0.03,-0.12,0.012,-0.01,0.0599,0
9.3,5156.5,2122.0,72.2,87.32,89.84,87.11,89.77,779.43,786.24,783.63,786.43,4.73,66.04,12.55,2.98,43.47,0.724,14.11,4.15,LANE_A,18663.0,-22.3,88.9,CRUISE_LOITER,1.0,0,500.0,0.04,0.06,0.33,0.49,-0.99,0.82,1.21,1.01,-0.05,-0.12,0.03,-0.05,0.002,0.01,0.0582,0
9.35,5166.6,2126.2,72.2,87.4,89.6,86.49,89.3,779.5,787.46,784.26,788.21,4.75,66.12,12.45,2.99,43.63,0.716,14.07,4.05,LANE_A,18664.0,-22.3,88.9,CRUISE_LOITER,1.0,0,500.0,0.13,-0.17,-0.28,0.03,-0.92,2.04,1.84,2.79,-0.03,-0.03,-0.07,0.11,-0.006,-0.03,0.0655,0
9.4,5152.5,2120.4,72.3,87.38,89.87,86.71,89.33,780.56,784.56,783.5,783.85,4.76,65.93,12.55,3.03,43.48,0.734,14.11,4.0,LANE_A,18664.0,-22.3,88.9,CRUISE_LOITER,1.0,0,500.0,0.11,0.1,-0.06,0.06,0.14,-0.86,1.08,-1.57,-0.02,-0.22,0.03,-0.04,0.012,0.01,0.0374,0
9.450000000000001,5163.0,2124.7,72.2,87.6,89.3,87.0,89.27,782.46,783.2,780.77,784.55,4.76,66.32,12.62,2.98,43.56,0.74,14.07,4.09,LANE_A,18665.0,-22.3,88.9,CRUISE_LOITER,1.0,0,500.0,0.33,-0.47,0.23,0.0,2.04,-2.22,-1.65,-0.87,-0.02,0.17,0.1,0.04,0.018,-0.03,0.0552,0
9.5,5159.3,2123.2,72.5,87.1,89.81,87.0,89.09,780.42,786.49,784.17,785.05,4.82,66.17,12.41,3.02,43.67,0.718,14.08,3.92,LANE_A,18666.0,-22.3,88.9,CRUISE_LOITER,1.0,0,500.0,-0.17,0.04,0.23,-0.18,0.0,1.07,1.75,-0.37,0.04,0.02,-0.11,0.15,-0.004,-0.02,0.0478,0
9.55,5148.3,2118.7,72.4,87.44,89.53,86.84,89.47,780.43,786.35,780.01,784.9,4.73,66.23,12.54,2.98,43.54,0.697,14.08,4.14,LANE_A,18667.0,-22.3,88.9,CRUISE_LOITER,1.0,0,500.0,0.18,-0.23,0.08,0.21,0.01,0.93,-2.41,-0.52,-0.05,0.09,0.02,0.02,-0.025,-0.02,0.0589,0
9.600000000000001,5154.9,2121.4,72.7,87.65,89.72,87.27,89.28,779.8,786.36,781.96,783.62,4.78,66.14,12.53,2.96,43.53,0.709,14.09,3.81,LANE_A,18668.0,-22.3,89.0,CRUISE_LOITER,1.0,0,500.0,0.39,-0.04,0.51,0.02,-0.61,0.95,-0.45,-1.79,0.0,0.0,0.01,0.01,-0.013,-0.01,0.0457,0
9.65,5137.7,2114.3,72.1,87.2,90.01,86.71,89.29,779.33,784.68,781.02,785.73,4.77,66.2,12.47,2.98,43.58,0.698,14.09,4.14,LANE_A,18669.0,-22.3,89.0,CRUISE_LOITER,1.0,0,500.0,-0.06,0.25,-0.05,0.03,-1.08,-0.73,-1.39,0.32,-0.01,0.06,-0.05,0.06,-0.024,-0.01,0.0352,0
9.700000000000001,5129.4,2110.9,72.3,87.14,89.83,86.14,89.17,780.01,788.07,781.45,787.26,4.77,65.99,12.42,3.03,43.5,0.69,14.12,3.93,LANE_A,18670.0,-22.3,89.0,CRUISE_LOITER,1.0,0,500.0,-0.12,0.07,-0.62,-0.09,-0.4,2.66,-0.96,1.85,-0.01,-0.15,-0.1,-0.01,-0.032,0.02,0.0633,0
9.75,5141.1,2115.7,72.3,87.43,89.91,87.15,89.05,780.82,784.27,781.45,784.86,4.84,65.93,12.5,3.0,43.49,0.726,14.13,4.29,LANE_A,18671.0,-22.3,89.0,CRUISE_LOITER,1.0,0,500.0,0.18,0.16,0.4,-0.2,0.41,-1.14,-0.96,-0.55,0.06,-0.2,-0.02,-0.02,0.004,0.03,0.0678,0
9.8,5162.5,2124.5,72.2,87.25,89.77,86.9,89.38,779.92,784.36,780.99,785.23,4.74,66.17,12.54,2.96,43.37,0.745,14.07,4.01,LANE_A,18671.0,-22.3,89.0,CRUISE_LOITER,1.0,0,500.0,0.0,0.02,0.15,0.13,-0.49,-1.05,-1.42,-0.18,-0.04,0.04,0.02,-0.14,0.023,-0.03,0.0476,0
9.850000000000001,5157.7,2122.5,72.5,87.16,89.4,86.57,89.4,779.97,784.91,783.88,784.27,4.74,66.02,12.39,3.0,43.76,0.755,14.09,4.04,LANE_A,18672.0,-22.3,89.0,CRUISE_LOITER,1.0,0,500.0,-0.09,-0.35,-0.18,0.15,-0.44,-0.5,1.47,-1.14,-0.04,-0.11,-0.13,0.25,0.033,-0.01,0.0496,0
9.9,5158.2,2122.7,72.1,87.22,89.33,86.72,88.97,779.44,786.25,783.16,785.98,4.77,66.01,12.63,2.99,43.53,0.719,14.13,4.1,LANE_A,18673.0,-22.3,89.0,CRUISE_LOITER,1.0,0,500.0,-0.02,-0.41,-0.02,-0.27,-0.97,0.84,0.75,0.57,-0.01,-0.12,0.12,0.02,-0.003,0.03,0.0379,0
9.950000000000001,5159.0,2123.1,72.3,87.38,89.66,86.99,89.46,781.62,785.19,783.03,787.96,4.82,65.94,12.6,3.0,43.66,0.72,14.11,4.03,LANE_A,18674.0,-22.3,89.0,CRUISE_LOITER,1.0,0,500.0,0.14,-0.08,0.25,0.22,1.21,-0.22,0.62,2.55,0.04,-0.18,0.09,0.15,-0.002,0.01,0.0592,0
10.0,5156.9,2122.2,72.3,87.1,89.98,86.86,89.02,777.88,786.8,782.73,786.65,4.74,66.22,12.54,2.98,43.64,0.713,14.1,4.01,LANE_A,18675.0,-22.3,89.0,CRUISE_LOITER,1.0,1,497.0,-0.14,0.24,0.12,-0.22,-2.52,1.4,0.33,1.25,-0.04,0.1,0.03,0.13,-0.009,0.0,0.0589,0
10.05,5174.4,2129.4,72.0,87.3,90.38,86.78,89.08,779.8,784.61,782.27,786.73,4.8,66.37,12.6,3.01,43.68,0.736,14.12,3.88,LANE_A,18676.0,-22.4,89.0,CRUISE_LOITER,0.99,1,494.0,0.06,0.64,0.04,-0.16,-0.6,-0.79,-0.13,1.33,0.02,0.25,0.09,0.17,0.014,0.02,0.0555,0
10.100000000000001,5163.6,2124.9,72.3,87.0,90.83,86.58,89.41,781.97,784.62,783.7,785.78,4.75,66.54,12.53,3.0,43.3,0.711,14.13,4.2,LANE_A,18677.0,-22.4,89.0,CRUISE_LOITER,0.99,1,491.0,-0.23,1.1,-0.15,0.18,1.57,-0.78,1.3,0.38,-0.03,0.42,0.02,-0.2,-0.011,0.03,0.0915,0
10.15,5153.8,2120.9,72.3,86.95,90.81,86.63,89.56,779.99,787.56,782.59,784.99,4.79,66.26,12.55,3.01,43.56,0.73,14.09,4.08,LANE_A,18678.0,-22.4,89.0,CRUISE_LOITER,0.98,1,488.0,-0.28,1.08,-0.1,0.33,-0.41,2.16,0.19,-0.41,0.01,0.15,0.04,0.06,0.008,-0.01,0.0889,0
10.200000000000001,5165.7,2125.8,72.4,87.42,91.4,86.53,89.39,780.29,783.88,783.39,784.46,4.77,66.18,12.54,3.01,43.71,0.71,14.07,3.97,LANE_A,18678.0,-22.4,89.0,CRUISE_LOITER,0.98,1,485.0,0.19,1.67,-0.2,0.16,-0.11,-1.52,0.99,-0.94,-0.01,0.07,0.03,0.21,-0.012,-0.03,0.1321,0
10.25,5155.3,2121.5,71.9,87.23,91.32,86.49,89.24,781.4,786.99,780.47,786.02,4.75,66.61,12.56,2.99,43.6,0.711,14.1,4.16,LANE_A,18679.0,-22.4,89.0,CRUISE_LOITER,0.97,1,482.0,0.01,1.6,-0.23,0.02,1.0,1.59,-1.93,0.62,-0.03,0.5,0.05,0.1,-0.011,0.0,0.1279,0
10.3,5161.1,2123.9,72.3,87.1,91.36,86.86,89.69,780.06,786.28,781.22,784.84,4.78,66.67,12.62,2.99,43.49,0.723,14.1,4.1,LANE_A,18680.0,-22.4,89.0,CRUISE_LOITER,0.97,1,479.0,-0.12,1.64,0.14,0.47,-0.34,0.88,-1.18,-0.56,0.0,0.56,0.11,-0.01,0.001,0.0,0.1301,0
10.350000000000001,5153.6,2120.8,72.3,87.29,91.52,86.94,89.62,783.09,788.18,780.7,785.89,4.78,67.06,12.53,3.03,43.46,0.731,14.1,4.05,LANE_A,18681.0,-22.4,89.0,CRUISE_LOITER,0.96,1,476.0,0.07,1.8,0.22,0.4,2.69,2.78,-1.7,0.49,0.0,0.96,0.02,-0.04,0.009,0.0,0.1444,0
10.4,5153.5,2120.8,72.1,87.56,92.31,86.56,89.36,778.32,786.67,784.26,785.76,4.74,66.52,12.57,2.98,43.66,0.745,14.11,4.01,LANE_A,18682.0,-22.4,89.0,CRUISE_LOITER,0.96,1,473.0,0.34,2.59,-0.16,0.14,-2.07,1.28,1.87,0.37,-0.04,0.42,0.06,0.16,0.023,0.01,0.1971,0
10.450000000000001,5158.5,2122.8,72.1,87.11,92.11,86.77,89.83,779.3,787.47,782.38,785.95,4.77,66.83,12.6,2.98,43.48,0.719,14.11,3.94,LANE_A,18683.0,-22.4,89.0,CRUISE_LOITER,0.95,1,470.0,-0.1,2.4,0.06,0.62,-1.09,2.08,-0.01,0.56,-0.01,0.73,0.09,-0.02,-0.003,0.01,0.184,0
10.5,5165.0,2125.5,72.3,87.53,92.55,87.0,89.4,780.58,785.82,782.33,785.3,4.78,66.43,12.53,2.97,43.44,0.715,14.1,4.14,LANE_A,18684.0,-22.4,89.0,CRUISE_LOITER,0.95,1,467.0,0.32,2.84,0.29,0.19,0.19,0.43,-0.06,-0.09,0.0,0.34,0.02,-0.05,-0.007,0.0,0.2119,0
10.55,5155.8,2121.7,72.4,87.54,92.75,86.74,89.51,779.82,787.37,779.51,785.97,4.78,66.73,12.48,3.01,43.59,0.692,14.1,3.74,LANE_A,18685.0,-22.4,89.0,CRUISE_LOITER,0.94,1,464.0,0.33,3.04,0.03,0.3,-0.57,1.98,-2.88,0.58,0.0,0.64,-0.03,0.1,-0.03,0.0,0.2266,0
10.600000000000001,5165.7,2125.8,72.1,87.42,93.2,86.77,89.7,780.92,785.86,782.39,783.57,4.81,67.13,12.39,2.98,43.51,0.738,14.08,3.94,LANE_A,18685.0,-22.4,89.1,CRUISE_LOITER,0.94,1,461.0,0.22,3.5,0.07,0.5,0.53,0.47,0.0,-1.82,0.03,1.04,-0.12,0.02,0.016,-0.02,0.2556,0
10.65,5133.3,2112.5,72.1,87.25,93.18,86.81,89.57,779.53,788.97,779.44,787.07,4.85,67.14,12.46,3.0,43.53,0.714,14.14,4.05,LANE_A,18686.0,-22.4,89.1,CRUISE_LOITER,0.93,1,458.0,0.05,3.48,0.11,0.37,-0.86,3.58,-2.95,1.68,0.07,1.05,-0.05,0.04,-0.008,0.04,0.2565,0
10.700000000000001,5147.6,2118.4,72.2,87.28,93.31,86.85,88.94,781.23,789.05,782.77,786.66,4.79,66.86,12.62,2.98,43.42,0.709,14.11,4.07,LANE_A,18687.0,-22.4,89.1,CRUISE_LOITER,0.93,1,455.0,0.08,3.61,0.15,-0.26,0.84,3.66,0.38,1.27,0.01,0.78,0.11,-0.07,-0.013,0.01,0.2625,0
10.75,5155.1,2121.5,72.5,87.19,93.64,86.87,89.66,781.16,787.53,782.19,787.89,4.74,67.11,12.43,3.0,43.47,0.729,14.08,4.23,LANE_A,18688.0,-22.4,89.1,CRUISE_LOITER,0.93,1,452.0,-0.01,3.94,0.17,0.46,0.78,2.15,-0.19,2.51,-0.04,1.03,-0.08,-0.02,0.007,-0.02,0.2828,0
10.8,5137.7,2114.3,72.0,87.03,93.74,86.88,89.77,778.65,789.47,783.49,783.78,4.82,67.08,12.46,3.02,43.49,0.707,14.07,3.98,LANE_A,18689.0,-22.4,89.1,CRUISE_LOITER,0.92,1,449.0,-0.16,4.05,0.19,0.58,-1.73,4.09,1.11,-1.6,0.04,1.0,-0.05,0.0,-0.015,-0.03,0.2902,0
10.850000000000001,5149.5,2119.2,72.5,87.35,94.23,86.77,89.65,781.17,789.83,782.32,785.44,4.73,67.03,12.64,3.02,43.34,0.694,14.09,4.22,LANE_A,18690.0,-22.4,89.1,CRUISE_LOITER,0.92,1,446.0,0.16,4.54,0.08,0.46,0.79,4.45,-0.06,0.06,-0.05,0.95,0.13,-0.15,-0.028,-0.01,0.3183,0
10.9,5140.8,2115.5,72.4,87.4,94.33,86.62,89.49,781.51,787.95,781.81,782.57,4.77,67.34,12.65,2.98,43.71,0.757,14.11,4.16,LANE_A,18691.0,-22.4,89.1,CRUISE_LOITER,0.91,1,443.0,0.21,4.64,-0.07,0.3,1.13,2.57,-0.57,-2.81,-0.01,1.27,0.14,0.22,0.035,0.01,0.3238,0
10.950000000000001,5157.8,2122.6,72.0,87.44,94.53,86.65,89.44,781.98,788.97,782.97,785.11,4.79,67.5,12.45,3.01,43.65,0.718,14.08,4.1,LANE_A,18692.0,-22.4,89.1,CRUISE_LOITER,0.91,1,440.0,0.25,4.84,-0.04,0.25,1.6,3.59,0.59,-0.27,0.01,1.43,-0.06,0.17,-0.004,-0.02,0.3348,0
11.0,5178.5,2131.1,72.4,87.09,94.75,86.47,89.42,778.58,789.75,781.66,785.55,4.77,67.49,12.52,2.97,43.53,0.741,14.13,4.01,LANE_A,18692.0,-22.4,89.1,CRUISE_LOITER,0.9,1,437.0,-0.09,5.07,-0.21,0.24,-1.8,4.37,-0.72,0.17,-0.01,1.42,0.01,0.05,0.019,0.03,0.3478,0
11.05,5172.5,2128.6,72.7,87.59,94.99,86.81,89.66,778.53,790.07,784.43,786.93,4.77,67.86,12.67,3.0,43.37,0.723,14.07,4.07,LANE_A,18693.0,-22.4,89.1,CRUISE_LOITER,0.9,1,434.0,0.41,5.31,0.13,0.48,-1.85,4.69,2.05,1.55,-0.01,1.79,0.16,-0.11,0.001,-0.03,0.3617,0
11.100000000000001,5134.7,2113.0,72.1,87.27,95.64,86.52,89.73,783.66,789.17,780.3,786.88,4.74,67.92,12.42,3.02,43.42,0.712,14.09,4.01,LANE_A,18694.0,-22.4,89.1,CRUISE_LOITER,0.89,1,431.0,0.09,5.96,-0.16,0.55,3.28,3.79,-2.08,1.5,-0.04,1.86,-0.09,-0.06,-0.01,-0.01,0.3953,0
11.15,5162.0,2124.3,72.2,87.32,95.79,86.4,89.78,779.02,790.83,782.38,785.59,4.77,67.75,12.45,2.98,43.41,0.683,14.1,3.87,LANE_A,18695.0,-22.4,89.1,CRUISE_LOITER,0.89,1,428.0,0.15,6.12,-0.27,0.61,-1.35,5.46,0.01,0.22,-0.01,1.69,-0.06,-0.07,-0.039,0.0,0.4031,0
11.200000000000001,5138.1,2114.4,72.5,87.05,96.16,87.08,89.67,780.67,788.2,781.91,784.68,4.8,67.68,12.64,3.0,43.27,0.719,14.11,4.24,LANE_A,18696.0,-22.4,89.1,CRUISE_LOITER,0.88,1,425.0,-0.12,6.49,0.41,0.5,0.3,2.83,-0.46,-0.69,0.02,1.62,0.13,-0.21,-0.003,0.01,0.4203,0
11.25,5162.6,2124.5,72.2,86.81,96.31,86.58,89.48,780.29,789.81,784.0,783.48,4.72,68.09,12.56,3.05,43.6,0.75,14.09,3.91,LANE_A,18697.0,-22.4,89.1,CRUISE_LOITER,0.88,1,422.0,-0.36,6.64,-0.09,0.31,-0.08,4.44,1.63,-1.89,-0.06,2.03,0.05,0.12,0.028,-0.01,0.4286,0
11.3,5153.8,2120.9,72.2,87.04,96.2,86.58,90.16,779.81,790.23,780.32,785.93,4.79,67.72,12.65,2.98,43.51,0.718,14.05,4.01,LANE_A,18698.0,-22.4,89.1,CRUISE_LOITER,0.87,1,419.0,-0.13,6.53,-0.09,0.99,-0.56,4.86,-2.05,0.56,0.01,1.67,0.14,0.03,-0.004,-0.05,0.4233,0
11.350000000000001,5158.8,2123.0,72.5,87.31,96.84,86.49,89.95,780.26,788.0,782.56,782.91,4.79,67.99,12.5,3.03,43.62,0.703,14.11,4.23,LANE_A,18699.0,-22.4,89.1,CRUISE_LOITER,0.87,1,416.0,0.15,7.18,-0.17,0.79,-0.11,2.63,0.19,-2.46,0.01,1.94,-0.01,0.15,-0.019,0.01,0.4532,0
11.4,5135.9,2113.6,72.3,86.91,96.88,86.69,89.71,780.41,790.85,781.62,787.6,4.78,68.07,12.57,2.99,43.43,0.708,14.13,4.04,LANE_A,18699.0,-22.4,89.1,CRUISE_LOITER,0.86,1,413.0,-0.25,7.22,0.03,0.55,0.04,5.48,-0.75,2.23,0.0,2.02,0.06,-0.04,-0.014,0.03,0.4556,0
11.450000000000001,5148.4,2118.7,72.4,87.16,97.36,86.69,89.87,782.35,790.08,783.23,786.24,4.83,68.12,12.46,2.99,43.41,0.733,14.09,4.02,LANE_A,18700.0,-22.4,89.1,CRUISE_LOITER,0.86,1,410.0,0.0,7.7,0.03,0.71,1.98,4.71,0.86,0.87,0.05,2.07,-0.05,-0.06,0.011,-0.01,0.4769,0
11.5,5147.3,2118.2,72.4,86.73,97.54,86.71,89.58,777.84,787.44,784.17,784.09,4.77,68.13,12.52,3.02,43.32,0.702,14.1,4.17,LANE_A,18701.0,-22.4,89.1,CRUISE_LOITER,0.85,1,407.0,-0.42,7.89,0.06,0.43,-2.52,2.08,1.81,-1.27,-0.01,2.09,0.01,-0.15,-0.02,0.0,0.4846,0
11.55,5155.3,2121.5,72.3,87.47,97.56,86.77,90.53,780.58,790.3,783.43,783.69,4.77,67.83,12.53,3.02,43.39,0.748,14.11,3.95,LANE_A,18702.0,-22.4,89.1,CRUISE_LOITER,0.85,1,404.0,0.32,7.91,0.12,1.38,0.22,4.94,1.07,-1.67,-0.01,1.79,0.02,-0.08,0.026,0.01,0.4861,0
11.600000000000001,5163.7,2125.0,72.2,87.21,97.7,86.77,89.92,781.48,789.37,782.52,785.69,4.74,68.31,12.5,3.01,43.56,0.731,14.08,4.06,LANE_A,18703.0,-22.4,89.1,CRUISE_LOITER,0.85,1,401.0,0.06,8.05,0.12,0.77,1.12,4.01,0.16,0.33,-0.04,2.27,-0.01,0.09,0.009,-0.02,0.4918,0
11.65,5162.3,2124.4,72.3,86.93,98.21,86.68,89.98,781.22,789.47,782.35,785.18,4.83,68.32,12.45,2.98,43.23,0.714,14.15,4.11,LANE_A,18704.0,-22.4,89.2,CRUISE_LOITER,0.84,1,398.0,-0.22,8.56,0.03,0.83,0.86,4.11,-0.01,-0.18,0.05,2.28,-0.06,-0.24,-0.008,0.05,0.5131,0
11.700000000000001,5150.5,2119.5,72.5,87.05,98.49,86.36,90.23,778.83,791.35,781.96,785.19,4.76,68.49,12.4,3.02,43.56,0.709,14.08,3.83,LANE_A,18705.0,-22.4,89.2,CRUISE_LOITER,0.84,1,395.0,-0.09,8.85,-0.28,1.09,-1.53,5.99,-0.4,-0.17,-0.02,2.46,-0.11,0.09,-0.013,-0.02,0.5253,0
11.75,5166.3,2126.1,72.3,87.05,98.64,86.63,90.11,780.03,790.15,782.52,785.01,4.75,68.44,12.6,3.03,43.64,0.716,14.09,4.08,LANE_A,18706.0,-22.4,89.2,CRUISE_LOITER,0.83,1,392.0,-0.09,9.0,-0.01,0.97,-0.33,4.79,0.16,-0.35,-0.03,2.41,0.09,0.18,-0.006,-0.01,0.5308,0
11.8,5135.4,2113.3,72.4,87.25,99.09,86.71,90.19,778.37,792.42,782.44,785.86,4.75,68.38,12.41,3.01,43.46,0.711,14.1,3.86,LANE_A,18706.0,-22.4,89.2,CRUISE_LOITER,0.83,1,389.0,0.11,9.45,0.07,1.05,-1.99,7.06,0.08,0.5,-0.03,2.35,-0.1,0.0,-0.011,0.0,0.5485,0
11.850000000000001,5151.0,2119.7,72.3,87.06,99.34,87.03,90.1,780.97,790.68,784.32,788.54,4.81,68.36,12.59,3.0,43.83,0.714,14.08,4.0,LANE_A,18707.0,-22.4,89.2,CRUISE_LOITER,0.82,1,386.0,-0.07,9.71,0.4,0.97,0.61,5.32,1.96,3.18,0.03,2.34,0.08,0.37,-0.008,-0.02,0.558,0
11.9,5169.7,2127.4,72.3,87.29,99.52,87.01,89.72,783.05,790.9,782.1,784.93,4.78,68.51,12.52,3.0,43.34,0.724,14.09,4.16,LANE_A,18708.0,-22.4,89.2,CRUISE_LOITER,0.82,1,383.0,0.16,9.89,0.38,0.59,2.7,5.55,-0.25,-0.42,0.0,2.49,0.02,-0.12,0.002,-0.01,0.5644,0
11.950000000000001,5159.3,2123.2,72.5,87.14,99.39,86.93,89.85,781.31,791.44,782.3,785.93,4.81,68.64,12.45,3.01,43.41,0.698,14.1,3.98,LANE_A,18709.0,-22.4,89.2,CRUISE_LOITER,0.81,1,380.0,0.01,9.76,0.3,0.72,0.96,6.09,-0.05,0.58,0.03,2.62,-0.05,-0.05,-0.024,0.0,0.5599,0
12.0,5155.9,2121.8,72.5,86.73,99.98,86.43,90.11,780.7,792.52,783.93,783.75,4.77,68.67,12.58,2.98,43.44,0.76,14.11,4.07,LANE_A,18710.0,-22.4,89.2,CRUISE_LOITER,0.81,1,377.0,-0.4,10.35,-0.2,0.98,0.35,7.17,1.58,-1.6,-0.01,2.65,0.08,-0.02,0.038,0.01,0.5814,0
12.05,5138.1,2114.5,72.3,87.03,99.84,86.95,90.19,779.29,791.34,781.34,785.63,4.75,68.82,12.69,3.01,43.52,0.674,14.14,4.0,LANE_A,18711.0,-22.4,89.2,CRUISE_LOITER,0.8,1,374.0,-0.09,10.22,0.33,1.07,-1.06,5.99,-1.01,0.28,-0.03,2.81,0.19,0.06,-0.048,0.04,0.5769,0
12.100000000000001,5157.9,2122.6,72.6,86.91,100.54,86.78,90.09,779.21,791.2,782.48,785.8,4.75,68.75,12.49,2.98,43.31,0.717,14.07,4.11,LANE_A,18712.0,-22.4,89.2,CRUISE_LOITER,0.8,1,371.0,-0.21,10.92,0.16,0.97,-1.14,5.85,0.13,0.45,-0.03,2.74,-0.01,-0.15,-0.005,-0.03,0.6005,0
12.15,5153.7,2120.9,72.3,87.05,100.84,86.78,90.33,778.74,792.53,782.22,785.11,4.74,68.92,12.56,2.99,43.58,0.724,14.09,4.16,LANE_A,18712.0,-22.4,89.2,CRUISE_LOITER,0.79,1,368.0,-0.07,11.22,0.16,1.21,-1.61,7.18,-0.13,-0.24,-0.04,2.91,0.06,0.13,0.002,-0.01,0.6108,0
12.200000000000001,5137.0,2114.0,72.2,87.24,100.92,86.51,90.38,779.91,790.75,782.53,784.11,4.76,68.74,12.51,2.99,43.55,0.733,14.07,3.99,LANE_A,18713.0,-22.4,89.2,CRUISE_LOITER,0.79,1,365.0,0.12,11.3,-0.11,1.26,-0.44,5.4,0.18,-1.24,-0.02,2.73,0.01,0.1,0.011,-0.03,0.613,0
12.25,5158.9,2123.0,72.4,87.06,101.17,86.52,90.32,782.09,791.3,782.95,784.08,4.76,68.96,12.41,2.99,43.37,0.703,14.1,4.08,LANE_A,18714.0,-22.4,89.2,CRUISE_LOITER,0.78,1,362.0,-0.05,11.56,-0.09,1.21,1.75,5.96,0.61,-1.26,-0.02,2.96,-0.09,-0.08,-0.019,0.0,0.6215,0
12.3,5168.0,2126.8,72.8,86.87,101.09,86.42,90.17,780.09,790.58,781.92,785.67,4.79,69.06,12.63,3.0,43.45,0.741,14.12,3.9,LANE_A,18715.0,-22.4,89.2,CRUISE_LOITER,0.78,1,359.0,-0.24,11.48,-0.19,1.06,-0.25,5.24,-0.42,0.33,0.01,3.06,0.13,0.0,0.019,0.02,0.6188,0
12.350000000000001,5154.9,2121.3,72.2,87.13,101.23,86.54,90.19,780.47,791.46,780.54,785.25,4.74,69.16,12.63,2.97,43.47,0.704,14.08,4.23,LANE_A,18716.0,-22.4,89.2,CRUISE_LOITER,0.77,1,356.0,0.02,11.62,-0.07,1.08,0.13,6.12,-1.8,-0.09,-0.04,3.16,0.13,0.02,-0.018,-0.02,0.6235,0
12.4,5157.7,2122.5,71.9,86.95,101.86,86.79,90.44,780.07,791.83,780.76,786.06,4.82,68.91,12.42,3.01,43.55,0.724,14.11,4.09,LANE_A,18717.0,-22.4,89.2,CRUISE_LOITER,0.77,1,353.0,-0.15,12.26,0.19,1.34,-0.27,6.49,-1.58,0.72,0.04,2.91,-0.08,0.1,0.002,0.01,0.643,0
12.450000000000001,5163.3,2124.8,72.6,87.36,101.98,86.61,90.11,780.3,793.71,781.03,785.34,4.77,69.4,12.58,2.99,43.38,0.728,14.06,3.92,LANE_A,18718.0,-22.4,89.2,CRUISE_LOITER,0.77,1,350.0,0.26,12.38,0.01,1.01,-0.04,8.37,-1.31,0.0,-0.01,3.41,0.08,-0.07,0.006,-0.04,0.647,0
12.5,5165.0,2125.5,72.5,87.1,102.36,87.03,90.25,779.19,793.66,781.0,786.6,4.81,69.41,12.58,2.99,43.38,0.723,14.13,4.03,LANE_A,18719.0,-22.4,89.2,CRUISE_LOITER,0.76,1,347.0,0.0,12.76,0.43,1.15,-1.15,8.32,-1.34,1.26,0.03,3.42,0.08,-0.07,0.001,0.03,0.6581,1
12.55,5160.4,2123.6,72.4,87.0,102.38,86.48,90.55,780.6,794.55,781.31,786.57,4.75,69.32,12.51,2.99,43.5,0.722,14.1,3.9,LANE_A,18719.0,-22.4,89.2,CRUISE_LOITER,0.76,1,344.0,-0.1,12.78,-0.12,1.45,0.26,9.21,-1.03,1.23,-0.03,3.33,0.01,0.05,0.0,0.0,0.6588,1
12.600000000000001,5126.4,2109.6,72.2,87.19,102.58,86.32,90.67,780.1,794.4,782.15,784.92,4.81,69.62,12.45,2.95,43.35,0.743,14.11,4.09,LANE_A,18720.0,-22.4,89.2,CRUISE_LOITER,0.75,1,341.0,0.1,12.99,-0.27,1.58,-0.24,9.06,-0.19,-0.42,0.03,3.63,-0.05,-0.09,0.021,0.01,0.6649,1
12.65,5159.9,2123.4,72.1,87.0,103.23,86.88,90.37,779.39,793.5,781.78,786.42,4.79,69.52,12.52,2.97,43.39,0.73,14.11,4.22,LANE_A,18721.0,-22.4,89.3,CRUISE_LOITER,0.75,1,338.0,-0.09,13.64,0.29,1.28,-0.94,8.17,-0.55,1.09,0.01,3.54,0.02,-0.05,0.008,0.01,0.6823,1
12.700000000000001,5168.1,2126.8,72.5,86.85,103.28,86.67,90.31,780.84,795.22,782.63,786.48,4.78,69.42,12.48,3.02,43.31,0.72,14.11,4.15,LANE_A,18722.0,-22.4,89.3,CRUISE_LOITER,0.74,1,335.0,-0.24,13.69,0.08,1.22,0.51,9.89,0.3,1.15,0.0,3.44,-0.02,-0.13,-0.002,0.01,0.6838,1
12.75,5156.8,2122.1,72.4,87.3,103.61,86.58,90.35,780.92,792.83,784.16,784.6,4.77,69.47,12.42,2.99,43.51,0.717,14.12,3.98,LANE_A,18723.0,-22.4,89.3,CRUISE_LOITER,0.74,1,332.0,0.22,14.03,0.0,1.27,0.59,7.5,1.83,-0.73,-0.01,3.49,-0.08,0.07,-0.005,0.02,0.6923,1
12.8,5150.7,2119.6,72.1,86.9,103.64,86.61,90.22,780.42,792.66,783.59,786.91,4.81,69.37,12.52,3.03,43.58,0.722,14.12,3.9,LANE_A,18724.0,-22.4,89.3,CRUISE_LOITER,0.73,1,329.0,-0.18,14.06,0.03,1.14,0.09,7.33,1.26,1.58,0.03,3.39,0.02,0.14,0.0,0.02,0.693,1
12.850000000000001,5163.8,2125.0,72.6,87.09,104.19,86.48,90.71,778.3,793.77,784.28,784.0,4.77,69.61,12.51,2.99,43.33,0.738,14.09,4.14,LANE_A,18725.0,-22.4,89.3,CRUISE_LOITER,0.73,1,326.0,0.01,14.61,-0.1,1.63,-2.03,8.44,1.95,-1.33,-0.01,3.64,0.01,-0.11,0.016,-0.01,0.7072,1
12.9,5155.8,2121.7,72.8,86.69,104.82,86.91,90.72,778.92,794.43,783.0,784.64,4.81,69.79,12.43,2.99,43.52,0.72,14.1,4.1,LANE_A,18726.0,-22.5,89.3,CRUISE_LOITER,0.72,1,323.0,-0.39,15.24,0.33,1.64,-1.41,9.1,0.67,-0.69,0.03,3.82,-0.07,0.08,-0.002,0.0,0.7223,1
12.950000000000001,5136.0,2113.6,72.4,86.91,104.46,86.46,90.61,778.93,793.88,783.37,784.99,4.77,69.95,12.42,2.97,43.47,0.725,14.12,4.12,LANE_A,18726.0,-22.5,89.3,CRUISE_LOITER,0.72,1,320.0,-0.16,14.89,-0.11,1.54,-1.4,8.55,1.04,-0.34,-0.01,3.98,-0.08,0.03,0.003,0.02,0.714,1
13.0,5159.7,2123.3,72.3,87.52,104.77,86.93,90.36,781.92,792.97,782.54,786.09,4.77,69.77,12.41,3.0,43.31,0.699,14.07,3.92,LANE_A,18727.0,-22.5,89.3,CRUISE_LOITER,0.71,1,317.0,0.45,15.2,0.36,1.29,1.59,7.64,0.21,0.76,-0.01,3.8,-0.09,-0.12,-0.023,-0.03,0.7211,1
13.05,5174.4,2129.4,72.4,87.29,104.89,86.44,90.92,779.82,795.72,782.92,786.13,4.81,70.0,12.37,3.03,43.37,0.717,14.1,3.85,LANE_A,18728.0,-22.5,89.3,CRUISE_LOITER,0.71,1,314.0,0.22,15.32,-0.13,1.85,-0.5,10.4,0.6,0.81,0.03,4.04,-0.13,-0.06,-0.005,0.0,0.7244,1
13.100000000000001,5148.8,2118.9,72.2,86.97,105.44,86.6,90.77,780.33,795.26,781.49,783.21,4.78,70.08,12.47,2.99,43.59,0.72,14.1,4.09,LANE_A,18729.0,-22.5,89.3,CRUISE_LOITER,0.7,1,311.0,-0.09,15.88,0.04,1.71,0.01,9.94,-0.83,-2.11,0.0,4.12,-0.03,0.16,-0.002,0.0,0.7369,1
13.15,5156.5,2122.0,72.4,87.08,105.49,86.36,90.54,782.12,796.13,781.44,783.6,4.84,70.22,12.58,3.0,43.63,0.725,14.12,4.32,LANE_A,18730.0,-22.5,89.3,CRUISE_LOITER,0.7,1,308.0,0.02,15.93,-0.2,1.48,1.8,10.81,-0.88,-1.72,0.06,4.26,0.08,0.2,0.003,0.02,0.7382,1
13.200000000000001,5167.6,2126.6,72.3,86.53,105.76,86.47,90.89,779.82,795.36,782.1,786.05,4.75,70.34,12.54,3.01,43.24,0.717,14.13,4.23,LANE_A,18731.0,-22.5,89.3,CRUISE_LOITER,0.7,1,305.0,-0.53,16.2,-0.09,1.83,-0.5,10.04,-0.22,0.73,-0.03,4.38,0.04,-0.19,-0.005,0.03,0.744,1
13.25,5168.4,2126.9,72.4,87.13,105.86,86.46,91.18,781.43,796.7,782.64,785.22,4.82,70.57,12.46,2.99,43.59,0.742,14.11,4.21,LANE_A,18732.0,-22.5,89.3,CRUISE_LOITER,0.69,1,302.0,0.07,16.3,-0.1,2.12,1.11,11.38,0.32,-0.1,0.04,4.62,-0.04,0.16,0.02,0.01,0.7465,1
13.3,5147.0,2118.1,72.3,87.48,106.27,86.63,90.83,779.73,796.99,785.11,786.22,4.77,70.33,12.53,2.98,43.34,0.703,14.1,3.97,LANE_A,18733.0,-22.5,89.3,CRUISE_LOITER,0.69,1,299.0,0.43,16.72,0.08,1.78,-0.59,11.67,2.79,0.9,-0.01,4.38,0.03,-0.09,-0.019,0.0,0.755,1
13.350000000000001,5152.1,2120.2,72.2,87.18,106.32,86.27,90.79,779.78,795.41,782.34,786.71,4.74,70.38,12.64,3.03,43.47,0.687,14.08,3.88,LANE_A,18733.0,-22.5,89.3,CRUISE_LOITER,0.68,1,296.0,0.13,16.77,-0.28,1.74,-0.54,10.09,0.02,1.39,-0.04,4.43,0.14,0.04,-0.035,-0.02,0.7559,1
13.4,5136.7,2113.9,71.9,86.8,106.63,86.39,90.74,778.62,795.73,780.08,782.96,4.78,70.22,12.54,3.02,43.59,0.72,14.07,3.93,LANE_A,18734.0,-22.5,89.3,CRUISE_LOITER,0.68,1,293.0,-0.25,17.08,-0.16,1.69,-1.69,10.42,-2.23,-2.35,0.0,4.28,0.04,0.17,-0.002,-0.03,0.7621,1
13.450000000000001,5165.5,2125.7,72.5,87.21,106.77,86.27,90.89,781.75,796.08,781.41,786.64,4.83,70.46,12.37,2.99,43.43,0.729,14.13,4.03,LANE_A,18735.0,-22.5,89.3,CRUISE_LOITER,0.67,1,290.0,0.16,17.22,-0.28,1.84,1.44,10.77,-0.9,1.33,0.05,4.52,-0.13,0.01,0.007,0.03,0.765,1
13.5,5148.5,2118.7,72.2,87.02,107.34,86.58,91.09,780.57,794.16,783.63,787.32,4.78,70.72,12.64,3.01,43.42,0.72,14.08,4.06,LANE_A,18736.0,-22.5,89.3,CRUISE_LOITER,0.67,1,287.0,-0.02,17.8,0.04,2.05,0.26,8.85,1.32,2.01,0.0,4.78,0.14,0.0,-0.002,-0.02,0.776,1
13.55,5160.0,2123.4,72.3,86.79,107.48,86.33,90.79,782.52,795.29,782.31,785.46,4.8,70.79,12.53,3.0,43.47,0.709,14.1,4.03,LANE_A,18737.0,-22.5,89.3,CRUISE_LOITER,0.66,1,284.0,-0.25,17.94,-0.21,1.75,2.21,9.98,0.0,0.15,0.02,4.85,0.03,0.05,-0.013,0.0,0.7787,1
13.600000000000001,5159.5,2123.2,72.2,87.0,107.97,86.42,90.89,780.33,796.21,781.01,783.07,4.74,70.65,12.51,3.0,43.25,0.718,14.12,3.92,LANE_A,18738.0,-22.5,89.3,CRUISE_LOITER,0.66,1,281.0,-0.04,18.43,-0.12,1.85,0.02,10.9,-1.3,-2.24,-0.04,4.72,0.01,-0.17,-0.004,0.02,0.7876,1
13.65,5147.6,2118.3,72.5,87.03,108.07,86.16,90.55,782.35,797.34,781.68,784.15,4.75,70.74,12.45,3.03,43.27,0.76,14.1,3.91,LANE_A,18739.0,-22.5,89.3,CRUISE_LOITER,0.65,1,278.0,0.0,18.54,-0.37,1.52,2.04,12.03,-0.63,-1.16,-0.03,4.81,-0.05,-0.15,0.038,0.0,0.7896,1
13.700000000000001,5156.3,2121.9,72.4,87.11,108.25,86.3,90.56,781.5,799.07,782.4,784.12,4.79,70.95,12.6,3.0,43.4,0.729,14.08,4.04,LANE_A,18740.0,-22.5,89.4,CRUISE_LOITER,0.65,1,275.0,0.08,18.72,-0.23,1.53,1.19,13.76,0.09,-1.19,0.01,5.02,0.1,-0.02,0.007,-0.02,0.7929,1
13.75,5153.3,2120.7,72.5,86.92,108.86,86.72,90.89,777.96,797.94,780.22,784.13,4.72,70.95,12.52,3.02,43.34,0.724,14.1,3.99,LANE_A,18740.0,-22.5,89.4,CRUISE_LOITER,0.64,1,272.0,-0.11,19.33,0.19,1.86,-2.35,12.63,-2.09,-1.18,-0.06,5.02,0.02,-0.08,0.002,0.0,0.8032,1
13.8,5139.5,2115.0,72.7,86.9,108.71,86.63,91.16,779.2,797.0,779.9,781.69,4.79,71.0,12.52,2.99,43.53,0.714,14.13,4.01,LANE_A,18741.0,-22.5,89.4,CRUISE_LOITER,0.64,1,269.0,-0.13,19.18,0.1,2.13,-1.1,11.7,-2.4,-3.61,0.01,5.08,0.02,0.11,-0.009,0.03,0.8007,1
13.850000000000001,5162.0,2124.3,72.8,87.16,109.45,86.58,90.82,781.84,797.76,781.43,786.21,4.76,71.28,12.53,2.96,43.5,0.701,14.08,4.05,LANE_A,18742.0,-22.5,89.4,CRUISE_LOITER,0.63,1,266.0,0.14,19.93,0.06,1.8,1.54,12.46,-0.87,0.91,-0.02,5.36,0.03,0.09,-0.022,-0.02,0.8128,1
13.9,5162.9,2124.7,72.6,87.2,109.29,86.51,91.32,780.8,797.5,782.5,786.05,4.76,70.83,12.47,2.96,43.25,0.737,14.11,3.87,LANE_A,18743.0,-22.5,89.4,CRUISE_LOITER,0.63,1,263.0,0.18,19.77,-0.01,2.3,0.5,12.2,0.2,0.75,-0.02,4.91,-0.03,-0.16,0.014,0.01,0.8102,1
13.950000000000001,5157.9,2122.6,72.4,86.88,109.4,86.61,91.2,780.6,795.95,783.17,785.02,4.74,71.16,12.5,2.98,43.29,0.717,14.1,3.91,LANE_A,18744.0,-22.5,89.4,CRUISE_LOITER,0.62,1,260.0,-0.14,19.88,0.09,2.18,0.3,10.65,0.87,-0.28,-0.04,5.24,0.01,-0.12,-0.006,0.0,0.8119,1
14.0,5153.9,2120.9,72.2,86.98,109.43,86.6,91.27,779.04,797.53,782.65,786.25,4.85,71.29,12.36,2.99,43.27,0.729,14.1,4.13,LANE_A,18745.0,-22.5,89.4,CRUISE_LOITER,0.62,1,257.0,-0.03,19.92,0.09,2.26,-1.26,12.23,0.35,0.95,0.07,5.38,-0.13,-0.14,0.006,0.0,0.8128,1
14.05,5163.5,2124.9,72.4,87.02,109.79,86.76,90.54,781.12,797.91,782.95,785.48,4.75,71.46,12.41,3.0,43.59,0.733,14.09,4.09,LANE_A,18746.0,-22.5,89.4,CRUISE_LOITER,0.62,1,254.0,0.01,20.28,0.25,1.53,0.82,12.61,0.65,0.18,-0.03,5.55,-0.08,0.18,0.01,-0.01,0.8182,1
14.100000000000001,5145.0,2117.3,72.5,86.87,110.06,86.3,90.77,781.98,798.01,782.43,786.75,4.8,71.18,12.48,2.98,43.1,0.727,14.05,4.21,LANE_A,18747.0,-22.5,89.4,CRUISE_LOITER,0.61,1,251.0,-0.14,20.55,-0.21,1.76,1.68,12.71,0.13,1.45,0.02,5.27,-0.01,-0.31,0.004,-0.05,0.8222,1
14.15,5135.9,2113.5,72.7,87.32,110.4,86.81,91.31,780.93,798.15,784.16,785.99,4.72,71.6,12.39,2.98,43.37,0.715,14.11,4.11,LANE_A,18747.0,-22.5,89.4,CRUISE_LOITER,0.61,1,248.0,0.31,20.89,0.3,2.3,0.64,12.86,1.87,0.7,-0.06,5.69,-0.1,-0.04,-0.008,0.01,0.8274,1
14.200000000000001,5155.0,2121.4,72.2,87.15,110.59,86.43,91.22,780.74,799.01,783.68,783.7,4.79,71.43,12.36,3.0,43.41,0.722,14.11,3.94,LANE_A,18748.0,-22.5,89.4,CRUISE_LOITER,0.6,1,245.0,0.15,21.09,-0.07,2.22,0.45,13.72,1.39,-1.59,0.01,5.53,-0.13,0.0,-0.001,0.01,0.8303,1
14.25,5155.8,2121.7,72.3,86.48,111.2,86.64,91.21,780.04,798.84,784.15,784.56,4.73,71.45,12.51,3.0,43.64,0.746,14.09,4.04,LANE_A,18749.0,-22.5,89.4,CRUISE_LOITER,0.6,1,242.0,-0.52,21.7,0.14,2.21,-0.25,13.55,1.86,-0.73,-0.05,5.55,0.02,0.24,0.023,-0.01,0.8387,1
14.3,5148.0,2118.5,72.6,86.9,111.23,86.82,91.05,779.99,798.52,783.19,784.41,4.75,71.79,12.42,3.0,43.46,0.753,14.1,4.06,LANE_A,18750.0,-22.5,89.4,CRUISE_LOITER,0.59,1,239.0,-0.1,21.73,0.32,2.05,-0.3,13.23,0.9,-0.88,-0.03,5.89,-0.07,0.06,0.03,0.0,0.8391,1
14.350000000000001,5150.1,2119.4,72.4,86.92,111.2,86.64,91.32,782.55,798.61,781.15,784.73,4.76,71.75,12.4,2.98,43.37,0.705,14.13,4.04,LANE_A,18751.0,-22.5,89.4,CRUISE_LOITER,0.59,1,236.0,-0.08,21.7,0.14,2.32,2.26,13.32,-1.14,-0.56,-0.02,5.85,-0.09,-0.03,-0.018,0.03,0.8388,1
14.4,5153.3,2120.7,72.4,87.01,112.01,86.7,91.19,778.65,798.07,783.92,787.13,4.75,71.85,12.49,3.01,43.37,0.719,14.13,3.99,LANE_A,18752.0,-22.5,89.4,CRUISE_LOITER,0.58,1,233.0,0.02,22.52,0.21,2.2,-1.64,12.78,1.63,1.84,-0.03,5.96,0.0,-0.03,-0.004,0.03,0.8494,1
14.450000000000001,5174.2,2129.3,72.2,87.1,111.81,86.42,91.3,781.07,797.79,783.1,784.43,4.79,71.96,12.69,3.01,43.47,0.704,14.09,4.13,LANE_A,18753.0,-22.5,89.4,CRUISE_LOITER,0.58,1,230.0,0.11,22.32,-0.07,2.31,0.78,12.5,0.81,-0.86,0.01,6.07,0.2,0.07,-0.019,-0.01,0.8469,1
14.5,5157.3,2122.4,71.9,86.59,112.32,86.65,91.54,780.88,801.04,782.47,785.76,4.77,71.84,12.45,3.01,43.46,0.712,14.1,4.09,LANE_A,18754.0,-22.5,89.4,CRUISE_LOITER,0.57,1,227.0,-0.4,22.83,0.16,2.55,0.59,15.75,0.18,0.47,-0.01,5.95,-0.04,0.06,-0.011,0.0,0.8534,1
14.55,5172.0,2128.4,72.6,86.91,112.69,86.34,91.45,780.26,798.62,781.5,783.83,4.83,71.91,12.47,2.97,43.38,0.71,14.11,3.89,LANE_A,18754.0,-22.5,89.4,CRUISE_LOITER,0.57,1,224.0,-0.07,23.21,-0.14,2.47,-0.02,13.34,-0.78,-1.45,0.05,6.02,-0.02,-0.02,-0.013,0.01,0.8579,1
14.600000000000001,5164.5,2125.3,72.6,86.87,112.59,86.4,91.19,783.26,799.89,782.73,786.18,4.78,72.21,12.39,3.0,43.3,0.727,14.09,4.06,LANE_A,18755.0,-22.5,89.4,CRUISE_LOITER,0.56,1,221.0,-0.11,23.11,-0.08,2.21,2.98,14.61,0.45,0.9,0.0,6.33,-0.1,-0.1,0.004,-0.01,0.8568,1
14.65,5163.9,2125.0,72.2,86.84,112.66,86.6,91.51,780.55,802.28,781.14,784.72,4.78,72.18,12.39,2.99,43.45,0.694,14.08,4.13,LANE_A,18756.0,-22.5,89.4,CRUISE_LOITER,0.56,1,218.0,-0.14,23.18,0.12,2.53,0.27,17.0,-1.14,-0.56,0.0,6.3,-0.1,0.06,-0.029,-0.02,0.8578,1
14.700000000000001,5162.8,2124.6,72.1,86.86,113.24,86.5,91.36,778.73,798.94,782.04,784.8,4.84,72.04,12.52,2.99,43.63,0.73,14.07,4.18,LANE_A,18757.0,-22.5,89.4,CRUISE_LOITER,0.55,1,215.0,-0.12,23.76,0.02,2.38,-1.55,13.66,-0.24,-0.48,0.06,6.16,0.03,0.24,0.007,-0.03,0.8643,1
14.75,5156.7,2122.1,72.4,87.36,113.6,85.99,91.52,779.47,800.49,781.33,783.78,4.78,71.95,12.41,3.0,43.54,0.714,14.1,4.16,LANE_A,18758.0,-22.5,89.5,CRUISE_LOITER,0.55,1,212.0,0.39,24.13,-0.48,2.55,-0.81,15.21,-0.95,-1.5,0.0,6.07,-0.08,0.15,-0.009,0.0,0.8685,1
14.8,5157.4,2122.4,72.6,87.16,113.87,86.41,91.27,780.72,798.71,783.43,784.8,4.74,72.32,12.61,3.0,43.55,0.704,14.1,4.03,LANE_A,18759.0,-22.5,89.5,CRUISE_LOITER,0.55,1,209.0,0.19,24.4,-0.06,2.3,0.44,13.43,1.15,-0.48,-0.04,6.45,0.12,0.16,-0.019,0.0,0.8713,1
14.850000000000001,5162.7,2124.6,72.1,86.91,113.9,86.47,91.95,779.38,798.7,783.26,784.17,4.77,72.66,12.49,2.96,43.73,0.741,14.11,4.01,LANE_A,18760.0,-22.5,89.5,CRUISE_LOITER,0.54,1,206.0,-0.06,24.43,0.0,2.98,-0.9,13.42,0.98,-1.11,-0.02,6.79,0.0,0.34,0.018,0.01,0.8718,1
14.9,5169.1,2127.2,72.2,86.97,114.06,86.49,91.84,779.52,801.13,783.12,784.04,4.75,72.19,12.39,3.0,43.47,0.72,14.11,4.01,LANE_A,18761.0,-22.5,89.5,CRUISE_LOITER,0.54,1,203.0,0.01,24.6,0.03,2.88,-0.76,15.85,0.84,-1.24,-0.04,6.32,-0.1,0.08,-0.003,0.01,0.8737,1
14.950000000000001,5154.5,2121.2,72.4,87.11,114.44,86.27,91.52,781.76,799.85,781.74,786.81,4.8,72.54,12.43,2.98,43.29,0.747,14.08,3.97,LANE_A,18761.0,-22.5,89.5,CRUISE_LOITER,0.53,1,200.0,0.15,24.98,-0.19,2.56,1.49,14.58,-0.53,1.54,0.01,6.67,-0.06,-0.1,0.024,-0.02,0.8775,1
15.0,5170.9,2127.9,72.6,86.89,114.87,86.23,91.3,781.19,801.63,779.52,784.42,4.72,72.34,12.48,3.0,43.21,0.731,14.11,4.15,LANE_A,18762.0,-22.5,89.5,CRUISE_LOITER,0.53,1,197.0,-0.07,25.41,-0.23,2.34,0.92,16.36,-2.75,-0.85,-0.07,6.48,-0.01,-0.18,0.008,0.01,0.8819,1
15.05,5147.6,2118.3,72.6,87.12,114.68,86.35,91.81,780.28,800.54,783.78,783.98,4.81,72.35,12.53,3.01,43.5,0.732,14.11,3.87,LANE_A,18763.0,-22.5,89.5,CRUISE_LOITER,0.52,1,194.0,0.16,25.22,-0.11,2.85,0.01,15.27,1.51,-1.29,0.02,6.49,0.04,0.11,0.009,0.01,0.88,1
15.100000000000001,5148.6,2118.8,72.7,87.0,115.31,86.43,91.8,781.56,800.3,781.88,785.24,4.83,72.56,12.54,3.0,43.47,0.695,14.08,3.99,LANE_A,18764.0,-22.5,89.5,CRUISE_LOITER,0.52,1,191.0,0.05,25.86,-0.02,2.85,1.29,15.03,-0.39,-0.03,0.04,6.7,0.05,0.09,-0.028,-0.02,0.8863,1
15.15,5155.8,2121.7,72.2,86.95,115.26,86.49,91.52,780.7,801.17,781.71,784.62,4.78,72.69,12.46,3.01,43.24,0.75,14.11,3.92,LANE_A,18765.0,-22.5,89.5,CRUISE_LOITER,0.51,1,188.0,0.0,25.81,0.04,2.57,0.43,15.9,-0.56,-0.65,-0.01,6.84,-0.03,-0.14,0.027,0.01,0.8858,1
15.200000000000001,5169.6,2127.4,72.4,86.84,115.47,86.33,91.47,780.26,800.11,781.47,786.69,4.79,72.78,12.56,3.03,43.23,0.729,14.11,3.88,LANE_A,18766.0,-22.5,89.5,CRUISE_LOITER,0.51,1,185.0,-0.11,26.02,-0.12,2.52,-0.01,14.84,-0.8,1.42,0.0,6.93,0.07,-0.15,0.006,0.01,0.8878,1
15.25,5144.5,2117.1,72.4,87.08,116.17,86.43,91.46,782.19,800.08,781.63,784.53,4.77,72.82,12.36,2.97,43.5,0.722,14.08,4.15,LANE_A,18767.0,-22.5,89.5,CRUISE_LOITER,0.5,1,182.0,0.13,26.72,-0.02,2.51,1.92,14.81,-0.64,-0.74,-0.02,6.97,-0.13,0.12,-0.001,-0.02,0.8941,1
15.3,5162.3,2124.4,72.8,86.88,116.15,86.61,91.83,781.01,801.33,778.75,786.94,4.79,72.75,12.45,2.99,43.44,0.723,14.08,3.95,LANE_A,18767.0,-22.5,89.5,CRUISE_LOITER,0.5,1,179.0,-0.06,26.71,0.17,2.89,0.75,16.07,-3.51,1.68,0.0,6.9,-0.04,0.06,0.0,-0.02,0.8941,1
15.350000000000001,5157.2,2122.3,72.3,86.64,116.14,86.38,91.7,781.08,803.55,781.24,786.21,4.75,73.13,12.58,3.01,43.54,0.714,14.11,4.0,LANE_A,18768.0,-22.5,89.5,CRUISE_LOITER,0.49,1,176.0,-0.3,26.7,-0.06,2.76,0.82,18.29,-1.02,0.95,-0.04,7.29,0.09,0.16,-0.009,0.01,0.8942,1
15.4,5181.8,2132.4,72.6,86.78,116.61,86.43,91.52,782.63,804.33,781.7,784.78,4.8,72.83,12.47,3.01,43.58,0.74,14.1,4.18,LANE_A,18769.0,-22.5,89.5,CRUISE_LOITER,0.49,1,173.0,-0.16,27.17,-0.01,2.58,2.37,19.07,-0.56,-0.48,0.01,6.99,-0.02,0.2,0.017,0.0,0.8982,1
15.450000000000001,5153.2,2120.7,72.5,86.92,116.78,86.5,91.83,780.26,801.53,781.09,787.27,4.85,72.93,12.41,3.0,43.07,0.709,14.09,4.0,LANE_A,18770.0,-22.5,89.5,CRUISE_LOITER,0.48,1,170.0,-0.01,27.35,0.07,2.9,0.0,16.27,-1.17,2.01,0.06,7.09,-0.08,-0.31,-0.014,-0.01,0.8997,1
15.5,5157.7,2122.5,72.7,86.75,117.31,86.78,91.98,780.1,800.28,784.26,786.25,4.76,73.04,12.38,2.99,43.51,0.714,14.1,4.03,LANE_A,18771.0,-22.5,89.5,CRUISE_LOITER,0.48,1,167.0,-0.18,27.88,0.35,3.05,-0.16,15.02,2.0,0.99,-0.03,7.2,-0.11,0.14,-0.009,0.0,0.904,1
15.55,5157.3,2122.3,72.7,86.77,117.28,86.28,91.71,780.95,801.53,782.67,785.61,4.78,73.08,12.37,3.01,43.41,0.719,14.09,4.1,LANE_A,18772.0,-22.5,89.5,CRUISE_LOITER,0.48,1,164.0,-0.16,27.85,-0.15,2.78,0.69,16.27,0.41,0.35,-0.01,7.25,-0.12,0.04,-0.004,-0.01,0.9038,1
15.600000000000001,5154.0,2121.0,72.6,87.05,117.79,86.41,91.84,781.34,802.11,782.06,783.53,4.71,73.24,12.59,2.98,43.22,0.72,14.05,4.04,LANE_A,18773.0,-22.5,89.5,CRUISE_LOITER,0.47,1,161.0,0.12,28.36,-0.02,2.91,1.08,16.85,-0.2,-1.73,-0.08,7.41,0.1,-0.15,-0.003,-0.05,0.9078,1
15.65,5174.8,2129.5,72.8,86.74,117.79,86.45,91.67,779.89,800.99,784.32,785.7,4.8,73.33,12.4,3.0,43.49,0.717,14.1,4.02,LANE_A,18774.0,-22.5,89.5,CRUISE_LOITER,0.47,1,158.0,-0.18,28.37,0.03,2.75,-0.37,15.73,2.06,0.44,0.01,7.5,-0.09,0.12,-0.006,0.0,0.9078,1
15.700000000000001,5149.1,2119.0,72.6,86.81,117.81,86.45,91.89,780.09,802.22,783.32,786.45,4.83,73.32,12.5,2.99,43.49,0.736,14.12,4.1,LANE_A,18774.0,-22.5,89.5,CRUISE_LOITER,0.46,1,155.0,-0.11,28.39,0.03,2.97,-0.16,16.97,1.07,1.2,0.04,7.49,0.01,0.12,0.013,0.02,0.9081,1
15.75,5162.9,2124.6,72.2,87.28,118.28,86.29,91.68,782.42,803.16,780.35,787.76,4.86,73.48,12.48,3.01,43.58,0.712,14.06,4.17,LANE_A,18775.0,-22.6,89.5,CRUISE_LOITER,0.46,1,152.0,0.36,28.86,-0.13,2.76,2.17,17.91,-1.9,2.51,0.07,7.66,-0.01,0.21,-0.011,-0.04,0.9117,1
15.8,5157.2,2122.3,72.5,86.7,118.57,86.52,91.99,779.1,803.19,782.02,786.28,4.87,73.43,12.42,3.01,43.32,0.728,14.08,4.05,LANE_A,18776.0,-22.6,89.6,CRUISE_LOITER,0.45,1,149.0,-0.21,29.16,0.11,3.08,-1.15,17.94,-0.23,1.03,0.08,7.61,-0.07,-0.05,0.005,-0.02,0.9139,1
15.850000000000001,5157.7,2122.5,72.5,86.59,118.68,86.41,91.91,778.78,801.5,782.61,784.46,4.83,73.27,12.47,3.01,43.38,0.704,14.09,4.06,LANE_A,18777.0,-22.6,89.6,CRUISE_LOITER,0.45,1,146.0,-0.32,29.27,0.0,3.0,-1.47,16.25,0.36,-0.79,0.04,7.45,-0.02,0.01,-0.019,-0.01,0.9145,1
15.9,5152.3,2120.3,73.0,86.7,119.3,86.45,91.61,779.82,801.52,781.99,783.11,4.81,73.73,12.5,2.97,43.32,0.707,14.11,4.17,LANE_A,18778.0,-22.6,89.6,CRUISE_LOITER,0.44,1,143.0,-0.21,29.89,0.04,2.7,-0.43,16.27,-0.26,-2.14,0.02,7.91,0.01,-0.04,-0.016,0.01,0.9189,1
15.950000000000001,5153.0,2120.6,72.8,87.02,119.44,86.55,92.1,780.16,804.61,780.87,784.12,4.78,73.61,12.5,3.0,43.45,0.733,14.14,4.11,LANE_A,18779.0,-22.6,89.6,CRUISE_LOITER,0.44,1,140.0,0.11,30.03,0.14,3.19,-0.09,19.36,-1.38,-1.13,-0.01,7.8,0.02,0.09,0.01,0.04,0.9199,1
16.0,5160.6,2123.7,72.4,86.71,119.56,86.39,91.95,781.4,804.42,780.83,785.99,4.77,73.64,12.52,2.99,43.31,0.744,14.1,3.96,LANE_A,18780.0,-22.6,89.6,CRUISE_LOITER,0.43,1,137.0,-0.19,30.16,-0.01,3.05,1.15,19.17,-1.42,0.74,-0.02,7.83,0.04,-0.05,0.021,0.0,0.9208,1
16.05,5162.8,2124.6,72.4,86.93,119.83,86.39,92.01,781.09,803.59,781.69,784.75,4.83,73.7,12.64,2.96,43.26,0.711,14.09,4.08,LANE_A,18781.0,-22.6,89.6,CRUISE_LOITER,0.43,1,134.0,0.03,30.43,-0.01,3.11,0.85,18.35,-0.55,-0.49,0.04,7.89,0.16,-0.1,-0.012,-0.01,0.9225,1
16.1,5144.1,2116.9,72.7,86.8,119.95,86.03,91.81,781.22,801.66,781.99,784.75,4.79,73.57,12.62,3.0,43.31,0.701,14.12,4.02,LANE_A,18781.0,-22.6,89.6,CRUISE_LOITER,0.42,1,131.0,-0.1,30.55,-0.37,2.91,0.98,16.42,-0.25,-0.49,0.0,7.76,0.14,-0.05,-0.022,0.02,0.9232,1
16.150000000000002,5156.8,2122.1,72.4,86.94,120.26,86.55,91.91,778.14,804.67,780.59,785.73,4.77,73.91,12.62,2.99,43.37,0.721,14.13,3.96,LANE_A,18782.0,-22.6,89.6,CRUISE_LOITER,0.42,1,128.0,0.04,30.86,0.15,3.01,-2.1,19.43,-1.65,0.49,-0.02,8.11,0.14,0.01,-0.002,0.03,0.9253,1
16.2,5137.6,2114.2,72.6,86.86,120.72,86.48,91.78,782.07,805.61,782.83,785.38,4.77,73.87,12.36,3.01,43.27,0.729,14.1,3.93,LANE_A,18783.0,-22.6,89.6,CRUISE_LOITER,0.41,1,125.0,-0.03,31.33,0.09,2.89,1.83,20.37,0.59,0.14,-0.02,8.07,-0.12,-0.09,0.006,0.0,0.9282,1
16.25,5169.9,2127.5,72.4,86.85,120.91,86.35,91.87,780.78,804.99,783.62,784.94,4.79,74.01,12.37,3.0,43.34,0.715,14.15,4.16,LANE_A,18784.0,-22.6,89.6,CRUISE_LOITER,0.41,1,122.0,-0.04,31.52,-0.04,2.98,0.54,19.75,1.38,-0.3,0.0,8.21,-0.11,-0.02,-0.008,0.05,0.9293,1
16.3,5176.1,2130.1,72.5,87.15,121.26,86.29,91.89,779.07,805.5,780.31,786.04,4.79,74.12,12.48,2.99,43.38,0.727,14.11,4.05,LANE_A,18785.0,-22.6,89.6,CRUISE_LOITER,0.4,1,119.0,0.26,31.87,-0.1,3.0,-1.17,20.26,-1.93,0.8,0.0,8.32,0.0,0.02,0.004,0.01,0.9314,1
16.35,5164.0,2125.1,72.2,86.91,121.73,86.61,92.39,782.08,804.84,784.31,785.53,4.8,74.31,12.47,2.97,43.2,0.687,14.11,4.2,LANE_A,18786.0,-22.6,89.6,CRUISE_LOITER,0.4,1,116.0,0.03,32.35,0.23,3.51,1.84,19.6,2.07,0.29,0.01,8.52,-0.01,-0.15,-0.036,0.01,0.9341,1
16.400000000000002,5164.9,2125.5,72.9,86.99,121.66,86.72,91.94,779.35,802.67,783.13,784.38,4.83,74.23,12.56,3.03,43.3,0.725,14.09,4.18,LANE_A,18787.0,-22.6,89.6,CRUISE_LOITER,0.4,1,113.0,0.11,32.28,0.34,3.06,-0.89,17.43,0.89,-0.86,0.04,8.44,0.08,-0.05,0.002,-0.01,0.9336,1
16.45,5174.2,2129.3,72.7,86.74,122.0,86.48,91.95,780.52,804.83,783.52,786.73,4.8,74.23,12.47,3.01,43.2,0.734,14.07,4.15,LANE_A,18788.0,-22.6,89.6,CRUISE_LOITER,0.39,1,110.0,-0.14,32.62,0.1,3.07,0.29,19.6,1.29,1.5,0.01,8.44,-0.01,-0.15,0.011,-0.03,0.9355,1
16.5,5164.6,2125.4,72.6,87.01,122.06,86.33,92.33,780.32,803.78,784.19,785.55,4.82,74.26,12.53,2.98,43.18,0.735,14.12,4.29,LANE_A,18788.0,-22.6,89.6,CRUISE_LOITER,0.39,1,107.0,0.13,32.68,-0.05,3.45,0.09,18.55,1.96,0.32,0.03,8.47,0.05,-0.17,0.012,0.02,0.9359,1
16.55,5171.4,2128.1,72.3,87.29,122.17,86.67,92.29,778.33,804.91,782.77,783.84,4.74,74.75,12.5,3.04,43.32,0.706,14.11,4.07,LANE_A,18789.0,-22.6,89.6,CRUISE_LOITER,0.38,1,104.0,0.42,32.8,0.3,3.42,-1.9,19.68,0.54,-1.39,-0.05,8.97,0.02,-0.03,-0.017,0.01,0.9366,1
16.6,5153.4,2120.8,72.6,86.89,122.49,86.68,92.56,779.28,805.36,785.47,782.7,4.79,74.37,12.52,3.02,43.42,0.724,14.1,4.16,LANE_A,18790.0,-22.6,89.6,CRUISE_LOITER,0.38,1,101.0,0.02,33.12,0.31,3.69,-0.95,20.13,3.24,-2.53,0.0,8.59,0.04,0.07,0.001,0.0,0.9382,1
16.650000000000002,5160.4,2123.6,72.7,86.58,123.24,86.53,92.24,780.61,804.08,783.86,784.07,4.78,74.31,12.57,3.04,43.24,0.702,14.1,3.93,LANE_A,18791.0,-22.6,89.6,CRUISE_LOITER,0.37,1,98.0,-0.29,33.87,0.16,3.37,0.38,18.85,1.63,-1.16,-0.01,8.53,0.09,-0.11,-0.021,0.0,0.9419,1
16.7,5161.3,2124.0,72.7,86.95,122.84,86.45,92.36,780.86,802.68,781.86,784.24,4.79,74.62,12.56,2.98,43.36,0.723,14.09,4.11,LANE_A,18792.0,-22.6,89.6,CRUISE_LOITER,0.37,1,95.0,0.08,33.47,0.08,3.49,0.63,17.45,-0.37,-0.99,0.0,8.84,0.08,0.01,0.0,-0.01,0.94,1
16.75,5166.1,2126.0,72.2,86.47,123.64,86.48,92.59,781.39,806.3,781.69,786.21,4.79,74.55,12.45,2.98,43.26,0.714,14.08,3.97,LANE_A,18793.0,-22.6,89.6,CRUISE_LOITER,0.36,1,92.0,-0.39,34.28,0.12,3.73,1.16,21.07,-0.54,0.98,0.0,8.78,-0.03,-0.08,-0.009,-0.02,0.944,1
16.8,5176.6,2130.3,72.7,87.13,123.6,86.33,92.03,781.12,806.38,782.06,785.67,4.79,74.55,12.62,2.97,43.28,0.727,14.12,4.03,LANE_A,18794.0,-22.6,89.6,CRUISE_LOITER,0.36,1,89.0,0.27,34.24,-0.03,3.17,0.9,21.16,-0.16,0.45,0.0,8.78,0.14,-0.06,0.004,0.02,0.9437,1
16.85,5172.1,2128.4,72.6,87.13,123.77,86.32,92.33,779.23,807.23,782.13,783.33,4.79,74.5,12.46,3.06,43.29,0.734,14.08,4.1,LANE_A,18795.0,-22.6,89.7,CRUISE_LOITER,0.35,1,86.0,0.27,34.41,-0.04,3.47,-0.99,22.01,-0.09,-1.89,0.0,8.73,-0.02,-0.05,0.011,-0.02,0.9446,1
16.900000000000002,5158.5,2122.9,72.1,86.74,123.9,86.32,92.21,778.96,807.69,783.43,785.02,4.8,75.07,12.53,3.02,43.34,0.736,14.07,4.16,LANE_A,18795.0,-22.6,89.7,CRUISE_LOITER,0.35,1,83.0,-0.11,34.55,-0.03,3.36,-1.26,22.47,1.21,-0.2,0.01,9.3,0.05,0.0,0.013,-0.03,0.9453,1
16.95,5143.8,2116.8,72.3,86.82,124.49,86.69,92.3,780.44,802.67,781.87,784.75,4.81,75.0,12.55,3.01,43.13,0.738,14.05,4.09,LANE_A,18796.0,-22.6,89.7,CRUISE_LOITER,0.34,1,80.0,-0.03,35.14,0.34,3.45,0.22,17.45,-0.35,-0.47,0.02,9.24,0.07,-0.21,0.015,-0.05,0.9478,1
17.0,5160.1,2123.5,72.5,86.67,124.47,86.55,92.11,780.4,807.76,783.98,786.63,4.85,75.23,12.57,2.99,43.46,0.711,14.08,4.03,LANE_A,18797.0,-22.6,89.7,CRUISE_LOITER,0.34,1,77.0,-0.18,35.12,0.2,3.26,0.18,22.54,1.76,1.41,0.06,9.47,0.09,0.12,-0.012,-0.02,0.9478,1
17.05,5145.7,2117.6,72.4,86.84,124.99,86.39,92.41,780.53,807.25,781.99,786.36,4.82,74.93,12.48,2.99,43.07,0.727,14.08,4.05,LANE_A,18798.0,-22.6,89.7,CRUISE_LOITER,0.33,1,74.0,-0.01,35.64,0.04,3.56,0.31,22.03,-0.23,1.14,0.03,9.17,0.0,-0.27,0.004,-0.02,0.95,1
17.1,5152.2,2120.2,72.4,87.16,125.25,86.29,92.38,780.3,807.83,780.87,784.83,4.82,75.11,12.59,3.0,43.3,0.747,14.08,4.12,LANE_A,18799.0,-22.6,89.7,CRUISE_LOITER,0.33,1,71.0,0.32,35.91,-0.05,3.54,0.08,22.61,-1.35,-0.39,0.03,9.36,0.11,-0.04,0.024,-0.02,0.9511,1
17.150000000000002,5174.2,2129.3,72.6,87.23,125.38,86.16,92.33,777.84,806.59,783.01,785.03,4.8,75.33,12.43,3.0,43.46,0.742,14.1,4.07,LANE_A,18800.0,-22.6,89.7,CRUISE_LOITER,0.32,1,68.0,0.39,36.04,-0.18,3.49,-2.38,21.37,0.79,-0.19,0.01,9.58,-0.05,0.13,0.019,0.0,0.9517,1
17.2,5174.9,2129.6,72.6,86.86,125.36,86.23,92.61,780.05,808.12,784.18,785.86,4.8,75.04,12.49,3.0,43.58,0.745,14.07,4.14,LANE_A,18801.0,-22.6,89.7,CRUISE_LOITER,0.32,1,65.0,0.02,36.02,-0.11,3.77,-0.16,22.91,1.97,0.65,0.01,9.29,0.01,0.25,0.022,-0.03,0.9516,1
17.25,5183.3,2133.0,72.6,86.86,126.01,86.38,92.56,779.3,806.41,783.24,785.58,4.8,75.12,12.47,3.0,43.28,0.726,14.09,3.91,LANE_A,18802.0,-22.6,89.7,CRUISE_LOITER,0.32,1,62.0,0.03,36.68,0.05,3.73,-0.91,21.2,1.03,0.37,0.01,9.37,-0.01,-0.05,0.003,-0.01,0.9542,1
17.3,5170.2,2127.7,72.7,86.8,126.09,86.28,92.58,781.21,805.49,783.69,786.91,4.81,75.36,12.45,2.99,43.2,0.71,14.11,4.12,LANE_A,18802.0,-22.6,89.7,CRUISE_LOITER,0.31,1,59.0,-0.03,36.76,-0.05,3.75,1.0,20.28,1.48,1.7,0.02,9.62,-0.03,-0.13,-0.013,0.01,0.9545,1
17.35,5156.6,2122.1,72.9,86.92,126.3,86.03,92.56,780.35,805.5,782.71,785.82,4.8,75.41,12.45,2.97,43.41,0.725,14.13,4.1,LANE_A,18803.0,-22.6,89.7,CRUISE_LOITER,0.31,1,56.0,0.09,36.97,-0.3,3.73,0.14,20.29,0.5,0.61,0.01,9.67,-0.03,0.08,0.002,0.03,0.9553,1
17.400000000000002,5156.5,2122.0,72.7,87.48,126.57,86.32,92.55,781.36,806.51,781.8,784.29,4.74,75.65,12.58,2.99,43.33,0.709,14.07,3.94,LANE_A,18804.0,-22.6,89.7,CRUISE_LOITER,0.3,1,53.0,0.65,37.24,-0.01,3.72,1.15,21.3,-0.41,-0.92,-0.05,9.91,0.1,0.0,-0.014,-0.03,0.9563,1
17.45,5180.4,2131.8,72.6,86.55,126.77,86.49,92.34,779.92,807.14,781.46,783.59,4.78,75.29,12.59,2.96,43.47,0.705,14.11,3.9,LANE_A,18805.0,-22.6,89.7,CRUISE_LOITER,0.3,1,50.0,-0.27,37.45,0.17,3.52,-0.29,21.93,-0.75,-1.62,-0.01,9.55,0.11,0.14,-0.018,0.01,0.957,1
17.5,5186.6,2134.4,72.1,86.79,127.27,86.35,92.51,779.65,809.22,782.56,785.66,4.83,75.49,12.44,3.01,43.39,0.731,14.09,4.02,LANE_A,18806.0,-22.6,89.7,CRUISE_LOITER,0.29,1,47.0,-0.03,37.95,0.03,3.69,-0.56,24.01,0.35,0.45,0.04,9.76,-0.04,0.06,0.008,-0.01,0.9588,1
17.55,5155.6,2121.6,72.0,87.11,127.13,86.48,92.48,780.9,808.87,783.24,786.83,4.79,75.72,12.58,3.02,43.41,0.712,14.09,3.88,LANE_A,18807.0,-22.6,89.7,CRUISE_LOITER,0.29,1,44.0,0.29,37.81,0.16,3.66,0.69,23.66,1.03,1.62,0.0,9.99,0.1,0.09,-0.011,-0.01,0.9584,1
17.6,5156.4,2122.0,72.8,86.6,127.53,86.53,92.56,781.13,808.75,780.85,783.17,4.86,75.74,12.38,2.99,43.33,0.736,14.08,4.09,LANE_A,18808.0,-22.6,89.7,CRUISE_LOITER,0.28,1,41.0,-0.22,38.21,0.21,3.74,0.93,23.55,-1.35,-2.03,0.07,10.01,-0.1,0.01,0.013,-0.02,0.9597,1
17.650000000000002,5175.4,2129.8,72.2,86.77,128.0,86.47,92.66,780.91,807.09,784.0,783.81,4.83,75.83,12.56,3.01,43.33,0.721,14.09,4.29,LANE_A,18808.0,-22.6,89.7,CRUISE_LOITER,0.28,1,38.0,-0.04,38.69,0.16,3.85,0.71,21.89,1.8,-1.39,0.04,10.1,0.08,0.01,-0.002,-0.01,0.9613,1
17.7,5167.6,2126.6,72.5,86.7,128.37,86.07,92.59,780.59,806.45,780.42,785.76,4.79,76.11,12.65,3.03,43.5,0.709,14.12,4.09,LANE_A,18809.0,-22.6,89.7,CRUISE_LOITER,0.27,1,35.0,-0.11,39.06,-0.24,3.78,0.39,21.25,-1.78,0.56,0.0,10.39,0.17,0.18,-0.014,0.02,0.9625,1
17.75,5170.7,2127.8,72.4,86.91,128.63,86.65,92.34,780.55,809.75,781.19,785.36,4.76,75.75,12.58,3.0,43.54,0.719,14.14,4.08,LANE_A,18810.0,-22.6,89.7,CRUISE_LOITER,0.27,1,32.0,0.1,39.32,0.34,3.53,0.35,24.55,-1.01,0.16,-0.03,10.03,0.1,0.22,-0.004,0.04,0.9633,1
17.8,5144.8,2117.2,72.4,86.69,128.58,86.37,92.7,780.41,807.97,781.83,784.98,4.75,75.73,12.37,3.0,43.33,0.724,14.09,3.96,LANE_A,18811.0,-22.6,89.7,CRUISE_LOITER,0.26,1,29.0,-0.11,39.28,0.07,3.9,0.21,22.77,-0.37,-0.22,-0.04,10.01,-0.11,0.01,0.001,-0.01,0.9632,1
17.85,5183.2,2133.0,72.7,86.66,129.04,85.94,92.7,781.3,809.16,782.55,784.11,4.84,76.08,12.52,3.0,43.18,0.71,14.11,4.0,LANE_A,18812.0,-22.6,89.7,CRUISE_LOITER,0.26,1,26.0,-0.14,39.74,-0.36,3.9,1.1,23.96,0.35,-1.09,0.05,10.36,0.04,-0.14,-0.013,0.01,0.9646,1
17.900000000000002,5172.8,2128.7,72.3,86.87,128.86,86.36,92.82,781.83,809.15,780.51,784.13,4.8,76.46,12.52,2.96,43.33,0.74,14.12,3.85,LANE_A,18813.0,-22.6,89.8,CRUISE_LOITER,0.25,1,23.0,0.07,39.56,0.06,4.02,1.63,23.95,-1.69,-1.07,0.01,10.75,0.04,0.01,0.017,0.02,0.9641,1
17.95,5163.7,2125.0,72.6,86.74,129.47,86.41,92.46,780.55,807.96,783.22,783.27,4.81,76.01,12.59,2.99,43.31,0.71,14.13,3.97,LANE_A,18814.0,-22.6,89.8,CRUISE_LOITER,0.25,1,20.0,-0.06,40.17,0.11,3.66,0.36,22.77,1.03,-1.92,0.02,10.3,0.11,-0.01,-0.013,0.03,0.9658,1
18.0,5144.1,2116.9,72.4,86.91,129.2,86.19,93.04,781.07,809.62,781.56,784.58,4.75,76.17,12.5,3.01,43.28,0.722,14.11,4.07,LANE_A,18815.0,-22.6,89.8,CRUISE_LOITER,0.25,1,20.0,0.12,39.91,-0.1,4.25,0.88,24.43,-0.63,-0.61,-0.04,10.46,0.03,-0.03,-0.001,0.01,0.9651,1
18.05,5185.1,2133.8,72.6,86.72,129.42,86.48,92.99,781.22,808.25,783.99,785.48,4.78,76.29,12.43,3.02,43.29,0.722,14.08,3.77,LANE_A,18815.0,-22.6,89.8,CRUISE_LOITER,0.25,1,20.0,-0.07,40.13,0.19,4.2,1.03,23.06,1.8,0.29,-0.01,10.58,-0.04,-0.02,-0.001,-0.02,0.9657,1
18.1,5182.7,2132.8,72.3,87.08,129.36,86.18,93.05,778.94,808.86,782.09,785.61,4.79,76.22,12.62,3.01,43.25,0.728,14.1,4.17,LANE_A,18816.0,-22.6,89.8,CRUISE_LOITER,0.25,1,20.0,0.29,40.07,-0.11,4.26,-1.25,23.67,-0.1,0.42,0.0,10.52,0.15,-0.06,0.005,0.0,0.9656,1
18.150000000000002,5167.7,2126.6,72.8,86.88,129.28,86.29,92.82,780.56,808.51,781.45,787.03,4.8,76.23,12.32,3.01,43.29,0.706,14.11,3.88,LANE_A,18817.0,-22.6,89.8,CRUISE_LOITER,0.25,1,20.0,0.09,39.99,0.0,4.03,0.37,23.32,-0.74,1.84,0.01,10.53,-0.15,-0.02,-0.017,0.01,0.9653,1
18.2,5162.7,2124.6,72.7,87.06,129.26,86.16,92.31,778.36,809.98,782.37,785.32,4.75,76.36,12.46,3.02,43.28,0.713,14.12,4.13,LANE_A,18818.0,-22.6,89.8,CRUISE_LOITER,0.25,1,20.0,0.28,39.98,-0.12,3.53,-1.83,24.79,0.18,0.13,-0.04,10.66,-0.01,-0.03,-0.01,0.02,0.9653,1
18.25,5152.8,2120.5,72.5,86.73,129.3,86.25,92.65,781.36,807.24,781.7,783.35,4.84,76.11,12.54,3.02,43.19,0.709,14.1,4.02,LANE_A,18819.0,-22.6,89.8,CRUISE_LOITER,0.25,1,20.0,-0.05,40.02,-0.03,3.87,1.17,22.05,-0.49,-1.84,0.05,10.41,0.07,-0.12,-0.014,0.0,0.9654,1
18.3,5188.6,2135.2,72.6,86.54,129.0,86.53,92.61,779.91,809.59,782.62,786.47,4.77,76.05,12.55,3.01,43.07,0.715,14.11,4.16,LANE_A,18820.0,-22.6,89.8,CRUISE_LOITER,0.25,1,20.0,-0.24,39.72,0.25,3.83,-0.28,24.4,0.43,1.28,-0.02,10.36,0.08,-0.24,-0.008,0.01,0.9645,1
18.35,5148.6,2118.8,72.6,86.77,129.41,86.44,93.08,780.08,810.44,782.29,785.54,4.8,76.31,12.54,2.96,43.34,0.746,14.09,4.23,LANE_A,18821.0,-22.6,89.8,CRUISE_LOITER,0.25,1,20.0,0.0,40.14,0.17,4.31,-0.1,25.26,0.11,0.36,0.01,10.62,0.07,0.03,0.023,-0.01,0.9658,1
18.400000000000002,5151.4,2119.9,72.5,86.66,129.04,86.25,92.5,779.68,808.68,783.03,786.47,4.82,76.39,12.41,3.03,43.3,0.733,14.1,3.91,LANE_A,18822.0,-22.6,89.8,CRUISE_LOITER,0.25,1,20.0,-0.11,39.77,-0.02,3.73,-0.5,23.5,0.85,1.29,0.03,10.7,-0.06,0.0,0.01,0.0,0.9647,1
18.45,5175.1,2129.7,72.3,86.51,129.33,86.5,92.86,779.86,809.87,781.84,784.95,4.73,76.23,12.49,3.02,43.41,0.705,14.06,4.2,LANE_A,18822.0,-22.6,89.8,CRUISE_LOITER,0.25,1,20.0,-0.26,40.06,0.23,4.09,-0.32,24.69,-0.34,-0.23,-0.06,10.54,0.02,0.11,-0.018,-0.04,0.9655,1
18.5,5180.3,2131.8,72.3,86.69,129.37,86.23,92.51,777.62,810.38,783.17,786.16,4.77,75.91,12.43,3.02,43.32,0.725,14.12,3.86,LANE_A,18823.0,-22.6,89.8,CRUISE_LOITER,0.25,1,20.0,-0.08,40.1,-0.04,3.74,-2.56,25.2,0.99,0.98,-0.02,10.23,-0.04,0.02,0.002,0.02,0.9656,1
18.55,5171.7,2128.3,72.7,86.44,129.12,86.3,92.65,778.24,809.28,781.9,786.24,4.81,76.04,12.4,2.98,43.12,0.737,14.12,4.1,LANE_A,18824.0,-22.6,89.8,CRUISE_LOITER,0.25,1,20.0,-0.32,39.86,0.04,3.89,-1.94,24.1,-0.28,1.06,0.02,10.36,-0.07,-0.18,0.014,0.02,0.9649,1
18.6,5174.7,2129.5,72.9,86.73,129.19,86.22,92.64,780.1,811.21,782.55,785.08,4.79,76.33,12.51,3.02,43.6,0.713,14.1,3.81,LANE_A,18825.0,-22.7,89.8,CRUISE_LOITER,0.25,1,20.0,-0.03,39.93,-0.04,3.88,-0.08,26.03,0.37,-0.1,0.0,10.65,0.04,0.3,-0.01,0.0,0.9652,1
18.650000000000002,5165.3,2125.6,72.8,86.41,129.18,86.25,92.57,779.61,809.13,783.14,785.63,4.73,76.37,12.34,3.04,43.5,0.729,14.11,4.05,LANE_A,18826.0,-22.7,89.8,CRUISE_LOITER,0.25,1,20.0,-0.35,39.92,-0.01,3.81,-0.57,23.95,0.96,0.45,-0.06,10.69,-0.13,0.2,0.006,0.01,0.9651,1
18.7,5154.1,2121.0,72.6,86.79,129.18,86.23,93.05,780.45,809.66,782.09,782.62,4.79,75.85,12.43,3.0,43.2,0.739,14.07,4.12,LANE_A,18827.0,-22.7,89.8,CRUISE_LOITER,0.25,1,20.0,0.03,39.92,-0.03,4.29,0.28,24.49,-0.08,-2.55,0.0,10.18,-0.04,-0.1,0.016,-0.03,0.9651,1
18.75,5185.1,2133.8,72.4,87.01,129.22,86.54,93.01,779.6,809.65,781.96,784.89,4.81,76.14,12.36,2.95,43.34,0.734,14.11,4.15,LANE_A,18828.0,-22.7,89.8,CRUISE_LOITER,0.25,1,20.0,0.26,39.97,0.29,4.26,-0.57,24.48,-0.21,-0.28,0.02,10.47,-0.11,0.04,0.011,0.01,0.9653,1
18.8,5159.0,2123.0,72.6,86.67,129.49,86.41,92.98,779.58,810.06,782.56,785.02,4.8,76.2,12.58,3.0,43.36,0.714,14.08,3.99,LANE_A,18829.0,-22.7,89.8,CRUISE_LOITER,0.25,1,20.0,-0.08,40.24,0.16,4.23,-0.59,24.89,0.39,-0.15,0.01,10.53,0.11,0.07,-0.009,-0.02,0.9661,1
18.85,5172.0,2128.4,72.6,86.73,129.5,86.35,92.63,780.85,807.64,782.11,783.73,4.8,76.08,12.45,2.97,43.32,0.732,14.08,3.97,LANE_A,18829.0,-22.7,89.8,CRUISE_LOITER,0.25,1,20.0,-0.02,40.25,0.1,3.88,0.68,22.47,-0.06,-1.44,0.01,10.41,-0.02,0.03,0.009,-0.02,0.966,1
18.900000000000002,5158.6,2122.9,72.6,86.85,129.17,86.14,92.61,779.07,810.29,783.21,786.81,4.82,76.3,12.44,3.01,43.38,0.75,14.07,4.03,LANE_A,18830.0,-22.7,89.8,CRUISE_LOITER,0.25,1,20.0,0.11,39.93,-0.1,3.87,-1.1,25.12,1.04,1.64,0.03,10.64,-0.03,0.09,0.027,-0.03,0.9652,1
18.95,5157.8,2122.5,72.9,86.92,129.41,86.04,92.31,780.48,808.04,781.86,783.42,4.81,76.36,12.47,3.01,43.28,0.727,14.12,4.02,LANE_A,18831.0,-22.7,89.8,CRUISE_LOITER,0.25,1,20.0,0.18,40.17,-0.2,3.57,0.31,22.87,-0.31,-1.75,0.02,10.7,0.0,-0.01,0.004,0.02,0.9658,1
19.0,5190.5,2136.0,72.6,86.75,129.09,86.01,92.7,782.76,811.74,782.61,784.85,4.81,75.98,12.43,3.0,43.32,0.724,14.08,4.04,LANE_A,18832.0,-22.7,89.9,CRUISE_LOITER,0.25,1,20.0,0.01,39.85,-0.23,3.96,2.59,26.57,0.44,-0.32,0.02,10.32,-0.04,0.03,0.001,-0.02,0.9649,1
19.05,5158.5,2122.9,72.3,86.61,129.2,86.32,92.82,781.17,807.93,782.17,784.98,4.82,76.44,12.48,3.03,43.12,0.73,14.08,4.03,LANE_A,18833.0,-22.7,89.9,CRUISE_LOITER,0.25,1,20.0,-0.13,39.96,0.08,4.08,1.0,22.76,0.0,-0.19,0.03,10.78,0.01,-0.17,0.007,-0.02,0.9652,1
19.1,5160.1,2123.5,72.3,86.43,129.43,86.08,92.99,781.68,807.49,781.72,784.79,4.78,76.2,12.53,3.0,43.4,0.701,14.09,4.21,LANE_A,18834.0,-22.7,89.9,CRUISE_LOITER,0.25,1,20.0,-0.3,40.2,-0.15,4.26,1.52,22.33,-0.44,-0.37,-0.01,10.55,0.06,0.11,-0.022,-0.01,0.9659,1
19.150000000000002,5163.3,2124.8,72.7,86.91,129.43,86.51,92.57,780.23,807.29,782.08,785.34,4.77,76.15,12.45,2.98,43.38,0.727,14.1,4.08,LANE_A,18835.0,-22.7,89.9,CRUISE_LOITER,0.25,1,20.0,0.18,40.2,0.28,3.84,0.07,22.13,-0.08,0.18,-0.02,10.5,-0.02,0.09,0.004,0.0,0.9659,1
19.200000000000003,5162.2,2124.3,72.5,87.16,129.14,85.95,92.9,778.78,808.37,783.92,784.34,4.84,76.22,12.57,3.02,43.35,0.725,14.11,4.06,LANE_A,18835.0,-22.7,89.9,CRUISE_LOITER,0.25,1,20.0,0.43,39.91,-0.28,4.17,-1.38,23.21,1.76,-0.82,0.05,10.57,0.1,0.06,0.002,0.01,0.9651,1
19.25,5158.5,2122.8,72.3,86.85,129.12,86.04,92.77,778.8,808.92,781.02,784.01,4.83,76.41,12.55,3.0,43.15,0.744,14.09,4.1,LANE_A,18836.0,-22.7,89.9,CRUISE_LOITER,0.25,1,20.0,0.12,39.89,-0.19,4.04,-1.36,23.76,-1.14,-1.15,0.04,10.76,0.08,-0.13,0.021,-0.01,0.965,1
19.3,5131.9,2111.9,72.7,86.7,129.17,86.47,92.6,780.82,807.28,783.89,786.15,4.81,76.14,12.52,3.01,43.42,0.708,14.1,4.21,LANE_A,18837.0,-22.7,89.9,CRUISE_LOITER,0.25,1,20.0,-0.02,39.95,0.25,3.88,0.66,22.12,1.73,0.99,0.02,10.5,0.05,0.14,-0.015,0.0,0.9652,1
19.35,5172.6,2128.6,72.3,86.63,128.99,86.0,92.38,781.03,808.24,780.98,786.43,4.8,76.44,12.52,2.98,43.3,0.724,14.05,4.01,LANE_A,18838.0,-22.7,89.9,CRUISE_LOITER,0.25,1,20.0,-0.09,39.77,-0.22,3.66,0.87,23.08,-1.18,1.27,0.01,10.8,0.05,0.02,0.001,-0.05,0.9647,1
19.400000000000002,5149.3,2119.1,72.4,86.78,129.13,86.06,92.9,778.91,811.31,782.48,785.3,4.8,76.17,12.56,3.03,43.3,0.728,14.08,3.95,LANE_A,18839.0,-22.7,89.9,CRUISE_LOITER,0.25,1,20.0,0.06,39.91,-0.16,4.18,-1.25,26.15,0.32,0.14,0.01,10.53,0.09,0.02,0.005,-0.02,0.9651,1
19.450000000000003,5160.8,2123.8,72.4,86.77,129.31,86.2,92.72,778.93,806.17,781.19,785.35,4.79,76.05,12.41,3.03,43.3,0.712,14.12,4.03,LANE_A,18840.0,-22.7,89.9,CRUISE_LOITER,0.25,1,20.0,0.06,40.1,-0.01,4.01,-1.23,21.01,-0.97,0.19,0.0,10.41,-0.06,0.02,-0.011,0.02,0.9656,1
19.5,5138.6,2114.6,72.3,86.77,129.27,86.2,92.74,777.54,807.14,781.46,785.32,4.74,76.26,12.45,3.02,43.22,0.705,14.06,3.98,LANE_A,18841.0,-22.7,89.9,CRUISE_LOITER,0.25,1,20.0,0.06,40.06,-0.01,4.03,-2.61,21.99,-0.69,0.17,-0.05,10.63,-0.02,-0.06,-0.018,-0.04,0.9655,1
19.55,5157.6,2122.5,72.6,86.8,129.01,86.31,92.86,781.36,811.92,782.05,783.46,4.81,76.09,12.55,3.0,43.42,0.682,14.12,4.02,LANE_A,18842.0,-22.7,89.9,CRUISE_LOITER,0.25,1,20.0,0.09,39.8,0.1,4.15,1.21,26.77,-0.1,-1.69,0.02,10.46,0.08,0.14,-0.041,0.02,0.9648,1
19.6,5168.2,2126.8,72.8,86.58,129.5,86.38,92.77,780.17,807.74,782.93,785.82,4.81,76.19,12.44,2.99,43.43,0.715,14.11,3.86,LANE_A,18842.0,-22.7,89.9,CRUISE_LOITER,0.25,1,20.0,-0.13,40.29,0.17,4.06,0.02,22.59,0.78,0.67,0.02,10.56,-0.03,0.15,-0.008,0.01,0.9662,1
19.650000000000002,5169.8,2127.5,72.5,86.37,128.93,86.17,92.58,780.52,808.67,781.22,784.59,4.8,76.16,12.53,3.02,43.16,0.694,14.06,3.82,LANE_A,18843.0,-22.7,89.9,CRUISE_LOITER,0.25,1,20.0,-0.33,39.73,-0.03,3.88,0.37,23.52,-0.93,-0.56,0.01,10.53,0.06,-0.11,-0.029,-0.04,0.9646,1
19.700000000000003,5167.9,2126.7,72.8,86.46,129.26,86.05,92.71,781.33,808.28,780.85,785.27,4.83,76.33,12.55,3.04,43.15,0.748,14.12,3.85,LANE_A,18844.0,-22.7,89.9,CRUISE_LOITER,0.25,1,20.0,-0.24,40.06,-0.15,4.01,1.18,23.13,-1.3,0.12,0.04,10.71,0.08,-0.12,0.025,0.02,0.9655,1
19.75,5158.2,2122.7,72.4,86.52,129.11,86.26,92.93,779.48,808.27,782.26,786.56,4.79,76.04,12.37,2.98,43.04,0.715,14.1,4.04,LANE_A,18845.0,-22.7,89.9,CRUISE_LOITER,0.25,1,20.0,-0.18,39.91,0.06,4.23,-0.67,23.12,0.11,1.41,0.0,10.42,-0.1,-0.23,-0.008,0.0,0.9651,1
19.8,5160.3,2123.6,72.4,86.81,128.95,86.36,92.58,780.92,811.26,784.0,783.78,4.82,76.13,12.56,3.01,43.17,0.716,14.09,3.9,LANE_A,18846.0,-22.7,89.9,CRUISE_LOITER,0.25,1,20.0,0.11,39.75,0.16,3.88,0.77,26.11,1.85,-1.37,0.03,10.51,0.09,-0.1,-0.007,-0.01,0.9647,1
19.85,5145.1,2117.3,72.5,86.59,128.89,85.91,92.47,780.72,810.96,782.61,783.73,4.79,76.42,12.51,3.0,43.18,0.697,14.08,4.09,LANE_A,18847.0,-22.7,89.9,CRUISE_LOITER,0.25,1,20.0,-0.1,39.7,-0.28,3.78,0.58,25.82,0.47,-1.41,0.0,10.8,0.04,-0.09,-0.026,-0.02,0.9645,1
19.900000000000002,5174.6,2129.5,72.4,86.81,129.17,86.14,92.48,778.66,808.39,781.4,785.92,4.79,76.04,12.4,3.0,43.18,0.708,14.1,4.15,LANE_A,18848.0,-22.7,89.9,CRUISE_LOITER,0.25,1,20.0,0.12,39.98,-0.05,3.79,-1.48,23.25,-0.74,0.78,0.0,10.43,-0.07,-0.09,-0.015,0.0,0.9653,1
19.950000000000003,5154.1,2121.0,72.0,86.65,129.14,86.19,92.87,781.63,806.52,783.62,784.47,4.81,76.23,12.47,3.0,43.26,0.722,14.11,4.08,LANE_A,18849.0,-22.7,89.9,CRUISE_LOITER,0.25,1,20.0,-0.04,39.95,0.0,4.18,1.49,21.38,1.48,-0.67,0.02,10.62,0.0,-0.01,-0.001,0.01,0.9652,1
20.0,5147.3,2118.2,72.5,86.63,129.24,86.21,92.6,780.54,808.63,782.32,786.41,4.81,75.98,12.33,3.02,43.22,0.753,14.11,3.95,LANE_A,18849.0,-22.7,89.9,CRUISE_LOITER,0.25,1,20.0,-0.05,40.06,0.03,3.92,0.4,23.49,0.18,1.27,0.02,10.37,-0.13,-0.05,0.03,0.01,0.9655,1
20.05,5164.3,2125.2,73.2,86.59,129.46,86.2,92.73,779.06,809.6,784.06,785.21,4.82,76.28,12.54,3.0,43.21,0.717,14.14,3.88,LANE_A,18850.0,-22.7,90.0,CRUISE_LOITER,0.25,1,20.0,-0.09,40.28,0.02,4.05,-1.08,24.46,1.92,0.07,0.03,10.67,0.08,-0.05,-0.006,0.04,0.9662,1
20.1,5166.6,2126.2,72.5,86.37,129.6,86.32,92.82,779.08,808.4,783.05,782.88,4.78,76.08,12.59,2.98,43.37,0.748,14.09,4.07,LANE_A,18851.0,-22.7,90.0,CRUISE_LOITER,0.25,1,20.0,-0.31,40.42,0.14,4.14,-1.06,23.26,0.91,-2.26,-0.01,10.48,0.13,0.11,0.025,-0.01,0.9665,1
20.150000000000002,5154.1,2121.0,72.9,86.44,129.26,86.52,92.58,779.25,807.23,781.95,787.42,4.76,75.88,12.52,3.0,43.31,0.73,14.13,4.18,LANE_A,18852.0,-22.7,90.0,CRUISE_LOITER,0.25,1,20.0,-0.24,40.08,0.34,3.9,-0.89,22.09,-0.19,2.28,-0.03,10.28,0.06,0.05,0.007,0.03,0.9655,1
20.200000000000003,5160.1,2123.5,72.5,86.55,128.8,86.33,92.76,781.63,808.83,782.43,786.28,4.78,76.04,12.42,2.99,43.26,0.753,14.17,4.1,LANE_A,18853.0,-22.7,90.0,CRUISE_LOITER,0.25,1,20.0,-0.12,39.63,0.16,4.09,1.49,23.69,0.29,1.14,-0.01,10.44,-0.04,0.0,0.03,0.07,0.9643,1
20.25,5152.1,2120.2,72.5,86.59,129.05,86.15,92.5,780.2,808.67,780.81,784.34,4.73,76.26,12.32,2.98,43.08,0.699,14.07,4.08,LANE_A,18854.0,-22.7,90.0,CRUISE_LOITER,0.25,1,20.0,-0.08,39.88,-0.02,3.83,0.07,23.54,-1.32,-0.79,-0.06,10.67,-0.14,-0.18,-0.024,-0.03,0.965,1
20.3,5158.2,2122.7,72.7,86.59,129.38,86.17,92.69,779.98,810.01,781.65,785.84,4.72,76.35,12.57,3.01,43.52,0.718,14.11,3.97,LANE_A,18855.0,-22.7,90.0,CRUISE_LOITER,0.25,1,20.0,-0.08,40.21,0.0,4.02,-0.15,24.88,-0.48,0.71,-0.07,10.76,0.11,0.26,-0.005,0.01,0.966,1
20.35,5186.1,2134.2,73.0,86.43,129.11,86.03,92.67,780.63,808.3,780.59,785.26,4.8,75.98,12.47,2.97,43.18,0.72,14.11,3.79,LANE_A,18856.0,-22.7,90.0,CRUISE_LOITER,0.25,1,20.0,-0.24,39.94,-0.14,4.0,0.5,23.17,-1.54,0.13,0.01,10.39,0.01,-0.08,-0.003,0.01,0.9652,1
20.400000000000002,5180.4,2131.8,72.5,86.76,128.98,86.05,92.83,777.07,809.3,782.3,784.93,4.78,76.07,12.45,3.01,43.19,0.702,14.1,4.09,LANE_A,18856.0,-22.7,90.0,CRUISE_LOITER,0.25,1,20.0,0.1,39.82,-0.11,4.17,-3.06,24.17,0.17,-0.2,-0.01,10.48,-0.01,-0.07,-0.021,0.0,0.9648,1
20.450000000000003,5150.2,2119.4,72.5,86.77,129.12,86.34,92.47,778.36,807.63,782.22,787.33,4.8,76.0,12.43,3.03,43.24,0.689,14.08,4.13,LANE_A,18857.0,-22.7,90.0,CRUISE_LOITER,0.25,1,20.0,0.11,39.96,0.18,3.81,-1.77,22.5,0.09,2.2,0.01,10.42,-0.03,-0.02,-0.034,-0.02,0.9652,1
20.5,5162.8,2124.6,72.5,86.85,129.18,86.34,92.52,782.74,807.2,784.7,786.64,4.79,76.13,12.33,3.02,43.1,0.725,14.1,4.17,LANE_A,18858.0,-22.7,90.0,CRUISE_LOITER,0.25,1,20.0,0.19,40.02,0.18,3.86,2.61,22.07,2.57,1.51,0.0,10.55,-0.13,-0.15,0.002,0.0,0.9654,1
20.55,5166.3,2126.1,72.3,86.52,129.0,85.86,92.72,778.9,806.41,780.26,784.55,4.79,76.32,12.63,2.98,43.26,0.71,14.08,4.01,LANE_A,18859.0,-22.7,90.0,CRUISE_LOITER,0.25,1,20.0,-0.13,39.85,-0.29,4.07,-1.23,21.28,-1.87,-0.58,0.0,10.74,0.17,0.01,-0.013,-0.02,0.9649,1
20.6,5159.9,2123.4,72.3,86.36,129.19,86.08,93.02,779.28,809.27,781.94,785.85,4.79,76.15,12.62,3.0,43.32,0.764,14.13,4.13,LANE_A,18860.0,-22.7,90.0,CRUISE_LOITER,0.25,1,20.0,-0.29,40.04,-0.07,4.37,-0.84,24.15,-0.18,0.73,0.0,10.57,0.16,0.07,0.041,0.03,0.9655,1
20.650000000000002,5141.1,2115.7,72.6,86.52,129.27,86.16,92.49,779.67,809.75,780.51,786.3,4.78,76.24,12.52,2.98,43.26,0.707,14.11,3.9,LANE_A,18861.0,-22.7,90.0,CRUISE_LOITER,0.25,1,20.0,-0.13,40.12,0.01,3.84,-0.45,24.63,-1.61,1.18,-0.01,10.67,0.06,0.01,-0.016,0.01,0.9657,1
20.700000000000003,5174.3,2129.4,72.5,86.65,129.24,86.44,92.55,779.05,808.85,783.51,782.17,4.77,76.14,12.33,3.01,43.29,0.733,14.09,4.09,LANE_A,18862.0,-22.7,90.0,CRUISE_LOITER,0.25,1,20.0,0.0,40.09,0.29,3.9,-1.07,23.73,1.39,-2.95,-0.02,10.57,-0.13,0.04,0.01,-0.01,0.9656,1
20.75,5160.4,2123.6,72.5,86.66,129.01,86.48,92.36,780.56,809.57,782.12,784.79,4.85,76.02,12.44,3.0,43.14,0.728,14.12,3.96,LANE_A,18862.0,-22.7,90.0,CRUISE_LOITER,0.25,1,20.0,0.02,39.87,0.34,3.72,0.44,24.45,0.0,-0.33,0.06,10.45,-0.02,-0.11,0.005,0.02,0.965,1
20.8,5162.1,2124.3,73.0,86.76,129.21,86.59,92.53,780.1,807.31,781.23,787.23,4.81,76.11,12.52,3.01,43.21,0.715,14.1,4.07,LANE_A,18863.0,-22.7,90.0,CRUISE_LOITER,0.25,1,20.0,0.12,40.07,0.45,3.89,-0.02,22.19,-0.89,2.11,0.02,10.54,0.06,-0.04,-0.008,0.0,0.9655,1
20.85,5168.5,2126.9,72.5,86.53,129.21,86.16,92.97,780.46,808.57,782.1,786.59,4.78,75.93,12.38,3.02,42.99,0.693,14.06,4.1,LANE_A,18864.0,-22.7,90.0,CRUISE_LOITER,0.25,1,20.0,-0.11,40.07,0.02,4.33,0.34,23.45,-0.02,1.47,-0.01,10.37,-0.08,-0.26,-0.03,-0.04,0.9655,1
20.900000000000002,5168.5,2126.9,72.7,87.02,129.14,86.25,92.5,779.18,807.73,779.64,784.38,4.8,75.85,12.56,2.98,43.32,0.747,14.11,4.09,LANE_A,18865.0,-22.7,90.0,CRUISE_LOITER,0.25,1,20.0,0.38,40.0,0.11,3.86,-0.94,22.61,-2.48,-0.74,0.01,10.29,0.1,0.08,0.024,0.01,0.9653,1
20.950000000000003,5171.6,2128.2,72.5,86.56,129.16,86.0,92.71,778.39,808.73,783.55,782.94,4.72,75.9,12.56,3.0,43.2,0.743,14.09,4.02,LANE_A,18866.0,-22.7,90.0,CRUISE_LOITER,0.25,1,20.0,-0.07,40.03,-0.13,4.08,-1.73,23.61,1.43,-2.18,-0.07,10.34,0.1,-0.04,0.02,-0.01,0.9654,1
21.0,5173.8,2129.2,72.6,86.69,129.12,86.47,92.66,780.12,808.94,782.72,785.73,4.76,75.77,12.53,3.0,43.11,0.74,14.04,4.14,LANE_A,18867.0,-22.7,90.0,CRUISE_LOITER,0.25,1,20.0,0.06,39.99,0.34,4.03,0.01,23.83,0.61,0.62,-0.03,10.21,0.07,-0.13,0.017,-0.06,0.9653,1
21.05,5154.6,2121.2,72.5,86.62,129.25,85.93,92.45,780.15,808.76,781.87,785.36,4.81,75.9,12.45,3.0,43.5,0.714,14.12,4.1,LANE_A,18868.0,-22.7,90.0,CRUISE_LOITER,0.25,1,20.0,-0.01,40.12,-0.2,3.82,0.04,23.65,-0.24,0.25,0.02,10.35,-0.01,0.26,-0.009,0.02,0.9657,1
21.1,5165.0,2125.5,72.6,86.48,129.14,86.45,92.32,779.63,808.85,782.58,787.44,4.76,75.84,12.59,2.99,43.17,0.726,14.12,3.97,LANE_A,18869.0,-22.7,90.0,CRUISE_LOITER,0.25,1,20.0,-0.14,40.02,0.33,3.7,-0.48,23.74,0.47,2.33,-0.03,10.29,0.13,-0.07,0.003,0.02,0.9654,1
21.150000000000002,5166.7,2126.2,72.8,86.33,129.47,86.45,92.63,778.72,810.21,782.91,785.45,4.78,75.96,12.5,3.0,43.33,0.726,14.04,3.95,LANE_A,18869.0,-22.7,90.1,CRUISE_LOITER,0.25,1,20.0,-0.29,40.35,0.33,4.01,-1.39,25.1,0.8,0.34,-0.01,10.41,0.04,0.09,0.003,-0.06,0.9664,1
21.200000000000003,5152.0,2120.2,72.8,86.34,129.15,86.03,92.56,782.07,809.39,780.02,787.09,4.79,76.07,12.45,2.96,43.22,0.719,14.11,3.9,LANE_A,18870.0,-22.7,90.1,CRUISE_LOITER,0.25,1,20.0,-0.28,40.03,-0.09,3.94,1.96,24.28,-2.09,1.98,0.0,10.52,-0.01,-0.02,-0.004,0.01,0.9654,1
21.25,5139.6,2115.0,72.5,86.49,129.3,86.41,92.45,777.48,808.23,783.04,784.54,4.79,75.85,12.29,3.02,43.06,0.737,14.09,4.04,LANE_A,18871.0,-22.7,90.1,CRUISE_LOITER,0.25,1,20.0,-0.13,40.18,0.29,3.83,-2.63,23.12,0.93,-0.57,0.0,10.31,-0.17,-0.18,0.014,-0.01,0.9658,1
21.3,5185.2,2133.8,72.7,86.57,129.04,86.0,92.66,781.07,809.44,781.62,786.38,4.8,76.17,12.49,3.01,43.26,0.709,14.09,4.18,LANE_A,18872.0,-22.7,90.1,CRUISE_LOITER,0.25,1,20.0,-0.04,39.93,-0.11,4.05,0.96,24.33,-0.49,1.27,0.01,10.63,0.03,0.03,-0.014,-0.01,0.9652,1
21.35,5160.3,2123.6,72.9,86.67,129.27,85.96,92.44,781.48,810.89,782.61,783.22,4.78,76.22,12.57,3.0,43.07,0.734,14.12,3.94,LANE_A,18873.0,-22.7,90.1,CRUISE_LOITER,0.25,1,20.0,0.06,40.16,-0.15,3.83,1.37,25.78,0.5,-1.89,-0.01,10.68,0.11,-0.16,0.011,0.02,0.9658,1
21.400000000000002,5150.5,2119.5,72.4,86.76,129.04,86.01,92.5,779.55,809.53,784.92,785.75,4.8,76.23,12.28,3.0,43.16,0.723,14.04,3.97,LANE_A,18874.0,-22.7,90.1,CRUISE_LOITER,0.25,1,20.0,0.15,39.93,-0.1,3.89,-0.55,24.43,2.82,0.65,0.01,10.69,-0.18,-0.07,0.0,-0.06,0.9652,1
21.450000000000003,5159.3,2123.2,72.4,86.75,129.17,86.14,92.49,780.11,810.01,781.44,785.05,4.78,75.9,12.39,3.01,43.08,0.726,14.12,4.13,LANE_A,18875.0,-22.7,90.1,CRUISE_LOITER,0.25,1,20.0,0.14,40.06,0.03,3.88,0.01,24.91,-0.66,-0.05,-0.01,10.37,-0.07,-0.15,0.003,0.02,0.9655,1
21.5,5163.0,2124.7,72.7,86.65,129.01,86.19,92.65,779.76,809.22,780.86,788.44,4.79,76.0,12.47,3.02,43.53,0.734,14.07,4.15,LANE_A,18876.0,-22.8,90.1,CRUISE_LOITER,0.25,1,20.0,0.05,39.91,0.09,4.05,-0.34,24.12,-1.24,3.34,0.0,10.47,0.01,0.3,0.011,-0.03,0.9651,1
21.55,5170.6,2127.8,72.6,86.96,129.23,86.23,92.78,780.79,807.86,782.68,786.34,4.84,76.12,12.57,3.02,43.23,0.733,14.12,3.98,LANE_A,18876.0,-22.8,90.1,CRUISE_LOITER,0.25,1,20.0,0.36,40.13,0.13,4.18,0.69,22.76,0.58,1.24,0.05,10.59,0.11,0.0,0.01,0.02,0.9657,1
21.6,5173.8,2129.1,72.6,86.17,129.05,86.04,92.7,778.97,811.37,781.11,784.77,4.83,75.82,12.52,3.02,43.32,0.733,14.1,3.94,LANE_A,18877.0,-22.8,90.1,CRUISE_LOITER,0.25,1,20.0,-0.43,39.95,-0.06,4.1,-1.13,26.27,-0.99,-0.33,0.04,10.29,0.06,0.09,0.01,0.0,0.9652,1
21.650000000000002,5163.5,2124.9,72.5,86.55,129.17,86.39,92.57,779.15,807.25,780.86,783.77,4.79,76.02,12.39,3.0,43.31,0.722,14.1,4.18,LANE_A,18878.0,-22.8,90.1,CRUISE_LOITER,0.25,1,20.0,-0.04,40.08,0.3,3.98,-0.95,22.15,-1.24,-1.33,0.0,10.5,-0.07,0.08,-0.001,0.0,0.9656,1
21.700000000000003,5173.7,2129.1,72.5,86.46,129.14,86.34,92.84,779.22,809.72,781.92,787.86,4.8,76.22,12.41,3.01,43.1,0.732,14.1,4.06,LANE_A,18879.0,-22.8,90.1,CRUISE_LOITER,0.25,1,20.0,-0.13,40.05,0.25,4.25,-0.88,24.62,-0.18,2.76,0.01,10.7,-0.05,-0.13,0.009,0.0,0.9655,1
21.75,5179.5,2131.5,72.8,86.45,129.25,86.09,92.7,780.18,809.65,785.47,785.59,4.77,75.99,12.45,3.01,43.39,0.742,14.1,3.91,LANE_A,18880.0,-22.8,90.1,CRUISE_LOITER,0.25,1,20.0,-0.14,40.16,0.0,4.11,0.09,24.56,3.38,0.5,-0.02,10.47,-0.01,0.17,0.019,0.0,0.9658,1
21.8,5177.6,2130.7,72.3,86.35,129.11,86.14,92.52,782.35,809.24,780.41,784.36,4.81,76.32,12.6,3.01,43.37,0.738,14.1,4.08,LANE_A,18881.0,-22.8,90.1,CRUISE_LOITER,0.25,1,20.0,-0.24,40.02,0.05,3.93,2.26,24.15,-1.68,-0.73,0.02,10.8,0.14,0.15,0.015,0.0,0.9654,1
21.85,5144.2,2117.0,72.5,86.54,129.17,85.75,92.1,779.61,807.86,781.6,786.13,4.75,76.03,12.53,2.98,43.2,0.757,14.09,4.05,LANE_A,18882.0,-22.8,90.1,CRUISE_LOITER,0.25,1,20.0,-0.04,40.09,-0.33,3.52,-0.48,22.77,-0.49,1.04,-0.04,10.52,0.07,-0.02,0.034,-0.01,0.9656,1
21.900000000000002,5188.2,2135.0,72.5,86.17,129.13,86.1,92.59,782.53,809.16,781.71,786.48,4.83,75.87,12.4,2.98,43.07,0.717,14.13,4.09,LANE_A,18882.0,-22.8,90.1,CRUISE_LOITER,0.25,1,20.0,-0.41,40.05,0.02,4.01,2.44,24.07,-0.38,1.39,0.04,10.36,-0.06,-0.15,-0.006,0.03,0.9655,1
21.950000000000003,5153.8,2120.9,72.7,86.76,129.19,85.97,92.51,780.31,809.37,779.96,784.79,4.81,76.25,12.44,3.0,43.11,0.722,14.04,4.24,LANE_A,18883.0,-22.8,90.1,CRUISE_LOITER,0.25,1,20.0,0.18,40.11,-0.11,3.93,0.22,24.28,-2.13,-0.3,0.02,10.74,-0.02,-0.11,-0.001,-0.06,0.9657,1
22.0,5166.5,2126.1,72.5,87.03,128.91,86.2,92.81,779.75,807.41,785.13,784.53,4.76,76.05,12.52,2.96,43.08,0.72,14.11,3.96,LANE_A,18884.0,-22.8,90.1,CRUISE_LOITER,0.25,1,20.0,0.45,39.83,0.12,4.23,-0.34,22.32,3.04,-0.56,-0.03,10.54,0.07,-0.14,-0.003,0.01,0.9648,1
22.05,5168.7,2127.1,72.6,86.45,129.15,85.93,92.3,779.5,810.34,784.28,785.84,4.82,75.8,12.39,3.0,43.11,0.706,14.13,4.23,LANE_A,18885.0,-22.8,90.1,CRUISE_LOITER,0.25,1,20.0,-0.12,40.08,-0.14,3.73,-0.59,25.25,2.19,0.75,0.03,10.3,-0.06,-0.11,-0.017,0.03,0.9656,1
22.1,5136.1,2113.6,73.0,86.65,129.15,86.0,92.55,781.32,809.38,782.36,786.09,4.8,76.09,12.56,3.02,43.15,0.725,14.09,4.09,LANE_A,18886.0,-22.8,90.1,CRUISE_LOITER,0.25,1,20.0,0.08,40.08,-0.07,3.98,1.23,24.29,0.27,1.0,0.01,10.59,0.11,-0.07,0.002,-0.01,0.9656,1
22.150000000000002,5163.0,2124.7,72.7,86.47,129.02,86.22,92.91,778.87,809.42,781.89,784.84,4.81,76.12,12.39,3.0,43.13,0.731,14.12,3.96,LANE_A,18887.0,-22.8,90.1,CRUISE_LOITER,0.25,1,20.0,-0.1,39.95,0.15,4.34,-1.21,24.34,-0.19,-0.24,0.02,10.62,-0.06,-0.08,0.008,0.02,0.9652,1
22.200000000000003,5179.9,2131.6,72.7,86.52,128.96,86.17,92.67,779.75,812.14,780.82,787.34,4.83,75.7,12.54,3.01,43.11,0.694,14.08,4.16,LANE_A,18888.0,-22.8,90.1,CRUISE_LOITER,0.25,1,20.0,-0.04,39.9,0.11,4.11,-0.33,27.06,-1.26,2.26,0.04,10.2,0.09,-0.1,-0.029,-0.02,0.9651,1
22.25,5166.8,2126.3,72.8,86.77,128.97,86.02,92.52,777.45,811.66,783.85,784.91,4.81,75.89,12.39,3.0,43.17,0.738,14.11,4.19,LANE_A,18889.0,-22.8,90.2,CRUISE_LOITER,0.25,1,20.0,0.21,39.91,-0.04,3.96,-2.63,26.58,1.77,-0.17,0.02,10.4,-0.06,-0.04,0.015,0.01,0.9651,1
22.3,5171.6,2128.2,72.6,86.67,128.97,86.14,92.5,780.8,808.9,782.13,784.38,4.77,75.96,12.32,3.01,43.1,0.724,14.08,4.11,LANE_A,18889.0,-22.8,90.2,CRUISE_LOITER,0.25,1,20.0,0.11,39.91,0.08,3.94,0.72,23.82,0.05,-0.7,-0.02,10.47,-0.13,-0.11,0.001,-0.02,0.9651,1
22.35,5158.0,2122.6,72.5,86.52,128.99,86.27,92.69,780.25,809.59,783.88,785.18,4.79,76.0,12.35,2.97,43.09,0.751,14.12,4.03,LANE_A,18890.0,-22.8,90.2,CRUISE_LOITER,0.25,1,20.0,-0.04,39.93,0.21,4.13,0.17,24.51,1.8,0.1,0.0,10.51,-0.1,-0.12,0.028,0.02,0.9652,1
22.400000000000002,5164.3,2125.2,72.3,86.64,128.71,86.05,92.55,779.46,808.63,783.24,783.34,4.78,75.79,12.49,2.99,43.11,0.721,14.1,4.12,LANE_A,18891.0,-22.8,90.2,CRUISE_LOITER,0.25,1,20.0,0.09,39.66,0.0,4.0,-0.62,23.55,1.16,-1.74,-0.01,10.3,0.04,-0.1,-0.002,0.0,0.9643,1
22.450000000000003,5151.6,2120.0,72.6,86.89,128.87,86.2,92.31,780.43,810.03,779.98,784.94,4.85,76.03,12.4,2.99,43.1,0.682,14.08,3.99,LANE_A,18892.0,-22.8,90.2,CRUISE_LOITER,0.25,1,20.0,0.34,39.82,0.15,3.76,0.35,24.95,-2.1,-0.14,0.06,10.55,-0.05,-0.11,-0.041,-0.02,0.9648,1
22.5,5162.8,2124.6,72.7,86.24,129.03,86.08,92.46,779.99,808.96,780.3,785.67,4.8,75.94,12.45,3.02,43.23,0.726,14.11,4.1,LANE_A,18893.0,-22.8,90.2,CRUISE_LOITER,0.25,1,20.0,-0.31,39.98,0.03,3.91,-0.09,23.88,-1.78,0.59,0.01,10.46,0.0,0.02,0.003,0.01,0.9653,1
22.55,5192.4,2136.8,72.7,86.59,129.08,86.05,92.47,779.86,808.97,781.83,784.72,4.81,76.02,12.59,3.0,43.22,0.747,14.08,3.97,LANE_A,18894.0,-22.8,90.2,CRUISE_LOITER,0.25,1,20.0,0.04,40.03,0.0,3.92,-0.21,23.9,-0.24,-0.35,0.02,10.54,0.14,0.02,0.024,-0.02,0.9654,1
22.6,5159.0,2123.0,72.7,86.58,128.85,86.1,92.65,780.6,806.46,782.04,785.21,4.78,75.97,12.52,2.99,43.36,0.695,14.1,4.03,LANE_A,18895.0,-22.8,90.2,CRUISE_LOITER,0.25,1,20.0,0.04,39.81,0.06,4.11,0.53,21.39,-0.03,0.14,-0.01,10.49,0.07,0.16,-0.028,0.0,0.9648,1
22.650000000000002,5157.3,2122.3,72.4,86.36,129.14,86.15,92.52,779.42,807.99,781.99,784.32,4.87,75.93,12.34,2.99,43.01,0.697,14.1,3.97,LANE_A,18896.0,-22.8,90.2,CRUISE_LOITER,0.25,1,20.0,-0.18,40.1,0.11,3.98,-0.65,22.92,-0.08,-0.75,0.08,10.46,-0.11,-0.19,-0.026,0.0,0.9656,1
22.700000000000003,5164.7,2125.4,72.6,86.78,129.14,85.9,92.26,779.2,809.43,781.2,785.95,4.79,76.19,12.41,3.01,42.99,0.714,14.12,4.08,LANE_A,18896.0,-22.8,90.2,CRUISE_LOITER,0.25,1,20.0,0.24,40.1,-0.14,3.72,-0.87,24.36,-0.87,0.88,0.0,10.72,-0.04,-0.21,-0.009,0.02,0.9656,1
22.75,5172.8,2128.7,72.4,86.4,129.29,86.22,92.61,781.17,810.31,782.09,784.84,4.85,75.85,12.5,3.01,43.15,0.724,14.09,4.11,LANE_A,18897.0,-22.8,90.2,CRUISE_LOITER,0.25,1,20.0,-0.14,40.25,0.18,4.07,1.1,25.24,0.02,-0.23,0.06,10.38,0.05,-0.05,0.001,-0.01,0.9661,1
22.8,5164.5,2125.3,72.4,86.63,128.86,85.78,92.47,780.54,809.19,782.47,785.11,4.8,75.99,12.51,3.02,43.11,0.718,14.12,3.92,LANE_A,18898.0,-22.8,90.2,CRUISE_LOITER,0.25,1,20.0,0.1,39.83,-0.25,3.94,0.47,24.12,0.4,0.04,0.01,10.52,0.06,-0.09,-0.005,0.02,0.9649,1
22.85,5166.7,2126.2,72.9,86.21,128.98,85.93,92.59,780.83,809.72,780.46,785.34,4.73,75.9,12.45,3.01,43.01,0.709,14.13,4.18,LANE_A,18899.0,-22.8,90.2,CRUISE_LOITER,0.25,1,20.0,-0.32,39.95,-0.1,4.06,0.76,24.65,-1.61,0.27,-0.06,10.44,0.0,-0.19,-0.014,0.03,0.9652,1
22.900000000000002,5177.0,2130.5,72.8,86.63,128.96,86.31,92.84,777.86,808.09,782.29,783.73,4.75,76.34,12.53,2.97,43.07,0.718,14.05,4.0,LANE_A,18900.0,-22.8,90.2,CRUISE_LOITER,0.25,1,20.0,0.1,39.93,0.28,4.31,-2.2,23.03,0.23,-1.33,-0.04,10.88,0.08,-0.13,-0.005,-0.05,0.9652,1
22.950000000000003,5175.5,2129.8,72.6,86.52,129.1,86.01,92.3,780.93,809.36,785.75,783.86,4.86,75.95,12.44,2.97,43.39,0.719,14.09,3.89,LANE_A,18901.0,-22.8,90.2,CRUISE_LOITER,0.25,1,20.0,0.0,40.08,-0.01,3.78,0.87,24.3,3.69,-1.2,0.07,10.49,-0.01,0.19,-0.004,-0.01,0.9656,1
23.0,5151.3,2119.9,72.7,86.6,129.09,86.1,92.58,779.77,810.95,780.35,784.02,4.74,75.94,12.48,2.99,43.25,0.724,14.12,4.05,LANE_A,18902.0,-22.8,90.2,CRUISE_LOITER,0.25,1,20.0,0.08,40.07,0.08,4.06,-0.29,25.89,-1.71,-1.04,-0.05,10.48,0.03,0.06,0.001,0.02,0.9656,1
23.05,5166.5,2126.1,72.8,86.37,128.93,85.94,92.64,778.47,810.09,782.95,787.0,4.8,76.19,12.55,3.0,43.25,0.724,14.06,4.16,LANE_A,18902.0,-22.8,90.2,CRUISE_LOITER,0.25,1,20.0,-0.15,39.91,-0.08,4.12,-1.59,25.03,0.89,1.94,0.01,10.74,0.1,0.06,0.001,-0.04,0.9651,1
23.1,5157.3,2122.3,72.9,86.49,129.06,86.18,92.27,777.86,807.92,781.89,781.06,4.82,76.3,12.56,3.05,43.02,0.733,14.1,4.04,LANE_A,18903.0,-22.8,90.2,CRUISE_LOITER,0.25,1,20.0,-0.03,40.04,0.16,3.75,-2.2,22.86,-0.17,-4.0,0.03,10.85,0.11,-0.17,0.01,0.0,0.9655,1
23.150000000000002,5168.3,2126.9,72.7,86.7,129.25,86.12,92.76,779.19,809.4,784.47,786.06,4.83,75.91,12.33,3.0,43.33,0.718,14.09,4.02,LANE_A,18904.0,-22.8,90.2,CRUISE_LOITER,0.25,1,20.0,0.19,40.24,0.11,4.25,-0.87,24.34,2.41,1.0,0.04,10.46,-0.12,0.14,-0.005,-0.01,0.966,1
23.200000000000003,5169.0,2127.2,72.9,86.46,129.08,86.03,92.37,779.86,809.56,781.64,784.45,4.82,75.81,12.45,2.98,43.21,0.722,14.09,4.02,LANE_A,18905.0,-22.8,90.2,CRUISE_LOITER,0.25,1,20.0,-0.05,40.07,0.02,3.86,-0.2,24.5,-0.42,-0.61,0.03,10.36,0.0,0.02,-0.001,-0.01,0.9655,1
23.25,5172.6,2128.6,73.3,86.68,129.29,86.3,92.71,780.48,808.66,782.31,783.91,4.79,75.86,12.43,3.01,43.26,0.722,14.1,4.1,LANE_A,18906.0,-22.8,90.2,CRUISE_LOITER,0.25,1,20.0,0.17,40.28,0.29,4.2,0.42,23.6,0.25,-1.15,0.0,10.42,-0.02,0.07,-0.001,0.0,0.9661,1
23.3,5170.1,2127.6,72.5,86.62,129.15,86.05,92.74,776.6,809.45,781.96,783.82,4.85,76.16,12.43,2.99,43.2,0.735,14.09,4.06,LANE_A,18907.0,-22.8,90.2,CRUISE_LOITER,0.25,1,20.0,0.11,40.14,0.04,4.23,-3.45,24.4,-0.09,-1.23,0.06,10.72,-0.02,0.01,0.012,-0.01,0.9658,1
23.35,5153.9,2121.0,72.9,86.47,128.73,86.19,92.65,781.95,808.85,783.15,784.85,4.81,76.06,12.45,3.0,43.28,0.731,14.08,3.97,LANE_A,18908.0,-22.8,90.3,CRUISE_LOITER,0.25,1,20.0,-0.03,39.73,0.19,4.15,1.9,23.8,1.1,-0.2,0.02,10.62,0.0,0.09,0.008,-0.02,0.9646,1
23.400000000000002,5165.1,2125.6,72.9,86.5,128.94,85.91,92.57,781.41,809.73,780.54,785.97,4.77,76.22,12.38,2.99,43.12,0.704,14.15,3.87,LANE_A,18909.0,-22.8,90.3,CRUISE_LOITER,0.25,1,20.0,0.0,39.94,-0.09,4.07,1.36,24.68,-1.51,0.92,-0.02,10.78,-0.07,-0.06,-0.019,0.05,0.9652,1
23.450000000000003,5181.0,2132.1,73.0,86.42,129.09,86.07,92.49,781.14,808.77,782.87,781.97,4.75,76.14,12.39,3.01,43.15,0.695,14.11,3.97,LANE_A,18909.0,-22.8,90.3,CRUISE_LOITER,0.25,1,20.0,-0.08,40.09,0.07,3.99,1.09,23.72,0.82,-3.08,-0.04,10.71,-0.06,-0.03,-0.028,0.01,0.9656,1
23.5,5166.0,2125.9,72.7,86.45,129.34,86.23,92.36,779.37,808.67,782.44,784.55,4.74,75.84,12.41,2.98,43.23,0.714,14.1,4.17,LANE_A,18910.0,-22.8,90.3,CRUISE_LOITER,0.25,1,20.0,-0.04,40.35,0.24,3.87,-0.68,23.62,0.39,-0.5,-0.05,10.41,-0.04,0.05,-0.009,0.0,0.9663,1
23.55,5176.4,2130.2,72.6,86.63,129.13,86.19,92.53,778.69,808.18,781.55,785.7,4.8,75.81,12.46,3.04,43.13,0.749,14.09,4.02,LANE_A,18911.0,-22.8,90.3,CRUISE_LOITER,0.25,1,20.0,0.14,40.14,0.2,4.04,-1.36,23.13,-0.5,0.65,0.01,10.38,0.01,-0.05,0.026,-0.01,0.9657,1
23.6,5182.2,2132.6,72.4,86.7,128.83,85.94,92.34,779.5,806.83,782.75,783.64,4.75,76.01,12.46,3.01,43.07,0.717,14.11,3.98,LANE_A,18912.0,-22.8,90.3,CRUISE_LOITER,0.25,1,20.0,0.21,39.84,-0.05,3.85,-0.55,21.78,0.7,-1.41,-0.04,10.58,0.01,-0.11,-0.006,0.01,0.9649,1
23.650000000000002,5163.8,2125.0,72.9,86.88,129.23,86.12,92.55,781.54,809.26,782.64,783.49,4.74,76.04,12.41,3.01,43.16,0.706,14.07,4.04,LANE_A,18913.0,-22.8,90.3,CRUISE_LOITER,0.25,1,20.0,0.39,40.24,0.13,4.06,1.5,24.22,0.6,-1.55,-0.05,10.62,-0.04,-0.02,-0.017,-0.03,0.9661,1
23.700000000000003,5172.2,2128.5,72.7,86.76,129.06,85.97,92.66,780.14,808.1,780.44,786.08,4.83,76.08,12.47,2.99,43.06,0.708,14.09,3.97,LANE_A,18914.0,-22.8,90.3,CRUISE_LOITER,0.25,1,20.0,0.28,40.08,-0.01,4.18,0.1,23.06,-1.6,1.04,0.04,10.66,0.02,-0.12,-0.015,-0.01,0.9656,1
23.75,5169.5,2127.4,72.8,86.28,129.0,86.07,92.79,779.21,808.78,782.0,786.03,4.79,75.92,12.37,3.0,43.18,0.703,14.07,3.87,LANE_A,18915.0,-22.8,90.3,CRUISE_LOITER,0.25,1,20.0,-0.2,40.02,0.09,4.31,-0.83,23.74,-0.04,0.99,0.0,10.5,-0.08,0.0,-0.02,-0.03,0.9654,1
23.8,5160.3,2123.6,72.8,86.43,129.34,85.98,92.56,778.75,806.98,781.89,785.49,4.8,75.88,12.43,3.0,43.51,0.718,14.12,4.16,LANE_A,18916.0,-22.8,90.3,CRUISE_LOITER,0.25,1,20.0,-0.05,40.36,0.0,4.08,-1.29,21.94,-0.15,0.45,0.01,10.46,-0.02,0.34,-0.005,0.02,0.9663,1
23.85,5166.9,2126.3,72.5,86.32,129.25,86.06,92.55,779.01,809.58,779.4,785.45,4.73,75.98,12.62,3.02,43.14,0.72,14.1,4.19,LANE_A,18916.0,-22.8,90.3,CRUISE_LOITER,0.25,1,20.0,-0.16,40.27,0.08,4.07,-1.03,24.54,-2.64,0.41,-0.06,10.57,0.17,-0.03,-0.003,0.0,0.9661,1
23.900000000000002,5169.4,2127.3,72.9,86.48,128.9,86.09,92.93,782.37,807.99,782.72,786.56,4.77,76.03,12.54,2.99,43.2,0.73,14.11,4.07,LANE_A,18917.0,-22.8,90.3,CRUISE_LOITER,0.25,1,20.0,0.01,39.93,0.12,4.46,2.33,22.95,0.68,1.52,-0.02,10.62,0.09,0.03,0.007,0.01,0.9652,1
23.950000000000003,5163.8,2125.0,72.4,86.48,128.73,86.35,92.64,778.2,809.34,780.76,782.91,4.79,75.56,12.43,3.01,43.16,0.746,14.09,4.08,LANE_A,18918.0,-22.8,90.3,CRUISE_LOITER,0.25,1,20.0,0.01,39.76,0.38,4.17,-1.84,24.3,-1.28,-2.13,0.0,10.15,-0.02,-0.01,0.023,-0.01,0.9646,1
24.0,5156.3,2121.9,72.8,86.65,128.85,85.93,92.45,778.7,810.67,783.48,785.41,4.79,75.79,12.53,2.96,43.24,0.715,14.06,4.24,LANE_A,18919.0,-22.8,90.3,CRUISE_LOITER,0.25,1,20.0,0.18,39.88,-0.04,3.98,-1.34,25.63,1.44,0.37,0.0,10.38,0.09,0.07,-0.008,-0.04,0.965,1
24.05,5164.0,2125.1,72.9,86.68,128.91,86.02,92.65,779.68,810.68,781.54,784.37,4.77,75.88,12.5,3.03,43.38,0.708,14.09,4.1,LANE_A,18920.0,-22.8,90.3,CRUISE_LOITER,0.25,1,20.0,0.21,39.94,0.05,4.18,-0.35,25.65,-0.49,-0.66,-0.02,10.48,0.06,0.21,-0.015,-0.01,0.9652,1
24.1,5183.7,2133.2,72.5,86.29,129.02,85.98,92.26,780.51,808.72,781.76,786.39,4.78,76.02,12.36,3.0,43.05,0.739,14.12,4.02,LANE_A,18921.0,-22.8,90.3,CRUISE_LOITER,0.25,1,20.0,-0.17,40.06,0.02,3.8,0.48,23.69,-0.27,1.36,-0.01,10.62,-0.08,-0.12,0.016,0.02,0.9655,1
24.150000000000002,5165.7,2125.8,72.6,86.62,128.93,86.17,92.35,779.81,807.21,782.23,785.55,4.79,76.13,12.41,2.98,43.01,0.728,14.09,3.99,LANE_A,18922.0,-22.8,90.3,CRUISE_LOITER,0.25,1,20.0,0.16,39.97,0.21,3.89,-0.22,22.18,0.2,0.52,0.0,10.73,-0.03,-0.16,0.005,-0.01,0.9652,1
24.200000000000003,5158.8,2123.0,72.6,86.45,128.81,85.85,92.41,781.3,808.04,780.87,785.28,4.72,76.02,12.53,3.02,43.07,0.736,14.11,4.07,LANE_A,18922.0,-22.8,90.3,CRUISE_LOITER,0.25,1,20.0,-0.01,39.85,-0.11,3.95,1.27,23.01,-1.16,0.25,-0.07,10.62,0.09,-0.09,0.013,0.01,0.9649,1
24.25,5163.9,2125.1,72.4,86.22,128.95,85.87,92.44,779.24,811.73,780.93,782.88,4.76,75.7,12.39,3.01,43.0,0.73,14.11,4.06,LANE_A,18923.0,-22.8,90.3,CRUISE_LOITER,0.25,1,20.0,-0.23,40.0,-0.08,3.99,-0.79,26.7,-1.1,-2.15,-0.03,10.31,-0.05,-0.16,0.007,0.01,0.9654,1
24.3,5170.4,2127.7,72.6,86.82,128.87,85.71,92.32,778.66,810.46,782.42,783.69,4.76,75.62,12.27,3.0,42.91,0.71,14.06,4.23,LANE_A,18924.0,-22.8,90.3,CRUISE_LOITER,0.25,1,20.0,0.37,39.92,-0.24,3.87,-1.37,25.43,0.39,-1.34,-0.03,10.23,-0.17,-0.25,-0.013,-0.04,0.9651,1
24.35,5159.6,2123.3,72.4,86.31,128.49,85.95,92.18,779.47,807.01,782.43,783.38,4.8,75.94,12.41,3.01,43.11,0.737,14.17,3.95,LANE_A,18925.0,-22.9,90.3,CRUISE_LOITER,0.25,1,20.0,-0.14,39.54,0.0,3.73,-0.56,21.98,0.4,-1.65,0.01,10.55,-0.03,-0.05,0.014,0.07,0.964,1
24.400000000000002,5144.7,2117.2,72.6,86.54,128.6,85.88,92.43,779.2,809.16,782.57,784.08,4.83,75.87,12.49,2.99,43.12,0.729,14.1,4.08,LANE_A,18926.0,-22.9,90.3,CRUISE_LOITER,0.25,1,20.0,0.09,39.65,-0.07,3.98,-0.83,24.13,0.54,-0.95,0.04,10.48,0.05,-0.04,0.006,0.0,0.9643,1
24.450000000000003,5180.3,2131.8,72.5,86.48,128.87,85.74,92.24,780.22,808.72,784.43,785.94,4.8,75.77,12.46,3.0,43.05,0.734,14.1,4.18,LANE_A,18927.0,-22.9,90.3,CRUISE_LOITER,0.25,1,20.0,0.04,39.93,-0.2,3.8,0.2,23.7,2.41,0.92,0.01,10.39,0.02,-0.11,0.011,0.0,0.9651,1
24.5,5154.3,2121.1,72.9,86.56,129.1,85.85,92.63,776.66,807.2,782.75,785.38,4.76,75.94,12.45,2.98,43.15,0.742,14.05,4.09,LANE_A,18928.0,-22.9,90.4,CRUISE_LOITER,0.25,1,20.0,0.12,40.16,-0.09,4.19,-3.36,22.18,0.73,0.36,-0.03,10.56,0.01,-0.01,0.019,-0.05,0.9658,1
24.55,5179.8,2131.6,72.7,86.12,128.7,85.81,92.59,780.29,808.5,781.65,784.36,4.85,76.22,12.28,3.01,43.18,0.722,14.13,4.05,LANE_A,18929.0,-22.9,90.4,CRUISE_LOITER,0.25,1,20.0,-0.32,39.76,-0.13,4.15,0.27,23.48,-0.37,-0.66,0.06,10.84,-0.16,0.02,-0.001,0.03,0.9647,1
24.6,5174.5,2129.4,72.7,86.4,128.75,85.84,92.23,781.78,810.93,783.02,784.86,4.78,76.04,12.65,3.03,43.22,0.716,14.12,4.0,LANE_A,18929.0,-22.9,90.4,CRUISE_LOITER,0.25,1,20.0,-0.04,39.81,-0.1,3.79,1.76,25.91,1.0,-0.16,-0.01,10.66,0.21,0.06,-0.007,0.02,0.9648,1
24.650000000000002,5144.8,2117.2,72.7,86.32,129.05,85.99,92.51,780.89,811.5,781.3,784.96,4.81,75.76,12.33,3.0,43.2,0.733,14.09,4.08,LANE_A,18930.0,-22.9,90.4,CRUISE_LOITER,0.25,1,20.0,-0.11,40.12,0.06,4.08,0.87,26.48,-0.72,-0.06,0.01,10.39,-0.11,0.05,0.01,-0.01,0.9657,1
24.700000000000003,5158.7,2122.9,72.8,86.51,129.08,85.7,92.77,782.46,806.57,781.24,783.04,4.77,75.54,12.39,3.03,43.24,0.732,14.13,4.06,LANE_A,18931.0,-22.9,90.4,CRUISE_LOITER,0.25,1,20.0,0.08,40.15,-0.23,4.34,2.44,21.55,-0.78,-1.98,-0.03,10.17,-0.05,0.09,0.009,0.03,0.9657,1
24.75,5164.8,2125.4,72.5,86.69,129.02,86.1,92.36,780.53,809.07,781.86,786.79,4.82,75.91,12.43,3.01,43.27,0.727,14.09,4.1,LANE_A,18932.0,-22.9,90.4,CRUISE_LOITER,0.25,1,20.0,0.26,40.09,0.17,3.93,0.51,24.05,-0.16,1.77,0.02,10.54,-0.01,0.12,0.004,-0.01,0.9656,1
24.8,5141.7,2115.9,72.9,86.29,129.06,86.03,92.37,778.8,808.01,783.09,785.12,4.82,75.7,12.41,2.97,42.94,0.725,14.11,4.08,LANE_A,18933.0,-22.9,90.4,CRUISE_LOITER,0.25,1,20.0,-0.13,40.14,0.11,3.95,-1.21,23.0,1.08,0.11,0.02,10.33,-0.03,-0.21,0.002,0.01,0.9657,1
24.85,5179.4,2131.4,72.8,86.59,128.67,86.06,92.59,781.59,808.82,782.43,785.64,4.74,75.78,12.31,3.01,43.25,0.714,14.12,4.01,LANE_A,18934.0,-22.9,90.4,CRUISE_LOITER,0.25,1,20.0,0.17,39.75,0.14,4.17,1.58,23.81,0.42,0.63,-0.06,10.42,-0.13,0.1,-0.009,0.02,0.9646,1
24.900000000000002,5162.7,2124.6,72.8,86.75,128.95,85.9,91.98,780.95,806.77,783.0,784.74,4.83,75.51,12.34,2.98,43.2,0.73,14.1,4.03,LANE_A,18935.0,-22.9,90.4,CRUISE_LOITER,0.25,1,20.0,0.33,40.03,-0.02,3.56,0.94,21.76,0.99,-0.27,0.03,10.15,-0.1,0.05,0.007,0.0,0.9654,1
24.950000000000003,5150.4,2119.5,72.6,86.62,129.23,85.95,92.61,779.34,808.84,780.59,782.51,4.82,76.04,12.43,2.99,43.16,0.729,14.12,4.12,LANE_A,18935.0,-22.9,90.4,CRUISE_LOITER,0.25,1,20.0,0.2,40.31,0.03,4.19,-0.67,23.83,-1.42,-2.5,0.02,10.68,-0.01,0.01,0.006,0.02,0.9662,1
25.0,5164.8,2125.4,73.0,86.54,129.04,85.98,92.15,780.09,808.84,780.55,782.38,4.82,75.84,12.56,2.97,43.08,0.719,14.09,3.96,LANE_A,18936.0,-22.9,90.4,CRUISE_LOITER,0.25,1,20.0,0.13,40.13,0.07,3.74,0.08,23.83,-1.46,-2.63,0.02,10.48,0.12,-0.07,-0.004,-0.01,0.9657,1
25.05,5182.0,2132.5,72.8,86.57,129.02,85.93,92.38,779.69,807.93,780.78,785.42,4.79,76.16,12.41,2.97,43.18,0.741,14.12,3.96,LANE_A,18937.0,-22.9,90.4,CRUISE_LOITER,0.25,1,20.0,0.16,40.11,0.02,3.97,-0.32,22.92,-1.23,0.41,-0.01,10.81,-0.03,0.04,0.018,0.02,0.9657,1
25.1,5155.1,2121.4,72.7,86.25,128.73,85.87,92.51,783.15,810.95,782.57,783.95,4.76,76.08,12.4,3.02,43.29,0.737,14.1,3.91,LANE_A,18938.0,-22.9,90.4,CRUISE_LOITER,0.25,1,20.0,-0.16,39.82,-0.04,4.1,3.14,25.94,0.56,-1.06,-0.04,10.73,-0.04,0.15,0.014,0.0,0.9649,1
25.150000000000002,5174.1,2129.2,72.8,86.6,128.66,85.77,92.54,781.08,808.56,780.2,785.56,4.81,75.92,12.36,3.01,43.0,0.703,14.09,4.09,LANE_A,18939.0,-22.9,90.4,CRUISE_LOITER,0.25,1,20.0,0.19,39.75,-0.14,4.13,1.07,23.55,-1.81,0.55,0.01,10.57,-0.08,-0.14,-0.02,-0.01,0.9646,1
25.200000000000003,5165.8,2125.8,72.9,86.57,129.04,85.63,92.24,781.59,808.28,783.12,784.67,4.82,75.87,12.51,3.02,43.21,0.716,14.13,4.06,LANE_A,18940.0,-22.9,90.4,CRUISE_LOITER,0.25,1,20.0,0.17,40.14,-0.27,3.84,1.59,23.28,1.12,-0.33,0.02,10.52,0.07,0.07,-0.007,0.03,0.9657,1
25.25,5165.0,2125.5,72.7,86.07,128.84,86.16,92.35,780.24,809.13,780.84,785.94,4.8,76.15,12.42,3.02,43.23,0.717,14.11,4.1,LANE_A,18941.0,-22.9,90.4,CRUISE_LOITER,0.25,1,20.0,-0.33,39.94,0.26,3.95,0.24,24.13,-1.16,0.94,0.0,10.81,-0.02,0.09,-0.006,0.01,0.9652,1
25.3,5142.1,2116.1,72.6,86.42,129.0,85.84,92.25,778.64,808.6,781.54,785.34,4.72,76.01,12.52,3.01,43.04,0.715,14.11,4.01,LANE_A,18942.0,-22.9,90.4,CRUISE_LOITER,0.25,1,20.0,0.02,40.1,-0.06,3.85,-1.36,23.6,-0.46,0.34,-0.08,10.67,0.08,-0.1,-0.008,0.01,0.9656,1
25.35,5159.2,2123.1,72.7,86.57,128.91,86.42,92.5,780.74,808.42,783.4,785.32,4.81,76.2,12.45,3.03,43.22,0.716,14.13,4.07,LANE_A,18942.0,-22.9,90.4,CRUISE_LOITER,0.25,1,20.0,0.17,40.01,0.52,4.1,0.74,23.42,1.4,0.32,0.01,10.86,0.01,0.08,-0.007,0.03,0.9654,1
25.400000000000002,5165.5,2125.7,72.6,86.43,128.73,85.67,92.4,778.64,807.35,781.25,786.51,4.8,75.9,12.44,3.0,43.28,0.689,14.09,4.07,LANE_A,18943.0,-22.9,90.4,CRUISE_LOITER,0.25,1,20.0,0.04,39.84,-0.22,4.01,-1.36,22.35,-0.75,1.51,0.0,10.56,0.0,0.14,-0.034,-0.01,0.9649,1
25.450000000000003,5172.6,2128.7,72.7,86.56,128.79,85.73,92.28,781.91,808.62,782.9,784.28,4.81,75.96,12.42,3.02,42.98,0.729,14.07,4.1,LANE_A,18944.0,-22.9,90.4,CRUISE_LOITER,0.25,1,20.0,0.17,39.9,-0.16,3.89,1.91,23.62,0.9,-0.72,0.01,10.63,-0.02,-0.15,0.006,-0.03,0.9651,1
25.5,5169.2,2127.2,72.9,86.25,129.29,86.02,92.17,780.04,809.17,780.13,785.63,4.83,75.65,12.38,3.0,43.17,0.726,14.1,3.89,LANE_A,18945.0,-22.9,90.4,CRUISE_LOITER,0.25,1,20.0,-0.14,40.4,0.13,3.78,0.04,24.17,-1.87,0.63,0.03,10.32,-0.06,0.04,0.003,0.0,0.9665,1
25.55,5167.3,2126.4,72.6,86.31,128.94,85.98,92.59,779.85,807.12,780.51,783.78,4.82,75.95,12.42,2.98,43.27,0.744,14.09,4.03,LANE_A,18946.0,-22.9,90.4,CRUISE_LOITER,0.25,1,20.0,-0.07,40.06,0.1,4.21,-0.15,22.12,-1.49,-1.22,0.02,10.62,-0.02,0.14,0.021,-0.01,0.9655,1
25.6,5154.6,2121.2,73.0,86.43,128.22,85.82,92.23,780.66,808.49,781.01,786.96,4.81,75.85,12.49,2.99,43.21,0.723,14.08,3.92,LANE_A,18947.0,-22.9,90.4,CRUISE_LOITER,0.25,1,20.0,0.05,39.34,-0.06,3.85,0.67,23.5,-0.98,1.97,0.01,10.52,0.05,0.08,0.0,-0.02,0.9634,1
25.650000000000002,5173.2,2128.9,72.5,86.59,128.73,86.0,92.63,780.66,807.29,783.7,785.96,4.83,75.8,12.38,2.99,43.25,0.712,14.1,4.1,LANE_A,18948.0,-22.9,90.5,CRUISE_LOITER,0.25,1,20.0,0.21,39.85,0.12,4.25,0.67,22.3,1.71,0.97,0.03,10.48,-0.06,0.12,-0.011,0.0,0.9649,1
25.700000000000003,5172.1,2128.4,72.9,86.46,128.7,86.03,92.4,778.13,808.63,781.2,787.27,4.77,75.64,12.4,3.01,43.17,0.729,14.1,3.81,LANE_A,18949.0,-22.9,90.5,CRUISE_LOITER,0.25,1,20.0,0.08,39.82,0.15,4.02,-1.86,23.64,-0.79,2.28,-0.03,10.32,-0.04,0.04,0.006,0.0,0.9648,1
25.75,5169.1,2127.2,72.5,86.86,129.03,85.87,92.25,778.56,808.74,781.41,785.01,4.78,75.86,12.4,2.99,43.08,0.711,14.08,4.14,LANE_A,18949.0,-22.9,90.5,CRUISE_LOITER,0.25,1,20.0,0.49,40.16,0.0,3.88,-1.43,23.75,-0.58,0.02,-0.02,10.54,-0.04,-0.05,-0.012,-0.02,0.9658,1
25.8,5163.6,2124.9,72.8,86.4,128.78,85.95,92.24,780.08,809.15,781.84,785.82,4.81,75.8,12.31,2.98,43.24,0.714,14.07,4.05,LANE_A,18950.0,-22.9,90.5,CRUISE_LOITER,0.25,1,20.0,0.03,39.91,0.08,3.87,0.09,24.16,-0.15,0.83,0.01,10.48,-0.13,0.11,-0.009,-0.03,0.9651,1
25.85,5190.1,2135.8,72.6,86.46,128.77,86.05,92.43,779.29,809.84,781.74,786.54,4.83,75.85,12.4,3.01,43.13,0.725,14.1,4.05,LANE_A,18951.0,-22.9,90.5,CRUISE_LOITER,0.25,1,20.0,0.09,39.9,0.18,4.06,-0.7,24.85,-0.25,1.55,0.03,10.54,-0.04,0.0,0.002,0.0,0.9651,1
25.900000000000002,5154.2,2121.1,72.5,86.32,129.1,86.18,92.32,780.33,807.57,781.76,784.61,4.77,75.55,12.42,2.95,42.99,0.695,14.09,3.85,LANE_A,18952.0,-22.9,90.5,CRUISE_LOITER,0.25,1,20.0,-0.05,40.23,0.31,3.95,0.34,22.58,-0.23,-0.38,-0.03,10.24,-0.02,-0.13,-0.029,-0.01,0.966,1
25.950000000000003,5159.4,2123.2,72.8,86.41,128.95,85.96,92.53,780.17,808.91,780.75,783.27,4.8,75.67,12.35,3.01,43.2,0.715,14.1,3.98,LANE_A,18953.0,-22.9,90.5,CRUISE_LOITER,0.25,1,20.0,0.05,40.09,0.1,4.17,0.19,23.93,-1.23,-1.71,0.0,10.36,-0.09,0.08,-0.009,0.0,0.9656,1
26.0,5152.4,2120.3,72.8,86.52,128.89,85.87,92.57,780.44,809.35,781.52,786.08,4.78,75.78,12.55,3.02,43.17,0.723,14.11,3.99,LANE_A,18954.0,-22.9,90.5,CRUISE_LOITER,0.25,1,20.0,0.16,40.03,0.01,4.21,0.46,24.37,-0.46,1.1,-0.02,10.47,0.11,0.05,-0.001,0.01,0.9654,1
26.05,5159.4,2123.2,72.7,86.61,128.89,85.86,92.31,778.35,807.89,779.73,784.3,4.83,75.78,12.49,3.02,43.13,0.726,14.06,4.11,LANE_A,18955.0,-22.9,90.5,CRUISE_LOITER,0.25,1,20.0,0.25,40.03,0.0,3.95,-1.63,22.91,-2.25,-0.68,0.03,10.48,0.06,0.01,0.002,-0.04,0.9654,1
26.1,5188.8,2135.3,72.8,86.31,128.85,86.01,92.16,781.04,807.9,781.08,783.22,4.82,75.86,12.53,2.97,43.12,0.73,14.12,4.2,LANE_A,18955.0,-22.9,90.5,CRUISE_LOITER,0.25,1,20.0,-0.05,39.99,0.15,3.8,1.06,22.92,-0.9,-1.76,0.02,10.56,0.1,0.0,0.006,0.02,0.9653,1
26.150000000000002,5184.6,2133.6,72.4,86.57,128.93,85.76,92.41,778.08,807.38,783.32,785.82,4.83,75.88,12.5,2.99,43.01,0.711,14.07,4.23,LANE_A,18956.0,-22.9,90.5,CRUISE_LOITER,0.25,1,20.0,0.22,40.08,-0.09,4.06,-1.9,22.4,1.34,0.84,0.03,10.58,0.07,-0.11,-0.013,-0.03,0.9656,1
26.200000000000003,5165.8,2125.9,72.2,86.09,129.06,85.98,92.47,778.97,809.66,782.5,787.35,4.84,75.75,12.39,3.01,43.15,0.728,14.08,4.2,LANE_A,18957.0,-22.9,90.5,CRUISE_LOITER,0.25,1,20.0,-0.26,40.21,0.13,4.12,-1.01,24.68,0.52,2.37,0.04,10.45,-0.04,0.03,0.004,-0.02,0.966,1
26.25,5170.5,2127.8,72.8,86.56,128.6,85.27,92.49,780.13,808.31,781.15,783.45,4.77,75.74,12.5,2.99,43.08,0.739,14.1,3.99,LANE_A,18958.0,-22.9,90.5,CRUISE_LOITER,0.25,1,20.0,0.21,39.75,-0.58,4.14,0.15,23.33,-0.83,-1.53,-0.03,10.45,0.07,-0.04,0.015,0.0,0.9646,1
26.3,5160.8,2123.8,72.6,86.2,128.99,85.89,92.24,779.33,808.42,781.37,784.82,4.8,75.89,12.38,2.99,43.02,0.734,14.1,4.12,LANE_A,18959.0,-22.9,90.5,CRUISE_LOITER,0.25,1,20.0,-0.15,40.14,0.04,3.89,-0.65,23.44,-0.61,-0.16,0.0,10.6,-0.05,-0.09,0.01,0.0,0.9657,1
26.35,5175.6,2129.9,72.6,86.4,129.17,86.04,92.45,780.23,807.21,782.58,784.49,4.8,75.93,12.45,3.0,43.43,0.732,14.13,4.07,LANE_A,18960.0,-22.9,90.5,CRUISE_LOITER,0.25,1,20.0,0.06,40.33,0.2,4.11,0.26,22.24,0.61,-0.48,0.0,10.64,0.02,0.32,0.008,0.03,0.9663,1
26.400000000000002,5174.8,2129.5,72.7,86.59,128.6,86.0,92.57,779.83,809.7,780.7,782.89,4.77,75.76,12.45,3.02,43.16,0.734,14.09,4.15,LANE_A,18961.0,-22.9,90.5,CRUISE_LOITER,0.25,1,20.0,0.25,39.76,0.16,4.23,-0.14,24.73,-1.27,-2.08,-0.03,10.47,0.02,0.05,0.01,-0.01,0.9647,1
26.450000000000003,5167.5,2126.5,72.7,86.42,128.92,85.66,92.25,777.25,809.79,782.28,783.23,4.83,75.88,12.37,3.0,43.19,0.717,14.1,4.24,LANE_A,18962.0,-22.9,90.5,CRUISE_LOITER,0.25,1,20.0,0.08,40.08,-0.18,3.91,-2.72,24.82,0.31,-1.74,0.03,10.59,-0.06,0.08,-0.007,0.0,0.9656,1
26.5,5174.7,2129.5,72.7,86.23,128.66,85.74,92.19,778.0,808.87,781.45,783.88,4.86,76.19,12.39,3.02,42.93,0.721,14.05,3.97,LANE_A,18962.0,-22.9,90.5,CRUISE_LOITER,0.25,1,20.0,-0.1,39.83,-0.09,3.86,-1.97,23.9,-0.52,-1.09,0.06,10.91,-0.04,-0.18,-0.003,-0.05,0.9649,1
26.55,5165.1,2125.6,72.8,86.07,128.78,85.72,92.37,779.45,808.99,781.88,784.71,4.84,75.97,12.44,2.97,43.02,0.719,14.07,4.08,LANE_A,18963.0,-22.9,90.5,CRUISE_LOITER,0.25,1,20.0,-0.26,39.95,-0.11,4.04,-0.52,24.02,-0.09,-0.26,0.04,10.69,0.01,-0.09,-0.005,-0.03,0.9652,1
26.6,5154.2,2121.1,72.9,86.37,128.85,85.86,92.64,780.35,810.43,781.8,782.25,4.81,75.62,12.42,2.98,43.09,0.71,14.12,4.21,LANE_A,18964.0,-22.9,90.5,CRUISE_LOITER,0.25,1,20.0,0.04,40.02,0.03,4.31,0.38,25.46,-0.17,-2.72,0.01,10.34,-0.01,-0.02,-0.014,0.02,0.9654,1
26.650000000000002,5162.3,2124.4,72.7,86.14,129.18,85.97,92.33,781.19,810.24,784.22,785.28,4.78,75.64,12.31,3.0,43.11,0.732,14.08,4.03,LANE_A,18965.0,-22.9,90.5,CRUISE_LOITER,0.25,1,20.0,-0.19,40.35,0.14,4.0,1.22,25.27,2.25,0.31,-0.02,10.36,-0.12,0.0,0.008,-0.02,0.9664,1
26.700000000000003,5177.4,2130.6,73.1,85.94,128.82,85.9,92.45,781.29,809.48,780.79,784.57,4.82,75.83,12.33,3.0,43.27,0.734,14.09,4.08,LANE_A,18966.0,-22.9,90.5,CRUISE_LOITER,0.25,1,20.0,-0.38,40.0,0.08,4.13,1.32,24.51,-1.18,-0.4,0.02,10.56,-0.1,0.17,0.01,-0.01,0.9654,1
26.75,5171.5,2128.2,72.8,86.35,129.02,85.92,92.09,778.42,807.91,781.83,784.82,4.82,75.62,12.49,2.97,43.08,0.725,14.13,4.0,LANE_A,18967.0,-22.9,90.5,CRUISE_LOITER,0.25,1,20.0,0.03,40.2,0.1,3.77,-1.54,22.95,-0.13,-0.14,0.02,10.35,0.06,-0.02,0.001,0.03,0.9659,1
26.8,5160.3,2123.6,72.6,86.26,128.66,85.88,92.27,779.88,810.44,783.39,787.79,4.8,75.69,12.64,3.04,42.95,0.734,14.07,3.98,LANE_A,18968.0,-22.9,90.6,CRUISE_LOITER,0.25,1,20.0,-0.06,39.84,0.06,3.95,-0.08,25.48,1.43,2.83,0.0,10.42,0.21,-0.15,0.01,-0.03,0.9649,1
26.85,5153.0,2120.6,72.6,86.49,128.71,85.8,92.54,779.38,809.04,782.63,786.16,4.83,75.69,12.39,3.01,42.96,0.71,14.09,4.11,LANE_A,18968.0,-22.9,90.6,CRUISE_LOITER,0.25,1,20.0,0.17,39.89,-0.02,4.22,-0.58,24.08,0.67,1.2,0.03,10.42,-0.04,-0.14,-0.014,-0.01,0.965,1
26.900000000000002,5169.8,2127.5,73.0,86.16,129.01,85.48,92.33,781.05,808.57,782.91,784.85,4.85,75.87,12.35,2.98,43.12,0.715,14.08,4.06,LANE_A,18969.0,-22.9,90.6,CRUISE_LOITER,0.25,1,20.0,-0.15,40.2,-0.33,4.02,1.09,23.61,0.95,-0.11,0.05,10.61,-0.08,0.02,-0.009,-0.02,0.9659,1
26.950000000000003,5156.3,2121.9,72.7,86.29,129.01,85.9,92.28,780.66,808.88,780.87,784.3,4.79,75.48,12.46,2.98,42.86,0.731,14.07,4.06,LANE_A,18970.0,-22.9,90.6,CRUISE_LOITER,0.25,1,20.0,-0.02,40.2,0.09,3.97,0.7,23.92,-1.09,-0.66,-0.01,10.22,0.03,-0.24,0.007,-0.03,0.9659,1
27.0,5175.7,2129.9,73.0,86.12,129.13,86.07,92.21,779.39,809.37,780.41,788.53,4.82,75.99,12.37,2.98,42.99,0.729,14.14,3.97,LANE_A,18971.0,-22.9,90.6,CRUISE_LOITER,0.25,1,20.0,-0.19,40.32,0.26,3.9,-0.57,24.41,-1.55,3.57,0.02,10.73,-0.06,-0.11,0.005,0.04,0.9663,1
27.05,5174.5,2129.4,72.7,86.43,129.03,85.6,92.62,778.89,808.13,780.88,784.82,4.81,75.74,12.34,2.99,43.11,0.723,14.09,3.97,LANE_A,18972.0,-22.9,90.6,CRUISE_LOITER,0.25,1,20.0,0.12,40.22,-0.21,4.31,-1.07,23.17,-1.08,-0.14,0.01,10.48,-0.09,0.01,-0.001,-0.01,0.966,1
27.1,5164.5,2125.3,73.2,86.3,128.69,85.74,92.66,780.36,808.8,780.74,784.28,4.84,75.57,12.39,3.01,43.22,0.724,14.09,4.12,LANE_A,18973.0,-22.9,90.6,CRUISE_LOITER,0.25,1,20.0,0.0,39.89,-0.06,4.36,0.41,23.85,-1.21,-0.67,0.04,10.32,-0.04,0.12,0.0,-0.01,0.965,1
27.150000000000002,5167.3,2126.5,73.0,86.42,128.43,85.93,92.28,779.08,808.28,782.3,784.06,4.81,75.81,12.56,2.99,43.25,0.756,14.1,4.12,LANE_A,18974.0,-22.9,90.6,CRUISE_LOITER,0.25,1,20.0,0.12,39.63,0.13,3.98,-0.87,23.33,0.35,-0.89,0.01,10.56,0.13,0.16,0.032,0.0,0.9643,1
27.200000000000003,5167.8,2126.7,73.2,86.0,128.88,85.69,92.0,779.66,807.91,782.56,784.81,4.79,75.9,12.33,3.02,43.04,0.709,14.12,4.11,LANE_A,18975.0,-22.9,90.6,CRUISE_LOITER,0.25,1,20.0,-0.3,40.08,-0.11,3.7,-0.29,22.96,0.61,-0.14,-0.01,10.65,-0.1,-0.05,-0.015,0.02,0.9656,1
27.25,5155.8,2121.7,72.6,86.38,128.63,85.64,92.26,778.34,807.42,784.51,782.68,4.83,75.89,12.5,3.03,43.14,0.75,14.12,4.07,LANE_A,18975.0,-23.0,90.6,CRUISE_LOITER,0.25,1,20.0,0.09,39.84,-0.15,3.97,-1.61,22.47,2.56,-2.27,0.03,10.64,0.07,0.05,0.026,0.02,0.9649,1
27.3,5181.9,2132.5,72.9,86.3,128.93,85.96,92.28,779.62,809.97,782.15,784.88,4.79,75.6,12.55,2.99,43.2,0.699,14.11,4.1,LANE_A,18976.0,-23.0,90.6,CRUISE_LOITER,0.25,1,20.0,0.01,40.14,0.17,3.99,-0.33,25.02,0.2,-0.07,-0.01,10.36,0.12,0.11,-0.025,0.01,0.9658,1
27.35,5160.1,2123.5,72.7,86.18,128.78,85.97,92.15,780.16,810.15,782.88,783.84,4.83,75.41,12.5,3.03,43.24,0.726,14.09,3.99,LANE_A,18977.0,-23.0,90.6,CRUISE_LOITER,0.25,1,20.0,-0.11,39.99,0.18,3.86,0.21,25.2,0.93,-1.11,0.03,10.17,0.07,0.15,0.002,-0.01,0.9653,1
27.400000000000002,5157.6,2122.5,72.8,86.55,128.86,85.62,92.11,780.91,808.99,781.46,784.97,4.75,75.69,12.59,3.0,43.23,0.731,14.12,4.07,LANE_A,18978.0,-23.0,90.6,CRUISE_LOITER,0.25,1,20.0,0.26,40.07,-0.17,3.82,0.96,24.04,-0.49,0.02,-0.05,10.45,0.16,0.14,0.007,0.02,0.9655,1
27.450000000000003,5170.7,2127.9,72.6,86.11,128.54,85.55,92.5,777.36,808.84,782.35,784.63,4.86,75.85,12.59,3.01,42.98,0.715,14.1,4.13,LANE_A,18979.0,-23.0,90.6,CRUISE_LOITER,0.25,1,20.0,-0.17,39.76,-0.23,4.22,-2.59,23.89,0.4,-0.32,0.06,10.61,0.16,-0.11,-0.009,0.0,0.9647,1
27.5,5152.3,2120.3,72.8,86.17,128.66,85.73,92.42,778.97,809.9,781.9,784.23,4.8,75.83,12.39,2.97,42.98,0.735,14.08,4.09,LANE_A,18980.0,-23.0,90.6,CRUISE_LOITER,0.25,1,20.0,-0.11,39.88,-0.05,4.14,-0.97,24.96,-0.04,-0.71,0.0,10.6,-0.04,-0.11,0.011,-0.02,0.965,1
27.55,5174.3,2129.3,73.0,85.93,128.96,85.4,92.28,780.01,809.87,782.43,788.96,4.78,75.91,12.36,3.0,43.24,0.728,14.13,4.01,LANE_A,18981.0,-23.0,90.6,CRUISE_LOITER,0.25,1,20.0,-0.35,40.18,-0.38,4.0,0.07,24.93,0.49,4.02,-0.02,10.68,-0.07,0.16,0.004,0.03,0.9659,1
27.6,5159.4,2123.2,72.9,86.06,128.64,85.56,92.38,780.05,810.43,783.31,784.84,4.79,75.78,12.38,2.99,43.14,0.722,14.07,3.96,LANE_A,18981.0,-23.0,90.6,CRUISE_LOITER,0.25,1,20.0,-0.22,39.86,-0.22,4.1,0.11,25.49,1.37,-0.1,-0.01,10.55,-0.05,0.06,-0.002,-0.03,0.965,1
27.650000000000002,5160.9,2123.8,72.8,86.66,128.94,85.89,91.98,779.33,809.11,781.65,785.54,4.76,75.99,12.34,3.0,43.21,0.713,14.06,4.17,LANE_A,18982.0,-23.0,90.6,CRUISE_LOITER,0.25,1,20.0,0.39,40.17,0.12,3.71,-0.61,24.17,-0.29,0.6,-0.04,10.76,-0.09,0.13,-0.011,-0.04,0.9658,1
27.700000000000003,5181.4,2132.3,72.3,86.17,129.24,85.74,91.94,779.51,808.94,782.92,786.1,4.79,75.58,12.37,2.99,43.05,0.718,14.1,3.99,LANE_A,18983.0,-23.0,90.6,CRUISE_LOITER,0.25,1,20.0,-0.1,40.47,-0.03,3.67,-0.43,24.0,0.98,1.16,-0.01,10.36,-0.06,-0.03,-0.006,0.0,0.9667,1
27.75,5168.6,2127.0,72.8,86.31,129.1,85.65,92.11,780.24,810.35,782.12,785.0,4.81,75.92,12.3,3.0,43.06,0.728,14.08,4.13,LANE_A,18984.0,-23.0,90.6,CRUISE_LOITER,0.25,1,20.0,0.04,40.33,-0.12,3.84,0.3,25.41,0.18,0.06,0.01,10.7,-0.13,-0.02,0.004,-0.02,0.9663,1
27.8,5160.7,2123.7,73.1,86.26,128.91,85.86,92.46,777.43,808.37,783.58,784.42,4.8,75.57,12.35,3.01,43.07,0.715,14.07,4.07,LANE_A,18985.0,-23.0,90.6,CRUISE_LOITER,0.25,1,20.0,-0.01,40.14,0.09,4.19,-2.51,23.43,1.64,-0.52,0.0,10.35,-0.08,-0.01,-0.009,-0.03,0.9657,1
27.85,5188.2,2135.1,73.0,86.58,128.76,85.69,92.35,779.93,807.46,780.4,784.88,4.82,75.51,12.43,3.0,43.26,0.728,14.12,4.03,LANE_A,18986.0,-23.0,90.6,CRUISE_LOITER,0.25,1,20.0,0.32,40.0,-0.07,4.09,-0.01,22.52,-1.54,-0.06,0.02,10.29,0.0,0.18,0.004,0.02,0.9653,1
27.900000000000002,5174.0,2129.2,73.3,86.19,128.78,85.89,92.27,782.87,811.57,782.31,784.98,4.82,75.62,12.41,2.98,43.09,0.705,14.09,4.08,LANE_A,18987.0,-23.0,90.6,CRUISE_LOITER,0.25,1,20.0,-0.07,40.02,0.13,4.01,2.94,26.64,0.38,0.05,0.02,10.41,-0.02,0.01,-0.019,-0.01,0.9654,1
27.950000000000003,5184.2,2133.4,72.6,86.35,128.66,85.38,91.98,779.35,808.39,782.94,784.01,4.78,75.54,12.37,3.01,43.08,0.711,14.07,4.06,LANE_A,18988.0,-23.0,90.7,CRUISE_LOITER,0.25,1,20.0,0.09,39.9,-0.38,3.72,-0.58,23.46,1.01,-0.92,-0.02,10.33,-0.06,0.01,-0.013,-0.03,0.965,1
28.0,5169.7,2127.4,73.1,85.85,128.5,85.68,92.35,781.5,809.66,782.43,785.04,4.82,75.89,12.52,3.01,43.08,0.726,14.13,3.93,LANE_A,18988.0,-23.0,90.7,CRUISE_LOITER,0.25,1,20.0,-0.41,39.74,-0.08,4.09,1.57,24.73,0.5,0.11,0.02,10.68,0.09,0.01,0.002,0.03,0.9646,1
28.05,5190.0,2135.8,73.4,86.23,128.74,85.84,92.31,778.3,809.63,781.51,786.28,4.85,75.62,12.57,3.0,43.37,0.75,14.14,3.99,LANE_A,18989.0,-23.0,90.7,CRUISE_LOITER,0.25,1,20.0,-0.02,39.99,0.09,4.06,-1.63,24.7,-0.42,1.35,0.05,10.41,0.15,0.3,0.026,0.04,0.9653,1
28.1,5172.1,2128.4,72.8,86.48,128.67,85.48,92.09,779.51,810.18,780.12,785.11,4.8,76.12,12.48,2.98,43.1,0.729,14.07,4.07,LANE_A,18990.0,-23.0,90.7,CRUISE_LOITER,0.25,1,20.0,0.23,39.92,-0.27,3.84,-0.42,25.25,-1.81,0.18,0.0,10.92,0.06,0.03,0.005,-0.03,0.9652,1
28.150000000000002,5170.4,2127.7,73.0,86.1,128.6,85.61,92.16,777.15,810.94,782.5,783.96,4.82,75.42,12.36,2.99,43.1,0.738,14.12,3.92,LANE_A,18991.0,-23.0,90.7,CRUISE_LOITER,0.25,1,20.0,-0.15,39.85,-0.14,3.91,-2.78,26.01,0.57,-0.97,0.02,10.22,-0.06,0.03,0.014,0.02,0.9649,1
28.200000000000003,5149.2,2119.0,72.9,86.32,128.48,85.71,92.14,778.82,806.79,783.3,786.03,4.86,75.89,12.33,3.01,42.96,0.719,14.11,4.02,LANE_A,18992.0,-23.0,90.7,CRUISE_LOITER,0.25,1,20.0,0.08,39.74,-0.03,3.9,-1.11,21.86,1.37,1.1,0.06,10.69,-0.09,-0.11,-0.005,0.01,0.9646,1
28.25,5167.5,2126.5,72.8,85.99,128.76,85.87,92.06,780.01,809.53,781.29,784.31,4.75,75.84,12.4,2.99,43.01,0.718,14.06,4.11,LANE_A,18993.0,-23.0,90.7,CRUISE_LOITER,0.25,1,20.0,-0.25,40.02,0.13,3.82,0.09,24.61,-0.63,-0.61,-0.05,10.64,-0.02,-0.06,-0.006,-0.04,0.9654,1
28.3,5154.5,2121.2,73.0,86.48,128.74,85.95,92.08,781.65,805.29,783.62,786.1,4.81,75.43,12.36,3.0,43.18,0.739,14.09,3.87,LANE_A,18994.0,-23.0,90.7,CRUISE_LOITER,0.25,1,20.0,0.24,40.0,0.21,3.84,1.73,20.37,1.7,1.18,0.01,10.24,-0.06,0.11,0.015,-0.01,0.9653,1
28.35,5176.1,2130.1,72.9,86.01,128.89,85.72,91.97,781.15,809.4,782.22,786.31,4.8,75.62,12.35,3.01,43.02,0.719,14.1,4.0,LANE_A,18994.0,-23.0,90.7,CRUISE_LOITER,0.25,1,20.0,-0.23,40.15,-0.02,3.73,1.23,24.48,0.3,1.39,0.0,10.43,-0.07,-0.05,-0.005,0.0,0.9658,1
28.400000000000002,5172.0,2128.4,73.0,86.06,128.53,86.01,92.63,778.28,811.55,780.96,783.12,4.8,75.7,12.39,3.0,43.44,0.72,14.11,4.12,LANE_A,18995.0,-23.0,90.7,CRUISE_LOITER,0.25,1,20.0,-0.17,39.8,0.28,4.4,-1.64,26.63,-0.96,-1.8,0.0,10.51,-0.03,0.38,-0.004,0.01,0.9648,1
28.450000000000003,5148.9,2118.9,72.6,86.01,128.76,85.29,91.95,779.28,807.77,784.06,784.6,4.79,75.82,12.45,3.02,43.12,0.703,14.11,3.99,LANE_A,18996.0,-23.0,90.7,CRUISE_LOITER,0.25,1,20.0,-0.22,40.03,-0.44,3.72,-0.64,22.85,2.14,-0.32,-0.01,10.63,0.03,0.06,-0.021,0.01,0.9654,1
28.5,5168.3,2126.9,72.5,86.45,128.82,85.46,91.9,777.97,809.6,781.35,784.36,4.77,75.63,12.5,3.01,43.07,0.729,14.07,4.12,LANE_A,18997.0,-23.0,90.7,CRUISE_LOITER,0.25,1,20.0,0.22,40.09,-0.27,3.67,-1.95,24.68,-0.57,-0.56,-0.03,10.45,0.08,0.01,0.005,-0.03,0.9656,1
28.55,5168.8,2127.1,72.7,86.31,128.76,85.51,92.02,783.05,809.24,783.57,784.84,4.73,75.53,12.43,3.01,42.9,0.738,14.08,3.83,LANE_A,18998.0,-23.0,90.7,CRUISE_LOITER,0.25,1,20.0,0.08,40.03,-0.22,3.79,3.13,24.32,1.65,-0.08,-0.07,10.35,0.01,-0.16,0.014,-0.02,0.9654,1
28.6,5143.7,2116.8,73.0,86.38,128.55,85.47,91.65,782.79,808.23,781.41,785.5,4.79,75.63,12.37,3.01,42.98,0.704,14.08,4.06,LANE_A,18999.0,-23.0,90.7,CRUISE_LOITER,0.25,1,20.0,0.16,39.83,-0.25,3.43,2.87,23.31,-0.51,0.58,-0.01,10.45,-0.05,-0.08,-0.02,-0.02,0.9648,1
28.650000000000002,5172.5,2128.6,72.8,86.22,128.7,85.32,92.14,779.65,809.08,781.35,782.39,4.81,75.88,12.52,2.98,43.21,0.724,14.08,4.06,LANE_A,19000.0,-23.0,90.7,CRUISE_LOITER,0.25,1,20.0,0.0,39.98,-0.4,3.92,-0.26,24.17,-0.56,-2.52,0.01,10.7,0.1,0.15,0.0,-0.02,0.9653,1
28.700000000000003,5151.6,2120.0,72.7,86.13,128.71,85.7,92.34,779.04,807.98,779.96,787.2,4.86,75.58,12.35,2.98,43.4,0.745,14.11,3.98,LANE_A,19001.0,-23.0,90.7,CRUISE_LOITER,0.25,1,20.0,-0.09,39.99,-0.02,4.12,-0.87,23.07,-1.95,2.29,0.06,10.41,-0.07,0.34,0.021,0.01,0.9653,1
28.75,5153.2,2120.7,73.0,86.35,128.53,85.58,91.92,780.65,809.39,781.01,785.17,4.78,75.91,12.39,3.01,42.98,0.758,14.07,4.2,LANE_A,19001.0,-23.0,90.7,CRUISE_LOITER,0.25,1,20.0,0.13,39.81,-0.14,3.7,0.74,24.48,-0.9,0.26,-0.02,10.74,-0.03,-0.08,0.034,-0.03,0.9648,1
28.8,5146.5,2117.9,73.3,86.09,128.56,85.71,91.93,779.62,809.78,782.29,784.57,4.75,75.7,12.42,3.0,42.85,0.738,14.09,4.25,LANE_A,19002.0,-23.0,90.7,CRUISE_LOITER,0.25,1,20.0,-0.12,39.85,0.0,3.72,-0.29,24.87,0.38,-0.34,-0.05,10.53,0.0,-0.2,0.014,-0.01,0.9649,1
28.85,5169.9,2127.5,72.9,86.27,128.91,85.77,92.14,779.14,809.12,779.89,784.88,4.78,75.63,12.4,3.0,42.99,0.677,14.11,4.08,LANE_A,19003.0,-23.0,90.7,CRUISE_LOITER,0.25,1,20.0,0.06,40.2,0.06,3.93,-0.77,24.21,-2.02,-0.03,-0.02,10.46,-0.02,-0.06,-0.047,0.01,0.9659,1
28.900000000000002,5158.8,2123.0,72.9,86.44,128.92,85.92,92.11,778.55,808.14,784.29,783.2,4.82,75.74,12.4,3.02,42.93,0.705,14.11,3.97,LANE_A,19004.0,-23.0,90.7,CRUISE_LOITER,0.25,1,20.0,0.23,40.21,0.21,3.9,-1.36,23.23,2.38,-1.71,0.02,10.58,-0.02,-0.12,-0.019,0.01,0.9659,1
28.950000000000003,5170.4,2127.7,72.5,86.34,128.72,85.43,92.07,780.33,807.22,782.92,784.98,4.82,75.41,12.27,3.0,42.94,0.734,14.1,3.95,LANE_A,19005.0,-23.0,90.7,CRUISE_LOITER,0.25,1,20.0,0.13,40.01,-0.28,3.86,0.42,22.31,1.01,0.07,0.02,10.25,-0.15,-0.11,0.01,0.0,0.9653,1
29.0,5134.9,2113.1,72.9,86.17,128.68,85.19,92.16,780.09,808.09,781.47,784.77,4.79,75.89,12.4,3.06,43.21,0.749,14.11,4.01,LANE_A,19006.0,-23.0,90.7,CRUISE_LOITER,0.25,1,20.0,-0.03,39.98,-0.51,3.96,0.18,23.18,-0.44,-0.14,-0.01,10.73,-0.02,0.16,0.025,0.01,0.9653,1
29.05,5155.1,2121.5,73.1,86.06,128.68,85.55,92.11,780.01,811.9,782.94,786.38,4.83,75.67,12.39,2.96,43.19,0.741,14.08,4.11,LANE_A,19007.0,-23.0,90.7,CRUISE_LOITER,0.25,1,20.0,-0.14,39.98,-0.15,3.91,0.11,27.0,1.04,1.48,0.03,10.51,-0.03,0.14,0.017,-0.02,0.9653,1
29.1,5182.6,2132.8,73.2,86.41,128.33,85.87,92.24,779.35,808.99,781.99,783.13,4.82,75.55,12.39,3.02,43.06,0.732,14.11,4.15,LANE_A,19007.0,-23.0,90.7,CRUISE_LOITER,0.25,1,20.0,0.21,39.63,0.17,4.04,-0.55,24.09,0.09,-1.77,0.02,10.4,-0.03,0.01,0.008,0.01,0.9643,1
29.150000000000002,5173.6,2129.0,72.9,85.98,128.64,85.84,92.15,781.83,809.56,780.98,784.03,4.76,75.62,12.54,2.98,42.92,0.712,14.11,4.01,LANE_A,19008.0,-23.0,90.8,CRUISE_LOITER,0.25,1,20.0,-0.21,39.95,0.15,3.96,1.93,24.66,-0.92,-0.87,-0.04,10.47,0.12,-0.13,-0.012,0.01,0.9652,1
29.200000000000003,5189.0,2135.4,72.7,86.13,128.77,85.75,92.34,778.79,808.73,782.24,783.04,4.81,75.76,12.44,2.96,43.16,0.737,14.11,4.02,LANE_A,19009.0,-23.0,90.8,CRUISE_LOITER,0.25,1,20.0,-0.06,40.08,0.06,4.15,-1.11,23.83,0.34,-1.86,0.01,10.61,0.02,0.12,0.013,0.01,0.9656,1
29.25,5196.7,2138.6,73.0,86.07,128.79,85.74,92.17,782.2,808.24,781.34,784.31,4.75,75.67,12.45,3.03,43.01,0.717,14.09,3.93,LANE_A,19010.0,-23.0,90.8,CRUISE_LOITER,0.25,1,20.0,-0.12,40.1,0.05,3.98,2.3,23.34,-0.56,-0.59,-0.05,10.52,0.03,-0.03,-0.007,-0.01,0.9656,1
29.3,5150.2,2119.4,72.8,86.19,128.72,85.78,92.4,780.24,810.43,780.28,784.02,4.81,75.7,12.51,2.99,43.19,0.735,14.11,4.15,LANE_A,19011.0,-23.0,90.8,CRUISE_LOITER,0.25,1,20.0,0.0,40.03,0.09,4.21,0.34,25.53,-1.62,-0.88,0.01,10.55,0.09,0.15,0.011,0.01,0.9655,1
29.35,5167.2,2126.4,72.7,86.06,128.86,85.47,92.14,780.95,807.53,779.52,785.77,4.78,75.66,12.4,3.01,43.07,0.706,14.1,4.19,LANE_A,19012.0,-23.0,90.8,CRUISE_LOITER,0.25,1,20.0,-0.12,40.18,-0.21,3.96,1.05,22.63,-2.38,0.87,-0.02,10.52,-0.02,0.03,-0.018,0.0,0.9658,1
29.400000000000002,5197.0,2138.7,72.7,86.19,128.72,85.59,92.2,777.48,809.19,780.66,782.53,4.85,75.43,12.44,3.0,43.1,0.743,14.09,3.88,LANE_A,19013.0,-23.0,90.8,CRUISE_LOITER,0.25,1,20.0,0.01,40.04,-0.09,4.02,-2.41,24.3,-1.23,-2.36,0.05,10.29,0.02,0.06,0.019,-0.01,0.9655,1
29.450000000000003,5178.5,2131.1,72.6,86.13,128.71,85.61,92.19,780.7,809.77,782.7,784.78,4.82,75.31,12.48,3.02,42.92,0.744,14.09,4.01,LANE_A,19014.0,-23.0,90.8,CRUISE_LOITER,0.25,1,20.0,-0.05,40.03,-0.07,4.01,0.81,24.88,0.81,-0.11,0.02,10.17,0.06,-0.12,0.02,-0.01,0.9654,1
29.5,5172.1,2128.4,72.7,86.05,128.39,85.7,92.26,780.23,810.1,781.44,784.09,4.78,75.6,12.34,2.98,42.96,0.716,14.09,4.16,LANE_A,19014.0,-23.0,90.8,CRUISE_LOITER,0.25,1,20.0,-0.13,39.71,0.02,4.08,0.34,25.21,-0.45,-0.8,-0.02,10.46,-0.08,-0.08,-0.008,-0.01,0.9645,1
29.55,5170.0,2127.6,72.9,85.92,128.55,85.66,92.06,779.58,808.26,781.1,785.71,4.78,75.77,12.36,3.01,43.07,0.704,14.09,3.83,LANE_A,19015.0,-23.0,90.8,CRUISE_LOITER,0.25,1,20.0,-0.25,39.88,-0.01,3.89,-0.31,23.37,-0.79,0.82,-0.02,10.64,-0.06,0.03,-0.02,-0.01,0.965,1
29.6,5171.5,2128.2,72.7,86.23,128.63,85.48,92.51,777.89,808.63,781.76,785.94,4.82,75.58,12.49,3.01,43.09,0.709,14.12,4.06,LANE_A,19016.0,-23.0,90.8,CRUISE_LOITER,0.25,1,20.0,0.06,39.96,-0.19,4.34,-2.0,23.74,-0.13,1.05,0.02,10.45,0.07,0.05,-0.015,0.02,0.9652,1
29.650000000000002,5161.8,2124.2,73.0,86.05,128.28,85.42,92.16,780.07,807.91,782.5,783.15,4.82,75.57,12.44,2.98,42.92,0.741,14.1,3.96,LANE_A,19017.0,-23.0,90.8,CRUISE_LOITER,0.25,1,20.0,-0.12,39.61,-0.25,3.99,0.18,23.02,0.61,-1.74,0.02,10.44,0.02,-0.11,0.017,0.0,0.9642,1
29.700000000000003,5162.6,2124.5,73.0,86.33,128.8,85.87,92.22,781.51,807.63,782.64,785.66,4.79,75.5,12.44,2.98,42.92,0.707,14.1,4.11,LANE_A,19018.0,-23.0,90.8,CRUISE_LOITER,0.25,1,20.0,0.16,40.13,0.2,4.05,1.62,22.74,0.75,0.77,-0.01,10.37,0.02,-0.11,-0.017,0.0,0.9657,1
29.75,5175.3,2129.8,72.9,86.35,128.53,85.47,92.09,781.38,809.81,782.4,785.87,4.84,75.7,12.45,3.02,43.2,0.753,14.09,4.07,LANE_A,19019.0,-23.0,90.8,CRUISE_LOITER,0.25,1,20.0,0.19,39.87,-0.19,3.93,1.49,24.92,0.51,0.98,0.04,10.58,0.03,0.17,0.029,-0.01,0.965,1
29.8,5156.3,2121.9,73.0,86.07,128.77,85.91,91.92,781.31,809.45,782.64,786.44,4.82,75.61,12.51,3.0,43.11,0.722,14.1,4.04,LANE_A,19020.0,-23.0,90.8,CRUISE_LOITER,0.25,1,20.0,-0.09,40.11,0.25,3.76,1.43,24.57,0.76,1.56,0.02,10.49,0.09,0.08,-0.002,0.0,0.9657,1
29.85,5161.5,2124.1,72.8,85.94,128.73,85.35,92.25,781.89,808.49,783.6,784.99,4.79,75.4,12.4,3.0,42.91,0.735,14.11,4.07,LANE_A,19020.0,-23.0,90.8,CRUISE_LOITER,0.25,1,20.0,-0.22,40.07,-0.31,4.09,2.01,23.61,1.72,0.11,-0.01,10.28,-0.02,-0.12,0.011,0.01,0.9655,1
29.900000000000002,5148.0,2118.5,72.9,85.94,128.64,85.39,92.22,778.62,806.76,782.43,783.33,4.76,75.6,12.42,2.99,42.94,0.713,14.1,4.08,LANE_A,19021.0,-23.0,90.8,CRUISE_LOITER,0.25,1,20.0,-0.22,39.98,-0.27,4.06,-1.26,21.88,0.55,-1.55,-0.04,10.48,0.0,-0.09,-0.011,0.0,0.9653,1
29.950000000000003,5157.8,2122.5,72.9,86.27,128.33,85.74,92.2,778.4,807.61,781.44,785.31,4.85,75.3,12.58,3.0,42.94,0.706,14.13,3.97,LANE_A,19022.0,-23.0,90.8,CRUISE_LOITER,0.25,1,20.0,0.12,39.68,0.09,4.05,-1.48,22.73,-0.44,0.43,0.05,10.19,0.16,-0.09,-0.018,0.03,0.9644,1
30.0,5172.2,2128.5,73.1,85.84,128.61,85.69,92.1,780.85,808.88,780.32,784.9,4.79,75.83,12.34,3.0,43.17,0.748,14.09,4.02,LANE_A,19023.0,-23.0,90.8,CRUISE_LOITER,0.25,1,20.0,-0.31,39.96,0.04,3.95,0.97,24.0,-1.56,0.02,-0.01,10.72,-0.08,0.14,0.024,-0.01,0.9652,1
30.05,5165.6,2125.7,73.4,86.29,128.49,85.37,92.01,780.9,809.7,780.63,784.73,4.78,75.51,12.43,3.02,42.97,0.712,14.1,3.96,LANE_A,19024.0,-23.0,90.8,CRUISE_LOITER,0.25,1,20.0,0.14,39.84,-0.28,3.86,1.02,24.82,-1.25,-0.15,-0.02,10.4,0.02,-0.05,-0.012,0.0,0.9649,1
30.1,5176.9,2130.4,72.7,86.24,128.62,85.4,92.68,781.58,808.96,783.42,784.58,4.74,75.6,12.43,2.97,43.05,0.718,14.07,3.99,LANE_A,19025.0,-23.0,90.8,CRUISE_LOITER,0.25,1,20.0,0.09,39.97,-0.25,4.53,1.7,24.08,1.54,-0.3,-0.06,10.49,0.02,0.03,-0.006,-0.03,0.9653,1
30.150000000000002,5138.2,2114.5,72.9,86.13,128.63,85.81,92.06,779.29,810.2,783.24,784.3,4.75,75.63,12.36,2.98,43.09,0.73,14.12,4.1,LANE_A,19026.0,-23.1,90.8,CRUISE_LOITER,0.25,1,20.0,-0.01,39.99,0.17,3.92,-0.59,25.32,1.36,-0.58,-0.05,10.53,-0.05,0.07,0.006,0.02,0.9653,1
30.200000000000003,5161.4,2124.0,72.8,86.32,128.84,85.8,92.01,781.05,808.67,783.34,785.31,4.81,75.45,12.41,3.01,42.95,0.724,14.13,4.01,LANE_A,19026.0,-23.1,90.8,CRUISE_LOITER,0.25,1,20.0,0.18,40.2,0.16,3.87,1.18,23.8,1.47,0.44,0.01,10.35,0.0,-0.07,0.0,0.03,0.9659,1
30.25,5163.3,2124.8,72.9,86.24,128.61,85.51,91.92,778.89,808.88,780.64,785.76,4.77,75.55,12.55,2.96,42.85,0.724,14.11,4.3,LANE_A,19027.0,-23.1,90.8,CRUISE_LOITER,0.25,1,20.0,0.1,39.97,-0.13,3.78,-0.98,24.01,-1.23,0.89,-0.03,10.45,0.14,-0.17,0.0,0.01,0.9653,1
30.3,5147.6,2118.4,72.7,85.98,128.39,85.44,91.83,779.83,808.17,781.31,785.48,4.77,75.61,12.3,2.99,43.07,0.733,14.08,4.13,LANE_A,19028.0,-23.1,90.8,CRUISE_LOITER,0.25,1,20.0,-0.15,39.76,-0.19,3.7,-0.04,23.3,-0.56,0.61,-0.03,10.51,-0.11,0.05,0.009,-0.02,0.9646,1
30.35,5164.1,2125.1,72.8,86.08,128.52,85.52,92.49,778.91,809.0,782.7,786.14,4.82,75.47,12.39,2.99,42.92,0.718,14.07,4.11,LANE_A,19029.0,-23.1,90.9,CRUISE_LOITER,0.25,1,20.0,-0.05,39.89,-0.11,4.36,-0.96,24.13,0.83,1.27,0.02,10.38,-0.02,-0.1,-0.006,-0.03,0.965,1
30.400000000000002,5153.7,2120.9,72.7,86.18,128.68,85.67,92.12,781.09,809.6,781.91,785.72,4.8,75.7,12.52,2.98,43.16,0.732,14.09,3.93,LANE_A,19030.0,-23.1,90.9,CRUISE_LOITER,0.25,1,20.0,0.05,40.05,0.04,3.99,1.22,24.73,0.04,0.85,0.0,10.61,0.11,0.14,0.008,-0.01,0.9655,1
30.450000000000003,5168.3,2126.9,73.1,86.24,128.78,85.56,92.2,780.44,808.95,781.61,784.35,4.81,75.67,12.44,3.01,43.01,0.741,14.07,4.0,LANE_A,19031.0,-23.1,90.9,CRUISE_LOITER,0.25,1,20.0,0.11,40.15,-0.07,4.07,0.57,24.08,-0.26,-0.52,0.01,10.58,0.03,0.0,0.017,-0.03,0.9658,1
30.5,5171.0,2128.0,73.0,85.8,128.51,85.24,92.2,780.69,806.86,781.22,784.07,4.83,75.44,12.46,3.0,43.11,0.704,14.11,4.04,LANE_A,19032.0,-23.1,90.9,CRUISE_LOITER,0.25,1,20.0,-0.32,39.89,-0.38,4.08,0.82,21.99,-0.65,-0.8,0.03,10.35,0.05,0.1,-0.02,0.01,0.965,1
30.55,5173.3,2129.0,72.6,85.78,128.69,85.5,92.19,778.31,807.95,780.22,782.29,4.81,75.56,12.43,2.99,42.98,0.693,14.11,3.95,LANE_A,19033.0,-23.1,90.9,CRUISE_LOITER,0.25,1,20.0,-0.34,40.07,-0.12,4.07,-1.56,23.08,-1.65,-2.58,0.01,10.48,0.02,-0.03,-0.031,0.01,0.9655,1
30.6,5161.9,2124.2,72.8,85.89,128.61,85.51,91.98,779.09,808.94,780.43,784.09,4.79,75.58,12.4,2.97,43.06,0.732,14.13,4.05,LANE_A,19033.0,-23.1,90.9,CRUISE_LOITER,0.25,1,20.0,-0.23,39.99,-0.11,3.86,-0.77,24.08,-1.43,-0.77,-0.01,10.5,-0.01,0.05,0.008,0.03,0.9653,1
30.650000000000002,5167.6,2126.6,72.9,86.37,128.61,85.68,92.16,779.89,808.5,783.78,783.81,4.8,75.73,12.37,3.0,42.89,0.745,14.1,4.09,LANE_A,19034.0,-23.1,90.9,CRUISE_LOITER,0.25,1,20.0,0.25,39.99,0.06,4.04,0.03,23.64,1.92,-1.05,0.0,10.65,-0.04,-0.12,0.021,0.0,0.9653,1
30.700000000000003,5151.9,2120.1,72.7,86.16,129.01,85.75,92.04,779.13,809.28,780.22,784.53,4.84,75.51,12.46,3.0,42.95,0.713,14.07,3.95,LANE_A,19035.0,-23.1,90.9,CRUISE_LOITER,0.25,1,20.0,0.05,40.4,0.14,3.93,-0.73,24.42,-1.64,-0.33,0.04,10.43,0.05,-0.06,-0.011,-0.03,0.9665,1
30.75,5148.7,2118.8,73.0,86.1,128.74,85.56,92.25,781.43,808.97,781.92,782.93,4.78,75.54,12.43,3.01,43.05,0.74,14.09,4.07,LANE_A,19036.0,-23.1,90.9,CRUISE_LOITER,0.25,1,20.0,-0.01,40.13,-0.05,4.14,1.57,24.11,0.06,-1.93,-0.02,10.47,0.02,0.04,0.016,-0.01,0.9657,1
30.8,5176.1,2130.1,72.9,86.19,128.56,85.3,92.27,780.06,810.47,780.61,783.82,4.81,75.43,12.33,3.01,42.78,0.701,14.1,3.9,LANE_A,19037.0,-23.1,90.9,CRUISE_LOITER,0.25,1,20.0,0.08,39.95,-0.31,4.16,0.2,25.61,-1.25,-1.04,0.01,10.36,-0.08,-0.23,-0.023,0.0,0.9652,1
30.85,5164.7,2125.4,72.6,86.24,128.55,85.63,92.14,781.38,808.3,782.19,784.98,4.81,75.55,12.42,2.97,43.09,0.709,14.13,4.16,LANE_A,19038.0,-23.1,90.9,CRUISE_LOITER,0.25,1,20.0,0.13,39.94,0.02,4.03,1.52,23.44,0.33,0.12,0.01,10.48,0.01,0.08,-0.015,0.03,0.9652,1
30.900000000000002,5171.4,2128.1,73.0,86.05,128.77,85.65,92.09,779.37,809.8,783.4,784.11,4.79,75.51,12.36,3.01,43.06,0.701,14.1,4.05,LANE_A,19039.0,-23.1,90.9,CRUISE_LOITER,0.25,1,20.0,-0.05,40.17,0.05,3.99,-0.49,24.94,1.54,-0.75,-0.01,10.44,-0.05,0.06,-0.023,0.0,0.9658,1
30.950000000000003,5181.1,2132.1,72.8,86.16,128.67,85.77,92.01,782.01,810.97,779.97,786.79,4.86,75.64,12.34,3.0,42.84,0.745,14.07,4.02,LANE_A,19039.0,-23.1,90.9,CRUISE_LOITER,0.25,1,20.0,0.06,40.07,0.17,3.91,2.16,26.12,-1.88,1.94,0.06,10.57,-0.07,-0.16,0.021,-0.03,0.9656,1
31.0,5177.3,2130.6,73.0,86.15,128.55,85.84,92.35,780.97,810.06,780.7,785.02,4.82,75.48,12.49,3.01,43.08,0.737,14.11,3.93,LANE_A,19040.0,-23.1,90.9,CRUISE_LOITER,0.25,1,20.0,0.05,39.95,0.24,4.25,1.12,25.21,-1.15,0.17,0.02,10.42,0.08,0.08,0.013,0.01,0.9652,1
31.05,5172.3,2128.5,72.7,86.04,128.7,85.89,91.76,778.84,809.74,780.13,783.84,4.81,75.66,12.34,2.97,42.97,0.741,14.13,3.98,LANE_A,19041.0,-23.1,90.9,CRUISE_LOITER,0.25,1,20.0,-0.06,40.1,0.29,3.66,-1.01,24.89,-1.72,-1.01,0.01,10.6,-0.07,-0.03,0.017,0.03,0.9656,1
31.1,5158.1,2122.7,72.8,85.95,128.6,85.89,91.99,781.8,809.59,780.45,785.26,4.76,75.37,12.53,3.0,42.76,0.722,14.09,4.1,LANE_A,19042.0,-23.1,90.9,CRUISE_LOITER,0.25,1,20.0,-0.14,40.01,0.3,3.9,1.95,24.74,-1.4,0.41,-0.04,10.31,0.12,-0.24,-0.002,-0.01,0.9654,1
31.150000000000002,5191.9,2136.6,72.8,86.09,128.57,85.77,92.09,780.19,811.55,782.29,787.62,4.8,75.4,12.44,3.0,42.96,0.703,14.12,4.09,LANE_A,19043.0,-23.1,90.9,CRUISE_LOITER,0.25,1,20.0,0.0,39.98,0.18,4.0,0.34,26.7,0.44,2.77,0.0,10.34,0.03,-0.04,-0.021,0.02,0.9653,1
31.200000000000003,5171.1,2128.0,72.5,85.94,128.44,85.36,91.93,779.48,808.37,783.36,783.51,4.76,75.85,12.45,3.01,42.97,0.729,14.12,4.25,LANE_A,19044.0,-23.1,90.9,CRUISE_LOITER,0.25,1,20.0,-0.15,39.85,-0.23,3.84,-0.37,23.52,1.51,-1.34,-0.04,10.8,0.04,-0.03,0.005,0.02,0.9649,1
31.25,5180.9,2132.1,72.9,86.07,128.5,85.91,91.74,780.17,809.91,782.08,785.61,4.76,75.64,12.23,3.01,42.83,0.737,14.08,3.91,LANE_A,19045.0,-23.1,90.9,CRUISE_LOITER,0.25,1,20.0,-0.02,39.91,0.32,3.65,0.32,25.06,0.23,0.76,-0.04,10.59,-0.18,-0.17,0.013,-0.02,0.9651,1
31.3,5175.2,2129.7,72.8,85.99,128.36,85.86,92.16,779.41,809.37,782.01,786.53,4.78,75.54,12.37,2.99,42.99,0.721,14.09,3.96,LANE_A,19046.0,-23.1,90.9,CRUISE_LOITER,0.25,1,20.0,-0.09,39.78,0.28,4.08,-0.44,24.52,0.16,1.68,-0.02,10.49,-0.04,0.0,-0.003,-0.01,0.9647,1
31.35,5186.1,2134.2,73.3,86.23,128.69,85.28,92.03,777.62,808.66,781.94,783.89,4.79,75.5,12.32,3.0,42.93,0.701,14.07,4.18,LANE_A,19046.0,-23.1,90.9,CRUISE_LOITER,0.25,1,20.0,0.15,40.11,-0.3,3.95,-2.22,23.82,0.1,-0.95,-0.01,10.45,-0.09,-0.06,-0.023,-0.03,0.9657,1
31.400000000000002,5165.9,2125.9,73.0,86.3,128.69,85.44,92.36,780.64,809.38,779.96,784.43,4.84,75.37,12.45,3.02,43.21,0.746,14.11,4.2,LANE_A,19047.0,-23.1,90.9,CRUISE_LOITER,0.25,1,20.0,0.22,40.11,-0.14,4.28,0.8,24.54,-1.88,-0.41,0.04,10.33,0.04,0.22,0.022,0.01,0.9657,1
31.450000000000003,5156.7,2122.1,72.8,85.95,128.37,85.5,92.24,780.41,810.3,783.09,786.18,4.79,75.67,12.35,2.98,43.17,0.717,14.1,3.93,LANE_A,19048.0,-23.1,90.9,CRUISE_LOITER,0.25,1,20.0,-0.13,39.79,-0.08,4.16,0.57,25.46,1.25,1.34,-0.01,10.63,-0.06,0.18,-0.007,0.0,0.9648,1
31.5,5166.2,2126.0,72.6,86.3,128.4,85.51,92.33,778.32,807.33,781.52,786.51,4.82,75.64,12.5,2.99,43.09,0.741,14.08,4.0,LANE_A,19049.0,-23.1,90.9,CRUISE_LOITER,0.25,1,20.0,0.23,39.83,-0.06,4.26,-1.52,22.49,-0.32,1.67,0.02,10.6,0.09,0.1,0.017,-0.02,0.9649,1
31.55,5183.1,2133.0,73.2,86.33,128.55,85.67,92.2,778.67,809.08,779.99,786.45,4.76,75.7,12.54,3.02,42.89,0.714,14.13,4.2,LANE_A,19050.0,-23.1,90.9,CRUISE_LOITER,0.25,1,20.0,0.26,39.98,0.1,4.13,-1.17,24.24,-1.85,1.61,-0.04,10.66,0.13,-0.1,-0.01,0.03,0.9653,1
31.6,5161.8,2124.2,72.9,86.26,128.58,85.59,92.11,778.83,809.37,781.23,784.73,4.79,75.86,12.46,2.98,43.12,0.716,14.1,4.12,LANE_A,19051.0,-23.1,91.0,CRUISE_LOITER,0.25,1,20.0,0.19,40.01,0.02,4.04,-1.01,24.53,-0.61,-0.11,-0.01,10.83,0.05,0.13,-0.008,0.0,0.9654,1
31.650000000000002,5187.5,2134.8,73.0,85.83,128.45,85.35,92.07,780.75,809.51,783.37,782.78,4.78,75.7,12.37,2.97,43.16,0.735,14.14,4.05,LANE_A,19052.0,-23.1,91.0,CRUISE_LOITER,0.25,1,20.0,-0.23,39.89,-0.21,4.01,0.91,24.67,1.53,-2.06,-0.02,10.67,-0.04,0.17,0.011,0.04,0.9651,1
31.700000000000003,5170.8,2127.9,73.3,85.59,128.88,85.28,92.24,783.61,809.28,783.65,784.36,4.82,75.42,12.45,2.99,42.97,0.763,14.11,3.98,LANE_A,19052.0,-23.1,91.0,CRUISE_LOITER,0.25,1,20.0,-0.47,40.32,-0.28,4.18,3.77,24.44,1.81,-0.48,0.02,10.39,0.04,-0.01,0.039,0.01,0.9663,1
31.75,5174.1,2129.3,72.9,86.03,128.72,85.4,92.0,779.61,809.47,779.81,787.19,4.79,75.65,12.36,3.06,42.94,0.731,14.12,4.14,LANE_A,19053.0,-23.1,91.0,CRUISE_LOITER,0.25,1,20.0,-0.03,40.16,-0.16,3.94,-0.22,24.64,-2.02,2.36,-0.01,10.62,-0.05,-0.04,0.007,0.02,0.9658,1
31.8,5153.2,2120.7,73.0,85.77,128.72,85.39,92.3,779.55,812.24,783.02,785.88,4.79,75.74,12.47,3.02,43.01,0.727,14.08,4.03,LANE_A,19054.0,-23.1,91.0,CRUISE_LOITER,0.25,1,20.0,-0.29,40.16,-0.17,4.24,-0.28,27.41,1.19,1.05,-0.01,10.72,0.06,0.03,0.003,-0.02,0.9659,1
31.85,5161.4,2124.0,73.2,86.18,128.53,85.32,91.97,782.44,809.92,781.92,785.25,4.78,75.73,12.28,2.98,42.91,0.703,14.11,3.98,LANE_A,19055.0,-23.1,91.0,CRUISE_LOITER,0.25,1,20.0,0.13,39.98,-0.23,3.92,2.61,25.09,0.09,0.42,-0.02,10.71,-0.13,-0.07,-0.021,0.01,0.9653,1
31.900000000000002,5156.1,2121.9,73.2,86.33,128.46,85.49,91.83,782.02,808.88,781.29,782.98,4.79,75.5,12.35,2.99,42.78,0.743,14.11,4.09,LANE_A,19056.0,-23.1,91.0,CRUISE_LOITER,0.25,1,20.0,0.28,39.91,-0.06,3.78,2.19,24.05,-0.54,-1.85,-0.01,10.48,-0.06,-0.2,0.019,0.01,0.9651,1
31.950000000000003,5180.0,2131.7,73.1,86.04,128.65,85.42,92.07,778.88,807.87,782.3,783.58,4.79,75.42,12.39,3.03,42.78,0.723,14.06,4.13,LANE_A,19057.0,-23.1,91.0,CRUISE_LOITER,0.25,1,20.0,-0.01,40.1,-0.13,4.02,-0.95,23.04,0.47,-1.25,-0.01,10.4,-0.02,-0.2,-0.001,-0.04,0.9656,1
32.0,5172.2,2128.5,73.0,85.77,128.55,85.45,92.1,781.4,809.99,782.0,783.5,4.84,75.55,12.46,2.99,42.92,0.721,14.12,4.08,LANE_A,19058.0,-23.1,91.0,CRUISE_LOITER,0.25,1,20.0,-0.28,40.0,-0.1,4.05,1.57,25.16,0.17,-1.33,0.04,10.54,0.06,-0.06,-0.003,0.02,0.9654,1
32.050000000000004,5186.5,2134.4,72.6,86.12,128.48,85.61,92.16,777.59,810.59,780.56,783.56,4.81,75.55,12.48,2.96,43.06,0.745,14.15,4.08,LANE_A,19058.0,-23.1,91.0,CRUISE_LOITER,0.25,1,20.0,0.08,39.94,0.07,4.12,-2.24,25.76,-1.27,-1.27,0.01,10.54,0.08,0.08,0.021,0.05,0.9652,1
32.1,5162.2,2124.4,72.7,86.04,128.48,85.43,92.03,777.02,807.68,782.45,781.47,4.82,75.52,12.35,2.98,43.14,0.746,14.09,4.05,LANE_A,19059.0,-23.1,91.0,CRUISE_LOITER,0.25,1,20.0,0.0,39.94,-0.11,3.99,-2.8,22.86,0.63,-3.35,0.02,10.51,-0.05,0.16,0.022,-0.01,0.9652,1
32.15,5177.3,2130.6,73.2,86.1,128.5,85.01,91.98,779.48,810.0,781.0,784.21,4.8,75.64,12.45,2.98,43.06,0.688,14.09,4.14,LANE_A,19060.0,-23.1,91.0,CRUISE_LOITER,0.25,1,20.0,0.06,39.96,-0.53,3.94,-0.34,25.18,-0.82,-0.61,0.0,10.63,0.05,0.09,-0.036,-0.01,0.9653,1
32.2,5168.7,2127.0,73.0,85.95,128.28,85.85,91.83,777.91,809.02,780.46,784.47,4.81,75.8,12.43,3.02,42.87,0.699,14.11,4.08,LANE_A,19061.0,-23.1,91.0,CRUISE_LOITER,0.25,1,20.0,-0.09,39.74,0.31,3.79,-1.91,24.2,-1.36,-0.35,0.01,10.8,0.03,-0.1,-0.025,0.01,0.9646,1
32.25,5192.9,2137.0,72.7,85.86,128.6,85.36,92.21,780.08,808.36,782.81,785.24,4.77,75.57,12.33,3.01,42.88,0.692,14.12,4.15,LANE_A,19062.0,-23.1,91.0,CRUISE_LOITER,0.25,1,20.0,-0.17,40.07,-0.17,4.18,0.26,23.54,0.99,0.42,-0.03,10.57,-0.07,-0.09,-0.032,0.02,0.9656,1
32.300000000000004,5160.7,2123.8,72.8,85.8,128.35,85.57,92.35,779.96,808.93,782.5,782.91,4.8,75.46,12.41,3.0,42.85,0.714,14.08,4.11,LANE_A,19063.0,-23.1,91.0,CRUISE_LOITER,0.25,1,20.0,-0.23,39.82,0.04,4.32,0.14,24.11,0.68,-1.91,0.0,10.46,0.01,-0.12,-0.01,-0.02,0.9648,1
32.35,5147.8,2118.4,72.9,86.31,128.55,85.43,92.32,782.21,808.73,781.15,785.39,4.85,75.62,12.42,3.01,42.75,0.719,14.09,4.17,LANE_A,19064.0,-23.1,91.0,CRUISE_LOITER,0.25,1,20.0,0.28,40.02,-0.1,4.29,2.39,23.91,-0.67,0.57,0.05,10.62,0.02,-0.22,-0.005,-0.01,0.9654,1
32.4,5142.5,2116.3,73.0,85.97,128.83,85.48,91.66,780.79,809.58,783.7,783.76,4.77,75.61,12.46,2.98,42.98,0.72,14.1,3.95,LANE_A,19065.0,-23.1,91.0,CRUISE_LOITER,0.25,1,20.0,-0.06,40.3,-0.05,3.63,0.97,24.76,1.88,-1.06,-0.03,10.61,0.06,0.01,-0.004,0.0,0.9662,1
32.45,5167.0,2126.3,73.0,86.2,128.29,85.51,92.17,777.99,809.9,780.89,785.51,4.79,75.32,12.18,3.01,42.86,0.743,14.08,3.8,LANE_A,19065.0,-23.1,91.0,CRUISE_LOITER,0.25,1,20.0,0.18,39.77,-0.01,4.15,-1.83,25.08,-0.93,0.69,-0.01,10.33,-0.22,-0.11,0.019,-0.02,0.9647,1
32.5,5186.8,2134.5,73.0,85.91,128.7,85.75,92.25,778.47,808.62,780.31,785.62,4.84,75.4,12.25,3.0,43.01,0.702,14.16,3.76,LANE_A,19066.0,-23.1,91.0,CRUISE_LOITER,0.25,1,20.0,-0.11,40.18,0.23,4.23,-1.34,23.81,-1.5,0.81,0.04,10.41,-0.15,0.04,-0.022,0.06,0.9659,1
32.550000000000004,5179.4,2131.4,73.4,85.97,128.77,85.46,92.01,779.62,807.37,783.34,783.36,4.78,75.56,12.37,2.96,43.03,0.748,14.09,4.03,LANE_A,19067.0,-23.1,91.0,CRUISE_LOITER,0.25,1,20.0,-0.05,40.25,-0.06,3.99,-0.19,22.56,1.53,-1.45,-0.02,10.57,-0.03,0.07,0.024,-0.01,0.966,1
32.6,5194.6,2137.7,73.0,85.8,128.22,85.97,91.97,779.97,808.08,783.93,784.37,4.84,75.51,12.36,2.98,43.04,0.721,14.11,4.19,LANE_A,19068.0,-23.1,91.0,CRUISE_LOITER,0.25,1,20.0,-0.22,39.7,0.45,3.95,0.16,23.27,2.12,-0.44,0.04,10.52,-0.04,0.08,-0.003,0.01,0.9645,1
32.65,5164.8,2125.4,73.0,86.3,128.41,85.06,91.82,779.36,808.92,781.96,784.05,4.76,75.45,12.36,3.0,43.07,0.71,14.13,3.98,LANE_A,19069.0,-23.1,91.0,CRUISE_LOITER,0.25,1,20.0,0.29,39.9,-0.45,3.81,-0.45,24.11,0.15,-0.76,-0.04,10.47,-0.04,0.11,-0.014,0.03,0.9651,1
32.7,5200.1,2139.9,72.8,86.19,128.52,85.37,92.19,780.51,807.58,781.98,785.03,4.8,75.72,12.48,3.0,42.81,0.718,14.12,3.94,LANE_A,19070.0,-23.1,91.0,CRUISE_LOITER,0.25,1,20.0,0.18,40.01,-0.14,4.18,0.7,22.77,0.17,0.22,0.0,10.74,0.08,-0.15,-0.006,0.02,0.9654,1
32.75,5178.5,2131.1,73.0,85.79,128.64,85.65,91.97,781.32,810.11,781.72,785.44,4.82,75.57,12.38,3.01,42.97,0.731,14.11,4.08,LANE_A,19071.0,-23.1,91.0,CRUISE_LOITER,0.25,1,20.0,-0.22,40.13,0.14,3.96,1.51,25.3,-0.09,0.63,0.02,10.59,-0.02,0.01,0.007,0.01,0.9657,1
32.800000000000004,5154.4,2121.1,72.6,86.09,128.59,85.44,92.31,778.66,809.24,782.68,785.65,4.76,75.59,12.39,2.99,42.81,0.72,14.11,4.0,LANE_A,19071.0,-23.1,91.0,CRUISE_LOITER,0.25,1,20.0,0.08,40.08,-0.07,4.3,-1.15,24.43,0.87,0.84,-0.04,10.61,-0.01,-0.15,-0.004,0.01,0.9656,1
32.85,5178.7,2131.2,73.1,85.85,128.25,85.63,91.93,781.65,809.17,781.87,784.08,4.81,75.57,12.38,3.01,43.09,0.713,14.08,4.18,LANE_A,19072.0,-23.1,91.1,CRUISE_LOITER,0.25,1,20.0,-0.15,39.75,0.13,3.93,1.84,24.36,0.06,-0.73,0.01,10.6,-0.02,0.13,-0.011,-0.02,0.9646,1
32.9,5174.5,2129.4,73.2,85.81,128.28,85.25,92.2,780.32,808.35,782.91,785.7,4.78,75.57,12.43,3.01,42.67,0.707,14.1,3.91,LANE_A,19073.0,-23.1,91.1,CRUISE_LOITER,0.25,1,20.0,-0.19,39.78,-0.25,4.2,0.52,23.55,1.11,0.9,-0.02,10.6,0.03,-0.29,-0.017,0.0,0.9647,1
32.95,5167.6,2126.6,73.4,85.94,128.72,85.41,91.79,779.39,809.37,783.23,784.18,4.81,75.49,12.36,3.01,42.96,0.728,14.08,4.13,LANE_A,19074.0,-23.1,91.1,CRUISE_LOITER,0.25,1,20.0,-0.06,40.22,-0.09,3.79,-0.41,24.57,1.43,-0.62,0.01,10.52,-0.04,0.0,0.004,-0.02,0.966,1
33.0,5189.3,2135.5,72.8,86.01,128.53,85.6,91.59,781.04,810.28,783.05,784.25,4.86,75.69,12.38,3.0,43.2,0.723,14.12,4.15,LANE_A,19075.0,-23.1,91.1,CRUISE_LOITER,0.25,1,20.0,0.01,40.03,0.1,3.59,1.24,25.48,1.25,-0.55,0.06,10.72,-0.02,0.25,-0.001,0.02,0.9655,1
33.050000000000004,5171.4,2128.2,73.0,86.05,128.63,85.35,92.15,781.99,810.83,781.12,785.25,4.83,75.25,12.19,2.97,42.86,0.707,14.1,4.16,LANE_A,19076.0,-23.2,91.1,CRUISE_LOITER,0.25,1,20.0,0.06,40.14,-0.14,4.16,2.19,26.03,-0.68,0.45,0.03,10.29,-0.21,-0.09,-0.017,0.0,0.9658,1
33.1,5169.5,2127.4,73.1,85.98,128.74,85.64,91.54,779.53,806.6,782.01,784.83,4.8,75.52,12.35,3.01,43.07,0.728,14.1,4.06,LANE_A,19077.0,-23.2,91.1,CRUISE_LOITER,0.25,1,20.0,-0.01,40.25,0.15,3.55,-0.27,21.8,0.21,0.03,0.0,10.56,-0.05,0.12,0.004,0.0,0.966,1
33.15,5160.5,2123.7,73.1,86.36,128.52,85.36,92.02,780.84,811.86,785.27,785.56,4.79,75.68,12.41,3.03,42.91,0.696,14.05,4.08,LANE_A,19077.0,-23.2,91.1,CRUISE_LOITER,0.25,1,20.0,0.37,40.03,-0.13,4.03,1.04,27.06,3.47,0.76,-0.01,10.72,0.01,-0.04,-0.028,-0.05,0.9655,1
33.2,5158.3,2122.7,72.8,85.68,128.82,85.72,91.78,778.39,808.18,783.37,785.81,4.79,75.29,12.3,2.98,43.13,0.718,14.12,4.01,LANE_A,19078.0,-23.2,91.1,CRUISE_LOITER,0.25,1,20.0,-0.31,40.33,0.23,3.79,-1.41,23.38,1.57,1.01,-0.01,10.33,-0.1,0.18,-0.006,0.02,0.9663,1
33.25,5173.0,2128.8,73.0,85.77,128.68,85.52,92.0,779.82,808.38,781.08,787.14,4.85,75.24,12.34,3.0,42.87,0.719,14.1,4.24,LANE_A,19079.0,-23.2,91.1,CRUISE_LOITER,0.25,1,20.0,-0.21,40.2,0.04,4.02,0.02,23.58,-0.72,2.34,0.05,10.29,-0.06,-0.08,-0.005,0.0,0.9659,1
33.300000000000004,5157.8,2122.6,73.0,86.01,128.71,85.44,91.96,777.58,811.09,781.54,786.26,4.81,75.3,12.32,3.02,43.05,0.726,14.12,4.05,LANE_A,19080.0,-23.2,91.1,CRUISE_LOITER,0.25,1,20.0,0.03,40.23,-0.04,3.98,-2.21,26.3,-0.25,1.47,0.01,10.35,-0.08,0.1,0.002,0.02,0.966,1
33.35,5162.9,2124.7,73.0,85.89,128.55,85.54,92.26,781.54,807.07,782.46,785.46,4.83,75.49,12.55,2.97,42.77,0.709,14.1,4.14,LANE_A,19081.0,-23.2,91.1,CRUISE_LOITER,0.25,1,20.0,-0.09,40.07,0.06,4.28,1.75,22.28,0.67,0.67,0.03,10.54,0.15,-0.18,-0.015,0.0,0.9655,1
33.4,5163.0,2124.7,73.1,85.81,128.64,85.57,92.13,778.38,809.83,782.24,782.58,4.79,75.38,12.47,2.99,42.88,0.707,14.06,4.02,LANE_A,19082.0,-23.2,91.1,CRUISE_LOITER,0.25,1,20.0,-0.16,40.17,0.1,4.16,-1.41,25.04,0.45,-2.21,-0.01,10.43,0.07,-0.06,-0.017,-0.04,0.9659,1
33.45,5174.4,2129.4,72.7,86.27,128.49,85.41,92.29,779.02,808.73,781.55,785.96,4.84,75.51,12.54,3.02,42.91,0.734,14.1,3.99,LANE_A,19083.0,-23.2,91.1,CRUISE_LOITER,0.25,1,20.0,0.3,40.02,-0.06,4.32,-0.77,23.94,-0.24,1.17,0.04,10.57,0.14,-0.03,0.01,0.0,0.9654,1
33.5,5162.6,2124.5,73.2,86.05,128.56,85.57,92.25,780.67,810.84,781.22,785.09,4.83,75.25,12.53,2.99,43.03,0.73,14.09,3.97,LANE_A,19084.0,-23.2,91.1,CRUISE_LOITER,0.25,1,20.0,0.08,40.09,0.1,4.28,0.88,26.05,-0.57,0.3,0.03,10.31,0.13,0.09,0.006,-0.01,0.9656,1
33.550000000000004,5153.5,2120.8,73.2,85.88,128.33,85.31,91.93,777.63,810.26,781.36,786.19,4.79,75.41,12.27,3.0,42.83,0.719,14.07,4.09,LANE_A,19084.0,-23.2,91.1,CRUISE_LOITER,0.25,1,20.0,-0.09,39.86,-0.16,3.96,-2.16,25.47,-0.43,1.4,-0.01,10.47,-0.13,-0.11,-0.005,-0.03,0.965,1
33.6,5174.1,2129.3,72.8,86.25,128.19,85.27,91.98,776.43,808.01,779.98,784.07,4.79,75.3,12.5,2.98,42.89,0.738,14.13,4.12,LANE_A,19085.0,-23.2,91.1,CRUISE_LOITER,0.25,1,20.0,0.29,39.73,-0.19,4.02,-3.36,23.22,-1.81,-0.72,-0.01,10.36,0.1,-0.05,0.014,0.03,0.9645,1
33.65,5174.3,2129.3,73.1,85.71,128.28,85.48,91.82,781.61,808.76,782.36,785.79,4.78,75.32,12.44,2.99,42.89,0.721,14.11,4.02,LANE_A,19086.0,-23.2,91.1,CRUISE_LOITER,0.25,1,20.0,-0.25,39.82,0.02,3.86,1.83,23.98,0.58,1.01,-0.02,10.38,0.04,-0.05,-0.003,0.01,0.9648,1
33.7,5154.0,2121.0,73.4,85.95,128.6,85.37,92.28,779.46,809.67,783.08,784.09,4.82,75.56,12.56,3.01,42.79,0.719,14.1,3.91,LANE_A,19087.0,-23.2,91.1,CRUISE_LOITER,0.25,1,20.0,-0.01,40.14,-0.09,4.32,-0.32,24.89,1.3,-0.69,0.02,10.63,0.16,-0.15,-0.005,0.0,0.9658,1
33.75,5162.5,2124.5,73.0,86.26,128.14,85.44,91.55,780.28,808.49,778.71,785.25,4.81,75.4,12.57,3.01,43.09,0.719,14.13,3.93,LANE_A,19088.0,-23.2,91.1,CRUISE_LOITER,0.25,1,20.0,0.3,39.68,-0.02,3.59,0.5,23.71,-3.07,0.47,0.01,10.47,0.17,0.15,-0.005,0.03,0.9644,1
33.800000000000004,5155.6,2121.6,73.0,85.74,128.57,85.17,92.12,780.86,807.12,782.48,786.2,4.77,75.33,12.31,2.99,43.01,0.731,14.11,3.9,LANE_A,19089.0,-23.2,91.1,CRUISE_LOITER,0.25,1,20.0,-0.21,40.12,-0.28,4.17,1.08,22.34,0.7,1.42,-0.03,10.4,-0.09,0.08,0.007,0.01,0.9657,1
33.85,5148.3,2118.7,72.9,85.97,128.62,85.9,92.01,779.34,807.02,782.88,784.12,4.77,75.2,12.35,3.0,42.93,0.711,14.1,4.07,LANE_A,19090.0,-23.2,91.1,CRUISE_LOITER,0.25,1,20.0,0.02,40.17,0.45,4.06,-0.44,22.24,1.1,-0.66,-0.03,10.27,-0.05,0.0,-0.013,0.0,0.9658,1
33.9,5180.1,2131.7,72.9,85.88,128.62,85.34,91.78,780.51,808.91,781.47,783.32,4.82,75.41,12.29,3.0,42.96,0.74,14.09,4.06,LANE_A,19090.0,-23.2,91.1,CRUISE_LOITER,0.25,1,20.0,-0.07,40.17,-0.11,3.83,0.73,24.13,-0.31,-1.46,0.02,10.49,-0.11,0.03,0.016,-0.01,0.9658,1
33.95,5170.1,2127.6,72.6,86.01,128.33,85.56,92.0,780.72,811.5,782.1,783.19,4.81,75.29,12.39,3.02,42.75,0.738,14.09,4.06,LANE_A,19091.0,-23.2,91.1,CRUISE_LOITER,0.25,1,20.0,0.06,39.88,0.11,4.05,0.94,26.72,0.32,-1.59,0.01,10.37,-0.01,-0.18,0.014,-0.01,0.965,1
34.0,5166.5,2126.1,72.5,85.92,128.39,85.35,91.65,779.3,810.35,779.95,785.2,4.81,75.32,12.48,3.0,43.11,0.687,14.08,4.0,LANE_A,19092.0,-23.2,91.1,CRUISE_LOITER,0.25,1,20.0,-0.02,39.95,-0.09,3.71,-0.48,25.57,-1.83,0.42,0.01,10.4,0.09,0.18,-0.037,-0.02,0.9652,1
34.050000000000004,5148.3,2118.6,72.9,85.99,128.44,85.29,91.7,778.99,808.54,783.12,784.19,4.82,75.49,12.43,2.95,43.03,0.735,14.09,3.98,LANE_A,19093.0,-23.2,91.1,CRUISE_LOITER,0.25,1,20.0,0.05,40.0,-0.15,3.76,-0.78,23.77,1.35,-0.58,0.02,10.57,0.04,0.1,0.011,-0.01,0.9653,1
34.1,5184.5,2133.5,72.9,85.97,128.23,85.55,91.94,778.49,809.33,782.04,785.52,4.81,75.65,12.22,2.97,42.92,0.727,14.1,4.08,LANE_A,19094.0,-23.2,91.2,CRUISE_LOITER,0.25,1,20.0,0.03,39.79,0.11,4.0,-1.28,24.56,0.27,0.75,0.01,10.74,-0.17,-0.01,0.003,0.0,0.9648,1
34.15,5161.7,2124.2,73.0,85.98,128.47,85.31,92.18,780.35,808.1,781.82,785.49,4.82,75.32,12.3,3.03,43.04,0.715,14.1,4.13,LANE_A,19095.0,-23.2,91.2,CRUISE_LOITER,0.25,1,20.0,0.04,40.03,-0.13,4.24,0.58,23.33,0.05,0.72,0.02,10.41,-0.09,0.11,-0.009,0.0,0.9654,1
34.2,5144.3,2117.0,72.9,86.17,128.66,85.28,91.77,781.77,809.44,784.06,786.09,4.85,75.57,12.33,2.98,43.3,0.731,14.08,4.18,LANE_A,19096.0,-23.2,91.2,CRUISE_LOITER,0.25,1,20.0,0.24,40.23,-0.15,3.84,2.0,24.67,2.29,1.32,0.05,10.66,-0.06,0.37,0.007,-0.02,0.966,1
34.25,5159.0,2123.0,73.1,85.89,128.17,85.67,92.13,779.59,808.16,783.01,785.57,4.79,75.45,12.53,2.98,43.11,0.729,14.08,4.1,LANE_A,19096.0,-23.2,91.2,CRUISE_LOITER,0.25,1,20.0,-0.04,39.74,0.24,4.2,-0.18,23.39,1.24,0.8,-0.01,10.54,0.14,0.19,0.005,-0.02,0.9646,1
34.300000000000004,5174.0,2129.2,72.9,86.11,128.61,85.46,91.89,779.0,809.91,783.44,781.75,4.84,75.42,12.41,3.01,42.91,0.728,14.07,4.13,LANE_A,19097.0,-23.2,91.2,CRUISE_LOITER,0.25,1,20.0,0.18,40.18,0.03,3.96,-0.77,25.14,1.67,-3.02,0.04,10.52,0.02,-0.01,0.004,-0.03,0.9659,1
34.35,5163.1,2124.7,73.4,85.95,128.32,85.52,91.97,781.35,808.6,781.39,782.97,4.78,75.3,12.47,2.97,42.95,0.708,14.1,3.86,LANE_A,19098.0,-23.2,91.2,CRUISE_LOITER,0.25,1,20.0,0.02,39.89,0.09,4.04,1.58,23.83,-0.38,-1.8,-0.02,10.4,0.08,0.03,-0.016,0.0,0.965,1
34.4,5186.8,2134.5,73.1,85.96,128.56,85.13,92.3,779.43,808.83,781.65,785.93,4.87,75.45,12.26,2.98,42.98,0.724,14.08,4.13,LANE_A,19099.0,-23.2,91.2,CRUISE_LOITER,0.25,1,20.0,0.04,40.14,-0.29,4.38,-0.34,24.06,-0.12,1.16,0.07,10.55,-0.13,0.06,0.0,-0.02,0.9658,1
34.45,5140.6,2115.5,73.1,85.83,128.48,85.34,91.76,778.53,809.1,783.94,783.84,4.83,74.96,12.45,3.0,42.67,0.724,14.1,4.0,LANE_A,19100.0,-23.2,91.2,CRUISE_LOITER,0.25,1,20.0,-0.09,40.06,-0.08,3.84,-1.23,24.34,2.18,-0.92,0.03,10.06,0.06,-0.25,0.0,0.0,0.9655,1
34.5,5180.5,2131.9,72.7,85.88,128.43,85.49,91.95,780.12,808.6,784.23,785.42,4.78,75.24,12.48,2.98,43.03,0.727,14.13,4.07,LANE_A,19101.0,-23.2,91.2,CRUISE_LOITER,0.25,1,20.0,-0.04,40.01,0.07,4.03,0.36,23.84,2.47,0.66,-0.02,10.35,0.09,0.11,0.003,0.03,0.9654,1
34.550000000000004,5167.0,2126.3,73.0,85.84,128.39,85.51,92.12,780.73,809.12,783.25,782.81,4.86,75.22,12.33,3.03,43.02,0.751,14.12,4.03,LANE_A,19102.0,-23.2,91.2,CRUISE_LOITER,0.25,1,20.0,-0.08,39.97,0.09,4.2,0.97,24.36,1.49,-1.95,0.06,10.33,-0.06,0.1,0.027,0.02,0.9653,1
34.6,5165.9,2125.9,72.8,85.74,128.6,85.42,91.81,778.63,807.99,782.3,783.14,4.78,75.35,12.39,3.05,43.09,0.76,14.11,4.04,LANE_A,19102.0,-23.2,91.2,CRUISE_LOITER,0.25,1,20.0,-0.17,40.19,0.01,3.9,-1.13,23.23,0.54,-1.62,-0.02,10.46,0.0,0.17,0.036,0.01,0.9659,1
34.65,5180.9,2132.1,73.0,86.18,128.66,85.58,91.83,777.8,807.89,781.55,783.85,4.82,75.32,12.28,3.01,43.01,0.719,14.07,3.93,LANE_A,19103.0,-23.2,91.2,CRUISE_LOITER,0.25,1,20.0,0.27,40.25,0.17,3.92,-1.96,23.13,-0.21,-0.91,0.02,10.43,-0.11,0.1,-0.005,-0.03,0.966,1
34.7,5176.2,2130.1,72.8,85.65,128.51,85.41,91.95,780.26,808.17,783.21,782.58,4.81,75.58,12.22,3.03,42.74,0.696,14.09,3.9,LANE_A,19104.0,-23.2,91.2,CRUISE_LOITER,0.25,1,20.0,-0.26,40.1,0.0,4.04,0.5,23.41,1.45,-2.18,0.01,10.69,-0.17,-0.17,-0.028,-0.01,0.9656,1
34.75,5157.3,2122.4,73.2,85.65,128.26,85.22,91.72,780.16,806.97,782.54,781.2,4.79,75.73,12.46,2.97,42.73,0.73,14.09,4.07,LANE_A,19105.0,-23.2,91.2,CRUISE_LOITER,0.25,1,20.0,-0.26,39.85,-0.19,3.81,0.4,22.21,0.78,-3.56,-0.01,10.85,0.07,-0.18,0.006,-0.01,0.9649,1
34.800000000000004,5165.8,2125.8,73.1,86.0,128.53,85.37,92.16,780.29,809.29,779.57,785.55,4.78,75.13,12.43,2.98,42.82,0.708,14.1,3.86,LANE_A,19106.0,-23.2,91.2,CRUISE_LOITER,0.25,1,20.0,0.1,40.13,-0.03,4.26,0.53,24.53,-2.19,0.79,-0.02,10.25,0.04,-0.09,-0.016,0.0,0.9657,1
34.85,5159.7,2123.3,72.8,85.74,128.23,85.39,91.76,781.13,809.72,781.46,785.22,4.81,75.32,12.37,2.98,42.88,0.697,14.1,4.03,LANE_A,19107.0,-23.2,91.2,CRUISE_LOITER,0.25,1,20.0,-0.16,39.83,-0.01,3.86,1.38,24.97,-0.29,0.47,0.0,10.44,-0.02,-0.03,-0.027,0.0,0.9649,1
34.9,5152.8,2120.5,72.8,86.03,128.64,85.17,92.2,779.95,808.02,782.12,786.18,4.88,75.34,12.45,2.98,42.86,0.729,14.09,4.06,LANE_A,19108.0,-23.2,91.2,CRUISE_LOITER,0.25,1,20.0,0.13,40.24,-0.23,4.3,0.2,23.27,0.37,1.43,0.07,10.46,0.06,-0.05,0.005,-0.01,0.966,1
34.95,5160.1,2123.5,72.9,85.71,128.29,85.09,91.64,778.19,808.07,781.01,784.89,4.88,75.4,12.31,3.01,43.04,0.697,14.1,4.14,LANE_A,19109.0,-23.2,91.2,CRUISE_LOITER,0.25,1,20.0,-0.19,39.89,-0.31,3.74,-1.56,23.32,-0.74,0.14,0.07,10.53,-0.08,0.13,-0.027,0.0,0.965,1
35.0,5169.1,2127.2,73.0,85.77,128.01,85.27,91.88,781.28,808.61,782.48,783.35,4.77,75.08,12.25,3.01,42.83,0.743,14.11,4.0,LANE_A,19109.0,-23.2,91.2,CRUISE_LOITER,0.25,1,20.0,-0.12,39.62,-0.12,3.99,1.53,23.86,0.73,-1.4,-0.04,10.21,-0.14,-0.08,0.019,0.01,0.9642,1
35.050000000000004,5161.6,2124.1,73.0,85.9,128.65,85.22,92.07,778.91,810.21,781.91,785.95,4.82,75.43,12.41,2.96,43.02,0.741,14.11,3.97,LANE_A,19110.0,-23.2,91.2,CRUISE_LOITER,0.25,1,20.0,0.01,40.26,-0.17,4.18,-0.84,25.46,0.16,1.2,0.01,10.56,0.02,0.12,0.017,0.01,0.9661,1
35.1,5175.1,2129.7,73.1,85.64,128.29,85.63,92.15,779.38,809.59,781.7,786.24,4.81,75.22,12.34,3.02,42.92,0.705,14.07,4.03,LANE_A,19111.0,-23.2,91.2,CRUISE_LOITER,0.25,1,20.0,-0.25,39.9,0.24,4.26,-0.37,24.84,-0.05,1.49,0.0,10.35,-0.05,0.02,-0.019,-0.03,0.9651,1
35.15,5157.9,2122.6,73.0,85.83,128.45,85.12,92.18,777.85,806.58,782.36,785.28,4.82,75.24,12.35,3.0,43.18,0.743,14.11,4.06,LANE_A,19112.0,-23.2,91.2,CRUISE_LOITER,0.25,1,20.0,-0.06,40.06,-0.27,4.29,-1.9,21.83,0.61,0.53,0.01,10.38,-0.04,0.28,0.019,0.01,0.9655,1
35.2,5190.3,2135.9,73.3,86.0,128.23,85.42,91.92,779.85,810.44,779.87,785.94,4.8,75.22,12.35,3.01,42.68,0.698,14.12,4.04,LANE_A,19113.0,-23.2,91.2,CRUISE_LOITER,0.25,1,20.0,0.12,39.85,0.04,4.04,0.1,25.69,-1.88,1.19,-0.01,10.36,-0.04,-0.22,-0.026,0.02,0.9649,1
35.25,5156.9,2122.2,72.8,85.83,128.27,85.55,91.94,780.98,810.76,782.0,785.37,4.79,75.17,12.42,2.99,42.79,0.742,14.14,4.05,LANE_A,19114.0,-23.2,91.2,CRUISE_LOITER,0.25,1,20.0,-0.05,39.89,0.17,4.06,1.24,26.02,0.26,0.63,-0.02,10.31,0.03,-0.11,0.018,0.04,0.9651,1
35.300000000000004,5172.4,2128.5,72.9,86.06,128.32,85.18,91.83,778.15,809.43,781.5,784.87,4.79,75.55,12.31,2.99,42.9,0.723,14.09,4.11,LANE_A,19115.0,-23.2,91.2,CRUISE_LOITER,0.25,1,20.0,0.18,39.94,-0.2,3.95,-1.59,24.69,-0.24,0.13,-0.02,10.69,-0.08,0.0,-0.001,-0.01,0.9652,1
35.35,5168.0,2126.7,72.9,85.94,128.44,85.3,91.98,777.74,808.61,781.02,785.82,4.78,75.19,12.36,2.99,42.87,0.722,14.11,3.93,LANE_A,19115.0,-23.2,91.2,CRUISE_LOITER,0.25,1,20.0,0.06,40.06,-0.08,4.1,-2.0,23.87,-0.72,1.08,-0.03,10.34,-0.03,-0.03,-0.002,0.01,0.9655,1
35.4,5175.2,2129.7,73.0,86.13,128.33,85.4,91.89,779.25,809.3,781.65,785.59,4.84,75.33,12.58,2.99,42.9,0.722,14.09,3.94,LANE_A,19116.0,-23.2,91.3,CRUISE_LOITER,0.25,1,20.0,0.26,39.96,0.03,4.02,-0.49,24.56,-0.09,0.85,0.03,10.48,0.19,0.0,-0.002,-0.01,0.9652,1
35.45,5194.9,2137.8,72.8,86.03,128.43,85.35,91.98,779.69,809.57,780.86,784.39,4.78,75.35,12.51,3.0,42.97,0.719,14.07,4.08,LANE_A,19117.0,-23.2,91.3,CRUISE_LOITER,0.25,1,20.0,0.16,40.06,-0.02,4.11,-0.05,24.83,-0.88,-0.35,-0.03,10.5,0.12,0.07,-0.005,-0.03,0.9655,1
35.5,5158.6,2122.9,72.7,85.87,128.44,85.24,91.74,779.3,809.59,783.01,784.64,4.8,75.58,12.39,2.98,42.98,0.718,14.08,3.98,LANE_A,19118.0,-23.2,91.3,CRUISE_LOITER,0.25,1,20.0,0.0,40.07,-0.13,3.87,-0.44,24.85,1.27,-0.1,-0.01,10.73,0.0,0.09,-0.006,-0.02,0.9656,1
35.550000000000004,5161.7,2124.2,73.2,85.54,128.55,85.41,91.78,778.85,806.86,781.25,786.04,4.82,75.11,12.38,2.99,42.91,0.704,14.1,4.04,LANE_A,19119.0,-23.2,91.3,CRUISE_LOITER,0.25,1,20.0,-0.33,40.18,0.04,3.91,-0.89,22.12,-0.49,1.3,0.01,10.27,-0.01,0.02,-0.02,0.0,0.9658,1
35.6,5166.6,2126.2,73.3,85.95,128.65,85.37,91.68,779.51,808.39,780.02,784.42,4.78,75.66,12.36,2.99,42.82,0.726,14.1,3.87,LANE_A,19120.0,-23.2,91.3,CRUISE_LOITER,0.25,1,20.0,0.09,40.29,0.01,3.82,-0.22,23.66,-1.71,-0.31,-0.03,10.82,-0.03,-0.07,0.002,0.0,0.9662,1
35.65,5165.4,2125.7,72.9,85.79,128.47,85.32,91.79,778.43,809.07,780.53,785.96,4.84,75.02,12.42,2.98,42.8,0.718,14.1,4.23,LANE_A,19121.0,-23.2,91.3,CRUISE_LOITER,0.25,1,20.0,-0.07,40.11,-0.04,3.93,-1.3,24.34,-1.2,1.23,0.03,10.18,0.03,-0.09,-0.006,0.0,0.9657,1
35.7,5154.5,2121.2,73.1,86.24,128.52,85.32,91.62,781.18,808.66,781.14,783.27,4.8,75.36,12.33,3.02,42.92,0.71,14.1,4.16,LANE_A,19121.0,-23.2,91.3,CRUISE_LOITER,0.25,1,20.0,0.38,40.16,-0.04,3.76,1.45,23.93,-0.59,-1.46,-0.01,10.52,-0.06,0.03,-0.014,0.0,0.9658,1
35.75,5182.1,2132.6,72.9,85.71,128.56,85.26,91.63,777.79,809.35,781.75,783.52,4.85,75.34,12.47,2.98,42.98,0.731,14.12,4.12,LANE_A,19122.0,-23.2,91.3,CRUISE_LOITER,0.25,1,20.0,-0.15,40.2,-0.1,3.77,-1.94,24.62,0.02,-1.21,0.04,10.5,0.08,0.09,0.007,0.02,0.9659,1
35.800000000000004,5164.7,2125.4,73.3,86.07,127.96,85.44,91.63,779.57,809.97,782.43,784.19,4.81,75.37,12.22,3.02,42.93,0.698,14.11,3.9,LANE_A,19123.0,-23.2,91.3,CRUISE_LOITER,0.25,1,20.0,0.22,39.61,0.09,3.78,-0.16,25.24,0.7,-0.54,0.0,10.54,-0.17,0.04,-0.026,0.01,0.9642,1
35.85,5176.0,2130.0,73.0,85.84,128.33,85.41,91.68,780.8,809.15,780.66,784.71,4.82,75.13,12.44,2.97,42.86,0.717,14.1,3.96,LANE_A,19124.0,-23.2,91.3,CRUISE_LOITER,0.25,1,20.0,-0.01,39.98,0.06,3.83,1.07,24.42,-1.07,-0.02,0.01,10.3,0.05,-0.03,-0.007,0.0,0.9653,1
35.9,5176.1,2130.1,73.3,85.87,128.57,85.1,92.07,778.27,809.59,780.84,783.17,4.77,75.22,12.21,3.05,42.92,0.721,14.1,3.99,LANE_A,19125.0,-23.2,91.3,CRUISE_LOITER,0.25,1,20.0,0.02,40.22,-0.25,4.22,-1.46,24.86,-0.89,-1.56,-0.04,10.39,-0.18,0.04,-0.003,0.0,0.966,1
35.95,5167.6,2126.6,72.8,85.81,128.42,85.51,92.07,780.03,810.49,781.71,783.0,4.81,75.44,12.41,2.97,42.96,0.715,14.08,3.99,LANE_A,19126.0,-23.3,91.3,CRUISE_LOITER,0.25,1,20.0,-0.04,40.07,0.16,4.22,0.3,25.76,-0.02,-1.73,0.0,10.61,0.02,0.08,-0.009,-0.02,0.9656,1
36.0,5177.2,2130.5,72.8,86.17,128.45,85.53,91.63,781.29,808.19,783.89,785.28,4.83,75.29,12.42,3.01,42.71,0.726,14.07,3.94,LANE_A,19127.0,-23.3,91.3,CRUISE_LOITER,0.25,1,20.0,0.33,40.11,0.19,3.79,1.57,23.47,2.17,0.56,0.02,10.47,0.04,-0.17,0.002,-0.03,0.9657,1
36.050000000000004,5163.8,2125.0,73.2,85.52,128.26,85.36,91.72,776.85,808.58,783.46,787.64,4.83,75.07,12.4,2.99,42.84,0.728,14.09,4.19,LANE_A,19127.0,-23.3,91.3,CRUISE_LOITER,0.25,1,20.0,-0.32,39.92,0.02,3.88,-2.87,23.86,1.74,2.92,0.02,10.25,0.02,-0.04,0.004,-0.01,0.9651,1
36.1,5178.2,2131.0,73.1,85.72,128.25,85.15,91.92,780.2,810.13,782.48,784.99,4.78,75.51,12.62,3.0,42.81,0.705,14.12,4.01,LANE_A,19128.0,-23.3,91.3,CRUISE_LOITER,0.25,1,20.0,-0.12,39.91,-0.19,4.08,0.48,25.41,0.76,0.27,-0.03,10.69,0.24,-0.07,-0.019,0.02,0.9651,1
36.15,5179.0,2131.3,73.0,85.96,128.29,85.32,91.57,780.95,808.93,781.92,783.82,4.8,75.35,12.37,3.0,43.01,0.692,14.06,4.08,LANE_A,19129.0,-23.3,91.3,CRUISE_LOITER,0.25,1,20.0,0.12,39.95,-0.02,3.73,1.23,24.21,0.2,-0.9,-0.01,10.53,-0.01,0.13,-0.032,-0.04,0.9652,1
36.2,5166.9,2126.3,72.8,85.82,128.25,85.69,91.46,780.66,808.15,781.56,786.77,4.8,75.35,12.37,2.99,43.0,0.705,14.11,4.04,LANE_A,19130.0,-23.3,91.3,CRUISE_LOITER,0.25,1,20.0,-0.01,39.92,0.36,3.63,0.94,23.43,-0.16,2.05,-0.01,10.54,-0.01,0.12,-0.019,0.01,0.9651,1
36.25,5171.6,2128.2,73.1,86.07,128.3,85.2,91.81,779.03,810.95,782.38,785.26,4.87,75.41,12.41,2.96,42.9,0.724,14.12,4.05,LANE_A,19131.0,-23.3,91.3,CRUISE_LOITER,0.25,1,20.0,0.24,39.97,-0.13,3.98,-0.69,26.23,0.66,0.54,0.06,10.6,0.03,0.02,0.0,0.02,0.9653,1
36.300000000000004,5169.4,2127.3,72.9,86.17,128.62,85.36,91.93,779.31,808.85,782.1,783.78,4.79,75.12,12.39,3.02,42.8,0.72,14.1,4.12,LANE_A,19132.0,-23.3,91.3,CRUISE_LOITER,0.25,1,20.0,0.34,40.29,0.03,4.1,-0.41,24.13,0.38,-0.94,-0.02,10.31,0.01,-0.07,-0.004,0.0,0.9662,1
36.35,5168.4,2126.9,73.1,86.01,128.04,85.56,91.89,780.02,807.69,781.64,784.27,4.83,75.3,12.47,2.97,43.09,0.717,14.12,4.06,LANE_A,19133.0,-23.3,91.3,CRUISE_LOITER,0.25,1,20.0,0.18,39.71,0.23,4.06,0.3,22.97,-0.08,-0.45,0.02,10.49,0.09,0.22,-0.007,0.02,0.9645,1
36.4,5192.7,2136.9,73.3,85.59,128.13,85.58,91.99,779.24,807.64,781.72,784.5,4.78,75.5,12.37,3.0,42.97,0.73,14.09,4.12,LANE_A,19133.0,-23.3,91.3,CRUISE_LOITER,0.25,1,20.0,-0.23,39.81,0.26,4.17,-0.47,22.93,0.01,-0.21,-0.03,10.7,-0.01,0.1,0.006,-0.01,0.9648,1
36.45,5159.7,2123.3,73.3,85.85,128.48,85.27,91.83,779.1,810.32,780.7,783.28,4.83,75.56,12.41,3.01,42.95,0.731,14.11,4.0,LANE_A,19134.0,-23.3,91.3,CRUISE_LOITER,0.25,1,20.0,0.03,40.16,-0.05,4.01,-0.61,25.61,-1.01,-1.43,0.02,10.76,0.03,0.08,0.007,0.01,0.9658,1
36.5,5159.8,2123.4,73.3,85.55,128.49,85.18,92.36,781.29,810.65,780.21,784.28,4.8,75.25,12.4,2.95,42.81,0.725,14.06,4.15,LANE_A,19135.0,-23.3,91.3,CRUISE_LOITER,0.25,1,20.0,-0.27,40.17,-0.14,4.54,1.58,25.94,-1.5,-0.43,-0.01,10.45,0.02,-0.06,0.001,-0.04,0.9659,1
36.550000000000004,5165.8,2125.9,73.3,85.69,128.35,85.37,91.85,780.09,809.35,780.3,783.49,4.83,75.27,12.22,3.04,42.84,0.725,14.11,3.97,LANE_A,19136.0,-23.3,91.3,CRUISE_LOITER,0.25,1,20.0,-0.13,40.03,0.05,4.03,0.38,24.64,-1.41,-1.22,0.02,10.47,-0.16,-0.03,0.001,0.01,0.9654,1
36.6,5153.6,2120.8,73.1,85.98,128.23,85.55,91.91,779.59,810.12,781.9,784.01,4.86,75.6,12.35,2.96,42.85,0.738,14.1,4.08,LANE_A,19137.0,-23.3,91.3,CRUISE_LOITER,0.25,1,20.0,0.17,39.92,0.24,4.1,-0.12,25.41,0.19,-0.7,0.05,10.8,-0.03,-0.02,0.014,0.0,0.9652,1
36.65,5175.5,2129.8,73.2,85.83,128.06,85.48,91.75,780.05,810.45,780.56,784.59,4.8,75.09,12.48,2.97,42.91,0.699,14.12,4.13,LANE_A,19138.0,-23.3,91.3,CRUISE_LOITER,0.25,1,20.0,0.02,39.75,0.17,3.94,0.34,25.74,-1.15,-0.12,-0.01,10.3,0.1,0.04,-0.025,0.02,0.9646,1
36.7,5171.4,2128.2,73.0,86.21,127.99,85.01,91.58,781.85,809.76,782.57,783.48,4.81,75.48,12.28,3.02,42.79,0.709,14.12,3.84,LANE_A,19139.0,-23.3,91.3,CRUISE_LOITER,0.25,1,20.0,0.4,39.68,-0.3,3.77,2.14,25.05,0.86,-1.23,0.0,10.69,-0.1,-0.08,-0.015,0.02,0.9644,1
36.75,5186.1,2134.2,73.1,86.26,128.21,85.55,91.77,779.72,809.26,782.48,785.14,4.8,75.38,12.55,3.02,42.86,0.723,14.08,4.05,LANE_A,19140.0,-23.3,91.4,CRUISE_LOITER,0.25,1,20.0,0.45,39.9,0.24,3.96,0.01,24.55,0.77,0.43,-0.01,10.59,0.17,0.0,-0.001,-0.02,0.9651,1
36.800000000000004,5160.3,2123.6,73.1,85.83,127.91,85.48,92.09,778.85,807.67,782.03,784.76,4.83,75.03,12.36,2.99,43.02,0.744,14.12,4.13,LANE_A,19140.0,-23.3,91.4,CRUISE_LOITER,0.25,1,20.0,0.03,39.61,0.18,4.29,-0.85,22.97,0.33,0.06,0.02,10.24,-0.02,0.16,0.02,0.02,0.9642,1
36.85,5183.0,2132.9,73.0,85.88,128.35,85.1,91.71,780.07,810.58,782.23,786.75,4.83,75.0,12.23,3.01,42.8,0.744,14.11,3.9,LANE_A,19141.0,-23.3,91.4,CRUISE_LOITER,0.25,1,20.0,0.08,40.05,-0.2,3.91,0.37,25.88,0.53,2.05,0.02,10.22,-0.15,-0.06,0.02,0.01,0.9655,1
36.9,5156.7,2122.1,73.1,85.93,128.27,85.1,91.47,780.84,808.44,779.83,784.5,4.8,75.39,12.28,3.02,42.84,0.729,14.1,4.12,LANE_A,19142.0,-23.3,91.4,CRUISE_LOITER,0.25,1,20.0,0.13,39.97,-0.2,3.67,1.14,23.74,-1.87,-0.2,-0.01,10.61,-0.1,-0.02,0.005,0.0,0.9653,1
36.95,5183.1,2133.0,73.1,85.7,128.31,85.21,91.74,782.07,809.08,781.72,782.66,4.82,75.29,12.49,2.99,42.94,0.709,14.14,4.09,LANE_A,19143.0,-23.3,91.4,CRUISE_LOITER,0.25,1,20.0,-0.1,40.01,-0.09,3.94,2.37,24.38,0.02,-2.04,0.01,10.51,0.11,0.08,-0.015,0.04,0.9654,1
37.0,5166.6,2126.2,73.0,85.85,128.35,85.16,92.01,777.97,808.53,780.65,783.64,4.77,75.12,12.32,3.0,42.82,0.7,14.1,4.02,LANE_A,19144.0,-23.3,91.4,CRUISE_LOITER,0.25,1,20.0,0.06,40.06,-0.13,4.22,-1.73,23.83,-1.05,-1.06,-0.04,10.34,-0.06,-0.04,-0.024,0.0,0.9655,1
37.050000000000004,5168.2,2126.8,73.3,85.85,128.5,85.72,91.94,780.7,808.42,783.51,783.77,4.79,75.47,12.58,2.97,42.87,0.693,14.13,4.03,LANE_A,19145.0,-23.3,91.4,CRUISE_LOITER,0.25,1,20.0,0.06,40.21,0.43,4.15,1.0,23.72,1.81,-0.93,-0.02,10.7,0.2,0.01,-0.031,0.03,0.966,1
37.1,5173.0,2128.8,72.8,85.8,128.42,85.27,91.84,778.06,807.79,781.26,783.7,4.83,75.22,12.31,3.0,42.79,0.734,14.06,4.03,LANE_A,19146.0,-23.3,91.4,CRUISE_LOITER,0.25,1,20.0,0.01,40.13,-0.02,4.05,-1.64,23.09,-0.44,-1.0,0.02,10.45,-0.07,-0.07,0.01,-0.04,0.9657,1
37.15,5173.9,2129.2,73.2,85.9,127.91,85.14,91.79,777.51,807.38,780.41,784.05,4.84,75.22,12.4,2.96,42.91,0.712,14.1,4.02,LANE_A,19146.0,-23.3,91.4,CRUISE_LOITER,0.25,1,20.0,0.11,39.62,-0.15,4.0,-2.19,22.68,-1.29,-0.65,0.03,10.45,0.02,0.06,-0.012,0.0,0.9642,1
37.2,5185.0,2133.7,72.6,85.65,128.37,85.13,91.5,777.95,808.9,780.42,786.63,4.86,75.06,12.33,3.0,42.94,0.735,14.09,4.14,LANE_A,19147.0,-23.3,91.4,CRUISE_LOITER,0.25,1,20.0,-0.13,40.09,-0.15,3.72,-1.74,24.21,-1.27,1.94,0.05,10.29,-0.05,0.09,0.011,-0.01,0.9656,1
37.25,5175.4,2129.8,73.3,85.87,128.15,85.46,91.44,779.21,808.66,779.93,782.67,4.8,75.17,12.34,3.02,42.95,0.749,14.11,4.04,LANE_A,19148.0,-23.3,91.4,CRUISE_LOITER,0.25,1,20.0,0.09,39.87,0.18,3.66,-0.48,23.97,-1.76,-2.02,-0.01,10.41,-0.04,0.1,0.025,0.01,0.965,1
37.300000000000004,5174.5,2129.4,72.9,85.71,128.59,85.16,91.85,780.72,806.25,779.78,785.3,4.77,75.45,12.33,3.01,42.75,0.706,14.12,3.91,LANE_A,19149.0,-23.3,91.4,CRUISE_LOITER,0.25,1,20.0,-0.07,40.31,-0.12,4.07,1.03,21.56,-1.91,0.61,-0.04,10.69,-0.05,-0.1,-0.018,0.02,0.9662,1
37.35,5183.2,2133.0,72.9,85.91,128.38,85.11,91.74,778.1,808.76,781.75,785.18,4.77,75.27,12.34,2.98,42.97,0.702,14.1,3.98,LANE_A,19150.0,-23.3,91.4,CRUISE_LOITER,0.25,1,20.0,0.13,40.1,-0.17,3.96,-1.59,24.07,0.06,0.49,-0.04,10.51,-0.04,0.12,-0.022,0.0,0.9656,1
37.4,5163.1,2124.7,72.9,85.77,128.44,85.02,91.78,778.66,808.06,783.19,783.98,4.81,75.22,12.25,3.02,42.85,0.723,14.13,4.04,LANE_A,19151.0,-23.3,91.4,CRUISE_LOITER,0.25,1,20.0,0.0,40.17,-0.25,4.01,-1.03,23.37,1.5,-0.71,0.0,10.46,-0.13,0.0,-0.001,0.03,0.9658,1
37.45,5180.3,2131.8,72.9,85.88,128.64,85.46,91.76,780.93,808.56,781.28,785.05,4.85,75.18,12.41,2.98,42.94,0.708,14.08,4.11,LANE_A,19152.0,-23.3,91.4,CRUISE_LOITER,0.25,1,20.0,0.11,40.37,0.19,3.99,1.24,23.87,-0.41,0.36,0.04,10.42,0.03,0.09,-0.016,-0.02,0.9664,1
37.5,5179.1,2131.3,73.2,85.62,128.39,85.36,91.78,780.71,807.51,781.15,784.2,4.85,75.26,12.56,3.0,42.71,0.703,14.09,4.12,LANE_A,19152.0,-23.3,91.4,CRUISE_LOITER,0.25,1,20.0,-0.15,40.12,0.09,4.01,1.02,22.82,-0.54,-0.49,0.04,10.51,0.18,-0.14,-0.021,-0.01,0.9657,1
37.550000000000004,5177.3,2130.6,73.1,85.48,128.39,85.36,91.68,779.32,806.55,780.45,785.36,4.76,75.34,12.39,3.03,42.62,0.745,14.07,4.06,LANE_A,19153.0,-23.3,91.4,CRUISE_LOITER,0.25,1,20.0,-0.29,40.12,0.09,3.91,-0.36,21.87,-1.23,0.68,-0.05,10.59,0.01,-0.22,0.021,-0.03,0.9657,1
37.6,5173.7,2129.1,73.2,85.71,128.26,85.78,92.11,781.52,809.43,780.54,783.23,4.79,75.27,12.36,2.99,42.98,0.716,14.12,4.03,LANE_A,19154.0,-23.3,91.4,CRUISE_LOITER,0.25,1,20.0,-0.05,40.0,0.52,4.35,1.84,24.75,-1.14,-1.45,-0.02,10.52,-0.02,0.14,-0.008,0.02,0.9654,1
37.65,5166.6,2126.2,73.2,85.66,128.32,85.19,91.76,777.35,807.71,780.31,781.33,4.78,75.23,12.46,3.02,42.68,0.742,14.11,4.05,LANE_A,19155.0,-23.3,91.4,CRUISE_LOITER,0.25,1,20.0,-0.1,40.06,-0.07,4.0,-2.33,23.03,-1.37,-3.35,-0.03,10.48,0.08,-0.16,0.018,0.01,0.9655,1
37.7,5193.4,2137.2,73.0,86.13,128.51,85.13,91.43,779.98,808.25,780.66,783.75,4.84,75.66,12.37,3.01,42.89,0.724,14.1,4.28,LANE_A,19156.0,-23.3,91.4,CRUISE_LOITER,0.25,1,20.0,0.37,40.25,-0.13,3.67,0.3,23.57,-1.02,-0.93,0.03,10.92,-0.01,0.05,0.0,0.0,0.9661,1
37.75,5181.8,2132.4,73.4,85.86,128.18,85.39,91.62,779.91,809.12,779.59,784.97,4.87,75.3,12.36,3.01,42.77,0.703,14.09,4.14,LANE_A,19157.0,-23.3,91.4,CRUISE_LOITER,0.25,1,20.0,0.1,39.92,0.13,3.86,0.23,24.44,-2.09,0.29,0.06,10.56,-0.02,-0.07,-0.021,-0.01,0.9651,1
37.800000000000004,5174.0,2129.2,73.2,85.35,127.96,85.04,91.63,780.4,809.13,782.28,781.57,4.81,75.19,12.41,2.99,42.62,0.731,14.09,3.99,LANE_A,19158.0,-23.3,91.4,CRUISE_LOITER,0.25,1,20.0,-0.4,39.71,-0.21,3.88,0.72,24.45,0.6,-3.11,0.0,10.45,0.03,-0.22,0.007,-0.01,0.9645,1
37.85,5158.3,2122.8,73.1,85.47,128.43,84.98,91.73,778.32,809.08,781.66,785.19,4.84,75.23,12.32,3.01,42.85,0.711,14.14,4.12,LANE_A,19158.0,-23.3,91.4,CRUISE_LOITER,0.25,1,20.0,-0.28,40.18,-0.27,3.98,-1.36,24.4,-0.02,0.51,0.03,10.49,-0.06,0.01,-0.013,0.04,0.9659,1
37.9,5169.5,2127.4,73.1,85.6,128.28,85.24,91.66,778.66,808.33,782.5,784.49,4.79,74.79,12.38,3.0,42.91,0.727,14.09,4.12,LANE_A,19159.0,-23.3,91.4,CRUISE_LOITER,0.25,1,20.0,-0.15,40.03,-0.01,3.91,-1.02,23.65,0.82,-0.19,-0.02,10.06,0.0,0.07,0.003,-0.01,0.9654,1
37.95,5161.3,2124.0,73.3,86.05,128.34,85.41,91.59,780.15,809.03,779.81,784.63,4.79,75.28,12.44,3.05,42.72,0.739,14.1,4.13,LANE_A,19160.0,-23.3,91.4,CRUISE_LOITER,0.25,1,20.0,0.3,40.09,0.16,3.84,0.48,24.36,-1.86,-0.04,-0.02,10.55,0.06,-0.12,0.015,0.0,0.9656,1
38.0,5169.9,2127.5,73.0,85.87,128.07,85.44,91.57,781.02,808.68,781.56,783.69,4.84,75.29,12.41,3.0,43.04,0.764,14.12,3.91,LANE_A,19161.0,-23.3,91.4,CRUISE_LOITER,0.25,1,20.0,0.13,39.83,0.2,3.83,1.35,24.01,-0.11,-0.98,0.03,10.56,0.04,0.21,0.04,0.02,0.9649,1
38.050000000000004,5193.5,2137.2,73.2,85.72,128.34,85.39,91.81,780.01,808.89,780.58,785.48,4.76,75.36,12.36,3.02,42.88,0.696,14.06,4.06,LANE_A,19162.0,-23.3,91.4,CRUISE_LOITER,0.25,1,20.0,-0.02,40.1,0.15,4.07,0.34,24.22,-1.09,0.81,-0.05,10.63,-0.01,0.05,-0.028,-0.04,0.9657,1
38.1,5180.5,2131.9,72.8,85.5,128.43,85.36,91.62,779.85,809.35,780.63,784.6,4.81,75.44,12.34,3.01,42.84,0.734,14.12,4.1,LANE_A,19163.0,-23.3,91.5,CRUISE_LOITER,0.25,1,20.0,-0.24,40.19,0.12,3.88,0.18,24.68,-1.04,-0.07,0.0,10.71,-0.03,0.01,0.01,0.02,0.9659,1
38.15,5157.5,2122.4,73.1,85.57,128.1,85.22,91.66,779.46,809.58,783.33,783.22,4.81,75.11,12.3,2.97,42.71,0.75,14.13,3.94,LANE_A,19164.0,-23.3,91.5,CRUISE_LOITER,0.25,1,20.0,-0.17,39.86,-0.02,3.92,-0.21,24.91,1.66,-1.45,0.0,10.39,-0.07,-0.12,0.026,0.03,0.9649,1
38.2,5167.9,2126.7,73.8,85.79,127.95,85.43,91.5,779.46,809.69,783.24,786.53,4.82,75.03,12.28,3.02,42.83,0.747,14.08,4.19,LANE_A,19164.0,-23.3,91.5,CRUISE_LOITER,0.25,1,20.0,0.06,39.72,0.2,3.77,-0.21,25.02,1.57,1.86,0.01,10.31,-0.09,0.0,0.023,-0.02,0.9645,1
38.25,5165.4,2125.7,73.2,85.7,128.31,84.9,91.46,777.17,807.63,781.2,784.08,4.82,75.09,12.42,2.99,42.87,0.696,14.13,4.13,LANE_A,19165.0,-23.3,91.5,CRUISE_LOITER,0.25,1,20.0,-0.03,40.08,-0.33,3.73,-2.5,22.96,-0.47,-0.59,0.01,10.37,0.05,0.04,-0.028,0.03,0.9656,1
38.300000000000004,5197.2,2138.8,73.1,85.92,128.23,85.3,91.75,781.17,810.0,781.57,784.56,4.8,75.17,12.25,2.98,42.59,0.725,14.11,3.87,LANE_A,19166.0,-23.3,91.5,CRUISE_LOITER,0.25,1,20.0,0.19,40.0,0.07,4.02,1.5,25.33,-0.1,-0.11,-0.01,10.45,-0.12,-0.24,0.001,0.01,0.9654,1
38.35,5158.6,2122.9,72.8,85.8,128.33,84.98,91.53,781.0,809.29,783.35,785.27,4.79,75.33,12.37,2.99,42.98,0.728,14.09,4.09,LANE_A,19167.0,-23.3,91.5,CRUISE_LOITER,0.25,1,20.0,0.07,40.1,-0.25,3.8,1.34,24.63,1.69,0.61,-0.02,10.62,0.0,0.15,0.004,-0.01,0.9656,1
38.400000000000006,5159.5,2123.2,72.9,85.76,128.02,85.2,91.89,778.19,808.67,780.86,785.98,4.87,75.32,12.36,2.99,42.75,0.724,14.08,4.24,LANE_A,19168.0,-23.3,91.5,CRUISE_LOITER,0.25,1,20.0,0.04,39.8,-0.02,4.17,-1.47,24.01,-0.8,1.32,0.06,10.61,-0.01,-0.07,0.0,-0.02,0.9648,1
38.45,5168.1,2126.8,73.0,85.55,128.09,85.1,91.72,781.41,808.7,783.47,784.79,4.78,75.3,12.33,3.02,42.76,0.708,14.11,4.04,LANE_A,19169.0,-23.3,91.5,CRUISE_LOITER,0.25,1,20.0,-0.17,39.87,-0.12,4.0,1.75,24.04,1.81,0.13,-0.03,10.59,-0.04,-0.06,-0.016,0.01,0.965,1
38.5,5160.4,2123.6,73.2,85.58,128.45,85.35,91.81,780.57,807.87,782.71,786.44,4.82,75.26,12.18,3.03,42.7,0.72,14.08,4.07,LANE_A,19170.0,-23.3,91.5,CRUISE_LOITER,0.25,1,20.0,-0.14,40.23,0.13,4.09,0.91,23.21,1.05,1.78,0.01,10.55,-0.19,-0.12,-0.004,-0.02,0.966,1
38.550000000000004,5173.3,2128.9,73.4,85.71,128.26,85.31,91.84,779.89,808.4,779.81,785.35,4.86,75.17,12.4,2.96,42.91,0.744,14.1,3.72,LANE_A,19170.0,-23.3,91.5,CRUISE_LOITER,0.25,1,20.0,-0.01,40.04,0.09,4.12,0.23,23.74,-1.85,0.69,0.05,10.47,0.03,0.09,0.02,0.0,0.9655,1
38.6,5171.9,2128.4,73.1,85.78,128.46,85.36,91.48,780.26,807.21,782.19,785.04,4.83,75.13,12.33,3.01,42.98,0.706,14.1,3.87,LANE_A,19171.0,-23.3,91.5,CRUISE_LOITER,0.25,1,20.0,0.07,40.25,0.15,3.77,0.6,22.55,0.53,0.38,0.02,10.43,-0.04,0.16,-0.018,0.0,0.966,1
38.650000000000006,5184.2,2133.4,73.0,85.35,128.15,85.21,91.64,778.68,809.96,781.67,783.39,4.79,74.97,12.34,2.98,42.85,0.736,14.09,4.04,LANE_A,19172.0,-23.3,91.5,CRUISE_LOITER,0.25,1,20.0,-0.36,39.94,0.0,3.93,-0.98,25.3,0.01,-1.27,-0.02,10.27,-0.03,0.03,0.012,-0.01,0.9652,1
38.7,5183.4,2133.1,73.1,85.52,128.28,85.13,91.67,780.87,809.48,784.07,785.56,4.83,75.21,12.46,2.97,42.98,0.737,14.12,3.93,LANE_A,19173.0,-23.3,91.5,CRUISE_LOITER,0.25,1,20.0,-0.19,40.07,-0.08,3.96,1.21,24.82,2.41,0.9,0.02,10.51,0.09,0.16,0.013,0.02,0.9656,1
38.75,5174.6,2129.5,73.0,85.61,127.87,85.6,91.84,778.77,808.89,782.89,785.17,4.81,75.05,12.47,3.03,42.81,0.732,14.1,4.09,LANE_A,19174.0,-23.3,91.5,CRUISE_LOITER,0.25,1,20.0,-0.1,39.66,0.39,4.13,-0.88,24.24,1.24,0.52,0.0,10.36,0.1,-0.01,0.008,0.0,0.9644,1
38.800000000000004,5178.3,2131.0,73.1,86.02,128.29,84.76,91.77,781.8,807.83,780.36,782.76,4.83,75.25,12.38,2.99,42.82,0.722,14.11,4.04,LANE_A,19175.0,-23.3,91.5,CRUISE_LOITER,0.25,1,20.0,0.32,40.09,-0.44,4.07,2.15,23.18,-1.29,-1.89,0.02,10.56,0.01,0.0,-0.002,0.01,0.9656,1
38.85,5163.2,2124.8,73.1,85.83,128.36,85.14,91.51,781.11,808.36,781.04,784.17,4.77,75.04,12.42,3.02,42.94,0.71,14.11,4.16,LANE_A,19176.0,-23.4,91.5,CRUISE_LOITER,0.25,1,20.0,0.13,40.16,-0.06,3.81,1.46,23.71,-0.61,-0.48,-0.04,10.35,0.05,0.13,-0.014,0.01,0.9658,1
38.900000000000006,5194.5,2137.6,73.2,85.78,128.32,85.05,91.78,780.37,807.12,781.58,783.55,4.81,75.25,12.36,2.97,42.73,0.738,14.1,3.98,LANE_A,19176.0,-23.4,91.5,CRUISE_LOITER,0.25,1,20.0,0.08,40.12,-0.15,4.08,0.72,22.47,-0.07,-1.1,0.0,10.56,-0.01,-0.08,0.014,0.0,0.9657,1
38.95,5179.9,2131.7,73.4,85.85,128.32,85.21,91.73,778.92,806.79,781.57,784.89,4.82,75.06,12.26,3.0,42.7,0.717,14.1,3.93,LANE_A,19177.0,-23.4,91.5,CRUISE_LOITER,0.25,1,20.0,0.15,40.12,0.01,4.03,-0.73,22.14,-0.08,0.24,0.01,10.37,-0.11,-0.11,-0.008,0.0,0.9657,1
39.0,5171.7,2128.3,73.3,85.55,128.43,84.94,91.29,777.49,807.02,782.62,785.11,4.8,75.11,12.4,2.99,42.88,0.712,14.09,3.88,LANE_A,19178.0,-23.4,91.5,CRUISE_LOITER,0.25,1,20.0,-0.14,40.24,-0.25,3.6,-2.16,22.37,0.97,0.46,-0.01,10.43,0.03,0.07,-0.013,-0.01,0.966,1
39.050000000000004,5181.0,2132.1,73.1,85.84,128.41,85.08,91.67,779.78,809.31,783.33,785.88,4.85,75.05,12.44,2.98,42.66,0.713,14.1,4.11,LANE_A,19179.0,-23.4,91.5,CRUISE_LOITER,0.25,1,20.0,0.15,40.22,-0.11,3.98,0.13,24.66,1.68,1.23,0.04,10.37,0.07,-0.15,-0.012,0.0,0.966,1
39.1,5176.3,2130.2,73.1,86.0,128.17,85.32,91.61,779.34,808.19,780.23,784.77,4.8,75.13,12.47,2.99,42.73,0.74,14.12,3.93,LANE_A,19180.0,-23.4,91.5,CRUISE_LOITER,0.25,1,20.0,0.31,39.98,0.13,3.92,-0.31,23.54,-1.42,0.12,-0.01,10.45,0.1,-0.08,0.015,0.02,0.9653,1
39.150000000000006,5149.7,2119.2,73.0,85.22,127.94,85.42,91.76,779.48,811.14,783.22,784.77,4.79,75.39,12.5,2.98,42.7,0.692,14.09,4.04,LANE_A,19181.0,-23.4,91.5,CRUISE_LOITER,0.25,1,20.0,-0.47,39.75,0.23,4.07,-0.16,26.5,1.58,0.13,-0.02,10.71,0.13,-0.11,-0.033,-0.01,0.9647,1
39.2,5170.9,2128.0,73.4,85.46,128.29,85.15,91.99,779.8,807.97,782.28,781.24,4.78,74.97,12.4,2.97,42.71,0.732,14.1,3.84,LANE_A,19182.0,-23.4,91.5,CRUISE_LOITER,0.25,1,20.0,-0.22,40.11,-0.03,4.31,0.16,23.33,0.64,-3.4,-0.03,10.3,0.03,-0.1,0.007,0.0,0.9657,1
39.25,5180.4,2131.9,73.3,85.63,128.05,85.27,91.48,781.82,806.39,780.34,786.24,4.83,75.34,12.4,2.95,42.72,0.728,14.07,4.24,LANE_A,19182.0,-23.4,91.5,CRUISE_LOITER,0.25,1,20.0,-0.05,39.87,0.09,3.8,2.18,21.75,-1.3,1.6,0.02,10.67,0.03,-0.08,0.003,-0.03,0.9649,1
39.300000000000004,5170.1,2127.6,73.5,85.87,128.21,85.26,91.7,777.3,809.64,781.67,781.98,4.85,74.73,12.29,2.98,42.63,0.727,14.13,4.06,LANE_A,19183.0,-23.4,91.5,CRUISE_LOITER,0.25,1,20.0,0.19,40.03,0.08,4.02,-2.34,25.0,0.03,-2.66,0.04,10.06,-0.08,-0.17,0.002,0.03,0.9654,1
39.35,5166.7,2126.2,72.9,85.63,128.1,85.24,91.59,778.54,808.53,781.96,784.18,4.8,75.2,12.25,2.98,42.59,0.759,14.15,4.0,LANE_A,19184.0,-23.4,91.5,CRUISE_LOITER,0.25,1,20.0,-0.05,39.92,0.06,3.91,-1.1,23.89,0.32,-0.46,-0.01,10.53,-0.12,-0.21,0.034,0.05,0.9651,1
39.400000000000006,5175.0,2129.6,73.1,85.66,128.44,85.35,91.79,779.78,808.95,781.56,782.71,4.77,75.21,12.44,3.0,42.79,0.711,14.11,4.22,LANE_A,19185.0,-23.4,91.5,CRUISE_LOITER,0.25,1,20.0,-0.01,40.27,0.18,4.12,0.14,24.31,-0.08,-1.93,-0.04,10.55,0.07,-0.01,-0.014,0.01,0.9661,1
39.45,5151.2,2119.8,73.2,85.87,128.17,85.17,91.86,780.62,808.28,781.15,784.68,4.77,75.14,12.53,3.0,42.63,0.731,14.09,3.94,LANE_A,19186.0,-23.4,91.5,CRUISE_LOITER,0.25,1,20.0,0.2,40.0,0.0,4.19,0.98,23.64,-0.49,0.04,-0.04,10.48,0.16,-0.17,0.006,-0.01,0.9654,1
39.5,5167.3,2126.5,73.6,85.23,127.98,85.08,91.73,779.02,808.64,781.53,785.27,4.8,75.08,12.23,2.99,42.68,0.743,14.09,4.03,LANE_A,19187.0,-23.4,91.6,CRUISE_LOITER,0.25,1,20.0,-0.44,39.81,-0.09,4.06,-0.62,24.0,-0.11,0.63,-0.01,10.42,-0.14,-0.12,0.018,-0.01,0.9648,1
39.550000000000004,5187.7,2134.9,73.4,85.59,128.1,84.95,91.63,779.65,806.81,780.8,784.19,4.83,75.27,12.27,3.01,42.84,0.702,14.11,4.03,LANE_A,19188.0,-23.4,91.6,CRUISE_LOITER,0.25,1,20.0,-0.08,39.93,-0.22,3.96,0.02,22.18,-0.83,-0.44,0.02,10.61,-0.1,0.04,-0.023,0.01,0.9651,1
39.6,5176.7,2130.3,72.9,85.72,128.13,85.22,91.82,778.85,808.51,779.93,786.08,4.88,74.97,12.32,2.98,42.67,0.721,14.11,4.01,LANE_A,19188.0,-23.4,91.6,CRUISE_LOITER,0.25,1,20.0,0.06,39.97,0.06,4.16,-0.78,23.88,-1.7,1.45,0.07,10.31,-0.05,-0.13,-0.004,0.01,0.9653,1
39.650000000000006,5172.6,2128.6,73.0,85.64,128.42,85.33,91.73,781.25,808.81,781.48,782.52,4.87,74.9,12.38,2.99,42.64,0.732,14.1,3.96,LANE_A,19189.0,-23.4,91.6,CRUISE_LOITER,0.25,1,20.0,-0.02,40.26,0.17,4.07,1.62,24.18,-0.15,-2.11,0.06,10.25,0.01,-0.15,0.007,0.0,0.9661,1
39.7,5177.3,2130.6,73.0,85.63,128.18,85.14,91.49,778.39,808.53,780.4,785.38,4.82,75.43,12.27,3.0,42.91,0.712,14.09,3.99,LANE_A,19190.0,-23.4,91.6,CRUISE_LOITER,0.25,1,20.0,-0.03,40.02,-0.02,3.83,-1.24,23.9,-1.23,0.75,0.01,10.78,-0.1,0.12,-0.013,-0.01,0.9654,1
39.75,5191.6,2136.4,73.1,85.79,127.88,85.29,91.63,779.46,809.57,782.27,785.28,4.78,75.18,12.41,2.99,42.76,0.722,14.15,4.21,LANE_A,19191.0,-23.4,91.6,CRUISE_LOITER,0.25,1,20.0,0.13,39.72,0.13,3.97,-0.17,24.94,0.64,0.65,-0.03,10.53,0.04,-0.03,-0.003,0.05,0.9645,1
39.800000000000004,5175.6,2129.9,72.7,85.76,128.06,85.22,91.57,781.59,808.01,781.74,783.9,4.77,74.98,12.44,2.98,43.03,0.73,14.11,4.18,LANE_A,19192.0,-23.4,91.6,CRUISE_LOITER,0.25,1,20.0,0.11,39.91,0.07,3.92,1.96,23.38,0.11,-0.73,-0.04,10.33,0.07,0.24,0.005,0.01,0.9651,1
39.85,5195.3,2138.0,73.0,85.75,128.09,85.16,91.43,778.63,808.6,781.08,783.29,4.83,75.3,12.39,2.97,42.65,0.703,14.07,3.82,LANE_A,19193.0,-23.4,91.6,CRUISE_LOITER,0.25,1,20.0,0.1,39.94,0.01,3.78,-1.0,23.97,-0.55,-1.34,0.02,10.66,0.02,-0.14,-0.022,-0.03,0.9652,1
39.900000000000006,5180.0,2131.7,72.9,85.47,128.21,85.09,91.52,778.8,808.09,782.53,784.96,4.83,75.03,12.43,3.0,42.5,0.737,14.1,3.94,LANE_A,19194.0,-23.4,91.6,CRUISE_LOITER,0.25,1,20.0,-0.18,40.06,-0.06,3.87,-0.83,23.46,0.9,0.33,0.02,10.39,0.06,-0.29,0.012,0.0,0.9655,1
39.95,5179.8,2131.6,73.1,85.56,128.26,85.18,91.69,778.18,808.91,781.63,784.03,4.84,75.07,12.45,3.0,42.83,0.702,14.11,3.96,LANE_A,19194.0,-23.4,91.6,CRUISE_LOITER,0.25,1,20.0,-0.09,40.11,0.03,4.04,-1.44,24.29,0.01,-0.59,0.03,10.43,0.09,0.04,-0.023,0.01,0.9657,1
