TIMESTAMP_SEC,ENGINE_RPM,PROP_RPM,TPS,CHT_1,CHT_2,CHT_3,CHT_4,EGT_1,EGT_2,EGT_3,EGT_4,OIL_PRESS,OIL_TEMP,FUEL_FLOW,FUEL_RAIL_P,MAP,VIB_GEARBOX_RMS,BUS_VOLTAGE,BATTERY_CURRENT,FADEC_ACTIVE_LANE,ALTITUDE_FT,OAT_C,TAS_KNOTS,FLIGHT_PHASE,HEALTH_INDEX,FAULT_ID,RUL_HOURS,RES_d_CHT_1,RES_d_CHT_2,RES_d_CHT_3,RES_d_CHT_4,RES_d_EGT_1,RES_d_EGT_2,RES_d_EGT_3,RES_d_EGT_4,RES_d_OIL_PRESS,RES_d_OIL_TEMP,RES_d_FUEL_FLOW,RES_d_MAP,RES_d_VIB_RMS,RES_d_BUS_VOLTAGE,RES_ANOMALY_SCORE,RES_IS_ANOMALY
0.0,5121.8,2107.7,72.0,87.82,90.33,87.69,89.92,781.36,786.2,783.21,786.47,4.77,66.7,12.59,3.01,43.61,0.747,14.11,4.04,LANE_A,18500.0,-22.0,88.0,CRUISE_LOITER,1.0,0,500.0,0.01,0.02,0.38,0.11,0.69,0.53,0.54,0.8,0.0,0.06,0.03,-0.14,0.026,0.01,0.0372,0
0.05,5146.2,2117.8,72.1,88.0,89.94,87.66,89.75,780.41,785.8,782.68,784.07,4.76,66.67,12.46,3.02,43.61,0.733,14.12,3.87,LANE_A,18501.0,-22.0,88.0,CRUISE_LOITER,1.0,0,500.0,0.2,-0.36,0.36,-0.05,-0.26,0.13,0.01,-1.6,-0.01,0.03,-0.1,-0.14,0.012,0.02,0.0392,0
0.1,5146.3,2117.8,72.1,87.9,90.25,87.19,90.01,781.48,783.83,780.49,785.54,4.74,66.74,12.47,3.0,43.92,0.718,14.13,4.19,LANE_A,18502.0,-22.0,88.0,CRUISE_LOITER,1.0,0,500.0,0.1,-0.05,-0.11,0.21,0.81,-1.84,-2.18,-0.13,-0.03,0.1,-0.09,0.17,-0.003,0.03,0.0521,0
0.15000000000000002,5139.4,2115.0,72.0,87.59,90.31,87.23,89.62,779.11,786.01,781.98,786.65,4.77,66.63,12.52,2.98,43.67,0.734,14.07,3.89,LANE_A,18503.0,-22.0,88.0,CRUISE_LOITER,1.0,0,500.0,-0.21,0.01,-0.07,-0.18,-1.55,0.35,-0.68,0.99,0.0,-0.01,-0.04,-0.07,0.013,-0.03,0.0373,0
0.2,5150.3,2119.4,72.0,87.66,90.34,87.36,89.85,779.91,783.73,781.79,785.14,4.82,66.51,12.47,3.02,43.96,0.721,14.1,3.97,LANE_A,18503.0,-22.0,88.0,CRUISE_LOITER,1.0,0,500.0,-0.13,0.05,0.07,0.06,-0.75,-1.93,-0.87,-0.52,0.05,-0.12,-0.09,0.22,0.0,0.0,0.0576,0
0.25,5134.9,2113.1,72.0,87.78,89.97,87.44,89.62,779.42,785.09,782.87,785.4,4.76,66.44,12.58,3.02,43.97,0.741,14.13,3.99,LANE_A,18504.0,-22.0,88.0,CRUISE_LOITER,1.0,0,500.0,-0.01,-0.32,0.15,-0.17,-1.24,-0.57,0.21,-0.26,-0.01,-0.19,0.02,0.23,0.02,0.03,0.033,0
0.30000000000000004,5126.8,2109.8,72.1,87.73,90.29,87.17,89.78,781.21,787.34,781.51,786.36,4.82,66.5,12.52,3.02,43.65,0.746,14.09,4.0,LANE_A,18505.0,-22.0,88.0,CRUISE_LOITER,1.0,0,500.0,-0.06,0.0,-0.12,-0.01,0.55,1.68,-1.15,0.7,0.05,-0.13,-0.04,-0.09,0.025,-0.01,0.0577,0
0.35000000000000003,5144.8,2117.2,72.0,87.58,90.23,86.95,89.68,780.84,785.46,781.54,785.01,4.73,66.89,12.61,2.98,43.78,0.723,14.1,3.78,LANE_A,18506.0,-22.0,88.0,CRUISE_LOITER,1.0,0,500.0,-0.21,-0.06,-0.34,-0.11,0.18,-0.2,-1.12,-0.65,-0.04,0.26,0.05,0.04,0.002,0.0,0.0464,0
0.4,5159.1,2123.1,71.9,87.71,90.21,87.08,89.84,779.75,787.64,782.11,785.31,4.76,66.44,12.6,2.99,43.88,0.712,14.1,3.89,LANE_A,18507.0,-22.0,88.0,CRUISE_LOITER,1.0,0,500.0,-0.07,-0.07,-0.2,0.06,-0.91,1.98,-0.55,-0.35,-0.01,-0.18,0.04,0.14,-0.009,0.0,0.0452,0
0.45,5143.1,2116.5,72.2,87.9,90.46,87.21,89.88,782.27,785.61,782.74,788.12,4.76,66.81,12.58,3.02,43.94,0.721,14.12,4.21,LANE_A,18508.0,-22.0,88.0,CRUISE_LOITER,1.0,0,500.0,0.12,0.18,-0.07,0.1,1.61,-0.05,0.08,2.46,-0.01,0.19,0.02,0.2,0.0,0.02,0.056,0
0.5,5134.3,2112.9,72.3,87.71,90.37,87.33,89.72,779.97,784.36,782.67,786.69,4.75,66.73,12.52,3.02,43.76,0.731,14.11,3.99,LANE_A,18509.0,-22.0,88.0,CRUISE_LOITER,1.0,0,500.0,-0.07,0.09,0.05,-0.06,-0.68,-1.29,0.02,1.04,-0.02,0.11,-0.04,0.02,0.01,0.01,0.0311,0
0.55,5135.5,2113.4,71.8,87.73,90.21,87.14,89.55,780.06,786.67,783.98,786.3,4.79,66.65,12.6,2.99,43.8,0.708,14.11,4.25,LANE_A,18510.0,-22.0,88.1,CRUISE_LOITER,1.0,0,500.0,-0.04,-0.06,-0.13,-0.22,-0.59,1.02,1.33,0.65,0.02,0.03,0.04,0.07,-0.013,0.01,0.0326,0
0.6000000000000001,5152.4,2120.3,71.8,87.63,90.48,87.47,89.26,778.18,787.36,783.38,786.26,4.76,66.73,12.54,3.03,43.7,0.724,14.1,4.02,LANE_A,18510.0,-22.0,88.1,CRUISE_LOITER,1.0,0,500.0,-0.14,0.21,0.2,-0.51,-2.47,1.71,0.73,0.61,-0.01,0.12,-0.02,-0.03,0.003,0.0,0.0575,0
0.65,5163.2,2124.8,71.9,87.89,90.23,87.11,89.67,781.81,784.37,783.71,785.36,4.76,66.7,12.58,3.0,43.91,0.713,14.13,4.08,LANE_A,18511.0,-22.0,88.1,CRUISE_LOITER,1.0,0,500.0,0.12,-0.04,-0.16,-0.1,1.16,-1.28,1.06,-0.29,-0.01,0.09,0.02,0.18,-0.008,0.03,0.0325,0
0.7000000000000001,5130.0,2111.1,71.9,87.62,90.33,87.24,89.86,782.19,788.38,782.54,783.67,4.77,66.61,12.47,3.03,43.85,0.728,14.12,4.21,LANE_A,18512.0,-22.0,88.1,CRUISE_LOITER,1.0,0,500.0,-0.15,0.06,-0.03,0.09,1.54,2.73,-0.11,-1.98,0.0,0.0,-0.09,0.12,0.007,0.02,0.0625,0
0.75,5140.8,2115.6,72.1,87.74,90.48,87.48,89.57,782.05,786.94,781.91,783.37,4.79,66.74,12.59,3.01,43.72,0.703,14.12,3.99,LANE_A,18513.0,-22.0,88.1,CRUISE_LOITER,1.0,0,500.0,-0.02,0.22,0.22,-0.19,1.4,1.29,-0.74,-2.28,0.02,0.14,0.03,-0.01,-0.018,0.02,0.0536,0
0.8,5135.2,2113.3,72.3,87.85,90.35,86.94,89.73,780.95,786.49,782.71,785.33,4.74,66.49,12.65,3.01,43.87,0.695,14.1,4.09,LANE_A,18514.0,-22.0,88.1,CRUISE_LOITER,1.0,0,500.0,0.09,0.09,-0.32,-0.03,0.3,0.84,0.06,-0.32,-0.03,-0.11,0.09,0.14,-0.026,0.0,0.0379,0
0.8500000000000001,5168.6,2127.0,72.0,87.75,90.14,87.28,89.43,780.14,787.15,781.62,786.24,4.78,66.69,12.47,3.01,43.54,0.733,14.12,3.97,LANE_A,18515.0,-22.0,88.1,CRUISE_LOITER,1.0,0,500.0,-0.01,-0.12,0.02,-0.33,-0.51,1.5,-1.03,0.59,0.01,0.09,-0.09,-0.19,0.012,0.02,0.0369,0
0.9,5145.9,2117.6,71.9,87.65,90.26,87.23,89.61,778.06,784.77,781.24,785.04,4.79,66.91,12.58,3.03,43.7,0.739,14.09,4.28,LANE_A,18516.0,-22.0,88.1,CRUISE_LOITER,1.0,0,500.0,-0.1,0.01,-0.02,-0.14,-2.58,-0.87,-1.4,-0.6,0.02,0.31,0.02,-0.03,0.018,-0.01,0.0588,0
0.9500000000000001,5152.5,2120.4,72.3,87.76,90.29,87.09,89.83,782.81,784.86,782.53,787.62,4.75,66.8,12.5,3.03,43.73,0.72,14.09,3.9,LANE_A,18517.0,-22.0,88.1,CRUISE_LOITER,1.0,0,500.0,0.01,0.04,-0.16,0.08,2.17,-0.78,-0.11,1.98,-0.02,0.21,-0.06,0.01,-0.001,-0.01,0.0506,0
1.0,5152.3,2120.3,71.9,87.87,89.87,87.15,89.62,778.58,785.66,783.97,788.02,4.75,66.52,12.59,3.01,43.67,0.734,14.11,4.09,LANE_A,18517.0,-22.0,88.1,CRUISE_LOITER,1.0,0,500.0,0.12,-0.38,-0.1,-0.13,-2.06,0.02,1.33,2.38,-0.02,-0.07,0.03,-0.05,0.013,0.01,0.0561,0
1.05,5136.9,2114.0,71.9,87.92,90.38,87.06,89.64,779.16,786.01,782.98,785.01,4.75,66.94,12.5,2.95,43.81,0.759,14.11,4.18,LANE_A,18518.0,-22.0,88.1,CRUISE_LOITER,1.0,0,500.0,0.17,0.13,-0.19,-0.11,-1.48,0.37,0.34,-0.63,-0.02,0.35,-0.06,0.09,0.038,0.01,0.0528,0
1.1,5157.6,2122.5,72.1,87.48,90.25,87.49,89.99,782.29,784.84,781.97,784.52,4.82,66.69,12.54,2.97,43.93,0.705,14.09,4.2,LANE_A,18519.0,-22.0,88.1,CRUISE_LOITER,1.0,0,500.0,-0.26,0.01,0.25,0.25,1.65,-0.8,-0.67,-1.12,0.05,0.1,-0.02,0.21,-0.016,-0.01,0.0583,0
1.1500000000000001,5163.0,2124.7,72.2,87.67,90.32,87.31,89.67,781.26,785.12,779.08,785.86,4.73,66.69,12.59,3.02,43.7,0.759,14.11,4.06,LANE_A,18520.0,-22.0,88.1,CRUISE_LOITER,1.0,0,500.0,-0.07,0.08,0.07,-0.07,0.62,-0.52,-3.56,0.22,-0.04,0.11,0.03,-0.02,0.038,0.01,0.0796,0
1.2000000000000002,5139.9,2115.2,72.2,87.79,89.94,87.5,89.76,779.7,788.22,781.51,784.49,4.79,66.75,12.57,3.0,43.68,0.735,14.07,4.18,LANE_A,18521.0,-22.0,88.1,CRUISE_LOITER,1.0,0,500.0,0.05,-0.3,0.26,0.02,-0.94,2.58,-1.13,-1.15,0.02,0.17,0.01,-0.04,0.014,-0.03,0.0597,0
1.25,5155.3,2121.5,71.9,87.77,90.22,87.31,89.44,781.1,785.33,784.89,783.91,4.8,66.44,12.55,2.97,43.79,0.701,14.08,3.99,LANE_A,18522.0,-22.0,88.1,CRUISE_LOITER,1.0,0,500.0,0.04,-0.01,0.08,-0.29,0.46,-0.31,2.25,-1.73,0.03,-0.14,-0.01,0.07,-0.02,-0.02,0.0531,0
1.3,5173.9,2129.2,72.2,87.7,90.3,87.27,89.67,779.18,785.15,783.63,784.16,4.7,66.87,12.66,3.0,43.78,0.727,14.12,4.14,LANE_A,18523.0,-22.0,88.1,CRUISE_LOITER,1.0,0,500.0,-0.03,0.07,0.04,-0.06,-1.45,-0.48,1.0,-1.47,-0.07,0.29,0.1,0.06,0.006,0.02,0.0778,0
1.35,5135.5,2113.4,72.0,87.79,90.13,87.48,89.55,780.03,784.53,783.74,783.89,4.8,66.4,12.46,3.0,43.54,0.727,14.13,4.08,LANE_A,18524.0,-22.0,88.1,CRUISE_LOITER,1.0,0,500.0,0.06,-0.1,0.25,-0.18,-0.6,-1.1,1.11,-1.74,0.03,-0.17,-0.1,-0.17,0.006,0.03,0.0432,0
1.4000000000000001,5163.4,2124.8,71.9,87.93,90.1,87.13,89.77,779.29,784.64,784.26,783.83,4.8,66.56,12.51,2.99,43.66,0.721,14.08,4.18,LANE_A,18524.0,-22.0,88.1,CRUISE_LOITER,1.0,0,500.0,0.2,-0.13,-0.1,0.04,-1.34,-0.99,1.63,-1.8,0.03,-0.01,-0.05,-0.05,0.0,-0.02,0.0442,0
1.4500000000000002,5153.3,2120.7,72.3,87.77,90.1,87.04,89.88,781.12,785.84,782.91,786.11,4.84,66.44,12.75,3.03,43.74,0.736,14.11,3.99,LANE_A,18525.0,-22.1,88.1,CRUISE_LOITER,1.0,0,500.0,0.05,-0.12,-0.18,0.16,0.49,0.21,0.28,0.48,0.07,-0.13,0.19,0.03,0.015,0.01,0.0772,0
1.5,5138.0,2114.4,72.1,87.72,90.4,87.13,89.73,779.87,783.97,782.5,783.65,4.72,66.8,12.62,3.02,43.82,0.718,14.09,4.08,LANE_A,18526.0,-22.1,88.1,CRUISE_LOITER,1.0,0,500.0,0.0,0.18,-0.09,0.01,-0.76,-1.66,-0.13,-1.98,-0.05,0.23,0.06,0.11,-0.003,-0.01,0.058,0
1.55,5145.6,2117.5,72.1,87.82,90.07,87.23,89.7,779.47,784.45,781.69,785.59,4.72,66.71,12.57,2.97,43.46,0.721,14.09,4.1,LANE_A,18527.0,-22.1,88.2,CRUISE_LOITER,1.0,0,500.0,0.1,-0.15,0.01,-0.02,-1.16,-1.18,-0.94,-0.04,-0.05,0.15,0.01,-0.25,0.0,-0.01,0.0569,0
1.6,5142.5,2116.2,72.0,87.58,90.38,86.99,89.55,783.39,783.98,781.14,784.06,4.77,67.05,12.53,3.03,43.79,0.726,14.14,4.21,LANE_A,18528.0,-22.1,88.2,CRUISE_LOITER,1.0,0,500.0,-0.13,0.17,-0.22,-0.16,2.76,-1.65,-1.49,-1.57,0.0,0.49,-0.03,0.08,0.005,0.04,0.0648,0
1.6500000000000001,5114.8,2104.8,71.7,87.46,89.94,87.1,89.68,781.39,786.44,782.32,786.72,4.79,66.57,12.53,3.03,43.73,0.706,14.11,4.05,LANE_A,18529.0,-22.1,88.2,CRUISE_LOITER,1.0,0,500.0,-0.25,-0.27,-0.11,-0.03,0.77,0.82,-0.3,1.1,0.02,0.01,-0.03,0.02,-0.015,0.01,0.0283,0
1.7000000000000002,5150.6,2119.6,72.1,87.75,90.4,87.44,89.58,778.45,784.95,784.25,784.96,4.77,66.77,12.55,2.97,43.94,0.724,14.1,4.01,LANE_A,18530.0,-22.1,88.2,CRUISE_LOITER,1.0,0,500.0,0.04,0.19,0.23,-0.13,-2.17,-0.67,1.63,-0.66,0.0,0.22,-0.01,0.23,0.003,0.0,0.0505,0
1.75,5133.7,2112.6,71.7,87.62,90.16,86.91,89.72,779.95,786.8,780.49,785.04,4.73,66.31,12.56,3.02,43.77,0.718,14.07,4.23,LANE_A,18531.0,-22.1,88.2,CRUISE_LOITER,1.0,0,500.0,-0.09,-0.05,-0.3,0.01,-0.67,1.18,-2.13,-0.58,-0.04,-0.24,0.0,0.06,-0.003,-0.03,0.0509,0
1.8,5148.1,2118.5,72.0,87.72,90.66,87.24,89.45,780.36,786.65,781.82,784.89,4.69,66.7,12.62,2.98,43.63,0.72,14.12,3.92,LANE_A,18531.0,-22.1,88.2,CRUISE_LOITER,1.0,0,500.0,0.02,0.46,0.04,-0.25,-0.26,1.03,-0.8,-0.73,-0.08,0.15,0.07,-0.07,-0.001,0.02,0.0876,0
1.85,5143.2,2116.5,72.3,87.79,90.06,87.03,89.55,781.67,783.42,782.71,784.71,4.76,66.84,12.52,2.98,43.65,0.725,14.13,4.05,LANE_A,18532.0,-22.1,88.2,CRUISE_LOITER,1.0,0,500.0,0.09,-0.14,-0.17,-0.15,1.05,-2.2,0.09,-0.91,-0.01,0.29,-0.03,-0.05,0.004,0.03,0.0508,0
1.9000000000000001,5168.4,2126.9,72.1,87.61,90.37,87.41,89.65,780.7,785.68,783.96,785.77,4.79,66.32,12.66,2.98,43.8,0.714,14.13,4.13,LANE_A,18533.0,-22.1,88.2,CRUISE_LOITER,1.0,0,500.0,-0.09,0.17,0.21,-0.05,0.08,0.06,1.34,0.15,0.02,-0.22,0.11,0.1,-0.007,0.03,0.0334,0
1.9500000000000002,5140.6,2115.5,72.3,87.66,90.25,87.26,89.62,781.77,784.2,781.78,786.47,4.77,66.33,12.58,3.0,43.58,0.732,14.08,4.14,LANE_A,18534.0,-22.1,88.2,CRUISE_LOITER,1.0,0,500.0,-0.03,0.06,0.07,-0.07,1.15,-1.42,-0.84,0.85,0.0,-0.21,0.03,-0.12,0.011,-0.02,0.0345,0
2.0,5145.8,2117.6,72.2,87.61,90.27,87.1,89.5,780.14,787.52,783.23,786.16,4.81,66.56,12.66,2.99,43.87,0.709,14.06,4.1,LANE_A,18535.0,-22.1,88.2,CRUISE_LOITER,1.0,0,500.0,-0.08,0.08,-0.09,-0.19,-0.48,1.9,0.61,0.54,0.04,0.02,0.11,0.17,-0.012,-0.04,0.0485,0
2.0500000000000003,5162.7,2124.6,72.2,88.08,90.09,86.85,89.66,782.02,784.55,782.56,784.79,4.73,66.43,12.47,3.01,43.78,0.725,14.12,4.06,LANE_A,18536.0,-22.1,88.2,CRUISE_LOITER,1.0,0,500.0,0.39,-0.1,-0.34,-0.03,1.41,-1.06,-0.05,-0.82,-0.04,-0.11,-0.08,0.08,0.004,0.02,0.0481,0
2.1,5168.5,2127.0,72.1,87.53,90.03,87.11,89.69,781.26,783.83,781.41,786.61,4.8,66.31,12.48,3.02,43.87,0.707,14.07,3.98,LANE_A,18537.0,-22.1,88.2,CRUISE_LOITER,1.0,0,500.0,-0.16,-0.16,-0.08,0.0,0.65,-1.78,-1.2,1.0,0.03,-0.22,-0.07,0.17,-0.014,-0.03,0.0439,0
2.15,5153.7,2120.8,72.4,87.66,90.2,87.23,89.78,781.22,784.84,782.15,783.54,4.78,66.49,12.6,2.98,43.76,0.723,14.1,3.9,LANE_A,18538.0,-22.1,88.2,CRUISE_LOITER,1.0,0,500.0,-0.02,0.02,0.05,0.1,0.61,-0.77,-0.46,-2.07,0.01,-0.04,0.05,0.06,0.001,0.0,0.0463,0
2.2,5136.9,2114.0,72.1,87.84,90.46,87.05,89.58,781.89,785.1,782.19,783.78,4.77,66.47,12.5,3.0,43.81,0.71,14.09,4.05,LANE_A,18538.0,-22.1,88.2,CRUISE_LOITER,1.0,0,500.0,0.16,0.28,-0.13,-0.1,1.28,-0.51,-0.42,-1.83,0.0,-0.06,-0.05,0.12,-0.012,-0.01,0.043,0
2.25,5153.1,2120.6,72.2,87.77,90.4,87.19,89.59,779.78,783.04,781.08,784.68,4.76,66.57,12.59,2.96,43.75,0.73,14.09,4.22,LANE_A,18539.0,-22.1,88.2,CRUISE_LOITER,1.0,0,500.0,0.09,0.22,0.01,-0.09,-0.83,-2.57,-1.53,-0.93,-0.01,0.04,0.04,0.06,0.008,-0.01,0.0582,0
2.3000000000000003,5130.0,2111.1,72.0,87.76,90.49,87.26,89.39,780.11,785.32,781.19,785.69,4.82,66.6,12.56,2.96,43.77,0.701,14.09,4.04,LANE_A,18540.0,-22.1,88.2,CRUISE_LOITER,1.0,0,500.0,0.09,0.32,0.09,-0.28,-0.5,-0.29,-1.42,0.08,0.05,0.08,0.01,0.08,-0.021,-0.01,0.0573,0
2.35,5159.6,2123.3,71.8,87.76,89.7,87.56,90.08,781.58,787.04,782.69,785.06,4.77,66.58,12.72,3.06,43.77,0.691,14.09,4.01,LANE_A,18541.0,-22.1,88.2,CRUISE_LOITER,1.0,0,500.0,0.09,-0.47,0.39,0.41,0.97,1.43,0.08,-0.55,0.0,0.06,0.17,0.08,-0.031,-0.01,0.047,0
2.4000000000000004,5166.3,2126.1,72.1,87.82,90.25,87.36,89.7,779.29,785.04,781.33,785.56,4.73,66.6,12.55,3.0,43.75,0.742,14.08,3.97,LANE_A,18542.0,-22.1,88.2,CRUISE_LOITER,1.0,0,500.0,0.15,0.08,0.19,0.03,-1.31,-0.56,-1.27,-0.04,-0.04,0.08,0.0,0.06,0.02,-0.02,0.0471,0
2.45,5126.6,2109.7,72.4,87.75,90.17,86.97,89.71,779.21,785.82,781.95,786.08,4.77,66.77,12.54,2.99,43.56,0.718,14.1,4.01,LANE_A,18543.0,-22.1,88.2,CRUISE_LOITER,1.0,0,500.0,0.08,0.0,-0.2,0.04,-1.39,0.22,-0.65,0.48,0.0,0.25,-0.01,-0.13,-0.004,0.0,0.0324,0
2.5,5148.1,2118.6,71.7,87.72,90.32,86.93,89.72,779.46,786.96,783.27,786.71,4.77,66.75,12.6,3.03,43.58,0.709,14.1,4.17,LANE_A,18544.0,-22.1,88.2,CRUISE_LOITER,1.0,0,500.0,0.06,0.16,-0.23,0.06,-1.14,1.36,0.67,1.11,0.0,0.24,0.05,-0.11,-0.013,0.0,0.0337,0
2.5500000000000003,5162.0,2124.3,71.9,87.44,90.08,87.12,89.89,781.72,787.07,782.39,785.05,4.75,66.83,12.48,3.01,43.71,0.73,14.09,4.05,LANE_A,18545.0,-22.1,88.3,CRUISE_LOITER,1.0,0,500.0,-0.22,-0.08,-0.04,0.23,1.12,1.47,-0.21,-0.55,-0.02,0.32,-0.07,0.02,0.008,-0.01,0.036,0
2.6,5145.2,2117.4,72.2,87.61,89.89,87.22,89.68,778.6,783.81,782.51,783.93,4.77,66.45,12.55,3.04,43.52,0.716,14.12,4.17,LANE_A,18545.0,-22.1,88.3,CRUISE_LOITER,1.0,0,500.0,-0.05,-0.27,0.06,0.02,-2.0,-1.79,-0.09,-1.67,0.0,-0.06,0.0,-0.16,-0.006,0.02,0.0478,0
2.6500000000000004,5153.3,2120.7,71.9,87.69,90.43,87.07,89.68,780.38,785.58,782.88,784.83,4.8,66.35,12.6,3.02,43.62,0.724,14.13,4.05,LANE_A,18546.0,-22.1,88.3,CRUISE_LOITER,1.0,0,500.0,0.04,0.28,-0.08,0.03,-0.22,-0.02,0.28,-0.77,0.03,-0.15,0.05,-0.06,0.002,0.03,0.0357,0
2.7,5161.6,2124.1,72.2,87.58,90.36,87.18,89.37,778.98,784.43,783.11,784.37,4.77,66.56,12.59,3.02,43.44,0.739,14.07,4.11,LANE_A,18547.0,-22.1,88.3,CRUISE_LOITER,1.0,0,500.0,-0.07,0.21,0.03,-0.28,-1.62,-1.17,0.51,-1.23,0.0,0.06,0.04,-0.24,0.017,-0.03,0.0404,0
2.75,5175.5,2129.9,72.3,87.89,90.21,87.52,89.44,778.32,785.11,780.56,786.73,4.75,66.34,12.49,2.97,43.87,0.725,14.08,4.09,LANE_A,18548.0,-22.1,88.3,CRUISE_LOITER,1.0,0,500.0,0.24,0.06,0.37,-0.21,-2.28,-0.49,-2.04,1.13,-0.02,-0.16,-0.06,0.19,0.003,-0.02,0.0547,0
2.8000000000000003,5161.2,2123.9,72.1,87.71,90.04,87.07,89.5,779.3,787.38,781.68,786.1,4.71,66.51,12.34,2.98,43.64,0.729,14.1,4.06,LANE_A,18549.0,-22.1,88.3,CRUISE_LOITER,1.0,0,500.0,0.06,-0.11,-0.08,-0.15,-1.29,1.79,-0.91,0.51,-0.06,0.01,-0.21,-0.04,0.007,0.0,0.0686,0
2.85,5134.3,2112.9,72.0,87.67,90.14,87.16,89.62,781.15,785.36,783.56,785.28,4.78,66.31,12.6,3.02,43.8,0.729,14.08,4.01,LANE_A,18550.0,-22.1,88.3,CRUISE_LOITER,1.0,0,500.0,0.03,0.0,0.02,-0.02,0.56,-0.23,0.97,-0.31,0.01,-0.18,0.05,0.12,0.007,-0.02,0.0239,0
2.9000000000000004,5150.7,2119.6,72.2,87.48,90.13,86.8,89.69,782.84,786.0,782.39,787.61,4.82,66.59,12.54,2.99,43.76,0.746,14.11,4.04,LANE_A,18551.0,-22.1,88.3,CRUISE_LOITER,1.0,0,500.0,-0.16,-0.01,-0.34,0.05,2.25,0.41,-0.2,2.02,0.05,0.1,-0.01,0.08,0.024,0.01,0.0595,0
2.95,5129.8,2111.0,72.1,87.81,90.18,87.42,89.65,782.45,785.81,782.26,787.09,4.74,66.66,12.49,3.01,43.52,0.729,14.09,3.96,LANE_A,18552.0,-22.1,88.3,CRUISE_LOITER,1.0,0,500.0,0.17,0.04,0.28,0.01,1.86,0.22,-0.33,1.5,-0.03,0.17,-0.06,-0.16,0.007,-0.01,0.0447,0
3.0,5141.9,2116.0,72.0,87.84,89.82,87.05,89.83,780.49,786.72,782.82,785.0,4.73,66.54,12.55,2.99,43.73,0.722,14.11,4.02,LANE_A,18552.0,-22.1,88.3,CRUISE_LOITER,1.0,0,500.0,0.21,-0.31,-0.08,0.2,-0.1,1.13,0.23,-0.59,-0.04,0.05,0.0,0.05,0.0,0.01,0.0461,0
3.0500000000000003,5162.0,2124.3,72.1,87.66,90.08,86.97,89.59,781.16,784.94,783.86,785.58,4.78,66.47,12.5,2.99,43.84,0.721,14.07,4.07,LANE_A,18553.0,-22.1,88.3,CRUISE_LOITER,1.0,0,500.0,0.03,-0.05,-0.16,-0.04,0.57,-0.65,1.27,-0.01,0.01,-0.01,-0.05,0.17,-0.001,-0.03,0.0313,0
3.1,5159.1,2123.1,72.2,87.56,90.22,87.11,89.32,781.5,785.23,781.77,784.81,4.82,66.4,12.55,2.99,43.81,0.715,14.09,3.95,LANE_A,18554.0,-22.1,88.3,CRUISE_LOITER,1.0,0,500.0,-0.07,0.09,-0.02,-0.31,0.91,-0.36,-0.82,-0.78,0.05,-0.08,0.0,0.14,-0.007,-0.01,0.0564,0
3.1500000000000004,5149.9,2119.3,72.0,87.37,90.58,86.94,89.78,781.11,786.86,781.74,786.27,4.76,66.6,12.56,3.0,43.71,0.758,14.07,4.1,LANE_A,18555.0,-22.1,88.3,CRUISE_LOITER,1.0,0,500.0,-0.26,0.45,-0.19,0.15,0.52,1.27,-0.85,0.68,-0.01,0.12,0.01,0.04,0.036,-0.03,0.0514,0
3.2,5163.5,2124.9,71.8,87.72,90.17,87.0,89.67,780.41,784.15,782.5,785.49,4.81,66.58,12.64,3.03,43.86,0.743,14.13,4.1,LANE_A,18556.0,-22.1,88.3,CRUISE_LOITER,1.0,0,500.0,0.1,0.05,-0.12,0.05,-0.17,-1.43,-0.08,-0.09,0.04,0.1,0.09,0.19,0.021,0.03,0.0474,0
3.25,5176.8,2130.4,72.1,87.85,89.85,87.26,89.94,781.73,785.37,780.47,785.28,4.71,66.67,12.51,3.03,43.49,0.711,14.13,4.18,LANE_A,18557.0,-22.1,88.3,CRUISE_LOITER,1.0,0,500.0,0.23,-0.27,0.14,0.32,1.15,-0.21,-2.11,-0.3,-0.06,0.2,-0.04,-0.18,-0.011,0.03,0.0691,0
3.3000000000000003,5136.8,2113.9,72.4,87.99,90.14,87.15,89.59,780.93,784.18,782.43,785.54,4.74,66.51,12.55,2.98,43.56,0.72,14.1,4.16,LANE_A,18558.0,-22.1,88.3,CRUISE_LOITER,1.0,0,500.0,0.37,0.02,0.03,-0.03,0.35,-1.4,-0.15,-0.04,-0.03,0.04,0.0,-0.11,-0.002,0.0,0.0358,0
3.35,5136.1,2113.6,72.1,87.41,90.16,87.07,89.5,779.56,785.21,781.24,785.27,4.85,66.53,12.35,3.01,43.87,0.722,14.09,4.05,LANE_A,18559.0,-22.1,88.3,CRUISE_LOITER,1.0,0,500.0,-0.2,0.05,-0.04,-0.11,-1.02,-0.37,-1.34,-0.31,0.08,0.06,-0.2,0.2,0.0,-0.01,0.0879,0
3.4000000000000004,5158.2,2122.7,72.0,87.58,90.28,86.92,89.44,777.52,787.67,782.64,784.82,4.8,66.68,12.73,3.03,43.74,0.722,14.1,3.84,LANE_A,18559.0,-22.1,88.3,CRUISE_LOITER,1.0,0,500.0,-0.03,0.17,-0.19,-0.17,-3.06,2.09,0.06,-0.76,0.03,0.21,0.18,0.07,0.0,0.0,0.0701,0
3.45,5151.7,2120.0,72.0,87.54,89.76,87.36,89.55,780.61,785.95,784.38,786.42,4.79,66.33,12.55,2.99,43.83,0.734,14.11,4.19,LANE_A,18560.0,-22.1,88.3,CRUISE_LOITER,1.0,0,500.0,-0.07,-0.35,0.25,-0.06,0.03,0.37,1.8,0.84,0.02,-0.13,0.0,0.17,0.012,0.01,0.0428,0
3.5,5140.7,2115.5,71.9,87.73,90.35,87.28,89.53,780.93,782.37,784.81,786.68,4.78,66.53,12.51,2.99,43.64,0.723,14.09,4.1,LANE_A,18561.0,-22.1,88.3,CRUISE_LOITER,1.0,0,500.0,0.12,0.24,0.17,-0.08,0.35,-3.21,2.23,1.1,0.01,0.07,-0.04,-0.02,0.001,-0.01,0.072,0
3.5500000000000003,5146.4,2117.9,72.3,87.63,90.09,87.16,89.59,781.04,784.53,782.39,784.51,4.77,66.25,12.33,2.98,43.76,0.729,14.09,4.09,LANE_A,18562.0,-22.1,88.4,CRUISE_LOITER,1.0,0,500.0,0.03,-0.01,0.06,-0.01,0.47,-1.04,-0.18,-1.06,0.0,-0.21,-0.22,0.1,0.007,-0.01,0.0497,0
3.6,5146.4,2117.9,71.9,87.24,90.01,87.03,89.38,778.81,785.66,782.29,787.44,4.74,66.24,12.49,2.98,43.77,0.725,14.11,4.2,LANE_A,18563.0,-22.1,88.4,CRUISE_LOITER,1.0,0,500.0,-0.36,-0.09,-0.07,-0.22,-1.76,0.09,-0.28,1.87,-0.03,-0.21,-0.06,0.11,0.003,0.01,0.0455,0
3.6500000000000004,5166.0,2125.9,72.3,87.48,90.23,87.24,89.46,780.33,787.77,783.47,786.27,4.74,66.52,12.61,2.99,43.55,0.708,14.11,3.93,LANE_A,18564.0,-22.1,88.4,CRUISE_LOITER,1.0,0,500.0,-0.12,0.13,0.14,-0.14,-0.24,2.2,0.9,0.7,-0.03,0.07,0.06,-0.11,-0.014,0.01,0.0509,0
3.7,5163.3,2124.8,72.0,87.68,90.25,86.77,89.64,784.44,784.95,781.91,783.42,4.73,66.27,12.44,2.97,43.75,0.725,14.11,3.97,LANE_A,18565.0,-22.1,88.4,CRUISE_LOITER,1.0,0,500.0,0.09,0.16,-0.32,0.05,3.87,-0.62,-0.66,-2.15,-0.04,-0.18,-0.11,0.09,0.003,0.01,0.0864,0
3.75,5151.3,2119.9,72.0,87.65,90.28,86.86,89.51,780.52,788.13,782.97,784.96,4.77,66.28,12.62,2.98,43.84,0.7,14.09,4.13,LANE_A,18566.0,-22.1,88.4,CRUISE_LOITER,1.0,0,500.0,0.06,0.19,-0.23,-0.08,-0.05,2.56,0.4,-0.61,0.0,-0.17,0.07,0.18,-0.022,-0.01,0.0579,0
3.8000000000000003,5150.1,2119.4,71.7,87.7,90.25,87.1,89.61,777.93,783.53,780.02,785.47,4.79,66.58,12.62,3.02,43.66,0.746,14.08,4.17,LANE_A,18566.0,-22.1,88.4,CRUISE_LOITER,1.0,0,500.0,0.11,0.16,0.01,0.02,-2.64,-2.04,-2.55,-0.1,0.02,0.14,0.08,0.0,0.024,-0.02,0.0628,0
3.85,5159.2,2123.1,71.9,87.46,90.01,86.9,89.47,781.92,786.52,782.32,785.81,4.75,66.42,12.53,3.0,43.53,0.745,14.1,4.08,LANE_A,18567.0,-22.1,88.4,CRUISE_LOITER,1.0,0,500.0,-0.13,-0.08,-0.19,-0.12,1.35,0.95,-0.25,0.24,-0.02,-0.02,-0.01,-0.12,0.023,0.0,0.0338,0
3.9000000000000004,5166.0,2125.9,72.1,87.67,90.08,86.97,89.19,780.46,787.06,780.78,784.23,4.75,66.29,12.5,3.0,43.63,0.71,14.1,4.1,LANE_A,18568.0,-22.1,88.4,CRUISE_LOITER,1.0,0,500.0,0.09,0.0,-0.11,-0.39,-0.11,1.49,-1.79,-1.34,-0.02,-0.15,-0.04,-0.02,-0.012,0.0,0.0435,0
3.95,5154.9,2121.4,71.9,87.53,89.89,87.23,89.74,780.33,786.67,783.19,785.62,4.71,66.51,12.48,3.02,43.82,0.721,14.13,4.17,LANE_A,18569.0,-22.1,88.4,CRUISE_LOITER,1.0,0,500.0,-0.05,-0.19,0.15,0.16,-0.23,1.11,0.63,0.06,-0.06,0.07,-0.06,0.17,-0.001,0.03,0.0669,0
4.0,5178.6,2131.1,71.9,87.46,90.17,87.05,89.59,780.75,787.16,781.76,785.34,4.76,66.36,12.49,3.02,43.59,0.717,14.09,3.95,LANE_A,18570.0,-22.1,88.4,CRUISE_LOITER,1.0,0,500.0,-0.12,0.09,-0.03,0.01,0.19,1.6,-0.8,-0.22,-0.01,-0.07,-0.05,-0.06,-0.005,-0.01,0.0365,0
4.05,5150.2,2119.4,72.0,87.74,89.96,87.03,89.55,779.6,783.83,782.53,786.72,4.79,66.52,12.49,3.02,43.65,0.738,14.07,4.15,LANE_A,18571.0,-22.1,88.4,CRUISE_LOITER,1.0,0,500.0,0.17,-0.11,-0.04,-0.02,-0.96,-1.73,-0.03,1.16,0.02,0.09,-0.05,0.0,0.016,-0.03,0.0416,0
4.1000000000000005,5128.6,2110.5,72.4,87.75,90.39,87.0,89.67,779.68,785.79,782.41,784.6,4.77,66.42,12.67,3.0,43.88,0.715,14.12,3.97,LANE_A,18572.0,-22.1,88.4,CRUISE_LOITER,1.0,0,500.0,0.18,0.32,-0.07,0.1,-0.88,0.23,-0.15,-0.96,0.0,-0.01,0.13,0.23,-0.007,0.02,0.0326,0
4.15,5124.4,2108.8,72.1,87.74,90.23,87.14,89.53,781.01,786.09,783.49,785.13,4.79,66.6,12.46,3.01,43.5,0.703,14.1,4.07,LANE_A,18573.0,-22.1,88.4,CRUISE_LOITER,1.0,0,500.0,0.17,0.16,0.07,-0.04,0.45,0.53,0.93,-0.43,0.02,0.17,-0.08,-0.15,-0.019,0.0,0.0288,0
4.2,5151.7,2120.0,72.1,87.56,90.19,86.66,89.48,780.88,788.06,784.71,786.89,4.79,66.37,12.56,3.0,43.76,0.732,14.1,4.13,LANE_A,18573.0,-22.1,88.4,CRUISE_LOITER,1.0,0,500.0,-0.01,0.12,-0.41,-0.09,0.32,2.5,2.15,1.33,0.02,-0.05,0.02,0.11,0.01,0.0,0.0586,0
4.25,5147.8,2118.4,71.9,87.41,89.93,87.02,89.38,780.61,787.83,781.75,787.06,4.82,66.77,12.53,2.96,43.7,0.744,14.08,4.11,LANE_A,18574.0,-22.1,88.4,CRUISE_LOITER,1.0,0,500.0,-0.15,-0.13,-0.04,-0.18,0.05,2.27,-0.81,1.5,0.05,0.35,-0.01,0.05,0.022,-0.02,0.0592,0
4.3,5163.1,2124.8,72.0,87.35,89.97,87.54,89.55,781.5,786.05,779.9,785.38,4.77,66.25,12.65,2.98,43.7,0.713,14.15,4.18,LANE_A,18575.0,-22.2,88.4,CRUISE_LOITER,1.0,0,500.0,-0.21,-0.09,0.48,-0.01,0.95,0.5,-2.65,-0.17,0.0,-0.17,0.11,0.06,-0.009,0.05,0.0618,0
4.3500000000000005,5139.2,2114.9,72.2,87.75,89.93,87.21,89.6,778.2,785.55,781.95,784.3,4.77,66.31,12.47,3.0,43.8,0.761,14.07,4.05,LANE_A,18576.0,-22.2,88.4,CRUISE_LOITER,1.0,0,500.0,0.19,-0.13,0.15,0.04,-2.35,0.0,-0.6,-1.25,0.0,-0.11,-0.07,0.16,0.039,-0.03,0.0557,0
4.4,5154.3,2121.1,72.1,87.5,90.09,87.08,89.41,780.37,786.04,781.97,784.8,4.81,66.62,12.51,2.98,43.53,0.711,14.1,4.17,LANE_A,18577.0,-22.2,88.4,CRUISE_LOITER,1.0,0,500.0,-0.05,0.04,0.03,-0.14,-0.18,0.49,-0.58,-0.75,0.04,0.21,-0.03,-0.11,-0.011,0.0,0.0452,0
4.45,5158.5,2122.8,72.0,87.25,90.07,87.03,89.71,780.71,786.16,783.47,785.93,4.76,66.79,12.52,3.01,43.8,0.741,14.08,3.99,LANE_A,18578.0,-22.2,88.4,CRUISE_LOITER,1.0,0,500.0,-0.3,0.02,-0.02,0.16,0.16,0.61,0.92,0.38,-0.01,0.38,-0.02,0.16,0.019,-0.02,0.0294,0
4.5,5147.7,2118.4,71.6,87.84,90.29,87.18,89.49,778.9,786.11,780.41,787.61,4.79,66.35,12.52,3.02,43.56,0.705,14.11,3.94,LANE_A,18579.0,-22.2,88.4,CRUISE_LOITER,1.0,0,500.0,0.29,0.24,0.13,-0.06,-1.65,0.56,-2.14,2.06,0.02,-0.06,-0.02,-0.08,-0.017,0.01,0.0518,0
4.55,5176.0,2130.0,72.1,87.9,89.84,86.83,89.61,780.83,783.36,783.16,786.01,4.79,66.39,12.58,3.0,43.84,0.735,14.08,4.11,LANE_A,18580.0,-22.2,88.5,CRUISE_LOITER,1.0,0,500.0,0.35,-0.21,-0.22,0.06,0.28,-2.19,0.61,0.46,0.02,-0.02,0.04,0.2,0.013,-0.02,0.0511,0
4.6000000000000005,5167.5,2126.5,71.7,87.58,89.92,86.93,89.39,781.64,787.13,782.58,786.14,4.77,66.14,12.61,3.01,43.91,0.756,14.1,4.06,LANE_A,18580.0,-22.2,88.5,CRUISE_LOITER,1.0,0,500.0,0.04,-0.12,-0.11,-0.15,1.09,1.58,0.03,0.59,0.0,-0.26,0.07,0.27,0.034,0.0,0.0482,0
4.65,5154.8,2121.3,72.2,87.43,90.13,87.35,89.21,779.84,785.34,782.81,786.42,4.79,66.45,12.61,3.02,43.66,0.733,14.1,4.03,LANE_A,18581.0,-22.2,88.5,CRUISE_LOITER,1.0,0,500.0,-0.11,0.09,0.31,-0.33,-0.71,-0.21,0.26,0.87,0.02,0.05,0.07,0.02,0.011,0.0,0.0308,0
4.7,5140.4,2115.4,72.0,87.52,90.1,86.84,89.52,779.11,784.74,782.39,785.65,4.72,66.4,12.58,3.04,43.75,0.72,14.11,4.06,LANE_A,18582.0,-22.2,88.5,CRUISE_LOITER,1.0,0,500.0,-0.02,0.06,-0.2,-0.02,-1.43,-0.8,-0.15,0.11,-0.05,0.0,0.04,0.12,-0.002,0.01,0.0561,0
4.75,5141.7,2115.9,72.0,87.83,90.0,86.96,89.32,780.69,786.09,784.11,784.84,4.76,66.46,12.56,3.02,43.69,0.714,14.11,3.89,LANE_A,18583.0,-22.2,88.5,CRUISE_LOITER,1.0,0,500.0,0.3,-0.03,-0.07,-0.21,0.15,0.55,1.57,-0.7,-0.01,0.07,0.02,0.06,-0.008,0.01,0.0368,0
4.800000000000001,5146.3,2117.8,72.1,87.15,89.99,87.09,89.77,780.48,784.94,781.3,782.81,4.71,66.09,12.65,2.98,43.51,0.702,14.08,3.96,LANE_A,18584.0,-22.2,88.5,CRUISE_LOITER,1.0,0,500.0,-0.38,-0.04,0.06,0.24,-0.06,-0.6,-1.24,-2.73,-0.06,-0.3,0.11,-0.12,-0.02,-0.02,0.0702,0
4.8500000000000005,5141.2,2115.7,72.5,87.82,90.11,87.26,89.75,782.08,784.03,782.5,786.42,4.8,66.29,12.65,3.01,43.69,0.718,14.08,3.85,LANE_A,18585.0,-22.2,88.5,CRUISE_LOITER,1.0,0,500.0,0.29,0.08,0.23,0.22,1.54,-1.51,-0.04,0.88,0.03,-0.1,0.11,0.06,-0.004,-0.02,0.0392,0
4.9,5159.0,2123.0,72.3,87.39,90.01,87.11,89.6,779.42,787.46,781.8,786.23,4.84,66.34,12.51,2.97,43.56,0.736,14.1,4.08,LANE_A,18586.0,-22.2,88.5,CRUISE_LOITER,1.0,0,500.0,-0.14,-0.02,0.08,0.07,-1.12,1.92,-0.74,0.69,0.07,-0.05,-0.03,-0.07,0.014,0.0,0.0775,0
4.95,5177.6,2130.7,72.3,87.46,89.95,87.29,89.65,783.91,785.36,782.43,786.25,4.82,66.39,12.53,2.99,43.6,0.739,14.12,4.03,LANE_A,18587.0,-22.2,88.5,CRUISE_LOITER,1.0,0,500.0,-0.06,-0.07,0.27,0.13,3.37,-0.18,-0.11,0.71,0.05,0.01,-0.01,-0.03,0.017,0.02,0.0757,0
5.0,5140.0,2115.2,72.2,87.11,90.12,87.07,89.46,780.84,786.12,784.72,783.86,4.75,66.31,12.65,3.01,43.5,0.716,14.08,4.11,LANE_A,18587.0,-22.2,88.5,CRUISE_LOITER,1.0,0,500.0,-0.41,0.1,0.05,-0.06,0.3,0.58,2.18,-1.68,-0.02,-0.07,0.11,-0.13,-0.006,-0.02,0.0517,0
5.050000000000001,5160.8,2123.8,72.4,87.37,90.16,87.28,89.54,779.02,783.21,782.89,788.36,4.8,66.49,12.53,2.99,43.77,0.725,14.08,4.04,LANE_A,18588.0,-22.2,88.5,CRUISE_LOITER,1.0,0,500.0,-0.15,0.14,0.26,0.02,-1.52,-2.33,0.35,2.82,0.03,0.11,-0.01,0.14,0.003,-0.02,0.0656,0
5.1000000000000005,5151.9,2120.1,72.2,87.32,90.0,86.99,89.6,781.9,785.15,781.03,783.82,4.74,66.41,12.43,3.03,43.54,0.71,14.08,4.1,LANE_A,18589.0,-22.2,88.5,CRUISE_LOITER,1.0,0,500.0,-0.2,-0.02,-0.03,0.08,1.37,-0.38,-1.5,-1.71,-0.03,0.03,-0.11,-0.08,-0.012,-0.02,0.0424,0
5.15,5166.8,2126.2,72.0,87.63,89.98,86.76,89.69,781.15,784.33,781.18,783.81,4.78,66.44,12.52,3.01,43.6,0.724,14.08,4.15,LANE_A,18590.0,-22.2,88.5,CRUISE_LOITER,1.0,0,500.0,0.12,-0.03,-0.25,0.18,0.62,-1.2,-1.35,-1.72,0.01,0.07,-0.02,-0.02,0.002,-0.02,0.0412,0
5.2,5113.7,2104.4,72.1,87.68,90.04,87.05,89.65,781.75,786.02,784.93,785.14,4.83,66.4,12.5,3.02,43.55,0.729,14.12,4.15,LANE_A,18591.0,-22.2,88.5,CRUISE_LOITER,1.0,0,500.0,0.17,0.03,0.04,0.14,1.22,0.49,2.4,-0.39,0.06,0.03,-0.04,-0.07,0.007,0.02,0.0682,0
5.25,5162.0,2124.3,72.1,87.61,90.22,87.28,89.37,779.84,785.72,782.48,786.18,4.79,66.36,12.42,3.0,43.5,0.726,14.12,4.06,LANE_A,18592.0,-22.2,88.5,CRUISE_LOITER,1.0,0,500.0,0.1,0.21,0.27,-0.14,-0.69,0.19,-0.05,0.65,0.02,-0.01,-0.12,-0.12,0.004,0.02,0.0301,0
5.300000000000001,5151.8,2120.1,72.5,87.43,90.07,87.41,89.74,782.38,785.69,782.35,783.83,4.78,66.14,12.61,2.99,43.58,0.726,14.09,4.01,LANE_A,18593.0,-22.2,88.5,CRUISE_LOITER,1.0,0,500.0,-0.07,0.07,0.41,0.24,1.85,0.16,-0.18,-1.7,0.01,-0.23,0.07,-0.04,0.004,-0.01,0.0444,0
5.3500000000000005,5154.5,2121.2,72.2,87.26,89.92,86.78,89.65,779.32,785.13,782.18,785.63,4.75,66.34,12.42,3.01,43.5,0.705,14.11,3.99,LANE_A,18594.0,-22.2,88.5,CRUISE_LOITER,1.0,0,500.0,-0.24,-0.08,-0.22,0.15,-1.21,-0.4,-0.35,0.1,-0.03,-0.02,-0.12,-0.12,-0.017,0.01,0.0369,0
5.4,5157.3,2122.4,72.2,87.63,89.81,86.71,89.49,780.29,785.95,782.5,785.35,4.82,66.44,12.4,3.02,43.67,0.715,14.08,3.98,LANE_A,18594.0,-22.2,88.5,CRUISE_LOITER,1.0,0,500.0,0.13,-0.19,-0.29,-0.01,-0.24,0.42,-0.03,-0.18,0.04,0.08,-0.14,0.05,-0.007,-0.02,0.0464,0
5.45,5147.5,2118.3,72.0,87.59,89.59,86.97,89.06,778.21,785.52,782.9,786.62,4.83,66.24,12.47,2.99,43.58,0.733,14.1,4.11,LANE_A,18595.0,-22.2,88.5,CRUISE_LOITER,1.0,0,500.0,0.09,-0.41,-0.03,-0.44,-2.31,0.0,0.38,1.1,0.05,-0.12,-0.07,-0.04,0.011,0.0,0.0592,0
5.5,5160.3,2123.6,72.0,87.21,90.07,87.21,89.63,779.41,786.02,781.09,783.27,4.77,66.38,12.57,3.0,43.57,0.729,14.09,4.03,LANE_A,18596.0,-22.2,88.5,CRUISE_LOITER,1.0,0,500.0,-0.28,0.08,0.22,0.14,-1.11,0.5,-1.43,-2.25,-0.01,0.02,0.03,-0.05,0.007,-0.01,0.052,0
5.550000000000001,5155.5,2121.6,72.0,87.28,90.01,87.04,89.34,780.24,788.13,782.23,787.16,4.74,66.22,12.44,2.99,43.69,0.716,14.09,4.12,LANE_A,18597.0,-22.2,88.6,CRUISE_LOITER,1.0,0,500.0,-0.21,0.02,0.05,-0.15,-0.28,2.61,-0.29,1.64,-0.04,-0.13,-0.1,0.08,-0.006,-0.01,0.0603,0
5.6000000000000005,5142.3,2116.2,72.2,87.47,89.73,87.23,89.68,780.07,785.24,782.34,787.78,4.8,66.16,12.53,2.98,43.59,0.709,14.12,4.09,LANE_A,18598.0,-22.2,88.6,CRUISE_LOITER,1.0,0,500.0,-0.02,-0.26,0.24,0.19,-0.45,-0.28,-0.18,2.26,0.02,-0.19,-0.01,-0.02,-0.013,0.02,0.0517,0
5.65,5152.8,2120.5,72.2,87.47,90.03,87.06,89.43,780.35,784.54,782.07,786.55,4.78,66.2,12.69,3.0,43.6,0.752,14.09,4.06,LANE_A,18599.0,-22.2,88.6,CRUISE_LOITER,1.0,0,500.0,-0.01,0.05,0.08,-0.05,-0.17,-0.98,-0.45,1.03,0.0,-0.15,0.15,-0.01,0.03,-0.01,0.0423,0
5.7,5148.2,2118.6,72.2,87.04,89.76,86.72,89.44,780.39,785.25,782.64,785.44,4.75,66.29,12.38,2.98,43.56,0.72,14.09,4.12,LANE_A,18600.0,-22.2,88.6,CRUISE_LOITER,1.0,0,500.0,-0.44,-0.22,-0.26,-0.04,-0.13,-0.27,0.12,-0.08,-0.03,-0.05,-0.16,-0.05,-0.002,-0.01,0.04,0
5.75,5152.8,2120.5,72.3,87.51,89.89,86.95,89.46,780.25,785.05,783.21,783.12,4.8,66.03,12.65,2.97,43.58,0.741,14.1,3.99,LANE_A,18601.0,-22.2,88.6,CRUISE_LOITER,1.0,0,500.0,0.03,-0.09,-0.03,-0.02,-0.27,-0.47,0.69,-2.4,0.02,-0.31,0.11,-0.03,0.019,0.0,0.0546,0
5.800000000000001,5161.6,2124.1,71.9,87.42,90.07,86.96,89.72,780.23,787.87,783.09,785.68,4.77,66.42,12.68,2.97,43.47,0.72,14.1,3.96,LANE_A,18601.0,-22.2,88.6,CRUISE_LOITER,1.0,0,500.0,-0.06,0.09,-0.02,0.24,-0.29,2.35,0.57,0.16,-0.01,0.08,0.14,-0.14,-0.002,0.0,0.0531,0
5.8500000000000005,5158.3,2122.7,72.1,87.32,90.12,87.08,89.29,780.7,786.68,783.09,786.44,4.76,66.55,12.43,3.01,43.63,0.73,14.08,4.15,LANE_A,18602.0,-22.2,88.6,CRUISE_LOITER,1.0,0,500.0,-0.15,0.15,0.11,-0.18,0.19,1.17,0.58,0.93,-0.02,0.21,-0.1,0.02,0.008,-0.02,0.0299,0
5.9,5158.4,2122.8,72.1,87.38,90.07,87.24,89.44,780.75,785.2,782.63,784.44,4.74,66.21,12.57,3.0,43.65,0.719,14.08,4.18,LANE_A,18603.0,-22.2,88.6,CRUISE_LOITER,1.0,0,500.0,-0.09,0.1,0.27,-0.03,0.24,-0.31,0.12,-1.07,-0.04,-0.12,0.04,0.04,-0.003,-0.02,0.0457,0
5.95,5168.3,2126.9,72.3,87.64,90.03,86.64,89.36,779.66,786.97,783.59,785.5,4.79,66.19,12.56,3.01,43.61,0.723,14.08,4.04,LANE_A,18604.0,-22.2,88.6,CRUISE_LOITER,1.0,0,500.0,0.17,0.06,-0.33,-0.11,-0.85,1.46,1.08,-0.01,0.01,-0.14,0.03,0.01,0.001,-0.02,0.0355,0
6.0,5151.7,2120.0,72.4,87.57,89.73,87.01,89.51,781.46,784.0,783.24,786.61,4.79,66.31,12.47,3.01,43.7,0.725,14.13,4.04,LANE_A,18605.0,-22.2,88.6,CRUISE_LOITER,1.0,0,500.0,0.11,-0.23,0.05,0.05,0.95,-1.51,0.73,1.1,0.01,-0.02,-0.06,0.1,0.003,0.03,0.0369,0
6.050000000000001,5140.6,2115.5,71.9,87.29,89.84,86.49,89.35,780.39,784.21,783.18,785.22,4.81,66.04,12.58,2.97,43.77,0.737,14.09,3.92,LANE_A,18606.0,-22.2,88.6,CRUISE_LOITER,1.0,0,500.0,-0.17,-0.12,-0.47,-0.11,-0.12,-1.3,0.67,-0.29,0.03,-0.29,0.05,0.17,0.015,-0.01,0.0428,0
6.1000000000000005,5149.9,2119.3,72.0,87.47,89.89,87.01,89.18,782.22,785.47,781.76,783.16,4.79,66.2,12.6,3.04,43.71,0.711,14.12,4.15,LANE_A,18607.0,-22.2,88.6,CRUISE_LOITER,1.0,0,500.0,0.01,-0.07,0.05,-0.28,1.71,-0.04,-0.75,-2.35,0.01,-0.12,0.07,0.11,-0.011,0.02,0.0542,0
6.15,5127.6,2110.1,72.0,87.38,90.2,87.05,89.41,777.83,784.98,785.2,784.83,4.78,66.17,12.66,3.0,43.59,0.732,14.11,4.01,LANE_A,18608.0,-22.2,88.6,CRUISE_LOITER,1.0,0,500.0,-0.08,0.24,0.09,-0.05,-2.68,-0.53,2.69,-0.68,0.0,-0.15,0.13,-0.01,0.01,0.01,0.0625,0
6.2,5147.6,2118.4,72.4,87.36,89.77,87.34,89.61,779.97,785.35,780.22,785.86,4.81,66.37,12.63,2.99,43.67,0.705,14.11,4.06,LANE_A,18608.0,-22.2,88.6,CRUISE_LOITER,1.0,0,500.0,-0.09,-0.18,0.39,0.16,-0.53,-0.15,-2.28,0.36,0.03,0.05,0.1,0.07,-0.017,0.01,0.0532,0
6.25,5172.7,2128.7,71.9,87.22,90.01,86.92,89.43,781.31,788.95,780.93,784.33,4.74,66.46,12.5,2.99,43.7,0.737,14.09,3.94,LANE_A,18609.0,-22.2,88.6,CRUISE_LOITER,1.0,0,500.0,-0.23,0.06,-0.03,-0.02,0.81,3.45,-1.57,-1.17,-0.04,0.14,-0.03,0.1,0.015,-0.01,0.0775,0
6.300000000000001,5142.5,2116.3,72.5,87.14,89.89,86.65,89.29,781.46,786.11,782.57,786.0,4.78,66.44,12.5,3.0,43.66,0.724,14.05,3.96,LANE_A,18610.0,-22.2,88.6,CRUISE_LOITER,1.0,0,500.0,-0.31,-0.06,-0.3,-0.16,0.96,0.61,0.07,0.5,0.0,0.13,-0.03,0.06,0.002,-0.05,0.0492,0
6.3500000000000005,5137.4,2114.2,72.4,87.31,89.86,86.49,89.58,781.24,785.61,782.31,785.14,4.77,66.1,12.57,3.04,43.49,0.717,14.1,3.99,LANE_A,18611.0,-22.2,88.6,CRUISE_LOITER,1.0,0,500.0,-0.13,-0.08,-0.45,0.14,0.74,0.11,-0.19,-0.36,-0.01,-0.21,0.04,-0.1,-0.005,0.0,0.0386,0
6.4,5157.5,2122.4,72.0,87.2,89.99,86.69,89.6,780.14,785.99,782.18,784.25,4.75,66.46,12.42,3.01,43.47,0.724,14.09,3.9,LANE_A,18612.0,-22.2,88.6,CRUISE_LOITER,1.0,0,500.0,-0.24,0.05,-0.25,0.16,-0.36,0.49,-0.32,-1.25,-0.03,0.15,-0.11,-0.12,0.002,-0.01,0.0367,0
6.45,5162.5,2124.5,72.5,87.52,89.99,86.79,89.39,780.88,785.98,781.65,784.73,4.78,66.41,12.55,3.02,43.42,0.69,14.12,4.21,LANE_A,18613.0,-22.2,88.6,CRUISE_LOITER,1.0,0,500.0,0.08,0.05,-0.15,-0.05,0.38,0.48,-0.85,-0.77,0.0,0.1,0.02,-0.17,-0.032,0.02,0.0441,0
6.5,5166.5,2126.1,72.4,87.48,89.93,86.77,89.27,782.37,786.21,780.36,784.56,4.8,66.29,12.59,3.0,43.73,0.718,14.09,4.22,LANE_A,18614.0,-22.2,88.6,CRUISE_LOITER,1.0,0,500.0,0.04,-0.01,-0.17,-0.17,1.87,0.71,-2.14,-0.94,0.02,-0.01,0.06,0.14,-0.004,-0.01,0.0503,0
6.550000000000001,5169.3,2127.3,72.0,87.25,89.78,86.85,89.13,780.41,786.4,781.95,784.47,4.81,66.17,12.49,2.97,43.36,0.727,14.11,4.01,LANE_A,18615.0,-22.2,88.7,CRUISE_LOITER,1.0,0,500.0,-0.18,-0.15,-0.08,-0.3,-0.09,0.9,-0.55,-1.03,0.03,-0.13,-0.04,-0.23,0.005,0.01,0.0367,0
6.6000000000000005,5167.5,2126.5,72.2,86.94,89.79,87.05,89.46,782.43,786.13,781.22,787.07,4.78,66.46,12.7,3.01,43.72,0.716,14.13,4.02,LANE_A,18615.0,-22.2,88.7,CRUISE_LOITER,1.0,0,500.0,-0.49,-0.14,0.12,0.03,1.94,0.64,-1.27,1.58,0.0,0.16,0.17,0.13,-0.006,0.03,0.0484,0
6.65,5142.9,2116.4,72.5,87.28,89.85,86.65,89.34,780.32,783.44,783.44,785.73,4.73,66.24,12.62,2.99,43.5,0.689,14.09,4.15,LANE_A,18616.0,-22.2,88.7,CRUISE_LOITER,1.0,0,500.0,-0.15,-0.08,-0.28,-0.09,-0.17,-2.05,0.95,0.24,-0.05,-0.06,0.09,-0.09,-0.033,-0.01,0.0589,0
6.7,5141.2,2115.7,72.3,87.55,89.99,86.81,89.24,781.46,783.59,781.39,786.58,4.74,66.32,12.56,3.03,43.52,0.721,14.11,4.07,LANE_A,18617.0,-22.2,88.7,CRUISE_LOITER,1.0,0,500.0,0.13,0.07,-0.11,-0.18,0.97,-1.9,-1.1,1.09,-0.04,0.03,0.03,-0.07,-0.001,0.01,0.0477,0
6.75,5146.1,2117.7,72.2,87.05,89.47,87.16,89.37,779.47,784.68,782.71,788.16,4.79,66.38,12.51,2.99,43.52,0.714,14.11,4.13,LANE_A,18618.0,-22.2,88.7,CRUISE_LOITER,1.0,0,500.0,-0.37,-0.45,0.24,-0.05,-1.02,-0.81,0.22,2.67,0.01,0.09,-0.02,-0.06,-0.008,0.01,0.0611,0
6.800000000000001,5152.7,2120.5,72.2,87.49,90.01,86.74,89.23,779.07,785.21,780.53,787.2,4.78,66.37,12.48,3.0,43.49,0.717,14.09,4.22,LANE_A,18619.0,-22.2,88.7,CRUISE_LOITER,1.0,0,500.0,0.07,0.09,-0.18,-0.19,-1.42,-0.28,-1.96,1.71,0.0,0.08,-0.05,-0.09,-0.005,-0.01,0.0463,0
6.8500000000000005,5156.8,2122.2,72.2,87.26,89.96,87.07,89.13,779.33,783.11,781.63,785.47,4.73,66.08,12.61,2.97,43.52,0.709,14.09,3.99,LANE_A,18620.0,-22.2,88.7,CRUISE_LOITER,1.0,0,500.0,-0.16,0.04,0.15,-0.29,-1.16,-2.38,-0.86,-0.02,-0.05,-0.2,0.08,-0.06,-0.013,-0.01,0.0588,0
6.9,5160.9,2123.8,72.0,87.22,90.01,86.79,89.7,780.29,786.34,782.55,785.21,4.75,66.35,12.6,3.0,43.67,0.731,14.11,4.01,LANE_A,18621.0,-22.2,88.7,CRUISE_LOITER,1.0,0,500.0,-0.19,0.1,-0.12,0.29,-0.2,0.85,0.06,-0.28,-0.03,0.07,0.07,0.09,0.009,0.01,0.0357,0
6.95,5130.6,2111.4,72.2,87.62,89.54,86.92,89.31,781.67,784.83,782.34,786.44,4.78,66.11,12.38,2.98,43.6,0.712,14.08,4.15,LANE_A,18622.0,-22.2,88.7,CRUISE_LOITER,1.0,0,500.0,0.21,-0.37,0.01,-0.1,1.19,-0.65,-0.14,0.96,0.0,-0.17,-0.15,0.02,-0.01,-0.02,0.037,0
7.0,5160.4,2123.6,72.4,87.31,89.86,87.04,89.53,780.04,786.89,784.84,784.55,4.83,65.92,12.61,3.0,43.66,0.725,14.09,4.29,LANE_A,18622.0,-22.2,88.7,CRUISE_LOITER,1.0,0,500.0,-0.1,-0.05,0.13,0.12,-0.44,1.41,2.36,-0.93,0.05,-0.36,0.08,0.08,0.003,-0.01,0.0587,0
7.050000000000001,5152.3,2120.3,72.3,87.45,90.07,87.06,89.57,781.31,785.36,781.61,783.08,4.76,66.1,12.47,2.98,43.44,0.693,14.09,4.19,LANE_A,18623.0,-22.2,88.7,CRUISE_LOITER,1.0,0,500.0,0.05,0.17,0.16,0.17,0.83,-0.12,-0.87,-2.4,-0.02,-0.17,-0.06,-0.14,-0.029,-0.01,0.0556,0
7.1000000000000005,5148.1,2118.5,72.3,87.82,89.94,86.8,89.42,780.1,783.98,781.73,785.11,4.77,66.3,12.52,3.0,43.61,0.695,14.1,3.96,LANE_A,18624.0,-22.2,88.7,CRUISE_LOITER,1.0,0,500.0,0.42,0.04,-0.1,0.02,-0.38,-1.5,-0.75,-0.37,-0.01,0.03,-0.01,0.03,-0.027,0.0,0.0391,0
7.15,5153.9,2120.9,72.5,87.59,90.09,86.93,89.54,780.89,783.66,782.43,783.97,4.81,66.17,12.53,3.01,43.65,0.713,14.1,4.02,LANE_A,18625.0,-22.3,88.7,CRUISE_LOITER,1.0,0,500.0,0.19,0.19,0.03,0.14,0.41,-1.82,-0.05,-1.51,0.03,-0.1,0.0,0.07,-0.009,0.0,0.0433,0
7.2,5154.6,2121.3,72.2,87.46,89.82,86.65,89.38,780.14,785.95,782.52,786.03,4.77,66.26,12.52,3.0,43.69,0.734,14.12,4.03,LANE_A,18626.0,-22.3,88.7,CRUISE_LOITER,1.0,0,500.0,0.06,-0.08,-0.25,-0.02,-0.34,0.47,0.04,0.55,-0.01,-0.01,-0.01,0.12,0.012,0.02,0.0233,0
7.25,5155.1,2121.4,72.0,87.25,89.76,86.88,89.36,780.26,787.59,784.67,785.4,4.78,66.37,12.46,3.01,43.68,0.72,14.13,4.23,LANE_A,18627.0,-22.3,88.7,CRUISE_LOITER,1.0,0,500.0,-0.14,-0.13,-0.01,-0.03,-0.22,2.11,2.19,-0.08,0.0,0.11,-0.07,0.11,-0.002,0.03,0.0512,0
7.300000000000001,5135.7,2113.4,72.0,87.21,89.94,86.99,89.24,780.8,784.98,782.39,785.9,4.76,66.61,12.52,2.99,43.61,0.709,14.1,4.17,LANE_A,18628.0,-22.3,88.7,CRUISE_LOITER,1.0,0,500.0,-0.18,0.05,0.1,-0.15,0.32,-0.5,-0.09,0.42,-0.02,0.35,-0.01,0.04,-0.013,0.0,0.0259,0
7.3500000000000005,5151.1,2119.8,72.3,87.65,89.9,86.85,89.43,780.44,786.31,783.03,785.11,4.78,66.28,12.52,3.0,43.62,0.709,14.09,4.05,LANE_A,18629.0,-22.3,88.7,CRUISE_LOITER,1.0,0,500.0,0.26,0.01,-0.04,0.04,-0.03,0.84,0.56,-0.36,0.0,0.02,-0.01,0.05,-0.013,-0.01,0.0236,0
7.4,5131.7,2111.8,72.3,87.39,89.93,86.86,89.41,779.54,785.98,781.87,783.97,4.78,66.23,12.63,2.98,43.33,0.724,14.08,4.02,LANE_A,18629.0,-22.3,88.7,CRUISE_LOITER,1.0,0,500.0,0.01,0.05,-0.02,0.03,-0.93,0.51,-0.6,-1.5,0.0,-0.03,0.1,-0.24,0.002,-0.02,0.036,0
7.45,5168.0,2126.7,72.1,87.53,89.98,87.07,89.38,781.9,784.84,781.73,785.89,4.76,66.04,12.42,2.99,43.77,0.734,14.08,3.96,LANE_A,18630.0,-22.3,88.7,CRUISE_LOITER,1.0,0,500.0,0.15,0.1,0.19,0.0,1.43,-0.63,-0.74,0.42,-0.02,-0.21,-0.11,0.2,0.012,-0.02,0.0356,0
7.5,5148.4,2118.7,72.2,87.18,89.46,86.85,89.09,780.56,788.69,782.91,786.27,4.76,66.22,12.52,2.97,43.72,0.721,14.11,4.16,LANE_A,18631.0,-22.3,88.7,CRUISE_LOITER,1.0,0,500.0,-0.2,-0.42,-0.03,-0.29,0.09,3.22,0.44,0.8,-0.02,-0.03,-0.01,0.15,-0.001,0.01,0.0717,0
7.550000000000001,5160.9,2123.8,72.2,87.07,89.91,86.92,89.6,779.49,783.33,782.02,785.24,4.78,66.17,12.51,2.99,43.56,0.715,14.09,4.01,LANE_A,18632.0,-22.3,88.8,CRUISE_LOITER,1.0,0,500.0,-0.31,0.03,0.04,0.22,-0.98,-2.14,-0.45,-0.23,0.0,-0.08,-0.02,-0.01,-0.007,-0.01,0.0486,0
7.6000000000000005,5153.7,2120.9,71.9,87.51,89.97,86.98,89.57,781.29,785.19,780.81,784.06,4.72,66.16,12.43,2.99,43.61,0.733,14.09,4.17,LANE_A,18633.0,-22.3,88.8,CRUISE_LOITER,1.0,0,500.0,0.14,0.1,0.11,0.2,0.82,-0.28,-1.66,-1.41,-0.06,-0.09,-0.1,0.05,0.011,-0.01,0.0678,0
7.65,5178.1,2130.9,72.1,87.05,89.89,86.77,89.49,780.93,786.01,782.96,785.5,4.77,66.39,12.5,3.02,43.69,0.726,14.14,4.19,LANE_A,18634.0,-22.3,88.8,CRUISE_LOITER,1.0,0,500.0,-0.32,0.02,-0.1,0.12,0.46,0.54,0.49,0.03,-0.01,0.15,-0.03,0.13,0.004,0.04,0.0398,0
7.7,5153.1,2120.6,72.1,87.38,89.95,86.77,89.11,780.39,786.94,782.42,786.37,4.77,66.33,12.5,3.02,43.41,0.716,14.12,4.0,LANE_A,18635.0,-22.3,88.8,CRUISE_LOITER,1.0,0,500.0,0.01,0.08,-0.1,-0.26,-0.08,1.47,-0.05,0.9,-0.01,0.09,-0.03,-0.15,-0.006,0.02,0.0349,0
7.75,5162.4,2124.5,72.2,87.4,89.79,87.26,89.47,779.08,783.97,782.36,785.39,4.78,65.97,12.58,2.98,43.53,0.718,14.12,3.89,LANE_A,18636.0,-22.3,88.8,CRUISE_LOITER,1.0,0,500.0,0.03,-0.08,0.39,0.1,-1.38,-1.49,-0.1,-0.07,0.0,-0.27,0.05,-0.03,-0.004,0.02,0.0364,0
7.800000000000001,5150.9,2119.7,72.0,87.09,90.18,87.04,89.44,782.06,786.93,783.84,785.27,4.8,66.37,12.55,3.03,43.75,0.707,14.09,4.06,LANE_A,18636.0,-22.3,88.8,CRUISE_LOITER,1.0,0,500.0,-0.27,0.32,0.18,0.08,1.6,1.47,1.38,-0.19,0.02,0.13,0.02,0.19,-0.015,-0.01,0.0404,0
7.8500000000000005,5152.5,2120.4,72.0,87.14,90.16,86.97,89.53,782.25,785.65,782.66,788.58,4.81,66.07,12.39,3.0,43.53,0.721,14.11,4.11,LANE_A,18637.0,-22.3,88.8,CRUISE_LOITER,1.0,0,500.0,-0.22,0.3,0.11,0.17,1.79,0.19,0.2,3.12,0.03,-0.16,-0.13,-0.03,-0.001,0.01,0.0707,0
7.9,5150.2,2119.4,71.8,87.41,90.01,86.93,89.29,779.94,784.56,782.48,786.2,4.78,66.17,12.57,2.98,43.47,0.722,14.06,3.88,LANE_A,18638.0,-22.3,88.8,CRUISE_LOITER,1.0,0,500.0,0.05,0.15,0.07,-0.07,-0.52,-0.9,0.02,0.74,0.0,-0.06,0.05,-0.09,0.0,-0.04,0.0392,0
7.95,5148.4,2118.7,72.3,87.51,89.8,86.95,89.14,781.2,785.27,782.41,785.28,4.83,66.09,12.46,2.98,43.72,0.709,14.1,3.87,LANE_A,18639.0,-22.3,88.8,CRUISE_LOITER,1.0,0,500.0,0.16,-0.05,0.1,-0.21,0.74,-0.19,-0.05,-0.18,0.05,-0.14,-0.06,0.16,-0.013,0.0,0.0559,0
8.0,5161.5,2124.1,72.2,87.44,90.17,86.59,89.35,781.23,786.85,782.04,785.27,4.75,66.25,12.55,3.0,43.6,0.717,14.11,4.18,LANE_A,18640.0,-22.3,88.8,CRUISE_LOITER,1.0,0,500.0,0.09,0.32,-0.26,0.0,0.77,1.39,-0.42,-0.19,-0.03,0.03,0.03,0.05,-0.005,0.01,0.0365,0
8.05,5179.9,2131.6,72.2,87.45,89.88,86.95,89.38,780.71,784.87,783.23,787.58,4.8,66.24,12.34,3.07,43.36,0.714,14.1,3.99,LANE_A,18641.0,-22.3,88.8,CRUISE_LOITER,1.0,0,500.0,0.1,0.03,0.1,0.03,0.25,-0.59,0.77,2.12,0.02,0.02,-0.18,-0.19,-0.008,0.0,0.0495,0
8.1,5149.7,2119.2,72.2,87.03,89.88,86.62,89.42,780.48,788.09,783.45,783.0,4.76,66.29,12.65,2.95,43.61,0.745,14.12,4.05,LANE_A,18642.0,-22.3,88.8,CRUISE_LOITER,1.0,0,500.0,-0.32,0.03,-0.23,0.07,0.03,2.64,1.0,-2.45,-0.02,0.07,0.13,0.06,0.023,0.02,0.0625,0
8.15,5154.8,2121.3,72.1,87.48,89.91,86.82,89.24,779.67,786.06,782.11,785.26,4.75,66.59,12.53,2.96,43.77,0.704,14.1,4.07,LANE_A,18643.0,-22.3,88.8,CRUISE_LOITER,1.0,0,500.0,0.14,0.07,-0.02,-0.1,-0.78,0.61,-0.34,-0.19,-0.03,0.37,0.01,0.22,-0.018,0.0,0.0363,0
8.200000000000001,5096.2,2097.2,72.5,87.45,89.7,86.79,89.16,778.36,786.58,783.19,785.49,4.78,66.15,12.56,2.97,43.6,0.705,14.1,4.16,LANE_A,18643.0,-22.3,88.8,CRUISE_LOITER,1.0,0,500.0,0.11,-0.14,-0.05,-0.18,-2.09,1.13,0.74,0.04,0.0,-0.06,0.04,0.05,-0.017,0.0,0.0477,0
8.25,5149.8,2119.3,72.3,87.26,89.89,86.97,89.42,781.74,785.53,783.07,785.69,4.83,66.27,12.56,3.02,43.43,0.734,14.09,3.88,LANE_A,18644.0,-22.3,88.8,CRUISE_LOITER,1.0,0,500.0,-0.08,0.05,0.13,0.08,1.29,0.08,0.62,0.24,0.05,0.06,0.04,-0.12,0.012,-0.01,0.056,0
8.3,5160.8,2123.8,72.3,87.22,89.78,87.12,89.49,779.23,786.36,783.51,784.98,4.81,66.19,12.44,2.98,43.77,0.73,14.09,3.89,LANE_A,18645.0,-22.3,88.8,CRUISE_LOITER,1.0,0,500.0,-0.11,-0.05,0.29,0.16,-1.22,0.91,1.06,-0.47,0.03,-0.02,-0.08,0.22,0.008,-0.01,0.0374,0
8.35,5155.6,2121.7,72.2,87.44,89.74,86.39,89.39,780.75,782.28,785.06,788.2,4.74,66.14,12.47,3.02,43.57,0.72,14.09,4.04,LANE_A,18646.0,-22.3,88.8,CRUISE_LOITER,1.0,0,500.0,0.11,-0.09,-0.44,0.06,0.3,-3.17,2.61,2.75,-0.04,-0.07,-0.05,0.02,-0.002,-0.01,0.0748,0
8.4,5165.4,2125.7,72.2,87.26,89.8,86.8,89.28,781.49,784.69,783.46,785.63,4.75,66.2,12.57,3.01,43.54,0.726,14.13,4.07,LANE_A,18647.0,-22.3,88.8,CRUISE_LOITER,1.0,0,500.0,-0.07,-0.03,-0.03,-0.05,1.04,-0.76,1.01,0.18,-0.03,0.0,0.05,-0.01,0.004,0.03,0.036,0
8.450000000000001,5150.3,2119.5,72.1,87.53,89.78,87.11,89.09,780.95,783.68,782.77,786.23,4.81,66.33,12.51,3.03,43.59,0.725,14.1,3.85,LANE_A,18648.0,-22.3,88.8,CRUISE_LOITER,1.0,0,500.0,0.2,-0.05,0.28,-0.24,0.5,-1.77,0.32,0.78,0.03,0.13,-0.01,0.05,0.003,0.0,0.0421,0
8.5,5144.3,2117.0,72.1,87.2,89.96,87.03,89.52,781.0,786.11,782.63,783.76,4.76,66.16,12.43,2.98,43.25,0.714,14.08,4.05,LANE_A,18649.0,-22.3,88.8,CRUISE_LOITER,1.0,0,500.0,-0.12,0.14,0.21,0.2,0.56,0.67,0.19,-1.68,-0.02,-0.04,-0.09,-0.29,-0.008,-0.02,0.0409,0
8.55,5149.0,2118.9,72.2,87.15,89.79,86.87,89.5,781.53,787.45,783.38,785.13,4.79,66.36,12.74,3.01,43.48,0.71,14.09,4.06,LANE_A,18650.0,-22.3,88.9,CRUISE_LOITER,1.0,0,500.0,-0.17,-0.03,0.05,0.18,1.09,2.01,0.94,-0.31,0.01,0.16,0.22,-0.06,-0.012,-0.01,0.0517,0
8.6,5190.8,2136.1,72.4,87.04,90.15,86.76,89.24,779.36,783.16,782.17,782.85,4.73,66.31,12.59,3.01,43.52,0.718,14.08,4.06,LANE_A,18650.0,-22.3,88.9,CRUISE_LOITER,1.0,0,500.0,-0.28,0.33,-0.06,-0.08,-1.08,-2.28,-0.27,-2.59,-0.05,0.12,0.07,-0.02,-0.004,-0.02,0.0621,0
8.65,5161.5,2124.1,72.5,87.09,89.73,87.02,89.38,778.87,787.73,781.22,784.48,4.74,66.42,12.43,3.01,43.56,0.736,14.12,4.08,LANE_A,18651.0,-22.3,88.9,CRUISE_LOITER,1.0,0,500.0,-0.22,-0.08,0.21,0.07,-1.57,2.29,-1.22,-0.96,-0.04,0.23,-0.09,0.02,0.014,0.02,0.0551,0
8.700000000000001,5148.6,2118.7,72.1,87.07,89.95,86.93,89.41,780.56,783.29,782.5,785.71,4.79,66.37,12.59,3.01,43.45,0.734,14.1,3.99,LANE_A,18652.0,-22.3,88.9,CRUISE_LOITER,1.0,0,500.0,-0.24,0.14,0.12,0.1,0.12,-2.15,0.06,0.27,0.01,0.18,0.07,-0.09,0.012,0.0,0.0486,0
8.75,5156.7,2122.1,71.9,87.28,89.97,87.06,89.12,779.88,786.45,780.94,783.83,4.8,66.07,12.55,2.97,43.65,0.715,14.1,3.95,LANE_A,18653.0,-22.3,88.9,CRUISE_LOITER,1.0,0,500.0,-0.03,0.16,0.25,-0.19,-0.56,1.01,-1.5,-1.61,0.02,-0.12,0.03,0.11,-0.007,0.0,0.0393,0
8.8,5158.8,2123.0,72.2,87.55,89.61,87.43,89.05,781.56,785.77,782.98,786.12,4.75,65.89,12.47,3.04,43.4,0.71,14.08,4.01,LANE_A,18654.0,-22.3,88.9,CRUISE_LOITER,1.0,0,500.0,0.24,-0.2,0.62,-0.26,1.12,0.33,0.54,0.68,-0.03,-0.29,-0.05,-0.14,-0.012,-0.02,0.0546,0
8.85,5151.1,2119.8,72.3,87.28,89.65,86.91,89.3,779.77,785.98,782.44,785.5,4.77,66.11,12.42,3.02,43.36,0.702,14.06,3.98,LANE_A,18655.0,-22.3,88.9,CRUISE_LOITER,1.0,0,500.0,-0.02,-0.15,0.11,0.0,-0.66,0.55,0.01,0.07,-0.01,-0.07,-0.1,-0.17,-0.02,-0.04,0.0403,0
8.9,5154.6,2121.2,72.5,87.55,89.75,86.48,89.32,781.75,785.54,780.11,783.81,4.84,66.2,12.54,2.99,43.57,0.701,14.11,4.17,LANE_A,18656.0,-22.3,88.9,CRUISE_LOITER,1.0,0,500.0,0.25,-0.05,-0.32,0.02,1.32,0.11,-2.32,-1.62,0.06,0.02,0.02,0.04,-0.021,0.01,0.0694,0
8.950000000000001,5142.9,2116.4,72.0,87.09,89.69,86.58,89.23,779.86,785.57,782.53,783.69,4.74,66.21,12.44,2.98,43.48,0.699,14.09,4.06,LANE_A,18657.0,-22.3,88.9,CRUISE_LOITER,1.0,0,500.0,-0.21,-0.11,-0.22,-0.07,-0.57,0.14,0.1,-1.74,-0.04,0.03,-0.08,-0.05,-0.023,-0.01,0.0474,0
9.0,5159.8,2123.4,72.1,87.21,89.68,87.11,89.46,779.96,785.78,781.05,786.79,4.75,65.92,12.43,3.01,43.44,0.74,14.08,4.08,LANE_A,18657.0,-22.3,88.9,CRUISE_LOITER,1.0,0,500.0,-0.08,-0.11,0.32,0.17,-0.47,0.35,-1.38,1.36,-0.03,-0.25,-0.09,-0.09,0.018,-0.02,0.0382,0
9.05,5176.6,2130.3,72.2,87.21,89.65,86.66,89.17,779.92,786.32,781.36,786.15,4.82,66.09,12.33,3.02,43.57,0.716,14.12,3.91,LANE_A,18658.0,-22.3,88.9,CRUISE_LOITER,1.0,0,500.0,-0.08,-0.14,-0.13,-0.12,-0.51,0.89,-1.07,0.72,0.04,-0.08,-0.19,0.04,-0.006,0.02,0.0476,0
9.1,5167.6,2126.6,72.1,87.1,89.8,86.84,89.47,779.66,786.23,781.56,784.8,4.81,66.14,12.54,2.98,43.66,0.74,14.12,4.09,LANE_A,18659.0,-22.3,88.9,CRUISE_LOITER,1.0,0,500.0,-0.19,0.01,0.05,0.18,-0.77,0.8,-0.87,-0.63,0.03,-0.03,0.02,0.13,0.018,0.02,0.0365,0
9.15,5163.0,2124.7,72.1,87.37,89.67,86.63,89.31,780.87,783.28,781.28,785.75,4.75,66.32,12.54,3.0,43.48,0.734,14.09,4.09,LANE_A,18660.0,-22.3,88.9,CRUISE_LOITER,1.0,0,500.0,0.08,-0.12,-0.16,0.02,0.44,-2.15,-1.15,0.32,-0.03,0.16,0.02,-0.05,0.012,-0.01,0.0496,0
9.200000000000001,5159.0,2123.0,72.2,87.48,89.63,86.58,89.49,780.18,786.78,781.0,785.18,4.78,66.34,12.46,2.97,43.43,0.727,14.1,4.01,LANE_A,18661.0,-22.3,88.9,CRUISE_LOITER,1.0,0,500.0,0.2,-0.15,-0.2,0.21,-0.25,1.35,-1.43,-0.25,0.0,0.18,-0.06,-0.1,0.005,0.0,0.0347,0
9.25,5132.5,2112.1,72.6,87.27,89.7,86.66,89.1,780.17,784.71,782.56,786.78,4.78,66.38,12.53,2.99,43.41,0.743,14.09,4.09,LANE_A,18662.0,-22.3,88.9,CRUISE_LOITER,1.0,0,500.0,-0.01,-0.08,-0.12,-0.18,-0.25,-0.71,0.14,1.36,0.0,0.22,0.01,-0.11,0.021,-0.01,0.0327,0
9.3,5150.6,2119.6,72.1,87.38,89.63,86.71,89.51,779.92,786.62,783.01,787.98,4.78,66.19,12.57,2.98,43.48,0.726,14.11,4.13,LANE_A,18663.0,-22.3,88.9,CRUISE_LOITER,1.0,0,500.0,0.1,-0.15,-0.07,0.23,-0.5,1.2,0.59,2.56,0.0,0.03,0.05,-0.04,0.004,0.01,0.0573,0
9.35,5174.7,2129.5,71.9,86.85,89.76,86.7,89.06,780.16,785.89,780.38,784.71,4.88,66.07,12.47,2.96,43.31,0.737,14.11,4.12,LANE_A,18664.0,-22.3,88.9,CRUISE_LOITER,1.0,0,500.0,-0.42,-0.01,-0.07,-0.21,-0.26,0.47,-2.04,-0.71,0.1,-0.08,-0.05,-0.21,0.015,0.01,0.1079,0
9.4,5161.4,2124.0,72.4,87.29,89.86,86.89,89.55,780.36,785.94,783.86,788.61,4.74,66.28,12.56,2.99,43.64,0.71,14.12,4.27,LANE_A,18664.0,-22.3,88.9,CRUISE_LOITER,1.0,0,500.0,0.02,0.09,0.12,0.28,-0.06,0.52,1.44,3.19,-0.04,0.13,0.04,0.12,-0.012,0.02,0.072,0
9.450000000000001,5145.7,2117.6,72.4,87.16,89.72,86.43,89.07,780.45,785.27,783.09,784.98,4.75,66.37,12.51,3.0,43.5,0.72,14.11,4.12,LANE_A,18665.0,-22.3,88.9,CRUISE_LOITER,1.0,0,500.0,-0.11,-0.05,-0.34,-0.2,0.03,-0.15,0.67,-0.44,-0.03,0.22,-0.01,-0.02,-0.002,0.01,0.0355,0
9.5,5170.0,2127.6,72.6,87.46,89.36,87.02,89.82,780.93,787.89,783.29,786.07,4.77,66.22,12.5,2.97,43.51,0.741,14.1,3.95,LANE_A,18666.0,-22.3,88.9,CRUISE_LOITER,1.0,0,500.0,0.19,-0.41,0.25,0.55,0.51,2.47,0.87,0.65,-0.01,0.07,-0.02,-0.01,0.019,0.0,0.058,0
9.55,5134.8,2113.1,72.2,87.21,89.74,86.65,89.23,781.63,783.95,781.37,787.42,4.84,66.3,12.58,3.02,43.53,0.719,14.06,3.89,LANE_A,18667.0,-22.3,88.9,CRUISE_LOITER,1.0,0,500.0,-0.05,-0.02,-0.11,-0.03,1.21,-1.47,-1.05,2.0,0.06,0.16,0.06,0.01,-0.003,-0.04,0.069,0
9.600000000000001,5153.9,2121.0,71.8,87.12,90.06,86.79,89.14,778.82,787.59,782.36,785.75,4.82,66.05,12.47,3.0,43.59,0.728,14.1,3.98,LANE_A,18668.0,-22.3,89.0,CRUISE_LOITER,1.0,0,500.0,-0.14,0.3,0.03,-0.12,-1.59,2.18,-0.05,0.34,0.04,-0.09,-0.05,0.07,0.006,0.0,0.0515,0
9.65,5147.7,2118.4,72.4,87.33,89.63,86.53,89.25,779.26,784.35,783.87,784.86,4.79,66.21,12.36,3.02,43.45,0.707,14.08,3.98,LANE_A,18669.0,-22.3,89.0,CRUISE_LOITER,1.0,0,500.0,0.07,-0.13,-0.23,-0.01,-1.15,-1.06,1.46,-0.55,0.01,0.07,-0.16,-0.07,-0.015,-0.02,0.0395,0
9.700000000000001,5153.8,2120.9,72.1,87.54,89.73,86.66,89.4,780.58,783.23,780.72,785.23,4.82,66.25,12.5,3.01,43.3,0.733,14.09,4.12,LANE_A,18670.0,-22.3,89.0,CRUISE_LOITER,1.0,0,500.0,0.28,-0.03,-0.1,0.14,0.17,-2.18,-1.69,-0.18,0.04,0.11,-0.02,-0.21,0.011,-0.01,0.052,0
9.75,5167.9,2126.7,72.3,87.15,89.53,86.6,89.38,781.23,787.38,784.91,784.36,4.83,66.41,12.57,3.0,43.48,0.756,14.1,4.0,LANE_A,18671.0,-22.3,89.0,CRUISE_LOITER,1.0,0,500.0,-0.1,-0.22,-0.15,0.13,0.82,1.97,2.5,-1.05,0.05,0.28,0.05,-0.03,0.034,0.0,0.0608,0
9.8,5164.4,2125.3,72.2,87.12,89.62,86.87,89.38,780.97,785.47,782.63,784.42,4.79,66.01,12.49,3.0,43.6,0.703,14.11,4.15,LANE_A,18671.0,-22.3,89.0,CRUISE_LOITER,1.0,0,500.0,-0.13,-0.13,0.12,0.13,0.56,0.06,0.22,-0.99,0.01,-0.12,-0.03,0.09,-0.019,0.01,0.0277,0
9.850000000000001,5142.9,2116.4,72.2,87.18,89.49,86.74,89.53,781.14,784.83,782.4,784.54,4.78,65.82,12.58,3.0,43.37,0.751,14.13,4.01,LANE_A,18672.0,-22.3,89.0,CRUISE_LOITER,1.0,0,500.0,-0.07,-0.26,-0.01,0.28,0.73,-0.58,-0.01,-0.87,0.0,-0.31,0.06,-0.14,0.029,0.03,0.042,0
9.9,5167.2,2126.4,72.3,87.01,89.47,86.79,89.05,778.12,785.02,783.01,785.51,4.79,66.24,12.52,3.01,43.56,0.717,14.11,4.05,LANE_A,18673.0,-22.3,89.0,CRUISE_LOITER,1.0,0,500.0,-0.23,-0.27,0.05,-0.19,-2.29,-0.39,0.6,0.1,0.01,0.11,0.01,0.05,-0.005,0.01,0.0516,0
9.950000000000001,5152.9,2120.5,72.2,87.38,89.67,86.74,89.25,779.62,785.12,783.02,784.91,4.78,66.16,12.38,2.97,43.32,0.745,14.11,3.95,LANE_A,18674.0,-22.3,89.0,CRUISE_LOITER,1.0,0,500.0,0.14,-0.07,0.0,0.01,-0.79,-0.29,0.61,-0.5,0.0,0.04,-0.13,-0.19,0.023,0.01,0.0334,0
10.0,5139.2,2114.9,72.1,87.16,89.57,86.39,89.27,778.73,783.89,782.64,784.26,4.81,66.33,12.51,3.01,43.42,0.715,14.11,4.07,LANE_A,18675.0,-22.3,89.0,CRUISE_LOITER,1.0,8,498.1,-0.08,-0.17,-0.35,0.03,-1.67,-1.51,0.24,-1.14,0.03,0.21,0.0,-0.09,-0.007,0.01,0.0414,0
10.05,5159.0,2123.0,71.9,86.96,89.48,86.84,89.31,778.86,786.5,781.31,784.75,4.8,66.18,12.58,3.01,43.55,0.719,14.11,4.03,LANE_A,18676.0,-22.4,89.0,CRUISE_LOITER,1.0,8,496.2,-0.28,-0.26,0.1,0.07,-1.54,1.1,-1.09,-0.65,0.02,0.06,0.07,0.04,-0.003,0.01,0.0378,0
10.100000000000001,5147.0,2118.1,72.3,87.83,89.84,86.76,89.09,779.81,785.8,781.77,783.53,4.85,66.18,12.49,3.0,43.76,0.71,14.11,4.23,LANE_A,18677.0,-22.4,89.0,CRUISE_LOITER,0.99,8,494.4,0.6,0.11,0.03,-0.14,-0.59,0.4,-0.63,-1.87,0.07,0.06,-0.02,0.26,-0.012,0.01,0.0789,0
10.15,5144.8,2117.2,72.2,86.85,89.44,87.03,89.63,776.45,785.04,781.46,783.61,4.82,65.75,12.55,3.04,43.75,0.697,14.09,4.01,LANE_A,18678.0,-22.4,89.0,CRUISE_LOITER,0.99,8,492.5,-0.38,-0.29,0.3,0.4,-3.95,-0.36,-0.94,-1.79,0.04,-0.36,0.04,0.25,-0.025,-0.01,0.0896,0
10.200000000000001,5158.3,2122.8,72.4,86.93,89.76,86.67,89.37,778.9,783.26,781.74,782.4,4.85,66.09,12.53,3.03,43.69,0.718,14.1,4.08,LANE_A,18678.0,-22.4,89.0,CRUISE_LOITER,0.99,8,490.6,-0.3,0.03,-0.06,0.14,-1.5,-2.14,-0.66,-3.0,0.07,-0.02,0.02,0.19,-0.004,0.0,0.0805,0
10.25,5151.1,2119.8,72.3,87.13,89.62,86.74,89.2,779.92,784.07,780.59,785.48,4.77,66.09,12.56,3.01,43.88,0.699,14.11,4.2,LANE_A,18679.0,-22.4,89.0,CRUISE_LOITER,0.99,8,488.8,-0.09,-0.1,0.02,-0.02,-0.48,-1.33,-1.81,0.08,-0.01,-0.02,0.05,0.38,-0.023,0.01,0.0456,0
10.3,5135.6,2113.4,72.0,87.23,89.86,86.94,89.3,779.9,782.86,780.42,784.46,4.78,66.01,12.69,3.02,44.04,0.697,14.12,4.14,LANE_A,18680.0,-22.4,89.0,CRUISE_LOITER,0.98,8,486.9,0.01,0.14,0.22,0.08,-0.5,-2.54,-1.98,-0.94,0.0,-0.1,0.18,0.54,-0.025,0.02,0.0648,0
10.350000000000001,5141.4,2115.8,72.5,87.26,89.71,86.79,89.14,777.52,782.57,777.57,782.99,4.76,66.26,12.65,2.99,44.09,0.736,14.11,3.96,LANE_A,18681.0,-22.4,89.0,CRUISE_LOITER,0.98,8,485.0,0.04,-0.01,0.07,-0.08,-2.88,-2.83,-4.83,-2.41,-0.02,0.16,0.14,0.59,0.014,0.01,0.1092,0
10.4,5138.3,2114.5,72.1,87.23,89.88,87.18,89.18,778.95,782.59,779.31,781.79,4.83,66.09,12.74,3.0,44.01,0.722,14.12,4.07,LANE_A,18682.0,-22.4,89.0,CRUISE_LOITER,0.98,8,483.1,0.01,0.16,0.46,-0.04,-1.44,-2.8,-3.08,-3.6,0.05,-0.01,0.23,0.51,0.0,0.02,0.0869,0
10.450000000000001,5133.9,2112.7,72.2,87.15,89.49,86.74,89.14,779.41,782.05,780.49,781.64,4.75,65.73,12.5,2.99,43.97,0.742,14.11,4.16,LANE_A,18683.0,-22.4,89.0,CRUISE_LOITER,0.98,8,481.2,-0.06,-0.22,0.03,-0.07,-0.98,-3.34,-1.9,-3.75,-0.03,-0.37,-0.01,0.47,0.02,0.01,0.0871,0
10.5,5152.6,2120.4,72.4,87.09,89.69,86.79,88.95,778.07,781.22,778.5,784.56,4.77,66.06,12.84,2.98,44.0,0.761,14.12,3.99,LANE_A,18684.0,-22.4,89.0,CRUISE_LOITER,0.98,8,479.4,-0.12,-0.02,0.08,-0.26,-2.32,-4.17,-3.89,-0.83,-0.01,-0.03,0.33,0.51,0.039,0.02,0.0985,0
10.55,5147.5,2118.3,72.3,86.89,89.86,86.59,89.27,777.88,782.88,780.66,781.25,4.82,66.12,12.53,3.02,44.32,0.724,14.13,4.03,LANE_A,18685.0,-22.4,89.0,CRUISE_LOITER,0.97,8,477.5,-0.32,0.15,-0.12,0.06,-2.51,-2.51,-1.73,-4.14,0.04,0.03,0.02,0.83,0.002,0.03,0.0972,0
10.600000000000001,5142.5,2116.3,72.7,87.35,89.73,86.53,89.34,776.53,783.19,778.84,783.34,4.83,66.13,12.8,2.99,44.19,0.727,14.08,4.14,LANE_A,18685.0,-22.4,89.1,CRUISE_LOITER,0.97,8,475.6,0.15,0.03,-0.17,0.14,-3.86,-2.2,-3.55,-2.05,0.05,0.04,0.29,0.7,0.005,-0.02,0.0933,0
10.65,5123.0,2108.2,72.3,87.43,89.66,86.75,89.17,776.45,779.79,778.7,782.33,4.73,66.17,12.84,2.99,44.42,0.734,14.11,3.85,LANE_A,18686.0,-22.4,89.1,CRUISE_LOITER,0.97,8,473.8,0.23,-0.04,0.05,-0.03,-3.94,-5.6,-3.69,-3.06,-0.05,0.08,0.33,0.93,0.012,0.01,0.1295,0
10.700000000000001,5139.0,2114.8,72.0,87.18,89.76,86.7,89.16,776.6,781.25,778.37,780.82,4.77,66.2,12.92,3.01,44.51,0.733,14.12,3.92,LANE_A,18687.0,-22.4,89.1,CRUISE_LOITER,0.97,8,471.9,-0.02,0.06,0.0,-0.04,-3.79,-4.14,-4.02,-4.57,-0.01,0.12,0.41,1.02,0.011,0.02,0.1213,0
10.75,5150.7,2119.6,72.1,87.34,89.76,86.84,89.5,777.05,782.22,778.67,781.1,4.79,66.08,12.9,2.96,44.35,0.715,14.11,4.19,LANE_A,18688.0,-22.4,89.1,CRUISE_LOITER,0.97,8,470.0,0.14,0.06,0.14,0.3,-3.33,-3.16,-3.71,-4.28,0.01,0.0,0.39,0.86,-0.007,0.01,0.1045,0
10.8,5153.8,2120.9,72.3,87.23,89.86,86.82,89.56,777.24,779.35,778.35,782.55,4.82,66.09,12.93,2.99,44.66,0.713,14.09,3.89,LANE_A,18689.0,-22.4,89.1,CRUISE_LOITER,0.96,8,468.1,0.04,0.17,0.13,0.37,-3.14,-6.03,-4.03,-2.83,0.04,0.01,0.42,1.17,-0.009,-0.01,0.1389,0
10.850000000000001,5155.5,2121.6,72.1,87.36,89.58,86.43,89.27,776.12,780.21,774.43,778.29,4.77,66.02,13.0,3.02,44.49,0.751,14.09,4.03,LANE_A,18690.0,-22.4,89.1,CRUISE_LOITER,0.96,8,466.2,0.17,-0.11,-0.26,0.08,-4.26,-5.17,-7.95,-7.09,-0.01,-0.06,0.49,1.0,0.029,-0.01,0.1779,0
10.9,5160.1,2123.5,72.1,87.08,89.64,86.58,89.11,776.52,779.72,778.57,780.14,4.79,66.09,12.95,2.96,44.55,0.693,14.1,4.0,LANE_A,18691.0,-22.4,89.1,CRUISE_LOITER,0.96,8,464.4,-0.11,-0.05,-0.11,-0.08,-3.86,-5.66,-3.81,-5.24,0.01,0.02,0.44,1.06,-0.029,0.0,0.1338,0
10.950000000000001,5148.9,2118.9,72.4,87.03,89.86,87.03,89.12,773.65,779.48,777.73,781.67,4.79,66.15,12.84,3.0,44.83,0.742,14.06,3.91,LANE_A,18692.0,-22.4,89.1,CRUISE_LOITER,0.96,8,462.5,-0.16,0.17,0.34,-0.07,-6.73,-5.9,-4.65,-3.71,0.01,0.08,0.33,1.35,0.02,-0.04,0.1556,0
11.0,5152.8,2120.5,72.5,87.32,89.95,86.69,88.78,774.28,777.91,776.33,778.62,4.75,66.02,12.95,3.01,44.65,0.694,14.08,4.0,LANE_A,18692.0,-22.4,89.1,CRUISE_LOITER,0.95,8,460.6,0.14,0.27,0.01,-0.4,-6.1,-7.47,-6.05,-6.76,-0.03,-0.05,0.44,1.17,-0.028,-0.02,0.1722,0
11.05,5135.8,2113.5,72.2,86.84,89.79,86.83,89.17,772.58,780.84,776.53,778.42,4.8,66.03,13.08,3.0,44.88,0.727,14.15,3.91,LANE_A,18693.0,-22.4,89.1,CRUISE_LOITER,0.95,8,458.8,-0.34,0.11,0.15,-0.01,-7.8,-4.54,-5.85,-6.96,0.02,-0.04,0.57,1.4,0.005,0.05,0.1786,0
11.100000000000001,5175.3,2129.8,72.3,86.96,89.48,86.84,89.12,773.86,777.29,776.56,778.08,4.72,66.04,12.93,3.0,44.75,0.708,14.06,3.96,LANE_A,18694.0,-22.4,89.1,CRUISE_LOITER,0.95,8,456.9,-0.22,-0.2,0.16,-0.06,-6.52,-8.09,-5.82,-7.3,-0.06,-0.02,0.42,1.27,-0.014,-0.04,0.1842,0
11.15,5148.6,2118.8,72.2,87.82,89.9,86.81,89.57,771.72,777.75,775.9,779.4,4.81,66.1,13.03,2.99,44.8,0.704,14.08,4.19,LANE_A,18695.0,-22.4,89.1,CRUISE_LOITER,0.95,8,455.0,0.65,0.23,0.14,0.4,-8.65,-7.62,-6.47,-5.97,0.03,0.04,0.52,1.32,-0.018,-0.02,0.1949,0
11.200000000000001,5148.4,2118.7,72.5,87.16,89.52,86.57,88.95,773.06,777.39,772.92,779.88,4.76,66.05,12.9,2.97,45.21,0.751,14.1,4.06,LANE_A,18696.0,-22.4,89.1,CRUISE_LOITER,0.95,8,453.1,-0.01,-0.15,-0.1,-0.22,-7.31,-7.98,-9.45,-5.49,-0.02,-0.01,0.39,1.73,0.029,0.0,0.2097,0
11.25,5154.8,2121.3,72.3,87.09,89.61,86.73,89.22,771.01,777.01,773.86,781.43,4.77,66.06,12.95,2.97,45.19,0.718,14.1,3.99,LANE_A,18697.0,-22.4,89.1,CRUISE_LOITER,0.94,8,451.3,-0.08,-0.06,0.06,0.05,-9.36,-8.36,-8.51,-3.94,-0.01,0.0,0.44,1.71,-0.004,0.0,0.2088,0
11.3,5150.2,2119.4,72.3,86.99,89.84,86.77,89.34,773.63,775.12,776.04,778.85,4.78,66.12,13.18,2.98,45.11,0.729,14.09,4.13,LANE_A,18698.0,-22.4,89.1,CRUISE_LOITER,0.94,8,449.4,-0.18,0.17,0.1,0.17,-6.74,-10.25,-6.33,-6.52,0.0,0.07,0.67,1.63,0.007,-0.01,0.2228,0
11.350000000000001,5152.9,2120.5,72.1,87.19,89.67,86.82,89.17,774.07,774.78,774.14,776.61,4.79,66.11,13.04,3.02,45.05,0.707,14.1,4.01,LANE_A,18699.0,-22.4,89.1,CRUISE_LOITER,0.94,8,447.5,0.03,0.01,0.16,0.01,-6.3,-10.59,-8.23,-8.76,0.01,0.06,0.53,1.58,-0.015,0.0,0.2303,0
11.4,5155.3,2121.5,72.4,87.25,89.55,86.36,89.15,774.38,775.98,775.44,776.51,4.81,65.93,13.09,3.0,45.27,0.703,14.1,4.19,LANE_A,18699.0,-22.4,89.1,CRUISE_LOITER,0.94,8,445.6,0.09,-0.11,-0.3,-0.01,-5.99,-9.39,-6.93,-8.86,0.03,-0.12,0.58,1.8,-0.019,0.0,0.2111,0
11.450000000000001,5156.9,2122.2,72.4,86.9,89.72,86.85,89.12,773.5,776.16,774.98,776.4,4.78,66.0,13.22,3.02,45.29,0.716,14.14,4.07,LANE_A,18700.0,-22.4,89.1,CRUISE_LOITER,0.93,8,443.8,-0.26,0.06,0.19,-0.04,-6.87,-9.21,-7.39,-8.97,0.0,-0.05,0.71,1.82,-0.006,0.04,0.2103,0
11.5,5129.4,2110.9,72.4,87.12,89.59,86.64,88.91,773.5,776.99,772.48,777.81,4.87,66.01,13.13,2.99,45.61,0.73,14.1,4.03,LANE_A,18701.0,-22.4,89.1,CRUISE_LOITER,0.93,8,441.9,-0.03,-0.06,-0.01,-0.24,-6.86,-8.37,-9.88,-7.55,0.09,-0.03,0.62,2.14,0.008,0.0,0.235,0
11.55,5134.1,2112.8,72.2,87.01,89.59,86.81,89.31,770.87,776.28,772.7,776.98,4.83,66.06,12.99,2.98,45.37,0.722,14.09,3.89,LANE_A,18702.0,-22.4,89.1,CRUISE_LOITER,0.93,8,440.0,-0.14,-0.06,0.16,0.16,-9.49,-9.08,-9.66,-8.38,0.05,0.02,0.48,1.9,0.0,-0.01,0.2199,0
11.600000000000001,5159.9,2123.4,72.4,87.31,89.56,86.42,89.0,772.19,774.83,770.81,775.89,4.79,65.91,13.16,2.99,45.29,0.707,14.08,3.91,LANE_A,18703.0,-22.4,89.1,CRUISE_LOITER,0.93,8,438.1,0.16,-0.09,-0.23,-0.15,-8.17,-10.53,-11.55,-9.47,0.01,-0.13,0.65,1.82,-0.015,-0.02,0.2516,0
11.65,5148.4,2118.7,71.9,87.1,89.63,86.63,89.31,769.02,775.05,773.96,775.62,4.8,65.94,13.24,3.03,45.39,0.696,14.07,4.09,LANE_A,18704.0,-22.4,89.2,CRUISE_LOITER,0.93,8,436.2,-0.05,-0.02,-0.02,0.16,-11.34,-10.31,-8.4,-9.74,0.02,-0.1,0.73,1.92,-0.026,-0.03,0.2495,0
11.700000000000001,5145.4,2117.4,72.2,87.27,89.59,86.91,88.71,768.23,773.46,772.6,773.47,4.79,65.76,13.15,3.03,45.53,0.714,14.11,3.99,LANE_A,18705.0,-22.4,89.2,CRUISE_LOITER,0.92,8,434.4,0.13,-0.05,0.27,-0.43,-12.13,-11.9,-9.76,-11.89,0.01,-0.27,0.64,2.06,-0.008,0.01,0.2662,0
11.75,5141.9,2116.0,72.3,86.97,89.66,86.91,89.24,770.58,775.97,770.82,775.34,4.78,66.22,13.27,2.96,45.67,0.737,14.09,4.14,LANE_A,18706.0,-22.4,89.2,CRUISE_LOITER,0.92,8,432.5,-0.17,0.02,0.27,0.1,-9.78,-9.39,-11.54,-10.02,0.0,0.19,0.76,2.21,0.015,-0.01,0.2546,0
11.8,5141.7,2115.9,72.2,87.16,89.88,86.64,89.3,768.14,776.14,770.89,774.38,4.81,66.11,13.25,2.99,45.73,0.72,14.08,4.0,LANE_A,18706.0,-22.4,89.2,CRUISE_LOITER,0.92,8,430.6,0.02,0.24,0.0,0.16,-12.22,-9.22,-11.47,-10.98,0.03,0.08,0.74,2.27,-0.002,-0.02,0.2674,0
11.850000000000001,5136.2,2113.7,72.0,87.18,89.83,86.56,89.29,770.58,775.33,773.2,775.21,4.76,65.89,13.36,3.01,45.75,0.708,14.08,4.18,LANE_A,18707.0,-22.4,89.2,CRUISE_LOITER,0.92,8,428.8,0.05,0.2,-0.07,0.16,-9.78,-10.03,-9.16,-10.15,-0.02,-0.13,0.85,2.29,-0.014,-0.02,0.2528,0
11.9,5134.9,2113.1,72.4,87.22,89.56,86.41,89.13,769.52,775.3,771.85,775.78,4.79,66.01,13.38,3.01,45.89,0.692,14.11,4.18,LANE_A,18708.0,-22.4,89.2,CRUISE_LOITER,0.91,8,426.9,0.09,-0.07,-0.22,0.0,-10.83,-10.05,-10.5,-9.57,0.01,-0.01,0.88,2.43,-0.03,0.01,0.2654,0
11.950000000000001,5128.9,2110.7,72.1,87.23,89.25,86.84,89.28,769.9,774.61,770.23,774.13,4.79,66.02,13.22,2.99,45.76,0.726,14.1,4.09,LANE_A,18709.0,-22.4,89.2,CRUISE_LOITER,0.91,8,425.0,0.1,-0.38,0.21,0.15,-10.45,-10.74,-12.12,-11.22,0.01,0.0,0.72,2.3,0.004,0.0,0.2664,0
12.0,5155.7,2121.7,72.2,87.58,89.84,86.82,89.15,768.68,773.09,770.93,774.05,4.75,65.99,13.52,3.0,45.99,0.73,14.1,3.88,LANE_A,18710.0,-22.4,89.2,CRUISE_LOITER,0.91,8,423.1,0.45,0.21,0.19,0.02,-11.67,-12.26,-11.42,-11.3,-0.03,-0.03,1.02,2.53,0.008,0.0,0.2788,0
12.05,5149.3,2119.1,72.8,87.18,89.4,86.67,89.06,770.07,773.55,772.68,772.35,4.76,65.75,13.41,3.0,45.81,0.721,14.11,4.06,LANE_A,18711.0,-22.4,89.2,CRUISE_LOITER,0.91,8,421.2,0.06,-0.22,0.05,-0.06,-10.28,-11.8,-9.67,-13.0,-0.02,-0.26,0.91,2.35,-0.001,0.01,0.2806,0
12.100000000000001,5135.4,2113.3,72.4,87.03,89.47,86.41,89.1,767.29,773.07,769.52,775.22,4.75,66.27,13.36,3.01,46.07,0.723,14.08,3.98,LANE_A,18712.0,-22.4,89.2,CRUISE_LOITER,0.91,8,419.4,-0.09,-0.15,-0.21,-0.02,-13.06,-12.28,-12.83,-10.13,-0.03,0.26,0.86,2.61,0.001,-0.02,0.2853,0
12.15,5136.1,2113.6,72.2,87.02,89.64,86.81,89.42,768.23,773.47,770.82,773.25,4.74,66.07,13.34,3.01,46.15,0.723,14.11,4.14,LANE_A,18712.0,-22.4,89.2,CRUISE_LOITER,0.9,8,417.5,-0.1,0.02,0.19,0.3,-12.12,-11.88,-11.53,-12.1,-0.04,0.06,0.84,2.7,0.001,0.01,0.291,0
12.200000000000001,5151.8,2120.1,72.2,87.18,89.73,86.67,89.41,766.58,773.37,770.91,770.98,4.83,65.86,13.41,2.99,46.12,0.733,14.09,3.9,LANE_A,18713.0,-22.4,89.2,CRUISE_LOITER,0.9,8,415.6,0.06,0.11,0.05,0.29,-13.77,-11.98,-11.44,-14.37,0.05,-0.15,0.91,2.67,0.011,-0.01,0.3067,0
12.25,5137.2,2114.1,72.2,87.33,89.67,86.52,89.24,766.15,771.09,769.54,771.48,4.75,66.13,13.37,2.98,46.43,0.723,14.07,4.06,LANE_A,18714.0,-22.4,89.2,CRUISE_LOITER,0.9,8,413.8,0.22,0.06,-0.09,0.13,-14.19,-14.25,-12.8,-13.86,-0.03,0.13,0.87,2.98,0.001,-0.03,0.3175,0
12.3,5137.5,2114.2,72.6,87.16,89.75,86.62,89.02,767.36,773.3,768.93,769.71,4.81,66.02,13.34,2.99,46.41,0.736,14.1,4.01,LANE_A,18715.0,-22.4,89.2,CRUISE_LOITER,0.9,8,411.9,0.05,0.14,0.01,-0.09,-12.98,-12.04,-13.41,-15.63,0.03,0.02,0.84,2.96,0.014,0.0,0.3262,0
12.350000000000001,5140.3,2115.3,72.1,87.13,89.67,86.55,89.25,766.94,770.99,768.2,770.84,4.77,65.93,13.27,3.01,46.28,0.707,14.09,4.05,LANE_A,18716.0,-22.4,89.2,CRUISE_LOITER,0.9,8,410.0,0.02,0.06,-0.06,0.14,-13.4,-14.35,-14.14,-14.5,-0.01,-0.07,0.77,2.83,-0.015,-0.01,0.312,0
12.4,5140.7,2115.5,72.7,87.12,89.56,86.78,89.28,767.9,772.5,767.55,772.42,4.8,65.98,13.5,2.99,46.41,0.734,14.11,4.0,LANE_A,18717.0,-22.4,89.2,CRUISE_LOITER,0.89,8,408.1,0.02,-0.04,0.18,0.18,-12.44,-12.84,-14.79,-12.92,0.02,-0.02,1.0,2.96,0.012,0.01,0.3151,0
12.450000000000001,5165.7,2125.8,72.5,87.02,89.82,86.35,88.81,766.98,771.54,768.84,770.63,4.81,65.64,13.58,3.0,46.18,0.741,14.13,3.93,LANE_A,18718.0,-22.4,89.2,CRUISE_LOITER,0.89,8,406.2,-0.08,0.22,-0.25,-0.29,-13.36,-13.8,-13.5,-14.71,0.03,-0.35,1.08,2.73,0.019,0.03,0.3155,0
12.5,5156.1,2121.9,72.7,87.15,89.74,86.64,88.72,767.81,769.85,768.15,774.13,4.83,65.97,13.58,2.98,46.38,0.701,14.08,4.14,LANE_A,18719.0,-22.4,89.2,CRUISE_LOITER,0.89,8,404.4,0.05,0.14,0.04,-0.38,-12.53,-15.49,-14.19,-11.21,0.05,-0.02,1.08,2.93,-0.021,-0.02,0.3254,0
12.55,5150.7,2119.6,72.6,87.57,89.71,86.39,89.1,767.51,770.23,767.05,769.1,4.79,66.13,13.48,3.01,46.29,0.703,14.09,4.18,LANE_A,18719.0,-22.4,89.2,CRUISE_LOITER,0.89,8,402.5,0.47,0.11,-0.21,0.0,-12.83,-15.11,-15.29,-16.24,0.01,0.14,0.98,2.84,-0.019,-0.01,0.3388,0
12.600000000000001,5155.7,2121.7,72.5,87.06,89.64,86.55,89.44,765.32,771.72,771.83,767.49,4.78,66.07,13.64,3.0,46.7,0.69,14.11,4.19,LANE_A,18720.0,-22.4,89.2,CRUISE_LOITER,0.88,8,400.6,-0.03,0.05,-0.04,0.35,-15.02,-13.62,-10.51,-17.85,0.0,0.08,1.14,3.26,-0.032,0.01,0.3604,0
12.65,5132.7,2112.2,72.6,87.19,89.55,86.58,89.01,765.92,769.41,767.55,769.14,4.76,65.94,13.56,2.99,46.73,0.702,14.08,4.19,LANE_A,18721.0,-22.4,89.3,CRUISE_LOITER,0.88,8,398.8,0.1,-0.04,-0.01,-0.08,-14.41,-15.92,-14.78,-16.19,-0.02,-0.04,1.06,3.29,-0.02,-0.02,0.3449,0
12.700000000000001,5142.6,2116.3,72.6,87.27,89.54,86.46,89.2,765.67,769.24,765.9,770.16,4.79,65.9,13.75,2.99,46.64,0.75,14.12,4.12,LANE_A,18722.0,-22.4,89.3,CRUISE_LOITER,0.88,8,396.9,0.18,-0.05,-0.13,0.11,-14.66,-16.09,-16.43,-15.17,0.01,-0.08,1.25,3.2,0.028,0.02,0.3463,0
12.75,5139.4,2115.0,72.3,87.31,89.53,86.35,89.12,763.5,769.61,767.02,770.34,4.79,66.02,13.6,3.04,46.67,0.734,14.13,4.08,LANE_A,18723.0,-22.4,89.3,CRUISE_LOITER,0.88,8,395.0,0.23,-0.05,-0.23,0.04,-16.83,-15.72,-15.31,-14.99,0.01,0.04,1.1,3.23,0.012,0.03,0.351,0
12.8,5119.2,2106.7,72.4,87.1,89.67,86.71,89.47,765.66,768.81,767.13,768.92,4.79,65.9,13.69,3.01,46.83,0.732,14.1,3.97,LANE_A,18724.0,-22.4,89.3,CRUISE_LOITER,0.88,8,393.1,0.02,0.09,0.13,0.39,-14.67,-16.52,-15.2,-16.41,0.01,-0.08,1.19,3.39,0.01,0.0,0.3536,0
12.850000000000001,5146.0,2117.7,72.2,87.19,89.67,86.82,88.99,763.37,767.88,764.19,769.24,4.82,65.94,13.62,3.0,46.67,0.726,14.12,4.16,LANE_A,18725.0,-22.4,89.3,CRUISE_LOITER,0.87,8,391.2,0.11,0.09,0.24,-0.09,-16.96,-17.45,-18.14,-16.09,0.04,-0.03,1.12,3.23,0.004,0.02,0.3719,0
12.9,5135.1,2113.2,72.2,87.07,89.57,86.73,88.88,764.59,767.31,765.07,767.58,4.83,65.84,13.84,3.01,47.12,0.726,14.09,3.92,LANE_A,18726.0,-22.5,89.3,CRUISE_LOITER,0.87,8,389.4,-0.01,-0.01,0.15,-0.2,-15.74,-18.02,-17.26,-17.75,0.05,-0.13,1.34,3.68,0.004,-0.01,0.378,0
12.950000000000001,5130.2,2111.2,72.5,87.18,89.65,86.58,89.26,763.13,767.71,766.77,766.61,4.8,65.93,13.68,2.99,47.18,0.707,14.1,4.08,LANE_A,18726.0,-22.5,89.3,CRUISE_LOITER,0.87,8,387.5,0.11,0.08,0.01,0.19,-17.2,-17.62,-15.56,-18.72,0.02,-0.04,1.18,3.74,-0.015,0.0,0.3815,0
13.0,5132.2,2112.0,72.6,87.49,89.92,86.54,89.28,764.1,769.76,763.36,770.2,4.76,65.98,13.75,2.99,47.17,0.736,14.08,4.14,LANE_A,18727.0,-22.5,89.3,CRUISE_LOITER,0.87,8,385.6,0.42,0.35,-0.03,0.21,-16.23,-15.57,-18.97,-15.13,-0.02,0.01,1.25,3.74,0.014,-0.02,0.3827,0
13.05,5121.8,2107.7,72.0,87.08,89.33,86.5,88.94,762.93,765.64,765.31,767.83,4.78,65.84,13.61,3.0,46.99,0.708,14.1,4.1,LANE_A,18728.0,-22.5,89.3,CRUISE_LOITER,0.86,8,383.8,0.01,-0.24,-0.07,-0.13,-17.39,-19.68,-17.01,-17.49,0.0,-0.12,1.11,3.56,-0.014,0.0,0.3937,0
13.100000000000001,5136.3,2113.7,72.2,87.1,89.65,86.5,89.11,762.41,766.97,765.0,765.79,4.76,65.88,13.73,3.02,47.31,0.732,14.08,4.06,LANE_A,18729.0,-22.5,89.3,CRUISE_LOITER,0.86,8,381.9,0.04,0.09,-0.06,0.05,-17.91,-18.35,-17.32,-19.53,-0.02,-0.08,1.23,3.88,0.01,-0.02,0.3948,0
13.15,5128.4,2110.5,72.4,86.96,89.41,86.43,89.23,760.41,767.52,765.38,765.58,4.78,65.72,13.96,2.99,47.12,0.747,14.09,4.3,LANE_A,18730.0,-22.5,89.3,CRUISE_LOITER,0.86,8,380.0,-0.1,-0.15,-0.13,0.17,-19.91,-17.8,-16.94,-19.74,0.0,-0.24,1.46,3.69,0.025,-0.01,0.4008,0
13.200000000000001,5145.3,2117.4,72.0,87.02,89.84,86.41,89.05,762.86,764.97,766.17,767.2,4.79,65.84,13.75,3.01,47.36,0.727,14.13,4.14,LANE_A,18731.0,-22.5,89.3,CRUISE_LOITER,0.86,8,378.1,-0.04,0.28,-0.15,-0.01,-17.46,-20.35,-16.15,-18.12,0.01,-0.12,1.25,3.93,0.005,0.03,0.4041,0
13.25,5137.5,2114.2,72.7,86.95,89.4,86.66,89.14,760.84,768.36,765.24,767.55,4.79,65.71,13.79,2.99,47.16,0.727,14.13,4.07,LANE_A,18732.0,-22.5,89.3,CRUISE_LOITER,0.86,8,376.3,-0.11,-0.16,0.1,0.08,-19.48,-16.96,-17.08,-17.77,0.01,-0.24,1.29,3.73,0.005,0.03,0.3927,0
13.3,5140.3,2115.3,72.5,87.38,89.48,86.47,88.96,763.68,766.51,763.15,764.81,4.78,65.9,13.93,3.03,47.19,0.716,14.1,4.03,LANE_A,18733.0,-22.5,89.3,CRUISE_LOITER,0.85,8,374.4,0.33,-0.07,-0.08,-0.09,-16.64,-18.81,-19.17,-20.51,0.0,-0.05,1.43,3.76,-0.006,0.0,0.4083,0
13.350000000000001,5120.6,2107.2,72.5,87.06,89.45,86.75,89.17,760.36,767.57,763.97,765.14,4.74,65.76,13.92,3.02,47.42,0.687,14.12,3.88,LANE_A,18733.0,-22.5,89.3,CRUISE_LOITER,0.85,8,372.5,0.01,-0.1,0.2,0.12,-19.96,-17.75,-18.35,-20.18,-0.04,-0.19,1.42,3.99,-0.035,0.02,0.4061,0
13.4,5137.1,2114.0,72.2,87.1,89.81,86.63,88.79,760.79,766.53,764.11,765.67,4.77,65.79,13.88,2.96,47.54,0.732,14.06,4.13,LANE_A,18734.0,-22.5,89.3,CRUISE_LOITER,0.85,8,370.6,0.05,0.26,0.08,-0.26,-19.52,-18.78,-18.2,-19.64,-0.01,-0.15,1.38,4.12,0.01,-0.04,0.4111,0
13.450000000000001,5129.1,2110.7,72.6,87.29,89.47,86.89,89.09,761.01,765.37,761.27,765.79,4.73,66.04,14.0,2.99,47.75,0.7,14.14,3.96,LANE_A,18735.0,-22.5,89.3,CRUISE_LOITER,0.85,8,368.8,0.24,-0.08,0.34,0.04,-19.3,-19.94,-21.04,-19.52,-0.05,0.1,1.5,4.33,-0.022,0.04,0.427,0
13.5,5104.3,2100.5,72.3,86.85,89.31,86.52,89.14,757.84,766.48,760.71,767.18,4.77,66.37,13.82,2.97,47.77,0.75,14.08,4.11,LANE_A,18736.0,-22.5,89.3,CRUISE_LOITER,0.84,8,366.9,-0.19,-0.23,-0.02,0.1,-22.47,-18.83,-21.6,-18.13,-0.01,0.43,1.32,4.35,0.028,-0.02,0.4362,0
13.55,5131.1,2111.6,72.0,87.15,89.39,86.58,89.11,761.17,765.08,762.45,765.12,4.8,65.82,13.96,3.02,47.82,0.724,14.14,4.19,LANE_A,18737.0,-22.5,89.3,CRUISE_LOITER,0.84,8,365.0,0.11,-0.15,0.04,0.07,-19.14,-20.23,-19.86,-20.19,0.02,-0.12,1.46,4.4,0.002,0.04,0.4305,0
13.600000000000001,5152.0,2120.2,72.7,86.6,89.37,86.64,88.99,757.38,763.62,762.35,763.9,4.78,65.89,13.9,2.96,47.85,0.732,14.16,4.11,LANE_A,18738.0,-22.5,89.3,CRUISE_LOITER,0.84,8,363.1,-0.44,-0.17,0.1,-0.05,-22.93,-21.69,-19.96,-21.41,0.0,-0.04,1.4,4.43,0.01,0.06,0.445,0
13.65,5125.4,2109.2,72.0,87.4,89.31,86.3,89.36,760.57,764.38,760.05,765.31,4.76,66.03,13.91,2.99,47.85,0.736,14.12,4.32,LANE_A,18739.0,-22.5,89.3,CRUISE_LOITER,0.84,8,361.2,0.37,-0.22,-0.23,0.33,-19.74,-20.93,-22.26,-20.0,-0.02,0.1,1.41,4.43,0.014,0.02,0.4357,0
13.700000000000001,5135.1,2113.2,72.6,86.91,89.73,86.98,88.96,758.53,763.58,760.3,761.61,4.77,65.87,14.03,3.02,47.89,0.719,14.08,3.99,LANE_A,18740.0,-22.5,89.4,CRUISE_LOITER,0.84,8,359.4,-0.12,0.2,0.45,-0.07,-21.78,-21.73,-22.01,-23.7,-0.01,-0.06,1.53,4.47,-0.003,-0.02,0.456,0
13.75,5126.9,2109.8,72.5,86.72,89.71,86.56,89.07,758.16,763.38,759.53,763.79,4.78,66.26,13.93,2.99,47.78,0.745,14.1,3.92,LANE_A,18740.0,-22.5,89.4,CRUISE_LOITER,0.83,8,357.5,-0.31,0.18,0.03,0.04,-22.15,-21.93,-22.78,-21.52,0.0,0.33,1.43,4.36,0.023,0.0,0.4448,0
13.8,5115.5,2105.1,72.3,87.03,89.64,86.43,89.26,757.18,764.96,759.21,762.06,4.82,65.8,14.14,2.99,48.11,0.7,14.13,4.23,LANE_A,18741.0,-22.5,89.4,CRUISE_LOITER,0.83,8,355.6,0.0,0.11,-0.1,0.23,-23.12,-20.34,-23.09,-23.24,0.04,-0.12,1.64,4.69,-0.023,0.03,0.4551,0
13.850000000000001,5131.8,2111.9,72.5,87.25,89.44,86.55,88.83,759.8,761.93,760.54,763.11,4.82,65.97,14.05,3.0,47.91,0.724,14.1,3.89,LANE_A,18742.0,-22.5,89.4,CRUISE_LOITER,0.83,8,353.8,0.23,-0.08,0.03,-0.19,-20.5,-23.37,-21.76,-22.19,0.04,0.05,1.55,4.5,0.001,0.0,0.4518,0
13.9,5120.6,2107.2,72.8,87.3,89.14,86.35,89.26,759.29,763.14,758.51,761.42,4.78,65.99,14.15,3.05,47.95,0.706,14.09,4.12,LANE_A,18743.0,-22.5,89.4,CRUISE_LOITER,0.83,8,351.9,0.28,-0.38,-0.17,0.24,-21.01,-22.16,-23.79,-23.88,0.0,0.07,1.65,4.54,-0.017,-0.01,0.4598,0
13.950000000000001,5122.5,2108.0,72.3,87.06,89.18,86.64,88.95,758.22,762.6,759.38,763.03,4.77,65.97,14.09,3.01,47.95,0.719,14.11,3.88,LANE_A,18744.0,-22.5,89.4,CRUISE_LOITER,0.82,8,350.0,0.04,-0.34,0.12,-0.07,-22.08,-22.7,-22.92,-22.27,-0.01,0.05,1.6,4.54,-0.004,0.01,0.4486,0
14.0,5159.0,2123.0,72.5,86.63,89.31,86.46,89.0,758.03,760.63,759.39,760.96,4.78,65.86,14.17,3.0,48.21,0.712,14.12,4.27,LANE_A,18745.0,-22.5,89.4,CRUISE_LOITER,0.82,8,348.1,-0.38,-0.2,-0.05,-0.01,-22.27,-24.67,-22.91,-24.34,0.0,-0.05,1.68,4.8,-0.011,0.02,0.4711,0
14.05,5176.8,2130.4,72.3,86.74,89.58,86.46,88.96,757.2,760.61,760.07,762.63,4.81,65.8,14.07,2.99,48.17,0.723,14.1,3.97,LANE_A,18746.0,-22.5,89.4,CRUISE_LOITER,0.82,8,346.2,-0.27,0.07,-0.05,-0.05,-23.1,-24.69,-22.23,-22.67,0.03,-0.11,1.58,4.76,0.0,0.0,0.4698,0
14.100000000000001,5134.6,2113.0,72.1,86.76,89.64,86.36,89.16,760.11,763.04,757.61,761.34,4.78,66.32,14.33,3.01,48.44,0.725,14.08,3.79,LANE_A,18747.0,-22.5,89.4,CRUISE_LOITER,0.82,8,344.4,-0.25,0.13,-0.15,0.15,-20.19,-22.26,-24.69,-23.96,0.0,0.41,1.84,5.03,0.002,-0.02,0.4757,0
14.15,5136.8,2113.9,71.9,86.94,89.53,86.5,89.22,758.83,762.04,758.74,762.84,4.82,65.81,14.11,3.0,48.37,0.739,14.1,4.22,LANE_A,18747.0,-22.5,89.4,CRUISE_LOITER,0.82,8,342.5,-0.07,0.02,-0.01,0.21,-21.46,-23.25,-23.55,-22.45,0.04,-0.1,1.62,4.96,0.016,0.0,0.4705,0
14.200000000000001,5129.5,2110.9,72.2,87.03,89.47,86.33,88.79,758.19,761.96,757.42,762.92,4.79,65.7,14.22,3.01,48.37,0.725,14.08,4.21,LANE_A,18748.0,-22.5,89.4,CRUISE_LOITER,0.81,8,340.6,0.03,-0.03,-0.17,-0.21,-22.1,-23.33,-24.87,-22.37,0.01,-0.2,1.73,4.96,0.002,-0.02,0.4729,0
14.25,5131.9,2111.9,72.5,86.94,89.61,86.24,89.02,756.94,763.1,759.97,759.25,4.82,65.72,14.27,2.99,48.47,0.725,14.11,4.05,LANE_A,18749.0,-22.5,89.4,CRUISE_LOITER,0.81,8,338.8,-0.06,0.11,-0.26,0.02,-23.35,-22.19,-22.32,-26.04,0.04,-0.18,1.78,5.07,0.002,0.01,0.4862,0
14.3,5106.7,2101.5,72.5,87.0,89.75,86.26,89.18,755.3,761.01,757.67,762.15,4.84,65.97,14.15,3.0,48.65,0.712,14.14,4.01,LANE_A,18750.0,-22.5,89.4,CRUISE_LOITER,0.81,8,336.9,0.0,0.25,-0.24,0.18,-24.99,-24.28,-24.62,-23.14,0.06,0.07,1.66,5.25,-0.011,0.04,0.4903,0
14.350000000000001,5130.9,2111.5,72.2,86.55,89.29,86.49,88.9,756.08,761.6,759.0,759.86,4.75,65.56,14.31,3.04,48.7,0.728,14.13,4.19,LANE_A,18751.0,-22.5,89.4,CRUISE_LOITER,0.81,8,335.0,-0.45,-0.21,-0.01,-0.1,-24.21,-23.69,-23.29,-25.43,-0.03,-0.34,1.82,5.3,0.005,0.03,0.4933,0
14.4,5122.4,2108.0,72.6,87.2,89.33,86.43,88.84,754.25,757.44,757.51,758.7,4.72,65.76,14.35,3.03,48.73,0.733,14.12,4.14,LANE_A,18752.0,-22.5,89.4,CRUISE_LOITER,0.81,8,333.1,0.21,-0.16,-0.06,-0.15,-26.04,-27.85,-24.78,-26.59,-0.06,-0.13,1.86,5.33,0.01,0.02,0.5118,0
14.450000000000001,5145.8,2117.6,72.5,86.93,89.5,86.65,89.18,757.14,760.5,754.61,759.69,4.8,65.79,14.29,3.0,48.82,0.723,14.08,4.0,LANE_A,18753.0,-22.5,89.4,CRUISE_LOITER,0.8,8,331.2,-0.06,0.01,0.16,0.19,-23.15,-24.79,-27.68,-25.6,0.02,-0.1,1.8,5.42,0.0,-0.02,0.5078,0
14.5,5153.0,2120.6,72.5,87.03,89.5,86.53,88.88,755.55,759.58,756.37,761.17,4.78,65.85,14.32,2.98,49.09,0.727,14.08,4.04,LANE_A,18754.0,-22.5,89.4,CRUISE_LOITER,0.8,8,329.4,0.04,0.01,0.04,-0.11,-24.74,-25.71,-25.92,-24.12,0.0,-0.04,1.83,5.69,0.004,-0.02,0.5156,0
14.55,5144.9,2117.2,72.6,86.83,89.49,86.44,88.82,753.79,759.21,755.5,757.79,4.82,65.9,14.25,2.98,48.62,0.745,14.07,4.14,LANE_A,18754.0,-22.5,89.4,CRUISE_LOITER,0.8,8,327.5,-0.15,0.01,-0.04,-0.16,-26.49,-26.07,-26.78,-27.49,0.04,0.01,1.76,5.22,0.022,-0.03,0.5085,0
14.600000000000001,5150.1,2119.4,72.5,87.03,89.24,86.29,88.93,755.25,760.72,756.37,759.47,4.79,65.82,14.28,2.97,48.87,0.736,14.12,3.96,LANE_A,18755.0,-22.5,89.4,CRUISE_LOITER,0.8,8,325.6,0.05,-0.24,-0.19,-0.05,-25.03,-24.56,-25.91,-25.81,0.01,-0.06,1.79,5.47,0.013,0.02,0.5047,0
14.65,5143.7,2116.7,73.0,86.85,89.29,86.78,88.98,754.67,760.32,756.67,759.86,4.78,65.91,14.47,3.0,49.2,0.726,14.09,4.11,LANE_A,18756.0,-22.5,89.4,CRUISE_LOITER,0.79,8,323.8,-0.13,-0.19,0.3,0.0,-25.61,-24.96,-25.61,-25.42,0.0,0.03,1.98,5.81,0.003,-0.01,0.5228,0
14.700000000000001,5122.8,2108.1,72.7,87.03,89.42,86.64,89.04,753.24,759.27,754.96,759.46,4.82,65.95,14.28,3.02,49.16,0.736,14.12,3.84,LANE_A,18757.0,-22.5,89.4,CRUISE_LOITER,0.79,8,321.9,0.05,-0.06,0.16,0.06,-27.04,-26.01,-27.32,-25.82,0.04,0.07,1.79,5.77,0.013,0.02,0.5227,0
14.75,5108.8,2102.4,72.2,86.76,89.62,86.21,88.94,755.55,760.25,759.19,759.31,4.8,65.76,14.42,3.02,49.17,0.723,14.1,4.02,LANE_A,18758.0,-22.5,89.5,CRUISE_LOITER,0.79,8,320.0,-0.21,0.15,-0.26,-0.03,-24.73,-25.03,-23.09,-25.97,0.02,-0.12,1.93,5.78,0.0,0.0,0.5196,0
14.8,5112.8,2104.0,72.5,86.78,89.44,86.69,88.96,750.53,757.47,753.43,759.24,4.77,66.02,14.48,3.01,49.2,0.718,14.09,4.02,LANE_A,18759.0,-22.5,89.5,CRUISE_LOITER,0.79,8,318.1,-0.19,-0.03,0.22,-0.01,-29.75,-27.81,-28.85,-26.04,-0.01,0.15,1.99,5.81,-0.005,-0.01,0.5354,0
14.850000000000001,5129.9,2111.1,72.5,87.01,89.19,86.49,89.14,752.54,760.44,754.36,757.89,4.75,65.8,14.4,3.02,49.21,0.747,14.11,3.98,LANE_A,18760.0,-22.5,89.5,CRUISE_LOITER,0.79,8,316.2,0.04,-0.28,0.02,0.17,-27.74,-24.84,-27.92,-27.39,-0.04,-0.07,1.91,5.82,0.024,0.01,0.5266,0
14.9,5127.5,2110.1,72.7,86.88,89.53,86.63,89.15,753.91,758.21,755.46,756.14,4.75,65.84,14.38,3.01,49.32,0.729,14.13,3.98,LANE_A,18761.0,-22.5,89.5,CRUISE_LOITER,0.78,8,314.4,-0.08,0.07,0.17,0.19,-26.37,-27.07,-26.82,-29.14,-0.04,-0.03,1.89,5.93,0.006,0.03,0.5328,0
14.950000000000001,5149.5,2119.1,72.5,87.25,89.27,86.8,89.01,753.3,755.91,753.55,756.8,4.79,66.14,14.6,3.01,49.57,0.749,14.08,3.88,LANE_A,18761.0,-22.5,89.5,CRUISE_LOITER,0.78,8,312.5,0.29,-0.19,0.34,0.05,-26.97,-29.36,-28.72,-28.47,0.0,0.27,2.11,6.18,0.026,-0.02,0.5478,0
15.0,5123.9,2108.6,73.0,87.09,89.74,86.59,88.81,753.38,757.73,752.89,756.93,4.81,65.86,14.55,2.95,49.48,0.718,14.08,3.87,LANE_A,18762.0,-22.5,89.5,CRUISE_LOITER,0.78,8,310.6,0.13,0.28,0.13,-0.15,-26.89,-27.54,-29.38,-28.34,0.02,0.0,2.06,6.09,-0.005,-0.02,0.5426,0
15.05,5112.5,2103.9,72.3,86.65,89.46,86.54,88.81,752.04,755.03,753.8,755.79,4.77,65.89,14.51,2.98,49.52,0.745,14.12,4.04,LANE_A,18763.0,-22.5,89.5,CRUISE_LOITER,0.78,8,308.8,-0.31,0.0,0.08,-0.15,-28.23,-30.24,-28.47,-29.48,-0.02,0.03,2.02,6.13,0.022,0.02,0.5466,0
15.100000000000001,5115.4,2105.1,72.4,87.2,89.5,86.4,89.04,750.71,754.79,754.75,756.84,4.77,65.7,14.52,3.01,49.53,0.725,14.1,4.09,LANE_A,18764.0,-22.5,89.5,CRUISE_LOITER,0.77,8,306.9,0.25,0.05,-0.05,0.09,-29.56,-30.48,-27.52,-28.43,-0.02,-0.16,2.03,6.15,0.002,0.0,0.5473,0
15.15,5145.4,2117.4,72.5,86.83,89.63,86.36,89.18,752.88,756.57,751.57,756.9,4.8,66.0,14.47,3.03,49.52,0.716,14.09,3.98,LANE_A,18765.0,-22.5,89.5,CRUISE_LOITER,0.77,8,305.0,-0.12,0.18,-0.09,0.23,-27.39,-28.7,-30.7,-28.37,0.01,0.15,1.98,6.14,-0.007,-0.01,0.5462,0
15.200000000000001,5125.7,2109.3,72.4,86.97,89.26,86.5,88.76,749.06,754.39,752.22,756.55,4.82,65.9,14.54,3.04,49.59,0.755,14.11,4.11,LANE_A,18766.0,-22.5,89.5,CRUISE_LOITER,0.77,8,303.1,0.02,-0.19,0.05,-0.19,-31.21,-30.88,-30.05,-28.72,0.03,0.05,2.05,6.21,0.032,0.01,0.5542,0
15.25,5141.5,2115.8,72.2,87.11,89.5,86.32,88.89,752.63,756.13,754.28,755.16,4.75,65.84,14.53,2.99,49.74,0.739,14.11,4.04,LANE_A,18767.0,-22.5,89.5,CRUISE_LOITER,0.77,8,301.2,0.16,0.05,-0.13,-0.06,-27.64,-29.14,-27.99,-30.11,-0.04,-0.01,2.04,6.36,0.016,0.01,0.5566,0
15.3,5118.4,2106.3,72.4,87.05,89.47,86.47,89.2,749.2,756.27,752.38,757.2,4.78,65.82,14.63,3.0,49.62,0.717,14.08,4.17,LANE_A,18767.0,-22.5,89.5,CRUISE_LOITER,0.77,8,299.4,0.11,0.03,0.03,0.26,-31.06,-28.99,-29.88,-28.06,-0.01,-0.03,2.14,6.24,-0.006,-0.02,0.553,0
15.350000000000001,5110.4,2103.0,72.0,86.49,89.46,86.44,89.24,750.36,755.47,749.84,752.87,4.77,65.76,14.47,2.98,49.83,0.722,14.09,4.0,LANE_A,18768.0,-22.5,89.5,CRUISE_LOITER,0.76,8,297.5,-0.45,0.02,0.0,0.3,-29.9,-29.79,-32.42,-32.39,-0.02,-0.08,1.98,6.45,-0.001,-0.01,0.5669,0
15.4,5121.1,2107.4,72.5,86.81,89.04,86.66,88.96,751.24,755.17,752.9,755.08,4.79,65.76,14.65,2.97,49.86,0.711,14.08,3.83,LANE_A,18769.0,-22.5,89.5,CRUISE_LOITER,0.76,8,295.6,-0.13,-0.4,0.22,0.02,-29.02,-30.09,-29.36,-30.18,0.0,-0.08,2.16,6.48,-0.012,-0.02,0.5644,0
15.450000000000001,5116.5,2105.6,72.6,86.92,89.57,86.27,88.73,749.94,754.22,751.94,755.84,4.85,66.16,14.72,2.98,49.89,0.729,14.07,4.12,LANE_A,18770.0,-22.5,89.5,CRUISE_LOITER,0.76,8,293.8,-0.01,0.14,-0.16,-0.2,-30.32,-31.04,-30.32,-29.42,0.06,0.32,2.23,6.51,0.006,-0.03,0.5673,0
15.5,5114.4,2104.7,72.5,86.48,89.35,86.51,89.22,750.82,753.55,751.11,752.69,4.8,65.78,14.63,3.03,50.02,0.741,14.11,4.12,LANE_A,18771.0,-22.5,89.5,CRUISE_LOITER,0.76,8,291.9,-0.45,-0.08,0.08,0.29,-29.44,-31.71,-31.15,-32.57,0.01,-0.06,2.14,6.65,0.018,0.01,0.5751,0
15.55,5115.6,2105.2,72.5,87.2,89.18,86.34,88.82,748.24,755.85,748.72,755.2,4.8,65.91,14.77,3.05,50.14,0.696,14.09,4.1,LANE_A,18772.0,-22.5,89.5,CRUISE_LOITER,0.76,8,290.0,0.27,-0.25,-0.09,-0.11,-32.02,-29.41,-33.54,-30.06,0.01,0.08,2.28,6.77,-0.027,-0.01,0.581,0
15.600000000000001,5115.0,2104.9,72.4,86.96,89.49,86.35,89.13,748.86,753.61,749.7,750.8,4.87,65.87,14.75,3.05,49.99,0.725,14.11,4.12,LANE_A,18773.0,-22.5,89.5,CRUISE_LOITER,0.75,8,288.1,0.03,0.06,-0.08,0.2,-31.4,-31.65,-32.56,-34.46,0.08,0.04,2.26,6.62,0.002,0.01,0.588,0
15.65,5120.4,2107.2,72.6,86.59,89.24,86.46,88.83,750.42,752.18,751.07,752.67,4.76,66.02,14.89,3.01,50.23,0.699,14.06,4.14,LANE_A,18774.0,-22.5,89.5,CRUISE_LOITER,0.75,8,286.2,-0.33,-0.18,0.04,-0.09,-29.84,-33.08,-31.19,-32.59,-0.03,0.19,2.4,6.86,-0.024,-0.04,0.5861,0
15.700000000000001,5107.7,2101.9,72.2,87.05,89.04,86.34,88.64,748.76,752.7,749.24,753.32,4.75,65.81,14.67,3.0,50.1,0.734,14.07,4.25,LANE_A,18774.0,-22.5,89.5,CRUISE_LOITER,0.75,8,284.4,0.13,-0.38,-0.08,-0.28,-31.49,-32.55,-33.01,-31.93,-0.04,-0.02,2.18,6.73,0.011,-0.03,0.5808,0
15.75,5127.2,2110.0,72.5,87.05,89.2,86.55,89.02,747.24,753.45,748.36,751.41,4.78,65.68,14.69,3.0,50.32,0.706,14.13,4.07,LANE_A,18775.0,-22.6,89.5,CRUISE_LOITER,0.75,8,282.5,0.13,-0.22,0.13,0.1,-33.01,-31.8,-33.89,-33.84,-0.01,-0.14,2.2,6.95,-0.017,0.03,0.5921,0
15.8,5118.7,2106.5,72.2,86.83,89.39,86.31,89.01,747.85,752.02,749.56,752.32,4.8,65.75,14.86,3.0,50.74,0.73,14.11,4.24,LANE_A,18776.0,-22.6,89.6,CRUISE_LOITER,0.74,8,280.6,-0.08,-0.02,-0.1,0.1,-32.4,-33.23,-32.69,-32.93,0.01,-0.07,2.37,7.37,0.007,0.01,0.6094,0
15.850000000000001,5128.5,2110.5,72.5,87.18,89.52,86.32,89.05,747.51,753.38,746.82,751.92,4.83,65.88,14.82,2.99,50.41,0.721,14.13,4.02,LANE_A,18777.0,-22.6,89.6,CRUISE_LOITER,0.74,8,278.8,0.27,0.11,-0.09,0.14,-32.74,-31.87,-35.43,-33.33,0.04,0.06,2.33,7.04,-0.002,0.03,0.5985,0
15.9,5135.3,2113.3,72.4,86.95,89.59,86.12,88.85,748.45,751.75,752.38,748.69,4.8,65.85,14.83,3.0,50.31,0.695,14.09,4.07,LANE_A,18778.0,-22.6,89.6,CRUISE_LOITER,0.74,8,276.9,0.04,0.18,-0.29,-0.06,-31.8,-33.5,-29.87,-36.56,0.01,0.03,2.34,6.95,-0.028,-0.01,0.6064,0
15.950000000000001,5116.9,2105.7,72.6,86.89,89.52,86.48,88.52,747.06,750.75,749.67,751.38,4.8,65.63,14.89,3.0,50.34,0.754,14.08,4.2,LANE_A,18779.0,-22.6,89.6,CRUISE_LOITER,0.74,8,275.0,-0.02,0.11,0.07,-0.39,-33.19,-34.5,-32.58,-33.87,0.01,-0.18,2.41,6.98,0.031,-0.02,0.5948,0
16.0,5121.9,2107.8,72.5,87.27,89.44,86.71,88.81,746.48,749.58,750.13,750.83,4.81,65.65,14.92,2.98,50.46,0.723,14.13,3.87,LANE_A,18780.0,-22.6,89.6,CRUISE_LOITER,0.74,8,273.1,0.37,0.04,0.31,-0.09,-33.77,-35.67,-32.12,-34.42,0.02,-0.16,2.44,7.1,0.0,0.03,0.6021,0
16.05,5111.5,2103.5,72.3,86.65,89.22,86.44,89.09,744.92,749.95,748.53,748.85,4.75,65.65,14.98,2.98,50.8,0.694,14.12,4.06,LANE_A,18781.0,-22.6,89.6,CRUISE_LOITER,0.73,8,271.2,-0.25,-0.18,0.04,0.19,-35.32,-35.29,-33.71,-36.39,-0.04,-0.16,2.5,7.44,-0.029,0.02,0.617,0
16.1,5099.9,2098.7,72.6,87.21,89.65,86.4,88.69,745.89,751.14,745.65,749.97,4.78,65.74,14.87,2.96,50.78,0.738,14.09,4.13,LANE_A,18781.0,-22.6,89.6,CRUISE_LOITER,0.73,8,269.4,0.31,0.25,0.0,-0.21,-34.35,-34.1,-36.59,-35.27,-0.01,-0.07,2.39,7.42,0.015,-0.01,0.6156,0
16.150000000000002,5121.1,2107.4,72.3,87.25,89.14,86.39,88.88,747.05,750.2,749.54,751.74,4.83,65.81,15.02,3.01,50.84,0.732,14.12,4.15,LANE_A,18782.0,-22.6,89.6,CRUISE_LOITER,0.73,8,267.5,0.35,-0.26,-0.01,-0.02,-33.19,-35.04,-32.7,-33.5,0.04,0.01,2.54,7.48,0.009,0.02,0.6159,0
16.2,5102.3,2099.7,72.8,87.27,89.48,86.43,88.88,745.4,748.95,748.46,747.63,4.79,65.76,15.08,3.02,50.92,0.737,14.07,4.11,LANE_A,18783.0,-22.6,89.6,CRUISE_LOITER,0.73,8,265.6,0.38,0.09,0.04,-0.01,-34.84,-36.29,-33.78,-37.61,0.0,-0.04,2.6,7.56,0.014,-0.03,0.6229,0
16.25,5123.8,2108.6,72.2,86.63,89.48,86.37,89.07,746.8,750.9,746.4,747.71,4.81,65.81,15.03,3.02,50.83,0.712,14.09,3.96,LANE_A,18784.0,-22.6,89.6,CRUISE_LOITER,0.72,8,263.8,-0.26,0.09,-0.02,0.18,-33.44,-34.34,-35.84,-37.53,0.02,0.01,2.55,7.47,-0.011,-0.01,0.6199,0
16.3,5122.2,2107.9,72.5,86.84,89.47,86.3,88.96,743.98,751.61,746.68,749.6,4.79,65.69,14.97,2.98,50.94,0.716,14.06,4.13,LANE_A,18785.0,-22.6,89.6,CRUISE_LOITER,0.72,8,261.9,-0.05,0.08,-0.09,0.07,-36.26,-33.63,-35.56,-35.64,0.0,-0.11,2.49,7.58,-0.007,-0.04,0.6226,0
16.35,5129.1,2110.7,72.5,86.75,89.45,86.44,88.92,743.95,749.33,747.69,750.49,4.77,65.51,14.94,2.98,50.98,0.726,14.1,4.2,LANE_A,18786.0,-22.6,89.6,CRUISE_LOITER,0.72,8,260.0,-0.13,0.07,0.06,0.04,-36.29,-35.91,-34.55,-34.75,-0.02,-0.28,2.46,7.63,0.003,0.0,0.6246,0
16.400000000000002,5108.0,2102.1,72.5,86.58,89.26,86.46,88.68,744.32,751.88,746.14,747.66,4.8,65.73,15.14,3.01,51.01,0.713,14.11,4.2,LANE_A,18787.0,-22.6,89.6,CRUISE_LOITER,0.72,8,258.1,-0.3,-0.12,0.08,-0.2,-35.92,-33.36,-36.1,-37.58,0.01,-0.06,2.66,7.66,-0.01,0.01,0.6271,0
16.45,5122.1,2107.9,72.3,87.05,89.06,86.55,88.88,743.08,748.99,744.96,748.54,4.77,65.52,15.06,3.01,50.86,0.73,14.08,3.96,LANE_A,18788.0,-22.6,89.6,CRUISE_LOITER,0.72,8,256.3,0.17,-0.32,0.17,0.0,-37.15,-36.24,-37.27,-36.69,-0.02,-0.27,2.58,7.51,0.007,-0.02,0.623,0
16.5,5095.3,2096.8,72.3,86.69,89.37,86.4,88.54,744.58,746.02,746.24,747.1,4.77,65.84,15.12,2.94,51.03,0.697,14.08,4.02,LANE_A,18788.0,-22.6,89.6,CRUISE_LOITER,0.71,8,254.4,-0.19,-0.01,0.02,-0.34,-35.65,-39.21,-35.99,-38.13,-0.02,0.05,2.64,7.68,-0.026,-0.02,0.6363,0
16.55,5111.1,2103.3,72.7,86.61,89.52,86.35,88.92,743.15,746.97,743.76,750.67,4.8,66.14,15.17,3.0,51.37,0.704,14.08,3.92,LANE_A,18789.0,-22.6,89.6,CRUISE_LOITER,0.71,8,252.5,-0.26,0.15,-0.02,0.05,-37.08,-38.26,-38.47,-34.56,0.01,0.36,2.69,8.02,-0.019,-0.02,0.6432,0
16.6,5106.2,2101.3,72.8,86.74,89.52,86.68,88.79,742.11,747.05,746.28,747.45,4.82,65.73,15.1,3.0,51.4,0.713,14.09,4.04,LANE_A,18790.0,-22.6,89.6,CRUISE_LOITER,0.71,8,250.6,-0.13,0.15,0.31,-0.08,-38.12,-38.18,-35.95,-37.78,0.03,-0.05,2.62,8.05,-0.01,-0.01,0.6448,0
16.650000000000002,5106.7,2101.5,72.6,86.62,89.24,86.23,88.63,743.77,746.96,744.8,748.67,4.74,65.72,14.96,3.01,51.46,0.728,14.12,4.06,LANE_A,18791.0,-22.6,89.6,CRUISE_LOITER,0.71,8,248.7,-0.25,-0.13,-0.14,-0.24,-36.46,-38.27,-37.43,-36.56,-0.05,-0.06,2.48,8.11,0.005,0.02,0.646,0
16.7,5119.7,2106.9,72.8,86.97,89.35,86.41,88.9,743.96,748.1,744.27,747.1,4.83,65.67,15.15,2.98,51.42,0.74,14.09,3.98,LANE_A,18792.0,-22.6,89.6,CRUISE_LOITER,0.7,8,246.9,0.1,-0.02,0.04,0.03,-36.27,-37.13,-37.96,-38.13,0.04,-0.11,2.67,8.07,0.017,-0.01,0.6454,0
16.75,5130.1,2111.2,72.5,86.94,89.37,86.46,88.74,743.03,745.56,743.54,746.5,4.78,66.0,15.23,3.0,51.55,0.707,14.09,4.09,LANE_A,18793.0,-22.6,89.6,CRUISE_LOITER,0.7,8,245.0,0.08,0.01,0.1,-0.12,-37.2,-39.67,-38.69,-38.73,-0.01,0.23,2.75,8.21,-0.016,-0.01,0.6527,1
16.8,5110.5,2103.1,72.5,86.6,89.33,86.66,88.78,742.06,746.3,744.1,747.67,4.74,65.75,15.21,3.0,51.37,0.72,14.11,4.11,LANE_A,18794.0,-22.6,89.6,CRUISE_LOITER,0.7,8,243.1,-0.26,-0.03,0.3,-0.08,-38.16,-38.92,-38.12,-37.55,-0.05,-0.02,2.73,8.03,-0.003,0.01,0.6455,0
16.85,5106.3,2101.4,72.5,87.05,89.34,86.2,88.91,743.45,747.27,742.29,746.7,4.8,65.73,15.11,3.01,51.56,0.725,14.08,4.04,LANE_A,18795.0,-22.6,89.7,CRUISE_LOITER,0.7,8,241.2,0.19,-0.02,-0.16,0.05,-36.77,-37.95,-39.93,-38.52,0.01,-0.04,2.63,8.22,0.002,-0.02,0.6523,1
16.900000000000002,5126.4,2109.6,72.9,86.76,89.36,86.03,88.96,740.53,745.28,743.01,747.82,4.76,66.15,15.23,2.99,51.68,0.706,14.09,3.96,LANE_A,18795.0,-22.6,89.7,CRUISE_LOITER,0.7,8,239.4,-0.09,0.01,-0.32,0.11,-39.69,-39.94,-39.21,-37.4,-0.03,0.38,2.75,8.34,-0.017,-0.01,0.6582,1
16.95,5098.2,2098.0,72.6,86.82,89.3,86.71,88.99,741.17,744.92,743.16,745.88,4.77,65.57,15.29,3.01,51.52,0.714,14.08,3.81,LANE_A,18796.0,-22.6,89.7,CRUISE_LOITER,0.69,8,237.5,-0.03,-0.05,0.36,0.14,-39.05,-40.3,-39.06,-39.34,-0.02,-0.19,2.81,8.18,-0.009,-0.02,0.6532,1
17.0,5103.0,2100.0,72.5,86.87,89.52,86.66,88.83,740.69,746.9,744.14,746.94,4.79,65.77,15.37,2.97,51.85,0.757,14.14,3.9,LANE_A,18797.0,-22.6,89.7,CRUISE_LOITER,0.69,8,235.6,0.02,0.17,0.31,-0.02,-39.53,-38.32,-38.08,-38.28,0.0,0.01,2.89,8.51,0.034,0.04,0.6638,1
17.05,5081.6,2091.2,72.5,86.98,89.5,86.36,88.8,741.58,747.77,742.75,745.99,4.79,65.55,15.35,2.99,51.58,0.712,14.06,3.9,LANE_A,18798.0,-22.6,89.7,CRUISE_LOITER,0.69,8,233.8,0.13,0.15,0.01,-0.05,-38.64,-37.45,-39.47,-39.23,0.0,-0.21,2.87,8.24,-0.011,-0.04,0.6544,1
17.1,5111.5,2103.5,72.3,86.83,89.43,86.27,88.57,739.4,743.07,740.16,743.51,4.77,65.88,15.36,2.99,51.84,0.722,14.12,4.12,LANE_A,18799.0,-22.6,89.7,CRUISE_LOITER,0.69,8,231.9,-0.01,0.09,-0.07,-0.27,-40.82,-42.15,-42.06,-41.71,-0.02,0.13,2.88,8.5,-0.001,0.02,0.6683,1
17.150000000000002,5103.8,2100.3,72.6,86.55,89.39,86.7,88.59,739.99,745.08,742.08,744.2,4.79,65.81,15.28,3.0,51.87,0.716,14.08,4.09,LANE_A,18800.0,-22.6,89.7,CRUISE_LOITER,0.69,8,230.0,-0.29,0.05,0.36,-0.25,-40.23,-40.14,-40.14,-41.02,0.0,0.06,2.8,8.54,-0.007,-0.02,0.6674,1
17.2,5117.8,2106.1,72.4,86.8,89.37,86.45,88.73,739.52,744.51,741.29,745.76,4.79,65.71,15.41,2.98,51.89,0.715,14.1,4.0,LANE_A,18801.0,-22.6,89.7,CRUISE_LOITER,0.68,8,228.1,-0.04,0.03,0.11,-0.11,-40.69,-40.7,-40.92,-39.45,0.0,-0.04,2.93,8.56,-0.008,0.0,0.6685,1
17.25,5102.9,2100.0,72.5,86.91,89.56,86.17,88.77,735.83,743.18,741.16,743.55,4.79,65.59,15.31,2.98,52.18,0.74,14.13,4.0,LANE_A,18802.0,-22.6,89.7,CRUISE_LOITER,0.68,8,226.3,0.08,0.23,-0.16,-0.06,-44.38,-42.03,-41.05,-41.66,0.0,-0.16,2.83,8.85,0.017,0.03,0.6817,1
17.3,5117.3,2105.9,72.2,86.91,89.47,86.06,88.56,739.86,743.38,741.08,744.11,4.75,65.69,15.31,2.97,52.0,0.751,14.1,3.94,LANE_A,18802.0,-22.6,89.7,CRUISE_LOITER,0.68,8,224.4,0.08,0.14,-0.27,-0.27,-40.35,-41.83,-41.13,-41.1,-0.04,-0.05,2.83,8.67,0.028,0.0,0.6731,1
17.35,5117.7,2106.0,72.5,86.91,89.15,86.43,89.04,738.74,744.22,741.28,744.14,4.82,65.72,15.55,3.01,52.27,0.694,14.09,3.87,LANE_A,18803.0,-22.6,89.7,CRUISE_LOITER,0.68,8,222.5,0.08,-0.18,0.1,0.21,-41.47,-40.99,-40.93,-41.07,0.03,-0.02,3.07,8.94,-0.029,-0.01,0.6828,1
17.400000000000002,5109.6,2102.7,72.2,87.1,89.41,86.6,88.7,737.87,744.28,741.18,743.66,4.82,65.86,15.45,3.01,52.16,0.716,14.11,3.95,LANE_A,18804.0,-22.6,89.7,CRUISE_LOITER,0.67,8,220.6,0.27,0.08,0.27,-0.13,-42.34,-40.93,-41.03,-41.55,0.03,0.12,2.97,8.83,-0.007,0.01,0.6794,1
17.45,5107.5,2101.9,72.5,86.87,89.14,86.23,88.67,738.72,741.88,738.52,742.19,4.8,65.74,15.42,3.0,51.97,0.72,14.14,4.03,LANE_A,18805.0,-22.6,89.7,CRUISE_LOITER,0.67,8,218.8,0.05,-0.18,-0.09,-0.15,-41.49,-43.33,-43.69,-43.02,0.01,0.0,2.94,8.64,-0.003,0.04,0.6782,1
17.5,5083.6,2092.0,72.3,86.83,89.25,86.24,88.89,736.16,743.33,738.84,742.04,4.75,65.9,15.53,2.97,52.46,0.712,14.13,4.01,LANE_A,18806.0,-22.6,89.7,CRUISE_LOITER,0.67,8,216.9,0.01,-0.07,-0.08,0.07,-44.05,-41.88,-43.37,-43.17,-0.04,0.17,3.05,9.13,-0.011,0.03,0.6919,1
17.55,5110.8,2103.2,72.6,86.67,89.29,86.33,88.86,736.63,743.73,739.08,740.6,4.81,65.74,15.5,3.0,52.49,0.722,14.11,4.02,LANE_A,18807.0,-22.6,89.7,CRUISE_LOITER,0.67,8,215.0,-0.15,-0.03,0.01,0.04,-43.58,-41.48,-43.13,-44.61,0.02,0.01,3.02,9.17,-0.001,0.01,0.6932,1
17.6,5098.1,2098.0,72.4,86.79,89.2,86.38,88.72,737.51,739.82,742.41,742.37,4.8,65.92,15.42,3.02,52.29,0.739,14.11,4.13,LANE_A,18808.0,-22.6,89.7,CRUISE_LOITER,0.67,8,213.1,-0.03,-0.12,0.06,-0.1,-42.69,-45.38,-39.79,-42.83,0.01,0.19,2.94,8.97,0.016,0.01,0.689,1
17.650000000000002,5103.9,2100.4,72.7,86.6,89.08,86.39,88.93,737.22,743.11,740.38,742.36,4.77,65.77,15.55,3.01,52.3,0.738,14.07,4.04,LANE_A,18808.0,-22.6,89.7,CRUISE_LOITER,0.66,8,211.2,-0.21,-0.23,0.08,0.12,-42.98,-42.09,-41.82,-42.84,-0.02,0.04,3.07,8.98,0.015,-0.03,0.686,1
17.7,5116.9,2105.7,72.3,86.9,89.23,86.16,89.14,735.89,741.93,738.66,743.14,4.77,65.35,15.65,3.01,52.31,0.704,14.08,3.98,LANE_A,18809.0,-22.6,89.7,CRUISE_LOITER,0.66,8,209.4,0.09,-0.08,-0.15,0.33,-44.31,-43.27,-43.54,-42.06,-0.02,-0.37,3.17,8.99,-0.019,-0.02,0.6879,1
17.75,5082.6,2091.6,72.6,87.16,89.46,86.25,88.58,736.79,742.03,739.0,742.15,4.8,65.77,15.66,2.99,52.3,0.725,14.08,4.13,LANE_A,18810.0,-22.6,89.7,CRUISE_LOITER,0.66,8,207.5,0.35,0.15,-0.06,-0.23,-43.41,-43.17,-43.2,-43.05,0.01,0.05,3.18,8.98,0.002,-0.02,0.6875,1
17.8,5122.4,2108.0,72.9,86.85,89.23,86.13,88.64,734.17,740.57,738.64,741.96,4.81,65.59,15.64,3.04,52.58,0.729,14.11,4.2,LANE_A,18811.0,-22.6,89.7,CRUISE_LOITER,0.66,8,205.6,0.05,-0.07,-0.17,-0.16,-46.03,-44.63,-43.56,-43.24,0.02,-0.13,3.16,9.26,0.006,0.01,0.698,1
17.85,5107.8,2102.0,72.7,86.82,89.7,86.13,89.09,735.04,739.52,737.16,741.87,4.82,65.56,15.66,2.97,52.53,0.732,14.13,4.18,LANE_A,18812.0,-22.6,89.7,CRUISE_LOITER,0.65,8,203.8,0.02,0.4,-0.17,0.29,-45.16,-45.68,-45.04,-43.33,0.03,-0.16,3.18,9.21,0.009,0.03,0.6972,1
17.900000000000002,5091.8,2095.4,72.6,86.59,89.04,86.04,88.95,733.92,741.19,737.21,741.18,4.83,65.73,15.61,3.01,52.8,0.73,14.11,3.85,LANE_A,18813.0,-22.6,89.8,CRUISE_LOITER,0.65,8,201.9,-0.21,-0.26,-0.26,0.15,-46.28,-44.01,-44.99,-44.02,0.04,0.02,3.13,9.48,0.007,0.01,0.7054,1
17.95,5085.1,2092.6,72.5,86.71,89.17,86.26,88.51,736.27,737.43,738.01,738.91,4.83,65.62,15.79,2.98,52.98,0.725,14.11,4.31,LANE_A,18814.0,-22.6,89.8,CRUISE_LOITER,0.65,8,200.0,-0.09,-0.13,-0.04,-0.29,-43.92,-47.76,-44.18,-46.28,0.04,-0.09,3.31,9.66,0.002,0.01,0.7123,1
18.0,5121.8,2107.7,72.6,86.69,88.99,86.59,88.73,736.21,741.22,738.27,740.21,4.76,65.64,15.69,3.01,53.01,0.73,14.13,4.09,LANE_A,18815.0,-22.6,89.8,CRUISE_LOITER,0.65,8,200.0,-0.1,-0.3,0.3,-0.06,-43.98,-43.97,-43.92,-44.98,-0.03,-0.07,3.22,9.7,0.007,0.03,0.7115,1
18.05,5111.8,2103.6,72.6,86.63,89.52,86.29,88.49,736.09,742.7,734.83,740.73,4.78,65.85,15.61,2.99,52.83,0.732,14.11,4.2,LANE_A,18815.0,-22.6,89.8,CRUISE_LOITER,0.65,8,200.0,-0.16,0.23,0.0,-0.3,-44.1,-42.49,-47.36,-44.46,-0.01,0.14,3.14,9.52,0.009,0.01,0.7064,1
18.1,5104.1,2100.5,72.4,86.75,88.99,86.13,88.91,735.92,741.62,737.63,741.76,4.75,66.07,15.77,3.01,52.92,0.75,14.12,3.82,LANE_A,18816.0,-22.6,89.8,CRUISE_LOITER,0.65,8,200.0,-0.04,-0.3,-0.16,0.12,-44.27,-43.57,-44.56,-43.43,-0.04,0.37,3.3,9.61,0.027,0.02,0.7086,1
18.150000000000002,5092.9,2095.8,72.5,86.59,89.28,86.17,88.97,735.11,741.07,737.38,739.68,4.76,65.72,15.65,3.0,52.71,0.732,14.07,4.19,LANE_A,18817.0,-22.6,89.8,CRUISE_LOITER,0.65,8,200.0,-0.2,-0.01,-0.12,0.18,-45.08,-44.12,-44.81,-45.51,-0.03,0.02,3.18,9.4,0.009,-0.03,0.7032,1
18.2,5103.1,2100.0,72.6,87.11,89.11,86.24,88.82,733.93,740.58,739.02,741.83,4.84,65.81,15.61,2.97,52.68,0.714,14.1,3.83,LANE_A,18818.0,-22.6,89.8,CRUISE_LOITER,0.65,8,200.0,0.33,-0.17,-0.04,0.04,-46.26,-44.61,-43.17,-43.36,0.05,0.11,3.14,9.37,-0.009,0.0,0.7014,1
18.25,5122.2,2107.9,72.3,86.82,89.45,86.25,89.24,734.33,739.37,738.44,740.5,4.8,65.44,15.74,2.96,52.82,0.745,14.12,4.15,LANE_A,18819.0,-22.6,89.8,CRUISE_LOITER,0.65,8,200.0,0.04,0.17,-0.03,0.46,-45.86,-45.82,-43.75,-44.69,0.01,-0.26,3.27,9.51,0.022,0.02,0.707,1
18.3,5091.9,2095.4,72.4,86.69,88.93,86.24,88.67,736.52,739.43,735.54,741.28,4.79,65.56,15.65,2.97,52.63,0.726,14.14,4.14,LANE_A,18820.0,-22.6,89.8,CRUISE_LOITER,0.65,8,200.0,-0.09,-0.35,-0.04,-0.11,-43.67,-45.76,-46.65,-43.91,0.0,-0.13,3.18,9.32,0.003,0.04,0.7012,1
18.35,5109.2,2102.6,72.8,86.72,89.4,86.38,88.62,735.5,740.46,737.6,741.19,4.76,65.75,15.59,3.01,52.87,0.736,14.1,3.99,LANE_A,18821.0,-22.6,89.8,CRUISE_LOITER,0.65,8,200.0,-0.05,0.13,0.11,-0.15,-44.68,-44.72,-44.58,-43.99,-0.03,0.06,3.12,9.56,0.013,0.0,0.7074,1
18.400000000000002,5088.0,2093.8,72.4,86.57,89.31,86.23,88.61,733.74,740.32,736.7,740.06,4.78,65.56,15.86,3.04,52.95,0.716,14.13,4.17,LANE_A,18822.0,-22.6,89.8,CRUISE_LOITER,0.65,8,200.0,-0.2,0.04,-0.04,-0.16,-46.44,-44.86,-45.48,-45.12,-0.01,-0.13,3.39,9.65,-0.007,0.03,0.7121,1
18.45,5080.4,2090.7,72.4,86.59,89.26,86.41,88.92,737.14,738.92,738.66,741.08,4.75,65.76,15.69,3.0,52.75,0.719,14.11,3.94,LANE_A,18822.0,-22.6,89.8,CRUISE_LOITER,0.65,8,200.0,-0.18,-0.01,0.14,0.15,-43.04,-46.26,-43.52,-44.1,-0.04,0.07,3.22,9.45,-0.004,0.01,0.7039,1
18.5,5118.7,2106.5,72.3,86.7,89.39,86.23,88.66,736.38,740.07,738.28,739.82,4.83,65.79,15.81,3.03,52.6,0.729,14.11,4.07,LANE_A,18823.0,-22.6,89.8,CRUISE_LOITER,0.65,8,200.0,-0.07,0.12,-0.04,-0.11,-43.8,-45.11,-43.9,-45.36,0.04,0.11,3.34,9.3,0.006,0.01,0.7,1
18.55,5118.1,2106.2,72.6,86.82,89.2,86.16,89.05,734.83,740.99,737.12,739.2,4.76,65.91,15.45,3.02,52.76,0.731,14.12,4.2,LANE_A,18824.0,-22.6,89.8,CRUISE_LOITER,0.65,8,200.0,0.06,-0.06,-0.1,0.29,-45.35,-44.19,-45.06,-45.98,-0.03,0.23,2.98,9.46,0.008,0.02,0.7049,1
18.6,5092.1,2095.5,72.7,86.75,89.29,86.13,88.85,735.17,738.41,738.9,741.92,4.8,65.72,15.61,3.02,52.83,0.717,14.12,4.15,LANE_A,18825.0,-22.7,89.8,CRUISE_LOITER,0.65,8,200.0,-0.01,0.03,-0.13,0.09,-45.01,-46.77,-43.28,-43.26,0.01,0.04,3.14,9.53,-0.006,0.02,0.7066,1
18.650000000000002,5125.9,2109.4,72.5,86.81,89.16,86.35,88.76,735.61,741.5,738.6,738.99,4.83,65.68,15.59,2.99,52.43,0.72,14.1,4.08,LANE_A,18826.0,-22.7,89.8,CRUISE_LOITER,0.65,8,200.0,0.05,-0.1,0.09,0.0,-44.57,-43.68,-43.58,-46.19,0.04,0.0,3.12,9.13,-0.003,0.0,0.6973,1
18.7,5101.1,2099.2,72.8,86.64,88.96,86.29,88.77,735.57,740.19,738.07,739.49,4.8,65.64,15.66,3.0,52.92,0.739,14.11,4.06,LANE_A,18827.0,-22.7,89.8,CRUISE_LOITER,0.65,8,200.0,-0.12,-0.3,0.03,0.01,-44.6,-44.98,-44.1,-45.68,0.01,-0.03,3.19,9.62,0.016,0.01,0.7098,1
18.75,5080.4,2090.7,72.3,86.98,89.31,86.44,88.45,735.22,740.7,735.17,739.7,4.84,65.56,15.68,2.99,52.91,0.727,14.1,4.01,LANE_A,18828.0,-22.7,89.8,CRUISE_LOITER,0.65,8,200.0,0.23,0.06,0.19,-0.3,-44.95,-44.47,-47.0,-45.47,0.05,-0.11,3.21,9.61,0.004,0.0,0.7105,1
18.8,5116.7,2105.6,72.7,86.77,89.5,85.81,88.52,736.51,738.47,735.91,738.99,4.78,65.87,15.65,2.96,52.75,0.716,14.1,3.95,LANE_A,18829.0,-22.7,89.8,CRUISE_LOITER,0.65,8,200.0,0.02,0.25,-0.44,-0.23,-43.66,-46.7,-46.26,-46.18,-0.01,0.2,3.18,9.46,-0.007,0.0,0.7062,1
18.85,5096.0,2097.1,72.7,86.98,89.23,86.33,88.49,735.1,739.11,736.42,741.77,4.82,65.76,15.65,2.97,52.88,0.725,14.06,4.24,LANE_A,18829.0,-22.7,89.8,CRUISE_LOITER,0.65,8,200.0,0.23,-0.02,0.08,-0.26,-45.07,-46.06,-45.75,-43.4,0.03,0.09,3.18,9.59,0.002,-0.04,0.7092,1
18.900000000000002,5090.4,2094.8,72.2,86.58,89.17,86.4,88.6,735.14,741.63,736.86,739.39,4.8,65.99,15.56,3.02,52.87,0.703,14.09,4.2,LANE_A,18830.0,-22.7,89.8,CRUISE_LOITER,0.65,8,200.0,-0.16,-0.07,0.16,-0.14,-45.03,-43.54,-45.31,-45.78,0.01,0.33,3.09,9.58,-0.02,-0.01,0.7085,1
18.95,5098.6,2098.2,72.6,86.68,89.56,86.33,88.76,735.38,739.13,736.69,740.48,4.82,65.55,15.64,2.99,52.96,0.715,14.09,4.13,LANE_A,18831.0,-22.7,89.8,CRUISE_LOITER,0.65,8,200.0,-0.06,0.32,0.09,0.02,-44.79,-46.04,-45.48,-44.69,0.03,-0.11,3.17,9.67,-0.008,-0.01,0.7118,1
19.0,5094.6,2096.5,72.7,86.9,89.1,86.22,88.46,734.9,741.73,737.15,740.39,4.81,65.66,15.66,3.0,52.78,0.722,14.04,3.99,LANE_A,18832.0,-22.7,89.9,CRUISE_LOITER,0.65,8,200.0,0.16,-0.14,-0.02,-0.28,-45.27,-43.44,-45.02,-44.78,0.02,0.0,3.19,9.49,-0.001,-0.06,0.7056,1
19.05,5112.9,2104.1,72.5,86.72,89.19,86.44,88.91,733.59,738.96,737.2,740.62,4.74,65.99,15.66,3.0,52.69,0.747,14.11,4.07,LANE_A,18833.0,-22.7,89.9,CRUISE_LOITER,0.65,8,200.0,-0.02,-0.05,0.2,0.17,-46.58,-46.21,-44.97,-44.55,-0.05,0.33,3.19,9.4,0.024,0.01,0.7042,1
19.1,5110.7,2103.2,72.8,87.02,89.2,86.38,88.86,736.29,740.95,737.4,740.69,4.77,65.59,15.67,2.99,52.87,0.746,14.12,4.13,LANE_A,18834.0,-22.7,89.9,CRUISE_LOITER,0.65,8,200.0,0.29,-0.03,0.15,0.13,-43.87,-44.21,-44.76,-44.47,-0.02,-0.06,3.2,9.58,0.023,0.02,0.7079,1
19.150000000000002,5118.7,2106.5,72.6,86.79,89.33,86.3,88.7,736.95,737.95,737.15,740.94,4.81,65.67,15.73,3.01,52.62,0.707,14.15,4.09,LANE_A,18835.0,-22.7,89.9,CRUISE_LOITER,0.65,8,200.0,0.06,0.1,0.07,-0.03,-43.21,-47.21,-45.01,-44.22,0.02,0.02,3.26,9.33,-0.016,0.05,0.7045,1
19.200000000000003,5098.5,2098.1,72.9,86.68,89.26,86.27,88.62,737.45,741.11,735.99,739.87,4.75,65.36,15.65,3.03,52.78,0.732,14.14,4.02,LANE_A,18835.0,-22.7,89.9,CRUISE_LOITER,0.65,8,200.0,-0.05,0.03,0.04,-0.11,-42.71,-44.05,-46.17,-45.29,-0.04,-0.29,3.18,9.49,0.009,0.04,0.7055,1
19.25,5108.5,2102.3,72.4,86.88,89.43,86.56,88.8,736.46,741.44,737.05,741.62,4.77,65.95,15.66,3.02,52.87,0.733,14.09,4.22,LANE_A,18836.0,-22.7,89.9,CRUISE_LOITER,0.65,8,200.0,0.15,0.2,0.33,0.07,-43.7,-43.72,-45.11,-43.54,-0.02,0.3,3.19,9.59,0.01,-0.01,0.7078,1
19.3,5110.2,2103.0,72.5,86.64,89.46,86.02,88.71,735.2,739.58,735.41,741.55,4.83,65.74,15.7,2.97,52.8,0.725,14.1,4.09,LANE_A,18837.0,-22.7,89.9,CRUISE_LOITER,0.65,8,200.0,-0.08,0.24,-0.2,-0.01,-44.96,-45.58,-46.75,-43.61,0.04,0.1,3.23,9.52,0.002,0.0,0.7075,1
19.35,5080.6,2090.8,72.5,86.85,89.34,86.33,88.57,734.38,738.46,737.95,741.37,4.86,65.74,15.75,2.99,52.67,0.72,14.12,3.94,LANE_A,18838.0,-22.7,89.9,CRUISE_LOITER,0.65,8,200.0,0.13,0.12,0.11,-0.15,-45.78,-46.7,-44.21,-43.79,0.07,0.1,3.28,9.39,-0.003,0.02,0.7035,1
19.400000000000002,5115.4,2105.1,72.6,86.64,89.26,86.4,88.61,735.19,742.25,738.23,739.76,4.82,65.61,15.61,2.99,52.77,0.691,14.1,4.14,LANE_A,18839.0,-22.7,89.9,CRUISE_LOITER,0.65,8,200.0,-0.08,0.04,0.18,-0.11,-44.97,-42.91,-43.93,-45.4,0.03,-0.03,3.14,9.49,-0.032,0.0,0.705,1
19.450000000000003,5095.9,2097.1,72.6,86.76,89.05,86.39,89.0,733.58,739.44,736.9,740.43,4.78,65.49,15.65,3.01,52.68,0.725,14.1,4.25,LANE_A,18840.0,-22.7,89.9,CRUISE_LOITER,0.65,8,200.0,0.05,-0.16,0.18,0.29,-46.58,-45.72,-45.26,-44.73,-0.01,-0.15,3.18,9.4,0.002,0.0,0.7041,1
19.5,5120.8,2107.3,72.3,86.47,89.29,85.88,88.79,734.65,740.1,735.99,738.34,4.74,65.74,15.71,3.0,52.71,0.722,14.11,4.0,LANE_A,18841.0,-22.7,89.9,CRUISE_LOITER,0.65,8,200.0,-0.24,0.08,-0.33,0.08,-45.5,-45.05,-46.16,-46.81,-0.05,0.11,3.24,9.43,-0.001,0.01,0.7057,1
19.55,5103.5,2100.2,72.3,86.54,88.74,86.18,88.72,736.04,740.79,738.19,739.81,4.81,65.48,15.7,2.99,52.62,0.717,14.09,4.07,LANE_A,18842.0,-22.7,89.9,CRUISE_LOITER,0.65,8,200.0,-0.17,-0.47,-0.03,0.01,-44.11,-44.36,-43.96,-45.34,0.02,-0.15,3.23,9.34,-0.006,-0.01,0.7008,1
19.6,5103.5,2100.2,72.4,86.47,89.19,86.04,88.47,734.39,739.04,735.95,741.19,4.75,65.79,15.64,2.99,52.82,0.708,14.13,3.93,LANE_A,18842.0,-22.7,89.9,CRUISE_LOITER,0.65,8,200.0,-0.24,-0.02,-0.17,-0.24,-45.76,-46.11,-46.2,-43.96,-0.04,0.16,3.17,9.54,-0.015,0.03,0.7083,1
19.650000000000002,5121.2,2107.5,72.2,86.83,89.44,86.38,88.8,736.16,742.19,737.84,739.26,4.71,65.84,15.54,3.01,52.7,0.72,14.05,4.01,LANE_A,18843.0,-22.7,89.9,CRUISE_LOITER,0.65,8,200.0,0.13,0.24,0.18,0.1,-43.99,-42.96,-44.31,-45.89,-0.08,0.21,3.07,9.43,-0.003,-0.05,0.7031,1
19.700000000000003,5106.0,2101.2,72.5,86.92,89.15,86.37,88.76,736.85,739.75,736.92,739.72,4.82,65.78,15.57,2.98,52.75,0.707,14.09,4.09,LANE_A,18844.0,-22.7,89.9,CRUISE_LOITER,0.65,8,200.0,0.22,-0.05,0.17,0.06,-43.3,-45.4,-45.23,-45.43,0.03,0.16,3.1,9.48,-0.016,-0.01,0.7054,1
19.75,5088.0,2093.8,72.2,86.47,89.05,86.17,88.77,736.41,738.16,736.83,740.24,4.77,65.63,15.63,2.99,52.82,0.734,14.07,4.16,LANE_A,18845.0,-22.7,89.9,CRUISE_LOITER,0.65,8,200.0,-0.23,-0.15,-0.03,0.07,-43.74,-46.99,-45.32,-44.91,-0.02,0.01,3.16,9.55,0.011,-0.03,0.7082,1
19.8,5085.1,2092.6,72.6,86.82,89.57,86.29,88.75,735.01,740.97,737.51,739.44,4.74,65.8,15.63,3.02,52.81,0.712,14.06,4.03,LANE_A,18846.0,-22.7,89.9,CRUISE_LOITER,0.65,8,200.0,0.12,0.37,0.09,0.05,-45.14,-44.18,-44.64,-45.71,-0.05,0.18,3.16,9.54,-0.011,-0.04,0.7075,1
19.85,5099.1,2098.4,72.9,86.39,89.24,86.14,88.82,734.58,738.98,736.98,739.12,4.78,65.81,15.55,3.0,52.74,0.752,14.09,3.86,LANE_A,18847.0,-22.7,89.9,CRUISE_LOITER,0.65,8,200.0,-0.3,0.05,-0.05,0.13,-45.56,-46.16,-45.16,-46.02,-0.01,0.19,3.08,9.47,0.029,-0.01,0.7063,1
19.900000000000002,5099.7,2098.6,72.5,86.66,89.15,85.95,88.44,736.12,742.56,735.72,736.98,4.76,65.63,15.58,2.99,52.96,0.735,14.13,4.18,LANE_A,18848.0,-22.7,89.9,CRUISE_LOITER,0.65,8,200.0,-0.03,-0.04,-0.24,-0.25,-44.02,-42.58,-46.42,-48.16,-0.03,0.02,3.11,9.69,0.012,0.03,0.7124,1
19.950000000000003,5102.8,2099.9,72.6,86.73,88.88,86.28,88.62,735.84,739.93,737.36,739.54,4.82,65.75,15.71,3.01,52.79,0.745,14.12,4.11,LANE_A,18849.0,-22.7,89.9,CRUISE_LOITER,0.65,8,200.0,0.04,-0.31,0.09,-0.07,-44.3,-45.21,-44.78,-45.6,0.03,0.14,3.24,9.52,0.022,0.02,0.7071,1
20.0,5087.2,2093.5,72.7,86.6,89.16,86.19,88.62,736.17,739.29,735.69,739.51,4.75,65.42,15.69,3.0,52.69,0.693,14.05,4.08,LANE_A,18849.0,-22.7,89.9,CRUISE_LOITER,0.65,8,200.0,-0.08,-0.02,0.01,-0.06,-43.97,-45.85,-46.45,-45.63,-0.04,-0.19,3.23,9.42,-0.03,-0.05,0.7048,1
20.05,5115.7,2105.2,72.4,86.95,89.26,86.07,88.47,735.9,739.01,739.3,737.73,4.81,65.67,15.64,3.03,52.63,0.701,14.1,4.16,LANE_A,18850.0,-22.7,90.0,CRUISE_LOITER,0.65,8,200.0,0.27,0.08,-0.11,-0.21,-44.24,-46.13,-42.84,-47.41,0.02,0.06,3.18,9.37,-0.022,0.0,0.7059,1
20.1,5121.1,2107.4,72.6,86.49,88.85,86.41,88.72,734.8,739.84,736.61,739.96,4.76,65.53,15.59,2.97,52.76,0.696,14.08,4.08,LANE_A,18851.0,-22.7,90.0,CRUISE_LOITER,0.65,8,200.0,-0.19,-0.33,0.23,0.04,-45.34,-45.3,-45.53,-45.18,-0.03,-0.07,3.13,9.5,-0.027,-0.02,0.7068,1
20.150000000000002,5120.6,2107.2,72.9,86.78,89.29,85.92,88.7,734.92,739.11,736.29,741.23,4.74,65.72,15.59,3.01,52.69,0.738,14.09,3.89,LANE_A,18852.0,-22.7,90.0,CRUISE_LOITER,0.65,8,200.0,0.1,0.11,-0.26,0.02,-45.22,-46.03,-45.85,-43.91,-0.05,0.12,3.13,9.43,0.015,-0.01,0.7045,1
20.200000000000003,5103.2,2100.1,72.7,86.67,88.89,86.25,88.67,735.92,741.33,735.67,739.36,4.82,65.58,15.52,2.98,52.98,0.751,14.1,3.96,LANE_A,18853.0,-22.7,90.0,CRUISE_LOITER,0.65,8,200.0,0.0,-0.28,0.08,0.0,-44.22,-43.81,-46.47,-45.78,0.03,-0.02,3.06,9.72,0.028,0.0,0.7129,1
20.25,5096.0,2097.1,72.5,86.56,89.14,86.11,88.72,733.38,737.94,736.43,741.38,4.82,65.48,15.86,3.01,52.64,0.741,14.12,4.03,LANE_A,18854.0,-22.7,90.0,CRUISE_LOITER,0.65,8,200.0,-0.11,-0.03,-0.06,0.05,-46.75,-47.19,-45.7,-43.75,0.03,-0.11,3.4,9.38,0.018,0.02,0.7062,1
20.3,5117.1,2105.8,72.3,86.83,89.18,85.75,88.59,734.83,739.25,739.13,741.94,4.8,65.5,15.61,3.0,52.98,0.717,14.12,4.08,LANE_A,18855.0,-22.7,90.0,CRUISE_LOITER,0.65,8,200.0,0.16,0.01,-0.42,-0.08,-45.3,-45.88,-43.0,-43.19,0.01,-0.09,3.15,9.72,-0.006,0.02,0.7121,1
20.35,5096.8,2097.4,72.7,86.82,89.36,86.21,88.56,735.06,738.31,735.85,738.06,4.76,65.48,15.65,2.98,52.82,0.734,14.1,4.06,LANE_A,18856.0,-22.7,90.0,CRUISE_LOITER,0.65,8,200.0,0.15,0.19,0.04,-0.11,-45.07,-46.82,-46.28,-47.07,-0.03,-0.11,3.19,9.56,0.011,0.0,0.7101,1
20.400000000000002,5109.1,2102.5,72.6,86.35,89.16,86.49,88.84,735.6,739.74,736.13,740.08,4.78,65.55,15.66,2.99,52.83,0.725,14.11,3.89,LANE_A,18856.0,-22.7,90.0,CRUISE_LOITER,0.65,8,200.0,-0.31,0.0,0.33,0.18,-44.53,-45.39,-46.0,-45.05,-0.01,-0.04,3.2,9.57,0.002,0.01,0.7089,1
20.450000000000003,5102.5,2099.8,72.7,86.7,89.35,86.27,88.68,735.78,740.45,737.93,739.35,4.81,65.74,15.72,3.02,52.8,0.731,14.14,4.13,LANE_A,18857.0,-22.7,90.0,CRUISE_LOITER,0.65,8,200.0,0.04,0.19,0.11,0.02,-44.35,-44.68,-44.2,-45.78,0.02,0.16,3.26,9.54,0.008,0.04,0.7075,1
20.5,5112.5,2103.9,72.7,86.45,89.01,85.84,88.68,736.25,740.72,737.52,736.89,4.79,65.62,15.56,3.0,52.71,0.742,14.1,4.1,LANE_A,18858.0,-22.7,90.0,CRUISE_LOITER,0.65,8,200.0,-0.21,-0.15,-0.32,0.02,-43.88,-44.41,-44.61,-48.24,0.0,0.04,3.1,9.46,0.019,0.0,0.7108,1
20.55,5128.2,2110.4,72.6,86.79,89.24,86.43,88.7,736.78,740.75,736.87,741.53,4.77,65.72,15.64,2.98,52.71,0.739,14.1,3.93,LANE_A,18859.0,-22.7,90.0,CRUISE_LOITER,0.65,8,200.0,0.14,0.09,0.28,0.05,-43.35,-44.38,-45.26,-43.6,-0.02,0.14,3.18,9.46,0.016,0.0,0.704,1
20.6,5103.4,2100.2,72.4,86.65,89.17,85.97,89.04,733.83,741.27,737.04,739.73,4.78,65.38,15.56,2.98,52.53,0.734,14.11,4.03,LANE_A,18860.0,-22.7,90.0,CRUISE_LOITER,0.65,8,200.0,0.0,0.02,-0.18,0.39,-46.29,-43.85,-45.08,-45.39,-0.01,-0.2,3.1,9.28,0.011,0.01,0.6996,1
20.650000000000002,5097.0,2097.5,72.8,86.6,89.08,85.99,88.78,735.02,739.45,738.29,741.41,4.78,65.54,15.62,2.99,52.59,0.716,14.08,4.14,LANE_A,18861.0,-22.7,90.0,CRUISE_LOITER,0.65,8,200.0,-0.05,-0.07,-0.16,0.13,-45.1,-45.67,-43.83,-43.71,-0.01,-0.03,3.16,9.34,-0.007,-0.02,0.7008,1
20.700000000000003,5083.0,2091.8,72.5,86.66,88.84,86.26,88.64,736.72,738.52,736.63,738.84,4.83,65.37,15.75,3.02,52.64,0.722,14.1,4.05,LANE_A,18862.0,-22.7,90.0,CRUISE_LOITER,0.65,8,200.0,0.01,-0.31,0.11,-0.01,-43.4,-46.6,-45.49,-46.28,0.04,-0.2,3.29,9.39,-0.001,0.0,0.704,1
20.75,5102.4,2099.8,73.0,86.8,89.3,85.91,88.87,736.54,740.9,737.4,738.82,4.8,65.56,15.68,2.96,52.67,0.733,14.11,4.06,LANE_A,18862.0,-22.7,90.0,CRUISE_LOITER,0.65,8,200.0,0.16,0.16,-0.23,0.23,-43.58,-44.22,-44.72,-46.3,0.01,-0.01,3.22,9.42,0.01,0.01,0.7036,1
20.8,5086.4,2093.2,72.7,86.71,89.34,86.02,88.42,736.09,739.47,736.54,742.16,4.81,65.53,15.74,3.0,52.61,0.734,14.11,3.75,LANE_A,18863.0,-22.7,90.0,CRUISE_LOITER,0.65,8,200.0,0.07,0.2,-0.12,-0.22,-44.03,-45.65,-45.58,-42.96,0.02,-0.04,3.28,9.36,0.011,0.01,0.7017,1
20.85,5115.1,2105.0,72.4,86.6,89.14,86.27,88.75,735.3,740.1,735.74,739.24,4.77,65.51,15.69,3.01,52.84,0.717,14.08,4.17,LANE_A,18864.0,-22.7,90.0,CRUISE_LOITER,0.65,8,200.0,-0.04,0.0,0.13,0.11,-44.82,-45.02,-46.38,-45.88,-0.02,-0.05,3.23,9.59,-0.006,-0.02,0.71,1
20.900000000000002,5103.8,2100.3,72.5,86.48,89.41,86.09,88.77,734.19,740.99,737.02,737.69,4.77,65.49,15.62,2.98,52.92,0.729,14.09,4.07,LANE_A,18865.0,-22.7,90.0,CRUISE_LOITER,0.65,8,200.0,-0.16,0.27,-0.05,0.13,-45.93,-44.13,-45.1,-47.43,-0.02,-0.07,3.16,9.68,0.006,-0.01,0.7127,1
20.950000000000003,5090.2,2094.7,72.4,86.41,89.2,86.05,88.34,735.26,740.33,735.64,739.34,4.76,65.69,15.69,2.99,52.71,0.694,14.08,4.08,LANE_A,18866.0,-22.7,90.0,CRUISE_LOITER,0.65,8,200.0,-0.22,0.07,-0.08,-0.29,-44.86,-44.79,-46.48,-45.78,-0.03,0.13,3.23,9.47,-0.029,-0.02,0.7063,1
21.0,5091.2,2095.1,72.3,86.45,88.83,85.96,88.55,734.07,738.02,735.14,741.36,4.83,65.43,15.69,3.01,52.78,0.737,14.12,4.0,LANE_A,18867.0,-22.7,90.0,CRUISE_LOITER,0.65,8,200.0,-0.18,-0.3,-0.17,-0.08,-46.04,-47.09,-46.97,-43.75,0.04,-0.13,3.23,9.54,0.014,0.02,0.7091,1
21.05,5106.6,2101.5,72.8,86.74,89.17,86.09,88.88,736.4,740.71,736.92,738.95,4.81,65.42,15.76,3.01,52.64,0.715,14.09,4.12,LANE_A,18868.0,-22.7,90.0,CRUISE_LOITER,0.65,8,200.0,0.11,0.04,-0.04,0.25,-43.71,-44.4,-45.19,-46.16,0.02,-0.13,3.3,9.4,-0.008,-0.01,0.7034,1
21.1,5117.9,2106.1,72.6,86.54,88.99,86.41,88.57,735.25,741.92,734.91,740.39,4.79,65.75,15.64,3.01,52.72,0.701,14.1,4.21,LANE_A,18869.0,-22.7,90.0,CRUISE_LOITER,0.65,8,200.0,-0.08,-0.13,0.29,-0.05,-44.86,-43.19,-47.2,-44.72,0.0,0.2,3.18,9.48,-0.022,0.0,0.7058,1
21.150000000000002,5115.7,2105.2,72.6,86.37,89.43,86.1,88.73,735.27,740.74,738.51,740.17,4.84,65.55,15.7,2.98,52.45,0.703,14.1,4.01,LANE_A,18869.0,-22.7,90.1,CRUISE_LOITER,0.65,8,200.0,-0.25,0.31,-0.02,0.11,-44.84,-44.37,-43.6,-44.94,0.05,0.0,3.24,9.21,-0.02,0.0,0.6968,1
21.200000000000003,5092.0,2095.5,72.5,86.62,89.43,86.21,88.7,735.65,741.03,735.03,739.53,4.78,65.34,15.6,3.02,52.7,0.713,14.13,4.12,LANE_A,18870.0,-22.7,90.1,CRUISE_LOITER,0.65,8,200.0,0.0,0.31,0.09,0.08,-44.46,-44.08,-47.08,-45.58,-0.01,-0.21,3.14,9.46,-0.01,0.03,0.7055,1
21.25,5117.0,2105.8,72.6,87.08,89.57,86.26,88.56,735.02,739.26,736.62,739.43,4.81,65.56,15.8,3.0,52.77,0.719,14.09,4.09,LANE_A,18871.0,-22.7,90.1,CRUISE_LOITER,0.65,8,200.0,0.46,0.45,0.14,-0.06,-45.09,-45.85,-45.49,-45.68,0.02,0.02,3.34,9.53,-0.004,-0.01,0.7084,1
21.3,5084.9,2092.6,72.5,86.88,89.06,86.18,88.5,734.67,743.15,737.64,738.42,4.77,65.42,15.74,2.98,52.91,0.747,14.12,4.11,LANE_A,18872.0,-22.7,90.1,CRUISE_LOITER,0.65,8,200.0,0.27,-0.05,0.07,-0.11,-45.44,-41.96,-44.47,-46.69,-0.02,-0.12,3.28,9.68,0.024,0.02,0.7116,1
21.35,5079.6,2090.4,72.9,86.45,89.07,86.14,88.8,734.21,742.24,737.23,740.61,4.75,65.68,15.65,3.02,52.76,0.736,14.12,4.13,LANE_A,18873.0,-22.7,90.1,CRUISE_LOITER,0.65,8,200.0,-0.16,-0.04,0.03,0.19,-45.9,-42.87,-44.88,-44.5,-0.04,0.14,3.19,9.53,0.013,0.02,0.7067,1
21.400000000000002,5114.1,2104.6,72.5,86.47,89.0,86.2,88.25,734.88,741.05,736.51,742.16,4.76,65.66,15.7,2.97,52.85,0.71,14.1,4.12,LANE_A,18874.0,-22.7,90.1,CRUISE_LOITER,0.65,8,200.0,-0.14,-0.11,0.09,-0.36,-45.22,-44.05,-45.59,-42.94,-0.03,0.12,3.24,9.62,-0.013,0.0,0.7094,1
21.450000000000003,5122.6,2108.1,72.3,86.3,88.92,85.86,88.71,735.17,739.48,737.52,740.87,4.85,65.57,15.59,3.0,52.69,0.746,14.11,4.07,LANE_A,18875.0,-22.7,90.1,CRUISE_LOITER,0.65,8,200.0,-0.31,-0.19,-0.25,0.1,-44.93,-45.62,-44.58,-44.23,0.06,0.04,3.13,9.46,0.023,0.01,0.7049,1
21.5,5097.9,2097.9,72.6,86.97,89.11,86.16,88.46,733.39,740.29,737.08,741.01,4.76,65.39,15.69,3.02,52.63,0.729,14.12,4.12,LANE_A,18876.0,-22.8,90.1,CRUISE_LOITER,0.65,8,200.0,0.37,0.01,0.06,-0.14,-46.71,-44.81,-45.02,-44.09,-0.03,-0.14,3.23,9.4,0.006,0.02,0.7037,1
21.55,5106.7,2101.5,72.7,86.67,89.01,85.77,88.62,735.71,740.38,737.76,738.49,4.77,65.78,15.68,3.01,52.7,0.716,14.09,4.12,LANE_A,18876.0,-22.8,90.1,CRUISE_LOITER,0.65,8,200.0,0.07,-0.09,-0.33,0.02,-44.39,-44.72,-44.34,-46.61,-0.02,0.25,3.22,9.47,-0.007,-0.01,0.7056,1
21.6,5110.4,2103.0,72.5,86.54,88.9,85.76,88.78,733.09,739.68,737.05,741.59,4.8,65.75,15.65,3.0,52.85,0.747,14.06,4.07,LANE_A,18877.0,-22.8,90.1,CRUISE_LOITER,0.65,8,200.0,-0.06,-0.2,-0.34,0.18,-47.01,-45.42,-45.05,-43.51,0.01,0.22,3.19,9.62,0.024,-0.04,0.7104,1
21.650000000000002,5110.0,2102.9,72.5,86.4,89.14,85.99,88.71,734.26,740.25,738.5,738.3,4.8,65.39,15.73,3.02,52.79,0.721,14.12,4.07,LANE_A,18878.0,-22.8,90.1,CRUISE_LOITER,0.65,8,200.0,-0.19,0.05,-0.1,0.12,-45.84,-44.85,-43.6,-46.8,0.01,-0.13,3.27,9.56,-0.002,0.02,0.7088,1
21.700000000000003,5104.2,2100.5,72.3,86.55,89.17,86.12,88.49,735.32,739.39,737.33,740.32,4.82,65.49,15.75,3.01,52.98,0.732,14.06,3.91,LANE_A,18879.0,-22.8,90.1,CRUISE_LOITER,0.65,8,200.0,-0.04,0.08,0.03,-0.1,-44.78,-45.71,-44.77,-44.78,0.03,-0.03,3.29,9.75,0.009,-0.04,0.7142,1
21.75,5117.3,2105.9,72.7,86.81,89.3,86.17,88.91,734.69,738.76,737.28,738.97,4.78,65.25,15.51,3.01,52.75,0.739,14.08,4.06,LANE_A,18880.0,-22.8,90.1,CRUISE_LOITER,0.65,8,200.0,0.22,0.21,0.08,0.32,-45.4,-46.33,-44.81,-46.12,-0.01,-0.27,3.05,9.53,0.016,-0.02,0.7079,1
21.8,5107.0,2101.6,72.5,86.74,89.34,85.83,88.89,735.45,740.6,738.58,740.82,4.78,65.55,15.66,2.96,52.8,0.681,14.09,3.99,LANE_A,18881.0,-22.8,90.1,CRUISE_LOITER,0.65,8,200.0,0.15,0.25,-0.26,0.3,-44.64,-44.49,-43.51,-44.27,-0.01,0.03,3.2,9.58,-0.042,-0.01,0.7078,1
21.85,5115.4,2105.1,72.7,86.41,89.21,86.32,88.89,735.38,740.84,735.49,739.83,4.76,65.47,15.72,3.02,52.53,0.716,14.08,4.0,LANE_A,18882.0,-22.8,90.1,CRUISE_LOITER,0.65,8,200.0,-0.17,0.13,0.24,0.31,-44.71,-44.25,-46.6,-45.26,-0.03,-0.04,3.26,9.31,-0.007,-0.02,0.7014,1
21.900000000000002,5091.4,2095.2,72.7,86.53,89.01,86.01,88.53,733.47,738.09,738.47,739.05,4.74,65.57,15.66,2.99,52.66,0.73,14.13,3.95,LANE_A,18882.0,-22.8,90.1,CRUISE_LOITER,0.65,8,200.0,-0.05,-0.07,-0.07,-0.05,-46.62,-47.0,-43.62,-46.04,-0.05,0.06,3.2,9.44,0.007,0.03,0.7058,1
21.950000000000003,5104.9,2100.8,72.8,86.59,89.29,85.93,88.78,735.8,738.46,737.91,738.73,4.83,65.55,15.7,3.0,52.84,0.733,14.08,4.06,LANE_A,18883.0,-22.8,90.1,CRUISE_LOITER,0.65,8,200.0,0.01,0.21,-0.15,0.2,-44.29,-46.63,-44.18,-46.36,0.04,0.04,3.24,9.62,0.01,-0.02,0.7107,1
22.0,5130.1,2111.2,72.8,86.74,89.13,86.07,88.29,735.76,739.18,737.72,740.89,4.8,65.5,15.74,2.99,52.81,0.684,14.09,4.13,LANE_A,18884.0,-22.8,90.1,CRUISE_LOITER,0.65,8,200.0,0.16,0.05,-0.01,-0.29,-44.33,-45.91,-44.37,-44.2,0.01,-0.01,3.29,9.59,-0.039,-0.01,0.709,1
22.05,5096.8,2097.4,72.6,86.54,89.11,85.93,88.29,734.25,741.94,737.18,739.8,4.83,65.47,15.68,3.0,52.79,0.725,14.1,4.08,LANE_A,18885.0,-22.8,90.1,CRUISE_LOITER,0.65,8,200.0,-0.03,0.04,-0.14,-0.28,-45.84,-43.15,-44.91,-45.29,0.04,-0.03,3.23,9.57,0.002,0.0,0.7084,1
22.1,5104.7,2100.7,72.3,86.55,88.78,86.06,89.09,735.11,740.96,738.03,738.78,4.77,65.64,15.63,2.97,52.68,0.698,14.13,4.01,LANE_A,18886.0,-22.8,90.1,CRUISE_LOITER,0.65,8,200.0,-0.02,-0.29,-0.01,0.52,-44.98,-44.13,-44.06,-46.31,-0.02,0.14,3.18,9.46,-0.025,0.03,0.705,1
22.150000000000002,5108.5,2102.3,72.8,86.08,89.19,85.92,88.48,736.8,741.26,737.58,741.87,4.77,65.63,15.58,3.01,52.63,0.746,14.1,3.95,LANE_A,18887.0,-22.8,90.1,CRUISE_LOITER,0.65,8,200.0,-0.49,0.12,-0.15,-0.09,-43.28,-43.82,-44.5,-43.21,-0.02,0.13,3.13,9.42,0.023,0.0,0.702,1
22.200000000000003,5106.5,2101.4,72.7,86.38,89.04,86.1,88.78,735.95,740.67,735.58,739.42,4.79,65.39,15.6,2.99,52.83,0.763,14.09,4.25,LANE_A,18888.0,-22.8,90.1,CRUISE_LOITER,0.65,8,200.0,-0.18,-0.02,0.04,0.22,-44.13,-44.41,-46.5,-45.66,0.0,-0.11,3.15,9.62,0.04,-0.01,0.7102,1
22.25,5098.3,2098.1,72.5,86.51,89.02,85.82,88.73,735.3,738.38,737.55,738.75,4.8,65.61,15.7,3.02,52.66,0.751,14.07,4.01,LANE_A,18889.0,-22.8,90.2,CRUISE_LOITER,0.65,8,200.0,-0.05,-0.04,-0.24,0.17,-44.78,-46.7,-44.53,-46.33,0.01,0.12,3.25,9.45,0.028,-0.03,0.7059,1
22.3,5082.3,2091.5,72.5,86.96,89.28,85.84,88.58,735.65,739.45,735.19,737.9,4.8,65.47,15.64,3.0,52.81,0.736,14.1,4.05,LANE_A,18889.0,-22.8,90.2,CRUISE_LOITER,0.65,8,200.0,0.4,0.22,-0.22,0.02,-44.43,-45.63,-46.89,-47.18,0.01,-0.02,3.19,9.6,0.013,0.0,0.7109,1
22.35,5111.8,2103.6,72.8,86.94,88.94,86.19,88.7,734.14,738.25,736.18,739.42,4.79,65.62,15.64,2.98,52.49,0.743,14.07,4.02,LANE_A,18890.0,-22.8,90.2,CRUISE_LOITER,0.65,8,200.0,0.38,-0.12,0.13,0.14,-45.94,-46.83,-45.9,-45.66,0.0,0.13,3.19,9.28,0.02,-0.03,0.7037,1
22.400000000000002,5111.0,2103.3,72.3,86.37,89.17,85.84,88.44,735.63,740.15,736.27,741.42,4.75,65.57,15.79,2.96,52.63,0.713,14.11,4.09,LANE_A,18891.0,-22.8,90.2,CRUISE_LOITER,0.65,8,200.0,-0.18,0.12,-0.21,-0.11,-44.45,-44.93,-45.81,-43.66,-0.04,0.08,3.34,9.42,-0.01,0.01,0.704,1
22.450000000000003,5080.4,2090.7,72.7,86.61,89.15,85.88,88.32,735.32,740.96,735.1,740.06,4.78,65.65,15.6,3.01,52.52,0.709,14.09,4.06,LANE_A,18892.0,-22.8,90.2,CRUISE_LOITER,0.65,8,200.0,0.06,0.1,-0.17,-0.23,-44.76,-44.12,-46.98,-45.02,-0.01,0.17,3.15,9.31,-0.014,-0.01,0.7033,1
22.5,5120.2,2107.1,72.7,86.75,89.19,86.0,88.69,733.86,739.18,737.81,740.81,4.78,65.37,15.65,3.01,52.8,0.715,14.06,3.93,LANE_A,18893.0,-22.8,90.2,CRUISE_LOITER,0.65,8,200.0,0.2,0.14,-0.05,0.14,-46.22,-45.9,-44.27,-44.27,-0.01,-0.11,3.2,9.59,-0.008,-0.04,0.7094,1
22.55,5109.6,2102.7,73.1,86.43,89.23,86.17,88.67,733.93,742.23,736.24,738.21,4.81,65.65,15.77,3.0,52.68,0.716,14.13,3.98,LANE_A,18894.0,-22.8,90.2,CRUISE_LOITER,0.65,8,200.0,-0.12,0.18,0.12,0.12,-46.14,-42.84,-45.83,-46.86,0.02,0.17,3.32,9.48,-0.007,0.03,0.7067,1
22.6,5115.1,2105.0,72.8,86.44,88.83,86.11,88.89,736.7,741.08,737.82,740.44,4.82,65.89,15.48,2.98,52.87,0.734,14.1,3.8,LANE_A,18895.0,-22.8,90.2,CRUISE_LOITER,0.65,8,200.0,-0.1,-0.21,0.07,0.35,-43.37,-43.99,-44.25,-44.63,0.03,0.41,3.03,9.67,0.011,0.0,0.7099,1
22.650000000000002,5114.7,2104.8,72.7,86.14,89.04,85.79,88.58,737.24,740.36,736.65,741.21,4.81,65.51,15.52,3.03,53.09,0.72,14.12,4.17,LANE_A,18896.0,-22.8,90.2,CRUISE_LOITER,0.65,8,200.0,-0.4,0.0,-0.25,0.04,-42.83,-44.71,-45.42,-43.86,0.02,0.04,3.07,9.89,-0.003,0.02,0.7168,1
22.700000000000003,5112.7,2104.0,72.6,86.43,88.88,86.02,88.5,735.98,739.48,738.31,740.01,4.8,65.65,15.79,2.99,52.85,0.688,14.11,4.13,LANE_A,18896.0,-22.8,90.2,CRUISE_LOITER,0.65,8,200.0,-0.11,-0.16,-0.02,-0.04,-44.09,-45.59,-43.76,-45.06,0.01,0.18,3.34,9.65,-0.035,0.01,0.7108,1
22.75,5111.2,2103.4,72.8,86.68,88.94,86.18,88.6,735.34,739.96,736.99,739.85,4.78,65.51,15.51,3.03,52.77,0.698,14.08,4.05,LANE_A,18897.0,-22.8,90.2,CRUISE_LOITER,0.65,8,200.0,0.14,-0.1,0.14,0.06,-44.73,-45.11,-45.08,-45.22,-0.01,0.04,3.06,9.57,-0.025,-0.02,0.7083,1
22.8,5088.6,2094.1,72.2,86.73,88.86,85.85,88.73,735.45,739.75,738.87,738.82,4.79,65.36,15.74,3.0,52.69,0.695,14.11,3.99,LANE_A,18898.0,-22.8,90.2,CRUISE_LOITER,0.65,8,200.0,0.2,-0.17,-0.18,0.2,-44.62,-45.32,-43.2,-46.25,0.0,-0.11,3.29,9.49,-0.028,0.01,0.7062,1
22.85,5119.8,2106.9,73.0,86.52,88.97,86.02,88.22,734.92,738.5,736.12,739.4,4.75,65.24,15.75,2.97,52.84,0.726,14.09,4.05,LANE_A,18899.0,-22.8,90.2,CRUISE_LOITER,0.65,8,200.0,-0.01,-0.06,-0.01,-0.31,-45.15,-46.57,-45.95,-45.67,-0.04,-0.22,3.3,9.64,0.003,-0.01,0.7121,1
22.900000000000002,5106.6,2101.5,72.5,86.64,89.38,86.13,88.75,735.33,738.99,735.98,740.82,4.82,65.63,15.61,3.03,52.37,0.707,14.13,3.97,LANE_A,18900.0,-22.8,90.2,CRUISE_LOITER,0.65,8,200.0,0.11,0.35,0.1,0.22,-44.73,-46.07,-46.08,-44.24,0.03,0.17,3.16,9.17,-0.016,0.03,0.6979,1
22.950000000000003,5115.4,2105.1,72.6,86.2,88.83,86.12,88.34,736.09,740.08,737.87,740.5,4.78,65.46,15.62,2.96,52.76,0.722,14.13,3.88,LANE_A,18901.0,-22.8,90.2,CRUISE_LOITER,0.65,8,200.0,-0.32,-0.19,0.1,-0.18,-43.97,-44.98,-44.19,-44.56,-0.01,0.0,3.17,9.56,-0.001,0.03,0.7074,1
23.0,5123.2,2108.3,72.4,86.83,89.16,86.17,88.5,735.21,738.59,738.19,740.17,4.73,65.43,15.67,3.0,52.54,0.738,14.1,4.04,LANE_A,18902.0,-22.8,90.2,CRUISE_LOITER,0.65,8,200.0,0.31,0.14,0.15,-0.02,-44.85,-46.47,-43.87,-44.89,-0.06,-0.03,3.22,9.35,0.015,0.0,0.702,1
23.05,5106.0,2101.2,72.5,86.51,88.96,85.93,88.74,734.63,738.34,739.35,739.51,4.8,65.46,15.52,3.01,52.68,0.7,14.12,4.16,LANE_A,18902.0,-22.8,90.2,CRUISE_LOITER,0.65,8,200.0,-0.01,-0.06,-0.09,0.22,-45.43,-46.72,-42.71,-45.55,0.01,0.01,3.07,9.49,-0.023,0.02,0.706,1
23.1,5102.7,2099.9,72.8,86.86,89.03,86.11,88.84,735.37,739.45,734.35,740.02,4.75,65.2,15.6,2.99,52.87,0.717,14.12,4.11,LANE_A,18903.0,-22.8,90.2,CRUISE_LOITER,0.65,8,200.0,0.34,0.01,0.09,0.32,-44.69,-45.61,-47.71,-45.04,-0.04,-0.25,3.15,9.68,-0.006,0.02,0.7128,1
23.150000000000002,5093.8,2096.2,72.0,86.45,88.96,86.2,88.71,737.95,741.73,735.61,741.77,4.82,65.47,15.67,3.0,52.68,0.738,14.12,3.93,LANE_A,18904.0,-22.8,90.2,CRUISE_LOITER,0.65,8,200.0,-0.06,-0.05,0.19,0.2,-42.11,-43.33,-46.45,-43.29,0.03,0.02,3.22,9.49,0.015,0.02,0.7046,1
23.200000000000003,5072.7,2087.5,72.8,86.83,89.01,85.84,88.72,735.07,739.02,737.26,740.08,4.76,65.03,15.59,3.04,52.81,0.745,14.1,4.03,LANE_A,18905.0,-22.8,90.2,CRUISE_LOITER,0.65,8,200.0,0.32,0.0,-0.17,0.21,-44.99,-46.04,-44.8,-44.98,-0.03,-0.42,3.14,9.62,0.022,0.0,0.7102,1
23.25,5119.2,2106.7,72.7,86.44,88.93,85.86,88.59,735.71,740.37,736.67,740.06,4.8,65.52,15.76,2.98,53.02,0.73,14.1,3.93,LANE_A,18906.0,-22.8,90.2,CRUISE_LOITER,0.65,8,200.0,-0.07,-0.08,-0.15,0.08,-44.35,-44.69,-45.39,-45.0,0.01,0.08,3.31,9.83,0.007,0.0,0.7164,1
23.3,5119.2,2106.7,72.5,86.32,88.93,85.91,88.66,734.92,739.06,736.24,740.32,4.8,65.57,15.7,3.02,52.64,0.737,14.07,4.09,LANE_A,18907.0,-22.8,90.2,CRUISE_LOITER,0.65,8,200.0,-0.19,-0.08,-0.1,0.15,-45.13,-45.99,-45.81,-44.73,0.01,0.13,3.25,9.45,0.014,-0.03,0.7056,1
23.35,5109.8,2102.8,72.6,86.14,89.11,86.1,89.03,733.07,738.9,739.51,742.82,4.78,65.48,15.79,2.99,52.72,0.716,14.07,3.76,LANE_A,18908.0,-22.8,90.3,CRUISE_LOITER,0.65,8,200.0,-0.36,0.11,0.1,0.53,-46.98,-46.15,-42.54,-42.23,-0.01,0.04,3.34,9.53,-0.007,-0.03,0.7071,1
23.400000000000002,5093.6,2096.1,73.0,86.42,89.13,86.08,88.58,735.05,738.71,736.52,739.89,4.77,65.21,15.71,2.99,52.63,0.7,14.11,4.22,LANE_A,18909.0,-22.8,90.3,CRUISE_LOITER,0.65,8,200.0,-0.08,0.13,0.08,0.08,-45.0,-46.34,-45.53,-45.16,-0.02,-0.23,3.26,9.45,-0.023,0.01,0.7058,1
23.450000000000003,5138.3,2114.5,72.9,86.36,88.68,85.9,88.26,733.99,742.04,735.72,740.31,4.79,65.51,15.6,3.02,52.66,0.706,14.1,4.17,LANE_A,18909.0,-22.8,90.3,CRUISE_LOITER,0.65,8,200.0,-0.14,-0.32,-0.1,-0.24,-46.06,-43.01,-46.33,-44.74,0.0,0.08,3.15,9.48,-0.017,0.0,0.7058,1
23.5,5114.4,2104.7,72.5,86.43,88.88,86.25,88.33,734.66,739.43,736.41,740.91,4.78,65.39,15.74,3.02,52.66,0.729,14.09,3.84,LANE_A,18910.0,-22.8,90.3,CRUISE_LOITER,0.65,8,200.0,-0.06,-0.11,0.26,-0.16,-45.39,-45.62,-45.64,-44.14,-0.01,-0.04,3.29,9.48,0.006,-0.01,0.7063,1
23.55,5129.7,2111.0,72.7,86.99,89.02,86.11,88.35,734.33,739.54,735.15,740.83,4.82,65.1,15.62,3.02,52.68,0.724,14.12,4.08,LANE_A,18911.0,-22.8,90.3,CRUISE_LOITER,0.65,8,200.0,0.5,0.03,0.12,-0.14,-45.72,-45.51,-46.9,-44.22,0.03,-0.33,3.17,9.5,0.001,0.02,0.7072,1
23.6,5094.6,2096.5,72.9,86.34,88.87,85.91,88.51,735.91,738.94,738.59,738.13,4.75,65.35,15.63,2.99,52.8,0.709,14.06,4.13,LANE_A,18912.0,-22.8,90.3,CRUISE_LOITER,0.65,8,200.0,-0.15,-0.12,-0.08,0.02,-44.14,-46.11,-43.46,-46.92,-0.04,-0.08,3.18,9.62,-0.014,-0.04,0.7103,1
23.650000000000002,5089.3,2094.4,72.9,86.55,89.19,86.05,88.46,736.41,739.64,736.29,739.17,4.85,65.73,15.63,2.97,52.93,0.725,14.12,4.12,LANE_A,18913.0,-22.8,90.3,CRUISE_LOITER,0.65,8,200.0,0.06,0.2,0.06,-0.03,-43.63,-45.4,-45.75,-45.87,0.06,0.31,3.18,9.75,0.002,0.02,0.7142,1
23.700000000000003,5089.8,2094.6,72.5,86.55,88.74,85.88,88.72,735.54,737.67,737.41,739.97,4.77,65.62,15.51,3.02,52.92,0.69,14.11,4.09,LANE_A,18914.0,-22.8,90.3,CRUISE_LOITER,0.65,8,200.0,0.07,-0.24,-0.1,0.24,-44.5,-47.37,-44.63,-45.07,-0.02,0.2,3.06,9.74,-0.033,0.01,0.7139,1
23.75,5118.9,2106.5,72.9,86.13,88.77,86.23,88.56,734.88,739.1,737.43,739.04,4.74,65.45,15.71,3.01,52.92,0.723,14.07,4.12,LANE_A,18915.0,-22.8,90.3,CRUISE_LOITER,0.65,8,200.0,-0.35,-0.21,0.25,0.08,-45.16,-45.94,-44.61,-46.0,-0.05,0.03,3.26,9.74,0.0,-0.03,0.7144,1
23.8,5124.6,2108.9,72.5,86.57,88.94,86.11,88.79,734.07,738.9,736.48,742.2,4.8,65.59,15.56,3.01,52.75,0.72,14.09,4.09,LANE_A,18916.0,-22.8,90.3,CRUISE_LOITER,0.65,8,200.0,0.09,-0.04,0.13,0.31,-45.97,-46.14,-45.56,-42.84,0.01,0.17,3.11,9.58,-0.003,-0.01,0.7088,1
23.85,5102.6,2099.8,72.5,86.6,88.88,86.27,88.37,734.47,738.44,735.35,741.24,4.86,65.56,15.74,3.0,52.58,0.724,14.1,4.14,LANE_A,18916.0,-22.8,90.3,CRUISE_LOITER,0.65,8,200.0,0.12,-0.1,0.29,-0.11,-45.57,-46.6,-46.69,-43.8,0.07,0.15,3.29,9.41,0.001,0.0,0.7049,1
23.900000000000002,5114.0,2104.5,72.9,86.73,89.0,85.96,88.44,735.79,737.89,736.58,740.99,4.78,65.12,15.72,2.97,52.66,0.715,14.1,3.96,LANE_A,18917.0,-22.8,90.3,CRUISE_LOITER,0.65,8,200.0,0.26,0.03,-0.01,-0.03,-44.25,-47.15,-45.46,-44.05,-0.01,-0.29,3.27,9.49,-0.008,0.0,0.7066,1
23.950000000000003,5102.9,2100.0,72.9,86.55,88.7,85.8,88.43,735.08,740.88,738.15,738.47,4.79,65.48,15.61,3.01,52.67,0.728,14.11,3.84,LANE_A,18918.0,-22.8,90.3,CRUISE_LOITER,0.65,8,200.0,0.08,-0.27,-0.17,-0.04,-44.96,-44.16,-43.89,-46.57,0.0,0.07,3.16,9.5,0.005,0.01,0.7062,1
24.0,5104.8,2100.7,72.8,86.63,89.21,85.86,88.5,736.88,740.49,735.89,739.59,4.75,65.59,15.74,3.01,52.53,0.748,14.1,3.87,LANE_A,18919.0,-22.8,90.3,CRUISE_LOITER,0.65,8,200.0,0.16,0.24,-0.11,0.03,-43.16,-44.55,-46.15,-45.45,-0.04,0.18,3.3,9.36,0.025,0.0,0.7022,1
24.05,5107.7,2101.9,73.2,86.49,88.81,86.18,88.13,735.21,742.46,737.14,740.95,4.83,65.32,15.74,3.05,52.56,0.702,14.12,4.03,LANE_A,18920.0,-22.8,90.3,CRUISE_LOITER,0.65,8,200.0,0.02,-0.16,0.21,-0.34,-44.82,-42.57,-44.89,-44.08,0.04,-0.08,3.3,9.39,-0.021,0.02,0.7021,1
24.1,5107.7,2101.9,72.8,86.71,89.23,85.91,88.81,735.29,740.18,738.23,742.15,4.84,65.21,15.67,2.99,52.73,0.689,14.1,3.94,LANE_A,18921.0,-22.8,90.3,CRUISE_LOITER,0.65,8,200.0,0.25,0.27,-0.05,0.35,-44.74,-44.85,-43.8,-42.88,0.05,-0.19,3.23,9.56,-0.034,0.0,0.7071,1
24.150000000000002,5098.0,2097.9,72.6,86.45,88.92,86.08,88.57,736.54,740.41,738.72,740.15,4.8,65.06,15.54,3.01,52.96,0.728,14.12,4.11,LANE_A,18922.0,-22.8,90.3,CRUISE_LOITER,0.65,8,200.0,-0.01,-0.04,0.12,0.11,-43.49,-44.62,-43.31,-44.88,0.01,-0.34,3.1,9.79,0.005,0.02,0.7137,1
24.200000000000003,5125.8,2109.4,72.6,86.63,89.07,85.87,88.37,735.94,741.43,736.64,739.97,4.78,65.49,15.7,2.99,52.47,0.721,14.13,4.09,LANE_A,18922.0,-22.8,90.3,CRUISE_LOITER,0.65,8,200.0,0.17,0.11,-0.09,-0.09,-44.09,-43.6,-45.39,-45.06,-0.01,0.09,3.26,9.31,-0.002,0.03,0.7001,1
24.25,5113.6,2104.4,73.1,86.43,88.91,85.77,88.48,734.18,739.13,736.71,740.16,4.78,65.36,15.68,2.97,52.55,0.72,14.09,4.01,LANE_A,18923.0,-22.8,90.3,CRUISE_LOITER,0.65,8,200.0,-0.02,-0.04,-0.18,0.03,-45.85,-45.9,-45.32,-44.87,-0.01,-0.03,3.24,9.39,-0.003,-0.01,0.7038,1
24.3,5107.7,2101.9,72.7,86.27,88.99,86.04,88.4,736.73,739.33,737.0,741.3,4.85,65.42,15.66,3.03,52.52,0.708,14.16,4.02,LANE_A,18924.0,-22.8,90.3,CRUISE_LOITER,0.65,8,200.0,-0.18,0.04,0.09,-0.05,-43.3,-45.7,-45.03,-43.73,0.06,0.03,3.22,9.36,-0.015,0.06,0.7015,1
24.35,5109.0,2102.5,72.8,86.72,88.67,85.76,88.15,737.37,740.15,736.9,738.12,4.77,65.19,15.62,2.99,52.79,0.727,14.11,3.82,LANE_A,18925.0,-22.9,90.3,CRUISE_LOITER,0.65,8,200.0,0.27,-0.28,-0.19,-0.3,-42.66,-44.88,-45.13,-46.91,-0.02,-0.2,3.18,9.63,0.004,0.01,0.7102,1
24.400000000000002,5118.8,2106.5,73.2,86.35,88.97,86.14,88.39,731.98,739.44,738.3,741.75,4.83,65.38,15.83,3.0,52.67,0.697,14.07,4.08,LANE_A,18926.0,-22.9,90.3,CRUISE_LOITER,0.65,8,200.0,-0.1,0.02,0.19,-0.06,-48.05,-45.59,-43.73,-43.28,0.04,-0.01,3.39,9.51,-0.026,-0.03,0.7104,1
24.450000000000003,5117.1,2105.8,72.7,86.4,88.73,86.07,88.61,734.43,740.86,737.37,740.61,4.79,65.48,15.69,3.0,52.56,0.708,14.1,3.99,LANE_A,18927.0,-22.9,90.3,CRUISE_LOITER,0.65,8,200.0,-0.04,-0.21,0.13,0.17,-45.59,-44.16,-44.65,-44.41,0.0,0.1,3.25,9.4,-0.015,0.0,0.7031,1
24.5,5111.7,2103.6,73.1,86.17,89.03,85.92,88.47,736.77,739.0,738.89,742.09,4.8,65.74,15.75,2.99,52.66,0.74,14.14,4.12,LANE_A,18928.0,-22.9,90.4,CRUISE_LOITER,0.65,8,200.0,-0.27,0.09,-0.02,0.03,-43.25,-46.02,-43.13,-42.93,0.01,0.36,3.31,9.5,0.017,0.04,0.7051,1
24.55,5111.8,2103.6,72.7,86.2,89.14,86.19,88.64,733.63,741.32,738.06,737.83,4.78,65.3,15.68,2.96,52.51,0.728,14.1,4.02,LANE_A,18929.0,-22.9,90.4,CRUISE_LOITER,0.65,8,200.0,-0.24,0.2,0.25,0.2,-46.39,-43.7,-43.96,-47.19,-0.01,-0.08,3.24,9.35,0.005,0.0,0.705,1
24.6,5118.4,2106.3,72.8,86.43,88.84,85.84,89.04,733.53,739.12,737.54,741.11,4.73,65.26,15.72,3.02,52.66,0.727,14.08,4.07,LANE_A,18929.0,-22.9,90.4,CRUISE_LOITER,0.65,8,200.0,-0.01,-0.1,-0.1,0.6,-46.49,-45.9,-44.48,-43.91,-0.06,-0.12,3.28,9.5,0.004,-0.02,0.707,1
24.650000000000002,5110.8,2103.2,72.3,86.68,88.97,86.27,88.19,735.0,739.51,737.18,740.52,4.8,65.44,15.64,2.99,52.77,0.716,14.1,4.01,LANE_A,18930.0,-22.9,90.4,CRUISE_LOITER,0.65,8,200.0,0.25,0.04,0.34,-0.24,-45.02,-45.51,-44.84,-44.5,0.0,0.07,3.2,9.62,-0.007,0.0,0.71,1
24.700000000000003,5110.9,2103.3,72.6,86.84,88.87,86.01,88.4,733.36,741.06,737.59,740.95,4.79,65.5,15.59,3.02,52.5,0.7,14.08,3.98,LANE_A,18931.0,-22.9,90.4,CRUISE_LOITER,0.65,8,200.0,0.41,-0.06,0.08,-0.03,-46.66,-43.96,-44.43,-44.07,-0.01,0.13,3.15,9.35,-0.023,-0.02,0.7014,1
24.75,5121.2,2107.5,72.7,86.36,89.06,85.79,88.64,735.6,739.74,737.06,740.9,4.76,65.3,15.7,3.03,52.69,0.713,14.1,4.24,LANE_A,18932.0,-22.9,90.4,CRUISE_LOITER,0.65,8,200.0,-0.07,0.13,-0.14,0.21,-44.42,-45.28,-44.96,-44.12,-0.04,-0.07,3.26,9.54,-0.01,0.0,0.7074,1
24.8,5113.0,2104.1,72.9,86.26,88.97,86.22,88.5,734.47,740.88,738.01,739.89,4.8,65.07,15.63,3.0,52.66,0.757,14.12,3.87,LANE_A,18933.0,-22.9,90.4,CRUISE_LOITER,0.65,8,200.0,-0.16,0.05,0.3,0.08,-45.54,-44.13,-44.0,-45.12,0.0,-0.3,3.19,9.51,0.034,0.02,0.7063,1
24.85,5108.3,2102.2,72.7,86.39,88.74,85.76,88.16,735.79,742.09,735.83,739.23,4.75,65.28,15.76,2.98,52.57,0.73,14.08,4.14,LANE_A,18934.0,-22.9,90.4,CRUISE_LOITER,0.65,8,200.0,-0.03,-0.18,-0.16,-0.26,-44.22,-42.92,-46.18,-45.78,-0.05,-0.08,3.32,9.42,0.007,-0.02,0.704,1
24.900000000000002,5099.2,2098.4,72.8,86.46,89.03,85.84,88.27,735.69,737.94,738.31,740.16,4.78,65.4,15.68,2.99,52.7,0.708,14.09,4.13,LANE_A,18935.0,-22.9,90.4,CRUISE_LOITER,0.65,8,200.0,0.04,0.11,-0.08,-0.15,-44.32,-47.07,-43.7,-44.85,-0.02,0.04,3.24,9.55,-0.015,-0.01,0.7081,1
24.950000000000003,5101.1,2099.2,72.7,86.53,88.89,85.85,88.43,732.03,740.2,737.58,739.75,4.8,65.5,15.72,2.98,52.8,0.737,14.14,4.09,LANE_A,18935.0,-22.9,90.4,CRUISE_LOITER,0.65,8,200.0,0.11,-0.03,-0.07,0.01,-47.98,-44.81,-44.43,-45.26,0.0,0.14,3.28,9.65,0.014,0.04,0.712,1
25.0,5088.1,2093.9,72.3,86.35,88.81,85.82,88.71,734.32,739.8,736.83,739.68,4.8,65.33,15.54,3.0,52.61,0.729,14.11,4.0,LANE_A,18936.0,-22.9,90.4,CRUISE_LOITER,0.65,8,200.0,-0.06,-0.1,-0.09,0.3,-45.69,-45.21,-45.18,-45.33,0.0,-0.03,3.1,9.46,0.006,0.01,0.7055,1
25.05,5105.8,2101.2,72.4,86.51,88.96,85.84,88.63,736.31,740.38,737.92,740.38,4.76,65.32,15.71,3.02,52.74,0.728,14.11,4.04,LANE_A,18937.0,-22.9,90.4,CRUISE_LOITER,0.65,8,200.0,0.1,0.05,-0.07,0.22,-43.7,-44.63,-44.09,-44.63,-0.04,-0.03,3.27,9.6,0.005,0.01,0.7086,1
25.1,5114.6,2104.8,72.9,86.35,88.82,85.7,88.57,738.12,738.84,736.47,741.76,4.85,65.44,15.57,3.01,52.62,0.703,14.12,4.08,LANE_A,18938.0,-22.9,90.4,CRUISE_LOITER,0.65,8,200.0,-0.06,-0.09,-0.21,0.16,-41.89,-46.17,-45.54,-43.25,0.05,0.09,3.13,9.48,-0.02,0.02,0.7046,1
25.150000000000002,5101.9,2099.5,72.9,86.5,88.71,85.82,88.54,734.85,739.08,737.62,739.33,4.79,65.06,15.69,2.96,52.53,0.722,14.12,4.06,LANE_A,18939.0,-22.9,90.4,CRUISE_LOITER,0.65,8,200.0,0.09,-0.2,-0.09,0.13,-45.16,-45.93,-44.39,-45.68,-0.01,-0.29,3.25,9.39,-0.001,0.02,0.7036,1
25.200000000000003,5109.3,2102.6,72.7,86.24,88.94,86.03,88.63,735.23,741.11,736.6,740.37,4.77,65.31,15.87,3.05,52.43,0.719,14.1,4.01,LANE_A,18940.0,-22.9,90.4,CRUISE_LOITER,0.65,8,200.0,-0.16,0.04,0.13,0.23,-44.77,-43.89,-45.4,-44.63,-0.03,-0.04,3.43,9.29,-0.004,0.0,0.7001,1
25.25,5097.5,2097.7,72.6,86.33,88.64,85.79,88.24,734.6,740.14,738.08,739.65,4.78,64.99,15.66,3.01,52.66,0.733,14.13,4.06,LANE_A,18941.0,-22.9,90.4,CRUISE_LOITER,0.65,8,200.0,-0.07,-0.26,-0.11,-0.16,-45.4,-44.86,-43.92,-45.35,-0.02,-0.35,3.22,9.52,0.01,0.03,0.7069,1
25.3,5098.6,2098.2,73.0,86.26,88.94,85.79,88.45,737.42,740.67,737.52,738.55,4.85,65.18,15.79,2.98,52.7,0.72,14.09,4.09,LANE_A,18942.0,-22.9,90.4,CRUISE_LOITER,0.65,8,200.0,-0.14,0.04,-0.11,0.05,-42.58,-44.33,-44.48,-46.45,0.05,-0.16,3.35,9.56,-0.003,-0.01,0.7079,1
25.35,5100.0,2098.8,72.4,86.25,89.07,85.77,88.44,733.7,740.28,736.87,741.87,4.81,65.21,15.67,3.01,52.6,0.73,14.11,4.04,LANE_A,18942.0,-22.9,90.4,CRUISE_LOITER,0.65,8,200.0,-0.15,0.17,-0.13,0.04,-46.3,-44.72,-45.13,-43.13,0.01,-0.13,3.23,9.46,0.007,0.01,0.7051,1
25.400000000000002,5102.6,2099.8,72.9,86.61,88.82,85.97,88.16,733.38,740.29,739.24,739.43,4.84,65.3,15.55,3.0,52.59,0.718,14.11,4.0,LANE_A,18943.0,-22.9,90.4,CRUISE_LOITER,0.65,8,200.0,0.22,-0.07,0.08,-0.23,-46.62,-44.71,-42.76,-45.57,0.04,-0.04,3.11,9.45,-0.005,0.01,0.7046,1
25.450000000000003,5135.1,2113.2,73.1,86.37,88.55,85.77,88.64,735.34,740.62,738.0,742.49,4.81,65.35,15.63,3.0,52.7,0.752,14.12,3.89,LANE_A,18944.0,-22.9,90.4,CRUISE_LOITER,0.65,8,200.0,-0.02,-0.34,-0.12,0.25,-44.66,-44.38,-44.0,-42.51,0.01,0.02,3.19,9.57,0.029,0.02,0.707,1
25.5,5115.2,2105.0,72.7,86.1,88.52,85.81,88.53,736.59,740.26,740.88,738.52,4.8,65.37,15.67,3.03,52.91,0.715,14.1,4.03,LANE_A,18945.0,-22.9,90.4,CRUISE_LOITER,0.65,8,200.0,-0.29,-0.37,-0.08,0.14,-43.41,-44.74,-41.12,-46.48,0.0,0.04,3.23,9.78,-0.008,0.0,0.7136,1
25.55,5094.8,2096.6,73.0,86.1,88.83,86.08,88.55,733.8,739.77,738.22,741.27,4.84,65.37,15.56,3.0,52.71,0.726,14.11,4.04,LANE_A,18946.0,-22.9,90.4,CRUISE_LOITER,0.65,8,200.0,-0.28,-0.05,0.2,0.17,-46.2,-45.23,-43.78,-43.73,0.04,0.04,3.12,9.58,0.003,0.01,0.7083,1
25.6,5102.7,2099.9,72.5,86.38,88.95,86.19,88.7,734.5,740.38,735.82,738.35,4.8,65.24,15.66,2.98,52.65,0.721,14.12,4.07,LANE_A,18947.0,-22.9,90.4,CRUISE_LOITER,0.65,8,200.0,0.0,0.07,0.31,0.32,-45.49,-44.61,-46.17,-46.64,0.0,-0.09,3.22,9.52,-0.002,0.02,0.7081,1
25.650000000000002,5110.7,2103.2,73.0,86.28,88.8,86.15,88.62,733.67,739.89,736.3,741.27,4.77,65.43,15.57,3.0,52.61,0.727,14.08,4.14,LANE_A,18948.0,-22.9,90.5,CRUISE_LOITER,0.65,8,200.0,-0.1,-0.08,0.27,0.24,-46.32,-45.1,-45.69,-43.72,-0.03,0.11,3.13,9.48,0.004,-0.02,0.706,1
25.700000000000003,5105.7,2101.1,72.8,86.17,88.83,86.16,88.17,734.46,740.02,735.63,741.53,4.77,65.06,15.75,3.01,52.66,0.742,14.15,4.09,LANE_A,18949.0,-22.9,90.5,CRUISE_LOITER,0.65,8,200.0,-0.21,-0.05,0.28,-0.21,-45.53,-44.97,-46.36,-43.46,-0.03,-0.26,3.31,9.53,0.019,0.05,0.7078,1
25.75,5125.5,2109.3,73.0,86.27,89.04,86.09,88.57,735.27,739.48,737.32,737.75,4.77,65.16,15.57,2.99,52.49,0.721,14.11,3.91,LANE_A,18949.0,-22.9,90.5,CRUISE_LOITER,0.65,8,200.0,-0.1,0.17,0.22,0.2,-44.72,-45.51,-44.67,-47.24,-0.03,-0.16,3.13,9.36,-0.002,0.01,0.7053,1
25.8,5102.3,2099.7,72.8,86.39,88.76,86.16,88.37,732.7,739.66,737.23,740.46,4.82,65.59,15.57,3.04,52.77,0.734,14.12,4.05,LANE_A,18950.0,-22.9,90.5,CRUISE_LOITER,0.65,8,200.0,0.02,-0.11,0.29,0.0,-47.29,-45.33,-44.76,-44.53,0.02,0.27,3.13,9.64,0.011,0.02,0.7112,1
25.85,5097.1,2097.6,72.7,86.44,88.87,86.0,88.43,735.17,741.42,738.01,737.65,4.77,65.36,15.59,2.96,52.55,0.714,14.12,4.19,LANE_A,18951.0,-22.9,90.5,CRUISE_LOITER,0.65,8,200.0,0.07,0.0,0.13,0.06,-44.82,-43.57,-43.98,-47.34,-0.03,0.05,3.15,9.42,-0.009,0.02,0.7052,1
25.900000000000002,5117.8,2106.1,73.1,86.01,88.86,85.68,88.28,733.01,740.87,739.55,742.3,4.85,65.22,15.63,3.03,52.69,0.747,14.12,3.98,LANE_A,18952.0,-22.9,90.5,CRUISE_LOITER,0.65,8,200.0,-0.36,-0.01,-0.19,-0.09,-46.98,-44.12,-42.44,-42.69,0.05,-0.09,3.19,9.57,0.023,0.02,0.7073,1
25.950000000000003,5091.7,2095.3,73.0,86.42,88.79,85.91,88.51,734.92,740.61,735.34,740.44,4.78,65.3,15.52,3.04,52.79,0.738,14.11,3.86,LANE_A,18953.0,-22.9,90.5,CRUISE_LOITER,0.65,8,200.0,0.06,-0.07,0.05,0.15,-45.06,-44.37,-46.64,-44.54,-0.02,-0.01,3.08,9.67,0.014,0.01,0.7115,1
26.0,5113.4,2104.3,72.7,86.19,88.95,85.55,88.26,736.66,740.58,735.92,740.61,4.81,65.19,15.75,3.0,52.46,0.73,14.09,4.17,LANE_A,18954.0,-22.9,90.5,CRUISE_LOITER,0.65,8,200.0,-0.17,0.09,-0.31,-0.1,-43.32,-44.4,-46.06,-44.37,0.01,-0.12,3.31,9.34,0.006,-0.01,0.7012,1
26.05,5093.1,2095.9,72.5,86.4,88.98,86.15,88.12,734.57,739.03,736.48,738.54,4.85,65.1,15.65,2.97,52.57,0.712,14.11,4.01,LANE_A,18955.0,-22.9,90.5,CRUISE_LOITER,0.65,8,200.0,0.04,0.12,0.29,-0.24,-45.41,-45.95,-45.5,-46.44,0.05,-0.2,3.22,9.45,-0.012,0.01,0.7061,1
26.1,5095.7,2097.0,73.1,86.55,88.76,85.83,88.4,734.99,742.8,737.38,740.07,4.77,65.13,15.66,3.01,52.51,0.72,14.08,3.83,LANE_A,18955.0,-22.9,90.5,CRUISE_LOITER,0.65,8,200.0,0.19,-0.1,-0.03,0.04,-44.99,-42.18,-44.6,-44.91,-0.03,-0.17,3.23,9.39,-0.004,-0.02,0.702,1
26.150000000000002,5102.9,2100.0,72.8,86.22,88.77,85.96,88.21,733.83,739.55,737.84,738.97,4.82,65.4,15.62,2.99,52.57,0.736,14.11,4.03,LANE_A,18956.0,-22.9,90.5,CRUISE_LOITER,0.65,8,200.0,-0.13,-0.08,0.11,-0.14,-46.15,-45.43,-44.14,-46.01,0.02,0.1,3.19,9.45,0.012,0.01,0.7055,1
26.200000000000003,5105.1,2100.9,72.9,86.37,88.89,85.81,88.4,732.25,740.14,736.69,740.11,4.78,65.36,15.67,2.99,52.77,0.72,14.1,4.0,LANE_A,18957.0,-22.9,90.5,CRUISE_LOITER,0.65,8,200.0,0.02,0.04,-0.04,0.05,-47.73,-44.84,-45.29,-44.87,-0.02,0.06,3.24,9.65,-0.004,0.0,0.712,1
26.25,5124.6,2108.9,73.0,86.36,88.86,85.75,88.55,736.42,738.35,737.92,740.81,4.79,65.04,15.68,3.03,52.55,0.714,14.11,3.94,LANE_A,18958.0,-22.9,90.5,CRUISE_LOITER,0.65,8,200.0,0.01,0.01,-0.1,0.2,-43.56,-46.63,-44.06,-44.17,-0.01,-0.25,3.25,9.43,-0.01,0.01,0.7039,1
26.3,5106.1,2101.3,72.7,86.46,88.94,85.96,88.69,732.18,741.92,739.26,740.96,4.81,65.21,15.65,2.98,52.76,0.718,14.04,4.04,LANE_A,18959.0,-22.9,90.5,CRUISE_LOITER,0.65,8,200.0,0.11,0.09,0.11,0.34,-47.8,-43.06,-42.72,-44.02,0.01,-0.08,3.22,9.65,-0.006,-0.06,0.7103,1
26.35,5115.8,2105.3,72.8,86.43,88.7,85.98,88.35,734.67,738.46,736.68,740.97,4.77,65.21,15.72,3.02,52.73,0.723,14.12,4.01,LANE_A,18960.0,-22.9,90.5,CRUISE_LOITER,0.65,8,200.0,0.09,-0.14,0.14,0.01,-45.3,-46.51,-45.29,-44.0,-0.03,-0.08,3.29,9.62,-0.001,0.02,0.7107,1
26.400000000000002,5108.7,2102.3,73.0,86.37,88.68,85.83,88.23,733.03,740.91,738.49,740.19,4.78,65.37,15.58,3.0,52.48,0.714,14.12,4.04,LANE_A,18961.0,-22.9,90.5,CRUISE_LOITER,0.65,8,200.0,0.03,-0.16,-0.01,-0.11,-46.94,-44.06,-43.48,-44.78,-0.02,0.08,3.15,9.37,-0.01,0.02,0.7026,1
26.450000000000003,5101.0,2099.2,73.0,86.39,88.9,85.81,88.32,736.21,737.56,737.5,742.57,4.8,65.21,15.61,3.01,52.64,0.751,14.11,4.03,LANE_A,18962.0,-22.9,90.5,CRUISE_LOITER,0.65,8,200.0,0.05,0.06,-0.03,-0.02,-43.76,-47.41,-44.47,-42.4,0.0,-0.08,3.18,9.53,0.027,0.01,0.7067,1
26.5,5126.3,2109.6,72.6,86.44,89.09,85.75,88.37,735.32,739.12,735.55,741.5,4.78,65.05,15.65,3.03,52.52,0.729,14.11,4.2,LANE_A,18962.0,-22.9,90.5,CRUISE_LOITER,0.65,8,200.0,0.11,0.26,-0.08,0.04,-44.65,-45.85,-46.42,-43.47,-0.02,-0.23,3.22,9.41,0.005,0.01,0.7039,1
26.55,5121.1,2107.4,72.8,86.46,88.84,85.99,88.49,736.88,738.8,737.4,739.19,4.81,65.4,15.7,3.0,52.48,0.728,14.06,4.03,LANE_A,18963.0,-22.9,90.5,CRUISE_LOITER,0.65,8,200.0,0.13,0.01,0.16,0.16,-43.09,-46.17,-44.57,-45.78,0.01,0.12,3.27,9.37,0.004,-0.04,0.7025,1
26.6,5129.5,2110.9,72.7,86.27,88.87,85.97,88.49,734.85,739.4,738.36,740.33,4.78,65.33,15.68,3.03,52.43,0.69,14.1,4.14,LANE_A,18964.0,-22.9,90.5,CRUISE_LOITER,0.65,8,200.0,-0.06,0.04,0.14,0.16,-45.12,-45.57,-43.61,-44.64,-0.02,0.05,3.25,9.32,-0.034,0.0,0.7007,1
26.650000000000002,5119.8,2106.9,72.9,86.3,88.82,85.86,88.2,735.12,742.55,736.32,738.81,4.81,65.32,15.62,3.01,52.46,0.727,14.09,4.03,LANE_A,18965.0,-22.9,90.5,CRUISE_LOITER,0.65,8,200.0,-0.03,-0.01,0.03,-0.13,-44.85,-42.42,-45.65,-46.16,0.01,0.04,3.19,9.35,0.003,-0.01,0.7015,1
26.700000000000003,5079.0,2090.1,72.8,86.59,88.75,85.82,88.56,732.11,742.62,737.15,738.98,4.8,65.3,15.65,2.97,52.49,0.733,14.13,4.14,LANE_A,18966.0,-22.9,90.5,CRUISE_LOITER,0.65,8,200.0,0.27,-0.07,0.0,0.24,-47.86,-42.35,-44.82,-45.99,0.0,0.03,3.22,9.39,0.009,0.03,0.7088,1
26.75,5107.2,2101.7,72.8,86.03,88.93,85.77,88.43,735.26,740.96,736.63,740.02,4.82,65.25,15.58,2.98,52.7,0.743,14.14,3.96,LANE_A,18967.0,-22.9,90.5,CRUISE_LOITER,0.65,8,200.0,-0.29,0.11,-0.05,0.11,-44.7,-44.0,-45.33,-44.94,0.02,-0.02,3.15,9.6,0.019,0.04,0.709,1
26.8,5118.9,2106.5,73.0,86.14,88.83,86.15,88.31,735.56,739.68,738.9,739.63,4.78,65.5,15.7,3.03,52.68,0.729,14.08,4.14,LANE_A,18968.0,-22.9,90.6,CRUISE_LOITER,0.65,8,200.0,-0.18,0.01,0.33,-0.01,-44.4,-45.28,-43.06,-45.33,-0.02,0.23,3.27,9.58,0.005,-0.02,0.7084,1
26.85,5091.7,2095.3,72.7,86.36,88.96,85.92,88.17,736.01,738.41,736.53,739.31,4.79,65.29,15.67,2.99,52.59,0.726,14.09,3.95,LANE_A,18968.0,-22.9,90.6,CRUISE_LOITER,0.65,8,200.0,0.04,0.14,0.1,-0.15,-43.95,-46.55,-45.43,-45.65,-0.01,0.02,3.24,9.49,0.002,-0.01,0.7068,1
26.900000000000002,5109.9,2102.8,72.5,86.37,88.49,85.41,88.44,736.68,740.2,737.66,742.14,4.82,65.2,15.63,3.02,52.67,0.735,14.07,3.96,LANE_A,18969.0,-22.9,90.6,CRUISE_LOITER,0.65,8,200.0,0.06,-0.32,-0.4,0.13,-43.28,-44.76,-44.3,-42.82,0.02,-0.06,3.2,9.57,0.011,-0.03,0.7069,1
26.950000000000003,5099.9,2098.7,72.8,86.5,88.83,85.57,88.27,735.05,739.86,736.89,741.2,4.77,65.33,15.5,2.98,52.45,0.731,14.08,4.05,LANE_A,18970.0,-22.9,90.6,CRUISE_LOITER,0.65,8,200.0,0.19,0.02,-0.24,-0.04,-44.91,-45.1,-45.07,-43.76,-0.03,0.07,3.07,9.35,0.007,-0.02,0.7011,1
27.0,5095.1,2096.7,72.8,86.42,88.55,85.64,88.39,734.21,741.76,738.84,740.51,4.81,65.36,15.56,2.99,52.68,0.735,14.11,3.92,LANE_A,18971.0,-22.9,90.6,CRUISE_LOITER,0.65,8,200.0,0.11,-0.26,-0.17,0.08,-45.75,-43.2,-43.12,-44.45,0.01,0.1,3.13,9.58,0.011,0.01,0.7075,1
27.05,5108.4,2102.2,72.6,86.26,88.83,85.87,88.52,734.13,737.29,735.4,741.02,4.74,65.35,15.61,3.0,52.53,0.696,14.09,3.91,LANE_A,18972.0,-22.9,90.6,CRUISE_LOITER,0.65,8,200.0,-0.05,0.02,0.06,0.21,-45.83,-47.67,-46.56,-43.94,-0.06,0.09,3.18,9.43,-0.028,-0.01,0.7087,1
27.1,5099.0,2098.4,72.8,86.03,89.07,85.6,88.27,734.34,740.27,736.87,741.53,4.87,65.11,15.61,2.99,52.83,0.716,14.13,4.05,LANE_A,18973.0,-22.9,90.6,CRUISE_LOITER,0.65,8,200.0,-0.27,0.27,-0.2,-0.03,-45.61,-44.68,-45.08,-43.42,0.07,-0.14,3.18,9.73,-0.008,0.03,0.713,1
27.150000000000002,5102.8,2099.9,72.6,86.37,88.9,85.99,88.33,735.98,738.63,736.56,740.09,4.75,65.29,15.67,2.99,52.57,0.737,14.1,4.0,LANE_A,18974.0,-22.9,90.6,CRUISE_LOITER,0.65,8,200.0,0.07,0.1,0.19,0.03,-43.97,-46.32,-45.39,-44.86,-0.05,0.04,3.24,9.48,0.013,0.0,0.7061,1
27.200000000000003,5122.2,2107.9,72.7,86.06,88.86,85.74,88.41,733.54,737.59,736.02,740.41,4.76,65.11,15.7,3.0,52.69,0.715,14.11,4.1,LANE_A,18975.0,-22.9,90.6,CRUISE_LOITER,0.65,8,200.0,-0.24,0.06,-0.06,0.11,-46.41,-47.36,-45.93,-44.54,-0.04,-0.14,3.27,9.6,-0.009,0.01,0.7111,1
27.25,5109.5,2102.7,72.7,86.25,88.45,85.95,88.24,732.84,740.89,738.34,739.0,4.8,65.05,15.66,3.02,52.75,0.721,14.09,4.15,LANE_A,18975.0,-23.0,90.6,CRUISE_LOITER,0.65,8,200.0,-0.04,-0.34,0.16,-0.05,-47.11,-44.06,-43.61,-45.95,0.0,-0.2,3.23,9.66,-0.003,-0.01,0.7116,1
27.3,5124.5,2108.8,73.1,86.27,88.97,85.69,88.18,735.69,740.48,737.75,738.47,4.76,65.49,15.7,3.02,52.53,0.709,14.11,4.2,LANE_A,18976.0,-23.0,90.6,CRUISE_LOITER,0.65,8,200.0,-0.02,0.18,-0.1,-0.11,-44.26,-44.47,-44.2,-46.48,-0.04,0.25,3.27,9.44,-0.015,0.01,0.7046,1
27.35,5095.5,2096.9,72.8,86.5,88.87,85.67,88.05,734.17,739.84,734.72,739.37,4.81,65.37,15.73,2.98,52.43,0.705,14.1,4.15,LANE_A,18977.0,-23.0,90.6,CRUISE_LOITER,0.65,8,200.0,0.21,0.08,-0.12,-0.24,-45.78,-45.11,-47.23,-45.58,0.01,0.13,3.3,9.34,-0.019,0.0,0.7061,1
27.400000000000002,5116.7,2105.6,72.9,86.28,88.95,85.83,88.29,735.7,739.73,736.57,738.54,4.82,65.1,15.57,3.0,52.73,0.727,14.1,4.01,LANE_A,18978.0,-23.0,90.6,CRUISE_LOITER,0.65,8,200.0,-0.01,0.16,0.04,0.0,-44.25,-45.22,-45.38,-46.41,0.02,-0.14,3.14,9.64,0.003,0.0,0.711,1
27.450000000000003,5118.1,2106.2,72.8,86.29,88.95,85.73,88.3,735.37,740.65,738.39,740.2,4.82,65.23,15.69,3.0,52.8,0.724,14.06,4.08,LANE_A,18979.0,-23.0,90.6,CRUISE_LOITER,0.65,8,200.0,0.01,0.17,-0.05,0.02,-44.58,-44.3,-43.56,-44.75,0.02,-0.01,3.26,9.71,0.0,-0.04,0.712,1
27.5,5098.5,2098.1,73.0,86.61,88.66,85.93,88.4,735.45,739.41,737.45,741.0,4.79,65.36,15.65,2.99,52.59,0.725,14.07,4.16,LANE_A,18980.0,-23.0,90.6,CRUISE_LOITER,0.65,8,200.0,0.33,-0.12,0.15,0.12,-44.49,-45.53,-44.49,-43.94,-0.01,0.13,3.22,9.5,0.001,-0.03,0.706,1
27.55,5108.3,2102.2,72.9,86.01,88.78,86.04,88.43,731.68,738.27,736.44,738.68,4.81,65.46,15.75,3.0,52.53,0.73,14.07,4.16,LANE_A,18981.0,-23.0,90.6,CRUISE_LOITER,0.65,8,200.0,-0.27,0.0,0.26,0.15,-48.26,-46.67,-45.5,-46.26,0.01,0.23,3.32,9.45,0.006,-0.03,0.7133,1
27.6,5096.9,2097.5,72.8,86.11,88.59,85.69,88.18,735.29,738.66,737.08,739.48,4.82,64.99,15.58,2.98,52.7,0.731,14.13,3.98,LANE_A,18981.0,-23.0,90.6,CRUISE_LOITER,0.65,8,200.0,-0.17,-0.19,-0.09,-0.1,-44.65,-46.28,-44.86,-45.46,0.02,-0.24,3.15,9.62,0.007,0.03,0.7104,1
27.650000000000002,5115.2,2105.0,72.9,86.68,88.77,86.04,88.19,734.47,741.07,737.06,739.04,4.81,65.54,15.65,3.02,52.58,0.7,14.11,4.05,LANE_A,18982.0,-23.0,90.6,CRUISE_LOITER,0.65,8,200.0,0.41,0.0,0.27,-0.08,-45.47,-43.87,-44.88,-45.9,0.01,0.31,3.22,9.5,-0.024,0.01,0.7065,1
27.700000000000003,5095.6,2097.0,72.9,86.34,88.5,85.85,88.16,733.88,742.48,735.15,739.95,4.77,65.57,15.68,3.03,52.55,0.744,14.08,4.04,LANE_A,18983.0,-23.0,90.6,CRUISE_LOITER,0.65,8,200.0,0.07,-0.27,0.08,-0.11,-46.06,-42.46,-46.79,-44.99,-0.03,0.35,3.25,9.47,0.02,-0.02,0.7058,1
27.75,5116.0,2105.3,73.0,85.9,88.69,85.67,88.47,734.59,740.24,736.02,738.31,4.78,64.95,15.68,2.97,52.62,0.729,14.1,4.04,LANE_A,18984.0,-23.0,90.6,CRUISE_LOITER,0.65,8,200.0,-0.37,-0.08,-0.1,0.2,-45.35,-44.7,-45.92,-46.63,-0.02,-0.27,3.25,9.54,0.005,0.0,0.7087,1
27.8,5141.5,2115.8,73.3,86.05,88.65,85.78,88.31,732.39,739.04,737.65,741.02,4.81,65.3,15.65,2.98,52.41,0.745,14.07,3.93,LANE_A,18985.0,-23.0,90.6,CRUISE_LOITER,0.65,8,200.0,-0.22,-0.12,0.01,0.04,-47.55,-45.9,-44.29,-43.92,0.01,0.08,3.22,9.33,0.021,-0.03,0.7071,1
27.85,5109.4,2102.6,72.8,86.41,89.02,86.12,88.4,737.57,739.06,736.82,740.03,4.82,64.95,15.57,3.0,52.52,0.713,14.08,3.92,LANE_A,18986.0,-23.0,90.6,CRUISE_LOITER,0.65,8,200.0,0.15,0.26,0.36,0.14,-42.37,-45.88,-45.12,-44.91,0.02,-0.27,3.14,9.44,-0.011,-0.02,0.7039,1
27.900000000000002,5101.1,2099.2,72.9,86.34,88.75,85.68,88.06,736.29,739.88,737.16,738.29,4.83,65.5,15.68,2.97,52.47,0.727,14.11,4.11,LANE_A,18987.0,-23.0,90.6,CRUISE_LOITER,0.65,8,200.0,0.08,-0.01,-0.08,-0.2,-43.64,-45.05,-44.77,-46.64,0.03,0.29,3.25,9.39,0.003,0.01,0.7032,1
27.950000000000003,5122.6,2108.1,72.6,86.37,89.02,85.68,88.07,734.93,740.39,737.52,739.33,4.76,65.15,15.49,2.98,52.54,0.732,14.1,4.04,LANE_A,18988.0,-23.0,90.7,CRUISE_LOITER,0.65,8,200.0,0.11,0.26,-0.08,-0.19,-45.0,-44.54,-44.41,-45.6,-0.04,-0.06,3.06,9.47,0.008,0.0,0.705,1
28.0,5110.5,2103.1,72.6,86.12,89.03,85.89,88.26,735.94,738.64,738.13,739.39,4.81,65.38,15.65,2.97,52.57,0.717,14.09,3.93,LANE_A,18988.0,-23.0,90.7,CRUISE_LOITER,0.65,8,200.0,-0.14,0.27,0.13,0.0,-43.99,-46.29,-43.8,-45.54,0.01,0.17,3.22,9.5,-0.007,-0.01,0.7064,1
28.05,5111.9,2103.7,72.7,86.24,88.8,85.48,88.39,733.98,740.59,738.17,739.26,4.79,65.31,15.74,3.0,52.84,0.702,14.09,4.21,LANE_A,18989.0,-23.0,90.7,CRUISE_LOITER,0.65,8,200.0,-0.01,0.05,-0.27,0.14,-45.95,-44.34,-43.76,-45.67,-0.01,0.1,3.32,9.77,-0.022,-0.01,0.7148,1
28.1,5118.1,2106.2,73.0,86.65,88.49,85.76,88.03,734.24,739.36,736.86,740.7,4.81,65.07,15.59,2.97,52.45,0.695,14.11,4.06,LANE_A,18990.0,-23.0,90.7,CRUISE_LOITER,0.65,8,200.0,0.4,-0.26,0.01,-0.22,-45.69,-45.57,-45.07,-44.23,0.01,-0.13,3.17,9.38,-0.029,0.01,0.7029,1
28.150000000000002,5123.4,2108.4,73.2,86.18,88.93,85.93,88.22,735.46,740.27,737.47,740.15,4.79,65.01,15.59,3.0,52.84,0.743,14.1,3.93,LANE_A,18991.0,-23.0,90.7,CRUISE_LOITER,0.65,8,200.0,-0.07,0.18,0.18,-0.03,-44.47,-44.66,-44.46,-44.78,-0.01,-0.19,3.17,9.77,0.019,0.0,0.7139,1
28.200000000000003,5108.3,2102.2,72.7,86.45,88.93,85.72,88.27,736.3,739.29,737.08,740.13,4.8,65.45,15.67,3.0,52.71,0.714,14.12,4.23,LANE_A,18992.0,-23.0,90.7,CRUISE_LOITER,0.65,8,200.0,0.21,0.19,-0.02,0.03,-43.63,-45.64,-44.85,-44.8,0.0,0.25,3.25,9.64,-0.01,0.02,0.7104,1
28.25,5123.0,2108.2,72.8,86.23,89.11,85.41,87.91,734.64,739.92,735.85,740.31,4.84,65.26,15.51,3.02,52.6,0.728,14.15,4.05,LANE_A,18993.0,-23.0,90.7,CRUISE_LOITER,0.65,8,200.0,-0.01,0.37,-0.33,-0.33,-45.28,-45.0,-46.07,-44.61,0.04,0.06,3.09,9.53,0.004,0.05,0.7075,1
28.3,5125.5,2109.3,72.4,86.42,88.73,85.81,88.13,734.39,739.28,737.1,739.75,4.83,65.17,15.63,2.99,52.61,0.73,14.09,4.06,LANE_A,18994.0,-23.0,90.7,CRUISE_LOITER,0.65,8,200.0,0.18,-0.01,0.07,-0.11,-45.53,-45.64,-44.82,-45.17,0.03,-0.02,3.21,9.54,0.006,-0.01,0.7081,1
28.35,5111.0,2103.3,72.8,86.2,88.94,85.55,88.24,733.3,738.49,737.32,737.33,4.8,65.26,15.54,2.98,52.35,0.743,14.09,4.08,LANE_A,18994.0,-23.0,90.7,CRUISE_LOITER,0.65,8,200.0,-0.04,0.2,-0.19,0.0,-46.62,-46.43,-44.6,-47.59,0.0,0.07,3.12,9.28,0.019,-0.01,0.7082,1
28.400000000000002,5105.0,2100.8,73.1,86.04,88.64,85.97,88.39,735.1,739.07,739.18,742.31,4.86,65.12,15.71,2.98,52.45,0.712,14.1,3.89,LANE_A,18995.0,-23.0,90.7,CRUISE_LOITER,0.65,8,200.0,-0.19,-0.09,0.24,0.16,-44.82,-45.85,-42.74,-42.61,0.06,-0.07,3.29,9.39,-0.012,0.0,0.702,1
28.450000000000003,5113.9,2104.5,72.9,86.55,89.16,85.69,88.08,736.22,741.64,737.71,738.56,4.83,65.38,15.56,2.95,52.57,0.718,14.12,3.98,LANE_A,18996.0,-23.0,90.7,CRUISE_LOITER,0.65,8,200.0,0.32,0.43,-0.04,-0.15,-43.7,-43.28,-44.21,-46.36,0.03,0.19,3.14,9.51,-0.006,0.02,0.7058,1
28.5,5110.4,2103.0,72.9,86.26,88.83,85.67,88.11,734.63,738.14,735.67,739.25,4.8,64.9,15.55,3.02,52.63,0.719,14.11,3.8,LANE_A,18997.0,-23.0,90.7,CRUISE_LOITER,0.65,8,200.0,0.03,0.1,-0.06,-0.12,-45.29,-46.78,-46.25,-45.67,0.0,-0.28,3.13,9.57,-0.005,0.01,0.7098,1
28.55,5119.8,2106.9,72.8,86.24,88.87,85.5,88.4,734.1,740.09,736.98,738.92,4.83,65.14,15.7,3.02,52.38,0.727,14.09,3.9,LANE_A,18998.0,-23.0,90.7,CRUISE_LOITER,0.65,8,200.0,0.01,0.14,-0.23,0.17,-45.82,-44.83,-44.94,-46.0,0.03,-0.04,3.28,9.32,0.003,-0.01,0.7017,1
28.6,5116.6,2105.6,73.1,86.44,88.67,85.86,88.34,734.13,739.38,737.55,741.22,4.79,65.26,15.56,3.03,52.45,0.715,14.12,4.1,LANE_A,18999.0,-23.0,90.7,CRUISE_LOITER,0.65,8,200.0,0.22,-0.05,0.14,0.12,-45.79,-45.54,-44.37,-43.7,-0.01,0.08,3.14,9.39,-0.009,0.02,0.7027,1
28.650000000000002,5093.8,2096.2,72.9,86.0,88.76,85.74,88.14,734.68,739.25,738.73,738.57,4.8,65.18,15.63,2.95,52.45,0.749,14.1,4.14,LANE_A,19000.0,-23.0,90.7,CRUISE_LOITER,0.65,8,200.0,-0.22,0.04,0.02,-0.08,-45.23,-45.66,-43.18,-46.34,0.0,0.0,3.21,9.39,0.025,0.0,0.7033,1
28.700000000000003,5114.6,2104.8,73.0,86.32,88.91,85.96,88.27,734.25,739.53,738.91,739.14,4.78,64.97,15.64,2.99,52.61,0.726,14.1,3.95,LANE_A,19001.0,-23.0,90.7,CRUISE_LOITER,0.65,8,200.0,0.1,0.19,0.24,0.05,-45.66,-45.38,-43.0,-45.77,-0.02,-0.2,3.22,9.55,0.002,0.0,0.708,1
28.75,5113.7,2104.4,72.9,86.09,88.57,85.54,88.05,736.3,740.0,738.55,739.94,4.79,64.71,15.65,3.01,52.57,0.718,14.1,3.98,LANE_A,19001.0,-23.0,90.7,CRUISE_LOITER,0.65,8,200.0,-0.13,-0.15,-0.18,-0.17,-43.61,-44.91,-43.36,-44.97,-0.01,-0.46,3.23,9.51,-0.006,0.0,0.7057,1
28.8,5101.3,2099.3,73.0,86.2,88.9,85.82,88.11,734.61,739.4,741.45,739.8,4.76,65.09,15.56,3.02,52.45,0.736,14.11,4.15,LANE_A,19002.0,-23.0,90.7,CRUISE_LOITER,0.65,8,200.0,-0.01,0.19,0.11,-0.1,-45.3,-45.51,-40.46,-45.11,-0.04,-0.08,3.14,9.4,0.012,0.01,0.702,1
28.85,5109.7,2102.8,72.8,86.1,88.71,85.39,88.13,736.56,740.86,736.73,738.72,4.73,65.3,15.55,3.01,52.33,0.706,14.13,4.02,LANE_A,19003.0,-23.0,90.7,CRUISE_LOITER,0.65,8,200.0,-0.11,0.0,-0.32,-0.08,-43.35,-44.05,-45.18,-46.19,-0.07,0.13,3.13,9.28,-0.018,0.03,0.6991,1
28.900000000000002,5128.2,2110.4,72.6,86.1,89.05,85.83,88.33,735.69,739.49,738.33,739.73,4.79,65.31,15.66,3.03,52.67,0.727,14.1,3.95,LANE_A,19004.0,-23.0,90.7,CRUISE_LOITER,0.65,8,200.0,-0.11,0.34,0.12,0.12,-44.22,-45.42,-43.58,-45.18,-0.01,0.15,3.24,9.62,0.003,0.0,0.7096,1
28.950000000000003,5107.9,2102.0,72.6,86.34,88.8,85.69,88.2,736.94,739.43,737.08,739.57,4.79,65.1,15.58,3.01,52.51,0.721,14.09,4.13,LANE_A,19005.0,-23.0,90.7,CRUISE_LOITER,0.65,8,200.0,0.13,0.09,-0.02,-0.01,-42.97,-45.48,-44.83,-45.34,-0.01,-0.06,3.16,9.46,-0.003,-0.01,0.7046,1
29.0,5116.2,2105.4,73.0,86.29,88.58,85.88,88.09,734.01,740.62,736.91,740.34,4.8,65.19,15.55,3.01,52.5,0.721,14.13,4.05,LANE_A,19006.0,-23.0,90.7,CRUISE_LOITER,0.65,8,200.0,0.09,-0.12,0.18,-0.11,-45.9,-44.29,-45.0,-44.57,0.0,0.03,3.13,9.45,-0.003,0.03,0.7047,1
29.05,5088.3,2094.0,72.9,86.3,88.66,85.89,88.46,732.12,740.47,734.84,738.27,4.8,65.28,15.46,2.96,52.67,0.736,14.07,3.93,LANE_A,19007.0,-23.0,90.7,CRUISE_LOITER,0.65,8,200.0,0.1,-0.04,0.19,0.26,-47.78,-44.43,-47.06,-46.63,0.0,0.12,3.04,9.62,0.012,-0.03,0.7117,1
29.1,5109.5,2102.7,72.9,86.21,88.74,85.47,88.0,735.11,739.36,735.27,738.72,4.85,65.32,15.62,3.03,52.53,0.711,14.08,3.89,LANE_A,19007.0,-23.0,90.7,CRUISE_LOITER,0.65,8,200.0,0.01,0.04,-0.23,-0.2,-44.79,-45.54,-46.63,-46.18,0.05,0.17,3.2,9.48,-0.013,-0.02,0.707,1
29.150000000000002,5114.2,2104.6,72.6,86.14,88.59,85.93,88.23,734.14,739.44,737.0,739.31,4.81,65.05,15.56,3.01,52.58,0.69,14.09,3.86,LANE_A,19008.0,-23.0,90.8,CRUISE_LOITER,0.65,8,200.0,-0.05,-0.1,0.24,0.04,-45.76,-45.46,-44.9,-45.59,0.01,-0.1,3.14,9.53,-0.034,-0.01,0.7078,1
29.200000000000003,5116.8,2105.7,72.8,86.22,88.54,85.79,88.18,736.13,740.23,734.53,738.9,4.72,65.17,15.46,2.98,52.53,0.754,14.08,4.02,LANE_A,19009.0,-23.0,90.8,CRUISE_LOITER,0.65,8,200.0,0.03,-0.15,0.1,-0.01,-43.77,-44.67,-47.37,-46.0,-0.08,0.02,3.04,9.49,0.03,-0.02,0.7065,1
29.25,5089.6,2094.5,72.9,86.13,88.7,85.8,88.53,733.31,741.75,736.51,738.38,4.79,65.06,15.53,2.97,52.54,0.748,14.12,4.21,LANE_A,19010.0,-23.0,90.8,CRUISE_LOITER,0.65,8,200.0,-0.06,0.01,0.11,0.34,-46.59,-43.15,-45.39,-46.52,-0.01,-0.09,3.11,9.5,0.024,0.02,0.7068,1
29.3,5108.3,2102.2,72.8,86.46,88.45,85.68,88.51,734.55,742.55,736.66,740.2,4.76,65.36,15.59,3.0,52.4,0.722,14.09,4.17,LANE_A,19011.0,-23.0,90.8,CRUISE_LOITER,0.65,8,200.0,0.27,-0.24,-0.01,0.32,-45.35,-42.35,-45.24,-44.7,-0.04,0.21,3.17,9.36,-0.002,-0.01,0.7013,1
29.35,5137.7,2114.3,72.5,86.32,88.47,85.69,88.38,737.33,740.68,736.99,739.62,4.81,65.05,15.56,3.01,52.57,0.769,14.14,4.13,LANE_A,19012.0,-23.0,90.8,CRUISE_LOITER,0.65,8,200.0,0.14,-0.21,0.01,0.2,-42.57,-44.22,-44.91,-45.28,0.01,-0.09,3.14,9.53,0.045,0.04,0.7062,1
29.400000000000002,5106.2,2101.3,73.2,86.0,88.83,85.61,88.04,734.58,739.39,736.11,742.16,4.82,65.1,15.58,3.02,52.44,0.702,14.09,3.93,LANE_A,19013.0,-23.0,90.8,CRUISE_LOITER,0.65,8,200.0,-0.18,0.15,-0.07,-0.14,-45.31,-45.5,-45.78,-42.73,0.02,-0.04,3.16,9.4,-0.022,-0.01,0.7031,1
29.450000000000003,5106.0,2101.2,72.6,86.1,88.78,85.46,88.19,736.76,739.08,737.96,741.0,4.79,65.03,15.53,2.99,52.54,0.74,14.11,3.93,LANE_A,19014.0,-23.0,90.8,CRUISE_LOITER,0.65,8,200.0,-0.08,0.1,-0.22,0.01,-43.13,-45.81,-43.93,-43.89,-0.01,-0.11,3.11,9.5,0.016,0.01,0.7051,1
29.5,5118.7,2106.5,72.4,86.34,88.64,85.7,87.93,735.42,739.63,738.69,740.2,4.78,65.24,15.63,3.0,52.73,0.738,14.09,4.17,LANE_A,19014.0,-23.0,90.8,CRUISE_LOITER,0.65,8,200.0,0.16,-0.04,0.02,-0.25,-44.47,-45.26,-43.2,-44.69,-0.02,0.1,3.21,9.69,0.014,-0.01,0.7114,1
29.55,5100.6,2099.0,72.7,86.39,88.72,85.55,88.38,733.38,739.91,738.52,738.11,4.81,65.4,15.62,3.0,52.66,0.722,14.07,4.01,LANE_A,19015.0,-23.0,90.8,CRUISE_LOITER,0.65,8,200.0,0.22,0.05,-0.12,0.21,-46.51,-44.98,-43.37,-46.78,0.01,0.27,3.2,9.62,-0.002,-0.03,0.7107,1
29.6,5087.1,2093.5,72.7,86.29,89.04,85.42,88.16,737.38,738.96,736.6,739.61,4.83,65.13,15.66,2.99,52.71,0.73,14.07,4.18,LANE_A,19016.0,-23.0,90.8,CRUISE_LOITER,0.65,8,200.0,0.12,0.37,-0.25,-0.01,-42.51,-45.93,-45.29,-45.28,0.03,0.0,3.24,9.67,0.006,-0.03,0.7114,1
29.650000000000002,5112.8,2104.0,72.6,86.05,88.75,85.79,88.38,735.34,738.5,735.88,742.45,4.79,65.05,15.64,3.0,52.65,0.739,14.09,3.95,LANE_A,19017.0,-23.0,90.8,CRUISE_LOITER,0.65,8,200.0,-0.12,0.08,0.12,0.21,-44.55,-46.39,-46.01,-42.44,-0.01,-0.08,3.22,9.62,0.015,-0.01,0.7099,1
29.700000000000003,5091.6,2095.3,72.9,86.04,88.66,85.56,88.05,733.39,739.96,735.59,737.03,4.79,65.1,15.78,3.02,52.58,0.736,14.09,3.97,LANE_A,19018.0,-23.0,90.8,CRUISE_LOITER,0.65,8,200.0,-0.13,-0.01,-0.11,-0.12,-46.5,-44.93,-46.3,-47.86,-0.01,-0.03,3.36,9.55,0.012,-0.01,0.7109,1
29.75,5115.0,2104.9,72.7,86.25,88.73,85.54,88.03,735.68,741.05,735.95,740.28,4.83,65.31,15.76,3.04,52.66,0.774,14.08,4.15,LANE_A,19019.0,-23.0,90.8,CRUISE_LOITER,0.65,8,200.0,0.09,0.07,-0.12,-0.13,-44.21,-43.84,-45.94,-44.61,0.03,0.19,3.34,9.63,0.05,-0.02,0.7103,1
29.8,5125.4,2109.2,73.3,86.27,88.77,85.5,88.34,734.48,740.98,735.29,739.5,4.87,64.89,15.73,3.01,52.34,0.739,14.1,3.97,LANE_A,19020.0,-23.0,90.8,CRUISE_LOITER,0.65,8,200.0,0.11,0.11,-0.16,0.18,-45.4,-43.9,-46.59,-45.38,0.07,-0.23,3.31,9.31,0.015,0.0,0.7016,1
29.85,5099.7,2098.6,72.9,86.38,89.08,85.6,88.23,734.68,741.29,735.05,739.94,4.85,64.99,15.67,3.0,52.67,0.751,14.07,4.08,LANE_A,19020.0,-23.0,90.8,CRUISE_LOITER,0.65,8,200.0,0.22,0.42,-0.06,0.07,-45.2,-43.59,-46.83,-44.94,0.05,-0.13,3.25,9.64,0.027,-0.03,0.711,1
29.900000000000002,5105.4,2101.0,73.0,86.09,88.93,85.66,88.21,735.7,739.71,735.22,741.17,4.77,65.29,15.53,2.99,52.51,0.706,14.07,4.12,LANE_A,19021.0,-23.0,90.8,CRUISE_LOITER,0.65,8,200.0,-0.07,0.27,0.0,0.05,-44.18,-45.17,-46.66,-43.71,-0.03,0.17,3.11,9.48,-0.018,-0.03,0.7055,1
29.950000000000003,5113.8,2104.4,73.0,86.07,88.95,85.81,88.22,735.16,740.7,737.03,739.74,4.8,65.33,15.48,2.97,52.54,0.744,14.12,3.98,LANE_A,19022.0,-23.0,90.8,CRUISE_LOITER,0.65,8,200.0,-0.08,0.3,0.16,0.07,-44.72,-44.18,-44.85,-45.14,0.0,0.22,3.06,9.51,0.02,0.02,0.706,1
30.0,5102.3,2099.7,72.8,86.3,88.31,85.72,88.05,735.51,739.1,736.43,739.16,4.81,64.92,15.56,3.03,52.58,0.695,14.12,4.24,LANE_A,19023.0,-23.0,90.8,CRUISE_LOITER,0.65,8,200.0,0.15,-0.34,0.07,-0.1,-44.37,-45.78,-45.45,-45.72,0.01,-0.19,3.14,9.55,-0.029,0.02,0.7083,1
30.05,5115.7,2105.2,73.0,86.14,88.65,85.33,88.26,736.72,739.7,737.36,741.99,4.84,65.2,15.76,3.0,52.59,0.745,14.13,4.14,LANE_A,19024.0,-23.0,90.8,CRUISE_LOITER,0.65,8,200.0,-0.01,0.0,-0.32,0.11,-43.16,-45.18,-44.52,-42.89,0.04,0.09,3.35,9.57,0.021,0.03,0.7075,1
30.1,5121.0,2107.4,73.1,86.14,88.69,85.55,88.16,735.37,738.89,736.8,741.35,4.78,64.89,15.63,3.01,52.33,0.734,14.08,3.97,LANE_A,19025.0,-23.0,90.8,CRUISE_LOITER,0.65,8,200.0,-0.01,0.04,-0.1,0.01,-44.51,-45.99,-45.08,-43.53,-0.02,-0.22,3.22,9.31,0.01,-0.02,0.7003,1
30.150000000000002,5126.1,2109.5,73.0,86.34,88.85,85.83,87.96,735.67,739.13,737.16,739.12,4.8,65.03,15.61,3.05,52.63,0.728,14.13,4.0,LANE_A,19026.0,-23.1,90.8,CRUISE_LOITER,0.65,8,200.0,0.2,0.21,0.19,-0.18,-44.21,-45.75,-44.72,-45.76,0.0,-0.07,3.2,9.61,0.004,0.03,0.7099,1
30.200000000000003,5110.3,2103.0,73.1,85.76,88.82,85.73,88.15,734.03,742.12,734.78,739.74,4.81,65.1,15.76,2.97,52.48,0.706,14.08,4.0,LANE_A,19026.0,-23.1,90.8,CRUISE_LOITER,0.65,8,200.0,-0.38,0.18,0.09,0.01,-45.84,-42.75,-47.09,-45.13,0.01,0.0,3.35,9.46,-0.018,-0.02,0.7059,1
30.25,5108.9,2102.4,72.7,86.15,88.89,85.59,88.19,735.96,738.71,737.42,737.22,4.79,65.13,15.49,3.03,52.48,0.726,14.12,3.96,LANE_A,19027.0,-23.1,90.8,CRUISE_LOITER,0.65,8,200.0,0.01,0.25,-0.05,0.05,-43.91,-46.16,-44.45,-47.65,-0.01,0.03,3.08,9.46,0.002,0.02,0.7077,1
30.3,5133.1,2112.4,72.7,85.86,88.69,85.66,88.16,736.32,738.32,737.76,740.06,4.81,65.18,15.62,3.01,52.57,0.694,14.15,3.98,LANE_A,19028.0,-23.1,90.8,CRUISE_LOITER,0.65,8,200.0,-0.27,0.06,0.03,0.03,-43.55,-46.55,-44.11,-44.81,0.01,0.08,3.21,9.55,-0.03,0.05,0.7077,1
30.35,5095.6,2097.0,73.3,86.42,88.69,85.63,87.75,734.16,738.64,736.54,741.71,4.79,65.05,15.64,3.01,52.37,0.701,14.09,4.11,LANE_A,19029.0,-23.1,90.9,CRUISE_LOITER,0.65,8,200.0,0.29,0.06,0.0,-0.38,-45.71,-46.23,-45.33,-43.16,-0.01,-0.04,3.23,9.35,-0.023,-0.01,0.7021,1
30.400000000000002,5118.4,2106.3,73.1,86.41,88.86,85.41,87.82,734.4,741.93,735.56,739.27,4.83,65.18,15.57,2.98,52.77,0.739,14.1,4.05,LANE_A,19030.0,-23.1,90.9,CRUISE_LOITER,0.65,8,200.0,0.28,0.23,-0.22,-0.31,-45.47,-42.94,-46.31,-45.6,0.03,0.09,3.16,9.75,0.015,0.0,0.714,1
30.450000000000003,5096.4,2097.3,73.0,85.83,88.88,85.8,88.12,734.48,740.57,736.17,740.74,4.76,65.17,15.6,3.0,52.48,0.712,14.13,4.0,LANE_A,19031.0,-23.1,90.9,CRUISE_LOITER,0.65,8,200.0,-0.3,0.25,0.17,-0.01,-45.39,-44.3,-45.7,-44.13,-0.04,0.08,3.19,9.47,-0.012,0.03,0.7054,1
30.5,5133.5,2112.6,72.9,86.16,88.62,85.93,88.16,733.5,740.45,735.32,739.86,4.81,65.19,15.7,3.0,52.62,0.705,14.07,4.19,LANE_A,19032.0,-23.1,90.9,CRUISE_LOITER,0.65,8,200.0,0.04,0.0,0.31,0.04,-46.37,-44.42,-46.55,-45.01,0.01,0.1,3.29,9.61,-0.019,-0.03,0.7108,1
30.55,5094.5,2096.5,73.0,85.91,88.57,85.46,87.88,736.11,737.48,736.42,740.35,4.74,64.91,15.71,2.98,52.41,0.7,14.08,4.08,LANE_A,19033.0,-23.1,90.9,CRUISE_LOITER,0.65,8,200.0,-0.21,-0.05,-0.16,-0.24,-43.76,-47.39,-45.45,-44.52,-0.06,-0.17,3.3,9.4,-0.024,-0.02,0.7063,1
30.6,5117.9,2106.1,72.6,86.21,88.63,85.73,88.04,735.11,738.9,737.64,739.72,4.8,65.19,15.57,3.03,52.5,0.716,14.11,3.94,LANE_A,19033.0,-23.1,90.9,CRUISE_LOITER,0.65,8,200.0,0.09,0.01,0.11,-0.08,-44.75,-45.96,-44.22,-45.14,0.0,0.11,3.16,9.49,-0.008,0.01,0.7061,1
30.650000000000002,5120.0,2107.0,72.9,86.28,88.69,85.98,87.94,735.18,741.02,735.79,738.95,4.83,65.13,15.62,2.98,52.69,0.71,14.1,4.02,LANE_A,19034.0,-23.1,90.9,CRUISE_LOITER,0.65,8,200.0,0.16,0.07,0.36,-0.18,-44.68,-43.84,-46.07,-45.91,0.03,0.05,3.21,9.68,-0.014,0.0,0.7121,1
30.700000000000003,5095.3,2096.8,72.8,86.14,88.72,85.42,88.07,735.46,741.76,738.34,739.73,4.76,64.85,15.75,3.02,52.72,0.704,14.12,3.93,LANE_A,19035.0,-23.1,90.9,CRUISE_LOITER,0.65,8,200.0,0.03,0.11,-0.19,-0.04,-44.4,-43.1,-43.52,-45.13,-0.04,-0.23,3.34,9.71,-0.02,0.02,0.7118,1
30.75,5114.4,2104.7,73.0,86.17,88.31,85.6,88.17,734.17,739.39,735.88,736.91,4.76,64.95,15.69,2.98,52.4,0.699,14.07,3.99,LANE_A,19036.0,-23.1,90.9,CRUISE_LOITER,0.65,8,200.0,0.06,-0.3,-0.01,0.06,-45.69,-45.47,-45.98,-47.95,-0.04,-0.12,3.28,9.39,-0.025,-0.03,0.7108,1
30.8,5101.1,2099.2,73.2,86.34,88.69,85.73,88.12,731.59,740.08,737.15,738.69,4.81,65.3,15.64,2.99,52.63,0.719,14.12,4.04,LANE_A,19037.0,-23.1,90.9,CRUISE_LOITER,0.65,8,200.0,0.23,0.08,0.12,0.01,-48.27,-44.78,-44.71,-46.17,0.01,0.23,3.23,9.62,-0.005,0.02,0.7125,1
30.85,5108.4,2102.2,72.9,86.23,88.39,85.78,88.1,734.97,739.73,735.72,739.66,4.77,65.17,15.61,3.01,52.59,0.698,14.12,4.02,LANE_A,19038.0,-23.1,90.9,CRUISE_LOITER,0.65,8,200.0,0.12,-0.22,0.17,-0.01,-44.89,-45.13,-46.14,-45.2,-0.03,0.1,3.2,9.58,-0.026,0.02,0.7093,1
30.900000000000002,5121.2,2107.5,72.8,86.25,88.85,85.77,88.04,733.82,742.36,736.92,741.35,4.79,65.0,15.67,3.0,52.44,0.737,14.09,4.03,LANE_A,19039.0,-23.1,90.9,CRUISE_LOITER,0.65,8,200.0,0.15,0.25,0.17,-0.06,-46.04,-42.5,-44.94,-43.51,-0.01,-0.07,3.26,9.44,0.013,-0.01,0.7037,1
30.950000000000003,5120.1,2107.0,73.0,86.19,88.49,85.59,88.17,736.79,740.29,738.43,739.95,4.74,65.16,15.57,2.98,52.56,0.698,14.1,3.97,LANE_A,19039.0,-23.1,90.9,CRUISE_LOITER,0.65,8,200.0,0.09,-0.11,-0.01,0.07,-43.06,-44.56,-43.42,-44.9,-0.06,0.09,3.16,9.56,-0.026,0.0,0.7068,1
31.0,5123.2,2108.3,72.8,86.56,88.88,85.55,88.49,736.52,741.3,738.29,740.76,4.85,65.1,15.65,3.01,52.44,0.727,14.1,4.11,LANE_A,19040.0,-23.1,90.9,CRUISE_LOITER,0.65,8,200.0,0.46,0.28,-0.05,0.39,-43.33,-43.55,-43.56,-44.09,0.05,0.04,3.24,9.44,0.003,0.0,0.7028,1
31.05,5122.1,2107.9,73.0,85.91,88.37,85.62,88.28,734.25,740.12,735.36,740.54,4.78,64.95,15.64,3.02,52.6,0.722,14.11,4.29,LANE_A,19041.0,-23.1,90.9,CRUISE_LOITER,0.65,8,200.0,-0.19,-0.23,0.02,0.18,-45.6,-44.73,-46.49,-44.31,-0.02,-0.11,3.23,9.6,-0.002,0.01,0.7099,1
31.1,5115.5,2105.1,73.1,86.18,88.5,85.4,88.0,734.82,739.93,737.94,739.05,4.83,64.94,15.66,3.0,52.41,0.729,14.12,4.2,LANE_A,19042.0,-23.1,90.9,CRUISE_LOITER,0.65,8,200.0,0.09,-0.09,-0.19,-0.09,-45.03,-44.92,-43.91,-45.8,0.03,-0.12,3.25,9.41,0.005,0.02,0.7037,1
31.150000000000002,5120.8,2107.3,73.0,86.12,88.22,85.48,87.99,736.16,740.83,735.92,738.56,4.78,65.03,15.66,3.02,52.53,0.716,14.05,3.93,LANE_A,19043.0,-23.1,90.9,CRUISE_LOITER,0.65,8,200.0,0.03,-0.37,-0.11,-0.1,-43.69,-44.02,-45.93,-46.29,-0.02,-0.03,3.25,9.53,-0.008,-0.05,0.7075,1
31.200000000000003,5113.9,2104.5,72.8,86.14,88.68,85.44,88.36,734.51,738.71,736.43,739.77,4.82,65.09,15.64,2.99,52.55,0.704,14.1,4.21,LANE_A,19044.0,-23.1,90.9,CRUISE_LOITER,0.65,8,200.0,0.05,0.09,-0.15,0.27,-45.34,-46.14,-45.42,-45.08,0.02,0.04,3.23,9.55,-0.02,0.0,0.7087,1
31.25,5103.5,2100.2,72.7,86.22,88.42,85.87,88.29,733.82,742.43,733.97,740.84,4.84,65.04,15.88,2.96,52.63,0.711,14.12,4.33,LANE_A,19045.0,-23.1,90.9,CRUISE_LOITER,0.65,8,200.0,0.13,-0.17,0.28,0.2,-46.03,-42.42,-47.88,-44.01,0.04,-0.01,3.47,9.63,-0.013,0.02,0.7112,1
31.3,5107.7,2101.9,73.2,86.29,88.58,85.25,87.78,734.85,739.03,736.63,740.84,4.78,65.14,15.73,3.0,52.57,0.701,14.11,4.0,LANE_A,19046.0,-23.1,90.9,CRUISE_LOITER,0.65,8,200.0,0.21,0.0,-0.33,-0.3,-45.0,-45.82,-45.22,-44.01,-0.02,0.09,3.32,9.58,-0.023,0.01,0.7092,1
31.35,5092.4,2095.6,72.8,86.13,88.46,85.66,88.04,735.89,739.02,736.06,740.98,4.74,65.13,15.67,3.0,52.4,0.704,14.1,4.05,LANE_A,19046.0,-23.1,90.9,CRUISE_LOITER,0.65,8,200.0,0.05,-0.12,0.08,-0.04,-43.95,-45.82,-45.78,-43.86,-0.06,0.08,3.26,9.41,-0.02,0.0,0.7037,1
31.400000000000002,5116.5,2105.6,73.3,86.16,88.58,85.4,88.16,735.33,742.36,736.95,740.48,4.72,64.8,15.68,3.04,52.28,0.71,14.08,4.13,LANE_A,19047.0,-23.1,90.9,CRUISE_LOITER,0.65,8,200.0,0.08,0.0,-0.18,0.08,-44.51,-42.48,-44.89,-44.36,-0.08,-0.24,3.27,9.29,-0.014,-0.02,0.6989,1
31.450000000000003,5109.4,2102.6,72.8,86.32,88.7,85.62,88.13,734.91,739.11,738.8,737.99,4.81,64.77,15.54,3.0,52.46,0.725,14.11,4.04,LANE_A,19048.0,-23.1,90.9,CRUISE_LOITER,0.65,8,200.0,0.24,0.12,0.04,0.05,-44.93,-45.73,-43.04,-46.85,0.01,-0.27,3.13,9.47,0.001,0.01,0.7056,1
31.5,5110.3,2103.0,72.8,86.06,88.62,85.54,88.27,735.31,739.06,736.12,739.58,4.78,65.12,15.64,3.01,52.36,0.733,14.11,3.99,LANE_A,19049.0,-23.1,90.9,CRUISE_LOITER,0.65,8,200.0,-0.01,0.05,-0.03,0.2,-44.53,-45.78,-45.72,-45.26,-0.02,0.08,3.23,9.37,0.009,0.01,0.703,1
31.55,5096.3,2097.2,73.0,86.3,88.89,85.62,88.23,735.25,740.72,736.76,739.86,4.83,64.98,15.66,3.0,52.42,0.714,14.13,4.18,LANE_A,19050.0,-23.1,90.9,CRUISE_LOITER,0.65,8,200.0,0.23,0.32,0.05,0.16,-44.59,-44.12,-45.08,-44.98,0.03,-0.06,3.25,9.43,-0.01,0.03,0.704,1
31.6,5111.9,2103.7,72.5,86.28,88.61,85.68,87.98,736.2,741.43,738.25,740.84,4.82,64.8,15.62,3.0,52.52,0.713,14.11,4.05,LANE_A,19051.0,-23.1,91.0,CRUISE_LOITER,0.65,8,200.0,0.21,0.04,0.11,-0.09,-43.64,-43.41,-43.59,-44.0,0.02,-0.23,3.21,9.53,-0.011,0.01,0.7055,1
31.650000000000002,5113.0,2104.1,73.1,85.93,88.54,85.41,88.3,733.47,740.49,735.34,739.31,4.72,64.89,15.63,3.02,52.61,0.734,14.08,4.02,LANE_A,19052.0,-23.1,91.0,CRUISE_LOITER,0.65,8,200.0,-0.13,-0.02,-0.15,0.24,-46.37,-44.35,-46.5,-45.53,-0.08,-0.14,3.22,9.62,0.01,-0.02,0.7111,1
31.700000000000003,5110.5,2103.1,73.1,85.81,88.72,85.43,88.22,736.02,737.92,736.29,738.15,4.78,65.09,15.69,2.98,52.4,0.74,14.12,4.04,LANE_A,19052.0,-23.1,91.0,CRUISE_LOITER,0.65,8,200.0,-0.25,0.16,-0.13,0.16,-43.82,-46.92,-45.55,-46.69,-0.02,0.06,3.28,9.42,0.016,0.02,0.7053,1
31.75,5104.3,2100.5,72.7,86.27,88.61,85.44,87.82,736.57,740.93,738.79,742.23,4.79,64.86,15.74,3.03,52.54,0.724,14.1,3.93,LANE_A,19053.0,-23.1,91.0,CRUISE_LOITER,0.65,8,200.0,0.21,0.05,-0.12,-0.24,-43.26,-43.9,-43.04,-42.6,-0.01,-0.17,3.33,9.56,0.0,0.0,0.7061,1
31.8,5118.1,2106.2,73.1,85.76,88.49,85.69,88.38,735.67,738.9,738.26,739.21,4.83,64.91,15.58,3.0,52.4,0.739,14.09,4.1,LANE_A,19054.0,-23.1,91.0,CRUISE_LOITER,0.65,8,200.0,-0.3,-0.07,0.13,0.32,-44.16,-45.93,-43.57,-45.62,0.03,-0.11,3.17,9.42,0.015,-0.01,0.7037,1
31.85,5120.1,2107.0,72.8,85.98,88.68,85.89,87.88,733.81,740.2,736.59,739.51,4.78,64.93,15.61,3.01,52.43,0.722,14.09,3.86,LANE_A,19055.0,-23.1,91.0,CRUISE_LOITER,0.65,8,200.0,-0.07,0.13,0.34,-0.17,-46.02,-44.63,-45.24,-45.32,-0.02,-0.09,3.2,9.45,-0.002,-0.01,0.7053,1
31.900000000000002,5111.5,2103.5,73.1,85.84,88.68,85.6,87.57,734.36,738.76,735.64,739.28,4.83,65.22,15.53,3.0,52.37,0.729,14.1,3.98,LANE_A,19056.0,-23.1,91.0,CRUISE_LOITER,0.65,8,200.0,-0.21,0.13,0.05,-0.48,-45.47,-46.07,-46.19,-45.55,0.03,0.2,3.12,9.39,0.005,0.0,0.704,1
31.950000000000003,5133.8,2112.7,72.7,85.82,88.66,85.39,87.77,734.65,738.15,738.94,739.77,4.78,65.21,15.53,2.96,52.68,0.714,14.09,4.06,LANE_A,19057.0,-23.1,91.0,CRUISE_LOITER,0.65,8,200.0,-0.23,0.11,-0.16,-0.28,-45.18,-46.68,-42.89,-45.06,-0.02,0.19,3.12,9.7,-0.01,-0.01,0.7122,1
32.0,5107.6,2101.9,72.7,86.06,88.43,85.61,88.35,732.74,739.22,737.7,737.17,4.85,65.07,15.52,2.99,52.64,0.735,14.12,3.97,LANE_A,19058.0,-23.1,91.0,CRUISE_LOITER,0.65,8,200.0,0.01,-0.12,0.06,0.3,-47.09,-45.61,-44.13,-47.66,0.05,0.06,3.12,9.66,0.011,0.02,0.7127,1
32.050000000000004,5093.3,2096.0,72.9,86.0,88.22,85.29,87.97,735.01,737.38,733.59,737.36,4.83,64.91,15.5,3.03,52.7,0.729,14.08,4.0,LANE_A,19058.0,-23.1,91.0,CRUISE_LOITER,0.65,8,200.0,-0.04,-0.32,-0.25,-0.07,-44.82,-47.45,-48.24,-47.47,0.03,-0.1,3.1,9.72,0.005,-0.02,0.7156,1
32.1,5120.2,2107.1,72.8,86.02,88.59,85.62,87.75,736.03,738.17,735.84,739.07,4.76,64.9,15.59,2.99,52.58,0.72,14.09,4.07,LANE_A,19059.0,-23.1,91.0,CRUISE_LOITER,0.65,8,200.0,-0.02,0.05,0.08,-0.29,-43.79,-46.65,-45.98,-45.75,-0.04,-0.11,3.19,9.6,-0.004,-0.01,0.7102,1
32.15,5123.1,2108.3,72.9,86.25,88.47,85.25,87.64,734.39,738.54,734.21,740.56,4.77,65.21,15.57,2.99,52.53,0.737,14.1,4.01,LANE_A,19060.0,-23.1,91.0,CRUISE_LOITER,0.65,8,200.0,0.21,-0.07,-0.29,-0.4,-45.43,-46.28,-47.61,-44.26,-0.03,0.2,3.17,9.56,0.013,0.0,0.7095,1
32.2,5111.5,2103.5,72.9,86.14,88.8,85.37,88.04,734.31,737.41,736.68,741.56,4.83,65.0,15.68,3.03,52.74,0.727,14.09,4.18,LANE_A,19061.0,-23.1,91.0,CRUISE_LOITER,0.65,8,200.0,0.1,0.26,-0.17,0.0,-45.51,-47.41,-45.14,-43.26,0.03,0.0,3.28,9.77,0.003,-0.01,0.7152,1
32.25,5101.4,2099.3,72.7,85.96,88.45,85.61,88.15,734.35,742.25,737.2,741.99,4.8,64.96,15.67,2.96,52.69,0.739,14.12,3.89,LANE_A,19062.0,-23.1,91.0,CRUISE_LOITER,0.65,8,200.0,-0.07,-0.08,0.08,0.12,-45.47,-42.57,-44.62,-42.83,0.0,-0.04,3.27,9.72,0.015,0.02,0.7117,1
32.300000000000004,5107.4,2101.8,73.1,86.03,88.48,85.62,88.04,732.78,739.49,734.91,739.05,4.76,64.95,15.57,2.99,52.52,0.711,14.07,3.98,LANE_A,19063.0,-23.1,91.0,CRUISE_LOITER,0.65,8,200.0,0.0,-0.05,0.09,0.01,-47.04,-45.33,-46.91,-45.77,-0.04,-0.05,3.17,9.55,-0.013,-0.03,0.7096,1
32.35,5107.9,2102.0,72.9,86.2,88.3,85.68,88.16,737.21,742.07,736.11,740.47,4.83,64.83,15.67,3.02,52.66,0.729,14.1,4.01,LANE_A,19064.0,-23.1,91.0,CRUISE_LOITER,0.65,8,200.0,0.17,-0.23,0.15,0.13,-42.61,-42.75,-45.71,-44.35,0.03,-0.17,3.27,9.69,0.005,0.0,0.7108,1
32.4,5099.3,2098.5,72.7,86.35,88.61,85.26,88.14,735.03,739.85,735.08,740.62,4.8,65.12,15.45,3.01,52.41,0.721,14.08,4.11,LANE_A,19065.0,-23.1,91.0,CRUISE_LOITER,0.65,8,200.0,0.32,0.08,-0.27,0.11,-44.79,-44.97,-46.74,-44.2,0.0,0.12,3.05,9.44,-0.003,-0.02,0.7045,1
32.45,5113.1,2104.2,73.2,86.06,88.66,85.67,88.15,735.58,742.07,737.64,738.95,4.77,64.88,15.55,3.04,52.66,0.73,14.09,4.08,LANE_A,19065.0,-23.1,91.0,CRUISE_LOITER,0.65,8,200.0,0.04,0.14,0.15,0.13,-44.24,-42.75,-44.18,-45.87,-0.03,-0.11,3.15,9.69,0.006,-0.01,0.7111,1
32.5,5114.1,2104.6,72.6,86.0,88.42,85.3,87.99,734.91,739.77,737.72,741.31,4.77,65.25,15.49,3.03,52.49,0.748,14.07,3.94,LANE_A,19066.0,-23.1,91.0,CRUISE_LOITER,0.65,8,200.0,-0.02,-0.1,-0.22,-0.03,-44.9,-45.04,-44.09,-43.5,-0.03,0.26,3.09,9.52,0.024,-0.03,0.7059,1
32.550000000000004,5110.3,2103.0,73.0,86.23,88.54,85.95,87.75,734.65,738.15,736.18,740.16,4.78,64.89,15.75,3.01,52.53,0.723,14.1,4.29,LANE_A,19067.0,-23.1,91.0,CRUISE_LOITER,0.65,8,200.0,0.21,0.02,0.43,-0.27,-45.16,-46.66,-45.63,-44.65,-0.02,-0.1,3.35,9.57,-0.001,0.0,0.7097,1
32.6,5123.7,2108.5,73.2,86.26,88.0,85.51,88.22,736.09,740.97,737.31,741.28,4.76,65.13,15.58,3.01,52.48,0.729,14.09,3.91,LANE_A,19068.0,-23.1,91.0,CRUISE_LOITER,0.65,8,200.0,0.24,-0.52,-0.01,0.2,-43.72,-43.84,-44.5,-43.53,-0.04,0.14,3.18,9.52,0.005,-0.01,0.7055,1
32.65,5127.3,2110.0,73.1,86.15,88.34,85.6,88.41,733.71,742.39,737.23,739.35,4.81,64.85,15.52,2.98,52.36,0.707,14.09,3.92,LANE_A,19069.0,-23.1,91.0,CRUISE_LOITER,0.65,8,200.0,0.14,-0.17,0.09,0.4,-46.1,-42.42,-44.58,-45.46,0.01,-0.13,3.12,9.4,-0.017,-0.01,0.7027,1
32.7,5114.4,2104.7,73.0,86.01,88.62,85.25,87.89,734.15,739.48,739.14,739.17,4.81,64.88,15.51,2.99,52.42,0.722,14.1,3.88,LANE_A,19070.0,-23.1,91.0,CRUISE_LOITER,0.65,8,200.0,0.0,0.11,-0.26,-0.12,-45.66,-45.33,-42.67,-45.64,0.01,-0.1,3.11,9.46,-0.002,0.0,0.7048,1
32.75,5116.0,2105.3,72.9,86.38,88.6,85.49,88.17,734.82,740.45,737.49,740.21,4.81,65.09,15.65,3.0,52.56,0.727,14.08,3.97,LANE_A,19071.0,-23.1,91.0,CRUISE_LOITER,0.65,8,200.0,0.37,0.09,-0.02,0.16,-44.99,-44.36,-44.32,-44.6,0.01,0.11,3.25,9.6,0.003,-0.02,0.709,1
32.800000000000004,5113.8,2104.4,73.0,85.83,88.44,85.57,87.96,735.29,740.34,735.28,738.71,4.86,64.99,15.77,3.0,52.51,0.718,14.1,4.07,LANE_A,19071.0,-23.1,91.0,CRUISE_LOITER,0.65,8,200.0,-0.18,-0.07,0.06,-0.05,-44.52,-44.47,-46.53,-46.1,0.06,0.01,3.37,9.55,-0.006,0.0,0.709,1
32.85,5107.1,2101.7,72.6,85.96,88.63,85.59,88.29,735.1,737.76,737.18,736.21,4.76,64.81,15.59,2.98,52.61,0.72,14.13,4.04,LANE_A,19072.0,-23.1,91.1,CRUISE_LOITER,0.65,8,200.0,-0.04,0.13,0.09,0.29,-44.71,-47.05,-44.63,-48.6,-0.04,-0.16,3.19,9.65,-0.004,0.03,0.7147,1
32.9,5109.5,2102.7,72.9,85.95,88.23,85.7,87.96,733.55,739.32,738.43,740.29,4.76,65.04,15.61,2.99,52.56,0.714,14.12,4.11,LANE_A,19073.0,-23.1,91.1,CRUISE_LOITER,0.65,8,200.0,-0.05,-0.27,0.2,-0.04,-46.25,-45.48,-43.37,-44.51,-0.04,0.07,3.21,9.6,-0.01,0.02,0.7094,1
32.95,5087.3,2093.5,72.9,85.85,88.76,85.41,88.05,736.23,740.52,736.02,741.03,4.8,64.84,15.55,3.0,52.64,0.761,14.1,4.13,LANE_A,19074.0,-23.1,91.1,CRUISE_LOITER,0.65,8,200.0,-0.15,0.26,-0.09,0.05,-43.57,-44.28,-45.78,-43.77,0.0,-0.13,3.15,9.68,0.037,0.0,0.7109,1
33.0,5126.6,2109.7,72.6,85.94,88.4,85.66,87.83,735.6,740.02,737.41,740.3,4.82,64.85,15.62,2.99,52.46,0.716,14.11,3.94,LANE_A,19075.0,-23.1,91.1,CRUISE_LOITER,0.65,8,200.0,-0.06,-0.1,0.16,-0.17,-44.2,-44.78,-44.39,-44.5,0.02,-0.12,3.22,9.51,-0.008,0.01,0.706,1
33.050000000000004,5103.6,2100.2,72.9,86.14,88.21,85.57,88.0,733.91,738.73,739.33,741.22,4.84,64.73,15.75,3.01,52.49,0.717,14.05,3.99,LANE_A,19076.0,-23.2,91.1,CRUISE_LOITER,0.65,8,200.0,0.15,-0.28,0.08,0.01,-45.89,-46.07,-42.47,-43.58,0.04,-0.23,3.35,9.54,-0.007,-0.05,0.7074,1
33.1,5128.7,2110.6,73.0,86.09,88.24,85.37,88.17,735.35,740.57,737.82,738.18,4.83,65.18,15.56,2.99,52.58,0.728,14.15,4.17,LANE_A,19077.0,-23.2,91.1,CRUISE_LOITER,0.65,8,200.0,0.1,-0.25,-0.12,0.18,-44.45,-44.23,-43.98,-46.62,0.03,0.22,3.16,9.63,0.004,0.05,0.7101,1
33.15,5108.0,2102.1,72.9,86.02,88.49,85.36,88.04,732.38,740.59,734.32,737.45,4.8,64.88,15.53,3.02,52.47,0.737,14.07,4.18,LANE_A,19077.0,-23.2,91.1,CRUISE_LOITER,0.65,8,200.0,0.03,0.0,-0.13,0.05,-47.42,-44.21,-47.48,-47.35,0.0,-0.08,3.13,9.52,0.013,-0.03,0.7091,1
33.2,5114.3,2104.7,72.8,85.96,88.59,85.53,87.8,732.49,740.91,737.23,738.75,4.73,64.93,15.72,2.99,52.39,0.736,14.14,4.06,LANE_A,19078.0,-23.2,91.1,CRUISE_LOITER,0.65,8,200.0,-0.03,0.1,0.04,-0.19,-47.31,-43.89,-44.57,-46.05,-0.07,-0.03,3.32,9.44,0.012,0.04,0.7062,1
33.25,5106.8,2101.6,73.0,85.78,88.48,85.6,88.31,735.61,737.36,735.87,739.62,4.79,64.97,15.62,2.98,52.34,0.746,14.09,4.15,LANE_A,19079.0,-23.2,91.1,CRUISE_LOITER,0.65,8,200.0,-0.2,0.0,0.12,0.33,-44.19,-47.44,-45.93,-45.18,-0.01,0.02,3.22,9.39,0.022,-0.01,0.7069,1
33.300000000000004,5136.2,2113.7,72.8,85.97,88.72,85.48,88.09,733.69,740.28,736.35,739.48,4.77,64.9,15.49,3.02,52.65,0.724,14.07,3.94,LANE_A,19080.0,-23.2,91.1,CRUISE_LOITER,0.65,8,200.0,-0.01,0.24,0.0,0.11,-46.1,-44.51,-45.44,-45.31,-0.03,-0.05,3.09,9.7,0.0,-0.03,0.7127,1
33.35,5095.6,2097.0,72.8,85.96,88.28,85.63,88.31,735.24,738.34,736.38,740.56,4.82,65.32,15.46,3.03,52.46,0.726,14.1,4.02,LANE_A,19081.0,-23.2,91.1,CRUISE_LOITER,0.65,8,200.0,-0.02,-0.2,0.15,0.33,-44.55,-46.45,-45.41,-44.23,0.02,0.37,3.06,9.51,0.002,0.0,0.7066,1
33.4,5101.3,2099.3,73.1,85.76,88.43,85.64,87.99,733.3,738.08,738.49,739.93,4.76,64.93,15.5,2.98,52.57,0.701,14.12,3.86,LANE_A,19082.0,-23.2,91.1,CRUISE_LOITER,0.65,8,200.0,-0.21,-0.04,0.17,0.02,-46.49,-46.71,-43.3,-44.86,-0.04,-0.02,3.1,9.63,-0.023,0.02,0.7106,1
33.45,5118.7,2106.5,72.9,86.15,88.58,85.12,88.02,734.76,739.91,735.95,739.9,4.76,65.13,15.44,3.0,52.5,0.733,14.1,4.09,LANE_A,19083.0,-23.2,91.1,CRUISE_LOITER,0.65,8,200.0,0.18,0.11,-0.35,0.05,-45.03,-44.88,-45.84,-44.89,-0.04,0.19,3.04,9.56,0.009,0.0,0.7081,1
33.5,5143.6,2116.7,72.9,86.04,88.52,85.58,87.78,736.79,738.59,736.58,739.53,4.82,64.83,15.78,3.0,52.59,0.739,14.04,4.02,LANE_A,19084.0,-23.2,91.1,CRUISE_LOITER,0.65,8,200.0,0.07,0.05,0.11,-0.19,-43.0,-46.2,-45.21,-45.26,0.02,-0.11,3.38,9.65,0.015,-0.06,0.7113,1
33.550000000000004,5147.8,2118.4,72.8,86.13,88.64,85.26,88.06,733.83,742.41,736.42,737.97,4.79,64.87,15.59,3.03,52.53,0.727,14.13,3.92,LANE_A,19084.0,-23.2,91.1,CRUISE_LOITER,0.65,8,200.0,0.16,0.17,-0.21,0.09,-45.96,-42.38,-45.37,-46.82,-0.01,-0.07,3.19,9.59,0.003,0.03,0.7094,1
33.6,5117.4,2105.9,73.4,85.96,88.58,85.39,87.87,734.03,738.53,739.53,739.25,4.81,64.97,15.75,3.0,52.47,0.724,14.1,4.04,LANE_A,19085.0,-23.2,91.1,CRUISE_LOITER,0.65,8,200.0,0.0,0.12,-0.07,-0.09,-45.76,-46.26,-42.26,-45.54,0.01,0.03,3.35,9.53,0.0,0.0,0.7077,1
33.65,5118.8,2106.5,72.8,85.79,88.49,85.56,87.84,734.47,739.34,737.77,738.53,4.82,64.78,15.57,3.0,52.43,0.736,14.09,3.96,LANE_A,19086.0,-23.2,91.1,CRUISE_LOITER,0.65,8,200.0,-0.17,0.03,0.1,-0.12,-45.31,-45.44,-44.01,-46.25,0.02,-0.16,3.17,9.49,0.012,-0.01,0.7064,1
33.7,5093.9,2096.3,73.1,85.83,88.5,85.35,88.2,737.27,740.41,736.71,739.96,4.82,65.03,15.66,2.99,52.4,0.728,14.11,4.26,LANE_A,19087.0,-23.2,91.1,CRUISE_LOITER,0.65,8,200.0,-0.13,0.04,-0.11,0.24,-42.51,-44.37,-45.07,-44.82,0.02,0.1,3.26,9.46,0.004,0.01,0.7043,1
33.75,5081.9,2091.3,72.9,85.82,88.42,85.36,88.13,735.42,741.68,735.11,739.2,4.81,65.17,15.64,2.99,52.48,0.699,14.07,4.14,LANE_A,19088.0,-23.2,91.1,CRUISE_LOITER,0.65,8,200.0,-0.14,-0.04,-0.1,0.17,-44.36,-43.1,-46.67,-45.58,0.01,0.24,3.24,9.54,-0.025,-0.03,0.7077,1
33.800000000000004,5112.1,2103.7,72.8,86.08,88.98,85.72,87.96,735.91,740.32,735.96,740.01,4.82,64.94,15.52,2.99,52.3,0.713,14.12,3.88,LANE_A,19089.0,-23.2,91.1,CRUISE_LOITER,0.65,8,200.0,0.13,0.53,0.27,0.01,-43.87,-44.46,-45.82,-44.77,0.02,0.01,3.12,9.37,-0.011,0.02,0.7019,1
33.85,5112.8,2104.0,73.3,85.89,88.59,85.63,87.98,734.6,739.47,739.09,740.29,4.83,64.94,15.6,3.04,52.59,0.74,14.1,4.04,LANE_A,19090.0,-23.2,91.1,CRUISE_LOITER,0.65,8,200.0,-0.06,0.14,0.18,0.03,-45.18,-45.31,-42.69,-44.49,0.03,0.01,3.2,9.66,0.016,0.0,0.7105,1
33.9,5123.7,2108.5,73.1,86.09,88.47,85.57,87.98,731.91,738.44,736.18,740.54,4.78,64.59,15.57,3.04,52.31,0.713,14.14,4.13,LANE_A,19090.0,-23.2,91.1,CRUISE_LOITER,0.65,8,200.0,0.14,0.02,0.12,0.03,-47.87,-46.34,-45.6,-44.24,-0.02,-0.33,3.17,9.38,-0.011,0.04,0.7097,1
33.95,5109.2,2102.6,72.6,85.78,88.07,85.56,88.21,734.1,740.07,738.71,739.72,4.78,65.09,15.59,2.99,52.63,0.765,14.09,3.96,LANE_A,19091.0,-23.2,91.1,CRUISE_LOITER,0.65,8,200.0,-0.17,-0.38,0.11,0.26,-45.68,-44.71,-43.07,-45.06,-0.02,0.17,3.19,9.7,0.041,-0.01,0.712,1
34.0,5101.5,2099.4,73.1,85.97,88.48,85.45,88.17,736.07,739.33,737.08,738.64,4.8,64.45,15.69,3.02,52.36,0.725,14.11,4.19,LANE_A,19092.0,-23.2,91.1,CRUISE_LOITER,0.65,8,200.0,0.03,0.04,0.01,0.23,-43.71,-45.45,-44.7,-46.14,0.0,-0.47,3.3,9.43,0.001,0.01,0.7046,1
34.050000000000004,5126.0,2109.5,72.6,85.57,88.44,85.3,87.67,735.21,738.36,734.22,738.54,4.79,65.04,15.63,3.0,52.33,0.737,14.11,4.16,LANE_A,19093.0,-23.2,91.1,CRUISE_LOITER,0.65,8,200.0,-0.37,0.0,-0.14,-0.27,-44.56,-46.41,-47.55,-46.23,-0.01,0.12,3.24,9.4,0.013,0.01,0.7083,1
34.1,5123.7,2108.5,73.0,85.8,88.16,85.56,87.88,734.09,739.84,734.02,738.9,4.76,65.02,15.51,3.0,52.28,0.721,14.1,4.1,LANE_A,19094.0,-23.2,91.2,CRUISE_LOITER,0.65,8,200.0,-0.14,-0.28,0.12,-0.06,-45.68,-44.93,-47.75,-45.87,-0.04,0.11,3.12,9.35,-0.003,0.0,0.7089,1
34.15,5128.4,2110.5,72.8,85.83,88.19,85.36,87.67,733.69,741.08,734.62,739.62,4.79,64.75,15.72,3.0,52.46,0.714,14.1,4.08,LANE_A,19095.0,-23.2,91.2,CRUISE_LOITER,0.65,8,200.0,-0.11,-0.25,-0.08,-0.27,-46.08,-43.69,-47.15,-45.15,-0.01,-0.16,3.33,9.53,-0.01,0.0,0.7084,1
34.2,5089.9,2094.6,72.8,86.2,88.43,85.63,88.06,736.05,735.98,736.3,740.32,4.81,64.93,15.64,2.99,52.51,0.725,14.09,4.11,LANE_A,19096.0,-23.2,91.2,CRUISE_LOITER,0.65,8,200.0,0.27,0.0,0.2,0.13,-43.72,-48.79,-45.47,-44.45,0.01,0.02,3.25,9.58,0.001,-0.01,0.7149,1
34.25,5107.9,2102.0,72.9,85.88,88.57,85.26,88.14,735.89,739.02,737.5,738.89,4.81,64.79,15.54,3.01,52.42,0.717,14.1,4.19,LANE_A,19096.0,-23.2,91.2,CRUISE_LOITER,0.65,8,200.0,-0.05,0.14,-0.17,0.21,-43.88,-45.75,-44.27,-45.88,0.01,-0.12,3.15,9.5,-0.007,0.0,0.7062,1
34.300000000000004,5120.3,2107.1,73.1,85.93,88.51,85.18,87.82,735.47,741.27,736.53,738.92,4.85,64.76,15.49,2.99,52.47,0.711,14.1,3.93,LANE_A,19097.0,-23.2,91.2,CRUISE_LOITER,0.65,8,200.0,0.0,0.08,-0.25,-0.11,-44.3,-43.5,-45.24,-45.85,0.05,-0.14,3.1,9.55,-0.013,0.0,0.7074,1
34.35,5126.0,2109.5,72.6,85.98,88.04,85.44,87.91,736.88,738.94,737.63,739.99,4.79,64.82,15.48,2.99,52.31,0.739,14.13,3.99,LANE_A,19098.0,-23.2,91.2,CRUISE_LOITER,0.65,8,200.0,0.05,-0.39,0.01,-0.02,-42.89,-45.83,-44.14,-44.78,-0.01,-0.08,3.09,9.39,0.015,0.03,0.702,1
34.4,5114.7,2104.8,72.6,85.79,88.67,85.63,88.32,731.4,742.07,737.75,738.52,4.83,64.83,15.62,3.01,52.57,0.715,14.06,4.18,LANE_A,19099.0,-23.2,91.2,CRUISE_LOITER,0.65,8,200.0,-0.13,0.25,0.21,0.4,-48.37,-42.7,-44.02,-46.25,0.03,-0.07,3.23,9.65,-0.009,-0.04,0.7123,1
34.45,5126.5,2109.7,73.0,85.91,88.16,85.39,87.7,735.44,739.48,736.18,739.19,4.82,64.8,15.8,2.98,52.54,0.713,14.1,4.0,LANE_A,19100.0,-23.2,91.2,CRUISE_LOITER,0.65,8,200.0,-0.01,-0.26,-0.03,-0.22,-44.32,-45.28,-45.58,-45.57,0.02,-0.1,3.41,9.62,-0.011,0.0,0.7109,1
34.5,5101.9,2099.5,72.9,85.88,88.26,85.29,87.99,733.73,738.47,738.37,741.41,4.78,64.88,15.63,3.0,52.64,0.715,14.07,4.18,LANE_A,19101.0,-23.2,91.2,CRUISE_LOITER,0.65,8,200.0,-0.04,-0.16,-0.13,0.07,-46.03,-46.29,-43.39,-43.35,-0.02,-0.01,3.24,9.72,-0.009,-0.03,0.7129,1
34.550000000000004,5123.5,2108.4,72.9,85.72,88.2,85.27,88.15,735.52,739.85,737.16,739.37,4.81,65.14,15.63,2.99,52.54,0.723,14.1,3.94,LANE_A,19102.0,-23.2,91.2,CRUISE_LOITER,0.65,8,200.0,-0.2,-0.22,-0.15,0.23,-44.24,-44.91,-44.6,-45.39,0.01,0.25,3.24,9.62,-0.001,0.0,0.7099,1
34.6,5110.4,2103.0,73.0,85.89,88.8,85.31,87.94,735.6,740.05,737.25,739.06,4.81,64.9,15.51,3.0,52.36,0.722,14.11,4.01,LANE_A,19102.0,-23.2,91.2,CRUISE_LOITER,0.65,8,200.0,-0.02,0.39,-0.1,0.03,-44.16,-44.71,-44.51,-45.7,0.01,0.01,3.12,9.44,-0.002,0.01,0.7041,1
34.65,5108.9,2102.4,73.0,85.84,88.56,85.69,87.81,736.34,738.12,735.9,738.92,4.79,64.89,15.58,3.0,52.45,0.752,14.08,4.13,LANE_A,19103.0,-23.2,91.2,CRUISE_LOITER,0.65,8,200.0,-0.07,0.15,0.28,-0.1,-43.42,-46.64,-45.86,-45.84,-0.01,0.0,3.19,9.54,0.028,-0.02,0.7083,1
34.7,5107.9,2102.0,73.0,85.84,88.32,85.19,87.91,735.31,739.03,737.53,740.73,4.73,64.9,15.71,3.01,52.54,0.749,14.11,4.02,LANE_A,19104.0,-23.2,91.2,CRUISE_LOITER,0.65,8,200.0,-0.07,-0.09,-0.22,0.0,-44.45,-45.73,-44.23,-44.03,-0.07,0.01,3.32,9.63,0.025,0.01,0.7102,1
34.75,5111.0,2103.3,73.1,85.98,88.62,85.62,87.93,734.86,740.16,737.31,740.26,4.79,64.68,15.52,3.01,52.34,0.726,14.11,3.95,LANE_A,19105.0,-23.2,91.2,CRUISE_LOITER,0.65,8,200.0,0.07,0.21,0.21,0.02,-44.9,-44.6,-44.45,-44.5,-0.01,-0.2,3.13,9.43,0.002,0.01,0.7036,1
34.800000000000004,5116.6,2105.6,73.0,85.65,88.59,85.48,87.86,737.32,739.09,736.99,741.78,4.8,64.83,15.58,3.01,52.18,0.715,14.14,4.05,LANE_A,19106.0,-23.2,91.2,CRUISE_LOITER,0.65,8,200.0,-0.25,0.19,0.08,-0.04,-42.44,-45.67,-44.77,-42.98,0.0,-0.05,3.19,9.27,-0.009,0.04,0.6979,1
34.85,5114.3,2104.7,73.0,86.03,88.48,85.54,87.91,734.04,738.8,737.26,742.51,4.78,64.69,15.49,3.03,52.32,0.766,14.11,3.97,LANE_A,19107.0,-23.2,91.2,CRUISE_LOITER,0.65,8,200.0,0.13,0.08,0.14,0.01,-45.71,-45.95,-44.49,-42.24,-0.03,-0.19,3.1,9.41,0.042,0.01,0.7029,1
34.9,5118.6,2106.4,72.9,85.64,88.25,85.24,87.87,733.91,741.99,736.71,739.11,4.86,64.95,15.57,2.98,52.44,0.732,14.11,4.09,LANE_A,19108.0,-23.2,91.2,CRUISE_LOITER,0.65,8,200.0,-0.26,-0.15,-0.16,-0.03,-45.84,-42.76,-45.04,-45.64,0.05,0.07,3.18,9.53,0.008,0.01,0.7071,1
34.95,5110.9,2103.3,73.1,85.97,88.31,85.17,87.96,734.96,741.01,738.01,739.88,4.8,65.04,15.51,3.0,52.24,0.722,14.1,3.84,LANE_A,19109.0,-23.2,91.2,CRUISE_LOITER,0.65,8,200.0,0.07,-0.09,-0.23,0.06,-44.79,-43.74,-43.74,-44.87,-0.01,0.17,3.12,9.33,-0.002,0.0,0.7,1
35.0,5106.0,2101.2,72.9,85.93,88.42,85.14,87.88,735.37,741.09,736.03,737.18,4.8,64.76,15.52,3.0,52.45,0.748,14.09,4.0,LANE_A,19109.0,-23.2,91.2,CRUISE_LOITER,0.65,8,200.0,0.04,0.03,-0.25,-0.01,-44.38,-43.66,-45.72,-47.57,-0.01,-0.11,3.13,9.54,0.024,-0.01,0.708,1
35.050000000000004,5133.6,2112.6,72.9,85.85,88.13,85.46,87.83,736.41,740.48,735.15,739.91,4.77,64.73,15.59,3.01,52.37,0.74,14.12,4.13,LANE_A,19110.0,-23.2,91.2,CRUISE_LOITER,0.65,8,200.0,-0.04,-0.26,0.07,-0.06,-43.34,-44.27,-46.6,-44.84,-0.04,-0.14,3.2,9.47,0.016,0.02,0.7052,1
35.1,5130.5,2111.3,72.9,85.92,87.99,85.18,87.84,734.66,739.99,736.79,739.45,4.88,65.16,15.71,3.02,52.4,0.72,14.11,3.96,LANE_A,19111.0,-23.2,91.2,CRUISE_LOITER,0.65,8,200.0,0.03,-0.4,-0.21,-0.05,-45.09,-44.76,-44.96,-45.3,0.07,0.29,3.32,9.5,-0.004,0.01,0.7068,1
35.15,5131.3,2111.6,73.5,86.15,88.37,85.28,87.79,733.62,739.17,736.73,740.91,4.75,64.74,15.75,2.98,52.5,0.716,14.09,4.15,LANE_A,19112.0,-23.2,91.2,CRUISE_LOITER,0.65,8,200.0,0.26,-0.02,-0.11,-0.1,-46.13,-45.58,-45.02,-43.84,-0.06,-0.12,3.36,9.6,-0.008,-0.01,0.7101,1
35.2,5101.2,2099.3,73.0,85.91,87.89,85.28,88.05,735.92,738.14,737.22,741.27,4.8,64.66,15.62,3.0,52.41,0.707,14.1,3.93,LANE_A,19113.0,-23.2,91.2,CRUISE_LOITER,0.65,8,200.0,0.03,-0.49,-0.1,0.17,-43.83,-46.61,-44.53,-43.48,-0.01,-0.2,3.23,9.51,-0.017,0.0,0.7063,1
35.25,5097.2,2097.6,72.6,85.54,88.12,85.26,87.88,732.12,739.03,737.25,739.27,4.84,64.47,15.61,2.99,52.47,0.714,14.09,4.09,LANE_A,19114.0,-23.2,91.2,CRUISE_LOITER,0.65,8,200.0,-0.34,-0.26,-0.12,0.0,-47.62,-45.71,-44.49,-45.47,0.03,-0.39,3.22,9.57,-0.01,-0.01,0.7098,1
35.300000000000004,5110.4,2103.0,73.2,85.89,88.63,85.37,87.33,736.18,740.44,735.54,740.51,4.84,64.96,15.53,2.99,52.44,0.754,14.1,4.15,LANE_A,19115.0,-23.2,91.2,CRUISE_LOITER,0.65,8,200.0,0.01,0.25,-0.01,-0.55,-43.56,-44.3,-46.2,-44.23,0.03,0.1,3.14,9.54,0.03,0.0,0.707,1
35.35,5133.0,2112.3,72.8,85.98,88.24,85.62,87.97,733.75,738.29,734.99,740.46,4.82,64.97,15.57,3.0,52.52,0.716,14.08,4.02,LANE_A,19115.0,-23.2,91.2,CRUISE_LOITER,0.65,8,200.0,0.1,-0.14,0.24,0.09,-45.99,-46.45,-46.75,-44.28,0.01,0.12,3.18,9.62,-0.008,-0.02,0.7112,1
35.4,5119.2,2106.7,73.0,85.98,88.03,85.6,87.52,736.39,740.56,739.66,741.15,4.82,64.76,15.36,2.98,52.63,0.747,14.1,3.99,LANE_A,19116.0,-23.2,91.3,CRUISE_LOITER,0.65,8,200.0,0.11,-0.34,0.23,-0.35,-43.35,-44.18,-42.08,-43.59,0.01,-0.09,2.97,9.73,0.023,0.0,0.7105,1
35.45,5104.4,2100.6,73.3,85.64,88.03,85.08,88.11,734.11,739.14,737.83,738.94,4.79,64.77,15.52,2.99,52.41,0.734,14.09,4.01,LANE_A,19117.0,-23.2,91.3,CRUISE_LOITER,0.65,8,200.0,-0.23,-0.34,-0.29,0.24,-45.63,-45.6,-43.91,-45.8,-0.02,-0.08,3.13,9.51,0.01,-0.01,0.7069,1
35.5,5123.4,2108.4,73.5,85.89,88.74,85.73,87.63,736.27,740.37,735.74,739.53,4.77,64.76,15.73,2.99,52.46,0.727,14.1,4.05,LANE_A,19118.0,-23.2,91.3,CRUISE_LOITER,0.65,8,200.0,0.02,0.37,0.36,-0.24,-43.47,-44.37,-46.0,-45.21,-0.04,-0.09,3.34,9.57,0.003,0.0,0.7086,1
35.550000000000004,5096.6,2097.4,72.9,85.95,88.09,85.34,87.93,733.86,741.95,735.52,740.19,4.82,64.71,15.5,3.01,52.33,0.738,14.12,3.9,LANE_A,19119.0,-23.2,91.3,CRUISE_LOITER,0.65,8,200.0,0.08,-0.28,-0.03,0.06,-45.88,-42.79,-46.22,-44.55,0.01,-0.13,3.11,9.44,0.014,0.02,0.7042,1
35.6,5111.7,2103.6,72.8,85.77,88.73,85.3,87.97,732.33,740.21,737.44,741.31,4.82,64.67,15.61,2.97,52.42,0.722,14.1,4.21,LANE_A,19120.0,-23.2,91.3,CRUISE_LOITER,0.65,8,200.0,-0.09,0.37,-0.06,0.11,-47.4,-44.52,-44.29,-43.42,0.01,-0.17,3.22,9.53,-0.002,0.0,0.7073,1
35.65,5114.4,2104.7,73.3,85.59,88.05,85.38,87.72,733.23,738.88,734.74,739.14,4.79,64.71,15.46,3.02,52.26,0.713,14.11,4.01,LANE_A,19121.0,-23.2,91.3,CRUISE_LOITER,0.65,8,200.0,-0.27,-0.31,0.02,-0.14,-46.5,-45.85,-46.99,-45.59,-0.02,-0.13,3.07,9.37,-0.011,0.01,0.7047,1
35.7,5093.3,2096.0,72.9,85.93,88.22,84.99,87.62,734.0,739.86,738.3,740.74,4.82,64.94,15.56,3.02,52.42,0.711,14.11,3.99,LANE_A,19121.0,-23.2,91.3,CRUISE_LOITER,0.65,8,200.0,0.07,-0.14,-0.37,-0.24,-45.73,-44.87,-43.43,-43.99,0.01,0.1,3.17,9.53,-0.013,0.01,0.7066,1
35.75,5126.3,2109.6,72.9,85.94,88.45,85.19,88.12,733.67,740.15,736.11,739.16,4.85,65.08,15.54,3.0,52.38,0.749,14.11,4.18,LANE_A,19122.0,-23.2,91.3,CRUISE_LOITER,0.65,8,200.0,0.08,0.09,-0.17,0.26,-46.06,-44.58,-45.62,-45.57,0.04,0.24,3.15,9.49,0.025,0.01,0.7067,1
35.800000000000004,5135.1,2113.2,73.1,85.67,88.55,85.14,88.17,734.31,741.33,738.01,738.19,4.79,64.72,15.54,3.03,52.51,0.712,14.14,3.85,LANE_A,19123.0,-23.2,91.3,CRUISE_LOITER,0.65,8,200.0,-0.18,0.2,-0.21,0.32,-45.42,-43.4,-43.72,-46.54,-0.02,-0.11,3.15,9.62,-0.012,0.04,0.7097,1
35.85,5117.0,2105.8,73.1,86.04,88.45,85.11,87.68,734.04,739.94,735.03,739.4,4.78,65.08,15.65,3.02,52.39,0.71,14.09,3.92,LANE_A,19124.0,-23.2,91.3,CRUISE_LOITER,0.65,8,200.0,0.19,0.1,-0.24,-0.17,-45.69,-44.79,-46.7,-45.33,-0.03,0.25,3.26,9.5,-0.014,-0.01,0.7075,1
35.9,5115.7,2105.2,73.2,85.52,88.48,85.75,87.88,734.82,738.68,737.87,739.16,4.81,64.73,15.62,3.01,52.32,0.711,14.11,3.9,LANE_A,19125.0,-23.2,91.3,CRUISE_LOITER,0.65,8,200.0,-0.33,0.13,0.4,0.03,-44.91,-46.05,-43.86,-45.57,0.0,-0.1,3.23,9.44,-0.013,0.01,0.7048,1
35.95,5136.4,2113.7,73.2,85.87,88.29,85.35,88.13,732.9,738.23,737.01,739.28,4.83,64.99,15.58,3.0,52.31,0.749,14.14,4.03,LANE_A,19126.0,-23.3,91.3,CRUISE_LOITER,0.65,8,200.0,0.02,-0.06,0.0,0.28,-46.83,-46.5,-44.72,-45.45,0.02,0.16,3.19,9.43,0.025,0.04,0.7055,1
36.0,5095.8,2097.0,73.4,85.91,88.05,85.32,87.66,733.05,740.72,735.38,740.57,4.82,64.75,15.58,2.98,52.47,0.731,14.13,4.02,LANE_A,19127.0,-23.3,91.3,CRUISE_LOITER,0.65,8,200.0,0.07,-0.29,-0.02,-0.18,-46.67,-44.0,-46.34,-44.15,0.01,-0.07,3.2,9.59,0.007,0.03,0.7096,1
36.050000000000004,5113.4,2104.3,72.8,85.64,88.21,85.22,87.69,732.9,740.83,737.86,738.6,4.75,65.1,15.58,2.98,52.27,0.713,14.09,3.9,LANE_A,19127.0,-23.3,91.3,CRUISE_LOITER,0.65,8,200.0,-0.2,-0.13,-0.12,-0.15,-46.82,-43.89,-43.86,-46.12,-0.06,0.28,3.2,9.39,-0.011,-0.01,0.7034,1
36.1,5108.0,2102.1,73.1,86.06,88.47,85.61,87.82,734.8,740.08,736.96,740.14,4.8,64.8,15.69,3.02,52.38,0.725,14.14,4.01,LANE_A,19128.0,-23.3,91.3,CRUISE_LOITER,0.65,8,200.0,0.22,0.13,0.27,-0.02,-44.92,-44.64,-44.76,-44.58,-0.01,-0.02,3.31,9.5,0.001,0.04,0.7063,1
36.15,5102.3,2099.7,72.8,86.07,88.29,85.33,87.52,737.56,740.32,737.05,739.2,4.84,64.86,15.64,3.02,52.41,0.723,14.1,4.1,LANE_A,19129.0,-23.3,91.3,CRUISE_LOITER,0.65,8,200.0,0.23,-0.05,-0.01,-0.32,-42.16,-44.4,-44.67,-45.52,0.03,0.04,3.26,9.53,-0.001,0.0,0.7064,1
36.2,5131.7,2111.8,73.2,85.68,88.38,85.29,87.69,733.41,739.56,737.42,741.38,4.75,64.83,15.79,3.03,52.45,0.73,14.1,4.11,LANE_A,19130.0,-23.3,91.3,CRUISE_LOITER,0.65,8,200.0,-0.15,0.05,-0.04,-0.14,-46.31,-45.16,-44.3,-43.34,-0.06,0.02,3.41,9.57,0.006,0.0,0.7088,1
36.25,5132.6,2112.2,72.9,85.69,88.5,85.31,87.97,734.38,738.38,735.69,741.39,4.81,64.57,15.63,3.04,52.43,0.726,14.07,3.84,LANE_A,19131.0,-23.3,91.3,CRUISE_LOITER,0.65,8,200.0,-0.14,0.17,-0.02,0.14,-45.34,-46.34,-46.03,-43.33,0.0,-0.24,3.25,9.55,0.002,-0.03,0.7085,1
36.300000000000004,5127.3,2110.0,73.5,85.93,88.17,85.45,87.89,733.89,740.98,736.05,741.57,4.82,64.98,15.55,2.97,52.39,0.754,14.13,4.13,LANE_A,19132.0,-23.3,91.3,CRUISE_LOITER,0.65,8,200.0,0.1,-0.16,0.12,0.06,-45.83,-43.74,-45.67,-43.15,0.01,0.17,3.17,9.52,0.03,0.03,0.7064,1
36.35,5113.0,2104.1,73.4,85.69,88.22,85.27,87.7,737.39,739.2,733.97,738.4,4.86,64.85,15.63,3.01,52.45,0.711,14.12,4.0,LANE_A,19133.0,-23.3,91.3,CRUISE_LOITER,0.65,8,200.0,-0.14,-0.11,-0.06,-0.13,-42.33,-45.52,-47.75,-46.32,0.05,0.04,3.25,9.58,-0.013,0.02,0.7097,1
36.4,5110.5,2103.1,73.4,85.84,88.31,85.12,87.9,733.58,740.78,737.97,742.25,4.8,64.77,15.66,2.99,52.43,0.71,14.11,3.96,LANE_A,19133.0,-23.3,91.3,CRUISE_LOITER,0.65,8,200.0,0.02,-0.01,-0.2,0.08,-46.13,-43.93,-43.74,-42.46,-0.01,-0.03,3.28,9.56,-0.014,0.01,0.7072,1
36.45,5126.9,2109.8,72.9,85.88,88.38,85.14,87.87,737.36,738.5,736.77,738.76,4.79,64.61,15.62,2.99,52.4,0.741,14.08,4.08,LANE_A,19134.0,-23.3,91.3,CRUISE_LOITER,0.65,8,200.0,0.06,0.06,-0.18,0.05,-42.35,-46.21,-44.94,-45.95,-0.02,-0.19,3.24,9.53,0.017,-0.02,0.7073,1
36.5,5107.1,2101.7,73.6,85.63,88.36,85.12,87.55,736.5,739.71,735.98,739.25,4.79,64.73,15.57,3.01,52.48,0.707,14.09,3.94,LANE_A,19135.0,-23.3,91.3,CRUISE_LOITER,0.65,8,200.0,-0.19,0.04,-0.2,-0.27,-43.21,-45.0,-45.73,-45.46,-0.02,-0.07,3.19,9.61,-0.017,-0.01,0.7096,1
36.550000000000004,5105.7,2101.1,73.1,85.49,88.42,85.11,88.01,733.04,738.66,735.65,737.87,4.79,64.79,15.61,2.99,52.31,0.732,14.07,4.01,LANE_A,19136.0,-23.3,91.3,CRUISE_LOITER,0.65,8,200.0,-0.33,0.1,-0.21,0.19,-46.67,-46.05,-46.06,-46.84,-0.02,-0.01,3.23,9.44,0.008,-0.03,0.7067,1
36.6,5089.2,2094.3,73.0,85.72,88.26,85.06,87.44,733.85,739.65,736.29,738.93,4.82,64.75,15.57,3.04,52.44,0.747,14.12,4.01,LANE_A,19137.0,-23.3,91.3,CRUISE_LOITER,0.65,8,200.0,-0.09,-0.05,-0.25,-0.37,-45.86,-45.06,-45.42,-45.78,0.01,-0.05,3.19,9.57,0.023,0.02,0.7093,1
36.65,5091.7,2095.3,72.8,85.93,88.49,85.57,87.79,733.67,739.35,738.2,740.39,4.78,64.7,15.51,3.05,52.62,0.754,14.12,4.07,LANE_A,19138.0,-23.3,91.3,CRUISE_LOITER,0.65,8,200.0,0.12,0.18,0.26,-0.02,-46.04,-45.36,-43.51,-44.32,-0.03,-0.09,3.13,9.75,0.03,0.02,0.7136,1
36.7,5109.4,2102.6,73.3,85.74,88.3,85.45,87.94,733.35,739.73,738.18,739.84,4.83,65.17,15.6,3.0,52.36,0.716,14.08,4.22,LANE_A,19139.0,-23.3,91.3,CRUISE_LOITER,0.65,8,200.0,-0.07,-0.01,0.14,0.13,-46.36,-44.98,-43.53,-44.87,0.02,0.38,3.22,9.49,-0.008,-0.02,0.7061,1
36.75,5129.2,2110.8,73.2,85.84,87.98,85.14,87.94,733.61,739.78,737.34,740.08,4.82,64.84,15.73,3.04,52.34,0.74,14.08,4.0,LANE_A,19140.0,-23.3,91.4,CRUISE_LOITER,0.65,8,200.0,0.03,-0.33,-0.17,0.13,-46.1,-44.93,-44.37,-44.63,0.01,0.05,3.35,9.48,0.016,-0.02,0.7062,1
36.800000000000004,5123.3,2108.4,72.7,86.14,88.27,85.45,87.74,734.82,738.43,736.66,740.76,4.81,64.79,15.6,3.0,52.68,0.704,14.08,3.9,LANE_A,19140.0,-23.3,91.4,CRUISE_LOITER,0.65,8,200.0,0.34,-0.03,0.15,-0.06,-44.88,-46.27,-45.04,-43.94,0.0,0.0,3.22,9.82,-0.02,-0.02,0.7161,1
36.85,5121.0,2107.4,72.9,85.89,88.34,85.29,87.64,735.56,738.5,736.14,739.72,4.78,64.8,15.67,2.97,52.27,0.749,14.1,4.04,LANE_A,19141.0,-23.3,91.4,CRUISE_LOITER,0.65,8,200.0,0.09,0.04,-0.01,-0.16,-44.14,-46.2,-45.56,-44.98,-0.03,0.02,3.29,9.41,0.025,0.0,0.7042,1
36.9,5136.6,2113.8,73.1,85.75,88.38,85.26,87.46,734.88,739.41,737.81,740.68,4.86,64.75,15.5,2.96,52.44,0.715,14.09,4.03,LANE_A,19142.0,-23.3,91.4,CRUISE_LOITER,0.65,8,200.0,-0.05,0.08,-0.04,-0.34,-44.82,-45.29,-43.89,-44.02,0.05,-0.03,3.12,9.58,-0.009,-0.01,0.708,1
36.95,5103.9,2100.4,73.2,85.78,88.31,85.51,87.54,734.35,740.56,736.26,740.01,4.85,64.83,15.48,2.98,52.4,0.729,14.06,4.05,LANE_A,19143.0,-23.3,91.4,CRUISE_LOITER,0.65,8,200.0,-0.02,0.01,0.21,-0.26,-45.35,-44.14,-45.44,-44.69,0.04,0.05,3.1,9.54,0.005,-0.04,0.7073,1
37.0,5126.5,2109.7,73.2,85.85,88.29,85.5,87.43,732.67,739.88,735.87,738.9,4.8,64.71,15.67,3.03,52.42,0.75,14.13,4.0,LANE_A,19144.0,-23.3,91.4,CRUISE_LOITER,0.65,8,200.0,0.06,0.0,0.21,-0.36,-47.03,-44.82,-45.83,-45.8,-0.01,-0.07,3.29,9.56,0.026,0.03,0.7097,1
37.050000000000004,5131.3,2111.6,73.2,85.58,88.25,85.06,87.74,733.52,739.34,735.92,740.97,4.84,64.98,15.38,2.99,52.3,0.731,14.15,4.06,LANE_A,19145.0,-23.3,91.4,CRUISE_LOITER,0.65,8,200.0,-0.21,-0.04,-0.23,-0.05,-46.18,-45.36,-45.78,-43.73,0.03,0.21,3.0,9.44,0.007,0.05,0.7045,1
37.1,5120.7,2107.3,73.0,85.83,88.43,85.5,87.88,733.52,739.71,738.53,738.18,4.81,65.0,15.67,3.0,52.25,0.735,14.11,4.1,LANE_A,19146.0,-23.3,91.4,CRUISE_LOITER,0.65,8,200.0,0.04,0.14,0.21,0.09,-46.18,-44.99,-43.17,-46.52,0.0,0.23,3.29,9.39,0.011,0.01,0.7036,1
37.15,5104.8,2100.7,72.9,85.72,88.55,85.22,87.67,733.85,738.64,736.45,738.93,4.83,64.71,15.54,3.01,52.44,0.732,14.1,3.99,LANE_A,19146.0,-23.3,91.4,CRUISE_LOITER,0.65,8,200.0,-0.07,0.26,-0.07,-0.12,-45.85,-46.06,-45.25,-45.77,0.02,-0.06,3.16,9.59,0.008,0.0,0.7101,1
37.2,5116.8,2105.7,72.9,85.47,88.42,84.99,87.72,735.68,738.54,738.61,740.47,4.78,64.8,15.54,2.95,52.32,0.708,14.11,3.94,LANE_A,19147.0,-23.3,91.4,CRUISE_LOITER,0.65,8,200.0,-0.31,0.14,-0.29,-0.06,-44.01,-46.15,-43.08,-44.22,-0.03,0.03,3.16,9.47,-0.016,0.01,0.7046,1
37.25,5130.2,2111.2,73.1,85.69,88.18,85.6,87.6,736.42,738.95,735.98,737.07,4.8,64.79,15.74,3.01,52.47,0.725,14.08,4.09,LANE_A,19148.0,-23.3,91.4,CRUISE_LOITER,0.65,8,200.0,-0.09,-0.1,0.32,-0.18,-43.27,-45.74,-45.71,-47.62,-0.01,0.03,3.36,9.62,0.001,-0.02,0.7113,1
37.300000000000004,5102.3,2099.7,73.0,85.77,88.56,85.36,87.7,733.58,739.42,734.89,737.22,4.79,64.8,15.52,3.0,52.41,0.726,14.07,4.06,LANE_A,19149.0,-23.3,91.4,CRUISE_LOITER,0.65,8,200.0,-0.01,0.28,0.08,-0.08,-46.11,-45.27,-46.8,-47.47,-0.02,0.04,3.14,9.56,0.002,-0.03,0.7101,1
37.35,5126.3,2109.6,73.3,86.19,88.47,85.27,87.9,736.08,740.05,736.2,737.87,4.79,64.83,15.6,3.01,52.07,0.711,14.11,4.1,LANE_A,19150.0,-23.3,91.4,CRUISE_LOITER,0.65,8,200.0,0.41,0.19,-0.01,0.12,-43.61,-44.64,-45.49,-46.82,-0.02,0.07,3.22,9.22,-0.013,0.01,0.7023,1
37.4,5116.2,2105.4,73.2,85.8,88.25,85.09,87.61,737.83,739.91,735.96,738.72,4.78,64.59,15.54,2.99,52.37,0.717,14.1,4.06,LANE_A,19151.0,-23.3,91.4,CRUISE_LOITER,0.65,8,200.0,0.03,-0.02,-0.18,-0.16,-41.86,-44.78,-45.73,-45.97,-0.03,-0.17,3.16,9.52,-0.007,0.0,0.7064,1
37.45,5126.5,2109.7,72.8,85.47,88.05,85.12,87.72,732.15,738.72,737.99,739.61,4.77,64.57,15.46,3.02,52.32,0.746,14.08,3.98,LANE_A,19152.0,-23.3,91.4,CRUISE_LOITER,0.65,8,200.0,-0.3,-0.22,-0.15,-0.05,-47.54,-45.97,-43.7,-45.08,-0.04,-0.19,3.08,9.47,0.022,-0.02,0.7072,1
37.5,5104.0,2100.4,73.0,85.59,88.47,85.51,87.59,733.6,741.05,737.12,741.06,4.8,64.58,15.51,3.0,52.54,0.72,14.12,4.03,LANE_A,19152.0,-23.3,91.4,CRUISE_LOITER,0.65,8,200.0,-0.18,0.2,0.24,-0.18,-46.09,-43.64,-44.57,-43.63,-0.01,-0.17,3.13,9.69,-0.004,0.02,0.7113,1
37.550000000000004,5120.2,2107.1,73.1,85.96,88.21,85.44,87.84,732.73,740.82,739.61,738.44,4.83,64.82,15.63,3.01,52.21,0.751,14.1,3.98,LANE_A,19153.0,-23.3,91.4,CRUISE_LOITER,0.65,8,200.0,0.19,-0.06,0.17,0.07,-46.95,-43.86,-42.07,-46.24,0.02,0.07,3.25,9.37,0.027,0.0,0.7029,1
37.6,5128.1,2110.3,73.4,85.81,88.2,85.22,87.54,734.7,738.23,738.84,738.75,4.77,64.84,15.54,2.98,52.42,0.704,14.11,4.07,LANE_A,19154.0,-23.3,91.4,CRUISE_LOITER,0.65,8,200.0,0.05,-0.06,-0.04,-0.22,-44.98,-46.45,-42.84,-45.93,-0.04,0.09,3.16,9.58,-0.02,0.01,0.7089,1
37.65,5120.0,2107.0,73.1,85.87,88.6,85.34,87.73,732.12,740.22,736.74,739.82,4.81,65.01,15.46,3.04,52.2,0.728,14.13,3.98,LANE_A,19155.0,-23.3,91.4,CRUISE_LOITER,0.65,8,200.0,0.11,0.34,0.08,-0.03,-47.56,-44.46,-44.94,-44.86,0.0,0.26,3.08,9.36,0.004,0.03,0.7069,1
37.7,5116.1,2105.4,73.2,85.99,88.16,85.36,87.34,733.37,739.6,737.35,739.42,4.84,65.0,15.57,3.02,52.48,0.732,14.14,4.05,LANE_A,19156.0,-23.3,91.4,CRUISE_LOITER,0.65,8,200.0,0.23,-0.1,0.1,-0.42,-46.31,-45.08,-44.33,-45.26,0.03,0.26,3.19,9.64,0.008,0.04,0.711,1
37.75,5115.0,2104.9,73.0,85.84,88.36,85.4,88.1,734.67,740.43,738.35,737.35,4.78,64.8,15.57,3.01,52.29,0.751,14.09,3.92,LANE_A,19157.0,-23.3,91.4,CRUISE_LOITER,0.65,8,200.0,0.08,0.1,0.14,0.34,-45.01,-44.25,-43.33,-47.33,-0.03,0.06,3.19,9.45,0.027,-0.01,0.7054,1
37.800000000000004,5095.1,2096.7,72.9,85.82,88.27,85.09,88.02,734.99,737.77,735.81,737.75,4.82,64.67,15.66,3.02,52.3,0.701,14.13,4.03,LANE_A,19158.0,-23.3,91.4,CRUISE_LOITER,0.65,8,200.0,0.07,0.02,-0.16,0.27,-44.69,-46.91,-45.87,-46.93,0.01,-0.07,3.28,9.46,-0.023,0.03,0.707,1
37.85,5095.6,2097.0,73.0,85.84,88.01,85.34,87.49,733.4,739.94,737.61,741.59,4.81,64.43,15.57,3.0,52.45,0.728,14.1,3.93,LANE_A,19158.0,-23.3,91.4,CRUISE_LOITER,0.65,8,200.0,0.09,-0.24,0.09,-0.26,-46.28,-44.74,-44.07,-43.09,0.0,-0.31,3.19,9.61,0.004,0.0,0.7091,1
37.9,5119.2,2106.7,73.1,85.69,88.8,85.05,87.8,735.32,739.84,736.52,737.9,4.78,64.36,15.53,2.99,52.31,0.739,14.09,4.1,LANE_A,19159.0,-23.3,91.4,CRUISE_LOITER,0.65,8,200.0,-0.06,0.55,-0.2,0.05,-44.36,-44.84,-45.16,-46.78,-0.03,-0.37,3.15,9.47,0.015,-0.01,0.7058,1
37.95,5118.3,2106.3,73.1,85.88,88.13,84.96,87.8,735.02,740.78,734.57,739.77,4.86,65.03,15.53,3.02,52.4,0.746,14.08,4.06,LANE_A,19160.0,-23.3,91.4,CRUISE_LOITER,0.65,8,200.0,0.13,-0.12,-0.29,0.05,-44.65,-43.89,-47.1,-44.9,0.05,0.3,3.15,9.56,0.022,-0.02,0.7084,1
38.0,5098.1,2098.0,72.6,85.64,88.15,85.34,87.63,734.52,739.56,736.45,738.78,4.85,64.78,15.55,3.0,52.55,0.704,14.09,4.04,LANE_A,19161.0,-23.3,91.4,CRUISE_LOITER,0.65,8,200.0,-0.1,-0.09,0.1,-0.11,-45.15,-45.11,-45.22,-45.89,0.04,0.05,3.18,9.72,-0.02,-0.01,0.7135,1
38.050000000000004,5113.0,2104.1,73.2,85.83,88.06,85.23,87.56,734.11,741.59,738.42,741.23,4.83,64.67,15.67,2.98,52.49,0.73,14.1,4.0,LANE_A,19162.0,-23.3,91.4,CRUISE_LOITER,0.65,8,200.0,0.09,-0.18,-0.01,-0.18,-45.56,-43.08,-43.25,-43.44,0.02,-0.06,3.3,9.66,0.006,0.0,0.7099,1
38.1,5128.6,2110.5,73.1,85.7,88.27,85.3,87.71,735.87,739.39,738.97,738.52,4.84,64.82,15.61,2.95,52.04,0.72,14.11,4.07,LANE_A,19163.0,-23.3,91.5,CRUISE_LOITER,0.65,8,200.0,-0.04,0.03,0.06,-0.03,-43.8,-45.28,-42.7,-46.15,0.03,0.09,3.24,9.21,-0.004,0.01,0.6975,1
38.15,5110.7,2103.2,73.1,85.63,88.18,85.15,87.78,733.44,740.92,733.8,738.11,4.83,64.39,15.64,2.98,52.44,0.74,14.1,4.0,LANE_A,19164.0,-23.3,91.5,CRUISE_LOITER,0.65,8,200.0,-0.11,-0.06,-0.09,0.04,-46.23,-43.75,-47.87,-46.56,0.02,-0.33,3.27,9.61,0.016,0.0,0.7115,1
38.2,5126.8,2109.8,72.9,85.55,88.42,85.42,87.52,734.82,739.98,737.6,739.99,4.81,65.05,15.42,2.99,52.32,0.732,14.11,3.88,LANE_A,19164.0,-23.3,91.5,CRUISE_LOITER,0.65,8,200.0,-0.18,0.19,0.19,-0.21,-44.85,-44.69,-44.07,-44.68,0.0,0.33,3.05,9.49,0.008,0.01,0.7052,1
38.25,5127.8,2110.2,73.4,85.76,88.31,85.22,87.67,734.23,739.82,737.22,738.58,4.75,64.68,15.63,3.01,52.21,0.703,14.09,3.91,LANE_A,19165.0,-23.3,91.5,CRUISE_LOITER,0.65,8,200.0,0.03,0.08,-0.01,-0.06,-45.44,-44.85,-44.45,-46.09,-0.06,-0.04,3.26,9.38,-0.021,-0.01,0.7032,1
38.300000000000004,5102.5,2099.8,72.9,85.76,88.22,85.3,87.66,733.37,739.65,737.33,739.29,4.81,64.61,15.54,3.0,52.33,0.719,14.12,4.03,LANE_A,19166.0,-23.3,91.5,CRUISE_LOITER,0.65,8,200.0,0.03,-0.01,0.07,-0.07,-46.3,-45.02,-44.34,-45.38,0.0,-0.11,3.17,9.5,-0.005,0.02,0.7067,1
38.35,5109.0,2102.5,73.1,85.49,88.16,85.49,87.97,735.27,740.13,736.29,739.25,4.79,64.55,15.52,3.0,52.17,0.724,14.1,4.13,LANE_A,19167.0,-23.3,91.5,CRUISE_LOITER,0.65,8,200.0,-0.24,-0.07,0.26,0.24,-44.39,-44.53,-45.37,-45.41,-0.02,-0.16,3.15,9.34,0.0,0.0,0.7013,1
38.400000000000006,5142.6,2116.3,73.0,85.73,88.36,85.19,87.74,732.09,741.2,736.63,738.86,4.82,64.62,15.62,2.96,52.41,0.712,14.08,4.02,LANE_A,19168.0,-23.3,91.5,CRUISE_LOITER,0.65,8,200.0,0.01,0.14,-0.03,0.02,-47.57,-43.46,-45.03,-45.8,0.01,-0.09,3.25,9.59,-0.012,-0.02,0.71,1
38.45,5136.3,2113.7,73.1,85.91,88.19,84.94,87.93,735.85,738.65,738.72,739.84,4.79,64.75,15.56,3.0,52.49,0.739,14.08,4.26,LANE_A,19169.0,-23.3,91.5,CRUISE_LOITER,0.65,8,200.0,0.19,-0.03,-0.28,0.21,-43.81,-46.01,-42.94,-44.82,-0.02,0.04,3.19,9.67,0.015,-0.02,0.7107,1
38.5,5109.9,2102.8,73.2,85.7,88.03,84.97,87.83,735.13,740.96,736.28,739.56,4.85,64.66,15.49,3.01,52.42,0.741,14.12,4.21,LANE_A,19170.0,-23.3,91.5,CRUISE_LOITER,0.65,8,200.0,-0.02,-0.19,-0.25,0.11,-44.53,-43.7,-45.38,-45.1,0.04,-0.05,3.12,9.6,0.017,0.02,0.7089,1
38.550000000000004,5119.0,2106.6,73.4,85.72,87.98,85.32,87.94,733.19,738.15,740.17,738.61,4.82,64.72,15.62,2.99,52.36,0.718,14.08,4.17,LANE_A,19170.0,-23.3,91.5,CRUISE_LOITER,0.65,8,200.0,0.0,-0.24,0.1,0.22,-46.47,-46.51,-41.49,-46.05,0.01,0.02,3.25,9.54,-0.006,-0.02,0.708,1
38.6,5124.3,2108.8,73.1,85.66,88.28,85.15,87.86,734.04,738.63,737.05,739.63,4.78,64.58,15.58,3.02,52.4,0.714,14.08,4.11,LANE_A,19171.0,-23.3,91.5,CRUISE_LOITER,0.65,8,200.0,-0.05,0.07,-0.06,0.15,-45.62,-46.03,-44.61,-45.03,-0.03,-0.12,3.21,9.58,-0.01,-0.02,0.7093,1
38.650000000000006,5126.3,2109.6,73.0,86.07,87.99,85.57,87.44,735.25,741.89,733.87,739.12,4.8,64.55,15.57,3.03,52.3,0.742,14.11,4.1,LANE_A,19172.0,-23.3,91.5,CRUISE_LOITER,0.65,8,200.0,0.36,-0.22,0.36,-0.27,-44.41,-42.77,-47.79,-45.54,-0.01,-0.15,3.2,9.48,0.018,0.01,0.7083,1
38.7,5130.7,2111.4,73.1,85.8,87.93,85.41,87.72,734.9,739.68,738.42,738.23,4.8,64.52,15.56,2.98,52.19,0.722,14.08,3.85,LANE_A,19173.0,-23.3,91.5,CRUISE_LOITER,0.65,8,200.0,0.09,-0.28,0.2,0.01,-44.76,-44.98,-43.24,-46.43,-0.01,-0.18,3.19,9.37,-0.002,-0.02,0.7022,1
38.75,5113.7,2104.4,73.4,85.7,88.54,85.18,87.71,733.88,738.03,734.27,739.29,4.79,64.96,15.56,3.0,52.24,0.735,14.1,3.97,LANE_A,19174.0,-23.3,91.5,CRUISE_LOITER,0.65,8,200.0,-0.01,0.33,-0.03,0.0,-45.77,-46.62,-47.38,-45.36,-0.02,0.27,3.19,9.42,0.011,0.0,0.7074,1
38.800000000000004,5136.2,2113.7,73.0,85.67,88.28,85.25,87.84,733.22,738.05,735.48,740.81,4.84,64.53,15.73,3.0,52.24,0.741,14.09,4.06,LANE_A,19175.0,-23.3,91.5,CRUISE_LOITER,0.65,8,200.0,-0.03,0.08,0.05,0.14,-46.43,-46.6,-46.17,-43.84,0.03,-0.16,3.36,9.42,0.017,-0.01,0.7055,1
38.85,5113.5,2104.3,72.9,85.66,88.27,85.24,87.97,734.74,738.61,734.87,740.17,4.81,64.31,15.66,3.01,52.17,0.757,14.09,4.12,LANE_A,19176.0,-23.4,91.5,CRUISE_LOITER,0.65,8,200.0,-0.04,0.07,0.04,0.27,-44.91,-46.04,-46.78,-44.48,0.0,-0.38,3.29,9.36,0.033,-0.01,0.7032,1
38.900000000000006,5124.0,2108.6,73.1,85.86,88.19,85.1,87.83,733.46,741.0,735.49,741.85,4.84,64.78,15.59,3.01,52.27,0.712,14.06,4.03,LANE_A,19176.0,-23.4,91.5,CRUISE_LOITER,0.65,8,200.0,0.16,-0.01,-0.1,0.13,-46.19,-43.65,-46.16,-42.8,0.03,0.09,3.22,9.46,-0.012,-0.04,0.7049,1
38.95,5118.7,2106.5,73.1,85.75,88.04,85.31,87.79,733.15,738.39,734.62,738.91,4.81,64.77,15.6,2.96,52.11,0.7,14.11,4.04,LANE_A,19177.0,-23.4,91.5,CRUISE_LOITER,0.65,8,200.0,0.05,-0.16,0.11,0.09,-46.5,-46.26,-47.03,-45.74,0.0,0.08,3.23,9.3,-0.025,0.01,0.7054,1
39.0,5124.5,2108.8,73.0,85.8,88.34,84.85,87.53,737.18,740.38,737.08,740.14,4.84,64.61,15.55,3.03,52.22,0.711,14.09,3.95,LANE_A,19178.0,-23.4,91.5,CRUISE_LOITER,0.65,8,200.0,0.11,0.15,-0.34,-0.16,-42.47,-44.27,-44.57,-44.51,0.03,-0.07,3.18,9.41,-0.014,-0.01,0.7022,1
39.050000000000004,5093.0,2095.9,73.0,85.8,88.11,85.4,87.8,732.0,739.84,736.61,738.88,4.78,64.59,15.59,2.97,52.45,0.715,14.11,4.03,LANE_A,19179.0,-23.4,91.5,CRUISE_LOITER,0.65,8,200.0,0.11,-0.08,0.21,0.11,-47.65,-44.81,-45.04,-45.77,-0.03,-0.09,3.22,9.64,-0.01,0.01,0.7119,1
39.1,5120.2,2107.1,73.4,85.54,87.82,84.69,87.74,734.37,737.76,737.03,741.2,4.76,64.56,15.6,3.01,52.19,0.729,14.12,4.09,LANE_A,19180.0,-23.4,91.5,CRUISE_LOITER,0.65,8,200.0,-0.15,-0.37,-0.5,0.05,-45.28,-46.89,-44.62,-43.45,-0.05,-0.12,3.23,9.38,0.004,0.02,0.703,1
39.150000000000006,5105.8,2101.2,73.0,85.68,88.13,84.78,87.61,735.72,736.94,736.67,740.45,4.8,64.92,15.54,3.02,52.29,0.74,14.1,4.01,LANE_A,19181.0,-23.4,91.5,CRUISE_LOITER,0.65,8,200.0,-0.01,-0.06,-0.41,-0.08,-43.92,-47.7,-44.97,-44.19,-0.01,0.24,3.17,9.48,0.015,0.0,0.7078,1
39.2,5109.5,2102.7,73.0,85.71,88.28,85.16,87.86,734.39,739.41,738.47,739.36,4.85,64.88,15.51,3.02,52.14,0.699,14.12,4.32,LANE_A,19182.0,-23.4,91.5,CRUISE_LOITER,0.65,8,200.0,0.03,0.1,-0.02,0.18,-45.25,-45.23,-43.17,-45.28,0.04,0.21,3.14,9.33,-0.026,0.02,0.7007,1
39.25,5128.6,2110.5,73.1,85.73,88.31,85.38,87.63,736.08,741.1,735.01,736.12,4.83,64.65,15.62,3.02,52.37,0.735,14.11,3.92,LANE_A,19182.0,-23.4,91.5,CRUISE_LOITER,0.65,8,200.0,0.05,0.13,0.2,-0.05,-43.56,-43.54,-46.63,-48.52,0.02,-0.02,3.25,9.57,0.01,0.01,0.7133,1
39.300000000000004,5118.4,2106.3,73.0,85.66,88.52,85.05,87.83,735.15,739.86,734.37,739.98,4.82,64.54,15.58,2.99,52.34,0.731,14.09,4.11,LANE_A,19183.0,-23.4,91.5,CRUISE_LOITER,0.65,8,200.0,-0.02,0.34,-0.13,0.15,-44.49,-44.78,-47.27,-44.66,0.01,-0.13,3.21,9.54,0.006,-0.01,0.7081,1
39.35,5094.0,2096.3,73.1,85.89,88.33,85.36,87.62,732.84,740.91,737.71,737.08,4.83,64.54,15.58,3.0,52.09,0.728,14.1,4.05,LANE_A,19184.0,-23.4,91.5,CRUISE_LOITER,0.65,8,200.0,0.21,0.15,0.18,-0.06,-46.8,-43.73,-43.93,-47.56,0.02,-0.13,3.21,9.29,0.003,0.0,0.7072,1
39.400000000000006,5121.3,2107.5,73.0,85.69,88.39,85.08,87.63,734.03,740.39,736.86,739.09,4.84,64.83,15.54,2.95,52.16,0.731,14.08,4.03,LANE_A,19185.0,-23.4,91.5,CRUISE_LOITER,0.65,8,200.0,0.02,0.22,-0.09,-0.04,-45.61,-44.25,-44.78,-45.55,0.03,0.17,3.17,9.36,0.006,-0.02,0.7021,1
39.45,5115.3,2105.1,72.9,85.54,88.18,85.23,87.6,734.46,739.78,736.91,738.93,4.78,64.71,15.65,2.98,52.29,0.716,14.1,4.04,LANE_A,19186.0,-23.4,91.5,CRUISE_LOITER,0.65,8,200.0,-0.13,0.01,0.06,-0.07,-45.18,-44.86,-44.73,-45.71,-0.03,0.05,3.28,9.49,-0.009,0.0,0.7065,1
39.5,5120.8,2107.3,73.2,85.59,88.12,85.06,87.55,734.93,738.29,735.98,739.66,4.82,64.87,15.6,3.0,52.46,0.738,14.1,4.25,LANE_A,19187.0,-23.4,91.6,CRUISE_LOITER,0.65,8,200.0,-0.08,-0.05,-0.11,-0.12,-44.71,-46.35,-45.66,-44.98,0.01,0.21,3.23,9.66,0.013,0.0,0.7119,1
39.550000000000004,5105.4,2101.0,73.2,85.89,88.21,84.95,87.68,733.59,740.11,736.32,740.73,4.79,64.72,15.53,3.01,52.35,0.733,14.09,3.96,LANE_A,19188.0,-23.4,91.6,CRUISE_LOITER,0.65,8,200.0,0.22,0.04,-0.22,0.01,-46.04,-44.52,-45.31,-43.9,-0.02,0.06,3.16,9.55,0.008,-0.01,0.7078,1
39.6,5116.4,2105.5,73.0,85.67,88.64,85.26,87.85,734.89,740.65,735.16,738.6,4.78,64.84,15.75,3.01,52.24,0.733,14.11,3.84,LANE_A,19188.0,-23.4,91.6,CRUISE_LOITER,0.65,8,200.0,0.01,0.48,0.1,0.19,-44.74,-43.98,-46.47,-46.03,-0.03,0.18,3.38,9.44,0.008,0.01,0.7055,1
39.650000000000006,5122.4,2108.0,72.8,85.59,88.22,85.17,87.66,735.35,738.98,736.63,739.41,4.8,64.72,15.6,3.05,52.33,0.745,14.12,4.01,LANE_A,19189.0,-23.4,91.6,CRUISE_LOITER,0.65,8,200.0,-0.07,0.06,0.01,0.0,-44.28,-45.65,-45.0,-45.22,-0.01,0.07,3.23,9.54,0.02,0.02,0.7078,1
39.7,5120.2,2107.1,73.1,85.49,88.06,85.0,87.57,734.8,740.0,733.77,738.51,4.84,64.49,15.55,3.0,52.29,0.727,14.08,4.08,LANE_A,19190.0,-23.4,91.6,CRUISE_LOITER,0.65,8,200.0,-0.17,-0.1,-0.16,-0.09,-44.83,-44.63,-47.86,-46.12,0.03,-0.16,3.18,9.5,0.002,-0.02,0.7097,1
39.75,5115.8,2105.3,73.5,85.84,88.23,84.95,87.67,737.47,739.42,736.02,739.94,4.78,64.9,15.58,3.03,52.24,0.749,14.07,4.0,LANE_A,19191.0,-23.4,91.6,CRUISE_LOITER,0.65,8,200.0,0.18,0.07,-0.21,0.01,-42.16,-45.21,-45.61,-44.69,-0.03,0.25,3.21,9.45,0.024,-0.03,0.7042,1
39.800000000000004,5131.4,2111.7,73.2,85.77,88.02,85.49,87.91,733.36,741.05,736.66,738.21,4.82,64.66,15.66,2.99,52.34,0.706,14.1,4.22,LANE_A,19192.0,-23.4,91.6,CRUISE_LOITER,0.65,8,200.0,0.12,-0.13,0.34,0.26,-46.27,-43.58,-44.97,-46.42,0.01,0.01,3.29,9.55,-0.019,0.0,0.7086,1
39.85,5107.3,2101.8,73.3,85.81,87.76,85.3,87.38,733.72,739.46,737.61,739.35,4.87,64.93,15.56,3.01,52.22,0.722,14.1,3.96,LANE_A,19193.0,-23.4,91.6,CRUISE_LOITER,0.65,8,200.0,0.16,-0.39,0.15,-0.27,-45.91,-45.17,-44.02,-45.28,0.06,0.29,3.19,9.43,-0.003,0.0,0.7045,1
39.900000000000006,5133.5,2112.6,73.1,85.65,87.89,85.24,87.9,735.39,739.95,736.63,741.67,4.86,64.8,15.73,3.0,52.33,0.717,14.08,3.96,LANE_A,19194.0,-23.4,91.6,CRUISE_LOITER,0.65,8,200.0,0.0,-0.26,0.09,0.25,-44.24,-44.68,-45.0,-42.96,0.05,0.16,3.36,9.54,-0.008,-0.02,0.707,1
39.95,5109.9,2102.8,73.2,85.67,87.97,85.04,87.52,732.16,739.82,738.8,738.63,4.79,64.76,15.58,2.99,52.47,0.704,14.05,4.08,LANE_A,19194.0,-23.4,91.6,CRUISE_LOITER,0.65,8,200.0,0.02,-0.18,-0.11,-0.13,-47.46,-44.8,-42.82,-45.99,-0.02,0.12,3.22,9.68,-0.021,-0.05,0.7123,1
