TIMESTAMP_SEC,ENGINE_RPM,PROP_RPM,TPS,CHT_1,CHT_2,CHT_3,CHT_4,EGT_1,EGT_2,EGT_3,EGT_4,OIL_PRESS,OIL_TEMP,FUEL_FLOW,FUEL_RAIL_P,MAP,VIB_GEARBOX_RMS,BUS_VOLTAGE,BATTERY_CURRENT,FADEC_ACTIVE_LANE,ALTITUDE_FT,OAT_C,TAS_KNOTS,FLIGHT_PHASE,HEALTH_INDEX,FAULT_ID,RUL_HOURS,RES_d_CHT_1,RES_d_CHT_2,RES_d_CHT_3,RES_d_CHT_4,RES_d_EGT_1,RES_d_EGT_2,RES_d_EGT_3,RES_d_EGT_4,RES_d_OIL_PRESS,RES_d_OIL_TEMP,RES_d_FUEL_FLOW,RES_d_MAP,RES_d_VIB_RMS,RES_d_BUS_VOLTAGE,RES_ANOMALY_SCORE,RES_IS_ANOMALY
0.0,5131.7,2111.8,72.5,87.96,90.54,87.15,89.74,780.38,787.11,781.47,785.29,4.74,66.63,12.62,3.01,43.69,0.699,14.1,4.13,LANE_A,18500.0,-22.0,88.0,CRUISE_LOITER,1.0,0,500.0,0.15,0.23,-0.16,-0.07,-0.29,1.44,-1.2,-0.38,-0.03,-0.01,0.06,-0.06,-0.022,0.0,0.0373,0
0.05,5165.9,2125.9,72.2,87.88,90.53,87.14,89.7,781.13,785.43,785.05,785.94,4.81,66.38,12.5,3.05,43.74,0.703,14.07,3.94,LANE_A,18501.0,-22.0,88.0,CRUISE_LOITER,1.0,0,500.0,0.08,0.23,-0.16,-0.1,0.46,-0.24,2.38,0.27,0.04,-0.26,-0.06,-0.01,-0.018,-0.03,0.0557,0
0.1,5138.8,2114.7,72.0,87.88,90.57,87.15,89.9,782.32,784.21,781.71,785.14,4.74,66.56,12.61,2.99,43.95,0.739,14.12,4.02,LANE_A,18502.0,-22.0,88.0,CRUISE_LOITER,1.0,0,500.0,0.08,0.27,-0.15,0.1,1.65,-1.46,-0.96,-0.53,-0.03,-0.08,0.05,0.2,0.018,0.02,0.0414,0
0.15000000000000002,5146.6,2117.9,72.0,87.95,90.33,87.45,89.62,780.8,788.02,780.67,785.97,4.82,66.74,12.72,3.0,43.84,0.736,14.12,4.1,LANE_A,18503.0,-22.0,88.0,CRUISE_LOITER,1.0,0,500.0,0.15,0.03,0.15,-0.18,0.14,2.36,-1.99,0.31,0.05,0.1,0.16,0.1,0.015,0.02,0.0599,0
0.2,5161.3,2124.0,72.0,88.16,90.19,87.22,89.72,780.61,784.07,783.03,785.13,4.82,66.64,12.46,2.99,43.87,0.717,14.11,4.17,LANE_A,18503.0,-22.0,88.0,CRUISE_LOITER,1.0,0,500.0,0.37,-0.1,-0.07,-0.07,-0.05,-1.59,0.37,-0.53,0.05,0.01,-0.1,0.13,-0.004,0.01,0.0572,0
0.25,5141.4,2115.8,72.0,88.1,90.12,87.45,89.88,781.59,783.75,781.05,785.69,4.78,66.7,12.67,2.99,43.94,0.731,14.12,4.08,LANE_A,18504.0,-22.0,88.0,CRUISE_LOITER,1.0,0,500.0,0.31,-0.17,0.16,0.09,0.93,-1.91,-1.61,0.03,0.01,0.07,0.11,0.2,0.01,0.02,0.0462,0
0.30000000000000004,5176.4,2130.2,71.6,87.79,90.11,87.15,89.43,782.43,786.74,781.21,786.6,4.77,66.77,12.6,3.0,43.72,0.719,14.07,4.02,LANE_A,18505.0,-22.0,88.0,CRUISE_LOITER,1.0,0,500.0,0.0,-0.18,-0.14,-0.36,1.77,1.08,-1.45,0.94,0.0,0.14,0.04,-0.02,-0.002,-0.03,0.0432,0
0.35000000000000003,5133.9,2112.7,72.1,87.55,90.31,87.5,89.78,781.49,785.96,780.98,784.1,4.79,66.57,12.68,3.02,43.91,0.712,14.13,4.17,LANE_A,18506.0,-22.0,88.0,CRUISE_LOITER,1.0,0,500.0,-0.24,0.02,0.21,-0.01,0.83,0.3,-1.68,-1.56,0.02,-0.06,0.12,0.17,-0.009,0.03,0.0418,0
0.4,5153.4,2120.7,72.1,87.61,90.42,87.54,90.01,780.05,784.88,785.09,785.53,4.79,66.81,12.41,3.01,43.55,0.709,14.11,4.05,LANE_A,18507.0,-22.0,88.0,CRUISE_LOITER,1.0,0,500.0,-0.17,0.14,0.26,0.23,-0.61,-0.78,2.43,-0.13,0.02,0.19,-0.15,-0.19,-0.012,0.01,0.0564,0
0.45,5170.0,2127.6,71.8,87.87,90.11,87.31,89.63,780.57,785.39,782.67,785.36,4.78,66.83,12.69,3.05,43.7,0.715,14.09,4.01,LANE_A,18508.0,-22.0,88.0,CRUISE_LOITER,1.0,0,500.0,0.09,-0.17,0.03,-0.15,-0.09,-0.27,0.01,-0.3,0.01,0.21,0.13,-0.04,-0.006,-0.01,0.0303,0
0.5,5153.1,2120.6,71.9,87.91,90.36,87.38,89.8,780.27,784.38,784.42,786.12,4.74,66.67,12.52,2.97,43.58,0.701,14.09,3.91,LANE_A,18509.0,-22.0,88.0,CRUISE_LOITER,1.0,0,500.0,0.13,0.08,0.1,0.02,-0.38,-1.27,1.77,0.47,-0.03,0.05,-0.04,-0.16,-0.02,-0.01,0.0426,0
0.55,5149.8,2119.2,72.0,87.85,90.4,87.53,89.75,781.88,786.33,782.35,785.8,4.78,66.08,12.6,3.02,43.86,0.713,14.11,4.17,LANE_A,18510.0,-22.0,88.1,CRUISE_LOITER,1.0,0,500.0,0.08,0.13,0.26,-0.02,1.23,0.68,-0.3,0.15,0.01,-0.54,0.04,0.13,-0.008,0.01,0.0384,0
0.6000000000000001,5164.3,2125.2,72.1,87.89,90.22,87.35,89.84,780.76,786.74,784.61,784.67,4.77,66.2,12.56,3.03,43.65,0.72,14.12,4.02,LANE_A,18510.0,-22.0,88.1,CRUISE_LOITER,1.0,0,500.0,0.12,-0.05,0.08,0.07,0.11,1.09,1.96,-0.98,0.0,-0.41,0.0,-0.08,-0.001,0.02,0.0455,0
0.65,5161.1,2123.9,71.9,87.83,89.81,87.47,89.54,779.58,785.08,782.27,785.99,4.75,66.49,12.6,2.98,43.72,0.721,14.11,4.05,LANE_A,18511.0,-22.0,88.1,CRUISE_LOITER,1.0,0,500.0,0.06,-0.46,0.2,-0.23,-1.07,-0.57,-0.38,0.34,-0.02,-0.12,0.04,-0.01,0.0,0.01,0.0405,0
0.7000000000000001,5155.9,2121.8,71.9,87.65,90.4,87.41,89.67,779.79,786.05,783.05,785.56,4.76,66.69,12.44,3.04,43.73,0.726,14.13,4.1,LANE_A,18512.0,-22.0,88.1,CRUISE_LOITER,1.0,0,500.0,-0.12,0.13,0.14,-0.1,-0.86,0.4,0.4,-0.09,-0.01,0.08,-0.12,0.0,0.005,0.03,0.0311,0
0.75,5154.1,2121.0,72.2,87.83,90.11,87.26,89.88,780.23,784.53,784.36,786.94,4.85,66.63,12.62,3.0,43.62,0.709,14.13,4.24,LANE_A,18513.0,-22.0,88.1,CRUISE_LOITER,1.0,0,500.0,0.07,-0.15,0.0,0.12,-0.42,-1.12,1.71,1.29,0.08,0.03,0.06,-0.11,-0.012,0.03,0.088,0
0.8,5156.4,2122.0,71.9,87.98,90.18,87.39,89.39,781.11,784.85,782.73,784.03,4.81,66.48,12.71,3.02,43.81,0.725,14.11,4.04,LANE_A,18514.0,-22.0,88.1,CRUISE_LOITER,1.0,0,500.0,0.22,-0.08,0.13,-0.37,0.46,-0.8,0.08,-1.62,0.04,-0.12,0.15,0.08,0.004,0.01,0.048,0
0.8500000000000001,5153.7,2120.8,72.2,87.57,90.2,87.02,89.24,781.07,786.64,781.29,784.79,4.78,66.41,12.58,3.0,43.78,0.736,14.06,4.02,LANE_A,18515.0,-22.0,88.1,CRUISE_LOITER,1.0,0,500.0,-0.19,-0.06,-0.24,-0.52,0.42,0.99,-1.36,-0.86,0.01,-0.19,0.02,0.05,0.015,-0.04,0.0471,0
0.9,5140.3,2115.4,71.8,87.86,90.09,87.09,89.85,782.62,787.71,779.81,785.41,4.76,66.58,12.66,2.99,43.68,0.728,14.07,4.14,LANE_A,18516.0,-22.0,88.1,CRUISE_LOITER,1.0,0,500.0,0.11,-0.16,-0.16,0.1,1.98,2.07,-2.83,-0.23,-0.01,-0.02,0.1,-0.05,0.007,-0.03,0.0656,0
0.9500000000000001,5162.3,2124.4,72.0,87.82,90.47,87.2,89.66,781.15,785.51,782.92,787.43,4.76,66.67,12.61,2.99,43.66,0.722,14.08,4.02,LANE_A,18517.0,-22.0,88.1,CRUISE_LOITER,1.0,0,500.0,0.07,0.22,-0.05,-0.09,0.51,-0.13,0.28,1.79,-0.01,0.08,0.05,-0.06,0.001,-0.02,0.0408,0
1.0,5155.1,2121.5,71.8,87.82,90.19,87.43,89.7,780.38,784.41,782.72,785.75,4.77,66.66,12.47,3.01,44.03,0.72,14.1,3.97,LANE_A,18517.0,-22.0,88.1,CRUISE_LOITER,1.0,0,500.0,0.07,-0.06,0.18,-0.05,-0.26,-1.23,0.08,0.11,0.0,0.07,-0.09,0.31,-0.001,0.0,0.0361,0
1.05,5142.8,2116.4,71.9,87.76,90.39,87.22,89.29,778.51,784.75,784.58,785.96,4.8,66.64,12.57,3.01,43.84,0.675,14.07,3.96,LANE_A,18518.0,-22.0,88.1,CRUISE_LOITER,1.0,0,500.0,0.01,0.14,-0.03,-0.46,-2.13,-0.89,1.94,0.32,0.03,0.05,0.01,0.12,-0.046,-0.03,0.0654,0
1.1,5148.3,2118.7,72.1,87.98,90.25,87.12,89.87,780.73,785.99,783.18,784.0,4.79,66.61,12.55,2.97,43.62,0.706,14.12,4.11,LANE_A,18519.0,-22.0,88.1,CRUISE_LOITER,1.0,0,500.0,0.24,0.01,-0.12,0.13,0.09,0.35,0.54,-1.64,0.02,0.02,-0.01,-0.1,-0.015,0.02,0.0387,0
1.1500000000000001,5143.8,2116.8,72.1,87.99,90.39,87.32,89.59,779.27,786.01,783.89,785.33,4.76,66.53,12.44,3.04,43.77,0.755,14.14,4.2,LANE_A,18520.0,-22.0,88.1,CRUISE_LOITER,1.0,0,500.0,0.25,0.15,0.08,-0.15,-1.37,0.37,1.25,-0.31,-0.01,-0.05,-0.12,0.05,0.034,0.04,0.0491,0
1.2000000000000002,5144.4,2117.0,72.0,87.97,90.39,87.2,89.68,781.83,786.39,784.39,784.83,4.76,66.5,12.49,2.99,43.44,0.736,14.06,4.16,LANE_A,18521.0,-22.0,88.1,CRUISE_LOITER,1.0,0,500.0,0.23,0.15,-0.04,-0.06,1.19,0.75,1.75,-0.81,-0.01,-0.08,-0.07,-0.28,0.015,-0.04,0.0434,0
1.25,5166.3,2126.1,72.0,88.13,90.33,86.96,89.74,780.87,785.95,781.46,785.79,4.72,66.56,12.69,3.0,43.81,0.718,14.14,4.06,LANE_A,18522.0,-22.0,88.1,CRUISE_LOITER,1.0,0,500.0,0.4,0.1,-0.27,0.01,0.23,0.31,-1.18,0.15,-0.05,-0.02,0.13,0.09,-0.003,0.04,0.0582,0
1.3,5137.4,2114.1,71.8,87.52,90.42,87.19,89.78,781.17,786.3,781.85,783.96,4.79,66.46,12.56,2.98,43.65,0.724,14.14,4.08,LANE_A,18523.0,-22.0,88.1,CRUISE_LOITER,1.0,0,500.0,-0.21,0.19,-0.04,0.05,0.54,0.67,-0.78,-1.67,0.02,-0.12,0.0,-0.07,0.003,0.04,0.0412,0
1.35,5154.2,2121.1,72.3,88.03,90.15,87.22,89.9,782.52,785.15,781.19,785.13,4.76,66.72,12.54,2.96,43.86,0.712,14.11,4.18,LANE_A,18524.0,-22.0,88.1,CRUISE_LOITER,1.0,0,500.0,0.3,-0.08,-0.01,0.17,1.89,-0.48,-1.44,-0.5,-0.01,0.15,-0.02,0.15,-0.009,0.01,0.0444,0
1.4000000000000001,5153.7,2120.9,72.0,87.82,90.39,86.99,90.08,781.17,785.21,782.7,787.03,4.79,66.55,12.5,3.01,43.93,0.704,14.11,3.99,LANE_A,18524.0,-22.0,88.1,CRUISE_LOITER,1.0,0,500.0,0.09,0.16,-0.24,0.35,0.54,-0.42,0.07,1.4,0.02,-0.02,-0.06,0.22,-0.017,0.01,0.0352,0
1.4500000000000002,5138.7,2114.7,72.3,87.25,90.09,87.41,89.73,781.16,787.3,782.13,784.25,4.78,66.68,12.64,3.02,43.77,0.752,14.1,3.94,LANE_A,18525.0,-22.1,88.1,CRUISE_LOITER,1.0,0,500.0,-0.47,-0.13,0.19,0.01,0.53,1.67,-0.5,-1.38,0.01,0.11,0.08,0.06,0.031,0.0,0.0456,0
1.5,5136.9,2114.0,71.9,87.48,90.09,86.8,89.97,779.38,784.14,783.84,784.84,4.74,66.07,12.58,2.99,43.71,0.734,14.11,3.88,LANE_A,18526.0,-22.1,88.1,CRUISE_LOITER,1.0,0,500.0,-0.24,-0.13,-0.42,0.25,-1.25,-1.49,1.21,-0.79,-0.03,-0.5,0.02,0.0,0.013,0.01,0.0409,0
1.55,5165.0,2125.5,72.0,87.56,90.6,87.35,89.86,781.68,784.87,781.49,784.85,4.8,66.49,12.62,3.01,43.85,0.721,14.08,4.03,LANE_A,18527.0,-22.1,88.2,CRUISE_LOITER,1.0,0,500.0,-0.16,0.38,0.13,0.14,1.05,-0.76,-1.14,-0.78,0.03,-0.07,0.06,0.14,0.0,-0.02,0.0376,0
1.6,5150.0,2119.3,72.1,87.72,90.05,87.28,90.0,780.49,784.9,783.38,784.93,4.78,66.58,12.42,3.0,43.76,0.729,14.09,3.91,LANE_A,18528.0,-22.1,88.2,CRUISE_LOITER,1.0,0,500.0,0.01,-0.16,0.07,0.29,-0.14,-0.73,0.75,-0.7,0.01,0.02,-0.14,0.05,0.008,-0.01,0.0335,0
1.6500000000000001,5161.7,2124.2,71.9,87.87,90.14,86.94,89.63,781.99,785.69,782.15,785.73,4.78,66.76,12.66,2.96,43.83,0.729,14.14,3.97,LANE_A,18529.0,-22.1,88.2,CRUISE_LOITER,1.0,0,500.0,0.16,-0.07,-0.27,-0.08,1.37,0.07,-0.47,0.11,0.01,0.2,0.1,0.12,0.008,0.04,0.0409,0
1.7000000000000002,5143.3,2116.6,72.5,87.75,90.27,87.48,90.09,776.38,786.02,783.48,786.54,4.76,66.42,12.47,3.01,43.64,0.725,14.09,4.14,LANE_A,18530.0,-22.1,88.2,CRUISE_LOITER,1.0,0,500.0,0.04,0.06,0.27,0.38,-4.24,0.4,0.86,0.92,-0.01,-0.13,-0.09,-0.07,0.004,-0.01,0.092,0
1.75,5170.8,2127.9,72.3,87.6,90.47,87.27,89.97,780.83,786.56,782.56,784.53,4.79,66.51,12.3,3.04,43.52,0.714,14.08,4.04,LANE_A,18531.0,-22.1,88.2,CRUISE_LOITER,1.0,0,500.0,-0.11,0.26,0.06,0.26,0.21,0.94,-0.06,-1.09,0.02,-0.04,-0.26,-0.19,-0.007,-0.02,0.0593,0
1.8,5147.8,2118.4,72.0,87.76,90.1,87.28,89.55,780.32,785.71,782.9,784.05,4.78,66.63,12.47,3.0,43.72,0.709,14.1,4.01,LANE_A,18531.0,-22.1,88.2,CRUISE_LOITER,1.0,0,500.0,0.06,-0.1,0.08,-0.15,-0.3,0.09,0.28,-1.57,0.01,0.08,-0.08,0.02,-0.012,0.0,0.036,0
1.85,5160.3,2123.6,72.0,87.55,90.4,87.28,89.53,779.3,786.87,784.59,784.25,4.8,66.68,12.49,2.99,43.68,0.724,14.12,4.22,LANE_A,18532.0,-22.1,88.2,CRUISE_LOITER,1.0,0,500.0,-0.15,0.2,0.08,-0.17,-1.32,1.25,1.97,-1.37,0.03,0.13,-0.06,-0.02,0.003,0.02,0.0477,0
1.9000000000000001,5169.5,2127.4,71.6,87.82,90.27,87.18,89.63,779.57,785.06,782.97,784.59,4.74,66.59,12.46,3.0,43.6,0.724,14.1,3.94,LANE_A,18533.0,-22.1,88.2,CRUISE_LOITER,1.0,0,500.0,0.12,0.07,-0.02,-0.07,-1.05,-0.56,0.35,-1.03,-0.03,0.05,-0.09,-0.1,0.003,0.0,0.0356,0
1.9500000000000002,5147.3,2118.2,72.1,87.61,90.12,87.33,89.67,780.13,786.35,781.46,783.61,4.76,66.82,12.57,3.0,43.96,0.728,14.1,4.11,LANE_A,18534.0,-22.1,88.2,CRUISE_LOITER,1.0,0,500.0,-0.08,-0.07,0.14,-0.02,-0.49,0.73,-1.16,-2.01,-0.01,0.28,0.02,0.26,0.007,0.0,0.0467,0
2.0,5150.0,2119.3,72.0,87.39,89.98,87.18,89.66,778.16,784.32,783.06,785.28,4.75,66.56,12.55,3.01,43.67,0.713,14.14,4.13,LANE_A,18535.0,-22.1,88.2,CRUISE_LOITER,1.0,0,500.0,-0.3,-0.21,-0.01,-0.03,-2.46,-1.3,0.44,-0.34,-0.02,0.02,0.0,-0.03,-0.008,0.04,0.0568,0
2.0500000000000003,5151.8,2120.1,72.0,87.93,90.38,87.22,89.68,781.44,785.96,780.29,785.99,4.78,66.56,12.43,3.02,43.9,0.734,14.06,4.12,LANE_A,18536.0,-22.1,88.2,CRUISE_LOITER,1.0,0,500.0,0.24,0.19,0.03,-0.01,0.83,0.35,-2.32,0.38,0.01,0.02,-0.12,0.2,0.013,-0.04,0.0542,0
2.1,5139.4,2115.0,72.1,87.62,90.31,87.23,89.38,780.59,785.77,781.1,786.57,4.77,66.4,12.59,2.97,43.68,0.72,14.1,3.94,LANE_A,18537.0,-22.1,88.2,CRUISE_LOITER,1.0,0,500.0,-0.07,0.12,0.04,-0.31,-0.02,0.16,-1.51,0.96,0.0,-0.13,0.04,-0.02,-0.001,0.0,0.0352,0
2.15,5146.1,2117.7,72.0,87.39,90.32,86.94,89.58,783.37,784.36,781.69,787.63,4.75,66.54,12.53,2.98,43.7,0.737,14.1,4.0,LANE_A,18538.0,-22.1,88.2,CRUISE_LOITER,1.0,0,500.0,-0.29,0.14,-0.24,-0.1,2.76,-1.25,-0.92,2.02,-0.02,0.01,-0.02,0.0,0.015,0.0,0.0637,0
2.2,5171.4,2128.1,72.1,87.83,90.32,87.31,89.88,779.52,786.42,781.55,783.6,4.79,66.36,12.54,3.02,43.7,0.706,14.08,4.11,LANE_A,18538.0,-22.1,88.2,CRUISE_LOITER,1.0,0,500.0,0.15,0.14,0.13,0.2,-1.09,0.81,-1.06,-2.01,0.02,-0.17,-0.01,0.01,-0.016,-0.02,0.0475,0
2.25,5136.4,2113.8,72.0,87.64,90.12,87.33,89.54,780.88,782.54,782.87,783.21,4.78,66.74,12.51,3.0,43.65,0.739,14.09,4.1,LANE_A,18539.0,-22.1,88.2,CRUISE_LOITER,1.0,0,500.0,-0.04,-0.06,0.15,-0.14,0.27,-3.07,0.26,-2.4,0.01,0.21,-0.04,-0.04,0.017,-0.01,0.0693,0
2.3000000000000003,5158.9,2123.0,72.2,87.75,89.74,87.15,89.61,780.43,785.82,783.38,784.93,4.73,66.67,12.55,3.02,43.68,0.694,14.09,4.02,LANE_A,18540.0,-22.1,88.2,CRUISE_LOITER,1.0,0,500.0,0.08,-0.43,-0.02,-0.06,-0.18,0.21,0.77,-0.68,-0.04,0.15,0.0,-0.01,-0.028,-0.01,0.0472,0
2.35,5151.2,2119.8,72.1,87.86,90.06,87.24,89.66,780.27,784.9,784.67,788.23,4.72,66.82,12.7,2.97,43.94,0.743,14.13,4.17,LANE_A,18541.0,-22.1,88.2,CRUISE_LOITER,1.0,0,500.0,0.19,-0.11,0.07,-0.01,-0.34,-0.71,2.06,2.62,-0.05,0.3,0.15,0.25,0.021,0.03,0.0635,0
2.4000000000000004,5116.4,2105.5,72.1,87.95,90.14,86.85,89.91,778.01,782.61,781.72,784.2,4.8,66.63,12.53,3.0,43.63,0.728,14.1,4.07,LANE_A,18542.0,-22.1,88.2,CRUISE_LOITER,1.0,0,500.0,0.28,-0.03,-0.32,0.24,-2.59,-2.99,-0.88,-1.4,0.03,0.11,-0.02,-0.06,0.006,0.0,0.0696,0
2.45,5145.8,2117.6,72.2,87.65,90.31,87.0,89.81,780.04,783.65,780.97,787.8,4.76,66.54,12.6,3.0,43.61,0.709,14.08,3.97,LANE_A,18543.0,-22.1,88.2,CRUISE_LOITER,1.0,0,500.0,-0.02,0.14,-0.17,0.14,-0.56,-1.95,-1.63,2.2,-0.01,0.02,0.05,-0.08,-0.013,-0.02,0.0522,0
2.5,5141.3,2115.8,71.8,87.68,90.52,87.34,89.88,780.51,785.16,783.04,786.58,4.78,66.29,12.63,3.01,43.66,0.719,14.11,4.08,LANE_A,18544.0,-22.1,88.2,CRUISE_LOITER,1.0,0,500.0,0.02,0.36,0.18,0.22,-0.09,-0.44,0.44,0.98,0.01,-0.22,0.08,-0.03,-0.003,0.01,0.0326,0
2.5500000000000003,5144.3,2117.0,72.2,87.73,90.02,87.18,89.9,782.12,784.64,784.03,787.47,4.77,66.42,12.53,3.02,43.53,0.708,14.09,4.03,LANE_A,18545.0,-22.1,88.3,CRUISE_LOITER,1.0,0,500.0,0.07,-0.14,0.02,0.24,1.52,-0.96,1.43,1.87,0.0,-0.09,-0.02,-0.16,-0.014,-0.01,0.045,0
2.6,5166.2,2126.0,72.0,87.37,89.99,86.98,89.48,780.67,786.52,782.55,785.22,4.8,66.49,12.63,3.01,43.62,0.691,14.09,4.24,LANE_A,18545.0,-22.1,88.3,CRUISE_LOITER,1.0,0,500.0,-0.29,-0.17,-0.18,-0.18,0.07,0.92,-0.05,-0.38,0.03,-0.02,0.08,-0.06,-0.031,-0.01,0.0442,0
2.6500000000000004,5142.0,2116.0,72.1,87.72,90.18,87.37,89.63,781.24,785.09,781.55,786.17,4.77,66.43,12.59,3.0,43.5,0.718,14.07,4.09,LANE_A,18546.0,-22.1,88.3,CRUISE_LOITER,1.0,0,500.0,0.07,0.03,0.22,-0.02,0.64,-0.51,-1.05,0.57,0.0,-0.07,0.04,-0.18,-0.004,-0.03,0.0312,0
2.7,5147.0,2118.1,71.9,87.75,90.19,87.29,89.47,781.0,784.94,781.64,787.07,4.76,66.38,12.47,3.03,43.41,0.717,14.1,3.94,LANE_A,18547.0,-22.1,88.3,CRUISE_LOITER,1.0,0,500.0,0.1,0.04,0.14,-0.18,0.4,-0.66,-0.96,1.47,-0.01,-0.12,-0.08,-0.27,-0.005,0.0,0.0357,0
2.75,5139.8,2115.1,72.0,87.99,90.13,87.27,89.94,778.31,785.69,782.57,785.8,4.76,66.64,12.64,3.0,43.7,0.759,14.02,4.05,LANE_A,18548.0,-22.1,88.3,CRUISE_LOITER,1.0,0,500.0,0.34,-0.02,0.12,0.29,-2.29,0.09,-0.03,0.2,-0.01,0.14,0.09,0.02,0.037,-0.08,0.078,0
2.8000000000000003,5144.0,2116.9,72.4,87.78,90.15,87.19,89.59,779.5,784.18,780.88,785.9,4.78,66.41,12.54,2.99,43.65,0.734,14.09,4.12,LANE_A,18549.0,-22.1,88.3,CRUISE_LOITER,1.0,0,500.0,0.13,0.0,0.04,-0.06,-1.09,-1.41,-1.71,0.31,0.01,-0.09,-0.01,-0.03,0.012,-0.01,0.0402,0
2.85,5153.4,2120.7,72.1,87.54,90.21,87.27,89.9,780.17,786.68,784.56,784.33,4.76,66.35,12.56,2.98,43.68,0.744,14.12,4.07,LANE_A,18550.0,-22.1,88.3,CRUISE_LOITER,1.0,0,500.0,-0.1,0.07,0.13,0.26,-0.42,1.09,1.97,-1.26,-0.01,-0.14,0.01,0.0,0.022,0.02,0.0467,0
2.9000000000000004,5136.3,2113.7,71.7,87.85,89.92,86.89,89.46,777.69,785.85,783.06,784.45,4.73,66.23,12.61,2.97,43.57,0.712,14.13,3.96,LANE_A,18551.0,-22.1,88.3,CRUISE_LOITER,1.0,0,500.0,0.21,-0.22,-0.25,-0.18,-2.9,0.26,0.47,-1.14,-0.04,-0.26,0.06,-0.11,-0.01,0.03,0.0667,0
2.95,5140.2,2115.3,72.1,87.66,90.0,86.93,89.26,780.55,786.26,781.33,786.01,4.76,66.84,12.54,3.02,43.5,0.718,14.11,3.93,LANE_A,18552.0,-22.1,88.3,CRUISE_LOITER,1.0,0,500.0,0.02,-0.14,-0.21,-0.38,-0.04,0.67,-1.26,0.42,-0.01,0.35,-0.01,-0.18,-0.004,0.01,0.0349,0
3.0,5159.9,2123.4,72.0,87.53,90.14,87.0,89.14,780.17,785.94,782.16,785.26,4.79,66.36,12.56,2.99,43.7,0.724,14.08,4.18,LANE_A,18552.0,-22.1,88.3,CRUISE_LOITER,1.0,0,500.0,-0.1,0.01,-0.13,-0.49,-0.42,0.35,-0.43,-0.33,0.02,-0.13,0.01,0.02,0.002,-0.02,0.042,0
3.0500000000000003,5167.6,2126.6,72.1,87.59,90.09,87.03,89.4,780.04,787.31,783.94,783.83,4.75,66.42,12.61,3.01,43.7,0.705,14.12,4.02,LANE_A,18553.0,-22.1,88.3,CRUISE_LOITER,1.0,0,500.0,-0.04,-0.04,-0.1,-0.23,-0.55,1.72,1.35,-1.76,-0.02,-0.06,0.06,0.03,-0.017,0.02,0.0432,0
3.1,5151.2,2119.9,72.3,87.87,89.99,87.05,89.48,782.9,784.67,781.18,785.22,4.76,66.47,12.58,3.01,43.56,0.735,14.09,4.1,LANE_A,18554.0,-22.1,88.3,CRUISE_LOITER,1.0,0,500.0,0.24,-0.14,-0.08,-0.15,2.31,-0.92,-1.41,-0.37,-0.01,-0.01,0.03,-0.11,0.013,-0.01,0.053,0
3.1500000000000004,5153.6,2120.8,72.2,87.65,90.21,87.15,89.6,779.61,785.96,784.07,784.99,4.76,66.44,12.55,3.01,43.38,0.714,14.1,4.12,LANE_A,18555.0,-22.1,88.3,CRUISE_LOITER,1.0,0,500.0,0.02,0.08,0.02,-0.03,-0.98,0.37,1.48,-0.6,-0.01,-0.04,0.0,-0.29,-0.008,0.0,0.0353,0
3.2,5145.7,2117.6,71.9,87.64,89.98,87.39,89.76,780.05,784.28,784.6,785.22,4.77,66.71,12.58,2.99,43.59,0.698,14.11,4.01,LANE_A,18556.0,-22.1,88.3,CRUISE_LOITER,1.0,0,500.0,0.02,-0.14,0.27,0.14,-0.53,-1.3,2.02,-0.36,0.0,0.23,0.03,-0.08,-0.024,0.01,0.0474,0
3.25,5158.1,2122.7,71.9,87.52,89.93,87.21,89.67,782.22,786.38,785.14,788.43,4.77,66.43,12.55,2.97,43.67,0.678,14.07,4.1,LANE_A,18557.0,-22.1,88.3,CRUISE_LOITER,1.0,0,500.0,-0.1,-0.19,0.09,0.05,1.64,0.8,2.56,2.85,0.0,-0.04,0.0,0.0,-0.044,-0.03,0.0679,0
3.3000000000000003,5166.1,2126.0,71.7,87.52,90.0,86.89,89.68,781.16,784.85,783.1,787.11,4.73,66.77,12.43,2.98,43.59,0.729,14.1,4.05,LANE_A,18558.0,-22.1,88.3,CRUISE_LOITER,1.0,0,500.0,-0.1,-0.12,-0.23,0.06,0.58,-0.73,0.52,1.53,-0.04,0.3,-0.12,-0.08,0.007,0.0,0.0472,0
3.35,5152.9,2120.5,72.1,87.71,90.07,87.32,89.61,779.74,782.36,782.78,785.3,4.77,66.56,12.5,3.0,43.72,0.712,14.1,4.17,LANE_A,18559.0,-22.1,88.3,CRUISE_LOITER,1.0,0,500.0,0.1,-0.04,0.21,0.0,-0.84,-3.22,0.2,-0.28,0.0,0.09,-0.05,0.05,-0.01,0.0,0.0702,0
3.4000000000000004,5171.7,2128.3,71.9,87.86,90.39,87.34,89.52,780.95,786.76,781.53,785.27,4.82,66.54,12.6,3.03,43.78,0.736,14.09,3.9,LANE_A,18559.0,-22.1,88.3,CRUISE_LOITER,1.0,0,500.0,0.25,0.28,0.23,-0.09,0.37,1.18,-1.05,-0.31,0.05,0.07,0.05,0.11,0.014,-0.01,0.0573,0
3.45,5160.1,2123.5,72.1,87.54,90.12,87.41,89.76,781.05,787.0,784.34,787.23,4.84,66.5,12.5,2.97,43.75,0.757,14.08,3.88,LANE_A,18560.0,-22.1,88.3,CRUISE_LOITER,1.0,0,500.0,-0.07,0.01,0.3,0.15,0.47,1.42,1.76,1.65,0.07,0.04,-0.05,0.09,0.035,-0.02,0.0796,0
3.5,5136.9,2113.9,72.1,87.6,89.92,87.0,89.73,780.72,784.17,783.02,785.26,4.75,66.53,12.77,2.99,43.79,0.735,14.12,4.08,LANE_A,18561.0,-22.1,88.3,CRUISE_LOITER,1.0,0,500.0,-0.01,-0.19,-0.11,0.12,0.14,-1.41,0.44,-0.32,-0.02,0.07,0.22,0.13,0.013,0.02,0.0508,0
3.5500000000000003,5140.1,2115.3,71.9,87.5,89.89,87.1,89.58,781.04,784.86,780.6,784.4,4.79,66.36,12.43,2.99,43.78,0.738,14.1,4.15,LANE_A,18562.0,-22.1,88.4,CRUISE_LOITER,1.0,0,500.0,-0.1,-0.21,0.0,-0.02,0.47,-0.71,-1.97,-1.17,0.02,-0.1,-0.12,0.12,0.016,0.0,0.0464,0
3.6,5143.8,2116.8,72.4,87.67,89.95,86.99,89.86,780.2,783.8,781.3,788.41,4.73,66.43,12.52,3.01,43.68,0.718,14.1,4.12,LANE_A,18563.0,-22.1,88.4,CRUISE_LOITER,1.0,0,500.0,0.07,-0.15,-0.11,0.26,-0.37,-1.77,-1.27,2.84,-0.04,-0.02,-0.03,0.02,-0.004,0.0,0.0653,0
3.6500000000000004,5149.5,2119.1,71.9,87.41,90.34,86.77,89.57,780.81,786.96,781.95,785.05,4.77,66.37,12.54,3.03,43.64,0.72,14.06,3.94,LANE_A,18564.0,-22.1,88.4,CRUISE_LOITER,1.0,0,500.0,-0.19,0.24,-0.33,-0.03,0.24,1.39,-0.62,-0.52,0.0,-0.08,-0.01,-0.02,-0.002,-0.04,0.0408,0
3.7,5142.3,2116.2,72.4,87.28,89.78,87.35,89.53,779.92,787.29,781.63,785.26,4.8,66.37,12.54,3.03,43.63,0.698,14.1,4.0,LANE_A,18565.0,-22.1,88.4,CRUISE_LOITER,1.0,0,500.0,-0.31,-0.31,0.26,-0.06,-0.65,1.72,-0.94,-0.31,0.03,-0.08,-0.01,-0.03,-0.024,0.0,0.0425,0
3.75,5142.5,2116.3,72.2,87.44,90.35,87.04,89.44,780.07,784.66,785.02,785.98,4.76,66.54,12.55,3.02,43.68,0.709,14.11,4.02,LANE_A,18566.0,-22.1,88.4,CRUISE_LOITER,1.0,0,500.0,-0.15,0.26,-0.05,-0.15,-0.5,-0.91,2.45,0.41,-0.01,0.09,0.0,0.02,-0.013,0.01,0.0551,0
3.8000000000000003,5157.9,2122.6,72.4,87.64,90.02,87.43,89.65,781.03,786.72,782.27,786.0,4.79,66.4,12.53,2.97,43.77,0.698,14.09,4.14,LANE_A,18566.0,-22.1,88.4,CRUISE_LOITER,1.0,0,500.0,0.05,-0.07,0.34,0.06,0.46,1.15,-0.3,0.43,0.02,-0.04,-0.01,0.11,-0.024,-0.01,0.035,0
3.85,5146.5,2117.9,72.2,87.93,90.03,86.97,89.84,780.36,785.62,781.92,787.04,4.82,66.4,12.53,3.01,43.57,0.682,14.07,4.17,LANE_A,18567.0,-22.1,88.4,CRUISE_LOITER,1.0,0,500.0,0.34,-0.06,-0.12,0.25,-0.21,0.05,-0.65,1.47,0.05,-0.04,-0.01,-0.08,-0.04,-0.03,0.0592,0
3.9000000000000004,5169.2,2127.2,72.5,87.56,90.22,86.95,89.77,779.0,786.37,783.94,788.31,4.76,66.47,12.48,2.98,43.46,0.733,14.1,4.13,LANE_A,18568.0,-22.1,88.4,CRUISE_LOITER,1.0,0,500.0,-0.02,0.14,-0.13,0.19,-1.57,0.8,1.37,2.74,-0.01,0.03,-0.06,-0.19,0.011,0.0,0.0624,0
3.95,5185.2,2133.8,72.1,87.41,90.09,87.22,89.69,779.19,785.51,782.23,784.95,4.78,66.29,12.55,2.99,43.68,0.71,14.07,3.87,LANE_A,18569.0,-22.1,88.4,CRUISE_LOITER,1.0,0,500.0,-0.17,0.01,0.14,0.11,-1.37,-0.05,-0.33,-0.61,0.01,-0.15,0.01,0.03,-0.012,-0.03,0.033,0
4.0,5134.3,2112.9,72.0,87.39,90.22,87.01,89.76,781.16,785.29,782.9,785.39,4.72,66.42,12.55,3.04,43.79,0.711,14.08,3.86,LANE_A,18570.0,-22.1,88.4,CRUISE_LOITER,1.0,0,500.0,-0.19,0.14,-0.07,0.18,0.6,-0.27,0.34,-0.17,-0.05,-0.01,0.01,0.14,-0.011,-0.02,0.0559,0
4.05,5124.1,2108.7,71.9,87.75,90.14,86.95,89.4,780.44,783.64,782.05,785.93,4.71,66.48,12.55,3.01,43.6,0.732,14.1,4.02,LANE_A,18571.0,-22.1,88.4,CRUISE_LOITER,1.0,0,500.0,0.18,0.07,-0.12,-0.17,-0.12,-1.92,-0.51,0.37,-0.06,0.05,0.01,-0.05,0.01,0.0,0.0669,0
4.1000000000000005,5172.0,2128.4,72.2,87.34,90.24,87.44,89.3,782.73,787.6,782.25,787.01,4.78,66.68,12.64,2.97,43.61,0.688,14.09,4.27,LANE_A,18572.0,-22.1,88.4,CRUISE_LOITER,1.0,0,500.0,-0.23,0.17,0.37,-0.27,2.17,2.04,-0.31,1.45,0.01,0.25,0.1,-0.04,-0.034,-0.01,0.0538,0
4.15,5170.3,2127.7,71.8,87.49,90.18,86.86,89.49,779.66,786.08,782.96,784.22,4.75,66.39,12.29,2.98,43.56,0.743,14.1,4.02,LANE_A,18573.0,-22.1,88.4,CRUISE_LOITER,1.0,0,500.0,-0.08,0.11,-0.21,-0.08,-0.9,0.52,0.4,-1.34,-0.02,-0.04,-0.25,-0.09,0.021,0.0,0.0572,0
4.2,5133.0,2112.4,72.2,87.68,90.04,87.09,89.52,783.31,786.01,782.52,784.93,4.72,66.35,12.5,3.0,43.68,0.732,14.12,4.12,LANE_A,18573.0,-22.1,88.4,CRUISE_LOITER,1.0,0,500.0,0.11,-0.03,0.02,-0.05,2.75,0.45,-0.04,-0.63,-0.05,-0.07,-0.04,0.03,0.01,0.02,0.0628,0
4.25,5139.2,2114.9,71.9,87.5,90.0,87.1,89.61,779.79,786.56,781.76,786.46,4.76,66.43,12.38,2.97,43.53,0.724,14.09,3.93,LANE_A,18574.0,-22.1,88.4,CRUISE_LOITER,1.0,0,500.0,-0.06,-0.06,0.04,0.05,-0.77,1.0,-0.8,0.9,-0.01,0.01,-0.16,-0.12,0.002,-0.01,0.0377,0
4.3,5153.5,2120.8,72.0,87.75,90.1,86.88,89.67,780.42,785.34,782.34,784.93,4.8,66.54,12.46,3.01,43.69,0.728,14.07,4.27,LANE_A,18575.0,-22.2,88.4,CRUISE_LOITER,1.0,0,500.0,0.19,0.04,-0.18,0.11,-0.13,-0.21,-0.21,-0.62,0.03,0.12,-0.08,0.05,0.006,-0.03,0.0358,0
4.3500000000000005,5171.2,2128.1,72.0,87.6,89.99,86.76,89.66,780.45,785.98,781.01,785.89,4.75,66.26,12.59,3.0,43.56,0.726,14.1,4.02,LANE_A,18576.0,-22.2,88.4,CRUISE_LOITER,1.0,0,500.0,0.04,-0.07,-0.3,0.1,-0.1,0.43,-1.54,0.34,-0.02,-0.16,0.05,-0.08,0.004,0.0,0.0362,0
4.4,5149.5,2119.1,71.9,87.61,90.04,87.34,89.23,779.63,784.29,780.81,786.31,4.77,66.57,12.51,3.03,43.8,0.734,14.11,4.16,LANE_A,18577.0,-22.2,88.4,CRUISE_LOITER,1.0,0,500.0,0.06,-0.01,0.29,-0.32,-0.92,-1.26,-1.74,0.76,0.0,0.16,-0.03,0.16,0.012,0.01,0.0421,0
4.45,5152.3,2120.3,72.3,87.52,89.96,86.83,89.39,780.66,784.95,782.77,785.2,4.79,66.13,12.48,2.99,43.81,0.74,14.1,4.21,LANE_A,18578.0,-22.2,88.4,CRUISE_LOITER,1.0,0,500.0,-0.03,-0.09,-0.22,-0.16,0.11,-0.6,0.22,-0.35,0.02,-0.28,-0.06,0.17,0.018,0.0,0.0274,0
4.5,5151.2,2119.8,72.1,87.47,90.0,87.17,89.39,781.7,784.83,782.21,787.53,4.7,66.45,12.61,2.98,43.72,0.726,14.06,4.08,LANE_A,18579.0,-22.2,88.4,CRUISE_LOITER,1.0,0,500.0,-0.08,-0.05,0.12,-0.16,1.15,-0.72,-0.34,1.98,-0.07,0.04,0.07,0.08,0.004,-0.04,0.0783,0
4.55,5122.7,2108.1,72.3,87.58,89.89,86.94,89.91,781.26,782.8,782.95,785.2,4.82,66.25,12.67,2.98,43.51,0.73,14.13,4.2,LANE_A,18580.0,-22.2,88.5,CRUISE_LOITER,1.0,0,500.0,0.03,-0.16,-0.11,0.36,0.71,-2.75,0.4,-0.35,0.05,-0.16,0.13,-0.13,0.008,0.03,0.0644,0
4.6000000000000005,5141.6,2115.9,72.4,87.35,89.97,86.9,89.46,782.17,786.48,780.61,783.7,4.79,66.37,12.49,3.0,43.64,0.731,14.11,4.05,LANE_A,18580.0,-22.2,88.5,CRUISE_LOITER,1.0,0,500.0,-0.19,-0.07,-0.14,-0.08,1.62,0.93,-1.94,-1.85,0.02,-0.03,-0.05,0.0,0.009,0.01,0.0469,0
4.65,5166.4,2126.1,72.3,87.6,90.07,87.3,89.66,778.49,786.37,781.7,784.7,4.73,66.2,12.47,3.0,43.58,0.724,14.11,4.21,LANE_A,18581.0,-22.2,88.5,CRUISE_LOITER,1.0,0,500.0,0.06,0.03,0.26,0.12,-2.06,0.82,-0.85,-0.85,-0.04,-0.2,-0.07,-0.06,0.002,0.01,0.0489,0
4.7,5151.9,2120.1,72.4,87.47,89.99,87.06,89.38,781.33,785.83,782.34,786.69,4.79,66.4,12.63,2.98,43.61,0.726,14.07,4.15,LANE_A,18582.0,-22.2,88.5,CRUISE_LOITER,1.0,0,500.0,-0.07,-0.05,0.02,-0.16,0.79,0.29,-0.2,1.15,0.02,0.0,0.09,-0.02,0.004,-0.03,0.0315,0
4.75,5149.7,2119.2,72.0,87.61,89.99,87.06,89.93,778.98,785.87,782.89,787.48,4.82,66.21,12.58,3.04,43.65,0.711,14.12,3.98,LANE_A,18583.0,-22.2,88.5,CRUISE_LOITER,1.0,0,500.0,0.08,-0.04,0.03,0.4,-1.56,0.33,0.35,1.94,0.05,-0.18,0.04,0.02,-0.011,0.02,0.0584,0
4.800000000000001,5140.3,2115.4,72.0,87.17,90.17,86.94,89.58,781.92,782.7,780.47,785.47,4.8,66.34,12.54,2.99,43.84,0.721,14.07,4.06,LANE_A,18584.0,-22.2,88.5,CRUISE_LOITER,1.0,0,500.0,-0.36,0.14,-0.09,0.05,1.38,-2.84,-2.07,-0.07,0.03,-0.05,0.0,0.21,-0.001,-0.03,0.0661,0
4.8500000000000005,5157.0,2122.2,72.4,87.48,90.06,87.27,89.54,781.28,785.19,783.03,784.34,4.77,66.38,12.45,2.99,43.59,0.711,14.09,4.0,LANE_A,18585.0,-22.2,88.5,CRUISE_LOITER,1.0,0,500.0,-0.05,0.03,0.24,0.01,0.74,-0.35,0.49,-1.2,0.0,-0.01,-0.09,-0.04,-0.011,-0.01,0.029,0
4.9,5152.8,2120.5,72.0,87.41,89.82,87.21,89.45,779.85,785.02,782.21,787.82,4.73,66.41,12.51,3.02,43.56,0.692,14.12,4.03,LANE_A,18586.0,-22.2,88.5,CRUISE_LOITER,1.0,0,500.0,-0.12,-0.21,0.18,-0.08,-0.69,-0.52,-0.33,2.28,-0.04,0.02,-0.03,-0.07,-0.03,0.02,0.054,0
4.95,5145.5,2117.5,72.2,87.24,89.95,87.19,89.59,781.52,786.0,783.53,785.97,4.79,66.65,12.56,3.0,43.79,0.709,14.1,4.13,LANE_A,18587.0,-22.2,88.5,CRUISE_LOITER,1.0,0,500.0,-0.28,-0.07,0.17,0.07,0.98,0.46,0.99,0.43,0.02,0.27,0.02,0.16,-0.013,0.0,0.0275,0
5.0,5157.0,2122.2,71.8,87.41,90.16,86.89,89.13,780.22,786.89,783.57,785.97,4.77,66.32,12.52,3.02,43.46,0.705,14.1,4.13,LANE_A,18587.0,-22.2,88.5,CRUISE_LOITER,1.0,0,500.0,-0.11,0.14,-0.13,-0.39,-0.32,1.35,1.03,0.43,0.0,-0.06,-0.02,-0.17,-0.017,0.0,0.0357,0
5.050000000000001,5150.1,2119.4,72.4,87.56,90.24,87.31,89.53,780.21,785.13,781.37,782.45,4.79,66.3,12.56,3.01,43.71,0.741,14.08,3.96,LANE_A,18588.0,-22.2,88.5,CRUISE_LOITER,1.0,0,500.0,0.04,0.22,0.29,0.01,-0.33,-0.41,-1.17,-3.09,0.02,-0.08,0.02,0.08,0.019,-0.02,0.0691,0
5.1000000000000005,5160.6,2123.7,72.2,87.51,89.88,86.74,89.72,781.51,786.26,781.88,785.59,4.81,66.38,12.54,2.98,43.9,0.724,14.06,4.06,LANE_A,18589.0,-22.2,88.5,CRUISE_LOITER,1.0,0,500.0,-0.01,-0.14,-0.28,0.2,0.98,0.73,-0.65,0.06,0.04,0.0,0.0,0.28,0.002,-0.04,0.0478,0
5.15,5148.0,2118.5,72.1,87.58,90.03,86.91,89.4,781.62,784.55,782.36,785.14,4.8,66.49,12.6,2.99,43.46,0.728,14.08,4.0,LANE_A,18590.0,-22.2,88.5,CRUISE_LOITER,1.0,0,500.0,0.07,0.02,-0.1,-0.11,1.09,-0.98,-0.17,-0.39,0.03,0.12,0.06,-0.16,0.006,-0.02,0.036,0
5.2,5155.5,2121.6,72.2,87.73,89.95,86.99,89.46,780.58,786.18,782.29,786.21,4.78,66.35,12.49,2.99,43.9,0.699,14.09,3.8,LANE_A,18591.0,-22.2,88.5,CRUISE_LOITER,1.0,0,500.0,0.22,-0.06,-0.02,-0.05,0.05,0.65,-0.24,0.68,0.01,-0.02,-0.05,0.28,-0.023,-0.01,0.0337,0
5.25,5140.2,2115.3,72.2,87.8,89.95,87.09,89.73,783.72,786.59,782.3,785.28,4.79,66.23,12.52,3.0,43.68,0.739,14.1,4.12,LANE_A,18592.0,-22.2,88.5,CRUISE_LOITER,1.0,0,500.0,0.29,-0.06,0.08,0.22,3.19,1.06,-0.23,-0.25,0.02,-0.14,-0.02,0.06,0.017,0.0,0.0707,0
5.300000000000001,5136.9,2114.0,72.1,87.66,89.91,87.25,89.79,781.98,787.72,781.55,785.3,4.76,66.29,12.63,2.99,43.86,0.703,14.08,3.96,LANE_A,18593.0,-22.2,88.5,CRUISE_LOITER,1.0,0,500.0,0.16,-0.09,0.25,0.29,1.45,2.19,-0.98,-0.23,-0.01,-0.08,0.09,0.24,-0.019,-0.02,0.0522,0
5.3500000000000005,5156.3,2121.9,72.1,87.96,89.69,87.08,89.36,780.88,783.31,783.01,789.12,4.79,66.51,12.67,3.01,43.8,0.732,14.12,3.98,LANE_A,18594.0,-22.2,88.5,CRUISE_LOITER,1.0,0,500.0,0.46,-0.31,0.08,-0.14,0.35,-2.22,0.48,3.59,0.01,0.15,0.13,0.18,0.01,0.02,0.0811,0
5.4,5148.4,2118.7,72.3,87.74,89.84,86.77,89.35,779.96,786.16,781.61,784.61,4.77,66.25,12.52,2.98,43.64,0.716,14.12,4.12,LANE_A,18594.0,-22.2,88.5,CRUISE_LOITER,1.0,0,500.0,0.24,-0.16,-0.23,-0.15,-0.57,0.63,-0.92,-0.92,-0.01,-0.11,-0.02,0.02,-0.006,0.02,0.0245,0
5.45,5143.7,2116.8,72.5,87.58,90.06,86.79,89.54,780.68,784.01,782.87,786.22,4.75,66.32,12.36,2.98,43.69,0.718,14.09,4.2,LANE_A,18595.0,-22.2,88.5,CRUISE_LOITER,1.0,0,500.0,0.08,0.06,-0.21,0.04,0.16,-1.51,0.35,0.7,-0.03,-0.04,-0.18,0.07,-0.004,-0.01,0.0428,0
5.5,5170.1,2127.6,72.0,87.58,89.89,87.02,89.82,779.95,786.91,783.68,785.49,4.79,66.36,12.66,3.0,43.56,0.735,14.12,3.95,LANE_A,18596.0,-22.2,88.5,CRUISE_LOITER,1.0,0,500.0,0.09,-0.1,0.03,0.33,-0.57,1.39,1.16,-0.03,0.01,0.0,0.12,-0.06,0.013,0.02,0.0347,0
5.550000000000001,5164.8,2125.5,72.2,87.42,89.95,87.61,89.71,780.0,783.66,781.95,786.03,4.85,66.25,12.42,3.02,43.54,0.729,14.13,4.11,LANE_A,18597.0,-22.2,88.6,CRUISE_LOITER,1.0,0,500.0,-0.07,-0.04,0.62,0.22,-0.52,-1.86,-0.57,0.51,0.07,-0.1,-0.12,-0.07,0.007,0.03,0.0793,0
5.6000000000000005,5139.2,2114.9,72.0,87.55,90.01,86.99,89.38,779.12,785.57,783.75,785.2,4.8,66.34,12.73,2.99,43.54,0.733,14.12,4.12,LANE_A,18598.0,-22.2,88.6,CRUISE_LOITER,1.0,0,500.0,0.06,0.02,0.0,-0.11,-1.4,0.05,1.23,-0.32,0.02,-0.01,0.19,-0.07,0.011,0.02,0.0448,0
5.65,5155.3,2121.5,72.2,87.43,89.91,86.73,89.46,780.88,784.96,783.48,785.25,4.77,66.31,12.62,3.0,43.64,0.753,14.09,4.13,LANE_A,18599.0,-22.2,88.6,CRUISE_LOITER,1.0,0,500.0,-0.05,-0.07,-0.25,-0.02,0.36,-0.56,0.96,-0.27,-0.01,-0.04,0.08,0.03,0.031,-0.01,0.0428,0
5.7,5170.9,2127.9,72.3,87.76,90.06,86.68,89.67,779.53,787.22,782.6,784.68,4.8,66.35,12.45,2.96,43.78,0.715,14.13,4.01,LANE_A,18600.0,-22.2,88.6,CRUISE_LOITER,1.0,0,500.0,0.28,0.08,-0.3,0.19,-0.99,1.7,0.08,-0.84,0.02,0.01,-0.09,0.17,-0.007,0.03,0.0419,0
5.75,5142.4,2116.2,72.2,87.7,90.0,86.82,89.58,778.68,783.78,784.01,786.76,4.77,66.15,12.51,2.97,43.6,0.726,14.08,3.93,LANE_A,18601.0,-22.2,88.6,CRUISE_LOITER,1.0,0,500.0,0.22,0.02,-0.16,0.1,-1.84,-1.74,1.49,1.24,-0.01,-0.19,-0.03,-0.01,0.004,-0.02,0.0449,0
5.800000000000001,5149.4,2119.1,71.8,87.73,89.63,86.83,89.2,781.69,784.52,782.95,784.51,4.79,66.16,12.54,2.98,43.7,0.714,14.07,4.07,LANE_A,18601.0,-22.2,88.6,CRUISE_LOITER,1.0,0,500.0,0.25,-0.35,-0.15,-0.28,1.17,-1.0,0.43,-1.01,0.01,-0.18,0.0,0.09,-0.008,-0.03,0.034,0
5.8500000000000005,5172.6,2128.7,71.9,87.67,90.21,87.17,89.58,780.12,783.88,781.74,783.78,4.73,66.21,12.58,3.01,43.72,0.717,14.09,4.08,LANE_A,18602.0,-22.2,88.6,CRUISE_LOITER,1.0,0,500.0,0.2,0.24,0.2,0.11,-0.39,-1.63,-0.77,-1.73,-0.05,-0.13,0.05,0.11,-0.005,-0.01,0.0581,0
5.9,5149.1,2119.0,72.2,87.5,89.74,86.99,89.84,780.9,785.71,783.37,785.19,4.77,66.5,12.6,2.99,43.78,0.717,14.11,3.96,LANE_A,18603.0,-22.2,88.6,CRUISE_LOITER,1.0,0,500.0,0.03,-0.23,0.02,0.37,0.39,0.2,0.86,-0.32,-0.01,0.17,0.07,0.17,-0.005,0.01,0.0332,0
5.95,5162.8,2124.6,72.0,87.37,89.67,87.31,89.5,781.66,786.4,781.74,785.14,4.74,66.31,12.63,3.02,43.62,0.734,14.1,4.14,LANE_A,18604.0,-22.2,88.6,CRUISE_LOITER,1.0,0,500.0,-0.1,-0.3,0.34,0.03,1.15,0.89,-0.77,-0.37,-0.04,-0.02,0.1,0.02,0.012,0.0,0.0473,0
6.0,5182.2,2132.6,71.9,87.11,90.14,87.06,89.28,781.14,785.66,784.48,786.83,4.75,66.24,12.6,2.99,43.47,0.73,14.06,4.13,LANE_A,18605.0,-22.2,88.6,CRUISE_LOITER,1.0,0,500.0,-0.35,0.18,0.1,-0.18,0.63,0.15,1.97,1.32,-0.03,-0.09,0.07,-0.13,0.008,-0.04,0.0482,0
6.050000000000001,5152.7,2120.5,72.2,87.54,89.83,86.74,89.26,782.9,784.72,783.17,783.98,4.78,66.25,12.71,3.01,43.59,0.732,14.07,4.14,LANE_A,18606.0,-22.2,88.6,CRUISE_LOITER,1.0,0,500.0,0.08,-0.13,-0.22,-0.2,2.39,-0.79,0.66,-1.53,0.0,-0.08,0.18,-0.01,0.01,-0.03,0.0562,0
6.1000000000000005,5143.0,2116.5,72.2,87.76,89.97,87.25,89.23,778.96,784.44,783.85,784.96,4.75,66.33,12.45,2.98,43.74,0.73,14.09,4.01,LANE_A,18607.0,-22.2,88.6,CRUISE_LOITER,1.0,0,500.0,0.3,0.01,0.29,-0.23,-1.55,-1.07,1.34,-0.55,-0.03,0.01,-0.08,0.14,0.008,-0.01,0.0394,0
6.15,5163.6,2124.9,72.0,87.33,90.25,86.88,89.28,778.08,784.96,780.95,784.43,4.75,66.34,12.53,2.98,43.25,0.724,14.11,3.87,LANE_A,18608.0,-22.2,88.6,CRUISE_LOITER,1.0,0,500.0,-0.13,0.29,-0.08,-0.18,-2.43,-0.55,-1.56,-1.08,-0.03,0.02,0.0,-0.35,0.002,0.01,0.0573,0
6.2,5148.3,2118.6,72.3,87.39,90.31,86.88,89.61,780.41,786.93,782.58,783.38,4.73,66.29,12.43,2.98,43.42,0.71,14.12,4.11,LANE_A,18608.0,-22.2,88.6,CRUISE_LOITER,1.0,0,500.0,-0.06,0.36,-0.07,0.16,-0.09,1.43,0.08,-2.12,-0.05,-0.03,-0.1,-0.18,-0.012,0.02,0.0589,0
6.25,5176.8,2130.4,72.0,87.34,89.81,86.89,89.42,780.94,785.65,783.74,785.01,4.78,66.32,12.55,2.99,43.62,0.728,14.08,4.03,LANE_A,18609.0,-22.2,88.6,CRUISE_LOITER,1.0,0,500.0,-0.11,-0.14,-0.06,-0.03,0.44,0.15,1.24,-0.49,0.0,0.0,0.02,0.02,0.006,-0.02,0.0289,0
6.300000000000001,5146.7,2118.0,72.6,87.47,90.04,86.92,89.68,780.9,785.27,783.56,784.63,4.75,66.29,12.38,2.99,43.78,0.714,14.1,4.08,LANE_A,18610.0,-22.2,88.6,CRUISE_LOITER,1.0,0,500.0,0.02,0.09,-0.03,0.23,0.4,-0.23,1.06,-0.87,-0.03,-0.02,-0.15,0.18,-0.008,0.0,0.0367,0
6.3500000000000005,5159.8,2123.4,72.4,87.51,89.91,87.4,89.65,779.84,784.74,784.03,789.09,4.78,66.04,12.63,2.97,43.5,0.723,14.11,4.05,LANE_A,18611.0,-22.2,88.6,CRUISE_LOITER,1.0,0,500.0,0.07,-0.03,0.46,0.21,-0.66,-0.76,1.53,3.59,0.0,-0.27,0.1,-0.09,0.001,0.01,0.0798,0
6.4,5142.0,2116.0,72.3,87.25,90.14,87.02,89.6,780.26,786.11,781.13,787.36,4.77,66.11,12.39,3.03,43.63,0.73,14.09,3.95,LANE_A,18612.0,-22.2,88.6,CRUISE_LOITER,1.0,0,500.0,-0.19,0.2,0.08,0.16,-0.24,0.61,-1.37,1.86,-0.01,-0.2,-0.14,0.04,0.008,-0.01,0.0443,0
6.45,5157.2,2122.3,72.1,87.55,90.23,86.71,89.72,780.27,785.01,784.07,786.37,4.8,66.3,12.44,3.01,43.31,0.736,14.08,3.99,LANE_A,18613.0,-22.2,88.6,CRUISE_LOITER,1.0,0,500.0,0.11,0.29,-0.23,0.28,-0.23,-0.49,1.57,0.87,0.02,-0.01,-0.09,-0.28,0.014,-0.02,0.0395,0
6.5,5143.3,2116.6,72.2,87.46,90.02,87.2,89.41,780.54,785.77,781.67,785.7,4.82,66.46,12.57,3.01,43.42,0.726,14.14,4.14,LANE_A,18614.0,-22.2,88.6,CRUISE_LOITER,1.0,0,500.0,0.02,0.08,0.26,-0.03,0.04,0.27,-0.83,0.2,0.04,0.16,0.04,-0.17,0.004,0.04,0.0467,0
6.550000000000001,5147.0,2118.1,72.1,87.74,89.81,87.03,89.65,780.22,785.29,782.51,786.5,4.73,66.58,12.52,3.02,43.55,0.717,14.09,4.19,LANE_A,18615.0,-22.2,88.7,CRUISE_LOITER,1.0,0,500.0,0.31,-0.12,0.1,0.22,-0.28,-0.21,0.01,1.0,-0.05,0.28,-0.01,-0.04,-0.005,-0.01,0.0563,0
6.6000000000000005,5167.5,2126.5,72.0,87.43,89.65,87.02,89.55,780.69,786.8,781.21,785.1,4.78,66.03,12.6,3.02,43.55,0.733,14.1,4.01,LANE_A,18615.0,-22.2,88.7,CRUISE_LOITER,1.0,0,500.0,0.0,-0.28,0.09,0.12,0.2,1.31,-1.28,-0.39,0.0,-0.27,0.07,-0.04,0.011,0.0,0.0322,0
6.65,5145.8,2117.6,72.2,87.49,89.51,87.02,89.84,779.91,784.6,782.26,783.89,4.73,66.12,12.52,3.04,43.51,0.714,14.12,4.1,LANE_A,18616.0,-22.2,88.7,CRUISE_LOITER,1.0,0,500.0,0.06,-0.42,0.09,0.41,-0.58,-0.89,-0.23,-1.6,-0.05,-0.18,-0.01,-0.08,-0.008,0.02,0.0584,0
6.7,5144.3,2117.0,72.2,87.36,89.94,87.24,89.28,779.4,784.32,783.4,783.69,4.77,66.21,12.61,2.98,43.42,0.724,14.13,4.04,LANE_A,18617.0,-22.2,88.7,CRUISE_LOITER,1.0,0,500.0,-0.06,0.02,0.32,-0.14,-1.09,-1.17,0.91,-1.8,-0.01,-0.08,0.08,-0.17,0.002,0.03,0.0437,0
6.75,5161.7,2124.2,72.0,87.53,89.97,86.9,89.24,780.32,786.28,780.94,788.41,4.85,66.14,12.63,2.99,43.61,0.714,14.11,4.13,LANE_A,18618.0,-22.2,88.7,CRUISE_LOITER,1.0,0,500.0,0.11,0.05,-0.02,-0.18,-0.17,0.79,-1.55,2.92,0.07,-0.15,0.1,0.03,-0.008,0.01,0.0793,0
6.800000000000001,5163.5,2124.9,72.4,87.83,89.97,86.93,89.42,779.94,785.44,781.44,786.03,4.75,66.22,12.67,3.0,43.47,0.715,14.13,4.03,LANE_A,18619.0,-22.2,88.7,CRUISE_LOITER,1.0,0,500.0,0.41,0.05,0.01,0.0,-0.55,-0.05,-1.05,0.54,-0.03,-0.07,0.14,-0.11,-0.007,0.03,0.0383,0
6.8500000000000005,5162.6,2124.5,72.2,87.22,89.93,87.39,89.24,779.3,785.35,783.13,785.11,4.81,66.1,12.46,3.0,43.46,0.716,14.09,3.85,LANE_A,18620.0,-22.2,88.7,CRUISE_LOITER,1.0,0,500.0,-0.2,0.01,0.47,-0.18,-1.19,-0.14,0.64,-0.38,0.03,-0.18,-0.07,-0.12,-0.006,-0.01,0.0422,0
6.9,5135.6,2113.4,72.1,87.29,89.73,87.07,89.43,781.87,786.93,781.8,785.9,4.79,66.39,12.55,3.0,43.42,0.73,14.11,3.96,LANE_A,18621.0,-22.2,88.7,CRUISE_LOITER,1.0,0,500.0,-0.12,-0.18,0.16,0.02,1.38,1.44,-0.69,0.41,0.01,0.11,0.02,-0.16,0.008,0.01,0.0349,0
6.95,5124.4,2108.8,72.1,87.42,89.55,86.92,89.39,781.01,785.44,782.64,786.82,4.8,66.1,12.62,3.02,43.67,0.712,14.12,4.05,LANE_A,18622.0,-22.2,88.7,CRUISE_LOITER,1.0,0,500.0,0.01,-0.36,0.01,-0.02,0.53,-0.04,0.16,1.34,0.02,-0.18,0.09,0.09,-0.01,0.02,0.0334,0
7.0,5161.4,2124.0,71.9,87.81,89.83,87.16,89.3,781.0,784.17,780.73,785.35,4.8,66.67,12.61,3.01,43.48,0.703,14.13,3.99,LANE_A,18622.0,-22.2,88.7,CRUISE_LOITER,1.0,0,500.0,0.4,-0.08,0.25,-0.11,0.52,-1.31,-1.75,-0.13,0.02,0.39,0.08,-0.1,-0.019,0.03,0.0439,0
7.050000000000001,5162.6,2124.5,72.3,87.74,89.86,86.85,89.3,781.39,784.68,781.22,784.69,4.75,66.15,12.45,3.01,43.65,0.7,14.07,4.11,LANE_A,18623.0,-22.2,88.7,CRUISE_LOITER,1.0,0,500.0,0.34,-0.04,-0.05,-0.1,0.91,-0.8,-1.26,-0.79,-0.03,-0.12,-0.08,0.07,-0.022,-0.03,0.0382,0
7.1000000000000005,5156.3,2121.9,72.1,87.52,89.65,87.02,89.54,780.85,784.56,784.37,785.27,4.78,66.47,12.44,2.98,43.35,0.706,14.11,4.11,LANE_A,18624.0,-22.2,88.7,CRUISE_LOITER,1.0,0,500.0,0.12,-0.25,0.12,0.14,0.37,-0.92,1.89,-0.21,0.0,0.2,-0.09,-0.23,-0.016,0.01,0.0446,0
7.15,5130.3,2111.2,72.2,87.56,89.9,86.6,88.98,780.31,785.91,783.06,786.18,4.76,66.14,12.57,3.0,43.53,0.718,14.08,4.03,LANE_A,18625.0,-22.3,88.7,CRUISE_LOITER,1.0,0,500.0,0.16,0.0,-0.3,-0.42,-0.17,0.43,0.58,0.7,-0.02,-0.13,0.04,-0.05,-0.004,-0.02,0.0376,0
7.2,5140.5,2115.4,71.8,87.61,89.34,86.48,89.32,779.16,787.79,781.28,784.61,4.81,66.3,12.59,3.0,43.6,0.717,14.11,3.93,LANE_A,18626.0,-22.3,88.7,CRUISE_LOITER,1.0,0,500.0,0.21,-0.56,-0.42,-0.08,-1.32,2.31,-1.2,-0.87,0.03,0.03,0.06,0.03,-0.005,0.01,0.0559,0
7.25,5161.2,2124.0,72.2,87.25,90.07,87.17,89.24,782.92,783.74,783.11,785.61,4.79,66.12,12.55,3.0,43.54,0.703,14.07,3.99,LANE_A,18627.0,-22.3,88.7,CRUISE_LOITER,1.0,0,500.0,-0.14,0.18,0.28,-0.15,2.44,-1.74,0.63,0.13,0.01,-0.14,0.02,-0.03,-0.019,-0.03,0.0568,0
7.300000000000001,5157.3,2122.4,72.3,87.34,89.63,86.58,89.37,780.83,786.36,781.83,787.58,4.82,66.17,12.49,2.99,43.61,0.753,14.11,4.22,LANE_A,18628.0,-22.3,88.7,CRUISE_LOITER,1.0,0,500.0,-0.05,-0.26,-0.31,-0.02,0.35,0.88,-0.65,2.1,0.04,-0.09,-0.04,0.04,0.031,0.01,0.0508,0
7.3500000000000005,5145.4,2117.5,72.2,87.57,89.55,87.01,88.93,779.7,785.73,782.17,784.86,4.81,66.07,12.45,3.0,43.63,0.723,14.1,4.14,LANE_A,18629.0,-22.3,88.7,CRUISE_LOITER,1.0,0,500.0,0.18,-0.34,0.12,-0.46,-0.77,0.26,-0.3,-0.61,0.03,-0.19,-0.08,0.06,0.001,0.0,0.0415,0
7.4,5136.9,2113.9,72.2,87.39,89.93,87.05,89.39,779.61,783.64,779.59,784.23,4.76,66.26,12.63,3.0,43.65,0.729,14.13,4.18,LANE_A,18629.0,-22.3,88.7,CRUISE_LOITER,1.0,0,500.0,0.01,0.05,0.17,0.01,-0.86,-1.83,-2.88,-1.24,-0.02,0.0,0.1,0.08,0.007,0.03,0.0659,0
7.45,5147.3,2118.2,72.4,87.35,89.71,87.01,89.14,777.87,786.9,782.57,786.64,4.75,66.3,12.49,3.02,43.7,0.72,14.12,4.08,LANE_A,18630.0,-22.3,88.7,CRUISE_LOITER,1.0,0,500.0,-0.03,-0.17,0.13,-0.24,-2.6,1.43,0.1,1.17,-0.03,0.05,-0.04,0.13,-0.002,0.02,0.0598,0
7.5,5162.3,2124.4,72.2,87.19,89.98,87.23,89.39,779.03,786.11,781.53,784.08,4.8,66.08,12.58,3.01,43.52,0.685,14.09,4.06,LANE_A,18631.0,-22.3,88.7,CRUISE_LOITER,1.0,0,500.0,-0.19,0.1,0.35,0.01,-1.44,0.64,-0.94,-1.39,0.02,-0.17,0.05,-0.05,-0.037,-0.01,0.0525,0
7.550000000000001,5163.9,2125.0,72.2,87.32,89.71,86.68,89.38,778.18,789.24,784.74,785.92,4.82,66.34,12.49,2.98,43.65,0.712,14.08,3.99,LANE_A,18632.0,-22.3,88.8,CRUISE_LOITER,1.0,0,500.0,-0.06,-0.17,-0.2,0.0,-2.29,3.77,2.27,0.45,0.04,0.09,-0.04,0.08,-0.01,-0.02,0.0854,0
7.6000000000000005,5158.8,2123.0,72.4,87.26,90.14,86.99,89.19,781.82,786.32,782.78,785.57,4.76,66.34,12.58,3.01,43.59,0.739,14.12,4.12,LANE_A,18633.0,-22.3,88.8,CRUISE_LOITER,1.0,0,500.0,-0.11,0.27,0.12,-0.18,1.35,0.85,0.31,0.1,-0.02,0.09,0.05,0.03,0.017,0.02,0.0335,0
7.65,5175.5,2129.8,72.1,87.38,90.01,86.82,89.53,779.57,785.29,781.42,786.61,4.72,66.47,12.53,3.0,43.41,0.712,14.05,4.02,LANE_A,18634.0,-22.3,88.8,CRUISE_LOITER,1.0,0,500.0,0.01,0.14,-0.05,0.16,-0.9,-0.18,-1.05,1.14,-0.06,0.23,0.0,-0.15,-0.01,-0.05,0.0683,0
7.7,5138.7,2114.7,71.9,87.73,89.81,86.81,89.33,780.42,784.91,783.76,785.24,4.74,66.19,12.61,3.0,43.51,0.732,14.08,4.07,LANE_A,18635.0,-22.3,88.8,CRUISE_LOITER,1.0,0,500.0,0.36,-0.06,-0.06,-0.04,-0.05,-0.56,1.29,-0.23,-0.04,-0.05,0.08,-0.05,0.01,-0.02,0.0467,0
7.75,5145.6,2117.5,71.9,87.55,89.89,86.89,89.17,780.83,786.81,782.44,786.29,4.77,66.09,12.37,3.01,43.65,0.725,14.14,4.15,LANE_A,18636.0,-22.3,88.8,CRUISE_LOITER,1.0,0,500.0,0.18,0.02,0.02,-0.2,0.37,1.35,-0.02,0.83,-0.01,-0.15,-0.16,0.09,0.003,0.04,0.0414,0
7.800000000000001,5151.7,2120.0,72.0,87.54,89.94,86.73,89.39,779.84,786.33,782.21,785.57,4.81,66.2,12.59,3.01,43.54,0.727,14.14,4.23,LANE_A,18636.0,-22.3,88.8,CRUISE_LOITER,1.0,0,500.0,0.18,0.08,-0.13,0.03,-0.62,0.87,-0.25,0.11,0.03,-0.04,0.06,-0.02,0.005,0.04,0.0404,0
7.8500000000000005,5150.8,2119.7,72.1,87.46,89.69,87.0,89.73,779.73,785.05,779.93,786.99,4.8,66.4,12.45,2.94,43.59,0.71,14.09,4.15,LANE_A,18637.0,-22.3,88.8,CRUISE_LOITER,1.0,0,500.0,0.1,-0.17,0.14,0.37,-0.73,-0.41,-2.53,1.53,0.02,0.17,-0.07,0.03,-0.012,-0.01,0.0583,0
7.9,5150.0,2119.3,72.2,87.24,89.86,86.83,89.62,780.63,785.94,780.8,787.34,4.77,66.49,12.42,3.0,43.68,0.746,14.1,4.04,LANE_A,18638.0,-22.3,88.8,CRUISE_LOITER,1.0,0,500.0,-0.12,0.0,-0.03,0.26,0.17,0.48,-1.66,1.88,-0.01,0.26,-0.1,0.12,0.024,0.0,0.0453,0
7.95,5163.4,2124.8,72.1,87.66,89.67,86.95,89.35,782.54,784.64,781.92,786.65,4.79,66.46,12.55,3.02,43.66,0.716,14.11,4.18,LANE_A,18639.0,-22.3,88.8,CRUISE_LOITER,1.0,0,500.0,0.31,-0.18,0.1,0.0,2.08,-0.82,-0.54,1.19,0.01,0.23,0.03,0.1,-0.006,0.01,0.0482,0
8.0,5135.5,2113.4,72.3,87.52,89.83,87.22,89.45,780.37,784.79,782.69,786.11,4.8,66.22,12.42,3.01,43.23,0.707,14.1,4.04,LANE_A,18640.0,-22.3,88.8,CRUISE_LOITER,1.0,0,500.0,0.17,-0.02,0.37,0.1,-0.09,-0.67,0.23,0.65,0.02,0.0,-0.1,-0.32,-0.015,0.0,0.0387,0
8.05,5176.5,2130.3,72.5,87.82,89.6,86.95,89.2,779.03,785.56,782.49,786.02,4.8,66.25,12.51,3.01,43.45,0.745,14.1,4.04,LANE_A,18641.0,-22.3,88.8,CRUISE_LOITER,1.0,0,500.0,0.47,-0.25,0.1,-0.15,-1.43,0.1,0.03,0.56,0.02,0.03,-0.01,-0.1,0.023,0.0,0.0423,0
8.1,5151.5,2120.0,72.3,87.26,89.74,86.66,88.94,779.32,786.33,784.17,783.96,4.71,66.57,12.48,3.0,43.52,0.714,14.09,4.01,LANE_A,18642.0,-22.3,88.8,CRUISE_LOITER,1.0,0,500.0,-0.09,-0.11,-0.19,-0.41,-1.13,0.88,1.72,-1.49,-0.07,0.35,-0.04,-0.03,-0.008,-0.01,0.0788,0
8.15,5135.6,2113.4,72.2,87.24,89.87,86.96,89.12,780.39,787.18,780.96,786.4,4.73,66.14,12.5,3.02,43.68,0.709,14.09,3.96,LANE_A,18643.0,-22.3,88.8,CRUISE_LOITER,1.0,0,500.0,-0.1,0.03,0.12,-0.22,-0.06,1.73,-1.49,0.95,-0.05,-0.08,-0.02,0.13,-0.013,-0.01,0.0578,0
8.200000000000001,5143.1,2116.5,72.4,87.03,89.62,86.96,89.15,782.78,786.32,781.84,786.25,4.79,66.26,12.55,2.99,43.54,0.696,14.13,3.9,LANE_A,18643.0,-22.3,88.8,CRUISE_LOITER,1.0,0,500.0,-0.31,-0.22,0.12,-0.19,2.33,0.87,-0.61,0.8,0.01,0.05,0.03,-0.01,-0.026,0.03,0.0545,0
8.25,5174.6,2129.4,72.0,87.55,89.6,86.71,89.34,781.77,784.0,784.81,785.85,4.78,66.31,12.54,3.01,43.46,0.699,14.08,4.03,LANE_A,18644.0,-22.3,88.8,CRUISE_LOITER,1.0,0,500.0,0.21,-0.24,-0.13,0.0,1.32,-1.45,2.36,0.4,0.0,0.1,0.02,-0.09,-0.023,-0.02,0.055,0
8.3,5161.0,2123.9,72.4,87.48,89.81,86.84,89.48,781.54,785.88,781.71,786.38,4.77,66.14,12.41,2.97,43.52,0.765,14.11,3.99,LANE_A,18645.0,-22.3,88.8,CRUISE_LOITER,1.0,0,500.0,0.15,-0.02,0.01,0.15,1.09,0.43,-0.74,0.93,-0.01,-0.07,-0.11,-0.03,0.043,0.01,0.0582,0
8.35,5171.0,2128.0,72.3,87.62,89.82,86.92,89.37,780.69,785.41,782.87,785.37,4.77,66.14,12.47,2.97,43.49,0.741,14.1,3.95,LANE_A,18646.0,-22.3,88.8,CRUISE_LOITER,1.0,0,500.0,0.29,-0.01,0.09,0.04,0.24,-0.04,0.42,-0.08,-0.01,-0.07,-0.05,-0.06,0.019,0.0,0.0271,0
8.4,5163.6,2124.9,72.2,87.25,90.09,86.84,89.43,781.84,784.78,783.04,785.25,4.81,66.08,12.61,2.98,43.41,0.743,14.07,4.03,LANE_A,18647.0,-22.3,88.8,CRUISE_LOITER,1.0,0,500.0,-0.08,0.26,0.01,0.1,1.39,-0.67,0.59,-0.2,0.03,-0.12,0.09,-0.14,0.021,-0.03,0.0378,0
8.450000000000001,5152.6,2120.4,71.8,87.33,90.25,86.61,89.35,779.44,786.96,783.47,787.51,4.75,66.1,12.57,3.0,43.71,0.736,14.1,3.96,LANE_A,18648.0,-22.3,88.8,CRUISE_LOITER,1.0,0,500.0,0.0,0.42,-0.22,0.02,-1.01,1.51,1.02,2.06,-0.03,-0.1,0.05,0.17,0.014,0.0,0.05,0
8.5,5149.6,2119.2,72.4,87.46,89.85,86.95,89.35,781.17,786.0,782.21,784.76,4.79,66.11,12.42,2.99,43.56,0.709,14.09,4.17,LANE_A,18649.0,-22.3,88.8,CRUISE_LOITER,1.0,0,500.0,0.14,0.03,0.13,0.03,0.73,0.56,-0.23,-0.68,0.01,-0.09,-0.1,0.02,-0.013,-0.01,0.0248,0
8.55,5144.0,2116.9,72.3,87.25,89.65,86.81,89.31,780.08,785.61,782.29,783.82,4.79,66.21,12.58,2.99,43.54,0.701,14.08,4.18,LANE_A,18650.0,-22.3,88.9,CRUISE_LOITER,1.0,0,500.0,-0.07,-0.17,-0.01,-0.01,-0.36,0.17,-0.15,-1.62,0.01,0.01,0.06,0.0,-0.021,-0.02,0.0379,0
8.6,5163.5,2124.9,72.1,87.59,89.93,86.66,89.31,782.91,785.1,780.6,784.33,4.77,66.14,12.47,2.96,43.61,0.716,14.11,4.02,LANE_A,18650.0,-22.3,88.9,CRUISE_LOITER,1.0,0,500.0,0.27,0.11,-0.16,-0.01,2.47,-0.34,-1.84,-1.11,-0.01,-0.05,-0.05,0.07,-0.006,0.01,0.0567,0
8.65,5150.5,2119.5,72.2,87.59,89.6,87.01,89.4,779.01,788.47,782.24,785.01,4.77,66.04,12.48,3.0,43.46,0.737,14.13,4.06,LANE_A,18651.0,-22.3,88.9,CRUISE_LOITER,1.0,0,500.0,0.28,-0.21,0.2,0.09,-1.43,3.03,-0.2,-0.43,-0.01,-0.15,-0.04,-0.08,0.015,0.03,0.0682,0
8.700000000000001,5150.9,2119.7,72.5,87.43,89.88,86.91,89.17,782.38,786.64,783.17,784.58,4.78,66.43,12.46,3.04,43.63,0.739,14.09,3.91,LANE_A,18652.0,-22.3,88.9,CRUISE_LOITER,1.0,0,500.0,0.12,0.07,0.1,-0.14,1.94,1.2,0.73,-0.86,0.0,0.24,-0.06,0.09,0.017,-0.01,0.0454,0
8.75,5147.7,2118.4,72.3,87.26,89.56,86.8,89.45,777.72,785.27,781.26,786.62,4.8,66.41,12.41,2.99,43.42,0.709,14.1,3.84,LANE_A,18653.0,-22.3,88.9,CRUISE_LOITER,1.0,0,500.0,-0.05,-0.25,-0.01,0.14,-2.72,-0.17,-1.18,1.18,0.02,0.22,-0.11,-0.12,-0.013,0.0,0.0619,0
8.8,5182.6,2132.7,72.2,87.27,90.13,86.8,89.51,780.96,785.49,782.85,785.5,4.78,66.25,12.48,2.97,43.73,0.724,14.1,4.09,LANE_A,18654.0,-22.3,88.9,CRUISE_LOITER,1.0,0,500.0,-0.04,0.32,-0.01,0.2,0.52,0.05,0.41,0.06,0.0,0.07,-0.04,0.19,0.002,0.0,0.0283,0
8.85,5174.6,2129.5,72.1,87.34,89.9,86.91,89.52,779.47,785.47,781.35,786.07,4.78,65.92,12.47,3.02,43.43,0.728,14.09,4.1,LANE_A,18655.0,-22.3,88.9,CRUISE_LOITER,1.0,0,500.0,0.04,0.1,0.11,0.22,-0.96,0.04,-1.08,0.64,0.0,-0.26,-0.05,-0.1,0.006,-0.01,0.0269,0
8.9,5153.3,2120.7,71.8,87.17,89.75,86.82,89.66,779.21,783.03,782.63,785.14,4.78,66.21,12.47,3.01,43.6,0.738,14.13,4.01,LANE_A,18656.0,-22.3,88.9,CRUISE_LOITER,1.0,0,500.0,-0.13,-0.05,0.02,0.36,-1.22,-2.4,0.2,-0.29,0.0,0.03,-0.05,0.07,0.016,0.03,0.0551,0
8.950000000000001,5155.2,2121.5,72.3,87.4,89.49,86.91,89.07,780.08,786.4,782.2,786.82,4.84,66.48,12.57,3.01,43.47,0.717,14.13,4.09,LANE_A,18657.0,-22.3,88.9,CRUISE_LOITER,1.0,0,500.0,0.1,-0.31,0.11,-0.23,-0.35,0.97,-0.23,1.39,0.06,0.3,0.05,-0.06,-0.005,0.03,0.0678,0
9.0,5159.2,2123.1,72.3,87.15,89.55,86.59,89.28,777.98,784.91,781.64,784.09,4.81,66.12,12.5,2.98,43.57,0.7,14.12,4.04,LANE_A,18657.0,-22.3,88.9,CRUISE_LOITER,1.0,0,500.0,-0.14,-0.24,-0.2,-0.01,-2.45,-0.52,-0.79,-1.34,0.03,-0.05,-0.02,0.04,-0.022,0.02,0.057,0
9.05,5161.8,2124.2,72.2,87.44,89.85,86.66,89.27,778.94,786.29,783.7,787.36,4.75,66.18,12.5,3.0,43.57,0.75,14.14,3.86,LANE_A,18658.0,-22.3,88.9,CRUISE_LOITER,1.0,0,500.0,0.15,0.06,-0.13,-0.02,-1.49,0.86,1.27,1.93,-0.03,0.01,-0.02,0.04,0.028,0.04,0.048,0
9.1,5144.4,2117.0,72.5,87.14,89.91,86.51,89.52,779.29,786.71,784.01,784.98,4.76,65.97,12.59,2.99,43.54,0.719,14.09,4.03,LANE_A,18659.0,-22.3,88.9,CRUISE_LOITER,1.0,0,500.0,-0.15,0.12,-0.28,0.23,-1.14,1.28,1.58,-0.45,-0.02,-0.2,0.07,0.01,-0.003,-0.01,0.0389,0
9.15,5157.6,2122.5,72.4,87.23,89.52,86.65,89.31,780.68,786.45,781.02,785.7,4.7,65.97,12.7,3.01,43.38,0.715,14.09,4.15,LANE_A,18660.0,-22.3,88.9,CRUISE_LOITER,1.0,0,500.0,-0.06,-0.27,-0.14,0.02,0.25,1.02,-1.41,0.27,-0.08,-0.19,0.18,-0.15,-0.007,-0.01,0.0879,0
9.200000000000001,5157.2,2122.3,72.1,87.46,89.8,86.78,89.18,780.54,784.38,783.17,786.59,4.81,66.34,12.53,3.0,43.33,0.713,14.08,4.11,LANE_A,18661.0,-22.3,88.9,CRUISE_LOITER,1.0,0,500.0,0.18,0.02,0.0,-0.1,0.11,-1.05,0.74,1.16,0.03,0.18,0.01,-0.2,-0.009,-0.02,0.0366,0
9.25,5162.6,2124.5,72.1,87.39,89.89,86.57,89.38,781.96,785.98,782.24,785.35,4.77,66.25,12.5,3.01,43.63,0.709,14.11,4.43,LANE_A,18662.0,-22.3,88.9,CRUISE_LOITER,1.0,0,500.0,0.11,0.11,-0.21,0.1,1.54,0.56,-0.18,-0.07,-0.01,0.09,-0.02,0.11,-0.013,0.01,0.0358,0
9.3,5165.4,2125.7,72.5,87.74,89.6,86.57,89.38,781.37,785.22,783.71,787.88,4.78,66.14,12.57,3.01,43.67,0.683,14.11,3.9,LANE_A,18663.0,-22.3,88.9,CRUISE_LOITER,1.0,0,500.0,0.46,-0.18,-0.21,0.1,0.95,-0.2,1.29,2.46,0.0,-0.02,0.05,0.15,-0.039,0.01,0.0585,0
9.35,5162.6,2124.5,72.4,87.25,89.93,86.67,89.16,779.87,781.85,783.31,784.01,4.76,66.05,12.51,2.99,43.43,0.742,14.12,4.0,LANE_A,18664.0,-22.3,88.9,CRUISE_LOITER,1.0,0,500.0,-0.02,0.16,-0.1,-0.11,-0.55,-3.57,0.89,-1.41,-0.02,-0.1,-0.01,-0.09,0.02,0.02,0.0789,0
9.4,5174.5,2129.4,72.4,87.2,89.64,86.91,89.32,779.21,785.8,782.75,784.99,4.76,66.39,12.48,2.99,43.64,0.726,14.1,3.9,LANE_A,18664.0,-22.3,88.9,CRUISE_LOITER,1.0,0,500.0,-0.07,-0.13,0.14,0.05,-1.21,0.38,0.33,-0.43,-0.02,0.24,-0.04,0.12,0.004,0.0,0.0292,0
9.450000000000001,5143.6,2116.7,72.3,87.3,89.76,86.71,88.88,780.98,784.41,783.01,784.42,4.76,66.35,12.54,3.03,43.41,0.74,14.12,3.87,LANE_A,18665.0,-22.3,88.9,CRUISE_LOITER,1.0,0,500.0,0.03,-0.01,-0.06,-0.39,0.56,-1.01,0.59,-1.0,-0.02,0.2,0.02,-0.11,0.018,0.02,0.036,0
9.5,5156.9,2122.2,72.1,87.51,89.73,86.44,89.19,778.63,784.6,782.03,785.24,4.78,66.33,12.39,2.96,43.4,0.719,14.09,4.13,LANE_A,18666.0,-22.3,88.9,CRUISE_LOITER,1.0,0,500.0,0.24,-0.04,-0.33,-0.08,-1.79,-0.82,-0.39,-0.18,0.0,0.18,-0.13,-0.12,-0.003,-0.01,0.0424,0
9.55,5157.9,2122.6,72.3,87.53,89.54,86.76,89.2,779.14,787.33,783.7,785.69,4.76,66.23,12.62,2.99,43.59,0.719,14.1,3.82,LANE_A,18667.0,-22.3,88.9,CRUISE_LOITER,1.0,0,500.0,0.27,-0.22,0.0,-0.06,-1.28,1.91,1.28,0.27,-0.02,0.09,0.1,0.07,-0.003,0.0,0.0455,0
9.600000000000001,5178.6,2131.1,72.3,87.1,89.7,87.04,89.31,779.48,785.5,781.89,784.59,4.78,66.0,12.42,3.02,43.74,0.739,14.1,4.03,LANE_A,18668.0,-22.3,89.0,CRUISE_LOITER,1.0,0,500.0,-0.16,-0.06,0.28,0.05,-0.93,0.09,-0.52,-0.82,0.0,-0.14,-0.1,0.22,0.017,0.0,0.0284,0
9.65,5145.1,2117.3,72.1,87.53,89.69,86.73,89.13,779.08,785.88,782.53,785.88,4.82,66.22,12.55,2.97,43.5,0.708,14.08,4.23,LANE_A,18669.0,-22.3,89.0,CRUISE_LOITER,1.0,0,500.0,0.27,-0.07,-0.03,-0.13,-1.33,0.47,0.12,0.47,0.04,0.08,0.03,-0.02,-0.014,-0.02,0.0464,0
9.700000000000001,5152.9,2120.5,72.1,87.09,89.69,86.9,89.42,780.54,784.56,783.37,785.62,4.78,66.17,12.69,2.99,43.6,0.72,14.06,4.07,LANE_A,18670.0,-22.3,89.0,CRUISE_LOITER,1.0,0,500.0,-0.17,-0.07,0.14,0.16,0.13,-0.85,0.96,0.21,0.0,0.03,0.17,0.09,-0.002,-0.04,0.0409,0
9.75,5175.2,2129.7,72.4,87.53,89.85,86.68,89.14,781.3,786.07,782.69,785.48,4.76,65.88,12.44,3.02,43.62,0.716,14.1,4.09,LANE_A,18671.0,-22.3,89.0,CRUISE_LOITER,1.0,0,500.0,0.28,0.1,-0.07,-0.11,0.89,0.66,0.28,0.07,-0.02,-0.25,-0.08,0.11,-0.006,0.0,0.0267,0
9.8,5156.9,2122.2,72.2,87.25,89.66,86.7,89.35,781.07,784.76,780.07,784.49,4.8,66.14,12.42,3.0,43.58,0.704,14.13,4.11,LANE_A,18671.0,-22.3,89.0,CRUISE_LOITER,1.0,0,500.0,0.0,-0.09,-0.05,0.1,0.66,-0.65,-2.34,-0.92,0.02,0.01,-0.1,0.07,-0.018,0.03,0.054,0
9.850000000000001,5169.9,2127.6,72.3,87.22,89.94,86.62,89.28,781.5,785.55,782.08,784.84,4.79,66.1,12.51,3.03,43.42,0.725,14.09,4.14,LANE_A,18672.0,-22.3,89.0,CRUISE_LOITER,1.0,0,500.0,-0.03,0.19,-0.13,0.03,1.09,0.14,-0.33,-0.57,0.01,-0.03,-0.01,-0.09,0.003,-0.01,0.0259,0
9.9,5178.9,2131.3,72.1,86.98,89.56,86.43,89.22,778.78,785.38,782.3,785.72,4.82,66.21,12.49,3.01,43.48,0.733,14.1,4.07,LANE_A,18673.0,-22.3,89.0,CRUISE_LOITER,1.0,0,500.0,-0.26,-0.18,-0.31,-0.02,-1.63,-0.03,-0.11,0.31,0.04,0.08,-0.02,-0.03,0.011,0.0,0.0468,0
9.950000000000001,5174.7,2129.5,72.5,87.26,89.61,86.9,89.05,780.47,785.66,782.08,783.96,4.76,66.13,12.51,3.01,43.13,0.727,14.08,4.12,LANE_A,18674.0,-22.3,89.0,CRUISE_LOITER,1.0,0,500.0,0.02,-0.13,0.16,-0.19,0.06,0.25,-0.33,-1.45,-0.02,0.01,0.0,-0.38,0.005,-0.02,0.0444,0
10.0,5154.2,2121.1,72.4,87.26,89.48,87.04,88.98,780.45,785.59,784.38,784.28,4.73,66.18,12.44,3.01,43.42,0.749,14.1,4.07,LANE_A,18675.0,-22.3,89.0,CRUISE_LOITER,1.0,5,497.5,0.02,-0.26,0.3,-0.26,0.05,0.19,1.98,-1.12,-0.05,0.06,-0.07,-0.09,0.027,0.0,0.0588,0
10.05,5174.4,2129.4,72.2,87.04,89.82,86.78,89.24,781.99,785.59,781.65,786.81,4.74,66.35,12.55,3.01,43.53,0.731,14.09,4.12,LANE_A,18676.0,-22.4,89.0,CRUISE_LOITER,0.99,5,495.0,-0.2,0.08,0.04,0.0,1.59,0.19,-0.75,1.41,-0.04,0.23,0.04,0.02,0.009,-0.01,0.0471,0
10.100000000000001,5167.2,2126.4,72.4,87.19,89.63,87.05,89.37,778.8,785.82,783.6,785.65,4.79,66.43,12.51,3.03,43.56,0.787,14.07,4.09,LANE_A,18677.0,-22.4,89.0,CRUISE_LOITER,0.99,5,492.5,-0.04,-0.1,0.32,0.14,-1.6,0.42,1.2,0.25,0.01,0.31,0.0,0.06,0.065,-0.03,0.0859,0
10.15,5163.3,2124.8,72.6,87.4,89.82,86.25,89.13,780.83,786.7,783.71,786.79,4.77,66.27,12.37,3.01,43.55,0.776,14.08,4.06,LANE_A,18678.0,-22.4,89.0,CRUISE_LOITER,0.99,5,490.0,0.17,0.09,-0.48,-0.1,0.43,1.3,1.31,1.39,-0.01,0.16,-0.14,0.05,0.054,-0.02,0.0738,0
10.200000000000001,5151.3,2119.9,72.5,87.2,89.84,86.83,89.46,781.74,786.02,783.78,784.52,4.81,66.42,12.53,3.03,43.67,0.812,14.11,4.18,LANE_A,18678.0,-22.4,89.0,CRUISE_LOITER,0.98,5,487.5,-0.03,0.11,0.1,0.23,1.34,0.62,1.38,-0.88,0.03,0.31,0.02,0.17,0.09,0.01,0.1156,0
10.25,5153.1,2120.6,72.2,87.11,89.8,86.47,89.18,780.76,785.38,783.11,785.96,4.78,66.52,12.47,3.02,43.76,0.865,14.09,3.88,LANE_A,18679.0,-22.4,89.0,CRUISE_LOITER,0.98,5,485.0,-0.11,0.08,-0.25,-0.04,0.36,-0.02,0.71,0.56,0.0,0.41,-0.04,0.26,0.143,-0.01,0.1749,0
10.3,5146.9,2118.1,72.4,87.45,89.83,86.78,89.28,779.66,786.44,781.16,786.0,4.78,66.58,12.48,2.99,43.75,0.858,14.15,4.12,LANE_A,18680.0,-22.4,89.0,CRUISE_LOITER,0.98,5,482.5,0.23,0.11,0.06,0.06,-0.74,1.04,-1.24,0.6,0.0,0.47,-0.03,0.25,0.136,0.05,0.1682,0
10.350000000000001,5133.1,2112.4,72.4,87.47,89.63,86.4,89.08,779.91,782.88,782.25,786.12,4.81,66.78,12.32,3.01,43.55,0.881,14.15,4.2,LANE_A,18681.0,-22.4,89.0,CRUISE_LOITER,0.97,5,480.0,0.25,-0.09,-0.32,-0.14,-0.49,-2.52,-0.15,0.72,0.03,0.68,-0.19,0.05,0.159,0.05,0.1944,0
10.4,5133.0,2112.3,72.1,87.04,89.52,86.68,89.31,781.03,784.54,782.84,785.39,4.83,66.74,12.44,2.97,43.56,0.907,14.12,3.88,LANE_A,18682.0,-22.4,89.0,CRUISE_LOITER,0.97,5,477.5,-0.18,-0.2,-0.04,0.09,0.64,-0.85,0.45,0.0,0.05,0.64,-0.07,0.06,0.185,0.02,0.2206,0
10.450000000000001,5147.7,2118.4,72.1,87.17,89.47,86.53,89.13,780.41,784.35,783.38,786.37,4.75,66.46,12.51,2.99,43.74,0.909,14.09,4.13,LANE_A,18683.0,-22.4,89.0,CRUISE_LOITER,0.97,5,475.0,-0.04,-0.24,-0.18,-0.08,0.02,-1.04,0.99,0.98,-0.03,0.36,0.0,0.24,0.187,-0.01,0.2223,0
10.5,5145.5,2117.5,72.3,87.11,89.58,86.76,89.29,780.75,785.2,780.58,785.02,4.72,66.68,12.41,3.04,43.79,0.918,14.06,4.19,LANE_A,18684.0,-22.4,89.0,CRUISE_LOITER,0.97,5,472.5,-0.1,-0.13,0.05,0.08,0.36,-0.19,-1.81,-0.37,-0.06,0.59,-0.1,0.3,0.196,-0.04,0.2327,0
10.55,5141.0,2115.6,72.3,87.47,89.57,86.57,89.07,781.59,785.02,782.97,785.16,4.8,66.61,12.38,2.99,43.48,0.962,14.1,3.86,LANE_A,18685.0,-22.4,89.0,CRUISE_LOITER,0.96,5,470.0,0.26,-0.14,-0.14,-0.14,1.2,-0.37,0.58,-0.23,0.02,0.52,-0.13,-0.01,0.24,0.0,0.2753,0
10.600000000000001,5154.0,2121.0,72.4,87.09,89.76,86.36,89.02,777.79,785.17,781.88,787.34,4.81,66.74,12.48,3.01,43.5,0.973,14.11,3.95,LANE_A,18685.0,-22.4,89.1,CRUISE_LOITER,0.96,5,467.5,-0.11,0.06,-0.34,-0.18,-2.6,-0.22,-0.51,1.95,0.03,0.65,-0.03,0.01,0.251,0.01,0.2866,0
10.65,5146.4,2117.9,72.4,87.19,89.42,86.79,89.33,782.85,784.03,781.38,786.29,4.78,66.89,12.4,3.01,43.89,0.982,14.08,3.99,LANE_A,18686.0,-22.4,89.1,CRUISE_LOITER,0.96,5,465.0,-0.01,-0.28,0.09,0.13,2.46,-1.36,-1.01,0.9,0.0,0.8,-0.11,0.4,0.26,-0.02,0.2953,0
10.700000000000001,5159.9,2123.4,72.2,87.43,89.7,86.87,89.35,780.96,784.62,781.85,783.31,4.8,66.77,12.59,3.02,43.75,1.007,14.07,4.06,LANE_A,18687.0,-22.4,89.1,CRUISE_LOITER,0.95,5,462.5,0.23,0.0,0.17,0.15,0.57,-0.77,-0.54,-2.08,0.02,0.69,0.08,0.26,0.285,-0.03,0.318,0
10.75,5166.6,2126.2,72.2,87.48,89.81,86.75,89.34,779.59,784.91,781.24,785.84,4.72,66.77,12.41,3.0,43.67,1.0,14.12,4.21,LANE_A,18688.0,-22.4,89.1,CRUISE_LOITER,0.95,5,460.0,0.28,0.11,0.05,0.14,-0.79,-0.47,-1.14,0.46,-0.06,0.69,-0.1,0.18,0.278,0.02,0.3118,0
10.8,5146.6,2117.9,72.5,87.18,89.7,86.33,89.32,779.59,786.27,781.68,783.29,4.77,67.03,12.58,3.0,43.86,1.042,14.09,4.04,LANE_A,18689.0,-22.4,89.1,CRUISE_LOITER,0.95,5,457.5,-0.01,0.01,-0.36,0.13,-0.79,0.89,-0.7,-2.09,-0.01,0.95,0.07,0.37,0.32,-0.01,0.3493,0
10.850000000000001,5159.4,2123.2,72.3,87.45,89.58,86.72,89.23,780.09,784.22,782.28,785.78,4.73,67.34,12.54,2.98,44.07,1.078,14.08,4.12,LANE_A,18690.0,-22.4,89.1,CRUISE_LOITER,0.94,5,455.0,0.26,-0.11,0.03,0.04,-0.29,-1.16,-0.1,0.4,-0.05,1.26,0.03,0.58,0.356,-0.02,0.3803,0
10.9,5151.7,2120.0,72.3,87.09,90.02,86.69,89.03,778.88,786.2,780.23,784.61,4.78,67.02,12.34,3.04,43.91,1.103,14.12,3.96,LANE_A,18691.0,-22.4,89.1,CRUISE_LOITER,0.94,5,452.5,-0.1,0.33,0.0,-0.16,-1.5,0.82,-2.15,-0.77,0.0,0.95,-0.17,0.42,0.381,0.02,0.4004,0
10.950000000000001,5156.3,2121.9,72.8,87.33,89.55,86.97,89.28,779.54,786.95,782.42,783.68,4.76,67.0,12.43,2.99,43.91,1.115,14.1,4.11,LANE_A,18692.0,-22.4,89.1,CRUISE_LOITER,0.94,5,450.0,0.14,-0.14,0.28,0.09,-0.84,1.57,0.04,-1.7,-0.02,0.93,-0.08,0.43,0.393,0.0,0.4098,0
11.0,5144.7,2117.2,72.4,86.9,89.85,86.68,89.08,780.25,785.99,782.26,785.99,4.79,67.35,12.66,2.99,43.7,1.108,14.08,4.0,LANE_A,18692.0,-22.4,89.1,CRUISE_LOITER,0.93,5,447.5,-0.28,0.17,0.0,-0.1,-0.13,0.61,-0.12,0.61,0.01,1.28,0.15,0.22,0.386,-0.02,0.4042,0
11.05,5147.3,2118.2,71.9,86.87,89.77,86.49,89.45,778.66,784.48,781.7,785.04,4.75,67.15,12.65,2.97,44.02,1.145,14.09,3.98,LANE_A,18693.0,-22.4,89.1,CRUISE_LOITER,0.93,5,445.0,-0.31,0.09,-0.19,0.27,-1.72,-0.9,-0.68,-0.34,-0.03,1.08,0.14,0.54,0.423,-0.01,0.4332,0
11.100000000000001,5172.5,2128.6,72.5,87.1,89.59,86.72,89.0,780.59,787.14,783.48,784.41,4.82,67.28,12.44,2.99,44.06,1.199,14.11,4.0,LANE_A,18694.0,-22.4,89.1,CRUISE_LOITER,0.93,5,442.5,-0.08,-0.09,0.04,-0.18,0.21,1.76,1.1,-0.97,0.04,1.22,-0.07,0.58,0.477,0.01,0.4727,0
11.15,5130.2,2111.2,72.4,87.34,89.75,86.45,89.31,781.98,787.84,782.9,786.88,4.76,67.33,12.62,3.06,44.13,1.188,14.12,4.03,LANE_A,18695.0,-22.4,89.1,CRUISE_LOITER,0.93,5,440.0,0.17,0.08,-0.22,0.14,1.61,2.47,0.53,1.51,-0.02,1.27,0.11,0.65,0.466,0.02,0.4651,0
11.200000000000001,5156.7,2122.1,72.5,87.18,89.86,87.06,89.12,779.62,784.73,782.61,786.24,4.78,67.13,12.48,2.99,43.92,1.22,14.08,4.1,LANE_A,18696.0,-22.4,89.1,CRUISE_LOITER,0.92,5,437.5,0.01,0.19,0.39,-0.05,-0.75,-0.64,0.24,0.87,0.0,1.07,-0.03,0.44,0.498,-0.02,0.487,0
11.25,5135.8,2113.5,72.7,87.5,89.87,87.0,88.74,779.95,784.51,780.05,784.16,4.81,67.3,12.39,3.02,44.13,1.218,14.08,4.09,LANE_A,18697.0,-22.4,89.1,CRUISE_LOITER,0.92,5,435.0,0.33,0.2,0.33,-0.43,-0.42,-0.86,-2.32,-1.21,0.03,1.24,-0.12,0.65,0.496,-0.02,0.4862,0
11.3,5134.6,2113.0,72.1,87.2,89.76,86.47,89.26,781.05,786.47,782.01,783.59,4.78,67.78,12.41,2.99,44.02,1.241,14.09,4.02,LANE_A,18698.0,-22.4,89.1,CRUISE_LOITER,0.92,5,432.5,0.03,0.09,-0.2,0.09,0.68,1.1,-0.36,-1.78,0.0,1.73,-0.1,0.54,0.519,-0.01,0.5017,0
11.350000000000001,5164.3,2125.2,72.7,86.8,89.71,86.44,89.26,781.52,785.12,782.01,784.45,4.79,67.66,12.56,3.06,43.99,1.282,14.08,4.04,LANE_A,18699.0,-22.4,89.1,CRUISE_LOITER,0.91,5,430.0,-0.36,0.05,-0.22,0.1,1.15,-0.25,-0.36,-0.92,0.01,1.61,0.05,0.52,0.56,-0.02,0.5281,0
11.4,5149.0,2118.9,72.5,86.93,89.76,86.66,88.96,778.72,783.16,781.17,785.99,4.81,67.55,12.47,2.98,44.02,1.274,14.1,4.0,LANE_A,18699.0,-22.4,89.1,CRUISE_LOITER,0.91,5,427.5,-0.23,0.1,0.0,-0.2,-1.65,-2.21,-1.2,0.62,0.03,1.5,-0.04,0.55,0.552,0.0,0.5231,0
11.450000000000001,5158.8,2123.0,72.5,87.13,89.74,86.7,89.13,779.36,785.3,781.55,783.71,4.79,67.42,12.56,2.98,44.03,1.308,14.12,4.2,LANE_A,18700.0,-22.4,89.1,CRUISE_LOITER,0.91,5,425.0,-0.03,0.08,0.04,-0.03,-1.01,-0.07,-0.82,-1.66,0.01,1.37,0.05,0.56,0.586,0.02,0.5441,0
11.5,5128.2,2110.4,72.3,87.16,89.7,86.77,89.23,780.72,785.04,783.54,784.94,4.79,67.93,12.43,2.98,44.28,1.321,14.08,3.92,LANE_A,18701.0,-22.4,89.1,CRUISE_LOITER,0.9,5,422.5,0.01,0.05,0.12,0.08,0.36,-0.32,1.18,-0.42,0.01,1.89,-0.08,0.81,0.599,-0.02,0.5523,0
11.55,5122.9,2108.2,72.6,87.03,89.82,86.81,89.27,780.98,784.91,781.35,785.86,4.72,67.31,12.54,2.99,44.14,1.318,14.1,3.93,LANE_A,18702.0,-22.4,89.1,CRUISE_LOITER,0.9,5,420.0,-0.12,0.17,0.16,0.12,0.62,-0.45,-1.01,0.5,-0.06,1.27,0.03,0.67,0.596,0.0,0.5503,0
11.600000000000001,5140.1,2115.3,72.3,87.18,89.9,86.42,89.41,780.48,782.23,784.27,786.72,4.77,67.53,12.48,3.05,44.16,1.371,14.1,3.98,LANE_A,18703.0,-22.4,89.1,CRUISE_LOITER,0.9,5,417.5,0.03,0.25,-0.23,0.26,0.12,-3.13,1.91,1.36,-0.01,1.49,-0.03,0.69,0.649,0.0,0.5812,0
11.65,5147.6,2118.4,71.8,87.75,89.71,86.55,88.8,780.21,784.95,783.32,784.04,4.82,67.86,12.41,3.01,44.26,1.366,14.12,4.14,LANE_A,18704.0,-22.4,89.2,CRUISE_LOITER,0.89,5,415.0,0.6,0.06,-0.1,-0.35,-0.15,-0.41,0.96,-1.32,0.04,1.82,-0.1,0.79,0.644,0.02,0.5786,0
11.700000000000001,5149.3,2119.1,72.5,87.38,89.71,86.5,89.54,780.27,787.29,782.06,784.59,4.86,67.92,12.43,3.0,44.38,1.384,14.1,4.12,LANE_A,18705.0,-22.4,89.2,CRUISE_LOITER,0.89,5,412.5,0.24,0.07,-0.14,0.4,-0.09,1.93,-0.3,-0.77,0.08,1.89,-0.08,0.91,0.662,0.0,0.5888,0
11.75,5154.8,2121.3,72.7,87.11,89.79,86.23,89.02,782.23,783.14,783.92,784.09,4.8,67.77,12.4,2.99,44.45,1.386,14.11,3.93,LANE_A,18706.0,-22.4,89.2,CRUISE_LOITER,0.89,5,410.0,-0.03,0.15,-0.41,-0.12,1.87,-2.22,1.56,-1.27,0.02,1.74,-0.11,0.99,0.664,0.01,0.5898,0
11.8,5165.9,2125.9,71.9,87.17,89.47,86.68,89.52,781.98,784.36,783.6,785.95,4.77,67.87,12.51,3.0,44.24,1.446,14.13,4.03,LANE_A,18706.0,-22.4,89.2,CRUISE_LOITER,0.88,5,407.5,0.03,-0.17,0.04,0.38,1.62,-1.0,1.24,0.59,-0.01,1.84,0.0,0.78,0.724,0.03,0.6212,0
11.850000000000001,5136.9,2114.0,72.1,87.03,89.62,86.83,89.02,779.4,784.84,782.73,785.39,4.74,67.93,12.54,3.0,44.37,1.459,14.09,4.22,LANE_A,18707.0,-22.4,89.2,CRUISE_LOITER,0.88,5,405.0,-0.1,-0.01,0.2,-0.11,-0.96,-0.52,0.37,0.03,-0.04,1.91,0.03,0.91,0.737,-0.01,0.6278,0
11.9,5144.7,2117.2,71.9,87.04,89.63,86.57,89.15,778.7,785.06,781.0,784.06,4.79,68.17,12.5,2.99,44.17,1.474,14.09,4.17,LANE_A,18708.0,-22.4,89.2,CRUISE_LOITER,0.88,5,402.5,-0.09,0.0,-0.06,0.02,-1.65,-0.29,-1.35,-1.29,0.01,2.15,0.0,0.71,0.752,-0.01,0.6352,0
11.950000000000001,5149.5,2119.1,72.5,86.94,89.49,86.72,89.04,780.92,785.0,784.26,787.33,4.75,68.3,12.35,2.97,44.33,1.473,14.14,3.86,LANE_A,18709.0,-22.4,89.2,CRUISE_LOITER,0.88,5,400.0,-0.19,-0.14,0.09,-0.09,0.57,-0.35,1.91,1.98,-0.03,2.28,-0.15,0.87,0.751,0.04,0.6349,0
12.0,5130.3,2111.2,72.5,87.16,89.42,86.66,89.09,781.48,784.95,781.01,786.03,4.76,68.11,12.54,2.98,44.34,1.506,14.08,3.96,LANE_A,18710.0,-22.4,89.2,CRUISE_LOITER,0.87,5,397.5,0.03,-0.21,0.03,-0.04,1.13,-0.4,-1.34,0.68,-0.02,2.09,0.04,0.88,0.784,-0.02,0.6505,1
12.05,5136.7,2113.9,72.1,86.73,89.81,86.49,88.83,778.47,784.98,783.91,786.17,4.8,68.13,12.53,3.01,44.13,1.548,14.1,3.99,LANE_A,18711.0,-22.4,89.2,CRUISE_LOITER,0.87,5,395.0,-0.39,0.19,-0.13,-0.29,-1.88,-0.37,1.56,0.82,0.02,2.12,0.03,0.67,0.826,0.0,0.6695,1
12.100000000000001,5155.8,2121.7,72.5,87.11,89.67,86.6,89.24,780.99,783.83,782.34,785.06,4.83,68.52,12.48,3.0,44.3,1.569,14.11,4.01,LANE_A,18712.0,-22.4,89.2,CRUISE_LOITER,0.87,5,392.5,-0.01,0.05,-0.02,0.12,0.64,-1.52,-0.01,-0.29,0.05,2.51,-0.02,0.84,0.847,0.01,0.6789,1
12.15,5164.6,2125.3,72.2,87.07,89.89,86.63,89.13,781.03,785.06,781.43,783.43,4.82,68.13,12.55,3.0,44.3,1.569,14.13,4.07,LANE_A,18712.0,-22.4,89.2,CRUISE_LOITER,0.86,5,390.0,-0.05,0.27,0.01,0.01,0.68,-0.29,-0.92,-1.92,0.04,2.12,0.05,0.85,0.847,0.03,0.6788,1
12.200000000000001,5147.0,2118.1,72.4,87.14,89.85,86.56,89.14,778.91,785.31,783.12,784.43,4.78,68.34,12.47,2.99,44.21,1.628,14.1,4.0,LANE_A,18713.0,-22.4,89.2,CRUISE_LOITER,0.86,5,387.5,0.02,0.23,-0.06,0.02,-1.44,-0.04,0.77,-0.92,0.0,2.33,-0.03,0.76,0.906,0.0,0.7031,1
12.25,5148.5,2118.7,72.4,87.04,89.25,86.07,89.06,782.95,785.8,782.93,786.25,4.79,68.21,12.51,3.0,44.18,1.607,14.07,4.03,LANE_A,18714.0,-22.4,89.2,CRUISE_LOITER,0.86,5,385.0,-0.07,-0.36,-0.54,-0.05,2.61,0.46,0.59,0.91,0.01,2.21,0.01,0.73,0.885,-0.03,0.6947,1
12.3,5130.9,2111.5,72.2,87.03,89.37,86.46,89.23,779.2,785.59,780.94,782.33,4.81,68.59,12.63,2.98,44.4,1.619,14.09,4.0,LANE_A,18715.0,-22.4,89.2,CRUISE_LOITER,0.85,5,382.5,-0.08,-0.24,-0.15,0.12,-1.14,0.25,-1.4,-3.01,0.03,2.59,0.13,0.95,0.897,-0.01,0.6997,1
12.350000000000001,5123.3,2108.4,72.4,87.24,89.85,86.64,89.24,782.53,787.57,781.29,788.36,4.74,68.43,12.65,2.99,44.55,1.678,14.08,3.92,LANE_A,18716.0,-22.4,89.2,CRUISE_LOITER,0.85,5,380.0,0.13,0.24,0.03,0.13,2.19,2.23,-1.05,3.02,-0.04,2.43,0.15,1.1,0.956,-0.02,0.7226,1
12.4,5141.5,2115.8,72.4,87.08,89.88,86.89,88.9,782.32,785.41,784.91,785.04,4.75,68.77,12.49,3.01,44.59,1.671,14.15,4.08,LANE_A,18717.0,-22.4,89.2,CRUISE_LOITER,0.85,5,377.5,-0.02,0.28,0.29,-0.2,1.98,0.07,2.57,-0.3,-0.03,2.77,-0.01,1.14,0.949,0.05,0.72,1
12.450000000000001,5124.5,2108.8,72.6,87.13,89.47,86.69,89.25,780.26,784.14,783.35,788.26,4.77,68.57,12.62,3.01,44.52,1.707,14.09,3.95,LANE_A,18718.0,-22.4,89.2,CRUISE_LOITER,0.84,5,375.0,0.03,-0.13,0.09,0.15,-0.08,-1.2,1.01,2.92,-0.01,2.58,0.12,1.07,0.985,-0.01,0.7331,1
12.5,5142.4,2116.2,72.6,87.33,89.64,86.57,89.13,780.47,783.83,781.7,788.11,4.77,68.42,12.48,3.01,44.61,1.747,14.09,4.0,LANE_A,18719.0,-22.4,89.2,CRUISE_LOITER,0.84,5,372.5,0.23,0.04,-0.03,0.03,0.13,-1.51,-0.64,2.77,-0.01,2.43,-0.02,1.16,1.025,-0.01,0.7469,1
12.55,5129.4,2110.9,72.3,87.0,89.7,86.89,89.16,782.61,786.39,782.76,786.58,4.76,69.0,12.36,2.97,44.54,1.717,14.07,4.17,LANE_A,18719.0,-22.4,89.2,CRUISE_LOITER,0.84,5,370.0,-0.1,0.1,0.29,0.06,2.27,1.05,0.42,1.24,-0.02,3.01,-0.14,1.09,0.995,-0.03,0.7367,1
12.600000000000001,5132.8,2112.3,72.3,87.34,89.39,86.77,89.13,781.67,785.72,781.99,786.5,4.8,68.84,12.58,3.02,44.74,1.76,14.1,4.09,LANE_A,18720.0,-22.4,89.2,CRUISE_LOITER,0.83,5,367.5,0.25,-0.2,0.18,0.04,1.33,0.38,-0.35,1.16,0.02,2.85,0.08,1.3,1.038,0.0,0.7514,1
12.65,5149.2,2119.0,72.6,87.03,89.5,86.61,89.0,780.69,785.51,781.07,783.44,4.78,69.02,12.41,3.0,44.59,1.748,14.09,3.8,LANE_A,18721.0,-22.4,89.3,CRUISE_LOITER,0.83,5,365.0,-0.06,-0.09,0.02,-0.09,0.36,0.18,-1.26,-1.89,0.0,3.04,-0.09,1.15,1.026,-0.01,0.7474,1
12.700000000000001,5116.5,2105.6,72.5,87.13,89.58,86.33,89.16,779.02,787.38,782.74,784.49,4.74,68.98,12.57,3.02,44.46,1.788,14.1,4.2,LANE_A,18722.0,-22.4,89.3,CRUISE_LOITER,0.83,5,362.5,0.04,-0.01,-0.26,0.07,-1.31,2.05,0.41,-0.84,-0.04,3.0,0.07,1.02,1.066,0.0,0.7605,1
12.75,5135.8,2113.5,72.7,87.32,89.78,86.36,89.15,781.51,786.97,782.62,785.29,4.77,68.73,12.48,3.0,44.74,1.817,14.08,4.12,LANE_A,18723.0,-22.4,89.3,CRUISE_LOITER,0.83,5,360.0,0.24,0.2,-0.22,0.07,1.18,1.64,0.29,-0.04,-0.01,2.75,-0.02,1.3,1.095,-0.02,0.7696,1
12.8,5121.9,2107.8,72.7,87.03,89.27,86.62,89.08,779.81,786.11,783.91,784.4,4.75,68.92,12.53,3.03,44.53,1.824,14.14,4.06,LANE_A,18724.0,-22.4,89.3,CRUISE_LOITER,0.82,5,357.5,-0.05,-0.31,0.04,0.0,-0.52,0.78,1.58,-0.93,-0.03,2.94,0.03,1.09,1.102,0.04,0.7718,1
12.850000000000001,5137.2,2114.1,72.3,86.95,89.52,86.98,89.02,778.81,785.25,782.81,786.53,4.78,69.26,12.48,2.97,44.56,1.852,14.1,3.97,LANE_A,18725.0,-22.4,89.3,CRUISE_LOITER,0.82,5,355.0,-0.13,-0.06,0.4,-0.06,-1.52,-0.08,0.48,1.2,0.0,3.29,-0.02,1.12,1.13,0.0,0.7802,1
12.9,5121.6,2107.7,72.4,86.96,89.54,86.63,88.99,780.11,787.15,781.1,785.59,4.75,69.11,12.46,2.99,44.75,1.874,14.1,4.03,LANE_A,18726.0,-22.5,89.3,CRUISE_LOITER,0.82,5,352.5,-0.12,-0.04,0.05,-0.09,-0.22,1.82,-1.23,0.26,-0.03,3.14,-0.04,1.31,1.152,0.0,0.7866,1
12.950000000000001,5135.3,2113.3,72.1,87.29,89.59,86.81,89.23,780.24,781.84,780.74,788.56,4.76,69.14,12.51,2.97,44.78,1.889,14.13,4.08,LANE_A,18726.0,-22.5,89.3,CRUISE_LOITER,0.81,5,350.0,0.22,0.02,0.24,0.16,-0.09,-3.49,-1.59,3.23,-0.02,3.17,0.01,1.34,1.167,0.03,0.7909,1
13.0,5118.6,2106.4,72.3,87.21,89.7,86.55,89.34,780.0,785.38,781.89,784.71,4.81,69.46,12.34,2.97,44.58,1.919,14.12,3.95,LANE_A,18727.0,-22.5,89.3,CRUISE_LOITER,0.81,5,347.5,0.14,0.13,-0.02,0.27,-0.33,0.05,-0.44,-0.62,0.03,3.49,-0.16,1.15,1.197,0.02,0.7991,1
13.05,5117.5,2106.0,72.3,87.05,89.68,86.23,89.22,781.85,786.88,781.62,785.26,4.78,69.24,12.56,2.98,44.73,1.901,14.1,4.11,LANE_A,18728.0,-22.5,89.3,CRUISE_LOITER,0.81,5,345.0,-0.02,0.11,-0.34,0.15,1.53,1.56,-0.7,-0.06,0.0,3.28,0.06,1.3,1.179,0.0,0.7942,1
13.100000000000001,5128.2,2110.4,72.0,87.26,89.68,86.12,89.05,780.27,784.69,780.12,784.63,4.79,69.19,12.62,2.98,44.65,1.944,14.1,4.15,LANE_A,18729.0,-22.5,89.3,CRUISE_LOITER,0.8,5,342.5,0.2,0.12,-0.44,-0.01,-0.05,-0.63,-2.2,-0.69,0.01,3.23,0.12,1.22,1.222,0.0,0.8057,1
13.15,5132.6,2112.2,72.0,86.74,89.55,86.61,89.23,779.51,785.26,782.26,787.29,4.75,69.48,12.34,3.01,44.73,1.963,14.05,4.19,LANE_A,18730.0,-22.5,89.3,CRUISE_LOITER,0.8,5,340.0,-0.32,-0.01,0.05,0.17,-0.81,-0.06,-0.06,1.97,-0.03,3.52,-0.16,1.3,1.241,-0.05,0.8106,1
13.200000000000001,5130.4,2111.3,72.0,87.19,89.8,86.39,88.74,777.53,785.13,781.14,784.96,4.82,69.56,12.57,2.97,44.76,1.965,14.06,4.13,LANE_A,18731.0,-22.5,89.3,CRUISE_LOITER,0.8,5,337.5,0.13,0.24,-0.17,-0.32,-2.79,-0.19,-1.18,-0.36,0.04,3.6,0.07,1.33,1.243,-0.04,0.8112,1
13.25,5135.3,2113.3,72.3,87.2,89.46,86.65,88.89,780.28,787.2,784.18,783.58,4.81,69.16,12.55,2.99,44.88,2.014,14.08,4.01,LANE_A,18732.0,-22.5,89.3,CRUISE_LOITER,0.79,5,335.0,0.14,-0.1,0.09,-0.17,-0.04,1.88,1.86,-1.74,0.03,3.21,0.05,1.45,1.292,-0.02,0.8231,1
13.3,5127.0,2109.9,72.0,86.65,89.45,86.31,89.16,780.57,786.51,782.8,785.07,4.81,69.78,12.62,3.0,44.91,2.008,14.09,3.99,LANE_A,18733.0,-22.5,89.3,CRUISE_LOITER,0.79,5,332.5,-0.4,-0.1,-0.24,0.11,0.25,1.19,0.48,-0.25,0.03,3.83,0.12,1.48,1.286,-0.01,0.8218,1
13.350000000000001,5127.8,2110.2,72.4,87.02,89.49,86.5,89.14,782.38,784.52,783.31,782.59,4.84,69.59,12.49,2.98,44.74,2.035,14.06,4.0,LANE_A,18733.0,-22.5,89.3,CRUISE_LOITER,0.79,5,330.0,-0.03,-0.06,-0.05,0.09,2.06,-0.8,0.99,-2.73,0.06,3.64,-0.01,1.31,1.313,-0.04,0.8281,1
13.4,5129.4,2110.9,72.8,86.98,89.73,86.36,89.01,783.43,785.72,780.76,784.59,4.84,69.67,12.51,3.03,45.02,2.047,14.13,4.18,LANE_A,18734.0,-22.5,89.3,CRUISE_LOITER,0.78,5,327.5,-0.07,0.18,-0.19,-0.04,3.12,0.41,-1.55,-0.72,0.06,3.73,0.01,1.6,1.325,0.03,0.8309,1
13.450000000000001,5138.8,2114.7,72.7,86.94,89.75,86.5,89.1,782.57,785.0,781.56,785.77,4.8,69.53,12.64,3.03,44.8,2.085,14.11,3.98,LANE_A,18735.0,-22.5,89.3,CRUISE_LOITER,0.78,5,325.0,-0.11,0.2,-0.05,0.05,2.26,-0.31,-0.75,0.46,0.02,3.59,0.14,1.38,1.363,0.01,0.8391,1
13.5,5150.8,2119.7,72.2,87.39,89.37,86.55,88.89,778.24,784.9,784.71,784.19,4.8,69.64,12.46,2.95,45.11,2.087,14.12,4.03,LANE_A,18736.0,-22.5,89.3,CRUISE_LOITER,0.78,5,322.5,0.35,-0.17,0.01,-0.15,-2.07,-0.41,2.4,-1.12,0.02,3.7,-0.04,1.69,1.365,0.02,0.8397,1
13.55,5132.4,2112.1,72.5,87.05,89.69,86.57,89.25,780.78,785.53,782.82,786.84,4.77,69.78,12.47,3.0,44.81,2.135,14.1,4.13,LANE_A,18737.0,-22.5,89.3,CRUISE_LOITER,0.78,5,320.0,0.01,0.15,0.03,0.21,0.47,0.22,0.51,1.53,-0.01,3.84,-0.03,1.39,1.413,0.0,0.8496,1
13.600000000000001,5120.8,2107.3,72.0,86.88,89.24,86.6,89.08,780.04,784.33,784.06,783.85,4.83,69.62,12.42,3.0,44.79,2.154,14.13,3.97,LANE_A,18738.0,-22.5,89.3,CRUISE_LOITER,0.77,5,317.5,-0.16,-0.3,0.06,0.04,-0.27,-0.98,1.75,-1.46,0.05,3.69,-0.08,1.37,1.432,0.03,0.8533,1
13.65,5130.6,2111.4,72.2,87.02,89.45,86.61,89.4,779.59,785.35,781.93,785.31,4.7,69.82,12.61,2.99,45.02,2.17,14.14,4.33,LANE_A,18739.0,-22.5,89.3,CRUISE_LOITER,0.77,5,315.0,-0.01,-0.08,0.08,0.37,-0.72,0.04,-0.38,0.0,-0.08,3.89,0.11,1.6,1.448,0.04,0.8565,1
13.700000000000001,5126.5,2109.7,72.5,86.6,89.5,86.53,89.19,779.67,786.58,782.32,787.78,4.76,69.96,12.4,2.98,44.92,2.181,14.09,4.0,LANE_A,18740.0,-22.5,89.4,CRUISE_LOITER,0.77,5,312.5,-0.43,-0.03,0.0,0.16,-0.64,1.27,0.01,2.47,-0.02,4.03,-0.1,1.5,1.459,-0.01,0.8586,1
13.75,5105.5,2101.0,72.3,86.98,89.53,86.85,88.78,780.88,783.38,782.56,783.07,4.78,70.15,12.5,2.98,45.12,2.199,14.1,4.12,LANE_A,18740.0,-22.5,89.4,CRUISE_LOITER,0.76,5,310.0,-0.05,0.0,0.32,-0.25,0.57,-1.93,0.25,-2.24,0.0,4.22,0.0,1.7,1.477,0.0,0.862,1
13.8,5122.5,2108.0,72.3,86.92,89.19,86.72,88.88,781.3,785.26,782.16,784.61,4.77,70.02,12.58,3.0,45.14,2.198,14.11,3.93,LANE_A,18741.0,-22.5,89.4,CRUISE_LOITER,0.76,5,307.5,-0.11,-0.34,0.19,-0.15,1.0,-0.04,-0.14,-0.69,-0.01,4.1,0.08,1.72,1.475,0.01,0.8616,1
13.850000000000001,5134.2,2112.8,72.4,87.16,89.75,86.62,88.66,781.0,784.89,780.82,783.84,4.81,70.35,12.54,2.98,44.94,2.245,14.09,3.93,LANE_A,18742.0,-22.5,89.4,CRUISE_LOITER,0.76,5,305.0,0.14,0.23,0.1,-0.36,0.7,-0.41,-1.48,-1.46,0.03,4.43,0.04,1.53,1.522,-0.01,0.8701,1
13.9,5136.8,2113.9,72.2,87.24,89.8,86.72,89.0,781.4,781.81,782.11,786.63,4.69,70.11,12.45,2.97,45.13,2.277,14.12,4.14,LANE_A,18743.0,-22.5,89.4,CRUISE_LOITER,0.75,5,302.5,0.22,0.28,0.2,-0.02,1.1,-3.49,-0.19,1.33,-0.09,4.19,-0.05,1.72,1.554,0.02,0.8756,1
13.950000000000001,5142.3,2116.2,72.3,86.94,89.45,86.3,89.12,779.61,784.62,783.46,786.44,4.78,70.33,12.47,3.03,44.92,2.281,14.09,3.99,LANE_A,18744.0,-22.5,89.4,CRUISE_LOITER,0.75,5,300.0,-0.08,-0.07,-0.22,0.1,-0.69,-0.68,1.16,1.14,0.0,4.41,-0.02,1.51,1.558,-0.01,0.8762,1
14.0,5145.7,2117.6,72.7,87.05,89.46,86.32,89.07,780.83,782.03,781.56,785.54,4.82,69.99,12.44,2.97,45.29,2.281,14.1,4.27,LANE_A,18745.0,-22.5,89.4,CRUISE_LOITER,0.75,5,297.5,0.04,-0.05,-0.19,0.06,0.53,-3.27,-0.74,0.24,0.04,4.08,-0.05,1.88,1.558,0.0,0.8762,1
14.05,5098.0,2097.9,72.5,87.07,89.55,86.51,88.76,780.63,785.05,783.86,786.36,4.79,70.13,12.56,2.98,45.14,2.299,14.11,4.15,LANE_A,18746.0,-22.5,89.4,CRUISE_LOITER,0.74,5,295.0,0.06,0.04,0.0,-0.25,0.33,-0.25,1.56,1.06,0.01,4.22,0.07,1.73,1.576,0.01,0.8791,1
14.100000000000001,5124.9,2109.0,72.4,86.83,89.74,86.74,89.18,779.46,788.48,782.04,787.12,4.79,70.42,12.5,2.98,45.17,2.34,14.1,4.05,LANE_A,18747.0,-22.5,89.4,CRUISE_LOITER,0.74,5,292.5,-0.18,0.23,0.23,0.17,-0.84,3.18,-0.26,1.82,0.01,4.51,0.01,1.76,1.617,0.0,0.8856,1
14.15,5116.0,2105.3,72.4,87.18,89.6,86.42,89.0,780.74,787.2,782.71,785.95,4.83,70.36,12.46,3.02,45.31,2.368,14.11,3.99,LANE_A,18747.0,-22.5,89.4,CRUISE_LOITER,0.74,5,290.0,0.17,0.09,-0.09,-0.01,0.45,1.91,0.42,0.66,0.05,4.45,-0.03,1.9,1.645,0.01,0.8898,1
14.200000000000001,5129.8,2111.0,72.4,87.0,89.39,86.74,88.99,778.76,786.34,781.17,785.25,4.78,70.63,12.33,3.0,45.17,2.319,14.11,3.86,LANE_A,18748.0,-22.5,89.4,CRUISE_LOITER,0.73,5,287.5,0.0,-0.11,0.24,-0.01,-1.53,1.05,-1.12,-0.04,0.0,4.73,-0.16,1.76,1.596,0.01,0.8824,1
14.25,5122.0,2107.8,72.5,86.94,89.43,86.5,88.6,779.97,785.51,781.96,785.4,4.77,70.45,12.5,2.97,45.23,2.403,14.11,3.96,LANE_A,18749.0,-22.5,89.4,CRUISE_LOITER,0.73,5,285.0,-0.06,-0.07,0.0,-0.4,-0.32,0.22,-0.33,0.11,-0.01,4.55,0.01,1.83,1.68,0.01,0.8948,1
14.3,5139.2,2114.9,72.4,86.92,89.36,86.5,89.21,778.38,787.23,783.05,786.18,4.78,70.64,12.6,3.0,45.31,2.396,14.11,4.15,LANE_A,18750.0,-22.5,89.4,CRUISE_LOITER,0.73,5,282.5,-0.08,-0.14,0.0,0.21,-1.91,1.94,0.76,0.89,0.0,4.74,0.11,1.91,1.673,0.01,0.8939,1
14.350000000000001,5119.4,2106.7,72.7,86.89,89.44,86.29,88.76,780.55,784.65,780.23,784.47,4.81,70.52,12.29,3.01,45.24,2.431,14.13,3.95,LANE_A,18751.0,-22.5,89.4,CRUISE_LOITER,0.72,5,280.0,-0.11,-0.06,-0.21,-0.24,0.26,-0.64,-2.06,-0.82,0.03,4.62,-0.2,1.84,1.708,0.03,0.8987,1
14.4,5121.6,2107.7,72.3,86.86,89.53,86.14,89.03,778.55,784.76,783.59,784.42,4.77,70.52,12.57,2.97,45.16,2.439,14.11,4.12,LANE_A,18752.0,-22.5,89.4,CRUISE_LOITER,0.72,5,277.5,-0.13,0.04,-0.35,0.04,-1.74,-0.53,1.3,-0.87,-0.01,4.63,0.08,1.76,1.716,0.01,0.8998,1
14.450000000000001,5102.5,2099.8,72.2,86.99,89.48,86.39,89.3,778.64,786.94,784.25,784.5,4.8,70.67,12.5,2.99,45.03,2.48,14.09,4.09,LANE_A,18753.0,-22.5,89.4,CRUISE_LOITER,0.72,5,275.0,0.0,-0.01,-0.1,0.31,-1.65,1.65,1.96,-0.79,0.02,4.78,0.01,1.63,1.757,-0.01,0.9051,1
14.5,5141.0,2115.6,72.8,86.9,89.74,86.08,88.72,779.26,785.3,784.2,782.57,4.79,70.81,12.49,3.0,45.24,2.474,14.11,3.96,LANE_A,18754.0,-22.5,89.4,CRUISE_LOITER,0.72,5,272.5,-0.09,0.25,-0.41,-0.27,-1.03,0.01,1.91,-2.72,0.01,4.92,0.0,1.84,1.751,0.01,0.9044,1
14.55,5135.5,2113.4,72.4,86.82,89.71,86.43,88.78,778.45,783.28,780.26,785.45,4.77,70.71,12.33,3.03,45.62,2.479,14.11,4.08,LANE_A,18754.0,-22.5,89.4,CRUISE_LOITER,0.71,5,270.0,-0.16,0.23,-0.05,-0.2,-1.83,-2.0,-2.02,0.17,-0.01,4.82,-0.16,2.22,1.756,0.01,0.9051,1
14.600000000000001,5104.7,2100.7,72.4,86.9,89.38,86.71,89.19,780.58,782.97,781.35,783.16,4.81,70.78,12.33,3.0,45.17,2.525,14.14,4.07,LANE_A,18755.0,-22.5,89.4,CRUISE_LOITER,0.71,5,267.5,-0.08,-0.1,0.23,0.21,0.3,-2.31,-0.93,-2.12,0.03,4.9,-0.16,1.77,1.802,0.04,0.9107,1
14.65,5113.2,2104.2,71.9,86.93,89.31,86.74,88.86,780.01,786.02,784.77,785.38,4.81,70.9,12.48,2.98,45.51,2.56,14.14,4.04,LANE_A,18756.0,-22.5,89.4,CRUISE_LOITER,0.71,5,265.0,-0.05,-0.17,0.26,-0.12,-0.27,0.74,2.49,0.1,0.03,5.02,-0.01,2.12,1.837,0.04,0.9148,1
14.700000000000001,5111.9,2103.7,72.4,86.87,89.49,86.28,89.11,781.06,787.28,780.37,786.37,4.77,70.93,12.54,3.03,45.42,2.584,14.09,4.09,LANE_A,18757.0,-22.5,89.4,CRUISE_LOITER,0.7,5,262.5,-0.11,0.01,-0.2,0.13,0.78,2.0,-1.91,1.09,-0.01,5.05,0.05,2.03,1.861,-0.01,0.9175,1
14.75,5097.2,2097.6,72.7,87.07,89.36,86.52,88.96,780.22,784.42,782.37,783.3,4.8,71.09,12.43,2.98,45.32,2.582,14.11,4.02,LANE_A,18758.0,-22.5,89.5,CRUISE_LOITER,0.7,5,260.0,0.1,-0.11,0.05,-0.01,-0.06,-0.86,0.09,-1.98,0.02,5.21,-0.06,1.93,1.859,0.01,0.9173,1
14.8,5122.3,2107.9,72.5,86.72,89.27,86.65,88.93,779.9,784.4,782.11,784.44,4.77,71.24,12.56,3.0,45.34,2.597,14.08,4.04,LANE_A,18759.0,-22.5,89.5,CRUISE_LOITER,0.7,5,257.5,-0.25,-0.2,0.18,-0.04,-0.38,-0.88,-0.17,-0.84,-0.01,5.37,0.07,1.95,1.874,-0.02,0.9189,1
14.850000000000001,5149.4,2119.1,72.5,87.32,89.44,85.99,88.97,782.04,784.66,780.01,784.47,4.8,70.94,12.48,3.0,45.51,2.623,14.09,4.27,LANE_A,18760.0,-22.5,89.5,CRUISE_LOITER,0.69,5,255.0,0.35,-0.03,-0.48,0.0,1.76,-0.62,-2.27,-0.81,0.01,5.07,-0.01,2.12,1.9,-0.01,0.9217,1
14.9,5116.6,2105.6,72.4,87.13,89.65,86.38,89.08,780.18,784.7,782.39,785.29,4.78,71.2,12.5,2.99,45.4,2.624,14.08,4.1,LANE_A,18761.0,-22.5,89.5,CRUISE_LOITER,0.69,5,252.5,0.17,0.19,-0.08,0.12,-0.1,-0.58,0.11,0.01,-0.01,5.33,0.01,2.01,1.901,-0.02,0.9218,1
14.950000000000001,5127.9,2110.2,72.7,87.09,89.33,86.43,89.29,780.46,784.78,781.09,785.37,4.81,71.28,12.51,3.02,45.41,2.647,14.1,4.08,LANE_A,18761.0,-22.5,89.5,CRUISE_LOITER,0.69,5,250.0,0.13,-0.13,-0.03,0.33,0.19,-0.49,-1.18,0.1,0.02,5.41,0.02,2.02,1.924,0.0,0.9242,1
15.0,5124.8,2109.0,72.6,86.69,89.54,86.23,89.28,781.12,785.71,782.47,785.57,4.77,71.14,12.49,3.0,45.48,2.677,14.11,3.91,LANE_A,18762.0,-22.5,89.5,CRUISE_LOITER,0.68,5,247.5,-0.27,0.08,-0.23,0.32,0.85,0.44,0.2,0.3,-0.02,5.28,0.0,2.09,1.954,0.01,0.9272,1
15.05,5123.5,2108.4,72.1,87.14,89.37,86.01,88.93,781.39,784.3,782.65,785.1,4.79,71.42,12.63,2.98,45.74,2.707,14.07,4.08,LANE_A,18763.0,-22.5,89.5,CRUISE_LOITER,0.68,5,245.0,0.18,-0.09,-0.45,-0.03,1.12,-0.97,0.38,-0.17,0.0,5.56,0.14,2.35,1.984,-0.03,0.9301,1
15.100000000000001,5096.7,2097.4,72.1,86.91,89.56,86.48,89.13,780.01,786.78,782.72,785.72,4.82,71.24,12.35,3.02,45.53,2.705,14.09,4.12,LANE_A,18764.0,-22.5,89.5,CRUISE_LOITER,0.68,5,242.5,-0.04,0.11,0.03,0.18,-0.26,1.51,0.45,0.45,0.03,5.38,-0.14,2.15,1.982,-0.01,0.9299,1
15.15,5105.8,2101.2,72.7,86.75,89.6,86.33,89.03,779.76,784.57,781.75,784.78,4.81,71.34,12.59,3.01,45.55,2.75,14.08,4.06,LANE_A,18765.0,-22.5,89.5,CRUISE_LOITER,0.68,5,240.0,-0.2,0.15,-0.12,0.08,-0.51,-0.7,-0.52,-0.49,0.02,5.49,0.1,2.17,2.027,-0.02,0.934,1
15.200000000000001,5104.2,2100.5,72.3,86.93,89.6,86.56,89.08,779.97,787.05,780.86,785.08,4.78,71.28,12.46,3.01,45.7,2.739,14.1,4.07,LANE_A,18766.0,-22.5,89.5,CRUISE_LOITER,0.67,5,237.5,-0.02,0.15,0.11,0.13,-0.3,1.78,-1.41,-0.19,-0.01,5.43,-0.03,2.32,2.016,0.0,0.933,1
15.25,5111.2,2103.4,72.6,86.71,89.34,86.47,88.83,778.76,786.43,782.03,785.56,4.78,71.44,12.45,2.96,45.53,2.818,14.09,4.08,LANE_A,18767.0,-22.5,89.5,CRUISE_LOITER,0.67,5,235.0,-0.24,-0.11,0.02,-0.12,-1.51,1.16,-0.24,0.29,-0.01,5.59,-0.04,2.15,2.095,-0.01,0.9397,1
15.3,5120.2,2107.1,72.3,87.13,89.36,86.45,89.05,779.16,785.67,781.29,785.1,4.78,71.3,12.41,3.0,45.77,2.786,14.1,4.16,LANE_A,18767.0,-22.5,89.5,CRUISE_LOITER,0.67,5,232.5,0.19,-0.08,0.01,0.11,-1.1,0.41,-0.97,-0.16,-0.01,5.45,-0.08,2.39,2.063,0.0,0.9371,1
15.350000000000001,5094.7,2096.6,72.4,87.41,89.2,86.58,89.02,780.39,785.28,782.46,787.19,4.76,71.87,12.51,3.03,45.82,2.833,14.1,4.09,LANE_A,18768.0,-22.5,89.5,CRUISE_LOITER,0.66,5,230.0,0.47,-0.24,0.14,0.08,0.13,0.02,0.2,1.93,-0.03,6.03,0.02,2.44,2.11,0.0,0.9409,1
15.4,5114.5,2104.7,72.3,86.92,89.66,86.29,89.06,779.11,785.79,783.84,786.52,4.81,71.42,12.47,2.98,45.77,2.833,14.11,3.99,LANE_A,18769.0,-22.5,89.5,CRUISE_LOITER,0.66,5,227.5,-0.02,0.22,-0.15,0.12,-1.15,0.53,1.58,1.26,0.02,5.58,-0.02,2.39,2.11,0.01,0.9409,1
15.450000000000001,5103.0,2100.0,72.7,86.85,89.43,86.67,89.09,782.17,785.45,779.81,784.01,4.87,71.48,12.41,3.01,45.95,2.87,14.13,3.96,LANE_A,18770.0,-22.5,89.5,CRUISE_LOITER,0.66,5,225.0,-0.08,0.0,0.24,0.16,1.91,0.19,-2.45,-1.25,0.08,5.64,-0.08,2.57,2.147,0.03,0.9438,1
15.5,5100.6,2099.0,72.6,86.83,89.65,86.73,88.84,780.2,785.55,782.6,785.14,4.82,71.82,12.35,2.99,45.82,2.876,14.13,4.16,LANE_A,18771.0,-22.5,89.5,CRUISE_LOITER,0.65,5,222.5,-0.1,0.22,0.3,-0.09,-0.06,0.29,0.34,-0.12,0.03,5.98,-0.14,2.45,2.153,0.03,0.9442,1
15.55,5106.7,2101.5,72.7,87.15,89.29,86.4,89.1,778.75,786.46,779.84,786.82,4.8,71.59,12.52,3.04,45.64,2.901,14.1,4.07,LANE_A,18772.0,-22.5,89.5,CRUISE_LOITER,0.65,5,220.0,0.22,-0.14,-0.03,0.17,-1.51,1.2,-2.42,1.56,0.01,5.76,0.03,2.27,2.178,0.0,0.946,1
15.600000000000001,5102.1,2099.6,72.5,86.87,89.37,86.44,88.89,782.13,784.35,780.61,785.0,4.76,71.43,12.45,3.04,45.79,2.912,14.13,4.19,LANE_A,18773.0,-22.5,89.5,CRUISE_LOITER,0.65,5,217.5,-0.06,-0.06,0.01,-0.04,1.87,-0.91,-1.65,-0.26,-0.03,5.6,-0.04,2.42,2.189,0.03,0.9468,1
15.65,5095.1,2096.7,72.5,86.36,89.45,86.07,89.16,779.6,785.84,782.99,782.75,4.81,71.87,12.55,3.0,45.84,2.923,14.09,4.14,LANE_A,18774.0,-22.5,89.5,CRUISE_LOITER,0.64,5,215.0,-0.56,0.03,-0.35,0.24,-0.66,0.58,0.73,-2.51,0.02,6.04,0.06,2.47,2.2,-0.01,0.9476,1
15.700000000000001,5115.0,2104.9,72.6,86.48,89.33,86.3,88.84,780.65,785.78,783.17,786.19,4.74,71.94,12.5,3.0,45.83,2.946,14.08,4.2,LANE_A,18774.0,-22.5,89.5,CRUISE_LOITER,0.64,5,212.5,-0.44,-0.09,-0.12,-0.08,0.4,0.53,0.92,0.94,-0.05,6.11,0.01,2.46,2.223,-0.02,0.9492,1
15.75,5109.2,2102.6,72.3,86.94,89.47,86.48,89.06,779.64,783.35,783.67,785.06,4.78,72.01,12.48,3.02,45.84,2.957,14.08,4.09,LANE_A,18775.0,-22.6,89.5,CRUISE_LOITER,0.64,5,210.0,0.02,0.05,0.06,0.14,-0.61,-1.9,1.42,-0.19,-0.01,6.19,-0.01,2.47,2.234,-0.02,0.95,1
15.8,5084.3,2092.3,72.4,87.09,89.86,86.53,88.91,778.82,784.28,781.8,785.46,4.79,72.11,12.64,3.03,46.02,2.965,14.07,3.96,LANE_A,18776.0,-22.6,89.6,CRUISE_LOITER,0.63,5,207.5,0.18,0.45,0.12,0.0,-1.43,-0.97,-0.45,0.21,0.0,6.29,0.15,2.65,2.242,-0.03,0.9505,1
15.850000000000001,5107.1,2101.7,72.3,87.07,89.43,86.04,88.68,780.84,785.32,783.5,784.41,4.83,72.06,12.55,3.0,45.99,3.03,14.08,4.0,LANE_A,18777.0,-22.6,89.6,CRUISE_LOITER,0.63,5,205.0,0.16,0.02,-0.37,-0.23,0.59,0.07,1.25,-0.84,0.04,6.24,0.06,2.62,2.307,-0.02,0.9546,1
15.9,5107.9,2102.0,72.4,86.62,89.56,86.39,88.89,777.3,783.67,782.7,785.05,4.73,71.86,12.48,3.02,45.88,3.007,14.11,3.99,LANE_A,18778.0,-22.6,89.6,CRUISE_LOITER,0.63,5,202.5,-0.29,0.15,-0.02,-0.02,-2.95,-1.58,0.45,-0.2,-0.06,6.04,-0.01,2.52,2.284,0.01,0.9532,1
15.950000000000001,5128.3,2110.4,72.3,87.22,89.5,86.27,88.98,781.09,787.97,783.38,783.87,4.83,72.09,12.44,3.0,45.96,3.07,14.08,3.82,LANE_A,18779.0,-22.6,89.6,CRUISE_LOITER,0.62,5,200.0,0.31,0.09,-0.14,0.07,0.84,2.72,1.13,-1.38,0.04,6.28,-0.04,2.6,2.347,-0.02,0.957,1
16.0,5120.8,2107.3,72.3,86.89,89.62,86.67,88.81,778.23,785.74,783.73,785.6,4.78,72.34,12.61,3.01,46.02,3.062,14.13,3.96,LANE_A,18780.0,-22.6,89.6,CRUISE_LOITER,0.62,5,197.5,-0.01,0.22,0.27,-0.09,-2.02,0.49,1.48,0.35,-0.01,6.53,0.13,2.66,2.339,0.03,0.9565,1
16.05,5106.4,2101.4,72.9,87.06,89.5,86.34,88.71,778.8,785.52,783.09,785.44,4.86,72.25,12.41,3.0,46.06,3.089,14.1,3.94,LANE_A,18781.0,-22.6,89.6,CRUISE_LOITER,0.62,5,195.0,0.16,0.1,-0.06,-0.19,-1.44,0.28,0.85,0.2,0.07,6.44,-0.07,2.7,2.366,0.0,0.9581,1
16.1,5100.7,2099.1,72.5,86.92,89.62,86.36,88.7,781.1,784.74,783.01,783.69,4.78,72.58,12.45,3.0,45.97,3.125,14.09,4.08,LANE_A,18781.0,-22.6,89.6,CRUISE_LOITER,0.62,5,192.5,0.02,0.22,-0.04,-0.2,0.86,-0.5,0.77,-1.55,-0.01,6.77,-0.03,2.61,2.402,-0.01,0.9601,1
16.150000000000002,5104.8,2100.7,72.4,87.12,89.37,86.55,88.73,780.23,785.93,783.92,783.84,4.8,72.52,12.5,3.0,45.88,3.077,14.09,4.17,LANE_A,18782.0,-22.6,89.6,CRUISE_LOITER,0.61,5,190.0,0.22,-0.03,0.15,-0.17,-0.01,0.69,1.68,-1.4,0.01,6.72,0.02,2.52,2.354,-0.01,0.9574,1
16.2,5099.0,2098.4,72.3,86.78,89.42,86.48,88.94,779.98,783.34,783.51,783.4,4.8,72.41,12.56,3.0,45.88,3.147,14.08,3.96,LANE_A,18783.0,-22.6,89.6,CRUISE_LOITER,0.61,5,187.5,-0.11,0.03,0.09,0.05,-0.26,-1.9,1.27,-1.84,0.01,6.61,0.08,2.52,2.424,-0.02,0.9612,1
16.25,5112.7,2104.0,72.6,86.82,89.37,86.3,88.76,779.91,786.1,780.5,785.9,4.74,72.58,12.59,2.96,46.05,3.149,14.1,3.96,LANE_A,18784.0,-22.6,89.6,CRUISE_LOITER,0.61,5,185.0,-0.07,-0.02,-0.09,-0.13,-0.33,0.86,-1.74,0.66,-0.05,6.78,0.11,2.69,2.426,0.0,0.9613,1
16.3,5110.7,2103.2,72.4,86.86,89.39,86.62,88.95,781.54,785.04,782.16,786.69,4.82,72.34,12.47,2.99,46.05,3.162,14.11,4.18,LANE_A,18785.0,-22.6,89.6,CRUISE_LOITER,0.6,5,182.5,-0.03,0.0,0.23,0.06,1.3,-0.2,-0.08,1.45,0.03,6.54,-0.01,2.69,2.439,0.01,0.962,1
16.35,5093.4,2096.0,72.2,86.62,88.98,86.36,88.8,778.8,784.45,784.95,784.74,4.79,72.5,12.56,3.0,46.17,3.212,14.08,3.92,LANE_A,18786.0,-22.6,89.6,CRUISE_LOITER,0.6,5,180.0,-0.26,-0.4,-0.02,-0.08,-1.44,-0.79,2.71,-0.5,0.0,6.71,0.08,2.82,2.489,-0.02,0.9645,1
16.400000000000002,5108.9,2102.4,72.4,86.88,89.46,86.57,88.85,780.07,785.04,783.3,784.03,4.82,72.57,12.55,3.01,46.05,3.255,14.1,4.22,LANE_A,18787.0,-22.6,89.6,CRUISE_LOITER,0.6,5,177.5,0.0,0.08,0.19,-0.03,-0.17,-0.2,1.06,-1.21,0.03,6.78,0.07,2.7,2.532,0.0,0.9664,1
16.45,5108.5,2102.3,72.1,86.63,89.36,85.99,88.9,780.87,784.67,781.81,785.36,4.76,72.78,12.7,2.98,46.35,3.25,14.09,4.06,LANE_A,18788.0,-22.6,89.6,CRUISE_LOITER,0.59,5,175.0,-0.25,-0.02,-0.39,0.02,0.64,-0.56,-0.42,0.13,-0.03,6.99,0.22,3.0,2.527,-0.01,0.9662,1
16.5,5112.8,2104.0,72.6,87.11,89.25,86.5,88.87,780.63,785.43,780.06,784.78,4.78,72.63,12.53,3.05,46.12,3.275,14.07,3.88,LANE_A,18788.0,-22.6,89.6,CRUISE_LOITER,0.59,5,172.5,0.23,-0.13,0.12,-0.01,0.4,0.2,-2.17,-0.45,-0.01,6.84,0.05,2.77,2.552,-0.03,0.9673,1
16.55,5114.6,2104.8,72.7,86.55,89.44,86.29,88.82,781.83,784.82,782.3,784.85,4.78,72.96,12.56,3.04,46.15,3.276,14.14,4.02,LANE_A,18789.0,-22.6,89.6,CRUISE_LOITER,0.59,5,170.0,-0.32,0.07,-0.08,-0.05,1.6,-0.41,0.07,-0.38,-0.01,7.18,0.08,2.8,2.553,0.04,0.9674,1
16.6,5114.6,2104.8,72.2,86.99,89.27,86.33,89.06,779.05,787.47,782.02,785.71,4.81,72.74,12.47,3.04,46.2,3.286,14.08,3.93,LANE_A,18790.0,-22.6,89.6,CRUISE_LOITER,0.58,5,167.5,0.12,-0.1,-0.04,0.19,-1.18,2.24,-0.21,0.48,0.02,6.96,-0.01,2.85,2.563,-0.02,0.9678,1
16.650000000000002,5075.6,2088.7,72.9,86.95,89.48,86.2,88.63,781.98,784.94,782.65,785.1,4.76,72.79,12.57,3.0,46.44,3.312,14.11,4.05,LANE_A,18791.0,-22.6,89.6,CRUISE_LOITER,0.58,5,165.0,0.08,0.11,-0.17,-0.24,1.75,-0.29,0.42,-0.13,-0.03,7.01,0.09,3.09,2.589,0.01,0.9689,1
16.7,5090.7,2094.9,72.9,86.83,89.48,86.27,88.79,779.96,785.77,785.03,785.97,4.81,72.9,12.37,3.02,46.29,3.335,14.02,4.09,LANE_A,18792.0,-22.6,89.6,CRUISE_LOITER,0.58,5,162.5,-0.04,0.11,-0.1,-0.08,-0.27,0.54,2.8,0.74,0.02,7.12,-0.11,2.94,2.612,-0.08,0.9699,1
16.75,5084.5,2092.4,72.4,87.2,89.25,86.5,88.91,776.95,782.93,782.14,785.76,4.77,73.07,12.35,3.0,46.26,3.338,14.08,3.93,LANE_A,18793.0,-22.6,89.6,CRUISE_LOITER,0.58,5,160.0,0.34,-0.11,0.14,0.05,-3.28,-2.3,-0.09,0.53,-0.02,7.3,-0.13,2.92,2.615,-0.02,0.97,1
16.8,5086.2,2093.1,72.3,86.81,89.25,86.45,89.15,780.84,784.95,782.4,784.69,4.82,73.31,12.5,3.02,46.49,3.364,14.1,4.02,LANE_A,18794.0,-22.6,89.6,CRUISE_LOITER,0.57,5,157.5,-0.05,-0.11,0.09,0.29,0.62,-0.27,0.18,-0.53,0.03,7.54,0.02,3.15,2.641,0.0,0.971,1
16.85,5097.8,2097.9,72.6,86.94,89.05,86.57,88.86,778.33,783.82,783.2,784.99,4.81,73.25,12.49,3.03,46.31,3.393,14.11,4.02,LANE_A,18795.0,-22.6,89.7,CRUISE_LOITER,0.57,5,155.0,0.08,-0.31,0.21,0.0,-1.89,-1.4,0.98,-0.23,0.02,7.48,0.01,2.97,2.67,0.01,0.9721,1
16.900000000000002,5089.6,2094.5,72.7,86.83,89.06,86.31,88.78,777.77,786.78,783.27,784.49,4.82,73.16,12.36,3.0,46.32,3.408,14.09,4.11,LANE_A,18795.0,-22.6,89.7,CRUISE_LOITER,0.57,5,152.5,-0.02,-0.29,-0.04,-0.07,-2.45,1.56,1.05,-0.73,0.03,7.39,-0.12,2.98,2.685,-0.01,0.9727,1
16.95,5107.7,2101.9,72.4,86.54,89.46,86.6,88.47,778.88,784.43,781.06,784.05,4.8,73.27,12.5,3.01,46.16,3.461,14.08,4.0,LANE_A,18796.0,-22.6,89.7,CRUISE_LOITER,0.56,5,150.0,-0.31,0.11,0.25,-0.38,-1.34,-0.79,-1.16,-1.17,0.01,7.51,0.02,2.82,2.738,-0.02,0.9745,1
17.0,5074.0,2088.1,72.4,87.15,89.38,86.25,88.93,781.17,785.35,781.54,786.99,4.81,73.16,12.57,2.99,46.19,3.466,14.07,4.07,LANE_A,18797.0,-22.6,89.7,CRUISE_LOITER,0.56,5,147.5,0.3,0.03,-0.1,0.08,0.95,0.13,-0.68,1.77,0.02,7.4,0.09,2.85,2.743,-0.03,0.9747,1
17.05,5091.9,2095.4,73.0,86.85,89.29,86.42,89.05,780.12,785.46,783.49,784.24,4.75,73.24,12.58,3.02,46.44,3.475,14.09,4.13,LANE_A,18798.0,-22.6,89.7,CRUISE_LOITER,0.56,5,145.0,0.0,-0.06,0.07,0.2,-0.1,0.24,1.27,-0.98,-0.04,7.48,0.1,3.1,2.752,-0.01,0.975,1
17.1,5094.5,2096.5,72.4,86.95,89.39,86.52,88.99,781.54,787.7,781.28,782.06,4.79,73.2,12.23,2.95,46.25,3.466,14.12,4.02,LANE_A,18799.0,-22.6,89.7,CRUISE_LOITER,0.55,5,142.5,0.11,0.05,0.18,0.15,1.32,2.48,-0.94,-3.16,0.0,7.45,-0.25,2.91,2.743,0.02,0.9747,1
17.150000000000002,5075.6,2088.7,72.8,86.67,89.41,86.68,89.03,780.4,782.09,781.96,785.43,4.8,73.53,12.55,3.0,46.4,3.5,14.08,3.97,LANE_A,18800.0,-22.6,89.7,CRUISE_LOITER,0.55,5,140.0,-0.17,0.07,0.34,0.19,0.18,-3.13,-0.26,0.21,0.01,7.78,0.07,3.07,2.777,-0.02,0.9758,1
17.2,5095.8,2097.0,72.2,86.91,89.15,86.66,88.86,780.89,785.92,781.25,783.92,4.84,73.42,12.52,3.01,46.52,3.539,14.09,4.07,LANE_A,18801.0,-22.6,89.7,CRUISE_LOITER,0.55,5,137.5,0.07,-0.19,0.32,0.02,0.68,0.71,-0.96,-1.29,0.05,7.67,0.04,3.19,2.816,-0.01,0.9771,1
17.25,5082.7,2091.6,72.7,86.86,89.54,86.42,88.79,780.07,784.38,782.98,786.72,4.79,73.49,12.29,3.0,46.53,3.571,14.06,4.06,LANE_A,18802.0,-22.6,89.7,CRUISE_LOITER,0.54,5,135.0,0.03,0.21,0.09,-0.04,-0.14,-0.83,0.77,1.51,0.0,7.74,-0.19,3.2,2.848,-0.04,0.978,1
17.3,5090.3,2094.8,72.4,86.53,89.32,86.41,88.92,779.64,785.45,783.18,784.52,4.82,73.6,12.31,3.02,46.39,3.574,14.13,4.17,LANE_A,18802.0,-22.6,89.7,CRUISE_LOITER,0.54,5,132.5,-0.3,-0.01,0.08,0.09,-0.57,0.24,0.97,-0.69,0.03,7.86,-0.17,3.06,2.851,0.03,0.9781,1
17.35,5080.7,2090.8,72.5,87.17,89.15,86.31,88.72,778.81,784.25,782.75,784.55,4.77,73.49,12.47,2.94,46.38,3.607,14.09,4.08,LANE_A,18803.0,-22.6,89.7,CRUISE_LOITER,0.54,5,130.0,0.34,-0.18,-0.02,-0.11,-1.4,-0.96,0.54,-0.66,-0.02,7.75,-0.01,3.05,2.884,-0.01,0.9791,1
17.400000000000002,5095.8,2097.0,72.1,86.83,89.54,86.39,88.81,780.61,786.98,781.82,785.54,4.84,73.67,12.43,2.98,46.49,3.621,14.1,4.08,LANE_A,18804.0,-22.6,89.7,CRUISE_LOITER,0.53,5,127.5,0.0,0.21,0.06,-0.02,0.4,1.77,-0.39,0.33,0.05,7.93,-0.05,3.16,2.898,0.0,0.9795,1
17.45,5074.0,2088.1,72.7,86.64,89.07,86.37,88.82,778.88,784.54,782.94,783.57,4.74,73.47,12.5,2.99,46.52,3.646,14.09,4.06,LANE_A,18805.0,-22.6,89.7,CRUISE_LOITER,0.53,5,125.0,-0.18,-0.25,0.05,0.0,-1.33,-0.67,0.73,-1.64,-0.05,7.73,0.02,3.19,2.923,-0.01,0.9801,1
17.5,5086.6,2093.3,72.7,86.88,89.43,86.47,88.68,781.25,785.71,784.42,784.22,4.81,73.69,12.42,2.96,46.47,3.644,14.11,3.78,LANE_A,18806.0,-22.6,89.7,CRUISE_LOITER,0.53,5,122.5,0.06,0.11,0.15,-0.14,1.04,0.5,2.21,-0.99,0.02,7.96,-0.06,3.14,2.921,0.01,0.9801,1
17.55,5071.3,2087.0,72.7,86.99,89.3,86.5,88.68,777.97,786.01,782.33,783.51,4.8,73.73,12.57,3.01,46.66,3.657,14.12,3.94,LANE_A,18807.0,-22.6,89.7,CRUISE_LOITER,0.53,5,120.0,0.17,-0.02,0.18,-0.14,-2.24,0.8,0.12,-1.7,0.01,8.0,0.09,3.34,2.934,0.02,0.9804,1
17.6,5098.0,2097.9,72.5,86.84,89.13,86.27,88.68,780.62,785.24,782.54,787.31,4.77,73.84,12.52,2.95,46.46,3.694,14.11,4.04,LANE_A,18808.0,-22.6,89.7,CRUISE_LOITER,0.52,5,117.5,0.02,-0.19,-0.05,-0.14,0.42,0.04,0.34,2.11,-0.02,8.11,0.04,3.14,2.971,0.01,0.9814,1
17.650000000000002,5107.0,2101.6,72.7,87.06,89.52,86.33,88.88,779.4,786.04,781.28,786.15,4.76,73.9,12.51,3.01,46.61,3.705,14.11,4.06,LANE_A,18808.0,-22.6,89.7,CRUISE_LOITER,0.52,5,115.0,0.25,0.21,0.02,0.07,-0.8,0.84,-0.92,0.95,-0.03,8.17,0.03,3.29,2.982,0.01,0.9816,1
17.7,5115.3,2105.1,72.5,87.01,89.31,86.22,89.02,779.78,787.23,780.36,783.87,4.71,74.13,12.51,3.0,46.67,3.749,14.07,4.1,LANE_A,18809.0,-22.6,89.7,CRUISE_LOITER,0.52,5,112.5,0.2,0.0,-0.09,0.21,-0.42,2.03,-1.84,-1.33,-0.08,8.41,0.03,3.35,3.026,-0.03,0.9827,1
17.75,5102.8,2099.9,72.4,86.85,89.17,86.33,88.92,780.34,784.24,783.22,784.65,4.77,74.08,12.47,3.0,46.88,3.721,14.06,4.03,LANE_A,18810.0,-22.6,89.7,CRUISE_LOITER,0.51,5,110.0,0.04,-0.14,0.02,0.11,0.14,-0.96,1.02,-0.55,-0.02,8.36,-0.01,3.56,2.998,-0.04,0.982,1
17.8,5082.9,2091.7,72.8,86.64,88.72,86.43,88.7,781.23,786.05,781.42,784.14,4.81,73.83,12.53,3.03,46.98,3.762,14.11,3.99,LANE_A,18811.0,-22.6,89.7,CRUISE_LOITER,0.51,5,107.5,-0.16,-0.58,0.13,-0.1,1.03,0.85,-0.78,-1.06,0.02,8.11,0.05,3.66,3.039,0.01,0.983,1
17.85,5082.6,2091.6,72.4,86.77,89.58,86.5,88.58,780.77,786.92,778.63,784.49,4.78,74.03,12.5,3.01,46.57,3.811,14.1,4.03,LANE_A,18812.0,-22.6,89.7,CRUISE_LOITER,0.51,5,105.0,-0.03,0.28,0.2,-0.22,0.57,1.72,-3.57,-0.71,-0.01,8.31,0.02,3.25,3.088,0.0,0.9841,1
17.900000000000002,5112.1,2103.7,72.2,86.96,89.64,86.93,88.38,780.6,783.84,781.94,784.27,4.81,74.34,12.43,2.98,46.37,3.805,14.07,3.99,LANE_A,18813.0,-22.6,89.8,CRUISE_LOITER,0.5,5,102.5,0.16,0.34,0.63,-0.42,0.4,-1.36,-0.26,-0.93,0.02,8.63,-0.05,3.05,3.082,-0.03,0.9839,1
17.95,5086.1,2093.0,72.4,86.66,89.32,86.16,88.93,780.53,784.5,781.09,782.23,4.79,74.19,12.45,2.97,46.45,3.838,14.09,4.14,LANE_A,18814.0,-22.6,89.8,CRUISE_LOITER,0.5,5,100.0,-0.14,0.02,-0.14,0.13,0.34,-0.69,-1.1,-2.96,0.0,8.48,-0.03,3.13,3.115,-0.01,0.9846,1
18.0,5084.7,2092.5,72.8,86.75,89.58,85.96,89.1,780.52,785.24,782.69,785.31,4.78,73.96,12.31,3.0,46.84,3.846,14.1,3.92,LANE_A,18815.0,-22.6,89.8,CRUISE_LOITER,0.5,5,100.0,-0.04,0.29,-0.33,0.31,0.33,0.05,0.5,0.12,-0.01,8.25,-0.16,3.53,3.123,0.0,0.9848,1
18.05,5085.6,2092.8,72.4,86.88,89.2,86.34,88.77,781.52,789.43,783.39,786.12,4.82,74.32,12.48,3.0,46.67,3.835,14.11,3.97,LANE_A,18815.0,-22.6,89.8,CRUISE_LOITER,0.5,5,100.0,0.09,-0.09,0.05,-0.02,1.33,4.24,1.2,0.93,0.03,8.61,0.01,3.36,3.112,0.01,0.9846,1
18.1,5093.7,2096.2,72.7,86.97,89.01,86.33,88.67,780.96,785.4,781.45,785.9,4.74,74.09,12.37,3.0,46.55,3.848,14.09,4.02,LANE_A,18816.0,-22.6,89.8,CRUISE_LOITER,0.5,5,100.0,0.18,-0.28,0.04,-0.12,0.77,0.21,-0.74,0.71,-0.05,8.39,-0.1,3.24,3.125,-0.01,0.9848,1
18.150000000000002,5076.7,2089.2,73.1,87.07,89.04,86.48,88.66,780.62,783.96,784.18,785.45,4.78,74.33,12.37,3.01,46.82,3.821,14.07,3.86,LANE_A,18817.0,-22.6,89.8,CRUISE_LOITER,0.5,5,100.0,0.28,-0.25,0.19,-0.13,0.43,-1.23,1.99,0.26,-0.01,8.63,-0.1,3.51,3.098,-0.03,0.9843,1
18.2,5099.6,2098.6,72.4,86.91,89.3,85.89,89.08,782.53,784.65,782.13,783.47,4.79,73.89,12.49,3.01,46.81,3.82,14.12,4.15,LANE_A,18818.0,-22.6,89.8,CRUISE_LOITER,0.5,5,100.0,0.13,0.02,-0.39,0.3,2.34,-0.54,-0.06,-1.72,0.0,8.19,0.02,3.5,3.097,0.02,0.9843,1
18.25,5105.5,2101.0,72.7,86.59,89.28,86.28,88.38,780.8,785.52,786.08,786.75,4.74,74.28,12.51,2.99,46.88,3.824,14.1,4.03,LANE_A,18819.0,-22.6,89.8,CRUISE_LOITER,0.5,5,100.0,-0.19,0.0,0.0,-0.4,0.61,0.33,3.89,1.56,-0.05,8.58,0.04,3.57,3.101,0.0,0.9844,1
18.3,5106.2,2101.3,73.0,87.31,89.23,86.07,88.55,781.8,787.09,781.53,783.52,4.81,74.09,12.52,3.02,46.71,3.829,14.08,4.07,LANE_A,18820.0,-22.6,89.8,CRUISE_LOITER,0.5,5,100.0,0.53,-0.05,-0.21,-0.23,1.61,1.9,-0.66,-1.67,0.02,8.4,0.05,3.4,3.106,-0.02,0.9845,1
18.35,5114.2,2104.6,72.6,86.85,88.76,86.17,88.98,779.26,786.41,780.52,784.12,4.84,73.95,12.47,3.02,46.87,3.81,14.11,4.3,LANE_A,18821.0,-22.6,89.8,CRUISE_LOITER,0.5,5,100.0,0.08,-0.51,-0.1,0.21,-0.92,1.23,-1.66,-1.06,0.05,8.26,0.0,3.56,3.087,0.01,0.9841,1
18.400000000000002,5082.4,2091.5,72.6,87.12,89.34,86.56,89.17,781.67,785.34,782.54,787.38,4.75,74.17,12.5,3.01,46.87,3.823,14.11,4.09,LANE_A,18822.0,-22.6,89.8,CRUISE_LOITER,0.5,5,100.0,0.35,0.07,0.29,0.4,1.49,0.16,0.36,2.2,-0.04,8.48,0.03,3.57,3.1,0.01,0.9843,1
18.45,5072.0,2087.2,72.7,86.56,89.37,86.29,88.82,780.71,784.48,781.93,785.38,4.82,74.2,12.45,3.01,46.57,3.81,14.09,3.99,LANE_A,18822.0,-22.6,89.8,CRUISE_LOITER,0.5,5,100.0,-0.21,0.1,0.02,0.05,0.53,-0.7,-0.25,0.2,0.03,8.51,-0.02,3.27,3.087,-0.01,0.9841,1
18.5,5108.7,2102.3,72.6,86.47,89.19,86.11,88.83,780.35,785.43,782.33,785.45,4.79,74.17,12.47,3.03,46.94,3.792,14.1,4.17,LANE_A,18823.0,-22.6,89.8,CRUISE_LOITER,0.5,5,100.0,-0.3,-0.08,-0.16,0.06,0.17,0.25,0.15,0.27,0.0,8.49,0.0,3.64,3.069,0.0,0.9837,1
18.55,5089.2,2094.3,72.6,86.82,89.2,86.43,88.74,778.7,783.37,781.95,784.9,4.74,74.49,12.5,3.01,46.81,3.819,14.11,4.18,LANE_A,18824.0,-22.6,89.8,CRUISE_LOITER,0.5,5,100.0,0.06,-0.06,0.17,-0.02,-1.48,-1.81,-0.23,-0.28,-0.05,8.81,0.03,3.51,3.096,0.01,0.9843,1
18.6,5057.7,2081.4,72.5,86.77,89.41,86.48,88.41,779.88,785.62,782.65,786.13,4.8,74.17,12.5,2.98,46.76,3.84,14.1,4.18,LANE_A,18825.0,-22.7,89.8,CRUISE_LOITER,0.5,5,100.0,0.01,0.15,0.22,-0.35,-0.3,0.44,0.47,0.95,0.01,8.49,0.03,3.46,3.117,0.0,0.9847,1
18.650000000000002,5123.9,2108.6,72.4,86.86,89.14,86.21,89.03,780.28,785.42,783.82,785.15,4.79,74.1,12.32,3.02,46.86,3.848,14.11,3.95,LANE_A,18826.0,-22.7,89.8,CRUISE_LOITER,0.5,5,100.0,0.1,-0.12,-0.05,0.27,0.1,0.24,1.64,-0.03,0.0,8.42,-0.15,3.56,3.125,0.01,0.9848,1
18.7,5085.8,2092.9,72.5,86.65,89.29,86.26,88.53,779.77,784.61,781.02,785.37,4.76,73.94,12.48,2.99,46.59,3.804,14.11,4.15,LANE_A,18827.0,-22.7,89.8,CRUISE_LOITER,0.5,5,100.0,-0.11,0.03,0.0,-0.23,-0.4,-0.56,-1.15,0.2,-0.03,8.27,0.01,3.29,3.081,0.01,0.9839,1
18.75,5101.6,2099.4,72.3,86.85,89.02,85.93,88.68,780.59,784.21,782.96,786.48,4.78,74.14,12.58,3.03,46.67,3.844,14.1,4.1,LANE_A,18828.0,-22.7,89.8,CRUISE_LOITER,0.5,5,100.0,0.1,-0.23,-0.32,-0.07,0.42,-0.96,0.79,1.31,-0.01,8.47,0.11,3.37,3.121,0.0,0.9848,1
18.8,5076.0,2088.9,72.5,86.93,89.34,86.29,88.87,781.28,786.64,781.79,782.93,4.8,74.04,12.44,2.98,46.8,3.811,14.1,4.06,LANE_A,18829.0,-22.7,89.8,CRUISE_LOITER,0.5,5,100.0,0.18,0.09,0.04,0.12,1.11,1.47,-0.38,-2.24,0.01,8.37,-0.03,3.51,3.088,0.0,0.9841,1
18.85,5078.0,2089.7,72.3,86.93,89.19,86.09,88.67,781.98,785.22,783.03,784.62,4.77,73.99,12.49,3.0,46.83,3.819,14.13,4.16,LANE_A,18829.0,-22.7,89.8,CRUISE_LOITER,0.5,5,100.0,0.18,-0.06,-0.16,-0.08,1.81,0.05,0.86,-0.55,-0.02,8.32,0.02,3.54,3.096,0.03,0.9842,1
18.900000000000002,5093.9,2096.3,72.7,86.71,89.29,86.7,88.43,779.93,785.44,780.61,785.91,4.84,74.12,12.47,3.01,46.65,3.836,14.04,4.13,LANE_A,18830.0,-22.7,89.8,CRUISE_LOITER,0.5,5,100.0,-0.03,0.05,0.46,-0.31,-0.24,0.27,-1.56,0.74,0.05,8.46,0.0,3.36,3.113,-0.06,0.9846,1
18.95,5085.7,2092.9,72.2,86.53,89.41,86.43,88.53,781.41,786.24,782.04,787.03,4.87,73.92,12.51,3.02,46.58,3.824,14.09,4.03,LANE_A,18831.0,-22.7,89.8,CRUISE_LOITER,0.5,5,100.0,-0.21,0.17,0.19,-0.21,1.24,1.07,-0.13,1.86,0.08,8.26,0.04,3.29,3.101,-0.01,0.9843,1
19.0,5086.8,2093.3,72.9,86.81,89.56,86.28,88.65,780.11,782.98,782.19,785.33,4.81,74.26,12.59,2.99,46.76,3.813,14.09,4.01,LANE_A,18832.0,-22.7,89.9,CRUISE_LOITER,0.5,5,100.0,0.07,0.32,0.04,-0.09,-0.06,-2.19,0.02,0.16,0.02,8.6,0.12,3.47,3.09,-0.01,0.9841,1
19.05,5083.3,2091.9,72.4,86.67,88.99,86.1,88.65,780.27,787.08,781.14,784.32,4.79,74.31,12.61,3.01,46.66,3.8,14.09,4.08,LANE_A,18833.0,-22.7,89.9,CRUISE_LOITER,0.5,5,100.0,-0.07,-0.25,-0.14,-0.09,0.1,1.91,-1.03,-0.85,0.0,8.65,0.14,3.37,3.077,-0.01,0.9838,1
19.1,5082.7,2091.6,73.0,86.52,89.33,86.09,88.9,777.16,783.82,781.98,785.17,4.83,74.07,12.57,2.99,46.7,3.817,14.09,4.02,LANE_A,18834.0,-22.7,89.9,CRUISE_LOITER,0.5,5,100.0,-0.21,0.1,-0.14,0.17,-3.0,-1.34,-0.18,0.01,0.04,8.42,0.1,3.41,3.094,-0.01,0.9842,1
19.150000000000002,5077.2,2089.4,72.6,86.7,89.06,86.2,88.81,779.35,783.9,781.11,783.31,4.85,73.98,12.57,3.0,46.56,3.814,14.1,4.04,LANE_A,18835.0,-22.7,89.9,CRUISE_LOITER,0.5,5,100.0,-0.03,-0.17,-0.03,0.08,-0.81,-1.26,-1.05,-1.85,0.06,8.33,0.1,3.27,3.091,0.0,0.9841,1
19.200000000000003,5097.0,2097.5,72.8,86.98,89.15,86.38,88.63,781.2,785.44,781.22,784.96,4.77,74.18,12.36,3.04,46.71,3.824,14.09,4.06,LANE_A,18835.0,-22.7,89.9,CRUISE_LOITER,0.5,5,100.0,0.25,-0.08,0.15,-0.1,1.04,0.28,-0.94,-0.2,-0.02,8.53,-0.11,3.42,3.101,-0.01,0.9844,1
19.25,5046.0,2076.5,72.6,86.73,89.03,86.35,88.46,780.07,783.94,782.39,785.46,4.8,74.15,12.47,3.04,46.61,3.831,14.1,4.17,LANE_A,18836.0,-22.7,89.9,CRUISE_LOITER,0.5,5,100.0,0.0,-0.2,0.12,-0.27,-0.09,-1.22,0.23,0.3,0.01,8.5,0.0,3.33,3.108,0.0,0.9845,1
19.3,5105.7,2101.1,72.3,86.75,89.19,86.29,88.66,781.21,784.77,782.21,785.0,4.77,74.06,12.51,2.94,46.57,3.834,14.07,3.93,LANE_A,18837.0,-22.7,89.9,CRUISE_LOITER,0.5,5,100.0,0.03,-0.03,0.07,-0.06,1.05,-0.39,0.05,-0.16,-0.02,8.42,0.04,3.29,3.111,-0.03,0.9846,1
19.35,5108.7,2102.3,72.6,86.63,89.28,86.31,88.93,782.79,785.61,781.84,784.56,4.84,73.95,12.43,2.98,46.63,3.816,14.12,4.06,LANE_A,18838.0,-22.7,89.9,CRUISE_LOITER,0.5,5,100.0,-0.09,0.06,0.09,0.21,2.63,0.45,-0.32,-0.6,0.05,8.31,-0.04,3.35,3.093,0.02,0.9842,1
19.400000000000002,5082.8,2091.7,72.9,86.59,89.11,86.07,89.02,781.6,784.31,782.74,787.0,4.78,74.1,12.51,2.99,46.57,3.803,14.09,4.14,LANE_A,18839.0,-22.7,89.9,CRUISE_LOITER,0.5,5,100.0,-0.13,-0.11,-0.15,0.3,1.44,-0.85,0.58,1.84,-0.01,8.46,0.04,3.29,3.08,-0.01,0.9839,1
19.450000000000003,5123.3,2108.4,72.4,86.81,89.29,86.51,88.51,777.81,785.14,781.87,786.61,4.77,74.29,12.45,3.0,46.81,3.823,14.12,4.06,LANE_A,18840.0,-22.7,89.9,CRUISE_LOITER,0.5,5,100.0,0.1,0.08,0.3,-0.2,-2.35,-0.02,-0.29,1.45,-0.02,8.65,-0.02,3.53,3.1,0.02,0.9843,1
19.5,5085.2,2092.7,72.8,86.74,89.27,86.03,88.72,781.22,785.5,781.49,783.66,4.78,74.24,12.62,3.02,46.58,3.82,14.08,4.05,LANE_A,18841.0,-22.7,89.9,CRUISE_LOITER,0.5,5,100.0,0.03,0.06,-0.18,0.01,1.07,0.35,-0.66,-1.49,-0.01,8.61,0.15,3.3,3.097,-0.02,0.9843,1
19.55,5089.0,2094.2,72.5,86.58,88.86,86.28,88.72,781.56,787.09,783.27,784.97,4.83,74.22,12.4,3.02,46.69,3.824,14.07,4.18,LANE_A,18842.0,-22.7,89.9,CRUISE_LOITER,0.5,5,100.0,-0.13,-0.35,0.07,0.01,1.41,1.94,1.12,-0.18,0.04,8.59,-0.07,3.41,3.101,-0.03,0.9844,1
19.6,5089.9,2094.6,72.8,86.88,89.37,86.11,88.61,781.44,786.14,783.45,785.93,4.77,74.12,12.51,2.99,46.62,3.832,14.07,4.16,LANE_A,18842.0,-22.7,89.9,CRUISE_LOITER,0.5,5,100.0,0.17,0.16,-0.1,-0.1,1.29,0.99,1.3,0.78,-0.02,8.49,0.04,3.34,3.109,-0.03,0.9845,1
19.650000000000002,5081.4,2091.1,72.8,86.73,89.0,86.15,89.05,780.86,784.12,780.91,787.16,4.79,73.9,12.66,3.03,46.86,3.821,14.11,4.05,LANE_A,18843.0,-22.7,89.9,CRUISE_LOITER,0.5,5,100.0,0.03,-0.2,-0.05,0.35,0.71,-1.03,-1.24,2.01,0.0,8.27,0.19,3.59,3.098,0.01,0.9843,1
19.700000000000003,5077.0,2089.3,72.6,86.45,89.25,86.37,88.98,781.22,784.98,780.86,784.35,4.77,74.16,12.51,3.0,46.81,3.827,14.09,4.02,LANE_A,18844.0,-22.7,89.9,CRUISE_LOITER,0.5,5,100.0,-0.25,0.05,0.17,0.28,1.07,-0.17,-1.29,-0.8,-0.02,8.54,0.04,3.54,3.104,-0.01,0.9844,1
19.75,5072.5,2087.4,72.5,86.87,88.97,85.96,88.6,780.9,784.28,781.15,785.87,4.81,74.07,12.48,2.98,46.62,3.821,14.1,4.14,LANE_A,18845.0,-22.7,89.9,CRUISE_LOITER,0.5,5,100.0,0.17,-0.23,-0.24,-0.1,0.75,-0.87,-1.0,0.72,0.02,8.45,0.01,3.35,3.098,0.0,0.9843,1
19.8,5062.5,2083.3,72.8,86.71,89.19,86.07,88.38,780.88,785.79,782.22,785.18,4.8,73.93,12.54,3.02,46.75,3.797,14.07,3.92,LANE_A,18846.0,-22.7,89.9,CRUISE_LOITER,0.5,5,100.0,0.01,-0.01,-0.13,-0.32,0.73,0.64,0.07,0.03,0.01,8.31,0.07,3.48,3.074,-0.03,0.9838,1
19.85,5065.0,2084.4,72.4,86.76,89.08,86.07,88.67,780.5,785.17,783.43,785.79,4.8,74.06,12.44,3.02,46.71,3.817,14.11,4.17,LANE_A,18847.0,-22.7,89.9,CRUISE_LOITER,0.5,5,100.0,0.07,-0.11,-0.12,-0.02,0.36,0.03,1.29,0.65,0.01,8.44,-0.03,3.44,3.094,0.01,0.9842,1
19.900000000000002,5084.1,2092.2,72.6,86.71,89.08,86.07,89.01,778.72,785.59,780.09,783.05,4.8,73.96,12.54,3.01,46.62,3.841,14.1,4.04,LANE_A,18848.0,-22.7,89.9,CRUISE_LOITER,0.5,5,100.0,0.02,-0.11,-0.12,0.32,-1.42,0.45,-2.05,-2.09,0.01,8.35,0.07,3.35,3.118,0.0,0.9847,1
19.950000000000003,5117.8,2106.1,72.8,86.53,89.25,86.09,88.61,780.4,784.45,782.19,784.74,4.83,74.37,12.58,3.02,46.79,3.814,14.08,4.1,LANE_A,18849.0,-22.7,89.9,CRUISE_LOITER,0.5,5,100.0,-0.16,0.06,-0.1,-0.08,0.26,-0.69,0.05,-0.4,0.04,8.76,0.11,3.52,3.091,-0.02,0.9841,1
20.0,5097.2,2097.6,72.5,86.43,89.21,85.97,88.64,778.95,785.52,781.23,784.92,4.74,74.05,12.42,3.01,46.56,3.805,14.12,4.14,LANE_A,18849.0,-22.7,89.9,CRUISE_LOITER,0.5,5,100.0,-0.25,0.03,-0.21,-0.04,-1.19,0.38,-0.91,-0.22,-0.05,8.44,-0.04,3.29,3.082,0.02,0.9839,1
20.05,5081.9,2091.3,73.1,86.75,89.47,86.22,88.6,781.23,785.48,781.62,785.68,4.83,74.21,12.51,2.99,46.52,3.808,14.09,4.03,LANE_A,18850.0,-22.7,90.0,CRUISE_LOITER,0.5,5,100.0,0.07,0.29,0.04,-0.08,1.09,0.34,-0.52,0.54,0.04,8.6,0.05,3.26,3.085,-0.01,0.984,1
20.1,5096.0,2097.1,72.7,86.89,89.04,86.33,88.96,781.11,785.43,783.91,786.27,4.83,74.03,12.46,2.99,46.71,3.806,14.1,4.12,LANE_A,18851.0,-22.7,90.0,CRUISE_LOITER,0.5,5,100.0,0.21,-0.14,0.15,0.28,0.97,0.29,1.77,1.13,0.04,8.43,0.0,3.45,3.083,0.0,0.984,1
20.150000000000002,5082.0,2091.4,72.5,86.27,88.89,86.12,88.63,778.94,783.85,784.86,785.53,4.85,74.22,12.4,3.01,46.53,3.831,14.08,4.02,LANE_A,18852.0,-22.7,90.0,CRUISE_LOITER,0.5,5,100.0,-0.41,-0.29,-0.06,-0.05,-1.2,-1.29,2.72,0.39,0.06,8.62,-0.06,3.27,3.108,-0.02,0.9845,1
20.200000000000003,5064.8,2084.3,72.6,86.92,89.02,85.87,88.83,781.45,784.47,780.64,785.36,4.78,74.12,12.47,3.01,46.67,3.826,14.09,4.16,LANE_A,18853.0,-22.7,90.0,CRUISE_LOITER,0.5,5,100.0,0.25,-0.15,-0.3,0.16,1.31,-0.67,-1.5,0.22,-0.01,8.52,0.01,3.41,3.103,-0.01,0.9844,1
20.25,5095.9,2097.1,72.8,86.32,89.18,86.05,88.52,780.42,786.11,782.04,784.05,4.79,74.17,12.43,2.98,46.77,3.823,14.1,3.99,LANE_A,18854.0,-22.7,90.0,CRUISE_LOITER,0.5,5,100.0,-0.35,0.01,-0.12,-0.15,0.29,0.98,-0.09,-1.08,0.0,8.58,-0.03,3.51,3.1,0.0,0.9843,1
20.3,5105.7,2101.1,72.6,86.72,89.19,86.29,88.69,778.41,784.08,780.76,785.71,4.81,74.22,12.55,3.0,46.8,3.824,14.14,4.07,LANE_A,18855.0,-22.7,90.0,CRUISE_LOITER,0.5,5,100.0,0.05,0.02,0.12,0.02,-1.72,-1.05,-1.37,0.58,0.02,8.63,0.09,3.54,3.101,0.04,0.9844,1
20.35,5081.8,2091.3,72.6,86.84,89.11,86.33,88.36,779.81,784.88,782.6,786.94,4.81,74.22,12.35,3.01,46.52,3.8,14.09,4.2,LANE_A,18856.0,-22.7,90.0,CRUISE_LOITER,0.5,5,100.0,0.17,-0.06,0.16,-0.31,-0.32,-0.25,0.47,1.81,0.02,8.63,-0.11,3.26,3.077,-0.01,0.9838,1
20.400000000000002,5102.3,2099.7,72.4,86.85,89.19,86.19,88.83,780.98,784.3,783.25,784.2,4.78,74.12,12.47,2.95,46.73,3.83,14.12,4.06,LANE_A,18856.0,-22.7,90.0,CRUISE_LOITER,0.5,5,100.0,0.19,0.03,0.03,0.17,0.85,-0.83,1.12,-0.93,-0.01,8.53,0.01,3.47,3.107,0.02,0.9845,1
20.450000000000003,5068.9,2086.0,72.2,86.48,89.28,86.04,88.56,781.05,786.38,781.2,786.79,4.78,74.12,12.53,2.98,46.59,3.83,14.1,4.13,LANE_A,18857.0,-22.7,90.0,CRUISE_LOITER,0.5,5,100.0,-0.18,0.12,-0.12,-0.1,0.92,1.25,-0.93,1.66,-0.01,8.54,0.07,3.33,3.107,0.0,0.9845,1
20.5,5099.6,2098.6,72.4,86.61,89.04,86.41,88.7,782.9,784.92,782.72,784.81,4.77,74.06,12.53,2.96,46.63,3.791,14.08,4.01,LANE_A,18858.0,-22.7,90.0,CRUISE_LOITER,0.5,5,100.0,-0.05,-0.12,0.25,0.04,2.77,-0.21,0.59,-0.32,-0.02,8.48,0.07,3.38,3.068,-0.02,0.9836,1
20.55,5126.3,2109.6,72.4,86.89,89.01,86.28,88.69,779.2,786.12,783.58,785.7,4.86,74.0,12.51,2.99,46.83,3.832,14.14,3.95,LANE_A,18859.0,-22.7,90.0,CRUISE_LOITER,0.5,5,100.0,0.24,-0.14,0.13,0.04,-0.93,0.99,1.45,0.57,0.07,8.42,0.05,3.58,3.109,0.04,0.9845,1
20.6,5064.1,2084.0,72.2,86.63,89.12,85.88,88.77,780.76,786.68,783.18,785.56,4.79,73.95,12.59,3.02,46.62,3.828,14.07,4.0,LANE_A,18860.0,-22.7,90.0,CRUISE_LOITER,0.5,5,100.0,-0.02,-0.03,-0.27,0.12,0.64,1.56,1.06,0.44,0.0,8.37,0.13,3.37,3.105,-0.03,0.9844,1
20.650000000000002,5110.9,2103.3,72.5,86.41,89.01,86.08,88.45,778.6,785.5,780.94,785.56,4.8,74.12,12.39,2.96,46.69,3.83,14.14,4.09,LANE_A,18861.0,-22.7,90.0,CRUISE_LOITER,0.5,5,100.0,-0.24,-0.14,-0.07,-0.2,-1.52,0.38,-1.18,0.44,0.01,8.55,-0.07,3.44,3.107,0.04,0.9845,1
20.700000000000003,5096.3,2097.2,72.7,86.9,89.28,86.35,88.74,780.99,785.29,782.95,782.91,4.78,74.04,12.56,3.03,46.61,3.786,14.11,3.99,LANE_A,18862.0,-22.7,90.0,CRUISE_LOITER,0.5,5,100.0,0.25,0.13,0.2,0.09,0.87,0.17,0.83,-2.21,-0.01,8.47,0.1,3.36,3.063,0.01,0.9835,1
20.75,5076.3,2089.0,72.6,86.72,89.11,86.0,88.48,781.08,783.4,782.06,783.08,4.75,74.2,12.4,3.01,46.56,3.81,14.11,4.03,LANE_A,18862.0,-22.7,90.0,CRUISE_LOITER,0.5,5,100.0,0.08,-0.03,-0.14,-0.16,0.96,-1.72,-0.06,-2.04,-0.04,8.63,-0.06,3.31,3.087,0.01,0.9841,1
20.8,5096.6,2097.4,72.5,86.6,88.93,85.87,88.79,781.84,784.94,780.1,787.0,4.78,73.9,12.44,2.97,46.68,3.809,14.06,4.13,LANE_A,18863.0,-22.7,90.0,CRUISE_LOITER,0.5,5,100.0,-0.04,-0.21,-0.27,0.15,1.72,-0.18,-2.02,1.88,-0.01,8.33,-0.02,3.43,3.086,-0.04,0.984,1
20.85,5099.7,2098.6,72.7,86.35,89.11,85.94,88.79,781.24,785.27,780.72,784.79,4.79,74.28,12.36,3.01,46.71,3.812,14.13,3.92,LANE_A,18864.0,-22.7,90.0,CRUISE_LOITER,0.5,5,100.0,-0.29,-0.03,-0.2,0.15,1.12,0.15,-1.4,-0.33,0.0,8.72,-0.1,3.46,3.089,0.03,0.9841,1
20.900000000000002,5101.5,2099.4,72.9,86.77,89.37,86.06,88.35,778.91,782.88,781.26,784.82,4.78,74.25,12.34,3.01,46.54,3.811,14.09,3.93,LANE_A,18865.0,-22.7,90.0,CRUISE_LOITER,0.5,5,100.0,0.13,0.23,-0.08,-0.29,-1.21,-2.24,-0.86,-0.3,-0.01,8.69,-0.12,3.3,3.088,-0.01,0.9841,1
20.950000000000003,5098.7,2098.2,72.6,86.85,89.11,86.21,88.43,781.76,783.85,782.34,784.97,4.75,74.36,12.39,3.0,46.6,3.81,14.08,4.05,LANE_A,18866.0,-22.7,90.0,CRUISE_LOITER,0.5,5,100.0,0.22,-0.02,0.08,-0.2,1.64,-1.27,0.22,-0.15,-0.04,8.8,-0.07,3.36,3.087,-0.02,0.9841,1
21.0,5105.3,2100.9,72.6,86.59,89.07,86.03,88.54,781.18,787.15,781.65,784.5,4.74,73.95,12.33,2.98,46.38,3.82,14.08,3.98,LANE_A,18867.0,-22.7,90.0,CRUISE_LOITER,0.5,5,100.0,-0.04,-0.06,-0.1,-0.09,1.07,2.04,-0.46,-0.61,-0.05,8.39,-0.13,3.14,3.097,-0.02,0.9843,1
21.05,5088.4,2094.0,72.6,86.85,88.88,86.16,88.52,780.4,784.49,783.65,786.05,4.74,74.11,12.38,2.99,46.63,3.83,14.1,4.11,LANE_A,18868.0,-22.7,90.0,CRUISE_LOITER,0.5,5,100.0,0.22,-0.25,0.03,-0.11,0.29,-0.62,1.54,0.94,-0.05,8.56,-0.08,3.39,3.107,0.0,0.9845,1
21.1,5096.9,2097.5,72.8,86.63,88.8,85.99,88.67,781.13,785.2,783.11,785.17,4.83,74.02,12.53,3.0,46.57,3.806,14.14,4.21,LANE_A,18869.0,-22.7,90.0,CRUISE_LOITER,0.5,5,100.0,0.01,-0.32,-0.13,0.05,1.02,0.09,1.0,0.06,0.04,8.47,0.07,3.33,3.083,0.04,0.984,1
21.150000000000002,5113.4,2104.3,72.5,86.67,89.33,86.33,88.75,779.08,784.73,784.35,784.43,4.8,74.11,12.58,3.03,46.77,3.84,14.14,4.09,LANE_A,18869.0,-22.7,90.1,CRUISE_LOITER,0.5,5,100.0,0.05,0.21,0.21,0.13,-1.03,-0.38,2.24,-0.68,0.01,8.56,0.12,3.53,3.117,0.04,0.9847,1
21.200000000000003,5105.1,2100.9,72.2,86.57,88.95,86.07,88.51,779.71,785.36,781.99,783.81,4.79,74.15,12.32,3.02,46.34,3.849,14.09,4.06,LANE_A,18870.0,-22.7,90.1,CRUISE_LOITER,0.5,5,100.0,-0.05,-0.17,-0.05,-0.11,-0.4,0.25,-0.12,-1.3,0.0,8.6,-0.14,3.1,3.126,-0.01,0.9849,1
21.25,5073.6,2087.9,72.6,86.49,88.84,86.27,88.72,777.63,784.65,781.47,785.4,4.81,73.87,12.39,2.98,46.7,3.797,14.12,3.95,LANE_A,18871.0,-22.7,90.1,CRUISE_LOITER,0.5,5,100.0,-0.13,-0.28,0.15,0.1,-2.48,-0.46,-0.64,0.29,0.02,8.33,-0.07,3.46,3.074,0.02,0.9838,1
21.3,5099.0,2098.4,72.6,86.53,89.21,86.03,88.58,780.27,785.75,782.57,786.12,4.77,74.0,12.44,3.0,46.59,3.849,14.09,4.15,LANE_A,18872.0,-22.7,90.1,CRUISE_LOITER,0.5,5,100.0,-0.08,0.1,-0.08,-0.03,0.16,0.64,0.46,1.01,-0.02,8.46,-0.02,3.36,3.126,-0.01,0.9849,1
21.35,5127.5,2110.1,72.8,86.5,89.28,86.22,88.98,779.32,785.69,781.77,785.03,4.75,73.97,12.61,3.0,46.67,3.831,14.09,3.96,LANE_A,18873.0,-22.7,90.1,CRUISE_LOITER,0.5,5,100.0,-0.11,0.17,0.11,0.37,-0.79,0.58,-0.34,-0.08,-0.04,8.43,0.15,3.44,3.108,-0.01,0.9845,1
21.400000000000002,5112.6,2104.0,72.6,86.52,89.11,86.05,88.81,778.56,783.17,783.82,782.87,4.81,73.78,12.62,2.97,46.46,3.823,14.08,4.05,LANE_A,18874.0,-22.7,90.1,CRUISE_LOITER,0.5,5,100.0,-0.09,0.0,-0.06,0.2,-1.54,-1.93,1.72,-2.23,0.02,8.24,0.16,3.23,3.1,-0.02,0.9843,1
21.450000000000003,5088.9,2094.2,72.6,86.72,89.15,85.76,88.42,778.6,784.19,784.32,784.48,4.81,74.07,12.51,3.0,46.54,3.828,14.11,4.03,LANE_A,18875.0,-22.7,90.1,CRUISE_LOITER,0.5,5,100.0,0.11,0.04,-0.35,-0.19,-1.5,-0.91,2.22,-0.62,0.02,8.54,0.05,3.31,3.105,0.01,0.9844,1
21.5,5101.3,2099.3,72.4,86.57,89.16,86.01,88.64,779.48,784.48,782.4,784.75,4.81,73.9,12.33,3.0,46.4,3.842,14.07,4.18,LANE_A,18876.0,-22.8,90.1,CRUISE_LOITER,0.5,5,100.0,-0.03,0.06,-0.09,0.04,-0.62,-0.62,0.3,-0.35,0.02,8.37,-0.13,3.17,3.119,-0.03,0.9847,1
21.55,5071.0,2086.8,72.5,86.62,88.97,86.12,88.7,780.52,784.39,782.29,786.85,4.73,74.11,12.54,3.01,46.84,3.816,14.11,4.02,LANE_A,18876.0,-22.8,90.1,CRUISE_LOITER,0.5,5,100.0,0.02,-0.13,0.02,0.1,0.42,-0.71,0.19,1.75,-0.06,8.58,0.08,3.61,3.093,0.01,0.9842,1
21.6,5090.1,2094.7,72.8,86.29,89.06,86.15,88.9,779.59,783.94,782.44,782.58,4.77,73.95,12.55,3.03,46.42,3.817,14.07,4.03,LANE_A,18877.0,-22.8,90.1,CRUISE_LOITER,0.5,5,100.0,-0.31,-0.04,0.05,0.3,-0.51,-1.16,0.34,-2.52,-0.02,8.42,0.09,3.19,3.094,-0.03,0.9842,1
21.650000000000002,5102.4,2099.8,73.0,86.62,88.99,86.29,88.41,779.24,785.37,782.69,785.59,4.79,74.02,12.43,3.0,46.64,3.831,14.13,4.06,LANE_A,18878.0,-22.8,90.1,CRUISE_LOITER,0.5,5,100.0,0.03,-0.1,0.2,-0.18,-0.86,0.27,0.59,0.49,0.0,8.5,-0.03,3.41,3.108,0.03,0.9845,1
21.700000000000003,5083.9,2092.1,72.3,86.37,89.29,86.18,89.02,781.45,785.74,779.48,786.07,4.8,74.05,12.47,3.0,46.49,3.814,14.15,4.03,LANE_A,18879.0,-22.8,90.1,CRUISE_LOITER,0.5,5,100.0,-0.22,0.2,0.09,0.43,1.35,0.64,-2.62,0.97,0.01,8.53,0.01,3.26,3.091,0.05,0.9841,1
21.75,5103.3,2100.1,72.9,87.02,89.04,86.04,88.49,780.02,785.02,781.4,785.25,4.78,74.31,12.3,3.0,46.72,3.814,14.12,3.91,LANE_A,18880.0,-22.8,90.1,CRUISE_LOITER,0.5,5,100.0,0.43,-0.05,-0.05,-0.1,-0.07,-0.07,-0.69,0.16,-0.01,8.79,-0.16,3.5,3.091,0.02,0.9841,1
21.8,5073.4,2087.8,72.4,86.77,89.28,86.24,88.44,778.95,783.71,781.98,786.35,4.74,73.94,12.47,3.0,46.52,3.821,14.11,4.16,LANE_A,18881.0,-22.8,90.1,CRUISE_LOITER,0.5,5,100.0,0.18,0.19,0.15,-0.15,-1.14,-1.38,-0.11,1.26,-0.05,8.42,0.01,3.3,3.098,0.01,0.9843,1
21.85,5110.4,2103.0,72.6,86.55,89.15,86.29,88.51,781.03,784.64,781.02,787.08,4.78,73.97,12.47,3.02,46.43,3.812,14.07,3.97,LANE_A,18882.0,-22.8,90.1,CRUISE_LOITER,0.5,5,100.0,-0.03,0.07,0.21,-0.07,0.94,-0.45,-1.07,1.99,-0.01,8.46,0.01,3.21,3.089,-0.03,0.9841,1
21.900000000000002,5105.0,2100.8,73.0,86.21,89.03,86.05,88.67,779.27,786.28,783.3,785.31,4.78,73.97,12.41,2.99,46.6,3.817,14.11,4.03,LANE_A,18882.0,-22.8,90.1,CRUISE_LOITER,0.5,5,100.0,-0.37,-0.05,-0.03,0.09,-0.82,1.19,1.21,0.22,-0.01,8.46,-0.05,3.38,3.094,0.01,0.9842,1
21.950000000000003,5105.4,2101.0,72.6,86.69,89.12,86.04,88.66,778.16,786.4,780.93,788.83,4.83,73.82,12.44,2.99,46.73,3.829,14.1,4.03,LANE_A,18883.0,-22.8,90.1,CRUISE_LOITER,0.5,5,100.0,0.11,0.04,-0.04,0.08,-1.93,1.31,-1.16,3.74,0.04,8.31,-0.02,3.51,3.106,0.0,0.9845,1
22.0,5085.5,2092.8,72.5,86.33,89.36,86.12,88.46,782.15,783.15,782.38,787.0,4.76,73.96,12.4,3.01,46.64,3.845,14.1,3.98,LANE_A,18884.0,-22.8,90.1,CRUISE_LOITER,0.5,5,100.0,-0.25,0.28,0.04,-0.12,2.06,-1.94,0.29,1.91,-0.03,8.45,-0.05,3.42,3.122,0.0,0.9848,1
22.05,5090.3,2094.8,72.7,86.43,89.01,85.74,88.64,780.14,783.85,783.64,785.21,4.85,74.18,12.54,3.02,46.64,3.826,14.09,3.92,LANE_A,18885.0,-22.8,90.1,CRUISE_LOITER,0.5,5,100.0,-0.14,-0.06,-0.33,0.07,0.05,-1.24,1.55,0.12,0.06,8.68,0.09,3.42,3.103,-0.01,0.9844,1
22.1,5067.9,2085.6,72.3,86.6,89.23,86.45,88.35,780.58,785.27,780.76,787.57,4.79,74.17,12.48,3.01,46.66,3.815,14.1,4.04,LANE_A,18886.0,-22.8,90.1,CRUISE_LOITER,0.5,5,100.0,0.03,0.16,0.38,-0.22,0.49,0.18,-1.33,2.48,0.0,8.67,0.03,3.44,3.092,0.0,0.9842,1
22.150000000000002,5082.6,2091.6,73.0,86.48,89.18,86.17,88.5,780.17,786.15,781.89,784.57,4.8,74.21,12.36,2.99,46.77,3.811,14.08,4.13,LANE_A,18887.0,-22.8,90.1,CRUISE_LOITER,0.5,5,100.0,-0.09,0.11,0.1,-0.07,0.09,1.07,-0.19,-0.51,0.01,8.71,-0.09,3.56,3.088,-0.02,0.9841,1
22.200000000000003,5096.5,2097.3,72.5,86.38,89.15,86.19,88.63,782.09,784.62,781.39,784.89,4.83,74.11,12.44,3.01,46.63,3.845,14.08,4.1,LANE_A,18888.0,-22.8,90.1,CRUISE_LOITER,0.5,5,100.0,-0.18,0.09,0.13,0.07,2.01,-0.46,-0.69,-0.19,0.04,8.61,-0.01,3.42,3.122,-0.02,0.9848,1
22.25,5106.9,2101.6,72.7,86.62,89.22,85.9,88.4,779.8,786.4,782.46,785.45,4.78,73.87,12.43,3.03,46.89,3.82,14.11,3.92,LANE_A,18889.0,-22.8,90.2,CRUISE_LOITER,0.5,5,100.0,0.06,0.16,-0.16,-0.16,-0.28,1.32,0.38,0.37,-0.01,8.38,-0.02,3.68,3.097,0.01,0.9843,1
22.3,5084.8,2092.5,72.5,86.58,89.0,86.11,88.71,778.3,786.84,782.68,787.41,4.79,74.19,12.5,3.0,46.5,3.828,14.09,4.09,LANE_A,18889.0,-22.8,90.2,CRUISE_LOITER,0.5,5,100.0,0.02,-0.06,0.05,0.15,-1.78,1.76,0.6,2.33,0.0,8.7,0.05,3.29,3.105,-0.01,0.9844,1
22.35,5078.2,2089.8,72.5,86.29,88.81,86.34,88.28,779.99,782.21,780.65,783.85,4.83,73.69,12.33,3.01,46.77,3.827,14.08,3.99,LANE_A,18890.0,-22.8,90.2,CRUISE_LOITER,0.5,5,100.0,-0.27,-0.25,0.28,-0.28,-0.09,-2.87,-1.43,-1.23,0.04,8.2,-0.12,3.56,3.104,-0.02,0.9844,1
22.400000000000002,5085.9,2093.0,72.7,86.49,88.98,85.74,88.74,781.01,783.69,782.85,786.88,4.78,74.26,12.65,2.98,46.55,3.816,14.12,3.99,LANE_A,18891.0,-22.8,90.2,CRUISE_LOITER,0.5,5,100.0,-0.06,-0.07,-0.31,0.19,0.93,-1.39,0.77,1.8,-0.01,8.77,0.2,3.34,3.093,0.02,0.9842,1
22.450000000000003,5099.5,2098.6,72.6,86.85,89.17,86.25,88.34,778.9,785.39,783.85,784.16,4.9,74.04,12.45,3.02,46.53,3.811,14.1,4.11,LANE_A,18892.0,-22.8,90.2,CRUISE_LOITER,0.5,5,100.0,0.3,0.12,0.2,-0.21,-1.18,0.31,1.77,-0.92,0.11,8.56,0.0,3.32,3.088,0.0,0.9841,1
22.5,5066.1,2084.8,72.5,86.64,88.88,86.04,88.51,781.23,785.46,782.63,786.64,4.83,74.13,12.41,3.0,46.61,3.811,14.09,4.27,LANE_A,18893.0,-22.8,90.2,CRUISE_LOITER,0.5,5,100.0,0.09,-0.17,-0.01,-0.04,1.15,0.38,0.55,1.56,0.04,8.65,-0.04,3.4,3.088,-0.01,0.9841,1
22.55,5053.8,2079.8,72.6,86.6,88.93,85.68,88.46,779.28,785.39,779.9,782.76,4.73,74.13,12.63,3.0,46.7,3.801,14.11,4.08,LANE_A,18894.0,-22.8,90.2,CRUISE_LOITER,0.5,5,100.0,0.05,-0.12,-0.37,-0.09,-0.79,0.32,-2.17,-2.31,-0.06,8.65,0.18,3.5,3.078,0.01,0.9839,1
22.6,5096.7,2097.4,72.7,86.59,89.12,85.86,88.55,783.65,783.58,780.46,784.72,4.79,73.96,12.36,3.03,46.47,3.836,14.1,4.07,LANE_A,18895.0,-22.8,90.2,CRUISE_LOITER,0.5,5,100.0,0.05,0.08,-0.18,0.01,3.58,-1.49,-1.61,-0.35,0.0,8.48,-0.09,3.27,3.113,0.0,0.9846,1
22.650000000000002,5098.5,2098.1,72.9,86.72,89.15,86.16,88.39,780.62,788.37,781.86,785.31,4.82,74.02,12.52,3.03,46.64,3.837,14.07,4.23,LANE_A,18896.0,-22.8,90.2,CRUISE_LOITER,0.5,5,100.0,0.18,0.11,0.12,-0.15,0.55,3.3,-0.21,0.24,0.03,8.55,0.07,3.44,3.114,-0.03,0.9846,1
22.700000000000003,5084.2,2092.3,73.0,86.3,88.81,85.81,88.3,779.69,785.46,784.43,785.88,4.76,73.85,12.36,3.02,46.59,3.816,14.11,3.97,LANE_A,18896.0,-22.8,90.2,CRUISE_LOITER,0.5,5,100.0,-0.24,-0.23,-0.23,-0.24,-0.38,0.39,2.36,0.81,-0.03,8.38,-0.09,3.39,3.093,0.01,0.9842,1
22.75,5124.4,2108.8,72.4,86.84,89.04,85.8,88.05,780.5,785.73,782.5,783.3,4.76,74.06,12.39,3.01,46.43,3.82,14.08,3.87,LANE_A,18897.0,-22.8,90.2,CRUISE_LOITER,0.5,5,100.0,0.3,0.0,-0.24,-0.49,0.43,0.66,0.43,-1.77,-0.03,8.59,-0.06,3.23,3.097,-0.02,0.9843,1
22.8,5096.8,2097.4,72.6,86.29,89.29,86.0,88.58,779.23,784.97,782.04,785.08,4.77,74.27,12.37,2.98,46.67,3.822,14.12,4.04,LANE_A,18898.0,-22.8,90.2,CRUISE_LOITER,0.5,5,100.0,-0.24,0.26,-0.03,0.05,-0.84,-0.1,-0.03,0.01,-0.02,8.8,-0.08,3.47,3.099,0.02,0.9843,1
22.85,5103.7,2100.3,72.7,86.87,89.31,86.0,88.91,780.17,785.74,781.21,784.11,4.77,73.76,12.52,3.0,46.41,3.806,14.12,4.06,LANE_A,18899.0,-22.8,90.2,CRUISE_LOITER,0.5,5,100.0,0.34,0.28,-0.03,0.38,0.1,0.67,-0.86,-0.96,-0.02,8.3,0.07,3.21,3.083,0.02,0.984,1
22.900000000000002,5091.0,2095.1,72.6,86.4,89.05,85.71,88.65,778.09,784.02,782.87,784.95,4.78,74.08,12.44,3.01,46.55,3.823,14.1,4.03,LANE_A,18900.0,-22.8,90.2,CRUISE_LOITER,0.5,5,100.0,-0.13,0.02,-0.32,0.12,-1.97,-1.04,0.81,-0.11,-0.01,8.62,-0.01,3.35,3.1,0.0,0.9843,1
22.950000000000003,5111.5,2103.5,72.6,86.44,88.97,85.79,88.57,781.1,786.17,781.26,784.42,4.77,73.96,12.47,3.02,46.57,3.83,14.08,4.23,LANE_A,18901.0,-22.8,90.2,CRUISE_LOITER,0.5,5,100.0,-0.08,-0.05,-0.23,0.05,1.04,1.11,-0.8,-0.64,-0.02,8.5,0.02,3.37,3.107,-0.02,0.9845,1
23.0,5074.7,2088.4,72.8,86.77,89.21,85.99,88.43,780.57,784.3,783.07,785.83,4.8,74.14,12.38,3.0,46.39,3.831,14.13,4.05,LANE_A,18902.0,-22.8,90.2,CRUISE_LOITER,0.5,5,100.0,0.25,0.19,-0.03,-0.09,0.51,-0.76,1.01,0.77,0.01,8.68,-0.07,3.2,3.108,0.03,0.9845,1
23.05,5077.0,2089.3,72.6,86.63,88.87,86.13,88.31,781.46,784.97,782.4,784.67,4.8,73.91,12.63,3.0,46.75,3.819,14.13,4.04,LANE_A,18902.0,-22.8,90.2,CRUISE_LOITER,0.5,5,100.0,0.11,-0.15,0.11,-0.21,1.4,-0.09,0.34,-0.39,0.01,8.46,0.18,3.56,3.096,0.03,0.9842,1
23.1,5093.9,2096.3,72.6,86.59,88.97,86.01,88.4,779.82,786.81,782.22,785.07,4.79,73.78,12.32,3.0,46.69,3.842,14.11,4.08,LANE_A,18903.0,-22.8,90.2,CRUISE_LOITER,0.5,5,100.0,0.07,-0.05,-0.01,-0.12,-0.24,1.75,0.16,0.01,0.0,8.33,-0.13,3.5,3.119,0.01,0.9847,1
23.150000000000002,5085.1,2092.6,72.8,86.59,89.28,86.14,88.29,782.88,785.06,781.28,785.11,4.78,73.96,12.33,3.0,46.58,3.798,14.11,4.07,LANE_A,18904.0,-22.8,90.2,CRUISE_LOITER,0.5,5,100.0,0.08,0.27,0.13,-0.22,2.82,0.0,-0.78,0.05,-0.01,8.51,-0.12,3.39,3.075,0.01,0.9838,1
23.200000000000003,5086.5,2093.2,72.1,86.2,89.2,86.07,88.45,778.7,786.34,782.65,786.46,4.82,73.84,12.59,2.97,46.58,3.829,14.07,3.92,LANE_A,18905.0,-22.8,90.2,CRUISE_LOITER,0.5,5,100.0,-0.31,0.19,0.06,-0.06,-1.36,1.28,0.59,1.4,0.03,8.39,0.14,3.39,3.106,-0.03,0.9845,1
23.25,5094.4,2096.5,72.8,86.37,88.99,86.27,88.59,778.32,784.26,781.32,785.92,4.81,73.7,12.48,2.95,46.58,3.805,14.14,4.25,LANE_A,18906.0,-22.8,90.2,CRUISE_LOITER,0.5,5,100.0,-0.14,-0.02,0.26,0.08,-1.74,-0.8,-0.74,0.86,0.02,8.26,0.03,3.39,3.082,0.04,0.9839,1
23.3,5122.2,2107.9,72.7,86.43,88.83,86.19,88.37,778.76,784.71,783.02,784.16,4.78,74.19,12.55,3.0,46.81,3.829,14.11,3.83,LANE_A,18907.0,-22.8,90.2,CRUISE_LOITER,0.5,5,100.0,-0.08,-0.18,0.18,-0.14,-1.29,-0.34,0.97,-0.89,-0.01,8.75,0.1,3.62,3.106,0.01,0.9845,1
23.35,5069.2,2086.1,73.2,86.65,89.37,86.05,88.11,781.04,786.56,783.15,786.33,4.74,74.12,12.45,2.97,46.8,3.812,14.08,4.06,LANE_A,18908.0,-22.8,90.3,CRUISE_LOITER,0.5,5,100.0,0.15,0.37,0.05,-0.39,0.99,1.51,1.1,1.28,-0.05,8.68,0.0,3.61,3.089,-0.02,0.9841,1
23.400000000000002,5084.2,2092.3,72.9,86.56,89.04,86.03,88.52,780.33,786.09,781.0,785.05,4.8,74.09,12.39,3.01,46.56,3.841,14.08,4.06,LANE_A,18909.0,-22.8,90.3,CRUISE_LOITER,0.5,5,100.0,0.06,0.04,0.03,0.02,0.28,1.04,-1.05,0.0,0.01,8.65,-0.06,3.38,3.118,-0.02,0.9847,1
23.450000000000003,5089.6,2094.5,72.3,86.65,89.04,86.1,88.1,779.98,782.76,780.16,787.45,4.78,73.93,12.37,2.98,46.66,3.837,14.1,3.93,LANE_A,18909.0,-22.8,90.3,CRUISE_LOITER,0.5,5,100.0,0.15,0.04,0.1,-0.4,-0.07,-2.29,-1.89,2.4,-0.01,8.5,-0.08,3.48,3.114,0.0,0.9846,1
23.5,5089.6,2094.5,72.9,86.81,88.94,85.92,88.52,780.82,784.57,782.14,783.99,4.77,74.02,12.47,2.98,46.58,3.81,14.09,4.18,LANE_A,18910.0,-22.8,90.3,CRUISE_LOITER,0.5,5,100.0,0.32,-0.05,-0.07,0.03,0.77,-0.48,0.09,-1.06,-0.02,8.59,0.02,3.4,3.087,-0.01,0.9841,1
23.55,5102.4,2099.8,72.5,86.42,88.94,85.82,88.73,779.13,785.95,782.54,786.78,4.8,73.95,12.42,3.01,46.66,3.832,14.08,4.21,LANE_A,18911.0,-22.8,90.3,CRUISE_LOITER,0.5,5,100.0,-0.07,-0.05,-0.17,0.24,-0.92,0.9,0.49,1.73,0.01,8.52,-0.03,3.48,3.109,-0.02,0.9845,1
23.6,5110.2,2103.0,72.6,86.45,88.84,86.03,88.29,777.79,785.01,780.82,786.1,4.8,73.98,12.36,2.96,46.59,3.828,14.08,4.12,LANE_A,18912.0,-22.8,90.3,CRUISE_LOITER,0.5,5,100.0,-0.04,-0.15,0.04,-0.2,-2.26,-0.04,-1.23,1.05,0.01,8.55,-0.09,3.41,3.105,-0.02,0.9844,1
23.650000000000002,5092.2,2095.6,72.9,86.33,88.88,86.05,88.59,779.71,785.9,783.75,784.93,4.79,74.03,12.47,2.98,46.69,3.835,14.1,4.11,LANE_A,18913.0,-22.8,90.3,CRUISE_LOITER,0.5,5,100.0,-0.16,-0.11,0.06,0.1,-0.33,0.86,1.71,-0.11,0.0,8.61,0.02,3.51,3.112,0.0,0.9846,1
23.700000000000003,5073.0,2087.7,73.0,86.34,88.82,85.89,88.6,778.44,785.99,780.49,786.04,4.8,73.86,12.29,2.97,46.56,3.83,14.13,4.01,LANE_A,18914.0,-22.8,90.3,CRUISE_LOITER,0.5,5,100.0,-0.14,-0.16,-0.09,0.12,-1.6,0.95,-1.55,1.0,0.01,8.44,-0.16,3.38,3.107,0.03,0.9845,1
23.75,5086.0,2093.0,73.1,86.24,89.02,86.05,88.4,777.58,784.83,784.25,784.46,4.8,73.88,12.44,3.02,46.63,3.816,14.12,3.94,LANE_A,18915.0,-22.8,90.3,CRUISE_LOITER,0.5,5,100.0,-0.24,0.04,0.07,-0.08,-2.46,-0.21,2.21,-0.58,0.01,8.46,-0.01,3.45,3.093,0.02,0.9842,1
23.8,5089.4,2094.4,72.6,86.56,88.82,85.77,88.67,779.87,786.69,781.74,785.8,4.79,74.02,12.34,2.98,46.43,3.809,14.11,4.18,LANE_A,18916.0,-22.8,90.3,CRUISE_LOITER,0.5,5,100.0,0.08,-0.16,-0.21,0.19,-0.17,1.65,-0.3,0.76,0.0,8.6,-0.11,3.26,3.086,0.01,0.984,1
23.85,5078.2,2089.8,72.7,86.49,88.97,86.1,88.29,782.19,784.56,781.86,783.41,4.8,73.78,12.44,3.04,46.57,3.813,14.13,3.99,LANE_A,18916.0,-22.8,90.3,CRUISE_LOITER,0.5,5,100.0,0.01,-0.01,0.12,-0.19,2.15,-0.48,-0.18,-1.63,0.01,8.37,-0.01,3.4,3.09,0.03,0.9841,1
23.900000000000002,5117.3,2105.9,72.7,86.45,89.12,86.01,88.01,779.99,786.68,780.77,785.11,4.78,73.87,12.38,3.02,46.63,3.812,14.07,4.03,LANE_A,18917.0,-22.8,90.3,CRUISE_LOITER,0.5,5,100.0,-0.02,0.15,0.04,-0.46,-0.05,1.64,-1.27,0.07,-0.01,8.46,-0.07,3.46,3.089,-0.03,0.9841,1
23.950000000000003,5121.6,2107.7,73.1,86.42,88.99,86.03,88.55,780.97,784.21,780.1,787.42,4.81,73.89,12.55,3.01,46.72,3.802,14.11,4.07,LANE_A,18918.0,-22.8,90.3,CRUISE_LOITER,0.5,5,100.0,-0.05,0.02,0.06,0.08,0.93,-0.83,-1.94,2.38,0.02,8.48,0.1,3.55,3.079,0.01,0.9839,1
24.0,5080.5,2090.7,72.8,86.45,89.25,85.83,88.31,778.67,784.36,780.05,785.29,4.84,73.76,12.44,3.0,46.58,3.833,14.12,4.18,LANE_A,18919.0,-22.8,90.3,CRUISE_LOITER,0.5,5,100.0,-0.02,0.28,-0.14,-0.16,-1.37,-0.68,-1.99,0.25,0.05,8.35,0.0,3.41,3.11,0.02,0.9845,1
24.05,5090.8,2095.0,72.6,86.58,88.87,86.47,88.97,779.5,784.95,780.93,785.48,4.77,73.92,12.45,3.01,46.66,3.829,14.15,3.93,LANE_A,18920.0,-22.8,90.3,CRUISE_LOITER,0.5,5,100.0,0.11,-0.1,0.5,0.5,-0.53,-0.08,-1.1,0.45,-0.02,8.52,0.01,3.49,3.106,0.05,0.9845,1
24.1,5098.4,2098.1,72.4,86.46,88.95,85.68,88.44,781.66,784.45,780.96,784.25,4.8,73.95,12.41,2.99,46.53,3.822,14.13,4.43,LANE_A,18921.0,-22.8,90.3,CRUISE_LOITER,0.5,5,100.0,0.0,-0.01,-0.28,-0.02,1.63,-0.58,-1.07,-0.78,0.01,8.55,-0.03,3.36,3.099,0.03,0.9843,1
24.150000000000002,5081.8,2091.3,72.9,86.36,88.87,85.98,88.43,780.06,784.62,782.73,783.43,4.76,74.15,12.61,2.99,46.75,3.806,14.1,3.94,LANE_A,18922.0,-22.8,90.3,CRUISE_LOITER,0.5,5,100.0,-0.1,-0.09,0.02,-0.03,0.03,-0.41,0.7,-1.6,-0.03,8.75,0.17,3.58,3.083,0.0,0.984,1
24.200000000000003,5096.1,2097.2,72.6,86.32,89.25,85.92,88.43,778.27,786.23,782.05,783.15,4.84,74.05,12.47,2.98,46.57,3.823,14.15,4.18,LANE_A,18922.0,-22.8,90.3,CRUISE_LOITER,0.5,5,100.0,-0.14,0.29,-0.04,-0.03,-1.76,1.2,0.02,-1.88,0.05,8.65,0.03,3.41,3.1,0.05,0.9843,1
24.25,5077.4,2089.5,72.6,86.61,88.9,86.15,88.57,779.51,783.88,781.77,783.36,4.81,73.79,12.43,3.03,46.38,3.816,14.1,4.08,LANE_A,18923.0,-22.8,90.3,CRUISE_LOITER,0.5,5,100.0,0.16,-0.05,0.2,0.12,-0.52,-1.15,-0.26,-1.67,0.02,8.4,-0.01,3.22,3.093,0.0,0.9842,1
24.3,5095.1,2096.7,72.7,86.52,88.7,85.65,88.65,779.43,786.0,783.26,785.79,4.83,74.25,12.51,3.03,46.52,3.799,14.12,3.99,LANE_A,18924.0,-22.8,90.3,CRUISE_LOITER,0.5,5,100.0,0.07,-0.25,-0.3,0.2,-0.6,0.97,1.23,0.76,0.04,8.86,0.07,3.36,3.076,0.02,0.9838,1
24.35,5061.5,2082.9,72.7,86.57,88.89,85.82,88.31,781.98,786.17,783.97,786.37,4.76,73.96,12.44,2.97,46.58,3.826,14.13,4.17,LANE_A,18925.0,-22.9,90.3,CRUISE_LOITER,0.5,5,100.0,0.12,-0.06,-0.13,-0.14,1.95,1.14,1.94,1.34,-0.03,8.57,0.0,3.42,3.103,0.03,0.9844,1
24.400000000000002,5103.5,2100.2,73.0,86.12,89.38,86.11,88.3,780.16,786.43,782.89,784.26,4.82,74.25,12.46,2.99,46.8,3.827,14.12,4.0,LANE_A,18926.0,-22.9,90.3,CRUISE_LOITER,0.5,5,100.0,-0.33,0.43,0.16,-0.15,0.13,1.4,0.86,-0.77,0.03,8.86,0.02,3.64,3.104,0.02,0.9844,1
24.450000000000003,5095.4,2096.9,72.7,85.97,89.01,85.79,88.47,780.49,781.71,780.68,784.52,4.76,73.75,12.35,3.01,46.46,3.838,14.1,4.28,LANE_A,18927.0,-22.9,90.3,CRUISE_LOITER,0.5,5,100.0,-0.47,0.07,-0.15,0.03,0.47,-3.31,-1.34,-0.5,-0.03,8.37,-0.09,3.3,3.115,0.0,0.9846,1
24.5,5121.7,2107.7,73.0,86.61,89.22,85.89,88.44,780.24,784.42,783.34,784.92,4.81,73.75,12.39,3.0,46.64,3.817,14.08,4.12,LANE_A,18928.0,-22.9,90.4,CRUISE_LOITER,0.5,5,100.0,0.17,0.28,-0.05,0.0,0.22,-0.6,1.32,-0.1,0.02,8.37,-0.05,3.48,3.094,-0.02,0.9842,1
24.55,5078.8,2090.0,72.7,86.66,88.85,86.01,88.49,778.84,786.19,782.33,783.0,4.78,73.94,12.32,3.02,46.37,3.815,14.1,3.99,LANE_A,18929.0,-22.9,90.4,CRUISE_LOITER,0.5,5,100.0,0.22,-0.09,0.07,0.05,-1.18,1.17,0.31,-2.02,-0.01,8.56,-0.12,3.21,3.092,0.0,0.9842,1
24.6,5099.6,2098.6,72.8,86.29,88.83,85.75,88.51,779.57,785.97,784.1,785.03,4.83,74.14,12.43,3.01,46.34,3.817,14.08,4.12,LANE_A,18929.0,-22.9,90.4,CRUISE_LOITER,0.5,5,100.0,-0.15,-0.11,-0.19,0.07,-0.45,0.95,2.08,0.01,0.04,8.76,-0.01,3.18,3.094,-0.02,0.9842,1
24.650000000000002,5114.4,2104.7,72.8,86.63,89.16,85.74,88.37,780.62,783.33,783.41,786.16,4.81,74.11,12.37,3.0,46.71,3.832,14.12,4.06,LANE_A,18930.0,-22.9,90.4,CRUISE_LOITER,0.5,5,100.0,0.2,0.23,-0.19,-0.06,0.6,-1.69,1.39,1.14,0.01,8.74,-0.07,3.56,3.109,0.02,0.9845,1
24.700000000000003,5124.9,2109.0,72.9,86.46,88.92,85.87,88.73,781.51,785.21,783.42,785.55,4.82,73.92,12.24,3.01,46.66,3.798,14.09,4.09,LANE_A,18931.0,-22.9,90.4,CRUISE_LOITER,0.5,5,100.0,0.03,-0.01,-0.06,0.3,1.49,0.19,1.4,0.53,0.02,8.55,-0.2,3.51,3.075,-0.01,0.9838,1
24.75,5077.3,2089.4,73.3,86.16,89.39,85.97,88.46,780.98,785.57,784.26,784.02,4.79,73.75,12.4,3.0,46.62,3.849,14.07,4.18,LANE_A,18932.0,-22.9,90.4,CRUISE_LOITER,0.5,5,100.0,-0.27,0.46,0.04,0.03,0.96,0.55,2.24,-1.0,-0.01,8.38,-0.04,3.47,3.126,-0.03,0.9849,1
24.8,5087.8,2093.7,72.5,86.26,88.69,85.72,88.18,781.79,783.76,780.14,784.21,4.81,73.72,12.4,3.01,46.7,3.835,14.13,4.32,LANE_A,18933.0,-22.9,90.4,CRUISE_LOITER,0.5,5,100.0,-0.16,-0.23,-0.2,-0.24,1.78,-1.25,-1.87,-0.8,0.01,8.35,-0.04,3.55,3.112,0.03,0.9846,1
24.85,5110.6,2103.1,72.9,86.49,89.15,85.6,88.36,779.88,785.53,782.95,784.61,4.85,73.99,12.43,3.02,46.53,3.829,14.12,4.1,LANE_A,18934.0,-22.9,90.4,CRUISE_LOITER,0.5,5,100.0,0.07,0.23,-0.32,-0.06,-0.13,0.52,0.94,-0.4,0.05,8.63,-0.01,3.38,3.106,0.02,0.9845,1
24.900000000000002,5097.5,2097.7,72.5,86.41,89.13,86.13,87.99,779.86,783.52,782.57,786.64,4.84,73.94,12.5,2.97,46.48,3.828,14.06,3.94,LANE_A,18935.0,-22.9,90.4,CRUISE_LOITER,0.5,5,100.0,-0.01,0.21,0.21,-0.43,-0.15,-1.49,0.56,1.63,0.04,8.58,0.06,3.33,3.105,-0.04,0.9844,1
24.950000000000003,5089.6,2094.5,72.8,86.48,88.9,85.98,88.28,780.43,784.7,780.8,786.55,4.78,73.89,12.5,2.99,46.55,3.819,14.12,3.83,LANE_A,18935.0,-22.9,90.4,CRUISE_LOITER,0.5,5,100.0,0.06,-0.02,0.06,-0.14,0.42,-0.31,-1.21,1.54,-0.02,8.53,0.06,3.4,3.096,0.02,0.9842,1
25.0,5095.3,2096.8,73.0,86.39,89.08,85.97,88.55,780.79,786.65,781.98,784.11,4.81,73.84,12.44,3.03,46.54,3.829,14.1,4.01,LANE_A,18936.0,-22.9,90.4,CRUISE_LOITER,0.5,5,100.0,-0.02,0.17,0.06,0.14,0.78,1.64,-0.03,-0.9,0.01,8.48,0.0,3.39,3.106,0.0,0.9845,1
25.05,5086.5,2093.2,72.6,86.38,88.81,86.11,88.23,779.68,787.88,781.89,783.14,4.79,73.55,12.53,3.0,46.65,3.815,14.11,4.07,LANE_A,18937.0,-22.9,90.4,CRUISE_LOITER,0.5,5,100.0,-0.03,-0.1,0.2,-0.18,-0.33,2.87,-0.12,-1.87,-0.01,8.2,0.09,3.51,3.092,0.01,0.9842,1
25.1,5084.2,2092.3,73.1,86.81,89.11,85.88,88.58,778.88,787.44,783.37,784.14,4.78,74.1,12.42,2.97,46.28,3.818,14.13,3.92,LANE_A,18938.0,-22.9,90.4,CRUISE_LOITER,0.5,5,100.0,0.4,0.2,-0.03,0.17,-1.13,2.43,1.36,-0.87,-0.02,8.75,-0.02,3.14,3.095,0.03,0.9842,1
25.150000000000002,5082.7,2091.6,72.5,86.69,89.16,86.04,88.33,779.94,783.04,782.83,788.1,4.8,73.85,12.53,3.0,46.64,3.807,14.11,3.91,LANE_A,18939.0,-22.9,90.4,CRUISE_LOITER,0.5,5,100.0,0.28,0.25,0.13,-0.08,-0.07,-1.97,0.82,3.09,0.0,8.5,0.09,3.5,3.084,0.01,0.984,1
25.200000000000003,5099.1,2098.4,72.6,86.38,89.29,86.07,88.47,777.85,785.0,780.52,785.21,4.88,73.65,12.41,3.01,46.34,3.83,14.1,3.99,LANE_A,18940.0,-22.9,90.4,CRUISE_LOITER,0.5,5,100.0,-0.02,0.39,0.17,0.07,-2.15,0.0,-1.48,0.21,0.08,8.3,-0.03,3.2,3.107,0.0,0.9845,1
25.25,5092.5,2095.7,73.1,86.24,89.06,85.83,88.38,781.25,785.87,782.77,785.28,4.86,74.1,12.37,2.97,46.37,3.837,14.1,4.19,LANE_A,18941.0,-22.9,90.4,CRUISE_LOITER,0.5,5,100.0,-0.16,0.16,-0.07,-0.02,1.25,0.87,0.77,0.28,0.06,8.76,-0.07,3.23,3.114,0.0,0.9846,1
25.3,5101.7,2099.5,73.0,86.29,88.87,86.05,88.47,777.9,783.44,782.1,785.63,4.8,73.9,12.53,3.02,46.56,3.823,14.12,4.11,LANE_A,18942.0,-22.9,90.4,CRUISE_LOITER,0.5,5,100.0,-0.11,-0.03,0.15,0.07,-2.1,-1.56,0.1,0.63,0.0,8.56,0.09,3.42,3.1,0.02,0.9843,1
25.35,5096.3,2097.2,72.7,86.47,88.87,85.72,88.17,779.64,786.35,781.97,785.19,4.82,73.96,12.52,3.02,46.54,3.84,14.11,4.01,LANE_A,18942.0,-22.9,90.4,CRUISE_LOITER,0.5,5,100.0,0.07,-0.03,-0.18,-0.23,-0.36,1.35,-0.03,0.19,0.02,8.62,0.08,3.4,3.117,0.01,0.9847,1
25.400000000000002,5074.2,2088.1,72.7,86.16,88.87,85.64,88.43,779.54,784.44,782.23,784.81,4.84,73.69,12.43,2.98,46.44,3.831,14.07,4.03,LANE_A,18943.0,-22.9,90.4,CRUISE_LOITER,0.5,5,100.0,-0.23,-0.02,-0.25,0.04,-0.46,-0.56,0.23,-0.19,0.04,8.35,-0.01,3.3,3.108,-0.03,0.9845,1
25.450000000000003,5066.4,2084.9,72.8,86.33,89.05,85.86,88.49,779.95,784.68,781.25,784.94,4.82,73.89,12.49,2.99,46.47,3.833,14.1,4.07,LANE_A,18944.0,-22.9,90.4,CRUISE_LOITER,0.5,5,100.0,-0.06,0.16,-0.03,0.1,-0.05,-0.32,-0.75,-0.06,0.02,8.56,0.05,3.34,3.11,0.0,0.9845,1
25.5,5056.7,2080.9,72.8,86.39,88.9,85.67,88.36,779.56,785.01,781.13,782.99,4.78,73.5,12.51,3.0,46.2,3.831,14.1,3.88,LANE_A,18945.0,-22.9,90.4,CRUISE_LOITER,0.5,5,100.0,0.0,0.01,-0.22,-0.03,-0.44,0.01,-0.87,-2.01,-0.02,8.17,0.07,3.07,3.108,0.0,0.9845,1
25.55,5096.0,2097.1,72.8,86.47,89.1,86.25,88.62,781.23,784.75,783.17,785.36,4.78,73.68,12.41,3.01,46.49,3.816,14.08,3.93,LANE_A,18946.0,-22.9,90.4,CRUISE_LOITER,0.5,5,100.0,0.09,0.22,0.37,0.24,1.23,-0.25,1.17,0.36,-0.02,8.35,-0.03,3.36,3.093,-0.02,0.9842,1
25.6,5084.1,2092.2,72.8,86.67,89.09,85.86,88.21,779.21,785.43,782.0,783.98,4.77,73.94,12.42,3.0,46.51,3.796,14.12,4.07,LANE_A,18947.0,-22.9,90.4,CRUISE_LOITER,0.5,5,100.0,0.29,0.21,-0.02,-0.17,-0.78,0.44,0.01,-1.01,-0.03,8.61,-0.02,3.38,3.073,0.02,0.9838,1
25.650000000000002,5097.2,2097.6,72.7,86.58,88.96,86.15,88.67,780.55,786.12,782.54,785.98,4.83,74.05,12.4,2.99,46.61,3.81,14.14,4.12,LANE_A,18948.0,-22.9,90.5,CRUISE_LOITER,0.5,5,100.0,0.2,0.08,0.27,0.29,0.56,1.13,0.55,0.99,0.03,8.73,-0.04,3.48,3.087,0.04,0.9841,1
25.700000000000003,5083.8,2092.1,72.7,86.33,88.86,86.12,88.66,782.02,785.77,782.46,785.16,4.8,73.59,12.47,3.0,46.55,3.837,14.1,4.17,LANE_A,18949.0,-22.9,90.5,CRUISE_LOITER,0.5,5,100.0,-0.05,-0.02,0.24,0.28,2.03,0.78,0.47,0.17,0.0,8.27,0.03,3.42,3.114,0.0,0.9846,1
25.75,5092.5,2095.7,72.2,86.39,88.93,85.79,88.39,777.72,785.39,780.28,785.34,4.79,73.74,12.5,2.97,46.62,3.804,14.05,4.04,LANE_A,18949.0,-22.9,90.5,CRUISE_LOITER,0.5,5,100.0,0.02,0.06,-0.08,0.02,-2.27,0.4,-1.71,0.35,-0.01,8.42,0.06,3.49,3.081,-0.05,0.9839,1
25.8,5087.3,2093.5,72.6,86.08,88.88,85.75,88.39,779.54,785.27,782.63,781.74,4.82,73.86,12.27,2.97,46.43,3.818,14.1,3.96,LANE_A,18950.0,-22.9,90.5,CRUISE_LOITER,0.5,5,100.0,-0.29,0.01,-0.12,0.02,-0.45,0.28,0.64,-3.25,0.02,8.54,-0.17,3.3,3.095,0.0,0.9842,1
25.85,5087.7,2093.7,72.8,86.54,88.57,85.73,88.39,781.81,786.3,783.11,786.72,4.84,73.85,12.51,3.01,46.55,3.811,14.1,4.1,LANE_A,18951.0,-22.9,90.5,CRUISE_LOITER,0.5,5,100.0,0.17,-0.3,-0.14,0.02,1.82,1.31,1.12,1.73,0.04,8.54,0.07,3.42,3.088,0.0,0.9841,1
25.900000000000002,5094.8,2096.6,73.2,86.3,89.03,86.01,88.63,780.44,784.12,781.74,786.67,4.76,74.13,12.46,2.98,46.54,3.802,14.1,4.13,LANE_A,18952.0,-22.9,90.5,CRUISE_LOITER,0.5,5,100.0,-0.07,0.16,0.14,0.26,0.45,-0.87,-0.25,1.68,-0.04,8.82,0.02,3.42,3.078,0.0,0.9839,1
25.950000000000003,5083.8,2092.1,72.5,86.65,88.84,86.04,88.36,779.44,785.25,783.1,784.83,4.8,73.75,12.61,3.0,46.68,3.835,14.12,4.04,LANE_A,18953.0,-22.9,90.5,CRUISE_LOITER,0.5,5,100.0,0.29,-0.02,0.18,0.0,-0.54,0.27,1.12,-0.15,0.0,8.44,0.17,3.56,3.111,0.02,0.9846,1
26.0,5079.9,2090.5,72.9,86.27,89.24,85.44,88.32,779.68,783.97,780.42,784.28,4.79,73.89,12.5,2.97,46.73,3.846,14.13,4.22,LANE_A,18954.0,-22.9,90.5,CRUISE_LOITER,0.5,5,100.0,-0.09,0.38,-0.42,-0.04,-0.3,-1.01,-1.56,-0.7,-0.01,8.58,0.06,3.61,3.122,0.03,0.9848,1
26.05,5076.8,2089.2,72.7,86.55,88.75,85.84,88.23,778.87,785.23,782.44,786.43,4.81,74.0,12.37,3.03,46.59,3.811,14.12,3.95,LANE_A,18955.0,-22.9,90.5,CRUISE_LOITER,0.5,5,100.0,0.19,-0.11,-0.02,-0.13,-1.11,0.25,0.46,1.45,0.01,8.7,-0.06,3.47,3.087,0.02,0.9841,1
26.1,5086.6,2093.3,72.8,86.58,88.59,85.72,88.37,779.46,785.43,781.29,786.99,4.85,73.88,12.41,2.99,46.25,3.804,14.1,4.02,LANE_A,18955.0,-22.9,90.5,CRUISE_LOITER,0.5,5,100.0,0.22,-0.27,-0.14,0.01,-0.52,0.45,-0.69,2.01,0.05,8.58,-0.02,3.13,3.08,0.0,0.9839,1
26.150000000000002,5087.6,2093.7,73.0,86.04,88.87,85.94,88.25,778.32,786.81,780.86,783.81,4.82,73.82,12.41,2.99,46.47,3.817,14.1,4.0,LANE_A,18956.0,-22.9,90.5,CRUISE_LOITER,0.5,5,100.0,-0.31,0.02,0.09,-0.1,-1.66,1.83,-1.12,-1.17,0.02,8.52,-0.02,3.35,3.093,0.0,0.9842,1
26.200000000000003,5054.6,2080.1,72.8,86.39,89.03,85.68,88.36,779.43,784.2,782.79,784.39,4.79,73.54,12.47,3.0,46.81,3.81,14.1,4.17,LANE_A,18957.0,-22.9,90.5,CRUISE_LOITER,0.5,5,100.0,0.04,0.18,-0.17,0.01,-0.55,-0.78,0.81,-0.59,-0.01,8.24,0.04,3.69,3.086,0.0,0.984,1
26.25,5112.8,2104.0,73.0,86.18,89.05,85.82,88.06,778.79,782.14,781.87,785.22,4.82,73.89,12.48,3.0,46.44,3.819,14.15,3.96,LANE_A,18958.0,-22.9,90.5,CRUISE_LOITER,0.5,5,100.0,-0.17,0.2,-0.03,-0.29,-1.19,-2.84,-0.11,0.24,0.02,8.6,0.05,3.32,3.095,0.05,0.9842,1
26.3,5078.5,2089.9,72.7,86.2,89.03,85.84,88.16,782.12,784.09,782.98,785.17,4.76,73.83,12.39,3.02,46.6,3.808,14.12,4.11,LANE_A,18959.0,-22.9,90.5,CRUISE_LOITER,0.5,5,100.0,-0.15,0.18,-0.01,-0.19,2.14,-0.89,1.0,0.19,-0.04,8.54,-0.04,3.49,3.084,0.02,0.984,1
26.35,5095.5,2096.9,73.0,86.49,88.95,85.56,87.9,778.12,786.27,782.47,783.96,4.8,73.94,12.49,2.98,46.6,3.823,14.1,4.06,LANE_A,18960.0,-22.9,90.5,CRUISE_LOITER,0.5,5,100.0,0.15,0.11,-0.28,-0.44,-1.85,1.3,0.5,-1.01,0.0,8.65,0.06,3.49,3.099,0.0,0.9843,1
26.400000000000002,5106.1,2101.3,72.6,86.33,88.98,85.81,88.27,779.96,785.18,781.47,785.16,4.75,73.79,12.33,2.98,46.66,3.851,14.09,3.99,LANE_A,18961.0,-22.9,90.5,CRUISE_LOITER,0.5,5,100.0,-0.01,0.14,-0.03,-0.07,-0.01,0.21,-0.5,0.19,-0.05,8.5,-0.1,3.55,3.127,-0.01,0.9849,1
26.450000000000003,5090.9,2095.0,72.7,86.17,89.01,85.71,88.31,780.56,786.56,783.8,786.54,4.8,73.91,12.44,3.01,46.55,3.824,14.05,4.07,LANE_A,18962.0,-22.9,90.5,CRUISE_LOITER,0.5,5,100.0,-0.17,0.17,-0.13,-0.03,0.59,1.59,1.83,1.57,0.0,8.62,0.01,3.44,3.1,-0.05,0.9843,1
26.5,5085.4,2092.8,73.2,86.12,88.79,85.94,88.36,782.13,786.57,781.51,784.59,4.78,73.75,12.55,2.98,46.29,3.838,14.11,4.06,LANE_A,18962.0,-22.9,90.5,CRUISE_LOITER,0.5,5,100.0,-0.21,-0.04,0.11,0.03,2.16,1.6,-0.46,-0.38,-0.02,8.47,0.12,3.18,3.114,0.01,0.9846,1
26.55,5087.0,2093.4,72.8,86.04,89.09,85.87,88.32,777.18,784.68,781.86,785.23,4.82,73.78,12.3,2.98,46.58,3.819,14.12,4.1,LANE_A,18963.0,-22.9,90.5,CRUISE_LOITER,0.5,5,100.0,-0.29,0.26,0.04,-0.01,-2.79,-0.29,-0.11,0.26,0.02,8.5,-0.13,3.47,3.095,0.02,0.9842,1
26.6,5102.0,2099.6,72.7,86.22,89.13,85.9,88.73,780.88,783.89,781.93,786.79,4.86,73.83,12.33,3.03,46.65,3.814,14.1,3.97,LANE_A,18964.0,-22.9,90.5,CRUISE_LOITER,0.5,5,100.0,-0.11,0.3,0.07,0.4,0.91,-1.08,-0.04,1.82,0.06,8.55,-0.1,3.54,3.09,0.0,0.9841,1
26.650000000000002,5086.3,2093.1,72.5,86.49,88.5,85.94,88.54,780.85,784.38,779.89,783.86,4.8,73.86,12.53,3.0,46.62,3.832,14.12,4.02,LANE_A,18965.0,-22.9,90.5,CRUISE_LOITER,0.5,5,100.0,0.16,-0.33,0.11,0.21,0.88,-0.59,-2.08,-1.11,0.0,8.58,0.1,3.51,3.108,0.02,0.9845,1
26.700000000000003,5101.3,2099.3,72.8,86.49,89.19,85.56,88.48,778.87,785.39,783.37,785.0,4.81,73.96,12.4,2.98,46.28,3.835,14.11,4.01,LANE_A,18966.0,-22.9,90.5,CRUISE_LOITER,0.5,5,100.0,0.17,0.37,-0.26,0.16,-1.1,0.42,1.4,0.03,0.01,8.69,-0.03,3.18,3.111,0.01,0.9846,1
26.75,5089.9,2094.6,72.7,86.5,88.64,85.48,88.52,778.14,784.89,782.05,786.48,4.78,73.93,12.47,3.01,46.61,3.842,14.11,4.06,LANE_A,18967.0,-22.9,90.5,CRUISE_LOITER,0.5,5,100.0,0.18,-0.18,-0.34,0.2,-1.82,-0.07,0.09,1.52,-0.02,8.66,0.04,3.51,3.118,0.01,0.9847,1
26.8,5070.6,2086.7,72.9,86.25,89.02,85.69,88.3,780.29,785.32,782.64,784.58,4.82,73.8,12.41,2.97,46.5,3.841,14.1,3.96,LANE_A,18968.0,-22.9,90.6,CRUISE_LOITER,0.5,5,100.0,-0.07,0.2,-0.13,-0.02,0.33,0.36,0.68,-0.38,0.02,8.53,-0.02,3.4,3.117,0.0,0.9847,1
26.85,5118.7,2106.5,73.0,86.47,88.77,85.95,88.21,780.55,785.55,783.5,786.53,4.81,73.59,12.27,3.02,46.39,3.829,14.06,4.05,LANE_A,18968.0,-22.9,90.6,CRUISE_LOITER,0.5,5,100.0,0.15,-0.05,0.13,-0.11,0.59,0.59,1.54,1.57,0.01,8.32,-0.16,3.29,3.105,-0.04,0.9844,1
26.900000000000002,5102.8,2099.9,73.1,85.94,88.93,85.68,88.46,781.6,786.17,783.06,782.65,4.84,73.65,12.43,2.98,46.43,3.828,14.09,4.19,LANE_A,18969.0,-22.9,90.6,CRUISE_LOITER,0.5,5,100.0,-0.37,0.12,-0.13,0.15,1.64,1.21,1.1,-2.31,0.04,8.39,0.0,3.33,3.104,-0.01,0.9844,1
26.950000000000003,5066.3,2084.9,72.8,86.57,89.15,85.63,88.24,778.96,787.69,780.71,785.82,4.82,73.82,12.49,3.01,46.69,3.846,14.09,4.0,LANE_A,18970.0,-22.9,90.6,CRUISE_LOITER,0.5,5,100.0,0.26,0.34,-0.18,-0.07,-1.0,2.73,-1.25,0.86,0.02,8.56,0.06,3.59,3.122,-0.01,0.9848,1
27.0,5102.9,2100.0,72.8,86.52,88.76,85.91,88.2,780.28,783.35,782.14,783.58,4.78,73.96,12.43,3.03,46.63,3.824,14.09,4.14,LANE_A,18971.0,-22.9,90.6,CRUISE_LOITER,0.5,5,100.0,0.21,-0.05,0.1,-0.11,0.32,-1.61,0.18,-1.38,-0.02,8.7,0.0,3.53,3.1,-0.01,0.9843,1
27.05,5107.6,2101.9,72.9,86.24,88.61,85.75,88.22,780.14,783.95,783.02,784.81,4.8,73.85,12.49,2.98,46.53,3.826,14.11,4.01,LANE_A,18972.0,-22.9,90.6,CRUISE_LOITER,0.5,5,100.0,-0.07,-0.2,-0.06,-0.09,0.18,-1.01,1.06,-0.15,0.0,8.59,0.06,3.43,3.102,0.01,0.9844,1
27.1,5089.2,2094.3,73.3,86.12,88.91,85.76,88.16,779.37,785.84,780.03,783.22,4.76,73.81,12.45,3.03,46.36,3.853,14.08,4.0,LANE_A,18973.0,-22.9,90.6,CRUISE_LOITER,0.5,5,100.0,-0.18,0.11,-0.04,-0.14,-0.58,0.89,-1.92,-1.73,-0.04,8.56,0.02,3.26,3.129,-0.02,0.9849,1
27.150000000000002,5086.5,2093.2,73.1,86.39,88.6,85.28,88.32,781.96,785.24,783.49,785.13,4.77,73.76,12.37,2.98,46.61,3.828,14.1,4.06,LANE_A,18974.0,-22.9,90.6,CRUISE_LOITER,0.5,5,100.0,0.09,-0.2,-0.52,0.02,2.01,0.29,1.54,0.18,-0.03,8.51,-0.06,3.52,3.104,0.0,0.9844,1
27.200000000000003,5100.6,2099.0,73.0,86.1,88.77,86.03,88.12,779.01,785.72,780.12,783.95,4.82,73.8,12.45,3.03,46.78,3.836,14.11,3.93,LANE_A,18975.0,-22.9,90.6,CRUISE_LOITER,0.5,5,100.0,-0.2,-0.03,0.23,-0.18,-0.94,0.77,-1.83,-1.0,0.02,8.55,0.02,3.69,3.112,0.01,0.9846,1
27.25,5105.1,2100.9,72.6,86.31,88.92,86.01,88.26,780.57,785.2,783.72,784.81,4.83,73.56,12.43,2.99,46.65,3.832,14.1,4.17,LANE_A,18975.0,-23.0,90.6,CRUISE_LOITER,0.5,5,100.0,0.02,0.13,0.22,-0.03,0.62,0.25,1.77,-0.14,0.03,8.31,0.0,3.56,3.108,0.0,0.9845,1
27.3,5097.7,2097.8,72.8,86.13,88.61,85.96,88.34,781.16,788.05,781.99,783.08,4.82,73.8,12.33,2.99,46.63,3.836,14.12,4.23,LANE_A,18976.0,-23.0,90.6,CRUISE_LOITER,0.5,5,100.0,-0.16,-0.18,0.17,0.05,1.21,3.1,0.04,-1.87,0.02,8.56,-0.1,3.54,3.112,0.02,0.9846,1
27.35,5107.1,2101.7,72.6,86.42,88.96,85.66,88.2,780.37,786.81,782.36,785.5,4.8,73.93,12.55,3.01,46.6,3.829,14.13,3.88,LANE_A,18977.0,-23.0,90.6,CRUISE_LOITER,0.5,5,100.0,0.13,0.17,-0.13,-0.09,0.42,1.86,0.41,0.55,0.0,8.69,0.12,3.51,3.105,0.03,0.9844,1
27.400000000000002,5075.2,2088.6,72.8,85.96,88.86,86.04,88.33,782.01,785.33,782.79,783.29,4.73,73.93,12.41,3.01,46.57,3.813,14.14,3.9,LANE_A,18978.0,-23.0,90.6,CRUISE_LOITER,0.5,5,100.0,-0.33,0.07,0.25,0.04,2.06,0.38,0.84,-1.66,-0.07,8.69,-0.02,3.48,3.089,0.04,0.9841,1
27.450000000000003,5062.8,2083.5,73.0,86.14,88.71,86.03,88.32,783.58,784.94,782.43,785.91,4.81,73.63,12.36,3.0,46.46,3.828,14.11,3.95,LANE_A,18979.0,-23.0,90.6,CRUISE_LOITER,0.5,5,100.0,-0.14,-0.07,0.25,0.04,3.63,-0.01,0.48,0.96,0.01,8.39,-0.07,3.37,3.104,0.01,0.9844,1
27.5,5096.0,2097.1,73.2,86.3,88.94,85.78,88.04,779.15,783.54,779.36,783.34,4.85,73.58,12.34,3.01,46.24,3.825,14.1,4.03,LANE_A,18980.0,-23.0,90.6,CRUISE_LOITER,0.5,5,100.0,0.02,0.16,0.0,-0.24,-0.79,-1.4,-2.58,-1.6,0.05,8.35,-0.09,3.15,3.101,0.0,0.9843,1
27.55,5083.3,2091.9,73.1,86.33,88.76,85.91,88.52,779.57,785.38,783.91,784.3,4.76,73.5,12.43,3.04,46.43,3.846,14.12,3.98,LANE_A,18981.0,-23.0,90.6,CRUISE_LOITER,0.5,5,100.0,0.05,-0.02,0.13,0.24,-0.37,0.44,1.97,-0.64,-0.04,8.27,0.0,3.35,3.122,0.02,0.9848,1
27.6,5120.8,2107.3,72.6,86.03,88.9,85.8,88.25,781.54,784.9,779.88,786.8,4.76,73.59,12.37,3.01,46.3,3.855,14.09,4.11,LANE_A,18981.0,-23.0,90.6,CRUISE_LOITER,0.5,5,100.0,-0.25,0.12,0.02,-0.03,1.6,-0.04,-2.06,1.86,-0.04,8.36,-0.06,3.22,3.131,-0.01,0.985,1
27.650000000000002,5100.3,2098.9,72.7,86.34,89.09,85.72,88.66,778.83,784.08,781.64,784.6,4.78,73.6,12.4,2.99,46.39,3.8,14.13,4.26,LANE_A,18982.0,-23.0,90.6,CRUISE_LOITER,0.5,5,100.0,0.07,0.32,-0.05,0.39,-1.11,-0.86,-0.3,-0.34,-0.02,8.37,-0.03,3.31,3.076,0.03,0.9838,1
27.700000000000003,5089.0,2094.2,72.7,86.26,88.76,85.77,88.09,781.41,785.25,781.11,786.4,4.78,73.74,12.48,3.03,46.46,3.803,14.06,3.92,LANE_A,18983.0,-23.0,90.6,CRUISE_LOITER,0.5,5,100.0,-0.01,-0.01,0.0,-0.18,1.47,0.31,-0.83,1.46,-0.02,8.52,0.05,3.38,3.079,-0.04,0.9839,1
27.75,5090.9,2095.0,72.8,86.39,88.86,85.87,88.58,777.84,786.62,780.71,785.05,4.78,74.04,12.33,2.98,46.4,3.825,14.09,4.1,LANE_A,18984.0,-23.0,90.6,CRUISE_LOITER,0.5,5,100.0,0.12,0.09,0.1,0.31,-2.1,1.68,-1.23,0.11,-0.02,8.82,-0.1,3.32,3.101,-0.01,0.9844,1
27.8,5096.3,2097.2,72.8,86.32,88.79,85.51,88.02,780.28,785.7,782.11,782.8,4.76,73.5,12.5,3.02,46.5,3.836,14.07,4.13,LANE_A,18985.0,-23.0,90.6,CRUISE_LOITER,0.5,5,100.0,0.05,0.02,-0.26,-0.25,0.34,0.76,0.17,-2.14,-0.04,8.28,0.07,3.42,3.112,-0.03,0.9846,1
27.85,5096.3,2097.2,72.6,86.31,88.76,85.69,88.24,778.34,785.7,782.45,786.11,4.78,73.73,12.41,3.01,46.64,3.841,14.07,4.07,LANE_A,18986.0,-23.0,90.6,CRUISE_LOITER,0.5,5,100.0,0.05,0.0,-0.07,-0.02,-1.6,0.76,0.51,1.17,-0.02,8.51,-0.02,3.56,3.117,-0.03,0.9847,1
27.900000000000002,5072.7,2087.5,72.5,86.39,88.46,86.04,88.25,779.29,785.07,781.25,785.5,4.78,73.77,12.53,3.0,46.62,3.799,14.11,4.01,LANE_A,18987.0,-23.0,90.6,CRUISE_LOITER,0.5,5,100.0,0.13,-0.3,0.28,-0.01,-0.64,0.14,-0.68,0.57,-0.02,8.56,0.1,3.54,3.075,0.01,0.9838,1
27.950000000000003,5095.8,2097.0,73.0,86.13,88.49,85.69,88.4,779.57,785.03,783.08,784.05,4.81,73.67,12.49,3.02,46.45,3.825,14.07,4.01,LANE_A,18988.0,-23.0,90.7,CRUISE_LOITER,0.5,5,100.0,-0.13,-0.27,-0.07,0.14,-0.36,0.1,1.15,-0.88,0.01,8.46,0.06,3.38,3.101,-0.03,0.9844,1
28.0,5090.0,2094.7,72.9,86.41,88.59,85.67,88.37,781.41,784.35,780.19,785.98,4.86,73.87,12.4,2.99,46.47,3.809,14.12,4.05,LANE_A,18988.0,-23.0,90.7,CRUISE_LOITER,0.5,5,100.0,0.15,-0.17,-0.09,0.11,1.48,-0.58,-1.74,1.05,0.06,8.66,-0.03,3.4,3.085,0.02,0.984,1
28.05,5089.4,2094.4,73.0,86.0,88.76,85.93,88.28,780.32,785.99,781.96,784.17,4.75,73.79,12.34,3.01,46.35,3.809,14.11,4.1,LANE_A,18989.0,-23.0,90.7,CRUISE_LOITER,0.5,5,100.0,-0.25,0.01,0.18,0.03,0.39,1.06,0.03,-0.76,-0.05,8.58,-0.08,3.28,3.085,0.01,0.984,1
28.1,5109.0,2102.5,72.8,86.4,88.78,85.69,88.07,782.14,785.31,781.67,786.08,4.86,73.64,12.4,3.0,46.5,3.8,14.13,4.02,LANE_A,18990.0,-23.0,90.7,CRUISE_LOITER,0.5,5,100.0,0.15,0.03,-0.06,-0.18,2.21,0.38,-0.26,1.15,0.06,8.44,-0.02,3.43,3.076,0.03,0.9838,1
28.150000000000002,5078.9,2090.1,72.8,86.35,88.83,85.79,88.56,777.78,785.47,782.66,784.08,4.82,73.73,12.47,3.01,46.48,3.806,14.07,4.09,LANE_A,18991.0,-23.0,90.7,CRUISE_LOITER,0.5,5,100.0,0.1,0.08,0.04,0.31,-2.15,0.54,0.73,-0.85,0.02,8.53,0.05,3.41,3.082,-0.03,0.984,1
28.200000000000003,5115.5,2105.1,72.5,86.46,88.89,85.52,88.67,779.87,782.75,781.72,786.76,4.76,73.91,12.45,2.96,46.42,3.797,14.09,4.03,LANE_A,18992.0,-23.0,90.7,CRUISE_LOITER,0.5,5,100.0,0.22,0.15,-0.22,0.43,-0.06,-2.18,-0.21,1.83,-0.04,8.71,0.03,3.35,3.073,-0.01,0.9838,1
28.25,5094.5,2096.5,72.6,86.11,88.61,85.68,88.24,779.94,784.55,783.11,783.56,4.82,73.9,12.53,3.01,46.59,3.859,14.07,3.98,LANE_A,18993.0,-23.0,90.7,CRUISE_LOITER,0.5,5,100.0,-0.13,-0.13,-0.06,0.0,0.02,-0.37,1.19,-1.36,0.02,8.7,0.11,3.52,3.135,-0.03,0.9851,1
28.3,5117.1,2105.8,72.7,86.09,88.55,85.51,88.22,780.87,784.97,780.24,783.7,4.77,73.73,12.42,2.99,46.35,3.816,14.07,4.16,LANE_A,18994.0,-23.0,90.7,CRUISE_LOITER,0.5,5,100.0,-0.15,-0.19,-0.23,-0.02,0.95,0.05,-1.68,-1.22,-0.03,8.54,0.0,3.28,3.092,-0.03,0.9842,1
28.35,5102.4,2099.8,72.7,86.51,88.5,85.64,88.39,780.29,786.48,781.99,786.3,4.79,73.78,12.36,2.96,46.58,3.822,14.1,3.9,LANE_A,18994.0,-23.0,90.7,CRUISE_LOITER,0.5,5,100.0,0.27,-0.24,-0.1,0.15,0.37,1.56,0.07,1.38,-0.01,8.59,-0.06,3.51,3.098,0.0,0.9843,1
28.400000000000002,5120.3,2107.1,72.9,86.24,88.59,85.7,88.39,780.1,787.5,782.7,784.34,4.83,73.52,12.46,2.96,46.53,3.803,14.1,3.8,LANE_A,18995.0,-23.0,90.7,CRUISE_LOITER,0.5,5,100.0,0.01,-0.14,-0.03,0.16,0.18,2.58,0.78,-0.58,0.03,8.33,0.04,3.47,3.079,0.0,0.9839,1
28.450000000000003,5087.8,2093.7,72.8,86.21,88.66,85.54,88.27,780.05,785.6,781.27,785.36,4.82,73.77,12.52,3.05,46.63,3.831,14.11,4.01,LANE_A,18996.0,-23.0,90.7,CRUISE_LOITER,0.5,5,100.0,-0.02,-0.07,-0.19,0.04,0.13,0.68,-0.65,0.44,0.02,8.58,0.1,3.57,3.107,0.01,0.9845,1
28.5,5082.5,2091.6,73.1,86.33,88.97,85.95,88.4,782.33,787.27,782.74,785.78,4.69,73.86,12.45,3.03,46.69,3.834,14.1,4.04,LANE_A,18997.0,-23.0,90.7,CRUISE_LOITER,0.5,5,100.0,0.1,0.24,0.22,0.17,2.41,2.35,0.82,0.86,-0.11,8.68,0.03,3.63,3.11,0.0,0.9846,1
28.55,5090.8,2095.0,72.8,86.2,88.76,85.92,88.28,780.94,787.62,784.63,786.57,4.76,73.5,12.36,2.97,46.57,3.821,14.11,4.02,LANE_A,18998.0,-23.0,90.7,CRUISE_LOITER,0.5,5,100.0,-0.03,0.03,0.19,0.05,1.02,2.7,2.71,1.65,-0.04,8.32,-0.06,3.51,3.097,0.01,0.9843,1
28.6,5098.7,2098.2,72.8,86.74,88.67,86.08,88.23,780.84,784.08,782.67,785.4,4.8,73.72,12.49,2.97,46.52,3.822,14.11,3.97,LANE_A,18999.0,-23.0,90.7,CRUISE_LOITER,0.5,5,100.0,0.52,-0.05,0.36,0.01,0.92,-0.84,0.75,0.48,0.0,8.54,0.07,3.46,3.098,0.01,0.9843,1
28.650000000000002,5094.6,2096.5,72.9,86.23,88.79,85.72,88.33,779.55,784.71,781.83,784.16,4.84,73.57,12.53,2.98,46.48,3.812,14.13,4.16,LANE_A,19000.0,-23.0,90.7,CRUISE_LOITER,0.5,5,100.0,0.01,0.07,0.0,0.11,-0.36,-0.2,-0.08,-0.75,0.04,8.39,0.11,3.42,3.088,0.03,0.9841,1
28.700000000000003,5109.9,2102.8,73.0,86.18,88.82,85.59,88.02,779.06,785.32,777.5,784.33,4.77,73.61,12.41,3.01,46.28,3.838,14.1,4.07,LANE_A,19001.0,-23.0,90.7,CRUISE_LOITER,0.5,5,100.0,-0.04,0.1,-0.13,-0.2,-0.85,0.41,-4.41,-0.58,-0.03,8.44,-0.01,3.22,3.114,0.0,0.9846,1
28.75,5096.1,2097.2,73.0,85.87,88.69,85.98,88.25,781.45,785.48,783.12,783.89,4.8,73.91,12.42,2.99,46.52,3.837,14.15,4.05,LANE_A,19001.0,-23.0,90.7,CRUISE_LOITER,0.5,5,100.0,-0.35,-0.03,0.26,0.03,1.54,0.57,1.21,-1.02,0.0,8.74,0.0,3.46,3.113,0.05,0.9846,1
28.8,5083.5,2092.0,72.9,86.31,88.46,85.69,88.25,778.78,784.16,782.38,784.72,4.78,73.68,12.47,3.01,46.3,3.85,14.1,3.92,LANE_A,19002.0,-23.0,90.7,CRUISE_LOITER,0.5,5,100.0,0.1,-0.25,-0.02,0.04,-1.13,-0.75,0.47,-0.19,-0.02,8.51,0.05,3.25,3.126,0.0,0.9849,1
28.85,5114.6,2104.8,72.9,86.33,89.02,85.62,88.56,781.42,784.41,780.06,783.91,4.77,73.5,12.38,3.03,46.35,3.808,14.09,4.02,LANE_A,19003.0,-23.0,90.7,CRUISE_LOITER,0.5,5,100.0,0.12,0.31,-0.09,0.35,1.51,-0.5,-1.85,-1.0,-0.03,8.33,-0.04,3.3,3.084,-0.01,0.984,1
28.900000000000002,5081.2,2091.0,72.8,86.27,88.53,85.48,87.93,780.65,786.43,783.5,783.31,4.75,73.58,12.39,2.95,46.51,3.851,14.11,3.96,LANE_A,19004.0,-23.0,90.7,CRUISE_LOITER,0.5,5,100.0,0.06,-0.18,-0.23,-0.28,0.74,1.52,1.59,-1.6,-0.05,8.42,-0.03,3.46,3.127,0.01,0.9849,1
28.950000000000003,5114.4,2104.7,72.4,86.52,88.74,85.79,88.18,777.33,785.89,780.97,783.26,4.84,73.79,12.42,3.03,46.6,3.838,14.08,3.86,LANE_A,19005.0,-23.0,90.7,CRUISE_LOITER,0.5,5,100.0,0.31,0.03,0.08,-0.03,-2.58,0.98,-0.94,-1.65,0.04,8.63,0.0,3.55,3.114,-0.02,0.9846,1
29.0,5070.0,2086.4,72.8,86.2,88.66,85.49,88.31,778.06,785.2,780.34,785.2,4.81,73.59,12.4,3.0,46.42,3.812,14.13,4.11,LANE_A,19006.0,-23.0,90.7,CRUISE_LOITER,0.5,5,100.0,0.0,-0.04,-0.21,0.11,-1.85,0.29,-1.57,0.29,0.01,8.43,-0.02,3.37,3.088,0.03,0.9841,1
29.05,5074.2,2088.1,72.9,86.19,88.57,85.45,88.37,779.03,785.54,778.48,784.74,4.84,73.66,12.42,3.0,46.31,3.827,14.09,4.09,LANE_A,19007.0,-23.0,90.7,CRUISE_LOITER,0.5,5,100.0,-0.01,-0.13,-0.25,0.17,-0.87,0.64,-3.42,-0.16,0.04,8.5,0.0,3.26,3.103,-0.01,0.9844,1
29.1,5084.5,2092.4,73.0,86.08,88.81,85.74,88.03,778.43,783.61,782.3,784.62,4.83,73.78,12.44,2.96,46.15,3.804,14.09,3.91,LANE_A,19007.0,-23.0,90.7,CRUISE_LOITER,0.5,5,100.0,-0.12,0.11,0.04,-0.17,-1.47,-1.29,0.4,-0.28,0.03,8.63,0.02,3.1,3.08,-0.01,0.9839,1
29.150000000000002,5081.1,2091.0,73.1,86.42,88.6,85.78,88.51,777.27,786.21,781.68,785.39,4.8,73.69,12.4,2.99,46.24,3.836,14.1,4.03,LANE_A,19008.0,-23.0,90.8,CRUISE_LOITER,0.5,5,100.0,0.23,-0.09,0.09,0.32,-2.63,1.31,-0.22,0.49,0.0,8.54,-0.02,3.19,3.112,0.0,0.9846,1
29.200000000000003,5090.1,2094.7,72.9,86.52,88.96,85.68,87.98,778.67,785.64,780.86,785.03,4.78,73.88,12.59,2.96,46.54,3.821,14.09,4.01,LANE_A,19009.0,-23.0,90.8,CRUISE_LOITER,0.5,5,100.0,0.33,0.27,-0.01,-0.21,-1.23,0.74,-1.04,0.13,-0.02,8.73,0.17,3.5,3.097,-0.01,0.9843,1
29.25,5138.4,2114.6,73.2,86.4,88.84,85.42,88.22,776.94,784.37,783.39,784.19,4.83,73.59,12.4,2.97,46.48,3.812,14.13,4.12,LANE_A,19010.0,-23.0,90.8,CRUISE_LOITER,0.5,5,100.0,0.21,0.15,-0.27,0.03,-2.96,-0.53,1.49,-0.71,0.03,8.44,-0.02,3.44,3.088,0.03,0.9841,1
29.3,5129.2,2110.8,73.1,85.78,88.9,85.9,88.23,780.85,784.79,781.69,787.17,4.76,73.77,12.52,2.99,46.59,3.802,14.1,3.96,LANE_A,19011.0,-23.0,90.8,CRUISE_LOITER,0.5,5,100.0,-0.41,0.21,0.21,0.04,0.95,-0.11,-0.21,2.27,-0.04,8.62,0.1,3.55,3.078,0.0,0.9839,1
29.35,5093.1,2095.9,73.2,86.08,88.63,85.17,87.94,781.08,782.96,782.94,783.86,4.84,73.79,12.43,3.01,46.46,3.827,14.08,4.16,LANE_A,19012.0,-23.0,90.8,CRUISE_LOITER,0.5,5,100.0,-0.1,-0.05,-0.51,-0.24,1.18,-1.94,1.04,-1.04,0.04,8.65,0.01,3.42,3.103,-0.02,0.9844,1
29.400000000000002,5086.6,2093.3,72.9,86.38,88.66,85.8,88.0,779.85,785.61,782.82,783.24,4.79,73.63,12.44,3.03,46.43,3.833,14.1,4.28,LANE_A,19013.0,-23.0,90.8,CRUISE_LOITER,0.5,5,100.0,0.2,-0.02,0.12,-0.18,-0.04,0.72,0.93,-1.65,-0.01,8.49,0.02,3.39,3.109,0.0,0.9845,1
29.450000000000003,5108.2,2102.1,72.7,86.06,88.92,85.72,87.94,781.21,785.54,781.44,787.59,4.79,73.44,12.26,2.98,46.63,3.836,14.11,3.84,LANE_A,19014.0,-23.0,90.8,CRUISE_LOITER,0.5,5,100.0,-0.12,0.24,0.04,-0.24,1.32,0.65,-0.45,2.7,-0.01,8.3,-0.16,3.59,3.112,0.01,0.9846,1
29.5,5118.3,2106.3,73.1,86.33,88.72,85.82,88.4,778.02,786.22,780.07,783.99,4.79,73.84,12.34,2.99,46.5,3.815,14.1,3.93,LANE_A,19014.0,-23.0,90.8,CRUISE_LOITER,0.5,5,100.0,0.15,0.04,0.14,0.22,-1.87,1.33,-1.82,-0.9,-0.01,8.7,-0.08,3.46,3.091,0.0,0.9841,1
29.55,5117.3,2105.9,72.7,85.88,88.66,85.47,88.21,779.67,784.35,781.43,785.5,4.82,73.54,12.42,2.99,46.46,3.827,14.13,3.93,LANE_A,19015.0,-23.0,90.8,CRUISE_LOITER,0.5,5,100.0,-0.29,-0.01,-0.2,0.04,-0.22,-0.54,-0.46,0.61,0.02,8.41,0.0,3.42,3.103,0.03,0.9844,1
29.6,5115.0,2104.9,72.6,85.98,88.82,85.39,88.14,782.72,784.97,781.95,787.51,4.75,73.59,12.49,2.98,46.47,3.81,14.08,3.94,LANE_A,19016.0,-23.0,90.8,CRUISE_LOITER,0.5,5,100.0,-0.19,0.15,-0.28,-0.03,2.83,0.08,0.06,2.62,-0.05,8.46,0.07,3.43,3.086,-0.02,0.984,1
29.650000000000002,5077.8,2089.6,73.1,86.27,88.73,85.86,87.92,780.74,784.11,780.35,786.18,4.81,73.74,12.28,2.99,46.6,3.824,14.09,4.11,LANE_A,19017.0,-23.0,90.8,CRUISE_LOITER,0.5,5,100.0,0.1,0.06,0.19,-0.25,0.85,-0.78,-1.54,1.29,0.01,8.61,-0.14,3.57,3.1,-0.01,0.9843,1
29.700000000000003,5096.9,2097.5,72.9,85.93,88.91,85.71,88.32,780.2,785.56,782.33,785.56,4.74,73.4,12.54,2.98,46.52,3.813,14.09,3.94,LANE_A,19018.0,-23.0,90.8,CRUISE_LOITER,0.5,5,100.0,-0.24,0.24,0.04,0.15,0.31,0.67,0.44,0.67,-0.06,8.27,0.12,3.49,3.089,-0.01,0.9841,1
29.75,5078.8,2090.0,72.6,86.29,88.64,85.92,88.13,781.15,782.92,781.7,782.16,4.79,73.47,12.33,2.98,46.3,3.838,14.09,4.0,LANE_A,19019.0,-23.0,90.8,CRUISE_LOITER,0.5,5,100.0,0.13,-0.02,0.26,-0.03,1.26,-1.97,-0.19,-2.73,-0.01,8.35,-0.09,3.27,3.114,-0.01,0.9846,1
29.8,5103.0,2100.0,72.8,86.18,88.83,85.75,88.48,779.82,786.69,782.68,786.26,4.73,73.37,12.48,2.99,46.38,3.835,14.09,4.06,LANE_A,19020.0,-23.0,90.8,CRUISE_LOITER,0.5,5,100.0,0.02,0.17,0.09,0.32,-0.06,1.81,0.8,1.38,-0.07,8.25,0.06,3.35,3.111,-0.01,0.9846,1
29.85,5106.7,2101.5,72.6,86.42,88.73,85.66,88.39,779.76,786.29,779.0,785.21,4.8,73.65,12.4,3.01,46.43,3.825,14.12,4.06,LANE_A,19020.0,-23.0,90.8,CRUISE_LOITER,0.5,5,100.0,0.26,0.07,0.0,0.23,-0.12,1.41,-2.88,0.33,0.0,8.53,-0.02,3.4,3.101,0.02,0.9844,1
29.900000000000002,5107.8,2102.0,72.6,86.24,88.56,85.65,88.02,779.74,786.02,781.52,784.79,4.76,73.75,12.48,3.01,46.22,3.815,14.11,4.11,LANE_A,19021.0,-23.0,90.8,CRUISE_LOITER,0.5,5,100.0,0.08,-0.1,-0.01,-0.14,-0.14,1.14,-0.36,-0.09,-0.04,8.63,0.06,3.19,3.091,0.01,0.9841,1
29.950000000000003,5104.7,2100.7,73.0,86.2,88.69,85.57,88.11,779.98,785.11,783.18,785.31,4.81,73.44,12.34,3.03,46.55,3.812,14.09,4.04,LANE_A,19022.0,-23.0,90.8,CRUISE_LOITER,0.5,5,100.0,0.05,0.04,-0.08,-0.04,0.1,0.23,1.3,0.43,0.01,8.33,-0.08,3.52,3.088,-0.01,0.9841,1
30.0,5140.1,2115.3,73.2,86.21,88.48,85.73,88.15,779.44,785.91,782.82,782.38,4.77,73.32,12.28,3.0,46.45,3.817,14.11,3.91,LANE_A,19023.0,-23.0,90.8,CRUISE_LOITER,0.5,5,100.0,0.06,-0.17,0.08,0.0,-0.44,1.03,0.94,-2.5,-0.03,8.21,-0.14,3.42,3.093,0.01,0.9842,1
30.05,5078.5,2089.9,72.8,86.18,88.97,85.76,88.05,781.94,785.62,783.27,784.55,4.82,73.63,12.37,3.01,46.43,3.822,14.08,4.2,LANE_A,19024.0,-23.0,90.8,CRUISE_LOITER,0.5,5,100.0,0.03,0.32,0.11,-0.1,2.06,0.74,1.39,-0.33,0.02,8.52,-0.04,3.41,3.098,-0.02,0.9843,1
30.1,5092.4,2095.6,73.0,86.1,88.85,85.5,88.21,780.38,784.08,781.6,782.55,4.79,73.83,12.42,3.0,46.31,3.821,14.12,4.11,LANE_A,19025.0,-23.0,90.8,CRUISE_LOITER,0.5,5,100.0,-0.05,0.2,-0.15,0.06,0.5,-0.8,-0.28,-2.33,-0.01,8.72,0.01,3.29,3.097,0.02,0.9843,1
30.150000000000002,5100.2,2098.8,73.1,86.35,88.64,85.85,87.75,781.55,782.15,780.67,784.06,4.78,73.6,12.48,2.98,46.41,3.827,14.13,4.03,LANE_A,19026.0,-23.1,90.8,CRUISE_LOITER,0.5,5,100.0,0.21,0.0,0.21,-0.39,1.67,-2.73,-1.21,-0.82,-0.02,8.5,0.07,3.39,3.103,0.03,0.9844,1
30.200000000000003,5088.3,2094.0,72.9,86.07,88.61,85.79,88.14,782.03,785.42,778.85,786.17,4.73,73.64,12.5,3.02,46.38,3.827,14.05,4.01,LANE_A,19026.0,-23.1,90.8,CRUISE_LOITER,0.5,5,100.0,-0.07,-0.03,0.15,0.0,2.16,0.55,-3.02,1.3,-0.07,8.54,0.09,3.36,3.103,-0.05,0.9844,1
30.25,5084.2,2092.3,72.6,85.96,88.76,85.94,88.42,779.59,784.07,780.6,783.21,4.79,73.62,12.33,2.97,46.5,3.82,14.12,3.98,LANE_A,19027.0,-23.1,90.8,CRUISE_LOITER,0.5,5,100.0,-0.18,0.12,0.3,0.28,-0.28,-0.8,-1.27,-1.66,-0.01,8.52,-0.08,3.48,3.096,0.02,0.9842,1
30.3,5098.0,2097.9,72.6,86.47,88.62,85.91,88.1,780.94,785.05,781.19,785.07,4.8,73.77,12.46,3.01,46.35,3.814,14.05,4.11,LANE_A,19028.0,-23.1,90.8,CRUISE_LOITER,0.5,5,100.0,0.34,-0.01,0.28,-0.03,1.07,0.18,-0.68,0.2,0.0,8.67,0.05,3.33,3.09,-0.05,0.9841,1
30.35,5097.0,2097.5,73.0,85.78,88.78,85.26,88.52,780.42,784.6,782.11,787.41,4.74,73.68,12.41,3.01,46.37,3.827,14.1,4.1,LANE_A,19029.0,-23.1,90.9,CRUISE_LOITER,0.5,5,100.0,-0.35,0.15,-0.37,0.39,0.55,-0.27,0.24,2.54,-0.06,8.59,0.0,3.35,3.103,0.0,0.9844,1
30.400000000000002,5120.3,2107.1,73.1,85.96,88.57,85.77,88.34,780.77,785.59,779.65,783.55,4.79,73.66,12.49,3.0,46.54,3.842,14.09,3.99,LANE_A,19030.0,-23.1,90.9,CRUISE_LOITER,0.5,5,100.0,-0.17,-0.06,0.14,0.21,0.9,0.72,-2.22,-1.32,-0.01,8.57,0.08,3.52,3.118,-0.01,0.9847,1
30.450000000000003,5072.3,2087.4,72.8,85.8,88.73,85.96,88.05,778.71,784.75,781.44,786.35,4.86,73.5,12.4,3.01,46.5,3.852,14.07,4.07,LANE_A,19031.0,-23.1,90.9,CRUISE_LOITER,0.5,5,100.0,-0.33,0.1,0.33,-0.08,-1.16,-0.12,-0.43,1.48,0.06,8.41,-0.01,3.49,3.128,-0.03,0.9849,1
30.5,5115.0,2104.9,73.1,86.41,88.64,85.71,88.23,781.06,784.37,781.75,785.23,4.81,73.59,12.41,3.01,46.38,3.82,14.1,4.11,LANE_A,19032.0,-23.1,90.9,CRUISE_LOITER,0.5,5,100.0,0.29,0.02,0.09,0.11,1.19,-0.5,-0.12,0.36,0.01,8.5,0.0,3.37,3.096,0.0,0.9842,1
30.55,5106.1,2101.3,72.7,86.25,88.75,85.65,88.09,777.79,786.01,778.76,783.11,4.81,73.87,12.34,2.97,46.39,3.842,14.11,3.98,LANE_A,19033.0,-23.1,90.9,CRUISE_LOITER,0.5,5,100.0,0.13,0.13,0.03,-0.03,-2.08,1.14,-3.11,-1.76,0.01,8.79,-0.07,3.38,3.118,0.01,0.9847,1
30.6,5077.5,2089.5,72.9,86.31,88.44,85.31,88.23,778.7,783.81,780.27,785.11,4.82,73.86,12.25,2.99,46.51,3.856,14.09,4.05,LANE_A,19033.0,-23.1,90.9,CRUISE_LOITER,0.5,5,100.0,0.19,-0.18,-0.31,0.11,-1.16,-1.05,-1.59,0.25,0.02,8.78,-0.16,3.5,3.132,-0.01,0.985,1
30.650000000000002,5078.4,2089.9,73.1,86.43,88.91,85.53,88.1,783.5,785.1,783.4,784.87,4.8,73.76,12.46,3.01,46.31,3.839,14.13,4.06,LANE_A,19034.0,-23.1,90.9,CRUISE_LOITER,0.5,5,100.0,0.31,0.29,-0.09,-0.02,3.64,0.24,1.54,0.01,0.0,8.68,0.05,3.3,3.115,0.03,0.9846,1
30.700000000000003,5110.1,2102.9,72.8,85.92,88.62,85.46,87.93,779.99,785.76,782.29,782.64,4.8,73.56,12.25,3.0,46.47,3.831,14.07,4.01,LANE_A,19035.0,-23.1,90.9,CRUISE_LOITER,0.5,5,100.0,-0.19,0.01,-0.15,-0.18,0.13,0.9,0.43,-2.22,0.0,8.48,-0.16,3.46,3.107,-0.03,0.9845,1
30.75,5111.2,2103.4,72.8,86.08,88.66,85.88,87.91,782.4,785.58,783.04,784.48,4.83,73.75,12.34,3.03,46.51,3.809,14.13,3.96,LANE_A,19036.0,-23.1,90.9,CRUISE_LOITER,0.5,5,100.0,-0.03,0.05,0.27,-0.2,2.54,0.72,1.18,-0.38,0.03,8.68,-0.07,3.5,3.085,0.03,0.984,1
30.8,5085.7,2092.9,72.8,86.08,88.87,85.46,88.18,779.76,782.82,780.67,783.16,4.79,73.65,12.48,3.0,46.21,3.811,14.11,4.04,LANE_A,19037.0,-23.1,90.9,CRUISE_LOITER,0.5,5,100.0,-0.03,0.26,-0.15,0.07,-0.1,-2.04,-1.19,-1.7,-0.01,8.58,0.07,3.2,3.087,0.01,0.9841,1
30.85,5099.1,2098.4,72.9,86.16,88.92,85.74,87.96,778.61,786.22,781.48,786.56,4.86,73.46,12.37,3.0,46.3,3.857,14.11,4.04,LANE_A,19038.0,-23.1,90.9,CRUISE_LOITER,0.5,5,100.0,0.05,0.31,0.13,-0.15,-1.25,1.36,-0.38,1.7,0.06,8.39,-0.04,3.29,3.133,0.01,0.985,1
30.900000000000002,5103.0,2100.0,73.0,86.12,88.85,85.58,88.31,779.57,785.62,780.61,783.91,4.79,73.38,12.46,2.99,46.46,3.856,14.08,4.12,LANE_A,19039.0,-23.1,90.9,CRUISE_LOITER,0.5,5,100.0,0.02,0.25,-0.02,0.21,-0.29,0.76,-1.25,-0.95,-0.01,8.31,0.05,3.46,3.132,-0.02,0.985,1
30.950000000000003,5104.4,2100.6,72.7,85.89,88.83,85.73,88.09,778.33,786.02,781.59,781.96,4.75,73.57,12.4,2.99,46.31,3.828,14.12,4.14,LANE_A,19039.0,-23.1,90.9,CRUISE_LOITER,0.5,5,100.0,-0.21,0.23,0.13,-0.01,-1.52,1.17,-0.26,-2.89,-0.05,8.5,-0.01,3.31,3.104,0.02,0.9844,1
31.0,5096.1,2097.2,72.6,85.7,88.73,85.69,87.8,779.23,782.63,783.11,784.79,4.79,73.87,12.42,2.99,46.45,3.827,14.08,4.0,LANE_A,19040.0,-23.1,90.9,CRUISE_LOITER,0.5,5,100.0,-0.4,0.13,0.09,-0.3,-0.62,-2.22,1.26,-0.06,-0.01,8.81,0.01,3.45,3.103,-0.02,0.9844,1
31.05,5114.5,2104.7,73.1,86.22,88.5,85.42,87.97,779.14,784.44,782.32,784.44,4.84,73.72,12.39,2.99,46.32,3.829,14.12,3.95,LANE_A,19041.0,-23.1,90.9,CRUISE_LOITER,0.5,5,100.0,0.12,-0.1,-0.18,-0.13,-0.71,-0.41,0.47,-0.41,0.04,8.66,-0.02,3.32,3.105,0.02,0.9844,1
31.1,5124.4,2108.8,73.1,86.03,88.68,85.61,88.17,780.51,786.87,783.63,783.84,4.81,73.25,12.48,2.98,46.63,3.85,14.07,4.28,LANE_A,19042.0,-23.1,90.9,CRUISE_LOITER,0.5,5,100.0,-0.06,0.09,0.02,0.08,0.66,2.02,1.78,-1.01,0.01,8.19,0.07,3.63,3.126,-0.03,0.9849,1
31.150000000000002,5103.9,2100.4,72.9,86.18,88.47,85.44,87.95,779.58,785.23,781.76,783.89,4.79,73.71,12.56,3.01,46.59,3.834,14.07,4.03,LANE_A,19043.0,-23.1,90.9,CRUISE_LOITER,0.5,5,100.0,0.09,-0.12,-0.15,-0.14,-0.27,0.38,-0.09,-0.96,-0.01,8.65,0.15,3.59,3.11,-0.03,0.9845,1
31.200000000000003,5092.3,2095.6,72.7,86.26,88.49,85.72,88.01,780.35,784.65,781.38,784.65,4.78,73.57,12.38,3.05,46.52,3.836,14.14,4.14,LANE_A,19044.0,-23.1,90.9,CRUISE_LOITER,0.5,5,100.0,0.17,-0.1,0.13,-0.08,0.5,-0.2,-0.47,-0.2,-0.02,8.52,-0.03,3.52,3.112,0.04,0.9846,1
31.25,5093.4,2096.0,72.8,85.99,88.69,85.46,88.08,780.08,784.37,780.79,783.69,4.84,73.51,12.31,2.99,46.52,3.818,14.11,3.99,LANE_A,19045.0,-23.1,90.9,CRUISE_LOITER,0.5,5,100.0,-0.1,0.1,-0.13,-0.01,0.23,-0.48,-1.06,-1.16,0.04,8.46,-0.1,3.52,3.094,0.01,0.9842,1
31.3,5100.9,2099.1,73.3,85.95,88.58,85.63,88.09,780.79,783.88,782.07,784.77,4.77,73.87,12.38,3.03,46.56,3.843,14.07,4.12,LANE_A,19046.0,-23.1,90.9,CRUISE_LOITER,0.5,5,100.0,-0.13,0.0,0.05,0.01,0.94,-0.97,0.22,-0.08,-0.03,8.82,-0.03,3.57,3.119,-0.03,0.9847,1
31.35,5089.2,2094.3,72.9,85.67,88.34,85.69,88.08,780.04,783.14,780.49,784.22,4.79,73.51,12.38,2.96,46.51,3.825,14.12,3.99,LANE_A,19046.0,-23.1,90.9,CRUISE_LOITER,0.5,5,100.0,-0.41,-0.24,0.11,0.0,0.2,-1.7,-1.35,-0.62,-0.01,8.46,-0.03,3.52,3.101,0.02,0.9844,1
31.400000000000002,5096.7,2097.4,72.8,85.9,88.38,85.63,87.8,778.81,781.12,781.63,782.77,4.78,73.51,12.42,2.96,46.68,3.827,14.13,4.16,LANE_A,19047.0,-23.1,90.9,CRUISE_LOITER,0.5,5,100.0,-0.18,-0.2,0.05,-0.28,-1.03,-3.72,-0.21,-2.07,-0.02,8.47,0.01,3.69,3.103,0.03,0.9844,1
31.450000000000003,5082.3,2091.5,73.1,85.81,88.27,85.54,88.15,780.49,784.56,784.19,783.91,4.8,73.76,12.47,3.0,46.17,3.819,14.09,4.16,LANE_A,19048.0,-23.1,90.9,CRUISE_LOITER,0.5,5,100.0,-0.27,-0.31,-0.04,0.07,0.65,-0.28,2.35,-0.93,0.0,8.72,0.06,3.18,3.095,-0.01,0.9842,1
31.5,5108.3,2102.2,72.8,86.11,88.51,85.76,87.96,780.27,783.45,779.14,784.87,4.79,73.75,12.24,3.01,46.34,3.824,14.11,4.17,LANE_A,19049.0,-23.1,90.9,CRUISE_LOITER,0.5,5,100.0,0.04,-0.06,0.19,-0.11,0.43,-1.39,-2.7,0.03,-0.01,8.71,-0.17,3.35,3.1,0.01,0.9843,1
31.55,5081.2,2091.0,72.8,86.3,88.84,85.36,87.89,778.81,785.87,782.63,785.86,4.77,73.47,12.28,2.99,46.49,3.823,14.1,4.13,LANE_A,19050.0,-23.1,90.9,CRUISE_LOITER,0.5,5,100.0,0.23,0.27,-0.21,-0.18,-1.03,1.03,0.79,1.02,-0.03,8.43,-0.13,3.5,3.099,0.0,0.9843,1
31.6,5086.0,2093.0,72.6,86.15,88.45,85.45,88.17,780.32,783.67,780.44,783.93,4.8,73.89,12.34,3.02,46.37,3.815,14.09,3.98,LANE_A,19051.0,-23.1,91.0,CRUISE_LOITER,0.5,5,100.0,0.08,-0.12,-0.12,0.1,0.48,-1.17,-1.4,-0.91,0.0,8.86,-0.07,3.38,3.091,-0.01,0.9841,1
31.650000000000002,5105.5,2101.0,72.8,86.06,88.35,85.74,88.16,779.51,786.16,780.5,784.93,4.77,73.3,12.25,3.01,46.1,3.839,14.07,4.25,LANE_A,19052.0,-23.1,91.0,CRUISE_LOITER,0.5,5,100.0,0.0,-0.21,0.18,0.1,-0.33,1.32,-1.34,0.09,-0.03,8.27,-0.16,3.11,3.115,-0.03,0.9846,1
31.700000000000003,5123.6,2108.5,73.0,86.12,88.63,85.7,87.84,781.24,785.15,782.1,785.59,4.83,73.36,12.37,3.01,46.41,3.823,14.08,4.05,LANE_A,19052.0,-23.1,91.0,CRUISE_LOITER,0.5,5,100.0,0.06,0.07,0.14,-0.22,1.4,0.31,0.26,0.75,0.03,8.33,-0.04,3.43,3.099,-0.02,0.9843,1
31.75,5100.6,2099.0,72.9,85.88,88.52,85.54,87.76,779.37,784.9,784.08,785.02,4.78,73.34,12.39,3.02,46.53,3.851,14.09,3.86,LANE_A,19053.0,-23.1,91.0,CRUISE_LOITER,0.5,5,100.0,-0.18,-0.04,-0.02,-0.3,-0.46,0.07,2.25,0.19,-0.02,8.31,-0.02,3.55,3.127,-0.01,0.9849,1
31.8,5090.6,2094.9,73.1,86.27,88.92,85.61,88.01,779.63,786.5,782.02,785.32,4.78,73.48,12.51,2.99,46.35,3.837,14.1,4.14,LANE_A,19054.0,-23.1,91.0,CRUISE_LOITER,0.5,5,100.0,0.21,0.36,0.05,-0.05,-0.2,1.67,0.19,0.49,-0.02,8.46,0.1,3.37,3.113,0.0,0.9846,1
31.85,5083.7,2092.1,72.7,86.33,88.58,85.6,87.82,780.77,784.58,780.74,783.43,4.82,73.61,12.39,3.0,46.28,3.801,14.12,4.13,LANE_A,19055.0,-23.1,91.0,CRUISE_LOITER,0.5,5,100.0,0.28,0.03,0.05,-0.23,0.94,-0.25,-1.09,-1.4,0.02,8.59,-0.02,3.3,3.077,0.02,0.9838,1
31.900000000000002,5104.2,2100.5,72.7,86.23,88.64,85.41,88.13,780.46,785.55,783.61,784.62,4.85,73.49,12.38,3.03,46.53,3.811,14.13,4.09,LANE_A,19056.0,-23.1,91.0,CRUISE_LOITER,0.5,5,100.0,0.18,0.09,-0.14,0.08,0.63,0.72,1.78,-0.21,0.05,8.47,-0.03,3.55,3.087,0.03,0.9841,1
31.950000000000003,5109.6,2102.7,73.1,85.49,88.47,85.36,88.46,780.5,785.75,779.66,784.05,4.77,73.49,12.41,3.02,46.38,3.828,14.08,3.88,LANE_A,19057.0,-23.1,91.0,CRUISE_LOITER,0.5,5,100.0,-0.56,-0.08,-0.19,0.41,0.67,0.92,-2.17,-0.78,-0.03,8.47,0.0,3.4,3.104,-0.02,0.9844,1
32.0,5115.7,2105.2,73.3,85.94,88.55,85.6,88.18,779.97,785.55,779.45,785.65,4.79,73.53,12.58,2.98,46.21,3.812,14.09,3.97,LANE_A,19058.0,-23.1,91.0,CRUISE_LOITER,0.5,5,100.0,-0.11,0.0,0.05,0.13,0.14,0.72,-2.38,0.82,-0.01,8.52,0.18,3.23,3.088,-0.01,0.9841,1
32.050000000000004,5070.6,2086.7,72.7,85.87,88.63,85.68,88.04,780.11,786.62,780.54,783.24,4.77,73.34,12.58,3.01,46.34,3.838,14.12,4.16,LANE_A,19058.0,-23.1,91.0,CRUISE_LOITER,0.5,5,100.0,-0.17,0.09,0.14,0.0,0.28,1.79,-1.29,-1.59,-0.03,8.33,0.18,3.36,3.114,0.02,0.9846,1
32.1,5081.9,2091.3,72.9,86.08,88.64,85.59,88.03,779.52,783.71,782.91,783.62,4.78,73.69,12.36,3.01,46.36,3.798,14.09,4.12,LANE_A,19059.0,-23.1,91.0,CRUISE_LOITER,0.5,5,100.0,0.04,0.1,0.05,-0.01,-0.3,-1.11,1.09,-1.2,-0.02,8.68,-0.04,3.38,3.074,-0.01,0.9838,1
32.15,5099.1,2098.4,73.0,86.1,88.54,85.72,88.23,778.88,784.28,781.03,783.57,4.74,73.3,12.57,3.01,46.44,3.813,14.08,3.97,LANE_A,19060.0,-23.1,91.0,CRUISE_LOITER,0.5,5,100.0,0.06,0.0,0.18,0.19,-0.94,-0.54,-0.79,-1.25,-0.06,8.29,0.17,3.47,3.089,-0.02,0.9841,1
32.2,5091.6,2095.3,72.7,86.25,88.48,85.79,88.07,780.9,786.15,781.26,784.77,4.83,73.56,12.52,2.99,46.22,3.796,14.11,3.92,LANE_A,19061.0,-23.1,91.0,CRUISE_LOITER,0.5,5,100.0,0.21,-0.06,0.25,0.03,1.08,1.33,-0.56,-0.05,0.03,8.56,0.12,3.25,3.072,0.01,0.9837,1
32.25,5111.1,2103.3,72.9,86.11,88.47,85.44,87.98,780.68,785.63,781.28,785.12,4.8,73.52,12.3,2.99,46.52,3.832,14.09,4.02,LANE_A,19062.0,-23.1,91.0,CRUISE_LOITER,0.5,5,100.0,0.08,-0.06,-0.09,-0.05,0.86,0.81,-0.54,0.3,0.0,8.52,-0.1,3.55,3.108,-0.01,0.9845,1
32.300000000000004,5113.3,2104.2,72.8,86.0,88.43,85.7,88.08,783.94,786.52,782.82,785.2,4.81,73.31,12.44,3.04,46.41,3.822,14.11,3.94,LANE_A,19063.0,-23.1,91.0,CRUISE_LOITER,0.5,5,100.0,-0.03,-0.1,0.17,0.05,4.12,1.7,1.0,0.38,0.01,8.31,0.04,3.44,3.098,0.01,0.9843,1
32.35,5101.5,2099.4,72.9,86.02,88.38,85.62,87.92,780.37,787.7,781.08,781.66,4.84,73.34,12.42,3.02,46.29,3.847,14.15,4.0,LANE_A,19064.0,-23.1,91.0,CRUISE_LOITER,0.5,5,100.0,-0.01,-0.15,0.09,-0.11,0.55,2.88,-0.74,-3.16,0.04,8.34,0.02,3.32,3.123,0.05,0.9848,1
32.4,5087.9,2093.8,73.2,85.96,88.72,85.46,88.13,778.34,786.99,781.52,785.31,4.82,73.51,12.4,2.99,46.51,3.833,14.09,4.19,LANE_A,19065.0,-23.1,91.0,CRUISE_LOITER,0.5,5,100.0,-0.07,0.19,-0.07,0.1,-1.48,2.17,-0.3,0.49,0.02,8.51,0.0,3.54,3.109,-0.01,0.9845,1
32.45,5111.6,2103.5,72.8,86.06,88.55,85.62,87.8,780.45,783.73,783.14,785.22,4.81,73.62,12.37,2.98,46.36,3.839,14.11,4.02,LANE_A,19065.0,-23.1,91.0,CRUISE_LOITER,0.5,5,100.0,0.04,0.03,0.1,-0.22,0.63,-1.09,1.32,0.4,0.01,8.63,-0.03,3.39,3.115,0.01,0.9846,1
32.5,5093.0,2095.9,72.7,86.11,88.44,85.32,87.81,776.94,786.25,781.95,783.83,4.85,73.27,12.34,3.0,46.46,3.786,14.13,4.02,LANE_A,19066.0,-23.1,91.0,CRUISE_LOITER,0.5,5,100.0,0.09,-0.08,-0.2,-0.21,-2.87,1.44,0.14,-0.98,0.05,8.28,-0.06,3.49,3.062,0.03,0.9835,1
32.550000000000004,5095.5,2096.9,73.1,86.0,88.67,85.3,88.19,778.48,786.91,781.55,784.43,4.86,73.44,12.38,2.97,46.34,3.84,14.07,3.95,LANE_A,19067.0,-23.1,91.0,CRUISE_LOITER,0.5,5,100.0,-0.02,0.15,-0.22,0.17,-1.33,2.1,-0.26,-0.38,0.06,8.45,-0.02,3.38,3.116,-0.03,0.9847,1
32.6,5109.8,2102.8,72.8,86.22,88.84,85.39,88.07,780.45,784.67,780.87,783.41,4.8,73.45,12.39,2.98,46.24,3.838,14.07,3.95,LANE_A,19068.0,-23.1,91.0,CRUISE_LOITER,0.5,5,100.0,0.2,0.32,-0.13,0.05,0.64,-0.14,-0.94,-1.4,0.0,8.46,-0.01,3.28,3.114,-0.03,0.9846,1
32.65,5114.2,2104.6,73.0,86.11,88.43,85.54,88.13,780.32,785.61,780.75,785.7,4.78,73.56,12.42,2.99,46.52,3.833,14.1,4.1,LANE_A,19069.0,-23.1,91.0,CRUISE_LOITER,0.5,5,100.0,0.1,-0.08,0.03,0.12,0.51,0.8,-1.06,0.89,-0.02,8.58,0.02,3.56,3.109,0.0,0.9845,1
32.7,5106.8,2101.6,73.3,86.23,88.12,85.59,87.94,778.22,784.74,778.99,786.08,4.85,73.59,12.4,3.02,46.1,3.803,14.1,4.05,LANE_A,19070.0,-23.1,91.0,CRUISE_LOITER,0.5,5,100.0,0.22,-0.39,0.08,-0.07,-1.59,-0.07,-2.82,1.27,0.05,8.61,0.0,3.14,3.079,0.0,0.9839,1
32.75,5080.3,2090.7,73.1,86.05,88.5,85.23,88.31,779.02,786.04,783.12,784.91,4.8,73.59,12.36,2.99,46.29,3.837,14.11,3.99,LANE_A,19071.0,-23.1,91.0,CRUISE_LOITER,0.5,5,100.0,0.04,-0.01,-0.28,0.3,-0.79,1.23,1.31,0.1,0.0,8.61,-0.04,3.33,3.113,0.01,0.9846,1
32.800000000000004,5069.6,2086.3,72.8,86.09,88.4,85.59,88.14,780.22,786.07,780.23,783.12,4.79,73.35,12.27,2.98,46.27,3.83,14.09,3.9,LANE_A,19071.0,-23.1,91.0,CRUISE_LOITER,0.5,5,100.0,0.08,-0.11,0.08,0.13,0.41,1.26,-1.58,-1.69,-0.01,8.37,-0.13,3.31,3.106,-0.01,0.9845,1
32.85,5095.5,2096.9,72.9,86.08,88.83,85.45,87.9,779.16,786.25,780.44,783.95,4.82,73.73,12.63,2.97,46.15,3.811,14.11,4.05,LANE_A,19072.0,-23.1,91.1,CRUISE_LOITER,0.5,5,100.0,0.08,0.33,-0.05,-0.1,-0.65,1.44,-1.37,-0.86,0.02,8.76,0.23,3.19,3.087,0.01,0.9841,1
32.9,5085.9,2093.0,73.0,86.17,88.66,85.53,87.68,779.12,784.76,781.62,783.64,4.81,73.5,12.42,3.0,46.39,3.819,14.12,4.27,LANE_A,19073.0,-23.1,91.1,CRUISE_LOITER,0.5,5,100.0,0.17,0.16,0.03,-0.32,-0.68,-0.04,-0.18,-1.16,0.01,8.53,0.02,3.43,3.095,0.02,0.9842,1
32.95,5106.9,2101.6,73.0,85.86,88.59,85.61,87.87,780.01,786.65,782.72,787.28,4.79,73.52,12.31,2.96,46.4,3.82,14.12,4.03,LANE_A,19074.0,-23.1,91.1,CRUISE_LOITER,0.5,5,100.0,-0.14,0.09,0.11,-0.13,0.21,1.85,0.92,2.48,-0.01,8.55,-0.09,3.44,3.096,0.02,0.9842,1
33.0,5110.7,2103.2,72.8,85.99,88.79,85.42,88.02,781.1,785.92,782.31,782.54,4.83,73.59,12.45,3.02,46.47,3.815,14.07,4.04,LANE_A,19075.0,-23.1,91.1,CRUISE_LOITER,0.5,5,100.0,-0.01,0.29,-0.08,0.02,1.3,1.12,0.51,-2.26,0.03,8.62,0.05,3.52,3.091,-0.03,0.9841,1
33.050000000000004,5084.1,2092.2,72.8,85.86,88.4,85.6,87.98,780.85,786.8,779.9,785.27,4.76,73.49,12.63,3.0,46.43,3.812,14.05,4.0,LANE_A,19076.0,-23.2,91.1,CRUISE_LOITER,0.5,5,100.0,-0.13,-0.09,0.11,-0.01,1.05,2.0,-1.9,0.47,-0.04,8.53,0.23,3.48,3.088,-0.05,0.9841,1
33.1,5084.9,2092.6,72.9,85.63,88.51,85.48,88.12,780.51,785.7,781.66,784.37,4.8,73.4,12.47,3.01,46.39,3.818,14.09,4.0,LANE_A,19077.0,-23.2,91.1,CRUISE_LOITER,0.5,5,100.0,-0.36,0.02,-0.01,0.13,0.71,0.9,-0.14,-0.43,0.0,8.44,0.07,3.44,3.094,-0.01,0.9842,1
33.15,5119.5,2106.8,73.1,85.94,88.63,85.62,88.1,780.79,783.68,782.31,784.84,4.77,73.51,12.3,2.98,46.37,3.791,14.1,4.05,LANE_A,19077.0,-23.2,91.1,CRUISE_LOITER,0.5,5,100.0,-0.05,0.14,0.13,0.11,0.99,-1.12,0.51,0.04,-0.03,8.55,-0.1,3.42,3.067,0.0,0.9836,1
33.2,5113.7,2104.4,72.9,86.06,88.21,85.36,87.78,780.94,786.05,780.95,784.72,4.8,73.55,12.28,3.0,46.3,3.822,14.1,3.95,LANE_A,19078.0,-23.2,91.1,CRUISE_LOITER,0.5,5,100.0,0.07,-0.28,-0.13,-0.21,1.14,1.25,-0.85,-0.08,0.0,8.59,-0.12,3.35,3.098,0.0,0.9843,1
33.25,5073.8,2088.0,72.9,86.05,88.21,85.82,88.1,779.24,785.77,780.44,786.25,4.74,73.41,12.58,3.01,46.29,3.832,14.09,4.15,LANE_A,19079.0,-23.2,91.1,CRUISE_LOITER,0.5,5,100.0,0.07,-0.27,0.34,0.12,-0.56,0.97,-1.36,1.45,-0.06,8.46,0.18,3.34,3.108,-0.01,0.9845,1
33.300000000000004,5100.9,2099.1,72.9,86.16,88.5,85.63,87.79,780.22,782.49,779.65,785.05,4.76,73.38,12.32,3.0,46.37,3.843,14.1,4.24,LANE_A,19080.0,-23.2,91.1,CRUISE_LOITER,0.5,5,100.0,0.18,0.02,0.15,-0.19,0.43,-2.3,-2.14,0.26,-0.04,8.43,-0.08,3.42,3.119,0.0,0.9847,1
33.35,5100.3,2098.9,72.6,86.14,88.51,85.37,87.55,778.69,784.32,782.03,784.6,4.82,73.3,12.34,2.99,46.31,3.834,14.09,4.11,LANE_A,19081.0,-23.2,91.1,CRUISE_LOITER,0.5,5,100.0,0.16,0.03,-0.11,-0.43,-1.1,-0.47,0.24,-0.19,0.02,8.35,-0.06,3.36,3.11,-0.01,0.9845,1
33.4,5106.9,2101.6,73.2,85.85,88.61,85.31,87.9,779.51,784.21,780.96,784.32,4.78,73.49,12.43,3.06,46.4,3.84,14.12,4.06,LANE_A,19082.0,-23.2,91.1,CRUISE_LOITER,0.5,5,100.0,-0.12,0.14,-0.16,-0.07,-0.28,-0.58,-0.83,-0.47,-0.02,8.54,0.03,3.46,3.116,0.02,0.9847,1
33.45,5113.2,2104.2,73.0,86.13,88.81,85.56,87.98,779.33,786.42,782.17,786.73,4.8,73.5,12.44,2.99,46.43,3.837,14.12,4.25,LANE_A,19083.0,-23.2,91.1,CRUISE_LOITER,0.5,5,100.0,0.16,0.34,0.09,0.01,-0.46,1.63,0.38,1.94,0.0,8.56,0.04,3.49,3.113,0.02,0.9846,1
33.5,5110.3,2103.0,73.1,86.08,88.66,85.34,88.09,779.78,784.0,782.25,783.45,4.77,73.7,12.32,2.98,46.17,3.846,14.13,4.01,LANE_A,19084.0,-23.2,91.1,CRUISE_LOITER,0.5,5,100.0,0.11,0.19,-0.13,0.12,-0.01,-0.79,0.46,-1.34,-0.03,8.76,-0.08,3.23,3.122,0.03,0.9848,1
33.550000000000004,5098.0,2097.9,72.6,85.89,88.75,85.41,88.05,780.22,784.9,782.81,786.56,4.86,73.51,12.35,3.01,46.31,3.836,14.1,4.01,LANE_A,19084.0,-23.2,91.1,CRUISE_LOITER,0.5,5,100.0,-0.08,0.28,-0.06,0.08,0.43,0.11,1.02,1.77,0.06,8.57,-0.05,3.37,3.112,0.0,0.9846,1
33.6,5084.6,2092.4,73.2,85.59,88.45,85.36,87.72,778.98,784.86,782.39,786.29,4.84,73.32,12.48,3.03,46.41,3.822,14.06,4.27,LANE_A,19085.0,-23.2,91.1,CRUISE_LOITER,0.5,5,100.0,-0.37,-0.01,-0.1,-0.24,-0.81,0.07,0.6,1.5,0.04,8.38,0.08,3.47,3.098,-0.04,0.9843,1
33.65,5108.3,2102.2,72.7,85.76,88.27,85.79,87.75,779.15,784.59,779.48,782.9,4.81,73.52,12.3,3.04,46.26,3.821,14.1,3.98,LANE_A,19086.0,-23.2,91.1,CRUISE_LOITER,0.5,5,100.0,-0.2,-0.19,0.33,-0.21,-0.63,-0.19,-2.3,-1.88,0.01,8.58,-0.1,3.32,3.097,0.0,0.9843,1
33.7,5099.2,2098.4,72.9,85.89,88.25,85.47,87.99,779.23,784.4,780.78,784.73,4.81,73.5,12.33,2.99,46.26,3.843,14.09,4.0,LANE_A,19087.0,-23.2,91.1,CRUISE_LOITER,0.5,5,100.0,-0.07,-0.21,0.01,0.03,-0.55,-0.38,-1.0,-0.05,0.01,8.57,-0.07,3.32,3.119,-0.01,0.9847,1
33.75,5119.3,2106.7,73.4,85.82,88.4,85.66,88.16,778.56,784.54,784.48,784.72,4.8,73.66,12.33,3.04,46.58,3.814,14.14,4.33,LANE_A,19088.0,-23.2,91.1,CRUISE_LOITER,0.5,5,100.0,-0.14,-0.06,0.2,0.2,-1.22,-0.24,2.7,-0.06,0.0,8.73,-0.07,3.64,3.09,0.04,0.9841,1
33.800000000000004,5080.0,2090.5,72.9,85.9,88.36,85.5,88.08,780.13,785.11,782.86,787.93,4.82,73.6,12.47,2.97,46.31,3.804,14.1,4.0,LANE_A,19089.0,-23.2,91.1,CRUISE_LOITER,0.5,5,100.0,-0.05,-0.09,0.05,0.13,0.35,0.33,1.08,3.15,0.02,8.67,0.07,3.38,3.08,0.0,0.9839,1
33.85,5121.7,2107.7,72.9,86.08,88.34,85.57,88.06,782.17,786.17,782.48,785.93,4.82,73.45,12.42,3.02,46.13,3.816,14.1,3.97,LANE_A,19090.0,-23.2,91.1,CRUISE_LOITER,0.5,5,100.0,0.13,-0.11,0.12,0.11,2.39,1.39,0.7,1.15,0.02,8.52,0.02,3.2,3.092,0.0,0.9842,1
33.9,5079.2,2090.2,73.0,85.95,88.48,85.36,88.24,779.85,784.1,782.49,786.47,4.75,73.59,12.47,3.0,46.26,3.859,14.11,4.17,LANE_A,19090.0,-23.2,91.1,CRUISE_LOITER,0.5,5,100.0,0.0,0.03,-0.09,0.29,0.07,-0.68,0.71,1.69,-0.05,8.67,0.07,3.33,3.135,0.01,0.985,1
33.95,5102.1,2099.6,72.7,85.85,88.44,85.75,87.92,780.35,785.43,780.5,785.61,4.79,73.41,12.38,3.0,46.22,3.828,14.08,3.98,LANE_A,19091.0,-23.2,91.1,CRUISE_LOITER,0.5,5,100.0,-0.1,-0.01,0.3,-0.03,0.57,0.65,-1.28,0.83,-0.01,8.49,-0.02,3.29,3.104,-0.02,0.9844,1
34.0,5099.8,2098.7,73.1,85.75,88.33,85.65,87.93,777.56,784.66,781.67,786.61,4.79,73.51,12.35,2.99,46.26,3.84,14.1,3.9,LANE_A,19092.0,-23.2,91.1,CRUISE_LOITER,0.5,5,100.0,-0.19,-0.11,0.21,-0.01,-2.22,-0.12,-0.11,1.83,-0.01,8.59,-0.04,3.33,3.116,0.0,0.9847,1
34.050000000000004,5109.3,2102.6,72.8,85.64,88.38,85.44,87.78,779.57,785.09,781.2,784.58,4.81,73.63,12.46,3.01,46.34,3.826,14.1,4.02,LANE_A,19093.0,-23.2,91.1,CRUISE_LOITER,0.5,5,100.0,-0.3,-0.06,0.0,-0.16,-0.2,0.32,-0.57,-0.19,0.01,8.71,0.07,3.41,3.102,0.0,0.9844,1
34.1,5081.5,2091.2,73.0,85.95,88.46,85.33,87.76,780.39,783.53,782.79,784.44,4.83,73.35,12.46,2.99,46.23,3.83,14.08,3.98,LANE_A,19094.0,-23.2,91.2,CRUISE_LOITER,0.5,5,100.0,0.01,0.02,-0.11,-0.18,0.62,-1.24,1.02,-0.33,0.03,8.44,0.07,3.3,3.106,-0.02,0.9845,1
34.15,5132.9,2112.3,73.0,85.97,88.68,85.54,88.08,781.18,783.73,781.33,784.46,4.87,73.31,12.47,3.03,46.28,3.829,14.1,3.99,LANE_A,19095.0,-23.2,91.2,CRUISE_LOITER,0.5,5,100.0,0.03,0.24,0.1,0.14,1.41,-1.04,-0.44,-0.31,0.07,8.4,0.08,3.35,3.105,0.0,0.9844,1
34.2,5107.4,2101.8,73.1,85.91,88.26,85.18,88.04,779.05,783.53,781.79,785.76,4.85,73.41,12.39,2.98,46.23,3.839,14.11,4.2,LANE_A,19096.0,-23.2,91.2,CRUISE_LOITER,0.5,5,100.0,-0.02,-0.17,-0.25,0.11,-0.72,-1.24,0.02,0.99,0.05,8.5,0.0,3.3,3.115,0.01,0.9846,1
34.25,5110.1,2102.9,72.6,86.17,88.41,85.57,87.83,781.64,784.51,780.81,783.43,4.75,73.48,12.26,2.99,46.36,3.836,14.08,3.83,LANE_A,19096.0,-23.2,91.2,CRUISE_LOITER,0.5,5,100.0,0.24,-0.02,0.14,-0.1,1.87,-0.26,-0.96,-1.34,-0.05,8.57,-0.13,3.44,3.112,-0.02,0.9846,1
34.300000000000004,5121.9,2107.8,73.0,85.89,88.68,85.32,87.96,779.34,786.39,781.86,785.63,4.81,73.33,12.33,3.03,46.15,3.812,14.06,4.13,LANE_A,19097.0,-23.2,91.2,CRUISE_LOITER,0.5,5,100.0,-0.04,0.25,-0.11,0.03,-0.43,1.62,0.09,0.86,0.01,8.43,-0.06,3.23,3.088,-0.04,0.9841,1
34.35,5103.9,2100.4,72.9,85.62,88.3,85.41,88.03,780.09,782.51,780.77,784.38,4.78,73.3,12.26,3.02,46.23,3.82,14.1,4.1,LANE_A,19098.0,-23.2,91.2,CRUISE_LOITER,0.5,5,100.0,-0.31,-0.13,-0.02,0.1,0.32,-2.26,-1.0,-0.39,-0.02,8.4,-0.13,3.31,3.096,0.0,0.9842,1
34.4,5089.5,2094.4,72.9,86.06,88.35,85.43,88.26,780.88,786.12,781.95,783.81,4.77,73.21,12.36,3.01,46.11,3.825,14.09,4.06,LANE_A,19099.0,-23.2,91.2,CRUISE_LOITER,0.5,5,100.0,0.14,-0.07,0.01,0.34,1.11,1.35,0.18,-0.96,-0.03,8.31,-0.03,3.19,3.101,-0.01,0.9843,1
34.45,5087.3,2093.5,72.9,85.8,88.47,85.71,87.73,780.08,785.05,782.71,785.26,4.81,73.53,12.36,2.98,46.16,3.831,14.1,4.05,LANE_A,19100.0,-23.2,91.2,CRUISE_LOITER,0.5,5,100.0,-0.12,0.05,0.29,-0.19,0.32,0.29,0.95,0.5,0.01,8.63,-0.03,3.24,3.107,0.0,0.9845,1
34.5,5128.1,2110.3,72.9,86.11,88.28,85.37,88.02,780.89,785.14,783.17,784.15,4.82,73.53,12.3,3.01,46.31,3.831,14.12,3.98,LANE_A,19101.0,-23.2,91.2,CRUISE_LOITER,0.5,5,100.0,0.19,-0.14,-0.05,0.1,1.13,0.38,1.41,-0.61,0.02,8.64,-0.09,3.39,3.107,0.02,0.9845,1
34.550000000000004,5107.3,2101.8,73.0,86.36,88.17,85.51,87.67,781.04,784.52,782.36,784.87,4.78,73.59,12.55,3.02,46.16,3.825,14.06,4.02,LANE_A,19102.0,-23.2,91.2,CRUISE_LOITER,0.5,5,100.0,0.44,-0.25,0.09,-0.25,1.28,-0.24,0.6,0.11,-0.02,8.7,0.16,3.24,3.101,-0.04,0.9844,1
34.6,5093.0,2095.9,73.0,85.76,88.33,85.55,88.34,781.45,785.22,781.75,785.45,4.75,73.4,12.42,3.01,46.37,3.822,14.1,4.08,LANE_A,19102.0,-23.2,91.2,CRUISE_LOITER,0.5,5,100.0,-0.15,-0.08,0.14,0.43,1.69,0.46,-0.01,0.69,-0.05,8.51,0.03,3.45,3.098,0.0,0.9843,1
34.65,5097.0,2097.5,72.8,85.71,88.58,85.51,87.86,778.23,784.16,781.37,784.5,4.81,73.7,12.36,2.98,46.28,3.826,14.1,3.9,LANE_A,19103.0,-23.2,91.2,CRUISE_LOITER,0.5,5,100.0,-0.2,0.17,0.1,-0.05,-1.53,-0.6,-0.39,-0.26,0.01,8.81,-0.03,3.37,3.102,0.0,0.9844,1
34.7,5078.8,2090.0,73.0,86.3,88.34,85.22,88.01,779.33,783.04,781.79,783.72,4.8,73.08,12.38,3.0,46.21,3.847,14.09,4.17,LANE_A,19104.0,-23.2,91.2,CRUISE_LOITER,0.5,5,100.0,0.39,-0.07,-0.19,0.1,-0.43,-1.72,0.03,-1.04,0.0,8.19,-0.01,3.3,3.123,-0.01,0.9848,1
34.75,5109.7,2102.8,73.1,85.83,88.47,85.55,87.87,780.4,782.01,782.7,785.43,4.81,73.35,12.27,3.01,46.42,3.817,14.09,3.9,LANE_A,19105.0,-23.2,91.2,CRUISE_LOITER,0.5,5,100.0,-0.08,0.06,0.14,-0.04,0.64,-2.75,0.94,0.67,0.01,8.47,-0.12,3.51,3.093,-0.01,0.9842,1
34.800000000000004,5070.6,2086.7,72.7,85.84,88.43,85.46,87.94,779.4,784.04,781.0,782.95,4.84,73.49,12.49,2.99,46.16,3.829,14.14,4.03,LANE_A,19106.0,-23.2,91.2,CRUISE_LOITER,0.5,5,100.0,-0.06,0.03,0.06,0.04,-0.36,-0.72,-0.76,-1.81,0.04,8.61,0.1,3.25,3.105,0.04,0.9844,1
34.85,5108.5,2102.3,73.2,85.74,88.41,85.43,88.07,779.7,784.0,779.93,783.37,4.79,73.07,12.42,2.98,46.51,3.828,14.08,3.93,LANE_A,19107.0,-23.2,91.2,CRUISE_LOITER,0.5,5,100.0,-0.16,0.01,0.03,0.17,-0.05,-0.75,-1.82,-1.38,-0.02,8.19,0.03,3.6,3.104,-0.02,0.9844,1
34.9,5111.7,2103.6,73.0,86.0,88.47,85.4,87.75,778.46,784.25,781.31,784.04,4.83,73.16,12.37,3.0,46.57,3.813,14.09,4.09,LANE_A,19108.0,-23.2,91.2,CRUISE_LOITER,0.5,5,100.0,0.1,0.07,0.0,-0.15,-1.29,-0.5,-0.44,-0.71,0.02,8.28,-0.02,3.66,3.089,-0.01,0.9841,1
34.95,5086.3,2093.1,72.9,85.88,88.63,85.22,87.96,781.9,786.31,782.03,782.81,4.81,73.47,12.42,3.01,46.32,3.832,14.07,4.16,LANE_A,19109.0,-23.2,91.2,CRUISE_LOITER,0.5,5,100.0,-0.02,0.23,-0.18,0.06,2.15,1.56,0.28,-1.94,0.0,8.6,0.03,3.41,3.108,-0.03,0.9845,1
35.0,5116.3,2105.5,73.0,86.14,88.37,85.52,87.98,778.72,785.32,781.94,783.83,4.77,73.21,12.37,3.01,46.34,3.802,14.08,4.04,LANE_A,19109.0,-23.2,91.2,CRUISE_LOITER,0.5,5,100.0,0.25,-0.02,0.13,0.09,-1.03,0.57,0.19,-0.92,-0.04,8.34,-0.02,3.43,3.078,-0.02,0.9839,1
35.050000000000004,5110.5,2103.1,73.2,85.81,88.61,85.32,87.74,779.72,784.67,782.62,784.98,4.81,73.24,12.39,3.03,46.25,3.838,14.1,4.25,LANE_A,19110.0,-23.2,91.2,CRUISE_LOITER,0.5,5,100.0,-0.08,0.22,-0.07,-0.15,-0.03,-0.08,0.87,0.23,0.0,8.37,0.0,3.35,3.114,0.0,0.9846,1
35.1,5117.0,2105.8,73.3,85.85,88.18,85.45,87.89,777.8,784.46,782.23,784.22,4.82,73.1,12.32,2.98,46.42,3.811,14.09,4.05,LANE_A,19111.0,-23.2,91.2,CRUISE_LOITER,0.5,5,100.0,-0.04,-0.21,0.06,0.0,-1.95,-0.29,0.48,-0.53,0.01,8.23,-0.07,3.52,3.087,-0.01,0.9841,1
35.15,5114.6,2104.8,72.8,85.86,88.6,85.47,88.21,779.22,785.1,781.61,784.4,4.85,73.22,12.47,3.0,46.35,3.828,14.12,3.98,LANE_A,19112.0,-23.2,91.2,CRUISE_LOITER,0.5,5,100.0,-0.03,0.21,0.08,0.32,-0.53,0.35,-0.14,-0.35,0.04,8.36,0.08,3.45,3.104,0.02,0.9844,1
35.2,5106.1,2101.3,73.2,85.9,88.09,85.59,88.26,780.56,785.12,779.52,785.67,4.83,73.3,12.23,2.99,46.32,3.811,14.13,4.16,LANE_A,19113.0,-23.2,91.2,CRUISE_LOITER,0.5,5,100.0,0.02,-0.29,0.21,0.38,0.81,0.37,-2.23,0.92,0.02,8.44,-0.16,3.42,3.087,0.03,0.9841,1
35.25,5096.2,2097.2,73.3,85.85,88.5,85.36,87.9,780.01,784.92,781.08,783.95,4.8,73.3,12.48,2.99,46.29,3.819,14.11,3.82,LANE_A,19114.0,-23.2,91.2,CRUISE_LOITER,0.5,5,100.0,-0.03,0.12,-0.02,0.02,0.27,0.18,-0.66,-0.79,-0.01,8.44,0.09,3.39,3.095,0.01,0.9842,1
35.300000000000004,5114.3,2104.7,73.4,85.86,88.31,85.15,88.12,780.31,783.23,782.07,781.72,4.8,73.67,12.38,2.97,46.24,3.816,14.11,4.11,LANE_A,19115.0,-23.2,91.2,CRUISE_LOITER,0.5,5,100.0,-0.02,-0.07,-0.23,0.24,0.57,-1.51,0.33,-3.02,-0.01,8.81,-0.01,3.34,3.092,0.01,0.9842,1
35.35,5132.9,2112.3,72.9,85.67,88.18,85.41,87.69,779.99,785.12,781.7,784.24,4.81,73.57,12.29,3.03,46.48,3.805,14.12,4.06,LANE_A,19115.0,-23.2,91.2,CRUISE_LOITER,0.5,5,100.0,-0.21,-0.2,0.03,-0.19,0.25,0.38,-0.04,-0.5,0.0,8.72,-0.1,3.58,3.081,0.02,0.9839,1
35.4,5093.9,2096.3,73.0,85.75,88.35,85.49,87.81,778.14,785.76,782.33,785.16,4.83,73.25,12.41,3.0,46.34,3.852,14.09,3.95,LANE_A,19116.0,-23.2,91.3,CRUISE_LOITER,0.5,5,100.0,-0.12,-0.02,0.12,-0.06,-1.6,1.02,0.59,0.42,0.02,8.4,0.02,3.44,3.128,-0.01,0.9849,1
35.45,5103.6,2100.2,73.1,85.92,88.25,85.34,87.91,780.36,783.82,779.73,783.52,4.8,73.48,12.39,3.06,46.34,3.807,14.1,4.1,LANE_A,19117.0,-23.2,91.3,CRUISE_LOITER,0.5,5,100.0,0.05,-0.12,-0.03,0.04,0.62,-0.92,-2.01,-1.22,-0.01,8.63,0.0,3.44,3.083,0.0,0.984,1
35.5,5106.8,2101.6,73.2,85.61,88.21,85.4,88.08,778.53,784.62,782.29,785.78,4.79,73.5,12.41,2.98,46.41,3.835,14.12,4.0,LANE_A,19118.0,-23.2,91.3,CRUISE_LOITER,0.5,5,100.0,-0.26,-0.16,0.03,0.21,-1.21,-0.12,0.55,1.04,-0.02,8.65,0.02,3.52,3.111,0.02,0.9846,1
35.550000000000004,5106.2,2101.3,73.1,85.9,88.47,85.52,87.75,779.29,785.43,780.93,786.18,4.79,73.47,12.38,3.0,46.3,3.819,14.1,3.92,LANE_A,19119.0,-23.2,91.3,CRUISE_LOITER,0.5,5,100.0,0.03,0.1,0.15,-0.12,-0.45,0.69,-0.81,1.44,-0.02,8.63,-0.01,3.41,3.095,0.0,0.9842,1
35.6,5094.0,2096.3,73.0,85.9,88.73,85.45,87.62,780.58,784.69,781.15,785.02,4.78,73.67,12.36,2.99,46.18,3.831,14.09,4.16,LANE_A,19120.0,-23.2,91.3,CRUISE_LOITER,0.5,5,100.0,0.04,0.37,0.09,-0.24,0.85,-0.04,-0.58,0.29,-0.03,8.83,-0.03,3.29,3.107,-0.01,0.9845,1
35.65,5086.2,2093.1,72.8,85.87,88.39,85.35,88.17,780.02,784.13,780.94,785.93,4.84,73.35,12.2,3.02,46.14,3.833,14.07,4.07,LANE_A,19121.0,-23.2,91.3,CRUISE_LOITER,0.5,5,100.0,0.01,0.03,-0.01,0.31,0.29,-0.6,-0.79,1.2,0.03,8.51,-0.19,3.25,3.109,-0.03,0.9845,1
35.7,5116.9,2105.7,73.0,85.83,88.54,85.26,87.88,781.55,786.32,782.68,784.18,4.78,73.44,12.44,2.98,46.18,3.814,14.15,3.91,LANE_A,19121.0,-23.2,91.3,CRUISE_LOITER,0.5,5,100.0,-0.03,0.18,-0.1,0.02,1.82,1.59,0.95,-0.55,-0.03,8.6,0.05,3.29,3.09,0.05,0.9841,1
35.75,5119.5,2106.8,73.0,86.01,88.39,84.97,88.05,779.34,783.56,781.09,784.35,4.77,73.52,12.43,3.02,46.52,3.821,14.13,4.11,LANE_A,19122.0,-23.2,91.3,CRUISE_LOITER,0.5,5,100.0,0.15,0.03,-0.39,0.19,-0.39,-1.17,-0.64,-0.38,-0.04,8.68,0.04,3.63,3.097,0.03,0.9843,1
35.800000000000004,5120.3,2107.1,73.0,85.87,88.27,85.45,87.84,780.77,786.59,780.75,785.37,4.82,73.21,12.33,3.02,46.21,3.846,14.11,4.3,LANE_A,19123.0,-23.2,91.3,CRUISE_LOITER,0.5,5,100.0,0.02,-0.08,0.1,-0.01,1.04,1.86,-0.98,0.64,0.01,8.38,-0.06,3.32,3.122,0.01,0.9848,1
35.85,5113.3,2104.2,72.8,85.76,87.97,85.1,87.63,779.52,782.65,782.16,785.16,4.8,73.59,12.4,3.02,46.22,3.833,14.09,4.09,LANE_A,19124.0,-23.2,91.3,CRUISE_LOITER,0.5,5,100.0,-0.09,-0.38,-0.25,-0.22,-0.21,-2.08,0.43,0.43,-0.01,8.76,0.01,3.33,3.109,-0.01,0.9845,1
35.9,5096.8,2097.4,72.9,85.73,88.01,85.45,87.81,778.62,785.31,781.36,782.84,4.8,73.34,12.39,2.99,46.2,3.838,14.07,3.91,LANE_A,19125.0,-23.2,91.3,CRUISE_LOITER,0.5,5,100.0,-0.12,-0.34,0.1,-0.04,-1.11,0.58,-0.37,-1.89,-0.01,8.51,0.0,3.32,3.114,-0.03,0.9846,1
35.95,5073.1,2087.7,73.6,85.76,88.53,85.27,87.76,781.21,785.0,780.51,783.09,4.84,73.38,12.37,3.01,46.41,3.801,14.09,3.82,LANE_A,19126.0,-23.3,91.3,CRUISE_LOITER,0.5,5,100.0,-0.09,0.18,-0.08,-0.09,1.48,0.27,-1.22,-1.64,0.03,8.55,-0.02,3.53,3.077,-0.01,0.9838,1
36.0,5088.5,2094.0,73.4,85.74,88.38,85.03,87.83,778.46,784.82,783.23,784.14,4.74,73.31,12.41,3.01,46.32,3.844,14.11,3.98,LANE_A,19127.0,-23.3,91.3,CRUISE_LOITER,0.5,5,100.0,-0.1,0.04,-0.31,-0.01,-1.26,0.1,1.51,-0.58,-0.07,8.49,0.03,3.44,3.12,0.01,0.9847,1
36.050000000000004,5110.2,2103.0,73.2,85.84,88.45,85.26,87.76,777.97,785.78,782.25,785.08,4.77,73.52,12.2,2.99,46.17,3.818,14.1,3.92,LANE_A,19127.0,-23.3,91.3,CRUISE_LOITER,0.5,5,100.0,0.0,0.11,-0.08,-0.08,-1.75,1.06,0.53,0.36,-0.04,8.7,-0.18,3.29,3.094,0.0,0.9842,1
36.1,5088.4,2094.0,73.0,86.01,88.22,85.36,87.85,780.9,783.85,783.49,783.59,4.85,73.23,12.47,3.01,46.16,3.848,14.11,3.97,LANE_A,19128.0,-23.3,91.3,CRUISE_LOITER,0.5,5,100.0,0.17,-0.12,0.02,0.01,1.18,-0.87,1.77,-1.13,0.04,8.41,0.09,3.28,3.124,0.01,0.9848,1
36.15,5076.7,2089.2,72.9,85.85,88.44,85.49,87.91,779.7,785.07,780.85,784.34,4.79,73.42,12.37,3.01,46.44,3.821,14.13,4.16,LANE_A,19129.0,-23.3,91.3,CRUISE_LOITER,0.5,5,100.0,0.01,0.1,0.15,0.07,-0.02,0.35,-0.87,-0.38,-0.02,8.6,-0.01,3.56,3.097,0.03,0.9843,1
36.2,5068.0,2085.6,73.3,85.73,88.45,85.43,87.93,780.19,784.05,781.73,785.92,4.79,73.31,12.29,2.99,46.34,3.837,14.16,4.03,LANE_A,19130.0,-23.3,91.3,CRUISE_LOITER,0.5,5,100.0,-0.1,0.12,0.1,0.1,0.47,-0.67,0.01,1.2,-0.02,8.5,-0.09,3.46,3.113,0.06,0.9846,1
36.25,5085.4,2092.8,72.9,85.56,88.38,85.49,87.9,778.84,784.89,783.49,785.04,4.84,73.22,12.36,3.01,46.25,3.819,14.11,3.97,LANE_A,19131.0,-23.3,91.3,CRUISE_LOITER,0.5,5,100.0,-0.27,0.05,0.16,0.07,-0.88,0.17,1.77,0.32,0.03,8.41,-0.02,3.37,3.095,0.01,0.9842,1
36.300000000000004,5111.0,2103.3,72.9,85.96,87.97,85.37,87.75,779.57,784.48,782.83,782.19,4.81,73.28,12.26,2.97,46.33,3.834,14.11,4.04,LANE_A,19132.0,-23.3,91.3,CRUISE_LOITER,0.5,5,100.0,0.13,-0.36,0.04,-0.08,-0.15,-0.24,1.11,-2.53,0.0,8.47,-0.12,3.46,3.11,0.01,0.9845,1
36.35,5081.9,2091.3,72.8,86.0,88.83,85.33,88.0,778.25,782.61,781.83,784.6,4.79,73.24,12.44,3.01,46.32,3.837,14.09,4.14,LANE_A,19133.0,-23.3,91.3,CRUISE_LOITER,0.5,5,100.0,0.17,0.5,0.0,0.17,-1.47,-2.11,0.11,-0.12,-0.02,8.43,0.06,3.45,3.113,-0.01,0.9846,1
36.4,5087.3,2093.5,73.5,85.61,88.3,85.61,87.61,777.88,784.27,780.49,783.81,4.82,73.18,12.3,3.0,46.06,3.832,14.12,3.99,LANE_A,19133.0,-23.3,91.3,CRUISE_LOITER,0.5,5,100.0,-0.21,-0.02,0.29,-0.21,-1.83,-0.44,-1.22,-0.9,0.01,8.38,-0.08,3.19,3.108,0.02,0.9845,1
36.45,5085.5,2092.8,72.9,85.74,88.3,85.2,87.83,780.07,783.76,782.65,783.83,4.85,73.33,12.48,3.01,46.5,3.828,14.12,3.91,LANE_A,19134.0,-23.3,91.3,CRUISE_LOITER,0.5,5,100.0,-0.08,-0.02,-0.12,0.01,0.36,-0.95,0.94,-0.88,0.04,8.53,0.1,3.63,3.104,0.02,0.9844,1
36.5,5093.1,2095.9,73.2,85.71,88.42,85.19,87.7,779.79,783.13,780.97,784.38,4.79,73.06,12.49,3.0,46.29,3.808,14.09,4.08,LANE_A,19135.0,-23.3,91.3,CRUISE_LOITER,0.5,5,100.0,-0.11,0.1,-0.13,-0.12,0.08,-1.58,-0.74,-0.33,-0.02,8.26,0.11,3.42,3.084,-0.01,0.984,1
36.550000000000004,5090.8,2095.0,73.1,85.86,88.41,85.56,87.91,779.65,784.69,781.36,783.57,4.84,73.17,12.35,2.98,46.4,3.81,14.08,4.09,LANE_A,19136.0,-23.3,91.3,CRUISE_LOITER,0.5,5,100.0,0.04,0.09,0.24,0.09,-0.06,-0.02,-0.35,-1.14,0.03,8.37,-0.03,3.53,3.086,-0.02,0.984,1
36.6,5092.5,2095.7,72.8,85.87,88.18,85.47,87.83,779.58,785.27,782.43,785.05,4.83,73.42,12.37,3.0,46.06,3.826,14.07,4.01,LANE_A,19137.0,-23.3,91.3,CRUISE_LOITER,0.5,5,100.0,0.06,-0.13,0.16,0.02,-0.13,0.56,0.72,0.34,0.02,8.62,-0.01,3.19,3.102,-0.03,0.9844,1
36.65,5128.3,2110.4,72.8,85.63,88.26,85.23,87.87,780.38,785.19,784.1,784.78,4.77,73.28,12.49,2.98,46.4,3.831,14.09,3.9,LANE_A,19138.0,-23.3,91.3,CRUISE_LOITER,0.5,5,100.0,-0.18,-0.05,-0.08,0.06,0.67,0.48,2.39,0.07,-0.04,8.49,0.11,3.53,3.107,-0.01,0.9845,1
36.7,5093.5,2096.1,73.1,86.05,88.28,85.46,87.79,779.26,786.93,781.59,785.64,4.84,73.22,12.23,3.0,46.36,3.848,14.08,4.12,LANE_A,19139.0,-23.3,91.3,CRUISE_LOITER,0.5,5,100.0,0.24,-0.03,0.15,-0.02,-0.45,2.22,-0.12,0.93,0.03,8.43,-0.15,3.49,3.124,-0.02,0.9848,1
36.75,5106.9,2101.6,73.1,85.74,88.48,85.28,87.46,780.13,785.03,780.31,785.18,4.8,73.16,12.3,3.01,46.21,3.815,14.12,4.23,LANE_A,19140.0,-23.3,91.4,CRUISE_LOITER,0.5,5,100.0,-0.07,0.17,-0.03,-0.35,0.42,0.32,-1.4,0.47,-0.01,8.37,-0.08,3.35,3.091,0.02,0.9841,1
36.800000000000004,5087.5,2093.6,72.9,85.86,88.34,85.46,87.78,780.3,782.88,781.0,784.4,4.82,73.5,12.35,3.01,46.12,3.821,14.08,4.05,LANE_A,19140.0,-23.3,91.4,CRUISE_LOITER,0.5,5,100.0,0.06,0.04,0.16,-0.02,0.6,-1.82,-0.7,-0.3,0.01,8.71,-0.03,3.26,3.097,-0.02,0.9843,1
36.85,5105.4,2101.0,73.3,85.91,88.18,85.51,88.06,779.61,786.79,781.82,783.35,4.79,73.21,12.37,2.99,46.16,3.816,14.1,3.88,LANE_A,19141.0,-23.3,91.4,CRUISE_LOITER,0.5,5,100.0,0.11,-0.12,0.21,0.26,-0.09,2.09,0.12,-1.35,-0.02,8.43,-0.01,3.3,3.092,0.0,0.9842,1
36.9,5116.2,2105.4,73.2,85.83,88.0,85.32,87.48,781.56,783.63,781.39,787.54,4.74,73.45,12.49,2.99,46.16,3.788,14.13,4.16,LANE_A,19142.0,-23.3,91.4,CRUISE_LOITER,0.5,5,100.0,0.03,-0.3,0.02,-0.32,1.86,-1.07,-0.31,2.84,-0.07,8.67,0.11,3.3,3.064,0.03,0.9836,1
36.95,5117.6,2106.0,73.2,85.65,88.23,85.27,87.73,782.53,784.73,782.13,783.66,4.82,73.41,12.27,3.0,46.32,3.83,14.13,4.09,LANE_A,19143.0,-23.3,91.4,CRUISE_LOITER,0.5,5,100.0,-0.15,-0.07,-0.03,-0.07,2.83,0.03,0.43,-1.04,0.01,8.63,-0.11,3.46,3.106,0.03,0.9845,1
37.0,5084.8,2092.5,73.0,85.9,88.33,85.45,87.68,779.83,784.47,782.77,784.6,4.79,73.37,12.44,3.0,46.17,3.818,14.07,4.0,LANE_A,19144.0,-23.3,91.4,CRUISE_LOITER,0.5,5,100.0,0.11,0.04,0.16,-0.11,0.13,-0.23,1.07,-0.1,-0.02,8.59,0.06,3.31,3.094,-0.03,0.9842,1
37.050000000000004,5098.6,2098.2,73.2,85.79,87.84,85.73,87.82,779.01,786.53,781.46,785.09,4.8,73.11,12.41,2.99,46.13,3.831,14.08,4.11,LANE_A,19145.0,-23.3,91.4,CRUISE_LOITER,0.5,5,100.0,0.0,-0.45,0.44,0.03,-0.69,1.83,-0.24,0.39,-0.01,8.34,0.03,3.27,3.107,-0.02,0.9845,1
37.1,5116.4,2105.5,73.0,85.82,88.29,85.12,87.77,779.93,784.72,782.13,784.57,4.77,73.26,12.39,3.02,46.3,3.816,14.12,4.03,LANE_A,19146.0,-23.3,91.4,CRUISE_LOITER,0.5,5,100.0,0.03,0.0,-0.17,-0.02,0.23,0.02,0.43,-0.13,-0.04,8.49,0.01,3.44,3.092,0.02,0.9842,1
37.15,5101.9,2099.5,73.0,85.69,88.19,85.12,87.87,779.34,785.48,782.02,787.45,4.79,73.09,12.21,3.01,46.16,3.805,14.14,3.96,LANE_A,19146.0,-23.3,91.4,CRUISE_LOITER,0.5,5,100.0,-0.1,-0.1,-0.17,0.08,-0.36,0.78,0.32,2.75,-0.02,8.32,-0.17,3.31,3.081,0.04,0.9839,1
37.2,5092.4,2095.6,73.2,85.65,88.32,85.23,87.78,778.91,785.15,781.52,785.95,4.88,73.42,12.5,2.99,46.35,3.834,14.09,4.14,LANE_A,19147.0,-23.3,91.4,CRUISE_LOITER,0.5,5,100.0,-0.13,0.04,-0.05,0.0,-0.78,0.46,-0.17,1.26,0.07,8.65,0.12,3.5,3.11,-0.01,0.9845,1
37.25,5083.9,2092.1,73.2,86.3,88.21,85.33,87.78,778.42,783.78,780.7,783.72,4.8,73.37,12.42,3.02,46.3,3.806,14.13,4.03,LANE_A,19148.0,-23.3,91.4,CRUISE_LOITER,0.5,5,100.0,0.52,-0.07,0.05,0.0,-1.27,-0.91,-0.99,-0.97,-0.01,8.61,0.04,3.45,3.082,0.03,0.984,1
37.300000000000004,5086.7,2093.3,73.6,85.65,88.15,85.27,87.85,778.37,783.91,782.34,783.62,4.81,73.12,12.36,2.98,46.28,3.828,14.14,3.99,LANE_A,19149.0,-23.3,91.4,CRUISE_LOITER,0.5,5,100.0,-0.13,-0.13,-0.01,0.07,-1.32,-0.78,0.65,-1.07,0.0,8.36,-0.02,3.43,3.104,0.04,0.9844,1
37.35,5087.6,2093.7,73.1,85.92,88.31,85.24,87.55,779.33,785.18,782.26,786.64,4.88,73.23,12.37,3.01,46.15,3.821,14.11,4.03,LANE_A,19150.0,-23.3,91.4,CRUISE_LOITER,0.5,5,100.0,0.14,0.03,-0.04,-0.23,-0.36,0.49,0.57,1.95,0.07,8.47,-0.01,3.3,3.097,0.01,0.9843,1
37.4,5092.7,2095.8,73.3,85.77,88.14,85.76,87.69,780.41,783.39,780.16,783.14,4.84,73.32,12.22,2.98,46.23,3.831,14.11,3.87,LANE_A,19151.0,-23.3,91.4,CRUISE_LOITER,0.5,5,100.0,0.0,-0.13,0.49,-0.08,0.72,-1.3,-1.53,-1.55,0.03,8.56,-0.16,3.38,3.107,0.01,0.9845,1
37.45,5099.0,2098.4,72.9,86.07,88.37,85.12,88.0,777.52,782.8,781.35,783.82,4.83,72.99,12.31,2.98,46.28,3.806,14.09,4.17,LANE_A,19152.0,-23.3,91.4,CRUISE_LOITER,0.5,5,100.0,0.3,0.1,-0.15,0.23,-2.17,-1.89,-0.34,-0.87,0.02,8.23,-0.07,3.43,3.082,-0.01,0.9839,1
37.5,5109.5,2102.7,72.9,85.62,88.06,85.39,87.66,778.4,784.83,784.29,784.72,4.82,73.1,12.39,2.98,46.2,3.832,14.15,4.07,LANE_A,19152.0,-23.3,91.4,CRUISE_LOITER,0.5,5,100.0,-0.15,-0.21,0.12,-0.11,-1.29,0.14,2.6,0.03,0.01,8.35,0.01,3.35,3.108,0.05,0.9845,1
37.550000000000004,5122.7,2108.1,73.4,85.57,87.97,85.03,87.97,776.44,787.61,783.29,783.69,4.85,73.21,12.5,2.97,46.16,3.795,14.13,3.95,LANE_A,19153.0,-23.3,91.4,CRUISE_LOITER,0.5,5,100.0,-0.2,-0.3,-0.24,0.2,-3.24,2.93,1.61,-0.99,0.04,8.46,0.12,3.32,3.071,0.03,0.9837,1
37.6,5098.8,2098.3,72.7,86.0,88.35,85.47,87.95,781.49,784.97,782.37,783.6,4.82,73.11,12.3,2.99,46.25,3.842,14.07,4.2,LANE_A,19154.0,-23.3,91.4,CRUISE_LOITER,0.5,5,100.0,0.24,0.09,0.21,0.19,1.81,0.29,0.69,-1.08,0.01,8.36,-0.08,3.41,3.118,-0.03,0.9847,1
37.65,5095.7,2097.0,72.9,85.82,88.05,85.54,87.4,779.93,785.85,781.77,785.07,4.82,73.43,12.38,3.03,46.24,3.815,14.11,4.13,LANE_A,19155.0,-23.3,91.4,CRUISE_LOITER,0.5,5,100.0,0.06,-0.21,0.28,-0.36,0.25,1.17,0.09,0.39,0.01,8.68,0.0,3.4,3.091,0.01,0.9841,1
37.7,5102.5,2099.8,73.2,85.63,88.06,85.38,87.77,780.05,782.36,780.0,782.92,4.79,73.32,12.36,2.98,46.16,3.848,14.09,3.98,LANE_A,19156.0,-23.3,91.4,CRUISE_LOITER,0.5,5,100.0,-0.13,-0.2,0.12,0.01,0.37,-2.32,-1.68,-1.76,-0.02,8.58,-0.02,3.32,3.124,-0.01,0.9848,1
37.75,5117.5,2106.0,73.2,85.79,88.32,85.3,87.66,780.46,785.17,781.84,784.0,4.82,73.24,12.28,2.99,46.36,3.827,14.1,3.96,LANE_A,19157.0,-23.3,91.4,CRUISE_LOITER,0.5,5,100.0,0.03,0.06,0.04,-0.1,0.78,0.49,0.16,-0.68,0.01,8.5,-0.1,3.52,3.103,0.0,0.9844,1
37.800000000000004,5107.4,2101.8,73.1,85.57,87.83,85.22,87.58,778.69,784.84,781.29,783.51,4.82,73.2,12.31,2.97,46.12,3.82,14.14,4.13,LANE_A,19158.0,-23.3,91.4,CRUISE_LOITER,0.5,5,100.0,-0.18,-0.42,-0.03,-0.17,-0.99,0.16,-0.39,-1.17,0.01,8.46,-0.07,3.28,3.096,0.04,0.9842,1
37.85,5108.7,2102.3,73.0,85.51,88.06,85.39,87.74,778.26,784.77,782.85,783.14,4.77,73.02,12.45,2.99,46.23,3.834,14.08,3.92,LANE_A,19158.0,-23.3,91.4,CRUISE_LOITER,0.5,5,100.0,-0.24,-0.19,0.14,-0.01,-1.42,0.09,1.17,-1.54,-0.04,8.28,0.07,3.39,3.11,-0.02,0.9845,1
37.9,5080.7,2090.8,72.9,85.67,88.31,84.97,87.5,779.64,785.16,778.53,784.72,4.85,73.1,12.3,3.01,46.11,3.81,14.09,3.79,LANE_A,19159.0,-23.3,91.4,CRUISE_LOITER,0.5,5,100.0,-0.08,0.06,-0.28,-0.25,-0.04,0.48,-3.15,0.04,0.04,8.37,-0.08,3.27,3.086,-0.01,0.984,1
37.95,5069.9,2086.4,73.1,85.21,88.53,85.14,87.76,782.52,784.7,780.3,784.24,4.76,73.07,12.31,3.01,46.29,3.845,14.1,4.08,LANE_A,19160.0,-23.3,91.4,CRUISE_LOITER,0.5,5,100.0,-0.54,0.28,-0.11,0.01,2.85,0.03,-1.37,-0.43,-0.05,8.34,-0.07,3.45,3.121,0.0,0.9848,1
38.0,5099.0,2098.4,72.8,85.7,88.04,84.86,87.84,781.42,784.38,781.56,784.5,4.79,73.08,12.39,2.96,46.43,3.82,14.11,4.03,LANE_A,19161.0,-23.3,91.4,CRUISE_LOITER,0.5,5,100.0,-0.04,-0.2,-0.38,0.1,1.75,-0.29,-0.11,-0.17,-0.02,8.35,0.02,3.6,3.096,0.01,0.9842,1
38.050000000000004,5097.5,2097.7,73.3,85.76,88.2,85.5,87.54,780.1,784.35,781.87,783.35,4.81,73.08,12.34,3.04,46.16,3.84,14.11,4.05,LANE_A,19162.0,-23.3,91.4,CRUISE_LOITER,0.5,5,100.0,0.02,-0.04,0.26,-0.2,0.43,-0.32,0.2,-1.32,0.0,8.35,-0.03,3.33,3.116,0.01,0.9847,1
38.1,5122.5,2108.0,73.3,85.8,88.31,85.33,87.57,776.31,784.82,781.81,787.23,4.75,73.19,12.47,2.96,46.18,3.837,14.06,4.14,LANE_A,19163.0,-23.3,91.5,CRUISE_LOITER,0.5,5,100.0,0.06,0.07,0.09,-0.17,-3.36,0.15,0.14,2.56,-0.06,8.46,0.1,3.35,3.113,-0.04,0.9846,1
38.15,5124.4,2108.8,72.9,85.75,88.17,85.09,87.67,780.2,784.84,780.79,787.63,4.78,73.18,12.33,3.02,46.2,3.825,14.11,4.19,LANE_A,19164.0,-23.3,91.5,CRUISE_LOITER,0.5,5,100.0,0.01,-0.07,-0.15,-0.07,0.53,0.17,-0.88,2.96,-0.03,8.46,-0.04,3.37,3.101,0.01,0.9844,1
38.2,5096.3,2097.2,73.1,85.49,88.36,85.16,87.73,779.09,784.51,781.69,784.82,4.79,73.21,12.3,3.03,46.18,3.849,14.08,4.12,LANE_A,19164.0,-23.3,91.5,CRUISE_LOITER,0.5,5,100.0,-0.24,0.13,-0.07,0.0,-0.58,-0.16,0.02,0.15,-0.02,8.49,-0.07,3.35,3.125,-0.02,0.9848,1
38.25,5095.5,2096.9,73.1,85.72,87.89,85.47,87.67,780.84,782.06,782.03,784.92,4.82,73.1,12.4,3.01,46.15,3.806,14.12,4.14,LANE_A,19165.0,-23.3,91.5,CRUISE_LOITER,0.5,5,100.0,-0.01,-0.34,0.24,-0.06,1.17,-2.61,0.36,0.25,0.01,8.38,0.03,3.32,3.082,0.02,0.9839,1
38.300000000000004,5083.6,2092.0,73.3,85.78,88.26,85.17,87.98,779.77,785.44,784.08,785.8,4.75,73.34,12.44,2.97,46.39,3.805,14.11,4.14,LANE_A,19166.0,-23.3,91.5,CRUISE_LOITER,0.5,5,100.0,0.05,0.03,-0.06,0.25,0.1,0.77,2.41,1.13,-0.06,8.62,0.07,3.56,3.081,0.01,0.9839,1
38.35,5116.6,2105.6,73.0,85.85,88.4,85.1,87.59,780.47,785.11,781.32,784.42,4.8,73.06,12.31,2.99,46.17,3.84,14.08,3.92,LANE_A,19167.0,-23.3,91.5,CRUISE_LOITER,0.5,5,100.0,0.12,0.17,-0.13,-0.14,0.81,0.45,-0.34,-0.24,-0.01,8.35,-0.06,3.34,3.116,-0.02,0.9847,1
38.400000000000006,5069.3,2086.1,73.3,85.6,88.23,85.63,87.53,778.1,784.96,781.56,782.18,4.82,72.88,12.28,3.0,46.17,3.826,14.11,4.13,LANE_A,19168.0,-23.3,91.5,CRUISE_LOITER,0.5,5,100.0,-0.12,0.01,0.41,-0.19,-1.56,0.3,-0.1,-2.48,0.01,8.17,-0.09,3.35,3.102,0.01,0.9844,1
38.45,5120.3,2107.1,73.3,85.92,88.13,85.14,87.63,778.32,783.95,781.15,784.38,4.85,73.06,12.3,3.0,46.17,3.843,14.1,4.08,LANE_A,19169.0,-23.3,91.5,CRUISE_LOITER,0.5,5,100.0,0.2,-0.09,-0.08,-0.09,-1.34,-0.71,-0.51,-0.28,0.04,8.35,-0.07,3.35,3.119,0.0,0.9847,1
38.5,5088.1,2093.9,73.0,85.78,88.6,85.31,88.0,779.88,784.85,782.67,784.03,4.83,73.21,12.31,2.99,46.15,3.831,14.12,4.01,LANE_A,19170.0,-23.3,91.5,CRUISE_LOITER,0.5,5,100.0,0.06,0.38,0.09,0.28,0.22,0.19,1.01,-0.63,0.02,8.5,-0.06,3.33,3.107,0.02,0.9845,1
38.550000000000004,5102.0,2099.6,72.8,85.91,88.43,85.19,87.91,782.47,784.04,781.68,786.3,4.79,73.36,12.26,2.99,46.13,3.837,14.09,4.04,LANE_A,19170.0,-23.3,91.5,CRUISE_LOITER,0.5,5,100.0,0.19,0.21,-0.03,0.19,2.81,-0.62,0.02,1.64,-0.02,8.66,-0.11,3.31,3.113,-0.01,0.9846,1
38.6,5096.7,2097.4,72.8,86.12,88.23,84.92,87.68,779.39,785.05,780.23,785.15,4.82,73.22,12.38,3.01,46.17,3.847,14.09,4.26,LANE_A,19171.0,-23.3,91.5,CRUISE_LOITER,0.5,5,100.0,0.41,0.02,-0.29,-0.03,-0.27,0.39,-1.43,0.49,0.01,8.52,0.01,3.35,3.123,-0.01,0.9848,1
38.650000000000006,5120.7,2107.3,72.8,85.84,88.06,84.91,87.64,780.1,785.86,780.86,786.74,4.82,73.14,12.27,2.99,46.21,3.814,14.12,4.16,LANE_A,19172.0,-23.3,91.5,CRUISE_LOITER,0.5,5,100.0,0.13,-0.15,-0.3,-0.07,0.44,1.2,-0.8,2.08,0.01,8.44,-0.1,3.39,3.09,0.02,0.9841,1
38.7,5094.6,2096.5,73.3,85.56,88.23,85.44,87.74,780.66,784.68,782.88,785.55,4.82,72.79,12.36,2.99,46.19,3.825,14.07,3.98,LANE_A,19173.0,-23.3,91.5,CRUISE_LOITER,0.5,5,100.0,-0.15,0.02,0.23,0.03,1.0,0.02,1.22,0.89,0.01,8.09,-0.01,3.37,3.101,-0.03,0.9843,1
38.75,5097.3,2097.7,72.8,85.82,88.25,85.08,87.71,779.88,785.47,780.52,783.55,4.85,72.96,12.28,3.01,46.46,3.798,14.07,4.09,LANE_A,19174.0,-23.3,91.5,CRUISE_LOITER,0.5,5,100.0,0.11,0.04,-0.13,0.0,0.23,0.82,-1.13,-1.1,0.04,8.27,-0.09,3.64,3.074,-0.03,0.9838,1
38.800000000000004,5101.4,2099.3,73.2,85.38,88.14,85.09,87.63,780.63,785.57,780.81,783.16,4.81,73.38,12.44,2.98,46.4,3.804,14.11,3.77,LANE_A,19175.0,-23.3,91.5,CRUISE_LOITER,0.5,5,100.0,-0.32,-0.06,-0.11,-0.07,0.98,0.92,-0.84,-1.49,0.0,8.69,0.07,3.58,3.08,0.01,0.9839,1
38.85,5127.5,2110.1,73.4,85.43,88.07,85.36,87.76,779.29,785.51,781.79,783.21,4.78,72.86,12.34,3.0,46.23,3.82,14.11,4.01,LANE_A,19176.0,-23.4,91.5,CRUISE_LOITER,0.5,5,100.0,-0.27,-0.13,0.16,0.06,-0.36,0.86,0.14,-1.44,-0.03,8.17,-0.03,3.42,3.096,0.01,0.9842,1
38.900000000000006,5105.9,2101.2,73.0,85.5,88.09,85.33,87.33,778.88,783.39,778.96,785.92,4.79,73.15,12.55,3.01,46.28,3.823,14.08,3.98,LANE_A,19176.0,-23.4,91.5,CRUISE_LOITER,0.5,5,100.0,-0.2,-0.11,0.13,-0.37,-0.77,-1.26,-2.69,1.27,-0.02,8.46,0.18,3.47,3.099,-0.02,0.9843,1
38.95,5116.4,2105.5,73.0,85.91,88.27,84.9,87.8,778.84,783.55,781.75,785.68,4.82,73.21,12.35,2.96,46.04,3.823,14.09,4.08,LANE_A,19177.0,-23.4,91.5,CRUISE_LOITER,0.5,5,100.0,0.21,0.07,-0.3,0.1,-0.81,-1.1,0.1,1.03,0.01,8.52,-0.02,3.23,3.098,-0.01,0.9843,1
39.0,5109.2,2102.6,73.2,85.54,88.16,84.89,87.58,779.75,785.76,780.85,785.14,4.79,73.49,12.3,3.0,46.29,3.799,14.09,4.0,LANE_A,19178.0,-23.4,91.5,CRUISE_LOITER,0.5,5,100.0,-0.15,-0.03,-0.3,-0.11,0.1,1.11,-0.8,0.49,-0.02,8.81,-0.07,3.48,3.074,-0.01,0.9838,1
39.050000000000004,5107.2,2101.7,73.0,85.59,88.14,85.1,87.64,781.14,783.77,781.61,784.22,4.78,73.01,12.3,2.99,46.26,3.827,14.09,3.97,LANE_A,19179.0,-23.4,91.5,CRUISE_LOITER,0.5,5,100.0,-0.1,-0.05,-0.09,-0.05,1.49,-0.88,-0.04,-0.43,-0.03,8.33,-0.07,3.45,3.102,-0.01,0.9844,1
39.1,5115.9,2105.3,73.0,85.74,88.39,84.98,87.77,780.06,783.88,782.07,787.58,4.83,73.28,12.27,3.03,46.21,3.84,14.11,4.04,LANE_A,19180.0,-23.4,91.5,CRUISE_LOITER,0.5,5,100.0,0.05,0.2,-0.21,0.08,0.41,-0.77,0.42,2.93,0.02,8.6,-0.1,3.4,3.115,0.01,0.9846,1
39.150000000000006,5111.9,2103.7,73.0,85.72,88.32,85.01,87.9,778.6,785.7,782.4,784.01,4.8,73.3,12.39,3.04,46.28,3.858,14.11,3.97,LANE_A,19181.0,-23.4,91.5,CRUISE_LOITER,0.5,5,100.0,0.03,0.13,-0.18,0.21,-1.04,1.06,0.76,-0.63,-0.01,8.62,0.02,3.47,3.133,0.01,0.985,1
39.2,5122.1,2107.9,73.0,85.68,88.14,85.12,87.47,781.36,786.51,781.09,782.59,4.88,73.13,12.31,3.0,46.1,3.856,14.1,3.99,LANE_A,19182.0,-23.4,91.5,CRUISE_LOITER,0.5,5,100.0,0.0,-0.04,-0.06,-0.21,1.72,1.87,-0.55,-2.05,0.07,8.46,-0.06,3.29,3.131,0.0,0.985,1
39.25,5122.6,2108.1,73.0,85.9,88.09,85.12,87.87,777.79,783.57,780.53,784.19,4.75,73.23,12.35,3.03,46.23,3.813,14.08,4.06,LANE_A,19182.0,-23.4,91.5,CRUISE_LOITER,0.5,5,100.0,0.22,-0.09,-0.06,0.19,-1.85,-1.07,-1.11,-0.45,-0.06,8.56,-0.02,3.43,3.088,-0.02,0.9841,1
39.300000000000004,5128.1,2110.3,73.1,85.66,88.08,85.09,87.4,780.02,785.71,782.59,785.95,4.84,73.16,12.4,3.0,46.27,3.824,14.11,4.14,LANE_A,19183.0,-23.4,91.5,CRUISE_LOITER,0.5,5,100.0,-0.02,-0.1,-0.09,-0.28,0.38,1.07,0.95,1.31,0.03,8.49,0.03,3.47,3.099,0.01,0.9843,1
39.35,5109.8,2102.8,72.9,85.6,88.35,85.07,88.03,778.47,785.06,783.47,784.85,4.81,73.01,12.33,3.02,46.3,3.86,14.12,4.09,LANE_A,19184.0,-23.4,91.5,CRUISE_LOITER,0.5,5,100.0,-0.08,0.17,-0.11,0.35,-1.17,0.42,1.83,0.21,0.0,8.34,-0.04,3.5,3.135,0.02,0.985,1
39.400000000000006,5110.4,2103.0,73.5,85.77,88.04,85.19,87.92,780.71,785.91,781.28,786.31,4.82,73.07,12.33,3.0,46.07,3.796,14.1,4.33,LANE_A,19185.0,-23.4,91.5,CRUISE_LOITER,0.5,5,100.0,0.1,-0.13,0.02,0.25,1.07,1.27,-0.36,1.67,0.01,8.41,-0.04,3.27,3.071,0.0,0.9837,1
39.45,5076.5,2089.1,73.1,85.62,88.34,85.25,87.54,780.62,784.56,780.29,783.38,4.79,73.29,12.26,2.98,45.92,3.83,14.09,4.12,LANE_A,19186.0,-23.4,91.5,CRUISE_LOITER,0.5,5,100.0,-0.05,0.17,0.08,-0.13,0.98,-0.08,-1.35,-1.26,-0.02,8.63,-0.11,3.12,3.105,-0.01,0.9844,1
39.5,5095.8,2097.0,73.3,85.41,88.29,85.32,87.75,779.96,784.52,781.37,785.87,4.78,73.02,12.45,2.99,46.25,3.817,14.12,4.02,LANE_A,19187.0,-23.4,91.6,CRUISE_LOITER,0.5,5,100.0,-0.26,0.12,0.15,0.08,0.32,-0.12,-0.27,1.23,-0.03,8.36,0.08,3.45,3.092,0.02,0.9842,1
39.550000000000004,5093.1,2095.9,72.8,85.39,88.14,85.26,87.43,779.3,782.97,781.95,785.23,4.84,73.06,12.24,3.02,46.4,3.822,14.07,4.09,LANE_A,19188.0,-23.4,91.6,CRUISE_LOITER,0.5,5,100.0,-0.28,-0.03,0.09,-0.24,-0.33,-1.66,0.32,0.6,0.03,8.4,-0.13,3.6,3.097,-0.03,0.9843,1
39.6,5102.9,2100.0,73.3,85.74,88.32,85.07,87.37,780.49,786.42,782.2,786.39,4.79,73.17,12.36,3.0,46.34,3.819,14.14,4.03,LANE_A,19188.0,-23.4,91.6,CRUISE_LOITER,0.5,5,100.0,0.08,0.16,-0.09,-0.29,0.86,1.79,0.57,1.76,-0.02,8.51,-0.01,3.54,3.094,0.04,0.9842,1
39.650000000000006,5056.2,2080.7,73.0,85.84,87.94,85.08,87.66,778.86,784.7,780.58,784.13,4.86,73.25,12.45,3.0,46.39,3.82,14.09,3.94,LANE_A,19189.0,-23.4,91.6,CRUISE_LOITER,0.5,5,100.0,0.18,-0.22,-0.08,0.0,-0.77,0.07,-1.05,-0.5,0.05,8.6,0.08,3.6,3.095,-0.01,0.9842,1
39.7,5072.5,2087.4,73.4,85.7,87.77,85.56,87.69,779.15,784.57,783.06,784.64,4.8,73.25,12.4,3.03,46.42,3.814,14.11,4.05,LANE_A,19190.0,-23.4,91.6,CRUISE_LOITER,0.5,5,100.0,0.04,-0.39,0.4,0.03,-0.48,-0.06,1.43,0.01,-0.01,8.6,0.03,3.63,3.089,0.01,0.9841,1
39.75,5119.2,2106.7,73.0,85.63,88.21,85.26,87.69,779.41,784.69,780.94,784.53,4.81,73.32,12.26,3.02,46.27,3.818,14.07,3.93,LANE_A,19191.0,-23.4,91.6,CRUISE_LOITER,0.5,5,100.0,-0.03,0.05,0.1,0.03,-0.22,0.06,-0.69,-0.1,0.0,8.67,-0.11,3.48,3.093,-0.03,0.9842,1
39.800000000000004,5084.2,2092.3,73.1,85.76,88.25,85.19,87.8,779.02,783.82,781.19,787.0,4.82,73.11,12.36,3.0,46.15,3.809,14.11,3.98,LANE_A,19192.0,-23.4,91.6,CRUISE_LOITER,0.5,5,100.0,0.11,0.1,0.04,0.15,-0.61,-0.81,-0.44,2.37,0.01,8.46,-0.01,3.36,3.084,0.01,0.984,1
39.85,5058.0,2081.5,73.2,85.6,87.97,85.06,87.97,779.11,786.71,781.66,785.12,4.81,73.05,12.31,2.99,46.35,3.805,14.09,4.11,LANE_A,19193.0,-23.4,91.6,CRUISE_LOITER,0.5,5,100.0,-0.05,-0.18,-0.09,0.32,-0.52,2.08,0.03,0.49,0.0,8.41,-0.06,3.56,3.08,-0.01,0.9839,1
39.900000000000006,5137.1,2114.0,73.1,85.82,87.69,85.23,87.46,778.74,785.02,781.95,783.19,4.87,73.03,12.32,2.99,46.15,3.831,14.11,4.01,LANE_A,19194.0,-23.4,91.6,CRUISE_LOITER,0.5,5,100.0,0.17,-0.46,0.08,-0.19,-0.89,0.39,0.32,-1.44,0.06,8.39,-0.05,3.36,3.106,0.01,0.9845,1
39.95,5104.2,2100.5,73.0,85.57,88.05,84.99,87.73,778.87,785.54,782.33,786.69,4.8,73.16,12.27,3.01,46.07,3.836,14.11,4.11,LANE_A,19194.0,-23.4,91.6,CRUISE_LOITER,0.5,5,100.0,-0.08,-0.1,-0.16,0.08,-0.75,0.92,0.71,2.07,-0.01,8.52,-0.09,3.28,3.111,0.01,0.9846,1
