TIMESTAMP_SEC,ENGINE_RPM,PROP_RPM,TPS,CHT_1,CHT_2,CHT_3,CHT_4,EGT_1,EGT_2,EGT_3,EGT_4,OIL_PRESS,OIL_TEMP,FUEL_FLOW,FUEL_RAIL_P,MAP,VIB_GEARBOX_RMS,BUS_VOLTAGE,BATTERY_CURRENT,FADEC_ACTIVE_LANE,ALTITUDE_FT,OAT_C,TAS_KNOTS,FLIGHT_PHASE,HEALTH_INDEX,FAULT_ID,RUL_HOURS,RES_d_CHT_1,RES_d_CHT_2,RES_d_CHT_3,RES_d_CHT_4,RES_d_EGT_1,RES_d_EGT_2,RES_d_EGT_3,RES_d_EGT_4,RES_d_OIL_PRESS,RES_d_OIL_TEMP,RES_d_FUEL_FLOW,RES_d_MAP,RES_d_VIB_RMS,RES_d_BUS_VOLTAGE,RES_ANOMALY_SCORE,RES_IS_ANOMALY
0.0,5124.6,2108.9,72.1,87.93,90.52,87.43,89.72,781.38,786.32,784.33,785.75,4.81,66.63,12.51,2.97,43.9,0.742,14.1,4.14,LANE_A,18500.0,-22.0,88.0,CRUISE_LOITER,1.0,0,500.0,0.12,0.21,0.12,-0.09,0.71,0.65,1.66,0.08,0.04,-0.01,-0.05,0.15,0.021,0.0,0.0473,0
0.05,5124.2,2108.7,72.0,87.79,90.39,87.39,89.95,782.68,784.7,783.19,787.02,4.72,66.45,12.47,2.99,43.66,0.746,14.1,3.91,LANE_A,18501.0,-22.0,88.0,CRUISE_LOITER,1.0,0,500.0,-0.01,0.09,0.09,0.15,2.01,-0.97,0.52,1.35,-0.05,-0.19,-0.09,-0.09,0.025,0.0,0.0587,0
0.1,5145.3,2117.4,72.3,87.67,90.28,87.24,89.91,779.33,785.93,782.06,785.23,4.77,66.47,12.63,2.99,43.6,0.741,14.1,4.06,LANE_A,18502.0,-22.0,88.0,CRUISE_LOITER,1.0,0,500.0,-0.13,-0.02,-0.06,0.11,-1.34,0.26,-0.61,-0.44,0.0,-0.17,0.07,-0.15,0.02,0.0,0.0323,0
0.15000000000000002,5160.7,2123.8,72.0,87.66,90.28,87.43,90.05,781.76,785.05,784.02,785.97,4.82,66.9,12.7,3.0,43.77,0.689,14.13,4.08,LANE_A,18503.0,-22.0,88.0,CRUISE_LOITER,1.0,0,500.0,-0.14,-0.02,0.13,0.25,1.1,-0.61,1.36,0.31,0.05,0.26,0.14,0.03,-0.032,0.03,0.0592,0
0.2,5172.4,2128.6,72.3,87.77,90.48,87.14,89.81,779.87,783.6,780.83,784.9,4.73,66.77,12.46,2.98,43.65,0.731,14.08,3.93,LANE_A,18503.0,-22.0,88.0,CRUISE_LOITER,1.0,0,500.0,-0.02,0.19,-0.15,0.02,-0.79,-2.06,-1.83,-0.76,-0.04,0.14,-0.1,-0.09,0.01,-0.02,0.0501,0
0.25,5163.5,2124.9,72.0,87.75,90.41,87.49,89.75,781.42,786.36,782.53,785.73,4.79,66.77,12.52,3.0,43.81,0.721,14.04,4.04,LANE_A,18504.0,-22.0,88.0,CRUISE_LOITER,1.0,0,500.0,-0.04,0.12,0.2,-0.04,0.76,0.7,-0.13,0.07,0.02,0.14,-0.04,0.07,0.0,-0.06,0.0573,0
0.30000000000000004,5131.4,2111.7,72.0,87.7,90.13,86.87,89.69,781.22,783.96,781.56,786.75,4.74,66.46,12.54,3.0,43.48,0.714,14.06,4.19,LANE_A,18505.0,-22.0,88.0,CRUISE_LOITER,1.0,0,500.0,-0.09,-0.16,-0.42,-0.1,0.56,-1.7,-1.1,1.09,-0.03,-0.17,-0.02,-0.26,-0.007,-0.04,0.0437,0
0.35000000000000003,5139.9,2115.2,71.8,87.93,90.12,87.45,89.74,779.06,786.09,782.16,786.08,4.77,66.44,12.6,2.99,43.64,0.684,14.07,4.1,LANE_A,18506.0,-22.0,88.0,CRUISE_LOITER,1.0,0,500.0,0.14,-0.17,0.16,-0.05,-1.6,0.43,-0.5,0.42,0.0,-0.19,0.04,-0.1,-0.037,-0.03,0.0515,0
0.4,5145.4,2117.4,72.2,87.63,90.42,87.4,89.56,783.5,786.56,784.23,785.05,4.86,66.42,12.55,2.98,43.81,0.727,14.11,3.94,LANE_A,18507.0,-22.0,88.0,CRUISE_LOITER,1.0,0,500.0,-0.15,0.14,0.12,-0.22,2.84,0.9,1.57,-0.61,0.09,-0.2,-0.01,0.07,0.006,0.01,0.0989,0
0.45,5162.3,2124.4,71.8,87.8,90.17,87.29,89.87,779.18,786.19,781.97,783.12,4.78,66.68,12.53,2.97,43.84,0.721,14.12,3.95,LANE_A,18508.0,-22.0,88.0,CRUISE_LOITER,1.0,0,500.0,0.02,-0.11,0.01,0.09,-1.48,0.53,-0.69,-2.54,0.01,0.06,-0.03,0.1,0.0,0.02,0.0572,0
0.5,5185.4,2133.9,71.6,88.02,90.14,87.5,89.5,780.13,785.16,782.39,785.93,4.78,66.71,12.73,3.0,43.73,0.73,14.12,3.99,LANE_A,18509.0,-22.0,88.0,CRUISE_LOITER,1.0,0,500.0,0.24,-0.14,0.22,-0.28,-0.52,-0.49,-0.26,0.28,0.01,0.09,0.17,-0.01,0.009,0.02,0.0401,0
0.55,5147.5,2118.3,71.9,87.97,90.45,87.45,90.25,779.82,786.64,782.17,784.9,4.78,66.57,12.65,3.01,43.9,0.724,14.09,4.23,LANE_A,18510.0,-22.0,88.1,CRUISE_LOITER,1.0,0,500.0,0.2,0.18,0.18,0.48,-0.83,0.99,-0.48,-0.75,0.01,-0.05,0.09,0.17,0.003,-0.01,0.0427,0
0.6000000000000001,5132.3,2112.1,72.1,87.54,89.97,87.4,89.63,779.14,784.76,782.34,785.24,4.83,66.84,12.5,2.97,43.93,0.694,14.11,4.07,LANE_A,18510.0,-22.0,88.1,CRUISE_LOITER,1.0,0,500.0,-0.23,-0.3,0.13,-0.14,-1.51,-0.89,-0.31,-0.41,0.06,0.23,-0.06,0.2,-0.027,0.01,0.0684,0
0.65,5131.3,2111.6,72.2,87.92,90.15,87.21,89.5,782.18,783.67,784.08,786.06,4.79,66.69,12.53,3.01,43.79,0.714,14.09,4.03,LANE_A,18511.0,-22.0,88.1,CRUISE_LOITER,1.0,0,500.0,0.15,-0.12,-0.06,-0.27,1.53,-1.98,1.43,0.41,0.02,0.08,-0.03,0.06,-0.007,-0.01,0.0471,0
0.7000000000000001,5152.8,2120.5,71.9,87.55,90.18,87.55,89.84,781.38,784.73,784.25,785.64,4.81,66.58,12.51,3.0,43.59,0.717,14.11,4.19,LANE_A,18512.0,-22.0,88.1,CRUISE_LOITER,1.0,0,500.0,-0.22,-0.09,0.28,0.07,0.73,-0.92,1.6,-0.01,0.04,-0.03,-0.05,-0.14,-0.004,0.01,0.0471,0
0.75,5150.3,2119.5,72.1,87.92,90.21,87.19,89.54,777.95,786.14,781.22,786.56,4.75,66.71,12.53,3.02,43.68,0.722,14.13,3.99,LANE_A,18513.0,-22.0,88.1,CRUISE_LOITER,1.0,0,500.0,0.16,-0.05,-0.07,-0.22,-2.7,0.49,-1.43,0.91,-0.02,0.11,-0.03,-0.05,0.001,0.03,0.0614,0
0.8,5168.6,2127.0,71.9,87.96,90.58,87.23,89.51,783.25,788.03,783.79,785.83,4.74,66.63,12.62,3.03,43.94,0.701,14.1,4.06,LANE_A,18514.0,-22.0,88.1,CRUISE_LOITER,1.0,0,500.0,0.2,0.32,-0.03,-0.25,2.6,2.38,1.14,0.18,-0.03,0.03,0.06,0.21,-0.02,0.0,0.0618,0
0.8500000000000001,5165.9,2125.9,72.1,87.6,90.57,87.06,89.96,784.06,786.58,782.9,782.89,4.76,66.88,12.5,2.97,43.71,0.721,14.1,4.07,LANE_A,18515.0,-22.0,88.1,CRUISE_LOITER,1.0,0,500.0,-0.16,0.31,-0.2,0.2,3.41,0.93,0.25,-2.76,-0.01,0.28,-0.06,-0.02,0.0,0.0,0.0772,0
0.9,5150.2,2119.4,72.0,87.6,90.27,87.26,89.86,780.79,785.81,784.32,785.41,4.77,66.7,12.56,2.97,43.67,0.722,14.09,4.15,LANE_A,18516.0,-22.0,88.1,CRUISE_LOITER,1.0,0,500.0,-0.15,0.02,0.01,0.11,0.15,0.17,1.68,-0.23,0.0,0.1,0.0,-0.06,0.001,-0.01,0.0375,0
0.9500000000000001,5147.2,2118.2,71.7,87.66,90.01,87.09,89.48,777.83,784.86,782.28,785.85,4.77,66.38,12.64,3.02,43.69,0.721,14.05,4.07,LANE_A,18517.0,-22.0,88.1,CRUISE_LOITER,1.0,0,500.0,-0.09,-0.24,-0.16,-0.27,-2.81,-0.78,-0.36,0.21,0.0,-0.21,0.08,-0.03,0.0,-0.05,0.0641,0
1.0,5148.5,2118.7,71.6,87.94,90.05,87.21,89.9,780.03,786.63,781.14,787.03,4.75,66.54,12.47,2.98,43.64,0.753,14.07,4.19,LANE_A,18517.0,-22.0,88.1,CRUISE_LOITER,1.0,0,500.0,0.19,-0.2,-0.04,0.15,-0.61,0.99,-1.5,1.39,-0.02,-0.05,-0.09,-0.08,0.032,-0.03,0.0469,0
1.05,5147.9,2118.5,72.0,87.64,90.47,87.01,89.66,781.67,783.71,782.96,785.63,4.73,66.72,12.52,3.03,43.75,0.757,14.09,4.13,LANE_A,18518.0,-22.0,88.1,CRUISE_LOITER,1.0,0,500.0,-0.11,0.22,-0.24,-0.09,1.03,-1.93,0.32,-0.01,-0.04,0.13,-0.04,0.03,0.036,-0.01,0.0519,0
1.1,5122.5,2108.0,71.8,88.0,89.81,87.36,89.53,782.03,788.09,781.92,785.08,4.74,66.86,12.56,3.02,43.59,0.723,14.08,4.2,LANE_A,18519.0,-22.0,88.1,CRUISE_LOITER,1.0,0,500.0,0.26,-0.43,0.12,-0.21,1.39,2.45,-0.72,-0.56,-0.03,0.27,0.0,-0.13,0.002,-0.02,0.0577,0
1.1500000000000001,5156.5,2122.0,71.6,87.86,90.22,87.33,89.93,779.63,786.69,783.51,787.84,4.75,66.4,12.66,3.02,43.83,0.747,14.13,3.9,LANE_A,18520.0,-22.0,88.1,CRUISE_LOITER,1.0,0,500.0,0.12,-0.02,0.09,0.19,-1.01,1.05,0.87,2.2,-0.02,-0.18,0.1,0.11,0.026,0.03,0.0524,0
1.2000000000000002,5149.5,2119.1,72.1,87.68,90.37,87.27,89.65,781.88,784.81,781.9,785.44,4.78,66.57,12.7,3.01,43.66,0.704,14.09,4.09,LANE_A,18521.0,-22.0,88.1,CRUISE_LOITER,1.0,0,500.0,-0.06,0.13,0.03,-0.09,1.24,-0.83,-0.74,-0.2,0.01,-0.01,0.14,-0.06,-0.017,-0.01,0.034,0
1.25,5127.6,2110.1,71.9,87.56,90.0,87.27,89.57,780.85,785.22,784.58,787.07,4.77,66.71,12.68,3.02,43.8,0.725,14.1,3.85,LANE_A,18522.0,-22.0,88.1,CRUISE_LOITER,1.0,0,500.0,-0.17,-0.23,0.04,-0.16,0.21,-0.42,1.94,1.43,0.0,0.13,0.12,0.08,0.004,0.0,0.0454,0
1.3,5144.8,2117.2,72.4,87.66,90.3,86.91,89.69,778.8,785.48,780.51,785.41,4.78,66.43,12.45,2.98,43.61,0.726,14.1,4.11,LANE_A,18523.0,-22.0,88.1,CRUISE_LOITER,1.0,0,500.0,-0.07,0.07,-0.32,-0.04,-1.83,-0.15,-2.12,-0.22,0.01,-0.15,-0.11,-0.11,0.005,0.0,0.0496,0
1.35,5128.4,2110.5,72.4,87.58,90.63,87.23,89.69,780.41,785.19,785.7,786.5,4.77,66.68,12.54,2.99,43.58,0.738,14.1,4.02,LANE_A,18524.0,-22.0,88.1,CRUISE_LOITER,1.0,0,500.0,-0.15,0.4,0.0,-0.04,-0.22,-0.44,3.07,0.87,0.0,0.11,-0.02,-0.13,0.017,0.0,0.0682,0
1.4000000000000001,5159.9,2123.4,72.1,87.44,90.48,87.28,89.6,779.55,785.34,782.52,786.37,4.73,66.45,12.67,2.96,43.64,0.721,14.09,3.95,LANE_A,18524.0,-22.0,88.1,CRUISE_LOITER,1.0,0,500.0,-0.29,0.25,0.05,-0.13,-1.08,-0.29,-0.11,0.74,-0.04,-0.12,0.11,-0.07,0.0,-0.01,0.0467,0
1.4500000000000002,5136.4,2113.8,72.1,87.83,90.33,87.23,89.64,780.79,785.92,783.15,786.6,4.83,66.42,12.72,3.03,43.71,0.733,14.1,3.92,LANE_A,18525.0,-22.1,88.1,CRUISE_LOITER,1.0,0,500.0,0.11,0.11,0.01,-0.08,0.16,0.29,0.52,0.97,0.06,-0.15,0.16,0.0,0.012,0.0,0.0667,0
1.5,5152.5,2120.4,72.1,87.83,90.39,87.33,89.59,779.24,785.82,781.35,785.06,4.77,66.77,12.74,2.96,43.77,0.698,14.09,4.04,LANE_A,18526.0,-22.1,88.1,CRUISE_LOITER,1.0,0,500.0,0.11,0.17,0.11,-0.13,-1.39,0.19,-1.28,-0.57,0.0,0.2,0.18,0.06,-0.023,-0.01,0.0433,0
1.55,5160.8,2123.8,72.1,87.8,90.28,87.19,89.92,781.86,783.4,783.55,784.97,4.76,66.45,12.44,3.01,43.63,0.709,14.08,4.01,LANE_A,18527.0,-22.1,88.2,CRUISE_LOITER,1.0,0,500.0,0.08,0.06,-0.03,0.2,1.23,-2.23,0.92,-0.66,-0.01,-0.11,-0.12,-0.08,-0.012,-0.02,0.0517,0
1.6,5160.4,2123.6,72.5,87.54,90.45,87.26,89.5,781.11,786.37,781.33,787.1,4.74,66.68,12.64,3.01,43.82,0.734,14.1,4.21,LANE_A,18528.0,-22.1,88.2,CRUISE_LOITER,1.0,0,500.0,-0.17,0.24,0.05,-0.21,0.48,0.74,-1.3,1.47,-0.03,0.12,0.08,0.11,0.013,0.0,0.0376,0
1.6500000000000001,5138.7,2114.7,71.8,87.83,90.31,87.37,89.68,782.05,785.82,783.1,785.42,4.8,66.77,12.6,2.97,43.45,0.753,14.11,4.04,LANE_A,18529.0,-22.1,88.2,CRUISE_LOITER,1.0,0,500.0,0.12,0.1,0.16,-0.03,1.43,0.2,0.48,-0.2,0.03,0.21,0.04,-0.26,0.032,0.01,0.0458,0
1.7000000000000002,5137.2,2114.1,72.1,88.09,90.02,87.22,89.56,782.09,785.04,782.12,787.65,4.76,66.66,12.61,3.01,43.57,0.744,14.12,4.03,LANE_A,18530.0,-22.1,88.2,CRUISE_LOITER,1.0,0,500.0,0.38,-0.19,0.01,-0.15,1.47,-0.58,-0.5,2.03,-0.01,0.11,0.05,-0.14,0.023,0.02,0.0487,0
1.75,5143.6,2116.7,71.7,87.44,90.43,87.04,89.56,781.64,785.36,781.37,785.83,4.78,66.52,12.58,2.98,43.81,0.7,14.1,4.1,LANE_A,18531.0,-22.1,88.2,CRUISE_LOITER,1.0,0,500.0,-0.27,0.22,-0.17,-0.15,1.02,-0.26,-1.25,0.21,0.01,-0.03,0.02,0.1,-0.021,0.0,0.0316,0
1.8,5142.9,2116.4,71.9,87.72,90.44,87.39,89.78,779.66,784.53,784.45,786.06,4.77,66.27,12.52,3.04,43.78,0.747,14.11,4.2,LANE_A,18531.0,-22.1,88.2,CRUISE_LOITER,1.0,0,500.0,0.02,0.24,0.19,0.08,-0.96,-1.09,1.83,0.44,0.0,-0.28,-0.03,0.08,0.026,0.01,0.0438,0
1.85,5165.3,2125.6,72.1,87.76,90.51,87.35,89.77,780.57,786.54,781.54,784.23,4.74,66.69,12.49,2.96,43.85,0.71,14.1,3.82,LANE_A,18532.0,-22.1,88.2,CRUISE_LOITER,1.0,0,500.0,0.06,0.31,0.15,0.07,-0.05,0.92,-1.08,-1.39,-0.03,0.14,-0.06,0.15,-0.011,0.0,0.0372,0
1.9000000000000001,5140.6,2115.5,72.0,87.43,90.15,87.24,89.56,780.9,784.82,781.95,786.21,4.78,66.57,12.58,2.97,43.73,0.745,14.09,3.93,LANE_A,18533.0,-22.1,88.2,CRUISE_LOITER,1.0,0,500.0,-0.27,-0.05,0.04,-0.14,0.28,-0.8,-0.67,0.59,0.01,0.03,0.03,0.03,0.024,-0.01,0.0341,0
1.9500000000000002,5157.8,2122.6,72.3,87.76,90.25,87.36,89.44,781.63,785.78,783.23,784.81,4.73,66.65,12.64,2.99,43.74,0.711,14.12,4.12,LANE_A,18534.0,-22.1,88.2,CRUISE_LOITER,1.0,0,500.0,0.07,0.06,0.17,-0.25,1.01,0.16,0.61,-0.81,-0.04,0.11,0.09,0.04,-0.01,0.02,0.0465,0
2.0,5152.9,2120.5,72.1,87.41,90.19,86.84,89.79,779.51,784.75,782.83,782.9,4.78,66.68,12.47,3.0,43.66,0.722,14.11,4.13,LANE_A,18535.0,-22.1,88.2,CRUISE_LOITER,1.0,0,500.0,-0.28,0.0,-0.35,0.1,-1.11,-0.87,0.21,-2.72,0.01,0.14,-0.08,-0.04,0.001,0.01,0.0615,0
2.0500000000000003,5126.6,2109.7,72.0,87.62,90.28,87.21,89.87,781.08,786.73,783.15,787.18,4.82,66.47,12.48,3.0,43.66,0.722,14.11,3.99,LANE_A,18536.0,-22.1,88.2,CRUISE_LOITER,1.0,0,500.0,-0.07,0.09,0.02,0.18,0.47,1.12,0.54,1.57,0.05,-0.07,-0.07,-0.04,0.001,0.01,0.0568,0
2.1,5152.0,2120.2,71.9,87.61,89.96,87.11,89.85,779.7,787.74,780.46,786.84,4.8,66.53,12.58,2.99,43.69,0.743,14.09,4.02,LANE_A,18537.0,-22.1,88.2,CRUISE_LOITER,1.0,0,500.0,-0.08,-0.23,-0.08,0.16,-0.91,2.13,-2.15,1.23,0.03,0.0,0.03,-0.01,0.022,-0.01,0.0521,0
2.15,5140.5,2115.4,71.9,87.68,90.06,87.19,89.73,780.68,785.63,781.83,788.33,4.77,66.38,12.54,3.0,43.74,0.716,14.07,4.1,LANE_A,18538.0,-22.1,88.2,CRUISE_LOITER,1.0,0,500.0,0.0,-0.12,0.01,0.05,0.07,0.02,-0.78,2.72,0.0,-0.15,-0.01,0.04,-0.006,-0.03,0.0602,0
2.2,5143.1,2116.5,71.9,87.87,90.16,87.07,90.21,780.0,786.32,784.67,785.81,4.79,66.52,12.47,2.96,43.84,0.712,14.14,4.24,LANE_A,18538.0,-22.1,88.2,CRUISE_LOITER,1.0,0,500.0,0.19,-0.02,-0.11,0.53,-0.61,0.71,2.06,0.2,0.02,-0.01,-0.08,0.15,-0.01,0.04,0.0499,0
2.25,5162.6,2124.5,72.3,87.8,90.3,87.39,89.57,781.46,785.57,784.23,785.5,4.77,66.41,12.53,2.99,43.67,0.691,14.11,3.9,LANE_A,18539.0,-22.1,88.2,CRUISE_LOITER,1.0,0,500.0,0.12,0.12,0.21,-0.11,0.85,-0.04,1.62,-0.11,0.0,-0.12,-0.02,-0.02,-0.031,0.01,0.0434,0
2.3000000000000003,5153.3,2120.7,71.8,88.0,90.17,87.66,89.96,782.19,786.66,784.7,786.66,4.79,66.45,12.44,3.0,43.67,0.71,14.06,4.01,LANE_A,18540.0,-22.1,88.2,CRUISE_LOITER,1.0,0,500.0,0.33,0.0,0.49,0.29,1.58,1.05,2.09,1.05,0.02,-0.07,-0.11,-0.02,-0.012,-0.04,0.0522,0
2.35,5151.5,2120.0,71.7,87.98,90.15,87.6,89.48,779.97,787.03,780.73,787.04,4.83,66.55,12.41,3.0,43.52,0.694,14.07,4.09,LANE_A,18541.0,-22.1,88.2,CRUISE_LOITER,1.0,0,500.0,0.31,-0.02,0.43,-0.19,-0.64,1.42,-1.88,1.43,0.06,0.03,-0.14,-0.17,-0.028,-0.03,0.0709,0
2.4000000000000004,5147.1,2118.1,71.9,87.82,90.27,87.05,89.8,781.03,786.08,781.95,787.32,4.8,66.41,12.57,2.99,43.74,0.738,14.1,4.02,LANE_A,18542.0,-22.1,88.2,CRUISE_LOITER,1.0,0,500.0,0.15,0.1,-0.12,0.13,0.43,0.48,-0.65,1.72,0.03,-0.11,0.02,0.05,0.016,0.0,0.0407,0
2.45,5164.5,2125.3,71.9,87.57,90.28,87.14,89.59,783.99,785.71,782.3,785.4,4.79,66.38,12.54,3.0,43.63,0.727,14.05,4.22,LANE_A,18543.0,-22.1,88.2,CRUISE_LOITER,1.0,0,500.0,-0.1,0.11,-0.03,-0.08,3.39,0.11,-0.3,-0.2,0.02,-0.14,-0.01,-0.06,0.005,-0.05,0.075,0
2.5,5134.9,2113.1,72.2,87.66,89.96,87.36,89.46,783.67,784.78,782.12,784.74,4.81,66.53,12.47,3.02,43.84,0.736,14.08,3.95,LANE_A,18544.0,-22.1,88.2,CRUISE_LOITER,1.0,0,500.0,0.0,-0.2,0.2,-0.2,3.07,-0.82,-0.48,-0.86,0.04,0.02,-0.08,0.15,0.014,-0.02,0.0697,0
2.5500000000000003,5142.3,2116.2,71.6,87.8,90.24,86.92,89.41,779.3,785.27,782.48,785.75,4.78,66.52,12.53,3.01,43.62,0.724,14.14,3.97,LANE_A,18545.0,-22.1,88.3,CRUISE_LOITER,1.0,0,500.0,0.14,0.08,-0.24,-0.25,-1.3,-0.33,-0.12,0.15,0.01,0.01,-0.02,-0.07,0.002,0.04,0.0402,0
2.6,5147.8,2118.4,72.5,87.46,90.07,87.1,89.39,780.02,787.38,781.45,783.19,4.73,66.82,12.54,2.99,43.78,0.722,14.16,4.24,LANE_A,18545.0,-22.1,88.3,CRUISE_LOITER,1.0,0,500.0,-0.2,-0.09,-0.06,-0.27,-0.58,1.78,-1.15,-2.41,-0.04,0.31,-0.01,0.1,0.0,0.06,0.0619,0
2.6500000000000004,5158.9,2123.0,72.1,87.41,90.25,87.31,89.55,781.07,786.63,782.45,788.11,4.72,66.86,12.56,2.97,43.66,0.746,14.11,4.04,LANE_A,18546.0,-22.1,88.3,CRUISE_LOITER,1.0,0,500.0,-0.24,0.1,0.16,-0.1,0.47,1.03,-0.15,2.51,-0.05,0.36,0.01,-0.02,0.024,0.01,0.0593,0
2.7,5158.2,2122.7,72.5,87.78,90.52,87.28,89.82,781.78,782.61,784.51,783.97,4.74,66.56,12.51,3.02,43.78,0.736,14.11,3.88,LANE_A,18547.0,-22.1,88.3,CRUISE_LOITER,1.0,0,500.0,0.13,0.37,0.13,0.17,1.18,-2.99,1.91,-1.63,-0.03,0.06,-0.04,0.1,0.014,0.01,0.0693,0
2.75,5175.1,2129.7,72.1,87.83,90.18,87.23,89.6,779.34,786.34,781.43,785.14,4.71,66.46,12.46,2.98,43.86,0.718,14.11,3.99,LANE_A,18548.0,-22.1,88.3,CRUISE_LOITER,1.0,0,500.0,0.18,0.03,0.08,-0.05,-1.26,0.74,-1.17,-0.46,-0.06,-0.04,-0.09,0.18,-0.004,0.01,0.0671,0
2.8000000000000003,5127.1,2109.9,72.2,87.67,90.28,87.13,89.52,782.46,786.52,783.91,784.5,4.77,66.6,12.55,2.99,43.85,0.711,14.12,3.94,LANE_A,18549.0,-22.1,88.3,CRUISE_LOITER,1.0,0,500.0,0.02,0.13,-0.02,-0.13,1.87,0.93,1.32,-1.09,0.0,0.1,0.0,0.17,-0.011,0.02,0.0442,0
2.85,5145.6,2117.5,72.0,87.55,90.22,87.24,89.81,781.0,783.04,781.7,785.72,4.79,66.48,12.48,2.98,43.86,0.723,14.09,4.09,LANE_A,18550.0,-22.1,88.3,CRUISE_LOITER,1.0,0,500.0,-0.09,0.08,0.1,0.17,0.41,-2.55,-0.89,0.13,0.02,-0.01,-0.07,0.18,0.001,-0.01,0.0572,0
2.9000000000000004,5155.6,2121.7,72.3,87.59,90.65,87.2,89.6,781.69,785.57,783.06,785.51,4.71,66.38,12.38,2.98,43.79,0.707,14.1,3.94,LANE_A,18551.0,-22.1,88.3,CRUISE_LOITER,1.0,0,500.0,-0.05,0.51,0.06,-0.04,1.1,-0.02,0.47,-0.08,-0.06,-0.11,-0.17,0.11,-0.015,0.0,0.0681,0
2.95,5142.7,2116.4,72.4,87.69,89.99,87.24,89.62,779.49,785.11,783.47,785.42,4.82,66.5,12.37,2.99,43.74,0.703,14.11,4.15,LANE_A,18552.0,-22.1,88.3,CRUISE_LOITER,1.0,0,500.0,0.05,-0.15,0.1,-0.02,-1.1,-0.48,0.88,-0.17,0.05,0.01,-0.18,0.06,-0.019,0.01,0.0575,0
3.0,5147.5,2118.3,72.5,87.86,90.03,87.31,89.64,780.68,787.36,782.72,783.77,4.79,66.54,12.55,3.0,43.81,0.703,14.14,4.02,LANE_A,18552.0,-22.1,88.3,CRUISE_LOITER,1.0,0,500.0,0.23,-0.1,0.18,0.01,0.09,1.77,0.13,-1.82,0.02,0.05,0.0,0.13,-0.019,0.04,0.0448,0
3.0500000000000003,5142.1,2116.1,72.1,87.73,89.86,86.99,89.59,779.45,783.83,781.96,786.05,4.77,66.4,12.49,3.01,43.65,0.726,14.1,4.04,LANE_A,18553.0,-22.1,88.3,CRUISE_LOITER,1.0,0,500.0,0.1,-0.27,-0.14,-0.04,-1.14,-1.76,-0.63,0.46,0.0,-0.08,-0.06,-0.02,0.004,0.0,0.0409,0
3.1,5143.6,2116.7,71.9,87.73,90.41,87.14,89.62,780.92,785.66,780.52,785.35,4.76,66.51,12.51,3.04,43.68,0.727,14.08,3.94,LANE_A,18554.0,-22.1,88.3,CRUISE_LOITER,1.0,0,500.0,0.1,0.28,0.01,-0.01,0.33,0.07,-2.07,-0.24,-0.01,0.03,-0.04,0.01,0.005,-0.02,0.0466,0
3.1500000000000004,5131.3,2111.6,72.2,87.63,90.1,87.13,89.53,778.92,784.22,782.1,784.47,4.72,66.65,12.49,3.01,43.49,0.749,14.11,4.1,LANE_A,18555.0,-22.1,88.3,CRUISE_LOITER,1.0,0,500.0,0.0,-0.03,0.0,-0.1,-1.67,-1.37,-0.49,-1.12,-0.05,0.17,-0.06,-0.18,0.027,0.01,0.0585,0
3.2,5135.9,2113.5,72.1,87.65,90.53,87.28,89.55,781.98,784.92,781.69,784.17,4.75,66.3,12.6,3.07,43.8,0.72,14.09,4.09,LANE_A,18556.0,-22.1,88.3,CRUISE_LOITER,1.0,0,500.0,0.03,0.41,0.16,-0.07,1.4,-0.66,-0.89,-1.41,-0.02,-0.18,0.05,0.13,-0.002,-0.01,0.0382,0
3.25,5151.4,2119.9,71.7,87.28,90.22,86.95,89.18,781.21,785.8,784.28,785.47,4.79,66.46,12.67,2.96,43.6,0.722,14.1,4.06,LANE_A,18557.0,-22.1,88.3,CRUISE_LOITER,1.0,0,500.0,-0.34,0.1,-0.17,-0.44,0.63,0.22,1.7,-0.11,0.02,-0.01,0.12,-0.07,0.0,0.0,0.0415,0
3.3000000000000003,5175.4,2129.8,72.0,87.69,90.71,87.0,89.51,778.85,785.09,783.12,784.34,4.77,66.32,12.76,3.01,43.9,0.732,14.12,4.04,LANE_A,18558.0,-22.1,88.3,CRUISE_LOITER,1.0,0,500.0,0.07,0.59,-0.12,-0.11,-1.73,-0.49,0.54,-1.24,0.0,-0.15,0.21,0.23,0.01,0.02,0.0534,0
3.35,5157.1,2122.2,72.0,87.73,89.93,87.09,89.78,782.55,786.38,781.15,784.52,4.72,66.55,12.53,3.03,43.77,0.725,14.13,4.14,LANE_A,18559.0,-22.1,88.3,CRUISE_LOITER,1.0,0,500.0,0.12,-0.18,-0.02,0.17,1.97,0.8,-1.43,-1.06,-0.05,0.08,-0.02,0.1,0.003,0.03,0.0586,0
3.4000000000000004,5134.8,2113.1,72.3,87.77,90.05,87.65,89.62,781.6,785.22,783.64,785.9,4.77,66.43,12.58,3.03,43.6,0.71,14.14,4.1,LANE_A,18559.0,-22.1,88.3,CRUISE_LOITER,1.0,0,500.0,0.16,-0.06,0.54,0.01,1.02,-0.36,1.06,0.32,0.0,-0.04,0.03,-0.07,-0.012,0.04,0.0475,0
3.45,5152.6,2120.4,71.6,87.74,90.16,87.1,89.64,782.17,785.01,780.12,786.1,4.77,66.38,12.48,2.97,43.99,0.723,14.12,4.02,LANE_A,18560.0,-22.1,88.3,CRUISE_LOITER,1.0,0,500.0,0.13,0.05,-0.01,0.03,1.59,-0.57,-2.46,0.52,0.0,-0.08,-0.07,0.33,0.001,0.02,0.0566,0
3.5,5147.7,2118.4,72.2,87.65,90.33,86.75,89.71,780.85,784.88,782.59,788.41,4.7,66.31,12.58,2.98,43.48,0.729,14.1,4.16,LANE_A,18561.0,-22.1,88.3,CRUISE_LOITER,1.0,0,500.0,0.04,0.22,-0.36,0.1,0.27,-0.7,0.01,2.83,-0.07,-0.15,0.03,-0.18,0.007,0.0,0.0789,0
3.5500000000000003,5127.1,2109.9,71.7,87.6,90.26,87.39,89.48,778.78,785.73,781.24,786.89,4.73,66.59,12.61,2.97,43.76,0.723,14.07,4.13,LANE_A,18562.0,-22.1,88.4,CRUISE_LOITER,1.0,0,500.0,0.0,0.16,0.29,-0.12,-1.79,0.16,-1.33,1.32,-0.04,0.13,0.06,0.1,0.001,-0.03,0.0486,0
3.6,5142.8,2116.4,72.1,87.83,90.11,87.07,89.84,782.58,786.61,781.45,785.71,4.79,66.29,12.44,3.02,43.86,0.707,14.1,4.18,LANE_A,18563.0,-22.1,88.4,CRUISE_LOITER,1.0,0,500.0,0.23,0.01,-0.03,0.24,2.01,1.04,-1.12,0.14,0.02,-0.16,-0.11,0.2,-0.015,0.0,0.0478,0
3.6500000000000004,5156.7,2122.1,71.7,87.43,89.81,86.97,89.38,781.05,786.07,782.87,783.59,4.81,66.46,12.58,3.01,43.64,0.711,14.11,3.9,LANE_A,18564.0,-22.1,88.4,CRUISE_LOITER,1.0,0,500.0,-0.17,-0.29,-0.13,-0.22,0.48,0.5,0.3,-1.98,0.04,0.01,0.03,-0.02,-0.011,0.01,0.0474,0
3.7,5158.1,2122.7,72.1,87.54,90.0,87.02,89.44,780.2,786.78,781.45,787.1,4.75,66.34,12.65,3.0,43.67,0.7,14.1,4.02,LANE_A,18565.0,-22.1,88.4,CRUISE_LOITER,1.0,0,500.0,-0.05,-0.09,-0.07,-0.15,-0.37,1.21,-1.12,1.53,-0.02,-0.11,0.1,0.01,-0.022,0.0,0.0378,0
3.75,5164.3,2125.2,72.4,87.97,89.96,87.28,89.55,778.73,790.2,781.54,785.84,4.7,66.54,12.54,3.02,43.67,0.717,14.11,4.13,LANE_A,18566.0,-22.1,88.4,CRUISE_LOITER,1.0,0,500.0,0.38,-0.13,0.19,-0.04,-1.84,4.63,-1.03,0.27,-0.07,0.09,-0.01,0.01,-0.005,0.01,0.1027,0
3.8000000000000003,5150.3,2119.5,72.3,87.36,90.22,87.18,89.82,780.12,786.09,781.5,786.31,4.72,66.45,12.57,2.99,43.63,0.724,14.08,4.21,LANE_A,18566.0,-22.1,88.4,CRUISE_LOITER,1.0,0,500.0,-0.23,0.13,0.09,0.23,-0.45,0.52,-1.07,0.74,-0.05,0.01,0.03,-0.03,0.002,-0.02,0.0565,0
3.85,5161.1,2123.9,71.8,87.91,90.26,86.98,89.52,782.62,788.36,782.89,786.63,4.76,66.6,12.64,2.97,43.73,0.721,14.11,3.98,LANE_A,18567.0,-22.1,88.4,CRUISE_LOITER,1.0,0,500.0,0.32,0.17,-0.11,-0.07,2.05,2.79,0.32,1.06,-0.01,0.16,0.1,0.08,-0.001,0.01,0.0639,0
3.9000000000000004,5140.4,2115.4,72.4,87.24,90.31,87.09,89.29,781.0,783.8,783.21,784.33,4.76,66.33,12.6,2.99,43.88,0.753,14.13,3.93,LANE_A,18568.0,-22.1,88.4,CRUISE_LOITER,1.0,0,500.0,-0.34,0.23,0.01,-0.29,0.43,-1.77,0.64,-1.24,-0.01,-0.11,0.06,0.23,0.031,0.03,0.0464,0
3.95,5166.0,2125.9,71.9,87.74,90.02,86.77,89.71,781.35,784.74,784.21,785.25,4.8,66.43,12.58,2.97,43.57,0.708,14.09,3.98,LANE_A,18569.0,-22.1,88.4,CRUISE_LOITER,1.0,0,500.0,0.16,-0.06,-0.31,0.13,0.79,-0.82,1.65,-0.31,0.03,-0.01,0.04,-0.08,-0.014,-0.01,0.04,0
4.0,5169.9,2127.5,72.0,87.65,89.96,86.76,89.84,779.3,785.84,783.32,788.48,4.76,66.52,12.49,2.98,43.76,0.736,14.09,3.95,LANE_A,18570.0,-22.1,88.4,CRUISE_LOITER,1.0,0,500.0,0.07,-0.12,-0.32,0.26,-1.26,0.28,0.76,2.92,-0.01,0.09,-0.05,0.11,0.014,-0.01,0.0656,0
4.05,5147.7,2118.4,72.0,87.75,90.28,87.16,89.49,780.32,785.11,782.21,784.24,4.81,66.39,12.59,2.98,43.51,0.732,14.1,4.2,LANE_A,18571.0,-22.1,88.4,CRUISE_LOITER,1.0,0,500.0,0.18,0.21,0.09,-0.08,-0.24,-0.45,-0.35,-1.32,0.04,-0.04,0.05,-0.14,0.01,0.0,0.0461,0
4.1000000000000005,5148.1,2118.6,72.1,87.34,89.84,87.2,89.61,780.25,785.53,780.89,786.45,4.77,66.4,12.64,3.0,43.58,0.729,14.1,3.99,LANE_A,18572.0,-22.1,88.4,CRUISE_LOITER,1.0,0,500.0,-0.23,-0.23,0.13,0.04,-0.31,-0.03,-1.67,0.89,0.0,-0.03,0.1,-0.07,0.007,0.0,0.0391,0
4.15,5146.5,2117.9,72.1,87.71,89.99,86.79,89.62,778.64,785.09,782.83,786.12,4.76,66.4,12.36,3.02,43.73,0.719,14.1,4.16,LANE_A,18573.0,-22.1,88.4,CRUISE_LOITER,1.0,0,500.0,0.14,-0.08,-0.28,0.05,-1.92,-0.47,0.27,0.56,-0.01,-0.03,-0.18,0.08,-0.003,0.0,0.045,0
4.2,5161.6,2124.1,72.2,87.71,89.91,86.93,89.72,781.19,786.38,782.31,785.33,4.8,66.49,12.6,2.99,43.56,0.733,14.09,4.15,LANE_A,18573.0,-22.1,88.4,CRUISE_LOITER,1.0,0,500.0,0.14,-0.16,-0.14,0.15,0.63,0.82,-0.25,-0.23,0.03,0.07,0.06,-0.09,0.011,-0.01,0.0354,0
4.25,5173.7,2129.1,71.8,87.6,90.04,86.89,89.72,779.96,785.59,782.37,784.37,4.71,66.46,12.53,2.97,43.66,0.72,14.07,4.12,LANE_A,18574.0,-22.1,88.4,CRUISE_LOITER,1.0,0,500.0,0.04,-0.02,-0.17,0.16,-0.6,0.03,-0.19,-1.19,-0.06,0.04,-0.01,0.01,-0.002,-0.03,0.0664,0
4.3,5147.9,2118.5,71.9,87.54,90.04,87.2,89.36,779.89,783.64,782.25,787.94,4.8,66.29,12.56,2.96,43.77,0.713,14.11,4.12,LANE_A,18575.0,-22.2,88.4,CRUISE_LOITER,1.0,0,500.0,-0.02,-0.02,0.14,-0.2,-0.66,-1.91,-0.3,2.39,0.03,-0.13,0.02,0.13,-0.009,0.01,0.0555,0
4.3500000000000005,5148.8,2118.8,72.3,87.52,90.07,86.87,89.66,780.06,785.13,781.03,783.79,4.78,66.54,12.5,3.0,43.63,0.741,14.13,3.91,LANE_A,18576.0,-22.2,88.4,CRUISE_LOITER,1.0,0,500.0,-0.04,0.01,-0.19,0.1,-0.49,-0.42,-1.52,-1.76,0.01,0.12,-0.04,-0.01,0.019,0.03,0.0423,0
4.4,5191.8,2136.5,72.3,87.49,90.11,86.78,89.62,781.34,786.46,781.89,786.08,4.8,66.6,12.46,3.01,43.48,0.734,14.13,4.05,LANE_A,18577.0,-22.2,88.4,CRUISE_LOITER,1.0,0,500.0,-0.06,0.06,-0.27,0.07,0.79,0.91,-0.66,0.53,0.03,0.19,-0.08,-0.16,0.012,0.03,0.0371,0
4.45,5157.1,2122.3,72.0,87.33,89.81,87.22,89.47,779.55,784.88,782.93,785.07,4.8,66.28,12.54,3.0,43.71,0.724,14.11,3.98,LANE_A,18578.0,-22.2,88.4,CRUISE_LOITER,1.0,0,500.0,-0.22,-0.24,0.17,-0.08,-1.0,-0.67,0.38,-0.48,0.03,-0.13,0.0,0.07,0.002,0.01,0.0358,0
4.5,5155.7,2121.7,71.8,87.34,90.24,87.12,89.27,780.46,784.36,784.68,785.49,4.84,66.29,12.69,3.02,43.43,0.706,14.12,4.02,LANE_A,18579.0,-22.2,88.4,CRUISE_LOITER,1.0,0,500.0,-0.21,0.19,0.07,-0.28,-0.09,-1.19,2.13,-0.06,0.07,-0.12,0.15,-0.21,-0.016,0.02,0.0792,0
4.55,5161.6,2124.1,72.2,87.31,89.6,86.75,89.19,778.64,786.78,783.64,786.11,4.74,66.54,12.34,2.98,43.63,0.73,14.1,4.09,LANE_A,18580.0,-22.2,88.5,CRUISE_LOITER,1.0,0,500.0,-0.24,-0.45,-0.3,-0.36,-1.91,1.23,1.09,0.56,-0.03,0.13,-0.2,-0.01,0.008,0.0,0.0503,0
4.6000000000000005,5174.8,2129.5,72.1,87.42,89.94,86.84,89.45,778.4,785.25,782.79,784.01,4.77,66.44,12.5,3.04,43.62,0.745,14.11,4.11,LANE_A,18580.0,-22.2,88.5,CRUISE_LOITER,1.0,0,500.0,-0.12,-0.1,-0.2,-0.09,-2.15,-0.3,0.24,-1.54,0.0,0.04,-0.04,-0.02,0.023,0.01,0.0497,0
4.65,5151.2,2119.8,72.1,87.81,90.4,86.76,89.54,781.76,783.04,781.84,786.09,4.77,66.46,12.66,2.99,43.78,0.718,14.07,4.02,LANE_A,18581.0,-22.2,88.5,CRUISE_LOITER,1.0,0,500.0,0.27,0.36,-0.28,0.0,1.21,-2.51,-0.71,0.54,0.0,0.06,0.12,0.14,-0.004,-0.03,0.0585,0
4.7,5143.0,2116.4,72.1,87.09,89.82,87.05,89.82,779.47,783.83,782.85,785.5,4.76,66.41,12.56,3.03,43.61,0.735,14.1,3.86,LANE_A,18582.0,-22.2,88.5,CRUISE_LOITER,1.0,0,500.0,-0.45,-0.22,0.01,0.28,-1.07,-1.71,0.31,-0.04,-0.01,0.01,0.02,-0.02,0.013,0.0,0.0412,0
4.75,5121.8,2107.7,72.2,87.68,90.28,87.01,89.3,780.61,784.78,782.65,783.46,4.8,66.51,12.53,3.01,43.56,0.759,14.11,4.11,LANE_A,18583.0,-22.2,88.5,CRUISE_LOITER,1.0,0,500.0,0.15,0.25,-0.02,-0.23,0.07,-0.76,0.11,-2.08,0.03,0.12,-0.01,-0.07,0.037,0.01,0.0525,0
4.800000000000001,5167.5,2126.6,72.2,87.55,89.7,86.65,89.54,781.23,785.95,782.05,785.74,4.8,66.48,12.62,2.98,43.68,0.716,14.1,4.13,LANE_A,18584.0,-22.2,88.5,CRUISE_LOITER,1.0,0,500.0,0.02,-0.33,-0.38,0.01,0.69,0.41,-0.49,0.2,0.03,0.09,0.08,0.05,-0.006,0.0,0.0363,0
4.8500000000000005,5157.8,2122.6,72.3,87.32,89.96,86.74,89.43,780.75,785.33,783.13,788.16,4.75,66.53,12.69,3.01,43.53,0.747,14.1,4.02,LANE_A,18585.0,-22.2,88.5,CRUISE_LOITER,1.0,0,500.0,-0.21,-0.07,-0.29,-0.1,0.21,-0.21,0.59,2.62,-0.02,0.14,0.15,-0.1,0.025,0.0,0.0602,0
4.9,5146.2,2117.8,72.2,87.1,90.13,87.14,89.48,781.16,785.96,783.61,788.76,4.75,66.36,12.53,2.99,43.6,0.69,14.09,3.97,LANE_A,18586.0,-22.2,88.5,CRUISE_LOITER,1.0,0,500.0,-0.43,0.1,0.11,-0.05,0.62,0.42,1.07,3.22,-0.02,-0.03,-0.01,-0.03,-0.032,-0.01,0.0726,0
4.95,5136.1,2113.6,71.8,87.26,89.7,86.94,89.32,778.59,784.35,783.11,784.05,4.74,66.21,12.6,3.0,43.61,0.713,14.11,4.02,LANE_A,18587.0,-22.2,88.5,CRUISE_LOITER,1.0,0,500.0,-0.26,-0.32,-0.08,-0.2,-1.95,-1.19,0.57,-1.49,-0.03,-0.17,0.06,-0.02,-0.009,0.01,0.0474,0
5.0,5160.7,2123.7,72.6,87.62,89.96,87.0,89.31,779.67,785.19,780.89,784.76,4.76,66.61,12.67,3.01,43.66,0.747,14.07,4.14,LANE_A,18587.0,-22.2,88.5,CRUISE_LOITER,1.0,0,500.0,0.1,-0.06,-0.02,-0.21,-0.87,-0.35,-1.65,-0.78,-0.01,0.23,0.13,0.03,0.025,-0.03,0.0408,0
5.050000000000001,5147.3,2118.2,72.3,87.61,89.83,87.14,89.57,780.23,787.48,782.75,786.4,4.81,66.21,12.58,2.98,43.57,0.732,14.09,3.99,LANE_A,18588.0,-22.2,88.5,CRUISE_LOITER,1.0,0,500.0,0.09,-0.19,0.12,0.05,-0.31,1.94,0.21,0.86,0.04,-0.17,0.04,-0.06,0.01,-0.01,0.047,0
5.1000000000000005,5174.4,2129.4,72.4,87.51,89.81,87.23,89.37,780.95,785.08,783.05,785.64,4.85,66.23,12.52,2.99,43.71,0.735,14.09,4.24,LANE_A,18589.0,-22.2,88.5,CRUISE_LOITER,1.0,0,500.0,-0.01,-0.21,0.21,-0.15,0.42,-0.45,0.52,0.11,0.08,-0.15,-0.02,0.09,0.013,-0.01,0.0864,0
5.15,5154.4,2121.2,72.2,87.74,89.86,86.92,89.55,781.8,787.3,782.76,785.95,4.82,66.57,12.47,3.0,43.63,0.729,14.07,4.12,LANE_A,18590.0,-22.2,88.5,CRUISE_LOITER,1.0,0,500.0,0.23,-0.15,-0.09,0.04,1.27,1.77,0.23,0.42,0.05,0.2,-0.07,0.01,0.007,-0.03,0.0579,0
5.2,5141.1,2115.7,71.9,87.54,89.97,87.38,89.18,779.65,786.98,783.45,785.47,4.78,66.36,12.59,3.03,43.38,0.71,14.14,4.07,LANE_A,18591.0,-22.2,88.5,CRUISE_LOITER,1.0,0,500.0,0.03,-0.04,0.37,-0.33,-0.88,1.45,0.92,-0.06,0.01,-0.01,0.05,-0.24,-0.012,0.04,0.0425,0
5.25,5162.6,2124.5,72.0,87.18,89.99,87.08,89.47,782.88,785.14,781.61,786.52,4.79,66.13,12.52,2.98,43.71,0.7,14.09,4.0,LANE_A,18592.0,-22.2,88.5,CRUISE_LOITER,1.0,0,500.0,-0.33,-0.02,0.07,-0.04,2.35,-0.39,-0.92,0.99,0.02,-0.24,-0.02,0.09,-0.022,-0.01,0.0543,0
5.300000000000001,5145.8,2117.6,72.5,87.32,90.08,86.96,89.71,781.57,785.92,782.2,785.73,4.77,66.07,12.53,3.0,43.58,0.702,14.12,4.2,LANE_A,18593.0,-22.2,88.5,CRUISE_LOITER,1.0,0,500.0,-0.18,0.08,-0.04,0.21,1.04,0.39,-0.33,0.2,0.0,-0.3,-0.01,-0.04,-0.02,0.02,0.0296,0
5.3500000000000005,5152.8,2120.5,72.0,87.49,89.78,86.98,89.39,779.97,784.26,783.33,785.56,4.77,66.37,12.59,3.02,43.4,0.715,14.11,3.89,LANE_A,18594.0,-22.2,88.5,CRUISE_LOITER,1.0,0,500.0,-0.01,-0.22,-0.02,-0.11,-0.56,-1.27,0.8,0.03,-0.01,0.01,0.05,-0.22,-0.007,0.01,0.0309,0
5.4,5159.2,2123.1,71.9,87.39,89.92,86.64,89.26,781.39,787.32,783.15,785.34,4.8,66.38,12.52,3.01,43.75,0.716,14.08,3.85,LANE_A,18594.0,-22.2,88.5,CRUISE_LOITER,1.0,0,500.0,-0.11,-0.08,-0.36,-0.24,0.86,1.79,0.62,-0.19,0.02,0.02,-0.02,0.13,-0.006,-0.02,0.0427,0
5.45,5156.2,2121.9,71.9,87.47,89.88,86.88,89.46,778.88,785.87,783.84,786.43,4.8,66.52,12.62,3.02,43.61,0.719,14.1,4.03,LANE_A,18595.0,-22.2,88.5,CRUISE_LOITER,1.0,0,500.0,-0.03,-0.12,-0.12,-0.04,-1.64,0.35,1.32,0.91,0.02,0.16,0.08,-0.01,-0.003,0.0,0.039,0
5.5,5150.8,2119.7,72.3,87.46,89.8,87.31,89.28,781.24,784.36,783.39,785.75,4.78,66.19,12.51,2.98,43.51,0.727,14.06,4.09,LANE_A,18596.0,-22.2,88.5,CRUISE_LOITER,1.0,0,500.0,-0.03,-0.19,0.32,-0.21,0.72,-1.16,0.87,0.23,0.0,-0.17,-0.03,-0.11,0.005,-0.04,0.041,0
5.550000000000001,5164.6,2125.4,72.2,87.85,90.09,86.57,89.48,778.04,786.88,781.79,783.82,4.74,66.29,12.67,3.03,43.52,0.726,14.09,4.23,LANE_A,18597.0,-22.2,88.6,CRUISE_LOITER,1.0,0,500.0,0.36,0.1,-0.42,-0.01,-2.48,1.36,-0.73,-1.7,-0.04,-0.06,0.13,-0.09,0.004,-0.01,0.0597,0
5.6000000000000005,5136.9,2113.9,72.3,87.46,90.17,87.14,89.39,779.93,786.59,782.06,787.04,4.81,66.54,12.55,3.03,43.57,0.715,14.14,4.13,LANE_A,18598.0,-22.2,88.6,CRUISE_LOITER,1.0,0,500.0,-0.03,0.18,0.15,-0.1,-0.59,1.07,-0.46,1.52,0.03,0.19,0.01,-0.04,-0.007,0.04,0.0417,0
5.65,5148.6,2118.8,72.0,87.79,90.08,86.87,89.34,780.62,785.49,784.19,785.73,4.8,66.55,12.52,2.98,43.41,0.728,14.09,4.27,LANE_A,18599.0,-22.2,88.6,CRUISE_LOITER,1.0,0,500.0,0.31,0.1,-0.11,-0.14,0.1,-0.03,1.67,0.21,0.02,0.2,-0.02,-0.2,0.006,-0.01,0.0394,0
5.7,5155.8,2121.7,72.2,87.22,90.08,87.02,89.56,780.97,783.96,783.03,784.54,4.75,66.19,12.49,2.99,43.57,0.719,14.06,4.08,LANE_A,18600.0,-22.2,88.6,CRUISE_LOITER,1.0,0,500.0,-0.26,0.1,0.04,0.08,0.45,-1.56,0.51,-0.98,-0.03,-0.15,-0.05,-0.04,-0.003,-0.04,0.0417,0
5.75,5141.9,2116.0,72.1,87.36,90.07,86.79,89.44,780.41,785.62,783.47,785.47,4.78,66.27,12.5,2.99,43.56,0.746,14.09,4.2,LANE_A,18601.0,-22.2,88.6,CRUISE_LOITER,1.0,0,500.0,-0.12,0.09,-0.19,-0.04,-0.11,0.1,0.95,-0.05,0.0,-0.07,-0.04,-0.05,0.024,-0.01,0.0333,0
5.800000000000001,5167.9,2126.7,72.3,87.6,90.17,86.84,89.72,781.42,784.21,779.29,783.24,4.74,66.46,12.43,3.0,43.67,0.722,14.1,4.08,LANE_A,18601.0,-22.2,88.6,CRUISE_LOITER,1.0,0,500.0,0.12,0.19,-0.14,0.24,0.9,-1.31,-3.23,-2.28,-0.04,0.12,-0.11,0.06,0.0,0.0,0.0742,0
5.8500000000000005,5142.9,2116.4,72.2,87.81,90.22,87.0,89.35,781.41,784.14,781.32,784.8,4.75,66.48,12.61,2.99,43.53,0.708,14.12,4.18,LANE_A,18602.0,-22.2,88.6,CRUISE_LOITER,1.0,0,500.0,0.34,0.25,0.03,-0.12,0.9,-1.37,-1.19,-0.71,-0.03,0.14,0.08,-0.08,-0.014,0.02,0.0382,0
5.9,5150.3,2119.5,72.1,87.59,89.96,86.98,89.51,780.3,786.61,781.66,783.63,4.8,66.4,12.62,3.01,43.9,0.714,14.11,3.99,LANE_A,18603.0,-22.2,88.6,CRUISE_LOITER,1.0,0,500.0,0.12,-0.01,0.01,0.04,-0.21,1.1,-0.85,-1.88,0.02,0.07,0.09,0.29,-0.008,0.01,0.0446,0
5.95,5157.1,2122.3,72.6,87.29,89.79,87.04,89.57,782.62,786.4,782.58,786.3,4.82,66.36,12.47,3.0,43.61,0.729,14.1,4.23,LANE_A,18604.0,-22.2,88.6,CRUISE_LOITER,1.0,0,500.0,-0.18,-0.18,0.07,0.1,2.11,0.89,0.07,0.79,0.04,0.03,-0.06,0.01,0.007,0.0,0.0494,0
6.0,5146.8,2118.0,72.5,87.28,89.91,86.86,89.6,780.78,783.55,780.33,786.72,4.77,66.31,12.46,3.01,43.7,0.746,14.09,4.13,LANE_A,18605.0,-22.2,88.6,CRUISE_LOITER,1.0,0,500.0,-0.18,-0.05,-0.1,0.14,0.27,-1.96,-2.18,1.21,-0.01,-0.02,-0.07,0.1,0.024,-0.01,0.0517,0
6.050000000000001,5148.5,2118.7,72.1,87.52,90.07,87.06,89.43,779.44,785.75,781.71,785.96,4.79,66.3,12.56,2.98,43.71,0.706,14.08,4.04,LANE_A,18606.0,-22.2,88.6,CRUISE_LOITER,1.0,0,500.0,0.06,0.11,0.1,-0.03,-1.07,0.24,-0.8,0.45,0.01,-0.03,0.03,0.11,-0.016,-0.02,0.0266,0
6.1000000000000005,5164.8,2125.4,71.9,87.55,90.25,86.82,89.53,780.04,783.79,782.22,783.85,4.75,66.54,12.48,2.99,43.47,0.73,14.11,4.06,LANE_A,18607.0,-22.2,88.6,CRUISE_LOITER,1.0,0,500.0,0.09,0.29,-0.14,0.07,-0.47,-1.72,-0.29,-1.66,-0.03,0.22,-0.05,-0.13,0.008,0.01,0.0421,0
6.15,5156.4,2122.0,72.1,87.45,89.9,86.9,89.57,778.92,783.22,781.25,786.93,4.76,66.48,12.55,3.01,43.59,0.727,14.12,4.16,LANE_A,18608.0,-22.2,88.6,CRUISE_LOITER,1.0,0,500.0,-0.01,-0.06,-0.06,0.11,-1.59,-2.29,-1.26,1.42,-0.02,0.16,0.02,-0.01,0.005,0.02,0.0536,0
6.2,5131.0,2111.5,72.2,87.65,90.02,87.08,89.59,781.75,784.41,781.56,783.66,4.74,66.28,12.38,2.98,43.82,0.736,14.1,4.01,LANE_A,18608.0,-22.2,88.6,CRUISE_LOITER,1.0,0,500.0,0.2,0.07,0.13,0.14,1.25,-1.09,-0.94,-1.84,-0.04,-0.04,-0.15,0.22,0.014,0.0,0.0491,0
6.25,5131.8,2111.9,72.4,87.44,90.17,86.75,89.8,780.79,784.59,781.75,785.23,4.75,66.68,12.48,3.03,43.58,0.711,14.13,4.1,LANE_A,18609.0,-22.2,88.6,CRUISE_LOITER,1.0,0,500.0,-0.01,0.22,-0.2,0.35,0.29,-0.91,-0.75,-0.27,-0.03,0.36,-0.05,-0.02,-0.011,0.03,0.0375,0
6.300000000000001,5148.3,2118.6,72.4,87.36,89.85,86.96,89.54,779.22,782.51,784.23,784.02,4.82,66.44,12.43,3.0,43.54,0.728,14.14,4.16,LANE_A,18610.0,-22.2,88.6,CRUISE_LOITER,1.0,0,500.0,-0.09,-0.1,0.01,0.09,-1.28,-2.99,1.73,-1.48,0.04,0.13,-0.1,-0.06,0.006,0.04,0.0696,0
6.3500000000000005,5156.3,2121.9,72.4,87.43,89.79,87.2,89.4,781.03,785.37,783.96,786.3,4.78,66.4,12.51,3.02,43.49,0.715,14.09,4.14,LANE_A,18611.0,-22.2,88.6,CRUISE_LOITER,1.0,0,500.0,-0.01,-0.15,0.26,-0.04,0.53,-0.13,1.46,0.8,0.0,0.09,-0.02,-0.1,-0.007,-0.01,0.0342,0
6.4,5152.9,2120.6,71.7,87.94,89.81,86.99,89.35,782.16,787.56,780.33,785.56,4.83,66.21,12.61,2.98,43.69,0.694,14.08,4.11,LANE_A,18612.0,-22.2,88.6,CRUISE_LOITER,1.0,0,500.0,0.5,-0.13,0.05,-0.09,1.66,2.06,-2.17,0.06,0.05,-0.1,0.08,0.1,-0.028,-0.02,0.0612,0
6.45,5149.9,2119.3,72.4,87.43,90.07,86.63,89.8,779.73,784.94,780.08,785.64,4.81,66.32,12.44,3.02,43.59,0.749,14.11,3.95,LANE_A,18613.0,-22.2,88.6,CRUISE_LOITER,1.0,0,500.0,-0.01,0.13,-0.31,0.36,-0.77,-0.56,-2.42,0.14,0.03,0.01,-0.09,0.0,0.027,0.01,0.0568,0
6.5,5153.7,2120.8,72.2,87.29,90.04,86.96,89.48,779.33,786.57,783.96,785.49,4.75,66.16,12.62,3.0,43.53,0.721,14.1,4.03,LANE_A,18614.0,-22.2,88.6,CRUISE_LOITER,1.0,0,500.0,-0.15,0.1,0.02,0.04,-1.17,1.07,1.46,-0.01,-0.03,-0.14,0.09,-0.06,-0.001,0.0,0.0367,0
6.550000000000001,5162.7,2124.6,72.0,87.26,89.95,86.89,89.56,781.03,785.26,783.43,787.48,4.83,66.37,12.49,2.99,43.5,0.724,14.09,4.0,LANE_A,18615.0,-22.2,88.7,CRUISE_LOITER,1.0,0,500.0,-0.17,0.02,-0.04,0.13,0.53,-0.24,0.93,1.98,0.05,0.07,-0.04,-0.09,0.002,-0.01,0.057,0
6.6000000000000005,5165.0,2125.5,72.2,87.1,89.77,87.02,89.19,782.67,783.57,781.52,786.19,4.79,66.17,12.57,3.03,43.56,0.724,14.12,4.15,LANE_A,18615.0,-22.2,88.7,CRUISE_LOITER,1.0,0,500.0,-0.33,-0.16,0.09,-0.24,2.18,-1.92,-0.97,0.7,0.01,-0.13,0.04,-0.03,0.002,0.02,0.0516,0
6.65,5140.4,2115.4,72.2,87.61,90.28,86.99,89.31,779.83,785.83,784.03,784.47,4.8,66.23,12.58,3.01,43.74,0.735,14.09,4.02,LANE_A,18616.0,-22.2,88.7,CRUISE_LOITER,1.0,0,500.0,0.18,0.35,0.06,-0.12,-0.66,0.34,1.54,-1.02,0.02,-0.07,0.05,0.15,0.013,-0.01,0.0377,0
6.7,5150.7,2119.6,72.6,87.47,89.76,87.17,89.3,780.66,784.32,780.51,783.75,4.75,66.32,12.61,3.01,43.66,0.713,14.08,4.2,LANE_A,18617.0,-22.2,88.7,CRUISE_LOITER,1.0,0,500.0,0.05,-0.16,0.25,-0.12,0.17,-1.17,-1.98,-1.74,-0.03,0.03,0.08,0.07,-0.009,-0.02,0.0479,0
6.75,5176.8,2130.4,72.3,87.56,90.06,86.99,89.43,780.15,786.49,781.53,785.23,4.79,66.42,12.55,3.0,43.51,0.751,14.11,3.92,LANE_A,18618.0,-22.2,88.7,CRUISE_LOITER,1.0,0,500.0,0.14,0.14,0.07,0.01,-0.34,1.0,-0.96,-0.26,0.01,0.13,0.02,-0.07,0.029,0.01,0.0403,0
6.800000000000001,5158.0,2122.6,72.1,87.6,89.96,86.89,89.65,779.46,783.87,782.76,785.32,4.8,66.08,12.47,2.96,43.67,0.713,14.07,4.23,LANE_A,18619.0,-22.2,88.7,CRUISE_LOITER,1.0,0,500.0,0.18,0.04,-0.03,0.23,-1.03,-1.62,0.27,-0.17,0.02,-0.21,-0.06,0.09,-0.009,-0.03,0.0392,0
6.8500000000000005,5120.0,2107.0,72.7,87.51,89.78,86.93,89.38,781.93,784.61,781.14,786.7,4.81,66.02,12.41,3.02,43.74,0.707,14.13,3.95,LANE_A,18620.0,-22.2,88.7,CRUISE_LOITER,1.0,0,500.0,0.09,-0.14,0.01,-0.04,1.44,-0.88,-1.35,1.21,0.03,-0.26,-0.12,0.16,-0.015,0.03,0.039,0
6.9,5156.6,2122.1,72.0,87.62,90.18,86.53,89.54,779.66,785.65,782.17,785.81,4.78,66.28,12.6,2.97,43.43,0.728,14.08,4.19,LANE_A,18621.0,-22.2,88.7,CRUISE_LOITER,1.0,0,500.0,0.21,0.27,-0.38,0.13,-0.83,0.16,-0.32,0.32,0.0,0.0,0.07,-0.15,0.006,-0.02,0.0345,0
6.95,5153.5,2120.8,72.0,87.06,90.0,86.77,89.27,783.26,785.18,784.48,784.46,4.74,66.13,12.42,3.01,43.51,0.731,14.1,4.03,LANE_A,18622.0,-22.2,88.7,CRUISE_LOITER,1.0,0,500.0,-0.35,0.09,-0.14,-0.14,2.78,-0.3,2.0,-1.02,-0.04,-0.15,-0.11,-0.07,0.009,0.0,0.0649,0
7.0,5155.6,2121.7,72.1,87.31,89.93,87.1,89.76,778.55,786.48,783.63,785.59,4.76,66.32,12.6,2.98,43.44,0.72,14.11,4.0,LANE_A,18622.0,-22.2,88.7,CRUISE_LOITER,1.0,0,500.0,-0.1,0.02,0.19,0.35,-1.93,1.0,1.15,0.11,-0.02,0.04,0.07,-0.14,-0.002,0.01,0.0457,0
7.050000000000001,5125.2,2109.1,72.3,87.5,89.83,86.75,89.58,779.8,784.76,782.67,785.05,4.78,66.25,12.36,3.02,43.63,0.748,14.08,4.14,LANE_A,18623.0,-22.2,88.7,CRUISE_LOITER,1.0,0,500.0,0.1,-0.07,-0.15,0.18,-0.68,-0.72,0.19,-0.43,0.0,-0.02,-0.17,0.05,0.026,-0.02,0.0404,0
7.1000000000000005,5142.3,2116.2,72.3,87.16,89.79,86.79,89.32,778.9,786.91,781.91,785.02,4.77,66.29,12.6,2.99,43.54,0.732,14.12,4.22,LANE_A,18624.0,-22.2,88.7,CRUISE_LOITER,1.0,0,500.0,-0.24,-0.11,-0.11,-0.08,-1.58,1.43,-0.57,-0.46,-0.01,0.02,0.07,-0.04,0.01,0.02,0.0381,0
7.15,5132.2,2112.0,72.3,87.48,89.86,87.01,89.56,778.83,785.63,781.31,785.89,4.78,66.47,12.55,2.99,43.54,0.707,14.12,4.01,LANE_A,18625.0,-22.3,88.7,CRUISE_LOITER,1.0,0,500.0,0.08,-0.04,0.11,0.16,-1.65,0.15,-1.17,0.41,0.0,0.2,0.02,-0.04,-0.015,0.02,0.0388,0
7.2,5156.3,2121.9,72.2,87.1,89.8,86.86,89.4,779.51,785.15,782.55,785.73,4.81,66.53,12.61,2.99,43.57,0.724,14.1,3.99,LANE_A,18626.0,-22.3,88.7,CRUISE_LOITER,1.0,0,500.0,-0.3,-0.1,-0.04,0.0,-0.97,-0.33,0.07,0.25,0.03,0.26,0.08,0.0,0.002,0.0,0.0355,0
7.25,5165.3,2125.6,72.2,87.26,89.69,86.91,89.48,781.0,785.86,782.98,786.52,4.83,66.22,12.58,3.02,43.62,0.739,14.13,4.05,LANE_A,18627.0,-22.3,88.7,CRUISE_LOITER,1.0,0,500.0,-0.13,-0.2,0.02,0.09,0.52,0.38,0.5,1.04,0.05,-0.04,0.05,0.05,0.017,0.03,0.0568,0
7.300000000000001,5154.4,2121.1,71.6,87.37,90.01,86.85,89.44,779.61,787.45,781.2,784.47,4.73,66.17,12.51,3.02,43.71,0.729,14.09,4.11,LANE_A,18628.0,-22.3,88.7,CRUISE_LOITER,1.0,0,500.0,-0.02,0.12,-0.04,0.05,-0.87,1.97,-1.28,-1.01,-0.05,-0.09,-0.02,0.14,0.007,-0.01,0.0578,0
7.3500000000000005,5152.3,2120.3,72.4,87.55,89.87,86.91,89.28,780.46,784.96,782.56,785.1,4.75,66.41,12.62,2.97,43.59,0.742,14.08,3.95,LANE_A,18629.0,-22.3,88.7,CRUISE_LOITER,1.0,0,500.0,0.16,-0.02,0.02,-0.11,-0.01,-0.51,0.09,-0.37,-0.03,0.15,0.09,0.02,0.02,-0.02,0.0357,0
7.4,5146.9,2118.1,72.4,87.33,89.85,86.99,89.38,781.43,787.74,782.74,784.39,4.77,66.47,12.66,3.0,43.36,0.729,14.1,4.09,LANE_A,18629.0,-22.3,88.7,CRUISE_LOITER,1.0,0,500.0,-0.05,-0.03,0.11,0.0,0.96,2.27,0.27,-1.08,-0.01,0.21,0.13,-0.21,0.007,0.0,0.0522,0
7.45,5150.7,2119.6,72.0,87.38,90.02,86.75,89.55,778.9,788.0,781.55,786.55,4.78,66.09,12.45,2.96,43.57,0.731,14.12,3.99,LANE_A,18630.0,-22.3,88.7,CRUISE_LOITER,1.0,0,500.0,0.0,0.14,-0.13,0.17,-1.57,2.53,-0.92,1.08,0.0,-0.16,-0.08,0.0,0.009,0.02,0.058,0
7.5,5152.7,2120.5,71.9,87.29,89.81,87.09,89.37,780.84,786.6,782.45,784.89,4.74,66.26,12.34,3.01,43.6,0.769,14.12,4.16,LANE_A,18631.0,-22.3,88.7,CRUISE_LOITER,1.0,0,500.0,-0.09,-0.07,0.21,-0.01,0.37,1.13,-0.02,-0.58,-0.04,0.01,-0.19,0.03,0.047,0.02,0.065,0
7.550000000000001,5152.1,2120.2,72.2,87.6,90.14,86.79,89.19,782.76,785.99,780.68,784.95,4.8,66.14,12.58,2.96,43.66,0.716,14.05,4.22,LANE_A,18632.0,-22.3,88.8,CRUISE_LOITER,1.0,0,500.0,0.22,0.26,-0.09,-0.19,2.29,0.52,-1.79,-0.52,0.02,-0.11,0.05,0.09,-0.006,-0.05,0.0548,0
7.6000000000000005,5141.6,2115.9,72.4,87.28,90.03,86.62,89.66,781.34,785.25,782.68,785.57,4.79,66.11,12.58,2.97,43.7,0.715,14.12,4.07,LANE_A,18633.0,-22.3,88.8,CRUISE_LOITER,1.0,0,500.0,-0.09,0.16,-0.25,0.29,0.87,-0.22,0.21,0.1,0.01,-0.14,0.05,0.14,-0.007,0.02,0.0274,0
7.65,5165.9,2125.9,72.3,87.5,89.67,86.97,89.4,780.23,785.58,785.61,785.64,4.76,66.26,12.47,2.97,43.39,0.713,14.1,4.09,LANE_A,18634.0,-22.3,88.8,CRUISE_LOITER,1.0,0,500.0,0.13,-0.2,0.1,0.03,-0.24,0.11,3.14,0.17,-0.02,0.02,-0.06,-0.17,-0.009,0.0,0.069,0
7.7,5171.9,2128.3,72.0,87.17,89.96,86.68,89.42,782.92,785.85,784.02,785.66,4.83,66.04,12.54,3.04,43.53,0.723,14.06,3.93,LANE_A,18635.0,-22.3,88.8,CRUISE_LOITER,1.0,0,500.0,-0.2,0.09,-0.19,0.05,2.45,0.38,1.55,0.19,0.05,-0.2,0.01,-0.03,0.001,-0.04,0.0593,0
7.75,5165.1,2125.6,72.4,86.89,89.89,87.04,89.41,779.19,786.21,782.32,785.28,4.8,66.35,12.58,3.0,43.55,0.734,14.11,4.06,LANE_A,18636.0,-22.3,88.8,CRUISE_LOITER,1.0,0,500.0,-0.48,0.02,0.17,0.04,-1.27,0.75,-0.14,-0.18,0.02,0.11,0.05,-0.01,0.012,0.01,0.0421,0
7.800000000000001,5158.8,2123.0,72.1,87.16,90.01,86.96,89.57,780.91,785.55,782.54,784.26,4.78,66.25,12.63,3.0,43.65,0.713,14.11,4.05,LANE_A,18636.0,-22.3,88.8,CRUISE_LOITER,1.0,0,500.0,-0.2,0.15,0.1,0.21,0.45,0.09,0.08,-1.2,0.0,0.01,0.1,0.09,-0.009,0.01,0.0292,0
7.8500000000000005,5138.3,2114.5,72.4,87.27,89.92,86.77,89.37,779.39,786.19,783.05,785.53,4.83,66.23,12.43,2.96,43.64,0.727,14.07,4.05,LANE_A,18637.0,-22.3,88.8,CRUISE_LOITER,1.0,0,500.0,-0.09,0.06,-0.09,0.01,-1.07,0.73,0.59,0.07,0.05,0.0,-0.09,0.08,0.005,-0.03,0.0565,0
7.9,5127.1,2109.9,72.2,87.44,89.72,86.73,89.22,781.86,785.55,780.09,784.88,4.7,66.62,12.54,2.99,43.62,0.736,14.09,4.15,LANE_A,18638.0,-22.3,88.8,CRUISE_LOITER,1.0,0,500.0,0.08,-0.14,-0.13,-0.14,1.4,0.09,-2.37,-0.58,-0.08,0.39,0.02,0.06,0.014,-0.01,0.0885,0
7.95,5172.5,2128.6,72.1,87.4,89.93,86.88,89.62,782.52,785.48,782.41,786.11,4.75,66.08,12.5,3.02,43.49,0.731,14.1,4.06,LANE_A,18639.0,-22.3,88.8,CRUISE_LOITER,1.0,0,500.0,0.05,0.08,0.03,0.27,2.06,0.02,-0.05,0.65,-0.03,-0.15,-0.02,-0.07,0.009,0.0,0.0473,0
8.0,5160.9,2123.8,72.3,87.41,89.84,86.96,89.31,780.89,783.6,781.64,784.87,4.82,66.14,12.59,2.99,43.55,0.713,14.11,4.11,LANE_A,18640.0,-22.3,88.8,CRUISE_LOITER,1.0,0,500.0,0.06,-0.01,0.11,-0.04,0.43,-1.86,-0.82,-0.59,0.04,-0.08,0.07,0.0,-0.009,0.01,0.0467,0
8.05,5141.2,2115.7,72.0,87.18,90.22,87.06,89.25,781.31,785.16,781.55,785.49,4.83,66.11,12.47,3.02,43.45,0.732,14.12,4.12,LANE_A,18641.0,-22.3,88.8,CRUISE_LOITER,1.0,0,500.0,-0.17,0.37,0.21,-0.1,0.85,-0.3,-0.91,0.03,0.05,-0.11,-0.05,-0.1,0.01,0.02,0.0571,0
8.1,5132.5,2112.2,72.5,87.62,89.63,86.88,89.26,782.32,785.12,784.6,786.74,4.79,66.26,12.49,2.99,43.83,0.727,14.12,4.08,LANE_A,18642.0,-22.3,88.8,CRUISE_LOITER,1.0,0,500.0,0.27,-0.22,0.03,-0.09,1.87,-0.33,2.15,1.29,0.01,0.04,-0.03,0.28,0.005,0.02,0.0514,0
8.15,5145.2,2117.4,72.3,87.44,89.77,86.88,89.59,781.88,784.57,784.51,787.2,4.81,66.39,12.49,3.0,43.59,0.718,14.12,4.16,LANE_A,18643.0,-22.3,88.8,CRUISE_LOITER,1.0,0,500.0,0.1,-0.07,0.04,0.25,1.43,-0.88,2.06,1.75,0.03,0.17,-0.03,0.04,-0.004,0.02,0.0496,0
8.200000000000001,5164.9,2125.5,72.1,87.79,89.68,86.79,89.25,779.31,785.54,783.31,786.51,4.77,66.27,12.61,3.02,43.46,0.698,14.09,3.97,LANE_A,18643.0,-22.3,88.8,CRUISE_LOITER,1.0,0,500.0,0.45,-0.16,-0.05,-0.09,-1.14,0.09,0.86,1.06,-0.01,0.06,0.09,-0.09,-0.024,-0.01,0.041,0
8.25,5154.9,2121.3,72.4,87.37,89.74,86.86,89.28,780.07,785.01,781.83,785.74,4.84,66.14,12.5,3.0,43.58,0.723,14.09,3.93,LANE_A,18644.0,-22.3,88.8,CRUISE_LOITER,1.0,0,500.0,0.03,-0.1,0.02,-0.06,-0.38,-0.44,-0.62,0.29,0.06,-0.07,-0.02,0.03,0.001,-0.01,0.0653,0
8.3,5138.8,2114.7,72.2,87.34,89.79,86.84,89.42,780.43,785.51,782.67,785.92,4.82,66.28,12.57,3.0,43.67,0.7,14.11,4.04,LANE_A,18645.0,-22.3,88.8,CRUISE_LOITER,1.0,0,500.0,0.01,-0.04,0.01,0.09,-0.02,0.06,0.22,0.47,0.04,0.07,0.05,0.12,-0.022,0.01,0.0454,0
8.35,5165.2,2125.6,72.3,87.29,90.11,87.07,89.68,783.68,784.86,784.55,785.97,4.75,66.12,12.43,3.04,43.55,0.753,14.07,3.87,LANE_A,18646.0,-22.3,88.8,CRUISE_LOITER,1.0,0,500.0,-0.04,0.28,0.24,0.35,3.23,-0.59,2.1,0.52,-0.03,-0.09,-0.09,0.0,0.031,-0.03,0.0747,0
8.4,5160.6,2123.7,72.4,87.25,89.74,86.82,89.39,782.06,785.44,782.69,785.73,4.8,66.17,12.53,2.99,43.58,0.72,14.11,4.02,LANE_A,18647.0,-22.3,88.8,CRUISE_LOITER,1.0,0,500.0,-0.08,-0.09,-0.01,0.06,1.61,-0.01,0.24,0.28,0.02,-0.03,0.01,0.03,-0.002,0.01,0.0365,0
8.450000000000001,5139.4,2115.0,72.4,87.34,89.76,87.1,89.21,781.16,786.71,782.19,784.63,4.83,66.41,12.4,3.02,43.59,0.733,14.12,4.02,LANE_A,18648.0,-22.3,88.8,CRUISE_LOITER,1.0,0,500.0,0.01,-0.07,0.27,-0.12,0.71,1.26,-0.26,-0.82,0.05,0.21,-0.12,0.05,0.011,0.02,0.0573,0
8.5,5133.9,2112.7,72.0,87.7,89.85,86.77,89.42,781.7,786.69,781.48,784.74,4.81,66.14,12.56,2.99,43.44,0.725,14.1,4.1,LANE_A,18649.0,-22.3,88.8,CRUISE_LOITER,1.0,0,500.0,0.38,0.03,-0.05,0.1,1.26,1.25,-0.96,-0.7,0.03,-0.06,0.04,-0.1,0.003,0.0,0.0372,0
8.55,5161.3,2124.0,72.2,87.0,89.52,86.55,89.17,779.3,785.45,782.66,784.6,4.78,66.17,12.44,2.97,43.48,0.737,14.1,4.02,LANE_A,18650.0,-22.3,88.9,CRUISE_LOITER,1.0,0,500.0,-0.32,-0.3,-0.27,-0.15,-1.14,0.01,0.22,-0.84,0.0,-0.03,-0.08,-0.06,0.015,0.0,0.0307,0
8.6,5160.6,2123.7,72.3,87.15,89.87,86.66,89.53,780.11,783.68,783.84,786.43,4.79,66.27,12.58,2.98,43.4,0.709,14.09,4.0,LANE_A,18650.0,-22.3,88.9,CRUISE_LOITER,1.0,0,500.0,-0.17,0.05,-0.16,0.21,-0.33,-1.76,1.4,0.99,0.01,0.08,0.06,-0.14,-0.013,-0.01,0.0421,0
8.65,5154.3,2121.1,72.7,87.37,89.88,86.76,89.23,780.16,787.61,783.49,784.79,4.76,66.0,12.6,2.97,43.47,0.726,14.07,4.13,LANE_A,18651.0,-22.3,88.9,CRUISE_LOITER,1.0,0,500.0,0.06,0.07,-0.05,-0.08,-0.28,2.17,1.05,-0.65,-0.02,-0.19,0.08,-0.07,0.004,-0.03,0.05,0
8.700000000000001,5139.0,2114.8,72.7,86.92,89.89,86.49,89.19,781.06,784.1,782.78,785.4,4.81,66.08,12.45,2.97,43.63,0.724,14.13,3.9,LANE_A,18652.0,-22.3,88.9,CRUISE_LOITER,1.0,0,500.0,-0.39,0.08,-0.32,-0.12,0.62,-1.34,0.34,-0.04,0.03,-0.11,-0.07,0.09,0.002,0.03,0.0378,0
8.75,5165.9,2125.9,72.2,87.5,89.46,86.69,89.61,778.6,785.55,781.28,784.61,4.83,66.12,12.49,2.98,43.64,0.717,14.09,4.14,LANE_A,18653.0,-22.3,88.9,CRUISE_LOITER,1.0,0,500.0,0.19,-0.35,-0.12,0.3,-1.84,0.11,-1.16,-0.83,0.05,-0.07,-0.03,0.1,-0.005,-0.01,0.0582,0
8.8,5172.3,2128.5,72.4,87.54,89.75,87.14,89.53,779.02,785.73,780.97,786.9,4.8,66.22,12.55,2.99,43.51,0.742,14.09,3.93,LANE_A,18654.0,-22.3,88.9,CRUISE_LOITER,1.0,0,500.0,0.23,-0.06,0.33,0.22,-1.42,0.29,-1.47,1.46,0.02,0.04,0.03,-0.03,0.02,-0.01,0.0377,0
8.85,5172.4,2128.5,72.2,87.2,89.6,86.6,89.21,779.63,785.39,781.38,787.39,4.74,66.37,12.49,3.0,43.67,0.736,14.13,4.07,LANE_A,18655.0,-22.3,88.9,CRUISE_LOITER,1.0,0,500.0,-0.1,-0.2,-0.2,-0.09,-0.8,-0.04,-1.05,1.96,-0.04,0.19,-0.03,0.14,0.014,0.03,0.0484,0
8.9,5153.2,2120.6,71.8,87.28,89.87,87.17,89.56,781.46,785.73,782.44,785.6,4.81,66.02,12.42,2.99,43.62,0.707,14.11,3.91,LANE_A,18656.0,-22.3,88.9,CRUISE_LOITER,1.0,0,500.0,-0.02,0.07,0.37,0.26,1.03,0.3,0.01,0.17,0.03,-0.16,-0.1,0.09,-0.015,0.01,0.0369,0
8.950000000000001,5163.8,2125.0,72.2,87.15,89.63,86.72,89.39,779.48,784.46,781.58,784.31,4.76,66.14,12.57,3.0,43.62,0.736,14.11,4.09,LANE_A,18657.0,-22.3,88.9,CRUISE_LOITER,1.0,0,500.0,-0.15,-0.17,-0.08,0.09,-0.95,-0.97,-0.85,-1.12,-0.02,-0.04,0.05,0.09,0.014,0.01,0.0289,0
9.0,5140.9,2115.6,72.2,87.46,89.5,86.83,89.3,777.07,787.04,781.1,783.15,4.78,66.16,12.47,3.03,43.53,0.716,14.08,4.07,LANE_A,18657.0,-22.3,88.9,CRUISE_LOITER,1.0,0,500.0,0.17,-0.29,0.04,0.01,-3.36,1.61,-1.33,-2.28,0.0,-0.01,-0.05,0.0,-0.006,-0.02,0.0761,0
9.05,5149.8,2119.3,72.1,87.15,89.84,86.85,89.12,780.9,782.54,781.59,786.74,4.72,66.09,12.56,3.02,43.49,0.731,14.12,4.14,LANE_A,18658.0,-22.3,88.9,CRUISE_LOITER,1.0,0,500.0,-0.14,0.05,0.06,-0.17,0.47,-2.89,-0.84,1.31,-0.06,-0.08,0.04,-0.04,0.009,0.02,0.0692,0
9.1,5159.4,2123.2,72.5,87.29,89.97,86.9,89.34,778.73,786.21,780.69,785.17,4.76,66.32,12.57,3.01,43.56,0.693,14.12,4.11,LANE_A,18659.0,-22.3,88.9,CRUISE_LOITER,1.0,0,500.0,0.0,0.18,0.11,0.05,-1.7,0.78,-1.74,-0.26,-0.02,0.15,0.05,0.03,-0.029,0.02,0.0429,0
9.15,5147.1,2118.2,72.0,86.9,89.74,86.67,89.26,780.59,783.9,782.36,786.6,4.78,66.11,12.41,3.02,43.41,0.722,14.09,4.12,LANE_A,18660.0,-22.3,88.9,CRUISE_LOITER,1.0,0,500.0,-0.39,-0.05,-0.12,-0.03,0.16,-1.53,-0.07,1.17,0.0,-0.05,-0.11,-0.12,0.0,-0.01,0.037,0
9.200000000000001,5176.6,2130.3,72.2,87.34,89.82,86.88,89.21,782.39,785.83,780.72,784.5,4.79,65.85,12.61,3.0,43.41,0.707,14.11,4.12,LANE_A,18661.0,-22.3,88.9,CRUISE_LOITER,1.0,0,500.0,0.06,0.04,0.1,-0.07,1.96,0.4,-1.71,-0.93,0.01,-0.31,0.09,-0.12,-0.015,0.01,0.0466,0
9.25,5155.5,2121.6,72.4,87.33,89.83,86.96,89.27,781.33,784.77,781.07,785.98,4.8,66.15,12.52,3.0,43.69,0.732,14.1,4.22,LANE_A,18662.0,-22.3,88.9,CRUISE_LOITER,1.0,0,500.0,0.05,0.05,0.18,-0.01,0.91,-0.65,-1.35,0.56,0.02,-0.01,0.0,0.17,0.01,0.0,0.0327,0
9.3,5159.5,2123.2,72.7,87.15,90.05,86.85,89.39,778.52,786.02,782.91,784.99,4.82,66.15,12.55,3.01,43.43,0.712,14.11,4.07,LANE_A,18663.0,-22.3,88.9,CRUISE_LOITER,1.0,0,500.0,-0.13,0.27,0.07,0.11,-1.9,0.6,0.49,-0.43,0.04,-0.01,0.03,-0.09,-0.01,0.01,0.0471,0
9.35,5155.5,2121.6,72.4,87.16,90.16,86.62,89.09,780.9,786.41,782.64,784.52,4.72,66.26,12.58,3.0,43.65,0.718,14.11,3.94,LANE_A,18664.0,-22.3,88.9,CRUISE_LOITER,1.0,0,500.0,-0.11,0.39,-0.15,-0.18,0.48,0.99,0.22,-0.9,-0.06,0.11,0.06,0.13,-0.004,0.01,0.0671,0
9.4,5152.3,2120.3,72.1,87.28,89.89,86.8,89.51,781.76,786.46,783.79,784.78,4.8,66.13,12.51,2.95,43.41,0.757,14.09,4.05,LANE_A,18664.0,-22.3,88.9,CRUISE_LOITER,1.0,0,500.0,0.01,0.12,0.03,0.24,1.34,1.04,1.37,-0.64,0.02,-0.02,-0.01,-0.11,0.035,-0.01,0.0494,0
9.450000000000001,5147.0,2118.1,72.5,87.35,89.99,86.69,89.13,778.74,783.63,781.94,785.05,4.82,66.12,12.56,3.02,43.71,0.742,14.13,4.17,LANE_A,18665.0,-22.3,88.9,CRUISE_LOITER,1.0,0,500.0,0.08,0.22,-0.08,-0.14,-1.68,-1.79,-0.48,-0.37,0.04,-0.03,0.04,0.19,0.02,0.03,0.0489,0
9.5,5161.3,2124.0,72.2,87.0,89.66,87.15,89.33,782.19,782.37,783.59,785.06,4.76,66.21,12.51,3.0,43.37,0.746,14.13,4.11,LANE_A,18666.0,-22.3,88.9,CRUISE_LOITER,1.0,0,500.0,-0.27,-0.11,0.38,0.06,1.77,-3.05,1.17,-0.36,-0.02,0.06,-0.01,-0.15,0.024,0.03,0.0702,0
9.55,5166.3,2126.0,72.4,87.28,89.82,86.9,89.14,781.79,786.63,781.89,785.83,4.77,66.03,12.52,3.05,43.61,0.724,14.08,4.04,LANE_A,18667.0,-22.3,88.9,CRUISE_LOITER,1.0,0,500.0,0.02,0.06,0.14,-0.12,1.37,1.21,-0.53,0.41,-0.01,-0.11,0.0,0.09,0.002,-0.02,0.0328,0
9.600000000000001,5148.3,2118.6,72.2,87.34,89.64,86.9,89.23,782.0,784.32,782.56,785.17,4.77,66.19,12.61,3.0,43.4,0.728,14.09,3.85,LANE_A,18668.0,-22.3,89.0,CRUISE_LOITER,1.0,0,500.0,0.08,-0.12,0.14,-0.03,1.59,-1.09,0.15,-0.24,-0.01,0.05,0.09,-0.12,0.006,-0.01,0.0372,0
9.65,5156.8,2122.1,72.1,87.08,89.87,87.0,89.42,780.12,784.48,782.64,785.08,4.75,66.06,12.51,3.0,43.34,0.707,14.11,3.94,LANE_A,18669.0,-22.3,89.0,CRUISE_LOITER,1.0,0,500.0,-0.18,0.11,0.24,0.16,-0.29,-0.93,0.23,-0.33,-0.03,-0.08,-0.01,-0.18,-0.015,0.01,0.036,0
9.700000000000001,5145.4,2117.4,72.1,87.26,89.74,86.51,89.17,780.03,786.91,780.69,783.96,4.74,65.99,12.48,3.0,43.61,0.706,14.09,4.02,LANE_A,18670.0,-22.3,89.0,CRUISE_LOITER,1.0,0,500.0,0.0,-0.02,-0.25,-0.09,-0.38,1.5,-1.72,-1.45,-0.04,-0.15,-0.04,0.1,-0.016,-0.01,0.0484,0
9.75,5157.7,2122.5,72.3,86.89,89.65,87.0,89.05,779.87,783.7,782.74,785.45,4.8,66.3,12.58,3.0,43.63,0.76,14.12,4.12,LANE_A,18671.0,-22.3,89.0,CRUISE_LOITER,1.0,0,500.0,-0.36,-0.1,0.25,-0.2,-0.54,-1.71,0.33,0.04,0.02,0.17,0.06,0.12,0.038,0.02,0.0537,0
9.8,5165.9,2125.9,71.9,86.85,89.47,86.94,89.3,780.87,787.8,783.27,788.23,4.82,66.14,12.49,2.99,43.37,0.724,14.11,3.96,LANE_A,18671.0,-22.3,89.0,CRUISE_LOITER,1.0,0,500.0,-0.4,-0.28,0.19,0.05,0.46,2.39,0.86,2.82,0.04,0.01,-0.03,-0.14,0.002,0.01,0.0662,0
9.850000000000001,5150.6,2119.6,72.2,87.46,89.81,86.62,89.41,780.38,784.45,781.75,786.25,4.79,65.72,12.53,2.98,43.45,0.696,14.09,4.12,LANE_A,18672.0,-22.3,89.0,CRUISE_LOITER,1.0,0,500.0,0.21,0.06,-0.13,0.16,-0.03,-0.96,-0.66,0.84,0.01,-0.41,0.01,-0.06,-0.026,-0.01,0.0375,0
9.9,5141.7,2115.9,72.5,87.08,89.86,86.77,89.38,780.81,783.86,783.94,784.77,4.77,66.07,12.5,2.99,43.63,0.706,14.11,4.08,LANE_A,18673.0,-22.3,89.0,CRUISE_LOITER,1.0,0,500.0,-0.16,0.12,0.03,0.14,0.4,-1.55,1.53,-0.64,-0.01,-0.06,-0.01,0.12,-0.016,0.01,0.0374,0
9.950000000000001,5149.9,2119.3,72.2,87.05,89.46,86.37,89.18,780.23,787.77,780.65,785.86,4.79,66.28,12.62,2.97,43.43,0.741,14.07,4.18,LANE_A,18674.0,-22.3,89.0,CRUISE_LOITER,1.0,0,500.0,-0.19,-0.28,-0.37,-0.06,-0.18,2.36,-1.76,0.45,0.01,0.16,0.11,-0.08,0.019,-0.03,0.0561,0
10.0,5162.6,2124.5,72.6,87.17,90.0,86.62,89.44,780.97,786.28,781.34,786.03,4.76,66.23,12.54,3.01,43.46,0.695,14.12,4.29,LANE_A,18675.0,-22.3,89.0,CRUISE_LOITER,1.0,0,500.0,-0.07,0.26,-0.12,0.2,0.57,0.88,-1.06,0.63,-0.02,0.11,0.03,-0.05,-0.027,0.02,0.0392,0
10.05,5156.9,2122.2,71.9,87.3,89.62,86.81,89.06,780.88,786.7,781.01,783.4,4.74,66.37,12.36,3.02,43.57,0.737,14.09,3.97,LANE_A,18676.0,-22.4,89.0,CRUISE_LOITER,1.0,0,500.0,0.06,-0.12,0.07,-0.18,0.48,1.3,-1.39,-2.0,-0.04,0.25,-0.15,0.06,0.015,-0.01,0.0492,0
10.100000000000001,5155.1,2121.4,72.4,87.42,89.73,86.38,89.23,780.5,786.0,784.24,784.22,4.77,66.12,12.39,2.96,43.48,0.715,14.09,3.95,LANE_A,18677.0,-22.4,89.0,CRUISE_LOITER,1.0,0,500.0,0.19,0.0,-0.35,0.0,0.1,0.6,1.84,-1.18,-0.01,0.0,-0.12,-0.02,-0.007,-0.01,0.0435,0
10.15,5166.4,2126.1,72.3,87.01,89.69,86.97,89.06,778.66,783.02,784.55,786.53,4.79,66.17,12.48,2.95,43.5,0.717,14.06,4.04,LANE_A,18678.0,-22.4,89.0,CRUISE_LOITER,1.0,0,500.0,-0.22,-0.04,0.24,-0.17,-1.74,-2.38,2.15,1.13,0.01,0.06,-0.03,0.0,-0.005,-0.04,0.0572,0
10.200000000000001,5165.8,2125.8,72.1,87.15,89.45,86.93,89.06,777.36,785.56,783.74,782.2,4.77,66.14,12.49,3.03,43.33,0.729,14.09,4.12,LANE_A,18678.0,-22.4,89.0,CRUISE_LOITER,1.0,0,500.0,-0.08,-0.28,0.2,-0.17,-3.04,0.16,1.34,-3.2,-0.01,0.03,-0.02,-0.17,0.007,-0.01,0.0735,0
10.25,5155.3,2121.5,72.4,87.33,89.7,86.91,89.32,780.86,788.09,782.44,785.09,4.76,66.2,12.6,2.99,43.34,0.717,14.1,4.19,LANE_A,18679.0,-22.4,89.0,CRUISE_LOITER,1.0,0,500.0,0.11,-0.02,0.19,0.1,0.46,2.69,0.04,-0.31,-0.02,0.09,0.09,-0.16,-0.005,0.0,0.0599,0
10.3,5176.2,2130.1,72.5,87.25,89.68,86.91,89.05,778.97,783.42,783.74,785.47,4.76,66.35,12.55,2.99,43.43,0.723,14.08,3.98,LANE_A,18680.0,-22.4,89.0,CRUISE_LOITER,1.0,0,500.0,0.03,-0.04,0.19,-0.17,-1.43,-1.98,1.34,0.07,-0.02,0.24,0.04,-0.07,0.001,-0.02,0.0469,0
10.350000000000001,5159.7,2123.3,72.3,87.21,89.87,86.77,89.11,780.42,784.25,783.15,786.39,4.75,65.97,12.56,3.04,43.54,0.702,14.1,4.1,LANE_A,18681.0,-22.4,89.0,CRUISE_LOITER,1.0,0,500.0,-0.01,0.15,0.05,-0.11,0.02,-1.15,0.75,0.99,-0.03,-0.13,0.05,0.04,-0.02,0.0,0.0363,0
10.4,5177.7,2130.7,72.1,87.24,89.54,87.07,89.16,779.31,786.47,783.43,786.95,4.8,66.13,12.53,3.05,43.52,0.732,14.15,3.99,LANE_A,18682.0,-22.4,89.0,CRUISE_LOITER,1.0,0,500.0,0.02,-0.18,0.35,-0.06,-1.08,1.08,1.04,1.56,0.02,0.03,0.02,0.02,0.01,0.05,0.051,0
10.450000000000001,5173.3,2128.9,72.1,87.07,89.54,86.83,89.35,779.91,786.9,779.68,785.08,4.76,66.01,12.5,3.0,43.96,0.723,14.09,4.01,LANE_A,18683.0,-22.4,89.0,CRUISE_LOITER,1.0,0,500.0,-0.14,-0.17,0.12,0.14,-0.48,1.51,-2.71,-0.31,-0.02,-0.09,-0.01,0.46,0.001,-0.01,0.0626,0
10.5,5149.4,2119.1,72.3,87.33,89.41,86.57,89.04,781.24,784.4,782.47,786.05,4.79,66.12,12.74,2.99,43.63,0.708,14.11,3.91,LANE_A,18684.0,-22.4,89.0,CRUISE_LOITER,1.0,0,500.0,0.12,-0.3,-0.14,-0.17,0.85,-0.99,0.08,0.66,0.01,0.03,0.23,0.14,-0.014,0.01,0.0528,0
10.55,5154.4,2121.2,72.3,87.1,89.57,86.41,89.37,780.24,786.19,783.05,783.85,4.82,66.0,12.48,2.97,43.37,0.703,14.11,4.1,LANE_A,18685.0,-22.4,89.0,CRUISE_LOITER,1.0,0,500.0,-0.11,-0.14,-0.3,0.16,-0.15,0.8,0.66,-1.54,0.04,-0.09,-0.03,-0.12,-0.019,0.01,0.0474,0
10.600000000000001,5154.0,2121.0,72.5,87.01,89.9,86.54,89.22,779.54,785.06,782.59,787.49,4.75,65.77,12.68,3.01,43.38,0.721,14.08,3.92,LANE_A,18685.0,-22.4,89.1,CRUISE_LOITER,1.0,0,500.0,-0.19,0.2,-0.16,0.02,-0.85,-0.33,0.2,2.1,-0.03,-0.32,0.17,-0.11,-0.001,-0.02,0.0501,0
10.65,5168.9,2127.1,72.5,87.24,89.79,86.71,89.43,781.4,787.33,782.78,787.0,4.78,66.12,12.47,2.99,43.6,0.717,14.08,4.15,LANE_A,18686.0,-22.4,89.1,CRUISE_LOITER,1.0,0,500.0,0.04,0.09,0.01,0.23,1.01,1.94,0.39,1.61,0.0,0.03,-0.04,0.11,-0.005,-0.02,0.0455,0
10.700000000000001,5178.8,2131.2,72.1,87.24,89.63,86.79,89.19,779.78,785.8,781.35,784.83,4.77,66.1,12.47,3.0,43.49,0.736,14.11,4.01,LANE_A,18687.0,-22.4,89.1,CRUISE_LOITER,1.0,0,500.0,0.04,-0.07,0.09,-0.01,-0.61,0.41,-1.04,-0.56,-0.01,0.02,-0.04,0.0,0.014,0.01,0.0252,0
10.75,5158.2,2122.7,72.3,87.3,90.35,86.81,89.01,780.35,784.56,783.77,784.27,4.79,66.18,12.45,3.0,43.72,0.712,14.09,4.1,LANE_A,18688.0,-22.4,89.1,CRUISE_LOITER,1.0,0,500.0,0.1,0.65,0.11,-0.19,-0.03,-0.82,1.39,-1.11,0.01,0.1,-0.06,0.23,-0.01,-0.01,0.0561,0
10.8,5163.4,2124.9,72.3,87.19,89.6,86.69,89.11,782.3,785.73,783.5,785.87,4.77,66.17,12.5,3.0,43.45,0.711,14.11,4.07,LANE_A,18689.0,-22.4,89.1,CRUISE_LOITER,1.0,0,500.0,0.0,-0.09,0.0,-0.08,1.92,0.35,1.12,0.49,-0.01,0.09,-0.01,-0.04,-0.011,0.01,0.0436,0
10.850000000000001,5161.4,2124.0,72.4,87.28,89.73,86.91,89.23,780.68,785.47,782.12,787.1,4.8,66.42,12.55,2.99,43.62,0.697,14.09,4.12,LANE_A,18690.0,-22.4,89.1,CRUISE_LOITER,1.0,0,500.0,0.09,0.04,0.22,0.04,0.3,0.09,-0.26,1.72,0.02,0.34,0.04,0.13,-0.025,-0.01,0.0411,0
10.9,5159.1,2123.1,72.4,87.25,89.68,86.64,89.33,781.24,786.74,781.3,785.23,4.74,66.07,12.39,2.98,43.67,0.721,14.11,3.99,LANE_A,18691.0,-22.4,89.1,CRUISE_LOITER,1.0,0,500.0,0.06,-0.01,-0.05,0.14,0.86,1.36,-1.08,-0.15,-0.04,0.0,-0.12,0.18,-0.001,0.01,0.047,0
10.950000000000001,5160.2,2123.5,72.3,87.04,89.83,86.88,89.19,780.54,785.1,782.25,784.91,4.75,66.03,12.51,3.03,43.49,0.702,14.11,3.97,LANE_A,18692.0,-22.4,89.1,CRUISE_LOITER,1.0,0,500.0,-0.15,0.14,0.19,0.0,0.16,-0.28,-0.13,-0.47,-0.03,-0.04,0.0,0.01,-0.02,0.01,0.0351,0
11.0,5142.0,2116.1,72.3,87.25,89.44,86.91,89.03,780.0,786.19,784.07,787.28,4.75,66.0,12.62,3.0,43.54,0.726,14.09,4.08,LANE_A,18692.0,-22.4,89.1,CRUISE_LOITER,1.0,0,500.0,0.07,-0.24,0.23,-0.15,-0.38,0.81,1.69,1.9,-0.03,-0.07,0.11,0.06,0.004,-0.01,0.0461,0
11.05,5152.2,2120.3,72.1,87.28,89.76,86.84,89.22,781.1,786.46,781.18,786.26,4.81,66.23,12.5,2.98,43.46,0.719,14.09,4.09,LANE_A,18693.0,-22.4,89.1,CRUISE_LOITER,1.0,0,500.0,0.1,0.08,0.16,0.04,0.72,1.08,-1.2,0.88,0.03,0.16,-0.01,-0.02,-0.003,-0.01,0.0361,0
11.100000000000001,5170.1,2127.6,71.8,86.84,89.81,87.02,89.07,778.24,788.12,780.57,784.96,4.8,65.87,12.5,2.97,43.26,0.724,14.13,4.08,LANE_A,18694.0,-22.4,89.1,CRUISE_LOITER,1.0,0,500.0,-0.34,0.13,0.34,-0.11,-2.14,2.74,-1.81,-0.42,0.02,-0.19,-0.01,-0.22,0.002,0.03,0.0648,0
11.15,5183.3,2133.1,72.7,87.29,89.58,86.77,89.06,781.03,786.25,782.91,785.18,4.75,65.95,12.57,3.01,43.41,0.713,14.06,3.85,LANE_A,18695.0,-22.4,89.1,CRUISE_LOITER,1.0,0,500.0,0.12,-0.09,0.1,-0.11,0.66,0.88,0.54,-0.19,-0.03,-0.11,0.06,-0.07,-0.009,-0.04,0.0406,0
11.200000000000001,5176.3,2130.2,72.5,87.24,89.59,86.67,89.07,780.15,784.85,781.18,785.39,4.82,66.43,12.51,2.99,43.67,0.722,14.11,3.81,LANE_A,18696.0,-22.4,89.1,CRUISE_LOITER,1.0,0,500.0,0.07,-0.08,0.0,-0.1,-0.22,-0.52,-1.19,0.02,0.04,0.37,0.0,0.19,0.0,0.01,0.046,0
11.25,5162.7,2124.6,72.3,87.32,89.58,86.44,89.31,779.84,784.04,783.46,788.05,4.78,66.11,12.51,2.97,43.31,0.752,14.1,3.89,LANE_A,18697.0,-22.4,89.1,CRUISE_LOITER,1.0,0,500.0,0.15,-0.09,-0.23,0.14,-0.53,-1.33,1.09,2.68,0.0,0.05,0.0,-0.17,0.03,0.0,0.0615,0
11.3,5173.3,2128.9,71.9,87.14,89.79,86.64,88.98,779.92,785.59,782.4,787.46,4.79,66.02,12.51,3.0,43.7,0.718,14.06,4.0,LANE_A,18698.0,-22.4,89.1,CRUISE_LOITER,1.0,0,500.0,-0.03,0.12,-0.03,-0.19,-0.45,0.22,0.03,2.09,0.01,-0.03,0.0,0.22,-0.004,-0.04,0.0483,0
11.350000000000001,5173.6,2129.1,72.2,87.24,89.64,86.66,89.32,776.45,786.0,781.84,786.66,4.8,66.12,12.43,2.96,43.56,0.719,14.09,4.17,LANE_A,18699.0,-22.4,89.1,CRUISE_LOITER,1.0,0,500.0,0.08,-0.02,0.0,0.16,-3.92,0.63,-0.53,1.29,0.02,0.07,-0.08,0.09,-0.003,-0.01,0.0852,0
11.4,5163.0,2124.7,72.5,86.99,89.48,86.55,89.23,779.97,788.48,782.69,785.55,4.76,65.94,12.54,3.03,43.52,0.707,14.08,4.01,LANE_A,18699.0,-22.4,89.1,CRUISE_LOITER,1.0,0,500.0,-0.17,-0.18,-0.11,0.07,-0.4,3.11,0.32,0.18,-0.02,-0.11,0.03,0.05,-0.015,-0.02,0.0686,0
11.450000000000001,5157.7,2122.5,71.9,87.48,89.53,86.86,89.03,779.69,786.56,781.84,783.66,4.75,65.74,12.49,3.01,43.44,0.714,14.08,3.97,LANE_A,18700.0,-22.4,89.1,CRUISE_LOITER,1.0,0,500.0,0.32,-0.13,0.2,-0.13,-0.68,1.19,-0.53,-1.71,-0.03,-0.31,-0.02,-0.03,-0.008,-0.02,0.042,0
11.5,5172.7,2128.7,72.0,87.23,89.65,86.49,88.84,779.74,787.01,780.9,786.49,4.81,66.07,12.59,3.02,43.49,0.7,14.09,4.21,LANE_A,18701.0,-22.4,89.1,CRUISE_LOITER,1.0,0,500.0,0.08,0.0,-0.16,-0.31,-0.62,1.65,-1.46,1.13,0.03,0.03,0.08,0.02,-0.022,-0.01,0.0415,0
11.55,5162.5,2124.5,72.5,86.59,89.32,86.84,89.16,779.04,785.13,782.45,783.28,4.77,66.04,12.44,3.01,43.55,0.73,14.11,4.16,LANE_A,18702.0,-22.4,89.1,CRUISE_LOITER,1.0,0,500.0,-0.56,-0.33,0.19,0.01,-1.32,-0.23,0.09,-2.08,-0.01,0.0,-0.07,0.08,0.008,0.01,0.0501,0
11.600000000000001,5160.0,2123.4,72.2,87.15,90.02,86.66,88.87,776.52,785.87,780.99,784.03,4.78,66.1,12.45,2.99,43.63,0.699,14.11,4.08,LANE_A,18703.0,-22.4,89.1,CRUISE_LOITER,1.0,0,500.0,0.0,0.37,0.01,-0.28,-3.84,0.51,-1.37,-1.33,0.0,0.06,-0.06,0.16,-0.023,0.01,0.085,0
11.65,5157.5,2122.4,72.3,86.9,89.61,86.9,88.96,779.37,787.84,781.3,783.11,4.75,66.14,12.58,2.99,43.51,0.72,14.09,3.97,LANE_A,18704.0,-22.4,89.2,CRUISE_LOITER,1.0,0,500.0,-0.25,-0.04,0.25,-0.19,-0.99,2.48,-1.06,-2.25,-0.03,0.1,0.07,0.04,-0.002,-0.01,0.0587,0
11.700000000000001,5179.4,2131.4,72.5,86.83,89.5,86.73,89.07,779.92,784.01,780.09,784.81,4.79,65.99,12.4,2.99,43.49,0.7,14.08,4.07,LANE_A,18705.0,-22.4,89.2,CRUISE_LOITER,1.0,0,500.0,-0.31,-0.14,0.09,-0.07,-0.44,-1.35,-2.27,-0.55,0.01,-0.04,-0.11,0.02,-0.022,-0.02,0.053,0
11.75,5142.2,2116.2,72.1,87.11,89.88,86.59,88.99,779.68,785.33,781.16,785.03,4.82,66.12,12.46,2.99,43.52,0.73,14.07,4.0,LANE_A,18706.0,-22.4,89.2,CRUISE_LOITER,1.0,0,500.0,-0.03,0.24,-0.05,-0.15,-0.68,-0.03,-1.2,-0.33,0.04,0.09,-0.05,0.06,0.008,-0.03,0.0465,0
11.8,5169.7,2127.4,72.0,87.02,89.5,86.76,89.22,779.51,785.23,783.5,786.44,4.79,66.0,12.48,3.0,43.21,0.752,14.1,4.26,LANE_A,18706.0,-22.4,89.2,CRUISE_LOITER,1.0,0,500.0,-0.12,-0.14,0.12,0.08,-0.85,-0.13,1.14,1.08,0.01,-0.03,-0.03,-0.25,0.03,0.0,0.0426,0
11.850000000000001,5168.8,2127.1,72.4,87.33,89.44,86.95,88.83,779.49,786.16,782.35,785.6,4.76,65.94,12.6,3.0,43.47,0.719,14.1,4.03,LANE_A,18707.0,-22.4,89.2,CRUISE_LOITER,1.0,0,500.0,0.2,-0.19,0.32,-0.3,-0.87,0.8,-0.01,0.24,-0.02,-0.08,0.09,0.01,-0.003,0.0,0.0304,0
11.9,5169.6,2127.4,72.5,86.96,89.48,86.76,88.94,781.0,784.5,780.43,786.22,4.76,66.08,12.54,2.99,43.52,0.745,14.12,4.08,LANE_A,18708.0,-22.4,89.2,CRUISE_LOITER,1.0,0,500.0,-0.17,-0.15,0.13,-0.19,0.65,-0.85,-1.92,0.87,-0.02,0.06,0.04,0.06,0.023,0.02,0.0457,0
11.950000000000001,5159.8,2123.4,72.4,87.1,89.59,86.67,89.23,778.49,785.48,782.29,786.33,4.75,66.03,12.54,3.01,43.52,0.716,14.07,3.98,LANE_A,18709.0,-22.4,89.2,CRUISE_LOITER,1.0,0,500.0,-0.03,-0.04,0.04,0.1,-1.86,0.13,-0.06,0.98,-0.03,0.01,0.04,0.06,-0.006,-0.03,0.0437,0
12.0,5142.6,2116.3,71.9,87.06,89.65,86.43,88.9,779.76,783.2,782.3,785.59,4.74,65.96,12.56,2.99,43.59,0.735,14.09,3.88,LANE_A,18710.0,-22.4,89.2,CRUISE_LOITER,1.0,0,500.0,-0.07,0.02,-0.2,-0.23,-0.59,-2.15,-0.05,0.24,-0.04,-0.06,0.06,0.13,0.013,-0.01,0.0503,0
12.05,5155.1,2121.4,72.8,87.21,89.72,86.71,89.02,779.78,782.46,783.16,786.69,4.73,66.1,12.35,3.02,43.28,0.707,14.07,4.07,LANE_A,18711.0,-22.4,89.2,CRUISE_LOITER,1.0,0,500.0,0.09,0.1,0.09,-0.1,-0.57,-2.89,0.81,1.34,-0.05,0.09,-0.15,-0.18,-0.015,-0.03,0.0676,0
12.100000000000001,5164.6,2125.4,72.4,86.86,89.82,86.72,88.98,779.79,787.45,782.3,785.58,4.77,66.24,12.53,3.0,43.23,0.725,14.11,3.98,LANE_A,18712.0,-22.4,89.2,CRUISE_LOITER,1.0,0,500.0,-0.26,0.2,0.1,-0.14,-0.56,2.1,-0.05,0.23,-0.01,0.23,0.03,-0.23,0.003,0.01,0.0482,0
12.15,5144.7,2117.2,72.9,87.24,89.41,86.79,89.15,778.04,785.91,782.38,785.97,4.77,65.57,12.64,3.02,43.53,0.693,14.11,3.99,LANE_A,18712.0,-22.4,89.2,CRUISE_LOITER,1.0,0,500.0,0.12,-0.21,0.17,0.03,-2.31,0.56,0.03,0.62,-0.01,-0.44,0.14,0.08,-0.029,0.01,0.0542,0
12.200000000000001,5153.9,2120.9,72.5,87.35,89.59,86.83,89.14,779.87,784.94,782.53,785.22,4.79,66.04,12.45,2.95,43.49,0.74,14.12,4.11,LANE_A,18713.0,-22.4,89.2,CRUISE_LOITER,1.0,0,500.0,0.23,-0.03,0.21,0.02,-0.48,-0.41,0.18,-0.13,0.01,0.03,-0.05,0.04,0.018,0.02,0.0265,0
12.25,5156.1,2121.8,72.2,86.97,89.28,86.47,89.14,779.61,786.15,781.3,785.54,4.79,66.08,12.48,3.0,43.34,0.721,14.11,4.07,LANE_A,18714.0,-22.4,89.2,CRUISE_LOITER,1.0,0,500.0,-0.14,-0.33,-0.14,0.03,-0.73,0.81,-1.04,0.2,0.01,0.08,-0.02,-0.11,-0.001,0.01,0.0301,0
12.3,5174.9,2129.6,72.6,87.41,89.6,86.36,89.17,780.46,786.63,781.8,784.83,4.73,65.81,12.33,3.01,43.4,0.731,14.08,3.97,LANE_A,18715.0,-22.4,89.2,CRUISE_LOITER,1.0,0,500.0,0.3,-0.01,-0.25,0.06,0.12,1.29,-0.54,-0.51,-0.05,-0.19,-0.17,-0.05,0.009,-0.02,0.0579,0
12.350000000000001,5154.8,2121.3,72.4,86.89,89.73,86.52,89.22,780.94,784.08,781.0,784.3,4.72,66.19,12.61,3.03,43.34,0.721,14.09,4.04,LANE_A,18716.0,-22.4,89.2,CRUISE_LOITER,1.0,0,500.0,-0.22,0.12,-0.09,0.11,0.6,-1.26,-1.34,-1.04,-0.06,0.19,0.11,-0.11,-0.001,-0.01,0.0677,0
12.4,5160.5,2123.7,72.7,87.37,89.66,86.38,89.54,782.61,785.31,782.72,785.34,4.8,65.76,12.57,2.98,43.42,0.703,14.09,4.15,LANE_A,18717.0,-22.4,89.2,CRUISE_LOITER,1.0,0,500.0,0.27,0.06,-0.22,0.44,2.27,-0.03,0.38,0.0,0.02,-0.24,0.07,-0.03,-0.019,-0.01,0.053,0
12.450000000000001,5167.7,2126.6,72.2,86.99,89.49,86.47,88.98,782.49,788.52,784.07,785.14,4.78,66.05,12.48,2.98,43.54,0.72,14.08,4.01,LANE_A,18718.0,-22.4,89.2,CRUISE_LOITER,1.0,0,500.0,-0.11,-0.11,-0.13,-0.12,2.15,3.18,1.73,-0.2,0.0,0.06,-0.02,0.09,-0.002,-0.02,0.0717,0
12.5,5151.8,2120.1,72.2,86.99,89.42,86.5,89.22,779.82,788.24,784.39,785.08,4.8,66.15,12.5,3.0,43.48,0.725,14.13,3.97,LANE_A,18719.0,-22.4,89.2,CRUISE_LOITER,1.0,0,500.0,-0.11,-0.18,-0.1,0.12,-0.52,2.9,2.05,-0.26,0.02,0.16,0.0,0.03,0.003,0.03,0.0658,0
12.55,5178.2,2130.9,72.4,86.72,89.52,86.56,89.22,779.76,787.66,780.92,786.69,4.79,66.0,12.53,3.0,43.46,0.746,14.11,4.01,LANE_A,18719.0,-22.4,89.2,CRUISE_LOITER,1.0,0,500.0,-0.38,-0.08,-0.04,0.12,-0.58,2.32,-1.42,1.35,0.01,0.01,0.03,0.01,0.024,0.01,0.0544,0
12.600000000000001,5150.5,2119.5,72.1,86.85,89.47,86.51,88.99,779.48,785.16,782.31,784.3,4.82,65.98,12.46,3.02,43.41,0.725,14.1,4.02,LANE_A,18720.0,-22.4,89.2,CRUISE_LOITER,1.0,0,500.0,-0.24,-0.12,-0.08,-0.1,-0.86,-0.18,-0.03,-1.04,0.04,-0.01,-0.04,-0.03,0.003,0.0,0.0455,0
12.65,5160.8,2123.8,72.4,87.1,89.64,86.25,89.1,780.99,786.71,781.6,786.96,4.77,66.19,12.47,3.0,43.69,0.718,14.11,3.98,LANE_A,18721.0,-22.4,89.3,CRUISE_LOITER,1.0,0,500.0,0.01,0.05,-0.34,0.01,0.66,1.38,-0.73,1.63,-0.01,0.21,-0.03,0.25,-0.004,0.01,0.0397,0
12.700000000000001,5160.7,2123.8,72.3,87.08,89.49,86.58,88.94,779.09,786.19,783.22,785.29,4.77,65.8,12.48,3.01,43.25,0.713,14.08,4.07,LANE_A,18722.0,-22.4,89.3,CRUISE_LOITER,1.0,0,500.0,-0.01,-0.1,-0.01,-0.15,-1.24,0.86,0.89,-0.04,-0.01,-0.18,-0.02,-0.19,-0.009,-0.02,0.0306,0
12.75,5144.2,2116.9,72.1,87.1,89.54,86.3,89.04,781.13,785.32,781.87,784.65,4.75,66.1,12.37,3.03,43.7,0.703,14.06,3.97,LANE_A,18723.0,-22.4,89.3,CRUISE_LOITER,1.0,0,500.0,0.02,-0.04,-0.28,-0.04,0.8,-0.01,-0.46,-0.68,-0.03,0.12,-0.13,0.26,-0.019,-0.04,0.0424,0
12.8,5142.2,2116.1,72.5,87.33,89.38,86.6,89.13,780.48,785.82,783.11,786.24,4.73,65.91,12.45,2.99,43.43,0.73,14.1,3.91,LANE_A,18724.0,-22.4,89.3,CRUISE_LOITER,1.0,0,500.0,0.25,-0.2,0.02,0.05,0.15,0.49,0.78,0.91,-0.05,-0.07,-0.05,-0.01,0.008,0.0,0.056,0
12.850000000000001,5149.6,2119.2,72.5,87.06,89.4,86.67,89.07,779.62,784.4,782.32,784.25,4.79,66.23,12.43,3.02,43.33,0.707,14.1,4.05,LANE_A,18725.0,-22.4,89.3,CRUISE_LOITER,1.0,0,500.0,-0.02,-0.18,0.09,-0.01,-0.71,-0.93,-0.01,-1.08,0.01,0.26,-0.07,-0.11,-0.015,0.0,0.0273,0
12.9,5162.0,2124.3,72.9,87.12,89.84,86.46,89.03,780.18,784.42,782.28,785.25,4.75,66.01,12.71,2.99,43.43,0.719,14.09,3.97,LANE_A,18726.0,-22.5,89.3,CRUISE_LOITER,1.0,0,500.0,0.04,0.26,-0.12,-0.05,-0.15,-0.91,-0.05,-0.08,-0.03,0.04,0.21,-0.01,-0.003,-0.01,0.0482,0
12.950000000000001,5157.6,2122.5,72.4,86.88,89.59,86.63,88.92,780.71,785.17,783.67,785.7,4.75,65.97,12.64,2.99,43.47,0.726,14.16,4.22,LANE_A,18726.0,-22.5,89.3,CRUISE_LOITER,1.0,0,500.0,-0.19,0.02,0.06,-0.15,0.38,-0.16,1.34,0.37,-0.03,0.0,0.14,0.03,0.004,0.06,0.0588,0
13.0,5155.7,2121.7,72.5,86.91,89.37,86.56,89.31,778.82,785.49,781.36,784.39,4.81,65.92,12.52,3.03,43.48,0.749,14.13,4.05,LANE_A,18727.0,-22.5,89.3,CRUISE_LOITER,1.0,0,500.0,-0.16,-0.2,-0.01,0.24,-1.51,0.16,-0.97,-0.94,0.03,-0.05,0.02,0.05,0.027,0.03,0.0407,0
13.05,5153.5,2120.8,72.3,86.85,89.57,86.59,89.28,779.88,786.24,783.7,785.65,4.78,66.08,12.46,2.98,43.46,0.715,14.09,3.94,LANE_A,18728.0,-22.5,89.3,CRUISE_LOITER,1.0,0,500.0,-0.22,0.0,0.02,0.21,-0.44,0.92,1.38,0.33,0.0,0.12,-0.04,0.03,-0.007,-0.01,0.0327,0
13.100000000000001,5154.0,2121.0,72.5,86.74,89.23,86.44,89.06,779.18,784.41,783.17,783.85,4.79,65.93,12.44,3.02,43.5,0.723,14.09,3.98,LANE_A,18729.0,-22.5,89.3,CRUISE_LOITER,1.0,0,500.0,-0.32,-0.33,-0.12,0.0,-1.14,-0.91,0.85,-1.47,0.01,-0.03,-0.06,0.07,0.001,-0.01,0.0365,0
13.15,5168.6,2127.0,72.3,86.87,89.76,86.88,89.1,777.62,785.82,781.65,785.52,4.82,65.73,12.48,2.99,43.52,0.74,14.13,4.02,LANE_A,18730.0,-22.5,89.3,CRUISE_LOITER,1.0,0,500.0,-0.19,0.2,0.32,0.04,-2.7,0.5,-0.67,0.2,0.04,-0.23,-0.02,0.09,0.018,0.03,0.0625,0
13.200000000000001,5178.9,2131.2,72.2,87.41,89.42,86.26,89.04,781.71,782.77,782.44,785.09,4.8,66.24,12.41,3.02,43.49,0.723,14.14,4.03,LANE_A,18731.0,-22.5,89.3,CRUISE_LOITER,1.0,0,500.0,0.35,-0.14,-0.3,-0.02,1.39,-2.55,0.12,-0.23,0.02,0.28,-0.09,0.06,0.001,0.04,0.0596,0
13.25,5187.0,2134.6,72.5,87.18,89.54,86.84,89.05,781.03,787.74,782.89,787.05,4.78,65.68,12.43,3.03,43.33,0.719,14.1,3.89,LANE_A,18732.0,-22.5,89.3,CRUISE_LOITER,1.0,0,500.0,0.12,-0.02,0.28,-0.01,0.71,2.42,0.57,1.73,0.0,-0.27,-0.07,-0.1,-0.003,0.0,0.0555,0
13.3,5162.4,2124.4,72.3,86.83,89.68,86.45,89.24,778.73,787.0,781.24,785.86,4.79,66.05,12.47,3.02,43.43,0.722,14.09,4.09,LANE_A,18733.0,-22.5,89.3,CRUISE_LOITER,1.0,0,500.0,-0.22,0.13,-0.1,0.19,-1.59,1.68,-1.08,0.54,0.01,0.1,-0.03,0.0,0.0,-0.01,0.0403,0
13.350000000000001,5159.6,2123.3,72.3,86.69,89.72,86.83,89.28,782.49,785.45,782.08,785.45,4.76,65.72,12.65,3.05,43.49,0.694,14.1,4.01,LANE_A,18733.0,-22.5,89.3,CRUISE_LOITER,1.0,0,500.0,-0.36,0.17,0.28,0.23,2.17,0.13,-0.24,0.13,-0.02,-0.23,0.15,0.06,-0.028,0.0,0.052,0
13.4,5169.5,2127.4,72.4,86.89,89.47,86.41,89.25,780.28,785.82,781.55,784.69,4.79,65.81,12.55,3.03,43.41,0.724,14.11,4.07,LANE_A,18734.0,-22.5,89.3,CRUISE_LOITER,1.0,0,500.0,-0.16,-0.08,-0.14,0.2,-0.03,0.51,-0.76,-0.62,0.01,-0.13,0.05,-0.01,0.002,0.01,0.0198,0
13.450000000000001,5159.0,2123.0,72.4,86.9,89.53,86.76,89.28,780.06,786.32,781.92,783.65,4.77,65.99,12.5,2.98,43.35,0.723,14.06,4.15,LANE_A,18735.0,-22.5,89.3,CRUISE_LOITER,1.0,0,500.0,-0.15,-0.02,0.21,0.23,-0.25,1.01,-0.39,-1.66,-0.01,0.05,0.0,-0.07,0.001,-0.04,0.041,0
13.5,5154.6,2121.2,72.3,87.16,89.57,86.56,89.25,776.94,785.3,782.68,784.98,4.83,66.11,12.59,3.03,43.48,0.718,14.1,4.01,LANE_A,18736.0,-22.5,89.3,CRUISE_LOITER,1.0,0,500.0,0.12,0.03,0.02,0.21,-3.37,-0.01,0.37,-0.33,0.05,0.17,0.09,0.06,-0.004,0.0,0.0753,0
13.55,5174.1,2129.3,72.2,86.94,89.41,86.4,88.84,779.62,783.89,783.21,784.01,4.78,66.16,12.43,3.0,43.5,0.714,14.1,4.0,LANE_A,18737.0,-22.5,89.3,CRUISE_LOITER,1.0,0,500.0,-0.1,-0.13,-0.14,-0.2,-0.69,-1.42,0.9,-1.3,0.0,0.22,-0.07,0.08,-0.008,0.0,0.0348,0
13.600000000000001,5168.1,2126.8,72.5,87.18,89.72,86.37,89.24,780.78,783.91,782.72,786.75,4.78,66.04,12.52,2.98,43.45,0.749,14.1,3.95,LANE_A,18738.0,-22.5,89.3,CRUISE_LOITER,1.0,0,500.0,0.14,0.18,-0.17,0.2,0.47,-1.4,0.41,1.44,0.0,0.11,0.02,0.03,0.027,0.0,0.0392,0
13.65,5161.2,2123.9,72.4,87.12,89.45,86.75,89.06,780.15,785.57,782.02,785.76,4.78,65.9,12.56,3.03,43.42,0.696,14.11,4.02,LANE_A,18739.0,-22.5,89.3,CRUISE_LOITER,1.0,0,500.0,0.09,-0.08,0.22,0.03,-0.16,0.26,-0.29,0.45,0.0,-0.03,0.06,0.0,-0.026,0.01,0.0356,0
13.700000000000001,5141.1,2115.7,72.4,86.93,89.46,86.5,89.14,781.2,786.29,783.49,785.24,4.79,65.51,12.36,3.0,43.53,0.719,14.11,4.07,LANE_A,18740.0,-22.5,89.4,CRUISE_LOITER,1.0,0,500.0,-0.1,-0.07,-0.03,0.11,0.89,0.98,1.18,-0.07,0.01,-0.42,-0.14,0.11,-0.003,0.01,0.0346,0
13.75,5153.8,2120.9,72.4,86.94,89.69,86.31,88.88,779.87,786.08,782.67,785.77,4.75,65.97,12.58,3.0,43.38,0.755,14.09,4.1,LANE_A,18740.0,-22.5,89.4,CRUISE_LOITER,1.0,0,500.0,-0.09,0.16,-0.22,-0.15,-0.44,0.77,0.36,0.46,-0.03,0.04,0.08,-0.04,0.033,-0.01,0.0462,0
13.8,5159.2,2123.1,72.5,87.06,89.53,86.52,88.8,779.77,784.62,781.32,782.85,4.76,65.92,12.47,3.01,43.42,0.725,14.1,3.93,LANE_A,18741.0,-22.5,89.4,CRUISE_LOITER,1.0,0,500.0,0.03,0.0,-0.01,-0.23,-0.53,-0.68,-0.98,-2.45,-0.02,0.0,-0.03,0.0,0.002,0.0,0.0549,0
13.850000000000001,5145.1,2117.3,72.2,86.85,89.54,86.71,88.88,779.82,784.43,782.22,785.17,4.8,66.18,12.5,3.0,43.28,0.757,14.11,3.95,LANE_A,18742.0,-22.5,89.4,CRUISE_LOITER,1.0,0,500.0,-0.17,0.02,0.19,-0.14,-0.48,-0.87,-0.08,-0.13,0.02,0.26,0.0,-0.13,0.034,0.01,0.0469,0
13.9,5148.7,2118.8,72.5,86.93,89.36,86.95,89.2,781.57,785.96,783.11,785.46,4.74,65.87,12.39,3.01,43.5,0.695,14.08,4.18,LANE_A,18743.0,-22.5,89.4,CRUISE_LOITER,1.0,0,500.0,-0.09,-0.16,0.43,0.18,1.27,0.66,0.81,0.16,-0.04,-0.05,-0.11,0.09,-0.028,-0.02,0.0487,0
13.950000000000001,5159.0,2123.0,72.3,86.83,89.47,86.08,89.3,781.11,787.42,783.42,785.78,4.81,65.57,12.46,3.02,43.44,0.725,14.1,4.06,LANE_A,18744.0,-22.5,89.4,CRUISE_LOITER,1.0,0,500.0,-0.19,-0.05,-0.44,0.28,0.81,2.12,1.12,0.48,0.03,-0.35,-0.03,0.03,0.002,0.0,0.0507,0
14.0,5149.5,2119.1,72.0,86.75,89.27,86.46,88.69,780.42,783.59,781.5,784.07,4.83,65.84,12.54,3.01,43.5,0.715,14.11,4.08,LANE_A,18745.0,-22.5,89.4,CRUISE_LOITER,1.0,0,500.0,-0.26,-0.24,-0.05,-0.32,0.12,-1.71,-0.8,-1.23,0.05,-0.07,0.05,0.09,-0.008,0.01,0.058,0
14.05,5158.4,2122.8,72.8,87.16,89.5,86.33,88.72,780.72,785.47,783.22,786.1,4.82,65.75,12.48,2.99,43.49,0.75,14.11,3.84,LANE_A,18746.0,-22.5,89.4,CRUISE_LOITER,1.0,0,500.0,0.15,-0.01,-0.18,-0.29,0.42,0.17,0.92,0.8,0.04,-0.16,-0.01,0.08,0.027,0.01,0.0471,0
14.100000000000001,5156.9,2122.2,72.4,86.85,89.54,86.5,89.21,779.86,784.53,782.43,784.44,4.79,65.89,12.53,2.99,43.42,0.736,14.1,4.23,LANE_A,18747.0,-22.5,89.4,CRUISE_LOITER,1.0,0,500.0,-0.16,0.03,-0.01,0.2,-0.44,-0.77,0.13,-0.86,0.01,-0.02,0.04,0.01,0.013,0.0,0.0218,0
14.15,5137.5,2114.2,72.4,87.24,89.4,86.57,88.74,779.34,786.49,781.13,784.5,4.74,65.68,12.52,3.01,43.58,0.718,14.13,4.1,LANE_A,18747.0,-22.5,89.4,CRUISE_LOITER,1.0,0,500.0,0.23,-0.11,0.06,-0.27,-0.95,1.2,-1.16,-0.79,-0.04,-0.23,0.03,0.17,-0.005,0.03,0.0481,0
14.200000000000001,5168.8,2127.1,72.4,86.96,89.71,86.46,89.37,779.65,784.99,780.81,785.09,4.73,66.01,12.4,3.01,43.46,0.7,14.11,3.99,LANE_A,18748.0,-22.5,89.4,CRUISE_LOITER,1.0,0,500.0,-0.04,0.21,-0.04,0.37,-0.64,-0.3,-1.48,-0.2,-0.05,0.11,-0.09,0.05,-0.023,0.01,0.0578,0
14.25,5146.2,2117.8,72.7,87.3,89.53,86.49,88.88,780.0,783.89,782.49,784.96,4.8,66.11,12.55,3.02,43.54,0.736,14.07,4.04,LANE_A,18749.0,-22.5,89.4,CRUISE_LOITER,1.0,0,500.0,0.3,0.03,-0.01,-0.12,-0.29,-1.4,0.2,-0.33,0.02,0.21,0.06,0.14,0.013,-0.03,0.0347,0
14.3,5170.3,2127.7,72.1,87.2,89.69,86.65,88.75,779.39,785.36,782.07,785.83,4.82,65.59,12.52,2.98,43.47,0.726,14.09,4.24,LANE_A,18750.0,-22.5,89.4,CRUISE_LOITER,1.0,0,500.0,0.2,0.19,0.15,-0.25,-0.9,0.07,-0.22,0.54,0.04,-0.31,0.03,0.07,0.003,-0.01,0.0462,0
14.350000000000001,5143.6,2116.7,72.3,87.25,89.56,86.35,89.13,779.53,786.72,781.98,786.94,4.78,65.7,12.55,2.97,43.37,0.74,14.1,4.17,LANE_A,18751.0,-22.5,89.4,CRUISE_LOITER,1.0,0,500.0,0.25,0.06,-0.15,0.13,-0.76,1.43,-0.31,1.65,0.0,-0.2,0.06,-0.03,0.017,0.0,0.0396,0
14.4,5137.0,2114.0,72.4,86.87,89.35,86.71,88.98,779.1,785.0,783.45,785.2,4.83,65.99,12.33,2.96,43.48,0.722,14.08,4.08,LANE_A,18752.0,-22.5,89.4,CRUISE_LOITER,1.0,0,500.0,-0.12,-0.14,0.22,-0.01,-1.19,-0.29,1.16,-0.09,0.05,0.1,-0.16,0.08,-0.001,-0.02,0.0575,0
14.450000000000001,5132.8,2112.3,72.4,86.94,89.58,86.18,88.74,779.87,784.41,782.05,784.62,4.8,65.66,12.49,2.98,43.28,0.698,14.1,4.12,LANE_A,18753.0,-22.5,89.4,CRUISE_LOITER,1.0,0,500.0,-0.05,0.09,-0.31,-0.25,-0.42,-0.88,-0.24,-0.67,0.02,-0.23,0.0,-0.12,-0.025,0.0,0.0365,0
14.5,5145.7,2117.6,72.3,86.99,89.62,86.51,88.77,781.0,784.27,783.91,786.02,4.78,65.84,12.56,3.0,43.55,0.723,14.08,4.03,LANE_A,18754.0,-22.5,89.4,CRUISE_LOITER,1.0,0,500.0,0.0,0.13,0.02,-0.22,0.71,-1.02,1.62,0.73,0.0,-0.05,0.07,0.15,0.0,-0.02,0.0385,0
14.55,5147.8,2118.4,72.3,86.84,89.72,86.49,88.78,779.27,786.06,784.99,785.51,4.76,65.78,12.48,3.0,43.2,0.729,14.09,3.99,LANE_A,18754.0,-22.5,89.4,CRUISE_LOITER,1.0,0,500.0,-0.14,0.24,0.01,-0.2,-1.01,0.78,2.71,0.23,-0.02,-0.11,-0.01,-0.2,0.006,-0.01,0.0611,0
14.600000000000001,5163.1,2124.7,72.4,87.08,89.67,86.25,89.05,778.33,786.42,781.06,785.12,4.77,65.75,12.52,2.98,43.38,0.731,14.14,4.1,LANE_A,18755.0,-22.5,89.4,CRUISE_LOITER,1.0,0,500.0,0.1,0.19,-0.23,0.07,-1.95,1.14,-1.22,-0.16,-0.01,-0.13,0.03,-0.02,0.008,0.04,0.0465,0
14.65,5174.3,2129.3,72.7,87.1,89.6,86.33,89.23,780.57,785.83,782.23,784.47,4.77,65.82,12.31,3.03,43.45,0.725,14.05,4.15,LANE_A,18756.0,-22.5,89.4,CRUISE_LOITER,1.0,0,500.0,0.12,0.12,-0.15,0.25,0.29,0.55,-0.05,-0.81,-0.01,-0.06,-0.18,0.06,0.002,-0.05,0.0498,0
14.700000000000001,5166.8,2126.2,72.6,86.75,89.64,86.35,88.83,780.49,783.92,781.87,782.74,4.72,66.26,12.54,3.01,43.24,0.703,14.08,4.07,LANE_A,18757.0,-22.5,89.4,CRUISE_LOITER,1.0,0,500.0,-0.23,0.16,-0.13,-0.15,0.21,-1.36,-0.41,-2.54,-0.06,0.38,0.05,-0.15,-0.02,-0.02,0.0696,0
14.75,5151.9,2120.1,72.3,86.95,89.71,86.62,88.71,778.38,786.84,782.34,785.99,4.79,65.94,12.54,2.99,43.43,0.73,14.06,4.17,LANE_A,18758.0,-22.5,89.5,CRUISE_LOITER,1.0,0,500.0,-0.02,0.24,0.15,-0.26,-1.9,1.56,0.06,0.71,0.01,0.06,0.05,0.04,0.007,-0.04,0.0458,0
14.8,5169.0,2127.2,72.9,87.38,89.37,86.42,88.92,779.92,784.91,781.99,786.03,4.76,66.0,12.31,3.02,43.31,0.733,14.11,3.95,LANE_A,18759.0,-22.5,89.5,CRUISE_LOITER,1.0,0,500.0,0.41,-0.1,-0.05,-0.05,-0.36,-0.37,-0.29,0.75,-0.02,0.13,-0.18,-0.08,0.01,0.01,0.0424,0
14.850000000000001,5146.7,2118.0,72.4,86.64,89.6,86.16,89.28,782.33,783.81,781.06,784.78,4.74,65.87,12.3,2.98,43.48,0.716,14.07,4.07,LANE_A,18760.0,-22.5,89.5,CRUISE_LOITER,1.0,0,500.0,-0.33,0.13,-0.31,0.31,2.05,-1.47,-1.22,-0.5,-0.05,0.0,-0.19,0.09,-0.007,-0.03,0.0607,0
14.9,5166.4,2126.1,73.0,86.81,89.43,86.7,88.89,779.29,785.05,782.49,787.29,4.81,65.99,12.4,2.98,43.45,0.704,14.08,3.98,LANE_A,18761.0,-22.5,89.5,CRUISE_LOITER,1.0,0,500.0,-0.15,-0.03,0.24,-0.07,-0.99,-0.23,0.21,2.01,0.02,0.12,-0.09,0.06,-0.019,-0.02,0.0471,0
14.950000000000001,5153.9,2121.0,72.2,87.19,89.62,86.61,88.9,778.87,785.06,782.89,785.65,4.78,66.14,12.5,3.01,43.53,0.747,14.1,4.17,LANE_A,18761.0,-22.5,89.5,CRUISE_LOITER,1.0,0,500.0,0.23,0.16,0.15,-0.06,-1.4,-0.21,0.62,0.38,-0.01,0.27,0.01,0.14,0.024,0.0,0.0351,0
15.0,5153.5,2120.8,72.3,86.68,89.56,86.24,89.02,780.18,782.96,780.29,784.54,4.74,65.92,12.54,2.97,43.33,0.732,14.08,3.97,LANE_A,18762.0,-22.5,89.5,CRUISE_LOITER,1.0,0,500.0,-0.28,0.1,-0.22,0.06,-0.09,-2.31,-1.98,-0.73,-0.05,0.06,0.05,-0.06,0.009,-0.02,0.0593,0
15.05,5154.9,2121.4,72.9,87.22,89.46,86.69,88.87,779.47,784.16,780.8,786.67,4.77,65.75,12.44,2.96,43.32,0.718,14.1,4.02,LANE_A,18763.0,-22.5,89.5,CRUISE_LOITER,1.0,0,500.0,0.26,0.0,0.23,-0.09,-0.8,-1.11,-1.47,1.4,-0.02,-0.11,-0.05,-0.07,-0.005,0.0,0.0366,0
15.100000000000001,5150.2,2119.4,72.6,86.94,89.49,86.8,89.45,778.28,786.69,781.82,785.46,4.79,65.5,12.5,3.01,43.32,0.734,14.1,4.04,LANE_A,18764.0,-22.5,89.5,CRUISE_LOITER,1.0,0,500.0,-0.01,0.04,0.35,0.5,-1.99,1.42,-0.45,0.19,0.0,-0.36,0.01,-0.06,0.011,0.0,0.0478,0
15.15,5151.8,2120.1,72.2,87.1,89.46,86.65,88.89,780.23,785.93,781.73,786.78,4.79,65.88,12.41,3.01,43.34,0.732,14.08,4.19,LANE_A,18765.0,-22.5,89.5,CRUISE_LOITER,1.0,0,500.0,0.15,0.01,0.2,-0.06,-0.04,0.66,-0.54,1.51,0.0,0.03,-0.08,-0.04,0.009,-0.02,0.0355,0
15.200000000000001,5143.2,2116.5,72.4,87.33,89.68,86.41,88.63,781.71,786.83,782.68,782.8,4.82,65.68,12.47,3.01,43.45,0.719,14.09,4.07,LANE_A,18766.0,-22.5,89.5,CRUISE_LOITER,1.0,0,500.0,0.38,0.23,-0.04,-0.32,1.44,1.56,0.41,-2.47,0.03,-0.17,-0.02,0.07,-0.004,-0.01,0.0583,0
15.25,5153.4,2120.7,72.5,86.95,89.49,86.48,88.72,779.43,787.4,780.4,786.04,4.76,66.13,12.57,3.01,43.19,0.743,14.11,3.91,LANE_A,18767.0,-22.5,89.5,CRUISE_LOITER,1.0,0,500.0,0.0,0.04,0.03,-0.23,-0.84,2.13,-1.87,0.77,-0.03,0.28,0.08,-0.19,0.02,0.01,0.0515,0
15.3,5154.0,2121.0,72.2,87.13,89.65,86.29,88.94,779.32,787.53,782.53,785.03,4.79,66.07,12.58,3.01,43.31,0.719,14.09,4.1,LANE_A,18767.0,-22.5,89.5,CRUISE_LOITER,1.0,0,500.0,0.19,0.21,-0.15,0.0,-0.94,2.27,0.27,-0.23,0.0,0.22,0.09,-0.07,-0.004,-0.01,0.0514,0
15.350000000000001,5172.9,2128.8,72.7,87.17,89.38,86.44,89.02,780.01,786.52,784.0,784.37,4.87,66.08,12.58,3.01,43.47,0.735,14.07,3.9,LANE_A,18768.0,-22.5,89.5,CRUISE_LOITER,1.0,0,500.0,0.23,-0.06,0.0,0.08,-0.25,1.26,1.74,-0.89,0.08,0.24,0.09,0.09,0.012,-0.03,0.0882,0
15.4,5158.9,2123.0,72.7,86.66,88.97,86.35,88.78,778.36,784.84,782.79,784.57,4.79,65.89,12.54,2.98,43.4,0.719,14.12,3.93,LANE_A,18769.0,-22.5,89.5,CRUISE_LOITER,1.0,0,500.0,-0.28,-0.47,-0.09,-0.16,-1.9,-0.42,0.53,-0.69,0.0,0.05,0.05,0.02,-0.004,0.02,0.045,0
15.450000000000001,5182.6,2132.7,72.2,86.83,89.45,86.58,88.94,780.72,782.91,781.99,786.58,4.77,65.98,12.55,3.02,43.34,0.723,14.08,4.14,LANE_A,18770.0,-22.5,89.5,CRUISE_LOITER,1.0,0,500.0,-0.1,0.02,0.15,0.01,0.46,-2.35,-0.27,1.32,-0.02,0.14,0.06,-0.04,0.0,-0.02,0.0534,0
15.5,5162.0,2124.3,72.4,87.13,89.39,86.52,89.16,780.02,784.56,781.49,786.07,4.79,65.88,12.46,3.04,43.37,0.744,14.11,3.95,LANE_A,18771.0,-22.5,89.5,CRUISE_LOITER,1.0,0,500.0,0.2,-0.04,0.09,0.23,-0.24,-0.7,-0.77,0.81,0.0,0.04,-0.03,0.0,0.021,0.01,0.0304,0
15.55,5150.4,2119.5,72.6,86.79,89.57,86.39,89.05,779.75,786.45,783.39,788.48,4.76,66.06,12.37,3.0,43.2,0.717,14.12,4.14,LANE_A,18772.0,-22.5,89.5,CRUISE_LOITER,1.0,0,500.0,-0.14,0.14,-0.04,0.12,-0.51,1.19,1.13,3.22,-0.03,0.23,-0.12,-0.17,-0.006,0.02,0.0725,0
15.600000000000001,5164.0,2125.1,72.7,86.9,89.69,86.39,88.72,779.5,786.27,781.76,785.48,4.8,65.93,12.5,2.99,43.4,0.704,14.09,4.12,LANE_A,18773.0,-22.5,89.5,CRUISE_LOITER,1.0,0,500.0,-0.03,0.26,-0.04,-0.21,-0.76,1.01,-0.5,0.22,0.01,0.1,0.01,0.03,-0.019,-0.01,0.0283,0
15.65,5164.1,2125.2,72.5,87.05,89.16,86.73,88.94,778.93,787.09,784.11,785.75,4.8,65.83,12.55,3.02,43.17,0.727,14.12,4.21,LANE_A,18774.0,-22.5,89.5,CRUISE_LOITER,1.0,0,500.0,0.13,-0.26,0.31,0.02,-1.33,1.83,1.85,0.49,0.01,0.0,0.06,-0.2,0.004,0.02,0.0454,0
15.700000000000001,5175.3,2129.7,72.7,87.08,89.27,86.49,88.97,780.54,785.11,782.57,785.01,4.79,65.94,12.56,2.99,43.39,0.737,14.18,4.12,LANE_A,18774.0,-22.5,89.5,CRUISE_LOITER,1.0,0,500.0,0.16,-0.15,0.07,0.05,0.29,-0.14,0.32,-0.24,0.0,0.11,0.07,0.02,0.014,0.08,0.0745,0
15.75,5155.0,2121.4,72.6,86.97,88.94,86.16,88.86,780.47,786.22,782.95,786.5,4.77,65.89,12.43,3.03,43.42,0.732,14.11,4.1,LANE_A,18775.0,-22.6,89.5,CRUISE_LOITER,1.0,0,500.0,0.05,-0.48,-0.26,-0.06,0.22,0.97,0.7,1.25,-0.02,0.07,-0.06,0.05,0.009,0.01,0.0427,0
15.8,5163.1,2124.7,72.2,86.8,89.17,86.62,89.01,779.89,785.66,781.92,783.89,4.79,65.65,12.51,3.01,43.26,0.715,14.12,4.16,LANE_A,18776.0,-22.6,89.6,CRUISE_LOITER,1.0,0,500.0,-0.11,-0.24,0.21,0.1,-0.36,0.41,-0.33,-1.36,0.0,-0.17,0.02,-0.11,-0.008,0.02,0.0326,0
15.850000000000001,5161.3,2124.0,72.8,86.77,89.29,86.58,88.88,780.98,785.61,783.98,784.96,4.81,65.82,12.49,2.98,43.35,0.708,14.08,4.33,LANE_A,18777.0,-22.6,89.6,CRUISE_LOITER,1.0,0,500.0,-0.14,-0.12,0.17,-0.03,0.73,0.36,1.73,-0.29,0.02,0.0,0.0,-0.02,-0.015,-0.02,0.0404,0
15.9,5158.4,2122.8,72.3,86.92,89.6,86.31,89.19,779.69,786.17,784.04,783.58,4.81,65.73,12.52,3.01,43.29,0.7,14.08,3.86,LANE_A,18778.0,-22.6,89.6,CRUISE_LOITER,1.0,0,500.0,0.01,0.19,-0.1,0.28,-0.56,0.92,1.79,-1.67,0.02,-0.09,0.03,-0.07,-0.023,-0.02,0.044,0
15.950000000000001,5153.2,2120.7,72.9,86.98,88.96,86.08,88.94,778.97,783.65,781.95,786.09,4.79,65.71,12.27,3.0,43.15,0.741,14.1,3.98,LANE_A,18779.0,-22.6,89.6,CRUISE_LOITER,1.0,0,500.0,0.07,-0.45,-0.33,0.03,-1.28,-1.6,-0.3,0.84,0.0,-0.1,-0.21,-0.21,0.018,0.0,0.0509,0
16.0,5162.7,2124.6,72.9,86.69,89.19,86.35,88.93,779.29,785.56,784.28,782.89,4.79,65.65,12.43,3.01,43.34,0.728,14.07,3.97,LANE_A,18780.0,-22.6,89.6,CRUISE_LOITER,1.0,0,500.0,-0.21,-0.21,-0.05,0.03,-0.96,0.31,2.03,-2.36,0.0,-0.16,-0.05,-0.02,0.005,-0.03,0.055,0
16.05,5159.7,2123.3,72.6,87.14,89.13,86.18,88.94,779.62,785.83,783.13,784.82,4.81,66.08,12.47,3.0,43.17,0.71,14.08,3.98,LANE_A,18781.0,-22.6,89.6,CRUISE_LOITER,1.0,0,500.0,0.24,-0.27,-0.22,0.04,-0.62,0.59,0.89,-0.42,0.02,0.27,-0.01,-0.19,-0.013,-0.02,0.0274,0
16.1,5138.7,2114.7,72.4,86.72,89.37,86.37,88.87,780.22,784.14,782.03,784.13,4.82,65.75,12.4,3.0,43.45,0.732,14.08,4.02,LANE_A,18781.0,-22.6,89.6,CRUISE_LOITER,1.0,0,500.0,-0.18,-0.03,-0.03,-0.03,-0.02,-1.1,-0.21,-1.11,0.03,-0.06,-0.08,0.09,0.009,-0.02,0.0361,0
16.150000000000002,5149.3,2119.0,72.5,86.92,89.5,86.62,88.75,778.36,787.79,782.73,785.84,4.77,65.88,12.4,2.99,43.2,0.746,14.13,4.09,LANE_A,18782.0,-22.6,89.6,CRUISE_LOITER,1.0,0,500.0,0.02,0.1,0.22,-0.15,-1.88,2.55,0.49,0.6,-0.02,0.08,-0.08,-0.16,0.023,0.03,0.0597,0
16.2,5153.5,2120.8,72.6,86.98,89.2,86.68,88.8,781.07,783.76,781.16,785.88,4.78,65.87,12.56,3.02,43.33,0.715,14.06,4.06,LANE_A,18783.0,-22.6,89.6,CRUISE_LOITER,1.0,0,500.0,0.09,-0.19,0.29,-0.09,0.83,-1.48,-1.08,0.64,-0.01,0.07,0.08,-0.03,-0.008,-0.04,0.0416,0
16.25,5167.3,2126.5,72.7,86.98,89.72,86.34,89.31,779.5,783.27,783.58,784.55,4.81,66.01,12.53,2.97,43.32,0.729,14.11,4.1,LANE_A,18784.0,-22.6,89.6,CRUISE_LOITER,1.0,0,500.0,0.09,0.33,-0.05,0.42,-0.74,-1.97,1.34,-0.69,0.02,0.21,0.05,-0.04,0.006,0.01,0.0473,0
16.3,5152.7,2120.5,72.1,86.88,89.4,86.79,89.02,780.41,784.73,780.62,783.57,4.79,65.86,12.45,3.02,43.27,0.722,14.14,4.12,LANE_A,18785.0,-22.6,89.6,CRUISE_LOITER,1.0,0,500.0,-0.01,0.01,0.4,0.13,0.17,-0.51,-1.62,-1.67,0.0,0.06,-0.03,-0.09,-0.001,0.04,0.042,0
16.35,5171.4,2128.2,72.7,86.57,89.37,86.03,88.58,780.14,785.67,782.69,785.57,4.77,65.77,12.47,3.04,43.42,0.717,14.11,3.95,LANE_A,18786.0,-22.6,89.6,CRUISE_LOITER,1.0,0,500.0,-0.31,-0.01,-0.35,-0.3,-0.1,0.43,0.45,0.33,-0.02,-0.02,-0.01,0.07,-0.006,0.01,0.0321,0
16.400000000000002,5158.4,2122.8,72.5,87.14,89.17,86.15,88.77,780.88,785.19,781.83,785.57,4.83,65.98,12.53,3.02,43.49,0.738,14.1,3.87,LANE_A,18787.0,-22.6,89.6,CRUISE_LOITER,1.0,0,500.0,0.26,-0.21,-0.23,-0.11,0.64,-0.05,-0.41,0.33,0.04,0.19,0.05,0.14,0.015,0.0,0.0463,0
16.45,5158.2,2122.7,72.6,86.84,89.45,86.2,88.98,781.25,783.25,781.26,785.18,4.8,66.0,12.4,3.03,43.31,0.716,14.14,3.96,LANE_A,18788.0,-22.6,89.6,CRUISE_LOITER,1.0,0,500.0,-0.04,0.07,-0.18,0.1,1.02,-1.98,-0.97,-0.05,0.01,0.21,-0.08,-0.04,-0.007,0.04,0.0468,0
16.5,5172.7,2128.7,72.1,86.81,89.49,86.01,88.7,780.95,786.63,780.6,784.72,4.79,65.87,12.52,2.98,43.19,0.72,14.14,4.12,LANE_A,18788.0,-22.6,89.6,CRUISE_LOITER,1.0,0,500.0,-0.07,0.11,-0.37,-0.18,0.72,1.4,-1.63,-0.51,0.0,0.08,0.04,-0.16,-0.003,0.04,0.0422,0
16.55,5160.4,2123.6,72.5,86.54,89.34,86.33,88.98,781.71,786.47,781.15,783.11,4.75,65.89,12.55,3.01,43.67,0.754,14.11,4.03,LANE_A,18789.0,-22.6,89.6,CRUISE_LOITER,1.0,0,500.0,-0.33,-0.03,-0.04,0.11,1.48,1.24,-1.08,-2.12,-0.04,0.11,0.07,0.32,0.031,0.01,0.053,0
16.6,5162.6,2124.5,72.1,86.89,89.47,86.48,88.57,777.68,787.58,780.36,785.38,4.75,65.63,12.4,3.02,43.37,0.723,14.1,4.1,LANE_A,18790.0,-22.6,89.6,CRUISE_LOITER,1.0,0,500.0,0.02,0.1,0.11,-0.3,-2.55,2.35,-1.87,0.15,-0.04,-0.15,-0.08,0.02,0.0,0.0,0.0609,0
16.650000000000002,5161.3,2124.0,72.7,86.79,89.51,86.38,88.85,780.47,788.81,779.27,785.4,4.81,65.79,12.48,3.01,43.57,0.735,14.12,3.98,LANE_A,18791.0,-22.6,89.6,CRUISE_LOITER,1.0,0,500.0,-0.08,0.14,0.01,-0.02,0.24,3.58,-2.96,0.17,0.02,0.01,0.0,0.22,0.012,0.02,0.0806,0
16.7,5164.9,2125.5,72.8,87.04,89.44,86.31,88.98,780.3,785.05,781.15,784.97,4.75,65.59,12.66,2.99,43.27,0.692,14.09,3.95,LANE_A,18792.0,-22.6,89.6,CRUISE_LOITER,1.0,0,500.0,0.17,0.07,-0.06,0.11,0.07,-0.18,-1.08,-0.26,-0.04,-0.19,0.18,-0.08,-0.031,-0.01,0.0481,0
16.75,5163.1,2124.7,72.5,86.85,89.41,86.49,88.75,780.67,784.76,782.03,786.97,4.82,65.69,12.45,2.98,43.45,0.736,14.06,4.06,LANE_A,18793.0,-22.6,89.6,CRUISE_LOITER,1.0,0,500.0,-0.01,0.05,0.13,-0.11,0.44,-0.47,-0.2,1.74,0.03,-0.08,-0.03,0.11,0.013,-0.04,0.042,0
16.8,5155.5,2121.6,72.6,86.82,89.5,86.26,88.86,780.26,784.77,783.02,784.48,4.74,65.87,12.49,3.0,43.48,0.747,14.09,4.11,LANE_A,18794.0,-22.6,89.6,CRUISE_LOITER,1.0,0,500.0,-0.04,0.14,-0.1,0.0,0.04,-0.45,0.8,-0.74,-0.05,0.1,0.01,0.14,0.024,-0.01,0.0564,0
16.85,5180.6,2131.9,72.6,86.75,89.49,86.31,88.7,781.63,787.71,780.77,784.18,4.81,65.82,12.51,2.96,43.48,0.742,14.14,4.07,LANE_A,18795.0,-22.6,89.7,CRUISE_LOITER,1.0,0,500.0,-0.11,0.13,-0.05,-0.16,1.41,2.49,-1.45,-1.04,0.02,0.05,0.03,0.14,0.019,0.04,0.0587,0
16.900000000000002,5152.2,2120.2,72.5,86.86,89.04,86.38,88.8,779.61,783.91,779.67,784.55,4.81,65.73,12.41,2.99,43.28,0.739,14.09,4.03,LANE_A,18795.0,-22.6,89.7,CRUISE_LOITER,1.0,0,500.0,0.01,-0.31,0.03,-0.05,-0.61,-1.31,-2.55,-0.67,0.02,-0.04,-0.07,-0.06,0.016,-0.01,0.0581,0
16.95,5158.2,2122.7,72.6,86.59,89.42,86.49,88.78,779.28,787.46,782.01,784.44,4.78,65.86,12.46,2.98,43.2,0.719,14.11,4.36,LANE_A,18796.0,-22.6,89.7,CRUISE_LOITER,1.0,0,500.0,-0.26,0.07,0.14,-0.07,-0.94,2.24,-0.21,-0.78,-0.01,0.1,-0.02,-0.14,-0.004,0.01,0.0508,0
17.0,5134.6,2113.0,72.6,86.96,89.4,86.39,88.95,780.63,783.52,780.77,786.83,4.79,65.74,12.31,3.0,43.39,0.716,14.09,3.99,LANE_A,18797.0,-22.6,89.7,CRUISE_LOITER,1.0,0,500.0,0.11,0.05,0.04,0.1,0.41,-1.7,-1.45,1.61,0.0,-0.02,-0.17,0.05,-0.007,-0.01,0.0417,0
17.05,5171.8,2128.3,72.5,86.61,89.52,86.4,88.91,782.31,784.28,780.42,784.62,4.77,65.95,12.3,2.99,43.52,0.73,14.08,4.01,LANE_A,18798.0,-22.6,89.7,CRUISE_LOITER,1.0,0,500.0,-0.24,0.17,0.05,0.06,2.09,-0.94,-1.8,-0.6,-0.02,0.19,-0.18,0.18,0.007,-0.02,0.0508,0
17.1,5157.4,2122.4,73.0,86.8,89.18,86.38,88.9,780.35,786.94,781.19,785.41,4.74,65.74,12.54,3.01,43.4,0.709,14.09,4.1,LANE_A,18799.0,-22.6,89.7,CRUISE_LOITER,1.0,0,500.0,-0.04,-0.16,0.04,0.06,0.13,1.72,-1.03,0.19,-0.05,-0.01,0.06,0.06,-0.014,-0.01,0.0568,0
17.150000000000002,5141.6,2115.9,72.4,86.6,89.06,86.17,88.7,778.29,784.54,781.69,784.8,4.8,65.83,12.48,2.99,43.28,0.712,14.1,3.92,LANE_A,18800.0,-22.6,89.7,CRUISE_LOITER,1.0,0,500.0,-0.24,-0.28,-0.17,-0.14,-1.93,-0.68,-0.53,-0.42,0.01,0.08,0.0,-0.05,-0.011,0.0,0.0446,0
17.2,5156.1,2121.8,72.2,86.82,89.34,86.12,88.72,779.25,784.56,783.2,785.44,4.77,66.07,12.37,3.02,43.25,0.718,14.12,4.08,LANE_A,18801.0,-22.6,89.7,CRUISE_LOITER,1.0,0,500.0,-0.02,0.0,-0.22,-0.12,-0.96,-0.65,0.99,0.23,-0.02,0.32,-0.11,-0.08,-0.005,0.02,0.0287,0
17.25,5134.8,2113.1,72.8,86.71,89.45,86.41,88.87,779.63,785.35,783.79,783.9,4.79,65.93,12.43,2.98,43.58,0.735,14.05,4.07,LANE_A,18802.0,-22.6,89.7,CRUISE_LOITER,1.0,0,500.0,-0.12,0.12,0.08,0.04,-0.58,0.14,1.58,-1.31,0.0,0.18,-0.05,0.25,0.012,-0.05,0.0503,0
17.3,5154.9,2121.4,72.7,86.87,89.37,86.5,89.08,780.82,784.3,782.0,784.78,4.73,65.76,12.43,2.96,43.43,0.731,14.12,4.0,LANE_A,18802.0,-22.6,89.7,CRUISE_LOITER,1.0,0,500.0,0.04,0.04,0.17,0.25,0.61,-0.91,-0.21,-0.43,-0.06,0.02,-0.05,0.1,0.008,0.02,0.0664,0
17.35,5153.8,2120.9,72.7,86.7,89.26,86.54,88.37,780.42,785.74,780.02,784.85,4.82,65.62,12.34,3.0,43.4,0.727,14.08,4.18,LANE_A,18803.0,-22.6,89.7,CRUISE_LOITER,1.0,0,500.0,-0.13,-0.07,0.21,-0.46,0.21,0.53,-2.19,-0.36,0.03,-0.12,-0.14,0.07,0.004,-0.02,0.052,0
17.400000000000002,5171.4,2128.2,72.2,86.89,89.18,86.09,88.8,779.64,783.39,781.84,784.51,4.74,65.6,12.32,3.02,43.13,0.719,14.07,4.01,LANE_A,18804.0,-22.6,89.7,CRUISE_LOITER,1.0,0,500.0,0.06,-0.15,-0.24,-0.03,-0.57,-1.82,-0.37,-0.7,-0.05,-0.14,-0.16,-0.2,-0.004,-0.03,0.0586,0
17.45,5191.6,2136.5,72.9,86.83,89.54,86.23,88.88,782.1,783.8,780.79,787.31,4.76,65.65,12.57,3.03,43.59,0.736,14.1,3.95,LANE_A,18805.0,-22.6,89.7,CRUISE_LOITER,1.0,0,500.0,0.01,0.22,-0.09,0.06,1.89,-1.41,-1.42,2.1,-0.03,-0.09,0.09,0.26,0.013,0.0,0.0516,0
17.5,5164.4,2125.3,72.8,86.85,89.26,86.26,88.9,779.61,785.15,781.74,784.18,4.76,65.39,12.56,2.99,43.32,0.712,14.09,3.94,LANE_A,18806.0,-22.6,89.7,CRUISE_LOITER,1.0,0,500.0,0.03,-0.06,-0.06,0.08,-0.6,-0.06,-0.47,-1.03,-0.03,-0.34,0.08,-0.01,-0.011,-0.01,0.0357,0
17.55,5139.8,2115.2,72.4,86.8,89.24,86.34,88.91,781.3,785.58,782.14,784.5,4.74,65.54,12.62,3.03,43.23,0.711,14.08,4.09,LANE_A,18807.0,-22.6,89.7,CRUISE_LOITER,1.0,0,500.0,-0.02,-0.08,0.02,0.09,1.09,0.37,-0.07,-0.71,-0.05,-0.19,0.14,-0.09,-0.012,-0.02,0.0568,0
17.6,5164.0,2125.1,72.9,87.0,89.44,85.95,88.63,781.07,784.8,782.15,783.95,4.8,65.62,12.53,3.02,43.32,0.699,14.1,4.18,LANE_A,18808.0,-22.6,89.7,CRUISE_LOITER,1.0,0,500.0,0.18,0.12,-0.37,-0.19,0.87,-0.4,-0.05,-1.25,0.01,-0.11,0.05,0.0,-0.024,0.0,0.0355,0
17.650000000000002,5175.6,2129.9,72.6,86.84,89.37,86.19,88.69,781.88,784.58,781.73,784.44,4.74,65.98,12.44,3.0,42.91,0.711,14.11,4.12,LANE_A,18808.0,-22.6,89.7,CRUISE_LOITER,1.0,0,500.0,0.03,0.06,-0.12,-0.12,1.68,-0.62,-0.47,-0.76,-0.05,0.25,-0.04,-0.41,-0.012,0.01,0.0583,0
17.7,5151.3,2119.9,72.7,86.61,89.49,86.34,88.89,780.24,787.36,780.9,785.03,4.82,65.82,12.36,3.03,43.23,0.736,14.09,4.02,LANE_A,18809.0,-22.6,89.7,CRUISE_LOITER,1.0,0,500.0,-0.2,0.18,0.03,0.08,0.04,2.16,-1.3,-0.17,0.03,0.1,-0.12,-0.09,0.013,-0.01,0.0506,0
17.75,5155.2,2121.5,72.5,87.21,89.2,86.01,88.75,781.14,786.19,780.84,783.93,4.8,65.74,12.48,2.97,43.27,0.706,14.12,4.08,LANE_A,18810.0,-22.6,89.7,CRUISE_LOITER,1.0,0,500.0,0.4,-0.11,-0.3,-0.06,0.94,0.99,-1.36,-1.27,0.01,0.02,0.0,-0.05,-0.017,0.02,0.0379,0
17.8,5171.2,2128.1,72.5,86.94,89.45,86.28,88.53,779.89,787.26,782.97,786.99,4.76,65.73,12.56,3.0,43.31,0.716,14.06,3.97,LANE_A,18811.0,-22.6,89.7,CRUISE_LOITER,1.0,0,500.0,0.14,0.15,-0.02,-0.27,-0.31,2.06,0.77,1.79,-0.03,0.01,0.08,-0.01,-0.007,-0.04,0.05,0
17.85,5157.8,2122.6,72.4,87.02,89.51,86.06,89.03,782.32,784.73,783.04,785.55,4.79,65.6,12.45,2.98,43.2,0.717,14.08,4.09,LANE_A,18812.0,-22.6,89.7,CRUISE_LOITER,1.0,0,500.0,0.22,0.21,-0.24,0.23,2.12,-0.47,0.84,0.35,0.0,-0.12,-0.03,-0.12,-0.006,-0.02,0.0489,0
17.900000000000002,5135.1,2113.2,72.6,86.95,89.44,86.14,88.93,780.61,785.84,779.31,784.79,4.79,65.59,12.45,3.01,43.23,0.707,14.09,4.06,LANE_A,18813.0,-22.6,89.8,CRUISE_LOITER,1.0,0,500.0,0.15,0.14,-0.16,0.13,0.41,0.64,-2.89,-0.41,0.0,-0.12,-0.03,-0.09,-0.016,-0.01,0.0639,0
17.95,5169.6,2127.4,72.4,87.03,89.08,86.38,88.53,780.36,784.26,781.67,786.3,4.81,66.02,12.58,2.99,43.32,0.721,14.1,4.06,LANE_A,18814.0,-22.6,89.8,CRUISE_LOITER,1.0,0,500.0,0.23,-0.22,0.08,-0.27,0.17,-0.93,-0.52,1.11,0.02,0.31,0.1,0.0,-0.002,0.0,0.0291,0
18.0,5135.7,2113.5,72.7,86.82,89.12,86.24,88.71,781.15,786.36,783.36,783.82,4.83,65.74,12.59,3.0,43.25,0.715,14.1,4.06,LANE_A,18815.0,-22.6,89.8,CRUISE_LOITER,1.0,0,500.0,0.03,-0.17,-0.05,-0.08,0.96,1.17,1.17,-1.37,0.04,0.03,0.12,-0.06,-0.008,0.0,0.0475,0
18.05,5145.8,2117.6,72.3,86.81,89.49,85.94,88.56,781.32,785.56,780.71,785.29,4.76,65.73,12.51,3.03,43.37,0.715,14.1,3.93,LANE_A,18815.0,-22.6,89.8,CRUISE_LOITER,1.0,0,500.0,0.02,0.2,-0.35,-0.23,1.13,0.37,-1.48,0.1,-0.03,0.02,0.04,0.06,-0.008,0.0,0.0371,0
18.1,5161.9,2124.3,72.7,87.02,89.29,86.63,88.91,779.11,785.39,783.69,785.26,4.81,65.79,12.45,2.98,43.33,0.727,14.09,4.04,LANE_A,18816.0,-22.6,89.8,CRUISE_LOITER,1.0,0,500.0,0.23,0.0,0.34,0.12,-1.08,0.2,1.5,0.07,0.02,0.09,-0.02,0.02,0.004,-0.01,0.0362,0
18.150000000000002,5160.5,2123.7,72.2,86.86,89.31,86.45,88.79,780.63,785.06,783.26,786.6,4.83,65.7,12.41,2.97,43.13,0.713,14.15,4.12,LANE_A,18817.0,-22.6,89.8,CRUISE_LOITER,1.0,0,500.0,0.07,0.02,0.16,0.0,0.44,-0.13,1.07,1.41,0.04,0.0,-0.06,-0.18,-0.01,0.05,0.0509,0
18.2,5129.9,2111.1,72.3,86.76,89.41,86.23,88.85,781.94,786.78,783.51,786.61,4.74,65.79,12.42,2.99,43.47,0.735,14.07,3.97,LANE_A,18818.0,-22.6,89.8,CRUISE_LOITER,1.0,0,500.0,-0.02,0.13,-0.05,0.07,1.75,1.59,1.32,1.42,-0.05,0.09,-0.05,0.16,0.012,-0.03,0.0592,0
18.25,5184.7,2133.6,72.7,86.91,89.1,85.99,88.79,780.8,785.04,780.94,785.46,4.81,65.75,12.42,2.98,43.09,0.718,14.07,3.92,LANE_A,18819.0,-22.6,89.8,CRUISE_LOITER,1.0,0,500.0,0.13,-0.18,-0.29,0.01,0.61,-0.15,-1.25,0.27,0.02,0.05,-0.05,-0.22,-0.005,-0.03,0.0325,0
18.3,5168.4,2126.9,72.6,86.6,89.41,86.05,88.99,780.94,787.55,782.07,786.36,4.81,65.54,12.53,2.99,43.24,0.721,14.12,4.07,LANE_A,18820.0,-22.6,89.8,CRUISE_LOITER,1.0,0,500.0,-0.18,0.13,-0.23,0.21,0.75,2.36,-0.12,1.17,0.02,-0.15,0.06,-0.07,-0.002,0.02,0.0542,0
18.35,5158.1,2122.7,72.3,86.59,89.61,86.06,88.98,780.9,785.87,782.47,784.93,4.82,65.51,12.53,2.99,43.12,0.733,14.14,4.17,LANE_A,18821.0,-22.6,89.8,CRUISE_LOITER,1.0,0,500.0,-0.18,0.34,-0.21,0.21,0.72,0.69,0.29,-0.25,0.03,-0.18,0.06,-0.19,0.01,0.04,0.0421,0
18.400000000000002,5150.8,2119.7,72.7,86.94,89.43,86.33,88.51,780.84,782.48,783.94,784.91,4.77,65.77,12.43,3.06,43.22,0.72,14.13,3.92,LANE_A,18822.0,-22.6,89.8,CRUISE_LOITER,1.0,0,500.0,0.17,0.16,0.06,-0.26,0.66,-2.7,1.76,-0.27,-0.02,0.08,-0.04,-0.08,-0.003,0.03,0.0618,0
18.45,5170.0,2127.6,72.4,86.94,89.5,86.09,89.0,781.64,784.74,781.29,786.35,4.8,65.99,12.61,2.98,43.34,0.719,14.08,4.17,LANE_A,18822.0,-22.6,89.8,CRUISE_LOITER,1.0,0,500.0,0.17,0.23,-0.18,0.23,1.46,-0.44,-0.89,1.17,0.01,0.3,0.14,0.04,-0.004,-0.02,0.0369,0
18.5,5157.1,2122.3,72.5,86.86,89.37,86.09,88.6,780.8,786.95,782.57,784.21,4.78,65.73,12.58,2.95,43.21,0.707,14.09,4.05,LANE_A,18823.0,-22.6,89.8,CRUISE_LOITER,1.0,0,500.0,0.09,0.1,-0.18,-0.17,0.62,1.77,0.39,-0.97,-0.01,0.05,0.11,-0.09,-0.016,-0.01,0.0418,0
18.55,5155.7,2121.7,72.3,87.08,89.24,86.43,88.64,779.84,784.23,781.37,784.95,4.81,65.81,12.39,3.02,43.16,0.741,14.11,3.9,LANE_A,18824.0,-22.6,89.8,CRUISE_LOITER,1.0,0,500.0,0.32,-0.02,0.17,-0.12,-0.34,-0.95,-0.81,-0.23,0.02,0.13,-0.08,-0.14,0.018,0.01,0.0306,0
18.6,5182.1,2132.6,72.5,86.8,89.4,85.97,88.67,780.25,784.92,780.0,784.43,4.8,65.56,12.49,3.0,43.35,0.715,14.12,4.0,LANE_A,18825.0,-22.7,89.8,CRUISE_LOITER,1.0,0,500.0,0.04,0.14,-0.29,-0.09,0.07,-0.26,-2.18,-0.75,0.01,-0.12,0.02,0.05,-0.008,0.02,0.0494,0
18.650000000000002,5156.3,2122.0,72.5,86.72,89.06,86.38,88.57,780.07,784.91,779.94,783.7,4.8,65.9,12.55,2.99,43.1,0.734,14.08,3.89,LANE_A,18826.0,-22.7,89.8,CRUISE_LOITER,1.0,0,500.0,-0.04,-0.2,0.12,-0.19,-0.11,-0.27,-2.24,-1.48,0.01,0.22,0.08,-0.2,0.011,-0.02,0.052,0
18.7,5160.8,2123.8,72.9,86.56,89.27,86.38,88.33,780.05,785.12,781.16,784.56,4.77,65.85,12.46,2.93,43.01,0.722,14.1,4.08,LANE_A,18827.0,-22.7,89.8,CRUISE_LOITER,1.0,0,500.0,-0.2,0.01,0.12,-0.43,-0.12,-0.05,-1.01,-0.61,-0.02,0.18,-0.01,-0.29,-0.001,0.0,0.0387,0
18.75,5166.6,2126.2,72.7,86.98,89.27,86.48,88.66,778.17,784.18,783.33,787.83,4.83,65.55,12.56,3.03,43.52,0.732,14.07,4.04,LANE_A,18828.0,-22.7,89.8,CRUISE_LOITER,1.0,0,500.0,0.23,0.02,0.23,-0.09,-2.0,-0.99,1.16,2.66,0.04,-0.12,0.09,0.22,0.009,-0.03,0.0633,0
18.8,5146.5,2117.9,72.6,87.13,89.18,85.93,89.03,780.0,785.71,783.01,784.7,4.81,65.67,12.5,2.99,43.1,0.729,14.13,3.95,LANE_A,18829.0,-22.7,89.8,CRUISE_LOITER,1.0,0,500.0,0.38,-0.07,-0.32,0.28,-0.17,0.54,0.84,-0.47,0.02,0.0,0.03,-0.19,0.006,0.03,0.0359,0
18.85,5150.1,2119.4,72.6,86.99,89.32,85.93,88.88,782.08,784.73,783.27,787.82,4.84,65.62,12.6,3.03,43.21,0.741,14.14,4.21,LANE_A,18829.0,-22.7,89.8,CRUISE_LOITER,1.0,0,500.0,0.24,0.07,-0.32,0.13,1.91,-0.44,1.1,2.65,0.05,-0.05,0.13,-0.08,0.018,0.04,0.0641,0
18.900000000000002,5147.8,2118.4,72.6,86.89,89.53,86.08,88.73,780.79,787.2,779.32,787.41,4.74,65.82,12.58,3.02,43.21,0.722,14.07,3.91,LANE_A,18830.0,-22.7,89.8,CRUISE_LOITER,1.0,0,500.0,0.15,0.29,-0.16,-0.01,0.62,2.03,-2.85,2.24,-0.05,0.16,0.11,-0.08,-0.001,-0.03,0.0682,0
18.95,5159.1,2123.1,72.8,87.04,89.27,86.08,88.55,780.34,784.98,780.82,785.47,4.76,65.56,12.47,3.0,43.1,0.711,14.09,4.07,LANE_A,18831.0,-22.7,89.8,CRUISE_LOITER,1.0,0,500.0,0.3,0.03,-0.16,-0.19,0.17,-0.19,-1.35,0.3,-0.03,-0.1,0.0,-0.19,-0.012,-0.01,0.0365,0
19.0,5165.0,2125.5,72.4,86.83,89.17,86.56,88.61,779.93,785.91,781.03,784.74,4.77,65.76,12.48,2.99,43.38,0.731,14.11,4.03,LANE_A,18832.0,-22.7,89.9,CRUISE_LOITER,1.0,0,500.0,0.09,-0.07,0.32,-0.13,-0.24,0.74,-1.14,-0.43,-0.02,0.1,0.01,0.09,0.008,0.01,0.0296,0
19.05,5162.4,2124.4,72.7,86.52,89.19,86.36,89.16,779.84,786.91,782.22,784.34,4.82,65.69,12.51,3.03,43.37,0.707,14.13,4.19,LANE_A,18833.0,-22.7,89.9,CRUISE_LOITER,1.0,0,500.0,-0.22,-0.05,0.12,0.42,-0.33,1.74,0.05,-0.83,0.03,0.03,0.04,0.08,-0.016,0.03,0.0429,0
19.1,5163.6,2125.0,72.7,86.54,89.13,86.08,88.41,780.53,785.95,779.65,784.83,4.78,65.55,12.59,2.99,43.24,0.731,14.07,4.05,LANE_A,18834.0,-22.7,89.9,CRUISE_LOITER,1.0,0,500.0,-0.19,-0.1,-0.15,-0.32,0.37,0.79,-2.51,-0.33,-0.01,-0.1,0.12,-0.05,0.008,-0.03,0.0575,0
19.150000000000002,5163.4,2124.8,72.4,86.51,89.3,86.48,88.72,778.43,786.5,782.97,784.93,4.81,65.87,12.45,2.97,43.27,0.724,14.11,4.11,LANE_A,18835.0,-22.7,89.9,CRUISE_LOITER,1.0,0,500.0,-0.22,0.07,0.25,-0.01,-1.73,1.34,0.81,-0.23,0.02,0.22,-0.02,-0.02,0.001,0.01,0.0412,0
19.200000000000003,5167.8,2126.7,72.5,86.6,89.14,86.25,88.63,780.21,783.32,781.72,785.0,4.81,65.76,12.61,3.0,43.18,0.746,14.12,3.92,LANE_A,18835.0,-22.7,89.9,CRUISE_LOITER,1.0,0,500.0,-0.13,-0.09,0.02,-0.1,0.05,-1.84,-0.44,-0.16,0.02,0.11,0.14,-0.11,0.023,0.02,0.0438,0
19.25,5175.5,2129.8,72.5,86.84,89.2,85.98,88.64,779.12,783.09,784.37,784.31,4.78,65.89,12.38,3.02,43.27,0.708,14.12,4.14,LANE_A,18836.0,-22.7,89.9,CRUISE_LOITER,1.0,0,500.0,0.11,-0.03,-0.25,-0.09,-1.04,-2.07,2.21,-0.85,-0.01,0.24,-0.09,-0.01,-0.015,0.02,0.0526,0
19.3,5158.0,2122.6,72.4,86.74,89.29,86.0,88.63,779.07,784.99,781.69,786.57,4.75,65.68,12.46,3.03,43.37,0.742,14.08,3.97,LANE_A,18837.0,-22.7,89.9,CRUISE_LOITER,1.0,0,500.0,0.02,0.07,-0.22,-0.09,-1.09,-0.17,-0.47,1.41,-0.04,0.04,-0.01,0.09,0.019,-0.02,0.047,0
19.35,5178.9,2131.2,72.6,86.79,89.32,86.18,88.62,778.08,786.54,782.36,783.49,4.78,65.66,12.5,3.01,43.28,0.731,14.11,4.08,LANE_A,18838.0,-22.7,89.9,CRUISE_LOITER,1.0,0,500.0,0.07,0.1,-0.04,-0.1,-2.08,1.38,0.2,-1.67,-0.01,0.02,0.03,0.0,0.008,0.01,0.0483,0
19.400000000000002,5159.7,2123.3,72.8,86.83,89.05,86.33,88.39,780.46,785.2,781.95,786.63,4.81,65.74,12.57,2.99,43.27,0.726,14.12,3.97,LANE_A,18839.0,-22.7,89.9,CRUISE_LOITER,1.0,0,500.0,0.11,-0.17,0.11,-0.33,0.3,0.04,-0.21,1.47,0.02,0.1,0.1,-0.01,0.003,0.02,0.0357,0
19.450000000000003,5166.9,2126.3,72.6,86.58,89.3,86.28,88.59,779.31,784.07,782.9,785.34,4.84,65.6,12.44,3.01,43.16,0.693,14.12,3.99,LANE_A,18840.0,-22.7,89.9,CRUISE_LOITER,1.0,0,500.0,-0.13,0.09,0.07,-0.12,-0.85,-1.09,0.74,0.18,0.05,-0.04,-0.03,-0.12,-0.03,0.02,0.0575,0
19.5,5156.7,2122.1,72.5,86.66,89.08,86.38,88.54,779.98,785.43,781.41,786.76,4.84,65.26,12.5,2.96,43.25,0.708,14.11,3.85,LANE_A,18841.0,-22.7,89.9,CRUISE_LOITER,1.0,0,500.0,-0.05,-0.13,0.17,-0.17,-0.17,0.28,-0.74,1.61,0.05,-0.37,0.03,-0.03,-0.015,0.01,0.0571,0
19.55,5167.5,2126.5,72.2,87.02,89.02,86.68,89.03,780.8,784.98,783.05,785.69,4.75,65.71,12.47,3.02,43.19,0.718,14.1,4.04,LANE_A,18842.0,-22.7,89.9,CRUISE_LOITER,1.0,0,500.0,0.31,-0.19,0.47,0.32,0.65,-0.17,0.9,0.54,-0.04,0.08,0.0,-0.09,-0.005,0.0,0.0477,0
19.6,5132.2,2112.0,72.6,86.49,88.95,86.3,88.57,779.15,787.84,781.89,784.09,4.81,65.82,12.52,3.0,43.1,0.714,14.1,4.17,LANE_A,18842.0,-22.7,89.9,CRUISE_LOITER,1.0,0,500.0,-0.22,-0.26,0.09,-0.14,-1.0,2.69,-0.26,-1.06,0.02,0.19,0.05,-0.18,-0.009,0.0,0.0611,0
19.650000000000002,5176.0,2130.0,72.4,86.49,89.27,86.29,88.61,780.27,785.77,781.89,784.8,4.86,65.46,12.5,2.98,43.23,0.712,14.07,4.15,LANE_A,18843.0,-22.7,89.9,CRUISE_LOITER,1.0,0,500.0,-0.21,0.07,0.09,-0.09,0.12,0.62,-0.26,-0.35,0.07,-0.17,0.03,-0.04,-0.011,-0.03,0.0765,0
19.700000000000003,5161.9,2124.3,72.4,86.58,89.24,86.44,89.01,781.2,784.24,783.01,782.99,4.82,65.75,12.59,2.96,43.16,0.725,14.11,4.03,LANE_A,18844.0,-22.7,89.9,CRUISE_LOITER,1.0,0,500.0,-0.12,0.04,0.24,0.31,1.05,-0.91,0.86,-2.16,0.03,0.13,0.12,-0.11,0.002,0.01,0.0513,0
19.75,5154.6,2121.2,72.7,86.77,89.34,86.29,88.3,781.22,785.02,781.4,785.54,4.83,65.8,12.47,3.03,43.21,0.711,14.1,4.01,LANE_A,18845.0,-22.7,89.9,CRUISE_LOITER,1.0,0,500.0,0.07,0.14,0.09,-0.4,1.07,-0.13,-0.75,0.39,0.04,0.18,0.0,-0.06,-0.012,0.0,0.0465,0
19.8,5153.8,2120.9,72.8,86.62,89.12,86.08,88.55,781.71,786.75,780.69,784.8,4.74,65.57,12.38,3.0,43.14,0.697,14.11,4.09,LANE_A,18846.0,-22.7,89.9,CRUISE_LOITER,1.0,0,500.0,-0.08,-0.08,-0.12,-0.15,1.56,1.6,-1.46,-0.35,-0.05,-0.05,-0.09,-0.13,-0.026,0.01,0.0589,0
19.85,5160.5,2123.7,72.3,86.61,89.34,86.19,88.88,778.6,784.94,783.19,783.88,4.77,65.65,12.52,2.99,43.31,0.717,14.11,4.14,LANE_A,18847.0,-22.7,89.9,CRUISE_LOITER,1.0,0,500.0,-0.08,0.15,0.0,0.19,-1.54,-0.2,1.05,-1.26,-0.02,0.03,0.05,0.04,-0.006,0.01,0.0371,0
19.900000000000002,5133.1,2112.4,72.3,86.63,89.31,86.35,88.64,779.34,785.33,783.49,784.78,4.8,65.68,12.57,3.02,43.09,0.679,14.1,4.11,LANE_A,18848.0,-22.7,89.9,CRUISE_LOITER,1.0,0,500.0,-0.06,0.12,0.16,-0.05,-0.8,0.19,1.35,-0.36,0.01,0.07,0.1,-0.18,-0.044,0.0,0.0595,0
19.950000000000003,5171.9,2128.4,73.0,86.39,89.16,86.28,88.92,780.0,785.57,782.55,788.61,4.78,65.57,12.45,2.94,43.33,0.713,14.1,3.99,LANE_A,18849.0,-22.7,89.9,CRUISE_LOITER,1.0,0,500.0,-0.3,-0.03,0.09,0.23,-0.14,0.43,0.41,3.47,-0.01,-0.04,-0.02,0.06,-0.01,0.0,0.0756,0
20.0,5164.4,2125.3,72.8,86.81,89.5,85.99,89.15,781.86,784.57,781.55,786.51,4.82,65.61,12.43,2.99,43.19,0.735,14.11,4.12,LANE_A,18849.0,-22.7,89.9,CRUISE_LOITER,1.0,0,500.0,0.13,0.32,-0.19,0.47,1.72,-0.57,-0.59,1.37,0.03,0.0,-0.03,-0.08,0.012,0.01,0.0439,0
20.05,5171.7,2128.3,72.6,86.63,88.81,86.13,88.89,778.72,787.34,782.82,783.66,4.77,65.54,12.38,3.01,43.41,0.709,14.11,3.98,LANE_A,18850.0,-22.7,90.0,CRUISE_LOITER,1.0,0,500.0,-0.05,-0.37,-0.05,0.21,-1.42,2.2,0.68,-1.48,-0.02,-0.07,-0.08,0.15,-0.014,0.01,0.0524,0
20.1,5188.2,2135.0,72.6,86.24,89.07,86.46,88.56,780.53,785.64,781.63,786.38,4.78,65.59,12.61,3.02,43.29,0.735,14.1,4.01,LANE_A,18851.0,-22.7,90.0,CRUISE_LOITER,1.0,0,500.0,-0.44,-0.11,0.28,-0.12,0.39,0.5,-0.51,1.24,-0.01,-0.01,0.15,0.03,0.012,0.0,0.04,0
20.150000000000002,5154.6,2121.2,72.3,86.68,89.22,86.31,88.69,779.42,785.09,782.85,786.91,4.81,65.83,12.64,3.0,43.27,0.73,14.11,4.12,LANE_A,18852.0,-22.7,90.0,CRUISE_LOITER,1.0,0,500.0,0.0,0.04,0.13,0.01,-0.72,-0.05,0.71,1.77,0.02,0.23,0.18,0.01,0.007,0.01,0.0428,0
20.200000000000003,5149.1,2119.0,72.5,86.44,89.71,86.29,88.6,780.74,785.41,782.03,782.89,4.81,65.57,12.44,3.02,43.23,0.699,14.11,4.05,LANE_A,18853.0,-22.7,90.0,CRUISE_LOITER,1.0,0,500.0,-0.23,0.54,0.12,-0.07,0.6,0.27,-0.11,-2.25,0.02,-0.03,-0.02,-0.03,-0.024,0.01,0.0529,0
20.25,5164.8,2125.4,72.5,86.56,88.95,85.98,88.75,777.59,783.88,782.86,786.62,4.75,65.67,12.54,3.0,43.38,0.689,14.12,4.04,LANE_A,18854.0,-22.7,90.0,CRUISE_LOITER,1.0,0,500.0,-0.11,-0.22,-0.19,0.08,-2.54,-1.25,0.73,1.49,-0.04,0.08,0.08,0.12,-0.034,0.02,0.0608,0
20.3,5158.5,2122.8,72.4,86.82,89.15,85.89,88.62,782.91,785.14,782.83,787.93,4.78,65.4,12.51,2.99,43.28,0.74,14.11,3.87,LANE_A,18855.0,-22.7,90.0,CRUISE_LOITER,1.0,0,500.0,0.15,-0.02,-0.28,-0.05,2.78,0.01,0.7,2.8,-0.01,-0.19,0.05,0.02,0.017,0.01,0.0648,0
20.35,5161.2,2124.0,72.7,86.74,88.99,86.16,88.74,780.96,788.37,780.95,784.91,4.82,65.68,12.46,3.0,43.08,0.742,14.07,4.05,LANE_A,18856.0,-22.7,90.0,CRUISE_LOITER,1.0,0,500.0,0.07,-0.18,-0.01,0.07,0.83,3.24,-1.18,-0.22,0.03,0.09,0.0,-0.18,0.019,-0.03,0.0727,0
20.400000000000002,5158.2,2122.7,72.5,86.54,89.16,86.0,88.93,781.51,783.66,783.26,783.57,4.79,65.82,12.36,3.01,43.21,0.715,14.09,4.16,LANE_A,18856.0,-22.7,90.0,CRUISE_LOITER,1.0,0,500.0,-0.12,0.0,-0.16,0.27,1.38,-1.47,1.13,-1.56,0.0,0.23,-0.1,-0.05,-0.008,-0.01,0.0391,0
20.450000000000003,5148.2,2118.6,72.5,86.64,89.21,86.22,88.54,780.8,785.33,781.63,786.47,4.81,65.64,12.5,3.06,43.31,0.7,14.1,4.02,LANE_A,18857.0,-22.7,90.0,CRUISE_LOITER,1.0,0,500.0,-0.02,0.05,0.06,-0.12,0.67,0.2,-0.5,1.34,0.02,0.06,0.04,0.05,-0.023,0.0,0.0332,0
20.5,5182.3,2132.6,72.8,86.63,89.29,86.21,88.63,781.66,786.02,782.75,786.06,4.76,65.67,12.39,2.98,43.35,0.713,14.09,4.0,LANE_A,18858.0,-22.7,90.0,CRUISE_LOITER,1.0,0,500.0,-0.03,0.13,0.05,-0.03,1.53,0.89,0.62,0.93,-0.03,0.09,-0.07,0.1,-0.01,-0.01,0.0372,0
20.55,5178.3,2131.0,72.5,86.66,89.16,86.38,88.47,777.32,785.9,780.12,784.99,4.75,65.51,12.59,2.97,43.09,0.724,14.09,4.1,LANE_A,18859.0,-22.7,90.0,CRUISE_LOITER,1.0,0,500.0,0.01,0.01,0.23,-0.18,-2.81,0.77,-2.01,-0.14,-0.04,-0.07,0.13,-0.16,0.001,-0.01,0.0652,0
20.6,5161.5,2124.1,73.0,86.53,88.94,86.07,88.63,779.25,784.63,782.36,784.52,4.73,65.53,12.4,3.01,43.17,0.726,14.09,3.77,LANE_A,18860.0,-22.7,90.0,CRUISE_LOITER,1.0,0,500.0,-0.12,-0.21,-0.08,-0.02,-0.87,-0.49,0.24,-0.6,-0.06,-0.05,-0.06,-0.08,0.003,-0.01,0.066,0
20.650000000000002,5148.9,2118.9,72.6,86.73,89.12,85.95,88.67,780.82,785.24,784.74,786.18,4.78,65.65,12.5,3.0,43.3,0.701,14.1,4.1,LANE_A,18861.0,-22.7,90.0,CRUISE_LOITER,1.0,0,500.0,0.08,-0.03,-0.2,0.02,0.7,0.12,2.62,1.06,-0.01,0.08,0.04,0.05,-0.022,0.0,0.0588,0
20.700000000000003,5173.6,2129.1,72.3,86.98,88.72,85.83,88.76,780.21,783.86,782.47,783.26,4.83,65.42,12.42,3.0,43.41,0.714,14.11,3.99,LANE_A,18862.0,-22.7,90.0,CRUISE_LOITER,1.0,0,500.0,0.33,-0.43,-0.32,0.11,0.09,-1.26,0.35,-1.86,0.04,-0.15,-0.04,0.16,-0.009,0.01,0.0491,0
20.75,5175.6,2129.9,72.4,86.65,89.11,86.1,88.73,781.32,784.94,781.9,784.38,4.83,65.58,12.42,2.99,43.46,0.72,14.07,4.16,LANE_A,18862.0,-22.7,90.0,CRUISE_LOITER,1.0,0,500.0,0.01,-0.03,-0.04,0.09,1.2,-0.18,-0.22,-0.74,0.04,0.01,-0.04,0.21,-0.003,-0.03,0.0464,0
20.8,5138.1,2114.4,72.3,86.56,89.11,85.93,88.59,779.59,785.3,780.73,786.37,4.83,65.35,12.37,2.98,43.34,0.722,14.15,3.86,LANE_A,18863.0,-22.7,90.0,CRUISE_LOITER,1.0,0,500.0,-0.08,-0.03,-0.21,-0.05,-0.53,0.18,-1.39,1.25,0.04,-0.22,-0.09,0.09,-0.001,0.05,0.0512,0
20.85,5161.9,2124.2,72.3,86.72,89.12,86.04,88.8,780.89,784.55,781.13,785.64,4.76,65.4,12.46,3.0,43.24,0.73,14.12,4.0,LANE_A,18864.0,-22.7,90.0,CRUISE_LOITER,1.0,0,500.0,0.08,-0.02,-0.1,0.16,0.77,-0.57,-0.99,0.52,-0.03,-0.16,0.0,-0.01,0.007,0.02,0.0356,0
20.900000000000002,5160.8,2123.8,72.6,86.44,88.65,86.0,88.78,780.19,786.04,779.78,785.26,4.82,65.43,12.39,3.01,43.2,0.711,14.11,3.99,LANE_A,18865.0,-22.7,90.0,CRUISE_LOITER,1.0,0,500.0,-0.2,-0.49,-0.14,0.14,0.07,0.92,-2.34,0.14,0.03,-0.13,-0.07,-0.04,-0.012,0.01,0.0547,0
20.950000000000003,5146.5,2117.9,72.8,86.54,88.92,85.99,88.67,780.7,782.47,783.54,786.67,4.79,65.55,12.34,2.98,43.17,0.707,14.1,4.16,LANE_A,18866.0,-22.7,90.0,CRUISE_LOITER,1.0,0,500.0,-0.09,-0.21,-0.14,0.04,0.58,-2.65,1.42,1.55,0.0,-0.01,-0.12,-0.07,-0.016,0.0,0.0607,0
21.0,5155.8,2121.7,72.8,86.22,89.24,86.24,88.51,781.11,785.99,781.7,786.6,4.8,65.3,12.36,2.99,43.34,0.731,14.09,4.06,LANE_A,18867.0,-22.7,90.0,CRUISE_LOITER,1.0,0,500.0,-0.41,0.11,0.11,-0.12,1.0,0.88,-0.41,1.49,0.01,-0.26,-0.1,0.1,0.008,-0.01,0.0379,0
21.05,5166.1,2126.0,72.6,86.76,89.05,86.22,88.56,781.72,784.07,782.64,786.8,4.73,65.74,12.38,2.98,43.17,0.724,14.12,4.11,LANE_A,18868.0,-22.7,90.0,CRUISE_LOITER,1.0,0,500.0,0.13,-0.08,0.09,-0.07,1.61,-1.04,0.53,1.69,-0.06,0.19,-0.08,-0.07,0.001,0.02,0.068,0
21.1,5164.7,2125.4,72.9,86.61,89.12,86.21,88.53,779.92,784.02,781.06,783.81,4.77,65.7,12.5,2.99,43.42,0.721,14.1,4.06,LANE_A,18869.0,-22.7,90.0,CRUISE_LOITER,1.0,0,500.0,-0.01,0.0,0.09,-0.09,-0.19,-1.09,-1.05,-1.3,-0.02,0.15,0.04,0.18,-0.002,0.0,0.0319,0
21.150000000000002,5154.0,2121.0,72.3,86.53,88.78,85.97,88.82,779.44,784.58,782.49,783.9,4.83,65.58,12.28,3.01,43.38,0.721,14.09,4.11,LANE_A,18869.0,-22.7,90.1,CRUISE_LOITER,1.0,0,500.0,-0.09,-0.34,-0.15,0.2,-0.67,-0.53,0.38,-1.21,0.04,0.03,-0.18,0.14,-0.002,-0.01,0.0479,0
21.200000000000003,5174.1,2129.3,73.0,86.69,89.09,86.45,88.74,781.11,785.24,780.56,784.31,4.79,65.3,12.55,3.03,43.15,0.739,14.11,4.05,LANE_A,18870.0,-22.7,90.1,CRUISE_LOITER,1.0,0,500.0,0.07,-0.03,0.33,0.12,1.0,0.13,-1.55,-0.8,0.0,-0.25,0.09,-0.09,0.016,0.01,0.0377,0
21.25,5157.9,2122.6,72.5,86.97,89.23,86.25,89.05,782.04,785.57,782.11,784.84,4.76,65.73,12.46,3.01,43.37,0.706,14.07,4.07,LANE_A,18871.0,-22.7,90.1,CRUISE_LOITER,1.0,0,500.0,0.35,0.11,0.13,0.43,1.93,0.46,0.0,-0.27,-0.03,0.19,0.0,0.13,-0.017,-0.03,0.0471,0
21.3,5166.8,2126.2,72.8,86.45,88.98,86.03,88.91,781.37,785.67,784.88,784.2,4.78,65.82,12.52,3.0,43.29,0.686,14.12,3.95,LANE_A,18872.0,-22.7,90.1,CRUISE_LOITER,1.0,0,500.0,-0.16,-0.13,-0.08,0.3,1.26,0.56,2.77,-0.91,-0.01,0.28,0.06,0.06,-0.037,0.02,0.0642,0
21.35,5141.8,2116.0,72.6,86.3,89.24,86.16,88.31,778.87,783.56,780.51,784.65,4.82,65.54,12.5,3.01,43.24,0.726,14.16,4.16,LANE_A,18873.0,-22.7,90.1,CRUISE_LOITER,1.0,0,500.0,-0.31,0.13,0.05,-0.3,-1.24,-1.55,-1.6,-0.46,0.03,0.0,0.04,0.01,0.003,0.06,0.0604,0
21.400000000000002,5138.9,2114.8,72.7,86.48,89.13,86.06,88.83,781.43,784.9,782.41,784.16,4.79,65.42,12.37,2.99,43.24,0.736,14.09,4.05,LANE_A,18874.0,-22.7,90.1,CRUISE_LOITER,1.0,0,500.0,-0.13,0.02,-0.05,0.22,1.33,-0.2,0.31,-0.94,0.0,-0.12,-0.09,0.01,0.013,-0.01,0.032,0
21.450000000000003,5162.9,2124.6,72.3,86.58,88.95,86.2,88.47,778.03,783.85,780.57,784.34,4.81,65.63,12.46,2.99,43.3,0.758,14.09,4.01,LANE_A,18875.0,-22.7,90.1,CRUISE_LOITER,1.0,0,500.0,-0.03,-0.16,0.09,-0.14,-2.07,-1.25,-1.53,-0.76,0.02,0.1,0.0,0.07,0.035,-0.01,0.0506,0
21.5,5166.1,2126.0,72.7,86.31,88.82,86.48,88.52,778.39,785.15,783.68,784.09,4.76,65.71,12.48,2.98,43.49,0.721,14.12,4.09,LANE_A,18876.0,-22.8,90.1,CRUISE_LOITER,1.0,0,500.0,-0.29,-0.28,0.38,-0.08,-1.71,0.05,1.58,-1.01,-0.03,0.18,0.02,0.26,-0.002,0.02,0.0435,0
21.55,5182.4,2132.7,72.8,86.65,89.0,86.03,88.56,779.39,786.88,783.61,785.0,4.82,65.71,12.25,3.01,43.14,0.715,14.09,3.96,LANE_A,18876.0,-22.8,90.1,CRUISE_LOITER,1.0,0,500.0,0.05,-0.1,-0.07,-0.04,-0.71,1.78,1.51,-0.1,0.03,0.18,-0.21,-0.09,-0.008,-0.01,0.0501,0
21.6,5170.6,2127.8,72.5,86.55,89.03,86.32,88.67,781.36,785.15,783.27,785.84,4.79,65.54,12.49,2.99,43.25,0.716,14.08,4.07,LANE_A,18877.0,-22.8,90.1,CRUISE_LOITER,1.0,0,500.0,-0.05,-0.07,0.22,0.07,1.26,0.05,1.17,0.74,0.0,0.01,0.03,0.02,-0.007,-0.02,0.0306,0
21.650000000000002,5160.9,2123.8,72.6,86.75,89.11,86.04,88.57,780.98,783.94,782.33,784.84,4.77,65.52,12.57,2.97,43.32,0.726,14.11,4.11,LANE_A,18878.0,-22.8,90.1,CRUISE_LOITER,1.0,0,500.0,0.16,0.02,-0.05,-0.02,0.88,-1.16,0.23,-0.26,-0.02,0.0,0.11,0.09,0.003,0.01,0.0286,0
21.700000000000003,5154.0,2121.0,72.6,86.93,89.42,86.08,88.46,780.19,782.68,782.16,788.16,4.81,65.33,12.36,2.98,43.16,0.729,14.1,4.11,LANE_A,18879.0,-22.8,90.1,CRUISE_LOITER,1.0,0,500.0,0.34,0.33,-0.01,-0.13,0.09,-2.42,0.06,3.06,0.02,-0.19,-0.1,-0.07,0.006,0.0,0.07,0
21.75,5182.6,2132.8,72.5,86.73,89.59,86.01,88.37,779.85,785.26,781.91,784.68,4.76,65.41,12.47,2.99,43.32,0.731,14.14,4.17,LANE_A,18880.0,-22.8,90.1,CRUISE_LOITER,1.0,0,500.0,0.14,0.5,-0.08,-0.22,-0.24,0.17,-0.18,-0.41,-0.03,-0.11,0.01,0.1,0.008,0.04,0.0447,0
21.8,5169.0,2127.2,72.9,86.57,88.96,86.12,88.85,777.96,784.25,782.19,784.7,4.81,65.46,12.51,2.95,43.16,0.721,14.12,4.14,LANE_A,18881.0,-22.8,90.1,CRUISE_LOITER,1.0,0,500.0,-0.02,-0.13,0.03,0.26,-2.13,-0.84,0.1,-0.39,0.02,-0.06,0.05,-0.06,-0.002,0.02,0.0486,0
21.85,5175.2,2129.7,72.9,86.9,89.1,86.2,88.54,781.41,786.98,782.49,784.33,4.8,65.27,12.36,2.99,43.16,0.707,14.09,3.97,LANE_A,18882.0,-22.8,90.1,CRUISE_LOITER,1.0,0,500.0,0.32,0.02,0.12,-0.04,1.32,1.89,0.4,-0.76,0.01,-0.24,-0.1,-0.06,-0.016,-0.01,0.045,0
21.900000000000002,5180.4,2131.9,72.6,86.73,89.39,85.89,88.32,779.05,786.84,781.72,785.14,4.82,65.43,12.42,3.01,43.3,0.744,14.1,4.27,LANE_A,18882.0,-22.8,90.1,CRUISE_LOITER,1.0,0,500.0,0.15,0.31,-0.19,-0.26,-1.04,1.75,-0.37,0.05,0.03,-0.08,-0.04,0.08,0.021,0.0,0.0428,0
21.950000000000003,5167.5,2126.5,72.7,86.78,89.18,86.44,88.55,781.24,787.42,782.02,786.28,4.79,65.38,12.37,3.0,43.0,0.718,14.09,4.17,LANE_A,18883.0,-22.8,90.1,CRUISE_LOITER,1.0,0,500.0,0.2,0.1,0.36,-0.03,1.15,2.33,-0.07,1.19,0.0,-0.13,-0.09,-0.22,-0.005,-0.01,0.0541,0
22.0,5158.3,2122.8,72.6,86.71,88.73,86.11,88.65,779.75,784.23,779.6,786.28,4.85,65.47,12.46,3.0,43.24,0.731,14.12,3.99,LANE_A,18884.0,-22.8,90.1,CRUISE_LOITER,1.0,0,500.0,0.13,-0.35,0.03,0.07,-0.34,-0.86,-2.49,1.19,0.06,-0.04,0.01,0.02,0.008,0.02,0.0687,0
22.05,5187.0,2134.6,72.6,86.61,88.74,86.16,88.27,778.84,788.02,781.2,787.31,4.8,65.46,12.48,2.98,43.29,0.714,14.1,3.82,LANE_A,18885.0,-22.8,90.1,CRUISE_LOITER,1.0,0,500.0,0.04,-0.33,0.09,-0.3,-1.25,2.93,-0.89,2.22,0.01,-0.04,0.03,0.07,-0.009,0.0,0.0672,0
22.1,5166.6,2126.2,72.6,86.45,89.09,86.08,88.55,779.25,785.96,780.94,786.41,4.77,65.6,12.6,3.0,43.3,0.726,14.11,4.06,LANE_A,18886.0,-22.8,90.1,CRUISE_LOITER,1.0,0,500.0,-0.12,0.02,0.01,-0.02,-0.84,0.87,-1.15,1.32,-0.02,0.1,0.15,0.08,0.003,0.01,0.0367,0
22.150000000000002,5175.0,2129.6,72.6,86.55,89.04,86.03,88.6,779.57,786.21,782.36,786.06,4.82,65.37,12.48,3.01,43.35,0.689,14.07,4.23,LANE_A,18887.0,-22.8,90.1,CRUISE_LOITER,1.0,0,500.0,-0.02,-0.03,-0.04,0.03,-0.51,1.13,0.28,0.98,0.03,-0.13,0.03,0.14,-0.034,-0.03,0.0481,0
22.200000000000003,5165.1,2125.5,72.8,86.43,89.13,85.9,88.29,779.84,784.12,783.77,785.0,4.78,65.71,12.55,3.01,43.44,0.714,14.12,4.28,LANE_A,18888.0,-22.8,90.1,CRUISE_LOITER,1.0,0,500.0,-0.13,0.07,-0.16,-0.27,-0.24,-0.96,1.69,-0.08,-0.01,0.21,0.1,0.23,-0.009,0.02,0.0408,0
22.25,5150.8,2119.7,72.5,86.86,89.43,86.23,88.6,780.89,784.83,784.08,784.47,4.78,65.62,12.59,2.98,43.19,0.733,14.12,3.97,LANE_A,18889.0,-22.8,90.2,CRUISE_LOITER,1.0,0,500.0,0.3,0.37,0.17,0.04,0.81,-0.25,2.0,-0.61,-0.01,0.13,0.14,-0.02,0.01,0.02,0.0476,0
22.3,5156.2,2121.9,72.8,86.62,89.2,86.16,88.69,780.6,785.08,780.5,783.73,4.84,65.48,12.49,2.99,43.35,0.718,14.1,4.12,LANE_A,18889.0,-22.8,90.2,CRUISE_LOITER,1.0,0,500.0,0.06,0.14,0.1,0.13,0.52,0.0,-1.58,-1.35,0.05,-0.01,0.04,0.14,-0.005,0.0,0.0569,0
22.35,5152.7,2120.4,72.3,86.47,89.1,86.19,88.74,777.78,784.2,780.24,783.67,4.77,65.46,12.42,3.0,43.39,0.711,14.11,4.26,LANE_A,18890.0,-22.8,90.2,CRUISE_LOITER,1.0,0,500.0,-0.09,0.04,0.13,0.18,-2.3,-0.88,-1.84,-1.41,-0.02,-0.03,-0.03,0.18,-0.012,0.01,0.0542,0
22.400000000000002,5184.0,2133.3,72.8,86.39,88.87,85.81,88.37,780.66,785.84,783.64,786.49,4.82,65.53,12.55,3.01,43.18,0.702,14.09,4.09,LANE_A,18891.0,-22.8,90.2,CRUISE_LOITER,1.0,0,500.0,-0.16,-0.18,-0.24,-0.18,0.58,0.76,1.56,1.41,0.03,0.04,0.1,-0.03,-0.021,-0.01,0.0395,0
22.450000000000003,5131.0,2111.5,72.8,86.54,89.15,86.01,88.57,779.6,783.42,781.8,787.46,4.76,65.57,12.42,3.0,43.21,0.71,14.11,3.97,LANE_A,18892.0,-22.8,90.2,CRUISE_LOITER,1.0,0,500.0,-0.01,0.1,-0.04,0.02,-0.48,-1.66,-0.28,2.38,-0.03,0.09,-0.03,0.0,-0.013,0.01,0.0546,0
22.5,5168.3,2126.9,72.9,86.6,89.1,86.1,88.46,779.31,785.71,779.75,785.76,4.77,65.5,12.45,2.97,43.07,0.715,14.12,4.09,LANE_A,18893.0,-22.8,90.2,CRUISE_LOITER,1.0,0,500.0,0.05,0.05,0.05,-0.09,-0.77,0.63,-2.33,0.68,-0.02,0.02,0.0,-0.14,-0.008,0.02,0.0527,0
22.55,5164.3,2125.2,72.7,86.51,88.8,85.8,88.67,783.11,785.48,783.43,783.88,4.82,65.34,12.52,3.0,43.06,0.688,14.06,3.99,LANE_A,18894.0,-22.8,90.2,CRUISE_LOITER,1.0,0,500.0,-0.04,-0.25,-0.25,0.12,3.04,0.41,1.36,-1.19,0.03,-0.14,0.07,-0.14,-0.035,-0.04,0.0708,0
22.6,5154.9,2121.4,72.6,86.54,89.15,85.98,88.48,779.31,784.16,783.47,784.96,4.74,65.55,12.55,3.03,43.18,0.721,14.12,4.07,LANE_A,18895.0,-22.8,90.2,CRUISE_LOITER,1.0,0,500.0,0.0,0.11,-0.06,-0.06,-0.76,-0.91,1.4,-0.11,-0.05,0.07,0.1,-0.02,-0.002,0.02,0.0567,0
22.650000000000002,5191.9,2136.6,73.0,86.5,88.83,86.25,88.72,779.46,786.24,782.91,785.95,4.77,65.43,12.39,3.02,43.19,0.699,14.12,3.9,LANE_A,18896.0,-22.8,90.2,CRUISE_LOITER,1.0,0,500.0,-0.04,-0.21,0.21,0.18,-0.61,1.17,0.84,0.88,-0.02,-0.04,-0.06,-0.01,-0.024,0.02,0.0359,0
22.700000000000003,5169.8,2127.5,73.1,86.48,89.16,85.86,88.33,781.54,785.06,780.83,784.0,4.81,65.34,12.48,3.0,43.19,0.707,14.12,4.08,LANE_A,18896.0,-22.8,90.2,CRUISE_LOITER,1.0,0,500.0,-0.06,0.12,-0.18,-0.21,1.47,-0.01,-1.24,-1.07,0.02,-0.13,0.03,-0.01,-0.016,0.02,0.0364,0
22.75,5173.3,2128.9,72.6,86.52,88.86,85.92,88.55,779.63,784.35,780.45,785.37,4.75,65.17,12.58,3.0,43.39,0.725,14.11,3.99,LANE_A,18897.0,-22.8,90.2,CRUISE_LOITER,1.0,0,500.0,-0.02,-0.18,-0.12,0.01,-0.44,-0.72,-1.62,0.3,-0.04,-0.3,0.13,0.19,0.002,0.01,0.0474,0
22.8,5164.8,2125.4,72.7,86.46,88.99,85.86,88.66,782.09,784.13,781.42,787.06,4.75,65.57,12.47,3.03,43.35,0.738,14.11,4.04,LANE_A,18898.0,-22.8,90.2,CRUISE_LOITER,1.0,0,500.0,-0.07,-0.04,-0.17,0.13,2.02,-0.94,-0.65,1.99,-0.04,0.1,0.02,0.15,0.015,0.01,0.0493,0
22.85,5161.9,2124.2,72.5,86.59,88.98,86.25,88.14,779.04,782.92,781.24,785.5,4.87,65.52,12.28,3.01,43.25,0.742,14.11,4.23,LANE_A,18899.0,-22.8,90.2,CRUISE_LOITER,1.0,0,500.0,0.06,-0.05,0.22,-0.39,-1.03,-2.15,-0.83,0.43,0.08,0.06,-0.17,0.05,0.019,0.01,0.0891,0
22.900000000000002,5157.1,2122.3,72.7,86.42,88.8,85.87,88.55,778.95,785.73,782.22,783.43,4.87,65.55,12.46,3.0,42.97,0.717,14.11,4.02,LANE_A,18900.0,-22.8,90.2,CRUISE_LOITER,1.0,0,500.0,-0.11,-0.23,-0.16,0.02,-1.11,0.67,0.16,-1.63,0.08,0.09,0.01,-0.23,-0.006,0.01,0.0875,0
22.950000000000003,5160.8,2123.8,72.6,86.92,89.08,86.18,88.37,781.66,785.28,782.54,784.96,4.83,65.35,12.5,3.01,43.05,0.709,14.09,3.99,LANE_A,18901.0,-22.8,90.2,CRUISE_LOITER,1.0,0,500.0,0.4,0.06,0.16,-0.15,1.6,0.22,0.48,-0.1,0.04,-0.11,0.05,-0.15,-0.014,-0.01,0.0474,0
23.0,5167.5,2126.5,72.6,86.55,88.94,85.58,88.55,780.98,785.03,784.1,785.38,4.8,65.44,12.58,3.01,43.38,0.725,14.11,3.9,LANE_A,18902.0,-22.8,90.2,CRUISE_LOITER,1.0,0,500.0,0.03,-0.08,-0.44,0.03,0.92,-0.03,2.04,0.32,0.01,-0.02,0.13,0.19,0.002,0.01,0.0479,0
23.05,5157.0,2122.2,72.9,86.56,88.75,86.06,88.65,779.69,786.17,780.56,784.09,4.8,65.33,12.3,3.0,43.25,0.725,14.06,3.88,LANE_A,18902.0,-22.8,90.2,CRUISE_LOITER,1.0,0,500.0,0.04,-0.27,0.04,0.13,-0.37,1.11,-1.5,-0.97,0.01,-0.12,-0.15,0.06,0.002,-0.04,0.0421,0
23.1,5149.5,2119.1,72.6,86.62,88.81,85.92,88.42,781.2,786.23,781.21,783.26,4.82,65.34,12.34,3.01,43.2,0.782,14.11,4.05,LANE_A,18903.0,-22.8,90.2,CRUISE_LOITER,1.0,0,500.0,0.1,-0.21,-0.1,-0.1,1.14,1.17,-0.85,-1.8,0.03,-0.11,-0.11,0.01,0.059,0.01,0.0794,0
23.150000000000002,5163.9,2125.1,72.9,86.42,89.26,85.98,88.27,781.38,784.32,781.56,785.47,4.76,65.58,12.52,2.99,42.93,0.716,14.11,3.92,LANE_A,18904.0,-22.8,90.2,CRUISE_LOITER,1.0,0,500.0,-0.09,0.25,-0.03,-0.24,1.32,-0.74,-0.5,0.41,-0.03,0.13,0.07,-0.26,-0.007,0.01,0.0372,0
23.200000000000003,5191.1,2136.3,72.7,86.39,88.8,85.91,88.22,781.6,782.62,783.16,785.43,4.75,65.53,12.39,3.01,43.16,0.717,14.1,4.16,LANE_A,18905.0,-22.8,90.2,CRUISE_LOITER,1.0,0,500.0,-0.12,-0.21,-0.1,-0.29,1.54,-2.44,1.1,0.37,-0.04,0.08,-0.06,-0.03,-0.006,0.0,0.0572,0
23.25,5151.1,2119.8,72.6,86.15,88.89,85.88,88.45,781.06,784.16,781.16,785.64,4.81,65.18,12.58,3.0,43.42,0.736,14.08,4.27,LANE_A,18906.0,-22.8,90.2,CRUISE_LOITER,1.0,0,500.0,-0.36,-0.12,-0.13,-0.06,1.0,-0.9,-0.9,0.58,0.02,-0.26,0.13,0.23,0.013,-0.02,0.0351,0
23.3,5181.5,2132.3,72.6,86.41,88.77,86.08,88.64,778.87,786.45,780.67,785.32,4.78,65.45,12.31,2.98,43.42,0.734,14.09,3.96,LANE_A,18907.0,-22.8,90.2,CRUISE_LOITER,1.0,0,500.0,-0.1,-0.24,0.07,0.13,-1.18,1.4,-1.38,0.27,-0.01,0.01,-0.14,0.23,0.011,-0.01,0.0358,0
23.35,5180.2,2131.8,72.6,86.96,88.99,86.32,88.71,780.54,784.7,782.55,781.58,4.84,65.61,12.27,3.0,43.04,0.707,14.07,4.02,LANE_A,18908.0,-22.8,90.3,CRUISE_LOITER,1.0,0,500.0,0.46,-0.01,0.32,0.21,0.49,-0.35,0.5,-3.47,0.05,0.17,-0.18,-0.15,-0.016,-0.03,0.0798,0
23.400000000000002,5183.5,2133.1,72.8,86.3,89.13,85.58,88.6,778.11,785.63,782.82,783.18,4.78,65.51,12.47,3.03,43.15,0.738,14.1,4.05,LANE_A,18909.0,-22.8,90.3,CRUISE_LOITER,1.0,0,500.0,-0.2,0.13,-0.42,0.1,-1.94,0.58,0.77,-1.87,-0.01,0.07,0.02,-0.03,0.015,0.0,0.0467,0
23.450000000000003,5153.2,2120.6,73.0,86.69,88.84,85.95,88.7,777.75,784.51,780.51,786.06,4.78,65.36,12.42,3.0,43.3,0.702,14.12,3.93,LANE_A,18909.0,-22.8,90.3,CRUISE_LOITER,1.0,0,500.0,0.19,-0.16,-0.05,0.2,-2.3,-0.54,-1.54,1.01,-0.01,-0.07,-0.03,0.12,-0.021,0.02,0.0537,0
23.5,5156.9,2122.2,73.0,86.31,88.91,85.69,88.92,780.26,784.67,784.39,782.82,4.83,65.63,12.46,2.94,43.0,0.736,14.11,4.05,LANE_A,18910.0,-22.8,90.3,CRUISE_LOITER,1.0,0,500.0,-0.18,-0.08,-0.3,0.43,0.21,-0.38,2.34,-2.23,0.04,0.2,0.01,-0.18,0.013,0.01,0.0568,0
23.55,5175.5,2129.8,72.6,86.59,88.96,86.09,88.71,778.93,785.7,784.35,784.85,4.83,65.31,12.5,3.01,43.24,0.686,14.12,4.02,LANE_A,18911.0,-22.8,90.3,CRUISE_LOITER,1.0,0,500.0,0.1,-0.03,0.1,0.22,-1.12,0.65,2.3,-0.2,0.04,-0.12,0.05,0.06,-0.037,0.02,0.0552,0
23.6,5154.0,2121.0,72.4,86.6,88.94,86.35,88.51,783.28,785.98,783.7,783.78,4.8,65.31,12.5,3.01,43.22,0.731,14.12,3.88,LANE_A,18912.0,-22.8,90.3,CRUISE_LOITER,1.0,0,500.0,0.11,-0.05,0.36,0.02,3.23,0.93,1.65,-1.27,0.01,-0.12,0.05,0.04,0.008,0.02,0.0725,0
23.650000000000002,5154.2,2121.1,72.8,86.77,88.93,85.84,88.57,780.88,785.83,781.71,784.55,4.75,65.48,12.42,3.0,43.18,0.742,14.12,3.99,LANE_A,18913.0,-22.8,90.3,CRUISE_LOITER,1.0,0,500.0,0.28,-0.06,-0.15,0.08,0.84,0.79,-0.33,-0.49,-0.04,0.06,-0.03,0.0,0.019,0.02,0.0465,0
23.700000000000003,5150.6,2119.6,72.7,86.52,89.11,85.54,88.46,782.68,786.38,784.17,784.67,4.79,65.43,12.57,3.03,43.27,0.701,14.1,3.95,LANE_A,18914.0,-22.8,90.3,CRUISE_LOITER,1.0,0,500.0,0.04,0.13,-0.44,-0.02,2.64,1.34,2.13,-0.37,0.0,0.01,0.12,0.09,-0.022,0.0,0.062,0
23.75,5161.7,2124.2,73.0,86.37,88.89,86.16,88.42,780.78,785.19,780.69,787.33,4.78,65.53,12.42,2.99,43.0,0.731,14.1,4.04,LANE_A,18915.0,-22.8,90.3,CRUISE_LOITER,1.0,0,500.0,-0.11,-0.09,0.18,-0.06,0.74,0.15,-1.35,2.29,-0.01,0.11,-0.03,-0.18,0.008,0.0,0.0521,0
23.8,5171.2,2128.1,72.3,86.6,89.11,86.01,88.6,781.21,785.8,783.44,784.82,4.76,65.38,12.51,2.99,43.16,0.737,14.11,4.05,LANE_A,18916.0,-22.8,90.3,CRUISE_LOITER,1.0,0,500.0,0.12,0.13,0.03,0.12,1.17,0.76,1.4,-0.22,-0.03,-0.04,0.06,-0.01,0.014,0.01,0.0366,0
23.85,5156.9,2122.2,72.8,86.15,89.08,86.28,88.53,780.78,785.08,781.58,785.75,4.73,65.08,12.47,3.0,42.86,0.717,14.12,4.11,LANE_A,18916.0,-22.8,90.3,CRUISE_LOITER,1.0,0,500.0,-0.33,0.1,0.3,0.05,0.74,0.04,-0.46,0.71,-0.06,-0.33,0.02,-0.31,-0.006,0.02,0.0678,0
23.900000000000002,5166.8,2126.2,72.6,86.59,88.88,86.28,88.16,780.6,785.2,783.53,784.34,4.78,65.26,12.6,3.0,43.18,0.716,14.1,4.19,LANE_A,18917.0,-22.8,90.3,CRUISE_LOITER,1.0,0,500.0,0.12,-0.09,0.31,-0.31,0.56,0.16,1.49,-0.7,-0.01,-0.15,0.15,0.01,-0.007,0.0,0.0369,0
23.950000000000003,5173.8,2129.1,72.7,86.67,89.01,85.94,88.31,780.43,785.28,784.0,786.45,4.79,65.19,12.38,2.98,43.18,0.734,14.1,4.12,LANE_A,18918.0,-22.8,90.3,CRUISE_LOITER,1.0,0,500.0,0.2,0.04,-0.03,-0.16,0.39,0.24,1.96,1.41,0.0,-0.22,-0.07,0.01,0.011,0.0,0.0453,0
24.0,5168.3,2126.9,72.7,86.52,89.01,85.84,88.34,779.3,783.02,780.15,783.91,4.82,65.4,12.37,2.99,43.24,0.719,14.08,4.13,LANE_A,18919.0,-22.8,90.3,CRUISE_LOITER,1.0,0,500.0,0.05,0.04,-0.13,-0.13,-0.74,-2.02,-1.89,-1.13,0.03,-0.01,-0.07,0.07,-0.004,-0.02,0.0485,0
24.05,5167.7,2126.6,72.9,86.28,88.89,85.82,88.61,779.51,785.21,783.37,785.4,4.79,65.39,12.55,2.98,43.2,0.736,14.11,4.07,LANE_A,18920.0,-22.8,90.3,CRUISE_LOITER,1.0,0,500.0,-0.19,-0.08,-0.15,0.14,-0.52,0.18,1.34,0.37,0.0,-0.01,0.11,0.03,0.013,0.01,0.0322,0
24.1,5178.0,2130.9,72.5,86.24,89.05,86.22,88.28,780.18,784.75,783.15,784.65,4.78,65.42,12.44,3.01,43.18,0.718,14.08,4.13,LANE_A,18921.0,-22.8,90.3,CRUISE_LOITER,1.0,0,500.0,-0.22,0.09,0.26,-0.18,0.15,-0.28,1.12,-0.38,-0.01,0.02,0.0,0.01,-0.005,-0.02,0.0276,0
24.150000000000002,5172.4,2128.6,72.8,86.49,88.78,85.74,88.72,781.69,786.74,782.16,786.01,4.77,65.32,12.46,2.98,43.11,0.741,14.1,4.09,LANE_A,18922.0,-22.8,90.3,CRUISE_LOITER,1.0,0,500.0,0.03,-0.18,-0.22,0.26,1.66,1.71,0.13,0.98,-0.02,-0.08,0.02,-0.06,0.018,0.0,0.0418,0
24.200000000000003,5162.8,2124.6,72.6,86.34,88.94,85.8,88.56,778.91,783.43,782.69,783.84,4.8,65.13,12.41,2.98,43.14,0.721,14.08,3.97,LANE_A,18922.0,-22.8,90.3,CRUISE_LOITER,1.0,0,500.0,-0.12,-0.02,-0.16,0.1,-1.12,-1.6,0.66,-1.19,0.01,-0.27,-0.03,-0.02,-0.002,-0.02,0.0384,0
24.25,5156.0,2121.8,72.5,86.4,89.01,85.88,88.49,780.05,784.07,781.64,785.5,4.78,65.4,12.64,3.01,42.93,0.717,14.08,4.17,LANE_A,18923.0,-22.8,90.3,CRUISE_LOITER,1.0,0,500.0,-0.05,0.06,-0.07,0.04,0.02,-0.96,-0.39,0.47,-0.01,0.01,0.2,-0.23,-0.006,-0.02,0.0458,0
24.3,5188.8,2135.3,72.9,86.55,88.91,85.78,88.21,779.94,787.8,781.76,784.16,4.79,65.5,12.44,3.01,43.26,0.723,14.1,3.96,LANE_A,18924.0,-22.8,90.3,CRUISE_LOITER,1.0,0,500.0,0.1,-0.04,-0.17,-0.24,-0.09,2.77,-0.27,-0.87,0.0,0.11,0.0,0.1,0.0,0.0,0.0611,0
24.35,5166.0,2125.9,72.6,86.64,89.11,86.05,88.36,781.82,784.74,782.97,783.55,4.81,65.25,12.48,3.01,43.08,0.714,14.11,4.06,LANE_A,18925.0,-22.9,90.3,CRUISE_LOITER,1.0,0,500.0,0.19,0.16,0.1,-0.09,1.79,-0.29,0.94,-1.48,0.02,-0.14,0.04,-0.08,-0.009,0.01,0.0426,0
24.400000000000002,5152.0,2120.2,72.6,86.39,89.13,86.02,88.84,780.86,786.68,783.25,782.36,4.79,65.4,12.5,3.02,43.14,0.726,14.1,4.23,LANE_A,18926.0,-22.9,90.3,CRUISE_LOITER,1.0,0,500.0,-0.06,0.18,0.07,0.39,0.83,1.65,1.22,-2.67,0.0,0.01,0.06,-0.02,0.003,0.0,0.061,0
24.450000000000003,5155.8,2121.7,72.8,86.23,88.77,86.2,88.67,778.65,786.09,781.91,785.83,4.73,65.15,12.44,3.0,42.92,0.746,14.11,4.08,LANE_A,18927.0,-22.9,90.3,CRUISE_LOITER,1.0,0,500.0,-0.21,-0.17,0.26,0.23,-1.37,1.07,-0.11,0.81,-0.06,-0.23,0.0,-0.24,0.023,0.01,0.0684,0
24.5,5171.2,2128.1,72.4,86.46,88.8,86.07,88.53,779.21,784.56,782.75,784.54,4.79,65.52,12.57,2.97,43.19,0.737,14.12,4.15,LANE_A,18928.0,-22.9,90.4,CRUISE_LOITER,1.0,0,500.0,0.02,-0.14,0.13,0.09,-0.81,-0.46,0.73,-0.48,0.0,0.14,0.13,0.03,0.014,0.02,0.0315,0
24.55,5164.9,2125.5,72.7,86.43,89.0,85.62,88.56,780.08,787.18,780.67,785.26,4.85,65.31,12.49,3.0,43.2,0.733,14.08,4.0,LANE_A,18929.0,-22.9,90.4,CRUISE_LOITER,1.0,0,500.0,-0.01,0.06,-0.32,0.12,0.06,2.16,-1.35,0.24,0.06,-0.07,0.05,0.04,0.01,-0.02,0.0682,0
24.6,5161.9,2124.2,72.8,86.59,88.95,85.98,88.1,781.11,786.22,781.08,785.47,4.75,65.46,12.52,3.01,43.18,0.707,14.12,4.07,LANE_A,18929.0,-22.9,90.4,CRUISE_LOITER,1.0,0,500.0,0.15,0.01,0.04,-0.34,1.09,1.2,-0.94,0.45,-0.04,0.08,0.08,0.02,-0.016,0.02,0.0476,0
24.650000000000002,5173.7,2129.1,72.6,86.54,88.85,85.88,88.62,777.38,784.33,782.94,786.53,4.87,65.17,12.3,3.01,43.26,0.695,14.11,4.0,LANE_A,18930.0,-22.9,90.4,CRUISE_LOITER,1.0,0,500.0,0.11,-0.08,-0.05,0.19,-2.64,-0.69,0.92,1.51,0.07,-0.2,-0.14,0.11,-0.028,0.01,0.08,0
24.700000000000003,5158.2,2122.7,72.9,86.32,89.06,85.83,88.3,778.8,785.1,781.7,784.85,4.78,65.3,12.43,3.02,43.16,0.709,14.07,4.04,LANE_A,18931.0,-22.9,90.4,CRUISE_LOITER,1.0,0,500.0,-0.11,0.13,-0.1,-0.13,-1.22,0.08,-0.32,-0.17,-0.02,-0.07,-0.01,0.01,-0.014,-0.03,0.0313,0
24.75,5157.6,2122.5,72.6,86.52,89.36,85.74,88.32,779.01,785.27,781.85,785.63,4.76,65.03,12.29,2.98,43.13,0.736,14.11,4.03,LANE_A,18932.0,-22.9,90.4,CRUISE_LOITER,1.0,0,500.0,0.09,0.43,-0.19,-0.11,-1.01,0.25,-0.17,0.61,-0.04,-0.34,-0.15,-0.02,0.013,0.01,0.0479,0
24.8,5188.9,2135.4,73.0,86.29,88.69,85.82,88.35,780.73,784.74,782.03,781.77,4.84,65.29,12.56,3.0,43.2,0.728,14.09,4.04,LANE_A,18933.0,-22.9,90.4,CRUISE_LOITER,1.0,0,500.0,-0.13,-0.23,-0.1,-0.07,0.72,-0.27,0.02,-3.24,0.04,-0.08,0.12,0.05,0.005,-0.01,0.0724,0
24.85,5144.6,2117.1,72.7,86.79,88.9,85.78,88.26,779.22,785.44,783.9,784.62,4.76,65.19,12.54,3.0,43.14,0.734,14.11,3.93,LANE_A,18934.0,-22.9,90.4,CRUISE_LOITER,1.0,0,500.0,0.37,-0.02,-0.14,-0.16,-0.79,0.43,1.89,-0.39,-0.04,-0.17,0.1,-0.01,0.011,0.01,0.0479,0
24.900000000000002,5163.6,2124.9,72.7,86.22,88.92,86.14,88.08,777.85,784.03,782.37,783.51,4.84,65.2,12.54,2.98,43.05,0.724,14.12,4.01,LANE_A,18935.0,-22.9,90.4,CRUISE_LOITER,1.0,0,500.0,-0.2,0.0,0.22,-0.34,-2.16,-0.98,0.36,-1.5,0.04,-0.16,0.1,-0.1,0.001,0.02,0.0523,0
24.950000000000003,5185.4,2133.9,72.9,86.24,88.84,86.04,88.32,780.87,784.73,780.7,783.29,4.76,65.48,12.43,3.0,42.89,0.714,14.12,4.15,LANE_A,18935.0,-22.9,90.4,CRUISE_LOITER,1.0,0,500.0,-0.18,-0.08,0.12,-0.1,0.86,-0.28,-1.31,-1.72,-0.04,0.12,-0.01,-0.26,-0.009,0.02,0.048,0
25.0,5159.9,2123.4,72.8,86.15,88.63,85.87,88.41,778.95,781.63,783.51,786.77,4.78,65.52,12.41,3.04,43.3,0.732,14.13,4.16,LANE_A,18936.0,-22.9,90.4,CRUISE_LOITER,1.0,0,500.0,-0.26,-0.28,-0.04,0.0,-1.06,-3.38,1.5,1.76,-0.02,0.16,-0.03,0.15,0.009,0.03,0.0765,0
25.05,5166.9,2126.3,72.8,86.27,89.25,86.1,88.5,779.8,783.5,782.64,785.08,4.85,65.31,12.46,2.99,42.98,0.706,14.12,3.99,LANE_A,18937.0,-22.9,90.4,CRUISE_LOITER,1.0,0,500.0,-0.14,0.34,0.19,0.09,-0.21,-1.51,0.63,0.07,0.05,-0.04,0.02,-0.16,-0.017,0.02,0.0575,0
25.1,5162.8,2124.6,72.7,86.34,88.76,85.72,88.3,780.08,785.07,783.59,784.48,4.84,65.62,12.52,3.02,43.21,0.731,14.11,3.93,LANE_A,18938.0,-22.9,90.4,CRUISE_LOITER,1.0,0,500.0,-0.07,-0.15,-0.19,-0.11,0.07,0.06,1.58,-0.53,0.04,0.27,0.08,0.07,0.008,0.01,0.0466,0
25.150000000000002,5146.7,2118.0,72.7,86.16,88.76,85.97,88.28,782.6,783.79,781.06,783.69,4.79,65.48,12.58,3.0,43.3,0.716,14.09,3.9,LANE_A,18939.0,-22.9,90.4,CRUISE_LOITER,1.0,0,500.0,-0.25,-0.15,0.06,-0.13,2.59,-1.22,-0.95,-1.32,-0.01,0.13,0.14,0.16,-0.007,-0.01,0.0598,0
25.200000000000003,5160.8,2123.8,72.7,86.62,88.71,85.77,88.34,781.47,784.23,780.7,784.98,4.79,65.04,12.36,2.97,43.12,0.728,14.12,4.04,LANE_A,18940.0,-22.9,90.4,CRUISE_LOITER,1.0,0,500.0,0.22,-0.19,-0.13,-0.06,1.47,-0.77,-1.3,-0.02,-0.01,-0.31,-0.08,-0.02,0.005,0.02,0.0362,0
25.25,5146.4,2117.8,73.0,86.19,88.82,85.97,88.33,779.58,785.57,781.9,786.41,4.78,65.63,12.31,2.99,43.13,0.73,14.08,4.06,LANE_A,18941.0,-22.9,90.4,CRUISE_LOITER,1.0,0,500.0,-0.21,-0.08,0.07,-0.07,-0.42,0.57,-0.1,1.41,-0.02,0.29,-0.13,-0.01,0.007,-0.02,0.0347,0
25.3,5169.0,2127.2,72.6,86.57,88.67,86.34,88.24,780.86,785.12,781.81,784.22,4.78,65.26,12.43,2.99,43.18,0.714,14.12,3.94,LANE_A,18942.0,-22.9,90.4,CRUISE_LOITER,1.0,0,500.0,0.17,-0.23,0.44,-0.16,0.86,0.12,-0.19,-0.78,-0.02,-0.08,-0.01,0.04,-0.009,0.02,0.0392,0
25.35,5166.8,2126.3,72.5,86.34,89.06,85.86,88.13,778.55,784.45,783.82,783.21,4.78,65.47,12.41,3.01,43.14,0.733,14.11,4.06,LANE_A,18942.0,-22.9,90.4,CRUISE_LOITER,1.0,0,500.0,-0.06,0.16,-0.04,-0.27,-1.45,-0.55,1.82,-1.79,-0.02,0.13,-0.03,0.0,0.01,0.01,0.0443,0
25.400000000000002,5180.9,2132.0,72.7,86.59,88.76,85.74,88.59,779.28,783.41,783.59,786.33,4.8,65.17,12.48,2.99,43.29,0.731,14.08,4.14,LANE_A,18943.0,-22.9,90.4,CRUISE_LOITER,1.0,0,500.0,0.2,-0.13,-0.15,0.2,-0.72,-1.59,1.59,1.33,0.0,-0.17,0.04,0.15,0.008,-0.02,0.0395,0
25.450000000000003,5180.5,2131.9,72.7,86.18,89.1,85.75,88.21,781.15,783.53,779.77,785.26,4.83,65.32,12.43,3.0,43.07,0.748,14.08,4.01,LANE_A,18944.0,-22.9,90.4,CRUISE_LOITER,1.0,0,500.0,-0.21,0.21,-0.14,-0.18,1.15,-1.47,-2.23,0.26,0.03,-0.01,-0.01,-0.06,0.025,-0.02,0.0532,0
25.5,5172.6,2128.6,72.9,86.47,88.63,86.13,88.48,778.29,787.0,780.75,785.76,4.78,65.58,12.4,2.96,43.0,0.711,14.1,3.97,LANE_A,18945.0,-22.9,90.4,CRUISE_LOITER,1.0,0,500.0,0.08,-0.26,0.24,0.09,-1.71,2.0,-1.25,0.76,-0.02,0.25,-0.04,-0.13,-0.012,0.0,0.0482,0
25.55,5174.9,2129.6,72.8,86.52,89.03,86.04,88.09,781.49,786.14,782.44,784.08,4.81,65.47,12.51,3.01,43.07,0.686,14.08,3.96,LANE_A,18946.0,-22.9,90.4,CRUISE_LOITER,1.0,0,500.0,0.14,0.15,0.16,-0.29,1.49,1.14,0.44,-0.92,0.01,0.14,0.07,-0.06,-0.037,-0.02,0.0521,0
25.6,5188.3,2135.1,73.0,86.36,89.26,85.52,88.54,780.45,784.57,783.25,785.94,4.8,65.29,12.46,3.0,43.23,0.743,14.13,4.17,LANE_A,18947.0,-22.9,90.4,CRUISE_LOITER,1.0,0,500.0,-0.02,0.38,-0.36,0.16,0.46,-0.42,1.26,0.95,0.0,-0.04,0.02,0.1,0.02,0.03,0.0362,0
25.650000000000002,5147.1,2118.2,72.5,86.14,88.76,86.22,88.53,780.81,784.49,782.24,784.16,4.81,65.16,12.23,3.02,43.35,0.737,14.09,4.07,LANE_A,18948.0,-22.9,90.5,CRUISE_LOITER,1.0,0,500.0,-0.24,-0.12,0.34,0.15,0.82,-0.5,0.25,-0.83,0.01,-0.16,-0.21,0.22,0.014,-0.01,0.0493,0
25.700000000000003,5173.4,2129.0,73.0,86.3,88.62,85.95,88.2,780.02,785.62,782.6,784.03,4.76,65.34,12.47,3.0,43.38,0.723,14.13,3.95,LANE_A,18949.0,-22.9,90.5,CRUISE_LOITER,1.0,0,500.0,-0.08,-0.26,0.07,-0.18,0.03,0.63,0.61,-0.96,-0.04,0.02,0.03,0.25,0.0,0.03,0.047,0
25.75,5164.7,2125.4,72.7,86.2,88.97,85.88,88.41,782.28,786.43,781.51,785.45,4.79,65.69,12.45,3.01,43.04,0.719,14.12,3.96,LANE_A,18949.0,-22.9,90.5,CRUISE_LOITER,1.0,0,500.0,-0.17,0.1,0.01,0.04,2.29,1.44,-0.48,0.46,-0.01,0.37,0.01,-0.09,-0.004,0.02,0.0525,0
25.8,5158.1,2122.7,73.0,86.42,89.12,85.31,88.58,780.62,786.13,782.35,784.6,4.79,65.39,12.4,3.03,43.04,0.729,14.1,4.14,LANE_A,18950.0,-22.9,90.5,CRUISE_LOITER,1.0,0,500.0,0.05,0.25,-0.56,0.21,0.63,1.14,0.36,-0.39,-0.01,0.07,-0.04,-0.09,0.006,0.0,0.048,0
25.85,5168.3,2126.9,72.7,86.45,88.82,86.0,88.67,778.49,786.38,783.11,785.42,4.75,65.17,12.51,2.97,43.29,0.714,14.13,4.07,LANE_A,18951.0,-22.9,90.5,CRUISE_LOITER,1.0,0,500.0,0.08,-0.05,0.13,0.3,-1.5,1.39,1.12,0.43,-0.05,-0.14,0.07,0.16,-0.009,0.03,0.0585,0
25.900000000000002,5161.2,2123.9,72.6,86.68,89.09,85.87,88.33,780.18,785.49,781.66,786.13,4.77,65.77,12.39,3.02,43.15,0.731,14.08,4.0,LANE_A,18952.0,-22.9,90.5,CRUISE_LOITER,1.0,0,500.0,0.31,0.22,0.0,-0.04,0.19,0.5,-0.33,1.14,-0.03,0.46,-0.05,0.03,0.007,-0.02,0.037,0
25.950000000000003,5171.8,2128.3,72.8,86.5,88.66,86.05,88.53,780.23,785.66,782.36,785.44,4.79,65.25,12.49,3.0,43.07,0.724,14.09,4.25,LANE_A,18953.0,-22.9,90.5,CRUISE_LOITER,1.0,0,500.0,0.14,-0.2,0.19,0.17,0.25,0.68,0.38,0.46,-0.01,-0.06,0.05,-0.05,0.0,-0.01,0.0196,0
26.0,5155.8,2121.7,72.9,86.08,88.81,85.9,88.59,778.69,784.64,782.72,784.92,4.8,65.28,12.51,2.99,43.13,0.718,14.14,4.14,LANE_A,18954.0,-22.9,90.5,CRUISE_LOITER,1.0,0,500.0,-0.28,-0.05,0.04,0.23,-1.29,-0.34,0.74,-0.06,0.0,-0.03,0.07,0.01,-0.006,0.04,0.0404,0
26.05,5160.6,2123.7,72.4,86.17,88.66,85.92,88.49,778.93,785.03,780.73,785.2,4.8,65.16,12.37,2.98,43.32,0.723,14.1,4.04,LANE_A,18955.0,-22.9,90.5,CRUISE_LOITER,1.0,0,500.0,-0.19,-0.2,0.06,0.13,-1.05,0.05,-1.25,0.22,0.0,-0.14,-0.06,0.2,-0.001,0.0,0.0305,0
26.1,5164.3,2125.2,72.8,86.04,88.85,85.79,88.4,781.24,785.24,782.28,786.08,4.79,65.39,12.55,3.01,43.22,0.713,14.1,4.13,LANE_A,18955.0,-22.9,90.5,CRUISE_LOITER,1.0,0,500.0,-0.32,-0.01,-0.07,0.04,1.26,0.26,0.3,1.1,-0.01,0.09,0.12,0.1,-0.011,0.0,0.0315,0
26.150000000000002,5149.3,2119.1,72.6,85.85,89.29,85.68,88.39,779.73,786.93,783.83,783.87,4.81,65.31,12.42,3.02,43.15,0.733,14.07,3.96,LANE_A,18956.0,-22.9,90.5,CRUISE_LOITER,1.0,0,500.0,-0.5,0.44,-0.17,0.04,-0.25,1.95,1.85,-1.11,0.01,0.01,-0.01,0.03,0.009,-0.03,0.0485,0
26.200000000000003,5159.8,2123.4,72.4,86.44,88.64,85.79,88.33,777.81,784.28,781.72,785.99,4.8,65.37,12.45,3.0,43.23,0.708,14.09,4.11,LANE_A,18957.0,-22.9,90.5,CRUISE_LOITER,1.0,0,500.0,0.09,-0.21,-0.06,-0.02,-2.17,-0.7,-0.26,1.01,0.0,0.07,0.02,0.11,-0.016,-0.01,0.0493,0
26.25,5167.0,2126.3,73.0,86.38,88.8,85.81,88.46,782.07,784.36,781.62,786.25,4.83,65.14,12.33,2.99,43.0,0.703,14.11,4.23,LANE_A,18958.0,-22.9,90.5,CRUISE_LOITER,1.0,0,500.0,0.03,-0.05,-0.04,0.11,2.09,-0.62,-0.36,1.27,0.03,-0.15,-0.1,-0.12,-0.021,0.01,0.0493,0
26.3,5178.1,2130.9,73.1,86.43,88.86,85.68,88.71,778.86,785.41,781.01,785.21,4.79,65.33,12.4,3.02,43.01,0.736,14.1,4.06,LANE_A,18959.0,-22.9,90.5,CRUISE_LOITER,1.0,0,500.0,0.08,0.01,-0.17,0.36,-1.12,0.43,-0.97,0.23,-0.01,0.04,-0.03,-0.1,0.012,0.0,0.0326,0
26.35,5169.1,2127.2,73.0,86.32,88.68,85.43,88.68,778.05,787.08,782.05,785.0,4.77,65.36,12.51,3.02,43.2,0.745,14.08,4.02,LANE_A,18960.0,-22.9,90.5,CRUISE_LOITER,1.0,0,500.0,-0.02,-0.16,-0.41,0.34,-1.92,2.11,0.08,0.03,-0.03,0.07,0.08,0.09,0.021,-0.02,0.0517,0
26.400000000000002,5169.1,2127.2,72.6,86.19,88.85,86.12,88.5,780.67,784.54,780.26,784.39,4.78,65.45,12.35,3.0,43.03,0.742,14.07,3.91,LANE_A,18961.0,-22.9,90.5,CRUISE_LOITER,1.0,0,500.0,-0.15,0.01,0.28,0.16,0.7,-0.43,-1.71,-0.58,-0.02,0.16,-0.08,-0.08,0.018,-0.03,0.0416,0
26.450000000000003,5159.6,2123.3,72.8,86.36,88.96,85.99,88.18,780.17,785.48,781.79,784.11,4.81,65.34,12.33,3.02,42.79,0.735,14.1,4.09,LANE_A,18962.0,-22.9,90.5,CRUISE_LOITER,1.0,0,500.0,0.02,0.12,0.15,-0.16,0.2,0.51,-0.18,-0.86,0.01,0.05,-0.1,-0.32,0.011,0.0,0.0375,0
26.5,5166.5,2126.1,72.8,86.38,88.64,86.09,88.17,780.07,785.87,782.88,784.75,4.8,65.39,12.54,2.98,43.16,0.706,14.07,3.96,LANE_A,18962.0,-22.9,90.5,CRUISE_LOITER,1.0,0,500.0,0.05,-0.19,0.26,-0.16,0.1,0.9,0.91,-0.22,0.0,0.11,0.11,0.05,-0.018,-0.03,0.0323,0
26.55,5155.5,2121.6,72.9,86.26,88.71,86.01,88.5,781.34,785.64,781.04,785.45,4.77,65.45,12.48,2.99,43.09,0.725,14.13,4.14,LANE_A,18963.0,-22.9,90.5,CRUISE_LOITER,1.0,0,500.0,-0.07,-0.12,0.18,0.17,1.37,0.67,-0.93,0.48,-0.03,0.17,0.05,-0.02,0.001,0.03,0.037,0
26.6,5137.5,2114.2,72.9,86.28,88.75,86.07,88.39,777.09,784.12,781.47,785.5,4.86,65.16,12.35,3.03,43.0,0.727,14.1,3.98,LANE_A,18964.0,-22.9,90.5,CRUISE_LOITER,1.0,0,500.0,-0.05,-0.08,0.24,0.06,-2.88,-0.85,-0.5,0.53,0.06,-0.12,-0.08,-0.11,0.003,0.0,0.0688,0
26.650000000000002,5171.0,2128.0,72.6,86.18,89.08,85.75,88.13,781.06,785.13,781.22,784.17,4.79,65.47,12.46,3.02,43.25,0.718,14.08,3.94,LANE_A,18965.0,-22.9,90.5,CRUISE_LOITER,1.0,0,500.0,-0.15,0.25,-0.08,-0.2,1.09,0.16,-0.75,-0.8,-0.01,0.19,0.03,0.14,-0.006,-0.02,0.0279,0
26.700000000000003,5150.5,2119.5,73.1,86.19,89.11,85.6,88.43,779.46,785.43,783.3,783.46,4.79,65.19,12.59,3.02,43.29,0.716,14.05,4.04,LANE_A,18966.0,-22.9,90.5,CRUISE_LOITER,1.0,0,500.0,-0.13,0.29,-0.22,0.11,-0.51,0.46,1.33,-1.51,-0.01,-0.08,0.16,0.19,-0.008,-0.05,0.0514,0
26.75,5156.6,2122.1,72.6,86.29,89.07,86.19,88.33,780.57,784.7,781.72,785.71,4.83,65.2,12.5,2.99,43.2,0.728,14.13,4.04,LANE_A,18967.0,-22.9,90.5,CRUISE_LOITER,1.0,0,500.0,-0.03,0.25,0.37,0.01,0.61,-0.26,-0.24,0.75,0.03,-0.07,0.07,0.1,0.004,0.03,0.0368,0
26.8,5161.4,2124.0,72.7,86.4,88.83,85.92,88.48,780.97,783.84,781.06,784.21,4.83,65.2,12.44,3.0,43.15,0.733,14.1,4.09,LANE_A,18968.0,-22.9,90.6,CRUISE_LOITER,1.0,0,500.0,0.08,0.01,0.1,0.16,1.01,-1.12,-0.9,-0.75,0.03,-0.07,0.01,0.05,0.009,0.0,0.036,0
26.85,5164.8,2125.4,72.8,86.45,88.88,85.88,88.0,779.33,784.41,784.26,783.99,4.78,65.05,12.33,3.01,42.89,0.726,14.12,4.11,LANE_A,18968.0,-22.9,90.6,CRUISE_LOITER,1.0,0,500.0,0.13,0.06,0.06,-0.32,-0.63,-0.55,2.3,-0.97,-0.02,-0.22,-0.1,-0.21,0.002,0.02,0.0535,0
26.900000000000002,5152.2,2120.2,72.5,86.22,89.16,85.78,88.2,780.08,783.65,781.99,784.91,4.82,65.39,12.4,3.0,42.91,0.718,14.1,4.08,LANE_A,18969.0,-22.9,90.6,CRUISE_LOITER,1.0,0,500.0,-0.09,0.35,-0.03,-0.11,0.12,-1.31,0.03,-0.05,0.02,0.13,-0.03,-0.19,-0.006,0.0,0.032,0
26.950000000000003,5158.0,2122.6,72.3,86.12,88.83,85.53,88.8,778.23,785.11,779.96,785.39,4.75,65.18,12.45,3.02,43.0,0.73,14.1,4.04,LANE_A,18970.0,-22.9,90.6,CRUISE_LOITER,1.0,0,500.0,-0.19,0.02,-0.28,0.49,-1.73,0.15,-2.0,0.43,-0.05,-0.08,0.02,-0.1,0.006,0.0,0.0591,0
27.0,5160.4,2123.6,73.0,85.79,88.56,85.67,88.03,782.13,784.23,781.42,784.68,4.76,65.3,12.38,3.01,42.85,0.702,14.11,4.06,LANE_A,18971.0,-22.9,90.6,CRUISE_LOITER,1.0,0,500.0,-0.52,-0.25,-0.14,-0.28,2.17,-0.73,-0.54,-0.28,-0.04,0.04,-0.05,-0.25,-0.022,0.01,0.0532,0
27.05,5150.3,2119.5,72.5,86.33,88.82,85.85,88.39,778.26,784.05,781.87,785.52,4.77,65.24,12.38,3.01,43.05,0.721,14.1,3.94,LANE_A,18972.0,-22.9,90.6,CRUISE_LOITER,1.0,0,500.0,0.02,0.01,0.04,0.08,-1.7,-0.91,-0.09,0.56,-0.03,-0.02,-0.05,-0.05,-0.003,0.0,0.0396,0
27.1,5145.8,2117.6,72.8,86.32,88.61,85.69,87.94,783.57,783.71,780.66,784.59,4.83,65.19,12.39,3.02,43.07,0.732,14.12,4.04,LANE_A,18973.0,-22.9,90.6,CRUISE_LOITER,1.0,0,500.0,0.02,-0.19,-0.11,-0.36,3.62,-1.24,-1.29,-0.36,0.03,-0.06,-0.04,-0.03,0.008,0.02,0.0804,0
27.150000000000002,5154.2,2121.1,72.9,86.07,88.98,85.81,87.98,778.97,785.62,781.86,786.11,4.76,65.54,12.55,3.0,43.17,0.715,14.08,3.86,LANE_A,18974.0,-22.9,90.6,CRUISE_LOITER,1.0,0,500.0,-0.23,0.18,0.01,-0.32,-0.98,0.67,-0.09,1.16,-0.04,0.29,0.12,0.08,-0.009,-0.02,0.0479,0
27.200000000000003,5154.4,2121.1,72.8,86.29,88.74,86.06,88.15,780.29,785.59,779.0,785.36,4.81,65.34,12.44,3.02,43.18,0.719,14.09,4.1,LANE_A,18975.0,-22.9,90.6,CRUISE_LOITER,1.0,0,500.0,-0.01,-0.06,0.26,-0.15,0.34,0.64,-2.95,0.41,0.01,0.09,0.01,0.09,-0.005,-0.01,0.0649,0
27.25,5159.5,2123.3,72.7,86.32,88.92,85.81,88.69,779.6,786.3,781.96,786.17,4.75,64.95,12.38,3.01,43.19,0.723,14.1,4.15,LANE_A,18975.0,-23.0,90.6,CRUISE_LOITER,1.0,0,500.0,0.03,0.13,0.02,0.4,-0.35,1.35,0.01,1.22,-0.05,-0.3,-0.05,0.1,-0.001,0.0,0.0574,0
27.3,5168.1,2126.8,72.8,86.16,88.96,85.87,88.44,780.89,785.89,778.88,784.94,4.78,65.4,12.42,3.0,43.12,0.699,14.06,3.85,LANE_A,18976.0,-23.0,90.6,CRUISE_LOITER,1.0,0,500.0,-0.13,0.17,0.08,0.15,0.94,0.94,-3.07,-0.01,-0.02,0.16,-0.01,0.03,-0.025,-0.04,0.0695,0
27.35,5161.8,2124.2,73.0,86.28,88.99,85.93,88.0,780.2,785.83,783.06,784.91,4.8,65.06,12.58,3.03,43.39,0.703,14.1,3.9,LANE_A,18977.0,-23.0,90.6,CRUISE_LOITER,1.0,0,500.0,-0.01,0.2,0.14,-0.29,0.25,0.88,1.11,-0.04,0.0,-0.18,0.15,0.3,-0.021,0.0,0.0376,0
27.400000000000002,5174.9,2129.6,72.8,86.17,88.9,85.69,88.6,780.32,784.73,782.15,784.58,4.78,65.1,12.59,2.99,43.13,0.731,14.08,3.83,LANE_A,18978.0,-23.0,90.6,CRUISE_LOITER,1.0,0,500.0,-0.12,0.11,-0.1,0.31,0.37,-0.22,0.2,-0.37,-0.02,-0.14,0.16,0.04,0.007,-0.02,0.0378,0
27.450000000000003,5177.1,2130.5,72.7,86.22,88.58,85.67,88.37,781.4,784.66,780.35,784.75,4.76,65.12,12.51,3.0,43.04,0.693,14.11,3.9,LANE_A,18979.0,-23.0,90.6,CRUISE_LOITER,1.0,0,500.0,-0.06,-0.2,-0.11,0.09,1.45,-0.29,-1.6,-0.2,-0.04,-0.12,0.08,-0.05,-0.031,0.01,0.0484,0
27.5,5177.4,2130.6,72.6,86.22,88.69,85.96,88.14,780.7,785.14,783.79,785.71,4.8,65.32,12.42,2.97,43.0,0.731,14.14,4.08,LANE_A,18980.0,-23.0,90.6,CRUISE_LOITER,1.0,0,500.0,-0.06,-0.09,0.18,-0.14,0.76,0.2,1.85,0.77,0.0,0.09,-0.01,-0.09,0.007,0.04,0.0435,0
27.55,5164.5,2125.3,72.6,86.29,88.52,85.72,88.43,781.71,784.65,783.02,783.59,4.85,65.23,12.45,3.0,43.12,0.721,14.09,4.15,LANE_A,18981.0,-23.0,90.6,CRUISE_LOITER,1.0,0,500.0,0.01,-0.26,-0.06,0.15,1.77,-0.29,1.08,-1.35,0.05,0.0,0.02,0.04,-0.003,-0.01,0.0576,0
27.6,5170.3,2127.7,72.7,86.13,89.2,85.9,88.53,780.37,786.04,782.49,784.59,4.81,65.34,12.47,2.98,43.11,0.739,14.12,4.1,LANE_A,18981.0,-23.0,90.6,CRUISE_LOITER,1.0,0,500.0,-0.15,0.42,0.12,0.25,0.43,1.1,0.55,-0.35,0.01,0.11,0.04,0.03,0.015,0.02,0.0378,0
27.650000000000002,5162.9,2124.7,73.0,86.1,88.55,85.64,88.17,780.38,784.21,780.43,784.85,4.83,65.14,12.42,3.0,43.15,0.731,14.11,4.0,LANE_A,18982.0,-23.0,90.6,CRUISE_LOITER,1.0,0,500.0,-0.17,-0.22,-0.13,-0.1,0.44,-0.73,-1.51,-0.09,0.03,-0.09,-0.01,0.07,0.007,0.01,0.0363,0
27.700000000000003,5157.2,2122.3,72.9,86.12,88.84,85.76,88.33,779.94,785.1,782.2,784.28,4.78,65.12,12.44,2.96,43.13,0.725,14.12,4.23,LANE_A,18983.0,-23.0,90.6,CRUISE_LOITER,1.0,0,500.0,-0.15,0.07,-0.01,0.06,0.0,0.16,0.26,-0.66,-0.02,-0.1,0.01,0.05,0.001,0.02,0.024,0
27.75,5152.0,2120.2,72.8,86.6,89.06,85.51,88.27,780.05,785.62,778.16,785.11,4.75,65.16,12.53,2.99,43.22,0.722,14.1,3.97,LANE_A,18984.0,-23.0,90.6,CRUISE_LOITER,1.0,0,500.0,0.33,0.29,-0.26,0.0,0.11,0.68,-3.78,0.17,-0.05,-0.06,0.1,0.14,-0.002,0.0,0.0843,0
27.8,5156.0,2121.8,73.0,86.06,88.58,86.0,88.08,779.95,784.11,782.81,784.04,4.79,65.34,12.5,2.99,42.99,0.747,14.12,3.94,LANE_A,18985.0,-23.0,90.6,CRUISE_LOITER,1.0,0,500.0,-0.21,-0.19,0.23,-0.19,0.01,-0.83,0.87,-0.9,-0.01,0.12,0.07,-0.09,0.023,0.02,0.0344,0
27.85,5204.2,2141.7,72.8,86.02,88.78,85.91,88.3,779.27,784.34,782.13,786.12,4.81,65.31,12.63,3.02,42.97,0.741,14.11,4.21,LANE_A,18986.0,-23.0,90.6,CRUISE_LOITER,1.0,0,500.0,-0.24,0.02,0.15,0.04,-0.67,-0.6,0.19,1.18,0.01,0.09,0.2,-0.11,0.017,0.01,0.0464,0
27.900000000000002,5169.5,2127.3,72.5,86.48,88.79,85.78,88.48,781.01,784.88,784.18,786.68,4.85,64.95,12.39,3.01,42.99,0.713,14.07,3.88,LANE_A,18987.0,-23.0,90.6,CRUISE_LOITER,1.0,0,500.0,0.22,0.03,0.02,0.22,1.08,-0.05,2.25,1.75,0.05,-0.26,-0.04,-0.09,-0.011,-0.03,0.0595,0
27.950000000000003,5141.8,2116.0,73.2,86.57,88.5,85.95,88.03,778.97,785.38,782.91,786.48,4.81,65.1,12.43,3.01,43.1,0.717,14.08,3.86,LANE_A,18988.0,-23.0,90.7,CRUISE_LOITER,1.0,0,500.0,0.31,-0.26,0.19,-0.23,-0.96,0.45,0.98,1.55,0.01,-0.11,0.0,0.03,-0.007,-0.02,0.0381,0
28.0,5182.3,2132.7,72.9,86.27,88.6,85.91,88.23,779.39,785.61,782.14,783.16,4.86,65.28,12.31,3.0,43.2,0.712,14.1,4.06,LANE_A,18988.0,-23.0,90.7,CRUISE_LOITER,1.0,0,500.0,0.01,-0.16,0.15,-0.03,-0.54,0.68,0.21,-1.77,0.06,0.07,-0.12,0.13,-0.012,0.0,0.0674,0
28.05,5159.5,2123.2,72.8,86.33,88.86,85.75,88.09,781.3,782.84,781.53,785.63,4.8,65.21,12.4,3.01,42.89,0.705,14.09,3.81,LANE_A,18989.0,-23.0,90.7,CRUISE_LOITER,1.0,0,500.0,0.08,0.11,0.0,-0.16,1.37,-2.09,-0.4,0.7,0.0,0.0,-0.02,-0.18,-0.019,-0.01,0.0484,0
28.1,5149.8,2119.2,72.8,86.12,89.12,85.82,88.33,779.22,786.99,781.24,786.76,4.83,64.93,12.63,3.0,43.15,0.717,14.12,3.91,LANE_A,18990.0,-23.0,90.7,CRUISE_LOITER,1.0,0,500.0,-0.13,0.37,0.07,0.08,-0.71,2.06,-0.69,1.83,0.03,-0.27,0.21,0.08,-0.007,0.02,0.0519,0
28.150000000000002,5171.5,2128.2,73.0,86.21,88.67,85.45,88.21,781.2,784.89,782.53,785.93,4.84,65.01,12.34,2.99,42.73,0.733,14.1,4.01,LANE_A,18991.0,-23.0,90.7,CRUISE_LOITER,1.0,0,500.0,-0.04,-0.08,-0.3,-0.04,1.27,-0.04,0.6,1.0,0.04,-0.19,-0.08,-0.34,0.009,0.0,0.0478,0
28.200000000000003,5170.9,2128.0,73.1,86.17,88.9,85.53,88.36,779.79,784.92,783.87,786.66,4.81,65.47,12.4,3.0,42.87,0.702,14.12,3.97,LANE_A,18992.0,-23.0,90.7,CRUISE_LOITER,1.0,0,500.0,-0.07,0.16,-0.21,0.12,-0.14,-0.01,1.94,1.73,0.01,0.27,-0.02,-0.2,-0.022,0.02,0.0466,0
28.25,5187.7,2134.9,72.8,86.27,88.98,85.69,88.28,780.45,784.62,780.38,784.32,4.81,65.02,12.39,2.98,43.43,0.719,14.1,3.94,LANE_A,18993.0,-23.0,90.7,CRUISE_LOITER,1.0,0,500.0,0.03,0.24,-0.05,0.04,0.53,-0.3,-1.54,-0.6,0.01,-0.18,-0.03,0.36,-0.005,0.0,0.0421,0
28.3,5146.5,2117.9,72.4,85.98,88.56,85.55,88.0,780.42,784.29,781.53,784.82,4.78,65.15,12.52,2.99,43.28,0.703,14.09,4.18,LANE_A,18994.0,-23.0,90.7,CRUISE_LOITER,1.0,0,500.0,-0.26,-0.18,-0.19,-0.24,0.5,-0.63,-0.39,-0.1,-0.02,-0.04,0.1,0.21,-0.021,-0.01,0.0322,0
28.35,5167.7,2126.6,72.9,86.17,88.65,85.83,88.01,779.85,786.32,781.68,785.86,4.86,64.9,12.49,3.03,43.01,0.735,14.09,3.9,LANE_A,18994.0,-23.0,90.7,CRUISE_LOITER,1.0,0,500.0,-0.07,-0.09,0.09,-0.23,-0.07,1.4,-0.24,0.94,0.06,-0.29,0.07,-0.06,0.011,-0.01,0.067,0
28.400000000000002,5170.6,2127.8,72.8,86.29,88.85,85.67,88.12,782.1,784.75,779.67,785.22,4.74,64.98,12.44,2.99,43.16,0.722,14.11,4.05,LANE_A,18995.0,-23.0,90.7,CRUISE_LOITER,1.0,0,500.0,0.06,0.12,-0.06,-0.11,2.18,-0.17,-2.25,0.3,-0.06,-0.21,0.02,0.1,-0.002,0.01,0.0687,0
28.450000000000003,5158.2,2122.7,72.8,86.09,89.1,85.8,88.26,779.36,785.1,780.55,784.89,4.83,65.3,12.35,3.01,43.08,0.725,14.09,4.12,LANE_A,18996.0,-23.0,90.7,CRUISE_LOITER,1.0,0,500.0,-0.14,0.37,0.07,0.03,-0.56,0.18,-1.37,-0.03,0.03,0.11,-0.07,0.02,0.001,-0.01,0.0363,0
28.5,5174.5,2129.4,72.8,86.02,88.81,85.99,88.11,781.75,782.72,784.49,786.31,4.76,65.12,12.43,2.97,43.02,0.72,14.1,4.07,LANE_A,18997.0,-23.0,90.7,CRUISE_LOITER,1.0,0,500.0,-0.21,0.08,0.26,-0.12,1.83,-2.2,2.57,1.39,-0.04,-0.06,0.01,-0.04,-0.004,0.0,0.0615,0
28.55,5181.0,2132.1,72.2,86.28,88.53,85.52,88.25,779.76,785.38,780.73,784.11,4.8,65.21,12.33,3.01,43.0,0.706,14.09,3.86,LANE_A,18998.0,-23.0,90.7,CRUISE_LOITER,1.0,0,500.0,0.05,-0.2,-0.21,0.02,-0.16,0.46,-1.19,-0.81,0.0,0.03,-0.09,-0.06,-0.018,-0.01,0.0295,0
28.6,5160.8,2123.8,72.8,86.17,88.83,85.7,87.99,780.44,784.09,783.16,785.58,4.8,65.36,12.32,3.02,43.1,0.736,14.07,4.17,LANE_A,18999.0,-23.0,90.7,CRUISE_LOITER,1.0,0,500.0,-0.05,0.11,-0.02,-0.23,0.52,-0.83,1.24,0.66,0.0,0.18,-0.1,0.04,0.012,-0.03,0.0322,0
28.650000000000002,5184.9,2133.7,73.1,86.15,88.59,85.69,88.15,778.93,785.32,781.95,782.47,4.81,65.06,12.41,3.0,42.96,0.745,14.12,4.15,LANE_A,19000.0,-23.0,90.7,CRUISE_LOITER,1.0,0,500.0,-0.07,-0.13,-0.03,-0.07,-0.98,0.41,0.04,-2.44,0.01,-0.12,-0.01,-0.1,0.021,0.02,0.0551,0
28.700000000000003,5177.6,2130.7,72.7,86.11,88.73,85.64,88.14,779.6,784.96,780.58,785.33,4.77,65.3,12.38,2.99,42.84,0.744,14.09,3.97,LANE_A,19001.0,-23.0,90.7,CRUISE_LOITER,1.0,0,500.0,-0.11,0.01,-0.08,-0.08,-0.31,0.05,-1.33,0.42,-0.03,0.13,-0.04,-0.22,0.02,-0.01,0.0364,0
28.75,5185.0,2133.7,72.8,85.96,88.89,85.78,88.26,780.46,785.95,782.39,784.78,4.81,65.41,12.54,3.02,43.01,0.722,14.1,4.14,LANE_A,19001.0,-23.0,90.7,CRUISE_LOITER,1.0,0,500.0,-0.26,0.17,0.06,0.04,0.55,1.04,0.48,-0.13,0.01,0.24,0.12,-0.05,-0.002,0.0,0.0294,0
28.8,5173.6,2129.1,72.9,86.28,88.88,85.74,88.11,779.27,784.64,781.92,785.57,4.86,65.16,12.42,3.0,43.02,0.755,14.14,4.05,LANE_A,19002.0,-23.0,90.7,CRUISE_LOITER,1.0,0,500.0,0.07,0.17,0.03,-0.1,-0.64,-0.27,0.01,0.66,0.06,-0.01,0.0,-0.03,0.031,0.04,0.0677,0
28.85,5159.5,2123.3,73.2,86.21,88.52,85.74,88.44,781.42,784.94,782.91,786.01,4.8,65.49,12.64,2.99,43.12,0.735,14.1,4.0,LANE_A,19003.0,-23.0,90.7,CRUISE_LOITER,1.0,0,500.0,0.0,-0.19,0.03,0.23,1.51,0.03,1.0,1.1,0.0,0.32,0.22,0.07,0.011,0.0,0.0513,0
28.900000000000002,5184.6,2133.6,73.1,86.35,88.73,85.51,88.35,781.13,785.23,782.9,783.61,4.79,65.22,12.45,3.01,43.17,0.697,14.11,3.94,LANE_A,19004.0,-23.0,90.7,CRUISE_LOITER,1.0,0,500.0,0.14,0.02,-0.2,0.14,1.22,0.32,0.99,-1.3,-0.01,0.06,0.03,0.12,-0.027,0.01,0.0392,0
28.950000000000003,5154.3,2121.1,72.6,86.22,88.95,86.02,88.39,780.55,787.1,782.51,784.54,4.82,65.24,12.3,3.0,43.1,0.724,14.13,4.2,LANE_A,19005.0,-23.0,90.7,CRUISE_LOITER,1.0,0,500.0,0.01,0.24,0.31,0.18,0.64,2.19,0.6,-0.37,0.02,0.08,-0.12,0.05,0.0,0.03,0.0513,0
29.0,5168.9,2127.1,72.8,86.07,88.43,85.79,88.43,778.09,783.31,784.6,788.18,4.79,65.08,12.28,3.01,42.99,0.766,14.08,4.07,LANE_A,19006.0,-23.0,90.7,CRUISE_LOITER,1.0,0,500.0,-0.13,-0.27,0.09,0.23,-1.82,-1.6,2.69,3.27,-0.01,-0.08,-0.14,-0.06,0.042,-0.02,0.0773,0
29.05,5178.3,2131.0,72.8,86.43,88.68,85.69,87.89,780.63,785.49,781.24,783.53,4.8,65.33,12.37,2.97,43.03,0.719,14.11,4.05,LANE_A,19007.0,-23.0,90.7,CRUISE_LOITER,1.0,0,500.0,0.23,-0.02,-0.01,-0.31,0.73,0.59,-0.66,-1.37,0.0,0.17,-0.05,-0.02,-0.005,0.01,0.0331,0
29.1,5166.8,2126.3,73.0,86.01,88.66,85.55,88.11,779.34,785.2,782.76,786.17,4.77,65.37,12.32,3.02,43.11,0.711,14.14,4.14,LANE_A,19007.0,-23.0,90.7,CRUISE_LOITER,1.0,0,500.0,-0.19,-0.04,-0.15,-0.09,-0.56,0.3,0.86,1.27,-0.03,0.22,-0.1,0.06,-0.013,0.04,0.0419,0
29.150000000000002,5181.1,2132.1,72.9,86.02,88.54,85.89,88.12,780.27,786.7,783.28,785.37,4.8,65.12,12.45,3.01,43.0,0.703,14.1,3.98,LANE_A,19008.0,-23.0,90.8,CRUISE_LOITER,1.0,0,500.0,-0.17,-0.15,0.2,-0.07,0.37,1.8,1.38,0.47,0.0,-0.03,0.03,-0.05,-0.021,0.0,0.0424,0
29.200000000000003,5161.7,2124.2,72.7,86.42,88.84,85.74,87.85,780.62,786.24,784.85,784.53,4.82,64.99,12.52,2.97,42.99,0.731,14.09,3.87,LANE_A,19009.0,-23.0,90.8,CRUISE_LOITER,1.0,0,500.0,0.23,0.15,0.05,-0.34,0.72,1.34,2.95,-0.37,0.02,-0.16,0.1,-0.05,0.007,-0.01,0.0666,0
29.25,5136.1,2113.6,73.0,85.88,88.35,85.66,88.32,779.95,781.95,781.56,786.85,4.8,64.7,12.5,3.04,42.95,0.728,14.1,3.85,LANE_A,19010.0,-23.0,90.8,CRUISE_LOITER,1.0,0,500.0,-0.31,-0.34,-0.03,0.13,0.05,-2.95,-0.34,1.95,0.0,-0.45,0.08,-0.09,0.004,0.0,0.0673,0
29.3,5167.3,2126.5,72.7,86.45,88.81,85.54,88.2,782.56,785.4,782.07,786.41,4.79,65.36,12.47,3.01,43.04,0.69,14.09,4.03,LANE_A,19011.0,-23.0,90.8,CRUISE_LOITER,1.0,0,500.0,0.26,0.12,-0.15,0.01,2.66,0.5,0.17,1.51,-0.01,0.21,0.05,0.0,-0.034,-0.01,0.0613,0
29.35,5185.2,2133.8,72.9,86.39,88.67,85.73,88.25,778.27,784.47,782.43,785.77,4.78,64.93,12.37,2.98,42.9,0.718,14.11,3.93,LANE_A,19012.0,-23.0,90.8,CRUISE_LOITER,1.0,0,500.0,0.21,-0.01,0.05,0.07,-1.63,-0.43,0.53,0.87,-0.02,-0.21,-0.05,-0.14,-0.006,0.01,0.0385,0
29.400000000000002,5166.0,2125.9,73.2,86.22,88.84,85.46,88.19,777.82,783.62,782.79,784.93,4.81,64.96,12.52,3.01,43.19,0.721,14.12,3.9,LANE_A,19013.0,-23.0,90.8,CRUISE_LOITER,1.0,0,500.0,0.04,0.16,-0.22,0.01,-2.07,-1.27,0.9,0.04,0.01,-0.18,0.1,0.15,-0.003,0.02,0.0483,0
29.450000000000003,5177.4,2130.6,72.8,86.37,88.39,85.67,88.23,777.64,784.06,782.86,783.71,4.81,65.0,12.36,3.01,42.98,0.72,14.11,4.09,LANE_A,19014.0,-23.0,90.8,CRUISE_LOITER,1.0,0,500.0,0.19,-0.29,-0.01,0.05,-2.25,-0.83,0.97,-1.18,0.01,-0.14,-0.06,-0.06,-0.004,0.01,0.0518,0
29.5,5169.2,2127.2,73.2,86.44,88.72,85.67,87.99,780.18,785.19,779.82,781.88,4.81,65.19,12.39,3.01,43.18,0.719,14.11,4.06,LANE_A,19014.0,-23.0,90.8,CRUISE_LOITER,1.0,0,500.0,0.26,0.04,-0.01,-0.19,0.29,0.3,-2.07,-3.01,0.01,0.05,-0.03,0.14,-0.005,0.01,0.0676,0
29.55,5166.6,2126.2,72.7,86.07,88.48,85.54,88.02,780.83,784.48,782.39,784.25,4.76,65.25,12.48,3.0,43.19,0.758,14.07,4.01,LANE_A,19015.0,-23.0,90.8,CRUISE_LOITER,1.0,0,500.0,-0.1,-0.19,-0.13,-0.15,0.94,-0.41,0.5,-0.64,-0.04,0.12,0.06,0.15,0.034,-0.03,0.049,0
29.6,5166.0,2125.9,73.0,86.25,88.77,86.12,88.11,781.09,787.11,783.88,784.75,4.83,65.06,12.49,3.03,43.09,0.716,14.1,4.22,LANE_A,19016.0,-23.0,90.8,CRUISE_LOITER,1.0,0,500.0,0.08,0.1,0.45,-0.06,1.2,2.22,1.99,-0.14,0.03,-0.07,0.07,0.05,-0.008,0.0,0.0532,0
29.650000000000002,5161.9,2124.2,72.5,86.56,88.68,85.56,88.13,781.94,787.23,784.24,785.99,4.77,65.13,12.33,3.04,43.04,0.71,14.08,3.93,LANE_A,19017.0,-23.0,90.8,CRUISE_LOITER,1.0,0,500.0,0.39,0.01,-0.11,-0.04,2.05,2.34,2.35,1.1,-0.03,0.0,-0.09,0.01,-0.014,-0.02,0.0576,0
29.700000000000003,5162.1,2124.3,72.9,86.29,88.54,85.39,88.23,779.69,785.25,781.51,783.86,4.78,65.06,12.4,2.99,43.15,0.75,14.08,4.08,LANE_A,19018.0,-23.0,90.8,CRUISE_LOITER,1.0,0,500.0,0.12,-0.13,-0.28,0.06,-0.2,0.36,-0.38,-1.03,-0.02,-0.07,-0.02,0.12,0.026,-0.02,0.0374,0
29.75,5193.4,2137.2,72.8,86.14,88.7,85.6,88.22,781.2,785.36,780.2,785.89,4.82,65.29,12.36,3.0,42.51,0.737,14.07,4.03,LANE_A,19019.0,-23.0,90.8,CRUISE_LOITER,1.0,0,500.0,-0.02,0.04,-0.06,0.06,1.31,0.47,-1.69,1.0,0.02,0.17,-0.06,-0.52,0.013,-0.03,0.0602,0
29.8,5170.0,2127.6,72.9,86.39,88.55,85.76,87.89,779.51,783.62,782.61,785.47,4.85,65.11,12.38,3.01,43.17,0.713,14.09,3.95,LANE_A,19020.0,-23.0,90.8,CRUISE_LOITER,1.0,0,500.0,0.23,-0.11,0.1,-0.27,-0.37,-1.26,0.73,0.59,0.05,-0.01,-0.04,0.14,-0.011,-0.01,0.0569,0
29.85,5170.4,2127.7,72.6,86.03,88.71,85.83,87.99,778.92,784.9,782.39,786.14,4.79,65.15,12.45,3.01,43.05,0.704,14.1,4.07,LANE_A,19020.0,-23.0,90.8,CRUISE_LOITER,1.0,0,500.0,-0.13,0.05,0.17,-0.17,-0.96,0.02,0.51,1.26,-0.01,0.03,0.03,0.02,-0.02,0.0,0.0308,0
29.900000000000002,5168.5,2127.0,73.0,85.95,88.93,85.56,88.12,779.91,785.18,780.04,783.71,4.86,64.94,12.48,2.99,43.27,0.739,14.11,4.16,LANE_A,19021.0,-23.0,90.8,CRUISE_LOITER,1.0,0,500.0,-0.21,0.27,-0.1,-0.04,0.03,0.3,-1.84,-1.17,0.06,-0.18,0.06,0.24,0.015,0.01,0.0682,0
29.950000000000003,5170.8,2127.9,73.0,86.09,88.49,85.91,87.93,779.49,785.07,781.91,784.34,4.79,65.3,12.42,2.96,42.93,0.74,14.09,4.04,LANE_A,19022.0,-23.0,90.8,CRUISE_LOITER,1.0,0,500.0,-0.06,-0.16,0.26,-0.22,-0.39,0.19,0.03,-0.54,-0.01,0.19,0.0,-0.1,0.016,-0.01,0.0246,0
