TIMESTAMP_SEC,ENGINE_RPM,PROP_RPM,TPS,CHT_1,CHT_2,CHT_3,CHT_4,EGT_1,EGT_2,EGT_3,EGT_4,OIL_PRESS,OIL_TEMP,FUEL_FLOW,FUEL_RAIL_P,MAP,VIB_GEARBOX_RMS,BUS_VOLTAGE,BATTERY_CURRENT,FADEC_ACTIVE_LANE,ALTITUDE_FT,OAT_C,TAS_KNOTS,FLIGHT_PHASE,HEALTH_INDEX,FAULT_ID,RUL_HOURS,RES_d_CHT_1,RES_d_CHT_2,RES_d_CHT_3,RES_d_CHT_4,RES_d_EGT_1,RES_d_EGT_2,RES_d_EGT_3,RES_d_EGT_4,RES_d_OIL_PRESS,RES_d_OIL_TEMP,RES_d_FUEL_FLOW,RES_d_MAP,RES_d_VIB_RMS,RES_d_BUS_VOLTAGE,RES_ANOMALY_SCORE,RES_IS_ANOMALY
0.0,5161.2,2124.0,71.9,87.83,90.48,87.11,89.75,779.69,783.19,783.37,786.31,4.71,66.71,12.48,2.99,43.82,0.693,14.09,4.02,LANE_A,18500.0,-22.0,88.0,CRUISE_LOITER,1.0,0,500.0,0.02,0.17,-0.2,-0.06,-0.98,-2.48,0.7,0.64,-0.06,0.07,-0.08,0.07,-0.028,-0.01,0.0691,0
0.05,5158.5,2122.8,71.9,87.87,90.48,87.22,89.72,780.29,787.11,782.09,786.07,4.76,66.51,12.58,3.0,43.66,0.71,14.09,3.9,LANE_A,18501.0,-22.0,88.0,CRUISE_LOITER,1.0,0,500.0,0.07,0.18,-0.08,-0.08,-0.38,1.44,-0.58,0.4,-0.01,-0.13,0.02,-0.09,-0.011,-0.01,0.0336,0
0.1,5167.4,2126.5,71.9,88.02,90.22,87.05,90.08,781.59,785.78,783.13,787.47,4.79,66.83,12.68,2.97,43.83,0.702,14.11,4.0,LANE_A,18502.0,-22.0,88.0,CRUISE_LOITER,1.0,0,500.0,0.22,-0.08,-0.25,0.28,0.92,0.11,0.46,1.8,0.02,0.19,0.12,0.08,-0.019,0.01,0.0436,0
0.15000000000000002,5153.2,2120.7,72.1,87.83,90.05,87.17,89.62,780.36,786.02,781.99,786.19,4.75,66.63,12.59,2.99,43.71,0.71,14.13,4.01,LANE_A,18503.0,-22.0,88.0,CRUISE_LOITER,1.0,0,500.0,0.03,-0.25,-0.13,-0.18,-0.3,0.36,-0.67,0.53,-0.02,-0.01,0.03,-0.03,-0.011,0.03,0.0313,0
0.2,5147.7,2118.4,71.8,88.14,90.52,87.21,89.73,781.59,785.05,781.97,786.48,4.73,66.68,12.61,3.01,43.69,0.695,14.09,4.01,LANE_A,18503.0,-22.0,88.0,CRUISE_LOITER,1.0,0,500.0,0.35,0.23,-0.08,-0.06,0.93,-0.61,-0.69,0.82,-0.04,0.05,0.05,-0.05,-0.026,-0.01,0.0475,0
0.25,5167.2,2126.4,71.9,87.5,90.47,87.38,89.82,782.54,784.77,784.98,787.06,4.7,66.58,12.47,3.0,43.69,0.735,14.07,3.94,LANE_A,18504.0,-22.0,88.0,CRUISE_LOITER,1.0,0,500.0,-0.29,0.18,0.09,0.03,1.88,-0.89,2.32,1.4,-0.07,-0.05,-0.09,-0.05,0.014,-0.03,0.08,0
0.30000000000000004,5166.2,2126.0,72.0,87.89,90.11,87.2,89.76,779.19,785.85,783.17,785.48,4.74,66.7,12.51,3.04,43.74,0.734,14.11,4.06,LANE_A,18505.0,-22.0,88.0,CRUISE_LOITER,1.0,0,500.0,0.1,-0.18,-0.09,-0.03,-1.47,0.19,0.51,-0.18,-0.03,0.07,-0.05,0.0,0.013,0.01,0.0358,0
0.35000000000000003,5149.6,2119.2,71.9,87.7,90.74,87.33,89.64,779.88,784.82,783.74,787.87,4.79,66.73,12.43,3.0,43.72,0.72,14.09,3.91,LANE_A,18506.0,-22.0,88.0,CRUISE_LOITER,1.0,0,500.0,-0.09,0.45,0.04,-0.15,-0.78,-0.84,1.08,2.21,0.02,0.1,-0.13,-0.02,-0.001,-0.01,0.0521,0
0.4,5141.6,2115.9,71.9,87.62,90.28,87.38,90.01,781.0,785.4,781.16,786.52,4.76,66.45,12.4,3.03,43.65,0.715,14.13,4.26,LANE_A,18507.0,-22.0,88.0,CRUISE_LOITER,1.0,0,500.0,-0.16,0.0,0.1,0.23,0.34,-0.26,-1.5,0.86,-0.01,-0.17,-0.16,-0.09,-0.006,0.03,0.0391,0
0.45,5145.0,2117.3,72.0,87.4,90.32,87.33,89.64,781.45,784.62,785.39,784.99,4.78,66.68,12.52,2.99,43.73,0.714,14.07,4.14,LANE_A,18508.0,-22.0,88.0,CRUISE_LOITER,1.0,0,500.0,-0.38,0.04,0.05,-0.14,0.79,-1.04,2.73,-0.67,0.01,0.06,-0.04,-0.01,-0.007,-0.03,0.0618,0
0.5,5158.7,2122.9,72.2,87.62,90.16,87.35,89.82,779.94,787.3,783.17,786.12,4.81,66.93,12.57,3.02,43.84,0.698,14.07,4.12,LANE_A,18509.0,-22.0,88.0,CRUISE_LOITER,1.0,0,500.0,-0.16,-0.12,0.07,0.04,-0.71,1.65,0.52,0.47,0.04,0.31,0.01,0.1,-0.023,-0.03,0.048,0
0.55,5159.7,2123.3,72.1,87.95,90.59,87.42,89.87,779.92,786.54,782.6,787.25,4.79,66.48,12.55,3.03,43.82,0.722,14.08,4.13,LANE_A,18510.0,-22.0,88.1,CRUISE_LOITER,1.0,0,500.0,0.18,0.32,0.15,0.1,-0.73,0.89,-0.05,1.6,0.02,-0.14,-0.01,0.09,0.001,-0.02,0.0386,0
0.6000000000000001,5136.9,2113.9,71.8,87.65,90.29,87.39,89.75,781.52,784.72,781.7,785.13,4.77,66.73,12.44,3.02,43.84,0.738,14.1,4.1,LANE_A,18510.0,-22.0,88.1,CRUISE_LOITER,1.0,0,500.0,-0.12,0.02,0.12,-0.02,0.87,-0.93,-0.95,-0.52,0.0,0.12,-0.12,0.11,0.017,0.0,0.0299,0
0.65,5153.4,2120.8,72.1,87.57,90.05,87.15,89.47,780.79,785.04,785.94,786.66,4.71,66.53,12.59,2.99,43.54,0.716,14.11,3.94,LANE_A,18511.0,-22.0,88.1,CRUISE_LOITER,1.0,0,500.0,-0.2,-0.22,-0.12,-0.3,0.14,-0.61,3.29,1.01,-0.06,-0.08,0.03,-0.19,-0.005,0.01,0.0753,0
0.7000000000000001,5153.5,2120.8,71.8,87.46,90.32,87.1,89.46,779.62,785.18,782.7,786.87,4.8,66.62,12.56,3.02,43.6,0.73,14.1,4.25,LANE_A,18512.0,-22.0,88.1,CRUISE_LOITER,1.0,0,500.0,-0.31,0.05,-0.17,-0.31,-1.03,-0.47,0.05,1.22,0.03,0.01,0.0,-0.13,0.009,0.0,0.0369,0
0.75,5136.2,2113.7,72.2,87.61,90.21,87.73,90.06,779.67,786.17,784.32,785.81,4.79,66.64,12.65,2.98,43.7,0.719,14.11,4.04,LANE_A,18513.0,-22.0,88.1,CRUISE_LOITER,1.0,0,500.0,-0.15,-0.05,0.47,0.3,-0.98,0.52,1.67,0.16,0.02,0.04,0.09,-0.03,-0.002,0.01,0.0427,0
0.8,5163.6,2124.9,71.9,87.98,90.11,87.41,89.65,782.63,786.66,784.29,786.62,4.76,66.62,12.43,3.0,43.93,0.72,14.09,3.95,LANE_A,18514.0,-22.0,88.1,CRUISE_LOITER,1.0,0,500.0,0.22,-0.15,0.15,-0.11,1.98,1.01,1.64,0.97,-0.01,0.02,-0.13,0.2,-0.001,-0.01,0.0476,0
0.8500000000000001,5138.0,2114.4,72.1,87.7,90.34,87.55,89.97,778.79,785.38,783.09,785.98,4.78,67.01,12.69,3.0,43.6,0.705,14.09,4.21,LANE_A,18515.0,-22.0,88.1,CRUISE_LOITER,1.0,0,500.0,-0.06,0.08,0.29,0.21,-1.86,-0.27,0.44,0.33,0.01,0.41,0.13,-0.13,-0.016,-0.01,0.0445,0
0.9,5158.0,2122.6,72.1,87.65,90.39,86.9,89.95,781.45,788.45,781.8,783.13,4.71,66.67,12.57,3.03,43.62,0.691,14.11,4.11,LANE_A,18516.0,-22.0,88.1,CRUISE_LOITER,1.0,0,500.0,-0.1,0.14,-0.35,0.2,0.81,2.81,-0.84,-2.51,-0.06,0.07,0.01,-0.11,-0.03,0.01,0.0715,0
0.9500000000000001,5140.1,2115.3,72.2,87.62,90.19,87.11,89.75,779.88,784.95,783.39,787.43,4.76,66.39,12.61,3.01,43.86,0.723,14.09,3.89,LANE_A,18517.0,-22.0,88.1,CRUISE_LOITER,1.0,0,500.0,-0.13,-0.06,-0.14,0.0,-0.76,-0.69,0.75,1.79,-0.01,-0.2,0.05,0.14,0.002,-0.01,0.0414,0
1.0,5175.4,2129.8,72.1,87.79,90.26,87.04,89.45,779.51,785.7,782.46,785.86,4.76,66.72,12.49,3.01,43.69,0.736,14.09,4.2,LANE_A,18517.0,-22.0,88.1,CRUISE_LOITER,1.0,0,500.0,0.04,0.01,-0.21,-0.3,-1.13,0.06,-0.18,0.22,-0.01,0.13,-0.07,-0.03,0.015,-0.01,0.028,0
1.05,5165.7,2125.8,72.2,87.87,90.0,87.35,90.17,779.32,785.63,783.05,787.89,4.77,66.5,12.47,3.03,43.62,0.701,14.11,4.2,LANE_A,18518.0,-22.0,88.1,CRUISE_LOITER,1.0,0,500.0,0.12,-0.25,0.1,0.42,-1.32,-0.01,0.41,2.25,0.0,-0.09,-0.09,-0.1,-0.02,0.01,0.0527,0
1.1,5158.4,2122.8,72.0,87.83,89.93,87.0,89.71,780.88,783.59,781.87,786.55,4.78,66.7,12.66,2.97,43.54,0.722,14.15,4.2,LANE_A,18519.0,-22.0,88.1,CRUISE_LOITER,1.0,0,500.0,0.09,-0.31,-0.24,-0.03,0.24,-2.05,-0.77,0.91,0.01,0.11,0.1,-0.18,0.001,0.05,0.0512,0
1.1500000000000001,5146.1,2117.7,72.1,87.74,90.42,87.38,89.68,781.98,786.55,783.63,785.47,4.7,66.27,12.54,3.05,43.66,0.727,14.09,3.97,LANE_A,18520.0,-22.0,88.1,CRUISE_LOITER,1.0,0,500.0,0.0,0.18,0.14,-0.06,1.34,0.91,0.99,-0.17,-0.07,-0.31,-0.02,-0.06,0.006,-0.01,0.077,0
1.2000000000000002,5128.3,2110.4,72.4,87.59,90.37,87.38,89.73,780.22,785.82,782.05,785.05,4.76,66.73,12.61,2.97,43.55,0.693,14.09,4.32,LANE_A,18521.0,-22.0,88.1,CRUISE_LOITER,1.0,0,500.0,-0.15,0.13,0.14,-0.01,-0.42,0.18,-0.59,-0.59,-0.01,0.15,0.05,-0.17,-0.028,-0.01,0.039,0
1.25,5154.3,2121.1,71.8,87.53,90.24,87.23,89.59,782.47,785.06,783.02,785.07,4.81,66.58,12.46,3.01,43.81,0.73,14.1,4.05,LANE_A,18522.0,-22.0,88.1,CRUISE_LOITER,1.0,0,500.0,-0.2,0.01,0.0,-0.14,1.83,-0.58,0.38,-0.57,0.04,0.0,-0.1,0.09,0.009,0.0,0.047,0
1.3,5151.9,2120.1,72.3,87.77,90.23,87.21,89.85,781.66,787.89,782.16,785.93,4.74,66.65,12.53,2.96,43.94,0.717,14.08,4.04,LANE_A,18523.0,-22.0,88.1,CRUISE_LOITER,1.0,0,500.0,0.04,0.0,-0.02,0.12,1.03,2.26,-0.47,0.3,-0.03,0.07,-0.03,0.22,-0.004,-0.02,0.052,0
1.35,5137.1,2114.0,71.9,87.55,90.17,87.34,89.73,780.88,786.04,784.11,785.58,4.74,66.26,12.52,3.01,43.63,0.716,14.1,3.95,LANE_A,18524.0,-22.0,88.1,CRUISE_LOITER,1.0,0,500.0,-0.18,-0.06,0.11,0.0,0.25,0.41,1.48,-0.05,-0.03,-0.31,-0.04,-0.08,-0.005,0.0,0.0358,0
1.4000000000000001,5144.8,2117.2,72.0,87.62,90.48,87.41,89.57,782.41,786.79,782.97,786.98,4.75,66.85,12.51,3.05,43.58,0.706,14.05,4.12,LANE_A,18524.0,-22.0,88.1,CRUISE_LOITER,1.0,0,500.0,-0.11,0.25,0.18,-0.16,1.78,1.16,0.34,1.35,-0.02,0.28,-0.05,-0.13,-0.015,-0.05,0.0517,0
1.4500000000000002,5149.9,2119.3,72.5,87.56,90.25,87.44,89.75,783.2,784.52,780.82,784.71,4.78,66.36,12.44,3.03,43.65,0.729,14.11,4.01,LANE_A,18525.0,-22.1,88.1,CRUISE_LOITER,1.0,0,500.0,-0.16,0.03,0.22,0.03,2.57,-1.11,-1.81,-0.92,0.01,-0.21,-0.12,-0.06,0.008,0.01,0.0594,0
1.5,5130.8,2111.5,72.2,87.44,90.16,87.49,89.57,780.54,785.67,784.17,783.11,4.79,66.89,12.6,3.0,43.73,0.691,14.09,3.9,LANE_A,18526.0,-22.1,88.1,CRUISE_LOITER,1.0,0,500.0,-0.28,-0.06,0.27,-0.15,-0.09,0.04,1.54,-2.52,0.02,0.32,0.04,0.02,-0.03,-0.01,0.0588,0
1.55,5154.7,2121.3,72.4,87.59,90.17,86.85,89.65,781.22,785.31,780.71,785.59,4.78,66.39,12.63,3.01,43.84,0.727,14.12,4.15,LANE_A,18527.0,-22.1,88.2,CRUISE_LOITER,1.0,0,500.0,-0.13,-0.05,-0.37,-0.07,0.59,-0.32,-1.92,-0.04,0.01,-0.17,0.07,0.13,0.006,0.02,0.0447,0
1.6,5143.2,2116.5,71.8,87.55,90.14,86.88,90.02,779.4,785.4,782.46,784.85,4.77,66.3,12.47,2.98,43.83,0.721,14.14,4.23,LANE_A,18528.0,-22.1,88.2,CRUISE_LOITER,1.0,0,500.0,-0.16,-0.07,-0.33,0.31,-1.23,-0.23,-0.17,-0.78,0.0,-0.26,-0.09,0.12,0.0,0.04,0.0415,0
1.6500000000000001,5158.9,2123.0,72.1,87.91,89.97,86.96,89.61,781.35,785.83,783.0,784.9,4.84,66.4,12.45,2.96,43.8,0.722,14.08,4.03,LANE_A,18529.0,-22.1,88.2,CRUISE_LOITER,1.0,0,500.0,0.2,-0.24,-0.25,-0.1,0.73,0.21,0.38,-0.72,0.07,-0.16,-0.11,0.09,0.001,-0.02,0.0771,0
1.7000000000000002,5147.3,2118.2,72.0,87.51,90.11,87.32,89.89,779.8,785.34,783.17,786.38,4.76,66.68,12.45,3.0,43.63,0.687,14.08,3.99,LANE_A,18530.0,-22.1,88.2,CRUISE_LOITER,1.0,0,500.0,-0.2,-0.1,0.11,0.18,-0.82,-0.28,0.55,0.76,-0.01,0.13,-0.11,-0.08,-0.034,-0.02,0.0473,0
1.75,5163.2,2124.8,72.0,88.03,90.19,87.34,89.52,780.47,787.02,782.81,786.63,4.79,66.66,12.73,3.01,43.73,0.691,14.1,3.98,LANE_A,18531.0,-22.1,88.2,CRUISE_LOITER,1.0,0,500.0,0.32,-0.02,0.13,-0.19,-0.15,1.4,0.19,1.01,0.02,0.11,0.17,0.02,-0.03,0.0,0.044,0
1.8,5137.0,2114.0,72.2,87.76,90.17,87.03,89.45,780.44,785.82,782.16,785.57,4.8,66.36,12.47,2.96,43.5,0.722,14.07,3.94,LANE_A,18531.0,-22.1,88.2,CRUISE_LOITER,1.0,0,500.0,0.06,-0.03,-0.17,-0.25,-0.18,0.2,-0.46,-0.05,0.03,-0.19,-0.08,-0.2,0.001,-0.03,0.0363,0
1.85,5155.7,2121.7,71.8,87.83,90.3,87.03,89.65,779.71,784.28,784.36,784.6,4.73,66.43,12.43,3.0,43.94,0.701,14.07,4.09,LANE_A,18532.0,-22.1,88.2,CRUISE_LOITER,1.0,0,500.0,0.13,0.1,-0.17,-0.05,-0.91,-1.34,1.74,-1.02,-0.04,-0.12,-0.12,0.24,-0.02,-0.03,0.0495,0
1.9000000000000001,5137.5,2114.2,72.1,87.61,90.42,87.12,89.67,780.96,785.72,781.24,783.76,4.81,66.34,12.56,3.0,43.71,0.72,14.07,3.92,LANE_A,18533.0,-22.1,88.2,CRUISE_LOITER,1.0,0,500.0,-0.09,0.22,-0.08,-0.03,0.34,0.1,-1.38,-1.86,0.04,-0.2,0.01,0.01,-0.001,-0.03,0.0477,0
1.9500000000000002,5155.8,2121.7,72.0,87.76,90.25,87.39,89.74,780.78,785.72,781.04,786.04,4.78,66.25,12.68,2.99,43.53,0.725,14.11,3.99,LANE_A,18534.0,-22.1,88.2,CRUISE_LOITER,1.0,0,500.0,0.07,0.06,0.2,0.05,0.16,0.1,-1.58,0.42,0.01,-0.29,0.13,-0.17,0.004,0.01,0.0376,0
2.0,5155.4,2121.6,72.4,87.84,89.88,87.12,89.44,779.88,785.58,783.53,783.84,4.73,66.49,12.49,2.99,43.69,0.698,14.08,4.11,LANE_A,18535.0,-22.1,88.2,CRUISE_LOITER,1.0,0,500.0,0.15,-0.31,-0.07,-0.25,-0.74,-0.04,0.91,-1.78,-0.04,-0.05,-0.06,-0.01,-0.023,-0.02,0.0484,0
2.0500000000000003,5147.2,2118.2,72.3,87.53,90.28,87.34,89.57,779.82,787.34,783.9,783.83,4.81,66.42,12.66,3.02,43.71,0.712,14.11,4.1,LANE_A,18536.0,-22.1,88.2,CRUISE_LOITER,1.0,0,500.0,-0.16,0.09,0.15,-0.12,-0.79,1.73,1.29,-1.78,0.04,-0.12,0.11,0.01,-0.009,0.01,0.0487,0
2.1,5161.9,2124.2,72.0,88.03,90.16,87.09,89.79,782.21,785.58,781.31,786.55,4.76,66.36,12.57,2.96,43.57,0.723,14.08,4.18,LANE_A,18537.0,-22.1,88.2,CRUISE_LOITER,1.0,0,500.0,0.34,-0.03,-0.1,0.1,1.6,-0.03,-1.3,0.94,-0.01,-0.17,0.02,-0.13,0.002,-0.02,0.0387,0
2.15,5171.4,2128.1,71.8,87.55,90.41,87.32,89.73,781.0,785.35,784.67,784.49,4.79,66.67,12.62,3.0,43.6,0.729,14.08,4.06,LANE_A,18538.0,-22.1,88.2,CRUISE_LOITER,1.0,0,500.0,-0.13,0.23,0.14,0.05,0.39,-0.26,2.06,-1.12,0.02,0.14,0.07,-0.1,0.007,-0.02,0.0478,0
2.2,5147.7,2118.4,71.7,87.83,89.89,87.26,89.94,780.2,784.41,781.51,785.92,4.81,66.46,12.55,3.02,43.58,0.707,14.1,4.02,LANE_A,18538.0,-22.1,88.2,CRUISE_LOITER,1.0,0,500.0,0.15,-0.29,0.08,0.26,-0.41,-1.2,-1.1,0.31,0.04,-0.07,0.0,-0.11,-0.015,0.0,0.047,0
2.25,5160.3,2123.6,72.0,87.57,90.1,87.27,89.82,780.5,786.17,783.76,783.22,4.75,66.68,12.56,2.99,43.69,0.737,14.12,3.98,LANE_A,18539.0,-22.1,88.2,CRUISE_LOITER,1.0,0,500.0,-0.11,-0.08,0.09,0.14,-0.11,0.56,1.15,-2.39,-0.02,0.15,0.01,0.0,0.015,0.02,0.0543,0
2.3000000000000003,5165.6,2125.8,71.9,87.95,90.33,87.29,89.64,781.32,785.34,783.46,786.29,4.76,66.48,12.64,3.03,43.57,0.715,14.1,4.28,LANE_A,18540.0,-22.1,88.2,CRUISE_LOITER,1.0,0,500.0,0.28,0.16,0.12,-0.03,0.71,-0.27,0.85,0.68,-0.01,-0.04,0.09,-0.12,-0.007,0.0,0.0264,0
2.35,5137.7,2114.3,71.9,87.78,90.15,86.95,90.01,781.29,786.4,783.87,786.81,4.74,66.58,12.77,3.0,43.61,0.727,14.13,4.08,LANE_A,18541.0,-22.1,88.2,CRUISE_LOITER,1.0,0,500.0,0.11,-0.02,-0.22,0.34,0.68,0.79,1.26,1.2,-0.03,0.06,0.22,-0.08,0.005,0.03,0.0526,0
2.4000000000000004,5166.3,2126.0,72.3,87.28,89.92,87.54,89.45,780.96,785.47,781.26,783.38,4.8,66.44,12.66,3.02,43.69,0.701,14.14,4.0,LANE_A,18542.0,-22.1,88.2,CRUISE_LOITER,1.0,0,500.0,-0.39,-0.25,0.37,-0.22,0.36,-0.13,-1.34,-2.22,0.03,-0.08,0.11,0.0,-0.021,0.04,0.0545,0
2.45,5152.2,2120.3,72.2,87.68,89.82,87.18,89.79,781.68,785.84,782.17,784.5,4.78,66.41,12.71,2.99,43.71,0.714,14.09,4.1,LANE_A,18543.0,-22.1,88.2,CRUISE_LOITER,1.0,0,500.0,0.01,-0.35,0.01,0.12,1.08,0.24,-0.43,-1.1,0.01,-0.11,0.16,0.02,-0.008,-0.01,0.0383,0
2.5,5159.9,2123.4,72.1,87.28,90.13,87.34,89.29,780.11,787.29,782.89,784.13,4.76,66.71,12.42,3.0,43.61,0.722,14.09,3.88,LANE_A,18544.0,-22.1,88.2,CRUISE_LOITER,1.0,0,500.0,-0.38,-0.03,0.18,-0.37,-0.49,1.69,0.29,-1.47,-0.01,0.2,-0.13,-0.08,0.0,-0.01,0.0419,0
2.5500000000000003,5144.5,2117.1,71.9,87.85,89.94,87.44,89.4,781.34,785.53,782.86,784.79,4.76,66.67,12.7,3.01,43.59,0.711,14.08,4.17,LANE_A,18545.0,-22.1,88.3,CRUISE_LOITER,1.0,0,500.0,0.19,-0.22,0.28,-0.26,0.74,-0.07,0.26,-0.81,-0.01,0.16,0.15,-0.1,-0.011,-0.02,0.0368,0
2.6,5162.7,2124.6,72.3,87.54,90.31,87.16,89.75,780.06,785.47,783.89,785.22,4.77,66.45,12.56,3.0,43.74,0.716,14.07,3.93,LANE_A,18545.0,-22.1,88.3,CRUISE_LOITER,1.0,0,500.0,-0.12,0.15,0.0,0.09,-0.54,-0.13,1.29,-0.38,0.0,-0.06,0.01,0.06,-0.006,-0.03,0.0307,0
2.6500000000000004,5150.3,2119.5,72.1,88.08,90.26,87.09,89.61,780.4,788.16,780.96,784.1,4.77,66.29,12.54,2.99,43.74,0.703,14.13,4.1,LANE_A,18546.0,-22.1,88.3,CRUISE_LOITER,1.0,0,500.0,0.43,0.11,-0.06,-0.04,-0.2,2.56,-1.64,-1.5,0.0,-0.21,-0.01,0.06,-0.019,0.03,0.0599,0
2.7,5157.2,2122.3,72.5,87.54,90.36,86.72,89.84,781.47,785.87,781.63,784.32,4.82,66.78,12.67,3.0,43.77,0.717,14.1,4.11,LANE_A,18547.0,-22.1,88.3,CRUISE_LOITER,1.0,0,500.0,-0.11,0.21,-0.43,0.19,0.87,0.27,-0.97,-1.28,0.05,0.28,0.12,0.09,-0.005,0.0,0.0582,0
2.75,5143.5,2116.7,72.2,87.66,90.11,86.98,89.38,780.84,787.0,782.79,785.39,4.75,66.59,12.47,2.99,43.65,0.722,14.08,4.0,LANE_A,18548.0,-22.1,88.3,CRUISE_LOITER,1.0,0,500.0,0.01,-0.04,-0.17,-0.27,0.24,1.4,0.19,-0.21,-0.02,0.09,-0.08,-0.03,0.0,-0.02,0.0336,0
2.8000000000000003,5153.1,2120.6,72.2,87.91,89.85,86.89,89.4,778.97,786.33,784.72,787.27,4.76,66.61,12.67,3.0,43.71,0.718,14.09,3.96,LANE_A,18549.0,-22.1,88.3,CRUISE_LOITER,1.0,0,500.0,0.26,-0.3,-0.26,-0.25,-1.62,0.74,2.13,1.68,-0.01,0.11,0.12,0.03,-0.004,-0.01,0.0516,0
2.85,5147.5,2118.3,72.0,87.53,90.07,87.07,89.73,779.4,786.56,783.52,786.7,4.83,66.36,12.53,2.99,43.31,0.741,14.11,4.04,LANE_A,18550.0,-22.1,88.3,CRUISE_LOITER,1.0,0,500.0,-0.11,-0.07,-0.07,0.09,-1.19,0.97,0.93,1.11,0.06,-0.13,-0.02,-0.37,0.019,0.01,0.0683,0
2.9000000000000004,5121.1,2107.5,71.9,87.66,90.01,86.83,89.82,780.77,785.92,782.64,784.94,4.8,66.35,12.5,3.02,43.68,0.737,14.1,4.04,LANE_A,18551.0,-22.1,88.3,CRUISE_LOITER,1.0,0,500.0,0.02,-0.13,-0.31,0.18,0.18,0.33,0.05,-0.65,0.03,-0.14,-0.05,0.0,0.015,0.0,0.0355,0
2.95,5152.2,2120.2,72.1,88.13,90.19,87.02,89.99,779.78,784.38,781.36,786.4,4.78,66.57,12.56,3.01,43.64,0.711,14.1,4.15,LANE_A,18552.0,-22.1,88.3,CRUISE_LOITER,1.0,0,500.0,0.49,0.05,-0.12,0.35,-0.81,-1.21,-1.23,0.81,0.01,0.08,0.01,-0.04,-0.011,0.0,0.0439,0
3.0,5145.4,2117.5,72.3,87.53,90.0,87.48,89.76,779.67,786.89,781.01,785.97,4.74,66.54,12.39,3.0,43.86,0.735,14.14,4.02,LANE_A,18552.0,-22.1,88.3,CRUISE_LOITER,1.0,0,500.0,-0.1,-0.13,0.35,0.13,-0.92,1.3,-1.58,0.38,-0.03,0.05,-0.16,0.18,0.013,0.04,0.0439,0
3.0500000000000003,5164.7,2125.4,71.8,87.59,90.21,87.01,89.71,782.72,785.02,782.44,785.28,4.78,66.3,12.54,3.03,43.47,0.729,14.09,3.91,LANE_A,18553.0,-22.1,88.3,CRUISE_LOITER,1.0,0,500.0,-0.04,0.08,-0.12,0.08,2.13,-0.57,-0.15,-0.31,0.01,-0.18,-0.01,-0.2,0.007,-0.01,0.0479,0
3.1,5140.1,2115.3,71.9,87.68,90.17,87.12,89.69,780.64,784.98,782.57,785.43,4.74,66.64,12.61,3.02,43.73,0.713,14.1,3.93,LANE_A,18554.0,-22.1,88.3,CRUISE_LOITER,1.0,0,500.0,0.05,0.04,-0.01,0.06,0.05,-0.61,-0.02,-0.16,-0.03,0.16,0.06,0.06,-0.009,0.0,0.0341,0
3.1500000000000004,5159.3,2123.2,72.2,87.61,90.07,87.24,89.68,781.77,785.73,783.84,784.11,4.71,66.3,12.58,2.97,43.58,0.719,14.05,4.16,LANE_A,18555.0,-22.1,88.3,CRUISE_LOITER,1.0,0,500.0,-0.02,-0.06,0.11,0.05,1.18,0.14,1.25,-1.48,-0.06,-0.18,0.03,-0.09,-0.003,-0.05,0.0685,0
3.2,5161.0,2123.9,72.1,87.43,90.48,87.13,89.56,781.62,786.24,783.39,785.76,4.75,66.42,12.54,2.98,43.49,0.72,14.08,4.06,LANE_A,18556.0,-22.1,88.3,CRUISE_LOITER,1.0,0,500.0,-0.19,0.36,0.01,-0.06,1.04,0.66,0.81,0.18,-0.02,-0.06,-0.01,-0.18,-0.002,-0.02,0.0333,0
3.25,5160.9,2123.8,72.3,87.77,89.85,87.26,89.75,780.77,785.76,782.83,785.78,4.79,66.63,12.58,2.98,43.82,0.722,14.09,3.97,LANE_A,18557.0,-22.1,88.3,CRUISE_LOITER,1.0,0,500.0,0.15,-0.27,0.14,0.13,0.19,0.18,0.25,0.2,0.02,0.16,0.03,0.15,0.0,-0.01,0.0251,0
3.3000000000000003,5176.9,2130.4,72.3,87.91,90.08,87.14,89.49,778.99,785.67,782.5,784.75,4.77,66.74,12.59,2.96,43.56,0.722,14.1,4.21,LANE_A,18558.0,-22.1,88.3,CRUISE_LOITER,1.0,0,500.0,0.29,-0.04,0.02,-0.13,-1.59,0.09,-0.08,-0.83,0.0,0.27,0.04,-0.11,0.0,0.0,0.0371,0
3.35,5152.5,2120.4,72.3,87.61,90.37,87.09,89.54,782.07,782.95,784.67,787.59,4.74,66.51,12.63,3.02,43.8,0.708,14.13,4.18,LANE_A,18559.0,-22.1,88.3,CRUISE_LOITER,1.0,0,500.0,0.0,0.26,-0.02,-0.07,1.49,-2.63,2.09,2.01,-0.03,0.04,0.08,0.13,-0.014,0.03,0.063,0
3.4000000000000004,5161.0,2123.9,71.8,87.62,90.29,87.13,89.55,778.07,785.86,782.35,787.16,4.8,66.67,12.53,3.04,43.74,0.719,14.12,4.11,LANE_A,18559.0,-22.1,88.3,CRUISE_LOITER,1.0,0,500.0,0.01,0.18,0.02,-0.06,-2.51,0.28,-0.23,1.58,0.03,0.2,-0.02,0.07,-0.003,0.02,0.0573,0
3.45,5153.8,2120.9,71.9,87.56,89.95,86.96,89.72,782.23,784.16,782.38,787.26,4.74,66.46,12.46,3.0,43.5,0.715,14.09,4.06,LANE_A,18560.0,-22.1,88.3,CRUISE_LOITER,1.0,0,500.0,-0.05,-0.16,-0.15,0.11,1.65,-1.42,-0.2,1.68,-0.03,0.0,-0.09,-0.16,-0.007,-0.01,0.0418,0
3.5,5156.8,2122.1,71.7,87.53,90.16,87.44,89.75,776.16,786.65,781.34,786.18,4.76,66.28,12.37,2.99,43.67,0.703,14.11,4.25,LANE_A,18561.0,-22.1,88.3,CRUISE_LOITER,1.0,0,500.0,-0.08,0.05,0.33,0.14,-4.42,1.07,-1.24,0.6,-0.01,-0.18,-0.18,0.01,-0.019,0.01,0.0965,0
3.5500000000000003,5161.7,2124.2,72.1,87.34,90.26,87.02,89.6,782.25,788.14,781.83,787.2,4.77,66.32,12.71,2.96,43.57,0.725,14.11,4.06,LANE_A,18562.0,-22.1,88.4,CRUISE_LOITER,1.0,0,500.0,-0.26,0.16,-0.08,0.0,1.68,2.57,-0.74,1.63,0.0,-0.14,0.16,-0.09,0.003,0.01,0.0599,0
3.6,5158.4,2122.8,72.2,87.19,90.05,87.11,89.59,781.05,784.65,783.59,788.16,4.74,66.39,12.56,3.02,43.78,0.713,14.07,4.11,LANE_A,18563.0,-22.1,88.4,CRUISE_LOITER,1.0,0,500.0,-0.41,-0.05,0.01,-0.01,0.48,-0.92,1.02,2.59,-0.03,-0.06,0.01,0.12,-0.009,-0.03,0.0598,0
3.6500000000000004,5122.0,2107.8,72.3,87.55,90.24,87.38,89.66,782.01,787.09,783.22,785.02,4.82,66.42,12.57,3.02,43.65,0.708,14.1,4.03,LANE_A,18564.0,-22.1,88.4,CRUISE_LOITER,1.0,0,500.0,-0.05,0.14,0.28,0.06,1.44,1.52,0.65,-0.55,0.05,-0.03,0.02,-0.01,-0.014,0.0,0.0574,0
3.7,5130.3,2111.2,72.0,87.52,90.08,87.26,89.64,780.78,786.38,782.29,784.05,4.78,66.63,12.77,3.0,43.8,0.711,14.09,4.08,LANE_A,18565.0,-22.1,88.4,CRUISE_LOITER,1.0,0,500.0,-0.07,-0.01,0.17,0.05,0.21,0.81,-0.28,-1.52,0.01,0.18,0.22,0.14,-0.011,-0.01,0.0505,0
3.75,5148.3,2118.6,72.1,87.85,90.13,87.11,89.82,779.74,785.93,782.23,786.64,4.78,66.25,12.53,2.99,43.53,0.717,14.08,4.12,LANE_A,18566.0,-22.1,88.4,CRUISE_LOITER,1.0,0,500.0,0.26,0.04,0.02,0.23,-0.83,0.36,-0.34,1.07,0.01,-0.2,-0.02,-0.13,-0.005,-0.02,0.0272,0
3.8000000000000003,5135.6,2113.4,72.1,87.92,90.33,87.05,89.47,780.75,785.23,781.18,783.76,4.75,66.58,12.53,3.02,43.6,0.759,14.06,4.02,LANE_A,18566.0,-22.1,88.4,CRUISE_LOITER,1.0,0,500.0,0.33,0.24,-0.04,-0.12,0.18,-0.34,-1.39,-1.81,-0.02,0.14,-0.01,-0.06,0.037,-0.04,0.0534,0
3.85,5161.5,2124.1,72.1,87.37,90.27,86.7,89.36,781.42,785.44,781.86,786.74,4.77,66.64,12.63,2.97,43.77,0.758,14.09,3.96,LANE_A,18567.0,-22.1,88.4,CRUISE_LOITER,1.0,0,500.0,-0.22,0.18,-0.39,-0.23,0.85,-0.13,-0.71,1.17,0.0,0.2,0.09,0.12,0.036,-0.01,0.0509,0
3.9000000000000004,5156.8,2122.1,72.0,87.58,90.16,86.98,89.52,780.56,785.99,783.41,784.86,4.72,66.34,12.51,2.99,43.83,0.732,14.08,3.98,LANE_A,18568.0,-22.1,88.4,CRUISE_LOITER,1.0,0,500.0,0.0,0.08,-0.1,-0.06,-0.01,0.42,0.84,-0.71,-0.05,-0.1,-0.03,0.18,0.01,-0.02,0.056,0
3.95,5149.3,2119.0,72.3,87.37,90.11,87.22,89.24,780.17,787.39,783.47,785.44,4.78,66.49,12.44,2.98,43.5,0.714,14.07,4.04,LANE_A,18569.0,-22.1,88.4,CRUISE_LOITER,1.0,0,500.0,-0.21,0.03,0.14,-0.34,-0.39,1.83,0.91,-0.12,0.01,0.05,-0.1,-0.15,-0.008,-0.03,0.0438,0
4.0,5171.1,2128.0,71.9,87.6,90.27,86.84,89.68,783.41,787.29,782.21,786.52,4.74,66.24,12.45,2.96,43.88,0.735,14.09,4.09,LANE_A,18570.0,-22.1,88.4,CRUISE_LOITER,1.0,0,500.0,0.02,0.19,-0.24,0.1,2.85,1.73,-0.35,0.96,-0.03,-0.19,-0.09,0.23,0.013,-0.01,0.0656,0
4.05,5148.5,2118.7,72.0,87.53,89.96,87.18,89.34,781.81,784.32,783.76,785.2,4.78,66.19,12.64,2.98,43.46,0.696,14.11,4.03,LANE_A,18571.0,-22.1,88.4,CRUISE_LOITER,1.0,0,500.0,-0.04,-0.11,0.11,-0.23,1.25,-1.24,1.2,-0.36,0.01,-0.24,0.1,-0.19,-0.026,0.01,0.039,0
4.1000000000000005,5170.7,2127.8,72.0,87.58,89.95,87.01,89.42,781.2,786.53,782.23,787.78,4.79,66.22,12.51,3.03,43.59,0.707,14.11,4.08,LANE_A,18572.0,-22.1,88.4,CRUISE_LOITER,1.0,0,500.0,0.01,-0.12,-0.06,-0.15,0.64,0.97,-0.33,2.22,0.02,-0.21,-0.03,-0.06,-0.015,0.01,0.0506,0
4.15,5153.4,2120.7,72.3,87.71,90.22,87.32,89.44,781.74,784.64,783.38,786.34,4.76,66.3,12.59,3.02,43.54,0.734,14.09,4.13,LANE_A,18573.0,-22.1,88.4,CRUISE_LOITER,1.0,0,500.0,0.14,0.15,0.25,-0.13,1.18,-0.92,0.82,0.78,-0.01,-0.13,0.05,-0.11,0.012,-0.01,0.0299,0
4.2,5141.7,2115.9,72.2,87.64,89.7,87.0,89.8,778.69,786.72,780.06,784.12,4.78,66.58,12.67,2.99,43.63,0.697,14.1,4.01,LANE_A,18573.0,-22.1,88.4,CRUISE_LOITER,1.0,0,500.0,0.07,-0.37,-0.07,0.23,-1.87,1.16,-2.5,-1.44,0.01,0.16,0.13,-0.02,-0.025,0.0,0.0596,0
4.25,5153.8,2120.9,72.0,87.69,89.83,86.91,89.6,779.15,786.29,782.4,785.32,4.76,66.38,12.57,3.01,43.59,0.686,14.12,4.09,LANE_A,18574.0,-22.1,88.4,CRUISE_LOITER,1.0,0,500.0,0.13,-0.23,-0.15,0.04,-1.41,0.73,-0.16,-0.24,-0.01,-0.04,0.03,-0.06,-0.036,0.02,0.0496,0
4.3,5162.6,2124.5,72.4,87.49,90.13,87.08,89.8,782.55,784.28,782.26,786.29,4.76,66.5,12.59,2.97,43.64,0.692,14.11,3.98,LANE_A,18575.0,-22.2,88.4,CRUISE_LOITER,1.0,0,500.0,-0.07,0.07,0.02,0.24,2.0,-1.27,-0.29,0.74,-0.01,0.08,0.05,0.0,-0.03,0.01,0.0472,0
4.3500000000000005,5140.9,2115.6,72.2,87.32,89.88,87.06,89.46,783.37,786.36,782.66,787.28,4.81,66.44,12.6,2.96,43.8,0.708,14.09,3.9,LANE_A,18576.0,-22.2,88.4,CRUISE_LOITER,1.0,0,500.0,-0.24,-0.18,0.0,-0.1,2.82,0.81,0.11,1.73,0.04,0.02,0.06,0.16,-0.014,-0.01,0.065,0
4.4,5135.8,2113.5,72.1,87.52,89.99,87.36,89.78,782.35,784.49,783.47,786.06,4.77,66.57,12.53,3.02,43.5,0.711,14.06,3.83,LANE_A,18577.0,-22.2,88.4,CRUISE_LOITER,1.0,0,500.0,-0.03,-0.06,0.31,0.23,1.8,-1.06,0.92,0.51,0.0,0.16,-0.01,-0.14,-0.011,-0.04,0.0437,0
4.45,5166.8,2126.3,72.1,87.71,90.11,87.14,89.46,780.01,787.79,784.21,785.08,4.8,66.52,12.54,2.98,43.88,0.757,14.08,4.01,LANE_A,18578.0,-22.2,88.4,CRUISE_LOITER,1.0,0,500.0,0.16,0.06,0.09,-0.09,-0.54,2.24,1.66,-0.47,0.03,0.11,0.0,0.24,0.035,-0.02,0.054,0
4.5,5162.6,2124.5,72.0,87.61,90.18,87.1,89.43,779.19,786.42,782.55,784.32,4.76,66.44,12.62,3.01,43.71,0.698,14.1,4.14,LANE_A,18579.0,-22.2,88.4,CRUISE_LOITER,1.0,0,500.0,0.06,0.13,0.05,-0.12,-1.36,0.87,0.0,-1.23,-0.01,0.03,0.08,0.07,-0.024,0.0,0.0353,0
4.55,5154.1,2121.0,72.3,87.72,90.23,87.14,89.67,780.29,785.96,783.43,784.76,4.77,66.45,12.66,2.98,43.53,0.708,14.08,3.93,LANE_A,18580.0,-22.2,88.5,CRUISE_LOITER,1.0,0,500.0,0.17,0.18,0.09,0.12,-0.26,0.41,0.88,-0.79,0.0,0.04,0.12,-0.11,-0.014,-0.02,0.0298,0
4.6000000000000005,5168.1,2126.8,72.1,87.47,90.03,87.21,89.43,780.4,785.54,781.8,784.05,4.78,66.32,12.6,2.98,43.7,0.711,14.11,4.09,LANE_A,18580.0,-22.2,88.5,CRUISE_LOITER,1.0,0,500.0,-0.07,-0.01,0.17,-0.11,-0.15,-0.01,-0.75,-1.5,0.01,-0.08,0.06,0.06,-0.011,0.01,0.0348,0
4.65,5158.0,2122.6,72.3,87.37,90.13,87.07,89.44,779.82,786.86,783.18,786.32,4.84,66.35,12.58,3.0,43.61,0.734,14.1,4.1,LANE_A,18581.0,-22.2,88.5,CRUISE_LOITER,1.0,0,500.0,-0.17,0.09,0.03,-0.1,-0.73,1.31,0.63,0.77,0.07,-0.05,0.04,-0.03,0.012,0.0,0.0767,0
4.7,5141.2,2115.7,72.2,87.71,89.81,86.76,89.37,780.12,784.92,781.13,786.81,4.79,66.59,12.61,3.0,43.93,0.716,14.1,4.1,LANE_A,18582.0,-22.2,88.5,CRUISE_LOITER,1.0,0,500.0,0.17,-0.23,-0.28,-0.17,-0.42,-0.62,-1.41,1.27,0.02,0.19,0.07,0.3,-0.006,0.0,0.0378,0
4.75,5138.9,2114.8,72.1,87.45,89.98,87.3,89.4,779.66,786.9,779.0,785.22,4.78,66.38,12.65,2.97,43.6,0.725,14.1,4.26,LANE_A,18583.0,-22.2,88.5,CRUISE_LOITER,1.0,0,500.0,-0.08,-0.05,0.27,-0.13,-0.88,1.36,-3.54,-0.32,0.01,-0.01,0.11,-0.03,0.003,0.0,0.0778,0
4.800000000000001,5142.1,2116.1,72.0,87.8,89.93,87.16,89.4,779.2,784.99,784.05,787.89,4.79,66.55,12.5,3.04,43.7,0.717,14.08,4.14,LANE_A,18584.0,-22.2,88.5,CRUISE_LOITER,1.0,0,500.0,0.27,-0.1,0.13,-0.13,-1.34,-0.55,1.51,2.35,0.02,0.16,-0.04,0.07,-0.005,-0.02,0.0547,0
4.8500000000000005,5162.4,2124.5,72.2,87.88,90.16,86.93,89.68,781.54,786.06,779.83,785.78,4.77,66.46,12.62,3.01,43.51,0.698,14.13,4.13,LANE_A,18585.0,-22.2,88.5,CRUISE_LOITER,1.0,0,500.0,0.35,0.13,-0.1,0.15,1.0,0.52,-2.71,0.24,0.0,0.07,0.08,-0.12,-0.024,0.03,0.062,0
4.9,5156.5,2122.0,72.1,87.8,90.14,87.13,89.39,780.51,786.26,782.13,785.35,4.77,66.28,12.56,3.0,43.49,0.72,14.15,4.17,LANE_A,18586.0,-22.2,88.5,CRUISE_LOITER,1.0,0,500.0,0.27,0.11,0.1,-0.14,-0.03,0.72,-0.41,-0.19,0.0,-0.11,0.02,-0.14,-0.002,0.05,0.0483,0
4.95,5155.0,2121.4,71.6,87.4,90.5,86.74,89.48,780.79,785.45,780.47,784.15,4.79,66.03,12.61,3.01,43.69,0.716,14.12,4.1,LANE_A,18587.0,-22.2,88.5,CRUISE_LOITER,1.0,0,500.0,-0.12,0.48,-0.28,-0.04,0.25,-0.09,-2.07,-1.39,0.02,-0.35,0.07,0.06,-0.006,0.02,0.0497,0
5.0,5163.7,2125.0,71.9,87.7,89.89,87.12,89.6,778.46,782.9,782.55,785.69,4.71,66.32,12.55,2.97,43.61,0.72,14.12,4.23,LANE_A,18587.0,-22.2,88.5,CRUISE_LOITER,1.0,0,500.0,0.18,-0.13,0.1,0.08,-2.08,-2.64,0.01,0.15,-0.06,-0.06,0.01,-0.02,-0.002,0.02,0.0692,0
5.050000000000001,5158.0,2122.6,72.3,87.46,90.17,86.92,89.64,779.47,785.96,782.52,784.71,4.77,66.16,12.29,2.98,43.65,0.738,14.07,4.1,LANE_A,18588.0,-22.2,88.5,CRUISE_LOITER,1.0,0,500.0,-0.06,0.15,-0.1,0.12,-1.07,0.42,-0.02,-0.83,0.0,-0.22,-0.25,0.02,0.016,-0.03,0.0568,0
5.1000000000000005,5144.7,2117.1,72.3,87.6,90.05,87.26,89.7,781.2,785.04,783.31,784.65,4.75,66.37,12.49,2.99,43.71,0.715,14.08,4.26,LANE_A,18589.0,-22.2,88.5,CRUISE_LOITER,1.0,0,500.0,0.08,0.03,0.24,0.18,0.67,-0.49,0.78,-0.88,-0.02,-0.01,-0.05,0.09,-0.007,-0.02,0.0259,0
5.15,5154.2,2121.1,71.8,87.75,89.9,86.71,89.25,781.72,785.2,783.23,783.79,4.78,66.41,12.5,2.99,43.51,0.719,14.08,4.21,LANE_A,18590.0,-22.2,88.5,CRUISE_LOITER,1.0,0,500.0,0.24,-0.11,-0.3,-0.26,1.19,-0.33,0.7,-1.74,0.01,0.04,-0.04,-0.11,-0.003,-0.02,0.0418,0
5.2,5149.3,2119.0,72.3,87.56,89.87,86.96,89.1,780.15,787.71,782.14,784.69,4.77,66.32,12.56,3.02,43.64,0.73,14.11,4.12,LANE_A,18591.0,-22.2,88.5,CRUISE_LOITER,1.0,0,500.0,0.05,-0.14,-0.05,-0.41,-0.38,2.18,-0.39,-0.84,0.0,-0.05,0.02,0.02,0.008,0.01,0.0496,0
5.25,5163.2,2124.8,72.3,87.1,89.97,86.92,89.4,782.98,787.04,782.4,786.42,4.8,66.52,12.59,3.0,43.78,0.717,14.08,4.03,LANE_A,18592.0,-22.2,88.5,CRUISE_LOITER,1.0,0,500.0,-0.41,-0.04,-0.09,-0.11,2.45,1.51,-0.13,0.89,0.03,0.15,0.05,0.16,-0.005,-0.02,0.0573,0
5.300000000000001,5148.6,2118.7,72.3,87.82,89.97,87.02,89.41,780.16,784.95,780.05,785.39,4.81,66.35,12.54,3.0,43.55,0.709,14.06,4.09,LANE_A,18593.0,-22.2,88.5,CRUISE_LOITER,1.0,0,500.0,0.32,-0.03,0.02,-0.09,-0.37,-0.58,-2.48,-0.14,0.04,-0.02,0.0,-0.07,-0.013,-0.04,0.0578,0
5.3500000000000005,5160.4,2123.6,72.5,87.37,90.04,87.12,89.22,780.48,785.31,780.67,785.4,4.77,66.19,12.54,2.99,43.43,0.714,14.11,4.32,LANE_A,18594.0,-22.2,88.5,CRUISE_LOITER,1.0,0,500.0,-0.13,0.04,0.12,-0.28,-0.05,-0.22,-1.86,-0.13,-0.01,-0.17,0.0,-0.19,-0.008,0.01,0.0427,0
5.4,5144.7,2117.2,72.0,87.38,89.97,87.14,89.34,780.12,786.17,783.18,784.74,4.77,66.29,12.66,2.99,43.32,0.705,14.1,4.3,LANE_A,18594.0,-22.2,88.5,CRUISE_LOITER,1.0,0,500.0,-0.12,-0.03,0.14,-0.16,-0.41,0.64,0.65,-0.79,-0.01,-0.07,0.12,-0.3,-0.017,0.0,0.0363,0
5.45,5142.1,2116.1,72.3,87.58,90.18,87.32,89.62,781.36,785.67,782.47,785.21,4.76,66.2,12.51,3.01,43.51,0.751,14.1,4.01,LANE_A,18595.0,-22.2,88.5,CRUISE_LOITER,1.0,0,500.0,0.08,0.18,0.32,0.12,0.84,0.15,-0.05,-0.31,-0.02,-0.16,-0.03,-0.11,0.029,0.0,0.0408,0
5.5,5152.3,2120.3,71.9,87.73,90.16,87.23,89.65,780.17,785.87,780.69,786.15,4.82,66.18,12.5,3.0,43.71,0.732,14.07,4.06,LANE_A,18596.0,-22.2,88.5,CRUISE_LOITER,1.0,0,500.0,0.24,0.17,0.24,0.16,-0.35,0.35,-1.83,0.63,0.04,-0.18,-0.04,0.09,0.01,-0.03,0.0479,0
5.550000000000001,5146.5,2117.9,72.2,87.32,90.04,87.15,89.41,780.83,786.74,781.96,785.76,4.77,66.51,12.52,2.99,43.63,0.707,14.06,4.03,LANE_A,18597.0,-22.2,88.6,CRUISE_LOITER,1.0,0,500.0,-0.17,0.05,0.16,-0.08,0.31,1.22,-0.56,0.24,-0.01,0.16,-0.02,0.02,-0.015,-0.04,0.0401,0
5.6000000000000005,5166.0,2125.9,72.0,87.78,89.65,87.19,89.75,779.4,786.37,783.36,787.44,4.77,66.39,12.57,2.97,43.6,0.732,14.11,4.07,LANE_A,18598.0,-22.2,88.6,CRUISE_LOITER,1.0,0,500.0,0.29,-0.34,0.2,0.26,-1.12,0.85,0.84,1.92,-0.01,0.04,0.03,-0.01,0.01,0.01,0.0459,0
5.65,5162.6,2124.5,71.9,87.58,89.72,86.85,89.39,779.8,784.35,780.99,786.23,4.8,66.39,12.5,2.99,43.39,0.703,14.11,4.05,LANE_A,18599.0,-22.2,88.6,CRUISE_LOITER,1.0,0,500.0,0.1,-0.26,-0.13,-0.09,-0.72,-1.17,-1.53,0.71,0.02,0.04,-0.04,-0.22,-0.019,0.01,0.038,0
5.7,5148.3,2118.6,72.1,87.39,89.99,86.71,89.51,778.9,783.23,781.68,782.26,4.8,66.48,12.47,3.01,43.64,0.748,14.1,4.05,LANE_A,18600.0,-22.2,88.6,CRUISE_LOITER,1.0,0,500.0,-0.09,0.01,-0.27,0.03,-1.62,-2.29,-0.84,-3.26,0.02,0.14,-0.07,0.03,0.026,0.0,0.0745,0
5.75,5168.5,2127.0,71.9,87.41,89.88,86.8,89.37,782.17,785.85,780.03,785.94,4.74,66.21,12.75,2.99,43.55,0.73,14.07,4.1,LANE_A,18601.0,-22.2,88.6,CRUISE_LOITER,1.0,0,500.0,-0.07,-0.1,-0.18,-0.11,1.65,0.33,-2.49,0.42,-0.04,-0.13,0.21,-0.06,0.008,-0.03,0.0594,0
5.800000000000001,5181.5,2132.3,72.1,87.45,90.01,87.01,89.19,782.59,788.41,782.7,785.69,4.79,66.06,12.67,2.99,43.49,0.704,14.1,4.14,LANE_A,18601.0,-22.2,88.6,CRUISE_LOITER,1.0,0,500.0,-0.03,0.03,0.03,-0.29,2.07,2.89,0.18,0.17,0.01,-0.28,0.13,-0.12,-0.018,0.0,0.066,0
5.8500000000000005,5153.5,2120.8,72.1,87.39,89.82,87.15,89.55,781.06,786.31,781.51,783.67,4.76,66.23,12.56,2.98,43.47,0.728,14.15,4.04,LANE_A,18602.0,-22.2,88.6,CRUISE_LOITER,1.0,0,500.0,-0.08,-0.15,0.18,0.08,0.55,0.8,-1.0,-1.84,-0.02,-0.11,0.03,-0.14,0.006,0.05,0.0505,0
5.9,5155.0,2121.4,71.8,87.48,90.03,87.17,89.29,781.74,787.66,781.34,783.88,4.77,66.49,12.58,2.99,43.49,0.721,14.08,3.88,LANE_A,18603.0,-22.2,88.6,CRUISE_LOITER,1.0,0,500.0,0.01,0.06,0.2,-0.18,1.23,2.15,-1.17,-1.63,-0.01,0.16,0.05,-0.12,-0.001,-0.02,0.0507,0
5.95,5148.7,2118.8,72.0,87.4,90.11,86.86,89.37,780.9,783.27,781.3,784.34,4.78,66.33,12.4,3.02,43.51,0.726,14.09,4.11,LANE_A,18604.0,-22.2,88.6,CRUISE_LOITER,1.0,0,500.0,-0.07,0.14,-0.11,-0.1,0.39,-2.24,-1.21,-1.17,0.0,0.0,-0.13,-0.09,0.004,-0.01,0.0515,0
6.0,5137.8,2114.3,72.6,87.49,89.76,86.92,89.31,782.41,785.34,781.54,785.17,4.78,66.23,12.48,3.0,43.59,0.723,14.05,4.06,LANE_A,18605.0,-22.2,88.6,CRUISE_LOITER,1.0,0,500.0,0.03,-0.2,-0.04,-0.15,1.9,-0.17,-0.97,-0.34,0.0,-0.1,-0.05,-0.01,0.001,-0.05,0.0496,0
6.050000000000001,5147.7,2118.4,71.9,87.46,89.83,86.71,89.44,781.33,785.98,782.86,784.81,4.75,66.22,12.54,3.02,43.55,0.74,14.13,4.18,LANE_A,18606.0,-22.2,88.6,CRUISE_LOITER,1.0,0,500.0,0.0,-0.13,-0.25,-0.02,0.82,0.47,0.35,-0.7,-0.03,-0.11,0.01,-0.05,0.018,0.03,0.0364,0
6.1000000000000005,5145.0,2117.3,72.4,87.64,90.07,86.82,89.76,783.83,784.78,783.12,787.04,4.77,66.36,12.5,3.05,43.42,0.697,14.09,4.18,LANE_A,18607.0,-22.2,88.6,CRUISE_LOITER,1.0,0,500.0,0.18,0.11,-0.14,0.3,3.32,-0.73,0.61,1.53,-0.01,0.04,-0.03,-0.18,-0.025,-0.01,0.0744,0
6.15,5162.0,2124.3,71.7,86.92,89.94,86.85,89.7,783.22,786.41,781.19,784.9,4.83,66.38,12.59,2.98,43.66,0.724,14.15,3.83,LANE_A,18608.0,-22.2,88.6,CRUISE_LOITER,1.0,0,500.0,-0.54,-0.02,-0.11,0.24,2.71,0.9,-1.32,-0.61,0.05,0.06,0.06,0.06,0.002,0.05,0.0651,0
6.2,5162.4,2124.5,72.0,87.2,90.15,86.84,89.57,779.99,788.28,781.3,784.66,4.79,66.31,12.45,2.97,43.54,0.729,14.07,3.8,LANE_A,18608.0,-22.2,88.6,CRUISE_LOITER,1.0,0,500.0,-0.25,0.2,-0.11,0.12,-0.51,2.78,-1.2,-0.84,0.01,-0.01,-0.08,-0.06,0.007,-0.03,0.0629,0
6.25,5166.3,2126.0,72.0,87.27,90.12,86.9,89.24,780.85,785.84,782.73,786.21,4.75,66.17,12.42,3.0,43.68,0.724,14.09,4.07,LANE_A,18609.0,-22.2,88.6,CRUISE_LOITER,1.0,0,500.0,-0.18,0.17,-0.05,-0.21,0.35,0.34,0.23,0.71,-0.03,-0.15,-0.11,0.08,0.002,-0.01,0.0357,0
6.300000000000001,5141.3,2115.8,72.0,87.78,89.73,87.15,90.1,780.99,784.71,782.15,784.5,4.77,66.44,12.47,2.98,43.51,0.711,14.09,4.2,LANE_A,18610.0,-22.2,88.6,CRUISE_LOITER,1.0,0,500.0,0.33,-0.22,0.2,0.65,0.49,-0.79,-0.35,-1.0,-0.01,0.13,-0.06,-0.09,-0.011,-0.01,0.0558,0
6.3500000000000005,5156.9,2122.2,72.5,87.17,89.93,87.07,89.54,781.19,786.29,782.58,783.63,4.77,66.36,12.45,2.97,43.65,0.698,14.1,4.1,LANE_A,18611.0,-22.2,88.6,CRUISE_LOITER,1.0,0,500.0,-0.27,-0.01,0.13,0.1,0.69,0.79,0.08,-1.87,-0.01,0.05,-0.08,0.06,-0.024,0.0,0.0439,0
6.4,5154.5,2121.2,72.4,87.35,89.86,86.93,89.42,781.7,784.36,782.96,786.21,4.81,66.48,12.5,3.02,43.68,0.726,14.08,4.04,LANE_A,18612.0,-22.2,88.6,CRUISE_LOITER,1.0,0,500.0,-0.09,-0.08,-0.01,-0.02,1.2,-1.14,0.46,0.71,0.03,0.17,-0.03,0.09,0.004,-0.02,0.0361,0
6.45,5154.8,2121.3,72.0,87.24,90.05,87.13,89.32,780.96,785.4,785.08,784.47,4.82,66.34,12.5,2.99,43.78,0.721,14.07,4.14,LANE_A,18613.0,-22.2,88.6,CRUISE_LOITER,1.0,0,500.0,-0.2,0.11,0.19,-0.12,0.46,-0.1,2.58,-1.03,0.04,0.03,-0.03,0.19,-0.001,-0.03,0.0597,0
6.5,5168.1,2126.8,72.3,87.46,89.86,86.95,89.46,781.1,783.83,783.63,785.72,4.82,66.31,12.51,3.01,43.69,0.727,14.08,3.89,LANE_A,18614.0,-22.2,88.6,CRUISE_LOITER,1.0,0,500.0,0.02,-0.08,0.01,0.02,0.6,-1.67,1.13,0.22,0.04,0.01,-0.02,0.1,0.005,-0.02,0.0466,0
6.550000000000001,5153.7,2120.9,72.1,87.47,89.93,87.15,89.67,780.04,785.74,782.56,786.98,4.75,66.29,12.49,2.95,43.57,0.737,14.08,4.05,LANE_A,18615.0,-22.2,88.7,CRUISE_LOITER,1.0,0,500.0,0.04,0.0,0.22,0.24,-0.46,0.24,0.06,1.48,-0.03,-0.01,-0.04,-0.02,0.015,-0.02,0.0365,0
6.6000000000000005,5142.8,2116.4,72.3,87.61,89.95,86.89,89.17,779.86,786.31,780.62,785.48,4.79,66.23,12.56,3.0,43.58,0.713,14.09,4.22,LANE_A,18615.0,-22.2,88.7,CRUISE_LOITER,1.0,0,500.0,0.18,0.02,-0.04,-0.26,-0.63,0.82,-1.87,-0.01,0.01,-0.07,0.03,-0.01,-0.009,-0.01,0.0429,0
6.65,5146.6,2117.9,72.0,86.91,90.38,86.9,89.61,780.33,785.04,781.93,787.0,4.78,66.41,12.51,2.98,43.69,0.735,14.12,4.08,LANE_A,18616.0,-22.2,88.7,CRUISE_LOITER,1.0,0,500.0,-0.52,0.45,-0.03,0.18,-0.16,-0.45,-0.56,1.51,0.0,0.11,-0.02,0.1,0.013,0.02,0.0465,0
6.7,5130.8,2111.4,72.2,87.41,89.93,86.96,89.55,782.18,785.42,784.05,788.51,4.73,66.39,12.57,3.01,43.54,0.723,14.12,4.09,LANE_A,18617.0,-22.2,88.7,CRUISE_LOITER,1.0,0,500.0,-0.01,0.01,0.04,0.13,1.69,-0.07,1.56,3.02,-0.05,0.1,0.04,-0.05,0.001,0.02,0.0695,0
6.75,5159.6,2123.3,72.0,87.77,90.1,86.61,89.42,781.04,784.94,782.76,786.54,4.77,66.24,12.43,2.97,43.55,0.753,14.08,4.11,LANE_A,18618.0,-22.2,88.7,CRUISE_LOITER,1.0,0,500.0,0.35,0.18,-0.31,0.0,0.55,-0.55,0.27,1.05,-0.01,-0.05,-0.1,-0.03,0.031,-0.02,0.0445,0
6.800000000000001,5146.2,2117.8,72.0,87.57,89.92,86.88,89.65,782.04,785.0,783.09,786.8,4.75,66.37,12.52,2.99,43.72,0.709,14.09,3.97,LANE_A,18619.0,-22.2,88.7,CRUISE_LOITER,1.0,0,500.0,0.15,0.0,-0.04,0.23,1.55,-0.49,0.6,1.31,-0.03,0.08,-0.01,0.14,-0.013,-0.01,0.0381,0
6.8500000000000005,5133.8,2112.7,72.3,87.66,90.17,87.05,89.23,780.33,786.65,781.9,784.07,4.77,66.11,12.36,3.01,43.54,0.724,14.09,4.16,LANE_A,18620.0,-22.2,88.7,CRUISE_LOITER,1.0,0,500.0,0.24,0.25,0.13,-0.19,-0.16,1.16,-0.59,-1.42,-0.01,-0.17,-0.17,-0.04,0.002,-0.01,0.0411,0
6.9,5154.6,2121.2,72.3,87.53,89.93,86.8,89.7,777.59,785.5,783.05,785.08,4.81,66.27,12.51,2.95,43.68,0.73,14.11,4.2,LANE_A,18621.0,-22.2,88.7,CRUISE_LOITER,1.0,0,500.0,0.12,0.02,-0.11,0.29,-2.9,0.01,0.56,-0.41,0.03,-0.01,-0.02,0.1,0.008,0.01,0.0646,0
6.95,5156.9,2122.2,71.9,87.66,90.28,86.96,89.44,781.78,785.82,783.07,783.94,4.76,66.19,12.35,3.03,43.42,0.72,14.09,4.04,LANE_A,18622.0,-22.2,88.7,CRUISE_LOITER,1.0,0,500.0,0.25,0.37,0.05,0.03,1.3,0.34,0.59,-1.54,-0.02,-0.09,-0.18,-0.16,-0.002,-0.01,0.044,0
7.0,5179.2,2131.4,72.3,87.41,89.97,86.93,89.1,780.98,784.43,781.98,784.9,4.79,66.14,12.73,3.0,43.41,0.724,14.12,4.14,LANE_A,18622.0,-22.2,88.7,CRUISE_LOITER,1.0,0,500.0,0.0,0.06,0.02,-0.31,0.5,-1.05,-0.5,-0.58,0.01,-0.14,0.2,-0.17,0.002,0.02,0.0464,0
7.050000000000001,5149.8,2119.3,72.4,87.42,89.73,87.2,88.96,781.06,783.87,782.81,785.52,4.78,66.5,12.6,3.02,43.73,0.707,14.11,4.03,LANE_A,18623.0,-22.2,88.7,CRUISE_LOITER,1.0,0,500.0,0.02,-0.17,0.3,-0.44,0.58,-1.61,0.33,0.04,0.0,0.23,0.07,0.15,-0.015,0.01,0.0402,0
7.1000000000000005,5184.1,2133.4,72.5,87.51,89.95,86.92,89.25,779.76,787.64,781.86,785.88,4.8,66.19,12.46,3.0,43.58,0.736,14.08,4.16,LANE_A,18624.0,-22.2,88.7,CRUISE_LOITER,1.0,0,500.0,0.11,0.05,0.02,-0.15,-0.72,2.16,-0.62,0.4,0.02,-0.08,-0.07,0.0,0.014,-0.02,0.0494,0
7.15,5162.5,2124.5,72.1,87.63,89.83,86.98,88.86,779.73,784.57,781.61,784.89,4.78,66.45,12.6,3.02,43.56,0.683,14.08,4.14,LANE_A,18625.0,-22.3,88.7,CRUISE_LOITER,1.0,0,500.0,0.23,-0.07,0.08,-0.54,-0.75,-0.91,-0.87,-0.59,0.0,0.18,0.07,-0.02,-0.039,-0.02,0.0548,0
7.2,5174.5,2129.4,72.4,87.51,89.66,86.78,89.5,779.86,785.25,782.37,785.59,4.77,66.13,12.4,2.99,43.52,0.766,14.12,4.27,LANE_A,18626.0,-22.3,88.7,CRUISE_LOITER,1.0,0,500.0,0.11,-0.24,-0.12,0.1,-0.62,-0.23,-0.11,0.11,-0.01,-0.14,-0.13,-0.05,0.044,0.02,0.0592,0
7.25,5138.0,2114.4,72.1,87.17,89.68,86.64,89.65,779.53,785.93,783.24,783.69,4.74,66.01,12.53,3.02,43.64,0.728,14.09,4.04,LANE_A,18627.0,-22.3,88.7,CRUISE_LOITER,1.0,0,500.0,-0.22,-0.21,-0.25,0.26,-0.95,0.45,0.76,-1.79,-0.04,-0.25,0.0,0.07,0.006,-0.01,0.0479,0
7.300000000000001,5160.4,2123.6,72.1,87.74,90.04,86.68,89.59,779.93,785.46,782.24,786.29,4.81,66.18,12.52,2.95,43.64,0.756,14.12,3.9,LANE_A,18628.0,-22.3,88.7,CRUISE_LOITER,1.0,0,500.0,0.35,0.15,-0.21,0.2,-0.55,-0.02,-0.24,0.81,0.03,-0.08,-0.01,0.07,0.034,0.02,0.0481,0
7.3500000000000005,5131.5,2111.7,71.8,87.46,89.78,87.09,89.69,780.21,785.61,783.5,784.12,4.8,66.54,12.59,2.97,43.46,0.748,14.09,3.98,LANE_A,18629.0,-22.3,88.7,CRUISE_LOITER,1.0,0,500.0,0.07,-0.11,0.2,0.3,-0.26,0.14,1.03,-1.35,0.02,0.28,0.06,-0.11,0.026,-0.01,0.0385,0
7.4,5156.1,2121.8,72.4,87.1,89.63,86.9,89.49,778.09,786.42,783.7,785.83,4.77,66.55,12.42,2.98,43.35,0.703,14.1,4.09,LANE_A,18629.0,-22.3,88.7,CRUISE_LOITER,1.0,0,500.0,-0.28,-0.25,0.02,0.11,-2.38,0.95,1.23,0.36,-0.01,0.29,-0.11,-0.22,-0.019,0.0,0.0557,0
7.45,5170.8,2127.9,72.0,87.34,90.02,87.18,89.21,780.76,784.15,784.4,785.31,4.79,66.12,12.5,3.0,43.82,0.727,14.1,4.02,LANE_A,18630.0,-22.3,88.7,CRUISE_LOITER,1.0,0,500.0,-0.04,0.14,0.3,-0.17,0.29,-1.32,1.93,-0.16,0.01,-0.13,-0.03,0.25,0.005,0.0,0.0453,0
7.5,5134.7,2113.0,72.5,87.23,89.74,86.82,89.44,780.31,787.37,783.03,786.08,4.81,66.08,12.61,3.0,43.48,0.725,14.1,4.04,LANE_A,18631.0,-22.3,88.7,CRUISE_LOITER,1.0,0,500.0,-0.15,-0.14,-0.06,0.06,-0.16,1.9,0.56,0.61,0.03,-0.17,0.08,-0.09,0.003,0.0,0.0442,0
7.550000000000001,5169.3,2127.3,71.8,87.51,89.98,87.07,89.42,780.84,785.73,783.16,784.83,4.75,65.95,12.42,2.97,43.6,0.724,14.09,3.88,LANE_A,18632.0,-22.3,88.8,CRUISE_LOITER,1.0,0,500.0,0.13,0.1,0.19,0.04,0.37,0.26,0.69,-0.64,-0.03,-0.3,-0.11,0.03,0.002,-0.01,0.0357,0
7.6000000000000005,5143.1,2116.5,72.5,87.14,89.79,86.91,89.69,780.7,784.87,783.18,784.95,4.77,66.46,12.56,2.98,43.53,0.702,14.07,3.95,LANE_A,18633.0,-22.3,88.8,CRUISE_LOITER,1.0,0,500.0,-0.23,-0.08,0.04,0.32,0.23,-0.6,0.71,-0.52,-0.01,0.21,0.03,-0.03,-0.02,-0.03,0.0321,0
7.65,5149.3,2119.1,72.4,87.47,90.04,86.93,88.99,779.54,786.32,782.01,783.15,4.78,66.18,12.46,3.0,43.67,0.705,14.11,4.06,LANE_A,18634.0,-22.3,88.8,CRUISE_LOITER,1.0,0,500.0,0.1,0.17,0.06,-0.38,-0.93,0.85,-0.46,-2.32,0.0,-0.06,-0.07,0.11,-0.017,0.01,0.0534,0
7.7,5152.8,2120.5,72.1,86.88,89.78,86.95,89.4,781.51,783.76,782.8,787.38,4.79,66.14,12.47,3.0,43.53,0.762,14.09,4.01,LANE_A,18635.0,-22.3,88.8,CRUISE_LOITER,1.0,0,500.0,-0.49,-0.09,0.08,0.03,1.04,-1.71,0.33,1.91,0.01,-0.1,-0.06,-0.03,0.04,-0.01,0.057,0
7.75,5157.7,2122.5,72.5,87.72,89.77,86.93,89.69,780.12,786.3,779.97,785.07,4.75,65.91,12.5,2.97,43.53,0.717,14.11,3.9,LANE_A,18636.0,-22.3,88.8,CRUISE_LOITER,1.0,0,500.0,0.35,-0.1,0.06,0.32,-0.34,0.84,-2.49,-0.39,-0.03,-0.33,-0.03,-0.03,-0.005,0.01,0.0574,0
7.800000000000001,5143.1,2116.5,72.3,87.53,89.68,86.96,89.66,780.61,783.8,782.82,784.39,4.82,66.36,12.52,3.03,43.33,0.723,14.09,4.07,LANE_A,18636.0,-22.3,88.8,CRUISE_LOITER,1.0,0,500.0,0.17,-0.18,0.1,0.3,0.15,-1.66,0.36,-1.07,0.04,0.12,-0.01,-0.23,0.001,-0.01,0.0475,0
7.8500000000000005,5165.3,2125.7,72.2,87.31,89.6,86.79,89.46,780.04,784.52,781.88,784.7,4.77,66.33,12.48,2.97,43.5,0.73,14.1,3.96,LANE_A,18637.0,-22.3,88.8,CRUISE_LOITER,1.0,0,500.0,-0.05,-0.26,-0.07,0.1,-0.42,-0.94,-0.58,-0.76,-0.01,0.1,-0.04,-0.06,0.008,0.0,0.0243,0
7.9,5141.9,2116.0,72.1,87.39,89.58,86.94,89.26,779.99,786.25,782.03,786.04,4.83,66.39,12.5,3.0,43.52,0.692,14.08,3.95,LANE_A,18638.0,-22.3,88.8,CRUISE_LOITER,1.0,0,500.0,0.03,-0.28,0.08,-0.1,-0.47,0.79,-0.43,0.58,0.05,0.16,-0.02,-0.04,-0.03,-0.02,0.0573,0
7.95,5148.1,2118.5,72.1,86.84,89.61,86.71,89.18,780.42,784.84,782.03,785.18,4.83,66.2,12.48,3.02,43.54,0.73,14.12,4.13,LANE_A,18639.0,-22.3,88.8,CRUISE_LOITER,1.0,0,500.0,-0.51,-0.24,-0.14,-0.17,-0.04,-0.62,-0.43,-0.28,0.05,-0.03,-0.04,-0.02,0.008,0.02,0.0572,0
8.0,5146.4,2117.9,72.3,87.24,90.02,87.0,89.3,780.97,785.68,780.51,785.87,4.75,65.97,12.52,2.99,43.6,0.729,14.11,3.95,LANE_A,18640.0,-22.3,88.8,CRUISE_LOITER,1.0,0,500.0,-0.11,0.17,0.15,-0.05,0.51,0.22,-1.95,0.41,-0.03,-0.25,0.0,0.05,0.007,0.01,0.0451,0
8.05,5156.7,2122.1,72.4,87.82,89.61,86.76,89.29,778.48,785.82,780.94,785.93,4.73,66.26,12.69,3.02,43.74,0.733,14.1,4.14,LANE_A,18641.0,-22.3,88.8,CRUISE_LOITER,1.0,0,500.0,0.47,-0.24,-0.09,-0.06,-1.98,0.36,-1.52,0.47,-0.05,0.04,0.17,0.19,0.011,0.0,0.0598,0
8.1,5136.7,2113.8,72.3,87.13,89.93,87.01,89.51,781.55,785.3,783.32,785.02,4.77,66.39,12.43,3.0,43.57,0.705,14.09,4.22,LANE_A,18642.0,-22.3,88.8,CRUISE_LOITER,1.0,0,500.0,-0.22,0.08,0.16,0.16,1.1,-0.15,0.87,-0.43,-0.01,0.17,-0.09,0.02,-0.017,-0.01,0.028,0
8.15,5144.6,2117.1,72.0,87.43,89.62,87.02,89.46,780.83,784.62,781.78,787.71,4.75,66.52,12.69,2.97,43.65,0.734,14.09,4.02,LANE_A,18643.0,-22.3,88.8,CRUISE_LOITER,1.0,0,500.0,0.09,-0.22,0.18,0.12,0.38,-0.83,-0.67,2.26,-0.03,0.3,0.17,0.1,0.012,-0.01,0.0534,0
8.200000000000001,5156.5,2122.0,72.2,87.1,89.75,86.76,89.4,780.52,782.66,781.61,786.87,4.75,66.18,12.43,3.03,43.74,0.702,14.12,4.03,LANE_A,18643.0,-22.3,88.8,CRUISE_LOITER,1.0,0,500.0,-0.24,-0.09,-0.08,0.06,0.07,-2.79,-0.84,1.42,-0.03,-0.03,-0.09,0.19,-0.02,0.02,0.0641,0
8.25,5150.9,2119.7,72.3,87.38,89.78,86.85,89.35,780.78,786.03,782.21,783.83,4.78,66.29,12.5,3.0,43.49,0.717,14.09,3.98,LANE_A,18644.0,-22.3,88.8,CRUISE_LOITER,1.0,0,500.0,0.04,-0.06,0.01,0.01,0.33,0.58,-0.24,-1.62,0.0,0.08,-0.02,-0.06,-0.005,-0.01,0.0363,0
8.3,5148.5,2118.7,72.4,87.46,89.81,86.75,89.43,779.34,786.74,782.49,784.31,4.81,66.26,12.51,2.97,43.58,0.73,14.09,3.94,LANE_A,18645.0,-22.3,88.8,CRUISE_LOITER,1.0,0,500.0,0.13,-0.02,-0.08,0.1,-1.11,1.29,0.04,-1.14,0.03,0.05,-0.01,0.03,0.008,-0.01,0.0362,0
8.35,5147.5,2118.3,72.3,87.18,89.88,86.89,89.46,780.93,785.59,784.04,784.98,4.77,66.14,12.58,2.97,43.61,0.742,14.1,4.23,LANE_A,18646.0,-22.3,88.8,CRUISE_LOITER,1.0,0,500.0,-0.15,0.05,0.06,0.13,0.48,0.14,1.59,-0.47,-0.01,-0.07,0.06,0.06,0.02,0.0,0.0371,0
8.4,5155.4,2121.6,72.1,87.48,89.51,86.9,89.24,781.38,785.11,779.93,784.03,4.76,65.82,12.54,3.03,43.51,0.728,14.12,4.05,LANE_A,18647.0,-22.3,88.8,CRUISE_LOITER,1.0,0,500.0,0.15,-0.32,0.07,-0.09,0.93,-0.34,-2.52,-1.42,-0.02,-0.38,0.02,-0.04,0.006,0.02,0.0581,0
8.450000000000001,5175.0,2129.6,72.2,87.32,89.65,86.71,89.04,779.84,782.66,781.44,784.13,4.78,66.14,12.49,3.03,43.63,0.715,14.08,4.07,LANE_A,18648.0,-22.3,88.8,CRUISE_LOITER,1.0,0,500.0,-0.01,-0.18,-0.12,-0.29,-0.61,-2.79,-1.01,-1.32,0.0,-0.06,-0.03,0.09,-0.007,-0.02,0.0628,0
8.5,5141.4,2115.8,72.0,87.08,89.77,86.57,89.1,779.92,784.29,782.11,787.54,4.78,66.19,12.32,3.0,43.87,0.741,14.1,3.97,LANE_A,18649.0,-22.3,88.8,CRUISE_LOITER,1.0,0,500.0,-0.24,-0.05,-0.25,-0.22,-0.52,-1.15,-0.33,2.1,0.0,-0.01,-0.2,0.33,0.019,0.0,0.051,0
8.55,5157.1,2122.3,72.2,87.45,89.67,86.87,89.55,780.29,785.11,783.6,784.9,4.8,66.19,12.42,3.0,43.62,0.723,14.06,4.03,LANE_A,18650.0,-22.3,88.9,CRUISE_LOITER,1.0,0,500.0,0.13,-0.15,0.05,0.23,-0.15,-0.33,1.16,-0.54,0.02,-0.01,-0.1,0.08,0.001,-0.04,0.0406,0
8.6,5151.7,2120.0,72.1,87.24,89.65,86.88,89.15,778.58,783.72,782.8,784.29,4.74,66.19,12.46,3.02,43.54,0.711,14.14,4.11,LANE_A,18650.0,-22.3,88.9,CRUISE_LOITER,1.0,0,500.0,-0.08,-0.17,0.06,-0.17,-1.86,-1.72,0.36,-1.15,-0.04,0.0,-0.06,0.0,-0.011,0.04,0.0492,0
8.65,5156.4,2122.0,72.4,87.31,90.07,86.59,89.71,782.85,785.38,783.13,785.75,4.79,65.85,12.48,2.96,43.51,0.731,14.12,4.07,LANE_A,18651.0,-22.3,88.9,CRUISE_LOITER,1.0,0,500.0,0.0,0.26,-0.22,0.4,2.41,-0.06,0.69,0.31,0.01,-0.34,-0.04,-0.03,0.009,0.02,0.0554,0
8.700000000000001,5136.2,2113.7,72.4,87.22,89.8,86.84,88.97,780.43,785.48,783.58,787.05,4.83,66.31,12.42,2.99,43.46,0.736,14.11,3.98,LANE_A,18652.0,-22.3,88.9,CRUISE_LOITER,1.0,0,500.0,-0.09,-0.01,0.03,-0.34,-0.01,0.04,1.14,1.61,0.05,0.12,-0.1,-0.08,0.014,0.01,0.0576,0
8.75,5147.0,2118.1,72.2,87.29,89.86,86.91,89.36,780.34,785.07,783.26,784.78,4.81,66.28,12.5,3.02,43.53,0.725,14.12,4.02,LANE_A,18653.0,-22.3,88.9,CRUISE_LOITER,1.0,0,500.0,-0.02,0.05,0.1,0.05,-0.1,-0.37,0.82,-0.66,0.03,0.09,-0.02,-0.01,0.003,0.02,0.0347,0
8.8,5157.0,2122.2,72.4,87.19,89.85,86.94,89.26,779.61,783.54,781.85,785.88,4.85,66.49,12.49,3.04,43.55,0.713,14.09,4.02,LANE_A,18654.0,-22.3,88.9,CRUISE_LOITER,1.0,0,500.0,-0.12,0.04,0.13,-0.05,-0.83,-1.9,-0.59,0.44,0.07,0.31,-0.03,0.01,-0.009,-0.01,0.0773,0
8.85,5161.1,2123.9,72.4,87.4,89.98,87.03,89.24,779.94,783.46,780.04,785.81,4.8,66.36,12.52,3.02,43.68,0.747,14.12,4.22,LANE_A,18655.0,-22.3,88.9,CRUISE_LOITER,1.0,0,500.0,0.1,0.18,0.23,-0.06,-0.49,-1.97,-2.39,0.38,0.02,0.18,0.0,0.15,0.025,0.02,0.0563,0
8.9,5140.0,2115.2,72.2,87.45,89.72,86.64,89.29,780.02,784.55,781.32,785.02,4.74,66.16,12.63,3.0,43.56,0.717,14.12,4.0,LANE_A,18656.0,-22.3,88.9,CRUISE_LOITER,1.0,0,500.0,0.15,-0.08,-0.16,-0.01,-0.41,-0.88,-1.11,-0.41,-0.04,-0.02,0.11,0.03,-0.005,0.02,0.0464,0
8.950000000000001,5154.2,2121.1,72.2,87.33,89.75,86.92,89.37,782.49,787.23,782.11,785.97,4.76,66.18,12.48,2.95,43.51,0.696,14.12,3.98,LANE_A,18657.0,-22.3,88.9,CRUISE_LOITER,1.0,0,500.0,0.03,-0.05,0.12,0.07,2.06,1.8,-0.32,0.54,-0.02,0.0,-0.04,-0.02,-0.026,0.02,0.0489,0
9.0,5175.9,2130.0,72.3,87.19,90.1,86.66,89.35,779.43,784.7,781.7,784.5,4.8,66.05,12.46,3.0,43.58,0.718,14.09,4.03,LANE_A,18657.0,-22.3,88.9,CRUISE_LOITER,1.0,0,500.0,-0.1,0.31,-0.13,0.06,-1.0,-0.73,-0.73,-0.93,0.02,-0.12,-0.06,0.05,-0.004,-0.01,0.0294,0
9.05,5162.0,2124.3,72.3,87.32,89.94,86.82,89.35,778.76,786.54,783.21,786.02,4.75,66.35,12.43,3.03,43.45,0.711,14.11,4.0,LANE_A,18658.0,-22.3,88.9,CRUISE_LOITER,1.0,0,500.0,0.03,0.15,0.03,0.06,-1.67,1.11,0.78,0.59,-0.03,0.18,-0.09,-0.08,-0.011,0.01,0.0404,0
9.1,5149.3,2119.1,72.5,87.12,89.75,87.11,89.24,781.09,784.48,782.22,783.82,4.77,65.96,12.43,2.98,43.4,0.742,14.14,4.2,LANE_A,18659.0,-22.3,88.9,CRUISE_LOITER,1.0,0,500.0,-0.17,-0.04,0.32,-0.05,0.66,-0.95,-0.21,-1.61,-0.01,-0.21,-0.09,-0.13,0.02,0.04,0.0423,0
9.15,5158.8,2123.0,72.4,87.41,90.03,86.81,89.51,781.77,787.86,783.81,783.98,4.78,66.32,12.44,3.02,43.71,0.724,14.09,4.11,LANE_A,18660.0,-22.3,88.9,CRUISE_LOITER,1.0,0,500.0,0.12,0.24,0.02,0.22,1.34,2.43,1.38,-1.45,0.0,0.16,-0.08,0.18,0.002,-0.01,0.0567,0
9.200000000000001,5145.7,2117.6,72.2,87.02,89.89,87.0,89.17,781.18,787.72,780.46,786.71,4.82,66.17,12.43,3.02,43.78,0.713,14.09,4.11,LANE_A,18661.0,-22.3,88.9,CRUISE_LOITER,1.0,0,500.0,-0.26,0.11,0.22,-0.11,0.75,2.29,-1.97,1.28,0.04,0.01,-0.09,0.25,-0.009,-0.01,0.0556,0
9.25,5158.8,2123.0,72.3,87.26,89.78,86.1,89.17,781.91,787.33,781.08,785.59,4.79,66.11,12.49,2.98,43.51,0.726,14.06,3.97,LANE_A,18662.0,-22.3,88.9,CRUISE_LOITER,1.0,0,500.0,-0.02,0.0,-0.68,-0.11,1.49,1.91,-1.34,0.17,0.01,-0.05,-0.03,-0.01,0.004,-0.04,0.0597,0
9.3,5147.7,2118.4,72.4,87.11,89.96,86.8,89.3,779.61,785.85,781.52,786.48,4.79,66.22,12.56,3.02,43.45,0.737,14.1,4.13,LANE_A,18663.0,-22.3,88.9,CRUISE_LOITER,1.0,0,500.0,-0.17,0.18,0.02,0.02,-0.81,0.43,-0.9,1.06,0.01,0.06,0.04,-0.07,0.015,0.0,0.0266,0
9.35,5146.5,2117.9,72.6,87.01,89.79,86.58,89.3,779.95,783.76,784.05,786.1,4.77,65.95,12.52,2.96,43.55,0.717,14.11,4.12,LANE_A,18664.0,-22.3,88.9,CRUISE_LOITER,1.0,0,500.0,-0.26,0.02,-0.19,0.03,-0.47,-1.66,1.63,0.68,-0.01,-0.2,0.0,0.03,-0.005,0.01,0.0397,0
9.4,5132.1,2112.0,72.5,87.12,89.97,86.62,89.24,779.64,786.77,783.59,785.66,4.76,66.05,12.49,2.97,43.37,0.721,14.11,3.94,LANE_A,18664.0,-22.3,88.9,CRUISE_LOITER,1.0,0,500.0,-0.15,0.2,-0.15,-0.03,-0.78,1.35,1.17,0.24,-0.02,-0.1,-0.03,-0.15,-0.001,0.01,0.0332,0
9.450000000000001,5145.8,2117.6,72.8,87.04,89.62,86.96,89.13,780.09,784.74,781.55,785.57,4.79,66.35,12.51,3.0,43.33,0.755,14.1,4.07,LANE_A,18665.0,-22.3,88.9,CRUISE_LOITER,1.0,0,500.0,-0.23,-0.15,0.19,-0.14,-0.33,-0.68,-0.87,0.15,0.01,0.2,-0.01,-0.19,0.033,0.0,0.0458,0
9.5,5163.0,2124.7,72.3,87.37,89.55,86.96,89.22,782.03,785.75,784.86,785.71,4.76,66.05,12.51,3.02,43.45,0.736,14.09,4.14,LANE_A,18666.0,-22.3,88.9,CRUISE_LOITER,1.0,0,500.0,0.1,-0.22,0.19,-0.05,1.61,0.33,2.44,0.29,-0.02,-0.1,-0.01,-0.07,0.014,-0.01,0.0558,0
9.55,5140.8,2115.6,72.2,87.45,89.84,86.77,89.17,778.8,785.18,783.72,785.67,4.76,65.97,12.45,3.03,43.59,0.725,14.08,3.94,LANE_A,18667.0,-22.3,88.9,CRUISE_LOITER,1.0,0,500.0,0.19,0.08,0.01,-0.09,-1.62,-0.24,1.3,0.25,-0.02,-0.17,-0.07,0.07,0.003,-0.02,0.0387,0
9.600000000000001,5151.7,2120.1,72.4,87.47,90.11,87.18,89.27,778.35,788.22,782.38,784.18,4.79,66.2,12.52,3.01,43.53,0.724,14.06,4.01,LANE_A,18668.0,-22.3,89.0,CRUISE_LOITER,1.0,0,500.0,0.21,0.35,0.42,0.01,-2.06,2.81,-0.03,-1.23,0.01,0.06,0.0,0.01,0.002,-0.04,0.0656,0
9.65,5143.8,2116.8,72.6,87.35,89.83,86.58,89.25,778.31,784.69,782.9,783.93,4.78,66.13,12.57,3.01,43.67,0.718,14.06,4.11,LANE_A,18669.0,-22.3,89.0,CRUISE_LOITER,1.0,0,500.0,0.09,0.07,-0.18,-0.01,-2.1,-0.72,0.49,-1.48,0.0,-0.01,0.05,0.15,-0.004,-0.04,0.0493,0
9.700000000000001,5164.1,2125.1,72.2,87.48,89.99,86.78,89.14,782.35,785.98,783.3,784.94,4.78,65.91,12.68,3.0,43.49,0.734,14.1,4.04,LANE_A,18670.0,-22.3,89.0,CRUISE_LOITER,1.0,0,500.0,0.22,0.23,0.02,-0.12,1.94,0.57,0.89,-0.47,0.0,-0.23,0.16,-0.02,0.012,0.0,0.0458,0
9.75,5150.4,2119.5,72.4,87.29,89.84,86.75,89.18,779.37,787.66,780.72,783.33,4.76,65.97,12.48,3.0,43.39,0.722,14.08,3.91,LANE_A,18671.0,-22.3,89.0,CRUISE_LOITER,1.0,0,500.0,0.04,0.09,0.0,-0.07,-1.04,2.25,-1.69,-2.08,-0.02,-0.16,-0.04,-0.12,0.0,-0.02,0.0536,0
9.8,5160.4,2123.6,72.4,87.06,89.83,86.5,89.29,779.29,786.18,785.43,785.69,4.8,66.07,12.57,3.02,43.5,0.728,14.11,4.07,LANE_A,18671.0,-22.3,89.0,CRUISE_LOITER,1.0,0,500.0,-0.19,0.08,-0.25,0.04,-1.12,0.77,3.02,0.28,0.02,-0.06,0.05,-0.01,0.006,0.01,0.0671,0
9.850000000000001,5141.2,2115.7,72.6,86.98,89.87,86.64,88.93,782.85,785.84,782.0,786.09,4.79,66.38,12.46,3.03,43.51,0.708,14.11,4.05,LANE_A,18672.0,-22.3,89.0,CRUISE_LOITER,1.0,0,500.0,-0.27,0.12,-0.11,-0.32,2.44,0.43,-0.41,0.68,0.01,0.25,-0.06,0.0,-0.014,0.01,0.0556,0
9.9,5166.3,2126.1,72.2,87.23,89.79,86.88,89.55,780.22,785.16,782.24,784.87,4.73,65.9,12.57,2.98,43.5,0.723,14.12,3.9,LANE_A,18673.0,-22.3,89.0,CRUISE_LOITER,1.0,0,500.0,-0.01,0.05,0.14,0.31,-0.19,-0.25,-0.17,-0.54,-0.05,-0.23,0.06,-0.01,0.001,0.02,0.056,0
9.950000000000001,5156.9,2122.2,72.1,87.36,89.74,86.86,89.28,780.45,785.19,781.57,784.53,4.77,66.23,12.55,2.97,43.64,0.72,14.13,4.06,LANE_A,18674.0,-22.3,89.0,CRUISE_LOITER,1.0,0,500.0,0.12,0.0,0.12,0.04,0.04,-0.22,-0.84,-0.88,-0.01,0.11,0.04,0.13,-0.002,0.03,0.0306,0
10.0,5129.2,2110.8,72.5,87.19,89.76,86.92,89.22,780.28,785.29,781.57,787.7,4.77,65.88,12.41,2.99,43.5,0.73,14.11,4.16,LANE_A,18675.0,-22.3,89.0,CRUISE_LOITER,1.0,6,497.8,-0.05,0.02,0.18,-0.02,-0.12,-0.11,-0.83,2.3,-0.01,-0.24,-0.1,-0.01,0.008,0.01,0.0517,0
10.05,5152.4,2120.3,72.5,87.13,89.61,86.58,89.41,779.29,787.75,785.53,783.97,4.81,66.43,12.57,3.02,43.52,0.725,14.12,3.95,LANE_A,18676.0,-22.4,89.0,CRUISE_LOITER,0.99,6,495.6,-0.11,-0.13,-0.16,0.17,-1.11,2.35,3.13,-1.43,0.03,0.31,0.06,0.01,0.003,0.02,0.0721,0
10.100000000000001,5149.1,2119.0,72.2,87.3,89.8,86.88,89.06,782.45,784.01,783.9,785.58,4.78,66.12,12.48,3.0,43.47,0.705,14.12,4.0,LANE_A,18677.0,-22.4,89.0,CRUISE_LOITER,0.99,6,493.4,0.07,0.07,0.15,-0.17,2.05,-1.39,1.5,0.18,0.0,0.0,-0.03,-0.03,-0.017,0.02,0.0482,0
10.15,5151.7,2120.0,72.4,87.15,89.75,87.59,89.67,783.09,785.89,784.83,784.85,4.81,66.07,12.5,3.03,43.45,0.74,14.08,4.06,LANE_A,18678.0,-22.4,89.0,CRUISE_LOITER,0.99,6,491.3,-0.08,0.02,0.86,0.44,2.69,0.49,2.43,-0.55,0.03,-0.04,-0.01,-0.05,0.018,-0.02,0.0755,0
10.200000000000001,5143.6,2116.7,72.4,87.29,89.62,87.44,89.14,780.59,784.34,785.08,785.55,4.79,66.01,12.44,3.02,43.55,0.712,14.11,4.08,LANE_A,18678.0,-22.4,89.0,CRUISE_LOITER,0.99,6,489.1,0.06,-0.11,0.71,-0.09,0.19,-1.06,2.68,0.15,0.01,-0.1,-0.07,0.05,-0.01,0.01,0.0619,0
10.25,5168.4,2126.9,72.3,87.15,89.62,87.33,89.48,779.95,782.8,787.2,784.64,4.76,66.05,12.58,3.0,43.61,0.726,14.09,4.14,LANE_A,18679.0,-22.4,89.0,CRUISE_LOITER,0.98,6,486.9,-0.07,-0.1,0.61,0.26,-0.45,-2.6,4.8,-0.76,-0.02,-0.06,0.07,0.11,0.004,-0.01,0.1052,0
10.3,5163.2,2124.8,72.2,87.37,89.7,87.09,89.63,778.26,785.97,786.14,785.83,4.74,66.22,12.6,3.0,43.53,0.746,14.12,4.06,LANE_A,18680.0,-22.4,89.0,CRUISE_LOITER,0.98,6,484.7,0.15,-0.02,0.37,0.41,-2.14,0.57,3.74,0.43,-0.04,0.11,0.09,0.03,0.024,0.02,0.0848,0
10.350000000000001,5150.4,2119.5,72.3,87.15,89.63,87.79,89.52,780.59,785.89,788.16,787.76,4.78,65.78,12.4,2.98,43.51,0.752,14.12,4.07,LANE_A,18681.0,-22.4,89.0,CRUISE_LOITER,0.98,6,482.5,-0.07,-0.09,1.07,0.3,0.19,0.49,5.76,2.36,0.0,-0.32,-0.11,0.01,0.03,0.02,0.1259,0
10.4,5124.9,2109.0,72.5,87.16,89.4,87.89,89.3,781.43,783.13,787.48,786.58,4.74,66.24,12.5,3.02,43.56,0.762,14.09,4.15,LANE_A,18682.0,-22.4,89.0,CRUISE_LOITER,0.97,6,480.3,-0.06,-0.32,1.17,0.08,1.04,-2.26,5.09,1.19,-0.04,0.14,-0.01,0.06,0.04,-0.01,0.1147,0
10.450000000000001,5158.1,2122.7,72.4,87.41,89.71,87.92,88.93,779.17,787.24,787.02,786.28,4.75,66.23,12.46,3.01,43.46,0.761,14.11,4.03,LANE_A,18683.0,-22.4,89.0,CRUISE_LOITER,0.97,6,478.1,0.2,0.0,1.21,-0.28,-1.22,1.85,4.63,0.89,-0.03,0.13,-0.05,-0.04,0.039,0.01,0.1056,0
10.5,5148.9,2118.9,72.1,87.35,89.44,88.05,89.17,778.56,787.26,789.31,785.86,4.8,66.08,12.6,2.98,43.57,0.751,14.09,4.09,LANE_A,18684.0,-22.4,89.0,CRUISE_LOITER,0.97,6,475.9,0.14,-0.27,1.34,-0.04,-1.83,1.87,6.92,0.47,0.02,-0.01,0.09,0.08,0.029,-0.01,0.1488,0
10.55,5159.1,2123.1,72.3,86.72,89.29,88.02,89.01,779.37,785.05,790.88,785.98,4.78,65.91,12.54,3.01,43.54,0.753,14.08,4.02,LANE_A,18685.0,-22.4,89.0,CRUISE_LOITER,0.97,6,473.8,-0.49,-0.42,1.31,-0.2,-1.02,-0.34,8.49,0.59,0.0,-0.18,0.03,0.05,0.031,-0.02,0.177,0
10.600000000000001,5160.8,2123.8,72.5,87.12,89.66,88.12,89.3,780.97,785.6,790.57,786.28,4.83,66.31,12.5,3.03,43.63,0.763,14.07,3.98,LANE_A,18685.0,-22.4,89.1,CRUISE_LOITER,0.96,6,471.6,-0.08,-0.04,1.42,0.1,0.58,0.21,8.18,0.89,0.05,0.22,-0.01,0.14,0.041,-0.03,0.1723,0
10.65,5168.8,2127.1,72.4,87.34,89.74,88.19,89.31,781.29,785.17,791.36,785.05,4.78,65.97,12.56,2.97,43.48,0.759,14.07,4.17,LANE_A,18686.0,-22.4,89.1,CRUISE_LOITER,0.96,6,469.4,0.14,0.04,1.49,0.11,0.9,-0.22,8.97,-0.34,0.0,-0.12,0.05,-0.01,0.037,-0.03,0.1859,0
10.700000000000001,5140.4,2115.4,72.3,86.68,89.79,88.28,89.21,782.09,784.22,790.63,783.95,4.75,66.1,12.48,2.98,43.6,0.751,14.08,3.91,LANE_A,18687.0,-22.4,89.1,CRUISE_LOITER,0.96,6,467.2,-0.52,0.09,1.58,0.01,1.7,-1.17,8.24,-1.44,-0.03,0.02,-0.03,0.11,0.029,-0.02,0.1742,0
10.75,5143.6,2116.7,72.2,87.26,89.82,88.49,89.4,780.64,786.45,793.8,783.51,4.74,65.93,12.46,3.03,43.67,0.763,14.1,3.95,LANE_A,18688.0,-22.4,89.1,CRUISE_LOITER,0.96,6,465.0,0.06,0.12,1.79,0.2,0.26,1.07,11.42,-1.87,-0.04,-0.15,-0.05,0.18,0.041,0.0,0.2302,0
10.8,5150.8,2119.7,72.3,86.85,89.46,88.8,89.05,781.34,785.1,792.88,783.63,4.76,66.47,12.67,3.0,43.47,0.736,14.11,3.96,LANE_A,18689.0,-22.4,89.1,CRUISE_LOITER,0.95,6,462.8,-0.34,-0.23,2.11,-0.14,0.96,-0.28,10.5,-1.75,-0.02,0.39,0.16,-0.02,0.014,0.01,0.2157,0
10.850000000000001,5142.2,2116.1,72.7,87.15,89.65,88.36,89.24,779.82,785.98,791.99,782.53,4.8,66.13,12.47,3.0,43.46,0.77,14.1,4.12,LANE_A,18690.0,-22.4,89.1,CRUISE_LOITER,0.95,6,460.6,-0.04,-0.04,1.67,0.05,-0.56,0.6,9.61,-2.85,0.02,0.05,-0.04,-0.03,0.048,0.0,0.1989,0
10.9,5155.6,2121.6,72.7,87.03,89.57,88.56,89.04,780.4,786.4,793.4,784.86,4.8,66.2,12.61,2.99,43.62,0.74,14.11,4.06,LANE_A,18691.0,-22.4,89.1,CRUISE_LOITER,0.95,6,458.4,-0.16,-0.12,1.87,-0.15,0.02,1.02,11.02,-0.52,0.02,0.13,0.1,0.13,0.018,0.01,0.2229,0
10.950000000000001,5147.6,2118.4,72.5,87.23,89.77,89.03,89.14,779.78,785.42,795.2,785.87,4.79,66.05,12.43,3.03,43.22,0.768,14.11,4.17,LANE_A,18692.0,-22.4,89.1,CRUISE_LOITER,0.94,6,456.2,0.04,0.08,2.34,-0.05,-0.6,0.04,12.82,0.49,0.01,-0.02,-0.08,-0.26,0.046,0.01,0.2552,0
11.0,5139.9,2115.2,72.0,87.68,89.54,89.26,89.19,779.4,783.75,794.51,784.47,4.8,66.12,12.51,3.01,43.57,0.792,14.12,3.99,LANE_A,18692.0,-22.4,89.1,CRUISE_LOITER,0.94,6,454.1,0.5,-0.14,2.58,0.01,-0.98,-1.63,12.13,-0.91,0.02,0.05,0.0,0.09,0.07,0.02,0.2461,0
11.05,5165.5,2125.7,72.3,87.08,89.55,89.17,88.97,780.6,783.45,794.83,785.49,4.78,66.22,12.47,3.04,43.44,0.758,14.13,3.91,LANE_A,18693.0,-22.4,89.1,CRUISE_LOITER,0.94,6,451.9,-0.1,-0.13,2.49,-0.21,0.22,-1.93,12.45,0.11,0.0,0.15,-0.04,-0.04,0.036,0.03,0.2498,0
11.100000000000001,5157.9,2122.6,72.4,86.98,89.6,89.18,89.17,778.62,784.12,797.93,785.81,4.77,65.93,12.38,3.01,43.48,0.772,14.14,4.15,LANE_A,18694.0,-22.4,89.1,CRUISE_LOITER,0.94,6,449.7,-0.2,-0.08,2.5,-0.01,-1.76,-1.26,15.55,0.43,-0.01,-0.13,-0.13,0.0,0.05,0.04,0.2993,0
11.15,5168.3,2126.9,72.3,86.94,89.75,89.28,89.43,783.17,783.38,797.09,786.35,4.81,66.18,12.45,3.01,43.43,0.762,14.07,4.1,LANE_A,18695.0,-22.4,89.1,CRUISE_LOITER,0.93,6,447.5,-0.23,0.08,2.61,0.26,2.8,-1.99,14.72,0.98,0.03,0.12,-0.06,-0.05,0.04,-0.03,0.2872,0
11.200000000000001,5146.1,2117.7,72.6,87.06,89.68,89.64,89.29,780.25,786.4,798.06,785.8,4.76,66.16,12.6,3.0,43.31,0.79,14.11,4.03,LANE_A,18696.0,-22.4,89.1,CRUISE_LOITER,0.93,6,445.3,-0.11,0.01,2.97,0.12,-0.12,1.03,15.69,0.43,-0.02,0.1,0.09,-0.17,0.068,0.01,0.3033,0
11.25,5137.7,2114.3,72.0,87.52,89.54,89.28,88.85,777.23,787.47,797.18,786.79,4.83,66.1,12.52,3.0,43.37,0.788,14.13,3.97,LANE_A,18697.0,-22.4,89.1,CRUISE_LOITER,0.93,6,443.1,0.35,-0.13,2.61,-0.32,-3.14,2.1,14.81,1.42,0.05,0.04,0.01,-0.11,0.066,0.03,0.2896,0
11.3,5136.9,2114.0,72.1,87.56,89.84,89.56,89.2,781.03,785.01,798.42,785.05,4.77,66.06,12.45,3.02,43.46,0.804,14.1,3.98,LANE_A,18698.0,-22.4,89.1,CRUISE_LOITER,0.92,6,440.9,0.39,0.17,2.89,0.03,0.66,-0.36,16.05,-0.32,-0.01,0.01,-0.06,-0.02,0.082,0.0,0.3088,0
11.350000000000001,5141.5,2115.8,72.0,86.99,89.77,90.09,89.3,779.67,785.59,798.74,784.48,4.78,65.97,12.5,2.98,43.54,0.793,14.07,4.11,LANE_A,18699.0,-22.4,89.1,CRUISE_LOITER,0.92,6,438.8,-0.17,0.11,3.43,0.14,-0.7,0.22,16.37,-0.89,0.0,-0.08,-0.01,0.07,0.071,-0.03,0.3155,0
11.4,5144.6,2117.1,72.2,86.84,89.36,89.99,89.03,781.15,785.84,799.12,785.3,4.76,66.11,12.5,3.02,43.67,0.807,14.09,3.99,LANE_A,18699.0,-22.4,89.1,CRUISE_LOITER,0.92,6,436.6,-0.32,-0.3,3.33,-0.13,0.78,0.47,16.75,-0.07,-0.02,0.06,-0.01,0.2,0.085,-0.01,0.3212,0
11.450000000000001,5158.5,2122.8,72.6,87.33,89.56,90.06,89.35,780.16,783.54,800.02,783.13,4.8,66.06,12.52,2.99,43.41,0.789,14.12,4.06,LANE_A,18700.0,-22.4,89.1,CRUISE_LOITER,0.92,6,434.4,0.17,-0.1,3.4,0.19,-0.21,-1.83,17.65,-2.24,0.02,0.01,0.01,-0.06,0.067,0.02,0.3344,0
11.5,5133.9,2112.7,72.5,87.22,89.66,90.25,89.24,781.98,785.76,801.37,784.59,4.8,66.0,12.7,2.98,43.76,0.808,14.12,4.03,LANE_A,18701.0,-22.4,89.1,CRUISE_LOITER,0.91,6,432.2,0.07,0.01,3.6,0.09,1.62,0.4,19.01,-0.77,0.02,-0.04,0.19,0.29,0.086,0.02,0.3549,0
11.55,5131.6,2111.8,72.6,87.09,89.98,90.47,88.76,780.26,785.15,802.77,784.81,4.75,66.09,12.49,2.99,43.66,0.789,14.14,4.05,LANE_A,18702.0,-22.4,89.1,CRUISE_LOITER,0.91,6,430.0,-0.06,0.33,3.82,-0.39,-0.1,-0.21,20.41,-0.55,-0.03,0.05,-0.02,0.19,0.067,0.04,0.3746,0
11.600000000000001,5146.1,2117.7,72.5,87.53,89.79,90.4,89.33,780.71,784.27,803.38,784.36,4.73,66.4,12.55,3.0,43.52,0.787,14.12,4.07,LANE_A,18703.0,-22.4,89.1,CRUISE_LOITER,0.91,6,427.8,0.38,0.14,3.75,0.18,0.35,-1.09,21.02,-1.0,-0.05,0.36,0.04,0.05,0.065,0.02,0.3827,0
11.65,5154.1,2121.0,72.2,87.17,89.89,90.37,89.24,780.8,785.02,802.6,786.07,4.77,66.02,12.46,3.0,43.45,0.782,14.07,3.98,LANE_A,18704.0,-22.4,89.2,CRUISE_LOITER,0.9,6,425.6,0.02,0.24,3.72,0.09,0.44,-0.34,20.24,0.71,-0.01,-0.02,-0.05,-0.02,0.06,-0.03,0.3716,0
11.700000000000001,5158.2,2122.7,72.1,87.24,89.8,90.81,89.12,779.59,787.95,803.17,785.19,4.82,65.94,12.59,3.02,43.45,0.805,14.11,4.06,LANE_A,18705.0,-22.4,89.2,CRUISE_LOITER,0.9,6,423.4,0.1,0.16,4.17,-0.02,-0.77,2.59,20.81,-0.17,0.04,-0.09,0.08,-0.02,0.083,0.01,0.3817,0
11.75,5136.6,2113.8,72.6,87.46,89.82,90.68,89.15,779.39,783.95,802.2,786.81,4.81,66.07,12.39,2.99,43.33,0.819,14.09,3.92,LANE_A,18706.0,-22.4,89.2,CRUISE_LOITER,0.9,6,421.3,0.32,0.18,4.04,0.01,-0.97,-1.41,19.84,1.45,0.03,0.04,-0.12,-0.13,0.097,-0.01,0.3684,0
11.8,5145.4,2117.4,72.5,87.3,89.71,90.67,89.15,781.22,784.09,803.83,783.82,4.76,66.15,12.49,2.95,43.6,0.802,14.09,4.0,LANE_A,18706.0,-22.4,89.2,CRUISE_LOITER,0.9,6,419.1,0.16,0.07,4.03,0.01,0.86,-1.27,21.47,-1.54,-0.02,0.12,-0.02,0.14,0.08,-0.01,0.3898,0
11.850000000000001,5157.3,2122.3,72.5,87.08,89.65,90.78,89.09,781.35,786.52,802.87,785.67,4.8,65.98,12.48,3.01,43.32,0.787,14.1,4.18,LANE_A,18707.0,-22.4,89.2,CRUISE_LOITER,0.89,6,416.9,-0.05,0.02,4.15,-0.04,0.99,1.16,20.51,0.31,0.02,-0.04,-0.03,-0.14,0.065,0.0,0.377,0
11.9,5141.9,2116.0,72.4,87.3,89.48,91.24,89.11,782.18,785.52,806.55,784.77,4.81,66.11,12.58,3.0,43.49,0.8,14.12,3.95,LANE_A,18708.0,-22.4,89.2,CRUISE_LOITER,0.89,6,414.7,0.17,-0.15,4.61,-0.02,1.83,0.17,24.2,-0.58,0.03,0.09,0.08,0.03,0.078,0.02,0.4269,0
11.950000000000001,5147.9,2118.5,72.4,87.3,89.47,91.32,89.12,782.03,784.98,805.24,784.8,4.76,66.18,12.37,3.03,43.59,0.79,14.08,4.02,LANE_A,18709.0,-22.4,89.2,CRUISE_LOITER,0.89,6,412.5,0.17,-0.16,4.69,-0.01,1.68,-0.37,22.89,-0.55,-0.02,0.16,-0.13,0.13,0.068,-0.02,0.4105,0
12.0,5168.2,2126.8,72.6,87.06,89.58,91.55,89.08,783.38,785.39,808.19,785.5,4.8,66.06,12.46,2.97,43.62,0.809,14.07,4.02,LANE_A,18710.0,-22.4,89.2,CRUISE_LOITER,0.88,6,410.3,-0.07,-0.05,4.92,-0.05,3.03,0.04,25.84,0.15,0.02,0.04,-0.04,0.16,0.087,-0.03,0.4483,0
12.05,5147.4,2118.3,72.6,87.15,89.65,91.55,89.36,781.76,786.17,807.35,785.31,4.84,65.67,12.55,3.0,43.5,0.819,14.1,3.97,LANE_A,18711.0,-22.4,89.2,CRUISE_LOITER,0.88,6,408.1,0.03,0.03,4.93,0.24,1.41,0.82,25.0,-0.04,0.06,-0.34,0.05,0.04,0.097,0.0,0.4384,0
12.100000000000001,5149.8,2119.3,72.4,87.15,89.57,91.53,89.41,779.79,785.36,807.05,784.17,4.77,66.04,12.41,3.02,43.57,0.823,14.13,4.04,LANE_A,18712.0,-22.4,89.2,CRUISE_LOITER,0.88,6,405.9,0.03,-0.05,4.91,0.29,-0.56,0.01,24.7,-1.18,-0.01,0.03,-0.09,0.11,0.101,0.03,0.4345,0
12.15,5162.4,2124.4,72.0,87.01,89.59,91.48,88.83,779.47,785.59,809.14,786.7,4.76,66.06,12.5,2.99,43.46,0.812,14.08,4.14,LANE_A,18712.0,-22.4,89.2,CRUISE_LOITER,0.88,6,403.8,-0.11,-0.03,4.86,-0.29,-0.88,0.24,26.79,1.35,-0.02,0.05,0.0,0.01,0.09,-0.02,0.4593,0
12.200000000000001,5148.4,2118.7,72.2,86.63,89.91,91.65,89.17,781.04,786.16,809.54,784.57,4.79,66.06,12.54,3.03,43.42,0.812,14.1,4.11,LANE_A,18713.0,-22.4,89.2,CRUISE_LOITER,0.87,6,401.6,-0.49,0.29,5.03,0.05,0.69,0.81,27.19,-0.78,0.01,0.05,0.04,-0.03,0.09,0.0,0.4645,0
12.25,5139.0,2114.8,72.6,87.17,89.77,91.7,89.03,779.11,786.42,807.16,787.29,4.75,66.07,12.36,2.99,43.58,0.821,14.14,4.1,LANE_A,18714.0,-22.4,89.2,CRUISE_LOITER,0.87,6,399.4,0.06,0.16,5.09,-0.08,-1.23,1.08,24.82,1.95,-0.03,0.07,-0.14,0.13,0.099,0.04,0.4368,0
12.3,5136.1,2113.6,72.4,86.76,89.83,92.06,89.01,782.31,784.91,811.05,786.02,4.78,66.03,12.34,3.0,43.48,0.82,14.09,4.07,LANE_A,18715.0,-22.4,89.2,CRUISE_LOITER,0.87,6,397.2,-0.35,0.22,5.45,-0.1,1.97,-0.43,28.71,0.68,0.0,0.03,-0.16,0.03,0.098,-0.01,0.4834,0
12.350000000000001,5143.5,2116.7,72.1,86.98,89.56,92.04,89.01,780.4,784.25,810.41,784.14,4.77,66.0,12.55,3.01,43.28,0.811,14.08,4.15,LANE_A,18716.0,-22.4,89.2,CRUISE_LOITER,0.86,6,395.0,-0.13,-0.05,5.43,-0.1,0.06,-1.09,28.07,-1.2,-0.01,0.0,0.05,-0.17,0.089,-0.02,0.4759,0
12.4,5166.4,2126.1,72.2,86.85,89.52,91.98,89.36,781.0,784.94,812.02,787.24,4.78,66.03,12.51,3.01,43.35,0.867,14.07,3.9,LANE_A,18717.0,-22.4,89.2,CRUISE_LOITER,0.86,6,392.8,-0.25,-0.08,5.38,0.26,0.66,-0.4,29.68,1.9,0.0,0.03,0.01,-0.1,0.145,-0.03,0.4947,0
12.450000000000001,5140.2,2115.3,72.2,86.88,89.78,92.42,88.9,779.24,784.67,811.93,787.14,4.8,66.33,12.66,3.0,43.39,0.826,14.11,3.99,LANE_A,18718.0,-22.4,89.2,CRUISE_LOITER,0.86,6,390.6,-0.22,0.18,5.82,-0.2,-1.1,-0.67,29.59,1.8,0.02,0.34,0.16,-0.06,0.104,0.01,0.4944,0
12.5,5140.6,2115.5,72.3,87.39,89.35,92.66,88.85,781.17,786.36,812.18,784.71,4.85,65.88,12.54,3.01,43.51,0.835,14.1,4.0,LANE_A,18719.0,-22.4,89.2,CRUISE_LOITER,0.86,6,388.4,0.29,-0.25,6.06,-0.25,0.83,1.02,29.84,-0.63,0.07,-0.11,0.04,0.06,0.113,0.0,0.4982,0
12.55,5152.3,2120.3,72.3,87.19,89.82,92.12,89.21,779.8,785.17,813.2,785.93,4.78,66.17,12.56,3.03,43.35,0.838,14.09,4.2,LANE_A,18719.0,-22.4,89.2,CRUISE_LOITER,0.85,6,386.2,0.09,0.22,5.52,0.11,-0.54,-0.17,30.86,0.59,0.0,0.18,0.06,-0.1,0.116,-0.01,0.5074,0
12.600000000000001,5167.9,2126.7,72.4,87.01,89.46,92.3,88.85,779.74,784.61,813.64,786.45,4.8,65.88,12.4,3.02,43.44,0.833,14.11,4.02,LANE_A,18720.0,-22.4,89.2,CRUISE_LOITER,0.85,6,384.1,-0.08,-0.13,5.71,-0.24,-0.6,-0.73,31.3,1.11,0.02,-0.11,-0.1,0.0,0.111,0.01,0.5126,0
12.65,5138.8,2114.7,72.3,87.2,89.53,92.73,89.16,780.42,786.63,815.13,785.53,4.81,65.85,12.71,2.99,43.45,0.838,14.11,4.05,LANE_A,18721.0,-22.4,89.3,CRUISE_LOITER,0.85,6,381.9,0.11,-0.06,6.14,0.07,0.09,1.3,32.8,0.2,0.03,-0.13,0.21,0.01,0.116,0.01,0.5295,0
12.700000000000001,5153.6,2120.8,72.8,87.12,89.56,92.52,89.17,777.95,785.68,813.83,785.8,4.75,66.08,12.45,3.03,43.09,0.853,14.08,4.03,LANE_A,18722.0,-22.4,89.3,CRUISE_LOITER,0.85,6,379.7,0.03,-0.03,5.93,0.08,-2.38,0.35,31.5,0.47,-0.03,0.1,-0.05,-0.35,0.131,-0.02,0.5157,0
12.75,5114.9,2104.9,72.5,87.16,89.65,93.15,88.97,779.5,784.31,817.7,784.97,4.77,66.12,12.54,3.03,43.45,0.833,14.09,3.94,LANE_A,18723.0,-22.4,89.3,CRUISE_LOITER,0.84,6,377.5,0.08,0.07,6.57,-0.11,-0.83,-1.02,35.37,-0.36,-0.01,0.14,0.04,0.01,0.111,-0.01,0.5561,0
12.8,5140.1,2115.3,72.5,87.14,89.62,93.1,89.21,780.45,784.0,814.9,784.18,4.81,66.22,12.6,3.03,43.61,0.872,14.13,4.12,LANE_A,18724.0,-22.4,89.3,CRUISE_LOITER,0.84,6,375.3,0.06,0.04,6.52,0.13,0.12,-1.33,32.57,-1.15,0.03,0.24,0.1,0.17,0.15,0.03,0.5288,0
12.850000000000001,5143.3,2116.6,72.5,86.98,89.63,92.86,88.86,780.99,785.07,813.88,786.04,4.73,65.82,12.49,3.01,43.58,0.841,14.09,4.12,LANE_A,18725.0,-22.4,89.3,CRUISE_LOITER,0.84,6,373.1,-0.1,0.05,6.28,-0.22,0.66,-0.26,31.55,0.71,-0.05,-0.15,-0.01,0.14,0.119,-0.01,0.517,0
12.9,5148.4,2118.7,72.2,87.16,89.46,93.02,88.76,781.72,785.01,818.37,785.56,4.79,66.21,12.52,2.98,43.42,0.857,14.11,4.15,LANE_A,18726.0,-22.5,89.3,CRUISE_LOITER,0.83,6,370.9,0.08,-0.12,6.44,-0.32,1.39,-0.32,36.04,0.23,0.01,0.24,0.02,-0.02,0.135,0.01,0.5625,0
12.950000000000001,5147.8,2118.4,72.5,86.92,89.43,93.4,88.77,780.97,786.02,816.62,783.84,4.81,65.94,12.47,2.98,43.21,0.844,14.1,3.89,LANE_A,18726.0,-22.5,89.3,CRUISE_LOITER,0.83,6,368.8,-0.15,-0.14,6.83,-0.3,0.64,0.69,34.29,-1.49,0.03,-0.03,-0.03,-0.23,0.122,0.0,0.5465,0
13.0,5132.4,2112.1,72.3,87.51,89.7,93.45,89.04,779.31,784.37,820.28,787.66,4.81,66.05,12.59,2.99,43.63,0.88,14.09,4.06,LANE_A,18727.0,-22.5,89.3,CRUISE_LOITER,0.83,6,366.6,0.44,0.13,6.88,-0.03,-1.02,-0.96,37.95,2.33,0.03,0.08,0.09,0.2,0.158,-0.01,0.5819,0
13.05,5122.7,2108.1,72.0,87.02,89.49,93.44,88.93,779.43,784.57,817.89,786.28,4.8,66.19,12.48,3.01,43.52,0.872,14.09,4.1,LANE_A,18728.0,-22.5,89.3,CRUISE_LOITER,0.83,6,364.4,-0.05,-0.08,6.87,-0.14,-0.89,-0.75,35.57,0.96,0.02,0.23,-0.02,0.09,0.15,-0.01,0.5594,0
13.100000000000001,5133.2,2112.4,72.5,86.91,89.28,93.53,89.03,779.95,784.06,820.51,784.37,4.78,65.8,12.43,2.98,43.35,0.843,14.11,4.08,LANE_A,18729.0,-22.5,89.3,CRUISE_LOITER,0.82,6,362.2,-0.15,-0.28,6.97,-0.03,-0.37,-1.26,38.19,-0.95,0.0,-0.16,-0.07,-0.08,0.121,0.01,0.5837,0
13.15,5162.5,2124.5,72.6,86.93,89.4,93.44,88.98,780.79,784.14,818.8,783.76,4.76,65.92,12.48,3.02,43.27,0.857,14.09,4.12,LANE_A,18730.0,-22.5,89.3,CRUISE_LOITER,0.82,6,360.0,-0.13,-0.16,6.88,-0.08,0.47,-1.18,36.48,-1.56,-0.02,-0.04,-0.02,-0.16,0.135,-0.01,0.5679,0
13.200000000000001,5160.6,2123.7,72.3,86.77,89.69,93.98,88.88,780.82,785.1,821.03,788.24,4.8,66.03,12.53,3.01,43.48,0.869,14.09,3.99,LANE_A,18731.0,-22.5,89.3,CRUISE_LOITER,0.82,6,357.8,-0.29,0.13,7.42,-0.18,0.5,-0.22,38.71,2.92,0.02,0.07,0.03,0.05,0.147,-0.01,0.5899,0
13.25,5148.5,2118.7,72.0,87.25,89.31,94.11,89.06,780.68,784.0,822.04,783.61,4.76,65.74,12.43,3.0,43.35,0.89,14.06,4.13,LANE_A,18732.0,-22.5,89.3,CRUISE_LOITER,0.81,6,355.6,0.19,-0.25,7.55,0.0,0.36,-1.32,39.72,-1.71,-0.02,-0.21,-0.07,-0.08,0.168,-0.04,0.5993,0
13.3,5134.8,2113.1,72.5,87.37,89.63,94.27,89.45,779.91,784.7,822.02,786.15,4.78,66.08,12.53,3.01,43.38,0.883,14.09,4.03,LANE_A,18733.0,-22.5,89.3,CRUISE_LOITER,0.81,6,353.4,0.32,0.08,7.72,0.4,-0.41,-0.62,39.7,0.83,0.0,0.13,0.03,-0.05,0.161,-0.01,0.5994,0
13.350000000000001,5148.1,2118.6,72.3,86.94,89.66,94.08,88.94,780.74,786.1,822.93,785.94,4.78,65.91,12.47,3.0,43.36,0.856,14.09,4.13,LANE_A,18733.0,-22.5,89.3,CRUISE_LOITER,0.81,6,351.2,-0.11,0.11,7.53,-0.11,0.42,0.78,40.61,0.62,0.0,-0.04,-0.03,-0.07,0.134,-0.01,0.6065,0
13.4,5121.6,2107.7,72.2,87.28,89.73,94.31,89.36,781.13,785.13,824.33,784.61,4.79,65.79,12.45,2.95,43.41,0.883,14.07,4.04,LANE_A,18734.0,-22.5,89.3,CRUISE_LOITER,0.81,6,349.1,0.23,0.18,7.76,0.31,0.82,-0.18,42.02,-0.7,0.01,-0.15,-0.05,-0.01,0.161,-0.03,0.6192,0
13.450000000000001,5145.5,2117.5,72.5,87.18,89.28,94.44,88.96,781.42,784.49,822.82,784.62,4.81,66.23,12.44,3.01,43.57,0.879,14.04,4.1,LANE_A,18735.0,-22.5,89.3,CRUISE_LOITER,0.8,6,346.9,0.13,-0.27,7.89,-0.09,1.11,-0.82,40.51,-0.69,0.03,0.29,-0.06,0.15,0.157,-0.06,0.6069,0
13.5,5117.1,2105.8,72.4,87.38,89.64,94.77,89.07,781.8,784.89,825.79,784.99,4.75,65.99,12.56,2.97,43.33,0.883,14.13,4.05,LANE_A,18736.0,-22.5,89.3,CRUISE_LOITER,0.8,6,344.7,0.34,0.1,8.23,0.03,1.49,-0.42,43.48,-0.32,-0.03,0.05,0.06,-0.09,0.161,0.03,0.6322,0
13.55,5149.8,2119.3,72.3,86.96,89.49,94.53,88.72,780.73,785.9,825.31,785.06,4.8,65.81,12.53,3.04,43.54,0.884,14.08,4.05,LANE_A,18737.0,-22.5,89.3,CRUISE_LOITER,0.8,6,342.5,-0.08,-0.05,7.99,-0.32,0.42,0.59,43.0,-0.25,0.02,-0.13,0.03,0.12,0.162,-0.02,0.6278,0
13.600000000000001,5164.1,2125.1,72.0,87.03,89.4,94.59,89.25,782.1,783.87,824.3,784.53,4.79,66.02,12.43,2.97,43.46,0.893,14.11,3.96,LANE_A,18738.0,-22.5,89.3,CRUISE_LOITER,0.79,6,340.3,-0.01,-0.14,8.05,0.21,1.79,-1.44,41.99,-0.78,0.01,0.09,-0.07,0.04,0.171,0.01,0.6198,0
13.65,5134.6,2113.0,72.7,87.08,89.52,94.83,89.15,778.52,784.68,826.64,785.57,4.75,65.82,12.44,3.01,43.35,0.875,14.1,4.1,LANE_A,18739.0,-22.5,89.3,CRUISE_LOITER,0.79,6,338.1,0.05,-0.01,8.3,0.12,-1.79,-0.63,44.33,0.26,-0.03,-0.11,-0.06,-0.07,0.153,0.0,0.639,0
13.700000000000001,5151.1,2119.8,72.2,87.0,89.35,94.78,88.74,779.93,786.41,825.17,782.95,4.77,65.89,12.59,3.03,43.38,0.881,14.11,4.23,LANE_A,18740.0,-22.5,89.4,CRUISE_LOITER,0.79,6,335.9,-0.03,-0.18,8.25,-0.29,-0.38,1.1,42.86,-2.36,-0.01,-0.04,0.09,-0.04,0.159,0.01,0.6272,0
13.75,5133.2,2112.4,72.8,87.06,89.8,95.02,89.26,780.76,784.62,828.99,785.92,4.86,66.04,12.38,3.02,43.59,0.898,14.12,4.13,LANE_A,18740.0,-22.5,89.4,CRUISE_LOITER,0.79,6,333.8,0.03,0.27,8.49,0.23,0.45,-0.69,46.68,0.61,0.08,0.11,-0.12,0.17,0.176,0.02,0.6577,1
13.8,5114.8,2104.9,71.9,87.18,89.62,95.15,89.11,780.74,785.4,829.2,786.72,4.77,65.82,12.42,2.99,43.54,0.872,14.12,4.14,LANE_A,18741.0,-22.5,89.4,CRUISE_LOITER,0.78,6,331.6,0.15,0.09,8.62,0.08,0.44,0.1,46.9,1.42,-0.01,-0.1,-0.08,0.12,0.149,0.02,0.6592,1
13.850000000000001,5141.5,2115.8,72.5,87.08,89.4,95.41,89.36,778.25,786.48,830.76,784.28,4.77,65.89,12.46,2.95,43.43,0.891,14.09,3.98,LANE_A,18742.0,-22.5,89.4,CRUISE_LOITER,0.78,6,329.4,0.06,-0.12,8.89,0.34,-2.05,1.18,48.46,-1.02,-0.01,-0.03,-0.04,0.02,0.168,-0.01,0.6713,1
13.9,5115.4,2105.1,72.8,87.22,89.63,95.16,88.87,781.14,784.29,828.07,786.01,4.76,66.14,12.48,3.06,43.3,0.914,14.09,4.01,LANE_A,18743.0,-22.5,89.4,CRUISE_LOITER,0.78,6,327.2,0.2,0.11,8.64,-0.15,0.84,-1.01,45.77,0.71,-0.02,0.22,-0.02,-0.11,0.191,-0.01,0.6512,1
13.950000000000001,5140.9,2115.6,72.2,86.98,89.65,95.38,89.19,780.32,784.48,829.6,785.96,4.8,65.7,12.45,3.03,43.24,0.87,14.13,4.04,LANE_A,18744.0,-22.5,89.4,CRUISE_LOITER,0.78,6,325.0,-0.04,0.13,8.86,0.17,0.02,-0.82,47.3,0.66,0.02,-0.22,-0.04,-0.17,0.147,0.03,0.6626,1
14.0,5133.6,2112.6,72.5,87.12,89.59,95.76,88.89,780.77,784.33,829.5,784.48,4.81,66.09,12.59,3.0,43.45,0.886,14.12,4.1,LANE_A,18745.0,-22.5,89.4,CRUISE_LOITER,0.77,6,322.8,0.11,0.08,9.25,-0.12,0.47,-0.97,47.2,-0.82,0.03,0.18,0.1,0.04,0.163,0.02,0.6628,1
14.05,5164.6,2125.3,72.4,87.04,89.26,95.68,88.66,779.81,785.41,829.9,785.67,4.78,65.99,12.5,2.98,43.4,0.919,14.08,4.04,LANE_A,18746.0,-22.5,89.4,CRUISE_LOITER,0.77,6,320.6,0.03,-0.25,9.17,-0.35,-0.49,0.11,47.6,0.37,0.0,0.08,0.01,-0.01,0.196,-0.02,0.6659,1
14.100000000000001,5134.9,2113.1,72.9,86.7,89.38,95.97,88.79,781.1,784.41,831.62,785.43,4.84,65.63,12.39,2.97,43.51,0.91,14.13,4.17,LANE_A,18747.0,-22.5,89.4,CRUISE_LOITER,0.77,6,318.4,-0.31,-0.13,9.46,-0.22,0.8,-0.89,49.32,0.13,0.06,-0.28,-0.1,0.1,0.187,0.03,0.6787,1
14.15,5152.0,2120.2,72.6,86.91,89.45,96.39,89.01,777.5,786.05,832.35,784.8,4.74,65.87,12.48,3.01,43.35,0.932,14.08,4.14,LANE_A,18747.0,-22.5,89.4,CRUISE_LOITER,0.76,6,316.2,-0.1,-0.06,9.88,0.0,-2.79,0.76,50.06,-0.49,-0.04,-0.04,-0.01,-0.06,0.209,-0.02,0.6849,1
14.200000000000001,5149.4,2119.1,72.5,87.31,89.24,95.99,88.97,778.43,786.87,833.19,783.79,4.78,65.89,12.49,2.99,43.34,0.911,14.09,4.01,LANE_A,18748.0,-22.5,89.4,CRUISE_LOITER,0.76,6,314.1,0.31,-0.26,9.49,-0.03,-1.86,1.58,50.9,-1.5,0.0,-0.01,0.0,-0.07,0.188,-0.01,0.6896,1
14.25,5130.7,2111.4,72.4,87.0,89.47,96.08,89.1,781.01,787.17,832.97,784.93,4.77,66.26,12.61,2.96,43.37,0.898,14.1,4.15,LANE_A,18749.0,-22.5,89.4,CRUISE_LOITER,0.76,6,311.9,0.0,-0.03,9.58,0.1,0.72,1.88,50.68,-0.36,-0.01,0.36,0.12,-0.03,0.175,0.0,0.6881,1
14.3,5142.2,2116.1,72.4,86.81,89.34,96.23,89.15,779.34,786.34,833.11,783.42,4.77,65.87,12.35,2.98,43.28,0.908,14.08,4.04,LANE_A,18750.0,-22.5,89.4,CRUISE_LOITER,0.76,6,309.7,-0.19,-0.16,9.73,0.15,-0.95,1.05,50.82,-1.87,-0.01,-0.03,-0.14,-0.12,0.185,-0.02,0.6895,1
14.350000000000001,5120.8,2107.3,72.5,87.03,89.34,96.43,88.73,780.94,786.77,833.04,784.83,4.83,66.01,12.5,3.02,43.67,0.926,14.07,4.05,LANE_A,18751.0,-22.5,89.4,CRUISE_LOITER,0.75,6,307.5,0.03,-0.16,9.93,-0.27,0.65,1.48,50.75,-0.46,0.05,0.11,0.01,0.27,0.203,-0.03,0.6896,1
14.4,5145.2,2117.4,72.4,87.11,89.61,96.62,88.93,778.84,784.9,837.07,783.62,4.79,65.79,12.55,3.0,43.38,0.909,14.1,3.89,LANE_A,18752.0,-22.5,89.4,CRUISE_LOITER,0.75,6,305.3,0.12,0.12,10.13,-0.06,-1.45,-0.39,54.78,-1.67,0.01,-0.1,0.06,-0.02,0.186,0.0,0.7158,1
14.450000000000001,5132.2,2112.0,72.4,87.4,89.2,96.84,88.95,782.87,789.48,835.36,784.72,4.82,65.63,12.49,3.01,43.54,0.905,14.11,4.1,LANE_A,18753.0,-22.5,89.4,CRUISE_LOITER,0.75,6,303.1,0.41,-0.29,10.35,-0.04,2.58,4.19,53.07,-0.57,0.04,-0.26,0.0,0.14,0.182,0.01,0.7055,1
14.5,5151.1,2119.8,72.5,86.66,89.45,96.88,88.59,781.22,782.22,838.55,786.12,4.8,65.82,12.47,2.97,43.4,0.92,14.12,4.14,LANE_A,18754.0,-22.5,89.4,CRUISE_LOITER,0.74,6,300.9,-0.33,-0.04,10.39,-0.4,0.93,-3.07,56.26,0.83,0.02,-0.07,-0.02,0.0,0.197,0.02,0.7254,1
14.55,5123.6,2108.5,72.5,86.86,89.86,97.03,89.08,782.24,782.95,835.8,785.11,4.75,66.1,12.45,3.01,43.47,0.928,14.08,4.05,LANE_A,18754.0,-22.5,89.4,CRUISE_LOITER,0.74,6,298.8,-0.12,0.38,10.55,0.1,1.96,-2.33,53.52,-0.17,-0.03,0.21,-0.04,0.07,0.205,-0.02,0.7088,1
14.600000000000001,5145.1,2117.3,72.5,86.67,89.3,97.12,89.02,778.44,785.03,838.26,785.24,4.76,66.01,12.5,2.98,43.4,0.912,14.11,4.05,LANE_A,18755.0,-22.5,89.4,CRUISE_LOITER,0.74,6,296.6,-0.31,-0.18,10.64,0.04,-1.84,-0.25,55.98,-0.04,-0.02,0.13,0.01,0.0,0.189,0.01,0.724,1
14.65,5134.8,2113.1,72.4,87.09,89.66,96.89,88.92,779.41,787.4,837.42,787.5,4.85,65.9,12.49,2.98,43.4,0.921,14.07,4.06,LANE_A,18756.0,-22.5,89.4,CRUISE_LOITER,0.74,6,294.4,0.11,0.18,10.41,-0.06,-0.87,2.12,55.14,2.22,0.07,0.02,0.0,0.01,0.198,-0.03,0.7187,1
14.700000000000001,5141.6,2115.9,72.4,87.37,89.49,97.31,88.48,779.46,785.91,839.09,784.86,4.76,65.6,12.5,3.0,43.25,0.941,14.08,3.98,LANE_A,18757.0,-22.5,89.4,CRUISE_LOITER,0.73,6,292.2,0.39,0.01,10.83,-0.5,-0.82,0.63,56.81,-0.42,-0.02,-0.28,0.01,-0.14,0.218,-0.02,0.7295,1
14.75,5121.3,2107.5,72.6,86.95,89.61,96.96,88.91,780.72,786.12,839.62,786.02,4.81,65.73,12.45,2.99,43.31,0.935,14.07,4.04,LANE_A,18758.0,-22.5,89.5,CRUISE_LOITER,0.73,6,290.0,-0.02,0.14,10.49,-0.06,0.44,0.84,57.34,0.74,0.03,-0.15,-0.04,-0.08,0.212,-0.03,0.732,1
14.8,5139.2,2114.9,72.4,86.99,89.82,97.39,89.11,782.08,784.46,839.94,785.89,4.76,65.8,12.53,3.01,43.33,0.941,14.09,4.09,LANE_A,18759.0,-22.5,89.5,CRUISE_LOITER,0.73,6,287.8,0.02,0.35,10.92,0.14,1.8,-0.82,57.66,0.61,-0.02,-0.07,0.04,-0.06,0.218,-0.01,0.7346,1
14.850000000000001,5131.7,2111.8,72.7,87.06,89.37,97.52,88.84,778.6,786.9,841.96,785.45,4.8,65.72,12.37,3.02,43.48,0.935,14.1,4.19,LANE_A,18760.0,-22.5,89.5,CRUISE_LOITER,0.72,6,285.6,0.09,-0.1,11.05,-0.13,-1.68,1.62,59.68,0.17,0.01,-0.15,-0.12,0.09,0.212,0.0,0.7461,1
14.9,5111.6,2103.5,72.4,86.84,89.51,97.45,88.9,781.34,786.37,841.22,785.88,4.82,65.93,12.42,3.01,43.46,0.936,14.13,3.98,LANE_A,18761.0,-22.5,89.5,CRUISE_LOITER,0.72,6,283.4,-0.12,0.05,10.99,-0.06,1.06,1.09,58.94,0.6,0.03,0.06,-0.07,0.07,0.213,0.03,0.7419,1
14.950000000000001,5133.8,2112.7,72.3,87.1,89.32,97.74,88.74,780.82,785.94,840.84,785.25,4.79,65.75,12.54,3.0,43.46,0.905,14.09,4.09,LANE_A,18761.0,-22.5,89.5,CRUISE_LOITER,0.72,6,281.2,0.14,-0.14,11.28,-0.22,0.55,0.67,58.57,-0.02,0.0,-0.12,0.05,0.07,0.182,-0.01,0.74,1
15.0,5135.9,2113.5,72.3,86.86,89.43,97.97,89.25,778.05,786.18,843.98,785.15,4.79,65.77,12.34,3.03,43.32,0.952,14.08,4.0,LANE_A,18762.0,-22.5,89.5,CRUISE_LOITER,0.72,6,279.1,-0.1,-0.03,11.51,0.29,-2.22,0.91,61.71,-0.12,0.0,-0.09,-0.15,-0.07,0.229,-0.02,0.7579,1
15.05,5119.9,2107.0,72.4,87.04,89.37,97.97,88.96,781.74,786.28,843.12,785.56,4.8,65.99,12.47,3.01,43.26,0.936,14.07,3.87,LANE_A,18763.0,-22.5,89.5,CRUISE_LOITER,0.71,6,276.9,0.08,-0.09,11.51,0.0,1.47,1.01,60.85,0.29,0.01,0.13,-0.02,-0.13,0.213,-0.03,0.7532,1
15.100000000000001,5134.4,2112.9,72.2,86.86,89.52,97.85,89.22,781.16,785.97,842.08,784.33,4.8,65.83,12.49,3.0,43.33,0.959,14.11,4.08,LANE_A,18764.0,-22.5,89.5,CRUISE_LOITER,0.71,6,274.7,-0.09,0.07,11.4,0.27,0.89,0.7,59.81,-0.94,0.01,-0.03,0.0,-0.05,0.236,0.01,0.7475,1
15.15,5128.9,2110.7,72.5,86.87,89.4,97.93,88.88,779.81,786.49,844.17,785.68,4.77,65.85,12.46,3.03,43.4,0.96,14.13,3.98,LANE_A,18765.0,-22.5,89.5,CRUISE_LOITER,0.71,6,272.5,-0.08,-0.05,11.48,-0.07,-0.46,1.22,61.9,0.41,-0.02,0.0,-0.03,0.02,0.237,0.03,0.7589,1
15.200000000000001,5115.6,2105.2,72.4,87.09,89.34,98.56,88.96,779.17,784.51,844.33,784.67,4.76,65.74,12.55,3.0,43.22,0.954,14.1,3.93,LANE_A,18766.0,-22.5,89.5,CRUISE_LOITER,0.7,6,270.3,0.14,-0.11,12.11,0.01,-1.1,-0.76,62.06,-0.6,-0.03,-0.11,0.06,-0.16,0.231,0.0,0.7606,1
15.25,5132.5,2112.1,72.6,86.85,89.38,98.45,88.92,780.55,783.86,845.4,786.3,4.82,65.85,12.65,3.01,43.09,0.985,14.08,4.06,LANE_A,18767.0,-22.5,89.5,CRUISE_LOITER,0.7,6,268.1,-0.1,-0.07,12.0,-0.03,0.28,-1.41,63.13,1.03,0.03,0.0,0.16,-0.29,0.262,-0.02,0.7662,1
15.3,5132.6,2112.2,72.5,86.84,89.41,98.72,88.78,780.19,786.14,845.5,785.06,4.82,66.0,12.42,2.97,43.48,0.971,14.1,4.0,LANE_A,18767.0,-22.5,89.5,CRUISE_LOITER,0.7,6,265.9,-0.1,-0.03,12.28,-0.16,-0.07,0.88,63.24,-0.2,0.03,0.15,-0.07,0.1,0.248,0.0,0.767,1
15.350000000000001,5123.5,2108.4,72.4,86.95,89.47,98.53,89.16,780.58,784.18,848.13,786.9,4.8,65.84,12.54,3.04,43.54,0.95,14.15,3.93,LANE_A,18768.0,-22.5,89.5,CRUISE_LOITER,0.7,6,263.8,0.01,0.03,12.09,0.22,0.32,-1.08,65.87,1.64,0.01,0.0,0.05,0.16,0.227,0.05,0.7796,1
15.4,5147.4,2118.3,72.5,86.62,89.21,98.28,88.82,777.25,783.23,847.37,784.91,4.79,65.78,12.49,3.01,43.59,0.954,14.1,4.14,LANE_A,18769.0,-22.5,89.5,CRUISE_LOITER,0.69,6,261.6,-0.32,-0.23,11.84,-0.12,-3.01,-2.03,65.11,-0.35,0.0,-0.06,0.0,0.21,0.231,0.0,0.7756,1
15.450000000000001,5117.7,2106.0,72.4,86.81,89.28,98.69,88.69,779.77,786.73,847.71,784.69,4.76,65.77,12.44,2.99,43.43,0.965,14.08,4.03,LANE_A,18770.0,-22.5,89.5,CRUISE_LOITER,0.69,6,259.4,-0.12,-0.15,12.26,-0.24,-0.49,1.47,65.45,-0.57,-0.03,-0.07,-0.05,0.05,0.242,-0.02,0.7779,1
15.5,5132.1,2112.0,72.2,86.95,89.18,98.9,89.04,778.89,786.02,849.49,785.78,4.8,66.07,12.48,2.97,43.42,0.985,14.1,4.05,LANE_A,18771.0,-22.5,89.5,CRUISE_LOITER,0.69,6,257.2,0.02,-0.25,12.47,0.11,-1.37,0.76,67.23,0.52,0.01,0.23,-0.01,0.05,0.262,0.0,0.7867,1
15.55,5123.8,2108.6,72.5,86.9,88.92,99.19,88.95,782.19,786.66,850.02,784.65,4.8,65.84,12.38,3.0,43.34,0.962,14.06,4.1,LANE_A,18772.0,-22.5,89.5,CRUISE_LOITER,0.69,6,255.0,-0.03,-0.51,12.76,0.02,1.93,1.4,67.76,-0.61,0.01,0.01,-0.11,-0.03,0.239,-0.04,0.7894,1
15.600000000000001,5109.4,2102.6,72.7,86.95,89.51,99.22,89.21,781.25,786.76,849.48,784.18,4.82,65.71,12.49,3.03,43.34,0.951,14.11,4.06,LANE_A,18773.0,-22.5,89.5,CRUISE_LOITER,0.68,6,252.8,0.02,0.08,12.79,0.28,0.99,1.5,67.22,-1.08,0.03,-0.12,0.0,-0.03,0.228,0.01,0.7869,1
15.65,5114.6,2104.8,72.9,86.78,89.37,99.05,89.01,781.59,785.64,848.67,784.37,4.81,65.87,12.45,3.01,43.36,0.978,14.11,4.1,LANE_A,18774.0,-22.5,89.5,CRUISE_LOITER,0.68,6,250.6,-0.14,-0.05,12.63,0.09,1.33,0.38,66.41,-0.89,0.02,0.04,-0.04,-0.01,0.255,0.01,0.783,1
15.700000000000001,5116.9,2105.7,72.5,87.0,89.47,99.23,88.83,780.12,787.71,850.72,785.5,4.8,65.87,12.52,2.98,43.18,0.973,14.05,3.94,LANE_A,18774.0,-22.5,89.5,CRUISE_LOITER,0.68,6,248.4,0.08,0.05,12.81,-0.09,-0.13,2.46,68.47,0.25,0.01,0.04,0.03,-0.19,0.25,-0.05,0.7927,1
15.75,5119.9,2107.0,72.7,87.1,89.31,99.37,88.71,779.92,785.06,849.89,785.28,4.76,65.83,12.5,3.0,43.34,0.968,14.08,3.99,LANE_A,18775.0,-22.6,89.5,CRUISE_LOITER,0.67,6,246.3,0.18,-0.11,12.95,-0.21,-0.33,-0.19,67.64,0.03,-0.03,0.01,0.01,-0.03,0.245,-0.02,0.7891,1
15.8,5136.1,2113.6,72.6,86.87,89.45,99.57,88.9,782.53,785.29,850.68,785.12,4.79,65.84,12.66,3.04,43.28,0.984,14.09,4.19,LANE_A,18776.0,-22.6,89.6,CRUISE_LOITER,0.67,6,244.1,-0.04,0.04,13.16,-0.01,2.28,0.04,68.43,-0.13,0.0,0.02,0.17,-0.09,0.261,-0.01,0.7931,1
15.850000000000001,5143.8,2116.8,72.6,86.92,89.3,99.66,88.58,780.13,785.63,853.88,786.1,4.83,65.92,12.53,2.98,43.36,0.98,14.1,3.88,LANE_A,18777.0,-22.6,89.6,CRUISE_LOITER,0.67,6,241.9,0.01,-0.11,13.25,-0.33,-0.12,0.38,71.63,0.85,0.04,0.1,0.04,-0.01,0.257,0.0,0.8071,1
15.9,5120.6,2107.2,72.1,86.89,89.2,99.64,88.71,779.33,786.38,854.04,783.4,4.77,65.69,12.48,3.02,43.3,0.974,14.11,4.03,LANE_A,18778.0,-22.6,89.6,CRUISE_LOITER,0.67,6,239.7,-0.02,-0.21,13.23,-0.2,-0.92,1.13,71.79,-1.85,-0.02,-0.13,-0.01,-0.06,0.251,0.01,0.8077,1
15.950000000000001,5149.8,2119.3,72.5,86.89,89.38,100.08,88.88,782.69,785.62,853.86,785.81,4.8,65.86,12.55,3.01,43.5,1.003,14.08,4.08,LANE_A,18779.0,-22.6,89.6,CRUISE_LOITER,0.66,6,237.5,-0.02,-0.03,13.67,-0.03,2.44,0.37,71.61,0.56,0.01,0.05,0.07,0.14,0.28,-0.02,0.8076,1
16.0,5140.6,2115.5,72.7,87.22,89.5,100.03,89.34,779.53,785.49,854.75,784.0,4.75,65.94,12.54,3.0,43.22,1.001,14.11,4.1,LANE_A,18780.0,-22.6,89.6,CRUISE_LOITER,0.66,6,235.3,0.32,0.1,13.63,0.44,-0.72,0.24,72.5,-1.25,-0.04,0.13,0.06,-0.14,0.278,0.01,0.8112,1
16.05,5123.1,2108.3,72.4,86.86,88.9,100.0,88.92,778.47,786.22,855.23,783.71,4.74,65.69,12.49,3.0,43.29,0.969,14.1,3.99,LANE_A,18781.0,-22.6,89.6,CRUISE_LOITER,0.66,6,233.1,-0.04,-0.5,13.6,0.02,-1.77,0.98,72.99,-1.53,-0.05,-0.12,0.01,-0.07,0.246,0.0,0.813,1
16.1,5136.9,2114.0,72.6,86.71,89.4,100.27,89.06,781.07,786.52,855.64,786.21,4.76,65.91,12.4,2.97,43.38,0.983,14.08,4.07,LANE_A,18781.0,-22.6,89.6,CRUISE_LOITER,0.65,6,230.9,-0.19,0.0,13.87,0.16,0.83,1.28,73.4,0.97,-0.03,0.1,-0.08,0.02,0.26,-0.02,0.815,1
16.150000000000002,5136.7,2113.9,72.4,86.76,89.48,100.1,88.92,777.05,784.89,855.73,785.86,4.75,65.9,12.43,3.01,43.44,0.986,14.11,4.02,LANE_A,18782.0,-22.6,89.6,CRUISE_LOITER,0.65,6,228.7,-0.14,0.08,13.7,0.02,-3.19,-0.35,73.49,0.62,-0.04,0.1,-0.05,0.08,0.263,0.01,0.8153,1
16.2,5118.9,2106.5,72.3,86.87,88.91,100.08,88.68,779.37,785.64,854.77,784.94,4.86,65.7,12.41,3.0,43.17,1.017,14.07,4.29,LANE_A,18783.0,-22.6,89.6,CRUISE_LOITER,0.65,6,226.6,-0.02,-0.48,13.69,-0.21,-0.87,0.4,72.53,-0.3,0.07,-0.1,-0.07,-0.19,0.294,-0.03,0.8115,1
16.25,5153.7,2120.9,72.5,87.01,89.29,100.8,88.86,781.27,785.23,856.35,785.23,4.72,65.85,12.41,3.0,43.4,0.985,14.11,3.93,LANE_A,18784.0,-22.6,89.6,CRUISE_LOITER,0.65,6,224.4,0.12,-0.1,14.41,-0.03,1.03,-0.01,74.11,-0.01,-0.07,0.05,-0.07,0.04,0.262,0.01,0.8185,1
16.3,5125.1,2109.1,72.5,87.29,89.22,100.79,88.79,778.52,787.24,859.85,785.04,4.76,65.99,12.46,2.97,43.32,1.014,14.11,4.02,LANE_A,18785.0,-22.6,89.6,CRUISE_LOITER,0.64,6,222.2,0.4,-0.17,14.4,-0.1,-1.72,2.0,77.61,-0.2,-0.03,0.19,-0.02,-0.04,0.291,0.01,0.8319,1
16.35,5132.8,2112.3,72.6,86.95,89.45,100.62,89.0,779.31,784.92,858.34,784.8,4.83,65.73,12.47,2.99,43.51,1.01,14.09,4.22,LANE_A,18786.0,-22.6,89.6,CRUISE_LOITER,0.64,6,220.0,0.07,0.07,14.24,0.12,-0.93,-0.32,76.1,-0.44,0.04,-0.06,-0.01,0.16,0.287,-0.01,0.8261,1
16.400000000000002,5122.6,2108.1,72.6,87.23,89.45,101.16,88.77,778.38,785.03,859.33,785.19,4.76,65.87,12.35,2.98,43.25,0.999,14.07,4.04,LANE_A,18787.0,-22.6,89.6,CRUISE_LOITER,0.64,6,217.8,0.35,0.07,14.78,-0.11,-1.86,-0.21,77.09,-0.05,-0.03,0.08,-0.13,-0.1,0.276,-0.03,0.8303,1
16.45,5137.8,2114.3,72.7,87.09,89.22,101.0,88.93,780.26,785.43,858.84,785.14,4.85,66.14,12.45,3.04,43.31,1.02,14.1,4.38,LANE_A,18788.0,-22.6,89.6,CRUISE_LOITER,0.63,6,215.6,0.21,-0.16,14.62,0.05,0.03,0.2,76.61,-0.09,0.06,0.35,-0.03,-0.04,0.297,0.0,0.8285,1
16.5,5120.1,2107.0,72.9,87.08,89.16,101.34,88.77,780.81,785.47,858.28,786.83,4.8,65.8,12.38,3.01,43.33,0.988,14.09,3.95,LANE_A,18788.0,-22.6,89.6,CRUISE_LOITER,0.63,6,213.4,0.2,-0.22,14.96,-0.11,0.58,0.24,76.05,1.6,0.01,0.01,-0.1,-0.02,0.265,-0.01,0.8266,1
16.55,5134.1,2112.8,72.9,86.87,89.52,101.03,88.7,780.55,784.63,861.76,786.45,4.82,65.96,12.37,3.01,43.4,1.011,14.09,4.15,LANE_A,18789.0,-22.6,89.6,CRUISE_LOITER,0.63,6,211.2,0.0,0.15,14.66,-0.17,0.32,-0.6,79.53,1.22,0.03,0.18,-0.11,0.05,0.288,-0.01,0.839,1
16.6,5133.1,2112.4,72.3,86.9,89.12,101.11,88.99,779.85,786.01,859.7,784.48,4.75,65.79,12.46,3.0,43.23,0.995,14.13,4.01,LANE_A,18790.0,-22.6,89.6,CRUISE_LOITER,0.63,6,209.1,0.03,-0.25,14.74,0.12,-0.38,0.78,77.47,-0.75,-0.04,0.01,-0.02,-0.12,0.272,0.03,0.8317,1
16.650000000000002,5140.8,2115.6,72.7,86.82,89.78,101.48,89.0,780.12,784.06,860.47,785.37,4.79,65.79,12.53,3.01,43.45,1.01,14.11,4.14,LANE_A,18791.0,-22.6,89.6,CRUISE_LOITER,0.62,6,206.9,-0.05,0.41,15.11,0.13,-0.11,-1.17,78.24,0.14,0.0,0.01,0.05,0.1,0.287,0.01,0.8349,1
16.7,5109.4,2102.6,72.5,86.7,89.36,101.62,89.04,780.79,787.02,863.14,784.68,4.78,65.87,12.59,3.01,43.36,1.022,14.13,3.91,LANE_A,18792.0,-22.6,89.6,CRUISE_LOITER,0.62,6,204.7,-0.17,-0.01,15.25,0.17,0.56,1.79,80.91,-0.55,-0.01,0.09,0.11,0.01,0.299,0.03,0.8444,1
16.75,5112.7,2104.0,72.2,86.92,89.67,101.59,88.96,779.71,785.71,864.23,787.27,4.75,65.81,12.49,3.0,43.56,1.008,14.07,4.07,LANE_A,18793.0,-22.6,89.6,CRUISE_LOITER,0.62,6,202.5,0.06,0.31,15.23,0.1,-0.52,0.48,82.0,2.04,-0.04,0.04,0.01,0.22,0.285,-0.03,0.848,1
16.8,5119.4,2106.7,72.3,86.58,89.2,101.46,88.63,780.58,786.47,864.68,786.93,4.82,65.88,12.45,3.01,43.47,1.017,14.09,4.02,LANE_A,18794.0,-22.6,89.6,CRUISE_LOITER,0.61,6,200.3,-0.28,-0.16,15.1,-0.23,0.36,1.25,82.46,1.71,0.03,0.11,-0.03,0.13,0.294,-0.01,0.8494,1
16.85,5138.8,2114.7,72.5,86.73,89.26,101.87,88.81,779.06,785.19,862.71,786.31,4.8,66.03,12.42,3.03,43.28,1.047,14.09,4.19,LANE_A,18795.0,-22.6,89.7,CRUISE_LOITER,0.61,6,198.1,-0.13,-0.1,15.51,-0.05,-1.16,-0.03,80.49,1.09,0.01,0.26,-0.06,-0.06,0.324,-0.01,0.8433,1
16.900000000000002,5123.9,2108.6,72.4,86.7,89.29,102.36,89.06,780.54,783.31,863.31,784.64,4.79,65.76,12.52,2.97,43.4,1.014,14.08,4.01,LANE_A,18795.0,-22.6,89.7,CRUISE_LOITER,0.61,6,195.9,-0.15,-0.06,16.01,0.21,0.32,-1.91,81.09,-0.58,0.0,-0.01,0.04,0.06,0.291,-0.02,0.8457,1
16.95,5120.2,2107.1,72.6,86.97,89.39,102.13,88.7,779.86,786.38,867.51,785.0,4.83,65.73,12.45,3.01,43.34,1.045,14.11,4.13,LANE_A,18796.0,-22.6,89.7,CRUISE_LOITER,0.61,6,193.8,0.12,0.04,15.78,-0.15,-0.36,1.16,85.29,-0.22,0.04,-0.03,-0.03,0.0,0.322,0.01,0.8591,1
17.0,5122.6,2108.1,72.8,86.78,89.38,101.99,89.15,781.35,784.34,867.1,787.4,4.81,65.96,12.34,3.0,43.26,1.044,14.09,4.05,LANE_A,18797.0,-22.6,89.7,CRUISE_LOITER,0.6,6,191.6,-0.07,0.03,15.64,0.3,1.13,-0.88,84.88,2.18,0.02,0.2,-0.14,-0.08,0.321,-0.01,0.8577,1
17.05,5106.8,2101.6,72.3,86.79,89.71,102.3,88.63,780.52,785.35,866.24,785.34,4.77,65.79,12.67,3.02,43.31,1.004,14.09,3.98,LANE_A,18798.0,-22.6,89.7,CRUISE_LOITER,0.6,6,189.4,-0.06,0.36,15.95,-0.22,0.3,0.13,84.02,0.12,-0.02,0.03,0.19,-0.03,0.281,-0.01,0.8551,1
17.1,5143.4,2116.6,72.2,87.12,89.07,102.32,88.75,778.63,786.75,868.53,784.42,4.84,65.96,12.48,3.01,43.25,1.035,14.1,3.92,LANE_A,18799.0,-22.6,89.7,CRUISE_LOITER,0.6,6,187.2,0.28,-0.27,15.98,-0.09,-1.59,1.53,86.31,-0.8,0.05,0.21,0.0,-0.09,0.312,0.0,0.8623,1
17.150000000000002,5144.7,2117.2,72.6,87.1,89.46,102.42,88.34,780.67,784.37,867.12,787.49,4.76,65.65,12.5,3.0,43.37,1.025,14.1,4.14,LANE_A,18800.0,-22.6,89.7,CRUISE_LOITER,0.59,6,185.0,0.26,0.12,16.08,-0.5,0.45,-0.85,84.9,2.27,-0.03,-0.1,0.02,0.04,0.302,0.0,0.8581,1
17.2,5129.1,2110.7,72.3,86.65,89.34,102.56,88.87,779.84,784.36,869.06,786.16,4.79,65.58,12.69,3.0,42.95,1.036,14.07,4.2,LANE_A,18801.0,-22.6,89.7,CRUISE_LOITER,0.59,6,182.8,-0.19,0.0,16.22,0.03,-0.37,-0.85,86.85,0.95,0.0,-0.17,0.21,-0.38,0.313,-0.03,0.8641,1
17.25,5126.7,2109.8,72.1,86.94,89.32,102.64,88.87,781.06,784.78,868.2,783.61,4.78,65.98,12.54,3.02,43.42,1.059,14.1,3.87,LANE_A,18802.0,-22.6,89.7,CRUISE_LOITER,0.59,6,180.6,0.11,-0.01,16.31,0.04,0.85,-0.43,85.99,-1.6,-0.01,0.23,0.06,0.09,0.336,0.0,0.8617,1
17.3,5111.8,2103.6,72.3,86.94,89.5,102.84,88.86,781.03,785.52,870.16,786.02,4.8,65.79,12.53,3.01,43.31,1.045,14.1,4.02,LANE_A,18802.0,-22.6,89.7,CRUISE_LOITER,0.59,6,178.4,0.11,0.17,16.51,0.03,0.82,0.31,87.95,0.81,0.01,0.05,0.05,-0.02,0.322,0.0,0.8676,1
17.35,5108.8,2102.4,72.6,86.81,89.42,102.92,88.9,778.74,783.66,867.92,784.42,4.78,65.8,12.49,3.02,43.52,1.023,14.1,4.12,LANE_A,18803.0,-22.6,89.7,CRUISE_LOITER,0.58,6,176.2,-0.02,0.09,16.59,0.07,-1.47,-1.55,85.71,-0.79,-0.01,0.06,0.01,0.19,0.3,0.0,0.8609,1
17.400000000000002,5132.1,2112.0,72.6,87.15,89.4,103.28,88.99,780.78,785.36,871.3,784.57,4.8,65.39,12.53,3.01,43.57,1.054,14.11,4.09,LANE_A,18804.0,-22.6,89.7,CRUISE_LOITER,0.58,6,174.1,0.32,0.07,16.95,0.16,0.57,0.15,89.09,-0.64,0.01,-0.35,0.05,0.24,0.331,0.01,0.8712,1
17.45,5132.6,2112.2,72.3,86.4,89.38,103.44,88.65,780.25,786.18,870.92,785.8,4.79,65.89,12.51,2.98,43.36,1.06,14.16,4.05,LANE_A,18805.0,-22.6,89.7,CRUISE_LOITER,0.58,6,171.9,-0.42,0.06,17.12,-0.17,0.04,0.97,88.71,0.59,0.0,0.15,0.03,0.03,0.337,0.06,0.8703,1
17.5,5095.2,2096.8,72.7,86.46,89.56,103.13,88.74,780.15,784.44,872.85,784.79,4.78,65.61,12.48,3.04,43.38,1.049,14.1,4.1,LANE_A,18806.0,-22.6,89.7,CRUISE_LOITER,0.58,6,169.7,-0.36,0.24,16.81,-0.08,-0.06,-0.77,90.64,-0.42,-0.01,-0.12,0.0,0.05,0.326,0.0,0.8753,1
17.55,5130.0,2111.1,72.6,86.74,89.33,103.71,89.06,780.32,786.1,872.06,786.43,4.81,65.8,12.56,3.0,43.42,1.062,14.11,4.02,LANE_A,18807.0,-22.6,89.7,CRUISE_LOITER,0.57,6,167.5,-0.08,0.01,17.39,0.24,0.11,0.89,89.85,1.22,0.02,0.07,0.08,0.1,0.339,0.01,0.8737,1
17.6,5108.9,2102.4,72.6,86.96,89.21,103.44,88.83,778.65,784.55,874.48,785.44,4.77,65.91,12.4,3.0,43.29,1.038,14.11,4.09,LANE_A,18808.0,-22.6,89.7,CRUISE_LOITER,0.57,6,165.3,0.14,-0.11,17.12,0.01,-1.55,-0.65,92.28,0.24,-0.02,0.18,-0.08,-0.03,0.315,0.01,0.8799,1
17.650000000000002,5145.7,2117.6,72.4,86.86,89.29,103.69,88.48,781.44,784.45,871.68,784.49,4.81,65.82,12.53,3.0,43.2,1.073,14.11,3.83,LANE_A,18808.0,-22.6,89.7,CRUISE_LOITER,0.57,6,163.1,0.05,-0.02,17.38,-0.33,1.24,-0.75,89.48,-0.71,0.02,0.09,0.05,-0.12,0.35,0.01,0.8727,1
17.7,5101.8,2099.5,72.3,86.93,89.23,103.96,88.77,780.7,784.91,873.2,784.13,4.82,65.9,12.47,3.0,43.4,1.047,14.1,3.86,LANE_A,18809.0,-22.6,89.7,CRUISE_LOITER,0.56,6,160.9,0.12,-0.08,17.65,-0.04,0.5,-0.29,91.0,-1.07,0.03,0.18,-0.01,0.08,0.324,0.0,0.8769,1
17.75,5120.1,2107.0,72.9,86.97,89.5,103.85,88.79,780.95,783.54,873.16,783.44,4.84,65.55,12.38,2.99,43.4,1.061,14.12,4.19,LANE_A,18810.0,-22.6,89.7,CRUISE_LOITER,0.56,6,158.8,0.16,0.19,17.54,-0.02,0.75,-1.66,90.96,-1.76,0.05,-0.17,-0.1,0.08,0.338,0.02,0.8768,1
17.8,5134.9,2113.1,72.4,86.98,89.2,103.76,88.96,781.31,785.63,874.54,786.26,4.8,65.78,12.5,3.01,43.17,1.049,14.1,3.81,LANE_A,18811.0,-22.6,89.7,CRUISE_LOITER,0.56,6,156.6,0.18,-0.1,17.46,0.16,1.11,0.43,92.34,1.06,0.01,0.06,0.02,-0.15,0.326,0.0,0.8803,1
17.85,5129.5,2110.9,72.3,86.57,89.13,104.12,88.79,777.17,783.14,876.89,784.19,4.8,66.07,12.56,3.0,43.44,1.051,14.12,4.06,LANE_A,18812.0,-22.6,89.7,CRUISE_LOITER,0.56,6,154.4,-0.23,-0.17,17.82,-0.01,-3.03,-2.06,94.69,-1.01,0.01,0.35,0.08,0.12,0.328,0.02,0.8866,1
17.900000000000002,5110.4,2103.0,72.8,86.76,89.34,104.17,88.88,779.29,786.05,875.36,786.19,4.79,65.63,12.42,2.98,43.27,1.083,14.08,4.19,LANE_A,18813.0,-22.6,89.8,CRUISE_LOITER,0.55,6,152.2,-0.04,0.04,17.87,0.08,-0.91,0.85,93.16,0.99,0.0,-0.08,-0.06,-0.05,0.36,-0.02,0.8829,1
17.95,5117.9,2106.1,72.8,86.65,89.49,104.26,88.66,780.7,784.1,876.9,784.67,4.79,65.68,12.45,3.01,43.24,1.044,14.08,4.04,LANE_A,18814.0,-22.6,89.8,CRUISE_LOITER,0.55,6,150.0,-0.15,0.19,17.96,-0.14,0.51,-1.09,94.71,-0.52,0.0,-0.03,-0.03,-0.08,0.321,-0.02,0.8867,1
18.0,5127.1,2109.9,72.5,86.93,89.11,104.29,89.11,780.76,784.75,878.88,785.19,4.79,65.93,12.34,2.96,43.2,1.052,14.08,3.95,LANE_A,18815.0,-22.6,89.8,CRUISE_LOITER,0.55,6,150.0,0.14,-0.18,18.0,0.32,0.57,-0.44,96.69,0.0,0.0,0.22,-0.13,-0.11,0.329,-0.02,0.8915,1
18.05,5120.4,2107.2,72.6,86.92,89.4,104.11,88.55,779.17,784.06,877.77,785.75,4.78,65.66,12.39,2.98,43.31,1.059,14.08,3.91,LANE_A,18815.0,-22.6,89.8,CRUISE_LOITER,0.55,6,150.0,0.13,0.11,17.82,-0.24,-1.02,-1.13,95.58,0.56,-0.01,-0.05,-0.08,0.0,0.336,-0.02,0.8888,1
18.1,5124.4,2108.8,72.6,86.75,89.4,104.34,88.53,781.07,784.52,877.69,784.08,4.8,65.49,12.41,3.02,43.4,1.061,14.1,4.16,LANE_A,18816.0,-22.6,89.8,CRUISE_LOITER,0.55,6,150.0,-0.04,0.11,18.05,-0.26,0.88,-0.67,95.5,-1.11,0.01,-0.21,-0.06,0.09,0.338,0.0,0.8887,1
18.150000000000002,5122.4,2108.0,72.4,86.66,89.07,104.41,88.89,778.98,784.45,876.46,783.75,4.79,65.39,12.38,2.97,43.28,1.071,14.08,4.06,LANE_A,18817.0,-22.6,89.8,CRUISE_LOITER,0.55,6,150.0,-0.13,-0.22,18.12,0.1,-1.21,-0.74,94.27,-1.44,0.0,-0.31,-0.09,-0.03,0.348,-0.02,0.8858,1
18.2,5116.1,2105.4,72.3,86.82,89.47,104.34,88.71,782.51,785.17,874.86,785.4,4.79,65.91,12.36,2.98,43.42,1.086,14.08,4.34,LANE_A,18818.0,-22.6,89.8,CRUISE_LOITER,0.55,6,150.0,0.04,0.19,18.06,-0.07,2.32,-0.02,92.67,0.21,0.0,0.21,-0.11,0.11,0.363,-0.02,0.8818,1
18.25,5128.6,2110.5,72.6,86.58,89.22,104.14,88.96,777.88,787.83,876.79,786.85,4.75,65.78,12.45,2.99,43.44,1.084,14.07,3.82,LANE_A,18819.0,-22.6,89.8,CRUISE_LOITER,0.55,6,150.0,-0.2,-0.06,17.86,0.18,-2.31,2.64,94.6,1.66,-0.04,0.08,-0.02,0.13,0.361,-0.03,0.8865,1
18.3,5117.2,2105.8,72.5,86.43,89.09,104.26,88.72,780.74,785.27,878.75,783.52,4.8,65.6,12.56,3.02,43.24,1.06,14.09,3.98,LANE_A,18820.0,-22.6,89.8,CRUISE_LOITER,0.55,6,150.0,-0.35,-0.19,17.98,-0.06,0.55,0.08,96.56,-1.67,0.01,-0.09,0.09,-0.07,0.337,-0.01,0.8912,1
18.35,5111.0,2103.3,72.3,87.09,89.3,104.02,88.75,780.94,784.77,877.9,785.84,4.8,65.66,12.47,3.0,43.05,1.089,14.12,4.02,LANE_A,18821.0,-22.6,89.8,CRUISE_LOITER,0.55,6,150.0,0.32,0.03,17.75,-0.02,0.76,-0.41,95.72,0.66,0.01,-0.03,0.0,-0.26,0.366,0.02,0.8891,1
18.400000000000002,5127.1,2109.9,72.6,86.66,89.14,104.12,88.35,779.23,785.16,877.48,784.43,4.8,65.52,12.42,2.98,43.32,1.067,14.12,4.17,LANE_A,18822.0,-22.6,89.8,CRUISE_LOITER,0.55,6,150.0,-0.11,-0.13,17.85,-0.42,-0.95,-0.02,95.3,-0.75,0.01,-0.17,-0.05,0.02,0.344,0.02,0.8881,1
18.45,5142.2,2116.1,72.7,86.9,89.44,104.55,88.38,782.37,786.77,878.09,783.98,4.83,66.0,12.39,3.02,43.24,1.08,14.11,4.05,LANE_A,18822.0,-22.6,89.8,CRUISE_LOITER,0.55,6,150.0,0.13,0.17,18.28,-0.39,2.19,1.59,95.91,-1.2,0.04,0.31,-0.08,-0.06,0.357,0.01,0.8899,1
18.5,5118.1,2106.2,72.7,86.56,89.11,103.9,88.56,781.24,786.22,876.06,784.29,4.8,65.79,12.46,3.02,43.41,1.081,14.06,4.06,LANE_A,18823.0,-22.6,89.8,CRUISE_LOITER,0.55,6,150.0,-0.21,-0.16,17.63,-0.21,1.06,1.04,93.88,-0.89,0.01,0.11,-0.01,0.11,0.358,-0.04,0.8845,1
18.55,5142.7,2116.3,72.6,86.75,89.81,104.39,88.96,780.27,786.87,878.42,784.27,4.79,65.81,12.45,3.0,43.3,1.054,14.09,4.01,LANE_A,18824.0,-22.6,89.8,CRUISE_LOITER,0.55,6,150.0,-0.01,0.55,18.13,0.2,0.09,1.69,96.24,-0.91,0.0,0.13,-0.02,0.0,0.331,-0.01,0.8905,1
18.6,5129.2,2110.8,72.4,86.69,89.45,104.15,88.55,780.09,786.78,878.85,784.17,4.78,65.47,12.48,2.99,43.35,1.055,14.06,4.24,LANE_A,18825.0,-22.7,89.8,CRUISE_LOITER,0.55,6,150.0,-0.07,0.19,17.89,-0.21,-0.09,1.6,96.67,-1.01,-0.01,-0.21,0.01,0.05,0.332,-0.04,0.8914,1
18.650000000000002,5114.2,2104.6,72.5,87.08,89.66,104.41,88.74,779.85,785.1,876.77,785.31,4.83,65.76,12.44,2.98,43.21,1.073,14.12,4.04,LANE_A,18826.0,-22.7,89.8,CRUISE_LOITER,0.55,6,150.0,0.32,0.4,18.15,-0.02,-0.33,-0.08,94.59,0.13,0.04,0.08,-0.03,-0.09,0.35,0.02,0.8866,1
18.7,5128.3,2110.4,72.4,86.87,89.23,104.07,88.91,781.3,786.26,877.01,784.36,4.8,65.52,12.39,2.99,43.25,1.071,14.15,3.88,LANE_A,18827.0,-22.7,89.8,CRUISE_LOITER,0.55,6,150.0,0.11,-0.03,17.81,0.15,1.13,1.09,94.84,-0.81,0.01,-0.15,-0.08,-0.05,0.348,0.05,0.887,1
18.75,5110.0,2102.9,72.5,86.49,89.35,104.17,88.67,781.8,783.92,877.82,785.47,4.76,65.59,12.53,2.95,43.33,1.087,14.08,4.01,LANE_A,18828.0,-22.7,89.8,CRUISE_LOITER,0.55,6,150.0,-0.26,0.1,17.92,-0.08,1.63,-1.25,95.65,0.3,-0.03,-0.08,0.06,0.03,0.364,-0.02,0.8891,1
18.8,5136.2,2113.7,72.5,86.68,89.32,103.95,88.84,777.69,784.6,876.65,787.68,4.75,65.52,12.43,2.98,43.1,1.047,14.1,4.02,LANE_A,18829.0,-22.7,89.8,CRUISE_LOITER,0.55,6,150.0,-0.07,0.07,17.7,0.09,-2.48,-0.57,94.48,2.51,-0.04,-0.15,-0.04,-0.19,0.324,0.0,0.886,1
18.85,5115.4,2105.1,72.2,86.76,89.38,104.05,88.9,780.16,784.51,877.5,785.28,4.78,65.65,12.43,3.02,43.4,1.071,14.13,4.09,LANE_A,18829.0,-22.7,89.8,CRUISE_LOITER,0.55,6,150.0,0.01,0.13,17.8,0.15,-0.01,-0.66,95.33,0.11,-0.01,-0.02,-0.04,0.11,0.348,0.03,0.8882,1
18.900000000000002,5115.5,2105.1,72.6,87.09,89.23,104.24,88.72,778.31,783.27,879.65,783.22,4.8,65.53,12.43,3.03,42.96,1.104,14.12,4.12,LANE_A,18830.0,-22.7,89.8,CRUISE_LOITER,0.55,6,150.0,0.35,-0.01,18.0,-0.02,-1.86,-1.9,97.48,-1.95,0.01,-0.13,-0.04,-0.33,0.381,0.02,0.8935,1
18.95,5123.9,2108.6,72.6,87.11,89.16,104.1,88.87,782.95,784.1,877.53,784.96,4.84,65.63,12.39,2.98,43.13,1.064,14.09,4.03,LANE_A,18831.0,-22.7,89.8,CRUISE_LOITER,0.55,6,150.0,0.37,-0.08,17.86,0.13,2.78,-1.07,95.36,-0.21,0.05,-0.03,-0.08,-0.16,0.341,-0.01,0.8883,1
19.0,5135.1,2113.2,72.6,86.78,89.28,103.99,88.84,780.17,785.25,876.93,787.26,4.76,65.71,12.55,2.99,43.38,1.08,14.1,4.15,LANE_A,18832.0,-22.7,89.9,CRUISE_LOITER,0.55,6,150.0,0.04,0.04,17.75,0.1,0.0,0.08,94.76,2.09,-0.03,0.05,0.08,0.09,0.357,0.0,0.8868,1
19.05,5104.4,2100.6,72.6,86.99,89.19,104.39,88.83,779.89,787.06,877.55,784.92,4.8,65.86,12.37,3.0,43.2,1.054,14.09,3.91,LANE_A,18833.0,-22.7,89.9,CRUISE_LOITER,0.55,6,150.0,0.25,-0.05,18.15,0.09,-0.28,1.89,95.38,-0.25,0.01,0.2,-0.1,-0.09,0.331,-0.01,0.8885,1
19.1,5118.7,2106.5,72.4,86.7,89.11,104.02,88.41,779.29,785.1,879.41,784.23,4.75,65.64,12.44,3.0,43.32,1.066,14.1,4.06,LANE_A,18834.0,-22.7,89.9,CRUISE_LOITER,0.55,6,150.0,-0.03,-0.12,17.79,-0.32,-0.87,-0.06,97.25,-0.93,-0.04,-0.01,-0.03,0.03,0.343,0.0,0.8927,1
19.150000000000002,5115.3,2105.1,72.7,86.47,89.13,104.29,88.59,778.52,783.86,878.82,784.44,4.79,65.78,12.45,2.97,43.55,1.049,14.09,3.97,LANE_A,18835.0,-22.7,89.9,CRUISE_LOITER,0.55,6,150.0,-0.26,-0.1,18.06,-0.14,-1.64,-1.3,96.66,-0.72,0.0,0.13,-0.02,0.26,0.326,-0.01,0.8915,1
19.200000000000003,5129.0,2110.7,72.5,86.64,89.3,104.04,88.47,778.67,785.25,876.79,787.11,4.85,65.75,12.41,3.0,43.36,1.066,14.11,4.04,LANE_A,18835.0,-22.7,89.9,CRUISE_LOITER,0.55,6,150.0,-0.09,0.07,17.81,-0.26,-1.49,0.09,94.63,1.95,0.06,0.1,-0.06,0.07,0.343,0.01,0.8865,1
19.25,5113.3,2104.2,72.6,86.78,89.3,104.31,88.64,780.93,785.4,876.8,786.02,4.86,65.57,12.59,3.01,43.26,1.066,14.07,4.08,LANE_A,18836.0,-22.7,89.9,CRUISE_LOITER,0.55,6,150.0,0.05,0.07,18.08,-0.09,0.77,0.24,94.64,0.86,0.07,-0.08,0.12,-0.02,0.343,-0.03,0.8867,1
19.3,5119.4,2106.7,72.6,86.68,89.44,104.42,88.76,780.94,786.14,877.2,783.98,4.75,65.87,12.37,3.0,43.23,1.068,14.1,4.19,LANE_A,18837.0,-22.7,89.9,CRUISE_LOITER,0.55,6,150.0,-0.04,0.22,18.2,0.04,0.78,0.98,95.04,-1.18,-0.04,0.23,-0.1,-0.05,0.345,0.0,0.8877,1
19.35,5092.2,2095.6,72.5,86.79,88.9,104.18,88.63,779.48,783.64,877.83,785.41,4.8,65.56,12.46,3.04,43.28,1.064,14.09,3.95,LANE_A,18838.0,-22.7,89.9,CRUISE_LOITER,0.55,6,150.0,0.07,-0.32,17.96,-0.09,-0.68,-1.52,95.67,0.25,0.01,-0.08,-0.01,0.0,0.341,-0.01,0.8891,1
19.400000000000002,5100.6,2099.0,72.4,86.66,89.3,104.25,88.53,781.06,785.56,877.16,783.71,4.81,65.62,12.42,2.99,43.22,1.079,14.11,4.04,LANE_A,18839.0,-22.7,89.9,CRUISE_LOITER,0.55,6,150.0,-0.06,0.08,18.03,-0.19,0.9,0.4,95.0,-1.45,0.02,-0.02,-0.05,-0.06,0.356,0.01,0.8875,1
19.450000000000003,5127.7,2110.2,72.8,86.75,89.18,104.45,88.7,780.63,785.04,877.21,785.73,4.74,65.59,12.46,3.01,43.25,1.08,14.09,4.16,LANE_A,18840.0,-22.7,89.9,CRUISE_LOITER,0.55,6,150.0,0.04,-0.03,18.24,-0.01,0.47,-0.12,95.05,0.57,-0.05,-0.05,-0.01,-0.03,0.357,-0.01,0.8878,1
19.5,5131.9,2111.9,72.6,86.87,89.5,104.31,88.5,780.8,786.75,878.35,785.18,4.71,65.45,12.45,3.0,43.09,1.068,14.14,4.05,LANE_A,18841.0,-22.7,89.9,CRUISE_LOITER,0.55,6,150.0,0.16,0.29,18.1,-0.21,0.65,1.6,96.2,0.03,-0.08,-0.18,-0.02,-0.19,0.345,0.04,0.8905,1
19.55,5125.5,2109.3,72.8,86.83,89.44,104.07,88.67,778.34,785.77,877.51,786.56,4.8,65.95,12.42,2.98,43.52,1.073,14.12,4.09,LANE_A,18842.0,-22.7,89.9,CRUISE_LOITER,0.55,6,150.0,0.12,0.23,17.86,-0.04,-1.81,0.62,95.36,1.41,0.01,0.32,-0.05,0.24,0.35,0.02,0.8883,1
19.6,5100.8,2099.1,72.6,86.79,88.92,103.97,88.66,778.74,787.3,878.63,785.48,4.83,65.49,12.54,3.03,43.23,1.077,14.08,3.99,LANE_A,18842.0,-22.7,89.9,CRUISE_LOITER,0.55,6,150.0,0.08,-0.29,17.76,-0.05,-1.41,2.15,96.48,0.33,0.04,-0.14,0.07,-0.05,0.354,-0.02,0.8909,1
19.650000000000002,5114.6,2104.8,72.6,86.62,89.68,104.12,88.8,781.62,784.2,877.95,783.93,4.79,65.73,12.46,3.01,43.18,1.076,14.13,4.19,LANE_A,18843.0,-22.7,89.9,CRUISE_LOITER,0.55,6,150.0,-0.08,0.48,17.92,0.1,1.47,-0.95,95.8,-1.22,0.0,0.1,-0.01,-0.09,0.353,0.03,0.8894,1
19.700000000000003,5106.3,2101.4,72.5,86.63,89.17,104.56,88.61,779.81,784.91,875.66,784.42,4.8,65.56,12.44,3.04,43.15,1.068,14.09,3.97,LANE_A,18844.0,-22.7,89.9,CRUISE_LOITER,0.55,6,150.0,-0.07,-0.03,18.36,-0.09,-0.34,-0.24,93.51,-0.73,0.01,-0.06,-0.03,-0.12,0.345,-0.01,0.884,1
19.75,5110.8,2103.2,72.7,86.44,89.32,104.07,88.72,779.71,785.01,878.05,784.76,4.77,65.39,12.44,3.02,43.47,1.122,14.13,4.22,LANE_A,18845.0,-22.7,89.9,CRUISE_LOITER,0.55,6,150.0,-0.26,0.12,17.87,0.02,-0.44,-0.14,95.9,-0.39,-0.02,-0.23,-0.03,0.2,0.399,0.03,0.8898,1
19.8,5119.5,2106.8,72.9,86.93,89.37,104.34,88.71,777.87,784.21,877.03,783.73,4.76,65.49,12.49,2.97,43.35,1.083,14.11,3.97,LANE_A,18846.0,-22.7,89.9,CRUISE_LOITER,0.55,6,150.0,0.23,0.17,18.14,0.01,-2.28,-0.94,94.88,-1.42,-0.03,-0.13,0.02,0.08,0.36,0.01,0.8874,1
19.85,5126.2,2109.5,72.5,86.73,89.36,104.03,89.01,781.8,785.8,875.07,787.27,4.78,65.75,12.59,2.99,43.48,1.065,14.08,3.99,LANE_A,18847.0,-22.7,89.9,CRUISE_LOITER,0.55,6,150.0,0.04,0.17,17.84,0.32,1.66,0.66,92.93,2.13,-0.01,0.13,0.12,0.21,0.342,-0.02,0.8822,1
19.900000000000002,5099.4,2098.5,72.7,87.09,89.12,104.49,88.92,778.1,786.93,876.15,785.04,4.76,65.65,12.48,3.01,43.33,1.073,14.13,4.06,LANE_A,18848.0,-22.7,89.9,CRUISE_LOITER,0.55,6,150.0,0.4,-0.07,18.3,0.23,-2.04,1.79,94.01,-0.1,-0.03,0.04,0.01,0.06,0.35,0.03,0.8853,1
19.950000000000003,5125.7,2109.3,72.2,86.57,89.25,103.99,88.81,780.16,785.63,877.35,786.06,4.77,65.73,12.36,3.0,43.31,1.07,14.07,4.19,LANE_A,18849.0,-22.7,89.9,CRUISE_LOITER,0.55,6,150.0,-0.12,0.06,17.8,0.12,0.02,0.49,95.21,0.92,-0.02,0.12,-0.11,0.04,0.347,-0.03,0.8879,1
20.0,5130.7,2111.4,72.4,86.76,89.28,103.89,88.67,781.96,786.56,875.76,784.99,4.79,65.45,12.53,3.0,43.37,1.061,14.11,4.13,LANE_A,18849.0,-22.7,89.9,CRUISE_LOITER,0.55,6,150.0,0.08,0.1,17.71,-0.01,1.82,1.42,93.62,-0.15,0.0,-0.16,0.07,0.1,0.338,0.01,0.8838,1
20.05,5106.0,2101.2,72.8,86.4,89.35,104.21,88.3,782.02,784.63,877.34,783.42,4.75,65.7,12.53,3.02,43.29,1.094,14.11,3.97,LANE_A,18850.0,-22.7,90.0,CRUISE_LOITER,0.55,6,150.0,-0.28,0.17,18.03,-0.38,1.88,-0.51,95.2,-1.72,-0.04,0.09,0.07,0.03,0.371,0.01,0.8881,1
20.1,5139.8,2115.1,72.3,86.79,89.5,104.22,88.83,780.14,784.6,877.97,784.81,4.79,65.64,12.37,2.99,43.41,1.078,14.08,4.19,LANE_A,18851.0,-22.7,90.0,CRUISE_LOITER,0.55,6,150.0,0.11,0.32,18.04,0.15,0.0,-0.54,95.83,-0.33,0.0,0.04,-0.09,0.15,0.355,-0.02,0.8896,1
20.150000000000002,5114.0,2104.5,72.8,86.69,88.89,104.45,88.81,780.32,787.83,878.12,782.95,4.78,65.49,12.59,2.98,43.09,1.068,14.08,4.07,LANE_A,18852.0,-22.7,90.0,CRUISE_LOITER,0.55,6,150.0,0.01,-0.29,18.27,0.13,0.18,2.69,95.98,-2.19,-0.01,-0.11,0.13,-0.17,0.345,-0.02,0.8901,1
20.200000000000003,5116.3,2105.5,72.7,86.32,88.99,104.12,88.75,780.07,785.26,878.87,785.07,4.79,65.6,12.5,3.0,43.24,1.089,14.07,4.12,LANE_A,18853.0,-22.7,90.0,CRUISE_LOITER,0.55,6,150.0,-0.35,-0.18,17.95,0.08,-0.07,0.12,96.73,-0.07,0.0,0.0,0.04,-0.02,0.366,-0.03,0.8917,1
20.25,5140.2,2115.3,72.3,86.61,89.24,104.04,89.04,779.73,785.85,877.94,786.03,4.8,65.43,12.48,3.01,43.12,1.089,14.08,4.1,LANE_A,18854.0,-22.7,90.0,CRUISE_LOITER,0.55,6,150.0,-0.06,0.07,17.87,0.37,-0.4,0.72,95.81,0.9,0.01,-0.16,0.02,-0.14,0.366,-0.02,0.8894,1
20.3,5114.1,2104.6,72.7,86.58,89.0,104.19,88.24,781.69,785.29,877.77,783.68,4.79,65.57,12.44,3.0,43.17,1.081,14.1,4.01,LANE_A,18855.0,-22.7,90.0,CRUISE_LOITER,0.55,6,150.0,-0.09,-0.17,18.02,-0.43,1.56,0.16,95.64,-1.45,0.0,-0.02,-0.02,-0.09,0.358,0.0,0.8891,1
20.35,5126.1,2109.5,72.3,86.67,89.4,104.35,88.95,779.6,783.69,877.48,785.99,4.8,65.91,12.41,3.02,43.3,1.072,14.09,4.02,LANE_A,18856.0,-22.7,90.0,CRUISE_LOITER,0.55,6,150.0,0.0,0.23,18.18,0.28,-0.53,-1.44,95.35,0.86,0.01,0.32,-0.05,0.04,0.349,-0.01,0.8885,1
20.400000000000002,5138.6,2114.7,72.6,86.33,89.17,104.14,88.65,780.96,785.73,877.32,784.99,4.78,65.59,12.5,3.0,43.3,1.063,14.13,4.22,LANE_A,18856.0,-22.7,90.0,CRUISE_LOITER,0.55,6,150.0,-0.33,0.01,17.98,-0.01,0.83,0.6,95.19,-0.14,-0.01,0.0,0.04,0.04,0.34,0.03,0.8879,1
20.450000000000003,5119.1,2106.6,72.6,86.46,89.17,104.18,88.79,779.72,785.06,877.29,786.94,4.77,65.49,12.56,3.04,43.31,1.058,14.08,4.13,LANE_A,18857.0,-22.7,90.0,CRUISE_LOITER,0.55,6,150.0,-0.2,0.01,18.02,0.13,-0.41,-0.07,95.16,1.81,-0.02,-0.09,0.1,0.05,0.335,-0.02,0.8879,1
20.5,5115.3,2105.1,72.7,86.55,89.35,104.2,88.45,779.86,784.51,878.7,786.03,4.77,65.65,12.38,3.0,43.21,1.092,14.11,3.97,LANE_A,18858.0,-22.7,90.0,CRUISE_LOITER,0.55,6,150.0,-0.11,0.19,18.04,-0.21,-0.27,-0.62,96.57,0.9,-0.02,0.07,-0.08,-0.04,0.369,0.01,0.8914,1
20.55,5133.5,2112.6,72.8,86.87,89.27,104.39,88.67,781.08,787.24,875.96,786.84,4.82,65.52,12.56,3.04,43.3,1.094,14.11,4.0,LANE_A,18859.0,-22.7,90.0,CRUISE_LOITER,0.55,6,150.0,0.22,0.12,18.24,0.02,0.95,2.11,93.83,1.71,0.03,-0.06,0.1,0.05,0.371,0.01,0.8849,1
20.6,5128.3,2110.4,72.6,86.53,89.19,104.23,88.46,780.2,784.86,875.69,785.04,4.8,65.32,12.46,3.0,43.38,1.075,14.09,4.18,LANE_A,18860.0,-22.7,90.0,CRUISE_LOITER,0.55,6,150.0,-0.12,0.04,18.08,-0.19,0.08,-0.26,93.57,-0.08,0.01,-0.26,0.0,0.13,0.352,-0.01,0.884,1
20.650000000000002,5120.3,2107.1,72.5,86.94,89.31,104.28,88.63,781.28,785.37,875.9,784.78,4.74,65.66,12.45,3.01,43.16,1.061,14.12,4.18,LANE_A,18861.0,-22.7,90.0,CRUISE_LOITER,0.55,6,150.0,0.29,0.16,18.13,-0.02,1.16,0.25,93.78,-0.34,-0.05,0.09,-0.01,-0.09,0.338,0.02,0.8845,1
20.700000000000003,5124.2,2108.7,72.8,86.65,89.01,103.83,88.28,780.04,785.05,876.04,784.6,4.78,65.58,12.41,3.0,43.17,1.062,14.13,3.96,LANE_A,18862.0,-22.7,90.0,CRUISE_LOITER,0.55,6,150.0,0.0,-0.14,17.68,-0.37,-0.08,-0.07,93.92,-0.52,-0.01,0.01,-0.05,-0.08,0.339,0.03,0.8846,1
20.75,5127.9,2110.2,72.4,86.75,88.96,104.11,88.86,780.96,783.48,877.03,785.98,4.8,65.51,12.37,2.97,43.15,1.063,14.1,4.03,LANE_A,18862.0,-22.7,90.0,CRUISE_LOITER,0.55,6,150.0,0.11,-0.18,17.97,0.22,0.84,-1.64,94.91,0.86,0.01,-0.06,-0.09,-0.1,0.34,0.0,0.8872,1
20.8,5123.7,2108.5,72.4,86.56,89.51,104.02,88.51,777.74,785.75,876.79,784.29,4.77,65.51,12.48,3.04,43.42,1.07,14.1,4.04,LANE_A,18863.0,-22.7,90.0,CRUISE_LOITER,0.55,6,150.0,-0.08,0.37,17.88,-0.13,-2.38,0.63,94.67,-0.83,-0.02,-0.06,0.02,0.17,0.347,0.0,0.8866,1
20.85,5124.3,2108.8,73.0,86.33,89.03,104.08,88.86,781.68,786.03,876.29,786.47,4.82,65.67,12.36,3.01,43.29,1.086,14.11,4.12,LANE_A,18864.0,-22.7,90.0,CRUISE_LOITER,0.55,6,150.0,-0.31,-0.11,17.94,0.22,1.56,0.91,94.17,1.35,0.03,0.11,-0.1,0.04,0.363,0.01,0.8855,1
20.900000000000002,5094.2,2096.4,72.5,86.59,88.8,104.08,88.69,780.01,784.82,875.96,783.85,4.71,65.7,12.51,2.97,43.23,1.069,14.13,4.1,LANE_A,18865.0,-22.7,90.0,CRUISE_LOITER,0.55,6,150.0,-0.05,-0.34,17.94,0.05,-0.11,-0.3,93.84,-1.27,-0.08,0.14,0.05,-0.01,0.346,0.03,0.8846,1
20.950000000000003,5150.2,2119.4,72.8,86.61,89.06,104.13,88.52,779.38,783.77,878.68,785.91,4.76,65.79,12.29,2.99,43.31,1.107,14.1,4.11,LANE_A,18866.0,-22.7,90.0,CRUISE_LOITER,0.55,6,150.0,-0.02,-0.07,18.0,-0.11,-0.74,-1.35,96.56,0.79,-0.03,0.23,-0.17,0.07,0.384,0.0,0.8914,1
21.0,5136.4,2113.7,72.4,87.27,89.51,104.12,88.77,781.15,784.0,877.06,785.33,4.8,65.61,12.48,3.0,43.39,1.084,14.1,4.04,LANE_A,18867.0,-22.7,90.0,CRUISE_LOITER,0.55,6,150.0,0.64,0.38,17.99,0.14,1.04,-1.11,94.95,0.22,0.01,0.05,0.02,0.15,0.361,0.0,0.8874,1
21.05,5105.5,2101.0,72.6,86.24,89.17,104.18,88.97,780.3,783.41,877.38,784.34,4.84,65.36,12.42,3.03,43.3,1.071,14.08,4.08,LANE_A,18868.0,-22.7,90.0,CRUISE_LOITER,0.55,6,150.0,-0.39,0.04,18.05,0.34,0.19,-1.7,95.27,-0.77,0.05,-0.19,-0.04,0.06,0.348,-0.02,0.8882,1
21.1,5106.6,2101.5,72.5,86.8,89.17,104.17,89.01,781.87,785.24,875.52,787.0,4.83,65.5,12.54,3.04,43.27,1.073,14.11,3.97,LANE_A,18869.0,-22.7,90.0,CRUISE_LOITER,0.55,6,150.0,0.18,0.05,18.05,0.39,1.76,0.13,93.41,1.89,0.04,-0.05,0.08,0.03,0.35,0.01,0.8836,1
21.150000000000002,5124.4,2108.8,72.3,86.67,89.16,103.98,88.64,779.77,784.7,879.28,785.47,4.79,65.44,12.59,3.03,43.3,1.114,14.13,4.2,LANE_A,18869.0,-22.7,90.1,CRUISE_LOITER,0.55,6,150.0,0.05,0.04,17.86,0.02,-0.34,-0.41,97.17,0.36,0.0,-0.11,0.13,0.06,0.391,0.03,0.8927,1
21.200000000000003,5125.1,2109.1,72.9,86.52,89.13,103.81,88.36,779.67,787.1,874.76,786.79,4.81,65.53,12.52,2.98,43.11,1.04,14.09,3.92,LANE_A,18870.0,-22.7,90.1,CRUISE_LOITER,0.55,6,150.0,-0.1,0.01,17.69,-0.26,-0.44,1.99,92.65,1.68,0.02,-0.02,0.06,-0.13,0.317,-0.01,0.8813,1
21.25,5120.8,2107.3,72.9,86.74,88.79,104.16,88.78,780.05,783.77,875.52,784.52,4.81,65.45,12.65,3.01,43.21,1.077,14.08,4.15,LANE_A,18871.0,-22.7,90.1,CRUISE_LOITER,0.55,6,150.0,0.12,-0.33,18.04,0.16,-0.06,-1.34,93.41,-0.59,0.02,-0.09,0.19,-0.03,0.354,-0.02,0.8836,1
21.3,5112.9,2104.1,72.6,86.74,88.94,104.11,88.81,778.92,784.62,876.69,784.86,4.78,65.61,12.5,2.98,43.18,1.077,14.13,3.9,LANE_A,18872.0,-22.7,90.1,CRUISE_LOITER,0.55,6,150.0,0.13,-0.17,18.0,0.2,-1.19,-0.49,94.58,-0.25,-0.01,0.07,0.04,-0.05,0.354,0.03,0.8865,1
21.35,5099.1,2098.4,72.4,86.65,88.98,104.26,88.74,779.23,785.03,878.38,784.44,4.74,65.6,12.47,3.01,43.33,1.058,14.09,4.05,LANE_A,18873.0,-22.7,90.1,CRUISE_LOITER,0.55,6,150.0,0.04,-0.13,18.15,0.13,-0.88,-0.08,96.27,-0.67,-0.05,0.06,0.01,0.1,0.335,-0.01,0.8906,1
21.400000000000002,5107.2,2101.7,72.6,86.4,88.86,104.07,89.28,781.24,782.15,877.76,785.33,4.8,65.65,12.41,2.96,43.17,1.075,14.1,4.02,LANE_A,18874.0,-22.7,90.1,CRUISE_LOITER,0.55,6,150.0,-0.21,-0.25,17.96,0.67,1.14,-2.95,95.66,0.23,0.01,0.11,-0.05,-0.06,0.352,0.0,0.8891,1
21.450000000000003,5122.8,2108.1,72.8,86.52,89.28,103.9,88.34,781.58,785.68,876.54,784.63,4.72,65.33,12.43,2.98,43.35,1.077,14.13,3.92,LANE_A,18875.0,-22.7,90.1,CRUISE_LOITER,0.55,6,150.0,-0.09,0.17,17.79,-0.27,1.48,0.58,94.44,-0.47,-0.07,-0.2,-0.03,0.12,0.354,0.03,0.886,1
21.5,5116.2,2105.4,72.8,86.63,88.96,104.09,88.64,781.35,785.33,875.76,784.95,4.83,65.21,12.51,3.03,43.18,1.077,14.1,4.11,LANE_A,18876.0,-22.8,90.1,CRUISE_LOITER,0.55,6,150.0,0.03,-0.14,17.99,0.04,1.25,0.23,93.66,-0.15,0.04,-0.32,0.05,-0.05,0.354,0.0,0.8842,1
21.55,5119.8,2106.9,72.9,86.67,88.88,104.4,88.68,780.04,783.6,875.7,785.86,4.78,65.61,12.38,2.98,43.24,1.061,14.1,4.09,LANE_A,18876.0,-22.8,90.1,CRUISE_LOITER,0.55,6,150.0,0.07,-0.22,18.3,0.08,-0.06,-1.5,93.6,0.76,-0.01,0.08,-0.08,0.01,0.338,0.0,0.8842,1
21.6,5120.2,2107.1,72.4,86.43,89.0,104.36,88.55,780.54,783.69,877.15,784.33,4.79,65.37,12.6,3.03,43.23,1.074,14.1,4.1,LANE_A,18877.0,-22.8,90.1,CRUISE_LOITER,0.55,6,150.0,-0.17,-0.1,18.26,-0.05,0.44,-1.41,95.05,-0.77,0.0,-0.16,0.14,0.0,0.351,0.0,0.8878,1
21.650000000000002,5140.2,2115.3,72.5,86.37,88.95,103.94,88.81,778.12,783.94,876.05,784.62,4.75,65.35,12.5,3.03,43.31,1.064,14.11,3.96,LANE_A,18878.0,-22.8,90.1,CRUISE_LOITER,0.55,6,150.0,-0.22,-0.14,17.85,0.22,-1.98,-1.16,93.95,-0.48,-0.04,-0.17,0.04,0.08,0.341,0.01,0.8848,1
21.700000000000003,5126.1,2109.5,72.4,86.5,89.02,104.1,88.88,780.35,783.47,877.92,784.29,4.79,65.58,12.4,3.01,43.29,1.043,14.12,4.07,LANE_A,18879.0,-22.8,90.1,CRUISE_LOITER,0.55,6,150.0,-0.09,-0.07,18.01,0.29,0.25,-1.63,95.82,-0.81,0.0,0.06,-0.06,0.06,0.32,0.02,0.8894,1
21.75,5125.3,2109.2,72.2,86.81,89.2,104.06,88.64,781.75,785.28,876.66,784.61,4.74,65.51,12.62,2.98,43.1,1.081,14.12,4.02,LANE_A,18880.0,-22.8,90.1,CRUISE_LOITER,0.55,6,150.0,0.22,0.11,17.97,0.05,1.66,0.19,94.57,-0.48,-0.05,-0.01,0.16,-0.12,0.358,0.02,0.8865,1
21.8,5133.8,2112.7,72.8,86.84,89.15,104.39,88.74,783.42,785.25,874.21,785.3,4.81,65.31,12.5,3.01,43.23,1.066,14.14,4.03,LANE_A,18881.0,-22.8,90.1,CRUISE_LOITER,0.55,6,150.0,0.25,0.06,18.3,0.15,3.33,0.16,92.12,0.21,0.02,-0.21,0.04,0.01,0.343,0.04,0.8805,1
21.85,5118.8,2106.5,72.4,86.46,89.21,104.06,88.85,780.33,784.73,877.48,783.72,4.81,65.72,12.52,2.98,43.18,1.089,14.09,4.09,LANE_A,18882.0,-22.8,90.1,CRUISE_LOITER,0.55,6,150.0,-0.12,0.13,17.98,0.27,0.24,-0.36,95.39,-1.37,0.02,0.21,0.06,-0.04,0.366,-0.01,0.8885,1
21.900000000000002,5117.1,2105.8,72.8,86.69,88.87,104.21,88.45,780.14,786.04,875.86,783.73,4.75,65.34,12.36,3.0,42.91,1.067,14.1,4.07,LANE_A,18882.0,-22.8,90.1,CRUISE_LOITER,0.55,6,150.0,0.11,-0.21,18.13,-0.13,0.05,0.95,93.77,-1.36,-0.04,-0.17,-0.1,-0.31,0.344,0.0,0.8845,1
21.950000000000003,5121.5,2107.6,72.5,86.65,88.77,103.96,88.65,781.04,787.31,877.44,782.94,4.79,65.39,12.45,3.03,43.16,1.067,14.15,3.97,LANE_A,18883.0,-22.8,90.1,CRUISE_LOITER,0.55,6,150.0,0.07,-0.31,17.88,0.07,0.95,2.22,95.35,-2.15,0.0,-0.12,-0.01,-0.06,0.344,0.05,0.8883,1
22.0,5116.5,2105.6,72.4,86.88,88.99,103.98,88.79,782.01,783.67,879.26,782.82,4.79,65.49,12.36,3.0,42.98,1.071,14.09,4.1,LANE_A,18884.0,-22.8,90.1,CRUISE_LOITER,0.55,6,150.0,0.3,-0.09,17.9,0.21,1.92,-1.42,97.17,-2.27,0.0,-0.02,-0.09,-0.24,0.348,-0.01,0.8926,1
22.05,5095.9,2097.1,72.6,86.58,89.61,104.19,88.6,779.06,786.3,877.55,784.66,4.73,65.53,12.42,3.0,43.33,1.098,14.13,4.03,LANE_A,18885.0,-22.8,90.1,CRUISE_LOITER,0.55,6,150.0,0.01,0.54,18.12,0.03,-1.03,1.21,95.46,-0.43,-0.06,0.03,-0.03,0.11,0.375,0.03,0.8888,1
22.1,5120.0,2107.0,72.6,86.84,88.6,103.75,88.14,779.35,783.94,875.27,785.66,4.78,65.29,12.57,3.03,43.06,1.071,14.11,3.96,LANE_A,18886.0,-22.8,90.1,CRUISE_LOITER,0.55,6,150.0,0.27,-0.47,17.68,-0.43,-0.74,-1.15,93.18,0.57,-0.01,-0.21,0.12,-0.16,0.348,0.01,0.8827,1
22.150000000000002,5133.7,2112.6,72.7,86.74,89.51,104.02,88.92,780.67,783.16,876.53,782.41,4.78,65.77,12.5,3.03,43.26,1.061,14.08,4.11,LANE_A,18887.0,-22.8,90.1,CRUISE_LOITER,0.55,6,150.0,0.17,0.44,17.95,0.35,0.59,-1.92,94.45,-2.67,-0.01,0.27,0.05,0.05,0.338,-0.02,0.8861,1
22.200000000000003,5132.4,2112.1,72.9,86.62,88.87,104.08,88.71,782.3,786.34,875.89,785.15,4.8,65.29,12.41,3.0,43.02,1.027,14.11,4.06,LANE_A,18888.0,-22.8,90.1,CRUISE_LOITER,0.55,6,150.0,0.06,-0.19,18.02,0.15,2.22,1.26,93.81,0.07,0.01,-0.21,-0.04,-0.19,0.304,0.01,0.8844,1
22.25,5124.2,2108.7,72.7,86.54,88.76,104.29,88.27,779.61,784.81,878.57,785.02,4.85,65.61,12.52,2.98,43.14,1.082,14.1,3.99,LANE_A,18889.0,-22.8,90.2,CRUISE_LOITER,0.55,6,150.0,-0.02,-0.3,18.23,-0.29,-0.47,-0.27,96.49,-0.06,0.06,0.12,0.07,-0.07,0.359,0.0,0.8913,1
22.3,5128.3,2110.4,72.8,86.93,89.3,103.92,88.89,779.9,785.88,876.58,786.8,4.79,65.45,12.35,3.04,43.32,1.079,14.09,4.13,LANE_A,18889.0,-22.8,90.2,CRUISE_LOITER,0.55,6,150.0,0.37,0.24,17.86,0.33,-0.18,0.8,94.5,1.72,0.0,-0.04,-0.1,0.11,0.356,-0.01,0.8862,1
22.35,5109.2,2102.6,72.4,86.75,88.97,103.68,88.43,782.44,783.02,876.16,784.78,4.83,65.31,12.45,3.01,43.01,1.09,14.09,4.01,LANE_A,18890.0,-22.8,90.2,CRUISE_LOITER,0.55,6,150.0,0.19,-0.09,17.62,-0.13,2.36,-2.06,94.08,-0.3,0.04,-0.18,0.0,-0.2,0.367,-0.01,0.885,1
22.400000000000002,5131.6,2111.8,72.6,86.27,89.01,104.41,88.56,780.16,784.26,876.8,786.75,4.76,65.61,12.43,3.03,43.21,1.07,14.1,4.06,LANE_A,18891.0,-22.8,90.2,CRUISE_LOITER,0.55,6,150.0,-0.28,-0.04,18.36,0.01,0.08,-0.82,94.72,1.67,-0.03,0.12,-0.02,0.0,0.347,0.0,0.8871,1
22.450000000000003,5108.3,2102.2,72.6,86.38,89.32,103.7,88.84,778.63,783.18,875.52,786.83,4.74,65.3,12.59,2.99,43.37,1.067,14.11,3.97,LANE_A,18892.0,-22.8,90.2,CRUISE_LOITER,0.55,6,150.0,-0.17,0.27,17.65,0.29,-1.45,-1.9,93.44,1.75,-0.05,-0.18,0.14,0.16,0.344,0.01,0.8834,1
22.5,5132.7,2112.2,72.7,86.44,89.03,103.94,88.4,778.73,785.04,876.68,785.61,4.77,65.31,12.54,2.97,43.18,1.065,14.08,3.9,LANE_A,18893.0,-22.8,90.2,CRUISE_LOITER,0.55,6,150.0,-0.11,-0.02,17.89,-0.15,-1.35,-0.04,94.6,0.53,-0.02,-0.17,0.09,-0.03,0.342,-0.02,0.8864,1
22.55,5128.4,2110.5,72.8,86.61,88.88,103.91,88.43,781.4,784.1,878.55,787.37,4.79,65.24,12.5,2.99,43.3,1.064,14.08,4.16,LANE_A,18894.0,-22.8,90.2,CRUISE_LOITER,0.55,6,150.0,0.06,-0.17,17.86,-0.12,1.33,-0.97,96.48,2.3,0.0,-0.24,0.05,0.1,0.341,-0.02,0.891,1
22.6,5129.4,2110.9,72.6,86.6,89.32,103.94,88.42,778.91,785.52,877.44,786.64,4.84,65.58,12.41,2.99,42.93,1.071,14.1,4.14,LANE_A,18895.0,-22.8,90.2,CRUISE_LOITER,0.55,6,150.0,0.06,0.28,17.9,-0.12,-1.16,0.45,95.37,1.57,0.05,0.1,-0.04,-0.27,0.348,0.0,0.8883,1
22.650000000000002,5119.3,2106.7,72.8,86.39,89.37,104.11,88.56,781.03,787.85,878.8,783.93,4.75,65.41,12.38,3.0,43.42,1.091,14.08,3.97,LANE_A,18896.0,-22.8,90.2,CRUISE_LOITER,0.55,6,150.0,-0.15,0.33,18.07,0.02,0.96,2.78,96.73,-1.14,-0.04,-0.06,-0.07,0.22,0.368,-0.02,0.8918,1
22.700000000000003,5129.8,2111.0,72.8,86.71,88.94,103.92,88.44,780.76,785.96,877.22,784.1,4.81,65.64,12.43,2.97,43.1,1.072,14.1,4.17,LANE_A,18896.0,-22.8,90.2,CRUISE_LOITER,0.55,6,150.0,0.17,-0.1,17.88,-0.1,0.69,0.89,95.15,-0.97,0.02,0.17,-0.02,-0.1,0.349,0.0,0.8878,1
22.75,5136.7,2113.9,73.0,86.6,88.82,104.2,88.51,778.9,784.14,877.1,784.2,4.81,65.59,12.53,3.0,43.1,1.076,14.09,4.09,LANE_A,18897.0,-22.8,90.2,CRUISE_LOITER,0.55,6,150.0,0.06,-0.22,18.16,-0.03,-1.17,-0.93,95.03,-0.87,0.02,0.12,0.08,-0.1,0.353,-0.01,0.8877,1
22.8,5127.8,2110.2,72.7,86.49,89.33,104.13,88.62,780.05,784.57,877.32,785.68,4.78,65.71,12.42,3.0,43.26,1.078,14.07,4.11,LANE_A,18898.0,-22.8,90.2,CRUISE_LOITER,0.55,6,150.0,-0.04,0.3,18.1,0.09,-0.02,-0.5,95.25,0.61,-0.01,0.24,-0.03,0.06,0.355,-0.03,0.8882,1
22.85,5132.0,2111.9,72.8,86.62,89.11,104.06,88.37,780.11,786.42,878.82,783.88,4.82,65.19,12.33,3.02,43.26,1.095,14.06,4.13,LANE_A,18899.0,-22.8,90.2,CRUISE_LOITER,0.55,6,150.0,0.09,0.08,18.03,-0.16,0.04,1.35,96.75,-1.19,0.03,-0.27,-0.12,0.06,0.372,-0.04,0.8918,1
22.900000000000002,5129.5,2110.9,72.7,86.5,88.99,104.12,87.98,777.87,785.59,877.9,785.35,4.76,65.37,12.53,3.02,43.52,1.067,14.13,4.15,LANE_A,18900.0,-22.8,90.2,CRUISE_LOITER,0.55,6,150.0,-0.03,-0.04,18.09,-0.55,-2.19,0.53,95.84,0.29,-0.03,-0.09,0.08,0.32,0.344,0.03,0.8896,1
22.950000000000003,5127.9,2110.2,72.6,86.37,88.81,104.29,88.4,778.87,784.89,877.87,784.77,4.74,65.74,12.5,3.01,43.35,1.099,14.11,4.09,LANE_A,18901.0,-22.8,90.2,CRUISE_LOITER,0.55,6,150.0,-0.15,-0.21,18.27,-0.12,-1.19,-0.17,95.81,-0.29,-0.05,0.28,0.05,0.15,0.376,0.01,0.8897,1
23.0,5129.7,2111.0,72.8,87.06,89.06,103.92,88.27,779.81,784.14,875.61,787.04,4.76,65.46,12.52,3.0,43.32,1.089,14.07,3.99,LANE_A,18902.0,-22.8,90.2,CRUISE_LOITER,0.55,6,150.0,0.54,0.04,17.9,-0.25,-0.25,-0.92,93.55,1.98,-0.03,0.0,0.07,0.13,0.366,-0.03,0.8839,1
23.05,5113.1,2104.2,72.7,86.4,88.97,103.97,88.69,781.62,784.3,878.78,785.75,4.83,65.45,12.45,2.96,43.23,1.055,14.09,4.0,LANE_A,18902.0,-22.8,90.2,CRUISE_LOITER,0.55,6,150.0,-0.12,-0.05,17.95,0.17,1.56,-0.76,96.72,0.69,0.04,0.0,0.0,0.04,0.332,-0.01,0.8916,1
23.1,5127.4,2110.0,72.7,86.45,89.09,103.98,88.76,781.14,786.3,877.06,786.06,4.78,65.85,12.47,2.99,43.24,1.077,14.09,4.09,LANE_A,18903.0,-22.8,90.2,CRUISE_LOITER,0.55,6,150.0,-0.07,0.07,17.96,0.24,1.08,1.24,95.0,1.0,-0.01,0.4,0.02,0.05,0.354,-0.01,0.8875,1
23.150000000000002,5117.4,2105.9,72.7,86.28,88.9,104.45,88.47,778.97,786.19,878.3,785.12,4.79,65.32,12.52,3.03,43.33,1.084,14.12,4.02,LANE_A,18904.0,-22.8,90.2,CRUISE_LOITER,0.55,6,150.0,-0.23,-0.11,18.44,-0.04,-1.09,1.13,96.24,0.06,0.0,-0.13,0.07,0.14,0.361,0.02,0.8908,1
23.200000000000003,5126.3,2109.6,72.6,86.76,88.93,104.28,88.55,778.35,782.94,877.69,786.96,4.79,65.6,12.33,3.0,43.22,1.065,14.11,4.09,LANE_A,18905.0,-22.8,90.2,CRUISE_LOITER,0.55,6,150.0,0.25,-0.08,18.27,0.04,-1.71,-2.12,95.63,1.9,0.0,0.15,-0.12,0.03,0.342,0.01,0.8892,1
23.25,5114.8,2104.9,72.7,86.45,89.48,103.7,88.39,779.11,784.66,877.33,784.14,4.78,65.44,12.49,2.99,43.16,1.073,14.1,3.95,LANE_A,18906.0,-22.8,90.2,CRUISE_LOITER,0.55,6,150.0,-0.06,0.47,17.69,-0.12,-0.95,-0.4,95.27,-0.92,-0.01,0.0,0.04,-0.03,0.35,0.0,0.888,1
23.3,5130.8,2111.4,72.8,86.81,89.26,104.09,88.57,779.94,784.45,876.43,784.71,4.75,65.21,12.63,3.01,43.16,1.087,14.12,4.06,LANE_A,18907.0,-22.8,90.2,CRUISE_LOITER,0.55,6,150.0,0.3,0.25,18.08,0.06,-0.11,-0.6,94.38,-0.34,-0.04,-0.23,0.18,-0.03,0.364,0.02,0.8861,1
23.35,5137.8,2114.3,72.6,86.15,89.02,103.62,88.5,781.73,784.57,877.89,784.0,4.83,65.31,12.44,2.96,43.24,1.094,14.13,3.98,LANE_A,18908.0,-22.8,90.3,CRUISE_LOITER,0.55,6,150.0,-0.35,0.02,17.62,0.0,1.68,-0.48,95.84,-1.05,0.04,-0.13,-0.01,0.05,0.371,0.03,0.8894,1
23.400000000000002,5132.4,2112.1,72.7,86.33,88.95,103.72,88.25,780.47,783.98,876.57,785.87,4.79,65.44,12.33,3.05,43.29,1.048,14.11,4.12,LANE_A,18909.0,-22.8,90.3,CRUISE_LOITER,0.55,6,150.0,-0.17,-0.05,17.72,-0.25,0.42,-1.07,94.52,0.82,0.0,0.0,-0.12,0.11,0.325,0.01,0.8861,1
23.450000000000003,5139.9,2115.2,72.4,86.07,88.93,103.93,88.29,780.6,786.71,875.81,784.2,4.72,65.55,12.4,3.01,43.23,1.092,14.09,3.97,LANE_A,18909.0,-22.8,90.3,CRUISE_LOITER,0.55,6,150.0,-0.43,-0.07,17.93,-0.21,0.55,1.66,93.76,-0.85,-0.07,0.12,-0.05,0.05,0.369,-0.01,0.8845,1
23.5,5144.6,2117.1,72.5,86.47,89.15,103.74,88.65,778.82,784.93,879.85,783.67,4.8,65.44,12.33,2.99,43.38,1.058,14.08,4.16,LANE_A,18910.0,-22.8,90.3,CRUISE_LOITER,0.55,6,150.0,-0.02,0.16,17.75,0.16,-1.23,-0.12,97.8,-1.38,0.01,0.01,-0.12,0.2,0.335,-0.02,0.894,1
23.55,5122.3,2107.9,72.7,86.61,89.02,104.31,88.26,780.29,785.24,876.25,784.54,4.81,65.78,12.58,3.02,43.11,1.059,14.12,4.13,LANE_A,18911.0,-22.8,90.3,CRUISE_LOITER,0.55,6,150.0,0.12,0.03,18.32,-0.23,0.24,0.19,94.2,-0.51,0.02,0.35,0.13,-0.07,0.336,0.02,0.8857,1
23.6,5138.4,2114.6,72.8,86.46,89.33,103.8,88.65,779.3,785.28,877.08,785.66,4.77,65.5,12.46,3.04,43.07,1.059,14.08,4.09,LANE_A,18912.0,-22.8,90.3,CRUISE_LOITER,0.55,6,150.0,-0.03,0.34,17.81,0.16,-0.75,0.23,95.03,0.61,-0.02,0.07,0.01,-0.11,0.336,-0.02,0.8874,1
23.650000000000002,5132.6,2112.2,72.8,86.43,88.81,103.95,88.57,779.46,786.45,877.3,784.88,4.77,65.56,12.54,3.0,43.24,1.083,14.12,4.06,LANE_A,18913.0,-22.8,90.3,CRUISE_LOITER,0.55,6,150.0,-0.06,-0.18,17.96,0.08,-0.58,1.41,95.26,-0.16,-0.02,0.14,0.09,0.06,0.36,0.02,0.8881,1
23.700000000000003,5115.7,2105.2,72.9,86.33,89.04,103.95,88.39,778.78,786.15,876.0,787.05,4.78,65.43,12.39,3.01,43.15,1.073,14.08,4.09,LANE_A,18914.0,-22.8,90.3,CRUISE_LOITER,0.55,6,150.0,-0.15,0.06,17.97,-0.09,-1.26,1.11,93.96,2.01,-0.01,0.01,-0.06,-0.03,0.35,-0.02,0.8849,1
23.75,5128.7,2110.6,72.4,86.78,88.94,104.24,88.46,781.48,784.36,878.63,784.97,4.84,65.55,12.49,3.0,43.25,1.072,14.11,4.17,LANE_A,18915.0,-22.8,90.3,CRUISE_LOITER,0.55,6,150.0,0.3,-0.04,18.26,-0.02,1.44,-0.68,96.59,-0.07,0.05,0.13,0.04,0.07,0.349,0.01,0.8915,1
23.8,5101.5,2099.4,73.0,86.26,88.76,103.87,88.21,781.76,787.19,877.97,784.64,4.8,65.54,12.42,3.01,43.12,1.075,14.08,3.95,LANE_A,18916.0,-22.8,90.3,CRUISE_LOITER,0.55,6,150.0,-0.22,-0.22,17.89,-0.27,1.72,2.15,95.93,-0.4,0.01,0.12,-0.03,-0.05,0.352,-0.02,0.8897,1
23.85,5123.9,2108.6,73.1,86.55,88.92,104.08,88.71,780.74,784.7,874.75,785.39,4.8,65.34,12.27,3.02,43.08,1.072,14.09,4.11,LANE_A,18916.0,-22.8,90.3,CRUISE_LOITER,0.55,6,150.0,0.07,-0.06,18.1,0.23,0.7,-0.34,92.71,0.35,0.01,-0.07,-0.18,-0.09,0.349,-0.01,0.8818,1
23.900000000000002,5130.1,2111.2,72.9,86.61,88.72,103.91,88.28,779.9,784.87,876.08,783.57,4.74,65.45,12.4,3.02,43.09,1.058,14.1,4.0,LANE_A,18917.0,-22.8,90.3,CRUISE_LOITER,0.55,6,150.0,0.14,-0.25,17.94,-0.19,-0.14,-0.17,94.04,-1.47,-0.05,0.04,-0.05,-0.08,0.335,0.0,0.885,1
23.950000000000003,5126.9,2109.8,73.0,86.25,89.05,104.09,88.23,780.58,787.26,877.37,786.52,4.79,65.16,12.46,2.98,42.86,1.063,14.1,4.07,LANE_A,18918.0,-22.8,90.3,CRUISE_LOITER,0.55,6,150.0,-0.22,0.08,18.12,-0.24,0.54,2.22,95.33,1.48,0.0,-0.25,0.01,-0.31,0.34,0.0,0.8884,1
24.0,5116.5,2105.6,72.7,86.86,88.9,104.01,88.4,780.99,785.5,877.41,784.04,4.86,65.54,12.49,2.95,43.26,1.075,14.1,4.01,LANE_A,18919.0,-22.8,90.3,CRUISE_LOITER,0.55,6,150.0,0.39,-0.07,18.04,-0.07,0.95,0.46,95.37,-1.0,0.07,0.13,0.05,0.09,0.352,0.0,0.8885,1
24.05,5101.5,2099.4,73.3,86.24,89.11,104.05,88.56,780.14,786.25,877.95,786.12,4.81,65.23,12.6,2.98,43.13,1.059,14.08,4.11,LANE_A,18920.0,-22.8,90.3,CRUISE_LOITER,0.55,6,150.0,-0.23,0.14,18.08,0.09,0.11,1.22,95.92,1.09,0.02,-0.17,0.16,-0.04,0.336,-0.02,0.8897,1
24.1,5132.8,2112.3,72.6,86.61,88.92,104.28,88.66,779.88,785.69,875.9,785.66,4.75,65.22,12.46,3.01,43.22,1.085,14.11,4.01,LANE_A,18921.0,-22.8,90.3,CRUISE_LOITER,0.55,6,150.0,0.15,-0.04,18.32,0.2,-0.15,0.66,93.87,0.63,-0.04,-0.18,0.02,0.05,0.362,0.01,0.885,1
24.150000000000002,5120.8,2107.3,72.7,86.6,88.98,103.93,88.46,781.24,786.15,875.49,784.92,4.77,65.4,12.41,3.02,43.24,1.072,14.11,4.11,LANE_A,18922.0,-22.8,90.3,CRUISE_LOITER,0.55,6,150.0,0.14,0.02,17.97,0.0,1.21,1.12,93.46,-0.11,-0.02,0.0,-0.03,0.07,0.349,0.01,0.8837,1
24.200000000000003,5118.9,2106.5,72.8,86.59,89.25,103.94,88.42,779.2,785.23,877.63,786.14,4.81,65.25,12.25,2.98,43.03,1.075,14.13,3.83,LANE_A,18922.0,-22.8,90.3,CRUISE_LOITER,0.55,6,150.0,0.13,0.29,17.98,-0.04,-0.83,0.2,95.6,1.11,0.02,-0.15,-0.19,-0.13,0.352,0.03,0.889,1
24.25,5114.9,2104.9,72.5,86.39,89.24,103.78,88.67,781.15,784.93,878.9,789.13,4.8,65.36,12.31,2.99,43.0,1.071,14.1,3.93,LANE_A,18923.0,-22.8,90.3,CRUISE_LOITER,0.55,6,150.0,-0.06,0.29,17.83,0.22,1.12,-0.1,96.87,4.1,0.01,-0.03,-0.13,-0.16,0.348,0.0,0.8919,1
24.3,5123.0,2108.2,72.5,86.54,88.8,103.81,88.35,779.82,784.27,878.2,784.61,4.8,65.12,12.33,3.0,43.24,1.089,14.11,3.89,LANE_A,18924.0,-22.8,90.3,CRUISE_LOITER,0.55,6,150.0,0.09,-0.15,17.86,-0.1,-0.21,-0.76,96.17,-0.42,0.01,-0.27,-0.11,0.08,0.366,0.01,0.8903,1
24.35,5123.2,2108.3,72.2,86.11,88.89,103.95,88.29,778.56,787.39,876.85,784.8,4.78,65.23,12.53,3.0,43.26,1.069,14.09,4.21,LANE_A,18925.0,-22.9,90.3,CRUISE_LOITER,0.55,6,150.0,-0.34,-0.06,18.0,-0.16,-1.47,2.36,94.82,-0.23,-0.01,-0.16,0.09,0.1,0.346,-0.01,0.8871,1
24.400000000000002,5125.0,2109.1,72.5,86.37,88.68,104.03,88.25,780.74,783.76,880.08,784.08,4.8,65.36,12.5,3.0,43.32,1.078,14.1,3.89,LANE_A,18926.0,-22.9,90.3,CRUISE_LOITER,0.55,6,150.0,-0.08,-0.27,18.08,-0.2,0.71,-1.27,98.05,-0.95,0.01,-0.03,0.06,0.16,0.355,0.0,0.8948,1
24.450000000000003,5138.6,2114.7,72.6,86.59,89.26,103.99,88.2,779.84,783.14,876.05,785.39,4.79,65.47,12.55,3.03,43.22,1.057,14.09,3.96,LANE_A,18927.0,-22.9,90.3,CRUISE_LOITER,0.55,6,150.0,0.15,0.32,18.05,-0.24,-0.18,-1.88,94.03,0.37,0.0,0.09,0.11,0.06,0.334,-0.01,0.8851,1
24.5,5101.4,2099.3,73.0,86.71,88.66,104.31,88.42,778.53,783.93,878.92,785.45,4.83,65.37,12.37,3.01,43.35,1.066,14.11,3.97,LANE_A,18928.0,-22.9,90.4,CRUISE_LOITER,0.55,6,150.0,0.27,-0.28,18.37,-0.02,-1.49,-1.09,96.9,0.43,0.04,-0.01,-0.07,0.19,0.343,0.01,0.8923,1
24.55,5121.8,2107.7,72.9,86.37,89.22,103.88,88.24,778.52,785.87,877.98,783.58,4.78,65.46,12.35,2.99,43.03,1.077,14.08,4.28,LANE_A,18929.0,-22.9,90.4,CRUISE_LOITER,0.55,6,150.0,-0.07,0.28,17.94,-0.2,-1.5,0.85,95.96,-1.44,-0.01,0.08,-0.09,-0.13,0.354,-0.02,0.8898,1
24.6,5118.3,2106.3,72.5,86.47,89.0,103.91,88.38,780.53,785.62,876.54,785.64,4.79,65.44,12.5,3.01,43.18,1.045,14.13,4.06,LANE_A,18929.0,-22.9,90.4,CRUISE_LOITER,0.55,6,150.0,0.03,0.06,17.97,-0.06,0.51,0.6,94.52,0.62,0.0,0.06,0.06,0.02,0.322,0.03,0.8862,1
24.650000000000002,5125.1,2109.1,72.9,86.54,89.0,104.02,88.58,780.41,784.96,877.25,782.66,4.8,65.13,12.35,3.03,43.28,1.085,14.1,3.96,LANE_A,18930.0,-22.9,90.4,CRUISE_LOITER,0.55,6,150.0,0.11,0.07,18.09,0.15,0.39,-0.06,95.23,-2.36,0.0,-0.24,-0.09,0.13,0.362,0.0,0.8882,1
24.700000000000003,5121.9,2107.8,73.1,86.23,89.04,104.04,88.34,780.84,785.5,878.43,783.53,4.79,65.3,12.39,2.98,43.05,1.09,14.08,4.07,LANE_A,18931.0,-22.9,90.4,CRUISE_LOITER,0.55,6,150.0,-0.2,0.11,18.11,-0.09,0.82,0.48,96.41,-1.49,-0.01,-0.07,-0.05,-0.1,0.367,-0.02,0.891,1
24.75,5122.7,2108.1,73.1,86.2,88.73,104.11,88.47,781.23,782.36,875.76,784.98,4.81,65.33,12.3,3.02,43.18,1.065,14.1,4.1,LANE_A,18932.0,-22.9,90.4,CRUISE_LOITER,0.55,6,150.0,-0.23,-0.2,18.18,0.04,1.21,-2.66,93.74,-0.04,0.01,-0.04,-0.14,0.03,0.342,0.0,0.8845,1
24.8,5138.2,2114.5,72.9,86.43,89.12,103.77,88.29,779.2,783.97,878.85,785.17,4.81,65.2,12.45,3.0,43.08,1.078,14.09,4.04,LANE_A,18933.0,-22.9,90.4,CRUISE_LOITER,0.55,6,150.0,0.01,0.2,17.85,-0.13,-0.81,-1.04,96.84,0.16,0.01,-0.17,0.01,-0.07,0.355,-0.01,0.8918,1
24.85,5124.7,2108.9,72.9,86.61,88.85,104.33,88.33,778.66,786.22,875.27,786.71,4.83,65.31,12.42,2.99,43.22,1.069,14.11,3.91,LANE_A,18934.0,-22.9,90.4,CRUISE_LOITER,0.55,6,150.0,0.19,-0.07,18.41,-0.09,-1.35,1.21,93.26,1.7,0.03,-0.05,-0.02,0.07,0.346,0.01,0.8835,1
24.900000000000002,5108.8,2102.4,72.6,86.46,88.84,103.8,88.5,779.54,784.66,876.78,784.21,4.77,65.37,12.5,3.02,42.94,1.056,14.14,4.01,LANE_A,18935.0,-22.9,90.4,CRUISE_LOITER,0.55,6,150.0,0.04,-0.08,17.88,0.08,-0.47,-0.35,94.77,-0.8,-0.03,0.01,0.06,-0.21,0.333,0.04,0.8868,1
24.950000000000003,5145.0,2117.3,72.7,86.19,88.87,103.67,88.66,780.15,787.33,877.45,783.77,4.81,65.4,12.37,2.98,43.19,1.043,14.07,4.06,LANE_A,18935.0,-22.9,90.4,CRUISE_LOITER,0.55,6,150.0,-0.23,-0.05,17.75,0.24,0.14,2.32,95.44,-1.24,0.01,0.04,-0.07,0.04,0.32,-0.03,0.8883,1
25.0,5151.0,2119.8,72.8,86.34,88.59,103.9,88.26,779.91,782.78,876.44,784.3,4.78,65.22,12.43,3.0,43.24,1.067,14.1,3.92,LANE_A,18936.0,-22.9,90.4,CRUISE_LOITER,0.55,6,150.0,-0.07,-0.32,17.99,-0.15,-0.1,-2.23,94.43,-0.71,-0.02,-0.14,-0.01,0.09,0.344,0.0,0.8861,1
25.05,5123.3,2108.4,72.7,86.45,88.74,104.19,88.36,779.92,785.3,876.42,785.77,4.77,65.23,12.41,3.0,43.05,1.059,14.1,3.93,LANE_A,18937.0,-22.9,90.4,CRUISE_LOITER,0.55,6,150.0,0.04,-0.17,18.28,-0.05,-0.09,0.29,94.41,0.76,-0.03,-0.12,-0.03,-0.09,0.336,0.0,0.8862,1
25.1,5132.0,2111.9,73.2,86.52,88.99,104.0,88.22,781.27,784.71,879.6,785.08,4.76,65.36,12.53,3.02,43.12,1.084,14.09,4.05,LANE_A,18938.0,-22.9,90.4,CRUISE_LOITER,0.55,6,150.0,0.11,0.08,18.09,-0.19,1.26,-0.3,97.59,0.07,-0.04,0.01,0.09,-0.02,0.361,-0.01,0.8938,1
25.150000000000002,5120.9,2107.4,72.8,86.45,89.0,103.95,88.38,781.22,784.52,875.34,785.84,4.76,65.24,12.48,2.98,43.08,1.104,14.12,4.18,LANE_A,18939.0,-22.9,90.4,CRUISE_LOITER,0.55,6,150.0,0.04,0.09,18.04,-0.03,1.21,-0.49,93.33,0.83,-0.04,-0.11,0.04,-0.06,0.381,0.02,0.8835,1
25.200000000000003,5129.7,2111.0,73.1,86.31,89.1,103.84,88.37,779.04,785.3,880.43,787.76,4.85,65.35,12.42,3.01,43.19,1.102,14.1,4.1,LANE_A,18940.0,-22.9,90.4,CRUISE_LOITER,0.55,6,150.0,-0.09,0.2,17.94,-0.03,-0.96,0.3,98.43,2.76,0.05,0.0,-0.02,0.05,0.379,0.0,0.8957,1
25.25,5122.2,2107.9,72.5,86.69,88.85,103.86,88.52,779.94,783.72,876.25,784.94,4.83,65.23,12.44,3.02,43.15,1.074,14.16,3.91,LANE_A,18941.0,-22.9,90.4,CRUISE_LOITER,0.55,6,150.0,0.29,-0.05,17.96,0.12,-0.06,-1.28,94.25,-0.06,0.03,-0.11,0.0,0.01,0.351,0.06,0.8856,1
25.3,5132.0,2111.9,72.7,86.58,88.78,103.81,88.55,778.55,785.54,876.52,785.45,4.82,65.39,12.45,3.02,43.16,1.062,14.1,4.18,LANE_A,18942.0,-22.9,90.4,CRUISE_LOITER,0.55,6,150.0,0.18,-0.12,17.91,0.15,-1.45,0.54,94.52,0.45,0.02,0.05,0.01,0.02,0.339,0.0,0.8862,1
25.35,5155.3,2121.5,72.7,86.62,88.99,103.79,88.41,778.28,785.39,876.25,785.25,4.76,65.42,12.42,3.0,42.89,1.078,14.11,3.99,LANE_A,18942.0,-22.9,90.4,CRUISE_LOITER,0.55,6,150.0,0.22,0.09,17.89,0.01,-1.72,0.39,94.25,0.25,-0.04,0.08,-0.02,-0.25,0.355,0.01,0.8856,1
25.400000000000002,5141.7,2115.9,72.9,86.16,88.59,103.95,88.51,780.62,786.48,875.46,786.02,4.81,65.22,12.48,2.99,43.09,1.091,14.1,4.18,LANE_A,18943.0,-22.9,90.4,CRUISE_LOITER,0.55,6,150.0,-0.23,-0.3,18.06,0.12,0.62,1.48,93.46,1.02,0.01,-0.12,0.04,-0.05,0.368,0.0,0.8838,1
25.450000000000003,5133.4,2112.5,72.9,86.35,88.87,104.07,88.54,781.64,786.93,877.1,784.37,4.82,65.43,12.37,3.01,43.17,1.061,14.1,4.05,LANE_A,18944.0,-22.9,90.4,CRUISE_LOITER,0.55,6,150.0,-0.04,-0.02,18.18,0.15,1.64,1.93,95.1,-0.63,0.02,0.1,-0.07,0.04,0.338,0.0,0.8878,1
25.5,5118.8,2106.5,73.0,86.69,89.05,104.04,88.24,781.02,785.47,875.9,783.09,4.8,65.43,12.57,3.02,43.16,1.064,14.1,4.0,LANE_A,18945.0,-22.9,90.4,CRUISE_LOITER,0.55,6,150.0,0.3,0.16,18.15,-0.15,1.02,0.47,93.9,-1.91,0.0,0.1,0.13,0.03,0.341,0.0,0.8849,1
25.55,5097.3,2097.7,72.7,86.71,88.68,103.78,88.19,776.75,784.56,876.08,785.69,4.84,65.03,12.56,2.98,43.11,1.054,14.15,3.95,LANE_A,18946.0,-22.9,90.4,CRUISE_LOITER,0.55,6,150.0,0.33,-0.2,17.9,-0.19,-3.25,-0.44,94.08,0.69,0.04,-0.3,0.12,-0.02,0.331,0.05,0.8851,1
25.6,5135.5,2113.4,72.5,86.34,89.19,103.58,88.39,779.87,784.35,875.29,782.44,4.83,65.37,12.35,3.04,43.16,1.047,14.13,4.12,LANE_A,18947.0,-22.9,90.4,CRUISE_LOITER,0.55,6,150.0,-0.04,0.31,17.7,0.01,-0.12,-0.64,93.3,-2.55,0.03,0.04,-0.09,0.03,0.324,0.03,0.883,1
25.650000000000002,5124.0,2108.6,72.9,86.36,88.57,103.48,88.29,780.52,785.13,878.5,785.7,4.77,65.28,12.57,3.03,43.09,1.072,14.08,3.98,LANE_A,18948.0,-22.9,90.5,CRUISE_LOITER,0.55,6,150.0,-0.02,-0.31,17.6,-0.09,0.53,0.14,96.51,0.71,-0.03,-0.04,0.13,-0.04,0.349,-0.02,0.8909,1
25.700000000000003,5138.5,2114.6,73.0,86.23,88.81,103.78,88.09,780.86,785.6,878.19,784.27,4.8,65.3,12.5,3.0,43.08,1.061,14.09,4.07,LANE_A,18949.0,-22.9,90.5,CRUISE_LOITER,0.55,6,150.0,-0.15,-0.07,17.9,-0.29,0.87,0.61,96.2,-0.72,0.0,-0.02,0.06,-0.05,0.338,-0.01,0.8903,1
25.75,5124.0,2108.6,73.2,86.38,89.02,103.73,88.58,780.33,784.89,876.57,782.7,4.84,65.46,12.49,3.02,43.03,1.061,14.1,4.14,LANE_A,18949.0,-22.9,90.5,CRUISE_LOITER,0.55,6,150.0,0.01,0.15,17.86,0.21,0.34,-0.1,94.58,-2.29,0.04,0.14,0.05,-0.1,0.338,0.0,0.8863,1
25.8,5128.2,2110.4,72.8,86.3,88.8,104.11,88.61,781.95,785.29,877.45,783.74,4.85,65.45,12.59,3.03,43.2,1.069,14.08,3.93,LANE_A,18950.0,-22.9,90.5,CRUISE_LOITER,0.55,6,150.0,-0.07,-0.07,18.24,0.24,1.96,0.3,95.46,-1.25,0.05,0.13,0.15,0.07,0.346,-0.02,0.8888,1
25.85,5112.7,2104.0,73.0,86.05,89.18,104.22,88.61,779.0,782.56,874.91,784.28,4.84,65.03,12.44,2.98,43.2,1.099,14.07,4.09,LANE_A,18951.0,-22.9,90.5,CRUISE_LOITER,0.55,6,150.0,-0.32,0.31,18.35,0.24,-0.99,-2.43,92.92,-0.71,0.04,-0.28,0.0,0.07,0.376,-0.03,0.8827,1
25.900000000000002,5113.1,2104.2,72.7,86.46,88.74,103.91,88.33,780.29,785.17,877.06,786.5,4.76,65.43,12.4,3.0,43.1,1.076,14.13,4.11,LANE_A,18952.0,-22.9,90.5,CRUISE_LOITER,0.55,6,150.0,0.09,-0.13,18.04,-0.04,0.3,0.18,95.07,1.51,-0.04,0.12,-0.04,-0.02,0.352,0.03,0.8877,1
25.950000000000003,5146.0,2117.7,73.2,86.1,88.84,104.03,88.46,779.12,782.99,875.93,785.61,4.81,65.39,12.38,2.98,43.19,1.083,14.11,4.0,LANE_A,18953.0,-22.9,90.5,CRUISE_LOITER,0.55,6,150.0,-0.26,-0.02,18.17,0.1,-0.86,-1.99,93.95,0.63,0.01,0.08,-0.06,0.07,0.359,0.01,0.8851,1
26.0,5121.4,2107.6,72.7,86.22,88.75,103.6,88.19,779.16,783.61,876.33,785.98,4.81,65.42,12.31,3.02,43.18,1.071,14.1,4.13,LANE_A,18954.0,-22.9,90.5,CRUISE_LOITER,0.55,6,150.0,-0.14,-0.11,17.74,-0.17,-0.82,-1.37,94.35,1.0,0.01,0.11,-0.13,0.06,0.347,0.0,0.8857,1
26.05,5120.0,2107.0,72.6,86.17,89.04,103.83,88.29,779.02,784.76,876.8,784.54,4.78,65.22,12.55,3.0,43.31,1.083,14.1,4.1,LANE_A,18955.0,-22.9,90.5,CRUISE_LOITER,0.55,6,150.0,-0.19,0.18,17.97,-0.07,-0.96,-0.22,94.82,-0.44,-0.02,-0.08,0.12,0.19,0.359,0.0,0.8871,1
26.1,5117.5,2106.0,72.4,86.52,88.83,104.07,88.42,780.21,785.42,877.41,784.83,4.83,65.42,12.4,3.02,43.42,1.076,14.1,3.93,LANE_A,18955.0,-22.9,90.5,CRUISE_LOITER,0.55,6,150.0,0.16,-0.03,18.21,0.06,0.23,0.44,95.43,-0.15,0.03,0.12,-0.03,0.3,0.352,0.0,0.8887,1
26.150000000000002,5140.4,2115.4,72.9,86.52,88.9,103.84,88.35,779.64,785.9,877.36,786.07,4.81,65.11,12.46,3.0,43.19,1.08,14.09,4.16,LANE_A,18956.0,-22.9,90.5,CRUISE_LOITER,0.55,6,150.0,0.17,0.05,17.99,0.0,-0.34,0.92,95.38,1.09,0.01,-0.19,0.03,0.07,0.356,-0.01,0.8884,1
26.200000000000003,5109.5,2102.7,72.8,86.44,88.85,103.95,88.42,781.13,784.31,876.46,785.85,4.78,65.47,12.43,3.01,43.25,1.085,14.11,4.08,LANE_A,18957.0,-22.9,90.5,CRUISE_LOITER,0.55,6,150.0,0.09,0.0,18.1,0.07,1.15,-0.67,94.48,0.87,-0.02,0.17,0.0,0.13,0.361,0.01,0.8863,1
26.25,5112.4,2103.9,72.9,86.38,88.84,104.02,88.22,779.62,785.04,874.2,785.31,4.8,65.32,12.56,3.03,43.27,1.08,14.09,4.04,LANE_A,18958.0,-22.9,90.5,CRUISE_LOITER,0.55,6,150.0,0.03,-0.01,18.17,-0.13,-0.36,0.06,92.22,0.33,0.0,0.03,0.13,0.15,0.356,-0.01,0.8806,1
26.3,5089.8,2094.6,73.0,86.35,88.75,103.87,88.31,778.81,783.88,876.11,786.19,4.74,65.08,12.46,3.01,43.37,1.064,14.13,3.99,LANE_A,18959.0,-22.9,90.5,CRUISE_LOITER,0.55,6,150.0,0.0,-0.1,18.02,-0.04,-1.17,-1.1,94.13,1.21,-0.06,-0.21,0.03,0.26,0.34,0.03,0.8854,1
26.35,5123.5,2108.4,72.7,86.56,88.98,103.6,88.32,780.31,783.11,876.76,783.83,4.78,65.24,12.46,3.03,43.24,1.048,14.09,4.0,LANE_A,18960.0,-22.9,90.5,CRUISE_LOITER,0.55,6,150.0,0.22,0.14,17.76,-0.02,0.34,-1.86,94.79,-1.14,-0.02,-0.05,0.03,0.13,0.324,-0.01,0.8867,1
26.400000000000002,5128.1,2110.3,72.9,85.94,88.96,103.88,88.5,780.54,783.88,878.45,784.77,4.75,65.67,12.23,3.0,43.12,1.058,14.12,3.98,LANE_A,18961.0,-22.9,90.5,CRUISE_LOITER,0.55,6,150.0,-0.4,0.12,18.04,0.16,0.57,-1.09,96.48,-0.2,-0.05,0.38,-0.2,0.01,0.334,0.02,0.8911,1
26.450000000000003,5140.1,2115.3,72.8,86.6,88.82,103.69,88.18,777.81,785.2,877.19,786.73,4.78,65.24,12.37,2.99,43.0,1.061,14.1,4.22,LANE_A,18962.0,-22.9,90.5,CRUISE_LOITER,0.55,6,150.0,0.26,-0.02,17.85,-0.16,-2.16,0.23,95.22,1.76,-0.02,-0.05,-0.06,-0.11,0.337,0.0,0.8879,1
26.5,5123.7,2108.5,72.7,86.25,88.97,103.57,88.2,778.87,785.67,877.3,786.38,4.81,65.31,12.52,3.0,43.12,1.091,14.1,4.13,LANE_A,18962.0,-22.9,90.5,CRUISE_LOITER,0.55,6,150.0,-0.08,0.14,17.74,-0.13,-1.1,0.7,95.33,1.41,0.01,0.03,0.09,0.01,0.367,0.0,0.8882,1
26.55,5111.9,2103.7,72.6,86.38,89.07,103.75,88.53,779.16,785.29,876.6,783.92,4.74,65.38,12.37,3.01,42.99,1.079,14.09,3.98,LANE_A,18963.0,-22.9,90.5,CRUISE_LOITER,0.55,6,150.0,0.05,0.24,17.92,0.2,-0.81,0.32,94.63,-1.05,-0.06,0.1,-0.06,-0.12,0.355,-0.01,0.8866,1
26.6,5126.0,2109.5,73.0,86.24,89.06,103.99,88.27,780.16,786.63,877.42,785.45,4.79,65.2,12.64,3.01,43.2,1.055,14.07,4.03,LANE_A,18964.0,-22.9,90.5,CRUISE_LOITER,0.55,6,150.0,-0.09,0.23,18.16,-0.06,0.19,1.66,95.45,0.48,-0.01,-0.08,0.21,0.09,0.331,-0.03,0.8887,1
26.650000000000002,5118.7,2106.5,72.7,86.33,88.64,103.7,88.2,778.68,784.0,878.03,786.99,4.79,65.2,12.41,3.02,42.93,1.056,14.14,4.13,LANE_A,18965.0,-22.9,90.5,CRUISE_LOITER,0.55,6,150.0,0.0,-0.19,17.87,-0.13,-1.29,-0.97,96.06,2.02,-0.01,-0.08,-0.02,-0.18,0.332,0.04,0.8899,1
26.700000000000003,5156.1,2121.9,72.8,86.12,88.84,103.97,87.94,779.62,784.44,875.97,782.83,4.8,65.5,12.28,2.98,43.09,1.085,14.11,3.98,LANE_A,18966.0,-22.9,90.5,CRUISE_LOITER,0.55,6,150.0,-0.2,0.02,18.15,-0.38,-0.35,-0.53,94.0,-2.14,0.0,0.23,-0.15,-0.01,0.361,0.01,0.8852,1
26.75,5124.1,2108.7,72.5,86.43,88.69,103.83,88.54,776.95,786.59,877.11,785.23,4.82,65.3,12.55,3.0,43.17,1.061,14.09,3.95,LANE_A,18967.0,-22.9,90.5,CRUISE_LOITER,0.55,6,150.0,0.11,-0.13,18.01,0.22,-3.01,1.63,95.15,0.27,0.02,0.03,0.12,0.07,0.337,-0.01,0.8879,1
26.8,5137.3,2114.1,73.0,86.33,88.8,103.8,88.4,780.63,783.57,878.25,784.08,4.8,65.19,12.45,2.96,43.0,1.059,14.07,3.97,LANE_A,18968.0,-22.9,90.6,CRUISE_LOITER,0.55,6,150.0,0.01,-0.02,17.98,0.08,0.67,-1.39,96.29,-0.88,0.0,-0.08,0.02,-0.1,0.335,-0.03,0.8906,1
26.85,5096.3,2097.2,72.7,86.49,88.64,103.85,88.31,780.26,785.19,875.45,785.24,4.76,65.42,12.47,2.98,43.15,1.075,14.06,3.95,LANE_A,18968.0,-22.9,90.6,CRUISE_LOITER,0.55,6,150.0,0.17,-0.18,18.03,-0.01,0.3,0.23,93.49,0.28,-0.04,0.15,0.04,0.05,0.351,-0.04,0.8838,1
26.900000000000002,5113.9,2104.5,72.8,86.23,88.7,103.59,88.53,779.24,785.88,877.68,784.94,4.78,65.15,12.39,3.0,43.19,1.076,14.08,4.05,LANE_A,18969.0,-22.9,90.6,CRUISE_LOITER,0.55,6,150.0,-0.08,-0.11,17.78,0.22,-0.72,0.92,95.72,-0.02,-0.02,-0.11,-0.04,0.09,0.352,-0.02,0.8891,1
26.950000000000003,5104.7,2100.7,72.9,86.36,88.85,103.7,88.31,778.99,783.66,875.46,782.25,4.85,65.43,12.45,3.02,43.33,1.085,14.06,4.16,LANE_A,18970.0,-22.9,90.6,CRUISE_LOITER,0.55,6,150.0,0.05,0.04,17.89,0.0,-0.97,-1.3,93.5,-2.71,0.05,0.17,0.02,0.23,0.361,-0.04,0.8838,1
27.0,5139.9,2115.2,73.2,86.3,88.72,103.62,88.54,780.59,786.02,875.24,785.97,4.81,65.26,12.35,3.0,43.25,1.087,14.07,3.89,LANE_A,18971.0,-22.9,90.6,CRUISE_LOITER,0.55,6,150.0,-0.01,-0.09,17.81,0.23,0.63,1.06,93.28,1.01,0.01,0.0,-0.08,0.15,0.363,-0.03,0.8831,1
27.05,5114.8,2104.9,72.5,86.63,88.63,103.76,88.0,779.3,783.36,876.93,785.52,4.86,65.34,12.43,3.01,43.1,1.041,14.12,4.0,LANE_A,18972.0,-22.9,90.6,CRUISE_LOITER,0.55,6,150.0,0.32,-0.18,17.95,-0.31,-0.66,-1.6,94.97,0.56,0.06,0.08,0.0,0.0,0.317,0.02,0.8873,1
27.1,5132.8,2112.3,72.4,86.28,88.97,103.69,88.06,779.86,784.28,877.21,785.81,4.72,64.92,12.46,2.99,42.89,1.071,14.13,4.15,LANE_A,18973.0,-22.9,90.6,CRUISE_LOITER,0.55,6,150.0,-0.02,0.17,17.89,-0.24,-0.09,-0.67,95.26,0.86,-0.08,-0.33,0.03,-0.21,0.347,0.03,0.8881,1
27.150000000000002,5154.0,2121.0,72.6,86.32,88.51,103.51,88.39,779.05,785.33,875.79,783.72,4.8,65.25,12.46,3.01,43.29,1.09,14.08,4.07,LANE_A,18974.0,-22.9,90.6,CRUISE_LOITER,0.55,6,150.0,0.02,-0.29,17.71,0.09,-0.9,0.38,93.84,-1.23,0.0,0.0,0.03,0.2,0.366,-0.02,0.8845,1
27.200000000000003,5129.7,2111.0,72.9,86.02,88.58,103.82,87.95,779.35,785.24,876.85,785.27,4.82,65.26,12.28,3.02,43.05,1.072,14.08,3.95,LANE_A,18975.0,-22.9,90.6,CRUISE_LOITER,0.55,6,150.0,-0.28,-0.22,18.02,-0.35,-0.6,0.29,94.9,0.32,0.02,0.01,-0.15,-0.04,0.348,-0.02,0.8873,1
27.25,5135.8,2113.5,72.6,86.2,88.89,103.41,88.48,781.31,785.25,875.08,785.71,4.78,65.27,12.48,3.03,43.29,1.07,14.11,4.02,LANE_A,18975.0,-23.0,90.6,CRUISE_LOITER,0.55,6,150.0,-0.09,0.1,17.62,0.19,1.36,0.3,93.13,0.76,-0.02,0.02,0.05,0.2,0.346,0.01,0.8826,1
27.3,5125.1,2109.1,73.0,86.37,88.7,103.77,88.31,778.77,786.09,876.09,785.15,4.84,65.01,12.4,2.95,43.18,1.05,14.08,4.2,LANE_A,18976.0,-23.0,90.6,CRUISE_LOITER,0.55,6,150.0,0.08,-0.09,17.98,0.02,-1.18,1.14,94.14,0.2,0.04,-0.23,-0.03,0.09,0.326,-0.02,0.8853,1
27.35,5117.8,2106.1,73.1,86.3,88.81,103.82,87.98,777.83,782.69,875.8,782.7,4.79,65.28,12.4,3.03,43.16,1.08,14.1,4.2,LANE_A,18977.0,-23.0,90.6,CRUISE_LOITER,0.55,6,150.0,0.01,0.02,18.03,-0.31,-2.12,-2.26,93.85,-2.25,-0.01,0.04,-0.03,0.07,0.356,0.0,0.8847,1
27.400000000000002,5115.8,2105.3,72.8,86.48,88.87,103.87,88.37,781.32,784.98,876.95,784.2,4.81,64.94,12.53,3.0,43.02,1.069,14.07,3.96,LANE_A,18978.0,-23.0,90.6,CRUISE_LOITER,0.55,6,150.0,0.19,0.08,18.08,0.08,1.37,0.03,95.0,-0.75,0.01,-0.3,0.1,-0.07,0.345,-0.03,0.8875,1
27.450000000000003,5141.7,2115.9,72.6,86.52,88.95,103.71,88.65,778.53,783.12,876.8,783.12,4.83,65.14,12.27,2.95,43.09,1.087,14.11,3.97,LANE_A,18979.0,-23.0,90.6,CRUISE_LOITER,0.55,6,150.0,0.24,0.17,17.93,0.37,-1.42,-1.83,94.85,-1.83,0.03,-0.1,-0.16,0.0,0.363,0.01,0.8872,1
27.5,5130.7,2111.4,72.6,86.36,89.02,103.06,88.45,780.7,785.83,879.05,783.46,4.81,65.23,12.36,2.98,43.1,1.069,14.06,3.95,LANE_A,18980.0,-23.0,90.6,CRUISE_LOITER,0.55,6,150.0,0.08,0.24,17.28,0.17,0.76,0.89,97.11,-1.48,0.01,0.0,-0.07,0.01,0.345,-0.04,0.8921,1
27.55,5120.2,2107.1,72.7,86.31,88.87,103.86,88.27,780.21,784.96,875.74,783.78,4.77,65.1,12.48,3.0,43.09,1.078,14.06,4.01,LANE_A,18981.0,-23.0,90.6,CRUISE_LOITER,0.55,6,150.0,0.03,0.09,18.08,-0.01,0.27,0.02,93.8,-1.16,-0.03,-0.13,0.05,0.01,0.354,-0.04,0.8846,1
27.6,5139.3,2114.9,72.4,86.42,89.21,103.92,88.34,777.52,784.33,878.18,783.11,4.81,65.4,12.37,3.0,43.19,1.062,14.08,4.0,LANE_A,18981.0,-23.0,90.6,CRUISE_LOITER,0.55,6,150.0,0.14,0.43,18.14,0.06,-2.42,-0.61,96.24,-1.83,0.01,0.17,-0.06,0.11,0.338,-0.02,0.8906,1
27.650000000000002,5117.2,2105.8,72.9,86.3,88.94,103.75,88.24,777.96,786.6,878.51,785.01,4.8,65.21,12.52,2.96,43.32,1.075,14.11,3.97,LANE_A,18982.0,-23.0,90.6,CRUISE_LOITER,0.55,6,150.0,0.03,0.17,17.98,-0.03,-1.98,1.66,96.57,0.07,0.0,-0.02,0.09,0.24,0.351,0.01,0.8913,1
27.700000000000003,5123.3,2108.4,72.9,86.17,88.76,103.77,88.71,778.15,784.16,875.43,784.65,4.76,65.15,12.68,3.02,43.06,1.064,14.09,4.15,LANE_A,18983.0,-23.0,90.6,CRUISE_LOITER,0.55,6,150.0,-0.1,-0.01,18.0,0.44,-1.79,-0.78,93.49,-0.29,-0.04,-0.07,0.25,-0.02,0.34,-0.01,0.8837,1
27.75,5137.2,2114.1,72.8,86.31,88.69,103.83,88.15,779.66,786.11,878.31,785.54,4.8,65.29,12.41,2.99,43.06,1.088,14.1,4.09,LANE_A,18984.0,-23.0,90.6,CRUISE_LOITER,0.55,6,150.0,0.04,-0.08,18.06,-0.12,-0.28,1.17,96.37,0.6,0.0,0.07,-0.02,-0.02,0.364,0.0,0.8909,1
27.8,5109.5,2102.7,72.2,86.31,88.92,104.05,88.15,779.83,787.94,880.21,787.05,4.79,65.12,12.49,2.98,43.12,1.075,14.09,3.98,LANE_A,18985.0,-23.0,90.6,CRUISE_LOITER,0.55,6,150.0,0.04,0.15,18.28,-0.12,-0.11,3.0,98.27,2.11,-0.01,-0.1,0.06,0.04,0.351,-0.01,0.8954,1
27.85,5121.0,2107.4,72.7,86.58,88.96,103.74,88.29,779.91,783.72,876.73,785.02,4.77,65.37,12.46,3.0,43.16,1.08,14.06,4.2,LANE_A,18986.0,-23.0,90.6,CRUISE_LOITER,0.55,6,150.0,0.32,0.2,17.98,0.03,-0.03,-1.22,94.79,0.08,-0.03,0.15,0.03,0.08,0.356,-0.04,0.887,1
27.900000000000002,5113.5,2104.3,72.8,86.27,88.59,103.49,88.28,780.41,785.11,878.24,785.3,4.79,65.39,12.52,2.97,43.03,1.09,14.1,4.02,LANE_A,18987.0,-23.0,90.6,CRUISE_LOITER,0.55,6,150.0,0.01,-0.17,17.73,0.02,0.48,0.18,96.31,0.37,-0.01,0.18,0.09,-0.05,0.366,0.0,0.8905,1
27.950000000000003,5124.2,2108.7,72.6,86.34,88.65,103.87,88.52,780.83,785.45,876.68,786.8,4.82,65.15,12.53,2.99,43.07,1.057,14.08,4.11,LANE_A,18988.0,-23.0,90.7,CRUISE_LOITER,0.55,6,150.0,0.08,-0.11,18.11,0.26,0.9,0.52,94.75,1.87,0.02,-0.06,0.1,0.0,0.333,-0.02,0.8869,1
28.0,5124.0,2108.6,72.6,86.27,88.74,103.83,88.42,780.01,782.36,875.75,785.19,4.84,65.33,12.44,3.02,43.24,1.047,14.12,3.87,LANE_A,18988.0,-23.0,90.7,CRUISE_LOITER,0.55,6,150.0,0.01,-0.02,18.07,0.16,0.08,-2.57,93.82,0.26,0.04,0.12,0.01,0.17,0.323,0.02,0.8846,1
28.05,5130.2,2111.2,72.6,86.18,88.66,103.62,88.43,782.69,785.04,876.36,787.72,4.8,64.91,12.54,2.99,43.1,1.057,14.14,3.99,LANE_A,18989.0,-23.0,90.7,CRUISE_LOITER,0.55,6,150.0,-0.07,-0.09,17.87,0.18,2.76,0.11,94.43,2.79,0.0,-0.3,0.12,0.03,0.333,0.04,0.886,1
28.1,5120.3,2107.1,72.9,86.25,88.91,103.65,88.18,779.82,785.57,876.21,783.47,4.82,64.95,12.3,3.0,43.08,1.067,14.11,3.95,LANE_A,18990.0,-23.0,90.7,CRUISE_LOITER,0.55,6,150.0,0.0,0.16,17.9,-0.07,-0.11,0.64,94.28,-1.46,0.02,-0.25,-0.12,0.01,0.343,0.01,0.8856,1
28.150000000000002,5133.7,2112.6,72.9,86.16,88.7,103.62,88.08,778.15,784.24,876.13,785.88,4.81,65.35,12.41,2.96,42.89,1.096,14.13,4.11,LANE_A,18991.0,-23.0,90.7,CRUISE_LOITER,0.55,6,150.0,-0.09,-0.05,17.87,-0.17,-1.78,-0.69,94.2,0.95,0.01,0.15,-0.01,-0.18,0.372,0.03,0.8855,1
28.200000000000003,5144.2,2117.0,72.7,86.04,88.62,103.69,88.13,777.43,783.83,877.47,785.67,4.82,65.12,12.3,2.98,43.08,1.088,14.12,4.12,LANE_A,18992.0,-23.0,90.7,CRUISE_LOITER,0.55,6,150.0,-0.2,-0.12,17.95,-0.11,-2.5,-1.1,95.54,0.74,0.02,-0.08,-0.12,0.01,0.364,0.02,0.8888,1
28.25,5110.5,2103.1,72.8,86.07,88.68,103.69,88.1,781.53,787.42,877.94,783.06,4.8,65.25,12.54,2.96,43.24,1.06,14.11,4.27,LANE_A,18993.0,-23.0,90.7,CRUISE_LOITER,0.55,6,150.0,-0.17,-0.06,17.95,-0.14,1.61,2.5,96.02,-1.86,0.0,0.05,0.12,0.17,0.336,0.01,0.8899,1
28.3,5136.2,2113.7,72.6,86.32,88.66,103.92,88.18,781.1,785.31,876.27,783.7,4.8,65.11,12.47,2.99,43.27,1.07,14.13,3.93,LANE_A,18994.0,-23.0,90.7,CRUISE_LOITER,0.55,6,150.0,0.08,-0.08,18.18,-0.06,1.18,0.39,94.35,-1.22,0.0,-0.08,0.05,0.2,0.346,0.03,0.886,1
28.35,5136.6,2113.8,72.7,86.34,88.75,103.74,87.94,780.72,783.65,877.29,786.59,4.81,65.11,12.5,3.03,43.23,1.076,14.09,4.18,LANE_A,18994.0,-23.0,90.7,CRUISE_LOITER,0.55,6,150.0,0.1,0.01,18.0,-0.3,0.8,-1.27,95.37,1.67,0.01,-0.08,0.08,0.16,0.352,-0.01,0.8884,1
28.400000000000002,5143.4,2116.6,73.0,86.26,88.77,103.94,88.61,778.68,784.62,876.16,785.54,4.8,65.2,12.49,3.0,42.9,1.082,14.09,4.12,LANE_A,18995.0,-23.0,90.7,CRUISE_LOITER,0.55,6,150.0,0.03,0.04,18.21,0.38,-1.24,-0.3,94.24,0.62,0.0,0.01,0.07,-0.16,0.358,-0.01,0.8858,1
28.450000000000003,5129.8,2111.0,73.0,86.53,88.72,103.84,88.15,780.14,785.44,878.01,783.51,4.84,65.21,12.41,3.01,42.97,1.055,14.11,4.2,LANE_A,18996.0,-23.0,90.7,CRUISE_LOITER,0.55,6,150.0,0.3,-0.01,18.11,-0.08,0.22,0.52,96.09,-1.41,0.04,0.02,-0.01,-0.09,0.331,0.01,0.8902,1
28.5,5125.4,2109.2,72.9,86.2,88.84,103.5,88.47,778.19,783.15,875.91,786.61,4.8,65.02,12.54,2.99,42.85,1.047,14.1,4.04,LANE_A,18997.0,-23.0,90.7,CRUISE_LOITER,0.55,6,150.0,-0.03,0.11,17.77,0.24,-1.73,-1.77,93.99,1.69,0.0,-0.16,0.12,-0.21,0.323,0.0,0.8848,1
28.55,5141.0,2115.6,73.0,86.42,88.83,103.53,88.22,780.23,785.84,877.51,785.59,4.76,65.25,12.4,3.0,43.04,1.087,14.12,3.97,LANE_A,18998.0,-23.0,90.7,CRUISE_LOITER,0.55,6,150.0,0.19,0.1,17.8,-0.01,0.31,0.92,95.59,0.67,-0.04,0.07,-0.02,-0.02,0.363,0.02,0.8889,1
28.6,5118.7,2106.5,72.8,85.97,88.51,103.58,88.12,781.38,785.82,875.89,784.14,4.83,64.94,12.52,2.99,43.26,1.087,14.1,4.12,LANE_A,18999.0,-23.0,90.7,CRUISE_LOITER,0.55,6,150.0,-0.25,-0.21,17.86,-0.1,1.46,0.9,93.97,-0.78,0.03,-0.24,0.1,0.2,0.363,0.0,0.8849,1
28.650000000000002,5121.4,2107.6,72.7,86.57,88.7,103.98,88.6,781.28,786.28,877.38,786.24,4.8,65.29,12.44,3.0,43.09,1.086,14.14,3.99,LANE_A,19000.0,-23.0,90.7,CRUISE_LOITER,0.55,6,150.0,0.35,-0.02,18.26,0.38,1.37,1.37,95.47,1.33,0.0,0.11,0.02,0.03,0.362,0.04,0.8889,1
28.700000000000003,5129.7,2111.0,73.1,86.06,88.5,103.89,88.14,779.53,783.74,879.46,785.93,4.82,64.86,12.47,3.02,43.06,1.086,14.14,4.02,LANE_A,19001.0,-23.0,90.7,CRUISE_LOITER,0.55,6,150.0,-0.16,-0.22,18.17,-0.08,-0.38,-1.17,97.55,1.02,0.02,-0.31,0.05,0.0,0.362,0.04,0.8937,1
28.75,5114.6,2104.8,72.8,86.33,88.9,103.8,88.36,778.79,784.44,877.33,784.6,4.82,65.01,12.33,2.98,43.13,1.07,14.07,4.0,LANE_A,19001.0,-23.0,90.7,CRUISE_LOITER,0.55,6,150.0,0.11,0.18,18.08,0.14,-1.12,-0.47,95.42,-0.31,0.02,-0.16,-0.09,0.07,0.346,-0.03,0.8886,1
28.8,5126.8,2109.8,72.5,86.28,88.69,104.0,88.24,781.28,785.22,877.07,783.21,4.79,65.14,12.53,3.0,43.12,1.051,14.1,3.91,LANE_A,19002.0,-23.0,90.7,CRUISE_LOITER,0.55,6,150.0,0.07,-0.02,18.29,0.03,1.37,0.31,95.16,-1.7,-0.01,-0.03,0.11,0.07,0.327,0.0,0.888,1
28.85,5109.2,2102.6,72.9,86.28,89.0,103.76,87.9,779.48,784.26,878.13,785.78,4.82,65.3,12.39,2.98,43.04,1.073,14.12,4.02,LANE_A,19003.0,-23.0,90.7,CRUISE_LOITER,0.55,6,150.0,0.07,0.29,18.05,-0.31,-0.43,-0.65,96.22,0.87,0.02,0.13,-0.03,-0.01,0.349,0.02,0.8905,1
28.900000000000002,5162.6,2124.5,72.8,86.18,88.78,103.81,88.13,780.04,785.92,879.61,788.6,4.77,64.87,12.39,3.03,43.11,1.062,14.09,3.81,LANE_A,19004.0,-23.0,90.7,CRUISE_LOITER,0.55,6,150.0,-0.03,0.07,18.1,-0.08,0.13,1.01,97.7,3.69,-0.03,-0.29,-0.03,0.06,0.338,-0.01,0.894,1
28.950000000000003,5112.5,2103.9,72.9,86.04,88.94,103.43,88.35,779.43,782.99,876.12,784.0,4.78,65.26,12.53,3.01,42.87,1.071,14.1,4.03,LANE_A,19005.0,-23.0,90.7,CRUISE_LOITER,0.55,6,150.0,-0.17,0.23,17.72,0.14,-0.48,-1.92,94.21,-0.91,-0.02,0.1,0.11,-0.18,0.347,0.0,0.8854,1
29.0,5124.5,2108.8,72.5,85.99,88.45,103.7,87.78,779.49,785.5,877.97,785.14,4.81,65.51,12.36,3.01,42.94,1.073,14.12,4.34,LANE_A,19006.0,-23.0,90.7,CRUISE_LOITER,0.55,6,150.0,-0.21,-0.25,18.0,-0.42,-0.42,0.59,96.06,0.23,0.01,0.35,-0.06,-0.11,0.349,0.02,0.8901,1
29.05,5115.8,2105.3,73.3,86.18,88.77,103.32,88.24,779.73,781.77,878.33,783.61,4.8,65.31,12.43,2.99,43.03,1.076,14.07,3.88,LANE_A,19007.0,-23.0,90.7,CRUISE_LOITER,0.55,6,150.0,-0.02,0.07,17.62,0.04,-0.17,-3.13,96.43,-1.29,0.0,0.15,0.01,-0.02,0.352,-0.03,0.8907,1
29.1,5136.0,2113.6,72.9,86.02,88.62,103.77,88.53,780.74,784.14,879.84,783.68,4.84,65.59,12.48,3.02,43.04,1.08,14.12,3.83,LANE_A,19007.0,-23.0,90.7,CRUISE_LOITER,0.55,6,150.0,-0.18,-0.08,18.07,0.33,0.84,-0.76,97.94,-1.22,0.04,0.44,0.06,-0.01,0.356,0.02,0.8945,1
29.150000000000002,5132.0,2111.9,73.0,85.84,88.78,103.5,88.32,781.6,786.74,877.25,786.34,4.78,64.89,12.44,2.98,42.93,1.055,14.1,4.07,LANE_A,19008.0,-23.0,90.8,CRUISE_LOITER,0.55,6,150.0,-0.35,0.09,17.81,0.13,1.7,1.84,95.35,1.44,-0.02,-0.26,0.02,-0.12,0.331,0.0,0.8882,1
29.200000000000003,5142.7,2116.3,72.8,86.18,88.91,103.66,88.13,780.45,783.99,878.93,785.62,4.81,65.04,12.41,3.02,43.31,1.058,14.11,4.17,LANE_A,19009.0,-23.0,90.8,CRUISE_LOITER,0.55,6,150.0,-0.01,0.22,17.97,-0.06,0.55,-0.91,97.03,0.72,0.01,-0.11,-0.01,0.27,0.334,0.01,0.8923,1
29.25,5123.8,2108.6,73.1,86.12,88.78,104.01,88.37,780.44,785.4,878.3,784.54,4.8,65.16,12.44,2.98,43.08,1.055,14.07,3.86,LANE_A,19010.0,-23.0,90.8,CRUISE_LOITER,0.55,6,150.0,-0.07,0.09,18.32,0.18,0.54,0.5,96.4,-0.36,0.0,0.01,0.02,0.04,0.331,-0.03,0.891,1
29.3,5125.8,2109.4,72.8,86.14,88.79,103.52,88.29,778.51,785.7,877.36,784.95,4.81,65.18,12.41,3.0,43.02,1.094,14.11,4.1,LANE_A,19011.0,-23.0,90.8,CRUISE_LOITER,0.55,6,150.0,-0.05,0.1,17.83,0.1,-1.39,0.8,95.46,0.05,0.01,0.03,-0.01,-0.02,0.37,0.01,0.8886,1
29.35,5143.0,2116.5,72.8,86.19,88.45,103.32,88.31,780.2,786.72,877.28,784.49,4.81,65.35,12.39,3.0,42.98,1.073,14.06,4.23,LANE_A,19012.0,-23.0,90.8,CRUISE_LOITER,0.55,6,150.0,0.01,-0.23,17.64,0.13,0.3,1.82,95.38,-0.41,0.01,0.21,-0.03,-0.06,0.349,-0.04,0.8882,1
29.400000000000002,5130.1,2111.2,73.2,85.95,88.84,103.76,88.23,779.45,784.88,875.67,784.48,4.8,65.06,12.49,3.03,42.7,1.067,14.07,3.88,LANE_A,19013.0,-23.0,90.8,CRUISE_LOITER,0.55,6,150.0,-0.23,0.16,18.08,0.05,-0.44,-0.01,93.78,-0.41,0.0,-0.08,0.07,-0.34,0.343,-0.03,0.8845,1
29.450000000000003,5104.2,2100.5,72.9,86.17,88.78,103.39,88.15,777.89,782.22,877.28,783.96,4.8,65.16,12.46,3.01,43.03,1.066,14.09,4.09,LANE_A,19014.0,-23.0,90.8,CRUISE_LOITER,0.55,6,150.0,-0.01,0.1,17.71,-0.03,-2.0,-2.67,95.39,-0.93,0.0,0.02,0.04,-0.01,0.342,-0.01,0.8882,1
29.5,5156.9,2122.2,72.7,86.11,88.65,103.75,87.95,778.03,783.77,876.04,786.34,4.84,65.26,12.44,3.02,42.99,1.085,14.08,4.15,LANE_A,19014.0,-23.0,90.8,CRUISE_LOITER,0.55,6,150.0,-0.07,-0.03,18.07,-0.23,-1.86,-1.12,94.15,1.45,0.04,0.12,0.02,-0.05,0.361,-0.02,0.8855,1
29.55,5122.6,2108.1,73.0,86.33,88.7,103.59,88.27,781.13,786.21,875.84,785.24,4.73,64.79,12.35,3.01,43.15,1.066,14.09,4.13,LANE_A,19015.0,-23.0,90.8,CRUISE_LOITER,0.55,6,150.0,0.16,0.03,17.92,0.1,1.24,1.32,93.95,0.35,-0.07,-0.34,-0.07,0.11,0.342,-0.01,0.8848,1
29.6,5123.0,2108.2,72.9,86.29,88.84,103.85,88.18,779.8,784.89,874.43,784.09,4.79,65.04,12.42,3.02,43.05,1.05,14.09,3.97,LANE_A,19016.0,-23.0,90.8,CRUISE_LOITER,0.55,6,150.0,0.12,0.17,18.18,0.01,-0.09,0.0,92.54,-0.8,-0.01,-0.09,0.0,0.01,0.326,-0.01,0.8814,1
29.650000000000002,5125.8,2109.4,73.1,86.22,89.08,103.82,88.04,779.04,784.07,877.24,783.63,4.81,65.12,12.46,2.99,43.02,1.085,14.12,4.03,LANE_A,19017.0,-23.0,90.8,CRUISE_LOITER,0.55,6,150.0,0.05,0.41,18.15,-0.13,-0.85,-0.82,95.35,-1.26,0.01,-0.01,0.04,-0.01,0.361,0.02,0.8885,1
29.700000000000003,5124.7,2108.9,72.9,86.57,88.57,103.55,88.27,780.34,785.01,877.02,784.85,4.79,65.15,12.47,3.02,43.04,1.051,14.1,4.11,LANE_A,19018.0,-23.0,90.8,CRUISE_LOITER,0.55,6,150.0,0.4,-0.1,17.88,0.1,0.45,0.12,95.13,-0.04,-0.01,0.02,0.05,0.01,0.327,0.0,0.8877,1
29.75,5107.3,2101.8,73.0,86.13,88.44,103.78,87.88,778.43,783.91,876.71,785.0,4.8,65.18,12.35,3.0,42.96,1.078,14.1,3.91,LANE_A,19019.0,-23.0,90.8,CRUISE_LOITER,0.55,6,150.0,-0.03,-0.22,18.12,-0.28,-1.46,-0.98,94.82,0.11,0.0,0.06,-0.07,-0.07,0.354,0.0,0.8872,1
29.8,5138.3,2114.5,73.4,86.28,88.78,103.51,88.12,777.92,785.8,877.05,784.85,4.81,64.94,12.58,3.0,43.1,1.09,14.1,3.94,LANE_A,19020.0,-23.0,90.8,CRUISE_LOITER,0.55,6,150.0,0.12,0.12,17.85,-0.04,-1.96,0.92,95.17,-0.03,0.01,-0.18,0.16,0.07,0.366,0.0,0.8879,1
29.85,5140.1,2115.3,73.0,86.37,88.8,103.86,88.43,779.3,786.42,879.08,786.4,4.78,64.89,12.37,3.0,43.1,1.077,14.09,4.06,LANE_A,19020.0,-23.0,90.8,CRUISE_LOITER,0.55,6,150.0,0.21,0.14,18.2,0.27,-0.58,1.54,97.2,1.52,-0.02,-0.23,-0.05,0.07,0.353,-0.01,0.8929,1
29.900000000000002,5130.8,2111.4,73.3,86.26,88.72,103.72,88.07,780.81,784.27,878.29,783.81,4.84,65.14,12.42,3.04,42.93,1.1,14.14,4.06,LANE_A,19021.0,-23.0,90.8,CRUISE_LOITER,0.55,6,150.0,0.1,0.06,18.06,-0.09,0.93,-0.61,96.41,-1.07,0.04,0.02,0.0,-0.1,0.376,0.04,0.891,1
29.950000000000003,5122.7,2108.1,72.9,86.25,88.71,103.62,88.31,777.72,784.1,878.35,788.01,4.8,65.15,12.39,2.98,42.93,1.058,14.07,4.0,LANE_A,19022.0,-23.0,90.8,CRUISE_LOITER,0.55,6,150.0,0.1,0.06,17.97,0.16,-2.16,-0.78,96.47,3.13,0.0,0.04,-0.03,-0.1,0.334,-0.03,0.891,1
30.0,5126.8,2109.8,72.9,85.98,88.72,103.35,88.17,777.67,783.65,877.32,784.81,4.75,65.31,12.44,3.0,43.15,1.067,14.13,4.04,LANE_A,19023.0,-23.0,90.8,CRUISE_LOITER,0.55,6,150.0,-0.17,0.07,17.7,0.02,-2.21,-1.23,95.44,-0.07,-0.05,0.2,0.02,0.12,0.343,0.03,0.8884,1
30.05,5126.1,2109.5,72.9,86.07,88.87,103.68,88.16,779.99,786.06,875.93,784.88,4.77,65.0,12.3,3.02,43.15,1.093,14.09,4.1,LANE_A,19024.0,-23.0,90.8,CRUISE_LOITER,0.55,6,150.0,-0.08,0.22,18.03,0.01,0.11,1.18,94.05,0.0,-0.03,-0.11,-0.11,0.13,0.369,-0.01,0.8852,1
30.1,5124.5,2108.8,72.8,86.33,88.6,103.76,88.2,779.32,785.02,875.97,786.04,4.76,65.27,12.51,3.01,43.03,1.085,14.11,3.91,LANE_A,19025.0,-23.0,90.8,CRUISE_LOITER,0.55,6,150.0,0.18,-0.05,18.11,0.05,-0.56,0.14,94.09,1.16,-0.04,0.16,0.1,0.01,0.361,0.01,0.8854,1
30.150000000000002,5133.2,2112.4,72.9,86.36,88.56,103.6,88.18,780.98,784.58,876.98,784.08,4.8,65.24,12.39,3.02,43.04,1.066,14.11,4.01,LANE_A,19026.0,-23.1,90.8,CRUISE_LOITER,0.55,6,150.0,0.22,-0.08,17.96,0.04,1.1,-0.3,95.1,-0.8,0.0,0.14,-0.02,0.02,0.342,0.01,0.8877,1
30.200000000000003,5122.6,2108.1,73.0,85.95,88.04,103.67,88.23,779.73,785.76,876.64,783.61,4.81,64.86,12.33,2.98,43.14,1.078,14.1,4.03,LANE_A,19026.0,-23.1,90.8,CRUISE_LOITER,0.55,6,150.0,-0.19,-0.6,18.03,0.09,-0.14,0.89,94.77,-1.26,0.01,-0.24,-0.08,0.12,0.354,0.0,0.887,1
30.25,5139.7,2115.1,72.9,86.2,88.68,103.58,88.2,780.75,783.0,877.59,784.45,4.81,65.0,12.39,2.97,43.07,1.088,14.1,4.15,LANE_A,19027.0,-23.1,90.8,CRUISE_LOITER,0.55,6,150.0,0.06,0.04,17.94,0.06,0.88,-1.87,95.72,-0.42,0.01,-0.1,-0.02,0.05,0.364,0.0,0.8893,1
30.3,5114.7,2104.8,72.8,85.94,88.36,103.54,88.06,781.41,786.42,876.3,784.55,4.82,65.06,12.55,2.99,42.88,1.069,14.11,4.08,LANE_A,19028.0,-23.1,90.8,CRUISE_LOITER,0.55,6,150.0,-0.19,-0.27,17.91,-0.07,1.54,1.55,94.43,-0.32,0.02,-0.04,0.14,-0.14,0.345,0.01,0.886,1
30.35,5148.7,2118.8,72.7,86.2,88.69,103.47,87.97,779.93,783.96,877.79,783.72,4.75,65.2,12.56,2.99,42.97,1.067,14.1,4.08,LANE_A,19029.0,-23.1,90.9,CRUISE_LOITER,0.55,6,150.0,0.07,0.06,17.84,-0.16,0.06,-0.91,95.92,-1.15,-0.05,0.11,0.15,-0.05,0.343,0.0,0.8896,1
30.400000000000002,5106.3,2101.4,72.7,86.33,88.74,103.76,87.93,779.05,783.85,877.17,783.84,4.79,64.99,12.48,2.98,43.1,1.067,14.08,4.2,LANE_A,19030.0,-23.1,90.9,CRUISE_LOITER,0.55,6,150.0,0.2,0.11,18.13,-0.2,-0.82,-1.02,95.3,-1.03,-0.01,-0.1,0.07,0.08,0.343,-0.02,0.8883,1
30.450000000000003,5124.9,2109.0,73.1,86.17,88.74,103.59,88.29,782.67,785.13,876.86,784.77,4.82,64.82,12.42,3.01,43.03,1.069,14.11,3.93,LANE_A,19031.0,-23.1,90.9,CRUISE_LOITER,0.55,6,150.0,0.04,0.11,17.96,0.16,2.8,0.26,94.99,-0.1,0.02,-0.27,0.01,0.02,0.345,0.01,0.8874,1
30.5,5123.2,2108.3,73.2,86.02,88.74,103.6,88.27,780.03,783.6,876.23,785.32,4.75,65.0,12.36,3.03,43.26,1.088,14.07,4.09,LANE_A,19032.0,-23.1,90.9,CRUISE_LOITER,0.55,6,150.0,-0.1,0.12,17.98,0.15,0.16,-1.27,94.36,0.45,-0.05,-0.09,-0.05,0.25,0.364,-0.03,0.886,1
30.55,5141.8,2116.0,72.9,86.2,88.52,103.48,88.34,779.87,783.74,876.19,785.48,4.77,64.81,12.48,2.99,43.01,1.073,14.14,3.95,LANE_A,19033.0,-23.1,90.9,CRUISE_LOITER,0.55,6,150.0,0.08,-0.1,17.86,0.22,0.0,-1.13,94.32,0.61,-0.03,-0.27,0.07,0.0,0.349,0.04,0.8857,1
30.6,5132.3,2112.1,72.7,86.23,88.63,103.5,87.9,778.64,784.79,873.92,786.35,4.83,65.08,12.38,2.99,42.84,1.074,14.11,4.03,LANE_A,19033.0,-23.1,90.9,CRUISE_LOITER,0.55,6,150.0,0.11,0.01,17.88,-0.22,-1.22,-0.07,92.06,1.49,0.03,0.0,-0.03,-0.17,0.35,0.01,0.88,1
30.650000000000002,5133.8,2112.7,73.1,86.19,88.56,103.46,88.08,780.73,783.5,876.58,784.29,4.83,65.02,12.3,3.0,42.99,1.083,14.1,4.18,LANE_A,19034.0,-23.1,90.9,CRUISE_LOITER,0.55,6,150.0,0.07,-0.06,17.84,-0.04,0.87,-1.36,94.72,-0.57,0.03,-0.06,-0.11,-0.02,0.359,0.0,0.8867,1
30.700000000000003,5119.7,2106.9,73.0,86.15,88.83,103.61,88.28,780.89,783.48,879.67,786.29,4.8,65.32,12.4,2.98,42.93,1.048,14.1,3.92,LANE_A,19035.0,-23.1,90.9,CRUISE_LOITER,0.55,6,150.0,0.04,0.22,18.0,0.17,1.03,-1.38,97.81,1.43,0.0,0.24,-0.01,-0.08,0.324,0.0,0.8941,1
30.75,5124.1,2108.7,73.1,86.17,88.61,103.34,88.23,780.7,783.51,877.29,786.16,4.79,65.08,12.43,2.99,42.77,1.078,14.15,4.04,LANE_A,19036.0,-23.1,90.9,CRUISE_LOITER,0.55,6,150.0,0.06,0.0,17.73,0.12,0.84,-1.35,95.43,1.3,-0.01,0.01,0.02,-0.24,0.354,0.05,0.8884,1
30.8,5151.7,2120.0,73.1,85.98,88.23,103.71,88.17,778.16,785.23,877.64,784.94,4.82,65.19,12.33,3.0,42.9,1.086,14.12,4.1,LANE_A,19037.0,-23.1,90.9,CRUISE_LOITER,0.55,6,150.0,-0.13,-0.38,18.1,0.06,-1.7,0.37,95.78,0.08,0.02,0.12,-0.08,-0.11,0.362,0.02,0.8895,1
30.85,5118.2,2106.3,73.1,86.17,88.7,103.37,88.15,778.61,785.89,877.01,786.05,4.8,65.1,12.28,2.99,42.97,1.09,14.11,3.98,LANE_A,19038.0,-23.1,90.9,CRUISE_LOITER,0.55,6,150.0,0.06,0.09,17.76,0.04,-1.25,1.03,95.15,1.19,0.0,0.03,-0.13,-0.04,0.366,0.01,0.8878,1
30.900000000000002,5122.2,2107.9,73.0,85.98,88.37,103.35,88.05,778.42,784.77,878.96,785.41,4.84,65.05,12.41,2.98,43.18,1.086,14.06,4.11,LANE_A,19039.0,-23.1,90.9,CRUISE_LOITER,0.55,6,150.0,-0.12,-0.23,17.75,-0.05,-1.44,-0.09,97.1,0.55,0.04,-0.02,0.0,0.18,0.362,-0.04,0.8924,1
30.950000000000003,5118.4,2106.3,72.7,85.94,88.54,103.34,88.18,779.69,785.3,878.13,784.07,4.77,65.17,12.34,2.99,43.04,1.083,14.1,4.21,LANE_A,19039.0,-23.1,90.9,CRUISE_LOITER,0.55,6,150.0,-0.16,-0.06,17.74,0.08,-0.16,0.45,96.28,-0.78,-0.03,0.1,-0.07,0.04,0.359,0.0,0.8905,1
31.0,5115.2,2105.0,72.7,85.98,88.73,103.77,87.98,780.52,785.57,877.2,785.58,4.79,64.81,12.33,3.01,42.96,1.074,14.09,4.02,LANE_A,19040.0,-23.1,90.9,CRUISE_LOITER,0.55,6,150.0,-0.12,0.13,18.17,-0.12,0.67,0.72,95.35,0.73,-0.01,-0.25,-0.08,-0.04,0.35,-0.01,0.8885,1
31.05,5134.8,2113.1,73.0,86.15,88.5,103.92,87.99,780.06,785.87,878.51,784.01,4.84,65.01,12.26,3.03,42.94,1.086,14.07,4.06,LANE_A,19041.0,-23.1,90.9,CRUISE_LOITER,0.55,6,150.0,0.05,-0.1,18.32,-0.11,0.21,1.02,96.66,-0.84,0.04,-0.05,-0.15,-0.06,0.362,-0.03,0.8917,1
31.1,5139.8,2115.1,72.7,86.03,88.62,103.37,87.74,780.62,784.22,875.14,783.96,4.82,65.08,12.37,2.98,42.94,1.097,14.09,4.27,LANE_A,19042.0,-23.1,90.9,CRUISE_LOITER,0.55,6,150.0,-0.06,0.03,17.78,-0.35,0.77,-0.63,93.29,-0.89,0.02,0.02,-0.04,-0.06,0.373,-0.01,0.8832,1
31.150000000000002,5142.2,2116.1,73.0,86.03,88.35,103.66,88.14,779.57,784.31,877.44,785.24,4.78,64.87,12.52,3.03,42.86,1.083,14.12,3.97,LANE_A,19043.0,-23.1,90.9,CRUISE_LOITER,0.55,6,150.0,-0.06,-0.24,18.07,0.05,-0.28,-0.54,95.59,0.39,-0.02,-0.19,0.11,-0.14,0.359,0.02,0.889,1
31.200000000000003,5131.1,2111.6,72.8,86.15,88.52,103.32,88.08,782.35,783.71,876.63,783.51,4.79,64.87,12.42,3.01,42.9,1.051,14.11,4.16,LANE_A,19044.0,-23.1,90.9,CRUISE_LOITER,0.55,6,150.0,0.06,-0.07,17.73,-0.01,2.5,-1.14,94.78,-1.34,-0.01,-0.18,0.01,-0.1,0.327,0.01,0.8867,1
31.25,5134.3,2112.9,72.9,86.14,88.95,103.61,88.15,780.56,784.33,874.94,784.73,4.78,65.1,12.39,3.02,43.05,1.084,14.12,4.05,LANE_A,19045.0,-23.1,90.9,CRUISE_LOITER,0.55,6,150.0,0.05,0.36,18.02,0.06,0.71,-0.52,93.09,-0.12,-0.02,0.05,-0.02,0.05,0.36,0.02,0.8828,1
31.3,5149.9,2119.3,73.1,86.08,88.66,103.43,88.22,781.64,783.08,875.76,784.81,4.81,64.9,12.38,2.99,42.86,1.095,14.08,4.07,LANE_A,19046.0,-23.1,90.9,CRUISE_LOITER,0.55,6,150.0,0.0,0.08,17.85,0.14,1.79,-1.77,93.91,-0.04,0.01,-0.15,-0.03,-0.13,0.371,-0.02,0.8848,1
31.35,5125.8,2109.4,72.9,86.21,88.59,103.75,88.21,779.45,786.41,875.82,786.06,4.75,64.85,12.44,2.98,43.18,1.038,14.1,4.01,LANE_A,19046.0,-23.1,90.9,CRUISE_LOITER,0.55,6,150.0,0.13,0.01,18.17,0.13,-0.39,1.57,93.98,1.22,-0.05,-0.2,0.03,0.19,0.314,0.0,0.885,1
31.400000000000002,5121.8,2107.7,73.0,86.09,88.62,103.71,88.07,777.79,782.47,876.18,784.65,4.84,64.96,12.33,3.01,42.9,1.052,14.08,4.21,LANE_A,19047.0,-23.1,90.9,CRUISE_LOITER,0.55,6,150.0,0.01,0.04,18.13,-0.01,-2.05,-2.37,94.34,-0.19,0.04,-0.08,-0.08,-0.09,0.328,-0.02,0.8859,1
31.450000000000003,5119.3,2106.7,72.8,86.46,88.57,103.6,88.14,779.42,784.04,878.73,784.57,4.81,65.43,12.35,3.04,42.88,1.07,14.1,4.04,LANE_A,19048.0,-23.1,90.9,CRUISE_LOITER,0.55,6,150.0,0.38,-0.01,18.02,0.06,-0.42,-0.8,96.89,-0.27,0.01,0.39,-0.06,-0.11,0.346,0.0,0.892,1
31.5,5144.1,2116.9,73.1,86.08,88.65,103.54,88.41,780.41,785.37,878.3,782.78,4.8,65.01,12.39,2.99,43.01,1.069,14.1,4.05,LANE_A,19049.0,-23.1,90.9,CRUISE_LOITER,0.55,6,150.0,0.01,0.08,17.97,0.34,0.57,0.53,96.46,-2.06,0.0,-0.03,-0.02,0.02,0.345,0.0,0.891,1
31.55,5126.2,2109.5,72.7,86.15,88.55,103.61,88.12,780.32,785.88,875.83,784.84,4.8,65.07,12.41,3.0,43.08,1.09,14.09,3.96,LANE_A,19050.0,-23.1,90.9,CRUISE_LOITER,0.55,6,150.0,0.08,-0.02,18.04,0.05,0.48,1.04,93.99,0.0,0.0,0.03,0.0,0.09,0.366,-0.01,0.8851,1
31.6,5142.9,2116.4,72.9,85.66,88.18,103.67,88.21,778.79,784.82,877.94,784.44,4.83,65.0,12.33,2.99,42.82,1.062,14.1,3.96,LANE_A,19051.0,-23.1,91.0,CRUISE_LOITER,0.55,6,150.0,-0.41,-0.39,18.1,0.14,-1.05,-0.02,96.1,-0.4,0.03,-0.03,-0.08,-0.17,0.338,0.0,0.8902,1
31.650000000000002,5131.3,2111.6,73.0,86.2,88.5,103.74,88.25,780.51,784.76,876.04,785.75,4.82,64.83,12.3,2.99,43.06,1.069,14.09,4.15,LANE_A,19052.0,-23.1,91.0,CRUISE_LOITER,0.55,6,150.0,0.14,-0.06,18.18,0.19,0.67,-0.08,94.2,0.91,0.02,-0.2,-0.11,0.07,0.345,-0.01,0.8856,1
31.700000000000003,5119.6,2106.8,73.2,86.25,88.49,103.59,88.11,777.67,787.7,875.33,785.58,4.77,64.71,12.41,3.0,43.11,1.087,14.13,3.98,LANE_A,19052.0,-23.1,91.0,CRUISE_LOITER,0.55,6,150.0,0.19,-0.07,18.03,0.05,-2.17,2.86,93.49,0.74,-0.03,-0.32,0.0,0.13,0.363,0.03,0.8838,1
31.75,5147.8,2118.4,72.8,86.02,88.87,103.6,88.1,779.55,783.92,876.1,784.5,4.78,65.2,12.5,3.01,42.92,1.046,14.06,4.12,LANE_A,19053.0,-23.1,91.0,CRUISE_LOITER,0.55,6,150.0,-0.04,0.31,18.04,0.04,-0.28,-0.91,94.27,-0.33,-0.02,0.17,0.09,-0.06,0.322,-0.04,0.8856,1
31.8,5111.2,2103.4,72.8,85.98,88.79,103.38,88.09,778.39,785.48,874.09,784.69,4.82,65.15,12.3,3.03,42.94,1.072,14.13,3.96,LANE_A,19054.0,-23.1,91.0,CRUISE_LOITER,0.55,6,150.0,-0.08,0.23,17.82,0.03,-1.44,0.65,92.26,-0.14,0.02,0.13,-0.11,-0.04,0.348,0.03,0.8805,1
31.85,5127.3,2110.0,72.7,86.06,88.36,103.46,87.89,780.6,784.8,876.56,784.61,4.8,65.09,12.52,3.01,42.86,1.056,14.11,4.07,LANE_A,19055.0,-23.1,91.0,CRUISE_LOITER,0.55,6,150.0,0.01,-0.19,17.91,-0.16,0.77,-0.03,94.73,-0.22,0.0,0.07,0.11,-0.12,0.332,0.01,0.8867,1
31.900000000000002,5131.0,2111.5,73.2,85.97,88.72,103.6,87.97,779.05,787.02,878.3,783.94,4.76,65.18,12.43,2.98,43.21,1.04,14.11,3.97,LANE_A,19056.0,-23.1,91.0,CRUISE_LOITER,0.55,6,150.0,-0.08,0.17,18.05,-0.08,-0.78,2.19,96.47,-0.89,-0.04,0.16,0.02,0.23,0.316,0.01,0.891,1
31.950000000000003,5140.9,2115.6,72.9,86.12,88.62,103.8,88.21,780.68,784.54,875.99,785.52,4.74,64.92,12.44,3.0,42.81,1.074,14.11,4.04,LANE_A,19057.0,-23.1,91.0,CRUISE_LOITER,0.55,6,150.0,0.07,0.07,18.25,0.16,0.85,-0.29,94.16,0.69,-0.06,-0.1,0.03,-0.17,0.35,0.01,0.8856,1
32.0,5103.2,2100.1,73.0,86.37,88.52,103.43,87.96,779.28,783.81,875.2,784.65,4.77,65.21,12.26,3.01,42.9,1.079,14.1,4.08,LANE_A,19058.0,-23.1,91.0,CRUISE_LOITER,0.55,6,150.0,0.32,-0.03,17.88,-0.09,-0.55,-1.02,93.37,-0.18,-0.03,0.2,-0.14,-0.08,0.355,0.0,0.8834,1
32.050000000000004,5142.0,2116.0,73.3,86.21,88.48,103.66,87.91,779.51,785.06,874.92,784.66,4.77,65.1,12.38,3.0,42.95,1.081,14.1,4.08,LANE_A,19058.0,-23.1,91.0,CRUISE_LOITER,0.55,6,150.0,0.17,-0.06,18.12,-0.13,-0.32,0.23,93.09,-0.17,-0.03,0.09,-0.02,-0.03,0.357,0.0,0.8828,1
32.1,5127.9,2110.2,73.0,86.12,88.32,103.28,87.93,781.32,783.8,877.08,783.74,4.83,65.01,12.44,3.0,43.14,1.062,14.07,4.07,LANE_A,19059.0,-23.1,91.0,CRUISE_LOITER,0.55,6,150.0,0.08,-0.22,17.74,-0.11,1.5,-1.02,95.26,-1.08,0.03,0.0,0.04,0.16,0.338,-0.03,0.8879,1
32.15,5153.0,2120.6,73.4,86.01,88.85,103.6,87.92,778.37,785.59,876.17,786.94,4.79,64.99,12.35,3.0,43.2,1.08,14.11,3.86,LANE_A,19060.0,-23.1,91.0,CRUISE_LOITER,0.55,6,150.0,-0.03,0.31,18.06,-0.12,-1.45,0.77,94.35,2.12,-0.01,-0.02,-0.05,0.23,0.356,0.01,0.886,1
32.2,5142.7,2116.3,72.8,86.04,88.63,103.62,88.12,779.2,786.19,874.61,783.98,4.81,65.22,12.28,3.04,42.98,1.092,14.11,4.07,LANE_A,19061.0,-23.1,91.0,CRUISE_LOITER,0.55,6,150.0,0.0,0.09,18.08,0.08,-0.62,1.37,92.79,-0.84,0.01,0.22,-0.12,0.01,0.368,0.01,0.8821,1
32.25,5129.8,2111.0,72.7,86.19,88.84,103.35,88.58,777.99,785.22,876.18,785.58,4.86,64.87,12.31,3.0,43.0,1.08,14.07,4.22,LANE_A,19062.0,-23.1,91.0,CRUISE_LOITER,0.55,6,150.0,0.16,0.31,17.82,0.55,-1.83,0.4,94.36,0.76,0.06,-0.13,-0.09,0.03,0.356,-0.03,0.8859,1
32.300000000000004,5108.6,2102.3,73.0,86.03,88.63,103.46,88.15,781.32,784.03,876.78,783.04,4.88,64.94,12.42,3.0,42.74,1.072,14.1,3.86,LANE_A,19063.0,-23.1,91.0,CRUISE_LOITER,0.55,6,150.0,0.0,0.1,17.93,0.12,1.5,-0.79,94.96,-1.78,0.08,-0.06,0.02,-0.23,0.348,0.0,0.8874,1
32.35,5122.3,2107.9,72.6,85.91,88.49,103.64,88.19,780.13,783.89,875.71,784.46,4.77,65.04,12.61,3.02,42.98,1.076,14.15,4.07,LANE_A,19064.0,-23.1,91.0,CRUISE_LOITER,0.55,6,150.0,-0.12,-0.04,18.11,0.16,0.31,-0.93,93.89,-0.36,-0.03,0.04,0.21,0.01,0.352,0.05,0.8849,1
32.4,5162.4,2124.4,72.8,85.78,88.63,103.16,88.06,779.48,783.61,876.01,784.6,4.76,64.81,12.41,3.01,42.74,1.093,14.11,3.99,LANE_A,19065.0,-23.1,91.0,CRUISE_LOITER,0.55,6,150.0,-0.25,0.1,17.63,0.03,-0.34,-1.21,94.19,-0.22,-0.04,-0.19,0.01,-0.23,0.369,0.01,0.8853,1
32.45,5137.4,2114.2,72.9,86.28,88.67,103.49,88.0,778.8,786.86,876.44,781.88,4.78,64.96,12.38,2.99,42.91,1.069,14.06,3.99,LANE_A,19065.0,-23.1,91.0,CRUISE_LOITER,0.55,6,150.0,0.26,0.15,17.97,-0.02,-1.02,2.04,94.62,-2.94,-0.02,-0.03,-0.02,-0.06,0.345,-0.04,0.8866,1
32.5,5116.5,2105.6,73.0,86.22,88.3,103.48,88.17,779.46,787.16,876.75,784.32,4.8,64.8,12.38,3.0,42.84,1.035,14.07,4.1,LANE_A,19066.0,-23.1,91.0,CRUISE_LOITER,0.55,6,150.0,0.2,-0.22,17.96,0.15,-0.35,2.35,94.94,-0.49,0.0,-0.19,-0.02,-0.13,0.311,-0.03,0.8872,1
32.550000000000004,5128.4,2110.5,73.0,85.89,88.18,103.33,87.91,780.53,784.9,876.5,784.6,4.83,65.0,12.27,3.02,42.99,1.079,14.11,4.04,LANE_A,19067.0,-23.1,91.0,CRUISE_LOITER,0.55,6,150.0,-0.13,-0.34,17.81,-0.11,0.72,0.09,94.69,-0.21,0.03,0.01,-0.13,0.03,0.355,0.01,0.8866,1
32.6,5147.9,2118.5,72.9,86.14,88.45,103.51,88.05,779.02,785.55,877.45,786.63,4.75,64.87,12.37,3.05,43.05,1.085,14.1,4.0,LANE_A,19068.0,-23.1,91.0,CRUISE_LOITER,0.55,6,150.0,0.12,-0.07,17.99,0.03,-0.79,0.74,95.64,1.82,-0.05,-0.12,-0.03,0.09,0.361,0.0,0.8891,1
32.65,5132.7,2112.2,72.9,86.0,88.81,103.63,88.05,780.4,783.83,875.67,783.96,4.78,65.27,12.29,2.98,42.87,1.071,14.1,4.04,LANE_A,19069.0,-23.1,91.0,CRUISE_LOITER,0.55,6,150.0,-0.01,0.3,18.12,0.04,0.59,-0.98,93.86,-0.85,-0.02,0.29,-0.11,-0.09,0.347,0.0,0.8848,1
32.7,5118.5,2106.4,72.7,85.57,88.33,103.91,87.86,780.6,782.82,875.95,784.65,4.78,64.75,12.27,2.96,42.79,1.055,14.11,3.93,LANE_A,19070.0,-23.1,91.0,CRUISE_LOITER,0.55,6,150.0,-0.44,-0.18,18.4,-0.15,0.79,-1.99,94.14,-0.16,-0.02,-0.23,-0.13,-0.17,0.331,0.01,0.8856,1
32.75,5124.3,2108.8,72.8,86.1,88.65,103.8,87.84,778.8,783.7,877.42,786.83,4.76,64.97,12.35,2.96,42.83,1.08,14.13,4.05,LANE_A,19071.0,-23.1,91.0,CRUISE_LOITER,0.55,6,150.0,0.09,0.14,18.29,-0.17,-1.01,-1.11,95.61,2.02,-0.04,-0.01,-0.05,-0.13,0.356,0.03,0.8892,1
32.800000000000004,5139.5,2115.0,73.0,86.04,88.51,103.63,88.04,777.3,786.81,875.58,786.13,4.75,64.99,12.25,2.98,42.91,1.081,14.07,3.92,LANE_A,19071.0,-23.1,91.0,CRUISE_LOITER,0.55,6,150.0,0.03,0.0,18.12,0.03,-2.51,2.0,93.77,1.32,-0.05,0.01,-0.15,-0.05,0.357,-0.03,0.8846,1
32.85,5114.7,2104.8,73.1,85.99,88.66,103.19,88.01,777.26,785.58,878.12,786.49,4.84,64.95,12.46,3.01,42.81,1.084,14.12,3.86,LANE_A,19072.0,-23.1,91.1,CRUISE_LOITER,0.55,6,150.0,-0.01,0.16,17.69,0.01,-2.55,0.77,96.31,1.68,0.04,-0.02,0.06,-0.15,0.36,0.02,0.8905,1
32.9,5120.0,2107.0,73.1,86.16,88.41,103.89,88.32,777.96,783.13,876.18,784.47,4.83,64.88,12.39,2.99,43.05,1.06,14.08,4.08,LANE_A,19073.0,-23.1,91.1,CRUISE_LOITER,0.55,6,150.0,0.16,-0.09,18.39,0.32,-1.84,-1.67,94.38,-0.33,0.03,-0.09,-0.01,0.09,0.336,-0.02,0.8862,1
32.95,5113.7,2104.4,72.8,85.87,88.63,103.46,87.92,780.86,784.52,876.39,783.21,4.78,65.07,12.42,3.01,42.88,1.092,14.06,3.94,LANE_A,19074.0,-23.1,91.1,CRUISE_LOITER,0.55,6,150.0,-0.13,0.13,17.96,-0.08,1.06,-0.28,94.59,-1.59,-0.02,0.1,0.02,-0.08,0.368,-0.04,0.8865,1
33.0,5142.9,2116.4,73.1,85.98,88.32,103.64,87.94,779.93,785.8,875.94,787.45,4.81,64.97,12.53,2.98,42.92,1.064,14.11,4.07,LANE_A,19075.0,-23.1,91.1,CRUISE_LOITER,0.55,6,150.0,-0.02,-0.18,18.14,-0.06,0.13,1.0,94.14,2.65,0.01,0.0,0.13,-0.03,0.34,0.01,0.8855,1
33.050000000000004,5104.1,2100.5,73.3,85.87,88.4,103.67,88.21,781.25,783.3,876.93,785.61,4.79,65.05,12.36,3.03,43.09,1.063,14.11,3.91,LANE_A,19076.0,-23.2,91.1,CRUISE_LOITER,0.55,6,150.0,-0.12,-0.09,18.18,0.22,1.45,-1.5,95.13,0.81,-0.01,0.09,-0.04,0.14,0.339,0.01,0.8879,1
33.1,5143.7,2116.7,72.9,85.96,88.65,103.22,87.91,780.12,784.55,874.68,784.79,4.82,64.82,12.49,2.96,42.79,1.074,14.09,4.09,LANE_A,19077.0,-23.2,91.1,CRUISE_LOITER,0.55,6,150.0,-0.03,0.16,17.73,-0.08,0.32,-0.25,92.88,-0.01,0.02,-0.14,0.09,-0.16,0.35,-0.01,0.882,1
33.15,5137.7,2114.3,73.3,86.19,88.91,103.05,87.91,780.49,785.63,877.53,785.0,4.83,65.26,12.53,2.97,42.86,1.082,14.11,4.08,LANE_A,19077.0,-23.2,91.1,CRUISE_LOITER,0.55,6,150.0,0.2,0.42,17.56,-0.08,0.69,0.83,95.73,0.2,0.03,0.3,0.13,-0.09,0.358,0.01,0.889,1
33.2,5110.3,2103.0,73.1,86.06,88.39,103.69,87.86,780.73,784.66,878.14,785.0,4.77,64.89,12.38,3.02,42.92,1.058,14.11,3.94,LANE_A,19078.0,-23.2,91.1,CRUISE_LOITER,0.55,6,150.0,0.07,-0.1,18.2,-0.13,0.93,-0.14,96.34,0.2,-0.03,-0.07,-0.02,-0.03,0.334,0.01,0.8908,1
33.25,5135.7,2113.5,72.9,85.99,88.62,103.51,87.76,779.72,784.8,876.17,783.73,4.81,65.0,12.31,3.0,43.13,1.07,14.12,4.12,LANE_A,19079.0,-23.2,91.1,CRUISE_LOITER,0.55,6,150.0,0.01,0.14,18.03,-0.22,-0.08,0.0,94.37,-1.07,0.01,0.05,-0.09,0.18,0.346,0.02,0.886,1
33.300000000000004,5134.6,2113.0,72.9,86.0,88.75,103.26,88.23,779.11,785.58,878.91,785.12,4.78,64.86,12.44,3.01,42.94,1.045,14.09,3.99,LANE_A,19080.0,-23.2,91.1,CRUISE_LOITER,0.55,6,150.0,0.02,0.27,17.78,0.25,-0.68,0.79,97.12,0.33,-0.02,-0.09,0.04,-0.01,0.321,-0.01,0.8923,1
33.35,5138.0,2114.4,73.1,85.83,88.65,103.2,87.97,781.52,784.38,877.33,784.69,4.81,64.87,12.42,2.99,42.88,1.082,14.12,3.93,LANE_A,19081.0,-23.2,91.1,CRUISE_LOITER,0.55,6,150.0,-0.15,0.17,17.72,-0.01,1.73,-0.41,95.54,-0.1,0.01,-0.08,0.02,-0.07,0.358,0.02,0.8887,1
33.4,5140.4,2115.4,73.1,85.95,88.23,103.17,88.04,781.42,783.67,876.04,785.38,4.79,65.04,12.3,2.98,42.73,1.085,14.1,4.17,LANE_A,19082.0,-23.2,91.1,CRUISE_LOITER,0.55,6,150.0,-0.02,-0.24,17.7,0.07,1.63,-1.12,94.25,0.59,-0.01,0.09,-0.1,-0.21,0.361,0.0,0.8855,1
33.45,5118.1,2106.2,73.0,85.78,88.12,103.65,88.08,781.44,784.23,875.73,784.21,4.77,64.82,12.35,2.98,42.88,1.101,14.1,4.09,LANE_A,19083.0,-23.2,91.1,CRUISE_LOITER,0.55,6,150.0,-0.19,-0.35,18.18,0.11,1.65,-0.56,93.94,-0.58,-0.03,-0.12,-0.05,-0.06,0.377,0.0,0.8851,1
33.5,5120.9,2107.4,72.6,86.2,88.33,103.64,87.95,779.63,786.44,876.64,786.1,4.75,65.11,12.44,3.0,42.93,1.08,14.12,4.18,LANE_A,19084.0,-23.2,91.1,CRUISE_LOITER,0.55,6,150.0,0.23,-0.14,18.17,-0.02,-0.16,1.65,94.85,1.31,-0.05,0.17,0.04,-0.01,0.356,0.02,0.8873,1
33.550000000000004,5113.4,2104.3,73.2,85.77,88.4,103.3,87.7,779.83,786.12,877.21,784.7,4.77,65.22,12.36,2.98,42.81,1.058,14.11,3.92,LANE_A,19084.0,-23.2,91.1,CRUISE_LOITER,0.55,6,150.0,-0.2,-0.07,17.83,-0.27,0.04,1.33,95.42,-0.09,-0.03,0.28,-0.04,-0.13,0.334,0.01,0.8884,1
33.6,5122.2,2107.9,72.9,86.05,88.64,103.63,87.73,780.52,784.99,875.24,785.22,4.84,64.76,12.48,3.01,43.09,1.059,14.11,3.91,LANE_A,19085.0,-23.2,91.1,CRUISE_LOITER,0.55,6,150.0,0.09,0.18,18.17,-0.23,0.73,0.2,93.45,0.43,0.04,-0.18,0.08,0.15,0.335,0.01,0.8837,1
33.65,5110.2,2103.0,72.8,85.51,88.35,103.18,87.98,779.96,784.77,875.17,784.92,4.83,65.03,12.52,2.98,42.85,1.069,14.11,4.06,LANE_A,19086.0,-23.2,91.1,CRUISE_LOITER,0.55,6,150.0,-0.45,-0.11,17.72,0.02,0.18,-0.01,93.39,0.14,0.03,0.09,0.12,-0.09,0.345,0.01,0.8833,1
33.7,5129.7,2111.0,73.0,86.01,88.56,103.73,88.05,780.07,786.06,876.62,784.7,4.74,65.0,12.42,3.01,43.03,1.081,14.07,4.05,LANE_A,19087.0,-23.2,91.1,CRUISE_LOITER,0.55,6,150.0,0.05,0.1,18.27,0.09,0.29,1.28,94.84,-0.08,-0.06,0.07,0.02,0.09,0.357,-0.03,0.8873,1
33.75,5124.6,2108.9,73.1,85.96,88.6,103.36,87.81,781.09,785.65,877.24,784.62,4.78,65.23,12.32,2.96,42.97,1.097,14.08,4.03,LANE_A,19088.0,-23.2,91.1,CRUISE_LOITER,0.55,6,150.0,0.0,0.14,17.9,-0.15,1.31,0.87,95.46,-0.16,-0.02,0.3,-0.08,0.03,0.373,-0.02,0.8886,1
33.800000000000004,5139.5,2115.0,73.0,86.13,88.45,103.64,88.01,778.47,785.26,876.03,782.72,4.85,64.97,12.32,3.02,42.92,1.084,14.11,3.95,LANE_A,19089.0,-23.2,91.1,CRUISE_LOITER,0.55,6,150.0,0.18,0.0,18.19,0.06,-1.31,0.48,94.25,-2.06,0.05,0.04,-0.08,-0.01,0.36,0.01,0.8858,1
33.85,5124.7,2108.9,72.9,86.39,88.65,103.81,87.8,780.81,784.63,877.79,785.27,4.78,64.96,12.48,3.02,42.82,1.072,14.11,3.98,LANE_A,19090.0,-23.2,91.1,CRUISE_LOITER,0.55,6,150.0,0.44,0.2,18.36,-0.15,1.03,-0.15,96.01,0.49,-0.02,0.03,0.08,-0.11,0.348,0.01,0.8902,1
33.9,5114.2,2104.6,72.9,85.78,88.58,103.28,88.03,780.28,786.03,877.94,786.59,4.8,64.68,12.41,2.96,42.94,1.091,14.09,4.06,LANE_A,19090.0,-23.2,91.1,CRUISE_LOITER,0.55,6,150.0,-0.17,0.13,17.83,0.08,0.5,1.25,96.16,1.81,0.0,-0.24,0.01,0.01,0.367,-0.01,0.8903,1
33.95,5138.9,2114.8,73.1,86.0,88.26,103.66,87.86,780.05,783.47,875.46,781.59,4.87,64.87,12.38,2.98,43.19,1.072,14.13,4.02,LANE_A,19091.0,-23.2,91.1,CRUISE_LOITER,0.55,6,150.0,0.05,-0.19,18.21,-0.09,0.27,-1.31,93.68,-3.19,0.07,-0.05,-0.02,0.26,0.348,0.03,0.8844,1
34.0,5156.5,2122.0,73.1,85.69,88.73,103.17,87.63,779.74,784.07,875.67,785.59,4.82,64.83,12.36,2.99,43.05,1.07,14.09,3.99,LANE_A,19092.0,-23.2,91.1,CRUISE_LOITER,0.55,6,150.0,-0.25,0.29,17.73,-0.31,-0.04,-0.71,93.89,0.81,0.02,-0.09,-0.03,0.12,0.346,-0.01,0.8846,1
34.050000000000004,5140.6,2115.5,73.3,86.13,88.6,103.19,87.62,779.63,783.58,876.37,784.39,4.85,64.89,12.31,2.98,42.95,1.067,14.11,3.86,LANE_A,19093.0,-23.2,91.1,CRUISE_LOITER,0.55,6,150.0,0.19,0.16,17.75,-0.32,-0.14,-1.19,94.6,-0.38,0.05,-0.03,-0.08,0.02,0.343,0.01,0.8863,1
34.1,5132.1,2112.0,72.6,86.04,88.77,103.27,88.12,780.46,783.65,879.51,783.74,4.84,64.9,12.44,3.01,42.97,1.089,14.09,3.92,LANE_A,19094.0,-23.2,91.2,CRUISE_LOITER,0.55,6,150.0,0.1,0.33,17.83,0.18,0.69,-1.12,97.74,-1.03,0.04,-0.01,0.05,0.04,0.365,-0.01,0.894,1
34.15,5129.5,2110.9,73.3,86.11,88.52,103.52,88.39,780.58,785.22,876.07,786.06,4.84,65.11,12.4,2.99,42.93,1.105,14.1,4.04,LANE_A,19095.0,-23.2,91.2,CRUISE_LOITER,0.55,6,150.0,0.17,0.08,18.08,0.45,0.81,0.45,94.3,1.29,0.04,0.2,0.01,0.0,0.381,0.0,0.886,1
34.2,5128.2,2110.4,73.2,85.82,88.31,103.57,87.89,779.72,784.47,877.98,784.29,4.81,64.69,12.46,3.02,43.25,1.063,14.12,4.12,LANE_A,19096.0,-23.2,91.2,CRUISE_LOITER,0.55,6,150.0,-0.11,-0.12,18.14,-0.04,-0.05,-0.3,96.21,-0.48,0.01,-0.22,0.07,0.32,0.339,0.02,0.8905,1
34.25,5145.3,2117.4,73.5,86.09,88.55,103.33,88.05,779.71,785.19,877.06,785.58,4.82,64.86,12.43,2.99,42.98,1.06,14.13,4.07,LANE_A,19096.0,-23.2,91.2,CRUISE_LOITER,0.55,6,150.0,0.16,0.12,17.9,0.12,-0.06,0.42,95.29,0.81,0.02,-0.05,0.04,0.06,0.336,0.03,0.8881,1
34.300000000000004,5116.6,2105.6,73.1,85.95,88.36,103.6,87.93,780.17,785.92,876.2,784.42,4.78,64.78,12.47,3.01,42.91,1.091,14.13,4.01,LANE_A,19097.0,-23.2,91.2,CRUISE_LOITER,0.55,6,150.0,0.02,-0.07,18.17,0.0,0.4,1.15,94.43,-0.35,-0.02,-0.12,0.08,-0.01,0.367,0.03,0.8863,1
34.35,5132.7,2112.2,72.7,85.62,88.48,103.69,87.64,781.56,783.21,876.6,784.49,4.84,65.11,12.33,3.01,42.76,1.092,14.1,4.0,LANE_A,19098.0,-23.2,91.2,CRUISE_LOITER,0.55,6,150.0,-0.31,0.05,18.26,-0.29,1.79,-1.56,94.83,-0.28,0.04,0.21,-0.06,-0.16,0.368,0.0,0.8873,1
34.4,5147.3,2118.2,72.9,85.91,88.12,103.2,88.43,780.13,784.17,877.55,785.6,4.82,64.99,12.45,2.97,42.74,1.083,14.09,3.92,LANE_A,19099.0,-23.2,91.2,CRUISE_LOITER,0.55,6,150.0,-0.01,-0.3,17.78,0.51,0.36,-0.6,95.78,0.83,0.02,0.09,0.06,-0.18,0.359,-0.01,0.8893,1
34.45,5112.7,2104.0,73.3,85.89,88.16,103.13,87.42,779.38,784.19,875.37,784.75,4.79,64.64,12.33,2.97,42.85,1.073,14.1,4.04,LANE_A,19100.0,-23.2,91.2,CRUISE_LOITER,0.55,6,150.0,-0.03,-0.26,17.71,-0.5,-0.38,-0.57,93.61,-0.01,-0.01,-0.26,-0.06,-0.07,0.349,0.0,0.8839,1
34.5,5126.3,2109.6,73.1,85.72,88.45,103.44,87.6,781.21,783.99,875.72,785.38,4.85,64.52,12.35,3.02,43.11,1.067,14.09,3.95,LANE_A,19101.0,-23.2,91.2,CRUISE_LOITER,0.55,6,150.0,-0.2,0.03,18.02,-0.32,1.45,-0.77,93.96,0.62,0.05,-0.37,-0.04,0.19,0.343,-0.01,0.8849,1
34.550000000000004,5106.2,2101.3,72.4,86.11,88.4,103.62,87.82,780.0,783.0,876.9,785.12,4.84,64.69,12.42,3.01,43.03,1.065,14.11,4.09,LANE_A,19102.0,-23.2,91.2,CRUISE_LOITER,0.55,6,150.0,0.19,-0.02,18.2,-0.1,0.24,-1.76,95.14,0.36,0.04,-0.2,0.03,0.11,0.341,0.01,0.888,1
34.6,5130.1,2111.2,73.2,85.75,88.45,103.1,87.9,779.29,786.41,879.31,784.72,4.77,64.83,12.35,2.99,42.81,1.073,14.09,3.99,LANE_A,19102.0,-23.2,91.2,CRUISE_LOITER,0.55,6,150.0,-0.16,0.04,17.69,-0.01,-0.47,1.65,97.55,-0.04,-0.03,-0.06,-0.04,-0.11,0.349,-0.01,0.8934,1
34.65,5127.6,2110.1,72.9,85.86,88.51,103.41,87.77,780.94,784.32,876.37,784.18,4.81,64.7,12.47,3.04,43.0,1.085,14.12,4.11,LANE_A,19103.0,-23.2,91.2,CRUISE_LOITER,0.55,6,150.0,-0.05,0.1,18.0,-0.14,1.18,-0.44,94.61,-0.58,0.01,-0.19,0.08,0.09,0.361,0.02,0.8866,1
34.7,5105.3,2100.9,73.0,85.95,88.23,103.59,87.83,780.63,784.7,877.17,786.11,4.83,65.12,12.35,3.02,42.81,1.093,14.1,4.08,LANE_A,19104.0,-23.2,91.2,CRUISE_LOITER,0.55,6,150.0,0.04,-0.18,18.18,-0.08,0.87,-0.06,95.41,1.35,0.03,0.23,-0.04,-0.1,0.369,0.0,0.8887,1
34.75,5116.4,2105.5,73.3,86.22,88.31,103.23,88.07,780.28,784.99,875.87,786.06,4.87,64.95,12.46,3.02,43.01,1.055,14.14,4.07,LANE_A,19105.0,-23.2,91.2,CRUISE_LOITER,0.55,6,150.0,0.31,-0.1,17.82,0.16,0.52,0.23,94.11,1.3,0.07,0.07,0.07,0.1,0.331,0.04,0.8851,1
34.800000000000004,5130.6,2111.4,73.1,85.84,88.21,103.25,87.69,780.75,785.81,876.2,785.12,4.83,65.02,12.38,3.02,42.93,1.077,14.06,3.96,LANE_A,19106.0,-23.2,91.2,CRUISE_LOITER,0.55,6,150.0,-0.06,-0.19,17.85,-0.21,0.99,1.05,94.44,0.36,0.03,0.14,-0.01,0.02,0.353,-0.04,0.886,1
34.85,5125.8,2109.4,73.2,85.9,88.38,103.6,87.87,779.42,786.14,874.57,784.84,4.85,64.82,12.35,3.0,42.8,1.072,14.14,3.86,LANE_A,19107.0,-23.2,91.2,CRUISE_LOITER,0.55,6,150.0,0.0,-0.02,18.2,-0.03,-0.33,1.39,92.82,0.09,0.04,-0.06,-0.04,-0.11,0.348,0.04,0.8822,1
34.9,5126.0,2109.5,72.7,85.87,88.48,103.16,87.68,779.08,782.06,874.42,784.67,4.77,64.94,12.37,3.01,42.88,1.037,14.08,4.03,LANE_A,19108.0,-23.2,91.2,CRUISE_LOITER,0.55,6,150.0,-0.03,0.08,17.76,-0.22,-0.67,-2.69,92.67,-0.08,-0.04,0.06,-0.02,-0.03,0.313,-0.02,0.8814,1
34.95,5126.8,2109.8,73.3,85.79,88.08,103.47,88.02,778.51,784.91,873.95,784.32,4.86,64.83,12.43,2.97,43.08,1.063,14.16,4.13,LANE_A,19109.0,-23.2,91.2,CRUISE_LOITER,0.55,6,150.0,-0.11,-0.32,18.07,0.12,-1.24,0.16,92.2,-0.43,0.05,-0.04,0.04,0.17,0.339,0.06,0.8805,1
35.0,5105.2,2100.9,72.7,85.83,88.4,103.47,87.78,780.5,784.46,877.7,787.33,4.77,64.91,12.3,2.96,42.99,1.067,14.06,3.94,LANE_A,19109.0,-23.2,91.2,CRUISE_LOITER,0.55,6,150.0,-0.06,0.01,18.08,-0.11,0.75,-0.29,95.95,2.58,-0.04,0.04,-0.09,0.08,0.343,-0.04,0.8899,1
35.050000000000004,5137.2,2114.1,73.2,85.83,88.47,103.48,88.15,780.54,786.02,876.49,784.38,4.88,64.64,12.39,3.02,42.9,1.087,14.09,3.91,LANE_A,19110.0,-23.2,91.2,CRUISE_LOITER,0.55,6,150.0,-0.06,0.08,18.09,0.26,0.79,1.27,94.74,-0.37,0.07,-0.23,0.0,0.0,0.363,-0.01,0.887,1
35.1,5139.7,2115.1,72.9,85.82,88.33,103.22,87.78,780.19,784.4,876.62,785.69,4.82,64.81,12.49,3.01,42.89,1.102,14.11,4.22,LANE_A,19111.0,-23.2,91.2,CRUISE_LOITER,0.55,6,150.0,-0.07,-0.06,17.83,-0.11,0.44,-0.35,94.87,0.94,0.01,-0.06,0.1,-0.01,0.378,0.01,0.8872,1
35.15,5137.7,2114.3,72.7,86.0,88.3,103.68,87.58,779.32,784.44,878.66,784.34,4.83,65.19,12.33,2.98,42.92,1.076,14.11,4.02,LANE_A,19112.0,-23.2,91.2,CRUISE_LOITER,0.55,6,150.0,0.11,-0.09,18.29,-0.31,-0.43,-0.31,96.91,-0.41,0.02,0.33,-0.06,0.02,0.352,0.01,0.8923,1
35.2,5143.0,2116.5,72.6,85.79,88.63,103.29,87.58,782.35,784.86,877.67,786.11,4.85,64.58,12.33,3.0,42.87,1.091,14.1,4.19,LANE_A,19113.0,-23.2,91.2,CRUISE_LOITER,0.55,6,150.0,-0.09,0.25,17.91,-0.3,2.6,0.11,95.92,1.36,0.04,-0.28,-0.06,-0.03,0.367,0.0,0.8897,1
35.25,5126.2,2109.5,73.4,86.0,88.47,103.39,87.91,782.28,784.61,875.19,782.61,4.83,64.75,12.35,2.99,42.9,1.073,14.1,4.18,LANE_A,19114.0,-23.2,91.2,CRUISE_LOITER,0.55,6,150.0,0.12,0.09,18.01,0.03,2.54,-0.13,93.45,-2.13,0.02,-0.11,-0.04,0.0,0.349,0.0,0.8837,1
35.300000000000004,5148.2,2118.6,73.1,85.45,88.36,103.37,87.98,779.72,786.42,876.91,786.96,4.83,64.79,12.3,2.97,43.0,1.063,14.09,4.08,LANE_A,19115.0,-23.2,91.2,CRUISE_LOITER,0.55,6,150.0,-0.43,-0.02,17.99,0.1,-0.02,1.68,95.17,2.22,0.02,-0.07,-0.09,0.1,0.339,-0.01,0.8879,1
35.35,5129.0,2110.7,73.1,85.83,88.35,103.44,87.9,779.71,785.24,875.72,785.85,4.79,64.8,12.38,3.0,43.28,1.094,14.14,3.99,LANE_A,19115.0,-23.2,91.2,CRUISE_LOITER,0.55,6,150.0,-0.05,-0.03,18.06,0.02,-0.03,0.5,93.98,1.11,-0.02,-0.05,-0.01,0.38,0.37,0.04,0.8851,1
35.4,5137.3,2114.1,73.3,85.99,88.42,103.06,87.55,780.03,784.34,877.7,785.3,4.83,64.82,12.49,2.98,43.01,1.036,14.1,3.94,LANE_A,19116.0,-23.2,91.3,CRUISE_LOITER,0.55,6,150.0,0.12,0.05,17.69,-0.32,0.29,-0.4,95.96,0.56,0.02,-0.03,0.1,0.11,0.312,0.0,0.8895,1
35.45,5119.9,2107.0,72.8,85.72,88.24,103.07,87.73,779.09,782.96,876.56,784.43,4.84,64.93,12.27,3.0,42.93,1.064,14.09,3.85,LANE_A,19117.0,-23.2,91.3,CRUISE_LOITER,0.55,6,150.0,-0.15,-0.13,17.7,-0.14,-0.65,-1.78,94.82,-0.31,0.03,0.08,-0.12,0.03,0.34,-0.01,0.8868,1
35.5,5149.6,2119.2,73.1,85.8,88.43,103.34,88.1,781.2,785.44,875.69,786.87,4.81,64.74,12.49,2.99,42.91,1.09,14.06,3.94,LANE_A,19118.0,-23.2,91.3,CRUISE_LOITER,0.55,6,150.0,-0.07,0.06,17.97,0.23,1.46,0.7,93.95,2.13,0.0,-0.11,0.1,0.02,0.366,-0.04,0.885,1
35.550000000000004,5133.7,2112.6,72.8,85.94,88.42,103.4,87.87,781.44,782.79,876.48,785.27,4.77,64.74,12.52,2.98,42.91,1.061,14.07,4.11,LANE_A,19119.0,-23.2,91.3,CRUISE_LOITER,0.55,6,150.0,0.07,0.05,18.03,0.0,1.7,-1.95,94.74,0.53,-0.04,-0.1,0.13,0.02,0.337,-0.03,0.8869,1
35.6,5151.8,2120.1,73.3,85.49,88.17,103.56,87.62,780.3,786.69,875.31,783.11,4.86,64.6,12.33,2.98,42.93,1.068,14.1,4.09,LANE_A,19120.0,-23.2,91.3,CRUISE_LOITER,0.55,6,150.0,-0.37,-0.19,18.2,-0.24,0.57,1.96,93.58,-1.62,0.05,-0.24,-0.06,0.04,0.344,0.0,0.8841,1
35.65,5147.6,2118.4,73.2,86.01,88.19,102.99,87.95,780.63,785.09,875.49,783.9,4.81,64.94,12.29,2.99,42.78,1.06,14.1,4.22,LANE_A,19121.0,-23.2,91.3,CRUISE_LOITER,0.55,6,150.0,0.15,-0.17,17.63,0.09,0.9,0.36,93.76,-0.83,0.0,0.1,-0.1,-0.11,0.336,0.0,0.8841,1
35.7,5121.4,2107.6,73.2,86.0,88.22,103.01,87.96,781.6,783.97,878.03,784.09,4.88,64.9,12.31,2.99,42.99,1.064,14.09,4.05,LANE_A,19121.0,-23.2,91.3,CRUISE_LOITER,0.55,6,150.0,0.14,-0.14,17.65,0.1,1.87,-0.76,96.3,-0.64,0.07,0.06,-0.08,0.1,0.34,-0.01,0.8904,1
35.75,5131.8,2111.9,73.0,85.79,88.55,103.09,87.99,779.58,785.17,877.4,786.39,4.8,65.05,12.67,3.02,42.83,1.073,14.1,3.98,LANE_A,19122.0,-23.2,91.3,CRUISE_LOITER,0.55,6,150.0,-0.07,0.19,17.73,0.13,-0.15,0.44,95.67,1.66,-0.01,0.21,0.28,-0.06,0.349,0.0,0.889,1
35.800000000000004,5155.4,2121.6,72.9,86.02,88.28,103.13,88.09,780.54,785.04,875.12,783.94,4.86,64.88,12.42,2.99,42.84,1.072,14.1,4.12,LANE_A,19123.0,-23.2,91.3,CRUISE_LOITER,0.55,6,150.0,0.17,-0.07,17.78,0.24,0.81,0.31,93.39,-0.79,0.05,0.05,0.03,-0.05,0.348,0.0,0.8833,1
35.85,5125.9,2109.4,73.1,86.05,88.39,103.33,87.78,776.38,785.19,878.14,783.38,4.83,64.54,12.26,2.99,42.92,1.073,14.11,4.24,LANE_A,19124.0,-23.2,91.3,CRUISE_LOITER,0.55,6,150.0,0.2,0.04,17.98,-0.07,-3.35,0.46,96.41,-1.35,0.02,-0.29,-0.13,0.03,0.349,0.01,0.8909,1
35.9,5128.5,2110.5,73.1,85.86,88.21,103.15,87.77,779.97,784.43,876.9,786.04,4.84,64.94,12.51,3.0,42.98,1.062,14.07,4.22,LANE_A,19125.0,-23.2,91.3,CRUISE_LOITER,0.55,6,150.0,0.01,-0.14,17.8,-0.08,0.24,-0.3,95.17,1.31,0.03,0.11,0.12,0.1,0.338,-0.03,0.8878,1
35.95,5130.1,2111.2,73.3,85.62,88.02,103.29,87.75,781.07,783.44,878.51,785.7,4.81,64.96,12.46,3.02,42.94,1.082,14.12,4.01,LANE_A,19126.0,-23.3,91.3,CRUISE_LOITER,0.55,6,150.0,-0.23,-0.33,17.94,-0.1,1.34,-1.29,96.78,0.97,0.0,0.13,0.07,0.06,0.358,0.02,0.8918,1
36.0,5132.7,2112.2,73.0,85.37,88.37,103.58,87.59,780.31,784.27,876.0,784.25,4.85,65.01,12.51,3.01,42.99,1.062,14.11,4.07,LANE_A,19127.0,-23.3,91.3,CRUISE_LOITER,0.55,6,150.0,-0.47,0.03,18.24,-0.25,0.59,-0.45,94.28,-0.47,0.04,0.19,0.13,0.11,0.338,0.01,0.8859,1
36.050000000000004,5146.2,2117.8,73.2,85.88,88.52,102.9,87.98,782.53,787.26,877.58,786.13,4.79,64.83,12.54,3.01,43.11,1.102,14.13,3.96,LANE_A,19127.0,-23.3,91.3,CRUISE_LOITER,0.55,6,150.0,0.04,0.18,17.56,0.14,2.81,2.54,95.86,1.41,-0.02,0.01,0.16,0.23,0.378,0.03,0.8894,1
36.1,5142.8,2116.4,72.9,85.7,88.39,103.42,88.07,778.54,785.41,877.05,784.96,4.8,65.18,12.38,2.98,42.88,1.076,14.07,3.8,LANE_A,19128.0,-23.3,91.3,CRUISE_LOITER,0.55,6,150.0,-0.14,0.05,18.08,0.23,-1.18,0.69,95.33,0.24,-0.01,0.36,0.0,0.0,0.352,-0.03,0.8884,1
36.15,5109.4,2102.6,73.3,86.13,88.41,103.43,88.08,780.26,785.29,877.96,784.67,4.78,64.8,12.37,3.0,42.94,1.082,14.1,4.23,LANE_A,19129.0,-23.3,91.3,CRUISE_LOITER,0.55,6,150.0,0.29,0.07,18.09,0.24,0.54,0.57,96.24,-0.05,-0.03,-0.02,-0.01,0.06,0.358,0.0,0.8906,1
36.2,5135.3,2113.3,73.0,85.92,88.33,103.14,87.66,779.39,785.58,876.63,784.67,4.82,64.78,12.41,3.02,42.93,1.039,14.09,3.86,LANE_A,19130.0,-23.3,91.3,CRUISE_LOITER,0.55,6,150.0,0.09,0.0,17.81,-0.17,-0.33,0.86,94.91,-0.05,0.01,-0.03,0.03,0.05,0.315,-0.01,0.887,1
36.25,5101.3,2099.3,73.3,85.81,88.32,103.45,87.62,779.84,786.02,876.56,782.87,4.81,64.87,12.35,2.98,42.71,1.094,14.13,4.1,LANE_A,19131.0,-23.3,91.3,CRUISE_LOITER,0.55,6,150.0,-0.02,-0.01,18.12,-0.21,0.12,1.3,94.84,-1.85,0.0,0.06,-0.03,-0.17,0.37,0.03,0.8873,1
36.300000000000004,5121.3,2107.5,72.8,85.84,88.39,103.45,88.11,778.93,785.34,877.65,783.71,4.8,65.02,12.38,2.99,42.85,1.057,14.08,4.0,LANE_A,19132.0,-23.3,91.3,CRUISE_LOITER,0.55,6,150.0,0.01,0.06,18.12,0.28,-0.79,0.62,95.93,-1.01,-0.01,0.21,0.0,-0.02,0.333,-0.02,0.8898,1
36.35,5124.5,2108.8,73.0,86.08,88.53,103.38,87.96,779.95,783.83,875.76,783.8,4.89,64.86,12.3,3.04,42.97,1.088,14.1,3.97,LANE_A,19133.0,-23.3,91.3,CRUISE_LOITER,0.55,6,150.0,0.25,0.2,18.05,0.13,0.23,-0.89,94.04,-0.92,0.08,0.05,-0.08,0.1,0.364,0.0,0.8852,1
36.4,5124.7,2108.9,72.8,86.07,88.3,103.17,87.85,779.49,782.18,880.3,784.01,4.78,64.8,12.31,3.0,43.02,1.061,14.09,4.02,LANE_A,19133.0,-23.3,91.3,CRUISE_LOITER,0.55,6,150.0,0.25,-0.02,17.85,0.03,-0.22,-2.53,98.59,-0.7,-0.03,0.0,-0.07,0.15,0.337,-0.01,0.8958,1
36.45,5143.3,2116.6,72.9,85.91,88.0,103.4,87.65,779.43,785.15,878.39,784.89,4.82,64.57,12.32,3.02,42.89,1.078,14.13,4.11,LANE_A,19134.0,-23.3,91.3,CRUISE_LOITER,0.55,6,150.0,0.09,-0.32,18.08,-0.17,-0.28,0.44,96.68,0.18,0.01,-0.23,-0.06,0.02,0.354,0.03,0.8916,1
36.5,5114.8,2104.9,73.3,85.69,88.23,103.48,88.0,777.84,785.13,875.42,783.27,4.84,64.81,12.39,3.01,42.74,1.092,14.09,4.03,LANE_A,19135.0,-23.3,91.3,CRUISE_LOITER,0.55,6,150.0,-0.13,-0.09,18.16,0.18,-1.87,0.42,93.71,-1.44,0.03,0.01,0.01,-0.13,0.368,-0.01,0.8845,1
36.550000000000004,5135.3,2113.3,73.2,85.74,88.22,103.46,88.14,781.17,785.46,875.52,785.46,4.81,65.01,12.28,3.04,42.85,1.102,14.09,4.01,LANE_A,19136.0,-23.3,91.3,CRUISE_LOITER,0.55,6,150.0,-0.08,-0.1,18.14,0.32,1.46,0.75,93.81,0.75,0.0,0.21,-0.1,-0.02,0.378,-0.01,0.8848,1
36.6,5127.9,2110.2,73.3,86.04,88.05,103.0,87.73,780.03,786.58,874.36,782.62,4.83,64.86,12.42,3.01,42.72,1.102,14.13,4.08,LANE_A,19137.0,-23.3,91.3,CRUISE_LOITER,0.55,6,150.0,0.23,-0.26,17.69,-0.08,0.32,1.87,92.65,-2.09,0.02,0.06,0.04,-0.15,0.378,0.03,0.8815,1
36.65,5129.4,2110.9,72.9,85.96,88.19,103.55,87.91,779.95,784.83,878.09,785.47,4.83,64.9,12.29,3.02,43.0,1.066,14.11,3.9,LANE_A,19138.0,-23.3,91.3,CRUISE_LOITER,0.55,6,150.0,0.15,-0.12,18.24,0.1,0.24,0.12,96.38,0.76,0.02,0.11,-0.09,0.13,0.342,0.01,0.891,1
36.7,5127.4,2110.0,73.3,85.82,88.56,103.01,87.81,778.53,784.06,877.74,785.45,4.8,65.0,12.38,2.99,42.99,1.062,14.12,4.01,LANE_A,19139.0,-23.3,91.3,CRUISE_LOITER,0.55,6,150.0,0.01,0.25,17.7,0.0,-1.18,-0.65,96.03,0.74,-0.01,0.21,0.0,0.12,0.338,0.02,0.8898,1
36.75,5114.6,2104.8,73.2,85.95,88.28,103.5,87.6,778.84,783.07,874.74,783.8,4.89,64.55,12.4,3.03,42.66,1.075,14.06,3.99,LANE_A,19140.0,-23.3,91.4,CRUISE_LOITER,0.55,6,150.0,0.14,-0.03,18.19,-0.21,-0.87,-1.64,93.03,-0.91,0.08,-0.24,0.02,-0.2,0.351,-0.04,0.8828,1
36.800000000000004,5132.6,2112.2,73.3,85.59,88.07,103.35,87.68,778.48,785.9,878.45,784.57,4.79,64.85,12.39,2.98,42.86,1.091,14.11,4.13,LANE_A,19140.0,-23.3,91.4,CRUISE_LOITER,0.55,6,150.0,-0.21,-0.23,18.05,-0.12,-1.22,1.2,96.75,-0.13,-0.02,0.06,0.01,0.0,0.367,0.01,0.8918,1
36.85,5121.2,2107.5,73.0,86.05,88.32,103.26,87.74,779.28,783.55,877.29,784.81,4.84,64.8,12.43,3.0,42.92,1.061,14.11,4.09,LANE_A,19141.0,-23.3,91.4,CRUISE_LOITER,0.55,6,150.0,0.25,0.02,17.96,-0.06,-0.42,-1.15,95.59,0.11,0.03,0.02,0.05,0.06,0.337,0.01,0.8889,1
36.9,5112.3,2103.8,73.3,85.77,88.36,103.07,87.96,780.88,785.17,876.06,784.78,4.86,64.91,12.51,3.0,42.81,1.081,14.08,3.96,LANE_A,19142.0,-23.3,91.4,CRUISE_LOITER,0.55,6,150.0,-0.03,0.06,17.77,0.16,1.18,0.47,94.36,0.08,0.05,0.13,0.13,-0.05,0.357,-0.02,0.8858,1
36.95,5115.5,2105.1,73.1,85.8,88.3,103.47,87.67,780.52,785.27,878.02,786.43,4.77,64.68,12.38,3.02,42.89,1.081,14.09,4.05,LANE_A,19143.0,-23.3,91.4,CRUISE_LOITER,0.55,6,150.0,0.0,0.0,18.17,-0.13,0.82,0.57,96.32,1.73,-0.04,-0.1,0.0,0.03,0.357,-0.01,0.8908,1
37.0,5106.9,2101.6,72.9,85.67,88.1,102.96,87.59,778.25,783.97,876.44,787.39,4.82,64.71,12.29,2.99,42.84,1.092,14.09,4.16,LANE_A,19144.0,-23.3,91.4,CRUISE_LOITER,0.55,6,150.0,-0.12,-0.19,17.67,-0.2,-1.45,-0.73,94.74,2.69,0.01,-0.07,-0.09,-0.02,0.368,-0.01,0.8867,1
37.050000000000004,5125.4,2109.2,72.9,85.68,88.24,103.09,88.18,778.24,786.38,878.46,783.05,4.83,64.62,12.37,2.99,42.72,1.066,14.09,4.17,LANE_A,19145.0,-23.3,91.4,CRUISE_LOITER,0.55,6,150.0,-0.11,-0.05,17.8,0.39,-1.46,1.68,96.76,-1.65,0.02,-0.15,-0.01,-0.14,0.342,-0.01,0.8916,1
37.1,5132.6,2112.2,72.9,85.94,88.2,103.25,87.79,779.1,786.52,877.38,783.4,4.79,64.55,12.45,3.03,42.79,1.105,14.08,4.09,LANE_A,19146.0,-23.3,91.4,CRUISE_LOITER,0.55,6,150.0,0.15,-0.09,17.96,0.0,-0.6,1.82,95.68,-1.3,-0.02,-0.22,0.07,-0.07,0.381,-0.02,0.8892,1
37.15,5121.4,2107.6,73.5,85.58,88.42,103.54,87.96,780.12,785.26,876.3,783.26,4.83,64.39,12.25,3.0,42.81,1.075,14.1,4.02,LANE_A,19146.0,-23.3,91.4,CRUISE_LOITER,0.55,6,150.0,-0.21,0.13,18.25,0.17,0.42,0.56,94.6,-1.44,0.02,-0.38,-0.13,-0.04,0.351,0.0,0.8867,1
37.2,5131.5,2111.7,72.8,85.79,88.36,103.37,88.0,779.83,786.78,876.22,784.26,4.88,64.72,12.34,3.01,42.94,1.084,14.1,4.21,LANE_A,19147.0,-23.3,91.4,CRUISE_LOITER,0.55,6,150.0,0.01,0.08,18.09,0.22,0.14,2.09,94.53,-0.43,0.07,-0.05,-0.04,0.09,0.36,0.0,0.8865,1
37.25,5134.3,2112.9,73.0,86.19,88.48,103.15,87.95,779.88,785.49,875.53,783.2,4.82,64.6,12.32,3.03,42.74,1.096,14.11,4.1,LANE_A,19148.0,-23.3,91.4,CRUISE_LOITER,0.55,6,150.0,0.41,0.2,17.87,0.17,0.19,0.8,93.84,-1.49,0.01,-0.16,-0.06,-0.11,0.372,0.01,0.8846,1
37.300000000000004,5123.1,2108.3,72.7,85.85,87.93,103.34,87.49,779.65,784.75,878.0,784.85,4.82,64.67,12.35,3.0,43.1,1.042,14.11,4.05,LANE_A,19149.0,-23.3,91.4,CRUISE_LOITER,0.55,6,150.0,0.07,-0.35,18.06,-0.29,-0.04,0.06,96.31,0.16,0.01,-0.09,-0.03,0.25,0.318,0.01,0.8906,1
37.35,5127.5,2110.1,73.1,85.73,88.03,103.26,87.81,777.57,786.01,877.02,784.2,4.78,64.79,12.48,2.99,42.61,1.078,14.13,3.88,LANE_A,19150.0,-23.3,91.4,CRUISE_LOITER,0.55,6,150.0,-0.05,-0.25,17.98,0.03,-2.12,1.32,95.33,-0.49,-0.03,0.03,0.1,-0.24,0.354,0.03,0.8883,1
37.4,5117.2,2105.8,72.6,85.77,88.29,103.5,88.02,779.74,786.84,875.37,785.74,4.84,64.82,12.47,3.0,42.97,1.06,14.1,4.02,LANE_A,19151.0,-23.3,91.4,CRUISE_LOITER,0.55,6,150.0,0.0,0.02,18.23,0.25,0.05,2.15,93.68,1.05,0.03,0.06,0.09,0.12,0.336,0.0,0.8844,1
37.45,5127.5,2110.1,72.7,85.78,88.51,103.07,87.75,779.71,784.03,876.8,783.66,4.85,64.43,12.32,2.99,43.05,1.059,14.07,4.17,LANE_A,19152.0,-23.3,91.4,CRUISE_LOITER,0.55,6,150.0,0.01,0.24,17.8,-0.02,0.02,-0.66,95.11,-1.03,0.04,-0.33,-0.06,0.2,0.335,-0.03,0.8876,1
37.5,5132.7,2112.2,73.1,85.79,88.02,103.09,87.83,779.88,785.16,875.69,784.32,4.79,65.02,12.36,2.96,43.04,1.064,14.1,3.98,LANE_A,19152.0,-23.3,91.4,CRUISE_LOITER,0.55,6,150.0,0.02,-0.25,17.82,0.06,0.19,0.47,94.0,-0.37,-0.02,0.27,-0.02,0.19,0.34,0.0,0.8849,1
37.550000000000004,5146.5,2117.9,73.1,86.03,88.02,102.98,87.75,778.25,782.77,874.65,784.01,4.8,64.8,12.45,2.97,42.9,1.082,14.1,4.01,LANE_A,19153.0,-23.3,91.4,CRUISE_LOITER,0.55,6,150.0,0.26,-0.25,17.71,-0.02,-1.43,-1.91,92.97,-0.67,-0.01,0.05,0.07,0.06,0.358,0.0,0.8823,1
37.6,5147.5,2118.3,72.6,85.78,88.31,103.46,87.96,780.64,784.16,876.95,783.31,4.82,64.42,12.51,2.99,42.91,1.09,14.11,4.19,LANE_A,19154.0,-23.3,91.4,CRUISE_LOITER,0.55,6,150.0,0.02,0.05,18.2,0.2,0.96,-0.52,95.27,-1.37,0.01,-0.33,0.13,0.07,0.366,0.01,0.8884,1
37.65,5131.0,2111.5,73.0,85.92,87.97,103.63,87.8,780.5,785.51,875.99,784.29,4.85,64.63,12.28,2.96,42.76,1.07,14.08,4.03,LANE_A,19155.0,-23.3,91.4,CRUISE_LOITER,0.55,6,150.0,0.16,-0.29,18.37,0.04,0.82,0.83,94.31,-0.39,0.04,-0.12,-0.1,-0.08,0.346,-0.02,0.8861,1
37.7,5138.5,2114.6,73.3,85.8,88.01,103.27,87.67,779.56,783.32,876.48,784.45,4.81,64.45,12.36,3.0,42.78,1.072,14.09,3.99,LANE_A,19156.0,-23.3,91.4,CRUISE_LOITER,0.55,6,150.0,0.04,-0.25,18.01,-0.09,-0.12,-1.36,94.8,-0.23,0.0,-0.29,-0.02,-0.06,0.348,-0.01,0.887,1
37.75,5157.8,2122.6,73.0,85.81,88.31,103.1,87.64,780.54,784.18,874.65,786.93,4.87,64.73,12.33,3.0,42.88,1.057,14.12,4.0,LANE_A,19157.0,-23.3,91.4,CRUISE_LOITER,0.55,6,150.0,0.05,0.05,17.84,-0.12,0.86,-0.5,92.97,2.25,0.06,-0.01,-0.05,0.04,0.333,0.02,0.8823,1
37.800000000000004,5129.3,2110.8,73.2,85.86,88.22,103.27,87.84,778.79,783.55,878.11,784.28,4.83,64.56,12.36,2.99,42.77,1.072,14.09,4.09,LANE_A,19158.0,-23.3,91.4,CRUISE_LOITER,0.55,6,150.0,0.11,-0.03,18.02,0.09,-0.89,-1.13,96.43,-0.4,0.02,-0.18,-0.02,-0.07,0.348,-0.01,0.891,1
37.85,5135.9,2113.5,73.4,85.57,88.16,103.27,87.78,776.81,783.94,875.34,783.85,4.85,64.82,12.33,3.02,43.08,1.044,14.12,4.16,LANE_A,19158.0,-23.3,91.4,CRUISE_LOITER,0.55,6,150.0,-0.18,-0.09,18.02,0.03,-2.87,-0.74,93.66,-0.83,0.04,0.08,-0.05,0.24,0.32,0.02,0.8841,1
37.9,5158.3,2122.8,73.2,85.55,88.28,103.31,88.0,778.98,786.98,878.63,784.32,4.82,64.63,12.33,3.02,42.83,1.078,14.1,3.88,LANE_A,19159.0,-23.3,91.4,CRUISE_LOITER,0.55,6,150.0,-0.2,0.03,18.06,0.25,-0.7,2.3,96.95,-0.36,0.01,-0.1,-0.05,-0.01,0.354,0.0,0.8922,1
37.95,5128.2,2110.4,73.0,85.75,88.35,102.97,87.56,779.61,784.35,877.44,785.39,4.83,64.6,12.42,3.01,42.82,1.052,14.1,4.09,LANE_A,19160.0,-23.3,91.4,CRUISE_LOITER,0.55,6,150.0,0.0,0.1,17.72,-0.19,-0.06,-0.32,95.77,0.72,0.02,-0.13,0.04,-0.02,0.328,0.0,0.8891,1
38.0,5143.7,2116.7,73.2,85.81,88.16,103.4,87.67,779.75,785.86,879.38,781.81,4.77,64.69,12.33,2.99,42.84,1.098,14.1,3.89,LANE_A,19161.0,-23.3,91.4,CRUISE_LOITER,0.55,6,150.0,0.07,-0.08,18.16,-0.07,0.08,1.19,97.71,-2.86,-0.04,-0.04,-0.04,0.01,0.374,0.0,0.8941,1
38.050000000000004,5146.0,2117.7,73.0,85.34,88.41,102.88,87.6,780.0,783.56,876.92,783.84,4.8,64.62,12.36,2.99,42.88,1.058,14.11,4.01,LANE_A,19162.0,-23.3,91.4,CRUISE_LOITER,0.55,6,150.0,-0.4,0.17,17.64,-0.14,0.33,-1.11,95.25,-0.83,-0.01,-0.11,-0.01,0.05,0.334,0.01,0.8878,1
38.1,5128.2,2110.4,72.8,85.47,88.05,103.44,87.75,778.76,784.73,875.41,783.77,4.83,64.89,12.45,3.0,42.86,1.081,14.11,3.9,LANE_A,19163.0,-23.3,91.5,CRUISE_LOITER,0.55,6,150.0,-0.27,-0.19,18.2,0.01,-0.91,0.06,93.74,-0.9,0.02,0.16,0.08,0.03,0.357,0.01,0.8845,1
38.15,5111.0,2103.3,73.1,85.36,88.03,103.07,87.58,779.64,783.02,875.42,785.52,4.88,64.76,12.29,3.0,42.87,1.067,14.12,4.03,LANE_A,19164.0,-23.3,91.5,CRUISE_LOITER,0.55,6,150.0,-0.38,-0.21,17.83,-0.16,-0.03,-1.65,93.75,0.85,0.07,0.04,-0.08,0.04,0.343,0.02,0.8843,1
38.2,5129.0,2110.7,73.3,85.52,88.0,102.88,87.72,777.83,784.43,874.31,783.2,4.83,64.68,12.29,3.0,42.91,1.099,14.1,4.22,LANE_A,19164.0,-23.3,91.5,CRUISE_LOITER,0.55,6,150.0,-0.21,-0.23,17.65,-0.01,-1.84,-0.24,92.64,-1.47,0.02,-0.04,-0.08,0.08,0.375,0.0,0.8814,1
38.25,5141.4,2115.8,73.2,85.8,88.36,103.22,87.51,780.85,783.5,877.46,785.29,4.82,64.45,12.39,3.0,42.77,1.076,14.08,3.97,LANE_A,19165.0,-23.3,91.5,CRUISE_LOITER,0.55,6,150.0,0.07,0.13,17.99,-0.22,1.18,-1.17,95.79,0.62,0.01,-0.27,0.02,-0.06,0.352,-0.02,0.8894,1
38.300000000000004,5136.1,2113.6,73.5,85.86,87.98,103.34,87.78,781.15,785.27,874.25,783.31,4.83,64.64,12.39,2.98,42.69,1.07,14.11,3.88,LANE_A,19166.0,-23.3,91.5,CRUISE_LOITER,0.55,6,150.0,0.13,-0.25,18.11,0.05,1.48,0.6,92.58,-1.36,0.02,-0.08,0.02,-0.14,0.346,0.01,0.8815,1
38.35,5130.9,2111.5,73.1,85.67,88.35,103.47,87.62,778.89,782.57,877.86,784.57,4.79,64.98,12.45,3.03,42.62,1.081,14.11,4.14,LANE_A,19167.0,-23.3,91.5,CRUISE_LOITER,0.55,6,150.0,-0.06,0.12,18.24,-0.11,-0.77,-2.09,96.2,-0.09,-0.02,0.27,0.08,-0.21,0.357,0.01,0.8906,1
38.400000000000006,5134.5,2113.0,73.5,85.81,88.39,103.22,87.81,778.19,782.69,878.9,784.68,4.78,64.76,12.3,3.0,42.96,1.103,14.1,3.93,LANE_A,19168.0,-23.3,91.5,CRUISE_LOITER,0.55,6,150.0,0.09,0.17,18.0,0.09,-1.47,-1.97,97.24,0.02,-0.03,0.05,-0.07,0.14,0.379,0.0,0.893,1
38.45,5118.7,2106.5,73.2,85.5,88.34,103.33,87.81,778.45,786.06,877.52,783.16,4.84,64.67,12.27,3.01,42.95,1.075,14.09,4.12,LANE_A,19169.0,-23.3,91.5,CRUISE_LOITER,0.55,6,150.0,-0.22,0.12,18.11,0.09,-1.21,1.4,95.86,-1.5,0.03,-0.04,-0.1,0.13,0.351,-0.01,0.8897,1
38.5,5137.7,2114.3,73.2,85.91,88.15,103.47,87.78,780.51,785.62,877.05,784.75,4.79,64.9,12.27,3.02,42.78,1.066,14.08,3.99,LANE_A,19170.0,-23.3,91.5,CRUISE_LOITER,0.55,6,150.0,0.19,-0.07,18.25,0.06,0.85,0.96,95.39,0.09,-0.02,0.19,-0.1,-0.04,0.342,-0.02,0.8886,1
38.550000000000004,5118.9,2106.5,73.3,85.7,88.19,103.25,87.87,779.76,784.62,878.6,783.86,4.83,64.97,12.51,3.0,42.88,1.076,14.1,4.02,LANE_A,19170.0,-23.3,91.5,CRUISE_LOITER,0.55,6,150.0,-0.02,-0.03,18.03,0.15,0.1,-0.04,96.94,-0.8,0.02,0.27,0.14,0.06,0.352,0.0,0.8922,1
38.6,5153.8,2120.9,73.1,85.88,88.23,103.23,87.53,779.62,784.15,876.24,785.14,4.78,64.99,12.48,2.99,42.78,1.073,14.1,4.05,LANE_A,19171.0,-23.3,91.5,CRUISE_LOITER,0.55,6,150.0,0.17,0.02,18.02,-0.18,-0.04,-0.51,94.58,0.48,-0.03,0.29,0.11,-0.04,0.349,0.0,0.8865,1
38.650000000000006,5131.6,2111.8,73.3,85.76,88.27,103.4,87.71,780.39,784.72,877.6,784.13,4.87,64.5,12.28,2.99,42.69,1.084,14.09,4.03,LANE_A,19172.0,-23.3,91.5,CRUISE_LOITER,0.55,6,150.0,0.05,0.06,18.19,0.0,0.73,0.06,95.94,-0.53,0.06,-0.2,-0.09,-0.13,0.36,-0.01,0.89,1
38.7,5129.8,2111.0,73.2,85.65,88.48,102.88,87.52,778.21,783.92,878.69,786.15,4.82,64.89,12.42,3.02,42.83,1.061,14.09,4.21,LANE_A,19173.0,-23.3,91.5,CRUISE_LOITER,0.55,6,150.0,-0.06,0.27,17.67,-0.19,-1.45,-0.74,97.03,1.49,0.01,0.19,0.05,0.01,0.337,-0.01,0.8921,1
38.75,5136.1,2113.6,73.0,85.66,87.9,103.28,87.59,781.26,785.7,875.15,785.76,4.81,64.71,12.32,3.01,43.11,1.083,14.08,4.02,LANE_A,19174.0,-23.3,91.5,CRUISE_LOITER,0.55,6,150.0,-0.05,-0.31,18.07,-0.12,1.61,1.05,93.5,1.11,0.0,0.02,-0.05,0.29,0.359,-0.02,0.8839,1
38.800000000000004,5127.2,2110.0,72.7,85.52,88.44,103.22,87.73,777.13,785.47,876.45,785.7,4.78,64.39,12.45,3.01,42.77,1.08,14.08,3.97,LANE_A,19175.0,-23.3,91.5,CRUISE_LOITER,0.55,6,150.0,-0.18,0.24,18.02,0.03,-2.52,0.82,94.8,1.05,-0.03,-0.3,0.08,-0.05,0.356,-0.02,0.8871,1
38.85,5135.1,2113.2,72.7,85.51,88.41,103.25,87.75,780.47,784.99,877.06,783.36,4.81,64.68,12.32,2.98,42.86,1.082,14.09,4.05,LANE_A,19176.0,-23.4,91.5,CRUISE_LOITER,0.55,6,150.0,-0.19,0.21,18.05,0.05,0.82,0.34,95.41,-1.29,0.0,-0.01,-0.05,0.05,0.358,-0.01,0.8886,1
38.900000000000006,5134.5,2113.0,73.2,85.63,88.16,103.17,87.59,781.1,784.19,876.16,784.59,4.83,64.53,12.41,3.03,42.92,1.092,14.12,4.03,LANE_A,19176.0,-23.4,91.5,CRUISE_LOITER,0.55,6,150.0,-0.07,-0.04,17.97,-0.11,1.45,-0.46,94.51,-0.06,0.02,-0.16,0.04,0.11,0.368,0.02,0.8863,1
38.95,5139.1,2114.9,73.0,85.82,87.9,103.09,87.91,780.7,786.04,877.01,784.83,4.85,64.6,12.31,3.0,42.75,1.074,14.13,4.17,LANE_A,19177.0,-23.4,91.5,CRUISE_LOITER,0.55,6,150.0,0.12,-0.3,17.89,0.21,1.05,1.39,95.36,0.18,0.04,-0.09,-0.06,-0.06,0.349,0.03,0.8883,1
39.0,5141.1,2115.7,72.9,85.37,88.17,103.09,87.8,779.97,784.15,877.3,785.35,4.85,64.82,12.34,2.99,42.73,1.072,14.08,4.12,LANE_A,19178.0,-23.4,91.5,CRUISE_LOITER,0.55,6,150.0,-0.32,-0.02,17.9,0.11,0.32,-0.5,95.65,0.7,0.04,0.14,-0.03,-0.08,0.347,-0.02,0.889,1
39.050000000000004,5140.4,2115.4,73.1,85.42,88.44,103.01,87.56,778.75,784.31,878.63,784.86,4.79,64.66,12.3,3.0,42.85,1.069,14.08,4.13,LANE_A,19179.0,-23.4,91.5,CRUISE_LOITER,0.55,6,150.0,-0.27,0.25,17.82,-0.13,-0.9,-0.34,96.98,0.21,-0.02,-0.02,-0.07,0.04,0.344,-0.02,0.8921,1
39.1,5126.3,2109.6,73.2,85.67,88.39,103.24,87.46,779.23,784.07,877.31,783.28,4.83,64.53,12.34,3.01,42.91,1.077,14.11,3.97,LANE_A,19180.0,-23.4,91.5,CRUISE_LOITER,0.55,6,150.0,-0.02,0.2,18.05,-0.23,-0.42,-0.58,95.66,-1.37,0.02,-0.15,-0.03,0.1,0.352,0.01,0.8892,1
39.150000000000006,5131.1,2111.6,73.0,86.11,88.1,103.18,87.47,781.29,785.17,875.34,784.82,4.83,64.69,12.49,3.0,42.83,1.07,14.12,3.84,LANE_A,19181.0,-23.4,91.5,CRUISE_LOITER,0.55,6,150.0,0.42,-0.09,17.99,-0.22,1.65,0.53,93.7,0.18,0.02,0.01,0.12,0.02,0.345,0.02,0.8843,1
39.2,5135.6,2113.4,73.2,85.39,88.11,103.26,87.86,779.42,786.26,874.91,786.33,4.75,64.63,12.22,3.01,42.76,1.086,14.07,4.09,LANE_A,19182.0,-23.4,91.5,CRUISE_LOITER,0.55,6,150.0,-0.29,-0.07,18.08,0.18,-0.22,1.62,93.27,1.69,-0.06,-0.04,-0.15,-0.05,0.361,-0.03,0.8833,1
39.25,5140.0,2115.2,73.2,85.64,88.27,102.9,87.55,778.3,786.77,875.0,785.52,4.89,64.81,12.18,3.0,42.8,1.088,14.09,4.03,LANE_A,19182.0,-23.4,91.5,CRUISE_LOITER,0.55,6,150.0,-0.04,0.09,17.72,-0.13,-1.34,2.13,93.36,0.88,0.08,0.14,-0.19,0.0,0.363,-0.01,0.8833,1
39.300000000000004,5126.4,2109.6,73.0,85.88,88.38,103.09,87.76,779.37,786.62,875.87,784.19,4.76,64.73,12.53,2.97,42.84,1.062,14.12,4.11,LANE_A,19183.0,-23.4,91.5,CRUISE_LOITER,0.55,6,150.0,0.2,0.2,17.91,0.08,-0.27,1.98,94.23,-0.45,-0.05,0.06,0.16,0.04,0.337,0.02,0.8855,1
39.35,5128.1,2110.3,73.3,85.68,88.31,102.85,87.57,780.39,784.27,880.44,782.76,4.78,64.59,12.34,3.0,42.56,1.067,14.08,4.05,LANE_A,19184.0,-23.4,91.5,CRUISE_LOITER,0.55,6,150.0,0.0,0.13,17.67,-0.11,0.75,-0.37,98.8,-1.88,-0.03,-0.08,-0.03,-0.24,0.342,-0.02,0.8962,1
39.400000000000006,5118.6,2106.4,72.8,85.46,88.29,103.05,87.7,779.34,784.97,876.53,787.22,4.85,64.47,12.31,2.98,42.76,1.077,14.09,4.07,LANE_A,19185.0,-23.4,91.5,CRUISE_LOITER,0.55,6,150.0,-0.21,0.12,17.88,0.03,-0.3,0.33,94.89,2.58,0.04,-0.19,-0.06,-0.04,0.352,-0.01,0.8872,1
39.45,5145.4,2117.4,73.3,85.81,88.08,102.69,87.71,780.28,785.76,875.65,782.0,4.81,64.64,12.3,2.97,42.87,1.085,14.1,3.89,LANE_A,19186.0,-23.4,91.5,CRUISE_LOITER,0.55,6,150.0,0.14,-0.09,17.52,0.04,0.64,1.12,94.01,-2.64,0.0,-0.02,-0.07,0.07,0.36,0.0,0.8848,1
39.5,5143.7,2116.7,73.3,85.46,87.88,103.24,87.75,782.47,785.24,877.2,784.58,4.86,64.93,12.42,2.98,42.74,1.062,14.09,4.14,LANE_A,19187.0,-23.4,91.6,CRUISE_LOITER,0.55,6,150.0,-0.21,-0.29,18.07,0.08,2.83,0.6,95.56,-0.06,0.05,0.27,0.05,-0.06,0.337,-0.01,0.8889,1
39.550000000000004,5147.9,2118.5,73.1,85.54,88.48,103.0,87.48,779.75,784.55,875.84,782.63,4.83,64.71,12.33,2.97,42.77,1.059,14.1,4.02,LANE_A,19188.0,-23.4,91.6,CRUISE_LOITER,0.55,6,150.0,-0.13,0.31,17.83,-0.19,0.12,-0.08,94.21,-2.0,0.02,0.05,-0.04,-0.03,0.334,0.0,0.8854,1
39.6,5111.5,2103.5,73.6,85.65,88.07,103.38,87.65,780.94,784.75,877.53,783.9,4.86,64.52,12.26,3.03,42.9,1.051,14.08,4.03,LANE_A,19188.0,-23.4,91.6,CRUISE_LOITER,0.55,6,150.0,-0.01,-0.09,18.22,-0.01,1.31,0.12,95.9,-0.73,0.05,-0.14,-0.11,0.1,0.326,-0.02,0.8898,1
39.650000000000006,5125.6,2109.3,73.2,85.95,87.93,103.37,87.31,782.08,787.57,877.02,786.77,4.8,64.52,12.42,2.98,42.91,1.055,14.12,4.03,LANE_A,19189.0,-23.4,91.6,CRUISE_LOITER,0.55,6,150.0,0.29,-0.23,18.21,-0.35,2.45,2.94,95.39,2.14,-0.01,-0.13,0.05,0.12,0.33,0.02,0.8886,1
39.7,5146.3,2117.8,73.2,85.6,88.05,103.22,87.56,777.77,784.23,877.9,784.48,4.81,64.64,12.23,3.01,42.76,1.093,14.07,4.07,LANE_A,19190.0,-23.4,91.6,CRUISE_LOITER,0.55,6,150.0,-0.06,-0.11,18.06,-0.1,-1.86,-0.4,96.27,-0.15,0.0,-0.01,-0.14,-0.03,0.368,-0.03,0.8907,1
39.75,5129.6,2110.9,73.0,85.68,87.93,103.19,87.68,780.34,785.44,876.57,784.28,4.82,64.59,12.28,3.0,42.99,1.078,14.07,3.95,LANE_A,19191.0,-23.4,91.6,CRUISE_LOITER,0.55,6,150.0,0.02,-0.23,18.03,0.02,0.71,0.81,94.94,-0.35,0.01,-0.06,-0.09,0.2,0.353,-0.03,0.8874,1
39.800000000000004,5132.5,2112.1,73.2,85.41,88.17,103.11,87.76,779.84,783.97,875.8,784.27,4.77,64.86,12.33,3.0,42.71,1.062,14.06,3.86,LANE_A,19192.0,-23.4,91.6,CRUISE_LOITER,0.55,6,150.0,-0.24,0.02,17.96,0.11,0.21,-0.66,94.17,-0.36,-0.04,0.21,-0.04,-0.08,0.337,-0.04,0.8854,1
39.85,5128.1,2110.3,72.9,85.54,88.18,102.75,87.58,780.73,784.07,873.14,784.26,4.88,64.45,12.43,3.01,42.74,1.072,14.09,3.85,LANE_A,19193.0,-23.4,91.6,CRUISE_LOITER,0.55,6,150.0,-0.11,0.03,17.6,-0.07,1.1,-0.56,91.51,-0.37,0.07,-0.19,0.06,-0.05,0.347,-0.01,0.8783,1
39.900000000000006,5120.3,2107.1,73.0,85.5,88.11,103.22,87.73,779.4,786.09,874.79,783.92,4.82,64.66,12.4,3.01,42.64,1.083,14.11,4.04,LANE_A,19194.0,-23.4,91.6,CRUISE_LOITER,0.55,6,150.0,-0.15,-0.04,18.07,0.08,-0.23,1.46,93.16,-0.71,0.01,0.02,0.03,-0.15,0.358,0.01,0.883,1
39.95,5141.3,2115.8,73.3,85.74,88.06,103.3,87.69,780.92,784.55,874.6,784.41,4.78,64.79,12.21,3.0,43.02,1.061,14.09,3.97,LANE_A,19194.0,-23.4,91.6,CRUISE_LOITER,0.55,6,150.0,0.09,-0.09,18.15,0.04,1.3,-0.07,92.98,-0.21,-0.03,0.15,-0.15,0.23,0.336,-0.01,0.8825,1
